emitter_role,emit_time_ns,run_id,condition_id,condition_label,service_type,transport,av_id,obu_id,rsu_id,request_id,session_id,intersection_id,source_id,sequence,network_load_level,qos_profile,mobility_state,clock_sync_state,accepted,service_success,vehicle_outcome_name,vehicle_outcome_value,vehicle_outcome_unit,frame_type,payload_bytes,client_send_ns,server_receive_ns,server_send_ns,client_receive_ns,rtt_ms,uplink_ms,server_ms,downlink_ms,detail
5g-receiver,1783021465179772082,edge4av-real-20260702-multiclient-scalability-run-4,p5g-scale-mqtt-payload-1024-clients-100,scale,guided-planning,mqtt,,veh-50,rsu-1,p5g-scale-mqtt-payload-1024-clients-100-veh-50-1,ipi-session-1,multiclient-scalability-run-4,veh-50,1,100-clients,default,stationary,unsynced,true,true,clients,100,count,IPI-CooperativeService,1096,1783021529954892213,1783021465179697828,1783021465179772082,,,,,,"CooperativeService{guidedPlanning, status=request, vehicleId=0x7665682d3530, requestedHorizonMs=2500, confidence=100, planning.waypoints=1, offloadTaskId=probe-1, offloadPayload=1024 bytes}"
5g-receiver,1783021465416524004,edge4av-real-20260702-multiclient-scalability-run-4,p5g-scale-mqtt-payload-1024-clients-100,scale,guided-planning,mqtt,,veh-50,rsu-1,p5g-scale-mqtt-payload-1024-clients-100-veh-50-2,ipi-session-1,multiclient-scalability-run-4,veh-50,2,100-clients,default,stationary,unsynced,true,true,clients,100,count,IPI-CooperativeService,1096,1783021530190968322,1783021465416467461,1783021465416524004,,,,,,"CooperativeService{guidedPlanning, status=request, vehicleId=0x7665682d3530, requestedHorizonMs=2500, confidence=100, planning.waypoints=1, offloadTaskId=probe-2, offloadPayload=1024 bytes}"
5g-receiver,1783021465690420158,edge4av-real-20260702-multiclient-scalability-run-4,p5g-scale-mqtt-payload-1024-clients-100,scale,guided-planning,mqtt,,veh-50,rsu-1,p5g-scale-mqtt-payload-1024-clients-100-veh-50-3,ipi-session-1,multiclient-scalability-run-4,veh-50,3,100-clients,default,stationary,unsynced,true,true,clients,100,count,IPI-CooperativeService,1096,1783021530430877564,1783021465690359382,1783021465690420158,,,,,,"CooperativeService{guidedPlanning, status=request, vehicleId=0x7665682d3530, requestedHorizonMs=2500, confidence=100, planning.waypoints=1, offloadTaskId=probe-3, offloadPayload=1024 bytes}"
5g-receiver,1783021465938708704,edge4av-real-20260702-multiclient-scalability-run-4,p5g-scale-mqtt-payload-1024-clients-100,scale,guided-planning,mqtt,,veh-50,rsu-1,p5g-scale-mqtt-payload-1024-clients-100-veh-50-4,ipi-session-1,multiclient-scalability-run-4,veh-50,4,100-clients,default,stationary,unsynced,true,true,clients,100,count,IPI-CooperativeService,1096,1783021530700815816,1783021465938641572,1783021465938708704,,,,,,"CooperativeService{guidedPlanning, status=request, vehicleId=0x7665682d3530, requestedHorizonMs=2500, confidence=100, planning.waypoints=1, offloadTaskId=probe-4, offloadPayload=1024 bytes}"
5g-receiver,1783021466167617687,edge4av-real-20260702-multiclient-scalability-run-4,p5g-scale-mqtt-payload-1024-clients-100,scale,guided-planning,mqtt,,veh-50,rsu-1,p5g-scale-mqtt-payload-1024-clients-100-veh-50-5,ipi-session-1,multiclient-scalability-run-4,veh-50,5,100-clients,default,stationary,unsynced,true,true,clients,100,count,IPI-CooperativeService,1096,1783021530951012826,1783021466167564543,1783021466167617687,,,,,,"CooperativeService{guidedPlanning, status=request, vehicleId=0x7665682d3530, requestedHorizonMs=2500, confidence=100, planning.waypoints=1, offloadTaskId=probe-5, offloadPayload=1024 bytes}"
5g-receiver,1783021466399634054,edge4av-real-20260702-multiclient-scalability-run-4,p5g-scale-mqtt-payload-1024-clients-100,scale,guided-planning,mqtt,,veh-50,rsu-1,p5g-scale-mqtt-payload-1024-clients-100-veh-50-6,ipi-session-1,multiclient-scalability-run-4,veh-50,6,100-clients,default,stationary,unsynced,true,true,clients,100,count,IPI-CooperativeService,1096,1783021531186877858,1783021466399580320,1783021466399634054,,,,,,"CooperativeService{guidedPlanning, status=request, vehicleId=0x7665682d3530, requestedHorizonMs=2500, confidence=100, planning.waypoints=1, offloadTaskId=probe-6, offloadPayload=1024 bytes}"
5g-receiver,1783021466629529451,edge4av-real-20260702-multiclient-scalability-run-4,p5g-scale-mqtt-payload-1024-clients-100,scale,guided-planning,mqtt,,veh-50,rsu-1,p5g-scale-mqtt-payload-1024-clients-100-veh-50-7,ipi-session-1,multiclient-scalability-run-4,veh-50,7,100-clients,default,stationary,unsynced,true,true,clients,100,count,IPI-CooperativeService,1096,1783021531410988311,1783021466629486583,1783021466629529451,,,,,,"CooperativeService{guidedPlanning, status=request, vehicleId=0x7665682d3530, requestedHorizonMs=2500, confidence=100, planning.waypoints=1, offloadTaskId=probe-7, offloadPayload=1024 bytes}"
5g-receiver,1783021466860862935,edge4av-real-20260702-multiclient-scalability-run-4,p5g-scale-mqtt-payload-1024-clients-100,scale,guided-planning,mqtt,,veh-50,rsu-1,p5g-scale-mqtt-payload-1024-clients-100-veh-50-8,ipi-session-1,multiclient-scalability-run-4,veh-50,8,100-clients,default,stationary,unsynced,true,true,clients,100,count,IPI-CooperativeService,1096,1783021531640522942,1783021466860809562,1783021466860862935,,,,,,"CooperativeService{guidedPlanning, status=request, vehicleId=0x7665682d3530, requestedHorizonMs=2500, confidence=100, planning.waypoints=1, offloadTaskId=probe-8, offloadPayload=1024 bytes}"
5g-receiver,1783021467090682880,edge4av-real-20260702-multiclient-scalability-run-4,p5g-scale-mqtt-payload-1024-clients-100,scale,guided-planning,mqtt,,veh-50,rsu-1,p5g-scale-mqtt-payload-1024-clients-100-veh-50-9,ipi-session-1,multiclient-scalability-run-4,veh-50,9,100-clients,default,stationary,unsynced,true,true,clients,100,count,IPI-CooperativeService,1096,1783021531871000311,1783021467090639260,1783021467090682880,,,,,,"CooperativeService{guidedPlanning, status=request, vehicleId=0x7665682d3530, requestedHorizonMs=2500, confidence=100, planning.waypoints=1, offloadTaskId=probe-9, offloadPayload=1024 bytes}"
5g-receiver,1783021467319982591,edge4av-real-20260702-multiclient-scalability-run-4,p5g-scale-mqtt-payload-1024-clients-100,scale,guided-planning,mqtt,,veh-50,rsu-1,p5g-scale-mqtt-payload-1024-clients-100-veh-50-10,ipi-session-1,multiclient-scalability-run-4,veh-50,10,100-clients,default,stationary,unsynced,true,true,clients,100,count,IPI-CooperativeService,1097,1783021532100807708,1783021467319925878,1783021467319982591,,,,,,"CooperativeService{guidedPlanning, status=request, vehicleId=0x7665682d3530, requestedHorizonMs=2500, confidence=100, planning.waypoints=1, offloadTaskId=probe-10, offloadPayload=1024 bytes}"
5g-receiver,1783021467560000432,edge4av-real-20260702-multiclient-scalability-run-4,p5g-scale-mqtt-payload-1024-clients-100,scale,guided-planning,mqtt,,veh-50,rsu-1,p5g-scale-mqtt-payload-1024-clients-100-veh-50-11,ipi-session-1,multiclient-scalability-run-4,veh-50,11,100-clients,default,stationary,unsynced,true,true,clients,100,count,IPI-CooperativeService,1097,1783021532331080114,1783021467559946601,1783021467560000432,,,,,,"CooperativeService{guidedPlanning, status=request, vehicleId=0x7665682d3530, requestedHorizonMs=2500, confidence=100, planning.waypoints=1, offloadTaskId=probe-11, offloadPayload=1024 bytes}"
5g-receiver,1783021467793834757,edge4av-real-20260702-multiclient-scalability-run-4,p5g-scale-mqtt-payload-1024-clients-100,scale,guided-planning,mqtt,,veh-50,rsu-1,p5g-scale-mqtt-payload-1024-clients-100-veh-50-12,ipi-session-1,multiclient-scalability-run-4,veh-50,12,100-clients,default,stationary,unsynced,true,true,clients,100,count,IPI-CooperativeService,1097,1783021532570957424,1783021467793791066,1783021467793834757,,,,,,"CooperativeService{guidedPlanning, status=request, vehicleId=0x7665682d3530, requestedHorizonMs=2500, confidence=100, planning.waypoints=1, offloadTaskId=probe-12, offloadPayload=1024 bytes}"
5g-receiver,1783021468032219962,edge4av-real-20260702-multiclient-scalability-run-4,p5g-scale-mqtt-payload-1024-clients-100,scale,guided-planning,mqtt,,veh-50,rsu-1,p5g-scale-mqtt-payload-1024-clients-100-veh-50-13,ipi-session-1,multiclient-scalability-run-4,veh-50,13,100-clients,default,stationary,unsynced,true,true,clients,100,count,IPI-CooperativeService,1097,1783021532804882125,1783021468032167579,1783021468032219962,,,,,,"CooperativeService{guidedPlanning, status=request, vehicleId=0x7665682d3530, requestedHorizonMs=2500, confidence=100, planning.waypoints=1, offloadTaskId=probe-13, offloadPayload=1024 bytes}"
5g-receiver,1783021468262145131,edge4av-real-20260702-multiclient-scalability-run-4,p5g-scale-mqtt-payload-1024-clients-100,scale,guided-planning,mqtt,,veh-50,rsu-1,p5g-scale-mqtt-payload-1024-clients-100-veh-50-14,ipi-session-1,multiclient-scalability-run-4,veh-50,14,100-clients,default,stationary,unsynced,true,true,clients,100,count,IPI-CooperativeService,1097,1783021533046989369,1783021468262101294,1783021468262145131,,,,,,"CooperativeService{guidedPlanning, status=request, vehicleId=0x7665682d3530, requestedHorizonMs=2500, confidence=100, planning.waypoints=1, offloadTaskId=probe-14, offloadPayload=1024 bytes}"
5g-receiver,1783021468492012998,edge4av-real-20260702-multiclient-scalability-run-4,p5g-scale-mqtt-payload-1024-clients-100,scale,guided-planning,mqtt,,veh-50,rsu-1,p5g-scale-mqtt-payload-1024-clients-100-veh-50-15,ipi-session-1,multiclient-scalability-run-4,veh-50,15,100-clients,default,stationary,unsynced,true,true,clients,100,count,IPI-CooperativeService,1097,1783021533272903264,1783021468491943086,1783021468492012998,,,,,,"CooperativeService{guidedPlanning, status=request, vehicleId=0x7665682d3530, requestedHorizonMs=2500, confidence=100, planning.waypoints=1, offloadTaskId=probe-15, offloadPayload=1024 bytes}"
5g-receiver,1783021468732917080,edge4av-real-20260702-multiclient-scalability-run-4,p5g-scale-mqtt-payload-1024-clients-100,scale,guided-planning,mqtt,,veh-50,rsu-1,p5g-scale-mqtt-payload-1024-clients-100-veh-50-16,ipi-session-1,multiclient-scalability-run-4,veh-50,16,100-clients,default,stationary,unsynced,true,true,clients,100,count,IPI-CooperativeService,1097,1783021533505050785,1783021468732874063,1783021468732917080,,,,,,"CooperativeService{guidedPlanning, status=request, vehicleId=0x7665682d3530, requestedHorizonMs=2500, confidence=100, planning.waypoints=1, offloadTaskId=probe-16, offloadPayload=1024 bytes}"
5g-receiver,1783021468963875889,edge4av-real-20260702-multiclient-scalability-run-4,p5g-scale-mqtt-payload-1024-clients-100,scale,guided-planning,mqtt,,veh-50,rsu-1,p5g-scale-mqtt-payload-1024-clients-100-veh-50-17,ipi-session-1,multiclient-scalability-run-4,veh-50,17,100-clients,default,stationary,unsynced,true,true,clients,100,count,IPI-CooperativeService,1097,1783021533744825523,1783021468963832697,1783021468963875889,,,,,,"CooperativeService{guidedPlanning, status=request, vehicleId=0x7665682d3530, requestedHorizonMs=2500, confidence=100, planning.waypoints=1, offloadTaskId=probe-17, offloadPayload=1024 bytes}"
5g-receiver,1783021469193037626,edge4av-real-20260702-multiclient-scalability-run-4,p5g-scale-mqtt-payload-1024-clients-100,scale,guided-planning,mqtt,,veh-50,rsu-1,p5g-scale-mqtt-payload-1024-clients-100-veh-50-18,ipi-session-1,multiclient-scalability-run-4,veh-50,18,100-clients,default,stationary,unsynced,true,true,clients,100,count,IPI-CooperativeService,1097,1783021533974873682,1783021469192983543,1783021469193037626,,,,,,"CooperativeService{guidedPlanning, status=request, vehicleId=0x7665682d3530, requestedHorizonMs=2500, confidence=100, planning.waypoints=1, offloadTaskId=probe-18, offloadPayload=1024 bytes}"
5g-receiver,1783021469422561769,edge4av-real-20260702-multiclient-scalability-run-4,p5g-scale-mqtt-payload-1024-clients-100,scale,guided-planning,mqtt,,veh-50,rsu-1,p5g-scale-mqtt-payload-1024-clients-100-veh-50-19,ipi-session-1,multiclient-scalability-run-4,veh-50,19,100-clients,default,stationary,unsynced,true,true,clients,100,count,IPI-CooperativeService,1097,1783021534204945007,1783021469422518699,1783021469422561769,,,,,,"CooperativeService{guidedPlanning, status=request, vehicleId=0x7665682d3530, requestedHorizonMs=2500, confidence=100, planning.waypoints=1, offloadTaskId=probe-19, offloadPayload=1024 bytes}"
5g-receiver,1783021469655805436,edge4av-real-20260702-multiclient-scalability-run-4,p5g-scale-mqtt-payload-1024-clients-100,scale,guided-planning,mqtt,,veh-50,rsu-1,p5g-scale-mqtt-payload-1024-clients-100-veh-50-20,ipi-session-1,multiclient-scalability-run-4,veh-50,20,100-clients,default,stationary,unsynced,true,true,clients,100,count,IPI-CooperativeService,1097,1783021534434897370,1783021469655751536,1783021469655805436,,,,,,"CooperativeService{guidedPlanning, status=request, vehicleId=0x7665682d3530, requestedHorizonMs=2500, confidence=100, planning.waypoints=1, offloadTaskId=probe-20, offloadPayload=1024 bytes}"
5g-receiver,1783021469894340111,edge4av-real-20260702-multiclient-scalability-run-4,p5g-scale-mqtt-payload-1024-clients-100,scale,guided-planning,mqtt,,veh-50,rsu-1,p5g-scale-mqtt-payload-1024-clients-100-veh-50-21,ipi-session-1,multiclient-scalability-run-4,veh-50,21,100-clients,default,stationary,unsynced,true,true,clients,100,count,IPI-CooperativeService,1097,1783021534670369859,1783021469894296686,1783021469894340111,,,,,,"CooperativeService{guidedPlanning, status=request, vehicleId=0x7665682d3530, requestedHorizonMs=2500, confidence=100, planning.waypoints=1, offloadTaskId=probe-21, offloadPayload=1024 bytes}"
5g-receiver,1783021470135839879,edge4av-real-20260702-multiclient-scalability-run-4,p5g-scale-mqtt-payload-1024-clients-100,scale,guided-planning,mqtt,,veh-50,rsu-1,p5g-scale-mqtt-payload-1024-clients-100-veh-50-22,ipi-session-1,multiclient-scalability-run-4,veh-50,22,100-clients,default,stationary,unsynced,true,true,clients,100,count,IPI-CooperativeService,1097,1783021534906942467,1783021470135795484,1783021470135839879,,,,,,"CooperativeService{guidedPlanning, status=request, vehicleId=0x7665682d3530, requestedHorizonMs=2500, confidence=100, planning.waypoints=1, offloadTaskId=probe-22, offloadPayload=1024 bytes}"
5g-receiver,1783021470369211288,edge4av-real-20260702-multiclient-scalability-run-4,p5g-scale-mqtt-payload-1024-clients-100,scale,guided-planning,mqtt,,veh-50,rsu-1,p5g-scale-mqtt-payload-1024-clients-100-veh-50-23,ipi-session-1,multiclient-scalability-run-4,veh-50,23,100-clients,default,stationary,unsynced,true,true,clients,100,count,IPI-CooperativeService,1097,1783021535146934723,1783021470369167927,1783021470369211288,,,,,,"CooperativeService{guidedPlanning, status=request, vehicleId=0x7665682d3530, requestedHorizonMs=2500, confidence=100, planning.waypoints=1, offloadTaskId=probe-23, offloadPayload=1024 bytes}"
5g-receiver,1783021470606847950,edge4av-real-20260702-multiclient-scalability-run-4,p5g-scale-mqtt-payload-1024-clients-100,scale,guided-planning,mqtt,,veh-50,rsu-1,p5g-scale-mqtt-payload-1024-clients-100-veh-50-24,ipi-session-1,multiclient-scalability-run-4,veh-50,24,100-clients,default,stationary,unsynced,true,true,clients,100,count,IPI-CooperativeService,1097,1783021535379048272,1783021470606793870,1783021470606847950,,,,,,"CooperativeService{guidedPlanning, status=request, vehicleId=0x7665682d3530, requestedHorizonMs=2500, confidence=100, planning.waypoints=1, offloadTaskId=probe-24, offloadPayload=1024 bytes}"
5g-receiver,1783021470845879046,edge4av-real-20260702-multiclient-scalability-run-4,p5g-scale-mqtt-payload-1024-clients-100,scale,guided-planning,mqtt,,veh-50,rsu-1,p5g-scale-mqtt-payload-1024-clients-100-veh-50-25,ipi-session-1,multiclient-scalability-run-4,veh-50,25,100-clients,default,stationary,unsynced,true,true,clients,100,count,IPI-CooperativeService,1097,1783021535620305767,1783021470845836354,1783021470845879046,,,,,,"CooperativeService{guidedPlanning, status=request, vehicleId=0x7665682d3530, requestedHorizonMs=2500, confidence=100, planning.waypoints=1, offloadTaskId=probe-25, offloadPayload=1024 bytes}"
5g-receiver,1783021471086005672,edge4av-real-20260702-multiclient-scalability-run-4,p5g-scale-mqtt-payload-1024-clients-100,scale,guided-planning,mqtt,,veh-50,rsu-1,p5g-scale-mqtt-payload-1024-clients-100-veh-50-26,ipi-session-1,multiclient-scalability-run-4,veh-50,26,100-clients,default,stationary,unsynced,true,true,clients,100,count,IPI-CooperativeService,1097,1783021535862902222,1783021471085954962,1783021471086005672,,,,,,"CooperativeService{guidedPlanning, status=request, vehicleId=0x7665682d3530, requestedHorizonMs=2500, confidence=100, planning.waypoints=1, offloadTaskId=probe-26, offloadPayload=1024 bytes}"
5g-receiver,1783021471317667890,edge4av-real-20260702-multiclient-scalability-run-4,p5g-scale-mqtt-payload-1024-clients-100,scale,guided-planning,mqtt,,veh-50,rsu-1,p5g-scale-mqtt-payload-1024-clients-100-veh-50-27,ipi-session-1,multiclient-scalability-run-4,veh-50,27,100-clients,default,stationary,unsynced,true,true,clients,100,count,IPI-CooperativeService,1097,1783021536100286603,1783021471317624728,1783021471317667890,,,,,,"CooperativeService{guidedPlanning, status=request, vehicleId=0x7665682d3530, requestedHorizonMs=2500, confidence=100, planning.waypoints=1, offloadTaskId=probe-27, offloadPayload=1024 bytes}"
5g-receiver,1783021471547544398,edge4av-real-20260702-multiclient-scalability-run-4,p5g-scale-mqtt-payload-1024-clients-100,scale,guided-planning,mqtt,,veh-50,rsu-1,p5g-scale-mqtt-payload-1024-clients-100-veh-50-28,ipi-session-1,multiclient-scalability-run-4,veh-50,28,100-clients,default,stationary,unsynced,true,true,clients,100,count,IPI-CooperativeService,1097,1783021536328145148,1783021471547478593,1783021471547544398,,,,,,"CooperativeService{guidedPlanning, status=request, vehicleId=0x7665682d3530, requestedHorizonMs=2500, confidence=100, planning.waypoints=1, offloadTaskId=probe-28, offloadPayload=1024 bytes}"
5g-receiver,1783021471788718833,edge4av-real-20260702-multiclient-scalability-run-4,p5g-scale-mqtt-payload-1024-clients-100,scale,guided-planning,mqtt,,veh-50,rsu-1,p5g-scale-mqtt-payload-1024-clients-100-veh-50-29,ipi-session-1,multiclient-scalability-run-4,veh-50,29,100-clients,default,stationary,unsynced,true,true,clients,100,count,IPI-CooperativeService,1097,1783021536566988657,1783021471788639005,1783021471788718833,,,,,,"CooperativeService{guidedPlanning, status=request, vehicleId=0x7665682d3530, requestedHorizonMs=2500, confidence=100, planning.waypoints=1, offloadTaskId=probe-29, offloadPayload=1024 bytes}"
5g-receiver,1783021472010525011,edge4av-real-20260702-multiclient-scalability-run-4,p5g-scale-mqtt-payload-1024-clients-100,scale,guided-planning,mqtt,,veh-50,rsu-1,p5g-scale-mqtt-payload-1024-clients-100-veh-50-30,ipi-session-1,multiclient-scalability-run-4,veh-50,30,100-clients,default,stationary,unsynced,true,true,clients,100,count,IPI-CooperativeService,1097,1783021536799036591,1783021472010467752,1783021472010525011,,,,,,"CooperativeService{guidedPlanning, status=request, vehicleId=0x7665682d3530, requestedHorizonMs=2500, confidence=100, planning.waypoints=1, offloadTaskId=probe-30, offloadPayload=1024 bytes}"
5g-receiver,1783021472239880561,edge4av-real-20260702-multiclient-scalability-run-4,p5g-scale-mqtt-payload-1024-clients-100,scale,guided-planning,mqtt,,veh-50,rsu-1,p5g-scale-mqtt-payload-1024-clients-100-veh-50-31,ipi-session-1,multiclient-scalability-run-4,veh-50,31,100-clients,default,stationary,unsynced,true,true,clients,100,count,IPI-CooperativeService,1097,1783021537018871682,1783021472239837077,1783021472239880561,,,,,,"CooperativeService{guidedPlanning, status=request, vehicleId=0x7665682d3530, requestedHorizonMs=2500, confidence=100, planning.waypoints=1, offloadTaskId=probe-31, offloadPayload=1024 bytes}"
5g-receiver,1783021472480850197,edge4av-real-20260702-multiclient-scalability-run-4,p5g-scale-mqtt-payload-1024-clients-100,scale,guided-planning,mqtt,,veh-50,rsu-1,p5g-scale-mqtt-payload-1024-clients-100-veh-50-32,ipi-session-1,multiclient-scalability-run-4,veh-50,32,100-clients,default,stationary,unsynced,true,true,clients,100,count,IPI-CooperativeService,1097,1783021537252318239,1783021472480776641,1783021472480850197,,,,,,"CooperativeService{guidedPlanning, status=request, vehicleId=0x7665682d3530, requestedHorizonMs=2500, confidence=100, planning.waypoints=1, offloadTaskId=probe-32, offloadPayload=1024 bytes}"
5g-receiver,1783021472722225585,edge4av-real-20260702-multiclient-scalability-run-4,p5g-scale-mqtt-payload-1024-clients-100,scale,guided-planning,mqtt,,veh-50,rsu-1,p5g-scale-mqtt-payload-1024-clients-100-veh-50-33,ipi-session-1,multiclient-scalability-run-4,veh-50,33,100-clients,default,stationary,unsynced,true,true,clients,100,count,IPI-CooperativeService,1097,1783021537490999631,1783021472722162551,1783021472722225585,,,,,,"CooperativeService{guidedPlanning, status=request, vehicleId=0x7665682d3530, requestedHorizonMs=2500, confidence=100, planning.waypoints=1, offloadTaskId=probe-33, offloadPayload=1024 bytes}"
5g-receiver,1783021472949974580,edge4av-real-20260702-multiclient-scalability-run-4,p5g-scale-mqtt-payload-1024-clients-100,scale,guided-planning,mqtt,,veh-50,rsu-1,p5g-scale-mqtt-payload-1024-clients-100-veh-50-34,ipi-session-1,multiclient-scalability-run-4,veh-50,34,100-clients,default,stationary,unsynced,true,true,clients,100,count,IPI-CooperativeService,1097,1783021537732906102,1783021472949931393,1783021472949974580,,,,,,"CooperativeService{guidedPlanning, status=request, vehicleId=0x7665682d3530, requestedHorizonMs=2500, confidence=100, planning.waypoints=1, offloadTaskId=probe-34, offloadPayload=1024 bytes}"
5g-receiver,1783021473181546392,edge4av-real-20260702-multiclient-scalability-run-4,p5g-scale-mqtt-payload-1024-clients-100,scale,guided-planning,mqtt,,veh-50,rsu-1,p5g-scale-mqtt-payload-1024-clients-100-veh-50-35,ipi-session-1,multiclient-scalability-run-4,veh-50,35,100-clients,default,stationary,unsynced,true,true,clients,100,count,IPI-CooperativeService,1097,1783021537960966013,1783021473181504158,1783021473181546392,,,,,,"CooperativeService{guidedPlanning, status=request, vehicleId=0x7665682d3530, requestedHorizonMs=2500, confidence=100, planning.waypoints=1, offloadTaskId=probe-35, offloadPayload=1024 bytes}"
5g-receiver,1783021473412072201,edge4av-real-20260702-multiclient-scalability-run-4,p5g-scale-mqtt-payload-1024-clients-100,scale,guided-planning,mqtt,,veh-50,rsu-1,p5g-scale-mqtt-payload-1024-clients-100-veh-50-36,ipi-session-1,multiclient-scalability-run-4,veh-50,36,100-clients,default,stationary,unsynced,true,true,clients,100,count,IPI-CooperativeService,1097,1783021538192897625,1783021473412029217,1783021473412072201,,,,,,"CooperativeService{guidedPlanning, status=request, vehicleId=0x7665682d3530, requestedHorizonMs=2500, confidence=100, planning.waypoints=1, offloadTaskId=probe-36, offloadPayload=1024 bytes}"
5g-receiver,1783021473651289568,edge4av-real-20260702-multiclient-scalability-run-4,p5g-scale-mqtt-payload-1024-clients-100,scale,guided-planning,mqtt,,veh-50,rsu-1,p5g-scale-mqtt-payload-1024-clients-100-veh-50-37,ipi-session-1,multiclient-scalability-run-4,veh-50,37,100-clients,default,stationary,unsynced,true,true,clients,100,count,IPI-CooperativeService,1097,1783021538424991334,1783021473651245345,1783021473651289568,,,,,,"CooperativeService{guidedPlanning, status=request, vehicleId=0x7665682d3530, requestedHorizonMs=2500, confidence=100, planning.waypoints=1, offloadTaskId=probe-37, offloadPayload=1024 bytes}"
5g-receiver,1783021473893923062,edge4av-real-20260702-multiclient-scalability-run-4,p5g-scale-mqtt-payload-1024-clients-100,scale,guided-planning,mqtt,,veh-50,rsu-1,p5g-scale-mqtt-payload-1024-clients-100-veh-50-38,ipi-session-1,multiclient-scalability-run-4,veh-50,38,100-clients,default,stationary,unsynced,true,true,clients,100,count,IPI-CooperativeService,1097,1783021538662959083,1783021473893879753,1783021473893923062,,,,,,"CooperativeService{guidedPlanning, status=request, vehicleId=0x7665682d3530, requestedHorizonMs=2500, confidence=100, planning.waypoints=1, offloadTaskId=probe-38, offloadPayload=1024 bytes}"
5g-receiver,1783021474142877472,edge4av-real-20260702-multiclient-scalability-run-4,p5g-scale-mqtt-payload-1024-clients-100,scale,guided-planning,mqtt,,veh-50,rsu-1,p5g-scale-mqtt-payload-1024-clients-100-veh-50-39,ipi-session-1,multiclient-scalability-run-4,veh-50,39,100-clients,default,stationary,unsynced,true,true,clients,100,count,IPI-CooperativeService,1097,1783021538904964212,1783021474142835415,1783021474142877472,,,,,,"CooperativeService{guidedPlanning, status=request, vehicleId=0x7665682d3530, requestedHorizonMs=2500, confidence=100, planning.waypoints=1, offloadTaskId=probe-39, offloadPayload=1024 bytes}"
5g-receiver,1783021474382868332,edge4av-real-20260702-multiclient-scalability-run-4,p5g-scale-mqtt-payload-1024-clients-100,scale,guided-planning,mqtt,,veh-50,rsu-1,p5g-scale-mqtt-payload-1024-clients-100-veh-50-40,ipi-session-1,multiclient-scalability-run-4,veh-50,40,100-clients,default,stationary,unsynced,true,true,clients,100,count,IPI-CooperativeService,1097,1783021539160201909,1783021474382825224,1783021474382868332,,,,,,"CooperativeService{guidedPlanning, status=request, vehicleId=0x7665682d3530, requestedHorizonMs=2500, confidence=100, planning.waypoints=1, offloadTaskId=probe-40, offloadPayload=1024 bytes}"
5g-receiver,1783021474633202897,edge4av-real-20260702-multiclient-scalability-run-4,p5g-scale-mqtt-payload-1024-clients-100,scale,guided-planning,mqtt,,veh-50,rsu-1,p5g-scale-mqtt-payload-1024-clients-100-veh-50-41,ipi-session-1,multiclient-scalability-run-4,veh-50,41,100-clients,default,stationary,unsynced,true,true,clients,100,count,IPI-CooperativeService,1097,1783021539394919300,1783021474633158538,1783021474633202897,,,,,,"CooperativeService{guidedPlanning, status=request, vehicleId=0x7665682d3530, requestedHorizonMs=2500, confidence=100, planning.waypoints=1, offloadTaskId=probe-41, offloadPayload=1024 bytes}"
5g-receiver,1783021474862304495,edge4av-real-20260702-multiclient-scalability-run-4,p5g-scale-mqtt-payload-1024-clients-100,scale,guided-planning,mqtt,,veh-50,rsu-1,p5g-scale-mqtt-payload-1024-clients-100-veh-50-42,ipi-session-1,multiclient-scalability-run-4,veh-50,42,100-clients,default,stationary,unsynced,true,true,clients,100,count,IPI-CooperativeService,1097,1783021539644914756,1783021474862261013,1783021474862304495,,,,,,"CooperativeService{guidedPlanning, status=request, vehicleId=0x7665682d3530, requestedHorizonMs=2500, confidence=100, planning.waypoints=1, offloadTaskId=probe-42, offloadPayload=1024 bytes}"
5g-receiver,1783021475093548428,edge4av-real-20260702-multiclient-scalability-run-4,p5g-scale-mqtt-payload-1024-clients-100,scale,guided-planning,mqtt,,veh-50,rsu-1,p5g-scale-mqtt-payload-1024-clients-100-veh-50-43,ipi-session-1,multiclient-scalability-run-4,veh-50,43,100-clients,default,stationary,unsynced,true,true,clients,100,count,IPI-CooperativeService,1097,1783021539874926459,1783021475093495253,1783021475093548428,,,,,,"CooperativeService{guidedPlanning, status=request, vehicleId=0x7665682d3530, requestedHorizonMs=2500, confidence=100, planning.waypoints=1, offloadTaskId=probe-43, offloadPayload=1024 bytes}"
5g-receiver,1783021475323697019,edge4av-real-20260702-multiclient-scalability-run-4,p5g-scale-mqtt-payload-1024-clients-100,scale,guided-planning,mqtt,,veh-50,rsu-1,p5g-scale-mqtt-payload-1024-clients-100-veh-50-44,ipi-session-1,multiclient-scalability-run-4,veh-50,44,100-clients,default,stationary,unsynced,true,true,clients,100,count,IPI-CooperativeService,1097,1783021540104954916,1783021475323653798,1783021475323697019,,,,,,"CooperativeService{guidedPlanning, status=request, vehicleId=0x7665682d3530, requestedHorizonMs=2500, confidence=100, planning.waypoints=1, offloadTaskId=probe-44, offloadPayload=1024 bytes}"
5g-receiver,1783021475553406180,edge4av-real-20260702-multiclient-scalability-run-4,p5g-scale-mqtt-payload-1024-clients-100,scale,guided-planning,mqtt,,veh-50,rsu-1,p5g-scale-mqtt-payload-1024-clients-100-veh-50-45,ipi-session-1,multiclient-scalability-run-4,veh-50,45,100-clients,default,stationary,unsynced,true,true,clients,100,count,IPI-CooperativeService,1097,1783021540342972374,1783021475553363663,1783021475553406180,,,,,,"CooperativeService{guidedPlanning, status=request, vehicleId=0x7665682d3530, requestedHorizonMs=2500, confidence=100, planning.waypoints=1, offloadTaskId=probe-45, offloadPayload=1024 bytes}"
5g-receiver,1783021475776840483,edge4av-real-20260702-multiclient-scalability-run-4,p5g-scale-mqtt-payload-1024-clients-100,scale,guided-planning,mqtt,,veh-50,rsu-1,p5g-scale-mqtt-payload-1024-clients-100-veh-50-46,ipi-session-1,multiclient-scalability-run-4,veh-50,46,100-clients,default,stationary,unsynced,true,true,clients,100,count,IPI-CooperativeService,1097,1783021540563007981,1783021475776777534,1783021475776840483,,,,,,"CooperativeService{guidedPlanning, status=request, vehicleId=0x7665682d3530, requestedHorizonMs=2500, confidence=100, planning.waypoints=1, offloadTaskId=probe-46, offloadPayload=1024 bytes}"
5g-receiver,1783021476016655440,edge4av-real-20260702-multiclient-scalability-run-4,p5g-scale-mqtt-payload-1024-clients-100,scale,guided-planning,mqtt,,veh-50,rsu-1,p5g-scale-mqtt-payload-1024-clients-100-veh-50-47,ipi-session-1,multiclient-scalability-run-4,veh-50,47,100-clients,default,stationary,unsynced,true,true,clients,100,count,IPI-CooperativeService,1097,1783021540786864792,1783021476016599188,1783021476016655440,,,,,,"CooperativeService{guidedPlanning, status=request, vehicleId=0x7665682d3530, requestedHorizonMs=2500, confidence=100, planning.waypoints=1, offloadTaskId=probe-47, offloadPayload=1024 bytes}"
5g-receiver,1783021476264570782,edge4av-real-20260702-multiclient-scalability-run-4,p5g-scale-mqtt-payload-1024-clients-100,scale,guided-planning,mqtt,,veh-50,rsu-1,p5g-scale-mqtt-payload-1024-clients-100-veh-50-48,ipi-session-1,multiclient-scalability-run-4,veh-50,48,100-clients,default,stationary,unsynced,true,true,clients,100,count,IPI-CooperativeService,1097,1783021541037031512,1783021476264513400,1783021476264570782,,,,,,"CooperativeService{guidedPlanning, status=request, vehicleId=0x7665682d3530, requestedHorizonMs=2500, confidence=100, planning.waypoints=1, offloadTaskId=probe-48, offloadPayload=1024 bytes}"
5g-receiver,1783021476507343266,edge4av-real-20260702-multiclient-scalability-run-4,p5g-scale-mqtt-payload-1024-clients-100,scale,guided-planning,mqtt,,veh-50,rsu-1,p5g-scale-mqtt-payload-1024-clients-100-veh-50-49,ipi-session-1,multiclient-scalability-run-4,veh-50,49,100-clients,default,stationary,unsynced,true,true,clients,100,count,IPI-CooperativeService,1097,1783021541277049933,1783021476507282049,1783021476507343266,,,,,,"CooperativeService{guidedPlanning, status=request, vehicleId=0x7665682d3530, requestedHorizonMs=2500, confidence=100, planning.waypoints=1, offloadTaskId=probe-49, offloadPayload=1024 bytes}"
5g-receiver,1783021476746816896,edge4av-real-20260702-multiclient-scalability-run-4,p5g-scale-mqtt-payload-1024-clients-100,scale,guided-planning,mqtt,,veh-50,rsu-1,p5g-scale-mqtt-payload-1024-clients-100-veh-50-50,ipi-session-1,multiclient-scalability-run-4,veh-50,50,100-clients,default,stationary,unsynced,true,true,clients,100,count,IPI-CooperativeService,1097,1783021541518980171,1783021476746773596,1783021476746816896,,,,,,"CooperativeService{guidedPlanning, status=request, vehicleId=0x7665682d3530, requestedHorizonMs=2500, confidence=100, planning.waypoints=1, offloadTaskId=probe-50, offloadPayload=1024 bytes}"
5g-receiver,1783021476987633040,edge4av-real-20260702-multiclient-scalability-run-4,p5g-scale-mqtt-payload-1024-clients-100,scale,guided-planning,mqtt,,veh-50,rsu-1,p5g-scale-mqtt-payload-1024-clients-100-veh-50-51,ipi-session-1,multiclient-scalability-run-4,veh-50,51,100-clients,default,stationary,unsynced,true,true,clients,100,count,IPI-CooperativeService,1097,1783021541762250470,1783021476987589988,1783021476987633040,,,,,,"CooperativeService{guidedPlanning, status=request, vehicleId=0x7665682d3530, requestedHorizonMs=2500, confidence=100, planning.waypoints=1, offloadTaskId=probe-51, offloadPayload=1024 bytes}"
5g-receiver,1783021477207910779,edge4av-real-20260702-multiclient-scalability-run-4,p5g-scale-mqtt-payload-1024-clients-100,scale,guided-planning,mqtt,,veh-50,rsu-1,p5g-scale-mqtt-payload-1024-clients-100-veh-50-52,ipi-session-1,multiclient-scalability-run-4,veh-50,52,100-clients,default,stationary,unsynced,true,true,clients,100,count,IPI-CooperativeService,1097,1783021541998889553,1783021477207866792,1783021477207910779,,,,,,"CooperativeService{guidedPlanning, status=request, vehicleId=0x7665682d3530, requestedHorizonMs=2500, confidence=100, planning.waypoints=1, offloadTaskId=probe-52, offloadPayload=1024 bytes}"
5g-receiver,1783021477449173110,edge4av-real-20260702-multiclient-scalability-run-4,p5g-scale-mqtt-payload-1024-clients-100,scale,guided-planning,mqtt,,veh-50,rsu-1,p5g-scale-mqtt-payload-1024-clients-100-veh-50-53,ipi-session-1,multiclient-scalability-run-4,veh-50,53,100-clients,default,stationary,unsynced,true,true,clients,100,count,IPI-CooperativeService,1097,1783021542227059192,1783021477449130152,1783021477449173110,,,,,,"CooperativeService{guidedPlanning, status=request, vehicleId=0x7665682d3530, requestedHorizonMs=2500, confidence=100, planning.waypoints=1, offloadTaskId=probe-53, offloadPayload=1024 bytes}"
5g-receiver,1783021477679057474,edge4av-real-20260702-multiclient-scalability-run-4,p5g-scale-mqtt-payload-1024-clients-100,scale,guided-planning,mqtt,,veh-50,rsu-1,p5g-scale-mqtt-payload-1024-clients-100-veh-50-54,ipi-session-1,multiclient-scalability-run-4,veh-50,54,100-clients,default,stationary,unsynced,true,true,clients,100,count,IPI-CooperativeService,1097,1783021542458931629,1783021477679014046,1783021477679057474,,,,,,"CooperativeService{guidedPlanning, status=request, vehicleId=0x7665682d3530, requestedHorizonMs=2500, confidence=100, planning.waypoints=1, offloadTaskId=probe-54, offloadPayload=1024 bytes}"
5g-receiver,1783021477910634641,edge4av-real-20260702-multiclient-scalability-run-4,p5g-scale-mqtt-payload-1024-clients-100,scale,guided-planning,mqtt,,veh-50,rsu-1,p5g-scale-mqtt-payload-1024-clients-100-veh-50-55,ipi-session-1,multiclient-scalability-run-4,veh-50,55,100-clients,default,stationary,unsynced,true,true,clients,100,count,IPI-CooperativeService,1097,1783021542691007455,1783021477910590747,1783021477910634641,,,,,,"CooperativeService{guidedPlanning, status=request, vehicleId=0x7665682d3530, requestedHorizonMs=2500, confidence=100, planning.waypoints=1, offloadTaskId=probe-55, offloadPayload=1024 bytes}"
5g-receiver,1783021478151036847,edge4av-real-20260702-multiclient-scalability-run-4,p5g-scale-mqtt-payload-1024-clients-100,scale,guided-planning,mqtt,,veh-50,rsu-1,p5g-scale-mqtt-payload-1024-clients-100-veh-50-56,ipi-session-1,multiclient-scalability-run-4,veh-50,56,100-clients,default,stationary,unsynced,true,true,clients,100,count,IPI-CooperativeService,1097,1783021542919140104,1783021478150993407,1783021478151036847,,,,,,"CooperativeService{guidedPlanning, status=request, vehicleId=0x7665682d3530, requestedHorizonMs=2500, confidence=100, planning.waypoints=1, offloadTaskId=probe-56, offloadPayload=1024 bytes}"
5g-receiver,1783021478381079829,edge4av-real-20260702-multiclient-scalability-run-4,p5g-scale-mqtt-payload-1024-clients-100,scale,guided-planning,mqtt,,veh-50,rsu-1,p5g-scale-mqtt-payload-1024-clients-100-veh-50-57,ipi-session-1,multiclient-scalability-run-4,veh-50,57,100-clients,default,stationary,unsynced,true,true,clients,100,count,IPI-CooperativeService,1097,1783021543161026430,1783021478381036658,1783021478381079829,,,,,,"CooperativeService{guidedPlanning, status=request, vehicleId=0x7665682d3530, requestedHorizonMs=2500, confidence=100, planning.waypoints=1, offloadTaskId=probe-57, offloadPayload=1024 bytes}"
5g-receiver,1783021478630511670,edge4av-real-20260702-multiclient-scalability-run-4,p5g-scale-mqtt-payload-1024-clients-100,scale,guided-planning,mqtt,,veh-50,rsu-1,p5g-scale-mqtt-payload-1024-clients-100-veh-50-58,ipi-session-1,multiclient-scalability-run-4,veh-50,58,100-clients,default,stationary,unsynced,true,true,clients,100,count,IPI-CooperativeService,1097,1783021543400530114,1783021478630459415,1783021478630511670,,,,,,"CooperativeService{guidedPlanning, status=request, vehicleId=0x7665682d3530, requestedHorizonMs=2500, confidence=100, planning.waypoints=1, offloadTaskId=probe-58, offloadPayload=1024 bytes}"
5g-receiver,1783021478861070658,edge4av-real-20260702-multiclient-scalability-run-4,p5g-scale-mqtt-payload-1024-clients-100,scale,guided-planning,mqtt,,veh-50,rsu-1,p5g-scale-mqtt-payload-1024-clients-100-veh-50-59,ipi-session-1,multiclient-scalability-run-4,veh-50,59,100-clients,default,stationary,unsynced,true,true,clients,100,count,IPI-CooperativeService,1097,1783021543643087518,1783021478861027137,1783021478861070658,,,,,,"CooperativeService{guidedPlanning, status=request, vehicleId=0x7665682d3530, requestedHorizonMs=2500, confidence=100, planning.waypoints=1, offloadTaskId=probe-59, offloadPayload=1024 bytes}"
5g-receiver,1783021479099984028,edge4av-real-20260702-multiclient-scalability-run-4,p5g-scale-mqtt-payload-1024-clients-100,scale,guided-planning,mqtt,,veh-50,rsu-1,p5g-scale-mqtt-payload-1024-clients-100-veh-50-60,ipi-session-1,multiclient-scalability-run-4,veh-50,60,100-clients,default,stationary,unsynced,true,true,clients,100,count,IPI-CooperativeService,1097,1783021543875081766,1783021479099933269,1783021479099984028,,,,,,"CooperativeService{guidedPlanning, status=request, vehicleId=0x7665682d3530, requestedHorizonMs=2500, confidence=100, planning.waypoints=1, offloadTaskId=probe-60, offloadPayload=1024 bytes}"
5g-receiver,1783021479331507680,edge4av-real-20260702-multiclient-scalability-run-4,p5g-scale-mqtt-payload-1024-clients-100,scale,guided-planning,mqtt,,veh-50,rsu-1,p5g-scale-mqtt-payload-1024-clients-100-veh-50-61,ipi-session-1,multiclient-scalability-run-4,veh-50,61,100-clients,default,stationary,unsynced,true,true,clients,100,count,IPI-CooperativeService,1097,1783021544112911445,1783021479331450459,1783021479331507680,,,,,,"CooperativeService{guidedPlanning, status=request, vehicleId=0x7665682d3530, requestedHorizonMs=2500, confidence=100, planning.waypoints=1, offloadTaskId=probe-61, offloadPayload=1024 bytes}"
5g-receiver,1783021479570763200,edge4av-real-20260702-multiclient-scalability-run-4,p5g-scale-mqtt-payload-1024-clients-100,scale,guided-planning,mqtt,,veh-50,rsu-1,p5g-scale-mqtt-payload-1024-clients-100-veh-50-62,ipi-session-1,multiclient-scalability-run-4,veh-50,62,100-clients,default,stationary,unsynced,true,true,clients,100,count,IPI-CooperativeService,1097,1783021544343131298,1783021479570719386,1783021479570763200,,,,,,"CooperativeService{guidedPlanning, status=request, vehicleId=0x7665682d3530, requestedHorizonMs=2500, confidence=100, planning.waypoints=1, offloadTaskId=probe-62, offloadPayload=1024 bytes}"
5g-receiver,1783021479811548815,edge4av-real-20260702-multiclient-scalability-run-4,p5g-scale-mqtt-payload-1024-clients-100,scale,guided-planning,mqtt,,veh-50,rsu-1,p5g-scale-mqtt-payload-1024-clients-100-veh-50-63,ipi-session-1,multiclient-scalability-run-4,veh-50,63,100-clients,default,stationary,unsynced,true,true,clients,100,count,IPI-CooperativeService,1097,1783021544590107395,1783021479811505245,1783021479811548815,,,,,,"CooperativeService{guidedPlanning, status=request, vehicleId=0x7665682d3530, requestedHorizonMs=2500, confidence=100, planning.waypoints=1, offloadTaskId=probe-63, offloadPayload=1024 bytes}"
5g-receiver,1783021480062925234,edge4av-real-20260702-multiclient-scalability-run-4,p5g-scale-mqtt-payload-1024-clients-100,scale,guided-planning,mqtt,,veh-50,rsu-1,p5g-scale-mqtt-payload-1024-clients-100-veh-50-64,ipi-session-1,multiclient-scalability-run-4,veh-50,64,100-clients,default,stationary,unsynced,true,true,clients,100,count,IPI-CooperativeService,1097,1783021544825031955,1783021480062859402,1783021480062925234,,,,,,"CooperativeService{guidedPlanning, status=request, vehicleId=0x7665682d3530, requestedHorizonMs=2500, confidence=100, planning.waypoints=1, offloadTaskId=probe-64, offloadPayload=1024 bytes}"
5g-receiver,1783021480292440715,edge4av-real-20260702-multiclient-scalability-run-4,p5g-scale-mqtt-payload-1024-clients-100,scale,guided-planning,mqtt,,veh-50,rsu-1,p5g-scale-mqtt-payload-1024-clients-100-veh-50-65,ipi-session-1,multiclient-scalability-run-4,veh-50,65,100-clients,default,stationary,unsynced,true,true,clients,100,count,IPI-CooperativeService,1097,1783021545074941559,1783021480292396896,1783021480292440715,,,,,,"CooperativeService{guidedPlanning, status=request, vehicleId=0x7665682d3530, requestedHorizonMs=2500, confidence=100, planning.waypoints=1, offloadTaskId=probe-65, offloadPayload=1024 bytes}"
5g-receiver,1783021480525180061,edge4av-real-20260702-multiclient-scalability-run-4,p5g-scale-mqtt-payload-1024-clients-100,scale,guided-planning,mqtt,,veh-50,rsu-1,p5g-scale-mqtt-payload-1024-clients-100-veh-50-66,ipi-session-1,multiclient-scalability-run-4,veh-50,66,100-clients,default,stationary,unsynced,true,true,clients,100,count,IPI-CooperativeService,1097,1783021545304971452,1783021480525136943,1783021480525180061,,,,,,"CooperativeService{guidedPlanning, status=request, vehicleId=0x7665682d3530, requestedHorizonMs=2500, confidence=100, planning.waypoints=1, offloadTaskId=probe-66, offloadPayload=1024 bytes}"
5g-receiver,1783021480764312561,edge4av-real-20260702-multiclient-scalability-run-4,p5g-scale-mqtt-payload-1024-clients-100,scale,guided-planning,mqtt,,veh-50,rsu-1,p5g-scale-mqtt-payload-1024-clients-100-veh-50-67,ipi-session-1,multiclient-scalability-run-4,veh-50,67,100-clients,default,stationary,unsynced,true,true,clients,100,count,IPI-CooperativeService,1097,1783021545537063782,1783021480764268985,1783021480764312561,,,,,,"CooperativeService{guidedPlanning, status=request, vehicleId=0x7665682d3530, requestedHorizonMs=2500, confidence=100, planning.waypoints=1, offloadTaskId=probe-67, offloadPayload=1024 bytes}"
5g-receiver,1783021480993367592,edge4av-real-20260702-multiclient-scalability-run-4,p5g-scale-mqtt-payload-1024-clients-100,scale,guided-planning,mqtt,,veh-50,rsu-1,p5g-scale-mqtt-payload-1024-clients-100-veh-50-68,ipi-session-1,multiclient-scalability-run-4,veh-50,68,100-clients,default,stationary,unsynced,true,true,clients,100,count,IPI-CooperativeService,1097,1783021545777049892,1783021480993274564,1783021480993367592,,,,,,"CooperativeService{guidedPlanning, status=request, vehicleId=0x7665682d3530, requestedHorizonMs=2500, confidence=100, planning.waypoints=1, offloadTaskId=probe-68, offloadPayload=1024 bytes}"
5g-receiver,1783021481223987669,edge4av-real-20260702-multiclient-scalability-run-4,p5g-scale-mqtt-payload-1024-clients-100,scale,guided-planning,mqtt,,veh-50,rsu-1,p5g-scale-mqtt-payload-1024-clients-100-veh-50-69,ipi-session-1,multiclient-scalability-run-4,veh-50,69,100-clients,default,stationary,unsynced,true,true,clients,100,count,IPI-CooperativeService,1097,1783021546007107547,1783021481223932534,1783021481223987669,,,,,,"CooperativeService{guidedPlanning, status=request, vehicleId=0x7665682d3530, requestedHorizonMs=2500, confidence=100, planning.waypoints=1, offloadTaskId=probe-69, offloadPayload=1024 bytes}"
5g-receiver,1783021481466703536,edge4av-real-20260702-multiclient-scalability-run-4,p5g-scale-mqtt-payload-1024-clients-100,scale,guided-planning,mqtt,,veh-50,rsu-1,p5g-scale-mqtt-payload-1024-clients-100-veh-50-70,ipi-session-1,multiclient-scalability-run-4,veh-50,70,100-clients,default,stationary,unsynced,true,true,clients,100,count,IPI-CooperativeService,1097,1783021546234973042,1783021481466659613,1783021481466703536,,,,,,"CooperativeService{guidedPlanning, status=request, vehicleId=0x7665682d3530, requestedHorizonMs=2500, confidence=100, planning.waypoints=1, offloadTaskId=probe-70, offloadPayload=1024 bytes}"
5g-receiver,1783021481704577040,edge4av-real-20260702-multiclient-scalability-run-4,p5g-scale-mqtt-payload-1024-clients-100,scale,guided-planning,mqtt,,veh-50,rsu-1,p5g-scale-mqtt-payload-1024-clients-100-veh-50-71,ipi-session-1,multiclient-scalability-run-4,veh-50,71,100-clients,default,stationary,unsynced,true,true,clients,100,count,IPI-CooperativeService,1097,1783021546483016004,1783021481704523723,1783021481704577040,,,,,,"CooperativeService{guidedPlanning, status=request, vehicleId=0x7665682d3530, requestedHorizonMs=2500, confidence=100, planning.waypoints=1, offloadTaskId=probe-71, offloadPayload=1024 bytes}"
5g-receiver,1783021481937062081,edge4av-real-20260702-multiclient-scalability-run-4,p5g-scale-mqtt-payload-1024-clients-100,scale,guided-planning,mqtt,,veh-50,rsu-1,p5g-scale-mqtt-payload-1024-clients-100-veh-50-72,ipi-session-1,multiclient-scalability-run-4,veh-50,72,100-clients,default,stationary,unsynced,true,true,clients,100,count,IPI-CooperativeService,1097,1783021546717070452,1783021481937018798,1783021481937062081,,,,,,"CooperativeService{guidedPlanning, status=request, vehicleId=0x7665682d3530, requestedHorizonMs=2500, confidence=100, planning.waypoints=1, offloadTaskId=probe-72, offloadPayload=1024 bytes}"
5g-receiver,1783021482175634593,edge4av-real-20260702-multiclient-scalability-run-4,p5g-scale-mqtt-payload-1024-clients-100,scale,guided-planning,mqtt,,veh-50,rsu-1,p5g-scale-mqtt-payload-1024-clients-100-veh-50-73,ipi-session-1,multiclient-scalability-run-4,veh-50,73,100-clients,default,stationary,unsynced,true,true,clients,100,count,IPI-CooperativeService,1097,1783021546951154913,1783021482175570521,1783021482175634593,,,,,,"CooperativeService{guidedPlanning, status=request, vehicleId=0x7665682d3530, requestedHorizonMs=2500, confidence=100, planning.waypoints=1, offloadTaskId=probe-73, offloadPayload=1024 bytes}"
5g-receiver,1783021482416946411,edge4av-real-20260702-multiclient-scalability-run-4,p5g-scale-mqtt-payload-1024-clients-100,scale,guided-planning,mqtt,,veh-50,rsu-1,p5g-scale-mqtt-payload-1024-clients-100-veh-50-74,ipi-session-1,multiclient-scalability-run-4,veh-50,74,100-clients,default,stationary,unsynced,true,true,clients,100,count,IPI-CooperativeService,1097,1783021547190907080,1783021482416875359,1783021482416946411,,,,,,"CooperativeService{guidedPlanning, status=request, vehicleId=0x7665682d3530, requestedHorizonMs=2500, confidence=100, planning.waypoints=1, offloadTaskId=probe-74, offloadPayload=1024 bytes}"
5g-receiver,1783021482657356722,edge4av-real-20260702-multiclient-scalability-run-4,p5g-scale-mqtt-payload-1024-clients-100,scale,guided-planning,mqtt,,veh-50,rsu-1,p5g-scale-mqtt-payload-1024-clients-100-veh-50-75,ipi-session-1,multiclient-scalability-run-4,veh-50,75,100-clients,default,stationary,unsynced,true,true,clients,100,count,IPI-CooperativeService,1097,1783021547431172810,1783021482657292788,1783021482657356722,,,,,,"CooperativeService{guidedPlanning, status=request, vehicleId=0x7665682d3530, requestedHorizonMs=2500, confidence=100, planning.waypoints=1, offloadTaskId=probe-75, offloadPayload=1024 bytes}"
5g-receiver,1783021482897154758,edge4av-real-20260702-multiclient-scalability-run-4,p5g-scale-mqtt-payload-1024-clients-100,scale,guided-planning,mqtt,,veh-50,rsu-1,p5g-scale-mqtt-payload-1024-clients-100-veh-50-76,ipi-session-1,multiclient-scalability-run-4,veh-50,76,100-clients,default,stationary,unsynced,true,true,clients,100,count,IPI-CooperativeService,1097,1783021547677017961,1783021482897111290,1783021482897154758,,,,,,"CooperativeService{guidedPlanning, status=request, vehicleId=0x7665682d3530, requestedHorizonMs=2500, confidence=100, planning.waypoints=1, offloadTaskId=probe-76, offloadPayload=1024 bytes}"
5g-receiver,1783021483128831009,edge4av-real-20260702-multiclient-scalability-run-4,p5g-scale-mqtt-payload-1024-clients-100,scale,guided-planning,mqtt,,veh-50,rsu-1,p5g-scale-mqtt-payload-1024-clients-100-veh-50-77,ipi-session-1,multiclient-scalability-run-4,veh-50,77,100-clients,default,stationary,unsynced,true,true,clients,100,count,IPI-CooperativeService,1097,1783021547915120654,1783021483128777735,1783021483128831009,,,,,,"CooperativeService{guidedPlanning, status=request, vehicleId=0x7665682d3530, requestedHorizonMs=2500, confidence=100, planning.waypoints=1, offloadTaskId=probe-77, offloadPayload=1024 bytes}"
5g-receiver,1783021483368711989,edge4av-real-20260702-multiclient-scalability-run-4,p5g-scale-mqtt-payload-1024-clients-100,scale,guided-planning,mqtt,,veh-50,rsu-1,p5g-scale-mqtt-payload-1024-clients-100-veh-50-78,ipi-session-1,multiclient-scalability-run-4,veh-50,78,100-clients,default,stationary,unsynced,true,true,clients,100,count,IPI-CooperativeService,1097,1783021548139197635,1783021483368634943,1783021483368711989,,,,,,"CooperativeService{guidedPlanning, status=request, vehicleId=0x7665682d3530, requestedHorizonMs=2500, confidence=100, planning.waypoints=1, offloadTaskId=probe-78, offloadPayload=1024 bytes}"
5g-receiver,1783021483617501360,edge4av-real-20260702-multiclient-scalability-run-4,p5g-scale-mqtt-payload-1024-clients-100,scale,guided-planning,mqtt,,veh-50,rsu-1,p5g-scale-mqtt-payload-1024-clients-100-veh-50-79,ipi-session-1,multiclient-scalability-run-4,veh-50,79,100-clients,default,stationary,unsynced,true,true,clients,100,count,IPI-CooperativeService,1097,1783021548381080571,1783021483617439740,1783021483617501360,,,,,,"CooperativeService{guidedPlanning, status=request, vehicleId=0x7665682d3530, requestedHorizonMs=2500, confidence=100, planning.waypoints=1, offloadTaskId=probe-79, offloadPayload=1024 bytes}"
5g-receiver,1783021483861812177,edge4av-real-20260702-multiclient-scalability-run-4,p5g-scale-mqtt-payload-1024-clients-100,scale,guided-planning,mqtt,,veh-50,rsu-1,p5g-scale-mqtt-payload-1024-clients-100-veh-50-80,ipi-session-1,multiclient-scalability-run-4,veh-50,80,100-clients,default,stationary,unsynced,true,true,clients,100,count,IPI-CooperativeService,1097,1783021548631034041,1783021483861769212,1783021483861812177,,,,,,"CooperativeService{guidedPlanning, status=request, vehicleId=0x7665682d3530, requestedHorizonMs=2500, confidence=100, planning.waypoints=1, offloadTaskId=probe-80, offloadPayload=1024 bytes}"
5g-receiver,1783021484111006898,edge4av-real-20260702-multiclient-scalability-run-4,p5g-scale-mqtt-payload-1024-clients-100,scale,guided-planning,mqtt,,veh-50,rsu-1,p5g-scale-mqtt-payload-1024-clients-100-veh-50-81,ipi-session-1,multiclient-scalability-run-4,veh-50,81,100-clients,default,stationary,unsynced,true,true,clients,100,count,IPI-CooperativeService,1097,1783021548873194927,1783021484110963718,1783021484111006898,,,,,,"CooperativeService{guidedPlanning, status=request, vehicleId=0x7665682d3530, requestedHorizonMs=2500, confidence=100, planning.waypoints=1, offloadTaskId=probe-81, offloadPayload=1024 bytes}"
5g-receiver,1783021484339245213,edge4av-real-20260702-multiclient-scalability-run-4,p5g-scale-mqtt-payload-1024-clients-100,scale,guided-planning,mqtt,,veh-50,rsu-1,p5g-scale-mqtt-payload-1024-clients-100-veh-50-82,ipi-session-1,multiclient-scalability-run-4,veh-50,82,100-clients,default,stationary,unsynced,true,true,clients,100,count,IPI-CooperativeService,1097,1783021549124983437,1783021484339188525,1783021484339245213,,,,,,"CooperativeService{guidedPlanning, status=request, vehicleId=0x7665682d3530, requestedHorizonMs=2500, confidence=100, planning.waypoints=1, offloadTaskId=probe-82, offloadPayload=1024 bytes}"
5g-receiver,1783021484581138535,edge4av-real-20260702-multiclient-scalability-run-4,p5g-scale-mqtt-payload-1024-clients-100,scale,guided-planning,mqtt,,veh-50,rsu-1,p5g-scale-mqtt-payload-1024-clients-100-veh-50-83,ipi-session-1,multiclient-scalability-run-4,veh-50,83,100-clients,default,stationary,unsynced,true,true,clients,100,count,IPI-CooperativeService,1097,1783021549355002233,1783021484581071154,1783021484581138535,,,,,,"CooperativeService{guidedPlanning, status=request, vehicleId=0x7665682d3530, requestedHorizonMs=2500, confidence=100, planning.waypoints=1, offloadTaskId=probe-83, offloadPayload=1024 bytes}"
5g-receiver,1783021484822237903,edge4av-real-20260702-multiclient-scalability-run-4,p5g-scale-mqtt-payload-1024-clients-100,scale,guided-planning,mqtt,,veh-50,rsu-1,p5g-scale-mqtt-payload-1024-clients-100-veh-50-84,ipi-session-1,multiclient-scalability-run-4,veh-50,84,100-clients,default,stationary,unsynced,true,true,clients,100,count,IPI-CooperativeService,1097,1783021549595153559,1783021484822194818,1783021484822237903,,,,,,"CooperativeService{guidedPlanning, status=request, vehicleId=0x7665682d3530, requestedHorizonMs=2500, confidence=100, planning.waypoints=1, offloadTaskId=probe-84, offloadPayload=1024 bytes}"
5g-receiver,1783021485062359053,edge4av-real-20260702-multiclient-scalability-run-4,p5g-scale-mqtt-payload-1024-clients-100,scale,guided-planning,mqtt,,veh-50,rsu-1,p5g-scale-mqtt-payload-1024-clients-100-veh-50-85,ipi-session-1,multiclient-scalability-run-4,veh-50,85,100-clients,default,stationary,unsynced,true,true,clients,100,count,IPI-CooperativeService,1097,1783021549835113630,1783021485062288354,1783021485062359053,,,,,,"CooperativeService{guidedPlanning, status=request, vehicleId=0x7665682d3530, requestedHorizonMs=2500, confidence=100, planning.waypoints=1, offloadTaskId=probe-85, offloadPayload=1024 bytes}"
5g-receiver,1783021485302025739,edge4av-real-20260702-multiclient-scalability-run-4,p5g-scale-mqtt-payload-1024-clients-100,scale,guided-planning,mqtt,,veh-50,rsu-1,p5g-scale-mqtt-payload-1024-clients-100-veh-50-86,ipi-session-1,multiclient-scalability-run-4,veh-50,86,100-clients,default,stationary,unsynced,true,true,clients,100,count,IPI-CooperativeService,1097,1783021550077049008,1783021485301982943,1783021485302025739,,,,,,"CooperativeService{guidedPlanning, status=request, vehicleId=0x7665682d3530, requestedHorizonMs=2500, confidence=100, planning.waypoints=1, offloadTaskId=probe-86, offloadPayload=1024 bytes}"
5g-receiver,1783021485554307141,edge4av-real-20260702-multiclient-scalability-run-4,p5g-scale-mqtt-payload-1024-clients-100,scale,guided-planning,mqtt,,veh-50,rsu-1,p5g-scale-mqtt-payload-1024-clients-100-veh-50-87,ipi-session-1,multiclient-scalability-run-4,veh-50,87,100-clients,default,stationary,unsynced,true,true,clients,100,count,IPI-CooperativeService,1097,1783021550317270658,1783021485554255977,1783021485554307141,,,,,,"CooperativeService{guidedPlanning, status=request, vehicleId=0x7665682d3530, requestedHorizonMs=2500, confidence=100, planning.waypoints=1, offloadTaskId=probe-87, offloadPayload=1024 bytes}"
5g-receiver,1783021485794674141,edge4av-real-20260702-multiclient-scalability-run-4,p5g-scale-mqtt-payload-1024-clients-100,scale,guided-planning,mqtt,,veh-50,rsu-1,p5g-scale-mqtt-payload-1024-clients-100-veh-50-88,ipi-session-1,multiclient-scalability-run-4,veh-50,88,100-clients,default,stationary,unsynced,true,true,clients,100,count,IPI-CooperativeService,1097,1783021550569125288,1783021485794614766,1783021485794674141,,,,,,"CooperativeService{guidedPlanning, status=request, vehicleId=0x7665682d3530, requestedHorizonMs=2500, confidence=100, planning.waypoints=1, offloadTaskId=probe-88, offloadPayload=1024 bytes}"
5g-receiver,1783021486035357719,edge4av-real-20260702-multiclient-scalability-run-4,p5g-scale-mqtt-payload-1024-clients-100,scale,guided-planning,mqtt,,veh-50,rsu-1,p5g-scale-mqtt-payload-1024-clients-100-veh-50-89,ipi-session-1,multiclient-scalability-run-4,veh-50,89,100-clients,default,stationary,unsynced,true,true,clients,100,count,IPI-CooperativeService,1097,1783021550811118202,1783021486035314871,1783021486035357719,,,,,,"CooperativeService{guidedPlanning, status=request, vehicleId=0x7665682d3530, requestedHorizonMs=2500, confidence=100, planning.waypoints=1, offloadTaskId=probe-89, offloadPayload=1024 bytes}"
5g-receiver,1783021486275999113,edge4av-real-20260702-multiclient-scalability-run-4,p5g-scale-mqtt-payload-1024-clients-100,scale,guided-planning,mqtt,,veh-50,rsu-1,p5g-scale-mqtt-payload-1024-clients-100-veh-50-90,ipi-session-1,multiclient-scalability-run-4,veh-50,90,100-clients,default,stationary,unsynced,true,true,clients,100,count,IPI-CooperativeService,1097,1783021551049117889,1783021486275956137,1783021486275999113,,,,,,"CooperativeService{guidedPlanning, status=request, vehicleId=0x7665682d3530, requestedHorizonMs=2500, confidence=100, planning.waypoints=1, offloadTaskId=probe-90, offloadPayload=1024 bytes}"
5g-receiver,1783021486513213764,edge4av-real-20260702-multiclient-scalability-run-4,p5g-scale-mqtt-payload-1024-clients-100,scale,guided-planning,mqtt,,veh-50,rsu-1,p5g-scale-mqtt-payload-1024-clients-100-veh-50-91,ipi-session-1,multiclient-scalability-run-4,veh-50,91,100-clients,default,stationary,unsynced,true,true,clients,100,count,IPI-CooperativeService,1097,1783021551285114587,1783021486513170530,1783021486513213764,,,,,,"CooperativeService{guidedPlanning, status=request, vehicleId=0x7665682d3530, requestedHorizonMs=2500, confidence=100, planning.waypoints=1, offloadTaskId=probe-91, offloadPayload=1024 bytes}"
5g-receiver,1783021486755217350,edge4av-real-20260702-multiclient-scalability-run-4,p5g-scale-mqtt-payload-1024-clients-100,scale,guided-planning,mqtt,,veh-50,rsu-1,p5g-scale-mqtt-payload-1024-clients-100-veh-50-92,ipi-session-1,multiclient-scalability-run-4,veh-50,92,100-clients,default,stationary,unsynced,true,true,clients,100,count,IPI-CooperativeService,1097,1783021551526928992,1783021486755174584,1783021486755217350,,,,,,"CooperativeService{guidedPlanning, status=request, vehicleId=0x7665682d3530, requestedHorizonMs=2500, confidence=100, planning.waypoints=1, offloadTaskId=probe-92, offloadPayload=1024 bytes}"
5g-receiver,1783021487005439280,edge4av-real-20260702-multiclient-scalability-run-4,p5g-scale-mqtt-payload-1024-clients-100,scale,guided-planning,mqtt,,veh-50,rsu-1,p5g-scale-mqtt-payload-1024-clients-100-veh-50-93,ipi-session-1,multiclient-scalability-run-4,veh-50,93,100-clients,default,stationary,unsynced,true,true,clients,100,count,IPI-CooperativeService,1097,1783021551771154960,1783021487005381778,1783021487005439280,,,,,,"CooperativeService{guidedPlanning, status=request, vehicleId=0x7665682d3530, requestedHorizonMs=2500, confidence=100, planning.waypoints=1, offloadTaskId=probe-93, offloadPayload=1024 bytes}"
5g-receiver,1783021487245760689,edge4av-real-20260702-multiclient-scalability-run-4,p5g-scale-mqtt-payload-1024-clients-100,scale,guided-planning,mqtt,,veh-50,rsu-1,p5g-scale-mqtt-payload-1024-clients-100-veh-50-94,ipi-session-1,multiclient-scalability-run-4,veh-50,94,100-clients,default,stationary,unsynced,true,true,clients,100,count,IPI-CooperativeService,1097,1783021552018978329,1783021487245717150,1783021487245760689,,,,,,"CooperativeService{guidedPlanning, status=request, vehicleId=0x7665682d3530, requestedHorizonMs=2500, confidence=100, planning.waypoints=1, offloadTaskId=probe-94, offloadPayload=1024 bytes}"
5g-receiver,1783021487497207643,edge4av-real-20260702-multiclient-scalability-run-4,p5g-scale-mqtt-payload-1024-clients-100,scale,guided-planning,mqtt,,veh-50,rsu-1,p5g-scale-mqtt-payload-1024-clients-100-veh-50-95,ipi-session-1,multiclient-scalability-run-4,veh-50,95,100-clients,default,stationary,unsynced,true,true,clients,100,count,IPI-CooperativeService,1097,1783021552261064983,1783021487497137442,1783021487497207643,,,,,,"CooperativeService{guidedPlanning, status=request, vehicleId=0x7665682d3530, requestedHorizonMs=2500, confidence=100, planning.waypoints=1, offloadTaskId=probe-95, offloadPayload=1024 bytes}"
5g-receiver,1783021487745225400,edge4av-real-20260702-multiclient-scalability-run-4,p5g-scale-mqtt-payload-1024-clients-100,scale,guided-planning,mqtt,,veh-50,rsu-1,p5g-scale-mqtt-payload-1024-clients-100-veh-50-96,ipi-session-1,multiclient-scalability-run-4,veh-50,96,100-clients,default,stationary,unsynced,true,true,clients,100,count,IPI-CooperativeService,1097,1783021552512968345,1783021487745174742,1783021487745225400,,,,,,"CooperativeService{guidedPlanning, status=request, vehicleId=0x7665682d3530, requestedHorizonMs=2500, confidence=100, planning.waypoints=1, offloadTaskId=probe-96, offloadPayload=1024 bytes}"
5g-receiver,1783021487990422907,edge4av-real-20260702-multiclient-scalability-run-4,p5g-scale-mqtt-payload-1024-clients-100,scale,guided-planning,mqtt,,veh-50,rsu-1,p5g-scale-mqtt-payload-1024-clients-100-veh-50-97,ipi-session-1,multiclient-scalability-run-4,veh-50,97,100-clients,default,stationary,unsynced,true,true,clients,100,count,IPI-CooperativeService,1097,1783021552759239524,1783021487990368962,1783021487990422907,,,,,,"CooperativeService{guidedPlanning, status=request, vehicleId=0x7665682d3530, requestedHorizonMs=2500, confidence=100, planning.waypoints=1, offloadTaskId=probe-97, offloadPayload=1024 bytes}"
5g-receiver,1783021488228278707,edge4av-real-20260702-multiclient-scalability-run-4,p5g-scale-mqtt-payload-1024-clients-100,scale,guided-planning,mqtt,,veh-50,rsu-1,p5g-scale-mqtt-payload-1024-clients-100-veh-50-98,ipi-session-1,multiclient-scalability-run-4,veh-50,98,100-clients,default,stationary,unsynced,true,true,clients,100,count,IPI-CooperativeService,1097,1783021553003099997,1783021488228235856,1783021488228278707,,,,,,"CooperativeService{guidedPlanning, status=request, vehicleId=0x7665682d3530, requestedHorizonMs=2500, confidence=100, planning.waypoints=1, offloadTaskId=probe-98, offloadPayload=1024 bytes}"
5g-receiver,1783021488470326738,edge4av-real-20260702-multiclient-scalability-run-4,p5g-scale-mqtt-payload-1024-clients-100,scale,guided-planning,mqtt,,veh-50,rsu-1,p5g-scale-mqtt-payload-1024-clients-100-veh-50-99,ipi-session-1,multiclient-scalability-run-4,veh-50,99,100-clients,default,stationary,unsynced,true,true,clients,100,count,IPI-CooperativeService,1097,1783021553243116805,1783021488470283064,1783021488470326738,,,,,,"CooperativeService{guidedPlanning, status=request, vehicleId=0x7665682d3530, requestedHorizonMs=2500, confidence=100, planning.waypoints=1, offloadTaskId=probe-99, offloadPayload=1024 bytes}"
5g-receiver,1783021488707557494,edge4av-real-20260702-multiclient-scalability-run-4,p5g-scale-mqtt-payload-1024-clients-100,scale,guided-planning,mqtt,,veh-50,rsu-1,p5g-scale-mqtt-payload-1024-clients-100-veh-50-100,ipi-session-1,multiclient-scalability-run-4,veh-50,100,100-clients,default,stationary,unsynced,true,true,clients,100,count,IPI-CooperativeService,1098,1783021553485259247,1783021488707499916,1783021488707557494,,,,,,"CooperativeService{guidedPlanning, status=request, vehicleId=0x7665682d3530, requestedHorizonMs=2500, confidence=100, planning.waypoints=1, offloadTaskId=probe-100, offloadPayload=1024 bytes}"
5g-receiver,1783021488948920282,edge4av-real-20260702-multiclient-scalability-run-4,p5g-scale-mqtt-payload-1024-clients-100,scale,guided-planning,mqtt,,veh-50,rsu-1,p5g-scale-mqtt-payload-1024-clients-100-veh-50-101,ipi-session-1,multiclient-scalability-run-4,veh-50,101,100-clients,default,stationary,unsynced,true,true,clients,100,count,IPI-CooperativeService,1098,1783021553721136908,1783021488948877194,1783021488948920282,,,,,,"CooperativeService{guidedPlanning, status=request, vehicleId=0x7665682d3530, requestedHorizonMs=2500, confidence=100, planning.waypoints=1, offloadTaskId=probe-101, offloadPayload=1024 bytes}"
5g-receiver,1783021489177586847,edge4av-real-20260702-multiclient-scalability-run-4,p5g-scale-mqtt-payload-1024-clients-100,scale,guided-planning,mqtt,,veh-50,rsu-1,p5g-scale-mqtt-payload-1024-clients-100-veh-50-102,ipi-session-1,multiclient-scalability-run-4,veh-50,102,100-clients,default,stationary,unsynced,true,true,clients,100,count,IPI-CooperativeService,1098,1783021553961141840,1783021489177539596,1783021489177586847,,,,,,"CooperativeService{guidedPlanning, status=request, vehicleId=0x7665682d3530, requestedHorizonMs=2500, confidence=100, planning.waypoints=1, offloadTaskId=probe-102, offloadPayload=1024 bytes}"
5g-receiver,1783021489430476597,edge4av-real-20260702-multiclient-scalability-run-4,p5g-scale-mqtt-payload-1024-clients-100,scale,guided-planning,mqtt,,veh-50,rsu-1,p5g-scale-mqtt-payload-1024-clients-100-veh-50-103,ipi-session-1,multiclient-scalability-run-4,veh-50,103,100-clients,default,stationary,unsynced,true,true,clients,100,count,IPI-CooperativeService,1098,1783021554195134527,1783021489430433602,1783021489430476597,,,,,,"CooperativeService{guidedPlanning, status=request, vehicleId=0x7665682d3530, requestedHorizonMs=2500, confidence=100, planning.waypoints=1, offloadTaskId=probe-103, offloadPayload=1024 bytes}"
5g-receiver,1783021489658702840,edge4av-real-20260702-multiclient-scalability-run-4,p5g-scale-mqtt-payload-1024-clients-100,scale,guided-planning,mqtt,,veh-50,rsu-1,p5g-scale-mqtt-payload-1024-clients-100-veh-50-104,ipi-session-1,multiclient-scalability-run-4,veh-50,104,100-clients,default,stationary,unsynced,true,true,clients,100,count,IPI-CooperativeService,1098,1783021554443263651,1783021489658660518,1783021489658702840,,,,,,"CooperativeService{guidedPlanning, status=request, vehicleId=0x7665682d3530, requestedHorizonMs=2500, confidence=100, planning.waypoints=1, offloadTaskId=probe-104, offloadPayload=1024 bytes}"
5g-receiver,1783021489899364773,edge4av-real-20260702-multiclient-scalability-run-4,p5g-scale-mqtt-payload-1024-clients-100,scale,guided-planning,mqtt,,veh-50,rsu-1,p5g-scale-mqtt-payload-1024-clients-100-veh-50-105,ipi-session-1,multiclient-scalability-run-4,veh-50,105,100-clients,default,stationary,unsynced,true,true,clients,100,count,IPI-CooperativeService,1098,1783021554675142292,1783021489899303354,1783021489899364773,,,,,,"CooperativeService{guidedPlanning, status=request, vehicleId=0x7665682d3530, requestedHorizonMs=2500, confidence=100, planning.waypoints=1, offloadTaskId=probe-105, offloadPayload=1024 bytes}"
5g-receiver,1783021490140759370,edge4av-real-20260702-multiclient-scalability-run-4,p5g-scale-mqtt-payload-1024-clients-100,scale,guided-planning,mqtt,,veh-50,rsu-1,p5g-scale-mqtt-payload-1024-clients-100-veh-50-106,ipi-session-1,multiclient-scalability-run-4,veh-50,106,100-clients,default,stationary,unsynced,true,true,clients,100,count,IPI-CooperativeService,1098,1783021554917263433,1783021490140664296,1783021490140759370,,,,,,"CooperativeService{guidedPlanning, status=request, vehicleId=0x7665682d3530, requestedHorizonMs=2500, confidence=100, planning.waypoints=1, offloadTaskId=probe-106, offloadPayload=1024 bytes}"
5g-receiver,1783021490381089477,edge4av-real-20260702-multiclient-scalability-run-4,p5g-scale-mqtt-payload-1024-clients-100,scale,guided-planning,mqtt,,veh-50,rsu-1,p5g-scale-mqtt-payload-1024-clients-100-veh-50-107,ipi-session-1,multiclient-scalability-run-4,veh-50,107,100-clients,default,stationary,unsynced,true,true,clients,100,count,IPI-CooperativeService,1098,1783021555153266984,1783021490381047487,1783021490381089477,,,,,,"CooperativeService{guidedPlanning, status=request, vehicleId=0x7665682d3530, requestedHorizonMs=2500, confidence=100, planning.waypoints=1, offloadTaskId=probe-107, offloadPayload=1024 bytes}"
5g-receiver,1783021490622012865,edge4av-real-20260702-multiclient-scalability-run-4,p5g-scale-mqtt-payload-1024-clients-100,scale,guided-planning,mqtt,,veh-50,rsu-1,p5g-scale-mqtt-payload-1024-clients-100-veh-50-108,ipi-session-1,multiclient-scalability-run-4,veh-50,108,100-clients,default,stationary,unsynced,true,true,clients,100,count,IPI-CooperativeService,1098,1783021555397191369,1783021490621949016,1783021490622012865,,,,,,"CooperativeService{guidedPlanning, status=request, vehicleId=0x7665682d3530, requestedHorizonMs=2500, confidence=100, planning.waypoints=1, offloadTaskId=probe-108, offloadPayload=1024 bytes}"
5g-receiver,1783021490885178141,edge4av-real-20260702-multiclient-scalability-run-4,p5g-scale-mqtt-payload-1024-clients-100,scale,guided-planning,mqtt,,veh-50,rsu-1,p5g-scale-mqtt-payload-1024-clients-100-veh-50-109,ipi-session-1,multiclient-scalability-run-4,veh-50,109,100-clients,default,stationary,unsynced,true,true,clients,100,count,IPI-CooperativeService,1098,1783021555644519979,1783021490885134485,1783021490885178141,,,,,,"CooperativeService{guidedPlanning, status=request, vehicleId=0x7665682d3530, requestedHorizonMs=2500, confidence=100, planning.waypoints=1, offloadTaskId=probe-109, offloadPayload=1024 bytes}"
5g-receiver,1783021491122173973,edge4av-real-20260702-multiclient-scalability-run-4,p5g-scale-mqtt-payload-1024-clients-100,scale,guided-planning,mqtt,,veh-50,rsu-1,p5g-scale-mqtt-payload-1024-clients-100-veh-50-110,ipi-session-1,multiclient-scalability-run-4,veh-50,110,100-clients,default,stationary,unsynced,true,true,clients,100,count,IPI-CooperativeService,1098,1783021555897143910,1783021491122130516,1783021491122173973,,,,,,"CooperativeService{guidedPlanning, status=request, vehicleId=0x7665682d3530, requestedHorizonMs=2500, confidence=100, planning.waypoints=1, offloadTaskId=probe-110, offloadPayload=1024 bytes}"
5g-receiver,1783021491364563849,edge4av-real-20260702-multiclient-scalability-run-4,p5g-scale-mqtt-payload-1024-clients-100,scale,guided-planning,mqtt,,veh-50,rsu-1,p5g-scale-mqtt-payload-1024-clients-100-veh-50-111,ipi-session-1,multiclient-scalability-run-4,veh-50,111,100-clients,default,stationary,unsynced,true,true,clients,100,count,IPI-CooperativeService,1098,1783021556133114153,1783021491364520715,1783021491364563849,,,,,,"CooperativeService{guidedPlanning, status=request, vehicleId=0x7665682d3530, requestedHorizonMs=2500, confidence=100, planning.waypoints=1, offloadTaskId=probe-111, offloadPayload=1024 bytes}"
5g-receiver,1783021491622266819,edge4av-real-20260702-multiclient-scalability-run-4,p5g-scale-mqtt-payload-1024-clients-100,scale,guided-planning,mqtt,,veh-50,rsu-1,p5g-scale-mqtt-payload-1024-clients-100-veh-50-112,ipi-session-1,multiclient-scalability-run-4,veh-50,112,100-clients,default,stationary,unsynced,true,true,clients,100,count,IPI-CooperativeService,1098,1783021556379184310,1783021491622199866,1783021491622266819,,,,,,"CooperativeService{guidedPlanning, status=request, vehicleId=0x7665682d3530, requestedHorizonMs=2500, confidence=100, planning.waypoints=1, offloadTaskId=probe-112, offloadPayload=1024 bytes}"
5g-receiver,1783021491904702050,edge4av-real-20260702-multiclient-scalability-run-4,p5g-scale-mqtt-payload-1024-clients-100,scale,guided-planning,mqtt,,veh-50,rsu-1,p5g-scale-mqtt-payload-1024-clients-100-veh-50-113,ipi-session-1,multiclient-scalability-run-4,veh-50,113,100-clients,default,stationary,unsynced,true,true,clients,100,count,IPI-CooperativeService,1098,1783021556674492568,1783021491904631175,1783021491904702050,,,,,,"CooperativeService{guidedPlanning, status=request, vehicleId=0x7665682d3530, requestedHorizonMs=2500, confidence=100, planning.waypoints=1, offloadTaskId=probe-113, offloadPayload=1024 bytes}"
5g-receiver,1783021492205624613,edge4av-real-20260702-multiclient-scalability-run-4,p5g-scale-mqtt-payload-1024-clients-100,scale,guided-planning,mqtt,,veh-50,rsu-1,p5g-scale-mqtt-payload-1024-clients-100-veh-50-114,ipi-session-1,multiclient-scalability-run-4,veh-50,114,100-clients,default,stationary,unsynced,true,true,clients,100,count,IPI-CooperativeService,1098,1783021556915229500,1783021492205582418,1783021492205624613,,,,,,"CooperativeService{guidedPlanning, status=request, vehicleId=0x7665682d3530, requestedHorizonMs=2500, confidence=100, planning.waypoints=1, offloadTaskId=probe-114, offloadPayload=1024 bytes}"
5g-receiver,1783021492452998010,edge4av-real-20260702-multiclient-scalability-run-4,p5g-scale-mqtt-payload-1024-clients-100,scale,guided-planning,mqtt,,veh-50,rsu-1,p5g-scale-mqtt-payload-1024-clients-100-veh-50-115,ipi-session-1,multiclient-scalability-run-4,veh-50,115,100-clients,default,stationary,unsynced,true,true,clients,100,count,IPI-CooperativeService,1098,1783021557215284036,1783021492452948778,1783021492452998010,,,,,,"CooperativeService{guidedPlanning, status=request, vehicleId=0x7665682d3530, requestedHorizonMs=2500, confidence=100, planning.waypoints=1, offloadTaskId=probe-115, offloadPayload=1024 bytes}"
5g-receiver,1783021492727558687,edge4av-real-20260702-multiclient-scalability-run-4,p5g-scale-mqtt-payload-1024-clients-100,scale,guided-planning,mqtt,,veh-50,rsu-1,p5g-scale-mqtt-payload-1024-clients-100-veh-50-116,ipi-session-1,multiclient-scalability-run-4,veh-50,116,100-clients,default,stationary,unsynced,true,true,clients,100,count,IPI-CooperativeService,1098,1783021557467178333,1783021492727495962,1783021492727558687,,,,,,"CooperativeService{guidedPlanning, status=request, vehicleId=0x7665682d3530, requestedHorizonMs=2500, confidence=100, planning.waypoints=1, offloadTaskId=probe-116, offloadPayload=1024 bytes}"
5g-receiver,1783021492975849090,edge4av-real-20260702-multiclient-scalability-run-4,p5g-scale-mqtt-payload-1024-clients-100,scale,guided-planning,mqtt,,veh-50,rsu-1,p5g-scale-mqtt-payload-1024-clients-100-veh-50-117,ipi-session-1,multiclient-scalability-run-4,veh-50,117,100-clients,default,stationary,unsynced,true,true,clients,100,count,IPI-CooperativeService,1098,1783021557741316872,1783021492975806433,1783021492975849090,,,,,,"CooperativeService{guidedPlanning, status=request, vehicleId=0x7665682d3530, requestedHorizonMs=2500, confidence=100, planning.waypoints=1, offloadTaskId=probe-117, offloadPayload=1024 bytes}"
5g-receiver,1783021493224846984,edge4av-real-20260702-multiclient-scalability-run-4,p5g-scale-mqtt-payload-1024-clients-100,scale,guided-planning,mqtt,,veh-50,rsu-1,p5g-scale-mqtt-payload-1024-clients-100-veh-50-118,ipi-session-1,multiclient-scalability-run-4,veh-50,118,100-clients,default,stationary,unsynced,true,true,clients,100,count,IPI-CooperativeService,1098,1783021557988284562,1783021493224803208,1783021493224846984,,,,,,"CooperativeService{guidedPlanning, status=request, vehicleId=0x7665682d3530, requestedHorizonMs=2500, confidence=100, planning.waypoints=1, offloadTaskId=probe-118, offloadPayload=1024 bytes}"
5g-receiver,1783021493477301985,edge4av-real-20260702-multiclient-scalability-run-4,p5g-scale-mqtt-payload-1024-clients-100,scale,guided-planning,mqtt,,veh-50,rsu-1,p5g-scale-mqtt-payload-1024-clients-100-veh-50-119,ipi-session-1,multiclient-scalability-run-4,veh-50,119,100-clients,default,stationary,unsynced,true,true,clients,100,count,IPI-CooperativeService,1098,1783021558245278290,1783021493477259092,1783021493477301985,,,,,,"CooperativeService{guidedPlanning, status=request, vehicleId=0x7665682d3530, requestedHorizonMs=2500, confidence=100, planning.waypoints=1, offloadTaskId=probe-119, offloadPayload=1024 bytes}"
5g-receiver,1783021493717460027,edge4av-real-20260702-multiclient-scalability-run-4,p5g-scale-mqtt-payload-1024-clients-100,scale,guided-planning,mqtt,,veh-50,rsu-1,p5g-scale-mqtt-payload-1024-clients-100-veh-50-120,ipi-session-1,multiclient-scalability-run-4,veh-50,120,100-clients,default,stationary,unsynced,true,true,clients,100,count,IPI-CooperativeService,1098,1783021558493072647,1783021493717417016,1783021493717460027,,,,,,"CooperativeService{guidedPlanning, status=request, vehicleId=0x7665682d3530, requestedHorizonMs=2500, confidence=100, planning.waypoints=1, offloadTaskId=probe-120, offloadPayload=1024 bytes}"
5g-receiver,1783021493956292034,edge4av-real-20260702-multiclient-scalability-run-4,p5g-scale-mqtt-payload-1024-clients-100,scale,guided-planning,mqtt,,veh-50,rsu-1,p5g-scale-mqtt-payload-1024-clients-100-veh-50-121,ipi-session-1,multiclient-scalability-run-4,veh-50,121,100-clients,default,stationary,unsynced,true,true,clients,100,count,IPI-CooperativeService,1098,1783021558729269618,1783021493956226769,1783021493956292034,,,,,,"CooperativeService{guidedPlanning, status=request, vehicleId=0x7665682d3530, requestedHorizonMs=2500, confidence=100, planning.waypoints=1, offloadTaskId=probe-121, offloadPayload=1024 bytes}"
5g-receiver,1783021494197051319,edge4av-real-20260702-multiclient-scalability-run-4,p5g-scale-mqtt-payload-1024-clients-100,scale,guided-planning,mqtt,,veh-50,rsu-1,p5g-scale-mqtt-payload-1024-clients-100-veh-50-122,ipi-session-1,multiclient-scalability-run-4,veh-50,122,100-clients,default,stationary,unsynced,true,true,clients,100,count,IPI-CooperativeService,1098,1783021558969197888,1783021494197001202,1783021494197051319,,,,,,"CooperativeService{guidedPlanning, status=request, vehicleId=0x7665682d3530, requestedHorizonMs=2500, confidence=100, planning.waypoints=1, offloadTaskId=probe-122, offloadPayload=1024 bytes}"
5g-receiver,1783021494448854092,edge4av-real-20260702-multiclient-scalability-run-4,p5g-scale-mqtt-payload-1024-clients-100,scale,guided-planning,mqtt,,veh-50,rsu-1,p5g-scale-mqtt-payload-1024-clients-100-veh-50-123,ipi-session-1,multiclient-scalability-run-4,veh-50,123,100-clients,default,stationary,unsynced,true,true,clients,100,count,IPI-CooperativeService,1098,1783021559213235541,1783021494448808040,1783021494448854092,,,,,,"CooperativeService{guidedPlanning, status=request, vehicleId=0x7665682d3530, requestedHorizonMs=2500, confidence=100, planning.waypoints=1, offloadTaskId=probe-123, offloadPayload=1024 bytes}"
5g-receiver,1783021494696619128,edge4av-real-20260702-multiclient-scalability-run-4,p5g-scale-mqtt-payload-1024-clients-100,scale,guided-planning,mqtt,,veh-50,rsu-1,p5g-scale-mqtt-payload-1024-clients-100-veh-50-124,ipi-session-1,multiclient-scalability-run-4,veh-50,124,100-clients,default,stationary,unsynced,true,true,clients,100,count,IPI-CooperativeService,1098,1783021559465089890,1783021494696552699,1783021494696619128,,,,,,"CooperativeService{guidedPlanning, status=request, vehicleId=0x7665682d3530, requestedHorizonMs=2500, confidence=100, planning.waypoints=1, offloadTaskId=probe-124, offloadPayload=1024 bytes}"
5g-receiver,1783021494948013821,edge4av-real-20260702-multiclient-scalability-run-4,p5g-scale-mqtt-payload-1024-clients-100,scale,guided-planning,mqtt,,veh-50,rsu-1,p5g-scale-mqtt-payload-1024-clients-100-veh-50-125,ipi-session-1,multiclient-scalability-run-4,veh-50,125,100-clients,default,stationary,unsynced,true,true,clients,100,count,IPI-CooperativeService,1098,1783021559715257464,1783021494947965060,1783021494948013821,,,,,,"CooperativeService{guidedPlanning, status=request, vehicleId=0x7665682d3530, requestedHorizonMs=2500, confidence=100, planning.waypoints=1, offloadTaskId=probe-125, offloadPayload=1024 bytes}"
5g-receiver,1783021495197717329,edge4av-real-20260702-multiclient-scalability-run-4,p5g-scale-mqtt-payload-1024-clients-100,scale,guided-planning,mqtt,,veh-50,rsu-1,p5g-scale-mqtt-payload-1024-clients-100-veh-50-126,ipi-session-1,multiclient-scalability-run-4,veh-50,126,100-clients,default,stationary,unsynced,true,true,clients,100,count,IPI-CooperativeService,1098,1783021559959249733,1783021495197644555,1783021495197717329,,,,,,"CooperativeService{guidedPlanning, status=request, vehicleId=0x7665682d3530, requestedHorizonMs=2500, confidence=100, planning.waypoints=1, offloadTaskId=probe-126, offloadPayload=1024 bytes}"
5g-receiver,1783021495429377544,edge4av-real-20260702-multiclient-scalability-run-4,p5g-scale-mqtt-payload-1024-clients-100,scale,guided-planning,mqtt,,veh-50,rsu-1,p5g-scale-mqtt-payload-1024-clients-100-veh-50-127,ipi-session-1,multiclient-scalability-run-4,veh-50,127,100-clients,default,stationary,unsynced,true,true,clients,100,count,IPI-CooperativeService,1098,1783021560215115486,1783021495429334248,1783021495429377544,,,,,,"CooperativeService{guidedPlanning, status=request, vehicleId=0x7665682d3530, requestedHorizonMs=2500, confidence=100, planning.waypoints=1, offloadTaskId=probe-127, offloadPayload=1024 bytes}"
5g-receiver,1783021495709123723,edge4av-real-20260702-multiclient-scalability-run-4,p5g-scale-mqtt-payload-1024-clients-100,scale,guided-planning,mqtt,,veh-50,rsu-1,p5g-scale-mqtt-payload-1024-clients-100-veh-50-128,ipi-session-1,multiclient-scalability-run-4,veh-50,128,100-clients,default,stationary,unsynced,true,true,clients,100,count,IPI-CooperativeService,1098,1783021560441289657,1783021495709080397,1783021495709123723,,,,,,"CooperativeService{guidedPlanning, status=request, vehicleId=0x7665682d3530, requestedHorizonMs=2500, confidence=100, planning.waypoints=1, offloadTaskId=probe-128, offloadPayload=1024 bytes}"
5g-receiver,1783021495960863952,edge4av-real-20260702-multiclient-scalability-run-4,p5g-scale-mqtt-payload-1024-clients-100,scale,guided-planning,mqtt,,veh-50,rsu-1,p5g-scale-mqtt-payload-1024-clients-100-veh-50-129,ipi-session-1,multiclient-scalability-run-4,veh-50,129,100-clients,default,stationary,unsynced,true,true,clients,100,count,IPI-CooperativeService,1098,1783021560721222570,1783021495960820229,1783021495960863952,,,,,,"CooperativeService{guidedPlanning, status=request, vehicleId=0x7665682d3530, requestedHorizonMs=2500, confidence=100, planning.waypoints=1, offloadTaskId=probe-129, offloadPayload=1024 bytes}"
5g-receiver,1783021496200169839,edge4av-real-20260702-multiclient-scalability-run-4,p5g-scale-mqtt-payload-1024-clients-100,scale,guided-planning,mqtt,,veh-50,rsu-1,p5g-scale-mqtt-payload-1024-clients-100-veh-50-130,ipi-session-1,multiclient-scalability-run-4,veh-50,130,100-clients,default,stationary,unsynced,true,true,clients,100,count,IPI-CooperativeService,1098,1783021560971227189,1783021496200126443,1783021496200169839,,,,,,"CooperativeService{guidedPlanning, status=request, vehicleId=0x7665682d3530, requestedHorizonMs=2500, confidence=100, planning.waypoints=1, offloadTaskId=probe-130, offloadPayload=1024 bytes}"
5g-receiver,1783021496429475706,edge4av-real-20260702-multiclient-scalability-run-4,p5g-scale-mqtt-payload-1024-clients-100,scale,guided-planning,mqtt,,veh-50,rsu-1,p5g-scale-mqtt-payload-1024-clients-100-veh-50-131,ipi-session-1,multiclient-scalability-run-4,veh-50,131,100-clients,default,stationary,unsynced,true,true,clients,100,count,IPI-CooperativeService,1098,1783021561213221595,1783021496429432601,1783021496429475706,,,,,,"CooperativeService{guidedPlanning, status=request, vehicleId=0x7665682d3530, requestedHorizonMs=2500, confidence=100, planning.waypoints=1, offloadTaskId=probe-131, offloadPayload=1024 bytes}"
5g-receiver,1783021496655733310,edge4av-real-20260702-multiclient-scalability-run-4,p5g-scale-mqtt-payload-1024-clients-100,scale,guided-planning,mqtt,,veh-50,rsu-1,p5g-scale-mqtt-payload-1024-clients-100-veh-50-132,ipi-session-1,multiclient-scalability-run-4,veh-50,132,100-clients,default,stationary,unsynced,true,true,clients,100,count,IPI-CooperativeService,1098,1783021561441138286,1783021496655690425,1783021496655733310,,,,,,"CooperativeService{guidedPlanning, status=request, vehicleId=0x7665682d3530, requestedHorizonMs=2500, confidence=100, planning.waypoints=1, offloadTaskId=probe-132, offloadPayload=1024 bytes}"
5g-receiver,1783021496892524892,edge4av-real-20260702-multiclient-scalability-run-4,p5g-scale-mqtt-payload-1024-clients-100,scale,guided-planning,mqtt,,veh-50,rsu-1,p5g-scale-mqtt-payload-1024-clients-100-veh-50-133,ipi-session-1,multiclient-scalability-run-4,veh-50,133,100-clients,default,stationary,unsynced,true,true,clients,100,count,IPI-CooperativeService,1098,1783021561669030464,1783021496892481588,1783021496892524892,,,,,,"CooperativeService{guidedPlanning, status=request, vehicleId=0x7665682d3530, requestedHorizonMs=2500, confidence=100, planning.waypoints=1, offloadTaskId=probe-133, offloadPayload=1024 bytes}"
5g-receiver,1783021497132433712,edge4av-real-20260702-multiclient-scalability-run-4,p5g-scale-mqtt-payload-1024-clients-100,scale,guided-planning,mqtt,,veh-50,rsu-1,p5g-scale-mqtt-payload-1024-clients-100-veh-50-134,ipi-session-1,multiclient-scalability-run-4,veh-50,134,100-clients,default,stationary,unsynced,true,true,clients,100,count,IPI-CooperativeService,1098,1783021561905207876,1783021497132384284,1783021497132433712,,,,,,"CooperativeService{guidedPlanning, status=request, vehicleId=0x7665682d3530, requestedHorizonMs=2500, confidence=100, planning.waypoints=1, offloadTaskId=probe-134, offloadPayload=1024 bytes}"
5g-receiver,1783021497444158959,edge4av-real-20260702-multiclient-scalability-run-4,p5g-scale-mqtt-payload-1024-clients-100,scale,guided-planning,mqtt,,veh-50,rsu-1,p5g-scale-mqtt-payload-1024-clients-100-veh-50-135,ipi-session-1,multiclient-scalability-run-4,veh-50,135,100-clients,default,stationary,unsynced,true,true,clients,100,count,IPI-CooperativeService,1098,1783021562188909777,1783021497444115846,1783021497444158959,,,,,,"CooperativeService{guidedPlanning, status=request, vehicleId=0x7665682d3530, requestedHorizonMs=2500, confidence=100, planning.waypoints=1, offloadTaskId=probe-135, offloadPayload=1024 bytes}"
5g-receiver,1783021497682702803,edge4av-real-20260702-multiclient-scalability-run-4,p5g-scale-mqtt-payload-1024-clients-100,scale,guided-planning,mqtt,,veh-50,rsu-1,p5g-scale-mqtt-payload-1024-clients-100-veh-50-136,ipi-session-1,multiclient-scalability-run-4,veh-50,136,100-clients,default,stationary,unsynced,true,true,clients,100,count,IPI-CooperativeService,1098,1783021562455316027,1783021497682659202,1783021497682702803,,,,,,"CooperativeService{guidedPlanning, status=request, vehicleId=0x7665682d3530, requestedHorizonMs=2500, confidence=100, planning.waypoints=1, offloadTaskId=probe-136, offloadPayload=1024 bytes}"
5g-receiver,1783021497922959101,edge4av-real-20260702-multiclient-scalability-run-4,p5g-scale-mqtt-payload-1024-clients-100,scale,guided-planning,mqtt,,veh-50,rsu-1,p5g-scale-mqtt-payload-1024-clients-100-veh-50-137,ipi-session-1,multiclient-scalability-run-4,veh-50,137,100-clients,default,stationary,unsynced,true,true,clients,100,count,IPI-CooperativeService,1098,1783021562695241701,1783021497922895402,1783021497922959101,,,,,,"CooperativeService{guidedPlanning, status=request, vehicleId=0x7665682d3530, requestedHorizonMs=2500, confidence=100, planning.waypoints=1, offloadTaskId=probe-137, offloadPayload=1024 bytes}"
5g-receiver,1783021498154645347,edge4av-real-20260702-multiclient-scalability-run-4,p5g-scale-mqtt-payload-1024-clients-100,scale,guided-planning,mqtt,,veh-50,rsu-1,p5g-scale-mqtt-payload-1024-clients-100-veh-50-138,ipi-session-1,multiclient-scalability-run-4,veh-50,138,100-clients,default,stationary,unsynced,true,true,clients,100,count,IPI-CooperativeService,1098,1783021562939145720,1783021498154580305,1783021498154645347,,,,,,"CooperativeService{guidedPlanning, status=request, vehicleId=0x7665682d3530, requestedHorizonMs=2500, confidence=100, planning.waypoints=1, offloadTaskId=probe-138, offloadPayload=1024 bytes}"
5g-receiver,1783021498383362020,edge4av-real-20260702-multiclient-scalability-run-4,p5g-scale-mqtt-payload-1024-clients-100,scale,guided-planning,mqtt,,veh-50,rsu-1,p5g-scale-mqtt-payload-1024-clients-100-veh-50-139,ipi-session-1,multiclient-scalability-run-4,veh-50,139,100-clients,default,stationary,unsynced,true,true,clients,100,count,IPI-CooperativeService,1098,1783021563169155305,1783021498383318201,1783021498383362020,,,,,,"CooperativeService{guidedPlanning, status=request, vehicleId=0x7665682d3530, requestedHorizonMs=2500, confidence=100, planning.waypoints=1, offloadTaskId=probe-139, offloadPayload=1024 bytes}"
5g-receiver,1783021498625343249,edge4av-real-20260702-multiclient-scalability-run-4,p5g-scale-mqtt-payload-1024-clients-100,scale,guided-planning,mqtt,,veh-50,rsu-1,p5g-scale-mqtt-payload-1024-clients-100-veh-50-140,ipi-session-1,multiclient-scalability-run-4,veh-50,140,100-clients,default,stationary,unsynced,true,true,clients,100,count,IPI-CooperativeService,1098,1783021563401151905,1783021498625300074,1783021498625343249,,,,,,"CooperativeService{guidedPlanning, status=request, vehicleId=0x7665682d3530, requestedHorizonMs=2500, confidence=100, planning.waypoints=1, offloadTaskId=probe-140, offloadPayload=1024 bytes}"
5g-receiver,1783021498864067176,edge4av-real-20260702-multiclient-scalability-run-4,p5g-scale-mqtt-payload-1024-clients-100,scale,guided-planning,mqtt,,veh-50,rsu-1,p5g-scale-mqtt-payload-1024-clients-100-veh-50-141,ipi-session-1,multiclient-scalability-run-4,veh-50,141,100-clients,default,stationary,unsynced,true,true,clients,100,count,IPI-CooperativeService,1098,1783021563637291055,1783021498864016361,1783021498864067176,,,,,,"CooperativeService{guidedPlanning, status=request, vehicleId=0x7665682d3530, requestedHorizonMs=2500, confidence=100, planning.waypoints=1, offloadTaskId=probe-141, offloadPayload=1024 bytes}"
5g-receiver,1783021499104044129,edge4av-real-20260702-multiclient-scalability-run-4,p5g-scale-mqtt-payload-1024-clients-100,scale,guided-planning,mqtt,,veh-50,rsu-1,p5g-scale-mqtt-payload-1024-clients-100-veh-50-142,ipi-session-1,multiclient-scalability-run-4,veh-50,142,100-clients,default,stationary,unsynced,true,true,clients,100,count,IPI-CooperativeService,1098,1783021563881160156,1783021499103989071,1783021499104044129,,,,,,"CooperativeService{guidedPlanning, status=request, vehicleId=0x7665682d3530, requestedHorizonMs=2500, confidence=100, planning.waypoints=1, offloadTaskId=probe-142, offloadPayload=1024 bytes}"
5g-receiver,1783021499346140267,edge4av-real-20260702-multiclient-scalability-run-4,p5g-scale-mqtt-payload-1024-clients-100,scale,guided-planning,mqtt,,veh-50,rsu-1,p5g-scale-mqtt-payload-1024-clients-100-veh-50-143,ipi-session-1,multiclient-scalability-run-4,veh-50,143,100-clients,default,stationary,unsynced,true,true,clients,100,count,IPI-CooperativeService,1098,1783021564121048708,1783021499346085726,1783021499346140267,,,,,,"CooperativeService{guidedPlanning, status=request, vehicleId=0x7665682d3530, requestedHorizonMs=2500, confidence=100, planning.waypoints=1, offloadTaskId=probe-143, offloadPayload=1024 bytes}"
5g-receiver,1783021499585081802,edge4av-real-20260702-multiclient-scalability-run-4,p5g-scale-mqtt-payload-1024-clients-100,scale,guided-planning,mqtt,,veh-50,rsu-1,p5g-scale-mqtt-payload-1024-clients-100-veh-50-144,ipi-session-1,multiclient-scalability-run-4,veh-50,144,100-clients,default,stationary,unsynced,true,true,clients,100,count,IPI-CooperativeService,1098,1783021564365365764,1783021499585038167,1783021499585081802,,,,,,"CooperativeService{guidedPlanning, status=request, vehicleId=0x7665682d3530, requestedHorizonMs=2500, confidence=100, planning.waypoints=1, offloadTaskId=probe-144, offloadPayload=1024 bytes}"
5g-receiver,1783021499825851735,edge4av-real-20260702-multiclient-scalability-run-4,p5g-scale-mqtt-payload-1024-clients-100,scale,guided-planning,mqtt,,veh-50,rsu-1,p5g-scale-mqtt-payload-1024-clients-100-veh-50-145,ipi-session-1,multiclient-scalability-run-4,veh-50,145,100-clients,default,stationary,unsynced,true,true,clients,100,count,IPI-CooperativeService,1098,1783021564597195080,1783021499825810090,1783021499825851735,,,,,,"CooperativeService{guidedPlanning, status=request, vehicleId=0x7665682d3530, requestedHorizonMs=2500, confidence=100, planning.waypoints=1, offloadTaskId=probe-145, offloadPayload=1024 bytes}"
5g-receiver,1783021500066666542,edge4av-real-20260702-multiclient-scalability-run-4,p5g-scale-mqtt-payload-1024-clients-100,scale,guided-planning,mqtt,,veh-50,rsu-1,p5g-scale-mqtt-payload-1024-clients-100-veh-50-146,ipi-session-1,multiclient-scalability-run-4,veh-50,146,100-clients,default,stationary,unsynced,true,true,clients,100,count,IPI-CooperativeService,1098,1783021564839145774,1783021500066623392,1783021500066666542,,,,,,"CooperativeService{guidedPlanning, status=request, vehicleId=0x7665682d3530, requestedHorizonMs=2500, confidence=100, planning.waypoints=1, offloadTaskId=probe-146, offloadPayload=1024 bytes}"
5g-receiver,1783021500307918819,edge4av-real-20260702-multiclient-scalability-run-4,p5g-scale-mqtt-payload-1024-clients-100,scale,guided-planning,mqtt,,veh-50,rsu-1,p5g-scale-mqtt-payload-1024-clients-100-veh-50-147,ipi-session-1,multiclient-scalability-run-4,veh-50,147,100-clients,default,stationary,unsynced,true,true,clients,100,count,IPI-CooperativeService,1098,1783021565083294490,1783021500307875521,1783021500307918819,,,,,,"CooperativeService{guidedPlanning, status=request, vehicleId=0x7665682d3530, requestedHorizonMs=2500, confidence=100, planning.waypoints=1, offloadTaskId=probe-147, offloadPayload=1024 bytes}"
5g-receiver,1783021500557900210,edge4av-real-20260702-multiclient-scalability-run-4,p5g-scale-mqtt-payload-1024-clients-100,scale,guided-planning,mqtt,,veh-50,rsu-1,p5g-scale-mqtt-payload-1024-clients-100-veh-50-148,ipi-session-1,multiclient-scalability-run-4,veh-50,148,100-clients,default,stationary,unsynced,true,true,clients,100,count,IPI-CooperativeService,1098,1783021565323232452,1783021500557851052,1783021500557900210,,,,,,"CooperativeService{guidedPlanning, status=request, vehicleId=0x7665682d3530, requestedHorizonMs=2500, confidence=100, planning.waypoints=1, offloadTaskId=probe-148, offloadPayload=1024 bytes}"
5g-receiver,1783021500839914775,edge4av-real-20260702-multiclient-scalability-run-4,p5g-scale-mqtt-payload-1024-clients-100,scale,guided-planning,mqtt,,veh-50,rsu-1,p5g-scale-mqtt-payload-1024-clients-100-veh-50-149,ipi-session-1,multiclient-scalability-run-4,veh-50,149,100-clients,default,stationary,unsynced,true,true,clients,100,count,IPI-CooperativeService,1098,1783021565573116345,1783021500839849800,1783021500839914775,,,,,,"CooperativeService{guidedPlanning, status=request, vehicleId=0x7665682d3530, requestedHorizonMs=2500, confidence=100, planning.waypoints=1, offloadTaskId=probe-149, offloadPayload=1024 bytes}"
5g-receiver,1783021501079387401,edge4av-real-20260702-multiclient-scalability-run-4,p5g-scale-mqtt-payload-1024-clients-100,scale,guided-planning,mqtt,,veh-50,rsu-1,p5g-scale-mqtt-payload-1024-clients-100-veh-50-150,ipi-session-1,multiclient-scalability-run-4,veh-50,150,100-clients,default,stationary,unsynced,true,true,clients,100,count,IPI-CooperativeService,1098,1783021565851043113,1783021501079344645,1783021501079387401,,,,,,"CooperativeService{guidedPlanning, status=request, vehicleId=0x7665682d3530, requestedHorizonMs=2500, confidence=100, planning.waypoints=1, offloadTaskId=probe-150, offloadPayload=1024 bytes}"
5g-receiver,1783021501319545221,edge4av-real-20260702-multiclient-scalability-run-4,p5g-scale-mqtt-payload-1024-clients-100,scale,guided-planning,mqtt,,veh-50,rsu-1,p5g-scale-mqtt-payload-1024-clients-100-veh-50-151,ipi-session-1,multiclient-scalability-run-4,veh-50,151,100-clients,default,stationary,unsynced,true,true,clients,100,count,IPI-CooperativeService,1098,1783021566091186663,1783021501319501548,1783021501319545221,,,,,,"CooperativeService{guidedPlanning, status=request, vehicleId=0x7665682d3530, requestedHorizonMs=2500, confidence=100, planning.waypoints=1, offloadTaskId=probe-151, offloadPayload=1024 bytes}"
5g-receiver,1783021501548870571,edge4av-real-20260702-multiclient-scalability-run-4,p5g-scale-mqtt-payload-1024-clients-100,scale,guided-planning,mqtt,,veh-50,rsu-1,p5g-scale-mqtt-payload-1024-clients-100-veh-50-152,ipi-session-1,multiclient-scalability-run-4,veh-50,152,100-clients,default,stationary,unsynced,true,true,clients,100,count,IPI-CooperativeService,1098,1783021566331247909,1783021501548808923,1783021501548870571,,,,,,"CooperativeService{guidedPlanning, status=request, vehicleId=0x7665682d3530, requestedHorizonMs=2500, confidence=100, planning.waypoints=1, offloadTaskId=probe-152, offloadPayload=1024 bytes}"
5g-receiver,1783021501792813710,edge4av-real-20260702-multiclient-scalability-run-4,p5g-scale-mqtt-payload-1024-clients-100,scale,guided-planning,mqtt,,veh-50,rsu-1,p5g-scale-mqtt-payload-1024-clients-100-veh-50-153,ipi-session-1,multiclient-scalability-run-4,veh-50,153,100-clients,default,stationary,unsynced,true,true,clients,100,count,IPI-CooperativeService,1098,1783021566563168565,1783021501792769993,1783021501792813710,,,,,,"CooperativeService{guidedPlanning, status=request, vehicleId=0x7665682d3530, requestedHorizonMs=2500, confidence=100, planning.waypoints=1, offloadTaskId=probe-153, offloadPayload=1024 bytes}"
5g-receiver,1783021502049420923,edge4av-real-20260702-multiclient-scalability-run-4,p5g-scale-mqtt-payload-1024-clients-100,scale,guided-planning,mqtt,,veh-50,rsu-1,p5g-scale-mqtt-payload-1024-clients-100-veh-50-154,ipi-session-1,multiclient-scalability-run-4,veh-50,154,100-clients,default,stationary,unsynced,true,true,clients,100,count,IPI-CooperativeService,1098,1783021566809300288,1783021502049357814,1783021502049420923,,,,,,"CooperativeService{guidedPlanning, status=request, vehicleId=0x7665682d3530, requestedHorizonMs=2500, confidence=100, planning.waypoints=1, offloadTaskId=probe-154, offloadPayload=1024 bytes}"
5g-receiver,1783021502289584698,edge4av-real-20260702-multiclient-scalability-run-4,p5g-scale-mqtt-payload-1024-clients-100,scale,guided-planning,mqtt,,veh-50,rsu-1,p5g-scale-mqtt-payload-1024-clients-100-veh-50-155,ipi-session-1,multiclient-scalability-run-4,veh-50,155,100-clients,default,stationary,unsynced,true,true,clients,100,count,IPI-CooperativeService,1098,1783021567063243852,1783021502289532870,1783021502289584698,,,,,,"CooperativeService{guidedPlanning, status=request, vehicleId=0x7665682d3530, requestedHorizonMs=2500, confidence=100, planning.waypoints=1, offloadTaskId=probe-155, offloadPayload=1024 bytes}"
5g-receiver,1783021502532836699,edge4av-real-20260702-multiclient-scalability-run-4,p5g-scale-mqtt-payload-1024-clients-100,scale,guided-planning,mqtt,,veh-50,rsu-1,p5g-scale-mqtt-payload-1024-clients-100-veh-50-156,ipi-session-1,multiclient-scalability-run-4,veh-50,156,100-clients,default,stationary,unsynced,true,true,clients,100,count,IPI-CooperativeService,1098,1783021567311331198,1783021502532792157,1783021502532836699,,,,,,"CooperativeService{guidedPlanning, status=request, vehicleId=0x7665682d3530, requestedHorizonMs=2500, confidence=100, planning.waypoints=1, offloadTaskId=probe-156, offloadPayload=1024 bytes}"
5g-receiver,1783021502772334882,edge4av-real-20260702-multiclient-scalability-run-4,p5g-scale-mqtt-payload-1024-clients-100,scale,guided-planning,mqtt,,veh-50,rsu-1,p5g-scale-mqtt-payload-1024-clients-100-veh-50-157,ipi-session-1,multiclient-scalability-run-4,veh-50,157,100-clients,default,stationary,unsynced,true,true,clients,100,count,IPI-CooperativeService,1098,1783021567547256016,1783021502772292167,1783021502772334882,,,,,,"CooperativeService{guidedPlanning, status=request, vehicleId=0x7665682d3530, requestedHorizonMs=2500, confidence=100, planning.waypoints=1, offloadTaskId=probe-157, offloadPayload=1024 bytes}"
5g-receiver,1783021503023964165,edge4av-real-20260702-multiclient-scalability-run-4,p5g-scale-mqtt-payload-1024-clients-100,scale,guided-planning,mqtt,,veh-50,rsu-1,p5g-scale-mqtt-payload-1024-clients-100-veh-50-158,ipi-session-1,multiclient-scalability-run-4,veh-50,158,100-clients,default,stationary,unsynced,true,true,clients,100,count,IPI-CooperativeService,1098,1783021567783245128,1783021503023921116,1783021503023964165,,,,,,"CooperativeService{guidedPlanning, status=request, vehicleId=0x7665682d3530, requestedHorizonMs=2500, confidence=100, planning.waypoints=1, offloadTaskId=probe-158, offloadPayload=1024 bytes}"
5g-receiver,1783021503263879206,edge4av-real-20260702-multiclient-scalability-run-4,p5g-scale-mqtt-payload-1024-clients-100,scale,guided-planning,mqtt,,veh-50,rsu-1,p5g-scale-mqtt-payload-1024-clients-100-veh-50-159,ipi-session-1,multiclient-scalability-run-4,veh-50,159,100-clients,default,stationary,unsynced,true,true,clients,100,count,IPI-CooperativeService,1098,1783021568035293195,1783021503263829114,1783021503263879206,,,,,,"CooperativeService{guidedPlanning, status=request, vehicleId=0x7665682d3530, requestedHorizonMs=2500, confidence=100, planning.waypoints=1, offloadTaskId=probe-159, offloadPayload=1024 bytes}"
5g-receiver,1783021503541505945,edge4av-real-20260702-multiclient-scalability-run-4,p5g-scale-mqtt-payload-1024-clients-100,scale,guided-planning,mqtt,,veh-50,rsu-1,p5g-scale-mqtt-payload-1024-clients-100-veh-50-160,ipi-session-1,multiclient-scalability-run-4,veh-50,160,100-clients,default,stationary,unsynced,true,true,clients,100,count,IPI-CooperativeService,1098,1783021568275328149,1783021503541462527,1783021503541505945,,,,,,"CooperativeService{guidedPlanning, status=request, vehicleId=0x7665682d3530, requestedHorizonMs=2500, confidence=100, planning.waypoints=1, offloadTaskId=probe-160, offloadPayload=1024 bytes}"
5g-receiver,1783021503781975189,edge4av-real-20260702-multiclient-scalability-run-4,p5g-scale-mqtt-payload-1024-clients-100,scale,guided-planning,mqtt,,veh-50,rsu-1,p5g-scale-mqtt-payload-1024-clients-100-veh-50-161,ipi-session-1,multiclient-scalability-run-4,veh-50,161,100-clients,default,stationary,unsynced,true,true,clients,100,count,IPI-CooperativeService,1098,1783021568557209406,1783021503781931719,1783021503781975189,,,,,,"CooperativeService{guidedPlanning, status=request, vehicleId=0x7665682d3530, requestedHorizonMs=2500, confidence=100, planning.waypoints=1, offloadTaskId=probe-161, offloadPayload=1024 bytes}"
5g-receiver,1783021504023213079,edge4av-real-20260702-multiclient-scalability-run-4,p5g-scale-mqtt-payload-1024-clients-100,scale,guided-planning,mqtt,,veh-50,rsu-1,p5g-scale-mqtt-payload-1024-clients-100-veh-50-162,ipi-session-1,multiclient-scalability-run-4,veh-50,162,100-clients,default,stationary,unsynced,true,true,clients,100,count,IPI-CooperativeService,1098,1783021568797244223,1783021504023152733,1783021504023213079,,,,,,"CooperativeService{guidedPlanning, status=request, vehicleId=0x7665682d3530, requestedHorizonMs=2500, confidence=100, planning.waypoints=1, offloadTaskId=probe-162, offloadPayload=1024 bytes}"
5g-receiver,1783021504265198847,edge4av-real-20260702-multiclient-scalability-run-4,p5g-scale-mqtt-payload-1024-clients-100,scale,guided-planning,mqtt,,veh-50,rsu-1,p5g-scale-mqtt-payload-1024-clients-100-veh-50-163,ipi-session-1,multiclient-scalability-run-4,veh-50,163,100-clients,default,stationary,unsynced,true,true,clients,100,count,IPI-CooperativeService,1098,1783021569037476512,1783021504265155580,1783021504265198847,,,,,,"CooperativeService{guidedPlanning, status=request, vehicleId=0x7665682d3530, requestedHorizonMs=2500, confidence=100, planning.waypoints=1, offloadTaskId=probe-163, offloadPayload=1024 bytes}"
5g-receiver,1783021504504719836,edge4av-real-20260702-multiclient-scalability-run-4,p5g-scale-mqtt-payload-1024-clients-100,scale,guided-planning,mqtt,,veh-50,rsu-1,p5g-scale-mqtt-payload-1024-clients-100-veh-50-164,ipi-session-1,multiclient-scalability-run-4,veh-50,164,100-clients,default,stationary,unsynced,true,true,clients,100,count,IPI-CooperativeService,1098,1783021569277278192,1783021504504637562,1783021504504719836,,,,,,"CooperativeService{guidedPlanning, status=request, vehicleId=0x7665682d3530, requestedHorizonMs=2500, confidence=100, planning.waypoints=1, offloadTaskId=probe-164, offloadPayload=1024 bytes}"
5g-receiver,1783021504734399548,edge4av-real-20260702-multiclient-scalability-run-4,p5g-scale-mqtt-payload-1024-clients-100,scale,guided-planning,mqtt,,veh-50,rsu-1,p5g-scale-mqtt-payload-1024-clients-100-veh-50-165,ipi-session-1,multiclient-scalability-run-4,veh-50,165,100-clients,default,stationary,unsynced,true,true,clients,100,count,IPI-CooperativeService,1098,1783021569517254411,1783021504734344659,1783021504734399548,,,,,,"CooperativeService{guidedPlanning, status=request, vehicleId=0x7665682d3530, requestedHorizonMs=2500, confidence=100, planning.waypoints=1, offloadTaskId=probe-165, offloadPayload=1024 bytes}"
5g-receiver,1783021504974974462,edge4av-real-20260702-multiclient-scalability-run-4,p5g-scale-mqtt-payload-1024-clients-100,scale,guided-planning,mqtt,,veh-50,rsu-1,p5g-scale-mqtt-payload-1024-clients-100-veh-50-166,ipi-session-1,multiclient-scalability-run-4,veh-50,166,100-clients,default,stationary,unsynced,true,true,clients,100,count,IPI-CooperativeService,1098,1783021569751422751,1783021504974931432,1783021504974974462,,,,,,"CooperativeService{guidedPlanning, status=request, vehicleId=0x7665682d3530, requestedHorizonMs=2500, confidence=100, planning.waypoints=1, offloadTaskId=probe-166, offloadPayload=1024 bytes}"
5g-receiver,1783021505217756394,edge4av-real-20260702-multiclient-scalability-run-4,p5g-scale-mqtt-payload-1024-clients-100,scale,guided-planning,mqtt,,veh-50,rsu-1,p5g-scale-mqtt-payload-1024-clients-100-veh-50-167,ipi-session-1,multiclient-scalability-run-4,veh-50,167,100-clients,default,stationary,unsynced,true,true,clients,100,count,IPI-CooperativeService,1098,1783021569993116242,1783021505217702987,1783021505217756394,,,,,,"CooperativeService{guidedPlanning, status=request, vehicleId=0x7665682d3530, requestedHorizonMs=2500, confidence=100, planning.waypoints=1, offloadTaskId=probe-167, offloadPayload=1024 bytes}"
5g-receiver,1783021505456210520,edge4av-real-20260702-multiclient-scalability-run-4,p5g-scale-mqtt-payload-1024-clients-100,scale,guided-planning,mqtt,,veh-50,rsu-1,p5g-scale-mqtt-payload-1024-clients-100-veh-50-168,ipi-session-1,multiclient-scalability-run-4,veh-50,168,100-clients,default,stationary,unsynced,true,true,clients,100,count,IPI-CooperativeService,1098,1783021570233135934,1783021505456155632,1783021505456210520,,,,,,"CooperativeService{guidedPlanning, status=request, vehicleId=0x7665682d3530, requestedHorizonMs=2500, confidence=100, planning.waypoints=1, offloadTaskId=probe-168, offloadPayload=1024 bytes}"
5g-receiver,1783021505686499925,edge4av-real-20260702-multiclient-scalability-run-4,p5g-scale-mqtt-payload-1024-clients-100,scale,guided-planning,mqtt,,veh-50,rsu-1,p5g-scale-mqtt-payload-1024-clients-100-veh-50-169,ipi-session-1,multiclient-scalability-run-4,veh-50,169,100-clients,default,stationary,unsynced,true,true,clients,100,count,IPI-CooperativeService,1098,1783021570467125256,1783021505686457658,1783021505686499925,,,,,,"CooperativeService{guidedPlanning, status=request, vehicleId=0x7665682d3530, requestedHorizonMs=2500, confidence=100, planning.waypoints=1, offloadTaskId=probe-169, offloadPayload=1024 bytes}"
5g-receiver,1783021505926933238,edge4av-real-20260702-multiclient-scalability-run-4,p5g-scale-mqtt-payload-1024-clients-100,scale,guided-planning,mqtt,,veh-50,rsu-1,p5g-scale-mqtt-payload-1024-clients-100-veh-50-170,ipi-session-1,multiclient-scalability-run-4,veh-50,170,100-clients,default,stationary,unsynced,true,true,clients,100,count,IPI-CooperativeService,1098,1783021570699068510,1783021505926889657,1783021505926933238,,,,,,"CooperativeService{guidedPlanning, status=request, vehicleId=0x7665682d3530, requestedHorizonMs=2500, confidence=100, planning.waypoints=1, offloadTaskId=probe-170, offloadPayload=1024 bytes}"
5g-receiver,1783021506167946162,edge4av-real-20260702-multiclient-scalability-run-4,p5g-scale-mqtt-payload-1024-clients-100,scale,guided-planning,mqtt,,veh-50,rsu-1,p5g-scale-mqtt-payload-1024-clients-100-veh-50-171,ipi-session-1,multiclient-scalability-run-4,veh-50,171,100-clients,default,stationary,unsynced,true,true,clients,100,count,IPI-CooperativeService,1098,1783021570939246105,1783021506167889701,1783021506167946162,,,,,,"CooperativeService{guidedPlanning, status=request, vehicleId=0x7665682d3530, requestedHorizonMs=2500, confidence=100, planning.waypoints=1, offloadTaskId=probe-171, offloadPayload=1024 bytes}"
5g-receiver,1783021506407213696,edge4av-real-20260702-multiclient-scalability-run-4,p5g-scale-mqtt-payload-1024-clients-100,scale,guided-planning,mqtt,,veh-50,rsu-1,p5g-scale-mqtt-payload-1024-clients-100-veh-50-172,ipi-session-1,multiclient-scalability-run-4,veh-50,172,100-clients,default,stationary,unsynced,true,true,clients,100,count,IPI-CooperativeService,1098,1783021571181142911,1783021506407170160,1783021506407213696,,,,,,"CooperativeService{guidedPlanning, status=request, vehicleId=0x7665682d3530, requestedHorizonMs=2500, confidence=100, planning.waypoints=1, offloadTaskId=probe-172, offloadPayload=1024 bytes}"
5g-receiver,1783021506648019202,edge4av-real-20260702-multiclient-scalability-run-4,p5g-scale-mqtt-payload-1024-clients-100,scale,guided-planning,mqtt,,veh-50,rsu-1,p5g-scale-mqtt-payload-1024-clients-100-veh-50-173,ipi-session-1,multiclient-scalability-run-4,veh-50,173,100-clients,default,stationary,unsynced,true,true,clients,100,count,IPI-CooperativeService,1098,1783021571419335480,1783021506647975980,1783021506648019202,,,,,,"CooperativeService{guidedPlanning, status=request, vehicleId=0x7665682d3530, requestedHorizonMs=2500, confidence=100, planning.waypoints=1, offloadTaskId=probe-173, offloadPayload=1024 bytes}"
5g-receiver,1783021506897740889,edge4av-real-20260702-multiclient-scalability-run-4,p5g-scale-mqtt-payload-1024-clients-100,scale,guided-planning,mqtt,,veh-50,rsu-1,p5g-scale-mqtt-payload-1024-clients-100-veh-50-174,ipi-session-1,multiclient-scalability-run-4,veh-50,174,100-clients,default,stationary,unsynced,true,true,clients,100,count,IPI-CooperativeService,1098,1783021571659281234,1783021506897689568,1783021506897740889,,,,,,"CooperativeService{guidedPlanning, status=request, vehicleId=0x7665682d3530, requestedHorizonMs=2500, confidence=100, planning.waypoints=1, offloadTaskId=probe-174, offloadPayload=1024 bytes}"
5g-receiver,1783021507140731456,edge4av-real-20260702-multiclient-scalability-run-4,p5g-scale-mqtt-payload-1024-clients-100,scale,guided-planning,mqtt,,veh-50,rsu-1,p5g-scale-mqtt-payload-1024-clients-100-veh-50-175,ipi-session-1,multiclient-scalability-run-4,veh-50,175,100-clients,default,stationary,unsynced,true,true,clients,100,count,IPI-CooperativeService,1098,1783021571913400743,1783021507140610781,1783021507140731456,,,,,,"CooperativeService{guidedPlanning, status=request, vehicleId=0x7665682d3530, requestedHorizonMs=2500, confidence=100, planning.waypoints=1, offloadTaskId=probe-175, offloadPayload=1024 bytes}"
5g-receiver,1783021507391201431,edge4av-real-20260702-multiclient-scalability-run-4,p5g-scale-mqtt-payload-1024-clients-100,scale,guided-planning,mqtt,,veh-50,rsu-1,p5g-scale-mqtt-payload-1024-clients-100-veh-50-176,ipi-session-1,multiclient-scalability-run-4,veh-50,176,100-clients,default,stationary,unsynced,true,true,clients,100,count,IPI-CooperativeService,1098,1783021572153266256,1783021507391158605,1783021507391201431,,,,,,"CooperativeService{guidedPlanning, status=request, vehicleId=0x7665682d3530, requestedHorizonMs=2500, confidence=100, planning.waypoints=1, offloadTaskId=probe-176, offloadPayload=1024 bytes}"
5g-receiver,1783021507629226247,edge4av-real-20260702-multiclient-scalability-run-4,p5g-scale-mqtt-payload-1024-clients-100,scale,guided-planning,mqtt,,veh-50,rsu-1,p5g-scale-mqtt-payload-1024-clients-100-veh-50-177,ipi-session-1,multiclient-scalability-run-4,veh-50,177,100-clients,default,stationary,unsynced,true,true,clients,100,count,IPI-CooperativeService,1098,1783021572405108560,1783021507629175426,1783021507629226247,,,,,,"CooperativeService{guidedPlanning, status=request, vehicleId=0x7665682d3530, requestedHorizonMs=2500, confidence=100, planning.waypoints=1, offloadTaskId=probe-177, offloadPayload=1024 bytes}"
5g-receiver,1783021507860059075,edge4av-real-20260702-multiclient-scalability-run-4,p5g-scale-mqtt-payload-1024-clients-100,scale,guided-planning,mqtt,,veh-50,rsu-1,p5g-scale-mqtt-payload-1024-clients-100-veh-50-178,ipi-session-1,multiclient-scalability-run-4,veh-50,178,100-clients,default,stationary,unsynced,true,true,clients,100,count,IPI-CooperativeService,1098,1783021572641359248,1783021507860000895,1783021507860059075,,,,,,"CooperativeService{guidedPlanning, status=request, vehicleId=0x7665682d3530, requestedHorizonMs=2500, confidence=100, planning.waypoints=1, offloadTaskId=probe-178, offloadPayload=1024 bytes}"
5g-receiver,1783021508101142017,edge4av-real-20260702-multiclient-scalability-run-4,p5g-scale-mqtt-payload-1024-clients-100,scale,guided-planning,mqtt,,veh-50,rsu-1,p5g-scale-mqtt-payload-1024-clients-100-veh-50-179,ipi-session-1,multiclient-scalability-run-4,veh-50,179,100-clients,default,stationary,unsynced,true,true,clients,100,count,IPI-CooperativeService,1098,1783021572877207314,1783021508101098741,1783021508101142017,,,,,,"CooperativeService{guidedPlanning, status=request, vehicleId=0x7665682d3530, requestedHorizonMs=2500, confidence=100, planning.waypoints=1, offloadTaskId=probe-179, offloadPayload=1024 bytes}"
5g-receiver,1783021508341516291,edge4av-real-20260702-multiclient-scalability-run-4,p5g-scale-mqtt-payload-1024-clients-100,scale,guided-planning,mqtt,,veh-50,rsu-1,p5g-scale-mqtt-payload-1024-clients-100-veh-50-180,ipi-session-1,multiclient-scalability-run-4,veh-50,180,100-clients,default,stationary,unsynced,true,true,clients,100,count,IPI-CooperativeService,1098,1783021573117170250,1783021508341472995,1783021508341516291,,,,,,"CooperativeService{guidedPlanning, status=request, vehicleId=0x7665682d3530, requestedHorizonMs=2500, confidence=100, planning.waypoints=1, offloadTaskId=probe-180, offloadPayload=1024 bytes}"
5g-receiver,1783021508580628715,edge4av-real-20260702-multiclient-scalability-run-4,p5g-scale-mqtt-payload-1024-clients-100,scale,guided-planning,mqtt,,veh-50,rsu-1,p5g-scale-mqtt-payload-1024-clients-100-veh-50-181,ipi-session-1,multiclient-scalability-run-4,veh-50,181,100-clients,default,stationary,unsynced,true,true,clients,100,count,IPI-CooperativeService,1098,1783021573357360982,1783021508580555650,1783021508580628715,,,,,,"CooperativeService{guidedPlanning, status=request, vehicleId=0x7665682d3530, requestedHorizonMs=2500, confidence=100, planning.waypoints=1, offloadTaskId=probe-181, offloadPayload=1024 bytes}"
5g-receiver,1783021508821744212,edge4av-real-20260702-multiclient-scalability-run-4,p5g-scale-mqtt-payload-1024-clients-100,scale,guided-planning,mqtt,,veh-50,rsu-1,p5g-scale-mqtt-payload-1024-clients-100-veh-50-182,ipi-session-1,multiclient-scalability-run-4,veh-50,182,100-clients,default,stationary,unsynced,true,true,clients,100,count,IPI-CooperativeService,1098,1783021573593320196,1783021508821700671,1783021508821744212,,,,,,"CooperativeService{guidedPlanning, status=request, vehicleId=0x7665682d3530, requestedHorizonMs=2500, confidence=100, planning.waypoints=1, offloadTaskId=probe-182, offloadPayload=1024 bytes}"
5g-receiver,1783021509071969396,edge4av-real-20260702-multiclient-scalability-run-4,p5g-scale-mqtt-payload-1024-clients-100,scale,guided-planning,mqtt,,veh-50,rsu-1,p5g-scale-mqtt-payload-1024-clients-100-veh-50-183,ipi-session-1,multiclient-scalability-run-4,veh-50,183,100-clients,default,stationary,unsynced,true,true,clients,100,count,IPI-CooperativeService,1098,1783021573835279839,1783021509071926726,1783021509071969396,,,,,,"CooperativeService{guidedPlanning, status=request, vehicleId=0x7665682d3530, requestedHorizonMs=2500, confidence=100, planning.waypoints=1, offloadTaskId=probe-183, offloadPayload=1024 bytes}"
5g-receiver,1783021509317451021,edge4av-real-20260702-multiclient-scalability-run-4,p5g-scale-mqtt-payload-1024-clients-100,scale,guided-planning,mqtt,,veh-50,rsu-1,p5g-scale-mqtt-payload-1024-clients-100-veh-50-184,ipi-session-1,multiclient-scalability-run-4,veh-50,184,100-clients,default,stationary,unsynced,true,true,clients,100,count,IPI-CooperativeService,1098,1783021574087236204,1783021509317397107,1783021509317451021,,,,,,"CooperativeService{guidedPlanning, status=request, vehicleId=0x7665682d3530, requestedHorizonMs=2500, confidence=100, planning.waypoints=1, offloadTaskId=probe-184, offloadPayload=1024 bytes}"
5g-receiver,1783021509562547870,edge4av-real-20260702-multiclient-scalability-run-4,p5g-scale-mqtt-payload-1024-clients-100,scale,guided-planning,mqtt,,veh-50,rsu-1,p5g-scale-mqtt-payload-1024-clients-100-veh-50-185,ipi-session-1,multiclient-scalability-run-4,veh-50,185,100-clients,default,stationary,unsynced,true,true,clients,100,count,IPI-CooperativeService,1098,1783021574331319728,1783021509562487281,1783021509562547870,,,,,,"CooperativeService{guidedPlanning, status=request, vehicleId=0x7665682d3530, requestedHorizonMs=2500, confidence=100, planning.waypoints=1, offloadTaskId=probe-185, offloadPayload=1024 bytes}"
5g-receiver,1783021509804540390,edge4av-real-20260702-multiclient-scalability-run-4,p5g-scale-mqtt-payload-1024-clients-100,scale,guided-planning,mqtt,,veh-50,rsu-1,p5g-scale-mqtt-payload-1024-clients-100-veh-50-186,ipi-session-1,multiclient-scalability-run-4,veh-50,186,100-clients,default,stationary,unsynced,true,true,clients,100,count,IPI-CooperativeService,1098,1783021574579160902,1783021509804483698,1783021509804540390,,,,,,"CooperativeService{guidedPlanning, status=request, vehicleId=0x7665682d3530, requestedHorizonMs=2500, confidence=100, planning.waypoints=1, offloadTaskId=probe-186, offloadPayload=1024 bytes}"
5g-receiver,1783021510052712996,edge4av-real-20260702-multiclient-scalability-run-4,p5g-scale-mqtt-payload-1024-clients-100,scale,guided-planning,mqtt,,veh-50,rsu-1,p5g-scale-mqtt-payload-1024-clients-100-veh-50-187,ipi-session-1,multiclient-scalability-run-4,veh-50,187,100-clients,default,stationary,unsynced,true,true,clients,100,count,IPI-CooperativeService,1098,1783021574817214161,1783021510052633238,1783021510052712996,,,,,,"CooperativeService{guidedPlanning, status=request, vehicleId=0x7665682d3530, requestedHorizonMs=2500, confidence=100, planning.waypoints=1, offloadTaskId=probe-187, offloadPayload=1024 bytes}"
5g-receiver,1783021510295175310,edge4av-real-20260702-multiclient-scalability-run-4,p5g-scale-mqtt-payload-1024-clients-100,scale,guided-planning,mqtt,,veh-50,rsu-1,p5g-scale-mqtt-payload-1024-clients-100-veh-50-188,ipi-session-1,multiclient-scalability-run-4,veh-50,188,100-clients,default,stationary,unsynced,true,true,clients,100,count,IPI-CooperativeService,1098,1783021575065516590,1783021510295132790,1783021510295175310,,,,,,"CooperativeService{guidedPlanning, status=request, vehicleId=0x7665682d3530, requestedHorizonMs=2500, confidence=100, planning.waypoints=1, offloadTaskId=probe-188, offloadPayload=1024 bytes}"
5g-receiver,1783021510533737040,edge4av-real-20260702-multiclient-scalability-run-4,p5g-scale-mqtt-payload-1024-clients-100,scale,guided-planning,mqtt,,veh-50,rsu-1,p5g-scale-mqtt-payload-1024-clients-100-veh-50-189,ipi-session-1,multiclient-scalability-run-4,veh-50,189,100-clients,default,stationary,unsynced,true,true,clients,100,count,IPI-CooperativeService,1098,1783021575305270742,1783021510533673021,1783021510533737040,,,,,,"CooperativeService{guidedPlanning, status=request, vehicleId=0x7665682d3530, requestedHorizonMs=2500, confidence=100, planning.waypoints=1, offloadTaskId=probe-189, offloadPayload=1024 bytes}"
5g-receiver,1783021510775726581,edge4av-real-20260702-multiclient-scalability-run-4,p5g-scale-mqtt-payload-1024-clients-100,scale,guided-planning,mqtt,,veh-50,rsu-1,p5g-scale-mqtt-payload-1024-clients-100-veh-50-190,ipi-session-1,multiclient-scalability-run-4,veh-50,190,100-clients,default,stationary,unsynced,true,true,clients,100,count,IPI-CooperativeService,1098,1783021575545245143,1783021510775683171,1783021510775726581,,,,,,"CooperativeService{guidedPlanning, status=request, vehicleId=0x7665682d3530, requestedHorizonMs=2500, confidence=100, planning.waypoints=1, offloadTaskId=probe-190, offloadPayload=1024 bytes}"
5g-receiver,1783021511008702269,edge4av-real-20260702-multiclient-scalability-run-4,p5g-scale-mqtt-payload-1024-clients-100,scale,guided-planning,mqtt,,veh-50,rsu-1,p5g-scale-mqtt-payload-1024-clients-100-veh-50-191,ipi-session-1,multiclient-scalability-run-4,veh-50,191,100-clients,default,stationary,unsynced,true,true,clients,100,count,IPI-CooperativeService,1098,1783021575791437982,1783021511008612576,1783021511008702269,,,,,,"CooperativeService{guidedPlanning, status=request, vehicleId=0x7665682d3530, requestedHorizonMs=2500, confidence=100, planning.waypoints=1, offloadTaskId=probe-191, offloadPayload=1024 bytes}"
5g-receiver,1783021511246362157,edge4av-real-20260702-multiclient-scalability-run-4,p5g-scale-mqtt-payload-1024-clients-100,scale,guided-planning,mqtt,,veh-50,rsu-1,p5g-scale-mqtt-payload-1024-clients-100-veh-50-192,ipi-session-1,multiclient-scalability-run-4,veh-50,192,100-clients,default,stationary,unsynced,true,true,clients,100,count,IPI-CooperativeService,1098,1783021576023255631,1783021511246307189,1783021511246362157,,,,,,"CooperativeService{guidedPlanning, status=request, vehicleId=0x7665682d3530, requestedHorizonMs=2500, confidence=100, planning.waypoints=1, offloadTaskId=probe-192, offloadPayload=1024 bytes}"
5g-receiver,1783021511485646265,edge4av-real-20260702-multiclient-scalability-run-4,p5g-scale-mqtt-payload-1024-clients-100,scale,guided-planning,mqtt,,veh-50,rsu-1,p5g-scale-mqtt-payload-1024-clients-100-veh-50-193,ipi-session-1,multiclient-scalability-run-4,veh-50,193,100-clients,default,stationary,unsynced,true,true,clients,100,count,IPI-CooperativeService,1098,1783021576263221848,1783021511485589342,1783021511485646265,,,,,,"CooperativeService{guidedPlanning, status=request, vehicleId=0x7665682d3530, requestedHorizonMs=2500, confidence=100, planning.waypoints=1, offloadTaskId=probe-193, offloadPayload=1024 bytes}"
5g-receiver,1783021511725978918,edge4av-real-20260702-multiclient-scalability-run-4,p5g-scale-mqtt-payload-1024-clients-100,scale,guided-planning,mqtt,,veh-50,rsu-1,p5g-scale-mqtt-payload-1024-clients-100-veh-50-194,ipi-session-1,multiclient-scalability-run-4,veh-50,194,100-clients,default,stationary,unsynced,true,true,clients,100,count,IPI-CooperativeService,1098,1783021576499453809,1783021511725936263,1783021511725978918,,,,,,"CooperativeService{guidedPlanning, status=request, vehicleId=0x7665682d3530, requestedHorizonMs=2500, confidence=100, planning.waypoints=1, offloadTaskId=probe-194, offloadPayload=1024 bytes}"
5g-receiver,1783021511966787315,edge4av-real-20260702-multiclient-scalability-run-4,p5g-scale-mqtt-payload-1024-clients-100,scale,guided-planning,mqtt,,veh-50,rsu-1,p5g-scale-mqtt-payload-1024-clients-100-veh-50-195,ipi-session-1,multiclient-scalability-run-4,veh-50,195,100-clients,default,stationary,unsynced,true,true,clients,100,count,IPI-CooperativeService,1098,1783021576739258874,1783021511966745948,1783021511966787315,,,,,,"CooperativeService{guidedPlanning, status=request, vehicleId=0x7665682d3530, requestedHorizonMs=2500, confidence=100, planning.waypoints=1, offloadTaskId=probe-195, offloadPayload=1024 bytes}"
5g-receiver,1783021512208411715,edge4av-real-20260702-multiclient-scalability-run-4,p5g-scale-mqtt-payload-1024-clients-100,scale,guided-planning,mqtt,,veh-50,rsu-1,p5g-scale-mqtt-payload-1024-clients-100-veh-50-196,ipi-session-1,multiclient-scalability-run-4,veh-50,196,100-clients,default,stationary,unsynced,true,true,clients,100,count,IPI-CooperativeService,1098,1783021576981265415,1783021512208354597,1783021512208411715,,,,,,"CooperativeService{guidedPlanning, status=request, vehicleId=0x7665682d3530, requestedHorizonMs=2500, confidence=100, planning.waypoints=1, offloadTaskId=probe-196, offloadPayload=1024 bytes}"
5g-receiver,1783021512458835345,edge4av-real-20260702-multiclient-scalability-run-4,p5g-scale-mqtt-payload-1024-clients-100,scale,guided-planning,mqtt,,veh-50,rsu-1,p5g-scale-mqtt-payload-1024-clients-100-veh-50-197,ipi-session-1,multiclient-scalability-run-4,veh-50,197,100-clients,default,stationary,unsynced,true,true,clients,100,count,IPI-CooperativeService,1098,1783021577223450592,1783021512458773856,1783021512458835345,,,,,,"CooperativeService{guidedPlanning, status=request, vehicleId=0x7665682d3530, requestedHorizonMs=2500, confidence=100, planning.waypoints=1, offloadTaskId=probe-197, offloadPayload=1024 bytes}"
5g-receiver,1783021512699202118,edge4av-real-20260702-multiclient-scalability-run-4,p5g-scale-mqtt-payload-1024-clients-100,scale,guided-planning,mqtt,,veh-50,rsu-1,p5g-scale-mqtt-payload-1024-clients-100-veh-50-198,ipi-session-1,multiclient-scalability-run-4,veh-50,198,100-clients,default,stationary,unsynced,true,true,clients,100,count,IPI-CooperativeService,1098,1783021577475296212,1783021512699127980,1783021512699202118,,,,,,"CooperativeService{guidedPlanning, status=request, vehicleId=0x7665682d3530, requestedHorizonMs=2500, confidence=100, planning.waypoints=1, offloadTaskId=probe-198, offloadPayload=1024 bytes}"
5g-receiver,1783021512928590925,edge4av-real-20260702-multiclient-scalability-run-4,p5g-scale-mqtt-payload-1024-clients-100,scale,guided-planning,mqtt,,veh-50,rsu-1,p5g-scale-mqtt-payload-1024-clients-100-veh-50-199,ipi-session-1,multiclient-scalability-run-4,veh-50,199,100-clients,default,stationary,unsynced,true,true,clients,100,count,IPI-CooperativeService,1098,1783021577711237133,1783021512928528851,1783021512928590925,,,,,,"CooperativeService{guidedPlanning, status=request, vehicleId=0x7665682d3530, requestedHorizonMs=2500, confidence=100, planning.waypoints=1, offloadTaskId=probe-199, offloadPayload=1024 bytes}"
5g-receiver,1783021513171574897,edge4av-real-20260702-multiclient-scalability-run-4,p5g-scale-mqtt-payload-1024-clients-100,scale,guided-planning,mqtt,,veh-50,rsu-1,p5g-scale-mqtt-payload-1024-clients-100-veh-50-200,ipi-session-1,multiclient-scalability-run-4,veh-50,200,100-clients,default,stationary,unsynced,true,true,clients,100,count,IPI-CooperativeService,1098,1783021577939358961,1783021513171515357,1783021513171574897,,,,,,"CooperativeService{guidedPlanning, status=request, vehicleId=0x7665682d3530, requestedHorizonMs=2500, confidence=100, planning.waypoints=1, offloadTaskId=probe-200, offloadPayload=1024 bytes}"
5g-receiver,1783021513473756607,edge4av-real-20260702-multiclient-scalability-run-4,p5g-scale-mqtt-payload-1024-clients-100,scale,guided-planning,mqtt,,veh-50,rsu-1,p5g-scale-mqtt-payload-1024-clients-100-veh-50-201,ipi-session-1,multiclient-scalability-run-4,veh-50,201,100-clients,default,stationary,unsynced,true,true,clients,100,count,IPI-CooperativeService,1098,1783021578224613010,1783021513473712699,1783021513473756607,,,,,,"CooperativeService{guidedPlanning, status=request, vehicleId=0x7665682d3530, requestedHorizonMs=2500, confidence=100, planning.waypoints=1, offloadTaskId=probe-201, offloadPayload=1024 bytes}"
5g-receiver,1783021513723397438,edge4av-real-20260702-multiclient-scalability-run-4,p5g-scale-mqtt-payload-1024-clients-100,scale,guided-planning,mqtt,,veh-50,rsu-1,p5g-scale-mqtt-payload-1024-clients-100-veh-50-202,ipi-session-1,multiclient-scalability-run-4,veh-50,202,100-clients,default,stationary,unsynced,true,true,clients,100,count,IPI-CooperativeService,1098,1783021578487191590,1783021513723329079,1783021513723397438,,,,,,"CooperativeService{guidedPlanning, status=request, vehicleId=0x7665682d3530, requestedHorizonMs=2500, confidence=100, planning.waypoints=1, offloadTaskId=probe-202, offloadPayload=1024 bytes}"
5g-receiver,1783021513963099553,edge4av-real-20260702-multiclient-scalability-run-4,p5g-scale-mqtt-payload-1024-clients-100,scale,guided-planning,mqtt,,veh-50,rsu-1,p5g-scale-mqtt-payload-1024-clients-100-veh-50-203,ipi-session-1,multiclient-scalability-run-4,veh-50,203,100-clients,default,stationary,unsynced,true,true,clients,100,count,IPI-CooperativeService,1098,1783021578735257837,1783021513963031578,1783021513963099553,,,,,,"CooperativeService{guidedPlanning, status=request, vehicleId=0x7665682d3530, requestedHorizonMs=2500, confidence=100, planning.waypoints=1, offloadTaskId=probe-203, offloadPayload=1024 bytes}"
5g-receiver,1783021514201431109,edge4av-real-20260702-multiclient-scalability-run-4,p5g-scale-mqtt-payload-1024-clients-100,scale,guided-planning,mqtt,,veh-50,rsu-1,p5g-scale-mqtt-payload-1024-clients-100-veh-50-204,ipi-session-1,multiclient-scalability-run-4,veh-50,204,100-clients,default,stationary,unsynced,true,true,clients,100,count,IPI-CooperativeService,1098,1783021578979185924,1783021514201384598,1783021514201431109,,,,,,"CooperativeService{guidedPlanning, status=request, vehicleId=0x7665682d3530, requestedHorizonMs=2500, confidence=100, planning.waypoints=1, offloadTaskId=probe-204, offloadPayload=1024 bytes}"
5g-receiver,1783021514441630051,edge4av-real-20260702-multiclient-scalability-run-4,p5g-scale-mqtt-payload-1024-clients-100,scale,guided-planning,mqtt,,veh-50,rsu-1,p5g-scale-mqtt-payload-1024-clients-100-veh-50-205,ipi-session-1,multiclient-scalability-run-4,veh-50,205,100-clients,default,stationary,unsynced,true,true,clients,100,count,IPI-CooperativeService,1098,1783021579217305779,1783021514441586606,1783021514441630051,,,,,,"CooperativeService{guidedPlanning, status=request, vehicleId=0x7665682d3530, requestedHorizonMs=2500, confidence=100, planning.waypoints=1, offloadTaskId=probe-205, offloadPayload=1024 bytes}"
5g-receiver,1783021514672544543,edge4av-real-20260702-multiclient-scalability-run-4,p5g-scale-mqtt-payload-1024-clients-100,scale,guided-planning,mqtt,,veh-50,rsu-1,p5g-scale-mqtt-payload-1024-clients-100-veh-50-206,ipi-session-1,multiclient-scalability-run-4,veh-50,206,100-clients,default,stationary,unsynced,true,true,clients,100,count,IPI-CooperativeService,1098,1783021579453359363,1783021514672502322,1783021514672544543,,,,,,"CooperativeService{guidedPlanning, status=request, vehicleId=0x7665682d3530, requestedHorizonMs=2500, confidence=100, planning.waypoints=1, offloadTaskId=probe-206, offloadPayload=1024 bytes}"
5g-receiver,1783021514904107615,edge4av-real-20260702-multiclient-scalability-run-4,p5g-scale-mqtt-payload-1024-clients-100,scale,guided-planning,mqtt,,veh-50,rsu-1,p5g-scale-mqtt-payload-1024-clients-100-veh-50-207,ipi-session-1,multiclient-scalability-run-4,veh-50,207,100-clients,default,stationary,unsynced,true,true,clients,100,count,IPI-CooperativeService,1098,1783021579681375652,1783021514904064920,1783021514904107615,,,,,,"CooperativeService{guidedPlanning, status=request, vehicleId=0x7665682d3530, requestedHorizonMs=2500, confidence=100, planning.waypoints=1, offloadTaskId=probe-207, offloadPayload=1024 bytes}"
5g-receiver,1783021515142087255,edge4av-real-20260702-multiclient-scalability-run-4,p5g-scale-mqtt-payload-1024-clients-100,scale,guided-planning,mqtt,,veh-50,rsu-1,p5g-scale-mqtt-payload-1024-clients-100-veh-50-208,ipi-session-1,multiclient-scalability-run-4,veh-50,208,100-clients,default,stationary,unsynced,true,true,clients,100,count,IPI-CooperativeService,1098,1783021579917269037,1783021515142036104,1783021515142087255,,,,,,"CooperativeService{guidedPlanning, status=request, vehicleId=0x7665682d3530, requestedHorizonMs=2500, confidence=100, planning.waypoints=1, offloadTaskId=probe-208, offloadPayload=1024 bytes}"
5g-receiver,1783021515393078068,edge4av-real-20260702-multiclient-scalability-run-4,p5g-scale-mqtt-payload-1024-clients-100,scale,guided-planning,mqtt,,veh-50,rsu-1,p5g-scale-mqtt-payload-1024-clients-100-veh-50-209,ipi-session-1,multiclient-scalability-run-4,veh-50,209,100-clients,default,stationary,unsynced,true,true,clients,100,count,IPI-CooperativeService,1098,1783021580157366466,1783021515393035136,1783021515393078068,,,,,,"CooperativeService{guidedPlanning, status=request, vehicleId=0x7665682d3530, requestedHorizonMs=2500, confidence=100, planning.waypoints=1, offloadTaskId=probe-209, offloadPayload=1024 bytes}"
5g-receiver,1783021515643095488,edge4av-real-20260702-multiclient-scalability-run-4,p5g-scale-mqtt-payload-1024-clients-100,scale,guided-planning,mqtt,,veh-50,rsu-1,p5g-scale-mqtt-payload-1024-clients-100-veh-50-210,ipi-session-1,multiclient-scalability-run-4,veh-50,210,100-clients,default,stationary,unsynced,true,true,clients,100,count,IPI-CooperativeService,1098,1783021580409371869,1783021515643031572,1783021515643095488,,,,,,"CooperativeService{guidedPlanning, status=request, vehicleId=0x7665682d3530, requestedHorizonMs=2500, confidence=100, planning.waypoints=1, offloadTaskId=probe-210, offloadPayload=1024 bytes}"
5g-receiver,1783021515886546060,edge4av-real-20260702-multiclient-scalability-run-4,p5g-scale-mqtt-payload-1024-clients-100,scale,guided-planning,mqtt,,veh-50,rsu-1,p5g-scale-mqtt-payload-1024-clients-100-veh-50-211,ipi-session-1,multiclient-scalability-run-4,veh-50,211,100-clients,default,stationary,unsynced,true,true,clients,100,count,IPI-CooperativeService,1098,1783021580659334191,1783021515886502520,1783021515886546060,,,,,,"CooperativeService{guidedPlanning, status=request, vehicleId=0x7665682d3530, requestedHorizonMs=2500, confidence=100, planning.waypoints=1, offloadTaskId=probe-211, offloadPayload=1024 bytes}"
5g-receiver,1783021516126671404,edge4av-real-20260702-multiclient-scalability-run-4,p5g-scale-mqtt-payload-1024-clients-100,scale,guided-planning,mqtt,,veh-50,rsu-1,p5g-scale-mqtt-payload-1024-clients-100-veh-50-212,ipi-session-1,multiclient-scalability-run-4,veh-50,212,100-clients,default,stationary,unsynced,true,true,clients,100,count,IPI-CooperativeService,1098,1783021580901244338,1783021516126628117,1783021516126671404,,,,,,"CooperativeService{guidedPlanning, status=request, vehicleId=0x7665682d3530, requestedHorizonMs=2500, confidence=100, planning.waypoints=1, offloadTaskId=probe-212, offloadPayload=1024 bytes}"
5g-receiver,1783021516366584684,edge4av-real-20260702-multiclient-scalability-run-4,p5g-scale-mqtt-payload-1024-clients-100,scale,guided-planning,mqtt,,veh-50,rsu-1,p5g-scale-mqtt-payload-1024-clients-100-veh-50-213,ipi-session-1,multiclient-scalability-run-4,veh-50,213,100-clients,default,stationary,unsynced,true,true,clients,100,count,IPI-CooperativeService,1098,1783021581139298978,1783021516366541502,1783021516366584684,,,,,,"CooperativeService{guidedPlanning, status=request, vehicleId=0x7665682d3530, requestedHorizonMs=2500, confidence=100, planning.waypoints=1, offloadTaskId=probe-213, offloadPayload=1024 bytes}"
5g-receiver,1783021516605136722,edge4av-real-20260702-multiclient-scalability-run-4,p5g-scale-mqtt-payload-1024-clients-100,scale,guided-planning,mqtt,,veh-50,rsu-1,p5g-scale-mqtt-payload-1024-clients-100-veh-50-214,ipi-session-1,multiclient-scalability-run-4,veh-50,214,100-clients,default,stationary,unsynced,true,true,clients,100,count,IPI-CooperativeService,1098,1783021581379312402,1783021516605093268,1783021516605136722,,,,,,"CooperativeService{guidedPlanning, status=request, vehicleId=0x7665682d3530, requestedHorizonMs=2500, confidence=100, planning.waypoints=1, offloadTaskId=probe-214, offloadPayload=1024 bytes}"
5g-receiver,1783021516846930240,edge4av-real-20260702-multiclient-scalability-run-4,p5g-scale-mqtt-payload-1024-clients-100,scale,guided-planning,mqtt,,veh-50,rsu-1,p5g-scale-mqtt-payload-1024-clients-100-veh-50-215,ipi-session-1,multiclient-scalability-run-4,veh-50,215,100-clients,default,stationary,unsynced,true,true,clients,100,count,IPI-CooperativeService,1098,1783021581619186574,1783021516846887375,1783021516846930240,,,,,,"CooperativeService{guidedPlanning, status=request, vehicleId=0x7665682d3530, requestedHorizonMs=2500, confidence=100, planning.waypoints=1, offloadTaskId=probe-215, offloadPayload=1024 bytes}"
5g-receiver,1783021517087816604,edge4av-real-20260702-multiclient-scalability-run-4,p5g-scale-mqtt-payload-1024-clients-100,scale,guided-planning,mqtt,,veh-50,rsu-1,p5g-scale-mqtt-payload-1024-clients-100-veh-50-216,ipi-session-1,multiclient-scalability-run-4,veh-50,216,100-clients,default,stationary,unsynced,true,true,clients,100,count,IPI-CooperativeService,1098,1783021581861410424,1783021517087754717,1783021517087816604,,,,,,"CooperativeService{guidedPlanning, status=request, vehicleId=0x7665682d3530, requestedHorizonMs=2500, confidence=100, planning.waypoints=1, offloadTaskId=probe-216, offloadPayload=1024 bytes}"
5g-receiver,1783021517337479833,edge4av-real-20260702-multiclient-scalability-run-4,p5g-scale-mqtt-payload-1024-clients-100,scale,guided-planning,mqtt,,veh-50,rsu-1,p5g-scale-mqtt-payload-1024-clients-100-veh-50-217,ipi-session-1,multiclient-scalability-run-4,veh-50,217,100-clients,default,stationary,unsynced,true,true,clients,100,count,IPI-CooperativeService,1098,1783021582103225569,1783021517337436081,1783021517337479833,,,,,,"CooperativeService{guidedPlanning, status=request, vehicleId=0x7665682d3530, requestedHorizonMs=2500, confidence=100, planning.waypoints=1, offloadTaskId=probe-217, offloadPayload=1024 bytes}"
5g-receiver,1783021517567325114,edge4av-real-20260702-multiclient-scalability-run-4,p5g-scale-mqtt-payload-1024-clients-100,scale,guided-planning,mqtt,,veh-50,rsu-1,p5g-scale-mqtt-payload-1024-clients-100-veh-50-218,ipi-session-1,multiclient-scalability-run-4,veh-50,218,100-clients,default,stationary,unsynced,true,true,clients,100,count,IPI-CooperativeService,1098,1783021582355356833,1783021517567266016,1783021517567325114,,,,,,"CooperativeService{guidedPlanning, status=request, vehicleId=0x7665682d3530, requestedHorizonMs=2500, confidence=100, planning.waypoints=1, offloadTaskId=probe-218, offloadPayload=1024 bytes}"
5g-receiver,1783021517810512510,edge4av-real-20260702-multiclient-scalability-run-4,p5g-scale-mqtt-payload-1024-clients-100,scale,guided-planning,mqtt,,veh-50,rsu-1,p5g-scale-mqtt-payload-1024-clients-100-veh-50-219,ipi-session-1,multiclient-scalability-run-4,veh-50,219,100-clients,default,stationary,unsynced,true,true,clients,100,count,IPI-CooperativeService,1098,1783021582583252662,1783021517810458190,1783021517810512510,,,,,,"CooperativeService{guidedPlanning, status=request, vehicleId=0x7665682d3530, requestedHorizonMs=2500, confidence=100, planning.waypoints=1, offloadTaskId=probe-219, offloadPayload=1024 bytes}"
5g-receiver,1783021518058603991,edge4av-real-20260702-multiclient-scalability-run-4,p5g-scale-mqtt-payload-1024-clients-100,scale,guided-planning,mqtt,,veh-50,rsu-1,p5g-scale-mqtt-payload-1024-clients-100-veh-50-220,ipi-session-1,multiclient-scalability-run-4,veh-50,220,100-clients,default,stationary,unsynced,true,true,clients,100,count,IPI-CooperativeService,1098,1783021582825239302,1783021518058560627,1783021518058603991,,,,,,"CooperativeService{guidedPlanning, status=request, vehicleId=0x7665682d3530, requestedHorizonMs=2500, confidence=100, planning.waypoints=1, offloadTaskId=probe-220, offloadPayload=1024 bytes}"
5g-receiver,1783021518298184614,edge4av-real-20260702-multiclient-scalability-run-4,p5g-scale-mqtt-payload-1024-clients-100,scale,guided-planning,mqtt,,veh-50,rsu-1,p5g-scale-mqtt-payload-1024-clients-100-veh-50-221,ipi-session-1,multiclient-scalability-run-4,veh-50,221,100-clients,default,stationary,unsynced,true,true,clients,100,count,IPI-CooperativeService,1098,1783021583073164433,1783021518298108474,1783021518298184614,,,,,,"CooperativeService{guidedPlanning, status=request, vehicleId=0x7665682d3530, requestedHorizonMs=2500, confidence=100, planning.waypoints=1, offloadTaskId=probe-221, offloadPayload=1024 bytes}"
5g-receiver,1783021518539620934,edge4av-real-20260702-multiclient-scalability-run-4,p5g-scale-mqtt-payload-1024-clients-100,scale,guided-planning,mqtt,,veh-50,rsu-1,p5g-scale-mqtt-payload-1024-clients-100-veh-50-222,ipi-session-1,multiclient-scalability-run-4,veh-50,222,100-clients,default,stationary,unsynced,true,true,clients,100,count,IPI-CooperativeService,1098,1783021583313365558,1783021518539577648,1783021518539620934,,,,,,"CooperativeService{guidedPlanning, status=request, vehicleId=0x7665682d3530, requestedHorizonMs=2500, confidence=100, planning.waypoints=1, offloadTaskId=probe-222, offloadPayload=1024 bytes}"
5g-receiver,1783021518778968109,edge4av-real-20260702-multiclient-scalability-run-4,p5g-scale-mqtt-payload-1024-clients-100,scale,guided-planning,mqtt,,veh-50,rsu-1,p5g-scale-mqtt-payload-1024-clients-100-veh-50-223,ipi-session-1,multiclient-scalability-run-4,veh-50,223,100-clients,default,stationary,unsynced,true,true,clients,100,count,IPI-CooperativeService,1098,1783021583553314036,1783021518778910037,1783021518778968109,,,,,,"CooperativeService{guidedPlanning, status=request, vehicleId=0x7665682d3530, requestedHorizonMs=2500, confidence=100, planning.waypoints=1, offloadTaskId=probe-223, offloadPayload=1024 bytes}"
5g-receiver,1783021519018151050,edge4av-real-20260702-multiclient-scalability-run-4,p5g-scale-mqtt-payload-1024-clients-100,scale,guided-planning,mqtt,,veh-50,rsu-1,p5g-scale-mqtt-payload-1024-clients-100-veh-50-224,ipi-session-1,multiclient-scalability-run-4,veh-50,224,100-clients,default,stationary,unsynced,true,true,clients,100,count,IPI-CooperativeService,1098,1783021583793359005,1783021519018099684,1783021519018151050,,,,,,"CooperativeService{guidedPlanning, status=request, vehicleId=0x7665682d3530, requestedHorizonMs=2500, confidence=100, planning.waypoints=1, offloadTaskId=probe-224, offloadPayload=1024 bytes}"
5g-receiver,1783021519260759783,edge4av-real-20260702-multiclient-scalability-run-4,p5g-scale-mqtt-payload-1024-clients-100,scale,guided-planning,mqtt,,veh-50,rsu-1,p5g-scale-mqtt-payload-1024-clients-100-veh-50-225,ipi-session-1,multiclient-scalability-run-4,veh-50,225,100-clients,default,stationary,unsynced,true,true,clients,100,count,IPI-CooperativeService,1098,1783021584033360263,1783021519260702157,1783021519260759783,,,,,,"CooperativeService{guidedPlanning, status=request, vehicleId=0x7665682d3530, requestedHorizonMs=2500, confidence=100, planning.waypoints=1, offloadTaskId=probe-225, offloadPayload=1024 bytes}"
5g-receiver,1783021519501885989,edge4av-real-20260702-multiclient-scalability-run-4,p5g-scale-mqtt-payload-1024-clients-100,scale,guided-planning,mqtt,,veh-50,rsu-1,p5g-scale-mqtt-payload-1024-clients-100-veh-50-226,ipi-session-1,multiclient-scalability-run-4,veh-50,226,100-clients,default,stationary,unsynced,true,true,clients,100,count,IPI-CooperativeService,1098,1783021584277362620,1783021519501829930,1783021519501885989,,,,,,"CooperativeService{guidedPlanning, status=request, vehicleId=0x7665682d3530, requestedHorizonMs=2500, confidence=100, planning.waypoints=1, offloadTaskId=probe-226, offloadPayload=1024 bytes}"
5g-receiver,1783021519739561042,edge4av-real-20260702-multiclient-scalability-run-4,p5g-scale-mqtt-payload-1024-clients-100,scale,guided-planning,mqtt,,veh-50,rsu-1,p5g-scale-mqtt-payload-1024-clients-100-veh-50-227,ipi-session-1,multiclient-scalability-run-4,veh-50,227,100-clients,default,stationary,unsynced,true,true,clients,100,count,IPI-CooperativeService,1098,1783021584515247432,1783021519739517992,1783021519739561042,,,,,,"CooperativeService{guidedPlanning, status=request, vehicleId=0x7665682d3530, requestedHorizonMs=2500, confidence=100, planning.waypoints=1, offloadTaskId=probe-227, offloadPayload=1024 bytes}"
5g-receiver,1783021519990304933,edge4av-real-20260702-multiclient-scalability-run-4,p5g-scale-mqtt-payload-1024-clients-100,scale,guided-planning,mqtt,,veh-50,rsu-1,p5g-scale-mqtt-payload-1024-clients-100-veh-50-228,ipi-session-1,multiclient-scalability-run-4,veh-50,228,100-clients,default,stationary,unsynced,true,true,clients,100,count,IPI-CooperativeService,1098,1783021584757385649,1783021519990251692,1783021519990304933,,,,,,"CooperativeService{guidedPlanning, status=request, vehicleId=0x7665682d3530, requestedHorizonMs=2500, confidence=100, planning.waypoints=1, offloadTaskId=probe-228, offloadPayload=1024 bytes}"
5g-receiver,1783021520233409373,edge4av-real-20260702-multiclient-scalability-run-4,p5g-scale-mqtt-payload-1024-clients-100,scale,guided-planning,mqtt,,veh-50,rsu-1,p5g-scale-mqtt-payload-1024-clients-100-veh-50-229,ipi-session-1,multiclient-scalability-run-4,veh-50,229,100-clients,default,stationary,unsynced,true,true,clients,100,count,IPI-CooperativeService,1098,1783021585011280072,1783021520233346845,1783021520233409373,,,,,,"CooperativeService{guidedPlanning, status=request, vehicleId=0x7665682d3530, requestedHorizonMs=2500, confidence=100, planning.waypoints=1, offloadTaskId=probe-229, offloadPayload=1024 bytes}"
5g-receiver,1783021520491276667,edge4av-real-20260702-multiclient-scalability-run-4,p5g-scale-mqtt-payload-1024-clients-100,scale,guided-planning,mqtt,,veh-50,rsu-1,p5g-scale-mqtt-payload-1024-clients-100-veh-50-230,ipi-session-1,multiclient-scalability-run-4,veh-50,230,100-clients,default,stationary,unsynced,true,true,clients,100,count,IPI-CooperativeService,1098,1783021585249329682,1783021520491216251,1783021520491276667,,,,,,"CooperativeService{guidedPlanning, status=request, vehicleId=0x7665682d3530, requestedHorizonMs=2500, confidence=100, planning.waypoints=1, offloadTaskId=probe-230, offloadPayload=1024 bytes}"
5g-receiver,1783021520742591107,edge4av-real-20260702-multiclient-scalability-run-4,p5g-scale-mqtt-payload-1024-clients-100,scale,guided-planning,mqtt,,veh-50,rsu-1,p5g-scale-mqtt-payload-1024-clients-100-veh-50-231,ipi-session-1,multiclient-scalability-run-4,veh-50,231,100-clients,default,stationary,unsynced,true,true,clients,100,count,IPI-CooperativeService,1098,1783021585507357238,1783021520742547406,1783021520742591107,,,,,,"CooperativeService{guidedPlanning, status=request, vehicleId=0x7665682d3530, requestedHorizonMs=2500, confidence=100, planning.waypoints=1, offloadTaskId=probe-231, offloadPayload=1024 bytes}"
5g-receiver,1783021521254789856,edge4av-real-20260702-multiclient-scalability-run-4,p5g-scale-mqtt-payload-1024-clients-100,scale,guided-planning,mqtt,,veh-50,rsu-1,p5g-scale-mqtt-payload-1024-clients-100-veh-50-232,ipi-session-1,multiclient-scalability-run-4,veh-50,232,100-clients,default,stationary,unsynced,true,true,clients,100,count,IPI-CooperativeService,1098,1783021585987302778,1783021521254746715,1783021521254789856,,,,,,"CooperativeService{guidedPlanning, status=request, vehicleId=0x7665682d3530, requestedHorizonMs=2500, confidence=100, planning.waypoints=1, offloadTaskId=probe-232, offloadPayload=1024 bytes}"
5g-receiver,1783021521502524399,edge4av-real-20260702-multiclient-scalability-run-4,p5g-scale-mqtt-payload-1024-clients-100,scale,guided-planning,mqtt,,veh-50,rsu-1,p5g-scale-mqtt-payload-1024-clients-100-veh-50-233,ipi-session-1,multiclient-scalability-run-4,veh-50,233,100-clients,default,stationary,unsynced,true,true,clients,100,count,IPI-CooperativeService,1098,1783021586269359464,1783021521502470240,1783021521502524399,,,,,,"CooperativeService{guidedPlanning, status=request, vehicleId=0x7665682d3530, requestedHorizonMs=2500, confidence=100, planning.waypoints=1, offloadTaskId=probe-233, offloadPayload=1024 bytes}"
5g-receiver,1783021521743628607,edge4av-real-20260702-multiclient-scalability-run-4,p5g-scale-mqtt-payload-1024-clients-100,scale,guided-planning,mqtt,,veh-50,rsu-1,p5g-scale-mqtt-payload-1024-clients-100-veh-50-234,ipi-session-1,multiclient-scalability-run-4,veh-50,234,100-clients,default,stationary,unsynced,true,true,clients,100,count,IPI-CooperativeService,1098,1783021586513500024,1783021521743585052,1783021521743628607,,,,,,"CooperativeService{guidedPlanning, status=request, vehicleId=0x7665682d3530, requestedHorizonMs=2500, confidence=100, planning.waypoints=1, offloadTaskId=probe-234, offloadPayload=1024 bytes}"
5g-receiver,1783021521983485049,edge4av-real-20260702-multiclient-scalability-run-4,p5g-scale-mqtt-payload-1024-clients-100,scale,guided-planning,mqtt,,veh-50,rsu-1,p5g-scale-mqtt-payload-1024-clients-100-veh-50-235,ipi-session-1,multiclient-scalability-run-4,veh-50,235,100-clients,default,stationary,unsynced,true,true,clients,100,count,IPI-CooperativeService,1098,1783021586757460522,1783021521983441794,1783021521983485049,,,,,,"CooperativeService{guidedPlanning, status=request, vehicleId=0x7665682d3530, requestedHorizonMs=2500, confidence=100, planning.waypoints=1, offloadTaskId=probe-235, offloadPayload=1024 bytes}"
5g-receiver,1783021522234119730,edge4av-real-20260702-multiclient-scalability-run-4,p5g-scale-mqtt-payload-1024-clients-100,scale,guided-planning,mqtt,,veh-50,rsu-1,p5g-scale-mqtt-payload-1024-clients-100-veh-50-236,ipi-session-1,multiclient-scalability-run-4,veh-50,236,100-clients,default,stationary,unsynced,true,true,clients,100,count,IPI-CooperativeService,1098,1783021587003273788,1783021522234070007,1783021522234119730,,,,,,"CooperativeService{guidedPlanning, status=request, vehicleId=0x7665682d3530, requestedHorizonMs=2500, confidence=100, planning.waypoints=1, offloadTaskId=probe-236, offloadPayload=1024 bytes}"
5g-receiver,1783021522474625914,edge4av-real-20260702-multiclient-scalability-run-4,p5g-scale-mqtt-payload-1024-clients-100,scale,guided-planning,mqtt,,veh-50,rsu-1,p5g-scale-mqtt-payload-1024-clients-100-veh-50-237,ipi-session-1,multiclient-scalability-run-4,veh-50,237,100-clients,default,stationary,unsynced,true,true,clients,100,count,IPI-CooperativeService,1098,1783021587245404113,1783021522474583206,1783021522474625914,,,,,,"CooperativeService{guidedPlanning, status=request, vehicleId=0x7665682d3530, requestedHorizonMs=2500, confidence=100, planning.waypoints=1, offloadTaskId=probe-237, offloadPayload=1024 bytes}"
5g-receiver,1783021522727339139,edge4av-real-20260702-multiclient-scalability-run-4,p5g-scale-mqtt-payload-1024-clients-100,scale,guided-planning,mqtt,,veh-50,rsu-1,p5g-scale-mqtt-payload-1024-clients-100-veh-50-238,ipi-session-1,multiclient-scalability-run-4,veh-50,238,100-clients,default,stationary,unsynced,true,true,clients,100,count,IPI-CooperativeService,1098,1783021587491303077,1783021522727282864,1783021522727339139,,,,,,"CooperativeService{guidedPlanning, status=request, vehicleId=0x7665682d3530, requestedHorizonMs=2500, confidence=100, planning.waypoints=1, offloadTaskId=probe-238, offloadPayload=1024 bytes}"
5g-receiver,1783021522976751792,edge4av-real-20260702-multiclient-scalability-run-4,p5g-scale-mqtt-payload-1024-clients-100,scale,guided-planning,mqtt,,veh-50,rsu-1,p5g-scale-mqtt-payload-1024-clients-100-veh-50-239,ipi-session-1,multiclient-scalability-run-4,veh-50,239,100-clients,default,stationary,unsynced,true,true,clients,100,count,IPI-CooperativeService,1098,1783021587741270073,1783021522976707373,1783021522976751792,,,,,,"CooperativeService{guidedPlanning, status=request, vehicleId=0x7665682d3530, requestedHorizonMs=2500, confidence=100, planning.waypoints=1, offloadTaskId=probe-239, offloadPayload=1024 bytes}"
5g-receiver,1783021523226537939,edge4av-real-20260702-multiclient-scalability-run-4,p5g-scale-mqtt-payload-1024-clients-100,scale,guided-planning,mqtt,,veh-50,rsu-1,p5g-scale-mqtt-payload-1024-clients-100-veh-50-240,ipi-session-1,multiclient-scalability-run-4,veh-50,240,100-clients,default,stationary,unsynced,true,true,clients,100,count,IPI-CooperativeService,1098,1783021587989355037,1783021523226494542,1783021523226537939,,,,,,"CooperativeService{guidedPlanning, status=request, vehicleId=0x7665682d3530, requestedHorizonMs=2500, confidence=100, planning.waypoints=1, offloadTaskId=probe-240, offloadPayload=1024 bytes}"
5g-receiver,1783021523479765580,edge4av-real-20260702-multiclient-scalability-run-4,p5g-scale-mqtt-payload-1024-clients-100,scale,guided-planning,mqtt,,veh-50,rsu-1,p5g-scale-mqtt-payload-1024-clients-100-veh-50-241,ipi-session-1,multiclient-scalability-run-4,veh-50,241,100-clients,default,stationary,unsynced,true,true,clients,100,count,IPI-CooperativeService,1098,1783021588239334533,1783021523479707069,1783021523479765580,,,,,,"CooperativeService{guidedPlanning, status=request, vehicleId=0x7665682d3530, requestedHorizonMs=2500, confidence=100, planning.waypoints=1, offloadTaskId=probe-241, offloadPayload=1024 bytes}"
5g-receiver,1783021523731121692,edge4av-real-20260702-multiclient-scalability-run-4,p5g-scale-mqtt-payload-1024-clients-100,scale,guided-planning,mqtt,,veh-50,rsu-1,p5g-scale-mqtt-payload-1024-clients-100-veh-50-242,ipi-session-1,multiclient-scalability-run-4,veh-50,242,100-clients,default,stationary,unsynced,true,true,clients,100,count,IPI-CooperativeService,1098,1783021588493482019,1783021523731078306,1783021523731121692,,,,,,"CooperativeService{guidedPlanning, status=request, vehicleId=0x7665682d3530, requestedHorizonMs=2500, confidence=100, planning.waypoints=1, offloadTaskId=probe-242, offloadPayload=1024 bytes}"
5g-receiver,1783021523978087258,edge4av-real-20260702-multiclient-scalability-run-4,p5g-scale-mqtt-payload-1024-clients-100,scale,guided-planning,mqtt,,veh-50,rsu-1,p5g-scale-mqtt-payload-1024-clients-100-veh-50-243,ipi-session-1,multiclient-scalability-run-4,veh-50,243,100-clients,default,stationary,unsynced,true,true,clients,100,count,IPI-CooperativeService,1098,1783021588741365169,1783021523978031253,1783021523978087258,,,,,,"CooperativeService{guidedPlanning, status=request, vehicleId=0x7665682d3530, requestedHorizonMs=2500, confidence=100, planning.waypoints=1, offloadTaskId=probe-243, offloadPayload=1024 bytes}"
5g-receiver,1783021524219610735,edge4av-real-20260702-multiclient-scalability-run-4,p5g-scale-mqtt-payload-1024-clients-100,scale,guided-planning,mqtt,,veh-50,rsu-1,p5g-scale-mqtt-payload-1024-clients-100-veh-50-244,ipi-session-1,multiclient-scalability-run-4,veh-50,244,100-clients,default,stationary,unsynced,true,true,clients,100,count,IPI-CooperativeService,1098,1783021588991310985,1783021524219547389,1783021524219610735,,,,,,"CooperativeService{guidedPlanning, status=request, vehicleId=0x7665682d3530, requestedHorizonMs=2500, confidence=100, planning.waypoints=1, offloadTaskId=probe-244, offloadPayload=1024 bytes}"
5g-receiver,1783021524457809219,edge4av-real-20260702-multiclient-scalability-run-4,p5g-scale-mqtt-payload-1024-clients-100,scale,guided-planning,mqtt,,veh-50,rsu-1,p5g-scale-mqtt-payload-1024-clients-100-veh-50-245,ipi-session-1,multiclient-scalability-run-4,veh-50,245,100-clients,default,stationary,unsynced,true,true,clients,100,count,IPI-CooperativeService,1098,1783021589233364614,1783021524457765998,1783021524457809219,,,,,,"CooperativeService{guidedPlanning, status=request, vehicleId=0x7665682d3530, requestedHorizonMs=2500, confidence=100, planning.waypoints=1, offloadTaskId=probe-245, offloadPayload=1024 bytes}"
5g-receiver,1783021524708854503,edge4av-real-20260702-multiclient-scalability-run-4,p5g-scale-mqtt-payload-1024-clients-100,scale,guided-planning,mqtt,,veh-50,rsu-1,p5g-scale-mqtt-payload-1024-clients-100-veh-50-246,ipi-session-1,multiclient-scalability-run-4,veh-50,246,100-clients,default,stationary,unsynced,true,true,clients,100,count,IPI-CooperativeService,1098,1783021589471502085,1783021524708801844,1783021524708854503,,,,,,"CooperativeService{guidedPlanning, status=request, vehicleId=0x7665682d3530, requestedHorizonMs=2500, confidence=100, planning.waypoints=1, offloadTaskId=probe-246, offloadPayload=1024 bytes}"
5g-receiver,1783021524950285019,edge4av-real-20260702-multiclient-scalability-run-4,p5g-scale-mqtt-payload-1024-clients-100,scale,guided-planning,mqtt,,veh-50,rsu-1,p5g-scale-mqtt-payload-1024-clients-100-veh-50-247,ipi-session-1,multiclient-scalability-run-4,veh-50,247,100-clients,default,stationary,unsynced,true,true,clients,100,count,IPI-CooperativeService,1098,1783021589721432803,1783021524950228080,1783021524950285019,,,,,,"CooperativeService{guidedPlanning, status=request, vehicleId=0x7665682d3530, requestedHorizonMs=2500, confidence=100, planning.waypoints=1, offloadTaskId=probe-247, offloadPayload=1024 bytes}"
5g-receiver,1783021525182375331,edge4av-real-20260702-multiclient-scalability-run-4,p5g-scale-mqtt-payload-1024-clients-100,scale,guided-planning,mqtt,,veh-50,rsu-1,p5g-scale-mqtt-payload-1024-clients-100-veh-50-248,ipi-session-1,multiclient-scalability-run-4,veh-50,248,100-clients,default,stationary,unsynced,true,true,clients,100,count,IPI-CooperativeService,1098,1783021589963272933,1783021525182314662,1783021525182375331,,,,,,"CooperativeService{guidedPlanning, status=request, vehicleId=0x7665682d3530, requestedHorizonMs=2500, confidence=100, planning.waypoints=1, offloadTaskId=probe-248, offloadPayload=1024 bytes}"
5g-receiver,1783021525429787228,edge4av-real-20260702-multiclient-scalability-run-4,p5g-scale-mqtt-payload-1024-clients-100,scale,guided-planning,mqtt,,veh-50,rsu-1,p5g-scale-mqtt-payload-1024-clients-100-veh-50-249,ipi-session-1,multiclient-scalability-run-4,veh-50,249,100-clients,default,stationary,unsynced,true,true,clients,100,count,IPI-CooperativeService,1098,1783021590199239038,1783021525429708176,1783021525429787228,,,,,,"CooperativeService{guidedPlanning, status=request, vehicleId=0x7665682d3530, requestedHorizonMs=2500, confidence=100, planning.waypoints=1, offloadTaskId=probe-249, offloadPayload=1024 bytes}"
5g-receiver,1783021525690456922,edge4av-real-20260702-multiclient-scalability-run-4,p5g-scale-mqtt-payload-1024-clients-100,scale,guided-planning,mqtt,,veh-50,rsu-1,p5g-scale-mqtt-payload-1024-clients-100-veh-50-250,ipi-session-1,multiclient-scalability-run-4,veh-50,250,100-clients,default,stationary,unsynced,true,true,clients,100,count,IPI-CooperativeService,1098,1783021590449400417,1783021525690413996,1783021525690456922,,,,,,"CooperativeService{guidedPlanning, status=request, vehicleId=0x7665682d3530, requestedHorizonMs=2500, confidence=100, planning.waypoints=1, offloadTaskId=probe-250, offloadPayload=1024 bytes}"
5g-receiver,1783021525943559712,edge4av-real-20260702-multiclient-scalability-run-4,p5g-scale-mqtt-payload-1024-clients-100,scale,guided-planning,mqtt,,veh-50,rsu-1,p5g-scale-mqtt-payload-1024-clients-100-veh-50-251,ipi-session-1,multiclient-scalability-run-4,veh-50,251,100-clients,default,stationary,unsynced,true,true,clients,100,count,IPI-CooperativeService,1098,1783021590705309500,1783021525943499191,1783021525943559712,,,,,,"CooperativeService{guidedPlanning, status=request, vehicleId=0x7665682d3530, requestedHorizonMs=2500, confidence=100, planning.waypoints=1, offloadTaskId=probe-251, offloadPayload=1024 bytes}"
5g-receiver,1783021526182439829,edge4av-real-20260702-multiclient-scalability-run-4,p5g-scale-mqtt-payload-1024-clients-100,scale,guided-planning,mqtt,,veh-50,rsu-1,p5g-scale-mqtt-payload-1024-clients-100-veh-50-252,ipi-session-1,multiclient-scalability-run-4,veh-50,252,100-clients,default,stationary,unsynced,true,true,clients,100,count,IPI-CooperativeService,1098,1783021590959643783,1783021526182375842,1783021526182439829,,,,,,"CooperativeService{guidedPlanning, status=request, vehicleId=0x7665682d3530, requestedHorizonMs=2500, confidence=100, planning.waypoints=1, offloadTaskId=probe-252, offloadPayload=1024 bytes}"
5g-receiver,1783021526421095237,edge4av-real-20260702-multiclient-scalability-run-4,p5g-scale-mqtt-payload-1024-clients-100,scale,guided-planning,mqtt,,veh-50,rsu-1,p5g-scale-mqtt-payload-1024-clients-100-veh-50-253,ipi-session-1,multiclient-scalability-run-4,veh-50,253,100-clients,default,stationary,unsynced,true,true,clients,100,count,IPI-CooperativeService,1098,1783021591197360849,1783021526421051778,1783021526421095237,,,,,,"CooperativeService{guidedPlanning, status=request, vehicleId=0x7665682d3530, requestedHorizonMs=2500, confidence=100, planning.waypoints=1, offloadTaskId=probe-253, offloadPayload=1024 bytes}"
5g-receiver,1783021526661749673,edge4av-real-20260702-multiclient-scalability-run-4,p5g-scale-mqtt-payload-1024-clients-100,scale,guided-planning,mqtt,,veh-50,rsu-1,p5g-scale-mqtt-payload-1024-clients-100-veh-50-254,ipi-session-1,multiclient-scalability-run-4,veh-50,254,100-clients,default,stationary,unsynced,true,true,clients,100,count,IPI-CooperativeService,1098,1783021591437370568,1783021526661706117,1783021526661749673,,,,,,"CooperativeService{guidedPlanning, status=request, vehicleId=0x7665682d3530, requestedHorizonMs=2500, confidence=100, planning.waypoints=1, offloadTaskId=probe-254, offloadPayload=1024 bytes}"
5g-receiver,1783021526952478415,edge4av-real-20260702-multiclient-scalability-run-4,p5g-scale-mqtt-payload-1024-clients-100,scale,guided-planning,mqtt,,veh-50,rsu-1,p5g-scale-mqtt-payload-1024-clients-100-veh-50-255,ipi-session-1,multiclient-scalability-run-4,veh-50,255,100-clients,default,stationary,unsynced,true,true,clients,100,count,IPI-CooperativeService,1098,1783021591718562639,1783021526952417493,1783021526952478415,,,,,,"CooperativeService{guidedPlanning, status=request, vehicleId=0x7665682d3530, requestedHorizonMs=2500, confidence=100, planning.waypoints=1, offloadTaskId=probe-255, offloadPayload=1024 bytes}"
5g-receiver,1783021527192373317,edge4av-real-20260702-multiclient-scalability-run-4,p5g-scale-mqtt-payload-1024-clients-100,scale,guided-planning,mqtt,,veh-50,rsu-1,p5g-scale-mqtt-payload-1024-clients-100-veh-50-256,ipi-session-1,multiclient-scalability-run-4,veh-50,256,100-clients,default,stationary,unsynced,true,true,clients,100,count,IPI-CooperativeService,1098,1783021591965458612,1783021527192330647,1783021527192373317,,,,,,"CooperativeService{guidedPlanning, status=request, vehicleId=0x7665682d3530, requestedHorizonMs=2500, confidence=100, planning.waypoints=1, offloadTaskId=probe-256, offloadPayload=1024 bytes}"
5g-receiver,1783021527434675496,edge4av-real-20260702-multiclient-scalability-run-4,p5g-scale-mqtt-payload-1024-clients-100,scale,guided-planning,mqtt,,veh-50,rsu-1,p5g-scale-mqtt-payload-1024-clients-100-veh-50-257,ipi-session-1,multiclient-scalability-run-4,veh-50,257,100-clients,default,stationary,unsynced,true,true,clients,100,count,IPI-CooperativeService,1098,1783021592207337500,1783021527434632716,1783021527434675496,,,,,,"CooperativeService{guidedPlanning, status=request, vehicleId=0x7665682d3530, requestedHorizonMs=2500, confidence=100, planning.waypoints=1, offloadTaskId=probe-257, offloadPayload=1024 bytes}"
5g-receiver,1783021527673482962,edge4av-real-20260702-multiclient-scalability-run-4,p5g-scale-mqtt-payload-1024-clients-100,scale,guided-planning,mqtt,,veh-50,rsu-1,p5g-scale-mqtt-payload-1024-clients-100-veh-50-258,ipi-session-1,multiclient-scalability-run-4,veh-50,258,100-clients,default,stationary,unsynced,true,true,clients,100,count,IPI-CooperativeService,1098,1783021592453596225,1783021527673440781,1783021527673482962,,,,,,"CooperativeService{guidedPlanning, status=request, vehicleId=0x7665682d3530, requestedHorizonMs=2500, confidence=100, planning.waypoints=1, offloadTaskId=probe-258, offloadPayload=1024 bytes}"
5g-receiver,1783021527915708195,edge4av-real-20260702-multiclient-scalability-run-4,p5g-scale-mqtt-payload-1024-clients-100,scale,guided-planning,mqtt,,veh-50,rsu-1,p5g-scale-mqtt-payload-1024-clients-100-veh-50-259,ipi-session-1,multiclient-scalability-run-4,veh-50,259,100-clients,default,stationary,unsynced,true,true,clients,100,count,IPI-CooperativeService,1098,1783021592685449608,1783021527915664439,1783021527915708195,,,,,,"CooperativeService{guidedPlanning, status=request, vehicleId=0x7665682d3530, requestedHorizonMs=2500, confidence=100, planning.waypoints=1, offloadTaskId=probe-259, offloadPayload=1024 bytes}"
5g-receiver,1783021528207100547,edge4av-real-20260702-multiclient-scalability-run-4,p5g-scale-mqtt-payload-1024-clients-100,scale,guided-planning,mqtt,,veh-50,rsu-1,p5g-scale-mqtt-payload-1024-clients-100-veh-50-260,ipi-session-1,multiclient-scalability-run-4,veh-50,260,100-clients,default,stationary,unsynced,true,true,clients,100,count,IPI-CooperativeService,1098,1783021592929247863,1783021528207057398,1783021528207100547,,,,,,"CooperativeService{guidedPlanning, status=request, vehicleId=0x7665682d3530, requestedHorizonMs=2500, confidence=100, planning.waypoints=1, offloadTaskId=probe-260, offloadPayload=1024 bytes}"
5g-receiver,1783021528446003319,edge4av-real-20260702-multiclient-scalability-run-4,p5g-scale-mqtt-payload-1024-clients-100,scale,guided-planning,mqtt,,veh-50,rsu-1,p5g-scale-mqtt-payload-1024-clients-100-veh-50-261,ipi-session-1,multiclient-scalability-run-4,veh-50,261,100-clients,default,stationary,unsynced,true,true,clients,100,count,IPI-CooperativeService,1098,1783021593219335557,1783021528445961059,1783021528446003319,,,,,,"CooperativeService{guidedPlanning, status=request, vehicleId=0x7665682d3530, requestedHorizonMs=2500, confidence=100, planning.waypoints=1, offloadTaskId=probe-261, offloadPayload=1024 bytes}"
5g-receiver,1783021528736218144,edge4av-real-20260702-multiclient-scalability-run-4,p5g-scale-mqtt-payload-1024-clients-100,scale,guided-planning,mqtt,,veh-50,rsu-1,p5g-scale-mqtt-payload-1024-clients-100-veh-50-262,ipi-session-1,multiclient-scalability-run-4,veh-50,262,100-clients,default,stationary,unsynced,true,true,clients,100,count,IPI-CooperativeService,1098,1783021593477554209,1783021528736161484,1783021528736218144,,,,,,"CooperativeService{guidedPlanning, status=request, vehicleId=0x7665682d3530, requestedHorizonMs=2500, confidence=100, planning.waypoints=1, offloadTaskId=probe-262, offloadPayload=1024 bytes}"
5g-receiver,1783021528975837562,edge4av-real-20260702-multiclient-scalability-run-4,p5g-scale-mqtt-payload-1024-clients-100,scale,guided-planning,mqtt,,veh-50,rsu-1,p5g-scale-mqtt-payload-1024-clients-100-veh-50-263,ipi-session-1,multiclient-scalability-run-4,veh-50,263,100-clients,default,stationary,unsynced,true,true,clients,100,count,IPI-CooperativeService,1098,1783021593755366394,1783021528975794492,1783021528975837562,,,,,,"CooperativeService{guidedPlanning, status=request, vehicleId=0x7665682d3530, requestedHorizonMs=2500, confidence=100, planning.waypoints=1, offloadTaskId=probe-263, offloadPayload=1024 bytes}"
5g-receiver,1783021529206529105,edge4av-real-20260702-multiclient-scalability-run-4,p5g-scale-mqtt-payload-1024-clients-100,scale,guided-planning,mqtt,,veh-50,rsu-1,p5g-scale-mqtt-payload-1024-clients-100-veh-50-264,ipi-session-1,multiclient-scalability-run-4,veh-50,264,100-clients,default,stationary,unsynced,true,true,clients,100,count,IPI-CooperativeService,1098,1783021593989533811,1783021529206485319,1783021529206529105,,,,,,"CooperativeService{guidedPlanning, status=request, vehicleId=0x7665682d3530, requestedHorizonMs=2500, confidence=100, planning.waypoints=1, offloadTaskId=probe-264, offloadPayload=1024 bytes}"
5g-receiver,1783021529447977010,edge4av-real-20260702-multiclient-scalability-run-4,p5g-scale-mqtt-payload-1024-clients-100,scale,guided-planning,mqtt,,veh-50,rsu-1,p5g-scale-mqtt-payload-1024-clients-100-veh-50-265,ipi-session-1,multiclient-scalability-run-4,veh-50,265,100-clients,default,stationary,unsynced,true,true,clients,100,count,IPI-CooperativeService,1098,1783021594221280025,1783021529447921921,1783021529447977010,,,,,,"CooperativeService{guidedPlanning, status=request, vehicleId=0x7665682d3530, requestedHorizonMs=2500, confidence=100, planning.waypoints=1, offloadTaskId=probe-265, offloadPayload=1024 bytes}"
5g-receiver,1783021529689456237,edge4av-real-20260702-multiclient-scalability-run-4,p5g-scale-mqtt-payload-1024-clients-100,scale,guided-planning,mqtt,,veh-50,rsu-1,p5g-scale-mqtt-payload-1024-clients-100-veh-50-266,ipi-session-1,multiclient-scalability-run-4,veh-50,266,100-clients,default,stationary,unsynced,true,true,clients,100,count,IPI-CooperativeService,1098,1783021594461429290,1783021529689390194,1783021529689456237,,,,,,"CooperativeService{guidedPlanning, status=request, vehicleId=0x7665682d3530, requestedHorizonMs=2500, confidence=100, planning.waypoints=1, offloadTaskId=probe-266, offloadPayload=1024 bytes}"
5g-receiver,1783021529920569178,edge4av-real-20260702-multiclient-scalability-run-4,p5g-scale-mqtt-payload-1024-clients-100,scale,guided-planning,mqtt,,veh-50,rsu-1,p5g-scale-mqtt-payload-1024-clients-100-veh-50-267,ipi-session-1,multiclient-scalability-run-4,veh-50,267,100-clients,default,stationary,unsynced,true,true,clients,100,count,IPI-CooperativeService,1098,1783021594701412768,1783021529920511990,1783021529920569178,,,,,,"CooperativeService{guidedPlanning, status=request, vehicleId=0x7665682d3530, requestedHorizonMs=2500, confidence=100, planning.waypoints=1, offloadTaskId=probe-267, offloadPayload=1024 bytes}"
5g-receiver,1783021530171069233,edge4av-real-20260702-multiclient-scalability-run-4,p5g-scale-mqtt-payload-1024-clients-100,scale,guided-planning,mqtt,,veh-50,rsu-1,p5g-scale-mqtt-payload-1024-clients-100-veh-50-268,ipi-session-1,multiclient-scalability-run-4,veh-50,268,100-clients,default,stationary,unsynced,true,true,clients,100,count,IPI-CooperativeService,1098,1783021594931562698,1783021530171026025,1783021530171069233,,,,,,"CooperativeService{guidedPlanning, status=request, vehicleId=0x7665682d3530, requestedHorizonMs=2500, confidence=100, planning.waypoints=1, offloadTaskId=probe-268, offloadPayload=1024 bytes}"
5g-receiver,1783021530438088622,edge4av-real-20260702-multiclient-scalability-run-4,p5g-scale-mqtt-payload-1024-clients-100,scale,guided-planning,mqtt,,veh-50,rsu-1,p5g-scale-mqtt-payload-1024-clients-100-veh-50-269,ipi-session-1,multiclient-scalability-run-4,veh-50,269,100-clients,default,stationary,unsynced,true,true,clients,100,count,IPI-CooperativeService,1098,1783021595183364404,1783021530438046700,1783021530438088622,,,,,,"CooperativeService{guidedPlanning, status=request, vehicleId=0x7665682d3530, requestedHorizonMs=2500, confidence=100, planning.waypoints=1, offloadTaskId=probe-269, offloadPayload=1024 bytes}"
5g-receiver,1783021530679224253,edge4av-real-20260702-multiclient-scalability-run-4,p5g-scale-mqtt-payload-1024-clients-100,scale,guided-planning,mqtt,,veh-50,rsu-1,p5g-scale-mqtt-payload-1024-clients-100-veh-50-270,ipi-session-1,multiclient-scalability-run-4,veh-50,270,100-clients,default,stationary,unsynced,true,true,clients,100,count,IPI-CooperativeService,1098,1783021595453466655,1783021530679167922,1783021530679224253,,,,,,"CooperativeService{guidedPlanning, status=request, vehicleId=0x7665682d3530, requestedHorizonMs=2500, confidence=100, planning.waypoints=1, offloadTaskId=probe-270, offloadPayload=1024 bytes}"
5g-receiver,1783021530909394468,edge4av-real-20260702-multiclient-scalability-run-4,p5g-scale-mqtt-payload-1024-clients-100,scale,guided-planning,mqtt,,veh-50,rsu-1,p5g-scale-mqtt-payload-1024-clients-100-veh-50-271,ipi-session-1,multiclient-scalability-run-4,veh-50,271,100-clients,default,stationary,unsynced,true,true,clients,100,count,IPI-CooperativeService,1098,1783021595693500869,1783021530909351933,1783021530909394468,,,,,,"CooperativeService{guidedPlanning, status=request, vehicleId=0x7665682d3530, requestedHorizonMs=2500, confidence=100, planning.waypoints=1, offloadTaskId=probe-271, offloadPayload=1024 bytes}"
5g-receiver,1783021531149940842,edge4av-real-20260702-multiclient-scalability-run-4,p5g-scale-mqtt-payload-1024-clients-100,scale,guided-planning,mqtt,,veh-50,rsu-1,p5g-scale-mqtt-payload-1024-clients-100-veh-50-272,ipi-session-1,multiclient-scalability-run-4,veh-50,272,100-clients,default,stationary,unsynced,true,true,clients,100,count,IPI-CooperativeService,1098,1783021595923396476,1783021531149897722,1783021531149940842,,,,,,"CooperativeService{guidedPlanning, status=request, vehicleId=0x7665682d3530, requestedHorizonMs=2500, confidence=100, planning.waypoints=1, offloadTaskId=probe-272, offloadPayload=1024 bytes}"
5g-receiver,1783021531400772869,edge4av-real-20260702-multiclient-scalability-run-4,p5g-scale-mqtt-payload-1024-clients-100,scale,guided-planning,mqtt,,veh-50,rsu-1,p5g-scale-mqtt-payload-1024-clients-100-veh-50-273,ipi-session-1,multiclient-scalability-run-4,veh-50,273,100-clients,default,stationary,unsynced,true,true,clients,100,count,IPI-CooperativeService,1098,1783021596161495539,1783021531400730036,1783021531400772869,,,,,,"CooperativeService{guidedPlanning, status=request, vehicleId=0x7665682d3530, requestedHorizonMs=2500, confidence=100, planning.waypoints=1, offloadTaskId=probe-273, offloadPayload=1024 bytes}"
5g-receiver,1783021531650148014,edge4av-real-20260702-multiclient-scalability-run-4,p5g-scale-mqtt-payload-1024-clients-100,scale,guided-planning,mqtt,,veh-50,rsu-1,p5g-scale-mqtt-payload-1024-clients-100-veh-50-274,ipi-session-1,multiclient-scalability-run-4,veh-50,274,100-clients,default,stationary,unsynced,true,true,clients,100,count,IPI-CooperativeService,1098,1783021596413542417,1783021531650104602,1783021531650148014,,,,,,"CooperativeService{guidedPlanning, status=request, vehicleId=0x7665682d3530, requestedHorizonMs=2500, confidence=100, planning.waypoints=1, offloadTaskId=probe-274, offloadPayload=1024 bytes}"
5g-receiver,1783021532112702675,edge4av-real-20260702-multiclient-scalability-run-4,p5g-scale-mqtt-payload-1024-clients-100,scale,guided-planning,mqtt,,veh-50,rsu-1,p5g-scale-mqtt-payload-1024-clients-100-veh-50-275,ipi-session-1,multiclient-scalability-run-4,veh-50,275,100-clients,default,stationary,unsynced,true,true,clients,100,count,IPI-CooperativeService,1098,1783021596893524008,1783021532112620287,1783021532112702675,,,,,,"CooperativeService{guidedPlanning, status=request, vehicleId=0x7665682d3530, requestedHorizonMs=2500, confidence=100, planning.waypoints=1, offloadTaskId=probe-275, offloadPayload=1024 bytes}"
5g-receiver,1783021532361318675,edge4av-real-20260702-multiclient-scalability-run-4,p5g-scale-mqtt-payload-1024-clients-100,scale,guided-planning,mqtt,,veh-50,rsu-1,p5g-scale-mqtt-payload-1024-clients-100-veh-50-276,ipi-session-1,multiclient-scalability-run-4,veh-50,276,100-clients,default,stationary,unsynced,true,true,clients,100,count,IPI-CooperativeService,1098,1783021597127360369,1783021532361270997,1783021532361318675,,,,,,"CooperativeService{guidedPlanning, status=request, vehicleId=0x7665682d3530, requestedHorizonMs=2500, confidence=100, planning.waypoints=1, offloadTaskId=probe-276, offloadPayload=1024 bytes}"
5g-receiver,1783021532653117334,edge4av-real-20260702-multiclient-scalability-run-4,p5g-scale-mqtt-payload-1024-clients-100,scale,guided-planning,mqtt,,veh-50,rsu-1,p5g-scale-mqtt-payload-1024-clients-100-veh-50-277,ipi-session-1,multiclient-scalability-run-4,veh-50,277,100-clients,default,stationary,unsynced,true,true,clients,100,count,IPI-CooperativeService,1098,1783021597377448159,1783021532653058207,1783021532653117334,,,,,,"CooperativeService{guidedPlanning, status=request, vehicleId=0x7665682d3530, requestedHorizonMs=2500, confidence=100, planning.waypoints=1, offloadTaskId=probe-277, offloadPayload=1024 bytes}"
5g-receiver,1783021532902881578,edge4av-real-20260702-multiclient-scalability-run-4,p5g-scale-mqtt-payload-1024-clients-100,scale,guided-planning,mqtt,,veh-50,rsu-1,p5g-scale-mqtt-payload-1024-clients-100-veh-50-278,ipi-session-1,multiclient-scalability-run-4,veh-50,278,100-clients,default,stationary,unsynced,true,true,clients,100,count,IPI-CooperativeService,1098,1783021597671468097,1783021532902833817,1783021532902881578,,,,,,"CooperativeService{guidedPlanning, status=request, vehicleId=0x7665682d3530, requestedHorizonMs=2500, confidence=100, planning.waypoints=1, offloadTaskId=probe-278, offloadPayload=1024 bytes}"
5g-receiver,1783021533133681419,edge4av-real-20260702-multiclient-scalability-run-4,p5g-scale-mqtt-payload-1024-clients-100,scale,guided-planning,mqtt,,veh-50,rsu-1,p5g-scale-mqtt-payload-1024-clients-100-veh-50-279,ipi-session-1,multiclient-scalability-run-4,veh-50,279,100-clients,default,stationary,unsynced,true,true,clients,100,count,IPI-CooperativeService,1098,1783021597917317352,1783021533133630309,1783021533133681419,,,,,,"CooperativeService{guidedPlanning, status=request, vehicleId=0x7665682d3530, requestedHorizonMs=2500, confidence=100, planning.waypoints=1, offloadTaskId=probe-279, offloadPayload=1024 bytes}"
5g-receiver,1783021533365853262,edge4av-real-20260702-multiclient-scalability-run-4,p5g-scale-mqtt-payload-1024-clients-100,scale,guided-planning,mqtt,,veh-50,rsu-1,p5g-scale-mqtt-payload-1024-clients-100-veh-50-280,ipi-session-1,multiclient-scalability-run-4,veh-50,280,100-clients,default,stationary,unsynced,true,true,clients,100,count,IPI-CooperativeService,1098,1783021598143301497,1783021533365809663,1783021533365853262,,,,,,"CooperativeService{guidedPlanning, status=request, vehicleId=0x7665682d3530, requestedHorizonMs=2500, confidence=100, planning.waypoints=1, offloadTaskId=probe-280, offloadPayload=1024 bytes}"
5g-receiver,1783021533606889717,edge4av-real-20260702-multiclient-scalability-run-4,p5g-scale-mqtt-payload-1024-clients-100,scale,guided-planning,mqtt,,veh-50,rsu-1,p5g-scale-mqtt-payload-1024-clients-100-veh-50-281,ipi-session-1,multiclient-scalability-run-4,veh-50,281,100-clients,default,stationary,unsynced,true,true,clients,100,count,IPI-CooperativeService,1098,1783021598379527592,1783021533606833713,1783021533606889717,,,,,,"CooperativeService{guidedPlanning, status=request, vehicleId=0x7665682d3530, requestedHorizonMs=2500, confidence=100, planning.waypoints=1, offloadTaskId=probe-281, offloadPayload=1024 bytes}"
5g-receiver,1783021533856139690,edge4av-real-20260702-multiclient-scalability-run-4,p5g-scale-mqtt-payload-1024-clients-100,scale,guided-planning,mqtt,,veh-50,rsu-1,p5g-scale-mqtt-payload-1024-clients-100-veh-50-282,ipi-session-1,multiclient-scalability-run-4,veh-50,282,100-clients,default,stationary,unsynced,true,true,clients,100,count,IPI-CooperativeService,1098,1783021598623536979,1783021533856092422,1783021533856139690,,,,,,"CooperativeService{guidedPlanning, status=request, vehicleId=0x7665682d3530, requestedHorizonMs=2500, confidence=100, planning.waypoints=1, offloadTaskId=probe-282, offloadPayload=1024 bytes}"
5g-receiver,1783021534099025432,edge4av-real-20260702-multiclient-scalability-run-4,p5g-scale-mqtt-payload-1024-clients-100,scale,guided-planning,mqtt,,veh-50,rsu-1,p5g-scale-mqtt-payload-1024-clients-100-veh-50-283,ipi-session-1,multiclient-scalability-run-4,veh-50,283,100-clients,default,stationary,unsynced,true,true,clients,100,count,IPI-CooperativeService,1098,1783021598865412485,1783021534098962358,1783021534099025432,,,,,,"CooperativeService{guidedPlanning, status=request, vehicleId=0x7665682d3530, requestedHorizonMs=2500, confidence=100, planning.waypoints=1, offloadTaskId=probe-283, offloadPayload=1024 bytes}"
5g-receiver,1783021534344929829,edge4av-real-20260702-multiclient-scalability-run-4,p5g-scale-mqtt-payload-1024-clients-100,scale,guided-planning,mqtt,,veh-50,rsu-1,p5g-scale-mqtt-payload-1024-clients-100-veh-50-284,ipi-session-1,multiclient-scalability-run-4,veh-50,284,100-clients,default,stationary,unsynced,true,true,clients,100,count,IPI-CooperativeService,1098,1783021599111293317,1783021534344909731,1783021534344929829,,,,,,"CooperativeService{guidedPlanning, status=request, vehicleId=0x7665682d3530, requestedHorizonMs=2500, confidence=100, planning.waypoints=1, offloadTaskId=probe-284, offloadPayload=1024 bytes}"
5g-receiver,1783021534585484465,edge4av-real-20260702-multiclient-scalability-run-4,p5g-scale-mqtt-payload-1024-clients-100,scale,guided-planning,mqtt,,veh-50,rsu-1,p5g-scale-mqtt-payload-1024-clients-100-veh-50-285,ipi-session-1,multiclient-scalability-run-4,veh-50,285,100-clients,default,stationary,unsynced,true,true,clients,100,count,IPI-CooperativeService,1098,1783021599353458477,1783021534585471874,1783021534585484465,,,,,,"CooperativeService{guidedPlanning, status=request, vehicleId=0x7665682d3530, requestedHorizonMs=2500, confidence=100, planning.waypoints=1, offloadTaskId=probe-285, offloadPayload=1024 bytes}"
5g-receiver,1783021534867626569,edge4av-real-20260702-multiclient-scalability-run-4,p5g-scale-mqtt-payload-1024-clients-100,scale,guided-planning,mqtt,,veh-50,rsu-1,p5g-scale-mqtt-payload-1024-clients-100-veh-50-286,ipi-session-1,multiclient-scalability-run-4,veh-50,286,100-clients,default,stationary,unsynced,true,true,clients,100,count,IPI-CooperativeService,1098,1783021599601515131,1783021534867560187,1783021534867626569,,,,,,"CooperativeService{guidedPlanning, status=request, vehicleId=0x7665682d3530, requestedHorizonMs=2500, confidence=100, planning.waypoints=1, offloadTaskId=probe-286, offloadPayload=1024 bytes}"
5g-receiver,1783021535116442814,edge4av-real-20260702-multiclient-scalability-run-4,p5g-scale-mqtt-payload-1024-clients-100,scale,guided-planning,mqtt,,veh-50,rsu-1,p5g-scale-mqtt-payload-1024-clients-100-veh-50-287,ipi-session-1,multiclient-scalability-run-4,veh-50,287,100-clients,default,stationary,unsynced,true,true,clients,100,count,IPI-CooperativeService,1098,1783021599879487313,1783021535116399021,1783021535116442814,,,,,,"CooperativeService{guidedPlanning, status=request, vehicleId=0x7665682d3530, requestedHorizonMs=2500, confidence=100, planning.waypoints=1, offloadTaskId=probe-287, offloadPayload=1024 bytes}"
5g-receiver,1783021535357261368,edge4av-real-20260702-multiclient-scalability-run-4,p5g-scale-mqtt-payload-1024-clients-100,scale,guided-planning,mqtt,,veh-50,rsu-1,p5g-scale-mqtt-payload-1024-clients-100-veh-50-288,ipi-session-1,multiclient-scalability-run-4,veh-50,288,100-clients,default,stationary,unsynced,true,true,clients,100,count,IPI-CooperativeService,1098,1783021600129395216,1783021535357217851,1783021535357261368,,,,,,"CooperativeService{guidedPlanning, status=request, vehicleId=0x7665682d3530, requestedHorizonMs=2500, confidence=100, planning.waypoints=1, offloadTaskId=probe-288, offloadPayload=1024 bytes}"
5g-receiver,1783021535598618646,edge4av-real-20260702-multiclient-scalability-run-4,p5g-scale-mqtt-payload-1024-clients-100,scale,guided-planning,mqtt,,veh-50,rsu-1,p5g-scale-mqtt-payload-1024-clients-100-veh-50-289,ipi-session-1,multiclient-scalability-run-4,veh-50,289,100-clients,default,stationary,unsynced,true,true,clients,100,count,IPI-CooperativeService,1098,1783021600373654427,1783021535598575420,1783021535598618646,,,,,,"CooperativeService{guidedPlanning, status=request, vehicleId=0x7665682d3530, requestedHorizonMs=2500, confidence=100, planning.waypoints=1, offloadTaskId=probe-289, offloadPayload=1024 bytes}"
5g-receiver,1783021535838293369,edge4av-real-20260702-multiclient-scalability-run-4,p5g-scale-mqtt-payload-1024-clients-100,scale,guided-planning,mqtt,,veh-50,rsu-1,p5g-scale-mqtt-payload-1024-clients-100-veh-50-290,ipi-session-1,multiclient-scalability-run-4,veh-50,290,100-clients,default,stationary,unsynced,true,true,clients,100,count,IPI-CooperativeService,1098,1783021600613372596,1783021535838251118,1783021535838293369,,,,,,"CooperativeService{guidedPlanning, status=request, vehicleId=0x7665682d3530, requestedHorizonMs=2500, confidence=100, planning.waypoints=1, offloadTaskId=probe-290, offloadPayload=1024 bytes}"
5g-receiver,1783021536079080771,edge4av-real-20260702-multiclient-scalability-run-4,p5g-scale-mqtt-payload-1024-clients-100,scale,guided-planning,mqtt,,veh-50,rsu-1,p5g-scale-mqtt-payload-1024-clients-100-veh-50-291,ipi-session-1,multiclient-scalability-run-4,veh-50,291,100-clients,default,stationary,unsynced,true,true,clients,100,count,IPI-CooperativeService,1098,1783021600851450062,1783021536079033146,1783021536079080771,,,,,,"CooperativeService{guidedPlanning, status=request, vehicleId=0x7665682d3530, requestedHorizonMs=2500, confidence=100, planning.waypoints=1, offloadTaskId=probe-291, offloadPayload=1024 bytes}"
5g-receiver,1783021536309640163,edge4av-real-20260702-multiclient-scalability-run-4,p5g-scale-mqtt-payload-1024-clients-100,scale,guided-planning,mqtt,,veh-50,rsu-1,p5g-scale-mqtt-payload-1024-clients-100-veh-50-292,ipi-session-1,multiclient-scalability-run-4,veh-50,292,100-clients,default,stationary,unsynced,true,true,clients,100,count,IPI-CooperativeService,1098,1783021601093531416,1783021536309596832,1783021536309640163,,,,,,"CooperativeService{guidedPlanning, status=request, vehicleId=0x7665682d3530, requestedHorizonMs=2500, confidence=100, planning.waypoints=1, offloadTaskId=probe-292, offloadPayload=1024 bytes}"
5g-receiver,1783021536550359814,edge4av-real-20260702-multiclient-scalability-run-4,p5g-scale-mqtt-payload-1024-clients-100,scale,guided-planning,mqtt,,veh-50,rsu-1,p5g-scale-mqtt-payload-1024-clients-100-veh-50-293,ipi-session-1,multiclient-scalability-run-4,veh-50,293,100-clients,default,stationary,unsynced,true,true,clients,100,count,IPI-CooperativeService,1098,1783021601321505764,1783021536550316004,1783021536550359814,,,,,,"CooperativeService{guidedPlanning, status=request, vehicleId=0x7665682d3530, requestedHorizonMs=2500, confidence=100, planning.waypoints=1, offloadTaskId=probe-293, offloadPayload=1024 bytes}"
5g-receiver,1783021536790608140,edge4av-real-20260702-multiclient-scalability-run-4,p5g-scale-mqtt-payload-1024-clients-100,scale,guided-planning,mqtt,,veh-50,rsu-1,p5g-scale-mqtt-payload-1024-clients-100-veh-50-294,ipi-session-1,multiclient-scalability-run-4,veh-50,294,100-clients,default,stationary,unsynced,true,true,clients,100,count,IPI-CooperativeService,1098,1783021601563324464,1783021536790564291,1783021536790608140,,,,,,"CooperativeService{guidedPlanning, status=request, vehicleId=0x7665682d3530, requestedHorizonMs=2500, confidence=100, planning.waypoints=1, offloadTaskId=probe-294, offloadPayload=1024 bytes}"
5g-receiver,1783021537039501582,edge4av-real-20260702-multiclient-scalability-run-4,p5g-scale-mqtt-payload-1024-clients-100,scale,guided-planning,mqtt,,veh-50,rsu-1,p5g-scale-mqtt-payload-1024-clients-100-veh-50-295,ipi-session-1,multiclient-scalability-run-4,veh-50,295,100-clients,default,stationary,unsynced,true,true,clients,100,count,IPI-CooperativeService,1098,1783021601805561870,1783021537039457912,1783021537039501582,,,,,,"CooperativeService{guidedPlanning, status=request, vehicleId=0x7665682d3530, requestedHorizonMs=2500, confidence=100, planning.waypoints=1, offloadTaskId=probe-295, offloadPayload=1024 bytes}"
5g-receiver,1783021537290995573,edge4av-real-20260702-multiclient-scalability-run-4,p5g-scale-mqtt-payload-1024-clients-100,scale,guided-planning,mqtt,,veh-50,rsu-1,p5g-scale-mqtt-payload-1024-clients-100-veh-50-296,ipi-session-1,multiclient-scalability-run-4,veh-50,296,100-clients,default,stationary,unsynced,true,true,clients,100,count,IPI-CooperativeService,1098,1783021602054687219,1783021537290951793,1783021537290995573,,,,,,"CooperativeService{guidedPlanning, status=request, vehicleId=0x7665682d3530, requestedHorizonMs=2500, confidence=100, planning.waypoints=1, offloadTaskId=probe-296, offloadPayload=1024 bytes}"
5g-receiver,1783021537541287290,edge4av-real-20260702-multiclient-scalability-run-4,p5g-scale-mqtt-payload-1024-clients-100,scale,guided-planning,mqtt,,veh-50,rsu-1,p5g-scale-mqtt-payload-1024-clients-100-veh-50-297,ipi-session-1,multiclient-scalability-run-4,veh-50,297,100-clients,default,stationary,unsynced,true,true,clients,100,count,IPI-CooperativeService,1098,1783021602303501439,1783021537541244535,1783021537541287290,,,,,,"CooperativeService{guidedPlanning, status=request, vehicleId=0x7665682d3530, requestedHorizonMs=2500, confidence=100, planning.waypoints=1, offloadTaskId=probe-297, offloadPayload=1024 bytes}"
5g-receiver,1783021537791782129,edge4av-real-20260702-multiclient-scalability-run-4,p5g-scale-mqtt-payload-1024-clients-100,scale,guided-planning,mqtt,,veh-50,rsu-1,p5g-scale-mqtt-payload-1024-clients-100-veh-50-298,ipi-session-1,multiclient-scalability-run-4,veh-50,298,100-clients,default,stationary,unsynced,true,true,clients,100,count,IPI-CooperativeService,1098,1783021602557502883,1783021537791723902,1783021537791782129,,,,,,"CooperativeService{guidedPlanning, status=request, vehicleId=0x7665682d3530, requestedHorizonMs=2500, confidence=100, planning.waypoints=1, offloadTaskId=probe-298, offloadPayload=1024 bytes}"
5g-receiver,1783021538033909765,edge4av-real-20260702-multiclient-scalability-run-4,p5g-scale-mqtt-payload-1024-clients-100,scale,guided-planning,mqtt,,veh-50,rsu-1,p5g-scale-mqtt-payload-1024-clients-100-veh-50-299,ipi-session-1,multiclient-scalability-run-4,veh-50,299,100-clients,default,stationary,unsynced,true,true,clients,100,count,IPI-CooperativeService,1098,1783021602807570690,1783021538033867307,1783021538033909765,,,,,,"CooperativeService{guidedPlanning, status=request, vehicleId=0x7665682d3530, requestedHorizonMs=2500, confidence=100, planning.waypoints=1, offloadTaskId=probe-299, offloadPayload=1024 bytes}"
5g-receiver,1783021538271790111,edge4av-real-20260702-multiclient-scalability-run-4,p5g-scale-mqtt-payload-1024-clients-100,scale,guided-planning,mqtt,,veh-50,rsu-1,p5g-scale-mqtt-payload-1024-clients-100-veh-50-300,ipi-session-1,multiclient-scalability-run-4,veh-50,300,100-clients,default,stationary,unsynced,true,true,clients,100,count,IPI-CooperativeService,1098,1783021603045524423,1783021538271747016,1783021538271790111,,,,,,"CooperativeService{guidedPlanning, status=request, vehicleId=0x7665682d3530, requestedHorizonMs=2500, confidence=100, planning.waypoints=1, offloadTaskId=probe-300, offloadPayload=1024 bytes}"
5g-receiver,1783021538522879275,edge4av-real-20260702-multiclient-scalability-run-4,p5g-scale-mqtt-payload-1024-clients-100,scale,guided-planning,mqtt,,veh-50,rsu-1,p5g-scale-mqtt-payload-1024-clients-100-veh-50-301,ipi-session-1,multiclient-scalability-run-4,veh-50,301,100-clients,default,stationary,unsynced,true,true,clients,100,count,IPI-CooperativeService,1098,1783021603293615668,1783021538522820561,1783021538522879275,,,,,,"CooperativeService{guidedPlanning, status=request, vehicleId=0x7665682d3530, requestedHorizonMs=2500, confidence=100, planning.waypoints=1, offloadTaskId=probe-301, offloadPayload=1024 bytes}"
5g-receiver,1783021538763482662,edge4av-real-20260702-multiclient-scalability-run-4,p5g-scale-mqtt-payload-1024-clients-100,scale,guided-planning,mqtt,,veh-50,rsu-1,p5g-scale-mqtt-payload-1024-clients-100-veh-50-302,ipi-session-1,multiclient-scalability-run-4,veh-50,302,100-clients,default,stationary,unsynced,true,true,clients,100,count,IPI-CooperativeService,1098,1783021603533573704,1783021538763439089,1783021538763482662,,,,,,"CooperativeService{guidedPlanning, status=request, vehicleId=0x7665682d3530, requestedHorizonMs=2500, confidence=100, planning.waypoints=1, offloadTaskId=probe-302, offloadPayload=1024 bytes}"
5g-receiver,1783021539003666412,edge4av-real-20260702-multiclient-scalability-run-4,p5g-scale-mqtt-payload-1024-clients-100,scale,guided-planning,mqtt,,veh-50,rsu-1,p5g-scale-mqtt-payload-1024-clients-100-veh-50-303,ipi-session-1,multiclient-scalability-run-4,veh-50,303,100-clients,default,stationary,unsynced,true,true,clients,100,count,IPI-CooperativeService,1098,1783021603775515171,1783021539003619207,1783021539003666412,,,,,,"CooperativeService{guidedPlanning, status=request, vehicleId=0x7665682d3530, requestedHorizonMs=2500, confidence=100, planning.waypoints=1, offloadTaskId=probe-303, offloadPayload=1024 bytes}"
5g-receiver,1783021539234949938,edge4av-real-20260702-multiclient-scalability-run-4,p5g-scale-mqtt-payload-1024-clients-100,scale,guided-planning,mqtt,,veh-50,rsu-1,p5g-scale-mqtt-payload-1024-clients-100-veh-50-304,ipi-session-1,multiclient-scalability-run-4,veh-50,304,100-clients,default,stationary,unsynced,true,true,clients,100,count,IPI-CooperativeService,1098,1783021604017531260,1783021539234892911,1783021539234949938,,,,,,"CooperativeService{guidedPlanning, status=request, vehicleId=0x7665682d3530, requestedHorizonMs=2500, confidence=100, planning.waypoints=1, offloadTaskId=probe-304, offloadPayload=1024 bytes}"
5g-receiver,1783021539484692509,edge4av-real-20260702-multiclient-scalability-run-4,p5g-scale-mqtt-payload-1024-clients-100,scale,guided-planning,mqtt,,veh-50,rsu-1,p5g-scale-mqtt-payload-1024-clients-100-veh-50-305,ipi-session-1,multiclient-scalability-run-4,veh-50,305,100-clients,default,stationary,unsynced,true,true,clients,100,count,IPI-CooperativeService,1098,1783021604251332771,1783021539484605005,1783021539484692509,,,,,,"CooperativeService{guidedPlanning, status=request, vehicleId=0x7665682d3530, requestedHorizonMs=2500, confidence=100, planning.waypoints=1, offloadTaskId=probe-305, offloadPayload=1024 bytes}"
5g-receiver,1783021539725544773,edge4av-real-20260702-multiclient-scalability-run-4,p5g-scale-mqtt-payload-1024-clients-100,scale,guided-planning,mqtt,,veh-50,rsu-1,p5g-scale-mqtt-payload-1024-clients-100-veh-50-306,ipi-session-1,multiclient-scalability-run-4,veh-50,306,100-clients,default,stationary,unsynced,true,true,clients,100,count,IPI-CooperativeService,1098,1783021604497661327,1783021539725505462,1783021539725544773,,,,,,"CooperativeService{guidedPlanning, status=request, vehicleId=0x7665682d3530, requestedHorizonMs=2500, confidence=100, planning.waypoints=1, offloadTaskId=probe-306, offloadPayload=1024 bytes}"
5g-receiver,1783021540014918316,edge4av-real-20260702-multiclient-scalability-run-4,p5g-scale-mqtt-payload-1024-clients-100,scale,guided-planning,mqtt,,veh-50,rsu-1,p5g-scale-mqtt-payload-1024-clients-100-veh-50-307,ipi-session-1,multiclient-scalability-run-4,veh-50,307,100-clients,default,stationary,unsynced,true,true,clients,100,count,IPI-CooperativeService,1098,1783021604772895336,1783021540014855879,1783021540014918316,,,,,,"CooperativeService{guidedPlanning, status=request, vehicleId=0x7665682d3530, requestedHorizonMs=2500, confidence=100, planning.waypoints=1, offloadTaskId=probe-307, offloadPayload=1024 bytes}"
5g-receiver,1783021540275975344,edge4av-real-20260702-multiclient-scalability-run-4,p5g-scale-mqtt-payload-1024-clients-100,scale,guided-planning,mqtt,,veh-50,rsu-1,p5g-scale-mqtt-payload-1024-clients-100-veh-50-308,ipi-session-1,multiclient-scalability-run-4,veh-50,308,100-clients,default,stationary,unsynced,true,true,clients,100,count,IPI-CooperativeService,1098,1783021605025454665,1783021540275932053,1783021540275975344,,,,,,"CooperativeService{guidedPlanning, status=request, vehicleId=0x7665682d3530, requestedHorizonMs=2500, confidence=100, planning.waypoints=1, offloadTaskId=probe-308, offloadPayload=1024 bytes}"
5g-receiver,1783021540508601965,edge4av-real-20260702-multiclient-scalability-run-4,p5g-scale-mqtt-payload-1024-clients-100,scale,guided-planning,mqtt,,veh-50,rsu-1,p5g-scale-mqtt-payload-1024-clients-100-veh-50-309,ipi-session-1,multiclient-scalability-run-4,veh-50,309,100-clients,default,stationary,unsynced,true,true,clients,100,count,IPI-CooperativeService,1098,1783021605291514492,1783021540508544954,1783021540508601965,,,,,,"CooperativeService{guidedPlanning, status=request, vehicleId=0x7665682d3530, requestedHorizonMs=2500, confidence=100, planning.waypoints=1, offloadTaskId=probe-309, offloadPayload=1024 bytes}"
5g-receiver,1783021540747057618,edge4av-real-20260702-multiclient-scalability-run-4,p5g-scale-mqtt-payload-1024-clients-100,scale,guided-planning,mqtt,,veh-50,rsu-1,p5g-scale-mqtt-payload-1024-clients-100-veh-50-310,ipi-session-1,multiclient-scalability-run-4,veh-50,310,100-clients,default,stationary,unsynced,true,true,clients,100,count,IPI-CooperativeService,1098,1783021605519365877,1783021540747015245,1783021540747057618,,,,,,"CooperativeService{guidedPlanning, status=request, vehicleId=0x7665682d3530, requestedHorizonMs=2500, confidence=100, planning.waypoints=1, offloadTaskId=probe-310, offloadPayload=1024 bytes}"
5g-receiver,1783021540987897618,edge4av-real-20260702-multiclient-scalability-run-4,p5g-scale-mqtt-payload-1024-clients-100,scale,guided-planning,mqtt,,veh-50,rsu-1,p5g-scale-mqtt-payload-1024-clients-100-veh-50-311,ipi-session-1,multiclient-scalability-run-4,veh-50,311,100-clients,default,stationary,unsynced,true,true,clients,100,count,IPI-CooperativeService,1098,1783021605761507826,1783021540987838400,1783021540987897618,,,,,,"CooperativeService{guidedPlanning, status=request, vehicleId=0x7665682d3530, requestedHorizonMs=2500, confidence=100, planning.waypoints=1, offloadTaskId=probe-311, offloadPayload=1024 bytes}"
5g-receiver,1783021541229311804,edge4av-real-20260702-multiclient-scalability-run-4,p5g-scale-mqtt-payload-1024-clients-100,scale,guided-planning,mqtt,,veh-50,rsu-1,p5g-scale-mqtt-payload-1024-clients-100-veh-50-312,ipi-session-1,multiclient-scalability-run-4,veh-50,312,100-clients,default,stationary,unsynced,true,true,clients,100,count,IPI-CooperativeService,1098,1783021605999319732,1783021541229269184,1783021541229311804,,,,,,"CooperativeService{guidedPlanning, status=request, vehicleId=0x7665682d3530, requestedHorizonMs=2500, confidence=100, planning.waypoints=1, offloadTaskId=probe-312, offloadPayload=1024 bytes}"
5g-receiver,1783021541468224100,edge4av-real-20260702-multiclient-scalability-run-4,p5g-scale-mqtt-payload-1024-clients-100,scale,guided-planning,mqtt,,veh-50,rsu-1,p5g-scale-mqtt-payload-1024-clients-100-veh-50-313,ipi-session-1,multiclient-scalability-run-4,veh-50,313,100-clients,default,stationary,unsynced,true,true,clients,100,count,IPI-CooperativeService,1098,1783021606241391008,1783021541468180230,1783021541468224100,,,,,,"CooperativeService{guidedPlanning, status=request, vehicleId=0x7665682d3530, requestedHorizonMs=2500, confidence=100, planning.waypoints=1, offloadTaskId=probe-313, offloadPayload=1024 bytes}"
5g-receiver,1783021541711138303,edge4av-real-20260702-multiclient-scalability-run-4,p5g-scale-mqtt-payload-1024-clients-100,scale,guided-planning,mqtt,,veh-50,rsu-1,p5g-scale-mqtt-payload-1024-clients-100-veh-50-314,ipi-session-1,multiclient-scalability-run-4,veh-50,314,100-clients,default,stationary,unsynced,true,true,clients,100,count,IPI-CooperativeService,1098,1783021606485557070,1783021541711094196,1783021541711138303,,,,,,"CooperativeService{guidedPlanning, status=request, vehicleId=0x7665682d3530, requestedHorizonMs=2500, confidence=100, planning.waypoints=1, offloadTaskId=probe-314, offloadPayload=1024 bytes}"
5g-receiver,1783021541960832799,edge4av-real-20260702-multiclient-scalability-run-4,p5g-scale-mqtt-payload-1024-clients-100,scale,guided-planning,mqtt,,veh-50,rsu-1,p5g-scale-mqtt-payload-1024-clients-100-veh-50-315,ipi-session-1,multiclient-scalability-run-4,veh-50,315,100-clients,default,stationary,unsynced,true,true,clients,100,count,IPI-CooperativeService,1098,1783021606725441384,1783021541960779179,1783021541960832799,,,,,,"CooperativeService{guidedPlanning, status=request, vehicleId=0x7665682d3530, requestedHorizonMs=2500, confidence=100, planning.waypoints=1, offloadTaskId=probe-315, offloadPayload=1024 bytes}"
5g-receiver,1783021542199848208,edge4av-real-20260702-multiclient-scalability-run-4,p5g-scale-mqtt-payload-1024-clients-100,scale,guided-planning,mqtt,,veh-50,rsu-1,p5g-scale-mqtt-payload-1024-clients-100-veh-50-316,ipi-session-1,multiclient-scalability-run-4,veh-50,316,100-clients,default,stationary,unsynced,true,true,clients,100,count,IPI-CooperativeService,1098,1783021606977490905,1783021542199804662,1783021542199848208,,,,,,"CooperativeService{guidedPlanning, status=request, vehicleId=0x7665682d3530, requestedHorizonMs=2500, confidence=100, planning.waypoints=1, offloadTaskId=probe-316, offloadPayload=1024 bytes}"
5g-receiver,1783021542442134639,edge4av-real-20260702-multiclient-scalability-run-4,p5g-scale-mqtt-payload-1024-clients-100,scale,guided-planning,mqtt,,veh-50,rsu-1,p5g-scale-mqtt-payload-1024-clients-100-veh-50-317,ipi-session-1,multiclient-scalability-run-4,veh-50,317,100-clients,default,stationary,unsynced,true,true,clients,100,count,IPI-CooperativeService,1098,1783021607211535924,1783021542442091677,1783021542442134639,,,,,,"CooperativeService{guidedPlanning, status=request, vehicleId=0x7665682d3530, requestedHorizonMs=2500, confidence=100, planning.waypoints=1, offloadTaskId=probe-317, offloadPayload=1024 bytes}"
5g-receiver,1783021542681804268,edge4av-real-20260702-multiclient-scalability-run-4,p5g-scale-mqtt-payload-1024-clients-100,scale,guided-planning,mqtt,,veh-50,rsu-1,p5g-scale-mqtt-payload-1024-clients-100-veh-50-318,ipi-session-1,multiclient-scalability-run-4,veh-50,318,100-clients,default,stationary,unsynced,true,true,clients,100,count,IPI-CooperativeService,1098,1783021607455514153,1783021542681741051,1783021542681804268,,,,,,"CooperativeService{guidedPlanning, status=request, vehicleId=0x7665682d3530, requestedHorizonMs=2500, confidence=100, planning.waypoints=1, offloadTaskId=probe-318, offloadPayload=1024 bytes}"
5g-receiver,1783021542922529745,edge4av-real-20260702-multiclient-scalability-run-4,p5g-scale-mqtt-payload-1024-clients-100,scale,guided-planning,mqtt,,veh-50,rsu-1,p5g-scale-mqtt-payload-1024-clients-100-veh-50-319,ipi-session-1,multiclient-scalability-run-4,veh-50,319,100-clients,default,stationary,unsynced,true,true,clients,100,count,IPI-CooperativeService,1098,1783021607697462864,1783021542922483657,1783021542922529745,,,,,,"CooperativeService{guidedPlanning, status=request, vehicleId=0x7665682d3530, requestedHorizonMs=2500, confidence=100, planning.waypoints=1, offloadTaskId=probe-319, offloadPayload=1024 bytes}"
5g-receiver,1783021543170576691,edge4av-real-20260702-multiclient-scalability-run-4,p5g-scale-mqtt-payload-1024-clients-100,scale,guided-planning,mqtt,,veh-50,rsu-1,p5g-scale-mqtt-payload-1024-clients-100-veh-50-320,ipi-session-1,multiclient-scalability-run-4,veh-50,320,100-clients,default,stationary,unsynced,true,true,clients,100,count,IPI-CooperativeService,1098,1783021607939594921,1783021543170534379,1783021543170576691,,,,,,"CooperativeService{guidedPlanning, status=request, vehicleId=0x7665682d3530, requestedHorizonMs=2500, confidence=100, planning.waypoints=1, offloadTaskId=probe-320, offloadPayload=1024 bytes}"
5g-receiver,1783021543412420755,edge4av-real-20260702-multiclient-scalability-run-4,p5g-scale-mqtt-payload-1024-clients-100,scale,guided-planning,mqtt,,veh-50,rsu-1,p5g-scale-mqtt-payload-1024-clients-100-veh-50-321,ipi-session-1,multiclient-scalability-run-4,veh-50,321,100-clients,default,stationary,unsynced,true,true,clients,100,count,IPI-CooperativeService,1098,1783021608187540727,1783021543412360620,1783021543412420755,,,,,,"CooperativeService{guidedPlanning, status=request, vehicleId=0x7665682d3530, requestedHorizonMs=2500, confidence=100, planning.waypoints=1, offloadTaskId=probe-321, offloadPayload=1024 bytes}"
5g-receiver,1783021543652090741,edge4av-real-20260702-multiclient-scalability-run-4,p5g-scale-mqtt-payload-1024-clients-100,scale,guided-planning,mqtt,,veh-50,rsu-1,p5g-scale-mqtt-payload-1024-clients-100-veh-50-322,ipi-session-1,multiclient-scalability-run-4,veh-50,322,100-clients,default,stationary,unsynced,true,true,clients,100,count,IPI-CooperativeService,1098,1783021608427524888,1783021543652041998,1783021543652090741,,,,,,"CooperativeService{guidedPlanning, status=request, vehicleId=0x7665682d3530, requestedHorizonMs=2500, confidence=100, planning.waypoints=1, offloadTaskId=probe-322, offloadPayload=1024 bytes}"
5g-receiver,1783021543881970811,edge4av-real-20260702-multiclient-scalability-run-4,p5g-scale-mqtt-payload-1024-clients-100,scale,guided-planning,mqtt,,veh-50,rsu-1,p5g-scale-mqtt-payload-1024-clients-100-veh-50-323,ipi-session-1,multiclient-scalability-run-4,veh-50,323,100-clients,default,stationary,unsynced,true,true,clients,100,count,IPI-CooperativeService,1098,1783021608667358969,1783021543881910477,1783021543881970811,,,,,,"CooperativeService{guidedPlanning, status=request, vehicleId=0x7665682d3530, requestedHorizonMs=2500, confidence=100, planning.waypoints=1, offloadTaskId=probe-323, offloadPayload=1024 bytes}"
5g-receiver,1783021544121868440,edge4av-real-20260702-multiclient-scalability-run-4,p5g-scale-mqtt-payload-1024-clients-100,scale,guided-planning,mqtt,,veh-50,rsu-1,p5g-scale-mqtt-payload-1024-clients-100-veh-50-324,ipi-session-1,multiclient-scalability-run-4,veh-50,324,100-clients,default,stationary,unsynced,true,true,clients,100,count,IPI-CooperativeService,1098,1783021608895512653,1783021544121825388,1783021544121868440,,,,,,"CooperativeService{guidedPlanning, status=request, vehicleId=0x7665682d3530, requestedHorizonMs=2500, confidence=100, planning.waypoints=1, offloadTaskId=probe-324, offloadPayload=1024 bytes}"
5g-receiver,1783021544373436808,edge4av-real-20260702-multiclient-scalability-run-4,p5g-scale-mqtt-payload-1024-clients-100,scale,guided-planning,mqtt,,veh-50,rsu-1,p5g-scale-mqtt-payload-1024-clients-100-veh-50-325,ipi-session-1,multiclient-scalability-run-4,veh-50,325,100-clients,default,stationary,unsynced,true,true,clients,100,count,IPI-CooperativeService,1098,1783021609144951093,1783021544373386975,1783021544373436808,,,,,,"CooperativeService{guidedPlanning, status=request, vehicleId=0x7665682d3530, requestedHorizonMs=2500, confidence=100, planning.waypoints=1, offloadTaskId=probe-325, offloadPayload=1024 bytes}"
5g-receiver,1783021544624602321,edge4av-real-20260702-multiclient-scalability-run-4,p5g-scale-mqtt-payload-1024-clients-100,scale,guided-planning,mqtt,,veh-50,rsu-1,p5g-scale-mqtt-payload-1024-clients-100-veh-50-326,ipi-session-1,multiclient-scalability-run-4,veh-50,326,100-clients,default,stationary,unsynced,true,true,clients,100,count,IPI-CooperativeService,1098,1783021609393555744,1783021544624548415,1783021544624602321,,,,,,"CooperativeService{guidedPlanning, status=request, vehicleId=0x7665682d3530, requestedHorizonMs=2500, confidence=100, planning.waypoints=1, offloadTaskId=probe-326, offloadPayload=1024 bytes}"
5g-receiver,1783021544863508455,edge4av-real-20260702-multiclient-scalability-run-4,p5g-scale-mqtt-payload-1024-clients-100,scale,guided-planning,mqtt,,veh-50,rsu-1,p5g-scale-mqtt-payload-1024-clients-100-veh-50-327,ipi-session-1,multiclient-scalability-run-4,veh-50,327,100-clients,default,stationary,unsynced,true,true,clients,100,count,IPI-CooperativeService,1098,1783021609637604559,1783021544863456135,1783021544863508455,,,,,,"CooperativeService{guidedPlanning, status=request, vehicleId=0x7665682d3530, requestedHorizonMs=2500, confidence=100, planning.waypoints=1, offloadTaskId=probe-327, offloadPayload=1024 bytes}"
5g-receiver,1783021545083757718,edge4av-real-20260702-multiclient-scalability-run-4,p5g-scale-mqtt-payload-1024-clients-100,scale,guided-planning,mqtt,,veh-50,rsu-1,p5g-scale-mqtt-payload-1024-clients-100-veh-50-328,ipi-session-1,multiclient-scalability-run-4,veh-50,328,100-clients,default,stationary,unsynced,true,true,clients,100,count,IPI-CooperativeService,1098,1783021609875525060,1783021545083706830,1783021545083757718,,,,,,"CooperativeService{guidedPlanning, status=request, vehicleId=0x7665682d3530, requestedHorizonMs=2500, confidence=100, planning.waypoints=1, offloadTaskId=probe-328, offloadPayload=1024 bytes}"
5g-receiver,1783021545347676329,edge4av-real-20260702-multiclient-scalability-run-4,p5g-scale-mqtt-payload-1024-clients-100,scale,guided-planning,mqtt,,veh-50,rsu-1,p5g-scale-mqtt-payload-1024-clients-100-veh-50-329,ipi-session-1,multiclient-scalability-run-4,veh-50,329,100-clients,default,stationary,unsynced,true,true,clients,100,count,IPI-CooperativeService,1098,1783021610097470768,1783021545347632564,1783021545347676329,,,,,,"CooperativeService{guidedPlanning, status=request, vehicleId=0x7665682d3530, requestedHorizonMs=2500, confidence=100, planning.waypoints=1, offloadTaskId=probe-329, offloadPayload=1024 bytes}"
5g-receiver,1783021545595759865,edge4av-real-20260702-multiclient-scalability-run-4,p5g-scale-mqtt-payload-1024-clients-100,scale,guided-planning,mqtt,,veh-50,rsu-1,p5g-scale-mqtt-payload-1024-clients-100-veh-50-330,ipi-session-1,multiclient-scalability-run-4,veh-50,330,100-clients,default,stationary,unsynced,true,true,clients,100,count,IPI-CooperativeService,1098,1783021610363524935,1783021545595701411,1783021545595759865,,,,,,"CooperativeService{guidedPlanning, status=request, vehicleId=0x7665682d3530, requestedHorizonMs=2500, confidence=100, planning.waypoints=1, offloadTaskId=probe-330, offloadPayload=1024 bytes}"
5g-receiver,1783021545858085402,edge4av-real-20260702-multiclient-scalability-run-4,p5g-scale-mqtt-payload-1024-clients-100,scale,guided-planning,mqtt,,veh-50,rsu-1,p5g-scale-mqtt-payload-1024-clients-100-veh-50-331,ipi-session-1,multiclient-scalability-run-4,veh-50,331,100-clients,default,stationary,unsynced,true,true,clients,100,count,IPI-CooperativeService,1098,1783021610611436085,1783021545858041582,1783021545858085402,,,,,,"CooperativeService{guidedPlanning, status=request, vehicleId=0x7665682d3530, requestedHorizonMs=2500, confidence=100, planning.waypoints=1, offloadTaskId=probe-331, offloadPayload=1024 bytes}"
5g-receiver,1783021546086990437,edge4av-real-20260702-multiclient-scalability-run-4,p5g-scale-mqtt-payload-1024-clients-100,scale,guided-planning,mqtt,,veh-50,rsu-1,p5g-scale-mqtt-payload-1024-clients-100-veh-50-332,ipi-session-1,multiclient-scalability-run-4,veh-50,332,100-clients,default,stationary,unsynced,true,true,clients,100,count,IPI-CooperativeService,1098,1783021610871623364,1783021546086947115,1783021546086990437,,,,,,"CooperativeService{guidedPlanning, status=request, vehicleId=0x7665682d3530, requestedHorizonMs=2500, confidence=100, planning.waypoints=1, offloadTaskId=probe-332, offloadPayload=1024 bytes}"
5g-receiver,1783021546327387992,edge4av-real-20260702-multiclient-scalability-run-4,p5g-scale-mqtt-payload-1024-clients-100,scale,guided-planning,mqtt,,veh-50,rsu-1,p5g-scale-mqtt-payload-1024-clients-100-veh-50-333,ipi-session-1,multiclient-scalability-run-4,veh-50,333,100-clients,default,stationary,unsynced,true,true,clients,100,count,IPI-CooperativeService,1098,1783021611097547073,1783021546327332131,1783021546327387992,,,,,,"CooperativeService{guidedPlanning, status=request, vehicleId=0x7665682d3530, requestedHorizonMs=2500, confidence=100, planning.waypoints=1, offloadTaskId=probe-333, offloadPayload=1024 bytes}"
5g-receiver,1783021546568034445,edge4av-real-20260702-multiclient-scalability-run-4,p5g-scale-mqtt-payload-1024-clients-100,scale,guided-planning,mqtt,,veh-50,rsu-1,p5g-scale-mqtt-payload-1024-clients-100-veh-50-334,ipi-session-1,multiclient-scalability-run-4,veh-50,334,100-clients,default,stationary,unsynced,true,true,clients,100,count,IPI-CooperativeService,1098,1783021611339478255,1783021546567976801,1783021546568034445,,,,,,"CooperativeService{guidedPlanning, status=request, vehicleId=0x7665682d3530, requestedHorizonMs=2500, confidence=100, planning.waypoints=1, offloadTaskId=probe-334, offloadPayload=1024 bytes}"
5g-receiver,1783021546846698672,edge4av-real-20260702-multiclient-scalability-run-4,p5g-scale-mqtt-payload-1024-clients-100,scale,guided-planning,mqtt,,veh-50,rsu-1,p5g-scale-mqtt-payload-1024-clients-100-veh-50-335,ipi-session-1,multiclient-scalability-run-4,veh-50,335,100-clients,default,stationary,unsynced,true,true,clients,100,count,IPI-CooperativeService,1098,1783021611577505106,1783021546846655591,1783021546846698672,,,,,,"CooperativeService{guidedPlanning, status=request, vehicleId=0x7665682d3530, requestedHorizonMs=2500, confidence=100, planning.waypoints=1, offloadTaskId=probe-335, offloadPayload=1024 bytes}"
5g-receiver,1783021547088737351,edge4av-real-20260702-multiclient-scalability-run-4,p5g-scale-mqtt-payload-1024-clients-100,scale,guided-planning,mqtt,,veh-50,rsu-1,p5g-scale-mqtt-payload-1024-clients-100-veh-50-336,ipi-session-1,multiclient-scalability-run-4,veh-50,336,100-clients,default,stationary,unsynced,true,true,clients,100,count,IPI-CooperativeService,1098,1783021611859497466,1783021547088658738,1783021547088737351,,,,,,"CooperativeService{guidedPlanning, status=request, vehicleId=0x7665682d3530, requestedHorizonMs=2500, confidence=100, planning.waypoints=1, offloadTaskId=probe-336, offloadPayload=1024 bytes}"
5g-receiver,1783021547339594192,edge4av-real-20260702-multiclient-scalability-run-4,p5g-scale-mqtt-payload-1024-clients-100,scale,guided-planning,mqtt,,veh-50,rsu-1,p5g-scale-mqtt-payload-1024-clients-100-veh-50-337,ipi-session-1,multiclient-scalability-run-4,veh-50,337,100-clients,default,stationary,unsynced,true,true,clients,100,count,IPI-CooperativeService,1098,1783021612101618420,1783021547339536917,1783021547339594192,,,,,,"CooperativeService{guidedPlanning, status=request, vehicleId=0x7665682d3530, requestedHorizonMs=2500, confidence=100, planning.waypoints=1, offloadTaskId=probe-337, offloadPayload=1024 bytes}"
5g-receiver,1783021547580743676,edge4av-real-20260702-multiclient-scalability-run-4,p5g-scale-mqtt-payload-1024-clients-100,scale,guided-planning,mqtt,,veh-50,rsu-1,p5g-scale-mqtt-payload-1024-clients-100-veh-50-338,ipi-session-1,multiclient-scalability-run-4,veh-50,338,100-clients,default,stationary,unsynced,true,true,clients,100,count,IPI-CooperativeService,1098,1783021612355583082,1783021547580693337,1783021547580743676,,,,,,"CooperativeService{guidedPlanning, status=request, vehicleId=0x7665682d3530, requestedHorizonMs=2500, confidence=100, planning.waypoints=1, offloadTaskId=probe-338, offloadPayload=1024 bytes}"
5g-receiver,1783021547820106272,edge4av-real-20260702-multiclient-scalability-run-4,p5g-scale-mqtt-payload-1024-clients-100,scale,guided-planning,mqtt,,veh-50,rsu-1,p5g-scale-mqtt-payload-1024-clients-100-veh-50-339,ipi-session-1,multiclient-scalability-run-4,veh-50,339,100-clients,default,stationary,unsynced,true,true,clients,100,count,IPI-CooperativeService,1098,1783021612593448644,1783021547820063458,1783021547820106272,,,,,,"CooperativeService{guidedPlanning, status=request, vehicleId=0x7665682d3530, requestedHorizonMs=2500, confidence=100, planning.waypoints=1, offloadTaskId=probe-339, offloadPayload=1024 bytes}"
5g-receiver,1783021548071595889,edge4av-real-20260702-multiclient-scalability-run-4,p5g-scale-mqtt-payload-1024-clients-100,scale,guided-planning,mqtt,,veh-50,rsu-1,p5g-scale-mqtt-payload-1024-clients-100-veh-50-340,ipi-session-1,multiclient-scalability-run-4,veh-50,340,100-clients,default,stationary,unsynced,true,true,clients,100,count,IPI-CooperativeService,1098,1783021612835552053,1783021548071551458,1783021548071595889,,,,,,"CooperativeService{guidedPlanning, status=request, vehicleId=0x7665682d3530, requestedHorizonMs=2500, confidence=100, planning.waypoints=1, offloadTaskId=probe-340, offloadPayload=1024 bytes}"
5g-receiver,1783021548310413316,edge4av-real-20260702-multiclient-scalability-run-4,p5g-scale-mqtt-payload-1024-clients-100,scale,guided-planning,mqtt,,veh-50,rsu-1,p5g-scale-mqtt-payload-1024-clients-100-veh-50-341,ipi-session-1,multiclient-scalability-run-4,veh-50,341,100-clients,default,stationary,unsynced,true,true,clients,100,count,IPI-CooperativeService,1098,1783021613085504614,1783021548310357882,1783021548310413316,,,,,,"CooperativeService{guidedPlanning, status=request, vehicleId=0x7665682d3530, requestedHorizonMs=2500, confidence=100, planning.waypoints=1, offloadTaskId=probe-341, offloadPayload=1024 bytes}"
5g-receiver,1783021548561533408,edge4av-real-20260702-multiclient-scalability-run-4,p5g-scale-mqtt-payload-1024-clients-100,scale,guided-planning,mqtt,,veh-50,rsu-1,p5g-scale-mqtt-payload-1024-clients-100-veh-50-342,ipi-session-1,multiclient-scalability-run-4,veh-50,342,100-clients,default,stationary,unsynced,true,true,clients,100,count,IPI-CooperativeService,1098,1783021613325476597,1783021548561475737,1783021548561533408,,,,,,"CooperativeService{guidedPlanning, status=request, vehicleId=0x7665682d3530, requestedHorizonMs=2500, confidence=100, planning.waypoints=1, offloadTaskId=probe-342, offloadPayload=1024 bytes}"
5g-receiver,1783021548802116363,edge4av-real-20260702-multiclient-scalability-run-4,p5g-scale-mqtt-payload-1024-clients-100,scale,guided-planning,mqtt,,veh-50,rsu-1,p5g-scale-mqtt-payload-1024-clients-100-veh-50-343,ipi-session-1,multiclient-scalability-run-4,veh-50,343,100-clients,default,stationary,unsynced,true,true,clients,100,count,IPI-CooperativeService,1098,1783021613577530909,1783021548802072773,1783021548802116363,,,,,,"CooperativeService{guidedPlanning, status=request, vehicleId=0x7665682d3530, requestedHorizonMs=2500, confidence=100, planning.waypoints=1, offloadTaskId=probe-343, offloadPayload=1024 bytes}"
5g-receiver,1783021549040552920,edge4av-real-20260702-multiclient-scalability-run-4,p5g-scale-mqtt-payload-1024-clients-100,scale,guided-planning,mqtt,,veh-50,rsu-1,p5g-scale-mqtt-payload-1024-clients-100-veh-50-344,ipi-session-1,multiclient-scalability-run-4,veh-50,344,100-clients,default,stationary,unsynced,true,true,clients,100,count,IPI-CooperativeService,1098,1783021613817626150,1783021549040496560,1783021549040552920,,,,,,"CooperativeService{guidedPlanning, status=request, vehicleId=0x7665682d3530, requestedHorizonMs=2500, confidence=100, planning.waypoints=1, offloadTaskId=probe-344, offloadPayload=1024 bytes}"
5g-receiver,1783021549293414530,edge4av-real-20260702-multiclient-scalability-run-4,p5g-scale-mqtt-payload-1024-clients-100,scale,guided-planning,mqtt,,veh-50,rsu-1,p5g-scale-mqtt-payload-1024-clients-100-veh-50-345,ipi-session-1,multiclient-scalability-run-4,veh-50,345,100-clients,default,stationary,unsynced,true,true,clients,100,count,IPI-CooperativeService,1098,1783021614053555518,1783021549293363080,1783021549293414530,,,,,,"CooperativeService{guidedPlanning, status=request, vehicleId=0x7665682d3530, requestedHorizonMs=2500, confidence=100, planning.waypoints=1, offloadTaskId=probe-345, offloadPayload=1024 bytes}"
5g-receiver,1783021549542640939,edge4av-real-20260702-multiclient-scalability-run-4,p5g-scale-mqtt-payload-1024-clients-100,scale,guided-planning,mqtt,,veh-50,rsu-1,p5g-scale-mqtt-payload-1024-clients-100-veh-50-346,ipi-session-1,multiclient-scalability-run-4,veh-50,346,100-clients,default,stationary,unsynced,true,true,clients,100,count,IPI-CooperativeService,1098,1783021614305579569,1783021549542597452,1783021549542640939,,,,,,"CooperativeService{guidedPlanning, status=request, vehicleId=0x7665682d3530, requestedHorizonMs=2500, confidence=100, planning.waypoints=1, offloadTaskId=probe-346, offloadPayload=1024 bytes}"
5g-receiver,1783021549793476391,edge4av-real-20260702-multiclient-scalability-run-4,p5g-scale-mqtt-payload-1024-clients-100,scale,guided-planning,mqtt,,veh-50,rsu-1,p5g-scale-mqtt-payload-1024-clients-100-veh-50-347,ipi-session-1,multiclient-scalability-run-4,veh-50,347,100-clients,default,stationary,unsynced,true,true,clients,100,count,IPI-CooperativeService,1098,1783021614559594073,1783021549793432490,1783021549793476391,,,,,,"CooperativeService{guidedPlanning, status=request, vehicleId=0x7665682d3530, requestedHorizonMs=2500, confidence=100, planning.waypoints=1, offloadTaskId=probe-347, offloadPayload=1024 bytes}"
5g-receiver,1783021550082251689,edge4av-real-20260702-multiclient-scalability-run-4,p5g-scale-mqtt-payload-1024-clients-100,scale,guided-planning,mqtt,,veh-50,rsu-1,p5g-scale-mqtt-payload-1024-clients-100-veh-50-348,ipi-session-1,multiclient-scalability-run-4,veh-50,348,100-clients,default,stationary,unsynced,true,true,clients,100,count,IPI-CooperativeService,1098,1783021614807465691,1783021550082207827,1783021550082251689,,,,,,"CooperativeService{guidedPlanning, status=request, vehicleId=0x7665682d3530, requestedHorizonMs=2500, confidence=100, planning.waypoints=1, offloadTaskId=probe-348, offloadPayload=1024 bytes}"
5g-receiver,1783021550322671547,edge4av-real-20260702-multiclient-scalability-run-4,p5g-scale-mqtt-payload-1024-clients-100,scale,guided-planning,mqtt,,veh-50,rsu-1,p5g-scale-mqtt-payload-1024-clients-100-veh-50-349,ipi-session-1,multiclient-scalability-run-4,veh-50,349,100-clients,default,stationary,unsynced,true,true,clients,100,count,IPI-CooperativeService,1098,1783021615095631463,1783021550322628254,1783021550322671547,,,,,,"CooperativeService{guidedPlanning, status=request, vehicleId=0x7665682d3530, requestedHorizonMs=2500, confidence=100, planning.waypoints=1, offloadTaskId=probe-349, offloadPayload=1024 bytes}"
5g-receiver,1783021550555768167,edge4av-real-20260702-multiclient-scalability-run-4,p5g-scale-mqtt-payload-1024-clients-100,scale,guided-planning,mqtt,,veh-50,rsu-1,p5g-scale-mqtt-payload-1024-clients-100-veh-50-350,ipi-session-1,multiclient-scalability-run-4,veh-50,350,100-clients,default,stationary,unsynced,true,true,clients,100,count,IPI-CooperativeService,1098,1783021615337534922,1783021550555725149,1783021550555768167,,,,,,"CooperativeService{guidedPlanning, status=request, vehicleId=0x7665682d3530, requestedHorizonMs=2500, confidence=100, planning.waypoints=1, offloadTaskId=probe-350, offloadPayload=1024 bytes}"
5g-receiver,1783021550806311889,edge4av-real-20260702-multiclient-scalability-run-4,p5g-scale-mqtt-payload-1024-clients-100,scale,guided-planning,mqtt,,veh-50,rsu-1,p5g-scale-mqtt-payload-1024-clients-100-veh-50-351,ipi-session-1,multiclient-scalability-run-4,veh-50,351,100-clients,default,stationary,unsynced,true,true,clients,100,count,IPI-CooperativeService,1098,1783021615569528071,1783021550806258517,1783021550806311889,,,,,,"CooperativeService{guidedPlanning, status=request, vehicleId=0x7665682d3530, requestedHorizonMs=2500, confidence=100, planning.waypoints=1, offloadTaskId=probe-351, offloadPayload=1024 bytes}"
5g-receiver,1783021551043919297,edge4av-real-20260702-multiclient-scalability-run-4,p5g-scale-mqtt-payload-1024-clients-100,scale,guided-planning,mqtt,,veh-50,rsu-1,p5g-scale-mqtt-payload-1024-clients-100-veh-50-352,ipi-session-1,multiclient-scalability-run-4,veh-50,352,100-clients,default,stationary,unsynced,true,true,clients,100,count,IPI-CooperativeService,1098,1783021615821686059,1783021551043876121,1783021551043919297,,,,,,"CooperativeService{guidedPlanning, status=request, vehicleId=0x7665682d3530, requestedHorizonMs=2500, confidence=100, planning.waypoints=1, offloadTaskId=probe-352, offloadPayload=1024 bytes}"
5g-receiver,1783021551284892750,edge4av-real-20260702-multiclient-scalability-run-4,p5g-scale-mqtt-payload-1024-clients-100,scale,guided-planning,mqtt,,veh-50,rsu-1,p5g-scale-mqtt-payload-1024-clients-100-veh-50-353,ipi-session-1,multiclient-scalability-run-4,veh-50,353,100-clients,default,stationary,unsynced,true,true,clients,100,count,IPI-CooperativeService,1098,1783021616059507445,1783021551284836437,1783021551284892750,,,,,,"CooperativeService{guidedPlanning, status=request, vehicleId=0x7665682d3530, requestedHorizonMs=2500, confidence=100, planning.waypoints=1, offloadTaskId=probe-353, offloadPayload=1024 bytes}"
5g-receiver,1783021551524827192,edge4av-real-20260702-multiclient-scalability-run-4,p5g-scale-mqtt-payload-1024-clients-100,scale,guided-planning,mqtt,,veh-50,rsu-1,p5g-scale-mqtt-payload-1024-clients-100-veh-50-354,ipi-session-1,multiclient-scalability-run-4,veh-50,354,100-clients,default,stationary,unsynced,true,true,clients,100,count,IPI-CooperativeService,1098,1783021616297590347,1783021551524810292,1783021551524827192,,,,,,"CooperativeService{guidedPlanning, status=request, vehicleId=0x7665682d3530, requestedHorizonMs=2500, confidence=100, planning.waypoints=1, offloadTaskId=probe-354, offloadPayload=1024 bytes}"
5g-receiver,1783021551765861323,edge4av-real-20260702-multiclient-scalability-run-4,p5g-scale-mqtt-payload-1024-clients-100,scale,guided-planning,mqtt,,veh-50,rsu-1,p5g-scale-mqtt-payload-1024-clients-100-veh-50-355,ipi-session-1,multiclient-scalability-run-4,veh-50,355,100-clients,default,stationary,unsynced,true,true,clients,100,count,IPI-CooperativeService,1098,1783021616537616461,1783021551765793894,1783021551765861323,,,,,,"CooperativeService{guidedPlanning, status=request, vehicleId=0x7665682d3530, requestedHorizonMs=2500, confidence=100, planning.waypoints=1, offloadTaskId=probe-355, offloadPayload=1024 bytes}"
5g-receiver,1783021552008631314,edge4av-real-20260702-multiclient-scalability-run-4,p5g-scale-mqtt-payload-1024-clients-100,scale,guided-planning,mqtt,,veh-50,rsu-1,p5g-scale-mqtt-payload-1024-clients-100-veh-50-356,ipi-session-1,multiclient-scalability-run-4,veh-50,356,100-clients,default,stationary,unsynced,true,true,clients,100,count,IPI-CooperativeService,1098,1783021616779543192,1783021552008561536,1783021552008631314,,,,,,"CooperativeService{guidedPlanning, status=request, vehicleId=0x7665682d3530, requestedHorizonMs=2500, confidence=100, planning.waypoints=1, offloadTaskId=probe-356, offloadPayload=1024 bytes}"
5g-receiver,1783021552258241512,edge4av-real-20260702-multiclient-scalability-run-4,p5g-scale-mqtt-payload-1024-clients-100,scale,guided-planning,mqtt,,veh-50,rsu-1,p5g-scale-mqtt-payload-1024-clients-100-veh-50-357,ipi-session-1,multiclient-scalability-run-4,veh-50,357,100-clients,default,stationary,unsynced,true,true,clients,100,count,IPI-CooperativeService,1098,1783021617023648227,1783021552258180348,1783021552258241512,,,,,,"CooperativeService{guidedPlanning, status=request, vehicleId=0x7665682d3530, requestedHorizonMs=2500, confidence=100, planning.waypoints=1, offloadTaskId=probe-357, offloadPayload=1024 bytes}"
5g-receiver,1783021552486420475,edge4av-real-20260702-multiclient-scalability-run-4,p5g-scale-mqtt-payload-1024-clients-100,scale,guided-planning,mqtt,,veh-50,rsu-1,p5g-scale-mqtt-payload-1024-clients-100-veh-50-358,ipi-session-1,multiclient-scalability-run-4,veh-50,358,100-clients,default,stationary,unsynced,true,true,clients,100,count,IPI-CooperativeService,1098,1783021617271516375,1783021552486364290,1783021552486420475,,,,,,"CooperativeService{guidedPlanning, status=request, vehicleId=0x7665682d3530, requestedHorizonMs=2500, confidence=100, planning.waypoints=1, offloadTaskId=probe-358, offloadPayload=1024 bytes}"
5g-receiver,1783021552737603466,edge4av-real-20260702-multiclient-scalability-run-4,p5g-scale-mqtt-payload-1024-clients-100,scale,guided-planning,mqtt,,veh-50,rsu-1,p5g-scale-mqtt-payload-1024-clients-100-veh-50-359,ipi-session-1,multiclient-scalability-run-4,veh-50,359,100-clients,default,stationary,unsynced,true,true,clients,100,count,IPI-CooperativeService,1098,1783021617499625950,1783021552737551231,1783021552737603466,,,,,,"CooperativeService{guidedPlanning, status=request, vehicleId=0x7665682d3530, requestedHorizonMs=2500, confidence=100, planning.waypoints=1, offloadTaskId=probe-359, offloadPayload=1024 bytes}"
5g-receiver,1783021552988852453,edge4av-real-20260702-multiclient-scalability-run-4,p5g-scale-mqtt-payload-1024-clients-100,scale,guided-planning,mqtt,,veh-50,rsu-1,p5g-scale-mqtt-payload-1024-clients-100-veh-50-360,ipi-session-1,multiclient-scalability-run-4,veh-50,360,100-clients,default,stationary,unsynced,true,true,clients,100,count,IPI-CooperativeService,1098,1783021617753624119,1783021552988808998,1783021552988852453,,,,,,"CooperativeService{guidedPlanning, status=request, vehicleId=0x7665682d3530, requestedHorizonMs=2500, confidence=100, planning.waypoints=1, offloadTaskId=probe-360, offloadPayload=1024 bytes}"
5g-receiver,1783021553278272326,edge4av-real-20260702-multiclient-scalability-run-4,p5g-scale-mqtt-payload-1024-clients-100,scale,guided-planning,mqtt,,veh-50,rsu-1,p5g-scale-mqtt-payload-1024-clients-100-veh-50-361,ipi-session-1,multiclient-scalability-run-4,veh-50,361,100-clients,default,stationary,unsynced,true,true,clients,100,count,IPI-CooperativeService,1098,1783021618003590819,1783021553278220326,1783021553278272326,,,,,,"CooperativeService{guidedPlanning, status=request, vehicleId=0x7665682d3530, requestedHorizonMs=2500, confidence=100, planning.waypoints=1, offloadTaskId=probe-361, offloadPayload=1024 bytes}"
5g-receiver,1783021553579079030,edge4av-real-20260702-multiclient-scalability-run-4,p5g-scale-mqtt-payload-1024-clients-100,scale,guided-planning,mqtt,,veh-50,rsu-1,p5g-scale-mqtt-payload-1024-clients-100-veh-50-362,ipi-session-1,multiclient-scalability-run-4,veh-50,362,100-clients,default,stationary,unsynced,true,true,clients,100,count,IPI-CooperativeService,1098,1783021618289655009,1783021553579022285,1783021553579079030,,,,,,"CooperativeService{guidedPlanning, status=request, vehicleId=0x7665682d3530, requestedHorizonMs=2500, confidence=100, planning.waypoints=1, offloadTaskId=probe-362, offloadPayload=1024 bytes}"
5g-receiver,1783021553909412420,edge4av-real-20260702-multiclient-scalability-run-4,p5g-scale-mqtt-payload-1024-clients-100,scale,guided-planning,mqtt,,veh-50,rsu-1,p5g-scale-mqtt-payload-1024-clients-100-veh-50-363,ipi-session-1,multiclient-scalability-run-4,veh-50,363,100-clients,default,stationary,unsynced,true,true,clients,100,count,IPI-CooperativeService,1098,1783021618597724255,1783021553909358149,1783021553909412420,,,,,,"CooperativeService{guidedPlanning, status=request, vehicleId=0x7665682d3530, requestedHorizonMs=2500, confidence=100, planning.waypoints=1, offloadTaskId=probe-363, offloadPayload=1024 bytes}"
5g-receiver,1783021554199529731,edge4av-real-20260702-multiclient-scalability-run-4,p5g-scale-mqtt-payload-1024-clients-100,scale,guided-planning,mqtt,,veh-50,rsu-1,p5g-scale-mqtt-payload-1024-clients-100-veh-50-364,ipi-session-1,multiclient-scalability-run-4,veh-50,364,100-clients,default,stationary,unsynced,true,true,clients,100,count,IPI-CooperativeService,1098,1783021618963714571,1783021554199486825,1783021554199529731,,,,,,"CooperativeService{guidedPlanning, status=request, vehicleId=0x7665682d3530, requestedHorizonMs=2500, confidence=100, planning.waypoints=1, offloadTaskId=probe-364, offloadPayload=1024 bytes}"
5g-receiver,1783021554472350022,edge4av-real-20260702-multiclient-scalability-run-4,p5g-scale-mqtt-payload-1024-clients-100,scale,guided-planning,mqtt,,veh-50,rsu-1,p5g-scale-mqtt-payload-1024-clients-100-veh-50-365,ipi-session-1,multiclient-scalability-run-4,veh-50,365,100-clients,default,stationary,unsynced,true,true,clients,100,count,IPI-CooperativeService,1098,1783021619211576994,1783021554472306742,1783021554472350022,,,,,,"CooperativeService{guidedPlanning, status=request, vehicleId=0x7665682d3530, requestedHorizonMs=2500, confidence=100, planning.waypoints=1, offloadTaskId=probe-365, offloadPayload=1024 bytes}"
5g-receiver,1783021554743180141,edge4av-real-20260702-multiclient-scalability-run-4,p5g-scale-mqtt-payload-1024-clients-100,scale,guided-planning,mqtt,,veh-50,rsu-1,p5g-scale-mqtt-payload-1024-clients-100-veh-50-366,ipi-session-1,multiclient-scalability-run-4,veh-50,366,100-clients,default,stationary,unsynced,true,true,clients,100,count,IPI-CooperativeService,1098,1783021619487372558,1783021554743136484,1783021554743180141,,,,,,"CooperativeService{guidedPlanning, status=request, vehicleId=0x7665682d3530, requestedHorizonMs=2500, confidence=100, planning.waypoints=1, offloadTaskId=probe-366, offloadPayload=1024 bytes}"
5g-receiver,1783021554990468330,edge4av-real-20260702-multiclient-scalability-run-4,p5g-scale-mqtt-payload-1024-clients-100,scale,guided-planning,mqtt,,veh-50,rsu-1,p5g-scale-mqtt-payload-1024-clients-100-veh-50-367,ipi-session-1,multiclient-scalability-run-4,veh-50,367,100-clients,default,stationary,unsynced,true,true,clients,100,count,IPI-CooperativeService,1098,1783021619757512929,1783021554990425160,1783021554990468330,,,,,,"CooperativeService{guidedPlanning, status=request, vehicleId=0x7665682d3530, requestedHorizonMs=2500, confidence=100, planning.waypoints=1, offloadTaskId=probe-367, offloadPayload=1024 bytes}"
5g-receiver,1783021555232536136,edge4av-real-20260702-multiclient-scalability-run-4,p5g-scale-mqtt-payload-1024-clients-100,scale,guided-planning,mqtt,,veh-50,rsu-1,p5g-scale-mqtt-payload-1024-clients-100-veh-50-368,ipi-session-1,multiclient-scalability-run-4,veh-50,368,100-clients,default,stationary,unsynced,true,true,clients,100,count,IPI-CooperativeService,1098,1783021620009506592,1783021555232492588,1783021555232536136,,,,,,"CooperativeService{guidedPlanning, status=request, vehicleId=0x7665682d3530, requestedHorizonMs=2500, confidence=100, planning.waypoints=1, offloadTaskId=probe-368, offloadPayload=1024 bytes}"
5g-receiver,1783021555472194785,edge4av-real-20260702-multiclient-scalability-run-4,p5g-scale-mqtt-payload-1024-clients-100,scale,guided-planning,mqtt,,veh-50,rsu-1,p5g-scale-mqtt-payload-1024-clients-100-veh-50-369,ipi-session-1,multiclient-scalability-run-4,veh-50,369,100-clients,default,stationary,unsynced,true,true,clients,100,count,IPI-CooperativeService,1098,1783021620251569152,1783021555472131091,1783021555472194785,,,,,,"CooperativeService{guidedPlanning, status=request, vehicleId=0x7665682d3530, requestedHorizonMs=2500, confidence=100, planning.waypoints=1, offloadTaskId=probe-369, offloadPayload=1024 bytes}"
5g-receiver,1783021555706657396,edge4av-real-20260702-multiclient-scalability-run-4,p5g-scale-mqtt-payload-1024-clients-100,scale,guided-planning,mqtt,,veh-50,rsu-1,p5g-scale-mqtt-payload-1024-clients-100-veh-50-370,ipi-session-1,multiclient-scalability-run-4,veh-50,370,100-clients,default,stationary,unsynced,true,true,clients,100,count,IPI-CooperativeService,1098,1783021620491590618,1783021555706606653,1783021555706657396,,,,,,"CooperativeService{guidedPlanning, status=request, vehicleId=0x7665682d3530, requestedHorizonMs=2500, confidence=100, planning.waypoints=1, offloadTaskId=probe-370, offloadPayload=1024 bytes}"
5g-receiver,1783021555942330154,edge4av-real-20260702-multiclient-scalability-run-4,p5g-scale-mqtt-payload-1024-clients-100,scale,guided-planning,mqtt,,veh-50,rsu-1,p5g-scale-mqtt-payload-1024-clients-100-veh-50-371,ipi-session-1,multiclient-scalability-run-4,veh-50,371,100-clients,default,stationary,unsynced,true,true,clients,100,count,IPI-CooperativeService,1098,1783021620715541404,1783021555942287354,1783021555942330154,,,,,,"CooperativeService{guidedPlanning, status=request, vehicleId=0x7665682d3530, requestedHorizonMs=2500, confidence=100, planning.waypoints=1, offloadTaskId=probe-371, offloadPayload=1024 bytes}"
5g-receiver,1783021556183989678,edge4av-real-20260702-multiclient-scalability-run-4,p5g-scale-mqtt-payload-1024-clients-100,scale,guided-planning,mqtt,,veh-50,rsu-1,p5g-scale-mqtt-payload-1024-clients-100-veh-50-372,ipi-session-1,multiclient-scalability-run-4,veh-50,372,100-clients,default,stationary,unsynced,true,true,clients,100,count,IPI-CooperativeService,1098,1783021620955557515,1783021556183946976,1783021556183989678,,,,,,"CooperativeService{guidedPlanning, status=request, vehicleId=0x7665682d3530, requestedHorizonMs=2500, confidence=100, planning.waypoints=1, offloadTaskId=probe-372, offloadPayload=1024 bytes}"
5g-receiver,1783021556425560148,edge4av-real-20260702-multiclient-scalability-run-4,p5g-scale-mqtt-payload-1024-clients-100,scale,guided-planning,mqtt,,veh-50,rsu-1,p5g-scale-mqtt-payload-1024-clients-100-veh-50-373,ipi-session-1,multiclient-scalability-run-4,veh-50,373,100-clients,default,stationary,unsynced,true,true,clients,100,count,IPI-CooperativeService,1098,1783021621199694800,1783021556425494931,1783021556425560148,,,,,,"CooperativeService{guidedPlanning, status=request, vehicleId=0x7665682d3530, requestedHorizonMs=2500, confidence=100, planning.waypoints=1, offloadTaskId=probe-373, offloadPayload=1024 bytes}"
5g-receiver,1783021556714594463,edge4av-real-20260702-multiclient-scalability-run-4,p5g-scale-mqtt-payload-1024-clients-100,scale,guided-planning,mqtt,,veh-50,rsu-1,p5g-scale-mqtt-payload-1024-clients-100-veh-50-374,ipi-session-1,multiclient-scalability-run-4,veh-50,374,100-clients,default,stationary,unsynced,true,true,clients,100,count,IPI-CooperativeService,1098,1783021621441660342,1783021556714551472,1783021556714594463,,,,,,"CooperativeService{guidedPlanning, status=request, vehicleId=0x7665682d3530, requestedHorizonMs=2500, confidence=100, planning.waypoints=1, offloadTaskId=probe-374, offloadPayload=1024 bytes}"
5g-receiver,1783021556975003815,edge4av-real-20260702-multiclient-scalability-run-4,p5g-scale-mqtt-payload-1024-clients-100,scale,guided-planning,mqtt,,veh-50,rsu-1,p5g-scale-mqtt-payload-1024-clients-100-veh-50-375,ipi-session-1,multiclient-scalability-run-4,veh-50,375,100-clients,default,stationary,unsynced,true,true,clients,100,count,IPI-CooperativeService,1098,1783021621729662063,1783021556974947825,1783021556975003815,,,,,,"CooperativeService{guidedPlanning, status=request, vehicleId=0x7665682d3530, requestedHorizonMs=2500, confidence=100, planning.waypoints=1, offloadTaskId=probe-375, offloadPayload=1024 bytes}"
5g-receiver,1783021557215556787,edge4av-real-20260702-multiclient-scalability-run-4,p5g-scale-mqtt-payload-1024-clients-100,scale,guided-planning,mqtt,,veh-50,rsu-1,p5g-scale-mqtt-payload-1024-clients-100-veh-50-376,ipi-session-1,multiclient-scalability-run-4,veh-50,376,100-clients,default,stationary,unsynced,true,true,clients,100,count,IPI-CooperativeService,1098,1783021621987573083,1783021557215513542,1783021557215556787,,,,,,"CooperativeService{guidedPlanning, status=request, vehicleId=0x7665682d3530, requestedHorizonMs=2500, confidence=100, planning.waypoints=1, offloadTaskId=probe-376, offloadPayload=1024 bytes}"
5g-receiver,1783021557497784240,edge4av-real-20260702-multiclient-scalability-run-4,p5g-scale-mqtt-payload-1024-clients-100,scale,guided-planning,mqtt,,veh-50,rsu-1,p5g-scale-mqtt-payload-1024-clients-100-veh-50-377,ipi-session-1,multiclient-scalability-run-4,veh-50,377,100-clients,default,stationary,unsynced,true,true,clients,100,count,IPI-CooperativeService,1098,1783021622227545519,1783021557497742208,1783021557497784240,,,,,,"CooperativeService{guidedPlanning, status=request, vehicleId=0x7665682d3530, requestedHorizonMs=2500, confidence=100, planning.waypoints=1, offloadTaskId=probe-377, offloadPayload=1024 bytes}"
5g-receiver,1783021557747209350,edge4av-real-20260702-multiclient-scalability-run-4,p5g-scale-mqtt-payload-1024-clients-100,scale,guided-planning,mqtt,,veh-50,rsu-1,p5g-scale-mqtt-payload-1024-clients-100-veh-50-378,ipi-session-1,multiclient-scalability-run-4,veh-50,378,100-clients,default,stationary,unsynced,true,true,clients,100,count,IPI-CooperativeService,1098,1783021622513604773,1783021557747152289,1783021557747209350,,,,,,"CooperativeService{guidedPlanning, status=request, vehicleId=0x7665682d3530, requestedHorizonMs=2500, confidence=100, planning.waypoints=1, offloadTaskId=probe-378, offloadPayload=1024 bytes}"
5g-receiver,1783021557986083747,edge4av-real-20260702-multiclient-scalability-run-4,p5g-scale-mqtt-payload-1024-clients-100,scale,guided-planning,mqtt,,veh-50,rsu-1,p5g-scale-mqtt-payload-1024-clients-100-veh-50-379,ipi-session-1,multiclient-scalability-run-4,veh-50,379,100-clients,default,stationary,unsynced,true,true,clients,100,count,IPI-CooperativeService,1098,1783021622765726209,1783021557986032577,1783021557986083747,,,,,,"CooperativeService{guidedPlanning, status=request, vehicleId=0x7665682d3530, requestedHorizonMs=2500, confidence=100, planning.waypoints=1, offloadTaskId=probe-379, offloadPayload=1024 bytes}"
5g-receiver,1783021558226863622,edge4av-real-20260702-multiclient-scalability-run-4,p5g-scale-mqtt-payload-1024-clients-100,scale,guided-planning,mqtt,,veh-50,rsu-1,p5g-scale-mqtt-payload-1024-clients-100-veh-50-380,ipi-session-1,multiclient-scalability-run-4,veh-50,380,100-clients,default,stationary,unsynced,true,true,clients,100,count,IPI-CooperativeService,1098,1783021623005653859,1783021558226813879,1783021558226863622,,,,,,"CooperativeService{guidedPlanning, status=request, vehicleId=0x7665682d3530, requestedHorizonMs=2500, confidence=100, planning.waypoints=1, offloadTaskId=probe-380, offloadPayload=1024 bytes}"
5g-receiver,1783021558470185838,edge4av-real-20260702-multiclient-scalability-run-4,p5g-scale-mqtt-payload-1024-clients-100,scale,guided-planning,mqtt,,veh-50,rsu-1,p5g-scale-mqtt-payload-1024-clients-100-veh-50-381,ipi-session-1,multiclient-scalability-run-4,veh-50,381,100-clients,default,stationary,unsynced,true,true,clients,100,count,IPI-CooperativeService,1098,1783021623241626081,1783021558470142996,1783021558470185838,,,,,,"CooperativeService{guidedPlanning, status=request, vehicleId=0x7665682d3530, requestedHorizonMs=2500, confidence=100, planning.waypoints=1, offloadTaskId=probe-381, offloadPayload=1024 bytes}"
5g-receiver,1783021558720066021,edge4av-real-20260702-multiclient-scalability-run-4,p5g-scale-mqtt-payload-1024-clients-100,scale,guided-planning,mqtt,,veh-50,rsu-1,p5g-scale-mqtt-payload-1024-clients-100-veh-50-382,ipi-session-1,multiclient-scalability-run-4,veh-50,382,100-clients,default,stationary,unsynced,true,true,clients,100,count,IPI-CooperativeService,1098,1783021623483531997,1783021558720022603,1783021558720066021,,,,,,"CooperativeService{guidedPlanning, status=request, vehicleId=0x7665682d3530, requestedHorizonMs=2500, confidence=100, planning.waypoints=1, offloadTaskId=probe-382, offloadPayload=1024 bytes}"
5g-receiver,1783021558960429920,edge4av-real-20260702-multiclient-scalability-run-4,p5g-scale-mqtt-payload-1024-clients-100,scale,guided-planning,mqtt,,veh-50,rsu-1,p5g-scale-mqtt-payload-1024-clients-100-veh-50-383,ipi-session-1,multiclient-scalability-run-4,veh-50,383,100-clients,default,stationary,unsynced,true,true,clients,100,count,IPI-CooperativeService,1098,1783021623733533703,1783021558960386362,1783021558960429920,,,,,,"CooperativeService{guidedPlanning, status=request, vehicleId=0x7665682d3530, requestedHorizonMs=2500, confidence=100, planning.waypoints=1, offloadTaskId=probe-383, offloadPayload=1024 bytes}"
5g-receiver,1783021559201130436,edge4av-real-20260702-multiclient-scalability-run-4,p5g-scale-mqtt-payload-1024-clients-100,scale,guided-planning,mqtt,,veh-50,rsu-1,p5g-scale-mqtt-payload-1024-clients-100-veh-50-384,ipi-session-1,multiclient-scalability-run-4,veh-50,384,100-clients,default,stationary,unsynced,true,true,clients,100,count,IPI-CooperativeService,1098,1783021623975537137,1783021559201087072,1783021559201130436,,,,,,"CooperativeService{guidedPlanning, status=request, vehicleId=0x7665682d3530, requestedHorizonMs=2500, confidence=100, planning.waypoints=1, offloadTaskId=probe-384, offloadPayload=1024 bytes}"
5g-receiver,1783021559428752909,edge4av-real-20260702-multiclient-scalability-run-4,p5g-scale-mqtt-payload-1024-clients-100,scale,guided-planning,mqtt,,veh-50,rsu-1,p5g-scale-mqtt-payload-1024-clients-100-veh-50-385,ipi-session-1,multiclient-scalability-run-4,veh-50,385,100-clients,default,stationary,unsynced,true,true,clients,100,count,IPI-CooperativeService,1098,1783021624217613095,1783021559428696730,1783021559428752909,,,,,,"CooperativeService{guidedPlanning, status=request, vehicleId=0x7665682d3530, requestedHorizonMs=2500, confidence=100, planning.waypoints=1, offloadTaskId=probe-385, offloadPayload=1024 bytes}"
5g-receiver,1783021559660187318,edge4av-real-20260702-multiclient-scalability-run-4,p5g-scale-mqtt-payload-1024-clients-100,scale,guided-planning,mqtt,,veh-50,rsu-1,p5g-scale-mqtt-payload-1024-clients-100-veh-50-386,ipi-session-1,multiclient-scalability-run-4,veh-50,386,100-clients,default,stationary,unsynced,true,true,clients,100,count,IPI-CooperativeService,1098,1783021624443496071,1783021559660132443,1783021559660187318,,,,,,"CooperativeService{guidedPlanning, status=request, vehicleId=0x7665682d3530, requestedHorizonMs=2500, confidence=100, planning.waypoints=1, offloadTaskId=probe-386, offloadPayload=1024 bytes}"
5g-receiver,1783021559899551630,edge4av-real-20260702-multiclient-scalability-run-4,p5g-scale-mqtt-payload-1024-clients-100,scale,guided-planning,mqtt,,veh-50,rsu-1,p5g-scale-mqtt-payload-1024-clients-100-veh-50-387,ipi-session-1,multiclient-scalability-run-4,veh-50,387,100-clients,default,stationary,unsynced,true,true,clients,100,count,IPI-CooperativeService,1098,1783021624675670802,1783021559899506714,1783021559899551630,,,,,,"CooperativeService{guidedPlanning, status=request, vehicleId=0x7665682d3530, requestedHorizonMs=2500, confidence=100, planning.waypoints=1, offloadTaskId=probe-387, offloadPayload=1024 bytes}"
5g-receiver,1783021560139413577,edge4av-real-20260702-multiclient-scalability-run-4,p5g-scale-mqtt-payload-1024-clients-100,scale,guided-planning,mqtt,,veh-50,rsu-1,p5g-scale-mqtt-payload-1024-clients-100-veh-50-388,ipi-session-1,multiclient-scalability-run-4,veh-50,388,100-clients,default,stationary,unsynced,true,true,clients,100,count,IPI-CooperativeService,1098,1783021624915524777,1783021560139370714,1783021560139413577,,,,,,"CooperativeService{guidedPlanning, status=request, vehicleId=0x7665682d3530, requestedHorizonMs=2500, confidence=100, planning.waypoints=1, offloadTaskId=probe-388, offloadPayload=1024 bytes}"
5g-receiver,1783021560382354462,edge4av-real-20260702-multiclient-scalability-run-4,p5g-scale-mqtt-payload-1024-clients-100,scale,guided-planning,mqtt,,veh-50,rsu-1,p5g-scale-mqtt-payload-1024-clients-100-veh-50-389,ipi-session-1,multiclient-scalability-run-4,veh-50,389,100-clients,default,stationary,unsynced,true,true,clients,100,count,IPI-CooperativeService,1098,1783021625153644882,1783021560382297723,1783021560382354462,,,,,,"CooperativeService{guidedPlanning, status=request, vehicleId=0x7665682d3530, requestedHorizonMs=2500, confidence=100, planning.waypoints=1, offloadTaskId=probe-389, offloadPayload=1024 bytes}"
5g-receiver,1783021560622057953,edge4av-real-20260702-multiclient-scalability-run-4,p5g-scale-mqtt-payload-1024-clients-100,scale,guided-planning,mqtt,,veh-50,rsu-1,p5g-scale-mqtt-payload-1024-clients-100-veh-50-390,ipi-session-1,multiclient-scalability-run-4,veh-50,390,100-clients,default,stationary,unsynced,true,true,clients,100,count,IPI-CooperativeService,1098,1783021625393633258,1783021560622014406,1783021560622057953,,,,,,"CooperativeService{guidedPlanning, status=request, vehicleId=0x7665682d3530, requestedHorizonMs=2500, confidence=100, planning.waypoints=1, offloadTaskId=probe-390, offloadPayload=1024 bytes}"
5g-receiver,1783021560851149487,edge4av-real-20260702-multiclient-scalability-run-4,p5g-scale-mqtt-payload-1024-clients-100,scale,guided-planning,mqtt,,veh-50,rsu-1,p5g-scale-mqtt-payload-1024-clients-100-veh-50-391,ipi-session-1,multiclient-scalability-run-4,veh-50,391,100-clients,default,stationary,unsynced,true,true,clients,100,count,IPI-CooperativeService,1098,1783021625637407545,1783021560851098384,1783021560851149487,,,,,,"CooperativeService{guidedPlanning, status=request, vehicleId=0x7665682d3530, requestedHorizonMs=2500, confidence=100, planning.waypoints=1, offloadTaskId=probe-391, offloadPayload=1024 bytes}"
5g-receiver,1783021561123091550,edge4av-real-20260702-multiclient-scalability-run-4,p5g-scale-mqtt-payload-1024-clients-100,scale,guided-planning,mqtt,,veh-50,rsu-1,p5g-scale-mqtt-payload-1024-clients-100-veh-50-392,ipi-session-1,multiclient-scalability-run-4,veh-50,392,100-clients,default,stationary,unsynced,true,true,clients,100,count,IPI-CooperativeService,1098,1783021625865779137,1783021561123025581,1783021561123091550,,,,,,"CooperativeService{guidedPlanning, status=request, vehicleId=0x7665682d3530, requestedHorizonMs=2500, confidence=100, planning.waypoints=1, offloadTaskId=probe-392, offloadPayload=1024 bytes}"
5g-receiver,1783021561362300978,edge4av-real-20260702-multiclient-scalability-run-4,p5g-scale-mqtt-payload-1024-clients-100,scale,guided-planning,mqtt,,veh-50,rsu-1,p5g-scale-mqtt-payload-1024-clients-100-veh-50-393,ipi-session-1,multiclient-scalability-run-4,veh-50,393,100-clients,default,stationary,unsynced,true,true,clients,100,count,IPI-CooperativeService,1098,1783021626145612997,1783021561362257332,1783021561362300978,,,,,,"CooperativeService{guidedPlanning, status=request, vehicleId=0x7665682d3530, requestedHorizonMs=2500, confidence=100, planning.waypoints=1, offloadTaskId=probe-393, offloadPayload=1024 bytes}"
5g-receiver,1783021561687384437,edge4av-real-20260702-multiclient-scalability-run-4,p5g-scale-mqtt-payload-1024-clients-100,scale,guided-planning,mqtt,,veh-50,rsu-1,p5g-scale-mqtt-payload-1024-clients-100-veh-50-394,ipi-session-1,multiclient-scalability-run-4,veh-50,394,100-clients,default,stationary,unsynced,true,true,clients,100,count,IPI-CooperativeService,1098,1783021626423923838,1783021561687324618,1783021561687384437,,,,,,"CooperativeService{guidedPlanning, status=request, vehicleId=0x7665682d3530, requestedHorizonMs=2500, confidence=100, planning.waypoints=1, offloadTaskId=probe-394, offloadPayload=1024 bytes}"
5g-receiver,1783021561933281379,edge4av-real-20260702-multiclient-scalability-run-4,p5g-scale-mqtt-payload-1024-clients-100,scale,guided-planning,mqtt,,veh-50,rsu-1,p5g-scale-mqtt-payload-1024-clients-100-veh-50-395,ipi-session-1,multiclient-scalability-run-4,veh-50,395,100-clients,default,stationary,unsynced,true,true,clients,100,count,IPI-CooperativeService,1098,1783021626701536496,1783021561933216722,1783021561933281379,,,,,,"CooperativeService{guidedPlanning, status=request, vehicleId=0x7665682d3530, requestedHorizonMs=2500, confidence=100, planning.waypoints=1, offloadTaskId=probe-395, offloadPayload=1024 bytes}"
5g-receiver,1783021562173329383,edge4av-real-20260702-multiclient-scalability-run-4,p5g-scale-mqtt-payload-1024-clients-100,scale,guided-planning,mqtt,,veh-50,rsu-1,p5g-scale-mqtt-payload-1024-clients-100-veh-50-396,ipi-session-1,multiclient-scalability-run-4,veh-50,396,100-clients,default,stationary,unsynced,true,true,clients,100,count,IPI-CooperativeService,1098,1783021626947675528,1783021562173268881,1783021562173329383,,,,,,"CooperativeService{guidedPlanning, status=request, vehicleId=0x7665682d3530, requestedHorizonMs=2500, confidence=100, planning.waypoints=1, offloadTaskId=probe-396, offloadPayload=1024 bytes}"
5g-receiver,1783021562405240797,edge4av-real-20260702-multiclient-scalability-run-4,p5g-scale-mqtt-payload-1024-clients-100,scale,guided-planning,mqtt,,veh-50,rsu-1,p5g-scale-mqtt-payload-1024-clients-100-veh-50-397,ipi-session-1,multiclient-scalability-run-4,veh-50,397,100-clients,default,stationary,unsynced,true,true,clients,100,count,IPI-CooperativeService,1098,1783021627187564750,1783021562405192885,1783021562405240797,,,,,,"CooperativeService{guidedPlanning, status=request, vehicleId=0x7665682d3530, requestedHorizonMs=2500, confidence=100, planning.waypoints=1, offloadTaskId=probe-397, offloadPayload=1024 bytes}"
5g-receiver,1783021562633898345,edge4av-real-20260702-multiclient-scalability-run-4,p5g-scale-mqtt-payload-1024-clients-100,scale,guided-planning,mqtt,,veh-50,rsu-1,p5g-scale-mqtt-payload-1024-clients-100-veh-50-398,ipi-session-1,multiclient-scalability-run-4,veh-50,398,100-clients,default,stationary,unsynced,true,true,clients,100,count,IPI-CooperativeService,1098,1783021627415737843,1783021562633854792,1783021562633898345,,,,,,"CooperativeService{guidedPlanning, status=request, vehicleId=0x7665682d3530, requestedHorizonMs=2500, confidence=100, planning.waypoints=1, offloadTaskId=probe-398, offloadPayload=1024 bytes}"
5g-receiver,1783021562924627785,edge4av-real-20260702-multiclient-scalability-run-4,p5g-scale-mqtt-payload-1024-clients-100,scale,guided-planning,mqtt,,veh-50,rsu-1,p5g-scale-mqtt-payload-1024-clients-100-veh-50-399,ipi-session-1,multiclient-scalability-run-4,veh-50,399,100-clients,default,stationary,unsynced,true,true,clients,100,count,IPI-CooperativeService,1098,1783021627681259743,1783021562924560498,1783021562924627785,,,,,,"CooperativeService{guidedPlanning, status=request, vehicleId=0x7665682d3530, requestedHorizonMs=2500, confidence=100, planning.waypoints=1, offloadTaskId=probe-399, offloadPayload=1024 bytes}"
5g-receiver,1783021563167066230,edge4av-real-20260702-multiclient-scalability-run-4,p5g-scale-mqtt-payload-1024-clients-100,scale,guided-planning,mqtt,,veh-50,rsu-1,p5g-scale-mqtt-payload-1024-clients-100-veh-50-400,ipi-session-1,multiclient-scalability-run-4,veh-50,400,100-clients,default,stationary,unsynced,true,true,clients,100,count,IPI-CooperativeService,1098,1783021627935581388,1783021563167022497,1783021563167066230,,,,,,"CooperativeService{guidedPlanning, status=request, vehicleId=0x7665682d3530, requestedHorizonMs=2500, confidence=100, planning.waypoints=1, offloadTaskId=probe-400, offloadPayload=1024 bytes}"
5g-receiver,1783021563417253525,edge4av-real-20260702-multiclient-scalability-run-4,p5g-scale-mqtt-payload-1024-clients-100,scale,guided-planning,mqtt,,veh-50,rsu-1,p5g-scale-mqtt-payload-1024-clients-100-veh-50-401,ipi-session-1,multiclient-scalability-run-4,veh-50,401,100-clients,default,stationary,unsynced,true,true,clients,100,count,IPI-CooperativeService,1098,1783021628183452129,1783021563417204712,1783021563417253525,,,,,,"CooperativeService{guidedPlanning, status=request, vehicleId=0x7665682d3530, requestedHorizonMs=2500, confidence=100, planning.waypoints=1, offloadTaskId=probe-401, offloadPayload=1024 bytes}"
5g-receiver,1783021563667640730,edge4av-real-20260702-multiclient-scalability-run-4,p5g-scale-mqtt-payload-1024-clients-100,scale,guided-planning,mqtt,,veh-50,rsu-1,p5g-scale-mqtt-payload-1024-clients-100-veh-50-402,ipi-session-1,multiclient-scalability-run-4,veh-50,402,100-clients,default,stationary,unsynced,true,true,clients,100,count,IPI-CooperativeService,1098,1783021628431640174,1783021563667597142,1783021563667640730,,,,,,"CooperativeService{guidedPlanning, status=request, vehicleId=0x7665682d3530, requestedHorizonMs=2500, confidence=100, planning.waypoints=1, offloadTaskId=probe-402, offloadPayload=1024 bytes}"
5g-receiver,1783021563907312564,edge4av-real-20260702-multiclient-scalability-run-4,p5g-scale-mqtt-payload-1024-clients-100,scale,guided-planning,mqtt,,veh-50,rsu-1,p5g-scale-mqtt-payload-1024-clients-100-veh-50-403,ipi-session-1,multiclient-scalability-run-4,veh-50,403,100-clients,default,stationary,unsynced,true,true,clients,100,count,IPI-CooperativeService,1098,1783021628679552082,1783021563907252107,1783021563907312564,,,,,,"CooperativeService{guidedPlanning, status=request, vehicleId=0x7665682d3530, requestedHorizonMs=2500, confidence=100, planning.waypoints=1, offloadTaskId=probe-403, offloadPayload=1024 bytes}"
5g-receiver,1783021564136343633,edge4av-real-20260702-multiclient-scalability-run-4,p5g-scale-mqtt-payload-1024-clients-100,scale,guided-planning,mqtt,,veh-50,rsu-1,p5g-scale-mqtt-payload-1024-clients-100-veh-50-404,ipi-session-1,multiclient-scalability-run-4,veh-50,404,100-clients,default,stationary,unsynced,true,true,clients,100,count,IPI-CooperativeService,1098,1783021628921597603,1783021564136286395,1783021564136343633,,,,,,"CooperativeService{guidedPlanning, status=request, vehicleId=0x7665682d3530, requestedHorizonMs=2500, confidence=100, planning.waypoints=1, offloadTaskId=probe-404, offloadPayload=1024 bytes}"
5g-receiver,1783021564378913895,edge4av-real-20260702-multiclient-scalability-run-4,p5g-scale-mqtt-payload-1024-clients-100,scale,guided-planning,mqtt,,veh-50,rsu-1,p5g-scale-mqtt-payload-1024-clients-100-veh-50-405,ipi-session-1,multiclient-scalability-run-4,veh-50,405,100-clients,default,stationary,unsynced,true,true,clients,100,count,IPI-CooperativeService,1098,1783021629153743701,1783021564378844529,1783021564378913895,,,,,,"CooperativeService{guidedPlanning, status=request, vehicleId=0x7665682d3530, requestedHorizonMs=2500, confidence=100, planning.waypoints=1, offloadTaskId=probe-405, offloadPayload=1024 bytes}"
5g-receiver,1783021564616919721,edge4av-real-20260702-multiclient-scalability-run-4,p5g-scale-mqtt-payload-1024-clients-100,scale,guided-planning,mqtt,,veh-50,rsu-1,p5g-scale-mqtt-payload-1024-clients-100-veh-50-406,ipi-session-1,multiclient-scalability-run-4,veh-50,406,100-clients,default,stationary,unsynced,true,true,clients,100,count,IPI-CooperativeService,1098,1783021629395636886,1783021564616906970,1783021564616919721,,,,,,"CooperativeService{guidedPlanning, status=request, vehicleId=0x7665682d3530, requestedHorizonMs=2500, confidence=100, planning.waypoints=1, offloadTaskId=probe-406, offloadPayload=1024 bytes}"
5g-receiver,1783021564858155964,edge4av-real-20260702-multiclient-scalability-run-4,p5g-scale-mqtt-payload-1024-clients-100,scale,guided-planning,mqtt,,veh-50,rsu-1,p5g-scale-mqtt-payload-1024-clients-100-veh-50-407,ipi-session-1,multiclient-scalability-run-4,veh-50,407,100-clients,default,stationary,unsynced,true,true,clients,100,count,IPI-CooperativeService,1098,1783021629629713311,1783021564858098710,1783021564858155964,,,,,,"CooperativeService{guidedPlanning, status=request, vehicleId=0x7665682d3530, requestedHorizonMs=2500, confidence=100, planning.waypoints=1, offloadTaskId=probe-407, offloadPayload=1024 bytes}"
5g-receiver,1783021565098252595,edge4av-real-20260702-multiclient-scalability-run-4,p5g-scale-mqtt-payload-1024-clients-100,scale,guided-planning,mqtt,,veh-50,rsu-1,p5g-scale-mqtt-payload-1024-clients-100-veh-50-408,ipi-session-1,multiclient-scalability-run-4,veh-50,408,100-clients,default,stationary,unsynced,true,true,clients,100,count,IPI-CooperativeService,1098,1783021629871582899,1783021565098209273,1783021565098252595,,,,,,"CooperativeService{guidedPlanning, status=request, vehicleId=0x7665682d3530, requestedHorizonMs=2500, confidence=100, planning.waypoints=1, offloadTaskId=probe-408, offloadPayload=1024 bytes}"
5g-receiver,1783021565341487644,edge4av-real-20260702-multiclient-scalability-run-4,p5g-scale-mqtt-payload-1024-clients-100,scale,guided-planning,mqtt,,veh-50,rsu-1,p5g-scale-mqtt-payload-1024-clients-100-veh-50-409,ipi-session-1,multiclient-scalability-run-4,veh-50,409,100-clients,default,stationary,unsynced,true,true,clients,100,count,IPI-CooperativeService,1098,1783021630113539534,1783021565341421866,1783021565341487644,,,,,,"CooperativeService{guidedPlanning, status=request, vehicleId=0x7665682d3530, requestedHorizonMs=2500, confidence=100, planning.waypoints=1, offloadTaskId=probe-409, offloadPayload=1024 bytes}"
5g-receiver,1783021565599875072,edge4av-real-20260702-multiclient-scalability-run-4,p5g-scale-mqtt-payload-1024-clients-100,scale,guided-planning,mqtt,,veh-50,rsu-1,p5g-scale-mqtt-payload-1024-clients-100-veh-50-410,ipi-session-1,multiclient-scalability-run-4,veh-50,410,100-clients,default,stationary,unsynced,true,true,clients,100,count,IPI-CooperativeService,1098,1783021630357524333,1783021565599802717,1783021565599875072,,,,,,"CooperativeService{guidedPlanning, status=request, vehicleId=0x7665682d3530, requestedHorizonMs=2500, confidence=100, planning.waypoints=1, offloadTaskId=probe-410, offloadPayload=1024 bytes}"
5g-receiver,1783021565842138755,edge4av-real-20260702-multiclient-scalability-run-4,p5g-scale-mqtt-payload-1024-clients-100,scale,guided-planning,mqtt,,veh-50,rsu-1,p5g-scale-mqtt-payload-1024-clients-100-veh-50-411,ipi-session-1,multiclient-scalability-run-4,veh-50,411,100-clients,default,stationary,unsynced,true,true,clients,100,count,IPI-CooperativeService,1098,1783021630617674693,1783021565842094488,1783021565842138755,,,,,,"CooperativeService{guidedPlanning, status=request, vehicleId=0x7665682d3530, requestedHorizonMs=2500, confidence=100, planning.waypoints=1, offloadTaskId=probe-411, offloadPayload=1024 bytes}"
5g-receiver,1783021566080724549,edge4av-real-20260702-multiclient-scalability-run-4,p5g-scale-mqtt-payload-1024-clients-100,scale,guided-planning,mqtt,,veh-50,rsu-1,p5g-scale-mqtt-payload-1024-clients-100-veh-50-412,ipi-session-1,multiclient-scalability-run-4,veh-50,412,100-clients,default,stationary,unsynced,true,true,clients,100,count,IPI-CooperativeService,1098,1783021630855580000,1783021566080636944,1783021566080724549,,,,,,"CooperativeService{guidedPlanning, status=request, vehicleId=0x7665682d3530, requestedHorizonMs=2500, confidence=100, planning.waypoints=1, offloadTaskId=probe-412, offloadPayload=1024 bytes}"
5g-receiver,1783021566331962951,edge4av-real-20260702-multiclient-scalability-run-4,p5g-scale-mqtt-payload-1024-clients-100,scale,guided-planning,mqtt,,veh-50,rsu-1,p5g-scale-mqtt-payload-1024-clients-100-veh-50-413,ipi-session-1,multiclient-scalability-run-4,veh-50,413,100-clients,default,stationary,unsynced,true,true,clients,100,count,IPI-CooperativeService,1098,1783021631091707328,1783021566331919662,1783021566331962951,,,,,,"CooperativeService{guidedPlanning, status=request, vehicleId=0x7665682d3530, requestedHorizonMs=2500, confidence=100, planning.waypoints=1, offloadTaskId=probe-413, offloadPayload=1024 bytes}"
5g-receiver,1783021566571380624,edge4av-real-20260702-multiclient-scalability-run-4,p5g-scale-mqtt-payload-1024-clients-100,scale,guided-planning,mqtt,,veh-50,rsu-1,p5g-scale-mqtt-payload-1024-clients-100-veh-50-414,ipi-session-1,multiclient-scalability-run-4,veh-50,414,100-clients,default,stationary,unsynced,true,true,clients,100,count,IPI-CooperativeService,1098,1783021631349705152,1783021566571336647,1783021566571380624,,,,,,"CooperativeService{guidedPlanning, status=request, vehicleId=0x7665682d3530, requestedHorizonMs=2500, confidence=100, planning.waypoints=1, offloadTaskId=probe-414, offloadPayload=1024 bytes}"
5g-receiver,1783021566814324022,edge4av-real-20260702-multiclient-scalability-run-4,p5g-scale-mqtt-payload-1024-clients-100,scale,guided-planning,mqtt,,veh-50,rsu-1,p5g-scale-mqtt-payload-1024-clients-100-veh-50-415,ipi-session-1,multiclient-scalability-run-4,veh-50,415,100-clients,default,stationary,unsynced,true,true,clients,100,count,IPI-CooperativeService,1098,1783021631585646788,1783021566814280749,1783021566814324022,,,,,,"CooperativeService{guidedPlanning, status=request, vehicleId=0x7665682d3530, requestedHorizonMs=2500, confidence=100, planning.waypoints=1, offloadTaskId=probe-415, offloadPayload=1024 bytes}"
5g-receiver,1783021567062567265,edge4av-real-20260702-multiclient-scalability-run-4,p5g-scale-mqtt-payload-1024-clients-100,scale,guided-planning,mqtt,,veh-50,rsu-1,p5g-scale-mqtt-payload-1024-clients-100-veh-50-416,ipi-session-1,multiclient-scalability-run-4,veh-50,416,100-clients,default,stationary,unsynced,true,true,clients,100,count,IPI-CooperativeService,1098,1783021631829617303,1783021567062524869,1783021567062567265,,,,,,"CooperativeService{guidedPlanning, status=request, vehicleId=0x7665682d3530, requestedHorizonMs=2500, confidence=100, planning.waypoints=1, offloadTaskId=probe-416, offloadPayload=1024 bytes}"
5g-receiver,1783021567304738753,edge4av-real-20260702-multiclient-scalability-run-4,p5g-scale-mqtt-payload-1024-clients-100,scale,guided-planning,mqtt,,veh-50,rsu-1,p5g-scale-mqtt-payload-1024-clients-100-veh-50-417,ipi-session-1,multiclient-scalability-run-4,veh-50,417,100-clients,default,stationary,unsynced,true,true,clients,100,count,IPI-CooperativeService,1098,1783021632073670399,1783021567304650283,1783021567304738753,,,,,,"CooperativeService{guidedPlanning, status=request, vehicleId=0x7665682d3530, requestedHorizonMs=2500, confidence=100, planning.waypoints=1, offloadTaskId=probe-417, offloadPayload=1024 bytes}"
5g-receiver,1783021567543702556,edge4av-real-20260702-multiclient-scalability-run-4,p5g-scale-mqtt-payload-1024-clients-100,scale,guided-planning,mqtt,,veh-50,rsu-1,p5g-scale-mqtt-payload-1024-clients-100-veh-50-418,ipi-session-1,multiclient-scalability-run-4,veh-50,418,100-clients,default,stationary,unsynced,true,true,clients,100,count,IPI-CooperativeService,1098,1783021632317765785,1783021567543660295,1783021567543702556,,,,,,"CooperativeService{guidedPlanning, status=request, vehicleId=0x7665682d3530, requestedHorizonMs=2500, confidence=100, planning.waypoints=1, offloadTaskId=probe-418, offloadPayload=1024 bytes}"
5g-receiver,1783021567785193280,edge4av-real-20260702-multiclient-scalability-run-4,p5g-scale-mqtt-payload-1024-clients-100,scale,guided-planning,mqtt,,veh-50,rsu-1,p5g-scale-mqtt-payload-1024-clients-100-veh-50-419,ipi-session-1,multiclient-scalability-run-4,veh-50,419,100-clients,default,stationary,unsynced,true,true,clients,100,count,IPI-CooperativeService,1098,1783021632561776687,1783021567785149970,1783021567785193280,,,,,,"CooperativeService{guidedPlanning, status=request, vehicleId=0x7665682d3530, requestedHorizonMs=2500, confidence=100, planning.waypoints=1, offloadTaskId=probe-419, offloadPayload=1024 bytes}"
5g-receiver,1783021568073765173,edge4av-real-20260702-multiclient-scalability-run-4,p5g-scale-mqtt-payload-1024-clients-100,scale,guided-planning,mqtt,,veh-50,rsu-1,p5g-scale-mqtt-payload-1024-clients-100-veh-50-420,ipi-session-1,multiclient-scalability-run-4,veh-50,420,100-clients,default,stationary,unsynced,true,true,clients,100,count,IPI-CooperativeService,1098,1783021632849279894,1783021568073709496,1783021568073765173,,,,,,"CooperativeService{guidedPlanning, status=request, vehicleId=0x7665682d3530, requestedHorizonMs=2500, confidence=100, planning.waypoints=1, offloadTaskId=probe-420, offloadPayload=1024 bytes}"
5g-receiver,1783021568363513143,edge4av-real-20260702-multiclient-scalability-run-4,p5g-scale-mqtt-payload-1024-clients-100,scale,guided-planning,mqtt,,veh-50,rsu-1,p5g-scale-mqtt-payload-1024-clients-100-veh-50-421,ipi-session-1,multiclient-scalability-run-4,veh-50,421,100-clients,default,stationary,unsynced,true,true,clients,100,count,IPI-CooperativeService,1098,1783021633083692856,1783021568363470428,1783021568363513143,,,,,,"CooperativeService{guidedPlanning, status=request, vehicleId=0x7665682d3530, requestedHorizonMs=2500, confidence=100, planning.waypoints=1, offloadTaskId=probe-421, offloadPayload=1024 bytes}"
5g-receiver,1783021568598262344,edge4av-real-20260702-multiclient-scalability-run-4,p5g-scale-mqtt-payload-1024-clients-100,scale,guided-planning,mqtt,,veh-50,rsu-1,p5g-scale-mqtt-payload-1024-clients-100-veh-50-422,ipi-session-1,multiclient-scalability-run-4,veh-50,422,100-clients,default,stationary,unsynced,true,true,clients,100,count,IPI-CooperativeService,1098,1783021633377623522,1783021568598205136,1783021568598262344,,,,,,"CooperativeService{guidedPlanning, status=request, vehicleId=0x7665682d3530, requestedHorizonMs=2500, confidence=100, planning.waypoints=1, offloadTaskId=probe-422, offloadPayload=1024 bytes}"
5g-receiver,1783021568845307230,edge4av-real-20260702-multiclient-scalability-run-4,p5g-scale-mqtt-payload-1024-clients-100,scale,guided-planning,mqtt,,veh-50,rsu-1,p5g-scale-mqtt-payload-1024-clients-100-veh-50-423,ipi-session-1,multiclient-scalability-run-4,veh-50,423,100-clients,default,stationary,unsynced,true,true,clients,100,count,IPI-CooperativeService,1098,1783021633609699307,1783021568845263969,1783021568845307230,,,,,,"CooperativeService{guidedPlanning, status=request, vehicleId=0x7665682d3530, requestedHorizonMs=2500, confidence=100, planning.waypoints=1, offloadTaskId=probe-423, offloadPayload=1024 bytes}"
5g-receiver,1783021569086337729,edge4av-real-20260702-multiclient-scalability-run-4,p5g-scale-mqtt-payload-1024-clients-100,scale,guided-planning,mqtt,,veh-50,rsu-1,p5g-scale-mqtt-payload-1024-clients-100-veh-50-424,ipi-session-1,multiclient-scalability-run-4,veh-50,424,100-clients,default,stationary,unsynced,true,true,clients,100,count,IPI-CooperativeService,1098,1783021633855679668,1783021569086293875,1783021569086337729,,,,,,"CooperativeService{guidedPlanning, status=request, vehicleId=0x7665682d3530, requestedHorizonMs=2500, confidence=100, planning.waypoints=1, offloadTaskId=probe-424, offloadPayload=1024 bytes}"
5g-receiver,1783021569325684272,edge4av-real-20260702-multiclient-scalability-run-4,p5g-scale-mqtt-payload-1024-clients-100,scale,guided-planning,mqtt,,veh-50,rsu-1,p5g-scale-mqtt-payload-1024-clients-100-veh-50-425,ipi-session-1,multiclient-scalability-run-4,veh-50,425,100-clients,default,stationary,unsynced,true,true,clients,100,count,IPI-CooperativeService,1098,1783021634099652502,1783021569325623425,1783021569325684272,,,,,,"CooperativeService{guidedPlanning, status=request, vehicleId=0x7665682d3530, requestedHorizonMs=2500, confidence=100, planning.waypoints=1, offloadTaskId=probe-425, offloadPayload=1024 bytes}"
5g-receiver,1783021569565813385,edge4av-real-20260702-multiclient-scalability-run-4,p5g-scale-mqtt-payload-1024-clients-100,scale,guided-planning,mqtt,,veh-50,rsu-1,p5g-scale-mqtt-payload-1024-clients-100-veh-50-426,ipi-session-1,multiclient-scalability-run-4,veh-50,426,100-clients,default,stationary,unsynced,true,true,clients,100,count,IPI-CooperativeService,1098,1783021634337717927,1783021569565759011,1783021569565813385,,,,,,"CooperativeService{guidedPlanning, status=request, vehicleId=0x7665682d3530, requestedHorizonMs=2500, confidence=100, planning.waypoints=1, offloadTaskId=probe-426, offloadPayload=1024 bytes}"
5g-receiver,1783021569808719575,edge4av-real-20260702-multiclient-scalability-run-4,p5g-scale-mqtt-payload-1024-clients-100,scale,guided-planning,mqtt,,veh-50,rsu-1,p5g-scale-mqtt-payload-1024-clients-100-veh-50-427,ipi-session-1,multiclient-scalability-run-4,veh-50,427,100-clients,default,stationary,unsynced,true,true,clients,100,count,IPI-CooperativeService,1098,1783021634579604522,1783021569808643262,1783021569808719575,,,,,,"CooperativeService{guidedPlanning, status=request, vehicleId=0x7665682d3530, requestedHorizonMs=2500, confidence=100, planning.waypoints=1, offloadTaskId=probe-427, offloadPayload=1024 bytes}"
5g-receiver,1783021570049647883,edge4av-real-20260702-multiclient-scalability-run-4,p5g-scale-mqtt-payload-1024-clients-100,scale,guided-planning,mqtt,,veh-50,rsu-1,p5g-scale-mqtt-payload-1024-clients-100-veh-50-428,ipi-session-1,multiclient-scalability-run-4,veh-50,428,100-clients,default,stationary,unsynced,true,true,clients,100,count,IPI-CooperativeService,1098,1783021634821746164,1783021570049593863,1783021570049647883,,,,,,"CooperativeService{guidedPlanning, status=request, vehicleId=0x7665682d3530, requestedHorizonMs=2500, confidence=100, planning.waypoints=1, offloadTaskId=probe-428, offloadPayload=1024 bytes}"
5g-receiver,1783021570289208023,edge4av-real-20260702-multiclient-scalability-run-4,p5g-scale-mqtt-payload-1024-clients-100,scale,guided-planning,mqtt,,veh-50,rsu-1,p5g-scale-mqtt-payload-1024-clients-100-veh-50-429,ipi-session-1,multiclient-scalability-run-4,veh-50,429,100-clients,default,stationary,unsynced,true,true,clients,100,count,IPI-CooperativeService,1098,1783021635063626478,1783021570289164580,1783021570289208023,,,,,,"CooperativeService{guidedPlanning, status=request, vehicleId=0x7665682d3530, requestedHorizonMs=2500, confidence=100, planning.waypoints=1, offloadTaskId=probe-429, offloadPayload=1024 bytes}"
5g-receiver,1783021570528456497,edge4av-real-20260702-multiclient-scalability-run-4,p5g-scale-mqtt-payload-1024-clients-100,scale,guided-planning,mqtt,,veh-50,rsu-1,p5g-scale-mqtt-payload-1024-clients-100-veh-50-430,ipi-session-1,multiclient-scalability-run-4,veh-50,430,100-clients,default,stationary,unsynced,true,true,clients,100,count,IPI-CooperativeService,1098,1783021635303463265,1783021570528413039,1783021570528456497,,,,,,"CooperativeService{guidedPlanning, status=request, vehicleId=0x7665682d3530, requestedHorizonMs=2500, confidence=100, planning.waypoints=1, offloadTaskId=probe-430, offloadPayload=1024 bytes}"
5g-receiver,1783021570771294451,edge4av-real-20260702-multiclient-scalability-run-4,p5g-scale-mqtt-payload-1024-clients-100,scale,guided-planning,mqtt,,veh-50,rsu-1,p5g-scale-mqtt-payload-1024-clients-100-veh-50-431,ipi-session-1,multiclient-scalability-run-4,veh-50,431,100-clients,default,stationary,unsynced,true,true,clients,100,count,IPI-CooperativeService,1098,1783021635539735572,1783021570771251182,1783021570771294451,,,,,,"CooperativeService{guidedPlanning, status=request, vehicleId=0x7665682d3530, requestedHorizonMs=2500, confidence=100, planning.waypoints=1, offloadTaskId=probe-431, offloadPayload=1024 bytes}"
5g-receiver,1783021571007797582,edge4av-real-20260702-multiclient-scalability-run-4,p5g-scale-mqtt-payload-1024-clients-100,scale,guided-planning,mqtt,,veh-50,rsu-1,p5g-scale-mqtt-payload-1024-clients-100-veh-50-432,ipi-session-1,multiclient-scalability-run-4,veh-50,432,100-clients,default,stationary,unsynced,true,true,clients,100,count,IPI-CooperativeService,1098,1783021635787559780,1783021571007753823,1783021571007797582,,,,,,"CooperativeService{guidedPlanning, status=request, vehicleId=0x7665682d3530, requestedHorizonMs=2500, confidence=100, planning.waypoints=1, offloadTaskId=probe-432, offloadPayload=1024 bytes}"
5g-receiver,1783021571249926707,edge4av-real-20260702-multiclient-scalability-run-4,p5g-scale-mqtt-payload-1024-clients-100,scale,guided-planning,mqtt,,veh-50,rsu-1,p5g-scale-mqtt-payload-1024-clients-100-veh-50-433,ipi-session-1,multiclient-scalability-run-4,veh-50,433,100-clients,default,stationary,unsynced,true,true,clients,100,count,IPI-CooperativeService,1098,1783021636031590680,1783021571249875019,1783021571249926707,,,,,,"CooperativeService{guidedPlanning, status=request, vehicleId=0x7665682d3530, requestedHorizonMs=2500, confidence=100, planning.waypoints=1, offloadTaskId=probe-433, offloadPayload=1024 bytes}"
5g-receiver,1783021571488636066,edge4av-real-20260702-multiclient-scalability-run-4,p5g-scale-mqtt-payload-1024-clients-100,scale,guided-planning,mqtt,,veh-50,rsu-1,p5g-scale-mqtt-payload-1024-clients-100-veh-50-434,ipi-session-1,multiclient-scalability-run-4,veh-50,434,100-clients,default,stationary,unsynced,true,true,clients,100,count,IPI-CooperativeService,1098,1783021636261617725,1783021571488592653,1783021571488636066,,,,,,"CooperativeService{guidedPlanning, status=request, vehicleId=0x7665682d3530, requestedHorizonMs=2500, confidence=100, planning.waypoints=1, offloadTaskId=probe-434, offloadPayload=1024 bytes}"
5g-receiver,1783021571720346616,edge4av-real-20260702-multiclient-scalability-run-4,p5g-scale-mqtt-payload-1024-clients-100,scale,guided-planning,mqtt,,veh-50,rsu-1,p5g-scale-mqtt-payload-1024-clients-100-veh-50-435,ipi-session-1,multiclient-scalability-run-4,veh-50,435,100-clients,default,stationary,unsynced,true,true,clients,100,count,IPI-CooperativeService,1098,1783021636497587304,1783021571720302861,1783021571720346616,,,,,,"CooperativeService{guidedPlanning, status=request, vehicleId=0x7665682d3530, requestedHorizonMs=2500, confidence=100, planning.waypoints=1, offloadTaskId=probe-435, offloadPayload=1024 bytes}"
5g-receiver,1783021571990631904,edge4av-real-20260702-multiclient-scalability-run-4,p5g-scale-mqtt-payload-1024-clients-100,scale,guided-planning,mqtt,,veh-50,rsu-1,p5g-scale-mqtt-payload-1024-clients-100-veh-50-436,ipi-session-1,multiclient-scalability-run-4,veh-50,436,100-clients,default,stationary,unsynced,true,true,clients,100,count,IPI-CooperativeService,1098,1783021636756969181,1783021571990565781,1783021571990631904,,,,,,"CooperativeService{guidedPlanning, status=request, vehicleId=0x7665682d3530, requestedHorizonMs=2500, confidence=100, planning.waypoints=1, offloadTaskId=probe-436, offloadPayload=1024 bytes}"
5g-receiver,1783021572262012326,edge4av-real-20260702-multiclient-scalability-run-4,p5g-scale-mqtt-payload-1024-clients-100,scale,guided-planning,mqtt,,veh-50,rsu-1,p5g-scale-mqtt-payload-1024-clients-100-veh-50-437,ipi-session-1,multiclient-scalability-run-4,veh-50,437,100-clients,default,stationary,unsynced,true,true,clients,100,count,IPI-CooperativeService,1098,1783021637027772944,1783021572261956411,1783021572262012326,,,,,,"CooperativeService{guidedPlanning, status=request, vehicleId=0x7665682d3530, requestedHorizonMs=2500, confidence=100, planning.waypoints=1, offloadTaskId=probe-437, offloadPayload=1024 bytes}"
5g-receiver,1783021572501683863,edge4av-real-20260702-multiclient-scalability-run-4,p5g-scale-mqtt-payload-1024-clients-100,scale,guided-planning,mqtt,,veh-50,rsu-1,p5g-scale-mqtt-payload-1024-clients-100-veh-50-438,ipi-session-1,multiclient-scalability-run-4,veh-50,438,100-clients,default,stationary,unsynced,true,true,clients,100,count,IPI-CooperativeService,1098,1783021637279638776,1783021572501640142,1783021572501683863,,,,,,"CooperativeService{guidedPlanning, status=request, vehicleId=0x7665682d3530, requestedHorizonMs=2500, confidence=100, planning.waypoints=1, offloadTaskId=probe-438, offloadPayload=1024 bytes}"
5g-receiver,1783021572740823020,edge4av-real-20260702-multiclient-scalability-run-4,p5g-scale-mqtt-payload-1024-clients-100,scale,guided-planning,mqtt,,veh-50,rsu-1,p5g-scale-mqtt-payload-1024-clients-100-veh-50-439,ipi-session-1,multiclient-scalability-run-4,veh-50,439,100-clients,default,stationary,unsynced,true,true,clients,100,count,IPI-CooperativeService,1098,1783021637515676392,1783021572740767974,1783021572740823020,,,,,,"CooperativeService{guidedPlanning, status=request, vehicleId=0x7665682d3530, requestedHorizonMs=2500, confidence=100, planning.waypoints=1, offloadTaskId=probe-439, offloadPayload=1024 bytes}"
5g-receiver,1783021572972448788,edge4av-real-20260702-multiclient-scalability-run-4,p5g-scale-mqtt-payload-1024-clients-100,scale,guided-planning,mqtt,,veh-50,rsu-1,p5g-scale-mqtt-payload-1024-clients-100-veh-50-440,ipi-session-1,multiclient-scalability-run-4,veh-50,440,100-clients,default,stationary,unsynced,true,true,clients,100,count,IPI-CooperativeService,1098,1783021637755640985,1783021572972405247,1783021572972448788,,,,,,"CooperativeService{guidedPlanning, status=request, vehicleId=0x7665682d3530, requestedHorizonMs=2500, confidence=100, planning.waypoints=1, offloadTaskId=probe-440, offloadPayload=1024 bytes}"
5g-receiver,1783021573214776990,edge4av-real-20260702-multiclient-scalability-run-4,p5g-scale-mqtt-payload-1024-clients-100,scale,guided-planning,mqtt,,veh-50,rsu-1,p5g-scale-mqtt-payload-1024-clients-100-veh-50-441,ipi-session-1,multiclient-scalability-run-4,veh-50,441,100-clients,default,stationary,unsynced,true,true,clients,100,count,IPI-CooperativeService,1098,1783021637985819415,1783021573214733614,1783021573214776990,,,,,,"CooperativeService{guidedPlanning, status=request, vehicleId=0x7665682d3530, requestedHorizonMs=2500, confidence=100, planning.waypoints=1, offloadTaskId=probe-441, offloadPayload=1024 bytes}"
5g-receiver,1783021573453050207,edge4av-real-20260702-multiclient-scalability-run-4,p5g-scale-mqtt-payload-1024-clients-100,scale,guided-planning,mqtt,,veh-50,rsu-1,p5g-scale-mqtt-payload-1024-clients-100-veh-50-442,ipi-session-1,multiclient-scalability-run-4,veh-50,442,100-clients,default,stationary,unsynced,true,true,clients,100,count,IPI-CooperativeService,1098,1783021638225673002,1783021573452991850,1783021573453050207,,,,,,"CooperativeService{guidedPlanning, status=request, vehicleId=0x7665682d3530, requestedHorizonMs=2500, confidence=100, planning.waypoints=1, offloadTaskId=probe-442, offloadPayload=1024 bytes}"
5g-receiver,1783021573693071865,edge4av-real-20260702-multiclient-scalability-run-4,p5g-scale-mqtt-payload-1024-clients-100,scale,guided-planning,mqtt,,veh-50,rsu-1,p5g-scale-mqtt-payload-1024-clients-100-veh-50-443,ipi-session-1,multiclient-scalability-run-4,veh-50,443,100-clients,default,stationary,unsynced,true,true,clients,100,count,IPI-CooperativeService,1098,1783021638467737650,1783021573693028561,1783021573693071865,,,,,,"CooperativeService{guidedPlanning, status=request, vehicleId=0x7665682d3530, requestedHorizonMs=2500, confidence=100, planning.waypoints=1, offloadTaskId=probe-443, offloadPayload=1024 bytes}"
5g-receiver,1783021573933929522,edge4av-real-20260702-multiclient-scalability-run-4,p5g-scale-mqtt-payload-1024-clients-100,scale,guided-planning,mqtt,,veh-50,rsu-1,p5g-scale-mqtt-payload-1024-clients-100-veh-50-444,ipi-session-1,multiclient-scalability-run-4,veh-50,444,100-clients,default,stationary,unsynced,true,true,clients,100,count,IPI-CooperativeService,1098,1783021638705772823,1783021573933886386,1783021573933929522,,,,,,"CooperativeService{guidedPlanning, status=request, vehicleId=0x7665682d3530, requestedHorizonMs=2500, confidence=100, planning.waypoints=1, offloadTaskId=probe-444, offloadPayload=1024 bytes}"
5g-receiver,1783021574174740685,edge4av-real-20260702-multiclient-scalability-run-4,p5g-scale-mqtt-payload-1024-clients-100,scale,guided-planning,mqtt,,veh-50,rsu-1,p5g-scale-mqtt-payload-1024-clients-100-veh-50-445,ipi-session-1,multiclient-scalability-run-4,veh-50,445,100-clients,default,stationary,unsynced,true,true,clients,100,count,IPI-CooperativeService,1098,1783021638945707512,1783021574174697247,1783021574174740685,,,,,,"CooperativeService{guidedPlanning, status=request, vehicleId=0x7665682d3530, requestedHorizonMs=2500, confidence=100, planning.waypoints=1, offloadTaskId=probe-445, offloadPayload=1024 bytes}"
5g-receiver,1783021574415880867,edge4av-real-20260702-multiclient-scalability-run-4,p5g-scale-mqtt-payload-1024-clients-100,scale,guided-planning,mqtt,,veh-50,rsu-1,p5g-scale-mqtt-payload-1024-clients-100-veh-50-446,ipi-session-1,multiclient-scalability-run-4,veh-50,446,100-clients,default,stationary,unsynced,true,true,clients,100,count,IPI-CooperativeService,1098,1783021639187683844,1783021574415837941,1783021574415880867,,,,,,"CooperativeService{guidedPlanning, status=request, vehicleId=0x7665682d3530, requestedHorizonMs=2500, confidence=100, planning.waypoints=1, offloadTaskId=probe-446, offloadPayload=1024 bytes}"
5g-receiver,1783021574655142980,edge4av-real-20260702-multiclient-scalability-run-4,p5g-scale-mqtt-payload-1024-clients-100,scale,guided-planning,mqtt,,veh-50,rsu-1,p5g-scale-mqtt-payload-1024-clients-100-veh-50-447,ipi-session-1,multiclient-scalability-run-4,veh-50,447,100-clients,default,stationary,unsynced,true,true,clients,100,count,IPI-CooperativeService,1098,1783021639431631454,1783021574655084981,1783021574655142980,,,,,,"CooperativeService{guidedPlanning, status=request, vehicleId=0x7665682d3530, requestedHorizonMs=2500, confidence=100, planning.waypoints=1, offloadTaskId=probe-447, offloadPayload=1024 bytes}"
5g-receiver,1783021574896088322,edge4av-real-20260702-multiclient-scalability-run-4,p5g-scale-mqtt-payload-1024-clients-100,scale,guided-planning,mqtt,,veh-50,rsu-1,p5g-scale-mqtt-payload-1024-clients-100-veh-50-448,ipi-session-1,multiclient-scalability-run-4,veh-50,448,100-clients,default,stationary,unsynced,true,true,clients,100,count,IPI-CooperativeService,1098,1783021639671664933,1783021574896045112,1783021574896088322,,,,,,"CooperativeService{guidedPlanning, status=request, vehicleId=0x7665682d3530, requestedHorizonMs=2500, confidence=100, planning.waypoints=1, offloadTaskId=probe-448, offloadPayload=1024 bytes}"
5g-receiver,1783021575135663817,edge4av-real-20260702-multiclient-scalability-run-4,p5g-scale-mqtt-payload-1024-clients-100,scale,guided-planning,mqtt,,veh-50,rsu-1,p5g-scale-mqtt-payload-1024-clients-100-veh-50-449,ipi-session-1,multiclient-scalability-run-4,veh-50,449,100-clients,default,stationary,unsynced,true,true,clients,100,count,IPI-CooperativeService,1098,1783021639911613631,1783021575135613004,1783021575135663817,,,,,,"CooperativeService{guidedPlanning, status=request, vehicleId=0x7665682d3530, requestedHorizonMs=2500, confidence=100, planning.waypoints=1, offloadTaskId=probe-449, offloadPayload=1024 bytes}"
5g-receiver,1783021575377639051,edge4av-real-20260702-multiclient-scalability-run-4,p5g-scale-mqtt-payload-1024-clients-100,scale,guided-planning,mqtt,,veh-50,rsu-1,p5g-scale-mqtt-payload-1024-clients-100-veh-50-450,ipi-session-1,multiclient-scalability-run-4,veh-50,450,100-clients,default,stationary,unsynced,true,true,clients,100,count,IPI-CooperativeService,1098,1783021640151812302,1783021575377586486,1783021575377639051,,,,,,"CooperativeService{guidedPlanning, status=request, vehicleId=0x7665682d3530, requestedHorizonMs=2500, confidence=100, planning.waypoints=1, offloadTaskId=probe-450, offloadPayload=1024 bytes}"
5g-receiver,1783021575617380047,edge4av-real-20260702-multiclient-scalability-run-4,p5g-scale-mqtt-payload-1024-clients-100,scale,guided-planning,mqtt,,veh-50,rsu-1,p5g-scale-mqtt-payload-1024-clients-100-veh-50-451,ipi-session-1,multiclient-scalability-run-4,veh-50,451,100-clients,default,stationary,unsynced,true,true,clients,100,count,IPI-CooperativeService,1098,1783021640391587405,1783021575617336853,1783021575617380047,,,,,,"CooperativeService{guidedPlanning, status=request, vehicleId=0x7665682d3530, requestedHorizonMs=2500, confidence=100, planning.waypoints=1, offloadTaskId=probe-451, offloadPayload=1024 bytes}"
5g-receiver,1783021575916298714,edge4av-real-20260702-multiclient-scalability-run-4,p5g-scale-mqtt-payload-1024-clients-100,scale,guided-planning,mqtt,,veh-50,rsu-1,p5g-scale-mqtt-payload-1024-clients-100-veh-50-452,ipi-session-1,multiclient-scalability-run-4,veh-50,452,100-clients,default,stationary,unsynced,true,true,clients,100,count,IPI-CooperativeService,1098,1783021640691284110,1783021575916247782,1783021575916298714,,,,,,"CooperativeService{guidedPlanning, status=request, vehicleId=0x7665682d3530, requestedHorizonMs=2500, confidence=100, planning.waypoints=1, offloadTaskId=probe-452, offloadPayload=1024 bytes}"
5g-receiver,1783021576209410570,edge4av-real-20260702-multiclient-scalability-run-4,p5g-scale-mqtt-payload-1024-clients-100,scale,guided-planning,mqtt,,veh-50,rsu-1,p5g-scale-mqtt-payload-1024-clients-100-veh-50-453,ipi-session-1,multiclient-scalability-run-4,veh-50,453,100-clients,default,stationary,unsynced,true,true,clients,100,count,IPI-CooperativeService,1098,1783021640996863067,1783021576209367079,1783021576209410570,,,,,,"CooperativeService{guidedPlanning, status=request, vehicleId=0x7665682d3530, requestedHorizonMs=2500, confidence=100, planning.waypoints=1, offloadTaskId=probe-453, offloadPayload=1024 bytes}"
5g-receiver,1783021576437470913,edge4av-real-20260702-multiclient-scalability-run-4,p5g-scale-mqtt-payload-1024-clients-100,scale,guided-planning,mqtt,,veh-50,rsu-1,p5g-scale-mqtt-payload-1024-clients-100-veh-50-454,ipi-session-1,multiclient-scalability-run-4,veh-50,454,100-clients,default,stationary,unsynced,true,true,clients,100,count,IPI-CooperativeService,1098,1783021641219765143,1783021576437406751,1783021576437470913,,,,,,"CooperativeService{guidedPlanning, status=request, vehicleId=0x7665682d3530, requestedHorizonMs=2500, confidence=100, planning.waypoints=1, offloadTaskId=probe-454, offloadPayload=1024 bytes}"
5g-receiver,1783021576688081812,edge4av-real-20260702-multiclient-scalability-run-4,p5g-scale-mqtt-payload-1024-clients-100,scale,guided-planning,mqtt,,veh-50,rsu-1,p5g-scale-mqtt-payload-1024-clients-100-veh-50-455,ipi-session-1,multiclient-scalability-run-4,veh-50,455,100-clients,default,stationary,unsynced,true,true,clients,100,count,IPI-CooperativeService,1098,1783021641453795759,1783021576688038305,1783021576688081812,,,,,,"CooperativeService{guidedPlanning, status=request, vehicleId=0x7665682d3530, requestedHorizonMs=2500, confidence=100, planning.waypoints=1, offloadTaskId=probe-455, offloadPayload=1024 bytes}"
5g-receiver,1783021576928300172,edge4av-real-20260702-multiclient-scalability-run-4,p5g-scale-mqtt-payload-1024-clients-100,scale,guided-planning,mqtt,,veh-50,rsu-1,p5g-scale-mqtt-payload-1024-clients-100-veh-50-456,ipi-session-1,multiclient-scalability-run-4,veh-50,456,100-clients,default,stationary,unsynced,true,true,clients,100,count,IPI-CooperativeService,1098,1783021641699741734,1783021576928257210,1783021576928300172,,,,,,"CooperativeService{guidedPlanning, status=request, vehicleId=0x7665682d3530, requestedHorizonMs=2500, confidence=100, planning.waypoints=1, offloadTaskId=probe-456, offloadPayload=1024 bytes}"
5g-receiver,1783021577209331136,edge4av-real-20260702-multiclient-scalability-run-4,p5g-scale-mqtt-payload-1024-clients-100,scale,guided-planning,mqtt,,veh-50,rsu-1,p5g-scale-mqtt-payload-1024-clients-100-veh-50-457,ipi-session-1,multiclient-scalability-run-4,veh-50,457,100-clients,default,stationary,unsynced,true,true,clients,100,count,IPI-CooperativeService,1098,1783021641988968498,1783021577209288509,1783021577209331136,,,,,,"CooperativeService{guidedPlanning, status=request, vehicleId=0x7665682d3530, requestedHorizonMs=2500, confidence=100, planning.waypoints=1, offloadTaskId=probe-457, offloadPayload=1024 bytes}"
5g-receiver,1783021577449667703,edge4av-real-20260702-multiclient-scalability-run-4,p5g-scale-mqtt-payload-1024-clients-100,scale,guided-planning,mqtt,,veh-50,rsu-1,p5g-scale-mqtt-payload-1024-clients-100-veh-50-458,ipi-session-1,multiclient-scalability-run-4,veh-50,458,100-clients,default,stationary,unsynced,true,true,clients,100,count,IPI-CooperativeService,1098,1783021642223619531,1783021577449624609,1783021577449667703,,,,,,"CooperativeService{guidedPlanning, status=request, vehicleId=0x7665682d3530, requestedHorizonMs=2500, confidence=100, planning.waypoints=1, offloadTaskId=probe-458, offloadPayload=1024 bytes}"
5g-receiver,1783021577740475303,edge4av-real-20260702-multiclient-scalability-run-4,p5g-scale-mqtt-payload-1024-clients-100,scale,guided-planning,mqtt,,veh-50,rsu-1,p5g-scale-mqtt-payload-1024-clients-100-veh-50-459,ipi-session-1,multiclient-scalability-run-4,veh-50,459,100-clients,default,stationary,unsynced,true,true,clients,100,count,IPI-CooperativeService,1098,1783021642462038509,1783021577740420621,1783021577740475303,,,,,,"CooperativeService{guidedPlanning, status=request, vehicleId=0x7665682d3530, requestedHorizonMs=2500, confidence=100, planning.waypoints=1, offloadTaskId=probe-459, offloadPayload=1024 bytes}"
5g-receiver,1783021577989471442,edge4av-real-20260702-multiclient-scalability-run-4,p5g-scale-mqtt-payload-1024-clients-100,scale,guided-planning,mqtt,,veh-50,rsu-1,p5g-scale-mqtt-payload-1024-clients-100-veh-50-460,ipi-session-1,multiclient-scalability-run-4,veh-50,460,100-clients,default,stationary,unsynced,true,true,clients,100,count,IPI-CooperativeService,1098,1783021642755856693,1783021577989428165,1783021577989471442,,,,,,"CooperativeService{guidedPlanning, status=request, vehicleId=0x7665682d3530, requestedHorizonMs=2500, confidence=100, planning.waypoints=1, offloadTaskId=probe-460, offloadPayload=1024 bytes}"
5g-receiver,1783021578221209761,edge4av-real-20260702-multiclient-scalability-run-4,p5g-scale-mqtt-payload-1024-clients-100,scale,guided-planning,mqtt,,veh-50,rsu-1,p5g-scale-mqtt-payload-1024-clients-100-veh-50-461,ipi-session-1,multiclient-scalability-run-4,veh-50,461,100-clients,default,stationary,unsynced,true,true,clients,100,count,IPI-CooperativeService,1098,1783021642999616731,1783021578221166642,1783021578221209761,,,,,,"CooperativeService{guidedPlanning, status=request, vehicleId=0x7665682d3530, requestedHorizonMs=2500, confidence=100, planning.waypoints=1, offloadTaskId=probe-461, offloadPayload=1024 bytes}"
5g-receiver,1783021578451514558,edge4av-real-20260702-multiclient-scalability-run-4,p5g-scale-mqtt-payload-1024-clients-100,scale,guided-planning,mqtt,,veh-50,rsu-1,p5g-scale-mqtt-payload-1024-clients-100-veh-50-462,ipi-session-1,multiclient-scalability-run-4,veh-50,462,100-clients,default,stationary,unsynced,true,true,clients,100,count,IPI-CooperativeService,1098,1783021643234180456,1783021578451451926,1783021578451514558,,,,,,"CooperativeService{guidedPlanning, status=request, vehicleId=0x7665682d3530, requestedHorizonMs=2500, confidence=100, planning.waypoints=1, offloadTaskId=probe-462, offloadPayload=1024 bytes}"
5g-receiver,1783021578690712049,edge4av-real-20260702-multiclient-scalability-run-4,p5g-scale-mqtt-payload-1024-clients-100,scale,guided-planning,mqtt,,veh-50,rsu-1,p5g-scale-mqtt-payload-1024-clients-100-veh-50-463,ipi-session-1,multiclient-scalability-run-4,veh-50,463,100-clients,default,stationary,unsynced,true,true,clients,100,count,IPI-CooperativeService,1098,1783021643461919349,1783021578690669714,1783021578690712049,,,,,,"CooperativeService{guidedPlanning, status=request, vehicleId=0x7665682d3530, requestedHorizonMs=2500, confidence=100, planning.waypoints=1, offloadTaskId=probe-463, offloadPayload=1024 bytes}"
5g-receiver,1783021578933045323,edge4av-real-20260702-multiclient-scalability-run-4,p5g-scale-mqtt-payload-1024-clients-100,scale,guided-planning,mqtt,,veh-50,rsu-1,p5g-scale-mqtt-payload-1024-clients-100-veh-50-464,ipi-session-1,multiclient-scalability-run-4,veh-50,464,100-clients,default,stationary,unsynced,true,true,clients,100,count,IPI-CooperativeService,1098,1783021643707652280,1783021578933001784,1783021578933045323,,,,,,"CooperativeService{guidedPlanning, status=request, vehicleId=0x7665682d3530, requestedHorizonMs=2500, confidence=100, planning.waypoints=1, offloadTaskId=probe-464, offloadPayload=1024 bytes}"
5g-receiver,1783021579185319901,edge4av-real-20260702-multiclient-scalability-run-4,p5g-scale-mqtt-payload-1024-clients-100,scale,guided-planning,mqtt,,veh-50,rsu-1,p5g-scale-mqtt-payload-1024-clients-100-veh-50-465,ipi-session-1,multiclient-scalability-run-4,veh-50,465,100-clients,default,stationary,unsynced,true,true,clients,100,count,IPI-CooperativeService,1098,1783021643947696704,1783021579185254728,1783021579185319901,,,,,,"CooperativeService{guidedPlanning, status=request, vehicleId=0x7665682d3530, requestedHorizonMs=2500, confidence=100, planning.waypoints=1, offloadTaskId=probe-465, offloadPayload=1024 bytes}"
5g-receiver,1783021579416748295,edge4av-real-20260702-multiclient-scalability-run-4,p5g-scale-mqtt-payload-1024-clients-100,scale,guided-planning,mqtt,,veh-50,rsu-1,p5g-scale-mqtt-payload-1024-clients-100-veh-50-466,ipi-session-1,multiclient-scalability-run-4,veh-50,466,100-clients,default,stationary,unsynced,true,true,clients,100,count,IPI-CooperativeService,1098,1783021644195841577,1783021579416664714,1783021579416748295,,,,,,"CooperativeService{guidedPlanning, status=request, vehicleId=0x7665682d3530, requestedHorizonMs=2500, confidence=100, planning.waypoints=1, offloadTaskId=probe-466, offloadPayload=1024 bytes}"
5g-receiver,1783021579653747352,edge4av-real-20260702-multiclient-scalability-run-4,p5g-scale-mqtt-payload-1024-clients-100,scale,guided-planning,mqtt,,veh-50,rsu-1,p5g-scale-mqtt-payload-1024-clients-100-veh-50-467,ipi-session-1,multiclient-scalability-run-4,veh-50,467,100-clients,default,stationary,unsynced,true,true,clients,100,count,IPI-CooperativeService,1098,1783021644435337940,1783021579653691383,1783021579653747352,,,,,,"CooperativeService{guidedPlanning, status=request, vehicleId=0x7665682d3530, requestedHorizonMs=2500, confidence=100, planning.waypoints=1, offloadTaskId=probe-467, offloadPayload=1024 bytes}"
5g-receiver,1783021579892938172,edge4av-real-20260702-multiclient-scalability-run-4,p5g-scale-mqtt-payload-1024-clients-100,scale,guided-planning,mqtt,,veh-50,rsu-1,p5g-scale-mqtt-payload-1024-clients-100-veh-50-468,ipi-session-1,multiclient-scalability-run-4,veh-50,468,100-clients,default,stationary,unsynced,true,true,clients,100,count,IPI-CooperativeService,1098,1783021644667600849,1783021579892884411,1783021579892938172,,,,,,"CooperativeService{guidedPlanning, status=request, vehicleId=0x7665682d3530, requestedHorizonMs=2500, confidence=100, planning.waypoints=1, offloadTaskId=probe-468, offloadPayload=1024 bytes}"
5g-receiver,1783021580135864177,edge4av-real-20260702-multiclient-scalability-run-4,p5g-scale-mqtt-payload-1024-clients-100,scale,guided-planning,mqtt,,veh-50,rsu-1,p5g-scale-mqtt-payload-1024-clients-100-veh-50-469,ipi-session-1,multiclient-scalability-run-4,veh-50,469,100-clients,default,stationary,unsynced,true,true,clients,100,count,IPI-CooperativeService,1098,1783021644905694699,1783021580135792736,1783021580135864177,,,,,,"CooperativeService{guidedPlanning, status=request, vehicleId=0x7665682d3530, requestedHorizonMs=2500, confidence=100, planning.waypoints=1, offloadTaskId=probe-469, offloadPayload=1024 bytes}"
5g-receiver,1783021580375599515,edge4av-real-20260702-multiclient-scalability-run-4,p5g-scale-mqtt-payload-1024-clients-100,scale,guided-planning,mqtt,,veh-50,rsu-1,p5g-scale-mqtt-payload-1024-clients-100-veh-50-470,ipi-session-1,multiclient-scalability-run-4,veh-50,470,100-clients,default,stationary,unsynced,true,true,clients,100,count,IPI-CooperativeService,1098,1783021645145687787,1783021580375547028,1783021580375599515,,,,,,"CooperativeService{guidedPlanning, status=request, vehicleId=0x7665682d3530, requestedHorizonMs=2500, confidence=100, planning.waypoints=1, offloadTaskId=probe-470, offloadPayload=1024 bytes}"
5g-receiver,1783021580645374415,edge4av-real-20260702-multiclient-scalability-run-4,p5g-scale-mqtt-payload-1024-clients-100,scale,guided-planning,mqtt,,veh-50,rsu-1,p5g-scale-mqtt-payload-1024-clients-100-veh-50-471,ipi-session-1,multiclient-scalability-run-4,veh-50,471,100-clients,default,stationary,unsynced,true,true,clients,100,count,IPI-CooperativeService,1098,1783021645426844261,1783021580645331128,1783021580645374415,,,,,,"CooperativeService{guidedPlanning, status=request, vehicleId=0x7665682d3530, requestedHorizonMs=2500, confidence=100, planning.waypoints=1, offloadTaskId=probe-471, offloadPayload=1024 bytes}"
5g-receiver,1783021580887403588,edge4av-real-20260702-multiclient-scalability-run-4,p5g-scale-mqtt-payload-1024-clients-100,scale,guided-planning,mqtt,,veh-50,rsu-1,p5g-scale-mqtt-payload-1024-clients-100-veh-50-472,ipi-session-1,multiclient-scalability-run-4,veh-50,472,100-clients,default,stationary,unsynced,true,true,clients,100,count,IPI-CooperativeService,1098,1783021645663598657,1783021580887359992,1783021580887403588,,,,,,"CooperativeService{guidedPlanning, status=request, vehicleId=0x7665682d3530, requestedHorizonMs=2500, confidence=100, planning.waypoints=1, offloadTaskId=probe-472, offloadPayload=1024 bytes}"
5g-receiver,1783021581146790511,edge4av-real-20260702-multiclient-scalability-run-4,p5g-scale-mqtt-payload-1024-clients-100,scale,guided-planning,mqtt,,veh-50,rsu-1,p5g-scale-mqtt-payload-1024-clients-100-veh-50-473,ipi-session-1,multiclient-scalability-run-4,veh-50,473,100-clients,default,stationary,unsynced,true,true,clients,100,count,IPI-CooperativeService,1098,1783021645897736055,1783021581146746733,1783021581146790511,,,,,,"CooperativeService{guidedPlanning, status=request, vehicleId=0x7665682d3530, requestedHorizonMs=2500, confidence=100, planning.waypoints=1, offloadTaskId=probe-473, offloadPayload=1024 bytes}"
5g-receiver,1783021581406131518,edge4av-real-20260702-multiclient-scalability-run-4,p5g-scale-mqtt-payload-1024-clients-100,scale,guided-planning,mqtt,,veh-50,rsu-1,p5g-scale-mqtt-payload-1024-clients-100-veh-50-474,ipi-session-1,multiclient-scalability-run-4,veh-50,474,100-clients,default,stationary,unsynced,true,true,clients,100,count,IPI-CooperativeService,1098,1783021646165631906,1783021581406083540,1783021581406131518,,,,,,"CooperativeService{guidedPlanning, status=request, vehicleId=0x7665682d3530, requestedHorizonMs=2500, confidence=100, planning.waypoints=1, offloadTaskId=probe-474, offloadPayload=1024 bytes}"
5g-receiver,1783021581645739888,edge4av-real-20260702-multiclient-scalability-run-4,p5g-scale-mqtt-payload-1024-clients-100,scale,guided-planning,mqtt,,veh-50,rsu-1,p5g-scale-mqtt-payload-1024-clients-100-veh-50-475,ipi-session-1,multiclient-scalability-run-4,veh-50,475,100-clients,default,stationary,unsynced,true,true,clients,100,count,IPI-CooperativeService,1098,1783021646423623256,1783021581645697173,1783021581645739888,,,,,,"CooperativeService{guidedPlanning, status=request, vehicleId=0x7665682d3530, requestedHorizonMs=2500, confidence=100, planning.waypoints=1, offloadTaskId=probe-475, offloadPayload=1024 bytes}"
5g-receiver,1783021581886653485,edge4av-real-20260702-multiclient-scalability-run-4,p5g-scale-mqtt-payload-1024-clients-100,scale,guided-planning,mqtt,,veh-50,rsu-1,p5g-scale-mqtt-payload-1024-clients-100-veh-50-476,ipi-session-1,multiclient-scalability-run-4,veh-50,476,100-clients,default,stationary,unsynced,true,true,clients,100,count,IPI-CooperativeService,1098,1783021646659729833,1783021581886610265,1783021581886653485,,,,,,"CooperativeService{guidedPlanning, status=request, vehicleId=0x7665682d3530, requestedHorizonMs=2500, confidence=100, planning.waypoints=1, offloadTaskId=probe-476, offloadPayload=1024 bytes}"
5g-receiver,1783021582127512352,edge4av-real-20260702-multiclient-scalability-run-4,p5g-scale-mqtt-payload-1024-clients-100,scale,guided-planning,mqtt,,veh-50,rsu-1,p5g-scale-mqtt-payload-1024-clients-100-veh-50-477,ipi-session-1,multiclient-scalability-run-4,veh-50,477,100-clients,default,stationary,unsynced,true,true,clients,100,count,IPI-CooperativeService,1098,1783021646901675451,1783021582127469093,1783021582127512352,,,,,,"CooperativeService{guidedPlanning, status=request, vehicleId=0x7665682d3530, requestedHorizonMs=2500, confidence=100, planning.waypoints=1, offloadTaskId=probe-477, offloadPayload=1024 bytes}"
5g-receiver,1783021582378497897,edge4av-real-20260702-multiclient-scalability-run-4,p5g-scale-mqtt-payload-1024-clients-100,scale,guided-planning,mqtt,,veh-50,rsu-1,p5g-scale-mqtt-payload-1024-clients-100-veh-50-478,ipi-session-1,multiclient-scalability-run-4,veh-50,478,100-clients,default,stationary,unsynced,true,true,clients,100,count,IPI-CooperativeService,1098,1783021647141678085,1783021582378429841,1783021582378497897,,,,,,"CooperativeService{guidedPlanning, status=request, vehicleId=0x7665682d3530, requestedHorizonMs=2500, confidence=100, planning.waypoints=1, offloadTaskId=probe-478, offloadPayload=1024 bytes}"
5g-receiver,1783021582617900782,edge4av-real-20260702-multiclient-scalability-run-4,p5g-scale-mqtt-payload-1024-clients-100,scale,guided-planning,mqtt,,veh-50,rsu-1,p5g-scale-mqtt-payload-1024-clients-100-veh-50-479,ipi-session-1,multiclient-scalability-run-4,veh-50,479,100-clients,default,stationary,unsynced,true,true,clients,100,count,IPI-CooperativeService,1098,1783021647391722792,1783021582617856982,1783021582617900782,,,,,,"CooperativeService{guidedPlanning, status=request, vehicleId=0x7665682d3530, requestedHorizonMs=2500, confidence=100, planning.waypoints=1, offloadTaskId=probe-479, offloadPayload=1024 bytes}"
5g-receiver,1783021582849287255,edge4av-real-20260702-multiclient-scalability-run-4,p5g-scale-mqtt-payload-1024-clients-100,scale,guided-planning,mqtt,,veh-50,rsu-1,p5g-scale-mqtt-payload-1024-clients-100-veh-50-480,ipi-session-1,multiclient-scalability-run-4,veh-50,480,100-clients,default,stationary,unsynced,true,true,clients,100,count,IPI-CooperativeService,1098,1783021647633569694,1783021582849244766,1783021582849287255,,,,,,"CooperativeService{guidedPlanning, status=request, vehicleId=0x7665682d3530, requestedHorizonMs=2500, confidence=100, planning.waypoints=1, offloadTaskId=probe-480, offloadPayload=1024 bytes}"
5g-receiver,1783021583161098915,edge4av-real-20260702-multiclient-scalability-run-4,p5g-scale-mqtt-payload-1024-clients-100,scale,guided-planning,mqtt,,veh-50,rsu-1,p5g-scale-mqtt-payload-1024-clients-100-veh-50-481,ipi-session-1,multiclient-scalability-run-4,veh-50,481,100-clients,default,stationary,unsynced,true,true,clients,100,count,IPI-CooperativeService,1098,1783021647865731044,1783021583161055667,1783021583161098915,,,,,,"CooperativeService{guidedPlanning, status=request, vehicleId=0x7665682d3530, requestedHorizonMs=2500, confidence=100, planning.waypoints=1, offloadTaskId=probe-481, offloadPayload=1024 bytes}"
5g-receiver,1783021583480824768,edge4av-real-20260702-multiclient-scalability-run-4,p5g-scale-mqtt-payload-1024-clients-100,scale,guided-planning,mqtt,,veh-50,rsu-1,p5g-scale-mqtt-payload-1024-clients-100-veh-50-482,ipi-session-1,multiclient-scalability-run-4,veh-50,482,100-clients,default,stationary,unsynced,true,true,clients,100,count,IPI-CooperativeService,1098,1783021648173817797,1783021583480761485,1783021583480824768,,,,,,"CooperativeService{guidedPlanning, status=request, vehicleId=0x7665682d3530, requestedHorizonMs=2500, confidence=100, planning.waypoints=1, offloadTaskId=probe-482, offloadPayload=1024 bytes}"
5g-receiver,1783021583719573541,edge4av-real-20260702-multiclient-scalability-run-4,p5g-scale-mqtt-payload-1024-clients-100,scale,guided-planning,mqtt,,veh-50,rsu-1,p5g-scale-mqtt-payload-1024-clients-100-veh-50-483,ipi-session-1,multiclient-scalability-run-4,veh-50,483,100-clients,default,stationary,unsynced,true,true,clients,100,count,IPI-CooperativeService,1098,1783021648497790496,1783021583719516582,1783021583719573541,,,,,,"CooperativeService{guidedPlanning, status=request, vehicleId=0x7665682d3530, requestedHorizonMs=2500, confidence=100, planning.waypoints=1, offloadTaskId=probe-483, offloadPayload=1024 bytes}"
5g-receiver,1783021583970937572,edge4av-real-20260702-multiclient-scalability-run-4,p5g-scale-mqtt-payload-1024-clients-100,scale,guided-planning,mqtt,,veh-50,rsu-1,p5g-scale-mqtt-payload-1024-clients-100-veh-50-484,ipi-session-1,multiclient-scalability-run-4,veh-50,484,100-clients,default,stationary,unsynced,true,true,clients,100,count,IPI-CooperativeService,1098,1783021648731813265,1783021583970852744,1783021583970937572,,,,,,"CooperativeService{guidedPlanning, status=request, vehicleId=0x7665682d3530, requestedHorizonMs=2500, confidence=100, planning.waypoints=1, offloadTaskId=probe-484, offloadPayload=1024 bytes}"
5g-receiver,1783021584252227823,edge4av-real-20260702-multiclient-scalability-run-4,p5g-scale-mqtt-payload-1024-clients-100,scale,guided-planning,mqtt,,veh-50,rsu-1,p5g-scale-mqtt-payload-1024-clients-100-veh-50-485,ipi-session-1,multiclient-scalability-run-4,veh-50,485,100-clients,default,stationary,unsynced,true,true,clients,100,count,IPI-CooperativeService,1098,1783021648983762430,1783021584252184538,1783021584252227823,,,,,,"CooperativeService{guidedPlanning, status=request, vehicleId=0x7665682d3530, requestedHorizonMs=2500, confidence=100, planning.waypoints=1, offloadTaskId=probe-485, offloadPayload=1024 bytes}"
5g-receiver,1783021584521085588,edge4av-real-20260702-multiclient-scalability-run-4,p5g-scale-mqtt-payload-1024-clients-100,scale,guided-planning,mqtt,,veh-50,rsu-1,p5g-scale-mqtt-payload-1024-clients-100-veh-50-486,ipi-session-1,multiclient-scalability-run-4,veh-50,486,100-clients,default,stationary,unsynced,true,true,clients,100,count,IPI-CooperativeService,1098,1783021649272840425,1783021584521043066,1783021584521085588,,,,,,"CooperativeService{guidedPlanning, status=request, vehicleId=0x7665682d3530, requestedHorizonMs=2500, confidence=100, planning.waypoints=1, offloadTaskId=probe-486, offloadPayload=1024 bytes}"
5g-receiver,1783021584761476590,edge4av-real-20260702-multiclient-scalability-run-4,p5g-scale-mqtt-payload-1024-clients-100,scale,guided-planning,mqtt,,veh-50,rsu-1,p5g-scale-mqtt-payload-1024-clients-100-veh-50-487,ipi-session-1,multiclient-scalability-run-4,veh-50,487,100-clients,default,stationary,unsynced,true,true,clients,100,count,IPI-CooperativeService,1098,1783021649531774940,1783021584761433378,1783021584761476590,,,,,,"CooperativeService{guidedPlanning, status=request, vehicleId=0x7665682d3530, requestedHorizonMs=2500, confidence=100, planning.waypoints=1, offloadTaskId=probe-487, offloadPayload=1024 bytes}"
5g-receiver,1783021585003461934,edge4av-real-20260702-multiclient-scalability-run-4,p5g-scale-mqtt-payload-1024-clients-100,scale,guided-planning,mqtt,,veh-50,rsu-1,p5g-scale-mqtt-payload-1024-clients-100-veh-50-488,ipi-session-1,multiclient-scalability-run-4,veh-50,488,100-clients,default,stationary,unsynced,true,true,clients,100,count,IPI-CooperativeService,1098,1783021649771786483,1783021585003418738,1783021585003461934,,,,,,"CooperativeService{guidedPlanning, status=request, vehicleId=0x7665682d3530, requestedHorizonMs=2500, confidence=100, planning.waypoints=1, offloadTaskId=probe-488, offloadPayload=1024 bytes}"
5g-receiver,1783021585251923848,edge4av-real-20260702-multiclient-scalability-run-4,p5g-scale-mqtt-payload-1024-clients-100,scale,guided-planning,mqtt,,veh-50,rsu-1,p5g-scale-mqtt-payload-1024-clients-100-veh-50-489,ipi-session-1,multiclient-scalability-run-4,veh-50,489,100-clients,default,stationary,unsynced,true,true,clients,100,count,IPI-CooperativeService,1098,1783021650015793709,1783021585251880190,1783021585251923848,,,,,,"CooperativeService{guidedPlanning, status=request, vehicleId=0x7665682d3530, requestedHorizonMs=2500, confidence=100, planning.waypoints=1, offloadTaskId=probe-489, offloadPayload=1024 bytes}"
5g-receiver,1783021585493525605,edge4av-real-20260702-multiclient-scalability-run-4,p5g-scale-mqtt-payload-1024-clients-100,scale,guided-planning,mqtt,,veh-50,rsu-1,p5g-scale-mqtt-payload-1024-clients-100-veh-50-490,ipi-session-1,multiclient-scalability-run-4,veh-50,490,100-clients,default,stationary,unsynced,true,true,clients,100,count,IPI-CooperativeService,1098,1783021650269856489,1783021585493481557,1783021585493525605,,,,,,"CooperativeService{guidedPlanning, status=request, vehicleId=0x7665682d3530, requestedHorizonMs=2500, confidence=100, planning.waypoints=1, offloadTaskId=probe-490, offloadPayload=1024 bytes}"
5g-receiver,1783021585854134987,edge4av-real-20260702-multiclient-scalability-run-4,p5g-scale-mqtt-payload-1024-clients-100,scale,guided-planning,mqtt,,veh-50,rsu-1,p5g-scale-mqtt-payload-1024-clients-100-veh-50-491,ipi-session-1,multiclient-scalability-run-4,veh-50,491,100-clients,default,stationary,unsynced,true,true,clients,100,count,IPI-CooperativeService,1098,1783021650505826239,1783021585854072236,1783021585854134987,,,,,,"CooperativeService{guidedPlanning, status=request, vehicleId=0x7665682d3530, requestedHorizonMs=2500, confidence=100, planning.waypoints=1, offloadTaskId=probe-491, offloadPayload=1024 bytes}"
5g-receiver,1783021586185301190,edge4av-real-20260702-multiclient-scalability-run-4,p5g-scale-mqtt-payload-1024-clients-100,scale,guided-planning,mqtt,,veh-50,rsu-1,p5g-scale-mqtt-payload-1024-clients-100-veh-50-492,ipi-session-1,multiclient-scalability-run-4,veh-50,492,100-clients,default,stationary,unsynced,true,true,clients,100,count,IPI-CooperativeService,1098,1783021650865855500,1783021586185258292,1783021586185301190,,,,,,"CooperativeService{guidedPlanning, status=request, vehicleId=0x7665682d3530, requestedHorizonMs=2500, confidence=100, planning.waypoints=1, offloadTaskId=probe-492, offloadPayload=1024 bytes}"
5g-receiver,1783021586424775369,edge4av-real-20260702-multiclient-scalability-run-4,p5g-scale-mqtt-payload-1024-clients-100,scale,guided-planning,mqtt,,veh-50,rsu-1,p5g-scale-mqtt-payload-1024-clients-100-veh-50-493,ipi-session-1,multiclient-scalability-run-4,veh-50,493,100-clients,default,stationary,unsynced,true,true,clients,100,count,IPI-CooperativeService,1098,1783021651195782191,1783021586424720414,1783021586424775369,,,,,,"CooperativeService{guidedPlanning, status=request, vehicleId=0x7665682d3530, requestedHorizonMs=2500, confidence=100, planning.waypoints=1, offloadTaskId=probe-493, offloadPayload=1024 bytes}"
5g-receiver,1783021586664690376,edge4av-real-20260702-multiclient-scalability-run-4,p5g-scale-mqtt-payload-1024-clients-100,scale,guided-planning,mqtt,,veh-50,rsu-1,p5g-scale-mqtt-payload-1024-clients-100-veh-50-494,ipi-session-1,multiclient-scalability-run-4,veh-50,494,100-clients,default,stationary,unsynced,true,true,clients,100,count,IPI-CooperativeService,1098,1783021651435766589,1783021586664608984,1783021586664690376,,,,,,"CooperativeService{guidedPlanning, status=request, vehicleId=0x7665682d3530, requestedHorizonMs=2500, confidence=100, planning.waypoints=1, offloadTaskId=probe-494, offloadPayload=1024 bytes}"
5g-receiver,1783021586915912639,edge4av-real-20260702-multiclient-scalability-run-4,p5g-scale-mqtt-payload-1024-clients-100,scale,guided-planning,mqtt,,veh-50,rsu-1,p5g-scale-mqtt-payload-1024-clients-100-veh-50-495,ipi-session-1,multiclient-scalability-run-4,veh-50,495,100-clients,default,stationary,unsynced,true,true,clients,100,count,IPI-CooperativeService,1098,1783021651679821845,1783021586915870099,1783021586915912639,,,,,,"CooperativeService{guidedPlanning, status=request, vehicleId=0x7665682d3530, requestedHorizonMs=2500, confidence=100, planning.waypoints=1, offloadTaskId=probe-495, offloadPayload=1024 bytes}"
5g-receiver,1783021587146077279,edge4av-real-20260702-multiclient-scalability-run-4,p5g-scale-mqtt-payload-1024-clients-100,scale,guided-planning,mqtt,,veh-50,rsu-1,p5g-scale-mqtt-payload-1024-clients-100-veh-50-496,ipi-session-1,multiclient-scalability-run-4,veh-50,496,100-clients,default,stationary,unsynced,true,true,clients,100,count,IPI-CooperativeService,1098,1783021651925718753,1783021587146022714,1783021587146077279,,,,,,"CooperativeService{guidedPlanning, status=request, vehicleId=0x7665682d3530, requestedHorizonMs=2500, confidence=100, planning.waypoints=1, offloadTaskId=probe-496, offloadPayload=1024 bytes}"
5g-receiver,1783021587396418911,edge4av-real-20260702-multiclient-scalability-run-4,p5g-scale-mqtt-payload-1024-clients-100,scale,guided-planning,mqtt,,veh-50,rsu-1,p5g-scale-mqtt-payload-1024-clients-100-veh-50-497,ipi-session-1,multiclient-scalability-run-4,veh-50,497,100-clients,default,stationary,unsynced,true,true,clients,100,count,IPI-CooperativeService,1098,1783021652159834070,1783021587396374503,1783021587396418911,,,,,,"CooperativeService{guidedPlanning, status=request, vehicleId=0x7665682d3530, requestedHorizonMs=2500, confidence=100, planning.waypoints=1, offloadTaskId=probe-497, offloadPayload=1024 bytes}"
5g-receiver,1783021587646819156,edge4av-real-20260702-multiclient-scalability-run-4,p5g-scale-mqtt-payload-1024-clients-100,scale,guided-planning,mqtt,,veh-50,rsu-1,p5g-scale-mqtt-payload-1024-clients-100-veh-50-498,ipi-session-1,multiclient-scalability-run-4,veh-50,498,100-clients,default,stationary,unsynced,true,true,clients,100,count,IPI-CooperativeService,1098,1783021652409823893,1783021587646775371,1783021587646819156,,,,,,"CooperativeService{guidedPlanning, status=request, vehicleId=0x7665682d3530, requestedHorizonMs=2500, confidence=100, planning.waypoints=1, offloadTaskId=probe-498, offloadPayload=1024 bytes}"
5g-receiver,1783021587896176345,edge4av-real-20260702-multiclient-scalability-run-4,p5g-scale-mqtt-payload-1024-clients-100,scale,guided-planning,mqtt,,veh-50,rsu-1,p5g-scale-mqtt-payload-1024-clients-100-veh-50-499,ipi-session-1,multiclient-scalability-run-4,veh-50,499,100-clients,default,stationary,unsynced,true,true,clients,100,count,IPI-CooperativeService,1098,1783021652661710218,1783021587896120174,1783021587896176345,,,,,,"CooperativeService{guidedPlanning, status=request, vehicleId=0x7665682d3530, requestedHorizonMs=2500, confidence=100, planning.waypoints=1, offloadTaskId=probe-499, offloadPayload=1024 bytes}"
5g-receiver,1783021588137280247,edge4av-real-20260702-multiclient-scalability-run-4,p5g-scale-mqtt-payload-1024-clients-100,scale,guided-planning,mqtt,,veh-50,rsu-1,p5g-scale-mqtt-payload-1024-clients-100-veh-50-500,ipi-session-1,multiclient-scalability-run-4,veh-50,500,100-clients,default,stationary,unsynced,true,true,clients,100,count,IPI-CooperativeService,1098,1783021652915696166,1783021588137236820,1783021588137280247,,,,,,"CooperativeService{guidedPlanning, status=request, vehicleId=0x7665682d3530, requestedHorizonMs=2500, confidence=100, planning.waypoints=1, offloadTaskId=probe-500, offloadPayload=1024 bytes}"
5g-receiver,1783021588378986066,edge4av-real-20260702-multiclient-scalability-run-4,p5g-scale-mqtt-payload-1024-clients-100,scale,guided-planning,mqtt,,veh-50,rsu-1,p5g-scale-mqtt-payload-1024-clients-100-veh-50-501,ipi-session-1,multiclient-scalability-run-4,veh-50,501,100-clients,default,stationary,unsynced,true,true,clients,100,count,IPI-CooperativeService,1098,1783021653155845017,1783021588378926832,1783021588378986066,,,,,,"CooperativeService{guidedPlanning, status=request, vehicleId=0x7665682d3530, requestedHorizonMs=2500, confidence=100, planning.waypoints=1, offloadTaskId=probe-501, offloadPayload=1024 bytes}"
5g-receiver,1783021588617619827,edge4av-real-20260702-multiclient-scalability-run-4,p5g-scale-mqtt-payload-1024-clients-100,scale,guided-planning,mqtt,,veh-50,rsu-1,p5g-scale-mqtt-payload-1024-clients-100-veh-50-502,ipi-session-1,multiclient-scalability-run-4,veh-50,502,100-clients,default,stationary,unsynced,true,true,clients,100,count,IPI-CooperativeService,1098,1783021653391638663,1783021588617568385,1783021588617619827,,,,,,"CooperativeService{guidedPlanning, status=request, vehicleId=0x7665682d3530, requestedHorizonMs=2500, confidence=100, planning.waypoints=1, offloadTaskId=probe-502, offloadPayload=1024 bytes}"
5g-receiver,1783021588869839311,edge4av-real-20260702-multiclient-scalability-run-4,p5g-scale-mqtt-payload-1024-clients-100,scale,guided-planning,mqtt,,veh-50,rsu-1,p5g-scale-mqtt-payload-1024-clients-100-veh-50-503,ipi-session-1,multiclient-scalability-run-4,veh-50,503,100-clients,default,stationary,unsynced,true,true,clients,100,count,IPI-CooperativeService,1098,1783021653633895603,1783021588869779776,1783021588869839311,,,,,,"CooperativeService{guidedPlanning, status=request, vehicleId=0x7665682d3530, requestedHorizonMs=2500, confidence=100, planning.waypoints=1, offloadTaskId=probe-503, offloadPayload=1024 bytes}"
5g-receiver,1783021589110842265,edge4av-real-20260702-multiclient-scalability-run-4,p5g-scale-mqtt-payload-1024-clients-100,scale,guided-planning,mqtt,,veh-50,rsu-1,p5g-scale-mqtt-payload-1024-clients-100-veh-50-504,ipi-session-1,multiclient-scalability-run-4,veh-50,504,100-clients,default,stationary,unsynced,true,true,clients,100,count,IPI-CooperativeService,1098,1783021653885853502,1783021589110795749,1783021589110842265,,,,,,"CooperativeService{guidedPlanning, status=request, vehicleId=0x7665682d3530, requestedHorizonMs=2500, confidence=100, planning.waypoints=1, offloadTaskId=probe-504, offloadPayload=1024 bytes}"
5g-receiver,1783021589351500621,edge4av-real-20260702-multiclient-scalability-run-4,p5g-scale-mqtt-payload-1024-clients-100,scale,guided-planning,mqtt,,veh-50,rsu-1,p5g-scale-mqtt-payload-1024-clients-100-veh-50-505,ipi-session-1,multiclient-scalability-run-4,veh-50,505,100-clients,default,stationary,unsynced,true,true,clients,100,count,IPI-CooperativeService,1098,1783021654125845312,1783021589351438934,1783021589351500621,,,,,,"CooperativeService{guidedPlanning, status=request, vehicleId=0x7665682d3530, requestedHorizonMs=2500, confidence=100, planning.waypoints=1, offloadTaskId=probe-505, offloadPayload=1024 bytes}"
5g-receiver,1783021589600367139,edge4av-real-20260702-multiclient-scalability-run-4,p5g-scale-mqtt-payload-1024-clients-100,scale,guided-planning,mqtt,,veh-50,rsu-1,p5g-scale-mqtt-payload-1024-clients-100-veh-50-506,ipi-session-1,multiclient-scalability-run-4,veh-50,506,100-clients,default,stationary,unsynced,true,true,clients,100,count,IPI-CooperativeService,1098,1783021654363782736,1783021589600303272,1783021589600367139,,,,,,"CooperativeService{guidedPlanning, status=request, vehicleId=0x7665682d3530, requestedHorizonMs=2500, confidence=100, planning.waypoints=1, offloadTaskId=probe-506, offloadPayload=1024 bytes}"
5g-receiver,1783021589839795272,edge4av-real-20260702-multiclient-scalability-run-4,p5g-scale-mqtt-payload-1024-clients-100,scale,guided-planning,mqtt,,veh-50,rsu-1,p5g-scale-mqtt-payload-1024-clients-100-veh-50-507,ipi-session-1,multiclient-scalability-run-4,veh-50,507,100-clients,default,stationary,unsynced,true,true,clients,100,count,IPI-CooperativeService,1098,1783021654613856722,1783021589839751406,1783021589839795272,,,,,,"CooperativeService{guidedPlanning, status=request, vehicleId=0x7665682d3530, requestedHorizonMs=2500, confidence=100, planning.waypoints=1, offloadTaskId=probe-507, offloadPayload=1024 bytes}"
5g-receiver,1783021590083058939,edge4av-real-20260702-multiclient-scalability-run-4,p5g-scale-mqtt-payload-1024-clients-100,scale,guided-planning,mqtt,,veh-50,rsu-1,p5g-scale-mqtt-payload-1024-clients-100-veh-50-508,ipi-session-1,multiclient-scalability-run-4,veh-50,508,100-clients,default,stationary,unsynced,true,true,clients,100,count,IPI-CooperativeService,1098,1783021654849831816,1783021590083015872,1783021590083058939,,,,,,"CooperativeService{guidedPlanning, status=request, vehicleId=0x7665682d3530, requestedHorizonMs=2500, confidence=100, planning.waypoints=1, offloadTaskId=probe-508, offloadPayload=1024 bytes}"
5g-receiver,1783021590331035759,edge4av-real-20260702-multiclient-scalability-run-4,p5g-scale-mqtt-payload-1024-clients-100,scale,guided-planning,mqtt,,veh-50,rsu-1,p5g-scale-mqtt-payload-1024-clients-100-veh-50-509,ipi-session-1,multiclient-scalability-run-4,veh-50,509,100-clients,default,stationary,unsynced,true,true,clients,100,count,IPI-CooperativeService,1098,1783021655099821451,1783021590330992819,1783021590331035759,,,,,,"CooperativeService{guidedPlanning, status=request, vehicleId=0x7665682d3530, requestedHorizonMs=2500, confidence=100, planning.waypoints=1, offloadTaskId=probe-509, offloadPayload=1024 bytes}"
5g-receiver,1783021590571399902,edge4av-real-20260702-multiclient-scalability-run-4,p5g-scale-mqtt-payload-1024-clients-100,scale,guided-planning,mqtt,,veh-50,rsu-1,p5g-scale-mqtt-payload-1024-clients-100-veh-50-510,ipi-session-1,multiclient-scalability-run-4,veh-50,510,100-clients,default,stationary,unsynced,true,true,clients,100,count,IPI-CooperativeService,1098,1783021655341913047,1783021590571313367,1783021590571399902,,,,,,"CooperativeService{guidedPlanning, status=request, vehicleId=0x7665682d3530, requestedHorizonMs=2500, confidence=100, planning.waypoints=1, offloadTaskId=probe-510, offloadPayload=1024 bytes}"
5g-receiver,1783021590812786048,edge4av-real-20260702-multiclient-scalability-run-4,p5g-scale-mqtt-payload-1024-clients-100,scale,guided-planning,mqtt,,veh-50,rsu-1,p5g-scale-mqtt-payload-1024-clients-100-veh-50-511,ipi-session-1,multiclient-scalability-run-4,veh-50,511,100-clients,default,stationary,unsynced,true,true,clients,100,count,IPI-CooperativeService,1098,1783021655583839909,1783021590812742884,1783021590812786048,,,,,,"CooperativeService{guidedPlanning, status=request, vehicleId=0x7665682d3530, requestedHorizonMs=2500, confidence=100, planning.waypoints=1, offloadTaskId=probe-511, offloadPayload=1024 bytes}"
5g-receiver,1783021591057242302,edge4av-real-20260702-multiclient-scalability-run-4,p5g-scale-mqtt-payload-1024-clients-100,scale,guided-planning,mqtt,,veh-50,rsu-1,p5g-scale-mqtt-payload-1024-clients-100-veh-50-512,ipi-session-1,multiclient-scalability-run-4,veh-50,512,100-clients,default,stationary,unsynced,true,true,clients,100,count,IPI-CooperativeService,1098,1783021655827794534,1783021591057175811,1783021591057242302,,,,,,"CooperativeService{guidedPlanning, status=request, vehicleId=0x7665682d3530, requestedHorizonMs=2500, confidence=100, planning.waypoints=1, offloadTaskId=probe-512, offloadPayload=1024 bytes}"
5g-receiver,1783021591304859594,edge4av-real-20260702-multiclient-scalability-run-4,p5g-scale-mqtt-payload-1024-clients-100,scale,guided-planning,mqtt,,veh-50,rsu-1,p5g-scale-mqtt-payload-1024-clients-100-veh-50-513,ipi-session-1,multiclient-scalability-run-4,veh-50,513,100-clients,default,stationary,unsynced,true,true,clients,100,count,IPI-CooperativeService,1098,1783021656073737323,1783021591304791479,1783021591304859594,,,,,,"CooperativeService{guidedPlanning, status=request, vehicleId=0x7665682d3530, requestedHorizonMs=2500, confidence=100, planning.waypoints=1, offloadTaskId=probe-513, offloadPayload=1024 bytes}"
5g-receiver,1783021591533529674,edge4av-real-20260702-multiclient-scalability-run-4,p5g-scale-mqtt-payload-1024-clients-100,scale,guided-planning,mqtt,,veh-50,rsu-1,p5g-scale-mqtt-payload-1024-clients-100-veh-50-514,ipi-session-1,multiclient-scalability-run-4,veh-50,514,100-clients,default,stationary,unsynced,true,true,clients,100,count,IPI-CooperativeService,1098,1783021656315871290,1783021591533485791,1783021591533529674,,,,,,"CooperativeService{guidedPlanning, status=request, vehicleId=0x7665682d3530, requestedHorizonMs=2500, confidence=100, planning.waypoints=1, offloadTaskId=probe-514, offloadPayload=1024 bytes}"
5g-receiver,1783021591815552615,edge4av-real-20260702-multiclient-scalability-run-4,p5g-scale-mqtt-payload-1024-clients-100,scale,guided-planning,mqtt,,veh-50,rsu-1,p5g-scale-mqtt-payload-1024-clients-100-veh-50-515,ipi-session-1,multiclient-scalability-run-4,veh-50,515,100-clients,default,stationary,unsynced,true,true,clients,100,count,IPI-CooperativeService,1098,1783021656549815602,1783021591815508819,1783021591815552615,,,,,,"CooperativeService{guidedPlanning, status=request, vehicleId=0x7665682d3530, requestedHorizonMs=2500, confidence=100, planning.waypoints=1, offloadTaskId=probe-515, offloadPayload=1024 bytes}"
5g-receiver,1783021592065105973,edge4av-real-20260702-multiclient-scalability-run-4,p5g-scale-mqtt-payload-1024-clients-100,scale,guided-planning,mqtt,,veh-50,rsu-1,p5g-scale-mqtt-payload-1024-clients-100-veh-50-516,ipi-session-1,multiclient-scalability-run-4,veh-50,516,100-clients,default,stationary,unsynced,true,true,clients,100,count,IPI-CooperativeService,1098,1783021656831850954,1783021592065040788,1783021592065105973,,,,,,"CooperativeService{guidedPlanning, status=request, vehicleId=0x7665682d3530, requestedHorizonMs=2500, confidence=100, planning.waypoints=1, offloadTaskId=probe-516, offloadPayload=1024 bytes}"
5g-receiver,1783021592345247298,edge4av-real-20260702-multiclient-scalability-run-4,p5g-scale-mqtt-payload-1024-clients-100,scale,guided-planning,mqtt,,veh-50,rsu-1,p5g-scale-mqtt-payload-1024-clients-100-veh-50-517,ipi-session-1,multiclient-scalability-run-4,veh-50,517,100-clients,default,stationary,unsynced,true,true,clients,100,count,IPI-CooperativeService,1098,1783021657077805419,1783021592345203982,1783021592345247298,,,,,,"CooperativeService{guidedPlanning, status=request, vehicleId=0x7665682d3530, requestedHorizonMs=2500, confidence=100, planning.waypoints=1, offloadTaskId=probe-517, offloadPayload=1024 bytes}"
5g-receiver,1783021592585227344,edge4av-real-20260702-multiclient-scalability-run-4,p5g-scale-mqtt-payload-1024-clients-100,scale,guided-planning,mqtt,,veh-50,rsu-1,p5g-scale-mqtt-payload-1024-clients-100-veh-50-518,ipi-session-1,multiclient-scalability-run-4,veh-50,518,100-clients,default,stationary,unsynced,true,true,clients,100,count,IPI-CooperativeService,1098,1783021657357891347,1783021592585171749,1783021592585227344,,,,,,"CooperativeService{guidedPlanning, status=request, vehicleId=0x7665682d3530, requestedHorizonMs=2500, confidence=100, planning.waypoints=1, offloadTaskId=probe-518, offloadPayload=1024 bytes}"
5g-receiver,1783021592835710618,edge4av-real-20260702-multiclient-scalability-run-4,p5g-scale-mqtt-payload-1024-clients-100,scale,guided-planning,mqtt,,veh-50,rsu-1,p5g-scale-mqtt-payload-1024-clients-100-veh-50-519,ipi-session-1,multiclient-scalability-run-4,veh-50,519,100-clients,default,stationary,unsynced,true,true,clients,100,count,IPI-CooperativeService,1098,1783021657595758182,1783021592835667058,1783021592835710618,,,,,,"CooperativeService{guidedPlanning, status=request, vehicleId=0x7665682d3530, requestedHorizonMs=2500, confidence=100, planning.waypoints=1, offloadTaskId=probe-519, offloadPayload=1024 bytes}"
5g-receiver,1783021593166814925,edge4av-real-20260702-multiclient-scalability-run-4,p5g-scale-mqtt-payload-1024-clients-100,scale,guided-planning,mqtt,,veh-50,rsu-1,p5g-scale-mqtt-payload-1024-clients-100-veh-50-520,ipi-session-1,multiclient-scalability-run-4,veh-50,520,100-clients,default,stationary,unsynced,true,true,clients,100,count,IPI-CooperativeService,1098,1783021657905734253,1783021593166772289,1783021593166814925,,,,,,"CooperativeService{guidedPlanning, status=request, vehicleId=0x7665682d3530, requestedHorizonMs=2500, confidence=100, planning.waypoints=1, offloadTaskId=probe-520, offloadPayload=1024 bytes}"
5g-receiver,1783021593405890111,edge4av-real-20260702-multiclient-scalability-run-4,p5g-scale-mqtt-payload-1024-clients-100,scale,guided-planning,mqtt,,veh-50,rsu-1,p5g-scale-mqtt-payload-1024-clients-100-veh-50-521,ipi-session-1,multiclient-scalability-run-4,veh-50,521,100-clients,default,stationary,unsynced,true,true,clients,100,count,IPI-CooperativeService,1098,1783021658189814542,1783021593405835791,1783021593405890111,,,,,,"CooperativeService{guidedPlanning, status=request, vehicleId=0x7665682d3530, requestedHorizonMs=2500, confidence=100, planning.waypoints=1, offloadTaskId=probe-521, offloadPayload=1024 bytes}"
5g-receiver,1783021593647400085,edge4av-real-20260702-multiclient-scalability-run-4,p5g-scale-mqtt-payload-1024-clients-100,scale,guided-planning,mqtt,,veh-50,rsu-1,p5g-scale-mqtt-payload-1024-clients-100-veh-50-522,ipi-session-1,multiclient-scalability-run-4,veh-50,522,100-clients,default,stationary,unsynced,true,true,clients,100,count,IPI-CooperativeService,1098,1783021658421773419,1783021593647341051,1783021593647400085,,,,,,"CooperativeService{guidedPlanning, status=request, vehicleId=0x7665682d3530, requestedHorizonMs=2500, confidence=100, planning.waypoints=1, offloadTaskId=probe-522, offloadPayload=1024 bytes}"
5g-receiver,1783021593888321449,edge4av-real-20260702-multiclient-scalability-run-4,p5g-scale-mqtt-payload-1024-clients-100,scale,guided-planning,mqtt,,veh-50,rsu-1,p5g-scale-mqtt-payload-1024-clients-100-veh-50-523,ipi-session-1,multiclient-scalability-run-4,veh-50,523,100-clients,default,stationary,unsynced,true,true,clients,100,count,IPI-CooperativeService,1098,1783021658661744629,1783021593888262053,1783021593888321449,,,,,,"CooperativeService{guidedPlanning, status=request, vehicleId=0x7665682d3530, requestedHorizonMs=2500, confidence=100, planning.waypoints=1, offloadTaskId=probe-523, offloadPayload=1024 bytes}"
5g-receiver,1783021594161013813,edge4av-real-20260702-multiclient-scalability-run-4,p5g-scale-mqtt-payload-1024-clients-100,scale,guided-planning,mqtt,,veh-50,rsu-1,p5g-scale-mqtt-payload-1024-clients-100-veh-50-524,ipi-session-1,multiclient-scalability-run-4,veh-50,524,100-clients,default,stationary,unsynced,true,true,clients,100,count,IPI-CooperativeService,1098,1783021658901942698,1783021594160970662,1783021594161013813,,,,,,"CooperativeService{guidedPlanning, status=request, vehicleId=0x7665682d3530, requestedHorizonMs=2500, confidence=100, planning.waypoints=1, offloadTaskId=probe-524, offloadPayload=1024 bytes}"
5g-receiver,1783021594442553845,edge4av-real-20260702-multiclient-scalability-run-4,p5g-scale-mqtt-payload-1024-clients-100,scale,guided-planning,mqtt,,veh-50,rsu-1,p5g-scale-mqtt-payload-1024-clients-100-veh-50-525,ipi-session-1,multiclient-scalability-run-4,veh-50,525,100-clients,default,stationary,unsynced,true,true,clients,100,count,IPI-CooperativeService,1098,1783021659202768442,1783021594442510783,1783021594442553845,,,,,,"CooperativeService{guidedPlanning, status=request, vehicleId=0x7665682d3530, requestedHorizonMs=2500, confidence=100, planning.waypoints=1, offloadTaskId=probe-525, offloadPayload=1024 bytes}"
5g-receiver,1783021594677646728,edge4av-real-20260702-multiclient-scalability-run-4,p5g-scale-mqtt-payload-1024-clients-100,scale,guided-planning,mqtt,,veh-50,rsu-1,p5g-scale-mqtt-payload-1024-clients-100-veh-50-526,ipi-session-1,multiclient-scalability-run-4,veh-50,526,100-clients,default,stationary,unsynced,true,true,clients,100,count,IPI-CooperativeService,1098,1783021659459769583,1783021594677631061,1783021594677646728,,,,,,"CooperativeService{guidedPlanning, status=request, vehicleId=0x7665682d3530, requestedHorizonMs=2500, confidence=100, planning.waypoints=1, offloadTaskId=probe-526, offloadPayload=1024 bytes}"
5g-receiver,1783021594899446386,edge4av-real-20260702-multiclient-scalability-run-4,p5g-scale-mqtt-payload-1024-clients-100,scale,guided-planning,mqtt,,veh-50,rsu-1,p5g-scale-mqtt-payload-1024-clients-100-veh-50-527,ipi-session-1,multiclient-scalability-run-4,veh-50,527,100-clients,default,stationary,unsynced,true,true,clients,100,count,IPI-CooperativeService,1098,1783021659687898874,1783021594899373217,1783021594899446386,,,,,,"CooperativeService{guidedPlanning, status=request, vehicleId=0x7665682d3530, requestedHorizonMs=2500, confidence=100, planning.waypoints=1, offloadTaskId=probe-527, offloadPayload=1024 bytes}"
5g-receiver,1783021595139601352,edge4av-real-20260702-multiclient-scalability-run-4,p5g-scale-mqtt-payload-1024-clients-100,scale,guided-planning,mqtt,,veh-50,rsu-1,p5g-scale-mqtt-payload-1024-clients-100-veh-50-528,ipi-session-1,multiclient-scalability-run-4,veh-50,528,100-clients,default,stationary,unsynced,true,true,clients,100,count,IPI-CooperativeService,1098,1783021659915837049,1783021595139557561,1783021595139601352,,,,,,"CooperativeService{guidedPlanning, status=request, vehicleId=0x7665682d3530, requestedHorizonMs=2500, confidence=100, planning.waypoints=1, offloadTaskId=probe-528, offloadPayload=1024 bytes}"
5g-receiver,1783021595379211332,edge4av-real-20260702-multiclient-scalability-run-4,p5g-scale-mqtt-payload-1024-clients-100,scale,guided-planning,mqtt,,veh-50,rsu-1,p5g-scale-mqtt-payload-1024-clients-100-veh-50-529,ipi-session-1,multiclient-scalability-run-4,veh-50,529,100-clients,default,stationary,unsynced,true,true,clients,100,count,IPI-CooperativeService,1098,1783021660155764464,1783021595379146580,1783021595379211332,,,,,,"CooperativeService{guidedPlanning, status=request, vehicleId=0x7665682d3530, requestedHorizonMs=2500, confidence=100, planning.waypoints=1, offloadTaskId=probe-529, offloadPayload=1024 bytes}"
5g-receiver,1783021595719506784,edge4av-real-20260702-multiclient-scalability-run-4,p5g-scale-mqtt-payload-1024-clients-100,scale,guided-planning,mqtt,,veh-50,rsu-1,p5g-scale-mqtt-payload-1024-clients-100-veh-50-530,ipi-session-1,multiclient-scalability-run-4,veh-50,530,100-clients,default,stationary,unsynced,true,true,clients,100,count,IPI-CooperativeService,1098,1783021660457662976,1783021595719464135,1783021595719506784,,,,,,"CooperativeService{guidedPlanning, status=request, vehicleId=0x7665682d3530, requestedHorizonMs=2500, confidence=100, planning.waypoints=1, offloadTaskId=probe-530, offloadPayload=1024 bytes}"
5g-receiver,1783021595983265585,edge4av-real-20260702-multiclient-scalability-run-4,p5g-scale-mqtt-payload-1024-clients-100,scale,guided-planning,mqtt,,veh-50,rsu-1,p5g-scale-mqtt-payload-1024-clients-100-veh-50-531,ipi-session-1,multiclient-scalability-run-4,veh-50,531,100-clients,default,stationary,unsynced,true,true,clients,100,count,IPI-CooperativeService,1098,1783021660735818929,1783021595983220916,1783021595983265585,,,,,,"CooperativeService{guidedPlanning, status=request, vehicleId=0x7665682d3530, requestedHorizonMs=2500, confidence=100, planning.waypoints=1, offloadTaskId=probe-531, offloadPayload=1024 bytes}"
5g-receiver,1783021596222891673,edge4av-real-20260702-multiclient-scalability-run-4,p5g-scale-mqtt-payload-1024-clients-100,scale,guided-planning,mqtt,,veh-50,rsu-1,p5g-scale-mqtt-payload-1024-clients-100-veh-50-532,ipi-session-1,multiclient-scalability-run-4,veh-50,532,100-clients,default,stationary,unsynced,true,true,clients,100,count,IPI-CooperativeService,1098,1783021660995822440,1783021596222848204,1783021596222891673,,,,,,"CooperativeService{guidedPlanning, status=request, vehicleId=0x7665682d3530, requestedHorizonMs=2500, confidence=100, planning.waypoints=1, offloadTaskId=probe-532, offloadPayload=1024 bytes}"
5g-receiver,1783021596475536936,edge4av-real-20260702-multiclient-scalability-run-4,p5g-scale-mqtt-payload-1024-clients-100,scale,guided-planning,mqtt,,veh-50,rsu-1,p5g-scale-mqtt-payload-1024-clients-100-veh-50-533,ipi-session-1,multiclient-scalability-run-4,veh-50,533,100-clients,default,stationary,unsynced,true,true,clients,100,count,IPI-CooperativeService,1098,1783021661237848225,1783021596475472590,1783021596475536936,,,,,,"CooperativeService{guidedPlanning, status=request, vehicleId=0x7665682d3530, requestedHorizonMs=2500, confidence=100, planning.waypoints=1, offloadTaskId=probe-533, offloadPayload=1024 bytes}"
5g-receiver,1783021596714901318,edge4av-real-20260702-multiclient-scalability-run-4,p5g-scale-mqtt-payload-1024-clients-100,scale,guided-planning,mqtt,,veh-50,rsu-1,p5g-scale-mqtt-payload-1024-clients-100-veh-50-534,ipi-session-1,multiclient-scalability-run-4,veh-50,534,100-clients,default,stationary,unsynced,true,true,clients,100,count,IPI-CooperativeService,1098,1783021661487917176,1783021596714858941,1783021596714901318,,,,,,"CooperativeService{guidedPlanning, status=request, vehicleId=0x7665682d3530, requestedHorizonMs=2500, confidence=100, planning.waypoints=1, offloadTaskId=probe-534, offloadPayload=1024 bytes}"
5g-receiver,1783021596955199534,edge4av-real-20260702-multiclient-scalability-run-4,p5g-scale-mqtt-payload-1024-clients-100,scale,guided-planning,mqtt,,veh-50,rsu-1,p5g-scale-mqtt-payload-1024-clients-100-veh-50-535,ipi-session-1,multiclient-scalability-run-4,veh-50,535,100-clients,default,stationary,unsynced,true,true,clients,100,count,IPI-CooperativeService,1098,1783021661729690678,1783021596955156381,1783021596955199534,,,,,,"CooperativeService{guidedPlanning, status=request, vehicleId=0x7665682d3530, requestedHorizonMs=2500, confidence=100, planning.waypoints=1, offloadTaskId=probe-535, offloadPayload=1024 bytes}"
5g-receiver,1783021597204435895,edge4av-real-20260702-multiclient-scalability-run-4,p5g-scale-mqtt-payload-1024-clients-100,scale,guided-planning,mqtt,,veh-50,rsu-1,p5g-scale-mqtt-payload-1024-clients-100-veh-50-536,ipi-session-1,multiclient-scalability-run-4,veh-50,536,100-clients,default,stationary,unsynced,true,true,clients,100,count,IPI-CooperativeService,1098,1783021661971825368,1783021597204369431,1783021597204435895,,,,,,"CooperativeService{guidedPlanning, status=request, vehicleId=0x7665682d3530, requestedHorizonMs=2500, confidence=100, planning.waypoints=1, offloadTaskId=probe-536, offloadPayload=1024 bytes}"
5g-receiver,1783021597464444597,edge4av-real-20260702-multiclient-scalability-run-4,p5g-scale-mqtt-payload-1024-clients-100,scale,guided-planning,mqtt,,veh-50,rsu-1,p5g-scale-mqtt-payload-1024-clients-100-veh-50-537,ipi-session-1,multiclient-scalability-run-4,veh-50,537,100-clients,default,stationary,unsynced,true,true,clients,100,count,IPI-CooperativeService,1098,1783021662217998695,1783021597464383516,1783021597464444597,,,,,,"CooperativeService{guidedPlanning, status=request, vehicleId=0x7665682d3530, requestedHorizonMs=2500, confidence=100, planning.waypoints=1, offloadTaskId=probe-537, offloadPayload=1024 bytes}"
5g-receiver,1783021597704984751,edge4av-real-20260702-multiclient-scalability-run-4,p5g-scale-mqtt-payload-1024-clients-100,scale,guided-planning,mqtt,,veh-50,rsu-1,p5g-scale-mqtt-payload-1024-clients-100-veh-50-538,ipi-session-1,multiclient-scalability-run-4,veh-50,538,100-clients,default,stationary,unsynced,true,true,clients,100,count,IPI-CooperativeService,1098,1783021662475833452,1783021597704941710,1783021597704984751,,,,,,"CooperativeService{guidedPlanning, status=request, vehicleId=0x7665682d3530, requestedHorizonMs=2500, confidence=100, planning.waypoints=1, offloadTaskId=probe-538, offloadPayload=1024 bytes}"
5g-receiver,1783021597933890456,edge4av-real-20260702-multiclient-scalability-run-4,p5g-scale-mqtt-payload-1024-clients-100,scale,guided-planning,mqtt,,veh-50,rsu-1,p5g-scale-mqtt-payload-1024-clients-100-veh-50-539,ipi-session-1,multiclient-scalability-run-4,veh-50,539,100-clients,default,stationary,unsynced,true,true,clients,100,count,IPI-CooperativeService,1098,1783021662715976091,1783021597933839307,1783021597933890456,,,,,,"CooperativeService{guidedPlanning, status=request, vehicleId=0x7665682d3530, requestedHorizonMs=2500, confidence=100, planning.waypoints=1, offloadTaskId=probe-539, offloadPayload=1024 bytes}"
5g-receiver,1783021598175029158,edge4av-real-20260702-multiclient-scalability-run-4,p5g-scale-mqtt-payload-1024-clients-100,scale,guided-planning,mqtt,,veh-50,rsu-1,p5g-scale-mqtt-payload-1024-clients-100-veh-50-540,ipi-session-1,multiclient-scalability-run-4,veh-50,540,100-clients,default,stationary,unsynced,true,true,clients,100,count,IPI-CooperativeService,1098,1783021662949884438,1783021598174970860,1783021598175029158,,,,,,"CooperativeService{guidedPlanning, status=request, vehicleId=0x7665682d3530, requestedHorizonMs=2500, confidence=100, planning.waypoints=1, offloadTaskId=probe-540, offloadPayload=1024 bytes}"
5g-receiver,1783021598415963724,edge4av-real-20260702-multiclient-scalability-run-4,p5g-scale-mqtt-payload-1024-clients-100,scale,guided-planning,mqtt,,veh-50,rsu-1,p5g-scale-mqtt-payload-1024-clients-100-veh-50-541,ipi-session-1,multiclient-scalability-run-4,veh-50,541,100-clients,default,stationary,unsynced,true,true,clients,100,count,IPI-CooperativeService,1098,1783021663189818027,1783021598415889473,1783021598415963724,,,,,,"CooperativeService{guidedPlanning, status=request, vehicleId=0x7665682d3530, requestedHorizonMs=2500, confidence=100, planning.waypoints=1, offloadTaskId=probe-541, offloadPayload=1024 bytes}"
5g-receiver,1783021598658179819,edge4av-real-20260702-multiclient-scalability-run-4,p5g-scale-mqtt-payload-1024-clients-100,scale,guided-planning,mqtt,,veh-50,rsu-1,p5g-scale-mqtt-payload-1024-clients-100-veh-50-542,ipi-session-1,multiclient-scalability-run-4,veh-50,542,100-clients,default,stationary,unsynced,true,true,clients,100,count,IPI-CooperativeService,1098,1783021663429976243,1783021598658125891,1783021598658179819,,,,,,"CooperativeService{guidedPlanning, status=request, vehicleId=0x7665682d3530, requestedHorizonMs=2500, confidence=100, planning.waypoints=1, offloadTaskId=probe-542, offloadPayload=1024 bytes}"
5g-receiver,1783021598886843907,edge4av-real-20260702-multiclient-scalability-run-4,p5g-scale-mqtt-payload-1024-clients-100,scale,guided-planning,mqtt,,veh-50,rsu-1,p5g-scale-mqtt-payload-1024-clients-100-veh-50-543,ipi-session-1,multiclient-scalability-run-4,veh-50,543,100-clients,default,stationary,unsynced,true,true,clients,100,count,IPI-CooperativeService,1098,1783021663671685743,1783021598886801076,1783021598886843907,,,,,,"CooperativeService{guidedPlanning, status=request, vehicleId=0x7665682d3530, requestedHorizonMs=2500, confidence=100, planning.waypoints=1, offloadTaskId=probe-543, offloadPayload=1024 bytes}"
5g-receiver,1783021599127186102,edge4av-real-20260702-multiclient-scalability-run-4,p5g-scale-mqtt-payload-1024-clients-100,scale,guided-planning,mqtt,,veh-50,rsu-1,p5g-scale-mqtt-payload-1024-clients-100-veh-50-544,ipi-session-1,multiclient-scalability-run-4,veh-50,544,100-clients,default,stationary,unsynced,true,true,clients,100,count,IPI-CooperativeService,1098,1783021663901684324,1783021599127127047,1783021599127186102,,,,,,"CooperativeService{guidedPlanning, status=request, vehicleId=0x7665682d3530, requestedHorizonMs=2500, confidence=100, planning.waypoints=1, offloadTaskId=probe-544, offloadPayload=1024 bytes}"
5g-receiver,1783021599396014943,edge4av-real-20260702-multiclient-scalability-run-4,p5g-scale-mqtt-payload-1024-clients-100,scale,guided-planning,mqtt,,veh-50,rsu-1,p5g-scale-mqtt-payload-1024-clients-100-veh-50-545,ipi-session-1,multiclient-scalability-run-4,veh-50,545,100-clients,default,stationary,unsynced,true,true,clients,100,count,IPI-CooperativeService,1098,1783021664139953960,1783021599395949177,1783021599396014943,,,,,,"CooperativeService{guidedPlanning, status=request, vehicleId=0x7665682d3530, requestedHorizonMs=2500, confidence=100, planning.waypoints=1, offloadTaskId=probe-545, offloadPayload=1024 bytes}"
5g-receiver,1783021599646202416,edge4av-real-20260702-multiclient-scalability-run-4,p5g-scale-mqtt-payload-1024-clients-100,scale,guided-planning,mqtt,,veh-50,rsu-1,p5g-scale-mqtt-payload-1024-clients-100-veh-50-546,ipi-session-1,multiclient-scalability-run-4,veh-50,546,100-clients,default,stationary,unsynced,true,true,clients,100,count,IPI-CooperativeService,1098,1783021664408306279,1783021599646183500,1783021599646202416,,,,,,"CooperativeService{guidedPlanning, status=request, vehicleId=0x7665682d3530, requestedHorizonMs=2500, confidence=100, planning.waypoints=1, offloadTaskId=probe-546, offloadPayload=1024 bytes}"
5g-receiver,1783021599898941863,edge4av-real-20260702-multiclient-scalability-run-4,p5g-scale-mqtt-payload-1024-clients-100,scale,guided-planning,mqtt,,veh-50,rsu-1,p5g-scale-mqtt-payload-1024-clients-100-veh-50-547,ipi-session-1,multiclient-scalability-run-4,veh-50,547,100-clients,default,stationary,unsynced,true,true,clients,100,count,IPI-CooperativeService,1098,1783021664655519291,1783021599898885951,1783021599898941863,,,,,,"CooperativeService{guidedPlanning, status=request, vehicleId=0x7665682d3530, requestedHorizonMs=2500, confidence=100, planning.waypoints=1, offloadTaskId=probe-547, offloadPayload=1024 bytes}"
5g-receiver,1783021600118876036,edge4av-real-20260702-multiclient-scalability-run-4,p5g-scale-mqtt-payload-1024-clients-100,scale,guided-planning,mqtt,,veh-50,rsu-1,p5g-scale-mqtt-payload-1024-clients-100-veh-50-548,ipi-session-1,multiclient-scalability-run-4,veh-50,548,100-clients,default,stationary,unsynced,true,true,clients,100,count,IPI-CooperativeService,1098,1783021664911909389,1783021600118832935,1783021600118876036,,,,,,"CooperativeService{guidedPlanning, status=request, vehicleId=0x7665682d3530, requestedHorizonMs=2500, confidence=100, planning.waypoints=1, offloadTaskId=probe-548, offloadPayload=1024 bytes}"
5g-receiver,1783021600357668083,edge4av-real-20260702-multiclient-scalability-run-4,p5g-scale-mqtt-payload-1024-clients-100,scale,guided-planning,mqtt,,veh-50,rsu-1,p5g-scale-mqtt-payload-1024-clients-100-veh-50-549,ipi-session-1,multiclient-scalability-run-4,veh-50,549,100-clients,default,stationary,unsynced,true,true,clients,100,count,IPI-CooperativeService,1098,1783021665131718564,1783021600357604018,1783021600357668083,,,,,,"CooperativeService{guidedPlanning, status=request, vehicleId=0x7665682d3530, requestedHorizonMs=2500, confidence=100, planning.waypoints=1, offloadTaskId=probe-549, offloadPayload=1024 bytes}"
5g-receiver,1783021600588744973,edge4av-real-20260702-multiclient-scalability-run-4,p5g-scale-mqtt-payload-1024-clients-100,scale,guided-planning,mqtt,,veh-50,rsu-1,p5g-scale-mqtt-payload-1024-clients-100-veh-50-550,ipi-session-1,multiclient-scalability-run-4,veh-50,550,100-clients,default,stationary,unsynced,true,true,clients,100,count,IPI-CooperativeService,1098,1783021665367673231,1783021600588701336,1783021600588744973,,,,,,"CooperativeService{guidedPlanning, status=request, vehicleId=0x7665682d3530, requestedHorizonMs=2500, confidence=100, planning.waypoints=1, offloadTaskId=probe-550, offloadPayload=1024 bytes}"
5g-receiver,1783021600829235271,edge4av-real-20260702-multiclient-scalability-run-4,p5g-scale-mqtt-payload-1024-clients-100,scale,guided-planning,mqtt,,veh-50,rsu-1,p5g-scale-mqtt-payload-1024-clients-100-veh-50-551,ipi-session-1,multiclient-scalability-run-4,veh-50,551,100-clients,default,stationary,unsynced,true,true,clients,100,count,IPI-CooperativeService,1098,1783021665599771789,1783021600829175788,1783021600829235271,,,,,,"CooperativeService{guidedPlanning, status=request, vehicleId=0x7665682d3530, requestedHorizonMs=2500, confidence=100, planning.waypoints=1, offloadTaskId=probe-551, offloadPayload=1024 bytes}"
5g-receiver,1783021601059113684,edge4av-real-20260702-multiclient-scalability-run-4,p5g-scale-mqtt-payload-1024-clients-100,scale,guided-planning,mqtt,,veh-50,rsu-1,p5g-scale-mqtt-payload-1024-clients-100-veh-50-552,ipi-session-1,multiclient-scalability-run-4,veh-50,552,100-clients,default,stationary,unsynced,true,true,clients,100,count,IPI-CooperativeService,1098,1783021665839808491,1783021601059046072,1783021601059113684,,,,,,"CooperativeService{guidedPlanning, status=request, vehicleId=0x7665682d3530, requestedHorizonMs=2500, confidence=100, planning.waypoints=1, offloadTaskId=probe-552, offloadPayload=1024 bytes}"
5g-receiver,1783021601299437971,edge4av-real-20260702-multiclient-scalability-run-4,p5g-scale-mqtt-payload-1024-clients-100,scale,guided-planning,mqtt,,veh-50,rsu-1,p5g-scale-mqtt-payload-1024-clients-100-veh-50-553,ipi-session-1,multiclient-scalability-run-4,veh-50,553,100-clients,default,stationary,unsynced,true,true,clients,100,count,IPI-CooperativeService,1098,1783021666071743064,1783021601299382042,1783021601299437971,,,,,,"CooperativeService{guidedPlanning, status=request, vehicleId=0x7665682d3530, requestedHorizonMs=2500, confidence=100, planning.waypoints=1, offloadTaskId=probe-553, offloadPayload=1024 bytes}"
5g-receiver,1783021601550913523,edge4av-real-20260702-multiclient-scalability-run-4,p5g-scale-mqtt-payload-1024-clients-100,scale,guided-planning,mqtt,,veh-50,rsu-1,p5g-scale-mqtt-payload-1024-clients-100-veh-50-554,ipi-session-1,multiclient-scalability-run-4,veh-50,554,100-clients,default,stationary,unsynced,true,true,clients,100,count,IPI-CooperativeService,1098,1783021666315939855,1783021601550869910,1783021601550913523,,,,,,"CooperativeService{guidedPlanning, status=request, vehicleId=0x7665682d3530, requestedHorizonMs=2500, confidence=100, planning.waypoints=1, offloadTaskId=probe-554, offloadPayload=1024 bytes}"
5g-receiver,1783021601791009382,edge4av-real-20260702-multiclient-scalability-run-4,p5g-scale-mqtt-payload-1024-clients-100,scale,guided-planning,mqtt,,veh-50,rsu-1,p5g-scale-mqtt-payload-1024-clients-100-veh-50-555,ipi-session-1,multiclient-scalability-run-4,veh-50,555,100-clients,default,stationary,unsynced,true,true,clients,100,count,IPI-CooperativeService,1098,1783021666563806363,1783021601790965283,1783021601791009382,,,,,,"CooperativeService{guidedPlanning, status=request, vehicleId=0x7665682d3530, requestedHorizonMs=2500, confidence=100, planning.waypoints=1, offloadTaskId=probe-555, offloadPayload=1024 bytes}"
5g-receiver,1783021602031813728,edge4av-real-20260702-multiclient-scalability-run-4,p5g-scale-mqtt-payload-1024-clients-100,scale,guided-planning,mqtt,,veh-50,rsu-1,p5g-scale-mqtt-payload-1024-clients-100-veh-50-556,ipi-session-1,multiclient-scalability-run-4,veh-50,556,100-clients,default,stationary,unsynced,true,true,clients,100,count,IPI-CooperativeService,1098,1783021666809956825,1783021602031770424,1783021602031813728,,,,,,"CooperativeService{guidedPlanning, status=request, vehicleId=0x7665682d3530, requestedHorizonMs=2500, confidence=100, planning.waypoints=1, offloadTaskId=probe-556, offloadPayload=1024 bytes}"
5g-receiver,1783021602260922413,edge4av-real-20260702-multiclient-scalability-run-4,p5g-scale-mqtt-payload-1024-clients-100,scale,guided-planning,mqtt,,veh-50,rsu-1,p5g-scale-mqtt-payload-1024-clients-100-veh-50-557,ipi-session-1,multiclient-scalability-run-4,veh-50,557,100-clients,default,stationary,unsynced,true,true,clients,100,count,IPI-CooperativeService,1098,1783021667045849957,1783021602260878886,1783021602260922413,,,,,,"CooperativeService{guidedPlanning, status=request, vehicleId=0x7665682d3530, requestedHorizonMs=2500, confidence=100, planning.waypoints=1, offloadTaskId=probe-557, offloadPayload=1024 bytes}"
5g-receiver,1783021602525451929,edge4av-real-20260702-multiclient-scalability-run-4,p5g-scale-mqtt-payload-1024-clients-100,scale,guided-planning,mqtt,,veh-50,rsu-1,p5g-scale-mqtt-payload-1024-clients-100-veh-50-558,ipi-session-1,multiclient-scalability-run-4,veh-50,558,100-clients,default,stationary,unsynced,true,true,clients,100,count,IPI-CooperativeService,1098,1783021667277821792,1783021602525409757,1783021602525451929,,,,,,"CooperativeService{guidedPlanning, status=request, vehicleId=0x7665682d3530, requestedHorizonMs=2500, confidence=100, planning.waypoints=1, offloadTaskId=probe-558, offloadPayload=1024 bytes}"
5g-receiver,1783021602766083442,edge4av-real-20260702-multiclient-scalability-run-4,p5g-scale-mqtt-payload-1024-clients-100,scale,guided-planning,mqtt,,veh-50,rsu-1,p5g-scale-mqtt-payload-1024-clients-100-veh-50-559,ipi-session-1,multiclient-scalability-run-4,veh-50,559,100-clients,default,stationary,unsynced,true,true,clients,100,count,IPI-CooperativeService,1098,1783021667535851560,1783021602766035954,1783021602766083442,,,,,,"CooperativeService{guidedPlanning, status=request, vehicleId=0x7665682d3530, requestedHorizonMs=2500, confidence=100, planning.waypoints=1, offloadTaskId=probe-559, offloadPayload=1024 bytes}"
5g-receiver,1783021603012165660,edge4av-real-20260702-multiclient-scalability-run-4,p5g-scale-mqtt-payload-1024-clients-100,scale,guided-planning,mqtt,,veh-50,rsu-1,p5g-scale-mqtt-payload-1024-clients-100-veh-50-560,ipi-session-1,multiclient-scalability-run-4,veh-50,560,100-clients,default,stationary,unsynced,true,true,clients,100,count,IPI-CooperativeService,1098,1783021667781906093,1783021603012123257,1783021603012165660,,,,,,"CooperativeService{guidedPlanning, status=request, vehicleId=0x7665682d3530, requestedHorizonMs=2500, confidence=100, planning.waypoints=1, offloadTaskId=probe-560, offloadPayload=1024 bytes}"
5g-receiver,1783021603254052725,edge4av-real-20260702-multiclient-scalability-run-4,p5g-scale-mqtt-payload-1024-clients-100,scale,guided-planning,mqtt,,veh-50,rsu-1,p5g-scale-mqtt-payload-1024-clients-100-veh-50-561,ipi-session-1,multiclient-scalability-run-4,veh-50,561,100-clients,default,stationary,unsynced,true,true,clients,100,count,IPI-CooperativeService,1098,1783021668026002849,1783021603254010173,1783021603254052725,,,,,,"CooperativeService{guidedPlanning, status=request, vehicleId=0x7665682d3530, requestedHorizonMs=2500, confidence=100, planning.waypoints=1, offloadTaskId=probe-561, offloadPayload=1024 bytes}"
5g-receiver,1783021603504932921,edge4av-real-20260702-multiclient-scalability-run-4,p5g-scale-mqtt-payload-1024-clients-100,scale,guided-planning,mqtt,,veh-50,rsu-1,p5g-scale-mqtt-payload-1024-clients-100-veh-50-562,ipi-session-1,multiclient-scalability-run-4,veh-50,562,100-clients,default,stationary,unsynced,true,true,clients,100,count,IPI-CooperativeService,1098,1783021668271880452,1783021603504876425,1783021603504932921,,,,,,"CooperativeService{guidedPlanning, status=request, vehicleId=0x7665682d3530, requestedHorizonMs=2500, confidence=100, planning.waypoints=1, offloadTaskId=probe-562, offloadPayload=1024 bytes}"
5g-receiver,1783021603744221457,edge4av-real-20260702-multiclient-scalability-run-4,p5g-scale-mqtt-payload-1024-clients-100,scale,guided-planning,mqtt,,veh-50,rsu-1,p5g-scale-mqtt-payload-1024-clients-100-veh-50-563,ipi-session-1,multiclient-scalability-run-4,veh-50,563,100-clients,default,stationary,unsynced,true,true,clients,100,count,IPI-CooperativeService,1098,1783021668519714762,1783021603744178414,1783021603744221457,,,,,,"CooperativeService{guidedPlanning, status=request, vehicleId=0x7665682d3530, requestedHorizonMs=2500, confidence=100, planning.waypoints=1, offloadTaskId=probe-563, offloadPayload=1024 bytes}"
5g-receiver,1783021603976639812,edge4av-real-20260702-multiclient-scalability-run-4,p5g-scale-mqtt-payload-1024-clients-100,scale,guided-planning,mqtt,,veh-50,rsu-1,p5g-scale-mqtt-payload-1024-clients-100-veh-50-564,ipi-session-1,multiclient-scalability-run-4,veh-50,564,100-clients,default,stationary,unsynced,true,true,clients,100,count,IPI-CooperativeService,1098,1783021668759900924,1783021603976582950,1783021603976639812,,,,,,"CooperativeService{guidedPlanning, status=request, vehicleId=0x7665682d3530, requestedHorizonMs=2500, confidence=100, planning.waypoints=1, offloadTaskId=probe-564, offloadPayload=1024 bytes}"
5g-receiver,1783021604215439795,edge4av-real-20260702-multiclient-scalability-run-4,p5g-scale-mqtt-payload-1024-clients-100,scale,guided-planning,mqtt,,veh-50,rsu-1,p5g-scale-mqtt-payload-1024-clients-100-veh-50-565,ipi-session-1,multiclient-scalability-run-4,veh-50,565,100-clients,default,stationary,unsynced,true,true,clients,100,count,IPI-CooperativeService,1098,1783021668989950209,1783021604215396255,1783021604215439795,,,,,,"CooperativeService{guidedPlanning, status=request, vehicleId=0x7665682d3530, requestedHorizonMs=2500, confidence=100, planning.waypoints=1, offloadTaskId=probe-565, offloadPayload=1024 bytes}"
5g-receiver,1783021604455980427,edge4av-real-20260702-multiclient-scalability-run-4,p5g-scale-mqtt-payload-1024-clients-100,scale,guided-planning,mqtt,,veh-50,rsu-1,p5g-scale-mqtt-payload-1024-clients-100-veh-50-566,ipi-session-1,multiclient-scalability-run-4,veh-50,566,100-clients,default,stationary,unsynced,true,true,clients,100,count,IPI-CooperativeService,1098,1783021669229917259,1783021604455938921,1783021604455980427,,,,,,"CooperativeService{guidedPlanning, status=request, vehicleId=0x7665682d3530, requestedHorizonMs=2500, confidence=100, planning.waypoints=1, offloadTaskId=probe-566, offloadPayload=1024 bytes}"
5g-receiver,1783021604705309540,edge4av-real-20260702-multiclient-scalability-run-4,p5g-scale-mqtt-payload-1024-clients-100,scale,guided-planning,mqtt,,veh-50,rsu-1,p5g-scale-mqtt-payload-1024-clients-100-veh-50-567,ipi-session-1,multiclient-scalability-run-4,veh-50,567,100-clients,default,stationary,unsynced,true,true,clients,100,count,IPI-CooperativeService,1098,1783021669473879795,1783021604705266446,1783021604705309540,,,,,,"CooperativeService{guidedPlanning, status=request, vehicleId=0x7665682d3530, requestedHorizonMs=2500, confidence=100, planning.waypoints=1, offloadTaskId=probe-567, offloadPayload=1024 bytes}"
5g-receiver,1783021604947523677,edge4av-real-20260702-multiclient-scalability-run-4,p5g-scale-mqtt-payload-1024-clients-100,scale,guided-planning,mqtt,,veh-50,rsu-1,p5g-scale-mqtt-payload-1024-clients-100-veh-50-568,ipi-session-1,multiclient-scalability-run-4,veh-50,568,100-clients,default,stationary,unsynced,true,true,clients,100,count,IPI-CooperativeService,1098,1783021669715977599,1783021604947480610,1783021604947523677,,,,,,"CooperativeService{guidedPlanning, status=request, vehicleId=0x7665682d3530, requestedHorizonMs=2500, confidence=100, planning.waypoints=1, offloadTaskId=probe-568, offloadPayload=1024 bytes}"
5g-receiver,1783021605186590806,edge4av-real-20260702-multiclient-scalability-run-4,p5g-scale-mqtt-payload-1024-clients-100,scale,guided-planning,mqtt,,veh-50,rsu-1,p5g-scale-mqtt-payload-1024-clients-100-veh-50-569,ipi-session-1,multiclient-scalability-run-4,veh-50,569,100-clients,default,stationary,unsynced,true,true,clients,100,count,IPI-CooperativeService,1098,1783021669965931594,1783021605186539743,1783021605186590806,,,,,,"CooperativeService{guidedPlanning, status=request, vehicleId=0x7665682d3530, requestedHorizonMs=2500, confidence=100, planning.waypoints=1, offloadTaskId=probe-569, offloadPayload=1024 bytes}"
5g-receiver,1783021605447933434,edge4av-real-20260702-multiclient-scalability-run-4,p5g-scale-mqtt-payload-1024-clients-100,scale,guided-planning,mqtt,,veh-50,rsu-1,p5g-scale-mqtt-payload-1024-clients-100-veh-50-570,ipi-session-1,multiclient-scalability-run-4,veh-50,570,100-clients,default,stationary,unsynced,true,true,clients,100,count,IPI-CooperativeService,1098,1783021670201879861,1783021605447865987,1783021605447933434,,,,,,"CooperativeService{guidedPlanning, status=request, vehicleId=0x7665682d3530, requestedHorizonMs=2500, confidence=100, planning.waypoints=1, offloadTaskId=probe-570, offloadPayload=1024 bytes}"
5g-receiver,1783021605700978943,edge4av-real-20260702-multiclient-scalability-run-4,p5g-scale-mqtt-payload-1024-clients-100,scale,guided-planning,mqtt,,veh-50,rsu-1,p5g-scale-mqtt-payload-1024-clients-100-veh-50-571,ipi-session-1,multiclient-scalability-run-4,veh-50,571,100-clients,default,stationary,unsynced,true,true,clients,100,count,IPI-CooperativeService,1098,1783021670460029802,1783021605700921921,1783021605700978943,,,,,,"CooperativeService{guidedPlanning, status=request, vehicleId=0x7665682d3530, requestedHorizonMs=2500, confidence=100, planning.waypoints=1, offloadTaskId=probe-571, offloadPayload=1024 bytes}"
5g-receiver,1783021605938931438,edge4av-real-20260702-multiclient-scalability-run-4,p5g-scale-mqtt-payload-1024-clients-100,scale,guided-planning,mqtt,,veh-50,rsu-1,p5g-scale-mqtt-payload-1024-clients-100-veh-50-572,ipi-session-1,multiclient-scalability-run-4,veh-50,572,100-clients,default,stationary,unsynced,true,true,clients,100,count,IPI-CooperativeService,1098,1783021670711830585,1783021605938888038,1783021605938931438,,,,,,"CooperativeService{guidedPlanning, status=request, vehicleId=0x7665682d3530, requestedHorizonMs=2500, confidence=100, planning.waypoints=1, offloadTaskId=probe-572, offloadPayload=1024 bytes}"
5g-receiver,1783021606179824135,edge4av-real-20260702-multiclient-scalability-run-4,p5g-scale-mqtt-payload-1024-clients-100,scale,guided-planning,mqtt,,veh-50,rsu-1,p5g-scale-mqtt-payload-1024-clients-100-veh-50-573,ipi-session-1,multiclient-scalability-run-4,veh-50,573,100-clients,default,stationary,unsynced,true,true,clients,100,count,IPI-CooperativeService,1098,1783021670955913705,1783021606179781143,1783021606179824135,,,,,,"CooperativeService{guidedPlanning, status=request, vehicleId=0x7665682d3530, requestedHorizonMs=2500, confidence=100, planning.waypoints=1, offloadTaskId=probe-573, offloadPayload=1024 bytes}"
5g-receiver,1783021606421431378,edge4av-real-20260702-multiclient-scalability-run-4,p5g-scale-mqtt-payload-1024-clients-100,scale,guided-planning,mqtt,,veh-50,rsu-1,p5g-scale-mqtt-payload-1024-clients-100-veh-50-574,ipi-session-1,multiclient-scalability-run-4,veh-50,574,100-clients,default,stationary,unsynced,true,true,clients,100,count,IPI-CooperativeService,1098,1783021671195797695,1783021606421387973,1783021606421431378,,,,,,"CooperativeService{guidedPlanning, status=request, vehicleId=0x7665682d3530, requestedHorizonMs=2500, confidence=100, planning.waypoints=1, offloadTaskId=probe-574, offloadPayload=1024 bytes}"
5g-receiver,1783021606670552971,edge4av-real-20260702-multiclient-scalability-run-4,p5g-scale-mqtt-payload-1024-clients-100,scale,guided-planning,mqtt,,veh-50,rsu-1,p5g-scale-mqtt-payload-1024-clients-100-veh-50-575,ipi-session-1,multiclient-scalability-run-4,veh-50,575,100-clients,default,stationary,unsynced,true,true,clients,100,count,IPI-CooperativeService,1098,1783021671433955892,1783021606670509687,1783021606670552971,,,,,,"CooperativeService{guidedPlanning, status=request, vehicleId=0x7665682d3530, requestedHorizonMs=2500, confidence=100, planning.waypoints=1, offloadTaskId=probe-575, offloadPayload=1024 bytes}"
5g-receiver,1783021606909131739,edge4av-real-20260702-multiclient-scalability-run-4,p5g-scale-mqtt-payload-1024-clients-100,scale,guided-planning,mqtt,,veh-50,rsu-1,p5g-scale-mqtt-payload-1024-clients-100-veh-50-576,ipi-session-1,multiclient-scalability-run-4,veh-50,576,100-clients,default,stationary,unsynced,true,true,clients,100,count,IPI-CooperativeService,1098,1783021671683817164,1783021606909088809,1783021606909131739,,,,,,"CooperativeService{guidedPlanning, status=request, vehicleId=0x7665682d3530, requestedHorizonMs=2500, confidence=100, planning.waypoints=1, offloadTaskId=probe-576, offloadPayload=1024 bytes}"
5g-receiver,1783021607149426605,edge4av-real-20260702-multiclient-scalability-run-4,p5g-scale-mqtt-payload-1024-clients-100,scale,guided-planning,mqtt,,veh-50,rsu-1,p5g-scale-mqtt-payload-1024-clients-100-veh-50-577,ipi-session-1,multiclient-scalability-run-4,veh-50,577,100-clients,default,stationary,unsynced,true,true,clients,100,count,IPI-CooperativeService,1098,1783021671924055291,1783021607149383808,1783021607149426605,,,,,,"CooperativeService{guidedPlanning, status=request, vehicleId=0x7665682d3530, requestedHorizonMs=2500, confidence=100, planning.waypoints=1, offloadTaskId=probe-577, offloadPayload=1024 bytes}"
5g-receiver,1783021607382069245,edge4av-real-20260702-multiclient-scalability-run-4,p5g-scale-mqtt-payload-1024-clients-100,scale,guided-planning,mqtt,,veh-50,rsu-1,p5g-scale-mqtt-payload-1024-clients-100-veh-50-578,ipi-session-1,multiclient-scalability-run-4,veh-50,578,100-clients,default,stationary,unsynced,true,true,clients,100,count,IPI-CooperativeService,1098,1783021672163829243,1783021607382026643,1783021607382069245,,,,,,"CooperativeService{guidedPlanning, status=request, vehicleId=0x7665682d3530, requestedHorizonMs=2500, confidence=100, planning.waypoints=1, offloadTaskId=probe-578, offloadPayload=1024 bytes}"
5g-receiver,1783021607621222787,edge4av-real-20260702-multiclient-scalability-run-4,p5g-scale-mqtt-payload-1024-clients-100,scale,guided-planning,mqtt,,veh-50,rsu-1,p5g-scale-mqtt-payload-1024-clients-100-veh-50-579,ipi-session-1,multiclient-scalability-run-4,veh-50,579,100-clients,default,stationary,unsynced,true,true,clients,100,count,IPI-CooperativeService,1098,1783021672394005513,1783021607621179869,1783021607621222787,,,,,,"CooperativeService{guidedPlanning, status=request, vehicleId=0x7665682d3530, requestedHorizonMs=2500, confidence=100, planning.waypoints=1, offloadTaskId=probe-579, offloadPayload=1024 bytes}"
5g-receiver,1783021607862023409,edge4av-real-20260702-multiclient-scalability-run-4,p5g-scale-mqtt-payload-1024-clients-100,scale,guided-planning,mqtt,,veh-50,rsu-1,p5g-scale-mqtt-payload-1024-clients-100-veh-50-580,ipi-session-1,multiclient-scalability-run-4,veh-50,580,100-clients,default,stationary,unsynced,true,true,clients,100,count,IPI-CooperativeService,1098,1783021672635930994,1783021607861980940,1783021607862023409,,,,,,"CooperativeService{guidedPlanning, status=request, vehicleId=0x7665682d3530, requestedHorizonMs=2500, confidence=100, planning.waypoints=1, offloadTaskId=probe-580, offloadPayload=1024 bytes}"
5g-receiver,1783021608103119757,edge4av-real-20260702-multiclient-scalability-run-4,p5g-scale-mqtt-payload-1024-clients-100,scale,guided-planning,mqtt,,veh-50,rsu-1,p5g-scale-mqtt-payload-1024-clients-100-veh-50-581,ipi-session-1,multiclient-scalability-run-4,veh-50,581,100-clients,default,stationary,unsynced,true,true,clients,100,count,IPI-CooperativeService,1098,1783021672879970416,1783021608103063435,1783021608103119757,,,,,,"CooperativeService{guidedPlanning, status=request, vehicleId=0x7665682d3530, requestedHorizonMs=2500, confidence=100, planning.waypoints=1, offloadTaskId=probe-581, offloadPayload=1024 bytes}"
5g-receiver,1783021608342425077,edge4av-real-20260702-multiclient-scalability-run-4,p5g-scale-mqtt-payload-1024-clients-100,scale,guided-planning,mqtt,,veh-50,rsu-1,p5g-scale-mqtt-payload-1024-clients-100-veh-50-582,ipi-session-1,multiclient-scalability-run-4,veh-50,582,100-clients,default,stationary,unsynced,true,true,clients,100,count,IPI-CooperativeService,1098,1783021673117807108,1783021608342366136,1783021608342425077,,,,,,"CooperativeService{guidedPlanning, status=request, vehicleId=0x7665682d3530, requestedHorizonMs=2500, confidence=100, planning.waypoints=1, offloadTaskId=probe-582, offloadPayload=1024 bytes}"
5g-receiver,1783021608582177193,edge4av-real-20260702-multiclient-scalability-run-4,p5g-scale-mqtt-payload-1024-clients-100,scale,guided-planning,mqtt,,veh-50,rsu-1,p5g-scale-mqtt-payload-1024-clients-100-veh-50-583,ipi-session-1,multiclient-scalability-run-4,veh-50,583,100-clients,default,stationary,unsynced,true,true,clients,100,count,IPI-CooperativeService,1098,1783021673357888816,1783021608582125308,1783021608582177193,,,,,,"CooperativeService{guidedPlanning, status=request, vehicleId=0x7665682d3530, requestedHorizonMs=2500, confidence=100, planning.waypoints=1, offloadTaskId=probe-583, offloadPayload=1024 bytes}"
5g-receiver,1783021608822921950,edge4av-real-20260702-multiclient-scalability-run-4,p5g-scale-mqtt-payload-1024-clients-100,scale,guided-planning,mqtt,,veh-50,rsu-1,p5g-scale-mqtt-payload-1024-clients-100-veh-50-584,ipi-session-1,multiclient-scalability-run-4,veh-50,584,100-clients,default,stationary,unsynced,true,true,clients,100,count,IPI-CooperativeService,1098,1783021673593954716,1783021608822878437,1783021608822921950,,,,,,"CooperativeService{guidedPlanning, status=request, vehicleId=0x7665682d3530, requestedHorizonMs=2500, confidence=100, planning.waypoints=1, offloadTaskId=probe-584, offloadPayload=1024 bytes}"
5g-receiver,1783021609063926780,edge4av-real-20260702-multiclient-scalability-run-4,p5g-scale-mqtt-payload-1024-clients-100,scale,guided-planning,mqtt,,veh-50,rsu-1,p5g-scale-mqtt-payload-1024-clients-100-veh-50-585,ipi-session-1,multiclient-scalability-run-4,veh-50,585,100-clients,default,stationary,unsynced,true,true,clients,100,count,IPI-CooperativeService,1098,1783021673837909537,1783021609063877395,1783021609063926780,,,,,,"CooperativeService{guidedPlanning, status=request, vehicleId=0x7665682d3530, requestedHorizonMs=2500, confidence=100, planning.waypoints=1, offloadTaskId=probe-585, offloadPayload=1024 bytes}"
5g-receiver,1783021609303718063,edge4av-real-20260702-multiclient-scalability-run-4,p5g-scale-mqtt-payload-1024-clients-100,scale,guided-planning,mqtt,,veh-50,rsu-1,p5g-scale-mqtt-payload-1024-clients-100-veh-50-586,ipi-session-1,multiclient-scalability-run-4,veh-50,586,100-clients,default,stationary,unsynced,true,true,clients,100,count,IPI-CooperativeService,1098,1783021674073925932,1783021609303660464,1783021609303718063,,,,,,"CooperativeService{guidedPlanning, status=request, vehicleId=0x7665682d3530, requestedHorizonMs=2500, confidence=100, planning.waypoints=1, offloadTaskId=probe-586, offloadPayload=1024 bytes}"
5g-receiver,1783021609546064529,edge4av-real-20260702-multiclient-scalability-run-4,p5g-scale-mqtt-payload-1024-clients-100,scale,guided-planning,mqtt,,veh-50,rsu-1,p5g-scale-mqtt-payload-1024-clients-100-veh-50-587,ipi-session-1,multiclient-scalability-run-4,veh-50,587,100-clients,default,stationary,unsynced,true,true,clients,100,count,IPI-CooperativeService,1098,1783021674315838715,1783021609546020953,1783021609546064529,,,,,,"CooperativeService{guidedPlanning, status=request, vehicleId=0x7665682d3530, requestedHorizonMs=2500, confidence=100, planning.waypoints=1, offloadTaskId=probe-587, offloadPayload=1024 bytes}"
5g-receiver,1783021609784641965,edge4av-real-20260702-multiclient-scalability-run-4,p5g-scale-mqtt-payload-1024-clients-100,scale,guided-planning,mqtt,,veh-50,rsu-1,p5g-scale-mqtt-payload-1024-clients-100-veh-50-588,ipi-session-1,multiclient-scalability-run-4,veh-50,588,100-clients,default,stationary,unsynced,true,true,clients,100,count,IPI-CooperativeService,1098,1783021674558111041,1783021609784583940,1783021609784641965,,,,,,"CooperativeService{guidedPlanning, status=request, vehicleId=0x7665682d3530, requestedHorizonMs=2500, confidence=100, planning.waypoints=1, offloadTaskId=probe-588, offloadPayload=1024 bytes}"
5g-receiver,1783021610015495143,edge4av-real-20260702-multiclient-scalability-run-4,p5g-scale-mqtt-payload-1024-clients-100,scale,guided-planning,mqtt,,veh-50,rsu-1,p5g-scale-mqtt-payload-1024-clients-100-veh-50-589,ipi-session-1,multiclient-scalability-run-4,veh-50,589,100-clients,default,stationary,unsynced,true,true,clients,100,count,IPI-CooperativeService,1098,1783021674799829134,1783021610015452364,1783021610015495143,,,,,,"CooperativeService{guidedPlanning, status=request, vehicleId=0x7665682d3530, requestedHorizonMs=2500, confidence=100, planning.waypoints=1, offloadTaskId=probe-589, offloadPayload=1024 bytes}"
5g-receiver,1783021610248308494,edge4av-real-20260702-multiclient-scalability-run-4,p5g-scale-mqtt-payload-1024-clients-100,scale,guided-planning,mqtt,,veh-50,rsu-1,p5g-scale-mqtt-payload-1024-clients-100-veh-50-590,ipi-session-1,multiclient-scalability-run-4,veh-50,590,100-clients,default,stationary,unsynced,true,true,clients,100,count,IPI-CooperativeService,1098,1783021675025810134,1783021610248248980,1783021610248308494,,,,,,"CooperativeService{guidedPlanning, status=request, vehicleId=0x7665682d3530, requestedHorizonMs=2500, confidence=100, planning.waypoints=1, offloadTaskId=probe-590, offloadPayload=1024 bytes}"
5g-receiver,1783021610486735614,edge4av-real-20260702-multiclient-scalability-run-4,p5g-scale-mqtt-payload-1024-clients-100,scale,guided-planning,mqtt,,veh-50,rsu-1,p5g-scale-mqtt-payload-1024-clients-100-veh-50-591,ipi-session-1,multiclient-scalability-run-4,veh-50,591,100-clients,default,stationary,unsynced,true,true,clients,100,count,IPI-CooperativeService,1098,1783021675263829523,1783021610486683876,1783021610486735614,,,,,,"CooperativeService{guidedPlanning, status=request, vehicleId=0x7665682d3530, requestedHorizonMs=2500, confidence=100, planning.waypoints=1, offloadTaskId=probe-591, offloadPayload=1024 bytes}"
5g-receiver,1783021610725936290,edge4av-real-20260702-multiclient-scalability-run-4,p5g-scale-mqtt-payload-1024-clients-100,scale,guided-planning,mqtt,,veh-50,rsu-1,p5g-scale-mqtt-payload-1024-clients-100-veh-50-592,ipi-session-1,multiclient-scalability-run-4,veh-50,592,100-clients,default,stationary,unsynced,true,true,clients,100,count,IPI-CooperativeService,1098,1783021675499787338,1783021610725877667,1783021610725936290,,,,,,"CooperativeService{guidedPlanning, status=request, vehicleId=0x7665682d3530, requestedHorizonMs=2500, confidence=100, planning.waypoints=1, offloadTaskId=probe-592, offloadPayload=1024 bytes}"
5g-receiver,1783021610969877276,edge4av-real-20260702-multiclient-scalability-run-4,p5g-scale-mqtt-payload-1024-clients-100,scale,guided-planning,mqtt,,veh-50,rsu-1,p5g-scale-mqtt-payload-1024-clients-100-veh-50-593,ipi-session-1,multiclient-scalability-run-4,veh-50,593,100-clients,default,stationary,unsynced,true,true,clients,100,count,IPI-CooperativeService,1098,1783021675740003815,1783021610969834076,1783021610969877276,,,,,,"CooperativeService{guidedPlanning, status=request, vehicleId=0x7665682d3530, requestedHorizonMs=2500, confidence=100, planning.waypoints=1, offloadTaskId=probe-593, offloadPayload=1024 bytes}"
5g-receiver,1783021611208319552,edge4av-real-20260702-multiclient-scalability-run-4,p5g-scale-mqtt-payload-1024-clients-100,scale,guided-planning,mqtt,,veh-50,rsu-1,p5g-scale-mqtt-payload-1024-clients-100-veh-50-594,ipi-session-1,multiclient-scalability-run-4,veh-50,594,100-clients,default,stationary,unsynced,true,true,clients,100,count,IPI-CooperativeService,1098,1783021675985909371,1783021611208263265,1783021611208319552,,,,,,"CooperativeService{guidedPlanning, status=request, vehicleId=0x7665682d3530, requestedHorizonMs=2500, confidence=100, planning.waypoints=1, offloadTaskId=probe-594, offloadPayload=1024 bytes}"
5g-receiver,1783021611448174422,edge4av-real-20260702-multiclient-scalability-run-4,p5g-scale-mqtt-payload-1024-clients-100,scale,guided-planning,mqtt,,veh-50,rsu-1,p5g-scale-mqtt-payload-1024-clients-100-veh-50-595,ipi-session-1,multiclient-scalability-run-4,veh-50,595,100-clients,default,stationary,unsynced,true,true,clients,100,count,IPI-CooperativeService,1098,1783021676223865152,1783021611448105968,1783021611448174422,,,,,,"CooperativeService{guidedPlanning, status=request, vehicleId=0x7665682d3530, requestedHorizonMs=2500, confidence=100, planning.waypoints=1, offloadTaskId=probe-595, offloadPayload=1024 bytes}"
5g-receiver,1783021611689926447,edge4av-real-20260702-multiclient-scalability-run-4,p5g-scale-mqtt-payload-1024-clients-100,scale,guided-planning,mqtt,,veh-50,rsu-1,p5g-scale-mqtt-payload-1024-clients-100-veh-50-596,ipi-session-1,multiclient-scalability-run-4,veh-50,596,100-clients,default,stationary,unsynced,true,true,clients,100,count,IPI-CooperativeService,1098,1783021676463808686,1783021611689869544,1783021611689926447,,,,,,"CooperativeService{guidedPlanning, status=request, vehicleId=0x7665682d3530, requestedHorizonMs=2500, confidence=100, planning.waypoints=1, offloadTaskId=probe-596, offloadPayload=1024 bytes}"
5g-receiver,1783021611938456539,edge4av-real-20260702-multiclient-scalability-run-4,p5g-scale-mqtt-payload-1024-clients-100,scale,guided-planning,mqtt,,veh-50,rsu-1,p5g-scale-mqtt-payload-1024-clients-100-veh-50-597,ipi-session-1,multiclient-scalability-run-4,veh-50,597,100-clients,default,stationary,unsynced,true,true,clients,100,count,IPI-CooperativeService,1098,1783021676702089834,1783021611938413880,1783021611938456539,,,,,,"CooperativeService{guidedPlanning, status=request, vehicleId=0x7665682d3530, requestedHorizonMs=2500, confidence=100, planning.waypoints=1, offloadTaskId=probe-597, offloadPayload=1024 bytes}"
5g-receiver,1783021612169704573,edge4av-real-20260702-multiclient-scalability-run-4,p5g-scale-mqtt-payload-1024-clients-100,scale,guided-planning,mqtt,,veh-50,rsu-1,p5g-scale-mqtt-payload-1024-clients-100-veh-50-598,ipi-session-1,multiclient-scalability-run-4,veh-50,598,100-clients,default,stationary,unsynced,true,true,clients,100,count,IPI-CooperativeService,1098,1783021676953918410,1783021612169661507,1783021612169704573,,,,,,"CooperativeService{guidedPlanning, status=request, vehicleId=0x7665682d3530, requestedHorizonMs=2500, confidence=100, planning.waypoints=1, offloadTaskId=probe-598, offloadPayload=1024 bytes}"
5g-receiver,1783021612399179786,edge4av-real-20260702-multiclient-scalability-run-4,p5g-scale-mqtt-payload-1024-clients-100,scale,guided-planning,mqtt,,veh-50,rsu-1,p5g-scale-mqtt-payload-1024-clients-100-veh-50-599,ipi-session-1,multiclient-scalability-run-4,veh-50,599,100-clients,default,stationary,unsynced,true,true,clients,100,count,IPI-CooperativeService,1098,1783021677183957850,1783021612399122680,1783021612399179786,,,,,,"CooperativeService{guidedPlanning, status=request, vehicleId=0x7665682d3530, requestedHorizonMs=2500, confidence=100, planning.waypoints=1, offloadTaskId=probe-599, offloadPayload=1024 bytes}"
5g-receiver,1783021612630860589,edge4av-real-20260702-multiclient-scalability-run-4,p5g-scale-mqtt-payload-1024-clients-100,scale,guided-planning,mqtt,,veh-50,rsu-1,p5g-scale-mqtt-payload-1024-clients-100-veh-50-600,ipi-session-1,multiclient-scalability-run-4,veh-50,600,100-clients,default,stationary,unsynced,true,true,clients,100,count,IPI-CooperativeService,1098,1783021677413988439,1783021612630817396,1783021612630860589,,,,,,"CooperativeService{guidedPlanning, status=request, vehicleId=0x7665682d3530, requestedHorizonMs=2500, confidence=100, planning.waypoints=1, offloadTaskId=probe-600, offloadPayload=1024 bytes}"
5g-receiver,1783021612880389957,edge4av-real-20260702-multiclient-scalability-run-4,p5g-scale-mqtt-payload-1024-clients-100,scale,guided-planning,mqtt,,veh-50,rsu-1,p5g-scale-mqtt-payload-1024-clients-100-veh-50-601,ipi-session-1,multiclient-scalability-run-4,veh-50,601,100-clients,default,stationary,unsynced,true,true,clients,100,count,IPI-CooperativeService,1098,1783021677645884758,1783021612880335724,1783021612880389957,,,,,,"CooperativeService{guidedPlanning, status=request, vehicleId=0x7665682d3530, requestedHorizonMs=2500, confidence=100, planning.waypoints=1, offloadTaskId=probe-601, offloadPayload=1024 bytes}"
5g-receiver,1783021613121545387,edge4av-real-20260702-multiclient-scalability-run-4,p5g-scale-mqtt-payload-1024-clients-100,scale,guided-planning,mqtt,,veh-50,rsu-1,p5g-scale-mqtt-payload-1024-clients-100-veh-50-602,ipi-session-1,multiclient-scalability-run-4,veh-50,602,100-clients,default,stationary,unsynced,true,true,clients,100,count,IPI-CooperativeService,1098,1783021677898964107,1783021613121490306,1783021613121545387,,,,,,"CooperativeService{guidedPlanning, status=request, vehicleId=0x7665682d3530, requestedHorizonMs=2500, confidence=100, planning.waypoints=1, offloadTaskId=probe-602, offloadPayload=1024 bytes}"
5g-receiver,1783021613361221399,edge4av-real-20260702-multiclient-scalability-run-4,p5g-scale-mqtt-payload-1024-clients-100,scale,guided-planning,mqtt,,veh-50,rsu-1,p5g-scale-mqtt-payload-1024-clients-100-veh-50-603,ipi-session-1,multiclient-scalability-run-4,veh-50,603,100-clients,default,stationary,unsynced,true,true,clients,100,count,IPI-CooperativeService,1098,1783021678135822380,1783021613361157554,1783021613361221399,,,,,,"CooperativeService{guidedPlanning, status=request, vehicleId=0x7665682d3530, requestedHorizonMs=2500, confidence=100, planning.waypoints=1, offloadTaskId=probe-603, offloadPayload=1024 bytes}"
5g-receiver,1783021613601659795,edge4av-real-20260702-multiclient-scalability-run-4,p5g-scale-mqtt-payload-1024-clients-100,scale,guided-planning,mqtt,,veh-50,rsu-1,p5g-scale-mqtt-payload-1024-clients-100-veh-50-604,ipi-session-1,multiclient-scalability-run-4,veh-50,604,100-clients,default,stationary,unsynced,true,true,clients,100,count,IPI-CooperativeService,1098,1783021678373915061,1783021613601606689,1783021613601659795,,,,,,"CooperativeService{guidedPlanning, status=request, vehicleId=0x7665682d3530, requestedHorizonMs=2500, confidence=100, planning.waypoints=1, offloadTaskId=probe-604, offloadPayload=1024 bytes}"
5g-receiver,1783021613843709483,edge4av-real-20260702-multiclient-scalability-run-4,p5g-scale-mqtt-payload-1024-clients-100,scale,guided-planning,mqtt,,veh-50,rsu-1,p5g-scale-mqtt-payload-1024-clients-100-veh-50-605,ipi-session-1,multiclient-scalability-run-4,veh-50,605,100-clients,default,stationary,unsynced,true,true,clients,100,count,IPI-CooperativeService,1098,1783021678620019768,1783021613843665567,1783021613843709483,,,,,,"CooperativeService{guidedPlanning, status=request, vehicleId=0x7665682d3530, requestedHorizonMs=2500, confidence=100, planning.waypoints=1, offloadTaskId=probe-605, offloadPayload=1024 bytes}"
5g-receiver,1783021614082233539,edge4av-real-20260702-multiclient-scalability-run-4,p5g-scale-mqtt-payload-1024-clients-100,scale,guided-planning,mqtt,,veh-50,rsu-1,p5g-scale-mqtt-payload-1024-clients-100-veh-50-606,ipi-session-1,multiclient-scalability-run-4,veh-50,606,100-clients,default,stationary,unsynced,true,true,clients,100,count,IPI-CooperativeService,1098,1783021678857909270,1783021614082169221,1783021614082233539,,,,,,"CooperativeService{guidedPlanning, status=request, vehicleId=0x7665682d3530, requestedHorizonMs=2500, confidence=100, planning.waypoints=1, offloadTaskId=probe-606, offloadPayload=1024 bytes}"
5g-receiver,1783021614335291607,edge4av-real-20260702-multiclient-scalability-run-4,p5g-scale-mqtt-payload-1024-clients-100,scale,guided-planning,mqtt,,veh-50,rsu-1,p5g-scale-mqtt-payload-1024-clients-100-veh-50-607,ipi-session-1,multiclient-scalability-run-4,veh-50,607,100-clients,default,stationary,unsynced,true,true,clients,100,count,IPI-CooperativeService,1098,1783021679097874136,1783021614335233459,1783021614335291607,,,,,,"CooperativeService{guidedPlanning, status=request, vehicleId=0x7665682d3530, requestedHorizonMs=2500, confidence=100, planning.waypoints=1, offloadTaskId=probe-607, offloadPayload=1024 bytes}"
5g-receiver,1783021614574186068,edge4av-real-20260702-multiclient-scalability-run-4,p5g-scale-mqtt-payload-1024-clients-100,scale,guided-planning,mqtt,,veh-50,rsu-1,p5g-scale-mqtt-payload-1024-clients-100-veh-50-608,ipi-session-1,multiclient-scalability-run-4,veh-50,608,100-clients,default,stationary,unsynced,true,true,clients,100,count,IPI-CooperativeService,1098,1783021679345960995,1783021614574118339,1783021614574186068,,,,,,"CooperativeService{guidedPlanning, status=request, vehicleId=0x7665682d3530, requestedHorizonMs=2500, confidence=100, planning.waypoints=1, offloadTaskId=probe-608, offloadPayload=1024 bytes}"
5g-receiver,1783021614804752854,edge4av-real-20260702-multiclient-scalability-run-4,p5g-scale-mqtt-payload-1024-clients-100,scale,guided-planning,mqtt,,veh-50,rsu-1,p5g-scale-mqtt-payload-1024-clients-100-veh-50-609,ipi-session-1,multiclient-scalability-run-4,veh-50,609,100-clients,default,stationary,unsynced,true,true,clients,100,count,IPI-CooperativeService,1098,1783021679587783587,1783021614804710070,1783021614804752854,,,,,,"CooperativeService{guidedPlanning, status=request, vehicleId=0x7665682d3530, requestedHorizonMs=2500, confidence=100, planning.waypoints=1, offloadTaskId=probe-609, offloadPayload=1024 bytes}"
5g-receiver,1783021615053141637,edge4av-real-20260702-multiclient-scalability-run-4,p5g-scale-mqtt-payload-1024-clients-100,scale,guided-planning,mqtt,,veh-50,rsu-1,p5g-scale-mqtt-payload-1024-clients-100-veh-50-610,ipi-session-1,multiclient-scalability-run-4,veh-50,610,100-clients,default,stationary,unsynced,true,true,clients,100,count,IPI-CooperativeService,1098,1783021679818049031,1783021615053098654,1783021615053141637,,,,,,"CooperativeService{guidedPlanning, status=request, vehicleId=0x7665682d3530, requestedHorizonMs=2500, confidence=100, planning.waypoints=1, offloadTaskId=probe-610, offloadPayload=1024 bytes}"
5g-receiver,1783021615283840567,edge4av-real-20260702-multiclient-scalability-run-4,p5g-scale-mqtt-payload-1024-clients-100,scale,guided-planning,mqtt,,veh-50,rsu-1,p5g-scale-mqtt-payload-1024-clients-100-veh-50-611,ipi-session-1,multiclient-scalability-run-4,veh-50,611,100-clients,default,stationary,unsynced,true,true,clients,100,count,IPI-CooperativeService,1098,1783021680063952857,1783021615283782807,1783021615283840567,,,,,,"CooperativeService{guidedPlanning, status=request, vehicleId=0x7665682d3530, requestedHorizonMs=2500, confidence=100, planning.waypoints=1, offloadTaskId=probe-611, offloadPayload=1024 bytes}"
5g-receiver,1783021615534234005,edge4av-real-20260702-multiclient-scalability-run-4,p5g-scale-mqtt-payload-1024-clients-100,scale,guided-planning,mqtt,,veh-50,rsu-1,p5g-scale-mqtt-payload-1024-clients-100-veh-50-612,ipi-session-1,multiclient-scalability-run-4,veh-50,612,100-clients,default,stationary,unsynced,true,true,clients,100,count,IPI-CooperativeService,1098,1783021680298028456,1783021615534177760,1783021615534234005,,,,,,"CooperativeService{guidedPlanning, status=request, vehicleId=0x7665682d3530, requestedHorizonMs=2500, confidence=100, planning.waypoints=1, offloadTaskId=probe-612, offloadPayload=1024 bytes}"
5g-receiver,1783021615774408542,edge4av-real-20260702-multiclient-scalability-run-4,p5g-scale-mqtt-payload-1024-clients-100,scale,guided-planning,mqtt,,veh-50,rsu-1,p5g-scale-mqtt-payload-1024-clients-100-veh-50-613,ipi-session-1,multiclient-scalability-run-4,veh-50,613,100-clients,default,stationary,unsynced,true,true,clients,100,count,IPI-CooperativeService,1098,1783021680549881979,1783021615774344738,1783021615774408542,,,,,,"CooperativeService{guidedPlanning, status=request, vehicleId=0x7665682d3530, requestedHorizonMs=2500, confidence=100, planning.waypoints=1, offloadTaskId=probe-613, offloadPayload=1024 bytes}"
5g-receiver,1783021616016164499,edge4av-real-20260702-multiclient-scalability-run-4,p5g-scale-mqtt-payload-1024-clients-100,scale,guided-planning,mqtt,,veh-50,rsu-1,p5g-scale-mqtt-payload-1024-clients-100-veh-50-614,ipi-session-1,multiclient-scalability-run-4,veh-50,614,100-clients,default,stationary,unsynced,true,true,clients,100,count,IPI-CooperativeService,1098,1783021680790082231,1783021616016102624,1783021616016164499,,,,,,"CooperativeService{guidedPlanning, status=request, vehicleId=0x7665682d3530, requestedHorizonMs=2500, confidence=100, planning.waypoints=1, offloadTaskId=probe-614, offloadPayload=1024 bytes}"
5g-receiver,1783021616255458141,edge4av-real-20260702-multiclient-scalability-run-4,p5g-scale-mqtt-payload-1024-clients-100,scale,guided-planning,mqtt,,veh-50,rsu-1,p5g-scale-mqtt-payload-1024-clients-100-veh-50-615,ipi-session-1,multiclient-scalability-run-4,veh-50,615,100-clients,default,stationary,unsynced,true,true,clients,100,count,IPI-CooperativeService,1098,1783021681029895575,1783021616255394291,1783021616255458141,,,,,,"CooperativeService{guidedPlanning, status=request, vehicleId=0x7665682d3530, requestedHorizonMs=2500, confidence=100, planning.waypoints=1, offloadTaskId=probe-615, offloadPayload=1024 bytes}"
5g-receiver,1783021616506729157,edge4av-real-20260702-multiclient-scalability-run-4,p5g-scale-mqtt-payload-1024-clients-100,scale,guided-planning,mqtt,,veh-50,rsu-1,p5g-scale-mqtt-payload-1024-clients-100-veh-50-616,ipi-session-1,multiclient-scalability-run-4,veh-50,616,100-clients,default,stationary,unsynced,true,true,clients,100,count,IPI-CooperativeService,1098,1783021681276040899,1783021616506685841,1783021616506729157,,,,,,"CooperativeService{guidedPlanning, status=request, vehicleId=0x7665682d3530, requestedHorizonMs=2500, confidence=100, planning.waypoints=1, offloadTaskId=probe-616, offloadPayload=1024 bytes}"
5g-receiver,1783021616746184314,edge4av-real-20260702-multiclient-scalability-run-4,p5g-scale-mqtt-payload-1024-clients-100,scale,guided-planning,mqtt,,veh-50,rsu-1,p5g-scale-mqtt-payload-1024-clients-100-veh-50-617,ipi-session-1,multiclient-scalability-run-4,veh-50,617,100-clients,default,stationary,unsynced,true,true,clients,100,count,IPI-CooperativeService,1098,1783021681526024889,1783021616746129681,1783021616746184314,,,,,,"CooperativeService{guidedPlanning, status=request, vehicleId=0x7665682d3530, requestedHorizonMs=2500, confidence=100, planning.waypoints=1, offloadTaskId=probe-617, offloadPayload=1024 bytes}"
5g-receiver,1783021616989815291,edge4av-real-20260702-multiclient-scalability-run-4,p5g-scale-mqtt-payload-1024-clients-100,scale,guided-planning,mqtt,,veh-50,rsu-1,p5g-scale-mqtt-payload-1024-clients-100-veh-50-618,ipi-session-1,multiclient-scalability-run-4,veh-50,618,100-clients,default,stationary,unsynced,true,true,clients,100,count,IPI-CooperativeService,1098,1783021681762058471,1783021616989771729,1783021616989815291,,,,,,"CooperativeService{guidedPlanning, status=request, vehicleId=0x7665682d3530, requestedHorizonMs=2500, confidence=100, planning.waypoints=1, offloadTaskId=probe-618, offloadPayload=1024 bytes}"
5g-receiver,1783021617219211680,edge4av-real-20260702-multiclient-scalability-run-4,p5g-scale-mqtt-payload-1024-clients-100,scale,guided-planning,mqtt,,veh-50,rsu-1,p5g-scale-mqtt-payload-1024-clients-100-veh-50-619,ipi-session-1,multiclient-scalability-run-4,veh-50,619,100-clients,default,stationary,unsynced,true,true,clients,100,count,IPI-CooperativeService,1098,1783021682009930869,1783021617219168544,1783021617219211680,,,,,,"CooperativeService{guidedPlanning, status=request, vehicleId=0x7665682d3530, requestedHorizonMs=2500, confidence=100, planning.waypoints=1, offloadTaskId=probe-619, offloadPayload=1024 bytes}"
5g-receiver,1783021617459394865,edge4av-real-20260702-multiclient-scalability-run-4,p5g-scale-mqtt-payload-1024-clients-100,scale,guided-planning,mqtt,,veh-50,rsu-1,p5g-scale-mqtt-payload-1024-clients-100-veh-50-620,ipi-session-1,multiclient-scalability-run-4,veh-50,620,100-clients,default,stationary,unsynced,true,true,clients,100,count,IPI-CooperativeService,1098,1783021682235897828,1783021617459351272,1783021617459394865,,,,,,"CooperativeService{guidedPlanning, status=request, vehicleId=0x7665682d3530, requestedHorizonMs=2500, confidence=100, planning.waypoints=1, offloadTaskId=probe-620, offloadPayload=1024 bytes}"
5g-receiver,1783021617700663946,edge4av-real-20260702-multiclient-scalability-run-4,p5g-scale-mqtt-payload-1024-clients-100,scale,guided-planning,mqtt,,veh-50,rsu-1,p5g-scale-mqtt-payload-1024-clients-100-veh-50-621,ipi-session-1,multiclient-scalability-run-4,veh-50,621,100-clients,default,stationary,unsynced,true,true,clients,100,count,IPI-CooperativeService,1098,1783021682475908259,1783021617700602683,1783021617700663946,,,,,,"CooperativeService{guidedPlanning, status=request, vehicleId=0x7665682d3530, requestedHorizonMs=2500, confidence=100, planning.waypoints=1, offloadTaskId=probe-621, offloadPayload=1024 bytes}"
5g-receiver,1783021617941022651,edge4av-real-20260702-multiclient-scalability-run-4,p5g-scale-mqtt-payload-1024-clients-100,scale,guided-planning,mqtt,,veh-50,rsu-1,p5g-scale-mqtt-payload-1024-clients-100-veh-50-622,ipi-session-1,multiclient-scalability-run-4,veh-50,622,100-clients,default,stationary,unsynced,true,true,clients,100,count,IPI-CooperativeService,1098,1783021682715903627,1783021617940979563,1783021617941022651,,,,,,"CooperativeService{guidedPlanning, status=request, vehicleId=0x7665682d3530, requestedHorizonMs=2500, confidence=100, planning.waypoints=1, offloadTaskId=probe-622, offloadPayload=1024 bytes}"
5g-receiver,1783021618178290001,edge4av-real-20260702-multiclient-scalability-run-4,p5g-scale-mqtt-payload-1024-clients-100,scale,guided-planning,mqtt,,veh-50,rsu-1,p5g-scale-mqtt-payload-1024-clients-100-veh-50-623,ipi-session-1,multiclient-scalability-run-4,veh-50,623,100-clients,default,stationary,unsynced,true,true,clients,100,count,IPI-CooperativeService,1098,1783021682957938976,1783021618178247801,1783021618178290001,,,,,,"CooperativeService{guidedPlanning, status=request, vehicleId=0x7665682d3530, requestedHorizonMs=2500, confidence=100, planning.waypoints=1, offloadTaskId=probe-623, offloadPayload=1024 bytes}"
5g-receiver,1783021618421528319,edge4av-real-20260702-multiclient-scalability-run-4,p5g-scale-mqtt-payload-1024-clients-100,scale,guided-planning,mqtt,,veh-50,rsu-1,p5g-scale-mqtt-payload-1024-clients-100-veh-50-624,ipi-session-1,multiclient-scalability-run-4,veh-50,624,100-clients,default,stationary,unsynced,true,true,clients,100,count,IPI-CooperativeService,1098,1783021683193936552,1783021618421484950,1783021618421528319,,,,,,"CooperativeService{guidedPlanning, status=request, vehicleId=0x7665682d3530, requestedHorizonMs=2500, confidence=100, planning.waypoints=1, offloadTaskId=probe-624, offloadPayload=1024 bytes}"
5g-receiver,1783021618651265143,edge4av-real-20260702-multiclient-scalability-run-4,p5g-scale-mqtt-payload-1024-clients-100,scale,guided-planning,mqtt,,veh-50,rsu-1,p5g-scale-mqtt-payload-1024-clients-100-veh-50-625,ipi-session-1,multiclient-scalability-run-4,veh-50,625,100-clients,default,stationary,unsynced,true,true,clients,100,count,IPI-CooperativeService,1098,1783021683435966127,1783021618651221907,1783021618651265143,,,,,,"CooperativeService{guidedPlanning, status=request, vehicleId=0x7665682d3530, requestedHorizonMs=2500, confidence=100, planning.waypoints=1, offloadTaskId=probe-625, offloadPayload=1024 bytes}"
5g-receiver,1783021618890319297,edge4av-real-20260702-multiclient-scalability-run-4,p5g-scale-mqtt-payload-1024-clients-100,scale,guided-planning,mqtt,,veh-50,rsu-1,p5g-scale-mqtt-payload-1024-clients-100-veh-50-626,ipi-session-1,multiclient-scalability-run-4,veh-50,626,100-clients,default,stationary,unsynced,true,true,clients,100,count,IPI-CooperativeService,1098,1783021683671980207,1783021618890276276,1783021618890319297,,,,,,"CooperativeService{guidedPlanning, status=request, vehicleId=0x7665682d3530, requestedHorizonMs=2500, confidence=100, planning.waypoints=1, offloadTaskId=probe-626, offloadPayload=1024 bytes}"
5g-receiver,1783021619121533054,edge4av-real-20260702-multiclient-scalability-run-4,p5g-scale-mqtt-payload-1024-clients-100,scale,guided-planning,mqtt,,veh-50,rsu-1,p5g-scale-mqtt-payload-1024-clients-100-veh-50-627,ipi-session-1,multiclient-scalability-run-4,veh-50,627,100-clients,default,stationary,unsynced,true,true,clients,100,count,IPI-CooperativeService,1098,1783021683901970360,1783021619121468216,1783021619121533054,,,,,,"CooperativeService{guidedPlanning, status=request, vehicleId=0x7665682d3530, requestedHorizonMs=2500, confidence=100, planning.waypoints=1, offloadTaskId=probe-627, offloadPayload=1024 bytes}"
5g-receiver,1783021619361606434,edge4av-real-20260702-multiclient-scalability-run-4,p5g-scale-mqtt-payload-1024-clients-100,scale,guided-planning,mqtt,,veh-50,rsu-1,p5g-scale-mqtt-payload-1024-clients-100-veh-50-628,ipi-session-1,multiclient-scalability-run-4,veh-50,628,100-clients,default,stationary,unsynced,true,true,clients,100,count,IPI-CooperativeService,1098,1783021684135815883,1783021619361549688,1783021619361606434,,,,,,"CooperativeService{guidedPlanning, status=request, vehicleId=0x7665682d3530, requestedHorizonMs=2500, confidence=100, planning.waypoints=1, offloadTaskId=probe-628, offloadPayload=1024 bytes}"
5g-receiver,1783021619613203839,edge4av-real-20260702-multiclient-scalability-run-4,p5g-scale-mqtt-payload-1024-clients-100,scale,guided-planning,mqtt,,veh-50,rsu-1,p5g-scale-mqtt-payload-1024-clients-100-veh-50-629,ipi-session-1,multiclient-scalability-run-4,veh-50,629,100-clients,default,stationary,unsynced,true,true,clients,100,count,IPI-CooperativeService,1098,1783021684388055609,1783021619613138101,1783021619613203839,,,,,,"CooperativeService{guidedPlanning, status=request, vehicleId=0x7665682d3530, requestedHorizonMs=2500, confidence=100, planning.waypoints=1, offloadTaskId=probe-629, offloadPayload=1024 bytes}"
5g-receiver,1783021619863895174,edge4av-real-20260702-multiclient-scalability-run-4,p5g-scale-mqtt-payload-1024-clients-100,scale,guided-planning,mqtt,,veh-50,rsu-1,p5g-scale-mqtt-payload-1024-clients-100-veh-50-630,ipi-session-1,multiclient-scalability-run-4,veh-50,630,100-clients,default,stationary,unsynced,true,true,clients,100,count,IPI-CooperativeService,1098,1783021684627858113,1783021619863839280,1783021619863895174,,,,,,"CooperativeService{guidedPlanning, status=request, vehicleId=0x7665682d3530, requestedHorizonMs=2500, confidence=100, planning.waypoints=1, offloadTaskId=probe-630, offloadPayload=1024 bytes}"
5g-receiver,1783021620103976918,edge4av-real-20260702-multiclient-scalability-run-4,p5g-scale-mqtt-payload-1024-clients-100,scale,guided-planning,mqtt,,veh-50,rsu-1,p5g-scale-mqtt-payload-1024-clients-100-veh-50-631,ipi-session-1,multiclient-scalability-run-4,veh-50,631,100-clients,default,stationary,unsynced,true,true,clients,100,count,IPI-CooperativeService,1098,1783021684877823824,1783021620103933225,1783021620103976918,,,,,,"CooperativeService{guidedPlanning, status=request, vehicleId=0x7665682d3530, requestedHorizonMs=2500, confidence=100, planning.waypoints=1, offloadTaskId=probe-631, offloadPayload=1024 bytes}"
5g-receiver,1783021620342781645,edge4av-real-20260702-multiclient-scalability-run-4,p5g-scale-mqtt-payload-1024-clients-100,scale,guided-planning,mqtt,,veh-50,rsu-1,p5g-scale-mqtt-payload-1024-clients-100-veh-50-632,ipi-session-1,multiclient-scalability-run-4,veh-50,632,100-clients,default,stationary,unsynced,true,true,clients,100,count,IPI-CooperativeService,1098,1783021685122050417,1783021620342737832,1783021620342781645,,,,,,"CooperativeService{guidedPlanning, status=request, vehicleId=0x7665682d3530, requestedHorizonMs=2500, confidence=100, planning.waypoints=1, offloadTaskId=probe-632, offloadPayload=1024 bytes}"
5g-receiver,1783021620594855632,edge4av-real-20260702-multiclient-scalability-run-4,p5g-scale-mqtt-payload-1024-clients-100,scale,guided-planning,mqtt,,veh-50,rsu-1,p5g-scale-mqtt-payload-1024-clients-100-veh-50-633,ipi-session-1,multiclient-scalability-run-4,veh-50,633,100-clients,default,stationary,unsynced,true,true,clients,100,count,IPI-CooperativeService,1098,1783021685353959948,1783021620594812264,1783021620594855632,,,,,,"CooperativeService{guidedPlanning, status=request, vehicleId=0x7665682d3530, requestedHorizonMs=2500, confidence=100, planning.waypoints=1, offloadTaskId=probe-633, offloadPayload=1024 bytes}"
5g-receiver,1783021620834590957,edge4av-real-20260702-multiclient-scalability-run-4,p5g-scale-mqtt-payload-1024-clients-100,scale,guided-planning,mqtt,,veh-50,rsu-1,p5g-scale-mqtt-payload-1024-clients-100-veh-50-634,ipi-session-1,multiclient-scalability-run-4,veh-50,634,100-clients,default,stationary,unsynced,true,true,clients,100,count,IPI-CooperativeService,1098,1783021685606066921,1783021620834547652,1783021620834590957,,,,,,"CooperativeService{guidedPlanning, status=request, vehicleId=0x7665682d3530, requestedHorizonMs=2500, confidence=100, planning.waypoints=1, offloadTaskId=probe-634, offloadPayload=1024 bytes}"
5g-receiver,1783021621075601681,edge4av-real-20260702-multiclient-scalability-run-4,p5g-scale-mqtt-payload-1024-clients-100,scale,guided-planning,mqtt,,veh-50,rsu-1,p5g-scale-mqtt-payload-1024-clients-100-veh-50-635,ipi-session-1,multiclient-scalability-run-4,veh-50,635,100-clients,default,stationary,unsynced,true,true,clients,100,count,IPI-CooperativeService,1098,1783021685848085697,1783021621075534080,1783021621075601681,,,,,,"CooperativeService{guidedPlanning, status=request, vehicleId=0x7665682d3530, requestedHorizonMs=2500, confidence=100, planning.waypoints=1, offloadTaskId=probe-635, offloadPayload=1024 bytes}"
5g-receiver,1783021621313699621,edge4av-real-20260702-multiclient-scalability-run-4,p5g-scale-mqtt-payload-1024-clients-100,scale,guided-planning,mqtt,,veh-50,rsu-1,p5g-scale-mqtt-payload-1024-clients-100-veh-50-636,ipi-session-1,multiclient-scalability-run-4,veh-50,636,100-clients,default,stationary,unsynced,true,true,clients,100,count,IPI-CooperativeService,1098,1783021686086022052,1783021621313656886,1783021621313699621,,,,,,"CooperativeService{guidedPlanning, status=request, vehicleId=0x7665682d3530, requestedHorizonMs=2500, confidence=100, planning.waypoints=1, offloadTaskId=probe-636, offloadPayload=1024 bytes}"
5g-receiver,1783021621557374201,edge4av-real-20260702-multiclient-scalability-run-4,p5g-scale-mqtt-payload-1024-clients-100,scale,guided-planning,mqtt,,veh-50,rsu-1,p5g-scale-mqtt-payload-1024-clients-100-veh-50-637,ipi-session-1,multiclient-scalability-run-4,veh-50,637,100-clients,default,stationary,unsynced,true,true,clients,100,count,IPI-CooperativeService,1098,1783021686326030751,1783021621557330663,1783021621557374201,,,,,,"CooperativeService{guidedPlanning, status=request, vehicleId=0x7665682d3530, requestedHorizonMs=2500, confidence=100, planning.waypoints=1, offloadTaskId=probe-637, offloadPayload=1024 bytes}"
5g-receiver,1783021621804641909,edge4av-real-20260702-multiclient-scalability-run-4,p5g-scale-mqtt-payload-1024-clients-100,scale,guided-planning,mqtt,,veh-50,rsu-1,p5g-scale-mqtt-payload-1024-clients-100-veh-50-638,ipi-session-1,multiclient-scalability-run-4,veh-50,638,100-clients,default,stationary,unsynced,true,true,clients,100,count,IPI-CooperativeService,1098,1783021686571949064,1783021621804575435,1783021621804641909,,,,,,"CooperativeService{guidedPlanning, status=request, vehicleId=0x7665682d3530, requestedHorizonMs=2500, confidence=100, planning.waypoints=1, offloadTaskId=probe-638, offloadPayload=1024 bytes}"
5g-receiver,1783021622046898794,edge4av-real-20260702-multiclient-scalability-run-4,p5g-scale-mqtt-payload-1024-clients-100,scale,guided-planning,mqtt,,veh-50,rsu-1,p5g-scale-mqtt-payload-1024-clients-100-veh-50-639,ipi-session-1,multiclient-scalability-run-4,veh-50,639,100-clients,default,stationary,unsynced,true,true,clients,100,count,IPI-CooperativeService,1098,1783021686820005784,1783021622046833440,1783021622046898794,,,,,,"CooperativeService{guidedPlanning, status=request, vehicleId=0x7665682d3530, requestedHorizonMs=2500, confidence=100, planning.waypoints=1, offloadTaskId=probe-639, offloadPayload=1024 bytes}"
5g-receiver,1783021622285806498,edge4av-real-20260702-multiclient-scalability-run-4,p5g-scale-mqtt-payload-1024-clients-100,scale,guided-planning,mqtt,,veh-50,rsu-1,p5g-scale-mqtt-payload-1024-clients-100-veh-50-640,ipi-session-1,multiclient-scalability-run-4,veh-50,640,100-clients,default,stationary,unsynced,true,true,clients,100,count,IPI-CooperativeService,1098,1783021687063991844,1783021622285755954,1783021622285806498,,,,,,"CooperativeService{guidedPlanning, status=request, vehicleId=0x7665682d3530, requestedHorizonMs=2500, confidence=100, planning.waypoints=1, offloadTaskId=probe-640, offloadPayload=1024 bytes}"
5g-receiver,1783021622539145656,edge4av-real-20260702-multiclient-scalability-run-4,p5g-scale-mqtt-payload-1024-clients-100,scale,guided-planning,mqtt,,veh-50,rsu-1,p5g-scale-mqtt-payload-1024-clients-100-veh-50-641,ipi-session-1,multiclient-scalability-run-4,veh-50,641,100-clients,default,stationary,unsynced,true,true,clients,100,count,IPI-CooperativeService,1098,1783021687302058362,1783021622539079221,1783021622539145656,,,,,,"CooperativeService{guidedPlanning, status=request, vehicleId=0x7665682d3530, requestedHorizonMs=2500, confidence=100, planning.waypoints=1, offloadTaskId=probe-641, offloadPayload=1024 bytes}"
5g-receiver,1783021622777456405,edge4av-real-20260702-multiclient-scalability-run-4,p5g-scale-mqtt-payload-1024-clients-100,scale,guided-planning,mqtt,,veh-50,rsu-1,p5g-scale-mqtt-payload-1024-clients-100-veh-50-642,ipi-session-1,multiclient-scalability-run-4,veh-50,642,100-clients,default,stationary,unsynced,true,true,clients,100,count,IPI-CooperativeService,1098,1783021687552021039,1783021622777412969,1783021622777456405,,,,,,"CooperativeService{guidedPlanning, status=request, vehicleId=0x7665682d3530, requestedHorizonMs=2500, confidence=100, planning.waypoints=1, offloadTaskId=probe-642, offloadPayload=1024 bytes}"
5g-receiver,1783021623009092719,edge4av-real-20260702-multiclient-scalability-run-4,p5g-scale-mqtt-payload-1024-clients-100,scale,guided-planning,mqtt,,veh-50,rsu-1,p5g-scale-mqtt-payload-1024-clients-100-veh-50-643,ipi-session-1,multiclient-scalability-run-4,veh-50,643,100-clients,default,stationary,unsynced,true,true,clients,100,count,IPI-CooperativeService,1098,1783021687789914692,1783021623009032775,1783021623009092719,,,,,,"CooperativeService{guidedPlanning, status=request, vehicleId=0x7665682d3530, requestedHorizonMs=2500, confidence=100, planning.waypoints=1, offloadTaskId=probe-643, offloadPayload=1024 bytes}"
5g-receiver,1783021623248409295,edge4av-real-20260702-multiclient-scalability-run-4,p5g-scale-mqtt-payload-1024-clients-100,scale,guided-planning,mqtt,,veh-50,rsu-1,p5g-scale-mqtt-payload-1024-clients-100-veh-50-644,ipi-session-1,multiclient-scalability-run-4,veh-50,644,100-clients,default,stationary,unsynced,true,true,clients,100,count,IPI-CooperativeService,1098,1783021688026126458,1783021623248352556,1783021623248409295,,,,,,"CooperativeService{guidedPlanning, status=request, vehicleId=0x7665682d3530, requestedHorizonMs=2500, confidence=100, planning.waypoints=1, offloadTaskId=probe-644, offloadPayload=1024 bytes}"
5g-receiver,1783021623488004937,edge4av-real-20260702-multiclient-scalability-run-4,p5g-scale-mqtt-payload-1024-clients-100,scale,guided-planning,mqtt,,veh-50,rsu-1,p5g-scale-mqtt-payload-1024-clients-100-veh-50-645,ipi-session-1,multiclient-scalability-run-4,veh-50,645,100-clients,default,stationary,unsynced,true,true,clients,100,count,IPI-CooperativeService,1098,1783021688262022857,1783021623487961369,1783021623488004937,,,,,,"CooperativeService{guidedPlanning, status=request, vehicleId=0x7665682d3530, requestedHorizonMs=2500, confidence=100, planning.waypoints=1, offloadTaskId=probe-645, offloadPayload=1024 bytes}"
5g-receiver,1783021623729572377,edge4av-real-20260702-multiclient-scalability-run-4,p5g-scale-mqtt-payload-1024-clients-100,scale,guided-planning,mqtt,,veh-50,rsu-1,p5g-scale-mqtt-payload-1024-clients-100-veh-50-646,ipi-session-1,multiclient-scalability-run-4,veh-50,646,100-clients,default,stationary,unsynced,true,true,clients,100,count,IPI-CooperativeService,1098,1783021688500118709,1783021623729529023,1783021623729572377,,,,,,"CooperativeService{guidedPlanning, status=request, vehicleId=0x7665682d3530, requestedHorizonMs=2500, confidence=100, planning.waypoints=1, offloadTaskId=probe-646, offloadPayload=1024 bytes}"
5g-receiver,1783021623970092920,edge4av-real-20260702-multiclient-scalability-run-4,p5g-scale-mqtt-payload-1024-clients-100,scale,guided-planning,mqtt,,veh-50,rsu-1,p5g-scale-mqtt-payload-1024-clients-100-veh-50-647,ipi-session-1,multiclient-scalability-run-4,veh-50,647,100-clients,default,stationary,unsynced,true,true,clients,100,count,IPI-CooperativeService,1098,1783021688742016326,1783021623970050004,1783021623970092920,,,,,,"CooperativeService{guidedPlanning, status=request, vehicleId=0x7665682d3530, requestedHorizonMs=2500, confidence=100, planning.waypoints=1, offloadTaskId=probe-647, offloadPayload=1024 bytes}"
5g-receiver,1783021624209940977,edge4av-real-20260702-multiclient-scalability-run-4,p5g-scale-mqtt-payload-1024-clients-100,scale,guided-planning,mqtt,,veh-50,rsu-1,p5g-scale-mqtt-payload-1024-clients-100-veh-50-648,ipi-session-1,multiclient-scalability-run-4,veh-50,648,100-clients,default,stationary,unsynced,true,true,clients,100,count,IPI-CooperativeService,1098,1783021688990022748,1783021624209897357,1783021624209940977,,,,,,"CooperativeService{guidedPlanning, status=request, vehicleId=0x7665682d3530, requestedHorizonMs=2500, confidence=100, planning.waypoints=1, offloadTaskId=probe-648, offloadPayload=1024 bytes}"
5g-receiver,1783021624458880474,edge4av-real-20260702-multiclient-scalability-run-4,p5g-scale-mqtt-payload-1024-clients-100,scale,guided-planning,mqtt,,veh-50,rsu-1,p5g-scale-mqtt-payload-1024-clients-100-veh-50-649,ipi-session-1,multiclient-scalability-run-4,veh-50,649,100-clients,default,stationary,unsynced,true,true,clients,100,count,IPI-CooperativeService,1098,1783021689222040404,1783021624458837652,1783021624458880474,,,,,,"CooperativeService{guidedPlanning, status=request, vehicleId=0x7665682d3530, requestedHorizonMs=2500, confidence=100, planning.waypoints=1, offloadTaskId=probe-649, offloadPayload=1024 bytes}"
5g-receiver,1783021624702207706,edge4av-real-20260702-multiclient-scalability-run-4,p5g-scale-mqtt-payload-1024-clients-100,scale,guided-planning,mqtt,,veh-50,rsu-1,p5g-scale-mqtt-payload-1024-clients-100-veh-50-650,ipi-session-1,multiclient-scalability-run-4,veh-50,650,100-clients,default,stationary,unsynced,true,true,clients,100,count,IPI-CooperativeService,1098,1783021689471903981,1783021624702145797,1783021624702207706,,,,,,"CooperativeService{guidedPlanning, status=request, vehicleId=0x7665682d3530, requestedHorizonMs=2500, confidence=100, planning.waypoints=1, offloadTaskId=probe-650, offloadPayload=1024 bytes}"
5g-receiver,1783021624961199362,edge4av-real-20260702-multiclient-scalability-run-4,p5g-scale-mqtt-payload-1024-clients-100,scale,guided-planning,mqtt,,veh-50,rsu-1,p5g-scale-mqtt-payload-1024-clients-100-veh-50-651,ipi-session-1,multiclient-scalability-run-4,veh-50,651,100-clients,default,stationary,unsynced,true,true,clients,100,count,IPI-CooperativeService,1098,1783021689716012794,1783021624961155891,1783021624961199362,,,,,,"CooperativeService{guidedPlanning, status=request, vehicleId=0x7665682d3530, requestedHorizonMs=2500, confidence=100, planning.waypoints=1, offloadTaskId=probe-651, offloadPayload=1024 bytes}"
5g-receiver,1783021625203558192,edge4av-real-20260702-multiclient-scalability-run-4,p5g-scale-mqtt-payload-1024-clients-100,scale,guided-planning,mqtt,,veh-50,rsu-1,p5g-scale-mqtt-payload-1024-clients-100-veh-50-652,ipi-session-1,multiclient-scalability-run-4,veh-50,652,100-clients,default,stationary,unsynced,true,true,clients,100,count,IPI-CooperativeService,1098,1783021689977941870,1783021625203514900,1783021625203558192,,,,,,"CooperativeService{guidedPlanning, status=request, vehicleId=0x7665682d3530, requestedHorizonMs=2500, confidence=100, planning.waypoints=1, offloadTaskId=probe-652, offloadPayload=1024 bytes}"
5g-receiver,1783021625444519968,edge4av-real-20260702-multiclient-scalability-run-4,p5g-scale-mqtt-payload-1024-clients-100,scale,guided-planning,mqtt,,veh-50,rsu-1,p5g-scale-mqtt-payload-1024-clients-100-veh-50-653,ipi-session-1,multiclient-scalability-run-4,veh-50,653,100-clients,default,stationary,unsynced,true,true,clients,100,count,IPI-CooperativeService,1098,1783021690216053421,1783021625444459052,1783021625444519968,,,,,,"CooperativeService{guidedPlanning, status=request, vehicleId=0x7665682d3530, requestedHorizonMs=2500, confidence=100, planning.waypoints=1, offloadTaskId=probe-653, offloadPayload=1024 bytes}"
5g-receiver,1783021625681413778,edge4av-real-20260702-multiclient-scalability-run-4,p5g-scale-mqtt-payload-1024-clients-100,scale,guided-planning,mqtt,,veh-50,rsu-1,p5g-scale-mqtt-payload-1024-clients-100-veh-50-654,ipi-session-1,multiclient-scalability-run-4,veh-50,654,100-clients,default,stationary,unsynced,true,true,clients,100,count,IPI-CooperativeService,1098,1783021690456037311,1783021625681371623,1783021625681413778,,,,,,"CooperativeService{guidedPlanning, status=request, vehicleId=0x7665682d3530, requestedHorizonMs=2500, confidence=100, planning.waypoints=1, offloadTaskId=probe-654, offloadPayload=1024 bytes}"
5g-receiver,1783021625944115248,edge4av-real-20260702-multiclient-scalability-run-4,p5g-scale-mqtt-payload-1024-clients-100,scale,guided-planning,mqtt,,veh-50,rsu-1,p5g-scale-mqtt-payload-1024-clients-100-veh-50-655,ipi-session-1,multiclient-scalability-run-4,veh-50,655,100-clients,default,stationary,unsynced,true,true,clients,100,count,IPI-CooperativeService,1098,1783021690697923449,1783021625944061235,1783021625944115248,,,,,,"CooperativeService{guidedPlanning, status=request, vehicleId=0x7665682d3530, requestedHorizonMs=2500, confidence=100, planning.waypoints=1, offloadTaskId=probe-655, offloadPayload=1024 bytes}"
5g-receiver,1783021626184800908,edge4av-real-20260702-multiclient-scalability-run-4,p5g-scale-mqtt-payload-1024-clients-100,scale,guided-planning,mqtt,,veh-50,rsu-1,p5g-scale-mqtt-payload-1024-clients-100-veh-50-656,ipi-session-1,multiclient-scalability-run-4,veh-50,656,100-clients,default,stationary,unsynced,true,true,clients,100,count,IPI-CooperativeService,1098,1783021690956023057,1783021626184757546,1783021626184800908,,,,,,"CooperativeService{guidedPlanning, status=request, vehicleId=0x7665682d3530, requestedHorizonMs=2500, confidence=100, planning.waypoints=1, offloadTaskId=probe-656, offloadPayload=1024 bytes}"
5g-receiver,1783021626414162003,edge4av-real-20260702-multiclient-scalability-run-4,p5g-scale-mqtt-payload-1024-clients-100,scale,guided-planning,mqtt,,veh-50,rsu-1,p5g-scale-mqtt-payload-1024-clients-100-veh-50-657,ipi-session-1,multiclient-scalability-run-4,veh-50,657,100-clients,default,stationary,unsynced,true,true,clients,100,count,IPI-CooperativeService,1098,1783021691194012022,1783021626414109316,1783021626414162003,,,,,,"CooperativeService{guidedPlanning, status=request, vehicleId=0x7665682d3530, requestedHorizonMs=2500, confidence=100, planning.waypoints=1, offloadTaskId=probe-657, offloadPayload=1024 bytes}"
5g-receiver,1783021626655093610,edge4av-real-20260702-multiclient-scalability-run-4,p5g-scale-mqtt-payload-1024-clients-100,scale,guided-planning,mqtt,,veh-50,rsu-1,p5g-scale-mqtt-payload-1024-clients-100-veh-50-658,ipi-session-1,multiclient-scalability-run-4,veh-50,658,100-clients,default,stationary,unsynced,true,true,clients,100,count,IPI-CooperativeService,1098,1783021691428002336,1783021626655036972,1783021626655093610,,,,,,"CooperativeService{guidedPlanning, status=request, vehicleId=0x7665682d3530, requestedHorizonMs=2500, confidence=100, planning.waypoints=1, offloadTaskId=probe-658, offloadPayload=1024 bytes}"
5g-receiver,1783021626893737906,edge4av-real-20260702-multiclient-scalability-run-4,p5g-scale-mqtt-payload-1024-clients-100,scale,guided-planning,mqtt,,veh-50,rsu-1,p5g-scale-mqtt-payload-1024-clients-100-veh-50-659,ipi-session-1,multiclient-scalability-run-4,veh-50,659,100-clients,default,stationary,unsynced,true,true,clients,100,count,IPI-CooperativeService,1098,1783021691668004702,1783021626893683580,1783021626893737906,,,,,,"CooperativeService{guidedPlanning, status=request, vehicleId=0x7665682d3530, requestedHorizonMs=2500, confidence=100, planning.waypoints=1, offloadTaskId=probe-659, offloadPayload=1024 bytes}"
5g-receiver,1783021627125419875,edge4av-real-20260702-multiclient-scalability-run-4,p5g-scale-mqtt-payload-1024-clients-100,scale,guided-planning,mqtt,,veh-50,rsu-1,p5g-scale-mqtt-payload-1024-clients-100-veh-50-660,ipi-session-1,multiclient-scalability-run-4,veh-50,660,100-clients,default,stationary,unsynced,true,true,clients,100,count,IPI-CooperativeService,1098,1783021691907999148,1783021627125352448,1783021627125419875,,,,,,"CooperativeService{guidedPlanning, status=request, vehicleId=0x7665682d3530, requestedHorizonMs=2500, confidence=100, planning.waypoints=1, offloadTaskId=probe-660, offloadPayload=1024 bytes}"
5g-receiver,1783021627356376198,edge4av-real-20260702-multiclient-scalability-run-4,p5g-scale-mqtt-payload-1024-clients-100,scale,guided-planning,mqtt,,veh-50,rsu-1,p5g-scale-mqtt-payload-1024-clients-100-veh-50-661,ipi-session-1,multiclient-scalability-run-4,veh-50,661,100-clients,default,stationary,unsynced,true,true,clients,100,count,IPI-CooperativeService,1098,1783021692136095123,1783021627356332644,1783021627356376198,,,,,,"CooperativeService{guidedPlanning, status=request, vehicleId=0x7665682d3530, requestedHorizonMs=2500, confidence=100, planning.waypoints=1, offloadTaskId=probe-661, offloadPayload=1024 bytes}"
5g-receiver,1783021627595562513,edge4av-real-20260702-multiclient-scalability-run-4,p5g-scale-mqtt-payload-1024-clients-100,scale,guided-planning,mqtt,,veh-50,rsu-1,p5g-scale-mqtt-payload-1024-clients-100-veh-50-662,ipi-session-1,multiclient-scalability-run-4,veh-50,662,100-clients,default,stationary,unsynced,true,true,clients,100,count,IPI-CooperativeService,1098,1783021692370077554,1783021627595502125,1783021627595562513,,,,,,"CooperativeService{guidedPlanning, status=request, vehicleId=0x7665682d3530, requestedHorizonMs=2500, confidence=100, planning.waypoints=1, offloadTaskId=probe-662, offloadPayload=1024 bytes}"
5g-receiver,1783021627835171495,edge4av-real-20260702-multiclient-scalability-run-4,p5g-scale-mqtt-payload-1024-clients-100,scale,guided-planning,mqtt,,veh-50,rsu-1,p5g-scale-mqtt-payload-1024-clients-100-veh-50-663,ipi-session-1,multiclient-scalability-run-4,veh-50,663,100-clients,default,stationary,unsynced,true,true,clients,100,count,IPI-CooperativeService,1098,1783021692612035975,1783021627835128014,1783021627835171495,,,,,,"CooperativeService{guidedPlanning, status=request, vehicleId=0x7665682d3530, requestedHorizonMs=2500, confidence=100, planning.waypoints=1, offloadTaskId=probe-663, offloadPayload=1024 bytes}"
5g-receiver,1783021628065652517,edge4av-real-20260702-multiclient-scalability-run-4,p5g-scale-mqtt-payload-1024-clients-100,scale,guided-planning,mqtt,,veh-50,rsu-1,p5g-scale-mqtt-payload-1024-clients-100-veh-50-664,ipi-session-1,multiclient-scalability-run-4,veh-50,664,100-clients,default,stationary,unsynced,true,true,clients,100,count,IPI-CooperativeService,1098,1783021692847995109,1783021628065589772,1783021628065652517,,,,,,"CooperativeService{guidedPlanning, status=request, vehicleId=0x7665682d3530, requestedHorizonMs=2500, confidence=100, planning.waypoints=1, offloadTaskId=probe-664, offloadPayload=1024 bytes}"
5g-receiver,1783021628318690363,edge4av-real-20260702-multiclient-scalability-run-4,p5g-scale-mqtt-payload-1024-clients-100,scale,guided-planning,mqtt,,veh-50,rsu-1,p5g-scale-mqtt-payload-1024-clients-100-veh-50-665,ipi-session-1,multiclient-scalability-run-4,veh-50,665,100-clients,default,stationary,unsynced,true,true,clients,100,count,IPI-CooperativeService,1098,1783021693080145628,1783021628318647171,1783021628318690363,,,,,,"CooperativeService{guidedPlanning, status=request, vehicleId=0x7665682d3530, requestedHorizonMs=2500, confidence=100, planning.waypoints=1, offloadTaskId=probe-665, offloadPayload=1024 bytes}"
5g-receiver,1783021628567120403,edge4av-real-20260702-multiclient-scalability-run-4,p5g-scale-mqtt-payload-1024-clients-100,scale,guided-planning,mqtt,,veh-50,rsu-1,p5g-scale-mqtt-payload-1024-clients-100-veh-50-666,ipi-session-1,multiclient-scalability-run-4,veh-50,666,100-clients,default,stationary,unsynced,true,true,clients,100,count,IPI-CooperativeService,1098,1783021693332023166,1783021628567076926,1783021628567120403,,,,,,"CooperativeService{guidedPlanning, status=request, vehicleId=0x7665682d3530, requestedHorizonMs=2500, confidence=100, planning.waypoints=1, offloadTaskId=probe-666, offloadPayload=1024 bytes}"
5g-receiver,1783021628808586643,edge4av-real-20260702-multiclient-scalability-run-4,p5g-scale-mqtt-payload-1024-clients-100,scale,guided-planning,mqtt,,veh-50,rsu-1,p5g-scale-mqtt-payload-1024-clients-100-veh-50-667,ipi-session-1,multiclient-scalability-run-4,veh-50,667,100-clients,default,stationary,unsynced,true,true,clients,100,count,IPI-CooperativeService,1098,1783021693580000315,1783021628808530098,1783021628808586643,,,,,,"CooperativeService{guidedPlanning, status=request, vehicleId=0x7665682d3530, requestedHorizonMs=2500, confidence=100, planning.waypoints=1, offloadTaskId=probe-667, offloadPayload=1024 bytes}"
5g-receiver,1783021629046751466,edge4av-real-20260702-multiclient-scalability-run-4,p5g-scale-mqtt-payload-1024-clients-100,scale,guided-planning,mqtt,,veh-50,rsu-1,p5g-scale-mqtt-payload-1024-clients-100-veh-50-668,ipi-session-1,multiclient-scalability-run-4,veh-50,668,100-clients,default,stationary,unsynced,true,true,clients,100,count,IPI-CooperativeService,1098,1783021693822089115,1783021629046708204,1783021629046751466,,,,,,"CooperativeService{guidedPlanning, status=request, vehicleId=0x7665682d3530, requestedHorizonMs=2500, confidence=100, planning.waypoints=1, offloadTaskId=probe-668, offloadPayload=1024 bytes}"
5g-receiver,1783021629288770348,edge4av-real-20260702-multiclient-scalability-run-4,p5g-scale-mqtt-payload-1024-clients-100,scale,guided-planning,mqtt,,veh-50,rsu-1,p5g-scale-mqtt-payload-1024-clients-100-veh-50-669,ipi-session-1,multiclient-scalability-run-4,veh-50,669,100-clients,default,stationary,unsynced,true,true,clients,100,count,IPI-CooperativeService,1098,1783021694061928407,1783021629288726872,1783021629288770348,,,,,,"CooperativeService{guidedPlanning, status=request, vehicleId=0x7665682d3530, requestedHorizonMs=2500, confidence=100, planning.waypoints=1, offloadTaskId=probe-669, offloadPayload=1024 bytes}"
5g-receiver,1783021629520397475,edge4av-real-20260702-multiclient-scalability-run-4,p5g-scale-mqtt-payload-1024-clients-100,scale,guided-planning,mqtt,,veh-50,rsu-1,p5g-scale-mqtt-payload-1024-clients-100-veh-50-670,ipi-session-1,multiclient-scalability-run-4,veh-50,670,100-clients,default,stationary,unsynced,true,true,clients,100,count,IPI-CooperativeService,1098,1783021694300025955,1783021629520354533,1783021629520397475,,,,,,"CooperativeService{guidedPlanning, status=request, vehicleId=0x7665682d3530, requestedHorizonMs=2500, confidence=100, planning.waypoints=1, offloadTaskId=probe-670, offloadPayload=1024 bytes}"
5g-receiver,1783021629749392345,edge4av-real-20260702-multiclient-scalability-run-4,p5g-scale-mqtt-payload-1024-clients-100,scale,guided-planning,mqtt,,veh-50,rsu-1,p5g-scale-mqtt-payload-1024-clients-100-veh-50-671,ipi-session-1,multiclient-scalability-run-4,veh-50,671,100-clients,default,stationary,unsynced,true,true,clients,100,count,IPI-CooperativeService,1098,1783021694533992305,1783021629749348594,1783021629749392345,,,,,,"CooperativeService{guidedPlanning, status=request, vehicleId=0x7665682d3530, requestedHorizonMs=2500, confidence=100, planning.waypoints=1, offloadTaskId=probe-671, offloadPayload=1024 bytes}"
5g-receiver,1783021629991895958,edge4av-real-20260702-multiclient-scalability-run-4,p5g-scale-mqtt-payload-1024-clients-100,scale,guided-planning,mqtt,,veh-50,rsu-1,p5g-scale-mqtt-payload-1024-clients-100-veh-50-672,ipi-session-1,multiclient-scalability-run-4,veh-50,672,100-clients,default,stationary,unsynced,true,true,clients,100,count,IPI-CooperativeService,1098,1783021694765916623,1783021629991852594,1783021629991895958,,,,,,"CooperativeService{guidedPlanning, status=request, vehicleId=0x7665682d3530, requestedHorizonMs=2500, confidence=100, planning.waypoints=1, offloadTaskId=probe-672, offloadPayload=1024 bytes}"
5g-receiver,1783021630231736155,edge4av-real-20260702-multiclient-scalability-run-4,p5g-scale-mqtt-payload-1024-clients-100,scale,guided-planning,mqtt,,veh-50,rsu-1,p5g-scale-mqtt-payload-1024-clients-100-veh-50-673,ipi-session-1,multiclient-scalability-run-4,veh-50,673,100-clients,default,stationary,unsynced,true,true,clients,100,count,IPI-CooperativeService,1098,1783021695005903530,1783021630231669955,1783021630231736155,,,,,,"CooperativeService{guidedPlanning, status=request, vehicleId=0x7665682d3530, requestedHorizonMs=2500, confidence=100, planning.waypoints=1, offloadTaskId=probe-673, offloadPayload=1024 bytes}"
5g-receiver,1783021630480762342,edge4av-real-20260702-multiclient-scalability-run-4,p5g-scale-mqtt-payload-1024-clients-100,scale,guided-planning,mqtt,,veh-50,rsu-1,p5g-scale-mqtt-payload-1024-clients-100-veh-50-674,ipi-session-1,multiclient-scalability-run-4,veh-50,674,100-clients,default,stationary,unsynced,true,true,clients,100,count,IPI-CooperativeService,1098,1783021695242055445,1783021630480715382,1783021630480762342,,,,,,"CooperativeService{guidedPlanning, status=request, vehicleId=0x7665682d3530, requestedHorizonMs=2500, confidence=100, planning.waypoints=1, offloadTaskId=probe-674, offloadPayload=1024 bytes}"
5g-receiver,1783021630710067062,edge4av-real-20260702-multiclient-scalability-run-4,p5g-scale-mqtt-payload-1024-clients-100,scale,guided-planning,mqtt,,veh-50,rsu-1,p5g-scale-mqtt-payload-1024-clients-100-veh-50-675,ipi-session-1,multiclient-scalability-run-4,veh-50,675,100-clients,default,stationary,unsynced,true,true,clients,100,count,IPI-CooperativeService,1098,1783021695490169751,1783021630710024012,1783021630710067062,,,,,,"CooperativeService{guidedPlanning, status=request, vehicleId=0x7665682d3530, requestedHorizonMs=2500, confidence=100, planning.waypoints=1, offloadTaskId=probe-675, offloadPayload=1024 bytes}"
5g-receiver,1783021630942619714,edge4av-real-20260702-multiclient-scalability-run-4,p5g-scale-mqtt-payload-1024-clients-100,scale,guided-planning,mqtt,,veh-50,rsu-1,p5g-scale-mqtt-payload-1024-clients-100-veh-50-676,ipi-session-1,multiclient-scalability-run-4,veh-50,676,100-clients,default,stationary,unsynced,true,true,clients,100,count,IPI-CooperativeService,1098,1783021695725989212,1783021630942563511,1783021630942619714,,,,,,"CooperativeService{guidedPlanning, status=request, vehicleId=0x7665682d3530, requestedHorizonMs=2500, confidence=100, planning.waypoints=1, offloadTaskId=probe-676, offloadPayload=1024 bytes}"
5g-receiver,1783021631261121813,edge4av-real-20260702-multiclient-scalability-run-4,p5g-scale-mqtt-payload-1024-clients-100,scale,guided-planning,mqtt,,veh-50,rsu-1,p5g-scale-mqtt-payload-1024-clients-100-veh-50-677,ipi-session-1,multiclient-scalability-run-4,veh-50,677,100-clients,default,stationary,unsynced,true,true,clients,100,count,IPI-CooperativeService,1098,1783021696037282597,1783021631261069735,1783021631261121813,,,,,,"CooperativeService{guidedPlanning, status=request, vehicleId=0x7665682d3530, requestedHorizonMs=2500, confidence=100, planning.waypoints=1, offloadTaskId=probe-677, offloadPayload=1024 bytes}"
5g-receiver,1783021631491724049,edge4av-real-20260702-multiclient-scalability-run-4,p5g-scale-mqtt-payload-1024-clients-100,scale,guided-planning,mqtt,,veh-50,rsu-1,p5g-scale-mqtt-payload-1024-clients-100-veh-50-678,ipi-session-1,multiclient-scalability-run-4,veh-50,678,100-clients,default,stationary,unsynced,true,true,clients,100,count,IPI-CooperativeService,1098,1783021696276022535,1783021631491678330,1783021631491724049,,,,,,"CooperativeService{guidedPlanning, status=request, vehicleId=0x7665682d3530, requestedHorizonMs=2500, confidence=100, planning.waypoints=1, offloadTaskId=probe-678, offloadPayload=1024 bytes}"
5g-receiver,1783021631774137761,edge4av-real-20260702-multiclient-scalability-run-4,p5g-scale-mqtt-payload-1024-clients-100,scale,guided-planning,mqtt,,veh-50,rsu-1,p5g-scale-mqtt-payload-1024-clients-100-veh-50-679,ipi-session-1,multiclient-scalability-run-4,veh-50,679,100-clients,default,stationary,unsynced,true,true,clients,100,count,IPI-CooperativeService,1098,1783021696548152111,1783021631774087413,1783021631774137761,,,,,,"CooperativeService{guidedPlanning, status=request, vehicleId=0x7665682d3530, requestedHorizonMs=2500, confidence=100, planning.waypoints=1, offloadTaskId=probe-679, offloadPayload=1024 bytes}"
5g-receiver,1783021632011739203,edge4av-real-20260702-multiclient-scalability-run-4,p5g-scale-mqtt-payload-1024-clients-100,scale,guided-planning,mqtt,,veh-50,rsu-1,p5g-scale-mqtt-payload-1024-clients-100-veh-50-680,ipi-session-1,multiclient-scalability-run-4,veh-50,680,100-clients,default,stationary,unsynced,true,true,clients,100,count,IPI-CooperativeService,1098,1783021696784093186,1783021632011695777,1783021632011739203,,,,,,"CooperativeService{guidedPlanning, status=request, vehicleId=0x7665682d3530, requestedHorizonMs=2500, confidence=100, planning.waypoints=1, offloadTaskId=probe-680, offloadPayload=1024 bytes}"
5g-receiver,1783021632252430898,edge4av-real-20260702-multiclient-scalability-run-4,p5g-scale-mqtt-payload-1024-clients-100,scale,guided-planning,mqtt,,veh-50,rsu-1,p5g-scale-mqtt-payload-1024-clients-100-veh-50-681,ipi-session-1,multiclient-scalability-run-4,veh-50,681,100-clients,default,stationary,unsynced,true,true,clients,100,count,IPI-CooperativeService,1098,1783021697028101529,1783021632252387447,1783021632252430898,,,,,,"CooperativeService{guidedPlanning, status=request, vehicleId=0x7665682d3530, requestedHorizonMs=2500, confidence=100, planning.waypoints=1, offloadTaskId=probe-681, offloadPayload=1024 bytes}"
5g-receiver,1783021632493537525,edge4av-real-20260702-multiclient-scalability-run-4,p5g-scale-mqtt-payload-1024-clients-100,scale,guided-planning,mqtt,,veh-50,rsu-1,p5g-scale-mqtt-payload-1024-clients-100-veh-50-682,ipi-session-1,multiclient-scalability-run-4,veh-50,682,100-clients,default,stationary,unsynced,true,true,clients,100,count,IPI-CooperativeService,1098,1783021697269969310,1783021632493486448,1783021632493537525,,,,,,"CooperativeService{guidedPlanning, status=request, vehicleId=0x7665682d3530, requestedHorizonMs=2500, confidence=100, planning.waypoints=1, offloadTaskId=probe-682, offloadPayload=1024 bytes}"
5g-receiver,1783021632738005561,edge4av-real-20260702-multiclient-scalability-run-4,p5g-scale-mqtt-payload-1024-clients-100,scale,guided-planning,mqtt,,veh-50,rsu-1,p5g-scale-mqtt-payload-1024-clients-100-veh-50-683,ipi-session-1,multiclient-scalability-run-4,veh-50,683,100-clients,default,stationary,unsynced,true,true,clients,100,count,IPI-CooperativeService,1098,1783021697509980949,1783021632737961904,1783021632738005561,,,,,,"CooperativeService{guidedPlanning, status=request, vehicleId=0x7665682d3530, requestedHorizonMs=2500, confidence=100, planning.waypoints=1, offloadTaskId=probe-683, offloadPayload=1024 bytes}"
5g-receiver,1783021632996750592,edge4av-real-20260702-multiclient-scalability-run-4,p5g-scale-mqtt-payload-1024-clients-100,scale,guided-planning,mqtt,,veh-50,rsu-1,p5g-scale-mqtt-payload-1024-clients-100-veh-50-684,ipi-session-1,multiclient-scalability-run-4,veh-50,684,100-clients,default,stationary,unsynced,true,true,clients,100,count,IPI-CooperativeService,1098,1783021697749918251,1783021632996703744,1783021632996750592,,,,,,"CooperativeService{guidedPlanning, status=request, vehicleId=0x7665682d3530, requestedHorizonMs=2500, confidence=100, planning.waypoints=1, offloadTaskId=probe-684, offloadPayload=1024 bytes}"
5g-receiver,1783021633235374332,edge4av-real-20260702-multiclient-scalability-run-4,p5g-scale-mqtt-payload-1024-clients-100,scale,guided-planning,mqtt,,veh-50,rsu-1,p5g-scale-mqtt-payload-1024-clients-100-veh-50-685,ipi-session-1,multiclient-scalability-run-4,veh-50,685,100-clients,default,stationary,unsynced,true,true,clients,100,count,IPI-CooperativeService,1098,1783021698008166055,1783021633235331802,1783021633235374332,,,,,,"CooperativeService{guidedPlanning, status=request, vehicleId=0x7665682d3530, requestedHorizonMs=2500, confidence=100, planning.waypoints=1, offloadTaskId=probe-685, offloadPayload=1024 bytes}"
5g-receiver,1783021633474393630,edge4av-real-20260702-multiclient-scalability-run-4,p5g-scale-mqtt-payload-1024-clients-100,scale,guided-planning,mqtt,,veh-50,rsu-1,p5g-scale-mqtt-payload-1024-clients-100-veh-50-686,ipi-session-1,multiclient-scalability-run-4,veh-50,686,100-clients,default,stationary,unsynced,true,true,clients,100,count,IPI-CooperativeService,1098,1783021698248149673,1783021633474350237,1783021633474393630,,,,,,"CooperativeService{guidedPlanning, status=request, vehicleId=0x7665682d3530, requestedHorizonMs=2500, confidence=100, planning.waypoints=1, offloadTaskId=probe-686, offloadPayload=1024 bytes}"
5g-receiver,1783021633714917676,edge4av-real-20260702-multiclient-scalability-run-4,p5g-scale-mqtt-payload-1024-clients-100,scale,guided-planning,mqtt,,veh-50,rsu-1,p5g-scale-mqtt-payload-1024-clients-100-veh-50-687,ipi-session-1,multiclient-scalability-run-4,veh-50,687,100-clients,default,stationary,unsynced,true,true,clients,100,count,IPI-CooperativeService,1098,1783021698490077738,1783021633714849811,1783021633714917676,,,,,,"CooperativeService{guidedPlanning, status=request, vehicleId=0x7665682d3530, requestedHorizonMs=2500, confidence=100, planning.waypoints=1, offloadTaskId=probe-687, offloadPayload=1024 bytes}"
5g-receiver,1783021633966576768,edge4av-real-20260702-multiclient-scalability-run-4,p5g-scale-mqtt-payload-1024-clients-100,scale,guided-planning,mqtt,,veh-50,rsu-1,p5g-scale-mqtt-payload-1024-clients-100-veh-50-688,ipi-session-1,multiclient-scalability-run-4,veh-50,688,100-clients,default,stationary,unsynced,true,true,clients,100,count,IPI-CooperativeService,1098,1783021698726248997,1783021633966533329,1783021633966576768,,,,,,"CooperativeService{guidedPlanning, status=request, vehicleId=0x7665682d3530, requestedHorizonMs=2500, confidence=100, planning.waypoints=1, offloadTaskId=probe-688, offloadPayload=1024 bytes}"
5g-receiver,1783021634206702383,edge4av-real-20260702-multiclient-scalability-run-4,p5g-scale-mqtt-payload-1024-clients-100,scale,guided-planning,mqtt,,veh-50,rsu-1,p5g-scale-mqtt-payload-1024-clients-100-veh-50-689,ipi-session-1,multiclient-scalability-run-4,veh-50,689,100-clients,default,stationary,unsynced,true,true,clients,100,count,IPI-CooperativeService,1098,1783021698979886645,1783021634206622753,1783021634206702383,,,,,,"CooperativeService{guidedPlanning, status=request, vehicleId=0x7665682d3530, requestedHorizonMs=2500, confidence=100, planning.waypoints=1, offloadTaskId=probe-689, offloadPayload=1024 bytes}"
5g-receiver,1783021634446268440,edge4av-real-20260702-multiclient-scalability-run-4,p5g-scale-mqtt-payload-1024-clients-100,scale,guided-planning,mqtt,,veh-50,rsu-1,p5g-scale-mqtt-payload-1024-clients-100-veh-50-690,ipi-session-1,multiclient-scalability-run-4,veh-50,690,100-clients,default,stationary,unsynced,true,true,clients,100,count,IPI-CooperativeService,1098,1783021699219932625,1783021634446217146,1783021634446268440,,,,,,"CooperativeService{guidedPlanning, status=request, vehicleId=0x7665682d3530, requestedHorizonMs=2500, confidence=100, planning.waypoints=1, offloadTaskId=probe-690, offloadPayload=1024 bytes}"
5g-receiver,1783021634688483628,edge4av-real-20260702-multiclient-scalability-run-4,p5g-scale-mqtt-payload-1024-clients-100,scale,guided-planning,mqtt,,veh-50,rsu-1,p5g-scale-mqtt-payload-1024-clients-100-veh-50-691,ipi-session-1,multiclient-scalability-run-4,veh-50,691,100-clients,default,stationary,unsynced,true,true,clients,100,count,IPI-CooperativeService,1098,1783021699462232750,1783021634688428181,1783021634688483628,,,,,,"CooperativeService{guidedPlanning, status=request, vehicleId=0x7665682d3530, requestedHorizonMs=2500, confidence=100, planning.waypoints=1, offloadTaskId=probe-691, offloadPayload=1024 bytes}"
5g-receiver,1783021634918112410,edge4av-real-20260702-multiclient-scalability-run-4,p5g-scale-mqtt-payload-1024-clients-100,scale,guided-planning,mqtt,,veh-50,rsu-1,p5g-scale-mqtt-payload-1024-clients-100-veh-50-692,ipi-session-1,multiclient-scalability-run-4,veh-50,692,100-clients,default,stationary,unsynced,true,true,clients,100,count,IPI-CooperativeService,1098,1783021699703897187,1783021634918069522,1783021634918112410,,,,,,"CooperativeService{guidedPlanning, status=request, vehicleId=0x7665682d3530, requestedHorizonMs=2500, confidence=100, planning.waypoints=1, offloadTaskId=probe-692, offloadPayload=1024 bytes}"
5g-receiver,1783021635157102654,edge4av-real-20260702-multiclient-scalability-run-4,p5g-scale-mqtt-payload-1024-clients-100,scale,guided-planning,mqtt,,veh-50,rsu-1,p5g-scale-mqtt-payload-1024-clients-100-veh-50-693,ipi-session-1,multiclient-scalability-run-4,veh-50,693,100-clients,default,stationary,unsynced,true,true,clients,100,count,IPI-CooperativeService,1098,1783021699932103293,1783021635157042205,1783021635157102654,,,,,,"CooperativeService{guidedPlanning, status=request, vehicleId=0x7665682d3530, requestedHorizonMs=2500, confidence=100, planning.waypoints=1, offloadTaskId=probe-693, offloadPayload=1024 bytes}"
5g-receiver,1783021635397654098,edge4av-real-20260702-multiclient-scalability-run-4,p5g-scale-mqtt-payload-1024-clients-100,scale,guided-planning,mqtt,,veh-50,rsu-1,p5g-scale-mqtt-payload-1024-clients-100-veh-50-694,ipi-session-1,multiclient-scalability-run-4,veh-50,694,100-clients,default,stationary,unsynced,true,true,clients,100,count,IPI-CooperativeService,1098,1783021700176103164,1783021635397597059,1783021635397654098,,,,,,"CooperativeService{guidedPlanning, status=request, vehicleId=0x7665682d3530, requestedHorizonMs=2500, confidence=100, planning.waypoints=1, offloadTaskId=probe-694, offloadPayload=1024 bytes}"
5g-receiver,1783021635640408413,edge4av-real-20260702-multiclient-scalability-run-4,p5g-scale-mqtt-payload-1024-clients-100,scale,guided-planning,mqtt,,veh-50,rsu-1,p5g-scale-mqtt-payload-1024-clients-100-veh-50-695,ipi-session-1,multiclient-scalability-run-4,veh-50,695,100-clients,default,stationary,unsynced,true,true,clients,100,count,IPI-CooperativeService,1098,1783021700410128643,1783021635640351633,1783021635640408413,,,,,,"CooperativeService{guidedPlanning, status=request, vehicleId=0x7665682d3530, requestedHorizonMs=2500, confidence=100, planning.waypoints=1, offloadTaskId=probe-695, offloadPayload=1024 bytes}"
5g-receiver,1783021635879857503,edge4av-real-20260702-multiclient-scalability-run-4,p5g-scale-mqtt-payload-1024-clients-100,scale,guided-planning,mqtt,,veh-50,rsu-1,p5g-scale-mqtt-payload-1024-clients-100-veh-50-696,ipi-session-1,multiclient-scalability-run-4,veh-50,696,100-clients,default,stationary,unsynced,true,true,clients,100,count,IPI-CooperativeService,1098,1783021700650142641,1783021635879814392,1783021635879857503,,,,,,"CooperativeService{guidedPlanning, status=request, vehicleId=0x7665682d3530, requestedHorizonMs=2500, confidence=100, planning.waypoints=1, offloadTaskId=probe-696, offloadPayload=1024 bytes}"
5g-receiver,1783021636119386994,edge4av-real-20260702-multiclient-scalability-run-4,p5g-scale-mqtt-payload-1024-clients-100,scale,guided-planning,mqtt,,veh-50,rsu-1,p5g-scale-mqtt-payload-1024-clients-100-veh-50-697,ipi-session-1,multiclient-scalability-run-4,veh-50,697,100-clients,default,stationary,unsynced,true,true,clients,100,count,IPI-CooperativeService,1098,1783021700892192005,1783021636119330313,1783021636119386994,,,,,,"CooperativeService{guidedPlanning, status=request, vehicleId=0x7665682d3530, requestedHorizonMs=2500, confidence=100, planning.waypoints=1, offloadTaskId=probe-697, offloadPayload=1024 bytes}"
5g-receiver,1783021636359016200,edge4av-real-20260702-multiclient-scalability-run-4,p5g-scale-mqtt-payload-1024-clients-100,scale,guided-planning,mqtt,,veh-50,rsu-1,p5g-scale-mqtt-payload-1024-clients-100-veh-50-698,ipi-session-1,multiclient-scalability-run-4,veh-50,698,100-clients,default,stationary,unsynced,true,true,clients,100,count,IPI-CooperativeService,1098,1783021701134057354,1783021636358972435,1783021636359016200,,,,,,"CooperativeService{guidedPlanning, status=request, vehicleId=0x7665682d3530, requestedHorizonMs=2500, confidence=100, planning.waypoints=1, offloadTaskId=probe-698, offloadPayload=1024 bytes}"
5g-receiver,1783021636610094797,edge4av-real-20260702-multiclient-scalability-run-4,p5g-scale-mqtt-payload-1024-clients-100,scale,guided-planning,mqtt,,veh-50,rsu-1,p5g-scale-mqtt-payload-1024-clients-100-veh-50-699,ipi-session-1,multiclient-scalability-run-4,veh-50,699,100-clients,default,stationary,unsynced,true,true,clients,100,count,IPI-CooperativeService,1098,1783021701374105858,1783021636610051578,1783021636610094797,,,,,,"CooperativeService{guidedPlanning, status=request, vehicleId=0x7665682d3530, requestedHorizonMs=2500, confidence=100, planning.waypoints=1, offloadTaskId=probe-699, offloadPayload=1024 bytes}"
5g-receiver,1783021636850660789,edge4av-real-20260702-multiclient-scalability-run-4,p5g-scale-mqtt-payload-1024-clients-100,scale,guided-planning,mqtt,,veh-50,rsu-1,p5g-scale-mqtt-payload-1024-clients-100-veh-50-700,ipi-session-1,multiclient-scalability-run-4,veh-50,700,100-clients,default,stationary,unsynced,true,true,clients,100,count,IPI-CooperativeService,1098,1783021701624178483,1783021636850617801,1783021636850660789,,,,,,"CooperativeService{guidedPlanning, status=request, vehicleId=0x7665682d3530, requestedHorizonMs=2500, confidence=100, planning.waypoints=1, offloadTaskId=probe-700, offloadPayload=1024 bytes}"
5g-receiver,1783021637093339485,edge4av-real-20260702-multiclient-scalability-run-4,p5g-scale-mqtt-payload-1024-clients-100,scale,guided-planning,mqtt,,veh-50,rsu-1,p5g-scale-mqtt-payload-1024-clients-100-veh-50-701,ipi-session-1,multiclient-scalability-run-4,veh-50,701,100-clients,default,stationary,unsynced,true,true,clients,100,count,IPI-CooperativeService,1098,1783021701874064026,1783021637093284409,1783021637093339485,,,,,,"CooperativeService{guidedPlanning, status=request, vehicleId=0x7665682d3530, requestedHorizonMs=2500, confidence=100, planning.waypoints=1, offloadTaskId=probe-701, offloadPayload=1024 bytes}"
5g-receiver,1783021637341940399,edge4av-real-20260702-multiclient-scalability-run-4,p5g-scale-mqtt-payload-1024-clients-100,scale,guided-planning,mqtt,,veh-50,rsu-1,p5g-scale-mqtt-payload-1024-clients-100-veh-50-702,ipi-session-1,multiclient-scalability-run-4,veh-50,702,100-clients,default,stationary,unsynced,true,true,clients,100,count,IPI-CooperativeService,1098,1783021702106167486,1783021637341883250,1783021637341940399,,,,,,"CooperativeService{guidedPlanning, status=request, vehicleId=0x7665682d3530, requestedHorizonMs=2500, confidence=100, planning.waypoints=1, offloadTaskId=probe-702, offloadPayload=1024 bytes}"
5g-receiver,1783021637591538687,edge4av-real-20260702-multiclient-scalability-run-4,p5g-scale-mqtt-payload-1024-clients-100,scale,guided-planning,mqtt,,veh-50,rsu-1,p5g-scale-mqtt-payload-1024-clients-100-veh-50-703,ipi-session-1,multiclient-scalability-run-4,veh-50,703,100-clients,default,stationary,unsynced,true,true,clients,100,count,IPI-CooperativeService,1098,1783021702358156540,1783021637591474602,1783021637591538687,,,,,,"CooperativeService{guidedPlanning, status=request, vehicleId=0x7665682d3530, requestedHorizonMs=2500, confidence=100, planning.waypoints=1, offloadTaskId=probe-703, offloadPayload=1024 bytes}"
5g-receiver,1783021637833845723,edge4av-real-20260702-multiclient-scalability-run-4,p5g-scale-mqtt-payload-1024-clients-100,scale,guided-planning,mqtt,,veh-50,rsu-1,p5g-scale-mqtt-payload-1024-clients-100-veh-50-704,ipi-session-1,multiclient-scalability-run-4,veh-50,704,100-clients,default,stationary,unsynced,true,true,clients,100,count,IPI-CooperativeService,1098,1783021702606181167,1783021637833789248,1783021637833845723,,,,,,"CooperativeService{guidedPlanning, status=request, vehicleId=0x7665682d3530, requestedHorizonMs=2500, confidence=100, planning.waypoints=1, offloadTaskId=probe-704, offloadPayload=1024 bytes}"
5g-receiver,1783021638075309513,edge4av-real-20260702-multiclient-scalability-run-4,p5g-scale-mqtt-payload-1024-clients-100,scale,guided-planning,mqtt,,veh-50,rsu-1,p5g-scale-mqtt-payload-1024-clients-100-veh-50-705,ipi-session-1,multiclient-scalability-run-4,veh-50,705,100-clients,default,stationary,unsynced,true,true,clients,100,count,IPI-CooperativeService,1098,1783021702846030211,1783021638075253439,1783021638075309513,,,,,,"CooperativeService{guidedPlanning, status=request, vehicleId=0x7665682d3530, requestedHorizonMs=2500, confidence=100, planning.waypoints=1, offloadTaskId=probe-705, offloadPayload=1024 bytes}"
5g-receiver,1783021638314534417,edge4av-real-20260702-multiclient-scalability-run-4,p5g-scale-mqtt-payload-1024-clients-100,scale,guided-planning,mqtt,,veh-50,rsu-1,p5g-scale-mqtt-payload-1024-clients-100-veh-50-706,ipi-session-1,multiclient-scalability-run-4,veh-50,706,100-clients,default,stationary,unsynced,true,true,clients,100,count,IPI-CooperativeService,1098,1783021703086202876,1783021638314490754,1783021638314534417,,,,,,"CooperativeService{guidedPlanning, status=request, vehicleId=0x7665682d3530, requestedHorizonMs=2500, confidence=100, planning.waypoints=1, offloadTaskId=probe-706, offloadPayload=1024 bytes}"
5g-receiver,1783021638552553555,edge4av-real-20260702-multiclient-scalability-run-4,p5g-scale-mqtt-payload-1024-clients-100,scale,guided-planning,mqtt,,veh-50,rsu-1,p5g-scale-mqtt-payload-1024-clients-100-veh-50-707,ipi-session-1,multiclient-scalability-run-4,veh-50,707,100-clients,default,stationary,unsynced,true,true,clients,100,count,IPI-CooperativeService,1098,1783021703336122428,1783021638552499255,1783021638552553555,,,,,,"CooperativeService{guidedPlanning, status=request, vehicleId=0x7665682d3530, requestedHorizonMs=2500, confidence=100, planning.waypoints=1, offloadTaskId=probe-707, offloadPayload=1024 bytes}"
5g-receiver,1783021638793613097,edge4av-real-20260702-multiclient-scalability-run-4,p5g-scale-mqtt-payload-1024-clients-100,scale,guided-planning,mqtt,,veh-50,rsu-1,p5g-scale-mqtt-payload-1024-clients-100-veh-50-708,ipi-session-1,multiclient-scalability-run-4,veh-50,708,100-clients,default,stationary,unsynced,true,true,clients,100,count,IPI-CooperativeService,1098,1783021703570016291,1783021638793569009,1783021638793613097,,,,,,"CooperativeService{guidedPlanning, status=request, vehicleId=0x7665682d3530, requestedHorizonMs=2500, confidence=100, planning.waypoints=1, offloadTaskId=probe-708, offloadPayload=1024 bytes}"
5g-receiver,1783021639056864444,edge4av-real-20260702-multiclient-scalability-run-4,p5g-scale-mqtt-payload-1024-clients-100,scale,guided-planning,mqtt,,veh-50,rsu-1,p5g-scale-mqtt-payload-1024-clients-100-veh-50-709,ipi-session-1,multiclient-scalability-run-4,veh-50,709,100-clients,default,stationary,unsynced,true,true,clients,100,count,IPI-CooperativeService,1098,1783021703808094534,1783021639056806844,1783021639056864444,,,,,,"CooperativeService{guidedPlanning, status=request, vehicleId=0x7665682d3530, requestedHorizonMs=2500, confidence=100, planning.waypoints=1, offloadTaskId=probe-709, offloadPayload=1024 bytes}"
5g-receiver,1783021639366208309,edge4av-real-20260702-multiclient-scalability-run-4,p5g-scale-mqtt-payload-1024-clients-100,scale,guided-planning,mqtt,,veh-50,rsu-1,p5g-scale-mqtt-payload-1024-clients-100-veh-50-710,ipi-session-1,multiclient-scalability-run-4,veh-50,710,100-clients,default,stationary,unsynced,true,true,clients,100,count,IPI-CooperativeService,1098,1783021704066209986,1783021639366151526,1783021639366208309,,,,,,"CooperativeService{guidedPlanning, status=request, vehicleId=0x7665682d3530, requestedHorizonMs=2500, confidence=100, planning.waypoints=1, offloadTaskId=probe-710, offloadPayload=1024 bytes}"
5g-receiver,1783021639714806608,edge4av-real-20260702-multiclient-scalability-run-4,p5g-scale-mqtt-payload-1024-clients-100,scale,guided-planning,mqtt,,veh-50,rsu-1,p5g-scale-mqtt-payload-1024-clients-100-veh-50-711,ipi-session-1,multiclient-scalability-run-4,veh-50,711,100-clients,default,stationary,unsynced,true,true,clients,100,count,IPI-CooperativeService,1098,1783021704378208080,1783021639714763451,1783021639714806608,,,,,,"CooperativeService{guidedPlanning, status=request, vehicleId=0x7665682d3530, requestedHorizonMs=2500, confidence=100, planning.waypoints=1, offloadTaskId=probe-711, offloadPayload=1024 bytes}"
5g-receiver,1783021640086217156,edge4av-real-20260702-multiclient-scalability-run-4,p5g-scale-mqtt-payload-1024-clients-100,scale,guided-planning,mqtt,,veh-50,rsu-1,p5g-scale-mqtt-payload-1024-clients-100-veh-50-712,ipi-session-1,multiclient-scalability-run-4,veh-50,712,100-clients,default,stationary,unsynced,true,true,clients,100,count,IPI-CooperativeService,1098,1783021704730095778,1783021640086159789,1783021640086217156,,,,,,"CooperativeService{guidedPlanning, status=request, vehicleId=0x7665682d3530, requestedHorizonMs=2500, confidence=100, planning.waypoints=1, offloadTaskId=probe-712, offloadPayload=1024 bytes}"
5g-receiver,1783021640368734795,edge4av-real-20260702-multiclient-scalability-run-4,p5g-scale-mqtt-payload-1024-clients-100,scale,guided-planning,mqtt,,veh-50,rsu-1,p5g-scale-mqtt-payload-1024-clients-100-veh-50-713,ipi-session-1,multiclient-scalability-run-4,veh-50,713,100-clients,default,stationary,unsynced,true,true,clients,100,count,IPI-CooperativeService,1098,1783021705098205757,1783021640368650870,1783021640368734795,,,,,,"CooperativeService{guidedPlanning, status=request, vehicleId=0x7665682d3530, requestedHorizonMs=2500, confidence=100, planning.waypoints=1, offloadTaskId=probe-713, offloadPayload=1024 bytes}"
5g-receiver,1783021640658245401,edge4av-real-20260702-multiclient-scalability-run-4,p5g-scale-mqtt-payload-1024-clients-100,scale,guided-planning,mqtt,,veh-50,rsu-1,p5g-scale-mqtt-payload-1024-clients-100-veh-50-714,ipi-session-1,multiclient-scalability-run-4,veh-50,714,100-clients,default,stationary,unsynced,true,true,clients,100,count,IPI-CooperativeService,1098,1783021705404146396,1783021640658186825,1783021640658245401,,,,,,"CooperativeService{guidedPlanning, status=request, vehicleId=0x7665682d3530, requestedHorizonMs=2500, confidence=100, planning.waypoints=1, offloadTaskId=probe-714, offloadPayload=1024 bytes}"
5g-receiver,1783021640897971926,edge4av-real-20260702-multiclient-scalability-run-4,p5g-scale-mqtt-payload-1024-clients-100,scale,guided-planning,mqtt,,veh-50,rsu-1,p5g-scale-mqtt-payload-1024-clients-100-veh-50-715,ipi-session-1,multiclient-scalability-run-4,veh-50,715,100-clients,default,stationary,unsynced,true,true,clients,100,count,IPI-CooperativeService,1098,1783021705674286849,1783021640897929268,1783021640897971926,,,,,,"CooperativeService{guidedPlanning, status=request, vehicleId=0x7665682d3530, requestedHorizonMs=2500, confidence=100, planning.waypoints=1, offloadTaskId=probe-715, offloadPayload=1024 bytes}"
5g-receiver,1783021641146965138,edge4av-real-20260702-multiclient-scalability-run-4,p5g-scale-mqtt-payload-1024-clients-100,scale,guided-planning,mqtt,,veh-50,rsu-1,p5g-scale-mqtt-payload-1024-clients-100-veh-50-716,ipi-session-1,multiclient-scalability-run-4,veh-50,716,100-clients,default,stationary,unsynced,true,true,clients,100,count,IPI-CooperativeService,1098,1783021705910047956,1783021641146921839,1783021641146965138,,,,,,"CooperativeService{guidedPlanning, status=request, vehicleId=0x7665682d3530, requestedHorizonMs=2500, confidence=100, planning.waypoints=1, offloadTaskId=probe-716, offloadPayload=1024 bytes}"
5g-receiver,1783021641389720744,edge4av-real-20260702-multiclient-scalability-run-4,p5g-scale-mqtt-payload-1024-clients-100,scale,guided-planning,mqtt,,veh-50,rsu-1,p5g-scale-mqtt-payload-1024-clients-100-veh-50-717,ipi-session-1,multiclient-scalability-run-4,veh-50,717,100-clients,default,stationary,unsynced,true,true,clients,100,count,IPI-CooperativeService,1098,1783021706163979625,1783021641389636355,1783021641389720744,,,,,,"CooperativeService{guidedPlanning, status=request, vehicleId=0x7665682d3530, requestedHorizonMs=2500, confidence=100, planning.waypoints=1, offloadTaskId=probe-717, offloadPayload=1024 bytes}"
5g-receiver,1783021641638835021,edge4av-real-20260702-multiclient-scalability-run-4,p5g-scale-mqtt-payload-1024-clients-100,scale,guided-planning,mqtt,,veh-50,rsu-1,p5g-scale-mqtt-payload-1024-clients-100-veh-50-718,ipi-session-1,multiclient-scalability-run-4,veh-50,718,100-clients,default,stationary,unsynced,true,true,clients,100,count,IPI-CooperativeService,1098,1783021706406313938,1783021641638791778,1783021641638835021,,,,,,"CooperativeService{guidedPlanning, status=request, vehicleId=0x7665682d3530, requestedHorizonMs=2500, confidence=100, planning.waypoints=1, offloadTaskId=probe-718, offloadPayload=1024 bytes}"
5g-receiver,1783021641939055348,edge4av-real-20260702-multiclient-scalability-run-4,p5g-scale-mqtt-payload-1024-clients-100,scale,guided-planning,mqtt,,veh-50,rsu-1,p5g-scale-mqtt-payload-1024-clients-100-veh-50-719,ipi-session-1,multiclient-scalability-run-4,veh-50,719,100-clients,default,stationary,unsynced,true,true,clients,100,count,IPI-CooperativeService,1098,1783021706654079837,1783021641938982433,1783021641939055348,,,,,,"CooperativeService{guidedPlanning, status=request, vehicleId=0x7665682d3530, requestedHorizonMs=2500, confidence=100, planning.waypoints=1, offloadTaskId=probe-719, offloadPayload=1024 bytes}"
5g-receiver,1783021642179213072,edge4av-real-20260702-multiclient-scalability-run-4,p5g-scale-mqtt-payload-1024-clients-100,scale,guided-planning,mqtt,,veh-50,rsu-1,p5g-scale-mqtt-payload-1024-clients-100-veh-50-720,ipi-session-1,multiclient-scalability-run-4,veh-50,720,100-clients,default,stationary,unsynced,true,true,clients,100,count,IPI-CooperativeService,1098,1783021706954119058,1783021642179170152,1783021642179213072,,,,,,"CooperativeService{guidedPlanning, status=request, vehicleId=0x7665682d3530, requestedHorizonMs=2500, confidence=100, planning.waypoints=1, offloadTaskId=probe-720, offloadPayload=1024 bytes}"
5g-receiver,1783021642419911694,edge4av-real-20260702-multiclient-scalability-run-4,p5g-scale-mqtt-payload-1024-clients-100,scale,guided-planning,mqtt,,veh-50,rsu-1,p5g-scale-mqtt-payload-1024-clients-100-veh-50-721,ipi-session-1,multiclient-scalability-run-4,veh-50,721,100-clients,default,stationary,unsynced,true,true,clients,100,count,IPI-CooperativeService,1098,1783021707196021987,1783021642419855886,1783021642419911694,,,,,,"CooperativeService{guidedPlanning, status=request, vehicleId=0x7665682d3530, requestedHorizonMs=2500, confidence=100, planning.waypoints=1, offloadTaskId=probe-721, offloadPayload=1024 bytes}"
5g-receiver,1783021642663365389,edge4av-real-20260702-multiclient-scalability-run-4,p5g-scale-mqtt-payload-1024-clients-100,scale,guided-planning,mqtt,,veh-50,rsu-1,p5g-scale-mqtt-payload-1024-clients-100-veh-50-722,ipi-session-1,multiclient-scalability-run-4,veh-50,722,100-clients,default,stationary,unsynced,true,true,clients,100,count,IPI-CooperativeService,1098,1783021707430095210,1783021642663305289,1783021642663365389,,,,,,"CooperativeService{guidedPlanning, status=request, vehicleId=0x7665682d3530, requestedHorizonMs=2500, confidence=100, planning.waypoints=1, offloadTaskId=probe-722, offloadPayload=1024 bytes}"
5g-receiver,1783021642901139239,edge4av-real-20260702-multiclient-scalability-run-4,p5g-scale-mqtt-payload-1024-clients-100,scale,guided-planning,mqtt,,veh-50,rsu-1,p5g-scale-mqtt-payload-1024-clients-100-veh-50-723,ipi-session-1,multiclient-scalability-run-4,veh-50,723,100-clients,default,stationary,unsynced,true,true,clients,100,count,IPI-CooperativeService,1098,1783021707676003903,1783021642901074457,1783021642901139239,,,,,,"CooperativeService{guidedPlanning, status=request, vehicleId=0x7665682d3530, requestedHorizonMs=2500, confidence=100, planning.waypoints=1, offloadTaskId=probe-723, offloadPayload=1024 bytes}"
5g-receiver,1783021643141290080,edge4av-real-20260702-multiclient-scalability-run-4,p5g-scale-mqtt-payload-1024-clients-100,scale,guided-planning,mqtt,,veh-50,rsu-1,p5g-scale-mqtt-payload-1024-clients-100-veh-50-724,ipi-session-1,multiclient-scalability-run-4,veh-50,724,100-clients,default,stationary,unsynced,true,true,clients,100,count,IPI-CooperativeService,1098,1783021707910109850,1783021643141232422,1783021643141290080,,,,,,"CooperativeService{guidedPlanning, status=request, vehicleId=0x7665682d3530, requestedHorizonMs=2500, confidence=100, planning.waypoints=1, offloadTaskId=probe-724, offloadPayload=1024 bytes}"
5g-receiver,1783021643373778291,edge4av-real-20260702-multiclient-scalability-run-4,p5g-scale-mqtt-payload-1024-clients-100,scale,guided-planning,mqtt,,veh-50,rsu-1,p5g-scale-mqtt-payload-1024-clients-100-veh-50-725,ipi-session-1,multiclient-scalability-run-4,veh-50,725,100-clients,default,stationary,unsynced,true,true,clients,100,count,IPI-CooperativeService,1098,1783021708156153207,1783021643373722023,1783021643373778291,,,,,,"CooperativeService{guidedPlanning, status=request, vehicleId=0x7665682d3530, requestedHorizonMs=2500, confidence=100, planning.waypoints=1, offloadTaskId=probe-725, offloadPayload=1024 bytes}"
5g-receiver,1783021643612608368,edge4av-real-20260702-multiclient-scalability-run-4,p5g-scale-mqtt-payload-1024-clients-100,scale,guided-planning,mqtt,,veh-50,rsu-1,p5g-scale-mqtt-payload-1024-clients-100-veh-50-726,ipi-session-1,multiclient-scalability-run-4,veh-50,726,100-clients,default,stationary,unsynced,true,true,clients,100,count,IPI-CooperativeService,1098,1783021708386046150,1783021643612564035,1783021643612608368,,,,,,"CooperativeService{guidedPlanning, status=request, vehicleId=0x7665682d3530, requestedHorizonMs=2500, confidence=100, planning.waypoints=1, offloadTaskId=probe-726, offloadPayload=1024 bytes}"
5g-receiver,1783021643842604175,edge4av-real-20260702-multiclient-scalability-run-4,p5g-scale-mqtt-payload-1024-clients-100,scale,guided-planning,mqtt,,veh-50,rsu-1,p5g-scale-mqtt-payload-1024-clients-100-veh-50-727,ipi-session-1,multiclient-scalability-run-4,veh-50,727,100-clients,default,stationary,unsynced,true,true,clients,100,count,IPI-CooperativeService,1098,1783021708628116110,1783021643842560697,1783021643842604175,,,,,,"CooperativeService{guidedPlanning, status=request, vehicleId=0x7665682d3530, requestedHorizonMs=2500, confidence=100, planning.waypoints=1, offloadTaskId=probe-727, offloadPayload=1024 bytes}"
5g-receiver,1783021644083052744,edge4av-real-20260702-multiclient-scalability-run-4,p5g-scale-mqtt-payload-1024-clients-100,scale,guided-planning,mqtt,,veh-50,rsu-1,p5g-scale-mqtt-payload-1024-clients-100-veh-50-728,ipi-session-1,multiclient-scalability-run-4,veh-50,728,100-clients,default,stationary,unsynced,true,true,clients,100,count,IPI-CooperativeService,1098,1783021708860310657,1783021644083009523,1783021644083052744,,,,,,"CooperativeService{guidedPlanning, status=request, vehicleId=0x7665682d3530, requestedHorizonMs=2500, confidence=100, planning.waypoints=1, offloadTaskId=probe-728, offloadPayload=1024 bytes}"
5g-receiver,1783021644342752647,edge4av-real-20260702-multiclient-scalability-run-4,p5g-scale-mqtt-payload-1024-clients-100,scale,guided-planning,mqtt,,veh-50,rsu-1,p5g-scale-mqtt-payload-1024-clients-100-veh-50-729,ipi-session-1,multiclient-scalability-run-4,veh-50,729,100-clients,default,stationary,unsynced,true,true,clients,100,count,IPI-CooperativeService,1098,1783021709098179471,1783021644342702650,1783021644342752647,,,,,,"CooperativeService{guidedPlanning, status=request, vehicleId=0x7665682d3530, requestedHorizonMs=2500, confidence=100, planning.waypoints=1, offloadTaskId=probe-729, offloadPayload=1024 bytes}"
5g-receiver,1783021644584622406,edge4av-real-20260702-multiclient-scalability-run-4,p5g-scale-mqtt-payload-1024-clients-100,scale,guided-planning,mqtt,,veh-50,rsu-1,p5g-scale-mqtt-payload-1024-clients-100-veh-50-730,ipi-session-1,multiclient-scalability-run-4,veh-50,730,100-clients,default,stationary,unsynced,true,true,clients,100,count,IPI-CooperativeService,1098,1783021709360267593,1783021644584564908,1783021644584622406,,,,,,"CooperativeService{guidedPlanning, status=request, vehicleId=0x7665682d3530, requestedHorizonMs=2500, confidence=100, planning.waypoints=1, offloadTaskId=probe-730, offloadPayload=1024 bytes}"
5g-receiver,1783021644833797847,edge4av-real-20260702-multiclient-scalability-run-4,p5g-scale-mqtt-payload-1024-clients-100,scale,guided-planning,mqtt,,veh-50,rsu-1,p5g-scale-mqtt-payload-1024-clients-100-veh-50-731,ipi-session-1,multiclient-scalability-run-4,veh-50,731,100-clients,default,stationary,unsynced,true,true,clients,100,count,IPI-CooperativeService,1098,1783021709594257131,1783021644833741717,1783021644833797847,,,,,,"CooperativeService{guidedPlanning, status=request, vehicleId=0x7665682d3530, requestedHorizonMs=2500, confidence=100, planning.waypoints=1, offloadTaskId=probe-731, offloadPayload=1024 bytes}"
5g-receiver,1783021645064428729,edge4av-real-20260702-multiclient-scalability-run-4,p5g-scale-mqtt-payload-1024-clients-100,scale,guided-planning,mqtt,,veh-50,rsu-1,p5g-scale-mqtt-payload-1024-clients-100-veh-50-732,ipi-session-1,multiclient-scalability-run-4,veh-50,732,100-clients,default,stationary,unsynced,true,true,clients,100,count,IPI-CooperativeService,1098,1783021709846237134,1783021645064385412,1783021645064428729,,,,,,"CooperativeService{guidedPlanning, status=request, vehicleId=0x7665682d3530, requestedHorizonMs=2500, confidence=100, planning.waypoints=1, offloadTaskId=probe-732, offloadPayload=1024 bytes}"
5g-receiver,1783021645315355431,edge4av-real-20260702-multiclient-scalability-run-4,p5g-scale-mqtt-payload-1024-clients-100,scale,guided-planning,mqtt,,veh-50,rsu-1,p5g-scale-mqtt-payload-1024-clients-100-veh-50-733,ipi-session-1,multiclient-scalability-run-4,veh-50,733,100-clients,default,stationary,unsynced,true,true,clients,100,count,IPI-CooperativeService,1098,1783021710078200997,1783021645315311063,1783021645315355431,,,,,,"CooperativeService{guidedPlanning, status=request, vehicleId=0x7665682d3530, requestedHorizonMs=2500, confidence=100, planning.waypoints=1, offloadTaskId=probe-733, offloadPayload=1024 bytes}"
5g-receiver,1783021645564747285,edge4av-real-20260702-multiclient-scalability-run-4,p5g-scale-mqtt-payload-1024-clients-100,scale,guided-planning,mqtt,,veh-50,rsu-1,p5g-scale-mqtt-payload-1024-clients-100-veh-50-734,ipi-session-1,multiclient-scalability-run-4,veh-50,734,100-clients,default,stationary,unsynced,true,true,clients,100,count,IPI-CooperativeService,1098,1783021710328163993,1783021645564704211,1783021645564747285,,,,,,"CooperativeService{guidedPlanning, status=request, vehicleId=0x7665682d3530, requestedHorizonMs=2500, confidence=100, planning.waypoints=1, offloadTaskId=probe-734, offloadPayload=1024 bytes}"
5g-receiver,1783021645817853085,edge4av-real-20260702-multiclient-scalability-run-4,p5g-scale-mqtt-payload-1024-clients-100,scale,guided-planning,mqtt,,veh-50,rsu-1,p5g-scale-mqtt-payload-1024-clients-100-veh-50-735,ipi-session-1,multiclient-scalability-run-4,veh-50,735,100-clients,default,stationary,unsynced,true,true,clients,100,count,IPI-CooperativeService,1098,1783021710580173795,1783021645817803400,1783021645817853085,,,,,,"CooperativeService{guidedPlanning, status=request, vehicleId=0x7665682d3530, requestedHorizonMs=2500, confidence=100, planning.waypoints=1, offloadTaskId=probe-735, offloadPayload=1024 bytes}"
5g-receiver,1783021646066629149,edge4av-real-20260702-multiclient-scalability-run-4,p5g-scale-mqtt-payload-1024-clients-100,scale,guided-planning,mqtt,,veh-50,rsu-1,p5g-scale-mqtt-payload-1024-clients-100-veh-50-736,ipi-session-1,multiclient-scalability-run-4,veh-50,736,100-clients,default,stationary,unsynced,true,true,clients,100,count,IPI-CooperativeService,1098,1783021710838093617,1783021646066586607,1783021646066629149,,,,,,"CooperativeService{guidedPlanning, status=request, vehicleId=0x7665682d3530, requestedHorizonMs=2500, confidence=100, planning.waypoints=1, offloadTaskId=probe-736, offloadPayload=1024 bytes}"
5g-receiver,1783021646306376354,edge4av-real-20260702-multiclient-scalability-run-4,p5g-scale-mqtt-payload-1024-clients-100,scale,guided-planning,mqtt,,veh-50,rsu-1,p5g-scale-mqtt-payload-1024-clients-100-veh-50-737,ipi-session-1,multiclient-scalability-run-4,veh-50,737,100-clients,default,stationary,unsynced,true,true,clients,100,count,IPI-CooperativeService,1098,1783021711080130439,1783021646306325950,1783021646306376354,,,,,,"CooperativeService{guidedPlanning, status=request, vehicleId=0x7665682d3530, requestedHorizonMs=2500, confidence=100, planning.waypoints=1, offloadTaskId=probe-737, offloadPayload=1024 bytes}"
5g-receiver,1783021646549431511,edge4av-real-20260702-multiclient-scalability-run-4,p5g-scale-mqtt-payload-1024-clients-100,scale,guided-planning,mqtt,,veh-50,rsu-1,p5g-scale-mqtt-payload-1024-clients-100-veh-50-738,ipi-session-1,multiclient-scalability-run-4,veh-50,738,100-clients,default,stationary,unsynced,true,true,clients,100,count,IPI-CooperativeService,1098,1783021711326239655,1783021646549388972,1783021646549431511,,,,,,"CooperativeService{guidedPlanning, status=request, vehicleId=0x7665682d3530, requestedHorizonMs=2500, confidence=100, planning.waypoints=1, offloadTaskId=probe-738, offloadPayload=1024 bytes}"
5g-receiver,1783021646797697927,edge4av-real-20260702-multiclient-scalability-run-4,p5g-scale-mqtt-payload-1024-clients-100,scale,guided-planning,mqtt,,veh-50,rsu-1,p5g-scale-mqtt-payload-1024-clients-100-veh-50-739,ipi-session-1,multiclient-scalability-run-4,veh-50,739,100-clients,default,stationary,unsynced,true,true,clients,100,count,IPI-CooperativeService,1098,1783021711560198568,1783021646797654974,1783021646797697927,,,,,,"CooperativeService{guidedPlanning, status=request, vehicleId=0x7665682d3530, requestedHorizonMs=2500, confidence=100, planning.waypoints=1, offloadTaskId=probe-739, offloadPayload=1024 bytes}"
5g-receiver,1783021647038341950,edge4av-real-20260702-multiclient-scalability-run-4,p5g-scale-mqtt-payload-1024-clients-100,scale,guided-planning,mqtt,,veh-50,rsu-1,p5g-scale-mqtt-payload-1024-clients-100-veh-50-740,ipi-session-1,multiclient-scalability-run-4,veh-50,740,100-clients,default,stationary,unsynced,true,true,clients,100,count,IPI-CooperativeService,1098,1783021711814064018,1783021647038280415,1783021647038341950,,,,,,"CooperativeService{guidedPlanning, status=request, vehicleId=0x7665682d3530, requestedHorizonMs=2500, confidence=100, planning.waypoints=1, offloadTaskId=probe-740, offloadPayload=1024 bytes}"
5g-receiver,1783021647278919230,edge4av-real-20260702-multiclient-scalability-run-4,p5g-scale-mqtt-payload-1024-clients-100,scale,guided-planning,mqtt,,veh-50,rsu-1,p5g-scale-mqtt-payload-1024-clients-100-veh-50-741,ipi-session-1,multiclient-scalability-run-4,veh-50,741,100-clients,default,stationary,unsynced,true,true,clients,100,count,IPI-CooperativeService,1098,1783021712050301311,1783021647278876021,1783021647278919230,,,,,,"CooperativeService{guidedPlanning, status=request, vehicleId=0x7665682d3530, requestedHorizonMs=2500, confidence=100, planning.waypoints=1, offloadTaskId=probe-741, offloadPayload=1024 bytes}"
5g-receiver,1783021647519523447,edge4av-real-20260702-multiclient-scalability-run-4,p5g-scale-mqtt-payload-1024-clients-100,scale,guided-planning,mqtt,,veh-50,rsu-1,p5g-scale-mqtt-payload-1024-clients-100-veh-50-742,ipi-session-1,multiclient-scalability-run-4,veh-50,742,100-clients,default,stationary,unsynced,true,true,clients,100,count,IPI-CooperativeService,1098,1783021712296262824,1783021647519479788,1783021647519523447,,,,,,"CooperativeService{guidedPlanning, status=request, vehicleId=0x7665682d3530, requestedHorizonMs=2500, confidence=100, planning.waypoints=1, offloadTaskId=probe-742, offloadPayload=1024 bytes}"
5g-receiver,1783021647768349872,edge4av-real-20260702-multiclient-scalability-run-4,p5g-scale-mqtt-payload-1024-clients-100,scale,guided-planning,mqtt,,veh-50,rsu-1,p5g-scale-mqtt-payload-1024-clients-100-veh-50-743,ipi-session-1,multiclient-scalability-run-4,veh-50,743,100-clients,default,stationary,unsynced,true,true,clients,100,count,IPI-CooperativeService,1098,1783021712530262994,1783021647768306274,1783021647768349872,,,,,,"CooperativeService{guidedPlanning, status=request, vehicleId=0x7665682d3530, requestedHorizonMs=2500, confidence=100, planning.waypoints=1, offloadTaskId=probe-743, offloadPayload=1024 bytes}"
5g-receiver,1783021648022416910,edge4av-real-20260702-multiclient-scalability-run-4,p5g-scale-mqtt-payload-1024-clients-100,scale,guided-planning,mqtt,,veh-50,rsu-1,p5g-scale-mqtt-payload-1024-clients-100-veh-50-744,ipi-session-1,multiclient-scalability-run-4,veh-50,744,100-clients,default,stationary,unsynced,true,true,clients,100,count,IPI-CooperativeService,1098,1783021712784177618,1783021648022373544,1783021648022416910,,,,,,"CooperativeService{guidedPlanning, status=request, vehicleId=0x7665682d3530, requestedHorizonMs=2500, confidence=100, planning.waypoints=1, offloadTaskId=probe-744, offloadPayload=1024 bytes}"
5g-receiver,1783021648259643048,edge4av-real-20260702-multiclient-scalability-run-4,p5g-scale-mqtt-payload-1024-clients-100,scale,guided-planning,mqtt,,veh-50,rsu-1,p5g-scale-mqtt-payload-1024-clients-100-veh-50-745,ipi-session-1,multiclient-scalability-run-4,veh-50,745,100-clients,default,stationary,unsynced,true,true,clients,100,count,IPI-CooperativeService,1098,1783021713036050654,1783021648259599026,1783021648259643048,,,,,,"CooperativeService{guidedPlanning, status=request, vehicleId=0x7665682d3530, requestedHorizonMs=2500, confidence=100, planning.waypoints=1, offloadTaskId=probe-745, offloadPayload=1024 bytes}"
5g-receiver,1783021648499571069,edge4av-real-20260702-multiclient-scalability-run-4,p5g-scale-mqtt-payload-1024-clients-100,scale,guided-planning,mqtt,,veh-50,rsu-1,p5g-scale-mqtt-payload-1024-clients-100-veh-50-746,ipi-session-1,multiclient-scalability-run-4,veh-50,746,100-clients,default,stationary,unsynced,true,true,clients,100,count,IPI-CooperativeService,1098,1783021713286267444,1783021648499527944,1783021648499571069,,,,,,"CooperativeService{guidedPlanning, status=request, vehicleId=0x7665682d3530, requestedHorizonMs=2500, confidence=100, planning.waypoints=1, offloadTaskId=probe-746, offloadPayload=1024 bytes}"
5g-receiver,1783021648730946209,edge4av-real-20260702-multiclient-scalability-run-4,p5g-scale-mqtt-payload-1024-clients-100,scale,guided-planning,mqtt,,veh-50,rsu-1,p5g-scale-mqtt-payload-1024-clients-100-veh-50-747,ipi-session-1,multiclient-scalability-run-4,veh-50,747,100-clients,default,stationary,unsynced,true,true,clients,100,count,IPI-CooperativeService,1098,1783021713510110764,1783021648730883270,1783021648730946209,,,,,,"CooperativeService{guidedPlanning, status=request, vehicleId=0x7665682d3530, requestedHorizonMs=2500, confidence=100, planning.waypoints=1, offloadTaskId=probe-747, offloadPayload=1024 bytes}"
5g-receiver,1783021648982676135,edge4av-real-20260702-multiclient-scalability-run-4,p5g-scale-mqtt-payload-1024-clients-100,scale,guided-planning,mqtt,,veh-50,rsu-1,p5g-scale-mqtt-payload-1024-clients-100-veh-50-748,ipi-session-1,multiclient-scalability-run-4,veh-50,748,100-clients,default,stationary,unsynced,true,true,clients,100,count,IPI-CooperativeService,1098,1783021713746113576,1783021648982625998,1783021648982676135,,,,,,"CooperativeService{guidedPlanning, status=request, vehicleId=0x7665682d3530, requestedHorizonMs=2500, confidence=100, planning.waypoints=1, offloadTaskId=probe-748, offloadPayload=1024 bytes}"
5g-receiver,1783021649231005082,edge4av-real-20260702-multiclient-scalability-run-4,p5g-scale-mqtt-payload-1024-clients-100,scale,guided-planning,mqtt,,veh-50,rsu-1,p5g-scale-mqtt-payload-1024-clients-100-veh-50-749,ipi-session-1,multiclient-scalability-run-4,veh-50,749,100-clients,default,stationary,unsynced,true,true,clients,100,count,IPI-CooperativeService,1098,1783021713994132466,1783021649230949038,1783021649231005082,,,,,,"CooperativeService{guidedPlanning, status=request, vehicleId=0x7665682d3530, requestedHorizonMs=2500, confidence=100, planning.waypoints=1, offloadTaskId=probe-749, offloadPayload=1024 bytes}"
5g-receiver,1783021649511058129,edge4av-real-20260702-multiclient-scalability-run-4,p5g-scale-mqtt-payload-1024-clients-100,scale,guided-planning,mqtt,,veh-50,rsu-1,p5g-scale-mqtt-payload-1024-clients-100-veh-50-750,ipi-session-1,multiclient-scalability-run-4,veh-50,750,100-clients,default,stationary,unsynced,true,true,clients,100,count,IPI-CooperativeService,1098,1783021714246149540,1783021649511015493,1783021649511058129,,,,,,"CooperativeService{guidedPlanning, status=request, vehicleId=0x7665682d3530, requestedHorizonMs=2500, confidence=100, planning.waypoints=1, offloadTaskId=probe-750, offloadPayload=1024 bytes}"
5g-receiver,1783021649752127373,edge4av-real-20260702-multiclient-scalability-run-4,p5g-scale-mqtt-payload-1024-clients-100,scale,guided-planning,mqtt,,veh-50,rsu-1,p5g-scale-mqtt-payload-1024-clients-100-veh-50-751,ipi-session-1,multiclient-scalability-run-4,veh-50,751,100-clients,default,stationary,unsynced,true,true,clients,100,count,IPI-CooperativeService,1098,1783021714524225604,1783021649752060070,1783021649752127373,,,,,,"CooperativeService{guidedPlanning, status=request, vehicleId=0x7665682d3530, requestedHorizonMs=2500, confidence=100, planning.waypoints=1, offloadTaskId=probe-751, offloadPayload=1024 bytes}"
5g-receiver,1783021650002544922,edge4av-real-20260702-multiclient-scalability-run-4,p5g-scale-mqtt-payload-1024-clients-100,scale,guided-planning,mqtt,,veh-50,rsu-1,p5g-scale-mqtt-payload-1024-clients-100-veh-50-752,ipi-session-1,multiclient-scalability-run-4,veh-50,752,100-clients,default,stationary,unsynced,true,true,clients,100,count,IPI-CooperativeService,1098,1783021714770293754,1783021650002482704,1783021650002544922,,,,,,"CooperativeService{guidedPlanning, status=request, vehicleId=0x7665682d3530, requestedHorizonMs=2500, confidence=100, planning.waypoints=1, offloadTaskId=probe-752, offloadPayload=1024 bytes}"
5g-receiver,1783021650233502623,edge4av-real-20260702-multiclient-scalability-run-4,p5g-scale-mqtt-payload-1024-clients-100,scale,guided-planning,mqtt,,veh-50,rsu-1,p5g-scale-mqtt-payload-1024-clients-100-veh-50-753,ipi-session-1,multiclient-scalability-run-4,veh-50,753,100-clients,default,stationary,unsynced,true,true,clients,100,count,IPI-CooperativeService,1098,1783021715018096885,1783021650233446371,1783021650233502623,,,,,,"CooperativeService{guidedPlanning, status=request, vehicleId=0x7665682d3530, requestedHorizonMs=2500, confidence=100, planning.waypoints=1, offloadTaskId=probe-753, offloadPayload=1024 bytes}"
5g-receiver,1783021650474970423,edge4av-real-20260702-multiclient-scalability-run-4,p5g-scale-mqtt-payload-1024-clients-100,scale,guided-planning,mqtt,,veh-50,rsu-1,p5g-scale-mqtt-payload-1024-clients-100-veh-50-754,ipi-session-1,multiclient-scalability-run-4,veh-50,754,100-clients,default,stationary,unsynced,true,true,clients,100,count,IPI-CooperativeService,1098,1783021715248110982,1783021650474927913,1783021650474970423,,,,,,"CooperativeService{guidedPlanning, status=request, vehicleId=0x7665682d3530, requestedHorizonMs=2500, confidence=100, planning.waypoints=1, offloadTaskId=probe-754, offloadPayload=1024 bytes}"
5g-receiver,1783021650703849506,edge4av-real-20260702-multiclient-scalability-run-4,p5g-scale-mqtt-payload-1024-clients-100,scale,guided-planning,mqtt,,veh-50,rsu-1,p5g-scale-mqtt-payload-1024-clients-100-veh-50-755,ipi-session-1,multiclient-scalability-run-4,veh-50,755,100-clients,default,stationary,unsynced,true,true,clients,100,count,IPI-CooperativeService,1098,1783021715486233848,1783021650703794752,1783021650703849506,,,,,,"CooperativeService{guidedPlanning, status=request, vehicleId=0x7665682d3530, requestedHorizonMs=2500, confidence=100, planning.waypoints=1, offloadTaskId=probe-755, offloadPayload=1024 bytes}"
5g-receiver,1783021650946860486,edge4av-real-20260702-multiclient-scalability-run-4,p5g-scale-mqtt-payload-1024-clients-100,scale,guided-planning,mqtt,,veh-50,rsu-1,p5g-scale-mqtt-payload-1024-clients-100-veh-50-756,ipi-session-1,multiclient-scalability-run-4,veh-50,756,100-clients,default,stationary,unsynced,true,true,clients,100,count,IPI-CooperativeService,1098,1783021715720025603,1783021650946818173,1783021650946860486,,,,,,"CooperativeService{guidedPlanning, status=request, vehicleId=0x7665682d3530, requestedHorizonMs=2500, confidence=100, planning.waypoints=1, offloadTaskId=probe-756, offloadPayload=1024 bytes}"
5g-receiver,1783021651186432165,edge4av-real-20260702-multiclient-scalability-run-4,p5g-scale-mqtt-payload-1024-clients-100,scale,guided-planning,mqtt,,veh-50,rsu-1,p5g-scale-mqtt-payload-1024-clients-100-veh-50-757,ipi-session-1,multiclient-scalability-run-4,veh-50,757,100-clients,default,stationary,unsynced,true,true,clients,100,count,IPI-CooperativeService,1098,1783021715956241441,1783021651186365192,1783021651186432165,,,,,,"CooperativeService{guidedPlanning, status=request, vehicleId=0x7665682d3530, requestedHorizonMs=2500, confidence=100, planning.waypoints=1, offloadTaskId=probe-757, offloadPayload=1024 bytes}"
5g-receiver,1783021651434498049,edge4av-real-20260702-multiclient-scalability-run-4,p5g-scale-mqtt-payload-1024-clients-100,scale,guided-planning,mqtt,,veh-50,rsu-1,p5g-scale-mqtt-payload-1024-clients-100-veh-50-758,ipi-session-1,multiclient-scalability-run-4,veh-50,758,100-clients,default,stationary,unsynced,true,true,clients,100,count,IPI-CooperativeService,1098,1783021716196217325,1783021651434443462,1783021651434498049,,,,,,"CooperativeService{guidedPlanning, status=request, vehicleId=0x7665682d3530, requestedHorizonMs=2500, confidence=100, planning.waypoints=1, offloadTaskId=probe-758, offloadPayload=1024 bytes}"
5g-receiver,1783021651677765227,edge4av-real-20260702-multiclient-scalability-run-4,p5g-scale-mqtt-payload-1024-clients-100,scale,guided-planning,mqtt,,veh-50,rsu-1,p5g-scale-mqtt-payload-1024-clients-100-veh-50-759,ipi-session-1,multiclient-scalability-run-4,veh-50,759,100-clients,default,stationary,unsynced,true,true,clients,100,count,IPI-CooperativeService,1098,1783021716448237931,1783021651677704679,1783021651677765227,,,,,,"CooperativeService{guidedPlanning, status=request, vehicleId=0x7665682d3530, requestedHorizonMs=2500, confidence=100, planning.waypoints=1, offloadTaskId=probe-759, offloadPayload=1024 bytes}"
5g-receiver,1783021651925726113,edge4av-real-20260702-multiclient-scalability-run-4,p5g-scale-mqtt-payload-1024-clients-100,scale,guided-planning,mqtt,,veh-50,rsu-1,p5g-scale-mqtt-payload-1024-clients-100-veh-50-760,ipi-session-1,multiclient-scalability-run-4,veh-50,760,100-clients,default,stationary,unsynced,true,true,clients,100,count,IPI-CooperativeService,1098,1783021716688271289,1783021651925679383,1783021651925726113,,,,,,"CooperativeService{guidedPlanning, status=request, vehicleId=0x7665682d3530, requestedHorizonMs=2500, confidence=100, planning.waypoints=1, offloadTaskId=probe-760, offloadPayload=1024 bytes}"
5g-receiver,1783021652205801749,edge4av-real-20260702-multiclient-scalability-run-4,p5g-scale-mqtt-payload-1024-clients-100,scale,guided-planning,mqtt,,veh-50,rsu-1,p5g-scale-mqtt-payload-1024-clients-100-veh-50-761,ipi-session-1,multiclient-scalability-run-4,veh-50,761,100-clients,default,stationary,unsynced,true,true,clients,100,count,IPI-CooperativeService,1098,1783021716940066922,1783021652205734233,1783021652205801749,,,,,,"CooperativeService{guidedPlanning, status=request, vehicleId=0x7665682d3530, requestedHorizonMs=2500, confidence=100, planning.waypoints=1, offloadTaskId=probe-761, offloadPayload=1024 bytes}"
5g-receiver,1783021652457529790,edge4av-real-20260702-multiclient-scalability-run-4,p5g-scale-mqtt-payload-1024-clients-100,scale,guided-planning,mqtt,,veh-50,rsu-1,p5g-scale-mqtt-payload-1024-clients-100-veh-50-762,ipi-session-1,multiclient-scalability-run-4,veh-50,762,100-clients,default,stationary,unsynced,true,true,clients,100,count,IPI-CooperativeService,1098,1783021717222163371,1783021652457486349,1783021652457529790,,,,,,"CooperativeService{guidedPlanning, status=request, vehicleId=0x7665682d3530, requestedHorizonMs=2500, confidence=100, planning.waypoints=1, offloadTaskId=probe-762, offloadPayload=1024 bytes}"
5g-receiver,1783021652691277274,edge4av-real-20260702-multiclient-scalability-run-4,p5g-scale-mqtt-payload-1024-clients-100,scale,guided-planning,mqtt,,veh-50,rsu-1,p5g-scale-mqtt-payload-1024-clients-100-veh-50-763,ipi-session-1,multiclient-scalability-run-4,veh-50,763,100-clients,default,stationary,unsynced,true,true,clients,100,count,IPI-CooperativeService,1098,1783021717474185013,1783021652691231143,1783021652691277274,,,,,,"CooperativeService{guidedPlanning, status=request, vehicleId=0x7665682d3530, requestedHorizonMs=2500, confidence=100, planning.waypoints=1, offloadTaskId=probe-763, offloadPayload=1024 bytes}"
5g-receiver,1783021652919041914,edge4av-real-20260702-multiclient-scalability-run-4,p5g-scale-mqtt-payload-1024-clients-100,scale,guided-planning,mqtt,,veh-50,rsu-1,p5g-scale-mqtt-payload-1024-clients-100-veh-50-764,ipi-session-1,multiclient-scalability-run-4,veh-50,764,100-clients,default,stationary,unsynced,true,true,clients,100,count,IPI-CooperativeService,1098,1783021717704154452,1783021652918987942,1783021652919041914,,,,,,"CooperativeService{guidedPlanning, status=request, vehicleId=0x7665682d3530, requestedHorizonMs=2500, confidence=100, planning.waypoints=1, offloadTaskId=probe-764, offloadPayload=1024 bytes}"
5g-receiver,1783021653158003906,edge4av-real-20260702-multiclient-scalability-run-4,p5g-scale-mqtt-payload-1024-clients-100,scale,guided-planning,mqtt,,veh-50,rsu-1,p5g-scale-mqtt-payload-1024-clients-100-veh-50-765,ipi-session-1,multiclient-scalability-run-4,veh-50,765,100-clients,default,stationary,unsynced,true,true,clients,100,count,IPI-CooperativeService,1098,1783021717934151045,1783021653157960551,1783021653158003906,,,,,,"CooperativeService{guidedPlanning, status=request, vehicleId=0x7665682d3530, requestedHorizonMs=2500, confidence=100, planning.waypoints=1, offloadTaskId=probe-765, offloadPayload=1024 bytes}"
5g-receiver,1783021653408133886,edge4av-real-20260702-multiclient-scalability-run-4,p5g-scale-mqtt-payload-1024-clients-100,scale,guided-planning,mqtt,,veh-50,rsu-1,p5g-scale-mqtt-payload-1024-clients-100-veh-50-766,ipi-session-1,multiclient-scalability-run-4,veh-50,766,100-clients,default,stationary,unsynced,true,true,clients,100,count,IPI-CooperativeService,1098,1783021718170160545,1783021653408081227,1783021653408133886,,,,,,"CooperativeService{guidedPlanning, status=request, vehicleId=0x7665682d3530, requestedHorizonMs=2500, confidence=100, planning.waypoints=1, offloadTaskId=probe-766, offloadPayload=1024 bytes}"
5g-receiver,1783021653678753163,edge4av-real-20260702-multiclient-scalability-run-4,p5g-scale-mqtt-payload-1024-clients-100,scale,guided-planning,mqtt,,veh-50,rsu-1,p5g-scale-mqtt-payload-1024-clients-100-veh-50-767,ipi-session-1,multiclient-scalability-run-4,veh-50,767,100-clients,default,stationary,unsynced,true,true,clients,100,count,IPI-CooperativeService,1098,1783021718420170829,1783021653678693099,1783021653678753163,,,,,,"CooperativeService{guidedPlanning, status=request, vehicleId=0x7665682d3530, requestedHorizonMs=2500, confidence=100, planning.waypoints=1, offloadTaskId=probe-767, offloadPayload=1024 bytes}"
5g-receiver,1783021653920085732,edge4av-real-20260702-multiclient-scalability-run-4,p5g-scale-mqtt-payload-1024-clients-100,scale,guided-planning,mqtt,,veh-50,rsu-1,p5g-scale-mqtt-payload-1024-clients-100-veh-50-768,ipi-session-1,multiclient-scalability-run-4,veh-50,768,100-clients,default,stationary,unsynced,true,true,clients,100,count,IPI-CooperativeService,1098,1783021718690200142,1783021653920042457,1783021653920085732,,,,,,"CooperativeService{guidedPlanning, status=request, vehicleId=0x7665682d3530, requestedHorizonMs=2500, confidence=100, planning.waypoints=1, offloadTaskId=probe-768, offloadPayload=1024 bytes}"
5g-receiver,1783021654179222913,edge4av-real-20260702-multiclient-scalability-run-4,p5g-scale-mqtt-payload-1024-clients-100,scale,guided-planning,mqtt,,veh-50,rsu-1,p5g-scale-mqtt-payload-1024-clients-100-veh-50-769,ipi-session-1,multiclient-scalability-run-4,veh-50,769,100-clients,default,stationary,unsynced,true,true,clients,100,count,IPI-CooperativeService,1098,1783021718934202186,1783021654179180349,1783021654179222913,,,,,,"CooperativeService{guidedPlanning, status=request, vehicleId=0x7665682d3530, requestedHorizonMs=2500, confidence=100, planning.waypoints=1, offloadTaskId=probe-769, offloadPayload=1024 bytes}"
5g-receiver,1783021654429505062,edge4av-real-20260702-multiclient-scalability-run-4,p5g-scale-mqtt-payload-1024-clients-100,scale,guided-planning,mqtt,,veh-50,rsu-1,p5g-scale-mqtt-payload-1024-clients-100-veh-50-770,ipi-session-1,multiclient-scalability-run-4,veh-50,770,100-clients,default,stationary,unsynced,true,true,clients,100,count,IPI-CooperativeService,1098,1783021719194184923,1783021654429440749,1783021654429505062,,,,,,"CooperativeService{guidedPlanning, status=request, vehicleId=0x7665682d3530, requestedHorizonMs=2500, confidence=100, planning.waypoints=1, offloadTaskId=probe-770, offloadPayload=1024 bytes}"
5g-receiver,1783021654711093507,edge4av-real-20260702-multiclient-scalability-run-4,p5g-scale-mqtt-payload-1024-clients-100,scale,guided-planning,mqtt,,veh-50,rsu-1,p5g-scale-mqtt-payload-1024-clients-100-veh-50-771,ipi-session-1,multiclient-scalability-run-4,veh-50,771,100-clients,default,stationary,unsynced,true,true,clients,100,count,IPI-CooperativeService,1098,1783021719446179901,1783021654711049998,1783021654711093507,,,,,,"CooperativeService{guidedPlanning, status=request, vehicleId=0x7665682d3530, requestedHorizonMs=2500, confidence=100, planning.waypoints=1, offloadTaskId=probe-771, offloadPayload=1024 bytes}"
5g-receiver,1783021654959991535,edge4av-real-20260702-multiclient-scalability-run-4,p5g-scale-mqtt-payload-1024-clients-100,scale,guided-planning,mqtt,,veh-50,rsu-1,p5g-scale-mqtt-payload-1024-clients-100-veh-50-772,ipi-session-1,multiclient-scalability-run-4,veh-50,772,100-clients,default,stationary,unsynced,true,true,clients,100,count,IPI-CooperativeService,1098,1783021719720365465,1783021654959967725,1783021654959991535,,,,,,"CooperativeService{guidedPlanning, status=request, vehicleId=0x7665682d3530, requestedHorizonMs=2500, confidence=100, planning.waypoints=1, offloadTaskId=probe-772, offloadPayload=1024 bytes}"
5g-receiver,1783021655270928342,edge4av-real-20260702-multiclient-scalability-run-4,p5g-scale-mqtt-payload-1024-clients-100,scale,guided-planning,mqtt,,veh-50,rsu-1,p5g-scale-mqtt-payload-1024-clients-100-veh-50-773,ipi-session-1,multiclient-scalability-run-4,veh-50,773,100-clients,default,stationary,unsynced,true,true,clients,100,count,IPI-CooperativeService,1098,1783021719972306318,1783021655270866941,1783021655270928342,,,,,,"CooperativeService{guidedPlanning, status=request, vehicleId=0x7665682d3530, requestedHorizonMs=2500, confidence=100, planning.waypoints=1, offloadTaskId=probe-773, offloadPayload=1024 bytes}"
5g-receiver,1783021655523834014,edge4av-real-20260702-multiclient-scalability-run-4,p5g-scale-mqtt-payload-1024-clients-100,scale,guided-planning,mqtt,,veh-50,rsu-1,p5g-scale-mqtt-payload-1024-clients-100-veh-50-774,ipi-session-1,multiclient-scalability-run-4,veh-50,774,100-clients,default,stationary,unsynced,true,true,clients,100,count,IPI-CooperativeService,1098,1783021720286278811,1783021655523776829,1783021655523834014,,,,,,"CooperativeService{guidedPlanning, status=request, vehicleId=0x7665682d3530, requestedHorizonMs=2500, confidence=100, planning.waypoints=1, offloadTaskId=probe-774, offloadPayload=1024 bytes}"
5g-receiver,1783021655772052022,edge4av-real-20260702-multiclient-scalability-run-4,p5g-scale-mqtt-payload-1024-clients-100,scale,guided-planning,mqtt,,veh-50,rsu-1,p5g-scale-mqtt-payload-1024-clients-100-veh-50-775,ipi-session-1,multiclient-scalability-run-4,veh-50,775,100-clients,default,stationary,unsynced,true,true,clients,100,count,IPI-CooperativeService,1098,1783021720538177415,1783021655772008727,1783021655772052022,,,,,,"CooperativeService{guidedPlanning, status=request, vehicleId=0x7665682d3530, requestedHorizonMs=2500, confidence=100, planning.waypoints=1, offloadTaskId=probe-775, offloadPayload=1024 bytes}"
5g-receiver,1783021656014162297,edge4av-real-20260702-multiclient-scalability-run-4,p5g-scale-mqtt-payload-1024-clients-100,scale,guided-planning,mqtt,,veh-50,rsu-1,p5g-scale-mqtt-payload-1024-clients-100-veh-50-776,ipi-session-1,multiclient-scalability-run-4,veh-50,776,100-clients,default,stationary,unsynced,true,true,clients,100,count,IPI-CooperativeService,1098,1783021720784085737,1783021656014118529,1783021656014162297,,,,,,"CooperativeService{guidedPlanning, status=request, vehicleId=0x7665682d3530, requestedHorizonMs=2500, confidence=100, planning.waypoints=1, offloadTaskId=probe-776, offloadPayload=1024 bytes}"
5g-receiver,1783021656252884304,edge4av-real-20260702-multiclient-scalability-run-4,p5g-scale-mqtt-payload-1024-clients-100,scale,guided-planning,mqtt,,veh-50,rsu-1,p5g-scale-mqtt-payload-1024-clients-100-veh-50-777,ipi-session-1,multiclient-scalability-run-4,veh-50,777,100-clients,default,stationary,unsynced,true,true,clients,100,count,IPI-CooperativeService,1098,1783021721024280181,1783021656252841476,1783021656252884304,,,,,,"CooperativeService{guidedPlanning, status=request, vehicleId=0x7665682d3530, requestedHorizonMs=2500, confidence=100, planning.waypoints=1, offloadTaskId=probe-777, offloadPayload=1024 bytes}"
5g-receiver,1783021656575582580,edge4av-real-20260702-multiclient-scalability-run-4,p5g-scale-mqtt-payload-1024-clients-100,scale,guided-planning,mqtt,,veh-50,rsu-1,p5g-scale-mqtt-payload-1024-clients-100-veh-50-778,ipi-session-1,multiclient-scalability-run-4,veh-50,778,100-clients,default,stationary,unsynced,true,true,clients,100,count,IPI-CooperativeService,1098,1783021721295456996,1783021656575527805,1783021656575582580,,,,,,"CooperativeService{guidedPlanning, status=request, vehicleId=0x7665682d3530, requestedHorizonMs=2500, confidence=100, planning.waypoints=1, offloadTaskId=probe-778, offloadPayload=1024 bytes}"
5g-receiver,1783021656833334785,edge4av-real-20260702-multiclient-scalability-run-4,p5g-scale-mqtt-payload-1024-clients-100,scale,guided-planning,mqtt,,veh-50,rsu-1,p5g-scale-mqtt-payload-1024-clients-100-veh-50-779,ipi-session-1,multiclient-scalability-run-4,veh-50,779,100-clients,default,stationary,unsynced,true,true,clients,100,count,IPI-CooperativeService,1098,1783021721590181394,1783021656833292417,1783021656833334785,,,,,,"CooperativeService{guidedPlanning, status=request, vehicleId=0x7665682d3530, requestedHorizonMs=2500, confidence=100, planning.waypoints=1, offloadTaskId=probe-779, offloadPayload=1024 bytes}"
5g-receiver,1783021657084059738,edge4av-real-20260702-multiclient-scalability-run-4,p5g-scale-mqtt-payload-1024-clients-100,scale,guided-planning,mqtt,,veh-50,rsu-1,p5g-scale-mqtt-payload-1024-clients-100-veh-50-780,ipi-session-1,multiclient-scalability-run-4,veh-50,780,100-clients,default,stationary,unsynced,true,true,clients,100,count,IPI-CooperativeService,1098,1783021721852155861,1783021657084009980,1783021657084059738,,,,,,"CooperativeService{guidedPlanning, status=request, vehicleId=0x7665682d3530, requestedHorizonMs=2500, confidence=100, planning.waypoints=1, offloadTaskId=probe-780, offloadPayload=1024 bytes}"
5g-receiver,1783021657605993645,edge4av-real-20260702-multiclient-scalability-run-4,p5g-scale-mqtt-payload-1024-clients-100,scale,guided-planning,mqtt,,veh-50,rsu-1,p5g-scale-mqtt-payload-1024-clients-100-veh-50-781,ipi-session-1,multiclient-scalability-run-4,veh-50,781,100-clients,default,stationary,unsynced,true,true,clients,100,count,IPI-CooperativeService,1098,1783021722334239034,1783021657605931058,1783021657605993645,,,,,,"CooperativeService{guidedPlanning, status=request, vehicleId=0x7665682d3530, requestedHorizonMs=2500, confidence=100, planning.waypoints=1, offloadTaskId=probe-781, offloadPayload=1024 bytes}"
5g-receiver,1783021657858496851,edge4av-real-20260702-multiclient-scalability-run-4,p5g-scale-mqtt-payload-1024-clients-100,scale,guided-planning,mqtt,,veh-50,rsu-1,p5g-scale-mqtt-payload-1024-clients-100-veh-50-782,ipi-session-1,multiclient-scalability-run-4,veh-50,782,100-clients,default,stationary,unsynced,true,true,clients,100,count,IPI-CooperativeService,1098,1783021722622146127,1783021657858428046,1783021657858496851,,,,,,"CooperativeService{guidedPlanning, status=request, vehicleId=0x7665682d3530, requestedHorizonMs=2500, confidence=100, planning.waypoints=1, offloadTaskId=probe-782, offloadPayload=1024 bytes}"
5g-receiver,1783021658186616613,edge4av-real-20260702-multiclient-scalability-run-4,p5g-scale-mqtt-payload-1024-clients-100,scale,guided-planning,mqtt,,veh-50,rsu-1,p5g-scale-mqtt-payload-1024-clients-100-veh-50-783,ipi-session-1,multiclient-scalability-run-4,veh-50,783,100-clients,default,stationary,unsynced,true,true,clients,100,count,IPI-CooperativeService,1098,1783021722874274031,1783021658186573747,1783021658186616613,,,,,,"CooperativeService{guidedPlanning, status=request, vehicleId=0x7665682d3530, requestedHorizonMs=2500, confidence=100, planning.waypoints=1, offloadTaskId=probe-783, offloadPayload=1024 bytes}"
5g-receiver,1783021658426908222,edge4av-real-20260702-multiclient-scalability-run-4,p5g-scale-mqtt-payload-1024-clients-100,scale,guided-planning,mqtt,,veh-50,rsu-1,p5g-scale-mqtt-payload-1024-clients-100-veh-50-784,ipi-session-1,multiclient-scalability-run-4,veh-50,784,100-clients,default,stationary,unsynced,true,true,clients,100,count,IPI-CooperativeService,1098,1783021723198313383,1783021658426865665,1783021658426908222,,,,,,"CooperativeService{guidedPlanning, status=request, vehicleId=0x7665682d3530, requestedHorizonMs=2500, confidence=100, planning.waypoints=1, offloadTaskId=probe-784, offloadPayload=1024 bytes}"
5g-receiver,1783021658668875870,edge4av-real-20260702-multiclient-scalability-run-4,p5g-scale-mqtt-payload-1024-clients-100,scale,guided-planning,mqtt,,veh-50,rsu-1,p5g-scale-mqtt-payload-1024-clients-100-veh-50-785,ipi-session-1,multiclient-scalability-run-4,veh-50,785,100-clients,default,stationary,unsynced,true,true,clients,100,count,IPI-CooperativeService,1098,1783021723442139572,1783021658668822648,1783021658668875870,,,,,,"CooperativeService{guidedPlanning, status=request, vehicleId=0x7665682d3530, requestedHorizonMs=2500, confidence=100, planning.waypoints=1, offloadTaskId=probe-785, offloadPayload=1024 bytes}"
5g-receiver,1783021658897720328,edge4av-real-20260702-multiclient-scalability-run-4,p5g-scale-mqtt-payload-1024-clients-100,scale,guided-planning,mqtt,,veh-50,rsu-1,p5g-scale-mqtt-payload-1024-clients-100-veh-50-786,ipi-session-1,multiclient-scalability-run-4,veh-50,786,100-clients,default,stationary,unsynced,true,true,clients,100,count,IPI-CooperativeService,1098,1783021723682096102,1783021658897656490,1783021658897720328,,,,,,"CooperativeService{guidedPlanning, status=request, vehicleId=0x7665682d3530, requestedHorizonMs=2500, confidence=100, planning.waypoints=1, offloadTaskId=probe-786, offloadPayload=1024 bytes}"
5g-receiver,1783021659130866220,edge4av-real-20260702-multiclient-scalability-run-4,p5g-scale-mqtt-payload-1024-clients-100,scale,guided-planning,mqtt,,veh-50,rsu-1,p5g-scale-mqtt-payload-1024-clients-100-veh-50-787,ipi-session-1,multiclient-scalability-run-4,veh-50,787,100-clients,default,stationary,unsynced,true,true,clients,100,count,IPI-CooperativeService,1098,1783021723910216803,1783021659130822962,1783021659130866220,,,,,,"CooperativeService{guidedPlanning, status=request, vehicleId=0x7665682d3530, requestedHorizonMs=2500, confidence=100, planning.waypoints=1, offloadTaskId=probe-787, offloadPayload=1024 bytes}"
5g-receiver,1783021659369548835,edge4av-real-20260702-multiclient-scalability-run-4,p5g-scale-mqtt-payload-1024-clients-100,scale,guided-planning,mqtt,,veh-50,rsu-1,p5g-scale-mqtt-payload-1024-clients-100-veh-50-788,ipi-session-1,multiclient-scalability-run-4,veh-50,788,100-clients,default,stationary,unsynced,true,true,clients,100,count,IPI-CooperativeService,1098,1783021724144215395,1783021659369505647,1783021659369548835,,,,,,"CooperativeService{guidedPlanning, status=request, vehicleId=0x7665682d3530, requestedHorizonMs=2500, confidence=100, planning.waypoints=1, offloadTaskId=probe-788, offloadPayload=1024 bytes}"
5g-receiver,1783021659601624796,edge4av-real-20260702-multiclient-scalability-run-4,p5g-scale-mqtt-payload-1024-clients-100,scale,guided-planning,mqtt,,veh-50,rsu-1,p5g-scale-mqtt-payload-1024-clients-100-veh-50-789,ipi-session-1,multiclient-scalability-run-4,veh-50,789,100-clients,default,stationary,unsynced,true,true,clients,100,count,IPI-CooperativeService,1098,1783021724386133107,1783021659601569537,1783021659601624796,,,,,,"CooperativeService{guidedPlanning, status=request, vehicleId=0x7665682d3530, requestedHorizonMs=2500, confidence=100, planning.waypoints=1, offloadTaskId=probe-789, offloadPayload=1024 bytes}"
5g-receiver,1783021659838459569,edge4av-real-20260702-multiclient-scalability-run-4,p5g-scale-mqtt-payload-1024-clients-100,scale,guided-planning,mqtt,,veh-50,rsu-1,p5g-scale-mqtt-payload-1024-clients-100-veh-50-790,ipi-session-1,multiclient-scalability-run-4,veh-50,790,100-clients,default,stationary,unsynced,true,true,clients,100,count,IPI-CooperativeService,1098,1783021724612257784,1783021659838417059,1783021659838459569,,,,,,"CooperativeService{guidedPlanning, status=request, vehicleId=0x7665682d3530, requestedHorizonMs=2500, confidence=100, planning.waypoints=1, offloadTaskId=probe-790, offloadPayload=1024 bytes}"
5g-receiver,1783021660079712050,edge4av-real-20260702-multiclient-scalability-run-4,p5g-scale-mqtt-payload-1024-clients-100,scale,guided-planning,mqtt,,veh-50,rsu-1,p5g-scale-mqtt-payload-1024-clients-100-veh-50-791,ipi-session-1,multiclient-scalability-run-4,veh-50,791,100-clients,default,stationary,unsynced,true,true,clients,100,count,IPI-CooperativeService,1098,1783021724850231427,1783021660079652715,1783021660079712050,,,,,,"CooperativeService{guidedPlanning, status=request, vehicleId=0x7665682d3530, requestedHorizonMs=2500, confidence=100, planning.waypoints=1, offloadTaskId=probe-791, offloadPayload=1024 bytes}"
5g-receiver,1783021660330018857,edge4av-real-20260702-multiclient-scalability-run-4,p5g-scale-mqtt-payload-1024-clients-100,scale,guided-planning,mqtt,,veh-50,rsu-1,p5g-scale-mqtt-payload-1024-clients-100-veh-50-792,ipi-session-1,multiclient-scalability-run-4,veh-50,792,100-clients,default,stationary,unsynced,true,true,clients,100,count,IPI-CooperativeService,1098,1783021725090134066,1783021660329975903,1783021660330018857,,,,,,"CooperativeService{guidedPlanning, status=request, vehicleId=0x7665682d3530, requestedHorizonMs=2500, confidence=100, planning.waypoints=1, offloadTaskId=probe-792, offloadPayload=1024 bytes}"
5g-receiver,1783021660580035639,edge4av-real-20260702-multiclient-scalability-run-4,p5g-scale-mqtt-payload-1024-clients-100,scale,guided-planning,mqtt,,veh-50,rsu-1,p5g-scale-mqtt-payload-1024-clients-100-veh-50-793,ipi-session-1,multiclient-scalability-run-4,veh-50,793,100-clients,default,stationary,unsynced,true,true,clients,100,count,IPI-CooperativeService,1098,1783021725344376005,1783021660579973265,1783021660580035639,,,,,,"CooperativeService{guidedPlanning, status=request, vehicleId=0x7665682d3530, requestedHorizonMs=2500, confidence=100, planning.waypoints=1, offloadTaskId=probe-793, offloadPayload=1024 bytes}"
5g-receiver,1783021660811761610,edge4av-real-20260702-multiclient-scalability-run-4,p5g-scale-mqtt-payload-1024-clients-100,scale,guided-planning,mqtt,,veh-50,rsu-1,p5g-scale-mqtt-payload-1024-clients-100-veh-50-794,ipi-session-1,multiclient-scalability-run-4,veh-50,794,100-clients,default,stationary,unsynced,true,true,clients,100,count,IPI-CooperativeService,1098,1783021725592354342,1783021660811718274,1783021660811761610,,,,,,"CooperativeService{guidedPlanning, status=request, vehicleId=0x7665682d3530, requestedHorizonMs=2500, confidence=100, planning.waypoints=1, offloadTaskId=probe-794, offloadPayload=1024 bytes}"
5g-receiver,1783021661061535964,edge4av-real-20260702-multiclient-scalability-run-4,p5g-scale-mqtt-payload-1024-clients-100,scale,guided-planning,mqtt,,veh-50,rsu-1,p5g-scale-mqtt-payload-1024-clients-100-veh-50-795,ipi-session-1,multiclient-scalability-run-4,veh-50,795,100-clients,default,stationary,unsynced,true,true,clients,100,count,IPI-CooperativeService,1098,1783021725826162312,1783021661061492311,1783021661061535964,,,,,,"CooperativeService{guidedPlanning, status=request, vehicleId=0x7665682d3530, requestedHorizonMs=2500, confidence=100, planning.waypoints=1, offloadTaskId=probe-795, offloadPayload=1024 bytes}"
5g-receiver,1783021661312270206,edge4av-real-20260702-multiclient-scalability-run-4,p5g-scale-mqtt-payload-1024-clients-100,scale,guided-planning,mqtt,,veh-50,rsu-1,p5g-scale-mqtt-payload-1024-clients-100-veh-50-796,ipi-session-1,multiclient-scalability-run-4,veh-50,796,100-clients,default,stationary,unsynced,true,true,clients,100,count,IPI-CooperativeService,1098,1783021726072555086,1783021661312211284,1783021661312270206,,,,,,"CooperativeService{guidedPlanning, status=request, vehicleId=0x7665682d3530, requestedHorizonMs=2500, confidence=100, planning.waypoints=1, offloadTaskId=probe-796, offloadPayload=1024 bytes}"
5g-receiver,1783021661545131054,edge4av-real-20260702-multiclient-scalability-run-4,p5g-scale-mqtt-payload-1024-clients-100,scale,guided-planning,mqtt,,veh-50,rsu-1,p5g-scale-mqtt-payload-1024-clients-100-veh-50-797,ipi-session-1,multiclient-scalability-run-4,veh-50,797,100-clients,default,stationary,unsynced,true,true,clients,100,count,IPI-CooperativeService,1098,1783021726326264367,1783021661545074781,1783021661545131054,,,,,,"CooperativeService{guidedPlanning, status=request, vehicleId=0x7665682d3530, requestedHorizonMs=2500, confidence=100, planning.waypoints=1, offloadTaskId=probe-797, offloadPayload=1024 bytes}"
5g-receiver,1783021661772701774,edge4av-real-20260702-multiclient-scalability-run-4,p5g-scale-mqtt-payload-1024-clients-100,scale,guided-planning,mqtt,,veh-50,rsu-1,p5g-scale-mqtt-payload-1024-clients-100-veh-50-798,ipi-session-1,multiclient-scalability-run-4,veh-50,798,100-clients,default,stationary,unsynced,true,true,clients,100,count,IPI-CooperativeService,1098,1783021726558261103,1783021661772620759,1783021661772701774,,,,,,"CooperativeService{guidedPlanning, status=request, vehicleId=0x7665682d3530, requestedHorizonMs=2500, confidence=100, planning.waypoints=1, offloadTaskId=probe-798, offloadPayload=1024 bytes}"
5g-receiver,1783021662013228551,edge4av-real-20260702-multiclient-scalability-run-4,p5g-scale-mqtt-payload-1024-clients-100,scale,guided-planning,mqtt,,veh-50,rsu-1,p5g-scale-mqtt-payload-1024-clients-100-veh-50-799,ipi-session-1,multiclient-scalability-run-4,veh-50,799,100-clients,default,stationary,unsynced,true,true,clients,100,count,IPI-CooperativeService,1098,1783021726784324788,1783021662013185413,1783021662013228551,,,,,,"CooperativeService{guidedPlanning, status=request, vehicleId=0x7665682d3530, requestedHorizonMs=2500, confidence=100, planning.waypoints=1, offloadTaskId=probe-799, offloadPayload=1024 bytes}"
5g-receiver,1783021662243395912,edge4av-real-20260702-multiclient-scalability-run-4,p5g-scale-mqtt-payload-1024-clients-100,scale,guided-planning,mqtt,,veh-50,rsu-1,p5g-scale-mqtt-payload-1024-clients-100-veh-50-800,ipi-session-1,multiclient-scalability-run-4,veh-50,800,100-clients,default,stationary,unsynced,true,true,clients,100,count,IPI-CooperativeService,1098,1783021727026222413,1783021662243336672,1783021662243395912,,,,,,"CooperativeService{guidedPlanning, status=request, vehicleId=0x7665682d3530, requestedHorizonMs=2500, confidence=100, planning.waypoints=1, offloadTaskId=probe-800, offloadPayload=1024 bytes}"
5g-receiver,1783021662483294252,edge4av-real-20260702-multiclient-scalability-run-4,p5g-scale-mqtt-payload-1024-clients-100,scale,guided-planning,mqtt,,veh-50,rsu-1,p5g-scale-mqtt-payload-1024-clients-100-veh-50-801,ipi-session-1,multiclient-scalability-run-4,veh-50,801,100-clients,default,stationary,unsynced,true,true,clients,100,count,IPI-CooperativeService,1098,1783021727257378547,1783021662483251250,1783021662483294252,,,,,,"CooperativeService{guidedPlanning, status=request, vehicleId=0x7665682d3530, requestedHorizonMs=2500, confidence=100, planning.waypoints=1, offloadTaskId=probe-801, offloadPayload=1024 bytes}"
5g-receiver,1783021662724027449,edge4av-real-20260702-multiclient-scalability-run-4,p5g-scale-mqtt-payload-1024-clients-100,scale,guided-planning,mqtt,,veh-50,rsu-1,p5g-scale-mqtt-payload-1024-clients-100-veh-50-802,ipi-session-1,multiclient-scalability-run-4,veh-50,802,100-clients,default,stationary,unsynced,true,true,clients,100,count,IPI-CooperativeService,1098,1783021727494257245,1783021662723983519,1783021662724027449,,,,,,"CooperativeService{guidedPlanning, status=request, vehicleId=0x7665682d3530, requestedHorizonMs=2500, confidence=100, planning.waypoints=1, offloadTaskId=probe-802, offloadPayload=1024 bytes}"
5g-receiver,1783021662964008685,edge4av-real-20260702-multiclient-scalability-run-4,p5g-scale-mqtt-payload-1024-clients-100,scale,guided-planning,mqtt,,veh-50,rsu-1,p5g-scale-mqtt-payload-1024-clients-100-veh-50-803,ipi-session-1,multiclient-scalability-run-4,veh-50,803,100-clients,default,stationary,unsynced,true,true,clients,100,count,IPI-CooperativeService,1098,1783021727736249553,1783021662963953148,1783021662964008685,,,,,,"CooperativeService{guidedPlanning, status=request, vehicleId=0x7665682d3530, requestedHorizonMs=2500, confidence=100, planning.waypoints=1, offloadTaskId=probe-803, offloadPayload=1024 bytes}"
5g-receiver,1783021663206234094,edge4av-real-20260702-multiclient-scalability-run-4,p5g-scale-mqtt-payload-1024-clients-100,scale,guided-planning,mqtt,,veh-50,rsu-1,p5g-scale-mqtt-payload-1024-clients-100-veh-50-804,ipi-session-1,multiclient-scalability-run-4,veh-50,804,100-clients,default,stationary,unsynced,true,true,clients,100,count,IPI-CooperativeService,1098,1783021727980176581,1783021663206171021,1783021663206234094,,,,,,"CooperativeService{guidedPlanning, status=request, vehicleId=0x7665682d3530, requestedHorizonMs=2500, confidence=100, planning.waypoints=1, offloadTaskId=probe-804, offloadPayload=1024 bytes}"
5g-receiver,1783021663446501137,edge4av-real-20260702-multiclient-scalability-run-4,p5g-scale-mqtt-payload-1024-clients-100,scale,guided-planning,mqtt,,veh-50,rsu-1,p5g-scale-mqtt-payload-1024-clients-100-veh-50-805,ipi-session-1,multiclient-scalability-run-4,veh-50,805,100-clients,default,stationary,unsynced,true,true,clients,100,count,IPI-CooperativeService,1098,1783021728218298690,1783021663446457225,1783021663446501137,,,,,,"CooperativeService{guidedPlanning, status=request, vehicleId=0x7665682d3530, requestedHorizonMs=2500, confidence=100, planning.waypoints=1, offloadTaskId=probe-805, offloadPayload=1024 bytes}"
5g-receiver,1783021663685192188,edge4av-real-20260702-multiclient-scalability-run-4,p5g-scale-mqtt-payload-1024-clients-100,scale,guided-planning,mqtt,,veh-50,rsu-1,p5g-scale-mqtt-payload-1024-clients-100-veh-50-806,ipi-session-1,multiclient-scalability-run-4,veh-50,806,100-clients,default,stationary,unsynced,true,true,clients,100,count,IPI-CooperativeService,1098,1783021728466326747,1783021663685149759,1783021663685192188,,,,,,"CooperativeService{guidedPlanning, status=request, vehicleId=0x7665682d3530, requestedHorizonMs=2500, confidence=100, planning.waypoints=1, offloadTaskId=probe-806, offloadPayload=1024 bytes}"
5g-receiver,1783021663926452516,edge4av-real-20260702-multiclient-scalability-run-4,p5g-scale-mqtt-payload-1024-clients-100,scale,guided-planning,mqtt,,veh-50,rsu-1,p5g-scale-mqtt-payload-1024-clients-100-veh-50-807,ipi-session-1,multiclient-scalability-run-4,veh-50,807,100-clients,default,stationary,unsynced,true,true,clients,100,count,IPI-CooperativeService,1098,1783021728696270294,1783021663926409328,1783021663926452516,,,,,,"CooperativeService{guidedPlanning, status=request, vehicleId=0x7665682d3530, requestedHorizonMs=2500, confidence=100, planning.waypoints=1, offloadTaskId=probe-807, offloadPayload=1024 bytes}"
5g-receiver,1783021664165593096,edge4av-real-20260702-multiclient-scalability-run-4,p5g-scale-mqtt-payload-1024-clients-100,scale,guided-planning,mqtt,,veh-50,rsu-1,p5g-scale-mqtt-payload-1024-clients-100-veh-50-808,ipi-session-1,multiclient-scalability-run-4,veh-50,808,100-clients,default,stationary,unsynced,true,true,clients,100,count,IPI-CooperativeService,1098,1783021728942228805,1783021664165580026,1783021664165593096,,,,,,"CooperativeService{guidedPlanning, status=request, vehicleId=0x7665682d3530, requestedHorizonMs=2500, confidence=100, planning.waypoints=1, offloadTaskId=probe-808, offloadPayload=1024 bytes}"
5g-receiver,1783021664407224147,edge4av-real-20260702-multiclient-scalability-run-4,p5g-scale-mqtt-payload-1024-clients-100,scale,guided-planning,mqtt,,veh-50,rsu-1,p5g-scale-mqtt-payload-1024-clients-100-veh-50-809,ipi-session-1,multiclient-scalability-run-4,veh-50,809,100-clients,default,stationary,unsynced,true,true,clients,100,count,IPI-CooperativeService,1098,1783021729174223148,1783021664407180643,1783021664407224147,,,,,,"CooperativeService{guidedPlanning, status=request, vehicleId=0x7665682d3530, requestedHorizonMs=2500, confidence=100, planning.waypoints=1, offloadTaskId=probe-809, offloadPayload=1024 bytes}"
5g-receiver,1783021664647731916,edge4av-real-20260702-multiclient-scalability-run-4,p5g-scale-mqtt-payload-1024-clients-100,scale,guided-planning,mqtt,,veh-50,rsu-1,p5g-scale-mqtt-payload-1024-clients-100-veh-50-810,ipi-session-1,multiclient-scalability-run-4,veh-50,810,100-clients,default,stationary,unsynced,true,true,clients,100,count,IPI-CooperativeService,1098,1783021729420327060,1783021664647688895,1783021664647731916,,,,,,"CooperativeService{guidedPlanning, status=request, vehicleId=0x7665682d3530, requestedHorizonMs=2500, confidence=100, planning.waypoints=1, offloadTaskId=probe-810, offloadPayload=1024 bytes}"
5g-receiver,1783021664889982817,edge4av-real-20260702-multiclient-scalability-run-4,p5g-scale-mqtt-payload-1024-clients-100,scale,guided-planning,mqtt,,veh-50,rsu-1,p5g-scale-mqtt-payload-1024-clients-100-veh-50-811,ipi-session-1,multiclient-scalability-run-4,veh-50,811,100-clients,default,stationary,unsynced,true,true,clients,100,count,IPI-CooperativeService,1098,1783021729660337534,1783021664889940065,1783021664889982817,,,,,,"CooperativeService{guidedPlanning, status=request, vehicleId=0x7665682d3530, requestedHorizonMs=2500, confidence=100, planning.waypoints=1, offloadTaskId=probe-811, offloadPayload=1024 bytes}"
5g-receiver,1783021665128019923,edge4av-real-20260702-multiclient-scalability-run-4,p5g-scale-mqtt-payload-1024-clients-100,scale,guided-planning,mqtt,,veh-50,rsu-1,p5g-scale-mqtt-payload-1024-clients-100-veh-50-812,ipi-session-1,multiclient-scalability-run-4,veh-50,812,100-clients,default,stationary,unsynced,true,true,clients,100,count,IPI-CooperativeService,1098,1783021729904273607,1783021665127977078,1783021665128019923,,,,,,"CooperativeService{guidedPlanning, status=request, vehicleId=0x7665682d3530, requestedHorizonMs=2500, confidence=100, planning.waypoints=1, offloadTaskId=probe-812, offloadPayload=1024 bytes}"
5g-receiver,1783021665369620163,edge4av-real-20260702-multiclient-scalability-run-4,p5g-scale-mqtt-payload-1024-clients-100,scale,guided-planning,mqtt,,veh-50,rsu-1,p5g-scale-mqtt-payload-1024-clients-100-veh-50-813,ipi-session-1,multiclient-scalability-run-4,veh-50,813,100-clients,default,stationary,unsynced,true,true,clients,100,count,IPI-CooperativeService,1098,1783021730142327537,1783021665369557157,1783021665369620163,,,,,,"CooperativeService{guidedPlanning, status=request, vehicleId=0x7665682d3530, requestedHorizonMs=2500, confidence=100, planning.waypoints=1, offloadTaskId=probe-813, offloadPayload=1024 bytes}"
5g-receiver,1783021665611796661,edge4av-real-20260702-multiclient-scalability-run-4,p5g-scale-mqtt-payload-1024-clients-100,scale,guided-planning,mqtt,,veh-50,rsu-1,p5g-scale-mqtt-payload-1024-clients-100-veh-50-814,ipi-session-1,multiclient-scalability-run-4,veh-50,814,100-clients,default,stationary,unsynced,true,true,clients,100,count,IPI-CooperativeService,1098,1783021730384232293,1783021665611752881,1783021665611796661,,,,,,"CooperativeService{guidedPlanning, status=request, vehicleId=0x7665682d3530, requestedHorizonMs=2500, confidence=100, planning.waypoints=1, offloadTaskId=probe-814, offloadPayload=1024 bytes}"
5g-receiver,1783021665860322613,edge4av-real-20260702-multiclient-scalability-run-4,p5g-scale-mqtt-payload-1024-clients-100,scale,guided-planning,mqtt,,veh-50,rsu-1,p5g-scale-mqtt-payload-1024-clients-100-veh-50-815,ipi-session-1,multiclient-scalability-run-4,veh-50,815,100-clients,default,stationary,unsynced,true,true,clients,100,count,IPI-CooperativeService,1098,1783021730626166265,1783021665860257661,1783021665860322613,,,,,,"CooperativeService{guidedPlanning, status=request, vehicleId=0x7665682d3530, requestedHorizonMs=2500, confidence=100, planning.waypoints=1, offloadTaskId=probe-815, offloadPayload=1024 bytes}"
5g-receiver,1783021666130872256,edge4av-real-20260702-multiclient-scalability-run-4,p5g-scale-mqtt-payload-1024-clients-100,scale,guided-planning,mqtt,,veh-50,rsu-1,p5g-scale-mqtt-payload-1024-clients-100-veh-50-816,ipi-session-1,multiclient-scalability-run-4,veh-50,816,100-clients,default,stationary,unsynced,true,true,clients,100,count,IPI-CooperativeService,1098,1783021730874291850,1783021666130808926,1783021666130872256,,,,,,"CooperativeService{guidedPlanning, status=request, vehicleId=0x7665682d3530, requestedHorizonMs=2500, confidence=100, planning.waypoints=1, offloadTaskId=probe-816, offloadPayload=1024 bytes}"
5g-receiver,1783021666373452710,edge4av-real-20260702-multiclient-scalability-run-4,p5g-scale-mqtt-payload-1024-clients-100,scale,guided-planning,mqtt,,veh-50,rsu-1,p5g-scale-mqtt-payload-1024-clients-100-veh-50-817,ipi-session-1,multiclient-scalability-run-4,veh-50,817,100-clients,default,stationary,unsynced,true,true,clients,100,count,IPI-CooperativeService,1098,1783021731148270439,1783021666373409082,1783021666373452710,,,,,,"CooperativeService{guidedPlanning, status=request, vehicleId=0x7665682d3530, requestedHorizonMs=2500, confidence=100, planning.waypoints=1, offloadTaskId=probe-817, offloadPayload=1024 bytes}"
5g-receiver,1783021666610981363,edge4av-real-20260702-multiclient-scalability-run-4,p5g-scale-mqtt-payload-1024-clients-100,scale,guided-planning,mqtt,,veh-50,rsu-1,p5g-scale-mqtt-payload-1024-clients-100-veh-50-818,ipi-session-1,multiclient-scalability-run-4,veh-50,818,100-clients,default,stationary,unsynced,true,true,clients,100,count,IPI-CooperativeService,1098,1783021731384358575,1783021666610938076,1783021666610981363,,,,,,"CooperativeService{guidedPlanning, status=request, vehicleId=0x7665682d3530, requestedHorizonMs=2500, confidence=100, planning.waypoints=1, offloadTaskId=probe-818, offloadPayload=1024 bytes}"
5g-receiver,1783021666850816862,edge4av-real-20260702-multiclient-scalability-run-4,p5g-scale-mqtt-payload-1024-clients-100,scale,guided-planning,mqtt,,veh-50,rsu-1,p5g-scale-mqtt-payload-1024-clients-100-veh-50-819,ipi-session-1,multiclient-scalability-run-4,veh-50,819,100-clients,default,stationary,unsynced,true,true,clients,100,count,IPI-CooperativeService,1098,1783021731622169809,1783021666850773573,1783021666850816862,,,,,,"CooperativeService{guidedPlanning, status=request, vehicleId=0x7665682d3530, requestedHorizonMs=2500, confidence=100, planning.waypoints=1, offloadTaskId=probe-819, offloadPayload=1024 bytes}"
5g-receiver,1783021667102115427,edge4av-real-20260702-multiclient-scalability-run-4,p5g-scale-mqtt-payload-1024-clients-100,scale,guided-planning,mqtt,,veh-50,rsu-1,p5g-scale-mqtt-payload-1024-clients-100-veh-50-820,ipi-session-1,multiclient-scalability-run-4,veh-50,820,100-clients,default,stationary,unsynced,true,true,clients,100,count,IPI-CooperativeService,1098,1783021731864287056,1783021667102055123,1783021667102115427,,,,,,"CooperativeService{guidedPlanning, status=request, vehicleId=0x7665682d3530, requestedHorizonMs=2500, confidence=100, planning.waypoints=1, offloadTaskId=probe-820, offloadPayload=1024 bytes}"
5g-receiver,1783021667362833138,edge4av-real-20260702-multiclient-scalability-run-4,p5g-scale-mqtt-payload-1024-clients-100,scale,guided-planning,mqtt,,veh-50,rsu-1,p5g-scale-mqtt-payload-1024-clients-100-veh-50-821,ipi-session-1,multiclient-scalability-run-4,veh-50,821,100-clients,default,stationary,unsynced,true,true,clients,100,count,IPI-CooperativeService,1098,1783021732114229765,1783021667362790634,1783021667362833138,,,,,,"CooperativeService{guidedPlanning, status=request, vehicleId=0x7665682d3530, requestedHorizonMs=2500, confidence=100, planning.waypoints=1, offloadTaskId=probe-821, offloadPayload=1024 bytes}"
5g-receiver,1783021667603140736,edge4av-real-20260702-multiclient-scalability-run-4,p5g-scale-mqtt-payload-1024-clients-100,scale,guided-planning,mqtt,,veh-50,rsu-1,p5g-scale-mqtt-payload-1024-clients-100-veh-50-822,ipi-session-1,multiclient-scalability-run-4,veh-50,822,100-clients,default,stationary,unsynced,true,true,clients,100,count,IPI-CooperativeService,1098,1783021732378258429,1783021667603080901,1783021667603140736,,,,,,"CooperativeService{guidedPlanning, status=request, vehicleId=0x7665682d3530, requestedHorizonMs=2500, confidence=100, planning.waypoints=1, offloadTaskId=probe-822, offloadPayload=1024 bytes}"
5g-receiver,1783021667842306096,edge4av-real-20260702-multiclient-scalability-run-4,p5g-scale-mqtt-payload-1024-clients-100,scale,guided-planning,mqtt,,veh-50,rsu-1,p5g-scale-mqtt-payload-1024-clients-100-veh-50-823,ipi-session-1,multiclient-scalability-run-4,veh-50,823,100-clients,default,stationary,unsynced,true,true,clients,100,count,IPI-CooperativeService,1098,1783021732618203217,1783021667842263407,1783021667842306096,,,,,,"CooperativeService{guidedPlanning, status=request, vehicleId=0x7665682d3530, requestedHorizonMs=2500, confidence=100, planning.waypoints=1, offloadTaskId=probe-823, offloadPayload=1024 bytes}"
5g-receiver,1783021668083836168,edge4av-real-20260702-multiclient-scalability-run-4,p5g-scale-mqtt-payload-1024-clients-100,scale,guided-planning,mqtt,,veh-50,rsu-1,p5g-scale-mqtt-payload-1024-clients-100-veh-50-824,ipi-session-1,multiclient-scalability-run-4,veh-50,824,100-clients,default,stationary,unsynced,true,true,clients,100,count,IPI-CooperativeService,1098,1783021732854302716,1783021668083776888,1783021668083836168,,,,,,"CooperativeService{guidedPlanning, status=request, vehicleId=0x7665682d3530, requestedHorizonMs=2500, confidence=100, planning.waypoints=1, offloadTaskId=probe-824, offloadPayload=1024 bytes}"
5g-receiver,1783021668326646599,edge4av-real-20260702-multiclient-scalability-run-4,p5g-scale-mqtt-payload-1024-clients-100,scale,guided-planning,mqtt,,veh-50,rsu-1,p5g-scale-mqtt-payload-1024-clients-100-veh-50-825,ipi-session-1,multiclient-scalability-run-4,veh-50,825,100-clients,default,stationary,unsynced,true,true,clients,100,count,IPI-CooperativeService,1098,1783021733096278125,1783021668326579516,1783021668326646599,,,,,,"CooperativeService{guidedPlanning, status=request, vehicleId=0x7665682d3530, requestedHorizonMs=2500, confidence=100, planning.waypoints=1, offloadTaskId=probe-825, offloadPayload=1024 bytes}"
5g-receiver,1783021668587469373,edge4av-real-20260702-multiclient-scalability-run-4,p5g-scale-mqtt-payload-1024-clients-100,scale,guided-planning,mqtt,,veh-50,rsu-1,p5g-scale-mqtt-payload-1024-clients-100-veh-50-826,ipi-session-1,multiclient-scalability-run-4,veh-50,826,100-clients,default,stationary,unsynced,true,true,clients,100,count,IPI-CooperativeService,1098,1783021733342377454,1783021668587412380,1783021668587469373,,,,,,"CooperativeService{guidedPlanning, status=request, vehicleId=0x7665682d3530, requestedHorizonMs=2500, confidence=100, planning.waypoints=1, offloadTaskId=probe-826, offloadPayload=1024 bytes}"
5g-receiver,1783021668835919337,edge4av-real-20260702-multiclient-scalability-run-4,p5g-scale-mqtt-payload-1024-clients-100,scale,guided-planning,mqtt,,veh-50,rsu-1,p5g-scale-mqtt-payload-1024-clients-100-veh-50-827,ipi-session-1,multiclient-scalability-run-4,veh-50,827,100-clients,default,stationary,unsynced,true,true,clients,100,count,IPI-CooperativeService,1098,1783021733602254129,1783021668835862199,1783021668835919337,,,,,,"CooperativeService{guidedPlanning, status=request, vehicleId=0x7665682d3530, requestedHorizonMs=2500, confidence=100, planning.waypoints=1, offloadTaskId=probe-827, offloadPayload=1024 bytes}"
5g-receiver,1783021669178906995,edge4av-real-20260702-multiclient-scalability-run-4,p5g-scale-mqtt-payload-1024-clients-100,scale,guided-planning,mqtt,,veh-50,rsu-1,p5g-scale-mqtt-payload-1024-clients-100-veh-50-828,ipi-session-1,multiclient-scalability-run-4,veh-50,828,100-clients,default,stationary,unsynced,true,true,clients,100,count,IPI-CooperativeService,1098,1783021733853155294,1783021669178850648,1783021669178906995,,,,,,"CooperativeService{guidedPlanning, status=request, vehicleId=0x7665682d3530, requestedHorizonMs=2500, confidence=100, planning.waypoints=1, offloadTaskId=probe-828, offloadPayload=1024 bytes}"
5g-receiver,1783021669476424323,edge4av-real-20260702-multiclient-scalability-run-4,p5g-scale-mqtt-payload-1024-clients-100,scale,guided-planning,mqtt,,veh-50,rsu-1,p5g-scale-mqtt-payload-1024-clients-100-veh-50-829,ipi-session-1,multiclient-scalability-run-4,veh-50,829,100-clients,default,stationary,unsynced,true,true,clients,100,count,IPI-CooperativeService,1098,1783021734190230077,1783021669476368784,1783021669476424323,,,,,,"CooperativeService{guidedPlanning, status=request, vehicleId=0x7665682d3530, requestedHorizonMs=2500, confidence=100, planning.waypoints=1, offloadTaskId=probe-829, offloadPayload=1024 bytes}"
5g-receiver,1783021669726514579,edge4av-real-20260702-multiclient-scalability-run-4,p5g-scale-mqtt-payload-1024-clients-100,scale,guided-planning,mqtt,,veh-50,rsu-1,p5g-scale-mqtt-payload-1024-clients-100-veh-50-830,ipi-session-1,multiclient-scalability-run-4,veh-50,830,100-clients,default,stationary,unsynced,true,true,clients,100,count,IPI-CooperativeService,1098,1783021734486270185,1783021669726471663,1783021669726514579,,,,,,"CooperativeService{guidedPlanning, status=request, vehicleId=0x7665682d3530, requestedHorizonMs=2500, confidence=100, planning.waypoints=1, offloadTaskId=probe-830, offloadPayload=1024 bytes}"
5g-receiver,1783021669967467208,edge4av-real-20260702-multiclient-scalability-run-4,p5g-scale-mqtt-payload-1024-clients-100,scale,guided-planning,mqtt,,veh-50,rsu-1,p5g-scale-mqtt-payload-1024-clients-100-veh-50-831,ipi-session-1,multiclient-scalability-run-4,veh-50,831,100-clients,default,stationary,unsynced,true,true,clients,100,count,IPI-CooperativeService,1098,1783021734744230683,1783021669967424080,1783021669967467208,,,,,,"CooperativeService{guidedPlanning, status=request, vehicleId=0x7665682d3530, requestedHorizonMs=2500, confidence=100, planning.waypoints=1, offloadTaskId=probe-831, offloadPayload=1024 bytes}"
5g-receiver,1783021670278732463,edge4av-real-20260702-multiclient-scalability-run-4,p5g-scale-mqtt-payload-1024-clients-100,scale,guided-planning,mqtt,,veh-50,rsu-1,p5g-scale-mqtt-payload-1024-clients-100-veh-50-832,ipi-session-1,multiclient-scalability-run-4,veh-50,832,100-clients,default,stationary,unsynced,true,true,clients,100,count,IPI-CooperativeService,1098,1783021734984224717,1783021670278676689,1783021670278732463,,,,,,"CooperativeService{guidedPlanning, status=request, vehicleId=0x7665682d3530, requestedHorizonMs=2500, confidence=100, planning.waypoints=1, offloadTaskId=probe-832, offloadPayload=1024 bytes}"
5g-receiver,1783021670530367204,edge4av-real-20260702-multiclient-scalability-run-4,p5g-scale-mqtt-payload-1024-clients-100,scale,guided-planning,mqtt,,veh-50,rsu-1,p5g-scale-mqtt-payload-1024-clients-100-veh-50-833,ipi-session-1,multiclient-scalability-run-4,veh-50,833,100-clients,default,stationary,unsynced,true,true,clients,100,count,IPI-CooperativeService,1098,1783021735292397137,1783021670530324738,1783021670530367204,,,,,,"CooperativeService{guidedPlanning, status=request, vehicleId=0x7665682d3530, requestedHorizonMs=2500, confidence=100, planning.waypoints=1, offloadTaskId=probe-833, offloadPayload=1024 bytes}"
5g-receiver,1783021670767663752,edge4av-real-20260702-multiclient-scalability-run-4,p5g-scale-mqtt-payload-1024-clients-100,scale,guided-planning,mqtt,,veh-50,rsu-1,p5g-scale-mqtt-payload-1024-clients-100-veh-50-834,ipi-session-1,multiclient-scalability-run-4,veh-50,834,100-clients,default,stationary,unsynced,true,true,clients,100,count,IPI-CooperativeService,1098,1783021735544267603,1783021670767621051,1783021670767663752,,,,,,"CooperativeService{guidedPlanning, status=request, vehicleId=0x7665682d3530, requestedHorizonMs=2500, confidence=100, planning.waypoints=1, offloadTaskId=probe-834, offloadPayload=1024 bytes}"
5g-receiver,1783021671009665244,edge4av-real-20260702-multiclient-scalability-run-4,p5g-scale-mqtt-payload-1024-clients-100,scale,guided-planning,mqtt,,veh-50,rsu-1,p5g-scale-mqtt-payload-1024-clients-100-veh-50-835,ipi-session-1,multiclient-scalability-run-4,veh-50,835,100-clients,default,stationary,unsynced,true,true,clients,100,count,IPI-CooperativeService,1098,1783021735784213060,1783021671009621356,1783021671009665244,,,,,,"CooperativeService{guidedPlanning, status=request, vehicleId=0x7665682d3530, requestedHorizonMs=2500, confidence=100, planning.waypoints=1, offloadTaskId=probe-835, offloadPayload=1024 bytes}"
5g-receiver,1783021671250307429,edge4av-real-20260702-multiclient-scalability-run-4,p5g-scale-mqtt-payload-1024-clients-100,scale,guided-planning,mqtt,,veh-50,rsu-1,p5g-scale-mqtt-payload-1024-clients-100-veh-50-836,ipi-session-1,multiclient-scalability-run-4,veh-50,836,100-clients,default,stationary,unsynced,true,true,clients,100,count,IPI-CooperativeService,1098,1783021736020335494,1783021671250243934,1783021671250307429,,,,,,"CooperativeService{guidedPlanning, status=request, vehicleId=0x7665682d3530, requestedHorizonMs=2500, confidence=100, planning.waypoints=1, offloadTaskId=probe-836, offloadPayload=1024 bytes}"
5g-receiver,1783021671481522934,edge4av-real-20260702-multiclient-scalability-run-4,p5g-scale-mqtt-payload-1024-clients-100,scale,guided-planning,mqtt,,veh-50,rsu-1,p5g-scale-mqtt-payload-1024-clients-100-veh-50-837,ipi-session-1,multiclient-scalability-run-4,veh-50,837,100-clients,default,stationary,unsynced,true,true,clients,100,count,IPI-CooperativeService,1098,1783021736262253690,1783021671481464455,1783021671481522934,,,,,,"CooperativeService{guidedPlanning, status=request, vehicleId=0x7665682d3530, requestedHorizonMs=2500, confidence=100, planning.waypoints=1, offloadTaskId=probe-837, offloadPayload=1024 bytes}"
5g-receiver,1783021671780227797,edge4av-real-20260702-multiclient-scalability-run-4,p5g-scale-mqtt-payload-1024-clients-100,scale,guided-planning,mqtt,,veh-50,rsu-1,p5g-scale-mqtt-payload-1024-clients-100-veh-50-838,ipi-session-1,multiclient-scalability-run-4,veh-50,838,100-clients,default,stationary,unsynced,true,true,clients,100,count,IPI-CooperativeService,1098,1783021736494375507,1783021671780161849,1783021671780227797,,,,,,"CooperativeService{guidedPlanning, status=request, vehicleId=0x7665682d3530, requestedHorizonMs=2500, confidence=100, planning.waypoints=1, offloadTaskId=probe-838, offloadPayload=1024 bytes}"
5g-receiver,1783021672011692536,edge4av-real-20260702-multiclient-scalability-run-4,p5g-scale-mqtt-payload-1024-clients-100,scale,guided-planning,mqtt,,veh-50,rsu-1,p5g-scale-mqtt-payload-1024-clients-100-veh-50-839,ipi-session-1,multiclient-scalability-run-4,veh-50,839,100-clients,default,stationary,unsynced,true,true,clients,100,count,IPI-CooperativeService,1098,1783021736792258442,1783021672011649019,1783021672011692536,,,,,,"CooperativeService{guidedPlanning, status=request, vehicleId=0x7665682d3530, requestedHorizonMs=2500, confidence=100, planning.waypoints=1, offloadTaskId=probe-839, offloadPayload=1024 bytes}"
5g-receiver,1783021672280117376,edge4av-real-20260702-multiclient-scalability-run-4,p5g-scale-mqtt-payload-1024-clients-100,scale,guided-planning,mqtt,,veh-50,rsu-1,p5g-scale-mqtt-payload-1024-clients-100-veh-50-840,ipi-session-1,multiclient-scalability-run-4,veh-50,840,100-clients,default,stationary,unsynced,true,true,clients,100,count,IPI-CooperativeService,1098,1783021737022387739,1783021672280075153,1783021672280117376,,,,,,"CooperativeService{guidedPlanning, status=request, vehicleId=0x7665682d3530, requestedHorizonMs=2500, confidence=100, planning.waypoints=1, offloadTaskId=probe-840, offloadPayload=1024 bytes}"
5g-receiver,1783021672522398857,edge4av-real-20260702-multiclient-scalability-run-4,p5g-scale-mqtt-payload-1024-clients-100,scale,guided-planning,mqtt,,veh-50,rsu-1,p5g-scale-mqtt-payload-1024-clients-100-veh-50-841,ipi-session-1,multiclient-scalability-run-4,veh-50,841,100-clients,default,stationary,unsynced,true,true,clients,100,count,IPI-CooperativeService,1098,1783021737294323420,1783021672522337422,1783021672522398857,,,,,,"CooperativeService{guidedPlanning, status=request, vehicleId=0x7665682d3530, requestedHorizonMs=2500, confidence=100, planning.waypoints=1, offloadTaskId=probe-841, offloadPayload=1024 bytes}"
5g-receiver,1783021672761669763,edge4av-real-20260702-multiclient-scalability-run-4,p5g-scale-mqtt-payload-1024-clients-100,scale,guided-planning,mqtt,,veh-50,rsu-1,p5g-scale-mqtt-payload-1024-clients-100-veh-50-842,ipi-session-1,multiclient-scalability-run-4,veh-50,842,100-clients,default,stationary,unsynced,true,true,clients,100,count,IPI-CooperativeService,1098,1783021737536192801,1783021672761626314,1783021672761669763,,,,,,"CooperativeService{guidedPlanning, status=request, vehicleId=0x7665682d3530, requestedHorizonMs=2500, confidence=100, planning.waypoints=1, offloadTaskId=probe-842, offloadPayload=1024 bytes}"
5g-receiver,1783021673006505575,edge4av-real-20260702-multiclient-scalability-run-4,p5g-scale-mqtt-payload-1024-clients-100,scale,guided-planning,mqtt,,veh-50,rsu-1,p5g-scale-mqtt-payload-1024-clients-100-veh-50-843,ipi-session-1,multiclient-scalability-run-4,veh-50,843,100-clients,default,stationary,unsynced,true,true,clients,100,count,IPI-CooperativeService,1098,1783021737780475203,1783021673006461901,1783021673006505575,,,,,,"CooperativeService{guidedPlanning, status=request, vehicleId=0x7665682d3530, requestedHorizonMs=2500, confidence=100, planning.waypoints=1, offloadTaskId=probe-843, offloadPayload=1024 bytes}"
5g-receiver,1783021673234995467,edge4av-real-20260702-multiclient-scalability-run-4,p5g-scale-mqtt-payload-1024-clients-100,scale,guided-planning,mqtt,,veh-50,rsu-1,p5g-scale-mqtt-payload-1024-clients-100-veh-50-844,ipi-session-1,multiclient-scalability-run-4,veh-50,844,100-clients,default,stationary,unsynced,true,true,clients,100,count,IPI-CooperativeService,1098,1783021738016169622,1783021673234952282,1783021673234995467,,,,,,"CooperativeService{guidedPlanning, status=request, vehicleId=0x7665682d3530, requestedHorizonMs=2500, confidence=100, planning.waypoints=1, offloadTaskId=probe-844, offloadPayload=1024 bytes}"
5g-receiver,1783021673472392712,edge4av-real-20260702-multiclient-scalability-run-4,p5g-scale-mqtt-payload-1024-clients-100,scale,guided-planning,mqtt,,veh-50,rsu-1,p5g-scale-mqtt-payload-1024-clients-100-veh-50-845,ipi-session-1,multiclient-scalability-run-4,veh-50,845,100-clients,default,stationary,unsynced,true,true,clients,100,count,IPI-CooperativeService,1098,1783021738250202087,1783021673472339785,1783021673472392712,,,,,,"CooperativeService{guidedPlanning, status=request, vehicleId=0x7665682d3530, requestedHorizonMs=2500, confidence=100, planning.waypoints=1, offloadTaskId=probe-845, offloadPayload=1024 bytes}"
5g-receiver,1783021673713300888,edge4av-real-20260702-multiclient-scalability-run-4,p5g-scale-mqtt-payload-1024-clients-100,scale,guided-planning,mqtt,,veh-50,rsu-1,p5g-scale-mqtt-payload-1024-clients-100-veh-50-846,ipi-session-1,multiclient-scalability-run-4,veh-50,846,100-clients,default,stationary,unsynced,true,true,clients,100,count,IPI-CooperativeService,1098,1783021738488368475,1783021673713258735,1783021673713300888,,,,,,"CooperativeService{guidedPlanning, status=request, vehicleId=0x7665682d3530, requestedHorizonMs=2500, confidence=100, planning.waypoints=1, offloadTaskId=probe-846, offloadPayload=1024 bytes}"
5g-receiver,1783021673946207017,edge4av-real-20260702-multiclient-scalability-run-4,p5g-scale-mqtt-payload-1024-clients-100,scale,guided-planning,mqtt,,veh-50,rsu-1,p5g-scale-mqtt-payload-1024-clients-100-veh-50-847,ipi-session-1,multiclient-scalability-run-4,veh-50,847,100-clients,default,stationary,unsynced,true,true,clients,100,count,IPI-CooperativeService,1098,1783021738730389653,1783021673946142489,1783021673946207017,,,,,,"CooperativeService{guidedPlanning, status=request, vehicleId=0x7665682d3530, requestedHorizonMs=2500, confidence=100, planning.waypoints=1, offloadTaskId=probe-847, offloadPayload=1024 bytes}"
5g-receiver,1783021674184795826,edge4av-real-20260702-multiclient-scalability-run-4,p5g-scale-mqtt-payload-1024-clients-100,scale,guided-planning,mqtt,,veh-50,rsu-1,p5g-scale-mqtt-payload-1024-clients-100-veh-50-848,ipi-session-1,multiclient-scalability-run-4,veh-50,848,100-clients,default,stationary,unsynced,true,true,clients,100,count,IPI-CooperativeService,1098,1783021738958311284,1783021674184752772,1783021674184795826,,,,,,"CooperativeService{guidedPlanning, status=request, vehicleId=0x7665682d3530, requestedHorizonMs=2500, confidence=100, planning.waypoints=1, offloadTaskId=probe-848, offloadPayload=1024 bytes}"
5g-receiver,1783021674415087582,edge4av-real-20260702-multiclient-scalability-run-4,p5g-scale-mqtt-payload-1024-clients-100,scale,guided-planning,mqtt,,veh-50,rsu-1,p5g-scale-mqtt-payload-1024-clients-100-veh-50-849,ipi-session-1,multiclient-scalability-run-4,veh-50,849,100-clients,default,stationary,unsynced,true,true,clients,100,count,IPI-CooperativeService,1098,1783021739200328476,1783021674415044236,1783021674415087582,,,,,,"CooperativeService{guidedPlanning, status=request, vehicleId=0x7665682d3530, requestedHorizonMs=2500, confidence=100, planning.waypoints=1, offloadTaskId=probe-849, offloadPayload=1024 bytes}"
5g-receiver,1783021674664623602,edge4av-real-20260702-multiclient-scalability-run-4,p5g-scale-mqtt-payload-1024-clients-100,scale,guided-planning,mqtt,,veh-50,rsu-1,p5g-scale-mqtt-payload-1024-clients-100-veh-50-850,ipi-session-1,multiclient-scalability-run-4,veh-50,850,100-clients,default,stationary,unsynced,true,true,clients,100,count,IPI-CooperativeService,1098,1783021739426366521,1783021674664560192,1783021674664623602,,,,,,"CooperativeService{guidedPlanning, status=request, vehicleId=0x7665682d3530, requestedHorizonMs=2500, confidence=100, planning.waypoints=1, offloadTaskId=probe-850, offloadPayload=1024 bytes}"
5g-receiver,1783021674904746527,edge4av-real-20260702-multiclient-scalability-run-4,p5g-scale-mqtt-payload-1024-clients-100,scale,guided-planning,mqtt,,veh-50,rsu-1,p5g-scale-mqtt-payload-1024-clients-100-veh-50-851,ipi-session-1,multiclient-scalability-run-4,veh-50,851,100-clients,default,stationary,unsynced,true,true,clients,100,count,IPI-CooperativeService,1098,1783021739680320705,1783021674904665512,1783021674904746527,,,,,,"CooperativeService{guidedPlanning, status=request, vehicleId=0x7665682d3530, requestedHorizonMs=2500, confidence=100, planning.waypoints=1, offloadTaskId=probe-851, offloadPayload=1024 bytes}"
5g-receiver,1783021675145494507,edge4av-real-20260702-multiclient-scalability-run-4,p5g-scale-mqtt-payload-1024-clients-100,scale,guided-planning,mqtt,,veh-50,rsu-1,p5g-scale-mqtt-payload-1024-clients-100-veh-50-852,ipi-session-1,multiclient-scalability-run-4,veh-50,852,100-clients,default,stationary,unsynced,true,true,clients,100,count,IPI-CooperativeService,1098,1783021739920397384,1783021675145451759,1783021675145494507,,,,,,"CooperativeService{guidedPlanning, status=request, vehicleId=0x7665682d3530, requestedHorizonMs=2500, confidence=100, planning.waypoints=1, offloadTaskId=probe-852, offloadPayload=1024 bytes}"
5g-receiver,1783021675386407884,edge4av-real-20260702-multiclient-scalability-run-4,p5g-scale-mqtt-payload-1024-clients-100,scale,guided-planning,mqtt,,veh-50,rsu-1,p5g-scale-mqtt-payload-1024-clients-100-veh-50-853,ipi-session-1,multiclient-scalability-run-4,veh-50,853,100-clients,default,stationary,unsynced,true,true,clients,100,count,IPI-CooperativeService,1098,1783021740160309528,1783021675386364551,1783021675386407884,,,,,,"CooperativeService{guidedPlanning, status=request, vehicleId=0x7665682d3530, requestedHorizonMs=2500, confidence=100, planning.waypoints=1, offloadTaskId=probe-853, offloadPayload=1024 bytes}"
5g-receiver,1783021675626809700,edge4av-real-20260702-multiclient-scalability-run-4,p5g-scale-mqtt-payload-1024-clients-100,scale,guided-planning,mqtt,,veh-50,rsu-1,p5g-scale-mqtt-payload-1024-clients-100-veh-50-854,ipi-session-1,multiclient-scalability-run-4,veh-50,854,100-clients,default,stationary,unsynced,true,true,clients,100,count,IPI-CooperativeService,1098,1783021740398359806,1783021675626766503,1783021675626809700,,,,,,"CooperativeService{guidedPlanning, status=request, vehicleId=0x7665682d3530, requestedHorizonMs=2500, confidence=100, planning.waypoints=1, offloadTaskId=probe-854, offloadPayload=1024 bytes}"
5g-receiver,1783021675867848480,edge4av-real-20260702-multiclient-scalability-run-4,p5g-scale-mqtt-payload-1024-clients-100,scale,guided-planning,mqtt,,veh-50,rsu-1,p5g-scale-mqtt-payload-1024-clients-100-veh-50-855,ipi-session-1,multiclient-scalability-run-4,veh-50,855,100-clients,default,stationary,unsynced,true,true,clients,100,count,IPI-CooperativeService,1098,1783021740640298509,1783021675867805305,1783021675867848480,,,,,,"CooperativeService{guidedPlanning, status=request, vehicleId=0x7665682d3530, requestedHorizonMs=2500, confidence=100, planning.waypoints=1, offloadTaskId=probe-855, offloadPayload=1024 bytes}"
5g-receiver,1783021676107240606,edge4av-real-20260702-multiclient-scalability-run-4,p5g-scale-mqtt-payload-1024-clients-100,scale,guided-planning,mqtt,,veh-50,rsu-1,p5g-scale-mqtt-payload-1024-clients-100-veh-50-856,ipi-session-1,multiclient-scalability-run-4,veh-50,856,100-clients,default,stationary,unsynced,true,true,clients,100,count,IPI-CooperativeService,1098,1783021740884292967,1783021676107190906,1783021676107240606,,,,,,"CooperativeService{guidedPlanning, status=request, vehicleId=0x7665682d3530, requestedHorizonMs=2500, confidence=100, planning.waypoints=1, offloadTaskId=probe-856, offloadPayload=1024 bytes}"
5g-receiver,1783021676350635022,edge4av-real-20260702-multiclient-scalability-run-4,p5g-scale-mqtt-payload-1024-clients-100,scale,guided-planning,mqtt,,veh-50,rsu-1,p5g-scale-mqtt-payload-1024-clients-100-veh-50-857,ipi-session-1,multiclient-scalability-run-4,veh-50,857,100-clients,default,stationary,unsynced,true,true,clients,100,count,IPI-CooperativeService,1098,1783021741126388788,1783021676350585673,1783021676350635022,,,,,,"CooperativeService{guidedPlanning, status=request, vehicleId=0x7665682d3530, requestedHorizonMs=2500, confidence=100, planning.waypoints=1, offloadTaskId=probe-857, offloadPayload=1024 bytes}"
5g-receiver,1783021676598155829,edge4av-real-20260702-multiclient-scalability-run-4,p5g-scale-mqtt-payload-1024-clients-100,scale,guided-planning,mqtt,,veh-50,rsu-1,p5g-scale-mqtt-payload-1024-clients-100-veh-50-858,ipi-session-1,multiclient-scalability-run-4,veh-50,858,100-clients,default,stationary,unsynced,true,true,clients,100,count,IPI-CooperativeService,1098,1783021741372399899,1783021676598114302,1783021676598155829,,,,,,"CooperativeService{guidedPlanning, status=request, vehicleId=0x7665682d3530, requestedHorizonMs=2500, confidence=100, planning.waypoints=1, offloadTaskId=probe-858, offloadPayload=1024 bytes}"
5g-receiver,1783021676828310438,edge4av-real-20260702-multiclient-scalability-run-4,p5g-scale-mqtt-payload-1024-clients-100,scale,guided-planning,mqtt,,veh-50,rsu-1,p5g-scale-mqtt-payload-1024-clients-100-veh-50-859,ipi-session-1,multiclient-scalability-run-4,veh-50,859,100-clients,default,stationary,unsynced,true,true,clients,100,count,IPI-CooperativeService,1098,1783021741610366296,1783021676828267122,1783021676828310438,,,,,,"CooperativeService{guidedPlanning, status=request, vehicleId=0x7665682d3530, requestedHorizonMs=2500, confidence=100, planning.waypoints=1, offloadTaskId=probe-859, offloadPayload=1024 bytes}"
5g-receiver,1783021677069238013,edge4av-real-20260702-multiclient-scalability-run-4,p5g-scale-mqtt-payload-1024-clients-100,scale,guided-planning,mqtt,,veh-50,rsu-1,p5g-scale-mqtt-payload-1024-clients-100-veh-50-860,ipi-session-1,multiclient-scalability-run-4,veh-50,860,100-clients,default,stationary,unsynced,true,true,clients,100,count,IPI-CooperativeService,1098,1783021741844216038,1783021677069194549,1783021677069238013,,,,,,"CooperativeService{guidedPlanning, status=request, vehicleId=0x7665682d3530, requestedHorizonMs=2500, confidence=100, planning.waypoints=1, offloadTaskId=probe-860, offloadPayload=1024 bytes}"
5g-receiver,1783021677300711412,edge4av-real-20260702-multiclient-scalability-run-4,p5g-scale-mqtt-payload-1024-clients-100,scale,guided-planning,mqtt,,veh-50,rsu-1,p5g-scale-mqtt-payload-1024-clients-100-veh-50-861,ipi-session-1,multiclient-scalability-run-4,veh-50,861,100-clients,default,stationary,unsynced,true,true,clients,100,count,IPI-CooperativeService,1098,1783021742086362376,1783021677300629875,1783021677300711412,,,,,,"CooperativeService{guidedPlanning, status=request, vehicleId=0x7665682d3530, requestedHorizonMs=2500, confidence=100, planning.waypoints=1, offloadTaskId=probe-861, offloadPayload=1024 bytes}"
5g-receiver,1783021677529220334,edge4av-real-20260702-multiclient-scalability-run-4,p5g-scale-mqtt-payload-1024-clients-100,scale,guided-planning,mqtt,,veh-50,rsu-1,p5g-scale-mqtt-payload-1024-clients-100-veh-50-862,ipi-session-1,multiclient-scalability-run-4,veh-50,862,100-clients,default,stationary,unsynced,true,true,clients,100,count,IPI-CooperativeService,1098,1783021742312316498,1783021677529166123,1783021677529220334,,,,,,"CooperativeService{guidedPlanning, status=request, vehicleId=0x7665682d3530, requestedHorizonMs=2500, confidence=100, planning.waypoints=1, offloadTaskId=probe-862, offloadPayload=1024 bytes}"
5g-receiver,1783021677760953169,edge4av-real-20260702-multiclient-scalability-run-4,p5g-scale-mqtt-payload-1024-clients-100,scale,guided-planning,mqtt,,veh-50,rsu-1,p5g-scale-mqtt-payload-1024-clients-100-veh-50-863,ipi-session-1,multiclient-scalability-run-4,veh-50,863,100-clients,default,stationary,unsynced,true,true,clients,100,count,IPI-CooperativeService,1098,1783021742540384025,1783021677760911351,1783021677760953169,,,,,,"CooperativeService{guidedPlanning, status=request, vehicleId=0x7665682d3530, requestedHorizonMs=2500, confidence=100, planning.waypoints=1, offloadTaskId=probe-863, offloadPayload=1024 bytes}"
5g-receiver,1783021678003213981,edge4av-real-20260702-multiclient-scalability-run-4,p5g-scale-mqtt-payload-1024-clients-100,scale,guided-planning,mqtt,,veh-50,rsu-1,p5g-scale-mqtt-payload-1024-clients-100-veh-50-864,ipi-session-1,multiclient-scalability-run-4,veh-50,864,100-clients,default,stationary,unsynced,true,true,clients,100,count,IPI-CooperativeService,1098,1783021742782320877,1783021678003170763,1783021678003213981,,,,,,"CooperativeService{guidedPlanning, status=request, vehicleId=0x7665682d3530, requestedHorizonMs=2500, confidence=100, planning.waypoints=1, offloadTaskId=probe-864, offloadPayload=1024 bytes}"
5g-receiver,1783021678241816681,edge4av-real-20260702-multiclient-scalability-run-4,p5g-scale-mqtt-payload-1024-clients-100,scale,guided-planning,mqtt,,veh-50,rsu-1,p5g-scale-mqtt-payload-1024-clients-100-veh-50-865,ipi-session-1,multiclient-scalability-run-4,veh-50,865,100-clients,default,stationary,unsynced,true,true,clients,100,count,IPI-CooperativeService,1098,1783021743016439525,1783021678241752692,1783021678241816681,,,,,,"CooperativeService{guidedPlanning, status=request, vehicleId=0x7665682d3530, requestedHorizonMs=2500, confidence=100, planning.waypoints=1, offloadTaskId=probe-865, offloadPayload=1024 bytes}"
5g-receiver,1783021678481484485,edge4av-real-20260702-multiclient-scalability-run-4,p5g-scale-mqtt-payload-1024-clients-100,scale,guided-planning,mqtt,,veh-50,rsu-1,p5g-scale-mqtt-payload-1024-clients-100-veh-50-866,ipi-session-1,multiclient-scalability-run-4,veh-50,866,100-clients,default,stationary,unsynced,true,true,clients,100,count,IPI-CooperativeService,1098,1783021743256284105,1783021678481441601,1783021678481484485,,,,,,"CooperativeService{guidedPlanning, status=request, vehicleId=0x7665682d3530, requestedHorizonMs=2500, confidence=100, planning.waypoints=1, offloadTaskId=probe-866, offloadPayload=1024 bytes}"
5g-receiver,1783021678712818353,edge4av-real-20260702-multiclient-scalability-run-4,p5g-scale-mqtt-payload-1024-clients-100,scale,guided-planning,mqtt,,veh-50,rsu-1,p5g-scale-mqtt-payload-1024-clients-100-veh-50-867,ipi-session-1,multiclient-scalability-run-4,veh-50,867,100-clients,default,stationary,unsynced,true,true,clients,100,count,IPI-CooperativeService,1098,1783021743496330079,1783021678712763336,1783021678712818353,,,,,,"CooperativeService{guidedPlanning, status=request, vehicleId=0x7665682d3530, requestedHorizonMs=2500, confidence=100, planning.waypoints=1, offloadTaskId=probe-867, offloadPayload=1024 bytes}"
5g-receiver,1783021678952094516,edge4av-real-20260702-multiclient-scalability-run-4,p5g-scale-mqtt-payload-1024-clients-100,scale,guided-planning,mqtt,,veh-50,rsu-1,p5g-scale-mqtt-payload-1024-clients-100-veh-50-868,ipi-session-1,multiclient-scalability-run-4,veh-50,868,100-clients,default,stationary,unsynced,true,true,clients,100,count,IPI-CooperativeService,1098,1783021743736275590,1783021678952051483,1783021678952094516,,,,,,"CooperativeService{guidedPlanning, status=request, vehicleId=0x7665682d3530, requestedHorizonMs=2500, confidence=100, planning.waypoints=1, offloadTaskId=probe-868, offloadPayload=1024 bytes}"
5g-receiver,1783021679184442758,edge4av-real-20260702-multiclient-scalability-run-4,p5g-scale-mqtt-payload-1024-clients-100,scale,guided-planning,mqtt,,veh-50,rsu-1,p5g-scale-mqtt-payload-1024-clients-100-veh-50-869,ipi-session-1,multiclient-scalability-run-4,veh-50,869,100-clients,default,stationary,unsynced,true,true,clients,100,count,IPI-CooperativeService,1098,1783021743964460208,1783021679184378026,1783021679184442758,,,,,,"CooperativeService{guidedPlanning, status=request, vehicleId=0x7665682d3530, requestedHorizonMs=2500, confidence=100, planning.waypoints=1, offloadTaskId=probe-869, offloadPayload=1024 bytes}"
5g-receiver,1783021679415040310,edge4av-real-20260702-multiclient-scalability-run-4,p5g-scale-mqtt-payload-1024-clients-100,scale,guided-planning,mqtt,,veh-50,rsu-1,p5g-scale-mqtt-payload-1024-clients-100-veh-50-870,ipi-session-1,multiclient-scalability-run-4,veh-50,870,100-clients,default,stationary,unsynced,true,true,clients,100,count,IPI-CooperativeService,1098,1783021744194407506,1783021679414988205,1783021679415040310,,,,,,"CooperativeService{guidedPlanning, status=request, vehicleId=0x7665682d3530, requestedHorizonMs=2500, confidence=100, planning.waypoints=1, offloadTaskId=probe-870, offloadPayload=1024 bytes}"
5g-receiver,1783021679665141198,edge4av-real-20260702-multiclient-scalability-run-4,p5g-scale-mqtt-payload-1024-clients-100,scale,guided-planning,mqtt,,veh-50,rsu-1,p5g-scale-mqtt-payload-1024-clients-100-veh-50-871,ipi-session-1,multiclient-scalability-run-4,veh-50,871,100-clients,default,stationary,unsynced,true,true,clients,100,count,IPI-CooperativeService,1098,1783021744434382594,1783021679665074094,1783021679665141198,,,,,,"CooperativeService{guidedPlanning, status=request, vehicleId=0x7665682d3530, requestedHorizonMs=2500, confidence=100, planning.waypoints=1, offloadTaskId=probe-871, offloadPayload=1024 bytes}"
5g-receiver,1783021679905556156,edge4av-real-20260702-multiclient-scalability-run-4,p5g-scale-mqtt-payload-1024-clients-100,scale,guided-planning,mqtt,,veh-50,rsu-1,p5g-scale-mqtt-payload-1024-clients-100-veh-50-872,ipi-session-1,multiclient-scalability-run-4,veh-50,872,100-clients,default,stationary,unsynced,true,true,clients,100,count,IPI-CooperativeService,1098,1783021744674505548,1783021679905495016,1783021679905556156,,,,,,"CooperativeService{guidedPlanning, status=request, vehicleId=0x7665682d3530, requestedHorizonMs=2500, confidence=100, planning.waypoints=1, offloadTaskId=probe-872, offloadPayload=1024 bytes}"
5g-receiver,1783021680145383488,edge4av-real-20260702-multiclient-scalability-run-4,p5g-scale-mqtt-payload-1024-clients-100,scale,guided-planning,mqtt,,veh-50,rsu-1,p5g-scale-mqtt-payload-1024-clients-100-veh-50-873,ipi-session-1,multiclient-scalability-run-4,veh-50,873,100-clients,default,stationary,unsynced,true,true,clients,100,count,IPI-CooperativeService,1098,1783021744920283490,1783021680145339984,1783021680145383488,,,,,,"CooperativeService{guidedPlanning, status=request, vehicleId=0x7665682d3530, requestedHorizonMs=2500, confidence=100, planning.waypoints=1, offloadTaskId=probe-873, offloadPayload=1024 bytes}"
5g-receiver,1783021680374783317,edge4av-real-20260702-multiclient-scalability-run-4,p5g-scale-mqtt-payload-1024-clients-100,scale,guided-planning,mqtt,,veh-50,rsu-1,p5g-scale-mqtt-payload-1024-clients-100-veh-50-874,ipi-session-1,multiclient-scalability-run-4,veh-50,874,100-clients,default,stationary,unsynced,true,true,clients,100,count,IPI-CooperativeService,1098,1783021745154364969,1783021680374741391,1783021680374783317,,,,,,"CooperativeService{guidedPlanning, status=request, vehicleId=0x7665682d3530, requestedHorizonMs=2500, confidence=100, planning.waypoints=1, offloadTaskId=probe-874, offloadPayload=1024 bytes}"
5g-receiver,1783021680606207196,edge4av-real-20260702-multiclient-scalability-run-4,p5g-scale-mqtt-payload-1024-clients-100,scale,guided-planning,mqtt,,veh-50,rsu-1,p5g-scale-mqtt-payload-1024-clients-100-veh-50-875,ipi-session-1,multiclient-scalability-run-4,veh-50,875,100-clients,default,stationary,unsynced,true,true,clients,100,count,IPI-CooperativeService,1098,1783021745386264787,1783021680606164293,1783021680606207196,,,,,,"CooperativeService{guidedPlanning, status=request, vehicleId=0x7665682d3530, requestedHorizonMs=2500, confidence=100, planning.waypoints=1, offloadTaskId=probe-875, offloadPayload=1024 bytes}"
5g-receiver,1783021680846970764,edge4av-real-20260702-multiclient-scalability-run-4,p5g-scale-mqtt-payload-1024-clients-100,scale,guided-planning,mqtt,,veh-50,rsu-1,p5g-scale-mqtt-payload-1024-clients-100-veh-50-876,ipi-session-1,multiclient-scalability-run-4,veh-50,876,100-clients,default,stationary,unsynced,true,true,clients,100,count,IPI-CooperativeService,1098,1783021745618170966,1783021680846913430,1783021680846970764,,,,,,"CooperativeService{guidedPlanning, status=request, vehicleId=0x7665682d3530, requestedHorizonMs=2500, confidence=100, planning.waypoints=1, offloadTaskId=probe-876, offloadPayload=1024 bytes}"
5g-receiver,1783021681088084148,edge4av-real-20260702-multiclient-scalability-run-4,p5g-scale-mqtt-payload-1024-clients-100,scale,guided-planning,mqtt,,veh-50,rsu-1,p5g-scale-mqtt-payload-1024-clients-100-veh-50-877,ipi-session-1,multiclient-scalability-run-4,veh-50,877,100-clients,default,stationary,unsynced,true,true,clients,100,count,IPI-CooperativeService,1098,1783021745858371274,1783021681088025460,1783021681088084148,,,,,,"CooperativeService{guidedPlanning, status=request, vehicleId=0x7665682d3530, requestedHorizonMs=2500, confidence=100, planning.waypoints=1, offloadTaskId=probe-877, offloadPayload=1024 bytes}"
5g-receiver,1783021681325948428,edge4av-real-20260702-multiclient-scalability-run-4,p5g-scale-mqtt-payload-1024-clients-100,scale,guided-planning,mqtt,,veh-50,rsu-1,p5g-scale-mqtt-payload-1024-clients-100-veh-50-878,ipi-session-1,multiclient-scalability-run-4,veh-50,878,100-clients,default,stationary,unsynced,true,true,clients,100,count,IPI-CooperativeService,1098,1783021746100281531,1783021681325904284,1783021681325948428,,,,,,"CooperativeService{guidedPlanning, status=request, vehicleId=0x7665682d3530, requestedHorizonMs=2500, confidence=100, planning.waypoints=1, offloadTaskId=probe-878, offloadPayload=1024 bytes}"
5g-receiver,1783021681569277785,edge4av-real-20260702-multiclient-scalability-run-4,p5g-scale-mqtt-payload-1024-clients-100,scale,guided-planning,mqtt,,veh-50,rsu-1,p5g-scale-mqtt-payload-1024-clients-100-veh-50-879,ipi-session-1,multiclient-scalability-run-4,veh-50,879,100-clients,default,stationary,unsynced,true,true,clients,100,count,IPI-CooperativeService,1098,1783021746346515007,1783021681569220723,1783021681569277785,,,,,,"CooperativeService{guidedPlanning, status=request, vehicleId=0x7665682d3530, requestedHorizonMs=2500, confidence=100, planning.waypoints=1, offloadTaskId=probe-879, offloadPayload=1024 bytes}"
5g-receiver,1783021681806940955,edge4av-real-20260702-multiclient-scalability-run-4,p5g-scale-mqtt-payload-1024-clients-100,scale,guided-planning,mqtt,,veh-50,rsu-1,p5g-scale-mqtt-payload-1024-clients-100-veh-50-880,ipi-session-1,multiclient-scalability-run-4,veh-50,880,100-clients,default,stationary,unsynced,true,true,clients,100,count,IPI-CooperativeService,1098,1783021746582372150,1783021681806865742,1783021681806940955,,,,,,"CooperativeService{guidedPlanning, status=request, vehicleId=0x7665682d3530, requestedHorizonMs=2500, confidence=100, planning.waypoints=1, offloadTaskId=probe-880, offloadPayload=1024 bytes}"
5g-receiver,1783021682048015912,edge4av-real-20260702-multiclient-scalability-run-4,p5g-scale-mqtt-payload-1024-clients-100,scale,guided-planning,mqtt,,veh-50,rsu-1,p5g-scale-mqtt-payload-1024-clients-100-veh-50-881,ipi-session-1,multiclient-scalability-run-4,veh-50,881,100-clients,default,stationary,unsynced,true,true,clients,100,count,IPI-CooperativeService,1098,1783021746820450505,1783021682047965358,1783021682048015912,,,,,,"CooperativeService{guidedPlanning, status=request, vehicleId=0x7665682d3530, requestedHorizonMs=2500, confidence=100, planning.waypoints=1, offloadTaskId=probe-881, offloadPayload=1024 bytes}"
5g-receiver,1783021682287939059,edge4av-real-20260702-multiclient-scalability-run-4,p5g-scale-mqtt-payload-1024-clients-100,scale,guided-planning,mqtt,,veh-50,rsu-1,p5g-scale-mqtt-payload-1024-clients-100-veh-50-882,ipi-session-1,multiclient-scalability-run-4,veh-50,882,100-clients,default,stationary,unsynced,true,true,clients,100,count,IPI-CooperativeService,1098,1783021747060440319,1783021682287884044,1783021682287939059,,,,,,"CooperativeService{guidedPlanning, status=request, vehicleId=0x7665682d3530, requestedHorizonMs=2500, confidence=100, planning.waypoints=1, offloadTaskId=probe-882, offloadPayload=1024 bytes}"
5g-receiver,1783021682527649625,edge4av-real-20260702-multiclient-scalability-run-4,p5g-scale-mqtt-payload-1024-clients-100,scale,guided-planning,mqtt,,veh-50,rsu-1,p5g-scale-mqtt-payload-1024-clients-100-veh-50-883,ipi-session-1,multiclient-scalability-run-4,veh-50,883,100-clients,default,stationary,unsynced,true,true,clients,100,count,IPI-CooperativeService,1098,1783021747300504724,1783021682527606284,1783021682527649625,,,,,,"CooperativeService{guidedPlanning, status=request, vehicleId=0x7665682d3530, requestedHorizonMs=2500, confidence=100, planning.waypoints=1, offloadTaskId=probe-883, offloadPayload=1024 bytes}"
5g-receiver,1783021682768069669,edge4av-real-20260702-multiclient-scalability-run-4,p5g-scale-mqtt-payload-1024-clients-100,scale,guided-planning,mqtt,,veh-50,rsu-1,p5g-scale-mqtt-payload-1024-clients-100-veh-50-884,ipi-session-1,multiclient-scalability-run-4,veh-50,884,100-clients,default,stationary,unsynced,true,true,clients,100,count,IPI-CooperativeService,1098,1783021747540358446,1783021682768026638,1783021682768069669,,,,,,"CooperativeService{guidedPlanning, status=request, vehicleId=0x7665682d3530, requestedHorizonMs=2500, confidence=100, planning.waypoints=1, offloadTaskId=probe-884, offloadPayload=1024 bytes}"
5g-receiver,1783021683008090149,edge4av-real-20260702-multiclient-scalability-run-4,p5g-scale-mqtt-payload-1024-clients-100,scale,guided-planning,mqtt,,veh-50,rsu-1,p5g-scale-mqtt-payload-1024-clients-100-veh-50-885,ipi-session-1,multiclient-scalability-run-4,veh-50,885,100-clients,default,stationary,unsynced,true,true,clients,100,count,IPI-CooperativeService,1098,1783021747786315209,1783021683008048431,1783021683008090149,,,,,,"CooperativeService{guidedPlanning, status=request, vehicleId=0x7665682d3530, requestedHorizonMs=2500, confidence=100, planning.waypoints=1, offloadTaskId=probe-885, offloadPayload=1024 bytes}"
5g-receiver,1783021683239304701,edge4av-real-20260702-multiclient-scalability-run-4,p5g-scale-mqtt-payload-1024-clients-100,scale,guided-planning,mqtt,,veh-50,rsu-1,p5g-scale-mqtt-payload-1024-clients-100-veh-50-886,ipi-session-1,multiclient-scalability-run-4,veh-50,886,100-clients,default,stationary,unsynced,true,true,clients,100,count,IPI-CooperativeService,1098,1783021748018440727,1783021683239245366,1783021683239304701,,,,,,"CooperativeService{guidedPlanning, status=request, vehicleId=0x7665682d3530, requestedHorizonMs=2500, confidence=100, planning.waypoints=1, offloadTaskId=probe-886, offloadPayload=1024 bytes}"
5g-receiver,1783021683469302312,edge4av-real-20260702-multiclient-scalability-run-4,p5g-scale-mqtt-payload-1024-clients-100,scale,guided-planning,mqtt,,veh-50,rsu-1,p5g-scale-mqtt-payload-1024-clients-100-veh-50-887,ipi-session-1,multiclient-scalability-run-4,veh-50,887,100-clients,default,stationary,unsynced,true,true,clients,100,count,IPI-CooperativeService,1098,1783021748254387650,1783021683469259543,1783021683469302312,,,,,,"CooperativeService{guidedPlanning, status=request, vehicleId=0x7665682d3530, requestedHorizonMs=2500, confidence=100, planning.waypoints=1, offloadTaskId=probe-887, offloadPayload=1024 bytes}"
5g-receiver,1783021683719920440,edge4av-real-20260702-multiclient-scalability-run-4,p5g-scale-mqtt-payload-1024-clients-100,scale,guided-planning,mqtt,,veh-50,rsu-1,p5g-scale-mqtt-payload-1024-clients-100-veh-50-888,ipi-session-1,multiclient-scalability-run-4,veh-50,888,100-clients,default,stationary,unsynced,true,true,clients,100,count,IPI-CooperativeService,1098,1783021748486491611,1783021683719856064,1783021683719920440,,,,,,"CooperativeService{guidedPlanning, status=request, vehicleId=0x7665682d3530, requestedHorizonMs=2500, confidence=100, planning.waypoints=1, offloadTaskId=probe-888, offloadPayload=1024 bytes}"
5g-receiver,1783021683972110850,edge4av-real-20260702-multiclient-scalability-run-4,p5g-scale-mqtt-payload-1024-clients-100,scale,guided-planning,mqtt,,veh-50,rsu-1,p5g-scale-mqtt-payload-1024-clients-100-veh-50-889,ipi-session-1,multiclient-scalability-run-4,veh-50,889,100-clients,default,stationary,unsynced,true,true,clients,100,count,IPI-CooperativeService,1098,1783021748738415743,1783021683972054617,1783021683972110850,,,,,,"CooperativeService{guidedPlanning, status=request, vehicleId=0x7665682d3530, requestedHorizonMs=2500, confidence=100, planning.waypoints=1, offloadTaskId=probe-889, offloadPayload=1024 bytes}"
5g-receiver,1783021684211508959,edge4av-real-20260702-multiclient-scalability-run-4,p5g-scale-mqtt-payload-1024-clients-100,scale,guided-planning,mqtt,,veh-50,rsu-1,p5g-scale-mqtt-payload-1024-clients-100-veh-50-890,ipi-session-1,multiclient-scalability-run-4,veh-50,890,100-clients,default,stationary,unsynced,true,true,clients,100,count,IPI-CooperativeService,1098,1783021748986359046,1783021684211452382,1783021684211508959,,,,,,"CooperativeService{guidedPlanning, status=request, vehicleId=0x7665682d3530, requestedHorizonMs=2500, confidence=100, planning.waypoints=1, offloadTaskId=probe-890, offloadPayload=1024 bytes}"
5g-receiver,1783021684452620751,edge4av-real-20260702-multiclient-scalability-run-4,p5g-scale-mqtt-payload-1024-clients-100,scale,guided-planning,mqtt,,veh-50,rsu-1,p5g-scale-mqtt-payload-1024-clients-100-veh-50-891,ipi-session-1,multiclient-scalability-run-4,veh-50,891,100-clients,default,stationary,unsynced,true,true,clients,100,count,IPI-CooperativeService,1098,1783021749224527557,1783021684452564610,1783021684452620751,,,,,,"CooperativeService{guidedPlanning, status=request, vehicleId=0x7665682d3530, requestedHorizonMs=2500, confidence=100, planning.waypoints=1, offloadTaskId=probe-891, offloadPayload=1024 bytes}"
5g-receiver,1783021684691907502,edge4av-real-20260702-multiclient-scalability-run-4,p5g-scale-mqtt-payload-1024-clients-100,scale,guided-planning,mqtt,,veh-50,rsu-1,p5g-scale-mqtt-payload-1024-clients-100-veh-50-892,ipi-session-1,multiclient-scalability-run-4,veh-50,892,100-clients,default,stationary,unsynced,true,true,clients,100,count,IPI-CooperativeService,1098,1783021749464316684,1783021684691852789,1783021684691907502,,,,,,"CooperativeService{guidedPlanning, status=request, vehicleId=0x7665682d3530, requestedHorizonMs=2500, confidence=100, planning.waypoints=1, offloadTaskId=probe-892, offloadPayload=1024 bytes}"
5g-receiver,1783021684925146694,edge4av-real-20260702-multiclient-scalability-run-4,p5g-scale-mqtt-payload-1024-clients-100,scale,guided-planning,mqtt,,veh-50,rsu-1,p5g-scale-mqtt-payload-1024-clients-100-veh-50-893,ipi-session-1,multiclient-scalability-run-4,veh-50,893,100-clients,default,stationary,unsynced,true,true,clients,100,count,IPI-CooperativeService,1098,1783021749708280480,1783021684925102720,1783021684925146694,,,,,,"CooperativeService{guidedPlanning, status=request, vehicleId=0x7665682d3530, requestedHorizonMs=2500, confidence=100, planning.waypoints=1, offloadTaskId=probe-893, offloadPayload=1024 bytes}"
5g-receiver,1783021685162989388,edge4av-real-20260702-multiclient-scalability-run-4,p5g-scale-mqtt-payload-1024-clients-100,scale,guided-planning,mqtt,,veh-50,rsu-1,p5g-scale-mqtt-payload-1024-clients-100-veh-50-894,ipi-session-1,multiclient-scalability-run-4,veh-50,894,100-clients,default,stationary,unsynced,true,true,clients,100,count,IPI-CooperativeService,1098,1783021749936391547,1783021685162921575,1783021685162989388,,,,,,"CooperativeService{guidedPlanning, status=request, vehicleId=0x7665682d3530, requestedHorizonMs=2500, confidence=100, planning.waypoints=1, offloadTaskId=probe-894, offloadPayload=1024 bytes}"
5g-receiver,1783021685394025351,edge4av-real-20260702-multiclient-scalability-run-4,p5g-scale-mqtt-payload-1024-clients-100,scale,guided-planning,mqtt,,veh-50,rsu-1,p5g-scale-mqtt-payload-1024-clients-100-veh-50-895,ipi-session-1,multiclient-scalability-run-4,veh-50,895,100-clients,default,stationary,unsynced,true,true,clients,100,count,IPI-CooperativeService,1098,1783021750176404025,1783021685393959869,1783021685394025351,,,,,,"CooperativeService{guidedPlanning, status=request, vehicleId=0x7665682d3530, requestedHorizonMs=2500, confidence=100, planning.waypoints=1, offloadTaskId=probe-895, offloadPayload=1024 bytes}"
5g-receiver,1783021685633474296,edge4av-real-20260702-multiclient-scalability-run-4,p5g-scale-mqtt-payload-1024-clients-100,scale,guided-planning,mqtt,,veh-50,rsu-1,p5g-scale-mqtt-payload-1024-clients-100-veh-50-896,ipi-session-1,multiclient-scalability-run-4,veh-50,896,100-clients,default,stationary,unsynced,true,true,clients,100,count,IPI-CooperativeService,1098,1783021750410381204,1783021685633423270,1783021685633474296,,,,,,"CooperativeService{guidedPlanning, status=request, vehicleId=0x7665682d3530, requestedHorizonMs=2500, confidence=100, planning.waypoints=1, offloadTaskId=probe-896, offloadPayload=1024 bytes}"
5g-receiver,1783021685873672793,edge4av-real-20260702-multiclient-scalability-run-4,p5g-scale-mqtt-payload-1024-clients-100,scale,guided-planning,mqtt,,veh-50,rsu-1,p5g-scale-mqtt-payload-1024-clients-100-veh-50-897,ipi-session-1,multiclient-scalability-run-4,veh-50,897,100-clients,default,stationary,unsynced,true,true,clients,100,count,IPI-CooperativeService,1098,1783021750644523377,1783021685873621864,1783021685873672793,,,,,,"CooperativeService{guidedPlanning, status=request, vehicleId=0x7665682d3530, requestedHorizonMs=2500, confidence=100, planning.waypoints=1, offloadTaskId=probe-897, offloadPayload=1024 bytes}"
5g-receiver,1783021686115233769,edge4av-real-20260702-multiclient-scalability-run-4,p5g-scale-mqtt-payload-1024-clients-100,scale,guided-planning,mqtt,,veh-50,rsu-1,p5g-scale-mqtt-payload-1024-clients-100-veh-50-898,ipi-session-1,multiclient-scalability-run-4,veh-50,898,100-clients,default,stationary,unsynced,true,true,clients,100,count,IPI-CooperativeService,1098,1783021750886411439,1783021686115189965,1783021686115233769,,,,,,"CooperativeService{guidedPlanning, status=request, vehicleId=0x7665682d3530, requestedHorizonMs=2500, confidence=100, planning.waypoints=1, offloadTaskId=probe-898, offloadPayload=1024 bytes}"
5g-receiver,1783021686355627967,edge4av-real-20260702-multiclient-scalability-run-4,p5g-scale-mqtt-payload-1024-clients-100,scale,guided-planning,mqtt,,veh-50,rsu-1,p5g-scale-mqtt-payload-1024-clients-100-veh-50-899,ipi-session-1,multiclient-scalability-run-4,veh-50,899,100-clients,default,stationary,unsynced,true,true,clients,100,count,IPI-CooperativeService,1098,1783021751128315482,1783021686355582979,1783021686355627967,,,,,,"CooperativeService{guidedPlanning, status=request, vehicleId=0x7665682d3530, requestedHorizonMs=2500, confidence=100, planning.waypoints=1, offloadTaskId=probe-899, offloadPayload=1024 bytes}"
5g-receiver,1783021686595191625,edge4av-real-20260702-multiclient-scalability-run-4,p5g-scale-mqtt-payload-1024-clients-100,scale,guided-planning,mqtt,,veh-50,rsu-1,p5g-scale-mqtt-payload-1024-clients-100-veh-50-900,ipi-session-1,multiclient-scalability-run-4,veh-50,900,100-clients,default,stationary,unsynced,true,true,clients,100,count,IPI-CooperativeService,1098,1783021751370352365,1783021686595136945,1783021686595191625,,,,,,"CooperativeService{guidedPlanning, status=request, vehicleId=0x7665682d3530, requestedHorizonMs=2500, confidence=100, planning.waypoints=1, offloadTaskId=probe-900, offloadPayload=1024 bytes}"
5g-receiver,1783021686836549755,edge4av-real-20260702-multiclient-scalability-run-4,p5g-scale-mqtt-payload-1024-clients-100,scale,guided-planning,mqtt,,veh-50,rsu-1,p5g-scale-mqtt-payload-1024-clients-100-veh-50-901,ipi-session-1,multiclient-scalability-run-4,veh-50,901,100-clients,default,stationary,unsynced,true,true,clients,100,count,IPI-CooperativeService,1098,1783021751610452811,1783021686836493734,1783021686836549755,,,,,,"CooperativeService{guidedPlanning, status=request, vehicleId=0x7665682d3530, requestedHorizonMs=2500, confidence=100, planning.waypoints=1, offloadTaskId=probe-901, offloadPayload=1024 bytes}"
5g-receiver,1783021687075609766,edge4av-real-20260702-multiclient-scalability-run-4,p5g-scale-mqtt-payload-1024-clients-100,scale,guided-planning,mqtt,,veh-50,rsu-1,p5g-scale-mqtt-payload-1024-clients-100-veh-50-902,ipi-session-1,multiclient-scalability-run-4,veh-50,902,100-clients,default,stationary,unsynced,true,true,clients,100,count,IPI-CooperativeService,1098,1783021751850299144,1783021687075566093,1783021687075609766,,,,,,"CooperativeService{guidedPlanning, status=request, vehicleId=0x7665682d3530, requestedHorizonMs=2500, confidence=100, planning.waypoints=1, offloadTaskId=probe-902, offloadPayload=1024 bytes}"
5g-receiver,1783021687306641501,edge4av-real-20260702-multiclient-scalability-run-4,p5g-scale-mqtt-payload-1024-clients-100,scale,guided-planning,mqtt,,veh-50,rsu-1,p5g-scale-mqtt-payload-1024-clients-100-veh-50-903,ipi-session-1,multiclient-scalability-run-4,veh-50,903,100-clients,default,stationary,unsynced,true,true,clients,100,count,IPI-CooperativeService,1098,1783021752086449250,1783021687306597854,1783021687306641501,,,,,,"CooperativeService{guidedPlanning, status=request, vehicleId=0x7665682d3530, requestedHorizonMs=2500, confidence=100, planning.waypoints=1, offloadTaskId=probe-903, offloadPayload=1024 bytes}"
5g-receiver,1783021687549679959,edge4av-real-20260702-multiclient-scalability-run-4,p5g-scale-mqtt-payload-1024-clients-100,scale,guided-planning,mqtt,,veh-50,rsu-1,p5g-scale-mqtt-payload-1024-clients-100-veh-50-904,ipi-session-1,multiclient-scalability-run-4,veh-50,904,100-clients,default,stationary,unsynced,true,true,clients,100,count,IPI-CooperativeService,1098,1783021752320313052,1783021687549637289,1783021687549679959,,,,,,"CooperativeService{guidedPlanning, status=request, vehicleId=0x7665682d3530, requestedHorizonMs=2500, confidence=100, planning.waypoints=1, offloadTaskId=probe-904, offloadPayload=1024 bytes}"
5g-receiver,1783021687788904659,edge4av-real-20260702-multiclient-scalability-run-4,p5g-scale-mqtt-payload-1024-clients-100,scale,guided-planning,mqtt,,veh-50,rsu-1,p5g-scale-mqtt-payload-1024-clients-100-veh-50-905,ipi-session-1,multiclient-scalability-run-4,veh-50,905,100-clients,default,stationary,unsynced,true,true,clients,100,count,IPI-CooperativeService,1098,1783021752560357964,1783021687788853834,1783021687788904659,,,,,,"CooperativeService{guidedPlanning, status=request, vehicleId=0x7665682d3530, requestedHorizonMs=2500, confidence=100, planning.waypoints=1, offloadTaskId=probe-905, offloadPayload=1024 bytes}"
5g-receiver,1783021688017349073,edge4av-real-20260702-multiclient-scalability-run-4,p5g-scale-mqtt-payload-1024-clients-100,scale,guided-planning,mqtt,,veh-50,rsu-1,p5g-scale-mqtt-payload-1024-clients-100-veh-50-906,ipi-session-1,multiclient-scalability-run-4,veh-50,906,100-clients,default,stationary,unsynced,true,true,clients,100,count,IPI-CooperativeService,1098,1783021752804523380,1783021688017287680,1783021688017349073,,,,,,"CooperativeService{guidedPlanning, status=request, vehicleId=0x7665682d3530, requestedHorizonMs=2500, confidence=100, planning.waypoints=1, offloadTaskId=probe-906, offloadPayload=1024 bytes}"
5g-receiver,1783021688258682524,edge4av-real-20260702-multiclient-scalability-run-4,p5g-scale-mqtt-payload-1024-clients-100,scale,guided-planning,mqtt,,veh-50,rsu-1,p5g-scale-mqtt-payload-1024-clients-100-veh-50-907,ipi-session-1,multiclient-scalability-run-4,veh-50,907,100-clients,default,stationary,unsynced,true,true,clients,100,count,IPI-CooperativeService,1098,1783021753032453690,1783021688258639196,1783021688258682524,,,,,,"CooperativeService{guidedPlanning, status=request, vehicleId=0x7665682d3530, requestedHorizonMs=2500, confidence=100, planning.waypoints=1, offloadTaskId=probe-907, offloadPayload=1024 bytes}"
5g-receiver,1783021688487954841,edge4av-real-20260702-multiclient-scalability-run-4,p5g-scale-mqtt-payload-1024-clients-100,scale,guided-planning,mqtt,,veh-50,rsu-1,p5g-scale-mqtt-payload-1024-clients-100-veh-50-908,ipi-session-1,multiclient-scalability-run-4,veh-50,908,100-clients,default,stationary,unsynced,true,true,clients,100,count,IPI-CooperativeService,1098,1783021753274503015,1783021688487897980,1783021688487954841,,,,,,"CooperativeService{guidedPlanning, status=request, vehicleId=0x7665682d3530, requestedHorizonMs=2500, confidence=100, planning.waypoints=1, offloadTaskId=probe-908, offloadPayload=1024 bytes}"
5g-receiver,1783021688729502129,edge4av-real-20260702-multiclient-scalability-run-4,p5g-scale-mqtt-payload-1024-clients-100,scale,guided-planning,mqtt,,veh-50,rsu-1,p5g-scale-mqtt-payload-1024-clients-100-veh-50-909,ipi-session-1,multiclient-scalability-run-4,veh-50,909,100-clients,default,stationary,unsynced,true,true,clients,100,count,IPI-CooperativeService,1098,1783021753502505179,1783021688729459126,1783021688729502129,,,,,,"CooperativeService{guidedPlanning, status=request, vehicleId=0x7665682d3530, requestedHorizonMs=2500, confidence=100, planning.waypoints=1, offloadTaskId=probe-909, offloadPayload=1024 bytes}"
5g-receiver,1783021688961153242,edge4av-real-20260702-multiclient-scalability-run-4,p5g-scale-mqtt-payload-1024-clients-100,scale,guided-planning,mqtt,,veh-50,rsu-1,p5g-scale-mqtt-payload-1024-clients-100-veh-50-910,ipi-session-1,multiclient-scalability-run-4,veh-50,910,100-clients,default,stationary,unsynced,true,true,clients,100,count,IPI-CooperativeService,1098,1783021753742375147,1783021688961098928,1783021688961153242,,,,,,"CooperativeService{guidedPlanning, status=request, vehicleId=0x7665682d3530, requestedHorizonMs=2500, confidence=100, planning.waypoints=1, offloadTaskId=probe-910, offloadPayload=1024 bytes}"
5g-receiver,1783021689218934293,edge4av-real-20260702-multiclient-scalability-run-4,p5g-scale-mqtt-payload-1024-clients-100,scale,guided-planning,mqtt,,veh-50,rsu-1,p5g-scale-mqtt-payload-1024-clients-100-veh-50-911,ipi-session-1,multiclient-scalability-run-4,veh-50,911,100-clients,default,stationary,unsynced,true,true,clients,100,count,IPI-CooperativeService,1098,1783021753976362464,1783021689218869344,1783021689218934293,,,,,,"CooperativeService{guidedPlanning, status=request, vehicleId=0x7665682d3530, requestedHorizonMs=2500, confidence=100, planning.waypoints=1, offloadTaskId=probe-911, offloadPayload=1024 bytes}"
5g-receiver,1783021689459819076,edge4av-real-20260702-multiclient-scalability-run-4,p5g-scale-mqtt-payload-1024-clients-100,scale,guided-planning,mqtt,,veh-50,rsu-1,p5g-scale-mqtt-payload-1024-clients-100-veh-50-912,ipi-session-1,multiclient-scalability-run-4,veh-50,912,100-clients,default,stationary,unsynced,true,true,clients,100,count,IPI-CooperativeService,1098,1783021754234457992,1783021689459775883,1783021689459819076,,,,,,"CooperativeService{guidedPlanning, status=request, vehicleId=0x7665682d3530, requestedHorizonMs=2500, confidence=100, planning.waypoints=1, offloadTaskId=probe-912, offloadPayload=1024 bytes}"
5g-receiver,1783021689709814168,edge4av-real-20260702-multiclient-scalability-run-4,p5g-scale-mqtt-payload-1024-clients-100,scale,guided-planning,mqtt,,veh-50,rsu-1,p5g-scale-mqtt-payload-1024-clients-100-veh-50-913,ipi-session-1,multiclient-scalability-run-4,veh-50,913,100-clients,default,stationary,unsynced,true,true,clients,100,count,IPI-CooperativeService,1098,1783021754472361034,1783021689709759057,1783021689709814168,,,,,,"CooperativeService{guidedPlanning, status=request, vehicleId=0x7665682d3530, requestedHorizonMs=2500, confidence=100, planning.waypoints=1, offloadTaskId=probe-913, offloadPayload=1024 bytes}"
5g-receiver,1783021689972080273,edge4av-real-20260702-multiclient-scalability-run-4,p5g-scale-mqtt-payload-1024-clients-100,scale,guided-planning,mqtt,,veh-50,rsu-1,p5g-scale-mqtt-payload-1024-clients-100-veh-50-914,ipi-session-1,multiclient-scalability-run-4,veh-50,914,100-clients,default,stationary,unsynced,true,true,clients,100,count,IPI-CooperativeService,1098,1783021754730442332,1783021689972037276,1783021689972080273,,,,,,"CooperativeService{guidedPlanning, status=request, vehicleId=0x7665682d3530, requestedHorizonMs=2500, confidence=100, planning.waypoints=1, offloadTaskId=probe-914, offloadPayload=1024 bytes}"
5g-receiver,1783021690210957905,edge4av-real-20260702-multiclient-scalability-run-4,p5g-scale-mqtt-payload-1024-clients-100,scale,guided-planning,mqtt,,veh-50,rsu-1,p5g-scale-mqtt-payload-1024-clients-100-veh-50-915,ipi-session-1,multiclient-scalability-run-4,veh-50,915,100-clients,default,stationary,unsynced,true,true,clients,100,count,IPI-CooperativeService,1098,1783021754988515620,1783021690210903480,1783021690210957905,,,,,,"CooperativeService{guidedPlanning, status=request, vehicleId=0x7665682d3530, requestedHorizonMs=2500, confidence=100, planning.waypoints=1, offloadTaskId=probe-915, offloadPayload=1024 bytes}"
5g-receiver,1783021690472428464,edge4av-real-20260702-multiclient-scalability-run-4,p5g-scale-mqtt-payload-1024-clients-100,scale,guided-planning,mqtt,,veh-50,rsu-1,p5g-scale-mqtt-payload-1024-clients-100-veh-50-916,ipi-session-1,multiclient-scalability-run-4,veh-50,916,100-clients,default,stationary,unsynced,true,true,clients,100,count,IPI-CooperativeService,1098,1783021755224377501,1783021690472385322,1783021690472428464,,,,,,"CooperativeService{guidedPlanning, status=request, vehicleId=0x7665682d3530, requestedHorizonMs=2500, confidence=100, planning.waypoints=1, offloadTaskId=probe-916, offloadPayload=1024 bytes}"
5g-receiver,1783021690722917226,edge4av-real-20260702-multiclient-scalability-run-4,p5g-scale-mqtt-payload-1024-clients-100,scale,guided-planning,mqtt,,veh-50,rsu-1,p5g-scale-mqtt-payload-1024-clients-100-veh-50-917,ipi-session-1,multiclient-scalability-run-4,veh-50,917,100-clients,default,stationary,unsynced,true,true,clients,100,count,IPI-CooperativeService,1098,1783021755488515192,1783021690722866282,1783021690722917226,,,,,,"CooperativeService{guidedPlanning, status=request, vehicleId=0x7665682d3530, requestedHorizonMs=2500, confidence=100, planning.waypoints=1, offloadTaskId=probe-917, offloadPayload=1024 bytes}"
5g-receiver,1783021690972424598,edge4av-real-20260702-multiclient-scalability-run-4,p5g-scale-mqtt-payload-1024-clients-100,scale,guided-planning,mqtt,,veh-50,rsu-1,p5g-scale-mqtt-payload-1024-clients-100-veh-50-918,ipi-session-1,multiclient-scalability-run-4,veh-50,918,100-clients,default,stationary,unsynced,true,true,clients,100,count,IPI-CooperativeService,1098,1783021755738484968,1783021690972359500,1783021690972424598,,,,,,"CooperativeService{guidedPlanning, status=request, vehicleId=0x7665682d3530, requestedHorizonMs=2500, confidence=100, planning.waypoints=1, offloadTaskId=probe-918, offloadPayload=1024 bytes}"
5g-receiver,1783021691214296615,edge4av-real-20260702-multiclient-scalability-run-4,p5g-scale-mqtt-payload-1024-clients-100,scale,guided-planning,mqtt,,veh-50,rsu-1,p5g-scale-mqtt-payload-1024-clients-100-veh-50-919,ipi-session-1,multiclient-scalability-run-4,veh-50,919,100-clients,default,stationary,unsynced,true,true,clients,100,count,IPI-CooperativeService,1098,1783021755984578665,1783021691214253317,1783021691214296615,,,,,,"CooperativeService{guidedPlanning, status=request, vehicleId=0x7665682d3530, requestedHorizonMs=2500, confidence=100, planning.waypoints=1, offloadTaskId=probe-919, offloadPayload=1024 bytes}"
5g-receiver,1783021691454450128,edge4av-real-20260702-multiclient-scalability-run-4,p5g-scale-mqtt-payload-1024-clients-100,scale,guided-planning,mqtt,,veh-50,rsu-1,p5g-scale-mqtt-payload-1024-clients-100-veh-50-920,ipi-session-1,multiclient-scalability-run-4,veh-50,920,100-clients,default,stationary,unsynced,true,true,clients,100,count,IPI-CooperativeService,1098,1783021756228538277,1783021691454399538,1783021691454450128,,,,,,"CooperativeService{guidedPlanning, status=request, vehicleId=0x7665682d3530, requestedHorizonMs=2500, confidence=100, planning.waypoints=1, offloadTaskId=probe-920, offloadPayload=1024 bytes}"
5g-receiver,1783021691703542122,edge4av-real-20260702-multiclient-scalability-run-4,p5g-scale-mqtt-payload-1024-clients-100,scale,guided-planning,mqtt,,veh-50,rsu-1,p5g-scale-mqtt-payload-1024-clients-100-veh-50-921,ipi-session-1,multiclient-scalability-run-4,veh-50,921,100-clients,default,stationary,unsynced,true,true,clients,100,count,IPI-CooperativeService,1098,1783021756466530142,1783021691703474936,1783021691703542122,,,,,,"CooperativeService{guidedPlanning, status=request, vehicleId=0x7665682d3530, requestedHorizonMs=2500, confidence=100, planning.waypoints=1, offloadTaskId=probe-921, offloadPayload=1024 bytes}"
5g-receiver,1783021691943973932,edge4av-real-20260702-multiclient-scalability-run-4,p5g-scale-mqtt-payload-1024-clients-100,scale,guided-planning,mqtt,,veh-50,rsu-1,p5g-scale-mqtt-payload-1024-clients-100-veh-50-922,ipi-session-1,multiclient-scalability-run-4,veh-50,922,100-clients,default,stationary,unsynced,true,true,clients,100,count,IPI-CooperativeService,1098,1783021756718533702,1783021691943920738,1783021691943973932,,,,,,"CooperativeService{guidedPlanning, status=request, vehicleId=0x7665682d3530, requestedHorizonMs=2500, confidence=100, planning.waypoints=1, offloadTaskId=probe-922, offloadPayload=1024 bytes}"
5g-receiver,1783021692186879673,edge4av-real-20260702-multiclient-scalability-run-4,p5g-scale-mqtt-payload-1024-clients-100,scale,guided-planning,mqtt,,veh-50,rsu-1,p5g-scale-mqtt-payload-1024-clients-100-veh-50-923,ipi-session-1,multiclient-scalability-run-4,veh-50,923,100-clients,default,stationary,unsynced,true,true,clients,100,count,IPI-CooperativeService,1098,1783021756962378436,1783021692186836693,1783021692186879673,,,,,,"CooperativeService{guidedPlanning, status=request, vehicleId=0x7665682d3530, requestedHorizonMs=2500, confidence=100, planning.waypoints=1, offloadTaskId=probe-923, offloadPayload=1024 bytes}"
5g-receiver,1783021692426223201,edge4av-real-20260702-multiclient-scalability-run-4,p5g-scale-mqtt-payload-1024-clients-100,scale,guided-planning,mqtt,,veh-50,rsu-1,p5g-scale-mqtt-payload-1024-clients-100-veh-50-924,ipi-session-1,multiclient-scalability-run-4,veh-50,924,100-clients,default,stationary,unsynced,true,true,clients,100,count,IPI-CooperativeService,1098,1783021757196422559,1783021692426160256,1783021692426223201,,,,,,"CooperativeService{guidedPlanning, status=request, vehicleId=0x7665682d3530, requestedHorizonMs=2500, confidence=100, planning.waypoints=1, offloadTaskId=probe-924, offloadPayload=1024 bytes}"
5g-receiver,1783021692676768166,edge4av-real-20260702-multiclient-scalability-run-4,p5g-scale-mqtt-payload-1024-clients-100,scale,guided-planning,mqtt,,veh-50,rsu-1,p5g-scale-mqtt-payload-1024-clients-100-veh-50-925,ipi-session-1,multiclient-scalability-run-4,veh-50,925,100-clients,default,stationary,unsynced,true,true,clients,100,count,IPI-CooperativeService,1098,1783021757442312551,1783021692676708572,1783021692676768166,,,,,,"CooperativeService{guidedPlanning, status=request, vehicleId=0x7665682d3530, requestedHorizonMs=2500, confidence=100, planning.waypoints=1, offloadTaskId=probe-925, offloadPayload=1024 bytes}"
5g-receiver,1783021692916293396,edge4av-real-20260702-multiclient-scalability-run-4,p5g-scale-mqtt-payload-1024-clients-100,scale,guided-planning,mqtt,,veh-50,rsu-1,p5g-scale-mqtt-payload-1024-clients-100-veh-50-926,ipi-session-1,multiclient-scalability-run-4,veh-50,926,100-clients,default,stationary,unsynced,true,true,clients,100,count,IPI-CooperativeService,1098,1783021757694463985,1783021692916227953,1783021692916293396,,,,,,"CooperativeService{guidedPlanning, status=request, vehicleId=0x7665682d3530, requestedHorizonMs=2500, confidence=100, planning.waypoints=1, offloadTaskId=probe-926, offloadPayload=1024 bytes}"
5g-receiver,1783021693166856502,edge4av-real-20260702-multiclient-scalability-run-4,p5g-scale-mqtt-payload-1024-clients-100,scale,guided-planning,mqtt,,veh-50,rsu-1,p5g-scale-mqtt-payload-1024-clients-100-veh-50-927,ipi-session-1,multiclient-scalability-run-4,veh-50,927,100-clients,default,stationary,unsynced,true,true,clients,100,count,IPI-CooperativeService,1098,1783021757932386905,1783021693166795189,1783021693166856502,,,,,,"CooperativeService{guidedPlanning, status=request, vehicleId=0x7665682d3530, requestedHorizonMs=2500, confidence=100, planning.waypoints=1, offloadTaskId=probe-927, offloadPayload=1024 bytes}"
5g-receiver,1783021693398209455,edge4av-real-20260702-multiclient-scalability-run-4,p5g-scale-mqtt-payload-1024-clients-100,scale,guided-planning,mqtt,,veh-50,rsu-1,p5g-scale-mqtt-payload-1024-clients-100-veh-50-928,ipi-session-1,multiclient-scalability-run-4,veh-50,928,100-clients,default,stationary,unsynced,true,true,clients,100,count,IPI-CooperativeService,1098,1783021758176688887,1783021693398156009,1783021693398209455,,,,,,"CooperativeService{guidedPlanning, status=request, vehicleId=0x7665682d3530, requestedHorizonMs=2500, confidence=100, planning.waypoints=1, offloadTaskId=probe-928, offloadPayload=1024 bytes}"
5g-receiver,1783021693677985758,edge4av-real-20260702-multiclient-scalability-run-4,p5g-scale-mqtt-payload-1024-clients-100,scale,guided-planning,mqtt,,veh-50,rsu-1,p5g-scale-mqtt-payload-1024-clients-100-veh-50-929,ipi-session-1,multiclient-scalability-run-4,veh-50,929,100-clients,default,stationary,unsynced,true,true,clients,100,count,IPI-CooperativeService,1098,1783021758410517723,1783021693677930929,1783021693677985758,,,,,,"CooperativeService{guidedPlanning, status=request, vehicleId=0x7665682d3530, requestedHorizonMs=2500, confidence=100, planning.waypoints=1, offloadTaskId=probe-929, offloadPayload=1024 bytes}"
5g-receiver,1783021693909595475,edge4av-real-20260702-multiclient-scalability-run-4,p5g-scale-mqtt-payload-1024-clients-100,scale,guided-planning,mqtt,,veh-50,rsu-1,p5g-scale-mqtt-payload-1024-clients-100-veh-50-930,ipi-session-1,multiclient-scalability-run-4,veh-50,930,100-clients,default,stationary,unsynced,true,true,clients,100,count,IPI-CooperativeService,1098,1783021758688491747,1783021693909553838,1783021693909595475,,,,,,"CooperativeService{guidedPlanning, status=request, vehicleId=0x7665682d3530, requestedHorizonMs=2500, confidence=100, planning.waypoints=1, offloadTaskId=probe-930, offloadPayload=1024 bytes}"
5g-receiver,1783021694169395205,edge4av-real-20260702-multiclient-scalability-run-4,p5g-scale-mqtt-payload-1024-clients-100,scale,guided-planning,mqtt,,veh-50,rsu-1,p5g-scale-mqtt-payload-1024-clients-100-veh-50-931,ipi-session-1,multiclient-scalability-run-4,veh-50,931,100-clients,default,stationary,unsynced,true,true,clients,100,count,IPI-CooperativeService,1098,1783021758918499812,1783021694169332064,1783021694169395205,,,,,,"CooperativeService{guidedPlanning, status=request, vehicleId=0x7665682d3530, requestedHorizonMs=2500, confidence=100, planning.waypoints=1, offloadTaskId=probe-931, offloadPayload=1024 bytes}"
5g-receiver,1783021694408775558,edge4av-real-20260702-multiclient-scalability-run-4,p5g-scale-mqtt-payload-1024-clients-100,scale,guided-planning,mqtt,,veh-50,rsu-1,p5g-scale-mqtt-payload-1024-clients-100-veh-50-932,ipi-session-1,multiclient-scalability-run-4,veh-50,932,100-clients,default,stationary,unsynced,true,true,clients,100,count,IPI-CooperativeService,1098,1783021759182451442,1783021694408718713,1783021694408775558,,,,,,"CooperativeService{guidedPlanning, status=request, vehicleId=0x7665682d3530, requestedHorizonMs=2500, confidence=100, planning.waypoints=1, offloadTaskId=probe-932, offloadPayload=1024 bytes}"
5g-receiver,1783021694649240238,edge4av-real-20260702-multiclient-scalability-run-4,p5g-scale-mqtt-payload-1024-clients-100,scale,guided-planning,mqtt,,veh-50,rsu-1,p5g-scale-mqtt-payload-1024-clients-100-veh-50-933,ipi-session-1,multiclient-scalability-run-4,veh-50,933,100-clients,default,stationary,unsynced,true,true,clients,100,count,IPI-CooperativeService,1098,1783021759430507943,1783021694649196977,1783021694649240238,,,,,,"CooperativeService{guidedPlanning, status=request, vehicleId=0x7665682d3530, requestedHorizonMs=2500, confidence=100, planning.waypoints=1, offloadTaskId=probe-933, offloadPayload=1024 bytes}"
5g-receiver,1783021694889552449,edge4av-real-20260702-multiclient-scalability-run-4,p5g-scale-mqtt-payload-1024-clients-100,scale,guided-planning,mqtt,,veh-50,rsu-1,p5g-scale-mqtt-payload-1024-clients-100-veh-50-934,ipi-session-1,multiclient-scalability-run-4,veh-50,934,100-clients,default,stationary,unsynced,true,true,clients,100,count,IPI-CooperativeService,1098,1783021759662402513,1783021694889489487,1783021694889552449,,,,,,"CooperativeService{guidedPlanning, status=request, vehicleId=0x7665682d3530, requestedHorizonMs=2500, confidence=100, planning.waypoints=1, offloadTaskId=probe-934, offloadPayload=1024 bytes}"
5g-receiver,1783021695140432675,edge4av-real-20260702-multiclient-scalability-run-4,p5g-scale-mqtt-payload-1024-clients-100,scale,guided-planning,mqtt,,veh-50,rsu-1,p5g-scale-mqtt-payload-1024-clients-100-veh-50-935,ipi-session-1,multiclient-scalability-run-4,veh-50,935,100-clients,default,stationary,unsynced,true,true,clients,100,count,IPI-CooperativeService,1098,1783021759902564115,1783021695140377180,1783021695140432675,,,,,,"CooperativeService{guidedPlanning, status=request, vehicleId=0x7665682d3530, requestedHorizonMs=2500, confidence=100, planning.waypoints=1, offloadTaskId=probe-935, offloadPayload=1024 bytes}"
5g-receiver,1783021695370805968,edge4av-real-20260702-multiclient-scalability-run-4,p5g-scale-mqtt-payload-1024-clients-100,scale,guided-planning,mqtt,,veh-50,rsu-1,p5g-scale-mqtt-payload-1024-clients-100-veh-50-936,ipi-session-1,multiclient-scalability-run-4,veh-50,936,100-clients,default,stationary,unsynced,true,true,clients,100,count,IPI-CooperativeService,1098,1783021760156402437,1783021695370763643,1783021695370805968,,,,,,"CooperativeService{guidedPlanning, status=request, vehicleId=0x7665682d3530, requestedHorizonMs=2500, confidence=100, planning.waypoints=1, offloadTaskId=probe-936, offloadPayload=1024 bytes}"
5g-receiver,1783021695600220117,edge4av-real-20260702-multiclient-scalability-run-4,p5g-scale-mqtt-payload-1024-clients-100,scale,guided-planning,mqtt,,veh-50,rsu-1,p5g-scale-mqtt-payload-1024-clients-100-veh-50-937,ipi-session-1,multiclient-scalability-run-4,veh-50,937,100-clients,default,stationary,unsynced,true,true,clients,100,count,IPI-CooperativeService,1098,1783021760384460418,1783021695600171818,1783021695600220117,,,,,,"CooperativeService{guidedPlanning, status=request, vehicleId=0x7665682d3530, requestedHorizonMs=2500, confidence=100, planning.waypoints=1, offloadTaskId=probe-937, offloadPayload=1024 bytes}"
5g-receiver,1783021695853285932,edge4av-real-20260702-multiclient-scalability-run-4,p5g-scale-mqtt-payload-1024-clients-100,scale,guided-planning,mqtt,,veh-50,rsu-1,p5g-scale-mqtt-payload-1024-clients-100-veh-50-938,ipi-session-1,multiclient-scalability-run-4,veh-50,938,100-clients,default,stationary,unsynced,true,true,clients,100,count,IPI-CooperativeService,1098,1783021760620469134,1783021695853218356,1783021695853285932,,,,,,"CooperativeService{guidedPlanning, status=request, vehicleId=0x7665682d3530, requestedHorizonMs=2500, confidence=100, planning.waypoints=1, offloadTaskId=probe-938, offloadPayload=1024 bytes}"
5g-receiver,1783021696104297256,edge4av-real-20260702-multiclient-scalability-run-4,p5g-scale-mqtt-payload-1024-clients-100,scale,guided-planning,mqtt,,veh-50,rsu-1,p5g-scale-mqtt-payload-1024-clients-100-veh-50-939,ipi-session-1,multiclient-scalability-run-4,veh-50,939,100-clients,default,stationary,unsynced,true,true,clients,100,count,IPI-CooperativeService,1098,1783021760872562035,1783021696104237756,1783021696104297256,,,,,,"CooperativeService{guidedPlanning, status=request, vehicleId=0x7665682d3530, requestedHorizonMs=2500, confidence=100, planning.waypoints=1, offloadTaskId=probe-939, offloadPayload=1024 bytes}"
5g-receiver,1783021696343931165,edge4av-real-20260702-multiclient-scalability-run-4,p5g-scale-mqtt-payload-1024-clients-100,scale,guided-planning,mqtt,,veh-50,rsu-1,p5g-scale-mqtt-payload-1024-clients-100-veh-50-940,ipi-session-1,multiclient-scalability-run-4,veh-50,940,100-clients,default,stationary,unsynced,true,true,clients,100,count,IPI-CooperativeService,1098,1783021761120456537,1783021696343877763,1783021696343931165,,,,,,"CooperativeService{guidedPlanning, status=request, vehicleId=0x7665682d3530, requestedHorizonMs=2500, confidence=100, planning.waypoints=1, offloadTaskId=probe-940, offloadPayload=1024 bytes}"
5g-receiver,1783021696592843231,edge4av-real-20260702-multiclient-scalability-run-4,p5g-scale-mqtt-payload-1024-clients-100,scale,guided-planning,mqtt,,veh-50,rsu-1,p5g-scale-mqtt-payload-1024-clients-100-veh-50-941,ipi-session-1,multiclient-scalability-run-4,veh-50,941,100-clients,default,stationary,unsynced,true,true,clients,100,count,IPI-CooperativeService,1098,1783021761356558625,1783021696592799452,1783021696592843231,,,,,,"CooperativeService{guidedPlanning, status=request, vehicleId=0x7665682d3530, requestedHorizonMs=2500, confidence=100, planning.waypoints=1, offloadTaskId=probe-941, offloadPayload=1024 bytes}"
5g-receiver,1783021696833992023,edge4av-real-20260702-multiclient-scalability-run-4,p5g-scale-mqtt-payload-1024-clients-100,scale,guided-planning,mqtt,,veh-50,rsu-1,p5g-scale-mqtt-payload-1024-clients-100-veh-50-942,ipi-session-1,multiclient-scalability-run-4,veh-50,942,100-clients,default,stationary,unsynced,true,true,clients,100,count,IPI-CooperativeService,1098,1783021761608337802,1783021696833935861,1783021696833992023,,,,,,"CooperativeService{guidedPlanning, status=request, vehicleId=0x7665682d3530, requestedHorizonMs=2500, confidence=100, planning.waypoints=1, offloadTaskId=probe-942, offloadPayload=1024 bytes}"
5g-receiver,1783021697084466129,edge4av-real-20260702-multiclient-scalability-run-4,p5g-scale-mqtt-payload-1024-clients-100,scale,guided-planning,mqtt,,veh-50,rsu-1,p5g-scale-mqtt-payload-1024-clients-100-veh-50-943,ipi-session-1,multiclient-scalability-run-4,veh-50,943,100-clients,default,stationary,unsynced,true,true,clients,100,count,IPI-CooperativeService,1098,1783021761848320558,1783021697084423786,1783021697084466129,,,,,,"CooperativeService{guidedPlanning, status=request, vehicleId=0x7665682d3530, requestedHorizonMs=2500, confidence=100, planning.waypoints=1, offloadTaskId=probe-943, offloadPayload=1024 bytes}"
5g-receiver,1783021697344649241,edge4av-real-20260702-multiclient-scalability-run-4,p5g-scale-mqtt-payload-1024-clients-100,scale,guided-planning,mqtt,,veh-50,rsu-1,p5g-scale-mqtt-payload-1024-clients-100-veh-50-944,ipi-session-1,multiclient-scalability-run-4,veh-50,944,100-clients,default,stationary,unsynced,true,true,clients,100,count,IPI-CooperativeService,1098,1783021762104472855,1783021697344593544,1783021697344649241,,,,,,"CooperativeService{guidedPlanning, status=request, vehicleId=0x7665682d3530, requestedHorizonMs=2500, confidence=100, planning.waypoints=1, offloadTaskId=probe-944, offloadPayload=1024 bytes}"
5g-receiver,1783021697585710519,edge4av-real-20260702-multiclient-scalability-run-4,p5g-scale-mqtt-payload-1024-clients-100,scale,guided-planning,mqtt,,veh-50,rsu-1,p5g-scale-mqtt-payload-1024-clients-100-veh-50-945,ipi-session-1,multiclient-scalability-run-4,veh-50,945,100-clients,default,stationary,unsynced,true,true,clients,100,count,IPI-CooperativeService,1098,1783021762358432791,1783021697585646197,1783021697585710519,,,,,,"CooperativeService{guidedPlanning, status=request, vehicleId=0x7665682d3530, requestedHorizonMs=2500, confidence=100, planning.waypoints=1, offloadTaskId=probe-945, offloadPayload=1024 bytes}"
5g-receiver,1783021697823980152,edge4av-real-20260702-multiclient-scalability-run-4,p5g-scale-mqtt-payload-1024-clients-100,scale,guided-planning,mqtt,,veh-50,rsu-1,p5g-scale-mqtt-payload-1024-clients-100-veh-50-946,ipi-session-1,multiclient-scalability-run-4,veh-50,946,100-clients,default,stationary,unsynced,true,true,clients,100,count,IPI-CooperativeService,1098,1783021762598494077,1783021697823940974,1783021697823980152,,,,,,"CooperativeService{guidedPlanning, status=request, vehicleId=0x7665682d3530, requestedHorizonMs=2500, confidence=100, planning.waypoints=1, offloadTaskId=probe-946, offloadPayload=1024 bytes}"
5g-receiver,1783021698074910429,edge4av-real-20260702-multiclient-scalability-run-4,p5g-scale-mqtt-payload-1024-clients-100,scale,guided-planning,mqtt,,veh-50,rsu-1,p5g-scale-mqtt-payload-1024-clients-100-veh-50-947,ipi-session-1,multiclient-scalability-run-4,veh-50,947,100-clients,default,stationary,unsynced,true,true,clients,100,count,IPI-CooperativeService,1098,1783021762834377035,1783021698074855921,1783021698074910429,,,,,,"CooperativeService{guidedPlanning, status=request, vehicleId=0x7665682d3530, requestedHorizonMs=2500, confidence=100, planning.waypoints=1, offloadTaskId=probe-947, offloadPayload=1024 bytes}"
5g-receiver,1783021698326646127,edge4av-real-20260702-multiclient-scalability-run-4,p5g-scale-mqtt-payload-1024-clients-100,scale,guided-planning,mqtt,,veh-50,rsu-1,p5g-scale-mqtt-payload-1024-clients-100-veh-50-948,ipi-session-1,multiclient-scalability-run-4,veh-50,948,100-clients,default,stationary,unsynced,true,true,clients,100,count,IPI-CooperativeService,1098,1783021763088548492,1783021698326597542,1783021698326646127,,,,,,"CooperativeService{guidedPlanning, status=request, vehicleId=0x7665682d3530, requestedHorizonMs=2500, confidence=100, planning.waypoints=1, offloadTaskId=probe-948, offloadPayload=1024 bytes}"
5g-receiver,1783021698615984620,edge4av-real-20260702-multiclient-scalability-run-4,p5g-scale-mqtt-payload-1024-clients-100,scale,guided-planning,mqtt,,veh-50,rsu-1,p5g-scale-mqtt-payload-1024-clients-100-veh-50-949,ipi-session-1,multiclient-scalability-run-4,veh-50,949,100-clients,default,stationary,unsynced,true,true,clients,100,count,IPI-CooperativeService,1098,1783021763340364872,1783021698615941116,1783021698615984620,,,,,,"CooperativeService{guidedPlanning, status=request, vehicleId=0x7665682d3530, requestedHorizonMs=2500, confidence=100, planning.waypoints=1, offloadTaskId=probe-949, offloadPayload=1024 bytes}"
5g-receiver,1783021698886296691,edge4av-real-20260702-multiclient-scalability-run-4,p5g-scale-mqtt-payload-1024-clients-100,scale,guided-planning,mqtt,,veh-50,rsu-1,p5g-scale-mqtt-payload-1024-clients-100-veh-50-950,ipi-session-1,multiclient-scalability-run-4,veh-50,950,100-clients,default,stationary,unsynced,true,true,clients,100,count,IPI-CooperativeService,1098,1783021763626561733,1783021698886247390,1783021698886296691,,,,,,"CooperativeService{guidedPlanning, status=request, vehicleId=0x7665682d3530, requestedHorizonMs=2500, confidence=100, planning.waypoints=1, offloadTaskId=probe-950, offloadPayload=1024 bytes}"
5g-receiver,1783021699139325327,edge4av-real-20260702-multiclient-scalability-run-4,p5g-scale-mqtt-payload-1024-clients-100,scale,guided-planning,mqtt,,veh-50,rsu-1,p5g-scale-mqtt-payload-1024-clients-100-veh-50-951,ipi-session-1,multiclient-scalability-run-4,veh-50,951,100-clients,default,stationary,unsynced,true,true,clients,100,count,IPI-CooperativeService,1098,1783021763900378665,1783021699139268680,1783021699139325327,,,,,,"CooperativeService{guidedPlanning, status=request, vehicleId=0x7665682d3530, requestedHorizonMs=2500, confidence=100, planning.waypoints=1, offloadTaskId=probe-951, offloadPayload=1024 bytes}"
5g-receiver,1783021699389602378,edge4av-real-20260702-multiclient-scalability-run-4,p5g-scale-mqtt-payload-1024-clients-100,scale,guided-planning,mqtt,,veh-50,rsu-1,p5g-scale-mqtt-payload-1024-clients-100-veh-50-952,ipi-session-1,multiclient-scalability-run-4,veh-50,952,100-clients,default,stationary,unsynced,true,true,clients,100,count,IPI-CooperativeService,1098,1783021764154512201,1783021699389537062,1783021699389602378,,,,,,"CooperativeService{guidedPlanning, status=request, vehicleId=0x7665682d3530, requestedHorizonMs=2500, confidence=100, planning.waypoints=1, offloadTaskId=probe-952, offloadPayload=1024 bytes}"
5g-receiver,1783021699636791550,edge4av-real-20260702-multiclient-scalability-run-4,p5g-scale-mqtt-payload-1024-clients-100,scale,guided-planning,mqtt,,veh-50,rsu-1,p5g-scale-mqtt-payload-1024-clients-100-veh-50-953,ipi-session-1,multiclient-scalability-run-4,veh-50,953,100-clients,default,stationary,unsynced,true,true,clients,100,count,IPI-CooperativeService,1098,1783021764402500933,1783021699636747956,1783021699636791550,,,,,,"CooperativeService{guidedPlanning, status=request, vehicleId=0x7665682d3530, requestedHorizonMs=2500, confidence=100, planning.waypoints=1, offloadTaskId=probe-953, offloadPayload=1024 bytes}"
5g-receiver,1783021699877379022,edge4av-real-20260702-multiclient-scalability-run-4,p5g-scale-mqtt-payload-1024-clients-100,scale,guided-planning,mqtt,,veh-50,rsu-1,p5g-scale-mqtt-payload-1024-clients-100-veh-50-954,ipi-session-1,multiclient-scalability-run-4,veh-50,954,100-clients,default,stationary,unsynced,true,true,clients,100,count,IPI-CooperativeService,1098,1783021764652451736,1783021699877327483,1783021699877379022,,,,,,"CooperativeService{guidedPlanning, status=request, vehicleId=0x7665682d3530, requestedHorizonMs=2500, confidence=100, planning.waypoints=1, offloadTaskId=probe-954, offloadPayload=1024 bytes}"
5g-receiver,1783021700117876014,edge4av-real-20260702-multiclient-scalability-run-4,p5g-scale-mqtt-payload-1024-clients-100,scale,guided-planning,mqtt,,veh-50,rsu-1,p5g-scale-mqtt-payload-1024-clients-100-veh-50-955,ipi-session-1,multiclient-scalability-run-4,veh-50,955,100-clients,default,stationary,unsynced,true,true,clients,100,count,IPI-CooperativeService,1098,1783021764894493165,1783021700117821118,1783021700117876014,,,,,,"CooperativeService{guidedPlanning, status=request, vehicleId=0x7665682d3530, requestedHorizonMs=2500, confidence=100, planning.waypoints=1, offloadTaskId=probe-955, offloadPayload=1024 bytes}"
5g-receiver,1783021700360428136,edge4av-real-20260702-multiclient-scalability-run-4,p5g-scale-mqtt-payload-1024-clients-100,scale,guided-planning,mqtt,,veh-50,rsu-1,p5g-scale-mqtt-payload-1024-clients-100-veh-50-956,ipi-session-1,multiclient-scalability-run-4,veh-50,956,100-clients,default,stationary,unsynced,true,true,clients,100,count,IPI-CooperativeService,1098,1783021765130601794,1783021700360372367,1783021700360428136,,,,,,"CooperativeService{guidedPlanning, status=request, vehicleId=0x7665682d3530, requestedHorizonMs=2500, confidence=100, planning.waypoints=1, offloadTaskId=probe-956, offloadPayload=1024 bytes}"
5g-receiver,1783021700612124332,edge4av-real-20260702-multiclient-scalability-run-4,p5g-scale-mqtt-payload-1024-clients-100,scale,guided-planning,mqtt,,veh-50,rsu-1,p5g-scale-mqtt-payload-1024-clients-100-veh-50-957,ipi-session-1,multiclient-scalability-run-4,veh-50,957,100-clients,default,stationary,unsynced,true,true,clients,100,count,IPI-CooperativeService,1098,1783021765374525361,1783021700612081587,1783021700612124332,,,,,,"CooperativeService{guidedPlanning, status=request, vehicleId=0x7665682d3530, requestedHorizonMs=2500, confidence=100, planning.waypoints=1, offloadTaskId=probe-957, offloadPayload=1024 bytes}"
5g-receiver,1783021700888868362,edge4av-real-20260702-multiclient-scalability-run-4,p5g-scale-mqtt-payload-1024-clients-100,scale,guided-planning,mqtt,,veh-50,rsu-1,p5g-scale-mqtt-payload-1024-clients-100-veh-50-958,ipi-session-1,multiclient-scalability-run-4,veh-50,958,100-clients,default,stationary,unsynced,true,true,clients,100,count,IPI-CooperativeService,1098,1783021765626583569,1783021700888824263,1783021700888868362,,,,,,"CooperativeService{guidedPlanning, status=request, vehicleId=0x7665682d3530, requestedHorizonMs=2500, confidence=100, planning.waypoints=1, offloadTaskId=probe-958, offloadPayload=1024 bytes}"
5g-receiver,1783021701129927889,edge4av-real-20260702-multiclient-scalability-run-4,p5g-scale-mqtt-payload-1024-clients-100,scale,guided-planning,mqtt,,veh-50,rsu-1,p5g-scale-mqtt-payload-1024-clients-100-veh-50-959,ipi-session-1,multiclient-scalability-run-4,veh-50,959,100-clients,default,stationary,unsynced,true,true,clients,100,count,IPI-CooperativeService,1098,1783021765904465721,1783021701129869220,1783021701129927889,,,,,,"CooperativeService{guidedPlanning, status=request, vehicleId=0x7665682d3530, requestedHorizonMs=2500, confidence=100, planning.waypoints=1, offloadTaskId=probe-959, offloadPayload=1024 bytes}"
5g-receiver,1783021701381924673,edge4av-real-20260702-multiclient-scalability-run-4,p5g-scale-mqtt-payload-1024-clients-100,scale,guided-planning,mqtt,,veh-50,rsu-1,p5g-scale-mqtt-payload-1024-clients-100-veh-50-960,ipi-session-1,multiclient-scalability-run-4,veh-50,960,100-clients,default,stationary,unsynced,true,true,clients,100,count,IPI-CooperativeService,1098,1783021766144473442,1783021701381880914,1783021701381924673,,,,,,"CooperativeService{guidedPlanning, status=request, vehicleId=0x7665682d3530, requestedHorizonMs=2500, confidence=100, planning.waypoints=1, offloadTaskId=probe-960, offloadPayload=1024 bytes}"
5g-receiver,1783021701621768633,edge4av-real-20260702-multiclient-scalability-run-4,p5g-scale-mqtt-payload-1024-clients-100,scale,guided-planning,mqtt,,veh-50,rsu-1,p5g-scale-mqtt-payload-1024-clients-100-veh-50-961,ipi-session-1,multiclient-scalability-run-4,veh-50,961,100-clients,default,stationary,unsynced,true,true,clients,100,count,IPI-CooperativeService,1098,1783021766398490455,1783021701621725688,1783021701621768633,,,,,,"CooperativeService{guidedPlanning, status=request, vehicleId=0x7665682d3530, requestedHorizonMs=2500, confidence=100, planning.waypoints=1, offloadTaskId=probe-961, offloadPayload=1024 bytes}"
5g-receiver,1783021701872641576,edge4av-real-20260702-multiclient-scalability-run-4,p5g-scale-mqtt-payload-1024-clients-100,scale,guided-planning,mqtt,,veh-50,rsu-1,p5g-scale-mqtt-payload-1024-clients-100-veh-50-962,ipi-session-1,multiclient-scalability-run-4,veh-50,962,100-clients,default,stationary,unsynced,true,true,clients,100,count,IPI-CooperativeService,1098,1783021766640620360,1783021701872598201,1783021701872641576,,,,,,"CooperativeService{guidedPlanning, status=request, vehicleId=0x7665682d3530, requestedHorizonMs=2500, confidence=100, planning.waypoints=1, offloadTaskId=probe-962, offloadPayload=1024 bytes}"
5g-receiver,1783021702122144235,edge4av-real-20260702-multiclient-scalability-run-4,p5g-scale-mqtt-payload-1024-clients-100,scale,guided-planning,mqtt,,veh-50,rsu-1,p5g-scale-mqtt-payload-1024-clients-100-veh-50-963,ipi-session-1,multiclient-scalability-run-4,veh-50,963,100-clients,default,stationary,unsynced,true,true,clients,100,count,IPI-CooperativeService,1098,1783021766884491439,1783021702122093139,1783021702122144235,,,,,,"CooperativeService{guidedPlanning, status=request, vehicleId=0x7665682d3530, requestedHorizonMs=2500, confidence=100, planning.waypoints=1, offloadTaskId=probe-963, offloadPayload=1024 bytes}"
5g-receiver,1783021702382801118,edge4av-real-20260702-multiclient-scalability-run-4,p5g-scale-mqtt-payload-1024-clients-100,scale,guided-planning,mqtt,,veh-50,rsu-1,p5g-scale-mqtt-payload-1024-clients-100-veh-50-964,ipi-session-1,multiclient-scalability-run-4,veh-50,964,100-clients,default,stationary,unsynced,true,true,clients,100,count,IPI-CooperativeService,1098,1783021767136639990,1783021702382758888,1783021702382801118,,,,,,"CooperativeService{guidedPlanning, status=request, vehicleId=0x7665682d3530, requestedHorizonMs=2500, confidence=100, planning.waypoints=1, offloadTaskId=probe-964, offloadPayload=1024 bytes}"
5g-receiver,1783021702624549059,edge4av-real-20260702-multiclient-scalability-run-4,p5g-scale-mqtt-payload-1024-clients-100,scale,guided-planning,mqtt,,veh-50,rsu-1,p5g-scale-mqtt-payload-1024-clients-100-veh-50-965,ipi-session-1,multiclient-scalability-run-4,veh-50,965,100-clients,default,stationary,unsynced,true,true,clients,100,count,IPI-CooperativeService,1098,1783021767398497421,1783021702624506022,1783021702624549059,,,,,,"CooperativeService{guidedPlanning, status=request, vehicleId=0x7665682d3530, requestedHorizonMs=2500, confidence=100, planning.waypoints=1, offloadTaskId=probe-965, offloadPayload=1024 bytes}"
5g-receiver,1783021702862602366,edge4av-real-20260702-multiclient-scalability-run-4,p5g-scale-mqtt-payload-1024-clients-100,scale,guided-planning,mqtt,,veh-50,rsu-1,p5g-scale-mqtt-payload-1024-clients-100-veh-50-966,ipi-session-1,multiclient-scalability-run-4,veh-50,966,100-clients,default,stationary,unsynced,true,true,clients,100,count,IPI-CooperativeService,1098,1783021767636368213,1783021702862539520,1783021702862602366,,,,,,"CooperativeService{guidedPlanning, status=request, vehicleId=0x7665682d3530, requestedHorizonMs=2500, confidence=100, planning.waypoints=1, offloadTaskId=probe-966, offloadPayload=1024 bytes}"
5g-receiver,1783021703103704343,edge4av-real-20260702-multiclient-scalability-run-4,p5g-scale-mqtt-payload-1024-clients-100,scale,guided-planning,mqtt,,veh-50,rsu-1,p5g-scale-mqtt-payload-1024-clients-100-veh-50-967,ipi-session-1,multiclient-scalability-run-4,veh-50,967,100-clients,default,stationary,unsynced,true,true,clients,100,count,IPI-CooperativeService,1098,1783021767878523721,1783021703103660849,1783021703103704343,,,,,,"CooperativeService{guidedPlanning, status=request, vehicleId=0x7665682d3530, requestedHorizonMs=2500, confidence=100, planning.waypoints=1, offloadTaskId=probe-967, offloadPayload=1024 bytes}"
5g-receiver,1783021703343688049,edge4av-real-20260702-multiclient-scalability-run-4,p5g-scale-mqtt-payload-1024-clients-100,scale,guided-planning,mqtt,,veh-50,rsu-1,p5g-scale-mqtt-payload-1024-clients-100-veh-50-968,ipi-session-1,multiclient-scalability-run-4,veh-50,968,100-clients,default,stationary,unsynced,true,true,clients,100,count,IPI-CooperativeService,1098,1783021768120619895,1783021703343645081,1783021703343688049,,,,,,"CooperativeService{guidedPlanning, status=request, vehicleId=0x7665682d3530, requestedHorizonMs=2500, confidence=100, planning.waypoints=1, offloadTaskId=probe-968, offloadPayload=1024 bytes}"
5g-receiver,1783021703593340842,edge4av-real-20260702-multiclient-scalability-run-4,p5g-scale-mqtt-payload-1024-clients-100,scale,guided-planning,mqtt,,veh-50,rsu-1,p5g-scale-mqtt-payload-1024-clients-100-veh-50-969,ipi-session-1,multiclient-scalability-run-4,veh-50,969,100-clients,default,stationary,unsynced,true,true,clients,100,count,IPI-CooperativeService,1098,1783021768356605364,1783021703593297770,1783021703593340842,,,,,,"CooperativeService{guidedPlanning, status=request, vehicleId=0x7665682d3530, requestedHorizonMs=2500, confidence=100, planning.waypoints=1, offloadTaskId=probe-969, offloadPayload=1024 bytes}"
5g-receiver,1783021703825609766,edge4av-real-20260702-multiclient-scalability-run-4,p5g-scale-mqtt-payload-1024-clients-100,scale,guided-planning,mqtt,,veh-50,rsu-1,p5g-scale-mqtt-payload-1024-clients-100-veh-50-970,ipi-session-1,multiclient-scalability-run-4,veh-50,970,100-clients,default,stationary,unsynced,true,true,clients,100,count,IPI-CooperativeService,1098,1783021768606520219,1783021703825552358,1783021703825609766,,,,,,"CooperativeService{guidedPlanning, status=request, vehicleId=0x7665682d3530, requestedHorizonMs=2500, confidence=100, planning.waypoints=1, offloadTaskId=probe-970, offloadPayload=1024 bytes}"
5g-receiver,1783021704086308745,edge4av-real-20260702-multiclient-scalability-run-4,p5g-scale-mqtt-payload-1024-clients-100,scale,guided-planning,mqtt,,veh-50,rsu-1,p5g-scale-mqtt-payload-1024-clients-100-veh-50-971,ipi-session-1,multiclient-scalability-run-4,veh-50,971,100-clients,default,stationary,unsynced,true,true,clients,100,count,IPI-CooperativeService,1098,1783021768844394053,1783021704086258118,1783021704086308745,,,,,,"CooperativeService{guidedPlanning, status=request, vehicleId=0x7665682d3530, requestedHorizonMs=2500, confidence=100, planning.waypoints=1, offloadTaskId=probe-971, offloadPayload=1024 bytes}"
5g-receiver,1783021704407512441,edge4av-real-20260702-multiclient-scalability-run-4,p5g-scale-mqtt-payload-1024-clients-100,scale,guided-planning,mqtt,,veh-50,rsu-1,p5g-scale-mqtt-payload-1024-clients-100-veh-50-972,ipi-session-1,multiclient-scalability-run-4,veh-50,972,100-clients,default,stationary,unsynced,true,true,clients,100,count,IPI-CooperativeService,1098,1783021769160089658,1783021704407469556,1783021704407512441,,,,,,"CooperativeService{guidedPlanning, status=request, vehicleId=0x7665682d3530, requestedHorizonMs=2500, confidence=100, planning.waypoints=1, offloadTaskId=probe-972, offloadPayload=1024 bytes}"
5g-receiver,1783021704727802004,edge4av-real-20260702-multiclient-scalability-run-4,p5g-scale-mqtt-payload-1024-clients-100,scale,guided-planning,mqtt,,veh-50,rsu-1,p5g-scale-mqtt-payload-1024-clients-100-veh-50-973,ipi-session-1,multiclient-scalability-run-4,veh-50,973,100-clients,default,stationary,unsynced,true,true,clients,100,count,IPI-CooperativeService,1098,1783021769420443436,1783021704727741003,1783021704727802004,,,,,,"CooperativeService{guidedPlanning, status=request, vehicleId=0x7665682d3530, requestedHorizonMs=2500, confidence=100, planning.waypoints=1, offloadTaskId=probe-973, offloadPayload=1024 bytes}"
5g-receiver,1783021705028700586,edge4av-real-20260702-multiclient-scalability-run-4,p5g-scale-mqtt-payload-1024-clients-100,scale,guided-planning,mqtt,,veh-50,rsu-1,p5g-scale-mqtt-payload-1024-clients-100-veh-50-974,ipi-session-1,multiclient-scalability-run-4,veh-50,974,100-clients,default,stationary,unsynced,true,true,clients,100,count,IPI-CooperativeService,1098,1783021769742586262,1783021705028617543,1783021705028700586,,,,,,"CooperativeService{guidedPlanning, status=request, vehicleId=0x7665682d3530, requestedHorizonMs=2500, confidence=100, planning.waypoints=1, offloadTaskId=probe-974, offloadPayload=1024 bytes}"
5g-receiver,1783021705277387355,edge4av-real-20260702-multiclient-scalability-run-4,p5g-scale-mqtt-payload-1024-clients-100,scale,guided-planning,mqtt,,veh-50,rsu-1,p5g-scale-mqtt-payload-1024-clients-100-veh-50-975,ipi-session-1,multiclient-scalability-run-4,veh-50,975,100-clients,default,stationary,unsynced,true,true,clients,100,count,IPI-CooperativeService,1098,1783021770044530109,1783021705277344535,1783021705277387355,,,,,,"CooperativeService{guidedPlanning, status=request, vehicleId=0x7665682d3530, requestedHorizonMs=2500, confidence=100, planning.waypoints=1, offloadTaskId=probe-975, offloadPayload=1024 bytes}"
5g-receiver,1783021705517731349,edge4av-real-20260702-multiclient-scalability-run-4,p5g-scale-mqtt-payload-1024-clients-100,scale,guided-planning,mqtt,,veh-50,rsu-1,p5g-scale-mqtt-payload-1024-clients-100-veh-50-976,ipi-session-1,multiclient-scalability-run-4,veh-50,976,100-clients,default,stationary,unsynced,true,true,clients,100,count,IPI-CooperativeService,1098,1783021770290405989,1783021705517688114,1783021705517731349,,,,,,"CooperativeService{guidedPlanning, status=request, vehicleId=0x7665682d3530, requestedHorizonMs=2500, confidence=100, planning.waypoints=1, offloadTaskId=probe-976, offloadPayload=1024 bytes}"
5g-receiver,1783021705758300819,edge4av-real-20260702-multiclient-scalability-run-4,p5g-scale-mqtt-payload-1024-clients-100,scale,guided-planning,mqtt,,veh-50,rsu-1,p5g-scale-mqtt-payload-1024-clients-100-veh-50-977,ipi-session-1,multiclient-scalability-run-4,veh-50,977,100-clients,default,stationary,unsynced,true,true,clients,100,count,IPI-CooperativeService,1098,1783021770528482278,1783021705758242503,1783021705758300819,,,,,,"CooperativeService{guidedPlanning, status=request, vehicleId=0x7665682d3530, requestedHorizonMs=2500, confidence=100, planning.waypoints=1, offloadTaskId=probe-977, offloadPayload=1024 bytes}"
5g-receiver,1783021706009116898,edge4av-real-20260702-multiclient-scalability-run-4,p5g-scale-mqtt-payload-1024-clients-100,scale,guided-planning,mqtt,,veh-50,rsu-1,p5g-scale-mqtt-payload-1024-clients-100-veh-50-978,ipi-session-1,multiclient-scalability-run-4,veh-50,978,100-clients,default,stationary,unsynced,true,true,clients,100,count,IPI-CooperativeService,1098,1783021770775511351,1783021706009074074,1783021706009116898,,,,,,"CooperativeService{guidedPlanning, status=request, vehicleId=0x7665682d3530, requestedHorizonMs=2500, confidence=100, planning.waypoints=1, offloadTaskId=probe-978, offloadPayload=1024 bytes}"
5g-receiver,1783021706261107699,edge4av-real-20260702-multiclient-scalability-run-4,p5g-scale-mqtt-payload-1024-clients-100,scale,guided-planning,mqtt,,veh-50,rsu-1,p5g-scale-mqtt-payload-1024-clients-100-veh-50-979,ipi-session-1,multiclient-scalability-run-4,veh-50,979,100-clients,default,stationary,unsynced,true,true,clients,100,count,IPI-CooperativeService,1098,1783021771020579638,1783021706261054608,1783021706261107699,,,,,,"CooperativeService{guidedPlanning, status=request, vehicleId=0x7665682d3530, requestedHorizonMs=2500, confidence=100, planning.waypoints=1, offloadTaskId=probe-979, offloadPayload=1024 bytes}"
5g-receiver,1783021706508780664,edge4av-real-20260702-multiclient-scalability-run-4,p5g-scale-mqtt-payload-1024-clients-100,scale,guided-planning,mqtt,,veh-50,rsu-1,p5g-scale-mqtt-payload-1024-clients-100-veh-50-980,ipi-session-1,multiclient-scalability-run-4,veh-50,980,100-clients,default,stationary,unsynced,true,true,clients,100,count,IPI-CooperativeService,1098,1783021771272391323,1783021706508723114,1783021706508780664,,,,,,"CooperativeService{guidedPlanning, status=request, vehicleId=0x7665682d3530, requestedHorizonMs=2500, confidence=100, planning.waypoints=1, offloadTaskId=probe-980, offloadPayload=1024 bytes}"
5g-receiver,1783021706761625446,edge4av-real-20260702-multiclient-scalability-run-4,p5g-scale-mqtt-payload-1024-clients-100,scale,guided-planning,mqtt,,veh-50,rsu-1,p5g-scale-mqtt-payload-1024-clients-100-veh-50-981,ipi-session-1,multiclient-scalability-run-4,veh-50,981,100-clients,default,stationary,unsynced,true,true,clients,100,count,IPI-CooperativeService,1098,1783021771522699851,1783021706761576532,1783021706761625446,,,,,,"CooperativeService{guidedPlanning, status=request, vehicleId=0x7665682d3530, requestedHorizonMs=2500, confidence=100, planning.waypoints=1, offloadTaskId=probe-981, offloadPayload=1024 bytes}"
5g-receiver,1783021706999348356,edge4av-real-20260702-multiclient-scalability-run-4,p5g-scale-mqtt-payload-1024-clients-100,scale,guided-planning,mqtt,,veh-50,rsu-1,p5g-scale-mqtt-payload-1024-clients-100-veh-50-982,ipi-session-1,multiclient-scalability-run-4,veh-50,982,100-clients,default,stationary,unsynced,true,true,clients,100,count,IPI-CooperativeService,1098,1783021771772503590,1783021706999305547,1783021706999348356,,,,,,"CooperativeService{guidedPlanning, status=request, vehicleId=0x7665682d3530, requestedHorizonMs=2500, confidence=100, planning.waypoints=1, offloadTaskId=probe-982, offloadPayload=1024 bytes}"
5g-receiver,1783021707291794021,edge4av-real-20260702-multiclient-scalability-run-4,p5g-scale-mqtt-payload-1024-clients-100,scale,guided-planning,mqtt,,veh-50,rsu-1,p5g-scale-mqtt-payload-1024-clients-100-veh-50-983,ipi-session-1,multiclient-scalability-run-4,veh-50,983,100-clients,default,stationary,unsynced,true,true,clients,100,count,IPI-CooperativeService,1098,1783021772026633102,1783021707291749168,1783021707291794021,,,,,,"CooperativeService{guidedPlanning, status=request, vehicleId=0x7665682d3530, requestedHorizonMs=2500, confidence=100, planning.waypoints=1, offloadTaskId=probe-983, offloadPayload=1024 bytes}"
5g-receiver,1783021707541366270,edge4av-real-20260702-multiclient-scalability-run-4,p5g-scale-mqtt-payload-1024-clients-100,scale,guided-planning,mqtt,,veh-50,rsu-1,p5g-scale-mqtt-payload-1024-clients-100-veh-50-984,ipi-session-1,multiclient-scalability-run-4,veh-50,984,100-clients,default,stationary,unsynced,true,true,clients,100,count,IPI-CooperativeService,1098,1783021772304558727,1783021707541313832,1783021707541366270,,,,,,"CooperativeService{guidedPlanning, status=request, vehicleId=0x7665682d3530, requestedHorizonMs=2500, confidence=100, planning.waypoints=1, offloadTaskId=probe-984, offloadPayload=1024 bytes}"
5g-receiver,1783021707792191492,edge4av-real-20260702-multiclient-scalability-run-4,p5g-scale-mqtt-payload-1024-clients-100,scale,guided-planning,mqtt,,veh-50,rsu-1,p5g-scale-mqtt-payload-1024-clients-100-veh-50-985,ipi-session-1,multiclient-scalability-run-4,veh-50,985,100-clients,default,stationary,unsynced,true,true,clients,100,count,IPI-CooperativeService,1098,1783021772558514496,1783021707792125260,1783021707792191492,,,,,,"CooperativeService{guidedPlanning, status=request, vehicleId=0x7665682d3530, requestedHorizonMs=2500, confidence=100, planning.waypoints=1, offloadTaskId=probe-985, offloadPayload=1024 bytes}"
5g-receiver,1783021708043883069,edge4av-real-20260702-multiclient-scalability-run-4,p5g-scale-mqtt-payload-1024-clients-100,scale,guided-planning,mqtt,,veh-50,rsu-1,p5g-scale-mqtt-payload-1024-clients-100-veh-50-986,ipi-session-1,multiclient-scalability-run-4,veh-50,986,100-clients,default,stationary,unsynced,true,true,clients,100,count,IPI-CooperativeService,1098,1783021772804651615,1783021708043839745,1783021708043883069,,,,,,"CooperativeService{guidedPlanning, status=request, vehicleId=0x7665682d3530, requestedHorizonMs=2500, confidence=100, planning.waypoints=1, offloadTaskId=probe-986, offloadPayload=1024 bytes}"
5g-receiver,1783021708291985151,edge4av-real-20260702-multiclient-scalability-run-4,p5g-scale-mqtt-payload-1024-clients-100,scale,guided-planning,mqtt,,veh-50,rsu-1,p5g-scale-mqtt-payload-1024-clients-100-veh-50-987,ipi-session-1,multiclient-scalability-run-4,veh-50,987,100-clients,default,stationary,unsynced,true,true,clients,100,count,IPI-CooperativeService,1098,1783021773056611018,1783021708291941318,1783021708291985151,,,,,,"CooperativeService{guidedPlanning, status=request, vehicleId=0x7665682d3530, requestedHorizonMs=2500, confidence=100, planning.waypoints=1, offloadTaskId=probe-987, offloadPayload=1024 bytes}"
5g-receiver,1783021708552289495,edge4av-real-20260702-multiclient-scalability-run-4,p5g-scale-mqtt-payload-1024-clients-100,scale,guided-planning,mqtt,,veh-50,rsu-1,p5g-scale-mqtt-payload-1024-clients-100-veh-50-988,ipi-session-1,multiclient-scalability-run-4,veh-50,988,100-clients,default,stationary,unsynced,true,true,clients,100,count,IPI-CooperativeService,1098,1783021773308578954,1783021708552246162,1783021708552289495,,,,,,"CooperativeService{guidedPlanning, status=request, vehicleId=0x7665682d3530, requestedHorizonMs=2500, confidence=100, planning.waypoints=1, offloadTaskId=probe-988, offloadPayload=1024 bytes}"
5g-receiver,1783021708814694577,edge4av-real-20260702-multiclient-scalability-run-4,p5g-scale-mqtt-payload-1024-clients-100,scale,guided-planning,mqtt,,veh-50,rsu-1,p5g-scale-mqtt-payload-1024-clients-100-veh-50-989,ipi-session-1,multiclient-scalability-run-4,veh-50,989,100-clients,default,stationary,unsynced,true,true,clients,100,count,IPI-CooperativeService,1098,1783021773566567754,1783021708814652124,1783021708814694577,,,,,,"CooperativeService{guidedPlanning, status=request, vehicleId=0x7665682d3530, requestedHorizonMs=2500, confidence=100, planning.waypoints=1, offloadTaskId=probe-989, offloadPayload=1024 bytes}"
5g-receiver,1783021709072958886,edge4av-real-20260702-multiclient-scalability-run-4,p5g-scale-mqtt-payload-1024-clients-100,scale,guided-planning,mqtt,,veh-50,rsu-1,p5g-scale-mqtt-payload-1024-clients-100-veh-50-990,ipi-session-1,multiclient-scalability-run-4,veh-50,990,100-clients,default,stationary,unsynced,true,true,clients,100,count,IPI-CooperativeService,1098,1783021773826528789,1783021709072915797,1783021709072958886,,,,,,"CooperativeService{guidedPlanning, status=request, vehicleId=0x7665682d3530, requestedHorizonMs=2500, confidence=100, planning.waypoints=1, offloadTaskId=probe-990, offloadPayload=1024 bytes}"
5g-receiver,1783021709335160323,edge4av-real-20260702-multiclient-scalability-run-4,p5g-scale-mqtt-payload-1024-clients-100,scale,guided-planning,mqtt,,veh-50,rsu-1,p5g-scale-mqtt-payload-1024-clients-100-veh-50-991,ipi-session-1,multiclient-scalability-run-4,veh-50,991,100-clients,default,stationary,unsynced,true,true,clients,100,count,IPI-CooperativeService,1098,1783021774088533509,1783021709335117599,1783021709335160323,,,,,,"CooperativeService{guidedPlanning, status=request, vehicleId=0x7665682d3530, requestedHorizonMs=2500, confidence=100, planning.waypoints=1, offloadTaskId=probe-991, offloadPayload=1024 bytes}"
5g-receiver,1783021709604819379,edge4av-real-20260702-multiclient-scalability-run-4,p5g-scale-mqtt-payload-1024-clients-100,scale,guided-planning,mqtt,,veh-50,rsu-1,p5g-scale-mqtt-payload-1024-clients-100-veh-50-992,ipi-session-1,multiclient-scalability-run-4,veh-50,992,100-clients,default,stationary,unsynced,true,true,clients,100,count,IPI-CooperativeService,1098,1783021774344607171,1783021709604754461,1783021709604819379,,,,,,"CooperativeService{guidedPlanning, status=request, vehicleId=0x7665682d3530, requestedHorizonMs=2500, confidence=100, planning.waypoints=1, offloadTaskId=probe-992, offloadPayload=1024 bytes}"
5g-receiver,1783021709875020185,edge4av-real-20260702-multiclient-scalability-run-4,p5g-scale-mqtt-payload-1024-clients-100,scale,guided-planning,mqtt,,veh-50,rsu-1,p5g-scale-mqtt-payload-1024-clients-100-veh-50-993,ipi-session-1,multiclient-scalability-run-4,veh-50,993,100-clients,default,stationary,unsynced,true,true,clients,100,count,IPI-CooperativeService,1098,1783021774626795478,1783021709874976764,1783021709875020185,,,,,,"CooperativeService{guidedPlanning, status=request, vehicleId=0x7665682d3530, requestedHorizonMs=2500, confidence=100, planning.waypoints=1, offloadTaskId=probe-993, offloadPayload=1024 bytes}"
5g-receiver,1783021710136787360,edge4av-real-20260702-multiclient-scalability-run-4,p5g-scale-mqtt-payload-1024-clients-100,scale,guided-planning,mqtt,,veh-50,rsu-1,p5g-scale-mqtt-payload-1024-clients-100-veh-50-994,ipi-session-1,multiclient-scalability-run-4,veh-50,994,100-clients,default,stationary,unsynced,true,true,clients,100,count,IPI-CooperativeService,1098,1783021774884508601,1783021710136744726,1783021710136787360,,,,,,"CooperativeService{guidedPlanning, status=request, vehicleId=0x7665682d3530, requestedHorizonMs=2500, confidence=100, planning.waypoints=1, offloadTaskId=probe-994, offloadPayload=1024 bytes}"
5g-receiver,1783021710396412084,edge4av-real-20260702-multiclient-scalability-run-4,p5g-scale-mqtt-payload-1024-clients-100,scale,guided-planning,mqtt,,veh-50,rsu-1,p5g-scale-mqtt-payload-1024-clients-100-veh-50-995,ipi-session-1,multiclient-scalability-run-4,veh-50,995,100-clients,default,stationary,unsynced,true,true,clients,100,count,IPI-CooperativeService,1098,1783021775146640597,1783021710396368534,1783021710396412084,,,,,,"CooperativeService{guidedPlanning, status=request, vehicleId=0x7665682d3530, requestedHorizonMs=2500, confidence=100, planning.waypoints=1, offloadTaskId=probe-995, offloadPayload=1024 bytes}"
5g-receiver,1783021710668297169,edge4av-real-20260702-multiclient-scalability-run-4,p5g-scale-mqtt-payload-1024-clients-100,scale,guided-planning,mqtt,,veh-50,rsu-1,p5g-scale-mqtt-payload-1024-clients-100-veh-50-996,ipi-session-1,multiclient-scalability-run-4,veh-50,996,100-clients,default,stationary,unsynced,true,true,clients,100,count,IPI-CooperativeService,1098,1783021775416628335,1783021710668253917,1783021710668297169,,,,,,"CooperativeService{guidedPlanning, status=request, vehicleId=0x7665682d3530, requestedHorizonMs=2500, confidence=100, planning.waypoints=1, offloadTaskId=probe-996, offloadPayload=1024 bytes}"
5g-receiver,1783021710908279155,edge4av-real-20260702-multiclient-scalability-run-4,p5g-scale-mqtt-payload-1024-clients-100,scale,guided-planning,mqtt,,veh-50,rsu-1,p5g-scale-mqtt-payload-1024-clients-100-veh-50-997,ipi-session-1,multiclient-scalability-run-4,veh-50,997,100-clients,default,stationary,unsynced,true,true,clients,100,count,IPI-CooperativeService,1098,1783021775680710154,1783021710908231069,1783021710908279155,,,,,,"CooperativeService{guidedPlanning, status=request, vehicleId=0x7665682d3530, requestedHorizonMs=2500, confidence=100, planning.waypoints=1, offloadTaskId=probe-997, offloadPayload=1024 bytes}"
5g-receiver,1783021711149316448,edge4av-real-20260702-multiclient-scalability-run-4,p5g-scale-mqtt-payload-1024-clients-100,scale,guided-planning,mqtt,,veh-50,rsu-1,p5g-scale-mqtt-payload-1024-clients-100-veh-50-998,ipi-session-1,multiclient-scalability-run-4,veh-50,998,100-clients,default,stationary,unsynced,true,true,clients,100,count,IPI-CooperativeService,1098,1783021775918501267,1783021711149272577,1783021711149316448,,,,,,"CooperativeService{guidedPlanning, status=request, vehicleId=0x7665682d3530, requestedHorizonMs=2500, confidence=100, planning.waypoints=1, offloadTaskId=probe-998, offloadPayload=1024 bytes}"
5g-receiver,1783021711377977968,edge4av-real-20260702-multiclient-scalability-run-4,p5g-scale-mqtt-payload-1024-clients-100,scale,guided-planning,mqtt,,veh-50,rsu-1,p5g-scale-mqtt-payload-1024-clients-100-veh-50-999,ipi-session-1,multiclient-scalability-run-4,veh-50,999,100-clients,default,stationary,unsynced,true,true,clients,100,count,IPI-CooperativeService,1098,1783021776164597907,1783021711377934577,1783021711377977968,,,,,,"CooperativeService{guidedPlanning, status=request, vehicleId=0x7665682d3530, requestedHorizonMs=2500, confidence=100, planning.waypoints=1, offloadTaskId=probe-999, offloadPayload=1024 bytes}"
5g-receiver,1783021711608049813,edge4av-real-20260702-multiclient-scalability-run-4,p5g-scale-mqtt-payload-1024-clients-100,scale,guided-planning,mqtt,,veh-50,rsu-1,p5g-scale-mqtt-payload-1024-clients-100-veh-50-1000,ipi-session-1,multiclient-scalability-run-4,veh-50,1000,100-clients,default,stationary,unsynced,true,true,clients,100,count,IPI-CooperativeService,1099,1783021776394598919,1783021711608006009,1783021711608049813,,,,,,"CooperativeService{guidedPlanning, status=request, vehicleId=0x7665682d3530, requestedHorizonMs=2500, confidence=100, planning.waypoints=1, offloadTaskId=probe-1000, offloadPayload=1024 bytes}"
