threaded mqtt broker listening on <private-ip>:1883
1786047271.277732 accept ('<private-ip>', 60594)
1786047271.287682 close ('<private-ip>', 60594) closed
1786047271.899369 accept ('<private-ip>', 42324)
1786047271.900686 subscribe ('<private-ip>', 42324) ipi/airspan-followup-c1-rep2/latency/veh-001/request
1786047441.808107 accept ('<private-ip>', 38594)
1786047441.837869 subscribe ('<private-ip>', 38594) ipi/airspan-followup-c1-rep2/latency/veh-001/ack
1786047441.858074 publish topic=ipi/airspan-followup-c1-rep2/latency/veh-001/request bytes=1353 forwarded=1
1786047441.858776 publish topic=ipi/airspan-followup-c1-rep2/latency/veh-001/ack bytes=237 forwarded=1
1786047442.098118 publish topic=ipi/airspan-followup-c1-rep2/latency/veh-001/request bytes=1353 forwarded=1
1786047442.098614 publish topic=ipi/airspan-followup-c1-rep2/latency/veh-001/ack bytes=237 forwarded=1
1786047442.328840 publish topic=ipi/airspan-followup-c1-rep2/latency/veh-001/request bytes=1353 forwarded=1
1786047442.329497 publish topic=ipi/airspan-followup-c1-rep2/latency/veh-001/ack bytes=237 forwarded=1
1786047442.568741 publish topic=ipi/airspan-followup-c1-rep2/latency/veh-001/request bytes=1353 forwarded=1
1786047442.569009 publish topic=ipi/airspan-followup-c1-rep2/latency/veh-001/ack bytes=237 forwarded=1
1786047442.809104 publish topic=ipi/airspan-followup-c1-rep2/latency/veh-001/request bytes=1353 forwarded=1
1786047442.809691 publish topic=ipi/airspan-followup-c1-rep2/latency/veh-001/ack bytes=237 forwarded=1
1786047443.039848 publish topic=ipi/airspan-followup-c1-rep2/latency/veh-001/request bytes=1353 forwarded=1
1786047443.040491 publish topic=ipi/airspan-followup-c1-rep2/latency/veh-001/ack bytes=237 forwarded=1
1786047443.270182 publish topic=ipi/airspan-followup-c1-rep2/latency/veh-001/request bytes=1353 forwarded=1
1786047443.270818 publish topic=ipi/airspan-followup-c1-rep2/latency/veh-001/ack bytes=237 forwarded=1
1786047443.500022 publish topic=ipi/airspan-followup-c1-rep2/latency/veh-001/request bytes=1353 forwarded=1
1786047443.500416 publish topic=ipi/airspan-followup-c1-rep2/latency/veh-001/ack bytes=237 forwarded=1
1786047443.730555 publish topic=ipi/airspan-followup-c1-rep2/latency/veh-001/request bytes=1353 forwarded=1
1786047443.731088 publish topic=ipi/airspan-followup-c1-rep2/latency/veh-001/ack bytes=237 forwarded=1
1786047443.970850 publish topic=ipi/airspan-followup-c1-rep2/latency/veh-001/request bytes=1355 forwarded=1
1786047443.971490 publish topic=ipi/airspan-followup-c1-rep2/latency/veh-001/ack bytes=238 forwarded=1
1786047444.211649 publish topic=ipi/airspan-followup-c1-rep2/latency/veh-001/request bytes=1355 forwarded=1
1786047444.212337 publish topic=ipi/airspan-followup-c1-rep2/latency/veh-001/ack bytes=238 forwarded=1
1786047444.441774 publish topic=ipi/airspan-followup-c1-rep2/latency/veh-001/request bytes=1355 forwarded=1
1786047444.442420 publish topic=ipi/airspan-followup-c1-rep2/latency/veh-001/ack bytes=238 forwarded=1
1786047444.671978 publish topic=ipi/airspan-followup-c1-rep2/latency/veh-001/request bytes=1355 forwarded=1
1786047444.672648 publish topic=ipi/airspan-followup-c1-rep2/latency/veh-001/ack bytes=238 forwarded=1
1786047444.901980 publish topic=ipi/airspan-followup-c1-rep2/latency/veh-001/request bytes=1355 forwarded=1
1786047444.902267 publish topic=ipi/airspan-followup-c1-rep2/latency/veh-001/ack bytes=238 forwarded=1
1786047445.132783 publish topic=ipi/airspan-followup-c1-rep2/latency/veh-001/request bytes=1355 forwarded=1
1786047445.133426 publish topic=ipi/airspan-followup-c1-rep2/latency/veh-001/ack bytes=238 forwarded=1
1786047445.362876 publish topic=ipi/airspan-followup-c1-rep2/latency/veh-001/request bytes=1355 forwarded=1
1786047445.363472 publish topic=ipi/airspan-followup-c1-rep2/latency/veh-001/ack bytes=238 forwarded=1
1786047445.593426 publish topic=ipi/airspan-followup-c1-rep2/latency/veh-001/request bytes=1355 forwarded=1
1786047445.594445 publish topic=ipi/airspan-followup-c1-rep2/latency/veh-001/ack bytes=238 forwarded=1
1786047445.843536 publish topic=ipi/airspan-followup-c1-rep2/latency/veh-001/request bytes=1355 forwarded=1
1786047445.844126 publish topic=ipi/airspan-followup-c1-rep2/latency/veh-001/ack bytes=238 forwarded=1
1786047446.083987 publish topic=ipi/airspan-followup-c1-rep2/latency/veh-001/request bytes=1355 forwarded=1
1786047446.084653 publish topic=ipi/airspan-followup-c1-rep2/latency/veh-001/ack bytes=238 forwarded=1
1786047446.304177 publish topic=ipi/airspan-followup-c1-rep2/latency/veh-001/request bytes=1355 forwarded=1
1786047446.304582 publish topic=ipi/airspan-followup-c1-rep2/latency/veh-001/ack bytes=238 forwarded=1
1786047446.544821 publish topic=ipi/airspan-followup-c1-rep2/latency/veh-001/request bytes=1355 forwarded=1
1786047446.545434 publish topic=ipi/airspan-followup-c1-rep2/latency/veh-001/ack bytes=238 forwarded=1
1786047446.775153 publish topic=ipi/airspan-followup-c1-rep2/latency/veh-001/request bytes=1355 forwarded=1
1786047446.775784 publish topic=ipi/airspan-followup-c1-rep2/latency/veh-001/ack bytes=238 forwarded=1
1786047447.005115 publish topic=ipi/airspan-followup-c1-rep2/latency/veh-001/request bytes=1355 forwarded=1
1786047447.005341 publish topic=ipi/airspan-followup-c1-rep2/latency/veh-001/ack bytes=238 forwarded=1
1786047447.235781 publish topic=ipi/airspan-followup-c1-rep2/latency/veh-001/request bytes=1355 forwarded=1
1786047447.236402 publish topic=ipi/airspan-followup-c1-rep2/latency/veh-001/ack bytes=238 forwarded=1
1786047447.466480 publish topic=ipi/airspan-followup-c1-rep2/latency/veh-001/request bytes=1355 forwarded=1
1786047447.467203 publish topic=ipi/airspan-followup-c1-rep2/latency/veh-001/ack bytes=238 forwarded=1
1786047447.686476 publish topic=ipi/airspan-followup-c1-rep2/latency/veh-001/request bytes=1355 forwarded=1
1786047447.687075 publish topic=ipi/airspan-followup-c1-rep2/latency/veh-001/ack bytes=238 forwarded=1
1786047447.916917 publish topic=ipi/airspan-followup-c1-rep2/latency/veh-001/request bytes=1355 forwarded=1
1786047447.917561 publish topic=ipi/airspan-followup-c1-rep2/latency/veh-001/ack bytes=238 forwarded=1
1786047448.146720 publish topic=ipi/airspan-followup-c1-rep2/latency/veh-001/request bytes=1355 forwarded=1
1786047448.147014 publish topic=ipi/airspan-followup-c1-rep2/latency/veh-001/ack bytes=238 forwarded=1
1786047448.387249 publish topic=ipi/airspan-followup-c1-rep2/latency/veh-001/request bytes=1355 forwarded=1
1786047448.387918 publish topic=ipi/airspan-followup-c1-rep2/latency/veh-001/ack bytes=238 forwarded=1
1786047448.617502 publish topic=ipi/airspan-followup-c1-rep2/latency/veh-001/request bytes=1355 forwarded=1
1786047448.618093 publish topic=ipi/airspan-followup-c1-rep2/latency/veh-001/ack bytes=238 forwarded=1
1786047448.858014 publish topic=ipi/airspan-followup-c1-rep2/latency/veh-001/request bytes=1355 forwarded=1
1786047448.858650 publish topic=ipi/airspan-followup-c1-rep2/latency/veh-001/ack bytes=238 forwarded=1
1786047449.098504 publish topic=ipi/airspan-followup-c1-rep2/latency/veh-001/request bytes=1355 forwarded=1
1786047449.099154 publish topic=ipi/airspan-followup-c1-rep2/latency/veh-001/ack bytes=238 forwarded=1
1786047449.338416 publish topic=ipi/airspan-followup-c1-rep2/latency/veh-001/request bytes=1355 forwarded=1
1786047449.338643 publish topic=ipi/airspan-followup-c1-rep2/latency/veh-001/ack bytes=238 forwarded=1
1786047449.569047 publish topic=ipi/airspan-followup-c1-rep2/latency/veh-001/request bytes=1355 forwarded=1
1786047449.569679 publish topic=ipi/airspan-followup-c1-rep2/latency/veh-001/ack bytes=238 forwarded=1
1786047449.799101 publish topic=ipi/airspan-followup-c1-rep2/latency/veh-001/request bytes=1355 forwarded=1
1786047449.799566 publish topic=ipi/airspan-followup-c1-rep2/latency/veh-001/ack bytes=238 forwarded=1
1786047450.039775 publish topic=ipi/airspan-followup-c1-rep2/latency/veh-001/request bytes=1355 forwarded=1
1786047450.040415 publish topic=ipi/airspan-followup-c1-rep2/latency/veh-001/ack bytes=238 forwarded=1
1786047450.270342 publish topic=ipi/airspan-followup-c1-rep2/latency/veh-001/request bytes=1355 forwarded=1
1786047450.270989 publish topic=ipi/airspan-followup-c1-rep2/latency/veh-001/ack bytes=238 forwarded=1
1786047450.500309 publish topic=ipi/airspan-followup-c1-rep2/latency/veh-001/request bytes=1355 forwarded=1
1786047450.500928 publish topic=ipi/airspan-followup-c1-rep2/latency/veh-001/ack bytes=238 forwarded=1
1786047450.740756 publish topic=ipi/airspan-followup-c1-rep2/latency/veh-001/request bytes=1355 forwarded=1
1786047450.741403 publish topic=ipi/airspan-followup-c1-rep2/latency/veh-001/ack bytes=238 forwarded=1
1786047450.980928 publish topic=ipi/airspan-followup-c1-rep2/latency/veh-001/request bytes=1355 forwarded=1
1786047450.981360 publish topic=ipi/airspan-followup-c1-rep2/latency/veh-001/ack bytes=238 forwarded=1
1786047451.221199 publish topic=ipi/airspan-followup-c1-rep2/latency/veh-001/request bytes=1355 forwarded=1
1786047451.221449 publish topic=ipi/airspan-followup-c1-rep2/latency/veh-001/ack bytes=238 forwarded=1
1786047451.451586 publish topic=ipi/airspan-followup-c1-rep2/latency/veh-001/request bytes=1355 forwarded=1
1786047451.452173 publish topic=ipi/airspan-followup-c1-rep2/latency/veh-001/ack bytes=238 forwarded=1
1786047451.682098 publish topic=ipi/airspan-followup-c1-rep2/latency/veh-001/request bytes=1355 forwarded=1
1786047451.682750 publish topic=ipi/airspan-followup-c1-rep2/latency/veh-001/ack bytes=238 forwarded=1
1786047451.912195 publish topic=ipi/airspan-followup-c1-rep2/latency/veh-001/request bytes=1355 forwarded=1
1786047451.912892 publish topic=ipi/airspan-followup-c1-rep2/latency/veh-001/ack bytes=238 forwarded=1
1786047452.152505 publish topic=ipi/airspan-followup-c1-rep2/latency/veh-001/request bytes=1355 forwarded=1
1786047452.152795 publish topic=ipi/airspan-followup-c1-rep2/latency/veh-001/ack bytes=238 forwarded=1
1786047452.382848 publish topic=ipi/airspan-followup-c1-rep2/latency/veh-001/request bytes=1355 forwarded=1
1786047452.383474 publish topic=ipi/airspan-followup-c1-rep2/latency/veh-001/ack bytes=238 forwarded=1
1786047452.612835 publish topic=ipi/airspan-followup-c1-rep2/latency/veh-001/request bytes=1355 forwarded=1
1786047452.613075 publish topic=ipi/airspan-followup-c1-rep2/latency/veh-001/ack bytes=238 forwarded=1
1786047452.853490 publish topic=ipi/airspan-followup-c1-rep2/latency/veh-001/request bytes=1355 forwarded=1
1786047452.854138 publish topic=ipi/airspan-followup-c1-rep2/latency/veh-001/ack bytes=238 forwarded=1
1786047453.093899 publish topic=ipi/airspan-followup-c1-rep2/latency/veh-001/request bytes=1355 forwarded=1
1786047453.094535 publish topic=ipi/airspan-followup-c1-rep2/latency/veh-001/ack bytes=238 forwarded=1
1786047453.313916 publish topic=ipi/airspan-followup-c1-rep2/latency/veh-001/request bytes=1355 forwarded=1
1786047453.314535 publish topic=ipi/airspan-followup-c1-rep2/latency/veh-001/ack bytes=238 forwarded=1
1786047453.574495 publish topic=ipi/airspan-followup-c1-rep2/latency/veh-001/request bytes=1355 forwarded=1
1786047453.575131 publish topic=ipi/airspan-followup-c1-rep2/latency/veh-001/ack bytes=238 forwarded=1
1786047453.814821 publish topic=ipi/airspan-followup-c1-rep2/latency/veh-001/request bytes=1355 forwarded=1
1786047453.815201 publish topic=ipi/airspan-followup-c1-rep2/latency/veh-001/ack bytes=238 forwarded=1
1786047454.045183 publish topic=ipi/airspan-followup-c1-rep2/latency/veh-001/request bytes=1355 forwarded=1
1786047454.045458 publish topic=ipi/airspan-followup-c1-rep2/latency/veh-001/ack bytes=238 forwarded=1
1786047454.275565 publish topic=ipi/airspan-followup-c1-rep2/latency/veh-001/request bytes=1355 forwarded=1
1786047454.276219 publish topic=ipi/airspan-followup-c1-rep2/latency/veh-001/ack bytes=238 forwarded=1
1786047454.505998 publish topic=ipi/airspan-followup-c1-rep2/latency/veh-001/request bytes=1355 forwarded=1
1786047454.506615 publish topic=ipi/airspan-followup-c1-rep2/latency/veh-001/ack bytes=238 forwarded=1
1786047454.735918 publish topic=ipi/airspan-followup-c1-rep2/latency/veh-001/request bytes=1355 forwarded=1
1786047454.736347 publish topic=ipi/airspan-followup-c1-rep2/latency/veh-001/ack bytes=238 forwarded=1
1786047454.966540 publish topic=ipi/airspan-followup-c1-rep2/latency/veh-001/request bytes=1355 forwarded=1
1786047454.967167 publish topic=ipi/airspan-followup-c1-rep2/latency/veh-001/ack bytes=238 forwarded=1
1786047455.186752 publish topic=ipi/airspan-followup-c1-rep2/latency/veh-001/request bytes=1355 forwarded=1
1786047455.187386 publish topic=ipi/airspan-followup-c1-rep2/latency/veh-001/ack bytes=238 forwarded=1
1786047455.407270 publish topic=ipi/airspan-followup-c1-rep2/latency/veh-001/request bytes=1355 forwarded=1
1786047455.407911 publish topic=ipi/airspan-followup-c1-rep2/latency/veh-001/ack bytes=238 forwarded=1
1786047455.637381 publish topic=ipi/airspan-followup-c1-rep2/latency/veh-001/request bytes=1355 forwarded=1
1786047455.637833 publish topic=ipi/airspan-followup-c1-rep2/latency/veh-001/ack bytes=238 forwarded=1
1786047455.867362 publish topic=ipi/airspan-followup-c1-rep2/latency/veh-001/request bytes=1355 forwarded=1
1786047455.867607 publish topic=ipi/airspan-followup-c1-rep2/latency/veh-001/ack bytes=238 forwarded=1
1786047456.107952 publish topic=ipi/airspan-followup-c1-rep2/latency/veh-001/request bytes=1355 forwarded=1
1786047456.108527 publish topic=ipi/airspan-followup-c1-rep2/latency/veh-001/ack bytes=238 forwarded=1
1786047456.358566 publish topic=ipi/airspan-followup-c1-rep2/latency/veh-001/request bytes=1355 forwarded=1
1786047456.359171 publish topic=ipi/airspan-followup-c1-rep2/latency/veh-001/ack bytes=238 forwarded=1
1786047456.588573 publish topic=ipi/airspan-followup-c1-rep2/latency/veh-001/request bytes=1355 forwarded=1
1786047456.588920 publish topic=ipi/airspan-followup-c1-rep2/latency/veh-001/ack bytes=238 forwarded=1
1786047456.819007 publish topic=ipi/airspan-followup-c1-rep2/latency/veh-001/request bytes=1355 forwarded=1
1786047456.819602 publish topic=ipi/airspan-followup-c1-rep2/latency/veh-001/ack bytes=238 forwarded=1
1786047457.059242 publish topic=ipi/airspan-followup-c1-rep2/latency/veh-001/request bytes=1355 forwarded=1
1786047457.059485 publish topic=ipi/airspan-followup-c1-rep2/latency/veh-001/ack bytes=238 forwarded=1
1786047457.289751 publish topic=ipi/airspan-followup-c1-rep2/latency/veh-001/request bytes=1355 forwarded=1
1786047457.290479 publish topic=ipi/airspan-followup-c1-rep2/latency/veh-001/ack bytes=238 forwarded=1
1786047457.520021 publish topic=ipi/airspan-followup-c1-rep2/latency/veh-001/request bytes=1355 forwarded=1
1786047457.520424 publish topic=ipi/airspan-followup-c1-rep2/latency/veh-001/ack bytes=238 forwarded=1
1786047457.750371 publish topic=ipi/airspan-followup-c1-rep2/latency/veh-001/request bytes=1355 forwarded=1
1786047457.751005 publish topic=ipi/airspan-followup-c1-rep2/latency/veh-001/ack bytes=238 forwarded=1
1786047457.990838 publish topic=ipi/airspan-followup-c1-rep2/latency/veh-001/request bytes=1355 forwarded=1
1786047457.991472 publish topic=ipi/airspan-followup-c1-rep2/latency/veh-001/ack bytes=238 forwarded=1
1786047458.231152 publish topic=ipi/airspan-followup-c1-rep2/latency/veh-001/request bytes=1355 forwarded=1
1786047458.231426 publish topic=ipi/airspan-followup-c1-rep2/latency/veh-001/ack bytes=238 forwarded=1
1786047458.461494 publish topic=ipi/airspan-followup-c1-rep2/latency/veh-001/request bytes=1355 forwarded=1
1786047458.462134 publish topic=ipi/airspan-followup-c1-rep2/latency/veh-001/ack bytes=238 forwarded=1
1786047458.691957 publish topic=ipi/airspan-followup-c1-rep2/latency/veh-001/request bytes=1355 forwarded=1
1786047458.692637 publish topic=ipi/airspan-followup-c1-rep2/latency/veh-001/ack bytes=238 forwarded=1
1786047458.931820 publish topic=ipi/airspan-followup-c1-rep2/latency/veh-001/request bytes=1355 forwarded=1
1786047458.932447 publish topic=ipi/airspan-followup-c1-rep2/latency/veh-001/ack bytes=238 forwarded=1
1786047459.152362 publish topic=ipi/airspan-followup-c1-rep2/latency/veh-001/request bytes=1355 forwarded=1
1786047459.153043 publish topic=ipi/airspan-followup-c1-rep2/latency/veh-001/ack bytes=238 forwarded=1
1786047459.382634 publish topic=ipi/airspan-followup-c1-rep2/latency/veh-001/request bytes=1355 forwarded=1
1786047459.383266 publish topic=ipi/airspan-followup-c1-rep2/latency/veh-001/ack bytes=238 forwarded=1
1786047459.613091 publish topic=ipi/airspan-followup-c1-rep2/latency/veh-001/request bytes=1355 forwarded=1
1786047459.614341 publish topic=ipi/airspan-followup-c1-rep2/latency/veh-001/ack bytes=238 forwarded=1
1786047459.842908 publish topic=ipi/airspan-followup-c1-rep2/latency/veh-001/request bytes=1355 forwarded=1
1786047459.843182 publish topic=ipi/airspan-followup-c1-rep2/latency/veh-001/ack bytes=238 forwarded=1
1786047460.073359 publish topic=ipi/airspan-followup-c1-rep2/latency/veh-001/request bytes=1355 forwarded=1
1786047460.073952 publish topic=ipi/airspan-followup-c1-rep2/latency/veh-001/ack bytes=238 forwarded=1
1786047460.303959 publish topic=ipi/airspan-followup-c1-rep2/latency/veh-001/request bytes=1355 forwarded=1
1786047460.304550 publish topic=ipi/airspan-followup-c1-rep2/latency/veh-001/ack bytes=238 forwarded=1
1786047460.534269 publish topic=ipi/airspan-followup-c1-rep2/latency/veh-001/request bytes=1355 forwarded=1
1786047460.534937 publish topic=ipi/airspan-followup-c1-rep2/latency/veh-001/ack bytes=238 forwarded=1
1786047460.754620 publish topic=ipi/airspan-followup-c1-rep2/latency/veh-001/request bytes=1355 forwarded=1
1786047460.755236 publish topic=ipi/airspan-followup-c1-rep2/latency/veh-001/ack bytes=238 forwarded=1
1786047460.984709 publish topic=ipi/airspan-followup-c1-rep2/latency/veh-001/request bytes=1355 forwarded=1
1786047460.984953 publish topic=ipi/airspan-followup-c1-rep2/latency/veh-001/ack bytes=238 forwarded=1
1786047461.205194 publish topic=ipi/airspan-followup-c1-rep2/latency/veh-001/request bytes=1355 forwarded=1
1786047461.205826 publish topic=ipi/airspan-followup-c1-rep2/latency/veh-001/ack bytes=238 forwarded=1
1786047461.425070 publish topic=ipi/airspan-followup-c1-rep2/latency/veh-001/request bytes=1355 forwarded=1
1786047461.425340 publish topic=ipi/airspan-followup-c1-rep2/latency/veh-001/ack bytes=238 forwarded=1
1786047461.665811 publish topic=ipi/airspan-followup-c1-rep2/latency/veh-001/request bytes=1355 forwarded=1
1786047461.666458 publish topic=ipi/airspan-followup-c1-rep2/latency/veh-001/ack bytes=238 forwarded=1
1786047461.896122 publish topic=ipi/airspan-followup-c1-rep2/latency/veh-001/request bytes=1355 forwarded=1
1786047461.896642 publish topic=ipi/airspan-followup-c1-rep2/latency/veh-001/ack bytes=238 forwarded=1
1786047462.126144 publish topic=ipi/airspan-followup-c1-rep2/latency/veh-001/request bytes=1355 forwarded=1
1786047462.126406 publish topic=ipi/airspan-followup-c1-rep2/latency/veh-001/ack bytes=238 forwarded=1
1786047462.356961 publish topic=ipi/airspan-followup-c1-rep2/latency/veh-001/request bytes=1355 forwarded=1
1786047462.357607 publish topic=ipi/airspan-followup-c1-rep2/latency/veh-001/ack bytes=238 forwarded=1
1786047462.586797 publish topic=ipi/airspan-followup-c1-rep2/latency/veh-001/request bytes=1355 forwarded=1
1786047462.587066 publish topic=ipi/airspan-followup-c1-rep2/latency/veh-001/ack bytes=238 forwarded=1
1786047462.817282 publish topic=ipi/airspan-followup-c1-rep2/latency/veh-001/request bytes=1355 forwarded=1
1786047462.817858 publish topic=ipi/airspan-followup-c1-rep2/latency/veh-001/ack bytes=238 forwarded=1
1786047463.057421 publish topic=ipi/airspan-followup-c1-rep2/latency/veh-001/request bytes=1355 forwarded=1
1786047463.058024 publish topic=ipi/airspan-followup-c1-rep2/latency/veh-001/ack bytes=238 forwarded=1
1786047463.288077 publish topic=ipi/airspan-followup-c1-rep2/latency/veh-001/request bytes=1355 forwarded=1
1786047463.288784 publish topic=ipi/airspan-followup-c1-rep2/latency/veh-001/ack bytes=238 forwarded=1
1786047463.508086 publish topic=ipi/airspan-followup-c1-rep2/latency/veh-001/request bytes=1355 forwarded=1
1786047463.509568 publish topic=ipi/airspan-followup-c1-rep2/latency/veh-001/ack bytes=238 forwarded=1
1786047463.738461 publish topic=ipi/airspan-followup-c1-rep2/latency/veh-001/request bytes=1355 forwarded=1
1786047463.739097 publish topic=ipi/airspan-followup-c1-rep2/latency/veh-001/ack bytes=238 forwarded=1
1786047463.968802 publish topic=ipi/airspan-followup-c1-rep2/latency/veh-001/request bytes=1355 forwarded=1
1786047463.969384 publish topic=ipi/airspan-followup-c1-rep2/latency/veh-001/ack bytes=238 forwarded=1
1786047464.189298 publish topic=ipi/airspan-followup-c1-rep2/latency/veh-001/request bytes=1355 forwarded=1
1786047464.189909 publish topic=ipi/airspan-followup-c1-rep2/latency/veh-001/ack bytes=238 forwarded=1
1786047464.409649 publish topic=ipi/airspan-followup-c1-rep2/latency/veh-001/request bytes=1355 forwarded=1
1786047464.410274 publish topic=ipi/airspan-followup-c1-rep2/latency/veh-001/ack bytes=238 forwarded=1
1786047464.650058 publish topic=ipi/airspan-followup-c1-rep2/latency/veh-001/request bytes=1355 forwarded=1
1786047464.650660 publish topic=ipi/airspan-followup-c1-rep2/latency/veh-001/ack bytes=238 forwarded=1
1786047464.889846 publish topic=ipi/airspan-followup-c1-rep2/latency/veh-001/request bytes=1357 forwarded=1
1786047464.890081 publish topic=ipi/airspan-followup-c1-rep2/latency/veh-001/ack bytes=239 forwarded=1
1786047465.120451 publish topic=ipi/airspan-followup-c1-rep2/latency/veh-001/request bytes=1357 forwarded=1
1786047465.121116 publish topic=ipi/airspan-followup-c1-rep2/latency/veh-001/ack bytes=239 forwarded=1
1786047465.371356 publish topic=ipi/airspan-followup-c1-rep2/latency/veh-001/request bytes=1357 forwarded=1
1786047465.372049 publish topic=ipi/airspan-followup-c1-rep2/latency/veh-001/ack bytes=239 forwarded=1
1786047465.591212 publish topic=ipi/airspan-followup-c1-rep2/latency/veh-001/request bytes=1357 forwarded=1
1786047465.591846 publish topic=ipi/airspan-followup-c1-rep2/latency/veh-001/ack bytes=239 forwarded=1
1786047465.821634 publish topic=ipi/airspan-followup-c1-rep2/latency/veh-001/request bytes=1357 forwarded=1
1786047465.822264 publish topic=ipi/airspan-followup-c1-rep2/latency/veh-001/ack bytes=239 forwarded=1
1786047466.051851 publish topic=ipi/airspan-followup-c1-rep2/latency/veh-001/request bytes=1357 forwarded=1
1786047466.052485 publish topic=ipi/airspan-followup-c1-rep2/latency/veh-001/ack bytes=239 forwarded=1
1786047466.272276 publish topic=ipi/airspan-followup-c1-rep2/latency/veh-001/request bytes=1357 forwarded=1
1786047466.273025 publish topic=ipi/airspan-followup-c1-rep2/latency/veh-001/ack bytes=239 forwarded=1
1786047466.492384 publish topic=ipi/airspan-followup-c1-rep2/latency/veh-001/request bytes=1357 forwarded=1
1786047466.493655 publish topic=ipi/airspan-followup-c1-rep2/latency/veh-001/ack bytes=239 forwarded=1
1786047466.722559 publish topic=ipi/airspan-followup-c1-rep2/latency/veh-001/request bytes=1357 forwarded=1
1786047466.723205 publish topic=ipi/airspan-followup-c1-rep2/latency/veh-001/ack bytes=239 forwarded=1
1786047466.952853 publish topic=ipi/airspan-followup-c1-rep2/latency/veh-001/request bytes=1357 forwarded=1
1786047466.953495 publish topic=ipi/airspan-followup-c1-rep2/latency/veh-001/ack bytes=239 forwarded=1
1786047467.183312 publish topic=ipi/airspan-followup-c1-rep2/latency/veh-001/request bytes=1357 forwarded=1
1786047467.183957 publish topic=ipi/airspan-followup-c1-rep2/latency/veh-001/ack bytes=239 forwarded=1
1786047467.413409 publish topic=ipi/airspan-followup-c1-rep2/latency/veh-001/request bytes=1357 forwarded=1
1786047467.414045 publish topic=ipi/airspan-followup-c1-rep2/latency/veh-001/ack bytes=239 forwarded=1
1786047467.654173 publish topic=ipi/airspan-followup-c1-rep2/latency/veh-001/request bytes=1357 forwarded=1
1786047467.654409 publish topic=ipi/airspan-followup-c1-rep2/latency/veh-001/ack bytes=239 forwarded=1
1786047467.883990 publish topic=ipi/airspan-followup-c1-rep2/latency/veh-001/request bytes=1357 forwarded=1
1786047467.884712 publish topic=ipi/airspan-followup-c1-rep2/latency/veh-001/ack bytes=239 forwarded=1
1786047468.114506 publish topic=ipi/airspan-followup-c1-rep2/latency/veh-001/request bytes=1357 forwarded=1
1786047468.115135 publish topic=ipi/airspan-followup-c1-rep2/latency/veh-001/ack bytes=239 forwarded=1
1786047468.354638 publish topic=ipi/airspan-followup-c1-rep2/latency/veh-001/request bytes=1357 forwarded=1
1786047468.355270 publish topic=ipi/airspan-followup-c1-rep2/latency/veh-001/ack bytes=239 forwarded=1
1786047468.585293 publish topic=ipi/airspan-followup-c1-rep2/latency/veh-001/request bytes=1357 forwarded=1
1786047468.586033 publish topic=ipi/airspan-followup-c1-rep2/latency/veh-001/ack bytes=239 forwarded=1
1786047468.815479 publish topic=ipi/airspan-followup-c1-rep2/latency/veh-001/request bytes=1357 forwarded=1
1786047468.816111 publish topic=ipi/airspan-followup-c1-rep2/latency/veh-001/ack bytes=239 forwarded=1
1786047469.055699 publish topic=ipi/airspan-followup-c1-rep2/latency/veh-001/request bytes=1357 forwarded=1
1786047469.056312 publish topic=ipi/airspan-followup-c1-rep2/latency/veh-001/ack bytes=239 forwarded=1
1786047469.276019 publish topic=ipi/airspan-followup-c1-rep2/latency/veh-001/request bytes=1357 forwarded=1
1786047469.276744 publish topic=ipi/airspan-followup-c1-rep2/latency/veh-001/ack bytes=239 forwarded=1
1786047469.506217 publish topic=ipi/airspan-followup-c1-rep2/latency/veh-001/request bytes=1357 forwarded=1
1786047469.506653 publish topic=ipi/airspan-followup-c1-rep2/latency/veh-001/ack bytes=239 forwarded=1
1786047469.756728 publish topic=ipi/airspan-followup-c1-rep2/latency/veh-001/request bytes=1357 forwarded=1
1786047469.757365 publish topic=ipi/airspan-followup-c1-rep2/latency/veh-001/ack bytes=239 forwarded=1
1786047469.977099 publish topic=ipi/airspan-followup-c1-rep2/latency/veh-001/request bytes=1357 forwarded=1
1786047469.977744 publish topic=ipi/airspan-followup-c1-rep2/latency/veh-001/ack bytes=239 forwarded=1
1786047470.247440 publish topic=ipi/airspan-followup-c1-rep2/latency/veh-001/request bytes=1357 forwarded=1
1786047470.248079 publish topic=ipi/airspan-followup-c1-rep2/latency/veh-001/ack bytes=239 forwarded=1
1786047470.477647 publish topic=ipi/airspan-followup-c1-rep2/latency/veh-001/request bytes=1357 forwarded=1
1786047470.478014 publish topic=ipi/airspan-followup-c1-rep2/latency/veh-001/ack bytes=239 forwarded=1
1786047470.717913 publish topic=ipi/airspan-followup-c1-rep2/latency/veh-001/request bytes=1357 forwarded=1
1786047470.718545 publish topic=ipi/airspan-followup-c1-rep2/latency/veh-001/ack bytes=239 forwarded=1
1786047470.948218 publish topic=ipi/airspan-followup-c1-rep2/latency/veh-001/request bytes=1357 forwarded=1
1786047470.948963 publish topic=ipi/airspan-followup-c1-rep2/latency/veh-001/ack bytes=239 forwarded=1
1786047471.188719 publish topic=ipi/airspan-followup-c1-rep2/latency/veh-001/request bytes=1357 forwarded=1
1786047471.189344 publish topic=ipi/airspan-followup-c1-rep2/latency/veh-001/ack bytes=239 forwarded=1
1786047471.419036 publish topic=ipi/airspan-followup-c1-rep2/latency/veh-001/request bytes=1357 forwarded=1
1786047471.419666 publish topic=ipi/airspan-followup-c1-rep2/latency/veh-001/ack bytes=239 forwarded=1
1786047471.659530 publish topic=ipi/airspan-followup-c1-rep2/latency/veh-001/request bytes=1357 forwarded=1
1786047471.660151 publish topic=ipi/airspan-followup-c1-rep2/latency/veh-001/ack bytes=239 forwarded=1
1786047471.889663 publish topic=ipi/airspan-followup-c1-rep2/latency/veh-001/request bytes=1357 forwarded=1
1786047471.890271 publish topic=ipi/airspan-followup-c1-rep2/latency/veh-001/ack bytes=239 forwarded=1
1786047472.119693 publish topic=ipi/airspan-followup-c1-rep2/latency/veh-001/request bytes=1357 forwarded=1
1786047472.120265 publish topic=ipi/airspan-followup-c1-rep2/latency/veh-001/ack bytes=239 forwarded=1
1786047472.350295 publish topic=ipi/airspan-followup-c1-rep2/latency/veh-001/request bytes=1357 forwarded=1
1786047472.350920 publish topic=ipi/airspan-followup-c1-rep2/latency/veh-001/ack bytes=239 forwarded=1
1786047472.590662 publish topic=ipi/airspan-followup-c1-rep2/latency/veh-001/request bytes=1357 forwarded=1
1786047472.591287 publish topic=ipi/airspan-followup-c1-rep2/latency/veh-001/ack bytes=239 forwarded=1
1786047472.831125 publish topic=ipi/airspan-followup-c1-rep2/latency/veh-001/request bytes=1357 forwarded=1
1786047472.831749 publish topic=ipi/airspan-followup-c1-rep2/latency/veh-001/ack bytes=239 forwarded=1
1786047473.071288 publish topic=ipi/airspan-followup-c1-rep2/latency/veh-001/request bytes=1357 forwarded=1
1786047473.071892 publish topic=ipi/airspan-followup-c1-rep2/latency/veh-001/ack bytes=239 forwarded=1
1786047473.291355 publish topic=ipi/airspan-followup-c1-rep2/latency/veh-001/request bytes=1357 forwarded=1
1786047473.291583 publish topic=ipi/airspan-followup-c1-rep2/latency/veh-001/ack bytes=239 forwarded=1
1786047473.511807 publish topic=ipi/airspan-followup-c1-rep2/latency/veh-001/request bytes=1357 forwarded=1
1786047473.512431 publish topic=ipi/airspan-followup-c1-rep2/latency/veh-001/ack bytes=239 forwarded=1
1786047473.732292 publish topic=ipi/airspan-followup-c1-rep2/latency/veh-001/request bytes=1357 forwarded=1
1786047473.732961 publish topic=ipi/airspan-followup-c1-rep2/latency/veh-001/ack bytes=239 forwarded=1
1786047473.952253 publish topic=ipi/airspan-followup-c1-rep2/latency/veh-001/request bytes=1357 forwarded=1
1786047473.952930 publish topic=ipi/airspan-followup-c1-rep2/latency/veh-001/ack bytes=239 forwarded=1
1786047474.182577 publish topic=ipi/airspan-followup-c1-rep2/latency/veh-001/request bytes=1357 forwarded=1
1786047474.183200 publish topic=ipi/airspan-followup-c1-rep2/latency/veh-001/ack bytes=239 forwarded=1
1786047474.402692 publish topic=ipi/airspan-followup-c1-rep2/latency/veh-001/request bytes=1357 forwarded=1
1786047474.403109 publish topic=ipi/airspan-followup-c1-rep2/latency/veh-001/ack bytes=239 forwarded=1
1786047474.633134 publish topic=ipi/airspan-followup-c1-rep2/latency/veh-001/request bytes=1357 forwarded=1
1786047474.633770 publish topic=ipi/airspan-followup-c1-rep2/latency/veh-001/ack bytes=239 forwarded=1
1786047474.863431 publish topic=ipi/airspan-followup-c1-rep2/latency/veh-001/request bytes=1357 forwarded=1
1786047474.864006 publish topic=ipi/airspan-followup-c1-rep2/latency/veh-001/ack bytes=239 forwarded=1
1786047475.083735 publish topic=ipi/airspan-followup-c1-rep2/latency/veh-001/request bytes=1357 forwarded=1
1786047475.084311 publish topic=ipi/airspan-followup-c1-rep2/latency/veh-001/ack bytes=239 forwarded=1
1786047475.314267 publish topic=ipi/airspan-followup-c1-rep2/latency/veh-001/request bytes=1357 forwarded=1
1786047475.314868 publish topic=ipi/airspan-followup-c1-rep2/latency/veh-001/ack bytes=239 forwarded=1
1786047475.554355 publish topic=ipi/airspan-followup-c1-rep2/latency/veh-001/request bytes=1357 forwarded=1
1786047475.554594 publish topic=ipi/airspan-followup-c1-rep2/latency/veh-001/ack bytes=239 forwarded=1
1786047475.784625 publish topic=ipi/airspan-followup-c1-rep2/latency/veh-001/request bytes=1357 forwarded=1
1786047475.785281 publish topic=ipi/airspan-followup-c1-rep2/latency/veh-001/ack bytes=239 forwarded=1
1786047476.014975 publish topic=ipi/airspan-followup-c1-rep2/latency/veh-001/request bytes=1357 forwarded=1
1786047476.015616 publish topic=ipi/airspan-followup-c1-rep2/latency/veh-001/ack bytes=239 forwarded=1
1786047476.245252 publish topic=ipi/airspan-followup-c1-rep2/latency/veh-001/request bytes=1357 forwarded=1
1786047476.245520 publish topic=ipi/airspan-followup-c1-rep2/latency/veh-001/ack bytes=239 forwarded=1
1786047476.475709 publish topic=ipi/airspan-followup-c1-rep2/latency/veh-001/request bytes=1357 forwarded=1
1786047476.476319 publish topic=ipi/airspan-followup-c1-rep2/latency/veh-001/ack bytes=239 forwarded=1
1786047476.706062 publish topic=ipi/airspan-followup-c1-rep2/latency/veh-001/request bytes=1357 forwarded=1
1786047476.706700 publish topic=ipi/airspan-followup-c1-rep2/latency/veh-001/ack bytes=239 forwarded=1
1786047476.946426 publish topic=ipi/airspan-followup-c1-rep2/latency/veh-001/request bytes=1357 forwarded=1
1786047476.947054 publish topic=ipi/airspan-followup-c1-rep2/latency/veh-001/ack bytes=239 forwarded=1
1786047477.177112 publish topic=ipi/airspan-followup-c1-rep2/latency/veh-001/request bytes=1357 forwarded=1
1786047477.178002 publish topic=ipi/airspan-followup-c1-rep2/latency/veh-001/ack bytes=239 forwarded=1
1786047477.406916 publish topic=ipi/airspan-followup-c1-rep2/latency/veh-001/request bytes=1357 forwarded=1
1786047477.407557 publish topic=ipi/airspan-followup-c1-rep2/latency/veh-001/ack bytes=239 forwarded=1
1786047477.637108 publish topic=ipi/airspan-followup-c1-rep2/latency/veh-001/request bytes=1357 forwarded=1
1786047477.637540 publish topic=ipi/airspan-followup-c1-rep2/latency/veh-001/ack bytes=239 forwarded=1
1786047477.877559 publish topic=ipi/airspan-followup-c1-rep2/latency/veh-001/request bytes=1357 forwarded=1
1786047477.878168 publish topic=ipi/airspan-followup-c1-rep2/latency/veh-001/ack bytes=239 forwarded=1
1786047478.107822 publish topic=ipi/airspan-followup-c1-rep2/latency/veh-001/request bytes=1357 forwarded=1
1786047478.108497 publish topic=ipi/airspan-followup-c1-rep2/latency/veh-001/ack bytes=239 forwarded=1
1786047478.337828 publish topic=ipi/airspan-followup-c1-rep2/latency/veh-001/request bytes=1357 forwarded=1
1786047478.338196 publish topic=ipi/airspan-followup-c1-rep2/latency/veh-001/ack bytes=239 forwarded=1
1786047478.558239 publish topic=ipi/airspan-followup-c1-rep2/latency/veh-001/request bytes=1357 forwarded=1
1786047478.558475 publish topic=ipi/airspan-followup-c1-rep2/latency/veh-001/ack bytes=239 forwarded=1
1786047478.788835 publish topic=ipi/airspan-followup-c1-rep2/latency/veh-001/request bytes=1357 forwarded=1
1786047478.789449 publish topic=ipi/airspan-followup-c1-rep2/latency/veh-001/ack bytes=239 forwarded=1
1786047479.019001 publish topic=ipi/airspan-followup-c1-rep2/latency/veh-001/request bytes=1357 forwarded=1
1786047479.019629 publish topic=ipi/airspan-followup-c1-rep2/latency/veh-001/ack bytes=239 forwarded=1
1786047479.259147 publish topic=ipi/airspan-followup-c1-rep2/latency/veh-001/request bytes=1357 forwarded=1
1786047479.259506 publish topic=ipi/airspan-followup-c1-rep2/latency/veh-001/ack bytes=239 forwarded=1
1786047479.499642 publish topic=ipi/airspan-followup-c1-rep2/latency/veh-001/request bytes=1357 forwarded=1
1786047479.499997 publish topic=ipi/airspan-followup-c1-rep2/latency/veh-001/ack bytes=239 forwarded=1
1786047479.730235 publish topic=ipi/airspan-followup-c1-rep2/latency/veh-001/request bytes=1357 forwarded=1
1786047479.730881 publish topic=ipi/airspan-followup-c1-rep2/latency/veh-001/ack bytes=239 forwarded=1
1786047479.970206 publish topic=ipi/airspan-followup-c1-rep2/latency/veh-001/request bytes=1357 forwarded=1
1786047479.970901 publish topic=ipi/airspan-followup-c1-rep2/latency/veh-001/ack bytes=239 forwarded=1
1786047480.190496 publish topic=ipi/airspan-followup-c1-rep2/latency/veh-001/request bytes=1357 forwarded=1
1786047480.191134 publish topic=ipi/airspan-followup-c1-rep2/latency/veh-001/ack bytes=239 forwarded=1
1786047480.430996 publish topic=ipi/airspan-followup-c1-rep2/latency/veh-001/request bytes=1357 forwarded=1
1786047480.431653 publish topic=ipi/airspan-followup-c1-rep2/latency/veh-001/ack bytes=239 forwarded=1
1786047480.670994 publish topic=ipi/airspan-followup-c1-rep2/latency/veh-001/request bytes=1357 forwarded=1
1786047480.671333 publish topic=ipi/airspan-followup-c1-rep2/latency/veh-001/ack bytes=239 forwarded=1
1786047480.921557 publish topic=ipi/airspan-followup-c1-rep2/latency/veh-001/request bytes=1357 forwarded=1
1786047480.922216 publish topic=ipi/airspan-followup-c1-rep2/latency/veh-001/ack bytes=239 forwarded=1
1786047481.141604 publish topic=ipi/airspan-followup-c1-rep2/latency/veh-001/request bytes=1357 forwarded=1
1786047481.142240 publish topic=ipi/airspan-followup-c1-rep2/latency/veh-001/ack bytes=239 forwarded=1
1786047481.362054 publish topic=ipi/airspan-followup-c1-rep2/latency/veh-001/request bytes=1357 forwarded=1
1786047481.362750 publish topic=ipi/airspan-followup-c1-rep2/latency/veh-001/ack bytes=239 forwarded=1
1786047481.592399 publish topic=ipi/airspan-followup-c1-rep2/latency/veh-001/request bytes=1357 forwarded=1
1786047481.593041 publish topic=ipi/airspan-followup-c1-rep2/latency/veh-001/ack bytes=239 forwarded=1
1786047481.822762 publish topic=ipi/airspan-followup-c1-rep2/latency/veh-001/request bytes=1357 forwarded=1
1786047481.823391 publish topic=ipi/airspan-followup-c1-rep2/latency/veh-001/ack bytes=239 forwarded=1
1786047482.053107 publish topic=ipi/airspan-followup-c1-rep2/latency/veh-001/request bytes=1357 forwarded=1
1786047482.054392 publish topic=ipi/airspan-followup-c1-rep2/latency/veh-001/ack bytes=239 forwarded=1
1786047482.283061 publish topic=ipi/airspan-followup-c1-rep2/latency/veh-001/request bytes=1357 forwarded=1
1786047482.283355 publish topic=ipi/airspan-followup-c1-rep2/latency/veh-001/ack bytes=239 forwarded=1
1786047482.513592 publish topic=ipi/airspan-followup-c1-rep2/latency/veh-001/request bytes=1357 forwarded=1
1786047482.514240 publish topic=ipi/airspan-followup-c1-rep2/latency/veh-001/ack bytes=239 forwarded=1
1786047482.743945 publish topic=ipi/airspan-followup-c1-rep2/latency/veh-001/request bytes=1357 forwarded=1
1786047482.744591 publish topic=ipi/airspan-followup-c1-rep2/latency/veh-001/ack bytes=239 forwarded=1
1786047482.973811 publish topic=ipi/airspan-followup-c1-rep2/latency/veh-001/request bytes=1357 forwarded=1
1786047482.974027 publish topic=ipi/airspan-followup-c1-rep2/latency/veh-001/ack bytes=239 forwarded=1
1786047483.204566 publish topic=ipi/airspan-followup-c1-rep2/latency/veh-001/request bytes=1357 forwarded=1
1786047483.205226 publish topic=ipi/airspan-followup-c1-rep2/latency/veh-001/ack bytes=239 forwarded=1
1786047483.434545 publish topic=ipi/airspan-followup-c1-rep2/latency/veh-001/request bytes=1357 forwarded=1
1786047483.435139 publish topic=ipi/airspan-followup-c1-rep2/latency/veh-001/ack bytes=239 forwarded=1
1786047483.665290 publish topic=ipi/airspan-followup-c1-rep2/latency/veh-001/request bytes=1357 forwarded=1
1786047483.665930 publish topic=ipi/airspan-followup-c1-rep2/latency/veh-001/ack bytes=239 forwarded=1
1786047483.895602 publish topic=ipi/airspan-followup-c1-rep2/latency/veh-001/request bytes=1357 forwarded=1
1786047483.896220 publish topic=ipi/airspan-followup-c1-rep2/latency/veh-001/ack bytes=239 forwarded=1
1786047484.125733 publish topic=ipi/airspan-followup-c1-rep2/latency/veh-001/request bytes=1357 forwarded=1
1786047484.126400 publish topic=ipi/airspan-followup-c1-rep2/latency/veh-001/ack bytes=239 forwarded=1
1786047484.356108 publish topic=ipi/airspan-followup-c1-rep2/latency/veh-001/request bytes=1357 forwarded=1
1786047484.356817 publish topic=ipi/airspan-followup-c1-rep2/latency/veh-001/ack bytes=239 forwarded=1
1786047484.586429 publish topic=ipi/airspan-followup-c1-rep2/latency/veh-001/request bytes=1357 forwarded=1
1786047484.586802 publish topic=ipi/airspan-followup-c1-rep2/latency/veh-001/ack bytes=239 forwarded=1
1786047484.816808 publish topic=ipi/airspan-followup-c1-rep2/latency/veh-001/request bytes=1357 forwarded=1
1786047484.817501 publish topic=ipi/airspan-followup-c1-rep2/latency/veh-001/ack bytes=239 forwarded=1
1786047485.046874 publish topic=ipi/airspan-followup-c1-rep2/latency/veh-001/request bytes=1357 forwarded=1
1786047485.047520 publish topic=ipi/airspan-followup-c1-rep2/latency/veh-001/ack bytes=239 forwarded=1
1786047485.267346 publish topic=ipi/airspan-followup-c1-rep2/latency/veh-001/request bytes=1357 forwarded=1
1786047485.268014 publish topic=ipi/airspan-followup-c1-rep2/latency/veh-001/ack bytes=239 forwarded=1
1786047485.497445 publish topic=ipi/airspan-followup-c1-rep2/latency/veh-001/request bytes=1357 forwarded=1
1786047485.497730 publish topic=ipi/airspan-followup-c1-rep2/latency/veh-001/ack bytes=239 forwarded=1
1786047485.737626 publish topic=ipi/airspan-followup-c1-rep2/latency/veh-001/request bytes=1357 forwarded=1
1786047485.737998 publish topic=ipi/airspan-followup-c1-rep2/latency/veh-001/ack bytes=239 forwarded=1
1786047485.967968 publish topic=ipi/airspan-followup-c1-rep2/latency/veh-001/request bytes=1357 forwarded=1
1786047485.968582 publish topic=ipi/airspan-followup-c1-rep2/latency/veh-001/ack bytes=239 forwarded=1
1786047486.198527 publish topic=ipi/airspan-followup-c1-rep2/latency/veh-001/request bytes=1357 forwarded=1
1786047486.199148 publish topic=ipi/airspan-followup-c1-rep2/latency/veh-001/ack bytes=239 forwarded=1
1786047486.438697 publish topic=ipi/airspan-followup-c1-rep2/latency/veh-001/request bytes=1357 forwarded=1
1786047486.438952 publish topic=ipi/airspan-followup-c1-rep2/latency/veh-001/ack bytes=239 forwarded=1
1786047486.669005 publish topic=ipi/airspan-followup-c1-rep2/latency/veh-001/request bytes=1357 forwarded=1
1786047486.669517 publish topic=ipi/airspan-followup-c1-rep2/latency/veh-001/ack bytes=239 forwarded=1
1786047486.899547 publish topic=ipi/airspan-followup-c1-rep2/latency/veh-001/request bytes=1357 forwarded=1
1786047486.900157 publish topic=ipi/airspan-followup-c1-rep2/latency/veh-001/ack bytes=239 forwarded=1
1786047487.139703 publish topic=ipi/airspan-followup-c1-rep2/latency/veh-001/request bytes=1357 forwarded=1
1786047487.140313 publish topic=ipi/airspan-followup-c1-rep2/latency/veh-001/ack bytes=239 forwarded=1
1786047487.369774 publish topic=ipi/airspan-followup-c1-rep2/latency/veh-001/request bytes=1357 forwarded=1
1786047487.369986 publish topic=ipi/airspan-followup-c1-rep2/latency/veh-001/ack bytes=239 forwarded=1
1786047487.610321 publish topic=ipi/airspan-followup-c1-rep2/latency/veh-001/request bytes=1357 forwarded=1
1786047487.610657 publish topic=ipi/airspan-followup-c1-rep2/latency/veh-001/ack bytes=239 forwarded=1
1786047487.840890 publish topic=ipi/airspan-followup-c1-rep2/latency/veh-001/request bytes=1357 forwarded=1
1786047487.841568 publish topic=ipi/airspan-followup-c1-rep2/latency/veh-001/ack bytes=239 forwarded=1
1786047488.071238 publish topic=ipi/airspan-followup-c1-rep2/latency/veh-001/request bytes=1357 forwarded=1
1786047488.071923 publish topic=ipi/airspan-followup-c1-rep2/latency/veh-001/ack bytes=239 forwarded=1
1786047488.301291 publish topic=ipi/airspan-followup-c1-rep2/latency/veh-001/request bytes=1357 forwarded=1
1786047488.301642 publish topic=ipi/airspan-followup-c1-rep2/latency/veh-001/ack bytes=239 forwarded=1
1786047488.541806 publish topic=ipi/airspan-followup-c1-rep2/latency/veh-001/request bytes=1357 forwarded=1
1786047488.542218 publish topic=ipi/airspan-followup-c1-rep2/latency/veh-001/ack bytes=239 forwarded=1
1786047488.772110 publish topic=ipi/airspan-followup-c1-rep2/latency/veh-001/request bytes=1357 forwarded=1
1786047488.772787 publish topic=ipi/airspan-followup-c1-rep2/latency/veh-001/ack bytes=239 forwarded=1
1786047488.992220 publish topic=ipi/airspan-followup-c1-rep2/latency/veh-001/request bytes=1357 forwarded=1
1786047488.992568 publish topic=ipi/airspan-followup-c1-rep2/latency/veh-001/ack bytes=239 forwarded=1
1786047489.212851 publish topic=ipi/airspan-followup-c1-rep2/latency/veh-001/request bytes=1357 forwarded=1
1786047489.213487 publish topic=ipi/airspan-followup-c1-rep2/latency/veh-001/ack bytes=239 forwarded=1
1786047489.433146 publish topic=ipi/airspan-followup-c1-rep2/latency/veh-001/request bytes=1357 forwarded=1
1786047489.433941 publish topic=ipi/airspan-followup-c1-rep2/latency/veh-001/ack bytes=239 forwarded=1
1786047489.663328 publish topic=ipi/airspan-followup-c1-rep2/latency/veh-001/request bytes=1357 forwarded=1
1786047489.663499 publish topic=ipi/airspan-followup-c1-rep2/latency/veh-001/ack bytes=239 forwarded=1
1786047489.893832 publish topic=ipi/airspan-followup-c1-rep2/latency/veh-001/request bytes=1357 forwarded=1
1786047489.894413 publish topic=ipi/airspan-followup-c1-rep2/latency/veh-001/ack bytes=239 forwarded=1
1786047490.124357 publish topic=ipi/airspan-followup-c1-rep2/latency/veh-001/request bytes=1357 forwarded=1
1786047490.125040 publish topic=ipi/airspan-followup-c1-rep2/latency/veh-001/ack bytes=239 forwarded=1
1786047490.354689 publish topic=ipi/airspan-followup-c1-rep2/latency/veh-001/request bytes=1357 forwarded=1
1786047490.355274 publish topic=ipi/airspan-followup-c1-rep2/latency/veh-001/ack bytes=239 forwarded=1
1786047490.594997 publish topic=ipi/airspan-followup-c1-rep2/latency/veh-001/request bytes=1357 forwarded=1
1786047490.595662 publish topic=ipi/airspan-followup-c1-rep2/latency/veh-001/ack bytes=239 forwarded=1
1786047490.825624 publish topic=ipi/airspan-followup-c1-rep2/latency/veh-001/request bytes=1357 forwarded=1
1786047490.826251 publish topic=ipi/airspan-followup-c1-rep2/latency/veh-001/ack bytes=239 forwarded=1
1786047491.055790 publish topic=ipi/airspan-followup-c1-rep2/latency/veh-001/request bytes=1357 forwarded=1
1786047491.056422 publish topic=ipi/airspan-followup-c1-rep2/latency/veh-001/ack bytes=239 forwarded=1
1786047491.286391 publish topic=ipi/airspan-followup-c1-rep2/latency/veh-001/request bytes=1357 forwarded=1
1786047491.287074 publish topic=ipi/airspan-followup-c1-rep2/latency/veh-001/ack bytes=239 forwarded=1
1786047491.516445 publish topic=ipi/airspan-followup-c1-rep2/latency/veh-001/request bytes=1357 forwarded=1
1786047491.516741 publish topic=ipi/airspan-followup-c1-rep2/latency/veh-001/ack bytes=239 forwarded=1
1786047491.737020 publish topic=ipi/airspan-followup-c1-rep2/latency/veh-001/request bytes=1357 forwarded=1
1786047491.737704 publish topic=ipi/airspan-followup-c1-rep2/latency/veh-001/ack bytes=239 forwarded=1
1786047491.967474 publish topic=ipi/airspan-followup-c1-rep2/latency/veh-001/request bytes=1357 forwarded=1
1786047491.967974 publish topic=ipi/airspan-followup-c1-rep2/latency/veh-001/ack bytes=239 forwarded=1
1786047492.197857 publish topic=ipi/airspan-followup-c1-rep2/latency/veh-001/request bytes=1357 forwarded=1
1786047492.198508 publish topic=ipi/airspan-followup-c1-rep2/latency/veh-001/ack bytes=239 forwarded=1
1786047492.428251 publish topic=ipi/airspan-followup-c1-rep2/latency/veh-001/request bytes=1357 forwarded=1
1786047492.428909 publish topic=ipi/airspan-followup-c1-rep2/latency/veh-001/ack bytes=239 forwarded=1
1786047492.658452 publish topic=ipi/airspan-followup-c1-rep2/latency/veh-001/request bytes=1357 forwarded=1
1786047492.658921 publish topic=ipi/airspan-followup-c1-rep2/latency/veh-001/ack bytes=239 forwarded=1
1786047492.888936 publish topic=ipi/airspan-followup-c1-rep2/latency/veh-001/request bytes=1357 forwarded=1
1786047492.889534 publish topic=ipi/airspan-followup-c1-rep2/latency/veh-001/ack bytes=239 forwarded=1
1786047493.129014 publish topic=ipi/airspan-followup-c1-rep2/latency/veh-001/request bytes=1357 forwarded=1
1786047493.129255 publish topic=ipi/airspan-followup-c1-rep2/latency/veh-001/ack bytes=239 forwarded=1
1786047493.369511 publish topic=ipi/airspan-followup-c1-rep2/latency/veh-001/request bytes=1357 forwarded=1
1786047493.369805 publish topic=ipi/airspan-followup-c1-rep2/latency/veh-001/ack bytes=239 forwarded=1
1786047493.599918 publish topic=ipi/airspan-followup-c1-rep2/latency/veh-001/request bytes=1357 forwarded=1
1786047493.600247 publish topic=ipi/airspan-followup-c1-rep2/latency/veh-001/ack bytes=239 forwarded=1
1786047493.830613 publish topic=ipi/airspan-followup-c1-rep2/latency/veh-001/request bytes=1357 forwarded=1
1786047493.831261 publish topic=ipi/airspan-followup-c1-rep2/latency/veh-001/ack bytes=239 forwarded=1
1786047494.070997 publish topic=ipi/airspan-followup-c1-rep2/latency/veh-001/request bytes=1357 forwarded=1
1786047494.071611 publish topic=ipi/airspan-followup-c1-rep2/latency/veh-001/ack bytes=239 forwarded=1
1786047494.311547 publish topic=ipi/airspan-followup-c1-rep2/latency/veh-001/request bytes=1357 forwarded=1
1786047494.312132 publish topic=ipi/airspan-followup-c1-rep2/latency/veh-001/ack bytes=239 forwarded=1
1786047494.531839 publish topic=ipi/airspan-followup-c1-rep2/latency/veh-001/request bytes=1357 forwarded=1
1786047494.532455 publish topic=ipi/airspan-followup-c1-rep2/latency/veh-001/ack bytes=239 forwarded=1
1786047494.761970 publish topic=ipi/airspan-followup-c1-rep2/latency/veh-001/request bytes=1357 forwarded=1
1786047494.762555 publish topic=ipi/airspan-followup-c1-rep2/latency/veh-001/ack bytes=239 forwarded=1
1786047494.982246 publish topic=ipi/airspan-followup-c1-rep2/latency/veh-001/request bytes=1357 forwarded=1
1786047494.982806 publish topic=ipi/airspan-followup-c1-rep2/latency/veh-001/ack bytes=239 forwarded=1
1786047495.212678 publish topic=ipi/airspan-followup-c1-rep2/latency/veh-001/request bytes=1357 forwarded=1
1786047495.213282 publish topic=ipi/airspan-followup-c1-rep2/latency/veh-001/ack bytes=239 forwarded=1
1786047495.433108 publish topic=ipi/airspan-followup-c1-rep2/latency/veh-001/request bytes=1357 forwarded=1
1786047495.433720 publish topic=ipi/airspan-followup-c1-rep2/latency/veh-001/ack bytes=239 forwarded=1
1786047495.663554 publish topic=ipi/airspan-followup-c1-rep2/latency/veh-001/request bytes=1357 forwarded=1
1786047495.663931 publish topic=ipi/airspan-followup-c1-rep2/latency/veh-001/ack bytes=239 forwarded=1
1786047495.893870 publish topic=ipi/airspan-followup-c1-rep2/latency/veh-001/request bytes=1357 forwarded=1
1786047495.894369 publish topic=ipi/airspan-followup-c1-rep2/latency/veh-001/ack bytes=239 forwarded=1
1786047496.134562 publish topic=ipi/airspan-followup-c1-rep2/latency/veh-001/request bytes=1357 forwarded=1
1786047496.135234 publish topic=ipi/airspan-followup-c1-rep2/latency/veh-001/ack bytes=239 forwarded=1
1786047496.364535 publish topic=ipi/airspan-followup-c1-rep2/latency/veh-001/request bytes=1357 forwarded=1
1786047496.364833 publish topic=ipi/airspan-followup-c1-rep2/latency/veh-001/ack bytes=239 forwarded=1
1786047496.595316 publish topic=ipi/airspan-followup-c1-rep2/latency/veh-001/request bytes=1357 forwarded=1
1786047496.595943 publish topic=ipi/airspan-followup-c1-rep2/latency/veh-001/ack bytes=239 forwarded=1
1786047496.825648 publish topic=ipi/airspan-followup-c1-rep2/latency/veh-001/request bytes=1357 forwarded=1
1786047496.826259 publish topic=ipi/airspan-followup-c1-rep2/latency/veh-001/ack bytes=239 forwarded=1
1786047497.055918 publish topic=ipi/airspan-followup-c1-rep2/latency/veh-001/request bytes=1357 forwarded=1
1786047497.056516 publish topic=ipi/airspan-followup-c1-rep2/latency/veh-001/ack bytes=239 forwarded=1
1786047497.286385 publish topic=ipi/airspan-followup-c1-rep2/latency/veh-001/request bytes=1357 forwarded=1
1786047497.287007 publish topic=ipi/airspan-followup-c1-rep2/latency/veh-001/ack bytes=239 forwarded=1
1786047497.526799 publish topic=ipi/airspan-followup-c1-rep2/latency/veh-001/request bytes=1357 forwarded=1
1786047497.527107 publish topic=ipi/airspan-followup-c1-rep2/latency/veh-001/ack bytes=239 forwarded=1
1786047497.757032 publish topic=ipi/airspan-followup-c1-rep2/latency/veh-001/request bytes=1357 forwarded=1
1786047497.757630 publish topic=ipi/airspan-followup-c1-rep2/latency/veh-001/ack bytes=239 forwarded=1
1786047497.987391 publish topic=ipi/airspan-followup-c1-rep2/latency/veh-001/request bytes=1357 forwarded=1
1786047497.988023 publish topic=ipi/airspan-followup-c1-rep2/latency/veh-001/ack bytes=239 forwarded=1
1786047498.217429 publish topic=ipi/airspan-followup-c1-rep2/latency/veh-001/request bytes=1357 forwarded=1
1786047498.218019 publish topic=ipi/airspan-followup-c1-rep2/latency/veh-001/ack bytes=239 forwarded=1
1786047498.447793 publish topic=ipi/airspan-followup-c1-rep2/latency/veh-001/request bytes=1357 forwarded=1
1786047498.448120 publish topic=ipi/airspan-followup-c1-rep2/latency/veh-001/ack bytes=239 forwarded=1
1786047498.678334 publish topic=ipi/airspan-followup-c1-rep2/latency/veh-001/request bytes=1357 forwarded=1
1786047498.678968 publish topic=ipi/airspan-followup-c1-rep2/latency/veh-001/ack bytes=239 forwarded=1
1786047498.918442 publish topic=ipi/airspan-followup-c1-rep2/latency/veh-001/request bytes=1357 forwarded=1
1786047498.919213 publish topic=ipi/airspan-followup-c1-rep2/latency/veh-001/ack bytes=239 forwarded=1
1786047499.148745 publish topic=ipi/airspan-followup-c1-rep2/latency/veh-001/request bytes=1357 forwarded=1
1786047499.149336 publish topic=ipi/airspan-followup-c1-rep2/latency/veh-001/ack bytes=239 forwarded=1
1786047499.389045 publish topic=ipi/airspan-followup-c1-rep2/latency/veh-001/request bytes=1357 forwarded=1
1786047499.389704 publish topic=ipi/airspan-followup-c1-rep2/latency/veh-001/ack bytes=239 forwarded=1
1786047499.619279 publish topic=ipi/airspan-followup-c1-rep2/latency/veh-001/request bytes=1357 forwarded=1
1786047499.619884 publish topic=ipi/airspan-followup-c1-rep2/latency/veh-001/ack bytes=239 forwarded=1
1786047499.859590 publish topic=ipi/airspan-followup-c1-rep2/latency/veh-001/request bytes=1357 forwarded=1
1786047499.860266 publish topic=ipi/airspan-followup-c1-rep2/latency/veh-001/ack bytes=239 forwarded=1
1786047500.100140 publish topic=ipi/airspan-followup-c1-rep2/latency/veh-001/request bytes=1357 forwarded=1
1786047500.100798 publish topic=ipi/airspan-followup-c1-rep2/latency/veh-001/ack bytes=239 forwarded=1
1786047500.330464 publish topic=ipi/airspan-followup-c1-rep2/latency/veh-001/request bytes=1357 forwarded=1
1786047500.331053 publish topic=ipi/airspan-followup-c1-rep2/latency/veh-001/ack bytes=239 forwarded=1
1786047500.550918 publish topic=ipi/airspan-followup-c1-rep2/latency/veh-001/request bytes=1357 forwarded=1
1786047500.551561 publish topic=ipi/airspan-followup-c1-rep2/latency/veh-001/ack bytes=239 forwarded=1
1786047500.791130 publish topic=ipi/airspan-followup-c1-rep2/latency/veh-001/request bytes=1357 forwarded=1
1786047500.791788 publish topic=ipi/airspan-followup-c1-rep2/latency/veh-001/ack bytes=239 forwarded=1
1786047501.021420 publish topic=ipi/airspan-followup-c1-rep2/latency/veh-001/request bytes=1357 forwarded=1
1786047501.022065 publish topic=ipi/airspan-followup-c1-rep2/latency/veh-001/ack bytes=239 forwarded=1
1786047501.251709 publish topic=ipi/airspan-followup-c1-rep2/latency/veh-001/request bytes=1357 forwarded=1
1786047501.252333 publish topic=ipi/airspan-followup-c1-rep2/latency/veh-001/ack bytes=239 forwarded=1
1786047501.481596 publish topic=ipi/airspan-followup-c1-rep2/latency/veh-001/request bytes=1357 forwarded=1
1786047501.481818 publish topic=ipi/airspan-followup-c1-rep2/latency/veh-001/ack bytes=239 forwarded=1
1786047501.722230 publish topic=ipi/airspan-followup-c1-rep2/latency/veh-001/request bytes=1357 forwarded=1
1786047501.722871 publish topic=ipi/airspan-followup-c1-rep2/latency/veh-001/ack bytes=239 forwarded=1
1786047501.952702 publish topic=ipi/airspan-followup-c1-rep2/latency/veh-001/request bytes=1357 forwarded=1
1786047501.953365 publish topic=ipi/airspan-followup-c1-rep2/latency/veh-001/ack bytes=239 forwarded=1
1786047502.192902 publish topic=ipi/airspan-followup-c1-rep2/latency/veh-001/request bytes=1357 forwarded=1
1786047502.193561 publish topic=ipi/airspan-followup-c1-rep2/latency/veh-001/ack bytes=239 forwarded=1
1786047502.423233 publish topic=ipi/airspan-followup-c1-rep2/latency/veh-001/request bytes=1357 forwarded=1
1786047502.423882 publish topic=ipi/airspan-followup-c1-rep2/latency/veh-001/ack bytes=239 forwarded=1
1786047502.653458 publish topic=ipi/airspan-followup-c1-rep2/latency/veh-001/request bytes=1357 forwarded=1
1786047502.653868 publish topic=ipi/airspan-followup-c1-rep2/latency/veh-001/ack bytes=239 forwarded=1
1786047502.883854 publish topic=ipi/airspan-followup-c1-rep2/latency/veh-001/request bytes=1357 forwarded=1
1786047502.884520 publish topic=ipi/airspan-followup-c1-rep2/latency/veh-001/ack bytes=239 forwarded=1
1786047503.114147 publish topic=ipi/airspan-followup-c1-rep2/latency/veh-001/request bytes=1357 forwarded=1
1786047503.114789 publish topic=ipi/airspan-followup-c1-rep2/latency/veh-001/ack bytes=239 forwarded=1
1786047503.354580 publish topic=ipi/airspan-followup-c1-rep2/latency/veh-001/request bytes=1357 forwarded=1
1786047503.355192 publish topic=ipi/airspan-followup-c1-rep2/latency/veh-001/ack bytes=239 forwarded=1
1786047503.585009 publish topic=ipi/airspan-followup-c1-rep2/latency/veh-001/request bytes=1357 forwarded=1
1786047503.585660 publish topic=ipi/airspan-followup-c1-rep2/latency/veh-001/ack bytes=239 forwarded=1
1786047503.815122 publish topic=ipi/airspan-followup-c1-rep2/latency/veh-001/request bytes=1357 forwarded=1
1786047503.815821 publish topic=ipi/airspan-followup-c1-rep2/latency/veh-001/ack bytes=239 forwarded=1
1786047504.035299 publish topic=ipi/airspan-followup-c1-rep2/latency/veh-001/request bytes=1357 forwarded=1
1786047504.035577 publish topic=ipi/airspan-followup-c1-rep2/latency/veh-001/ack bytes=239 forwarded=1
1786047504.265605 publish topic=ipi/airspan-followup-c1-rep2/latency/veh-001/request bytes=1357 forwarded=1
1786047504.265858 publish topic=ipi/airspan-followup-c1-rep2/latency/veh-001/ack bytes=239 forwarded=1
1786047504.506521 publish topic=ipi/airspan-followup-c1-rep2/latency/veh-001/request bytes=1357 forwarded=1
1786047504.507153 publish topic=ipi/airspan-followup-c1-rep2/latency/veh-001/ack bytes=239 forwarded=1
1786047504.746656 publish topic=ipi/airspan-followup-c1-rep2/latency/veh-001/request bytes=1357 forwarded=1
1786047504.747228 publish topic=ipi/airspan-followup-c1-rep2/latency/veh-001/ack bytes=239 forwarded=1
1786047504.977431 publish topic=ipi/airspan-followup-c1-rep2/latency/veh-001/request bytes=1357 forwarded=1
1786047504.978067 publish topic=ipi/airspan-followup-c1-rep2/latency/veh-001/ack bytes=239 forwarded=1
1786047505.207678 publish topic=ipi/airspan-followup-c1-rep2/latency/veh-001/request bytes=1357 forwarded=1
1786047505.208328 publish topic=ipi/airspan-followup-c1-rep2/latency/veh-001/ack bytes=239 forwarded=1
1786047505.447974 publish topic=ipi/airspan-followup-c1-rep2/latency/veh-001/request bytes=1357 forwarded=1
1786047505.448282 publish topic=ipi/airspan-followup-c1-rep2/latency/veh-001/ack bytes=239 forwarded=1
1786047505.678436 publish topic=ipi/airspan-followup-c1-rep2/latency/veh-001/request bytes=1357 forwarded=1
1786047505.679077 publish topic=ipi/airspan-followup-c1-rep2/latency/veh-001/ack bytes=239 forwarded=1
1786047505.918453 publish topic=ipi/airspan-followup-c1-rep2/latency/veh-001/request bytes=1357 forwarded=1
1786047505.918679 publish topic=ipi/airspan-followup-c1-rep2/latency/veh-001/ack bytes=239 forwarded=1
1786047506.149013 publish topic=ipi/airspan-followup-c1-rep2/latency/veh-001/request bytes=1357 forwarded=1
1786047506.149282 publish topic=ipi/airspan-followup-c1-rep2/latency/veh-001/ack bytes=239 forwarded=1
1786047506.379941 publish topic=ipi/airspan-followup-c1-rep2/latency/veh-001/request bytes=1357 forwarded=1
1786047506.380571 publish topic=ipi/airspan-followup-c1-rep2/latency/veh-001/ack bytes=239 forwarded=1
1786047506.619973 publish topic=ipi/airspan-followup-c1-rep2/latency/veh-001/request bytes=1357 forwarded=1
1786047506.620551 publish topic=ipi/airspan-followup-c1-rep2/latency/veh-001/ack bytes=239 forwarded=1
1786047506.860533 publish topic=ipi/airspan-followup-c1-rep2/latency/veh-001/request bytes=1357 forwarded=1
1786047506.861189 publish topic=ipi/airspan-followup-c1-rep2/latency/veh-001/ack bytes=239 forwarded=1
1786047507.090934 publish topic=ipi/airspan-followup-c1-rep2/latency/veh-001/request bytes=1357 forwarded=1
1786047507.091333 publish topic=ipi/airspan-followup-c1-rep2/latency/veh-001/ack bytes=239 forwarded=1
1786047507.321512 publish topic=ipi/airspan-followup-c1-rep2/latency/veh-001/request bytes=1357 forwarded=1
1786047507.322193 publish topic=ipi/airspan-followup-c1-rep2/latency/veh-001/ack bytes=239 forwarded=1
1786047507.551893 publish topic=ipi/airspan-followup-c1-rep2/latency/veh-001/request bytes=1357 forwarded=1
1786047507.552548 publish topic=ipi/airspan-followup-c1-rep2/latency/veh-001/ack bytes=239 forwarded=1
1786047507.772299 publish topic=ipi/airspan-followup-c1-rep2/latency/veh-001/request bytes=1357 forwarded=1
1786047507.773000 publish topic=ipi/airspan-followup-c1-rep2/latency/veh-001/ack bytes=239 forwarded=1
1786047508.002495 publish topic=ipi/airspan-followup-c1-rep2/latency/veh-001/request bytes=1357 forwarded=1
1786047508.003013 publish topic=ipi/airspan-followup-c1-rep2/latency/veh-001/ack bytes=239 forwarded=1
1786047508.233054 publish topic=ipi/airspan-followup-c1-rep2/latency/veh-001/request bytes=1357 forwarded=1
1786047508.233693 publish topic=ipi/airspan-followup-c1-rep2/latency/veh-001/ack bytes=239 forwarded=1
1786047508.463590 publish topic=ipi/airspan-followup-c1-rep2/latency/veh-001/request bytes=1357 forwarded=1
1786047508.464234 publish topic=ipi/airspan-followup-c1-rep2/latency/veh-001/ack bytes=239 forwarded=1
1786047508.693907 publish topic=ipi/airspan-followup-c1-rep2/latency/veh-001/request bytes=1357 forwarded=1
1786047508.694193 publish topic=ipi/airspan-followup-c1-rep2/latency/veh-001/ack bytes=239 forwarded=1
1786047508.924378 publish topic=ipi/airspan-followup-c1-rep2/latency/veh-001/request bytes=1357 forwarded=1
1786047508.925050 publish topic=ipi/airspan-followup-c1-rep2/latency/veh-001/ack bytes=239 forwarded=1
1786047509.154747 publish topic=ipi/airspan-followup-c1-rep2/latency/veh-001/request bytes=1357 forwarded=1
1786047509.155388 publish topic=ipi/airspan-followup-c1-rep2/latency/veh-001/ack bytes=239 forwarded=1
1786047509.385120 publish topic=ipi/airspan-followup-c1-rep2/latency/veh-001/request bytes=1357 forwarded=1
1786047509.385754 publish topic=ipi/airspan-followup-c1-rep2/latency/veh-001/ack bytes=239 forwarded=1
1786047509.625530 publish topic=ipi/airspan-followup-c1-rep2/latency/veh-001/request bytes=1357 forwarded=1
1786047509.626119 publish topic=ipi/airspan-followup-c1-rep2/latency/veh-001/ack bytes=239 forwarded=1
1786047509.865899 publish topic=ipi/airspan-followup-c1-rep2/latency/veh-001/request bytes=1357 forwarded=1
1786047509.866483 publish topic=ipi/airspan-followup-c1-rep2/latency/veh-001/ack bytes=239 forwarded=1
1786047510.096384 publish topic=ipi/airspan-followup-c1-rep2/latency/veh-001/request bytes=1357 forwarded=1
1786047510.097062 publish topic=ipi/airspan-followup-c1-rep2/latency/veh-001/ack bytes=239 forwarded=1
1786047510.336573 publish topic=ipi/airspan-followup-c1-rep2/latency/veh-001/request bytes=1357 forwarded=1
1786047510.336805 publish topic=ipi/airspan-followup-c1-rep2/latency/veh-001/ack bytes=239 forwarded=1
1786047510.567126 publish topic=ipi/airspan-followup-c1-rep2/latency/veh-001/request bytes=1357 forwarded=1
1786047510.567724 publish topic=ipi/airspan-followup-c1-rep2/latency/veh-001/ack bytes=239 forwarded=1
1786047510.797897 publish topic=ipi/airspan-followup-c1-rep2/latency/veh-001/request bytes=1357 forwarded=1
1786047510.798544 publish topic=ipi/airspan-followup-c1-rep2/latency/veh-001/ack bytes=239 forwarded=1
1786047511.038190 publish topic=ipi/airspan-followup-c1-rep2/latency/veh-001/request bytes=1357 forwarded=1
1786047511.038842 publish topic=ipi/airspan-followup-c1-rep2/latency/veh-001/ack bytes=239 forwarded=1
1786047511.268393 publish topic=ipi/airspan-followup-c1-rep2/latency/veh-001/request bytes=1357 forwarded=1
1786047511.268623 publish topic=ipi/airspan-followup-c1-rep2/latency/veh-001/ack bytes=239 forwarded=1
1786047511.509048 publish topic=ipi/airspan-followup-c1-rep2/latency/veh-001/request bytes=1357 forwarded=1
1786047511.509418 publish topic=ipi/airspan-followup-c1-rep2/latency/veh-001/ack bytes=239 forwarded=1
1786047511.749610 publish topic=ipi/airspan-followup-c1-rep2/latency/veh-001/request bytes=1357 forwarded=1
1786047511.750242 publish topic=ipi/airspan-followup-c1-rep2/latency/veh-001/ack bytes=239 forwarded=1
1786047511.980007 publish topic=ipi/airspan-followup-c1-rep2/latency/veh-001/request bytes=1357 forwarded=1
1786047511.980690 publish topic=ipi/airspan-followup-c1-rep2/latency/veh-001/ack bytes=239 forwarded=1
1786047512.210582 publish topic=ipi/airspan-followup-c1-rep2/latency/veh-001/request bytes=1357 forwarded=1
1786047512.211215 publish topic=ipi/airspan-followup-c1-rep2/latency/veh-001/ack bytes=239 forwarded=1
1786047512.450836 publish topic=ipi/airspan-followup-c1-rep2/latency/veh-001/request bytes=1357 forwarded=1
1786047512.451473 publish topic=ipi/airspan-followup-c1-rep2/latency/veh-001/ack bytes=239 forwarded=1
1786047512.681067 publish topic=ipi/airspan-followup-c1-rep2/latency/veh-001/request bytes=1357 forwarded=1
1786047512.681715 publish topic=ipi/airspan-followup-c1-rep2/latency/veh-001/ack bytes=239 forwarded=1
1786047512.911271 publish topic=ipi/airspan-followup-c1-rep2/latency/veh-001/request bytes=1357 forwarded=1
1786047512.911931 publish topic=ipi/airspan-followup-c1-rep2/latency/veh-001/ack bytes=239 forwarded=1
1786047513.141546 publish topic=ipi/airspan-followup-c1-rep2/latency/veh-001/request bytes=1357 forwarded=1
1786047513.142136 publish topic=ipi/airspan-followup-c1-rep2/latency/veh-001/ack bytes=239 forwarded=1
1786047513.392330 publish topic=ipi/airspan-followup-c1-rep2/latency/veh-001/request bytes=1357 forwarded=1
1786047513.393017 publish topic=ipi/airspan-followup-c1-rep2/latency/veh-001/ack bytes=239 forwarded=1
1786047513.632148 publish topic=ipi/airspan-followup-c1-rep2/latency/veh-001/request bytes=1357 forwarded=1
1786047513.632581 publish topic=ipi/airspan-followup-c1-rep2/latency/veh-001/ack bytes=239 forwarded=1
1786047513.852872 publish topic=ipi/airspan-followup-c1-rep2/latency/veh-001/request bytes=1357 forwarded=1
1786047513.853522 publish topic=ipi/airspan-followup-c1-rep2/latency/veh-001/ack bytes=239 forwarded=1
1786047514.083245 publish topic=ipi/airspan-followup-c1-rep2/latency/veh-001/request bytes=1357 forwarded=1
1786047514.083867 publish topic=ipi/airspan-followup-c1-rep2/latency/veh-001/ack bytes=239 forwarded=1
1786047514.313398 publish topic=ipi/airspan-followup-c1-rep2/latency/veh-001/request bytes=1357 forwarded=1
1786047514.314055 publish topic=ipi/airspan-followup-c1-rep2/latency/veh-001/ack bytes=239 forwarded=1
1786047514.533854 publish topic=ipi/airspan-followup-c1-rep2/latency/veh-001/request bytes=1357 forwarded=1
1786047514.534506 publish topic=ipi/airspan-followup-c1-rep2/latency/veh-001/ack bytes=239 forwarded=1
1786047514.763898 publish topic=ipi/airspan-followup-c1-rep2/latency/veh-001/request bytes=1357 forwarded=1
1786047514.764226 publish topic=ipi/airspan-followup-c1-rep2/latency/veh-001/ack bytes=239 forwarded=1
1786047514.994408 publish topic=ipi/airspan-followup-c1-rep2/latency/veh-001/request bytes=1357 forwarded=1
1786047514.995045 publish topic=ipi/airspan-followup-c1-rep2/latency/veh-001/ack bytes=239 forwarded=1
1786047515.224848 publish topic=ipi/airspan-followup-c1-rep2/latency/veh-001/request bytes=1357 forwarded=1
1786047515.225485 publish topic=ipi/airspan-followup-c1-rep2/latency/veh-001/ack bytes=239 forwarded=1
1786047515.454856 publish topic=ipi/airspan-followup-c1-rep2/latency/veh-001/request bytes=1357 forwarded=1
1786047515.455476 publish topic=ipi/airspan-followup-c1-rep2/latency/veh-001/ack bytes=239 forwarded=1
1786047515.685550 publish topic=ipi/airspan-followup-c1-rep2/latency/veh-001/request bytes=1357 forwarded=1
1786047515.686189 publish topic=ipi/airspan-followup-c1-rep2/latency/veh-001/ack bytes=239 forwarded=1
1786047515.915680 publish topic=ipi/airspan-followup-c1-rep2/latency/veh-001/request bytes=1357 forwarded=1
1786047515.916011 publish topic=ipi/airspan-followup-c1-rep2/latency/veh-001/ack bytes=239 forwarded=1
1786047516.145822 publish topic=ipi/airspan-followup-c1-rep2/latency/veh-001/request bytes=1357 forwarded=1
1786047516.146142 publish topic=ipi/airspan-followup-c1-rep2/latency/veh-001/ack bytes=239 forwarded=1
1786047516.376436 publish topic=ipi/airspan-followup-c1-rep2/latency/veh-001/request bytes=1357 forwarded=1
1786047516.377091 publish topic=ipi/airspan-followup-c1-rep2/latency/veh-001/ack bytes=239 forwarded=1
1786047516.606604 publish topic=ipi/airspan-followup-c1-rep2/latency/veh-001/request bytes=1357 forwarded=1
1786047516.607267 publish topic=ipi/airspan-followup-c1-rep2/latency/veh-001/ack bytes=239 forwarded=1
1786047516.836725 publish topic=ipi/airspan-followup-c1-rep2/latency/veh-001/request bytes=1357 forwarded=1
1786047516.837013 publish topic=ipi/airspan-followup-c1-rep2/latency/veh-001/ack bytes=239 forwarded=1
1786047517.057091 publish topic=ipi/airspan-followup-c1-rep2/latency/veh-001/request bytes=1357 forwarded=1
1786047517.057434 publish topic=ipi/airspan-followup-c1-rep2/latency/veh-001/ack bytes=239 forwarded=1
1786047517.287589 publish topic=ipi/airspan-followup-c1-rep2/latency/veh-001/request bytes=1357 forwarded=1
1786047517.288284 publish topic=ipi/airspan-followup-c1-rep2/latency/veh-001/ack bytes=239 forwarded=1
1786047517.527717 publish topic=ipi/airspan-followup-c1-rep2/latency/veh-001/request bytes=1357 forwarded=1
1786047517.527993 publish topic=ipi/airspan-followup-c1-rep2/latency/veh-001/ack bytes=239 forwarded=1
1786047517.758328 publish topic=ipi/airspan-followup-c1-rep2/latency/veh-001/request bytes=1357 forwarded=1
1786047517.758909 publish topic=ipi/airspan-followup-c1-rep2/latency/veh-001/ack bytes=239 forwarded=1
1786047517.998651 publish topic=ipi/airspan-followup-c1-rep2/latency/veh-001/request bytes=1357 forwarded=1
1786047517.999231 publish topic=ipi/airspan-followup-c1-rep2/latency/veh-001/ack bytes=239 forwarded=1
1786047518.229044 publish topic=ipi/airspan-followup-c1-rep2/latency/veh-001/request bytes=1357 forwarded=1
1786047518.229643 publish topic=ipi/airspan-followup-c1-rep2/latency/veh-001/ack bytes=239 forwarded=1
1786047518.469503 publish topic=ipi/airspan-followup-c1-rep2/latency/veh-001/request bytes=1357 forwarded=1
1786047518.470145 publish topic=ipi/airspan-followup-c1-rep2/latency/veh-001/ack bytes=239 forwarded=1
1786047518.709440 publish topic=ipi/airspan-followup-c1-rep2/latency/veh-001/request bytes=1357 forwarded=1
1786047518.709735 publish topic=ipi/airspan-followup-c1-rep2/latency/veh-001/ack bytes=239 forwarded=1
1786047518.939928 publish topic=ipi/airspan-followup-c1-rep2/latency/veh-001/request bytes=1357 forwarded=1
1786047518.940488 publish topic=ipi/airspan-followup-c1-rep2/latency/veh-001/ack bytes=239 forwarded=1
1786047519.190371 publish topic=ipi/airspan-followup-c1-rep2/latency/veh-001/request bytes=1357 forwarded=1
1786047519.191015 publish topic=ipi/airspan-followup-c1-rep2/latency/veh-001/ack bytes=239 forwarded=1
1786047519.431013 publish topic=ipi/airspan-followup-c1-rep2/latency/veh-001/request bytes=1357 forwarded=1
1786047519.431701 publish topic=ipi/airspan-followup-c1-rep2/latency/veh-001/ack bytes=239 forwarded=1
1786047519.661224 publish topic=ipi/airspan-followup-c1-rep2/latency/veh-001/request bytes=1357 forwarded=1
1786047519.661865 publish topic=ipi/airspan-followup-c1-rep2/latency/veh-001/ack bytes=239 forwarded=1
1786047519.891512 publish topic=ipi/airspan-followup-c1-rep2/latency/veh-001/request bytes=1357 forwarded=1
1786047519.891886 publish topic=ipi/airspan-followup-c1-rep2/latency/veh-001/ack bytes=239 forwarded=1
1786047520.121864 publish topic=ipi/airspan-followup-c1-rep2/latency/veh-001/request bytes=1357 forwarded=1
1786047520.122509 publish topic=ipi/airspan-followup-c1-rep2/latency/veh-001/ack bytes=239 forwarded=1
1786047520.352152 publish topic=ipi/airspan-followup-c1-rep2/latency/veh-001/request bytes=1357 forwarded=1
1786047520.352775 publish topic=ipi/airspan-followup-c1-rep2/latency/veh-001/ack bytes=239 forwarded=1
1786047520.572351 publish topic=ipi/airspan-followup-c1-rep2/latency/veh-001/request bytes=1357 forwarded=1
1786047520.572997 publish topic=ipi/airspan-followup-c1-rep2/latency/veh-001/ack bytes=239 forwarded=1
1786047520.802682 publish topic=ipi/airspan-followup-c1-rep2/latency/veh-001/request bytes=1357 forwarded=1
1786047520.803331 publish topic=ipi/airspan-followup-c1-rep2/latency/veh-001/ack bytes=239 forwarded=1
1786047521.032823 publish topic=ipi/airspan-followup-c1-rep2/latency/veh-001/request bytes=1357 forwarded=1
1786047521.033027 publish topic=ipi/airspan-followup-c1-rep2/latency/veh-001/ack bytes=239 forwarded=1
1786047521.253421 publish topic=ipi/airspan-followup-c1-rep2/latency/veh-001/request bytes=1357 forwarded=1
1786047521.254043 publish topic=ipi/airspan-followup-c1-rep2/latency/veh-001/ack bytes=239 forwarded=1
1786047521.483743 publish topic=ipi/airspan-followup-c1-rep2/latency/veh-001/request bytes=1357 forwarded=1
1786047521.484359 publish topic=ipi/airspan-followup-c1-rep2/latency/veh-001/ack bytes=239 forwarded=1
1786047521.714312 publish topic=ipi/airspan-followup-c1-rep2/latency/veh-001/request bytes=1357 forwarded=1
1786047521.714945 publish topic=ipi/airspan-followup-c1-rep2/latency/veh-001/ack bytes=239 forwarded=1
1786047521.934440 publish topic=ipi/airspan-followup-c1-rep2/latency/veh-001/request bytes=1357 forwarded=1
1786047521.935075 publish topic=ipi/airspan-followup-c1-rep2/latency/veh-001/ack bytes=239 forwarded=1
1786047522.164903 publish topic=ipi/airspan-followup-c1-rep2/latency/veh-001/request bytes=1357 forwarded=1
1786047522.165521 publish topic=ipi/airspan-followup-c1-rep2/latency/veh-001/ack bytes=239 forwarded=1
1786047522.395371 publish topic=ipi/airspan-followup-c1-rep2/latency/veh-001/request bytes=1357 forwarded=1
1786047522.395972 publish topic=ipi/airspan-followup-c1-rep2/latency/veh-001/ack bytes=239 forwarded=1
1786047522.625179 publish topic=ipi/airspan-followup-c1-rep2/latency/veh-001/request bytes=1357 forwarded=1
1786047522.625446 publish topic=ipi/airspan-followup-c1-rep2/latency/veh-001/ack bytes=239 forwarded=1
1786047522.845842 publish topic=ipi/airspan-followup-c1-rep2/latency/veh-001/request bytes=1357 forwarded=1
1786047522.846495 publish topic=ipi/airspan-followup-c1-rep2/latency/veh-001/ack bytes=239 forwarded=1
1786047523.076258 publish topic=ipi/airspan-followup-c1-rep2/latency/veh-001/request bytes=1357 forwarded=1
1786047523.076976 publish topic=ipi/airspan-followup-c1-rep2/latency/veh-001/ack bytes=239 forwarded=1
1786047523.306619 publish topic=ipi/airspan-followup-c1-rep2/latency/veh-001/request bytes=1357 forwarded=1
1786047523.307257 publish topic=ipi/airspan-followup-c1-rep2/latency/veh-001/ack bytes=239 forwarded=1
1786047523.536910 publish topic=ipi/airspan-followup-c1-rep2/latency/veh-001/request bytes=1357 forwarded=1
1786047523.537554 publish topic=ipi/airspan-followup-c1-rep2/latency/veh-001/ack bytes=239 forwarded=1
1786047523.777146 publish topic=ipi/airspan-followup-c1-rep2/latency/veh-001/request bytes=1357 forwarded=1
1786047523.777560 publish topic=ipi/airspan-followup-c1-rep2/latency/veh-001/ack bytes=239 forwarded=1
1786047523.997501 publish topic=ipi/airspan-followup-c1-rep2/latency/veh-001/request bytes=1357 forwarded=1
1786047523.998203 publish topic=ipi/airspan-followup-c1-rep2/latency/veh-001/ack bytes=239 forwarded=1
1786047524.237850 publish topic=ipi/airspan-followup-c1-rep2/latency/veh-001/request bytes=1357 forwarded=1
1786047524.238466 publish topic=ipi/airspan-followup-c1-rep2/latency/veh-001/ack bytes=239 forwarded=1
1786047524.478490 publish topic=ipi/airspan-followup-c1-rep2/latency/veh-001/request bytes=1357 forwarded=1
1786047524.479512 publish topic=ipi/airspan-followup-c1-rep2/latency/veh-001/ack bytes=239 forwarded=1
1786047524.708696 publish topic=ipi/airspan-followup-c1-rep2/latency/veh-001/request bytes=1357 forwarded=1
1786047524.709348 publish topic=ipi/airspan-followup-c1-rep2/latency/veh-001/ack bytes=239 forwarded=1
1786047524.948868 publish topic=ipi/airspan-followup-c1-rep2/latency/veh-001/request bytes=1357 forwarded=1
1786047524.949491 publish topic=ipi/airspan-followup-c1-rep2/latency/veh-001/ack bytes=239 forwarded=1
1786047525.189233 publish topic=ipi/airspan-followup-c1-rep2/latency/veh-001/request bytes=1357 forwarded=1
1786047525.189872 publish topic=ipi/airspan-followup-c1-rep2/latency/veh-001/ack bytes=239 forwarded=1
1786047525.429297 publish topic=ipi/airspan-followup-c1-rep2/latency/veh-001/request bytes=1357 forwarded=1
1786047525.429522 publish topic=ipi/airspan-followup-c1-rep2/latency/veh-001/ack bytes=239 forwarded=1
1786047525.659926 publish topic=ipi/airspan-followup-c1-rep2/latency/veh-001/request bytes=1357 forwarded=1
1786047525.660511 publish topic=ipi/airspan-followup-c1-rep2/latency/veh-001/ack bytes=239 forwarded=1
1786047525.890305 publish topic=ipi/airspan-followup-c1-rep2/latency/veh-001/request bytes=1357 forwarded=1
1786047525.890588 publish topic=ipi/airspan-followup-c1-rep2/latency/veh-001/ack bytes=239 forwarded=1
1786047526.130801 publish topic=ipi/airspan-followup-c1-rep2/latency/veh-001/request bytes=1357 forwarded=1
1786047526.131441 publish topic=ipi/airspan-followup-c1-rep2/latency/veh-001/ack bytes=239 forwarded=1
1786047526.371042 publish topic=ipi/airspan-followup-c1-rep2/latency/veh-001/request bytes=1357 forwarded=1
1786047526.371666 publish topic=ipi/airspan-followup-c1-rep2/latency/veh-001/ack bytes=239 forwarded=1
1786047526.611208 publish topic=ipi/airspan-followup-c1-rep2/latency/veh-001/request bytes=1357 forwarded=1
1786047526.611802 publish topic=ipi/airspan-followup-c1-rep2/latency/veh-001/ack bytes=239 forwarded=1
1786047526.841409 publish topic=ipi/airspan-followup-c1-rep2/latency/veh-001/request bytes=1357 forwarded=1
1786047526.841631 publish topic=ipi/airspan-followup-c1-rep2/latency/veh-001/ack bytes=239 forwarded=1
1786047527.071801 publish topic=ipi/airspan-followup-c1-rep2/latency/veh-001/request bytes=1357 forwarded=1
1786047527.072132 publish topic=ipi/airspan-followup-c1-rep2/latency/veh-001/ack bytes=239 forwarded=1
1786047527.312364 publish topic=ipi/airspan-followup-c1-rep2/latency/veh-001/request bytes=1357 forwarded=1
1786047527.312995 publish topic=ipi/airspan-followup-c1-rep2/latency/veh-001/ack bytes=239 forwarded=1
1786047527.542651 publish topic=ipi/airspan-followup-c1-rep2/latency/veh-001/request bytes=1357 forwarded=1
1786047527.543350 publish topic=ipi/airspan-followup-c1-rep2/latency/veh-001/ack bytes=239 forwarded=1
1786047527.763138 publish topic=ipi/airspan-followup-c1-rep2/latency/veh-001/request bytes=1357 forwarded=1
1786047527.763783 publish topic=ipi/airspan-followup-c1-rep2/latency/veh-001/ack bytes=239 forwarded=1
1786047527.993287 publish topic=ipi/airspan-followup-c1-rep2/latency/veh-001/request bytes=1357 forwarded=1
1786047527.993925 publish topic=ipi/airspan-followup-c1-rep2/latency/veh-001/ack bytes=239 forwarded=1
1786047528.223562 publish topic=ipi/airspan-followup-c1-rep2/latency/veh-001/request bytes=1357 forwarded=1
1786047528.223999 publish topic=ipi/airspan-followup-c1-rep2/latency/veh-001/ack bytes=239 forwarded=1
1786047528.454065 publish topic=ipi/airspan-followup-c1-rep2/latency/veh-001/request bytes=1357 forwarded=1
1786047528.454708 publish topic=ipi/airspan-followup-c1-rep2/latency/veh-001/ack bytes=239 forwarded=1
1786047528.684000 publish topic=ipi/airspan-followup-c1-rep2/latency/veh-001/request bytes=1357 forwarded=1
1786047528.684345 publish topic=ipi/airspan-followup-c1-rep2/latency/veh-001/ack bytes=239 forwarded=1
1786047528.914486 publish topic=ipi/airspan-followup-c1-rep2/latency/veh-001/request bytes=1357 forwarded=1
1786047528.915146 publish topic=ipi/airspan-followup-c1-rep2/latency/veh-001/ack bytes=239 forwarded=1
1786047529.144883 publish topic=ipi/airspan-followup-c1-rep2/latency/veh-001/request bytes=1357 forwarded=1
1786047529.145487 publish topic=ipi/airspan-followup-c1-rep2/latency/veh-001/ack bytes=239 forwarded=1
1786047529.375018 publish topic=ipi/airspan-followup-c1-rep2/latency/veh-001/request bytes=1357 forwarded=1
1786047529.375359 publish topic=ipi/airspan-followup-c1-rep2/latency/veh-001/ack bytes=239 forwarded=1
1786047529.605262 publish topic=ipi/airspan-followup-c1-rep2/latency/veh-001/request bytes=1357 forwarded=1
1786047529.605517 publish topic=ipi/airspan-followup-c1-rep2/latency/veh-001/ack bytes=239 forwarded=1
1786047529.835990 publish topic=ipi/airspan-followup-c1-rep2/latency/veh-001/request bytes=1357 forwarded=1
1786047529.836689 publish topic=ipi/airspan-followup-c1-rep2/latency/veh-001/ack bytes=239 forwarded=1
1786047530.066164 publish topic=ipi/airspan-followup-c1-rep2/latency/veh-001/request bytes=1357 forwarded=1
1786047530.066718 publish topic=ipi/airspan-followup-c1-rep2/latency/veh-001/ack bytes=239 forwarded=1
1786047530.286489 publish topic=ipi/airspan-followup-c1-rep2/latency/veh-001/request bytes=1357 forwarded=1
1786047530.287175 publish topic=ipi/airspan-followup-c1-rep2/latency/veh-001/ack bytes=239 forwarded=1
1786047530.516674 publish topic=ipi/airspan-followup-c1-rep2/latency/veh-001/request bytes=1357 forwarded=1
1786047530.517039 publish topic=ipi/airspan-followup-c1-rep2/latency/veh-001/ack bytes=239 forwarded=1
1786047530.747119 publish topic=ipi/airspan-followup-c1-rep2/latency/veh-001/request bytes=1357 forwarded=1
1786047530.747704 publish topic=ipi/airspan-followup-c1-rep2/latency/veh-001/ack bytes=239 forwarded=1
1786047530.967367 publish topic=ipi/airspan-followup-c1-rep2/latency/veh-001/request bytes=1357 forwarded=1
1786047530.967953 publish topic=ipi/airspan-followup-c1-rep2/latency/veh-001/ack bytes=239 forwarded=1
1786047531.197700 publish topic=ipi/airspan-followup-c1-rep2/latency/veh-001/request bytes=1357 forwarded=1
1786047531.198222 publish topic=ipi/airspan-followup-c1-rep2/latency/veh-001/ack bytes=239 forwarded=1
1786047531.428342 publish topic=ipi/airspan-followup-c1-rep2/latency/veh-001/request bytes=1357 forwarded=1
1786047531.429009 publish topic=ipi/airspan-followup-c1-rep2/latency/veh-001/ack bytes=239 forwarded=1
1786047531.668496 publish topic=ipi/airspan-followup-c1-rep2/latency/veh-001/request bytes=1357 forwarded=1
1786047531.669154 publish topic=ipi/airspan-followup-c1-rep2/latency/veh-001/ack bytes=239 forwarded=1
1786047531.898817 publish topic=ipi/airspan-followup-c1-rep2/latency/veh-001/request bytes=1357 forwarded=1
1786047531.899468 publish topic=ipi/airspan-followup-c1-rep2/latency/veh-001/ack bytes=239 forwarded=1
1786047532.138857 publish topic=ipi/airspan-followup-c1-rep2/latency/veh-001/request bytes=1357 forwarded=1
1786047532.139124 publish topic=ipi/airspan-followup-c1-rep2/latency/veh-001/ack bytes=239 forwarded=1
1786047532.379533 publish topic=ipi/airspan-followup-c1-rep2/latency/veh-001/request bytes=1357 forwarded=1
1786047532.380168 publish topic=ipi/airspan-followup-c1-rep2/latency/veh-001/ack bytes=239 forwarded=1
1786047532.609882 publish topic=ipi/airspan-followup-c1-rep2/latency/veh-001/request bytes=1357 forwarded=1
1786047532.610471 publish topic=ipi/airspan-followup-c1-rep2/latency/veh-001/ack bytes=239 forwarded=1
1786047532.850237 publish topic=ipi/airspan-followup-c1-rep2/latency/veh-001/request bytes=1357 forwarded=1
1786047532.850876 publish topic=ipi/airspan-followup-c1-rep2/latency/veh-001/ack bytes=239 forwarded=1
1786047533.090579 publish topic=ipi/airspan-followup-c1-rep2/latency/veh-001/request bytes=1357 forwarded=1
1786047533.091230 publish topic=ipi/airspan-followup-c1-rep2/latency/veh-001/ack bytes=239 forwarded=1
1786047533.330670 publish topic=ipi/airspan-followup-c1-rep2/latency/veh-001/request bytes=1357 forwarded=1
1786047533.331309 publish topic=ipi/airspan-followup-c1-rep2/latency/veh-001/ack bytes=239 forwarded=1
1786047533.571259 publish topic=ipi/airspan-followup-c1-rep2/latency/veh-001/request bytes=1357 forwarded=1
1786047533.571896 publish topic=ipi/airspan-followup-c1-rep2/latency/veh-001/ack bytes=239 forwarded=1
1786047533.801488 publish topic=ipi/airspan-followup-c1-rep2/latency/veh-001/request bytes=1357 forwarded=1
1786047533.802193 publish topic=ipi/airspan-followup-c1-rep2/latency/veh-001/ack bytes=239 forwarded=1
1786047534.031812 publish topic=ipi/airspan-followup-c1-rep2/latency/veh-001/request bytes=1357 forwarded=1
1786047534.032421 publish topic=ipi/airspan-followup-c1-rep2/latency/veh-001/ack bytes=239 forwarded=1
1786047534.252207 publish topic=ipi/airspan-followup-c1-rep2/latency/veh-001/request bytes=1357 forwarded=1
1786047534.252805 publish topic=ipi/airspan-followup-c1-rep2/latency/veh-001/ack bytes=239 forwarded=1
1786047534.482359 publish topic=ipi/airspan-followup-c1-rep2/latency/veh-001/request bytes=1357 forwarded=1
1786047534.482902 publish topic=ipi/airspan-followup-c1-rep2/latency/veh-001/ack bytes=239 forwarded=1
1786047534.702829 publish topic=ipi/airspan-followup-c1-rep2/latency/veh-001/request bytes=1357 forwarded=1
1786047534.703252 publish topic=ipi/airspan-followup-c1-rep2/latency/veh-001/ack bytes=239 forwarded=1
1786047534.922881 publish topic=ipi/airspan-followup-c1-rep2/latency/veh-001/request bytes=1357 forwarded=1
1786047534.923483 publish topic=ipi/airspan-followup-c1-rep2/latency/veh-001/ack bytes=239 forwarded=1
1786047535.153432 publish topic=ipi/airspan-followup-c1-rep2/latency/veh-001/request bytes=1357 forwarded=1
1786047535.154055 publish topic=ipi/airspan-followup-c1-rep2/latency/veh-001/ack bytes=239 forwarded=1
1786047535.383758 publish topic=ipi/airspan-followup-c1-rep2/latency/veh-001/request bytes=1357 forwarded=1
1786047535.384374 publish topic=ipi/airspan-followup-c1-rep2/latency/veh-001/ack bytes=239 forwarded=1
1786047535.613895 publish topic=ipi/airspan-followup-c1-rep2/latency/veh-001/request bytes=1357 forwarded=1
1786047535.614543 publish topic=ipi/airspan-followup-c1-rep2/latency/veh-001/ack bytes=239 forwarded=1
1786047535.844557 publish topic=ipi/airspan-followup-c1-rep2/latency/veh-001/request bytes=1357 forwarded=1
1786047535.845222 publish topic=ipi/airspan-followup-c1-rep2/latency/veh-001/ack bytes=239 forwarded=1
1786047536.074642 publish topic=ipi/airspan-followup-c1-rep2/latency/veh-001/request bytes=1357 forwarded=1
1786047536.074939 publish topic=ipi/airspan-followup-c1-rep2/latency/veh-001/ack bytes=239 forwarded=1
1786047536.304934 publish topic=ipi/airspan-followup-c1-rep2/latency/veh-001/request bytes=1357 forwarded=1
1786047536.305528 publish topic=ipi/airspan-followup-c1-rep2/latency/veh-001/ack bytes=239 forwarded=1
1786047536.545494 publish topic=ipi/airspan-followup-c1-rep2/latency/veh-001/request bytes=1357 forwarded=1
1786047536.546117 publish topic=ipi/airspan-followup-c1-rep2/latency/veh-001/ack bytes=239 forwarded=1
1786047536.775733 publish topic=ipi/airspan-followup-c1-rep2/latency/veh-001/request bytes=1357 forwarded=1
1786047536.776365 publish topic=ipi/airspan-followup-c1-rep2/latency/veh-001/ack bytes=239 forwarded=1
1786047536.996192 publish topic=ipi/airspan-followup-c1-rep2/latency/veh-001/request bytes=1357 forwarded=1
1786047536.996864 publish topic=ipi/airspan-followup-c1-rep2/latency/veh-001/ack bytes=239 forwarded=1
1786047537.236335 publish topic=ipi/airspan-followup-c1-rep2/latency/veh-001/request bytes=1357 forwarded=1
1786047537.236534 publish topic=ipi/airspan-followup-c1-rep2/latency/veh-001/ack bytes=239 forwarded=1
1786047537.466572 publish topic=ipi/airspan-followup-c1-rep2/latency/veh-001/request bytes=1357 forwarded=1
1786047537.466773 publish topic=ipi/airspan-followup-c1-rep2/latency/veh-001/ack bytes=239 forwarded=1
1786047537.697256 publish topic=ipi/airspan-followup-c1-rep2/latency/veh-001/request bytes=1357 forwarded=1
1786047537.697863 publish topic=ipi/airspan-followup-c1-rep2/latency/veh-001/ack bytes=239 forwarded=1
1786047537.937487 publish topic=ipi/airspan-followup-c1-rep2/latency/veh-001/request bytes=1357 forwarded=1
1786047537.938176 publish topic=ipi/airspan-followup-c1-rep2/latency/veh-001/ack bytes=239 forwarded=1
1786047538.167619 publish topic=ipi/airspan-followup-c1-rep2/latency/veh-001/request bytes=1357 forwarded=1
1786047538.168210 publish topic=ipi/airspan-followup-c1-rep2/latency/veh-001/ack bytes=239 forwarded=1
1786047538.387958 publish topic=ipi/airspan-followup-c1-rep2/latency/veh-001/request bytes=1357 forwarded=1
1786047538.388626 publish topic=ipi/airspan-followup-c1-rep2/latency/veh-001/ack bytes=239 forwarded=1
1786047538.608092 publish topic=ipi/airspan-followup-c1-rep2/latency/veh-001/request bytes=1357 forwarded=1
1786047538.608865 publish topic=ipi/airspan-followup-c1-rep2/latency/veh-001/ack bytes=239 forwarded=1
1786047538.838591 publish topic=ipi/airspan-followup-c1-rep2/latency/veh-001/request bytes=1357 forwarded=1
1786047538.839268 publish topic=ipi/airspan-followup-c1-rep2/latency/veh-001/ack bytes=239 forwarded=1
1786047539.078990 publish topic=ipi/airspan-followup-c1-rep2/latency/veh-001/request bytes=1357 forwarded=1
1786047539.079622 publish topic=ipi/airspan-followup-c1-rep2/latency/veh-001/ack bytes=239 forwarded=1
1786047539.309139 publish topic=ipi/airspan-followup-c1-rep2/latency/veh-001/request bytes=1357 forwarded=1
1786047539.309755 publish topic=ipi/airspan-followup-c1-rep2/latency/veh-001/ack bytes=239 forwarded=1
1786047539.539496 publish topic=ipi/airspan-followup-c1-rep2/latency/veh-001/request bytes=1357 forwarded=1
1786047539.539823 publish topic=ipi/airspan-followup-c1-rep2/latency/veh-001/ack bytes=239 forwarded=1
1786047539.769858 publish topic=ipi/airspan-followup-c1-rep2/latency/veh-001/request bytes=1357 forwarded=1
1786047539.770498 publish topic=ipi/airspan-followup-c1-rep2/latency/veh-001/ack bytes=239 forwarded=1
1786047539.999937 publish topic=ipi/airspan-followup-c1-rep2/latency/veh-001/request bytes=1357 forwarded=1
1786047540.000220 publish topic=ipi/airspan-followup-c1-rep2/latency/veh-001/ack bytes=239 forwarded=1
1786047540.240542 publish topic=ipi/airspan-followup-c1-rep2/latency/veh-001/request bytes=1357 forwarded=1
1786047540.241213 publish topic=ipi/airspan-followup-c1-rep2/latency/veh-001/ack bytes=239 forwarded=1
1786047540.480986 publish topic=ipi/airspan-followup-c1-rep2/latency/veh-001/request bytes=1357 forwarded=1
1786047540.481663 publish topic=ipi/airspan-followup-c1-rep2/latency/veh-001/ack bytes=239 forwarded=1
1786047540.711353 publish topic=ipi/airspan-followup-c1-rep2/latency/veh-001/request bytes=1357 forwarded=1
1786047540.712054 publish topic=ipi/airspan-followup-c1-rep2/latency/veh-001/ack bytes=239 forwarded=1
1786047540.951655 publish topic=ipi/airspan-followup-c1-rep2/latency/veh-001/request bytes=1357 forwarded=1
1786047540.952300 publish topic=ipi/airspan-followup-c1-rep2/latency/veh-001/ack bytes=239 forwarded=1
1786047541.181904 publish topic=ipi/airspan-followup-c1-rep2/latency/veh-001/request bytes=1357 forwarded=1
1786047541.182300 publish topic=ipi/airspan-followup-c1-rep2/latency/veh-001/ack bytes=239 forwarded=1
1786047541.412431 publish topic=ipi/airspan-followup-c1-rep2/latency/veh-001/request bytes=1357 forwarded=1
1786047541.413110 publish topic=ipi/airspan-followup-c1-rep2/latency/veh-001/ack bytes=239 forwarded=1
1786047541.642164 publish topic=ipi/airspan-followup-c1-rep2/latency/veh-001/request bytes=1357 forwarded=1
1786047541.642401 publish topic=ipi/airspan-followup-c1-rep2/latency/veh-001/ack bytes=239 forwarded=1
1786047541.872683 publish topic=ipi/airspan-followup-c1-rep2/latency/veh-001/request bytes=1357 forwarded=1
1786047541.872916 publish topic=ipi/airspan-followup-c1-rep2/latency/veh-001/ack bytes=239 forwarded=1
1786047542.093153 publish topic=ipi/airspan-followup-c1-rep2/latency/veh-001/request bytes=1357 forwarded=1
1786047542.093773 publish topic=ipi/airspan-followup-c1-rep2/latency/veh-001/ack bytes=239 forwarded=1
1786047542.323663 publish topic=ipi/airspan-followup-c1-rep2/latency/veh-001/request bytes=1357 forwarded=1
1786047542.324303 publish topic=ipi/airspan-followup-c1-rep2/latency/veh-001/ack bytes=239 forwarded=1
1786047542.553927 publish topic=ipi/airspan-followup-c1-rep2/latency/veh-001/request bytes=1357 forwarded=1
1786047542.554556 publish topic=ipi/airspan-followup-c1-rep2/latency/veh-001/ack bytes=239 forwarded=1
1786047542.783813 publish topic=ipi/airspan-followup-c1-rep2/latency/veh-001/request bytes=1357 forwarded=1
1786047542.784255 publish topic=ipi/airspan-followup-c1-rep2/latency/veh-001/ack bytes=239 forwarded=1
1786047543.024498 publish topic=ipi/airspan-followup-c1-rep2/latency/veh-001/request bytes=1357 forwarded=1
1786047543.025173 publish topic=ipi/airspan-followup-c1-rep2/latency/veh-001/ack bytes=239 forwarded=1
1786047543.244849 publish topic=ipi/airspan-followup-c1-rep2/latency/veh-001/request bytes=1357 forwarded=1
1786047543.245474 publish topic=ipi/airspan-followup-c1-rep2/latency/veh-001/ack bytes=239 forwarded=1
1786047543.475158 publish topic=ipi/airspan-followup-c1-rep2/latency/veh-001/request bytes=1357 forwarded=1
1786047543.475821 publish topic=ipi/airspan-followup-c1-rep2/latency/veh-001/ack bytes=239 forwarded=1
1786047543.695214 publish topic=ipi/airspan-followup-c1-rep2/latency/veh-001/request bytes=1357 forwarded=1
1786047543.695805 publish topic=ipi/airspan-followup-c1-rep2/latency/veh-001/ack bytes=239 forwarded=1
1786047543.915448 publish topic=ipi/airspan-followup-c1-rep2/latency/veh-001/request bytes=1357 forwarded=1
1786047543.915758 publish topic=ipi/airspan-followup-c1-rep2/latency/veh-001/ack bytes=239 forwarded=1
1786047544.135870 publish topic=ipi/airspan-followup-c1-rep2/latency/veh-001/request bytes=1357 forwarded=1
1786047544.136548 publish topic=ipi/airspan-followup-c1-rep2/latency/veh-001/ack bytes=239 forwarded=1
1786047544.366444 publish topic=ipi/airspan-followup-c1-rep2/latency/veh-001/request bytes=1357 forwarded=1
1786047544.367106 publish topic=ipi/airspan-followup-c1-rep2/latency/veh-001/ack bytes=239 forwarded=1
1786047544.596794 publish topic=ipi/airspan-followup-c1-rep2/latency/veh-001/request bytes=1357 forwarded=1
1786047544.597424 publish topic=ipi/airspan-followup-c1-rep2/latency/veh-001/ack bytes=239 forwarded=1
1786047544.827167 publish topic=ipi/airspan-followup-c1-rep2/latency/veh-001/request bytes=1357 forwarded=1
1786047544.827729 publish topic=ipi/airspan-followup-c1-rep2/latency/veh-001/ack bytes=239 forwarded=1
1786047545.047174 publish topic=ipi/airspan-followup-c1-rep2/latency/veh-001/request bytes=1357 forwarded=1
1786047545.047599 publish topic=ipi/airspan-followup-c1-rep2/latency/veh-001/ack bytes=239 forwarded=1
1786047545.267582 publish topic=ipi/airspan-followup-c1-rep2/latency/veh-001/request bytes=1357 forwarded=1
1786047545.268187 publish topic=ipi/airspan-followup-c1-rep2/latency/veh-001/ack bytes=239 forwarded=1
1786047545.507852 publish topic=ipi/airspan-followup-c1-rep2/latency/veh-001/request bytes=1357 forwarded=1
1786047545.508450 publish topic=ipi/airspan-followup-c1-rep2/latency/veh-001/ack bytes=239 forwarded=1
1786047545.738162 publish topic=ipi/airspan-followup-c1-rep2/latency/veh-001/request bytes=1357 forwarded=1
1786047545.738764 publish topic=ipi/airspan-followup-c1-rep2/latency/veh-001/ack bytes=239 forwarded=1
1786047545.968242 publish topic=ipi/airspan-followup-c1-rep2/latency/veh-001/request bytes=1357 forwarded=1
1786047545.968591 publish topic=ipi/airspan-followup-c1-rep2/latency/veh-001/ack bytes=239 forwarded=1
1786047546.198925 publish topic=ipi/airspan-followup-c1-rep2/latency/veh-001/request bytes=1357 forwarded=1
1786047546.199525 publish topic=ipi/airspan-followup-c1-rep2/latency/veh-001/ack bytes=239 forwarded=1
1786047546.428946 publish topic=ipi/airspan-followup-c1-rep2/latency/veh-001/request bytes=1357 forwarded=1
1786047546.429283 publish topic=ipi/airspan-followup-c1-rep2/latency/veh-001/ack bytes=239 forwarded=1
1786047546.669559 publish topic=ipi/airspan-followup-c1-rep2/latency/veh-001/request bytes=1357 forwarded=1
1786047546.669904 publish topic=ipi/airspan-followup-c1-rep2/latency/veh-001/ack bytes=239 forwarded=1
1786047546.899816 publish topic=ipi/airspan-followup-c1-rep2/latency/veh-001/request bytes=1357 forwarded=1
1786047546.900403 publish topic=ipi/airspan-followup-c1-rep2/latency/veh-001/ack bytes=239 forwarded=1
1786047547.130244 publish topic=ipi/airspan-followup-c1-rep2/latency/veh-001/request bytes=1357 forwarded=1
1786047547.130840 publish topic=ipi/airspan-followup-c1-rep2/latency/veh-001/ack bytes=239 forwarded=1
1786047547.370604 publish topic=ipi/airspan-followup-c1-rep2/latency/veh-001/request bytes=1357 forwarded=1
1786047547.371196 publish topic=ipi/airspan-followup-c1-rep2/latency/veh-001/ack bytes=239 forwarded=1
1786047547.600682 publish topic=ipi/airspan-followup-c1-rep2/latency/veh-001/request bytes=1357 forwarded=1
1786047547.601269 publish topic=ipi/airspan-followup-c1-rep2/latency/veh-001/ack bytes=239 forwarded=1
1786047547.841055 publish topic=ipi/airspan-followup-c1-rep2/latency/veh-001/request bytes=1357 forwarded=1
1786047547.841739 publish topic=ipi/airspan-followup-c1-rep2/latency/veh-001/ack bytes=239 forwarded=1
1786047548.071590 publish topic=ipi/airspan-followup-c1-rep2/latency/veh-001/request bytes=1357 forwarded=1
1786047548.072250 publish topic=ipi/airspan-followup-c1-rep2/latency/veh-001/ack bytes=239 forwarded=1
1786047548.301652 publish topic=ipi/airspan-followup-c1-rep2/latency/veh-001/request bytes=1357 forwarded=1
1786047548.301977 publish topic=ipi/airspan-followup-c1-rep2/latency/veh-001/ack bytes=239 forwarded=1
1786047548.532007 publish topic=ipi/airspan-followup-c1-rep2/latency/veh-001/request bytes=1357 forwarded=1
1786047548.532732 publish topic=ipi/airspan-followup-c1-rep2/latency/veh-001/ack bytes=239 forwarded=1
1786047548.762277 publish topic=ipi/airspan-followup-c1-rep2/latency/veh-001/request bytes=1357 forwarded=1
1786047548.762945 publish topic=ipi/airspan-followup-c1-rep2/latency/veh-001/ack bytes=239 forwarded=1
1786047548.992702 publish topic=ipi/airspan-followup-c1-rep2/latency/veh-001/request bytes=1357 forwarded=1
1786047548.993379 publish topic=ipi/airspan-followup-c1-rep2/latency/veh-001/ack bytes=239 forwarded=1
1786047549.223106 publish topic=ipi/airspan-followup-c1-rep2/latency/veh-001/request bytes=1357 forwarded=1
1786047549.223784 publish topic=ipi/airspan-followup-c1-rep2/latency/veh-001/ack bytes=239 forwarded=1
1786047549.453201 publish topic=ipi/airspan-followup-c1-rep2/latency/veh-001/request bytes=1357 forwarded=1
1786047549.453866 publish topic=ipi/airspan-followup-c1-rep2/latency/veh-001/ack bytes=239 forwarded=1
1786047549.683502 publish topic=ipi/airspan-followup-c1-rep2/latency/veh-001/request bytes=1357 forwarded=1
1786047549.684138 publish topic=ipi/airspan-followup-c1-rep2/latency/veh-001/ack bytes=239 forwarded=1
1786047549.923722 publish topic=ipi/airspan-followup-c1-rep2/latency/veh-001/request bytes=1357 forwarded=1
1786047549.924032 publish topic=ipi/airspan-followup-c1-rep2/latency/veh-001/ack bytes=239 forwarded=1
1786047550.154293 publish topic=ipi/airspan-followup-c1-rep2/latency/veh-001/request bytes=1357 forwarded=1
1786047550.154970 publish topic=ipi/airspan-followup-c1-rep2/latency/veh-001/ack bytes=239 forwarded=1
1786047550.384874 publish topic=ipi/airspan-followup-c1-rep2/latency/veh-001/request bytes=1357 forwarded=1
1786047550.385549 publish topic=ipi/airspan-followup-c1-rep2/latency/veh-001/ack bytes=239 forwarded=1
1786047550.614820 publish topic=ipi/airspan-followup-c1-rep2/latency/veh-001/request bytes=1357 forwarded=1
1786047550.615456 publish topic=ipi/airspan-followup-c1-rep2/latency/veh-001/ack bytes=239 forwarded=1
1786047550.845032 publish topic=ipi/airspan-followup-c1-rep2/latency/veh-001/request bytes=1357 forwarded=1
1786047550.845267 publish topic=ipi/airspan-followup-c1-rep2/latency/veh-001/ack bytes=239 forwarded=1
1786047551.075390 publish topic=ipi/airspan-followup-c1-rep2/latency/veh-001/request bytes=1357 forwarded=1
1786047551.075875 publish topic=ipi/airspan-followup-c1-rep2/latency/veh-001/ack bytes=239 forwarded=1
1786047551.306000 publish topic=ipi/airspan-followup-c1-rep2/latency/veh-001/request bytes=1357 forwarded=1
1786047551.306557 publish topic=ipi/airspan-followup-c1-rep2/latency/veh-001/ack bytes=239 forwarded=1
1786047551.526338 publish topic=ipi/airspan-followup-c1-rep2/latency/veh-001/request bytes=1357 forwarded=1
1786047551.526980 publish topic=ipi/airspan-followup-c1-rep2/latency/veh-001/ack bytes=239 forwarded=1
1786047551.746294 publish topic=ipi/airspan-followup-c1-rep2/latency/veh-001/request bytes=1357 forwarded=1
1786047551.746537 publish topic=ipi/airspan-followup-c1-rep2/latency/veh-001/ack bytes=239 forwarded=1
1786047551.987047 publish topic=ipi/airspan-followup-c1-rep2/latency/veh-001/request bytes=1357 forwarded=1
1786047551.987698 publish topic=ipi/airspan-followup-c1-rep2/latency/veh-001/ack bytes=239 forwarded=1
1786047552.227287 publish topic=ipi/airspan-followup-c1-rep2/latency/veh-001/request bytes=1357 forwarded=1
1786047552.227687 publish topic=ipi/airspan-followup-c1-rep2/latency/veh-001/ack bytes=239 forwarded=1
1786047552.457679 publish topic=ipi/airspan-followup-c1-rep2/latency/veh-001/request bytes=1357 forwarded=1
1786047552.458310 publish topic=ipi/airspan-followup-c1-rep2/latency/veh-001/ack bytes=239 forwarded=1
1786047552.687839 publish topic=ipi/airspan-followup-c1-rep2/latency/veh-001/request bytes=1357 forwarded=1
1786047552.688436 publish topic=ipi/airspan-followup-c1-rep2/latency/veh-001/ack bytes=239 forwarded=1
1786047552.928216 publish topic=ipi/airspan-followup-c1-rep2/latency/veh-001/request bytes=1357 forwarded=1
1786047552.928907 publish topic=ipi/airspan-followup-c1-rep2/latency/veh-001/ack bytes=239 forwarded=1
1786047553.158193 publish topic=ipi/airspan-followup-c1-rep2/latency/veh-001/request bytes=1357 forwarded=1
1786047553.158417 publish topic=ipi/airspan-followup-c1-rep2/latency/veh-001/ack bytes=239 forwarded=1
1786047553.388980 publish topic=ipi/airspan-followup-c1-rep2/latency/veh-001/request bytes=1357 forwarded=1
1786047553.389589 publish topic=ipi/airspan-followup-c1-rep2/latency/veh-001/ack bytes=239 forwarded=1
1786047553.618844 publish topic=ipi/airspan-followup-c1-rep2/latency/veh-001/request bytes=1357 forwarded=1
1786047553.619189 publish topic=ipi/airspan-followup-c1-rep2/latency/veh-001/ack bytes=239 forwarded=1
1786047553.859485 publish topic=ipi/airspan-followup-c1-rep2/latency/veh-001/request bytes=1357 forwarded=1
1786047553.859807 publish topic=ipi/airspan-followup-c1-rep2/latency/veh-001/ack bytes=239 forwarded=1
1786047554.099873 publish topic=ipi/airspan-followup-c1-rep2/latency/veh-001/request bytes=1357 forwarded=1
1786047554.100461 publish topic=ipi/airspan-followup-c1-rep2/latency/veh-001/ack bytes=239 forwarded=1
1786047554.330149 publish topic=ipi/airspan-followup-c1-rep2/latency/veh-001/request bytes=1357 forwarded=1
1786047554.330768 publish topic=ipi/airspan-followup-c1-rep2/latency/veh-001/ack bytes=239 forwarded=1
1786047554.570571 publish topic=ipi/airspan-followup-c1-rep2/latency/veh-001/request bytes=1357 forwarded=1
1786047554.571157 publish topic=ipi/airspan-followup-c1-rep2/latency/veh-001/ack bytes=239 forwarded=1
1786047554.810677 publish topic=ipi/airspan-followup-c1-rep2/latency/veh-001/request bytes=1357 forwarded=1
1786047554.811317 publish topic=ipi/airspan-followup-c1-rep2/latency/veh-001/ack bytes=239 forwarded=1
1786047555.051149 publish topic=ipi/airspan-followup-c1-rep2/latency/veh-001/request bytes=1357 forwarded=1
1786047555.051820 publish topic=ipi/airspan-followup-c1-rep2/latency/veh-001/ack bytes=239 forwarded=1
1786047555.281626 publish topic=ipi/airspan-followup-c1-rep2/latency/veh-001/request bytes=1357 forwarded=1
1786047555.282269 publish topic=ipi/airspan-followup-c1-rep2/latency/veh-001/ack bytes=239 forwarded=1
1786047555.511682 publish topic=ipi/airspan-followup-c1-rep2/latency/veh-001/request bytes=1357 forwarded=1
1786047555.513276 publish topic=ipi/airspan-followup-c1-rep2/latency/veh-001/ack bytes=239 forwarded=1
1786047555.742107 publish topic=ipi/airspan-followup-c1-rep2/latency/veh-001/request bytes=1357 forwarded=1
1786047555.742788 publish topic=ipi/airspan-followup-c1-rep2/latency/veh-001/ack bytes=239 forwarded=1
1786047555.972407 publish topic=ipi/airspan-followup-c1-rep2/latency/veh-001/request bytes=1357 forwarded=1
1786047555.972768 publish topic=ipi/airspan-followup-c1-rep2/latency/veh-001/ack bytes=239 forwarded=1
1786047556.202610 publish topic=ipi/airspan-followup-c1-rep2/latency/veh-001/request bytes=1357 forwarded=1
1786047556.203307 publish topic=ipi/airspan-followup-c1-rep2/latency/veh-001/ack bytes=239 forwarded=1
1786047556.432945 publish topic=ipi/airspan-followup-c1-rep2/latency/veh-001/request bytes=1357 forwarded=1
1786047556.433777 publish topic=ipi/airspan-followup-c1-rep2/latency/veh-001/ack bytes=239 forwarded=1
1786047556.663179 publish topic=ipi/airspan-followup-c1-rep2/latency/veh-001/request bytes=1357 forwarded=1
1786047556.663472 publish topic=ipi/airspan-followup-c1-rep2/latency/veh-001/ack bytes=239 forwarded=1
1786047556.893746 publish topic=ipi/airspan-followup-c1-rep2/latency/veh-001/request bytes=1357 forwarded=1
1786047556.894387 publish topic=ipi/airspan-followup-c1-rep2/latency/veh-001/ack bytes=239 forwarded=1
1786047557.123890 publish topic=ipi/airspan-followup-c1-rep2/latency/veh-001/request bytes=1357 forwarded=1
1786047557.124538 publish topic=ipi/airspan-followup-c1-rep2/latency/veh-001/ack bytes=239 forwarded=1
1786047557.354162 publish topic=ipi/airspan-followup-c1-rep2/latency/veh-001/request bytes=1357 forwarded=1
1786047557.354825 publish topic=ipi/airspan-followup-c1-rep2/latency/veh-001/ack bytes=239 forwarded=1
1786047557.584340 publish topic=ipi/airspan-followup-c1-rep2/latency/veh-001/request bytes=1357 forwarded=1
1786047557.584644 publish topic=ipi/airspan-followup-c1-rep2/latency/veh-001/ack bytes=239 forwarded=1
1786047557.614447 close ('<private-ip>', 38594) disconnect
