emitter_role,emit_time_ns,run_id,condition_id,condition_label,service_type,transport,av_id,obu_id,rsu_id,request_id,session_id,intersection_id,source_id,sequence,network_load_level,qos_profile,mobility_state,clock_sync_state,accepted,service_success,vehicle_outcome_name,vehicle_outcome_value,vehicle_outcome_unit,frame_type,payload_bytes,client_send_ns,server_receive_ns,server_send_ns,client_receive_ns,rtt_ms,uplink_ms,server_ms,downlink_ms,detail
5g-receiver,1783365036548027164,edge4av-real-20260706-multiclient-scalability-weak-signal-run-1,p5g-scale-mqtt-payload-1024-clients-20,scale,guided-planning,mqtt,,veh-05,rsu-1,p5g-scale-mqtt-payload-1024-clients-20-veh-05-1,ipi-session-1,multiclient-scalability-weak-signal-run-1,veh-05,1,20-clients,default,stationary,unsynced,true,true,clients,20,count,IPI-CooperativeService,1096,1783365182863827873,1783365036547902157,1783365036548027164,,,,,,"CooperativeService{guidedPlanning, status=request, vehicleId=0x7665682d3035, requestedHorizonMs=2500, confidence=100, planning.waypoints=1, offloadTaskId=probe-1, offloadPayload=1024 bytes}"
5g-receiver,1783365036808480259,edge4av-real-20260706-multiclient-scalability-weak-signal-run-1,p5g-scale-mqtt-payload-1024-clients-20,scale,guided-planning,mqtt,,veh-05,rsu-1,p5g-scale-mqtt-payload-1024-clients-20-veh-05-2,ipi-session-1,multiclient-scalability-weak-signal-run-1,veh-05,2,20-clients,default,stationary,unsynced,true,true,clients,20,count,IPI-CooperativeService,1096,1783365183206902774,1783365036808420364,1783365036808480259,,,,,,"CooperativeService{guidedPlanning, status=request, vehicleId=0x7665682d3035, requestedHorizonMs=2500, confidence=100, planning.waypoints=1, offloadTaskId=probe-2, offloadPayload=1024 bytes}"
5g-receiver,1783365037048720676,edge4av-real-20260706-multiclient-scalability-weak-signal-run-1,p5g-scale-mqtt-payload-1024-clients-20,scale,guided-planning,mqtt,,veh-05,rsu-1,p5g-scale-mqtt-payload-1024-clients-20-veh-05-3,ipi-session-1,multiclient-scalability-weak-signal-run-1,veh-05,3,20-clients,default,stationary,unsynced,true,true,clients,20,count,IPI-CooperativeService,1096,1783365183464899473,1783365037048641687,1783365037048720676,,,,,,"CooperativeService{guidedPlanning, status=request, vehicleId=0x7665682d3035, requestedHorizonMs=2500, confidence=100, planning.waypoints=1, offloadTaskId=probe-3, offloadPayload=1024 bytes}"
5g-receiver,1783365037288824021,edge4av-real-20260706-multiclient-scalability-weak-signal-run-1,p5g-scale-mqtt-payload-1024-clients-20,scale,guided-planning,mqtt,,veh-05,rsu-1,p5g-scale-mqtt-payload-1024-clients-20-veh-05-4,ipi-session-1,multiclient-scalability-weak-signal-run-1,veh-05,4,20-clients,default,stationary,unsynced,true,true,clients,20,count,IPI-CooperativeService,1096,1783365183706772969,1783365037288764892,1783365037288824021,,,,,,"CooperativeService{guidedPlanning, status=request, vehicleId=0x7665682d3035, requestedHorizonMs=2500, confidence=100, planning.waypoints=1, offloadTaskId=probe-4, offloadPayload=1024 bytes}"
5g-receiver,1783365037529156629,edge4av-real-20260706-multiclient-scalability-weak-signal-run-1,p5g-scale-mqtt-payload-1024-clients-20,scale,guided-planning,mqtt,,veh-05,rsu-1,p5g-scale-mqtt-payload-1024-clients-20-veh-05-5,ipi-session-1,multiclient-scalability-weak-signal-run-1,veh-05,5,20-clients,default,stationary,unsynced,true,true,clients,20,count,IPI-CooperativeService,1096,1783365183950730810,1783365037529102830,1783365037529156629,,,,,,"CooperativeService{guidedPlanning, status=request, vehicleId=0x7665682d3035, requestedHorizonMs=2500, confidence=100, planning.waypoints=1, offloadTaskId=probe-5, offloadPayload=1024 bytes}"
5g-receiver,1783365037759708639,edge4av-real-20260706-multiclient-scalability-weak-signal-run-1,p5g-scale-mqtt-payload-1024-clients-20,scale,guided-planning,mqtt,,veh-05,rsu-1,p5g-scale-mqtt-payload-1024-clients-20-veh-05-6,ipi-session-1,multiclient-scalability-weak-signal-run-1,veh-05,6,20-clients,default,stationary,unsynced,true,true,clients,20,count,IPI-CooperativeService,1096,1783365184186875901,1783365037759649527,1783365037759708639,,,,,,"CooperativeService{guidedPlanning, status=request, vehicleId=0x7665682d3035, requestedHorizonMs=2500, confidence=100, planning.waypoints=1, offloadTaskId=probe-6, offloadPayload=1024 bytes}"
5g-receiver,1783365038010355600,edge4av-real-20260706-multiclient-scalability-weak-signal-run-1,p5g-scale-mqtt-payload-1024-clients-20,scale,guided-planning,mqtt,,veh-05,rsu-1,p5g-scale-mqtt-payload-1024-clients-20-veh-05-7,ipi-session-1,multiclient-scalability-weak-signal-run-1,veh-05,7,20-clients,default,stationary,unsynced,true,true,clients,20,count,IPI-CooperativeService,1096,1783365184414843994,1783365038010297013,1783365038010355600,,,,,,"CooperativeService{guidedPlanning, status=request, vehicleId=0x7665682d3035, requestedHorizonMs=2500, confidence=100, planning.waypoints=1, offloadTaskId=probe-7, offloadPayload=1024 bytes}"
5g-receiver,1783365038250563637,edge4av-real-20260706-multiclient-scalability-weak-signal-run-1,p5g-scale-mqtt-payload-1024-clients-20,scale,guided-planning,mqtt,,veh-05,rsu-1,p5g-scale-mqtt-payload-1024-clients-20-veh-05-8,ipi-session-1,multiclient-scalability-weak-signal-run-1,veh-05,8,20-clients,default,stationary,unsynced,true,true,clients,20,count,IPI-CooperativeService,1096,1783365184666697359,1783365038250511853,1783365038250563637,,,,,,"CooperativeService{guidedPlanning, status=request, vehicleId=0x7665682d3035, requestedHorizonMs=2500, confidence=100, planning.waypoints=1, offloadTaskId=probe-8, offloadPayload=1024 bytes}"
5g-receiver,1783365038491435247,edge4av-real-20260706-multiclient-scalability-weak-signal-run-1,p5g-scale-mqtt-payload-1024-clients-20,scale,guided-planning,mqtt,,veh-05,rsu-1,p5g-scale-mqtt-payload-1024-clients-20-veh-05-9,ipi-session-1,multiclient-scalability-weak-signal-run-1,veh-05,9,20-clients,default,stationary,unsynced,true,true,clients,20,count,IPI-CooperativeService,1096,1783365184907540958,1783365038491375841,1783365038491435247,,,,,,"CooperativeService{guidedPlanning, status=request, vehicleId=0x7665682d3035, requestedHorizonMs=2500, confidence=100, planning.waypoints=1, offloadTaskId=probe-9, offloadPayload=1024 bytes}"
5g-receiver,1783365038731666499,edge4av-real-20260706-multiclient-scalability-weak-signal-run-1,p5g-scale-mqtt-payload-1024-clients-20,scale,guided-planning,mqtt,,veh-05,rsu-1,p5g-scale-mqtt-payload-1024-clients-20-veh-05-10,ipi-session-1,multiclient-scalability-weak-signal-run-1,veh-05,10,20-clients,default,stationary,unsynced,true,true,clients,20,count,IPI-CooperativeService,1097,1783365185148729494,1783365038731607978,1783365038731666499,,,,,,"CooperativeService{guidedPlanning, status=request, vehicleId=0x7665682d3035, requestedHorizonMs=2500, confidence=100, planning.waypoints=1, offloadTaskId=probe-10, offloadPayload=1024 bytes}"
5g-receiver,1783365038972471109,edge4av-real-20260706-multiclient-scalability-weak-signal-run-1,p5g-scale-mqtt-payload-1024-clients-20,scale,guided-planning,mqtt,,veh-05,rsu-1,p5g-scale-mqtt-payload-1024-clients-20-veh-05-11,ipi-session-1,multiclient-scalability-weak-signal-run-1,veh-05,11,20-clients,default,stationary,unsynced,true,true,clients,20,count,IPI-CooperativeService,1097,1783365185395489069,1783365038972412483,1783365038972471109,,,,,,"CooperativeService{guidedPlanning, status=request, vehicleId=0x7665682d3035, requestedHorizonMs=2500, confidence=100, planning.waypoints=1, offloadTaskId=probe-11, offloadPayload=1024 bytes}"
5g-receiver,1783365039202643621,edge4av-real-20260706-multiclient-scalability-weak-signal-run-1,p5g-scale-mqtt-payload-1024-clients-20,scale,guided-planning,mqtt,,veh-05,rsu-1,p5g-scale-mqtt-payload-1024-clients-20-veh-05-12,ipi-session-1,multiclient-scalability-weak-signal-run-1,veh-05,12,20-clients,default,stationary,unsynced,true,true,clients,20,count,IPI-CooperativeService,1097,1783365185628717223,1783365039202585447,1783365039202643621,,,,,,"CooperativeService{guidedPlanning, status=request, vehicleId=0x7665682d3035, requestedHorizonMs=2500, confidence=100, planning.waypoints=1, offloadTaskId=probe-12, offloadPayload=1024 bytes}"
5g-receiver,1783365039433127300,edge4av-real-20260706-multiclient-scalability-weak-signal-run-1,p5g-scale-mqtt-payload-1024-clients-20,scale,guided-planning,mqtt,,veh-05,rsu-1,p5g-scale-mqtt-payload-1024-clients-20-veh-05-13,ipi-session-1,multiclient-scalability-weak-signal-run-1,veh-05,13,20-clients,default,stationary,unsynced,true,true,clients,20,count,IPI-CooperativeService,1097,1783365185858767132,1783365039433068702,1783365039433127300,,,,,,"CooperativeService{guidedPlanning, status=request, vehicleId=0x7665682d3035, requestedHorizonMs=2500, confidence=100, planning.waypoints=1, offloadTaskId=probe-13, offloadPayload=1024 bytes}"
5g-receiver,1783365039663352775,edge4av-real-20260706-multiclient-scalability-weak-signal-run-1,p5g-scale-mqtt-payload-1024-clients-20,scale,guided-planning,mqtt,,veh-05,rsu-1,p5g-scale-mqtt-payload-1024-clients-20-veh-05-14,ipi-session-1,multiclient-scalability-weak-signal-run-1,veh-05,14,20-clients,default,stationary,unsynced,true,true,clients,20,count,IPI-CooperativeService,1097,1783365186090841693,1783365039663294158,1783365039663352775,,,,,,"CooperativeService{guidedPlanning, status=request, vehicleId=0x7665682d3035, requestedHorizonMs=2500, confidence=100, planning.waypoints=1, offloadTaskId=probe-14, offloadPayload=1024 bytes}"
5g-receiver,1783365039913762311,edge4av-real-20260706-multiclient-scalability-weak-signal-run-1,p5g-scale-mqtt-payload-1024-clients-20,scale,guided-planning,mqtt,,veh-05,rsu-1,p5g-scale-mqtt-payload-1024-clients-20-veh-05-15,ipi-session-1,multiclient-scalability-weak-signal-run-1,veh-05,15,20-clients,default,stationary,unsynced,true,true,clients,20,count,IPI-CooperativeService,1097,1783365186320828607,1783365039913723037,1783365039913762311,,,,,,"CooperativeService{guidedPlanning, status=request, vehicleId=0x7665682d3035, requestedHorizonMs=2500, confidence=100, planning.waypoints=1, offloadTaskId=probe-15, offloadPayload=1024 bytes}"
5g-receiver,1783365040154418591,edge4av-real-20260706-multiclient-scalability-weak-signal-run-1,p5g-scale-mqtt-payload-1024-clients-20,scale,guided-planning,mqtt,,veh-05,rsu-1,p5g-scale-mqtt-payload-1024-clients-20-veh-05-16,ipi-session-1,multiclient-scalability-weak-signal-run-1,veh-05,16,20-clients,default,stationary,unsynced,true,true,clients,20,count,IPI-CooperativeService,1097,1783365186572710882,1783365040154365813,1783365040154418591,,,,,,"CooperativeService{guidedPlanning, status=request, vehicleId=0x7665682d3035, requestedHorizonMs=2500, confidence=100, planning.waypoints=1, offloadTaskId=probe-16, offloadPayload=1024 bytes}"
5g-receiver,1783365040404711875,edge4av-real-20260706-multiclient-scalability-weak-signal-run-1,p5g-scale-mqtt-payload-1024-clients-20,scale,guided-planning,mqtt,,veh-05,rsu-1,p5g-scale-mqtt-payload-1024-clients-20-veh-05-17,ipi-session-1,multiclient-scalability-weak-signal-run-1,veh-05,17,20-clients,default,stationary,unsynced,true,true,clients,20,count,IPI-CooperativeService,1097,1783365186812873696,1783365040404659615,1783365040404711875,,,,,,"CooperativeService{guidedPlanning, status=request, vehicleId=0x7665682d3035, requestedHorizonMs=2500, confidence=100, planning.waypoints=1, offloadTaskId=probe-17, offloadPayload=1024 bytes}"
5g-receiver,1783365040655614695,edge4av-real-20260706-multiclient-scalability-weak-signal-run-1,p5g-scale-mqtt-payload-1024-clients-20,scale,guided-planning,mqtt,,veh-05,rsu-1,p5g-scale-mqtt-payload-1024-clients-20-veh-05-18,ipi-session-1,multiclient-scalability-weak-signal-run-1,veh-05,18,20-clients,default,stationary,unsynced,true,true,clients,20,count,IPI-CooperativeService,1097,1783365187058804773,1783365040655554339,1783365040655614695,,,,,,"CooperativeService{guidedPlanning, status=request, vehicleId=0x7665682d3035, requestedHorizonMs=2500, confidence=100, planning.waypoints=1, offloadTaskId=probe-18, offloadPayload=1024 bytes}"
5g-receiver,1783365040896300509,edge4av-real-20260706-multiclient-scalability-weak-signal-run-1,p5g-scale-mqtt-payload-1024-clients-20,scale,guided-planning,mqtt,,veh-05,rsu-1,p5g-scale-mqtt-payload-1024-clients-20-veh-05-19,ipi-session-1,multiclient-scalability-weak-signal-run-1,veh-05,19,20-clients,default,stationary,unsynced,true,true,clients,20,count,IPI-CooperativeService,1097,1783365187312862874,1783365040896250309,1783365040896300509,,,,,,"CooperativeService{guidedPlanning, status=request, vehicleId=0x7665682d3035, requestedHorizonMs=2500, confidence=100, planning.waypoints=1, offloadTaskId=probe-19, offloadPayload=1024 bytes}"
5g-receiver,1783365041147511200,edge4av-real-20260706-multiclient-scalability-weak-signal-run-1,p5g-scale-mqtt-payload-1024-clients-20,scale,guided-planning,mqtt,,veh-05,rsu-1,p5g-scale-mqtt-payload-1024-clients-20-veh-05-20,ipi-session-1,multiclient-scalability-weak-signal-run-1,veh-05,20,20-clients,default,stationary,unsynced,true,true,clients,20,count,IPI-CooperativeService,1097,1783365187558744686,1783365041147461009,1783365041147511200,,,,,,"CooperativeService{guidedPlanning, status=request, vehicleId=0x7665682d3035, requestedHorizonMs=2500, confidence=100, planning.waypoints=1, offloadTaskId=probe-20, offloadPayload=1024 bytes}"
5g-receiver,1783365041396623930,edge4av-real-20260706-multiclient-scalability-weak-signal-run-1,p5g-scale-mqtt-payload-1024-clients-20,scale,guided-planning,mqtt,,veh-05,rsu-1,p5g-scale-mqtt-payload-1024-clients-20-veh-05-21,ipi-session-1,multiclient-scalability-weak-signal-run-1,veh-05,21,20-clients,default,stationary,unsynced,true,true,clients,20,count,IPI-CooperativeService,1097,1783365187810836864,1783365041396565462,1783365041396623930,,,,,,"CooperativeService{guidedPlanning, status=request, vehicleId=0x7665682d3035, requestedHorizonMs=2500, confidence=100, planning.waypoints=1, offloadTaskId=probe-21, offloadPayload=1024 bytes}"
5g-receiver,1783365041637131152,edge4av-real-20260706-multiclient-scalability-weak-signal-run-1,p5g-scale-mqtt-payload-1024-clients-20,scale,guided-planning,mqtt,,veh-05,rsu-1,p5g-scale-mqtt-payload-1024-clients-20-veh-05-22,ipi-session-1,multiclient-scalability-weak-signal-run-1,veh-05,22,20-clients,default,stationary,unsynced,true,true,clients,20,count,IPI-CooperativeService,1097,1783365188060744122,1783365041637073200,1783365041637131152,,,,,,"CooperativeService{guidedPlanning, status=request, vehicleId=0x7665682d3035, requestedHorizonMs=2500, confidence=100, planning.waypoints=1, offloadTaskId=probe-22, offloadPayload=1024 bytes}"
5g-receiver,1783365041867733163,edge4av-real-20260706-multiclient-scalability-weak-signal-run-1,p5g-scale-mqtt-payload-1024-clients-20,scale,guided-planning,mqtt,,veh-05,rsu-1,p5g-scale-mqtt-payload-1024-clients-20-veh-05-23,ipi-session-1,multiclient-scalability-weak-signal-run-1,veh-05,23,20-clients,default,stationary,unsynced,true,true,clients,20,count,IPI-CooperativeService,1097,1783365188294778186,1783365041867680083,1783365041867733163,,,,,,"CooperativeService{guidedPlanning, status=request, vehicleId=0x7665682d3035, requestedHorizonMs=2500, confidence=100, planning.waypoints=1, offloadTaskId=probe-23, offloadPayload=1024 bytes}"
5g-receiver,1783365042108142257,edge4av-real-20260706-multiclient-scalability-weak-signal-run-1,p5g-scale-mqtt-payload-1024-clients-20,scale,guided-planning,mqtt,,veh-05,rsu-1,p5g-scale-mqtt-payload-1024-clients-20-veh-05-24,ipi-session-1,multiclient-scalability-weak-signal-run-1,veh-05,24,20-clients,default,stationary,unsynced,true,true,clients,20,count,IPI-CooperativeService,1097,1783365188524791210,1783365042108089755,1783365042108142257,,,,,,"CooperativeService{guidedPlanning, status=request, vehicleId=0x7665682d3035, requestedHorizonMs=2500, confidence=100, planning.waypoints=1, offloadTaskId=probe-24, offloadPayload=1024 bytes}"
5g-receiver,1783365042348635059,edge4av-real-20260706-multiclient-scalability-weak-signal-run-1,p5g-scale-mqtt-payload-1024-clients-20,scale,guided-planning,mqtt,,veh-05,rsu-1,p5g-scale-mqtt-payload-1024-clients-20-veh-05-25,ipi-session-1,multiclient-scalability-weak-signal-run-1,veh-05,25,20-clients,default,stationary,unsynced,true,true,clients,20,count,IPI-CooperativeService,1097,1783365188768856127,1783365042348582479,1783365042348635059,,,,,,"CooperativeService{guidedPlanning, status=request, vehicleId=0x7665682d3035, requestedHorizonMs=2500, confidence=100, planning.waypoints=1, offloadTaskId=probe-25, offloadPayload=1024 bytes}"
5g-receiver,1783365042579132614,edge4av-real-20260706-multiclient-scalability-weak-signal-run-1,p5g-scale-mqtt-payload-1024-clients-20,scale,guided-planning,mqtt,,veh-05,rsu-1,p5g-scale-mqtt-payload-1024-clients-20-veh-05-26,ipi-session-1,multiclient-scalability-weak-signal-run-1,veh-05,26,20-clients,default,stationary,unsynced,true,true,clients,20,count,IPI-CooperativeService,1097,1783365189004790316,1783365042579074448,1783365042579132614,,,,,,"CooperativeService{guidedPlanning, status=request, vehicleId=0x7665682d3035, requestedHorizonMs=2500, confidence=100, planning.waypoints=1, offloadTaskId=probe-26, offloadPayload=1024 bytes}"
5g-receiver,1783365042819168606,edge4av-real-20260706-multiclient-scalability-weak-signal-run-1,p5g-scale-mqtt-payload-1024-clients-20,scale,guided-planning,mqtt,,veh-05,rsu-1,p5g-scale-mqtt-payload-1024-clients-20-veh-05-27,ipi-session-1,multiclient-scalability-weak-signal-run-1,veh-05,27,20-clients,default,stationary,unsynced,true,true,clients,20,count,IPI-CooperativeService,1097,1783365189234776529,1783365042819101511,1783365042819168606,,,,,,"CooperativeService{guidedPlanning, status=request, vehicleId=0x7665682d3035, requestedHorizonMs=2500, confidence=100, planning.waypoints=1, offloadTaskId=probe-27, offloadPayload=1024 bytes}"
5g-receiver,1783365043089743879,edge4av-real-20260706-multiclient-scalability-weak-signal-run-1,p5g-scale-mqtt-payload-1024-clients-20,scale,guided-planning,mqtt,,veh-05,rsu-1,p5g-scale-mqtt-payload-1024-clients-20-veh-05-28,ipi-session-1,multiclient-scalability-weak-signal-run-1,veh-05,28,20-clients,default,stationary,unsynced,true,true,clients,20,count,IPI-CooperativeService,1097,1783365189478771423,1783365043089666610,1783365043089743879,,,,,,"CooperativeService{guidedPlanning, status=request, vehicleId=0x7665682d3035, requestedHorizonMs=2500, confidence=100, planning.waypoints=1, offloadTaskId=probe-28, offloadPayload=1024 bytes}"
5g-receiver,1783365043330440723,edge4av-real-20260706-multiclient-scalability-weak-signal-run-1,p5g-scale-mqtt-payload-1024-clients-20,scale,guided-planning,mqtt,,veh-05,rsu-1,p5g-scale-mqtt-payload-1024-clients-20-veh-05-29,ipi-session-1,multiclient-scalability-weak-signal-run-1,veh-05,29,20-clients,default,stationary,unsynced,true,true,clients,20,count,IPI-CooperativeService,1097,1783365189748705765,1783365043330382141,1783365043330440723,,,,,,"CooperativeService{guidedPlanning, status=request, vehicleId=0x7665682d3035, requestedHorizonMs=2500, confidence=100, planning.waypoints=1, offloadTaskId=probe-29, offloadPayload=1024 bytes}"
5g-receiver,1783365043611147357,edge4av-real-20260706-multiclient-scalability-weak-signal-run-1,p5g-scale-mqtt-payload-1024-clients-20,scale,guided-planning,mqtt,,veh-05,rsu-1,p5g-scale-mqtt-payload-1024-clients-20-veh-05-30,ipi-session-1,multiclient-scalability-weak-signal-run-1,veh-05,30,20-clients,default,stationary,unsynced,true,true,clients,20,count,IPI-CooperativeService,1097,1783365189988866661,1783365043611087845,1783365043611147357,,,,,,"CooperativeService{guidedPlanning, status=request, vehicleId=0x7665682d3035, requestedHorizonMs=2500, confidence=100, planning.waypoints=1, offloadTaskId=probe-30, offloadPayload=1024 bytes}"
5g-receiver,1783365044272426426,edge4av-real-20260706-multiclient-scalability-weak-signal-run-1,p5g-scale-mqtt-payload-1024-clients-20,scale,guided-planning,mqtt,,veh-05,rsu-1,p5g-scale-mqtt-payload-1024-clients-20-veh-05-31,ipi-session-1,multiclient-scalability-weak-signal-run-1,veh-05,31,20-clients,default,stationary,unsynced,true,true,clients,20,count,IPI-CooperativeService,1097,1783365190266795617,1783365044272368069,1783365044272426426,,,,,,"CooperativeService{guidedPlanning, status=request, vehicleId=0x7665682d3035, requestedHorizonMs=2500, confidence=100, planning.waypoints=1, offloadTaskId=probe-31, offloadPayload=1024 bytes}"
5g-receiver,1783365044622979198,edge4av-real-20260706-multiclient-scalability-weak-signal-run-1,p5g-scale-mqtt-payload-1024-clients-20,scale,guided-planning,mqtt,,veh-05,rsu-1,p5g-scale-mqtt-payload-1024-clients-20-veh-05-32,ipi-session-1,multiclient-scalability-weak-signal-run-1,veh-05,32,20-clients,default,stationary,unsynced,true,true,clients,20,count,IPI-CooperativeService,1097,1783365190928714998,1783365044622920769,1783365044622979198,,,,,,"CooperativeService{guidedPlanning, status=request, vehicleId=0x7665682d3035, requestedHorizonMs=2500, confidence=100, planning.waypoints=1, offloadTaskId=probe-32, offloadPayload=1024 bytes}"
5g-receiver,1783365044973320444,edge4av-real-20260706-multiclient-scalability-weak-signal-run-1,p5g-scale-mqtt-payload-1024-clients-20,scale,guided-planning,mqtt,,veh-05,rsu-1,p5g-scale-mqtt-payload-1024-clients-20-veh-05-33,ipi-session-1,multiclient-scalability-weak-signal-run-1,veh-05,33,20-clients,default,stationary,unsynced,true,true,clients,20,count,IPI-CooperativeService,1097,1783365191278776558,1783365044973267682,1783365044973320444,,,,,,"CooperativeService{guidedPlanning, status=request, vehicleId=0x7665682d3035, requestedHorizonMs=2500, confidence=100, planning.waypoints=1, offloadTaskId=probe-33, offloadPayload=1024 bytes}"
5g-receiver,1783365045294326291,edge4av-real-20260706-multiclient-scalability-weak-signal-run-1,p5g-scale-mqtt-payload-1024-clients-20,scale,guided-planning,mqtt,,veh-05,rsu-1,p5g-scale-mqtt-payload-1024-clients-20-veh-05-34,ipi-session-1,multiclient-scalability-weak-signal-run-1,veh-05,34,20-clients,default,stationary,unsynced,true,true,clients,20,count,IPI-CooperativeService,1097,1783365191630791243,1783365045294268577,1783365045294326291,,,,,,"CooperativeService{guidedPlanning, status=request, vehicleId=0x7665682d3035, requestedHorizonMs=2500, confidence=100, planning.waypoints=1, offloadTaskId=probe-34, offloadPayload=1024 bytes}"
5g-receiver,1783365045604681415,edge4av-real-20260706-multiclient-scalability-weak-signal-run-1,p5g-scale-mqtt-payload-1024-clients-20,scale,guided-planning,mqtt,,veh-05,rsu-1,p5g-scale-mqtt-payload-1024-clients-20-veh-05-35,ipi-session-1,multiclient-scalability-weak-signal-run-1,veh-05,35,20-clients,default,stationary,unsynced,true,true,clients,20,count,IPI-CooperativeService,1097,1783365191948861762,1783365045604622495,1783365045604681415,,,,,,"CooperativeService{guidedPlanning, status=request, vehicleId=0x7665682d3035, requestedHorizonMs=2500, confidence=100, planning.waypoints=1, offloadTaskId=probe-35, offloadPayload=1024 bytes}"
5g-receiver,1783365045915426908,edge4av-real-20260706-multiclient-scalability-weak-signal-run-1,p5g-scale-mqtt-payload-1024-clients-20,scale,guided-planning,mqtt,,veh-05,rsu-1,p5g-scale-mqtt-payload-1024-clients-20-veh-05-36,ipi-session-1,multiclient-scalability-weak-signal-run-1,veh-05,36,20-clients,default,stationary,unsynced,true,true,clients,20,count,IPI-CooperativeService,1097,1783365192264769697,1783365045915368063,1783365045915426908,,,,,,"CooperativeService{guidedPlanning, status=request, vehicleId=0x7665682d3035, requestedHorizonMs=2500, confidence=100, planning.waypoints=1, offloadTaskId=probe-36, offloadPayload=1024 bytes}"
5g-receiver,1783365046185907476,edge4av-real-20260706-multiclient-scalability-weak-signal-run-1,p5g-scale-mqtt-payload-1024-clients-20,scale,guided-planning,mqtt,,veh-05,rsu-1,p5g-scale-mqtt-payload-1024-clients-20-veh-05-37,ipi-session-1,multiclient-scalability-weak-signal-run-1,veh-05,37,20-clients,default,stationary,unsynced,true,true,clients,20,count,IPI-CooperativeService,1097,1783365192569772836,1783365046185849040,1783365046185907476,,,,,,"CooperativeService{guidedPlanning, status=request, vehicleId=0x7665682d3035, requestedHorizonMs=2500, confidence=100, planning.waypoints=1, offloadTaskId=probe-37, offloadPayload=1024 bytes}"
5g-receiver,1783365046516352141,edge4av-real-20260706-multiclient-scalability-weak-signal-run-1,p5g-scale-mqtt-payload-1024-clients-20,scale,guided-planning,mqtt,,veh-05,rsu-1,p5g-scale-mqtt-payload-1024-clients-20-veh-05-38,ipi-session-1,multiclient-scalability-weak-signal-run-1,veh-05,38,20-clients,default,stationary,unsynced,true,true,clients,20,count,IPI-CooperativeService,1097,1783365192844714480,1783365046516293747,1783365046516352141,,,,,,"CooperativeService{guidedPlanning, status=request, vehicleId=0x7665682d3035, requestedHorizonMs=2500, confidence=100, planning.waypoints=1, offloadTaskId=probe-38, offloadPayload=1024 bytes}"
5g-receiver,1783365046897063659,edge4av-real-20260706-multiclient-scalability-weak-signal-run-1,p5g-scale-mqtt-payload-1024-clients-20,scale,guided-planning,mqtt,,veh-05,rsu-1,p5g-scale-mqtt-payload-1024-clients-20-veh-05-39,ipi-session-1,multiclient-scalability-weak-signal-run-1,veh-05,39,20-clients,default,stationary,unsynced,true,true,clients,20,count,IPI-CooperativeService,1097,1783365193168535966,1783365046897005099,1783365046897063659,,,,,,"CooperativeService{guidedPlanning, status=request, vehicleId=0x7665682d3035, requestedHorizonMs=2500, confidence=100, planning.waypoints=1, offloadTaskId=probe-39, offloadPayload=1024 bytes}"
5g-receiver,1783365047517913383,edge4av-real-20260706-multiclient-scalability-weak-signal-run-1,p5g-scale-mqtt-payload-1024-clients-20,scale,guided-planning,mqtt,,veh-05,rsu-1,p5g-scale-mqtt-payload-1024-clients-20-veh-05-40,ipi-session-1,multiclient-scalability-weak-signal-run-1,veh-05,40,20-clients,default,stationary,unsynced,true,true,clients,20,count,IPI-CooperativeService,1097,1783365193550847162,1783365047517852448,1783365047517913383,,,,,,"CooperativeService{guidedPlanning, status=request, vehicleId=0x7665682d3035, requestedHorizonMs=2500, confidence=100, planning.waypoints=1, offloadTaskId=probe-40, offloadPayload=1024 bytes}"
5g-receiver,1783365047878589383,edge4av-real-20260706-multiclient-scalability-weak-signal-run-1,p5g-scale-mqtt-payload-1024-clients-20,scale,guided-planning,mqtt,,veh-05,rsu-1,p5g-scale-mqtt-payload-1024-clients-20-veh-05-41,ipi-session-1,multiclient-scalability-weak-signal-run-1,veh-05,41,20-clients,default,stationary,unsynced,true,true,clients,20,count,IPI-CooperativeService,1097,1783365194174855210,1783365047878529114,1783365047878589383,,,,,,"CooperativeService{guidedPlanning, status=request, vehicleId=0x7665682d3035, requestedHorizonMs=2500, confidence=100, planning.waypoints=1, offloadTaskId=probe-41, offloadPayload=1024 bytes}"
5g-receiver,1783365048209116700,edge4av-real-20260706-multiclient-scalability-weak-signal-run-1,p5g-scale-mqtt-payload-1024-clients-20,scale,guided-planning,mqtt,,veh-05,rsu-1,p5g-scale-mqtt-payload-1024-clients-20-veh-05-42,ipi-session-1,multiclient-scalability-weak-signal-run-1,veh-05,42,20-clients,default,stationary,unsynced,true,true,clients,20,count,IPI-CooperativeService,1097,1783365194536653506,1783365048209064320,1783365048209116700,,,,,,"CooperativeService{guidedPlanning, status=request, vehicleId=0x7665682d3035, requestedHorizonMs=2500, confidence=100, planning.waypoints=1, offloadTaskId=probe-42, offloadPayload=1024 bytes}"
5g-receiver,1783365048569823207,edge4av-real-20260706-multiclient-scalability-weak-signal-run-1,p5g-scale-mqtt-payload-1024-clients-20,scale,guided-planning,mqtt,,veh-05,rsu-1,p5g-scale-mqtt-payload-1024-clients-20-veh-05-43,ipi-session-1,multiclient-scalability-weak-signal-run-1,veh-05,43,20-clients,default,stationary,unsynced,true,true,clients,20,count,IPI-CooperativeService,1097,1783365194870890979,1783365048569765499,1783365048569823207,,,,,,"CooperativeService{guidedPlanning, status=request, vehicleId=0x7665682d3035, requestedHorizonMs=2500, confidence=100, planning.waypoints=1, offloadTaskId=probe-43, offloadPayload=1024 bytes}"
5g-receiver,1783365048910553686,edge4av-real-20260706-multiclient-scalability-weak-signal-run-1,p5g-scale-mqtt-payload-1024-clients-20,scale,guided-planning,mqtt,,veh-05,rsu-1,p5g-scale-mqtt-payload-1024-clients-20-veh-05-44,ipi-session-1,multiclient-scalability-weak-signal-run-1,veh-05,44,20-clients,default,stationary,unsynced,true,true,clients,20,count,IPI-CooperativeService,1097,1783365195230714579,1783365048910500136,1783365048910553686,,,,,,"CooperativeService{guidedPlanning, status=request, vehicleId=0x7665682d3035, requestedHorizonMs=2500, confidence=100, planning.waypoints=1, offloadTaskId=probe-44, offloadPayload=1024 bytes}"
5g-receiver,1783365049240729686,edge4av-real-20260706-multiclient-scalability-weak-signal-run-1,p5g-scale-mqtt-payload-1024-clients-20,scale,guided-planning,mqtt,,veh-05,rsu-1,p5g-scale-mqtt-payload-1024-clients-20-veh-05-45,ipi-session-1,multiclient-scalability-weak-signal-run-1,veh-05,45,20-clients,default,stationary,unsynced,true,true,clients,20,count,IPI-CooperativeService,1097,1783365195568734281,1783365049240676509,1783365049240729686,,,,,,"CooperativeService{guidedPlanning, status=request, vehicleId=0x7665682d3035, requestedHorizonMs=2500, confidence=100, planning.waypoints=1, offloadTaskId=probe-45, offloadPayload=1024 bytes}"
5g-receiver,1783365049491335888,edge4av-real-20260706-multiclient-scalability-weak-signal-run-1,p5g-scale-mqtt-payload-1024-clients-20,scale,guided-planning,mqtt,,veh-05,rsu-1,p5g-scale-mqtt-payload-1024-clients-20-veh-05-46,ipi-session-1,multiclient-scalability-weak-signal-run-1,veh-05,46,20-clients,default,stationary,unsynced,true,true,clients,20,count,IPI-CooperativeService,1097,1783365195896765155,1783365049491282811,1783365049491335888,,,,,,"CooperativeService{guidedPlanning, status=request, vehicleId=0x7665682d3035, requestedHorizonMs=2500, confidence=100, planning.waypoints=1, offloadTaskId=probe-46, offloadPayload=1024 bytes}"
5g-receiver,1783365049791906309,edge4av-real-20260706-multiclient-scalability-weak-signal-run-1,p5g-scale-mqtt-payload-1024-clients-20,scale,guided-planning,mqtt,,veh-05,rsu-1,p5g-scale-mqtt-payload-1024-clients-20-veh-05-47,ipi-session-1,multiclient-scalability-weak-signal-run-1,veh-05,47,20-clients,default,stationary,unsynced,true,true,clients,20,count,IPI-CooperativeService,1097,1783365196150737740,1783365049791847776,1783365049791906309,,,,,,"CooperativeService{guidedPlanning, status=request, vehicleId=0x7665682d3035, requestedHorizonMs=2500, confidence=100, planning.waypoints=1, offloadTaskId=probe-47, offloadPayload=1024 bytes}"
5g-receiver,1783365050062430885,edge4av-real-20260706-multiclient-scalability-weak-signal-run-1,p5g-scale-mqtt-payload-1024-clients-20,scale,guided-planning,mqtt,,veh-05,rsu-1,p5g-scale-mqtt-payload-1024-clients-20-veh-05-48,ipi-session-1,multiclient-scalability-weak-signal-run-1,veh-05,48,20-clients,default,stationary,unsynced,true,true,clients,20,count,IPI-CooperativeService,1097,1783365196448681780,1783365050062372553,1783365050062430885,,,,,,"CooperativeService{guidedPlanning, status=request, vehicleId=0x7665682d3035, requestedHorizonMs=2500, confidence=100, planning.waypoints=1, offloadTaskId=probe-48, offloadPayload=1024 bytes}"
5g-receiver,1783365050442933697,edge4av-real-20260706-multiclient-scalability-weak-signal-run-1,p5g-scale-mqtt-payload-1024-clients-20,scale,guided-planning,mqtt,,veh-05,rsu-1,p5g-scale-mqtt-payload-1024-clients-20-veh-05-49,ipi-session-1,multiclient-scalability-weak-signal-run-1,veh-05,49,20-clients,default,stationary,unsynced,true,true,clients,20,count,IPI-CooperativeService,1097,1783365196720762662,1783365050442873958,1783365050442933697,,,,,,"CooperativeService{guidedPlanning, status=request, vehicleId=0x7665682d3035, requestedHorizonMs=2500, confidence=100, planning.waypoints=1, offloadTaskId=probe-49, offloadPayload=1024 bytes}"
5g-receiver,1783365050783543445,edge4av-real-20260706-multiclient-scalability-weak-signal-run-1,p5g-scale-mqtt-payload-1024-clients-20,scale,guided-planning,mqtt,,veh-05,rsu-1,p5g-scale-mqtt-payload-1024-clients-20-veh-05-50,ipi-session-1,multiclient-scalability-weak-signal-run-1,veh-05,50,20-clients,default,stationary,unsynced,true,true,clients,20,count,IPI-CooperativeService,1097,1783365197098786955,1783365050783479980,1783365050783543445,,,,,,"CooperativeService{guidedPlanning, status=request, vehicleId=0x7665682d3035, requestedHorizonMs=2500, confidence=100, planning.waypoints=1, offloadTaskId=probe-50, offloadPayload=1024 bytes}"
5g-receiver,1783365051144288881,edge4av-real-20260706-multiclient-scalability-weak-signal-run-1,p5g-scale-mqtt-payload-1024-clients-20,scale,guided-planning,mqtt,,veh-05,rsu-1,p5g-scale-mqtt-payload-1024-clients-20-veh-05-51,ipi-session-1,multiclient-scalability-weak-signal-run-1,veh-05,51,20-clients,default,stationary,unsynced,true,true,clients,20,count,IPI-CooperativeService,1097,1783365197438745023,1783365051144231270,1783365051144288881,,,,,,"CooperativeService{guidedPlanning, status=request, vehicleId=0x7665682d3035, requestedHorizonMs=2500, confidence=100, planning.waypoints=1, offloadTaskId=probe-51, offloadPayload=1024 bytes}"
5g-receiver,1783365051965728434,edge4av-real-20260706-multiclient-scalability-weak-signal-run-1,p5g-scale-mqtt-payload-1024-clients-20,scale,guided-planning,mqtt,,veh-05,rsu-1,p5g-scale-mqtt-payload-1024-clients-20-veh-05-52,ipi-session-1,multiclient-scalability-weak-signal-run-1,veh-05,52,20-clients,default,stationary,unsynced,true,true,clients,20,count,IPI-CooperativeService,1097,1783365197802774891,1783365051965669975,1783365051965728434,,,,,,"CooperativeService{guidedPlanning, status=request, vehicleId=0x7665682d3035, requestedHorizonMs=2500, confidence=100, planning.waypoints=1, offloadTaskId=probe-52, offloadPayload=1024 bytes}"
5g-receiver,1783365052276199289,edge4av-real-20260706-multiclient-scalability-weak-signal-run-1,p5g-scale-mqtt-payload-1024-clients-20,scale,guided-planning,mqtt,,veh-05,rsu-1,p5g-scale-mqtt-payload-1024-clients-20-veh-05-53,ipi-session-1,multiclient-scalability-weak-signal-run-1,veh-05,53,20-clients,default,stationary,unsynced,true,true,clients,20,count,IPI-CooperativeService,1097,1783365198620757847,1783365052276140829,1783365052276199289,,,,,,"CooperativeService{guidedPlanning, status=request, vehicleId=0x7665682d3035, requestedHorizonMs=2500, confidence=100, planning.waypoints=1, offloadTaskId=probe-53, offloadPayload=1024 bytes}"
5g-receiver,1783365052586772988,edge4av-real-20260706-multiclient-scalability-weak-signal-run-1,p5g-scale-mqtt-payload-1024-clients-20,scale,guided-planning,mqtt,,veh-05,rsu-1,p5g-scale-mqtt-payload-1024-clients-20-veh-05-54,ipi-session-1,multiclient-scalability-weak-signal-run-1,veh-05,54,20-clients,default,stationary,unsynced,true,true,clients,20,count,IPI-CooperativeService,1097,1783365198934778502,1783365052586713609,1783365052586772988,,,,,,"CooperativeService{guidedPlanning, status=request, vehicleId=0x7665682d3035, requestedHorizonMs=2500, confidence=100, planning.waypoints=1, offloadTaskId=probe-54, offloadPayload=1024 bytes}"
5g-receiver,1783365052957568539,edge4av-real-20260706-multiclient-scalability-weak-signal-run-1,p5g-scale-mqtt-payload-1024-clients-20,scale,guided-planning,mqtt,,veh-05,rsu-1,p5g-scale-mqtt-payload-1024-clients-20-veh-05-55,ipi-session-1,multiclient-scalability-weak-signal-run-1,veh-05,55,20-clients,default,stationary,unsynced,true,true,clients,20,count,IPI-CooperativeService,1097,1783365199246747710,1783365052957516446,1783365052957568539,,,,,,"CooperativeService{guidedPlanning, status=request, vehicleId=0x7665682d3035, requestedHorizonMs=2500, confidence=100, planning.waypoints=1, offloadTaskId=probe-55, offloadPayload=1024 bytes}"
5g-receiver,1783365053688471093,edge4av-real-20260706-multiclient-scalability-weak-signal-run-1,p5g-scale-mqtt-payload-1024-clients-20,scale,guided-planning,mqtt,,veh-05,rsu-1,p5g-scale-mqtt-payload-1024-clients-20-veh-05-56,ipi-session-1,multiclient-scalability-weak-signal-run-1,veh-05,56,20-clients,default,stationary,unsynced,true,true,clients,20,count,IPI-CooperativeService,1097,1783365199614819459,1783365053688412408,1783365053688471093,,,,,,"CooperativeService{guidedPlanning, status=request, vehicleId=0x7665682d3035, requestedHorizonMs=2500, confidence=100, planning.waypoints=1, offloadTaskId=probe-56, offloadPayload=1024 bytes}"
5g-receiver,1783365054019080084,edge4av-real-20260706-multiclient-scalability-weak-signal-run-1,p5g-scale-mqtt-payload-1024-clients-20,scale,guided-planning,mqtt,,veh-05,rsu-1,p5g-scale-mqtt-payload-1024-clients-20-veh-05-57,ipi-session-1,multiclient-scalability-weak-signal-run-1,veh-05,57,20-clients,default,stationary,unsynced,true,true,clients,20,count,IPI-CooperativeService,1097,1783365200344748300,1783365054019022660,1783365054019080084,,,,,,"CooperativeService{guidedPlanning, status=request, vehicleId=0x7665682d3035, requestedHorizonMs=2500, confidence=100, planning.waypoints=1, offloadTaskId=probe-57, offloadPayload=1024 bytes}"
5g-receiver,1783365054359648828,edge4av-real-20260706-multiclient-scalability-weak-signal-run-1,p5g-scale-mqtt-payload-1024-clients-20,scale,guided-planning,mqtt,,veh-05,rsu-1,p5g-scale-mqtt-payload-1024-clients-20-veh-05-58,ipi-session-1,multiclient-scalability-weak-signal-run-1,veh-05,58,20-clients,default,stationary,unsynced,true,true,clients,20,count,IPI-CooperativeService,1097,1783365200680830501,1783365054359590462,1783365054359648828,,,,,,"CooperativeService{guidedPlanning, status=request, vehicleId=0x7665682d3035, requestedHorizonMs=2500, confidence=100, planning.waypoints=1, offloadTaskId=probe-58, offloadPayload=1024 bytes}"
5g-receiver,1783365054670243327,edge4av-real-20260706-multiclient-scalability-weak-signal-run-1,p5g-scale-mqtt-payload-1024-clients-20,scale,guided-planning,mqtt,,veh-05,rsu-1,p5g-scale-mqtt-payload-1024-clients-20-veh-05-59,ipi-session-1,multiclient-scalability-weak-signal-run-1,veh-05,59,20-clients,default,stationary,unsynced,true,true,clients,20,count,IPI-CooperativeService,1097,1783365201014687359,1783365054670190472,1783365054670243327,,,,,,"CooperativeService{guidedPlanning, status=request, vehicleId=0x7665682d3035, requestedHorizonMs=2500, confidence=100, planning.waypoints=1, offloadTaskId=probe-59, offloadPayload=1024 bytes}"
5g-receiver,1783365054910969169,edge4av-real-20260706-multiclient-scalability-weak-signal-run-1,p5g-scale-mqtt-payload-1024-clients-20,scale,guided-planning,mqtt,,veh-05,rsu-1,p5g-scale-mqtt-payload-1024-clients-20-veh-05-60,ipi-session-1,multiclient-scalability-weak-signal-run-1,veh-05,60,20-clients,default,stationary,unsynced,true,true,clients,20,count,IPI-CooperativeService,1097,1783365201324729271,1783365054910913247,1783365054910969169,,,,,,"CooperativeService{guidedPlanning, status=request, vehicleId=0x7665682d3035, requestedHorizonMs=2500, confidence=100, planning.waypoints=1, offloadTaskId=probe-60, offloadPayload=1024 bytes}"
5g-receiver,1783365055151051722,edge4av-real-20260706-multiclient-scalability-weak-signal-run-1,p5g-scale-mqtt-payload-1024-clients-20,scale,guided-planning,mqtt,,veh-05,rsu-1,p5g-scale-mqtt-payload-1024-clients-20-veh-05-61,ipi-session-1,multiclient-scalability-weak-signal-run-1,veh-05,61,20-clients,default,stationary,unsynced,true,true,clients,20,count,IPI-CooperativeService,1097,1783365201564818397,1783365055150998459,1783365055151051722,,,,,,"CooperativeService{guidedPlanning, status=request, vehicleId=0x7665682d3035, requestedHorizonMs=2500, confidence=100, planning.waypoints=1, offloadTaskId=probe-61, offloadPayload=1024 bytes}"
5g-receiver,1783365055391418103,edge4av-real-20260706-multiclient-scalability-weak-signal-run-1,p5g-scale-mqtt-payload-1024-clients-20,scale,guided-planning,mqtt,,veh-05,rsu-1,p5g-scale-mqtt-payload-1024-clients-20-veh-05-62,ipi-session-1,multiclient-scalability-weak-signal-run-1,veh-05,62,20-clients,default,stationary,unsynced,true,true,clients,20,count,IPI-CooperativeService,1097,1783365201806719307,1783365055391365577,1783365055391418103,,,,,,"CooperativeService{guidedPlanning, status=request, vehicleId=0x7665682d3035, requestedHorizonMs=2500, confidence=100, planning.waypoints=1, offloadTaskId=probe-62, offloadPayload=1024 bytes}"
5g-receiver,1783365055631968831,edge4av-real-20260706-multiclient-scalability-weak-signal-run-1,p5g-scale-mqtt-payload-1024-clients-20,scale,guided-planning,mqtt,,veh-05,rsu-1,p5g-scale-mqtt-payload-1024-clients-20-veh-05-63,ipi-session-1,multiclient-scalability-weak-signal-run-1,veh-05,63,20-clients,default,stationary,unsynced,true,true,clients,20,count,IPI-CooperativeService,1097,1783365202054761357,1783365055631915168,1783365055631968831,,,,,,"CooperativeService{guidedPlanning, status=request, vehicleId=0x7665682d3035, requestedHorizonMs=2500, confidence=100, planning.waypoints=1, offloadTaskId=probe-63, offloadPayload=1024 bytes}"
5g-receiver,1783365055892478437,edge4av-real-20260706-multiclient-scalability-weak-signal-run-1,p5g-scale-mqtt-payload-1024-clients-20,scale,guided-planning,mqtt,,veh-05,rsu-1,p5g-scale-mqtt-payload-1024-clients-20-veh-05-64,ipi-session-1,multiclient-scalability-weak-signal-run-1,veh-05,64,20-clients,default,stationary,unsynced,true,true,clients,20,count,IPI-CooperativeService,1097,1783365202292646042,1783365055892423927,1783365055892478437,,,,,,"CooperativeService{guidedPlanning, status=request, vehicleId=0x7665682d3035, requestedHorizonMs=2500, confidence=100, planning.waypoints=1, offloadTaskId=probe-64, offloadPayload=1024 bytes}"
5g-receiver,1783365056142945378,edge4av-real-20260706-multiclient-scalability-weak-signal-run-1,p5g-scale-mqtt-payload-1024-clients-20,scale,guided-planning,mqtt,,veh-05,rsu-1,p5g-scale-mqtt-payload-1024-clients-20-veh-05-65,ipi-session-1,multiclient-scalability-weak-signal-run-1,veh-05,65,20-clients,default,stationary,unsynced,true,true,clients,20,count,IPI-CooperativeService,1097,1783365202548936337,1783365056142885621,1783365056142945378,,,,,,"CooperativeService{guidedPlanning, status=request, vehicleId=0x7665682d3035, requestedHorizonMs=2500, confidence=100, planning.waypoints=1, offloadTaskId=probe-65, offloadPayload=1024 bytes}"
5g-receiver,1783365056382680338,edge4av-real-20260706-multiclient-scalability-weak-signal-run-1,p5g-scale-mqtt-payload-1024-clients-20,scale,guided-planning,mqtt,,veh-05,rsu-1,p5g-scale-mqtt-payload-1024-clients-20-veh-05-66,ipi-session-1,multiclient-scalability-weak-signal-run-1,veh-05,66,20-clients,default,stationary,unsynced,true,true,clients,20,count,IPI-CooperativeService,1097,1783365202805563378,1783365056382635890,1783365056382680338,,,,,,"CooperativeService{guidedPlanning, status=request, vehicleId=0x7665682d3035, requestedHorizonMs=2500, confidence=100, planning.waypoints=1, offloadTaskId=probe-66, offloadPayload=1024 bytes}"
5g-receiver,1783365056623478297,edge4av-real-20260706-multiclient-scalability-weak-signal-run-1,p5g-scale-mqtt-payload-1024-clients-20,scale,guided-planning,mqtt,,veh-05,rsu-1,p5g-scale-mqtt-payload-1024-clients-20-veh-05-67,ipi-session-1,multiclient-scalability-weak-signal-run-1,veh-05,67,20-clients,default,stationary,unsynced,true,true,clients,20,count,IPI-CooperativeService,1097,1783365203036750947,1783365056623419296,1783365056623478297,,,,,,"CooperativeService{guidedPlanning, status=request, vehicleId=0x7665682d3035, requestedHorizonMs=2500, confidence=100, planning.waypoints=1, offloadTaskId=probe-67, offloadPayload=1024 bytes}"
5g-receiver,1783365056933741793,edge4av-real-20260706-multiclient-scalability-weak-signal-run-1,p5g-scale-mqtt-payload-1024-clients-20,scale,guided-planning,mqtt,,veh-05,rsu-1,p5g-scale-mqtt-payload-1024-clients-20-veh-05-68,ipi-session-1,multiclient-scalability-weak-signal-run-1,veh-05,68,20-clients,default,stationary,unsynced,true,true,clients,20,count,IPI-CooperativeService,1097,1783365203290938071,1783365056933688624,1783365056933741793,,,,,,"CooperativeService{guidedPlanning, status=request, vehicleId=0x7665682d3035, requestedHorizonMs=2500, confidence=100, planning.waypoints=1, offloadTaskId=probe-68, offloadPayload=1024 bytes}"
5g-receiver,1783365057164269213,edge4av-real-20260706-multiclient-scalability-weak-signal-run-1,p5g-scale-mqtt-payload-1024-clients-20,scale,guided-planning,mqtt,,veh-05,rsu-1,p5g-scale-mqtt-payload-1024-clients-20-veh-05-69,ipi-session-1,multiclient-scalability-weak-signal-run-1,veh-05,69,20-clients,default,stationary,unsynced,true,true,clients,20,count,IPI-CooperativeService,1097,1783365203590757782,1783365057164215637,1783365057164269213,,,,,,"CooperativeService{guidedPlanning, status=request, vehicleId=0x7665682d3035, requestedHorizonMs=2500, confidence=100, planning.waypoints=1, offloadTaskId=probe-69, offloadPayload=1024 bytes}"
5g-receiver,1783365057394622019,edge4av-real-20260706-multiclient-scalability-weak-signal-run-1,p5g-scale-mqtt-payload-1024-clients-20,scale,guided-planning,mqtt,,veh-05,rsu-1,p5g-scale-mqtt-payload-1024-clients-20-veh-05-70,ipi-session-1,multiclient-scalability-weak-signal-run-1,veh-05,70,20-clients,default,stationary,unsynced,true,true,clients,20,count,IPI-CooperativeService,1097,1783365203818710743,1783365057394569677,1783365057394622019,,,,,,"CooperativeService{guidedPlanning, status=request, vehicleId=0x7665682d3035, requestedHorizonMs=2500, confidence=100, planning.waypoints=1, offloadTaskId=probe-70, offloadPayload=1024 bytes}"
5g-receiver,1783365057635021481,edge4av-real-20260706-multiclient-scalability-weak-signal-run-1,p5g-scale-mqtt-payload-1024-clients-20,scale,guided-planning,mqtt,,veh-05,rsu-1,p5g-scale-mqtt-payload-1024-clients-20-veh-05-71,ipi-session-1,multiclient-scalability-weak-signal-run-1,veh-05,71,20-clients,default,stationary,unsynced,true,true,clients,20,count,IPI-CooperativeService,1097,1783365204052696199,1783365057634961957,1783365057635021481,,,,,,"CooperativeService{guidedPlanning, status=request, vehicleId=0x7665682d3035, requestedHorizonMs=2500, confidence=100, planning.waypoints=1, offloadTaskId=probe-71, offloadPayload=1024 bytes}"
5g-receiver,1783365057875281696,edge4av-real-20260706-multiclient-scalability-weak-signal-run-1,p5g-scale-mqtt-payload-1024-clients-20,scale,guided-planning,mqtt,,veh-05,rsu-1,p5g-scale-mqtt-payload-1024-clients-20-veh-05-72,ipi-session-1,multiclient-scalability-weak-signal-run-1,veh-05,72,20-clients,default,stationary,unsynced,true,true,clients,20,count,IPI-CooperativeService,1097,1783365204292769030,1783365057875228641,1783365057875281696,,,,,,"CooperativeService{guidedPlanning, status=request, vehicleId=0x7665682d3035, requestedHorizonMs=2500, confidence=100, planning.waypoints=1, offloadTaskId=probe-72, offloadPayload=1024 bytes}"
5g-receiver,1783365058116685360,edge4av-real-20260706-multiclient-scalability-weak-signal-run-1,p5g-scale-mqtt-payload-1024-clients-20,scale,guided-planning,mqtt,,veh-05,rsu-1,p5g-scale-mqtt-payload-1024-clients-20-veh-05-73,ipi-session-1,multiclient-scalability-weak-signal-run-1,veh-05,73,20-clients,default,stationary,unsynced,true,true,clients,20,count,IPI-CooperativeService,1097,1783365204532662574,1783365058116621763,1783365058116685360,,,,,,"CooperativeService{guidedPlanning, status=request, vehicleId=0x7665682d3035, requestedHorizonMs=2500, confidence=100, planning.waypoints=1, offloadTaskId=probe-73, offloadPayload=1024 bytes}"
5g-receiver,1783365058356159069,edge4av-real-20260706-multiclient-scalability-weak-signal-run-1,p5g-scale-mqtt-payload-1024-clients-20,scale,guided-planning,mqtt,,veh-05,rsu-1,p5g-scale-mqtt-payload-1024-clients-20-veh-05-74,ipi-session-1,multiclient-scalability-weak-signal-run-1,veh-05,74,20-clients,default,stationary,unsynced,true,true,clients,20,count,IPI-CooperativeService,1097,1783365204780747522,1783365058356082234,1783365058356159069,,,,,,"CooperativeService{guidedPlanning, status=request, vehicleId=0x7665682d3035, requestedHorizonMs=2500, confidence=100, planning.waypoints=1, offloadTaskId=probe-74, offloadPayload=1024 bytes}"
5g-receiver,1783365058596742953,edge4av-real-20260706-multiclient-scalability-weak-signal-run-1,p5g-scale-mqtt-payload-1024-clients-20,scale,guided-planning,mqtt,,veh-05,rsu-1,p5g-scale-mqtt-payload-1024-clients-20-veh-05-75,ipi-session-1,multiclient-scalability-weak-signal-run-1,veh-05,75,20-clients,default,stationary,unsynced,true,true,clients,20,count,IPI-CooperativeService,1097,1783365205014755469,1783365058596684003,1783365058596742953,,,,,,"CooperativeService{guidedPlanning, status=request, vehicleId=0x7665682d3035, requestedHorizonMs=2500, confidence=100, planning.waypoints=1, offloadTaskId=probe-75, offloadPayload=1024 bytes}"
5g-receiver,1783365058837546387,edge4av-real-20260706-multiclient-scalability-weak-signal-run-1,p5g-scale-mqtt-payload-1024-clients-20,scale,guided-planning,mqtt,,veh-05,rsu-1,p5g-scale-mqtt-payload-1024-clients-20-veh-05-76,ipi-session-1,multiclient-scalability-weak-signal-run-1,veh-05,76,20-clients,default,stationary,unsynced,true,true,clients,20,count,IPI-CooperativeService,1097,1783365205260304490,1783365058837498995,1783365058837546387,,,,,,"CooperativeService{guidedPlanning, status=request, vehicleId=0x7665682d3035, requestedHorizonMs=2500, confidence=100, planning.waypoints=1, offloadTaskId=probe-76, offloadPayload=1024 bytes}"
5g-receiver,1783365059077330220,edge4av-real-20260706-multiclient-scalability-weak-signal-run-1,p5g-scale-mqtt-payload-1024-clients-20,scale,guided-planning,mqtt,,veh-05,rsu-1,p5g-scale-mqtt-payload-1024-clients-20-veh-05-77,ipi-session-1,multiclient-scalability-weak-signal-run-1,veh-05,77,20-clients,default,stationary,unsynced,true,true,clients,20,count,IPI-CooperativeService,1097,1783365205494761201,1783365059077277546,1783365059077330220,,,,,,"CooperativeService{guidedPlanning, status=request, vehicleId=0x7665682d3035, requestedHorizonMs=2500, confidence=100, planning.waypoints=1, offloadTaskId=probe-77, offloadPayload=1024 bytes}"
5g-receiver,1783365059317840455,edge4av-real-20260706-multiclient-scalability-weak-signal-run-1,p5g-scale-mqtt-payload-1024-clients-20,scale,guided-planning,mqtt,,veh-05,rsu-1,p5g-scale-mqtt-payload-1024-clients-20-veh-05-78,ipi-session-1,multiclient-scalability-weak-signal-run-1,veh-05,78,20-clients,default,stationary,unsynced,true,true,clients,20,count,IPI-CooperativeService,1097,1783365205736820361,1783365059317787244,1783365059317840455,,,,,,"CooperativeService{guidedPlanning, status=request, vehicleId=0x7665682d3035, requestedHorizonMs=2500, confidence=100, planning.waypoints=1, offloadTaskId=probe-78, offloadPayload=1024 bytes}"
5g-receiver,1783365059578221218,edge4av-real-20260706-multiclient-scalability-weak-signal-run-1,p5g-scale-mqtt-payload-1024-clients-20,scale,guided-planning,mqtt,,veh-05,rsu-1,p5g-scale-mqtt-payload-1024-clients-20-veh-05-79,ipi-session-1,multiclient-scalability-weak-signal-run-1,veh-05,79,20-clients,default,stationary,unsynced,true,true,clients,20,count,IPI-CooperativeService,1097,1783365205974699009,1783365059578162184,1783365059578221218,,,,,,"CooperativeService{guidedPlanning, status=request, vehicleId=0x7665682d3035, requestedHorizonMs=2500, confidence=100, planning.waypoints=1, offloadTaskId=probe-79, offloadPayload=1024 bytes}"
5g-receiver,1783365059808329579,edge4av-real-20260706-multiclient-scalability-weak-signal-run-1,p5g-scale-mqtt-payload-1024-clients-20,scale,guided-planning,mqtt,,veh-05,rsu-1,p5g-scale-mqtt-payload-1024-clients-20-veh-05-80,ipi-session-1,multiclient-scalability-weak-signal-run-1,veh-05,80,20-clients,default,stationary,unsynced,true,true,clients,20,count,IPI-CooperativeService,1097,1783365206236699300,1783365059808279490,1783365059808329579,,,,,,"CooperativeService{guidedPlanning, status=request, vehicleId=0x7665682d3035, requestedHorizonMs=2500, confidence=100, planning.waypoints=1, offloadTaskId=probe-80, offloadPayload=1024 bytes}"
5g-receiver,1783365060098765544,edge4av-real-20260706-multiclient-scalability-weak-signal-run-1,p5g-scale-mqtt-payload-1024-clients-20,scale,guided-planning,mqtt,,veh-05,rsu-1,p5g-scale-mqtt-payload-1024-clients-20-veh-05-81,ipi-session-1,multiclient-scalability-weak-signal-run-1,veh-05,81,20-clients,default,stationary,unsynced,true,true,clients,20,count,IPI-CooperativeService,1097,1783365206464732398,1783365060098713695,1783365060098765544,,,,,,"CooperativeService{guidedPlanning, status=request, vehicleId=0x7665682d3035, requestedHorizonMs=2500, confidence=100, planning.waypoints=1, offloadTaskId=probe-81, offloadPayload=1024 bytes}"
5g-receiver,1783365060349584499,edge4av-real-20260706-multiclient-scalability-weak-signal-run-1,p5g-scale-mqtt-payload-1024-clients-20,scale,guided-planning,mqtt,,veh-05,rsu-1,p5g-scale-mqtt-payload-1024-clients-20-veh-05-82,ipi-session-1,multiclient-scalability-weak-signal-run-1,veh-05,82,20-clients,default,stationary,unsynced,true,true,clients,20,count,IPI-CooperativeService,1097,1783365206754815169,1783365060349524501,1783365060349584499,,,,,,"CooperativeService{guidedPlanning, status=request, vehicleId=0x7665682d3035, requestedHorizonMs=2500, confidence=100, planning.waypoints=1, offloadTaskId=probe-82, offloadPayload=1024 bytes}"
5g-receiver,1783365060579910059,edge4av-real-20260706-multiclient-scalability-weak-signal-run-1,p5g-scale-mqtt-payload-1024-clients-20,scale,guided-planning,mqtt,,veh-05,rsu-1,p5g-scale-mqtt-payload-1024-clients-20-veh-05-83,ipi-session-1,multiclient-scalability-weak-signal-run-1,veh-05,83,20-clients,default,stationary,unsynced,true,true,clients,20,count,IPI-CooperativeService,1097,1783365207006715883,1783365060579857360,1783365060579910059,,,,,,"CooperativeService{guidedPlanning, status=request, vehicleId=0x7665682d3035, requestedHorizonMs=2500, confidence=100, planning.waypoints=1, offloadTaskId=probe-83, offloadPayload=1024 bytes}"
5g-receiver,1783365060840750139,edge4av-real-20260706-multiclient-scalability-weak-signal-run-1,p5g-scale-mqtt-payload-1024-clients-20,scale,guided-planning,mqtt,,veh-05,rsu-1,p5g-scale-mqtt-payload-1024-clients-20-veh-05-84,ipi-session-1,multiclient-scalability-weak-signal-run-1,veh-05,84,20-clients,default,stationary,unsynced,true,true,clients,20,count,IPI-CooperativeService,1097,1783365207240783186,1783365060840702923,1783365060840750139,,,,,,"CooperativeService{guidedPlanning, status=request, vehicleId=0x7665682d3035, requestedHorizonMs=2500, confidence=100, planning.waypoints=1, offloadTaskId=probe-84, offloadPayload=1024 bytes}"
5g-receiver,1783365061090712705,edge4av-real-20260706-multiclient-scalability-weak-signal-run-1,p5g-scale-mqtt-payload-1024-clients-20,scale,guided-planning,mqtt,,veh-05,rsu-1,p5g-scale-mqtt-payload-1024-clients-20-veh-05-85,ipi-session-1,multiclient-scalability-weak-signal-run-1,veh-05,85,20-clients,default,stationary,unsynced,true,true,clients,20,count,IPI-CooperativeService,1097,1783365207498806448,1783365061090637386,1783365061090712705,,,,,,"CooperativeService{guidedPlanning, status=request, vehicleId=0x7665682d3035, requestedHorizonMs=2500, confidence=100, planning.waypoints=1, offloadTaskId=probe-85, offloadPayload=1024 bytes}"
5g-receiver,1783365061320989352,edge4av-real-20260706-multiclient-scalability-weak-signal-run-1,p5g-scale-mqtt-payload-1024-clients-20,scale,guided-planning,mqtt,,veh-05,rsu-1,p5g-scale-mqtt-payload-1024-clients-20-veh-05-86,ipi-session-1,multiclient-scalability-weak-signal-run-1,veh-05,86,20-clients,default,stationary,unsynced,true,true,clients,20,count,IPI-CooperativeService,1097,1783365207746827634,1783365061320935749,1783365061320989352,,,,,,"CooperativeService{guidedPlanning, status=request, vehicleId=0x7665682d3035, requestedHorizonMs=2500, confidence=100, planning.waypoints=1, offloadTaskId=probe-86, offloadPayload=1024 bytes}"
5g-receiver,1783365061561758251,edge4av-real-20260706-multiclient-scalability-weak-signal-run-1,p5g-scale-mqtt-payload-1024-clients-20,scale,guided-planning,mqtt,,veh-05,rsu-1,p5g-scale-mqtt-payload-1024-clients-20-veh-05-87,ipi-session-1,multiclient-scalability-weak-signal-run-1,veh-05,87,20-clients,default,stationary,unsynced,true,true,clients,20,count,IPI-CooperativeService,1097,1783365207974695939,1783365061561691113,1783365061561758251,,,,,,"CooperativeService{guidedPlanning, status=request, vehicleId=0x7665682d3035, requestedHorizonMs=2500, confidence=100, planning.waypoints=1, offloadTaskId=probe-87, offloadPayload=1024 bytes}"
5g-receiver,1783365061831783525,edge4av-real-20260706-multiclient-scalability-weak-signal-run-1,p5g-scale-mqtt-payload-1024-clients-20,scale,guided-planning,mqtt,,veh-05,rsu-1,p5g-scale-mqtt-payload-1024-clients-20-veh-05-88,ipi-session-1,multiclient-scalability-weak-signal-run-1,veh-05,88,20-clients,default,stationary,unsynced,true,true,clients,20,count,IPI-CooperativeService,1097,1783365208218706450,1783365061831731182,1783365061831783525,,,,,,"CooperativeService{guidedPlanning, status=request, vehicleId=0x7665682d3035, requestedHorizonMs=2500, confidence=100, planning.waypoints=1, offloadTaskId=probe-88, offloadPayload=1024 bytes}"
5g-receiver,1783365062202144945,edge4av-real-20260706-multiclient-scalability-weak-signal-run-1,p5g-scale-mqtt-payload-1024-clients-20,scale,guided-planning,mqtt,,veh-05,rsu-1,p5g-scale-mqtt-payload-1024-clients-20-veh-05-89,ipi-session-1,multiclient-scalability-weak-signal-run-1,veh-05,89,20-clients,default,stationary,unsynced,true,true,clients,20,count,IPI-CooperativeService,1097,1783365208487234921,1783365062202088928,1783365062202144945,,,,,,"CooperativeService{guidedPlanning, status=request, vehicleId=0x7665682d3035, requestedHorizonMs=2500, confidence=100, planning.waypoints=1, offloadTaskId=probe-89, offloadPayload=1024 bytes}"
5g-receiver,1783365062432787017,edge4av-real-20260706-multiclient-scalability-weak-signal-run-1,p5g-scale-mqtt-payload-1024-clients-20,scale,guided-planning,mqtt,,veh-05,rsu-1,p5g-scale-mqtt-payload-1024-clients-20-veh-05-90,ipi-session-1,multiclient-scalability-weak-signal-run-1,veh-05,90,20-clients,default,stationary,unsynced,true,true,clients,20,count,IPI-CooperativeService,1097,1783365208860499134,1783365062432734220,1783365062432787017,,,,,,"CooperativeService{guidedPlanning, status=request, vehicleId=0x7665682d3035, requestedHorizonMs=2500, confidence=100, planning.waypoints=1, offloadTaskId=probe-90, offloadPayload=1024 bytes}"
5g-receiver,1783365062652954144,edge4av-real-20260706-multiclient-scalability-weak-signal-run-1,p5g-scale-mqtt-payload-1024-clients-20,scale,guided-planning,mqtt,,veh-05,rsu-1,p5g-scale-mqtt-payload-1024-clients-20-veh-05-91,ipi-session-1,multiclient-scalability-weak-signal-run-1,veh-05,91,20-clients,default,stationary,unsynced,true,true,clients,20,count,IPI-CooperativeService,1097,1783365209087094298,1783365062652877243,1783365062652954144,,,,,,"CooperativeService{guidedPlanning, status=request, vehicleId=0x7665682d3035, requestedHorizonMs=2500, confidence=100, planning.waypoints=1, offloadTaskId=probe-91, offloadPayload=1024 bytes}"
5g-receiver,1783365062903382025,edge4av-real-20260706-multiclient-scalability-weak-signal-run-1,p5g-scale-mqtt-payload-1024-clients-20,scale,guided-planning,mqtt,,veh-05,rsu-1,p5g-scale-mqtt-payload-1024-clients-20-veh-05-92,ipi-session-1,multiclient-scalability-weak-signal-run-1,veh-05,92,20-clients,default,stationary,unsynced,true,true,clients,20,count,IPI-CooperativeService,1097,1783365209307315810,1783365062903329172,1783365062903382025,,,,,,"CooperativeService{guidedPlanning, status=request, vehicleId=0x7665682d3035, requestedHorizonMs=2500, confidence=100, planning.waypoints=1, offloadTaskId=probe-92, offloadPayload=1024 bytes}"
5g-receiver,1783365063133751662,edge4av-real-20260706-multiclient-scalability-weak-signal-run-1,p5g-scale-mqtt-payload-1024-clients-20,scale,guided-planning,mqtt,,veh-05,rsu-1,p5g-scale-mqtt-payload-1024-clients-20-veh-05-93,ipi-session-1,multiclient-scalability-weak-signal-run-1,veh-05,93,20-clients,default,stationary,unsynced,true,true,clients,20,count,IPI-CooperativeService,1097,1783365209558694015,1783365063133698601,1783365063133751662,,,,,,"CooperativeService{guidedPlanning, status=request, vehicleId=0x7665682d3035, requestedHorizonMs=2500, confidence=100, planning.waypoints=1, offloadTaskId=probe-93, offloadPayload=1024 bytes}"
5g-receiver,1783365063374477763,edge4av-real-20260706-multiclient-scalability-weak-signal-run-1,p5g-scale-mqtt-payload-1024-clients-20,scale,guided-planning,mqtt,,veh-05,rsu-1,p5g-scale-mqtt-payload-1024-clients-20-veh-05-94,ipi-session-1,multiclient-scalability-weak-signal-run-1,veh-05,94,20-clients,default,stationary,unsynced,true,true,clients,20,count,IPI-CooperativeService,1097,1783365209788757186,1783365063374402317,1783365063374477763,,,,,,"CooperativeService{guidedPlanning, status=request, vehicleId=0x7665682d3035, requestedHorizonMs=2500, confidence=100, planning.waypoints=1, offloadTaskId=probe-94, offloadPayload=1024 bytes}"
5g-receiver,1783365063604631793,edge4av-real-20260706-multiclient-scalability-weak-signal-run-1,p5g-scale-mqtt-payload-1024-clients-20,scale,guided-planning,mqtt,,veh-05,rsu-1,p5g-scale-mqtt-payload-1024-clients-20-veh-05-95,ipi-session-1,multiclient-scalability-weak-signal-run-1,veh-05,95,20-clients,default,stationary,unsynced,true,true,clients,20,count,IPI-CooperativeService,1097,1783365210030783829,1783365063604579020,1783365063604631793,,,,,,"CooperativeService{guidedPlanning, status=request, vehicleId=0x7665682d3035, requestedHorizonMs=2500, confidence=100, planning.waypoints=1, offloadTaskId=probe-95, offloadPayload=1024 bytes}"
5g-receiver,1783365063845224134,edge4av-real-20260706-multiclient-scalability-weak-signal-run-1,p5g-scale-mqtt-payload-1024-clients-20,scale,guided-planning,mqtt,,veh-05,rsu-1,p5g-scale-mqtt-payload-1024-clients-20-veh-05-96,ipi-session-1,multiclient-scalability-weak-signal-run-1,veh-05,96,20-clients,default,stationary,unsynced,true,true,clients,20,count,IPI-CooperativeService,1097,1783365210264700412,1783365063845170871,1783365063845224134,,,,,,"CooperativeService{guidedPlanning, status=request, vehicleId=0x7665682d3035, requestedHorizonMs=2500, confidence=100, planning.waypoints=1, offloadTaskId=probe-96, offloadPayload=1024 bytes}"
5g-receiver,1783365064086918231,edge4av-real-20260706-multiclient-scalability-weak-signal-run-1,p5g-scale-mqtt-payload-1024-clients-20,scale,guided-planning,mqtt,,veh-05,rsu-1,p5g-scale-mqtt-payload-1024-clients-20-veh-05-97,ipi-session-1,multiclient-scalability-weak-signal-run-1,veh-05,97,20-clients,default,stationary,unsynced,true,true,clients,20,count,IPI-CooperativeService,1097,1783365210510741976,1783365064086873188,1783365064086918231,,,,,,"CooperativeService{guidedPlanning, status=request, vehicleId=0x7665682d3035, requestedHorizonMs=2500, confidence=100, planning.waypoints=1, offloadTaskId=probe-97, offloadPayload=1024 bytes}"
5g-receiver,1783365064335911584,edge4av-real-20260706-multiclient-scalability-weak-signal-run-1,p5g-scale-mqtt-payload-1024-clients-20,scale,guided-planning,mqtt,,veh-05,rsu-1,p5g-scale-mqtt-payload-1024-clients-20-veh-05-98,ipi-session-1,multiclient-scalability-weak-signal-run-1,veh-05,98,20-clients,default,stationary,unsynced,true,true,clients,20,count,IPI-CooperativeService,1097,1783365210742731407,1783365064335853983,1783365064335911584,,,,,,"CooperativeService{guidedPlanning, status=request, vehicleId=0x7665682d3035, requestedHorizonMs=2500, confidence=100, planning.waypoints=1, offloadTaskId=probe-98, offloadPayload=1024 bytes}"
5g-receiver,1783365064577093936,edge4av-real-20260706-multiclient-scalability-weak-signal-run-1,p5g-scale-mqtt-payload-1024-clients-20,scale,guided-planning,mqtt,,veh-05,rsu-1,p5g-scale-mqtt-payload-1024-clients-20-veh-05-99,ipi-session-1,multiclient-scalability-weak-signal-run-1,veh-05,99,20-clients,default,stationary,unsynced,true,true,clients,20,count,IPI-CooperativeService,1097,1783365210992555566,1783365064577048102,1783365064577093936,,,,,,"CooperativeService{guidedPlanning, status=request, vehicleId=0x7665682d3035, requestedHorizonMs=2500, confidence=100, planning.waypoints=1, offloadTaskId=probe-99, offloadPayload=1024 bytes}"
5g-receiver,1783365064806816928,edge4av-real-20260706-multiclient-scalability-weak-signal-run-1,p5g-scale-mqtt-payload-1024-clients-20,scale,guided-planning,mqtt,,veh-05,rsu-1,p5g-scale-mqtt-payload-1024-clients-20-veh-05-100,ipi-session-1,multiclient-scalability-weak-signal-run-1,veh-05,100,20-clients,default,stationary,unsynced,true,true,clients,20,count,IPI-CooperativeService,1098,1783365211232787202,1783365064806763378,1783365064806816928,,,,,,"CooperativeService{guidedPlanning, status=request, vehicleId=0x7665682d3035, requestedHorizonMs=2500, confidence=100, planning.waypoints=1, offloadTaskId=probe-100, offloadPayload=1024 bytes}"
5g-receiver,1783365065036915175,edge4av-real-20260706-multiclient-scalability-weak-signal-run-1,p5g-scale-mqtt-payload-1024-clients-20,scale,guided-planning,mqtt,,veh-05,rsu-1,p5g-scale-mqtt-payload-1024-clients-20-veh-05-101,ipi-session-1,multiclient-scalability-weak-signal-run-1,veh-05,101,20-clients,default,stationary,unsynced,true,true,clients,20,count,IPI-CooperativeService,1098,1783365211464715516,1783365065036863411,1783365065036915175,,,,,,"CooperativeService{guidedPlanning, status=request, vehicleId=0x7665682d3035, requestedHorizonMs=2500, confidence=100, planning.waypoints=1, offloadTaskId=probe-101, offloadPayload=1024 bytes}"
5g-receiver,1783365065267361245,edge4av-real-20260706-multiclient-scalability-weak-signal-run-1,p5g-scale-mqtt-payload-1024-clients-20,scale,guided-planning,mqtt,,veh-05,rsu-1,p5g-scale-mqtt-payload-1024-clients-20-veh-05-102,ipi-session-1,multiclient-scalability-weak-signal-run-1,veh-05,102,20-clients,default,stationary,unsynced,true,true,clients,20,count,IPI-CooperativeService,1098,1783365211696696667,1783365065267307928,1783365065267361245,,,,,,"CooperativeService{guidedPlanning, status=request, vehicleId=0x7665682d3035, requestedHorizonMs=2500, confidence=100, planning.waypoints=1, offloadTaskId=probe-102, offloadPayload=1024 bytes}"
5g-receiver,1783365065557844072,edge4av-real-20260706-multiclient-scalability-weak-signal-run-1,p5g-scale-mqtt-payload-1024-clients-20,scale,guided-planning,mqtt,,veh-05,rsu-1,p5g-scale-mqtt-payload-1024-clients-20-veh-05-103,ipi-session-1,multiclient-scalability-weak-signal-run-1,veh-05,103,20-clients,default,stationary,unsynced,true,true,clients,20,count,IPI-CooperativeService,1098,1783365211926811010,1783365065557786545,1783365065557844072,,,,,,"CooperativeService{guidedPlanning, status=request, vehicleId=0x7665682d3035, requestedHorizonMs=2500, confidence=100, planning.waypoints=1, offloadTaskId=probe-103, offloadPayload=1024 bytes}"
5g-receiver,1783365065848552216,edge4av-real-20260706-multiclient-scalability-weak-signal-run-1,p5g-scale-mqtt-payload-1024-clients-20,scale,guided-planning,mqtt,,veh-05,rsu-1,p5g-scale-mqtt-payload-1024-clients-20-veh-05-104,ipi-session-1,multiclient-scalability-weak-signal-run-1,veh-05,104,20-clients,default,stationary,unsynced,true,true,clients,20,count,IPI-CooperativeService,1098,1783365212216703478,1783365065848478072,1783365065848552216,,,,,,"CooperativeService{guidedPlanning, status=request, vehicleId=0x7665682d3035, requestedHorizonMs=2500, confidence=100, planning.waypoints=1, offloadTaskId=probe-104, offloadPayload=1024 bytes}"
5g-receiver,1783365066168764091,edge4av-real-20260706-multiclient-scalability-weak-signal-run-1,p5g-scale-mqtt-payload-1024-clients-20,scale,guided-planning,mqtt,,veh-05,rsu-1,p5g-scale-mqtt-payload-1024-clients-20-veh-05-105,ipi-session-1,multiclient-scalability-weak-signal-run-1,veh-05,105,20-clients,default,stationary,unsynced,true,true,clients,20,count,IPI-CooperativeService,1098,1783365212510757457,1783365066168705708,1783365066168764091,,,,,,"CooperativeService{guidedPlanning, status=request, vehicleId=0x7665682d3035, requestedHorizonMs=2500, confidence=100, planning.waypoints=1, offloadTaskId=probe-105, offloadPayload=1024 bytes}"
5g-receiver,1783365066549520578,edge4av-real-20260706-multiclient-scalability-weak-signal-run-1,p5g-scale-mqtt-payload-1024-clients-20,scale,guided-planning,mqtt,,veh-05,rsu-1,p5g-scale-mqtt-payload-1024-clients-20-veh-05-106,ipi-session-1,multiclient-scalability-weak-signal-run-1,veh-05,106,20-clients,default,stationary,unsynced,true,true,clients,20,count,IPI-CooperativeService,1098,1783365212824675665,1783365066549461904,1783365066549520578,,,,,,"CooperativeService{guidedPlanning, status=request, vehicleId=0x7665682d3035, requestedHorizonMs=2500, confidence=100, planning.waypoints=1, offloadTaskId=probe-106, offloadPayload=1024 bytes}"
5g-receiver,1783365066950651102,edge4av-real-20260706-multiclient-scalability-weak-signal-run-1,p5g-scale-mqtt-payload-1024-clients-20,scale,guided-planning,mqtt,,veh-05,rsu-1,p5g-scale-mqtt-payload-1024-clients-20-veh-05-107,ipi-session-1,multiclient-scalability-weak-signal-run-1,veh-05,107,20-clients,default,stationary,unsynced,true,true,clients,20,count,IPI-CooperativeService,1098,1783365213224769970,1783365066950568920,1783365066950651102,,,,,,"CooperativeService{guidedPlanning, status=request, vehicleId=0x7665682d3035, requestedHorizonMs=2500, confidence=100, planning.waypoints=1, offloadTaskId=probe-107, offloadPayload=1024 bytes}"
5g-receiver,1783365067280531260,edge4av-real-20260706-multiclient-scalability-weak-signal-run-1,p5g-scale-mqtt-payload-1024-clients-20,scale,guided-planning,mqtt,,veh-05,rsu-1,p5g-scale-mqtt-payload-1024-clients-20-veh-05-108,ipi-session-1,multiclient-scalability-weak-signal-run-1,veh-05,108,20-clients,default,stationary,unsynced,true,true,clients,20,count,IPI-CooperativeService,1098,1783365213608706722,1783365067280473387,1783365067280531260,,,,,,"CooperativeService{guidedPlanning, status=request, vehicleId=0x7665682d3035, requestedHorizonMs=2500, confidence=100, planning.waypoints=1, offloadTaskId=probe-108, offloadPayload=1024 bytes}"
5g-receiver,1783365067641131808,edge4av-real-20260706-multiclient-scalability-weak-signal-run-1,p5g-scale-mqtt-payload-1024-clients-20,scale,guided-planning,mqtt,,veh-05,rsu-1,p5g-scale-mqtt-payload-1024-clients-20-veh-05-109,ipi-session-1,multiclient-scalability-weak-signal-run-1,veh-05,109,20-clients,default,stationary,unsynced,true,true,clients,20,count,IPI-CooperativeService,1098,1783365213934774943,1783365067641074505,1783365067641131808,,,,,,"CooperativeService{guidedPlanning, status=request, vehicleId=0x7665682d3035, requestedHorizonMs=2500, confidence=100, planning.waypoints=1, offloadTaskId=probe-109, offloadPayload=1024 bytes}"
5g-receiver,1783365067971647063,edge4av-real-20260706-multiclient-scalability-weak-signal-run-1,p5g-scale-mqtt-payload-1024-clients-20,scale,guided-planning,mqtt,,veh-05,rsu-1,p5g-scale-mqtt-payload-1024-clients-20-veh-05-110,ipi-session-1,multiclient-scalability-weak-signal-run-1,veh-05,110,20-clients,default,stationary,unsynced,true,true,clients,20,count,IPI-CooperativeService,1098,1783365214296761207,1783365067971575010,1783365067971647063,,,,,,"CooperativeService{guidedPlanning, status=request, vehicleId=0x7665682d3035, requestedHorizonMs=2500, confidence=100, planning.waypoints=1, offloadTaskId=probe-110, offloadPayload=1024 bytes}"
5g-receiver,1783365068292284086,edge4av-real-20260706-multiclient-scalability-weak-signal-run-1,p5g-scale-mqtt-payload-1024-clients-20,scale,guided-planning,mqtt,,veh-05,rsu-1,p5g-scale-mqtt-payload-1024-clients-20-veh-05-111,ipi-session-1,multiclient-scalability-weak-signal-run-1,veh-05,111,20-clients,default,stationary,unsynced,true,true,clients,20,count,IPI-CooperativeService,1098,1783365214628658606,1783365068292227055,1783365068292284086,,,,,,"CooperativeService{guidedPlanning, status=request, vehicleId=0x7665682d3035, requestedHorizonMs=2500, confidence=100, planning.waypoints=1, offloadTaskId=probe-111, offloadPayload=1024 bytes}"
5g-receiver,1783365068993535503,edge4av-real-20260706-multiclient-scalability-weak-signal-run-1,p5g-scale-mqtt-payload-1024-clients-20,scale,guided-planning,mqtt,,veh-05,rsu-1,p5g-scale-mqtt-payload-1024-clients-20-veh-05-112,ipi-session-1,multiclient-scalability-weak-signal-run-1,veh-05,112,20-clients,default,stationary,unsynced,true,true,clients,20,count,IPI-CooperativeService,1098,1783365214950725913,1783365068993482406,1783365068993535503,,,,,,"CooperativeService{guidedPlanning, status=request, vehicleId=0x7665682d3035, requestedHorizonMs=2500, confidence=100, planning.waypoints=1, offloadTaskId=probe-112, offloadPayload=1024 bytes}"
5g-receiver,1783365069374426682,edge4av-real-20260706-multiclient-scalability-weak-signal-run-1,p5g-scale-mqtt-payload-1024-clients-20,scale,guided-planning,mqtt,,veh-05,rsu-1,p5g-scale-mqtt-payload-1024-clients-20-veh-05-113,ipi-session-1,multiclient-scalability-weak-signal-run-1,veh-05,113,20-clients,default,stationary,unsynced,true,true,clients,20,count,IPI-CooperativeService,1098,1783365215650701592,1783365069374377017,1783365069374426682,,,,,,"CooperativeService{guidedPlanning, status=request, vehicleId=0x7665682d3035, requestedHorizonMs=2500, confidence=100, planning.waypoints=1, offloadTaskId=probe-113, offloadPayload=1024 bytes}"
5g-receiver,1783365070145338094,edge4av-real-20260706-multiclient-scalability-weak-signal-run-1,p5g-scale-mqtt-payload-1024-clients-20,scale,guided-planning,mqtt,,veh-05,rsu-1,p5g-scale-mqtt-payload-1024-clients-20-veh-05-114,ipi-session-1,multiclient-scalability-weak-signal-run-1,veh-05,114,20-clients,default,stationary,unsynced,true,true,clients,20,count,IPI-CooperativeService,1098,1783365216030782219,1783365070145279850,1783365070145338094,,,,,,"CooperativeService{guidedPlanning, status=request, vehicleId=0x7665682d3035, requestedHorizonMs=2500, confidence=100, planning.waypoints=1, offloadTaskId=probe-114, offloadPayload=1024 bytes}"
5g-receiver,1783365070475947033,edge4av-real-20260706-multiclient-scalability-weak-signal-run-1,p5g-scale-mqtt-payload-1024-clients-20,scale,guided-planning,mqtt,,veh-05,rsu-1,p5g-scale-mqtt-payload-1024-clients-20-veh-05-115,ipi-session-1,multiclient-scalability-weak-signal-run-1,veh-05,115,20-clients,default,stationary,unsynced,true,true,clients,20,count,IPI-CooperativeService,1098,1783365216800750210,1783365070475888920,1783365070475947033,,,,,,"CooperativeService{guidedPlanning, status=request, vehicleId=0x7665682d3035, requestedHorizonMs=2500, confidence=100, planning.waypoints=1, offloadTaskId=probe-115, offloadPayload=1024 bytes}"
5g-receiver,1783365070806652767,edge4av-real-20260706-multiclient-scalability-weak-signal-run-1,p5g-scale-mqtt-payload-1024-clients-20,scale,guided-planning,mqtt,,veh-05,rsu-1,p5g-scale-mqtt-payload-1024-clients-20-veh-05-116,ipi-session-1,multiclient-scalability-weak-signal-run-1,veh-05,116,20-clients,default,stationary,unsynced,true,true,clients,20,count,IPI-CooperativeService,1098,1783365217128794877,1783365070806594141,1783365070806652767,,,,,,"CooperativeService{guidedPlanning, status=request, vehicleId=0x7665682d3035, requestedHorizonMs=2500, confidence=100, planning.waypoints=1, offloadTaskId=probe-116, offloadPayload=1024 bytes}"
5g-receiver,1783365071107167284,edge4av-real-20260706-multiclient-scalability-weak-signal-run-1,p5g-scale-mqtt-payload-1024-clients-20,scale,guided-planning,mqtt,,veh-05,rsu-1,p5g-scale-mqtt-payload-1024-clients-20-veh-05-117,ipi-session-1,multiclient-scalability-weak-signal-run-1,veh-05,117,20-clients,default,stationary,unsynced,true,true,clients,20,count,IPI-CooperativeService,1098,1783365217462761101,1783365071107107085,1783365071107167284,,,,,,"CooperativeService{guidedPlanning, status=request, vehicleId=0x7665682d3035, requestedHorizonMs=2500, confidence=100, planning.waypoints=1, offloadTaskId=probe-117, offloadPayload=1024 bytes}"
5g-receiver,1783365071409114261,edge4av-real-20260706-multiclient-scalability-weak-signal-run-1,p5g-scale-mqtt-payload-1024-clients-20,scale,guided-planning,mqtt,,veh-05,rsu-1,p5g-scale-mqtt-payload-1024-clients-20-veh-05-118,ipi-session-1,multiclient-scalability-weak-signal-run-1,veh-05,118,20-clients,default,stationary,unsynced,true,true,clients,20,count,IPI-CooperativeService,1098,1783365217764706592,1783365071409064280,1783365071409114261,,,,,,"CooperativeService{guidedPlanning, status=request, vehicleId=0x7665682d3035, requestedHorizonMs=2500, confidence=100, planning.waypoints=1, offloadTaskId=probe-118, offloadPayload=1024 bytes}"
5g-receiver,1783365071648556256,edge4av-real-20260706-multiclient-scalability-weak-signal-run-1,p5g-scale-mqtt-payload-1024-clients-20,scale,guided-planning,mqtt,,veh-05,rsu-1,p5g-scale-mqtt-payload-1024-clients-20-veh-05-119,ipi-session-1,multiclient-scalability-weak-signal-run-1,veh-05,119,20-clients,default,stationary,unsynced,true,true,clients,20,count,IPI-CooperativeService,1098,1783365218070680494,1783365071648496751,1783365071648556256,,,,,,"CooperativeService{guidedPlanning, status=request, vehicleId=0x7665682d3035, requestedHorizonMs=2500, confidence=100, planning.waypoints=1, offloadTaskId=probe-119, offloadPayload=1024 bytes}"
5g-receiver,1783365071879042080,edge4av-real-20260706-multiclient-scalability-weak-signal-run-1,p5g-scale-mqtt-payload-1024-clients-20,scale,guided-planning,mqtt,,veh-05,rsu-1,p5g-scale-mqtt-payload-1024-clients-20-veh-05-120,ipi-session-1,multiclient-scalability-weak-signal-run-1,veh-05,120,20-clients,default,stationary,unsynced,true,true,clients,20,count,IPI-CooperativeService,1098,1783365218310735982,1783365071878953837,1783365071879042080,,,,,,"CooperativeService{guidedPlanning, status=request, vehicleId=0x7665682d3035, requestedHorizonMs=2500, confidence=100, planning.waypoints=1, offloadTaskId=probe-120, offloadPayload=1024 bytes}"
5g-receiver,1783365072128883976,edge4av-real-20260706-multiclient-scalability-weak-signal-run-1,p5g-scale-mqtt-payload-1024-clients-20,scale,guided-planning,mqtt,,veh-05,rsu-1,p5g-scale-mqtt-payload-1024-clients-20-veh-05-121,ipi-session-1,multiclient-scalability-weak-signal-run-1,veh-05,121,20-clients,default,stationary,unsynced,true,true,clients,20,count,IPI-CooperativeService,1098,1783365218542775283,1783365072128824692,1783365072128883976,,,,,,"CooperativeService{guidedPlanning, status=request, vehicleId=0x7665682d3035, requestedHorizonMs=2500, confidence=100, planning.waypoints=1, offloadTaskId=probe-121, offloadPayload=1024 bytes}"
5g-receiver,1783365072379863499,edge4av-real-20260706-multiclient-scalability-weak-signal-run-1,p5g-scale-mqtt-payload-1024-clients-20,scale,guided-planning,mqtt,,veh-05,rsu-1,p5g-scale-mqtt-payload-1024-clients-20-veh-05-122,ipi-session-1,multiclient-scalability-weak-signal-run-1,veh-05,122,20-clients,default,stationary,unsynced,true,true,clients,20,count,IPI-CooperativeService,1098,1783365218788820433,1783365072379813622,1783365072379863499,,,,,,"CooperativeService{guidedPlanning, status=request, vehicleId=0x7665682d3035, requestedHorizonMs=2500, confidence=100, planning.waypoints=1, offloadTaskId=probe-122, offloadPayload=1024 bytes}"
5g-receiver,1783365072629786075,edge4av-real-20260706-multiclient-scalability-weak-signal-run-1,p5g-scale-mqtt-payload-1024-clients-20,scale,guided-planning,mqtt,,veh-05,rsu-1,p5g-scale-mqtt-payload-1024-clients-20-veh-05-123,ipi-session-1,multiclient-scalability-weak-signal-run-1,veh-05,123,20-clients,default,stationary,unsynced,true,true,clients,20,count,IPI-CooperativeService,1098,1783365219038672899,1783365072629727015,1783365072629786075,,,,,,"CooperativeService{guidedPlanning, status=request, vehicleId=0x7665682d3035, requestedHorizonMs=2500, confidence=100, planning.waypoints=1, offloadTaskId=probe-123, offloadPayload=1024 bytes}"
5g-receiver,1783365072871083108,edge4av-real-20260706-multiclient-scalability-weak-signal-run-1,p5g-scale-mqtt-payload-1024-clients-20,scale,guided-planning,mqtt,,veh-05,rsu-1,p5g-scale-mqtt-payload-1024-clients-20-veh-05-124,ipi-session-1,multiclient-scalability-weak-signal-run-1,veh-05,124,20-clients,default,stationary,unsynced,true,true,clients,20,count,IPI-CooperativeService,1098,1783365219288824494,1783365072871032834,1783365072871083108,,,,,,"CooperativeService{guidedPlanning, status=request, vehicleId=0x7665682d3035, requestedHorizonMs=2500, confidence=100, planning.waypoints=1, offloadTaskId=probe-124, offloadPayload=1024 bytes}"
5g-receiver,1783365073130521154,edge4av-real-20260706-multiclient-scalability-weak-signal-run-1,p5g-scale-mqtt-payload-1024-clients-20,scale,guided-planning,mqtt,,veh-05,rsu-1,p5g-scale-mqtt-payload-1024-clients-20-veh-05-125,ipi-session-1,multiclient-scalability-weak-signal-run-1,veh-05,125,20-clients,default,stationary,unsynced,true,true,clients,20,count,IPI-CooperativeService,1098,1783365219528651862,1783365073130418847,1783365073130521154,,,,,,"CooperativeService{guidedPlanning, status=request, vehicleId=0x7665682d3035, requestedHorizonMs=2500, confidence=100, planning.waypoints=1, offloadTaskId=probe-125, offloadPayload=1024 bytes}"
5g-receiver,1783365073370815474,edge4av-real-20260706-multiclient-scalability-weak-signal-run-1,p5g-scale-mqtt-payload-1024-clients-20,scale,guided-planning,mqtt,,veh-05,rsu-1,p5g-scale-mqtt-payload-1024-clients-20-veh-05-126,ipi-session-1,multiclient-scalability-weak-signal-run-1,veh-05,126,20-clients,default,stationary,unsynced,true,true,clients,20,count,IPI-CooperativeService,1098,1783365219790717796,1783365073370738365,1783365073370815474,,,,,,"CooperativeService{guidedPlanning, status=request, vehicleId=0x7665682d3035, requestedHorizonMs=2500, confidence=100, planning.waypoints=1, offloadTaskId=probe-126, offloadPayload=1024 bytes}"
5g-receiver,1783365073601430694,edge4av-real-20260706-multiclient-scalability-weak-signal-run-1,p5g-scale-mqtt-payload-1024-clients-20,scale,guided-planning,mqtt,,veh-05,rsu-1,p5g-scale-mqtt-payload-1024-clients-20-veh-05-127,ipi-session-1,multiclient-scalability-weak-signal-run-1,veh-05,127,20-clients,default,stationary,unsynced,true,true,clients,20,count,IPI-CooperativeService,1098,1783365220026651496,1783365073601372839,1783365073601430694,,,,,,"CooperativeService{guidedPlanning, status=request, vehicleId=0x7665682d3035, requestedHorizonMs=2500, confidence=100, planning.waypoints=1, offloadTaskId=probe-127, offloadPayload=1024 bytes}"
5g-receiver,1783365073841644008,edge4av-real-20260706-multiclient-scalability-weak-signal-run-1,p5g-scale-mqtt-payload-1024-clients-20,scale,guided-planning,mqtt,,veh-05,rsu-1,p5g-scale-mqtt-payload-1024-clients-20-veh-05-128,ipi-session-1,multiclient-scalability-weak-signal-run-1,veh-05,128,20-clients,default,stationary,unsynced,true,true,clients,20,count,IPI-CooperativeService,1098,1783365220262710165,1783365073841585390,1783365073841644008,,,,,,"CooperativeService{guidedPlanning, status=request, vehicleId=0x7665682d3035, requestedHorizonMs=2500, confidence=100, planning.waypoints=1, offloadTaskId=probe-128, offloadPayload=1024 bytes}"
5g-receiver,1783365074092289982,edge4av-real-20260706-multiclient-scalability-weak-signal-run-1,p5g-scale-mqtt-payload-1024-clients-20,scale,guided-planning,mqtt,,veh-05,rsu-1,p5g-scale-mqtt-payload-1024-clients-20-veh-05-129,ipi-session-1,multiclient-scalability-weak-signal-run-1,veh-05,129,20-clients,default,stationary,unsynced,true,true,clients,20,count,IPI-CooperativeService,1098,1783365220500808933,1783365074092230758,1783365074092289982,,,,,,"CooperativeService{guidedPlanning, status=request, vehicleId=0x7665682d3035, requestedHorizonMs=2500, confidence=100, planning.waypoints=1, offloadTaskId=probe-129, offloadPayload=1024 bytes}"
5g-receiver,1783365074382302445,edge4av-real-20260706-multiclient-scalability-weak-signal-run-1,p5g-scale-mqtt-payload-1024-clients-20,scale,guided-planning,mqtt,,veh-05,rsu-1,p5g-scale-mqtt-payload-1024-clients-20-veh-05-130,ipi-session-1,multiclient-scalability-weak-signal-run-1,veh-05,130,20-clients,default,stationary,unsynced,true,true,clients,20,count,IPI-CooperativeService,1098,1783365220750606991,1783365074382257394,1783365074382302445,,,,,,"CooperativeService{guidedPlanning, status=request, vehicleId=0x7665682d3035, requestedHorizonMs=2500, confidence=100, planning.waypoints=1, offloadTaskId=probe-130, offloadPayload=1024 bytes}"
5g-receiver,1783365074633077144,edge4av-real-20260706-multiclient-scalability-weak-signal-run-1,p5g-scale-mqtt-payload-1024-clients-20,scale,guided-planning,mqtt,,veh-05,rsu-1,p5g-scale-mqtt-payload-1024-clients-20-veh-05-131,ipi-session-1,multiclient-scalability-weak-signal-run-1,veh-05,131,20-clients,default,stationary,unsynced,true,true,clients,20,count,IPI-CooperativeService,1098,1783365221040664008,1783365074633025006,1783365074633077144,,,,,,"CooperativeService{guidedPlanning, status=request, vehicleId=0x7665682d3035, requestedHorizonMs=2500, confidence=100, planning.waypoints=1, offloadTaskId=probe-131, offloadPayload=1024 bytes}"
5g-receiver,1783365074863337295,edge4av-real-20260706-multiclient-scalability-weak-signal-run-1,p5g-scale-mqtt-payload-1024-clients-20,scale,guided-planning,mqtt,,veh-05,rsu-1,p5g-scale-mqtt-payload-1024-clients-20-veh-05-132,ipi-session-1,multiclient-scalability-weak-signal-run-1,veh-05,132,20-clients,default,stationary,unsynced,true,true,clients,20,count,IPI-CooperativeService,1098,1783365221290661429,1783365074863284879,1783365074863337295,,,,,,"CooperativeService{guidedPlanning, status=request, vehicleId=0x7665682d3035, requestedHorizonMs=2500, confidence=100, planning.waypoints=1, offloadTaskId=probe-132, offloadPayload=1024 bytes}"
5g-receiver,1783365075104488914,edge4av-real-20260706-multiclient-scalability-weak-signal-run-1,p5g-scale-mqtt-payload-1024-clients-20,scale,guided-planning,mqtt,,veh-05,rsu-1,p5g-scale-mqtt-payload-1024-clients-20-veh-05-133,ipi-session-1,multiclient-scalability-weak-signal-run-1,veh-05,133,20-clients,default,stationary,unsynced,true,true,clients,20,count,IPI-CooperativeService,1098,1783365221522683375,1783365075104443854,1783365075104488914,,,,,,"CooperativeService{guidedPlanning, status=request, vehicleId=0x7665682d3035, requestedHorizonMs=2500, confidence=100, planning.waypoints=1, offloadTaskId=probe-133, offloadPayload=1024 bytes}"
5g-receiver,1783365075354153064,edge4av-real-20260706-multiclient-scalability-weak-signal-run-1,p5g-scale-mqtt-payload-1024-clients-20,scale,guided-planning,mqtt,,veh-05,rsu-1,p5g-scale-mqtt-payload-1024-clients-20-veh-05-134,ipi-session-1,multiclient-scalability-weak-signal-run-1,veh-05,134,20-clients,default,stationary,unsynced,true,true,clients,20,count,IPI-CooperativeService,1098,1783365221760796356,1783365075354100707,1783365075354153064,,,,,,"CooperativeService{guidedPlanning, status=request, vehicleId=0x7665682d3035, requestedHorizonMs=2500, confidence=100, planning.waypoints=1, offloadTaskId=probe-134, offloadPayload=1024 bytes}"
5g-receiver,1783365075594604748,edge4av-real-20260706-multiclient-scalability-weak-signal-run-1,p5g-scale-mqtt-payload-1024-clients-20,scale,guided-planning,mqtt,,veh-05,rsu-1,p5g-scale-mqtt-payload-1024-clients-20-veh-05-135,ipi-session-1,multiclient-scalability-weak-signal-run-1,veh-05,135,20-clients,default,stationary,unsynced,true,true,clients,20,count,IPI-CooperativeService,1098,1783365222013700675,1783365075594547644,1783365075594604748,,,,,,"CooperativeService{guidedPlanning, status=request, vehicleId=0x7665682d3035, requestedHorizonMs=2500, confidence=100, planning.waypoints=1, offloadTaskId=probe-135, offloadPayload=1024 bytes}"
5g-receiver,1783365075835199962,edge4av-real-20260706-multiclient-scalability-weak-signal-run-1,p5g-scale-mqtt-payload-1024-clients-20,scale,guided-planning,mqtt,,veh-05,rsu-1,p5g-scale-mqtt-payload-1024-clients-20-veh-05-136,ipi-session-1,multiclient-scalability-weak-signal-run-1,veh-05,136,20-clients,default,stationary,unsynced,true,true,clients,20,count,IPI-CooperativeService,1098,1783365222254728509,1783365075835140833,1783365075835199962,,,,,,"CooperativeService{guidedPlanning, status=request, vehicleId=0x7665682d3035, requestedHorizonMs=2500, confidence=100, planning.waypoints=1, offloadTaskId=probe-136, offloadPayload=1024 bytes}"
5g-receiver,1783365076075473138,edge4av-real-20260706-multiclient-scalability-weak-signal-run-1,p5g-scale-mqtt-payload-1024-clients-20,scale,guided-planning,mqtt,,veh-05,rsu-1,p5g-scale-mqtt-payload-1024-clients-20-veh-05-137,ipi-session-1,multiclient-scalability-weak-signal-run-1,veh-05,137,20-clients,default,stationary,unsynced,true,true,clients,20,count,IPI-CooperativeService,1098,1783365222492626736,1783365076075391348,1783365076075473138,,,,,,"CooperativeService{guidedPlanning, status=request, vehicleId=0x7665682d3035, requestedHorizonMs=2500, confidence=100, planning.waypoints=1, offloadTaskId=probe-137, offloadPayload=1024 bytes}"
5g-receiver,1783365076315696015,edge4av-real-20260706-multiclient-scalability-weak-signal-run-1,p5g-scale-mqtt-payload-1024-clients-20,scale,guided-planning,mqtt,,veh-05,rsu-1,p5g-scale-mqtt-payload-1024-clients-20-veh-05-138,ipi-session-1,multiclient-scalability-weak-signal-run-1,veh-05,138,20-clients,default,stationary,unsynced,true,true,clients,20,count,IPI-CooperativeService,1098,1783365222732631133,1783365076315638833,1783365076315696015,,,,,,"CooperativeService{guidedPlanning, status=request, vehicleId=0x7665682d3035, requestedHorizonMs=2500, confidence=100, planning.waypoints=1, offloadTaskId=probe-138, offloadPayload=1024 bytes}"
5g-receiver,1783365076556090314,edge4av-real-20260706-multiclient-scalability-weak-signal-run-1,p5g-scale-mqtt-payload-1024-clients-20,scale,guided-planning,mqtt,,veh-05,rsu-1,p5g-scale-mqtt-payload-1024-clients-20-veh-05-139,ipi-session-1,multiclient-scalability-weak-signal-run-1,veh-05,139,20-clients,default,stationary,unsynced,true,true,clients,20,count,IPI-CooperativeService,1098,1783365222972575253,1783365076556031660,1783365076556090314,,,,,,"CooperativeService{guidedPlanning, status=request, vehicleId=0x7665682d3035, requestedHorizonMs=2500, confidence=100, planning.waypoints=1, offloadTaskId=probe-139, offloadPayload=1024 bytes}"
5g-receiver,1783365076786406597,edge4av-real-20260706-multiclient-scalability-weak-signal-run-1,p5g-scale-mqtt-payload-1024-clients-20,scale,guided-planning,mqtt,,veh-05,rsu-1,p5g-scale-mqtt-payload-1024-clients-20-veh-05-140,ipi-session-1,multiclient-scalability-weak-signal-run-1,veh-05,140,20-clients,default,stationary,unsynced,true,true,clients,20,count,IPI-CooperativeService,1098,1783365223212734709,1783365076786347557,1783365076786406597,,,,,,"CooperativeService{guidedPlanning, status=request, vehicleId=0x7665682d3035, requestedHorizonMs=2500, confidence=100, planning.waypoints=1, offloadTaskId=probe-140, offloadPayload=1024 bytes}"
5g-receiver,1783365077026991538,edge4av-real-20260706-multiclient-scalability-weak-signal-run-1,p5g-scale-mqtt-payload-1024-clients-20,scale,guided-planning,mqtt,,veh-05,rsu-1,p5g-scale-mqtt-payload-1024-clients-20-veh-05-141,ipi-session-1,multiclient-scalability-weak-signal-run-1,veh-05,141,20-clients,default,stationary,unsynced,true,true,clients,20,count,IPI-CooperativeService,1098,1783365223442625178,1783365077026935310,1783365077026991538,,,,,,"CooperativeService{guidedPlanning, status=request, vehicleId=0x7665682d3035, requestedHorizonMs=2500, confidence=100, planning.waypoints=1, offloadTaskId=probe-141, offloadPayload=1024 bytes}"
5g-receiver,1783365077257141094,edge4av-real-20260706-multiclient-scalability-weak-signal-run-1,p5g-scale-mqtt-payload-1024-clients-20,scale,guided-planning,mqtt,,veh-05,rsu-1,p5g-scale-mqtt-payload-1024-clients-20-veh-05-142,ipi-session-1,multiclient-scalability-weak-signal-run-1,veh-05,142,20-clients,default,stationary,unsynced,true,true,clients,20,count,IPI-CooperativeService,1098,1783365223686527916,1783365077257096952,1783365077257141094,,,,,,"CooperativeService{guidedPlanning, status=request, vehicleId=0x7665682d3035, requestedHorizonMs=2500, confidence=100, planning.waypoints=1, offloadTaskId=probe-142, offloadPayload=1024 bytes}"
5g-receiver,1783365077539964336,edge4av-real-20260706-multiclient-scalability-weak-signal-run-1,p5g-scale-mqtt-payload-1024-clients-20,scale,guided-planning,mqtt,,veh-05,rsu-1,p5g-scale-mqtt-payload-1024-clients-20-veh-05-143,ipi-session-1,multiclient-scalability-weak-signal-run-1,veh-05,143,20-clients,default,stationary,unsynced,true,true,clients,20,count,IPI-CooperativeService,1098,1783365223918700702,1783365077539914594,1783365077539964336,,,,,,"CooperativeService{guidedPlanning, status=request, vehicleId=0x7665682d3035, requestedHorizonMs=2500, confidence=100, planning.waypoints=1, offloadTaskId=probe-143, offloadPayload=1024 bytes}"
5g-receiver,1783365077787894278,edge4av-real-20260706-multiclient-scalability-weak-signal-run-1,p5g-scale-mqtt-payload-1024-clients-20,scale,guided-planning,mqtt,,veh-05,rsu-1,p5g-scale-mqtt-payload-1024-clients-20-veh-05-144,ipi-session-1,multiclient-scalability-weak-signal-run-1,veh-05,144,20-clients,default,stationary,unsynced,true,true,clients,20,count,IPI-CooperativeService,1098,1783365224200746799,1783365077787836828,1783365077787894278,,,,,,"CooperativeService{guidedPlanning, status=request, vehicleId=0x7665682d3035, requestedHorizonMs=2500, confidence=100, planning.waypoints=1, offloadTaskId=probe-144, offloadPayload=1024 bytes}"
5g-receiver,1783365078028492220,edge4av-real-20260706-multiclient-scalability-weak-signal-run-1,p5g-scale-mqtt-payload-1024-clients-20,scale,guided-planning,mqtt,,veh-05,rsu-1,p5g-scale-mqtt-payload-1024-clients-20-veh-05-145,ipi-session-1,multiclient-scalability-weak-signal-run-1,veh-05,145,20-clients,default,stationary,unsynced,true,true,clients,20,count,IPI-CooperativeService,1098,1783365224446620347,1783365078028440492,1783365078028492220,,,,,,"CooperativeService{guidedPlanning, status=request, vehicleId=0x7665682d3035, requestedHorizonMs=2500, confidence=100, planning.waypoints=1, offloadTaskId=probe-145, offloadPayload=1024 bytes}"
5g-receiver,1783365078619286965,edge4av-real-20260706-multiclient-scalability-weak-signal-run-1,p5g-scale-mqtt-payload-1024-clients-20,scale,guided-planning,mqtt,,veh-05,rsu-1,p5g-scale-mqtt-payload-1024-clients-20-veh-05-146,ipi-session-1,multiclient-scalability-weak-signal-run-1,veh-05,146,20-clients,default,stationary,unsynced,true,true,clients,20,count,IPI-CooperativeService,1098,1783365224686784439,1783365078619234480,1783365078619286965,,,,,,"CooperativeService{guidedPlanning, status=request, vehicleId=0x7665682d3035, requestedHorizonMs=2500, confidence=100, planning.waypoints=1, offloadTaskId=probe-146, offloadPayload=1024 bytes}"
5g-receiver,1783365078890136499,edge4av-real-20260706-multiclient-scalability-weak-signal-run-1,p5g-scale-mqtt-payload-1024-clients-20,scale,guided-planning,mqtt,,veh-05,rsu-1,p5g-scale-mqtt-payload-1024-clients-20-veh-05-147,ipi-session-1,multiclient-scalability-weak-signal-run-1,veh-05,147,20-clients,default,stationary,unsynced,true,true,clients,20,count,IPI-CooperativeService,1098,1783365225274622663,1783365078890083828,1783365078890136499,,,,,,"CooperativeService{guidedPlanning, status=request, vehicleId=0x7665682d3035, requestedHorizonMs=2500, confidence=100, planning.waypoints=1, offloadTaskId=probe-147, offloadPayload=1024 bytes}"
5g-receiver,1783365079140414615,edge4av-real-20260706-multiclient-scalability-weak-signal-run-1,p5g-scale-mqtt-payload-1024-clients-20,scale,guided-planning,mqtt,,veh-05,rsu-1,p5g-scale-mqtt-payload-1024-clients-20-veh-05-148,ipi-session-1,multiclient-scalability-weak-signal-run-1,veh-05,148,20-clients,default,stationary,unsynced,true,true,clients,20,count,IPI-CooperativeService,1098,1783365225550797239,1783365079140329262,1783365079140414615,,,,,,"CooperativeService{guidedPlanning, status=request, vehicleId=0x7665682d3035, requestedHorizonMs=2500, confidence=100, planning.waypoints=1, offloadTaskId=probe-148, offloadPayload=1024 bytes}"
5g-receiver,1783365079390903161,edge4av-real-20260706-multiclient-scalability-weak-signal-run-1,p5g-scale-mqtt-payload-1024-clients-20,scale,guided-planning,mqtt,,veh-05,rsu-1,p5g-scale-mqtt-payload-1024-clients-20-veh-05-149,ipi-session-1,multiclient-scalability-weak-signal-run-1,veh-05,149,20-clients,default,stationary,unsynced,true,true,clients,20,count,IPI-CooperativeService,1098,1783365225796751470,1783365079390851532,1783365079390903161,,,,,,"CooperativeService{guidedPlanning, status=request, vehicleId=0x7665682d3035, requestedHorizonMs=2500, confidence=100, planning.waypoints=1, offloadTaskId=probe-149, offloadPayload=1024 bytes}"
5g-receiver,1783365079621269628,edge4av-real-20260706-multiclient-scalability-weak-signal-run-1,p5g-scale-mqtt-payload-1024-clients-20,scale,guided-planning,mqtt,,veh-05,rsu-1,p5g-scale-mqtt-payload-1024-clients-20-veh-05-150,ipi-session-1,multiclient-scalability-weak-signal-run-1,veh-05,150,20-clients,default,stationary,unsynced,true,true,clients,20,count,IPI-CooperativeService,1098,1783365226048675553,1783365079621217647,1783365079621269628,,,,,,"CooperativeService{guidedPlanning, status=request, vehicleId=0x7665682d3035, requestedHorizonMs=2500, confidence=100, planning.waypoints=1, offloadTaskId=probe-150, offloadPayload=1024 bytes}"
5g-receiver,1783365079871473676,edge4av-real-20260706-multiclient-scalability-weak-signal-run-1,p5g-scale-mqtt-payload-1024-clients-20,scale,guided-planning,mqtt,,veh-05,rsu-1,p5g-scale-mqtt-payload-1024-clients-20-veh-05-151,ipi-session-1,multiclient-scalability-weak-signal-run-1,veh-05,151,20-clients,default,stationary,unsynced,true,true,clients,20,count,IPI-CooperativeService,1098,1783365226280723042,1783365079871429911,1783365079871473676,,,,,,"CooperativeService{guidedPlanning, status=request, vehicleId=0x7665682d3035, requestedHorizonMs=2500, confidence=100, planning.waypoints=1, offloadTaskId=probe-151, offloadPayload=1024 bytes}"
5g-receiver,1783365080101717610,edge4av-real-20260706-multiclient-scalability-weak-signal-run-1,p5g-scale-mqtt-payload-1024-clients-20,scale,guided-planning,mqtt,,veh-05,rsu-1,p5g-scale-mqtt-payload-1024-clients-20-veh-05-152,ipi-session-1,multiclient-scalability-weak-signal-run-1,veh-05,152,20-clients,default,stationary,unsynced,true,true,clients,20,count,IPI-CooperativeService,1098,1783365226530700645,1783365080101673519,1783365080101717610,,,,,,"CooperativeService{guidedPlanning, status=request, vehicleId=0x7665682d3035, requestedHorizonMs=2500, confidence=100, planning.waypoints=1, offloadTaskId=probe-152, offloadPayload=1024 bytes}"
5g-receiver,1783365080343105887,edge4av-real-20260706-multiclient-scalability-weak-signal-run-1,p5g-scale-mqtt-payload-1024-clients-20,scale,guided-planning,mqtt,,veh-05,rsu-1,p5g-scale-mqtt-payload-1024-clients-20-veh-05-153,ipi-session-1,multiclient-scalability-weak-signal-run-1,veh-05,153,20-clients,default,stationary,unsynced,true,true,clients,20,count,IPI-CooperativeService,1098,1783365226760712662,1783365080343049221,1783365080343105887,,,,,,"CooperativeService{guidedPlanning, status=request, vehicleId=0x7665682d3035, requestedHorizonMs=2500, confidence=100, planning.waypoints=1, offloadTaskId=probe-153, offloadPayload=1024 bytes}"
5g-receiver,1783365080582848155,edge4av-real-20260706-multiclient-scalability-weak-signal-run-1,p5g-scale-mqtt-payload-1024-clients-20,scale,guided-planning,mqtt,,veh-05,rsu-1,p5g-scale-mqtt-payload-1024-clients-20-veh-05-154,ipi-session-1,multiclient-scalability-weak-signal-run-1,veh-05,154,20-clients,default,stationary,unsynced,true,true,clients,20,count,IPI-CooperativeService,1098,1783365227002610629,1783365080582794806,1783365080582848155,,,,,,"CooperativeService{guidedPlanning, status=request, vehicleId=0x7665682d3035, requestedHorizonMs=2500, confidence=100, planning.waypoints=1, offloadTaskId=probe-154, offloadPayload=1024 bytes}"
5g-receiver,1783365080843174647,edge4av-real-20260706-multiclient-scalability-weak-signal-run-1,p5g-scale-mqtt-payload-1024-clients-20,scale,guided-planning,mqtt,,veh-05,rsu-1,p5g-scale-mqtt-payload-1024-clients-20-veh-05-155,ipi-session-1,multiclient-scalability-weak-signal-run-1,veh-05,155,20-clients,default,stationary,unsynced,true,true,clients,20,count,IPI-CooperativeService,1098,1783365227242768207,1783365080843129665,1783365080843174647,,,,,,"CooperativeService{guidedPlanning, status=request, vehicleId=0x7665682d3035, requestedHorizonMs=2500, confidence=100, planning.waypoints=1, offloadTaskId=probe-155, offloadPayload=1024 bytes}"
5g-receiver,1783365081083639722,edge4av-real-20260706-multiclient-scalability-weak-signal-run-1,p5g-scale-mqtt-payload-1024-clients-20,scale,guided-planning,mqtt,,veh-05,rsu-1,p5g-scale-mqtt-payload-1024-clients-20-veh-05-156,ipi-session-1,multiclient-scalability-weak-signal-run-1,veh-05,156,20-clients,default,stationary,unsynced,true,true,clients,20,count,IPI-CooperativeService,1098,1783365227500698364,1783365081083594464,1783365081083639722,,,,,,"CooperativeService{guidedPlanning, status=request, vehicleId=0x7665682d3035, requestedHorizonMs=2500, confidence=100, planning.waypoints=1, offloadTaskId=probe-156, offloadPayload=1024 bytes}"
5g-receiver,1783365081324146969,edge4av-real-20260706-multiclient-scalability-weak-signal-run-1,p5g-scale-mqtt-payload-1024-clients-20,scale,guided-planning,mqtt,,veh-05,rsu-1,p5g-scale-mqtt-payload-1024-clients-20-veh-05-157,ipi-session-1,multiclient-scalability-weak-signal-run-1,veh-05,157,20-clients,default,stationary,unsynced,true,true,clients,20,count,IPI-CooperativeService,1098,1783365227742688691,1783365081324093312,1783365081324146969,,,,,,"CooperativeService{guidedPlanning, status=request, vehicleId=0x7665682d3035, requestedHorizonMs=2500, confidence=100, planning.waypoints=1, offloadTaskId=probe-157, offloadPayload=1024 bytes}"
5g-receiver,1783365081564529429,edge4av-real-20260706-multiclient-scalability-weak-signal-run-1,p5g-scale-mqtt-payload-1024-clients-20,scale,guided-planning,mqtt,,veh-05,rsu-1,p5g-scale-mqtt-payload-1024-clients-20-veh-05-158,ipi-session-1,multiclient-scalability-weak-signal-run-1,veh-05,158,20-clients,default,stationary,unsynced,true,true,clients,20,count,IPI-CooperativeService,1098,1783365227980739502,1783365081564476476,1783365081564529429,,,,,,"CooperativeService{guidedPlanning, status=request, vehicleId=0x7665682d3035, requestedHorizonMs=2500, confidence=100, planning.waypoints=1, offloadTaskId=probe-158, offloadPayload=1024 bytes}"
5g-receiver,1783365081795206494,edge4av-real-20260706-multiclient-scalability-weak-signal-run-1,p5g-scale-mqtt-payload-1024-clients-20,scale,guided-planning,mqtt,,veh-05,rsu-1,p5g-scale-mqtt-payload-1024-clients-20-veh-05-159,ipi-session-1,multiclient-scalability-weak-signal-run-1,veh-05,159,20-clients,default,stationary,unsynced,true,true,clients,20,count,IPI-CooperativeService,1098,1783365228222667798,1783365081795141072,1783365081795206494,,,,,,"CooperativeService{guidedPlanning, status=request, vehicleId=0x7665682d3035, requestedHorizonMs=2500, confidence=100, planning.waypoints=1, offloadTaskId=probe-159, offloadPayload=1024 bytes}"
5g-receiver,1783365082046074726,edge4av-real-20260706-multiclient-scalability-weak-signal-run-1,p5g-scale-mqtt-payload-1024-clients-20,scale,guided-planning,mqtt,,veh-05,rsu-1,p5g-scale-mqtt-payload-1024-clients-20-veh-05-160,ipi-session-1,multiclient-scalability-weak-signal-run-1,veh-05,160,20-clients,default,stationary,unsynced,true,true,clients,20,count,IPI-CooperativeService,1098,1783365228452697611,1783365082046023771,1783365082046074726,,,,,,"CooperativeService{guidedPlanning, status=request, vehicleId=0x7665682d3035, requestedHorizonMs=2500, confidence=100, planning.waypoints=1, offloadTaskId=probe-160, offloadPayload=1024 bytes}"
5g-receiver,1783365082305629555,edge4av-real-20260706-multiclient-scalability-weak-signal-run-1,p5g-scale-mqtt-payload-1024-clients-20,scale,guided-planning,mqtt,,veh-05,rsu-1,p5g-scale-mqtt-payload-1024-clients-20-veh-05-161,ipi-session-1,multiclient-scalability-weak-signal-run-1,veh-05,161,20-clients,default,stationary,unsynced,true,true,clients,20,count,IPI-CooperativeService,1098,1783365228708724062,1783365082305576844,1783365082305629555,,,,,,"CooperativeService{guidedPlanning, status=request, vehicleId=0x7665682d3035, requestedHorizonMs=2500, confidence=100, planning.waypoints=1, offloadTaskId=probe-161, offloadPayload=1024 bytes}"
5g-receiver,1783365082546690732,edge4av-real-20260706-multiclient-scalability-weak-signal-run-1,p5g-scale-mqtt-payload-1024-clients-20,scale,guided-planning,mqtt,,veh-05,rsu-1,p5g-scale-mqtt-payload-1024-clients-20-veh-05-162,ipi-session-1,multiclient-scalability-weak-signal-run-1,veh-05,162,20-clients,default,stationary,unsynced,true,true,clients,20,count,IPI-CooperativeService,1098,1783365228962619139,1783365082546646041,1783365082546690732,,,,,,"CooperativeService{guidedPlanning, status=request, vehicleId=0x7665682d3035, requestedHorizonMs=2500, confidence=100, planning.waypoints=1, offloadTaskId=probe-162, offloadPayload=1024 bytes}"
5g-receiver,1783365082786258187,edge4av-real-20260706-multiclient-scalability-weak-signal-run-1,p5g-scale-mqtt-payload-1024-clients-20,scale,guided-planning,mqtt,,veh-05,rsu-1,p5g-scale-mqtt-payload-1024-clients-20-veh-05-163,ipi-session-1,multiclient-scalability-weak-signal-run-1,veh-05,163,20-clients,default,stationary,unsynced,true,true,clients,20,count,IPI-CooperativeService,1098,1783365229208678797,1783365082786204512,1783365082786258187,,,,,,"CooperativeService{guidedPlanning, status=request, vehicleId=0x7665682d3035, requestedHorizonMs=2500, confidence=100, planning.waypoints=1, offloadTaskId=probe-163, offloadPayload=1024 bytes}"
5g-receiver,1783365083016936671,edge4av-real-20260706-multiclient-scalability-weak-signal-run-1,p5g-scale-mqtt-payload-1024-clients-20,scale,guided-planning,mqtt,,veh-05,rsu-1,p5g-scale-mqtt-payload-1024-clients-20-veh-05-164,ipi-session-1,multiclient-scalability-weak-signal-run-1,veh-05,164,20-clients,default,stationary,unsynced,true,true,clients,20,count,IPI-CooperativeService,1098,1783365229444784265,1783365083016877111,1783365083016936671,,,,,,"CooperativeService{guidedPlanning, status=request, vehicleId=0x7665682d3035, requestedHorizonMs=2500, confidence=100, planning.waypoints=1, offloadTaskId=probe-164, offloadPayload=1024 bytes}"
5g-receiver,1783365083268428594,edge4av-real-20260706-multiclient-scalability-weak-signal-run-1,p5g-scale-mqtt-payload-1024-clients-20,scale,guided-planning,mqtt,,veh-05,rsu-1,p5g-scale-mqtt-payload-1024-clients-20-veh-05-165,ipi-session-1,multiclient-scalability-weak-signal-run-1,veh-05,165,20-clients,default,stationary,unsynced,true,true,clients,20,count,IPI-CooperativeService,1098,1783365229676531179,1783365083268383112,1783365083268428594,,,,,,"CooperativeService{guidedPlanning, status=request, vehicleId=0x7665682d3035, requestedHorizonMs=2500, confidence=100, planning.waypoints=1, offloadTaskId=probe-165, offloadPayload=1024 bytes}"
5g-receiver,1783365083507414179,edge4av-real-20260706-multiclient-scalability-weak-signal-run-1,p5g-scale-mqtt-payload-1024-clients-20,scale,guided-planning,mqtt,,veh-05,rsu-1,p5g-scale-mqtt-payload-1024-clients-20-veh-05-166,ipi-session-1,multiclient-scalability-weak-signal-run-1,veh-05,166,20-clients,default,stationary,unsynced,true,true,clients,20,count,IPI-CooperativeService,1098,1783365229924641621,1783365083507361306,1783365083507414179,,,,,,"CooperativeService{guidedPlanning, status=request, vehicleId=0x7665682d3035, requestedHorizonMs=2500, confidence=100, planning.waypoints=1, offloadTaskId=probe-166, offloadPayload=1024 bytes}"
5g-receiver,1783365083738152681,edge4av-real-20260706-multiclient-scalability-weak-signal-run-1,p5g-scale-mqtt-payload-1024-clients-20,scale,guided-planning,mqtt,,veh-05,rsu-1,p5g-scale-mqtt-payload-1024-clients-20-veh-05-167,ipi-session-1,multiclient-scalability-weak-signal-run-1,veh-05,167,20-clients,default,stationary,unsynced,true,true,clients,20,count,IPI-CooperativeService,1098,1783365230166743122,1783365083738094127,1783365083738152681,,,,,,"CooperativeService{guidedPlanning, status=request, vehicleId=0x7665682d3035, requestedHorizonMs=2500, confidence=100, planning.waypoints=1, offloadTaskId=probe-167, offloadPayload=1024 bytes}"
5g-receiver,1783365083979351333,edge4av-real-20260706-multiclient-scalability-weak-signal-run-1,p5g-scale-mqtt-payload-1024-clients-20,scale,guided-planning,mqtt,,veh-05,rsu-1,p5g-scale-mqtt-payload-1024-clients-20-veh-05-168,ipi-session-1,multiclient-scalability-weak-signal-run-1,veh-05,168,20-clients,default,stationary,unsynced,true,true,clients,20,count,IPI-CooperativeService,1098,1783365230394610547,1783365083979301149,1783365083979351333,,,,,,"CooperativeService{guidedPlanning, status=request, vehicleId=0x7665682d3035, requestedHorizonMs=2500, confidence=100, planning.waypoints=1, offloadTaskId=probe-168, offloadPayload=1024 bytes}"
5g-receiver,1783365084229997290,edge4av-real-20260706-multiclient-scalability-weak-signal-run-1,p5g-scale-mqtt-payload-1024-clients-20,scale,guided-planning,mqtt,,veh-05,rsu-1,p5g-scale-mqtt-payload-1024-clients-20-veh-05-169,ipi-session-1,multiclient-scalability-weak-signal-run-1,veh-05,169,20-clients,default,stationary,unsynced,true,true,clients,20,count,IPI-CooperativeService,1098,1783365230636708579,1783365084229947722,1783365084229997290,,,,,,"CooperativeService{guidedPlanning, status=request, vehicleId=0x7665682d3035, requestedHorizonMs=2500, confidence=100, planning.waypoints=1, offloadTaskId=probe-169, offloadPayload=1024 bytes}"
5g-receiver,1783365084469749328,edge4av-real-20260706-multiclient-scalability-weak-signal-run-1,p5g-scale-mqtt-payload-1024-clients-20,scale,guided-planning,mqtt,,veh-05,rsu-1,p5g-scale-mqtt-payload-1024-clients-20-veh-05-170,ipi-session-1,multiclient-scalability-weak-signal-run-1,veh-05,170,20-clients,default,stationary,unsynced,true,true,clients,20,count,IPI-CooperativeService,1098,1783365230890650729,1783365084469703877,1783365084469749328,,,,,,"CooperativeService{guidedPlanning, status=request, vehicleId=0x7665682d3035, requestedHorizonMs=2500, confidence=100, planning.waypoints=1, offloadTaskId=probe-170, offloadPayload=1024 bytes}"
5g-receiver,1783365084719712408,edge4av-real-20260706-multiclient-scalability-weak-signal-run-1,p5g-scale-mqtt-payload-1024-clients-20,scale,guided-planning,mqtt,,veh-05,rsu-1,p5g-scale-mqtt-payload-1024-clients-20-veh-05-171,ipi-session-1,multiclient-scalability-weak-signal-run-1,veh-05,171,20-clients,default,stationary,unsynced,true,true,clients,20,count,IPI-CooperativeService,1098,1783365231128734460,1783365084719659853,1783365084719712408,,,,,,"CooperativeService{guidedPlanning, status=request, vehicleId=0x7665682d3035, requestedHorizonMs=2500, confidence=100, planning.waypoints=1, offloadTaskId=probe-171, offloadPayload=1024 bytes}"
5g-receiver,1783365084960187273,edge4av-real-20260706-multiclient-scalability-weak-signal-run-1,p5g-scale-mqtt-payload-1024-clients-20,scale,guided-planning,mqtt,,veh-05,rsu-1,p5g-scale-mqtt-payload-1024-clients-20-veh-05-172,ipi-session-1,multiclient-scalability-weak-signal-run-1,veh-05,172,20-clients,default,stationary,unsynced,true,true,clients,20,count,IPI-CooperativeService,1098,1783365231374698212,1783365084960132098,1783365084960187273,,,,,,"CooperativeService{guidedPlanning, status=request, vehicleId=0x7665682d3035, requestedHorizonMs=2500, confidence=100, planning.waypoints=1, offloadTaskId=probe-172, offloadPayload=1024 bytes}"
5g-receiver,1783365085200548852,edge4av-real-20260706-multiclient-scalability-weak-signal-run-1,p5g-scale-mqtt-payload-1024-clients-20,scale,guided-planning,mqtt,,veh-05,rsu-1,p5g-scale-mqtt-payload-1024-clients-20-veh-05-173,ipi-session-1,multiclient-scalability-weak-signal-run-1,veh-05,173,20-clients,default,stationary,unsynced,true,true,clients,20,count,IPI-CooperativeService,1098,1783365231618730306,1783365085200437523,1783365085200548852,,,,,,"CooperativeService{guidedPlanning, status=request, vehicleId=0x7665682d3035, requestedHorizonMs=2500, confidence=100, planning.waypoints=1, offloadTaskId=probe-173, offloadPayload=1024 bytes}"
5g-receiver,1783365085461221584,edge4av-real-20260706-multiclient-scalability-weak-signal-run-1,p5g-scale-mqtt-payload-1024-clients-20,scale,guided-planning,mqtt,,veh-05,rsu-1,p5g-scale-mqtt-payload-1024-clients-20-veh-05-174,ipi-session-1,multiclient-scalability-weak-signal-run-1,veh-05,174,20-clients,default,stationary,unsynced,true,true,clients,20,count,IPI-CooperativeService,1098,1783365231856739115,1783365085461165378,1783365085461221584,,,,,,"CooperativeService{guidedPlanning, status=request, vehicleId=0x7665682d3035, requestedHorizonMs=2500, confidence=100, planning.waypoints=1, offloadTaskId=probe-174, offloadPayload=1024 bytes}"
5g-receiver,1783365085712757637,edge4av-real-20260706-multiclient-scalability-weak-signal-run-1,p5g-scale-mqtt-payload-1024-clients-20,scale,guided-planning,mqtt,,veh-05,rsu-1,p5g-scale-mqtt-payload-1024-clients-20-veh-05-175,ipi-session-1,multiclient-scalability-weak-signal-run-1,veh-05,175,20-clients,default,stationary,unsynced,true,true,clients,20,count,IPI-CooperativeService,1098,1783365232118737168,1783365085712712668,1783365085712757637,,,,,,"CooperativeService{guidedPlanning, status=request, vehicleId=0x7665682d3035, requestedHorizonMs=2500, confidence=100, planning.waypoints=1, offloadTaskId=probe-175, offloadPayload=1024 bytes}"
5g-receiver,1783365085981890100,edge4av-real-20260706-multiclient-scalability-weak-signal-run-1,p5g-scale-mqtt-payload-1024-clients-20,scale,guided-planning,mqtt,,veh-05,rsu-1,p5g-scale-mqtt-payload-1024-clients-20-veh-05-176,ipi-session-1,multiclient-scalability-weak-signal-run-1,veh-05,176,20-clients,default,stationary,unsynced,true,true,clients,20,count,IPI-CooperativeService,1098,1783365232374721131,1783365085981836898,1783365085981890100,,,,,,"CooperativeService{guidedPlanning, status=request, vehicleId=0x7665682d3035, requestedHorizonMs=2500, confidence=100, planning.waypoints=1, offloadTaskId=probe-176, offloadPayload=1024 bytes}"
5g-receiver,1783365086222959831,edge4av-real-20260706-multiclient-scalability-weak-signal-run-1,p5g-scale-mqtt-payload-1024-clients-20,scale,guided-planning,mqtt,,veh-05,rsu-1,p5g-scale-mqtt-payload-1024-clients-20-veh-05-177,ipi-session-1,multiclient-scalability-weak-signal-run-1,veh-05,177,20-clients,default,stationary,unsynced,true,true,clients,20,count,IPI-CooperativeService,1098,1783365232638639629,1783365086222880705,1783365086222959831,,,,,,"CooperativeService{guidedPlanning, status=request, vehicleId=0x7665682d3035, requestedHorizonMs=2500, confidence=100, planning.waypoints=1, offloadTaskId=probe-177, offloadPayload=1024 bytes}"
5g-receiver,1783365086453162639,edge4av-real-20260706-multiclient-scalability-weak-signal-run-1,p5g-scale-mqtt-payload-1024-clients-20,scale,guided-planning,mqtt,,veh-05,rsu-1,p5g-scale-mqtt-payload-1024-clients-20-veh-05-178,ipi-session-1,multiclient-scalability-weak-signal-run-1,veh-05,178,20-clients,default,stationary,unsynced,true,true,clients,20,count,IPI-CooperativeService,1098,1783365232878682410,1783365086453117521,1783365086453162639,,,,,,"CooperativeService{guidedPlanning, status=request, vehicleId=0x7665682d3035, requestedHorizonMs=2500, confidence=100, planning.waypoints=1, offloadTaskId=probe-178, offloadPayload=1024 bytes}"
5g-receiver,1783365086713559268,edge4av-real-20260706-multiclient-scalability-weak-signal-run-1,p5g-scale-mqtt-payload-1024-clients-20,scale,guided-planning,mqtt,,veh-05,rsu-1,p5g-scale-mqtt-payload-1024-clients-20-veh-05-179,ipi-session-1,multiclient-scalability-weak-signal-run-1,veh-05,179,20-clients,default,stationary,unsynced,true,true,clients,20,count,IPI-CooperativeService,1098,1783365233108672468,1783365086713495021,1783365086713559268,,,,,,"CooperativeService{guidedPlanning, status=request, vehicleId=0x7665682d3035, requestedHorizonMs=2500, confidence=100, planning.waypoints=1, offloadTaskId=probe-179, offloadPayload=1024 bytes}"
5g-receiver,1783365086954729997,edge4av-real-20260706-multiclient-scalability-weak-signal-run-1,p5g-scale-mqtt-payload-1024-clients-20,scale,guided-planning,mqtt,,veh-05,rsu-1,p5g-scale-mqtt-payload-1024-clients-20-veh-05-180,ipi-session-1,multiclient-scalability-weak-signal-run-1,veh-05,180,20-clients,default,stationary,unsynced,true,true,clients,20,count,IPI-CooperativeService,1098,1783365233368544579,1783365086954683802,1783365086954729997,,,,,,"CooperativeService{guidedPlanning, status=request, vehicleId=0x7665682d3035, requestedHorizonMs=2500, confidence=100, planning.waypoints=1, offloadTaskId=probe-180, offloadPayload=1024 bytes}"
5g-receiver,1783365087194429667,edge4av-real-20260706-multiclient-scalability-weak-signal-run-1,p5g-scale-mqtt-payload-1024-clients-20,scale,guided-planning,mqtt,,veh-05,rsu-1,p5g-scale-mqtt-payload-1024-clients-20-veh-05-181,ipi-session-1,multiclient-scalability-weak-signal-run-1,veh-05,181,20-clients,default,stationary,unsynced,true,true,clients,20,count,IPI-CooperativeService,1098,1783365233608529917,1783365087194373128,1783365087194429667,,,,,,"CooperativeService{guidedPlanning, status=request, vehicleId=0x7665682d3035, requestedHorizonMs=2500, confidence=100, planning.waypoints=1, offloadTaskId=probe-181, offloadPayload=1024 bytes}"
5g-receiver,1783365087434239601,edge4av-real-20260706-multiclient-scalability-weak-signal-run-1,p5g-scale-mqtt-payload-1024-clients-20,scale,guided-planning,mqtt,,veh-05,rsu-1,p5g-scale-mqtt-payload-1024-clients-20-veh-05-182,ipi-session-1,multiclient-scalability-weak-signal-run-1,veh-05,182,20-clients,default,stationary,unsynced,true,true,clients,20,count,IPI-CooperativeService,1098,1783365233848529447,1783365087434185779,1783365087434239601,,,,,,"CooperativeService{guidedPlanning, status=request, vehicleId=0x7665682d3035, requestedHorizonMs=2500, confidence=100, planning.waypoints=1, offloadTaskId=probe-182, offloadPayload=1024 bytes}"
5g-receiver,1783365087664601929,edge4av-real-20260706-multiclient-scalability-weak-signal-run-1,p5g-scale-mqtt-payload-1024-clients-20,scale,guided-planning,mqtt,,veh-05,rsu-1,p5g-scale-mqtt-payload-1024-clients-20-veh-05-183,ipi-session-1,multiclient-scalability-weak-signal-run-1,veh-05,183,20-clients,default,stationary,unsynced,true,true,clients,20,count,IPI-CooperativeService,1098,1783365234088688087,1783365087664548139,1783365087664601929,,,,,,"CooperativeService{guidedPlanning, status=request, vehicleId=0x7665682d3035, requestedHorizonMs=2500, confidence=100, planning.waypoints=1, offloadTaskId=probe-183, offloadPayload=1024 bytes}"
5g-receiver,1783365087895114434,edge4av-real-20260706-multiclient-scalability-weak-signal-run-1,p5g-scale-mqtt-payload-1024-clients-20,scale,guided-planning,mqtt,,veh-05,rsu-1,p5g-scale-mqtt-payload-1024-clients-20-veh-05-184,ipi-session-1,multiclient-scalability-weak-signal-run-1,veh-05,184,20-clients,default,stationary,unsynced,true,true,clients,20,count,IPI-CooperativeService,1098,1783365234318689059,1783365087895061123,1783365087895114434,,,,,,"CooperativeService{guidedPlanning, status=request, vehicleId=0x7665682d3035, requestedHorizonMs=2500, confidence=100, planning.waypoints=1, offloadTaskId=probe-184, offloadPayload=1024 bytes}"
5g-receiver,1783365088135847428,edge4av-real-20260706-multiclient-scalability-weak-signal-run-1,p5g-scale-mqtt-payload-1024-clients-20,scale,guided-planning,mqtt,,veh-05,rsu-1,p5g-scale-mqtt-payload-1024-clients-20-veh-05-185,ipi-session-1,multiclient-scalability-weak-signal-run-1,veh-05,185,20-clients,default,stationary,unsynced,true,true,clients,20,count,IPI-CooperativeService,1098,1783365234548616847,1783365088135797070,1783365088135847428,,,,,,"CooperativeService{guidedPlanning, status=request, vehicleId=0x7665682d3035, requestedHorizonMs=2500, confidence=100, planning.waypoints=1, offloadTaskId=probe-185, offloadPayload=1024 bytes}"
5g-receiver,1783365088375778668,edge4av-real-20260706-multiclient-scalability-weak-signal-run-1,p5g-scale-mqtt-payload-1024-clients-20,scale,guided-planning,mqtt,,veh-05,rsu-1,p5g-scale-mqtt-payload-1024-clients-20-veh-05-186,ipi-session-1,multiclient-scalability-weak-signal-run-1,veh-05,186,20-clients,default,stationary,unsynced,true,true,clients,20,count,IPI-CooperativeService,1098,1783365234790616637,1783365088375726191,1783365088375778668,,,,,,"CooperativeService{guidedPlanning, status=request, vehicleId=0x7665682d3035, requestedHorizonMs=2500, confidence=100, planning.waypoints=1, offloadTaskId=probe-186, offloadPayload=1024 bytes}"
5g-receiver,1783365088606142673,edge4av-real-20260706-multiclient-scalability-weak-signal-run-1,p5g-scale-mqtt-payload-1024-clients-20,scale,guided-planning,mqtt,,veh-05,rsu-1,p5g-scale-mqtt-payload-1024-clients-20-veh-05-187,ipi-session-1,multiclient-scalability-weak-signal-run-1,veh-05,187,20-clients,default,stationary,unsynced,true,true,clients,20,count,IPI-CooperativeService,1098,1783365235034634397,1783365088606090311,1783365088606142673,,,,,,"CooperativeService{guidedPlanning, status=request, vehicleId=0x7665682d3035, requestedHorizonMs=2500, confidence=100, planning.waypoints=1, offloadTaskId=probe-187, offloadPayload=1024 bytes}"
5g-receiver,1783365088846896677,edge4av-real-20260706-multiclient-scalability-weak-signal-run-1,p5g-scale-mqtt-payload-1024-clients-20,scale,guided-planning,mqtt,,veh-05,rsu-1,p5g-scale-mqtt-payload-1024-clients-20-veh-05-188,ipi-session-1,multiclient-scalability-weak-signal-run-1,veh-05,188,20-clients,default,stationary,unsynced,true,true,clients,20,count,IPI-CooperativeService,1098,1783365235264642255,1783365088846849547,1783365088846896677,,,,,,"CooperativeService{guidedPlanning, status=request, vehicleId=0x7665682d3035, requestedHorizonMs=2500, confidence=100, planning.waypoints=1, offloadTaskId=probe-188, offloadPayload=1024 bytes}"
5g-receiver,1783365089107045518,edge4av-real-20260706-multiclient-scalability-weak-signal-run-1,p5g-scale-mqtt-payload-1024-clients-20,scale,guided-planning,mqtt,,veh-05,rsu-1,p5g-scale-mqtt-payload-1024-clients-20-veh-05-189,ipi-session-1,multiclient-scalability-weak-signal-run-1,veh-05,189,20-clients,default,stationary,unsynced,true,true,clients,20,count,IPI-CooperativeService,1098,1783365235506693688,1783365089106989466,1783365089107045518,,,,,,"CooperativeService{guidedPlanning, status=request, vehicleId=0x7665682d3035, requestedHorizonMs=2500, confidence=100, planning.waypoints=1, offloadTaskId=probe-189, offloadPayload=1024 bytes}"
5g-receiver,1783365089357245870,edge4av-real-20260706-multiclient-scalability-weak-signal-run-1,p5g-scale-mqtt-payload-1024-clients-20,scale,guided-planning,mqtt,,veh-05,rsu-1,p5g-scale-mqtt-payload-1024-clients-20-veh-05-190,ipi-session-1,multiclient-scalability-weak-signal-run-1,veh-05,190,20-clients,default,stationary,unsynced,true,true,clients,20,count,IPI-CooperativeService,1098,1783365235762651033,1783365089357196047,1783365089357245870,,,,,,"CooperativeService{guidedPlanning, status=request, vehicleId=0x7665682d3035, requestedHorizonMs=2500, confidence=100, planning.waypoints=1, offloadTaskId=probe-190, offloadPayload=1024 bytes}"
5g-receiver,1783365089587488773,edge4av-real-20260706-multiclient-scalability-weak-signal-run-1,p5g-scale-mqtt-payload-1024-clients-20,scale,guided-planning,mqtt,,veh-05,rsu-1,p5g-scale-mqtt-payload-1024-clients-20-veh-05-191,ipi-session-1,multiclient-scalability-weak-signal-run-1,veh-05,191,20-clients,default,stationary,unsynced,true,true,clients,20,count,IPI-CooperativeService,1098,1783365236010735819,1783365089587430255,1783365089587488773,,,,,,"CooperativeService{guidedPlanning, status=request, vehicleId=0x7665682d3035, requestedHorizonMs=2500, confidence=100, planning.waypoints=1, offloadTaskId=probe-191, offloadPayload=1024 bytes}"
5g-receiver,1783365089818055675,edge4av-real-20260706-multiclient-scalability-weak-signal-run-1,p5g-scale-mqtt-payload-1024-clients-20,scale,guided-planning,mqtt,,veh-05,rsu-1,p5g-scale-mqtt-payload-1024-clients-20-veh-05-192,ipi-session-1,multiclient-scalability-weak-signal-run-1,veh-05,192,20-clients,default,stationary,unsynced,true,true,clients,20,count,IPI-CooperativeService,1098,1783365236244698505,1783365089818001707,1783365089818055675,,,,,,"CooperativeService{guidedPlanning, status=request, vehicleId=0x7665682d3035, requestedHorizonMs=2500, confidence=100, planning.waypoints=1, offloadTaskId=probe-192, offloadPayload=1024 bytes}"
5g-receiver,1783365090058440780,edge4av-real-20260706-multiclient-scalability-weak-signal-run-1,p5g-scale-mqtt-payload-1024-clients-20,scale,guided-planning,mqtt,,veh-05,rsu-1,p5g-scale-mqtt-payload-1024-clients-20-veh-05-193,ipi-session-1,multiclient-scalability-weak-signal-run-1,veh-05,193,20-clients,default,stationary,unsynced,true,true,clients,20,count,IPI-CooperativeService,1098,1783365236474537722,1783365090058388347,1783365090058440780,,,,,,"CooperativeService{guidedPlanning, status=request, vehicleId=0x7665682d3035, requestedHorizonMs=2500, confidence=100, planning.waypoints=1, offloadTaskId=probe-193, offloadPayload=1024 bytes}"
5g-receiver,1783365090298604869,edge4av-real-20260706-multiclient-scalability-weak-signal-run-1,p5g-scale-mqtt-payload-1024-clients-20,scale,guided-planning,mqtt,,veh-05,rsu-1,p5g-scale-mqtt-payload-1024-clients-20-veh-05-194,ipi-session-1,multiclient-scalability-weak-signal-run-1,veh-05,194,20-clients,default,stationary,unsynced,true,true,clients,20,count,IPI-CooperativeService,1098,1783365236722552731,1783365090298551008,1783365090298604869,,,,,,"CooperativeService{guidedPlanning, status=request, vehicleId=0x7665682d3035, requestedHorizonMs=2500, confidence=100, planning.waypoints=1, offloadTaskId=probe-194, offloadPayload=1024 bytes}"
5g-receiver,1783365090529151044,edge4av-real-20260706-multiclient-scalability-weak-signal-run-1,p5g-scale-mqtt-payload-1024-clients-20,scale,guided-planning,mqtt,,veh-05,rsu-1,p5g-scale-mqtt-payload-1024-clients-20-veh-05-195,ipi-session-1,multiclient-scalability-weak-signal-run-1,veh-05,195,20-clients,default,stationary,unsynced,true,true,clients,20,count,IPI-CooperativeService,1098,1783365236960648150,1783365090529097254,1783365090529151044,,,,,,"CooperativeService{guidedPlanning, status=request, vehicleId=0x7665682d3035, requestedHorizonMs=2500, confidence=100, planning.waypoints=1, offloadTaskId=probe-195, offloadPayload=1024 bytes}"
5g-receiver,1783365090779532711,edge4av-real-20260706-multiclient-scalability-weak-signal-run-1,p5g-scale-mqtt-payload-1024-clients-20,scale,guided-planning,mqtt,,veh-05,rsu-1,p5g-scale-mqtt-payload-1024-clients-20-veh-05-196,ipi-session-1,multiclient-scalability-weak-signal-run-1,veh-05,196,20-clients,default,stationary,unsynced,true,true,clients,20,count,IPI-CooperativeService,1098,1783365237194659706,1783365090779477932,1783365090779532711,,,,,,"CooperativeService{guidedPlanning, status=request, vehicleId=0x7665682d3035, requestedHorizonMs=2500, confidence=100, planning.waypoints=1, offloadTaskId=probe-196, offloadPayload=1024 bytes}"
5g-receiver,1783365091079942148,edge4av-real-20260706-multiclient-scalability-weak-signal-run-1,p5g-scale-mqtt-payload-1024-clients-20,scale,guided-planning,mqtt,,veh-05,rsu-1,p5g-scale-mqtt-payload-1024-clients-20-veh-05-197,ipi-session-1,multiclient-scalability-weak-signal-run-1,veh-05,197,20-clients,default,stationary,unsynced,true,true,clients,20,count,IPI-CooperativeService,1098,1783365237434743155,1783365091079889282,1783365091079942148,,,,,,"CooperativeService{guidedPlanning, status=request, vehicleId=0x7665682d3035, requestedHorizonMs=2500, confidence=100, planning.waypoints=1, offloadTaskId=probe-197, offloadPayload=1024 bytes}"
5g-receiver,1783365091400715302,edge4av-real-20260706-multiclient-scalability-weak-signal-run-1,p5g-scale-mqtt-payload-1024-clients-20,scale,guided-planning,mqtt,,veh-05,rsu-1,p5g-scale-mqtt-payload-1024-clients-20-veh-05-198,ipi-session-1,multiclient-scalability-weak-signal-run-1,veh-05,198,20-clients,default,stationary,unsynced,true,true,clients,20,count,IPI-CooperativeService,1098,1783365237738531077,1783365091400662407,1783365091400715302,,,,,,"CooperativeService{guidedPlanning, status=request, vehicleId=0x7665682d3035, requestedHorizonMs=2500, confidence=100, planning.waypoints=1, offloadTaskId=probe-198, offloadPayload=1024 bytes}"
5g-receiver,1783365091881493447,edge4av-real-20260706-multiclient-scalability-weak-signal-run-1,p5g-scale-mqtt-payload-1024-clients-20,scale,guided-planning,mqtt,,veh-05,rsu-1,p5g-scale-mqtt-payload-1024-clients-20-veh-05-199,ipi-session-1,multiclient-scalability-weak-signal-run-1,veh-05,199,20-clients,default,stationary,unsynced,true,true,clients,20,count,IPI-CooperativeService,1098,1783365238056623442,1783365091881432955,1783365091881493447,,,,,,"CooperativeService{guidedPlanning, status=request, vehicleId=0x7665682d3035, requestedHorizonMs=2500, confidence=100, planning.waypoints=1, offloadTaskId=probe-199, offloadPayload=1024 bytes}"
5g-receiver,1783365092231960938,edge4av-real-20260706-multiclient-scalability-weak-signal-run-1,p5g-scale-mqtt-payload-1024-clients-20,scale,guided-planning,mqtt,,veh-05,rsu-1,p5g-scale-mqtt-payload-1024-clients-20-veh-05-200,ipi-session-1,multiclient-scalability-weak-signal-run-1,veh-05,200,20-clients,default,stationary,unsynced,true,true,clients,20,count,IPI-CooperativeService,1098,1783365238534804415,1783365092231902350,1783365092231960938,,,,,,"CooperativeService{guidedPlanning, status=request, vehicleId=0x7665682d3035, requestedHorizonMs=2500, confidence=100, planning.waypoints=1, offloadTaskId=probe-200, offloadPayload=1024 bytes}"
5g-receiver,1783365092502334730,edge4av-real-20260706-multiclient-scalability-weak-signal-run-1,p5g-scale-mqtt-payload-1024-clients-20,scale,guided-planning,mqtt,,veh-05,rsu-1,p5g-scale-mqtt-payload-1024-clients-20-veh-05-201,ipi-session-1,multiclient-scalability-weak-signal-run-1,veh-05,201,20-clients,default,stationary,unsynced,true,true,clients,20,count,IPI-CooperativeService,1098,1783365238892557136,1783365092502282264,1783365092502334730,,,,,,"CooperativeService{guidedPlanning, status=request, vehicleId=0x7665682d3035, requestedHorizonMs=2500, confidence=100, planning.waypoints=1, offloadTaskId=probe-201, offloadPayload=1024 bytes}"
5g-receiver,1783365092873707170,edge4av-real-20260706-multiclient-scalability-weak-signal-run-1,p5g-scale-mqtt-payload-1024-clients-20,scale,guided-planning,mqtt,,veh-05,rsu-1,p5g-scale-mqtt-payload-1024-clients-20-veh-05-202,ipi-session-1,multiclient-scalability-weak-signal-run-1,veh-05,202,20-clients,default,stationary,unsynced,true,true,clients,20,count,IPI-CooperativeService,1098,1783365239158693017,1783365092873656172,1783365092873707170,,,,,,"CooperativeService{guidedPlanning, status=request, vehicleId=0x7665682d3035, requestedHorizonMs=2500, confidence=100, planning.waypoints=1, offloadTaskId=probe-202, offloadPayload=1024 bytes}"
5g-receiver,1783365093243749283,edge4av-real-20260706-multiclient-scalability-weak-signal-run-1,p5g-scale-mqtt-payload-1024-clients-20,scale,guided-planning,mqtt,,veh-05,rsu-1,p5g-scale-mqtt-payload-1024-clients-20-veh-05-203,ipi-session-1,multiclient-scalability-weak-signal-run-1,veh-05,203,20-clients,default,stationary,unsynced,true,true,clients,20,count,IPI-CooperativeService,1098,1783365239530829791,1783365093243696630,1783365093243749283,,,,,,"CooperativeService{guidedPlanning, status=request, vehicleId=0x7665682d3035, requestedHorizonMs=2500, confidence=100, planning.waypoints=1, offloadTaskId=probe-203, offloadPayload=1024 bytes}"
5g-receiver,1783365093594599271,edge4av-real-20260706-multiclient-scalability-weak-signal-run-1,p5g-scale-mqtt-payload-1024-clients-20,scale,guided-planning,mqtt,,veh-05,rsu-1,p5g-scale-mqtt-payload-1024-clients-20-veh-05-204,ipi-session-1,multiclient-scalability-weak-signal-run-1,veh-05,204,20-clients,default,stationary,unsynced,true,true,clients,20,count,IPI-CooperativeService,1098,1783365239898569585,1783365093594541481,1783365093594599271,,,,,,"CooperativeService{guidedPlanning, status=request, vehicleId=0x7665682d3035, requestedHorizonMs=2500, confidence=100, planning.waypoints=1, offloadTaskId=probe-204, offloadPayload=1024 bytes}"
5g-receiver,1783365093874906718,edge4av-real-20260706-multiclient-scalability-weak-signal-run-1,p5g-scale-mqtt-payload-1024-clients-20,scale,guided-planning,mqtt,,veh-05,rsu-1,p5g-scale-mqtt-payload-1024-clients-20-veh-05-205,ipi-session-1,multiclient-scalability-weak-signal-run-1,veh-05,205,20-clients,default,stationary,unsynced,true,true,clients,20,count,IPI-CooperativeService,1098,1783365240260721443,1783365093874847782,1783365093874906718,,,,,,"CooperativeService{guidedPlanning, status=request, vehicleId=0x7665682d3035, requestedHorizonMs=2500, confidence=100, planning.waypoints=1, offloadTaskId=probe-205, offloadPayload=1024 bytes}"
5g-receiver,1783365094245739262,edge4av-real-20260706-multiclient-scalability-weak-signal-run-1,p5g-scale-mqtt-payload-1024-clients-20,scale,guided-planning,mqtt,,veh-05,rsu-1,p5g-scale-mqtt-payload-1024-clients-20-veh-05-206,ipi-session-1,multiclient-scalability-weak-signal-run-1,veh-05,206,20-clients,default,stationary,unsynced,true,true,clients,20,count,IPI-CooperativeService,1098,1783365240532550217,1783365094245680292,1783365094245739262,,,,,,"CooperativeService{guidedPlanning, status=request, vehicleId=0x7665682d3035, requestedHorizonMs=2500, confidence=100, planning.waypoints=1, offloadTaskId=probe-206, offloadPayload=1024 bytes}"
5g-receiver,1783365094576216026,edge4av-real-20260706-multiclient-scalability-weak-signal-run-1,p5g-scale-mqtt-payload-1024-clients-20,scale,guided-planning,mqtt,,veh-05,rsu-1,p5g-scale-mqtt-payload-1024-clients-20-veh-05-207,ipi-session-1,multiclient-scalability-weak-signal-run-1,veh-05,207,20-clients,default,stationary,unsynced,true,true,clients,20,count,IPI-CooperativeService,1098,1783365240900700059,1783365094576162137,1783365094576216026,,,,,,"CooperativeService{guidedPlanning, status=request, vehicleId=0x7665682d3035, requestedHorizonMs=2500, confidence=100, planning.waypoints=1, offloadTaskId=probe-207, offloadPayload=1024 bytes}"
5g-receiver,1783365094936717662,edge4av-real-20260706-multiclient-scalability-weak-signal-run-1,p5g-scale-mqtt-payload-1024-clients-20,scale,guided-planning,mqtt,,veh-05,rsu-1,p5g-scale-mqtt-payload-1024-clients-20-veh-05-208,ipi-session-1,multiclient-scalability-weak-signal-run-1,veh-05,208,20-clients,default,stationary,unsynced,true,true,clients,20,count,IPI-CooperativeService,1098,1783365241232571726,1783365094936665569,1783365094936717662,,,,,,"CooperativeService{guidedPlanning, status=request, vehicleId=0x7665682d3035, requestedHorizonMs=2500, confidence=100, planning.waypoints=1, offloadTaskId=probe-208, offloadPayload=1024 bytes}"
5g-receiver,1783365095227352627,edge4av-real-20260706-multiclient-scalability-weak-signal-run-1,p5g-scale-mqtt-payload-1024-clients-20,scale,guided-planning,mqtt,,veh-05,rsu-1,p5g-scale-mqtt-payload-1024-clients-20-veh-05-209,ipi-session-1,multiclient-scalability-weak-signal-run-1,veh-05,209,20-clients,default,stationary,unsynced,true,true,clients,20,count,IPI-CooperativeService,1098,1783365241592726176,1783365095227299710,1783365095227352627,,,,,,"CooperativeService{guidedPlanning, status=request, vehicleId=0x7665682d3035, requestedHorizonMs=2500, confidence=100, planning.waypoints=1, offloadTaskId=probe-209, offloadPayload=1024 bytes}"
5g-receiver,1783365095457783538,edge4av-real-20260706-multiclient-scalability-weak-signal-run-1,p5g-scale-mqtt-payload-1024-clients-20,scale,guided-planning,mqtt,,veh-05,rsu-1,p5g-scale-mqtt-payload-1024-clients-20-veh-05-210,ipi-session-1,multiclient-scalability-weak-signal-run-1,veh-05,210,20-clients,default,stationary,unsynced,true,true,clients,20,count,IPI-CooperativeService,1098,1783365241886698153,1783365095457731247,1783365095457783538,,,,,,"CooperativeService{guidedPlanning, status=request, vehicleId=0x7665682d3035, requestedHorizonMs=2500, confidence=100, planning.waypoints=1, offloadTaskId=probe-210, offloadPayload=1024 bytes}"
5g-receiver,1783365095688073264,edge4av-real-20260706-multiclient-scalability-weak-signal-run-1,p5g-scale-mqtt-payload-1024-clients-20,scale,guided-planning,mqtt,,veh-05,rsu-1,p5g-scale-mqtt-payload-1024-clients-20-veh-05-211,ipi-session-1,multiclient-scalability-weak-signal-run-1,veh-05,211,20-clients,default,stationary,unsynced,true,true,clients,20,count,IPI-CooperativeService,1098,1783365242116686504,1783365095688021289,1783365095688073264,,,,,,"CooperativeService{guidedPlanning, status=request, vehicleId=0x7665682d3035, requestedHorizonMs=2500, confidence=100, planning.waypoints=1, offloadTaskId=probe-211, offloadPayload=1024 bytes}"
5g-receiver,1783365095998613708,edge4av-real-20260706-multiclient-scalability-weak-signal-run-1,p5g-scale-mqtt-payload-1024-clients-20,scale,guided-planning,mqtt,,veh-05,rsu-1,p5g-scale-mqtt-payload-1024-clients-20-veh-05-212,ipi-session-1,multiclient-scalability-weak-signal-run-1,veh-05,212,20-clients,default,stationary,unsynced,true,true,clients,20,count,IPI-CooperativeService,1098,1783365242346683660,1783365095998533543,1783365095998613708,,,,,,"CooperativeService{guidedPlanning, status=request, vehicleId=0x7665682d3035, requestedHorizonMs=2500, confidence=100, planning.waypoints=1, offloadTaskId=probe-212, offloadPayload=1024 bytes}"
5g-receiver,1783365096229213433,edge4av-real-20260706-multiclient-scalability-weak-signal-run-1,p5g-scale-mqtt-payload-1024-clients-20,scale,guided-planning,mqtt,,veh-05,rsu-1,p5g-scale-mqtt-payload-1024-clients-20-veh-05-213,ipi-session-1,multiclient-scalability-weak-signal-run-1,veh-05,213,20-clients,default,stationary,unsynced,true,true,clients,20,count,IPI-CooperativeService,1098,1783365242652694834,1783365096229162213,1783365096229213433,,,,,,"CooperativeService{guidedPlanning, status=request, vehicleId=0x7665682d3035, requestedHorizonMs=2500, confidence=100, planning.waypoints=1, offloadTaskId=probe-213, offloadPayload=1024 bytes}"
5g-receiver,1783365096469650196,edge4av-real-20260706-multiclient-scalability-weak-signal-run-1,p5g-scale-mqtt-payload-1024-clients-20,scale,guided-planning,mqtt,,veh-05,rsu-1,p5g-scale-mqtt-payload-1024-clients-20-veh-05-214,ipi-session-1,multiclient-scalability-weak-signal-run-1,veh-05,214,20-clients,default,stationary,unsynced,true,true,clients,20,count,IPI-CooperativeService,1098,1783365242894608799,1783365096469583477,1783365096469650196,,,,,,"CooperativeService{guidedPlanning, status=request, vehicleId=0x7665682d3035, requestedHorizonMs=2500, confidence=100, planning.waypoints=1, offloadTaskId=probe-214, offloadPayload=1024 bytes}"
5g-receiver,1783365096700163531,edge4av-real-20260706-multiclient-scalability-weak-signal-run-1,p5g-scale-mqtt-payload-1024-clients-20,scale,guided-planning,mqtt,,veh-05,rsu-1,p5g-scale-mqtt-payload-1024-clients-20-veh-05-215,ipi-session-1,multiclient-scalability-weak-signal-run-1,veh-05,215,20-clients,default,stationary,unsynced,true,true,clients,20,count,IPI-CooperativeService,1098,1783365243124808277,1783365096700099013,1783365096700163531,,,,,,"CooperativeService{guidedPlanning, status=request, vehicleId=0x7665682d3035, requestedHorizonMs=2500, confidence=100, planning.waypoints=1, offloadTaskId=probe-215, offloadPayload=1024 bytes}"
5g-receiver,1783365096930302411,edge4av-real-20260706-multiclient-scalability-weak-signal-run-1,p5g-scale-mqtt-payload-1024-clients-20,scale,guided-planning,mqtt,,veh-05,rsu-1,p5g-scale-mqtt-payload-1024-clients-20-veh-05-216,ipi-session-1,multiclient-scalability-weak-signal-run-1,veh-05,216,20-clients,default,stationary,unsynced,true,true,clients,20,count,IPI-CooperativeService,1098,1783365243356565006,1783365096930257030,1783365096930302411,,,,,,"CooperativeService{guidedPlanning, status=request, vehicleId=0x7665682d3035, requestedHorizonMs=2500, confidence=100, planning.waypoints=1, offloadTaskId=probe-216, offloadPayload=1024 bytes}"
5g-receiver,1783365097180366511,edge4av-real-20260706-multiclient-scalability-weak-signal-run-1,p5g-scale-mqtt-payload-1024-clients-20,scale,guided-planning,mqtt,,veh-05,rsu-1,p5g-scale-mqtt-payload-1024-clients-20-veh-05-217,ipi-session-1,multiclient-scalability-weak-signal-run-1,veh-05,217,20-clients,default,stationary,unsynced,true,true,clients,20,count,IPI-CooperativeService,1098,1783365243586744585,1783365097180307480,1783365097180366511,,,,,,"CooperativeService{guidedPlanning, status=request, vehicleId=0x7665682d3035, requestedHorizonMs=2500, confidence=100, planning.waypoints=1, offloadTaskId=probe-217, offloadPayload=1024 bytes}"
5g-receiver,1783365097420868831,edge4av-real-20260706-multiclient-scalability-weak-signal-run-1,p5g-scale-mqtt-payload-1024-clients-20,scale,guided-planning,mqtt,,veh-05,rsu-1,p5g-scale-mqtt-payload-1024-clients-20-veh-05-218,ipi-session-1,multiclient-scalability-weak-signal-run-1,veh-05,218,20-clients,default,stationary,unsynced,true,true,clients,20,count,IPI-CooperativeService,1098,1783365243836685150,1783365097420815945,1783365097420868831,,,,,,"CooperativeService{guidedPlanning, status=request, vehicleId=0x7665682d3035, requestedHorizonMs=2500, confidence=100, planning.waypoints=1, offloadTaskId=probe-218, offloadPayload=1024 bytes}"
5g-receiver,1783365097661050499,edge4av-real-20260706-multiclient-scalability-weak-signal-run-1,p5g-scale-mqtt-payload-1024-clients-20,scale,guided-planning,mqtt,,veh-05,rsu-1,p5g-scale-mqtt-payload-1024-clients-20-veh-05-219,ipi-session-1,multiclient-scalability-weak-signal-run-1,veh-05,219,20-clients,default,stationary,unsynced,true,true,clients,20,count,IPI-CooperativeService,1098,1783365244080531139,1783365097661005417,1783365097661050499,,,,,,"CooperativeService{guidedPlanning, status=request, vehicleId=0x7665682d3035, requestedHorizonMs=2500, confidence=100, planning.waypoints=1, offloadTaskId=probe-219, offloadPayload=1024 bytes}"
5g-receiver,1783365097941659568,edge4av-real-20260706-multiclient-scalability-weak-signal-run-1,p5g-scale-mqtt-payload-1024-clients-20,scale,guided-planning,mqtt,,veh-05,rsu-1,p5g-scale-mqtt-payload-1024-clients-20-veh-05-220,ipi-session-1,multiclient-scalability-weak-signal-run-1,veh-05,220,20-clients,default,stationary,unsynced,true,true,clients,20,count,IPI-CooperativeService,1098,1783365244320670390,1783365097941619594,1783365097941659568,,,,,,"CooperativeService{guidedPlanning, status=request, vehicleId=0x7665682d3035, requestedHorizonMs=2500, confidence=100, planning.waypoints=1, offloadTaskId=probe-220, offloadPayload=1024 bytes}"
5g-receiver,1783365098182282509,edge4av-real-20260706-multiclient-scalability-weak-signal-run-1,p5g-scale-mqtt-payload-1024-clients-20,scale,guided-planning,mqtt,,veh-05,rsu-1,p5g-scale-mqtt-payload-1024-clients-20-veh-05-221,ipi-session-1,multiclient-scalability-weak-signal-run-1,veh-05,221,20-clients,default,stationary,unsynced,true,true,clients,20,count,IPI-CooperativeService,1098,1783365244600783701,1783365098182223332,1783365098182282509,,,,,,"CooperativeService{guidedPlanning, status=request, vehicleId=0x7665682d3035, requestedHorizonMs=2500, confidence=100, planning.waypoints=1, offloadTaskId=probe-221, offloadPayload=1024 bytes}"
5g-receiver,1783365098413419882,edge4av-real-20260706-multiclient-scalability-weak-signal-run-1,p5g-scale-mqtt-payload-1024-clients-20,scale,guided-planning,mqtt,,veh-05,rsu-1,p5g-scale-mqtt-payload-1024-clients-20-veh-05-222,ipi-session-1,multiclient-scalability-weak-signal-run-1,veh-05,222,20-clients,default,stationary,unsynced,true,true,clients,20,count,IPI-CooperativeService,1098,1783365244842671626,1783365098413369222,1783365098413419882,,,,,,"CooperativeService{guidedPlanning, status=request, vehicleId=0x7665682d3035, requestedHorizonMs=2500, confidence=100, planning.waypoints=1, offloadTaskId=probe-222, offloadPayload=1024 bytes}"
5g-receiver,1783365098652755020,edge4av-real-20260706-multiclient-scalability-weak-signal-run-1,p5g-scale-mqtt-payload-1024-clients-20,scale,guided-planning,mqtt,,veh-05,rsu-1,p5g-scale-mqtt-payload-1024-clients-20-veh-05-223,ipi-session-1,multiclient-scalability-weak-signal-run-1,veh-05,223,20-clients,default,stationary,unsynced,true,true,clients,20,count,IPI-CooperativeService,1098,1783365245068643986,1783365098652695279,1783365098652755020,,,,,,"CooperativeService{guidedPlanning, status=request, vehicleId=0x7665682d3035, requestedHorizonMs=2500, confidence=100, planning.waypoints=1, offloadTaskId=probe-223, offloadPayload=1024 bytes}"
5g-receiver,1783365098883436235,edge4av-real-20260706-multiclient-scalability-weak-signal-run-1,p5g-scale-mqtt-payload-1024-clients-20,scale,guided-planning,mqtt,,veh-05,rsu-1,p5g-scale-mqtt-payload-1024-clients-20-veh-05-224,ipi-session-1,multiclient-scalability-weak-signal-run-1,veh-05,224,20-clients,default,stationary,unsynced,true,true,clients,20,count,IPI-CooperativeService,1098,1783365245310713582,1783365098883378039,1783365098883436235,,,,,,"CooperativeService{guidedPlanning, status=request, vehicleId=0x7665682d3035, requestedHorizonMs=2500, confidence=100, planning.waypoints=1, offloadTaskId=probe-224, offloadPayload=1024 bytes}"
5g-receiver,1783365099123510584,edge4av-real-20260706-multiclient-scalability-weak-signal-run-1,p5g-scale-mqtt-payload-1024-clients-20,scale,guided-planning,mqtt,,veh-05,rsu-1,p5g-scale-mqtt-payload-1024-clients-20-veh-05-225,ipi-session-1,multiclient-scalability-weak-signal-run-1,veh-05,225,20-clients,default,stationary,unsynced,true,true,clients,20,count,IPI-CooperativeService,1098,1783365245544547936,1783365099123437201,1783365099123510584,,,,,,"CooperativeService{guidedPlanning, status=request, vehicleId=0x7665682d3035, requestedHorizonMs=2500, confidence=100, planning.waypoints=1, offloadTaskId=probe-225, offloadPayload=1024 bytes}"
5g-receiver,1783365099364145442,edge4av-real-20260706-multiclient-scalability-weak-signal-run-1,p5g-scale-mqtt-payload-1024-clients-20,scale,guided-planning,mqtt,,veh-05,rsu-1,p5g-scale-mqtt-payload-1024-clients-20-veh-05-226,ipi-session-1,multiclient-scalability-weak-signal-run-1,veh-05,226,20-clients,default,stationary,unsynced,true,true,clients,20,count,IPI-CooperativeService,1098,1783365245780658660,1783365099364089644,1783365099364145442,,,,,,"CooperativeService{guidedPlanning, status=request, vehicleId=0x7665682d3035, requestedHorizonMs=2500, confidence=100, planning.waypoints=1, offloadTaskId=probe-226, offloadPayload=1024 bytes}"
5g-receiver,1783365099594395115,edge4av-real-20260706-multiclient-scalability-weak-signal-run-1,p5g-scale-mqtt-payload-1024-clients-20,scale,guided-planning,mqtt,,veh-05,rsu-1,p5g-scale-mqtt-payload-1024-clients-20-veh-05-227,ipi-session-1,multiclient-scalability-weak-signal-run-1,veh-05,227,20-clients,default,stationary,unsynced,true,true,clients,20,count,IPI-CooperativeService,1098,1783365246020563584,1783365099594322281,1783365099594395115,,,,,,"CooperativeService{guidedPlanning, status=request, vehicleId=0x7665682d3035, requestedHorizonMs=2500, confidence=100, planning.waypoints=1, offloadTaskId=probe-227, offloadPayload=1024 bytes}"
5g-receiver,1783365099834927140,edge4av-real-20260706-multiclient-scalability-weak-signal-run-1,p5g-scale-mqtt-payload-1024-clients-20,scale,guided-planning,mqtt,,veh-05,rsu-1,p5g-scale-mqtt-payload-1024-clients-20-veh-05-228,ipi-session-1,multiclient-scalability-weak-signal-run-1,veh-05,228,20-clients,default,stationary,unsynced,true,true,clients,20,count,IPI-CooperativeService,1098,1783365246248629145,1783365099834837445,1783365099834927140,,,,,,"CooperativeService{guidedPlanning, status=request, vehicleId=0x7665682d3035, requestedHorizonMs=2500, confidence=100, planning.waypoints=1, offloadTaskId=probe-228, offloadPayload=1024 bytes}"
5g-receiver,1783365100065388997,edge4av-real-20260706-multiclient-scalability-weak-signal-run-1,p5g-scale-mqtt-payload-1024-clients-20,scale,guided-planning,mqtt,,veh-05,rsu-1,p5g-scale-mqtt-payload-1024-clients-20-veh-05-229,ipi-session-1,multiclient-scalability-weak-signal-run-1,veh-05,229,20-clients,default,stationary,unsynced,true,true,clients,20,count,IPI-CooperativeService,1098,1783365246490703615,1783365100065330846,1783365100065388997,,,,,,"CooperativeService{guidedPlanning, status=request, vehicleId=0x7665682d3035, requestedHorizonMs=2500, confidence=100, planning.waypoints=1, offloadTaskId=probe-229, offloadPayload=1024 bytes}"
5g-receiver,1783365100315369292,edge4av-real-20260706-multiclient-scalability-weak-signal-run-1,p5g-scale-mqtt-payload-1024-clients-20,scale,guided-planning,mqtt,,veh-05,rsu-1,p5g-scale-mqtt-payload-1024-clients-20-veh-05-230,ipi-session-1,multiclient-scalability-weak-signal-run-1,veh-05,230,20-clients,default,stationary,unsynced,true,true,clients,20,count,IPI-CooperativeService,1098,1783365246724452946,1783365100315310268,1783365100315369292,,,,,,"CooperativeService{guidedPlanning, status=request, vehicleId=0x7665682d3035, requestedHorizonMs=2500, confidence=100, planning.waypoints=1, offloadTaskId=probe-230, offloadPayload=1024 bytes}"
5g-receiver,1783365100555913505,edge4av-real-20260706-multiclient-scalability-weak-signal-run-1,p5g-scale-mqtt-payload-1024-clients-20,scale,guided-planning,mqtt,,veh-05,rsu-1,p5g-scale-mqtt-payload-1024-clients-20-veh-05-231,ipi-session-1,multiclient-scalability-weak-signal-run-1,veh-05,231,20-clients,default,stationary,unsynced,true,true,clients,20,count,IPI-CooperativeService,1098,1783365246974676678,1783365100555861526,1783365100555913505,,,,,,"CooperativeService{guidedPlanning, status=request, vehicleId=0x7665682d3035, requestedHorizonMs=2500, confidence=100, planning.waypoints=1, offloadTaskId=probe-231, offloadPayload=1024 bytes}"
5g-receiver,1783365100876650397,edge4av-real-20260706-multiclient-scalability-weak-signal-run-1,p5g-scale-mqtt-payload-1024-clients-20,scale,guided-planning,mqtt,,veh-05,rsu-1,p5g-scale-mqtt-payload-1024-clients-20-veh-05-232,ipi-session-1,multiclient-scalability-weak-signal-run-1,veh-05,232,20-clients,default,stationary,unsynced,true,true,clients,20,count,IPI-CooperativeService,1098,1783365247212718904,1783365100876592017,1783365100876650397,,,,,,"CooperativeService{guidedPlanning, status=request, vehicleId=0x7665682d3035, requestedHorizonMs=2500, confidence=100, planning.waypoints=1, offloadTaskId=probe-232, offloadPayload=1024 bytes}"
5g-receiver,1783365101227252545,edge4av-real-20260706-multiclient-scalability-weak-signal-run-1,p5g-scale-mqtt-payload-1024-clients-20,scale,guided-planning,mqtt,,veh-05,rsu-1,p5g-scale-mqtt-payload-1024-clients-20-veh-05-233,ipi-session-1,multiclient-scalability-weak-signal-run-1,veh-05,233,20-clients,default,stationary,unsynced,true,true,clients,20,count,IPI-CooperativeService,1098,1783365247532613851,1783365101227194067,1783365101227252545,,,,,,"CooperativeService{guidedPlanning, status=request, vehicleId=0x7665682d3035, requestedHorizonMs=2500, confidence=100, planning.waypoints=1, offloadTaskId=probe-233, offloadPayload=1024 bytes}"
5g-receiver,1783365101537587056,edge4av-real-20260706-multiclient-scalability-weak-signal-run-1,p5g-scale-mqtt-payload-1024-clients-20,scale,guided-planning,mqtt,,veh-05,rsu-1,p5g-scale-mqtt-payload-1024-clients-20-veh-05-234,ipi-session-1,multiclient-scalability-weak-signal-run-1,veh-05,234,20-clients,default,stationary,unsynced,true,true,clients,20,count,IPI-CooperativeService,1098,1783365247882952292,1783365101537535244,1783365101537587056,,,,,,"CooperativeService{guidedPlanning, status=request, vehicleId=0x7665682d3035, requestedHorizonMs=2500, confidence=100, planning.waypoints=1, offloadTaskId=probe-234, offloadPayload=1024 bytes}"
5g-receiver,1783365101777863576,edge4av-real-20260706-multiclient-scalability-weak-signal-run-1,p5g-scale-mqtt-payload-1024-clients-20,scale,guided-planning,mqtt,,veh-05,rsu-1,p5g-scale-mqtt-payload-1024-clients-20-veh-05-235,ipi-session-1,multiclient-scalability-weak-signal-run-1,veh-05,235,20-clients,default,stationary,unsynced,true,true,clients,20,count,IPI-CooperativeService,1098,1783365248192664701,1783365101777813733,1783365101777863576,,,,,,"CooperativeService{guidedPlanning, status=request, vehicleId=0x7665682d3035, requestedHorizonMs=2500, confidence=100, planning.waypoints=1, offloadTaskId=probe-235, offloadPayload=1024 bytes}"
5g-receiver,1783365102028465273,edge4av-real-20260706-multiclient-scalability-weak-signal-run-1,p5g-scale-mqtt-payload-1024-clients-20,scale,guided-planning,mqtt,,veh-05,rsu-1,p5g-scale-mqtt-payload-1024-clients-20-veh-05-236,ipi-session-1,multiclient-scalability-weak-signal-run-1,veh-05,236,20-clients,default,stationary,unsynced,true,true,clients,20,count,IPI-CooperativeService,1098,1783365248434558203,1783365102028412513,1783365102028465273,,,,,,"CooperativeService{guidedPlanning, status=request, vehicleId=0x7665682d3035, requestedHorizonMs=2500, confidence=100, planning.waypoints=1, offloadTaskId=probe-236, offloadPayload=1024 bytes}"
5g-receiver,1783365102258742030,edge4av-real-20260706-multiclient-scalability-weak-signal-run-1,p5g-scale-mqtt-payload-1024-clients-20,scale,guided-planning,mqtt,,veh-05,rsu-1,p5g-scale-mqtt-payload-1024-clients-20-veh-05-237,ipi-session-1,multiclient-scalability-weak-signal-run-1,veh-05,237,20-clients,default,stationary,unsynced,true,true,clients,20,count,IPI-CooperativeService,1098,1783365248686622136,1783365102258688635,1783365102258742030,,,,,,"CooperativeService{guidedPlanning, status=request, vehicleId=0x7665682d3035, requestedHorizonMs=2500, confidence=100, planning.waypoints=1, offloadTaskId=probe-237, offloadPayload=1024 bytes}"
5g-receiver,1783365102499360880,edge4av-real-20260706-multiclient-scalability-weak-signal-run-1,p5g-scale-mqtt-payload-1024-clients-20,scale,guided-planning,mqtt,,veh-05,rsu-1,p5g-scale-mqtt-payload-1024-clients-20-veh-05-238,ipi-session-1,multiclient-scalability-weak-signal-run-1,veh-05,238,20-clients,default,stationary,unsynced,true,true,clients,20,count,IPI-CooperativeService,1098,1783365248918697051,1783365102499296874,1783365102499360880,,,,,,"CooperativeService{guidedPlanning, status=request, vehicleId=0x7665682d3035, requestedHorizonMs=2500, confidence=100, planning.waypoints=1, offloadTaskId=probe-238, offloadPayload=1024 bytes}"
5g-receiver,1783365102739665687,edge4av-real-20260706-multiclient-scalability-weak-signal-run-1,p5g-scale-mqtt-payload-1024-clients-20,scale,guided-planning,mqtt,,veh-05,rsu-1,p5g-scale-mqtt-payload-1024-clients-20-veh-05-239,ipi-session-1,multiclient-scalability-weak-signal-run-1,veh-05,239,20-clients,default,stationary,unsynced,true,true,clients,20,count,IPI-CooperativeService,1098,1783365249158535698,1783365102739614009,1783365102739665687,,,,,,"CooperativeService{guidedPlanning, status=request, vehicleId=0x7665682d3035, requestedHorizonMs=2500, confidence=100, planning.waypoints=1, offloadTaskId=probe-239, offloadPayload=1024 bytes}"
5g-receiver,1783365102970056968,edge4av-real-20260706-multiclient-scalability-weak-signal-run-1,p5g-scale-mqtt-payload-1024-clients-20,scale,guided-planning,mqtt,,veh-05,rsu-1,p5g-scale-mqtt-payload-1024-clients-20-veh-05-240,ipi-session-1,multiclient-scalability-weak-signal-run-1,veh-05,240,20-clients,default,stationary,unsynced,true,true,clients,20,count,IPI-CooperativeService,1098,1783365249394675514,1783365102970003171,1783365102970056968,,,,,,"CooperativeService{guidedPlanning, status=request, vehicleId=0x7665682d3035, requestedHorizonMs=2500, confidence=100, planning.waypoints=1, offloadTaskId=probe-240, offloadPayload=1024 bytes}"
5g-receiver,1783365103220520331,edge4av-real-20260706-multiclient-scalability-weak-signal-run-1,p5g-scale-mqtt-payload-1024-clients-20,scale,guided-planning,mqtt,,veh-05,rsu-1,p5g-scale-mqtt-payload-1024-clients-20-veh-05-241,ipi-session-1,multiclient-scalability-weak-signal-run-1,veh-05,241,20-clients,default,stationary,unsynced,true,true,clients,20,count,IPI-CooperativeService,1098,1783365249624714461,1783365103220446300,1783365103220520331,,,,,,"CooperativeService{guidedPlanning, status=request, vehicleId=0x7665682d3035, requestedHorizonMs=2500, confidence=100, planning.waypoints=1, offloadTaskId=probe-241, offloadPayload=1024 bytes}"
5g-receiver,1783365103471678535,edge4av-real-20260706-multiclient-scalability-weak-signal-run-1,p5g-scale-mqtt-payload-1024-clients-20,scale,guided-planning,mqtt,,veh-05,rsu-1,p5g-scale-mqtt-payload-1024-clients-20-veh-05-242,ipi-session-1,multiclient-scalability-weak-signal-run-1,veh-05,242,20-clients,default,stationary,unsynced,true,true,clients,20,count,IPI-CooperativeService,1098,1783365249878703097,1783365103471633578,1783365103471678535,,,,,,"CooperativeService{guidedPlanning, status=request, vehicleId=0x7665682d3035, requestedHorizonMs=2500, confidence=100, planning.waypoints=1, offloadTaskId=probe-242, offloadPayload=1024 bytes}"
5g-receiver,1783365103722392176,edge4av-real-20260706-multiclient-scalability-weak-signal-run-1,p5g-scale-mqtt-payload-1024-clients-20,scale,guided-planning,mqtt,,veh-05,rsu-1,p5g-scale-mqtt-payload-1024-clients-20-veh-05-243,ipi-session-1,multiclient-scalability-weak-signal-run-1,veh-05,243,20-clients,default,stationary,unsynced,true,true,clients,20,count,IPI-CooperativeService,1098,1783365250134790560,1783365103722334844,1783365103722392176,,,,,,"CooperativeService{guidedPlanning, status=request, vehicleId=0x7665682d3035, requestedHorizonMs=2500, confidence=100, planning.waypoints=1, offloadTaskId=probe-243, offloadPayload=1024 bytes}"
5g-receiver,1783365103971841856,edge4av-real-20260706-multiclient-scalability-weak-signal-run-1,p5g-scale-mqtt-payload-1024-clients-20,scale,guided-planning,mqtt,,veh-05,rsu-1,p5g-scale-mqtt-payload-1024-clients-20-veh-05-244,ipi-session-1,multiclient-scalability-weak-signal-run-1,veh-05,244,20-clients,default,stationary,unsynced,true,true,clients,20,count,IPI-CooperativeService,1098,1783365250380676198,1783365103971758381,1783365103971841856,,,,,,"CooperativeService{guidedPlanning, status=request, vehicleId=0x7665682d3035, requestedHorizonMs=2500, confidence=100, planning.waypoints=1, offloadTaskId=probe-244, offloadPayload=1024 bytes}"
5g-receiver,1783365104222435347,edge4av-real-20260706-multiclient-scalability-weak-signal-run-1,p5g-scale-mqtt-payload-1024-clients-20,scale,guided-planning,mqtt,,veh-05,rsu-1,p5g-scale-mqtt-payload-1024-clients-20-veh-05-245,ipi-session-1,multiclient-scalability-weak-signal-run-1,veh-05,245,20-clients,default,stationary,unsynced,true,true,clients,20,count,IPI-CooperativeService,1098,1783365250628563090,1783365104222369240,1783365104222435347,,,,,,"CooperativeService{guidedPlanning, status=request, vehicleId=0x7665682d3035, requestedHorizonMs=2500, confidence=100, planning.waypoints=1, offloadTaskId=probe-245, offloadPayload=1024 bytes}"
5g-receiver,1783365104452780223,edge4av-real-20260706-multiclient-scalability-weak-signal-run-1,p5g-scale-mqtt-payload-1024-clients-20,scale,guided-planning,mqtt,,veh-05,rsu-1,p5g-scale-mqtt-payload-1024-clients-20-veh-05-246,ipi-session-1,multiclient-scalability-weak-signal-run-1,veh-05,246,20-clients,default,stationary,unsynced,true,true,clients,20,count,IPI-CooperativeService,1098,1783365250878702314,1783365104452722038,1783365104452780223,,,,,,"CooperativeService{guidedPlanning, status=request, vehicleId=0x7665682d3035, requestedHorizonMs=2500, confidence=100, planning.waypoints=1, offloadTaskId=probe-246, offloadPayload=1024 bytes}"
5g-receiver,1783365104693186182,edge4av-real-20260706-multiclient-scalability-weak-signal-run-1,p5g-scale-mqtt-payload-1024-clients-20,scale,guided-planning,mqtt,,veh-05,rsu-1,p5g-scale-mqtt-payload-1024-clients-20-veh-05-247,ipi-session-1,multiclient-scalability-weak-signal-run-1,veh-05,247,20-clients,default,stationary,unsynced,true,true,clients,20,count,IPI-CooperativeService,1098,1783365251108695313,1783365104693135036,1783365104693186182,,,,,,"CooperativeService{guidedPlanning, status=request, vehicleId=0x7665682d3035, requestedHorizonMs=2500, confidence=100, planning.waypoints=1, offloadTaskId=probe-247, offloadPayload=1024 bytes}"
5g-receiver,1783365104953666205,edge4av-real-20260706-multiclient-scalability-weak-signal-run-1,p5g-scale-mqtt-payload-1024-clients-20,scale,guided-planning,mqtt,,veh-05,rsu-1,p5g-scale-mqtt-payload-1024-clients-20-veh-05-248,ipi-session-1,multiclient-scalability-weak-signal-run-1,veh-05,248,20-clients,default,stationary,unsynced,true,true,clients,20,count,IPI-CooperativeService,1098,1783365251355285158,1783365104953609179,1783365104953666205,,,,,,"CooperativeService{guidedPlanning, status=request, vehicleId=0x7665682d3035, requestedHorizonMs=2500, confidence=100, planning.waypoints=1, offloadTaskId=probe-248, offloadPayload=1024 bytes}"
5g-receiver,1783365105203802502,edge4av-real-20260706-multiclient-scalability-weak-signal-run-1,p5g-scale-mqtt-payload-1024-clients-20,scale,guided-planning,mqtt,,veh-05,rsu-1,p5g-scale-mqtt-payload-1024-clients-20-veh-05-249,ipi-session-1,multiclient-scalability-weak-signal-run-1,veh-05,249,20-clients,default,stationary,unsynced,true,true,clients,20,count,IPI-CooperativeService,1098,1783365251610702475,1783365105203732688,1783365105203802502,,,,,,"CooperativeService{guidedPlanning, status=request, vehicleId=0x7665682d3035, requestedHorizonMs=2500, confidence=100, planning.waypoints=1, offloadTaskId=probe-249, offloadPayload=1024 bytes}"
5g-receiver,1783365105454571229,edge4av-real-20260706-multiclient-scalability-weak-signal-run-1,p5g-scale-mqtt-payload-1024-clients-20,scale,guided-planning,mqtt,,veh-05,rsu-1,p5g-scale-mqtt-payload-1024-clients-20-veh-05-250,ipi-session-1,multiclient-scalability-weak-signal-run-1,veh-05,250,20-clients,default,stationary,unsynced,true,true,clients,20,count,IPI-CooperativeService,1098,1783365251858559639,1783365105454512882,1783365105454571229,,,,,,"CooperativeService{guidedPlanning, status=request, vehicleId=0x7665682d3035, requestedHorizonMs=2500, confidence=100, planning.waypoints=1, offloadTaskId=probe-250, offloadPayload=1024 bytes}"
5g-receiver,1783365105695054475,edge4av-real-20260706-multiclient-scalability-weak-signal-run-1,p5g-scale-mqtt-payload-1024-clients-20,scale,guided-planning,mqtt,,veh-05,rsu-1,p5g-scale-mqtt-payload-1024-clients-20-veh-05-251,ipi-session-1,multiclient-scalability-weak-signal-run-1,veh-05,251,20-clients,default,stationary,unsynced,true,true,clients,20,count,IPI-CooperativeService,1098,1783365252112761278,1783365105694997155,1783365105695054475,,,,,,"CooperativeService{guidedPlanning, status=request, vehicleId=0x7665682d3035, requestedHorizonMs=2500, confidence=100, planning.waypoints=1, offloadTaskId=probe-251, offloadPayload=1024 bytes}"
5g-receiver,1783365106045506771,edge4av-real-20260706-multiclient-scalability-weak-signal-run-1,p5g-scale-mqtt-payload-1024-clients-20,scale,guided-planning,mqtt,,veh-05,rsu-1,p5g-scale-mqtt-payload-1024-clients-20-veh-05-252,ipi-session-1,multiclient-scalability-weak-signal-run-1,veh-05,252,20-clients,default,stationary,unsynced,true,true,clients,20,count,IPI-CooperativeService,1098,1783365252352525137,1783365106045448748,1783365106045506771,,,,,,"CooperativeService{guidedPlanning, status=request, vehicleId=0x7665682d3035, requestedHorizonMs=2500, confidence=100, planning.waypoints=1, offloadTaskId=probe-252, offloadPayload=1024 bytes}"
5g-receiver,1783365106406515276,edge4av-real-20260706-multiclient-scalability-weak-signal-run-1,p5g-scale-mqtt-payload-1024-clients-20,scale,guided-planning,mqtt,,veh-05,rsu-1,p5g-scale-mqtt-payload-1024-clients-20-veh-05-253,ipi-session-1,multiclient-scalability-weak-signal-run-1,veh-05,253,20-clients,default,stationary,unsynced,true,true,clients,20,count,IPI-CooperativeService,1098,1783365252700693265,1783365106406414323,1783365106406515276,,,,,,"CooperativeService{guidedPlanning, status=request, vehicleId=0x7665682d3035, requestedHorizonMs=2500, confidence=100, planning.waypoints=1, offloadTaskId=probe-253, offloadPayload=1024 bytes}"
5g-receiver,1783365106747312893,edge4av-real-20260706-multiclient-scalability-weak-signal-run-1,p5g-scale-mqtt-payload-1024-clients-20,scale,guided-planning,mqtt,,veh-05,rsu-1,p5g-scale-mqtt-payload-1024-clients-20-veh-05-254,ipi-session-1,multiclient-scalability-weak-signal-run-1,veh-05,254,20-clients,default,stationary,unsynced,true,true,clients,20,count,IPI-CooperativeService,1098,1783365253064950731,1783365106747252442,1783365106747312893,,,,,,"CooperativeService{guidedPlanning, status=request, vehicleId=0x7665682d3035, requestedHorizonMs=2500, confidence=100, planning.waypoints=1, offloadTaskId=probe-254, offloadPayload=1024 bytes}"
5g-receiver,1783365107066821493,edge4av-real-20260706-multiclient-scalability-weak-signal-run-1,p5g-scale-mqtt-payload-1024-clients-20,scale,guided-planning,mqtt,,veh-05,rsu-1,p5g-scale-mqtt-payload-1024-clients-20-veh-05-255,ipi-session-1,multiclient-scalability-weak-signal-run-1,veh-05,255,20-clients,default,stationary,unsynced,true,true,clients,20,count,IPI-CooperativeService,1098,1783365253408748428,1783365107066797626,1783365107066821493,,,,,,"CooperativeService{guidedPlanning, status=request, vehicleId=0x7665682d3035, requestedHorizonMs=2500, confidence=100, planning.waypoints=1, offloadTaskId=probe-255, offloadPayload=1024 bytes}"
5g-receiver,1783365107398091438,edge4av-real-20260706-multiclient-scalability-weak-signal-run-1,p5g-scale-mqtt-payload-1024-clients-20,scale,guided-planning,mqtt,,veh-05,rsu-1,p5g-scale-mqtt-payload-1024-clients-20-veh-05-256,ipi-session-1,multiclient-scalability-weak-signal-run-1,veh-05,256,20-clients,default,stationary,unsynced,true,true,clients,20,count,IPI-CooperativeService,1098,1783365253730706666,1783365107398038416,1783365107398091438,,,,,,"CooperativeService{guidedPlanning, status=request, vehicleId=0x7665682d3035, requestedHorizonMs=2500, confidence=100, planning.waypoints=1, offloadTaskId=probe-256, offloadPayload=1024 bytes}"
5g-receiver,1783365107748860324,edge4av-real-20260706-multiclient-scalability-weak-signal-run-1,p5g-scale-mqtt-payload-1024-clients-20,scale,guided-planning,mqtt,,veh-05,rsu-1,p5g-scale-mqtt-payload-1024-clients-20-veh-05-257,ipi-session-1,multiclient-scalability-weak-signal-run-1,veh-05,257,20-clients,default,stationary,unsynced,true,true,clients,20,count,IPI-CooperativeService,1098,1783365254054689642,1783365107748802562,1783365107748860324,,,,,,"CooperativeService{guidedPlanning, status=request, vehicleId=0x7665682d3035, requestedHorizonMs=2500, confidence=100, planning.waypoints=1, offloadTaskId=probe-257, offloadPayload=1024 bytes}"
5g-receiver,1783365108360006230,edge4av-real-20260706-multiclient-scalability-weak-signal-run-1,p5g-scale-mqtt-payload-1024-clients-20,scale,guided-planning,mqtt,,veh-05,rsu-1,p5g-scale-mqtt-payload-1024-clients-20-veh-05-258,ipi-session-1,multiclient-scalability-weak-signal-run-1,veh-05,258,20-clients,default,stationary,unsynced,true,true,clients,20,count,IPI-CooperativeService,1098,1783365254634562338,1783365108359946439,1783365108360006230,,,,,,"CooperativeService{guidedPlanning, status=request, vehicleId=0x7665682d3035, requestedHorizonMs=2500, confidence=100, planning.waypoints=1, offloadTaskId=probe-258, offloadPayload=1024 bytes}"
5g-receiver,1783365108720713285,edge4av-real-20260706-multiclient-scalability-weak-signal-run-1,p5g-scale-mqtt-payload-1024-clients-20,scale,guided-planning,mqtt,,veh-05,rsu-1,p5g-scale-mqtt-payload-1024-clients-20-veh-05-259,ipi-session-1,multiclient-scalability-weak-signal-run-1,veh-05,259,20-clients,default,stationary,unsynced,true,true,clients,20,count,IPI-CooperativeService,1098,1783365255014779569,1783365108720639852,1783365108720713285,,,,,,"CooperativeService{guidedPlanning, status=request, vehicleId=0x7665682d3035, requestedHorizonMs=2500, confidence=100, planning.waypoints=1, offloadTaskId=probe-259, offloadPayload=1024 bytes}"
5g-receiver,1783365109081293869,edge4av-real-20260706-multiclient-scalability-weak-signal-run-1,p5g-scale-mqtt-payload-1024-clients-20,scale,guided-planning,mqtt,,veh-05,rsu-1,p5g-scale-mqtt-payload-1024-clients-20-veh-05-260,ipi-session-1,multiclient-scalability-weak-signal-run-1,veh-05,260,20-clients,default,stationary,unsynced,true,true,clients,20,count,IPI-CooperativeService,1098,1783365255376641113,1783365109081224813,1783365109081293869,,,,,,"CooperativeService{guidedPlanning, status=request, vehicleId=0x7665682d3035, requestedHorizonMs=2500, confidence=100, planning.waypoints=1, offloadTaskId=probe-260, offloadPayload=1024 bytes}"
5g-receiver,1783365109441960547,edge4av-real-20260706-multiclient-scalability-weak-signal-run-1,p5g-scale-mqtt-payload-1024-clients-20,scale,guided-planning,mqtt,,veh-05,rsu-1,p5g-scale-mqtt-payload-1024-clients-20-veh-05-261,ipi-session-1,multiclient-scalability-weak-signal-run-1,veh-05,261,20-clients,default,stationary,unsynced,true,true,clients,20,count,IPI-CooperativeService,1098,1783365255738571086,1783365109441901911,1783365109441960547,,,,,,"CooperativeService{guidedPlanning, status=request, vehicleId=0x7665682d3035, requestedHorizonMs=2500, confidence=100, planning.waypoints=1, offloadTaskId=probe-261, offloadPayload=1024 bytes}"
5g-receiver,1783365109772484302,edge4av-real-20260706-multiclient-scalability-weak-signal-run-1,p5g-scale-mqtt-payload-1024-clients-20,scale,guided-planning,mqtt,,veh-05,rsu-1,p5g-scale-mqtt-payload-1024-clients-20-veh-05-262,ipi-session-1,multiclient-scalability-weak-signal-run-1,veh-05,262,20-clients,default,stationary,unsynced,true,true,clients,20,count,IPI-CooperativeService,1098,1783365256100628871,1783365109772423516,1783365109772484302,,,,,,"CooperativeService{guidedPlanning, status=request, vehicleId=0x7665682d3035, requestedHorizonMs=2500, confidence=100, planning.waypoints=1, offloadTaskId=probe-262, offloadPayload=1024 bytes}"
5g-receiver,1783365110123164648,edge4av-real-20260706-multiclient-scalability-weak-signal-run-1,p5g-scale-mqtt-payload-1024-clients-20,scale,guided-planning,mqtt,,veh-05,rsu-1,p5g-scale-mqtt-payload-1024-clients-20-veh-05-263,ipi-session-1,multiclient-scalability-weak-signal-run-1,veh-05,263,20-clients,default,stationary,unsynced,true,true,clients,20,count,IPI-CooperativeService,1098,1783365256432616195,1783365110123106077,1783365110123164648,,,,,,"CooperativeService{guidedPlanning, status=request, vehicleId=0x7665682d3035, requestedHorizonMs=2500, confidence=100, planning.waypoints=1, offloadTaskId=probe-263, offloadPayload=1024 bytes}"
5g-receiver,1783365110483876580,edge4av-real-20260706-multiclient-scalability-weak-signal-run-1,p5g-scale-mqtt-payload-1024-clients-20,scale,guided-planning,mqtt,,veh-05,rsu-1,p5g-scale-mqtt-payload-1024-clients-20-veh-05-264,ipi-session-1,multiclient-scalability-weak-signal-run-1,veh-05,264,20-clients,default,stationary,unsynced,true,true,clients,20,count,IPI-CooperativeService,1098,1783365256785315686,1783365110483817045,1783365110483876580,,,,,,"CooperativeService{guidedPlanning, status=request, vehicleId=0x7665682d3035, requestedHorizonMs=2500, confidence=100, planning.waypoints=1, offloadTaskId=probe-264, offloadPayload=1024 bytes}"
5g-receiver,1783365110834672490,edge4av-real-20260706-multiclient-scalability-weak-signal-run-1,p5g-scale-mqtt-payload-1024-clients-20,scale,guided-planning,mqtt,,veh-05,rsu-1,p5g-scale-mqtt-payload-1024-clients-20-veh-05-265,ipi-session-1,multiclient-scalability-weak-signal-run-1,veh-05,265,20-clients,default,stationary,unsynced,true,true,clients,20,count,IPI-CooperativeService,1098,1783365257140695993,1783365110834608287,1783365110834672490,,,,,,"CooperativeService{guidedPlanning, status=request, vehicleId=0x7665682d3035, requestedHorizonMs=2500, confidence=100, planning.waypoints=1, offloadTaskId=probe-265, offloadPayload=1024 bytes}"
5g-receiver,1783365111185386194,edge4av-real-20260706-multiclient-scalability-weak-signal-run-1,p5g-scale-mqtt-payload-1024-clients-20,scale,guided-planning,mqtt,,veh-05,rsu-1,p5g-scale-mqtt-payload-1024-clients-20-veh-05-266,ipi-session-1,multiclient-scalability-weak-signal-run-1,veh-05,266,20-clients,default,stationary,unsynced,true,true,clients,20,count,IPI-CooperativeService,1098,1783365257500549337,1783365111185305091,1783365111185386194,,,,,,"CooperativeService{guidedPlanning, status=request, vehicleId=0x7665682d3035, requestedHorizonMs=2500, confidence=100, planning.waypoints=1, offloadTaskId=probe-266, offloadPayload=1024 bytes}"
5g-receiver,1783365111486409715,edge4av-real-20260706-multiclient-scalability-weak-signal-run-1,p5g-scale-mqtt-payload-1024-clients-20,scale,guided-planning,mqtt,,veh-05,rsu-1,p5g-scale-mqtt-payload-1024-clients-20-veh-05-267,ipi-session-1,multiclient-scalability-weak-signal-run-1,veh-05,267,20-clients,default,stationary,unsynced,true,true,clients,20,count,IPI-CooperativeService,1098,1783365257844504696,1783365111486359654,1783365111486409715,,,,,,"CooperativeService{guidedPlanning, status=request, vehicleId=0x7665682d3035, requestedHorizonMs=2500, confidence=100, planning.waypoints=1, offloadTaskId=probe-267, offloadPayload=1024 bytes}"
5g-receiver,1783365111736189923,edge4av-real-20260706-multiclient-scalability-weak-signal-run-1,p5g-scale-mqtt-payload-1024-clients-20,scale,guided-planning,mqtt,,veh-05,rsu-1,p5g-scale-mqtt-payload-1024-clients-20-veh-05-268,ipi-session-1,multiclient-scalability-weak-signal-run-1,veh-05,268,20-clients,default,stationary,unsynced,true,true,clients,20,count,IPI-CooperativeService,1098,1783365258148609103,1783365111736130737,1783365111736189923,,,,,,"CooperativeService{guidedPlanning, status=request, vehicleId=0x7665682d3035, requestedHorizonMs=2500, confidence=100, planning.waypoints=1, offloadTaskId=probe-268, offloadPayload=1024 bytes}"
5g-receiver,1783365111986645945,edge4av-real-20260706-multiclient-scalability-weak-signal-run-1,p5g-scale-mqtt-payload-1024-clients-20,scale,guided-planning,mqtt,,veh-05,rsu-1,p5g-scale-mqtt-payload-1024-clients-20-veh-05-269,ipi-session-1,multiclient-scalability-weak-signal-run-1,veh-05,269,20-clients,default,stationary,unsynced,true,true,clients,20,count,IPI-CooperativeService,1098,1783365258394531892,1783365111986543349,1783365111986645945,,,,,,"CooperativeService{guidedPlanning, status=request, vehicleId=0x7665682d3035, requestedHorizonMs=2500, confidence=100, planning.waypoints=1, offloadTaskId=probe-269, offloadPayload=1024 bytes}"
5g-receiver,1783365112227262254,edge4av-real-20260706-multiclient-scalability-weak-signal-run-1,p5g-scale-mqtt-payload-1024-clients-20,scale,guided-planning,mqtt,,veh-05,rsu-1,p5g-scale-mqtt-payload-1024-clients-20-veh-05-270,ipi-session-1,multiclient-scalability-weak-signal-run-1,veh-05,270,20-clients,default,stationary,unsynced,true,true,clients,20,count,IPI-CooperativeService,1098,1783365258642523649,1783365112227187488,1783365112227262254,,,,,,"CooperativeService{guidedPlanning, status=request, vehicleId=0x7665682d3035, requestedHorizonMs=2500, confidence=100, planning.waypoints=1, offloadTaskId=probe-270, offloadPayload=1024 bytes}"
5g-receiver,1783365112467500479,edge4av-real-20260706-multiclient-scalability-weak-signal-run-1,p5g-scale-mqtt-payload-1024-clients-20,scale,guided-planning,mqtt,,veh-05,rsu-1,p5g-scale-mqtt-payload-1024-clients-20-veh-05-271,ipi-session-1,multiclient-scalability-weak-signal-run-1,veh-05,271,20-clients,default,stationary,unsynced,true,true,clients,20,count,IPI-CooperativeService,1098,1783365258884627679,1783365112467440601,1783365112467500479,,,,,,"CooperativeService{guidedPlanning, status=request, vehicleId=0x7665682d3035, requestedHorizonMs=2500, confidence=100, planning.waypoints=1, offloadTaskId=probe-271, offloadPayload=1024 bytes}"
5g-receiver,1783365112718027233,edge4av-real-20260706-multiclient-scalability-weak-signal-run-1,p5g-scale-mqtt-payload-1024-clients-20,scale,guided-planning,mqtt,,veh-05,rsu-1,p5g-scale-mqtt-payload-1024-clients-20-veh-05-272,ipi-session-1,multiclient-scalability-weak-signal-run-1,veh-05,272,20-clients,default,stationary,unsynced,true,true,clients,20,count,IPI-CooperativeService,1098,1783365259124612578,1783365112717962571,1783365112718027233,,,,,,"CooperativeService{guidedPlanning, status=request, vehicleId=0x7665682d3035, requestedHorizonMs=2500, confidence=100, planning.waypoints=1, offloadTaskId=probe-272, offloadPayload=1024 bytes}"
5g-receiver,1783365112948243586,edge4av-real-20260706-multiclient-scalability-weak-signal-run-1,p5g-scale-mqtt-payload-1024-clients-20,scale,guided-planning,mqtt,,veh-05,rsu-1,p5g-scale-mqtt-payload-1024-clients-20-veh-05-273,ipi-session-1,multiclient-scalability-weak-signal-run-1,veh-05,273,20-clients,default,stationary,unsynced,true,true,clients,20,count,IPI-CooperativeService,1098,1783365259372678558,1783365112948184564,1783365112948243586,,,,,,"CooperativeService{guidedPlanning, status=request, vehicleId=0x7665682d3035, requestedHorizonMs=2500, confidence=100, planning.waypoints=1, offloadTaskId=probe-273, offloadPayload=1024 bytes}"
5g-receiver,1783365113178814313,edge4av-real-20260706-multiclient-scalability-weak-signal-run-1,p5g-scale-mqtt-payload-1024-clients-20,scale,guided-planning,mqtt,,veh-05,rsu-1,p5g-scale-mqtt-payload-1024-clients-20-veh-05-274,ipi-session-1,multiclient-scalability-weak-signal-run-1,veh-05,274,20-clients,default,stationary,unsynced,true,true,clients,20,count,IPI-CooperativeService,1098,1783365259608638689,1783365113178755640,1783365113178814313,,,,,,"CooperativeService{guidedPlanning, status=request, vehicleId=0x7665682d3035, requestedHorizonMs=2500, confidence=100, planning.waypoints=1, offloadTaskId=probe-274, offloadPayload=1024 bytes}"
5g-receiver,1783365113419135762,edge4av-real-20260706-multiclient-scalability-weak-signal-run-1,p5g-scale-mqtt-payload-1024-clients-20,scale,guided-planning,mqtt,,veh-05,rsu-1,p5g-scale-mqtt-payload-1024-clients-20-veh-05-275,ipi-session-1,multiclient-scalability-weak-signal-run-1,veh-05,275,20-clients,default,stationary,unsynced,true,true,clients,20,count,IPI-CooperativeService,1098,1783365259838762730,1783365113419077300,1783365113419135762,,,,,,"CooperativeService{guidedPlanning, status=request, vehicleId=0x7665682d3035, requestedHorizonMs=2500, confidence=100, planning.waypoints=1, offloadTaskId=probe-275, offloadPayload=1024 bytes}"
5g-receiver,1783365113689751134,edge4av-real-20260706-multiclient-scalability-weak-signal-run-1,p5g-scale-mqtt-payload-1024-clients-20,scale,guided-planning,mqtt,,veh-05,rsu-1,p5g-scale-mqtt-payload-1024-clients-20-veh-05-276,ipi-session-1,multiclient-scalability-weak-signal-run-1,veh-05,276,20-clients,default,stationary,unsynced,true,true,clients,20,count,IPI-CooperativeService,1098,1783365260074751555,1783365113689692438,1783365113689751134,,,,,,"CooperativeService{guidedPlanning, status=request, vehicleId=0x7665682d3035, requestedHorizonMs=2500, confidence=100, planning.waypoints=1, offloadTaskId=probe-276, offloadPayload=1024 bytes}"
5g-receiver,1783365113929744157,edge4av-real-20260706-multiclient-scalability-weak-signal-run-1,p5g-scale-mqtt-payload-1024-clients-20,scale,guided-planning,mqtt,,veh-05,rsu-1,p5g-scale-mqtt-payload-1024-clients-20-veh-05-277,ipi-session-1,multiclient-scalability-weak-signal-run-1,veh-05,277,20-clients,default,stationary,unsynced,true,true,clients,20,count,IPI-CooperativeService,1098,1783365260348699001,1783365113929684211,1783365113929744157,,,,,,"CooperativeService{guidedPlanning, status=request, vehicleId=0x7665682d3035, requestedHorizonMs=2500, confidence=100, planning.waypoints=1, offloadTaskId=probe-277, offloadPayload=1024 bytes}"
5g-receiver,1783365114170557837,edge4av-real-20260706-multiclient-scalability-weak-signal-run-1,p5g-scale-mqtt-payload-1024-clients-20,scale,guided-planning,mqtt,,veh-05,rsu-1,p5g-scale-mqtt-payload-1024-clients-20-veh-05-278,ipi-session-1,multiclient-scalability-weak-signal-run-1,veh-05,278,20-clients,default,stationary,unsynced,true,true,clients,20,count,IPI-CooperativeService,1098,1783365260588474168,1783365114170500437,1783365114170557837,,,,,,"CooperativeService{guidedPlanning, status=request, vehicleId=0x7665682d3035, requestedHorizonMs=2500, confidence=100, planning.waypoints=1, offloadTaskId=probe-278, offloadPayload=1024 bytes}"
5g-receiver,1783365114410977749,edge4av-real-20260706-multiclient-scalability-weak-signal-run-1,p5g-scale-mqtt-payload-1024-clients-20,scale,guided-planning,mqtt,,veh-05,rsu-1,p5g-scale-mqtt-payload-1024-clients-20-veh-05-279,ipi-session-1,multiclient-scalability-weak-signal-run-1,veh-05,279,20-clients,default,stationary,unsynced,true,true,clients,20,count,IPI-CooperativeService,1098,1783365260824646163,1783365114410919582,1783365114410977749,,,,,,"CooperativeService{guidedPlanning, status=request, vehicleId=0x7665682d3035, requestedHorizonMs=2500, confidence=100, planning.waypoints=1, offloadTaskId=probe-279, offloadPayload=1024 bytes}"
5g-receiver,1783365114671356208,edge4av-real-20260706-multiclient-scalability-weak-signal-run-1,p5g-scale-mqtt-payload-1024-clients-20,scale,guided-planning,mqtt,,veh-05,rsu-1,p5g-scale-mqtt-payload-1024-clients-20-veh-05-280,ipi-session-1,multiclient-scalability-weak-signal-run-1,veh-05,280,20-clients,default,stationary,unsynced,true,true,clients,20,count,IPI-CooperativeService,1098,1783365261072705702,1783365114671298052,1783365114671356208,,,,,,"CooperativeService{guidedPlanning, status=request, vehicleId=0x7665682d3035, requestedHorizonMs=2500, confidence=100, planning.waypoints=1, offloadTaskId=probe-280, offloadPayload=1024 bytes}"
5g-receiver,1783365114911509023,edge4av-real-20260706-multiclient-scalability-weak-signal-run-1,p5g-scale-mqtt-payload-1024-clients-20,scale,guided-planning,mqtt,,veh-05,rsu-1,p5g-scale-mqtt-payload-1024-clients-20-veh-05-281,ipi-session-1,multiclient-scalability-weak-signal-run-1,veh-05,281,20-clients,default,stationary,unsynced,true,true,clients,20,count,IPI-CooperativeService,1098,1783365261328618098,1783365114911455700,1783365114911509023,,,,,,"CooperativeService{guidedPlanning, status=request, vehicleId=0x7665682d3035, requestedHorizonMs=2500, confidence=100, planning.waypoints=1, offloadTaskId=probe-281, offloadPayload=1024 bytes}"
5g-receiver,1783365115152350654,edge4av-real-20260706-multiclient-scalability-weak-signal-run-1,p5g-scale-mqtt-payload-1024-clients-20,scale,guided-planning,mqtt,,veh-05,rsu-1,p5g-scale-mqtt-payload-1024-clients-20-veh-05-282,ipi-session-1,multiclient-scalability-weak-signal-run-1,veh-05,282,20-clients,default,stationary,unsynced,true,true,clients,20,count,IPI-CooperativeService,1098,1783365261572565976,1783365115152291644,1783365115152350654,,,,,,"CooperativeService{guidedPlanning, status=request, vehicleId=0x7665682d3035, requestedHorizonMs=2500, confidence=100, planning.waypoints=1, offloadTaskId=probe-282, offloadPayload=1024 bytes}"
5g-receiver,1783365115382735065,edge4av-real-20260706-multiclient-scalability-weak-signal-run-1,p5g-scale-mqtt-payload-1024-clients-20,scale,guided-planning,mqtt,,veh-05,rsu-1,p5g-scale-mqtt-payload-1024-clients-20-veh-05-283,ipi-session-1,multiclient-scalability-weak-signal-run-1,veh-05,283,20-clients,default,stationary,unsynced,true,true,clients,20,count,IPI-CooperativeService,1098,1783365261808720706,1783365115382660566,1783365115382735065,,,,,,"CooperativeService{guidedPlanning, status=request, vehicleId=0x7665682d3035, requestedHorizonMs=2500, confidence=100, planning.waypoints=1, offloadTaskId=probe-283, offloadPayload=1024 bytes}"
5g-receiver,1783365115622717481,edge4av-real-20260706-multiclient-scalability-weak-signal-run-1,p5g-scale-mqtt-payload-1024-clients-20,scale,guided-planning,mqtt,,veh-05,rsu-1,p5g-scale-mqtt-payload-1024-clients-20-veh-05-284,ipi-session-1,multiclient-scalability-weak-signal-run-1,veh-05,284,20-clients,default,stationary,unsynced,true,true,clients,20,count,IPI-CooperativeService,1098,1783365262042611229,1783365115622663691,1783365115622717481,,,,,,"CooperativeService{guidedPlanning, status=request, vehicleId=0x7665682d3035, requestedHorizonMs=2500, confidence=100, planning.waypoints=1, offloadTaskId=probe-284, offloadPayload=1024 bytes}"
5g-receiver,1783365115853286566,edge4av-real-20260706-multiclient-scalability-weak-signal-run-1,p5g-scale-mqtt-payload-1024-clients-20,scale,guided-planning,mqtt,,veh-05,rsu-1,p5g-scale-mqtt-payload-1024-clients-20-veh-05-285,ipi-session-1,multiclient-scalability-weak-signal-run-1,veh-05,285,20-clients,default,stationary,unsynced,true,true,clients,20,count,IPI-CooperativeService,1098,1783365262280649158,1783365115853234043,1783365115853286566,,,,,,"CooperativeService{guidedPlanning, status=request, vehicleId=0x7665682d3035, requestedHorizonMs=2500, confidence=100, planning.waypoints=1, offloadTaskId=probe-285, offloadPayload=1024 bytes}"
5g-receiver,1783365116094166338,edge4av-real-20260706-multiclient-scalability-weak-signal-run-1,p5g-scale-mqtt-payload-1024-clients-20,scale,guided-planning,mqtt,,veh-05,rsu-1,p5g-scale-mqtt-payload-1024-clients-20-veh-05-286,ipi-session-1,multiclient-scalability-weak-signal-run-1,veh-05,286,20-clients,default,stationary,unsynced,true,true,clients,20,count,IPI-CooperativeService,1098,1783365262508783652,1783365116094116439,1783365116094166338,,,,,,"CooperativeService{guidedPlanning, status=request, vehicleId=0x7665682d3035, requestedHorizonMs=2500, confidence=100, planning.waypoints=1, offloadTaskId=probe-286, offloadPayload=1024 bytes}"
5g-receiver,1783365116334530172,edge4av-real-20260706-multiclient-scalability-weak-signal-run-1,p5g-scale-mqtt-payload-1024-clients-20,scale,guided-planning,mqtt,,veh-05,rsu-1,p5g-scale-mqtt-payload-1024-clients-20-veh-05-287,ipi-session-1,multiclient-scalability-weak-signal-run-1,veh-05,287,20-clients,default,stationary,unsynced,true,true,clients,20,count,IPI-CooperativeService,1098,1783365262748544218,1783365116334432007,1783365116334530172,,,,,,"CooperativeService{guidedPlanning, status=request, vehicleId=0x7665682d3035, requestedHorizonMs=2500, confidence=100, planning.waypoints=1, offloadTaskId=probe-287, offloadPayload=1024 bytes}"
5g-receiver,1783365116584730212,edge4av-real-20260706-multiclient-scalability-weak-signal-run-1,p5g-scale-mqtt-payload-1024-clients-20,scale,guided-planning,mqtt,,veh-05,rsu-1,p5g-scale-mqtt-payload-1024-clients-20-veh-05-288,ipi-session-1,multiclient-scalability-weak-signal-run-1,veh-05,288,20-clients,default,stationary,unsynced,true,true,clients,20,count,IPI-CooperativeService,1098,1783365263000568990,1783365116584651196,1783365116584730212,,,,,,"CooperativeService{guidedPlanning, status=request, vehicleId=0x7665682d3035, requestedHorizonMs=2500, confidence=100, planning.waypoints=1, offloadTaskId=probe-288, offloadPayload=1024 bytes}"
5g-receiver,1783365116825404573,edge4av-real-20260706-multiclient-scalability-weak-signal-run-1,p5g-scale-mqtt-payload-1024-clients-20,scale,guided-planning,mqtt,,veh-05,rsu-1,p5g-scale-mqtt-payload-1024-clients-20-veh-05-289,ipi-session-1,multiclient-scalability-weak-signal-run-1,veh-05,289,20-clients,default,stationary,unsynced,true,true,clients,20,count,IPI-CooperativeService,1098,1783365263244757250,1783365116825337659,1783365116825404573,,,,,,"CooperativeService{guidedPlanning, status=request, vehicleId=0x7665682d3035, requestedHorizonMs=2500, confidence=100, planning.waypoints=1, offloadTaskId=probe-289, offloadPayload=1024 bytes}"
5g-receiver,1783365117075365983,edge4av-real-20260706-multiclient-scalability-weak-signal-run-1,p5g-scale-mqtt-payload-1024-clients-20,scale,guided-planning,mqtt,,veh-05,rsu-1,p5g-scale-mqtt-payload-1024-clients-20-veh-05-290,ipi-session-1,multiclient-scalability-weak-signal-run-1,veh-05,290,20-clients,default,stationary,unsynced,true,true,clients,20,count,IPI-CooperativeService,1098,1783365263484552862,1783365117075314225,1783365117075365983,,,,,,"CooperativeService{guidedPlanning, status=request, vehicleId=0x7665682d3035, requestedHorizonMs=2500, confidence=100, planning.waypoints=1, offloadTaskId=probe-290, offloadPayload=1024 bytes}"
5g-receiver,1783365117315588147,edge4av-real-20260706-multiclient-scalability-weak-signal-run-1,p5g-scale-mqtt-payload-1024-clients-20,scale,guided-planning,mqtt,,veh-05,rsu-1,p5g-scale-mqtt-payload-1024-clients-20-veh-05-291,ipi-session-1,multiclient-scalability-weak-signal-run-1,veh-05,291,20-clients,default,stationary,unsynced,true,true,clients,20,count,IPI-CooperativeService,1098,1783365263728631985,1783365117315543709,1783365117315588147,,,,,,"CooperativeService{guidedPlanning, status=request, vehicleId=0x7665682d3035, requestedHorizonMs=2500, confidence=100, planning.waypoints=1, offloadTaskId=probe-291, offloadPayload=1024 bytes}"
5g-receiver,1783365117556186570,edge4av-real-20260706-multiclient-scalability-weak-signal-run-1,p5g-scale-mqtt-payload-1024-clients-20,scale,guided-planning,mqtt,,veh-05,rsu-1,p5g-scale-mqtt-payload-1024-clients-20-veh-05-292,ipi-session-1,multiclient-scalability-weak-signal-run-1,veh-05,292,20-clients,default,stationary,unsynced,true,true,clients,20,count,IPI-CooperativeService,1098,1783365263968647721,1783365117556100993,1783365117556186570,,,,,,"CooperativeService{guidedPlanning, status=request, vehicleId=0x7665682d3035, requestedHorizonMs=2500, confidence=100, planning.waypoints=1, offloadTaskId=probe-292, offloadPayload=1024 bytes}"
5g-receiver,1783365117797024595,edge4av-real-20260706-multiclient-scalability-weak-signal-run-1,p5g-scale-mqtt-payload-1024-clients-20,scale,guided-planning,mqtt,,veh-05,rsu-1,p5g-scale-mqtt-payload-1024-clients-20-veh-05-293,ipi-session-1,multiclient-scalability-weak-signal-run-1,veh-05,293,20-clients,default,stationary,unsynced,true,true,clients,20,count,IPI-CooperativeService,1098,1783365264216585806,1783365117796970568,1783365117797024595,,,,,,"CooperativeService{guidedPlanning, status=request, vehicleId=0x7665682d3035, requestedHorizonMs=2500, confidence=100, planning.waypoints=1, offloadTaskId=probe-293, offloadPayload=1024 bytes}"
5g-receiver,1783365118047384922,edge4av-real-20260706-multiclient-scalability-weak-signal-run-1,p5g-scale-mqtt-payload-1024-clients-20,scale,guided-planning,mqtt,,veh-05,rsu-1,p5g-scale-mqtt-payload-1024-clients-20-veh-05-294,ipi-session-1,multiclient-scalability-weak-signal-run-1,veh-05,294,20-clients,default,stationary,unsynced,true,true,clients,20,count,IPI-CooperativeService,1098,1783365264456566212,1783365118047331825,1783365118047384922,,,,,,"CooperativeService{guidedPlanning, status=request, vehicleId=0x7665682d3035, requestedHorizonMs=2500, confidence=100, planning.waypoints=1, offloadTaskId=probe-294, offloadPayload=1024 bytes}"
5g-receiver,1783365118277619023,edge4av-real-20260706-multiclient-scalability-weak-signal-run-1,p5g-scale-mqtt-payload-1024-clients-20,scale,guided-planning,mqtt,,veh-05,rsu-1,p5g-scale-mqtt-payload-1024-clients-20-veh-05-295,ipi-session-1,multiclient-scalability-weak-signal-run-1,veh-05,295,20-clients,default,stationary,unsynced,true,true,clients,20,count,IPI-CooperativeService,1098,1783365264708474838,1783365118277567176,1783365118277619023,,,,,,"CooperativeService{guidedPlanning, status=request, vehicleId=0x7665682d3035, requestedHorizonMs=2500, confidence=100, planning.waypoints=1, offloadTaskId=probe-295, offloadPayload=1024 bytes}"
5g-receiver,1783365118527947060,edge4av-real-20260706-multiclient-scalability-weak-signal-run-1,p5g-scale-mqtt-payload-1024-clients-20,scale,guided-planning,mqtt,,veh-05,rsu-1,p5g-scale-mqtt-payload-1024-clients-20-veh-05-296,ipi-session-1,multiclient-scalability-weak-signal-run-1,veh-05,296,20-clients,default,stationary,unsynced,true,true,clients,20,count,IPI-CooperativeService,1098,1783365264934633134,1783365118527895186,1783365118527947060,,,,,,"CooperativeService{guidedPlanning, status=request, vehicleId=0x7665682d3035, requestedHorizonMs=2500, confidence=100, planning.waypoints=1, offloadTaskId=probe-296, offloadPayload=1024 bytes}"
5g-receiver,1783365118768428348,edge4av-real-20260706-multiclient-scalability-weak-signal-run-1,p5g-scale-mqtt-payload-1024-clients-20,scale,guided-planning,mqtt,,veh-05,rsu-1,p5g-scale-mqtt-payload-1024-clients-20-veh-05-297,ipi-session-1,multiclient-scalability-weak-signal-run-1,veh-05,297,20-clients,default,stationary,unsynced,true,true,clients,20,count,IPI-CooperativeService,1098,1783365265190525707,1783365118768313602,1783365118768428348,,,,,,"CooperativeService{guidedPlanning, status=request, vehicleId=0x7665682d3035, requestedHorizonMs=2500, confidence=100, planning.waypoints=1, offloadTaskId=probe-297, offloadPayload=1024 bytes}"
5g-receiver,1783365118998938610,edge4av-real-20260706-multiclient-scalability-weak-signal-run-1,p5g-scale-mqtt-payload-1024-clients-20,scale,guided-planning,mqtt,,veh-05,rsu-1,p5g-scale-mqtt-payload-1024-clients-20-veh-05-298,ipi-session-1,multiclient-scalability-weak-signal-run-1,veh-05,298,20-clients,default,stationary,unsynced,true,true,clients,20,count,IPI-CooperativeService,1098,1783365265424643710,1783365118998885748,1783365118998938610,,,,,,"CooperativeService{guidedPlanning, status=request, vehicleId=0x7665682d3035, requestedHorizonMs=2500, confidence=100, planning.waypoints=1, offloadTaskId=probe-298, offloadPayload=1024 bytes}"
5g-receiver,1783365119249353950,edge4av-real-20260706-multiclient-scalability-weak-signal-run-1,p5g-scale-mqtt-payload-1024-clients-20,scale,guided-planning,mqtt,,veh-05,rsu-1,p5g-scale-mqtt-payload-1024-clients-20-veh-05-299,ipi-session-1,multiclient-scalability-weak-signal-run-1,veh-05,299,20-clients,default,stationary,unsynced,true,true,clients,20,count,IPI-CooperativeService,1098,1783365265658616100,1783365119249300245,1783365119249353950,,,,,,"CooperativeService{guidedPlanning, status=request, vehicleId=0x7665682d3035, requestedHorizonMs=2500, confidence=100, planning.waypoints=1, offloadTaskId=probe-299, offloadPayload=1024 bytes}"
5g-receiver,1783365119509959207,edge4av-real-20260706-multiclient-scalability-weak-signal-run-1,p5g-scale-mqtt-payload-1024-clients-20,scale,guided-planning,mqtt,,veh-05,rsu-1,p5g-scale-mqtt-payload-1024-clients-20-veh-05-300,ipi-session-1,multiclient-scalability-weak-signal-run-1,veh-05,300,20-clients,default,stationary,unsynced,true,true,clients,20,count,IPI-CooperativeService,1098,1783365265906661372,1783365119509904962,1783365119509959207,,,,,,"CooperativeService{guidedPlanning, status=request, vehicleId=0x7665682d3035, requestedHorizonMs=2500, confidence=100, planning.waypoints=1, offloadTaskId=probe-300, offloadPayload=1024 bytes}"
5g-receiver,1783365119740024255,edge4av-real-20260706-multiclient-scalability-weak-signal-run-1,p5g-scale-mqtt-payload-1024-clients-20,scale,guided-planning,mqtt,,veh-05,rsu-1,p5g-scale-mqtt-payload-1024-clients-20-veh-05-301,ipi-session-1,multiclient-scalability-weak-signal-run-1,veh-05,301,20-clients,default,stationary,unsynced,true,true,clients,20,count,IPI-CooperativeService,1098,1783365266166610133,1783365119739972290,1783365119740024255,,,,,,"CooperativeService{guidedPlanning, status=request, vehicleId=0x7665682d3035, requestedHorizonMs=2500, confidence=100, planning.waypoints=1, offloadTaskId=probe-301, offloadPayload=1024 bytes}"
5g-receiver,1783365120061728146,edge4av-real-20260706-multiclient-scalability-weak-signal-run-1,p5g-scale-mqtt-payload-1024-clients-20,scale,guided-planning,mqtt,,veh-05,rsu-1,p5g-scale-mqtt-payload-1024-clients-20-veh-05-302,ipi-session-1,multiclient-scalability-weak-signal-run-1,veh-05,302,20-clients,default,stationary,unsynced,true,true,clients,20,count,IPI-CooperativeService,1098,1783365266434651246,1783365120061679739,1783365120061728146,,,,,,"CooperativeService{guidedPlanning, status=request, vehicleId=0x7665682d3035, requestedHorizonMs=2500, confidence=100, planning.waypoints=1, offloadTaskId=probe-302, offloadPayload=1024 bytes}"
5g-receiver,1783365120311364756,edge4av-real-20260706-multiclient-scalability-weak-signal-run-1,p5g-scale-mqtt-payload-1024-clients-20,scale,guided-planning,mqtt,,veh-05,rsu-1,p5g-scale-mqtt-payload-1024-clients-20-veh-05-303,ipi-session-1,multiclient-scalability-weak-signal-run-1,veh-05,303,20-clients,default,stationary,unsynced,true,true,clients,20,count,IPI-CooperativeService,1098,1783365266720607782,1783365120311306168,1783365120311364756,,,,,,"CooperativeService{guidedPlanning, status=request, vehicleId=0x7665682d3035, requestedHorizonMs=2500, confidence=100, planning.waypoints=1, offloadTaskId=probe-303, offloadPayload=1024 bytes}"
5g-receiver,1783365120552143957,edge4av-real-20260706-multiclient-scalability-weak-signal-run-1,p5g-scale-mqtt-payload-1024-clients-20,scale,guided-planning,mqtt,,veh-05,rsu-1,p5g-scale-mqtt-payload-1024-clients-20-veh-05-304,ipi-session-1,multiclient-scalability-weak-signal-run-1,veh-05,304,20-clients,default,stationary,unsynced,true,true,clients,20,count,IPI-CooperativeService,1098,1783365266972708912,1783365120552065189,1783365120552143957,,,,,,"CooperativeService{guidedPlanning, status=request, vehicleId=0x7665682d3035, requestedHorizonMs=2500, confidence=100, planning.waypoints=1, offloadTaskId=probe-304, offloadPayload=1024 bytes}"
5g-receiver,1783365120791990395,edge4av-real-20260706-multiclient-scalability-weak-signal-run-1,p5g-scale-mqtt-payload-1024-clients-20,scale,guided-planning,mqtt,,veh-05,rsu-1,p5g-scale-mqtt-payload-1024-clients-20-veh-05-305,ipi-session-1,multiclient-scalability-weak-signal-run-1,veh-05,305,20-clients,default,stationary,unsynced,true,true,clients,20,count,IPI-CooperativeService,1098,1783365267208666254,1783365120791914263,1783365120791990395,,,,,,"CooperativeService{guidedPlanning, status=request, vehicleId=0x7665682d3035, requestedHorizonMs=2500, confidence=100, planning.waypoints=1, offloadTaskId=probe-305, offloadPayload=1024 bytes}"
5g-receiver,1783365121032398504,edge4av-real-20260706-multiclient-scalability-weak-signal-run-1,p5g-scale-mqtt-payload-1024-clients-20,scale,guided-planning,mqtt,,veh-05,rsu-1,p5g-scale-mqtt-payload-1024-clients-20-veh-05-306,ipi-session-1,multiclient-scalability-weak-signal-run-1,veh-05,306,20-clients,default,stationary,unsynced,true,true,clients,20,count,IPI-CooperativeService,1098,1783365267452649854,1783365121032338420,1783365121032398504,,,,,,"CooperativeService{guidedPlanning, status=request, vehicleId=0x7665682d3035, requestedHorizonMs=2500, confidence=100, planning.waypoints=1, offloadTaskId=probe-306, offloadPayload=1024 bytes}"
5g-receiver,1783365121343057496,edge4av-real-20260706-multiclient-scalability-weak-signal-run-1,p5g-scale-mqtt-payload-1024-clients-20,scale,guided-planning,mqtt,,veh-05,rsu-1,p5g-scale-mqtt-payload-1024-clients-20-veh-05-307,ipi-session-1,multiclient-scalability-weak-signal-run-1,veh-05,307,20-clients,default,stationary,unsynced,true,true,clients,20,count,IPI-CooperativeService,1098,1783365267688639616,1783365121342999802,1783365121343057496,,,,,,"CooperativeService{guidedPlanning, status=request, vehicleId=0x7665682d3035, requestedHorizonMs=2500, confidence=100, planning.waypoints=1, offloadTaskId=probe-307, offloadPayload=1024 bytes}"
5g-receiver,1783365121714121471,edge4av-real-20260706-multiclient-scalability-weak-signal-run-1,p5g-scale-mqtt-payload-1024-clients-20,scale,guided-planning,mqtt,,veh-05,rsu-1,p5g-scale-mqtt-payload-1024-clients-20-veh-05-308,ipi-session-1,multiclient-scalability-weak-signal-run-1,veh-05,308,20-clients,default,stationary,unsynced,true,true,clients,20,count,IPI-CooperativeService,1098,1783365267998602411,1783365121714071281,1783365121714121471,,,,,,"CooperativeService{guidedPlanning, status=request, vehicleId=0x7665682d3035, requestedHorizonMs=2500, confidence=100, planning.waypoints=1, offloadTaskId=probe-308, offloadPayload=1024 bytes}"
5g-receiver,1783365122074341178,edge4av-real-20260706-multiclient-scalability-weak-signal-run-1,p5g-scale-mqtt-payload-1024-clients-20,scale,guided-planning,mqtt,,veh-05,rsu-1,p5g-scale-mqtt-payload-1024-clients-20-veh-05-309,ipi-session-1,multiclient-scalability-weak-signal-run-1,veh-05,309,20-clients,default,stationary,unsynced,true,true,clients,20,count,IPI-CooperativeService,1098,1783365268368643959,1783365122074282050,1783365122074341178,,,,,,"CooperativeService{guidedPlanning, status=request, vehicleId=0x7665682d3035, requestedHorizonMs=2500, confidence=100, planning.waypoints=1, offloadTaskId=probe-309, offloadPayload=1024 bytes}"
5g-receiver,1783365122425316144,edge4av-real-20260706-multiclient-scalability-weak-signal-run-1,p5g-scale-mqtt-payload-1024-clients-20,scale,guided-planning,mqtt,,veh-05,rsu-1,p5g-scale-mqtt-payload-1024-clients-20-veh-05-310,ipi-session-1,multiclient-scalability-weak-signal-run-1,veh-05,310,20-clients,default,stationary,unsynced,true,true,clients,20,count,IPI-CooperativeService,1098,1783365268728551276,1783365122425256670,1783365122425316144,,,,,,"CooperativeService{guidedPlanning, status=request, vehicleId=0x7665682d3035, requestedHorizonMs=2500, confidence=100, planning.waypoints=1, offloadTaskId=probe-310, offloadPayload=1024 bytes}"
5g-receiver,1783365122765819873,edge4av-real-20260706-multiclient-scalability-weak-signal-run-1,p5g-scale-mqtt-payload-1024-clients-20,scale,guided-planning,mqtt,,veh-05,rsu-1,p5g-scale-mqtt-payload-1024-clients-20-veh-05-311,ipi-session-1,multiclient-scalability-weak-signal-run-1,veh-05,311,20-clients,default,stationary,unsynced,true,true,clients,20,count,IPI-CooperativeService,1098,1783365269078629599,1783365122765760445,1783365122765819873,,,,,,"CooperativeService{guidedPlanning, status=request, vehicleId=0x7665682d3035, requestedHorizonMs=2500, confidence=100, planning.waypoints=1, offloadTaskId=probe-311, offloadPayload=1024 bytes}"
5g-receiver,1783365123126499418,edge4av-real-20260706-multiclient-scalability-weak-signal-run-1,p5g-scale-mqtt-payload-1024-clients-20,scale,guided-planning,mqtt,,veh-05,rsu-1,p5g-scale-mqtt-payload-1024-clients-20-veh-05-312,ipi-session-1,multiclient-scalability-weak-signal-run-1,veh-05,312,20-clients,default,stationary,unsynced,true,true,clients,20,count,IPI-CooperativeService,1098,1783365269420650157,1783365123126418023,1783365123126499418,,,,,,"CooperativeService{guidedPlanning, status=request, vehicleId=0x7665682d3035, requestedHorizonMs=2500, confidence=100, planning.waypoints=1, offloadTaskId=probe-312, offloadPayload=1024 bytes}"
5g-receiver,1783365123426931729,edge4av-real-20260706-multiclient-scalability-weak-signal-run-1,p5g-scale-mqtt-payload-1024-clients-20,scale,guided-planning,mqtt,,veh-05,rsu-1,p5g-scale-mqtt-payload-1024-clients-20-veh-05-313,ipi-session-1,multiclient-scalability-weak-signal-run-1,veh-05,313,20-clients,default,stationary,unsynced,true,true,clients,20,count,IPI-CooperativeService,1098,1783365269778650038,1783365123426873702,1783365123426931729,,,,,,"CooperativeService{guidedPlanning, status=request, vehicleId=0x7665682d3035, requestedHorizonMs=2500, confidence=100, planning.waypoints=1, offloadTaskId=probe-313, offloadPayload=1024 bytes}"
5g-receiver,1783365123797751433,edge4av-real-20260706-multiclient-scalability-weak-signal-run-1,p5g-scale-mqtt-payload-1024-clients-20,scale,guided-planning,mqtt,,veh-05,rsu-1,p5g-scale-mqtt-payload-1024-clients-20-veh-05-314,ipi-session-1,multiclient-scalability-weak-signal-run-1,veh-05,314,20-clients,default,stationary,unsynced,true,true,clients,20,count,IPI-CooperativeService,1098,1783365270082530646,1783365123797692606,1783365123797751433,,,,,,"CooperativeService{guidedPlanning, status=request, vehicleId=0x7665682d3035, requestedHorizonMs=2500, confidence=100, planning.waypoints=1, offloadTaskId=probe-314, offloadPayload=1024 bytes}"
5g-receiver,1783365124138473450,edge4av-real-20260706-multiclient-scalability-weak-signal-run-1,p5g-scale-mqtt-payload-1024-clients-20,scale,guided-planning,mqtt,,veh-05,rsu-1,p5g-scale-mqtt-payload-1024-clients-20-veh-05-315,ipi-session-1,multiclient-scalability-weak-signal-run-1,veh-05,315,20-clients,default,stationary,unsynced,true,true,clients,20,count,IPI-CooperativeService,1098,1783365270450618084,1783365124138379735,1783365124138473450,,,,,,"CooperativeService{guidedPlanning, status=request, vehicleId=0x7665682d3035, requestedHorizonMs=2500, confidence=100, planning.waypoints=1, offloadTaskId=probe-315, offloadPayload=1024 bytes}"
5g-receiver,1783365124509036733,edge4av-real-20260706-multiclient-scalability-weak-signal-run-1,p5g-scale-mqtt-payload-1024-clients-20,scale,guided-planning,mqtt,,veh-05,rsu-1,p5g-scale-mqtt-payload-1024-clients-20-veh-05-316,ipi-session-1,multiclient-scalability-weak-signal-run-1,veh-05,316,20-clients,default,stationary,unsynced,true,true,clients,20,count,IPI-CooperativeService,1098,1783365270794612133,1783365124508983598,1783365124509036733,,,,,,"CooperativeService{guidedPlanning, status=request, vehicleId=0x7665682d3035, requestedHorizonMs=2500, confidence=100, planning.waypoints=1, offloadTaskId=probe-316, offloadPayload=1024 bytes}"
5g-receiver,1783365124859756680,edge4av-real-20260706-multiclient-scalability-weak-signal-run-1,p5g-scale-mqtt-payload-1024-clients-20,scale,guided-planning,mqtt,,veh-05,rsu-1,p5g-scale-mqtt-payload-1024-clients-20-veh-05-317,ipi-session-1,multiclient-scalability-weak-signal-run-1,veh-05,317,20-clients,default,stationary,unsynced,true,true,clients,20,count,IPI-CooperativeService,1098,1783365271169855676,1783365124859697375,1783365124859756680,,,,,,"CooperativeService{guidedPlanning, status=request, vehicleId=0x7665682d3035, requestedHorizonMs=2500, confidence=100, planning.waypoints=1, offloadTaskId=probe-317, offloadPayload=1024 bytes}"
5g-receiver,1783365125180262168,edge4av-real-20260706-multiclient-scalability-weak-signal-run-1,p5g-scale-mqtt-payload-1024-clients-20,scale,guided-planning,mqtt,,veh-05,rsu-1,p5g-scale-mqtt-payload-1024-clients-20-veh-05-318,ipi-session-1,multiclient-scalability-weak-signal-run-1,veh-05,318,20-clients,default,stationary,unsynced,true,true,clients,20,count,IPI-CooperativeService,1098,1783365271514535093,1783365125180209634,1783365125180262168,,,,,,"CooperativeService{guidedPlanning, status=request, vehicleId=0x7665682d3035, requestedHorizonMs=2500, confidence=100, planning.waypoints=1, offloadTaskId=probe-318, offloadPayload=1024 bytes}"
5g-receiver,1783365125501120347,edge4av-real-20260706-multiclient-scalability-weak-signal-run-1,p5g-scale-mqtt-payload-1024-clients-20,scale,guided-planning,mqtt,,veh-05,rsu-1,p5g-scale-mqtt-payload-1024-clients-20-veh-05-319,ipi-session-1,multiclient-scalability-weak-signal-run-1,veh-05,319,20-clients,default,stationary,unsynced,true,true,clients,20,count,IPI-CooperativeService,1098,1783365271836645609,1783365125501067357,1783365125501120347,,,,,,"CooperativeService{guidedPlanning, status=request, vehicleId=0x7665682d3035, requestedHorizonMs=2500, confidence=100, planning.waypoints=1, offloadTaskId=probe-319, offloadPayload=1024 bytes}"
5g-receiver,1783365125841816390,edge4av-real-20260706-multiclient-scalability-weak-signal-run-1,p5g-scale-mqtt-payload-1024-clients-20,scale,guided-planning,mqtt,,veh-05,rsu-1,p5g-scale-mqtt-payload-1024-clients-20-veh-05-320,ipi-session-1,multiclient-scalability-weak-signal-run-1,veh-05,320,20-clients,default,stationary,unsynced,true,true,clients,20,count,IPI-CooperativeService,1098,1783365272158524789,1783365125841757266,1783365125841816390,,,,,,"CooperativeService{guidedPlanning, status=request, vehicleId=0x7665682d3035, requestedHorizonMs=2500, confidence=100, planning.waypoints=1, offloadTaskId=probe-320, offloadPayload=1024 bytes}"
5g-receiver,1783365126122185331,edge4av-real-20260706-multiclient-scalability-weak-signal-run-1,p5g-scale-mqtt-payload-1024-clients-20,scale,guided-planning,mqtt,,veh-05,rsu-1,p5g-scale-mqtt-payload-1024-clients-20-veh-05-321,ipi-session-1,multiclient-scalability-weak-signal-run-1,veh-05,321,20-clients,default,stationary,unsynced,true,true,clients,20,count,IPI-CooperativeService,1098,1783365272500531441,1783365126122132459,1783365126122185331,,,,,,"CooperativeService{guidedPlanning, status=request, vehicleId=0x7665682d3035, requestedHorizonMs=2500, confidence=100, planning.waypoints=1, offloadTaskId=probe-321, offloadPayload=1024 bytes}"
5g-receiver,1783365126352943601,edge4av-real-20260706-multiclient-scalability-weak-signal-run-1,p5g-scale-mqtt-payload-1024-clients-20,scale,guided-planning,mqtt,,veh-05,rsu-1,p5g-scale-mqtt-payload-1024-clients-20-veh-05-322,ipi-session-1,multiclient-scalability-weak-signal-run-1,veh-05,322,20-clients,default,stationary,unsynced,true,true,clients,20,count,IPI-CooperativeService,1098,1783365272780661498,1783365126352886816,1783365126352943601,,,,,,"CooperativeService{guidedPlanning, status=request, vehicleId=0x7665682d3035, requestedHorizonMs=2500, confidence=100, planning.waypoints=1, offloadTaskId=probe-322, offloadPayload=1024 bytes}"
5g-receiver,1783365126602933990,edge4av-real-20260706-multiclient-scalability-weak-signal-run-1,p5g-scale-mqtt-payload-1024-clients-20,scale,guided-planning,mqtt,,veh-05,rsu-1,p5g-scale-mqtt-payload-1024-clients-20-veh-05-323,ipi-session-1,multiclient-scalability-weak-signal-run-1,veh-05,323,20-clients,default,stationary,unsynced,true,true,clients,20,count,IPI-CooperativeService,1098,1783365273012531802,1783365126602881017,1783365126602933990,,,,,,"CooperativeService{guidedPlanning, status=request, vehicleId=0x7665682d3035, requestedHorizonMs=2500, confidence=100, planning.waypoints=1, offloadTaskId=probe-323, offloadPayload=1024 bytes}"
5g-receiver,1783365126843779055,edge4av-real-20260706-multiclient-scalability-weak-signal-run-1,p5g-scale-mqtt-payload-1024-clients-20,scale,guided-planning,mqtt,,veh-05,rsu-1,p5g-scale-mqtt-payload-1024-clients-20-veh-05-324,ipi-session-1,multiclient-scalability-weak-signal-run-1,veh-05,324,20-clients,default,stationary,unsynced,true,true,clients,20,count,IPI-CooperativeService,1098,1783365273260576582,1783365126843733642,1783365126843779055,,,,,,"CooperativeService{guidedPlanning, status=request, vehicleId=0x7665682d3035, requestedHorizonMs=2500, confidence=100, planning.waypoints=1, offloadTaskId=probe-324, offloadPayload=1024 bytes}"
5g-receiver,1783365127133994698,edge4av-real-20260706-multiclient-scalability-weak-signal-run-1,p5g-scale-mqtt-payload-1024-clients-20,scale,guided-planning,mqtt,,veh-05,rsu-1,p5g-scale-mqtt-payload-1024-clients-20-veh-05-325,ipi-session-1,multiclient-scalability-weak-signal-run-1,veh-05,325,20-clients,default,stationary,unsynced,true,true,clients,20,count,IPI-CooperativeService,1098,1783365273500550417,1783365127133941109,1783365127133994698,,,,,,"CooperativeService{guidedPlanning, status=request, vehicleId=0x7665682d3035, requestedHorizonMs=2500, confidence=100, planning.waypoints=1, offloadTaskId=probe-325, offloadPayload=1024 bytes}"
5g-receiver,1783365127444601509,edge4av-real-20260706-multiclient-scalability-weak-signal-run-1,p5g-scale-mqtt-payload-1024-clients-20,scale,guided-planning,mqtt,,veh-05,rsu-1,p5g-scale-mqtt-payload-1024-clients-20-veh-05-326,ipi-session-1,multiclient-scalability-weak-signal-run-1,veh-05,326,20-clients,default,stationary,unsynced,true,true,clients,20,count,IPI-CooperativeService,1098,1783365273792540401,1783365127444542048,1783365127444601509,,,,,,"CooperativeService{guidedPlanning, status=request, vehicleId=0x7665682d3035, requestedHorizonMs=2500, confidence=100, planning.waypoints=1, offloadTaskId=probe-326, offloadPayload=1024 bytes}"
5g-receiver,1783365127684930559,edge4av-real-20260706-multiclient-scalability-weak-signal-run-1,p5g-scale-mqtt-payload-1024-clients-20,scale,guided-planning,mqtt,,veh-05,rsu-1,p5g-scale-mqtt-payload-1024-clients-20-veh-05-327,ipi-session-1,multiclient-scalability-weak-signal-run-1,veh-05,327,20-clients,default,stationary,unsynced,true,true,clients,20,count,IPI-CooperativeService,1098,1783365274097812865,1783365127684872327,1783365127684930559,,,,,,"CooperativeService{guidedPlanning, status=request, vehicleId=0x7665682d3035, requestedHorizonMs=2500, confidence=100, planning.waypoints=1, offloadTaskId=probe-327, offloadPayload=1024 bytes}"
5g-receiver,1783365127915937052,edge4av-real-20260706-multiclient-scalability-weak-signal-run-1,p5g-scale-mqtt-payload-1024-clients-20,scale,guided-planning,mqtt,,veh-05,rsu-1,p5g-scale-mqtt-payload-1024-clients-20-veh-05-328,ipi-session-1,multiclient-scalability-weak-signal-run-1,veh-05,328,20-clients,default,stationary,unsynced,true,true,clients,20,count,IPI-CooperativeService,1098,1783365274340624618,1783365127915875229,1783365127915937052,,,,,,"CooperativeService{guidedPlanning, status=request, vehicleId=0x7665682d3035, requestedHorizonMs=2500, confidence=100, planning.waypoints=1, offloadTaskId=probe-328, offloadPayload=1024 bytes}"
5g-receiver,1783365128155882294,edge4av-real-20260706-multiclient-scalability-weak-signal-run-1,p5g-scale-mqtt-payload-1024-clients-20,scale,guided-planning,mqtt,,veh-05,rsu-1,p5g-scale-mqtt-payload-1024-clients-20-veh-05-329,ipi-session-1,multiclient-scalability-weak-signal-run-1,veh-05,329,20-clients,default,stationary,unsynced,true,true,clients,20,count,IPI-CooperativeService,1098,1783365274570575322,1783365128155823366,1783365128155882294,,,,,,"CooperativeService{guidedPlanning, status=request, vehicleId=0x7665682d3035, requestedHorizonMs=2500, confidence=100, planning.waypoints=1, offloadTaskId=probe-329, offloadPayload=1024 bytes}"
5g-receiver,1783365128396417313,edge4av-real-20260706-multiclient-scalability-weak-signal-run-1,p5g-scale-mqtt-payload-1024-clients-20,scale,guided-planning,mqtt,,veh-05,rsu-1,p5g-scale-mqtt-payload-1024-clients-20-veh-05-330,ipi-session-1,multiclient-scalability-weak-signal-run-1,veh-05,330,20-clients,default,stationary,unsynced,true,true,clients,20,count,IPI-CooperativeService,1098,1783365274818437972,1783365128396358956,1783365128396417313,,,,,,"CooperativeService{guidedPlanning, status=request, vehicleId=0x7665682d3035, requestedHorizonMs=2500, confidence=100, planning.waypoints=1, offloadTaskId=probe-330, offloadPayload=1024 bytes}"
5g-receiver,1783365128626542023,edge4av-real-20260706-multiclient-scalability-weak-signal-run-1,p5g-scale-mqtt-payload-1024-clients-20,scale,guided-planning,mqtt,,veh-05,rsu-1,p5g-scale-mqtt-payload-1024-clients-20-veh-05-331,ipi-session-1,multiclient-scalability-weak-signal-run-1,veh-05,331,20-clients,default,stationary,unsynced,true,true,clients,20,count,IPI-CooperativeService,1098,1783365275052648988,1783365128626441710,1783365128626542023,,,,,,"CooperativeService{guidedPlanning, status=request, vehicleId=0x7665682d3035, requestedHorizonMs=2500, confidence=100, planning.waypoints=1, offloadTaskId=probe-331, offloadPayload=1024 bytes}"
5g-receiver,1783365128857139379,edge4av-real-20260706-multiclient-scalability-weak-signal-run-1,p5g-scale-mqtt-payload-1024-clients-20,scale,guided-planning,mqtt,,veh-05,rsu-1,p5g-scale-mqtt-payload-1024-clients-20-veh-05-332,ipi-session-1,multiclient-scalability-weak-signal-run-1,veh-05,332,20-clients,default,stationary,unsynced,true,true,clients,20,count,IPI-CooperativeService,1098,1783365275280543325,1783365128857079418,1783365128857139379,,,,,,"CooperativeService{guidedPlanning, status=request, vehicleId=0x7665682d3035, requestedHorizonMs=2500, confidence=100, planning.waypoints=1, offloadTaskId=probe-332, offloadPayload=1024 bytes}"
5g-receiver,1783365129088035024,edge4av-real-20260706-multiclient-scalability-weak-signal-run-1,p5g-scale-mqtt-payload-1024-clients-20,scale,guided-planning,mqtt,,veh-05,rsu-1,p5g-scale-mqtt-payload-1024-clients-20-veh-05-333,ipi-session-1,multiclient-scalability-weak-signal-run-1,veh-05,333,20-clients,default,stationary,unsynced,true,true,clients,20,count,IPI-CooperativeService,1098,1783365275512469382,1783365129087991994,1783365129088035024,,,,,,"CooperativeService{guidedPlanning, status=request, vehicleId=0x7665682d3035, requestedHorizonMs=2500, confidence=100, planning.waypoints=1, offloadTaskId=probe-333, offloadPayload=1024 bytes}"
5g-receiver,1783365129328192742,edge4av-real-20260706-multiclient-scalability-weak-signal-run-1,p5g-scale-mqtt-payload-1024-clients-20,scale,guided-planning,mqtt,,veh-05,rsu-1,p5g-scale-mqtt-payload-1024-clients-20-veh-05-334,ipi-session-1,multiclient-scalability-weak-signal-run-1,veh-05,334,20-clients,default,stationary,unsynced,true,true,clients,20,count,IPI-CooperativeService,1098,1783365275742879759,1783365129328139659,1783365129328192742,,,,,,"CooperativeService{guidedPlanning, status=request, vehicleId=0x7665682d3035, requestedHorizonMs=2500, confidence=100, planning.waypoints=1, offloadTaskId=probe-334, offloadPayload=1024 bytes}"
5g-receiver,1783365129568358197,edge4av-real-20260706-multiclient-scalability-weak-signal-run-1,p5g-scale-mqtt-payload-1024-clients-20,scale,guided-planning,mqtt,,veh-05,rsu-1,p5g-scale-mqtt-payload-1024-clients-20-veh-05-335,ipi-session-1,multiclient-scalability-weak-signal-run-1,veh-05,335,20-clients,default,stationary,unsynced,true,true,clients,20,count,IPI-CooperativeService,1098,1783365275988659308,1783365129568280412,1783365129568358197,,,,,,"CooperativeService{guidedPlanning, status=request, vehicleId=0x7665682d3035, requestedHorizonMs=2500, confidence=100, planning.waypoints=1, offloadTaskId=probe-335, offloadPayload=1024 bytes}"
5g-receiver,1783365129808836641,edge4av-real-20260706-multiclient-scalability-weak-signal-run-1,p5g-scale-mqtt-payload-1024-clients-20,scale,guided-planning,mqtt,,veh-05,rsu-1,p5g-scale-mqtt-payload-1024-clients-20-veh-05-336,ipi-session-1,multiclient-scalability-weak-signal-run-1,veh-05,336,20-clients,default,stationary,unsynced,true,true,clients,20,count,IPI-CooperativeService,1098,1783365276232265098,1783365129808783592,1783365129808836641,,,,,,"CooperativeService{guidedPlanning, status=request, vehicleId=0x7665682d3035, requestedHorizonMs=2500, confidence=100, planning.waypoints=1, offloadTaskId=probe-336, offloadPayload=1024 bytes}"
5g-receiver,1783365130060004991,edge4av-real-20260706-multiclient-scalability-weak-signal-run-1,p5g-scale-mqtt-payload-1024-clients-20,scale,guided-planning,mqtt,,veh-05,rsu-1,p5g-scale-mqtt-payload-1024-clients-20-veh-05-337,ipi-session-1,multiclient-scalability-weak-signal-run-1,veh-05,337,20-clients,default,stationary,unsynced,true,true,clients,20,count,IPI-CooperativeService,1098,1783365276464571532,1783365130059959781,1783365130060004991,,,,,,"CooperativeService{guidedPlanning, status=request, vehicleId=0x7665682d3035, requestedHorizonMs=2500, confidence=100, planning.waypoints=1, offloadTaskId=probe-337, offloadPayload=1024 bytes}"
5g-receiver,1783365130309665613,edge4av-real-20260706-multiclient-scalability-weak-signal-run-1,p5g-scale-mqtt-payload-1024-clients-20,scale,guided-planning,mqtt,,veh-05,rsu-1,p5g-scale-mqtt-payload-1024-clients-20-veh-05-338,ipi-session-1,multiclient-scalability-weak-signal-run-1,veh-05,338,20-clients,default,stationary,unsynced,true,true,clients,20,count,IPI-CooperativeService,1098,1783365276714541837,1783365130309612401,1783365130309665613,,,,,,"CooperativeService{guidedPlanning, status=request, vehicleId=0x7665682d3035, requestedHorizonMs=2500, confidence=100, planning.waypoints=1, offloadTaskId=probe-338, offloadPayload=1024 bytes}"
5g-receiver,1783365130550126564,edge4av-real-20260706-multiclient-scalability-weak-signal-run-1,p5g-scale-mqtt-payload-1024-clients-20,scale,guided-planning,mqtt,,veh-05,rsu-1,p5g-scale-mqtt-payload-1024-clients-20-veh-05-339,ipi-session-1,multiclient-scalability-weak-signal-run-1,veh-05,339,20-clients,default,stationary,unsynced,true,true,clients,20,count,IPI-CooperativeService,1098,1783365276966620361,1783365130550074108,1783365130550126564,,,,,,"CooperativeService{guidedPlanning, status=request, vehicleId=0x7665682d3035, requestedHorizonMs=2500, confidence=100, planning.waypoints=1, offloadTaskId=probe-339, offloadPayload=1024 bytes}"
5g-receiver,1783365130800678192,edge4av-real-20260706-multiclient-scalability-weak-signal-run-1,p5g-scale-mqtt-payload-1024-clients-20,scale,guided-planning,mqtt,,veh-05,rsu-1,p5g-scale-mqtt-payload-1024-clients-20-veh-05-340,ipi-session-1,multiclient-scalability-weak-signal-run-1,veh-05,340,20-clients,default,stationary,unsynced,true,true,clients,20,count,IPI-CooperativeService,1098,1783365277214699768,1783365130800626368,1783365130800678192,,,,,,"CooperativeService{guidedPlanning, status=request, vehicleId=0x7665682d3035, requestedHorizonMs=2500, confidence=100, planning.waypoints=1, offloadTaskId=probe-340, offloadPayload=1024 bytes}"
5g-receiver,1783365131041113813,edge4av-real-20260706-multiclient-scalability-weak-signal-run-1,p5g-scale-mqtt-payload-1024-clients-20,scale,guided-planning,mqtt,,veh-05,rsu-1,p5g-scale-mqtt-payload-1024-clients-20-veh-05-341,ipi-session-1,multiclient-scalability-weak-signal-run-1,veh-05,341,20-clients,default,stationary,unsynced,true,true,clients,20,count,IPI-CooperativeService,1098,1783365277454648347,1783365131041062197,1783365131041113813,,,,,,"CooperativeService{guidedPlanning, status=request, vehicleId=0x7665682d3035, requestedHorizonMs=2500, confidence=100, planning.waypoints=1, offloadTaskId=probe-341, offloadPayload=1024 bytes}"
5g-receiver,1783365131281755983,edge4av-real-20260706-multiclient-scalability-weak-signal-run-1,p5g-scale-mqtt-payload-1024-clients-20,scale,guided-planning,mqtt,,veh-05,rsu-1,p5g-scale-mqtt-payload-1024-clients-20-veh-05-342,ipi-session-1,multiclient-scalability-weak-signal-run-1,veh-05,342,20-clients,default,stationary,unsynced,true,true,clients,20,count,IPI-CooperativeService,1098,1783365277700527790,1783365131281709968,1783365131281755983,,,,,,"CooperativeService{guidedPlanning, status=request, vehicleId=0x7665682d3035, requestedHorizonMs=2500, confidence=100, planning.waypoints=1, offloadTaskId=probe-342, offloadPayload=1024 bytes}"
5g-receiver,1783365131522143120,edge4av-real-20260706-multiclient-scalability-weak-signal-run-1,p5g-scale-mqtt-payload-1024-clients-20,scale,guided-planning,mqtt,,veh-05,rsu-1,p5g-scale-mqtt-payload-1024-clients-20-veh-05-343,ipi-session-1,multiclient-scalability-weak-signal-run-1,veh-05,343,20-clients,default,stationary,unsynced,true,true,clients,20,count,IPI-CooperativeService,1098,1783365277939303010,1783365131522069592,1783365131522143120,,,,,,"CooperativeService{guidedPlanning, status=request, vehicleId=0x7665682d3035, requestedHorizonMs=2500, confidence=100, planning.waypoints=1, offloadTaskId=probe-343, offloadPayload=1024 bytes}"
5g-receiver,1783365131762505837,edge4av-real-20260706-multiclient-scalability-weak-signal-run-1,p5g-scale-mqtt-payload-1024-clients-20,scale,guided-planning,mqtt,,veh-05,rsu-1,p5g-scale-mqtt-payload-1024-clients-20-veh-05-344,ipi-session-1,multiclient-scalability-weak-signal-run-1,veh-05,344,20-clients,default,stationary,unsynced,true,true,clients,20,count,IPI-CooperativeService,1098,1783365278178614312,1783365131762425264,1783365131762505837,,,,,,"CooperativeService{guidedPlanning, status=request, vehicleId=0x7665682d3035, requestedHorizonMs=2500, confidence=100, planning.waypoints=1, offloadTaskId=probe-344, offloadPayload=1024 bytes}"
5g-receiver,1783365131993108312,edge4av-real-20260706-multiclient-scalability-weak-signal-run-1,p5g-scale-mqtt-payload-1024-clients-20,scale,guided-planning,mqtt,,veh-05,rsu-1,p5g-scale-mqtt-payload-1024-clients-20-veh-05-345,ipi-session-1,multiclient-scalability-weak-signal-run-1,veh-05,345,20-clients,default,stationary,unsynced,true,true,clients,20,count,IPI-CooperativeService,1098,1783365278418633744,1783365131993055625,1783365131993108312,,,,,,"CooperativeService{guidedPlanning, status=request, vehicleId=0x7665682d3035, requestedHorizonMs=2500, confidence=100, planning.waypoints=1, offloadTaskId=probe-345, offloadPayload=1024 bytes}"
5g-receiver,1783365132242910289,edge4av-real-20260706-multiclient-scalability-weak-signal-run-1,p5g-scale-mqtt-payload-1024-clients-20,scale,guided-planning,mqtt,,veh-05,rsu-1,p5g-scale-mqtt-payload-1024-clients-20-veh-05-346,ipi-session-1,multiclient-scalability-weak-signal-run-1,veh-05,346,20-clients,default,stationary,unsynced,true,true,clients,20,count,IPI-CooperativeService,1098,1783365278656623367,1783365132242854647,1783365132242910289,,,,,,"CooperativeService{guidedPlanning, status=request, vehicleId=0x7665682d3035, requestedHorizonMs=2500, confidence=100, planning.waypoints=1, offloadTaskId=probe-346, offloadPayload=1024 bytes}"
5g-receiver,1783365132472922461,edge4av-real-20260706-multiclient-scalability-weak-signal-run-1,p5g-scale-mqtt-payload-1024-clients-20,scale,guided-planning,mqtt,,veh-05,rsu-1,p5g-scale-mqtt-payload-1024-clients-20-veh-05-347,ipi-session-1,multiclient-scalability-weak-signal-run-1,veh-05,347,20-clients,default,stationary,unsynced,true,true,clients,20,count,IPI-CooperativeService,1098,1783365278900449736,1783365132472869469,1783365132472922461,,,,,,"CooperativeService{guidedPlanning, status=request, vehicleId=0x7665682d3035, requestedHorizonMs=2500, confidence=100, planning.waypoints=1, offloadTaskId=probe-347, offloadPayload=1024 bytes}"
5g-receiver,1783365132704026258,edge4av-real-20260706-multiclient-scalability-weak-signal-run-1,p5g-scale-mqtt-payload-1024-clients-20,scale,guided-planning,mqtt,,veh-05,rsu-1,p5g-scale-mqtt-payload-1024-clients-20-veh-05-348,ipi-session-1,multiclient-scalability-weak-signal-run-1,veh-05,348,20-clients,default,stationary,unsynced,true,true,clients,20,count,IPI-CooperativeService,1098,1783365279128530844,1783365132703980257,1783365132704026258,,,,,,"CooperativeService{guidedPlanning, status=request, vehicleId=0x7665682d3035, requestedHorizonMs=2500, confidence=100, planning.waypoints=1, offloadTaskId=probe-348, offloadPayload=1024 bytes}"
5g-receiver,1783365132954003994,edge4av-real-20260706-multiclient-scalability-weak-signal-run-1,p5g-scale-mqtt-payload-1024-clients-20,scale,guided-planning,mqtt,,veh-05,rsu-1,p5g-scale-mqtt-payload-1024-clients-20-veh-05-349,ipi-session-1,multiclient-scalability-weak-signal-run-1,veh-05,349,20-clients,default,stationary,unsynced,true,true,clients,20,count,IPI-CooperativeService,1098,1783365279358570348,1783365132953924234,1783365132954003994,,,,,,"CooperativeService{guidedPlanning, status=request, vehicleId=0x7665682d3035, requestedHorizonMs=2500, confidence=100, planning.waypoints=1, offloadTaskId=probe-349, offloadPayload=1024 bytes}"
5g-receiver,1783365133194533885,edge4av-real-20260706-multiclient-scalability-weak-signal-run-1,p5g-scale-mqtt-payload-1024-clients-20,scale,guided-planning,mqtt,,veh-05,rsu-1,p5g-scale-mqtt-payload-1024-clients-20-veh-05-350,ipi-session-1,multiclient-scalability-weak-signal-run-1,veh-05,350,20-clients,default,stationary,unsynced,true,true,clients,20,count,IPI-CooperativeService,1098,1783365279612524623,1783365133194472662,1783365133194533885,,,,,,"CooperativeService{guidedPlanning, status=request, vehicleId=0x7665682d3035, requestedHorizonMs=2500, confidence=100, planning.waypoints=1, offloadTaskId=probe-350, offloadPayload=1024 bytes}"
5g-receiver,1783365133464760889,edge4av-real-20260706-multiclient-scalability-weak-signal-run-1,p5g-scale-mqtt-payload-1024-clients-20,scale,guided-planning,mqtt,,veh-05,rsu-1,p5g-scale-mqtt-payload-1024-clients-20-veh-05-351,ipi-session-1,multiclient-scalability-weak-signal-run-1,veh-05,351,20-clients,default,stationary,unsynced,true,true,clients,20,count,IPI-CooperativeService,1098,1783365279860684076,1783365133464706736,1783365133464760889,,,,,,"CooperativeService{guidedPlanning, status=request, vehicleId=0x7665682d3035, requestedHorizonMs=2500, confidence=100, planning.waypoints=1, offloadTaskId=probe-351, offloadPayload=1024 bytes}"
5g-receiver,1783365133715365591,edge4av-real-20260706-multiclient-scalability-weak-signal-run-1,p5g-scale-mqtt-payload-1024-clients-20,scale,guided-planning,mqtt,,veh-05,rsu-1,p5g-scale-mqtt-payload-1024-clients-20-veh-05-352,ipi-session-1,multiclient-scalability-weak-signal-run-1,veh-05,352,20-clients,default,stationary,unsynced,true,true,clients,20,count,IPI-CooperativeService,1098,1783365280120705228,1783365133715312884,1783365133715365591,,,,,,"CooperativeService{guidedPlanning, status=request, vehicleId=0x7665682d3035, requestedHorizonMs=2500, confidence=100, planning.waypoints=1, offloadTaskId=probe-352, offloadPayload=1024 bytes}"
5g-receiver,1783365133955656237,edge4av-real-20260706-multiclient-scalability-weak-signal-run-1,p5g-scale-mqtt-payload-1024-clients-20,scale,guided-planning,mqtt,,veh-05,rsu-1,p5g-scale-mqtt-payload-1024-clients-20-veh-05-353,ipi-session-1,multiclient-scalability-weak-signal-run-1,veh-05,353,20-clients,default,stationary,unsynced,true,true,clients,20,count,IPI-CooperativeService,1098,1783365280370692405,1783365133955603924,1783365133955656237,,,,,,"CooperativeService{guidedPlanning, status=request, vehicleId=0x7665682d3035, requestedHorizonMs=2500, confidence=100, planning.waypoints=1, offloadTaskId=probe-353, offloadPayload=1024 bytes}"
5g-receiver,1783365134195863239,edge4av-real-20260706-multiclient-scalability-weak-signal-run-1,p5g-scale-mqtt-payload-1024-clients-20,scale,guided-planning,mqtt,,veh-05,rsu-1,p5g-scale-mqtt-payload-1024-clients-20-veh-05-354,ipi-session-1,multiclient-scalability-weak-signal-run-1,veh-05,354,20-clients,default,stationary,unsynced,true,true,clients,20,count,IPI-CooperativeService,1098,1783365280610464721,1783365134195817113,1783365134195863239,,,,,,"CooperativeService{guidedPlanning, status=request, vehicleId=0x7665682d3035, requestedHorizonMs=2500, confidence=100, planning.waypoints=1, offloadTaskId=probe-354, offloadPayload=1024 bytes}"
5g-receiver,1783365134446543873,edge4av-real-20260706-multiclient-scalability-weak-signal-run-1,p5g-scale-mqtt-payload-1024-clients-20,scale,guided-planning,mqtt,,veh-05,rsu-1,p5g-scale-mqtt-payload-1024-clients-20-veh-05-355,ipi-session-1,multiclient-scalability-weak-signal-run-1,veh-05,355,20-clients,default,stationary,unsynced,true,true,clients,20,count,IPI-CooperativeService,1098,1783365280850654874,1783365134446490439,1783365134446543873,,,,,,"CooperativeService{guidedPlanning, status=request, vehicleId=0x7665682d3035, requestedHorizonMs=2500, confidence=100, planning.waypoints=1, offloadTaskId=probe-355, offloadPayload=1024 bytes}"
5g-receiver,1783365134677183602,edge4av-real-20260706-multiclient-scalability-weak-signal-run-1,p5g-scale-mqtt-payload-1024-clients-20,scale,guided-planning,mqtt,,veh-05,rsu-1,p5g-scale-mqtt-payload-1024-clients-20-veh-05-356,ipi-session-1,multiclient-scalability-weak-signal-run-1,veh-05,356,20-clients,default,stationary,unsynced,true,true,clients,20,count,IPI-CooperativeService,1098,1783365281108633721,1783365134677127416,1783365134677183602,,,,,,"CooperativeService{guidedPlanning, status=request, vehicleId=0x7665682d3035, requestedHorizonMs=2500, confidence=100, planning.waypoints=1, offloadTaskId=probe-356, offloadPayload=1024 bytes}"
5g-receiver,1783365134927362160,edge4av-real-20260706-multiclient-scalability-weak-signal-run-1,p5g-scale-mqtt-payload-1024-clients-20,scale,guided-planning,mqtt,,veh-05,rsu-1,p5g-scale-mqtt-payload-1024-clients-20-veh-05-357,ipi-session-1,multiclient-scalability-weak-signal-run-1,veh-05,357,20-clients,default,stationary,unsynced,true,true,clients,20,count,IPI-CooperativeService,1098,1783365281332567713,1783365134927304067,1783365134927362160,,,,,,"CooperativeService{guidedPlanning, status=request, vehicleId=0x7665682d3035, requestedHorizonMs=2500, confidence=100, planning.waypoints=1, offloadTaskId=probe-357, offloadPayload=1024 bytes}"
5g-receiver,1783365135157661157,edge4av-real-20260706-multiclient-scalability-weak-signal-run-1,p5g-scale-mqtt-payload-1024-clients-20,scale,guided-planning,mqtt,,veh-05,rsu-1,p5g-scale-mqtt-payload-1024-clients-20-veh-05-358,ipi-session-1,multiclient-scalability-weak-signal-run-1,veh-05,358,20-clients,default,stationary,unsynced,true,true,clients,20,count,IPI-CooperativeService,1098,1783365281584559884,1783365135157609008,1783365135157661157,,,,,,"CooperativeService{guidedPlanning, status=request, vehicleId=0x7665682d3035, requestedHorizonMs=2500, confidence=100, planning.waypoints=1, offloadTaskId=probe-358, offloadPayload=1024 bytes}"
5g-receiver,1783365135397917845,edge4av-real-20260706-multiclient-scalability-weak-signal-run-1,p5g-scale-mqtt-payload-1024-clients-20,scale,guided-planning,mqtt,,veh-05,rsu-1,p5g-scale-mqtt-payload-1024-clients-20-veh-05-359,ipi-session-1,multiclient-scalability-weak-signal-run-1,veh-05,359,20-clients,default,stationary,unsynced,true,true,clients,20,count,IPI-CooperativeService,1098,1783365281816430236,1783365135397865341,1783365135397917845,,,,,,"CooperativeService{guidedPlanning, status=request, vehicleId=0x7665682d3035, requestedHorizonMs=2500, confidence=100, planning.waypoints=1, offloadTaskId=probe-359, offloadPayload=1024 bytes}"
5g-receiver,1783365135628117337,edge4av-real-20260706-multiclient-scalability-weak-signal-run-1,p5g-scale-mqtt-payload-1024-clients-20,scale,guided-planning,mqtt,,veh-05,rsu-1,p5g-scale-mqtt-payload-1024-clients-20-veh-05-360,ipi-session-1,multiclient-scalability-weak-signal-run-1,veh-05,360,20-clients,default,stationary,unsynced,true,true,clients,20,count,IPI-CooperativeService,1098,1783365282056487342,1783365135628052917,1783365135628117337,,,,,,"CooperativeService{guidedPlanning, status=request, vehicleId=0x7665682d3035, requestedHorizonMs=2500, confidence=100, planning.waypoints=1, offloadTaskId=probe-360, offloadPayload=1024 bytes}"
5g-receiver,1783365135858840397,edge4av-real-20260706-multiclient-scalability-weak-signal-run-1,p5g-scale-mqtt-payload-1024-clients-20,scale,guided-planning,mqtt,,veh-05,rsu-1,p5g-scale-mqtt-payload-1024-clients-20-veh-05-361,ipi-session-1,multiclient-scalability-weak-signal-run-1,veh-05,361,20-clients,default,stationary,unsynced,true,true,clients,20,count,IPI-CooperativeService,1098,1783365282286674173,1783365135858786914,1783365135858840397,,,,,,"CooperativeService{guidedPlanning, status=request, vehicleId=0x7665682d3035, requestedHorizonMs=2500, confidence=100, planning.waypoints=1, offloadTaskId=probe-361, offloadPayload=1024 bytes}"
5g-receiver,1783365136179355686,edge4av-real-20260706-multiclient-scalability-weak-signal-run-1,p5g-scale-mqtt-payload-1024-clients-20,scale,guided-planning,mqtt,,veh-05,rsu-1,p5g-scale-mqtt-payload-1024-clients-20-veh-05-362,ipi-session-1,multiclient-scalability-weak-signal-run-1,veh-05,362,20-clients,default,stationary,unsynced,true,true,clients,20,count,IPI-CooperativeService,1098,1783365282524538827,1783365136179303343,1783365136179355686,,,,,,"CooperativeService{guidedPlanning, status=request, vehicleId=0x7665682d3035, requestedHorizonMs=2500, confidence=100, planning.waypoints=1, offloadTaskId=probe-362, offloadPayload=1024 bytes}"
5g-receiver,1783365136550118579,edge4av-real-20260706-multiclient-scalability-weak-signal-run-1,p5g-scale-mqtt-payload-1024-clients-20,scale,guided-planning,mqtt,,veh-05,rsu-1,p5g-scale-mqtt-payload-1024-clients-20-veh-05-363,ipi-session-1,multiclient-scalability-weak-signal-run-1,veh-05,363,20-clients,default,stationary,unsynced,true,true,clients,20,count,IPI-CooperativeService,1098,1783365282836558876,1783365136550065727,1783365136550118579,,,,,,"CooperativeService{guidedPlanning, status=request, vehicleId=0x7665682d3035, requestedHorizonMs=2500, confidence=100, planning.waypoints=1, offloadTaskId=probe-363, offloadPayload=1024 bytes}"
5g-receiver,1783365136930973291,edge4av-real-20260706-multiclient-scalability-weak-signal-run-1,p5g-scale-mqtt-payload-1024-clients-20,scale,guided-planning,mqtt,,veh-05,rsu-1,p5g-scale-mqtt-payload-1024-clients-20-veh-05-364,ipi-session-1,multiclient-scalability-weak-signal-run-1,veh-05,364,20-clients,default,stationary,unsynced,true,true,clients,20,count,IPI-CooperativeService,1098,1783365283206552950,1783365136930920257,1783365136930973291,,,,,,"CooperativeService{guidedPlanning, status=request, vehicleId=0x7665682d3035, requestedHorizonMs=2500, confidence=100, planning.waypoints=1, offloadTaskId=probe-364, offloadPayload=1024 bytes}"
5g-receiver,1783365137271791937,edge4av-real-20260706-multiclient-scalability-weak-signal-run-1,p5g-scale-mqtt-payload-1024-clients-20,scale,guided-planning,mqtt,,veh-05,rsu-1,p5g-scale-mqtt-payload-1024-clients-20-veh-05-365,ipi-session-1,multiclient-scalability-weak-signal-run-1,veh-05,365,20-clients,default,stationary,unsynced,true,true,clients,20,count,IPI-CooperativeService,1098,1783365283586576674,1783365137271746061,1783365137271791937,,,,,,"CooperativeService{guidedPlanning, status=request, vehicleId=0x7665682d3035, requestedHorizonMs=2500, confidence=100, planning.waypoints=1, offloadTaskId=probe-365, offloadPayload=1024 bytes}"
5g-receiver,1783365137592203492,edge4av-real-20260706-multiclient-scalability-weak-signal-run-1,p5g-scale-mqtt-payload-1024-clients-20,scale,guided-planning,mqtt,,veh-05,rsu-1,p5g-scale-mqtt-payload-1024-clients-20-veh-05-366,ipi-session-1,multiclient-scalability-weak-signal-run-1,veh-05,366,20-clients,default,stationary,unsynced,true,true,clients,20,count,IPI-CooperativeService,1098,1783365283928617553,1783365137592133049,1783365137592203492,,,,,,"CooperativeService{guidedPlanning, status=request, vehicleId=0x7665682d3035, requestedHorizonMs=2500, confidence=100, planning.waypoints=1, offloadTaskId=probe-366, offloadPayload=1024 bytes}"
5g-receiver,1783365137912346096,edge4av-real-20260706-multiclient-scalability-weak-signal-run-1,p5g-scale-mqtt-payload-1024-clients-20,scale,guided-planning,mqtt,,veh-05,rsu-1,p5g-scale-mqtt-payload-1024-clients-20-veh-05-367,ipi-session-1,multiclient-scalability-weak-signal-run-1,veh-05,367,20-clients,default,stationary,unsynced,true,true,clients,20,count,IPI-CooperativeService,1098,1783365284248576845,1783365137912292804,1783365137912346096,,,,,,"CooperativeService{guidedPlanning, status=request, vehicleId=0x7665682d3035, requestedHorizonMs=2500, confidence=100, planning.waypoints=1, offloadTaskId=probe-367, offloadPayload=1024 bytes}"
5g-receiver,1783365138252908835,edge4av-real-20260706-multiclient-scalability-weak-signal-run-1,p5g-scale-mqtt-payload-1024-clients-20,scale,guided-planning,mqtt,,veh-05,rsu-1,p5g-scale-mqtt-payload-1024-clients-20-veh-05-368,ipi-session-1,multiclient-scalability-weak-signal-run-1,veh-05,368,20-clients,default,stationary,unsynced,true,true,clients,20,count,IPI-CooperativeService,1098,1783365284570638062,1783365138252856264,1783365138252908835,,,,,,"CooperativeService{guidedPlanning, status=request, vehicleId=0x7665682d3035, requestedHorizonMs=2500, confidence=100, planning.waypoints=1, offloadTaskId=probe-368, offloadPayload=1024 bytes}"
5g-receiver,1783365138633539208,edge4av-real-20260706-multiclient-scalability-weak-signal-run-1,p5g-scale-mqtt-payload-1024-clients-20,scale,guided-planning,mqtt,,veh-05,rsu-1,p5g-scale-mqtt-payload-1024-clients-20-veh-05-369,ipi-session-1,multiclient-scalability-weak-signal-run-1,veh-05,369,20-clients,default,stationary,unsynced,true,true,clients,20,count,IPI-CooperativeService,1098,1783365284912542413,1783365138633474162,1783365138633539208,,,,,,"CooperativeService{guidedPlanning, status=request, vehicleId=0x7665682d3035, requestedHorizonMs=2500, confidence=100, planning.waypoints=1, offloadTaskId=probe-369, offloadPayload=1024 bytes}"
5g-receiver,1783365139004597902,edge4av-real-20260706-multiclient-scalability-weak-signal-run-1,p5g-scale-mqtt-payload-1024-clients-20,scale,guided-planning,mqtt,,veh-05,rsu-1,p5g-scale-mqtt-payload-1024-clients-20-veh-05-370,ipi-session-1,multiclient-scalability-weak-signal-run-1,veh-05,370,20-clients,default,stationary,unsynced,true,true,clients,20,count,IPI-CooperativeService,1098,1783365285290651644,1783365139004543896,1783365139004597902,,,,,,"CooperativeService{guidedPlanning, status=request, vehicleId=0x7665682d3035, requestedHorizonMs=2500, confidence=100, planning.waypoints=1, offloadTaskId=probe-370, offloadPayload=1024 bytes}"
5g-receiver,1783365139384928171,edge4av-real-20260706-multiclient-scalability-weak-signal-run-1,p5g-scale-mqtt-payload-1024-clients-20,scale,guided-planning,mqtt,,veh-05,rsu-1,p5g-scale-mqtt-payload-1024-clients-20-veh-05-371,ipi-session-1,multiclient-scalability-weak-signal-run-1,veh-05,371,20-clients,default,stationary,unsynced,true,true,clients,20,count,IPI-CooperativeService,1098,1783365285662601329,1783365139384867848,1783365139384928171,,,,,,"CooperativeService{guidedPlanning, status=request, vehicleId=0x7665682d3035, requestedHorizonMs=2500, confidence=100, planning.waypoints=1, offloadTaskId=probe-371, offloadPayload=1024 bytes}"
5g-receiver,1783365139715717363,edge4av-real-20260706-multiclient-scalability-weak-signal-run-1,p5g-scale-mqtt-payload-1024-clients-20,scale,guided-planning,mqtt,,veh-05,rsu-1,p5g-scale-mqtt-payload-1024-clients-20-veh-05-372,ipi-session-1,multiclient-scalability-weak-signal-run-1,veh-05,372,20-clients,default,stationary,unsynced,true,true,clients,20,count,IPI-CooperativeService,1098,1783365286038605976,1783365139715663737,1783365139715717363,,,,,,"CooperativeService{guidedPlanning, status=request, vehicleId=0x7665682d3035, requestedHorizonMs=2500, confidence=100, planning.waypoints=1, offloadTaskId=probe-372, offloadPayload=1024 bytes}"
5g-receiver,1783365140046308555,edge4av-real-20260706-multiclient-scalability-weak-signal-run-1,p5g-scale-mqtt-payload-1024-clients-20,scale,guided-planning,mqtt,,veh-05,rsu-1,p5g-scale-mqtt-payload-1024-clients-20-veh-05-373,ipi-session-1,multiclient-scalability-weak-signal-run-1,veh-05,373,20-clients,default,stationary,unsynced,true,true,clients,20,count,IPI-CooperativeService,1098,1783365286370644957,1783365140046255369,1783365140046308555,,,,,,"CooperativeService{guidedPlanning, status=request, vehicleId=0x7665682d3035, requestedHorizonMs=2500, confidence=100, planning.waypoints=1, offloadTaskId=probe-373, offloadPayload=1024 bytes}"
5g-receiver,1783365140356881282,edge4av-real-20260706-multiclient-scalability-weak-signal-run-1,p5g-scale-mqtt-payload-1024-clients-20,scale,guided-planning,mqtt,,veh-05,rsu-1,p5g-scale-mqtt-payload-1024-clients-20-veh-05-374,ipi-session-1,multiclient-scalability-weak-signal-run-1,veh-05,374,20-clients,default,stationary,unsynced,true,true,clients,20,count,IPI-CooperativeService,1098,1783365286708409031,1783365140356829154,1783365140356881282,,,,,,"CooperativeService{guidedPlanning, status=request, vehicleId=0x7665682d3035, requestedHorizonMs=2500, confidence=100, planning.waypoints=1, offloadTaskId=probe-374, offloadPayload=1024 bytes}"
5g-receiver,1783365140657334044,edge4av-real-20260706-multiclient-scalability-weak-signal-run-1,p5g-scale-mqtt-payload-1024-clients-20,scale,guided-planning,mqtt,,veh-05,rsu-1,p5g-scale-mqtt-payload-1024-clients-20-veh-05-375,ipi-session-1,multiclient-scalability-weak-signal-run-1,veh-05,375,20-clients,default,stationary,unsynced,true,true,clients,20,count,IPI-CooperativeService,1098,1783365287012536801,1783365140657280670,1783365140657334044,,,,,,"CooperativeService{guidedPlanning, status=request, vehicleId=0x7665682d3035, requestedHorizonMs=2500, confidence=100, planning.waypoints=1, offloadTaskId=probe-375, offloadPayload=1024 bytes}"
5g-receiver,1783365141017937574,edge4av-real-20260706-multiclient-scalability-weak-signal-run-1,p5g-scale-mqtt-payload-1024-clients-20,scale,guided-planning,mqtt,,veh-05,rsu-1,p5g-scale-mqtt-payload-1024-clients-20-veh-05-376,ipi-session-1,multiclient-scalability-weak-signal-run-1,veh-05,376,20-clients,default,stationary,unsynced,true,true,clients,20,count,IPI-CooperativeService,1098,1783365287314620115,1783365141017883438,1783365141017937574,,,,,,"CooperativeService{guidedPlanning, status=request, vehicleId=0x7665682d3035, requestedHorizonMs=2500, confidence=100, planning.waypoints=1, offloadTaskId=probe-376, offloadPayload=1024 bytes}"
5g-receiver,1783365141358829969,edge4av-real-20260706-multiclient-scalability-weak-signal-run-1,p5g-scale-mqtt-payload-1024-clients-20,scale,guided-planning,mqtt,,veh-05,rsu-1,p5g-scale-mqtt-payload-1024-clients-20-veh-05-377,ipi-session-1,multiclient-scalability-weak-signal-run-1,veh-05,377,20-clients,default,stationary,unsynced,true,true,clients,20,count,IPI-CooperativeService,1098,1783365287674504846,1783365141358771488,1783365141358829969,,,,,,"CooperativeService{guidedPlanning, status=request, vehicleId=0x7665682d3035, requestedHorizonMs=2500, confidence=100, planning.waypoints=1, offloadTaskId=probe-377, offloadPayload=1024 bytes}"
5g-receiver,1783365141689465066,edge4av-real-20260706-multiclient-scalability-weak-signal-run-1,p5g-scale-mqtt-payload-1024-clients-20,scale,guided-planning,mqtt,,veh-05,rsu-1,p5g-scale-mqtt-payload-1024-clients-20-veh-05-378,ipi-session-1,multiclient-scalability-weak-signal-run-1,veh-05,378,20-clients,default,stationary,unsynced,true,true,clients,20,count,IPI-CooperativeService,1098,1783365288014670925,1783365141689405961,1783365141689465066,,,,,,"CooperativeService{guidedPlanning, status=request, vehicleId=0x7665682d3035, requestedHorizonMs=2500, confidence=100, planning.waypoints=1, offloadTaskId=probe-378, offloadPayload=1024 bytes}"
5g-receiver,1783365141999857378,edge4av-real-20260706-multiclient-scalability-weak-signal-run-1,p5g-scale-mqtt-payload-1024-clients-20,scale,guided-planning,mqtt,,veh-05,rsu-1,p5g-scale-mqtt-payload-1024-clients-20-veh-05-379,ipi-session-1,multiclient-scalability-weak-signal-run-1,veh-05,379,20-clients,default,stationary,unsynced,true,true,clients,20,count,IPI-CooperativeService,1098,1783365288348642491,1783365141999802353,1783365141999857378,,,,,,"CooperativeService{guidedPlanning, status=request, vehicleId=0x7665682d3035, requestedHorizonMs=2500, confidence=100, planning.waypoints=1, offloadTaskId=probe-379, offloadPayload=1024 bytes}"
5g-receiver,1783365142230580848,edge4av-real-20260706-multiclient-scalability-weak-signal-run-1,p5g-scale-mqtt-payload-1024-clients-20,scale,guided-planning,mqtt,,veh-05,rsu-1,p5g-scale-mqtt-payload-1024-clients-20-veh-05-380,ipi-session-1,multiclient-scalability-weak-signal-run-1,veh-05,380,20-clients,default,stationary,unsynced,true,true,clients,20,count,IPI-CooperativeService,1098,1783365288654574344,1783365142230536452,1783365142230580848,,,,,,"CooperativeService{guidedPlanning, status=request, vehicleId=0x7665682d3035, requestedHorizonMs=2500, confidence=100, planning.waypoints=1, offloadTaskId=probe-380, offloadPayload=1024 bytes}"
5g-receiver,1783365142541423828,edge4av-real-20260706-multiclient-scalability-weak-signal-run-1,p5g-scale-mqtt-payload-1024-clients-20,scale,guided-planning,mqtt,,veh-05,rsu-1,p5g-scale-mqtt-payload-1024-clients-20-veh-05-381,ipi-session-1,multiclient-scalability-weak-signal-run-1,veh-05,381,20-clients,default,stationary,unsynced,true,true,clients,20,count,IPI-CooperativeService,1098,1783365288929943979,1783365142541377690,1783365142541423828,,,,,,"CooperativeService{guidedPlanning, status=request, vehicleId=0x7665682d3035, requestedHorizonMs=2500, confidence=100, planning.waypoints=1, offloadTaskId=probe-381, offloadPayload=1024 bytes}"
5g-receiver,1783365142781253414,edge4av-real-20260706-multiclient-scalability-weak-signal-run-1,p5g-scale-mqtt-payload-1024-clients-20,scale,guided-planning,mqtt,,veh-05,rsu-1,p5g-scale-mqtt-payload-1024-clients-20-veh-05-382,ipi-session-1,multiclient-scalability-weak-signal-run-1,veh-05,382,20-clients,default,stationary,unsynced,true,true,clients,20,count,IPI-CooperativeService,1098,1783365289198658741,1783365142781200299,1783365142781253414,,,,,,"CooperativeService{guidedPlanning, status=request, vehicleId=0x7665682d3035, requestedHorizonMs=2500, confidence=100, planning.waypoints=1, offloadTaskId=probe-382, offloadPayload=1024 bytes}"
5g-receiver,1783365143021726020,edge4av-real-20260706-multiclient-scalability-weak-signal-run-1,p5g-scale-mqtt-payload-1024-clients-20,scale,guided-planning,mqtt,,veh-05,rsu-1,p5g-scale-mqtt-payload-1024-clients-20-veh-05-383,ipi-session-1,multiclient-scalability-weak-signal-run-1,veh-05,383,20-clients,default,stationary,unsynced,true,true,clients,20,count,IPI-CooperativeService,1098,1783365289442415312,1783365143021667872,1783365143021726020,,,,,,"CooperativeService{guidedPlanning, status=request, vehicleId=0x7665682d3035, requestedHorizonMs=2500, confidence=100, planning.waypoints=1, offloadTaskId=probe-383, offloadPayload=1024 bytes}"
5g-receiver,1783365143252109435,edge4av-real-20260706-multiclient-scalability-weak-signal-run-1,p5g-scale-mqtt-payload-1024-clients-20,scale,guided-planning,mqtt,,veh-05,rsu-1,p5g-scale-mqtt-payload-1024-clients-20-veh-05-384,ipi-session-1,multiclient-scalability-weak-signal-run-1,veh-05,384,20-clients,default,stationary,unsynced,true,true,clients,20,count,IPI-CooperativeService,1098,1783365289682422034,1783365143252050321,1783365143252109435,,,,,,"CooperativeService{guidedPlanning, status=request, vehicleId=0x7665682d3035, requestedHorizonMs=2500, confidence=100, planning.waypoints=1, offloadTaskId=probe-384, offloadPayload=1024 bytes}"
5g-receiver,1783365143502659966,edge4av-real-20260706-multiclient-scalability-weak-signal-run-1,p5g-scale-mqtt-payload-1024-clients-20,scale,guided-planning,mqtt,,veh-05,rsu-1,p5g-scale-mqtt-payload-1024-clients-20-veh-05-385,ipi-session-1,multiclient-scalability-weak-signal-run-1,veh-05,385,20-clients,default,stationary,unsynced,true,true,clients,20,count,IPI-CooperativeService,1098,1783365289910664211,1783365143502600627,1783365143502659966,,,,,,"CooperativeService{guidedPlanning, status=request, vehicleId=0x7665682d3035, requestedHorizonMs=2500, confidence=100, planning.waypoints=1, offloadTaskId=probe-385, offloadPayload=1024 bytes}"
5g-receiver,1783365143742782347,edge4av-real-20260706-multiclient-scalability-weak-signal-run-1,p5g-scale-mqtt-payload-1024-clients-20,scale,guided-planning,mqtt,,veh-05,rsu-1,p5g-scale-mqtt-payload-1024-clients-20-veh-05-386,ipi-session-1,multiclient-scalability-weak-signal-run-1,veh-05,386,20-clients,default,stationary,unsynced,true,true,clients,20,count,IPI-CooperativeService,1098,1783365290158528238,1783365143742726259,1783365143742782347,,,,,,"CooperativeService{guidedPlanning, status=request, vehicleId=0x7665682d3035, requestedHorizonMs=2500, confidence=100, planning.waypoints=1, offloadTaskId=probe-386, offloadPayload=1024 bytes}"
5g-receiver,1783365144023404419,edge4av-real-20260706-multiclient-scalability-weak-signal-run-1,p5g-scale-mqtt-payload-1024-clients-20,scale,guided-planning,mqtt,,veh-05,rsu-1,p5g-scale-mqtt-payload-1024-clients-20-veh-05-387,ipi-session-1,multiclient-scalability-weak-signal-run-1,veh-05,387,20-clients,default,stationary,unsynced,true,true,clients,20,count,IPI-CooperativeService,1098,1783365290402614099,1783365144023346153,1783365144023404419,,,,,,"CooperativeService{guidedPlanning, status=request, vehicleId=0x7665682d3035, requestedHorizonMs=2500, confidence=100, planning.waypoints=1, offloadTaskId=probe-387, offloadPayload=1024 bytes}"
5g-receiver,1783365144263461386,edge4av-real-20260706-multiclient-scalability-weak-signal-run-1,p5g-scale-mqtt-payload-1024-clients-20,scale,guided-planning,mqtt,,veh-05,rsu-1,p5g-scale-mqtt-payload-1024-clients-20-veh-05-388,ipi-session-1,multiclient-scalability-weak-signal-run-1,veh-05,388,20-clients,default,stationary,unsynced,true,true,clients,20,count,IPI-CooperativeService,1098,1783365290682624479,1783365144263402554,1783365144263461386,,,,,,"CooperativeService{guidedPlanning, status=request, vehicleId=0x7665682d3035, requestedHorizonMs=2500, confidence=100, planning.waypoints=1, offloadTaskId=probe-388, offloadPayload=1024 bytes}"
5g-receiver,1783365144503951185,edge4av-real-20260706-multiclient-scalability-weak-signal-run-1,p5g-scale-mqtt-payload-1024-clients-20,scale,guided-planning,mqtt,,veh-05,rsu-1,p5g-scale-mqtt-payload-1024-clients-20-veh-05-389,ipi-session-1,multiclient-scalability-weak-signal-run-1,veh-05,389,20-clients,default,stationary,unsynced,true,true,clients,20,count,IPI-CooperativeService,1098,1783365290922613277,1783365144503893803,1783365144503951185,,,,,,"CooperativeService{guidedPlanning, status=request, vehicleId=0x7665682d3035, requestedHorizonMs=2500, confidence=100, planning.waypoints=1, offloadTaskId=probe-389, offloadPayload=1024 bytes}"
5g-receiver,1783365144743882280,edge4av-real-20260706-multiclient-scalability-weak-signal-run-1,p5g-scale-mqtt-payload-1024-clients-20,scale,guided-planning,mqtt,,veh-05,rsu-1,p5g-scale-mqtt-payload-1024-clients-20-veh-05-390,ipi-session-1,multiclient-scalability-weak-signal-run-1,veh-05,390,20-clients,default,stationary,unsynced,true,true,clients,20,count,IPI-CooperativeService,1098,1783365291164493150,1783365144743854177,1783365144743882280,,,,,,"CooperativeService{guidedPlanning, status=request, vehicleId=0x7665682d3035, requestedHorizonMs=2500, confidence=100, planning.waypoints=1, offloadTaskId=probe-390, offloadPayload=1024 bytes}"
5g-receiver,1783365144984321400,edge4av-real-20260706-multiclient-scalability-weak-signal-run-1,p5g-scale-mqtt-payload-1024-clients-20,scale,guided-planning,mqtt,,veh-05,rsu-1,p5g-scale-mqtt-payload-1024-clients-20-veh-05-391,ipi-session-1,multiclient-scalability-weak-signal-run-1,veh-05,391,20-clients,default,stationary,unsynced,true,true,clients,20,count,IPI-CooperativeService,1098,1783365291398525305,1783365144984305322,1783365144984321400,,,,,,"CooperativeService{guidedPlanning, status=request, vehicleId=0x7665682d3035, requestedHorizonMs=2500, confidence=100, planning.waypoints=1, offloadTaskId=probe-391, offloadPayload=1024 bytes}"
5g-receiver,1783365145235274305,edge4av-real-20260706-multiclient-scalability-weak-signal-run-1,p5g-scale-mqtt-payload-1024-clients-20,scale,guided-planning,mqtt,,veh-05,rsu-1,p5g-scale-mqtt-payload-1024-clients-20-veh-05-392,ipi-session-1,multiclient-scalability-weak-signal-run-1,veh-05,392,20-clients,default,stationary,unsynced,true,true,clients,20,count,IPI-CooperativeService,1098,1783365291642734598,1783365145235213368,1783365145235274305,,,,,,"CooperativeService{guidedPlanning, status=request, vehicleId=0x7665682d3035, requestedHorizonMs=2500, confidence=100, planning.waypoints=1, offloadTaskId=probe-392, offloadPayload=1024 bytes}"
5g-receiver,1783365145475594343,edge4av-real-20260706-multiclient-scalability-weak-signal-run-1,p5g-scale-mqtt-payload-1024-clients-20,scale,guided-planning,mqtt,,veh-05,rsu-1,p5g-scale-mqtt-payload-1024-clients-20-veh-05-393,ipi-session-1,multiclient-scalability-weak-signal-run-1,veh-05,393,20-clients,default,stationary,unsynced,true,true,clients,20,count,IPI-CooperativeService,1098,1783365291890659922,1783365145475542539,1783365145475594343,,,,,,"CooperativeService{guidedPlanning, status=request, vehicleId=0x7665682d3035, requestedHorizonMs=2500, confidence=100, planning.waypoints=1, offloadTaskId=probe-393, offloadPayload=1024 bytes}"
5g-receiver,1783365145726086931,edge4av-real-20260706-multiclient-scalability-weak-signal-run-1,p5g-scale-mqtt-payload-1024-clients-20,scale,guided-planning,mqtt,,veh-05,rsu-1,p5g-scale-mqtt-payload-1024-clients-20-veh-05-394,ipi-session-1,multiclient-scalability-weak-signal-run-1,veh-05,394,20-clients,default,stationary,unsynced,true,true,clients,20,count,IPI-CooperativeService,1098,1783365292132483958,1783365145726008246,1783365145726086931,,,,,,"CooperativeService{guidedPlanning, status=request, vehicleId=0x7665682d3035, requestedHorizonMs=2500, confidence=100, planning.waypoints=1, offloadTaskId=probe-394, offloadPayload=1024 bytes}"
5g-receiver,1783365145966780602,edge4av-real-20260706-multiclient-scalability-weak-signal-run-1,p5g-scale-mqtt-payload-1024-clients-20,scale,guided-planning,mqtt,,veh-05,rsu-1,p5g-scale-mqtt-payload-1024-clients-20-veh-05-395,ipi-session-1,multiclient-scalability-weak-signal-run-1,veh-05,395,20-clients,default,stationary,unsynced,true,true,clients,20,count,IPI-CooperativeService,1098,1783365292388601332,1783365145966722804,1783365145966780602,,,,,,"CooperativeService{guidedPlanning, status=request, vehicleId=0x7665682d3035, requestedHorizonMs=2500, confidence=100, planning.waypoints=1, offloadTaskId=probe-395, offloadPayload=1024 bytes}"
5g-receiver,1783365146206829108,edge4av-real-20260706-multiclient-scalability-weak-signal-run-1,p5g-scale-mqtt-payload-1024-clients-20,scale,guided-planning,mqtt,,veh-05,rsu-1,p5g-scale-mqtt-payload-1024-clients-20-veh-05-396,ipi-session-1,multiclient-scalability-weak-signal-run-1,veh-05,396,20-clients,default,stationary,unsynced,true,true,clients,20,count,IPI-CooperativeService,1098,1783365292628558972,1783365146206775961,1783365146206829108,,,,,,"CooperativeService{guidedPlanning, status=request, vehicleId=0x7665682d3035, requestedHorizonMs=2500, confidence=100, planning.waypoints=1, offloadTaskId=probe-396, offloadPayload=1024 bytes}"
5g-receiver,1783365146447114732,edge4av-real-20260706-multiclient-scalability-weak-signal-run-1,p5g-scale-mqtt-payload-1024-clients-20,scale,guided-planning,mqtt,,veh-05,rsu-1,p5g-scale-mqtt-payload-1024-clients-20-veh-05-397,ipi-session-1,multiclient-scalability-weak-signal-run-1,veh-05,397,20-clients,default,stationary,unsynced,true,true,clients,20,count,IPI-CooperativeService,1098,1783365292864529900,1783365146447057569,1783365146447114732,,,,,,"CooperativeService{guidedPlanning, status=request, vehicleId=0x7665682d3035, requestedHorizonMs=2500, confidence=100, planning.waypoints=1, offloadTaskId=probe-397, offloadPayload=1024 bytes}"
5g-receiver,1783365146677702505,edge4av-real-20260706-multiclient-scalability-weak-signal-run-1,p5g-scale-mqtt-payload-1024-clients-20,scale,guided-planning,mqtt,,veh-05,rsu-1,p5g-scale-mqtt-payload-1024-clients-20-veh-05-398,ipi-session-1,multiclient-scalability-weak-signal-run-1,veh-05,398,20-clients,default,stationary,unsynced,true,true,clients,20,count,IPI-CooperativeService,1098,1783365293104671917,1783365146677644453,1783365146677702505,,,,,,"CooperativeService{guidedPlanning, status=request, vehicleId=0x7665682d3035, requestedHorizonMs=2500, confidence=100, planning.waypoints=1, offloadTaskId=probe-398, offloadPayload=1024 bytes}"
5g-receiver,1783365146907971074,edge4av-real-20260706-multiclient-scalability-weak-signal-run-1,p5g-scale-mqtt-payload-1024-clients-20,scale,guided-planning,mqtt,,veh-05,rsu-1,p5g-scale-mqtt-payload-1024-clients-20-veh-05-399,ipi-session-1,multiclient-scalability-weak-signal-run-1,veh-05,399,20-clients,default,stationary,unsynced,true,true,clients,20,count,IPI-CooperativeService,1098,1783365293334548608,1783365146907906081,1783365146907971074,,,,,,"CooperativeService{guidedPlanning, status=request, vehicleId=0x7665682d3035, requestedHorizonMs=2500, confidence=100, planning.waypoints=1, offloadTaskId=probe-399, offloadPayload=1024 bytes}"
5g-receiver,1783365147148192635,edge4av-real-20260706-multiclient-scalability-weak-signal-run-1,p5g-scale-mqtt-payload-1024-clients-20,scale,guided-planning,mqtt,,veh-05,rsu-1,p5g-scale-mqtt-payload-1024-clients-20-veh-05-400,ipi-session-1,multiclient-scalability-weak-signal-run-1,veh-05,400,20-clients,default,stationary,unsynced,true,true,clients,20,count,IPI-CooperativeService,1098,1783365293564525098,1783365147148135957,1783365147148192635,,,,,,"CooperativeService{guidedPlanning, status=request, vehicleId=0x7665682d3035, requestedHorizonMs=2500, confidence=100, planning.waypoints=1, offloadTaskId=probe-400, offloadPayload=1024 bytes}"
5g-receiver,1783365147388914990,edge4av-real-20260706-multiclient-scalability-weak-signal-run-1,p5g-scale-mqtt-payload-1024-clients-20,scale,guided-planning,mqtt,,veh-05,rsu-1,p5g-scale-mqtt-payload-1024-clients-20-veh-05-401,ipi-session-1,multiclient-scalability-weak-signal-run-1,veh-05,401,20-clients,default,stationary,unsynced,true,true,clients,20,count,IPI-CooperativeService,1098,1783365293812543844,1783365147388857270,1783365147388914990,,,,,,"CooperativeService{guidedPlanning, status=request, vehicleId=0x7665682d3035, requestedHorizonMs=2500, confidence=100, planning.waypoints=1, offloadTaskId=probe-401, offloadPayload=1024 bytes}"
5g-receiver,1783365147649200806,edge4av-real-20260706-multiclient-scalability-weak-signal-run-1,p5g-scale-mqtt-payload-1024-clients-20,scale,guided-planning,mqtt,,veh-05,rsu-1,p5g-scale-mqtt-payload-1024-clients-20-veh-05-402,ipi-session-1,multiclient-scalability-weak-signal-run-1,veh-05,402,20-clients,default,stationary,unsynced,true,true,clients,20,count,IPI-CooperativeService,1098,1783365294044474802,1783365147649143023,1783365147649200806,,,,,,"CooperativeService{guidedPlanning, status=request, vehicleId=0x7665682d3035, requestedHorizonMs=2500, confidence=100, planning.waypoints=1, offloadTaskId=probe-402, offloadPayload=1024 bytes}"
5g-receiver,1783365147879648484,edge4av-real-20260706-multiclient-scalability-weak-signal-run-1,p5g-scale-mqtt-payload-1024-clients-20,scale,guided-planning,mqtt,,veh-05,rsu-1,p5g-scale-mqtt-payload-1024-clients-20-veh-05-403,ipi-session-1,multiclient-scalability-weak-signal-run-1,veh-05,403,20-clients,default,stationary,unsynced,true,true,clients,20,count,IPI-CooperativeService,1098,1783365294308472050,1783365147879596841,1783365147879648484,,,,,,"CooperativeService{guidedPlanning, status=request, vehicleId=0x7665682d3035, requestedHorizonMs=2500, confidence=100, planning.waypoints=1, offloadTaskId=probe-403, offloadPayload=1024 bytes}"
5g-receiver,1783365148139856022,edge4av-real-20260706-multiclient-scalability-weak-signal-run-1,p5g-scale-mqtt-payload-1024-clients-20,scale,guided-planning,mqtt,,veh-05,rsu-1,p5g-scale-mqtt-payload-1024-clients-20-veh-05-404,ipi-session-1,multiclient-scalability-weak-signal-run-1,veh-05,404,20-clients,default,stationary,unsynced,true,true,clients,20,count,IPI-CooperativeService,1098,1783365294544536952,1783365148139803821,1783365148139856022,,,,,,"CooperativeService{guidedPlanning, status=request, vehicleId=0x7665682d3035, requestedHorizonMs=2500, confidence=100, planning.waypoints=1, offloadTaskId=probe-404, offloadPayload=1024 bytes}"
5g-receiver,1783365148391122907,edge4av-real-20260706-multiclient-scalability-weak-signal-run-1,p5g-scale-mqtt-payload-1024-clients-20,scale,guided-planning,mqtt,,veh-05,rsu-1,p5g-scale-mqtt-payload-1024-clients-20-veh-05-405,ipi-session-1,multiclient-scalability-weak-signal-run-1,veh-05,405,20-clients,default,stationary,unsynced,true,true,clients,20,count,IPI-CooperativeService,1098,1783365294804586184,1783365148391078123,1783365148391122907,,,,,,"CooperativeService{guidedPlanning, status=request, vehicleId=0x7665682d3035, requestedHorizonMs=2500, confidence=100, planning.waypoints=1, offloadTaskId=probe-405, offloadPayload=1024 bytes}"
5g-receiver,1783365148630970687,edge4av-real-20260706-multiclient-scalability-weak-signal-run-1,p5g-scale-mqtt-payload-1024-clients-20,scale,guided-planning,mqtt,,veh-05,rsu-1,p5g-scale-mqtt-payload-1024-clients-20-veh-05-406,ipi-session-1,multiclient-scalability-weak-signal-run-1,veh-05,406,20-clients,default,stationary,unsynced,true,true,clients,20,count,IPI-CooperativeService,1098,1783365295048578111,1783365148630919312,1783365148630970687,,,,,,"CooperativeService{guidedPlanning, status=request, vehicleId=0x7665682d3035, requestedHorizonMs=2500, confidence=100, planning.waypoints=1, offloadTaskId=probe-406, offloadPayload=1024 bytes}"
5g-receiver,1783365148871201786,edge4av-real-20260706-multiclient-scalability-weak-signal-run-1,p5g-scale-mqtt-payload-1024-clients-20,scale,guided-planning,mqtt,,veh-05,rsu-1,p5g-scale-mqtt-payload-1024-clients-20-veh-05-407,ipi-session-1,multiclient-scalability-weak-signal-run-1,veh-05,407,20-clients,default,stationary,unsynced,true,true,clients,20,count,IPI-CooperativeService,1098,1783365295284502616,1783365148871142554,1783365148871201786,,,,,,"CooperativeService{guidedPlanning, status=request, vehicleId=0x7665682d3035, requestedHorizonMs=2500, confidence=100, planning.waypoints=1, offloadTaskId=probe-407, offloadPayload=1024 bytes}"
5g-receiver,1783365149101731689,edge4av-real-20260706-multiclient-scalability-weak-signal-run-1,p5g-scale-mqtt-payload-1024-clients-20,scale,guided-planning,mqtt,,veh-05,rsu-1,p5g-scale-mqtt-payload-1024-clients-20-veh-05-408,ipi-session-1,multiclient-scalability-weak-signal-run-1,veh-05,408,20-clients,default,stationary,unsynced,true,true,clients,20,count,IPI-CooperativeService,1098,1783365295528544282,1783365149101678874,1783365149101731689,,,,,,"CooperativeService{guidedPlanning, status=request, vehicleId=0x7665682d3035, requestedHorizonMs=2500, confidence=100, planning.waypoints=1, offloadTaskId=probe-408, offloadPayload=1024 bytes}"
5g-receiver,1783365149331958738,edge4av-real-20260706-multiclient-scalability-weak-signal-run-1,p5g-scale-mqtt-payload-1024-clients-20,scale,guided-planning,mqtt,,veh-05,rsu-1,p5g-scale-mqtt-payload-1024-clients-20-veh-05-409,ipi-session-1,multiclient-scalability-weak-signal-run-1,veh-05,409,20-clients,default,stationary,unsynced,true,true,clients,20,count,IPI-CooperativeService,1098,1783365295762523116,1783365149331892861,1783365149331958738,,,,,,"CooperativeService{guidedPlanning, status=request, vehicleId=0x7665682d3035, requestedHorizonMs=2500, confidence=100, planning.waypoints=1, offloadTaskId=probe-409, offloadPayload=1024 bytes}"
5g-receiver,1783365149592465020,edge4av-real-20260706-multiclient-scalability-weak-signal-run-1,p5g-scale-mqtt-payload-1024-clients-20,scale,guided-planning,mqtt,,veh-05,rsu-1,p5g-scale-mqtt-payload-1024-clients-20-veh-05-410,ipi-session-1,multiclient-scalability-weak-signal-run-1,veh-05,410,20-clients,default,stationary,unsynced,true,true,clients,20,count,IPI-CooperativeService,1098,1783365295990448303,1783365149592406755,1783365149592465020,,,,,,"CooperativeService{guidedPlanning, status=request, vehicleId=0x7665682d3035, requestedHorizonMs=2500, confidence=100, planning.waypoints=1, offloadTaskId=probe-410, offloadPayload=1024 bytes}"
5g-receiver,1783365149823204622,edge4av-real-20260706-multiclient-scalability-weak-signal-run-1,p5g-scale-mqtt-payload-1024-clients-20,scale,guided-planning,mqtt,,veh-05,rsu-1,p5g-scale-mqtt-payload-1024-clients-20-veh-05-411,ipi-session-1,multiclient-scalability-weak-signal-run-1,veh-05,411,20-clients,default,stationary,unsynced,true,true,clients,20,count,IPI-CooperativeService,1098,1783365296248505316,1783365149823145181,1783365149823204622,,,,,,"CooperativeService{guidedPlanning, status=request, vehicleId=0x7665682d3035, requestedHorizonMs=2500, confidence=100, planning.waypoints=1, offloadTaskId=probe-411, offloadPayload=1024 bytes}"
5g-receiver,1783365150053814868,edge4av-real-20260706-multiclient-scalability-weak-signal-run-1,p5g-scale-mqtt-payload-1024-clients-20,scale,guided-planning,mqtt,,veh-05,rsu-1,p5g-scale-mqtt-payload-1024-clients-20-veh-05-412,ipi-session-1,multiclient-scalability-weak-signal-run-1,veh-05,412,20-clients,default,stationary,unsynced,true,true,clients,20,count,IPI-CooperativeService,1098,1783365296480561598,1783365150053768555,1783365150053814868,,,,,,"CooperativeService{guidedPlanning, status=request, vehicleId=0x7665682d3035, requestedHorizonMs=2500, confidence=100, planning.waypoints=1, offloadTaskId=probe-412, offloadPayload=1024 bytes}"
5g-receiver,1783365150384416426,edge4av-real-20260706-multiclient-scalability-weak-signal-run-1,p5g-scale-mqtt-payload-1024-clients-20,scale,guided-planning,mqtt,,veh-05,rsu-1,p5g-scale-mqtt-payload-1024-clients-20-veh-05-413,ipi-session-1,multiclient-scalability-weak-signal-run-1,veh-05,413,20-clients,default,stationary,unsynced,true,true,clients,20,count,IPI-CooperativeService,1098,1783365296708685821,1783365150384325926,1783365150384416426,,,,,,"CooperativeService{guidedPlanning, status=request, vehicleId=0x7665682d3035, requestedHorizonMs=2500, confidence=100, planning.waypoints=1, offloadTaskId=probe-413, offloadPayload=1024 bytes}"
5g-receiver,1783365150764850713,edge4av-real-20260706-multiclient-scalability-weak-signal-run-1,p5g-scale-mqtt-payload-1024-clients-20,scale,guided-planning,mqtt,,veh-05,rsu-1,p5g-scale-mqtt-payload-1024-clients-20-veh-05-414,ipi-session-1,multiclient-scalability-weak-signal-run-1,veh-05,414,20-clients,default,stationary,unsynced,true,true,clients,20,count,IPI-CooperativeService,1098,1783365297042465944,1783365150764791180,1783365150764850713,,,,,,"CooperativeService{guidedPlanning, status=request, vehicleId=0x7665682d3035, requestedHorizonMs=2500, confidence=100, planning.waypoints=1, offloadTaskId=probe-414, offloadPayload=1024 bytes}"
5g-receiver,1783365151115245198,edge4av-real-20260706-multiclient-scalability-weak-signal-run-1,p5g-scale-mqtt-payload-1024-clients-20,scale,guided-planning,mqtt,,veh-05,rsu-1,p5g-scale-mqtt-payload-1024-clients-20-veh-05-415,ipi-session-1,multiclient-scalability-weak-signal-run-1,veh-05,415,20-clients,default,stationary,unsynced,true,true,clients,20,count,IPI-CooperativeService,1098,1783365297418710438,1783365151115186836,1783365151115245198,,,,,,"CooperativeService{guidedPlanning, status=request, vehicleId=0x7665682d3035, requestedHorizonMs=2500, confidence=100, planning.waypoints=1, offloadTaskId=probe-415, offloadPayload=1024 bytes}"
5g-receiver,1783365151405873499,edge4av-real-20260706-multiclient-scalability-weak-signal-run-1,p5g-scale-mqtt-payload-1024-clients-20,scale,guided-planning,mqtt,,veh-05,rsu-1,p5g-scale-mqtt-payload-1024-clients-20-veh-05-416,ipi-session-1,multiclient-scalability-weak-signal-run-1,veh-05,416,20-clients,default,stationary,unsynced,true,true,clients,20,count,IPI-CooperativeService,1098,1783365297770506088,1783365151405815137,1783365151405873499,,,,,,"CooperativeService{guidedPlanning, status=request, vehicleId=0x7665682d3035, requestedHorizonMs=2500, confidence=100, planning.waypoints=1, offloadTaskId=probe-416, offloadPayload=1024 bytes}"
5g-receiver,1783365151646248232,edge4av-real-20260706-multiclient-scalability-weak-signal-run-1,p5g-scale-mqtt-payload-1024-clients-20,scale,guided-planning,mqtt,,veh-05,rsu-1,p5g-scale-mqtt-payload-1024-clients-20-veh-05-417,ipi-session-1,multiclient-scalability-weak-signal-run-1,veh-05,417,20-clients,default,stationary,unsynced,true,true,clients,20,count,IPI-CooperativeService,1098,1783365298068621069,1783365151646189073,1783365151646248232,,,,,,"CooperativeService{guidedPlanning, status=request, vehicleId=0x7665682d3035, requestedHorizonMs=2500, confidence=100, planning.waypoints=1, offloadTaskId=probe-417, offloadPayload=1024 bytes}"
5g-receiver,1783365151916114477,edge4av-real-20260706-multiclient-scalability-weak-signal-run-1,p5g-scale-mqtt-payload-1024-clients-20,scale,guided-planning,mqtt,,veh-05,rsu-1,p5g-scale-mqtt-payload-1024-clients-20-veh-05-418,ipi-session-1,multiclient-scalability-weak-signal-run-1,veh-05,418,20-clients,default,stationary,unsynced,true,true,clients,20,count,IPI-CooperativeService,1098,1783365298304529472,1783365151916080433,1783365151916114477,,,,,,"CooperativeService{guidedPlanning, status=request, vehicleId=0x7665682d3035, requestedHorizonMs=2500, confidence=100, planning.waypoints=1, offloadTaskId=probe-418, offloadPayload=1024 bytes}"
5g-receiver,1783365152257425772,edge4av-real-20260706-multiclient-scalability-weak-signal-run-1,p5g-scale-mqtt-payload-1024-clients-20,scale,guided-planning,mqtt,,veh-05,rsu-1,p5g-scale-mqtt-payload-1024-clients-20-veh-05-419,ipi-session-1,multiclient-scalability-weak-signal-run-1,veh-05,419,20-clients,default,stationary,unsynced,true,true,clients,20,count,IPI-CooperativeService,1098,1783365298570632514,1783365152257366251,1783365152257425772,,,,,,"CooperativeService{guidedPlanning, status=request, vehicleId=0x7665682d3035, requestedHorizonMs=2500, confidence=100, planning.waypoints=1, offloadTaskId=probe-419, offloadPayload=1024 bytes}"
5g-receiver,1783365152627984175,edge4av-real-20260706-multiclient-scalability-weak-signal-run-1,p5g-scale-mqtt-payload-1024-clients-20,scale,guided-planning,mqtt,,veh-05,rsu-1,p5g-scale-mqtt-payload-1024-clients-20-veh-05-420,ipi-session-1,multiclient-scalability-weak-signal-run-1,veh-05,420,20-clients,default,stationary,unsynced,true,true,clients,20,count,IPI-CooperativeService,1098,1783365298914570810,1783365152627924411,1783365152627984175,,,,,,"CooperativeService{guidedPlanning, status=request, vehicleId=0x7665682d3035, requestedHorizonMs=2500, confidence=100, planning.waypoints=1, offloadTaskId=probe-420, offloadPayload=1024 bytes}"
5g-receiver,1783365152988532425,edge4av-real-20260706-multiclient-scalability-weak-signal-run-1,p5g-scale-mqtt-payload-1024-clients-20,scale,guided-planning,mqtt,,veh-05,rsu-1,p5g-scale-mqtt-payload-1024-clients-20-veh-05-421,ipi-session-1,multiclient-scalability-weak-signal-run-1,veh-05,421,20-clients,default,stationary,unsynced,true,true,clients,20,count,IPI-CooperativeService,1098,1783365299284619157,1783365152988474270,1783365152988532425,,,,,,"CooperativeService{guidedPlanning, status=request, vehicleId=0x7665682d3035, requestedHorizonMs=2500, confidence=100, planning.waypoints=1, offloadTaskId=probe-421, offloadPayload=1024 bytes}"
5g-receiver,1783365153339338292,edge4av-real-20260706-multiclient-scalability-weak-signal-run-1,p5g-scale-mqtt-payload-1024-clients-20,scale,guided-planning,mqtt,,veh-05,rsu-1,p5g-scale-mqtt-payload-1024-clients-20-veh-05-422,ipi-session-1,multiclient-scalability-weak-signal-run-1,veh-05,422,20-clients,default,stationary,unsynced,true,true,clients,20,count,IPI-CooperativeService,1098,1783365299646410900,1783365153339280949,1783365153339338292,,,,,,"CooperativeService{guidedPlanning, status=request, vehicleId=0x7665682d3035, requestedHorizonMs=2500, confidence=100, planning.waypoints=1, offloadTaskId=probe-422, offloadPayload=1024 bytes}"
5g-receiver,1783365153709982629,edge4av-real-20260706-multiclient-scalability-weak-signal-run-1,p5g-scale-mqtt-payload-1024-clients-20,scale,guided-planning,mqtt,,veh-05,rsu-1,p5g-scale-mqtt-payload-1024-clients-20-veh-05-423,ipi-session-1,multiclient-scalability-weak-signal-run-1,veh-05,423,20-clients,default,stationary,unsynced,true,true,clients,20,count,IPI-CooperativeService,1098,1783365299996553000,1783365153709924183,1783365153709982629,,,,,,"CooperativeService{guidedPlanning, status=request, vehicleId=0x7665682d3035, requestedHorizonMs=2500, confidence=100, planning.waypoints=1, offloadTaskId=probe-423, offloadPayload=1024 bytes}"
5g-receiver,1783365154050428896,edge4av-real-20260706-multiclient-scalability-weak-signal-run-1,p5g-scale-mqtt-payload-1024-clients-20,scale,guided-planning,mqtt,,veh-05,rsu-1,p5g-scale-mqtt-payload-1024-clients-20-veh-05-424,ipi-session-1,multiclient-scalability-weak-signal-run-1,veh-05,424,20-clients,default,stationary,unsynced,true,true,clients,20,count,IPI-CooperativeService,1098,1783365300368474579,1783365154050370363,1783365154050428896,,,,,,"CooperativeService{guidedPlanning, status=request, vehicleId=0x7665682d3035, requestedHorizonMs=2500, confidence=100, planning.waypoints=1, offloadTaskId=probe-424, offloadPayload=1024 bytes}"
5g-receiver,1783365154411217780,edge4av-real-20260706-multiclient-scalability-weak-signal-run-1,p5g-scale-mqtt-payload-1024-clients-20,scale,guided-planning,mqtt,,veh-05,rsu-1,p5g-scale-mqtt-payload-1024-clients-20-veh-05-425,ipi-session-1,multiclient-scalability-weak-signal-run-1,veh-05,425,20-clients,default,stationary,unsynced,true,true,clients,20,count,IPI-CooperativeService,1098,1783365300708615433,1783365154411154465,1783365154411217780,,,,,,"CooperativeService{guidedPlanning, status=request, vehicleId=0x7665682d3035, requestedHorizonMs=2500, confidence=100, planning.waypoints=1, offloadTaskId=probe-425, offloadPayload=1024 bytes}"
5g-receiver,1783365154791869595,edge4av-real-20260706-multiclient-scalability-weak-signal-run-1,p5g-scale-mqtt-payload-1024-clients-20,scale,guided-planning,mqtt,,veh-05,rsu-1,p5g-scale-mqtt-payload-1024-clients-20-veh-05-426,ipi-session-1,multiclient-scalability-weak-signal-run-1,veh-05,426,20-clients,default,stationary,unsynced,true,true,clients,20,count,IPI-CooperativeService,1098,1783365301070553617,1783365154791811720,1783365154791869595,,,,,,"CooperativeService{guidedPlanning, status=request, vehicleId=0x7665682d3035, requestedHorizonMs=2500, confidence=100, planning.waypoints=1, offloadTaskId=probe-426, offloadPayload=1024 bytes}"
5g-receiver,1783365155122678521,edge4av-real-20260706-multiclient-scalability-weak-signal-run-1,p5g-scale-mqtt-payload-1024-clients-20,scale,guided-planning,mqtt,,veh-05,rsu-1,p5g-scale-mqtt-payload-1024-clients-20-veh-05-427,ipi-session-1,multiclient-scalability-weak-signal-run-1,veh-05,427,20-clients,default,stationary,unsynced,true,true,clients,20,count,IPI-CooperativeService,1098,1783365301454609411,1783365155122606618,1783365155122678521,,,,,,"CooperativeService{guidedPlanning, status=request, vehicleId=0x7665682d3035, requestedHorizonMs=2500, confidence=100, planning.waypoints=1, offloadTaskId=probe-427, offloadPayload=1024 bytes}"
5g-receiver,1783365155503081101,edge4av-real-20260706-multiclient-scalability-weak-signal-run-1,p5g-scale-mqtt-payload-1024-clients-20,scale,guided-planning,mqtt,,veh-05,rsu-1,p5g-scale-mqtt-payload-1024-clients-20-veh-05-428,ipi-session-1,multiclient-scalability-weak-signal-run-1,veh-05,428,20-clients,default,stationary,unsynced,true,true,clients,20,count,IPI-CooperativeService,1098,1783365301782442224,1783365155503011448,1783365155503081101,,,,,,"CooperativeService{guidedPlanning, status=request, vehicleId=0x7665682d3035, requestedHorizonMs=2500, confidence=100, planning.waypoints=1, offloadTaskId=probe-428, offloadPayload=1024 bytes}"
5g-receiver,1783365155863611941,edge4av-real-20260706-multiclient-scalability-weak-signal-run-1,p5g-scale-mqtt-payload-1024-clients-20,scale,guided-planning,mqtt,,veh-05,rsu-1,p5g-scale-mqtt-payload-1024-clients-20-veh-05-429,ipi-session-1,multiclient-scalability-weak-signal-run-1,veh-05,429,20-clients,default,stationary,unsynced,true,true,clients,20,count,IPI-CooperativeService,1098,1783365302162521554,1783365155863553385,1783365155863611941,,,,,,"CooperativeService{guidedPlanning, status=request, vehicleId=0x7665682d3035, requestedHorizonMs=2500, confidence=100, planning.waypoints=1, offloadTaskId=probe-429, offloadPayload=1024 bytes}"
5g-receiver,1783365156244376616,edge4av-real-20260706-multiclient-scalability-weak-signal-run-1,p5g-scale-mqtt-payload-1024-clients-20,scale,guided-planning,mqtt,,veh-05,rsu-1,p5g-scale-mqtt-payload-1024-clients-20-veh-05-430,ipi-session-1,multiclient-scalability-weak-signal-run-1,veh-05,430,20-clients,default,stationary,unsynced,true,true,clients,20,count,IPI-CooperativeService,1098,1783365302520453189,1783365156244318320,1783365156244376616,,,,,,"CooperativeService{guidedPlanning, status=request, vehicleId=0x7665682d3035, requestedHorizonMs=2500, confidence=100, planning.waypoints=1, offloadTaskId=probe-430, offloadPayload=1024 bytes}"
5g-receiver,1783365156574870400,edge4av-real-20260706-multiclient-scalability-weak-signal-run-1,p5g-scale-mqtt-payload-1024-clients-20,scale,guided-planning,mqtt,,veh-05,rsu-1,p5g-scale-mqtt-payload-1024-clients-20-veh-05-431,ipi-session-1,multiclient-scalability-weak-signal-run-1,veh-05,431,20-clients,default,stationary,unsynced,true,true,clients,20,count,IPI-CooperativeService,1098,1783365302902562959,1783365156574812099,1783365156574870400,,,,,,"CooperativeService{guidedPlanning, status=request, vehicleId=0x7665682d3035, requestedHorizonMs=2500, confidence=100, planning.waypoints=1, offloadTaskId=probe-431, offloadPayload=1024 bytes}"
5g-receiver,1783365156915876700,edge4av-real-20260706-multiclient-scalability-weak-signal-run-1,p5g-scale-mqtt-payload-1024-clients-20,scale,guided-planning,mqtt,,veh-05,rsu-1,p5g-scale-mqtt-payload-1024-clients-20-veh-05-432,ipi-session-1,multiclient-scalability-weak-signal-run-1,veh-05,432,20-clients,default,stationary,unsynced,true,true,clients,20,count,IPI-CooperativeService,1098,1783365303230443432,1783365156915796883,1783365156915876700,,,,,,"CooperativeService{guidedPlanning, status=request, vehicleId=0x7665682d3035, requestedHorizonMs=2500, confidence=100, planning.waypoints=1, offloadTaskId=probe-432, offloadPayload=1024 bytes}"
5g-receiver,1783365157296551888,edge4av-real-20260706-multiclient-scalability-weak-signal-run-1,p5g-scale-mqtt-payload-1024-clients-20,scale,guided-planning,mqtt,,veh-05,rsu-1,p5g-scale-mqtt-payload-1024-clients-20-veh-05-433,ipi-session-1,multiclient-scalability-weak-signal-run-1,veh-05,433,20-clients,default,stationary,unsynced,true,true,clients,20,count,IPI-CooperativeService,1098,1783365303574538875,1783365157296493497,1783365157296551888,,,,,,"CooperativeService{guidedPlanning, status=request, vehicleId=0x7665682d3035, requestedHorizonMs=2500, confidence=100, planning.waypoints=1, offloadTaskId=probe-433, offloadPayload=1024 bytes}"
5g-receiver,1783365157666899041,edge4av-real-20260706-multiclient-scalability-weak-signal-run-1,p5g-scale-mqtt-payload-1024-clients-20,scale,guided-planning,mqtt,,veh-05,rsu-1,p5g-scale-mqtt-payload-1024-clients-20-veh-05-434,ipi-session-1,multiclient-scalability-weak-signal-run-1,veh-05,434,20-clients,default,stationary,unsynced,true,true,clients,20,count,IPI-CooperativeService,1098,1783365303952522460,1783365157666846573,1783365157666899041,,,,,,"CooperativeService{guidedPlanning, status=request, vehicleId=0x7665682d3035, requestedHorizonMs=2500, confidence=100, planning.waypoints=1, offloadTaskId=probe-434, offloadPayload=1024 bytes}"
5g-receiver,1783365157927449760,edge4av-real-20260706-multiclient-scalability-weak-signal-run-1,p5g-scale-mqtt-payload-1024-clients-20,scale,guided-planning,mqtt,,veh-05,rsu-1,p5g-scale-mqtt-payload-1024-clients-20-veh-05-435,ipi-session-1,multiclient-scalability-weak-signal-run-1,veh-05,435,20-clients,default,stationary,unsynced,true,true,clients,20,count,IPI-CooperativeService,1098,1783365304332484165,1783365157927398582,1783365157927449760,,,,,,"CooperativeService{guidedPlanning, status=request, vehicleId=0x7665682d3035, requestedHorizonMs=2500, confidence=100, planning.waypoints=1, offloadTaskId=probe-435, offloadPayload=1024 bytes}"
5g-receiver,1783365158268138744,edge4av-real-20260706-multiclient-scalability-weak-signal-run-1,p5g-scale-mqtt-payload-1024-clients-20,scale,guided-planning,mqtt,,veh-05,rsu-1,p5g-scale-mqtt-payload-1024-clients-20-veh-05-436,ipi-session-1,multiclient-scalability-weak-signal-run-1,veh-05,436,20-clients,default,stationary,unsynced,true,true,clients,20,count,IPI-CooperativeService,1098,1783365304588383841,1783365158268062720,1783365158268138744,,,,,,"CooperativeService{guidedPlanning, status=request, vehicleId=0x7665682d3035, requestedHorizonMs=2500, confidence=100, planning.waypoints=1, offloadTaskId=probe-436, offloadPayload=1024 bytes}"
5g-receiver,1783365158520276757,edge4av-real-20260706-multiclient-scalability-weak-signal-run-1,p5g-scale-mqtt-payload-1024-clients-20,scale,guided-planning,mqtt,,veh-05,rsu-1,p5g-scale-mqtt-payload-1024-clients-20-veh-05-437,ipi-session-1,multiclient-scalability-weak-signal-run-1,veh-05,437,20-clients,default,stationary,unsynced,true,true,clients,20,count,IPI-CooperativeService,1098,1783365304924499546,1783365158520226114,1783365158520276757,,,,,,"CooperativeService{guidedPlanning, status=request, vehicleId=0x7665682d3035, requestedHorizonMs=2500, confidence=100, planning.waypoints=1, offloadTaskId=probe-437, offloadPayload=1024 bytes}"
5g-receiver,1783365158808852381,edge4av-real-20260706-multiclient-scalability-weak-signal-run-1,p5g-scale-mqtt-payload-1024-clients-20,scale,guided-planning,mqtt,,veh-05,rsu-1,p5g-scale-mqtt-payload-1024-clients-20-veh-05-438,ipi-session-1,multiclient-scalability-weak-signal-run-1,veh-05,438,20-clients,default,stationary,unsynced,true,true,clients,20,count,IPI-CooperativeService,1098,1783365305180564958,1783365158808793275,1783365158808852381,,,,,,"CooperativeService{guidedPlanning, status=request, vehicleId=0x7665682d3035, requestedHorizonMs=2500, confidence=100, planning.waypoints=1, offloadTaskId=probe-438, offloadPayload=1024 bytes}"
5g-receiver,1783365159059313674,edge4av-real-20260706-multiclient-scalability-weak-signal-run-1,p5g-scale-mqtt-payload-1024-clients-20,scale,guided-planning,mqtt,,veh-05,rsu-1,p5g-scale-mqtt-payload-1024-clients-20-veh-05-439,ipi-session-1,multiclient-scalability-weak-signal-run-1,veh-05,439,20-clients,default,stationary,unsynced,true,true,clients,20,count,IPI-CooperativeService,1098,1783365305466662835,1783365159059240905,1783365159059313674,,,,,,"CooperativeService{guidedPlanning, status=request, vehicleId=0x7665682d3035, requestedHorizonMs=2500, confidence=100, planning.waypoints=1, offloadTaskId=probe-439, offloadPayload=1024 bytes}"
5g-receiver,1783365159290079850,edge4av-real-20260706-multiclient-scalability-weak-signal-run-1,p5g-scale-mqtt-payload-1024-clients-20,scale,guided-planning,mqtt,,veh-05,rsu-1,p5g-scale-mqtt-payload-1024-clients-20-veh-05-440,ipi-session-1,multiclient-scalability-weak-signal-run-1,veh-05,440,20-clients,default,stationary,unsynced,true,true,clients,20,count,IPI-CooperativeService,1098,1783365305716624580,1783365159290010958,1783365159290079850,,,,,,"CooperativeService{guidedPlanning, status=request, vehicleId=0x7665682d3035, requestedHorizonMs=2500, confidence=100, planning.waypoints=1, offloadTaskId=probe-440, offloadPayload=1024 bytes}"
5g-receiver,1783365159570079486,edge4av-real-20260706-multiclient-scalability-weak-signal-run-1,p5g-scale-mqtt-payload-1024-clients-20,scale,guided-planning,mqtt,,veh-05,rsu-1,p5g-scale-mqtt-payload-1024-clients-20-veh-05-441,ipi-session-1,multiclient-scalability-weak-signal-run-1,veh-05,441,20-clients,default,stationary,unsynced,true,true,clients,20,count,IPI-CooperativeService,1098,1783365305954621023,1783365159570027748,1783365159570079486,,,,,,"CooperativeService{guidedPlanning, status=request, vehicleId=0x7665682d3035, requestedHorizonMs=2500, confidence=100, planning.waypoints=1, offloadTaskId=probe-441, offloadPayload=1024 bytes}"
5g-receiver,1783365159810646051,edge4av-real-20260706-multiclient-scalability-weak-signal-run-1,p5g-scale-mqtt-payload-1024-clients-20,scale,guided-planning,mqtt,,veh-05,rsu-1,p5g-scale-mqtt-payload-1024-clients-20-veh-05-442,ipi-session-1,multiclient-scalability-weak-signal-run-1,veh-05,442,20-clients,default,stationary,unsynced,true,true,clients,20,count,IPI-CooperativeService,1098,1783365306228550174,1783365159810593319,1783365159810646051,,,,,,"CooperativeService{guidedPlanning, status=request, vehicleId=0x7665682d3035, requestedHorizonMs=2500, confidence=100, planning.waypoints=1, offloadTaskId=probe-442, offloadPayload=1024 bytes}"
5g-receiver,1783365160070985932,edge4av-real-20260706-multiclient-scalability-weak-signal-run-1,p5g-scale-mqtt-payload-1024-clients-20,scale,guided-planning,mqtt,,veh-05,rsu-1,p5g-scale-mqtt-payload-1024-clients-20-veh-05-443,ipi-session-1,multiclient-scalability-weak-signal-run-1,veh-05,443,20-clients,default,stationary,unsynced,true,true,clients,20,count,IPI-CooperativeService,1098,1783365306468532508,1783365160070918407,1783365160070985932,,,,,,"CooperativeService{guidedPlanning, status=request, vehicleId=0x7665682d3035, requestedHorizonMs=2500, confidence=100, planning.waypoints=1, offloadTaskId=probe-443, offloadPayload=1024 bytes}"
5g-receiver,1783365160391250924,edge4av-real-20260706-multiclient-scalability-weak-signal-run-1,p5g-scale-mqtt-payload-1024-clients-20,scale,guided-planning,mqtt,,veh-05,rsu-1,p5g-scale-mqtt-payload-1024-clients-20-veh-05-444,ipi-session-1,multiclient-scalability-weak-signal-run-1,veh-05,444,20-clients,default,stationary,unsynced,true,true,clients,20,count,IPI-CooperativeService,1098,1783365306732502098,1783365160391199622,1783365160391250924,,,,,,"CooperativeService{guidedPlanning, status=request, vehicleId=0x7665682d3035, requestedHorizonMs=2500, confidence=100, planning.waypoints=1, offloadTaskId=probe-444, offloadPayload=1024 bytes}"
5g-receiver,1783365160621525184,edge4av-real-20260706-multiclient-scalability-weak-signal-run-1,p5g-scale-mqtt-payload-1024-clients-20,scale,guided-planning,mqtt,,veh-05,rsu-1,p5g-scale-mqtt-payload-1024-clients-20-veh-05-445,ipi-session-1,multiclient-scalability-weak-signal-run-1,veh-05,445,20-clients,default,stationary,unsynced,true,true,clients,20,count,IPI-CooperativeService,1098,1783365307048445071,1783365160621472932,1783365160621525184,,,,,,"CooperativeService{guidedPlanning, status=request, vehicleId=0x7665682d3035, requestedHorizonMs=2500, confidence=100, planning.waypoints=1, offloadTaskId=probe-445, offloadPayload=1024 bytes}"
5g-receiver,1783365160872860933,edge4av-real-20260706-multiclient-scalability-weak-signal-run-1,p5g-scale-mqtt-payload-1024-clients-20,scale,guided-planning,mqtt,,veh-05,rsu-1,p5g-scale-mqtt-payload-1024-clients-20-veh-05-446,ipi-session-1,multiclient-scalability-weak-signal-run-1,veh-05,446,20-clients,default,stationary,unsynced,true,true,clients,20,count,IPI-CooperativeService,1098,1783365307280430902,1783365160872816289,1783365160872860933,,,,,,"CooperativeService{guidedPlanning, status=request, vehicleId=0x7665682d3035, requestedHorizonMs=2500, confidence=100, planning.waypoints=1, offloadTaskId=probe-446, offloadPayload=1024 bytes}"
5g-receiver,1783365161102573074,edge4av-real-20260706-multiclient-scalability-weak-signal-run-1,p5g-scale-mqtt-payload-1024-clients-20,scale,guided-planning,mqtt,,veh-05,rsu-1,p5g-scale-mqtt-payload-1024-clients-20-veh-05-447,ipi-session-1,multiclient-scalability-weak-signal-run-1,veh-05,447,20-clients,default,stationary,unsynced,true,true,clients,20,count,IPI-CooperativeService,1098,1783365307530544605,1783365161102521155,1783365161102573074,,,,,,"CooperativeService{guidedPlanning, status=request, vehicleId=0x7665682d3035, requestedHorizonMs=2500, confidence=100, planning.waypoints=1, offloadTaskId=probe-447, offloadPayload=1024 bytes}"
5g-receiver,1783365161393204919,edge4av-real-20260706-multiclient-scalability-weak-signal-run-1,p5g-scale-mqtt-payload-1024-clients-20,scale,guided-planning,mqtt,,veh-05,rsu-1,p5g-scale-mqtt-payload-1024-clients-20-veh-05-448,ipi-session-1,multiclient-scalability-weak-signal-run-1,veh-05,448,20-clients,default,stationary,unsynced,true,true,clients,20,count,IPI-CooperativeService,1098,1783365307762439329,1783365161393145409,1783365161393204919,,,,,,"CooperativeService{guidedPlanning, status=request, vehicleId=0x7665682d3035, requestedHorizonMs=2500, confidence=100, planning.waypoints=1, offloadTaskId=probe-448, offloadPayload=1024 bytes}"
5g-receiver,1783365161653817170,edge4av-real-20260706-multiclient-scalability-weak-signal-run-1,p5g-scale-mqtt-payload-1024-clients-20,scale,guided-planning,mqtt,,veh-05,rsu-1,p5g-scale-mqtt-payload-1024-clients-20-veh-05-449,ipi-session-1,multiclient-scalability-weak-signal-run-1,veh-05,449,20-clients,default,stationary,unsynced,true,true,clients,20,count,IPI-CooperativeService,1098,1783365308060581791,1783365161653746587,1783365161653817170,,,,,,"CooperativeService{guidedPlanning, status=request, vehicleId=0x7665682d3035, requestedHorizonMs=2500, confidence=100, planning.waypoints=1, offloadTaskId=probe-449, offloadPayload=1024 bytes}"
5g-receiver,1783365161904046837,edge4av-real-20260706-multiclient-scalability-weak-signal-run-1,p5g-scale-mqtt-payload-1024-clients-20,scale,guided-planning,mqtt,,veh-05,rsu-1,p5g-scale-mqtt-payload-1024-clients-20-veh-05-450,ipi-session-1,multiclient-scalability-weak-signal-run-1,veh-05,450,20-clients,default,stationary,unsynced,true,true,clients,20,count,IPI-CooperativeService,1098,1783365308312469064,1783365161903995064,1783365161904046837,,,,,,"CooperativeService{guidedPlanning, status=request, vehicleId=0x7665682d3035, requestedHorizonMs=2500, confidence=100, planning.waypoints=1, offloadTaskId=probe-450, offloadPayload=1024 bytes}"
5g-receiver,1783365162144547675,edge4av-real-20260706-multiclient-scalability-weak-signal-run-1,p5g-scale-mqtt-payload-1024-clients-20,scale,guided-planning,mqtt,,veh-05,rsu-1,p5g-scale-mqtt-payload-1024-clients-20-veh-05-451,ipi-session-1,multiclient-scalability-weak-signal-run-1,veh-05,451,20-clients,default,stationary,unsynced,true,true,clients,20,count,IPI-CooperativeService,1098,1783365308558538283,1783365162144488766,1783365162144547675,,,,,,"CooperativeService{guidedPlanning, status=request, vehicleId=0x7665682d3035, requestedHorizonMs=2500, confidence=100, planning.waypoints=1, offloadTaskId=probe-451, offloadPayload=1024 bytes}"
5g-receiver,1783365162384863179,edge4av-real-20260706-multiclient-scalability-weak-signal-run-1,p5g-scale-mqtt-payload-1024-clients-20,scale,guided-planning,mqtt,,veh-05,rsu-1,p5g-scale-mqtt-payload-1024-clients-20-veh-05-452,ipi-session-1,multiclient-scalability-weak-signal-run-1,veh-05,452,20-clients,default,stationary,unsynced,true,true,clients,20,count,IPI-CooperativeService,1098,1783365308798611699,1783365162384811310,1783365162384863179,,,,,,"CooperativeService{guidedPlanning, status=request, vehicleId=0x7665682d3035, requestedHorizonMs=2500, confidence=100, planning.waypoints=1, offloadTaskId=probe-452, offloadPayload=1024 bytes}"
5g-receiver,1783365162625358815,edge4av-real-20260706-multiclient-scalability-weak-signal-run-1,p5g-scale-mqtt-payload-1024-clients-20,scale,guided-planning,mqtt,,veh-05,rsu-1,p5g-scale-mqtt-payload-1024-clients-20-veh-05-453,ipi-session-1,multiclient-scalability-weak-signal-run-1,veh-05,453,20-clients,default,stationary,unsynced,true,true,clients,20,count,IPI-CooperativeService,1098,1783365309040485903,1783365162625292020,1783365162625358815,,,,,,"CooperativeService{guidedPlanning, status=request, vehicleId=0x7665682d3035, requestedHorizonMs=2500, confidence=100, planning.waypoints=1, offloadTaskId=probe-453, offloadPayload=1024 bytes}"
5g-receiver,1783365162875802562,edge4av-real-20260706-multiclient-scalability-weak-signal-run-1,p5g-scale-mqtt-payload-1024-clients-20,scale,guided-planning,mqtt,,veh-05,rsu-1,p5g-scale-mqtt-payload-1024-clients-20-veh-05-454,ipi-session-1,multiclient-scalability-weak-signal-run-1,veh-05,454,20-clients,default,stationary,unsynced,true,true,clients,20,count,IPI-CooperativeService,1098,1783365309284460100,1783365162875748940,1783365162875802562,,,,,,"CooperativeService{guidedPlanning, status=request, vehicleId=0x7665682d3035, requestedHorizonMs=2500, confidence=100, planning.waypoints=1, offloadTaskId=probe-454, offloadPayload=1024 bytes}"
5g-receiver,1783365163106263153,edge4av-real-20260706-multiclient-scalability-weak-signal-run-1,p5g-scale-mqtt-payload-1024-clients-20,scale,guided-planning,mqtt,,veh-05,rsu-1,p5g-scale-mqtt-payload-1024-clients-20-veh-05-455,ipi-session-1,multiclient-scalability-weak-signal-run-1,veh-05,455,20-clients,default,stationary,unsynced,true,true,clients,20,count,IPI-CooperativeService,1098,1783365309530604356,1783365163106195852,1783365163106263153,,,,,,"CooperativeService{guidedPlanning, status=request, vehicleId=0x7665682d3035, requestedHorizonMs=2500, confidence=100, planning.waypoints=1, offloadTaskId=probe-455, offloadPayload=1024 bytes}"
5g-receiver,1783365163336526755,edge4av-real-20260706-multiclient-scalability-weak-signal-run-1,p5g-scale-mqtt-payload-1024-clients-20,scale,guided-planning,mqtt,,veh-05,rsu-1,p5g-scale-mqtt-payload-1024-clients-20-veh-05-456,ipi-session-1,multiclient-scalability-weak-signal-run-1,veh-05,456,20-clients,default,stationary,unsynced,true,true,clients,20,count,IPI-CooperativeService,1098,1783365309764445696,1783365163336473939,1783365163336526755,,,,,,"CooperativeService{guidedPlanning, status=request, vehicleId=0x7665682d3035, requestedHorizonMs=2500, confidence=100, planning.waypoints=1, offloadTaskId=probe-456, offloadPayload=1024 bytes}"
5g-receiver,1783365163596812894,edge4av-real-20260706-multiclient-scalability-weak-signal-run-1,p5g-scale-mqtt-payload-1024-clients-20,scale,guided-planning,mqtt,,veh-05,rsu-1,p5g-scale-mqtt-payload-1024-clients-20-veh-05-457,ipi-session-1,multiclient-scalability-weak-signal-run-1,veh-05,457,20-clients,default,stationary,unsynced,true,true,clients,20,count,IPI-CooperativeService,1098,1783365309992550202,1783365163596759442,1783365163596812894,,,,,,"CooperativeService{guidedPlanning, status=request, vehicleId=0x7665682d3035, requestedHorizonMs=2500, confidence=100, planning.waypoints=1, offloadTaskId=probe-457, offloadPayload=1024 bytes}"
5g-receiver,1783365163827135796,edge4av-real-20260706-multiclient-scalability-weak-signal-run-1,p5g-scale-mqtt-payload-1024-clients-20,scale,guided-planning,mqtt,,veh-05,rsu-1,p5g-scale-mqtt-payload-1024-clients-20-veh-05-458,ipi-session-1,multiclient-scalability-weak-signal-run-1,veh-05,458,20-clients,default,stationary,unsynced,true,true,clients,20,count,IPI-CooperativeService,1098,1783365310252489256,1783365163827107964,1783365163827135796,,,,,,"CooperativeService{guidedPlanning, status=request, vehicleId=0x7665682d3035, requestedHorizonMs=2500, confidence=100, planning.waypoints=1, offloadTaskId=probe-458, offloadPayload=1024 bytes}"
5g-receiver,1783365164077834854,edge4av-real-20260706-multiclient-scalability-weak-signal-run-1,p5g-scale-mqtt-payload-1024-clients-20,scale,guided-planning,mqtt,,veh-05,rsu-1,p5g-scale-mqtt-payload-1024-clients-20-veh-05-459,ipi-session-1,multiclient-scalability-weak-signal-run-1,veh-05,459,20-clients,default,stationary,unsynced,true,true,clients,20,count,IPI-CooperativeService,1098,1783365310486469616,1783365164077776690,1783365164077834854,,,,,,"CooperativeService{guidedPlanning, status=request, vehicleId=0x7665682d3035, requestedHorizonMs=2500, confidence=100, planning.waypoints=1, offloadTaskId=probe-459, offloadPayload=1024 bytes}"
5g-receiver,1783365164318287568,edge4av-real-20260706-multiclient-scalability-weak-signal-run-1,p5g-scale-mqtt-payload-1024-clients-20,scale,guided-planning,mqtt,,veh-05,rsu-1,p5g-scale-mqtt-payload-1024-clients-20-veh-05-460,ipi-session-1,multiclient-scalability-weak-signal-run-1,veh-05,460,20-clients,default,stationary,unsynced,true,true,clients,20,count,IPI-CooperativeService,1098,1783365310736646086,1783365164318234775,1783365164318287568,,,,,,"CooperativeService{guidedPlanning, status=request, vehicleId=0x7665682d3035, requestedHorizonMs=2500, confidence=100, planning.waypoints=1, offloadTaskId=probe-460, offloadPayload=1024 bytes}"
5g-receiver,1783365164558688843,edge4av-real-20260706-multiclient-scalability-weak-signal-run-1,p5g-scale-mqtt-payload-1024-clients-20,scale,guided-planning,mqtt,,veh-05,rsu-1,p5g-scale-mqtt-payload-1024-clients-20-veh-05-461,ipi-session-1,multiclient-scalability-weak-signal-run-1,veh-05,461,20-clients,default,stationary,unsynced,true,true,clients,20,count,IPI-CooperativeService,1098,1783365310980468892,1783365164558630049,1783365164558688843,,,,,,"CooperativeService{guidedPlanning, status=request, vehicleId=0x7665682d3035, requestedHorizonMs=2500, confidence=100, planning.waypoints=1, offloadTaskId=probe-461, offloadPayload=1024 bytes}"
5g-receiver,1783365164789109412,edge4av-real-20260706-multiclient-scalability-weak-signal-run-1,p5g-scale-mqtt-payload-1024-clients-20,scale,guided-planning,mqtt,,veh-05,rsu-1,p5g-scale-mqtt-payload-1024-clients-20-veh-05-462,ipi-session-1,multiclient-scalability-weak-signal-run-1,veh-05,462,20-clients,default,stationary,unsynced,true,true,clients,20,count,IPI-CooperativeService,1098,1783365311216402448,1783365164789051255,1783365164789109412,,,,,,"CooperativeService{guidedPlanning, status=request, vehicleId=0x7665682d3035, requestedHorizonMs=2500, confidence=100, planning.waypoints=1, offloadTaskId=probe-462, offloadPayload=1024 bytes}"
5g-receiver,1783365165029063729,edge4av-real-20260706-multiclient-scalability-weak-signal-run-1,p5g-scale-mqtt-payload-1024-clients-20,scale,guided-planning,mqtt,,veh-05,rsu-1,p5g-scale-mqtt-payload-1024-clients-20-veh-05-463,ipi-session-1,multiclient-scalability-weak-signal-run-1,veh-05,463,20-clients,default,stationary,unsynced,true,true,clients,20,count,IPI-CooperativeService,1098,1783365311446601225,1783365165029005788,1783365165029063729,,,,,,"CooperativeService{guidedPlanning, status=request, vehicleId=0x7665682d3035, requestedHorizonMs=2500, confidence=100, planning.waypoints=1, offloadTaskId=probe-463, offloadPayload=1024 bytes}"
5g-receiver,1783365165340065166,edge4av-real-20260706-multiclient-scalability-weak-signal-run-1,p5g-scale-mqtt-payload-1024-clients-20,scale,guided-planning,mqtt,,veh-05,rsu-1,p5g-scale-mqtt-payload-1024-clients-20-veh-05-464,ipi-session-1,multiclient-scalability-weak-signal-run-1,veh-05,464,20-clients,default,stationary,unsynced,true,true,clients,20,count,IPI-CooperativeService,1098,1783365311686654987,1783365165340005983,1783365165340065166,,,,,,"CooperativeService{guidedPlanning, status=request, vehicleId=0x7665682d3035, requestedHorizonMs=2500, confidence=100, planning.waypoints=1, offloadTaskId=probe-464, offloadPayload=1024 bytes}"
5g-receiver,1783365165610615735,edge4av-real-20260706-multiclient-scalability-weak-signal-run-1,p5g-scale-mqtt-payload-1024-clients-20,scale,guided-planning,mqtt,,veh-05,rsu-1,p5g-scale-mqtt-payload-1024-clients-20-veh-05-465,ipi-session-1,multiclient-scalability-weak-signal-run-1,veh-05,465,20-clients,default,stationary,unsynced,true,true,clients,20,count,IPI-CooperativeService,1098,1783365311996643398,1783365165610547839,1783365165610615735,,,,,,"CooperativeService{guidedPlanning, status=request, vehicleId=0x7665682d3035, requestedHorizonMs=2500, confidence=100, planning.waypoints=1, offloadTaskId=probe-465, offloadPayload=1024 bytes}"
5g-receiver,1783365165881242028,edge4av-real-20260706-multiclient-scalability-weak-signal-run-1,p5g-scale-mqtt-payload-1024-clients-20,scale,guided-planning,mqtt,,veh-05,rsu-1,p5g-scale-mqtt-payload-1024-clients-20-veh-05-466,ipi-session-1,multiclient-scalability-weak-signal-run-1,veh-05,466,20-clients,default,stationary,unsynced,true,true,clients,20,count,IPI-CooperativeService,1098,1783365312268644889,1783365165881189827,1783365165881242028,,,,,,"CooperativeService{guidedPlanning, status=request, vehicleId=0x7665682d3035, requestedHorizonMs=2500, confidence=100, planning.waypoints=1, offloadTaskId=probe-466, offloadPayload=1024 bytes}"
5g-receiver,1783365166131392641,edge4av-real-20260706-multiclient-scalability-weak-signal-run-1,p5g-scale-mqtt-payload-1024-clients-20,scale,guided-planning,mqtt,,veh-05,rsu-1,p5g-scale-mqtt-payload-1024-clients-20-veh-05-467,ipi-session-1,multiclient-scalability-weak-signal-run-1,veh-05,467,20-clients,default,stationary,unsynced,true,true,clients,20,count,IPI-CooperativeService,1098,1783365312538349921,1783365166131333745,1783365166131392641,,,,,,"CooperativeService{guidedPlanning, status=request, vehicleId=0x7665682d3035, requestedHorizonMs=2500, confidence=100, planning.waypoints=1, offloadTaskId=probe-467, offloadPayload=1024 bytes}"
5g-receiver,1783365166371972915,edge4av-real-20260706-multiclient-scalability-weak-signal-run-1,p5g-scale-mqtt-payload-1024-clients-20,scale,guided-planning,mqtt,,veh-05,rsu-1,p5g-scale-mqtt-payload-1024-clients-20-veh-05-468,ipi-session-1,multiclient-scalability-weak-signal-run-1,veh-05,468,20-clients,default,stationary,unsynced,true,true,clients,20,count,IPI-CooperativeService,1098,1783365312792485156,1783365166371893396,1783365166371972915,,,,,,"CooperativeService{guidedPlanning, status=request, vehicleId=0x7665682d3035, requestedHorizonMs=2500, confidence=100, planning.waypoints=1, offloadTaskId=probe-468, offloadPayload=1024 bytes}"
5g-receiver,1783365166612150761,edge4av-real-20260706-multiclient-scalability-weak-signal-run-1,p5g-scale-mqtt-payload-1024-clients-20,scale,guided-planning,mqtt,,veh-05,rsu-1,p5g-scale-mqtt-payload-1024-clients-20-veh-05-469,ipi-session-1,multiclient-scalability-weak-signal-run-1,veh-05,469,20-clients,default,stationary,unsynced,true,true,clients,20,count,IPI-CooperativeService,1098,1783365313028705972,1783365166612080697,1783365166612150761,,,,,,"CooperativeService{guidedPlanning, status=request, vehicleId=0x7665682d3035, requestedHorizonMs=2500, confidence=100, planning.waypoints=1, offloadTaskId=probe-469, offloadPayload=1024 bytes}"
5g-receiver,1783365166852603279,edge4av-real-20260706-multiclient-scalability-weak-signal-run-1,p5g-scale-mqtt-payload-1024-clients-20,scale,guided-planning,mqtt,,veh-05,rsu-1,p5g-scale-mqtt-payload-1024-clients-20-veh-05-470,ipi-session-1,multiclient-scalability-weak-signal-run-1,veh-05,470,20-clients,default,stationary,unsynced,true,true,clients,20,count,IPI-CooperativeService,1098,1783365313268533020,1783365166852535863,1783365166852603279,,,,,,"CooperativeService{guidedPlanning, status=request, vehicleId=0x7665682d3035, requestedHorizonMs=2500, confidence=100, planning.waypoints=1, offloadTaskId=probe-470, offloadPayload=1024 bytes}"
5g-receiver,1783365167093117057,edge4av-real-20260706-multiclient-scalability-weak-signal-run-1,p5g-scale-mqtt-payload-1024-clients-20,scale,guided-planning,mqtt,,veh-05,rsu-1,p5g-scale-mqtt-payload-1024-clients-20-veh-05-471,ipi-session-1,multiclient-scalability-weak-signal-run-1,veh-05,471,20-clients,default,stationary,unsynced,true,true,clients,20,count,IPI-CooperativeService,1098,1783365313520501482,1783365167093063783,1783365167093117057,,,,,,"CooperativeService{guidedPlanning, status=request, vehicleId=0x7665682d3035, requestedHorizonMs=2500, confidence=100, planning.waypoints=1, offloadTaskId=probe-471, offloadPayload=1024 bytes}"
5g-receiver,1783365167323648041,edge4av-real-20260706-multiclient-scalability-weak-signal-run-1,p5g-scale-mqtt-payload-1024-clients-20,scale,guided-planning,mqtt,,veh-05,rsu-1,p5g-scale-mqtt-payload-1024-clients-20-veh-05-472,ipi-session-1,multiclient-scalability-weak-signal-run-1,veh-05,472,20-clients,default,stationary,unsynced,true,true,clients,20,count,IPI-CooperativeService,1098,1783365313748605198,1783365167323594824,1783365167323648041,,,,,,"CooperativeService{guidedPlanning, status=request, vehicleId=0x7665682d3035, requestedHorizonMs=2500, confidence=100, planning.waypoints=1, offloadTaskId=probe-472, offloadPayload=1024 bytes}"
5g-receiver,1783365167634359165,edge4av-real-20260706-multiclient-scalability-weak-signal-run-1,p5g-scale-mqtt-payload-1024-clients-20,scale,guided-planning,mqtt,,veh-05,rsu-1,p5g-scale-mqtt-payload-1024-clients-20-veh-05-473,ipi-session-1,multiclient-scalability-weak-signal-run-1,veh-05,473,20-clients,default,stationary,unsynced,true,true,clients,20,count,IPI-CooperativeService,1098,1783365313980542190,1783365167634279683,1783365167634359165,,,,,,"CooperativeService{guidedPlanning, status=request, vehicleId=0x7665682d3035, requestedHorizonMs=2500, confidence=100, planning.waypoints=1, offloadTaskId=probe-473, offloadPayload=1024 bytes}"
5g-receiver,1783365168015069946,edge4av-real-20260706-multiclient-scalability-weak-signal-run-1,p5g-scale-mqtt-payload-1024-clients-20,scale,guided-planning,mqtt,,veh-05,rsu-1,p5g-scale-mqtt-payload-1024-clients-20-veh-05-474,ipi-session-1,multiclient-scalability-weak-signal-run-1,veh-05,474,20-clients,default,stationary,unsynced,true,true,clients,20,count,IPI-CooperativeService,1098,1783365314292446791,1783365168015012568,1783365168015069946,,,,,,"CooperativeService{guidedPlanning, status=request, vehicleId=0x7665682d3035, requestedHorizonMs=2500, confidence=100, planning.waypoints=1, offloadTaskId=probe-474, offloadPayload=1024 bytes}"
5g-receiver,1783365168485984862,edge4av-real-20260706-multiclient-scalability-weak-signal-run-1,p5g-scale-mqtt-payload-1024-clients-20,scale,guided-planning,mqtt,,veh-05,rsu-1,p5g-scale-mqtt-payload-1024-clients-20-veh-05-475,ipi-session-1,multiclient-scalability-weak-signal-run-1,veh-05,475,20-clients,default,stationary,unsynced,true,true,clients,20,count,IPI-CooperativeService,1098,1783365314672505768,1783365168485930679,1783365168485984862,,,,,,"CooperativeService{guidedPlanning, status=request, vehicleId=0x7665682d3035, requestedHorizonMs=2500, confidence=100, planning.waypoints=1, offloadTaskId=probe-475, offloadPayload=1024 bytes}"
5g-receiver,1783365168856858746,edge4av-real-20260706-multiclient-scalability-weak-signal-run-1,p5g-scale-mqtt-payload-1024-clients-20,scale,guided-planning,mqtt,,veh-05,rsu-1,p5g-scale-mqtt-payload-1024-clients-20-veh-05-476,ipi-session-1,multiclient-scalability-weak-signal-run-1,veh-05,476,20-clients,default,stationary,unsynced,true,true,clients,20,count,IPI-CooperativeService,1098,1783365315148495496,1783365168856807367,1783365168856858746,,,,,,"CooperativeService{guidedPlanning, status=request, vehicleId=0x7665682d3035, requestedHorizonMs=2500, confidence=100, planning.waypoints=1, offloadTaskId=probe-476, offloadPayload=1024 bytes}"
5g-receiver,1783365169197682093,edge4av-real-20260706-multiclient-scalability-weak-signal-run-1,p5g-scale-mqtt-payload-1024-clients-20,scale,guided-planning,mqtt,,veh-05,rsu-1,p5g-scale-mqtt-payload-1024-clients-20-veh-05-477,ipi-session-1,multiclient-scalability-weak-signal-run-1,veh-05,477,20-clients,default,stationary,unsynced,true,true,clients,20,count,IPI-CooperativeService,1098,1783365315512504453,1783365169197624047,1783365169197682093,,,,,,"CooperativeService{guidedPlanning, status=request, vehicleId=0x7665682d3035, requestedHorizonMs=2500, confidence=100, planning.waypoints=1, offloadTaskId=probe-477, offloadPayload=1024 bytes}"
5g-receiver,1783365169528329844,edge4av-real-20260706-multiclient-scalability-weak-signal-run-1,p5g-scale-mqtt-payload-1024-clients-20,scale,guided-planning,mqtt,,veh-05,rsu-1,p5g-scale-mqtt-payload-1024-clients-20-veh-05-478,ipi-session-1,multiclient-scalability-weak-signal-run-1,veh-05,478,20-clients,default,stationary,unsynced,true,true,clients,20,count,IPI-CooperativeService,1098,1783365315852440608,1783365169528271482,1783365169528329844,,,,,,"CooperativeService{guidedPlanning, status=request, vehicleId=0x7665682d3035, requestedHorizonMs=2500, confidence=100, planning.waypoints=1, offloadTaskId=probe-478, offloadPayload=1024 bytes}"
5g-receiver,1783365169868745796,edge4av-real-20260706-multiclient-scalability-weak-signal-run-1,p5g-scale-mqtt-payload-1024-clients-20,scale,guided-planning,mqtt,,veh-05,rsu-1,p5g-scale-mqtt-payload-1024-clients-20-veh-05-479,ipi-session-1,multiclient-scalability-weak-signal-run-1,veh-05,479,20-clients,default,stationary,unsynced,true,true,clients,20,count,IPI-CooperativeService,1098,1783365316188462262,1783365169868687506,1783365169868745796,,,,,,"CooperativeService{guidedPlanning, status=request, vehicleId=0x7665682d3035, requestedHorizonMs=2500, confidence=100, planning.waypoints=1, offloadTaskId=probe-479, offloadPayload=1024 bytes}"
5g-receiver,1783365170239557879,edge4av-real-20260706-multiclient-scalability-weak-signal-run-1,p5g-scale-mqtt-payload-1024-clients-20,scale,guided-planning,mqtt,,veh-05,rsu-1,p5g-scale-mqtt-payload-1024-clients-20-veh-05-480,ipi-session-1,multiclient-scalability-weak-signal-run-1,veh-05,480,20-clients,default,stationary,unsynced,true,true,clients,20,count,IPI-CooperativeService,1098,1783365316528453964,1783365170239498818,1783365170239557879,,,,,,"CooperativeService{guidedPlanning, status=request, vehicleId=0x7665682d3035, requestedHorizonMs=2500, confidence=100, planning.waypoints=1, offloadTaskId=probe-480, offloadPayload=1024 bytes}"
5g-receiver,1783365170590338352,edge4av-real-20260706-multiclient-scalability-weak-signal-run-1,p5g-scale-mqtt-payload-1024-clients-20,scale,guided-planning,mqtt,,veh-05,rsu-1,p5g-scale-mqtt-payload-1024-clients-20-veh-05-481,ipi-session-1,multiclient-scalability-weak-signal-run-1,veh-05,481,20-clients,default,stationary,unsynced,true,true,clients,20,count,IPI-CooperativeService,1098,1783365316894476239,1783365170590266420,1783365170590338352,,,,,,"CooperativeService{guidedPlanning, status=request, vehicleId=0x7665682d3035, requestedHorizonMs=2500, confidence=100, planning.waypoints=1, offloadTaskId=probe-481, offloadPayload=1024 bytes}"
5g-receiver,1783365170931052285,edge4av-real-20260706-multiclient-scalability-weak-signal-run-1,p5g-scale-mqtt-payload-1024-clients-20,scale,guided-planning,mqtt,,veh-05,rsu-1,p5g-scale-mqtt-payload-1024-clients-20-veh-05-482,ipi-session-1,multiclient-scalability-weak-signal-run-1,veh-05,482,20-clients,default,stationary,unsynced,true,true,clients,20,count,IPI-CooperativeService,1098,1783365317248467903,1783365170930994866,1783365170931052285,,,,,,"CooperativeService{guidedPlanning, status=request, vehicleId=0x7665682d3035, requestedHorizonMs=2500, confidence=100, planning.waypoints=1, offloadTaskId=probe-482, offloadPayload=1024 bytes}"
5g-receiver,1783365171271858057,edge4av-real-20260706-multiclient-scalability-weak-signal-run-1,p5g-scale-mqtt-payload-1024-clients-20,scale,guided-planning,mqtt,,veh-05,rsu-1,p5g-scale-mqtt-payload-1024-clients-20-veh-05-483,ipi-session-1,multiclient-scalability-weak-signal-run-1,veh-05,483,20-clients,default,stationary,unsynced,true,true,clients,20,count,IPI-CooperativeService,1098,1783365317588533139,1783365171271801529,1783365171271858057,,,,,,"CooperativeService{guidedPlanning, status=request, vehicleId=0x7665682d3035, requestedHorizonMs=2500, confidence=100, planning.waypoints=1, offloadTaskId=probe-483, offloadPayload=1024 bytes}"
5g-receiver,1783365171642678761,edge4av-real-20260706-multiclient-scalability-weak-signal-run-1,p5g-scale-mqtt-payload-1024-clients-20,scale,guided-planning,mqtt,,veh-05,rsu-1,p5g-scale-mqtt-payload-1024-clients-20-veh-05-484,ipi-session-1,multiclient-scalability-weak-signal-run-1,veh-05,484,20-clients,default,stationary,unsynced,true,true,clients,20,count,IPI-CooperativeService,1098,1783365317928688465,1783365171642620310,1783365171642678761,,,,,,"CooperativeService{guidedPlanning, status=request, vehicleId=0x7665682d3035, requestedHorizonMs=2500, confidence=100, planning.waypoints=1, offloadTaskId=probe-484, offloadPayload=1024 bytes}"
5g-receiver,1783365172023463140,edge4av-real-20260706-multiclient-scalability-weak-signal-run-1,p5g-scale-mqtt-payload-1024-clients-20,scale,guided-planning,mqtt,,veh-05,rsu-1,p5g-scale-mqtt-payload-1024-clients-20-veh-05-485,ipi-session-1,multiclient-scalability-weak-signal-run-1,veh-05,485,20-clients,default,stationary,unsynced,true,true,clients,20,count,IPI-CooperativeService,1098,1783365318300431647,1783365172023404582,1783365172023463140,,,,,,"CooperativeService{guidedPlanning, status=request, vehicleId=0x7665682d3035, requestedHorizonMs=2500, confidence=100, planning.waypoints=1, offloadTaskId=probe-485, offloadPayload=1024 bytes}"
5g-receiver,1783365172394098115,edge4av-real-20260706-multiclient-scalability-weak-signal-run-1,p5g-scale-mqtt-payload-1024-clients-20,scale,guided-planning,mqtt,,veh-05,rsu-1,p5g-scale-mqtt-payload-1024-clients-20-veh-05-486,ipi-session-1,multiclient-scalability-weak-signal-run-1,veh-05,486,20-clients,default,stationary,unsynced,true,true,clients,20,count,IPI-CooperativeService,1098,1783365318680447489,1783365172394040424,1783365172394098115,,,,,,"CooperativeService{guidedPlanning, status=request, vehicleId=0x7665682d3035, requestedHorizonMs=2500, confidence=100, planning.waypoints=1, offloadTaskId=probe-486, offloadPayload=1024 bytes}"
5g-receiver,1783365172785112920,edge4av-real-20260706-multiclient-scalability-weak-signal-run-1,p5g-scale-mqtt-payload-1024-clients-20,scale,guided-planning,mqtt,,veh-05,rsu-1,p5g-scale-mqtt-payload-1024-clients-20-veh-05-487,ipi-session-1,multiclient-scalability-weak-signal-run-1,veh-05,487,20-clients,default,stationary,unsynced,true,true,clients,20,count,IPI-CooperativeService,1098,1783365319052419759,1783365172785061815,1783365172785112920,,,,,,"CooperativeService{guidedPlanning, status=request, vehicleId=0x7665682d3035, requestedHorizonMs=2500, confidence=100, planning.waypoints=1, offloadTaskId=probe-487, offloadPayload=1024 bytes}"
5g-receiver,1783365173135547576,edge4av-real-20260706-multiclient-scalability-weak-signal-run-1,p5g-scale-mqtt-payload-1024-clients-20,scale,guided-planning,mqtt,,veh-05,rsu-1,p5g-scale-mqtt-payload-1024-clients-20-veh-05-488,ipi-session-1,multiclient-scalability-weak-signal-run-1,veh-05,488,20-clients,default,stationary,unsynced,true,true,clients,20,count,IPI-CooperativeService,1098,1783365319442453166,1783365173135490064,1783365173135547576,,,,,,"CooperativeService{guidedPlanning, status=request, vehicleId=0x7665682d3035, requestedHorizonMs=2500, confidence=100, planning.waypoints=1, offloadTaskId=probe-488, offloadPayload=1024 bytes}"
5g-receiver,1783365173476699103,edge4av-real-20260706-multiclient-scalability-weak-signal-run-1,p5g-scale-mqtt-payload-1024-clients-20,scale,guided-planning,mqtt,,veh-05,rsu-1,p5g-scale-mqtt-payload-1024-clients-20-veh-05-489,ipi-session-1,multiclient-scalability-weak-signal-run-1,veh-05,489,20-clients,default,stationary,unsynced,true,true,clients,20,count,IPI-CooperativeService,1098,1783365319788687307,1783365173476646534,1783365173476699103,,,,,,"CooperativeService{guidedPlanning, status=request, vehicleId=0x7665682d3035, requestedHorizonMs=2500, confidence=100, planning.waypoints=1, offloadTaskId=probe-489, offloadPayload=1024 bytes}"
5g-receiver,1783365173706778911,edge4av-real-20260706-multiclient-scalability-weak-signal-run-1,p5g-scale-mqtt-payload-1024-clients-20,scale,guided-planning,mqtt,,veh-05,rsu-1,p5g-scale-mqtt-payload-1024-clients-20-veh-05-490,ipi-session-1,multiclient-scalability-weak-signal-run-1,veh-05,490,20-clients,default,stationary,unsynced,true,true,clients,20,count,IPI-CooperativeService,1098,1783365320132421162,1783365173706728261,1783365173706778911,,,,,,"CooperativeService{guidedPlanning, status=request, vehicleId=0x7665682d3035, requestedHorizonMs=2500, confidence=100, planning.waypoints=1, offloadTaskId=probe-490, offloadPayload=1024 bytes}"
5g-receiver,1783365174047351166,edge4av-real-20260706-multiclient-scalability-weak-signal-run-1,p5g-scale-mqtt-payload-1024-clients-20,scale,guided-planning,mqtt,,veh-05,rsu-1,p5g-scale-mqtt-payload-1024-clients-20-veh-05-491,ipi-session-1,multiclient-scalability-weak-signal-run-1,veh-05,491,20-clients,default,stationary,unsynced,true,true,clients,20,count,IPI-CooperativeService,1098,1783365320412575662,1783365174047298037,1783365174047351166,,,,,,"CooperativeService{guidedPlanning, status=request, vehicleId=0x7665682d3035, requestedHorizonMs=2500, confidence=100, planning.waypoints=1, offloadTaskId=probe-491, offloadPayload=1024 bytes}"
5g-receiver,1783365174297993087,edge4av-real-20260706-multiclient-scalability-weak-signal-run-1,p5g-scale-mqtt-payload-1024-clients-20,scale,guided-planning,mqtt,,veh-05,rsu-1,p5g-scale-mqtt-payload-1024-clients-20-veh-05-492,ipi-session-1,multiclient-scalability-weak-signal-run-1,veh-05,492,20-clients,default,stationary,unsynced,true,true,clients,20,count,IPI-CooperativeService,1098,1783365320704457632,1783365174297942395,1783365174297993087,,,,,,"CooperativeService{guidedPlanning, status=request, vehicleId=0x7665682d3035, requestedHorizonMs=2500, confidence=100, planning.waypoints=1, offloadTaskId=probe-492, offloadPayload=1024 bytes}"
5g-receiver,1783365174538483501,edge4av-real-20260706-multiclient-scalability-weak-signal-run-1,p5g-scale-mqtt-payload-1024-clients-20,scale,guided-planning,mqtt,,veh-05,rsu-1,p5g-scale-mqtt-payload-1024-clients-20-veh-05-493,ipi-session-1,multiclient-scalability-weak-signal-run-1,veh-05,493,20-clients,default,stationary,unsynced,true,true,clients,20,count,IPI-CooperativeService,1098,1783365320954604834,1783365174538387244,1783365174538483501,,,,,,"CooperativeService{guidedPlanning, status=request, vehicleId=0x7665682d3035, requestedHorizonMs=2500, confidence=100, planning.waypoints=1, offloadTaskId=probe-493, offloadPayload=1024 bytes}"
5g-receiver,1783365174768863861,edge4av-real-20260706-multiclient-scalability-weak-signal-run-1,p5g-scale-mqtt-payload-1024-clients-20,scale,guided-planning,mqtt,,veh-05,rsu-1,p5g-scale-mqtt-payload-1024-clients-20-veh-05-494,ipi-session-1,multiclient-scalability-weak-signal-run-1,veh-05,494,20-clients,default,stationary,unsynced,true,true,clients,20,count,IPI-CooperativeService,1098,1783365321198454470,1783365174768809474,1783365174768863861,,,,,,"CooperativeService{guidedPlanning, status=request, vehicleId=0x7665682d3035, requestedHorizonMs=2500, confidence=100, planning.waypoints=1, offloadTaskId=probe-494, offloadPayload=1024 bytes}"
5g-receiver,1783365175009772405,edge4av-real-20260706-multiclient-scalability-weak-signal-run-1,p5g-scale-mqtt-payload-1024-clients-20,scale,guided-planning,mqtt,,veh-05,rsu-1,p5g-scale-mqtt-payload-1024-clients-20-veh-05-495,ipi-session-1,multiclient-scalability-weak-signal-run-1,veh-05,495,20-clients,default,stationary,unsynced,true,true,clients,20,count,IPI-CooperativeService,1098,1783365321428476268,1783365175009710098,1783365175009772405,,,,,,"CooperativeService{guidedPlanning, status=request, vehicleId=0x7665682d3035, requestedHorizonMs=2500, confidence=100, planning.waypoints=1, offloadTaskId=probe-495, offloadPayload=1024 bytes}"
5g-receiver,1783365175259589289,edge4av-real-20260706-multiclient-scalability-weak-signal-run-1,p5g-scale-mqtt-payload-1024-clients-20,scale,guided-planning,mqtt,,veh-05,rsu-1,p5g-scale-mqtt-payload-1024-clients-20-veh-05-496,ipi-session-1,multiclient-scalability-weak-signal-run-1,veh-05,496,20-clients,default,stationary,unsynced,true,true,clients,20,count,IPI-CooperativeService,1098,1783365321668652945,1783365175259537737,1783365175259589289,,,,,,"CooperativeService{guidedPlanning, status=request, vehicleId=0x7665682d3035, requestedHorizonMs=2500, confidence=100, planning.waypoints=1, offloadTaskId=probe-496, offloadPayload=1024 bytes}"
5g-receiver,1783365175490097050,edge4av-real-20260706-multiclient-scalability-weak-signal-run-1,p5g-scale-mqtt-payload-1024-clients-20,scale,guided-planning,mqtt,,veh-05,rsu-1,p5g-scale-mqtt-payload-1024-clients-20-veh-05-497,ipi-session-1,multiclient-scalability-weak-signal-run-1,veh-05,497,20-clients,default,stationary,unsynced,true,true,clients,20,count,IPI-CooperativeService,1098,1783365321914531486,1783365175490043044,1783365175490097050,,,,,,"CooperativeService{guidedPlanning, status=request, vehicleId=0x7665682d3035, requestedHorizonMs=2500, confidence=100, planning.waypoints=1, offloadTaskId=probe-497, offloadPayload=1024 bytes}"
5g-receiver,1783365175740416780,edge4av-real-20260706-multiclient-scalability-weak-signal-run-1,p5g-scale-mqtt-payload-1024-clients-20,scale,guided-planning,mqtt,,veh-05,rsu-1,p5g-scale-mqtt-payload-1024-clients-20-veh-05-498,ipi-session-1,multiclient-scalability-weak-signal-run-1,veh-05,498,20-clients,default,stationary,unsynced,true,true,clients,20,count,IPI-CooperativeService,1098,1783365322154543603,1783365175740367623,1783365175740416780,,,,,,"CooperativeService{guidedPlanning, status=request, vehicleId=0x7665682d3035, requestedHorizonMs=2500, confidence=100, planning.waypoints=1, offloadTaskId=probe-498, offloadPayload=1024 bytes}"
5g-receiver,1783365175990994108,edge4av-real-20260706-multiclient-scalability-weak-signal-run-1,p5g-scale-mqtt-payload-1024-clients-20,scale,guided-planning,mqtt,,veh-05,rsu-1,p5g-scale-mqtt-payload-1024-clients-20-veh-05-499,ipi-session-1,multiclient-scalability-weak-signal-run-1,veh-05,499,20-clients,default,stationary,unsynced,true,true,clients,20,count,IPI-CooperativeService,1098,1783365322398536075,1783365175990941780,1783365175990994108,,,,,,"CooperativeService{guidedPlanning, status=request, vehicleId=0x7665682d3035, requestedHorizonMs=2500, confidence=100, planning.waypoints=1, offloadTaskId=probe-499, offloadPayload=1024 bytes}"
5g-receiver,1783365176221505068,edge4av-real-20260706-multiclient-scalability-weak-signal-run-1,p5g-scale-mqtt-payload-1024-clients-20,scale,guided-planning,mqtt,,veh-05,rsu-1,p5g-scale-mqtt-payload-1024-clients-20-veh-05-500,ipi-session-1,multiclient-scalability-weak-signal-run-1,veh-05,500,20-clients,default,stationary,unsynced,true,true,clients,20,count,IPI-CooperativeService,1098,1783365322650470427,1783365176221453701,1783365176221505068,,,,,,"CooperativeService{guidedPlanning, status=request, vehicleId=0x7665682d3035, requestedHorizonMs=2500, confidence=100, planning.waypoints=1, offloadTaskId=probe-500, offloadPayload=1024 bytes}"
5g-receiver,1783365176471761416,edge4av-real-20260706-multiclient-scalability-weak-signal-run-1,p5g-scale-mqtt-payload-1024-clients-20,scale,guided-planning,mqtt,,veh-05,rsu-1,p5g-scale-mqtt-payload-1024-clients-20-veh-05-501,ipi-session-1,multiclient-scalability-weak-signal-run-1,veh-05,501,20-clients,default,stationary,unsynced,true,true,clients,20,count,IPI-CooperativeService,1098,1783365322878537093,1783365176471681653,1783365176471761416,,,,,,"CooperativeService{guidedPlanning, status=request, vehicleId=0x7665682d3035, requestedHorizonMs=2500, confidence=100, planning.waypoints=1, offloadTaskId=probe-501, offloadPayload=1024 bytes}"
5g-receiver,1783365176722344246,edge4av-real-20260706-multiclient-scalability-weak-signal-run-1,p5g-scale-mqtt-payload-1024-clients-20,scale,guided-planning,mqtt,,veh-05,rsu-1,p5g-scale-mqtt-payload-1024-clients-20-veh-05-502,ipi-session-1,multiclient-scalability-weak-signal-run-1,veh-05,502,20-clients,default,stationary,unsynced,true,true,clients,20,count,IPI-CooperativeService,1098,1783365323130558619,1783365176722272096,1783365176722344246,,,,,,"CooperativeService{guidedPlanning, status=request, vehicleId=0x7665682d3035, requestedHorizonMs=2500, confidence=100, planning.waypoints=1, offloadTaskId=probe-502, offloadPayload=1024 bytes}"
5g-receiver,1783365176972757412,edge4av-real-20260706-multiclient-scalability-weak-signal-run-1,p5g-scale-mqtt-payload-1024-clients-20,scale,guided-planning,mqtt,,veh-05,rsu-1,p5g-scale-mqtt-payload-1024-clients-20-veh-05-503,ipi-session-1,multiclient-scalability-weak-signal-run-1,veh-05,503,20-clients,default,stationary,unsynced,true,true,clients,20,count,IPI-CooperativeService,1098,1783365323376487361,1783365176972698523,1783365176972757412,,,,,,"CooperativeService{guidedPlanning, status=request, vehicleId=0x7665682d3035, requestedHorizonMs=2500, confidence=100, planning.waypoints=1, offloadTaskId=probe-503, offloadPayload=1024 bytes}"
5g-receiver,1783365177202766147,edge4av-real-20260706-multiclient-scalability-weak-signal-run-1,p5g-scale-mqtt-payload-1024-clients-20,scale,guided-planning,mqtt,,veh-05,rsu-1,p5g-scale-mqtt-payload-1024-clients-20-veh-05-504,ipi-session-1,multiclient-scalability-weak-signal-run-1,veh-05,504,20-clients,default,stationary,unsynced,true,true,clients,20,count,IPI-CooperativeService,1098,1783365323632395669,1783365177202712896,1783365177202766147,,,,,,"CooperativeService{guidedPlanning, status=request, vehicleId=0x7665682d3035, requestedHorizonMs=2500, confidence=100, planning.waypoints=1, offloadTaskId=probe-504, offloadPayload=1024 bytes}"
5g-receiver,1783365177453106962,edge4av-real-20260706-multiclient-scalability-weak-signal-run-1,p5g-scale-mqtt-payload-1024-clients-20,scale,guided-planning,mqtt,,veh-05,rsu-1,p5g-scale-mqtt-payload-1024-clients-20-veh-05-505,ipi-session-1,multiclient-scalability-weak-signal-run-1,veh-05,505,20-clients,default,stationary,unsynced,true,true,clients,20,count,IPI-CooperativeService,1098,1783365323858570843,1783365177453034740,1783365177453106962,,,,,,"CooperativeService{guidedPlanning, status=request, vehicleId=0x7665682d3035, requestedHorizonMs=2500, confidence=100, planning.waypoints=1, offloadTaskId=probe-505, offloadPayload=1024 bytes}"
5g-receiver,1783365177693959185,edge4av-real-20260706-multiclient-scalability-weak-signal-run-1,p5g-scale-mqtt-payload-1024-clients-20,scale,guided-planning,mqtt,,veh-05,rsu-1,p5g-scale-mqtt-payload-1024-clients-20-veh-05-506,ipi-session-1,multiclient-scalability-weak-signal-run-1,veh-05,506,20-clients,default,stationary,unsynced,true,true,clients,20,count,IPI-CooperativeService,1098,1783365324110419260,1783365177693899429,1783365177693959185,,,,,,"CooperativeService{guidedPlanning, status=request, vehicleId=0x7665682d3035, requestedHorizonMs=2500, confidence=100, planning.waypoints=1, offloadTaskId=probe-506, offloadPayload=1024 bytes}"
5g-receiver,1783365177944435574,edge4av-real-20260706-multiclient-scalability-weak-signal-run-1,p5g-scale-mqtt-payload-1024-clients-20,scale,guided-planning,mqtt,,veh-05,rsu-1,p5g-scale-mqtt-payload-1024-clients-20-veh-05-507,ipi-session-1,multiclient-scalability-weak-signal-run-1,veh-05,507,20-clients,default,stationary,unsynced,true,true,clients,20,count,IPI-CooperativeService,1098,1783365324348538119,1783365177944377506,1783365177944435574,,,,,,"CooperativeService{guidedPlanning, status=request, vehicleId=0x7665682d3035, requestedHorizonMs=2500, confidence=100, planning.waypoints=1, offloadTaskId=probe-507, offloadPayload=1024 bytes}"
5g-receiver,1783365178184520966,edge4av-real-20260706-multiclient-scalability-weak-signal-run-1,p5g-scale-mqtt-payload-1024-clients-20,scale,guided-planning,mqtt,,veh-05,rsu-1,p5g-scale-mqtt-payload-1024-clients-20-veh-05-508,ipi-session-1,multiclient-scalability-weak-signal-run-1,veh-05,508,20-clients,default,stationary,unsynced,true,true,clients,20,count,IPI-CooperativeService,1098,1783365324600389372,1783365178184462737,1783365178184520966,,,,,,"CooperativeService{guidedPlanning, status=request, vehicleId=0x7665682d3035, requestedHorizonMs=2500, confidence=100, planning.waypoints=1, offloadTaskId=probe-508, offloadPayload=1024 bytes}"
5g-receiver,1783365178455200103,edge4av-real-20260706-multiclient-scalability-weak-signal-run-1,p5g-scale-mqtt-payload-1024-clients-20,scale,guided-planning,mqtt,,veh-05,rsu-1,p5g-scale-mqtt-payload-1024-clients-20-veh-05-509,ipi-session-1,multiclient-scalability-weak-signal-run-1,veh-05,509,20-clients,default,stationary,unsynced,true,true,clients,20,count,IPI-CooperativeService,1098,1783365324838478450,1783365178455146315,1783365178455200103,,,,,,"CooperativeService{guidedPlanning, status=request, vehicleId=0x7665682d3035, requestedHorizonMs=2500, confidence=100, planning.waypoints=1, offloadTaskId=probe-509, offloadPayload=1024 bytes}"
5g-receiver,1783365178705672678,edge4av-real-20260706-multiclient-scalability-weak-signal-run-1,p5g-scale-mqtt-payload-1024-clients-20,scale,guided-planning,mqtt,,veh-05,rsu-1,p5g-scale-mqtt-payload-1024-clients-20-veh-05-510,ipi-session-1,multiclient-scalability-weak-signal-run-1,veh-05,510,20-clients,default,stationary,unsynced,true,true,clients,20,count,IPI-CooperativeService,1098,1783365325114524828,1783365178705621220,1783365178705672678,,,,,,"CooperativeService{guidedPlanning, status=request, vehicleId=0x7665682d3035, requestedHorizonMs=2500, confidence=100, planning.waypoints=1, offloadTaskId=probe-510, offloadPayload=1024 bytes}"
5g-receiver,1783365178935871945,edge4av-real-20260706-multiclient-scalability-weak-signal-run-1,p5g-scale-mqtt-payload-1024-clients-20,scale,guided-planning,mqtt,,veh-05,rsu-1,p5g-scale-mqtt-payload-1024-clients-20-veh-05-511,ipi-session-1,multiclient-scalability-weak-signal-run-1,veh-05,511,20-clients,default,stationary,unsynced,true,true,clients,20,count,IPI-CooperativeService,1098,1783365325364468921,1783365178935812755,1783365178935871945,,,,,,"CooperativeService{guidedPlanning, status=request, vehicleId=0x7665682d3035, requestedHorizonMs=2500, confidence=100, planning.waypoints=1, offloadTaskId=probe-511, offloadPayload=1024 bytes}"
5g-receiver,1783365179176249831,edge4av-real-20260706-multiclient-scalability-weak-signal-run-1,p5g-scale-mqtt-payload-1024-clients-20,scale,guided-planning,mqtt,,veh-05,rsu-1,p5g-scale-mqtt-payload-1024-clients-20-veh-05-512,ipi-session-1,multiclient-scalability-weak-signal-run-1,veh-05,512,20-clients,default,stationary,unsynced,true,true,clients,20,count,IPI-CooperativeService,1098,1783365325602557020,1783365179176199019,1783365179176249831,,,,,,"CooperativeService{guidedPlanning, status=request, vehicleId=0x7665682d3035, requestedHorizonMs=2500, confidence=100, planning.waypoints=1, offloadTaskId=probe-512, offloadPayload=1024 bytes}"
5g-receiver,1783365179416934545,edge4av-real-20260706-multiclient-scalability-weak-signal-run-1,p5g-scale-mqtt-payload-1024-clients-20,scale,guided-planning,mqtt,,veh-05,rsu-1,p5g-scale-mqtt-payload-1024-clients-20-veh-05-513,ipi-session-1,multiclient-scalability-weak-signal-run-1,veh-05,513,20-clients,default,stationary,unsynced,true,true,clients,20,count,IPI-CooperativeService,1098,1783365325832536617,1783365179416854576,1783365179416934545,,,,,,"CooperativeService{guidedPlanning, status=request, vehicleId=0x7665682d3035, requestedHorizonMs=2500, confidence=100, planning.waypoints=1, offloadTaskId=probe-513, offloadPayload=1024 bytes}"
5g-receiver,1783365179657225688,edge4av-real-20260706-multiclient-scalability-weak-signal-run-1,p5g-scale-mqtt-payload-1024-clients-20,scale,guided-planning,mqtt,,veh-05,rsu-1,p5g-scale-mqtt-payload-1024-clients-20-veh-05-514,ipi-session-1,multiclient-scalability-weak-signal-run-1,veh-05,514,20-clients,default,stationary,unsynced,true,true,clients,20,count,IPI-CooperativeService,1098,1783365326072557779,1783365179657166080,1783365179657225688,,,,,,"CooperativeService{guidedPlanning, status=request, vehicleId=0x7665682d3035, requestedHorizonMs=2500, confidence=100, planning.waypoints=1, offloadTaskId=probe-514, offloadPayload=1024 bytes}"
5g-receiver,1783365179887694580,edge4av-real-20260706-multiclient-scalability-weak-signal-run-1,p5g-scale-mqtt-payload-1024-clients-20,scale,guided-planning,mqtt,,veh-05,rsu-1,p5g-scale-mqtt-payload-1024-clients-20-veh-05-515,ipi-session-1,multiclient-scalability-weak-signal-run-1,veh-05,515,20-clients,default,stationary,unsynced,true,true,clients,20,count,IPI-CooperativeService,1098,1783365326316529258,1783365179887639469,1783365179887694580,,,,,,"CooperativeService{guidedPlanning, status=request, vehicleId=0x7665682d3035, requestedHorizonMs=2500, confidence=100, planning.waypoints=1, offloadTaskId=probe-515, offloadPayload=1024 bytes}"
5g-receiver,1783365180167940233,edge4av-real-20260706-multiclient-scalability-weak-signal-run-1,p5g-scale-mqtt-payload-1024-clients-20,scale,guided-planning,mqtt,,veh-05,rsu-1,p5g-scale-mqtt-payload-1024-clients-20-veh-05-516,ipi-session-1,multiclient-scalability-weak-signal-run-1,veh-05,516,20-clients,default,stationary,unsynced,true,true,clients,20,count,IPI-CooperativeService,1098,1783365326542531111,1783365180167865306,1783365180167940233,,,,,,"CooperativeService{guidedPlanning, status=request, vehicleId=0x7665682d3035, requestedHorizonMs=2500, confidence=100, planning.waypoints=1, offloadTaskId=probe-516, offloadPayload=1024 bytes}"
5g-receiver,1783365180398588178,edge4av-real-20260706-multiclient-scalability-weak-signal-run-1,p5g-scale-mqtt-payload-1024-clients-20,scale,guided-planning,mqtt,,veh-05,rsu-1,p5g-scale-mqtt-payload-1024-clients-20-veh-05-517,ipi-session-1,multiclient-scalability-weak-signal-run-1,veh-05,517,20-clients,default,stationary,unsynced,true,true,clients,20,count,IPI-CooperativeService,1098,1783365326824482360,1783365180398530845,1783365180398588178,,,,,,"CooperativeService{guidedPlanning, status=request, vehicleId=0x7665682d3035, requestedHorizonMs=2500, confidence=100, planning.waypoints=1, offloadTaskId=probe-517, offloadPayload=1024 bytes}"
5g-receiver,1783365180628935544,edge4av-real-20260706-multiclient-scalability-weak-signal-run-1,p5g-scale-mqtt-payload-1024-clients-20,scale,guided-planning,mqtt,,veh-05,rsu-1,p5g-scale-mqtt-payload-1024-clients-20-veh-05-518,ipi-session-1,multiclient-scalability-weak-signal-run-1,veh-05,518,20-clients,default,stationary,unsynced,true,true,clients,20,count,IPI-CooperativeService,1098,1783365327054552777,1783365180628878162,1783365180628935544,,,,,,"CooperativeService{guidedPlanning, status=request, vehicleId=0x7665682d3035, requestedHorizonMs=2500, confidence=100, planning.waypoints=1, offloadTaskId=probe-518, offloadPayload=1024 bytes}"
5g-receiver,1783365180869431312,edge4av-real-20260706-multiclient-scalability-weak-signal-run-1,p5g-scale-mqtt-payload-1024-clients-20,scale,guided-planning,mqtt,,veh-05,rsu-1,p5g-scale-mqtt-payload-1024-clients-20-veh-05-519,ipi-session-1,multiclient-scalability-weak-signal-run-1,veh-05,519,20-clients,default,stationary,unsynced,true,true,clients,20,count,IPI-CooperativeService,1098,1783365327288531715,1783365180869371688,1783365180869431312,,,,,,"CooperativeService{guidedPlanning, status=request, vehicleId=0x7665682d3035, requestedHorizonMs=2500, confidence=100, planning.waypoints=1, offloadTaskId=probe-519, offloadPayload=1024 bytes}"
5g-receiver,1783365181109770844,edge4av-real-20260706-multiclient-scalability-weak-signal-run-1,p5g-scale-mqtt-payload-1024-clients-20,scale,guided-planning,mqtt,,veh-05,rsu-1,p5g-scale-mqtt-payload-1024-clients-20-veh-05-520,ipi-session-1,multiclient-scalability-weak-signal-run-1,veh-05,520,20-clients,default,stationary,unsynced,true,true,clients,20,count,IPI-CooperativeService,1098,1783365327526405027,1783365181109712690,1783365181109770844,,,,,,"CooperativeService{guidedPlanning, status=request, vehicleId=0x7665682d3035, requestedHorizonMs=2500, confidence=100, planning.waypoints=1, offloadTaskId=probe-520, offloadPayload=1024 bytes}"
5g-receiver,1783365181340174397,edge4av-real-20260706-multiclient-scalability-weak-signal-run-1,p5g-scale-mqtt-payload-1024-clients-20,scale,guided-planning,mqtt,,veh-05,rsu-1,p5g-scale-mqtt-payload-1024-clients-20-veh-05-521,ipi-session-1,multiclient-scalability-weak-signal-run-1,veh-05,521,20-clients,default,stationary,unsynced,true,true,clients,20,count,IPI-CooperativeService,1098,1783365327764496716,1783365181340117011,1783365181340174397,,,,,,"CooperativeService{guidedPlanning, status=request, vehicleId=0x7665682d3035, requestedHorizonMs=2500, confidence=100, planning.waypoints=1, offloadTaskId=probe-521, offloadPayload=1024 bytes}"
5g-receiver,1783365181670745824,edge4av-real-20260706-multiclient-scalability-weak-signal-run-1,p5g-scale-mqtt-payload-1024-clients-20,scale,guided-planning,mqtt,,veh-05,rsu-1,p5g-scale-mqtt-payload-1024-clients-20-veh-05-522,ipi-session-1,multiclient-scalability-weak-signal-run-1,veh-05,522,20-clients,default,stationary,unsynced,true,true,clients,20,count,IPI-CooperativeService,1098,1783365327996399849,1783365181670689312,1783365181670745824,,,,,,"CooperativeService{guidedPlanning, status=request, vehicleId=0x7665682d3035, requestedHorizonMs=2500, confidence=100, planning.waypoints=1, offloadTaskId=probe-522, offloadPayload=1024 bytes}"
5g-receiver,1783365182021080056,edge4av-real-20260706-multiclient-scalability-weak-signal-run-1,p5g-scale-mqtt-payload-1024-clients-20,scale,guided-planning,mqtt,,veh-05,rsu-1,p5g-scale-mqtt-payload-1024-clients-20-veh-05-523,ipi-session-1,multiclient-scalability-weak-signal-run-1,veh-05,523,20-clients,default,stationary,unsynced,true,true,clients,20,count,IPI-CooperativeService,1098,1783365328326619017,1783365182021022255,1783365182021080056,,,,,,"CooperativeService{guidedPlanning, status=request, vehicleId=0x7665682d3035, requestedHorizonMs=2500, confidence=100, planning.waypoints=1, offloadTaskId=probe-523, offloadPayload=1024 bytes}"
5g-receiver,1783365182331867991,edge4av-real-20260706-multiclient-scalability-weak-signal-run-1,p5g-scale-mqtt-payload-1024-clients-20,scale,guided-planning,mqtt,,veh-05,rsu-1,p5g-scale-mqtt-payload-1024-clients-20-veh-05-524,ipi-session-1,multiclient-scalability-weak-signal-run-1,veh-05,524,20-clients,default,stationary,unsynced,true,true,clients,20,count,IPI-CooperativeService,1098,1783365328676281736,1783365182331810492,1783365182331867991,,,,,,"CooperativeService{guidedPlanning, status=request, vehicleId=0x7665682d3035, requestedHorizonMs=2500, confidence=100, planning.waypoints=1, offloadTaskId=probe-524, offloadPayload=1024 bytes}"
5g-receiver,1783365182572090111,edge4av-real-20260706-multiclient-scalability-weak-signal-run-1,p5g-scale-mqtt-payload-1024-clients-20,scale,guided-planning,mqtt,,veh-05,rsu-1,p5g-scale-mqtt-payload-1024-clients-20-veh-05-525,ipi-session-1,multiclient-scalability-weak-signal-run-1,veh-05,525,20-clients,default,stationary,unsynced,true,true,clients,20,count,IPI-CooperativeService,1098,1783365328994355946,1783365182572032558,1783365182572090111,,,,,,"CooperativeService{guidedPlanning, status=request, vehicleId=0x7665682d3035, requestedHorizonMs=2500, confidence=100, planning.waypoints=1, offloadTaskId=probe-525, offloadPayload=1024 bytes}"
5g-receiver,1783365182803155269,edge4av-real-20260706-multiclient-scalability-weak-signal-run-1,p5g-scale-mqtt-payload-1024-clients-20,scale,guided-planning,mqtt,,veh-05,rsu-1,p5g-scale-mqtt-payload-1024-clients-20-veh-05-526,ipi-session-1,multiclient-scalability-weak-signal-run-1,veh-05,526,20-clients,default,stationary,unsynced,true,true,clients,20,count,IPI-CooperativeService,1098,1783365329226786988,1783365182803104825,1783365182803155269,,,,,,"CooperativeService{guidedPlanning, status=request, vehicleId=0x7665682d3035, requestedHorizonMs=2500, confidence=100, planning.waypoints=1, offloadTaskId=probe-526, offloadPayload=1024 bytes}"
5g-receiver,1783365183053651661,edge4av-real-20260706-multiclient-scalability-weak-signal-run-1,p5g-scale-mqtt-payload-1024-clients-20,scale,guided-planning,mqtt,,veh-05,rsu-1,p5g-scale-mqtt-payload-1024-clients-20-veh-05-527,ipi-session-1,multiclient-scalability-weak-signal-run-1,veh-05,527,20-clients,default,stationary,unsynced,true,true,clients,20,count,IPI-CooperativeService,1098,1783365329458349759,1783365183053601721,1783365183053651661,,,,,,"CooperativeService{guidedPlanning, status=request, vehicleId=0x7665682d3035, requestedHorizonMs=2500, confidence=100, planning.waypoints=1, offloadTaskId=probe-527, offloadPayload=1024 bytes}"
5g-receiver,1783365183313042027,edge4av-real-20260706-multiclient-scalability-weak-signal-run-1,p5g-scale-mqtt-payload-1024-clients-20,scale,guided-planning,mqtt,,veh-05,rsu-1,p5g-scale-mqtt-payload-1024-clients-20-veh-05-528,ipi-session-1,multiclient-scalability-weak-signal-run-1,veh-05,528,20-clients,default,stationary,unsynced,true,true,clients,20,count,IPI-CooperativeService,1098,1783365329714313424,1783365183312989407,1783365183313042027,,,,,,"CooperativeService{guidedPlanning, status=request, vehicleId=0x7665682d3035, requestedHorizonMs=2500, confidence=100, planning.waypoints=1, offloadTaskId=probe-528, offloadPayload=1024 bytes}"
5g-receiver,1783365183673839124,edge4av-real-20260706-multiclient-scalability-weak-signal-run-1,p5g-scale-mqtt-payload-1024-clients-20,scale,guided-planning,mqtt,,veh-05,rsu-1,p5g-scale-mqtt-payload-1024-clients-20-veh-05-529,ipi-session-1,multiclient-scalability-weak-signal-run-1,veh-05,529,20-clients,default,stationary,unsynced,true,true,clients,20,count,IPI-CooperativeService,1098,1783365329970406203,1783365183673780988,1783365183673839124,,,,,,"CooperativeService{guidedPlanning, status=request, vehicleId=0x7665682d3035, requestedHorizonMs=2500, confidence=100, planning.waypoints=1, offloadTaskId=probe-529, offloadPayload=1024 bytes}"
5g-receiver,1783365184054687190,edge4av-real-20260706-multiclient-scalability-weak-signal-run-1,p5g-scale-mqtt-payload-1024-clients-20,scale,guided-planning,mqtt,,veh-05,rsu-1,p5g-scale-mqtt-payload-1024-clients-20-veh-05-530,ipi-session-1,multiclient-scalability-weak-signal-run-1,veh-05,530,20-clients,default,stationary,unsynced,true,true,clients,20,count,IPI-CooperativeService,1098,1783365330328493851,1783365184054628285,1783365184054687190,,,,,,"CooperativeService{guidedPlanning, status=request, vehicleId=0x7665682d3035, requestedHorizonMs=2500, confidence=100, planning.waypoints=1, offloadTaskId=probe-530, offloadPayload=1024 bytes}"
5g-receiver,1783365184465440047,edge4av-real-20260706-multiclient-scalability-weak-signal-run-1,p5g-scale-mqtt-payload-1024-clients-20,scale,guided-planning,mqtt,,veh-05,rsu-1,p5g-scale-mqtt-payload-1024-clients-20-veh-05-531,ipi-session-1,multiclient-scalability-weak-signal-run-1,veh-05,531,20-clients,default,stationary,unsynced,true,true,clients,20,count,IPI-CooperativeService,1098,1783365330710446592,1783365184465381136,1783365184465440047,,,,,,"CooperativeService{guidedPlanning, status=request, vehicleId=0x7665682d3035, requestedHorizonMs=2500, confidence=100, planning.waypoints=1, offloadTaskId=probe-531, offloadPayload=1024 bytes}"
5g-receiver,1783365184796237208,edge4av-real-20260706-multiclient-scalability-weak-signal-run-1,p5g-scale-mqtt-payload-1024-clients-20,scale,guided-planning,mqtt,,veh-05,rsu-1,p5g-scale-mqtt-payload-1024-clients-20-veh-05-532,ipi-session-1,multiclient-scalability-weak-signal-run-1,veh-05,532,20-clients,default,stationary,unsynced,true,true,clients,20,count,IPI-CooperativeService,1098,1783365331122559105,1783365184796155415,1783365184796237208,,,,,,"CooperativeService{guidedPlanning, status=request, vehicleId=0x7665682d3035, requestedHorizonMs=2500, confidence=100, planning.waypoints=1, offloadTaskId=probe-532, offloadPayload=1024 bytes}"
5g-receiver,1783365185136380639,edge4av-real-20260706-multiclient-scalability-weak-signal-run-1,p5g-scale-mqtt-payload-1024-clients-20,scale,guided-planning,mqtt,,veh-05,rsu-1,p5g-scale-mqtt-payload-1024-clients-20-veh-05-533,ipi-session-1,multiclient-scalability-weak-signal-run-1,veh-05,533,20-clients,default,stationary,unsynced,true,true,clients,20,count,IPI-CooperativeService,1098,1783365331456452478,1783365185136321630,1783365185136380639,,,,,,"CooperativeService{guidedPlanning, status=request, vehicleId=0x7665682d3035, requestedHorizonMs=2500, confidence=100, planning.waypoints=1, offloadTaskId=probe-533, offloadPayload=1024 bytes}"
5g-receiver,1783365185466836674,edge4av-real-20260706-multiclient-scalability-weak-signal-run-1,p5g-scale-mqtt-payload-1024-clients-20,scale,guided-planning,mqtt,,veh-05,rsu-1,p5g-scale-mqtt-payload-1024-clients-20-veh-05-534,ipi-session-1,multiclient-scalability-weak-signal-run-1,veh-05,534,20-clients,default,stationary,unsynced,true,true,clients,20,count,IPI-CooperativeService,1098,1783365331792626003,1783365185466777403,1783365185466836674,,,,,,"CooperativeService{guidedPlanning, status=request, vehicleId=0x7665682d3035, requestedHorizonMs=2500, confidence=100, planning.waypoints=1, offloadTaskId=probe-534, offloadPayload=1024 bytes}"
5g-receiver,1783365185797468301,edge4av-real-20260706-multiclient-scalability-weak-signal-run-1,p5g-scale-mqtt-payload-1024-clients-20,scale,guided-planning,mqtt,,veh-05,rsu-1,p5g-scale-mqtt-payload-1024-clients-20-veh-05-535,ipi-session-1,multiclient-scalability-weak-signal-run-1,veh-05,535,20-clients,default,stationary,unsynced,true,true,clients,20,count,IPI-CooperativeService,1098,1783365332122448880,1783365185797409302,1783365185797468301,,,,,,"CooperativeService{guidedPlanning, status=request, vehicleId=0x7665682d3035, requestedHorizonMs=2500, confidence=100, planning.waypoints=1, offloadTaskId=probe-535, offloadPayload=1024 bytes}"
5g-receiver,1783365186138108933,edge4av-real-20260706-multiclient-scalability-weak-signal-run-1,p5g-scale-mqtt-payload-1024-clients-20,scale,guided-planning,mqtt,,veh-05,rsu-1,p5g-scale-mqtt-payload-1024-clients-20-veh-05-536,ipi-session-1,multiclient-scalability-weak-signal-run-1,veh-05,536,20-clients,default,stationary,unsynced,true,true,clients,20,count,IPI-CooperativeService,1098,1783365332452534233,1783365186138049783,1783365186138108933,,,,,,"CooperativeService{guidedPlanning, status=request, vehicleId=0x7665682d3035, requestedHorizonMs=2500, confidence=100, planning.waypoints=1, offloadTaskId=probe-536, offloadPayload=1024 bytes}"
5g-receiver,1783365186458934595,edge4av-real-20260706-multiclient-scalability-weak-signal-run-1,p5g-scale-mqtt-payload-1024-clients-20,scale,guided-planning,mqtt,,veh-05,rsu-1,p5g-scale-mqtt-payload-1024-clients-20-veh-05-537,ipi-session-1,multiclient-scalability-weak-signal-run-1,veh-05,537,20-clients,default,stationary,unsynced,true,true,clients,20,count,IPI-CooperativeService,1098,1783365332792650054,1783365186458883041,1783365186458934595,,,,,,"CooperativeService{guidedPlanning, status=request, vehicleId=0x7665682d3035, requestedHorizonMs=2500, confidence=100, planning.waypoints=1, offloadTaskId=probe-537, offloadPayload=1024 bytes}"
5g-receiver,1783365186759356342,edge4av-real-20260706-multiclient-scalability-weak-signal-run-1,p5g-scale-mqtt-payload-1024-clients-20,scale,guided-planning,mqtt,,veh-05,rsu-1,p5g-scale-mqtt-payload-1024-clients-20-veh-05-538,ipi-session-1,multiclient-scalability-weak-signal-run-1,veh-05,538,20-clients,default,stationary,unsynced,true,true,clients,20,count,IPI-CooperativeService,1098,1783365333116442262,1783365186759296513,1783365186759356342,,,,,,"CooperativeService{guidedPlanning, status=request, vehicleId=0x7665682d3035, requestedHorizonMs=2500, confidence=100, planning.waypoints=1, offloadTaskId=probe-538, offloadPayload=1024 bytes}"
5g-receiver,1783365187130630796,edge4av-real-20260706-multiclient-scalability-weak-signal-run-1,p5g-scale-mqtt-payload-1024-clients-20,scale,guided-planning,mqtt,,veh-05,rsu-1,p5g-scale-mqtt-payload-1024-clients-20-veh-05-539,ipi-session-1,multiclient-scalability-weak-signal-run-1,veh-05,539,20-clients,default,stationary,unsynced,true,true,clients,20,count,IPI-CooperativeService,1098,1783365333414356655,1783365187130572640,1783365187130630796,,,,,,"CooperativeService{guidedPlanning, status=request, vehicleId=0x7665682d3035, requestedHorizonMs=2500, confidence=100, planning.waypoints=1, offloadTaskId=probe-539, offloadPayload=1024 bytes}"
5g-receiver,1783365187460375468,edge4av-real-20260706-multiclient-scalability-weak-signal-run-1,p5g-scale-mqtt-payload-1024-clients-20,scale,guided-planning,mqtt,,veh-05,rsu-1,p5g-scale-mqtt-payload-1024-clients-20-veh-05-540,ipi-session-1,multiclient-scalability-weak-signal-run-1,veh-05,540,20-clients,default,stationary,unsynced,true,true,clients,20,count,IPI-CooperativeService,1098,1783365333788416071,1783365187460316777,1783365187460375468,,,,,,"CooperativeService{guidedPlanning, status=request, vehicleId=0x7665682d3035, requestedHorizonMs=2500, confidence=100, planning.waypoints=1, offloadTaskId=probe-540, offloadPayload=1024 bytes}"
5g-receiver,1783365187820993713,edge4av-real-20260706-multiclient-scalability-weak-signal-run-1,p5g-scale-mqtt-payload-1024-clients-20,scale,guided-planning,mqtt,,veh-05,rsu-1,p5g-scale-mqtt-payload-1024-clients-20-veh-05-541,ipi-session-1,multiclient-scalability-weak-signal-run-1,veh-05,541,20-clients,default,stationary,unsynced,true,true,clients,20,count,IPI-CooperativeService,1098,1783365334118441518,1783365187820935503,1783365187820993713,,,,,,"CooperativeService{guidedPlanning, status=request, vehicleId=0x7665682d3035, requestedHorizonMs=2500, confidence=100, planning.waypoints=1, offloadTaskId=probe-541, offloadPayload=1024 bytes}"
5g-receiver,1783365188131437000,edge4av-real-20260706-multiclient-scalability-weak-signal-run-1,p5g-scale-mqtt-payload-1024-clients-20,scale,guided-planning,mqtt,,veh-05,rsu-1,p5g-scale-mqtt-payload-1024-clients-20-veh-05-542,ipi-session-1,multiclient-scalability-weak-signal-run-1,veh-05,542,20-clients,default,stationary,unsynced,true,true,clients,20,count,IPI-CooperativeService,1098,1783365334480348149,1783365188131382909,1783365188131437000,,,,,,"CooperativeService{guidedPlanning, status=request, vehicleId=0x7665682d3035, requestedHorizonMs=2500, confidence=100, planning.waypoints=1, offloadTaskId=probe-542, offloadPayload=1024 bytes}"
5g-receiver,1783365188482009291,edge4av-real-20260706-multiclient-scalability-weak-signal-run-1,p5g-scale-mqtt-payload-1024-clients-20,scale,guided-planning,mqtt,,veh-05,rsu-1,p5g-scale-mqtt-payload-1024-clients-20-veh-05-543,ipi-session-1,multiclient-scalability-weak-signal-run-1,veh-05,543,20-clients,default,stationary,unsynced,true,true,clients,20,count,IPI-CooperativeService,1098,1783365334788487142,1783365188481949565,1783365188482009291,,,,,,"CooperativeService{guidedPlanning, status=request, vehicleId=0x7665682d3035, requestedHorizonMs=2500, confidence=100, planning.waypoints=1, offloadTaskId=probe-543, offloadPayload=1024 bytes}"
5g-receiver,1783365188702735272,edge4av-real-20260706-multiclient-scalability-weak-signal-run-1,p5g-scale-mqtt-payload-1024-clients-20,scale,guided-planning,mqtt,,veh-05,rsu-1,p5g-scale-mqtt-payload-1024-clients-20-veh-05-544,ipi-session-1,multiclient-scalability-weak-signal-run-1,veh-05,544,20-clients,default,stationary,unsynced,true,true,clients,20,count,IPI-CooperativeService,1098,1783365335138368490,1783365188702663019,1783365188702735272,,,,,,"CooperativeService{guidedPlanning, status=request, vehicleId=0x7665682d3035, requestedHorizonMs=2500, confidence=100, planning.waypoints=1, offloadTaskId=probe-544, offloadPayload=1024 bytes}"
5g-receiver,1783365188933029069,edge4av-real-20260706-multiclient-scalability-weak-signal-run-1,p5g-scale-mqtt-payload-1024-clients-20,scale,guided-planning,mqtt,,veh-05,rsu-1,p5g-scale-mqtt-payload-1024-clients-20-veh-05-545,ipi-session-1,multiclient-scalability-weak-signal-run-1,veh-05,545,20-clients,default,stationary,unsynced,true,true,clients,20,count,IPI-CooperativeService,1098,1783365335358565994,1783365188932972139,1783365188933029069,,,,,,"CooperativeService{guidedPlanning, status=request, vehicleId=0x7665682d3035, requestedHorizonMs=2500, confidence=100, planning.waypoints=1, offloadTaskId=probe-545, offloadPayload=1024 bytes}"
5g-receiver,1783365189173345662,edge4av-real-20260706-multiclient-scalability-weak-signal-run-1,p5g-scale-mqtt-payload-1024-clients-20,scale,guided-planning,mqtt,,veh-05,rsu-1,p5g-scale-mqtt-payload-1024-clients-20-veh-05-546,ipi-session-1,multiclient-scalability-weak-signal-run-1,veh-05,546,20-clients,default,stationary,unsynced,true,true,clients,20,count,IPI-CooperativeService,1098,1783365335590474919,1783365189173288916,1783365189173345662,,,,,,"CooperativeService{guidedPlanning, status=request, vehicleId=0x7665682d3035, requestedHorizonMs=2500, confidence=100, planning.waypoints=1, offloadTaskId=probe-546, offloadPayload=1024 bytes}"
5g-receiver,1783365189634322268,edge4av-real-20260706-multiclient-scalability-weak-signal-run-1,p5g-scale-mqtt-payload-1024-clients-20,scale,guided-planning,mqtt,,veh-05,rsu-1,p5g-scale-mqtt-payload-1024-clients-20-veh-05-547,ipi-session-1,multiclient-scalability-weak-signal-run-1,veh-05,547,20-clients,default,stationary,unsynced,true,true,clients,20,count,IPI-CooperativeService,1098,1783365336054392028,1783365189634249399,1783365189634322268,,,,,,"CooperativeService{guidedPlanning, status=request, vehicleId=0x7665682d3035, requestedHorizonMs=2500, confidence=100, planning.waypoints=1, offloadTaskId=probe-547, offloadPayload=1024 bytes}"
5g-receiver,1783365189884170479,edge4av-real-20260706-multiclient-scalability-weak-signal-run-1,p5g-scale-mqtt-payload-1024-clients-20,scale,guided-planning,mqtt,,veh-05,rsu-1,p5g-scale-mqtt-payload-1024-clients-20-veh-05-548,ipi-session-1,multiclient-scalability-weak-signal-run-1,veh-05,548,20-clients,default,stationary,unsynced,true,true,clients,20,count,IPI-CooperativeService,1098,1783365336292401934,1783365189884125326,1783365189884170479,,,,,,"CooperativeService{guidedPlanning, status=request, vehicleId=0x7665682d3035, requestedHorizonMs=2500, confidence=100, planning.waypoints=1, offloadTaskId=probe-548, offloadPayload=1024 bytes}"
5g-receiver,1783365190124838323,edge4av-real-20260706-multiclient-scalability-weak-signal-run-1,p5g-scale-mqtt-payload-1024-clients-20,scale,guided-planning,mqtt,,veh-05,rsu-1,p5g-scale-mqtt-payload-1024-clients-20-veh-05-549,ipi-session-1,multiclient-scalability-weak-signal-run-1,veh-05,549,20-clients,default,stationary,unsynced,true,true,clients,20,count,IPI-CooperativeService,1098,1783365336540665133,1783365190124779539,1783365190124838323,,,,,,"CooperativeService{guidedPlanning, status=request, vehicleId=0x7665682d3035, requestedHorizonMs=2500, confidence=100, planning.waypoints=1, offloadTaskId=probe-549, offloadPayload=1024 bytes}"
5g-receiver,1783365190385489207,edge4av-real-20260706-multiclient-scalability-weak-signal-run-1,p5g-scale-mqtt-payload-1024-clients-20,scale,guided-planning,mqtt,,veh-05,rsu-1,p5g-scale-mqtt-payload-1024-clients-20-veh-05-550,ipi-session-1,multiclient-scalability-weak-signal-run-1,veh-05,550,20-clients,default,stationary,unsynced,true,true,clients,20,count,IPI-CooperativeService,1098,1783365336780446067,1783365190385429601,1783365190385489207,,,,,,"CooperativeService{guidedPlanning, status=request, vehicleId=0x7665682d3035, requestedHorizonMs=2500, confidence=100, planning.waypoints=1, offloadTaskId=probe-550, offloadPayload=1024 bytes}"
5g-receiver,1783365190636361499,edge4av-real-20260706-multiclient-scalability-weak-signal-run-1,p5g-scale-mqtt-payload-1024-clients-20,scale,guided-planning,mqtt,,veh-05,rsu-1,p5g-scale-mqtt-payload-1024-clients-20-veh-05-551,ipi-session-1,multiclient-scalability-weak-signal-run-1,veh-05,551,20-clients,default,stationary,unsynced,true,true,clients,20,count,IPI-CooperativeService,1098,1783365337042469365,1783365190636312742,1783365190636361499,,,,,,"CooperativeService{guidedPlanning, status=request, vehicleId=0x7665682d3035, requestedHorizonMs=2500, confidence=100, planning.waypoints=1, offloadTaskId=probe-551, offloadPayload=1024 bytes}"
5g-receiver,1783365190906268906,edge4av-real-20260706-multiclient-scalability-weak-signal-run-1,p5g-scale-mqtt-payload-1024-clients-20,scale,guided-planning,mqtt,,veh-05,rsu-1,p5g-scale-mqtt-payload-1024-clients-20-veh-05-552,ipi-session-1,multiclient-scalability-weak-signal-run-1,veh-05,552,20-clients,default,stationary,unsynced,true,true,clients,20,count,IPI-CooperativeService,1098,1783365337296458402,1783365190906209809,1783365190906268906,,,,,,"CooperativeService{guidedPlanning, status=request, vehicleId=0x7665682d3035, requestedHorizonMs=2500, confidence=100, planning.waypoints=1, offloadTaskId=probe-552, offloadPayload=1024 bytes}"
5g-receiver,1783365191156948582,edge4av-real-20260706-multiclient-scalability-weak-signal-run-1,p5g-scale-mqtt-payload-1024-clients-20,scale,guided-planning,mqtt,,veh-05,rsu-1,p5g-scale-mqtt-payload-1024-clients-20-veh-05-553,ipi-session-1,multiclient-scalability-weak-signal-run-1,veh-05,553,20-clients,default,stationary,unsynced,true,true,clients,20,count,IPI-CooperativeService,1098,1783365337562581053,1783365191156904483,1783365191156948582,,,,,,"CooperativeService{guidedPlanning, status=request, vehicleId=0x7665682d3035, requestedHorizonMs=2500, confidence=100, planning.waypoints=1, offloadTaskId=probe-553, offloadPayload=1024 bytes}"
5g-receiver,1783365191407118852,edge4av-real-20260706-multiclient-scalability-weak-signal-run-1,p5g-scale-mqtt-payload-1024-clients-20,scale,guided-planning,mqtt,,veh-05,rsu-1,p5g-scale-mqtt-payload-1024-clients-20-veh-05-554,ipi-session-1,multiclient-scalability-weak-signal-run-1,veh-05,554,20-clients,default,stationary,unsynced,true,true,clients,20,count,IPI-CooperativeService,1098,1783365337812689503,1783365191407059819,1783365191407118852,,,,,,"CooperativeService{guidedPlanning, status=request, vehicleId=0x7665682d3035, requestedHorizonMs=2500, confidence=100, planning.waypoints=1, offloadTaskId=probe-554, offloadPayload=1024 bytes}"
5g-receiver,1783365191637300613,edge4av-real-20260706-multiclient-scalability-weak-signal-run-1,p5g-scale-mqtt-payload-1024-clients-20,scale,guided-planning,mqtt,,veh-05,rsu-1,p5g-scale-mqtt-payload-1024-clients-20-veh-05-555,ipi-session-1,multiclient-scalability-weak-signal-run-1,veh-05,555,20-clients,default,stationary,unsynced,true,true,clients,20,count,IPI-CooperativeService,1098,1783365338066464386,1783365191637247649,1783365191637300613,,,,,,"CooperativeService{guidedPlanning, status=request, vehicleId=0x7665682d3035, requestedHorizonMs=2500, confidence=100, planning.waypoints=1, offloadTaskId=probe-555, offloadPayload=1024 bytes}"
5g-receiver,1783365191887645070,edge4av-real-20260706-multiclient-scalability-weak-signal-run-1,p5g-scale-mqtt-payload-1024-clients-20,scale,guided-planning,mqtt,,veh-05,rsu-1,p5g-scale-mqtt-payload-1024-clients-20-veh-05-556,ipi-session-1,multiclient-scalability-weak-signal-run-1,veh-05,556,20-clients,default,stationary,unsynced,true,true,clients,20,count,IPI-CooperativeService,1098,1783365338292495675,1783365191887600654,1783365191887645070,,,,,,"CooperativeService{guidedPlanning, status=request, vehicleId=0x7665682d3035, requestedHorizonMs=2500, confidence=100, planning.waypoints=1, offloadTaskId=probe-556, offloadPayload=1024 bytes}"
5g-receiver,1783365192137963043,edge4av-real-20260706-multiclient-scalability-weak-signal-run-1,p5g-scale-mqtt-payload-1024-clients-20,scale,guided-planning,mqtt,,veh-05,rsu-1,p5g-scale-mqtt-payload-1024-clients-20-veh-05-557,ipi-session-1,multiclient-scalability-weak-signal-run-1,veh-05,557,20-clients,default,stationary,unsynced,true,true,clients,20,count,IPI-CooperativeService,1098,1783365338549933957,1783365192137904605,1783365192137963043,,,,,,"CooperativeService{guidedPlanning, status=request, vehicleId=0x7665682d3035, requestedHorizonMs=2500, confidence=100, planning.waypoints=1, offloadTaskId=probe-557, offloadPayload=1024 bytes}"
5g-receiver,1783365192388748962,edge4av-real-20260706-multiclient-scalability-weak-signal-run-1,p5g-scale-mqtt-payload-1024-clients-20,scale,guided-planning,mqtt,,veh-05,rsu-1,p5g-scale-mqtt-payload-1024-clients-20-veh-05-558,ipi-session-1,multiclient-scalability-weak-signal-run-1,veh-05,558,20-clients,default,stationary,unsynced,true,true,clients,20,count,IPI-CooperativeService,1098,1783365338796414549,1783365192388689260,1783365192388748962,,,,,,"CooperativeService{guidedPlanning, status=request, vehicleId=0x7665682d3035, requestedHorizonMs=2500, confidence=100, planning.waypoints=1, offloadTaskId=probe-558, offloadPayload=1024 bytes}"
5g-receiver,1783365192628839155,edge4av-real-20260706-multiclient-scalability-weak-signal-run-1,p5g-scale-mqtt-payload-1024-clients-20,scale,guided-planning,mqtt,,veh-05,rsu-1,p5g-scale-mqtt-payload-1024-clients-20-veh-05-559,ipi-session-1,multiclient-scalability-weak-signal-run-1,veh-05,559,20-clients,default,stationary,unsynced,true,true,clients,20,count,IPI-CooperativeService,1098,1783365339054488559,1783365192628778524,1783365192628839155,,,,,,"CooperativeService{guidedPlanning, status=request, vehicleId=0x7665682d3035, requestedHorizonMs=2500, confidence=100, planning.waypoints=1, offloadTaskId=probe-559, offloadPayload=1024 bytes}"
5g-receiver,1783365192869920614,edge4av-real-20260706-multiclient-scalability-weak-signal-run-1,p5g-scale-mqtt-payload-1024-clients-20,scale,guided-planning,mqtt,,veh-05,rsu-1,p5g-scale-mqtt-payload-1024-clients-20-veh-05-560,ipi-session-1,multiclient-scalability-weak-signal-run-1,veh-05,560,20-clients,default,stationary,unsynced,true,true,clients,20,count,IPI-CooperativeService,1098,1783365339291367539,1783365192869870889,1783365192869920614,,,,,,"CooperativeService{guidedPlanning, status=request, vehicleId=0x7665682d3035, requestedHorizonMs=2500, confidence=100, planning.waypoints=1, offloadTaskId=probe-560, offloadPayload=1024 bytes}"
5g-receiver,1783365193110084986,edge4av-real-20260706-multiclient-scalability-weak-signal-run-1,p5g-scale-mqtt-payload-1024-clients-20,scale,guided-planning,mqtt,,veh-05,rsu-1,p5g-scale-mqtt-payload-1024-clients-20-veh-05-561,ipi-session-1,multiclient-scalability-weak-signal-run-1,veh-05,561,20-clients,default,stationary,unsynced,true,true,clients,20,count,IPI-CooperativeService,1098,1783365339532476699,1783365193110040213,1783365193110084986,,,,,,"CooperativeService{guidedPlanning, status=request, vehicleId=0x7665682d3035, requestedHorizonMs=2500, confidence=100, planning.waypoints=1, offloadTaskId=probe-561, offloadPayload=1024 bytes}"
5g-receiver,1783365193360082736,edge4av-real-20260706-multiclient-scalability-weak-signal-run-1,p5g-scale-mqtt-payload-1024-clients-20,scale,guided-planning,mqtt,,veh-05,rsu-1,p5g-scale-mqtt-payload-1024-clients-20-veh-05-562,ipi-session-1,multiclient-scalability-weak-signal-run-1,veh-05,562,20-clients,default,stationary,unsynced,true,true,clients,20,count,IPI-CooperativeService,1098,1783365339766497192,1783365193360023960,1783365193360082736,,,,,,"CooperativeService{guidedPlanning, status=request, vehicleId=0x7665682d3035, requestedHorizonMs=2500, confidence=100, planning.waypoints=1, offloadTaskId=probe-562, offloadPayload=1024 bytes}"
5g-receiver,1783365193600308490,edge4av-real-20260706-multiclient-scalability-weak-signal-run-1,p5g-scale-mqtt-payload-1024-clients-20,scale,guided-planning,mqtt,,veh-05,rsu-1,p5g-scale-mqtt-payload-1024-clients-20-veh-05-563,ipi-session-1,multiclient-scalability-weak-signal-run-1,veh-05,563,20-clients,default,stationary,unsynced,true,true,clients,20,count,IPI-CooperativeService,1098,1783365340016407229,1783365193600254587,1783365193600308490,,,,,,"CooperativeService{guidedPlanning, status=request, vehicleId=0x7665682d3035, requestedHorizonMs=2500, confidence=100, planning.waypoints=1, offloadTaskId=probe-563, offloadPayload=1024 bytes}"
5g-receiver,1783365193830828030,edge4av-real-20260706-multiclient-scalability-weak-signal-run-1,p5g-scale-mqtt-payload-1024-clients-20,scale,guided-planning,mqtt,,veh-05,rsu-1,p5g-scale-mqtt-payload-1024-clients-20-veh-05-564,ipi-session-1,multiclient-scalability-weak-signal-run-1,veh-05,564,20-clients,default,stationary,unsynced,true,true,clients,20,count,IPI-CooperativeService,1098,1783365340256425716,1783365193830769922,1783365193830828030,,,,,,"CooperativeService{guidedPlanning, status=request, vehicleId=0x7665682d3035, requestedHorizonMs=2500, confidence=100, planning.waypoints=1, offloadTaskId=probe-564, offloadPayload=1024 bytes}"
5g-receiver,1783365194071137000,edge4av-real-20260706-multiclient-scalability-weak-signal-run-1,p5g-scale-mqtt-payload-1024-clients-20,scale,guided-planning,mqtt,,veh-05,rsu-1,p5g-scale-mqtt-payload-1024-clients-20-veh-05-565,ipi-session-1,multiclient-scalability-weak-signal-run-1,veh-05,565,20-clients,default,stationary,unsynced,true,true,clients,20,count,IPI-CooperativeService,1098,1783365340494734725,1783365194071085047,1783365194071137000,,,,,,"CooperativeService{guidedPlanning, status=request, vehicleId=0x7665682d3035, requestedHorizonMs=2500, confidence=100, planning.waypoints=1, offloadTaskId=probe-565, offloadPayload=1024 bytes}"
5g-receiver,1783365194312059091,edge4av-real-20260706-multiclient-scalability-weak-signal-run-1,p5g-scale-mqtt-payload-1024-clients-20,scale,guided-planning,mqtt,,veh-05,rsu-1,p5g-scale-mqtt-payload-1024-clients-20-veh-05-566,ipi-session-1,multiclient-scalability-weak-signal-run-1,veh-05,566,20-clients,default,stationary,unsynced,true,true,clients,20,count,IPI-CooperativeService,1098,1783365340726414716,1783365194312013475,1783365194312059091,,,,,,"CooperativeService{guidedPlanning, status=request, vehicleId=0x7665682d3035, requestedHorizonMs=2500, confidence=100, planning.waypoints=1, offloadTaskId=probe-566, offloadPayload=1024 bytes}"
5g-receiver,1783365194552290109,edge4av-real-20260706-multiclient-scalability-weak-signal-run-1,p5g-scale-mqtt-payload-1024-clients-20,scale,guided-planning,mqtt,,veh-05,rsu-1,p5g-scale-mqtt-payload-1024-clients-20-veh-05-567,ipi-session-1,multiclient-scalability-weak-signal-run-1,veh-05,567,20-clients,default,stationary,unsynced,true,true,clients,20,count,IPI-CooperativeService,1098,1783365340968595972,1783365194552240151,1783365194552290109,,,,,,"CooperativeService{guidedPlanning, status=request, vehicleId=0x7665682d3035, requestedHorizonMs=2500, confidence=100, planning.waypoints=1, offloadTaskId=probe-567, offloadPayload=1024 bytes}"
5g-receiver,1783365194792879702,edge4av-real-20260706-multiclient-scalability-weak-signal-run-1,p5g-scale-mqtt-payload-1024-clients-20,scale,guided-planning,mqtt,,veh-05,rsu-1,p5g-scale-mqtt-payload-1024-clients-20-veh-05-568,ipi-session-1,multiclient-scalability-weak-signal-run-1,veh-05,568,20-clients,default,stationary,unsynced,true,true,clients,20,count,IPI-CooperativeService,1098,1783365341208547184,1783365194792833745,1783365194792879702,,,,,,"CooperativeService{guidedPlanning, status=request, vehicleId=0x7665682d3035, requestedHorizonMs=2500, confidence=100, planning.waypoints=1, offloadTaskId=probe-568, offloadPayload=1024 bytes}"
5g-receiver,1783365195072508371,edge4av-real-20260706-multiclient-scalability-weak-signal-run-1,p5g-scale-mqtt-payload-1024-clients-20,scale,guided-planning,mqtt,,veh-05,rsu-1,p5g-scale-mqtt-payload-1024-clients-20-veh-05-569,ipi-session-1,multiclient-scalability-weak-signal-run-1,veh-05,569,20-clients,default,stationary,unsynced,true,true,clients,20,count,IPI-CooperativeService,1098,1783365341460568955,1783365195072455651,1783365195072508371,,,,,,"CooperativeService{guidedPlanning, status=request, vehicleId=0x7665682d3035, requestedHorizonMs=2500, confidence=100, planning.waypoints=1, offloadTaskId=probe-569, offloadPayload=1024 bytes}"
5g-receiver,1783365195312491707,edge4av-real-20260706-multiclient-scalability-weak-signal-run-1,p5g-scale-mqtt-payload-1024-clients-20,scale,guided-planning,mqtt,,veh-05,rsu-1,p5g-scale-mqtt-payload-1024-clients-20-veh-05-570,ipi-session-1,multiclient-scalability-weak-signal-run-1,veh-05,570,20-clients,default,stationary,unsynced,true,true,clients,20,count,IPI-CooperativeService,1098,1783365341728645242,1783365195312476195,1783365195312491707,,,,,,"CooperativeService{guidedPlanning, status=request, vehicleId=0x7665682d3035, requestedHorizonMs=2500, confidence=100, planning.waypoints=1, offloadTaskId=probe-570, offloadPayload=1024 bytes}"
5g-receiver,1783365195663879360,edge4av-real-20260706-multiclient-scalability-weak-signal-run-1,p5g-scale-mqtt-payload-1024-clients-20,scale,guided-planning,mqtt,,veh-05,rsu-1,p5g-scale-mqtt-payload-1024-clients-20-veh-05-571,ipi-session-1,multiclient-scalability-weak-signal-run-1,veh-05,571,20-clients,default,stationary,unsynced,true,true,clients,20,count,IPI-CooperativeService,1098,1783365342049768809,1783365195663832142,1783365195663879360,,,,,,"CooperativeService{guidedPlanning, status=request, vehicleId=0x7665682d3035, requestedHorizonMs=2500, confidence=100, planning.waypoints=1, offloadTaskId=probe-571, offloadPayload=1024 bytes}"
5g-receiver,1783365195914026806,edge4av-real-20260706-multiclient-scalability-weak-signal-run-1,p5g-scale-mqtt-payload-1024-clients-20,scale,guided-planning,mqtt,,veh-05,rsu-1,p5g-scale-mqtt-payload-1024-clients-20-veh-05-572,ipi-session-1,multiclient-scalability-weak-signal-run-1,veh-05,572,20-clients,default,stationary,unsynced,true,true,clients,20,count,IPI-CooperativeService,1098,1783365342324395639,1783365195913972150,1783365195914026806,,,,,,"CooperativeService{guidedPlanning, status=request, vehicleId=0x7665682d3035, requestedHorizonMs=2500, confidence=100, planning.waypoints=1, offloadTaskId=probe-572, offloadPayload=1024 bytes}"
5g-receiver,1783365196164428569,edge4av-real-20260706-multiclient-scalability-weak-signal-run-1,p5g-scale-mqtt-payload-1024-clients-20,scale,guided-planning,mqtt,,veh-05,rsu-1,p5g-scale-mqtt-payload-1024-clients-20-veh-05-573,ipi-session-1,multiclient-scalability-weak-signal-run-1,veh-05,573,20-clients,default,stationary,unsynced,true,true,clients,20,count,IPI-CooperativeService,1098,1783365342568416553,1783365196164358392,1783365196164428569,,,,,,"CooperativeService{guidedPlanning, status=request, vehicleId=0x7665682d3035, requestedHorizonMs=2500, confidence=100, planning.waypoints=1, offloadTaskId=probe-573, offloadPayload=1024 bytes}"
5g-receiver,1783365196414800841,edge4av-real-20260706-multiclient-scalability-weak-signal-run-1,p5g-scale-mqtt-payload-1024-clients-20,scale,guided-planning,mqtt,,veh-05,rsu-1,p5g-scale-mqtt-payload-1024-clients-20-veh-05-574,ipi-session-1,multiclient-scalability-weak-signal-run-1,veh-05,574,20-clients,default,stationary,unsynced,true,true,clients,20,count,IPI-CooperativeService,1098,1783365342822391967,1783365196414741986,1783365196414800841,,,,,,"CooperativeService{guidedPlanning, status=request, vehicleId=0x7665682d3035, requestedHorizonMs=2500, confidence=100, planning.waypoints=1, offloadTaskId=probe-574, offloadPayload=1024 bytes}"
5g-receiver,1783365196655276719,edge4av-real-20260706-multiclient-scalability-weak-signal-run-1,p5g-scale-mqtt-payload-1024-clients-20,scale,guided-planning,mqtt,,veh-05,rsu-1,p5g-scale-mqtt-payload-1024-clients-20-veh-05-575,ipi-session-1,multiclient-scalability-weak-signal-run-1,veh-05,575,20-clients,default,stationary,unsynced,true,true,clients,20,count,IPI-CooperativeService,1098,1783365343070449490,1783365196655171956,1783365196655276719,,,,,,"CooperativeService{guidedPlanning, status=request, vehicleId=0x7665682d3035, requestedHorizonMs=2500, confidence=100, planning.waypoints=1, offloadTaskId=probe-575, offloadPayload=1024 bytes}"
5g-receiver,1783365196895712279,edge4av-real-20260706-multiclient-scalability-weak-signal-run-1,p5g-scale-mqtt-payload-1024-clients-20,scale,guided-planning,mqtt,,veh-05,rsu-1,p5g-scale-mqtt-payload-1024-clients-20-veh-05-576,ipi-session-1,multiclient-scalability-weak-signal-run-1,veh-05,576,20-clients,default,stationary,unsynced,true,true,clients,20,count,IPI-CooperativeService,1098,1783365343308531678,1783365196895657095,1783365196895712279,,,,,,"CooperativeService{guidedPlanning, status=request, vehicleId=0x7665682d3035, requestedHorizonMs=2500, confidence=100, planning.waypoints=1, offloadTaskId=probe-576, offloadPayload=1024 bytes}"
5g-receiver,1783365197136189738,edge4av-real-20260706-multiclient-scalability-weak-signal-run-1,p5g-scale-mqtt-payload-1024-clients-20,scale,guided-planning,mqtt,,veh-05,rsu-1,p5g-scale-mqtt-payload-1024-clients-20-veh-05-577,ipi-session-1,multiclient-scalability-weak-signal-run-1,veh-05,577,20-clients,default,stationary,unsynced,true,true,clients,20,count,IPI-CooperativeService,1098,1783365343556412734,1783365197136130143,1783365197136189738,,,,,,"CooperativeService{guidedPlanning, status=request, vehicleId=0x7665682d3035, requestedHorizonMs=2500, confidence=100, planning.waypoints=1, offloadTaskId=probe-577, offloadPayload=1024 bytes}"
5g-receiver,1783365197366390036,edge4av-real-20260706-multiclient-scalability-weak-signal-run-1,p5g-scale-mqtt-payload-1024-clients-20,scale,guided-planning,mqtt,,veh-05,rsu-1,p5g-scale-mqtt-payload-1024-clients-20-veh-05-578,ipi-session-1,multiclient-scalability-weak-signal-run-1,veh-05,578,20-clients,default,stationary,unsynced,true,true,clients,20,count,IPI-CooperativeService,1098,1783365343792536303,1783365197366331027,1783365197366390036,,,,,,"CooperativeService{guidedPlanning, status=request, vehicleId=0x7665682d3035, requestedHorizonMs=2500, confidence=100, planning.waypoints=1, offloadTaskId=probe-578, offloadPayload=1024 bytes}"
5g-receiver,1783365197606964894,edge4av-real-20260706-multiclient-scalability-weak-signal-run-1,p5g-scale-mqtt-payload-1024-clients-20,scale,guided-planning,mqtt,,veh-05,rsu-1,p5g-scale-mqtt-payload-1024-clients-20-veh-05-579,ipi-session-1,multiclient-scalability-weak-signal-run-1,veh-05,579,20-clients,default,stationary,unsynced,true,true,clients,20,count,IPI-CooperativeService,1098,1783365344032476363,1783365197606912686,1783365197606964894,,,,,,"CooperativeService{guidedPlanning, status=request, vehicleId=0x7665682d3035, requestedHorizonMs=2500, confidence=100, planning.waypoints=1, offloadTaskId=probe-579, offloadPayload=1024 bytes}"
5g-receiver,1783365197837342003,edge4av-real-20260706-multiclient-scalability-weak-signal-run-1,p5g-scale-mqtt-payload-1024-clients-20,scale,guided-planning,mqtt,,veh-05,rsu-1,p5g-scale-mqtt-payload-1024-clients-20-veh-05-580,ipi-session-1,multiclient-scalability-weak-signal-run-1,veh-05,580,20-clients,default,stationary,unsynced,true,true,clients,20,count,IPI-CooperativeService,1098,1783365344266489013,1783365197837283671,1783365197837342003,,,,,,"CooperativeService{guidedPlanning, status=request, vehicleId=0x7665682d3035, requestedHorizonMs=2500, confidence=100, planning.waypoints=1, offloadTaskId=probe-580, offloadPayload=1024 bytes}"
5g-receiver,1783365198087784146,edge4av-real-20260706-multiclient-scalability-weak-signal-run-1,p5g-scale-mqtt-payload-1024-clients-20,scale,guided-planning,mqtt,,veh-05,rsu-1,p5g-scale-mqtt-payload-1024-clients-20-veh-05-581,ipi-session-1,multiclient-scalability-weak-signal-run-1,veh-05,581,20-clients,default,stationary,unsynced,true,true,clients,20,count,IPI-CooperativeService,1098,1783365344498398350,1783365198087722703,1783365198087784146,,,,,,"CooperativeService{guidedPlanning, status=request, vehicleId=0x7665682d3035, requestedHorizonMs=2500, confidence=100, planning.waypoints=1, offloadTaskId=probe-581, offloadPayload=1024 bytes}"
5g-receiver,1783365198428335943,edge4av-real-20260706-multiclient-scalability-weak-signal-run-1,p5g-scale-mqtt-payload-1024-clients-20,scale,guided-planning,mqtt,,veh-05,rsu-1,p5g-scale-mqtt-payload-1024-clients-20-veh-05-582,ipi-session-1,multiclient-scalability-weak-signal-run-1,veh-05,582,20-clients,default,stationary,unsynced,true,true,clients,20,count,IPI-CooperativeService,1098,1783365344746476024,1783365198428277628,1783365198428335943,,,,,,"CooperativeService{guidedPlanning, status=request, vehicleId=0x7665682d3035, requestedHorizonMs=2500, confidence=100, planning.waypoints=1, offloadTaskId=probe-582, offloadPayload=1024 bytes}"
5g-receiver,1783365198768856243,edge4av-real-20260706-multiclient-scalability-weak-signal-run-1,p5g-scale-mqtt-payload-1024-clients-20,scale,guided-planning,mqtt,,veh-05,rsu-1,p5g-scale-mqtt-payload-1024-clients-20-veh-05-583,ipi-session-1,multiclient-scalability-weak-signal-run-1,veh-05,583,20-clients,default,stationary,unsynced,true,true,clients,20,count,IPI-CooperativeService,1098,1783365345086444151,1783365198768797098,1783365198768856243,,,,,,"CooperativeService{guidedPlanning, status=request, vehicleId=0x7665682d3035, requestedHorizonMs=2500, confidence=100, planning.waypoints=1, offloadTaskId=probe-583, offloadPayload=1024 bytes}"
5g-receiver,1783365199009493248,edge4av-real-20260706-multiclient-scalability-weak-signal-run-1,p5g-scale-mqtt-payload-1024-clients-20,scale,guided-planning,mqtt,,veh-05,rsu-1,p5g-scale-mqtt-payload-1024-clients-20-veh-05-584,ipi-session-1,multiclient-scalability-weak-signal-run-1,veh-05,584,20-clients,default,stationary,unsynced,true,true,clients,20,count,IPI-CooperativeService,1098,1783365345428445544,1783365199009435288,1783365199009493248,,,,,,"CooperativeService{guidedPlanning, status=request, vehicleId=0x7665682d3035, requestedHorizonMs=2500, confidence=100, planning.waypoints=1, offloadTaskId=probe-584, offloadPayload=1024 bytes}"
5g-receiver,1783365199250162651,edge4av-real-20260706-multiclient-scalability-weak-signal-run-1,p5g-scale-mqtt-payload-1024-clients-20,scale,guided-planning,mqtt,,veh-05,rsu-1,p5g-scale-mqtt-payload-1024-clients-20-veh-05-585,ipi-session-1,multiclient-scalability-weak-signal-run-1,veh-05,585,20-clients,default,stationary,unsynced,true,true,clients,20,count,IPI-CooperativeService,1098,1783365345668628652,1783365199250077818,1783365199250162651,,,,,,"CooperativeService{guidedPlanning, status=request, vehicleId=0x7665682d3035, requestedHorizonMs=2500, confidence=100, planning.waypoints=1, offloadTaskId=probe-585, offloadPayload=1024 bytes}"
5g-receiver,1783365199490592753,edge4av-real-20260706-multiclient-scalability-weak-signal-run-1,p5g-scale-mqtt-payload-1024-clients-20,scale,guided-planning,mqtt,,veh-05,rsu-1,p5g-scale-mqtt-payload-1024-clients-20-veh-05-586,ipi-session-1,multiclient-scalability-weak-signal-run-1,veh-05,586,20-clients,default,stationary,unsynced,true,true,clients,20,count,IPI-CooperativeService,1098,1783365345908635530,1783365199490539604,1783365199490592753,,,,,,"CooperativeService{guidedPlanning, status=request, vehicleId=0x7665682d3035, requestedHorizonMs=2500, confidence=100, planning.waypoints=1, offloadTaskId=probe-586, offloadPayload=1024 bytes}"
5g-receiver,1783365199730786862,edge4av-real-20260706-multiclient-scalability-weak-signal-run-1,p5g-scale-mqtt-payload-1024-clients-20,scale,guided-planning,mqtt,,veh-05,rsu-1,p5g-scale-mqtt-payload-1024-clients-20-veh-05-587,ipi-session-1,multiclient-scalability-weak-signal-run-1,veh-05,587,20-clients,default,stationary,unsynced,true,true,clients,20,count,IPI-CooperativeService,1098,1783365346146522744,1783365199730739671,1783365199730786862,,,,,,"CooperativeService{guidedPlanning, status=request, vehicleId=0x7665682d3035, requestedHorizonMs=2500, confidence=100, planning.waypoints=1, offloadTaskId=probe-587, offloadPayload=1024 bytes}"
5g-receiver,1783365199971168263,edge4av-real-20260706-multiclient-scalability-weak-signal-run-1,p5g-scale-mqtt-payload-1024-clients-20,scale,guided-planning,mqtt,,veh-05,rsu-1,p5g-scale-mqtt-payload-1024-clients-20-veh-05-588,ipi-session-1,multiclient-scalability-weak-signal-run-1,veh-05,588,20-clients,default,stationary,unsynced,true,true,clients,20,count,IPI-CooperativeService,1098,1783365346392402349,1783365199971107871,1783365199971168263,,,,,,"CooperativeService{guidedPlanning, status=request, vehicleId=0x7665682d3035, requestedHorizonMs=2500, confidence=100, planning.waypoints=1, offloadTaskId=probe-588, offloadPayload=1024 bytes}"
5g-receiver,1783365200202016275,edge4av-real-20260706-multiclient-scalability-weak-signal-run-1,p5g-scale-mqtt-payload-1024-clients-20,scale,guided-planning,mqtt,,veh-05,rsu-1,p5g-scale-mqtt-payload-1024-clients-20-veh-05-589,ipi-session-1,multiclient-scalability-weak-signal-run-1,veh-05,589,20-clients,default,stationary,unsynced,true,true,clients,20,count,IPI-CooperativeService,1098,1783365346626451321,1783365200201963759,1783365200202016275,,,,,,"CooperativeService{guidedPlanning, status=request, vehicleId=0x7665682d3035, requestedHorizonMs=2500, confidence=100, planning.waypoints=1, offloadTaskId=probe-589, offloadPayload=1024 bytes}"
5g-receiver,1783365200452043045,edge4av-real-20260706-multiclient-scalability-weak-signal-run-1,p5g-scale-mqtt-payload-1024-clients-20,scale,guided-planning,mqtt,,veh-05,rsu-1,p5g-scale-mqtt-payload-1024-clients-20-veh-05-590,ipi-session-1,multiclient-scalability-weak-signal-run-1,veh-05,590,20-clients,default,stationary,unsynced,true,true,clients,20,count,IPI-CooperativeService,1098,1783365346868402800,1783365200451981141,1783365200452043045,,,,,,"CooperativeService{guidedPlanning, status=request, vehicleId=0x7665682d3035, requestedHorizonMs=2500, confidence=100, planning.waypoints=1, offloadTaskId=probe-590, offloadPayload=1024 bytes}"
5g-receiver,1783365200732428491,edge4av-real-20260706-multiclient-scalability-weak-signal-run-1,p5g-scale-mqtt-payload-1024-clients-20,scale,guided-planning,mqtt,,veh-05,rsu-1,p5g-scale-mqtt-payload-1024-clients-20-veh-05-591,ipi-session-1,multiclient-scalability-weak-signal-run-1,veh-05,591,20-clients,default,stationary,unsynced,true,true,clients,20,count,IPI-CooperativeService,1098,1783365347122567799,1783365200732369708,1783365200732428491,,,,,,"CooperativeService{guidedPlanning, status=request, vehicleId=0x7665682d3035, requestedHorizonMs=2500, confidence=100, planning.waypoints=1, offloadTaskId=probe-591, offloadPayload=1024 bytes}"
5g-receiver,1783365201103111710,edge4av-real-20260706-multiclient-scalability-weak-signal-run-1,p5g-scale-mqtt-payload-1024-clients-20,scale,guided-planning,mqtt,,veh-05,rsu-1,p5g-scale-mqtt-payload-1024-clients-20-veh-05-592,ipi-session-1,multiclient-scalability-weak-signal-run-1,veh-05,592,20-clients,default,stationary,unsynced,true,true,clients,20,count,IPI-CooperativeService,1098,1783365347392434392,1783365201103053584,1783365201103111710,,,,,,"CooperativeService{guidedPlanning, status=request, vehicleId=0x7665682d3035, requestedHorizonMs=2500, confidence=100, planning.waypoints=1, offloadTaskId=probe-592, offloadPayload=1024 bytes}"
5g-receiver,1783365201744108567,edge4av-real-20260706-multiclient-scalability-weak-signal-run-1,p5g-scale-mqtt-payload-1024-clients-20,scale,guided-planning,mqtt,,veh-05,rsu-1,p5g-scale-mqtt-payload-1024-clients-20-veh-05-593,ipi-session-1,multiclient-scalability-weak-signal-run-1,veh-05,593,20-clients,default,stationary,unsynced,true,true,clients,20,count,IPI-CooperativeService,1098,1783365347758409536,1783365201744049797,1783365201744108567,,,,,,"CooperativeService{guidedPlanning, status=request, vehicleId=0x7665682d3035, requestedHorizonMs=2500, confidence=100, planning.waypoints=1, offloadTaskId=probe-593, offloadPayload=1024 bytes}"
5g-receiver,1783365202054968226,edge4av-real-20260706-multiclient-scalability-weak-signal-run-1,p5g-scale-mqtt-payload-1024-clients-20,scale,guided-planning,mqtt,,veh-05,rsu-1,p5g-scale-mqtt-payload-1024-clients-20-veh-05-594,ipi-session-1,multiclient-scalability-weak-signal-run-1,veh-05,594,20-clients,default,stationary,unsynced,true,true,clients,20,count,IPI-CooperativeService,1098,1783365348400375242,1783365202054909348,1783365202054968226,,,,,,"CooperativeService{guidedPlanning, status=request, vehicleId=0x7665682d3035, requestedHorizonMs=2500, confidence=100, planning.waypoints=1, offloadTaskId=probe-594, offloadPayload=1024 bytes}"
5g-receiver,1783365202335399190,edge4av-real-20260706-multiclient-scalability-weak-signal-run-1,p5g-scale-mqtt-payload-1024-clients-20,scale,guided-planning,mqtt,,veh-05,rsu-1,p5g-scale-mqtt-payload-1024-clients-20-veh-05-595,ipi-session-1,multiclient-scalability-weak-signal-run-1,veh-05,595,20-clients,default,stationary,unsynced,true,true,clients,20,count,IPI-CooperativeService,1098,1783365348712486802,1783365202335339191,1783365202335399190,,,,,,"CooperativeService{guidedPlanning, status=request, vehicleId=0x7665682d3035, requestedHorizonMs=2500, confidence=100, planning.waypoints=1, offloadTaskId=probe-595, offloadPayload=1024 bytes}"
5g-receiver,1783365202626072367,edge4av-real-20260706-multiclient-scalability-weak-signal-run-1,p5g-scale-mqtt-payload-1024-clients-20,scale,guided-planning,mqtt,,veh-05,rsu-1,p5g-scale-mqtt-payload-1024-clients-20-veh-05-596,ipi-session-1,multiclient-scalability-weak-signal-run-1,veh-05,596,20-clients,default,stationary,unsynced,true,true,clients,20,count,IPI-CooperativeService,1098,1783365348992340646,1783365202626014763,1783365202626072367,,,,,,"CooperativeService{guidedPlanning, status=request, vehicleId=0x7665682d3035, requestedHorizonMs=2500, confidence=100, planning.waypoints=1, offloadTaskId=probe-596, offloadPayload=1024 bytes}"
5g-receiver,1783365202986528231,edge4av-real-20260706-multiclient-scalability-weak-signal-run-1,p5g-scale-mqtt-payload-1024-clients-20,scale,guided-planning,mqtt,,veh-05,rsu-1,p5g-scale-mqtt-payload-1024-clients-20-veh-05-597,ipi-session-1,multiclient-scalability-weak-signal-run-1,veh-05,597,20-clients,default,stationary,unsynced,true,true,clients,20,count,IPI-CooperativeService,1098,1783365349282381962,1783365202986434699,1783365202986528231,,,,,,"CooperativeService{guidedPlanning, status=request, vehicleId=0x7665682d3035, requestedHorizonMs=2500, confidence=100, planning.waypoints=1, offloadTaskId=probe-597, offloadPayload=1024 bytes}"
5g-receiver,1783365203327117990,edge4av-real-20260706-multiclient-scalability-weak-signal-run-1,p5g-scale-mqtt-payload-1024-clients-20,scale,guided-planning,mqtt,,veh-05,rsu-1,p5g-scale-mqtt-payload-1024-clients-20-veh-05-598,ipi-session-1,multiclient-scalability-weak-signal-run-1,veh-05,598,20-clients,default,stationary,unsynced,true,true,clients,20,count,IPI-CooperativeService,1098,1783365349648417539,1783365203327058493,1783365203327117990,,,,,,"CooperativeService{guidedPlanning, status=request, vehicleId=0x7665682d3035, requestedHorizonMs=2500, confidence=100, planning.waypoints=1, offloadTaskId=probe-598, offloadPayload=1024 bytes}"
5g-receiver,1783365203667851858,edge4av-real-20260706-multiclient-scalability-weak-signal-run-1,p5g-scale-mqtt-payload-1024-clients-20,scale,guided-planning,mqtt,,veh-05,rsu-1,p5g-scale-mqtt-payload-1024-clients-20-veh-05-599,ipi-session-1,multiclient-scalability-weak-signal-run-1,veh-05,599,20-clients,default,stationary,unsynced,true,true,clients,20,count,IPI-CooperativeService,1098,1783365349984435701,1783365203667791989,1783365203667851858,,,,,,"CooperativeService{guidedPlanning, status=request, vehicleId=0x7665682d3035, requestedHorizonMs=2500, confidence=100, planning.waypoints=1, offloadTaskId=probe-599, offloadPayload=1024 bytes}"
5g-receiver,1783365204038406976,edge4av-real-20260706-multiclient-scalability-weak-signal-run-1,p5g-scale-mqtt-payload-1024-clients-20,scale,guided-planning,mqtt,,veh-05,rsu-1,p5g-scale-mqtt-payload-1024-clients-20-veh-05-600,ipi-session-1,multiclient-scalability-weak-signal-run-1,veh-05,600,20-clients,default,stationary,unsynced,true,true,clients,20,count,IPI-CooperativeService,1098,1783365350324417063,1783365204038347751,1783365204038406976,,,,,,"CooperativeService{guidedPlanning, status=request, vehicleId=0x7665682d3035, requestedHorizonMs=2500, confidence=100, planning.waypoints=1, offloadTaskId=probe-600, offloadPayload=1024 bytes}"
5g-receiver,1783365204369145124,edge4av-real-20260706-multiclient-scalability-weak-signal-run-1,p5g-scale-mqtt-payload-1024-clients-20,scale,guided-planning,mqtt,,veh-05,rsu-1,p5g-scale-mqtt-payload-1024-clients-20-veh-05-601,ipi-session-1,multiclient-scalability-weak-signal-run-1,veh-05,601,20-clients,default,stationary,unsynced,true,true,clients,20,count,IPI-CooperativeService,1098,1783365350704483692,1783365204369086900,1783365204369145124,,,,,,"CooperativeService{guidedPlanning, status=request, vehicleId=0x7665682d3035, requestedHorizonMs=2500, confidence=100, planning.waypoints=1, offloadTaskId=probe-601, offloadPayload=1024 bytes}"
5g-receiver,1783365204670682656,edge4av-real-20260706-multiclient-scalability-weak-signal-run-1,p5g-scale-mqtt-payload-1024-clients-20,scale,guided-planning,mqtt,,veh-05,rsu-1,p5g-scale-mqtt-payload-1024-clients-20-veh-05-602,ipi-session-1,multiclient-scalability-weak-signal-run-1,veh-05,602,20-clients,default,stationary,unsynced,true,true,clients,20,count,IPI-CooperativeService,1098,1783365351028428400,1783365204670619192,1783365204670682656,,,,,,"CooperativeService{guidedPlanning, status=request, vehicleId=0x7665682d3035, requestedHorizonMs=2500, confidence=100, planning.waypoints=1, offloadTaskId=probe-602, offloadPayload=1024 bytes}"
5g-receiver,1783365205030544954,edge4av-real-20260706-multiclient-scalability-weak-signal-run-1,p5g-scale-mqtt-payload-1024-clients-20,scale,guided-planning,mqtt,,veh-05,rsu-1,p5g-scale-mqtt-payload-1024-clients-20-veh-05-603,ipi-session-1,multiclient-scalability-weak-signal-run-1,veh-05,603,20-clients,default,stationary,unsynced,true,true,clients,20,count,IPI-CooperativeService,1098,1783365351328438946,1783365205030484701,1783365205030544954,,,,,,"CooperativeService{guidedPlanning, status=request, vehicleId=0x7665682d3035, requestedHorizonMs=2500, confidence=100, planning.waypoints=1, offloadTaskId=probe-603, offloadPayload=1024 bytes}"
5g-receiver,1783365205381292667,edge4av-real-20260706-multiclient-scalability-weak-signal-run-1,p5g-scale-mqtt-payload-1024-clients-20,scale,guided-planning,mqtt,,veh-05,rsu-1,p5g-scale-mqtt-payload-1024-clients-20-veh-05-604,ipi-session-1,multiclient-scalability-weak-signal-run-1,veh-05,604,20-clients,default,stationary,unsynced,true,true,clients,20,count,IPI-CooperativeService,1098,1783365351687391473,1783365205381232425,1783365205381292667,,,,,,"CooperativeService{guidedPlanning, status=request, vehicleId=0x7665682d3035, requestedHorizonMs=2500, confidence=100, planning.waypoints=1, offloadTaskId=probe-604, offloadPayload=1024 bytes}"
5g-receiver,1783365205632142936,edge4av-real-20260706-multiclient-scalability-weak-signal-run-1,p5g-scale-mqtt-payload-1024-clients-20,scale,guided-planning,mqtt,,veh-05,rsu-1,p5g-scale-mqtt-payload-1024-clients-20-veh-05-605,ipi-session-1,multiclient-scalability-weak-signal-run-1,veh-05,605,20-clients,default,stationary,unsynced,true,true,clients,20,count,IPI-CooperativeService,1098,1783365352038413370,1783365205632092145,1783365205632142936,,,,,,"CooperativeService{guidedPlanning, status=request, vehicleId=0x7665682d3035, requestedHorizonMs=2500, confidence=100, planning.waypoints=1, offloadTaskId=probe-605, offloadPayload=1024 bytes}"
5g-receiver,1783365205872511563,edge4av-real-20260706-multiclient-scalability-weak-signal-run-1,p5g-scale-mqtt-payload-1024-clients-20,scale,guided-planning,mqtt,,veh-05,rsu-1,p5g-scale-mqtt-payload-1024-clients-20-veh-05-606,ipi-session-1,multiclient-scalability-weak-signal-run-1,veh-05,606,20-clients,default,stationary,unsynced,true,true,clients,20,count,IPI-CooperativeService,1098,1783365352290317556,1783365205872458058,1783365205872511563,,,,,,"CooperativeService{guidedPlanning, status=request, vehicleId=0x7665682d3035, requestedHorizonMs=2500, confidence=100, planning.waypoints=1, offloadTaskId=probe-606, offloadPayload=1024 bytes}"
5g-receiver,1783365206112578491,edge4av-real-20260706-multiclient-scalability-weak-signal-run-1,p5g-scale-mqtt-payload-1024-clients-20,scale,guided-planning,mqtt,,veh-05,rsu-1,p5g-scale-mqtt-payload-1024-clients-20-veh-05-607,ipi-session-1,multiclient-scalability-weak-signal-run-1,veh-05,607,20-clients,default,stationary,unsynced,true,true,clients,20,count,IPI-CooperativeService,1098,1783365352528636698,1783365206112518721,1783365206112578491,,,,,,"CooperativeService{guidedPlanning, status=request, vehicleId=0x7665682d3035, requestedHorizonMs=2500, confidence=100, planning.waypoints=1, offloadTaskId=probe-607, offloadPayload=1024 bytes}"
5g-receiver,1783365206352584528,edge4av-real-20260706-multiclient-scalability-weak-signal-run-1,p5g-scale-mqtt-payload-1024-clients-20,scale,guided-planning,mqtt,,veh-05,rsu-1,p5g-scale-mqtt-payload-1024-clients-20-veh-05-608,ipi-session-1,multiclient-scalability-weak-signal-run-1,veh-05,608,20-clients,default,stationary,unsynced,true,true,clients,20,count,IPI-CooperativeService,1098,1783365352778312675,1783365206352524903,1783365206352584528,,,,,,"CooperativeService{guidedPlanning, status=request, vehicleId=0x7665682d3035, requestedHorizonMs=2500, confidence=100, planning.waypoints=1, offloadTaskId=probe-608, offloadPayload=1024 bytes}"
5g-receiver,1783365206593992716,edge4av-real-20260706-multiclient-scalability-weak-signal-run-1,p5g-scale-mqtt-payload-1024-clients-20,scale,guided-planning,mqtt,,veh-05,rsu-1,p5g-scale-mqtt-payload-1024-clients-20-veh-05-609,ipi-session-1,multiclient-scalability-weak-signal-run-1,veh-05,609,20-clients,default,stationary,unsynced,true,true,clients,20,count,IPI-CooperativeService,1098,1783365353010433454,1783365206593941075,1783365206593992716,,,,,,"CooperativeService{guidedPlanning, status=request, vehicleId=0x7665682d3035, requestedHorizonMs=2500, confidence=100, planning.waypoints=1, offloadTaskId=probe-609, offloadPayload=1024 bytes}"
5g-receiver,1783365206845679584,edge4av-real-20260706-multiclient-scalability-weak-signal-run-1,p5g-scale-mqtt-payload-1024-clients-20,scale,guided-planning,mqtt,,veh-05,rsu-1,p5g-scale-mqtt-payload-1024-clients-20-veh-05-610,ipi-session-1,multiclient-scalability-weak-signal-run-1,veh-05,610,20-clients,default,stationary,unsynced,true,true,clients,20,count,IPI-CooperativeService,1098,1783365353260579237,1783365206845629025,1783365206845679584,,,,,,"CooperativeService{guidedPlanning, status=request, vehicleId=0x7665682d3035, requestedHorizonMs=2500, confidence=100, planning.waypoints=1, offloadTaskId=probe-610, offloadPayload=1024 bytes}"
5g-receiver,1783365207084088219,edge4av-real-20260706-multiclient-scalability-weak-signal-run-1,p5g-scale-mqtt-payload-1024-clients-20,scale,guided-planning,mqtt,,veh-05,rsu-1,p5g-scale-mqtt-payload-1024-clients-20-veh-05-611,ipi-session-1,multiclient-scalability-weak-signal-run-1,veh-05,611,20-clients,default,stationary,unsynced,true,true,clients,20,count,IPI-CooperativeService,1098,1783365353500412223,1783365207084034525,1783365207084088219,,,,,,"CooperativeService{guidedPlanning, status=request, vehicleId=0x7665682d3035, requestedHorizonMs=2500, confidence=100, planning.waypoints=1, offloadTaskId=probe-611, offloadPayload=1024 bytes}"
5g-receiver,1783365207314590899,edge4av-real-20260706-multiclient-scalability-weak-signal-run-1,p5g-scale-mqtt-payload-1024-clients-20,scale,guided-planning,mqtt,,veh-05,rsu-1,p5g-scale-mqtt-payload-1024-clients-20-veh-05-612,ipi-session-1,multiclient-scalability-weak-signal-run-1,veh-05,612,20-clients,default,stationary,unsynced,true,true,clients,20,count,IPI-CooperativeService,1098,1783365353738343886,1783365207314531878,1783365207314590899,,,,,,"CooperativeService{guidedPlanning, status=request, vehicleId=0x7665682d3035, requestedHorizonMs=2500, confidence=100, planning.waypoints=1, offloadTaskId=probe-612, offloadPayload=1024 bytes}"
5g-receiver,1783365207554856138,edge4av-real-20260706-multiclient-scalability-weak-signal-run-1,p5g-scale-mqtt-payload-1024-clients-20,scale,guided-planning,mqtt,,veh-05,rsu-1,p5g-scale-mqtt-payload-1024-clients-20-veh-05-613,ipi-session-1,multiclient-scalability-weak-signal-run-1,veh-05,613,20-clients,default,stationary,unsynced,true,true,clients,20,count,IPI-CooperativeService,1098,1783365353972488509,1783365207554803075,1783365207554856138,,,,,,"CooperativeService{guidedPlanning, status=request, vehicleId=0x7665682d3035, requestedHorizonMs=2500, confidence=100, planning.waypoints=1, offloadTaskId=probe-613, offloadPayload=1024 bytes}"
5g-receiver,1783365207795184115,edge4av-real-20260706-multiclient-scalability-weak-signal-run-1,p5g-scale-mqtt-payload-1024-clients-20,scale,guided-planning,mqtt,,veh-05,rsu-1,p5g-scale-mqtt-payload-1024-clients-20-veh-05-614,ipi-session-1,multiclient-scalability-weak-signal-run-1,veh-05,614,20-clients,default,stationary,unsynced,true,true,clients,20,count,IPI-CooperativeService,1098,1783365354212466161,1783365207795125641,1783365207795184115,,,,,,"CooperativeService{guidedPlanning, status=request, vehicleId=0x7665682d3035, requestedHorizonMs=2500, confidence=100, planning.waypoints=1, offloadTaskId=probe-614, offloadPayload=1024 bytes}"
5g-receiver,1783365208035654101,edge4av-real-20260706-multiclient-scalability-weak-signal-run-1,p5g-scale-mqtt-payload-1024-clients-20,scale,guided-planning,mqtt,,veh-05,rsu-1,p5g-scale-mqtt-payload-1024-clients-20-veh-05-615,ipi-session-1,multiclient-scalability-weak-signal-run-1,veh-05,615,20-clients,default,stationary,unsynced,true,true,clients,20,count,IPI-CooperativeService,1098,1783365354452438495,1783365208035595494,1783365208035654101,,,,,,"CooperativeService{guidedPlanning, status=request, vehicleId=0x7665682d3035, requestedHorizonMs=2500, confidence=100, planning.waypoints=1, offloadTaskId=probe-615, offloadPayload=1024 bytes}"
5g-receiver,1783365208266198986,edge4av-real-20260706-multiclient-scalability-weak-signal-run-1,p5g-scale-mqtt-payload-1024-clients-20,scale,guided-planning,mqtt,,veh-05,rsu-1,p5g-scale-mqtt-payload-1024-clients-20-veh-05-616,ipi-session-1,multiclient-scalability-weak-signal-run-1,veh-05,616,20-clients,default,stationary,unsynced,true,true,clients,20,count,IPI-CooperativeService,1098,1783365354692438420,1783365208266140577,1783365208266198986,,,,,,"CooperativeService{guidedPlanning, status=request, vehicleId=0x7665682d3035, requestedHorizonMs=2500, confidence=100, planning.waypoints=1, offloadTaskId=probe-616, offloadPayload=1024 bytes}"
5g-receiver,1783365208496448790,edge4av-real-20260706-multiclient-scalability-weak-signal-run-1,p5g-scale-mqtt-payload-1024-clients-20,scale,guided-planning,mqtt,,veh-05,rsu-1,p5g-scale-mqtt-payload-1024-clients-20-veh-05-617,ipi-session-1,multiclient-scalability-weak-signal-run-1,veh-05,617,20-clients,default,stationary,unsynced,true,true,clients,20,count,IPI-CooperativeService,1098,1783365354922452427,1783365208496390934,1783365208496448790,,,,,,"CooperativeService{guidedPlanning, status=request, vehicleId=0x7665682d3035, requestedHorizonMs=2500, confidence=100, planning.waypoints=1, offloadTaskId=probe-617, offloadPayload=1024 bytes}"
5g-receiver,1783365208736842048,edge4av-real-20260706-multiclient-scalability-weak-signal-run-1,p5g-scale-mqtt-payload-1024-clients-20,scale,guided-planning,mqtt,,veh-05,rsu-1,p5g-scale-mqtt-payload-1024-clients-20-veh-05-618,ipi-session-1,multiclient-scalability-weak-signal-run-1,veh-05,618,20-clients,default,stationary,unsynced,true,true,clients,20,count,IPI-CooperativeService,1098,1783365355156538263,1783365208736778077,1783365208736842048,,,,,,"CooperativeService{guidedPlanning, status=request, vehicleId=0x7665682d3035, requestedHorizonMs=2500, confidence=100, planning.waypoints=1, offloadTaskId=probe-618, offloadPayload=1024 bytes}"
5g-receiver,1783365208987312848,edge4av-real-20260706-multiclient-scalability-weak-signal-run-1,p5g-scale-mqtt-payload-1024-clients-20,scale,guided-planning,mqtt,,veh-05,rsu-1,p5g-scale-mqtt-payload-1024-clients-20-veh-05-619,ipi-session-1,multiclient-scalability-weak-signal-run-1,veh-05,619,20-clients,default,stationary,unsynced,true,true,clients,20,count,IPI-CooperativeService,1098,1783365355392460718,1783365208987272487,1783365208987312848,,,,,,"CooperativeService{guidedPlanning, status=request, vehicleId=0x7665682d3035, requestedHorizonMs=2500, confidence=100, planning.waypoints=1, offloadTaskId=probe-619, offloadPayload=1024 bytes}"
5g-receiver,1783365209218487892,edge4av-real-20260706-multiclient-scalability-weak-signal-run-1,p5g-scale-mqtt-payload-1024-clients-20,scale,guided-planning,mqtt,,veh-05,rsu-1,p5g-scale-mqtt-payload-1024-clients-20-veh-05-620,ipi-session-1,multiclient-scalability-weak-signal-run-1,veh-05,620,20-clients,default,stationary,unsynced,true,true,clients,20,count,IPI-CooperativeService,1098,1783365355644534962,1783365209218404845,1783365209218487892,,,,,,"CooperativeService{guidedPlanning, status=request, vehicleId=0x7665682d3035, requestedHorizonMs=2500, confidence=100, planning.waypoints=1, offloadTaskId=probe-620, offloadPayload=1024 bytes}"
5g-receiver,1783365209468649357,edge4av-real-20260706-multiclient-scalability-weak-signal-run-1,p5g-scale-mqtt-payload-1024-clients-20,scale,guided-planning,mqtt,,veh-05,rsu-1,p5g-scale-mqtt-payload-1024-clients-20-veh-05-621,ipi-session-1,multiclient-scalability-weak-signal-run-1,veh-05,621,20-clients,default,stationary,unsynced,true,true,clients,20,count,IPI-CooperativeService,1098,1783365355878530719,1783365209468598342,1783365209468649357,,,,,,"CooperativeService{guidedPlanning, status=request, vehicleId=0x7665682d3035, requestedHorizonMs=2500, confidence=100, planning.waypoints=1, offloadTaskId=probe-621, offloadPayload=1024 bytes}"
5g-receiver,1783365209819137764,edge4av-real-20260706-multiclient-scalability-weak-signal-run-1,p5g-scale-mqtt-payload-1024-clients-20,scale,guided-planning,mqtt,,veh-05,rsu-1,p5g-scale-mqtt-payload-1024-clients-20-veh-05-622,ipi-session-1,multiclient-scalability-weak-signal-run-1,veh-05,622,20-clients,default,stationary,unsynced,true,true,clients,20,count,IPI-CooperativeService,1098,1783365356126532303,1783365209819069698,1783365209819137764,,,,,,"CooperativeService{guidedPlanning, status=request, vehicleId=0x7665682d3035, requestedHorizonMs=2500, confidence=100, planning.waypoints=1, offloadTaskId=probe-622, offloadPayload=1024 bytes}"
5g-receiver,1783365210159231581,edge4av-real-20260706-multiclient-scalability-weak-signal-run-1,p5g-scale-mqtt-payload-1024-clients-20,scale,guided-planning,mqtt,,veh-05,rsu-1,p5g-scale-mqtt-payload-1024-clients-20-veh-05-623,ipi-session-1,multiclient-scalability-weak-signal-run-1,veh-05,623,20-clients,default,stationary,unsynced,true,true,clients,20,count,IPI-CooperativeService,1098,1783365356478386823,1783365210159179062,1783365210159231581,,,,,,"CooperativeService{guidedPlanning, status=request, vehicleId=0x7665682d3035, requestedHorizonMs=2500, confidence=100, planning.waypoints=1, offloadTaskId=probe-623, offloadPayload=1024 bytes}"
5g-receiver,1783365210439733645,edge4av-real-20260706-multiclient-scalability-weak-signal-run-1,p5g-scale-mqtt-payload-1024-clients-20,scale,guided-planning,mqtt,,veh-05,rsu-1,p5g-scale-mqtt-payload-1024-clients-20-veh-05-624,ipi-session-1,multiclient-scalability-weak-signal-run-1,veh-05,624,20-clients,default,stationary,unsynced,true,true,clients,20,count,IPI-CooperativeService,1098,1783365356812457544,1783365210439680541,1783365210439733645,,,,,,"CooperativeService{guidedPlanning, status=request, vehicleId=0x7665682d3035, requestedHorizonMs=2500, confidence=100, planning.waypoints=1, offloadTaskId=probe-624, offloadPayload=1024 bytes}"
5g-receiver,1783365210680341278,edge4av-real-20260706-multiclient-scalability-weak-signal-run-1,p5g-scale-mqtt-payload-1024-clients-20,scale,guided-planning,mqtt,,veh-05,rsu-1,p5g-scale-mqtt-payload-1024-clients-20-veh-05-625,ipi-session-1,multiclient-scalability-weak-signal-run-1,veh-05,625,20-clients,default,stationary,unsynced,true,true,clients,20,count,IPI-CooperativeService,1098,1783365357096463347,1783365210680282657,1783365210680341278,,,,,,"CooperativeService{guidedPlanning, status=request, vehicleId=0x7665682d3035, requestedHorizonMs=2500, confidence=100, planning.waypoints=1, offloadTaskId=probe-625, offloadPayload=1024 bytes}"
5g-receiver,1783365210910483469,edge4av-real-20260706-multiclient-scalability-weak-signal-run-1,p5g-scale-mqtt-payload-1024-clients-20,scale,guided-planning,mqtt,,veh-05,rsu-1,p5g-scale-mqtt-payload-1024-clients-20-veh-05-626,ipi-session-1,multiclient-scalability-weak-signal-run-1,veh-05,626,20-clients,default,stationary,unsynced,true,true,clients,20,count,IPI-CooperativeService,1098,1783365357338228893,1783365210910399815,1783365210910483469,,,,,,"CooperativeService{guidedPlanning, status=request, vehicleId=0x7665682d3035, requestedHorizonMs=2500, confidence=100, planning.waypoints=1, offloadTaskId=probe-626, offloadPayload=1024 bytes}"
5g-receiver,1783365211140955886,edge4av-real-20260706-multiclient-scalability-weak-signal-run-1,p5g-scale-mqtt-payload-1024-clients-20,scale,guided-planning,mqtt,,veh-05,rsu-1,p5g-scale-mqtt-payload-1024-clients-20-veh-05-627,ipi-session-1,multiclient-scalability-weak-signal-run-1,veh-05,627,20-clients,default,stationary,unsynced,true,true,clients,20,count,IPI-CooperativeService,1098,1783365357568401847,1783365211140905263,1783365211140955886,,,,,,"CooperativeService{guidedPlanning, status=request, vehicleId=0x7665682d3035, requestedHorizonMs=2500, confidence=100, planning.waypoints=1, offloadTaskId=probe-627, offloadPayload=1024 bytes}"
5g-receiver,1783365211441542618,edge4av-real-20260706-multiclient-scalability-weak-signal-run-1,p5g-scale-mqtt-payload-1024-clients-20,scale,guided-planning,mqtt,,veh-05,rsu-1,p5g-scale-mqtt-payload-1024-clients-20-veh-05-628,ipi-session-1,multiclient-scalability-weak-signal-run-1,veh-05,628,20-clients,default,stationary,unsynced,true,true,clients,20,count,IPI-CooperativeService,1098,1783365357816524897,1783365211441487293,1783365211441542618,,,,,,"CooperativeService{guidedPlanning, status=request, vehicleId=0x7665682d3035, requestedHorizonMs=2500, confidence=100, planning.waypoints=1, offloadTaskId=probe-628, offloadPayload=1024 bytes}"
5g-receiver,1783365211672040129,edge4av-real-20260706-multiclient-scalability-weak-signal-run-1,p5g-scale-mqtt-payload-1024-clients-20,scale,guided-planning,mqtt,,veh-05,rsu-1,p5g-scale-mqtt-payload-1024-clients-20-veh-05-629,ipi-session-1,multiclient-scalability-weak-signal-run-1,veh-05,629,20-clients,default,stationary,unsynced,true,true,clients,20,count,IPI-CooperativeService,1098,1783365358098419893,1783365211671981181,1783365211672040129,,,,,,"CooperativeService{guidedPlanning, status=request, vehicleId=0x7665682d3035, requestedHorizonMs=2500, confidence=100, planning.waypoints=1, offloadTaskId=probe-629, offloadPayload=1024 bytes}"
5g-receiver,1783365211912836971,edge4av-real-20260706-multiclient-scalability-weak-signal-run-1,p5g-scale-mqtt-payload-1024-clients-20,scale,guided-planning,mqtt,,veh-05,rsu-1,p5g-scale-mqtt-payload-1024-clients-20-veh-05-630,ipi-session-1,multiclient-scalability-weak-signal-run-1,veh-05,630,20-clients,default,stationary,unsynced,true,true,clients,20,count,IPI-CooperativeService,1098,1783365358330594015,1783365211912793836,1783365211912836971,,,,,,"CooperativeService{guidedPlanning, status=request, vehicleId=0x7665682d3035, requestedHorizonMs=2500, confidence=100, planning.waypoints=1, offloadTaskId=probe-630, offloadPayload=1024 bytes}"
5g-receiver,1783365212152741877,edge4av-real-20260706-multiclient-scalability-weak-signal-run-1,p5g-scale-mqtt-payload-1024-clients-20,scale,guided-planning,mqtt,,veh-05,rsu-1,p5g-scale-mqtt-payload-1024-clients-20-veh-05-631,ipi-session-1,multiclient-scalability-weak-signal-run-1,veh-05,631,20-clients,default,stationary,unsynced,true,true,clients,20,count,IPI-CooperativeService,1098,1783365358572484104,1783365212152671502,1783365212152741877,,,,,,"CooperativeService{guidedPlanning, status=request, vehicleId=0x7665682d3035, requestedHorizonMs=2500, confidence=100, planning.waypoints=1, offloadTaskId=probe-631, offloadPayload=1024 bytes}"
5g-receiver,1783365212393082732,edge4av-real-20260706-multiclient-scalability-weak-signal-run-1,p5g-scale-mqtt-payload-1024-clients-20,scale,guided-planning,mqtt,,veh-05,rsu-1,p5g-scale-mqtt-payload-1024-clients-20-veh-05-632,ipi-session-1,multiclient-scalability-weak-signal-run-1,veh-05,632,20-clients,default,stationary,unsynced,true,true,clients,20,count,IPI-CooperativeService,1098,1783365358810325994,1783365212393000255,1783365212393082732,,,,,,"CooperativeService{guidedPlanning, status=request, vehicleId=0x7665682d3035, requestedHorizonMs=2500, confidence=100, planning.waypoints=1, offloadTaskId=probe-632, offloadPayload=1024 bytes}"
5g-receiver,1783365212633775811,edge4av-real-20260706-multiclient-scalability-weak-signal-run-1,p5g-scale-mqtt-payload-1024-clients-20,scale,guided-planning,mqtt,,veh-05,rsu-1,p5g-scale-mqtt-payload-1024-clients-20-veh-05-633,ipi-session-1,multiclient-scalability-weak-signal-run-1,veh-05,633,20-clients,default,stationary,unsynced,true,true,clients,20,count,IPI-CooperativeService,1098,1783365359056437715,1783365212633718252,1783365212633775811,,,,,,"CooperativeService{guidedPlanning, status=request, vehicleId=0x7665682d3035, requestedHorizonMs=2500, confidence=100, planning.waypoints=1, offloadTaskId=probe-633, offloadPayload=1024 bytes}"
5g-receiver,1783365212874217848,edge4av-real-20260706-multiclient-scalability-weak-signal-run-1,p5g-scale-mqtt-payload-1024-clients-20,scale,guided-planning,mqtt,,veh-05,rsu-1,p5g-scale-mqtt-payload-1024-clients-20-veh-05-634,ipi-session-1,multiclient-scalability-weak-signal-run-1,veh-05,634,20-clients,default,stationary,unsynced,true,true,clients,20,count,IPI-CooperativeService,1098,1783365359292400679,1783365212874158236,1783365212874217848,,,,,,"CooperativeService{guidedPlanning, status=request, vehicleId=0x7665682d3035, requestedHorizonMs=2500, confidence=100, planning.waypoints=1, offloadTaskId=probe-634, offloadPayload=1024 bytes}"
5g-receiver,1783365213114587473,edge4av-real-20260706-multiclient-scalability-weak-signal-run-1,p5g-scale-mqtt-payload-1024-clients-20,scale,guided-planning,mqtt,,veh-05,rsu-1,p5g-scale-mqtt-payload-1024-clients-20-veh-05-635,ipi-session-1,multiclient-scalability-weak-signal-run-1,veh-05,635,20-clients,default,stationary,unsynced,true,true,clients,20,count,IPI-CooperativeService,1098,1783365359532392825,1783365213114534796,1783365213114587473,,,,,,"CooperativeService{guidedPlanning, status=request, vehicleId=0x7665682d3035, requestedHorizonMs=2500, confidence=100, planning.waypoints=1, offloadTaskId=probe-635, offloadPayload=1024 bytes}"
5g-receiver,1783365213355369193,edge4av-real-20260706-multiclient-scalability-weak-signal-run-1,p5g-scale-mqtt-payload-1024-clients-20,scale,guided-planning,mqtt,,veh-05,rsu-1,p5g-scale-mqtt-payload-1024-clients-20-veh-05-636,ipi-session-1,multiclient-scalability-weak-signal-run-1,veh-05,636,20-clients,default,stationary,unsynced,true,true,clients,20,count,IPI-CooperativeService,1098,1783365359772614151,1783365213355303621,1783365213355369193,,,,,,"CooperativeService{guidedPlanning, status=request, vehicleId=0x7665682d3035, requestedHorizonMs=2500, confidence=100, planning.waypoints=1, offloadTaskId=probe-636, offloadPayload=1024 bytes}"
5g-receiver,1783365213595317559,edge4av-real-20260706-multiclient-scalability-weak-signal-run-1,p5g-scale-mqtt-payload-1024-clients-20,scale,guided-planning,mqtt,,veh-05,rsu-1,p5g-scale-mqtt-payload-1024-clients-20-veh-05-637,ipi-session-1,multiclient-scalability-weak-signal-run-1,veh-05,637,20-clients,default,stationary,unsynced,true,true,clients,20,count,IPI-CooperativeService,1098,1783365360012348613,1783365213595253022,1783365213595317559,,,,,,"CooperativeService{guidedPlanning, status=request, vehicleId=0x7665682d3035, requestedHorizonMs=2500, confidence=100, planning.waypoints=1, offloadTaskId=probe-637, offloadPayload=1024 bytes}"
5g-receiver,1783365213825886375,edge4av-real-20260706-multiclient-scalability-weak-signal-run-1,p5g-scale-mqtt-payload-1024-clients-20,scale,guided-planning,mqtt,,veh-05,rsu-1,p5g-scale-mqtt-payload-1024-clients-20-veh-05-638,ipi-session-1,multiclient-scalability-weak-signal-run-1,veh-05,638,20-clients,default,stationary,unsynced,true,true,clients,20,count,IPI-CooperativeService,1098,1783365360252335234,1783365213825827592,1783365213825886375,,,,,,"CooperativeService{guidedPlanning, status=request, vehicleId=0x7665682d3035, requestedHorizonMs=2500, confidence=100, planning.waypoints=1, offloadTaskId=probe-638, offloadPayload=1024 bytes}"
5g-receiver,1783365214066102950,edge4av-real-20260706-multiclient-scalability-weak-signal-run-1,p5g-scale-mqtt-payload-1024-clients-20,scale,guided-planning,mqtt,,veh-05,rsu-1,p5g-scale-mqtt-payload-1024-clients-20-veh-05-639,ipi-session-1,multiclient-scalability-weak-signal-run-1,veh-05,639,20-clients,default,stationary,unsynced,true,true,clients,20,count,IPI-CooperativeService,1098,1783365360484446804,1783365214066023962,1783365214066102950,,,,,,"CooperativeService{guidedPlanning, status=request, vehicleId=0x7665682d3035, requestedHorizonMs=2500, confidence=100, planning.waypoints=1, offloadTaskId=probe-639, offloadPayload=1024 bytes}"
5g-receiver,1783365214306938752,edge4av-real-20260706-multiclient-scalability-weak-signal-run-1,p5g-scale-mqtt-payload-1024-clients-20,scale,guided-planning,mqtt,,veh-05,rsu-1,p5g-scale-mqtt-payload-1024-clients-20-veh-05-640,ipi-session-1,multiclient-scalability-weak-signal-run-1,veh-05,640,20-clients,default,stationary,unsynced,true,true,clients,20,count,IPI-CooperativeService,1098,1783365360722343188,1783365214306878313,1783365214306938752,,,,,,"CooperativeService{guidedPlanning, status=request, vehicleId=0x7665682d3035, requestedHorizonMs=2500, confidence=100, planning.waypoints=1, offloadTaskId=probe-640, offloadPayload=1024 bytes}"
5g-receiver,1783365214576921056,edge4av-real-20260706-multiclient-scalability-weak-signal-run-1,p5g-scale-mqtt-payload-1024-clients-20,scale,guided-planning,mqtt,,veh-05,rsu-1,p5g-scale-mqtt-payload-1024-clients-20-veh-05-641,ipi-session-1,multiclient-scalability-weak-signal-run-1,veh-05,641,20-clients,default,stationary,unsynced,true,true,clients,20,count,IPI-CooperativeService,1098,1783365360970402949,1783365214576868229,1783365214576921056,,,,,,"CooperativeService{guidedPlanning, status=request, vehicleId=0x7665682d3035, requestedHorizonMs=2500, confidence=100, planning.waypoints=1, offloadTaskId=probe-641, offloadPayload=1024 bytes}"
5g-receiver,1783365214817206899,edge4av-real-20260706-multiclient-scalability-weak-signal-run-1,p5g-scale-mqtt-payload-1024-clients-20,scale,guided-planning,mqtt,,veh-05,rsu-1,p5g-scale-mqtt-payload-1024-clients-20-veh-05-642,ipi-session-1,multiclient-scalability-weak-signal-run-1,veh-05,642,20-clients,default,stationary,unsynced,true,true,clients,20,count,IPI-CooperativeService,1098,1783365361240484050,1783365214817148258,1783365214817206899,,,,,,"CooperativeService{guidedPlanning, status=request, vehicleId=0x7665682d3035, requestedHorizonMs=2500, confidence=100, planning.waypoints=1, offloadTaskId=probe-642, offloadPayload=1024 bytes}"
5g-receiver,1783365215047435977,edge4av-real-20260706-multiclient-scalability-weak-signal-run-1,p5g-scale-mqtt-payload-1024-clients-20,scale,guided-planning,mqtt,,veh-05,rsu-1,p5g-scale-mqtt-payload-1024-clients-20-veh-05-643,ipi-session-1,multiclient-scalability-weak-signal-run-1,veh-05,643,20-clients,default,stationary,unsynced,true,true,clients,20,count,IPI-CooperativeService,1098,1783365361474312506,1783365215047378052,1783365215047435977,,,,,,"CooperativeService{guidedPlanning, status=request, vehicleId=0x7665682d3035, requestedHorizonMs=2500, confidence=100, planning.waypoints=1, offloadTaskId=probe-643, offloadPayload=1024 bytes}"
5g-receiver,1783365215278049204,edge4av-real-20260706-multiclient-scalability-weak-signal-run-1,p5g-scale-mqtt-payload-1024-clients-20,scale,guided-planning,mqtt,,veh-05,rsu-1,p5g-scale-mqtt-payload-1024-clients-20-veh-05-644,ipi-session-1,multiclient-scalability-weak-signal-run-1,veh-05,644,20-clients,default,stationary,unsynced,true,true,clients,20,count,IPI-CooperativeService,1098,1783365361704317241,1783365215277997298,1783365215278049204,,,,,,"CooperativeService{guidedPlanning, status=request, vehicleId=0x7665682d3035, requestedHorizonMs=2500, confidence=100, planning.waypoints=1, offloadTaskId=probe-644, offloadPayload=1024 bytes}"
5g-receiver,1783365215518298448,edge4av-real-20260706-multiclient-scalability-weak-signal-run-1,p5g-scale-mqtt-payload-1024-clients-20,scale,guided-planning,mqtt,,veh-05,rsu-1,p5g-scale-mqtt-payload-1024-clients-20-veh-05-645,ipi-session-1,multiclient-scalability-weak-signal-run-1,veh-05,645,20-clients,default,stationary,unsynced,true,true,clients,20,count,IPI-CooperativeService,1098,1783365361938344924,1783365215518244175,1783365215518298448,,,,,,"CooperativeService{guidedPlanning, status=request, vehicleId=0x7665682d3035, requestedHorizonMs=2500, confidence=100, planning.waypoints=1, offloadTaskId=probe-645, offloadPayload=1024 bytes}"
5g-receiver,1783365215748871537,edge4av-real-20260706-multiclient-scalability-weak-signal-run-1,p5g-scale-mqtt-payload-1024-clients-20,scale,guided-planning,mqtt,,veh-05,rsu-1,p5g-scale-mqtt-payload-1024-clients-20-veh-05-646,ipi-session-1,multiclient-scalability-weak-signal-run-1,veh-05,646,20-clients,default,stationary,unsynced,true,true,clients,20,count,IPI-CooperativeService,1098,1783365362178315245,1783365215748819024,1783365215748871537,,,,,,"CooperativeService{guidedPlanning, status=request, vehicleId=0x7665682d3035, requestedHorizonMs=2500, confidence=100, planning.waypoints=1, offloadTaskId=probe-646, offloadPayload=1024 bytes}"
5g-receiver,1783365216079333504,edge4av-real-20260706-multiclient-scalability-weak-signal-run-1,p5g-scale-mqtt-payload-1024-clients-20,scale,guided-planning,mqtt,,veh-05,rsu-1,p5g-scale-mqtt-payload-1024-clients-20-veh-05-647,ipi-session-1,multiclient-scalability-weak-signal-run-1,veh-05,647,20-clients,default,stationary,unsynced,true,true,clients,20,count,IPI-CooperativeService,1098,1783365362410442532,1783365216079280264,1783365216079333504,,,,,,"CooperativeService{guidedPlanning, status=request, vehicleId=0x7665682d3035, requestedHorizonMs=2500, confidence=100, planning.waypoints=1, offloadTaskId=probe-647, offloadPayload=1024 bytes}"
5g-receiver,1783365216460175361,edge4av-real-20260706-multiclient-scalability-weak-signal-run-1,p5g-scale-mqtt-payload-1024-clients-20,scale,guided-planning,mqtt,,veh-05,rsu-1,p5g-scale-mqtt-payload-1024-clients-20-veh-05-648,ipi-session-1,multiclient-scalability-weak-signal-run-1,veh-05,648,20-clients,default,stationary,unsynced,true,true,clients,20,count,IPI-CooperativeService,1098,1783365362738360334,1783365216460117584,1783365216460175361,,,,,,"CooperativeService{guidedPlanning, status=request, vehicleId=0x7665682d3035, requestedHorizonMs=2500, confidence=100, planning.waypoints=1, offloadTaskId=probe-648, offloadPayload=1024 bytes}"
5g-receiver,1783365216760662014,edge4av-real-20260706-multiclient-scalability-weak-signal-run-1,p5g-scale-mqtt-payload-1024-clients-20,scale,guided-planning,mqtt,,veh-05,rsu-1,p5g-scale-mqtt-payload-1024-clients-20-veh-05-649,ipi-session-1,multiclient-scalability-weak-signal-run-1,veh-05,649,20-clients,default,stationary,unsynced,true,true,clients,20,count,IPI-CooperativeService,1098,1783365363118365598,1783365216760604131,1783365216760662014,,,,,,"CooperativeService{guidedPlanning, status=request, vehicleId=0x7665682d3035, requestedHorizonMs=2500, confidence=100, planning.waypoints=1, offloadTaskId=probe-649, offloadPayload=1024 bytes}"
5g-receiver,1783365217061089490,edge4av-real-20260706-multiclient-scalability-weak-signal-run-1,p5g-scale-mqtt-payload-1024-clients-20,scale,guided-planning,mqtt,,veh-05,rsu-1,p5g-scale-mqtt-payload-1024-clients-20-veh-05-650,ipi-session-1,multiclient-scalability-weak-signal-run-1,veh-05,650,20-clients,default,stationary,unsynced,true,true,clients,20,count,IPI-CooperativeService,1098,1783365363416425818,1783365217061035600,1783365217061089490,,,,,,"CooperativeService{guidedPlanning, status=request, vehicleId=0x7665682d3035, requestedHorizonMs=2500, confidence=100, planning.waypoints=1, offloadTaskId=probe-650, offloadPayload=1024 bytes}"
5g-receiver,1783365217431277474,edge4av-real-20260706-multiclient-scalability-weak-signal-run-1,p5g-scale-mqtt-payload-1024-clients-20,scale,guided-planning,mqtt,,veh-05,rsu-1,p5g-scale-mqtt-payload-1024-clients-20-veh-05-651,ipi-session-1,multiclient-scalability-weak-signal-run-1,veh-05,651,20-clients,default,stationary,unsynced,true,true,clients,20,count,IPI-CooperativeService,1098,1783365363716470593,1783365217431225767,1783365217431277474,,,,,,"CooperativeService{guidedPlanning, status=request, vehicleId=0x7665682d3035, requestedHorizonMs=2500, confidence=100, planning.waypoints=1, offloadTaskId=probe-651, offloadPayload=1024 bytes}"
5g-receiver,1783365217702151569,edge4av-real-20260706-multiclient-scalability-weak-signal-run-1,p5g-scale-mqtt-payload-1024-clients-20,scale,guided-planning,mqtt,,veh-05,rsu-1,p5g-scale-mqtt-payload-1024-clients-20-veh-05-652,ipi-session-1,multiclient-scalability-weak-signal-run-1,veh-05,652,20-clients,default,stationary,unsynced,true,true,clients,20,count,IPI-CooperativeService,1098,1783365364088429888,1783365217702090328,1783365217702151569,,,,,,"CooperativeService{guidedPlanning, status=request, vehicleId=0x7665682d3035, requestedHorizonMs=2500, confidence=100, planning.waypoints=1, offloadTaskId=probe-652, offloadPayload=1024 bytes}"
5g-receiver,1783365217982438337,edge4av-real-20260706-multiclient-scalability-weak-signal-run-1,p5g-scale-mqtt-payload-1024-clients-20,scale,guided-planning,mqtt,,veh-05,rsu-1,p5g-scale-mqtt-payload-1024-clients-20-veh-05-653,ipi-session-1,multiclient-scalability-weak-signal-run-1,veh-05,653,20-clients,default,stationary,unsynced,true,true,clients,20,count,IPI-CooperativeService,1098,1783365364360450959,1783365217982386097,1783365217982438337,,,,,,"CooperativeService{guidedPlanning, status=request, vehicleId=0x7665682d3035, requestedHorizonMs=2500, confidence=100, planning.waypoints=1, offloadTaskId=probe-653, offloadPayload=1024 bytes}"
5g-receiver,1783365218283103622,edge4av-real-20260706-multiclient-scalability-weak-signal-run-1,p5g-scale-mqtt-payload-1024-clients-20,scale,guided-planning,mqtt,,veh-05,rsu-1,p5g-scale-mqtt-payload-1024-clients-20-veh-05-654,ipi-session-1,multiclient-scalability-weak-signal-run-1,veh-05,654,20-clients,default,stationary,unsynced,true,true,clients,20,count,IPI-CooperativeService,1098,1783365364640370213,1783365218283051380,1783365218283103622,,,,,,"CooperativeService{guidedPlanning, status=request, vehicleId=0x7665682d3035, requestedHorizonMs=2500, confidence=100, planning.waypoints=1, offloadTaskId=probe-654, offloadPayload=1024 bytes}"
5g-receiver,1783365218613701937,edge4av-real-20260706-multiclient-scalability-weak-signal-run-1,p5g-scale-mqtt-payload-1024-clients-20,scale,guided-planning,mqtt,,veh-05,rsu-1,p5g-scale-mqtt-payload-1024-clients-20-veh-05-655,ipi-session-1,multiclient-scalability-weak-signal-run-1,veh-05,655,20-clients,default,stationary,unsynced,true,true,clients,20,count,IPI-CooperativeService,1098,1783365364940525375,1783365218613650098,1783365218613701937,,,,,,"CooperativeService{guidedPlanning, status=request, vehicleId=0x7665682d3035, requestedHorizonMs=2500, confidence=100, planning.waypoints=1, offloadTaskId=probe-655, offloadPayload=1024 bytes}"
5g-receiver,1783365218924119876,edge4av-real-20260706-multiclient-scalability-weak-signal-run-1,p5g-scale-mqtt-payload-1024-clients-20,scale,guided-planning,mqtt,,veh-05,rsu-1,p5g-scale-mqtt-payload-1024-clients-20-veh-05-656,ipi-session-1,multiclient-scalability-weak-signal-run-1,veh-05,656,20-clients,default,stationary,unsynced,true,true,clients,20,count,IPI-CooperativeService,1098,1783365365272454887,1783365218924067652,1783365218924119876,,,,,,"CooperativeService{guidedPlanning, status=request, vehicleId=0x7665682d3035, requestedHorizonMs=2500, confidence=100, planning.waypoints=1, offloadTaskId=probe-656, offloadPayload=1024 bytes}"
5g-receiver,1783365219194640603,edge4av-real-20260706-multiclient-scalability-weak-signal-run-1,p5g-scale-mqtt-payload-1024-clients-20,scale,guided-planning,mqtt,,veh-05,rsu-1,p5g-scale-mqtt-payload-1024-clients-20-veh-05-657,ipi-session-1,multiclient-scalability-weak-signal-run-1,veh-05,657,20-clients,default,stationary,unsynced,true,true,clients,20,count,IPI-CooperativeService,1098,1783365365582452819,1783365219194586116,1783365219194640603,,,,,,"CooperativeService{guidedPlanning, status=request, vehicleId=0x7665682d3035, requestedHorizonMs=2500, confidence=100, planning.waypoints=1, offloadTaskId=probe-657, offloadPayload=1024 bytes}"
5g-receiver,1783365219475250036,edge4av-real-20260706-multiclient-scalability-weak-signal-run-1,p5g-scale-mqtt-payload-1024-clients-20,scale,guided-planning,mqtt,,veh-05,rsu-1,p5g-scale-mqtt-payload-1024-clients-20-veh-05-658,ipi-session-1,multiclient-scalability-weak-signal-run-1,veh-05,658,20-clients,default,stationary,unsynced,true,true,clients,20,count,IPI-CooperativeService,1098,1783365365852493655,1783365219475191512,1783365219475250036,,,,,,"CooperativeService{guidedPlanning, status=request, vehicleId=0x7665682d3035, requestedHorizonMs=2500, confidence=100, planning.waypoints=1, offloadTaskId=probe-658, offloadPayload=1024 bytes}"
5g-receiver,1783365219705467306,edge4av-real-20260706-multiclient-scalability-weak-signal-run-1,p5g-scale-mqtt-payload-1024-clients-20,scale,guided-planning,mqtt,,veh-05,rsu-1,p5g-scale-mqtt-payload-1024-clients-20-veh-05-659,ipi-session-1,multiclient-scalability-weak-signal-run-1,veh-05,659,20-clients,default,stationary,unsynced,true,true,clients,20,count,IPI-CooperativeService,1098,1783365366130482832,1783365219705408342,1783365219705467306,,,,,,"CooperativeService{guidedPlanning, status=request, vehicleId=0x7665682d3035, requestedHorizonMs=2500, confidence=100, planning.waypoints=1, offloadTaskId=probe-659, offloadPayload=1024 bytes}"
5g-receiver,1783365219935959895,edge4av-real-20260706-multiclient-scalability-weak-signal-run-1,p5g-scale-mqtt-payload-1024-clients-20,scale,guided-planning,mqtt,,veh-05,rsu-1,p5g-scale-mqtt-payload-1024-clients-20-veh-05-660,ipi-session-1,multiclient-scalability-weak-signal-run-1,veh-05,660,20-clients,default,stationary,unsynced,true,true,clients,20,count,IPI-CooperativeService,1098,1783365366362444914,1783365219935900251,1783365219935959895,,,,,,"CooperativeService{guidedPlanning, status=request, vehicleId=0x7665682d3035, requestedHorizonMs=2500, confidence=100, planning.waypoints=1, offloadTaskId=probe-660, offloadPayload=1024 bytes}"
5g-receiver,1783365220166232516,edge4av-real-20260706-multiclient-scalability-weak-signal-run-1,p5g-scale-mqtt-payload-1024-clients-20,scale,guided-planning,mqtt,,veh-05,rsu-1,p5g-scale-mqtt-payload-1024-clients-20-veh-05-661,ipi-session-1,multiclient-scalability-weak-signal-run-1,veh-05,661,20-clients,default,stationary,unsynced,true,true,clients,20,count,IPI-CooperativeService,1098,1783365366592421033,1783365220166178381,1783365220166232516,,,,,,"CooperativeService{guidedPlanning, status=request, vehicleId=0x7665682d3035, requestedHorizonMs=2500, confidence=100, planning.waypoints=1, offloadTaskId=probe-661, offloadPayload=1024 bytes}"
5g-receiver,1783365220406642819,edge4av-real-20260706-multiclient-scalability-weak-signal-run-1,p5g-scale-mqtt-payload-1024-clients-20,scale,guided-planning,mqtt,,veh-05,rsu-1,p5g-scale-mqtt-payload-1024-clients-20-veh-05-662,ipi-session-1,multiclient-scalability-weak-signal-run-1,veh-05,662,20-clients,default,stationary,unsynced,true,true,clients,20,count,IPI-CooperativeService,1098,1783365366828366862,1783365220406584893,1783365220406642819,,,,,,"CooperativeService{guidedPlanning, status=request, vehicleId=0x7665682d3035, requestedHorizonMs=2500, confidence=100, planning.waypoints=1, offloadTaskId=probe-662, offloadPayload=1024 bytes}"
5g-receiver,1783365220637174030,edge4av-real-20260706-multiclient-scalability-weak-signal-run-1,p5g-scale-mqtt-payload-1024-clients-20,scale,guided-planning,mqtt,,veh-05,rsu-1,p5g-scale-mqtt-payload-1024-clients-20-veh-05-663,ipi-session-1,multiclient-scalability-weak-signal-run-1,veh-05,663,20-clients,default,stationary,unsynced,true,true,clients,20,count,IPI-CooperativeService,1098,1783365367062426166,1783365220637115004,1783365220637174030,,,,,,"CooperativeService{guidedPlanning, status=request, vehicleId=0x7665682d3035, requestedHorizonMs=2500, confidence=100, planning.waypoints=1, offloadTaskId=probe-663, offloadPayload=1024 bytes}"
5g-receiver,1783365220887414019,edge4av-real-20260706-multiclient-scalability-weak-signal-run-1,p5g-scale-mqtt-payload-1024-clients-20,scale,guided-planning,mqtt,,veh-05,rsu-1,p5g-scale-mqtt-payload-1024-clients-20-veh-05-664,ipi-session-1,multiclient-scalability-weak-signal-run-1,veh-05,664,20-clients,default,stationary,unsynced,true,true,clients,20,count,IPI-CooperativeService,1098,1783365367304492058,1783365220887345545,1783365220887414019,,,,,,"CooperativeService{guidedPlanning, status=request, vehicleId=0x7665682d3035, requestedHorizonMs=2500, confidence=100, planning.waypoints=1, offloadTaskId=probe-664, offloadPayload=1024 bytes}"
5g-receiver,1783365221128051375,edge4av-real-20260706-multiclient-scalability-weak-signal-run-1,p5g-scale-mqtt-payload-1024-clients-20,scale,guided-planning,mqtt,,veh-05,rsu-1,p5g-scale-mqtt-payload-1024-clients-20-veh-05-665,ipi-session-1,multiclient-scalability-weak-signal-run-1,veh-05,665,20-clients,default,stationary,unsynced,true,true,clients,20,count,IPI-CooperativeService,1098,1783365367546408097,1783365221127998710,1783365221128051375,,,,,,"CooperativeService{guidedPlanning, status=request, vehicleId=0x7665682d3035, requestedHorizonMs=2500, confidence=100, planning.waypoints=1, offloadTaskId=probe-665, offloadPayload=1024 bytes}"
5g-receiver,1783365221378255403,edge4av-real-20260706-multiclient-scalability-weak-signal-run-1,p5g-scale-mqtt-payload-1024-clients-20,scale,guided-planning,mqtt,,veh-05,rsu-1,p5g-scale-mqtt-payload-1024-clients-20-veh-05-666,ipi-session-1,multiclient-scalability-weak-signal-run-1,veh-05,666,20-clients,default,stationary,unsynced,true,true,clients,20,count,IPI-CooperativeService,1098,1783365367786535614,1783365221378197024,1783365221378255403,,,,,,"CooperativeService{guidedPlanning, status=request, vehicleId=0x7665682d3035, requestedHorizonMs=2500, confidence=100, planning.waypoints=1, offloadTaskId=probe-666, offloadPayload=1024 bytes}"
5g-receiver,1783365221618728613,edge4av-real-20260706-multiclient-scalability-weak-signal-run-1,p5g-scale-mqtt-payload-1024-clients-20,scale,guided-planning,mqtt,,veh-05,rsu-1,p5g-scale-mqtt-payload-1024-clients-20-veh-05-667,ipi-session-1,multiclient-scalability-weak-signal-run-1,veh-05,667,20-clients,default,stationary,unsynced,true,true,clients,20,count,IPI-CooperativeService,1098,1783365368040391267,1783365221618655771,1783365221618728613,,,,,,"CooperativeService{guidedPlanning, status=request, vehicleId=0x7665682d3035, requestedHorizonMs=2500, confidence=100, planning.waypoints=1, offloadTaskId=probe-667, offloadPayload=1024 bytes}"
5g-receiver,1783365221899012374,edge4av-real-20260706-multiclient-scalability-weak-signal-run-1,p5g-scale-mqtt-payload-1024-clients-20,scale,guided-planning,mqtt,,veh-05,rsu-1,p5g-scale-mqtt-payload-1024-clients-20-veh-05-668,ipi-session-1,multiclient-scalability-weak-signal-run-1,veh-05,668,20-clients,default,stationary,unsynced,true,true,clients,20,count,IPI-CooperativeService,1098,1783365368274399001,1783365221898955038,1783365221899012374,,,,,,"CooperativeService{guidedPlanning, status=request, vehicleId=0x7665682d3035, requestedHorizonMs=2500, confidence=100, planning.waypoints=1, offloadTaskId=probe-668, offloadPayload=1024 bytes}"
5g-receiver,1783365222149332231,edge4av-real-20260706-multiclient-scalability-weak-signal-run-1,p5g-scale-mqtt-payload-1024-clients-20,scale,guided-planning,mqtt,,veh-05,rsu-1,p5g-scale-mqtt-payload-1024-clients-20-veh-05-669,ipi-session-1,multiclient-scalability-weak-signal-run-1,veh-05,669,20-clients,default,stationary,unsynced,true,true,clients,20,count,IPI-CooperativeService,1098,1783365368558499813,1783365222149278466,1783365222149332231,,,,,,"CooperativeService{guidedPlanning, status=request, vehicleId=0x7665682d3035, requestedHorizonMs=2500, confidence=100, planning.waypoints=1, offloadTaskId=probe-669, offloadPayload=1024 bytes}"
5g-receiver,1783365222450162483,edge4av-real-20260706-multiclient-scalability-weak-signal-run-1,p5g-scale-mqtt-payload-1024-clients-20,scale,guided-planning,mqtt,,veh-05,rsu-1,p5g-scale-mqtt-payload-1024-clients-20-veh-05-670,ipi-session-1,multiclient-scalability-weak-signal-run-1,veh-05,670,20-clients,default,stationary,unsynced,true,true,clients,20,count,IPI-CooperativeService,1098,1783365368806408488,1783365222450110239,1783365222450162483,,,,,,"CooperativeService{guidedPlanning, status=request, vehicleId=0x7665682d3035, requestedHorizonMs=2500, confidence=100, planning.waypoints=1, offloadTaskId=probe-670, offloadPayload=1024 bytes}"
5g-receiver,1783365222720617779,edge4av-real-20260706-multiclient-scalability-weak-signal-run-1,p5g-scale-mqtt-payload-1024-clients-20,scale,guided-planning,mqtt,,veh-05,rsu-1,p5g-scale-mqtt-payload-1024-clients-20-veh-05-671,ipi-session-1,multiclient-scalability-weak-signal-run-1,veh-05,671,20-clients,default,stationary,unsynced,true,true,clients,20,count,IPI-CooperativeService,1098,1783365369104305469,1783365222720560696,1783365222720617779,,,,,,"CooperativeService{guidedPlanning, status=request, vehicleId=0x7665682d3035, requestedHorizonMs=2500, confidence=100, planning.waypoints=1, offloadTaskId=probe-671, offloadPayload=1024 bytes}"
5g-receiver,1783365222950946368,edge4av-real-20260706-multiclient-scalability-weak-signal-run-1,p5g-scale-mqtt-payload-1024-clients-20,scale,guided-planning,mqtt,,veh-05,rsu-1,p5g-scale-mqtt-payload-1024-clients-20-veh-05-672,ipi-session-1,multiclient-scalability-weak-signal-run-1,veh-05,672,20-clients,default,stationary,unsynced,true,true,clients,20,count,IPI-CooperativeService,1098,1783365369376361262,1783365222950888707,1783365222950946368,,,,,,"CooperativeService{guidedPlanning, status=request, vehicleId=0x7665682d3035, requestedHorizonMs=2500, confidence=100, planning.waypoints=1, offloadTaskId=probe-672, offloadPayload=1024 bytes}"
5g-receiver,1783365223181301602,edge4av-real-20260706-multiclient-scalability-weak-signal-run-1,p5g-scale-mqtt-payload-1024-clients-20,scale,guided-planning,mqtt,,veh-05,rsu-1,p5g-scale-mqtt-payload-1024-clients-20-veh-05-673,ipi-session-1,multiclient-scalability-weak-signal-run-1,veh-05,673,20-clients,default,stationary,unsynced,true,true,clients,20,count,IPI-CooperativeService,1098,1783365369608404099,1783365223181243522,1783365223181301602,,,,,,"CooperativeService{guidedPlanning, status=request, vehicleId=0x7665682d3035, requestedHorizonMs=2500, confidence=100, planning.waypoints=1, offloadTaskId=probe-673, offloadPayload=1024 bytes}"
5g-receiver,1783365223411572019,edge4av-real-20260706-multiclient-scalability-weak-signal-run-1,p5g-scale-mqtt-payload-1024-clients-20,scale,guided-planning,mqtt,,veh-05,rsu-1,p5g-scale-mqtt-payload-1024-clients-20-veh-05-674,ipi-session-1,multiclient-scalability-weak-signal-run-1,veh-05,674,20-clients,default,stationary,unsynced,true,true,clients,20,count,IPI-CooperativeService,1098,1783365369838412231,1783365223411513890,1783365223411572019,,,,,,"CooperativeService{guidedPlanning, status=request, vehicleId=0x7665682d3035, requestedHorizonMs=2500, confidence=100, planning.waypoints=1, offloadTaskId=probe-674, offloadPayload=1024 bytes}"
5g-receiver,1783365223684754658,edge4av-real-20260706-multiclient-scalability-weak-signal-run-1,p5g-scale-mqtt-payload-1024-clients-20,scale,guided-planning,mqtt,,veh-05,rsu-1,p5g-scale-mqtt-payload-1024-clients-20-veh-05-675,ipi-session-1,multiclient-scalability-weak-signal-run-1,veh-05,675,20-clients,default,stationary,unsynced,true,true,clients,20,count,IPI-CooperativeService,1098,1783365370070358149,1783365223684704735,1783365223684754658,,,,,,"CooperativeService{guidedPlanning, status=request, vehicleId=0x7665682d3035, requestedHorizonMs=2500, confidence=100, planning.waypoints=1, offloadTaskId=probe-675, offloadPayload=1024 bytes}"
5g-receiver,1783365223922442952,edge4av-real-20260706-multiclient-scalability-weak-signal-run-1,p5g-scale-mqtt-payload-1024-clients-20,scale,guided-planning,mqtt,,veh-05,rsu-1,p5g-scale-mqtt-payload-1024-clients-20-veh-05-676,ipi-session-1,multiclient-scalability-weak-signal-run-1,veh-05,676,20-clients,default,stationary,unsynced,true,true,clients,20,count,IPI-CooperativeService,1098,1783365370338570130,1783365223922370707,1783365223922442952,,,,,,"CooperativeService{guidedPlanning, status=request, vehicleId=0x7665682d3035, requestedHorizonMs=2500, confidence=100, planning.waypoints=1, offloadTaskId=probe-676, offloadPayload=1024 bytes}"
5g-receiver,1783365224152521226,edge4av-real-20260706-multiclient-scalability-weak-signal-run-1,p5g-scale-mqtt-payload-1024-clients-20,scale,guided-planning,mqtt,,veh-05,rsu-1,p5g-scale-mqtt-payload-1024-clients-20-veh-05-677,ipi-session-1,multiclient-scalability-weak-signal-run-1,veh-05,677,20-clients,default,stationary,unsynced,true,true,clients,20,count,IPI-CooperativeService,1098,1783365370580441988,1783365224152463660,1783365224152521226,,,,,,"CooperativeService{guidedPlanning, status=request, vehicleId=0x7665682d3035, requestedHorizonMs=2500, confidence=100, planning.waypoints=1, offloadTaskId=probe-677, offloadPayload=1024 bytes}"
5g-receiver,1783365224393080005,edge4av-real-20260706-multiclient-scalability-weak-signal-run-1,p5g-scale-mqtt-payload-1024-clients-20,scale,guided-planning,mqtt,,veh-05,rsu-1,p5g-scale-mqtt-payload-1024-clients-20-veh-05-678,ipi-session-1,multiclient-scalability-weak-signal-run-1,veh-05,678,20-clients,default,stationary,unsynced,true,true,clients,20,count,IPI-CooperativeService,1098,1783365370808380379,1783365224393022453,1783365224393080005,,,,,,"CooperativeService{guidedPlanning, status=request, vehicleId=0x7665682d3035, requestedHorizonMs=2500, confidence=100, planning.waypoints=1, offloadTaskId=probe-678, offloadPayload=1024 bytes}"
5g-receiver,1783365224663663389,edge4av-real-20260706-multiclient-scalability-weak-signal-run-1,p5g-scale-mqtt-payload-1024-clients-20,scale,guided-planning,mqtt,,veh-05,rsu-1,p5g-scale-mqtt-payload-1024-clients-20-veh-05-679,ipi-session-1,multiclient-scalability-weak-signal-run-1,veh-05,679,20-clients,default,stationary,unsynced,true,true,clients,20,count,IPI-CooperativeService,1098,1783365371052523491,1783365224663604408,1783365224663663389,,,,,,"CooperativeService{guidedPlanning, status=request, vehicleId=0x7665682d3035, requestedHorizonMs=2500, confidence=100, planning.waypoints=1, offloadTaskId=probe-679, offloadPayload=1024 bytes}"
5g-receiver,1783365224904227591,edge4av-real-20260706-multiclient-scalability-weak-signal-run-1,p5g-scale-mqtt-payload-1024-clients-20,scale,guided-planning,mqtt,,veh-05,rsu-1,p5g-scale-mqtt-payload-1024-clients-20-veh-05-680,ipi-session-1,multiclient-scalability-weak-signal-run-1,veh-05,680,20-clients,default,stationary,unsynced,true,true,clients,20,count,IPI-CooperativeService,1098,1783365371320542391,1783365224904177445,1783365224904227591,,,,,,"CooperativeService{guidedPlanning, status=request, vehicleId=0x7665682d3035, requestedHorizonMs=2500, confidence=100, planning.waypoints=1, offloadTaskId=probe-680, offloadPayload=1024 bytes}"
5g-receiver,1783365225154410855,edge4av-real-20260706-multiclient-scalability-weak-signal-run-1,p5g-scale-mqtt-payload-1024-clients-20,scale,guided-planning,mqtt,,veh-05,rsu-1,p5g-scale-mqtt-payload-1024-clients-20-veh-05-681,ipi-session-1,multiclient-scalability-weak-signal-run-1,veh-05,681,20-clients,default,stationary,unsynced,true,true,clients,20,count,IPI-CooperativeService,1098,1783365371566470010,1783365225154345990,1783365225154410855,,,,,,"CooperativeService{guidedPlanning, status=request, vehicleId=0x7665682d3035, requestedHorizonMs=2500, confidence=100, planning.waypoints=1, offloadTaskId=probe-681, offloadPayload=1024 bytes}"
5g-receiver,1783365225404925173,edge4av-real-20260706-multiclient-scalability-weak-signal-run-1,p5g-scale-mqtt-payload-1024-clients-20,scale,guided-planning,mqtt,,veh-05,rsu-1,p5g-scale-mqtt-payload-1024-clients-20-veh-05-682,ipi-session-1,multiclient-scalability-weak-signal-run-1,veh-05,682,20-clients,default,stationary,unsynced,true,true,clients,20,count,IPI-CooperativeService,1098,1783365371812386315,1783365225404866538,1783365225404925173,,,,,,"CooperativeService{guidedPlanning, status=request, vehicleId=0x7665682d3035, requestedHorizonMs=2500, confidence=100, planning.waypoints=1, offloadTaskId=probe-682, offloadPayload=1024 bytes}"
5g-receiver,1783365225665004081,edge4av-real-20260706-multiclient-scalability-weak-signal-run-1,p5g-scale-mqtt-payload-1024-clients-20,scale,guided-planning,mqtt,,veh-05,rsu-1,p5g-scale-mqtt-payload-1024-clients-20-veh-05-683,ipi-session-1,multiclient-scalability-weak-signal-run-1,veh-05,683,20-clients,default,stationary,unsynced,true,true,clients,20,count,IPI-CooperativeService,1098,1783365372068491258,1783365225664934340,1783365225665004081,,,,,,"CooperativeService{guidedPlanning, status=request, vehicleId=0x7665682d3035, requestedHorizonMs=2500, confidence=100, planning.waypoints=1, offloadTaskId=probe-683, offloadPayload=1024 bytes}"
5g-receiver,1783365225905238706,edge4av-real-20260706-multiclient-scalability-weak-signal-run-1,p5g-scale-mqtt-payload-1024-clients-20,scale,guided-planning,mqtt,,veh-05,rsu-1,p5g-scale-mqtt-payload-1024-clients-20-veh-05-684,ipi-session-1,multiclient-scalability-weak-signal-run-1,veh-05,684,20-clients,default,stationary,unsynced,true,true,clients,20,count,IPI-CooperativeService,1098,1783365372324427774,1783365225905178859,1783365225905238706,,,,,,"CooperativeService{guidedPlanning, status=request, vehicleId=0x7665682d3035, requestedHorizonMs=2500, confidence=100, planning.waypoints=1, offloadTaskId=probe-684, offloadPayload=1024 bytes}"
5g-receiver,1783365226136472750,edge4av-real-20260706-multiclient-scalability-weak-signal-run-1,p5g-scale-mqtt-payload-1024-clients-20,scale,guided-planning,mqtt,,veh-05,rsu-1,p5g-scale-mqtt-payload-1024-clients-20-veh-05-685,ipi-session-1,multiclient-scalability-weak-signal-run-1,veh-05,685,20-clients,default,stationary,unsynced,true,true,clients,20,count,IPI-CooperativeService,1098,1783365372564367777,1783365226136423578,1783365226136472750,,,,,,"CooperativeService{guidedPlanning, status=request, vehicleId=0x7665682d3035, requestedHorizonMs=2500, confidence=100, planning.waypoints=1, offloadTaskId=probe-685, offloadPayload=1024 bytes}"
5g-receiver,1783365226376840263,edge4av-real-20260706-multiclient-scalability-weak-signal-run-1,p5g-scale-mqtt-payload-1024-clients-20,scale,guided-planning,mqtt,,veh-05,rsu-1,p5g-scale-mqtt-payload-1024-clients-20-veh-05-686,ipi-session-1,multiclient-scalability-weak-signal-run-1,veh-05,686,20-clients,default,stationary,unsynced,true,true,clients,20,count,IPI-CooperativeService,1098,1783365372798402824,1783365226376789771,1783365226376840263,,,,,,"CooperativeService{guidedPlanning, status=request, vehicleId=0x7665682d3035, requestedHorizonMs=2500, confidence=100, planning.waypoints=1, offloadTaskId=probe-686, offloadPayload=1024 bytes}"
5g-receiver,1783365226616512515,edge4av-real-20260706-multiclient-scalability-weak-signal-run-1,p5g-scale-mqtt-payload-1024-clients-20,scale,guided-planning,mqtt,,veh-05,rsu-1,p5g-scale-mqtt-payload-1024-clients-20-veh-05-687,ipi-session-1,multiclient-scalability-weak-signal-run-1,veh-05,687,20-clients,default,stationary,unsynced,true,true,clients,20,count,IPI-CooperativeService,1098,1783365373032475814,1783365226616454352,1783365226616512515,,,,,,"CooperativeService{guidedPlanning, status=request, vehicleId=0x7665682d3035, requestedHorizonMs=2500, confidence=100, planning.waypoints=1, offloadTaskId=probe-687, offloadPayload=1024 bytes}"
5g-receiver,1783365226846971822,edge4av-real-20260706-multiclient-scalability-weak-signal-run-1,p5g-scale-mqtt-payload-1024-clients-20,scale,guided-planning,mqtt,,veh-05,rsu-1,p5g-scale-mqtt-payload-1024-clients-20-veh-05-688,ipi-session-1,multiclient-scalability-weak-signal-run-1,veh-05,688,20-clients,default,stationary,unsynced,true,true,clients,20,count,IPI-CooperativeService,1098,1783365373274345011,1783365226846913628,1783365226846971822,,,,,,"CooperativeService{guidedPlanning, status=request, vehicleId=0x7665682d3035, requestedHorizonMs=2500, confidence=100, planning.waypoints=1, offloadTaskId=probe-688, offloadPayload=1024 bytes}"
5g-receiver,1783365227087291305,edge4av-real-20260706-multiclient-scalability-weak-signal-run-1,p5g-scale-mqtt-payload-1024-clients-20,scale,guided-planning,mqtt,,veh-05,rsu-1,p5g-scale-mqtt-payload-1024-clients-20-veh-05-689,ipi-session-1,multiclient-scalability-weak-signal-run-1,veh-05,689,20-clients,default,stationary,unsynced,true,true,clients,20,count,IPI-CooperativeService,1098,1783365373506436297,1783365227087234042,1783365227087291305,,,,,,"CooperativeService{guidedPlanning, status=request, vehicleId=0x7665682d3035, requestedHorizonMs=2500, confidence=100, planning.waypoints=1, offloadTaskId=probe-689, offloadPayload=1024 bytes}"
5g-receiver,1783365227327574975,edge4av-real-20260706-multiclient-scalability-weak-signal-run-1,p5g-scale-mqtt-payload-1024-clients-20,scale,guided-planning,mqtt,,veh-05,rsu-1,p5g-scale-mqtt-payload-1024-clients-20-veh-05-690,ipi-session-1,multiclient-scalability-weak-signal-run-1,veh-05,690,20-clients,default,stationary,unsynced,true,true,clients,20,count,IPI-CooperativeService,1098,1783365373744392390,1783365227327503847,1783365227327574975,,,,,,"CooperativeService{guidedPlanning, status=request, vehicleId=0x7665682d3035, requestedHorizonMs=2500, confidence=100, planning.waypoints=1, offloadTaskId=probe-690, offloadPayload=1024 bytes}"
5g-receiver,1783365227568207858,edge4av-real-20260706-multiclient-scalability-weak-signal-run-1,p5g-scale-mqtt-payload-1024-clients-20,scale,guided-planning,mqtt,,veh-05,rsu-1,p5g-scale-mqtt-payload-1024-clients-20-veh-05-691,ipi-session-1,multiclient-scalability-weak-signal-run-1,veh-05,691,20-clients,default,stationary,unsynced,true,true,clients,20,count,IPI-CooperativeService,1098,1783365373984299369,1783365227568149592,1783365227568207858,,,,,,"CooperativeService{guidedPlanning, status=request, vehicleId=0x7665682d3035, requestedHorizonMs=2500, confidence=100, planning.waypoints=1, offloadTaskId=probe-691, offloadPayload=1024 bytes}"
5g-receiver,1783365227819194994,edge4av-real-20260706-multiclient-scalability-weak-signal-run-1,p5g-scale-mqtt-payload-1024-clients-20,scale,guided-planning,mqtt,,veh-05,rsu-1,p5g-scale-mqtt-payload-1024-clients-20-veh-05-692,ipi-session-1,multiclient-scalability-weak-signal-run-1,veh-05,692,20-clients,default,stationary,unsynced,true,true,clients,20,count,IPI-CooperativeService,1098,1783365374224474251,1783365227819129470,1783365227819194994,,,,,,"CooperativeService{guidedPlanning, status=request, vehicleId=0x7665682d3035, requestedHorizonMs=2500, confidence=100, planning.waypoints=1, offloadTaskId=probe-692, offloadPayload=1024 bytes}"
5g-receiver,1783365228068908952,edge4av-real-20260706-multiclient-scalability-weak-signal-run-1,p5g-scale-mqtt-payload-1024-clients-20,scale,guided-planning,mqtt,,veh-05,rsu-1,p5g-scale-mqtt-payload-1024-clients-20-veh-05-693,ipi-session-1,multiclient-scalability-weak-signal-run-1,veh-05,693,20-clients,default,stationary,unsynced,true,true,clients,20,count,IPI-CooperativeService,1098,1783365374474469288,1783365228068850152,1783365228068908952,,,,,,"CooperativeService{guidedPlanning, status=request, vehicleId=0x7665682d3035, requestedHorizonMs=2500, confidence=100, planning.waypoints=1, offloadTaskId=probe-693, offloadPayload=1024 bytes}"
5g-receiver,1783365228309711069,edge4av-real-20260706-multiclient-scalability-weak-signal-run-1,p5g-scale-mqtt-payload-1024-clients-20,scale,guided-planning,mqtt,,veh-05,rsu-1,p5g-scale-mqtt-payload-1024-clients-20-veh-05-694,ipi-session-1,multiclient-scalability-weak-signal-run-1,veh-05,694,20-clients,default,stationary,unsynced,true,true,clients,20,count,IPI-CooperativeService,1098,1783365374722328095,1783365228309646159,1783365228309711069,,,,,,"CooperativeService{guidedPlanning, status=request, vehicleId=0x7665682d3035, requestedHorizonMs=2500, confidence=100, planning.waypoints=1, offloadTaskId=probe-694, offloadPayload=1024 bytes}"
5g-receiver,1783365228589729926,edge4av-real-20260706-multiclient-scalability-weak-signal-run-1,p5g-scale-mqtt-payload-1024-clients-20,scale,guided-planning,mqtt,,veh-05,rsu-1,p5g-scale-mqtt-payload-1024-clients-20-veh-05-695,ipi-session-1,multiclient-scalability-weak-signal-run-1,veh-05,695,20-clients,default,stationary,unsynced,true,true,clients,20,count,IPI-CooperativeService,1098,1783365374974406552,1783365228589672152,1783365228589729926,,,,,,"CooperativeService{guidedPlanning, status=request, vehicleId=0x7665682d3035, requestedHorizonMs=2500, confidence=100, planning.waypoints=1, offloadTaskId=probe-695, offloadPayload=1024 bytes}"
5g-receiver,1783365228890356804,edge4av-real-20260706-multiclient-scalability-weak-signal-run-1,p5g-scale-mqtt-payload-1024-clients-20,scale,guided-planning,mqtt,,veh-05,rsu-1,p5g-scale-mqtt-payload-1024-clients-20-veh-05-696,ipi-session-1,multiclient-scalability-weak-signal-run-1,veh-05,696,20-clients,default,stationary,unsynced,true,true,clients,20,count,IPI-CooperativeService,1098,1783365375246428467,1783365228890298501,1783365228890356804,,,,,,"CooperativeService{guidedPlanning, status=request, vehicleId=0x7665682d3035, requestedHorizonMs=2500, confidence=100, planning.waypoints=1, offloadTaskId=probe-696, offloadPayload=1024 bytes}"
5g-receiver,1783365229120659245,edge4av-real-20260706-multiclient-scalability-weak-signal-run-1,p5g-scale-mqtt-payload-1024-clients-20,scale,guided-planning,mqtt,,veh-05,rsu-1,p5g-scale-mqtt-payload-1024-clients-20-veh-05-697,ipi-session-1,multiclient-scalability-weak-signal-run-1,veh-05,697,20-clients,default,stationary,unsynced,true,true,clients,20,count,IPI-CooperativeService,1098,1783365375546404644,1783365229120601675,1783365229120659245,,,,,,"CooperativeService{guidedPlanning, status=request, vehicleId=0x7665682d3035, requestedHorizonMs=2500, confidence=100, planning.waypoints=1, offloadTaskId=probe-697, offloadPayload=1024 bytes}"
5g-receiver,1783365229351061038,edge4av-real-20260706-multiclient-scalability-weak-signal-run-1,p5g-scale-mqtt-payload-1024-clients-20,scale,guided-planning,mqtt,,veh-05,rsu-1,p5g-scale-mqtt-payload-1024-clients-20-veh-05-698,ipi-session-1,multiclient-scalability-weak-signal-run-1,veh-05,698,20-clients,default,stationary,unsynced,true,true,clients,20,count,IPI-CooperativeService,1098,1783365375776413694,1783365229351003570,1783365229351061038,,,,,,"CooperativeService{guidedPlanning, status=request, vehicleId=0x7665682d3035, requestedHorizonMs=2500, confidence=100, planning.waypoints=1, offloadTaskId=probe-698, offloadPayload=1024 bytes}"
5g-receiver,1783365229671395413,edge4av-real-20260706-multiclient-scalability-weak-signal-run-1,p5g-scale-mqtt-payload-1024-clients-20,scale,guided-planning,mqtt,,veh-05,rsu-1,p5g-scale-mqtt-payload-1024-clients-20-veh-05-699,ipi-session-1,multiclient-scalability-weak-signal-run-1,veh-05,699,20-clients,default,stationary,unsynced,true,true,clients,20,count,IPI-CooperativeService,1098,1783365376010440930,1783365229671338395,1783365229671395413,,,,,,"CooperativeService{guidedPlanning, status=request, vehicleId=0x7665682d3035, requestedHorizonMs=2500, confidence=100, planning.waypoints=1, offloadTaskId=probe-699, offloadPayload=1024 bytes}"
5g-receiver,1783365230042137069,edge4av-real-20260706-multiclient-scalability-weak-signal-run-1,p5g-scale-mqtt-payload-1024-clients-20,scale,guided-planning,mqtt,,veh-05,rsu-1,p5g-scale-mqtt-payload-1024-clients-20-veh-05-700,ipi-session-1,multiclient-scalability-weak-signal-run-1,veh-05,700,20-clients,default,stationary,unsynced,true,true,clients,20,count,IPI-CooperativeService,1098,1783365376334259052,1783365230042079970,1783365230042137069,,,,,,"CooperativeService{guidedPlanning, status=request, vehicleId=0x7665682d3035, requestedHorizonMs=2500, confidence=100, planning.waypoints=1, offloadTaskId=probe-700, offloadPayload=1024 bytes}"
5g-receiver,1783365230383016339,edge4av-real-20260706-multiclient-scalability-weak-signal-run-1,p5g-scale-mqtt-payload-1024-clients-20,scale,guided-planning,mqtt,,veh-05,rsu-1,p5g-scale-mqtt-payload-1024-clients-20-veh-05-701,ipi-session-1,multiclient-scalability-weak-signal-run-1,veh-05,701,20-clients,default,stationary,unsynced,true,true,clients,20,count,IPI-CooperativeService,1098,1783365376698404151,1783365230382959132,1783365230383016339,,,,,,"CooperativeService{guidedPlanning, status=request, vehicleId=0x7665682d3035, requestedHorizonMs=2500, confidence=100, planning.waypoints=1, offloadTaskId=probe-701, offloadPayload=1024 bytes}"
5g-receiver,1783365230773495151,edge4av-real-20260706-multiclient-scalability-weak-signal-run-1,p5g-scale-mqtt-payload-1024-clients-20,scale,guided-planning,mqtt,,veh-05,rsu-1,p5g-scale-mqtt-payload-1024-clients-20-veh-05-702,ipi-session-1,multiclient-scalability-weak-signal-run-1,veh-05,702,20-clients,default,stationary,unsynced,true,true,clients,20,count,IPI-CooperativeService,1098,1783365377040455276,1783365230773437620,1783365230773495151,,,,,,"CooperativeService{guidedPlanning, status=request, vehicleId=0x7665682d3035, requestedHorizonMs=2500, confidence=100, planning.waypoints=1, offloadTaskId=probe-702, offloadPayload=1024 bytes}"
5g-receiver,1783365231094011645,edge4av-real-20260706-multiclient-scalability-weak-signal-run-1,p5g-scale-mqtt-payload-1024-clients-20,scale,guided-planning,mqtt,,veh-05,rsu-1,p5g-scale-mqtt-payload-1024-clients-20-veh-05-703,ipi-session-1,multiclient-scalability-weak-signal-run-1,veh-05,703,20-clients,default,stationary,unsynced,true,true,clients,20,count,IPI-CooperativeService,1098,1783365377428349380,1783365231093955328,1783365231094011645,,,,,,"CooperativeService{guidedPlanning, status=request, vehicleId=0x7665682d3035, requestedHorizonMs=2500, confidence=100, planning.waypoints=1, offloadTaskId=probe-703, offloadPayload=1024 bytes}"
5g-receiver,1783365231836318153,edge4av-real-20260706-multiclient-scalability-weak-signal-run-1,p5g-scale-mqtt-payload-1024-clients-20,scale,guided-planning,mqtt,,veh-05,rsu-1,p5g-scale-mqtt-payload-1024-clients-20-veh-05-704,ipi-session-1,multiclient-scalability-weak-signal-run-1,veh-05,704,20-clients,default,stationary,unsynced,true,true,clients,20,count,IPI-CooperativeService,1098,1783365377750392145,1783365231836234430,1783365231836318153,,,,,,"CooperativeService{guidedPlanning, status=request, vehicleId=0x7665682d3035, requestedHorizonMs=2500, confidence=100, planning.waypoints=1, offloadTaskId=probe-704, offloadPayload=1024 bytes}"
5g-receiver,1783365232155860752,edge4av-real-20260706-multiclient-scalability-weak-signal-run-1,p5g-scale-mqtt-payload-1024-clients-20,scale,guided-planning,mqtt,,veh-05,rsu-1,p5g-scale-mqtt-payload-1024-clients-20-veh-05-705,ipi-session-1,multiclient-scalability-weak-signal-run-1,veh-05,705,20-clients,default,stationary,unsynced,true,true,clients,20,count,IPI-CooperativeService,1098,1783365378498391592,1783365232155806279,1783365232155860752,,,,,,"CooperativeService{guidedPlanning, status=request, vehicleId=0x7665682d3035, requestedHorizonMs=2500, confidence=100, planning.waypoints=1, offloadTaskId=probe-705, offloadPayload=1024 bytes}"
5g-receiver,1783365232536333966,edge4av-real-20260706-multiclient-scalability-weak-signal-run-1,p5g-scale-mqtt-payload-1024-clients-20,scale,guided-planning,mqtt,,veh-05,rsu-1,p5g-scale-mqtt-payload-1024-clients-20-veh-05-706,ipi-session-1,multiclient-scalability-weak-signal-run-1,veh-05,706,20-clients,default,stationary,unsynced,true,true,clients,20,count,IPI-CooperativeService,1098,1783365378814463125,1783365232536275916,1783365232536333966,,,,,,"CooperativeService{guidedPlanning, status=request, vehicleId=0x7665682d3035, requestedHorizonMs=2500, confidence=100, planning.waypoints=1, offloadTaskId=probe-706, offloadPayload=1024 bytes}"
5g-receiver,1783365232847299239,edge4av-real-20260706-multiclient-scalability-weak-signal-run-1,p5g-scale-mqtt-payload-1024-clients-20,scale,guided-planning,mqtt,,veh-05,rsu-1,p5g-scale-mqtt-payload-1024-clients-20-veh-05-707,ipi-session-1,multiclient-scalability-weak-signal-run-1,veh-05,707,20-clients,default,stationary,unsynced,true,true,clients,20,count,IPI-CooperativeService,1098,1783365379190533732,1783365232847246832,1783365232847299239,,,,,,"CooperativeService{guidedPlanning, status=request, vehicleId=0x7665682d3035, requestedHorizonMs=2500, confidence=100, planning.waypoints=1, offloadTaskId=probe-707, offloadPayload=1024 bytes}"
5g-receiver,1783365233207454890,edge4av-real-20260706-multiclient-scalability-weak-signal-run-1,p5g-scale-mqtt-payload-1024-clients-20,scale,guided-planning,mqtt,,veh-05,rsu-1,p5g-scale-mqtt-payload-1024-clients-20-veh-05-708,ipi-session-1,multiclient-scalability-weak-signal-run-1,veh-05,708,20-clients,default,stationary,unsynced,true,true,clients,20,count,IPI-CooperativeService,1098,1783365379508324764,1783365233207396838,1783365233207454890,,,,,,"CooperativeService{guidedPlanning, status=request, vehicleId=0x7665682d3035, requestedHorizonMs=2500, confidence=100, planning.waypoints=1, offloadTaskId=probe-708, offloadPayload=1024 bytes}"
5g-receiver,1783365233579169102,edge4av-real-20260706-multiclient-scalability-weak-signal-run-1,p5g-scale-mqtt-payload-1024-clients-20,scale,guided-planning,mqtt,,veh-05,rsu-1,p5g-scale-mqtt-payload-1024-clients-20-veh-05-709,ipi-session-1,multiclient-scalability-weak-signal-run-1,veh-05,709,20-clients,default,stationary,unsynced,true,true,clients,20,count,IPI-CooperativeService,1098,1783365379862397230,1783365233579093553,1783365233579169102,,,,,,"CooperativeService{guidedPlanning, status=request, vehicleId=0x7665682d3035, requestedHorizonMs=2500, confidence=100, planning.waypoints=1, offloadTaskId=probe-709, offloadPayload=1024 bytes}"
5g-receiver,1783365233888792270,edge4av-real-20260706-multiclient-scalability-weak-signal-run-1,p5g-scale-mqtt-payload-1024-clients-20,scale,guided-planning,mqtt,,veh-05,rsu-1,p5g-scale-mqtt-payload-1024-clients-20-veh-05-710,ipi-session-1,multiclient-scalability-weak-signal-run-1,veh-05,710,20-clients,default,stationary,unsynced,true,true,clients,20,count,IPI-CooperativeService,1098,1783365380234492349,1783365233888734454,1783365233888792270,,,,,,"CooperativeService{guidedPlanning, status=request, vehicleId=0x7665682d3035, requestedHorizonMs=2500, confidence=100, planning.waypoints=1, offloadTaskId=probe-710, offloadPayload=1024 bytes}"
5g-receiver,1783365234229457570,edge4av-real-20260706-multiclient-scalability-weak-signal-run-1,p5g-scale-mqtt-payload-1024-clients-20,scale,guided-planning,mqtt,,veh-05,rsu-1,p5g-scale-mqtt-payload-1024-clients-20-veh-05-711,ipi-session-1,multiclient-scalability-weak-signal-run-1,veh-05,711,20-clients,default,stationary,unsynced,true,true,clients,20,count,IPI-CooperativeService,1098,1783365380544457772,1783365234229398835,1783365234229457570,,,,,,"CooperativeService{guidedPlanning, status=request, vehicleId=0x7665682d3035, requestedHorizonMs=2500, confidence=100, planning.waypoints=1, offloadTaskId=probe-711, offloadPayload=1024 bytes}"
5g-receiver,1783365235000517525,edge4av-real-20260706-multiclient-scalability-weak-signal-run-1,p5g-scale-mqtt-payload-1024-clients-20,scale,guided-planning,mqtt,,veh-05,rsu-1,p5g-scale-mqtt-payload-1024-clients-20-veh-05-712,ipi-session-1,multiclient-scalability-weak-signal-run-1,veh-05,712,20-clients,default,stationary,unsynced,true,true,clients,20,count,IPI-CooperativeService,1098,1783365380886280762,1783365235000458876,1783365235000517525,,,,,,"CooperativeService{guidedPlanning, status=request, vehicleId=0x7665682d3035, requestedHorizonMs=2500, confidence=100, planning.waypoints=1, offloadTaskId=probe-712, offloadPayload=1024 bytes}"
5g-receiver,1783365235361527852,edge4av-real-20260706-multiclient-scalability-weak-signal-run-1,p5g-scale-mqtt-payload-1024-clients-20,scale,guided-planning,mqtt,,veh-05,rsu-1,p5g-scale-mqtt-payload-1024-clients-20-veh-05-713,ipi-session-1,multiclient-scalability-weak-signal-run-1,veh-05,713,20-clients,default,stationary,unsynced,true,true,clients,20,count,IPI-CooperativeService,1098,1783365381654438597,1783365235361469276,1783365235361527852,,,,,,"CooperativeService{guidedPlanning, status=request, vehicleId=0x7665682d3035, requestedHorizonMs=2500, confidence=100, planning.waypoints=1, offloadTaskId=probe-713, offloadPayload=1024 bytes}"
5g-receiver,1783365235691950591,edge4av-real-20260706-multiclient-scalability-weak-signal-run-1,p5g-scale-mqtt-payload-1024-clients-20,scale,guided-planning,mqtt,,veh-05,rsu-1,p5g-scale-mqtt-payload-1024-clients-20-veh-05-714,ipi-session-1,multiclient-scalability-weak-signal-run-1,veh-05,714,20-clients,default,stationary,unsynced,true,true,clients,20,count,IPI-CooperativeService,1098,1783365382020406359,1783365235691891917,1783365235691950591,,,,,,"CooperativeService{guidedPlanning, status=request, vehicleId=0x7665682d3035, requestedHorizonMs=2500, confidence=100, planning.waypoints=1, offloadTaskId=probe-714, offloadPayload=1024 bytes}"
5g-receiver,1783365235922280031,edge4av-real-20260706-multiclient-scalability-weak-signal-run-1,p5g-scale-mqtt-payload-1024-clients-20,scale,guided-planning,mqtt,,veh-05,rsu-1,p5g-scale-mqtt-payload-1024-clients-20-veh-05-715,ipi-session-1,multiclient-scalability-weak-signal-run-1,veh-05,715,20-clients,default,stationary,unsynced,true,true,clients,20,count,IPI-CooperativeService,1098,1783365382352223481,1783365235922221392,1783365235922280031,,,,,,"CooperativeService{guidedPlanning, status=request, vehicleId=0x7665682d3035, requestedHorizonMs=2500, confidence=100, planning.waypoints=1, offloadTaskId=probe-715, offloadPayload=1024 bytes}"
5g-receiver,1783365236152678688,edge4av-real-20260706-multiclient-scalability-weak-signal-run-1,p5g-scale-mqtt-payload-1024-clients-20,scale,guided-planning,mqtt,,veh-05,rsu-1,p5g-scale-mqtt-payload-1024-clients-20-veh-05-716,ipi-session-1,multiclient-scalability-weak-signal-run-1,veh-05,716,20-clients,default,stationary,unsynced,true,true,clients,20,count,IPI-CooperativeService,1098,1783365382576345203,1783365236152604011,1783365236152678688,,,,,,"CooperativeService{guidedPlanning, status=request, vehicleId=0x7665682d3035, requestedHorizonMs=2500, confidence=100, planning.waypoints=1, offloadTaskId=probe-716, offloadPayload=1024 bytes}"
5g-receiver,1783365236392940734,edge4av-real-20260706-multiclient-scalability-weak-signal-run-1,p5g-scale-mqtt-payload-1024-clients-20,scale,guided-planning,mqtt,,veh-05,rsu-1,p5g-scale-mqtt-payload-1024-clients-20-veh-05-717,ipi-session-1,multiclient-scalability-weak-signal-run-1,veh-05,717,20-clients,default,stationary,unsynced,true,true,clients,20,count,IPI-CooperativeService,1098,1783365382808443298,1783365236392861131,1783365236392940734,,,,,,"CooperativeService{guidedPlanning, status=request, vehicleId=0x7665682d3035, requestedHorizonMs=2500, confidence=100, planning.waypoints=1, offloadTaskId=probe-717, offloadPayload=1024 bytes}"
5g-receiver,1783365236634086799,edge4av-real-20260706-multiclient-scalability-weak-signal-run-1,p5g-scale-mqtt-payload-1024-clients-20,scale,guided-planning,mqtt,,veh-05,rsu-1,p5g-scale-mqtt-payload-1024-clients-20-veh-05-718,ipi-session-1,multiclient-scalability-weak-signal-run-1,veh-05,718,20-clients,default,stationary,unsynced,true,true,clients,20,count,IPI-CooperativeService,1098,1783365383050337185,1783365236634034734,1783365236634086799,,,,,,"CooperativeService{guidedPlanning, status=request, vehicleId=0x7665682d3035, requestedHorizonMs=2500, confidence=100, planning.waypoints=1, offloadTaskId=probe-718, offloadPayload=1024 bytes}"
5g-receiver,1783365236874542778,edge4av-real-20260706-multiclient-scalability-weak-signal-run-1,p5g-scale-mqtt-payload-1024-clients-20,scale,guided-planning,mqtt,,veh-05,rsu-1,p5g-scale-mqtt-payload-1024-clients-20-veh-05-719,ipi-session-1,multiclient-scalability-weak-signal-run-1,veh-05,719,20-clients,default,stationary,unsynced,true,true,clients,20,count,IPI-CooperativeService,1098,1783365383292496678,1783365236874489850,1783365236874542778,,,,,,"CooperativeService{guidedPlanning, status=request, vehicleId=0x7665682d3035, requestedHorizonMs=2500, confidence=100, planning.waypoints=1, offloadTaskId=probe-719, offloadPayload=1024 bytes}"
5g-receiver,1783365237144165017,edge4av-real-20260706-multiclient-scalability-weak-signal-run-1,p5g-scale-mqtt-payload-1024-clients-20,scale,guided-planning,mqtt,,veh-05,rsu-1,p5g-scale-mqtt-payload-1024-clients-20-veh-05-720,ipi-session-1,multiclient-scalability-weak-signal-run-1,veh-05,720,20-clients,default,stationary,unsynced,true,true,clients,20,count,IPI-CooperativeService,1098,1783365383538380723,1783365237144087393,1783365237144165017,,,,,,"CooperativeService{guidedPlanning, status=request, vehicleId=0x7665682d3035, requestedHorizonMs=2500, confidence=100, planning.waypoints=1, offloadTaskId=probe-720, offloadPayload=1024 bytes}"
5g-receiver,1783365237375212069,edge4av-real-20260706-multiclient-scalability-weak-signal-run-1,p5g-scale-mqtt-payload-1024-clients-20,scale,guided-planning,mqtt,,veh-05,rsu-1,p5g-scale-mqtt-payload-1024-clients-20-veh-05-721,ipi-session-1,multiclient-scalability-weak-signal-run-1,veh-05,721,20-clients,default,stationary,unsynced,true,true,clients,20,count,IPI-CooperativeService,1098,1783365383798311243,1783365237375154546,1783365237375212069,,,,,,"CooperativeService{guidedPlanning, status=request, vehicleId=0x7665682d3035, requestedHorizonMs=2500, confidence=100, planning.waypoints=1, offloadTaskId=probe-721, offloadPayload=1024 bytes}"
5g-receiver,1783365237615323778,edge4av-real-20260706-multiclient-scalability-weak-signal-run-1,p5g-scale-mqtt-payload-1024-clients-20,scale,guided-planning,mqtt,,veh-05,rsu-1,p5g-scale-mqtt-payload-1024-clients-20-veh-05-722,ipi-session-1,multiclient-scalability-weak-signal-run-1,veh-05,722,20-clients,default,stationary,unsynced,true,true,clients,20,count,IPI-CooperativeService,1098,1783365384032560856,1783365237615247870,1783365237615323778,,,,,,"CooperativeService{guidedPlanning, status=request, vehicleId=0x7665682d3035, requestedHorizonMs=2500, confidence=100, planning.waypoints=1, offloadTaskId=probe-722, offloadPayload=1024 bytes}"
5g-receiver,1783365237845203078,edge4av-real-20260706-multiclient-scalability-weak-signal-run-1,p5g-scale-mqtt-payload-1024-clients-20,scale,guided-planning,mqtt,,veh-05,rsu-1,p5g-scale-mqtt-payload-1024-clients-20-veh-05-723,ipi-session-1,multiclient-scalability-weak-signal-run-1,veh-05,723,20-clients,default,stationary,unsynced,true,true,clients,20,count,IPI-CooperativeService,1098,1783365384272316937,1783365237845156070,1783365237845203078,,,,,,"CooperativeService{guidedPlanning, status=request, vehicleId=0x7665682d3035, requestedHorizonMs=2500, confidence=100, planning.waypoints=1, offloadTaskId=probe-723, offloadPayload=1024 bytes}"
5g-receiver,1783365238115873085,edge4av-real-20260706-multiclient-scalability-weak-signal-run-1,p5g-scale-mqtt-payload-1024-clients-20,scale,guided-planning,mqtt,,veh-05,rsu-1,p5g-scale-mqtt-payload-1024-clients-20-veh-05-724,ipi-session-1,multiclient-scalability-weak-signal-run-1,veh-05,724,20-clients,default,stationary,unsynced,true,true,clients,20,count,IPI-CooperativeService,1098,1783365384504418369,1783365238115814447,1783365238115873085,,,,,,"CooperativeService{guidedPlanning, status=request, vehicleId=0x7665682d3035, requestedHorizonMs=2500, confidence=100, planning.waypoints=1, offloadTaskId=probe-724, offloadPayload=1024 bytes}"
5g-receiver,1783365238346061402,edge4av-real-20260706-multiclient-scalability-weak-signal-run-1,p5g-scale-mqtt-payload-1024-clients-20,scale,guided-planning,mqtt,,veh-05,rsu-1,p5g-scale-mqtt-payload-1024-clients-20-veh-05-725,ipi-session-1,multiclient-scalability-weak-signal-run-1,veh-05,725,20-clients,default,stationary,unsynced,true,true,clients,20,count,IPI-CooperativeService,1098,1783365384774393372,1783365238346003431,1783365238346061402,,,,,,"CooperativeService{guidedPlanning, status=request, vehicleId=0x7665682d3035, requestedHorizonMs=2500, confidence=100, planning.waypoints=1, offloadTaskId=probe-725, offloadPayload=1024 bytes}"
5g-receiver,1783365238576332399,edge4av-real-20260706-multiclient-scalability-weak-signal-run-1,p5g-scale-mqtt-payload-1024-clients-20,scale,guided-planning,mqtt,,veh-05,rsu-1,p5g-scale-mqtt-payload-1024-clients-20-veh-05-726,ipi-session-1,multiclient-scalability-weak-signal-run-1,veh-05,726,20-clients,default,stationary,unsynced,true,true,clients,20,count,IPI-CooperativeService,1098,1783365385002424941,1783365238576273817,1783365238576332399,,,,,,"CooperativeService{guidedPlanning, status=request, vehicleId=0x7665682d3035, requestedHorizonMs=2500, confidence=100, planning.waypoints=1, offloadTaskId=probe-726, offloadPayload=1024 bytes}"
5g-receiver,1783365238817458021,edge4av-real-20260706-multiclient-scalability-weak-signal-run-1,p5g-scale-mqtt-payload-1024-clients-20,scale,guided-planning,mqtt,,veh-05,rsu-1,p5g-scale-mqtt-payload-1024-clients-20-veh-05-727,ipi-session-1,multiclient-scalability-weak-signal-run-1,veh-05,727,20-clients,default,stationary,unsynced,true,true,clients,20,count,IPI-CooperativeService,1098,1783365385234359827,1783365238817383223,1783365238817458021,,,,,,"CooperativeService{guidedPlanning, status=request, vehicleId=0x7665682d3035, requestedHorizonMs=2500, confidence=100, planning.waypoints=1, offloadTaskId=probe-727, offloadPayload=1024 bytes}"
5g-receiver,1783365239087648115,edge4av-real-20260706-multiclient-scalability-weak-signal-run-1,p5g-scale-mqtt-payload-1024-clients-20,scale,guided-planning,mqtt,,veh-05,rsu-1,p5g-scale-mqtt-payload-1024-clients-20-veh-05-728,ipi-session-1,multiclient-scalability-weak-signal-run-1,veh-05,728,20-clients,default,stationary,unsynced,true,true,clients,20,count,IPI-CooperativeService,1098,1783365385474533185,1783365239087598738,1783365239087648115,,,,,,"CooperativeService{guidedPlanning, status=request, vehicleId=0x7665682d3035, requestedHorizonMs=2500, confidence=100, planning.waypoints=1, offloadTaskId=probe-728, offloadPayload=1024 bytes}"
5g-receiver,1783365239327712471,edge4av-real-20260706-multiclient-scalability-weak-signal-run-1,p5g-scale-mqtt-payload-1024-clients-20,scale,guided-planning,mqtt,,veh-05,rsu-1,p5g-scale-mqtt-payload-1024-clients-20-veh-05-729,ipi-session-1,multiclient-scalability-weak-signal-run-1,veh-05,729,20-clients,default,stationary,unsynced,true,true,clients,20,count,IPI-CooperativeService,1098,1783365385746373856,1783365239327653244,1783365239327712471,,,,,,"CooperativeService{guidedPlanning, status=request, vehicleId=0x7665682d3035, requestedHorizonMs=2500, confidence=100, planning.waypoints=1, offloadTaskId=probe-729, offloadPayload=1024 bytes}"
5g-receiver,1783365239548252670,edge4av-real-20260706-multiclient-scalability-weak-signal-run-1,p5g-scale-mqtt-payload-1024-clients-20,scale,guided-planning,mqtt,,veh-05,rsu-1,p5g-scale-mqtt-payload-1024-clients-20-veh-05-730,ipi-session-1,multiclient-scalability-weak-signal-run-1,veh-05,730,20-clients,default,stationary,unsynced,true,true,clients,20,count,IPI-CooperativeService,1098,1783365385984434721,1783365239548193571,1783365239548252670,,,,,,"CooperativeService{guidedPlanning, status=request, vehicleId=0x7665682d3035, requestedHorizonMs=2500, confidence=100, planning.waypoints=1, offloadTaskId=probe-730, offloadPayload=1024 bytes}"
5g-receiver,1783365239788633329,edge4av-real-20260706-multiclient-scalability-weak-signal-run-1,p5g-scale-mqtt-payload-1024-clients-20,scale,guided-planning,mqtt,,veh-05,rsu-1,p5g-scale-mqtt-payload-1024-clients-20-veh-05-731,ipi-session-1,multiclient-scalability-weak-signal-run-1,veh-05,731,20-clients,default,stationary,unsynced,true,true,clients,20,count,IPI-CooperativeService,1098,1783365386204537670,1783365239788574395,1783365239788633329,,,,,,"CooperativeService{guidedPlanning, status=request, vehicleId=0x7665682d3035, requestedHorizonMs=2500, confidence=100, planning.waypoints=1, offloadTaskId=probe-731, offloadPayload=1024 bytes}"
5g-receiver,1783365240028898709,edge4av-real-20260706-multiclient-scalability-weak-signal-run-1,p5g-scale-mqtt-payload-1024-clients-20,scale,guided-planning,mqtt,,veh-05,rsu-1,p5g-scale-mqtt-payload-1024-clients-20-veh-05-732,ipi-session-1,multiclient-scalability-weak-signal-run-1,veh-05,732,20-clients,default,stationary,unsynced,true,true,clients,20,count,IPI-CooperativeService,1098,1783365386444435136,1783365240028837922,1783365240028898709,,,,,,"CooperativeService{guidedPlanning, status=request, vehicleId=0x7665682d3035, requestedHorizonMs=2500, confidence=100, planning.waypoints=1, offloadTaskId=probe-732, offloadPayload=1024 bytes}"
5g-receiver,1783365240279209787,edge4av-real-20260706-multiclient-scalability-weak-signal-run-1,p5g-scale-mqtt-payload-1024-clients-20,scale,guided-planning,mqtt,,veh-05,rsu-1,p5g-scale-mqtt-payload-1024-clients-20-veh-05-733,ipi-session-1,multiclient-scalability-weak-signal-run-1,veh-05,733,20-clients,default,stationary,unsynced,true,true,clients,20,count,IPI-CooperativeService,1098,1783365386686325948,1783365240279152362,1783365240279209787,,,,,,"CooperativeService{guidedPlanning, status=request, vehicleId=0x7665682d3035, requestedHorizonMs=2500, confidence=100, planning.waypoints=1, offloadTaskId=probe-733, offloadPayload=1024 bytes}"
5g-receiver,1783365240519572100,edge4av-real-20260706-multiclient-scalability-weak-signal-run-1,p5g-scale-mqtt-payload-1024-clients-20,scale,guided-planning,mqtt,,veh-05,rsu-1,p5g-scale-mqtt-payload-1024-clients-20-veh-05-734,ipi-session-1,multiclient-scalability-weak-signal-run-1,veh-05,734,20-clients,default,stationary,unsynced,true,true,clients,20,count,IPI-CooperativeService,1098,1783365386938210301,1783365240519512940,1783365240519572100,,,,,,"CooperativeService{guidedPlanning, status=request, vehicleId=0x7665682d3035, requestedHorizonMs=2500, confidence=100, planning.waypoints=1, offloadTaskId=probe-734, offloadPayload=1024 bytes}"
5g-receiver,1783365240750091834,edge4av-real-20260706-multiclient-scalability-weak-signal-run-1,p5g-scale-mqtt-payload-1024-clients-20,scale,guided-planning,mqtt,,veh-05,rsu-1,p5g-scale-mqtt-payload-1024-clients-20-veh-05-735,ipi-session-1,multiclient-scalability-weak-signal-run-1,veh-05,735,20-clients,default,stationary,unsynced,true,true,clients,20,count,IPI-CooperativeService,1098,1783365387172384354,1783365240750034512,1783365240750091834,,,,,,"CooperativeService{guidedPlanning, status=request, vehicleId=0x7665682d3035, requestedHorizonMs=2500, confidence=100, planning.waypoints=1, offloadTaskId=probe-735, offloadPayload=1024 bytes}"
5g-receiver,1783365240981036900,edge4av-real-20260706-multiclient-scalability-weak-signal-run-1,p5g-scale-mqtt-payload-1024-clients-20,scale,guided-planning,mqtt,,veh-05,rsu-1,p5g-scale-mqtt-payload-1024-clients-20-veh-05-736,ipi-session-1,multiclient-scalability-weak-signal-run-1,veh-05,736,20-clients,default,stationary,unsynced,true,true,clients,20,count,IPI-CooperativeService,1098,1783365387404405214,1783365240980951337,1783365240981036900,,,,,,"CooperativeService{guidedPlanning, status=request, vehicleId=0x7665682d3035, requestedHorizonMs=2500, confidence=100, planning.waypoints=1, offloadTaskId=probe-736, offloadPayload=1024 bytes}"
5g-receiver,1783365241231707629,edge4av-real-20260706-multiclient-scalability-weak-signal-run-1,p5g-scale-mqtt-payload-1024-clients-20,scale,guided-planning,mqtt,,veh-05,rsu-1,p5g-scale-mqtt-payload-1024-clients-20-veh-05-737,ipi-session-1,multiclient-scalability-weak-signal-run-1,veh-05,737,20-clients,default,stationary,unsynced,true,true,clients,20,count,IPI-CooperativeService,1098,1783365387638613121,1783365241231642706,1783365241231707629,,,,,,"CooperativeService{guidedPlanning, status=request, vehicleId=0x7665682d3035, requestedHorizonMs=2500, confidence=100, planning.waypoints=1, offloadTaskId=probe-737, offloadPayload=1024 bytes}"
5g-receiver,1783365241491410717,edge4av-real-20260706-multiclient-scalability-weak-signal-run-1,p5g-scale-mqtt-payload-1024-clients-20,scale,guided-planning,mqtt,,veh-05,rsu-1,p5g-scale-mqtt-payload-1024-clients-20-veh-05-738,ipi-session-1,multiclient-scalability-weak-signal-run-1,veh-05,738,20-clients,default,stationary,unsynced,true,true,clients,20,count,IPI-CooperativeService,1098,1783365387888360316,1783365241491335166,1783365241491410717,,,,,,"CooperativeService{guidedPlanning, status=request, vehicleId=0x7665682d3035, requestedHorizonMs=2500, confidence=100, planning.waypoints=1, offloadTaskId=probe-738, offloadPayload=1024 bytes}"
5g-receiver,1783365241732254926,edge4av-real-20260706-multiclient-scalability-weak-signal-run-1,p5g-scale-mqtt-payload-1024-clients-20,scale,guided-planning,mqtt,,veh-05,rsu-1,p5g-scale-mqtt-payload-1024-clients-20-veh-05-739,ipi-session-1,multiclient-scalability-weak-signal-run-1,veh-05,739,20-clients,default,stationary,unsynced,true,true,clients,20,count,IPI-CooperativeService,1098,1783365388146368897,1783365241732203482,1783365241732254926,,,,,,"CooperativeService{guidedPlanning, status=request, vehicleId=0x7665682d3035, requestedHorizonMs=2500, confidence=100, planning.waypoints=1, offloadTaskId=probe-739, offloadPayload=1024 bytes}"
5g-receiver,1783365241972496545,edge4av-real-20260706-multiclient-scalability-weak-signal-run-1,p5g-scale-mqtt-payload-1024-clients-20,scale,guided-planning,mqtt,,veh-05,rsu-1,p5g-scale-mqtt-payload-1024-clients-20-veh-05-740,ipi-session-1,multiclient-scalability-weak-signal-run-1,veh-05,740,20-clients,default,stationary,unsynced,true,true,clients,20,count,IPI-CooperativeService,1098,1783365388388298280,1783365241972445033,1783365241972496545,,,,,,"CooperativeService{guidedPlanning, status=request, vehicleId=0x7665682d3035, requestedHorizonMs=2500, confidence=100, planning.waypoints=1, offloadTaskId=probe-740, offloadPayload=1024 bytes}"
5g-receiver,1783365242212537577,edge4av-real-20260706-multiclient-scalability-weak-signal-run-1,p5g-scale-mqtt-payload-1024-clients-20,scale,guided-planning,mqtt,,veh-05,rsu-1,p5g-scale-mqtt-payload-1024-clients-20-veh-05-741,ipi-session-1,multiclient-scalability-weak-signal-run-1,veh-05,741,20-clients,default,stationary,unsynced,true,true,clients,20,count,IPI-CooperativeService,1098,1783365388628431882,1783365242212479198,1783365242212537577,,,,,,"CooperativeService{guidedPlanning, status=request, vehicleId=0x7665682d3035, requestedHorizonMs=2500, confidence=100, planning.waypoints=1, offloadTaskId=probe-741, offloadPayload=1024 bytes}"
5g-receiver,1783365242442809006,edge4av-real-20260706-multiclient-scalability-weak-signal-run-1,p5g-scale-mqtt-payload-1024-clients-20,scale,guided-planning,mqtt,,veh-05,rsu-1,p5g-scale-mqtt-payload-1024-clients-20-veh-05-742,ipi-session-1,multiclient-scalability-weak-signal-run-1,veh-05,742,20-clients,default,stationary,unsynced,true,true,clients,20,count,IPI-CooperativeService,1098,1783365388868431229,1783365242442751458,1783365242442809006,,,,,,"CooperativeService{guidedPlanning, status=request, vehicleId=0x7665682d3035, requestedHorizonMs=2500, confidence=100, planning.waypoints=1, offloadTaskId=probe-742, offloadPayload=1024 bytes}"
5g-receiver,1783365242673699385,edge4av-real-20260706-multiclient-scalability-weak-signal-run-1,p5g-scale-mqtt-payload-1024-clients-20,scale,guided-planning,mqtt,,veh-05,rsu-1,p5g-scale-mqtt-payload-1024-clients-20-veh-05-743,ipi-session-1,multiclient-scalability-weak-signal-run-1,veh-05,743,20-clients,default,stationary,unsynced,true,true,clients,20,count,IPI-CooperativeService,1098,1783365389098470669,1783365242673635998,1783365242673699385,,,,,,"CooperativeService{guidedPlanning, status=request, vehicleId=0x7665682d3035, requestedHorizonMs=2500, confidence=100, planning.waypoints=1, offloadTaskId=probe-743, offloadPayload=1024 bytes}"
5g-receiver,1783365242933672817,edge4av-real-20260706-multiclient-scalability-weak-signal-run-1,p5g-scale-mqtt-payload-1024-clients-20,scale,guided-planning,mqtt,,veh-05,rsu-1,p5g-scale-mqtt-payload-1024-clients-20-veh-05-744,ipi-session-1,multiclient-scalability-weak-signal-run-1,veh-05,744,20-clients,default,stationary,unsynced,true,true,clients,20,count,IPI-CooperativeService,1098,1783365389328276707,1783365242933598110,1783365242933672817,,,,,,"CooperativeService{guidedPlanning, status=request, vehicleId=0x7665682d3035, requestedHorizonMs=2500, confidence=100, planning.waypoints=1, offloadTaskId=probe-744, offloadPayload=1024 bytes}"
5g-receiver,1783365243174702411,edge4av-real-20260706-multiclient-scalability-weak-signal-run-1,p5g-scale-mqtt-payload-1024-clients-20,scale,guided-planning,mqtt,,veh-05,rsu-1,p5g-scale-mqtt-payload-1024-clients-20-veh-05-745,ipi-session-1,multiclient-scalability-weak-signal-run-1,veh-05,745,20-clients,default,stationary,unsynced,true,true,clients,20,count,IPI-CooperativeService,1098,1783365389590309194,1783365243174627008,1783365243174702411,,,,,,"CooperativeService{guidedPlanning, status=request, vehicleId=0x7665682d3035, requestedHorizonMs=2500, confidence=100, planning.waypoints=1, offloadTaskId=probe-745, offloadPayload=1024 bytes}"
5g-receiver,1783365243415276053,edge4av-real-20260706-multiclient-scalability-weak-signal-run-1,p5g-scale-mqtt-payload-1024-clients-20,scale,guided-planning,mqtt,,veh-05,rsu-1,p5g-scale-mqtt-payload-1024-clients-20-veh-05-746,ipi-session-1,multiclient-scalability-weak-signal-run-1,veh-05,746,20-clients,default,stationary,unsynced,true,true,clients,20,count,IPI-CooperativeService,1098,1783365389835886393,1783365243415201900,1783365243415276053,,,,,,"CooperativeService{guidedPlanning, status=request, vehicleId=0x7665682d3035, requestedHorizonMs=2500, confidence=100, planning.waypoints=1, offloadTaskId=probe-746, offloadPayload=1024 bytes}"
5g-receiver,1783365243655591877,edge4av-real-20260706-multiclient-scalability-weak-signal-run-1,p5g-scale-mqtt-payload-1024-clients-20,scale,guided-planning,mqtt,,veh-05,rsu-1,p5g-scale-mqtt-payload-1024-clients-20-veh-05-747,ipi-session-1,multiclient-scalability-weak-signal-run-1,veh-05,747,20-clients,default,stationary,unsynced,true,true,clients,20,count,IPI-CooperativeService,1098,1783365390072426426,1783365243655525718,1783365243655591877,,,,,,"CooperativeService{guidedPlanning, status=request, vehicleId=0x7665682d3035, requestedHorizonMs=2500, confidence=100, planning.waypoints=1, offloadTaskId=probe-747, offloadPayload=1024 bytes}"
5g-receiver,1783365243915429149,edge4av-real-20260706-multiclient-scalability-weak-signal-run-1,p5g-scale-mqtt-payload-1024-clients-20,scale,guided-planning,mqtt,,veh-05,rsu-1,p5g-scale-mqtt-payload-1024-clients-20-veh-05-748,ipi-session-1,multiclient-scalability-weak-signal-run-1,veh-05,748,20-clients,default,stationary,unsynced,true,true,clients,20,count,IPI-CooperativeService,1098,1783365390314441593,1783365243915370192,1783365243915429149,,,,,,"CooperativeService{guidedPlanning, status=request, vehicleId=0x7665682d3035, requestedHorizonMs=2500, confidence=100, planning.waypoints=1, offloadTaskId=probe-748, offloadPayload=1024 bytes}"
5g-receiver,1783365244155486402,edge4av-real-20260706-multiclient-scalability-weak-signal-run-1,p5g-scale-mqtt-payload-1024-clients-20,scale,guided-planning,mqtt,,veh-05,rsu-1,p5g-scale-mqtt-payload-1024-clients-20-veh-05-749,ipi-session-1,multiclient-scalability-weak-signal-run-1,veh-05,749,20-clients,default,stationary,unsynced,true,true,clients,20,count,IPI-CooperativeService,1098,1783365390580406577,1783365244155428016,1783365244155486402,,,,,,"CooperativeService{guidedPlanning, status=request, vehicleId=0x7665682d3035, requestedHorizonMs=2500, confidence=100, planning.waypoints=1, offloadTaskId=probe-749, offloadPayload=1024 bytes}"
5g-receiver,1783365244397507281,edge4av-real-20260706-multiclient-scalability-weak-signal-run-1,p5g-scale-mqtt-payload-1024-clients-20,scale,guided-planning,mqtt,,veh-05,rsu-1,p5g-scale-mqtt-payload-1024-clients-20-veh-05-750,ipi-session-1,multiclient-scalability-weak-signal-run-1,veh-05,750,20-clients,default,stationary,unsynced,true,true,clients,20,count,IPI-CooperativeService,1098,1783365390812455777,1783365244397455808,1783365244397507281,,,,,,"CooperativeService{guidedPlanning, status=request, vehicleId=0x7665682d3035, requestedHorizonMs=2500, confidence=100, planning.waypoints=1, offloadTaskId=probe-750, offloadPayload=1024 bytes}"
5g-receiver,1783365244626967807,edge4av-real-20260706-multiclient-scalability-weak-signal-run-1,p5g-scale-mqtt-payload-1024-clients-20,scale,guided-planning,mqtt,,veh-05,rsu-1,p5g-scale-mqtt-payload-1024-clients-20-veh-05-751,ipi-session-1,multiclient-scalability-weak-signal-run-1,veh-05,751,20-clients,default,stationary,unsynced,true,true,clients,20,count,IPI-CooperativeService,1098,1783365391054411492,1783365244626905382,1783365244626967807,,,,,,"CooperativeService{guidedPlanning, status=request, vehicleId=0x7665682d3035, requestedHorizonMs=2500, confidence=100, planning.waypoints=1, offloadTaskId=probe-751, offloadPayload=1024 bytes}"
5g-receiver,1783365244866771861,edge4av-real-20260706-multiclient-scalability-weak-signal-run-1,p5g-scale-mqtt-payload-1024-clients-20,scale,guided-planning,mqtt,,veh-05,rsu-1,p5g-scale-mqtt-payload-1024-clients-20-veh-05-752,ipi-session-1,multiclient-scalability-weak-signal-run-1,veh-05,752,20-clients,default,stationary,unsynced,true,true,clients,20,count,IPI-CooperativeService,1098,1783365391284373724,1783365244866713381,1783365244866771861,,,,,,"CooperativeService{guidedPlanning, status=request, vehicleId=0x7665682d3035, requestedHorizonMs=2500, confidence=100, planning.waypoints=1, offloadTaskId=probe-752, offloadPayload=1024 bytes}"
5g-receiver,1783365245107396753,edge4av-real-20260706-multiclient-scalability-weak-signal-run-1,p5g-scale-mqtt-payload-1024-clients-20,scale,guided-planning,mqtt,,veh-05,rsu-1,p5g-scale-mqtt-payload-1024-clients-20-veh-05-753,ipi-session-1,multiclient-scalability-weak-signal-run-1,veh-05,753,20-clients,default,stationary,unsynced,true,true,clients,20,count,IPI-CooperativeService,1098,1783365391524370240,1783365245107337135,1783365245107396753,,,,,,"CooperativeService{guidedPlanning, status=request, vehicleId=0x7665682d3035, requestedHorizonMs=2500, confidence=100, planning.waypoints=1, offloadTaskId=probe-753, offloadPayload=1024 bytes}"
5g-receiver,1783365245347575364,edge4av-real-20260706-multiclient-scalability-weak-signal-run-1,p5g-scale-mqtt-payload-1024-clients-20,scale,guided-planning,mqtt,,veh-05,rsu-1,p5g-scale-mqtt-payload-1024-clients-20-veh-05-754,ipi-session-1,multiclient-scalability-weak-signal-run-1,veh-05,754,20-clients,default,stationary,unsynced,true,true,clients,20,count,IPI-CooperativeService,1098,1783365391762466414,1783365245347516477,1783365245347575364,,,,,,"CooperativeService{guidedPlanning, status=request, vehicleId=0x7665682d3035, requestedHorizonMs=2500, confidence=100, planning.waypoints=1, offloadTaskId=probe-754, offloadPayload=1024 bytes}"
5g-receiver,1783365245588251703,edge4av-real-20260706-multiclient-scalability-weak-signal-run-1,p5g-scale-mqtt-payload-1024-clients-20,scale,guided-planning,mqtt,,veh-05,rsu-1,p5g-scale-mqtt-payload-1024-clients-20-veh-05-755,ipi-session-1,multiclient-scalability-weak-signal-run-1,veh-05,755,20-clients,default,stationary,unsynced,true,true,clients,20,count,IPI-CooperativeService,1098,1783365392006479796,1783365245588177392,1783365245588251703,,,,,,"CooperativeService{guidedPlanning, status=request, vehicleId=0x7665682d3035, requestedHorizonMs=2500, confidence=100, planning.waypoints=1, offloadTaskId=probe-755, offloadPayload=1024 bytes}"
5g-receiver,1783365245898976968,edge4av-real-20260706-multiclient-scalability-weak-signal-run-1,p5g-scale-mqtt-payload-1024-clients-20,scale,guided-planning,mqtt,,veh-05,rsu-1,p5g-scale-mqtt-payload-1024-clients-20-veh-05-756,ipi-session-1,multiclient-scalability-weak-signal-run-1,veh-05,756,20-clients,default,stationary,unsynced,true,true,clients,20,count,IPI-CooperativeService,1098,1783365392252536877,1783365245898903131,1783365245898976968,,,,,,"CooperativeService{guidedPlanning, status=request, vehicleId=0x7665682d3035, requestedHorizonMs=2500, confidence=100, planning.waypoints=1, offloadTaskId=probe-756, offloadPayload=1024 bytes}"
5g-receiver,1783365246229514810,edge4av-real-20260706-multiclient-scalability-weak-signal-run-1,p5g-scale-mqtt-payload-1024-clients-20,scale,guided-planning,mqtt,,veh-05,rsu-1,p5g-scale-mqtt-payload-1024-clients-20-veh-05-757,ipi-session-1,multiclient-scalability-weak-signal-run-1,veh-05,757,20-clients,default,stationary,unsynced,true,true,clients,20,count,IPI-CooperativeService,1098,1783365392556472304,1783365246229464251,1783365246229514810,,,,,,"CooperativeService{guidedPlanning, status=request, vehicleId=0x7665682d3035, requestedHorizonMs=2500, confidence=100, planning.waypoints=1, offloadTaskId=probe-757, offloadPayload=1024 bytes}"
5g-receiver,1783365246590218767,edge4av-real-20260706-multiclient-scalability-weak-signal-run-1,p5g-scale-mqtt-payload-1024-clients-20,scale,guided-planning,mqtt,,veh-05,rsu-1,p5g-scale-mqtt-payload-1024-clients-20-veh-05-758,ipi-session-1,multiclient-scalability-weak-signal-run-1,veh-05,758,20-clients,default,stationary,unsynced,true,true,clients,20,count,IPI-CooperativeService,1098,1783365392886406419,1783365246590152030,1783365246590218767,,,,,,"CooperativeService{guidedPlanning, status=request, vehicleId=0x7665682d3035, requestedHorizonMs=2500, confidence=100, planning.waypoints=1, offloadTaskId=probe-758, offloadPayload=1024 bytes}"
5g-receiver,1783365246960372412,edge4av-real-20260706-multiclient-scalability-weak-signal-run-1,p5g-scale-mqtt-payload-1024-clients-20,scale,guided-planning,mqtt,,veh-05,rsu-1,p5g-scale-mqtt-payload-1024-clients-20-veh-05-759,ipi-session-1,multiclient-scalability-weak-signal-run-1,veh-05,759,20-clients,default,stationary,unsynced,true,true,clients,20,count,IPI-CooperativeService,1098,1783365393246470012,1783365246960314550,1783365246960372412,,,,,,"CooperativeService{guidedPlanning, status=request, vehicleId=0x7665682d3035, requestedHorizonMs=2500, confidence=100, planning.waypoints=1, offloadTaskId=probe-759, offloadPayload=1024 bytes}"
5g-receiver,1783365247631345912,edge4av-real-20260706-multiclient-scalability-weak-signal-run-1,p5g-scale-mqtt-payload-1024-clients-20,scale,guided-planning,mqtt,,veh-05,rsu-1,p5g-scale-mqtt-payload-1024-clients-20-veh-05-760,ipi-session-1,multiclient-scalability-weak-signal-run-1,veh-05,760,20-clients,default,stationary,unsynced,true,true,clients,20,count,IPI-CooperativeService,1098,1783365393628627199,1783365247631287446,1783365247631345912,,,,,,"CooperativeService{guidedPlanning, status=request, vehicleId=0x7665682d3035, requestedHorizonMs=2500, confidence=100, planning.waypoints=1, offloadTaskId=probe-760, offloadPayload=1024 bytes}"
5g-receiver,1783365247932057540,edge4av-real-20260706-multiclient-scalability-weak-signal-run-1,p5g-scale-mqtt-payload-1024-clients-20,scale,guided-planning,mqtt,,veh-05,rsu-1,p5g-scale-mqtt-payload-1024-clients-20-veh-05-761,ipi-session-1,multiclient-scalability-weak-signal-run-1,veh-05,761,20-clients,default,stationary,unsynced,true,true,clients,20,count,IPI-CooperativeService,1098,1783365394296400040,1783365247931999164,1783365247932057540,,,,,,"CooperativeService{guidedPlanning, status=request, vehicleId=0x7665682d3035, requestedHorizonMs=2500, confidence=100, planning.waypoints=1, offloadTaskId=probe-761, offloadPayload=1024 bytes}"
5g-receiver,1783365248232816857,edge4av-real-20260706-multiclient-scalability-weak-signal-run-1,p5g-scale-mqtt-payload-1024-clients-20,scale,guided-planning,mqtt,,veh-05,rsu-1,p5g-scale-mqtt-payload-1024-clients-20-veh-05-762,ipi-session-1,multiclient-scalability-weak-signal-run-1,veh-05,762,20-clients,default,stationary,unsynced,true,true,clients,20,count,IPI-CooperativeService,1098,1783365394588559153,1783365248232758438,1783365248232816857,,,,,,"CooperativeService{guidedPlanning, status=request, vehicleId=0x7665682d3035, requestedHorizonMs=2500, confidence=100, planning.waypoints=1, offloadTaskId=probe-762, offloadPayload=1024 bytes}"
5g-receiver,1783365248563134278,edge4av-real-20260706-multiclient-scalability-weak-signal-run-1,p5g-scale-mqtt-payload-1024-clients-20,scale,guided-planning,mqtt,,veh-05,rsu-1,p5g-scale-mqtt-payload-1024-clients-20-veh-05-763,ipi-session-1,multiclient-scalability-weak-signal-run-1,veh-05,763,20-clients,default,stationary,unsynced,true,true,clients,20,count,IPI-CooperativeService,1098,1783365394890285284,1783365248563082581,1783365248563134278,,,,,,"CooperativeService{guidedPlanning, status=request, vehicleId=0x7665682d3035, requestedHorizonMs=2500, confidence=100, planning.waypoints=1, offloadTaskId=probe-763, offloadPayload=1024 bytes}"
5g-receiver,1783365248943979526,edge4av-real-20260706-multiclient-scalability-weak-signal-run-1,p5g-scale-mqtt-payload-1024-clients-20,scale,guided-planning,mqtt,,veh-05,rsu-1,p5g-scale-mqtt-payload-1024-clients-20-veh-05-764,ipi-session-1,multiclient-scalability-weak-signal-run-1,veh-05,764,20-clients,default,stationary,unsynced,true,true,clients,20,count,IPI-CooperativeService,1098,1783365395222339746,1783365248943921094,1783365248943979526,,,,,,"CooperativeService{guidedPlanning, status=request, vehicleId=0x7665682d3035, requestedHorizonMs=2500, confidence=100, planning.waypoints=1, offloadTaskId=probe-764, offloadPayload=1024 bytes}"
5g-receiver,1783365249284458056,edge4av-real-20260706-multiclient-scalability-weak-signal-run-1,p5g-scale-mqtt-payload-1024-clients-20,scale,guided-planning,mqtt,,veh-05,rsu-1,p5g-scale-mqtt-payload-1024-clients-20-veh-05-765,ipi-session-1,multiclient-scalability-weak-signal-run-1,veh-05,765,20-clients,default,stationary,unsynced,true,true,clients,20,count,IPI-CooperativeService,1098,1783365395598360400,1783365249284399865,1783365249284458056,,,,,,"CooperativeService{guidedPlanning, status=request, vehicleId=0x7665682d3035, requestedHorizonMs=2500, confidence=100, planning.waypoints=1, offloadTaskId=probe-765, offloadPayload=1024 bytes}"
5g-receiver,1783365249635411980,edge4av-real-20260706-multiclient-scalability-weak-signal-run-1,p5g-scale-mqtt-payload-1024-clients-20,scale,guided-planning,mqtt,,veh-05,rsu-1,p5g-scale-mqtt-payload-1024-clients-20-veh-05-766,ipi-session-1,multiclient-scalability-weak-signal-run-1,veh-05,766,20-clients,default,stationary,unsynced,true,true,clients,20,count,IPI-CooperativeService,1098,1783365395942314040,1783365249635352018,1783365249635411980,,,,,,"CooperativeService{guidedPlanning, status=request, vehicleId=0x7665682d3035, requestedHorizonMs=2500, confidence=100, planning.waypoints=1, offloadTaskId=probe-766, offloadPayload=1024 bytes}"
5g-receiver,1783365249985727496,edge4av-real-20260706-multiclient-scalability-weak-signal-run-1,p5g-scale-mqtt-payload-1024-clients-20,scale,guided-planning,mqtt,,veh-05,rsu-1,p5g-scale-mqtt-payload-1024-clients-20-veh-05-767,ipi-session-1,multiclient-scalability-weak-signal-run-1,veh-05,767,20-clients,default,stationary,unsynced,true,true,clients,20,count,IPI-CooperativeService,1098,1783365396294539895,1783365249985669246,1783365249985727496,,,,,,"CooperativeService{guidedPlanning, status=request, vehicleId=0x7665682d3035, requestedHorizonMs=2500, confidence=100, planning.waypoints=1, offloadTaskId=probe-767, offloadPayload=1024 bytes}"
5g-receiver,1783365250336428290,edge4av-real-20260706-multiclient-scalability-weak-signal-run-1,p5g-scale-mqtt-payload-1024-clients-20,scale,guided-planning,mqtt,,veh-05,rsu-1,p5g-scale-mqtt-payload-1024-clients-20-veh-05-768,ipi-session-1,multiclient-scalability-weak-signal-run-1,veh-05,768,20-clients,default,stationary,unsynced,true,true,clients,20,count,IPI-CooperativeService,1098,1783365396640388161,1783365250336370391,1783365250336428290,,,,,,"CooperativeService{guidedPlanning, status=request, vehicleId=0x7665682d3035, requestedHorizonMs=2500, confidence=100, planning.waypoints=1, offloadTaskId=probe-768, offloadPayload=1024 bytes}"
5g-receiver,1783365250657025852,edge4av-real-20260706-multiclient-scalability-weak-signal-run-1,p5g-scale-mqtt-payload-1024-clients-20,scale,guided-planning,mqtt,,veh-05,rsu-1,p5g-scale-mqtt-payload-1024-clients-20-veh-05-769,ipi-session-1,multiclient-scalability-weak-signal-run-1,veh-05,769,20-clients,default,stationary,unsynced,true,true,clients,20,count,IPI-CooperativeService,1098,1783365396992371623,1783365250656966542,1783365250657025852,,,,,,"CooperativeService{guidedPlanning, status=request, vehicleId=0x7665682d3035, requestedHorizonMs=2500, confidence=100, planning.waypoints=1, offloadTaskId=probe-769, offloadPayload=1024 bytes}"
5g-receiver,1783365250887339790,edge4av-real-20260706-multiclient-scalability-weak-signal-run-1,p5g-scale-mqtt-payload-1024-clients-20,scale,guided-planning,mqtt,,veh-05,rsu-1,p5g-scale-mqtt-payload-1024-clients-20-veh-05-770,ipi-session-1,multiclient-scalability-weak-signal-run-1,veh-05,770,20-clients,default,stationary,unsynced,true,true,clients,20,count,IPI-CooperativeService,1098,1783365397312372653,1783365250887281882,1783365250887339790,,,,,,"CooperativeService{guidedPlanning, status=request, vehicleId=0x7665682d3035, requestedHorizonMs=2500, confidence=100, planning.waypoints=1, offloadTaskId=probe-770, offloadPayload=1024 bytes}"
5g-receiver,1783365251128524691,edge4av-real-20260706-multiclient-scalability-weak-signal-run-1,p5g-scale-mqtt-payload-1024-clients-20,scale,guided-planning,mqtt,,veh-05,rsu-1,p5g-scale-mqtt-payload-1024-clients-20-veh-05-771,ipi-session-1,multiclient-scalability-weak-signal-run-1,veh-05,771,20-clients,default,stationary,unsynced,true,true,clients,20,count,IPI-CooperativeService,1098,1783365397546366086,1783365251128475038,1783365251128524691,,,,,,"CooperativeService{guidedPlanning, status=request, vehicleId=0x7665682d3035, requestedHorizonMs=2500, confidence=100, planning.waypoints=1, offloadTaskId=probe-771, offloadPayload=1024 bytes}"
5g-receiver,1783365251359069169,edge4av-real-20260706-multiclient-scalability-weak-signal-run-1,p5g-scale-mqtt-payload-1024-clients-20,scale,guided-planning,mqtt,,veh-05,rsu-1,p5g-scale-mqtt-payload-1024-clients-20-veh-05-772,ipi-session-1,multiclient-scalability-weak-signal-run-1,veh-05,772,20-clients,default,stationary,unsynced,true,true,clients,20,count,IPI-CooperativeService,1098,1783365397784428828,1783365251359018043,1783365251359069169,,,,,,"CooperativeService{guidedPlanning, status=request, vehicleId=0x7665682d3035, requestedHorizonMs=2500, confidence=100, planning.waypoints=1, offloadTaskId=probe-772, offloadPayload=1024 bytes}"
5g-receiver,1783365251608895630,edge4av-real-20260706-multiclient-scalability-weak-signal-run-1,p5g-scale-mqtt-payload-1024-clients-20,scale,guided-planning,mqtt,,veh-05,rsu-1,p5g-scale-mqtt-payload-1024-clients-20-veh-05-773,ipi-session-1,multiclient-scalability-weak-signal-run-1,veh-05,773,20-clients,default,stationary,unsynced,true,true,clients,20,count,IPI-CooperativeService,1098,1783365398024472081,1783365251608836573,1783365251608895630,,,,,,"CooperativeService{guidedPlanning, status=request, vehicleId=0x7665682d3035, requestedHorizonMs=2500, confidence=100, planning.waypoints=1, offloadTaskId=probe-773, offloadPayload=1024 bytes}"
5g-receiver,1783365251839096715,edge4av-real-20260706-multiclient-scalability-weak-signal-run-1,p5g-scale-mqtt-payload-1024-clients-20,scale,guided-planning,mqtt,,veh-05,rsu-1,p5g-scale-mqtt-payload-1024-clients-20-veh-05-774,ipi-session-1,multiclient-scalability-weak-signal-run-1,veh-05,774,20-clients,default,stationary,unsynced,true,true,clients,20,count,IPI-CooperativeService,1098,1783365398268260513,1783365251839038140,1783365251839096715,,,,,,"CooperativeService{guidedPlanning, status=request, vehicleId=0x7665682d3035, requestedHorizonMs=2500, confidence=100, planning.waypoints=1, offloadTaskId=probe-774, offloadPayload=1024 bytes}"
5g-receiver,1783365252079491661,edge4av-real-20260706-multiclient-scalability-weak-signal-run-1,p5g-scale-mqtt-payload-1024-clients-20,scale,guided-planning,mqtt,,veh-05,rsu-1,p5g-scale-mqtt-payload-1024-clients-20-veh-05-775,ipi-session-1,multiclient-scalability-weak-signal-run-1,veh-05,775,20-clients,default,stationary,unsynced,true,true,clients,20,count,IPI-CooperativeService,1098,1783365398496340743,1783365252079433378,1783365252079491661,,,,,,"CooperativeService{guidedPlanning, status=request, vehicleId=0x7665682d3035, requestedHorizonMs=2500, confidence=100, planning.waypoints=1, offloadTaskId=probe-775, offloadPayload=1024 bytes}"
5g-receiver,1783365252329893226,edge4av-real-20260706-multiclient-scalability-weak-signal-run-1,p5g-scale-mqtt-payload-1024-clients-20,scale,guided-planning,mqtt,,veh-05,rsu-1,p5g-scale-mqtt-payload-1024-clients-20-veh-05-776,ipi-session-1,multiclient-scalability-weak-signal-run-1,veh-05,776,20-clients,default,stationary,unsynced,true,true,clients,20,count,IPI-CooperativeService,1098,1783365398738429390,1783365252329841190,1783365252329893226,,,,,,"CooperativeService{guidedPlanning, status=request, vehicleId=0x7665682d3035, requestedHorizonMs=2500, confidence=100, planning.waypoints=1, offloadTaskId=probe-776, offloadPayload=1024 bytes}"
5g-receiver,1783365252570372682,edge4av-real-20260706-multiclient-scalability-weak-signal-run-1,p5g-scale-mqtt-payload-1024-clients-20,scale,guided-planning,mqtt,,veh-05,rsu-1,p5g-scale-mqtt-payload-1024-clients-20-veh-05-777,ipi-session-1,multiclient-scalability-weak-signal-run-1,veh-05,777,20-clients,default,stationary,unsynced,true,true,clients,20,count,IPI-CooperativeService,1098,1783365398988405973,1783365252570314270,1783365252570372682,,,,,,"CooperativeService{guidedPlanning, status=request, vehicleId=0x7665682d3035, requestedHorizonMs=2500, confidence=100, planning.waypoints=1, offloadTaskId=probe-777, offloadPayload=1024 bytes}"
5g-receiver,1783365252811103978,edge4av-real-20260706-multiclient-scalability-weak-signal-run-1,p5g-scale-mqtt-payload-1024-clients-20,scale,guided-planning,mqtt,,veh-05,rsu-1,p5g-scale-mqtt-payload-1024-clients-20-veh-05-778,ipi-session-1,multiclient-scalability-weak-signal-run-1,veh-05,778,20-clients,default,stationary,unsynced,true,true,clients,20,count,IPI-CooperativeService,1098,1783365399228377018,1783365252811045648,1783365252811103978,,,,,,"CooperativeService{guidedPlanning, status=request, vehicleId=0x7665682d3035, requestedHorizonMs=2500, confidence=100, planning.waypoints=1, offloadTaskId=probe-778, offloadPayload=1024 bytes}"
5g-receiver,1783365253051453898,edge4av-real-20260706-multiclient-scalability-weak-signal-run-1,p5g-scale-mqtt-payload-1024-clients-20,scale,guided-planning,mqtt,,veh-05,rsu-1,p5g-scale-mqtt-payload-1024-clients-20-veh-05-779,ipi-session-1,multiclient-scalability-weak-signal-run-1,veh-05,779,20-clients,default,stationary,unsynced,true,true,clients,20,count,IPI-CooperativeService,1098,1783365399468571208,1783365253051393830,1783365253051453898,,,,,,"CooperativeService{guidedPlanning, status=request, vehicleId=0x7665682d3035, requestedHorizonMs=2500, confidence=100, planning.waypoints=1, offloadTaskId=probe-779, offloadPayload=1024 bytes}"
5g-receiver,1783365253302386701,edge4av-real-20260706-multiclient-scalability-weak-signal-run-1,p5g-scale-mqtt-payload-1024-clients-20,scale,guided-planning,mqtt,,veh-05,rsu-1,p5g-scale-mqtt-payload-1024-clients-20-veh-05-780,ipi-session-1,multiclient-scalability-weak-signal-run-1,veh-05,780,20-clients,default,stationary,unsynced,true,true,clients,20,count,IPI-CooperativeService,1098,1783365399708348067,1783365253302331802,1783365253302386701,,,,,,"CooperativeService{guidedPlanning, status=request, vehicleId=0x7665682d3035, requestedHorizonMs=2500, confidence=100, planning.waypoints=1, offloadTaskId=probe-780, offloadPayload=1024 bytes}"
5g-receiver,1783365253552068024,edge4av-real-20260706-multiclient-scalability-weak-signal-run-1,p5g-scale-mqtt-payload-1024-clients-20,scale,guided-planning,mqtt,,veh-05,rsu-1,p5g-scale-mqtt-payload-1024-clients-20-veh-05-781,ipi-session-1,multiclient-scalability-weak-signal-run-1,veh-05,781,20-clients,default,stationary,unsynced,true,true,clients,20,count,IPI-CooperativeService,1098,1783365399958338935,1783365253552000811,1783365253552068024,,,,,,"CooperativeService{guidedPlanning, status=request, vehicleId=0x7665682d3035, requestedHorizonMs=2500, confidence=100, planning.waypoints=1, offloadTaskId=probe-781, offloadPayload=1024 bytes}"
5g-receiver,1783365253793159651,edge4av-real-20260706-multiclient-scalability-weak-signal-run-1,p5g-scale-mqtt-payload-1024-clients-20,scale,guided-planning,mqtt,,veh-05,rsu-1,p5g-scale-mqtt-payload-1024-clients-20-veh-05-782,ipi-session-1,multiclient-scalability-weak-signal-run-1,veh-05,782,20-clients,default,stationary,unsynced,true,true,clients,20,count,IPI-CooperativeService,1098,1783365400208448955,1783365253793089819,1783365253793159651,,,,,,"CooperativeService{guidedPlanning, status=request, vehicleId=0x7665682d3035, requestedHorizonMs=2500, confidence=100, planning.waypoints=1, offloadTaskId=probe-782, offloadPayload=1024 bytes}"
5g-receiver,1783365254042943611,edge4av-real-20260706-multiclient-scalability-weak-signal-run-1,p5g-scale-mqtt-payload-1024-clients-20,scale,guided-planning,mqtt,,veh-05,rsu-1,p5g-scale-mqtt-payload-1024-clients-20-veh-05-783,ipi-session-1,multiclient-scalability-weak-signal-run-1,veh-05,783,20-clients,default,stationary,unsynced,true,true,clients,20,count,IPI-CooperativeService,1098,1783365400448442743,1783365254042885130,1783365254042943611,,,,,,"CooperativeService{guidedPlanning, status=request, vehicleId=0x7665682d3035, requestedHorizonMs=2500, confidence=100, planning.waypoints=1, offloadTaskId=probe-783, offloadPayload=1024 bytes}"
5g-receiver,1783365254272949449,edge4av-real-20260706-multiclient-scalability-weak-signal-run-1,p5g-scale-mqtt-payload-1024-clients-20,scale,guided-planning,mqtt,,veh-05,rsu-1,p5g-scale-mqtt-payload-1024-clients-20-veh-05-784,ipi-session-1,multiclient-scalability-weak-signal-run-1,veh-05,784,20-clients,default,stationary,unsynced,true,true,clients,20,count,IPI-CooperativeService,1098,1783365400698401563,1783365254272891906,1783365254272949449,,,,,,"CooperativeService{guidedPlanning, status=request, vehicleId=0x7665682d3035, requestedHorizonMs=2500, confidence=100, planning.waypoints=1, offloadTaskId=probe-784, offloadPayload=1024 bytes}"
5g-receiver,1783365254503463360,edge4av-real-20260706-multiclient-scalability-weak-signal-run-1,p5g-scale-mqtt-payload-1024-clients-20,scale,guided-planning,mqtt,,veh-05,rsu-1,p5g-scale-mqtt-payload-1024-clients-20-veh-05-785,ipi-session-1,multiclient-scalability-weak-signal-run-1,veh-05,785,20-clients,default,stationary,unsynced,true,true,clients,20,count,IPI-CooperativeService,1098,1783365400928459236,1783365254503405319,1783365254503463360,,,,,,"CooperativeService{guidedPlanning, status=request, vehicleId=0x7665682d3035, requestedHorizonMs=2500, confidence=100, planning.waypoints=1, offloadTaskId=probe-785, offloadPayload=1024 bytes}"
5g-receiver,1783365254744183947,edge4av-real-20260706-multiclient-scalability-weak-signal-run-1,p5g-scale-mqtt-payload-1024-clients-20,scale,guided-planning,mqtt,,veh-05,rsu-1,p5g-scale-mqtt-payload-1024-clients-20-veh-05-786,ipi-session-1,multiclient-scalability-weak-signal-run-1,veh-05,786,20-clients,default,stationary,unsynced,true,true,clients,20,count,IPI-CooperativeService,1098,1783365401162246515,1783365254744124932,1783365254744183947,,,,,,"CooperativeService{guidedPlanning, status=request, vehicleId=0x7665682d3035, requestedHorizonMs=2500, confidence=100, planning.waypoints=1, offloadTaskId=probe-786, offloadPayload=1024 bytes}"
5g-receiver,1783365254984311166,edge4av-real-20260706-multiclient-scalability-weak-signal-run-1,p5g-scale-mqtt-payload-1024-clients-20,scale,guided-planning,mqtt,,veh-05,rsu-1,p5g-scale-mqtt-payload-1024-clients-20-veh-05-787,ipi-session-1,multiclient-scalability-weak-signal-run-1,veh-05,787,20-clients,default,stationary,unsynced,true,true,clients,20,count,IPI-CooperativeService,1098,1783365401398417617,1783365254984253438,1783365254984311166,,,,,,"CooperativeService{guidedPlanning, status=request, vehicleId=0x7665682d3035, requestedHorizonMs=2500, confidence=100, planning.waypoints=1, offloadTaskId=probe-787, offloadPayload=1024 bytes}"
5g-receiver,1783365255234764370,edge4av-real-20260706-multiclient-scalability-weak-signal-run-1,p5g-scale-mqtt-payload-1024-clients-20,scale,guided-planning,mqtt,,veh-05,rsu-1,p5g-scale-mqtt-payload-1024-clients-20-veh-05-788,ipi-session-1,multiclient-scalability-weak-signal-run-1,veh-05,788,20-clients,default,stationary,unsynced,true,true,clients,20,count,IPI-CooperativeService,1098,1783365401642394366,1783365255234684573,1783365255234764370,,,,,,"CooperativeService{guidedPlanning, status=request, vehicleId=0x7665682d3035, requestedHorizonMs=2500, confidence=100, planning.waypoints=1, offloadTaskId=probe-788, offloadPayload=1024 bytes}"
5g-receiver,1783365255485200642,edge4av-real-20260706-multiclient-scalability-weak-signal-run-1,p5g-scale-mqtt-payload-1024-clients-20,scale,guided-planning,mqtt,,veh-05,rsu-1,p5g-scale-mqtt-payload-1024-clients-20-veh-05-789,ipi-session-1,multiclient-scalability-weak-signal-run-1,veh-05,789,20-clients,default,stationary,unsynced,true,true,clients,20,count,IPI-CooperativeService,1098,1783365401894310291,1783365255485142544,1783365255485200642,,,,,,"CooperativeService{guidedPlanning, status=request, vehicleId=0x7665682d3035, requestedHorizonMs=2500, confidence=100, planning.waypoints=1, offloadTaskId=probe-789, offloadPayload=1024 bytes}"
5g-receiver,1783365255715651573,edge4av-real-20260706-multiclient-scalability-weak-signal-run-1,p5g-scale-mqtt-payload-1024-clients-20,scale,guided-planning,mqtt,,veh-05,rsu-1,p5g-scale-mqtt-payload-1024-clients-20-veh-05-790,ipi-session-1,multiclient-scalability-weak-signal-run-1,veh-05,790,20-clients,default,stationary,unsynced,true,true,clients,20,count,IPI-CooperativeService,1098,1783365402140428438,1783365255715593407,1783365255715651573,,,,,,"CooperativeService{guidedPlanning, status=request, vehicleId=0x7665682d3035, requestedHorizonMs=2500, confidence=100, planning.waypoints=1, offloadTaskId=probe-790, offloadPayload=1024 bytes}"
5g-receiver,1783365255976055760,edge4av-real-20260706-multiclient-scalability-weak-signal-run-1,p5g-scale-mqtt-payload-1024-clients-20,scale,guided-planning,mqtt,,veh-05,rsu-1,p5g-scale-mqtt-payload-1024-clients-20-veh-05-791,ipi-session-1,multiclient-scalability-weak-signal-run-1,veh-05,791,20-clients,default,stationary,unsynced,true,true,clients,20,count,IPI-CooperativeService,1098,1783365402374535152,1783365255975999957,1783365255976055760,,,,,,"CooperativeService{guidedPlanning, status=request, vehicleId=0x7665682d3035, requestedHorizonMs=2500, confidence=100, planning.waypoints=1, offloadTaskId=probe-791, offloadPayload=1024 bytes}"
5g-receiver,1783365256206695748,edge4av-real-20260706-multiclient-scalability-weak-signal-run-1,p5g-scale-mqtt-payload-1024-clients-20,scale,guided-planning,mqtt,,veh-05,rsu-1,p5g-scale-mqtt-payload-1024-clients-20-veh-05-792,ipi-session-1,multiclient-scalability-weak-signal-run-1,veh-05,792,20-clients,default,stationary,unsynced,true,true,clients,20,count,IPI-CooperativeService,1098,1783365402639101556,1783365256206637589,1783365256206695748,,,,,,"CooperativeService{guidedPlanning, status=request, vehicleId=0x7665682d3035, requestedHorizonMs=2500, confidence=100, planning.waypoints=1, offloadTaskId=probe-792, offloadPayload=1024 bytes}"
5g-receiver,1783365256436982896,edge4av-real-20260706-multiclient-scalability-weak-signal-run-1,p5g-scale-mqtt-payload-1024-clients-20,scale,guided-planning,mqtt,,veh-05,rsu-1,p5g-scale-mqtt-payload-1024-clients-20-veh-05-793,ipi-session-1,multiclient-scalability-weak-signal-run-1,veh-05,793,20-clients,default,stationary,unsynced,true,true,clients,20,count,IPI-CooperativeService,1098,1783365402864383590,1783365256436924422,1783365256436982896,,,,,,"CooperativeService{guidedPlanning, status=request, vehicleId=0x7665682d3035, requestedHorizonMs=2500, confidence=100, planning.waypoints=1, offloadTaskId=probe-793, offloadPayload=1024 bytes}"
5g-receiver,1783365256667364767,edge4av-real-20260706-multiclient-scalability-weak-signal-run-1,p5g-scale-mqtt-payload-1024-clients-20,scale,guided-planning,mqtt,,veh-05,rsu-1,p5g-scale-mqtt-payload-1024-clients-20-veh-05-794,ipi-session-1,multiclient-scalability-weak-signal-run-1,veh-05,794,20-clients,default,stationary,unsynced,true,true,clients,20,count,IPI-CooperativeService,1098,1783365403092483768,1783365256667307164,1783365256667364767,,,,,,"CooperativeService{guidedPlanning, status=request, vehicleId=0x7665682d3035, requestedHorizonMs=2500, confidence=100, planning.waypoints=1, offloadTaskId=probe-794, offloadPayload=1024 bytes}"
5g-receiver,1783365256907640255,edge4av-real-20260706-multiclient-scalability-weak-signal-run-1,p5g-scale-mqtt-payload-1024-clients-20,scale,guided-planning,mqtt,,veh-05,rsu-1,p5g-scale-mqtt-payload-1024-clients-20-veh-05-795,ipi-session-1,multiclient-scalability-weak-signal-run-1,veh-05,795,20-clients,default,stationary,unsynced,true,true,clients,20,count,IPI-CooperativeService,1098,1783365403334361376,1783365256907582037,1783365256907640255,,,,,,"CooperativeService{guidedPlanning, status=request, vehicleId=0x7665682d3035, requestedHorizonMs=2500, confidence=100, planning.waypoints=1, offloadTaskId=probe-795, offloadPayload=1024 bytes}"
5g-receiver,1783365257148020436,edge4av-real-20260706-multiclient-scalability-weak-signal-run-1,p5g-scale-mqtt-payload-1024-clients-20,scale,guided-planning,mqtt,,veh-05,rsu-1,p5g-scale-mqtt-payload-1024-clients-20-veh-05-796,ipi-session-1,multiclient-scalability-weak-signal-run-1,veh-05,796,20-clients,default,stationary,unsynced,true,true,clients,20,count,IPI-CooperativeService,1098,1783365403570376437,1783365257147962044,1783365257148020436,,,,,,"CooperativeService{guidedPlanning, status=request, vehicleId=0x7665682d3035, requestedHorizonMs=2500, confidence=100, planning.waypoints=1, offloadTaskId=probe-796, offloadPayload=1024 bytes}"
5g-receiver,1783365257389809639,edge4av-real-20260706-multiclient-scalability-weak-signal-run-1,p5g-scale-mqtt-payload-1024-clients-20,scale,guided-planning,mqtt,,veh-05,rsu-1,p5g-scale-mqtt-payload-1024-clients-20-veh-05-797,ipi-session-1,multiclient-scalability-weak-signal-run-1,veh-05,797,20-clients,default,stationary,unsynced,true,true,clients,20,count,IPI-CooperativeService,1098,1783365403806461122,1783365257389739372,1783365257389809639,,,,,,"CooperativeService{guidedPlanning, status=request, vehicleId=0x7665682d3035, requestedHorizonMs=2500, confidence=100, planning.waypoints=1, offloadTaskId=probe-797, offloadPayload=1024 bytes}"
5g-receiver,1783365257649215791,edge4av-real-20260706-multiclient-scalability-weak-signal-run-1,p5g-scale-mqtt-payload-1024-clients-20,scale,guided-planning,mqtt,,veh-05,rsu-1,p5g-scale-mqtt-payload-1024-clients-20-veh-05-798,ipi-session-1,multiclient-scalability-weak-signal-run-1,veh-05,798,20-clients,default,stationary,unsynced,true,true,clients,20,count,IPI-CooperativeService,1098,1783365404044386836,1783365257649157392,1783365257649215791,,,,,,"CooperativeService{guidedPlanning, status=request, vehicleId=0x7665682d3035, requestedHorizonMs=2500, confidence=100, planning.waypoints=1, offloadTaskId=probe-798, offloadPayload=1024 bytes}"
5g-receiver,1783365257889387057,edge4av-real-20260706-multiclient-scalability-weak-signal-run-1,p5g-scale-mqtt-payload-1024-clients-20,scale,guided-planning,mqtt,,veh-05,rsu-1,p5g-scale-mqtt-payload-1024-clients-20-veh-05-799,ipi-session-1,multiclient-scalability-weak-signal-run-1,veh-05,799,20-clients,default,stationary,unsynced,true,true,clients,20,count,IPI-CooperativeService,1098,1783365404306424023,1783365257889307387,1783365257889387057,,,,,,"CooperativeService{guidedPlanning, status=request, vehicleId=0x7665682d3035, requestedHorizonMs=2500, confidence=100, planning.waypoints=1, offloadTaskId=probe-799, offloadPayload=1024 bytes}"
5g-receiver,1783365258780976914,edge4av-real-20260706-multiclient-scalability-weak-signal-run-1,p5g-scale-mqtt-payload-1024-clients-20,scale,guided-planning,mqtt,,veh-05,rsu-1,p5g-scale-mqtt-payload-1024-clients-20-veh-05-800,ipi-session-1,multiclient-scalability-weak-signal-run-1,veh-05,800,20-clients,default,stationary,unsynced,true,true,clients,20,count,IPI-CooperativeService,1098,1783365404546362129,1783365258780918199,1783365258780976914,,,,,,"CooperativeService{guidedPlanning, status=request, vehicleId=0x7665682d3035, requestedHorizonMs=2500, confidence=100, planning.waypoints=1, offloadTaskId=probe-800, offloadPayload=1024 bytes}"
5g-receiver,1783365259151403901,edge4av-real-20260706-multiclient-scalability-weak-signal-run-1,p5g-scale-mqtt-payload-1024-clients-20,scale,guided-planning,mqtt,,veh-05,rsu-1,p5g-scale-mqtt-payload-1024-clients-20-veh-05-801,ipi-session-1,multiclient-scalability-weak-signal-run-1,veh-05,801,20-clients,default,stationary,unsynced,true,true,clients,20,count,IPI-CooperativeService,1098,1783365405438432953,1783365259151343610,1783365259151403901,,,,,,"CooperativeService{guidedPlanning, status=request, vehicleId=0x7665682d3035, requestedHorizonMs=2500, confidence=100, planning.waypoints=1, offloadTaskId=probe-801, offloadPayload=1024 bytes}"
5g-receiver,1783365259492173097,edge4av-real-20260706-multiclient-scalability-weak-signal-run-1,p5g-scale-mqtt-payload-1024-clients-20,scale,guided-planning,mqtt,,veh-05,rsu-1,p5g-scale-mqtt-payload-1024-clients-20-veh-05-802,ipi-session-1,multiclient-scalability-weak-signal-run-1,veh-05,802,20-clients,default,stationary,unsynced,true,true,clients,20,count,IPI-CooperativeService,1098,1783365405810432765,1783365259492114405,1783365259492173097,,,,,,"CooperativeService{guidedPlanning, status=request, vehicleId=0x7665682d3035, requestedHorizonMs=2500, confidence=100, planning.waypoints=1, offloadTaskId=probe-802, offloadPayload=1024 bytes}"
5g-receiver,1783365259732541060,edge4av-real-20260706-multiclient-scalability-weak-signal-run-1,p5g-scale-mqtt-payload-1024-clients-20,scale,guided-planning,mqtt,,veh-05,rsu-1,p5g-scale-mqtt-payload-1024-clients-20-veh-05-803,ipi-session-1,multiclient-scalability-weak-signal-run-1,veh-05,803,20-clients,default,stationary,unsynced,true,true,clients,20,count,IPI-CooperativeService,1098,1783365406148377036,1783365259732482430,1783365259732541060,,,,,,"CooperativeService{guidedPlanning, status=request, vehicleId=0x7665682d3035, requestedHorizonMs=2500, confidence=100, planning.waypoints=1, offloadTaskId=probe-803, offloadPayload=1024 bytes}"
5g-receiver,1783365259962899248,edge4av-real-20260706-multiclient-scalability-weak-signal-run-1,p5g-scale-mqtt-payload-1024-clients-20,scale,guided-planning,mqtt,,veh-05,rsu-1,p5g-scale-mqtt-payload-1024-clients-20-veh-05-804,ipi-session-1,multiclient-scalability-weak-signal-run-1,veh-05,804,20-clients,default,stationary,unsynced,true,true,clients,20,count,IPI-CooperativeService,1098,1783365406388383082,1783365259962840159,1783365259962899248,,,,,,"CooperativeService{guidedPlanning, status=request, vehicleId=0x7665682d3035, requestedHorizonMs=2500, confidence=100, planning.waypoints=1, offloadTaskId=probe-804, offloadPayload=1024 bytes}"
5g-receiver,1783365260193315860,edge4av-real-20260706-multiclient-scalability-weak-signal-run-1,p5g-scale-mqtt-payload-1024-clients-20,scale,guided-planning,mqtt,,veh-05,rsu-1,p5g-scale-mqtt-payload-1024-clients-20-veh-05-805,ipi-session-1,multiclient-scalability-weak-signal-run-1,veh-05,805,20-clients,default,stationary,unsynced,true,true,clients,20,count,IPI-CooperativeService,1098,1783365406618358163,1783365260193255986,1783365260193315860,,,,,,"CooperativeService{guidedPlanning, status=request, vehicleId=0x7665682d3035, requestedHorizonMs=2500, confidence=100, planning.waypoints=1, offloadTaskId=probe-805, offloadPayload=1024 bytes}"
5g-receiver,1783365260423887849,edge4av-real-20260706-multiclient-scalability-weak-signal-run-1,p5g-scale-mqtt-payload-1024-clients-20,scale,guided-planning,mqtt,,veh-05,rsu-1,p5g-scale-mqtt-payload-1024-clients-20-veh-05-806,ipi-session-1,multiclient-scalability-weak-signal-run-1,veh-05,806,20-clients,default,stationary,unsynced,true,true,clients,20,count,IPI-CooperativeService,1098,1783365406850310058,1783365260423829189,1783365260423887849,,,,,,"CooperativeService{guidedPlanning, status=request, vehicleId=0x7665682d3035, requestedHorizonMs=2500, confidence=100, planning.waypoints=1, offloadTaskId=probe-806, offloadPayload=1024 bytes}"
5g-receiver,1783365260654185413,edge4av-real-20260706-multiclient-scalability-weak-signal-run-1,p5g-scale-mqtt-payload-1024-clients-20,scale,guided-planning,mqtt,,veh-05,rsu-1,p5g-scale-mqtt-payload-1024-clients-20-veh-05-807,ipi-session-1,multiclient-scalability-weak-signal-run-1,veh-05,807,20-clients,default,stationary,unsynced,true,true,clients,20,count,IPI-CooperativeService,1098,1783365407080304556,1783365260654126610,1783365260654185413,,,,,,"CooperativeService{guidedPlanning, status=request, vehicleId=0x7665682d3035, requestedHorizonMs=2500, confidence=100, planning.waypoints=1, offloadTaskId=probe-807, offloadPayload=1024 bytes}"
5g-receiver,1783365260994873943,edge4av-real-20260706-multiclient-scalability-weak-signal-run-1,p5g-scale-mqtt-payload-1024-clients-20,scale,guided-planning,mqtt,,veh-05,rsu-1,p5g-scale-mqtt-payload-1024-clients-20-veh-05-808,ipi-session-1,multiclient-scalability-weak-signal-run-1,veh-05,808,20-clients,default,stationary,unsynced,true,true,clients,20,count,IPI-CooperativeService,1098,1783365407314410646,1783365260994800132,1783365260994873943,,,,,,"CooperativeService{guidedPlanning, status=request, vehicleId=0x7665682d3035, requestedHorizonMs=2500, confidence=100, planning.waypoints=1, offloadTaskId=probe-808, offloadPayload=1024 bytes}"
5g-receiver,1783365261375341962,edge4av-real-20260706-multiclient-scalability-weak-signal-run-1,p5g-scale-mqtt-payload-1024-clients-20,scale,guided-planning,mqtt,,veh-05,rsu-1,p5g-scale-mqtt-payload-1024-clients-20-veh-05-809,ipi-session-1,multiclient-scalability-weak-signal-run-1,veh-05,809,20-clients,default,stationary,unsynced,true,true,clients,20,count,IPI-CooperativeService,1098,1783365407652363131,1783365261375283637,1783365261375341962,,,,,,"CooperativeService{guidedPlanning, status=request, vehicleId=0x7665682d3035, requestedHorizonMs=2500, confidence=100, planning.waypoints=1, offloadTaskId=probe-809, offloadPayload=1024 bytes}"
5g-receiver,1783365261716067687,edge4av-real-20260706-multiclient-scalability-weak-signal-run-1,p5g-scale-mqtt-payload-1024-clients-20,scale,guided-planning,mqtt,,veh-05,rsu-1,p5g-scale-mqtt-payload-1024-clients-20-veh-05-810,ipi-session-1,multiclient-scalability-weak-signal-run-1,veh-05,810,20-clients,default,stationary,unsynced,true,true,clients,20,count,IPI-CooperativeService,1098,1783365408032419353,1783365261716009244,1783365261716067687,,,,,,"CooperativeService{guidedPlanning, status=request, vehicleId=0x7665682d3035, requestedHorizonMs=2500, confidence=100, planning.waypoints=1, offloadTaskId=probe-810, offloadPayload=1024 bytes}"
5g-receiver,1783365262026608469,edge4av-real-20260706-multiclient-scalability-weak-signal-run-1,p5g-scale-mqtt-payload-1024-clients-20,scale,guided-planning,mqtt,,veh-05,rsu-1,p5g-scale-mqtt-payload-1024-clients-20-veh-05-811,ipi-session-1,multiclient-scalability-weak-signal-run-1,veh-05,811,20-clients,default,stationary,unsynced,true,true,clients,20,count,IPI-CooperativeService,1098,1783365408372325415,1783365262026548721,1783365262026608469,,,,,,"CooperativeService{guidedPlanning, status=request, vehicleId=0x7665682d3035, requestedHorizonMs=2500, confidence=100, planning.waypoints=1, offloadTaskId=probe-811, offloadPayload=1024 bytes}"
5g-receiver,1783365262347023148,edge4av-real-20260706-multiclient-scalability-weak-signal-run-1,p5g-scale-mqtt-payload-1024-clients-20,scale,guided-planning,mqtt,,veh-05,rsu-1,p5g-scale-mqtt-payload-1024-clients-20-veh-05-812,ipi-session-1,multiclient-scalability-weak-signal-run-1,veh-05,812,20-clients,default,stationary,unsynced,true,true,clients,20,count,IPI-CooperativeService,1098,1783365408682525486,1783365262346964191,1783365262347023148,,,,,,"CooperativeService{guidedPlanning, status=request, vehicleId=0x7665682d3035, requestedHorizonMs=2500, confidence=100, planning.waypoints=1, offloadTaskId=probe-812, offloadPayload=1024 bytes}"
5g-receiver,1783365262717736359,edge4av-real-20260706-multiclient-scalability-weak-signal-run-1,p5g-scale-mqtt-payload-1024-clients-20,scale,guided-planning,mqtt,,veh-05,rsu-1,p5g-scale-mqtt-payload-1024-clients-20-veh-05-813,ipi-session-1,multiclient-scalability-weak-signal-run-1,veh-05,813,20-clients,default,stationary,unsynced,true,true,clients,20,count,IPI-CooperativeService,1098,1783365409002530851,1783365262717678184,1783365262717736359,,,,,,"CooperativeService{guidedPlanning, status=request, vehicleId=0x7665682d3035, requestedHorizonMs=2500, confidence=100, planning.waypoints=1, offloadTaskId=probe-813, offloadPayload=1024 bytes}"
5g-receiver,1783365263038055171,edge4av-real-20260706-multiclient-scalability-weak-signal-run-1,p5g-scale-mqtt-payload-1024-clients-20,scale,guided-planning,mqtt,,veh-05,rsu-1,p5g-scale-mqtt-payload-1024-clients-20-veh-05-814,ipi-session-1,multiclient-scalability-weak-signal-run-1,veh-05,814,20-clients,default,stationary,unsynced,true,true,clients,20,count,IPI-CooperativeService,1098,1783365409374496573,1783365263037997506,1783365263038055171,,,,,,"CooperativeService{guidedPlanning, status=request, vehicleId=0x7665682d3035, requestedHorizonMs=2500, confidence=100, planning.waypoints=1, offloadTaskId=probe-814, offloadPayload=1024 bytes}"
5g-receiver,1783365263398928723,edge4av-real-20260706-multiclient-scalability-weak-signal-run-1,p5g-scale-mqtt-payload-1024-clients-20,scale,guided-planning,mqtt,,veh-05,rsu-1,p5g-scale-mqtt-payload-1024-clients-20-veh-05-815,ipi-session-1,multiclient-scalability-weak-signal-run-1,veh-05,815,20-clients,default,stationary,unsynced,true,true,clients,20,count,IPI-CooperativeService,1098,1783365409696361655,1783365263398870236,1783365263398928723,,,,,,"CooperativeService{guidedPlanning, status=request, vehicleId=0x7665682d3035, requestedHorizonMs=2500, confidence=100, planning.waypoints=1, offloadTaskId=probe-815, offloadPayload=1024 bytes}"
5g-receiver,1783365263729583189,edge4av-real-20260706-multiclient-scalability-weak-signal-run-1,p5g-scale-mqtt-payload-1024-clients-20,scale,guided-planning,mqtt,,veh-05,rsu-1,p5g-scale-mqtt-payload-1024-clients-20-veh-05-816,ipi-session-1,multiclient-scalability-weak-signal-run-1,veh-05,816,20-clients,default,stationary,unsynced,true,true,clients,20,count,IPI-CooperativeService,1098,1783365410058293197,1783365263729524748,1783365263729583189,,,,,,"CooperativeService{guidedPlanning, status=request, vehicleId=0x7665682d3035, requestedHorizonMs=2500, confidence=100, planning.waypoints=1, offloadTaskId=probe-816, offloadPayload=1024 bytes}"
5g-receiver,1783365264511270289,edge4av-real-20260706-multiclient-scalability-weak-signal-run-1,p5g-scale-mqtt-payload-1024-clients-20,scale,guided-planning,mqtt,,veh-05,rsu-1,p5g-scale-mqtt-payload-1024-clients-20-veh-05-817,ipi-session-1,multiclient-scalability-weak-signal-run-1,veh-05,817,20-clients,default,stationary,unsynced,true,true,clients,20,count,IPI-CooperativeService,1098,1783365410388292798,1783365264511210147,1783365264511270289,,,,,,"CooperativeService{guidedPlanning, status=request, vehicleId=0x7665682d3035, requestedHorizonMs=2500, confidence=100, planning.waypoints=1, offloadTaskId=probe-817, offloadPayload=1024 bytes}"
5g-receiver,1783365265201863298,edge4av-real-20260706-multiclient-scalability-weak-signal-run-1,p5g-scale-mqtt-payload-1024-clients-20,scale,guided-planning,mqtt,,veh-05,rsu-1,p5g-scale-mqtt-payload-1024-clients-20-veh-05-818,ipi-session-1,multiclient-scalability-weak-signal-run-1,veh-05,818,20-clients,default,stationary,unsynced,true,true,clients,20,count,IPI-CooperativeService,1098,1783365411170381106,1783365265201803804,1783365265201863298,,,,,,"CooperativeService{guidedPlanning, status=request, vehicleId=0x7665682d3035, requestedHorizonMs=2500, confidence=100, planning.waypoints=1, offloadTaskId=probe-818, offloadPayload=1024 bytes}"
5g-receiver,1783365265532601477,edge4av-real-20260706-multiclient-scalability-weak-signal-run-1,p5g-scale-mqtt-payload-1024-clients-20,scale,guided-planning,mqtt,,veh-05,rsu-1,p5g-scale-mqtt-payload-1024-clients-20-veh-05-819,ipi-session-1,multiclient-scalability-weak-signal-run-1,veh-05,819,20-clients,default,stationary,unsynced,true,true,clients,20,count,IPI-CooperativeService,1098,1783365411856387721,1783365265532543317,1783365265532601477,,,,,,"CooperativeService{guidedPlanning, status=request, vehicleId=0x7665682d3035, requestedHorizonMs=2500, confidence=100, planning.waypoints=1, offloadTaskId=probe-819, offloadPayload=1024 bytes}"
5g-receiver,1783365265893142917,edge4av-real-20260706-multiclient-scalability-weak-signal-run-1,p5g-scale-mqtt-payload-1024-clients-20,scale,guided-planning,mqtt,,veh-05,rsu-1,p5g-scale-mqtt-payload-1024-clients-20-veh-05-820,ipi-session-1,multiclient-scalability-weak-signal-run-1,veh-05,820,20-clients,default,stationary,unsynced,true,true,clients,20,count,IPI-CooperativeService,1098,1783365412188479123,1783365265893083901,1783365265893142917,,,,,,"CooperativeService{guidedPlanning, status=request, vehicleId=0x7665682d3035, requestedHorizonMs=2500, confidence=100, planning.waypoints=1, offloadTaskId=probe-820, offloadPayload=1024 bytes}"
5g-receiver,1783365266163431649,edge4av-real-20260706-multiclient-scalability-weak-signal-run-1,p5g-scale-mqtt-payload-1024-clients-20,scale,guided-planning,mqtt,,veh-05,rsu-1,p5g-scale-mqtt-payload-1024-clients-20-veh-05-821,ipi-session-1,multiclient-scalability-weak-signal-run-1,veh-05,821,20-clients,default,stationary,unsynced,true,true,clients,20,count,IPI-CooperativeService,1098,1783365412558287320,1783365266163372540,1783365266163431649,,,,,,"CooperativeService{guidedPlanning, status=request, vehicleId=0x7665682d3035, requestedHorizonMs=2500, confidence=100, planning.waypoints=1, offloadTaskId=probe-821, offloadPayload=1024 bytes}"
5g-receiver,1783365266434041589,edge4av-real-20260706-multiclient-scalability-weak-signal-run-1,p5g-scale-mqtt-payload-1024-clients-20,scale,guided-planning,mqtt,,veh-05,rsu-1,p5g-scale-mqtt-payload-1024-clients-20-veh-05-822,ipi-session-1,multiclient-scalability-weak-signal-run-1,veh-05,822,20-clients,default,stationary,unsynced,true,true,clients,20,count,IPI-CooperativeService,1098,1783365412822260670,1783365266433982411,1783365266434041589,,,,,,"CooperativeService{guidedPlanning, status=request, vehicleId=0x7665682d3035, requestedHorizonMs=2500, confidence=100, planning.waypoints=1, offloadTaskId=probe-822, offloadPayload=1024 bytes}"
5g-receiver,1783365266674661587,edge4av-real-20260706-multiclient-scalability-weak-signal-run-1,p5g-scale-mqtt-payload-1024-clients-20,scale,guided-planning,mqtt,,veh-05,rsu-1,p5g-scale-mqtt-payload-1024-clients-20-veh-05-823,ipi-session-1,multiclient-scalability-weak-signal-run-1,veh-05,823,20-clients,default,stationary,unsynced,true,true,clients,20,count,IPI-CooperativeService,1098,1783365413098310744,1783365266674603017,1783365266674661587,,,,,,"CooperativeService{guidedPlanning, status=request, vehicleId=0x7665682d3035, requestedHorizonMs=2500, confidence=100, planning.waypoints=1, offloadTaskId=probe-823, offloadPayload=1024 bytes}"
5g-receiver,1783365266925176165,edge4av-real-20260706-multiclient-scalability-weak-signal-run-1,p5g-scale-mqtt-payload-1024-clients-20,scale,guided-planning,mqtt,,veh-05,rsu-1,p5g-scale-mqtt-payload-1024-clients-20-veh-05-824,ipi-session-1,multiclient-scalability-weak-signal-run-1,veh-05,824,20-clients,default,stationary,unsynced,true,true,clients,20,count,IPI-CooperativeService,1098,1783365413338266648,1783365266925117740,1783365266925176165,,,,,,"CooperativeService{guidedPlanning, status=request, vehicleId=0x7665682d3035, requestedHorizonMs=2500, confidence=100, planning.waypoints=1, offloadTaskId=probe-824, offloadPayload=1024 bytes}"
5g-receiver,1783365267175487884,edge4av-real-20260706-multiclient-scalability-weak-signal-run-1,p5g-scale-mqtt-payload-1024-clients-20,scale,guided-planning,mqtt,,veh-05,rsu-1,p5g-scale-mqtt-payload-1024-clients-20-veh-05-825,ipi-session-1,multiclient-scalability-weak-signal-run-1,veh-05,825,20-clients,default,stationary,unsynced,true,true,clients,20,count,IPI-CooperativeService,1098,1783365413584397632,1783365267175429401,1783365267175487884,,,,,,"CooperativeService{guidedPlanning, status=request, vehicleId=0x7665682d3035, requestedHorizonMs=2500, confidence=100, planning.waypoints=1, offloadTaskId=probe-825, offloadPayload=1024 bytes}"
5g-receiver,1783365267435870937,edge4av-real-20260706-multiclient-scalability-weak-signal-run-1,p5g-scale-mqtt-payload-1024-clients-20,scale,guided-planning,mqtt,,veh-05,rsu-1,p5g-scale-mqtt-payload-1024-clients-20-veh-05-826,ipi-session-1,multiclient-scalability-weak-signal-run-1,veh-05,826,20-clients,default,stationary,unsynced,true,true,clients,20,count,IPI-CooperativeService,1098,1783365413836321605,1783365267435812365,1783365267435870937,,,,,,"CooperativeService{guidedPlanning, status=request, vehicleId=0x7665682d3035, requestedHorizonMs=2500, confidence=100, planning.waypoints=1, offloadTaskId=probe-826, offloadPayload=1024 bytes}"
5g-receiver,1783365267686177040,edge4av-real-20260706-multiclient-scalability-weak-signal-run-1,p5g-scale-mqtt-payload-1024-clients-20,scale,guided-planning,mqtt,,veh-05,rsu-1,p5g-scale-mqtt-payload-1024-clients-20-veh-05-827,ipi-session-1,multiclient-scalability-weak-signal-run-1,veh-05,827,20-clients,default,stationary,unsynced,true,true,clients,20,count,IPI-CooperativeService,1098,1783365414090281023,1783365267686095758,1783365267686177040,,,,,,"CooperativeService{guidedPlanning, status=request, vehicleId=0x7665682d3035, requestedHorizonMs=2500, confidence=100, planning.waypoints=1, offloadTaskId=probe-827, offloadPayload=1024 bytes}"
5g-receiver,1783365267926689941,edge4av-real-20260706-multiclient-scalability-weak-signal-run-1,p5g-scale-mqtt-payload-1024-clients-20,scale,guided-planning,mqtt,,veh-05,rsu-1,p5g-scale-mqtt-payload-1024-clients-20-veh-05-828,ipi-session-1,multiclient-scalability-weak-signal-run-1,veh-05,828,20-clients,default,stationary,unsynced,true,true,clients,20,count,IPI-CooperativeService,1098,1783365414346350828,1783365267926631417,1783365267926689941,,,,,,"CooperativeService{guidedPlanning, status=request, vehicleId=0x7665682d3035, requestedHorizonMs=2500, confidence=100, planning.waypoints=1, offloadTaskId=probe-828, offloadPayload=1024 bytes}"
5g-receiver,1783365268197175289,edge4av-real-20260706-multiclient-scalability-weak-signal-run-1,p5g-scale-mqtt-payload-1024-clients-20,scale,guided-planning,mqtt,,veh-05,rsu-1,p5g-scale-mqtt-payload-1024-clients-20-veh-05-829,ipi-session-1,multiclient-scalability-weak-signal-run-1,veh-05,829,20-clients,default,stationary,unsynced,true,true,clients,20,count,IPI-CooperativeService,1098,1783365414588249990,1783365268197116934,1783365268197175289,,,,,,"CooperativeService{guidedPlanning, status=request, vehicleId=0x7665682d3035, requestedHorizonMs=2500, confidence=100, planning.waypoints=1, offloadTaskId=probe-829, offloadPayload=1024 bytes}"
5g-receiver,1783365268477471601,edge4av-real-20260706-multiclient-scalability-weak-signal-run-1,p5g-scale-mqtt-payload-1024-clients-20,scale,guided-planning,mqtt,,veh-05,rsu-1,p5g-scale-mqtt-payload-1024-clients-20-veh-05-830,ipi-session-1,multiclient-scalability-weak-signal-run-1,veh-05,830,20-clients,default,stationary,unsynced,true,true,clients,20,count,IPI-CooperativeService,1098,1783365414862405305,1783365268477411624,1783365268477471601,,,,,,"CooperativeService{guidedPlanning, status=request, vehicleId=0x7665682d3035, requestedHorizonMs=2500, confidence=100, planning.waypoints=1, offloadTaskId=probe-830, offloadPayload=1024 bytes}"
5g-receiver,1783365268717943719,edge4av-real-20260706-multiclient-scalability-weak-signal-run-1,p5g-scale-mqtt-payload-1024-clients-20,scale,guided-planning,mqtt,,veh-05,rsu-1,p5g-scale-mqtt-payload-1024-clients-20-veh-05-831,ipi-session-1,multiclient-scalability-weak-signal-run-1,veh-05,831,20-clients,default,stationary,unsynced,true,true,clients,20,count,IPI-CooperativeService,1098,1783365415134406440,1783365268717883506,1783365268717943719,,,,,,"CooperativeService{guidedPlanning, status=request, vehicleId=0x7665682d3035, requestedHorizonMs=2500, confidence=100, planning.waypoints=1, offloadTaskId=probe-831, offloadPayload=1024 bytes}"
5g-receiver,1783365268958544053,edge4av-real-20260706-multiclient-scalability-weak-signal-run-1,p5g-scale-mqtt-payload-1024-clients-20,scale,guided-planning,mqtt,,veh-05,rsu-1,p5g-scale-mqtt-payload-1024-clients-20-veh-05-832,ipi-session-1,multiclient-scalability-weak-signal-run-1,veh-05,832,20-clients,default,stationary,unsynced,true,true,clients,20,count,IPI-CooperativeService,1098,1783365415376356551,1783365268958477396,1783365268958544053,,,,,,"CooperativeService{guidedPlanning, status=request, vehicleId=0x7665682d3035, requestedHorizonMs=2500, confidence=100, planning.waypoints=1, offloadTaskId=probe-832, offloadPayload=1024 bytes}"
5g-receiver,1783365269188337312,edge4av-real-20260706-multiclient-scalability-weak-signal-run-1,p5g-scale-mqtt-payload-1024-clients-20,scale,guided-planning,mqtt,,veh-05,rsu-1,p5g-scale-mqtt-payload-1024-clients-20-veh-05-833,ipi-session-1,multiclient-scalability-weak-signal-run-1,veh-05,833,20-clients,default,stationary,unsynced,true,true,clients,20,count,IPI-CooperativeService,1098,1783365415616305232,1783365269188288622,1783365269188337312,,,,,,"CooperativeService{guidedPlanning, status=request, vehicleId=0x7665682d3035, requestedHorizonMs=2500, confidence=100, planning.waypoints=1, offloadTaskId=probe-833, offloadPayload=1024 bytes}"
5g-receiver,1783365269429178054,edge4av-real-20260706-multiclient-scalability-weak-signal-run-1,p5g-scale-mqtt-payload-1024-clients-20,scale,guided-planning,mqtt,,veh-05,rsu-1,p5g-scale-mqtt-payload-1024-clients-20-veh-05-834,ipi-session-1,multiclient-scalability-weak-signal-run-1,veh-05,834,20-clients,default,stationary,unsynced,true,true,clients,20,count,IPI-CooperativeService,1098,1783365415842289890,1783365269429119008,1783365269429178054,,,,,,"CooperativeService{guidedPlanning, status=request, vehicleId=0x7665682d3035, requestedHorizonMs=2500, confidence=100, planning.waypoints=1, offloadTaskId=probe-834, offloadPayload=1024 bytes}"
5g-receiver,1783365269669380567,edge4av-real-20260706-multiclient-scalability-weak-signal-run-1,p5g-scale-mqtt-payload-1024-clients-20,scale,guided-planning,mqtt,,veh-05,rsu-1,p5g-scale-mqtt-payload-1024-clients-20-veh-05-835,ipi-session-1,multiclient-scalability-weak-signal-run-1,veh-05,835,20-clients,default,stationary,unsynced,true,true,clients,20,count,IPI-CooperativeService,1098,1783365416086458056,1783365269669322050,1783365269669380567,,,,,,"CooperativeService{guidedPlanning, status=request, vehicleId=0x7665682d3035, requestedHorizonMs=2500, confidence=100, planning.waypoints=1, offloadTaskId=probe-835, offloadPayload=1024 bytes}"
5g-receiver,1783365269899893050,edge4av-real-20260706-multiclient-scalability-weak-signal-run-1,p5g-scale-mqtt-payload-1024-clients-20,scale,guided-planning,mqtt,,veh-05,rsu-1,p5g-scale-mqtt-payload-1024-clients-20-veh-05-836,ipi-session-1,multiclient-scalability-weak-signal-run-1,veh-05,836,20-clients,default,stationary,unsynced,true,true,clients,20,count,IPI-CooperativeService,1098,1783365416326447659,1783365269899834660,1783365269899893050,,,,,,"CooperativeService{guidedPlanning, status=request, vehicleId=0x7665682d3035, requestedHorizonMs=2500, confidence=100, planning.waypoints=1, offloadTaskId=probe-836, offloadPayload=1024 bytes}"
5g-receiver,1783365270150476136,edge4av-real-20260706-multiclient-scalability-weak-signal-run-1,p5g-scale-mqtt-payload-1024-clients-20,scale,guided-planning,mqtt,,veh-05,rsu-1,p5g-scale-mqtt-payload-1024-clients-20-veh-05-837,ipi-session-1,multiclient-scalability-weak-signal-run-1,veh-05,837,20-clients,default,stationary,unsynced,true,true,clients,20,count,IPI-CooperativeService,1098,1783365416566248165,1783365270150391858,1783365270150476136,,,,,,"CooperativeService{guidedPlanning, status=request, vehicleId=0x7665682d3035, requestedHorizonMs=2500, confidence=100, planning.waypoints=1, offloadTaskId=probe-837, offloadPayload=1024 bytes}"
5g-receiver,1783365270380771564,edge4av-real-20260706-multiclient-scalability-weak-signal-run-1,p5g-scale-mqtt-payload-1024-clients-20,scale,guided-planning,mqtt,,veh-05,rsu-1,p5g-scale-mqtt-payload-1024-clients-20-veh-05-838,ipi-session-1,multiclient-scalability-weak-signal-run-1,veh-05,838,20-clients,default,stationary,unsynced,true,true,clients,20,count,IPI-CooperativeService,1098,1783365416804537992,1783365270380712444,1783365270380771564,,,,,,"CooperativeService{guidedPlanning, status=request, vehicleId=0x7665682d3035, requestedHorizonMs=2500, confidence=100, planning.waypoints=1, offloadTaskId=probe-838, offloadPayload=1024 bytes}"
5g-receiver,1783365270621057349,edge4av-real-20260706-multiclient-scalability-weak-signal-run-1,p5g-scale-mqtt-payload-1024-clients-20,scale,guided-planning,mqtt,,veh-05,rsu-1,p5g-scale-mqtt-payload-1024-clients-20-veh-05-839,ipi-session-1,multiclient-scalability-weak-signal-run-1,veh-05,839,20-clients,default,stationary,unsynced,true,true,clients,20,count,IPI-CooperativeService,1098,1783365417040272488,1783365270620998695,1783365270621057349,,,,,,"CooperativeService{guidedPlanning, status=request, vehicleId=0x7665682d3035, requestedHorizonMs=2500, confidence=100, planning.waypoints=1, offloadTaskId=probe-839, offloadPayload=1024 bytes}"
5g-receiver,1783365270871269286,edge4av-real-20260706-multiclient-scalability-weak-signal-run-1,p5g-scale-mqtt-payload-1024-clients-20,scale,guided-planning,mqtt,,veh-05,rsu-1,p5g-scale-mqtt-payload-1024-clients-20-veh-05-840,ipi-session-1,multiclient-scalability-weak-signal-run-1,veh-05,840,20-clients,default,stationary,unsynced,true,true,clients,20,count,IPI-CooperativeService,1098,1783365417284277613,1783365270871202229,1783365270871269286,,,,,,"CooperativeService{guidedPlanning, status=request, vehicleId=0x7665682d3035, requestedHorizonMs=2500, confidence=100, planning.waypoints=1, offloadTaskId=probe-840, offloadPayload=1024 bytes}"
5g-receiver,1783365271171926431,edge4av-real-20260706-multiclient-scalability-weak-signal-run-1,p5g-scale-mqtt-payload-1024-clients-20,scale,guided-planning,mqtt,,veh-05,rsu-1,p5g-scale-mqtt-payload-1024-clients-20-veh-05-841,ipi-session-1,multiclient-scalability-weak-signal-run-1,veh-05,841,20-clients,default,stationary,unsynced,true,true,clients,20,count,IPI-CooperativeService,1098,1783365417528463362,1783365271171866591,1783365271171926431,,,,,,"CooperativeService{guidedPlanning, status=request, vehicleId=0x7665682d3035, requestedHorizonMs=2500, confidence=100, planning.waypoints=1, offloadTaskId=probe-841, offloadPayload=1024 bytes}"
5g-receiver,1783365271412939873,edge4av-real-20260706-multiclient-scalability-weak-signal-run-1,p5g-scale-mqtt-payload-1024-clients-20,scale,guided-planning,mqtt,,veh-05,rsu-1,p5g-scale-mqtt-payload-1024-clients-20-veh-05-842,ipi-session-1,multiclient-scalability-weak-signal-run-1,veh-05,842,20-clients,default,stationary,unsynced,true,true,clients,20,count,IPI-CooperativeService,1098,1783365417838288698,1783365271412887297,1783365271412939873,,,,,,"CooperativeService{guidedPlanning, status=request, vehicleId=0x7665682d3035, requestedHorizonMs=2500, confidence=100, planning.waypoints=1, offloadTaskId=probe-842, offloadPayload=1024 bytes}"
5g-receiver,1783365271653293367,edge4av-real-20260706-multiclient-scalability-weak-signal-run-1,p5g-scale-mqtt-payload-1024-clients-20,scale,guided-planning,mqtt,,veh-05,rsu-1,p5g-scale-mqtt-payload-1024-clients-20-veh-05-843,ipi-session-1,multiclient-scalability-weak-signal-run-1,veh-05,843,20-clients,default,stationary,unsynced,true,true,clients,20,count,IPI-CooperativeService,1098,1783365418070434101,1783365271653241068,1783365271653293367,,,,,,"CooperativeService{guidedPlanning, status=request, vehicleId=0x7665682d3035, requestedHorizonMs=2500, confidence=100, planning.waypoints=1, offloadTaskId=probe-843, offloadPayload=1024 bytes}"
5g-receiver,1783365271903713330,edge4av-real-20260706-multiclient-scalability-weak-signal-run-1,p5g-scale-mqtt-payload-1024-clients-20,scale,guided-planning,mqtt,,veh-05,rsu-1,p5g-scale-mqtt-payload-1024-clients-20-veh-05-844,ipi-session-1,multiclient-scalability-weak-signal-run-1,veh-05,844,20-clients,default,stationary,unsynced,true,true,clients,20,count,IPI-CooperativeService,1098,1783365418308345865,1783365271903663099,1783365271903713330,,,,,,"CooperativeService{guidedPlanning, status=request, vehicleId=0x7665682d3035, requestedHorizonMs=2500, confidence=100, planning.waypoints=1, offloadTaskId=probe-844, offloadPayload=1024 bytes}"
5g-receiver,1783365272143630498,edge4av-real-20260706-multiclient-scalability-weak-signal-run-1,p5g-scale-mqtt-payload-1024-clients-20,scale,guided-planning,mqtt,,veh-05,rsu-1,p5g-scale-mqtt-payload-1024-clients-20-veh-05-845,ipi-session-1,multiclient-scalability-weak-signal-run-1,veh-05,845,20-clients,default,stationary,unsynced,true,true,clients,20,count,IPI-CooperativeService,1098,1783365418560386408,1783365272143571795,1783365272143630498,,,,,,"CooperativeService{guidedPlanning, status=request, vehicleId=0x7665682d3035, requestedHorizonMs=2500, confidence=100, planning.waypoints=1, offloadTaskId=probe-845, offloadPayload=1024 bytes}"
5g-receiver,1783365272384102450,edge4av-real-20260706-multiclient-scalability-weak-signal-run-1,p5g-scale-mqtt-payload-1024-clients-20,scale,guided-planning,mqtt,,veh-05,rsu-1,p5g-scale-mqtt-payload-1024-clients-20-veh-05-846,ipi-session-1,multiclient-scalability-weak-signal-run-1,veh-05,846,20-clients,default,stationary,unsynced,true,true,clients,20,count,IPI-CooperativeService,1098,1783365418802435362,1783365272384043332,1783365272384102450,,,,,,"CooperativeService{guidedPlanning, status=request, vehicleId=0x7665682d3035, requestedHorizonMs=2500, confidence=100, planning.waypoints=1, offloadTaskId=probe-846, offloadPayload=1024 bytes}"
5g-receiver,1783365272614624707,edge4av-real-20260706-multiclient-scalability-weak-signal-run-1,p5g-scale-mqtt-payload-1024-clients-20,scale,guided-planning,mqtt,,veh-05,rsu-1,p5g-scale-mqtt-payload-1024-clients-20-veh-05-847,ipi-session-1,multiclient-scalability-weak-signal-run-1,veh-05,847,20-clients,default,stationary,unsynced,true,true,clients,20,count,IPI-CooperativeService,1098,1783365419042257275,1783365272614564981,1783365272614624707,,,,,,"CooperativeService{guidedPlanning, status=request, vehicleId=0x7665682d3035, requestedHorizonMs=2500, confidence=100, planning.waypoints=1, offloadTaskId=probe-847, offloadPayload=1024 bytes}"
5g-receiver,1783365272855190102,edge4av-real-20260706-multiclient-scalability-weak-signal-run-1,p5g-scale-mqtt-payload-1024-clients-20,scale,guided-planning,mqtt,,veh-05,rsu-1,p5g-scale-mqtt-payload-1024-clients-20-veh-05-848,ipi-session-1,multiclient-scalability-weak-signal-run-1,veh-05,848,20-clients,default,stationary,unsynced,true,true,clients,20,count,IPI-CooperativeService,1098,1783365419272455315,1783365272855132374,1783365272855190102,,,,,,"CooperativeService{guidedPlanning, status=request, vehicleId=0x7665682d3035, requestedHorizonMs=2500, confidence=100, planning.waypoints=1, offloadTaskId=probe-848, offloadPayload=1024 bytes}"
5g-receiver,1783365273085842612,edge4av-real-20260706-multiclient-scalability-weak-signal-run-1,p5g-scale-mqtt-payload-1024-clients-20,scale,guided-planning,mqtt,,veh-05,rsu-1,p5g-scale-mqtt-payload-1024-clients-20-veh-05-849,ipi-session-1,multiclient-scalability-weak-signal-run-1,veh-05,849,20-clients,default,stationary,unsynced,true,true,clients,20,count,IPI-CooperativeService,1098,1783365419514344837,1783365273085789435,1783365273085842612,,,,,,"CooperativeService{guidedPlanning, status=request, vehicleId=0x7665682d3035, requestedHorizonMs=2500, confidence=100, planning.waypoints=1, offloadTaskId=probe-849, offloadPayload=1024 bytes}"
5g-receiver,1783365273315772832,edge4av-real-20260706-multiclient-scalability-weak-signal-run-1,p5g-scale-mqtt-payload-1024-clients-20,scale,guided-planning,mqtt,,veh-05,rsu-1,p5g-scale-mqtt-payload-1024-clients-20-veh-05-850,ipi-session-1,multiclient-scalability-weak-signal-run-1,veh-05,850,20-clients,default,stationary,unsynced,true,true,clients,20,count,IPI-CooperativeService,1098,1783365419744422172,1783365273315713527,1783365273315772832,,,,,,"CooperativeService{guidedPlanning, status=request, vehicleId=0x7665682d3035, requestedHorizonMs=2500, confidence=100, planning.waypoints=1, offloadTaskId=probe-850, offloadPayload=1024 bytes}"
5g-receiver,1783365273546244540,edge4av-real-20260706-multiclient-scalability-weak-signal-run-1,p5g-scale-mqtt-payload-1024-clients-20,scale,guided-planning,mqtt,,veh-05,rsu-1,p5g-scale-mqtt-payload-1024-clients-20-veh-05-851,ipi-session-1,multiclient-scalability-weak-signal-run-1,veh-05,851,20-clients,default,stationary,unsynced,true,true,clients,20,count,IPI-CooperativeService,1098,1783365419978388281,1783365273546192553,1783365273546244540,,,,,,"CooperativeService{guidedPlanning, status=request, vehicleId=0x7665682d3035, requestedHorizonMs=2500, confidence=100, planning.waypoints=1, offloadTaskId=probe-851, offloadPayload=1024 bytes}"
5g-receiver,1783365273786420352,edge4av-real-20260706-multiclient-scalability-weak-signal-run-1,p5g-scale-mqtt-payload-1024-clients-20,scale,guided-planning,mqtt,,veh-05,rsu-1,p5g-scale-mqtt-payload-1024-clients-20-veh-05-852,ipi-session-1,multiclient-scalability-weak-signal-run-1,veh-05,852,20-clients,default,stationary,unsynced,true,true,clients,20,count,IPI-CooperativeService,1098,1783365420204392705,1783365273786362015,1783365273786420352,,,,,,"CooperativeService{guidedPlanning, status=request, vehicleId=0x7665682d3035, requestedHorizonMs=2500, confidence=100, planning.waypoints=1, offloadTaskId=probe-852, offloadPayload=1024 bytes}"
5g-receiver,1783365274016961060,edge4av-real-20260706-multiclient-scalability-weak-signal-run-1,p5g-scale-mqtt-payload-1024-clients-20,scale,guided-planning,mqtt,,veh-05,rsu-1,p5g-scale-mqtt-payload-1024-clients-20-veh-05-853,ipi-session-1,multiclient-scalability-weak-signal-run-1,veh-05,853,20-clients,default,stationary,unsynced,true,true,clients,20,count,IPI-CooperativeService,1098,1783365420444340950,1783365274016901974,1783365274016961060,,,,,,"CooperativeService{guidedPlanning, status=request, vehicleId=0x7665682d3035, requestedHorizonMs=2500, confidence=100, planning.waypoints=1, offloadTaskId=probe-853, offloadPayload=1024 bytes}"
5g-receiver,1783365274257293017,edge4av-real-20260706-multiclient-scalability-weak-signal-run-1,p5g-scale-mqtt-payload-1024-clients-20,scale,guided-planning,mqtt,,veh-05,rsu-1,p5g-scale-mqtt-payload-1024-clients-20-veh-05-854,ipi-session-1,multiclient-scalability-weak-signal-run-1,veh-05,854,20-clients,default,stationary,unsynced,true,true,clients,20,count,IPI-CooperativeService,1098,1783365420678355074,1783365274257235474,1783365274257293017,,,,,,"CooperativeService{guidedPlanning, status=request, vehicleId=0x7665682d3035, requestedHorizonMs=2500, confidence=100, planning.waypoints=1, offloadTaskId=probe-854, offloadPayload=1024 bytes}"
5g-receiver,1783365274497600135,edge4av-real-20260706-multiclient-scalability-weak-signal-run-1,p5g-scale-mqtt-payload-1024-clients-20,scale,guided-planning,mqtt,,veh-05,rsu-1,p5g-scale-mqtt-payload-1024-clients-20-veh-05-855,ipi-session-1,multiclient-scalability-weak-signal-run-1,veh-05,855,20-clients,default,stationary,unsynced,true,true,clients,20,count,IPI-CooperativeService,1098,1783365420924307125,1783365274497541122,1783365274497600135,,,,,,"CooperativeService{guidedPlanning, status=request, vehicleId=0x7665682d3035, requestedHorizonMs=2500, confidence=100, planning.waypoints=1, offloadTaskId=probe-855, offloadPayload=1024 bytes}"
5g-receiver,1783365274738160287,edge4av-real-20260706-multiclient-scalability-weak-signal-run-1,p5g-scale-mqtt-payload-1024-clients-20,scale,guided-planning,mqtt,,veh-05,rsu-1,p5g-scale-mqtt-payload-1024-clients-20-veh-05-856,ipi-session-1,multiclient-scalability-weak-signal-run-1,veh-05,856,20-clients,default,stationary,unsynced,true,true,clients,20,count,IPI-CooperativeService,1098,1783365421154345800,1783365274738101975,1783365274738160287,,,,,,"CooperativeService{guidedPlanning, status=request, vehicleId=0x7665682d3035, requestedHorizonMs=2500, confidence=100, planning.waypoints=1, offloadTaskId=probe-856, offloadPayload=1024 bytes}"
5g-receiver,1783365274978411790,edge4av-real-20260706-multiclient-scalability-weak-signal-run-1,p5g-scale-mqtt-payload-1024-clients-20,scale,guided-planning,mqtt,,veh-05,rsu-1,p5g-scale-mqtt-payload-1024-clients-20-veh-05-857,ipi-session-1,multiclient-scalability-weak-signal-run-1,veh-05,857,20-clients,default,stationary,unsynced,true,true,clients,20,count,IPI-CooperativeService,1098,1783365421406357639,1783365274978353950,1783365274978411790,,,,,,"CooperativeService{guidedPlanning, status=request, vehicleId=0x7665682d3035, requestedHorizonMs=2500, confidence=100, planning.waypoints=1, offloadTaskId=probe-857, offloadPayload=1024 bytes}"
5g-receiver,1783365275218717468,edge4av-real-20260706-multiclient-scalability-weak-signal-run-1,p5g-scale-mqtt-payload-1024-clients-20,scale,guided-planning,mqtt,,veh-05,rsu-1,p5g-scale-mqtt-payload-1024-clients-20-veh-05-858,ipi-session-1,multiclient-scalability-weak-signal-run-1,veh-05,858,20-clients,default,stationary,unsynced,true,true,clients,20,count,IPI-CooperativeService,1098,1783365421636378893,1783365275218658714,1783365275218717468,,,,,,"CooperativeService{guidedPlanning, status=request, vehicleId=0x7665682d3035, requestedHorizonMs=2500, confidence=100, planning.waypoints=1, offloadTaskId=probe-858, offloadPayload=1024 bytes}"
5g-receiver,1783365275459657955,edge4av-real-20260706-multiclient-scalability-weak-signal-run-1,p5g-scale-mqtt-payload-1024-clients-20,scale,guided-planning,mqtt,,veh-05,rsu-1,p5g-scale-mqtt-payload-1024-clients-20-veh-05-859,ipi-session-1,multiclient-scalability-weak-signal-run-1,veh-05,859,20-clients,default,stationary,unsynced,true,true,clients,20,count,IPI-CooperativeService,1098,1783365421878297618,1783365275459607110,1783365275459657955,,,,,,"CooperativeService{guidedPlanning, status=request, vehicleId=0x7665682d3035, requestedHorizonMs=2500, confidence=100, planning.waypoints=1, offloadTaskId=probe-859, offloadPayload=1024 bytes}"
5g-receiver,1783365275700260203,edge4av-real-20260706-multiclient-scalability-weak-signal-run-1,p5g-scale-mqtt-payload-1024-clients-20,scale,guided-planning,mqtt,,veh-05,rsu-1,p5g-scale-mqtt-payload-1024-clients-20-veh-05-860,ipi-session-1,multiclient-scalability-weak-signal-run-1,veh-05,860,20-clients,default,stationary,unsynced,true,true,clients,20,count,IPI-CooperativeService,1098,1783365422118446042,1783365275700194705,1783365275700260203,,,,,,"CooperativeService{guidedPlanning, status=request, vehicleId=0x7665682d3035, requestedHorizonMs=2500, confidence=100, planning.waypoints=1, offloadTaskId=probe-860, offloadPayload=1024 bytes}"
5g-receiver,1783365275950989254,edge4av-real-20260706-multiclient-scalability-weak-signal-run-1,p5g-scale-mqtt-payload-1024-clients-20,scale,guided-planning,mqtt,,veh-05,rsu-1,p5g-scale-mqtt-payload-1024-clients-20-veh-05-861,ipi-session-1,multiclient-scalability-weak-signal-run-1,veh-05,861,20-clients,default,stationary,unsynced,true,true,clients,20,count,IPI-CooperativeService,1098,1783365422356502397,1783365275950921207,1783365275950989254,,,,,,"CooperativeService{guidedPlanning, status=request, vehicleId=0x7665682d3035, requestedHorizonMs=2500, confidence=100, planning.waypoints=1, offloadTaskId=probe-861, offloadPayload=1024 bytes}"
5g-receiver,1783365276190508490,edge4av-real-20260706-multiclient-scalability-weak-signal-run-1,p5g-scale-mqtt-payload-1024-clients-20,scale,guided-planning,mqtt,,veh-05,rsu-1,p5g-scale-mqtt-payload-1024-clients-20-veh-05-862,ipi-session-1,multiclient-scalability-weak-signal-run-1,veh-05,862,20-clients,default,stationary,unsynced,true,true,clients,20,count,IPI-CooperativeService,1098,1783365422608489235,1783365276190428710,1783365276190508490,,,,,,"CooperativeService{guidedPlanning, status=request, vehicleId=0x7665682d3035, requestedHorizonMs=2500, confidence=100, planning.waypoints=1, offloadTaskId=probe-862, offloadPayload=1024 bytes}"
5g-receiver,1783365276420755586,edge4av-real-20260706-multiclient-scalability-weak-signal-run-1,p5g-scale-mqtt-payload-1024-clients-20,scale,guided-planning,mqtt,,veh-05,rsu-1,p5g-scale-mqtt-payload-1024-clients-20-veh-05-863,ipi-session-1,multiclient-scalability-weak-signal-run-1,veh-05,863,20-clients,default,stationary,unsynced,true,true,clients,20,count,IPI-CooperativeService,1098,1783365422846488507,1783365276420696950,1783365276420755586,,,,,,"CooperativeService{guidedPlanning, status=request, vehicleId=0x7665682d3035, requestedHorizonMs=2500, confidence=100, planning.waypoints=1, offloadTaskId=probe-863, offloadPayload=1024 bytes}"
5g-receiver,1783365276671070305,edge4av-real-20260706-multiclient-scalability-weak-signal-run-1,p5g-scale-mqtt-payload-1024-clients-20,scale,guided-planning,mqtt,,veh-05,rsu-1,p5g-scale-mqtt-payload-1024-clients-20-veh-05-864,ipi-session-1,multiclient-scalability-weak-signal-run-1,veh-05,864,20-clients,default,stationary,unsynced,true,true,clients,20,count,IPI-CooperativeService,1098,1783365423076367929,1783365276671011163,1783365276671070305,,,,,,"CooperativeService{guidedPlanning, status=request, vehicleId=0x7665682d3035, requestedHorizonMs=2500, confidence=100, planning.waypoints=1, offloadTaskId=probe-864, offloadPayload=1024 bytes}"
5g-receiver,1783365276991578618,edge4av-real-20260706-multiclient-scalability-weak-signal-run-1,p5g-scale-mqtt-payload-1024-clients-20,scale,guided-planning,mqtt,,veh-05,rsu-1,p5g-scale-mqtt-payload-1024-clients-20-veh-05-865,ipi-session-1,multiclient-scalability-weak-signal-run-1,veh-05,865,20-clients,default,stationary,unsynced,true,true,clients,20,count,IPI-CooperativeService,1098,1783365423328360726,1783365276991520224,1783365276991578618,,,,,,"CooperativeService{guidedPlanning, status=request, vehicleId=0x7665682d3035, requestedHorizonMs=2500, confidence=100, planning.waypoints=1, offloadTaskId=probe-865, offloadPayload=1024 bytes}"
5g-receiver,1783365277623538257,edge4av-real-20260706-multiclient-scalability-weak-signal-run-1,p5g-scale-mqtt-payload-1024-clients-20,scale,guided-planning,mqtt,,veh-05,rsu-1,p5g-scale-mqtt-payload-1024-clients-20-veh-05-866,ipi-session-1,multiclient-scalability-weak-signal-run-1,veh-05,866,20-clients,default,stationary,unsynced,true,true,clients,20,count,IPI-CooperativeService,1098,1783365423646284364,1783365277623487716,1783365277623538257,,,,,,"CooperativeService{guidedPlanning, status=request, vehicleId=0x7665682d3035, requestedHorizonMs=2500, confidence=100, planning.waypoints=1, offloadTaskId=probe-866, offloadPayload=1024 bytes}"
5g-receiver,1783365277973743985,edge4av-real-20260706-multiclient-scalability-weak-signal-run-1,p5g-scale-mqtt-payload-1024-clients-20,scale,guided-planning,mqtt,,veh-05,rsu-1,p5g-scale-mqtt-payload-1024-clients-20-veh-05-867,ipi-session-1,multiclient-scalability-weak-signal-run-1,veh-05,867,20-clients,default,stationary,unsynced,true,true,clients,20,count,IPI-CooperativeService,1098,1783365424286569205,1783365277973693866,1783365277973743985,,,,,,"CooperativeService{guidedPlanning, status=request, vehicleId=0x7665682d3035, requestedHorizonMs=2500, confidence=100, planning.waypoints=1, offloadTaskId=probe-867, offloadPayload=1024 bytes}"
5g-receiver,1783365278333744866,edge4av-real-20260706-multiclient-scalability-weak-signal-run-1,p5g-scale-mqtt-payload-1024-clients-20,scale,guided-planning,mqtt,,veh-05,rsu-1,p5g-scale-mqtt-payload-1024-clients-20-veh-05-868,ipi-session-1,multiclient-scalability-weak-signal-run-1,veh-05,868,20-clients,default,stationary,unsynced,true,true,clients,20,count,IPI-CooperativeService,1098,1783365424636358457,1783365278333686950,1783365278333744866,,,,,,"CooperativeService{guidedPlanning, status=request, vehicleId=0x7665682d3035, requestedHorizonMs=2500, confidence=100, planning.waypoints=1, offloadTaskId=probe-868, offloadPayload=1024 bytes}"
5g-receiver,1783365278724449523,edge4av-real-20260706-multiclient-scalability-weak-signal-run-1,p5g-scale-mqtt-payload-1024-clients-20,scale,guided-planning,mqtt,,veh-05,rsu-1,p5g-scale-mqtt-payload-1024-clients-20-veh-05-869,ipi-session-1,multiclient-scalability-weak-signal-run-1,veh-05,869,20-clients,default,stationary,unsynced,true,true,clients,20,count,IPI-CooperativeService,1098,1783365424992381286,1783365278724392455,1783365278724449523,,,,,,"CooperativeService{guidedPlanning, status=request, vehicleId=0x7665682d3035, requestedHorizonMs=2500, confidence=100, planning.waypoints=1, offloadTaskId=probe-869, offloadPayload=1024 bytes}"
5g-receiver,1783365279024849001,edge4av-real-20260706-multiclient-scalability-weak-signal-run-1,p5g-scale-mqtt-payload-1024-clients-20,scale,guided-planning,mqtt,,veh-05,rsu-1,p5g-scale-mqtt-payload-1024-clients-20-veh-05-870,ipi-session-1,multiclient-scalability-weak-signal-run-1,veh-05,870,20-clients,default,stationary,unsynced,true,true,clients,20,count,IPI-CooperativeService,1098,1783365425382326906,1783365279024792069,1783365279024849001,,,,,,"CooperativeService{guidedPlanning, status=request, vehicleId=0x7665682d3035, requestedHorizonMs=2500, confidence=100, planning.waypoints=1, offloadTaskId=probe-870, offloadPayload=1024 bytes}"
5g-receiver,1783365279325385270,edge4av-real-20260706-multiclient-scalability-weak-signal-run-1,p5g-scale-mqtt-payload-1024-clients-20,scale,guided-planning,mqtt,,veh-05,rsu-1,p5g-scale-mqtt-payload-1024-clients-20-veh-05-871,ipi-session-1,multiclient-scalability-weak-signal-run-1,veh-05,871,20-clients,default,stationary,unsynced,true,true,clients,20,count,IPI-CooperativeService,1098,1783365425684360856,1783365279325327308,1783365279325385270,,,,,,"CooperativeService{guidedPlanning, status=request, vehicleId=0x7665682d3035, requestedHorizonMs=2500, confidence=100, planning.waypoints=1, offloadTaskId=probe-871, offloadPayload=1024 bytes}"
5g-receiver,1783365279665790317,edge4av-real-20260706-multiclient-scalability-weak-signal-run-1,p5g-scale-mqtt-payload-1024-clients-20,scale,guided-planning,mqtt,,veh-05,rsu-1,p5g-scale-mqtt-payload-1024-clients-20-veh-05-872,ipi-session-1,multiclient-scalability-weak-signal-run-1,veh-05,872,20-clients,default,stationary,unsynced,true,true,clients,20,count,IPI-CooperativeService,1098,1783365425982394736,1783365279665734419,1783365279665790317,,,,,,"CooperativeService{guidedPlanning, status=request, vehicleId=0x7665682d3035, requestedHorizonMs=2500, confidence=100, planning.waypoints=1, offloadTaskId=probe-872, offloadPayload=1024 bytes}"
5g-receiver,1783365280016131118,edge4av-real-20260706-multiclient-scalability-weak-signal-run-1,p5g-scale-mqtt-payload-1024-clients-20,scale,guided-planning,mqtt,,veh-05,rsu-1,p5g-scale-mqtt-payload-1024-clients-20-veh-05-873,ipi-session-1,multiclient-scalability-weak-signal-run-1,veh-05,873,20-clients,default,stationary,unsynced,true,true,clients,20,count,IPI-CooperativeService,1098,1783365426328437171,1783365280016071736,1783365280016131118,,,,,,"CooperativeService{guidedPlanning, status=request, vehicleId=0x7665682d3035, requestedHorizonMs=2500, confidence=100, planning.waypoints=1, offloadTaskId=probe-873, offloadPayload=1024 bytes}"
5g-receiver,1783365280366972220,edge4av-real-20260706-multiclient-scalability-weak-signal-run-1,p5g-scale-mqtt-payload-1024-clients-20,scale,guided-planning,mqtt,,veh-05,rsu-1,p5g-scale-mqtt-payload-1024-clients-20-veh-05-874,ipi-session-1,multiclient-scalability-weak-signal-run-1,veh-05,874,20-clients,default,stationary,unsynced,true,true,clients,20,count,IPI-CooperativeService,1098,1783365426672478358,1783365280366912930,1783365280366972220,,,,,,"CooperativeService{guidedPlanning, status=request, vehicleId=0x7665682d3035, requestedHorizonMs=2500, confidence=100, planning.waypoints=1, offloadTaskId=probe-874, offloadPayload=1024 bytes}"
5g-receiver,1783365280637144579,edge4av-real-20260706-multiclient-scalability-weak-signal-run-1,p5g-scale-mqtt-payload-1024-clients-20,scale,guided-planning,mqtt,,veh-05,rsu-1,p5g-scale-mqtt-payload-1024-clients-20-veh-05-875,ipi-session-1,multiclient-scalability-weak-signal-run-1,veh-05,875,20-clients,default,stationary,unsynced,true,true,clients,20,count,IPI-CooperativeService,1098,1783365427022310499,1783365280637088884,1783365280637144579,,,,,,"CooperativeService{guidedPlanning, status=request, vehicleId=0x7665682d3035, requestedHorizonMs=2500, confidence=100, planning.waypoints=1, offloadTaskId=probe-875, offloadPayload=1024 bytes}"
5g-receiver,1783365280937767455,edge4av-real-20260706-multiclient-scalability-weak-signal-run-1,p5g-scale-mqtt-payload-1024-clients-20,scale,guided-planning,mqtt,,veh-05,rsu-1,p5g-scale-mqtt-payload-1024-clients-20-veh-05-876,ipi-session-1,multiclient-scalability-weak-signal-run-1,veh-05,876,20-clients,default,stationary,unsynced,true,true,clients,20,count,IPI-CooperativeService,1098,1783365427300286393,1783365280937710659,1783365280937767455,,,,,,"CooperativeService{guidedPlanning, status=request, vehicleId=0x7665682d3035, requestedHorizonMs=2500, confidence=100, planning.waypoints=1, offloadTaskId=probe-876, offloadPayload=1024 bytes}"
5g-receiver,1783365281278284162,edge4av-real-20260706-multiclient-scalability-weak-signal-run-1,p5g-scale-mqtt-payload-1024-clients-20,scale,guided-planning,mqtt,,veh-05,rsu-1,p5g-scale-mqtt-payload-1024-clients-20-veh-05-877,ipi-session-1,multiclient-scalability-weak-signal-run-1,veh-05,877,20-clients,default,stationary,unsynced,true,true,clients,20,count,IPI-CooperativeService,1098,1783365427596277803,1783365281278227655,1783365281278284162,,,,,,"CooperativeService{guidedPlanning, status=request, vehicleId=0x7665682d3035, requestedHorizonMs=2500, confidence=100, planning.waypoints=1, offloadTaskId=probe-877, offloadPayload=1024 bytes}"
5g-receiver,1783365281648626385,edge4av-real-20260706-multiclient-scalability-weak-signal-run-1,p5g-scale-mqtt-payload-1024-clients-20,scale,guided-planning,mqtt,,veh-05,rsu-1,p5g-scale-mqtt-payload-1024-clients-20-veh-05-878,ipi-session-1,multiclient-scalability-weak-signal-run-1,veh-05,878,20-clients,default,stationary,unsynced,true,true,clients,20,count,IPI-CooperativeService,1098,1783365427934493098,1783365281648569350,1783365281648626385,,,,,,"CooperativeService{guidedPlanning, status=request, vehicleId=0x7665682d3035, requestedHorizonMs=2500, confidence=100, planning.waypoints=1, offloadTaskId=probe-878, offloadPayload=1024 bytes}"
5g-receiver,1783365281899203593,edge4av-real-20260706-multiclient-scalability-weak-signal-run-1,p5g-scale-mqtt-payload-1024-clients-20,scale,guided-planning,mqtt,,veh-05,rsu-1,p5g-scale-mqtt-payload-1024-clients-20-veh-05-879,ipi-session-1,multiclient-scalability-weak-signal-run-1,veh-05,879,20-clients,default,stationary,unsynced,true,true,clients,20,count,IPI-CooperativeService,1098,1783365428304354358,1783365281899117885,1783365281899203593,,,,,,"CooperativeService{guidedPlanning, status=request, vehicleId=0x7665682d3035, requestedHorizonMs=2500, confidence=100, planning.waypoints=1, offloadTaskId=probe-879, offloadPayload=1024 bytes}"
5g-receiver,1783365282159394776,edge4av-real-20260706-multiclient-scalability-weak-signal-run-1,p5g-scale-mqtt-payload-1024-clients-20,scale,guided-planning,mqtt,,veh-05,rsu-1,p5g-scale-mqtt-payload-1024-clients-20-veh-05-880,ipi-session-1,multiclient-scalability-weak-signal-run-1,veh-05,880,20-clients,default,stationary,unsynced,true,true,clients,20,count,IPI-CooperativeService,1098,1783365428558354739,1783365282159337260,1783365282159394776,,,,,,"CooperativeService{guidedPlanning, status=request, vehicleId=0x7665682d3035, requestedHorizonMs=2500, confidence=100, planning.waypoints=1, offloadTaskId=probe-880, offloadPayload=1024 bytes}"
5g-receiver,1783365282469704572,edge4av-real-20260706-multiclient-scalability-weak-signal-run-1,p5g-scale-mqtt-payload-1024-clients-20,scale,guided-planning,mqtt,,veh-05,rsu-1,p5g-scale-mqtt-payload-1024-clients-20-veh-05-881,ipi-session-1,multiclient-scalability-weak-signal-run-1,veh-05,881,20-clients,default,stationary,unsynced,true,true,clients,20,count,IPI-CooperativeService,1098,1783365428812528580,1783365282469648853,1783365282469704572,,,,,,"CooperativeService{guidedPlanning, status=request, vehicleId=0x7665682d3035, requestedHorizonMs=2500, confidence=100, planning.waypoints=1, offloadTaskId=probe-881, offloadPayload=1024 bytes}"
5g-receiver,1783365282710340754,edge4av-real-20260706-multiclient-scalability-weak-signal-run-1,p5g-scale-mqtt-payload-1024-clients-20,scale,guided-planning,mqtt,,veh-05,rsu-1,p5g-scale-mqtt-payload-1024-clients-20-veh-05-882,ipi-session-1,multiclient-scalability-weak-signal-run-1,veh-05,882,20-clients,default,stationary,unsynced,true,true,clients,20,count,IPI-CooperativeService,1098,1783365429124434298,1783365282710284146,1783365282710340754,,,,,,"CooperativeService{guidedPlanning, status=request, vehicleId=0x7665682d3035, requestedHorizonMs=2500, confidence=100, planning.waypoints=1, offloadTaskId=probe-882, offloadPayload=1024 bytes}"
5g-receiver,1783365282980401309,edge4av-real-20260706-multiclient-scalability-weak-signal-run-1,p5g-scale-mqtt-payload-1024-clients-20,scale,guided-planning,mqtt,,veh-05,rsu-1,p5g-scale-mqtt-payload-1024-clients-20-veh-05-883,ipi-session-1,multiclient-scalability-weak-signal-run-1,veh-05,883,20-clients,default,stationary,unsynced,true,true,clients,20,count,IPI-CooperativeService,1098,1783365429368400946,1783365282980343856,1783365282980401309,,,,,,"CooperativeService{guidedPlanning, status=request, vehicleId=0x7665682d3035, requestedHorizonMs=2500, confidence=100, planning.waypoints=1, offloadTaskId=probe-883, offloadPayload=1024 bytes}"
5g-receiver,1783365283211535744,edge4av-real-20260706-multiclient-scalability-weak-signal-run-1,p5g-scale-mqtt-payload-1024-clients-20,scale,guided-planning,mqtt,,veh-05,rsu-1,p5g-scale-mqtt-payload-1024-clients-20-veh-05-884,ipi-session-1,multiclient-scalability-weak-signal-run-1,veh-05,884,20-clients,default,stationary,unsynced,true,true,clients,20,count,IPI-CooperativeService,1098,1783365429638348827,1783365283211472029,1783365283211535744,,,,,,"CooperativeService{guidedPlanning, status=request, vehicleId=0x7665682d3035, requestedHorizonMs=2500, confidence=100, planning.waypoints=1, offloadTaskId=probe-884, offloadPayload=1024 bytes}"
5g-receiver,1783365283451637040,edge4av-real-20260706-multiclient-scalability-weak-signal-run-1,p5g-scale-mqtt-payload-1024-clients-20,scale,guided-planning,mqtt,,veh-05,rsu-1,p5g-scale-mqtt-payload-1024-clients-20-veh-05-885,ipi-session-1,multiclient-scalability-weak-signal-run-1,veh-05,885,20-clients,default,stationary,unsynced,true,true,clients,20,count,IPI-CooperativeService,1098,1783365429874364641,1783365283451585541,1783365283451637040,,,,,,"CooperativeService{guidedPlanning, status=request, vehicleId=0x7665682d3035, requestedHorizonMs=2500, confidence=100, planning.waypoints=1, offloadTaskId=probe-885, offloadPayload=1024 bytes}"
5g-receiver,1783365283702172251,edge4av-real-20260706-multiclient-scalability-weak-signal-run-1,p5g-scale-mqtt-payload-1024-clients-20,scale,guided-planning,mqtt,,veh-05,rsu-1,p5g-scale-mqtt-payload-1024-clients-20-veh-05-886,ipi-session-1,multiclient-scalability-weak-signal-run-1,veh-05,886,20-clients,default,stationary,unsynced,true,true,clients,20,count,IPI-CooperativeService,1098,1783365430118282030,1783365283702121930,1783365283702172251,,,,,,"CooperativeService{guidedPlanning, status=request, vehicleId=0x7665682d3035, requestedHorizonMs=2500, confidence=100, planning.waypoints=1, offloadTaskId=probe-886, offloadPayload=1024 bytes}"
5g-receiver,1783365283931733217,edge4av-real-20260706-multiclient-scalability-weak-signal-run-1,p5g-scale-mqtt-payload-1024-clients-20,scale,guided-planning,mqtt,,veh-05,rsu-1,p5g-scale-mqtt-payload-1024-clients-20-veh-05-887,ipi-session-1,multiclient-scalability-weak-signal-run-1,veh-05,887,20-clients,default,stationary,unsynced,true,true,clients,20,count,IPI-CooperativeService,1098,1783365430358301914,1783365283931673399,1783365283931733217,,,,,,"CooperativeService{guidedPlanning, status=request, vehicleId=0x7665682d3035, requestedHorizonMs=2500, confidence=100, planning.waypoints=1, offloadTaskId=probe-887, offloadPayload=1024 bytes}"
5g-receiver,1783365284172702005,edge4av-real-20260706-multiclient-scalability-weak-signal-run-1,p5g-scale-mqtt-payload-1024-clients-20,scale,guided-planning,mqtt,,veh-05,rsu-1,p5g-scale-mqtt-payload-1024-clients-20-veh-05-888,ipi-session-1,multiclient-scalability-weak-signal-run-1,veh-05,888,20-clients,default,stationary,unsynced,true,true,clients,20,count,IPI-CooperativeService,1098,1783365430590391327,1783365284172651898,1783365284172702005,,,,,,"CooperativeService{guidedPlanning, status=request, vehicleId=0x7665682d3035, requestedHorizonMs=2500, confidence=100, planning.waypoints=1, offloadTaskId=probe-888, offloadPayload=1024 bytes}"
5g-receiver,1783365284423078512,edge4av-real-20260706-multiclient-scalability-weak-signal-run-1,p5g-scale-mqtt-payload-1024-clients-20,scale,guided-planning,mqtt,,veh-05,rsu-1,p5g-scale-mqtt-payload-1024-clients-20-veh-05-889,ipi-session-1,multiclient-scalability-weak-signal-run-1,veh-05,889,20-clients,default,stationary,unsynced,true,true,clients,20,count,IPI-CooperativeService,1098,1783365430828468450,1783365284423026650,1783365284423078512,,,,,,"CooperativeService{guidedPlanning, status=request, vehicleId=0x7665682d3035, requestedHorizonMs=2500, confidence=100, planning.waypoints=1, offloadTaskId=probe-889, offloadPayload=1024 bytes}"
5g-receiver,1783365284653836824,edge4av-real-20260706-multiclient-scalability-weak-signal-run-1,p5g-scale-mqtt-payload-1024-clients-20,scale,guided-planning,mqtt,,veh-05,rsu-1,p5g-scale-mqtt-payload-1024-clients-20-veh-05-890,ipi-session-1,multiclient-scalability-weak-signal-run-1,veh-05,890,20-clients,default,stationary,unsynced,true,true,clients,20,count,IPI-CooperativeService,1098,1783365431078250141,1783365284653786893,1783365284653836824,,,,,,"CooperativeService{guidedPlanning, status=request, vehicleId=0x7665682d3035, requestedHorizonMs=2500, confidence=100, planning.waypoints=1, offloadTaskId=probe-890, offloadPayload=1024 bytes}"
5g-receiver,1783365284913100018,edge4av-real-20260706-multiclient-scalability-weak-signal-run-1,p5g-scale-mqtt-payload-1024-clients-20,scale,guided-planning,mqtt,,veh-05,rsu-1,p5g-scale-mqtt-payload-1024-clients-20-veh-05-891,ipi-session-1,multiclient-scalability-weak-signal-run-1,veh-05,891,20-clients,default,stationary,unsynced,true,true,clients,20,count,IPI-CooperativeService,1098,1783365431318486194,1783365284913042210,1783365284913100018,,,,,,"CooperativeService{guidedPlanning, status=request, vehicleId=0x7665682d3035, requestedHorizonMs=2500, confidence=100, planning.waypoints=1, offloadTaskId=probe-891, offloadPayload=1024 bytes}"
5g-receiver,1783365285243372203,edge4av-real-20260706-multiclient-scalability-weak-signal-run-1,p5g-scale-mqtt-payload-1024-clients-20,scale,guided-planning,mqtt,,veh-05,rsu-1,p5g-scale-mqtt-payload-1024-clients-20-veh-05-892,ipi-session-1,multiclient-scalability-weak-signal-run-1,veh-05,892,20-clients,default,stationary,unsynced,true,true,clients,20,count,IPI-CooperativeService,1098,1783365431572380096,1783365285243318230,1783365285243372203,,,,,,"CooperativeService{guidedPlanning, status=request, vehicleId=0x7665682d3035, requestedHorizonMs=2500, confidence=100, planning.waypoints=1, offloadTaskId=probe-892, offloadPayload=1024 bytes}"
5g-receiver,1783365285554539463,edge4av-real-20260706-multiclient-scalability-weak-signal-run-1,p5g-scale-mqtt-payload-1024-clients-20,scale,guided-planning,mqtt,,veh-05,rsu-1,p5g-scale-mqtt-payload-1024-clients-20-veh-05-893,ipi-session-1,multiclient-scalability-weak-signal-run-1,veh-05,893,20-clients,default,stationary,unsynced,true,true,clients,20,count,IPI-CooperativeService,1098,1783365431898353239,1783365285554444349,1783365285554539463,,,,,,"CooperativeService{guidedPlanning, status=request, vehicleId=0x7665682d3035, requestedHorizonMs=2500, confidence=100, planning.waypoints=1, offloadTaskId=probe-893, offloadPayload=1024 bytes}"
5g-receiver,1783365285804460989,edge4av-real-20260706-multiclient-scalability-weak-signal-run-1,p5g-scale-mqtt-payload-1024-clients-20,scale,guided-planning,mqtt,,veh-05,rsu-1,p5g-scale-mqtt-payload-1024-clients-20-veh-05-894,ipi-session-1,multiclient-scalability-weak-signal-run-1,veh-05,894,20-clients,default,stationary,unsynced,true,true,clients,20,count,IPI-CooperativeService,1098,1783365432214283313,1783365285804402275,1783365285804460989,,,,,,"CooperativeService{guidedPlanning, status=request, vehicleId=0x7665682d3035, requestedHorizonMs=2500, confidence=100, planning.waypoints=1, offloadTaskId=probe-894, offloadPayload=1024 bytes}"
5g-receiver,1783365286044848952,edge4av-real-20260706-multiclient-scalability-weak-signal-run-1,p5g-scale-mqtt-payload-1024-clients-20,scale,guided-planning,mqtt,,veh-05,rsu-1,p5g-scale-mqtt-payload-1024-clients-20-veh-05-895,ipi-session-1,multiclient-scalability-weak-signal-run-1,veh-05,895,20-clients,default,stationary,unsynced,true,true,clients,20,count,IPI-CooperativeService,1098,1783365432464242551,1783365286044790850,1783365286044848952,,,,,,"CooperativeService{guidedPlanning, status=request, vehicleId=0x7665682d3035, requestedHorizonMs=2500, confidence=100, planning.waypoints=1, offloadTaskId=probe-895, offloadPayload=1024 bytes}"
5g-receiver,1783365286285042027,edge4av-real-20260706-multiclient-scalability-weak-signal-run-1,p5g-scale-mqtt-payload-1024-clients-20,scale,guided-planning,mqtt,,veh-05,rsu-1,p5g-scale-mqtt-payload-1024-clients-20-veh-05-896,ipi-session-1,multiclient-scalability-weak-signal-run-1,veh-05,896,20-clients,default,stationary,unsynced,true,true,clients,20,count,IPI-CooperativeService,1098,1783365432704386811,1783365286284981968,1783365286285042027,,,,,,"CooperativeService{guidedPlanning, status=request, vehicleId=0x7665682d3035, requestedHorizonMs=2500, confidence=100, planning.waypoints=1, offloadTaskId=probe-896, offloadPayload=1024 bytes}"
5g-receiver,1783365286525368518,edge4av-real-20260706-multiclient-scalability-weak-signal-run-1,p5g-scale-mqtt-payload-1024-clients-20,scale,guided-planning,mqtt,,veh-05,rsu-1,p5g-scale-mqtt-payload-1024-clients-20-veh-05-897,ipi-session-1,multiclient-scalability-weak-signal-run-1,veh-05,897,20-clients,default,stationary,unsynced,true,true,clients,20,count,IPI-CooperativeService,1098,1783365432944423455,1783365286525307580,1783365286525368518,,,,,,"CooperativeService{guidedPlanning, status=request, vehicleId=0x7665682d3035, requestedHorizonMs=2500, confidence=100, planning.waypoints=1, offloadTaskId=probe-897, offloadPayload=1024 bytes}"
5g-receiver,1783365286776074419,edge4av-real-20260706-multiclient-scalability-weak-signal-run-1,p5g-scale-mqtt-payload-1024-clients-20,scale,guided-planning,mqtt,,veh-05,rsu-1,p5g-scale-mqtt-payload-1024-clients-20-veh-05-898,ipi-session-1,multiclient-scalability-weak-signal-run-1,veh-05,898,20-clients,default,stationary,unsynced,true,true,clients,20,count,IPI-CooperativeService,1098,1783365433184336787,1783365286776015171,1783365286776074419,,,,,,"CooperativeService{guidedPlanning, status=request, vehicleId=0x7665682d3035, requestedHorizonMs=2500, confidence=100, planning.waypoints=1, offloadTaskId=probe-898, offloadPayload=1024 bytes}"
5g-receiver,1783365287016832790,edge4av-real-20260706-multiclient-scalability-weak-signal-run-1,p5g-scale-mqtt-payload-1024-clients-20,scale,guided-planning,mqtt,,veh-05,rsu-1,p5g-scale-mqtt-payload-1024-clients-20-veh-05-899,ipi-session-1,multiclient-scalability-weak-signal-run-1,veh-05,899,20-clients,default,stationary,unsynced,true,true,clients,20,count,IPI-CooperativeService,1098,1783365433432399031,1783365287016758298,1783365287016832790,,,,,,"CooperativeService{guidedPlanning, status=request, vehicleId=0x7665682d3035, requestedHorizonMs=2500, confidence=100, planning.waypoints=1, offloadTaskId=probe-899, offloadPayload=1024 bytes}"
5g-receiver,1783365287257084708,edge4av-real-20260706-multiclient-scalability-weak-signal-run-1,p5g-scale-mqtt-payload-1024-clients-20,scale,guided-planning,mqtt,,veh-05,rsu-1,p5g-scale-mqtt-payload-1024-clients-20-veh-05-900,ipi-session-1,multiclient-scalability-weak-signal-run-1,veh-05,900,20-clients,default,stationary,unsynced,true,true,clients,20,count,IPI-CooperativeService,1098,1783365433676392193,1783365287256993607,1783365287257084708,,,,,,"CooperativeService{guidedPlanning, status=request, vehicleId=0x7665682d3035, requestedHorizonMs=2500, confidence=100, planning.waypoints=1, offloadTaskId=probe-900, offloadPayload=1024 bytes}"
5g-receiver,1783365287497038739,edge4av-real-20260706-multiclient-scalability-weak-signal-run-1,p5g-scale-mqtt-payload-1024-clients-20,scale,guided-planning,mqtt,,veh-05,rsu-1,p5g-scale-mqtt-payload-1024-clients-20-veh-05-901,ipi-session-1,multiclient-scalability-weak-signal-run-1,veh-05,901,20-clients,default,stationary,unsynced,true,true,clients,20,count,IPI-CooperativeService,1098,1783365433912403009,1783365287496980740,1783365287497038739,,,,,,"CooperativeService{guidedPlanning, status=request, vehicleId=0x7665682d3035, requestedHorizonMs=2500, confidence=100, planning.waypoints=1, offloadTaskId=probe-901, offloadPayload=1024 bytes}"
5g-receiver,1783365287747579353,edge4av-real-20260706-multiclient-scalability-weak-signal-run-1,p5g-scale-mqtt-payload-1024-clients-20,scale,guided-planning,mqtt,,veh-05,rsu-1,p5g-scale-mqtt-payload-1024-clients-20-veh-05-902,ipi-session-1,multiclient-scalability-weak-signal-run-1,veh-05,902,20-clients,default,stationary,unsynced,true,true,clients,20,count,IPI-CooperativeService,1098,1783365434154442179,1783365287747521668,1783365287747579353,,,,,,"CooperativeService{guidedPlanning, status=request, vehicleId=0x7665682d3035, requestedHorizonMs=2500, confidence=100, planning.waypoints=1, offloadTaskId=probe-902, offloadPayload=1024 bytes}"
5g-receiver,1783365287977747823,edge4av-real-20260706-multiclient-scalability-weak-signal-run-1,p5g-scale-mqtt-payload-1024-clients-20,scale,guided-planning,mqtt,,veh-05,rsu-1,p5g-scale-mqtt-payload-1024-clients-20-veh-05-903,ipi-session-1,multiclient-scalability-weak-signal-run-1,veh-05,903,20-clients,default,stationary,unsynced,true,true,clients,20,count,IPI-CooperativeService,1098,1783365434406384932,1783365287977689860,1783365287977747823,,,,,,"CooperativeService{guidedPlanning, status=request, vehicleId=0x7665682d3035, requestedHorizonMs=2500, confidence=100, planning.waypoints=1, offloadTaskId=probe-903, offloadPayload=1024 bytes}"
5g-receiver,1783365288208359967,edge4av-real-20260706-multiclient-scalability-weak-signal-run-1,p5g-scale-mqtt-payload-1024-clients-20,scale,guided-planning,mqtt,,veh-05,rsu-1,p5g-scale-mqtt-payload-1024-clients-20-veh-05-904,ipi-session-1,multiclient-scalability-weak-signal-run-1,veh-05,904,20-clients,default,stationary,unsynced,true,true,clients,20,count,IPI-CooperativeService,1098,1783365434634287931,1783365288208300642,1783365288208359967,,,,,,"CooperativeService{guidedPlanning, status=request, vehicleId=0x7665682d3035, requestedHorizonMs=2500, confidence=100, planning.waypoints=1, offloadTaskId=probe-904, offloadPayload=1024 bytes}"
5g-receiver,1783365288448421720,edge4av-real-20260706-multiclient-scalability-weak-signal-run-1,p5g-scale-mqtt-payload-1024-clients-20,scale,guided-planning,mqtt,,veh-05,rsu-1,p5g-scale-mqtt-payload-1024-clients-20-veh-05-905,ipi-session-1,multiclient-scalability-weak-signal-run-1,veh-05,905,20-clients,default,stationary,unsynced,true,true,clients,20,count,IPI-CooperativeService,1098,1783365434866352251,1783365288448371875,1783365288448421720,,,,,,"CooperativeService{guidedPlanning, status=request, vehicleId=0x7665682d3035, requestedHorizonMs=2500, confidence=100, planning.waypoints=1, offloadTaskId=probe-905, offloadPayload=1024 bytes}"
5g-receiver,1783365288699155659,edge4av-real-20260706-multiclient-scalability-weak-signal-run-1,p5g-scale-mqtt-payload-1024-clients-20,scale,guided-planning,mqtt,,veh-05,rsu-1,p5g-scale-mqtt-payload-1024-clients-20-veh-05-906,ipi-session-1,multiclient-scalability-weak-signal-run-1,veh-05,906,20-clients,default,stationary,unsynced,true,true,clients,20,count,IPI-CooperativeService,1098,1783365435104438100,1783365288699100079,1783365288699155659,,,,,,"CooperativeService{guidedPlanning, status=request, vehicleId=0x7665682d3035, requestedHorizonMs=2500, confidence=100, planning.waypoints=1, offloadTaskId=probe-906, offloadPayload=1024 bytes}"
5g-receiver,1783365288939656234,edge4av-real-20260706-multiclient-scalability-weak-signal-run-1,p5g-scale-mqtt-payload-1024-clients-20,scale,guided-planning,mqtt,,veh-05,rsu-1,p5g-scale-mqtt-payload-1024-clients-20-veh-05-907,ipi-session-1,multiclient-scalability-weak-signal-run-1,veh-05,907,20-clients,default,stationary,unsynced,true,true,clients,20,count,IPI-CooperativeService,1098,1783365435352294366,1783365288939597989,1783365288939656234,,,,,,"CooperativeService{guidedPlanning, status=request, vehicleId=0x7665682d3035, requestedHorizonMs=2500, confidence=100, planning.waypoints=1, offloadTaskId=probe-907, offloadPayload=1024 bytes}"
5g-receiver,1783365289171974817,edge4av-real-20260706-multiclient-scalability-weak-signal-run-1,p5g-scale-mqtt-payload-1024-clients-20,scale,guided-planning,mqtt,,veh-05,rsu-1,p5g-scale-mqtt-payload-1024-clients-20-veh-05-908,ipi-session-1,multiclient-scalability-weak-signal-run-1,veh-05,908,20-clients,default,stationary,unsynced,true,true,clients,20,count,IPI-CooperativeService,1098,1783365435598393543,1783365289171901366,1783365289171974817,,,,,,"CooperativeService{guidedPlanning, status=request, vehicleId=0x7665682d3035, requestedHorizonMs=2500, confidence=100, planning.waypoints=1, offloadTaskId=probe-908, offloadPayload=1024 bytes}"
5g-receiver,1783365289410171493,edge4av-real-20260706-multiclient-scalability-weak-signal-run-1,p5g-scale-mqtt-payload-1024-clients-20,scale,guided-planning,mqtt,,veh-05,rsu-1,p5g-scale-mqtt-payload-1024-clients-20-veh-05-909,ipi-session-1,multiclient-scalability-weak-signal-run-1,veh-05,909,20-clients,default,stationary,unsynced,true,true,clients,20,count,IPI-CooperativeService,1098,1783365435829300911,1783365289410124975,1783365289410171493,,,,,,"CooperativeService{guidedPlanning, status=request, vehicleId=0x7665682d3035, requestedHorizonMs=2500, confidence=100, planning.waypoints=1, offloadTaskId=probe-909, offloadPayload=1024 bytes}"
5g-receiver,1783365289640794551,edge4av-real-20260706-multiclient-scalability-weak-signal-run-1,p5g-scale-mqtt-payload-1024-clients-20,scale,guided-planning,mqtt,,veh-05,rsu-1,p5g-scale-mqtt-payload-1024-clients-20-veh-05-910,ipi-session-1,multiclient-scalability-weak-signal-run-1,veh-05,910,20-clients,default,stationary,unsynced,true,true,clients,20,count,IPI-CooperativeService,1098,1783365436068405855,1783365289640733084,1783365289640794551,,,,,,"CooperativeService{guidedPlanning, status=request, vehicleId=0x7665682d3035, requestedHorizonMs=2500, confidence=100, planning.waypoints=1, offloadTaskId=probe-910, offloadPayload=1024 bytes}"
5g-receiver,1783365289871028804,edge4av-real-20260706-multiclient-scalability-weak-signal-run-1,p5g-scale-mqtt-payload-1024-clients-20,scale,guided-planning,mqtt,,veh-05,rsu-1,p5g-scale-mqtt-payload-1024-clients-20-veh-05-911,ipi-session-1,multiclient-scalability-weak-signal-run-1,veh-05,911,20-clients,default,stationary,unsynced,true,true,clients,20,count,IPI-CooperativeService,1098,1783365436304544186,1783365289870969104,1783365289871028804,,,,,,"CooperativeService{guidedPlanning, status=request, vehicleId=0x7665682d3035, requestedHorizonMs=2500, confidence=100, planning.waypoints=1, offloadTaskId=probe-911, offloadPayload=1024 bytes}"
5g-receiver,1783365290111885839,edge4av-real-20260706-multiclient-scalability-weak-signal-run-1,p5g-scale-mqtt-payload-1024-clients-20,scale,guided-planning,mqtt,,veh-05,rsu-1,p5g-scale-mqtt-payload-1024-clients-20-veh-05-912,ipi-session-1,multiclient-scalability-weak-signal-run-1,veh-05,912,20-clients,default,stationary,unsynced,true,true,clients,20,count,IPI-CooperativeService,1098,1783365436530300838,1783365290111817697,1783365290111885839,,,,,,"CooperativeService{guidedPlanning, status=request, vehicleId=0x7665682d3035, requestedHorizonMs=2500, confidence=100, planning.waypoints=1, offloadTaskId=probe-912, offloadPayload=1024 bytes}"
5g-receiver,1783365290351815511,edge4av-real-20260706-multiclient-scalability-weak-signal-run-1,p5g-scale-mqtt-payload-1024-clients-20,scale,guided-planning,mqtt,,veh-05,rsu-1,p5g-scale-mqtt-payload-1024-clients-20-veh-05-913,ipi-session-1,multiclient-scalability-weak-signal-run-1,veh-05,913,20-clients,default,stationary,unsynced,true,true,clients,20,count,IPI-CooperativeService,1098,1783365436766306389,1783365290351723739,1783365290351815511,,,,,,"CooperativeService{guidedPlanning, status=request, vehicleId=0x7665682d3035, requestedHorizonMs=2500, confidence=100, planning.waypoints=1, offloadTaskId=probe-913, offloadPayload=1024 bytes}"
5g-receiver,1783365290582223985,edge4av-real-20260706-multiclient-scalability-weak-signal-run-1,p5g-scale-mqtt-payload-1024-clients-20,scale,guided-planning,mqtt,,veh-05,rsu-1,p5g-scale-mqtt-payload-1024-clients-20-veh-05-914,ipi-session-1,multiclient-scalability-weak-signal-run-1,veh-05,914,20-clients,default,stationary,unsynced,true,true,clients,20,count,IPI-CooperativeService,1098,1783365437008373477,1783365290582167212,1783365290582223985,,,,,,"CooperativeService{guidedPlanning, status=request, vehicleId=0x7665682d3035, requestedHorizonMs=2500, confidence=100, planning.waypoints=1, offloadTaskId=probe-914, offloadPayload=1024 bytes}"
5g-receiver,1783365290812506619,edge4av-real-20260706-multiclient-scalability-weak-signal-run-1,p5g-scale-mqtt-payload-1024-clients-20,scale,guided-planning,mqtt,,veh-05,rsu-1,p5g-scale-mqtt-payload-1024-clients-20-veh-05-915,ipi-session-1,multiclient-scalability-weak-signal-run-1,veh-05,915,20-clients,default,stationary,unsynced,true,true,clients,20,count,IPI-CooperativeService,1098,1783365437240344246,1783365290812405748,1783365290812506619,,,,,,"CooperativeService{guidedPlanning, status=request, vehicleId=0x7665682d3035, requestedHorizonMs=2500, confidence=100, planning.waypoints=1, offloadTaskId=probe-915, offloadPayload=1024 bytes}"
5g-receiver,1783365291052645967,edge4av-real-20260706-multiclient-scalability-weak-signal-run-1,p5g-scale-mqtt-payload-1024-clients-20,scale,guided-planning,mqtt,,veh-05,rsu-1,p5g-scale-mqtt-payload-1024-clients-20-veh-05-916,ipi-session-1,multiclient-scalability-weak-signal-run-1,veh-05,916,20-clients,default,stationary,unsynced,true,true,clients,20,count,IPI-CooperativeService,1098,1783365437468380151,1783365291052572972,1783365291052645967,,,,,,"CooperativeService{guidedPlanning, status=request, vehicleId=0x7665682d3035, requestedHorizonMs=2500, confidence=100, planning.waypoints=1, offloadTaskId=probe-916, offloadPayload=1024 bytes}"
5g-receiver,1783365291323393590,edge4av-real-20260706-multiclient-scalability-weak-signal-run-1,p5g-scale-mqtt-payload-1024-clients-20,scale,guided-planning,mqtt,,veh-05,rsu-1,p5g-scale-mqtt-payload-1024-clients-20-veh-05-917,ipi-session-1,multiclient-scalability-weak-signal-run-1,veh-05,917,20-clients,default,stationary,unsynced,true,true,clients,20,count,IPI-CooperativeService,1098,1783365437712386992,1783365291323336953,1783365291323393590,,,,,,"CooperativeService{guidedPlanning, status=request, vehicleId=0x7665682d3035, requestedHorizonMs=2500, confidence=100, planning.waypoints=1, offloadTaskId=probe-917, offloadPayload=1024 bytes}"
5g-receiver,1783365291553447893,edge4av-real-20260706-multiclient-scalability-weak-signal-run-1,p5g-scale-mqtt-payload-1024-clients-20,scale,guided-planning,mqtt,,veh-05,rsu-1,p5g-scale-mqtt-payload-1024-clients-20-veh-05-918,ipi-session-1,multiclient-scalability-weak-signal-run-1,veh-05,918,20-clients,default,stationary,unsynced,true,true,clients,20,count,IPI-CooperativeService,1098,1783365437980379045,1783365291553378500,1783365291553447893,,,,,,"CooperativeService{guidedPlanning, status=request, vehicleId=0x7665682d3035, requestedHorizonMs=2500, confidence=100, planning.waypoints=1, offloadTaskId=probe-918, offloadPayload=1024 bytes}"
5g-receiver,1783365291894138968,edge4av-real-20260706-multiclient-scalability-weak-signal-run-1,p5g-scale-mqtt-payload-1024-clients-20,scale,guided-planning,mqtt,,veh-05,rsu-1,p5g-scale-mqtt-payload-1024-clients-20-veh-05-919,ipi-session-1,multiclient-scalability-weak-signal-run-1,veh-05,919,20-clients,default,stationary,unsynced,true,true,clients,20,count,IPI-CooperativeService,1098,1783365438208305751,1783365291894082267,1783365291894138968,,,,,,"CooperativeService{guidedPlanning, status=request, vehicleId=0x7665682d3035, requestedHorizonMs=2500, confidence=100, planning.waypoints=1, offloadTaskId=probe-919, offloadPayload=1024 bytes}"
5g-receiver,1783365292264904897,edge4av-real-20260706-multiclient-scalability-weak-signal-run-1,p5g-scale-mqtt-payload-1024-clients-20,scale,guided-planning,mqtt,,veh-05,rsu-1,p5g-scale-mqtt-payload-1024-clients-20-veh-05-920,ipi-session-1,multiclient-scalability-weak-signal-run-1,veh-05,920,20-clients,default,stationary,unsynced,true,true,clients,20,count,IPI-CooperativeService,1098,1783365438558404113,1783365292264847432,1783365292264904897,,,,,,"CooperativeService{guidedPlanning, status=request, vehicleId=0x7665682d3035, requestedHorizonMs=2500, confidence=100, planning.waypoints=1, offloadTaskId=probe-920, offloadPayload=1024 bytes}"
5g-receiver,1783365292605275772,edge4av-real-20260706-multiclient-scalability-weak-signal-run-1,p5g-scale-mqtt-payload-1024-clients-20,scale,guided-planning,mqtt,,veh-05,rsu-1,p5g-scale-mqtt-payload-1024-clients-20-veh-05-921,ipi-session-1,multiclient-scalability-weak-signal-run-1,veh-05,921,20-clients,default,stationary,unsynced,true,true,clients,20,count,IPI-CooperativeService,1098,1783365438922342109,1783365292605218797,1783365292605275772,,,,,,"CooperativeService{guidedPlanning, status=request, vehicleId=0x7665682d3035, requestedHorizonMs=2500, confidence=100, planning.waypoints=1, offloadTaskId=probe-921, offloadPayload=1024 bytes}"
5g-receiver,1783365292976105545,edge4av-real-20260706-multiclient-scalability-weak-signal-run-1,p5g-scale-mqtt-payload-1024-clients-20,scale,guided-planning,mqtt,,veh-05,rsu-1,p5g-scale-mqtt-payload-1024-clients-20-veh-05-922,ipi-session-1,multiclient-scalability-weak-signal-run-1,veh-05,922,20-clients,default,stationary,unsynced,true,true,clients,20,count,IPI-CooperativeService,1098,1783365439262407367,1783365292976049078,1783365292976105545,,,,,,"CooperativeService{guidedPlanning, status=request, vehicleId=0x7665682d3035, requestedHorizonMs=2500, confidence=100, planning.waypoints=1, offloadTaskId=probe-922, offloadPayload=1024 bytes}"
5g-receiver,1783365293346684092,edge4av-real-20260706-multiclient-scalability-weak-signal-run-1,p5g-scale-mqtt-payload-1024-clients-20,scale,guided-planning,mqtt,,veh-05,rsu-1,p5g-scale-mqtt-payload-1024-clients-20-veh-05-923,ipi-session-1,multiclient-scalability-weak-signal-run-1,veh-05,923,20-clients,default,stationary,unsynced,true,true,clients,20,count,IPI-CooperativeService,1098,1783365439632468861,1783365293346625261,1783365293346684092,,,,,,"CooperativeService{guidedPlanning, status=request, vehicleId=0x7665682d3035, requestedHorizonMs=2500, confidence=100, planning.waypoints=1, offloadTaskId=probe-923, offloadPayload=1024 bytes}"
5g-receiver,1783365293737376303,edge4av-real-20260706-multiclient-scalability-weak-signal-run-1,p5g-scale-mqtt-payload-1024-clients-20,scale,guided-planning,mqtt,,veh-05,rsu-1,p5g-scale-mqtt-payload-1024-clients-20-veh-05-924,ipi-session-1,multiclient-scalability-weak-signal-run-1,veh-05,924,20-clients,default,stationary,unsynced,true,true,clients,20,count,IPI-CooperativeService,1098,1783365440008776767,1783365293737318870,1783365293737376303,,,,,,"CooperativeService{guidedPlanning, status=request, vehicleId=0x7665682d3035, requestedHorizonMs=2500, confidence=100, planning.waypoints=1, offloadTaskId=probe-924, offloadPayload=1024 bytes}"
5g-receiver,1783365294078093573,edge4av-real-20260706-multiclient-scalability-weak-signal-run-1,p5g-scale-mqtt-payload-1024-clients-20,scale,guided-planning,mqtt,,veh-05,rsu-1,p5g-scale-mqtt-payload-1024-clients-20-veh-05-925,ipi-session-1,multiclient-scalability-weak-signal-run-1,veh-05,925,20-clients,default,stationary,unsynced,true,true,clients,20,count,IPI-CooperativeService,1098,1783365440392371984,1783365294078038123,1783365294078093573,,,,,,"CooperativeService{guidedPlanning, status=request, vehicleId=0x7665682d3035, requestedHorizonMs=2500, confidence=100, planning.waypoints=1, offloadTaskId=probe-925, offloadPayload=1024 bytes}"
5g-receiver,1783365294448859016,edge4av-real-20260706-multiclient-scalability-weak-signal-run-1,p5g-scale-mqtt-payload-1024-clients-20,scale,guided-planning,mqtt,,veh-05,rsu-1,p5g-scale-mqtt-payload-1024-clients-20-veh-05-926,ipi-session-1,multiclient-scalability-weak-signal-run-1,veh-05,926,20-clients,default,stationary,unsynced,true,true,clients,20,count,IPI-CooperativeService,1098,1783365440736268523,1783365294448802086,1783365294448859016,,,,,,"CooperativeService{guidedPlanning, status=request, vehicleId=0x7665682d3035, requestedHorizonMs=2500, confidence=100, planning.waypoints=1, offloadTaskId=probe-926, offloadPayload=1024 bytes}"
5g-receiver,1783365294819393094,edge4av-real-20260706-multiclient-scalability-weak-signal-run-1,p5g-scale-mqtt-payload-1024-clients-20,scale,guided-planning,mqtt,,veh-05,rsu-1,p5g-scale-mqtt-payload-1024-clients-20-veh-05-927,ipi-session-1,multiclient-scalability-weak-signal-run-1,veh-05,927,20-clients,default,stationary,unsynced,true,true,clients,20,count,IPI-CooperativeService,1098,1783365441108467604,1783365294819335332,1783365294819393094,,,,,,"CooperativeService{guidedPlanning, status=request, vehicleId=0x7665682d3035, requestedHorizonMs=2500, confidence=100, planning.waypoints=1, offloadTaskId=probe-927, offloadPayload=1024 bytes}"
5g-receiver,1783365295179941007,edge4av-real-20260706-multiclient-scalability-weak-signal-run-1,p5g-scale-mqtt-payload-1024-clients-20,scale,guided-planning,mqtt,,veh-05,rsu-1,p5g-scale-mqtt-payload-1024-clients-20-veh-05-928,ipi-session-1,multiclient-scalability-weak-signal-run-1,veh-05,928,20-clients,default,stationary,unsynced,true,true,clients,20,count,IPI-CooperativeService,1098,1783365441474284319,1783365295179884108,1783365295179941007,,,,,,"CooperativeService{guidedPlanning, status=request, vehicleId=0x7665682d3035, requestedHorizonMs=2500, confidence=100, planning.waypoints=1, offloadTaskId=probe-928, offloadPayload=1024 bytes}"
5g-receiver,1783365295480687290,edge4av-real-20260706-multiclient-scalability-weak-signal-run-1,p5g-scale-mqtt-payload-1024-clients-20,scale,guided-planning,mqtt,,veh-05,rsu-1,p5g-scale-mqtt-payload-1024-clients-20-veh-05-929,ipi-session-1,multiclient-scalability-weak-signal-run-1,veh-05,929,20-clients,default,stationary,unsynced,true,true,clients,20,count,IPI-CooperativeService,1098,1783365441836239324,1783365295480630185,1783365295480687290,,,,,,"CooperativeService{guidedPlanning, status=request, vehicleId=0x7665682d3035, requestedHorizonMs=2500, confidence=100, planning.waypoints=1, offloadTaskId=probe-929, offloadPayload=1024 bytes}"
5g-receiver,1783365295831402973,edge4av-real-20260706-multiclient-scalability-weak-signal-run-1,p5g-scale-mqtt-payload-1024-clients-20,scale,guided-planning,mqtt,,veh-05,rsu-1,p5g-scale-mqtt-payload-1024-clients-20-veh-05-930,ipi-session-1,multiclient-scalability-weak-signal-run-1,veh-05,930,20-clients,default,stationary,unsynced,true,true,clients,20,count,IPI-CooperativeService,1098,1783365442138170535,1783365295831319383,1783365295831402973,,,,,,"CooperativeService{guidedPlanning, status=request, vehicleId=0x7665682d3035, requestedHorizonMs=2500, confidence=100, planning.waypoints=1, offloadTaskId=probe-930, offloadPayload=1024 bytes}"
5g-receiver,1783365296191436227,edge4av-real-20260706-multiclient-scalability-weak-signal-run-1,p5g-scale-mqtt-payload-1024-clients-20,scale,guided-planning,mqtt,,veh-05,rsu-1,p5g-scale-mqtt-payload-1024-clients-20-veh-05-931,ipi-session-1,multiclient-scalability-weak-signal-run-1,veh-05,931,20-clients,default,stationary,unsynced,true,true,clients,20,count,IPI-CooperativeService,1098,1783365442492305805,1783365296191379453,1783365296191436227,,,,,,"CooperativeService{guidedPlanning, status=request, vehicleId=0x7665682d3035, requestedHorizonMs=2500, confidence=100, planning.waypoints=1, offloadTaskId=probe-931, offloadPayload=1024 bytes}"
5g-receiver,1783365296532114282,edge4av-real-20260706-multiclient-scalability-weak-signal-run-1,p5g-scale-mqtt-payload-1024-clients-20,scale,guided-planning,mqtt,,veh-05,rsu-1,p5g-scale-mqtt-payload-1024-clients-20-veh-05-932,ipi-session-1,multiclient-scalability-weak-signal-run-1,veh-05,932,20-clients,default,stationary,unsynced,true,true,clients,20,count,IPI-CooperativeService,1098,1783365442846283171,1783365296532056709,1783365296532114282,,,,,,"CooperativeService{guidedPlanning, status=request, vehicleId=0x7665682d3035, requestedHorizonMs=2500, confidence=100, planning.waypoints=1, offloadTaskId=probe-932, offloadPayload=1024 bytes}"
5g-receiver,1783365296902666694,edge4av-real-20260706-multiclient-scalability-weak-signal-run-1,p5g-scale-mqtt-payload-1024-clients-20,scale,guided-planning,mqtt,,veh-05,rsu-1,p5g-scale-mqtt-payload-1024-clients-20-veh-05-933,ipi-session-1,multiclient-scalability-weak-signal-run-1,veh-05,933,20-clients,default,stationary,unsynced,true,true,clients,20,count,IPI-CooperativeService,1098,1783365443190431107,1783365296902608455,1783365296902666694,,,,,,"CooperativeService{guidedPlanning, status=request, vehicleId=0x7665682d3035, requestedHorizonMs=2500, confidence=100, planning.waypoints=1, offloadTaskId=probe-933, offloadPayload=1024 bytes}"
5g-receiver,1783365297233273322,edge4av-real-20260706-multiclient-scalability-weak-signal-run-1,p5g-scale-mqtt-payload-1024-clients-20,scale,guided-planning,mqtt,,veh-05,rsu-1,p5g-scale-mqtt-payload-1024-clients-20-veh-05-934,ipi-session-1,multiclient-scalability-weak-signal-run-1,veh-05,934,20-clients,default,stationary,unsynced,true,true,clients,20,count,IPI-CooperativeService,1098,1783365443560447826,1783365297233216108,1783365297233273322,,,,,,"CooperativeService{guidedPlanning, status=request, vehicleId=0x7665682d3035, requestedHorizonMs=2500, confidence=100, planning.waypoints=1, offloadTaskId=probe-934, offloadPayload=1024 bytes}"
5g-receiver,1783365297594067949,edge4av-real-20260706-multiclient-scalability-weak-signal-run-1,p5g-scale-mqtt-payload-1024-clients-20,scale,guided-planning,mqtt,,veh-05,rsu-1,p5g-scale-mqtt-payload-1024-clients-20-veh-05-935,ipi-session-1,multiclient-scalability-weak-signal-run-1,veh-05,935,20-clients,default,stationary,unsynced,true,true,clients,20,count,IPI-CooperativeService,1098,1783365443892323197,1783365297594010759,1783365297594067949,,,,,,"CooperativeService{guidedPlanning, status=request, vehicleId=0x7665682d3035, requestedHorizonMs=2500, confidence=100, planning.waypoints=1, offloadTaskId=probe-935, offloadPayload=1024 bytes}"
5g-receiver,1783365297854365244,edge4av-real-20260706-multiclient-scalability-weak-signal-run-1,p5g-scale-mqtt-payload-1024-clients-20,scale,guided-planning,mqtt,,veh-05,rsu-1,p5g-scale-mqtt-payload-1024-clients-20-veh-05-936,ipi-session-1,multiclient-scalability-weak-signal-run-1,veh-05,936,20-clients,default,stationary,unsynced,true,true,clients,20,count,IPI-CooperativeService,1098,1783365444248378918,1783365297854293315,1783365297854365244,,,,,,"CooperativeService{guidedPlanning, status=request, vehicleId=0x7665682d3035, requestedHorizonMs=2500, confidence=100, planning.waypoints=1, offloadTaskId=probe-936, offloadPayload=1024 bytes}"
5g-receiver,1783365298094771304,edge4av-real-20260706-multiclient-scalability-weak-signal-run-1,p5g-scale-mqtt-payload-1024-clients-20,scale,guided-planning,mqtt,,veh-05,rsu-1,p5g-scale-mqtt-payload-1024-clients-20-veh-05-937,ipi-session-1,multiclient-scalability-weak-signal-run-1,veh-05,937,20-clients,default,stationary,unsynced,true,true,clients,20,count,IPI-CooperativeService,1098,1783365444508349948,1783365298094714216,1783365298094771304,,,,,,"CooperativeService{guidedPlanning, status=request, vehicleId=0x7665682d3035, requestedHorizonMs=2500, confidence=100, planning.waypoints=1, offloadTaskId=probe-937, offloadPayload=1024 bytes}"
5g-receiver,1783365298345232434,edge4av-real-20260706-multiclient-scalability-weak-signal-run-1,p5g-scale-mqtt-payload-1024-clients-20,scale,guided-planning,mqtt,,veh-05,rsu-1,p5g-scale-mqtt-payload-1024-clients-20-veh-05-938,ipi-session-1,multiclient-scalability-weak-signal-run-1,veh-05,938,20-clients,default,stationary,unsynced,true,true,clients,20,count,IPI-CooperativeService,1098,1783365444752288505,1783365298345175632,1783365298345232434,,,,,,"CooperativeService{guidedPlanning, status=request, vehicleId=0x7665682d3035, requestedHorizonMs=2500, confidence=100, planning.waypoints=1, offloadTaskId=probe-938, offloadPayload=1024 bytes}"
5g-receiver,1783365298575769179,edge4av-real-20260706-multiclient-scalability-weak-signal-run-1,p5g-scale-mqtt-payload-1024-clients-20,scale,guided-planning,mqtt,,veh-05,rsu-1,p5g-scale-mqtt-payload-1024-clients-20-veh-05-939,ipi-session-1,multiclient-scalability-weak-signal-run-1,veh-05,939,20-clients,default,stationary,unsynced,true,true,clients,20,count,IPI-CooperativeService,1098,1783365445004389214,1783365298575711784,1783365298575769179,,,,,,"CooperativeService{guidedPlanning, status=request, vehicleId=0x7665682d3035, requestedHorizonMs=2500, confidence=100, planning.waypoints=1, offloadTaskId=probe-939, offloadPayload=1024 bytes}"
5g-receiver,1783365298866344581,edge4av-real-20260706-multiclient-scalability-weak-signal-run-1,p5g-scale-mqtt-payload-1024-clients-20,scale,guided-planning,mqtt,,veh-05,rsu-1,p5g-scale-mqtt-payload-1024-clients-20-veh-05-940,ipi-session-1,multiclient-scalability-weak-signal-run-1,veh-05,940,20-clients,default,stationary,unsynced,true,true,clients,20,count,IPI-CooperativeService,1098,1783365445230345198,1783365298866269520,1783365298866344581,,,,,,"CooperativeService{guidedPlanning, status=request, vehicleId=0x7665682d3035, requestedHorizonMs=2500, confidence=100, planning.waypoints=1, offloadTaskId=probe-940, offloadPayload=1024 bytes}"
5g-receiver,1783365299106388261,edge4av-real-20260706-multiclient-scalability-weak-signal-run-1,p5g-scale-mqtt-payload-1024-clients-20,scale,guided-planning,mqtt,,veh-05,rsu-1,p5g-scale-mqtt-payload-1024-clients-20-veh-05-941,ipi-session-1,multiclient-scalability-weak-signal-run-1,veh-05,941,20-clients,default,stationary,unsynced,true,true,clients,20,count,IPI-CooperativeService,1098,1783365445522305047,1783365299106329348,1783365299106388261,,,,,,"CooperativeService{guidedPlanning, status=request, vehicleId=0x7665682d3035, requestedHorizonMs=2500, confidence=100, planning.waypoints=1, offloadTaskId=probe-941, offloadPayload=1024 bytes}"
5g-receiver,1783365299407010840,edge4av-real-20260706-multiclient-scalability-weak-signal-run-1,p5g-scale-mqtt-payload-1024-clients-20,scale,guided-planning,mqtt,,veh-05,rsu-1,p5g-scale-mqtt-payload-1024-clients-20-veh-05-942,ipi-session-1,multiclient-scalability-weak-signal-run-1,veh-05,942,20-clients,default,stationary,unsynced,true,true,clients,20,count,IPI-CooperativeService,1098,1783365445770335737,1783365299406952268,1783365299407010840,,,,,,"CooperativeService{guidedPlanning, status=request, vehicleId=0x7665682d3035, requestedHorizonMs=2500, confidence=100, planning.waypoints=1, offloadTaskId=probe-942, offloadPayload=1024 bytes}"
5g-receiver,1783365299637464342,edge4av-real-20260706-multiclient-scalability-weak-signal-run-1,p5g-scale-mqtt-payload-1024-clients-20,scale,guided-planning,mqtt,,veh-05,rsu-1,p5g-scale-mqtt-payload-1024-clients-20-veh-05-943,ipi-session-1,multiclient-scalability-weak-signal-run-1,veh-05,943,20-clients,default,stationary,unsynced,true,true,clients,20,count,IPI-CooperativeService,1098,1783365446062333299,1783365299637405913,1783365299637464342,,,,,,"CooperativeService{guidedPlanning, status=request, vehicleId=0x7665682d3035, requestedHorizonMs=2500, confidence=100, planning.waypoints=1, offloadTaskId=probe-943, offloadPayload=1024 bytes}"
5g-receiver,1783365299867922867,edge4av-real-20260706-multiclient-scalability-weak-signal-run-1,p5g-scale-mqtt-payload-1024-clients-20,scale,guided-planning,mqtt,,veh-05,rsu-1,p5g-scale-mqtt-payload-1024-clients-20-veh-05-944,ipi-session-1,multiclient-scalability-weak-signal-run-1,veh-05,944,20-clients,default,stationary,unsynced,true,true,clients,20,count,IPI-CooperativeService,1098,1783365446292318780,1783365299867876454,1783365299867922867,,,,,,"CooperativeService{guidedPlanning, status=request, vehicleId=0x7665682d3035, requestedHorizonMs=2500, confidence=100, planning.waypoints=1, offloadTaskId=probe-944, offloadPayload=1024 bytes}"
5g-receiver,1783365300188438332,edge4av-real-20260706-multiclient-scalability-weak-signal-run-1,p5g-scale-mqtt-payload-1024-clients-20,scale,guided-planning,mqtt,,veh-05,rsu-1,p5g-scale-mqtt-payload-1024-clients-20-veh-05-945,ipi-session-1,multiclient-scalability-weak-signal-run-1,veh-05,945,20-clients,default,stationary,unsynced,true,true,clients,20,count,IPI-CooperativeService,1098,1783365446524467112,1783365300188379604,1783365300188438332,,,,,,"CooperativeService{guidedPlanning, status=request, vehicleId=0x7665682d3035, requestedHorizonMs=2500, confidence=100, planning.waypoints=1, offloadTaskId=probe-945, offloadPayload=1024 bytes}"
5g-receiver,1783365300849572522,edge4av-real-20260706-multiclient-scalability-weak-signal-run-1,p5g-scale-mqtt-payload-1024-clients-20,scale,guided-planning,mqtt,,veh-05,rsu-1,p5g-scale-mqtt-payload-1024-clients-20-veh-05-946,ipi-session-1,multiclient-scalability-weak-signal-run-1,veh-05,946,20-clients,default,stationary,unsynced,true,true,clients,20,count,IPI-CooperativeService,1098,1783365446846321362,1783365300849514480,1783365300849572522,,,,,,"CooperativeService{guidedPlanning, status=request, vehicleId=0x7665682d3035, requestedHorizonMs=2500, confidence=100, planning.waypoints=1, offloadTaskId=probe-946, offloadPayload=1024 bytes}"
5g-receiver,1783365301220073881,edge4av-real-20260706-multiclient-scalability-weak-signal-run-1,p5g-scale-mqtt-payload-1024-clients-20,scale,guided-planning,mqtt,,veh-05,rsu-1,p5g-scale-mqtt-payload-1024-clients-20-veh-05-947,ipi-session-1,multiclient-scalability-weak-signal-run-1,veh-05,947,20-clients,default,stationary,unsynced,true,true,clients,20,count,IPI-CooperativeService,1098,1783365447508333883,1783365301220015405,1783365301220073881,,,,,,"CooperativeService{guidedPlanning, status=request, vehicleId=0x7665682d3035, requestedHorizonMs=2500, confidence=100, planning.waypoints=1, offloadTaskId=probe-947, offloadPayload=1024 bytes}"
5g-receiver,1783365301591150988,edge4av-real-20260706-multiclient-scalability-weak-signal-run-1,p5g-scale-mqtt-payload-1024-clients-20,scale,guided-planning,mqtt,,veh-05,rsu-1,p5g-scale-mqtt-payload-1024-clients-20-veh-05-948,ipi-session-1,multiclient-scalability-weak-signal-run-1,veh-05,948,20-clients,default,stationary,unsynced,true,true,clients,20,count,IPI-CooperativeService,1098,1783365447874352069,1783365301591099491,1783365301591150988,,,,,,"CooperativeService{guidedPlanning, status=request, vehicleId=0x7665682d3035, requestedHorizonMs=2500, confidence=100, planning.waypoints=1, offloadTaskId=probe-948, offloadPayload=1024 bytes}"
5g-receiver,1783365301971296822,edge4av-real-20260706-multiclient-scalability-weak-signal-run-1,p5g-scale-mqtt-payload-1024-clients-20,scale,guided-planning,mqtt,,veh-05,rsu-1,p5g-scale-mqtt-payload-1024-clients-20-veh-05-949,ipi-session-1,multiclient-scalability-weak-signal-run-1,veh-05,949,20-clients,default,stationary,unsynced,true,true,clients,20,count,IPI-CooperativeService,1098,1783365448246317228,1783365301971238195,1783365301971296822,,,,,,"CooperativeService{guidedPlanning, status=request, vehicleId=0x7665682d3035, requestedHorizonMs=2500, confidence=100, planning.waypoints=1, offloadTaskId=probe-949, offloadPayload=1024 bytes}"
5g-receiver,1783365302291895368,edge4av-real-20260706-multiclient-scalability-weak-signal-run-1,p5g-scale-mqtt-payload-1024-clients-20,scale,guided-planning,mqtt,,veh-05,rsu-1,p5g-scale-mqtt-payload-1024-clients-20-veh-05-950,ipi-session-1,multiclient-scalability-weak-signal-run-1,veh-05,950,20-clients,default,stationary,unsynced,true,true,clients,20,count,IPI-CooperativeService,1098,1783365448633539671,1783365302291836353,1783365302291895368,,,,,,"CooperativeService{guidedPlanning, status=request, vehicleId=0x7665682d3035, requestedHorizonMs=2500, confidence=100, planning.waypoints=1, offloadTaskId=probe-950, offloadPayload=1024 bytes}"
5g-receiver,1783365302652518776,edge4av-real-20260706-multiclient-scalability-weak-signal-run-1,p5g-scale-mqtt-payload-1024-clients-20,scale,guided-planning,mqtt,,veh-05,rsu-1,p5g-scale-mqtt-payload-1024-clients-20-veh-05-951,ipi-session-1,multiclient-scalability-weak-signal-run-1,veh-05,951,20-clients,default,stationary,unsynced,true,true,clients,20,count,IPI-CooperativeService,1098,1783365448946389117,1783365302652458427,1783365302652518776,,,,,,"CooperativeService{guidedPlanning, status=request, vehicleId=0x7665682d3035, requestedHorizonMs=2500, confidence=100, planning.waypoints=1, offloadTaskId=probe-951, offloadPayload=1024 bytes}"
5g-receiver,1783365303464055911,edge4av-real-20260706-multiclient-scalability-weak-signal-run-1,p5g-scale-mqtt-payload-1024-clients-20,scale,guided-planning,mqtt,,veh-05,rsu-1,p5g-scale-mqtt-payload-1024-clients-20-veh-05-952,ipi-session-1,multiclient-scalability-weak-signal-run-1,veh-05,952,20-clients,default,stationary,unsynced,true,true,clients,20,count,IPI-CooperativeService,1098,1783365449323528117,1783365303463996920,1783365303464055911,,,,,,"CooperativeService{guidedPlanning, status=request, vehicleId=0x7665682d3035, requestedHorizonMs=2500, confidence=100, planning.waypoints=1, offloadTaskId=probe-952, offloadPayload=1024 bytes}"
5g-receiver,1783365303824658081,edge4av-real-20260706-multiclient-scalability-weak-signal-run-1,p5g-scale-mqtt-payload-1024-clients-20,scale,guided-planning,mqtt,,veh-05,rsu-1,p5g-scale-mqtt-payload-1024-clients-20-veh-05-953,ipi-session-1,multiclient-scalability-weak-signal-run-1,veh-05,953,20-clients,default,stationary,unsynced,true,true,clients,20,count,IPI-CooperativeService,1098,1783365450120350068,1783365303824597464,1783365303824658081,,,,,,"CooperativeService{guidedPlanning, status=request, vehicleId=0x7665682d3035, requestedHorizonMs=2500, confidence=100, planning.waypoints=1, offloadTaskId=probe-953, offloadPayload=1024 bytes}"
5g-receiver,1783365304195414428,edge4av-real-20260706-multiclient-scalability-weak-signal-run-1,p5g-scale-mqtt-payload-1024-clients-20,scale,guided-planning,mqtt,,veh-05,rsu-1,p5g-scale-mqtt-payload-1024-clients-20-veh-05-954,ipi-session-1,multiclient-scalability-weak-signal-run-1,veh-05,954,20-clients,default,stationary,unsynced,true,true,clients,20,count,IPI-CooperativeService,1098,1783365450480245044,1783365304195355071,1783365304195414428,,,,,,"CooperativeService{guidedPlanning, status=request, vehicleId=0x7665682d3035, requestedHorizonMs=2500, confidence=100, planning.waypoints=1, offloadTaskId=probe-954, offloadPayload=1024 bytes}"
5g-receiver,1783365304505919934,edge4av-real-20260706-multiclient-scalability-weak-signal-run-1,p5g-scale-mqtt-payload-1024-clients-20,scale,guided-planning,mqtt,,veh-05,rsu-1,p5g-scale-mqtt-payload-1024-clients-20-veh-05-955,ipi-session-1,multiclient-scalability-weak-signal-run-1,veh-05,955,20-clients,default,stationary,unsynced,true,true,clients,20,count,IPI-CooperativeService,1098,1783365450852393110,1783365304505861774,1783365304505919934,,,,,,"CooperativeService{guidedPlanning, status=request, vehicleId=0x7665682d3035, requestedHorizonMs=2500, confidence=100, planning.waypoints=1, offloadTaskId=probe-955, offloadPayload=1024 bytes}"
5g-receiver,1783365304866517201,edge4av-real-20260706-multiclient-scalability-weak-signal-run-1,p5g-scale-mqtt-payload-1024-clients-20,scale,guided-planning,mqtt,,veh-05,rsu-1,p5g-scale-mqtt-payload-1024-clients-20-veh-05-956,ipi-session-1,multiclient-scalability-weak-signal-run-1,veh-05,956,20-clients,default,stationary,unsynced,true,true,clients,20,count,IPI-CooperativeService,1098,1783365451164288945,1783365304866390419,1783365304866517201,,,,,,"CooperativeService{guidedPlanning, status=request, vehicleId=0x7665682d3035, requestedHorizonMs=2500, confidence=100, planning.waypoints=1, offloadTaskId=probe-956, offloadPayload=1024 bytes}"
5g-receiver,1783365305227095660,edge4av-real-20260706-multiclient-scalability-weak-signal-run-1,p5g-scale-mqtt-payload-1024-clients-20,scale,guided-planning,mqtt,,veh-05,rsu-1,p5g-scale-mqtt-payload-1024-clients-20-veh-05-957,ipi-session-1,multiclient-scalability-weak-signal-run-1,veh-05,957,20-clients,default,stationary,unsynced,true,true,clients,20,count,IPI-CooperativeService,1098,1783365451526324427,1783365305227036637,1783365305227095660,,,,,,"CooperativeService{guidedPlanning, status=request, vehicleId=0x7665682d3035, requestedHorizonMs=2500, confidence=100, planning.waypoints=1, offloadTaskId=probe-957, offloadPayload=1024 bytes}"
5g-receiver,1783365305557592010,edge4av-real-20260706-multiclient-scalability-weak-signal-run-1,p5g-scale-mqtt-payload-1024-clients-20,scale,guided-planning,mqtt,,veh-05,rsu-1,p5g-scale-mqtt-payload-1024-clients-20-veh-05-958,ipi-session-1,multiclient-scalability-weak-signal-run-1,veh-05,958,20-clients,default,stationary,unsynced,true,true,clients,20,count,IPI-CooperativeService,1098,1783365451882530093,1783365305557533741,1783365305557592010,,,,,,"CooperativeService{guidedPlanning, status=request, vehicleId=0x7665682d3035, requestedHorizonMs=2500, confidence=100, planning.waypoints=1, offloadTaskId=probe-958, offloadPayload=1024 bytes}"
5g-receiver,1783365305838424383,edge4av-real-20260706-multiclient-scalability-weak-signal-run-1,p5g-scale-mqtt-payload-1024-clients-20,scale,guided-planning,mqtt,,veh-05,rsu-1,p5g-scale-mqtt-payload-1024-clients-20-veh-05-959,ipi-session-1,multiclient-scalability-weak-signal-run-1,veh-05,959,20-clients,default,stationary,unsynced,true,true,clients,20,count,IPI-CooperativeService,1098,1783365452214408282,1783365305838365842,1783365305838424383,,,,,,"CooperativeService{guidedPlanning, status=request, vehicleId=0x7665682d3035, requestedHorizonMs=2500, confidence=100, planning.waypoints=1, offloadTaskId=probe-959, offloadPayload=1024 bytes}"
5g-receiver,1783365306068703099,edge4av-real-20260706-multiclient-scalability-weak-signal-run-1,p5g-scale-mqtt-payload-1024-clients-20,scale,guided-planning,mqtt,,veh-05,rsu-1,p5g-scale-mqtt-payload-1024-clients-20-veh-05-960,ipi-session-1,multiclient-scalability-weak-signal-run-1,veh-05,960,20-clients,default,stationary,unsynced,true,true,clients,20,count,IPI-CooperativeService,1098,1783365452496375809,1783365306068626658,1783365306068703099,,,,,,"CooperativeService{guidedPlanning, status=request, vehicleId=0x7665682d3035, requestedHorizonMs=2500, confidence=100, planning.waypoints=1, offloadTaskId=probe-960, offloadPayload=1024 bytes}"
5g-receiver,1783365306299068100,edge4av-real-20260706-multiclient-scalability-weak-signal-run-1,p5g-scale-mqtt-payload-1024-clients-20,scale,guided-planning,mqtt,,veh-05,rsu-1,p5g-scale-mqtt-payload-1024-clients-20-veh-05-961,ipi-session-1,multiclient-scalability-weak-signal-run-1,veh-05,961,20-clients,default,stationary,unsynced,true,true,clients,20,count,IPI-CooperativeService,1098,1783365452724332934,1783365306299008637,1783365306299068100,,,,,,"CooperativeService{guidedPlanning, status=request, vehicleId=0x7665682d3035, requestedHorizonMs=2500, confidence=100, planning.waypoints=1, offloadTaskId=probe-961, offloadPayload=1024 bytes}"
5g-receiver,1783365306539703283,edge4av-real-20260706-multiclient-scalability-weak-signal-run-1,p5g-scale-mqtt-payload-1024-clients-20,scale,guided-planning,mqtt,,veh-05,rsu-1,p5g-scale-mqtt-payload-1024-clients-20-veh-05-962,ipi-session-1,multiclient-scalability-weak-signal-run-1,veh-05,962,20-clients,default,stationary,unsynced,true,true,clients,20,count,IPI-CooperativeService,1098,1783365452954310776,1783365306539621914,1783365306539703283,,,,,,"CooperativeService{guidedPlanning, status=request, vehicleId=0x7665682d3035, requestedHorizonMs=2500, confidence=100, planning.waypoints=1, offloadTaskId=probe-962, offloadPayload=1024 bytes}"
5g-receiver,1783365306789759339,edge4av-real-20260706-multiclient-scalability-weak-signal-run-1,p5g-scale-mqtt-payload-1024-clients-20,scale,guided-planning,mqtt,,veh-05,rsu-1,p5g-scale-mqtt-payload-1024-clients-20-veh-05-963,ipi-session-1,multiclient-scalability-weak-signal-run-1,veh-05,963,20-clients,default,stationary,unsynced,true,true,clients,20,count,IPI-CooperativeService,1098,1783365453194531695,1783365306789700299,1783365306789759339,,,,,,"CooperativeService{guidedPlanning, status=request, vehicleId=0x7665682d3035, requestedHorizonMs=2500, confidence=100, planning.waypoints=1, offloadTaskId=probe-963, offloadPayload=1024 bytes}"
5g-receiver,1783365307010968413,edge4av-real-20260706-multiclient-scalability-weak-signal-run-1,p5g-scale-mqtt-payload-1024-clients-20,scale,guided-planning,mqtt,,veh-05,rsu-1,p5g-scale-mqtt-payload-1024-clients-20-veh-05-964,ipi-session-1,multiclient-scalability-weak-signal-run-1,veh-05,964,20-clients,default,stationary,unsynced,true,true,clients,20,count,IPI-CooperativeService,1098,1783365453444239869,1783365307010917549,1783365307010968413,,,,,,"CooperativeService{guidedPlanning, status=request, vehicleId=0x7665682d3035, requestedHorizonMs=2500, confidence=100, planning.waypoints=1, offloadTaskId=probe-964, offloadPayload=1024 bytes}"
5g-receiver,1783365307250626207,edge4av-real-20260706-multiclient-scalability-weak-signal-run-1,p5g-scale-mqtt-payload-1024-clients-20,scale,guided-planning,mqtt,,veh-05,rsu-1,p5g-scale-mqtt-payload-1024-clients-20-veh-05-965,ipi-session-1,multiclient-scalability-weak-signal-run-1,veh-05,965,20-clients,default,stationary,unsynced,true,true,clients,20,count,IPI-CooperativeService,1098,1783365453670203559,1783365307250567209,1783365307250626207,,,,,,"CooperativeService{guidedPlanning, status=request, vehicleId=0x7665682d3035, requestedHorizonMs=2500, confidence=100, planning.waypoints=1, offloadTaskId=probe-965, offloadPayload=1024 bytes}"
5g-receiver,1783365307501312177,edge4av-real-20260706-multiclient-scalability-weak-signal-run-1,p5g-scale-mqtt-payload-1024-clients-20,scale,guided-planning,mqtt,,veh-05,rsu-1,p5g-scale-mqtt-payload-1024-clients-20-veh-05-966,ipi-session-1,multiclient-scalability-weak-signal-run-1,veh-05,966,20-clients,default,stationary,unsynced,true,true,clients,20,count,IPI-CooperativeService,1098,1783365453906382064,1783365307501260274,1783365307501312177,,,,,,"CooperativeService{guidedPlanning, status=request, vehicleId=0x7665682d3035, requestedHorizonMs=2500, confidence=100, planning.waypoints=1, offloadTaskId=probe-966, offloadPayload=1024 bytes}"
5g-receiver,1783365307731557349,edge4av-real-20260706-multiclient-scalability-weak-signal-run-1,p5g-scale-mqtt-payload-1024-clients-20,scale,guided-planning,mqtt,,veh-05,rsu-1,p5g-scale-mqtt-payload-1024-clients-20-veh-05-967,ipi-session-1,multiclient-scalability-weak-signal-run-1,veh-05,967,20-clients,default,stationary,unsynced,true,true,clients,20,count,IPI-CooperativeService,1098,1783365454156292393,1783365307731496306,1783365307731557349,,,,,,"CooperativeService{guidedPlanning, status=request, vehicleId=0x7665682d3035, requestedHorizonMs=2500, confidence=100, planning.waypoints=1, offloadTaskId=probe-967, offloadPayload=1024 bytes}"
5g-receiver,1783365307971674719,edge4av-real-20260706-multiclient-scalability-weak-signal-run-1,p5g-scale-mqtt-payload-1024-clients-20,scale,guided-planning,mqtt,,veh-05,rsu-1,p5g-scale-mqtt-payload-1024-clients-20-veh-05-968,ipi-session-1,multiclient-scalability-weak-signal-run-1,veh-05,968,20-clients,default,stationary,unsynced,true,true,clients,20,count,IPI-CooperativeService,1098,1783365454390343280,1783365307971613898,1783365307971674719,,,,,,"CooperativeService{guidedPlanning, status=request, vehicleId=0x7665682d3035, requestedHorizonMs=2500, confidence=100, planning.waypoints=1, offloadTaskId=probe-968, offloadPayload=1024 bytes}"
5g-receiver,1783365308212141868,edge4av-real-20260706-multiclient-scalability-weak-signal-run-1,p5g-scale-mqtt-payload-1024-clients-20,scale,guided-planning,mqtt,,veh-05,rsu-1,p5g-scale-mqtt-payload-1024-clients-20-veh-05-969,ipi-session-1,multiclient-scalability-weak-signal-run-1,veh-05,969,20-clients,default,stationary,unsynced,true,true,clients,20,count,IPI-CooperativeService,1098,1783365454628470478,1783365308212081020,1783365308212141868,,,,,,"CooperativeService{guidedPlanning, status=request, vehicleId=0x7665682d3035, requestedHorizonMs=2500, confidence=100, planning.waypoints=1, offloadTaskId=probe-969, offloadPayload=1024 bytes}"
5g-receiver,1783365308452463540,edge4av-real-20260706-multiclient-scalability-weak-signal-run-1,p5g-scale-mqtt-payload-1024-clients-20,scale,guided-planning,mqtt,,veh-05,rsu-1,p5g-scale-mqtt-payload-1024-clients-20-veh-05-970,ipi-session-1,multiclient-scalability-weak-signal-run-1,veh-05,970,20-clients,default,stationary,unsynced,true,true,clients,20,count,IPI-CooperativeService,1098,1783365454872238746,1783365308452402478,1783365308452463540,,,,,,"CooperativeService{guidedPlanning, status=request, vehicleId=0x7665682d3035, requestedHorizonMs=2500, confidence=100, planning.waypoints=1, offloadTaskId=probe-970, offloadPayload=1024 bytes}"
5g-receiver,1783365308682788579,edge4av-real-20260706-multiclient-scalability-weak-signal-run-1,p5g-scale-mqtt-payload-1024-clients-20,scale,guided-planning,mqtt,,veh-05,rsu-1,p5g-scale-mqtt-payload-1024-clients-20-veh-05-971,ipi-session-1,multiclient-scalability-weak-signal-run-1,veh-05,971,20-clients,default,stationary,unsynced,true,true,clients,20,count,IPI-CooperativeService,1098,1783365455108358040,1783365308682730310,1783365308682788579,,,,,,"CooperativeService{guidedPlanning, status=request, vehicleId=0x7665682d3035, requestedHorizonMs=2500, confidence=100, planning.waypoints=1, offloadTaskId=probe-971, offloadPayload=1024 bytes}"
5g-receiver,1783365308923407237,edge4av-real-20260706-multiclient-scalability-weak-signal-run-1,p5g-scale-mqtt-payload-1024-clients-20,scale,guided-planning,mqtt,,veh-05,rsu-1,p5g-scale-mqtt-payload-1024-clients-20-veh-05-972,ipi-session-1,multiclient-scalability-weak-signal-run-1,veh-05,972,20-clients,default,stationary,unsynced,true,true,clients,20,count,IPI-CooperativeService,1098,1783365455348345210,1783365308923349117,1783365308923407237,,,,,,"CooperativeService{guidedPlanning, status=request, vehicleId=0x7665682d3035, requestedHorizonMs=2500, confidence=100, planning.waypoints=1, offloadTaskId=probe-972, offloadPayload=1024 bytes}"
5g-receiver,1783365309163655313,edge4av-real-20260706-multiclient-scalability-weak-signal-run-1,p5g-scale-mqtt-payload-1024-clients-20,scale,guided-planning,mqtt,,veh-05,rsu-1,p5g-scale-mqtt-payload-1024-clients-20-veh-05-973,ipi-session-1,multiclient-scalability-weak-signal-run-1,veh-05,973,20-clients,default,stationary,unsynced,true,true,clients,20,count,IPI-CooperativeService,1098,1783365455580276347,1783365309163596397,1783365309163655313,,,,,,"CooperativeService{guidedPlanning, status=request, vehicleId=0x7665682d3035, requestedHorizonMs=2500, confidence=100, planning.waypoints=1, offloadTaskId=probe-973, offloadPayload=1024 bytes}"
5g-receiver,1783365309403958114,edge4av-real-20260706-multiclient-scalability-weak-signal-run-1,p5g-scale-mqtt-payload-1024-clients-20,scale,guided-planning,mqtt,,veh-05,rsu-1,p5g-scale-mqtt-payload-1024-clients-20-veh-05-974,ipi-session-1,multiclient-scalability-weak-signal-run-1,veh-05,974,20-clients,default,stationary,unsynced,true,true,clients,20,count,IPI-CooperativeService,1098,1783365455820328480,1783365309403899307,1783365309403958114,,,,,,"CooperativeService{guidedPlanning, status=request, vehicleId=0x7665682d3035, requestedHorizonMs=2500, confidence=100, planning.waypoints=1, offloadTaskId=probe-974, offloadPayload=1024 bytes}"
5g-receiver,1783365309674416604,edge4av-real-20260706-multiclient-scalability-weak-signal-run-1,p5g-scale-mqtt-payload-1024-clients-20,scale,guided-planning,mqtt,,veh-05,rsu-1,p5g-scale-mqtt-payload-1024-clients-20-veh-05-975,ipi-session-1,multiclient-scalability-weak-signal-run-1,veh-05,975,20-clients,default,stationary,unsynced,true,true,clients,20,count,IPI-CooperativeService,1098,1783365456058353640,1783365309674358827,1783365309674416604,,,,,,"CooperativeService{guidedPlanning, status=request, vehicleId=0x7665682d3035, requestedHorizonMs=2500, confidence=100, planning.waypoints=1, offloadTaskId=probe-975, offloadPayload=1024 bytes}"
5g-receiver,1783365309955059799,edge4av-real-20260706-multiclient-scalability-weak-signal-run-1,p5g-scale-mqtt-payload-1024-clients-20,scale,guided-planning,mqtt,,veh-05,rsu-1,p5g-scale-mqtt-payload-1024-clients-20-veh-05-976,ipi-session-1,multiclient-scalability-weak-signal-run-1,veh-05,976,20-clients,default,stationary,unsynced,true,true,clients,20,count,IPI-CooperativeService,1098,1783365456332448634,1783365309955000851,1783365309955059799,,,,,,"CooperativeService{guidedPlanning, status=request, vehicleId=0x7665682d3035, requestedHorizonMs=2500, confidence=100, planning.waypoints=1, offloadTaskId=probe-976, offloadPayload=1024 bytes}"
5g-receiver,1783365310216131896,edge4av-real-20260706-multiclient-scalability-weak-signal-run-1,p5g-scale-mqtt-payload-1024-clients-20,scale,guided-planning,mqtt,,veh-05,rsu-1,p5g-scale-mqtt-payload-1024-clients-20-veh-05-977,ipi-session-1,multiclient-scalability-weak-signal-run-1,veh-05,977,20-clients,default,stationary,unsynced,true,true,clients,20,count,IPI-CooperativeService,1098,1783365456612362450,1783365310216051557,1783365310216131896,,,,,,"CooperativeService{guidedPlanning, status=request, vehicleId=0x7665682d3035, requestedHorizonMs=2500, confidence=100, planning.waypoints=1, offloadTaskId=probe-977, offloadPayload=1024 bytes}"
5g-receiver,1783365310455944999,edge4av-real-20260706-multiclient-scalability-weak-signal-run-1,p5g-scale-mqtt-payload-1024-clients-20,scale,guided-planning,mqtt,,veh-05,rsu-1,p5g-scale-mqtt-payload-1024-clients-20-veh-05-978,ipi-session-1,multiclient-scalability-weak-signal-run-1,veh-05,978,20-clients,default,stationary,unsynced,true,true,clients,20,count,IPI-CooperativeService,1098,1783365456872312250,1783365310455886695,1783365310455944999,,,,,,"CooperativeService{guidedPlanning, status=request, vehicleId=0x7665682d3035, requestedHorizonMs=2500, confidence=100, planning.waypoints=1, offloadTaskId=probe-978, offloadPayload=1024 bytes}"
5g-receiver,1783365310726055265,edge4av-real-20260706-multiclient-scalability-weak-signal-run-1,p5g-scale-mqtt-payload-1024-clients-20,scale,guided-planning,mqtt,,veh-05,rsu-1,p5g-scale-mqtt-payload-1024-clients-20-veh-05-979,ipi-session-1,multiclient-scalability-weak-signal-run-1,veh-05,979,20-clients,default,stationary,unsynced,true,true,clients,20,count,IPI-CooperativeService,1098,1783365457116278867,1783365310726018780,1783365310726055265,,,,,,"CooperativeService{guidedPlanning, status=request, vehicleId=0x7665682d3035, requestedHorizonMs=2500, confidence=100, planning.waypoints=1, offloadTaskId=probe-979, offloadPayload=1024 bytes}"
5g-receiver,1783365311097033381,edge4av-real-20260706-multiclient-scalability-weak-signal-run-1,p5g-scale-mqtt-payload-1024-clients-20,scale,guided-planning,mqtt,,veh-05,rsu-1,p5g-scale-mqtt-payload-1024-clients-20-veh-05-980,ipi-session-1,multiclient-scalability-weak-signal-run-1,veh-05,980,20-clients,default,stationary,unsynced,true,true,clients,20,count,IPI-CooperativeService,1098,1783365457384343457,1783365311096974137,1783365311097033381,,,,,,"CooperativeService{guidedPlanning, status=request, vehicleId=0x7665682d3035, requestedHorizonMs=2500, confidence=100, planning.waypoints=1, offloadTaskId=probe-980, offloadPayload=1024 bytes}"
5g-receiver,1783365311467759570,edge4av-real-20260706-multiclient-scalability-weak-signal-run-1,p5g-scale-mqtt-payload-1024-clients-20,scale,guided-planning,mqtt,,veh-05,rsu-1,p5g-scale-mqtt-payload-1024-clients-20-veh-05-981,ipi-session-1,multiclient-scalability-weak-signal-run-1,veh-05,981,20-clients,default,stationary,unsynced,true,true,clients,20,count,IPI-CooperativeService,1098,1783365457754337320,1783365311467700084,1783365311467759570,,,,,,"CooperativeService{guidedPlanning, status=request, vehicleId=0x7665682d3035, requestedHorizonMs=2500, confidence=100, planning.waypoints=1, offloadTaskId=probe-981, offloadPayload=1024 bytes}"
5g-receiver,1783365311708323161,edge4av-real-20260706-multiclient-scalability-weak-signal-run-1,p5g-scale-mqtt-payload-1024-clients-20,scale,guided-planning,mqtt,,veh-05,rsu-1,p5g-scale-mqtt-payload-1024-clients-20-veh-05-982,ipi-session-1,multiclient-scalability-weak-signal-run-1,veh-05,982,20-clients,default,stationary,unsynced,true,true,clients,20,count,IPI-CooperativeService,1098,1783365458126322996,1783365311708264712,1783365311708323161,,,,,,"CooperativeService{guidedPlanning, status=request, vehicleId=0x7665682d3035, requestedHorizonMs=2500, confidence=100, planning.waypoints=1, offloadTaskId=probe-982, offloadPayload=1024 bytes}"
5g-receiver,1783365311938589575,edge4av-real-20260706-multiclient-scalability-weak-signal-run-1,p5g-scale-mqtt-payload-1024-clients-20,scale,guided-planning,mqtt,,veh-05,rsu-1,p5g-scale-mqtt-payload-1024-clients-20-veh-05-983,ipi-session-1,multiclient-scalability-weak-signal-run-1,veh-05,983,20-clients,default,stationary,unsynced,true,true,clients,20,count,IPI-CooperativeService,1098,1783365458364372730,1783365311938531661,1783365311938589575,,,,,,"CooperativeService{guidedPlanning, status=request, vehicleId=0x7665682d3035, requestedHorizonMs=2500, confidence=100, planning.waypoints=1, offloadTaskId=probe-983, offloadPayload=1024 bytes}"
5g-receiver,1783365312179308107,edge4av-real-20260706-multiclient-scalability-weak-signal-run-1,p5g-scale-mqtt-payload-1024-clients-20,scale,guided-planning,mqtt,,veh-05,rsu-1,p5g-scale-mqtt-payload-1024-clients-20-veh-05-984,ipi-session-1,multiclient-scalability-weak-signal-run-1,veh-05,984,20-clients,default,stationary,unsynced,true,true,clients,20,count,IPI-CooperativeService,1098,1783365458592304618,1783365312179258978,1783365312179308107,,,,,,"CooperativeService{guidedPlanning, status=request, vehicleId=0x7665682d3035, requestedHorizonMs=2500, confidence=100, planning.waypoints=1, offloadTaskId=probe-984, offloadPayload=1024 bytes}"
5g-receiver,1783365312429610072,edge4av-real-20260706-multiclient-scalability-weak-signal-run-1,p5g-scale-mqtt-payload-1024-clients-20,scale,guided-planning,mqtt,,veh-05,rsu-1,p5g-scale-mqtt-payload-1024-clients-20-veh-05-985,ipi-session-1,multiclient-scalability-weak-signal-run-1,veh-05,985,20-clients,default,stationary,unsynced,true,true,clients,20,count,IPI-CooperativeService,1098,1783365458832300360,1783365312429551808,1783365312429610072,,,,,,"CooperativeService{guidedPlanning, status=request, vehicleId=0x7665682d3035, requestedHorizonMs=2500, confidence=100, planning.waypoints=1, offloadTaskId=probe-985, offloadPayload=1024 bytes}"
5g-receiver,1783365312772296078,edge4av-real-20260706-multiclient-scalability-weak-signal-run-1,p5g-scale-mqtt-payload-1024-clients-20,scale,guided-planning,mqtt,,veh-05,rsu-1,p5g-scale-mqtt-payload-1024-clients-20-veh-05-986,ipi-session-1,multiclient-scalability-weak-signal-run-1,veh-05,986,20-clients,default,stationary,unsynced,true,true,clients,20,count,IPI-CooperativeService,1098,1783365459094544669,1783365312772237253,1783365312772296078,,,,,,"CooperativeService{guidedPlanning, status=request, vehicleId=0x7665682d3035, requestedHorizonMs=2500, confidence=100, planning.waypoints=1, offloadTaskId=probe-986, offloadPayload=1024 bytes}"
5g-receiver,1783365313042334422,edge4av-real-20260706-multiclient-scalability-weak-signal-run-1,p5g-scale-mqtt-payload-1024-clients-20,scale,guided-planning,mqtt,,veh-05,rsu-1,p5g-scale-mqtt-payload-1024-clients-20-veh-05-987,ipi-session-1,multiclient-scalability-weak-signal-run-1,veh-05,987,20-clients,default,stationary,unsynced,true,true,clients,20,count,IPI-CooperativeService,1098,1783365459432303872,1783365313042269350,1783365313042334422,,,,,,"CooperativeService{guidedPlanning, status=request, vehicleId=0x7665682d3035, requestedHorizonMs=2500, confidence=100, planning.waypoints=1, offloadTaskId=probe-987, offloadPayload=1024 bytes}"
5g-receiver,1783365313280809172,edge4av-real-20260706-multiclient-scalability-weak-signal-run-1,p5g-scale-mqtt-payload-1024-clients-20,scale,guided-planning,mqtt,,veh-05,rsu-1,p5g-scale-mqtt-payload-1024-clients-20-veh-05-988,ipi-session-1,multiclient-scalability-weak-signal-run-1,veh-05,988,20-clients,default,stationary,unsynced,true,true,clients,20,count,IPI-CooperativeService,1098,1783365459702411261,1783365313280751471,1783365313280809172,,,,,,"CooperativeService{guidedPlanning, status=request, vehicleId=0x7665682d3035, requestedHorizonMs=2500, confidence=100, planning.waypoints=1, offloadTaskId=probe-988, offloadPayload=1024 bytes}"
5g-receiver,1783365313511116776,edge4av-real-20260706-multiclient-scalability-weak-signal-run-1,p5g-scale-mqtt-payload-1024-clients-20,scale,guided-planning,mqtt,,veh-05,rsu-1,p5g-scale-mqtt-payload-1024-clients-20-veh-05-989,ipi-session-1,multiclient-scalability-weak-signal-run-1,veh-05,989,20-clients,default,stationary,unsynced,true,true,clients,20,count,IPI-CooperativeService,1098,1783365459938184483,1783365313511060148,1783365313511116776,,,,,,"CooperativeService{guidedPlanning, status=request, vehicleId=0x7665682d3035, requestedHorizonMs=2500, confidence=100, planning.waypoints=1, offloadTaskId=probe-989, offloadPayload=1024 bytes}"
5g-receiver,1783365313741630059,edge4av-real-20260706-multiclient-scalability-weak-signal-run-1,p5g-scale-mqtt-payload-1024-clients-20,scale,guided-planning,mqtt,,veh-05,rsu-1,p5g-scale-mqtt-payload-1024-clients-20-veh-05-990,ipi-session-1,multiclient-scalability-weak-signal-run-1,veh-05,990,20-clients,default,stationary,unsynced,true,true,clients,20,count,IPI-CooperativeService,1098,1783365460168366942,1783365313741572382,1783365313741630059,,,,,,"CooperativeService{guidedPlanning, status=request, vehicleId=0x7665682d3035, requestedHorizonMs=2500, confidence=100, planning.waypoints=1, offloadTaskId=probe-990, offloadPayload=1024 bytes}"
5g-receiver,1783365314012035299,edge4av-real-20260706-multiclient-scalability-weak-signal-run-1,p5g-scale-mqtt-payload-1024-clients-20,scale,guided-planning,mqtt,,veh-05,rsu-1,p5g-scale-mqtt-payload-1024-clients-20-veh-05-991,ipi-session-1,multiclient-scalability-weak-signal-run-1,veh-05,991,20-clients,default,stationary,unsynced,true,true,clients,20,count,IPI-CooperativeService,1098,1783365460403784741,1783365314011978118,1783365314012035299,,,,,,"CooperativeService{guidedPlanning, status=request, vehicleId=0x7665682d3035, requestedHorizonMs=2500, confidence=100, planning.waypoints=1, offloadTaskId=probe-991, offloadPayload=1024 bytes}"
5g-receiver,1783365314272453650,edge4av-real-20260706-multiclient-scalability-weak-signal-run-1,p5g-scale-mqtt-payload-1024-clients-20,scale,guided-planning,mqtt,,veh-05,rsu-1,p5g-scale-mqtt-payload-1024-clients-20-veh-05-992,ipi-session-1,multiclient-scalability-weak-signal-run-1,veh-05,992,20-clients,default,stationary,unsynced,true,true,clients,20,count,IPI-CooperativeService,1098,1783365460676376468,1783365314272397322,1783365314272453650,,,,,,"CooperativeService{guidedPlanning, status=request, vehicleId=0x7665682d3035, requestedHorizonMs=2500, confidence=100, planning.waypoints=1, offloadTaskId=probe-992, offloadPayload=1024 bytes}"
5g-receiver,1783365314603191662,edge4av-real-20260706-multiclient-scalability-weak-signal-run-1,p5g-scale-mqtt-payload-1024-clients-20,scale,guided-planning,mqtt,,veh-05,rsu-1,p5g-scale-mqtt-payload-1024-clients-20-veh-05-993,ipi-session-1,multiclient-scalability-weak-signal-run-1,veh-05,993,20-clients,default,stationary,unsynced,true,true,clients,20,count,IPI-CooperativeService,1098,1783365460932251408,1783365314603131509,1783365314603191662,,,,,,"CooperativeService{guidedPlanning, status=request, vehicleId=0x7665682d3035, requestedHorizonMs=2500, confidence=100, planning.waypoints=1, offloadTaskId=probe-993, offloadPayload=1024 bytes}"
5g-receiver,1783365314843356224,edge4av-real-20260706-multiclient-scalability-weak-signal-run-1,p5g-scale-mqtt-payload-1024-clients-20,scale,guided-planning,mqtt,,veh-05,rsu-1,p5g-scale-mqtt-payload-1024-clients-20-veh-05-994,ipi-session-1,multiclient-scalability-weak-signal-run-1,veh-05,994,20-clients,default,stationary,unsynced,true,true,clients,20,count,IPI-CooperativeService,1098,1783365461260456183,1783365314843299277,1783365314843356224,,,,,,"CooperativeService{guidedPlanning, status=request, vehicleId=0x7665682d3035, requestedHorizonMs=2500, confidence=100, planning.waypoints=1, offloadTaskId=probe-994, offloadPayload=1024 bytes}"
5g-receiver,1783365315073945835,edge4av-real-20260706-multiclient-scalability-weak-signal-run-1,p5g-scale-mqtt-payload-1024-clients-20,scale,guided-planning,mqtt,,veh-05,rsu-1,p5g-scale-mqtt-payload-1024-clients-20-veh-05-995,ipi-session-1,multiclient-scalability-weak-signal-run-1,veh-05,995,20-clients,default,stationary,unsynced,true,true,clients,20,count,IPI-CooperativeService,1098,1783365461500270070,1783365315073888308,1783365315073945835,,,,,,"CooperativeService{guidedPlanning, status=request, vehicleId=0x7665682d3035, requestedHorizonMs=2500, confidence=100, planning.waypoints=1, offloadTaskId=probe-995, offloadPayload=1024 bytes}"
5g-receiver,1783365315314364611,edge4av-real-20260706-multiclient-scalability-weak-signal-run-1,p5g-scale-mqtt-payload-1024-clients-20,scale,guided-planning,mqtt,,veh-05,rsu-1,p5g-scale-mqtt-payload-1024-clients-20-veh-05-996,ipi-session-1,multiclient-scalability-weak-signal-run-1,veh-05,996,20-clients,default,stationary,unsynced,true,true,clients,20,count,IPI-CooperativeService,1098,1783365461732382355,1783365315314291070,1783365315314364611,,,,,,"CooperativeService{guidedPlanning, status=request, vehicleId=0x7665682d3035, requestedHorizonMs=2500, confidence=100, planning.waypoints=1, offloadTaskId=probe-996, offloadPayload=1024 bytes}"
5g-receiver,1783365315554683656,edge4av-real-20260706-multiclient-scalability-weak-signal-run-1,p5g-scale-mqtt-payload-1024-clients-20,scale,guided-planning,mqtt,,veh-05,rsu-1,p5g-scale-mqtt-payload-1024-clients-20-veh-05-997,ipi-session-1,multiclient-scalability-weak-signal-run-1,veh-05,997,20-clients,default,stationary,unsynced,true,true,clients,20,count,IPI-CooperativeService,1098,1783365461972373972,1783365315554624969,1783365315554683656,,,,,,"CooperativeService{guidedPlanning, status=request, vehicleId=0x7665682d3035, requestedHorizonMs=2500, confidence=100, planning.waypoints=1, offloadTaskId=probe-997, offloadPayload=1024 bytes}"
5g-receiver,1783365315795275483,edge4av-real-20260706-multiclient-scalability-weak-signal-run-1,p5g-scale-mqtt-payload-1024-clients-20,scale,guided-planning,mqtt,,veh-05,rsu-1,p5g-scale-mqtt-payload-1024-clients-20-veh-05-998,ipi-session-1,multiclient-scalability-weak-signal-run-1,veh-05,998,20-clients,default,stationary,unsynced,true,true,clients,20,count,IPI-CooperativeService,1098,1783365462212451714,1783365315795217025,1783365315795275483,,,,,,"CooperativeService{guidedPlanning, status=request, vehicleId=0x7665682d3035, requestedHorizonMs=2500, confidence=100, planning.waypoints=1, offloadTaskId=probe-998, offloadPayload=1024 bytes}"
5g-receiver,1783365316095963117,edge4av-real-20260706-multiclient-scalability-weak-signal-run-1,p5g-scale-mqtt-payload-1024-clients-20,scale,guided-planning,mqtt,,veh-05,rsu-1,p5g-scale-mqtt-payload-1024-clients-20-veh-05-999,ipi-session-1,multiclient-scalability-weak-signal-run-1,veh-05,999,20-clients,default,stationary,unsynced,true,true,clients,20,count,IPI-CooperativeService,1098,1783365462452387489,1783365316095905481,1783365316095963117,,,,,,"CooperativeService{guidedPlanning, status=request, vehicleId=0x7665682d3035, requestedHorizonMs=2500, confidence=100, planning.waypoints=1, offloadTaskId=probe-999, offloadPayload=1024 bytes}"
5g-receiver,1783365316476281235,edge4av-real-20260706-multiclient-scalability-weak-signal-run-1,p5g-scale-mqtt-payload-1024-clients-20,scale,guided-planning,mqtt,,veh-05,rsu-1,p5g-scale-mqtt-payload-1024-clients-20-veh-05-1000,ipi-session-1,multiclient-scalability-weak-signal-run-1,veh-05,1000,20-clients,default,stationary,unsynced,true,true,clients,20,count,IPI-CooperativeService,1099,1783365462758684958,1783365316476223992,1783365316476281235,,,,,,"CooperativeService{guidedPlanning, status=request, vehicleId=0x7665682d3035, requestedHorizonMs=2500, confidence=100, planning.waypoints=1, offloadTaskId=probe-1000, offloadPayload=1024 bytes}"
