<?xml version="1.0" encoding="UTF-8"?>
<osm version="0.6" generator="openstreetmap-cgimap 2.1.0 (2089946 spike-07.openstreetmap.org)" copyright="OpenStreetMap and contributors" attribution="http://www.openstreetmap.org/copyright" license="http://opendatacommons.org/licenses/odbl/1-0/">
 <bounds minlat="39.6626420" minlon="-75.7596480" maxlat="39.6677470" maxlon="-75.7551210"/>
 <node id="1004978932" visible="true" version="4" changeset="150632887" timestamp="2024-04-28T19:07:06Z" user="Joseph R P" uid="10944197" lat="39.6589283" lon="-75.7567663"/>
 <node id="1711421882" visible="true" version="4" changeset="166504110" timestamp="2025-05-20T04:14:32Z" user="DUGA" uid="10585023" lat="39.6631797" lon="-75.7524343"/>
 <node id="1832527222" visible="true" version="3" changeset="153912314" timestamp="2024-07-13T22:56:47Z" user="hwierzbicki" uid="10198270" lat="39.6650338" lon="-75.7586592"/>
 <node id="1832527236" visible="true" version="2" changeset="21503739" timestamp="2014-04-04T21:08:16Z" user="dchiles" uid="153669" lat="39.6649934" lon="-75.7585271"/>
 <node id="1832527238" visible="true" version="3" changeset="153912314" timestamp="2024-07-13T22:56:47Z" user="hwierzbicki" uid="10198270" lat="39.6650574" lon="-75.7586667"/>
 <node id="1832527240" visible="true" version="3" changeset="153912314" timestamp="2024-07-13T22:56:47Z" user="hwierzbicki" uid="10198270" lat="39.6650078" lon="-75.7584987"/>
 <node id="1832527242" visible="true" version="3" changeset="153912314" timestamp="2024-07-13T22:56:47Z" user="hwierzbicki" uid="10198270" lat="39.6650288" lon="-75.7584783"/>
 <node id="1832527243" visible="true" version="3" changeset="153912314" timestamp="2024-07-13T22:56:47Z" user="hwierzbicki" uid="10198270" lat="39.6650816" lon="-75.7586643"/>
 <node id="1832527244" visible="true" version="3" changeset="153912314" timestamp="2024-07-13T22:56:47Z" user="hwierzbicki" uid="10198270" lat="39.6650539" lon="-75.7584683"/>
 <node id="1832527245" visible="true" version="3" changeset="153912314" timestamp="2024-07-13T22:56:47Z" user="hwierzbicki" uid="10198270" lat="39.6651040" lon="-75.7586522"/>
 <node id="1832527246" visible="true" version="3" changeset="153912314" timestamp="2024-07-13T22:56:47Z" user="hwierzbicki" uid="10198270" lat="39.6650800" lon="-75.7584698"/>
 <node id="1832527248" visible="true" version="3" changeset="153912314" timestamp="2024-07-13T22:56:47Z" user="hwierzbicki" uid="10198270" lat="39.6651043" lon="-75.7584826"/>
 <node id="2009595833" visible="true" version="6" changeset="141501695" timestamp="2023-09-20T08:42:59Z" user="kmarkish_lyft" uid="11824233" lat="39.6629171" lon="-75.7560706"/>
 <node id="2009595835" visible="true" version="6" changeset="87778705" timestamp="2020-07-09T18:09:19Z" user="EvanSiroky" uid="144525" lat="39.6630982" lon="-75.7536128"/>
 <node id="2009595849" visible="true" version="4" changeset="87778705" timestamp="2020-07-09T18:09:19Z" user="EvanSiroky" uid="144525" lat="39.6631516" lon="-75.7528434"/>
 <node id="2390228932" visible="true" version="2" changeset="85377404" timestamp="2020-05-18T10:28:10Z" user="RoadGeek_MD99" uid="475877" lat="39.6620086" lon="-75.7548040"/>
 <node id="2645815673" visible="true" version="1" changeset="20303225" timestamp="2014-01-31T17:05:25Z" user="WmWright" uid="243946" lat="39.6641191" lon="-75.7598539"/>
 <node id="2645815674" visible="true" version="1" changeset="20303225" timestamp="2014-01-31T17:05:25Z" user="WmWright" uid="243946" lat="39.6641926" lon="-75.7598898"/>
 <node id="2645815676" visible="true" version="1" changeset="20303225" timestamp="2014-01-31T17:05:25Z" user="WmWright" uid="243946" lat="39.6642001" lon="-75.7595744"/>
 <node id="2645815678" visible="true" version="1" changeset="20303225" timestamp="2014-01-31T17:05:25Z" user="WmWright" uid="243946" lat="39.6642737" lon="-75.7596103"/>
 <node id="2652119015" visible="true" version="4" changeset="158746559" timestamp="2024-11-04T15:51:07Z" user="hihelloitsme" uid="22140645" lat="39.6657412" lon="-75.7549410"/>
 <node id="2652119023" visible="true" version="2" changeset="38147639" timestamp="2016-03-29T16:17:48Z" user="WmWright" uid="243946" lat="39.6657848" lon="-75.7550193"/>
 <node id="2652119024" visible="true" version="2" changeset="38147639" timestamp="2016-03-29T16:17:48Z" user="WmWright" uid="243946" lat="39.6657862" lon="-75.7550118"/>
 <node id="2652119025" visible="true" version="2" changeset="38147639" timestamp="2016-03-29T16:17:48Z" user="WmWright" uid="243946" lat="39.6657886" lon="-75.7550044"/>
 <node id="2652119026" visible="true" version="2" changeset="38147639" timestamp="2016-03-29T16:17:48Z" user="WmWright" uid="243946" lat="39.6657924" lon="-75.7549983"/>
 <node id="2652119027" visible="true" version="2" changeset="38147639" timestamp="2016-03-29T16:17:48Z" user="WmWright" uid="243946" lat="39.6657971" lon="-75.7548608"/>
 <node id="2652119028" visible="true" version="2" changeset="38147639" timestamp="2016-03-29T16:17:48Z" user="WmWright" uid="243946" lat="39.6657974" lon="-75.7548683"/>
 <node id="2652119029" visible="true" version="2" changeset="38147639" timestamp="2016-03-29T16:17:48Z" user="WmWright" uid="243946" lat="39.6657971" lon="-75.7549934"/>
 <node id="2652119030" visible="true" version="2" changeset="38147639" timestamp="2016-03-29T16:17:48Z" user="WmWright" uid="243946" lat="39.6657993" lon="-75.7548784"/>
 <node id="2652119033" visible="true" version="2" changeset="38147639" timestamp="2016-03-29T16:17:48Z" user="WmWright" uid="243946" lat="39.6658031" lon="-75.7548864"/>
 <node id="2652119034" visible="true" version="2" changeset="38147639" timestamp="2016-03-29T16:17:48Z" user="WmWright" uid="243946" lat="39.6658025" lon="-75.7549916"/>
 <node id="2652119036" visible="true" version="2" changeset="38147639" timestamp="2016-03-29T16:17:48Z" user="WmWright" uid="243946" lat="39.6658086" lon="-75.7548927"/>
 <node id="2652119038" visible="true" version="2" changeset="38147639" timestamp="2016-03-29T16:17:48Z" user="WmWright" uid="243946" lat="39.6658083" lon="-75.7549899"/>
 <node id="2652119042" visible="true" version="2" changeset="38147639" timestamp="2016-03-29T16:17:48Z" user="WmWright" uid="243946" lat="39.6658156" lon="-75.7548975"/>
 <node id="2652119043" visible="true" version="2" changeset="38147639" timestamp="2016-03-29T16:17:48Z" user="WmWright" uid="243946" lat="39.6658145" lon="-75.7549899"/>
 <node id="2652119044" visible="true" version="2" changeset="38147639" timestamp="2016-03-29T16:17:48Z" user="WmWright" uid="243946" lat="39.6658217" lon="-75.7548989"/>
 <node id="2652119046" visible="true" version="2" changeset="38147639" timestamp="2016-03-29T16:17:48Z" user="WmWright" uid="243946" lat="39.6658451" lon="-75.7541676"/>
 <node id="2652119047" visible="true" version="2" changeset="38147639" timestamp="2016-03-29T16:17:48Z" user="WmWright" uid="243946" lat="39.6658471" lon="-75.7541575"/>
 <node id="2652119048" visible="true" version="2" changeset="38147639" timestamp="2016-03-29T16:17:48Z" user="WmWright" uid="243946" lat="39.6658506" lon="-75.7541492"/>
 <node id="2652119049" visible="true" version="2" changeset="38147639" timestamp="2016-03-29T16:17:48Z" user="WmWright" uid="243946" lat="39.6658435" lon="-75.7549045"/>
 <node id="2652119051" visible="true" version="2" changeset="38147639" timestamp="2016-03-29T16:17:48Z" user="WmWright" uid="243946" lat="39.6658558" lon="-75.7541427"/>
 <node id="2652119052" visible="true" version="2" changeset="38147639" timestamp="2016-03-29T16:17:48Z" user="WmWright" uid="243946" lat="39.6658569" lon="-75.7540076"/>
 <node id="2652119053" visible="true" version="2" changeset="38147639" timestamp="2016-03-29T16:17:48Z" user="WmWright" uid="243946" lat="39.6658572" lon="-75.7540155"/>
 <node id="2652119055" visible="true" version="2" changeset="38147639" timestamp="2016-03-29T16:17:48Z" user="WmWright" uid="243946" lat="39.6658483" lon="-75.7549944"/>
 <node id="2652119056" visible="true" version="2" changeset="38147639" timestamp="2016-03-29T16:17:48Z" user="WmWright" uid="243946" lat="39.6658590" lon="-75.7540249"/>
 <node id="2652119057" visible="true" version="2" changeset="38147639" timestamp="2016-03-29T16:17:48Z" user="WmWright" uid="243946" lat="39.6658631" lon="-75.7540333"/>
 <node id="2652119058" visible="true" version="2" changeset="38147639" timestamp="2016-03-29T16:17:49Z" user="WmWright" uid="243946" lat="39.6658628" lon="-75.7541378"/>
 <node id="2652119059" visible="true" version="2" changeset="38147639" timestamp="2016-03-29T16:17:49Z" user="WmWright" uid="243946" lat="39.6658540" lon="-75.7549958"/>
 <node id="2652119060" visible="true" version="2" changeset="38147639" timestamp="2016-03-29T16:17:49Z" user="WmWright" uid="243946" lat="39.6658550" lon="-75.7549059"/>
 <node id="2652119061" visible="true" version="2" changeset="38147639" timestamp="2016-03-29T16:17:49Z" user="WmWright" uid="243946" lat="39.6658687" lon="-75.7540414"/>
 <node id="2652119062" visible="true" version="2" changeset="38147639" timestamp="2016-03-29T16:17:49Z" user="WmWright" uid="243946" lat="39.6658686" lon="-75.7541356"/>
 <node id="2652119063" visible="true" version="2" changeset="38147639" timestamp="2016-03-29T16:17:49Z" user="WmWright" uid="243946" lat="39.6658610" lon="-75.7549060"/>
 <node id="2652119064" visible="true" version="2" changeset="38147639" timestamp="2016-03-29T16:17:49Z" user="WmWright" uid="243946" lat="39.6658627" lon="-75.7549984"/>
 <node id="2652119066" visible="true" version="2" changeset="38147639" timestamp="2016-03-29T16:17:49Z" user="WmWright" uid="243946" lat="39.6658747" lon="-75.7541357"/>
 <node id="2652119067" visible="true" version="2" changeset="38147639" timestamp="2016-03-29T16:17:49Z" user="WmWright" uid="243946" lat="39.6658754" lon="-75.7540483"/>
 <node id="2652119068" visible="true" version="2" changeset="38147639" timestamp="2016-03-29T16:17:49Z" user="WmWright" uid="243946" lat="39.6658667" lon="-75.7549063"/>
 <node id="2652119069" visible="true" version="2" changeset="38147639" timestamp="2016-03-29T16:17:49Z" user="WmWright" uid="243946" lat="39.6658682" lon="-75.7550046"/>
 <node id="2652119070" visible="true" version="2" changeset="38147639" timestamp="2016-03-29T16:17:49Z" user="WmWright" uid="243946" lat="39.6658663" lon="-75.7550943"/>
 <node id="2652119071" visible="true" version="2" changeset="38147639" timestamp="2016-03-29T16:17:49Z" user="WmWright" uid="243946" lat="39.6658685" lon="-75.7550647"/>
 <node id="2652119072" visible="true" version="3" changeset="160045065" timestamp="2024-12-08T03:30:19Z" user="RoadGeek_MD99" uid="475877" lat="39.6658559" lon="-75.7551232"/>
 <node id="2652119073" visible="true" version="2" changeset="38147639" timestamp="2016-03-29T16:17:49Z" user="WmWright" uid="243946" lat="39.6658710" lon="-75.7550134"/>
 <node id="2652119074" visible="true" version="3" changeset="160045065" timestamp="2024-12-08T03:30:19Z" user="RoadGeek_MD99" uid="475877" lat="39.6657489" lon="-75.7555820">
  <tag k="barrier" v="kerb"/>
  <tag k="kerb" v="lowered"/>
 </node>
 <node id="2652119075" visible="true" version="2" changeset="38147639" timestamp="2016-03-29T16:17:49Z" user="WmWright" uid="243946" lat="39.6658815" lon="-75.7540501"/>
 <node id="2652119076" visible="true" version="2" changeset="38147639" timestamp="2016-03-29T16:17:49Z" user="WmWright" uid="243946" lat="39.6658722" lon="-75.7549057"/>
 <node id="2652119078" visible="true" version="2" changeset="38147639" timestamp="2016-03-29T16:17:49Z" user="WmWright" uid="243946" lat="39.6658715" lon="-75.7550232"/>
 <node id="2652119079" visible="true" version="2" changeset="38147639" timestamp="2016-03-29T16:17:49Z" user="WmWright" uid="243946" lat="39.6658713" lon="-75.7550372"/>
 <node id="2652119080" visible="true" version="3" changeset="160045065" timestamp="2024-12-08T03:30:19Z" user="RoadGeek_MD99" uid="475877" lat="39.6658353" lon="-75.7549927">
  <tag k="barrier" v="kerb"/>
  <tag k="kerb" v="lowered"/>
 </node>
 <node id="2652119082" visible="true" version="2" changeset="38147639" timestamp="2016-03-29T16:17:49Z" user="WmWright" uid="243946" lat="39.6658770" lon="-75.7549049"/>
 <node id="2652119083" visible="true" version="2" changeset="38147639" timestamp="2016-03-29T16:17:49Z" user="WmWright" uid="243946" lat="39.6658808" lon="-75.7549014"/>
 <node id="2652119084" visible="true" version="3" changeset="160045065" timestamp="2024-12-08T03:30:19Z" user="RoadGeek_MD99" uid="475877" lat="39.6657349" lon="-75.7558375">
  <tag k="barrier" v="kerb"/>
  <tag k="kerb" v="lowered"/>
 </node>
 <node id="2652119088" visible="true" version="2" changeset="38147639" timestamp="2016-03-29T16:17:49Z" user="WmWright" uid="243946" lat="39.6658832" lon="-75.7548939"/>
 <node id="2652119089" visible="true" version="2" changeset="38147639" timestamp="2016-03-29T16:17:49Z" user="WmWright" uid="243946" lat="39.6658843" lon="-75.7548865"/>
 <node id="2652119090" visible="true" version="3" changeset="160045065" timestamp="2024-12-08T03:30:19Z" user="RoadGeek_MD99" uid="475877" lat="39.6656150" lon="-75.7556368">
  <tag k="barrier" v="kerb"/>
  <tag k="kerb" v="lowered"/>
 </node>
 <node id="2652119091" visible="true" version="3" changeset="160045065" timestamp="2024-12-08T03:30:19Z" user="RoadGeek_MD99" uid="475877" lat="39.6657909" lon="-75.7556599">
  <tag k="barrier" v="kerb"/>
  <tag k="kerb" v="lowered"/>
 </node>
 <node id="2652119092" visible="true" version="2" changeset="38147639" timestamp="2016-03-29T16:17:49Z" user="WmWright" uid="243946" lat="39.6658951" lon="-75.7541350"/>
 <node id="2652119093" visible="true" version="2" changeset="38147639" timestamp="2016-03-29T16:17:49Z" user="WmWright" uid="243946" lat="39.6659030" lon="-75.7533516"/>
 <node id="2652119095" visible="true" version="2" changeset="38147639" timestamp="2016-03-29T16:17:49Z" user="WmWright" uid="243946" lat="39.6659043" lon="-75.7533437"/>
 <node id="2652119097" visible="true" version="2" changeset="38147639" timestamp="2016-03-29T16:17:49Z" user="WmWright" uid="243946" lat="39.6659077" lon="-75.7533350"/>
 <node id="2652119098" visible="true" version="2" changeset="38147639" timestamp="2016-03-29T16:17:49Z" user="WmWright" uid="243946" lat="39.6659090" lon="-75.7540543"/>
 <node id="2652119099" visible="true" version="3" changeset="160045065" timestamp="2024-12-08T03:30:19Z" user="RoadGeek_MD99" uid="475877" lat="39.6657831" lon="-75.7557876">
  <tag k="barrier" v="kerb"/>
  <tag k="kerb" v="lowered"/>
 </node>
 <node id="2652119100" visible="true" version="2" changeset="38147639" timestamp="2016-03-29T16:17:49Z" user="WmWright" uid="243946" lat="39.6659122" lon="-75.7531940"/>
 <node id="2652119101" visible="true" version="2" changeset="38147639" timestamp="2016-03-29T16:17:49Z" user="WmWright" uid="243946" lat="39.6659128" lon="-75.7533277"/>
 <node id="2652119102" visible="true" version="2" changeset="38147639" timestamp="2016-03-29T16:17:49Z" user="WmWright" uid="243946" lat="39.6659132" lon="-75.7532052"/>
 <node id="2652119103" visible="true" version="2" changeset="38147639" timestamp="2016-03-29T16:17:49Z" user="WmWright" uid="243946" lat="39.6659163" lon="-75.7532148"/>
 <node id="2652119104" visible="true" version="2" changeset="38147639" timestamp="2016-03-29T16:17:49Z" user="WmWright" uid="243946" lat="39.6659086" lon="-75.7541369"/>
 <node id="2652119106" visible="true" version="2" changeset="38147639" timestamp="2016-03-29T16:17:49Z" user="WmWright" uid="243946" lat="39.6659193" lon="-75.7533225"/>
 <node id="2652119107" visible="true" version="3" changeset="160045065" timestamp="2024-12-08T03:30:19Z" user="RoadGeek_MD99" uid="475877" lat="39.6658475" lon="-75.7552165"/>
 <node id="2652119108" visible="true" version="2" changeset="38147639" timestamp="2016-03-29T16:17:49Z" user="WmWright" uid="243946" lat="39.6659217" lon="-75.7532225"/>
 <node id="2652119109" visible="true" version="2" changeset="38147639" timestamp="2016-03-29T16:17:49Z" user="WmWright" uid="243946" lat="39.6659143" lon="-75.7541387"/>
 <node id="2652119110" visible="true" version="2" changeset="38147639" timestamp="2016-03-29T16:17:49Z" user="WmWright" uid="243946" lat="39.6659225" lon="-75.7540562"/>
 <node id="2652119111" visible="true" version="2" changeset="38147639" timestamp="2016-03-29T16:17:49Z" user="WmWright" uid="243946" lat="39.6659265" lon="-75.7533200"/>
 <node id="2652119112" visible="true" version="2" changeset="38147639" timestamp="2016-03-29T16:17:49Z" user="WmWright" uid="243946" lat="39.6659201" lon="-75.7541418"/>
 <node id="2652119113" visible="true" version="2" changeset="38147639" timestamp="2016-03-29T16:17:49Z" user="WmWright" uid="243946" lat="39.6659282" lon="-75.7540565"/>
 <node id="2652119114" visible="true" version="3" changeset="160045065" timestamp="2024-12-08T03:30:19Z" user="RoadGeek_MD99" uid="475877" lat="39.6666609" lon="-75.7543306"/>
 <node id="2652119115" visible="true" version="2" changeset="38147639" timestamp="2016-03-29T16:17:49Z" user="WmWright" uid="243946" lat="39.6659293" lon="-75.7532279"/>
 <node id="2652119116" visible="true" version="2" changeset="38147639" timestamp="2016-03-29T16:17:49Z" user="WmWright" uid="243946" lat="39.6659248" lon="-75.7541468"/>
 <node id="2652119117" visible="true" version="2" changeset="38147639" timestamp="2016-03-29T16:17:49Z" user="WmWright" uid="243946" lat="39.6659326" lon="-75.7533196"/>
 <node id="2652119118" visible="true" version="3" changeset="160045065" timestamp="2024-12-08T03:30:19Z" user="RoadGeek_MD99" uid="475877" lat="39.6657870" lon="-75.7557235">
  <tag k="crossing" v="unmarked"/>
  <tag k="crossing:markings" v="no"/>
  <tag k="highway" v="crossing"/>
 </node>
 <node id="2652119119" visible="true" version="3" changeset="160045065" timestamp="2024-12-08T03:30:19Z" user="RoadGeek_MD99" uid="475877" lat="39.6663370" lon="-75.7553981"/>
 <node id="2652119120" visible="true" version="2" changeset="38147639" timestamp="2016-03-29T16:17:49Z" user="WmWright" uid="243946" lat="39.6659351" lon="-75.7532293"/>
 <node id="2652119121" visible="true" version="2" changeset="38147639" timestamp="2016-03-29T16:17:49Z" user="WmWright" uid="243946" lat="39.6659357" lon="-75.7540541"/>
 <node id="2652119123" visible="true" version="2" changeset="38147639" timestamp="2016-03-29T16:17:49Z" user="WmWright" uid="243946" lat="39.6659285" lon="-75.7541529"/>
 <node id="2652119125" visible="true" version="3" changeset="160045065" timestamp="2024-12-08T03:30:19Z" user="RoadGeek_MD99" uid="475877" lat="39.6663097" lon="-75.7554435"/>
 <node id="2652119126" visible="true" version="3" changeset="160045065" timestamp="2024-12-08T03:30:19Z" user="RoadGeek_MD99" uid="475877" lat="39.6662658" lon="-75.7554588"/>
 <node id="2652119127" visible="true" version="2" changeset="38147639" timestamp="2016-03-29T16:17:50Z" user="WmWright" uid="243946" lat="39.6659326" lon="-75.7551098"/>
 <node id="2652119128" visible="true" version="2" changeset="38147639" timestamp="2016-03-29T16:17:50Z" user="WmWright" uid="243946" lat="39.6659312" lon="-75.7541596"/>
 <node id="2652119129" visible="true" version="2" changeset="38147639" timestamp="2016-03-29T16:17:50Z" user="WmWright" uid="243946" lat="39.6659329" lon="-75.7551151"/>
 <node id="2652119130" visible="true" version="2" changeset="38147639" timestamp="2016-03-29T16:17:50Z" user="WmWright" uid="243946" lat="39.6659328" lon="-75.7541675"/>
 <node id="2652119131" visible="true" version="2" changeset="38147639" timestamp="2016-03-29T16:17:50Z" user="WmWright" uid="243946" lat="39.6659328" lon="-75.7541754"/>
 <node id="2652119132" visible="true" version="2" changeset="38147639" timestamp="2016-03-29T16:17:50Z" user="WmWright" uid="243946" lat="39.6659346" lon="-75.7551204"/>
 <node id="2652119133" visible="true" version="2" changeset="38147639" timestamp="2016-03-29T16:17:50Z" user="WmWright" uid="243946" lat="39.6659400" lon="-75.7540462"/>
 <node id="2652119134" visible="true" version="2" changeset="38147639" timestamp="2016-03-29T16:17:50Z" user="WmWright" uid="243946" lat="39.6659373" lon="-75.7551244"/>
 <node id="2652119135" visible="true" version="2" changeset="38147639" timestamp="2016-03-29T16:17:50Z" user="WmWright" uid="243946" lat="39.6659391" lon="-75.7550183"/>
 <node id="2652119136" visible="true" version="2" changeset="38147639" timestamp="2016-03-29T16:17:50Z" user="WmWright" uid="243946" lat="39.6659402" lon="-75.7550130"/>
 <node id="2652119137" visible="true" version="2" changeset="38147639" timestamp="2016-03-29T16:17:50Z" user="WmWright" uid="243946" lat="39.6659406" lon="-75.7551275"/>
 <node id="2652119138" visible="true" version="2" changeset="38147639" timestamp="2016-03-29T16:17:50Z" user="WmWright" uid="243946" lat="39.6659414" lon="-75.7540362"/>
 <node id="2652119139" visible="true" version="2" changeset="38147639" timestamp="2016-03-29T16:17:50Z" user="WmWright" uid="243946" lat="39.6659426" lon="-75.7550086"/>
 <node id="2652119141" visible="true" version="2" changeset="38147639" timestamp="2016-03-29T16:17:50Z" user="WmWright" uid="243946" lat="39.6659447" lon="-75.7551289"/>
 <node id="2652119142" visible="true" version="2" changeset="38147639" timestamp="2016-03-29T16:17:50Z" user="WmWright" uid="243946" lat="39.6659426" lon="-75.7540115"/>
 <node id="2652119143" visible="true" version="2" changeset="38147639" timestamp="2016-03-29T16:17:50Z" user="WmWright" uid="243946" lat="39.6659459" lon="-75.7550051"/>
 <node id="2652119146" visible="true" version="2" changeset="38147639" timestamp="2016-03-29T16:17:50Z" user="WmWright" uid="243946" lat="39.6659492" lon="-75.7551285"/>
 <node id="2652119147" visible="true" version="2" changeset="38147639" timestamp="2016-03-29T16:17:50Z" user="WmWright" uid="243946" lat="39.6659497" lon="-75.7550029"/>
 <node id="2652119151" visible="true" version="2" changeset="38147639" timestamp="2016-03-29T16:17:50Z" user="WmWright" uid="243946" lat="39.6659529" lon="-75.7551263"/>
 <node id="2652119152" visible="true" version="2" changeset="38147639" timestamp="2016-03-29T16:17:50Z" user="WmWright" uid="243946" lat="39.6659542" lon="-75.7550025"/>
 <node id="2652119154" visible="true" version="2" changeset="38147639" timestamp="2016-03-29T16:17:50Z" user="WmWright" uid="243946" lat="39.6659619" lon="-75.7533214"/>
 <node id="2652119157" visible="true" version="2" changeset="38147639" timestamp="2016-03-29T16:17:50Z" user="WmWright" uid="243946" lat="39.6659563" lon="-75.7551228"/>
 <node id="2652119159" visible="true" version="2" changeset="38147639" timestamp="2016-03-29T16:17:50Z" user="WmWright" uid="243946" lat="39.6659582" lon="-75.7550039"/>
 <node id="2652119160" visible="true" version="2" changeset="38147639" timestamp="2016-03-29T16:17:50Z" user="WmWright" uid="243946" lat="39.6659587" lon="-75.7551184"/>
 <node id="2652119161" visible="true" version="2" changeset="38147639" timestamp="2016-03-29T16:17:50Z" user="WmWright" uid="243946" lat="39.6659597" lon="-75.7551131"/>
 <node id="2652119164" visible="true" version="2" changeset="38147639" timestamp="2016-03-29T16:17:50Z" user="WmWright" uid="243946" lat="39.6659616" lon="-75.7550070"/>
 <node id="2652119165" visible="true" version="2" changeset="38147639" timestamp="2016-03-29T16:17:50Z" user="WmWright" uid="243946" lat="39.6659682" lon="-75.7532344"/>
 <node id="2652119168" visible="true" version="2" changeset="38147639" timestamp="2016-03-29T16:17:50Z" user="WmWright" uid="243946" lat="39.6659642" lon="-75.7550110"/>
 <node id="2652119172" visible="true" version="2" changeset="38147639" timestamp="2016-03-29T16:17:50Z" user="WmWright" uid="243946" lat="39.6659660" lon="-75.7550163"/>
 <node id="2652119173" visible="true" version="2" changeset="38147639" timestamp="2016-03-29T16:17:50Z" user="WmWright" uid="243946" lat="39.6659662" lon="-75.7550216"/>
 <node id="2652119188" visible="true" version="2" changeset="38147639" timestamp="2016-03-29T16:17:51Z" user="WmWright" uid="243946" lat="39.6659844" lon="-75.7532367"/>
 <node id="2652119193" visible="true" version="2" changeset="38147639" timestamp="2016-03-29T16:17:51Z" user="WmWright" uid="243946" lat="39.6659729" lon="-75.7535465"/>
 <node id="2652119204" visible="true" version="2" changeset="38147639" timestamp="2016-03-29T16:17:51Z" user="WmWright" uid="243946" lat="39.6659774" lon="-75.7535080"/>
 <node id="2652119225" visible="true" version="2" changeset="38147639" timestamp="2016-03-29T16:17:51Z" user="WmWright" uid="243946" lat="39.6659824" lon="-75.7534901"/>
 <node id="2652119255" visible="true" version="2" changeset="38147639" timestamp="2016-03-29T16:17:52Z" user="WmWright" uid="243946" lat="39.6659929" lon="-75.7534698"/>
 <node id="2652119293" visible="true" version="2" changeset="38147639" timestamp="2016-03-29T16:17:52Z" user="WmWright" uid="243946" lat="39.6660094" lon="-75.7534465"/>
 <node id="2652119307" visible="true" version="2" changeset="38147639" timestamp="2016-03-29T16:17:53Z" user="WmWright" uid="243946" lat="39.6660324" lon="-75.7534337"/>
 <node id="2652119308" visible="true" version="2" changeset="38147639" timestamp="2016-03-29T16:17:53Z" user="WmWright" uid="243946" lat="39.6660494" lon="-75.7533291"/>
 <node id="2652119314" visible="true" version="2" changeset="38147639" timestamp="2016-03-29T16:17:53Z" user="WmWright" uid="243946" lat="39.6660458" lon="-75.7534315"/>
 <node id="2652119317" visible="true" version="2" changeset="38147639" timestamp="2016-03-29T16:17:53Z" user="WmWright" uid="243946" lat="39.6660554" lon="-75.7533304"/>
 <node id="2652119322" visible="true" version="2" changeset="38147639" timestamp="2016-03-29T16:17:53Z" user="WmWright" uid="243946" lat="39.6660592" lon="-75.7534293"/>
 <node id="2652119340" visible="true" version="2" changeset="38147639" timestamp="2016-03-29T16:17:53Z" user="WmWright" uid="243946" lat="39.6660624" lon="-75.7533353"/>
 <node id="2652119343" visible="true" version="2" changeset="38147639" timestamp="2016-03-29T16:17:53Z" user="WmWright" uid="243946" lat="39.6660642" lon="-75.7534261"/>
 <node id="2652119345" visible="true" version="2" changeset="38147639" timestamp="2016-03-29T16:17:53Z" user="WmWright" uid="243946" lat="39.6660676" lon="-75.7534199"/>
 <node id="2652119347" visible="true" version="2" changeset="38147639" timestamp="2016-03-29T16:17:53Z" user="WmWright" uid="243946" lat="39.6660678" lon="-75.7533417"/>
 <node id="2652119351" visible="true" version="2" changeset="38147639" timestamp="2016-03-29T16:17:53Z" user="WmWright" uid="243946" lat="39.6660699" lon="-75.7534129"/>
 <node id="2652119353" visible="true" version="2" changeset="38147639" timestamp="2016-03-29T16:17:53Z" user="WmWright" uid="243946" lat="39.6660710" lon="-75.7534059"/>
 <node id="2652119356" visible="true" version="2" changeset="38147639" timestamp="2016-03-29T16:17:53Z" user="WmWright" uid="243946" lat="39.6660717" lon="-75.7533498"/>
 <node id="2652119358" visible="true" version="2" changeset="38147639" timestamp="2016-03-29T16:17:53Z" user="WmWright" uid="243946" lat="39.6660739" lon="-75.7533596"/>
 <node id="2652119360" visible="true" version="2" changeset="38147639" timestamp="2016-03-29T16:17:53Z" user="WmWright" uid="243946" lat="39.6660739" lon="-75.7533676"/>
 <node id="2652119387" visible="true" version="2" changeset="38147639" timestamp="2016-03-29T16:17:53Z" user="WmWright" uid="243946" lat="39.6661557" lon="-75.7551398"/>
 <node id="2652119388" visible="true" version="2" changeset="38147639" timestamp="2016-03-29T16:17:53Z" user="WmWright" uid="243946" lat="39.6661558" lon="-75.7551341"/>
 <node id="2652119391" visible="true" version="2" changeset="38147639" timestamp="2016-03-29T16:17:53Z" user="WmWright" uid="243946" lat="39.6661574" lon="-75.7551447"/>
 <node id="2652119393" visible="true" version="2" changeset="38147639" timestamp="2016-03-29T16:17:53Z" user="WmWright" uid="243946" lat="39.6661590" lon="-75.7550887"/>
 <node id="2652119397" visible="true" version="2" changeset="38147639" timestamp="2016-03-29T16:17:53Z" user="WmWright" uid="243946" lat="39.6661601" lon="-75.7551491"/>
 <node id="2652119403" visible="true" version="2" changeset="38147639" timestamp="2016-03-29T16:17:53Z" user="WmWright" uid="243946" lat="39.6661638" lon="-75.7551522"/>
 <node id="2652119408" visible="true" version="2" changeset="38147639" timestamp="2016-03-29T16:17:53Z" user="WmWright" uid="243946" lat="39.6661679" lon="-75.7551536"/>
 <node id="2652119420" visible="true" version="2" changeset="38147639" timestamp="2016-03-29T16:17:54Z" user="WmWright" uid="243946" lat="39.6661828" lon="-75.7551550"/>
 <node id="2652119422" visible="true" version="2" changeset="38147639" timestamp="2016-03-29T16:17:54Z" user="WmWright" uid="243946" lat="39.6661831" lon="-75.7550916"/>
 <node id="2652119424" visible="true" version="2" changeset="38147639" timestamp="2016-03-29T16:17:54Z" user="WmWright" uid="243946" lat="39.6661867" lon="-75.7550457"/>
 <node id="2652119426" visible="true" version="2" changeset="38147639" timestamp="2016-03-29T16:17:54Z" user="WmWright" uid="243946" lat="39.6661872" lon="-75.7551550"/>
 <node id="2652119428" visible="true" version="2" changeset="38147639" timestamp="2016-03-29T16:17:54Z" user="WmWright" uid="243946" lat="39.6661878" lon="-75.7550405"/>
 <node id="2652119430" visible="true" version="2" changeset="38147639" timestamp="2016-03-29T16:17:54Z" user="WmWright" uid="243946" lat="39.6661898" lon="-75.7550361"/>
 <node id="2652119432" visible="true" version="2" changeset="38147639" timestamp="2016-03-29T16:17:54Z" user="WmWright" uid="243946" lat="39.6661913" lon="-75.7551528"/>
 <node id="2652119434" visible="true" version="2" changeset="38147639" timestamp="2016-03-29T16:17:54Z" user="WmWright" uid="243946" lat="39.6661933" lon="-75.7550327"/>
 <node id="2652119437" visible="true" version="2" changeset="38147639" timestamp="2016-03-29T16:17:54Z" user="WmWright" uid="243946" lat="39.6661943" lon="-75.7551489"/>
 <node id="2652119439" visible="true" version="2" changeset="38147639" timestamp="2016-03-29T16:17:54Z" user="WmWright" uid="243946" lat="39.6661968" lon="-75.7551441"/>
 <node id="2652119441" visible="true" version="2" changeset="38147639" timestamp="2016-03-29T16:17:54Z" user="WmWright" uid="243946" lat="39.6661970" lon="-75.7550305"/>
 <node id="2652119442" visible="true" version="3" changeset="160045065" timestamp="2024-12-08T03:30:19Z" user="RoadGeek_MD99" uid="475877" lat="39.6662251" lon="-75.7554580"/>
 <node id="2652119444" visible="true" version="3" changeset="160045065" timestamp="2024-12-08T03:30:19Z" user="RoadGeek_MD99" uid="475877" lat="39.6656116" lon="-75.7557047">
  <tag k="crossing" v="marked"/>
  <tag k="crossing:markings" v="zebra"/>
  <tag k="highway" v="crossing"/>
 </node>
 <node id="2652119446" visible="true" version="2" changeset="38147639" timestamp="2016-03-29T16:17:54Z" user="WmWright" uid="243946" lat="39.6662014" lon="-75.7550300"/>
 <node id="2652119448" visible="true" version="3" changeset="160045065" timestamp="2024-12-08T03:30:19Z" user="RoadGeek_MD99" uid="475877" lat="39.6658238" lon="-75.7555649"/>
 <node id="2652119450" visible="true" version="3" changeset="160045065" timestamp="2024-12-08T03:30:19Z" user="RoadGeek_MD99" uid="475877" lat="39.6661679" lon="-75.7556034"/>
 <node id="2652119453" visible="true" version="3" changeset="160045065" timestamp="2024-12-08T03:30:19Z" user="RoadGeek_MD99" uid="475877" lat="39.6662893" lon="-75.7556117"/>
 <node id="2652119455" visible="true" version="3" changeset="160045065" timestamp="2024-12-08T03:30:19Z" user="RoadGeek_MD99" uid="475877" lat="39.6663283" lon="-75.7555509"/>
 <node id="2652119457" visible="true" version="2" changeset="38147639" timestamp="2016-03-29T16:17:54Z" user="WmWright" uid="243946" lat="39.6662129" lon="-75.7550314"/>
 <node id="2652119459" visible="true" version="3" changeset="160045065" timestamp="2024-12-08T03:30:19Z" user="RoadGeek_MD99" uid="475877" lat="39.6663731" lon="-75.7554020"/>
 <node id="2652119462" visible="true" version="2" changeset="38147639" timestamp="2016-03-29T16:17:54Z" user="WmWright" uid="243946" lat="39.6662170" lon="-75.7550328"/>
 <node id="2652119468" visible="true" version="2" changeset="38147639" timestamp="2016-03-29T16:17:54Z" user="WmWright" uid="243946" lat="39.6662204" lon="-75.7550355"/>
 <node id="2652119474" visible="true" version="2" changeset="38147639" timestamp="2016-03-29T16:17:54Z" user="WmWright" uid="243946" lat="39.6662230" lon="-75.7550399"/>
 <node id="2652119478" visible="true" version="2" changeset="38147639" timestamp="2016-03-29T16:17:54Z" user="WmWright" uid="243946" lat="39.6662243" lon="-75.7550558"/>
 <node id="2652119482" visible="true" version="2" changeset="38147639" timestamp="2016-03-29T16:17:54Z" user="WmWright" uid="243946" lat="39.6662247" lon="-75.7550448"/>
 <node id="2652119484" visible="true" version="3" changeset="160045065" timestamp="2024-12-08T03:30:19Z" user="RoadGeek_MD99" uid="475877" lat="39.6664203" lon="-75.7552454"/>
 <node id="2652119486" visible="true" version="2" changeset="38147639" timestamp="2016-03-29T16:17:54Z" user="WmWright" uid="243946" lat="39.6662250" lon="-75.7550505"/>
 <node id="2652119492" visible="true" version="3" changeset="160045065" timestamp="2024-12-08T03:30:19Z" user="RoadGeek_MD99" uid="475877" lat="39.6665142" lon="-75.7549577"/>
 <node id="2652119495" visible="true" version="3" changeset="160045065" timestamp="2024-12-08T03:30:19Z" user="RoadGeek_MD99" uid="475877" lat="39.6666409" lon="-75.7545427"/>
 <node id="2652119497" visible="true" version="3" changeset="160045065" timestamp="2024-12-08T03:30:19Z" user="RoadGeek_MD99" uid="475877" lat="39.6667002" lon="-75.7542906"/>
 <node id="2652119545" visible="true" version="3" changeset="160045065" timestamp="2024-12-08T03:30:19Z" user="RoadGeek_MD99" uid="475877" lat="39.6666004" lon="-75.7542693"/>
 <node id="2652119632" visible="true" version="2" changeset="38147639" timestamp="2016-03-29T16:17:56Z" user="WmWright" uid="243946" lat="39.6665296" lon="-75.7533037"/>
 <node id="2652119646" visible="true" version="2" changeset="38147639" timestamp="2016-03-29T16:17:56Z" user="WmWright" uid="243946" lat="39.6665489" lon="-75.7533069"/>
 <node id="2652119663" visible="true" version="2" changeset="38147639" timestamp="2016-03-29T16:17:56Z" user="WmWright" uid="243946" lat="39.6665679" lon="-75.7533133"/>
 <node id="2652119678" visible="true" version="2" changeset="38147639" timestamp="2016-03-29T16:17:57Z" user="WmWright" uid="243946" lat="39.6665865" lon="-75.7533213"/>
 <node id="2652119714" visible="true" version="2" changeset="38147639" timestamp="2016-03-29T16:17:57Z" user="WmWright" uid="243946" lat="39.6666448" lon="-75.7539193"/>
 <node id="2652119715" visible="true" version="2" changeset="38147639" timestamp="2016-03-29T16:17:57Z" user="WmWright" uid="243946" lat="39.6666451" lon="-75.7539140"/>
 <node id="2652119716" visible="true" version="2" changeset="38147639" timestamp="2016-03-29T16:17:57Z" user="WmWright" uid="243946" lat="39.6666454" lon="-75.7539241"/>
 <node id="2652119717" visible="true" version="2" changeset="38147639" timestamp="2016-03-29T16:17:57Z" user="WmWright" uid="243946" lat="39.6666471" lon="-75.7539285"/>
 <node id="2652119718" visible="true" version="2" changeset="38147639" timestamp="2016-03-29T16:17:57Z" user="WmWright" uid="243946" lat="39.6666469" lon="-75.7538959"/>
 <node id="2652119719" visible="true" version="2" changeset="38147639" timestamp="2016-03-29T16:17:57Z" user="WmWright" uid="243946" lat="39.6666482" lon="-75.7538911"/>
 <node id="2652119720" visible="true" version="2" changeset="38147639" timestamp="2016-03-29T16:17:57Z" user="WmWright" uid="243946" lat="39.6666499" lon="-75.7539325"/>
 <node id="2652119721" visible="true" version="2" changeset="38147639" timestamp="2016-03-29T16:17:57Z" user="WmWright" uid="243946" lat="39.6666507" lon="-75.7538867"/>
 <node id="2652119722" visible="true" version="2" changeset="38147639" timestamp="2016-03-29T16:17:57Z" user="WmWright" uid="243946" lat="39.6666532" lon="-75.7539347"/>
 <node id="2652119723" visible="true" version="2" changeset="38147639" timestamp="2016-03-29T16:17:57Z" user="WmWright" uid="243946" lat="39.6666538" lon="-75.7538836"/>
 <node id="2652119724" visible="true" version="2" changeset="38147639" timestamp="2016-03-29T16:17:57Z" user="WmWright" uid="243946" lat="39.6666575" lon="-75.7538819"/>
 <node id="2652119725" visible="true" version="2" changeset="38147639" timestamp="2016-03-29T16:17:57Z" user="WmWright" uid="243946" lat="39.6666615" lon="-75.7538820"/>
 <node id="2652119726" visible="true" version="2" changeset="38147639" timestamp="2016-03-29T16:17:57Z" user="WmWright" uid="243946" lat="39.6666746" lon="-75.7535123"/>
 <node id="2652119727" visible="true" version="2" changeset="38147639" timestamp="2016-03-29T16:17:57Z" user="WmWright" uid="243946" lat="39.6666749" lon="-75.7535175"/>
 <node id="2652119728" visible="true" version="2" changeset="38147639" timestamp="2016-03-29T16:17:57Z" user="WmWright" uid="243946" lat="39.6666750" lon="-75.7535048"/>
 <node id="2652119729" visible="true" version="2" changeset="38147639" timestamp="2016-03-29T16:17:57Z" user="WmWright" uid="243946" lat="39.6666763" lon="-75.7535228"/>
 <node id="2652119730" visible="true" version="3" changeset="64905160" timestamp="2018-11-26T17:09:14Z" user="WmWright" uid="243946" lat="39.6666754" lon="-75.7534877"/>
 <node id="2652119731" visible="true" version="2" changeset="38147639" timestamp="2016-03-29T16:17:57Z" user="WmWright" uid="243946" lat="39.6666790" lon="-75.7535273"/>
 <node id="2652119732" visible="true" version="2" changeset="38147639" timestamp="2016-03-29T16:17:58Z" user="WmWright" uid="243946" lat="39.6666925" lon="-75.7539524"/>
 <node id="2652119733" visible="true" version="3" changeset="64905160" timestamp="2018-11-26T17:09:14Z" user="WmWright" uid="243946" lat="39.6666768" lon="-75.7534645"/>
 <node id="2652119734" visible="true" version="2" changeset="38147639" timestamp="2016-03-29T16:17:58Z" user="WmWright" uid="243946" lat="39.6666827" lon="-75.7535299"/>
 <node id="2652119735" visible="true" version="2" changeset="38147639" timestamp="2016-03-29T16:17:58Z" user="WmWright" uid="243946" lat="39.6666867" lon="-75.7535313"/>
 <node id="2652119737" visible="true" version="2" changeset="38147639" timestamp="2016-03-29T16:17:58Z" user="WmWright" uid="243946" lat="39.6666975" lon="-75.7538866"/>
 <node id="2652119741" visible="true" version="2" changeset="38147639" timestamp="2016-03-29T16:17:58Z" user="WmWright" uid="243946" lat="39.6667219" lon="-75.7535360"/>
 <node id="2652119747" visible="true" version="3" changeset="64905160" timestamp="2018-11-26T17:09:14Z" user="WmWright" uid="243946" lat="39.6666278" lon="-75.7533415"/>
 <node id="2652119753" visible="true" version="3" changeset="64905160" timestamp="2018-11-26T17:09:14Z" user="WmWright" uid="243946" lat="39.6666388" lon="-75.7533481"/>
 <node id="2652119754" visible="true" version="3" changeset="64905160" timestamp="2018-11-26T17:09:14Z" user="WmWright" uid="243946" lat="39.6666531" lon="-75.7533635"/>
 <node id="2652119755" visible="true" version="3" changeset="64905160" timestamp="2018-11-26T17:09:14Z" user="WmWright" uid="243946" lat="39.6666613" lon="-75.7533745"/>
 <node id="2652119757" visible="true" version="3" changeset="64905160" timestamp="2018-11-26T17:09:14Z" user="WmWright" uid="243946" lat="39.6666681" lon="-75.7533911"/>
 <node id="2652119758" visible="true" version="3" changeset="64905160" timestamp="2018-11-26T17:09:14Z" user="WmWright" uid="243946" lat="39.6666742" lon="-75.7534174"/>
 <node id="2652119759" visible="true" version="3" changeset="64905160" timestamp="2018-11-26T17:09:14Z" user="WmWright" uid="243946" lat="39.6666761" lon="-75.7534378"/>
 <node id="2652119769" visible="true" version="6" changeset="166504110" timestamp="2025-05-20T04:14:32Z" user="DUGA" uid="10585023" lat="39.6670524" lon="-75.7532806"/>
 <node id="2652330121" visible="true" version="4" changeset="117858450" timestamp="2022-02-25T19:25:04Z" user="EP_Repair" uid="14642658" lat="39.6585693" lon="-75.7567160">
  <tag k="highway" v="traffic_signals"/>
 </node>
 <node id="2652330123" visible="true" version="1" changeset="20358145" timestamp="2014-02-03T18:51:52Z" user="WmWright" uid="243946" lat="39.6586560" lon="-75.7567231"/>
 <node id="2652330124" visible="true" version="1" changeset="20358145" timestamp="2014-02-03T18:51:52Z" user="WmWright" uid="243946" lat="39.6588069" lon="-75.7567383"/>
 <node id="2652330125" visible="true" version="2" changeset="64579776" timestamp="2018-11-16T19:11:13Z" user="WmWright" uid="243946" lat="39.6590088" lon="-75.7567820"/>
 <node id="2652330131" visible="true" version="2" changeset="64579776" timestamp="2018-11-16T19:11:14Z" user="WmWright" uid="243946" lat="39.6591817" lon="-75.7568471"/>
 <node id="2652330133" visible="true" version="2" changeset="64579776" timestamp="2018-11-16T19:11:14Z" user="WmWright" uid="243946" lat="39.6593119" lon="-75.7569122"/>
 <node id="2652330134" visible="true" version="2" changeset="64579776" timestamp="2018-11-16T19:11:14Z" user="WmWright" uid="243946" lat="39.6594306" lon="-75.7569793"/>
 <node id="2652330136" visible="true" version="2" changeset="64579776" timestamp="2018-11-16T19:11:14Z" user="WmWright" uid="243946" lat="39.6595117" lon="-75.7570525"/>
 <node id="2652330137" visible="true" version="2" changeset="64579776" timestamp="2018-11-16T19:11:14Z" user="WmWright" uid="243946" lat="39.6595914" lon="-75.7571247"/>
 <node id="2652330138" visible="true" version="2" changeset="64579776" timestamp="2018-11-16T19:11:14Z" user="WmWright" uid="243946" lat="39.6596878" lon="-75.7572241"/>
 <node id="2652330140" visible="true" version="2" changeset="64579776" timestamp="2018-11-16T19:11:14Z" user="WmWright" uid="243946" lat="39.6597879" lon="-75.7573567"/>
 <node id="2652330141" visible="true" version="2" changeset="64579776" timestamp="2018-11-16T19:11:14Z" user="WmWright" uid="243946" lat="39.6598657" lon="-75.7574590"/>
 <node id="2652330142" visible="true" version="2" changeset="64579776" timestamp="2018-11-16T19:11:14Z" user="WmWright" uid="243946" lat="39.6599429" lon="-75.7575482"/>
 <node id="2652330144" visible="true" version="2" changeset="64579776" timestamp="2018-11-16T19:11:14Z" user="WmWright" uid="243946" lat="39.6600004" lon="-75.7576008"/>
 <node id="2652330145" visible="true" version="2" changeset="64579776" timestamp="2018-11-16T19:11:14Z" user="WmWright" uid="243946" lat="39.6600842" lon="-75.7576701"/>
 <node id="2652330146" visible="true" version="2" changeset="64579776" timestamp="2018-11-16T19:11:14Z" user="WmWright" uid="243946" lat="39.6601950" lon="-75.7577435"/>
 <node id="2652330148" visible="true" version="2" changeset="64579776" timestamp="2018-11-16T19:11:14Z" user="WmWright" uid="243946" lat="39.6602945" lon="-75.7577945"/>
 <node id="2652330158" visible="true" version="2" changeset="64579776" timestamp="2018-11-16T19:11:14Z" user="WmWright" uid="243946" lat="39.6604229" lon="-75.7578633"/>
 <node id="2652330262" visible="true" version="2" changeset="64579776" timestamp="2018-11-16T19:11:15Z" user="WmWright" uid="243946" lat="39.6606658" lon="-75.7579931"/>
 <node id="2652330405" visible="true" version="2" changeset="64579776" timestamp="2018-11-16T19:11:17Z" user="WmWright" uid="243946" lat="39.6609555" lon="-75.7581418"/>
 <node id="2652330537" visible="true" version="2" changeset="64579776" timestamp="2018-11-16T19:11:19Z" user="WmWright" uid="243946" lat="39.6613382" lon="-75.7583320"/>
 <node id="2652330669" visible="true" version="3" changeset="64579776" timestamp="2018-11-16T19:11:19Z" user="WmWright" uid="243946" lat="39.6622105" lon="-75.7611143"/>
 <node id="2652330673" visible="true" version="3" changeset="64579776" timestamp="2018-11-16T19:11:19Z" user="WmWright" uid="243946" lat="39.6622133" lon="-75.7611352"/>
 <node id="2652330675" visible="true" version="3" changeset="64579776" timestamp="2018-11-16T19:11:19Z" user="WmWright" uid="243946" lat="39.6622212" lon="-75.7611500"/>
 <node id="2652330682" visible="true" version="3" changeset="64579776" timestamp="2018-11-16T19:11:20Z" user="WmWright" uid="243946" lat="39.6622294" lon="-75.7611590"/>
 <node id="2652330685" visible="true" version="3" changeset="64579776" timestamp="2018-11-16T19:11:20Z" user="WmWright" uid="243946" lat="39.6622332" lon="-75.7611620"/>
 <node id="2652330687" visible="true" version="3" changeset="32813642" timestamp="2015-07-22T21:50:56Z" user="abel801" uid="2377377" lat="39.6620282" lon="-75.7614254"/>
 <node id="2652330697" visible="true" version="4" changeset="158746559" timestamp="2024-11-04T15:51:07Z" user="hihelloitsme" uid="22140645" lat="39.6623974" lon="-75.7588659"/>
 <node id="2652330775" visible="true" version="3" changeset="64579776" timestamp="2018-11-16T19:11:20Z" user="WmWright" uid="243946" lat="39.6624560" lon="-75.7602816"/>
 <node id="2652330776" visible="true" version="3" changeset="64579776" timestamp="2018-11-16T19:11:20Z" user="WmWright" uid="243946" lat="39.6624561" lon="-75.7602773"/>
 <node id="2652330778" visible="true" version="3" changeset="64579776" timestamp="2018-11-16T19:11:20Z" user="WmWright" uid="243946" lat="39.6624599" lon="-75.7602660"/>
 <node id="2652330789" visible="true" version="3" changeset="64579776" timestamp="2018-11-16T19:11:21Z" user="WmWright" uid="243946" lat="39.6624722" lon="-75.7602500"/>
 <node id="2652330798" visible="true" version="3" changeset="64579776" timestamp="2018-11-16T19:11:21Z" user="WmWright" uid="243946" lat="39.6625165" lon="-75.7602183"/>
 <node id="2652330811" visible="true" version="3" changeset="64579776" timestamp="2018-11-16T19:11:21Z" user="WmWright" uid="243946" lat="39.6625577" lon="-75.7601947"/>
 <node id="2652330822" visible="true" version="3" changeset="64579776" timestamp="2018-11-16T19:11:21Z" user="WmWright" uid="243946" lat="39.6625925" lon="-75.7601760"/>
 <node id="2652330838" visible="true" version="3" changeset="64579776" timestamp="2018-11-16T19:11:21Z" user="WmWright" uid="243946" lat="39.6626105" lon="-75.7601620"/>
 <node id="2652330843" visible="true" version="3" changeset="64579776" timestamp="2018-11-16T19:11:21Z" user="WmWright" uid="243946" lat="39.6626261" lon="-75.7601470"/>
 <node id="2652330848" visible="true" version="3" changeset="64579776" timestamp="2018-11-16T19:11:21Z" user="WmWright" uid="243946" lat="39.6626326" lon="-75.7601206"/>
 <node id="2652330853" visible="true" version="3" changeset="158746559" timestamp="2024-11-04T15:51:07Z" user="hihelloitsme" uid="22140645" lat="39.6625648" lon="-75.7589459"/>
 <node id="2652330854" visible="true" version="3" changeset="64579776" timestamp="2018-11-16T19:11:21Z" user="WmWright" uid="243946" lat="39.6626427" lon="-75.7600975"/>
 <node id="2652330861" visible="true" version="3" changeset="64579776" timestamp="2018-11-16T19:11:21Z" user="WmWright" uid="243946" lat="39.6626634" lon="-75.7600247"/>
 <node id="2652330930" visible="true" version="3" changeset="158746559" timestamp="2024-11-04T15:51:07Z" user="hihelloitsme" uid="22140645" lat="39.6628274" lon="-75.7590341"/>
 <node id="2652330936" visible="true" version="2" changeset="28296306" timestamp="2015-01-20T23:08:37Z" user="jonesydesign" uid="1802220" lat="39.6626871" lon="-75.7592096"/>
 <node id="2652331017" visible="true" version="3" changeset="64579776" timestamp="2018-11-16T19:11:24Z" user="WmWright" uid="243946" lat="39.6628687" lon="-75.7593945"/>
 <node id="2652331088" visible="true" version="2" changeset="28296306" timestamp="2015-01-20T23:08:37Z" user="jonesydesign" uid="1802220" lat="39.6629527" lon="-75.7622801"/>
 <node id="2652331170" visible="true" version="3" changeset="64579776" timestamp="2018-11-16T19:11:26Z" user="WmWright" uid="243946" lat="39.6630345" lon="-75.7615521"/>
 <node id="2652331186" visible="true" version="2" changeset="28296306" timestamp="2015-01-20T23:08:37Z" user="jonesydesign" uid="1802220" lat="39.6630507" lon="-75.7619571"/>
 <node id="2652331261" visible="true" version="3" changeset="64579776" timestamp="2018-11-16T19:11:27Z" user="WmWright" uid="243946" lat="39.6631462" lon="-75.7610590"/>
 <node id="2652331265" visible="true" version="3" changeset="64579776" timestamp="2018-11-16T19:11:27Z" user="WmWright" uid="243946" lat="39.6631422" lon="-75.7610719"/>
 <node id="2652331272" visible="true" version="3" changeset="64579776" timestamp="2018-11-16T19:11:27Z" user="WmWright" uid="243946" lat="39.6631554" lon="-75.7610444"/>
 <node id="2652331275" visible="true" version="2" changeset="28296306" timestamp="2015-01-20T23:08:39Z" user="jonesydesign" uid="1802220" lat="39.6631476" lon="-75.7610886"/>
 <node id="2652331281" visible="true" version="3" changeset="64579776" timestamp="2018-11-16T19:11:27Z" user="WmWright" uid="243946" lat="39.6631637" lon="-75.7610389"/>
 <node id="2652331283" visible="true" version="2" changeset="28296306" timestamp="2015-01-20T23:08:39Z" user="jonesydesign" uid="1802220" lat="39.6631585" lon="-75.7611021"/>
 <node id="2652331287" visible="true" version="3" changeset="64579776" timestamp="2018-11-16T19:11:27Z" user="WmWright" uid="243946" lat="39.6631722" lon="-75.7610395"/>
 <node id="2652331291" visible="true" version="2" changeset="28296306" timestamp="2015-01-20T23:08:39Z" user="jonesydesign" uid="1802220" lat="39.6631664" lon="-75.7611097"/>
 <node id="2652331292" visible="true" version="3" changeset="64579776" timestamp="2018-11-16T19:11:27Z" user="WmWright" uid="243946" lat="39.6631759" lon="-75.7610408"/>
 <node id="2652331297" visible="true" version="3" changeset="64579776" timestamp="2018-11-16T19:11:27Z" user="WmWright" uid="243946" lat="39.6631839" lon="-75.7610441"/>
 <node id="2652331298" visible="true" version="3" changeset="64579776" timestamp="2018-11-16T19:11:27Z" user="WmWright" uid="243946" lat="39.6631893" lon="-75.7609249"/>
 <node id="2652331305" visible="true" version="3" changeset="64579776" timestamp="2018-11-16T19:11:27Z" user="WmWright" uid="243946" lat="39.6631921" lon="-75.7609427"/>
 <node id="2652331314" visible="true" version="3" changeset="64579776" timestamp="2018-11-16T19:11:27Z" user="WmWright" uid="243946" lat="39.6631931" lon="-75.7609063"/>
 <node id="2652331318" visible="true" version="3" changeset="64579776" timestamp="2018-11-16T19:11:27Z" user="WmWright" uid="243946" lat="39.6631991" lon="-75.7609534"/>
 <node id="2652331325" visible="true" version="3" changeset="64579776" timestamp="2018-11-16T19:11:27Z" user="WmWright" uid="243946" lat="39.6632029" lon="-75.7609570"/>
 <node id="2652331332" visible="true" version="3" changeset="64579776" timestamp="2018-11-16T19:11:27Z" user="WmWright" uid="243946" lat="39.6631949" lon="-75.7610496"/>
 <node id="2652331334" visible="true" version="3" changeset="64579776" timestamp="2018-11-16T19:11:27Z" user="WmWright" uid="243946" lat="39.6632018" lon="-75.7608970"/>
 <node id="2652331353" visible="true" version="3" changeset="64579776" timestamp="2018-11-16T19:11:28Z" user="WmWright" uid="243946" lat="39.6632188" lon="-75.7609056"/>
 <node id="2652331357" visible="true" version="3" changeset="64579776" timestamp="2018-11-16T19:11:28Z" user="WmWright" uid="243946" lat="39.6632190" lon="-75.7610633"/>
 <node id="2652331366" visible="true" version="3" changeset="64579776" timestamp="2018-11-16T19:11:28Z" user="WmWright" uid="243946" lat="39.6632333" lon="-75.7609140"/>
 <node id="2652331369" visible="true" version="3" changeset="64579776" timestamp="2018-11-16T19:11:28Z" user="WmWright" uid="243946" lat="39.6632430" lon="-75.7609179"/>
 <node id="2652331373" visible="true" version="2" changeset="28296306" timestamp="2015-01-20T23:08:39Z" user="jonesydesign" uid="1802220" lat="39.6632433" lon="-75.7610746"/>
 <node id="2652331376" visible="true" version="2" changeset="28296306" timestamp="2015-01-20T23:08:39Z" user="jonesydesign" uid="1802220" lat="39.6632568" lon="-75.7610989"/>
 <node id="2652331378" visible="true" version="2" changeset="28296306" timestamp="2015-01-20T23:08:38Z" user="jonesydesign" uid="1802220" lat="39.6632590" lon="-75.7611630"/>
 <node id="2652331379" visible="true" version="2" changeset="28296306" timestamp="2015-01-20T23:08:38Z" user="jonesydesign" uid="1802220" lat="39.6632602" lon="-75.7611527"/>
 <node id="2652331380" visible="true" version="2" changeset="28296306" timestamp="2015-01-20T23:08:38Z" user="jonesydesign" uid="1802220" lat="39.6632610" lon="-75.7611282"/>
 <node id="2652331384" visible="true" version="3" changeset="64579776" timestamp="2018-11-16T19:11:28Z" user="WmWright" uid="243946" lat="39.6632632" lon="-75.7609874"/>
 <node id="2652331387" visible="true" version="3" changeset="64579776" timestamp="2018-11-16T19:11:28Z" user="WmWright" uid="243946" lat="39.6632787" lon="-75.7609885"/>
 <node id="2652331397" visible="true" version="3" changeset="64579776" timestamp="2018-11-16T19:11:28Z" user="WmWright" uid="243946" lat="39.6632919" lon="-75.7609855"/>
 <node id="2652331405" visible="true" version="2" changeset="28296306" timestamp="2015-01-20T23:08:38Z" user="jonesydesign" uid="1802220" lat="39.6633061" lon="-75.7609707"/>
 <node id="2652331408" visible="true" version="3" changeset="64579776" timestamp="2018-11-16T19:11:28Z" user="WmWright" uid="243946" lat="39.6633196" lon="-75.7604985"/>
 <node id="2652331409" visible="true" version="3" changeset="64579776" timestamp="2018-11-16T19:11:28Z" user="WmWright" uid="243946" lat="39.6633204" lon="-75.7604894"/>
 <node id="2652331412" visible="true" version="3" changeset="64579776" timestamp="2018-11-16T19:11:28Z" user="WmWright" uid="243946" lat="39.6633215" lon="-75.7605067"/>
 <node id="2652331414" visible="true" version="3" changeset="64579776" timestamp="2018-11-16T19:11:28Z" user="WmWright" uid="243946" lat="39.6633234" lon="-75.7604815"/>
 <node id="2652331415" visible="true" version="3" changeset="64579776" timestamp="2018-11-16T19:11:28Z" user="WmWright" uid="243946" lat="39.6633285" lon="-75.7604772"/>
 <node id="2652331418" visible="true" version="2" changeset="28296306" timestamp="2015-01-20T23:08:38Z" user="jonesydesign" uid="1802220" lat="39.6633237" lon="-75.7609475"/>
 <node id="2652331428" visible="true" version="3" changeset="64579776" timestamp="2018-11-16T19:11:29Z" user="WmWright" uid="243946" lat="39.6633599" lon="-75.7605271"/>
 <node id="2652331433" visible="true" version="3" changeset="64579776" timestamp="2018-11-16T19:11:29Z" user="WmWright" uid="243946" lat="39.6633686" lon="-75.7604976"/>
 <node id="2652331443" visible="true" version="3" changeset="64579776" timestamp="2018-11-16T19:11:29Z" user="WmWright" uid="243946" lat="39.6634371" lon="-75.7601089"/>
 <node id="2652331444" visible="true" version="3" changeset="64579776" timestamp="2018-11-16T19:11:29Z" user="WmWright" uid="243946" lat="39.6634382" lon="-75.7601184"/>
 <node id="2652331445" visible="true" version="3" changeset="64579776" timestamp="2018-11-16T19:11:29Z" user="WmWright" uid="243946" lat="39.6634394" lon="-75.7601222"/>
 <node id="2652331447" visible="true" version="3" changeset="64579776" timestamp="2018-11-16T19:11:29Z" user="WmWright" uid="243946" lat="39.6634398" lon="-75.7600964"/>
 <node id="2652331448" visible="true" version="3" changeset="64579776" timestamp="2018-11-16T19:11:29Z" user="WmWright" uid="243946" lat="39.6634499" lon="-75.7600837"/>
 <node id="2652331449" visible="true" version="3" changeset="64579776" timestamp="2018-11-16T19:11:29Z" user="WmWright" uid="243946" lat="39.6634726" lon="-75.7600826"/>
 <node id="2652331451" visible="true" version="3" changeset="64579776" timestamp="2018-11-16T19:11:29Z" user="WmWright" uid="243946" lat="39.6634763" lon="-75.7601449"/>
 <node id="2652331452" visible="true" version="3" changeset="64579776" timestamp="2018-11-16T19:11:29Z" user="WmWright" uid="243946" lat="39.6635048" lon="-75.7600941"/>
 <node id="2652331453" visible="true" version="3" changeset="64579776" timestamp="2018-11-16T19:11:29Z" user="WmWright" uid="243946" lat="39.6635133" lon="-75.7599806"/>
 <node id="2652331455" visible="true" version="3" changeset="64579776" timestamp="2018-11-16T19:11:29Z" user="WmWright" uid="243946" lat="39.6635138" lon="-75.7599941"/>
 <node id="2652331456" visible="true" version="3" changeset="64579776" timestamp="2018-11-16T19:11:29Z" user="WmWright" uid="243946" lat="39.6635156" lon="-75.7599686"/>
 <node id="2652331457" visible="true" version="3" changeset="64579776" timestamp="2018-11-16T19:11:29Z" user="WmWright" uid="243946" lat="39.6635185" lon="-75.7599600"/>
 <node id="2652331458" visible="true" version="3" changeset="64579776" timestamp="2018-11-16T19:11:29Z" user="WmWright" uid="243946" lat="39.6635199" lon="-75.7599567"/>
 <node id="2652331460" visible="true" version="3" changeset="64579776" timestamp="2018-11-16T19:11:29Z" user="WmWright" uid="243946" lat="39.6635243" lon="-75.7600092"/>
 <node id="2652331461" visible="true" version="3" changeset="64579776" timestamp="2018-11-16T19:11:29Z" user="WmWright" uid="243946" lat="39.6635335" lon="-75.7601084"/>
 <node id="2652331464" visible="true" version="3" changeset="64579776" timestamp="2018-11-16T19:11:29Z" user="WmWright" uid="243946" lat="39.6635460" lon="-75.7601154"/>
 <node id="2652331465" visible="true" version="3" changeset="64579776" timestamp="2018-11-16T19:11:29Z" user="WmWright" uid="243946" lat="39.6635433" lon="-75.7600223"/>
 <node id="2652331466" visible="true" version="3" changeset="64579776" timestamp="2018-11-16T19:11:29Z" user="WmWright" uid="243946" lat="39.6635489" lon="-75.7601176"/>
 <node id="2652331468" visible="true" version="2" changeset="28296306" timestamp="2015-01-20T23:08:37Z" user="jonesydesign" uid="1802220" lat="39.6635385" lon="-75.7597425"/>
 <node id="2652331469" visible="true" version="3" changeset="64579776" timestamp="2018-11-16T19:11:29Z" user="WmWright" uid="243946" lat="39.6635549" lon="-75.7601276"/>
 <node id="2652331470" visible="true" version="2" changeset="28296306" timestamp="2015-01-20T23:08:37Z" user="jonesydesign" uid="1802220" lat="39.6636950" lon="-75.7598847"/>
 <node id="2652331471" visible="true" version="2" changeset="28296306" timestamp="2015-01-20T23:08:37Z" user="jonesydesign" uid="1802220" lat="39.6635434" lon="-75.7597463"/>
 <node id="2652331473" visible="true" version="3" changeset="64579776" timestamp="2018-11-16T19:11:29Z" user="WmWright" uid="243946" lat="39.6635600" lon="-75.7601509"/>
 <node id="2652331474" visible="true" version="3" changeset="64579776" timestamp="2018-11-16T19:11:29Z" user="WmWright" uid="243946" lat="39.6635600" lon="-75.7601926"/>
 <node id="2652331475" visible="true" version="3" changeset="64579776" timestamp="2018-11-16T19:11:29Z" user="WmWright" uid="243946" lat="39.6635616" lon="-75.7600315"/>
 <node id="2652331477" visible="true" version="2" changeset="28296306" timestamp="2015-01-20T23:08:37Z" user="jonesydesign" uid="1802220" lat="39.6635540" lon="-75.7597573"/>
 <node id="2652331478" visible="true" version="3" changeset="64579776" timestamp="2018-11-16T19:11:29Z" user="WmWright" uid="243946" lat="39.6635697" lon="-75.7600349"/>
 <node id="2652331479" visible="true" version="2" changeset="28296306" timestamp="2015-01-20T23:08:37Z" user="jonesydesign" uid="1802220" lat="39.6635635" lon="-75.7597752"/>
 <node id="2652331480" visible="true" version="3" changeset="64579776" timestamp="2018-11-16T19:11:29Z" user="WmWright" uid="243946" lat="39.6635748" lon="-75.7600337"/>
 <node id="2652331482" visible="true" version="2" changeset="28296306" timestamp="2015-01-20T23:08:37Z" user="jonesydesign" uid="1802220" lat="39.6635655" lon="-75.7597994"/>
 <node id="2652331483" visible="true" version="3" changeset="64579776" timestamp="2018-11-16T19:11:29Z" user="WmWright" uid="243946" lat="39.6635870" lon="-75.7600287"/>
 <node id="2652331484" visible="true" version="3" changeset="64579776" timestamp="2018-11-16T19:11:29Z" user="WmWright" uid="243946" lat="39.6636014" lon="-75.7600177"/>
 <node id="2652331486" visible="true" version="3" changeset="64579776" timestamp="2018-11-16T19:11:29Z" user="WmWright" uid="243946" lat="39.6636134" lon="-75.7599986"/>
 <node id="2652331488" visible="true" version="2" changeset="28296306" timestamp="2015-01-20T23:08:37Z" user="jonesydesign" uid="1802220" lat="39.6637350" lon="-75.7597078"/>
 <node id="2652331491" visible="true" version="3" changeset="158746559" timestamp="2024-11-04T15:51:07Z" user="hihelloitsme" uid="22140645" lat="39.6637567" lon="-75.7595545"/>
 <node id="2652331501" visible="true" version="4" changeset="158746559" timestamp="2024-11-04T15:51:07Z" user="hihelloitsme" uid="22140645" lat="39.6637862" lon="-75.7591620"/>
 <node id="2652331505" visible="true" version="4" changeset="158746559" timestamp="2024-11-04T15:51:07Z" user="hihelloitsme" uid="22140645" lat="39.6654241" lon="-75.7593604"/>
 <node id="2681308141" visible="true" version="5" changeset="158746559" timestamp="2024-11-04T15:51:07Z" user="hihelloitsme" uid="22140645" lat="39.6657799" lon="-75.7543718">
  <tag k="crossing" v="marked"/>
  <tag k="highway" v="crossing"/>
 </node>
 <node id="2681308143" visible="true" version="3" changeset="160045065" timestamp="2024-12-08T03:30:19Z" user="RoadGeek_MD99" uid="475877" lat="39.6657966" lon="-75.7555861"/>
 <node id="2681308149" visible="true" version="2" changeset="38147639" timestamp="2016-03-29T16:17:58Z" user="WmWright" uid="243946" lat="39.6658745" lon="-75.7543965"/>
 <node id="2681308152" visible="true" version="2" changeset="38147639" timestamp="2016-03-29T16:17:58Z" user="WmWright" uid="243946" lat="39.6659199" lon="-75.7538390"/>
 <node id="2681308155" visible="true" version="2" changeset="38147639" timestamp="2016-03-29T16:17:58Z" user="WmWright" uid="243946" lat="39.6659880" lon="-75.7528730"/>
 <node id="3214931671" visible="true" version="6" changeset="87778705" timestamp="2020-07-09T18:09:19Z" user="EvanSiroky" uid="144525" lat="39.6631246" lon="-75.7532494"/>
 <node id="3301578107" visible="true" version="3" changeset="158746559" timestamp="2024-11-04T15:51:07Z" user="hihelloitsme" uid="22140645" lat="39.6637689" lon="-75.7593648"/>
 <node id="3301578108" visible="true" version="1" changeset="28296306" timestamp="2015-01-20T23:08:37Z" user="jonesydesign" uid="1802220" lat="39.6636587" lon="-75.7600167"/>
 <node id="3301578109" visible="true" version="2" changeset="158746559" timestamp="2024-11-04T15:51:07Z" user="hihelloitsme" uid="22140645" lat="39.6627301" lon="-75.7590117"/>
 <node id="3301578110" visible="true" version="3" changeset="64579776" timestamp="2018-11-16T19:11:29Z" user="WmWright" uid="243946" lat="39.6627815" lon="-75.7587504"/>
 <node id="3659282227" visible="true" version="1" changeset="32761323" timestamp="2015-07-20T19:09:16Z" user="DannyAiquipa" uid="2226712" lat="39.6676918" lon="-75.7586519"/>
 <node id="3659282228" visible="true" version="1" changeset="32761323" timestamp="2015-07-20T19:09:16Z" user="DannyAiquipa" uid="2226712" lat="39.6678776" lon="-75.7583498"/>
 <node id="3659282229" visible="true" version="2" changeset="64905160" timestamp="2018-11-26T17:09:14Z" user="WmWright" uid="243946" lat="39.6685155" lon="-75.7562756"/>
 <node id="6055668264" visible="true" version="3" changeset="141501695" timestamp="2023-09-20T08:42:59Z" user="kmarkish_lyft" uid="11824233" lat="39.6628654" lon="-75.7570015"/>
 <node id="6055668265" visible="true" version="4" changeset="158746559" timestamp="2024-11-04T15:51:07Z" user="hihelloitsme" uid="22140645" lat="39.6628734" lon="-75.7575838"/>
 <node id="6055668266" visible="true" version="3" changeset="158746559" timestamp="2024-11-04T15:51:07Z" user="hihelloitsme" uid="22140645" lat="39.6628663" lon="-75.7580997"/>
 <node id="6067126992" visible="true" version="3" changeset="158746559" timestamp="2024-11-04T15:51:07Z" user="hihelloitsme" uid="22140645" lat="39.6628725" lon="-75.7577362"/>
 <node id="6067126993" visible="true" version="3" changeset="158746559" timestamp="2024-11-04T15:51:07Z" user="hihelloitsme" uid="22140645" lat="39.6628696" lon="-75.7573440"/>
 <node id="6067126994" visible="true" version="2" changeset="158746559" timestamp="2024-11-04T15:51:07Z" user="hihelloitsme" uid="22140645" lat="39.6628488" lon="-75.7583176"/>
 <node id="6067126995" visible="true" version="1" changeset="64579776" timestamp="2018-11-16T19:10:27Z" user="WmWright" uid="243946" lat="39.6628163" lon="-75.7585362"/>
 <node id="6067126996" visible="true" version="4" changeset="144570927" timestamp="2023-11-29T02:27:49Z" user="DUGA" uid="10585023" lat="39.6655233" lon="-75.7580604">
  <tag k="direction" v="both"/>
  <tag k="highway" v="stop"/>
  <tag k="stop" v="all"/>
 </node>
 <node id="6067126997" visible="true" version="9" changeset="160045065" timestamp="2024-12-08T03:30:19Z" user="RoadGeek_MD99" uid="475877" lat="39.6668140" lon="-75.7558469">
  <tag k="direction" v="both"/>
  <tag k="highway" v="stop"/>
  <tag k="stop" v="all"/>
 </node>
 <node id="6067126998" visible="true" version="4" changeset="158746559" timestamp="2024-11-04T15:51:07Z" user="hihelloitsme" uid="22140645" lat="39.6656851" lon="-75.7557113">
  <tag k="direction" v="both"/>
  <tag k="highway" v="stop"/>
  <tag k="stop" v="all"/>
 </node>
 <node id="6067126999" visible="true" version="6" changeset="160045065" timestamp="2024-12-08T03:30:19Z" user="RoadGeek_MD99" uid="475877" lat="39.6660223" lon="-75.7578775"/>
 <node id="6067127000" visible="true" version="2" changeset="144570627" timestamp="2023-11-29T02:08:16Z" user="DUGA" uid="10585023" lat="39.6640524" lon="-75.7555135"/>
 <node id="6067127006" visible="true" version="1" changeset="64579776" timestamp="2018-11-16T19:10:27Z" user="WmWright" uid="243946" lat="39.6637411" lon="-75.7552167"/>
 <node id="6067127007" visible="true" version="1" changeset="64579776" timestamp="2018-11-16T19:10:27Z" user="WmWright" uid="243946" lat="39.6633916" lon="-75.7534544"/>
 <node id="6067127008" visible="true" version="1" changeset="64579776" timestamp="2018-11-16T19:10:27Z" user="WmWright" uid="243946" lat="39.6633693" lon="-75.7534512"/>
 <node id="6067127009" visible="true" version="1" changeset="64579776" timestamp="2018-11-16T19:10:27Z" user="WmWright" uid="243946" lat="39.6632390" lon="-75.7535775"/>
 <node id="6067127010" visible="true" version="1" changeset="64579776" timestamp="2018-11-16T19:10:27Z" user="WmWright" uid="243946" lat="39.6632455" lon="-75.7535513"/>
 <node id="6067127011" visible="true" version="1" changeset="64579776" timestamp="2018-11-16T19:10:27Z" user="WmWright" uid="243946" lat="39.6632698" lon="-75.7535027"/>
 <node id="6067127012" visible="true" version="1" changeset="64579776" timestamp="2018-11-16T19:10:27Z" user="WmWright" uid="243946" lat="39.6632804" lon="-75.7534883"/>
 <node id="6067127013" visible="true" version="1" changeset="64579776" timestamp="2018-11-16T19:10:27Z" user="WmWright" uid="243946" lat="39.6633125" lon="-75.7534615"/>
 <node id="6067127014" visible="true" version="1" changeset="64579776" timestamp="2018-11-16T19:10:27Z" user="WmWright" uid="243946" lat="39.6633301" lon="-75.7534548"/>
 <node id="6067127934" visible="true" version="2" changeset="110398462" timestamp="2021-08-29T03:17:43Z" user="S-zation" uid="5500750" lat="39.6633151" lon="-75.7559999"/>
 <node id="6067127935" visible="true" version="2" changeset="110398462" timestamp="2021-08-29T03:17:43Z" user="S-zation" uid="5500750" lat="39.6633268" lon="-75.7558663"/>
 <node id="6067127936" visible="true" version="2" changeset="110398462" timestamp="2021-08-29T03:17:43Z" user="S-zation" uid="5500750" lat="39.6633151" lon="-75.7558663"/>
 <node id="6067127937" visible="true" version="2" changeset="110398462" timestamp="2021-08-29T03:17:43Z" user="S-zation" uid="5500750" lat="39.6633121" lon="-75.7558969"/>
 <node id="6067127938" visible="true" version="2" changeset="110398462" timestamp="2021-08-29T03:17:43Z" user="S-zation" uid="5500750" lat="39.6632651" lon="-75.7558892"/>
 <node id="6067127939" visible="true" version="2" changeset="110398462" timestamp="2021-08-29T03:17:43Z" user="S-zation" uid="5500750" lat="39.6632681" lon="-75.7558625"/>
 <node id="6067127940" visible="true" version="2" changeset="110398462" timestamp="2021-08-29T03:17:43Z" user="S-zation" uid="5500750" lat="39.6632563" lon="-75.7558587"/>
 <node id="6067127941" visible="true" version="2" changeset="110398462" timestamp="2021-08-29T03:17:43Z" user="S-zation" uid="5500750" lat="39.6632459" lon="-75.7559745"/>
 <node id="6067127942" visible="true" version="2" changeset="110398462" timestamp="2021-08-29T03:17:43Z" user="S-zation" uid="5500750" lat="39.6630566" lon="-75.7559503"/>
 <node id="6067127943" visible="true" version="2" changeset="110398462" timestamp="2021-08-29T03:17:43Z" user="S-zation" uid="5500750" lat="39.6630830" lon="-75.7555496"/>
 <node id="6067127944" visible="true" version="2" changeset="110398462" timestamp="2021-08-29T03:17:43Z" user="S-zation" uid="5500750" lat="39.6632651" lon="-75.7555725"/>
 <node id="6067127945" visible="true" version="2" changeset="110398462" timestamp="2021-08-29T03:17:43Z" user="S-zation" uid="5500750" lat="39.6632622" lon="-75.7556107"/>
 <node id="6067127946" visible="true" version="2" changeset="110398462" timestamp="2021-08-29T03:17:43Z" user="S-zation" uid="5500750" lat="39.6633415" lon="-75.7556183"/>
 <node id="6067127947" visible="true" version="2" changeset="110398462" timestamp="2021-08-29T03:17:43Z" user="S-zation" uid="5500750" lat="39.6633444" lon="-75.7555801"/>
 <node id="6067127948" visible="true" version="2" changeset="110398462" timestamp="2021-08-29T03:17:43Z" user="S-zation" uid="5500750" lat="39.6638879" lon="-75.7556412"/>
 <node id="6067127950" visible="true" version="2" changeset="110398462" timestamp="2021-08-29T03:17:43Z" user="S-zation" uid="5500750" lat="39.6639437" lon="-75.7556488"/>
 <node id="6067127951" visible="true" version="2" changeset="110398462" timestamp="2021-08-29T03:17:43Z" user="S-zation" uid="5500750" lat="39.6639378" lon="-75.7557595"/>
 <node id="6067127952" visible="true" version="2" changeset="110398462" timestamp="2021-08-29T03:17:43Z" user="S-zation" uid="5500750" lat="39.6638761" lon="-75.7557519"/>
 <node id="6067127953" visible="true" version="2" changeset="110398462" timestamp="2021-08-29T03:17:43Z" user="S-zation" uid="5500750" lat="39.6638761" lon="-75.7557862"/>
 <node id="6067127954" visible="true" version="2" changeset="110398462" timestamp="2021-08-29T03:17:43Z" user="S-zation" uid="5500750" lat="39.6638849" lon="-75.7557900"/>
 <node id="6067127955" visible="true" version="2" changeset="110398462" timestamp="2021-08-29T03:17:43Z" user="S-zation" uid="5500750" lat="39.6639349" lon="-75.7557938"/>
 <node id="6067127956" visible="true" version="2" changeset="110398462" timestamp="2021-08-29T03:17:43Z" user="S-zation" uid="5500750" lat="39.6639260" lon="-75.7559045"/>
 <node id="6067127957" visible="true" version="2" changeset="110398462" timestamp="2021-08-29T03:17:43Z" user="S-zation" uid="5500750" lat="39.6639231" lon="-75.7559045"/>
 <node id="6067127958" visible="true" version="2" changeset="110398462" timestamp="2021-08-29T03:17:43Z" user="S-zation" uid="5500750" lat="39.6639231" lon="-75.7559007"/>
 <node id="6067127959" visible="true" version="2" changeset="110398462" timestamp="2021-08-29T03:17:43Z" user="S-zation" uid="5500750" lat="39.6638879" lon="-75.7558969"/>
 <node id="6067127960" visible="true" version="2" changeset="110398462" timestamp="2021-08-29T03:17:43Z" user="S-zation" uid="5500750" lat="39.6638879" lon="-75.7559007"/>
 <node id="6067127961" visible="true" version="2" changeset="110398462" timestamp="2021-08-29T03:17:43Z" user="S-zation" uid="5500750" lat="39.6638849" lon="-75.7559007"/>
 <node id="6067127962" visible="true" version="2" changeset="110398462" timestamp="2021-08-29T03:17:43Z" user="S-zation" uid="5500750" lat="39.6638849" lon="-75.7558892"/>
 <node id="6067127963" visible="true" version="2" changeset="110398462" timestamp="2021-08-29T03:17:43Z" user="S-zation" uid="5500750" lat="39.6638702" lon="-75.7558854"/>
 <node id="6067127964" visible="true" version="2" changeset="110398462" timestamp="2021-08-29T03:17:43Z" user="S-zation" uid="5500750" lat="39.6638644" lon="-75.7560075"/>
 <node id="6067127965" visible="true" version="2" changeset="110398462" timestamp="2021-08-29T03:17:43Z" user="S-zation" uid="5500750" lat="39.6638614" lon="-75.7560075"/>
 <node id="6067127966" visible="true" version="2" changeset="110398462" timestamp="2021-08-29T03:17:43Z" user="S-zation" uid="5500750" lat="39.6638585" lon="-75.7560609"/>
 <node id="6067127967" visible="true" version="2" changeset="110398462" timestamp="2021-08-29T03:17:43Z" user="S-zation" uid="5500750" lat="39.6628150" lon="-75.7557143"/>
 <node id="6067127968" visible="true" version="2" changeset="110398462" timestamp="2021-08-29T03:17:43Z" user="S-zation" uid="5500750" lat="39.6627680" lon="-75.7563935"/>
 <node id="6067127969" visible="true" version="2" changeset="110398462" timestamp="2021-08-29T03:17:43Z" user="S-zation" uid="5500750" lat="39.6627504" lon="-75.7563897"/>
 <node id="6067127970" visible="true" version="2" changeset="110398462" timestamp="2021-08-29T03:17:43Z" user="S-zation" uid="5500750" lat="39.6627445" lon="-75.7564584"/>
 <node id="6067127971" visible="true" version="2" changeset="110398462" timestamp="2021-08-29T03:17:43Z" user="S-zation" uid="5500750" lat="39.6627651" lon="-75.7564622"/>
 <node id="6067127972" visible="true" version="2" changeset="110398462" timestamp="2021-08-29T03:17:43Z" user="S-zation" uid="5500750" lat="39.6627298" lon="-75.7569735"/>
 <node id="6067127973" visible="true" version="2" changeset="110398462" timestamp="2021-08-29T03:17:43Z" user="S-zation" uid="5500750" lat="39.6627122" lon="-75.7569697"/>
 <node id="6067127974" visible="true" version="2" changeset="110398462" timestamp="2021-08-29T03:17:43Z" user="S-zation" uid="5500750" lat="39.6627063" lon="-75.7570384"/>
 <node id="6067127975" visible="true" version="2" changeset="110398462" timestamp="2021-08-29T03:17:43Z" user="S-zation" uid="5500750" lat="39.6627416" lon="-75.7570422"/>
 <node id="6067127976" visible="true" version="2" changeset="110398462" timestamp="2021-08-29T03:17:43Z" user="S-zation" uid="5500750" lat="39.6627416" lon="-75.7574734"/>
 <node id="6067127977" visible="true" version="2" changeset="110398462" timestamp="2021-08-29T03:17:43Z" user="S-zation" uid="5500750" lat="39.6624096" lon="-75.7574734"/>
 <node id="6067127978" visible="true" version="2" changeset="110398462" timestamp="2021-08-29T03:17:43Z" user="S-zation" uid="5500750" lat="39.6624096" lon="-75.7575497"/>
 <node id="6067127979" visible="true" version="2" changeset="110398462" timestamp="2021-08-29T03:17:43Z" user="S-zation" uid="5500750" lat="39.6615108" lon="-75.7575497"/>
 <node id="6067127980" visible="true" version="2" changeset="110398462" timestamp="2021-08-29T03:17:43Z" user="S-zation" uid="5500750" lat="39.6615108" lon="-75.7571147"/>
 <node id="6067127981" visible="true" version="2" changeset="110398462" timestamp="2021-08-29T03:17:43Z" user="S-zation" uid="5500750" lat="39.6619044" lon="-75.7571147"/>
 <node id="6067127982" visible="true" version="2" changeset="110398462" timestamp="2021-08-29T03:17:43Z" user="S-zation" uid="5500750" lat="39.6619220" lon="-75.7571147"/>
 <node id="6067127983" visible="true" version="2" changeset="110398462" timestamp="2021-08-29T03:17:43Z" user="S-zation" uid="5500750" lat="39.6619631" lon="-75.7571147"/>
 <node id="6067127984" visible="true" version="2" changeset="110398462" timestamp="2021-08-29T03:17:43Z" user="S-zation" uid="5500750" lat="39.6624096" lon="-75.7571147"/>
 <node id="6067127985" visible="true" version="2" changeset="110398462" timestamp="2021-08-29T03:17:43Z" user="S-zation" uid="5500750" lat="39.6624096" lon="-75.7567827"/>
 <node id="6067127986" visible="true" version="2" changeset="110398462" timestamp="2021-08-29T03:17:43Z" user="S-zation" uid="5500750" lat="39.6624801" lon="-75.7557372"/>
 <node id="6067127987" visible="true" version="2" changeset="110398462" timestamp="2021-08-29T03:17:43Z" user="S-zation" uid="5500750" lat="39.6624625" lon="-75.7557181"/>
 <node id="6067127988" visible="true" version="2" changeset="110398462" timestamp="2021-08-29T03:17:43Z" user="S-zation" uid="5500750" lat="39.6624507" lon="-75.7557028"/>
 <node id="6067127989" visible="true" version="2" changeset="110398462" timestamp="2021-08-29T03:17:43Z" user="S-zation" uid="5500750" lat="39.6624331" lon="-75.7556799"/>
 <node id="6067127990" visible="true" version="2" changeset="110398462" timestamp="2021-08-29T03:17:43Z" user="S-zation" uid="5500750" lat="39.6623744" lon="-75.7557524"/>
 <node id="6067127991" visible="true" version="2" changeset="110398462" timestamp="2021-08-29T03:17:43Z" user="S-zation" uid="5500750" lat="39.6620072" lon="-75.7555769"/>
 <node id="6067127992" visible="true" version="2" changeset="110398462" timestamp="2021-08-29T03:17:43Z" user="S-zation" uid="5500750" lat="39.6619514" lon="-75.7555502"/>
 <node id="6067127993" visible="true" version="2" changeset="110398462" timestamp="2021-08-29T03:17:43Z" user="S-zation" uid="5500750" lat="39.6617046" lon="-75.7554357"/>
 <node id="6067127994" visible="true" version="2" changeset="110398462" timestamp="2021-08-29T03:17:43Z" user="S-zation" uid="5500750" lat="39.6618163" lon="-75.7550274"/>
 <node id="6067127995" visible="true" version="2" changeset="110398462" timestamp="2021-08-29T03:17:43Z" user="S-zation" uid="5500750" lat="39.6625212" lon="-75.7553594"/>
 <node id="6067127996" visible="true" version="2" changeset="110398462" timestamp="2021-08-29T03:17:43Z" user="S-zation" uid="5500750" lat="39.6624948" lon="-75.7554586"/>
 <node id="6067127997" visible="true" version="2" changeset="110398462" timestamp="2021-08-29T03:17:43Z" user="S-zation" uid="5500750" lat="39.6625036" lon="-75.7554663"/>
 <node id="6067127998" visible="true" version="2" changeset="110398462" timestamp="2021-08-29T03:17:43Z" user="S-zation" uid="5500750" lat="39.6626387" lon="-75.7555273"/>
 <node id="6067127999" visible="true" version="2" changeset="110398462" timestamp="2021-08-29T03:17:43Z" user="S-zation" uid="5500750" lat="39.6626799" lon="-75.7555464"/>
 <node id="6067128000" visible="true" version="2" changeset="110398462" timestamp="2021-08-29T03:17:43Z" user="S-zation" uid="5500750" lat="39.6628032" lon="-75.7556074"/>
 <node id="6067128001" visible="true" version="2" changeset="110398462" timestamp="2021-08-29T03:17:43Z" user="S-zation" uid="5500750" lat="39.6627974" lon="-75.7557105"/>
 <node id="6067128468" visible="true" version="2" changeset="65483193" timestamp="2018-12-14T19:23:59Z" user="EdSS" uid="1824494" lat="39.6637496" lon="-75.7550102"/>
 <node id="6067128471" visible="true" version="2" changeset="65483193" timestamp="2018-12-14T19:23:59Z" user="EdSS" uid="1824494" lat="39.6637513" lon="-75.7550072"/>
 <node id="6067128472" visible="true" version="2" changeset="65483193" timestamp="2018-12-14T19:23:59Z" user="EdSS" uid="1824494" lat="39.6637535" lon="-75.7550065"/>
 <node id="6067128474" visible="true" version="2" changeset="65483193" timestamp="2018-12-14T19:23:59Z" user="EdSS" uid="1824494" lat="39.6637564" lon="-75.7550064"/>
 <node id="6067128476" visible="true" version="2" changeset="65483193" timestamp="2018-12-14T19:23:59Z" user="EdSS" uid="1824494" lat="39.6637591" lon="-75.7550070"/>
 <node id="6067128477" visible="true" version="2" changeset="65483193" timestamp="2018-12-14T19:23:59Z" user="EdSS" uid="1824494" lat="39.6637617" lon="-75.7550087"/>
 <node id="6067128478" visible="true" version="2" changeset="65483193" timestamp="2018-12-14T19:23:59Z" user="EdSS" uid="1824494" lat="39.6637635" lon="-75.7550113"/>
 <node id="6067128481" visible="true" version="2" changeset="65483193" timestamp="2018-12-14T19:23:59Z" user="EdSS" uid="1824494" lat="39.6637646" lon="-75.7550147"/>
 <node id="6067128483" visible="true" version="2" changeset="65483155" timestamp="2018-12-14T19:22:33Z" user="EdSS" uid="1824494" lat="39.6637590" lon="-75.7551200"/>
 <node id="6067128485" visible="true" version="2" changeset="65483155" timestamp="2018-12-14T19:22:33Z" user="EdSS" uid="1824494" lat="39.6637577" lon="-75.7551243"/>
 <node id="6067128487" visible="true" version="2" changeset="65483155" timestamp="2018-12-14T19:22:33Z" user="EdSS" uid="1824494" lat="39.6637557" lon="-75.7551277"/>
 <node id="6067128488" visible="true" version="1" changeset="64579776" timestamp="2018-11-16T19:10:40Z" user="WmWright" uid="243946" lat="39.6637526" lon="-75.7551291"/>
 <node id="6067128490" visible="true" version="2" changeset="65483155" timestamp="2018-12-14T19:22:33Z" user="EdSS" uid="1824494" lat="39.6637465" lon="-75.7551289"/>
 <node id="6067128492" visible="true" version="2" changeset="65483155" timestamp="2018-12-14T19:22:33Z" user="EdSS" uid="1824494" lat="39.6637432" lon="-75.7551257"/>
 <node id="6067128493" visible="true" version="2" changeset="65483155" timestamp="2018-12-14T19:22:33Z" user="EdSS" uid="1824494" lat="39.6637416" lon="-75.7551222"/>
 <node id="6067128495" visible="true" version="2" changeset="65483155" timestamp="2018-12-14T19:22:33Z" user="EdSS" uid="1824494" lat="39.6637408" lon="-75.7551175"/>
 <node id="6067128496" visible="true" version="1" changeset="64579776" timestamp="2018-11-16T19:10:40Z" user="WmWright" uid="243946" lat="39.6638328" lon="-75.7551379"/>
 <node id="6067128497" visible="true" version="2" changeset="65483131" timestamp="2018-12-14T19:21:01Z" user="EdSS" uid="1824494" lat="39.6638281" lon="-75.7551342"/>
 <node id="6067128498" visible="true" version="2" changeset="65483131" timestamp="2018-12-14T19:21:01Z" user="EdSS" uid="1824494" lat="39.6638235" lon="-75.7551258"/>
 <node id="6067128500" visible="true" version="1" changeset="64579776" timestamp="2018-11-16T19:10:40Z" user="WmWright" uid="243946" lat="39.6638231" lon="-75.7551177"/>
 <node id="6067128501" visible="true" version="1" changeset="64579776" timestamp="2018-11-16T19:10:40Z" user="WmWright" uid="243946" lat="39.6638290" lon="-75.7550261"/>
 <node id="6067128502" visible="true" version="2" changeset="64877049" timestamp="2018-11-25T20:58:57Z" user="EdSS" uid="1824494" lat="39.6638290" lon="-75.7550195"/>
 <node id="6067128503" visible="true" version="2" changeset="64877049" timestamp="2018-11-25T20:58:57Z" user="EdSS" uid="1824494" lat="39.6638302" lon="-75.7550143"/>
 <node id="6067128505" visible="true" version="2" changeset="64877049" timestamp="2018-11-25T20:58:57Z" user="EdSS" uid="1824494" lat="39.6638330" lon="-75.7550097"/>
 <node id="6067128506" visible="true" version="2" changeset="64877049" timestamp="2018-11-25T20:58:57Z" user="EdSS" uid="1824494" lat="39.6638374" lon="-75.7550074"/>
 <node id="6067128508" visible="true" version="1" changeset="64579776" timestamp="2018-11-16T19:10:41Z" user="WmWright" uid="243946" lat="39.6638436" lon="-75.7550070"/>
 <node id="6067128509" visible="true" version="2" changeset="64877049" timestamp="2018-11-25T20:58:57Z" user="EdSS" uid="1824494" lat="39.6638724" lon="-75.7550105"/>
 <node id="6067128510" visible="true" version="1" changeset="64579776" timestamp="2018-11-16T19:10:41Z" user="WmWright" uid="243946" lat="39.6638773" lon="-75.7550122"/>
 <node id="6067128511" visible="true" version="2" changeset="64877049" timestamp="2018-11-25T20:58:57Z" user="EdSS" uid="1824494" lat="39.6638808" lon="-75.7550175"/>
 <node id="6067128513" visible="true" version="2" changeset="64877049" timestamp="2018-11-25T20:58:57Z" user="EdSS" uid="1824494" lat="39.6638834" lon="-75.7550231"/>
 <node id="6067128515" visible="true" version="2" changeset="64877049" timestamp="2018-11-25T20:58:57Z" user="EdSS" uid="1824494" lat="39.6638845" lon="-75.7550338"/>
 <node id="6067128516" visible="true" version="2" changeset="64877060" timestamp="2018-11-25T20:59:35Z" user="EdSS" uid="1824494" lat="39.6638785" lon="-75.7551264"/>
 <node id="6067128518" visible="true" version="2" changeset="64877060" timestamp="2018-11-25T20:59:35Z" user="EdSS" uid="1824494" lat="39.6638791" lon="-75.7551330"/>
 <node id="6067128520" visible="true" version="2" changeset="64877060" timestamp="2018-11-25T20:59:35Z" user="EdSS" uid="1824494" lat="39.6638779" lon="-75.7551385"/>
 <node id="6067128521" visible="true" version="1" changeset="64579776" timestamp="2018-11-16T19:10:41Z" user="WmWright" uid="243946" lat="39.6638752" lon="-75.7551420"/>
 <node id="6067128522" visible="true" version="2" changeset="64877060" timestamp="2018-11-25T20:59:35Z" user="EdSS" uid="1824494" lat="39.6638710" lon="-75.7551440"/>
 <node id="6067128523" visible="true" version="1" changeset="64579776" timestamp="2018-11-16T19:10:41Z" user="WmWright" uid="243946" lat="39.6638671" lon="-75.7551444"/>
 <node id="6067128525" visible="true" version="2" changeset="65483131" timestamp="2018-12-14T19:21:01Z" user="EdSS" uid="1824494" lat="39.6638381" lon="-75.7551402"/>
 <node id="6067128526" visible="true" version="3" changeset="158746559" timestamp="2024-11-04T15:51:07Z" user="hihelloitsme" uid="22140645" lat="39.6646884" lon="-75.7551771"/>
 <node id="6067128531" visible="true" version="3" changeset="158746559" timestamp="2024-11-04T15:51:07Z" user="hihelloitsme" uid="22140645" lat="39.6646899" lon="-75.7551383"/>
 <node id="6067128533" visible="true" version="4" changeset="158746559" timestamp="2024-11-04T15:51:07Z" user="hihelloitsme" uid="22140645" lat="39.6647122" lon="-75.7551413"/>
 <node id="6067128544" visible="true" version="4" changeset="158746559" timestamp="2024-11-04T15:51:07Z" user="hihelloitsme" uid="22140645" lat="39.6647350" lon="-75.7551437"/>
 <node id="6067128545" visible="true" version="3" changeset="158746559" timestamp="2024-11-04T15:51:07Z" user="hihelloitsme" uid="22140645" lat="39.6647412" lon="-75.7551526"/>
 <node id="6067128547" visible="true" version="4" changeset="158746559" timestamp="2024-11-04T15:51:07Z" user="hihelloitsme" uid="22140645" lat="39.6647426" lon="-75.7551663"/>
 <node id="6067128550" visible="true" version="2" changeset="158746559" timestamp="2024-11-04T15:51:07Z" user="hihelloitsme" uid="22140645" lat="39.6647414" lon="-75.7551791"/>
 <node id="6067128551" visible="true" version="3" changeset="158746559" timestamp="2024-11-04T15:51:07Z" user="hihelloitsme" uid="22140645" lat="39.6647144" lon="-75.7552475"/>
 <node id="6067128554" visible="true" version="3" changeset="158746559" timestamp="2024-11-04T15:51:07Z" user="hihelloitsme" uid="22140645" lat="39.6647115" lon="-75.7552559"/>
 <node id="6067128560" visible="true" version="4" changeset="158746559" timestamp="2024-11-04T15:51:07Z" user="hihelloitsme" uid="22140645" lat="39.6646969" lon="-75.7552544"/>
 <node id="6067128563" visible="true" version="3" changeset="158746559" timestamp="2024-11-04T15:51:07Z" user="hihelloitsme" uid="22140645" lat="39.6646834" lon="-75.7552520"/>
 <node id="6067128569" visible="true" version="3" changeset="158746559" timestamp="2024-11-04T15:51:07Z" user="hihelloitsme" uid="22140645" lat="39.6646852" lon="-75.7552238"/>
 <node id="6067128571" visible="true" version="2" changeset="158746559" timestamp="2024-11-04T15:51:07Z" user="hihelloitsme" uid="22140645" lat="39.6647882" lon="-75.7552726"/>
 <node id="6067128572" visible="true" version="2" changeset="158746559" timestamp="2024-11-04T15:51:07Z" user="hihelloitsme" uid="22140645" lat="39.6647854" lon="-75.7552678"/>
 <node id="6067128573" visible="true" version="2" changeset="158746559" timestamp="2024-11-04T15:51:07Z" user="hihelloitsme" uid="22140645" lat="39.6647854" lon="-75.7552616"/>
 <node id="6067128574" visible="true" version="2" changeset="158746559" timestamp="2024-11-04T15:51:07Z" user="hihelloitsme" uid="22140645" lat="39.6647895" lon="-75.7552554"/>
 <node id="6067128575" visible="true" version="2" changeset="158746559" timestamp="2024-11-04T15:51:07Z" user="hihelloitsme" uid="22140645" lat="39.6647895" lon="-75.7552516"/>
 <node id="6067128577" visible="true" version="3" changeset="158746559" timestamp="2024-11-04T15:51:07Z" user="hihelloitsme" uid="22140645" lat="39.6647906" lon="-75.7552471"/>
 <node id="6067128579" visible="true" version="4" changeset="158746559" timestamp="2024-11-04T15:51:07Z" user="hihelloitsme" uid="22140645" lat="39.6647933" lon="-75.7552447"/>
 <node id="6067128582" visible="true" version="2" changeset="158746559" timestamp="2024-11-04T15:51:07Z" user="hihelloitsme" uid="22140645" lat="39.6647983" lon="-75.7552440"/>
 <node id="6067128583" visible="true" version="2" changeset="158746559" timestamp="2024-11-04T15:51:07Z" user="hihelloitsme" uid="22140645" lat="39.6648365" lon="-75.7552630"/>
 <node id="6067128584" visible="true" version="2" changeset="158746559" timestamp="2024-11-04T15:51:07Z" user="hihelloitsme" uid="22140645" lat="39.6648453" lon="-75.7552325"/>
 <node id="6067128586" visible="true" version="3" changeset="158746559" timestamp="2024-11-04T15:51:07Z" user="hihelloitsme" uid="22140645" lat="39.6648823" lon="-75.7552511"/>
 <node id="6067128588" visible="true" version="3" changeset="158746559" timestamp="2024-11-04T15:51:07Z" user="hihelloitsme" uid="22140645" lat="39.6648861" lon="-75.7552560"/>
 <node id="6067128589" visible="true" version="3" changeset="158746559" timestamp="2024-11-04T15:51:07Z" user="hihelloitsme" uid="22140645" lat="39.6648866" lon="-75.7552586"/>
 <node id="6067128591" visible="true" version="2" changeset="158746559" timestamp="2024-11-04T15:51:07Z" user="hihelloitsme" uid="22140645" lat="39.6648864" lon="-75.7552630"/>
 <node id="6067128592" visible="true" version="2" changeset="158746559" timestamp="2024-11-04T15:51:07Z" user="hihelloitsme" uid="22140645" lat="39.6648835" lon="-75.7552707"/>
 <node id="6067128593" visible="true" version="2" changeset="158746559" timestamp="2024-11-04T15:51:07Z" user="hihelloitsme" uid="22140645" lat="39.6648835" lon="-75.7552745"/>
 <node id="6067128594" visible="true" version="2" changeset="158746559" timestamp="2024-11-04T15:51:07Z" user="hihelloitsme" uid="22140645" lat="39.6648808" lon="-75.7552773"/>
 <node id="6067128595" visible="true" version="2" changeset="158746559" timestamp="2024-11-04T15:51:07Z" user="hihelloitsme" uid="22140645" lat="39.6648776" lon="-75.7552797"/>
 <node id="6067128596" visible="true" version="2" changeset="158746559" timestamp="2024-11-04T15:51:07Z" user="hihelloitsme" uid="22140645" lat="39.6648744" lon="-75.7552815"/>
 <node id="6067128597" visible="true" version="2" changeset="158746559" timestamp="2024-11-04T15:51:07Z" user="hihelloitsme" uid="22140645" lat="39.6648717" lon="-75.7552821"/>
 <node id="6067128598" visible="true" version="2" changeset="158746559" timestamp="2024-11-04T15:51:07Z" user="hihelloitsme" uid="22140645" lat="39.6648688" lon="-75.7552821"/>
 <node id="6067128600" visible="true" version="2" changeset="158746559" timestamp="2024-11-04T15:51:07Z" user="hihelloitsme" uid="22140645" lat="39.6647924" lon="-75.7552745"/>
 <node id="6067128601" visible="true" version="2" changeset="158746559" timestamp="2024-11-04T15:51:07Z" user="hihelloitsme" uid="22140645" lat="39.6649652" lon="-75.7552957"/>
 <node id="6067128602" visible="true" version="2" changeset="158746559" timestamp="2024-11-04T15:51:07Z" user="hihelloitsme" uid="22140645" lat="39.6649622" lon="-75.7552907"/>
 <node id="6067128603" visible="true" version="2" changeset="158746559" timestamp="2024-11-04T15:51:07Z" user="hihelloitsme" uid="22140645" lat="39.6649620" lon="-75.7552843"/>
 <node id="6067128604" visible="true" version="2" changeset="158746559" timestamp="2024-11-04T15:51:07Z" user="hihelloitsme" uid="22140645" lat="39.6649648" lon="-75.7552764"/>
 <node id="6067128606" visible="true" version="3" changeset="158746559" timestamp="2024-11-04T15:51:07Z" user="hihelloitsme" uid="22140645" lat="39.6649650" lon="-75.7552715"/>
 <node id="6067128608" visible="true" version="3" changeset="158746559" timestamp="2024-11-04T15:51:07Z" user="hihelloitsme" uid="22140645" lat="39.6649675" lon="-75.7552693"/>
 <node id="6067128609" visible="true" version="3" changeset="158746559" timestamp="2024-11-04T15:51:07Z" user="hihelloitsme" uid="22140645" lat="39.6649699" lon="-75.7552687"/>
 <node id="6067128612" visible="true" version="3" changeset="158746559" timestamp="2024-11-04T15:51:07Z" user="hihelloitsme" uid="22140645" lat="39.6649741" lon="-75.7552688"/>
 <node id="6067128613" visible="true" version="2" changeset="158746559" timestamp="2024-11-04T15:51:07Z" user="hihelloitsme" uid="22140645" lat="39.6650118" lon="-75.7552878"/>
 <node id="6067128614" visible="true" version="2" changeset="158746559" timestamp="2024-11-04T15:51:07Z" user="hihelloitsme" uid="22140645" lat="39.6650206" lon="-75.7552573"/>
 <node id="6067128616" visible="true" version="3" changeset="158746559" timestamp="2024-11-04T15:51:07Z" user="hihelloitsme" uid="22140645" lat="39.6650539" lon="-75.7552754"/>
 <node id="6067128618" visible="true" version="3" changeset="158746559" timestamp="2024-11-04T15:51:07Z" user="hihelloitsme" uid="22140645" lat="39.6650579" lon="-75.7552803"/>
 <node id="6067128619" visible="true" version="3" changeset="158746559" timestamp="2024-11-04T15:51:07Z" user="hihelloitsme" uid="22140645" lat="39.6650590" lon="-75.7552853"/>
 <node id="6067128621" visible="true" version="3" changeset="158746559" timestamp="2024-11-04T15:51:07Z" user="hihelloitsme" uid="22140645" lat="39.6650586" lon="-75.7552903"/>
 <node id="6067128622" visible="true" version="3" changeset="158746559" timestamp="2024-11-04T15:51:07Z" user="hihelloitsme" uid="22140645" lat="39.6650571" lon="-75.7552955"/>
 <node id="6067128623" visible="true" version="3" changeset="158746559" timestamp="2024-11-04T15:51:07Z" user="hihelloitsme" uid="22140645" lat="39.6650517" lon="-75.7552992"/>
 <node id="6067128624" visible="true" version="3" changeset="158746559" timestamp="2024-11-04T15:51:07Z" user="hihelloitsme" uid="22140645" lat="39.6650472" lon="-75.7553011"/>
 <node id="6067128625" visible="true" version="3" changeset="158746559" timestamp="2024-11-04T15:51:07Z" user="hihelloitsme" uid="22140645" lat="39.6650424" lon="-75.7553040"/>
 <node id="6067128626" visible="true" version="3" changeset="158746559" timestamp="2024-11-04T15:51:07Z" user="hihelloitsme" uid="22140645" lat="39.6650389" lon="-75.7553053"/>
 <node id="6067128627" visible="true" version="2" changeset="158746559" timestamp="2024-11-04T15:51:07Z" user="hihelloitsme" uid="22140645" lat="39.6650353" lon="-75.7553069"/>
 <node id="6067128628" visible="true" version="3" changeset="158746559" timestamp="2024-11-04T15:51:07Z" user="hihelloitsme" uid="22140645" lat="39.6649840" lon="-75.7552943"/>
 <node id="6067128629" visible="true" version="2" changeset="158746559" timestamp="2024-11-04T15:51:07Z" user="hihelloitsme" uid="22140645" lat="39.6649707" lon="-75.7552993"/>
 <node id="6067128814" visible="true" version="1" changeset="64579776" timestamp="2018-11-16T19:10:45Z" user="WmWright" uid="243946" lat="39.6638288" lon="-75.7535658"/>
 <node id="6067128815" visible="true" version="1" changeset="64579776" timestamp="2018-11-16T19:10:45Z" user="WmWright" uid="243946" lat="39.6637889" lon="-75.7535308"/>
 <node id="6067128816" visible="true" version="1" changeset="64579776" timestamp="2018-11-16T19:10:45Z" user="WmWright" uid="243946" lat="39.6637551" lon="-75.7535080"/>
 <node id="6067128817" visible="true" version="1" changeset="64579776" timestamp="2018-11-16T19:10:45Z" user="WmWright" uid="243946" lat="39.6637408" lon="-75.7534998"/>
 <node id="6067128818" visible="true" version="1" changeset="64579776" timestamp="2018-11-16T19:10:45Z" user="WmWright" uid="243946" lat="39.6637350" lon="-75.7534960"/>
 <node id="6067128819" visible="true" version="1" changeset="64579776" timestamp="2018-11-16T19:10:45Z" user="WmWright" uid="243946" lat="39.6633472" lon="-75.7532937"/>
 <node id="6067128820" visible="true" version="1" changeset="64579776" timestamp="2018-11-16T19:10:45Z" user="WmWright" uid="243946" lat="39.6633355" lon="-75.7532861"/>
 <node id="6067128821" visible="true" version="1" changeset="64579776" timestamp="2018-11-16T19:10:45Z" user="WmWright" uid="243946" lat="39.6633178" lon="-75.7532785"/>
 <node id="6067128822" visible="true" version="1" changeset="64579776" timestamp="2018-11-16T19:10:45Z" user="WmWright" uid="243946" lat="39.6633002" lon="-75.7532708"/>
 <node id="6067128823" visible="true" version="1" changeset="64579776" timestamp="2018-11-16T19:10:45Z" user="WmWright" uid="243946" lat="39.6632827" lon="-75.7532654"/>
 <node id="6067128824" visible="true" version="1" changeset="64579776" timestamp="2018-11-16T19:10:45Z" user="WmWright" uid="243946" lat="39.6632715" lon="-75.7532607"/>
 <node id="6067128825" visible="true" version="1" changeset="64579776" timestamp="2018-11-16T19:10:45Z" user="WmWright" uid="243946" lat="39.6632596" lon="-75.7532562"/>
 <node id="6067128826" visible="true" version="1" changeset="64579776" timestamp="2018-11-16T19:10:45Z" user="WmWright" uid="243946" lat="39.6632475" lon="-75.7532503"/>
 <node id="6067128827" visible="true" version="1" changeset="64579776" timestamp="2018-11-16T19:10:45Z" user="WmWright" uid="243946" lat="39.6632388" lon="-75.7532428"/>
 <node id="6067128828" visible="true" version="1" changeset="64579776" timestamp="2018-11-16T19:10:45Z" user="WmWright" uid="243946" lat="39.6632297" lon="-75.7532327"/>
 <node id="6067128829" visible="true" version="1" changeset="64579776" timestamp="2018-11-16T19:10:45Z" user="WmWright" uid="243946" lat="39.6632209" lon="-75.7532212"/>
 <node id="6067128830" visible="true" version="1" changeset="64579776" timestamp="2018-11-16T19:10:45Z" user="WmWright" uid="243946" lat="39.6632150" lon="-75.7532098"/>
 <node id="6067128831" visible="true" version="1" changeset="64579776" timestamp="2018-11-16T19:10:45Z" user="WmWright" uid="243946" lat="39.6632092" lon="-75.7531945"/>
 <node id="6067128832" visible="true" version="1" changeset="64579776" timestamp="2018-11-16T19:10:45Z" user="WmWright" uid="243946" lat="39.6632033" lon="-75.7531793"/>
 <node id="6067128833" visible="true" version="1" changeset="64579776" timestamp="2018-11-16T19:10:45Z" user="WmWright" uid="243946" lat="39.6632004" lon="-75.7531640"/>
 <node id="6067128834" visible="true" version="1" changeset="64579776" timestamp="2018-11-16T19:10:45Z" user="WmWright" uid="243946" lat="39.6631974" lon="-75.7531487"/>
 <node id="6067128835" visible="true" version="1" changeset="64579776" timestamp="2018-11-16T19:10:45Z" user="WmWright" uid="243946" lat="39.6631739" lon="-75.7531449"/>
 <node id="6067128836" visible="true" version="1" changeset="64579776" timestamp="2018-11-16T19:10:45Z" user="WmWright" uid="243946" lat="39.6631739" lon="-75.7531297"/>
 <node id="6067128837" visible="true" version="1" changeset="64579776" timestamp="2018-11-16T19:10:45Z" user="WmWright" uid="243946" lat="39.6631534" lon="-75.7534273"/>
 <node id="6067128838" visible="true" version="1" changeset="64579776" timestamp="2018-11-16T19:10:45Z" user="WmWright" uid="243946" lat="39.6631504" lon="-75.7534540"/>
 <node id="6067128839" visible="true" version="1" changeset="64579776" timestamp="2018-11-16T19:10:45Z" user="WmWright" uid="243946" lat="39.6631592" lon="-75.7534197"/>
 <node id="6067128840" visible="true" version="1" changeset="64579776" timestamp="2018-11-16T19:10:45Z" user="WmWright" uid="243946" lat="39.6631675" lon="-75.7533939"/>
 <node id="6067128841" visible="true" version="1" changeset="64579776" timestamp="2018-11-16T19:10:45Z" user="WmWright" uid="243946" lat="39.6631791" lon="-75.7533739"/>
 <node id="6067128842" visible="true" version="1" changeset="64579776" timestamp="2018-11-16T19:10:45Z" user="WmWright" uid="243946" lat="39.6631939" lon="-75.7533596"/>
 <node id="6067128843" visible="true" version="1" changeset="64579776" timestamp="2018-11-16T19:10:45Z" user="WmWright" uid="243946" lat="39.6632028" lon="-75.7533535"/>
 <node id="6067128844" visible="true" version="1" changeset="64579776" timestamp="2018-11-16T19:10:45Z" user="WmWright" uid="243946" lat="39.6632086" lon="-75.7533515"/>
 <node id="6067128845" visible="true" version="1" changeset="64579776" timestamp="2018-11-16T19:10:45Z" user="WmWright" uid="243946" lat="39.6632180" lon="-75.7533510"/>
 <node id="6067128846" visible="true" version="1" changeset="64579776" timestamp="2018-11-16T19:10:45Z" user="WmWright" uid="243946" lat="39.6632209" lon="-75.7533510"/>
 <node id="6067128847" visible="true" version="1" changeset="64579776" timestamp="2018-11-16T19:10:45Z" user="WmWright" uid="243946" lat="39.6632319" lon="-75.7533516"/>
 <node id="6067128848" visible="true" version="1" changeset="64579776" timestamp="2018-11-16T19:10:45Z" user="WmWright" uid="243946" lat="39.6632429" lon="-75.7533534"/>
 <node id="6067128849" visible="true" version="1" changeset="64579776" timestamp="2018-11-16T19:10:45Z" user="WmWright" uid="243946" lat="39.6632540" lon="-75.7533558"/>
 <node id="6067128850" visible="true" version="1" changeset="64579776" timestamp="2018-11-16T19:10:46Z" user="WmWright" uid="243946" lat="39.6632650" lon="-75.7533586"/>
 <node id="6067128851" visible="true" version="1" changeset="64579776" timestamp="2018-11-16T19:10:46Z" user="WmWright" uid="243946" lat="39.6632738" lon="-75.7533624"/>
 <node id="6067128852" visible="true" version="1" changeset="64579776" timestamp="2018-11-16T19:10:46Z" user="WmWright" uid="243946" lat="39.6632826" lon="-75.7533662"/>
 <node id="6067128853" visible="true" version="1" changeset="64579776" timestamp="2018-11-16T19:10:46Z" user="WmWright" uid="243946" lat="39.6632865" lon="-75.7533692"/>
 <node id="6067128854" visible="true" version="1" changeset="64579776" timestamp="2018-11-16T19:10:46Z" user="WmWright" uid="243946" lat="39.6632892" lon="-75.7533724"/>
 <node id="6067128855" visible="true" version="1" changeset="64579776" timestamp="2018-11-16T19:10:46Z" user="WmWright" uid="243946" lat="39.6632909" lon="-75.7533764"/>
 <node id="6067128856" visible="true" version="1" changeset="64579776" timestamp="2018-11-16T19:10:46Z" user="WmWright" uid="243946" lat="39.6632914" lon="-75.7533815"/>
 <node id="6067128857" visible="true" version="1" changeset="64579776" timestamp="2018-11-16T19:10:46Z" user="WmWright" uid="243946" lat="39.6632914" lon="-75.7533853"/>
 <node id="6067128858" visible="true" version="1" changeset="64579776" timestamp="2018-11-16T19:10:46Z" user="WmWright" uid="243946" lat="39.6632914" lon="-75.7533891"/>
 <node id="6067128860" visible="true" version="1" changeset="64579776" timestamp="2018-11-16T19:10:46Z" user="WmWright" uid="243946" lat="39.6632973" lon="-75.7533930"/>
 <node id="6067128862" visible="true" version="1" changeset="64579776" timestamp="2018-11-16T19:10:46Z" user="WmWright" uid="243946" lat="39.6633000" lon="-75.7533880"/>
 <node id="6067128863" visible="true" version="1" changeset="64579776" timestamp="2018-11-16T19:10:46Z" user="WmWright" uid="243946" lat="39.6633035" lon="-75.7533848"/>
 <node id="6067128864" visible="true" version="1" changeset="64579776" timestamp="2018-11-16T19:10:46Z" user="WmWright" uid="243946" lat="39.6633076" lon="-75.7533838"/>
 <node id="6067128865" visible="true" version="1" changeset="64579776" timestamp="2018-11-16T19:10:46Z" user="WmWright" uid="243946" lat="39.6633120" lon="-75.7533853"/>
 <node id="6067128866" visible="true" version="1" changeset="64579776" timestamp="2018-11-16T19:10:46Z" user="WmWright" uid="243946" lat="39.6633531" lon="-75.7534044"/>
 <node id="6067128867" visible="true" version="1" changeset="64579776" timestamp="2018-11-16T19:10:46Z" user="WmWright" uid="243946" lat="39.6634588" lon="-75.7534616"/>
 <node id="6067128868" visible="true" version="1" changeset="64579776" timestamp="2018-11-16T19:10:46Z" user="WmWright" uid="243946" lat="39.6634618" lon="-75.7534616"/>
 <node id="6067128869" visible="true" version="1" changeset="64579776" timestamp="2018-11-16T19:10:46Z" user="WmWright" uid="243946" lat="39.6634677" lon="-75.7534664"/>
 <node id="6067128870" visible="true" version="1" changeset="64579776" timestamp="2018-11-16T19:10:46Z" user="WmWright" uid="243946" lat="39.6634721" lon="-75.7534740"/>
 <node id="6067128871" visible="true" version="1" changeset="64579776" timestamp="2018-11-16T19:10:46Z" user="WmWright" uid="243946" lat="39.6634742" lon="-75.7534831"/>
 <node id="6067128872" visible="true" version="1" changeset="64579776" timestamp="2018-11-16T19:10:46Z" user="WmWright" uid="243946" lat="39.6634735" lon="-75.7534922"/>
 <node id="6067128873" visible="true" version="1" changeset="64579776" timestamp="2018-11-16T19:10:46Z" user="WmWright" uid="243946" lat="39.6634735" lon="-75.7534960"/>
 <node id="6067128874" visible="true" version="1" changeset="64579776" timestamp="2018-11-16T19:10:46Z" user="WmWright" uid="243946" lat="39.6634588" lon="-75.7535456"/>
 <node id="6067128876" visible="true" version="1" changeset="64579776" timestamp="2018-11-16T19:10:46Z" user="WmWright" uid="243946" lat="39.6634566" lon="-75.7535478"/>
 <node id="6067128877" visible="true" version="1" changeset="64579776" timestamp="2018-11-16T19:10:46Z" user="WmWright" uid="243946" lat="39.6634544" lon="-75.7535489"/>
 <node id="6067128878" visible="true" version="1" changeset="64579776" timestamp="2018-11-16T19:10:46Z" user="WmWright" uid="243946" lat="39.6634522" lon="-75.7535493"/>
 <node id="6067128879" visible="true" version="1" changeset="64579776" timestamp="2018-11-16T19:10:46Z" user="WmWright" uid="243946" lat="39.6634500" lon="-75.7535494"/>
 <node id="6067128881" visible="true" version="1" changeset="64579776" timestamp="2018-11-16T19:10:46Z" user="WmWright" uid="243946" lat="39.6634442" lon="-75.7535456"/>
 <node id="6067128883" visible="true" version="1" changeset="64579776" timestamp="2018-11-16T19:10:46Z" user="WmWright" uid="243946" lat="39.6634425" lon="-75.7535427"/>
 <node id="6067128884" visible="true" version="1" changeset="64579776" timestamp="2018-11-16T19:10:46Z" user="WmWright" uid="243946" lat="39.6634416" lon="-75.7535399"/>
 <node id="6067128885" visible="true" version="1" changeset="64579776" timestamp="2018-11-16T19:10:46Z" user="WmWright" uid="243946" lat="39.6634413" lon="-75.7535370"/>
 <node id="6067128886" visible="true" version="1" changeset="64579776" timestamp="2018-11-16T19:10:46Z" user="WmWright" uid="243946" lat="39.6634412" lon="-75.7535341"/>
 <node id="6067128888" visible="true" version="1" changeset="64579776" timestamp="2018-11-16T19:10:46Z" user="WmWright" uid="243946" lat="39.6634559" lon="-75.7534845"/>
 <node id="6067128889" visible="true" version="1" changeset="64579776" timestamp="2018-11-16T19:10:46Z" user="WmWright" uid="243946" lat="39.6634148" lon="-75.7534616"/>
 <node id="6067128890" visible="true" version="1" changeset="64579776" timestamp="2018-11-16T19:10:46Z" user="WmWright" uid="243946" lat="39.6633529" lon="-75.7534505"/>
 <node id="6067128891" visible="true" version="1" changeset="64579776" timestamp="2018-11-16T19:10:46Z" user="WmWright" uid="243946" lat="39.6632950" lon="-75.7534721"/>
 <node id="6067128892" visible="true" version="1" changeset="64579776" timestamp="2018-11-16T19:10:46Z" user="WmWright" uid="243946" lat="39.6632545" lon="-75.7535298"/>
 <node id="6067128893" visible="true" version="1" changeset="64579776" timestamp="2018-11-16T19:10:46Z" user="WmWright" uid="243946" lat="39.6632356" lon="-75.7536066"/>
 <node id="6067128894" visible="true" version="1" changeset="64579776" timestamp="2018-11-16T19:10:46Z" user="WmWright" uid="243946" lat="39.6632150" lon="-75.7539844"/>
 <node id="6067128895" visible="true" version="1" changeset="64579776" timestamp="2018-11-16T19:10:46Z" user="WmWright" uid="243946" lat="39.6632562" lon="-75.7539882"/>
 <node id="6067128898" visible="true" version="2" changeset="64793180" timestamp="2018-11-22T20:12:20Z" user="EdSS" uid="1824494" lat="39.6632593" lon="-75.7539900"/>
 <node id="6067128899" visible="true" version="2" changeset="64793180" timestamp="2018-11-22T20:12:20Z" user="EdSS" uid="1824494" lat="39.6632611" lon="-75.7539920"/>
 <node id="6067128901" visible="true" version="2" changeset="64793180" timestamp="2018-11-22T20:12:20Z" user="EdSS" uid="1824494" lat="39.6632619" lon="-75.7539953"/>
 <node id="6067128903" visible="true" version="2" changeset="64793252" timestamp="2018-11-22T20:15:52Z" user="EdSS" uid="1824494" lat="39.6632591" lon="-75.7540511"/>
 <node id="6067128905" visible="true" version="2" changeset="64793252" timestamp="2018-11-22T20:15:52Z" user="EdSS" uid="1824494" lat="39.6632584" lon="-75.7540569"/>
 <node id="6067128906" visible="true" version="2" changeset="64793252" timestamp="2018-11-22T20:15:52Z" user="EdSS" uid="1824494" lat="39.6632566" lon="-75.7540594"/>
 <node id="6067128908" visible="true" version="2" changeset="64793252" timestamp="2018-11-22T20:15:52Z" user="EdSS" uid="1824494" lat="39.6632523" lon="-75.7540602"/>
 <node id="6067128909" visible="true" version="1" changeset="64579776" timestamp="2018-11-16T19:10:46Z" user="WmWright" uid="243946" lat="39.6632121" lon="-75.7540569"/>
 <node id="6067128910" visible="true" version="1" changeset="64579776" timestamp="2018-11-16T19:10:46Z" user="WmWright" uid="243946" lat="39.6631827" lon="-75.7545911"/>
 <node id="6067128911" visible="true" version="1" changeset="64579776" timestamp="2018-11-16T19:10:46Z" user="WmWright" uid="243946" lat="39.6632238" lon="-75.7545949"/>
 <node id="6067128913" visible="true" version="1" changeset="64579776" timestamp="2018-11-16T19:10:46Z" user="WmWright" uid="243946" lat="39.6632260" lon="-75.7545956"/>
 <node id="6067128914" visible="true" version="1" changeset="64579776" timestamp="2018-11-16T19:10:46Z" user="WmWright" uid="243946" lat="39.6632279" lon="-75.7545973"/>
 <node id="6067128915" visible="true" version="1" changeset="64579776" timestamp="2018-11-16T19:10:46Z" user="WmWright" uid="243946" lat="39.6632292" lon="-75.7545998"/>
 <node id="6067128916" visible="true" version="1" changeset="64579776" timestamp="2018-11-16T19:10:46Z" user="WmWright" uid="243946" lat="39.6632297" lon="-75.7546026"/>
 <node id="6067128918" visible="true" version="1" changeset="64579776" timestamp="2018-11-16T19:10:47Z" user="WmWright" uid="243946" lat="39.6632297" lon="-75.7546293"/>
 <node id="6067128919" visible="true" version="1" changeset="64579776" timestamp="2018-11-16T19:10:47Z" user="WmWright" uid="243946" lat="39.6632297" lon="-75.7546331"/>
 <node id="6067128920" visible="true" version="1" changeset="64579776" timestamp="2018-11-16T19:10:47Z" user="WmWright" uid="243946" lat="39.6632287" lon="-75.7546387"/>
 <node id="6067128921" visible="true" version="1" changeset="64579776" timestamp="2018-11-16T19:10:47Z" user="WmWright" uid="243946" lat="39.6632261" lon="-75.7546436"/>
 <node id="6067128922" visible="true" version="1" changeset="64579776" timestamp="2018-11-16T19:10:47Z" user="WmWright" uid="243946" lat="39.6632223" lon="-75.7546470"/>
 <node id="6067128923" visible="true" version="1" changeset="64579776" timestamp="2018-11-16T19:10:47Z" user="WmWright" uid="243946" lat="39.6632180" lon="-75.7546484"/>
 <node id="6067128924" visible="true" version="1" changeset="64579776" timestamp="2018-11-16T19:10:47Z" user="WmWright" uid="243946" lat="39.6632150" lon="-75.7546484"/>
 <node id="6067128925" visible="true" version="1" changeset="64579776" timestamp="2018-11-16T19:10:47Z" user="WmWright" uid="243946" lat="39.6631445" lon="-75.7546407"/>
 <node id="6067128926" visible="true" version="1" changeset="64579776" timestamp="2018-11-16T19:10:47Z" user="WmWright" uid="243946" lat="39.6631416" lon="-75.7546407"/>
 <node id="6067128927" visible="true" version="1" changeset="64579776" timestamp="2018-11-16T19:10:47Z" user="WmWright" uid="243946" lat="39.6631193" lon="-75.7546296"/>
 <node id="6067128928" visible="true" version="1" changeset="64579776" timestamp="2018-11-16T19:10:47Z" user="WmWright" uid="243946" lat="39.6631016" lon="-75.7546092"/>
 <node id="6067128929" visible="true" version="1" changeset="64579776" timestamp="2018-11-16T19:10:47Z" user="WmWright" uid="243946" lat="39.6630900" lon="-75.7545817"/>
 <node id="6067128930" visible="true" version="1" changeset="64579776" timestamp="2018-11-16T19:10:47Z" user="WmWright" uid="243946" lat="39.6630858" lon="-75.7545491"/>
 <node id="6067128931" visible="true" version="1" changeset="64579776" timestamp="2018-11-16T19:10:47Z" user="WmWright" uid="243946" lat="39.6630858" lon="-75.7545186"/>
 <node id="6067128932" visible="true" version="1" changeset="64579776" timestamp="2018-11-16T19:10:47Z" user="WmWright" uid="243946" lat="39.6630652" lon="-75.7548086"/>
 <node id="6067128933" visible="true" version="1" changeset="64579776" timestamp="2018-11-16T19:10:47Z" user="WmWright" uid="243946" lat="39.6630682" lon="-75.7547934"/>
 <node id="6067128934" visible="true" version="1" changeset="64579776" timestamp="2018-11-16T19:10:47Z" user="WmWright" uid="243946" lat="39.6630767" lon="-75.7547643"/>
 <node id="6067128935" visible="true" version="1" changeset="64579776" timestamp="2018-11-16T19:10:47Z" user="WmWright" uid="243946" lat="39.6630924" lon="-75.7547414"/>
 <node id="6067128936" visible="true" version="1" changeset="64579776" timestamp="2018-11-16T19:10:47Z" user="WmWright" uid="243946" lat="39.6631136" lon="-75.7547263"/>
 <node id="6067128937" visible="true" version="1" changeset="64579776" timestamp="2018-11-16T19:10:47Z" user="WmWright" uid="243946" lat="39.6631387" lon="-75.7547209"/>
 <node id="6067128938" visible="true" version="1" changeset="64579776" timestamp="2018-11-16T19:10:47Z" user="WmWright" uid="243946" lat="39.6631416" lon="-75.7547209"/>
 <node id="6067128939" visible="true" version="1" changeset="64579776" timestamp="2018-11-16T19:10:47Z" user="WmWright" uid="243946" lat="39.6632150" lon="-75.7547285"/>
 <node id="6067128940" visible="true" version="1" changeset="64579776" timestamp="2018-11-16T19:10:47Z" user="WmWright" uid="243946" lat="39.6632180" lon="-75.7547285"/>
 <node id="6067128941" visible="true" version="1" changeset="64579776" timestamp="2018-11-16T19:10:47Z" user="WmWright" uid="243946" lat="39.6632235" lon="-75.7547298"/>
 <node id="6067128942" visible="true" version="1" changeset="64579776" timestamp="2018-11-16T19:10:47Z" user="WmWright" uid="243946" lat="39.6632272" lon="-75.7547333"/>
 <node id="6067128943" visible="true" version="1" changeset="64579776" timestamp="2018-11-16T19:10:47Z" user="WmWright" uid="243946" lat="39.6632291" lon="-75.7547381"/>
 <node id="6067128944" visible="true" version="1" changeset="64579776" timestamp="2018-11-16T19:10:47Z" user="WmWright" uid="243946" lat="39.6632297" lon="-75.7547437"/>
 <node id="6067128945" visible="true" version="1" changeset="64579776" timestamp="2018-11-16T19:10:47Z" user="WmWright" uid="243946" lat="39.6632297" lon="-75.7547476"/>
 <node id="6067128946" visible="true" version="1" changeset="64579776" timestamp="2018-11-16T19:10:47Z" user="WmWright" uid="243946" lat="39.6632297" lon="-75.7547552"/>
 <node id="6067128947" visible="true" version="1" changeset="64579776" timestamp="2018-11-16T19:10:47Z" user="WmWright" uid="243946" lat="39.6632297" lon="-75.7547590"/>
 <node id="6067128948" visible="true" version="1" changeset="64579776" timestamp="2018-11-16T19:10:47Z" user="WmWright" uid="243946" lat="39.6632287" lon="-75.7547646"/>
 <node id="6067128949" visible="true" version="1" changeset="64579776" timestamp="2018-11-16T19:10:47Z" user="WmWright" uid="243946" lat="39.6632261" lon="-75.7547695"/>
 <node id="6067128950" visible="true" version="1" changeset="64579776" timestamp="2018-11-16T19:10:47Z" user="WmWright" uid="243946" lat="39.6632223" lon="-75.7547730"/>
 <node id="6067128951" visible="true" version="1" changeset="64579776" timestamp="2018-11-16T19:10:47Z" user="WmWright" uid="243946" lat="39.6632180" lon="-75.7547743"/>
 <node id="6067128952" visible="true" version="1" changeset="64579776" timestamp="2018-11-16T19:10:47Z" user="WmWright" uid="243946" lat="39.6632150" lon="-75.7547743"/>
 <node id="6067128953" visible="true" version="1" changeset="64579776" timestamp="2018-11-16T19:10:47Z" user="WmWright" uid="243946" lat="39.6631798" lon="-75.7547705"/>
 <node id="6067128954" visible="true" version="1" changeset="64579776" timestamp="2018-11-16T19:10:47Z" user="WmWright" uid="243946" lat="39.6631592" lon="-75.7551482"/>
 <node id="6067128955" visible="true" version="1" changeset="64579776" timestamp="2018-11-16T19:10:47Z" user="WmWright" uid="243946" lat="39.6632004" lon="-75.7551520"/>
 <node id="6067128956" visible="true" version="1" changeset="64579776" timestamp="2018-11-16T19:10:47Z" user="WmWright" uid="243946" lat="39.6632033" lon="-75.7551520"/>
 <node id="6067128957" visible="true" version="1" changeset="64579776" timestamp="2018-11-16T19:10:47Z" user="WmWright" uid="243946" lat="39.6632076" lon="-75.7551534"/>
 <node id="6067128958" visible="true" version="1" changeset="64579776" timestamp="2018-11-16T19:10:47Z" user="WmWright" uid="243946" lat="39.6632114" lon="-75.7551568"/>
 <node id="6067128959" visible="true" version="1" changeset="64579776" timestamp="2018-11-16T19:10:47Z" user="WmWright" uid="243946" lat="39.6632140" lon="-75.7551617"/>
 <node id="6067128960" visible="true" version="1" changeset="64579776" timestamp="2018-11-16T19:10:47Z" user="WmWright" uid="243946" lat="39.6632150" lon="-75.7551673"/>
 <node id="6067128961" visible="true" version="1" changeset="64579776" timestamp="2018-11-16T19:10:47Z" user="WmWright" uid="243946" lat="39.6632150" lon="-75.7551711"/>
 <node id="6067128962" visible="true" version="1" changeset="64579776" timestamp="2018-11-16T19:10:47Z" user="WmWright" uid="243946" lat="39.6632121" lon="-75.7552169"/>
 <node id="6067128963" visible="true" version="1" changeset="64579776" timestamp="2018-11-16T19:10:47Z" user="WmWright" uid="243946" lat="39.6637203" lon="-75.7552818"/>
 <node id="6067128964" visible="true" version="2" changeset="64793154" timestamp="2018-11-22T20:11:10Z" user="EdSS" uid="1824494" lat="39.6637232" lon="-75.7552335"/>
 <node id="6067128966" visible="true" version="1" changeset="64579776" timestamp="2018-11-16T19:10:47Z" user="WmWright" uid="243946" lat="39.6637242" lon="-75.7552266"/>
 <node id="6067128967" visible="true" version="1" changeset="64579776" timestamp="2018-11-16T19:10:47Z" user="WmWright" uid="243946" lat="39.6637269" lon="-75.7552217"/>
 <node id="6067128968" visible="true" version="1" changeset="64579776" timestamp="2018-11-16T19:10:47Z" user="WmWright" uid="243946" lat="39.6637306" lon="-75.7552182"/>
 <node id="6067128969" visible="true" version="1" changeset="64579776" timestamp="2018-11-16T19:10:47Z" user="WmWright" uid="243946" lat="39.6637350" lon="-75.7552169"/>
 <node id="6067128971" visible="true" version="1" changeset="64579776" timestamp="2018-11-16T19:10:47Z" user="WmWright" uid="243946" lat="39.6637447" lon="-75.7552169"/>
 <node id="6067128972" visible="true" version="2" changeset="64793154" timestamp="2018-11-22T20:11:10Z" user="EdSS" uid="1824494" lat="39.6637483" lon="-75.7552176"/>
 <node id="6067128974" visible="true" version="1" changeset="64579776" timestamp="2018-11-16T19:10:47Z" user="WmWright" uid="243946" lat="39.6637512" lon="-75.7552208"/>
 <node id="6067128976" visible="true" version="1" changeset="64579776" timestamp="2018-11-16T19:10:47Z" user="WmWright" uid="243946" lat="39.6637521" lon="-75.7552284"/>
 <node id="6067128977" visible="true" version="1" changeset="64579776" timestamp="2018-11-16T19:10:47Z" user="WmWright" uid="243946" lat="39.6637521" lon="-75.7552357"/>
 <node id="6067128978" visible="true" version="1" changeset="64579776" timestamp="2018-11-16T19:10:47Z" user="WmWright" uid="243946" lat="39.6637467" lon="-75.7553009"/>
 <node id="6067128980" visible="true" version="2" changeset="64793131" timestamp="2018-11-22T20:09:57Z" user="EdSS" uid="1824494" lat="39.6637463" lon="-75.7553067"/>
 <node id="6067128982" visible="true" version="2" changeset="64793131" timestamp="2018-11-22T20:09:57Z" user="EdSS" uid="1824494" lat="39.6637467" lon="-75.7553134"/>
 <node id="6067128983" visible="true" version="2" changeset="64793131" timestamp="2018-11-22T20:09:57Z" user="EdSS" uid="1824494" lat="39.6637456" lon="-75.7553188"/>
 <node id="6067128984" visible="true" version="1" changeset="64579776" timestamp="2018-11-16T19:10:48Z" user="WmWright" uid="243946" lat="39.6637438" lon="-75.7553238"/>
 <node id="6067129085" visible="true" version="1" changeset="64579776" timestamp="2018-11-16T19:10:48Z" user="WmWright" uid="243946" lat="39.6637408" lon="-75.7553276"/>
 <node id="6067129086" visible="true" version="1" changeset="64579776" timestamp="2018-11-16T19:10:48Z" user="WmWright" uid="243946" lat="39.6637342" lon="-75.7553360"/>
 <node id="6067129087" visible="true" version="1" changeset="64579776" timestamp="2018-11-16T19:10:48Z" user="WmWright" uid="243946" lat="39.6637272" lon="-75.7553433"/>
 <node id="6067129088" visible="true" version="1" changeset="64579776" timestamp="2018-11-16T19:10:48Z" user="WmWright" uid="243946" lat="39.6637198" lon="-75.7553485"/>
 <node id="6067129089" visible="true" version="1" changeset="64579776" timestamp="2018-11-16T19:10:48Z" user="WmWright" uid="243946" lat="39.6637115" lon="-75.7553505"/>
 <node id="6067129090" visible="true" version="1" changeset="64579776" timestamp="2018-11-16T19:10:48Z" user="WmWright" uid="243946" lat="39.6638466" lon="-75.7553657"/>
 <node id="6067129091" visible="true" version="1" changeset="64579776" timestamp="2018-11-16T19:10:48Z" user="WmWright" uid="243946" lat="39.6638329" lon="-75.7553583"/>
 <node id="6067129092" visible="true" version="1" changeset="64579776" timestamp="2018-11-16T19:10:48Z" user="WmWright" uid="243946" lat="39.6638227" lon="-75.7553433"/>
 <node id="6067129093" visible="true" version="1" changeset="64579776" timestamp="2018-11-16T19:10:48Z" user="WmWright" uid="243946" lat="39.6638164" lon="-75.7553233"/>
 <node id="6067129094" visible="true" version="1" changeset="64579776" timestamp="2018-11-16T19:10:48Z" user="WmWright" uid="243946" lat="39.6638143" lon="-75.7553009"/>
 <node id="6067129095" visible="true" version="1" changeset="64579776" timestamp="2018-11-16T19:10:48Z" user="WmWright" uid="243946" lat="39.6638143" lon="-75.7552970"/>
 <node id="6067129096" visible="true" version="1" changeset="64579776" timestamp="2018-11-16T19:10:48Z" user="WmWright" uid="243946" lat="39.6638201" lon="-75.7552360"/>
 <node id="6067129097" visible="true" version="2" changeset="64877079" timestamp="2018-11-25T21:00:40Z" user="EdSS" uid="1824494" lat="39.6638213" lon="-75.7552303"/>
 <node id="6067129098" visible="true" version="2" changeset="64877079" timestamp="2018-11-25T21:00:40Z" user="EdSS" uid="1824494" lat="39.6638231" lon="-75.7552239"/>
 <node id="6067129100" visible="true" version="1" changeset="64579776" timestamp="2018-11-16T19:10:48Z" user="WmWright" uid="243946" lat="39.6638276" lon="-75.7552182"/>
 <node id="6067129102" visible="true" version="1" changeset="64579776" timestamp="2018-11-16T19:10:48Z" user="WmWright" uid="243946" lat="39.6638348" lon="-75.7552169"/>
 <node id="6067129103" visible="true" version="1" changeset="64579776" timestamp="2018-11-16T19:10:48Z" user="WmWright" uid="243946" lat="39.6638436" lon="-75.7552169"/>
 <node id="6067129104" visible="true" version="1" changeset="64579776" timestamp="2018-11-16T19:10:48Z" user="WmWright" uid="243946" lat="39.6638613" lon="-75.7552169"/>
 <node id="6067129105" visible="true" version="1" changeset="64579776" timestamp="2018-11-16T19:10:48Z" user="WmWright" uid="243946" lat="39.6638656" lon="-75.7552182"/>
 <node id="6067129106" visible="true" version="1" changeset="64579776" timestamp="2018-11-16T19:10:48Z" user="WmWright" uid="243946" lat="39.6638693" lon="-75.7552217"/>
 <node id="6067129107" visible="true" version="1" changeset="64579776" timestamp="2018-11-16T19:10:48Z" user="WmWright" uid="243946" lat="39.6638720" lon="-75.7552266"/>
 <node id="6067129108" visible="true" version="1" changeset="64579776" timestamp="2018-11-16T19:10:48Z" user="WmWright" uid="243946" lat="39.6638730" lon="-75.7552322"/>
 <node id="6067129109" visible="true" version="1" changeset="64579776" timestamp="2018-11-16T19:10:48Z" user="WmWright" uid="243946" lat="39.6638730" lon="-75.7552360"/>
 <node id="6067129110" visible="true" version="1" changeset="64579776" timestamp="2018-11-16T19:10:48Z" user="WmWright" uid="243946" lat="39.6638701" lon="-75.7552818"/>
 <node id="6067129111" visible="true" version="1" changeset="64579776" timestamp="2018-11-16T19:10:48Z" user="WmWright" uid="243946" lat="39.6641109" lon="-75.7553123"/>
 <node id="6067129112" visible="true" version="1" changeset="64579776" timestamp="2018-11-16T19:10:48Z" user="WmWright" uid="243946" lat="39.6641344" lon="-75.7553161"/>
 <node id="6067129113" visible="true" version="1" changeset="64579776" timestamp="2018-11-16T19:10:48Z" user="WmWright" uid="243946" lat="39.6641374" lon="-75.7552703"/>
 <node id="6067129114" visible="true" version="1" changeset="64579776" timestamp="2018-11-16T19:10:48Z" user="WmWright" uid="243946" lat="39.6641374" lon="-75.7552665"/>
 <node id="6067129115" visible="true" version="1" changeset="64579776" timestamp="2018-11-16T19:10:48Z" user="WmWright" uid="243946" lat="39.6641384" lon="-75.7552609"/>
 <node id="6067129116" visible="true" version="1" changeset="64579776" timestamp="2018-11-16T19:10:48Z" user="WmWright" uid="243946" lat="39.6641411" lon="-75.7552560"/>
 <node id="6067129117" visible="true" version="1" changeset="64579776" timestamp="2018-11-16T19:10:48Z" user="WmWright" uid="243946" lat="39.6641448" lon="-75.7552526"/>
 <node id="6067129118" visible="true" version="1" changeset="64579776" timestamp="2018-11-16T19:10:48Z" user="WmWright" uid="243946" lat="39.6641491" lon="-75.7552513"/>
 <node id="6067129119" visible="true" version="1" changeset="64579776" timestamp="2018-11-16T19:10:48Z" user="WmWright" uid="243946" lat="39.6641521" lon="-75.7552513"/>
 <node id="6067129120" visible="true" version="1" changeset="64579776" timestamp="2018-11-16T19:10:48Z" user="WmWright" uid="243946" lat="39.6641550" lon="-75.7552513"/>
 <node id="6067129121" visible="true" version="1" changeset="64579776" timestamp="2018-11-16T19:10:48Z" user="WmWright" uid="243946" lat="39.6641606" lon="-75.7552526"/>
 <node id="6067129122" visible="true" version="1" changeset="64579776" timestamp="2018-11-16T19:10:48Z" user="WmWright" uid="243946" lat="39.6641642" lon="-75.7552560"/>
 <node id="6067129123" visible="true" version="1" changeset="64579776" timestamp="2018-11-16T19:10:48Z" user="WmWright" uid="243946" lat="39.6641662" lon="-75.7552609"/>
 <node id="6067129124" visible="true" version="1" changeset="64579776" timestamp="2018-11-16T19:10:48Z" user="WmWright" uid="243946" lat="39.6641668" lon="-75.7552665"/>
 <node id="6067129125" visible="true" version="1" changeset="64579776" timestamp="2018-11-16T19:10:48Z" user="WmWright" uid="243946" lat="39.6641668" lon="-75.7552703"/>
 <node id="6067129126" visible="true" version="1" changeset="64579776" timestamp="2018-11-16T19:10:48Z" user="WmWright" uid="243946" lat="39.6641638" lon="-75.7553161"/>
 <node id="6067129127" visible="true" version="1" changeset="64579776" timestamp="2018-11-16T19:10:48Z" user="WmWright" uid="243946" lat="39.6643548" lon="-75.7553390"/>
 <node id="6067129128" visible="true" version="1" changeset="64579776" timestamp="2018-11-16T19:10:48Z" user="WmWright" uid="243946" lat="39.6645956" lon="-75.7553695"/>
 <node id="6067129129" visible="true" version="1" changeset="64579776" timestamp="2018-11-16T19:10:48Z" user="WmWright" uid="243946" lat="39.6650333" lon="-75.7554268"/>
 <node id="6067129130" visible="true" version="1" changeset="64579776" timestamp="2018-11-16T19:10:48Z" user="WmWright" uid="243946" lat="39.6650362" lon="-75.7553772"/>
 <node id="6067129131" visible="true" version="1" changeset="64579776" timestamp="2018-11-16T19:10:48Z" user="WmWright" uid="243946" lat="39.6650368" lon="-75.7553716"/>
 <node id="6067129132" visible="true" version="1" changeset="64579776" timestamp="2018-11-16T19:10:48Z" user="WmWright" uid="243946" lat="39.6650384" lon="-75.7553667"/>
 <node id="6067129133" visible="true" version="1" changeset="64579776" timestamp="2018-11-16T19:10:48Z" user="WmWright" uid="243946" lat="39.6650412" lon="-75.7553632"/>
 <node id="6067129134" visible="true" version="1" changeset="64579776" timestamp="2018-11-16T19:10:48Z" user="WmWright" uid="243946" lat="39.6650450" lon="-75.7553619"/>
 <node id="6067129135" visible="true" version="1" changeset="64579776" timestamp="2018-11-16T19:10:48Z" user="WmWright" uid="243946" lat="39.6650480" lon="-75.7553619"/>
 <node id="6067129136" visible="true" version="1" changeset="64579776" timestamp="2018-11-16T19:10:48Z" user="WmWright" uid="243946" lat="39.6650509" lon="-75.7553619"/>
 <node id="6067129137" visible="true" version="1" changeset="64579776" timestamp="2018-11-16T19:10:48Z" user="WmWright" uid="243946" lat="39.6650661" lon="-75.7553563"/>
 <node id="6067129138" visible="true" version="1" changeset="64579776" timestamp="2018-11-16T19:10:48Z" user="WmWright" uid="243946" lat="39.6650803" lon="-75.7553457"/>
 <node id="6067129139" visible="true" version="1" changeset="64579776" timestamp="2018-11-16T19:10:48Z" user="WmWright" uid="243946" lat="39.6650922" lon="-75.7553308"/>
 <node id="6067129140" visible="true" version="1" changeset="64579776" timestamp="2018-11-16T19:10:48Z" user="WmWright" uid="243946" lat="39.6651008" lon="-75.7553123"/>
 <node id="6067129141" visible="true" version="1" changeset="64579776" timestamp="2018-11-16T19:10:48Z" user="WmWright" uid="243946" lat="39.6651038" lon="-75.7553085"/>
 <node id="6067129142" visible="true" version="1" changeset="64579776" timestamp="2018-11-16T19:10:48Z" user="WmWright" uid="243946" lat="39.6652624" lon="-75.7548086"/>
 <node id="6067129143" visible="true" version="1" changeset="64579776" timestamp="2018-11-16T19:10:48Z" user="WmWright" uid="243946" lat="39.6652656" lon="-75.7548037"/>
 <node id="6067129144" visible="true" version="1" changeset="64579776" timestamp="2018-11-16T19:10:48Z" user="WmWright" uid="243946" lat="39.6652701" lon="-75.7548005"/>
 <node id="6067129145" visible="true" version="1" changeset="64579776" timestamp="2018-11-16T19:10:48Z" user="WmWright" uid="243946" lat="39.6652752" lon="-75.7547995"/>
 <node id="6067129146" visible="true" version="1" changeset="64579776" timestamp="2018-11-16T19:10:48Z" user="WmWright" uid="243946" lat="39.6652800" lon="-75.7548010"/>
 <node id="6067129147" visible="true" version="1" changeset="64579776" timestamp="2018-11-16T19:10:48Z" user="WmWright" uid="243946" lat="39.6652859" lon="-75.7548048"/>
 <node id="6067129148" visible="true" version="1" changeset="64579776" timestamp="2018-11-16T19:10:49Z" user="WmWright" uid="243946" lat="39.6654416" lon="-75.7548888"/>
 <node id="6067129149" visible="true" version="1" changeset="64579776" timestamp="2018-11-16T19:10:49Z" user="WmWright" uid="243946" lat="39.6654798" lon="-75.7549078"/>
 <node id="6067129150" visible="true" version="1" changeset="64579776" timestamp="2018-11-16T19:10:49Z" user="WmWright" uid="243946" lat="39.6655179" lon="-75.7549231"/>
 <node id="6067129151" visible="true" version="1" changeset="64579776" timestamp="2018-11-16T19:10:49Z" user="WmWright" uid="243946" lat="39.6655561" lon="-75.7549384"/>
 <node id="6067129152" visible="true" version="1" changeset="64579776" timestamp="2018-11-16T19:10:49Z" user="WmWright" uid="243946" lat="39.6656178" lon="-75.7549574"/>
 <node id="6067129153" visible="true" version="1" changeset="64579776" timestamp="2018-11-16T19:10:49Z" user="WmWright" uid="243946" lat="39.6656296" lon="-75.7549613"/>
 <node id="6067129154" visible="true" version="1" changeset="64579776" timestamp="2018-11-16T19:10:49Z" user="WmWright" uid="243946" lat="39.6656674" lon="-75.7549718"/>
 <node id="6067129155" visible="true" version="1" changeset="64579776" timestamp="2018-11-16T19:10:49Z" user="WmWright" uid="243946" lat="39.6656860" lon="-75.7549943"/>
 <node id="6067129156" visible="true" version="1" changeset="64579776" timestamp="2018-11-16T19:10:49Z" user="WmWright" uid="243946" lat="39.6656915" lon="-75.7550238"/>
 <node id="6067129157" visible="true" version="1" changeset="64579776" timestamp="2018-11-16T19:10:49Z" user="WmWright" uid="243946" lat="39.6656897" lon="-75.7550481"/>
 <node id="6067129158" visible="true" version="1" changeset="64579776" timestamp="2018-11-16T19:10:49Z" user="WmWright" uid="243946" lat="39.6656891" lon="-75.7550701"/>
 <node id="6067129159" visible="true" version="1" changeset="64579776" timestamp="2018-11-16T19:10:49Z" user="WmWright" uid="243946" lat="39.6657082" lon="-75.7547725"/>
 <node id="6067129160" visible="true" version="1" changeset="64579776" timestamp="2018-11-16T19:10:49Z" user="WmWright" uid="243946" lat="39.6657032" lon="-75.7547931"/>
 <node id="6067129161" visible="true" version="1" changeset="64579776" timestamp="2018-11-16T19:10:49Z" user="WmWright" uid="243946" lat="39.6656950" lon="-75.7548233"/>
 <node id="6067129162" visible="true" version="1" changeset="64579776" timestamp="2018-11-16T19:10:49Z" user="WmWright" uid="243946" lat="39.6656737" lon="-75.7548479"/>
 <node id="6067129163" visible="true" version="1" changeset="64579776" timestamp="2018-11-16T19:10:49Z" user="WmWright" uid="243946" lat="39.6656484" lon="-75.7548658"/>
 <node id="6067129164" visible="true" version="1" changeset="64579776" timestamp="2018-11-16T19:10:49Z" user="WmWright" uid="243946" lat="39.6656149" lon="-75.7548659"/>
 <node id="6067129165" visible="true" version="1" changeset="64579776" timestamp="2018-11-16T19:10:49Z" user="WmWright" uid="243946" lat="39.6656061" lon="-75.7548620"/>
 <node id="6067129166" visible="true" version="1" changeset="64579776" timestamp="2018-11-16T19:10:49Z" user="WmWright" uid="243946" lat="39.6655444" lon="-75.7548430"/>
 <node id="6067129167" visible="true" version="1" changeset="64579776" timestamp="2018-11-16T19:10:49Z" user="WmWright" uid="243946" lat="39.6655209" lon="-75.7548315"/>
 <node id="6067129168" visible="true" version="1" changeset="64579776" timestamp="2018-11-16T19:10:49Z" user="WmWright" uid="243946" lat="39.6654739" lon="-75.7548086"/>
 <node id="6067129169" visible="true" version="1" changeset="64579776" timestamp="2018-11-16T19:10:49Z" user="WmWright" uid="243946" lat="39.6654680" lon="-75.7548048"/>
 <node id="6067129170" visible="true" version="1" changeset="64579776" timestamp="2018-11-16T19:10:49Z" user="WmWright" uid="243946" lat="39.6654620" lon="-75.7547978"/>
 <node id="6067129171" visible="true" version="1" changeset="64579776" timestamp="2018-11-16T19:10:49Z" user="WmWright" uid="243946" lat="39.6654577" lon="-75.7547891"/>
 <node id="6067129172" visible="true" version="1" changeset="64579776" timestamp="2018-11-16T19:10:49Z" user="WmWright" uid="243946" lat="39.6654556" lon="-75.7547796"/>
 <node id="6067129173" visible="true" version="1" changeset="64579776" timestamp="2018-11-16T19:10:49Z" user="WmWright" uid="243946" lat="39.6654563" lon="-75.7547705"/>
 <node id="6067129174" visible="true" version="1" changeset="64579776" timestamp="2018-11-16T19:10:49Z" user="WmWright" uid="243946" lat="39.6654563" lon="-75.7547628"/>
 <node id="6067129175" visible="true" version="1" changeset="64579776" timestamp="2018-11-16T19:10:49Z" user="WmWright" uid="243946" lat="39.6654739" lon="-75.7547094"/>
 <node id="6067129176" visible="true" version="1" changeset="64579776" timestamp="2018-11-16T19:10:49Z" user="WmWright" uid="243946" lat="39.6654915" lon="-75.7546598"/>
 <node id="6067129177" visible="true" version="1" changeset="64579776" timestamp="2018-11-16T19:10:49Z" user="WmWright" uid="243946" lat="39.6654944" lon="-75.7546522"/>
 <node id="6067129178" visible="true" version="1" changeset="64579776" timestamp="2018-11-16T19:10:49Z" user="WmWright" uid="243946" lat="39.6654998" lon="-75.7546444"/>
 <node id="6067129179" visible="true" version="1" changeset="64579776" timestamp="2018-11-16T19:10:49Z" user="WmWright" uid="243946" lat="39.6655066" lon="-75.7546388"/>
 <node id="6067129180" visible="true" version="1" changeset="64579776" timestamp="2018-11-16T19:10:49Z" user="WmWright" uid="243946" lat="39.6655139" lon="-75.7546361"/>
 <node id="6067129181" visible="true" version="1" changeset="64579776" timestamp="2018-11-16T19:10:49Z" user="WmWright" uid="243946" lat="39.6655209" lon="-75.7546369"/>
 <node id="6067129182" visible="true" version="1" changeset="64579776" timestamp="2018-11-16T19:10:49Z" user="WmWright" uid="243946" lat="39.6655268" lon="-75.7546369"/>
 <node id="6067129183" visible="true" version="1" changeset="64579776" timestamp="2018-11-16T19:10:49Z" user="WmWright" uid="243946" lat="39.6655591" lon="-75.7546522"/>
 <node id="6067129184" visible="true" version="1" changeset="64579776" timestamp="2018-11-16T19:10:49Z" user="WmWright" uid="243946" lat="39.6656208" lon="-75.7544309"/>
 <node id="6067129185" visible="true" version="1" changeset="64579776" timestamp="2018-11-16T19:10:49Z" user="WmWright" uid="243946" lat="39.6655914" lon="-75.7544156"/>
 <node id="6067129186" visible="true" version="1" changeset="64579776" timestamp="2018-11-16T19:10:49Z" user="WmWright" uid="243946" lat="39.6655855" lon="-75.7544118"/>
 <node id="6067129187" visible="true" version="1" changeset="64579776" timestamp="2018-11-16T19:10:49Z" user="WmWright" uid="243946" lat="39.6655795" lon="-75.7544048"/>
 <node id="6067129188" visible="true" version="1" changeset="64579776" timestamp="2018-11-16T19:10:49Z" user="WmWright" uid="243946" lat="39.6655752" lon="-75.7543960"/>
 <node id="6067129189" visible="true" version="1" changeset="64579776" timestamp="2018-11-16T19:10:49Z" user="WmWright" uid="243946" lat="39.6655731" lon="-75.7543866"/>
 <node id="6067129190" visible="true" version="1" changeset="64579776" timestamp="2018-11-16T19:10:49Z" user="WmWright" uid="243946" lat="39.6655738" lon="-75.7543774"/>
 <node id="6067129191" visible="true" version="1" changeset="64579776" timestamp="2018-11-16T19:10:49Z" user="WmWright" uid="243946" lat="39.6655767" lon="-75.7543698"/>
 <node id="6067129192" visible="true" version="1" changeset="64579776" timestamp="2018-11-16T19:10:49Z" user="WmWright" uid="243946" lat="39.6656002" lon="-75.7542935"/>
 <node id="6067129193" visible="true" version="1" changeset="64579776" timestamp="2018-11-16T19:10:49Z" user="WmWright" uid="243946" lat="39.6656443" lon="-75.7541561"/>
 <node id="6067129194" visible="true" version="1" changeset="64579776" timestamp="2018-11-16T19:10:49Z" user="WmWright" uid="243946" lat="39.6656501" lon="-75.7541409"/>
 <node id="6067129195" visible="true" version="1" changeset="64579776" timestamp="2018-11-16T19:10:49Z" user="WmWright" uid="243946" lat="39.6656560" lon="-75.7541294"/>
 <node id="6067129196" visible="true" version="1" changeset="64579776" timestamp="2018-11-16T19:10:49Z" user="WmWright" uid="243946" lat="39.6656619" lon="-75.7541256"/>
 <node id="6067129197" visible="true" version="1" changeset="64579776" timestamp="2018-11-16T19:10:49Z" user="WmWright" uid="243946" lat="39.6656678" lon="-75.7541218"/>
 <node id="6067129198" visible="true" version="1" changeset="64579776" timestamp="2018-11-16T19:10:49Z" user="WmWright" uid="243946" lat="39.6656736" lon="-75.7541218"/>
 <node id="6067129199" visible="true" version="1" changeset="64579776" timestamp="2018-11-16T19:10:49Z" user="WmWright" uid="243946" lat="39.6656795" lon="-75.7541218"/>
 <node id="6067129200" visible="true" version="1" changeset="64579776" timestamp="2018-11-16T19:10:49Z" user="WmWright" uid="243946" lat="39.6656942" lon="-75.7541218"/>
 <node id="6067129201" visible="true" version="1" changeset="64579776" timestamp="2018-11-16T19:10:49Z" user="WmWright" uid="243946" lat="39.6657265" lon="-75.7541256"/>
 <node id="6067129202" visible="true" version="1" changeset="64579776" timestamp="2018-11-16T19:10:49Z" user="WmWright" uid="243946" lat="39.6657324" lon="-75.7541256"/>
 <node id="6067129203" visible="true" version="1" changeset="64579776" timestamp="2018-11-16T19:10:49Z" user="WmWright" uid="243946" lat="39.6657388" lon="-75.7541314"/>
 <node id="6067129204" visible="true" version="1" changeset="64579776" timestamp="2018-11-16T19:10:49Z" user="WmWright" uid="243946" lat="39.6657445" lon="-75.7541380"/>
 <node id="6067129205" visible="true" version="1" changeset="64579776" timestamp="2018-11-16T19:10:49Z" user="WmWright" uid="243946" lat="39.6657485" lon="-75.7541460"/>
 <node id="6067129206" visible="true" version="1" changeset="64579776" timestamp="2018-11-16T19:10:49Z" user="WmWright" uid="243946" lat="39.6657500" lon="-75.7541561"/>
 <node id="6067129207" visible="true" version="1" changeset="64579776" timestamp="2018-11-16T19:10:49Z" user="WmWright" uid="243946" lat="39.6657500" lon="-75.7541638"/>
 <node id="6067129208" visible="true" version="1" changeset="64579776" timestamp="2018-11-16T19:10:49Z" user="WmWright" uid="243946" lat="39.6657617" lon="-75.7540073"/>
 <node id="6067129209" visible="true" version="1" changeset="64579776" timestamp="2018-11-16T19:10:49Z" user="WmWright" uid="243946" lat="39.6657588" lon="-75.7540149"/>
 <node id="6067129210" visible="true" version="1" changeset="64579776" timestamp="2018-11-16T19:10:49Z" user="WmWright" uid="243946" lat="39.6657559" lon="-75.7540226"/>
 <node id="6067129211" visible="true" version="1" changeset="64579776" timestamp="2018-11-16T19:10:49Z" user="WmWright" uid="243946" lat="39.6657529" lon="-75.7540302"/>
 <node id="6067129212" visible="true" version="1" changeset="64579776" timestamp="2018-11-16T19:10:50Z" user="WmWright" uid="243946" lat="39.6657471" lon="-75.7540340"/>
 <node id="6067129213" visible="true" version="1" changeset="64579776" timestamp="2018-11-16T19:10:50Z" user="WmWright" uid="243946" lat="39.6657412" lon="-75.7540378"/>
 <node id="6067129214" visible="true" version="1" changeset="64579776" timestamp="2018-11-16T19:10:50Z" user="WmWright" uid="243946" lat="39.6657353" lon="-75.7540378"/>
 <node id="6067129215" visible="true" version="1" changeset="64579776" timestamp="2018-11-16T19:10:50Z" user="WmWright" uid="243946" lat="39.6657294" lon="-75.7540378"/>
 <node id="6067129216" visible="true" version="1" changeset="64579776" timestamp="2018-11-16T19:10:50Z" user="WmWright" uid="243946" lat="39.6656854" lon="-75.7540340"/>
 <node id="6067129217" visible="true" version="1" changeset="64579776" timestamp="2018-11-16T19:10:50Z" user="WmWright" uid="243946" lat="39.6656766" lon="-75.7540340"/>
 <node id="6067129218" visible="true" version="1" changeset="64579776" timestamp="2018-11-16T19:10:50Z" user="WmWright" uid="243946" lat="39.6656707" lon="-75.7540340"/>
 <node id="6067129219" visible="true" version="1" changeset="64579776" timestamp="2018-11-16T19:10:50Z" user="WmWright" uid="243946" lat="39.6656589" lon="-75.7540340"/>
 <node id="6067129220" visible="true" version="1" changeset="64579776" timestamp="2018-11-16T19:10:50Z" user="WmWright" uid="243946" lat="39.6656359" lon="-75.7540445"/>
 <node id="6067129221" visible="true" version="1" changeset="64579776" timestamp="2018-11-16T19:10:50Z" user="WmWright" uid="243946" lat="39.6656152" lon="-75.7540636"/>
 <node id="6067129222" visible="true" version="1" changeset="64579776" timestamp="2018-11-16T19:10:50Z" user="WmWright" uid="243946" lat="39.6655974" lon="-75.7540898"/>
 <node id="6067129223" visible="true" version="1" changeset="64579776" timestamp="2018-11-16T19:10:50Z" user="WmWright" uid="243946" lat="39.6655826" lon="-75.7541218"/>
 <node id="6067129224" visible="true" version="1" changeset="64579776" timestamp="2018-11-16T19:10:50Z" user="WmWright" uid="243946" lat="39.6655444" lon="-75.7542477"/>
 <node id="6067129225" visible="true" version="1" changeset="64579776" timestamp="2018-11-16T19:10:50Z" user="WmWright" uid="243946" lat="39.6654063" lon="-75.7546865"/>
 <node id="6067129226" visible="true" version="1" changeset="64579776" timestamp="2018-11-16T19:10:50Z" user="WmWright" uid="243946" lat="39.6654034" lon="-75.7546903"/>
 <node id="6067129227" visible="true" version="1" changeset="64579776" timestamp="2018-11-16T19:10:50Z" user="WmWright" uid="243946" lat="39.6653889" lon="-75.7547151"/>
 <node id="6067129228" visible="true" version="1" changeset="64579776" timestamp="2018-11-16T19:10:50Z" user="WmWright" uid="243946" lat="39.6653692" lon="-75.7547314"/>
 <node id="6067129229" visible="true" version="1" changeset="64579776" timestamp="2018-11-16T19:10:50Z" user="WmWright" uid="243946" lat="39.6653468" lon="-75.7547376"/>
 <node id="6067129230" visible="true" version="1" changeset="64579776" timestamp="2018-11-16T19:10:50Z" user="WmWright" uid="243946" lat="39.6653241" lon="-75.7547323"/>
 <node id="6067129231" visible="true" version="1" changeset="64579776" timestamp="2018-11-16T19:10:50Z" user="WmWright" uid="243946" lat="39.6653211" lon="-75.7547323"/>
 <node id="6067129232" visible="true" version="1" changeset="64579776" timestamp="2018-11-16T19:10:50Z" user="WmWright" uid="243946" lat="39.6652800" lon="-75.7547094"/>
 <node id="6067129233" visible="true" version="1" changeset="64579776" timestamp="2018-11-16T19:10:50Z" user="WmWright" uid="243946" lat="39.6652771" lon="-75.7547056"/>
 <node id="6067129234" visible="true" version="1" changeset="64579776" timestamp="2018-11-16T19:10:50Z" user="WmWright" uid="243946" lat="39.6652745" lon="-75.7546914"/>
 <node id="6067129235" visible="true" version="1" changeset="64579776" timestamp="2018-11-16T19:10:50Z" user="WmWright" uid="243946" lat="39.6652620" lon="-75.7546667"/>
 <node id="6067129236" visible="true" version="1" changeset="64579776" timestamp="2018-11-16T19:10:50Z" user="WmWright" uid="243946" lat="39.6652573" lon="-75.7546377"/>
 <node id="6067129237" visible="true" version="1" changeset="64579776" timestamp="2018-11-16T19:10:50Z" user="WmWright" uid="243946" lat="39.6652613" lon="-75.7546066"/>
 <node id="6067129238" visible="true" version="1" changeset="64579776" timestamp="2018-11-16T19:10:50Z" user="WmWright" uid="243946" lat="39.6652783" lon="-75.7545592"/>
 <node id="6067129239" visible="true" version="1" changeset="64579776" timestamp="2018-11-16T19:10:50Z" user="WmWright" uid="243946" lat="39.6652888" lon="-75.7545293"/>
 <node id="6067129240" visible="true" version="1" changeset="64579776" timestamp="2018-11-16T19:10:50Z" user="WmWright" uid="243946" lat="39.6652459" lon="-75.7545096"/>
 <node id="6067129241" visible="true" version="1" changeset="64579776" timestamp="2018-11-16T19:10:50Z" user="WmWright" uid="243946" lat="39.6652279" lon="-75.7545730"/>
 <node id="6067129242" visible="true" version="1" changeset="64579776" timestamp="2018-11-16T19:10:50Z" user="WmWright" uid="243946" lat="39.6652181" lon="-75.7546030"/>
 <node id="6067129243" visible="true" version="1" changeset="64579776" timestamp="2018-11-16T19:10:50Z" user="WmWright" uid="243946" lat="39.6652081" lon="-75.7546255"/>
 <node id="6067129244" visible="true" version="1" changeset="64579776" timestamp="2018-11-16T19:10:50Z" user="WmWright" uid="243946" lat="39.6651928" lon="-75.7546386"/>
 <node id="6067129245" visible="true" version="1" changeset="64579776" timestamp="2018-11-16T19:10:50Z" user="WmWright" uid="243946" lat="39.6651747" lon="-75.7546438"/>
 <node id="6067129246" visible="true" version="1" changeset="64579776" timestamp="2018-11-16T19:10:50Z" user="WmWright" uid="243946" lat="39.6651476" lon="-75.7546387"/>
 <node id="6067129247" visible="true" version="1" changeset="64579776" timestamp="2018-11-16T19:10:50Z" user="WmWright" uid="243946" lat="39.6651370" lon="-75.7546326"/>
 <node id="6067129248" visible="true" version="1" changeset="64579776" timestamp="2018-11-16T19:10:50Z" user="WmWright" uid="243946" lat="39.6651273" lon="-75.7546216"/>
 <node id="6067129249" visible="true" version="1" changeset="64579776" timestamp="2018-11-16T19:10:50Z" user="WmWright" uid="243946" lat="39.6651155" lon="-75.7546062"/>
 <node id="6067129250" visible="true" version="1" changeset="64579776" timestamp="2018-11-16T19:10:50Z" user="WmWright" uid="243946" lat="39.6651082" lon="-75.7545875"/>
 <node id="6067129251" visible="true" version="1" changeset="64579776" timestamp="2018-11-16T19:10:50Z" user="WmWright" uid="243946" lat="39.6651049" lon="-75.7545611"/>
 <node id="6067129252" visible="true" version="1" changeset="64579776" timestamp="2018-11-16T19:10:50Z" user="WmWright" uid="243946" lat="39.6651082" lon="-75.7545431"/>
 <node id="6067129253" visible="true" version="1" changeset="64579776" timestamp="2018-11-16T19:10:50Z" user="WmWright" uid="243946" lat="39.6651134" lon="-75.7545258"/>
 <node id="6067129254" visible="true" version="1" changeset="64579776" timestamp="2018-11-16T19:10:50Z" user="WmWright" uid="243946" lat="39.6651371" lon="-75.7544470"/>
 <node id="6067129255" visible="true" version="1" changeset="64579776" timestamp="2018-11-16T19:10:50Z" user="WmWright" uid="243946" lat="39.6650792" lon="-75.7544171"/>
 <node id="6067129256" visible="true" version="1" changeset="64579776" timestamp="2018-11-16T19:10:50Z" user="WmWright" uid="243946" lat="39.6650524" lon="-75.7545007"/>
 <node id="6067129257" visible="true" version="1" changeset="64579776" timestamp="2018-11-16T19:10:50Z" user="WmWright" uid="243946" lat="39.6650462" lon="-75.7545186"/>
 <node id="6067129258" visible="true" version="1" changeset="64579776" timestamp="2018-11-16T19:10:50Z" user="WmWright" uid="243946" lat="39.6650364" lon="-75.7545384"/>
 <node id="6067129259" visible="true" version="1" changeset="64579776" timestamp="2018-11-16T19:10:50Z" user="WmWright" uid="243946" lat="39.6650220" lon="-75.7545515"/>
 <node id="6067129260" visible="true" version="1" changeset="64579776" timestamp="2018-11-16T19:10:50Z" user="WmWright" uid="243946" lat="39.6650141" lon="-75.7545547"/>
 <node id="6067129261" visible="true" version="1" changeset="64579776" timestamp="2018-11-16T19:10:50Z" user="WmWright" uid="243946" lat="39.6649992" lon="-75.7545563"/>
 <node id="6067129262" visible="true" version="1" changeset="64579776" timestamp="2018-11-16T19:10:50Z" user="WmWright" uid="243946" lat="39.6649720" lon="-75.7545462"/>
 <node id="6067129263" visible="true" version="1" changeset="64579776" timestamp="2018-11-16T19:10:50Z" user="WmWright" uid="243946" lat="39.6646539" lon="-75.7543805"/>
 <node id="6067129264" visible="true" version="1" changeset="64579776" timestamp="2018-11-16T19:10:50Z" user="WmWright" uid="243946" lat="39.6646406" lon="-75.7543705"/>
 <node id="6067129265" visible="true" version="1" changeset="64579776" timestamp="2018-11-16T19:10:50Z" user="WmWright" uid="243946" lat="39.6646327" lon="-75.7543573"/>
 <node id="6067129266" visible="true" version="1" changeset="64579776" timestamp="2018-11-16T19:10:50Z" user="WmWright" uid="243946" lat="39.6646323" lon="-75.7543436"/>
 <node id="6067129267" visible="true" version="1" changeset="64579776" timestamp="2018-11-16T19:10:50Z" user="WmWright" uid="243946" lat="39.6646291" lon="-75.7543263"/>
 <node id="6067129268" visible="true" version="1" changeset="64579776" timestamp="2018-11-16T19:10:50Z" user="WmWright" uid="243946" lat="39.6646309" lon="-75.7543087"/>
 <node id="6067129269" visible="true" version="1" changeset="64579776" timestamp="2018-11-16T19:10:50Z" user="WmWright" uid="243946" lat="39.6646309" lon="-75.7543049"/>
 <node id="6067129270" visible="true" version="1" changeset="64579776" timestamp="2018-11-16T19:10:50Z" user="WmWright" uid="243946" lat="39.6646544" lon="-75.7542324"/>
 <node id="6067129271" visible="true" version="1" changeset="64579776" timestamp="2018-11-16T19:10:50Z" user="WmWright" uid="243946" lat="39.6646191" lon="-75.7542134"/>
 <node id="6067129272" visible="true" version="1" changeset="64579776" timestamp="2018-11-16T19:10:50Z" user="WmWright" uid="243946" lat="39.6645986" lon="-75.7542782"/>
 <node id="6067129273" visible="true" version="1" changeset="64579776" timestamp="2018-11-16T19:10:50Z" user="WmWright" uid="243946" lat="39.6645986" lon="-75.7542820"/>
 <node id="6067129274" visible="true" version="1" changeset="64579776" timestamp="2018-11-16T19:10:50Z" user="WmWright" uid="243946" lat="39.6645958" lon="-75.7542865"/>
 <node id="6067129275" visible="true" version="1" changeset="64579776" timestamp="2018-11-16T19:10:50Z" user="WmWright" uid="243946" lat="39.6645923" lon="-75.7542887"/>
 <node id="6067129276" visible="true" version="1" changeset="64579776" timestamp="2018-11-16T19:10:50Z" user="WmWright" uid="243946" lat="39.6645882" lon="-75.7542896"/>
 <node id="6067129277" visible="true" version="1" changeset="64579776" timestamp="2018-11-16T19:10:51Z" user="WmWright" uid="243946" lat="39.6645839" lon="-75.7542897"/>
 <node id="6067129278" visible="true" version="1" changeset="64579776" timestamp="2018-11-16T19:10:51Z" user="WmWright" uid="243946" lat="39.6645809" lon="-75.7542897"/>
 <node id="6067129279" visible="true" version="1" changeset="64579776" timestamp="2018-11-16T19:10:51Z" user="WmWright" uid="243946" lat="39.6645662" lon="-75.7542820"/>
 <node id="6067129280" visible="true" version="1" changeset="64579776" timestamp="2018-11-16T19:10:51Z" user="WmWright" uid="243946" lat="39.6645633" lon="-75.7542820"/>
 <node id="6067129281" visible="true" version="1" changeset="64579776" timestamp="2018-11-16T19:10:51Z" user="WmWright" uid="243946" lat="39.6645599" lon="-75.7542785"/>
 <node id="6067129282" visible="true" version="1" changeset="64579776" timestamp="2018-11-16T19:10:51Z" user="WmWright" uid="243946" lat="39.6645582" lon="-75.7542739"/>
 <node id="6067129283" visible="true" version="1" changeset="64579776" timestamp="2018-11-16T19:10:51Z" user="WmWright" uid="243946" lat="39.6645575" lon="-75.7542686"/>
 <node id="6067129284" visible="true" version="1" changeset="64579776" timestamp="2018-11-16T19:10:51Z" user="WmWright" uid="243946" lat="39.6645574" lon="-75.7542630"/>
 <node id="6067129385" visible="true" version="1" changeset="64579776" timestamp="2018-11-16T19:10:51Z" user="WmWright" uid="243946" lat="39.6645574" lon="-75.7542591"/>
 <node id="6067129386" visible="true" version="1" changeset="64579776" timestamp="2018-11-16T19:10:51Z" user="WmWright" uid="243946" lat="39.6645692" lon="-75.7542210"/>
 <node id="6067129387" visible="true" version="1" changeset="64579776" timestamp="2018-11-16T19:10:51Z" user="WmWright" uid="243946" lat="39.6645427" lon="-75.7542057"/>
 <node id="6067129389" visible="true" version="1" changeset="64579776" timestamp="2018-11-16T19:10:51Z" user="WmWright" uid="243946" lat="39.6645251" lon="-75.7542706"/>
 <node id="6067129390" visible="true" version="2" changeset="64876929" timestamp="2018-11-25T20:53:20Z" user="EdSS" uid="1824494" lat="39.6645206" lon="-75.7542799"/>
 <node id="6067129391" visible="true" version="2" changeset="64876929" timestamp="2018-11-25T20:53:20Z" user="EdSS" uid="1824494" lat="39.6645131" lon="-75.7542861"/>
 <node id="6067129392" visible="true" version="2" changeset="64876929" timestamp="2018-11-25T20:53:20Z" user="EdSS" uid="1824494" lat="39.6645039" lon="-75.7542892"/>
 <node id="6067129394" visible="true" version="1" changeset="64579776" timestamp="2018-11-16T19:10:51Z" user="WmWright" uid="243946" lat="39.6644928" lon="-75.7542897"/>
 <node id="6067129396" visible="true" version="2" changeset="64876973" timestamp="2018-11-25T20:55:35Z" user="EdSS" uid="1824494" lat="39.6643825" lon="-75.7546285"/>
 <node id="6067129397" visible="true" version="1" changeset="64579776" timestamp="2018-11-16T19:10:51Z" user="WmWright" uid="243946" lat="39.6643552" lon="-75.7546903"/>
 <node id="6067129398" visible="true" version="1" changeset="64579776" timestamp="2018-11-16T19:10:51Z" user="WmWright" uid="243946" lat="39.6643188" lon="-75.7547294"/>
 <node id="6067129399" visible="true" version="1" changeset="64579776" timestamp="2018-11-16T19:10:51Z" user="WmWright" uid="243946" lat="39.6642746" lon="-75.7547528"/>
 <node id="6067129400" visible="true" version="1" changeset="64579776" timestamp="2018-11-16T19:10:51Z" user="WmWright" uid="243946" lat="39.6642255" lon="-75.7547590"/>
 <node id="6067129402" visible="true" version="2" changeset="64876973" timestamp="2018-11-25T20:55:35Z" user="EdSS" uid="1824494" lat="39.6641919" lon="-75.7547557"/>
 <node id="6067129407" visible="true" version="2" changeset="64876973" timestamp="2018-11-25T20:55:35Z" user="EdSS" uid="1824494" lat="39.6641744" lon="-75.7547521"/>
 <node id="6067129408" visible="true" version="1" changeset="64579776" timestamp="2018-11-16T19:10:51Z" user="WmWright" uid="243946" lat="39.6641462" lon="-75.7547285"/>
 <node id="6067129409" visible="true" version="1" changeset="64579776" timestamp="2018-11-16T19:10:51Z" user="WmWright" uid="243946" lat="39.6639729" lon="-75.7547056"/>
 <node id="6067129410" visible="true" version="1" changeset="64579776" timestamp="2018-11-16T19:10:51Z" user="WmWright" uid="243946" lat="39.6639406" lon="-75.7547247"/>
 <node id="6067129415" visible="true" version="1" changeset="64579776" timestamp="2018-11-16T19:10:51Z" user="WmWright" uid="243946" lat="39.6639259" lon="-75.7547247"/>
 <node id="6067129416" visible="true" version="1" changeset="64579776" timestamp="2018-11-16T19:10:51Z" user="WmWright" uid="243946" lat="39.6638906" lon="-75.7547209"/>
 <node id="6067129417" visible="true" version="2" changeset="64793010" timestamp="2018-11-22T20:04:42Z" user="EdSS" uid="1824494" lat="39.6638834" lon="-75.7547187"/>
 <node id="6067129418" visible="true" version="1" changeset="64579776" timestamp="2018-11-16T19:10:51Z" user="WmWright" uid="243946" lat="39.6638752" lon="-75.7547130"/>
 <node id="6067129419" visible="true" version="1" changeset="64579776" timestamp="2018-11-16T19:10:51Z" user="WmWright" uid="243946" lat="39.6638649" lon="-75.7547013"/>
 <node id="6067129420" visible="true" version="1" changeset="64579776" timestamp="2018-11-16T19:10:51Z" user="WmWright" uid="243946" lat="39.6638580" lon="-75.7546860"/>
 <node id="6067129421" visible="true" version="1" changeset="64579776" timestamp="2018-11-16T19:10:51Z" user="WmWright" uid="243946" lat="39.6638554" lon="-75.7546674"/>
 <node id="6067129422" visible="true" version="2" changeset="64793010" timestamp="2018-11-22T20:04:42Z" user="EdSS" uid="1824494" lat="39.6638551" lon="-75.7546580"/>
 <node id="6067129423" visible="true" version="1" changeset="64579776" timestamp="2018-11-16T19:10:51Z" user="WmWright" uid="243946" lat="39.6638554" lon="-75.7546445"/>
 <node id="6067129425" visible="true" version="1" changeset="64579776" timestamp="2018-11-16T19:10:51Z" user="WmWright" uid="243946" lat="39.6638564" lon="-75.7546351"/>
 <node id="6067129426" visible="true" version="1" changeset="64579776" timestamp="2018-11-16T19:10:51Z" user="WmWright" uid="243946" lat="39.6638591" lon="-75.7546302"/>
 <node id="6067129427" visible="true" version="1" changeset="64579776" timestamp="2018-11-16T19:10:51Z" user="WmWright" uid="243946" lat="39.6638628" lon="-75.7546268"/>
 <node id="6067129429" visible="true" version="1" changeset="64579776" timestamp="2018-11-16T19:10:51Z" user="WmWright" uid="243946" lat="39.6638701" lon="-75.7546255"/>
 <node id="6067129430" visible="true" version="1" changeset="64579776" timestamp="2018-11-16T19:10:51Z" user="WmWright" uid="243946" lat="39.6639053" lon="-75.7546293"/>
 <node id="6067129431" visible="true" version="1" changeset="64579776" timestamp="2018-11-16T19:10:51Z" user="WmWright" uid="243946" lat="39.6639200" lon="-75.7544003"/>
 <node id="6067129432" visible="true" version="1" changeset="64579776" timestamp="2018-11-16T19:10:51Z" user="WmWright" uid="243946" lat="39.6638848" lon="-75.7543965"/>
 <node id="6067129433" visible="true" version="1" changeset="64579776" timestamp="2018-11-16T19:10:51Z" user="WmWright" uid="243946" lat="39.6638818" lon="-75.7543965"/>
 <node id="6067129434" visible="true" version="1" changeset="64579776" timestamp="2018-11-16T19:10:51Z" user="WmWright" uid="243946" lat="39.6638775" lon="-75.7543952"/>
 <node id="6067129435" visible="true" version="1" changeset="64579776" timestamp="2018-11-16T19:10:51Z" user="WmWright" uid="243946" lat="39.6638738" lon="-75.7543917"/>
 <node id="6067129436" visible="true" version="1" changeset="64579776" timestamp="2018-11-16T19:10:51Z" user="WmWright" uid="243946" lat="39.6638711" lon="-75.7543869"/>
 <node id="6067129437" visible="true" version="1" changeset="64579776" timestamp="2018-11-16T19:10:51Z" user="WmWright" uid="243946" lat="39.6638701" lon="-75.7543813"/>
 <node id="6067129438" visible="true" version="1" changeset="64579776" timestamp="2018-11-16T19:10:51Z" user="WmWright" uid="243946" lat="39.6638701" lon="-75.7543774"/>
 <node id="6067129439" visible="true" version="1" changeset="64579776" timestamp="2018-11-16T19:10:51Z" user="WmWright" uid="243946" lat="39.6638877" lon="-75.7540416"/>
 <node id="6067129440" visible="true" version="1" changeset="64579776" timestamp="2018-11-16T19:10:51Z" user="WmWright" uid="243946" lat="39.6639112" lon="-75.7540149"/>
 <node id="6067129441" visible="true" version="1" changeset="64579776" timestamp="2018-11-16T19:10:51Z" user="WmWright" uid="243946" lat="39.6639230" lon="-75.7538203"/>
 <node id="6067129442" visible="true" version="1" changeset="64579776" timestamp="2018-11-16T19:10:51Z" user="WmWright" uid="243946" lat="39.6639230" lon="-75.7538089"/>
 <node id="6067129443" visible="true" version="1" changeset="64579776" timestamp="2018-11-16T19:10:52Z" user="WmWright" uid="243946" lat="39.6639230" lon="-75.7537974"/>
 <node id="6067129444" visible="true" version="1" changeset="64579776" timestamp="2018-11-16T19:10:52Z" user="WmWright" uid="243946" lat="39.6639230" lon="-75.7537860"/>
 <node id="6067129445" visible="true" version="1" changeset="64579776" timestamp="2018-11-16T19:10:52Z" user="WmWright" uid="243946" lat="39.6639026" lon="-75.7537553"/>
 <node id="6067129446" visible="true" version="1" changeset="64579776" timestamp="2018-11-16T19:10:52Z" user="WmWright" uid="243946" lat="39.6638995" lon="-75.7537402"/>
 <node id="6067129447" visible="true" version="1" changeset="64579776" timestamp="2018-11-16T19:10:52Z" user="WmWright" uid="243946" lat="39.6638944" lon="-75.7537088"/>
 <node id="6067129448" visible="true" version="1" changeset="64579776" timestamp="2018-11-16T19:10:52Z" user="WmWright" uid="243946" lat="39.6638877" lon="-75.7536782"/>
 <node id="6067129449" visible="true" version="1" changeset="64579776" timestamp="2018-11-16T19:10:52Z" user="WmWright" uid="243946" lat="39.6638788" lon="-75.7536490"/>
 <node id="6067129450" visible="true" version="1" changeset="64579776" timestamp="2018-11-16T19:10:52Z" user="WmWright" uid="243946" lat="39.6638671" lon="-75.7536219"/>
 <node id="6067129451" visible="true" version="1" changeset="64579776" timestamp="2018-11-16T19:10:52Z" user="WmWright" uid="243946" lat="39.6638642" lon="-75.7536143"/>
 <node id="6067129452" visible="true" version="1" changeset="64579776" timestamp="2018-11-16T19:10:52Z" user="WmWright" uid="243946" lat="39.6638613" lon="-75.7536105"/>
 <node id="6067129459" visible="true" version="2" changeset="110398462" timestamp="2021-08-29T03:17:43Z" user="S-zation" uid="5500750" lat="39.6636980" lon="-75.7562667"/>
 <node id="6067129460" visible="true" version="2" changeset="110398462" timestamp="2021-08-29T03:17:43Z" user="S-zation" uid="5500750" lat="39.6637033" lon="-75.7562574"/>
 <node id="6067129461" visible="true" version="2" changeset="110398462" timestamp="2021-08-29T03:17:43Z" user="S-zation" uid="5500750" lat="39.6637108" lon="-75.7562516"/>
 <node id="6067129462" visible="true" version="2" changeset="110398462" timestamp="2021-08-29T03:17:43Z" user="S-zation" uid="5500750" lat="39.6637194" lon="-75.7562512"/>
 <node id="6067129463" visible="true" version="2" changeset="110398462" timestamp="2021-08-29T03:17:43Z" user="S-zation" uid="5500750" lat="39.6637635" lon="-75.7562550"/>
 <node id="6067129464" visible="true" version="2" changeset="110398462" timestamp="2021-08-29T03:17:43Z" user="S-zation" uid="5500750" lat="39.6637734" lon="-75.7562577"/>
 <node id="6067129465" visible="true" version="2" changeset="110398462" timestamp="2021-08-29T03:17:43Z" user="S-zation" uid="5500750" lat="39.6637808" lon="-75.7562650"/>
 <node id="6067129466" visible="true" version="2" changeset="110398462" timestamp="2021-08-29T03:17:43Z" user="S-zation" uid="5500750" lat="39.6637854" lon="-75.7562759"/>
 <node id="6067129467" visible="true" version="2" changeset="110398462" timestamp="2021-08-29T03:17:43Z" user="S-zation" uid="5500750" lat="39.6637870" lon="-75.7562893"/>
 <node id="6067129468" visible="true" version="2" changeset="110398462" timestamp="2021-08-29T03:17:43Z" user="S-zation" uid="5500750" lat="39.6637860" lon="-75.7562943"/>
 <node id="6067129469" visible="true" version="2" changeset="110398462" timestamp="2021-08-29T03:17:43Z" user="S-zation" uid="5500750" lat="39.6637833" lon="-75.7562979"/>
 <node id="6067129470" visible="true" version="2" changeset="110398462" timestamp="2021-08-29T03:17:43Z" user="S-zation" uid="5500750" lat="39.6637796" lon="-75.7563001"/>
 <node id="6067129471" visible="true" version="2" changeset="110398462" timestamp="2021-08-29T03:17:43Z" user="S-zation" uid="5500750" lat="39.6637752" lon="-75.7563008"/>
 <node id="6067129472" visible="true" version="2" changeset="110398462" timestamp="2021-08-29T03:17:43Z" user="S-zation" uid="5500750" lat="39.6637047" lon="-75.7562931"/>
 <node id="6067129473" visible="true" version="2" changeset="110398462" timestamp="2021-08-29T03:17:43Z" user="S-zation" uid="5500750" lat="39.6637009" lon="-75.7562918"/>
 <node id="6067129474" visible="true" version="2" changeset="110398462" timestamp="2021-08-29T03:17:43Z" user="S-zation" uid="5500750" lat="39.6636981" lon="-75.7562884"/>
 <node id="6067129475" visible="true" version="2" changeset="110398462" timestamp="2021-08-29T03:17:43Z" user="S-zation" uid="5500750" lat="39.6636965" lon="-75.7562835"/>
 <node id="6067129476" visible="true" version="2" changeset="110398462" timestamp="2021-08-29T03:17:43Z" user="S-zation" uid="5500750" lat="39.6636959" lon="-75.7562779"/>
 <node id="6067129477" visible="true" version="2" changeset="110398462" timestamp="2021-08-29T03:17:43Z" user="S-zation" uid="5500750" lat="39.6636793" lon="-75.7565208"/>
 <node id="6067129478" visible="true" version="2" changeset="110398462" timestamp="2021-08-29T03:17:43Z" user="S-zation" uid="5500750" lat="39.6636820" lon="-75.7565168"/>
 <node id="6067129479" visible="true" version="2" changeset="110398462" timestamp="2021-08-29T03:17:43Z" user="S-zation" uid="5500750" lat="39.6636857" lon="-75.7565136"/>
 <node id="6067129480" visible="true" version="2" changeset="110398462" timestamp="2021-08-29T03:17:43Z" user="S-zation" uid="5500750" lat="39.6636901" lon="-75.7565106"/>
 <node id="6067129481" visible="true" version="2" changeset="110398462" timestamp="2021-08-29T03:17:43Z" user="S-zation" uid="5500750" lat="39.6637635" lon="-75.7565183"/>
 <node id="6067129482" visible="true" version="2" changeset="110398462" timestamp="2021-08-29T03:17:43Z" user="S-zation" uid="5500750" lat="39.6637674" lon="-75.7565196"/>
 <node id="6067129483" visible="true" version="2" changeset="110398462" timestamp="2021-08-29T03:17:43Z" user="S-zation" uid="5500750" lat="39.6637701" lon="-75.7565230"/>
 <node id="6067129484" visible="true" version="2" changeset="110398462" timestamp="2021-08-29T03:17:43Z" user="S-zation" uid="5500750" lat="39.6637718" lon="-75.7565279"/>
 <node id="6067129485" visible="true" version="2" changeset="110398462" timestamp="2021-08-29T03:17:43Z" user="S-zation" uid="5500750" lat="39.6637723" lon="-75.7565335"/>
 <node id="6067129486" visible="true" version="2" changeset="110398462" timestamp="2021-08-29T03:17:43Z" user="S-zation" uid="5500750" lat="39.6637723" lon="-75.7565374"/>
 <node id="6067129487" visible="true" version="2" changeset="110398462" timestamp="2021-08-29T03:17:43Z" user="S-zation" uid="5500750" lat="39.6637713" lon="-75.7565424"/>
 <node id="6067129488" visible="true" version="2" changeset="110398462" timestamp="2021-08-29T03:17:43Z" user="S-zation" uid="5500750" lat="39.6637686" lon="-75.7565459"/>
 <node id="6067129489" visible="true" version="2" changeset="110398462" timestamp="2021-08-29T03:17:43Z" user="S-zation" uid="5500750" lat="39.6637649" lon="-75.7565481"/>
 <node id="6067129490" visible="true" version="2" changeset="110398462" timestamp="2021-08-29T03:17:43Z" user="S-zation" uid="5500750" lat="39.6637606" lon="-75.7565488"/>
 <node id="6067129491" visible="true" version="2" changeset="110398462" timestamp="2021-08-29T03:17:43Z" user="S-zation" uid="5500750" lat="39.6636871" lon="-75.7565412"/>
 <node id="6067129492" visible="true" version="2" changeset="110398462" timestamp="2021-08-29T03:17:43Z" user="S-zation" uid="5500750" lat="39.6636833" lon="-75.7565404"/>
 <node id="6067129493" visible="true" version="2" changeset="110398462" timestamp="2021-08-29T03:17:43Z" user="S-zation" uid="5500750" lat="39.6636805" lon="-75.7565378"/>
 <node id="6067129494" visible="true" version="2" changeset="110398462" timestamp="2021-08-29T03:17:43Z" user="S-zation" uid="5500750" lat="39.6636789" lon="-75.7565331"/>
 <node id="6067129496" visible="true" version="2" changeset="110398462" timestamp="2021-08-29T03:17:43Z" user="S-zation" uid="5500750" lat="39.6636783" lon="-75.7565259"/>
 <node id="6067129497" visible="true" version="2" changeset="110398462" timestamp="2021-08-29T03:17:43Z" user="S-zation" uid="5500750" lat="39.6636583" lon="-75.7568338"/>
 <node id="6067129498" visible="true" version="2" changeset="110398462" timestamp="2021-08-29T03:17:43Z" user="S-zation" uid="5500750" lat="39.6636603" lon="-75.7568302"/>
 <node id="6067129499" visible="true" version="2" changeset="110398462" timestamp="2021-08-29T03:17:43Z" user="S-zation" uid="5500750" lat="39.6636639" lon="-75.7568281"/>
 <node id="6067129500" visible="true" version="2" changeset="110398462" timestamp="2021-08-29T03:17:43Z" user="S-zation" uid="5500750" lat="39.6636695" lon="-75.7568274"/>
 <node id="6067129501" visible="true" version="2" changeset="110398462" timestamp="2021-08-29T03:17:43Z" user="S-zation" uid="5500750" lat="39.6637429" lon="-75.7568350"/>
 <node id="6067129502" visible="true" version="2" changeset="110398462" timestamp="2021-08-29T03:17:43Z" user="S-zation" uid="5500750" lat="39.6637468" lon="-75.7568379"/>
 <node id="6067129503" visible="true" version="2" changeset="110398462" timestamp="2021-08-29T03:17:43Z" user="S-zation" uid="5500750" lat="39.6637495" lon="-75.7568412"/>
 <node id="6067129504" visible="true" version="2" changeset="110398462" timestamp="2021-08-29T03:17:43Z" user="S-zation" uid="5500750" lat="39.6637512" lon="-75.7568452"/>
 <node id="6067129505" visible="true" version="2" changeset="110398462" timestamp="2021-08-29T03:17:43Z" user="S-zation" uid="5500750" lat="39.6637517" lon="-75.7568502"/>
 <node id="6067129506" visible="true" version="2" changeset="110398462" timestamp="2021-08-29T03:17:43Z" user="S-zation" uid="5500750" lat="39.6637517" lon="-75.7568541"/>
 <node id="6067129507" visible="true" version="2" changeset="110398462" timestamp="2021-08-29T03:17:43Z" user="S-zation" uid="5500750" lat="39.6637507" lon="-75.7568591"/>
 <node id="6067129508" visible="true" version="2" changeset="110398462" timestamp="2021-08-29T03:17:43Z" user="S-zation" uid="5500750" lat="39.6637481" lon="-75.7568626"/>
 <node id="6067129509" visible="true" version="2" changeset="110398462" timestamp="2021-08-29T03:17:43Z" user="S-zation" uid="5500750" lat="39.6637443" lon="-75.7568648"/>
 <node id="6067129510" visible="true" version="2" changeset="110398462" timestamp="2021-08-29T03:17:43Z" user="S-zation" uid="5500750" lat="39.6637400" lon="-75.7568655"/>
 <node id="6067129511" visible="true" version="2" changeset="110398462" timestamp="2021-08-29T03:17:43Z" user="S-zation" uid="5500750" lat="39.6636666" lon="-75.7568579"/>
 <node id="6067129512" visible="true" version="2" changeset="110398462" timestamp="2021-08-29T03:17:43Z" user="S-zation" uid="5500750" lat="39.6636627" lon="-75.7568550"/>
 <node id="6067129513" visible="true" version="2" changeset="110398462" timestamp="2021-08-29T03:17:43Z" user="S-zation" uid="5500750" lat="39.6636600" lon="-75.7568517"/>
 <node id="6067129514" visible="true" version="2" changeset="110398462" timestamp="2021-08-29T03:17:43Z" user="S-zation" uid="5500750" lat="39.6636583" lon="-75.7568477"/>
 <node id="6067129515" visible="true" version="2" changeset="110398462" timestamp="2021-08-29T03:17:43Z" user="S-zation" uid="5500750" lat="39.6636577" lon="-75.7568426"/>
 <node id="6067129516" visible="true" version="2" changeset="110398462" timestamp="2021-08-29T03:17:43Z" user="S-zation" uid="5500750" lat="39.6636577" lon="-75.7568388"/>
 <node id="6067129517" visible="true" version="2" changeset="110398462" timestamp="2021-08-29T03:17:43Z" user="S-zation" uid="5500750" lat="39.6636407" lon="-75.7571161"/>
 <node id="6067129518" visible="true" version="2" changeset="110398462" timestamp="2021-08-29T03:17:43Z" user="S-zation" uid="5500750" lat="39.6636427" lon="-75.7571121"/>
 <node id="6067129519" visible="true" version="2" changeset="110398462" timestamp="2021-08-29T03:17:43Z" user="S-zation" uid="5500750" lat="39.6636463" lon="-75.7571088"/>
 <node id="6067129520" visible="true" version="2" changeset="110398462" timestamp="2021-08-29T03:17:43Z" user="S-zation" uid="5500750" lat="39.6636519" lon="-75.7571059"/>
 <node id="6067129521" visible="true" version="2" changeset="110398462" timestamp="2021-08-29T03:17:43Z" user="S-zation" uid="5500750" lat="39.6637224" lon="-75.7571135"/>
 <node id="6067129522" visible="true" version="2" changeset="110398462" timestamp="2021-08-29T03:17:43Z" user="S-zation" uid="5500750" lat="39.6637262" lon="-75.7571148"/>
 <node id="6067129523" visible="true" version="2" changeset="110398462" timestamp="2021-08-29T03:17:43Z" user="S-zation" uid="5500750" lat="39.6637290" lon="-75.7571183"/>
 <node id="6067129524" visible="true" version="2" changeset="110398462" timestamp="2021-08-29T03:17:43Z" user="S-zation" uid="5500750" lat="39.6637306" lon="-75.7571232"/>
 <node id="6067129525" visible="true" version="2" changeset="110398462" timestamp="2021-08-29T03:17:43Z" user="S-zation" uid="5500750" lat="39.6637312" lon="-75.7571288"/>
 <node id="6067129526" visible="true" version="2" changeset="110398462" timestamp="2021-08-29T03:17:43Z" user="S-zation" uid="5500750" lat="39.6637312" lon="-75.7571479"/>
 <node id="6067129527" visible="true" version="2" changeset="110398462" timestamp="2021-08-29T03:17:43Z" user="S-zation" uid="5500750" lat="39.6637302" lon="-75.7571551"/>
 <node id="6067129528" visible="true" version="2" changeset="110398462" timestamp="2021-08-29T03:17:43Z" user="S-zation" uid="5500750" lat="39.6637275" lon="-75.7571598"/>
 <node id="6067129529" visible="true" version="2" changeset="110398462" timestamp="2021-08-29T03:17:43Z" user="S-zation" uid="5500750" lat="39.6637237" lon="-75.7571624"/>
 <node id="6067129530" visible="true" version="2" changeset="110398462" timestamp="2021-08-29T03:17:43Z" user="S-zation" uid="5500750" lat="39.6637194" lon="-75.7571631"/>
 <node id="6067129531" visible="true" version="2" changeset="110398462" timestamp="2021-08-29T03:17:43Z" user="S-zation" uid="5500750" lat="39.6636519" lon="-75.7571555"/>
 <node id="6067129532" visible="true" version="2" changeset="110398462" timestamp="2021-08-29T03:17:43Z" user="S-zation" uid="5500750" lat="39.6636463" lon="-75.7571542"/>
 <node id="6067129533" visible="true" version="2" changeset="110398462" timestamp="2021-08-29T03:17:43Z" user="S-zation" uid="5500750" lat="39.6636427" lon="-75.7571507"/>
 <node id="6067129534" visible="true" version="2" changeset="110398462" timestamp="2021-08-29T03:17:43Z" user="S-zation" uid="5500750" lat="39.6636407" lon="-75.7571459"/>
 <node id="6067129535" visible="true" version="2" changeset="110398462" timestamp="2021-08-29T03:17:43Z" user="S-zation" uid="5500750" lat="39.6636401" lon="-75.7571402"/>
 <node id="6067129536" visible="true" version="2" changeset="110398462" timestamp="2021-08-29T03:17:43Z" user="S-zation" uid="5500750" lat="39.6636401" lon="-75.7571212"/>
 <node id="6067129556" visible="true" version="2" changeset="110398462" timestamp="2021-08-29T03:17:43Z" user="S-zation" uid="5500750" lat="39.6636710" lon="-75.7575996"/>
 <node id="6067129557" visible="true" version="2" changeset="110398462" timestamp="2021-08-29T03:17:43Z" user="S-zation" uid="5500750" lat="39.6636672" lon="-75.7575962"/>
 <node id="6067129558" visible="true" version="2" changeset="110398462" timestamp="2021-08-29T03:17:43Z" user="S-zation" uid="5500750" lat="39.6636646" lon="-75.7575913"/>
 <node id="6067129559" visible="true" version="2" changeset="110398462" timestamp="2021-08-29T03:17:43Z" user="S-zation" uid="5500750" lat="39.6636636" lon="-75.7575857"/>
 <node id="6067129560" visible="true" version="2" changeset="110398462" timestamp="2021-08-29T03:17:43Z" user="S-zation" uid="5500750" lat="39.6636694" lon="-75.7574941"/>
 <node id="6067129561" visible="true" version="2" changeset="110398462" timestamp="2021-08-29T03:17:43Z" user="S-zation" uid="5500750" lat="39.6636705" lon="-75.7574891"/>
 <node id="6067129562" visible="true" version="2" changeset="110398462" timestamp="2021-08-29T03:17:43Z" user="S-zation" uid="5500750" lat="39.6636731" lon="-75.7574855"/>
 <node id="6067129563" visible="true" version="2" changeset="110398462" timestamp="2021-08-29T03:17:43Z" user="S-zation" uid="5500750" lat="39.6636769" lon="-75.7574834"/>
 <node id="6067129564" visible="true" version="2" changeset="110398462" timestamp="2021-08-29T03:17:43Z" user="S-zation" uid="5500750" lat="39.6636812" lon="-75.7574827"/>
 <node id="6067129565" visible="true" version="2" changeset="110398462" timestamp="2021-08-29T03:17:43Z" user="S-zation" uid="5500750" lat="39.6636855" lon="-75.7574840"/>
 <node id="6067129566" visible="true" version="2" changeset="110398462" timestamp="2021-08-29T03:17:43Z" user="S-zation" uid="5500750" lat="39.6636893" lon="-75.7574874"/>
 <node id="6067129567" visible="true" version="2" changeset="110398462" timestamp="2021-08-29T03:17:43Z" user="S-zation" uid="5500750" lat="39.6636919" lon="-75.7574923"/>
 <node id="6067129568" visible="true" version="2" changeset="110398462" timestamp="2021-08-29T03:17:43Z" user="S-zation" uid="5500750" lat="39.6636929" lon="-75.7574979"/>
 <node id="6067129569" visible="true" version="2" changeset="110398462" timestamp="2021-08-29T03:17:43Z" user="S-zation" uid="5500750" lat="39.6636871" lon="-75.7575895"/>
 <node id="6067129570" visible="true" version="2" changeset="110398462" timestamp="2021-08-29T03:17:43Z" user="S-zation" uid="5500750" lat="39.6636861" lon="-75.7575945"/>
 <node id="6067129571" visible="true" version="2" changeset="110398462" timestamp="2021-08-29T03:17:43Z" user="S-zation" uid="5500750" lat="39.6636834" lon="-75.7575981"/>
 <node id="6067129572" visible="true" version="2" changeset="110398462" timestamp="2021-08-29T03:17:43Z" user="S-zation" uid="5500750" lat="39.6636796" lon="-75.7576002"/>
 <node id="6067129573" visible="true" version="2" changeset="110398462" timestamp="2021-08-29T03:17:43Z" user="S-zation" uid="5500750" lat="39.6636753" lon="-75.7576010"/>
 <node id="6067129574" visible="true" version="2" changeset="110398462" timestamp="2021-08-29T03:17:43Z" user="S-zation" uid="5500750" lat="39.6639368" lon="-75.7561440"/>
 <node id="6067129575" visible="true" version="2" changeset="110398462" timestamp="2021-08-29T03:17:43Z" user="S-zation" uid="5500750" lat="39.6639243" lon="-75.7561653"/>
 <node id="6067129576" visible="true" version="2" changeset="110398462" timestamp="2021-08-29T03:17:43Z" user="S-zation" uid="5500750" lat="39.6639063" lon="-75.7561809"/>
 <node id="6067129577" visible="true" version="2" changeset="110398462" timestamp="2021-08-29T03:17:43Z" user="S-zation" uid="5500750" lat="39.6638839" lon="-75.7561901"/>
 <node id="6067129578" visible="true" version="2" changeset="110398462" timestamp="2021-08-29T03:17:43Z" user="S-zation" uid="5500750" lat="39.6635696" lon="-75.7561520"/>
 <node id="6067129579" visible="true" version="2" changeset="110398462" timestamp="2021-08-29T03:17:43Z" user="S-zation" uid="5500750" lat="39.6635638" lon="-75.7562397"/>
 <node id="6067129580" visible="true" version="2" changeset="110398462" timestamp="2021-08-29T03:17:43Z" user="S-zation" uid="5500750" lat="39.6635990" lon="-75.7562435"/>
 <node id="6067129581" visible="true" version="2" changeset="110398462" timestamp="2021-08-29T03:17:43Z" user="S-zation" uid="5500750" lat="39.6636089" lon="-75.7562462"/>
 <node id="6067129582" visible="true" version="2" changeset="110398462" timestamp="2021-08-29T03:17:43Z" user="S-zation" uid="5500750" lat="39.6636163" lon="-75.7562536"/>
 <node id="6067129583" visible="true" version="2" changeset="110398462" timestamp="2021-08-29T03:17:43Z" user="S-zation" uid="5500750" lat="39.6636209" lon="-75.7562645"/>
 <node id="6067129584" visible="true" version="2" changeset="110398462" timestamp="2021-08-29T03:17:43Z" user="S-zation" uid="5500750" lat="39.6636225" lon="-75.7562779"/>
 <node id="6067129685" visible="true" version="2" changeset="110398462" timestamp="2021-08-29T03:17:43Z" user="S-zation" uid="5500750" lat="39.6636215" lon="-75.7562851"/>
 <node id="6067129686" visible="true" version="2" changeset="110398462" timestamp="2021-08-29T03:17:43Z" user="S-zation" uid="5500750" lat="39.6636188" lon="-75.7562898"/>
 <node id="6067129687" visible="true" version="2" changeset="110398462" timestamp="2021-08-29T03:17:43Z" user="S-zation" uid="5500750" lat="39.6636151" lon="-75.7562924"/>
 <node id="6067129688" visible="true" version="2" changeset="110398462" timestamp="2021-08-29T03:17:43Z" user="S-zation" uid="5500750" lat="39.6636108" lon="-75.7562931"/>
 <node id="6067129689" visible="true" version="2" changeset="110398462" timestamp="2021-08-29T03:17:43Z" user="S-zation" uid="5500750" lat="39.6635755" lon="-75.7562893"/>
 <node id="6067129690" visible="true" version="2" changeset="110398462" timestamp="2021-08-29T03:17:43Z" user="S-zation" uid="5500750" lat="39.6635403" lon="-75.7568235"/>
 <node id="6067129691" visible="true" version="2" changeset="110398462" timestamp="2021-08-29T03:17:43Z" user="S-zation" uid="5500750" lat="39.6635784" lon="-75.7568274"/>
 <node id="6067129693" visible="true" version="2" changeset="110398462" timestamp="2021-08-29T03:17:43Z" user="S-zation" uid="5500750" lat="39.6635851" lon="-75.7568302"/>
 <node id="6067129695" visible="true" version="3" changeset="110398462" timestamp="2021-08-29T03:17:43Z" user="S-zation" uid="5500750" lat="39.6635869" lon="-75.7568331"/>
 <node id="6067129696" visible="true" version="3" changeset="110398462" timestamp="2021-08-29T03:17:43Z" user="S-zation" uid="5500750" lat="39.6635873" lon="-75.7568385"/>
 <node id="6067129697" visible="true" version="2" changeset="110398462" timestamp="2021-08-29T03:17:43Z" user="S-zation" uid="5500750" lat="39.6635867" lon="-75.7568438"/>
 <node id="6067129698" visible="true" version="2" changeset="110398462" timestamp="2021-08-29T03:17:43Z" user="S-zation" uid="5500750" lat="39.6635851" lon="-75.7568474"/>
 <node id="6067129699" visible="true" version="2" changeset="110398462" timestamp="2021-08-29T03:17:43Z" user="S-zation" uid="5500750" lat="39.6635823" lon="-75.7568495"/>
 <node id="6067129700" visible="true" version="2" changeset="110398462" timestamp="2021-08-29T03:17:43Z" user="S-zation" uid="5500750" lat="39.6635784" lon="-75.7568502"/>
 <node id="6067129701" visible="true" version="2" changeset="110398462" timestamp="2021-08-29T03:17:43Z" user="S-zation" uid="5500750" lat="39.6635403" lon="-75.7568464"/>
 <node id="6067129702" visible="true" version="2" changeset="110398462" timestamp="2021-08-29T03:17:43Z" user="S-zation" uid="5500750" lat="39.6635226" lon="-75.7571021"/>
 <node id="6067129703" visible="true" version="2" changeset="110398462" timestamp="2021-08-29T03:17:43Z" user="S-zation" uid="5500750" lat="39.6635579" lon="-75.7571059"/>
 <node id="6067129704" visible="true" version="2" changeset="110398462" timestamp="2021-08-29T03:17:43Z" user="S-zation" uid="5500750" lat="39.6635622" lon="-75.7571072"/>
 <node id="6067129705" visible="true" version="2" changeset="110398462" timestamp="2021-08-29T03:17:43Z" user="S-zation" uid="5500750" lat="39.6635660" lon="-75.7571107"/>
 <node id="6067129706" visible="true" version="2" changeset="110398462" timestamp="2021-08-29T03:17:43Z" user="S-zation" uid="5500750" lat="39.6635686" lon="-75.7571156"/>
 <node id="6067129707" visible="true" version="2" changeset="110398462" timestamp="2021-08-29T03:17:43Z" user="S-zation" uid="5500750" lat="39.6635696" lon="-75.7571212"/>
 <node id="6067129708" visible="true" version="2" changeset="110398462" timestamp="2021-08-29T03:17:43Z" user="S-zation" uid="5500750" lat="39.6635696" lon="-75.7571364"/>
 <node id="6067129709" visible="true" version="2" changeset="110398462" timestamp="2021-08-29T03:17:43Z" user="S-zation" uid="5500750" lat="39.6635736" lon="-75.7571773"/>
 <node id="6067129710" visible="true" version="2" changeset="110398462" timestamp="2021-08-29T03:17:43Z" user="S-zation" uid="5500750" lat="39.6635884" lon="-75.7572118"/>
 <node id="6067129711" visible="true" version="2" changeset="110398462" timestamp="2021-08-29T03:17:43Z" user="S-zation" uid="5500750" lat="39.6636114" lon="-75.7572362"/>
 <node id="6067129712" visible="true" version="2" changeset="110398462" timestamp="2021-08-29T03:17:43Z" user="S-zation" uid="5500750" lat="39.6636339" lon="-75.7572471"/>
 <node id="6067129713" visible="true" version="2" changeset="110398462" timestamp="2021-08-29T03:17:43Z" user="S-zation" uid="5500750" lat="39.6636506" lon="-75.7572516"/>
 <node id="6067129714" visible="true" version="2" changeset="110398462" timestamp="2021-08-29T03:17:43Z" user="S-zation" uid="5500750" lat="39.6636780" lon="-75.7572547"/>
 <node id="6067129715" visible="true" version="2" changeset="110398462" timestamp="2021-08-29T03:17:43Z" user="S-zation" uid="5500750" lat="39.6636915" lon="-75.7572626"/>
 <node id="6067129716" visible="true" version="2" changeset="110398462" timestamp="2021-08-29T03:17:43Z" user="S-zation" uid="5500750" lat="39.6637026" lon="-75.7572730"/>
 <node id="6067129717" visible="true" version="2" changeset="110398462" timestamp="2021-08-29T03:17:43Z" user="S-zation" uid="5500750" lat="39.6637076" lon="-75.7572868"/>
 <node id="6067129718" visible="true" version="2" changeset="110398462" timestamp="2021-08-29T03:17:43Z" user="S-zation" uid="5500750" lat="39.6637003" lon="-75.7573795"/>
 <node id="6067129719" visible="true" version="2" changeset="110398462" timestamp="2021-08-29T03:17:43Z" user="S-zation" uid="5500750" lat="39.6636993" lon="-75.7573845"/>
 <node id="6067129720" visible="true" version="2" changeset="110398462" timestamp="2021-08-29T03:17:43Z" user="S-zation" uid="5500750" lat="39.6636966" lon="-75.7573881"/>
 <node id="6067129721" visible="true" version="2" changeset="110398462" timestamp="2021-08-29T03:17:43Z" user="S-zation" uid="5500750" lat="39.6636928" lon="-75.7573902"/>
 <node id="6067129722" visible="true" version="2" changeset="110398462" timestamp="2021-08-29T03:17:43Z" user="S-zation" uid="5500750" lat="39.6636885" lon="-75.7573909"/>
 <node id="6067129723" visible="true" version="2" changeset="110398462" timestamp="2021-08-29T03:17:43Z" user="S-zation" uid="5500750" lat="39.6636856" lon="-75.7573909"/>
 <node id="6067129724" visible="true" version="2" changeset="110398462" timestamp="2021-08-29T03:17:43Z" user="S-zation" uid="5500750" lat="39.6636834" lon="-75.7573903"/>
 <node id="6067129725" visible="true" version="2" changeset="110398462" timestamp="2021-08-29T03:17:43Z" user="S-zation" uid="5500750" lat="39.6636815" lon="-75.7573886"/>
 <node id="6067129726" visible="true" version="2" changeset="110398462" timestamp="2021-08-29T03:17:43Z" user="S-zation" uid="5500750" lat="39.6636802" lon="-75.7573861"/>
 <node id="6067129727" visible="true" version="2" changeset="110398462" timestamp="2021-08-29T03:17:43Z" user="S-zation" uid="5500750" lat="39.6636797" lon="-75.7573833"/>
 <node id="6067129728" visible="true" version="2" changeset="110398462" timestamp="2021-08-29T03:17:43Z" user="S-zation" uid="5500750" lat="39.6636838" lon="-75.7573248"/>
 <node id="6067129730" visible="true" version="4" changeset="159074561" timestamp="2024-11-13T03:10:41Z" user="RoadGeek_MD99" uid="475877" lat="39.6635420" lon="-75.7573090"/>
 <node id="6067129745" visible="true" version="3" changeset="159074561" timestamp="2024-11-13T03:10:41Z" user="RoadGeek_MD99" uid="475877" lat="39.6635191" lon="-75.7577379"/>
 <node id="6067129746" visible="true" version="2" changeset="110398462" timestamp="2021-08-29T03:17:43Z" user="S-zation" uid="5500750" lat="39.6637248" lon="-75.7577608"/>
 <node id="6067129747" visible="true" version="2" changeset="110398462" timestamp="2021-08-29T03:17:43Z" user="S-zation" uid="5500750" lat="39.6637279" lon="-75.7577085"/>
 <node id="6067129748" visible="true" version="2" changeset="110398462" timestamp="2021-08-29T03:17:43Z" user="S-zation" uid="5500750" lat="39.6637289" lon="-75.7577007"/>
 <node id="6067129749" visible="true" version="2" changeset="110398462" timestamp="2021-08-29T03:17:43Z" user="S-zation" uid="5500750" lat="39.6637319" lon="-75.7576947"/>
 <node id="6067129750" visible="true" version="2" changeset="110398462" timestamp="2021-08-29T03:17:43Z" user="S-zation" uid="5500750" lat="39.6637365" lon="-75.7576908"/>
 <node id="6067129751" visible="true" version="2" changeset="110398462" timestamp="2021-08-29T03:17:43Z" user="S-zation" uid="5500750" lat="39.6637425" lon="-75.7576894"/>
 <node id="6067129752" visible="true" version="2" changeset="110398462" timestamp="2021-08-29T03:17:43Z" user="S-zation" uid="5500750" lat="39.6637976" lon="-75.7576962"/>
 <node id="6067129753" visible="true" version="2" changeset="110398462" timestamp="2021-08-29T03:17:43Z" user="S-zation" uid="5500750" lat="39.6638224" lon="-75.7573428"/>
 <node id="6067129754" visible="true" version="2" changeset="110398462" timestamp="2021-08-29T03:17:43Z" user="S-zation" uid="5500750" lat="39.6637809" lon="-75.7573378"/>
 <node id="6067129755" visible="true" version="2" changeset="110398462" timestamp="2021-08-29T03:17:43Z" user="S-zation" uid="5500750" lat="39.6637787" lon="-75.7573371"/>
 <node id="6067129756" visible="true" version="2" changeset="110398462" timestamp="2021-08-29T03:17:43Z" user="S-zation" uid="5500750" lat="39.6637769" lon="-75.7573354"/>
 <node id="6067129757" visible="true" version="2" changeset="110398462" timestamp="2021-08-29T03:17:43Z" user="S-zation" uid="5500750" lat="39.6637755" lon="-75.7573330"/>
 <node id="6067129758" visible="true" version="2" changeset="110398462" timestamp="2021-08-29T03:17:43Z" user="S-zation" uid="5500750" lat="39.6637750" lon="-75.7573302"/>
 <node id="6067129759" visible="true" version="2" changeset="110398462" timestamp="2021-08-29T03:17:43Z" user="S-zation" uid="5500750" lat="39.6637792" lon="-75.7572794"/>
 <node id="6067129760" visible="true" version="2" changeset="110398462" timestamp="2021-08-29T03:17:43Z" user="S-zation" uid="5500750" lat="39.6637840" lon="-75.7572660"/>
 <node id="6067129761" visible="true" version="2" changeset="110398462" timestamp="2021-08-29T03:17:43Z" user="S-zation" uid="5500750" lat="39.6637929" lon="-75.7572539"/>
 <node id="6067129762" visible="true" version="2" changeset="110398462" timestamp="2021-08-29T03:17:43Z" user="S-zation" uid="5500750" lat="39.6638059" lon="-75.7572533"/>
 <node id="6067129763" visible="true" version="2" changeset="110398462" timestamp="2021-08-29T03:17:43Z" user="S-zation" uid="5500750" lat="39.6638229" lon="-75.7572544"/>
 <node id="6067129764" visible="true" version="2" changeset="110398462" timestamp="2021-08-29T03:17:43Z" user="S-zation" uid="5500750" lat="39.6638408" lon="-75.7572652"/>
 <node id="6067129765" visible="true" version="2" changeset="110398462" timestamp="2021-08-29T03:17:43Z" user="S-zation" uid="5500750" lat="39.6638560" lon="-75.7572793"/>
 <node id="6067129766" visible="true" version="2" changeset="110398462" timestamp="2021-08-29T03:17:43Z" user="S-zation" uid="5500750" lat="39.6638620" lon="-75.7573043"/>
 <node id="6067129767" visible="true" version="2" changeset="110398462" timestamp="2021-08-29T03:17:43Z" user="S-zation" uid="5500750" lat="39.6638634" lon="-75.7573387"/>
 <node id="6067129768" visible="true" version="2" changeset="110398462" timestamp="2021-08-29T03:17:43Z" user="S-zation" uid="5500750" lat="39.6638781" lon="-75.7571174"/>
 <node id="6067129769" visible="true" version="2" changeset="110398462" timestamp="2021-08-29T03:17:43Z" user="S-zation" uid="5500750" lat="39.6638713" lon="-75.7571435"/>
 <node id="6067129770" visible="true" version="2" changeset="110398462" timestamp="2021-08-29T03:17:43Z" user="S-zation" uid="5500750" lat="39.6638571" lon="-75.7571636"/>
 <node id="6067129771" visible="true" version="2" changeset="110398462" timestamp="2021-08-29T03:17:43Z" user="S-zation" uid="5500750" lat="39.6638380" lon="-75.7571758"/>
 <node id="6067129772" visible="true" version="2" changeset="110398462" timestamp="2021-08-29T03:17:43Z" user="S-zation" uid="5500750" lat="39.6638164" lon="-75.7571784"/>
 <node id="6067129773" visible="true" version="2" changeset="110398462" timestamp="2021-08-29T03:17:43Z" user="S-zation" uid="5500750" lat="39.6638082" lon="-75.7571757"/>
 <node id="6067129774" visible="true" version="2" changeset="110398462" timestamp="2021-08-29T03:17:43Z" user="S-zation" uid="5500750" lat="39.6638017" lon="-75.7571684"/>
 <node id="6067129775" visible="true" version="2" changeset="110398462" timestamp="2021-08-29T03:17:43Z" user="S-zation" uid="5500750" lat="39.6637974" lon="-75.7571575"/>
 <node id="6067129776" visible="true" version="2" changeset="110398462" timestamp="2021-08-29T03:17:43Z" user="S-zation" uid="5500750" lat="39.6637958" lon="-75.7571441"/>
 <node id="6067129777" visible="true" version="2" changeset="110398462" timestamp="2021-08-29T03:17:43Z" user="S-zation" uid="5500750" lat="39.6637958" lon="-75.7571402"/>
 <node id="6067129778" visible="true" version="2" changeset="110398462" timestamp="2021-08-29T03:17:43Z" user="S-zation" uid="5500750" lat="39.6637963" lon="-75.7571374"/>
 <node id="6067129779" visible="true" version="2" changeset="110398462" timestamp="2021-08-29T03:17:43Z" user="S-zation" uid="5500750" lat="39.6637976" lon="-75.7571350"/>
 <node id="6067129780" visible="true" version="2" changeset="110398462" timestamp="2021-08-29T03:17:43Z" user="S-zation" uid="5500750" lat="39.6637995" lon="-75.7571333"/>
 <node id="6067129781" visible="true" version="2" changeset="110398462" timestamp="2021-08-29T03:17:43Z" user="S-zation" uid="5500750" lat="39.6638017" lon="-75.7571326"/>
 <node id="6067129782" visible="true" version="2" changeset="110398462" timestamp="2021-08-29T03:17:43Z" user="S-zation" uid="5500750" lat="39.6638428" lon="-75.7571364"/>
 <node id="6067129783" visible="true" version="2" changeset="110398462" timestamp="2021-08-29T03:17:43Z" user="S-zation" uid="5500750" lat="39.6638604" lon="-75.7568846"/>
 <node id="6067129785" visible="true" version="3" changeset="110398462" timestamp="2021-08-29T03:17:43Z" user="S-zation" uid="5500750" lat="39.6638215" lon="-75.7568801"/>
 <node id="6067129786" visible="true" version="2" changeset="110398462" timestamp="2021-08-29T03:17:43Z" user="S-zation" uid="5500750" lat="39.6638182" lon="-75.7568779"/>
 <node id="6067129787" visible="true" version="2" changeset="110398462" timestamp="2021-08-29T03:17:43Z" user="S-zation" uid="5500750" lat="39.6638169" lon="-75.7568743"/>
 <node id="6067129789" visible="true" version="2" changeset="110398462" timestamp="2021-08-29T03:17:43Z" user="S-zation" uid="5500750" lat="39.6638164" lon="-75.7568655"/>
 <node id="6067129791" visible="true" version="2" changeset="110398462" timestamp="2021-08-29T03:17:43Z" user="S-zation" uid="5500750" lat="39.6638186" lon="-75.7568569"/>
 <node id="6067129793" visible="true" version="2" changeset="110398462" timestamp="2021-08-29T03:17:43Z" user="S-zation" uid="5500750" lat="39.6638252" lon="-75.7568541"/>
 <node id="6067129794" visible="true" version="2" changeset="110398462" timestamp="2021-08-29T03:17:43Z" user="S-zation" uid="5500750" lat="39.6638634" lon="-75.7568579"/>
 <node id="6067129795" visible="true" version="2" changeset="110398462" timestamp="2021-08-29T03:17:43Z" user="S-zation" uid="5500750" lat="39.6638839" lon="-75.7565717"/>
 <node id="6067129796" visible="true" version="2" changeset="110398462" timestamp="2021-08-29T03:17:43Z" user="S-zation" uid="5500750" lat="39.6638457" lon="-75.7565679"/>
 <node id="6067129797" visible="true" version="2" changeset="110398462" timestamp="2021-08-29T03:17:43Z" user="S-zation" uid="5500750" lat="39.6638419" lon="-75.7565672"/>
 <node id="6067129798" visible="true" version="2" changeset="110398462" timestamp="2021-08-29T03:17:43Z" user="S-zation" uid="5500750" lat="39.6638391" lon="-75.7565650"/>
 <node id="6067129799" visible="true" version="2" changeset="110398462" timestamp="2021-08-29T03:17:43Z" user="S-zation" uid="5500750" lat="39.6638375" lon="-75.7565614"/>
 <node id="6067129800" visible="true" version="2" changeset="110398462" timestamp="2021-08-29T03:17:43Z" user="S-zation" uid="5500750" lat="39.6638369" lon="-75.7565564"/>
 <node id="6067129801" visible="true" version="2" changeset="110398462" timestamp="2021-08-29T03:17:43Z" user="S-zation" uid="5500750" lat="39.6638369" lon="-75.7565526"/>
 <node id="6067129802" visible="true" version="2" changeset="110398462" timestamp="2021-08-29T03:17:43Z" user="S-zation" uid="5500750" lat="39.6638375" lon="-75.7565476"/>
 <node id="6067129803" visible="true" version="2" changeset="110398462" timestamp="2021-08-29T03:17:43Z" user="S-zation" uid="5500750" lat="39.6638391" lon="-75.7565440"/>
 <node id="6067129804" visible="true" version="2" changeset="110398462" timestamp="2021-08-29T03:17:43Z" user="S-zation" uid="5500750" lat="39.6638419" lon="-75.7565419"/>
 <node id="6067129805" visible="true" version="2" changeset="110398462" timestamp="2021-08-29T03:17:43Z" user="S-zation" uid="5500750" lat="39.6638457" lon="-75.7565412"/>
 <node id="6067129806" visible="true" version="2" changeset="110398462" timestamp="2021-08-29T03:17:43Z" user="S-zation" uid="5500750" lat="39.6638839" lon="-75.7565450"/>
 <node id="6067129807" visible="true" version="2" changeset="110398462" timestamp="2021-08-29T03:17:43Z" user="S-zation" uid="5500750" lat="39.6638986" lon="-75.7563199"/>
 <node id="6067129808" visible="true" version="2" changeset="110398462" timestamp="2021-08-29T03:17:43Z" user="S-zation" uid="5500750" lat="39.6638634" lon="-75.7563160"/>
 <node id="6067129809" visible="true" version="2" changeset="110398462" timestamp="2021-08-29T03:17:43Z" user="S-zation" uid="5500750" lat="39.6638595" lon="-75.7563147"/>
 <node id="6067129810" visible="true" version="2" changeset="110398462" timestamp="2021-08-29T03:17:43Z" user="S-zation" uid="5500750" lat="39.6638568" lon="-75.7563113"/>
 <node id="6067129811" visible="true" version="2" changeset="110398462" timestamp="2021-08-29T03:17:43Z" user="S-zation" uid="5500750" lat="39.6638551" lon="-75.7563064"/>
 <node id="6067129812" visible="true" version="2" changeset="110398462" timestamp="2021-08-29T03:17:43Z" user="S-zation" uid="5500750" lat="39.6638546" lon="-75.7563008"/>
 <node id="6067129813" visible="true" version="2" changeset="110398462" timestamp="2021-08-29T03:17:43Z" user="S-zation" uid="5500750" lat="39.6638579" lon="-75.7562880"/>
 <node id="6067129814" visible="true" version="2" changeset="110398462" timestamp="2021-08-29T03:17:43Z" user="S-zation" uid="5500750" lat="39.6638634" lon="-75.7562784"/>
 <node id="6067129815" visible="true" version="2" changeset="110398462" timestamp="2021-08-29T03:17:43Z" user="S-zation" uid="5500750" lat="39.6638711" lon="-75.7562723"/>
 <node id="6067129816" visible="true" version="2" changeset="110398462" timestamp="2021-08-29T03:17:43Z" user="S-zation" uid="5500750" lat="39.6638810" lon="-75.7562702"/>
 <node id="6067129817" visible="true" version="2" changeset="110398462" timestamp="2021-08-29T03:17:43Z" user="S-zation" uid="5500750" lat="39.6638915" lon="-75.7562717"/>
 <node id="6067129818" visible="true" version="2" changeset="110398462" timestamp="2021-08-29T03:17:43Z" user="S-zation" uid="5500750" lat="39.6639008" lon="-75.7562760"/>
 <node id="6067129819" visible="true" version="2" changeset="110398462" timestamp="2021-08-29T03:17:43Z" user="S-zation" uid="5500750" lat="39.6639091" lon="-75.7562831"/>
 <node id="6067129820" visible="true" version="2" changeset="110398462" timestamp="2021-08-29T03:17:43Z" user="S-zation" uid="5500750" lat="39.6639162" lon="-75.7562931"/>
 <node id="6067129821" visible="true" version="2" changeset="110398462" timestamp="2021-08-29T03:17:43Z" user="S-zation" uid="5500750" lat="39.6639222" lon="-75.7563030"/>
 <node id="6067129822" visible="true" version="2" changeset="110398462" timestamp="2021-08-29T03:17:43Z" user="S-zation" uid="5500750" lat="39.6639265" lon="-75.7563151"/>
 <node id="6067129823" visible="true" version="2" changeset="110398462" timestamp="2021-08-29T03:17:43Z" user="S-zation" uid="5500750" lat="39.6639286" lon="-75.7563286"/>
 <node id="6067129824" visible="true" version="2" changeset="110398462" timestamp="2021-08-29T03:17:43Z" user="S-zation" uid="5500750" lat="39.6639280" lon="-75.7563427"/>
 <node id="6067129825" visible="true" version="2" changeset="110398462" timestamp="2021-08-29T03:17:43Z" user="S-zation" uid="5500750" lat="39.6639427" lon="-75.7561176"/>
 <node id="6093256615" visible="true" version="6" changeset="158746559" timestamp="2024-11-04T15:51:07Z" user="hihelloitsme" uid="22140645" lat="39.6669348" lon="-75.7543525"/>
 <node id="6096028865" visible="true" version="3" changeset="174437188" timestamp="2025-11-09T21:35:21Z" user="_jcaruso" uid="8148904" lat="39.6689313" lon="-75.7546500"/>
 <node id="6268904868" visible="true" version="1" changeset="67061653" timestamp="2019-02-09T23:47:13Z" user="S-zation" uid="5500750" lat="39.6667940" lon="-75.7556447"/>
 <node id="6268904869" visible="true" version="1" changeset="67061653" timestamp="2019-02-09T23:47:13Z" user="S-zation" uid="5500750" lat="39.6669537" lon="-75.7529962"/>
 <node id="6268904870" visible="true" version="1" changeset="67061653" timestamp="2019-02-09T23:47:13Z" user="S-zation" uid="5500750" lat="39.6643243" lon="-75.7526569"/>
 <node id="6268904871" visible="true" version="1" changeset="67061653" timestamp="2019-02-09T23:47:13Z" user="S-zation" uid="5500750" lat="39.6640620" lon="-75.7526636"/>
 <node id="6268904872" visible="true" version="1" changeset="67061653" timestamp="2019-02-09T23:47:13Z" user="S-zation" uid="5500750" lat="39.6634323" lon="-75.7525885"/>
 <node id="6268904873" visible="true" version="1" changeset="67061653" timestamp="2019-02-09T23:47:13Z" user="S-zation" uid="5500750" lat="39.6633693" lon="-75.7526006"/>
 <node id="6268904874" visible="true" version="1" changeset="67061653" timestamp="2019-02-09T23:47:13Z" user="S-zation" uid="5500750" lat="39.6633074" lon="-75.7526556"/>
 <node id="6268904875" visible="true" version="1" changeset="67061653" timestamp="2019-02-09T23:47:13Z" user="S-zation" uid="5500750" lat="39.6632753" lon="-75.7527629"/>
 <node id="6268904876" visible="true" version="1" changeset="67061653" timestamp="2019-02-09T23:47:13Z" user="S-zation" uid="5500750" lat="39.6630658" lon="-75.7552949"/>
 <node id="6956879318" visible="true" version="1" changeset="76793603" timestamp="2019-11-08T08:17:08Z" user="bjnlm" uid="10173446" lat="39.6652742" lon="-75.7547475"/>
 <node id="6956879319" visible="true" version="1" changeset="76793603" timestamp="2019-11-08T08:17:08Z" user="bjnlm" uid="10173446" lat="39.6650866" lon="-75.7553207"/>
 <node id="6956879320" visible="true" version="1" changeset="76793603" timestamp="2019-11-08T08:17:08Z" user="bjnlm" uid="10173446" lat="39.6650613" lon="-75.7553392"/>
 <node id="6956879321" visible="true" version="1" changeset="76793603" timestamp="2019-11-08T08:17:08Z" user="bjnlm" uid="10173446" lat="39.6650233" lon="-75.7553392"/>
 <node id="6956879322" visible="true" version="1" changeset="76793603" timestamp="2019-11-08T08:17:08Z" user="bjnlm" uid="10173446" lat="39.6638907" lon="-75.7552077"/>
 <node id="6956879323" visible="true" version="1" changeset="76793603" timestamp="2019-11-08T08:17:08Z" user="bjnlm" uid="10173446" lat="39.6637104" lon="-75.7551851"/>
 <node id="6956879324" visible="true" version="1" changeset="76793603" timestamp="2019-11-08T08:17:08Z" user="bjnlm" uid="10173446" lat="39.6632690" lon="-75.7551276"/>
 <node id="6956879325" visible="true" version="1" changeset="76793603" timestamp="2019-11-08T08:17:08Z" user="bjnlm" uid="10173446" lat="39.6632469" lon="-75.7551173"/>
 <node id="6956879326" visible="true" version="1" changeset="76793603" timestamp="2019-11-08T08:17:08Z" user="bjnlm" uid="10173446" lat="39.6632326" lon="-75.7550967"/>
 <node id="6956879327" visible="true" version="1" changeset="76793603" timestamp="2019-11-08T08:17:08Z" user="bjnlm" uid="10173446" lat="39.6632295" lon="-75.7550618"/>
 <node id="6956879337" visible="true" version="3" changeset="158746559" timestamp="2024-11-04T15:51:07Z" user="hihelloitsme" uid="22140645" lat="39.6637584" lon="-75.7554810"/>
 <node id="6956879338" visible="true" version="1" changeset="76793603" timestamp="2019-11-08T08:17:08Z" user="bjnlm" uid="10173446" lat="39.6637759" lon="-75.7551933"/>
 <node id="6956879339" visible="true" version="1" changeset="76793603" timestamp="2019-11-08T08:17:08Z" user="bjnlm" uid="10173446" lat="39.6637962" lon="-75.7547601"/>
 <node id="6956879340" visible="true" version="1" changeset="76793603" timestamp="2019-11-08T08:17:08Z" user="bjnlm" uid="10173446" lat="39.6632499" lon="-75.7547013"/>
 <node id="6956879350" visible="true" version="1" changeset="76793603" timestamp="2019-11-08T08:17:08Z" user="bjnlm" uid="10173446" lat="39.6647396" lon="-75.7553063"/>
 <node id="6956879351" visible="true" version="1" changeset="76793603" timestamp="2019-11-08T08:17:08Z" user="bjnlm" uid="10173446" lat="39.6649635" lon="-75.7545928"/>
 <node id="6956879352" visible="true" version="1" changeset="76793603" timestamp="2019-11-08T08:17:08Z" user="bjnlm" uid="10173446" lat="39.6649093" lon="-75.7553260"/>
 <node id="6956879353" visible="true" version="1" changeset="76793603" timestamp="2019-11-08T08:17:08Z" user="bjnlm" uid="10173446" lat="39.6651029" lon="-75.7546650"/>
 <node id="6956879354" visible="true" version="1" changeset="76793603" timestamp="2019-11-08T08:17:08Z" user="bjnlm" uid="10173446" lat="39.6648022" lon="-75.7551068"/>
 <node id="6956879355" visible="true" version="1" changeset="76793603" timestamp="2019-11-08T08:17:08Z" user="bjnlm" uid="10173446" lat="39.6637861" lon="-75.7549751"/>
 <node id="6956879356" visible="true" version="1" changeset="76793603" timestamp="2019-11-08T08:17:08Z" user="bjnlm" uid="10173446" lat="39.6632381" lon="-75.7549097"/>
 <node id="6969133269" visible="true" version="1" changeset="76963179" timestamp="2019-11-12T13:33:32Z" user="vvvnm" uid="10192117" lat="39.6613814" lon="-75.7583535"/>
 <node id="7079466733" visible="true" version="3" changeset="160045065" timestamp="2024-12-08T03:30:19Z" user="RoadGeek_MD99" uid="475877" lat="39.6658373" lon="-75.7549536">
  <tag k="crossing" v="unmarked"/>
  <tag k="crossing:markings" v="no"/>
  <tag k="highway" v="crossing"/>
 </node>
 <node id="7079466734" visible="true" version="3" changeset="80991344" timestamp="2020-02-14T06:41:37Z" user="S-zation" uid="5500750" lat="39.6659030" lon="-75.7549593"/>
 <node id="7079466735" visible="true" version="2" changeset="160045065" timestamp="2024-12-08T03:30:19Z" user="RoadGeek_MD99" uid="475877" lat="39.6658893" lon="-75.7551696"/>
 <node id="7079466736" visible="true" version="2" changeset="160045065" timestamp="2024-12-08T03:30:19Z" user="RoadGeek_MD99" uid="475877" lat="39.6658710" lon="-75.7554271"/>
 <node id="7079466737" visible="true" version="1" changeset="78766522" timestamp="2019-12-23T10:00:38Z" user="javmoh" uid="9632266" lat="39.6661905" lon="-75.7551993"/>
 <node id="7079466738" visible="true" version="2" changeset="160045065" timestamp="2024-12-08T03:30:19Z" user="RoadGeek_MD99" uid="475877" lat="39.6662152" lon="-75.7551909"/>
 <node id="7079466739" visible="true" version="1" changeset="78766522" timestamp="2019-12-23T10:00:38Z" user="javmoh" uid="9632266" lat="39.6666184" lon="-75.7539471"/>
 <node id="7079466740" visible="true" version="1" changeset="78766522" timestamp="2019-12-23T10:00:38Z" user="javmoh" uid="9632266" lat="39.6666406" lon="-75.7534008"/>
 <node id="7079466741" visible="true" version="3" changeset="166504110" timestamp="2025-05-20T04:14:32Z" user="DUGA" uid="10585023" lat="39.6670102" lon="-75.7536171"/>
 <node id="7079466743" visible="true" version="1" changeset="78766522" timestamp="2019-12-23T10:00:38Z" user="javmoh" uid="9632266" lat="39.6659598" lon="-75.7532729"/>
 <node id="7094821616" visible="true" version="1" changeset="78997801" timestamp="2019-12-30T04:11:00Z" user="javmoh" uid="9632266" lat="39.6658982" lon="-75.7541060"/>
 <node id="7094821617" visible="true" version="2" changeset="158746559" timestamp="2024-11-04T15:51:07Z" user="hihelloitsme" uid="22140645" lat="39.6658016" lon="-75.7540954"/>
 <node id="7104755177" visible="true" version="1" changeset="79160063" timestamp="2020-01-03T14:35:08Z" user="John the Mapper" uid="10184415" lat="39.6673320" lon="-75.7593307"/>
 <node id="7104755178" visible="true" version="1" changeset="79160063" timestamp="2020-01-03T14:35:08Z" user="John the Mapper" uid="10184415" lat="39.6672679" lon="-75.7594622"/>
 <node id="7104755179" visible="true" version="1" changeset="79160063" timestamp="2020-01-03T14:35:08Z" user="John the Mapper" uid="10184415" lat="39.6671667" lon="-75.7596969"/>
 <node id="7104755180" visible="true" version="1" changeset="79160063" timestamp="2020-01-03T14:35:08Z" user="John the Mapper" uid="10184415" lat="39.6670911" lon="-75.7599117"/>
 <node id="7104755181" visible="true" version="1" changeset="79160063" timestamp="2020-01-03T14:35:08Z" user="John the Mapper" uid="10184415" lat="39.6669501" lon="-75.7603012"/>
 <node id="7104755182" visible="true" version="1" changeset="79160063" timestamp="2020-01-03T14:35:08Z" user="John the Mapper" uid="10184415" lat="39.6668335" lon="-75.7606558"/>
 <node id="7104755183" visible="true" version="1" changeset="79160063" timestamp="2020-01-03T14:35:08Z" user="John the Mapper" uid="10184415" lat="39.6665823" lon="-75.7614649"/>
 <node id="7104755184" visible="true" version="1" changeset="79160063" timestamp="2020-01-03T14:35:08Z" user="John the Mapper" uid="10184415" lat="39.6662760" lon="-75.7624638"/>
 <node id="7104755185" visible="true" version="1" changeset="79160063" timestamp="2020-01-03T14:35:08Z" user="John the Mapper" uid="10184415" lat="39.6662414" lon="-75.7625653"/>
 <node id="7104755186" visible="true" version="1" changeset="79160063" timestamp="2020-01-03T14:35:08Z" user="John the Mapper" uid="10184415" lat="39.6662107" lon="-75.7626719"/>
 <node id="7104755187" visible="true" version="1" changeset="79160063" timestamp="2020-01-03T14:35:08Z" user="John the Mapper" uid="10184415" lat="39.6661505" lon="-75.7628000"/>
 <node id="7104755188" visible="true" version="1" changeset="79160063" timestamp="2020-01-03T14:35:08Z" user="John the Mapper" uid="10184415" lat="39.6660479" lon="-75.7630031"/>
 <node id="7104755189" visible="true" version="1" changeset="79160063" timestamp="2020-01-03T14:35:08Z" user="John the Mapper" uid="10184415" lat="39.6659723" lon="-75.7631896"/>
 <node id="7104755190" visible="true" version="1" changeset="79160063" timestamp="2020-01-03T14:35:08Z" user="John the Mapper" uid="10184415" lat="39.6659236" lon="-75.7633145"/>
 <node id="7104755191" visible="true" version="1" changeset="79160063" timestamp="2020-01-03T14:35:08Z" user="John the Mapper" uid="10184415" lat="39.6657596" lon="-75.7638405"/>
 <node id="7104755192" visible="true" version="1" changeset="79160063" timestamp="2020-01-03T14:35:08Z" user="John the Mapper" uid="10184415" lat="39.6657224" lon="-75.7640020"/>
 <node id="7104755193" visible="true" version="1" changeset="79160063" timestamp="2020-01-03T14:35:08Z" user="John the Mapper" uid="10184415" lat="39.6656865" lon="-75.7641568"/>
 <node id="7104755194" visible="true" version="1" changeset="79160063" timestamp="2020-01-03T14:35:08Z" user="John the Mapper" uid="10184415" lat="39.6656699" lon="-75.7642184"/>
 <node id="7104755195" visible="true" version="1" changeset="79160063" timestamp="2020-01-03T14:35:08Z" user="John the Mapper" uid="10184415" lat="39.6656007" lon="-75.7644482"/>
 <node id="7104755196" visible="true" version="1" changeset="79160063" timestamp="2020-01-03T14:35:08Z" user="John the Mapper" uid="10184415" lat="39.6655930" lon="-75.7644998"/>
 <node id="7104755197" visible="true" version="1" changeset="79160063" timestamp="2020-01-03T14:35:08Z" user="John the Mapper" uid="10184415" lat="39.6654854" lon="-75.7651024"/>
 <node id="7104755198" visible="true" version="1" changeset="79160063" timestamp="2020-01-03T14:35:08Z" user="John the Mapper" uid="10184415" lat="39.6654508" lon="-75.7652572"/>
 <node id="7104755199" visible="true" version="1" changeset="79160063" timestamp="2020-01-03T14:35:08Z" user="John the Mapper" uid="10184415" lat="39.6654008" lon="-75.7654337"/>
 <node id="7104755200" visible="true" version="1" changeset="79160063" timestamp="2020-01-03T14:35:08Z" user="John the Mapper" uid="10184415" lat="39.6653469" lon="-75.7656052"/>
 <node id="7104755201" visible="true" version="1" changeset="79160063" timestamp="2020-01-03T14:35:08Z" user="John the Mapper" uid="10184415" lat="39.6652739" lon="-75.7658166"/>
 <node id="7104755222" visible="true" version="1" changeset="79160063" timestamp="2020-01-03T14:35:08Z" user="John the Mapper" uid="10184415" lat="39.6651662" lon="-75.7660965"/>
 <node id="7104755294" visible="true" version="1" changeset="79160063" timestamp="2020-01-03T14:35:08Z" user="John the Mapper" uid="10184415" lat="39.6639818" lon="-75.7600497"/>
 <node id="7104755295" visible="true" version="2" changeset="158746559" timestamp="2024-11-04T15:51:07Z" user="hihelloitsme" uid="22140645" lat="39.6642206" lon="-75.7592166"/>
 <node id="7210903293" visible="true" version="1" changeset="80991344" timestamp="2020-02-14T06:41:37Z" user="S-zation" uid="5500750" lat="39.6665000" lon="-75.7543177"/>
 <node id="7210903320" visible="true" version="1" changeset="80991344" timestamp="2020-02-14T06:41:37Z" user="S-zation" uid="5500750" lat="39.6662846" lon="-75.7549921"/>
 <node id="7210903321" visible="true" version="1" changeset="80991344" timestamp="2020-02-14T06:41:37Z" user="S-zation" uid="5500750" lat="39.6663482" lon="-75.7547930"/>
 <node id="7210903323" visible="true" version="1" changeset="80991344" timestamp="2020-02-14T06:41:37Z" user="S-zation" uid="5500750" lat="39.6664125" lon="-75.7545795"/>
 <node id="7210903325" visible="true" version="1" changeset="80991344" timestamp="2020-02-14T06:41:37Z" user="S-zation" uid="5500750" lat="39.6664757" lon="-75.7543903"/>
 <node id="7210903327" visible="true" version="1" changeset="80991344" timestamp="2020-02-14T06:41:37Z" user="S-zation" uid="5500750" lat="39.6665419" lon="-75.7541866"/>
 <node id="7210903328" visible="true" version="1" changeset="80991344" timestamp="2020-02-14T06:41:37Z" user="S-zation" uid="5500750" lat="39.6666090" lon="-75.7539757"/>
 <node id="7210903330" visible="true" version="1" changeset="80991344" timestamp="2020-02-14T06:41:37Z" user="S-zation" uid="5500750" lat="39.6666260" lon="-75.7537494"/>
 <node id="7210903332" visible="true" version="1" changeset="80991344" timestamp="2020-02-14T06:41:37Z" user="S-zation" uid="5500750" lat="39.6666344" lon="-75.7535372"/>
 <node id="7210903334" visible="true" version="2" changeset="87778705" timestamp="2020-07-09T18:09:19Z" user="EvanSiroky" uid="144525" lat="39.6630228" lon="-75.7546669"/>
 <node id="7281787517" visible="true" version="1" changeset="81997372" timestamp="2020-03-10T08:02:11Z" user="nehnaaz" uid="10240915" lat="39.6686270" lon="-75.7558146"/>
 <node id="7281787518" visible="true" version="1" changeset="81997372" timestamp="2020-03-10T08:02:11Z" user="nehnaaz" uid="10240915" lat="39.6687516" lon="-75.7554273"/>
 <node id="7281787519" visible="true" version="1" changeset="81997372" timestamp="2020-03-10T08:02:11Z" user="nehnaaz" uid="10240915" lat="39.6688918" lon="-75.7551296"/>
 <node id="7281787520" visible="true" version="2" changeset="174437188" timestamp="2025-11-09T21:35:21Z" user="_jcaruso" uid="8148904" lat="39.6690365" lon="-75.7549787"/>
 <node id="7281787523" visible="true" version="3" changeset="174437188" timestamp="2025-11-09T21:35:21Z" user="_jcaruso" uid="8148904" lat="39.6689098" lon="-75.7545828"/>
 <node id="7287533810" visible="true" version="3" changeset="158746559" timestamp="2024-11-04T15:51:07Z" user="hihelloitsme" uid="22140645" lat="39.6622129" lon="-75.7576991"/>
 <node id="7287533811" visible="true" version="2" changeset="120211239" timestamp="2022-04-26T12:34:36Z" user="saikkomm" uid="13713186" lat="39.6618091" lon="-75.7576836"/>
 <node id="7287533812" visible="true" version="2" changeset="120211239" timestamp="2022-04-26T12:34:36Z" user="saikkomm" uid="13713186" lat="39.6613469" lon="-75.7576827"/>
 <node id="7287533813" visible="true" version="2" changeset="120211239" timestamp="2022-04-26T12:34:36Z" user="saikkomm" uid="13713186" lat="39.6612948" lon="-75.7576709"/>
 <node id="7287533821" visible="true" version="2" changeset="85442239" timestamp="2020-05-19T12:32:35Z" user="siddhaam" uid="10192119" lat="39.6612615" lon="-75.7550270"/>
 <node id="7287533822" visible="true" version="2" changeset="85442239" timestamp="2020-05-19T12:32:35Z" user="siddhaam" uid="10192119" lat="39.6613311" lon="-75.7549221"/>
 <node id="7287533823" visible="true" version="2" changeset="85442239" timestamp="2020-05-19T12:32:35Z" user="siddhaam" uid="10192119" lat="39.6613991" lon="-75.7548706"/>
 <node id="7287533824" visible="true" version="2" changeset="85442239" timestamp="2020-05-19T12:32:35Z" user="siddhaam" uid="10192119" lat="39.6614771" lon="-75.7548373"/>
 <node id="7287533825" visible="true" version="2" changeset="85442239" timestamp="2020-05-19T12:32:35Z" user="siddhaam" uid="10192119" lat="39.6615927" lon="-75.7548205"/>
 <node id="7287533826" visible="true" version="2" changeset="85442239" timestamp="2020-05-19T12:32:35Z" user="siddhaam" uid="10192119" lat="39.6617592" lon="-75.7548898"/>
 <node id="7487988822" visible="true" version="1" changeset="84730107" timestamp="2020-05-06T04:50:11Z" user="mzamam" uid="10480293" lat="39.6633266" lon="-75.7610764"/>
 <node id="7487988832" visible="true" version="1" changeset="84730107" timestamp="2020-05-06T04:50:11Z" user="mzamam" uid="10480293" lat="39.6627088" lon="-75.7600041"/>
 <node id="7487988838" visible="true" version="1" changeset="84730107" timestamp="2020-05-06T04:50:11Z" user="mzamam" uid="10480293" lat="39.6634391" lon="-75.7600496"/>
 <node id="7487988842" visible="true" version="1" changeset="84730107" timestamp="2020-05-06T04:50:11Z" user="mzamam" uid="10480293" lat="39.6636285" lon="-75.7601131"/>
 <node id="7537635397" visible="true" version="1" changeset="85442239" timestamp="2020-05-19T12:32:35Z" user="siddhaam" uid="10192119" lat="39.6619194" lon="-75.7549615"/>
 <node id="7537635398" visible="true" version="1" changeset="85442239" timestamp="2020-05-19T12:32:35Z" user="siddhaam" uid="10192119" lat="39.6621571" lon="-75.7550791"/>
 <node id="7537635399" visible="true" version="1" changeset="85442239" timestamp="2020-05-19T12:32:35Z" user="siddhaam" uid="10192119" lat="39.6623553" lon="-75.7551712"/>
 <node id="7537635400" visible="true" version="1" changeset="85442239" timestamp="2020-05-19T12:32:35Z" user="siddhaam" uid="10192119" lat="39.6625024" lon="-75.7552384"/>
 <node id="7537635401" visible="true" version="1" changeset="85442239" timestamp="2020-05-19T12:32:35Z" user="siddhaam" uid="10192119" lat="39.6626039" lon="-75.7553003"/>
 <node id="7537635402" visible="true" version="1" changeset="85442239" timestamp="2020-05-19T12:32:35Z" user="siddhaam" uid="10192119" lat="39.6627183" lon="-75.7553552"/>
 <node id="7537635403" visible="true" version="4" changeset="144570627" timestamp="2023-11-29T02:08:16Z" user="DUGA" uid="10585023" lat="39.6629661" lon="-75.7553848"/>
 <node id="7700244953" visible="true" version="1" changeset="87778705" timestamp="2020-07-09T18:09:19Z" user="EvanSiroky" uid="144525" lat="39.6660237" lon="-75.7528592"/>
 <node id="7700244954" visible="true" version="1" changeset="87778705" timestamp="2020-07-09T18:09:19Z" user="EvanSiroky" uid="144525" lat="39.6660567" lon="-75.7528606"/>
 <node id="7700244955" visible="true" version="1" changeset="87778705" timestamp="2020-07-09T18:09:19Z" user="EvanSiroky" uid="144525" lat="39.6664944" lon="-75.7529196"/>
 <node id="7700244956" visible="true" version="1" changeset="87778705" timestamp="2020-07-09T18:09:19Z" user="EvanSiroky" uid="144525" lat="39.6667587" lon="-75.7529973"/>
 <node id="7700244957" visible="true" version="1" changeset="87778705" timestamp="2020-07-09T18:09:19Z" user="EvanSiroky" uid="144525" lat="39.6668371" lon="-75.7530041"/>
 <node id="7700244958" visible="true" version="1" changeset="87778705" timestamp="2020-07-09T18:09:19Z" user="EvanSiroky" uid="144525" lat="39.6668588" lon="-75.7530121"/>
 <node id="7700244959" visible="true" version="1" changeset="87778705" timestamp="2020-07-09T18:09:19Z" user="EvanSiroky" uid="144525" lat="39.6669022" lon="-75.7530590"/>
 <node id="7700244960" visible="true" version="1" changeset="87778705" timestamp="2020-07-09T18:09:19Z" user="EvanSiroky" uid="144525" lat="39.6669301" lon="-75.7531033"/>
 <node id="7700244961" visible="true" version="1" changeset="87778705" timestamp="2020-07-09T18:09:19Z" user="EvanSiroky" uid="144525" lat="39.6669507" lon="-75.7531677"/>
 <node id="7700244962" visible="true" version="1" changeset="87778705" timestamp="2020-07-09T18:09:19Z" user="EvanSiroky" uid="144525" lat="39.6669548" lon="-75.7532227"/>
 <node id="7700244963" visible="true" version="1" changeset="87778705" timestamp="2020-07-09T18:09:19Z" user="EvanSiroky" uid="144525" lat="39.6668588" lon="-75.7538771"/>
 <node id="7700244964" visible="true" version="1" changeset="87778705" timestamp="2020-07-09T18:09:19Z" user="EvanSiroky" uid="144525" lat="39.6668526" lon="-75.7539442"/>
 <node id="7700244965" visible="true" version="1" changeset="87778705" timestamp="2020-07-09T18:09:19Z" user="EvanSiroky" uid="144525" lat="39.6668526" lon="-75.7540662"/>
 <node id="7700244966" visible="true" version="2" changeset="160045065" timestamp="2024-12-08T03:30:19Z" user="RoadGeek_MD99" uid="475877" lat="39.6668620" lon="-75.7542955">
  <tag k="barrier" v="kerb"/>
  <tag k="kerb" v="lowered"/>
 </node>
 <node id="7700244968" visible="true" version="1" changeset="87778705" timestamp="2020-07-09T18:09:19Z" user="EvanSiroky" uid="144525" lat="39.6669340" lon="-75.7531157"/>
 <node id="7700244976" visible="true" version="2" changeset="166504110" timestamp="2025-05-20T04:14:32Z" user="DUGA" uid="10585023" lat="39.6669712" lon="-75.7539594"/>
 <node id="7700246604" visible="true" version="1" changeset="87778705" timestamp="2020-07-09T18:09:19Z" user="EvanSiroky" uid="144525" lat="39.6630387" lon="-75.7525721"/>
 <node id="7700246611" visible="true" version="1" changeset="87778705" timestamp="2020-07-09T18:09:19Z" user="EvanSiroky" uid="144525" lat="39.6631719" lon="-75.7525450">
  <tag k="crossing" v="marked"/>
  <tag k="highway" v="crossing"/>
 </node>
 <node id="7790500345" visible="true" version="1" changeset="89018519" timestamp="2020-08-06T06:52:51Z" user="ramayang" uid="10457700" lat="39.6631055" lon="-75.7535119"/>
 <node id="8413953386" visible="true" version="2" changeset="158746559" timestamp="2024-11-04T15:51:07Z" user="hihelloitsme" uid="22140645" lat="39.6639943" lon="-75.7562333"/>
 <node id="8413953387" visible="true" version="2" changeset="110398462" timestamp="2021-08-29T03:17:43Z" user="S-zation" uid="5500750" lat="39.6638257" lon="-75.7562128"/>
 <node id="8413953391" visible="true" version="2" changeset="110398462" timestamp="2021-08-29T03:17:43Z" user="S-zation" uid="5500750" lat="39.6638135" lon="-75.7563807"/>
 <node id="8413953392" visible="true" version="1" changeset="99080656" timestamp="2021-02-11T06:07:21Z" user="kumrrst" uid="11676211" lat="39.6637524" lon="-75.7572100"/>
 <node id="8413953394" visible="true" version="3" changeset="158746559" timestamp="2024-11-04T15:51:07Z" user="hihelloitsme" uid="22140645" lat="39.6639271" lon="-75.7572248"/>
 <node id="8558604022" visible="true" version="4" changeset="158746559" timestamp="2024-11-04T15:51:07Z" user="hihelloitsme" uid="22140645" lat="39.6680737" lon="-75.7559983"/>
 <node id="8575257546" visible="true" version="1" changeset="101987155" timestamp="2021-03-30T12:52:00Z" user="Grand Lahou" uid="12957405" lat="39.6633186" lon="-75.7525118"/>
 <node id="8575257547" visible="true" version="1" changeset="101987155" timestamp="2021-03-30T12:52:00Z" user="Grand Lahou" uid="12957405" lat="39.6631067" lon="-75.7552773"/>
 <node id="8575257548" visible="true" version="1" changeset="101987155" timestamp="2021-03-30T12:52:00Z" user="Grand Lahou" uid="12957405" lat="39.6656176" lon="-75.7556020"/>
 <node id="8575257549" visible="true" version="1" changeset="101987155" timestamp="2021-03-30T12:52:00Z" user="Grand Lahou" uid="12957405" lat="39.6658295" lon="-75.7528365"/>
 <node id="8751696865" visible="true" version="2" changeset="159074561" timestamp="2024-11-13T03:10:41Z" user="RoadGeek_MD99" uid="475877" lat="39.6634407" lon="-75.7600010"/>
 <node id="8751696866" visible="true" version="1" changeset="105060369" timestamp="2021-05-21T04:34:55Z" user="thaggela" uid="11705755" lat="39.6634938" lon="-75.7598250"/>
 <node id="8751696867" visible="true" version="1" changeset="105060369" timestamp="2021-05-21T04:34:55Z" user="thaggela" uid="11705755" lat="39.6634763" lon="-75.7597845"/>
 <node id="8751696868" visible="true" version="1" changeset="105060369" timestamp="2021-05-21T04:34:55Z" user="thaggela" uid="11705755" lat="39.6628937" lon="-75.7594707"/>
 <node id="8751696869" visible="true" version="1" changeset="105060369" timestamp="2021-05-21T04:34:55Z" user="thaggela" uid="11705755" lat="39.6628664" lon="-75.7594934"/>
 <node id="8797263552" visible="true" version="3" changeset="158746559" timestamp="2024-11-04T15:51:07Z" user="hihelloitsme" uid="22140645" lat="39.6665621" lon="-75.7565060"/>
 <node id="8797396132" visible="true" version="1" changeset="105816013" timestamp="2021-06-04T06:23:59Z" user="kirashas" uid="10114003" lat="39.6620130" lon="-75.7550078"/>
 <node id="9044609955" visible="true" version="1" changeset="110398462" timestamp="2021-08-29T03:17:43Z" user="S-zation" uid="5500750" lat="39.6637262" lon="-75.7558284">
  <tag k="name" v="NIIMBL"/>
  <tag k="office" v="research"/>
 </node>
 <node id="9044609956" visible="true" version="1" changeset="110398462" timestamp="2021-08-29T03:17:43Z" user="S-zation" uid="5500750" lat="39.6636414" lon="-75.7571973"/>
 <node id="9044609957" visible="true" version="1" changeset="110398462" timestamp="2021-08-29T03:17:43Z" user="S-zation" uid="5500750" lat="39.6636164" lon="-75.7571790"/>
 <node id="9044609958" visible="true" version="1" changeset="110398462" timestamp="2021-08-29T03:17:43Z" user="S-zation" uid="5500750" lat="39.6636039" lon="-75.7571119"/>
 <node id="9044609959" visible="true" version="1" changeset="110398462" timestamp="2021-08-29T03:17:43Z" user="S-zation" uid="5500750" lat="39.6636621" lon="-75.7562271"/>
 <node id="9044609960" visible="true" version="1" changeset="110398462" timestamp="2021-08-29T03:17:43Z" user="S-zation" uid="5500750" lat="39.6636845" lon="-75.7562002"/>
 <node id="9044609961" visible="true" version="2" changeset="141501695" timestamp="2023-09-20T08:42:59Z" user="kmarkish_lyft" uid="11824233" lat="39.6637141" lon="-75.7577057"/>
 <node id="9044609962" visible="true" version="2" changeset="141501695" timestamp="2023-09-20T08:42:59Z" user="kmarkish_lyft" uid="11824233" lat="39.6636142" lon="-75.7576966"/>
 <node id="9044609964" visible="true" version="2" changeset="141501695" timestamp="2023-09-20T08:42:59Z" user="kmarkish_lyft" uid="11824233" lat="39.6636221" lon="-75.7573598"/>
 <node id="9044609966" visible="true" version="2" changeset="141501695" timestamp="2023-09-20T08:42:59Z" user="kmarkish_lyft" uid="11824233" lat="39.6637435" lon="-75.7573587"/>
 <node id="9044609967" visible="true" version="1" changeset="110398462" timestamp="2021-08-29T03:17:43Z" user="S-zation" uid="5500750" lat="39.6636070" lon="-75.7571531"/>
 <node id="9044609968" visible="true" version="1" changeset="110398462" timestamp="2021-08-29T03:17:43Z" user="S-zation" uid="5500750" lat="39.6636670" lon="-75.7575321"/>
 <node id="9044610008" visible="true" version="1" changeset="110398462" timestamp="2021-08-29T03:17:43Z" user="S-zation" uid="5500750" lat="39.6636733" lon="-75.7562040"/>
 <node id="9687435719" visible="true" version="1" changeset="120079843" timestamp="2022-04-23T07:45:09Z" user="Goldbattle" uid="3349582" lat="39.6670121" lon="-75.7569013"/>
 <node id="9687435720" visible="true" version="1" changeset="120079843" timestamp="2022-04-23T07:45:09Z" user="Goldbattle" uid="3349582" lat="39.6670536" lon="-75.7569328"/>
 <node id="9687435721" visible="true" version="1" changeset="120079843" timestamp="2022-04-23T07:45:09Z" user="Goldbattle" uid="3349582" lat="39.6668509" lon="-75.7574390"/>
 <node id="9687435722" visible="true" version="1" changeset="120079843" timestamp="2022-04-23T07:45:09Z" user="Goldbattle" uid="3349582" lat="39.6668149" lon="-75.7574156"/>
 <node id="9687435723" visible="true" version="1" changeset="120079843" timestamp="2022-04-23T07:45:09Z" user="Goldbattle" uid="3349582" lat="39.6668008" lon="-75.7574308"/>
 <node id="9687435724" visible="true" version="1" changeset="120079843" timestamp="2022-04-23T07:45:09Z" user="Goldbattle" uid="3349582" lat="39.6667735" lon="-75.7575142"/>
 <node id="9687435725" visible="true" version="1" changeset="120079843" timestamp="2022-04-23T07:45:09Z" user="Goldbattle" uid="3349582" lat="39.6666256" lon="-75.7574278"/>
 <node id="9687435726" visible="true" version="1" changeset="120079843" timestamp="2022-04-23T07:45:09Z" user="Goldbattle" uid="3349582" lat="39.6666248" lon="-75.7574085"/>
 <node id="9687435727" visible="true" version="1" changeset="120079843" timestamp="2022-04-23T07:45:09Z" user="Goldbattle" uid="3349582" lat="39.6666350" lon="-75.7573810"/>
 <node id="9687435728" visible="true" version="1" changeset="120079843" timestamp="2022-04-23T07:45:09Z" user="Goldbattle" uid="3349582" lat="39.6665372" lon="-75.7573119"/>
 <node id="9687435729" visible="true" version="1" changeset="120079843" timestamp="2022-04-23T07:45:09Z" user="Goldbattle" uid="3349582" lat="39.6667531" lon="-75.7567377"/>
 <node id="9687435733" visible="true" version="2" changeset="160045065" timestamp="2024-12-08T03:30:19Z" user="RoadGeek_MD99" uid="475877" lat="39.6657145" lon="-75.7580797"/>
 <node id="9687435734" visible="true" version="1" changeset="120079843" timestamp="2022-04-23T07:45:09Z" user="Goldbattle" uid="3349582" lat="39.6659518" lon="-75.7579995"/>
 <node id="9687435735" visible="true" version="2" changeset="160045065" timestamp="2024-12-08T03:30:19Z" user="RoadGeek_MD99" uid="475877" lat="39.6658556" lon="-75.7580671"/>
 <node id="11204493873" visible="true" version="1" changeset="141501695" timestamp="2023-09-20T08:42:59Z" user="kmarkish_lyft" uid="11824233" lat="39.6635940" lon="-75.7576730"/>
 <node id="11204493874" visible="true" version="1" changeset="141501695" timestamp="2023-09-20T08:42:59Z" user="kmarkish_lyft" uid="11824233" lat="39.6636369" lon="-75.7573493"/>
 <node id="11204493875" visible="true" version="2" changeset="158746559" timestamp="2024-11-04T15:51:07Z" user="hihelloitsme" uid="22140645" lat="39.6638793" lon="-75.7578765"/>
 <node id="11204493876" visible="true" version="1" changeset="141501695" timestamp="2023-09-20T08:42:59Z" user="kmarkish_lyft" uid="11824233" lat="39.6634573" lon="-75.7578189"/>
 <node id="11204493877" visible="true" version="1" changeset="141501695" timestamp="2023-09-20T08:42:59Z" user="kmarkish_lyft" uid="11824233" lat="39.6635038" lon="-75.7573642"/>
 <node id="11204493878" visible="true" version="1" changeset="141501695" timestamp="2023-09-20T08:42:59Z" user="kmarkish_lyft" uid="11824233" lat="39.6634726" lon="-75.7576460">
  <tag k="barrier" v="gate"/>
 </node>
 <node id="11382825046" visible="true" version="1" changeset="144570927" timestamp="2023-11-29T02:27:49Z" user="DUGA" uid="10585023" lat="39.6666848" lon="-75.7573860">
  <tag k="covered" v="no"/>
  <tag k="emergency" v="phone"/>
  <tag k="indoor" v="no"/>
 </node>
 <node id="12031074055" visible="true" version="1" changeset="153498791" timestamp="2024-07-03T11:57:17Z" user="amitshrivastava_lyft" uid="21019370" lat="39.6654097" lon="-75.7596231"/>
 <node id="12031074056" visible="true" version="1" changeset="153498791" timestamp="2024-07-03T11:57:17Z" user="amitshrivastava_lyft" uid="21019370" lat="39.6654141" lon="-75.7597521"/>
 <node id="12031074057" visible="true" version="1" changeset="153498791" timestamp="2024-07-03T11:57:17Z" user="amitshrivastava_lyft" uid="21019370" lat="39.6654447" lon="-75.7598640"/>
 <node id="12031074058" visible="true" version="1" changeset="153498791" timestamp="2024-07-03T11:57:17Z" user="amitshrivastava_lyft" uid="21019370" lat="39.6654754" lon="-75.7599038"/>
 <node id="12031074059" visible="true" version="1" changeset="153498791" timestamp="2024-07-03T11:57:17Z" user="amitshrivastava_lyft" uid="21019370" lat="39.6659359" lon="-75.7601202"/>
 <node id="12031074060" visible="true" version="1" changeset="153498791" timestamp="2024-07-03T11:57:17Z" user="amitshrivastava_lyft" uid="21019370" lat="39.6661587" lon="-75.7593785"/>
 <node id="12031074061" visible="true" version="1" changeset="153498791" timestamp="2024-07-03T11:57:17Z" user="amitshrivastava_lyft" uid="21019370" lat="39.6665061" lon="-75.7595681"/>
 <node id="12031074062" visible="true" version="1" changeset="153498791" timestamp="2024-07-03T11:57:17Z" user="amitshrivastava_lyft" uid="21019370" lat="39.6665309" lon="-75.7596004"/>
 <node id="12031074063" visible="true" version="1" changeset="153498791" timestamp="2024-07-03T11:57:17Z" user="amitshrivastava_lyft" uid="21019370" lat="39.6665455" lon="-75.7596364"/>
 <node id="12031074064" visible="true" version="1" changeset="153498791" timestamp="2024-07-03T11:57:17Z" user="amitshrivastava_lyft" uid="21019370" lat="39.6665455" lon="-75.7596819"/>
 <node id="12031074065" visible="true" version="1" changeset="153498791" timestamp="2024-07-03T11:57:17Z" user="amitshrivastava_lyft" uid="21019370" lat="39.6665295" lon="-75.7597635"/>
 <node id="12031074066" visible="true" version="1" changeset="153498791" timestamp="2024-07-03T11:57:17Z" user="amitshrivastava_lyft" uid="21019370" lat="39.6662740" lon="-75.7605885"/>
 <node id="12031074067" visible="true" version="1" changeset="153498791" timestamp="2024-07-03T11:57:17Z" user="amitshrivastava_lyft" uid="21019370" lat="39.6661806" lon="-75.7593026"/>
 <node id="12031074068" visible="true" version="1" changeset="153498791" timestamp="2024-07-03T11:57:17Z" user="amitshrivastava_lyft" uid="21019370" lat="39.6661835" lon="-75.7592647"/>
 <node id="12031101769" visible="true" version="1" changeset="153498791" timestamp="2024-07-03T11:57:17Z" user="amitshrivastava_lyft" uid="21019370" lat="39.6661806" lon="-75.7592286"/>
 <node id="12031101770" visible="true" version="1" changeset="153498791" timestamp="2024-07-03T11:57:17Z" user="amitshrivastava_lyft" uid="21019370" lat="39.6661674" lon="-75.7591983"/>
 <node id="12031101771" visible="true" version="1" changeset="153498791" timestamp="2024-07-03T11:57:17Z" user="amitshrivastava_lyft" uid="21019370" lat="39.6658097" lon="-75.7590200"/>
 <node id="12031101772" visible="true" version="1" changeset="153498791" timestamp="2024-07-03T11:57:17Z" user="amitshrivastava_lyft" uid="21019370" lat="39.6655543" lon="-75.7599455"/>
 <node id="12031101773" visible="true" version="1" changeset="153498791" timestamp="2024-07-03T11:57:17Z" user="amitshrivastava_lyft" uid="21019370" lat="39.6660193" lon="-75.7598375"/>
 <node id="12031101774" visible="true" version="1" changeset="153498791" timestamp="2024-07-03T11:57:17Z" user="amitshrivastava_lyft" uid="21019370" lat="39.6656359" lon="-75.7596552"/>
 <node id="12031101775" visible="true" version="1" changeset="153498791" timestamp="2024-07-03T11:57:17Z" user="amitshrivastava_lyft" uid="21019370" lat="39.6660811" lon="-75.7596405"/>
 <node id="12031101776" visible="true" version="1" changeset="153498791" timestamp="2024-07-03T11:57:17Z" user="amitshrivastava_lyft" uid="21019370" lat="39.6656955" lon="-75.7594472"/>
 <node id="12031101777" visible="true" version="1" changeset="153498791" timestamp="2024-07-03T11:57:17Z" user="amitshrivastava_lyft" uid="21019370" lat="39.6661409" lon="-75.7594383"/>
 <node id="12031101778" visible="true" version="1" changeset="153498791" timestamp="2024-07-03T11:57:17Z" user="amitshrivastava_lyft" uid="21019370" lat="39.6657518" lon="-75.7592364"/>
 <node id="12051938603" visible="true" version="1" changeset="153912314" timestamp="2024-07-13T22:56:47Z" user="hwierzbicki" uid="10198270" lat="39.6651224" lon="-75.7586316"/>
 <node id="12051938604" visible="true" version="1" changeset="153912314" timestamp="2024-07-13T22:56:47Z" user="hwierzbicki" uid="10198270" lat="39.6650132" lon="-75.7586425"/>
 <node id="12051938605" visible="true" version="1" changeset="153912314" timestamp="2024-07-13T22:56:47Z" user="hwierzbicki" uid="10198270" lat="39.6649977" lon="-75.7586183"/>
 <node id="12051938606" visible="true" version="1" changeset="153912314" timestamp="2024-07-13T22:56:47Z" user="hwierzbicki" uid="10198270" lat="39.6649887" lon="-75.7585890"/>
 <node id="12051938607" visible="true" version="1" changeset="153912314" timestamp="2024-07-13T22:56:47Z" user="hwierzbicki" uid="10198270" lat="39.6649872" lon="-75.7585576"/>
 <node id="12051938608" visible="true" version="1" changeset="153912314" timestamp="2024-07-13T22:56:47Z" user="hwierzbicki" uid="10198270" lat="39.6651238" lon="-75.7585053"/>
 <node id="12051938609" visible="true" version="1" changeset="153912314" timestamp="2024-07-13T22:56:47Z" user="hwierzbicki" uid="10198270" lat="39.6651364" lon="-75.7585351"/>
 <node id="12051938610" visible="true" version="1" changeset="153912314" timestamp="2024-07-13T22:56:47Z" user="hwierzbicki" uid="10198270" lat="39.6651405" lon="-75.7585688"/>
 <node id="12051938611" visible="true" version="1" changeset="153912314" timestamp="2024-07-13T22:56:47Z" user="hwierzbicki" uid="10198270" lat="39.6651356" lon="-75.7586022"/>
 <node id="12312240890" visible="true" version="1" changeset="158746015" timestamp="2024-11-04T15:37:35Z" user="hihelloitsme" uid="22140645" lat="39.6672016" lon="-75.7577726"/>
 <node id="12312240891" visible="true" version="1" changeset="158746015" timestamp="2024-11-04T15:37:35Z" user="hihelloitsme" uid="22140645" lat="39.6673716" lon="-75.7573481"/>
 <node id="12312240892" visible="true" version="1" changeset="158746015" timestamp="2024-11-04T15:37:35Z" user="hihelloitsme" uid="22140645" lat="39.6673175" lon="-75.7573116"/>
 <node id="12312240893" visible="true" version="1" changeset="158746015" timestamp="2024-11-04T15:37:35Z" user="hihelloitsme" uid="22140645" lat="39.6673331" lon="-75.7572726"/>
 <node id="12312240894" visible="true" version="1" changeset="158746015" timestamp="2024-11-04T15:37:35Z" user="hihelloitsme" uid="22140645" lat="39.6673860" lon="-75.7573082"/>
 <node id="12312240895" visible="true" version="1" changeset="158746015" timestamp="2024-11-04T15:37:35Z" user="hihelloitsme" uid="22140645" lat="39.6675596" lon="-75.7568743"/>
 <node id="12312240896" visible="true" version="1" changeset="158746015" timestamp="2024-11-04T15:37:35Z" user="hihelloitsme" uid="22140645" lat="39.6673950" lon="-75.7567631"/>
 <node id="12312240897" visible="true" version="1" changeset="158746015" timestamp="2024-11-04T15:37:35Z" user="hihelloitsme" uid="22140645" lat="39.6672222" lon="-75.7571947"/>
 <node id="12312240898" visible="true" version="1" changeset="158746015" timestamp="2024-11-04T15:37:35Z" user="hihelloitsme" uid="22140645" lat="39.6671326" lon="-75.7571341"/>
 <node id="12312240899" visible="true" version="1" changeset="158746015" timestamp="2024-11-04T15:37:35Z" user="hihelloitsme" uid="22140645" lat="39.6671444" lon="-75.7571045"/>
 <node id="12312240900" visible="true" version="1" changeset="158746015" timestamp="2024-11-04T15:37:35Z" user="hihelloitsme" uid="22140645" lat="39.6671022" lon="-75.7570760"/>
 <node id="12312301881" visible="true" version="2" changeset="160045065" timestamp="2024-12-08T03:30:19Z" user="RoadGeek_MD99" uid="475877" lat="39.6666595" lon="-75.7565125">
  <tag k="crossing" v="unmarked"/>
  <tag k="crossing:markings" v="no"/>
  <tag k="highway" v="crossing"/>
 </node>
 <node id="12312301882" visible="true" version="1" changeset="158746135" timestamp="2024-11-04T15:40:36Z" user="hihelloitsme" uid="22140645" lat="39.6670902" lon="-75.7565865"/>
 <node id="12312301883" visible="true" version="1" changeset="158746135" timestamp="2024-11-04T15:40:36Z" user="hihelloitsme" uid="22140645" lat="39.6670206" lon="-75.7567824"/>
 <node id="12312301884" visible="true" version="1" changeset="158746135" timestamp="2024-11-04T15:40:36Z" user="hihelloitsme" uid="22140645" lat="39.6667474" lon="-75.7574738"/>
 <node id="12312301885" visible="true" version="1" changeset="158746135" timestamp="2024-11-04T15:40:36Z" user="hihelloitsme" uid="22140645" lat="39.6667345" lon="-75.7575408"/>
 <node id="12312301886" visible="true" version="1" changeset="158746135" timestamp="2024-11-04T15:40:36Z" user="hihelloitsme" uid="22140645" lat="39.6667693" lon="-75.7575860"/>
 <node id="12312301887" visible="true" version="1" changeset="158746135" timestamp="2024-11-04T15:40:36Z" user="hihelloitsme" uid="22140645" lat="39.6670231" lon="-75.7577551"/>
 <node id="12312301888" visible="true" version="1" changeset="158746135" timestamp="2024-11-04T15:40:36Z" user="hihelloitsme" uid="22140645" lat="39.6671314" lon="-75.7578187"/>
 <node id="12312301889" visible="true" version="1" changeset="158746135" timestamp="2024-11-04T15:40:36Z" user="hihelloitsme" uid="22140645" lat="39.6671804" lon="-75.7578404"/>
 <node id="12312301890" visible="true" version="1" changeset="158746135" timestamp="2024-11-04T15:40:36Z" user="hihelloitsme" uid="22140645" lat="39.6672242" lon="-75.7578220"/>
 <node id="12312301891" visible="true" version="1" changeset="158746135" timestamp="2024-11-04T15:40:36Z" user="hihelloitsme" uid="22140645" lat="39.6672564" lon="-75.7577869"/>
 <node id="12312301892" visible="true" version="1" changeset="158746135" timestamp="2024-11-04T15:40:36Z" user="hihelloitsme" uid="22140645" lat="39.6673621" lon="-75.7575157"/>
 <node id="12312301893" visible="true" version="1" changeset="158746135" timestamp="2024-11-04T15:40:36Z" user="hihelloitsme" uid="22140645" lat="39.6675090" lon="-75.7571423"/>
 <node id="12312301894" visible="true" version="1" changeset="158746135" timestamp="2024-11-04T15:40:36Z" user="hihelloitsme" uid="22140645" lat="39.6675979" lon="-75.7569280"/>
 <node id="12312301895" visible="true" version="1" changeset="158746135" timestamp="2024-11-04T15:40:36Z" user="hihelloitsme" uid="22140645" lat="39.6676250" lon="-75.7568443"/>
 <node id="12312301896" visible="true" version="1" changeset="158746135" timestamp="2024-11-04T15:40:36Z" user="hihelloitsme" uid="22140645" lat="39.6676121" lon="-75.7567908"/>
 <node id="12312301897" visible="true" version="1" changeset="158746135" timestamp="2024-11-04T15:40:36Z" user="hihelloitsme" uid="22140645" lat="39.6675889" lon="-75.7567506"/>
 <node id="12312301898" visible="true" version="1" changeset="158746135" timestamp="2024-11-04T15:40:36Z" user="hihelloitsme" uid="22140645" lat="39.6674884" lon="-75.7566752"/>
 <node id="12312301899" visible="true" version="1" changeset="158746135" timestamp="2024-11-04T15:40:36Z" user="hihelloitsme" uid="22140645" lat="39.6674046" lon="-75.7566284"/>
 <node id="12312301900" visible="true" version="1" changeset="158746135" timestamp="2024-11-04T15:40:36Z" user="hihelloitsme" uid="22140645" lat="39.6673518" lon="-75.7566116"/>
 <node id="12312308501" visible="true" version="1" changeset="158746015" timestamp="2024-11-04T15:37:35Z" user="hihelloitsme" uid="22140645" lat="39.6670730" lon="-75.7571490"/>
 <node id="12312308502" visible="true" version="1" changeset="158746015" timestamp="2024-11-04T15:37:35Z" user="hihelloitsme" uid="22140645" lat="39.6670125" lon="-75.7571081"/>
 <node id="12312308503" visible="true" version="1" changeset="158746015" timestamp="2024-11-04T15:37:35Z" user="hihelloitsme" uid="22140645" lat="39.6668388" lon="-75.7575420"/>
 <node id="12312308504" visible="true" version="1" changeset="158746015" timestamp="2024-11-04T15:37:35Z" user="hihelloitsme" uid="22140645" lat="39.6669993" lon="-75.7576505"/>
 <node id="12312308505" visible="true" version="1" changeset="158746015" timestamp="2024-11-04T15:37:35Z" user="hihelloitsme" uid="22140645" lat="39.6671774" lon="-75.7572057"/>
 <node id="12312308506" visible="true" version="1" changeset="158746015" timestamp="2024-11-04T15:37:35Z" user="hihelloitsme" uid="22140645" lat="39.6672086" lon="-75.7572268"/>
 <node id="12312308507" visible="true" version="1" changeset="158746015" timestamp="2024-11-04T15:37:35Z" user="hihelloitsme" uid="22140645" lat="39.6670351" lon="-75.7576601"/>
 <node id="12312310901" visible="true" version="1" changeset="158746135" timestamp="2024-11-04T15:40:36Z" user="hihelloitsme" uid="22140645" lat="39.6672074" lon="-75.7565966"/>
 <node id="12312310902" visible="true" version="1" changeset="158746135" timestamp="2024-11-04T15:40:36Z" user="hihelloitsme" uid="22140645" lat="39.6669969" lon="-75.7568423"/>
 <node id="12312310903" visible="true" version="1" changeset="158746135" timestamp="2024-11-04T15:40:36Z" user="hihelloitsme" uid="22140645" lat="39.6669149" lon="-75.7568075"/>
 <node id="12312310904" visible="true" version="1" changeset="158746135" timestamp="2024-11-04T15:40:36Z" user="hihelloitsme" uid="22140645" lat="39.6668595" lon="-75.7567841"/>
 <node id="12312310905" visible="true" version="1" changeset="158746135" timestamp="2024-11-04T15:40:36Z" user="hihelloitsme" uid="22140645" lat="39.6668195" lon="-75.7568058"/>
 <node id="12312310906" visible="true" version="1" changeset="158746135" timestamp="2024-11-04T15:40:36Z" user="hihelloitsme" uid="22140645" lat="39.6667731" lon="-75.7569297"/>
 <node id="12312310907" visible="true" version="1" changeset="158746135" timestamp="2024-11-04T15:40:36Z" user="hihelloitsme" uid="22140645" lat="39.6667048" lon="-75.7571088"/>
 <node id="12312310908" visible="true" version="1" changeset="158746135" timestamp="2024-11-04T15:40:36Z" user="hihelloitsme" uid="22140645" lat="39.6666340" lon="-75.7572846"/>
 <node id="12312310909" visible="true" version="1" changeset="158746135" timestamp="2024-11-04T15:40:36Z" user="hihelloitsme" uid="22140645" lat="39.6665940" lon="-75.7573868"/>
 <node id="12312310910" visible="true" version="1" changeset="158746135" timestamp="2024-11-04T15:40:36Z" user="hihelloitsme" uid="22140645" lat="39.6665927" lon="-75.7574387"/>
 <node id="12312310911" visible="true" version="1" changeset="158746135" timestamp="2024-11-04T15:40:36Z" user="hihelloitsme" uid="22140645" lat="39.6666159" lon="-75.7574839"/>
 <node id="12312310912" visible="true" version="1" changeset="158746135" timestamp="2024-11-04T15:40:36Z" user="hihelloitsme" uid="22140645" lat="39.6666584" lon="-75.7575157"/>
 <node id="12312317354" visible="true" version="2" changeset="160045065" timestamp="2024-12-08T03:30:19Z" user="RoadGeek_MD99" uid="475877" lat="39.6659937" lon="-75.7579390"/>
 <node id="12312317356" visible="true" version="1" changeset="158746559" timestamp="2024-11-04T15:51:07Z" user="hihelloitsme" uid="22140645" lat="39.6655983" lon="-75.7569448"/>
 <node id="12312317357" visible="true" version="1" changeset="158746559" timestamp="2024-11-04T15:51:07Z" user="hihelloitsme" uid="22140645" lat="39.6632738" lon="-75.7591012"/>
 <node id="12312317358" visible="true" version="1" changeset="158746559" timestamp="2024-11-04T15:51:07Z" user="hihelloitsme" uid="22140645" lat="39.6630538" lon="-75.7590713"/>
 <node id="12312317359" visible="true" version="1" changeset="158746559" timestamp="2024-11-04T15:51:07Z" user="hihelloitsme" uid="22140645" lat="39.6618857" lon="-75.7586145"/>
 <node id="12312317360" visible="true" version="1" changeset="158746559" timestamp="2024-11-04T15:51:07Z" user="hihelloitsme" uid="22140645" lat="39.6621369" lon="-75.7587426"/>
 <node id="12312317361" visible="true" version="1" changeset="158746559" timestamp="2024-11-04T15:51:07Z" user="hihelloitsme" uid="22140645" lat="39.6627157" lon="-75.7577246"/>
 <node id="12312317362" visible="true" version="1" changeset="158746559" timestamp="2024-11-04T15:51:07Z" user="hihelloitsme" uid="22140645" lat="39.6628820" lon="-75.7565373"/>
 <node id="12312317363" visible="true" version="1" changeset="158746559" timestamp="2024-11-04T15:51:07Z" user="hihelloitsme" uid="22140645" lat="39.6628709" lon="-75.7567682"/>
 <node id="12312317364" visible="true" version="1" changeset="158746559" timestamp="2024-11-04T15:51:07Z" user="hihelloitsme" uid="22140645" lat="39.6625524" lon="-75.7577091"/>
 <node id="12336013857" visible="true" version="1" changeset="159074561" timestamp="2024-11-13T03:10:41Z" user="RoadGeek_MD99" uid="475877" lat="39.6628079" lon="-75.7596831"/>
 <node id="12336013886" visible="true" version="1" changeset="159074561" timestamp="2024-11-13T03:10:41Z" user="RoadGeek_MD99" uid="475877" lat="39.6629878" lon="-75.7572913"/>
 <node id="12336013887" visible="true" version="1" changeset="159074561" timestamp="2024-11-13T03:10:41Z" user="RoadGeek_MD99" uid="475877" lat="39.6629878" lon="-75.7574195"/>
 <node id="12336013888" visible="true" version="1" changeset="159074561" timestamp="2024-11-13T03:10:41Z" user="RoadGeek_MD99" uid="475877" lat="39.6630046" lon="-75.7574215"/>
 <node id="12336013889" visible="true" version="1" changeset="159074561" timestamp="2024-11-13T03:10:41Z" user="RoadGeek_MD99" uid="475877" lat="39.6634112" lon="-75.7576778"/>
 <node id="12336013890" visible="true" version="1" changeset="159074561" timestamp="2024-11-13T03:10:41Z" user="RoadGeek_MD99" uid="475877" lat="39.6634332" lon="-75.7576804"/>
 <node id="12336013891" visible="true" version="1" changeset="159074561" timestamp="2024-11-13T03:10:41Z" user="RoadGeek_MD99" uid="475877" lat="39.6629900" lon="-75.7576258"/>
 <node id="12336013892" visible="true" version="1" changeset="159074561" timestamp="2024-11-13T03:10:41Z" user="RoadGeek_MD99" uid="475877" lat="39.6630952" lon="-75.7573043"/>
 <node id="12336013893" visible="true" version="1" changeset="159074561" timestamp="2024-11-13T03:10:41Z" user="RoadGeek_MD99" uid="475877" lat="39.6630715" lon="-75.7576356"/>
 <node id="12336013894" visible="true" version="1" changeset="159074561" timestamp="2024-11-13T03:10:41Z" user="RoadGeek_MD99" uid="475877" lat="39.6634085" lon="-75.7577156"/>
 <node id="12336013895" visible="true" version="1" changeset="159074561" timestamp="2024-11-13T03:10:41Z" user="RoadGeek_MD99" uid="475877" lat="39.6630687" lon="-75.7576747"/>
 <node id="12336013896" visible="true" version="1" changeset="159074561" timestamp="2024-11-13T03:10:41Z" user="RoadGeek_MD99" uid="475877" lat="39.6630982" lon="-75.7572622"/>
 <node id="12336013897" visible="true" version="1" changeset="159074561" timestamp="2024-11-13T03:10:41Z" user="RoadGeek_MD99" uid="475877" lat="39.6634600" lon="-75.7573057"/>
 <node id="12403707167" visible="true" version="1" changeset="160045065" timestamp="2024-12-08T03:30:19Z" user="RoadGeek_MD99" uid="475877" lat="39.6653957" lon="-75.7580292"/>
 <node id="12403707168" visible="true" version="1" changeset="160045065" timestamp="2024-12-08T03:30:19Z" user="RoadGeek_MD99" uid="475877" lat="39.6654498" lon="-75.7574022"/>
 <node id="12403707169" visible="true" version="1" changeset="160045065" timestamp="2024-12-08T03:30:19Z" user="RoadGeek_MD99" uid="475877" lat="39.6655665" lon="-75.7574183"/>
 <node id="12403707170" visible="true" version="1" changeset="160045065" timestamp="2024-12-08T03:30:19Z" user="RoadGeek_MD99" uid="475877" lat="39.6657502" lon="-75.7564109"/>
 <node id="12403707171" visible="true" version="1" changeset="160045065" timestamp="2024-12-08T03:30:19Z" user="RoadGeek_MD99" uid="475877" lat="39.6655279" lon="-75.7563797"/>
 <node id="12403707172" visible="true" version="1" changeset="160045065" timestamp="2024-12-08T03:30:19Z" user="RoadGeek_MD99" uid="475877" lat="39.6656370" lon="-75.7563950"/>
 <node id="12403707173" visible="true" version="1" changeset="160045065" timestamp="2024-12-08T03:30:19Z" user="RoadGeek_MD99" uid="475877" lat="39.6662889" lon="-75.7574958"/>
 <node id="12403707174" visible="true" version="1" changeset="160045065" timestamp="2024-12-08T03:30:19Z" user="RoadGeek_MD99" uid="475877" lat="39.6661919" lon="-75.7574327"/>
 <node id="12403707175" visible="true" version="1" changeset="160045065" timestamp="2024-12-08T03:30:19Z" user="RoadGeek_MD99" uid="475877" lat="39.6664030" lon="-75.7564916"/>
 <node id="12403707176" visible="true" version="1" changeset="160045065" timestamp="2024-12-08T03:30:19Z" user="RoadGeek_MD99" uid="475877" lat="39.6656523" lon="-75.7555830">
  <tag k="barrier" v="kerb"/>
  <tag k="kerb" v="lowered"/>
 </node>
 <node id="12403707177" visible="true" version="1" changeset="160045065" timestamp="2024-12-08T03:30:19Z" user="RoadGeek_MD99" uid="475877" lat="39.6656042" lon="-75.7558200"/>
 <node id="12403707178" visible="true" version="1" changeset="160045065" timestamp="2024-12-08T03:30:19Z" user="RoadGeek_MD99" uid="475877" lat="39.6656321" lon="-75.7558281">
  <tag k="barrier" v="kerb"/>
  <tag k="kerb" v="lowered"/>
 </node>
 <node id="12403707179" visible="true" version="1" changeset="160045065" timestamp="2024-12-08T03:30:19Z" user="RoadGeek_MD99" uid="475877" lat="39.6657792" lon="-75.7558415"/>
 <node id="12403707180" visible="true" version="1" changeset="160045065" timestamp="2024-12-08T03:30:19Z" user="RoadGeek_MD99" uid="475877" lat="39.6656082" lon="-75.7557741">
  <tag k="barrier" v="kerb"/>
  <tag k="kerb" v="lowered"/>
 </node>
 <node id="12403707181" visible="true" version="1" changeset="160045065" timestamp="2024-12-08T03:30:19Z" user="RoadGeek_MD99" uid="475877" lat="39.6656279" lon="-75.7555818"/>
 <node id="12403707182" visible="true" version="1" changeset="160045065" timestamp="2024-12-08T03:30:19Z" user="RoadGeek_MD99" uid="475877" lat="39.6656944" lon="-75.7555830">
  <tag k="crossing" v="unmarked"/>
  <tag k="crossing:markings" v="no"/>
  <tag k="highway" v="crossing"/>
 </node>
 <node id="12403707183" visible="true" version="1" changeset="160045065" timestamp="2024-12-08T03:30:19Z" user="RoadGeek_MD99" uid="475877" lat="39.6656766" lon="-75.7558317">
  <tag k="crossing" v="unmarked"/>
  <tag k="crossing:markings" v="no"/>
  <tag k="highway" v="crossing"/>
 </node>
 <node id="12403707184" visible="true" version="1" changeset="160045065" timestamp="2024-12-08T03:30:19Z" user="RoadGeek_MD99" uid="475877" lat="39.6662364" lon="-75.7551587"/>
 <node id="12403707185" visible="true" version="1" changeset="160045065" timestamp="2024-12-08T03:30:19Z" user="RoadGeek_MD99" uid="475877" lat="39.6667090" lon="-75.7559523"/>
 <node id="12403707186" visible="true" version="1" changeset="160045065" timestamp="2024-12-08T03:30:19Z" user="RoadGeek_MD99" uid="475877" lat="39.6640764" lon="-75.7556403"/>
 <node id="12403707187" visible="true" version="1" changeset="160045065" timestamp="2024-12-08T03:30:19Z" user="RoadGeek_MD99" uid="475877" lat="39.6640039" lon="-75.7556255"/>
 <node id="12403707188" visible="true" version="1" changeset="160045065" timestamp="2024-12-08T03:30:19Z" user="RoadGeek_MD99" uid="475877" lat="39.6640427" lon="-75.7556334">
  <tag k="crossing" v="uncontrolled"/>
  <tag k="highway" v="crossing"/>
 </node>
 <node id="12403707189" visible="true" version="1" changeset="160045065" timestamp="2024-12-08T03:30:19Z" user="RoadGeek_MD99" uid="475877" lat="39.6668301" lon="-75.7559631"/>
 <node id="12403707190" visible="true" version="1" changeset="160045065" timestamp="2024-12-08T03:30:19Z" user="RoadGeek_MD99" uid="475877" lat="39.6667794" lon="-75.7559586">
  <tag k="crossing" v="uncontrolled"/>
  <tag k="highway" v="crossing"/>
 </node>
 <node id="12403707191" visible="true" version="1" changeset="160045065" timestamp="2024-12-08T03:30:19Z" user="RoadGeek_MD99" uid="475877" lat="39.6668953" lon="-75.7559187"/>
 <node id="12403707192" visible="true" version="1" changeset="160045065" timestamp="2024-12-08T03:30:19Z" user="RoadGeek_MD99" uid="475877" lat="39.6669264" lon="-75.7557976"/>
 <node id="12403707193" visible="true" version="1" changeset="160045065" timestamp="2024-12-08T03:30:19Z" user="RoadGeek_MD99" uid="475877" lat="39.6668829" lon="-75.7557317"/>
 <node id="12403707194" visible="true" version="1" changeset="160045065" timestamp="2024-12-08T03:30:19Z" user="RoadGeek_MD99" uid="475877" lat="39.6667928" lon="-75.7557196"/>
 <node id="12403707195" visible="true" version="1" changeset="160045065" timestamp="2024-12-08T03:30:19Z" user="RoadGeek_MD99" uid="475877" lat="39.6667452" lon="-75.7557721"/>
 <node id="12403707196" visible="true" version="1" changeset="160045065" timestamp="2024-12-08T03:30:19Z" user="RoadGeek_MD99" uid="475877" lat="39.6666955" lon="-75.7559146"/>
 <node id="12403707197" visible="true" version="1" changeset="160045065" timestamp="2024-12-08T03:30:19Z" user="RoadGeek_MD99" uid="475877" lat="39.6664791" lon="-75.7564552">
  <tag k="barrier" v="kerb"/>
  <tag k="kerb" v="lowered"/>
 </node>
 <node id="12403707198" visible="true" version="1" changeset="160045065" timestamp="2024-12-08T03:30:19Z" user="RoadGeek_MD99" uid="475877" lat="39.6666815" lon="-75.7559490"/>
 <node id="12403707199" visible="true" version="1" changeset="160045065" timestamp="2024-12-08T03:30:19Z" user="RoadGeek_MD99" uid="475877" lat="39.6668699" lon="-75.7559866"/>
 <node id="12403707200" visible="true" version="1" changeset="160045065" timestamp="2024-12-08T03:30:19Z" user="RoadGeek_MD99" uid="475877" lat="39.6669295" lon="-75.7557378"/>
 <node id="12403724701" visible="true" version="1" changeset="160045065" timestamp="2024-12-08T03:30:19Z" user="RoadGeek_MD99" uid="475877" lat="39.6669107" lon="-75.7558587">
  <tag k="crossing" v="uncontrolled"/>
  <tag k="highway" v="crossing"/>
 </node>
 <node id="12403724702" visible="true" version="1" changeset="160045065" timestamp="2024-12-08T03:30:19Z" user="RoadGeek_MD99" uid="475877" lat="39.6667504" lon="-75.7557176"/>
 <node id="12403724703" visible="true" version="1" changeset="160045065" timestamp="2024-12-08T03:30:19Z" user="RoadGeek_MD99" uid="475877" lat="39.6680454" lon="-75.7558729">
  <tag k="barrier" v="kerb"/>
  <tag k="kerb" v="lowered"/>
 </node>
 <node id="12403724704" visible="true" version="1" changeset="160045065" timestamp="2024-12-08T03:30:19Z" user="RoadGeek_MD99" uid="475877" lat="39.6670237" lon="-75.7544161">
  <tag k="barrier" v="kerb"/>
  <tag k="kerb" v="lowered"/>
 </node>
 <node id="12403724705" visible="true" version="1" changeset="160045065" timestamp="2024-12-08T03:30:19Z" user="RoadGeek_MD99" uid="475877" lat="39.6668673" lon="-75.7544147">
  <tag k="barrier" v="kerb"/>
  <tag k="kerb" v="lowered"/>
 </node>
 <node id="12403724706" visible="true" version="1" changeset="160045065" timestamp="2024-12-08T03:30:19Z" user="RoadGeek_MD99" uid="475877" lat="39.6668782" lon="-75.7544832"/>
 <node id="12403724708" visible="true" version="1" changeset="160045065" timestamp="2024-12-08T03:30:19Z" user="RoadGeek_MD99" uid="475877" lat="39.6668311" lon="-75.7544981"/>
 <node id="12403724709" visible="true" version="1" changeset="160045065" timestamp="2024-12-08T03:30:19Z" user="RoadGeek_MD99" uid="475877" lat="39.6668632" lon="-75.7544820"/>
 <node id="12403724710" visible="true" version="1" changeset="160045065" timestamp="2024-12-08T03:30:19Z" user="RoadGeek_MD99" uid="475877" lat="39.6657950" lon="-75.7556064"/>
 <node id="12403724711" visible="true" version="1" changeset="160045065" timestamp="2024-12-08T03:30:19Z" user="RoadGeek_MD99" uid="475877" lat="39.6657889" lon="-75.7556917"/>
 <node id="12403724712" visible="true" version="1" changeset="160045065" timestamp="2024-12-08T03:30:19Z" user="RoadGeek_MD99" uid="475877" lat="39.6666837" lon="-75.7564550">
  <tag k="barrier" v="kerb"/>
  <tag k="kerb" v="lowered"/>
 </node>
 <node id="12403724713" visible="true" version="1" changeset="160045065" timestamp="2024-12-08T03:30:19Z" user="RoadGeek_MD99" uid="475877" lat="39.6666403" lon="-75.7565582">
  <tag k="barrier" v="kerb"/>
  <tag k="kerb" v="lowered"/>
 </node>
 <node id="12403724714" visible="true" version="1" changeset="160045065" timestamp="2024-12-08T03:30:19Z" user="RoadGeek_MD99" uid="475877" lat="39.6662976" lon="-75.7574320">
  <tag k="barrier" v="kerb"/>
  <tag k="kerb" v="lowered"/>
 </node>
 <node id="12403724715" visible="true" version="1" changeset="160045065" timestamp="2024-12-08T03:30:19Z" user="RoadGeek_MD99" uid="475877" lat="39.6664349" lon="-75.7565710">
  <tag k="barrier" v="kerb"/>
  <tag k="kerb" v="lowered"/>
 </node>
 <node id="12403724716" visible="true" version="1" changeset="160045065" timestamp="2024-12-08T03:30:19Z" user="RoadGeek_MD99" uid="475877" lat="39.6664632" lon="-75.7564970">
  <tag k="crossing" v="uncontrolled"/>
  <tag k="highway" v="crossing"/>
 </node>
 <node id="12403724717" visible="true" version="1" changeset="160045065" timestamp="2024-12-08T03:30:19Z" user="RoadGeek_MD99" uid="475877" lat="39.6654779" lon="-75.7579376">
  <tag k="barrier" v="kerb"/>
  <tag k="kerb" v="lowered"/>
 </node>
 <node id="12403724718" visible="true" version="1" changeset="160045065" timestamp="2024-12-08T03:30:19Z" user="RoadGeek_MD99" uid="475877" lat="39.6655811" lon="-75.7579416">
  <tag k="barrier" v="kerb"/>
  <tag k="kerb" v="lowered"/>
 </node>
 <node id="12403724719" visible="true" version="1" changeset="160045065" timestamp="2024-12-08T03:30:19Z" user="RoadGeek_MD99" uid="475877" lat="39.6655314" lon="-75.7579396">
  <tag k="crossing" v="uncontrolled"/>
  <tag k="highway" v="crossing"/>
 </node>
 <node id="12403724720" visible="true" version="1" changeset="160045065" timestamp="2024-12-08T03:30:19Z" user="RoadGeek_MD99" uid="475877" lat="39.6656235" lon="-75.7579456"/>
 <node id="12403724721" visible="true" version="1" changeset="160045065" timestamp="2024-12-08T03:30:19Z" user="RoadGeek_MD99" uid="475877" lat="39.6657680" lon="-75.7579671"/>
 <node id="12403724722" visible="true" version="1" changeset="160045065" timestamp="2024-12-08T03:30:19Z" user="RoadGeek_MD99" uid="475877" lat="39.6658227" lon="-75.7579550"/>
 <node id="12403724723" visible="true" version="1" changeset="160045065" timestamp="2024-12-08T03:30:19Z" user="RoadGeek_MD99" uid="475877" lat="39.6658733" lon="-75.7579255"/>
 <node id="12403724724" visible="true" version="1" changeset="160045065" timestamp="2024-12-08T03:30:19Z" user="RoadGeek_MD99" uid="475877" lat="39.6659074" lon="-75.7578879"/>
 <node id="12403724725" visible="true" version="1" changeset="160045065" timestamp="2024-12-08T03:30:19Z" user="RoadGeek_MD99" uid="475877" lat="39.6659170" lon="-75.7580314"/>
 <node id="12403724726" visible="true" version="1" changeset="160045065" timestamp="2024-12-08T03:30:19Z" user="RoadGeek_MD99" uid="475877" lat="39.6657912" lon="-75.7580807"/>
 <node id="12403724727" visible="true" version="1" changeset="160045065" timestamp="2024-12-08T03:30:19Z" user="RoadGeek_MD99" uid="475877" lat="39.6654655" lon="-75.7581682">
  <tag k="barrier" v="kerb"/>
  <tag k="kerb" v="lowered"/>
 </node>
 <node id="12403724728" visible="true" version="1" changeset="160045065" timestamp="2024-12-08T03:30:19Z" user="RoadGeek_MD99" uid="475877" lat="39.6655635" lon="-75.7581761">
  <tag k="barrier" v="kerb"/>
  <tag k="kerb" v="lowered"/>
 </node>
 <node id="12403724729" visible="true" version="1" changeset="160045065" timestamp="2024-12-08T03:30:19Z" user="RoadGeek_MD99" uid="475877" lat="39.6656135" lon="-75.7581231">
  <tag k="barrier" v="kerb"/>
  <tag k="kerb" v="lowered"/>
 </node>
 <node id="12403724730" visible="true" version="1" changeset="160045065" timestamp="2024-12-08T03:30:19Z" user="RoadGeek_MD99" uid="475877" lat="39.6656196" lon="-75.7579997">
  <tag k="barrier" v="kerb"/>
  <tag k="kerb" v="lowered"/>
 </node>
 <node id="12403724731" visible="true" version="1" changeset="160045065" timestamp="2024-12-08T03:30:19Z" user="RoadGeek_MD99" uid="475877" lat="39.6656069" lon="-75.7581788"/>
 <node id="12403724732" visible="true" version="1" changeset="160045065" timestamp="2024-12-08T03:30:19Z" user="RoadGeek_MD99" uid="475877" lat="39.6657340" lon="-75.7564602"/>
 <node id="12403724733" visible="true" version="1" changeset="160045065" timestamp="2024-12-08T03:30:19Z" user="RoadGeek_MD99" uid="475877" lat="39.6657413" lon="-75.7563606"/>
 <node id="12403724734" visible="true" version="1" changeset="160045065" timestamp="2024-12-08T03:30:19Z" user="RoadGeek_MD99" uid="475877" lat="39.6657377" lon="-75.7564092">
  <tag k="crossing" v="unmarked"/>
  <tag k="crossing:markings" v="no"/>
  <tag k="highway" v="crossing"/>
 </node>
 <node id="12403724735" visible="true" version="1" changeset="160045065" timestamp="2024-12-08T03:30:19Z" user="RoadGeek_MD99" uid="475877" lat="39.6657370" lon="-75.7581963"/>
 <node id="12403724736" visible="true" version="1" changeset="160045065" timestamp="2024-12-08T03:30:19Z" user="RoadGeek_MD99" uid="475877" lat="39.6658157" lon="-75.7581950"/>
 <node id="12403724737" visible="true" version="1" changeset="160045065" timestamp="2024-12-08T03:30:19Z" user="RoadGeek_MD99" uid="475877" lat="39.6658800" lon="-75.7581791"/>
 <node id="12403724738" visible="true" version="1" changeset="160045065" timestamp="2024-12-08T03:30:19Z" user="RoadGeek_MD99" uid="475877" lat="39.6659433" lon="-75.7581433"/>
 <node id="12403724739" visible="true" version="1" changeset="160045065" timestamp="2024-12-08T03:30:19Z" user="RoadGeek_MD99" uid="475877" lat="39.6659974" lon="-75.7580995"/>
 <node id="12403724740" visible="true" version="1" changeset="160045065" timestamp="2024-12-08T03:30:19Z" user="RoadGeek_MD99" uid="475877" lat="39.6660515" lon="-75.7580279"/>
 <node id="12403724741" visible="true" version="1" changeset="160045065" timestamp="2024-12-08T03:30:19Z" user="RoadGeek_MD99" uid="475877" lat="39.6660944" lon="-75.7579443"/>
 <node id="12403724742" visible="true" version="1" changeset="160045065" timestamp="2024-12-08T03:30:19Z" user="RoadGeek_MD99" uid="475877" lat="39.6662506" lon="-75.7575385">
  <tag k="barrier" v="kerb"/>
  <tag k="kerb" v="lowered"/>
 </node>
 <node id="12403724743" visible="true" version="1" changeset="160045065" timestamp="2024-12-08T03:30:19Z" user="RoadGeek_MD99" uid="475877" lat="39.6662738" lon="-75.7574860">
  <tag k="crossing" v="unmarked"/>
  <tag k="crossing:markings" v="no"/>
  <tag k="highway" v="crossing"/>
 </node>
 <node id="12403724744" visible="true" version="1" changeset="160045065" timestamp="2024-12-08T03:30:19Z" user="RoadGeek_MD99" uid="475877" lat="39.6669030" lon="-75.7559761"/>
 <node id="12403724745" visible="true" version="1" changeset="160045065" timestamp="2024-12-08T03:30:19Z" user="RoadGeek_MD99" uid="475877" lat="39.6680230" lon="-75.7561101">
  <tag k="barrier" v="kerb"/>
  <tag k="kerb" v="lowered"/>
 </node>
 <node id="12403724746" visible="true" version="1" changeset="160045065" timestamp="2024-12-08T03:30:19Z" user="RoadGeek_MD99" uid="475877" lat="39.6668324" lon="-75.7557250">
  <tag k="crossing" v="uncontrolled"/>
  <tag k="highway" v="crossing"/>
 </node>
 <node id="12403724747" visible="true" version="1" changeset="160045065" timestamp="2024-12-08T03:30:19Z" user="RoadGeek_MD99" uid="475877" lat="39.6667229" lon="-75.7558359">
  <tag k="crossing" v="uncontrolled"/>
  <tag k="highway" v="crossing"/>
 </node>
 <node id="12403724770" visible="true" version="1" changeset="160045065" timestamp="2024-12-08T03:30:19Z" user="RoadGeek_MD99" uid="475877" lat="39.6656161" lon="-75.7580698">
  <tag k="crossing" v="uncontrolled"/>
  <tag k="highway" v="crossing"/>
 </node>
 <node id="12403724771" visible="true" version="1" changeset="160045065" timestamp="2024-12-08T03:30:19Z" user="RoadGeek_MD99" uid="475877" lat="39.6655148" lon="-75.7581722">
  <tag k="crossing" v="uncontrolled"/>
  <tag k="highway" v="crossing"/>
 </node>
 <node id="13566008969" visible="true" version="1" changeset="178571852" timestamp="2026-02-15T08:27:54Z" user="vayasaoy" uid="23214647" lat="39.6629967" lon="-75.7525303"/>
 <node id="13566008970" visible="true" version="1" changeset="178571852" timestamp="2026-02-15T08:27:54Z" user="vayasaoy" uid="23214647" lat="39.6628958" lon="-75.7524779"/>
 <node id="13566008971" visible="true" version="1" changeset="178571852" timestamp="2026-02-15T08:27:54Z" user="vayasaoy" uid="23214647" lat="39.6628079" lon="-75.7524481"/>
 <node id="13764042966" visible="true" version="1" changeset="181851119" timestamp="2026-04-26T15:31:10Z" user="xmrun" uid="17303785" lat="39.6637189" lon="-75.7589333"/>
 <node id="13764042967" visible="true" version="1" changeset="181851119" timestamp="2026-04-26T15:31:10Z" user="xmrun" uid="17303785" lat="39.6637846" lon="-75.7580949"/>
 <node id="13764042968" visible="true" version="1" changeset="181851119" timestamp="2026-04-26T15:31:10Z" user="xmrun" uid="17303785" lat="39.6637227" lon="-75.7580867"/>
 <node id="13764042969" visible="true" version="1" changeset="181851119" timestamp="2026-04-26T15:31:10Z" user="xmrun" uid="17303785" lat="39.6637298" lon="-75.7579967"/>
 <node id="13764042970" visible="true" version="1" changeset="181851119" timestamp="2026-04-26T15:31:10Z" user="xmrun" uid="17303785" lat="39.6636080" lon="-75.7579807"/>
 <node id="13764042971" visible="true" version="1" changeset="181851119" timestamp="2026-04-26T15:31:10Z" user="xmrun" uid="17303785" lat="39.6636011" lon="-75.7580684"/>
 <node id="13764042972" visible="true" version="1" changeset="181851119" timestamp="2026-04-26T15:31:10Z" user="xmrun" uid="17303785" lat="39.6636736" lon="-75.7589273"/>
 <node id="13764042973" visible="true" version="1" changeset="181851119" timestamp="2026-04-26T15:31:10Z" user="xmrun" uid="17303785" lat="39.6634622" lon="-75.7580501"/>
 <node id="13764042974" visible="true" version="1" changeset="181851119" timestamp="2026-04-26T15:31:10Z" user="xmrun" uid="17303785" lat="39.6634457" lon="-75.7589316"/>
 <node id="13764042975" visible="true" version="1" changeset="181851119" timestamp="2026-04-26T15:31:10Z" user="xmrun" uid="17303785" lat="39.6633939" lon="-75.7589248"/>
 <node id="13764042976" visible="true" version="1" changeset="181851119" timestamp="2026-04-26T15:31:10Z" user="xmrun" uid="17303785" lat="39.6634405" lon="-75.7589982"/>
 <node id="13764042977" visible="true" version="1" changeset="181851119" timestamp="2026-04-26T15:31:10Z" user="xmrun" uid="17303785" lat="39.6636657" lon="-75.7590279"/>
 <node id="13764042978" visible="true" version="1" changeset="181851119" timestamp="2026-04-26T15:31:10Z" user="xmrun" uid="17303785" lat="39.6635639" lon="-75.7578334"/>
 <node id="13764042979" visible="true" version="1" changeset="181851119" timestamp="2026-04-26T15:31:10Z" user="xmrun" uid="17303785" lat="39.6634856" lon="-75.7588847"/>
 <node id="13764042980" visible="true" version="1" changeset="181851119" timestamp="2026-04-26T15:31:10Z" user="xmrun" uid="17303785" lat="39.6636379" lon="-75.7589020"/>
 <node id="13764042981" visible="true" version="1" changeset="181851119" timestamp="2026-04-26T15:31:10Z" user="xmrun" uid="17303785" lat="39.6636985" lon="-75.7581088"/>
 <node id="13764042982" visible="true" version="1" changeset="181851119" timestamp="2026-04-26T15:31:10Z" user="xmrun" uid="17303785" lat="39.6635450" lon="-75.7580864"/>
 <node id="13764042983" visible="true" version="1" changeset="181851119" timestamp="2026-04-26T15:31:10Z" user="xmrun" uid="17303785" lat="39.6637044" lon="-75.7579934"/>
 <node id="13764042984" visible="true" version="1" changeset="181851119" timestamp="2026-04-26T15:31:10Z" user="xmrun" uid="17303785" lat="39.6635927" lon="-75.7579790"/>
 <node id="13764042985" visible="true" version="1" changeset="181851119" timestamp="2026-04-26T15:31:10Z" user="xmrun" uid="17303785" lat="39.6635855" lon="-75.7580664"/>
 <node id="13764042986" visible="true" version="1" changeset="181851119" timestamp="2026-04-26T15:31:10Z" user="xmrun" uid="17303785" lat="39.6629482" lon="-75.7552378"/>
 <node id="13764042987" visible="true" version="1" changeset="181851119" timestamp="2026-04-26T15:31:10Z" user="xmrun" uid="17303785" lat="39.6631011" lon="-75.7531583"/>
 <node id="13764042988" visible="true" version="1" changeset="181851119" timestamp="2026-04-26T15:31:10Z" user="xmrun" uid="17303785" lat="39.6630733" lon="-75.7529807"/>
 <node id="13764042989" visible="true" version="1" changeset="181851119" timestamp="2026-04-26T15:31:10Z" user="xmrun" uid="17303785" lat="39.6630848" lon="-75.7527761"/>
 <node id="13764042990" visible="true" version="1" changeset="181851119" timestamp="2026-04-26T15:31:10Z" user="xmrun" uid="17303785" lat="39.6627420" lon="-75.7524388"/>
 <node id="13764042991" visible="true" version="1" changeset="181851119" timestamp="2026-04-26T15:31:10Z" user="xmrun" uid="17303785" lat="39.6619954" lon="-75.7548576"/>
 <node id="13764042992" visible="true" version="1" changeset="181851119" timestamp="2026-04-26T15:31:10Z" user="xmrun" uid="17303785" lat="39.6628757" lon="-75.7553009"/>
 <node id="13764042993" visible="true" version="1" changeset="181851119" timestamp="2026-04-26T15:31:10Z" user="xmrun" uid="17303785" lat="39.6628812" lon="-75.7552443"/>
 <way id="17231797" visible="true" version="11" changeset="174437188" timestamp="2025-11-09T21:35:21Z" user="_jcaruso" uid="8148904">
  <nd ref="3659282227"/>
  <nd ref="3659282228"/>
  <nd ref="3659282229"/>
  <nd ref="7281787517"/>
  <nd ref="7281787518"/>
  <nd ref="7281787519"/>
  <nd ref="7281787520"/>
  <nd ref="6096028865"/>
  <nd ref="7281787523"/>
  <tag k="foot" v="private"/>
  <tag k="highway" v="residential"/>
  <tag k="name" v="Mopar Drive"/>
  <tag k="tiger:cfcc" v="A41"/>
  <tag k="tiger:county" v="New Castle, DE"/>
  <tag k="tiger:name_base" v="College"/>
  <tag k="tiger:name_type" v="Ave"/>
  <tag k="tiger:reviewed" v="no"/>
 </way>
 <way id="172341337" visible="true" version="4" changeset="153912314" timestamp="2024-07-13T22:56:47Z" user="hwierzbicki" uid="10198270">
  <nd ref="12051938608"/>
  <nd ref="12051938609"/>
  <nd ref="12051938610"/>
  <nd ref="12051938611"/>
  <nd ref="12051938603"/>
  <nd ref="1832527245"/>
  <nd ref="1832527243"/>
  <nd ref="1832527238"/>
  <nd ref="1832527222"/>
  <nd ref="12051938604"/>
  <nd ref="12051938605"/>
  <nd ref="12051938606"/>
  <nd ref="12051938607"/>
  <nd ref="1832527236"/>
  <nd ref="1832527240"/>
  <nd ref="1832527242"/>
  <nd ref="1832527244"/>
  <nd ref="1832527246"/>
  <nd ref="1832527248"/>
  <nd ref="12051938608"/>
  <tag k="addr:city" v="Newark"/>
  <tag k="addr:housenumber" v="275"/>
  <tag k="addr:postcode" v="19713"/>
  <tag k="addr:state" v="DE"/>
  <tag k="addr:street" v="Healthy Way"/>
  <tag k="communication:mobile_phone" v="yes"/>
  <tag k="man_made" v="water_tower"/>
  <tag k="name" v="STAR Campus Water Tower"/>
  <tag k="source" v="esri/USA_NAD_Addresses"/>
  <tag k="udtype" v="Service Facilities"/>
 </way>
 <way id="259228085" visible="true" version="2" changeset="21503739" timestamp="2014-04-04T21:07:55Z" user="dchiles" uid="153669">
  <nd ref="2645815674"/>
  <nd ref="2645815673"/>
  <nd ref="2645815676"/>
  <nd ref="2645815678"/>
  <nd ref="2645815674"/>
  <tag k="building" v="yes"/>
  <tag k="udtype" v="Service Facilities"/>
 </way>
 <way id="259756183" visible="true" version="15" changeset="178281705" timestamp="2026-02-08T19:52:40Z" user="huntertur" uid="16746044">
  <nd ref="2652119769"/>
  <nd ref="7079466741"/>
  <nd ref="7700244976"/>
  <nd ref="6093256615"/>
  <nd ref="12403724746"/>
  <nd ref="6067126997"/>
  <nd ref="12403707190"/>
  <nd ref="8797263552"/>
  <nd ref="12403707174"/>
  <nd ref="6067126999"/>
  <nd ref="12312317354"/>
  <nd ref="9687435734"/>
  <nd ref="12403724725"/>
  <nd ref="9687435735"/>
  <nd ref="12403724726"/>
  <nd ref="9687435733"/>
  <nd ref="12403724770"/>
  <nd ref="6067126996"/>
  <tag k="cycleway" v="lane"/>
  <tag k="highway" v="residential"/>
  <tag k="maxspeed" v="25 mph"/>
  <tag k="name" v="Inspiration Boulevard"/>
  <tag k="surface" v="asphalt"/>
 </way>
 <way id="259756186" visible="true" version="15" changeset="178281705" timestamp="2026-02-08T19:52:40Z" user="huntertur" uid="16746044">
  <nd ref="2652331505"/>
  <nd ref="12403724771"/>
  <nd ref="6067126996"/>
  <nd ref="12403724719"/>
  <nd ref="12403707169"/>
  <nd ref="12312317356"/>
  <nd ref="12403707172"/>
  <nd ref="12403707183"/>
  <nd ref="6067126998"/>
  <nd ref="12403707182"/>
  <nd ref="2652119015"/>
  <nd ref="2681308141"/>
  <nd ref="7094821617"/>
  <tag k="cycleway" v="lane"/>
  <tag k="highway" v="residential"/>
  <tag k="name" v="Healthy Way"/>
  <tag k="surface" v="asphalt"/>
 </way>
 <way id="259756191" visible="true" version="9" changeset="160045065" timestamp="2024-12-08T03:30:19Z" user="RoadGeek_MD99" uid="475877">
  <nd ref="2652119095"/>
  <nd ref="2652119093"/>
  <nd ref="2652119100"/>
  <nd ref="2652119102"/>
  <nd ref="2652119103"/>
  <nd ref="2652119108"/>
  <nd ref="2652119115"/>
  <nd ref="2652119120"/>
  <nd ref="2652119165"/>
  <nd ref="2652119188"/>
  <nd ref="2652119632"/>
  <nd ref="2652119646"/>
  <nd ref="2652119663"/>
  <nd ref="2652119678"/>
  <nd ref="2652119747"/>
  <nd ref="2652119753"/>
  <nd ref="2652119754"/>
  <nd ref="2652119755"/>
  <nd ref="2652119757"/>
  <nd ref="2652119758"/>
  <nd ref="2652119759"/>
  <nd ref="2652119733"/>
  <nd ref="2652119730"/>
  <nd ref="2652119728"/>
  <nd ref="2652119726"/>
  <nd ref="2652119727"/>
  <nd ref="2652119729"/>
  <nd ref="2652119731"/>
  <nd ref="2652119734"/>
  <nd ref="2652119735"/>
  <nd ref="2652119741"/>
  <nd ref="2652119737"/>
  <nd ref="2652119725"/>
  <nd ref="2652119724"/>
  <nd ref="2652119723"/>
  <nd ref="2652119721"/>
  <nd ref="2652119719"/>
  <nd ref="2652119718"/>
  <nd ref="2652119715"/>
  <nd ref="2652119714"/>
  <nd ref="2652119716"/>
  <nd ref="2652119717"/>
  <nd ref="2652119720"/>
  <nd ref="2652119722"/>
  <nd ref="2652119732"/>
  <nd ref="2652119545"/>
  <nd ref="2652119497"/>
  <nd ref="2652119495"/>
  <nd ref="2652119492"/>
  <nd ref="2652119484"/>
  <nd ref="2652119459"/>
  <nd ref="2652119455"/>
  <nd ref="2652119453"/>
  <nd ref="2652119450"/>
  <nd ref="2652119448"/>
  <nd ref="2652119107"/>
  <nd ref="2652119072"/>
  <nd ref="2652119070"/>
  <nd ref="2652119071"/>
  <nd ref="2652119079"/>
  <nd ref="2652119078"/>
  <nd ref="2652119073"/>
  <nd ref="2652119069"/>
  <nd ref="2652119064"/>
  <nd ref="2652119059"/>
  <nd ref="2652119055"/>
  <nd ref="2652119080"/>
  <nd ref="2652119043"/>
  <nd ref="2652119038"/>
  <nd ref="2652119034"/>
  <nd ref="2652119029"/>
  <nd ref="2652119026"/>
  <nd ref="2652119025"/>
  <nd ref="2652119024"/>
  <nd ref="2652119023"/>
  <nd ref="2652119027"/>
  <nd ref="2652119028"/>
  <nd ref="2652119030"/>
  <nd ref="2652119033"/>
  <nd ref="2652119036"/>
  <nd ref="2652119042"/>
  <nd ref="2652119044"/>
  <nd ref="2652119049"/>
  <nd ref="2652119060"/>
  <nd ref="2652119063"/>
  <nd ref="2652119068"/>
  <nd ref="2652119076"/>
  <nd ref="2652119082"/>
  <nd ref="2652119083"/>
  <nd ref="2652119088"/>
  <nd ref="2652119089"/>
  <nd ref="2652119131"/>
  <nd ref="2652119130"/>
  <nd ref="2652119128"/>
  <nd ref="2652119123"/>
  <nd ref="2652119116"/>
  <nd ref="2652119112"/>
  <nd ref="2652119109"/>
  <nd ref="2652119104"/>
  <nd ref="2652119092"/>
  <nd ref="2652119066"/>
  <nd ref="2652119062"/>
  <nd ref="2652119058"/>
  <nd ref="2652119051"/>
  <nd ref="2652119048"/>
  <nd ref="2652119047"/>
  <nd ref="2652119046"/>
  <nd ref="2652119052"/>
  <nd ref="2652119053"/>
  <nd ref="2652119056"/>
  <nd ref="2652119057"/>
  <nd ref="2652119061"/>
  <nd ref="2652119067"/>
  <nd ref="2652119075"/>
  <nd ref="2652119098"/>
  <nd ref="2652119110"/>
  <nd ref="2652119113"/>
  <nd ref="2652119121"/>
  <nd ref="2652119133"/>
  <nd ref="2652119138"/>
  <nd ref="2652119142"/>
  <nd ref="2652119193"/>
  <nd ref="2652119204"/>
  <nd ref="2652119225"/>
  <nd ref="2652119255"/>
  <nd ref="2652119293"/>
  <nd ref="2652119307"/>
  <nd ref="2652119314"/>
  <nd ref="2652119322"/>
  <nd ref="2652119343"/>
  <nd ref="2652119345"/>
  <nd ref="2652119351"/>
  <nd ref="2652119353"/>
  <nd ref="2652119360"/>
  <nd ref="2652119358"/>
  <nd ref="2652119356"/>
  <nd ref="2652119347"/>
  <nd ref="2652119340"/>
  <nd ref="2652119317"/>
  <nd ref="2652119308"/>
  <nd ref="2652119154"/>
  <nd ref="2652119117"/>
  <nd ref="2652119111"/>
  <nd ref="2652119106"/>
  <nd ref="2652119101"/>
  <nd ref="2652119097"/>
  <nd ref="2652119095"/>
  <tag k="access" v="private"/>
  <tag k="amenity" v="parking"/>
  <tag k="name" v="STAR Health Sciences North Lot"/>
  <tag k="udcode" v="STAR"/>
  <tag k="uddisp" v="Red"/>
  <tag k="udmoto" v="N"/>
  <tag k="udpay" v="yes"/>
  <tag k="udperm" v="Red"/>
 </way>
 <way id="259756200" visible="true" version="1" changeset="20356044" timestamp="2014-02-03T17:00:49Z" user="WmWright" uid="243946">
  <nd ref="2652119147"/>
  <nd ref="2652119143"/>
  <nd ref="2652119139"/>
  <nd ref="2652119136"/>
  <nd ref="2652119135"/>
  <nd ref="2652119127"/>
  <nd ref="2652119129"/>
  <nd ref="2652119132"/>
  <nd ref="2652119134"/>
  <nd ref="2652119137"/>
  <nd ref="2652119141"/>
  <nd ref="2652119146"/>
  <nd ref="2652119151"/>
  <nd ref="2652119157"/>
  <nd ref="2652119160"/>
  <nd ref="2652119161"/>
  <nd ref="2652119173"/>
  <nd ref="2652119172"/>
  <nd ref="2652119168"/>
  <nd ref="2652119164"/>
  <nd ref="2652119159"/>
  <nd ref="2652119152"/>
  <nd ref="2652119147"/>
 </way>
 <way id="259756205" visible="true" version="1" changeset="20356044" timestamp="2014-02-03T17:00:49Z" user="WmWright" uid="243946">
  <nd ref="2652119387"/>
  <nd ref="2652119391"/>
  <nd ref="2652119397"/>
  <nd ref="2652119403"/>
  <nd ref="2652119408"/>
  <nd ref="2652119420"/>
  <nd ref="2652119426"/>
  <nd ref="2652119432"/>
  <nd ref="2652119437"/>
  <nd ref="2652119439"/>
  <nd ref="2652119478"/>
  <nd ref="2652119486"/>
  <nd ref="2652119482"/>
  <nd ref="2652119474"/>
  <nd ref="2652119468"/>
  <nd ref="2652119462"/>
  <nd ref="2652119457"/>
  <nd ref="2652119446"/>
  <nd ref="2652119441"/>
  <nd ref="2652119434"/>
  <nd ref="2652119430"/>
  <nd ref="2652119428"/>
  <nd ref="2652119424"/>
  <nd ref="2652119422"/>
  <nd ref="2652119393"/>
  <nd ref="2652119388"/>
  <nd ref="2652119387"/>
 </way>
 <way id="259774902" visible="true" version="17" changeset="159074561" timestamp="2024-11-13T03:10:41Z" user="RoadGeek_MD99" uid="475877">
  <nd ref="3301578109"/>
  <nd ref="3301578110"/>
  <nd ref="6067126995"/>
  <nd ref="6067126994"/>
  <nd ref="6055668266"/>
  <nd ref="6067126992"/>
  <nd ref="6055668265"/>
  <nd ref="6067126993"/>
  <nd ref="6055668264"/>
  <nd ref="12312317363"/>
  <nd ref="12312317362"/>
  <nd ref="2009595833"/>
  <nd ref="7537635403"/>
  <nd ref="7210903334"/>
  <nd ref="2009595835"/>
  <nd ref="7790500345"/>
  <nd ref="3214931671"/>
  <nd ref="2009595849"/>
  <nd ref="7700246611"/>
  <nd ref="1711421882"/>
  <tag k="cycleway" v="lane"/>
  <tag k="highway" v="residential"/>
  <tag k="name" v="Discovery Boulevard"/>
  <tag k="surface" v="asphalt"/>
 </way>
 <way id="259774906" visible="true" version="7" changeset="159074561" timestamp="2024-11-13T03:10:41Z" user="RoadGeek_MD99" uid="475877">
  <nd ref="2652330687"/>
  <nd ref="2652330936"/>
  <nd ref="3301578109"/>
  <tag k="highway" v="residential"/>
 </way>
 <way id="259774908" visible="true" version="8" changeset="84730107" timestamp="2020-05-06T04:50:11Z" user="mzamam" uid="10480293">
  <nd ref="2652331088"/>
  <nd ref="2652331186"/>
  <nd ref="7487988822"/>
  <nd ref="7487988842"/>
  <nd ref="3301578108"/>
  <nd ref="2652331470"/>
  <nd ref="2652331488"/>
  <nd ref="2652331491"/>
  <nd ref="3301578107"/>
  <nd ref="2652331501"/>
  <tag k="highway" v="residential"/>
  <tag k="name" v="Research Boulevard"/>
 </way>
 <way id="259774929" visible="true" version="6" changeset="125506646" timestamp="2022-08-29T07:00:05Z" user="Henry572" uid="16121101">
  <nd ref="2652331468"/>
  <nd ref="2652331471"/>
  <nd ref="2652331477"/>
  <nd ref="2652331479"/>
  <nd ref="2652331482"/>
  <nd ref="2652331458"/>
  <nd ref="2652331457"/>
  <nd ref="2652331456"/>
  <nd ref="2652331453"/>
  <nd ref="2652331455"/>
  <nd ref="2652331460"/>
  <nd ref="2652331465"/>
  <nd ref="2652331475"/>
  <nd ref="2652331478"/>
  <nd ref="2652331480"/>
  <nd ref="2652331483"/>
  <nd ref="2652331484"/>
  <nd ref="2652331486"/>
  <nd ref="2652331474"/>
  <nd ref="2652331473"/>
  <nd ref="2652331469"/>
  <nd ref="2652331466"/>
  <nd ref="2652331464"/>
  <nd ref="2652331461"/>
  <nd ref="2652331452"/>
  <nd ref="2652331449"/>
  <nd ref="2652331448"/>
  <nd ref="2652331447"/>
  <nd ref="2652331443"/>
  <nd ref="2652331444"/>
  <nd ref="2652331445"/>
  <nd ref="2652331451"/>
  <nd ref="2652331433"/>
  <nd ref="2652331415"/>
  <nd ref="2652331414"/>
  <nd ref="2652331409"/>
  <nd ref="2652331408"/>
  <nd ref="2652331412"/>
  <nd ref="2652331428"/>
  <nd ref="2652331369"/>
  <nd ref="2652331366"/>
  <nd ref="2652331353"/>
  <nd ref="2652331334"/>
  <nd ref="2652331314"/>
  <nd ref="2652331298"/>
  <nd ref="2652331305"/>
  <nd ref="2652331318"/>
  <nd ref="2652331325"/>
  <nd ref="2652331384"/>
  <nd ref="2652331387"/>
  <nd ref="2652331397"/>
  <nd ref="2652331405"/>
  <nd ref="2652331418"/>
  <nd ref="2652331378"/>
  <nd ref="2652331379"/>
  <nd ref="2652331380"/>
  <nd ref="2652331376"/>
  <nd ref="2652331373"/>
  <nd ref="2652331357"/>
  <nd ref="2652331332"/>
  <nd ref="2652331297"/>
  <nd ref="2652331292"/>
  <nd ref="2652331287"/>
  <nd ref="2652331281"/>
  <nd ref="2652331272"/>
  <nd ref="2652331261"/>
  <nd ref="2652331265"/>
  <nd ref="2652331275"/>
  <nd ref="2652331283"/>
  <nd ref="2652331291"/>
  <nd ref="2652331170"/>
  <nd ref="2652330685"/>
  <nd ref="2652330682"/>
  <nd ref="2652330675"/>
  <nd ref="2652330673"/>
  <nd ref="2652330669"/>
  <nd ref="2652330775"/>
  <nd ref="2652330776"/>
  <nd ref="2652330778"/>
  <nd ref="2652330789"/>
  <nd ref="2652330798"/>
  <nd ref="2652330811"/>
  <nd ref="2652330822"/>
  <nd ref="2652330838"/>
  <nd ref="2652330843"/>
  <nd ref="2652330848"/>
  <nd ref="2652330854"/>
  <nd ref="2652330861"/>
  <nd ref="2652331017"/>
  <nd ref="2652331468"/>
  <tag k="amenity" v="parking"/>
  <tag k="parking" v="surface"/>
 </way>
 <way id="262466129" visible="true" version="10" changeset="166504110" timestamp="2025-05-20T04:14:32Z" user="DUGA" uid="10585023">
  <nd ref="2652119091"/>
  <nd ref="12403724710"/>
  <nd ref="2681308143"/>
  <nd ref="2652119080"/>
  <nd ref="7079466733"/>
  <nd ref="2681308149"/>
  <nd ref="7094821616"/>
  <nd ref="2681308152"/>
  <nd ref="7079466743"/>
  <nd ref="2681308155"/>
  <nd ref="7700244953"/>
  <nd ref="7700244954"/>
  <nd ref="7700244955"/>
  <nd ref="7700244956"/>
  <nd ref="7700244957"/>
  <nd ref="7700244958"/>
  <nd ref="7700244959"/>
  <nd ref="7700244960"/>
  <nd ref="7700244968"/>
  <nd ref="7700244961"/>
  <nd ref="7700244962"/>
  <nd ref="7700244963"/>
  <nd ref="7700244964"/>
  <nd ref="7700244965"/>
  <nd ref="7700244966"/>
  <tag k="footway" v="sidewalk"/>
  <tag k="highway" v="footway"/>
 </way>
 <way id="537604613" visible="true" version="9" changeset="175374753" timestamp="2025-12-01T20:17:29Z" user="Jefew9" uid="22183541">
  <nd ref="2652330121"/>
  <nd ref="2652330123"/>
  <nd ref="2652330124"/>
  <nd ref="1004978932"/>
  <nd ref="2652330125"/>
  <nd ref="2652330131"/>
  <nd ref="2652330133"/>
  <nd ref="2652330134"/>
  <nd ref="2652330136"/>
  <nd ref="2652330137"/>
  <nd ref="2652330138"/>
  <nd ref="2652330140"/>
  <nd ref="2652330141"/>
  <nd ref="2652330142"/>
  <nd ref="2652330144"/>
  <nd ref="2652330145"/>
  <nd ref="2652330146"/>
  <nd ref="2652330148"/>
  <nd ref="2652330158"/>
  <nd ref="2652330262"/>
  <nd ref="2652330405"/>
  <nd ref="2652330537"/>
  <nd ref="6969133269"/>
  <nd ref="12312317359"/>
  <nd ref="12312317360"/>
  <nd ref="2652330697"/>
  <nd ref="2652330853"/>
  <nd ref="3301578109"/>
  <nd ref="2652330930"/>
  <nd ref="12312317358"/>
  <nd ref="12312317357"/>
  <nd ref="2652331501"/>
  <nd ref="7104755295"/>
  <nd ref="2652331505"/>
  <tag k="highway" v="residential"/>
  <tag k="maxspeed" v="25 mph"/>
  <tag k="name" v="Science Boulevard"/>
 </way>
 <way id="645410854" visible="true" version="5" changeset="160045065" timestamp="2024-12-08T03:30:19Z" user="RoadGeek_MD99" uid="475877">
  <nd ref="6067127000"/>
  <nd ref="12403707188"/>
  <nd ref="8413953386"/>
  <nd ref="8413953394"/>
  <nd ref="11204493875"/>
  <nd ref="2652331501"/>
  <tag k="highway" v="residential"/>
  <tag k="name" v="Research Boulevard"/>
  <tag k="surface" v="asphalt"/>
 </way>
 <way id="645410855" visible="true" version="7" changeset="178281705" timestamp="2026-02-08T19:52:40Z" user="huntertur" uid="16746044">
  <nd ref="7537635403"/>
  <nd ref="6956879337"/>
  <nd ref="6067127000"/>
  <nd ref="2652119444"/>
  <nd ref="6067126998"/>
  <nd ref="2652119118"/>
  <nd ref="12403724747"/>
  <nd ref="6067126997"/>
  <nd ref="12403724701"/>
  <nd ref="8558604022"/>
  <tag k="cycleway" v="lane"/>
  <tag k="highway" v="residential"/>
  <tag k="name" v="Avenue 1743"/>
  <tag k="sidewalk" v="both"/>
  <tag k="surface" v="asphalt"/>
 </way>
 <way id="645410866" visible="true" version="3" changeset="110398462" timestamp="2021-08-29T03:17:43Z" user="S-zation" uid="5500750">
  <nd ref="6067127966"/>
  <nd ref="6067127965"/>
  <nd ref="6067127964"/>
  <nd ref="6067127963"/>
  <nd ref="6067127962"/>
  <nd ref="6067127961"/>
  <nd ref="6067127960"/>
  <nd ref="6067127959"/>
  <nd ref="6067127958"/>
  <nd ref="6067127957"/>
  <nd ref="6067127956"/>
  <nd ref="6067127955"/>
  <nd ref="6067127954"/>
  <nd ref="6067127953"/>
  <nd ref="6067127952"/>
  <nd ref="6067127951"/>
  <nd ref="6067127950"/>
  <nd ref="6067127948"/>
  <nd ref="6067127947"/>
  <nd ref="6067127946"/>
  <nd ref="6067127945"/>
  <nd ref="6067127944"/>
  <nd ref="6067127943"/>
  <nd ref="6067127942"/>
  <nd ref="6067127941"/>
  <nd ref="6067127940"/>
  <nd ref="6067127939"/>
  <nd ref="6067127938"/>
  <nd ref="6067127937"/>
  <nd ref="6067127936"/>
  <nd ref="6067127935"/>
  <nd ref="6067127934"/>
  <nd ref="6067127966"/>
  <tag k="addr:city" v="Newark"/>
  <tag k="addr:housenumber" v="590"/>
  <tag k="addr:postcode" v="19713"/>
  <tag k="addr:state" v="DE"/>
  <tag k="addr:street" v="Avenue 1743"/>
  <tag k="building" v="office"/>
  <tag k="name" v="Ammon Pinizzotto Biopharmaceutical Innovation Center"/>
 </way>
 <way id="645410867" visible="true" version="2" changeset="159074561" timestamp="2024-11-13T03:10:41Z" user="RoadGeek_MD99" uid="475877">
  <nd ref="6067128001"/>
  <nd ref="6067128000"/>
  <nd ref="6067127999"/>
  <nd ref="6067127998"/>
  <nd ref="6067127997"/>
  <nd ref="6067127996"/>
  <nd ref="6067127995"/>
  <nd ref="6067127994"/>
  <nd ref="6067127993"/>
  <nd ref="6067127992"/>
  <nd ref="6067127991"/>
  <nd ref="6067127990"/>
  <nd ref="6067127989"/>
  <nd ref="6067127988"/>
  <nd ref="6067127987"/>
  <nd ref="6067127986"/>
  <nd ref="6067127985"/>
  <nd ref="6067127984"/>
  <nd ref="6067127983"/>
  <nd ref="6067127982"/>
  <nd ref="6067127981"/>
  <nd ref="6067127980"/>
  <nd ref="6067127979"/>
  <nd ref="6067127978"/>
  <nd ref="6067127977"/>
  <nd ref="6067127976"/>
  <nd ref="6067127975"/>
  <nd ref="6067127974"/>
  <nd ref="6067127973"/>
  <nd ref="6067127972"/>
  <nd ref="6067127971"/>
  <nd ref="6067127970"/>
  <nd ref="6067127969"/>
  <nd ref="6067127968"/>
  <nd ref="6067127967"/>
  <nd ref="6067128001"/>
  <tag k="addr:city" v="Newark"/>
  <tag k="addr:housenumber" v="201"/>
  <tag k="addr:postcode" v="19713"/>
  <tag k="addr:state" v="DE"/>
  <tag k="addr:street" v="Discovery Boulevard"/>
  <tag k="building" v="office"/>
  <tag k="name" v="Chemours Discovery Hub"/>
  <tag k="source" v="esri_USDOT_NewCastleCountyDE"/>
 </way>
 <way id="645410879" visible="true" version="4" changeset="65705906" timestamp="2018-12-23T00:57:44Z" user="b-jazz" uid="5800005">
  <nd ref="6067128495"/>
  <nd ref="6067128493"/>
  <nd ref="6067128492"/>
  <nd ref="6067128490"/>
  <nd ref="6067128488"/>
  <nd ref="6067128487"/>
  <nd ref="6067128485"/>
  <nd ref="6067128483"/>
  <nd ref="6067128481"/>
  <nd ref="6067128478"/>
  <nd ref="6067128477"/>
  <nd ref="6067128476"/>
  <nd ref="6067128474"/>
  <nd ref="6067128472"/>
  <nd ref="6067128471"/>
  <nd ref="6067128468"/>
  <nd ref="6067128495"/>
 </way>
 <way id="645410880" visible="true" version="4" changeset="65483131" timestamp="2018-12-14T19:21:01Z" user="EdSS" uid="1824494">
  <nd ref="6067128525"/>
  <nd ref="6067128523"/>
  <nd ref="6067128522"/>
  <nd ref="6067128521"/>
  <nd ref="6067128520"/>
  <nd ref="6067128518"/>
  <nd ref="6067128516"/>
  <nd ref="6067128515"/>
  <nd ref="6067128513"/>
  <nd ref="6067128511"/>
  <nd ref="6067128510"/>
  <nd ref="6067128509"/>
  <nd ref="6067128508"/>
  <nd ref="6067128506"/>
  <nd ref="6067128505"/>
  <nd ref="6067128503"/>
  <nd ref="6067128502"/>
  <nd ref="6067128501"/>
  <nd ref="6067128500"/>
  <nd ref="6067128498"/>
  <nd ref="6067128497"/>
  <nd ref="6067128496"/>
  <nd ref="6067128525"/>
 </way>
 <way id="645410881" visible="true" version="8" changeset="65483097" timestamp="2018-12-14T19:18:53Z" user="EdSS" uid="1824494">
  <nd ref="6067128569"/>
  <nd ref="6067128563"/>
  <nd ref="6067128560"/>
  <nd ref="6067128554"/>
  <nd ref="6067128551"/>
  <nd ref="6067128550"/>
  <nd ref="6067128547"/>
  <nd ref="6067128545"/>
  <nd ref="6067128544"/>
  <nd ref="6067128533"/>
  <nd ref="6067128531"/>
  <nd ref="6067128526"/>
  <nd ref="6067128569"/>
 </way>
 <way id="645410882" visible="true" version="5" changeset="64948866" timestamp="2018-11-27T19:26:30Z" user="EdSS" uid="1824494">
  <nd ref="6067128600"/>
  <nd ref="6067128598"/>
  <nd ref="6067128597"/>
  <nd ref="6067128596"/>
  <nd ref="6067128595"/>
  <nd ref="6067128594"/>
  <nd ref="6067128593"/>
  <nd ref="6067128592"/>
  <nd ref="6067128591"/>
  <nd ref="6067128589"/>
  <nd ref="6067128588"/>
  <nd ref="6067128586"/>
  <nd ref="6067128584"/>
  <nd ref="6067128583"/>
  <nd ref="6067128582"/>
  <nd ref="6067128579"/>
  <nd ref="6067128577"/>
  <nd ref="6067128575"/>
  <nd ref="6067128574"/>
  <nd ref="6067128573"/>
  <nd ref="6067128572"/>
  <nd ref="6067128571"/>
  <nd ref="6067128600"/>
 </way>
 <way id="645410883" visible="true" version="3" changeset="64792791" timestamp="2018-11-22T19:52:57Z" user="EdSS" uid="1824494">
  <nd ref="6067128629"/>
  <nd ref="6067128628"/>
  <nd ref="6067128627"/>
  <nd ref="6067128626"/>
  <nd ref="6067128625"/>
  <nd ref="6067128624"/>
  <nd ref="6067128623"/>
  <nd ref="6067128622"/>
  <nd ref="6067128621"/>
  <nd ref="6067128619"/>
  <nd ref="6067128618"/>
  <nd ref="6067128616"/>
  <nd ref="6067128614"/>
  <nd ref="6067128613"/>
  <nd ref="6067128612"/>
  <nd ref="6067128609"/>
  <nd ref="6067128608"/>
  <nd ref="6067128606"/>
  <nd ref="6067128604"/>
  <nd ref="6067128603"/>
  <nd ref="6067128602"/>
  <nd ref="6067128601"/>
  <nd ref="6067128629"/>
 </way>
 <way id="645410887" visible="true" version="10" changeset="65705906" timestamp="2018-12-23T00:57:44Z" user="b-jazz" uid="5800005">
  <nd ref="6067129452"/>
  <nd ref="6067129451"/>
  <nd ref="6067129450"/>
  <nd ref="6067129449"/>
  <nd ref="6067129448"/>
  <nd ref="6067129447"/>
  <nd ref="6067129446"/>
  <nd ref="6067129445"/>
  <nd ref="6067129444"/>
  <nd ref="6067129443"/>
  <nd ref="6067129442"/>
  <nd ref="6067129441"/>
  <nd ref="6067129440"/>
  <nd ref="6067129439"/>
  <nd ref="6067129438"/>
  <nd ref="6067129437"/>
  <nd ref="6067129436"/>
  <nd ref="6067129435"/>
  <nd ref="6067129434"/>
  <nd ref="6067129433"/>
  <nd ref="6067129432"/>
  <nd ref="6067129431"/>
  <nd ref="6067129430"/>
  <nd ref="6067129429"/>
  <nd ref="6067129427"/>
  <nd ref="6067129426"/>
  <nd ref="6067129425"/>
  <nd ref="6067129423"/>
  <nd ref="6067129422"/>
  <nd ref="6067129421"/>
  <nd ref="6067129420"/>
  <nd ref="6067129419"/>
  <nd ref="6067129418"/>
  <nd ref="6067129417"/>
  <nd ref="6067129416"/>
  <nd ref="6067129415"/>
  <nd ref="6067129410"/>
  <nd ref="6067129409"/>
  <nd ref="6067129408"/>
  <nd ref="6067129407"/>
  <nd ref="6067129402"/>
  <nd ref="6067129400"/>
  <nd ref="6067129399"/>
  <nd ref="6067129398"/>
  <nd ref="6067129397"/>
  <nd ref="6067129396"/>
  <nd ref="6067129394"/>
  <nd ref="6067129392"/>
  <nd ref="6067129391"/>
  <nd ref="6067129390"/>
  <nd ref="6067129389"/>
  <nd ref="6067129387"/>
  <nd ref="6067129386"/>
  <nd ref="6067129385"/>
  <nd ref="6067129284"/>
  <nd ref="6067129283"/>
  <nd ref="6067129282"/>
  <nd ref="6067129281"/>
  <nd ref="6067129280"/>
  <nd ref="6067129279"/>
  <nd ref="6067129278"/>
  <nd ref="6067129277"/>
  <nd ref="6067129276"/>
  <nd ref="6067129275"/>
  <nd ref="6067129274"/>
  <nd ref="6067129273"/>
  <nd ref="6067129272"/>
  <nd ref="6067129271"/>
  <nd ref="6067129270"/>
  <nd ref="6067129269"/>
  <nd ref="6067129268"/>
  <nd ref="6067129267"/>
  <nd ref="6067129266"/>
  <nd ref="6067129265"/>
  <nd ref="6067129264"/>
  <nd ref="6067129263"/>
  <nd ref="6067129262"/>
  <nd ref="6067129261"/>
  <nd ref="6067129260"/>
  <nd ref="6067129259"/>
  <nd ref="6067129258"/>
  <nd ref="6067129257"/>
  <nd ref="6067129256"/>
  <nd ref="6067129255"/>
  <nd ref="6067129254"/>
  <nd ref="6067129253"/>
  <nd ref="6067129252"/>
  <nd ref="6067129251"/>
  <nd ref="6067129250"/>
  <nd ref="6067129249"/>
  <nd ref="6067129248"/>
  <nd ref="6067129247"/>
  <nd ref="6067129246"/>
  <nd ref="6067129245"/>
  <nd ref="6067129244"/>
  <nd ref="6067129243"/>
  <nd ref="6067129242"/>
  <nd ref="6067129241"/>
  <nd ref="6067129240"/>
  <nd ref="6067129239"/>
  <nd ref="6067129238"/>
  <nd ref="6067129237"/>
  <nd ref="6067129236"/>
  <nd ref="6067129235"/>
  <nd ref="6067129234"/>
  <nd ref="6067129233"/>
  <nd ref="6067129232"/>
  <nd ref="6067129231"/>
  <nd ref="6067129230"/>
  <nd ref="6067129229"/>
  <nd ref="6067129228"/>
  <nd ref="6067129227"/>
  <nd ref="6067129226"/>
  <nd ref="6067129225"/>
  <nd ref="6067129224"/>
  <nd ref="6067129223"/>
  <nd ref="6067129222"/>
  <nd ref="6067129221"/>
  <nd ref="6067129220"/>
  <nd ref="6067129219"/>
  <nd ref="6067129218"/>
  <nd ref="6067129217"/>
  <nd ref="6067129216"/>
  <nd ref="6067129215"/>
  <nd ref="6067129214"/>
  <nd ref="6067129213"/>
  <nd ref="6067129212"/>
  <nd ref="6067129211"/>
  <nd ref="6067129210"/>
  <nd ref="6067129209"/>
  <nd ref="6067129208"/>
  <nd ref="6067129207"/>
  <nd ref="6067129206"/>
  <nd ref="6067129205"/>
  <nd ref="6067129204"/>
  <nd ref="6067129203"/>
  <nd ref="6067129202"/>
  <nd ref="6067129201"/>
  <nd ref="6067129200"/>
  <nd ref="6067129199"/>
  <nd ref="6067129198"/>
  <nd ref="6067129197"/>
  <nd ref="6067129196"/>
  <nd ref="6067129195"/>
  <nd ref="6067129194"/>
  <nd ref="6067129193"/>
  <nd ref="6067129192"/>
  <nd ref="6067129191"/>
  <nd ref="6067129190"/>
  <nd ref="6067129189"/>
  <nd ref="6067129188"/>
  <nd ref="6067129187"/>
  <nd ref="6067129186"/>
  <nd ref="6067129185"/>
  <nd ref="6067129184"/>
  <nd ref="6067129183"/>
  <nd ref="6067129182"/>
  <nd ref="6067129181"/>
  <nd ref="6067129180"/>
  <nd ref="6067129179"/>
  <nd ref="6067129178"/>
  <nd ref="6067129177"/>
  <nd ref="6067129176"/>
  <nd ref="6067129175"/>
  <nd ref="6067129174"/>
  <nd ref="6067129173"/>
  <nd ref="6067129172"/>
  <nd ref="6067129171"/>
  <nd ref="6067129170"/>
  <nd ref="6067129169"/>
  <nd ref="6067129168"/>
  <nd ref="6067129167"/>
  <nd ref="6067129166"/>
  <nd ref="6067129165"/>
  <nd ref="6067129164"/>
  <nd ref="6067129163"/>
  <nd ref="6067129162"/>
  <nd ref="6067129161"/>
  <nd ref="6067129160"/>
  <nd ref="6067129159"/>
  <nd ref="6067129158"/>
  <nd ref="6067129157"/>
  <nd ref="6067129156"/>
  <nd ref="6067129155"/>
  <nd ref="6067129154"/>
  <nd ref="6067129153"/>
  <nd ref="6067129152"/>
  <nd ref="6067129151"/>
  <nd ref="6067129150"/>
  <nd ref="6067129149"/>
  <nd ref="6067129148"/>
  <nd ref="6067129147"/>
  <nd ref="6067129146"/>
  <nd ref="6067129145"/>
  <nd ref="6067129144"/>
  <nd ref="6067129143"/>
  <nd ref="6067129142"/>
  <nd ref="6067129141"/>
  <nd ref="6067129140"/>
  <nd ref="6067129139"/>
  <nd ref="6067129138"/>
  <nd ref="6067129137"/>
  <nd ref="6067129136"/>
  <nd ref="6067129135"/>
  <nd ref="6067129134"/>
  <nd ref="6067129133"/>
  <nd ref="6067129132"/>
  <nd ref="6067129131"/>
  <nd ref="6067129130"/>
  <nd ref="6067129129"/>
  <nd ref="6067129128"/>
  <nd ref="6067129127"/>
  <nd ref="6067129126"/>
  <nd ref="6067129125"/>
  <nd ref="6067129124"/>
  <nd ref="6067129123"/>
  <nd ref="6067129122"/>
  <nd ref="6067129121"/>
  <nd ref="6067129120"/>
  <nd ref="6067129119"/>
  <nd ref="6067129118"/>
  <nd ref="6067129117"/>
  <nd ref="6067129116"/>
  <nd ref="6067129115"/>
  <nd ref="6067129114"/>
  <nd ref="6067129113"/>
  <nd ref="6067129112"/>
  <nd ref="6067129111"/>
  <nd ref="6067129110"/>
  <nd ref="6067129109"/>
  <nd ref="6067129108"/>
  <nd ref="6067129107"/>
  <nd ref="6067129106"/>
  <nd ref="6067129105"/>
  <nd ref="6067129104"/>
  <nd ref="6067129103"/>
  <nd ref="6067129102"/>
  <nd ref="6067129100"/>
  <nd ref="6067129098"/>
  <nd ref="6067129097"/>
  <nd ref="6067129096"/>
  <nd ref="6067129095"/>
  <nd ref="6067129094"/>
  <nd ref="6067129093"/>
  <nd ref="6067129092"/>
  <nd ref="6067129091"/>
  <nd ref="6067129090"/>
  <nd ref="6067129089"/>
  <nd ref="6067129088"/>
  <nd ref="6067129087"/>
  <nd ref="6067129086"/>
  <nd ref="6067129085"/>
  <nd ref="6067128984"/>
  <nd ref="6067128983"/>
  <nd ref="6067128982"/>
  <nd ref="6067128980"/>
  <nd ref="6067128978"/>
  <nd ref="6067128977"/>
  <nd ref="6067128976"/>
  <nd ref="6067128974"/>
  <nd ref="6067128972"/>
  <nd ref="6067128971"/>
  <nd ref="6067127006"/>
  <nd ref="6067128969"/>
  <nd ref="6067128968"/>
  <nd ref="6067128967"/>
  <nd ref="6067128966"/>
  <nd ref="6067128964"/>
  <nd ref="6067128963"/>
  <nd ref="6067128962"/>
  <nd ref="6067128961"/>
  <nd ref="6067128960"/>
  <nd ref="6067128959"/>
  <nd ref="6067128958"/>
  <nd ref="6067128957"/>
  <nd ref="6067128956"/>
  <nd ref="6067128955"/>
  <nd ref="6067128954"/>
  <nd ref="6067128953"/>
  <nd ref="6067128952"/>
  <nd ref="6067128951"/>
  <nd ref="6067128950"/>
  <nd ref="6067128949"/>
  <nd ref="6067128948"/>
  <nd ref="6067128947"/>
  <nd ref="6067128946"/>
  <nd ref="6067128945"/>
  <nd ref="6067128944"/>
  <nd ref="6067128943"/>
  <nd ref="6067128942"/>
  <nd ref="6067128941"/>
  <nd ref="6067128940"/>
  <nd ref="6067128939"/>
  <nd ref="6067128938"/>
  <nd ref="6067128937"/>
  <nd ref="6067128936"/>
  <nd ref="6067128935"/>
  <nd ref="6067128934"/>
  <nd ref="6067128933"/>
  <nd ref="6067128932"/>
  <nd ref="6067128931"/>
  <nd ref="6067128930"/>
  <nd ref="6067128929"/>
  <nd ref="6067128928"/>
  <nd ref="6067128927"/>
  <nd ref="6067128926"/>
  <nd ref="6067128925"/>
  <nd ref="6067128924"/>
  <nd ref="6067128923"/>
  <nd ref="6067128922"/>
  <nd ref="6067128921"/>
  <nd ref="6067128920"/>
  <nd ref="6067128919"/>
  <nd ref="6067128918"/>
  <nd ref="6067128916"/>
  <nd ref="6067128915"/>
  <nd ref="6067128914"/>
  <nd ref="6067128913"/>
  <nd ref="6067128911"/>
  <nd ref="6067128910"/>
  <nd ref="6067128909"/>
  <nd ref="6067128908"/>
  <nd ref="6067128906"/>
  <nd ref="6067128905"/>
  <nd ref="6067128903"/>
  <nd ref="6067128901"/>
  <nd ref="6067128899"/>
  <nd ref="6067128898"/>
  <nd ref="6067128895"/>
  <nd ref="6067128894"/>
  <nd ref="6067128893"/>
  <nd ref="6067127009"/>
  <nd ref="6067127010"/>
  <nd ref="6067128892"/>
  <nd ref="6067127011"/>
  <nd ref="6067127012"/>
  <nd ref="6067128891"/>
  <nd ref="6067127013"/>
  <nd ref="6067127014"/>
  <nd ref="6067128890"/>
  <nd ref="6067127008"/>
  <nd ref="6067127007"/>
  <nd ref="6067128889"/>
  <nd ref="6067128888"/>
  <nd ref="6067128886"/>
  <nd ref="6067128885"/>
  <nd ref="6067128884"/>
  <nd ref="6067128883"/>
  <nd ref="6067128881"/>
  <nd ref="6067128879"/>
  <nd ref="6067128878"/>
  <nd ref="6067128877"/>
  <nd ref="6067128876"/>
  <nd ref="6067128874"/>
  <nd ref="6067128873"/>
  <nd ref="6067128872"/>
  <nd ref="6067128871"/>
  <nd ref="6067128870"/>
  <nd ref="6067128869"/>
  <nd ref="6067128868"/>
  <nd ref="6067128867"/>
  <nd ref="6067128866"/>
  <nd ref="6067128865"/>
  <nd ref="6067128864"/>
  <nd ref="6067128863"/>
  <nd ref="6067128862"/>
  <nd ref="6067128860"/>
  <nd ref="6067128858"/>
  <nd ref="6067128857"/>
  <nd ref="6067128856"/>
  <nd ref="6067128855"/>
  <nd ref="6067128854"/>
  <nd ref="6067128853"/>
  <nd ref="6067128852"/>
  <nd ref="6067128851"/>
  <nd ref="6067128850"/>
  <nd ref="6067128849"/>
  <nd ref="6067128848"/>
  <nd ref="6067128847"/>
  <nd ref="6067128846"/>
  <nd ref="6067128845"/>
  <nd ref="6067128844"/>
  <nd ref="6067128843"/>
  <nd ref="6067128842"/>
  <nd ref="6067128841"/>
  <nd ref="6067128840"/>
  <nd ref="6067128839"/>
  <nd ref="6067128838"/>
  <nd ref="6067128837"/>
  <nd ref="6067128836"/>
  <nd ref="6067128835"/>
  <nd ref="6067128834"/>
  <nd ref="6067128833"/>
  <nd ref="6067128832"/>
  <nd ref="6067128831"/>
  <nd ref="6067128830"/>
  <nd ref="6067128829"/>
  <nd ref="6067128828"/>
  <nd ref="6067128827"/>
  <nd ref="6067128826"/>
  <nd ref="6067128825"/>
  <nd ref="6067128824"/>
  <nd ref="6067128823"/>
  <nd ref="6067128822"/>
  <nd ref="6067128821"/>
  <nd ref="6067128820"/>
  <nd ref="6067128819"/>
  <nd ref="6067128818"/>
  <nd ref="6067128817"/>
  <nd ref="6067128816"/>
  <nd ref="6067128815"/>
  <nd ref="6067128814"/>
  <nd ref="6067129452"/>
  <tag k="access" v="private"/>
  <tag k="amenity" v="parking"/>
  <tag k="name" v="STAR Tower Lot"/>
 </way>
 <way id="645410900" visible="true" version="1" changeset="64579776" timestamp="2018-11-16T19:11:10Z" user="WmWright" uid="243946">
  <nd ref="6067129476"/>
  <nd ref="6067129475"/>
  <nd ref="6067129474"/>
  <nd ref="6067129473"/>
  <nd ref="6067129472"/>
  <nd ref="6067129471"/>
  <nd ref="6067129470"/>
  <nd ref="6067129469"/>
  <nd ref="6067129468"/>
  <nd ref="6067129467"/>
  <nd ref="6067129466"/>
  <nd ref="6067129465"/>
  <nd ref="6067129464"/>
  <nd ref="6067129463"/>
  <nd ref="6067129462"/>
  <nd ref="6067129461"/>
  <nd ref="6067129460"/>
  <nd ref="6067129459"/>
  <nd ref="6067129476"/>
 </way>
 <way id="645410902" visible="true" version="2" changeset="66110655" timestamp="2019-01-07T21:55:24Z" user="EdSS" uid="1824494">
  <nd ref="6067129496"/>
  <nd ref="6067129494"/>
  <nd ref="6067129493"/>
  <nd ref="6067129492"/>
  <nd ref="6067129491"/>
  <nd ref="6067129490"/>
  <nd ref="6067129489"/>
  <nd ref="6067129488"/>
  <nd ref="6067129487"/>
  <nd ref="6067129486"/>
  <nd ref="6067129485"/>
  <nd ref="6067129484"/>
  <nd ref="6067129483"/>
  <nd ref="6067129482"/>
  <nd ref="6067129481"/>
  <nd ref="6067129480"/>
  <nd ref="6067129479"/>
  <nd ref="6067129478"/>
  <nd ref="6067129477"/>
  <nd ref="6067129496"/>
 </way>
 <way id="645410905" visible="true" version="1" changeset="64579776" timestamp="2018-11-16T19:11:10Z" user="WmWright" uid="243946">
  <nd ref="6067129516"/>
  <nd ref="6067129515"/>
  <nd ref="6067129514"/>
  <nd ref="6067129513"/>
  <nd ref="6067129512"/>
  <nd ref="6067129511"/>
  <nd ref="6067129510"/>
  <nd ref="6067129509"/>
  <nd ref="6067129508"/>
  <nd ref="6067129507"/>
  <nd ref="6067129506"/>
  <nd ref="6067129505"/>
  <nd ref="6067129504"/>
  <nd ref="6067129503"/>
  <nd ref="6067129502"/>
  <nd ref="6067129501"/>
  <nd ref="6067129500"/>
  <nd ref="6067129499"/>
  <nd ref="6067129498"/>
  <nd ref="6067129497"/>
  <nd ref="6067129516"/>
 </way>
 <way id="645410907" visible="true" version="1" changeset="64579776" timestamp="2018-11-16T19:11:10Z" user="WmWright" uid="243946">
  <nd ref="6067129536"/>
  <nd ref="6067129535"/>
  <nd ref="6067129534"/>
  <nd ref="6067129533"/>
  <nd ref="6067129532"/>
  <nd ref="6067129531"/>
  <nd ref="6067129530"/>
  <nd ref="6067129529"/>
  <nd ref="6067129528"/>
  <nd ref="6067129527"/>
  <nd ref="6067129526"/>
  <nd ref="6067129525"/>
  <nd ref="6067129524"/>
  <nd ref="6067129523"/>
  <nd ref="6067129522"/>
  <nd ref="6067129521"/>
  <nd ref="6067129520"/>
  <nd ref="6067129519"/>
  <nd ref="6067129518"/>
  <nd ref="6067129517"/>
  <nd ref="6067129536"/>
 </way>
 <way id="645410912" visible="true" version="2" changeset="110398462" timestamp="2021-08-29T03:17:43Z" user="S-zation" uid="5500750">
  <nd ref="6067129573"/>
  <nd ref="6067129572"/>
  <nd ref="6067129571"/>
  <nd ref="6067129570"/>
  <nd ref="6067129569"/>
  <nd ref="6067129568"/>
  <nd ref="6067129567"/>
  <nd ref="6067129566"/>
  <nd ref="6067129565"/>
  <nd ref="6067129564"/>
  <nd ref="6067129563"/>
  <nd ref="6067129562"/>
  <nd ref="6067129561"/>
  <nd ref="6067129560"/>
  <nd ref="9044609968"/>
  <nd ref="6067129559"/>
  <nd ref="6067129558"/>
  <nd ref="6067129557"/>
  <nd ref="6067129556"/>
  <nd ref="6067129573"/>
 </way>
 <way id="645410915" visible="true" version="4" changeset="159074561" timestamp="2024-11-13T03:10:41Z" user="RoadGeek_MD99" uid="475877">
  <nd ref="6067129825"/>
  <nd ref="6067129824"/>
  <nd ref="6067129823"/>
  <nd ref="6067129822"/>
  <nd ref="6067129821"/>
  <nd ref="6067129820"/>
  <nd ref="6067129819"/>
  <nd ref="6067129818"/>
  <nd ref="6067129817"/>
  <nd ref="6067129816"/>
  <nd ref="6067129815"/>
  <nd ref="6067129814"/>
  <nd ref="6067129813"/>
  <nd ref="6067129812"/>
  <nd ref="6067129811"/>
  <nd ref="6067129810"/>
  <nd ref="6067129809"/>
  <nd ref="6067129808"/>
  <nd ref="6067129807"/>
  <nd ref="6067129806"/>
  <nd ref="6067129805"/>
  <nd ref="6067129804"/>
  <nd ref="6067129803"/>
  <nd ref="6067129802"/>
  <nd ref="6067129801"/>
  <nd ref="6067129800"/>
  <nd ref="6067129799"/>
  <nd ref="6067129798"/>
  <nd ref="6067129797"/>
  <nd ref="6067129796"/>
  <nd ref="6067129795"/>
  <nd ref="6067129794"/>
  <nd ref="6067129793"/>
  <nd ref="6067129791"/>
  <nd ref="6067129789"/>
  <nd ref="6067129787"/>
  <nd ref="6067129786"/>
  <nd ref="6067129785"/>
  <nd ref="6067129783"/>
  <nd ref="6067129782"/>
  <nd ref="6067129781"/>
  <nd ref="6067129780"/>
  <nd ref="6067129779"/>
  <nd ref="6067129778"/>
  <nd ref="6067129777"/>
  <nd ref="6067129776"/>
  <nd ref="6067129775"/>
  <nd ref="6067129774"/>
  <nd ref="6067129773"/>
  <nd ref="6067129772"/>
  <nd ref="6067129771"/>
  <nd ref="6067129770"/>
  <nd ref="6067129769"/>
  <nd ref="6067129768"/>
  <nd ref="6067129767"/>
  <nd ref="6067129766"/>
  <nd ref="6067129765"/>
  <nd ref="6067129764"/>
  <nd ref="6067129763"/>
  <nd ref="6067129762"/>
  <nd ref="6067129761"/>
  <nd ref="6067129760"/>
  <nd ref="6067129759"/>
  <nd ref="6067129758"/>
  <nd ref="6067129757"/>
  <nd ref="6067129756"/>
  <nd ref="6067129755"/>
  <nd ref="6067129754"/>
  <nd ref="6067129753"/>
  <nd ref="6067129752"/>
  <nd ref="6067129751"/>
  <nd ref="6067129750"/>
  <nd ref="6067129749"/>
  <nd ref="6067129748"/>
  <nd ref="6067129747"/>
  <nd ref="6067129746"/>
  <nd ref="6067129745"/>
  <nd ref="6067129730"/>
  <nd ref="6067129728"/>
  <nd ref="6067129727"/>
  <nd ref="6067129726"/>
  <nd ref="6067129725"/>
  <nd ref="6067129724"/>
  <nd ref="6067129723"/>
  <nd ref="6067129722"/>
  <nd ref="6067129721"/>
  <nd ref="6067129720"/>
  <nd ref="6067129719"/>
  <nd ref="6067129718"/>
  <nd ref="6067129717"/>
  <nd ref="6067129716"/>
  <nd ref="6067129715"/>
  <nd ref="6067129714"/>
  <nd ref="6067129713"/>
  <nd ref="6067129712"/>
  <nd ref="6067129711"/>
  <nd ref="6067129710"/>
  <nd ref="6067129709"/>
  <nd ref="6067129708"/>
  <nd ref="6067129707"/>
  <nd ref="6067129706"/>
  <nd ref="6067129705"/>
  <nd ref="6067129704"/>
  <nd ref="6067129703"/>
  <nd ref="6067129702"/>
  <nd ref="6067129701"/>
  <nd ref="6067129700"/>
  <nd ref="6067129699"/>
  <nd ref="6067129698"/>
  <nd ref="6067129697"/>
  <nd ref="6067129696"/>
  <nd ref="6067129695"/>
  <nd ref="6067129693"/>
  <nd ref="6067129691"/>
  <nd ref="6067129690"/>
  <nd ref="6067129689"/>
  <nd ref="6067129688"/>
  <nd ref="6067129687"/>
  <nd ref="6067129686"/>
  <nd ref="6067129685"/>
  <nd ref="6067129584"/>
  <nd ref="6067129583"/>
  <nd ref="6067129582"/>
  <nd ref="6067129581"/>
  <nd ref="6067129580"/>
  <nd ref="6067129579"/>
  <nd ref="6067129578"/>
  <nd ref="6067129577"/>
  <nd ref="6067129576"/>
  <nd ref="6067129575"/>
  <nd ref="6067129574"/>
  <nd ref="6067129825"/>
 </way>
 <way id="669439186" visible="true" version="2" changeset="160045065" timestamp="2024-12-08T03:30:19Z" user="RoadGeek_MD99" uid="475877">
  <nd ref="6268904876"/>
  <nd ref="6268904875"/>
  <nd ref="6268904874"/>
  <nd ref="6268904873"/>
  <nd ref="6268904872"/>
  <nd ref="6268904871"/>
  <nd ref="6268904870"/>
  <nd ref="6268904869"/>
  <nd ref="12403724706"/>
  <nd ref="6268904868"/>
  <nd ref="6268904876"/>
  <tag k="amenity" v="university"/>
  <tag k="name" v="STAR Campus"/>
 </way>
 <way id="743219752" visible="true" version="3" changeset="136528024" timestamp="2023-05-25T06:51:17Z" user="arkdatta" uid="8683372">
  <nd ref="6956879318"/>
  <nd ref="6956879319"/>
  <nd ref="6956879320"/>
  <nd ref="6956879321"/>
  <nd ref="6956879352"/>
  <nd ref="6956879350"/>
  <nd ref="6956879322"/>
  <nd ref="6956879338"/>
  <nd ref="6956879323"/>
  <nd ref="6956879324"/>
  <nd ref="6956879325"/>
  <nd ref="6956879326"/>
  <nd ref="6956879327"/>
  <nd ref="6956879356"/>
  <nd ref="6956879340"/>
  <tag k="highway" v="service"/>
  <tag k="service" v="parking_aisle"/>
 </way>
 <way id="743219753" visible="true" version="1" changeset="76793603" timestamp="2019-11-08T08:17:08Z" user="bjnlm" uid="10173446">
  <nd ref="6956879337"/>
  <nd ref="6956879338"/>
  <nd ref="6956879355"/>
  <nd ref="6956879339"/>
  <tag k="highway" v="service"/>
 </way>
 <way id="743219756" visible="true" version="2" changeset="80991344" timestamp="2020-02-14T06:41:37Z" user="S-zation" uid="5500750">
  <nd ref="6956879350"/>
  <nd ref="6956879354"/>
  <nd ref="6956879351"/>
  <tag k="highway" v="service"/>
  <tag k="service" v="parking_aisle"/>
 </way>
 <way id="743219757" visible="true" version="2" changeset="80991344" timestamp="2020-02-14T06:41:37Z" user="S-zation" uid="5500750">
  <nd ref="6956879352"/>
  <nd ref="6956879353"/>
  <tag k="highway" v="service"/>
  <tag k="service" v="parking_aisle"/>
 </way>
 <way id="758072699" visible="true" version="3" changeset="160045065" timestamp="2024-12-08T03:30:19Z" user="RoadGeek_MD99" uid="475877">
  <nd ref="7079466734"/>
  <nd ref="7079466735"/>
  <nd ref="7079466737"/>
  <nd ref="7079466738"/>
  <nd ref="12403707184"/>
  <nd ref="7210903320"/>
  <nd ref="7210903321"/>
  <nd ref="7210903323"/>
  <nd ref="7210903325"/>
  <nd ref="7210903293"/>
  <nd ref="7210903327"/>
  <nd ref="7210903328"/>
  <nd ref="7079466739"/>
  <nd ref="7210903330"/>
  <nd ref="7210903332"/>
  <nd ref="7079466740"/>
  <tag k="highway" v="service"/>
  <tag k="service" v="parking_aisle"/>
 </way>
 <way id="760528718" visible="true" version="2" changeset="158981948" timestamp="2024-11-10T19:09:52Z" user="sswedz" uid="22161757">
  <nd ref="3659282227"/>
  <nd ref="7104755177"/>
  <nd ref="7104755178"/>
  <nd ref="7104755179"/>
  <nd ref="7104755180"/>
  <nd ref="7104755181"/>
  <nd ref="7104755182"/>
  <nd ref="7104755183"/>
  <nd ref="7104755184"/>
  <nd ref="7104755185"/>
  <nd ref="7104755186"/>
  <nd ref="7104755187"/>
  <nd ref="7104755188"/>
  <nd ref="7104755189"/>
  <nd ref="7104755190"/>
  <nd ref="7104755191"/>
  <nd ref="7104755192"/>
  <nd ref="7104755193"/>
  <nd ref="7104755194"/>
  <nd ref="7104755195"/>
  <nd ref="7104755196"/>
  <nd ref="7104755197"/>
  <nd ref="7104755198"/>
  <nd ref="7104755199"/>
  <nd ref="7104755200"/>
  <nd ref="7104755201"/>
  <nd ref="7104755222"/>
  <tag k="foot" v="private"/>
  <tag k="highway" v="service"/>
 </way>
 <way id="760528724" visible="true" version="1" changeset="79160063" timestamp="2020-01-03T14:35:08Z" user="John the Mapper" uid="10184415">
  <nd ref="7104755294"/>
  <nd ref="7104755295"/>
  <tag k="highway" v="service"/>
 </way>
 <way id="780431339" visible="true" version="4" changeset="158746559" timestamp="2024-11-04T15:51:07Z" user="hihelloitsme" uid="22140645">
  <nd ref="7287533813"/>
  <nd ref="7287533812"/>
  <nd ref="7287533811"/>
  <nd ref="7287533810"/>
  <nd ref="12312317364"/>
  <nd ref="12312317361"/>
  <nd ref="6067126992"/>
  <tag k="highway" v="service"/>
  <tag k="oneway" v="yes"/>
 </way>
 <way id="806030182" visible="true" version="2" changeset="105816013" timestamp="2021-06-04T06:23:59Z" user="kirashas" uid="10114003">
  <nd ref="7537635403"/>
  <nd ref="7537635402"/>
  <nd ref="7537635401"/>
  <nd ref="7537635400"/>
  <nd ref="7537635399"/>
  <nd ref="7537635398"/>
  <nd ref="8797396132"/>
  <nd ref="7537635397"/>
  <nd ref="7287533826"/>
  <nd ref="7287533825"/>
  <nd ref="7287533824"/>
  <nd ref="7287533823"/>
  <nd ref="7287533822"/>
  <nd ref="7287533821"/>
  <tag k="highway" v="service"/>
  <tag k="oneway" v="yes"/>
 </way>
 <way id="906046356" visible="true" version="2" changeset="110398462" timestamp="2021-08-29T03:17:43Z" user="S-zation" uid="5500750">
  <nd ref="8413953386"/>
  <nd ref="8413953387"/>
  <nd ref="8413953391"/>
  <nd ref="8413953392"/>
  <nd ref="8413953394"/>
  <tag k="highway" v="service"/>
  <tag k="service" v="parking_aisle"/>
 </way>
 <way id="923787679" visible="true" version="1" changeset="101987155" timestamp="2021-03-30T12:52:00Z" user="Grand Lahou" uid="12957405">
  <nd ref="8575257549"/>
  <nd ref="8575257548"/>
  <nd ref="8575257547"/>
  <nd ref="8575257546"/>
  <nd ref="8575257549"/>
  <tag k="man_made" v="works"/>
 </way>
 <way id="945329572" visible="true" version="2" changeset="159074561" timestamp="2024-11-13T03:10:41Z" user="RoadGeek_MD99" uid="475877">
  <nd ref="7487988838"/>
  <nd ref="8751696865"/>
  <nd ref="8751696866"/>
  <nd ref="8751696867"/>
  <nd ref="8751696868"/>
  <nd ref="8751696869"/>
  <nd ref="12336013857"/>
  <nd ref="7487988832"/>
  <tag k="access" v="private"/>
  <tag k="highway" v="service"/>
  <tag k="service" v="parking_aisle"/>
 </way>
 <way id="977466655" visible="true" version="1" changeset="110398462" timestamp="2021-08-29T03:17:43Z" user="S-zation" uid="5500750">
  <nd ref="8413953392"/>
  <nd ref="9044609956"/>
  <nd ref="9044609957"/>
  <nd ref="9044609967"/>
  <nd ref="9044609958"/>
  <nd ref="9044609959"/>
  <nd ref="9044610008"/>
  <nd ref="9044609960"/>
  <nd ref="8413953387"/>
  <tag k="highway" v="service"/>
  <tag k="service" v="parking_aisle"/>
 </way>
 <way id="977466656" visible="true" version="2" changeset="141501695" timestamp="2023-09-20T08:42:59Z" user="kmarkish_lyft" uid="11824233">
  <nd ref="9044609961"/>
  <nd ref="9044609962"/>
  <nd ref="11204493873"/>
  <nd ref="9044609964"/>
  <nd ref="11204493874"/>
  <nd ref="9044609966"/>
  <tag k="highway" v="service"/>
  <tag k="oneway" v="yes"/>
  <tag k="service" v="parking_aisle"/>
 </way>
 <way id="1054143902" visible="true" version="3" changeset="134355741" timestamp="2023-03-31T18:08:03Z" user="Goldbattle" uid="3349582">
  <nd ref="9687435719"/>
  <nd ref="9687435720"/>
  <nd ref="9687435721"/>
  <nd ref="9687435722"/>
  <nd ref="9687435723"/>
  <nd ref="9687435724"/>
  <nd ref="9687435725"/>
  <nd ref="9687435726"/>
  <nd ref="9687435727"/>
  <nd ref="9687435728"/>
  <nd ref="9687435729"/>
  <nd ref="9687435719"/>
  <tag k="access" v="private"/>
  <tag k="amenity" v="parking"/>
  <tag k="parking" v="surface"/>
 </way>
 <way id="1209314828" visible="true" version="1" changeset="141501695" timestamp="2023-09-20T08:42:59Z" user="kmarkish_lyft" uid="11824233">
  <nd ref="9044609966"/>
  <nd ref="9044609961"/>
  <tag k="highway" v="service"/>
  <tag k="service" v="parking_aisle"/>
 </way>
 <way id="1209314829" visible="true" version="1" changeset="141501695" timestamp="2023-09-20T08:42:59Z" user="kmarkish_lyft" uid="11824233">
  <nd ref="8413953392"/>
  <nd ref="9044609966"/>
  <tag k="highway" v="service"/>
 </way>
 <way id="1209314830" visible="true" version="3" changeset="181851119" timestamp="2026-04-26T15:31:10Z" user="xmrun" uid="17303785">
  <nd ref="6067126992"/>
  <nd ref="11204493876"/>
  <nd ref="13764042978"/>
  <nd ref="11204493875"/>
  <tag k="highway" v="service"/>
  <tag k="name" v="Collaboration Way"/>
 </way>
 <way id="1209314831" visible="true" version="1" changeset="141501695" timestamp="2023-09-20T08:42:59Z" user="kmarkish_lyft" uid="11824233">
  <nd ref="11204493876"/>
  <nd ref="11204493878"/>
  <nd ref="11204493877"/>
  <tag k="highway" v="service"/>
 </way>
 <way id="1298775957" visible="true" version="1" changeset="153498791" timestamp="2024-07-03T11:57:17Z" user="amitshrivastava_lyft" uid="21019370">
  <nd ref="2652331505"/>
  <nd ref="12031074055"/>
  <nd ref="12031074056"/>
  <nd ref="12031074057"/>
  <nd ref="12031074058"/>
  <nd ref="12031101772"/>
  <nd ref="12031074059"/>
  <nd ref="12031101773"/>
  <nd ref="12031101775"/>
  <nd ref="12031101777"/>
  <nd ref="12031074060"/>
  <nd ref="12031074061"/>
  <nd ref="12031074062"/>
  <nd ref="12031074063"/>
  <nd ref="12031074064"/>
  <nd ref="12031074065"/>
  <nd ref="12031074066"/>
  <tag k="highway" v="service"/>
 </way>
 <way id="1298775958" visible="true" version="1" changeset="153498791" timestamp="2024-07-03T11:57:17Z" user="amitshrivastava_lyft" uid="21019370">
  <nd ref="12031074060"/>
  <nd ref="12031074067"/>
  <nd ref="12031074068"/>
  <nd ref="12031101769"/>
  <nd ref="12031101770"/>
  <nd ref="12031101771"/>
  <nd ref="12031101778"/>
  <nd ref="12031101776"/>
  <nd ref="12031101774"/>
  <nd ref="12031101772"/>
  <tag k="highway" v="service"/>
 </way>
 <way id="1298775960" visible="true" version="1" changeset="153498791" timestamp="2024-07-03T11:57:17Z" user="amitshrivastava_lyft" uid="21019370">
  <nd ref="12031101775"/>
  <nd ref="12031101776"/>
  <tag k="highway" v="service"/>
 </way>
 <way id="1298775961" visible="true" version="1" changeset="153498791" timestamp="2024-07-03T11:57:17Z" user="amitshrivastava_lyft" uid="21019370">
  <nd ref="12031101777"/>
  <nd ref="12031101778"/>
  <tag k="highway" v="service"/>
 </way>
 <way id="1330693747" visible="true" version="2" changeset="159074561" timestamp="2024-11-13T03:10:41Z" user="RoadGeek_MD99" uid="475877">
  <nd ref="12312240890"/>
  <nd ref="12312240891"/>
  <nd ref="12312240892"/>
  <nd ref="12312240893"/>
  <nd ref="12312240894"/>
  <nd ref="12312240895"/>
  <nd ref="12312240896"/>
  <nd ref="12312240897"/>
  <nd ref="12312240898"/>
  <nd ref="12312240899"/>
  <nd ref="12312240900"/>
  <nd ref="12312308501"/>
  <nd ref="12312308502"/>
  <nd ref="12312308503"/>
  <nd ref="12312308504"/>
  <nd ref="12312308505"/>
  <nd ref="12312308506"/>
  <nd ref="12312308507"/>
  <nd ref="12312240890"/>
  <tag k="addr:city" v="Newark"/>
  <tag k="addr:housenumber" v="225"/>
  <tag k="addr:postcode" v="19713"/>
  <tag k="addr:state" v="DE"/>
  <tag k="addr:street" v="Inspiration Boulevard"/>
  <tag k="building" v="yes"/>
  <tag k="building:levels" v="1"/>
  <tag k="source" v="esri_USDOT_NewCastleCountyDE"/>
 </way>
 <way id="1330693990" visible="true" version="3" changeset="160045065" timestamp="2024-12-08T03:30:19Z" user="RoadGeek_MD99" uid="475877">
  <nd ref="12403707175"/>
  <nd ref="12403724716"/>
  <nd ref="8797263552"/>
  <nd ref="12312301881"/>
  <nd ref="12312301882"/>
  <nd ref="12312301883"/>
  <nd ref="12312310902"/>
  <nd ref="12312301884"/>
  <nd ref="12312301885"/>
  <nd ref="12312301886"/>
  <nd ref="12312301887"/>
  <nd ref="12312301888"/>
  <nd ref="12312301889"/>
  <nd ref="12312301890"/>
  <nd ref="12312301891"/>
  <nd ref="12312301892"/>
  <nd ref="12312301893"/>
  <nd ref="12312301894"/>
  <nd ref="12312301895"/>
  <nd ref="12312301896"/>
  <nd ref="12312301897"/>
  <nd ref="12312301898"/>
  <nd ref="12312301899"/>
  <nd ref="12312301900"/>
  <nd ref="12312310901"/>
  <nd ref="12312301882"/>
  <tag k="highway" v="service"/>
 </way>
 <way id="1330693991" visible="true" version="2" changeset="159074561" timestamp="2024-11-13T03:11:32Z" user="RoadGeek_MD99" uid="475877">
  <nd ref="12312310902"/>
  <nd ref="12312310903"/>
  <nd ref="12312310904"/>
  <nd ref="12312310905"/>
  <nd ref="12312310906"/>
  <nd ref="12312310907"/>
  <nd ref="12312310908"/>
  <nd ref="12312310909"/>
  <nd ref="12312310910"/>
  <nd ref="12312310911"/>
  <nd ref="12312310912"/>
  <nd ref="12312301886"/>
  <tag k="highway" v="service"/>
 </way>
 <way id="1333373759" visible="true" version="1" changeset="159074561" timestamp="2024-11-13T03:10:41Z" user="RoadGeek_MD99" uid="475877">
  <nd ref="12336013897"/>
  <nd ref="12336013896"/>
  <nd ref="12336013892"/>
  <nd ref="12336013886"/>
  <nd ref="12336013887"/>
  <nd ref="12336013888"/>
  <nd ref="12336013891"/>
  <nd ref="12336013893"/>
  <nd ref="12336013895"/>
  <nd ref="12336013894"/>
  <nd ref="12336013889"/>
  <nd ref="12336013890"/>
  <nd ref="12336013897"/>
  <tag k="addr:city" v="Newark"/>
  <tag k="addr:housenumber" v="591"/>
  <tag k="addr:postcode" v="19713"/>
  <tag k="addr:state" v="DE"/>
  <tag k="addr:street" v="Collaboration Way"/>
  <tag k="building" v="yes"/>
  <tag k="source" v="esri_USDOT_NewCastleCountyDE"/>
 </way>
 <way id="1340909658" visible="true" version="1" changeset="160045065" timestamp="2024-12-08T03:30:19Z" user="RoadGeek_MD99" uid="475877">
  <nd ref="12403707167"/>
  <nd ref="6067126996"/>
  <tag k="highway" v="service"/>
 </way>
 <way id="1340909659" visible="true" version="1" changeset="160045065" timestamp="2024-12-08T03:30:19Z" user="RoadGeek_MD99" uid="475877">
  <nd ref="12403707168"/>
  <nd ref="12403707169"/>
  <tag k="highway" v="service"/>
 </way>
 <way id="1340909660" visible="true" version="1" changeset="160045065" timestamp="2024-12-08T03:30:19Z" user="RoadGeek_MD99" uid="475877">
  <nd ref="12403707170"/>
  <nd ref="12403724734"/>
  <nd ref="12403707172"/>
  <nd ref="12403707171"/>
  <tag k="highway" v="service"/>
 </way>
 <way id="1340909661" visible="true" version="1" changeset="160045065" timestamp="2024-12-08T03:30:19Z" user="RoadGeek_MD99" uid="475877">
  <nd ref="12403707173"/>
  <nd ref="12403724743"/>
  <nd ref="12403707174"/>
  <tag k="highway" v="service"/>
 </way>
 <way id="1340909662" visible="true" version="1" changeset="160045065" timestamp="2024-12-08T03:30:19Z" user="RoadGeek_MD99" uid="475877">
  <nd ref="2652119114"/>
  <nd ref="2652119119"/>
  <nd ref="2652119125"/>
  <nd ref="2652119126"/>
  <nd ref="2652119442"/>
  <nd ref="7079466738"/>
  <tag k="highway" v="service"/>
  <tag k="service" v="parking_aisle"/>
 </way>
 <way id="1340909664" visible="true" version="1" changeset="160045065" timestamp="2024-12-08T03:30:19Z" user="RoadGeek_MD99" uid="475877">
  <nd ref="2652119074"/>
  <nd ref="12403707182"/>
  <nd ref="12403707176"/>
  <tag k="crossing" v="unmarked"/>
  <tag k="crossing:markings" v="no"/>
  <tag k="footway" v="crossing"/>
  <tag k="highway" v="footway"/>
 </way>
 <way id="1340909665" visible="true" version="1" changeset="160045065" timestamp="2024-12-08T03:30:19Z" user="RoadGeek_MD99" uid="475877">
  <nd ref="2652119090"/>
  <nd ref="2652119444"/>
  <nd ref="12403707180"/>
  <tag k="crossing" v="uncontrolled"/>
  <tag k="crossing:markings" v="yes"/>
  <tag k="footway" v="crossing"/>
  <tag k="highway" v="footway"/>
 </way>
 <way id="1340909666" visible="true" version="1" changeset="160045065" timestamp="2024-12-08T03:30:19Z" user="RoadGeek_MD99" uid="475877">
  <nd ref="2652119442"/>
  <nd ref="7079466736"/>
  <nd ref="7079466735"/>
  <tag k="highway" v="service"/>
  <tag k="service" v="parking_aisle"/>
 </way>
 <way id="1340909667" visible="true" version="1" changeset="160045065" timestamp="2024-12-08T03:30:19Z" user="RoadGeek_MD99" uid="475877">
  <nd ref="12403707186"/>
  <nd ref="12403707177"/>
  <nd ref="12403707178"/>
  <tag k="footway" v="sidewalk"/>
  <tag k="highway" v="footway"/>
 </way>
 <way id="1340909668" visible="true" version="1" changeset="160045065" timestamp="2024-12-08T03:30:19Z" user="RoadGeek_MD99" uid="475877">
  <nd ref="12403707180"/>
  <nd ref="12403707177"/>
  <tag k="highway" v="footway"/>
 </way>
 <way id="1340909669" visible="true" version="1" changeset="160045065" timestamp="2024-12-08T03:30:19Z" user="RoadGeek_MD99" uid="475877">
  <nd ref="12403707187"/>
  <nd ref="12403707188"/>
  <nd ref="12403707186"/>
  <tag k="crossing" v="uncontrolled"/>
  <tag k="crossing:markings" v="yes"/>
  <tag k="footway" v="crossing"/>
  <tag k="highway" v="footway"/>
 </way>
 <way id="1340909670" visible="true" version="1" changeset="160045065" timestamp="2024-12-08T03:30:19Z" user="RoadGeek_MD99" uid="475877">
  <nd ref="12403707196"/>
  <nd ref="12403724747"/>
  <nd ref="12403707195"/>
  <tag k="crossing" v="uncontrolled"/>
  <tag k="crossing:markings" v="yes"/>
  <tag k="footway" v="crossing"/>
  <tag k="highway" v="footway"/>
 </way>
 <way id="1340909671" visible="true" version="1" changeset="160045065" timestamp="2024-12-08T03:30:19Z" user="RoadGeek_MD99" uid="475877">
  <nd ref="12403707197"/>
  <nd ref="12403707198"/>
  <nd ref="12403707196"/>
  <tag k="footway" v="sidewalk"/>
  <tag k="highway" v="footway"/>
 </way>
 <way id="1340909672" visible="true" version="1" changeset="160045065" timestamp="2024-12-08T03:30:19Z" user="RoadGeek_MD99" uid="475877">
  <nd ref="12403707189"/>
  <nd ref="12403707190"/>
  <nd ref="12403707185"/>
  <tag k="crossing" v="uncontrolled"/>
  <tag k="crossing:markings" v="yes"/>
  <tag k="footway" v="crossing"/>
  <tag k="highway" v="footway"/>
 </way>
 <way id="1340909673" visible="true" version="1" changeset="160045065" timestamp="2024-12-08T03:30:19Z" user="RoadGeek_MD99" uid="475877">
  <nd ref="12403724713"/>
  <nd ref="12403724714"/>
  <tag k="footway" v="sidewalk"/>
  <tag k="highway" v="footway"/>
 </way>
 <way id="1340909674" visible="true" version="1" changeset="160045065" timestamp="2024-12-08T03:30:19Z" user="RoadGeek_MD99" uid="475877">
  <nd ref="12403707192"/>
  <nd ref="12403724701"/>
  <nd ref="12403707191"/>
  <tag k="crossing" v="uncontrolled"/>
  <tag k="crossing:markings" v="yes"/>
  <tag k="footway" v="crossing"/>
  <tag k="highway" v="footway"/>
 </way>
 <way id="1340909675" visible="true" version="1" changeset="160045065" timestamp="2024-12-08T03:30:19Z" user="RoadGeek_MD99" uid="475877">
  <nd ref="12403707193"/>
  <nd ref="12403707200"/>
  <nd ref="12403724703"/>
  <tag k="footway" v="sidewalk"/>
  <tag k="highway" v="footway"/>
 </way>
 <way id="1340909676" visible="true" version="1" changeset="160045065" timestamp="2024-12-08T03:30:19Z" user="RoadGeek_MD99" uid="475877">
  <nd ref="12403707194"/>
  <nd ref="12403724746"/>
  <nd ref="12403707193"/>
  <tag k="crossing" v="uncontrolled"/>
  <tag k="crossing:markings" v="yes"/>
  <tag k="footway" v="crossing"/>
  <tag k="highway" v="footway"/>
 </way>
 <way id="1340909677" visible="true" version="1" changeset="160045065" timestamp="2024-12-08T03:30:19Z" user="RoadGeek_MD99" uid="475877">
  <nd ref="12403724710"/>
  <nd ref="12403724702"/>
  <nd ref="12403707194"/>
  <tag k="footway" v="sidewalk"/>
  <tag k="highway" v="footway"/>
 </way>
 <way id="1340909678" visible="true" version="1" changeset="160045065" timestamp="2024-12-08T03:30:19Z" user="RoadGeek_MD99" uid="475877">
  <nd ref="12403724704"/>
  <nd ref="12403707200"/>
  <nd ref="12403707192"/>
  <tag k="footway" v="sidewalk"/>
  <tag k="highway" v="footway"/>
 </way>
 <way id="1340909680" visible="true" version="1" changeset="160045065" timestamp="2024-12-08T03:30:19Z" user="RoadGeek_MD99" uid="475877">
  <nd ref="12403707195"/>
  <nd ref="12403724702"/>
  <nd ref="12403724708"/>
  <nd ref="12403724709"/>
  <nd ref="12403724705"/>
  <tag k="footway" v="sidewalk"/>
  <tag k="highway" v="footway"/>
 </way>
 <way id="1340909681" visible="true" version="1" changeset="160045065" timestamp="2024-12-08T03:30:19Z" user="RoadGeek_MD99" uid="475877">
  <nd ref="12403724733"/>
  <nd ref="12403707179"/>
  <nd ref="2652119099"/>
  <tag k="highway" v="footway"/>
 </way>
 <way id="1340909682" visible="true" version="1" changeset="160045065" timestamp="2024-12-08T03:30:19Z" user="RoadGeek_MD99" uid="475877">
  <nd ref="2652119099"/>
  <nd ref="2652119118"/>
  <nd ref="12403724711"/>
  <nd ref="2652119091"/>
  <tag k="crossing" v="unmarked"/>
  <tag k="crossing:markings" v="no"/>
  <tag k="footway" v="crossing"/>
  <tag k="highway" v="footway"/>
 </way>
 <way id="1340909683" visible="true" version="1" changeset="160045065" timestamp="2024-12-08T03:30:19Z" user="RoadGeek_MD99" uid="475877">
  <nd ref="2652119084"/>
  <nd ref="12403707179"/>
  <nd ref="12403707198"/>
  <nd ref="12403707185"/>
  <tag k="footway" v="sidewalk"/>
  <tag k="highway" v="footway"/>
 </way>
 <way id="1340909684" visible="true" version="1" changeset="160045065" timestamp="2024-12-08T03:30:19Z" user="RoadGeek_MD99" uid="475877">
  <nd ref="12403707178"/>
  <nd ref="12403707183"/>
  <nd ref="2652119084"/>
  <tag k="crossing" v="unmarked"/>
  <tag k="crossing:markings" v="no"/>
  <tag k="footway" v="crossing"/>
  <tag k="highway" v="footway"/>
 </way>
 <way id="1340909685" visible="true" version="1" changeset="160045065" timestamp="2024-12-08T03:30:19Z" user="RoadGeek_MD99" uid="475877">
  <nd ref="2681308143"/>
  <nd ref="2652119074"/>
  <tag k="highway" v="footway"/>
 </way>
 <way id="1340909686" visible="true" version="1" changeset="160045065" timestamp="2024-12-08T03:30:19Z" user="RoadGeek_MD99" uid="475877">
  <nd ref="12403707176"/>
  <nd ref="12403707181"/>
  <nd ref="2652119090"/>
  <tag k="highway" v="footway"/>
 </way>
 <way id="1340909687" visible="true" version="1" changeset="160045065" timestamp="2024-12-08T03:30:19Z" user="RoadGeek_MD99" uid="475877">
  <nd ref="12403724745"/>
  <nd ref="12403724744"/>
  <nd ref="12403707199"/>
  <nd ref="12403707189"/>
  <tag k="footway" v="sidewalk"/>
  <tag k="highway" v="footway"/>
 </way>
 <way id="1340909688" visible="true" version="1" changeset="160045065" timestamp="2024-12-08T03:30:19Z" user="RoadGeek_MD99" uid="475877">
  <nd ref="12403707191"/>
  <nd ref="12403707199"/>
  <nd ref="12403724712"/>
  <tag k="footway" v="sidewalk"/>
  <tag k="highway" v="footway"/>
 </way>
 <way id="1340909689" visible="true" version="1" changeset="160045065" timestamp="2024-12-08T03:30:19Z" user="RoadGeek_MD99" uid="475877">
  <nd ref="12403724712"/>
  <nd ref="12312301881"/>
  <nd ref="12403724713"/>
  <tag k="crossing" v="unmarked"/>
  <tag k="crossing:markings" v="no"/>
  <tag k="footway" v="crossing"/>
  <tag k="highway" v="footway"/>
 </way>
 <way id="1340909690" visible="true" version="1" changeset="160045065" timestamp="2024-12-08T03:30:19Z" user="RoadGeek_MD99" uid="475877">
  <nd ref="12403724715"/>
  <nd ref="12403724716"/>
  <nd ref="12403707197"/>
  <tag k="crossing" v="uncontrolled"/>
  <tag k="crossing:markings" v="yes"/>
  <tag k="footway" v="crossing"/>
  <tag k="highway" v="footway"/>
 </way>
 <way id="1340909691" visible="true" version="1" changeset="160045065" timestamp="2024-12-08T03:30:19Z" user="RoadGeek_MD99" uid="475877">
  <nd ref="12403724730"/>
  <nd ref="12403724770"/>
  <nd ref="12403724729"/>
  <tag k="crossing" v="uncontrolled"/>
  <tag k="crossing:markings" v="yes"/>
  <tag k="footway" v="crossing"/>
  <tag k="highway" v="footway"/>
 </way>
 <way id="1340909692" visible="true" version="1" changeset="160045065" timestamp="2024-12-08T03:30:19Z" user="RoadGeek_MD99" uid="475877">
  <nd ref="12403724715"/>
  <nd ref="12403724724"/>
  <nd ref="12403724723"/>
  <nd ref="12403724722"/>
  <nd ref="12403724721"/>
  <nd ref="12403724720"/>
  <nd ref="12403724718"/>
  <tag k="footway" v="sidewalk"/>
  <tag k="highway" v="footway"/>
 </way>
 <way id="1340909693" visible="true" version="1" changeset="160045065" timestamp="2024-12-08T03:30:19Z" user="RoadGeek_MD99" uid="475877">
  <nd ref="12403724717"/>
  <nd ref="12403724719"/>
  <nd ref="12403724718"/>
  <tag k="crossing" v="uncontrolled"/>
  <tag k="crossing:markings" v="yes"/>
  <tag k="footway" v="crossing"/>
  <tag k="highway" v="footway"/>
 </way>
 <way id="1340909694" visible="true" version="1" changeset="160045065" timestamp="2024-12-08T03:30:19Z" user="RoadGeek_MD99" uid="475877">
  <nd ref="12403724728"/>
  <nd ref="12403724771"/>
  <nd ref="12403724727"/>
  <tag k="crossing" v="uncontrolled"/>
  <tag k="crossing:markings" v="yes"/>
  <tag k="footway" v="crossing"/>
  <tag k="highway" v="footway"/>
 </way>
 <way id="1340909695" visible="true" version="1" changeset="160045065" timestamp="2024-12-08T03:30:19Z" user="RoadGeek_MD99" uid="475877">
  <nd ref="12403724729"/>
  <nd ref="12403724731"/>
  <tag k="footway" v="sidewalk"/>
  <tag k="highway" v="footway"/>
 </way>
 <way id="1340909696" visible="true" version="1" changeset="160045065" timestamp="2024-12-08T03:30:19Z" user="RoadGeek_MD99" uid="475877">
  <nd ref="12403724730"/>
  <nd ref="12403724720"/>
  <nd ref="12403724732"/>
  <tag k="footway" v="sidewalk"/>
  <tag k="highway" v="footway"/>
 </way>
 <way id="1340909697" visible="true" version="1" changeset="160045065" timestamp="2024-12-08T03:30:19Z" user="RoadGeek_MD99" uid="475877">
  <nd ref="12403724732"/>
  <nd ref="12403724734"/>
  <nd ref="12403724733"/>
  <tag k="crossing" v="unmarked"/>
  <tag k="crossing:markings" v="no"/>
  <tag k="footway" v="crossing"/>
  <tag k="highway" v="footway"/>
 </way>
 <way id="1340909698" visible="true" version="1" changeset="160045065" timestamp="2024-12-08T03:30:19Z" user="RoadGeek_MD99" uid="475877">
  <nd ref="12403724742"/>
  <nd ref="12403724741"/>
  <nd ref="12403724740"/>
  <nd ref="12403724739"/>
  <nd ref="12403724738"/>
  <nd ref="12403724737"/>
  <nd ref="12403724736"/>
  <nd ref="12403724735"/>
  <nd ref="12403724731"/>
  <nd ref="12403724728"/>
  <tag k="footway" v="sidewalk"/>
  <tag k="highway" v="footway"/>
 </way>
 <way id="1340909699" visible="true" version="1" changeset="160045065" timestamp="2024-12-08T03:30:19Z" user="RoadGeek_MD99" uid="475877">
  <nd ref="12403724714"/>
  <nd ref="12403724743"/>
  <nd ref="12403724742"/>
  <tag k="crossing" v="unmarked"/>
  <tag k="crossing:markings" v="no"/>
  <tag k="footway" v="crossing"/>
  <tag k="highway" v="footway"/>
 </way>
 <way id="1504067660" visible="true" version="1" changeset="181851119" timestamp="2026-04-26T15:31:10Z" user="xmrun" uid="17303785">
  <nd ref="13764042966"/>
  <nd ref="13764042967"/>
  <nd ref="13764042968"/>
  <nd ref="13764042969"/>
  <nd ref="13764042983"/>
  <nd ref="13764042970"/>
  <nd ref="13764042971"/>
  <nd ref="13764042985"/>
  <nd ref="13764042973"/>
  <nd ref="13764042975"/>
  <nd ref="13764042974"/>
  <nd ref="13764042976"/>
  <nd ref="13764042977"/>
  <nd ref="13764042972"/>
  <nd ref="13764042966"/>
  <tag k="access" v="permit"/>
  <tag k="amenity" v="parking"/>
  <tag k="operator" v="University of Delaware"/>
 </way>
 <way id="1504067661" visible="true" version="1" changeset="181851119" timestamp="2026-04-26T15:31:10Z" user="xmrun" uid="17303785">
  <nd ref="13764042978"/>
  <nd ref="13764042982"/>
  <nd ref="13764042979"/>
  <nd ref="13764042980"/>
  <nd ref="13764042981"/>
  <nd ref="13764042982"/>
  <tag k="highway" v="service"/>
  <tag k="service" v="parking_aisle"/>
 </way>
 <way id="1504067662" visible="true" version="1" changeset="181851119" timestamp="2026-04-26T15:31:10Z" user="xmrun" uid="17303785">
  <nd ref="13764042983"/>
  <nd ref="13764042970"/>
  <nd ref="13764042984"/>
  <nd ref="13764042985"/>
  <tag k="footway" v="sidewalk"/>
  <tag k="highway" v="footway"/>
 </way>
 <way id="1504067663" visible="true" version="1" changeset="181851119" timestamp="2026-04-26T15:31:10Z" user="xmrun" uid="17303785">
  <nd ref="13764042986"/>
  <nd ref="13764042987"/>
  <nd ref="13764042988"/>
  <nd ref="13764042989"/>
  <nd ref="7700246604"/>
  <nd ref="13566008969"/>
  <nd ref="13566008970"/>
  <nd ref="13566008971"/>
  <nd ref="13764042990"/>
  <nd ref="2390228932"/>
  <nd ref="13764042991"/>
  <nd ref="13764042992"/>
  <nd ref="13764042993"/>
  <nd ref="13764042986"/>
  <tag k="construction" v="apartments"/>
  <tag k="landuse" v="construction"/>
  <tag k="name" v="The Asters"/>
  <tag k="website" v="https://residetheasters.com/"/>
 </way>
 <relation id="2569147" visible="true" version="5" changeset="87778705" timestamp="2020-07-09T18:09:19Z" user="EvanSiroky" uid="144525">
  <member type="way" ref="205109791" role="to"/>
  <member type="way" ref="100189896" role="from"/>
  <member type="node" ref="1711421882" role="via"/>
  <tag k="restriction" v="only_left_turn"/>
  <tag k="type" v="restriction"/>
 </relation>
 <relation id="3486421" visible="true" version="1" changeset="20356044" timestamp="2014-02-03T17:00:50Z" user="WmWright" uid="243946">
  <member type="way" ref="259756191" role="outer"/>
  <member type="way" ref="259756205" role="inner"/>
  <member type="way" ref="259756207" role="inner"/>
  <member type="way" ref="259756208" role="inner"/>
  <member type="way" ref="259756194" role="inner"/>
  <member type="way" ref="259756193" role="inner"/>
  <member type="way" ref="259756201" role="inner"/>
  <member type="way" ref="259756203" role="inner"/>
  <member type="way" ref="259756204" role="inner"/>
  <member type="way" ref="259756209" role="inner"/>
  <member type="way" ref="259756206" role="inner"/>
  <member type="way" ref="259756202" role="inner"/>
  <member type="way" ref="259756198" role="inner"/>
  <member type="way" ref="259756199" role="inner"/>
  <member type="way" ref="259756195" role="inner"/>
  <member type="way" ref="259756196" role="inner"/>
  <member type="way" ref="259756197" role="inner"/>
  <member type="way" ref="259756200" role="inner"/>
  <tag k="amenity" v="parking"/>
  <tag k="type" v="multipolygon"/>
 </relation>
 <relation id="3486638" visible="true" version="1" changeset="20358145" timestamp="2014-02-03T18:52:17Z" user="WmWright" uid="243946">
  <member type="way" ref="259774929" role="outer"/>
  <member type="way" ref="259774927" role="inner"/>
  <member type="way" ref="259774915" role="inner"/>
  <member type="way" ref="259774919" role="inner"/>
  <member type="way" ref="259774918" role="inner"/>
  <member type="way" ref="259774913" role="inner"/>
  <member type="way" ref="259774928" role="inner"/>
  <member type="way" ref="259774920" role="inner"/>
  <member type="way" ref="259774914" role="inner"/>
  <member type="way" ref="259774917" role="inner"/>
  <member type="way" ref="259774916" role="inner"/>
  <member type="way" ref="259774930" role="inner"/>
  <tag k="amenity" v="parking"/>
  <tag k="type" v="multipolygon"/>
 </relation>
 <relation id="8971233" visible="true" version="1" changeset="64579776" timestamp="2018-11-16T19:11:13Z" user="WmWright" uid="243946">
  <member type="way" ref="645410887" role="outer"/>
  <member type="way" ref="645410883" role="inner"/>
  <member type="way" ref="645410885" role="inner"/>
  <member type="way" ref="645410886" role="inner"/>
  <member type="way" ref="645410884" role="inner"/>
  <member type="way" ref="645410882" role="inner"/>
  <member type="way" ref="645410881" role="inner"/>
  <member type="way" ref="645410877" role="inner"/>
  <member type="way" ref="645410880" role="inner"/>
  <member type="way" ref="645410879" role="inner"/>
  <member type="way" ref="645410878" role="inner"/>
  <member type="way" ref="645410876" role="inner"/>
  <member type="way" ref="645410871" role="inner"/>
  <member type="way" ref="645410873" role="inner"/>
  <member type="way" ref="645410875" role="inner"/>
  <member type="way" ref="645410874" role="inner"/>
  <member type="way" ref="645410872" role="inner"/>
  <tag k="access" v="private"/>
  <tag k="amenity" v="parking"/>
  <tag k="name" v="STAR Tower Lot"/>
  <tag k="type" v="multipolygon"/>
 </relation>
 <relation id="8971235" visible="true" version="4" changeset="181851119" timestamp="2026-04-26T15:31:10Z" user="xmrun" uid="17303785">
  <member type="way" ref="645410915" role="outer"/>
  <member type="way" ref="645410912" role="inner"/>
  <member type="way" ref="645410907" role="inner"/>
  <member type="way" ref="645410905" role="inner"/>
  <member type="way" ref="645410902" role="inner"/>
  <member type="way" ref="645410900" role="inner"/>
  <tag k="access" v="permit"/>
  <tag k="amenity" v="parking"/>
  <tag k="operator" v="University of Delaware"/>
  <tag k="type" v="multipolygon"/>
 </relation>
</osm>
