emitter_role,emit_time_ns,run_id,condition_id,condition_label,service_type,transport,av_id,obu_id,rsu_id,request_id,session_id,intersection_id,source_id,sequence,network_load_level,qos_profile,mobility_state,clock_sync_state,accepted,service_success,vehicle_outcome_name,vehicle_outcome_value,vehicle_outcome_unit,frame_type,payload_bytes,client_send_ns,server_receive_ns,server_send_ns,client_receive_ns,rtt_ms,uplink_ms,server_ms,downlink_ms,detail
5g-sender,1783014677995116613,edge4av-real-20260702-multiclient-scalability-run-3,p5g-scale-mqtt-payload-1024-clients-100,scale,guided-planning,mqtt,veh-83,veh-83,rsu-1,p5g-scale-mqtt-payload-1024-clients-100-veh-83-1,ipi-session-1,multiclient-scalability-run-3,veh-83,1,100-clients,default,stationary,unsynced,true,true,clients,100,count,IPI-CooperativeService,1096,1783014677865219518,1783014613160170018,1783014613160261570,1783014677995116613,129.897,,0.092,64834.855,"CooperativeService{guidedPlanning, status=request, vehicleId=0x7665682d3833, requestedHorizonMs=2500, confidence=100, planning.waypoints=1, offloadTaskId=probe-1, offloadPayload=1024 bytes}"
5g-sender,1783014678473187652,edge4av-real-20260702-multiclient-scalability-run-3,p5g-scale-mqtt-payload-1024-clients-100,scale,guided-planning,mqtt,veh-83,veh-83,rsu-1,p5g-scale-mqtt-payload-1024-clients-100-veh-83-2,ipi-session-1,multiclient-scalability-run-3,veh-83,2,100-clients,default,stationary,unsynced,true,true,clients,100,count,IPI-CooperativeService,1096,1783014678195305180,1783014613640597604,1783014613640649621,1783014678473187652,277.882,,0.052,64832.538,"CooperativeService{guidedPlanning, status=request, vehicleId=0x7665682d3833, requestedHorizonMs=2500, confidence=100, planning.waypoints=1, offloadTaskId=probe-2, offloadPayload=1024 bytes}"
5g-sender,1783014678835316382,edge4av-real-20260702-multiclient-scalability-run-3,p5g-scale-mqtt-payload-1024-clients-100,scale,guided-planning,mqtt,veh-83,veh-83,rsu-1,p5g-scale-mqtt-payload-1024-clients-100-veh-83-3,ipi-session-1,multiclient-scalability-run-3,veh-83,3,100-clients,default,stationary,unsynced,true,true,clients,100,count,IPI-CooperativeService,1096,1783014678673338034,1783014614001406068,1783014614001457561,1783014678835316382,161.978,,0.051,64833.859,"CooperativeService{guidedPlanning, status=request, vehicleId=0x7665682d3833, requestedHorizonMs=2500, confidence=100, planning.waypoints=1, offloadTaskId=probe-3, offloadPayload=1024 bytes}"
5g-sender,1783014679207129218,edge4av-real-20260702-multiclient-scalability-run-3,p5g-scale-mqtt-payload-1024-clients-100,scale,guided-planning,mqtt,veh-83,veh-83,rsu-1,p5g-scale-mqtt-payload-1024-clients-100-veh-83-4,ipi-session-1,multiclient-scalability-run-3,veh-83,4,100-clients,default,stationary,unsynced,true,true,clients,100,count,IPI-CooperativeService,1096,1783014679035480398,1783014614373922558,1783014614373965970,1783014679207129218,171.649,,0.043,64833.163,"CooperativeService{guidedPlanning, status=request, vehicleId=0x7665682d3833, requestedHorizonMs=2500, confidence=100, planning.waypoints=1, offloadTaskId=probe-4, offloadPayload=1024 bytes}"
5g-sender,1783014679543091003,edge4av-real-20260702-multiclient-scalability-run-3,p5g-scale-mqtt-payload-1024-clients-100,scale,guided-planning,mqtt,veh-83,veh-83,rsu-1,p5g-scale-mqtt-payload-1024-clients-100-veh-83-5,ipi-session-1,multiclient-scalability-run-3,veh-83,5,100-clients,default,stationary,unsynced,true,true,clients,100,count,IPI-CooperativeService,1096,1783014679407311237,1783014614704012691,1783014614704056131,1783014679543091003,135.780,,0.043,64839.035,"CooperativeService{guidedPlanning, status=request, vehicleId=0x7665682d3833, requestedHorizonMs=2500, confidence=100, planning.waypoints=1, offloadTaskId=probe-5, offloadPayload=1024 bytes}"
5g-sender,1783014679867206811,edge4av-real-20260702-multiclient-scalability-run-3,p5g-scale-mqtt-payload-1024-clients-100,scale,guided-planning,mqtt,veh-83,veh-83,rsu-1,p5g-scale-mqtt-payload-1024-clients-100-veh-83-6,ipi-session-1,multiclient-scalability-run-3,veh-83,6,100-clients,default,stationary,unsynced,true,true,clients,100,count,IPI-CooperativeService,1096,1783014679743234255,1783014615032915290,1783014615032966412,1783014679867206811,123.973,,0.051,64834.240,"CooperativeService{guidedPlanning, status=request, vehicleId=0x7665682d3833, requestedHorizonMs=2500, confidence=100, planning.waypoints=1, offloadTaskId=probe-6, offloadPayload=1024 bytes}"
5g-sender,1783014680142803662,edge4av-real-20260702-multiclient-scalability-run-3,p5g-scale-mqtt-payload-1024-clients-100,scale,guided-planning,mqtt,veh-83,veh-83,rsu-1,p5g-scale-mqtt-payload-1024-clients-100-veh-83-7,ipi-session-1,multiclient-scalability-run-3,veh-83,7,100-clients,default,stationary,unsynced,true,true,clients,100,count,IPI-CooperativeService,1096,1783014680067400204,1783014615303419287,1783014615303477321,1783014680142803662,75.403,,0.058,64839.326,"CooperativeService{guidedPlanning, status=request, vehicleId=0x7665682d3833, requestedHorizonMs=2500, confidence=100, planning.waypoints=1, offloadTaskId=probe-7, offloadPayload=1024 bytes}"
5g-sender,1783014680427171356,edge4av-real-20260702-multiclient-scalability-run-3,p5g-scale-mqtt-payload-1024-clients-100,scale,guided-planning,mqtt,veh-83,veh-83,rsu-1,p5g-scale-mqtt-payload-1024-clients-100-veh-83-8,ipi-session-1,multiclient-scalability-run-3,veh-83,8,100-clients,default,stationary,unsynced,true,true,clients,100,count,IPI-CooperativeService,1096,1783014680342946448,1783014615593942618,1783014615593984914,1783014680427171356,84.225,,0.042,64833.186,"CooperativeService{guidedPlanning, status=request, vehicleId=0x7665682d3833, requestedHorizonMs=2500, confidence=100, planning.waypoints=1, offloadTaskId=probe-8, offloadPayload=1024 bytes}"
5g-sender,1783014680721076319,edge4av-real-20260702-multiclient-scalability-run-3,p5g-scale-mqtt-payload-1024-clients-100,scale,guided-planning,mqtt,veh-83,veh-83,rsu-1,p5g-scale-mqtt-payload-1024-clients-100-veh-83-9,ipi-session-1,multiclient-scalability-run-3,veh-83,9,100-clients,default,stationary,unsynced,true,true,clients,100,count,IPI-CooperativeService,1096,1783014680627317378,1783014615886811413,1783014615886869501,1783014680721076319,93.759,,0.058,64834.207,"CooperativeService{guidedPlanning, status=request, vehicleId=0x7665682d3833, requestedHorizonMs=2500, confidence=100, planning.waypoints=1, offloadTaskId=probe-9, offloadPayload=1024 bytes}"
5g-sender,1783014681007140367,edge4av-real-20260702-multiclient-scalability-run-3,p5g-scale-mqtt-payload-1024-clients-100,scale,guided-planning,mqtt,veh-83,veh-83,rsu-1,p5g-scale-mqtt-payload-1024-clients-100-veh-83-10,ipi-session-1,multiclient-scalability-run-3,veh-83,10,100-clients,default,stationary,unsynced,true,true,clients,100,count,IPI-CooperativeService,1097,1783014680921222692,1783014616176292961,1783014616176358389,1783014681007140367,85.918,,0.065,64830.782,"CooperativeService{guidedPlanning, status=request, vehicleId=0x7665682d3833, requestedHorizonMs=2500, confidence=100, planning.waypoints=1, offloadTaskId=probe-10, offloadPayload=1024 bytes}"
5g-sender,1783014681293143161,edge4av-real-20260702-multiclient-scalability-run-3,p5g-scale-mqtt-payload-1024-clients-100,scale,guided-planning,mqtt,veh-83,veh-83,rsu-1,p5g-scale-mqtt-payload-1024-clients-100-veh-83-11,ipi-session-1,multiclient-scalability-run-3,veh-83,11,100-clients,default,stationary,unsynced,true,true,clients,100,count,IPI-CooperativeService,1097,1783014681207286522,1783014616458014828,1783014616458071156,1783014681293143161,85.857,,0.056,64835.072,"CooperativeService{guidedPlanning, status=request, vehicleId=0x7665682d3833, requestedHorizonMs=2500, confidence=100, planning.waypoints=1, offloadTaskId=probe-11, offloadPayload=1024 bytes}"
5g-sender,1783014681621155236,edge4av-real-20260702-multiclient-scalability-run-3,p5g-scale-mqtt-payload-1024-clients-100,scale,guided-planning,mqtt,veh-83,veh-83,rsu-1,p5g-scale-mqtt-payload-1024-clients-100-veh-83-12,ipi-session-1,multiclient-scalability-run-3,veh-83,12,100-clients,default,stationary,unsynced,true,true,clients,100,count,IPI-CooperativeService,1097,1783014681493289186,1783014616787147855,1783014616787208944,1783014681621155236,127.866,,0.061,64833.946,"CooperativeService{guidedPlanning, status=request, vehicleId=0x7665682d3833, requestedHorizonMs=2500, confidence=100, planning.waypoints=1, offloadTaskId=probe-12, offloadPayload=1024 bytes}"
5g-sender,1783014681943250419,edge4av-real-20260702-multiclient-scalability-run-3,p5g-scale-mqtt-payload-1024-clients-100,scale,guided-planning,mqtt,veh-83,veh-83,rsu-1,p5g-scale-mqtt-payload-1024-clients-100-veh-83-13,ipi-session-1,multiclient-scalability-run-3,veh-83,13,100-clients,default,stationary,unsynced,true,true,clients,100,count,IPI-CooperativeService,1097,1783014681821359845,1783014617109456686,1783014617109500429,1783014681943250419,121.891,,0.044,64833.750,"CooperativeService{guidedPlanning, status=request, vehicleId=0x7665682d3833, requestedHorizonMs=2500, confidence=100, planning.waypoints=1, offloadTaskId=probe-13, offloadPayload=1024 bytes}"
5g-sender,1783014682223129188,edge4av-real-20260702-multiclient-scalability-run-3,p5g-scale-mqtt-payload-1024-clients-100,scale,guided-planning,mqtt,veh-83,veh-83,rsu-1,p5g-scale-mqtt-payload-1024-clients-100-veh-83-14,ipi-session-1,multiclient-scalability-run-3,veh-83,14,100-clients,default,stationary,unsynced,true,true,clients,100,count,IPI-CooperativeService,1097,1783014682143367907,1783014617388492068,1783014617388559201,1783014682223129188,79.761,,0.067,64834.570,"CooperativeService{guidedPlanning, status=request, vehicleId=0x7665682d3833, requestedHorizonMs=2500, confidence=100, planning.waypoints=1, offloadTaskId=probe-14, offloadPayload=1024 bytes}"
5g-sender,1783014682513199514,edge4av-real-20260702-multiclient-scalability-run-3,p5g-scale-mqtt-payload-1024-clients-100,scale,guided-planning,mqtt,veh-83,veh-83,rsu-1,p5g-scale-mqtt-payload-1024-clients-100-veh-83-15,ipi-session-1,multiclient-scalability-run-3,veh-83,15,100-clients,default,stationary,unsynced,true,true,clients,100,count,IPI-CooperativeService,1097,1783014682423269407,1783014617678739344,1783014617678783184,1783014682513199514,89.930,,0.044,64834.416,"CooperativeService{guidedPlanning, status=request, vehicleId=0x7665682d3833, requestedHorizonMs=2500, confidence=100, planning.waypoints=1, offloadTaskId=probe-15, offloadPayload=1024 bytes}"
5g-sender,1783014682801302037,edge4av-real-20260702-multiclient-scalability-run-3,p5g-scale-mqtt-payload-1024-clients-100,scale,guided-planning,mqtt,veh-83,veh-83,rsu-1,p5g-scale-mqtt-payload-1024-clients-100-veh-83-16,ipi-session-1,multiclient-scalability-run-3,veh-83,16,100-clients,default,stationary,unsynced,true,true,clients,100,count,IPI-CooperativeService,1097,1783014682713352259,1783014617968631645,1783014617968710552,1783014682801302037,87.950,,0.079,64832.591,"CooperativeService{guidedPlanning, status=request, vehicleId=0x7665682d3833, requestedHorizonMs=2500, confidence=100, planning.waypoints=1, offloadTaskId=probe-16, offloadPayload=1024 bytes}"
5g-sender,1783014683125137317,edge4av-real-20260702-multiclient-scalability-run-3,p5g-scale-mqtt-payload-1024-clients-100,scale,guided-planning,mqtt,veh-83,veh-83,rsu-1,p5g-scale-mqtt-payload-1024-clients-100-veh-83-17,ipi-session-1,multiclient-scalability-run-3,veh-83,17,100-clients,default,stationary,unsynced,true,true,clients,100,count,IPI-CooperativeService,1097,1783014683001461875,1783014618290581638,1783014618290625243,1783014683125137317,123.675,,0.044,64834.512,"CooperativeService{guidedPlanning, status=request, vehicleId=0x7665682d3833, requestedHorizonMs=2500, confidence=100, planning.waypoints=1, offloadTaskId=probe-17, offloadPayload=1024 bytes}"
5g-sender,1783014683435139656,edge4av-real-20260702-multiclient-scalability-run-3,p5g-scale-mqtt-payload-1024-clients-100,scale,guided-planning,mqtt,veh-83,veh-83,rsu-1,p5g-scale-mqtt-payload-1024-clients-100-veh-83-18,ipi-session-1,multiclient-scalability-run-3,veh-83,18,100-clients,default,stationary,unsynced,true,true,clients,100,count,IPI-CooperativeService,1097,1783014683325290239,1783014618599544756,1783014618599601144,1783014683435139656,109.849,,0.056,64835.539,"CooperativeService{guidedPlanning, status=request, vehicleId=0x7665682d3833, requestedHorizonMs=2500, confidence=100, planning.waypoints=1, offloadTaskId=probe-18, offloadPayload=1024 bytes}"
5g-sender,1783014683813233363,edge4av-real-20260702-multiclient-scalability-run-3,p5g-scale-mqtt-payload-1024-clients-100,scale,guided-planning,mqtt,veh-83,veh-83,rsu-1,p5g-scale-mqtt-payload-1024-clients-100-veh-83-19,ipi-session-1,multiclient-scalability-run-3,veh-83,19,100-clients,default,stationary,unsynced,true,true,clients,100,count,IPI-CooperativeService,1097,1783014683635327875,1783014618981622367,1783014618981666463,1783014683813233363,177.905,,0.044,64831.567,"CooperativeService{guidedPlanning, status=request, vehicleId=0x7665682d3833, requestedHorizonMs=2500, confidence=100, planning.waypoints=1, offloadTaskId=probe-19, offloadPayload=1024 bytes}"
5g-sender,1783014684175219961,edge4av-real-20260702-multiclient-scalability-run-3,p5g-scale-mqtt-payload-1024-clients-100,scale,guided-planning,mqtt,veh-83,veh-83,rsu-1,p5g-scale-mqtt-payload-1024-clients-100-veh-83-20,ipi-session-1,multiclient-scalability-run-3,veh-83,20,100-clients,default,stationary,unsynced,true,true,clients,100,count,IPI-CooperativeService,1097,1783014684013375218,1783014619341194787,1783014619341238201,1783014684175219961,161.845,,0.043,64833.982,"CooperativeService{guidedPlanning, status=request, vehicleId=0x7665682d3833, requestedHorizonMs=2500, confidence=100, planning.waypoints=1, offloadTaskId=probe-20, offloadPayload=1024 bytes}"
5g-sender,1783014684442817831,edge4av-real-20260702-multiclient-scalability-run-3,p5g-scale-mqtt-payload-1024-clients-100,scale,guided-planning,mqtt,veh-83,veh-83,rsu-1,p5g-scale-mqtt-payload-1024-clients-100-veh-83-21,ipi-session-1,multiclient-scalability-run-3,veh-83,21,100-clients,default,stationary,unsynced,true,true,clients,100,count,IPI-CooperativeService,1097,1783014684375366289,1783014619601595340,1783014619601639190,1783014684442817831,67.452,,0.044,64841.179,"CooperativeService{guidedPlanning, status=request, vehicleId=0x7665682d3833, requestedHorizonMs=2500, confidence=100, planning.waypoints=1, offloadTaskId=probe-21, offloadPayload=1024 bytes}"
5g-sender,1783014684762723607,edge4av-real-20260702-multiclient-scalability-run-3,p5g-scale-mqtt-payload-1024-clients-100,scale,guided-planning,mqtt,veh-83,veh-83,rsu-1,p5g-scale-mqtt-payload-1024-clients-100-veh-83-22,ipi-session-1,multiclient-scalability-run-3,veh-83,22,100-clients,default,stationary,unsynced,true,true,clients,100,count,IPI-CooperativeService,1097,1783014684642964996,1783014619923068798,1783014619923112392,1783014684762723607,119.759,,0.044,64839.611,"CooperativeService{guidedPlanning, status=request, vehicleId=0x7665682d3833, requestedHorizonMs=2500, confidence=100, planning.waypoints=1, offloadTaskId=probe-22, offloadPayload=1024 bytes}"
5g-sender,1783014685035055273,edge4av-real-20260702-multiclient-scalability-run-3,p5g-scale-mqtt-payload-1024-clients-100,scale,guided-planning,mqtt,veh-83,veh-83,rsu-1,p5g-scale-mqtt-payload-1024-clients-100-veh-83-23,ipi-session-1,multiclient-scalability-run-3,veh-83,23,100-clients,default,stationary,unsynced,true,true,clients,100,count,IPI-CooperativeService,1097,1783014684962874819,1783014620201707181,1783014620201750935,1783014685035055273,72.180,,0.044,64833.304,"CooperativeService{guidedPlanning, status=request, vehicleId=0x7665682d3833, requestedHorizonMs=2500, confidence=100, planning.waypoints=1, offloadTaskId=probe-23, offloadPayload=1024 bytes}"
5g-sender,1783014685317242707,edge4av-real-20260702-multiclient-scalability-run-3,p5g-scale-mqtt-payload-1024-clients-100,scale,guided-planning,mqtt,veh-83,veh-83,rsu-1,p5g-scale-mqtt-payload-1024-clients-100-veh-83-24,ipi-session-1,multiclient-scalability-run-3,veh-83,24,100-clients,default,stationary,unsynced,true,true,clients,100,count,IPI-CooperativeService,1097,1783014685235203125,1783014620483180587,1783014620483238850,1783014685317242707,82.040,,0.058,64834.004,"CooperativeService{guidedPlanning, status=request, vehicleId=0x7665682d3833, requestedHorizonMs=2500, confidence=100, planning.waypoints=1, offloadTaskId=probe-24, offloadPayload=1024 bytes}"
5g-sender,1783014685597122099,edge4av-real-20260702-multiclient-scalability-run-3,p5g-scale-mqtt-payload-1024-clients-100,scale,guided-planning,mqtt,veh-83,veh-83,rsu-1,p5g-scale-mqtt-payload-1024-clients-100-veh-83-25,ipi-session-1,multiclient-scalability-run-3,veh-83,25,100-clients,default,stationary,unsynced,true,true,clients,100,count,IPI-CooperativeService,1097,1783014685517452029,1783014620763323665,1783014620763375970,1783014685597122099,79.670,,0.052,64833.746,"CooperativeService{guidedPlanning, status=request, vehicleId=0x7665682d3833, requestedHorizonMs=2500, confidence=100, planning.waypoints=1, offloadTaskId=probe-25, offloadPayload=1024 bytes}"
5g-sender,1783014685923102968,edge4av-real-20260702-multiclient-scalability-run-3,p5g-scale-mqtt-payload-1024-clients-100,scale,guided-planning,mqtt,veh-83,veh-83,rsu-1,p5g-scale-mqtt-payload-1024-clients-100-veh-83-26,ipi-session-1,multiclient-scalability-run-3,veh-83,26,100-clients,default,stationary,unsynced,true,true,clients,100,count,IPI-CooperativeService,1097,1783014685797278940,1783014621083221926,1783014621083290244,1783014685923102968,125.824,,0.068,64839.813,"CooperativeService{guidedPlanning, status=request, vehicleId=0x7665682d3833, requestedHorizonMs=2500, confidence=100, planning.waypoints=1, offloadTaskId=probe-26, offloadPayload=1024 bytes}"
5g-sender,1783014686267192464,edge4av-real-20260702-multiclient-scalability-run-3,p5g-scale-mqtt-payload-1024-clients-100,scale,guided-planning,mqtt,veh-83,veh-83,rsu-1,p5g-scale-mqtt-payload-1024-clients-100-veh-83-27,ipi-session-1,multiclient-scalability-run-3,veh-83,27,100-clients,default,stationary,unsynced,true,true,clients,100,count,IPI-CooperativeService,1097,1783014686123252473,1783014621433982946,1783014621434049654,1783014686267192464,143.940,,0.067,64833.143,"CooperativeService{guidedPlanning, status=request, vehicleId=0x7665682d3833, requestedHorizonMs=2500, confidence=100, planning.waypoints=1, offloadTaskId=probe-27, offloadPayload=1024 bytes}"
5g-sender,1783014686617119575,edge4av-real-20260702-multiclient-scalability-run-3,p5g-scale-mqtt-payload-1024-clients-100,scale,guided-planning,mqtt,veh-83,veh-83,rsu-1,p5g-scale-mqtt-payload-1024-clients-100-veh-83-28,ipi-session-1,multiclient-scalability-run-3,veh-83,28,100-clients,default,stationary,unsynced,true,true,clients,100,count,IPI-CooperativeService,1097,1783014686467365496,1783014621785628552,1783014621785672188,1783014686617119575,149.754,,0.044,64831.447,"CooperativeService{guidedPlanning, status=request, vehicleId=0x7665682d3833, requestedHorizonMs=2500, confidence=100, planning.waypoints=1, offloadTaskId=probe-28, offloadPayload=1024 bytes}"
5g-sender,1783014686999053972,edge4av-real-20260702-multiclient-scalability-run-3,p5g-scale-mqtt-payload-1024-clients-100,scale,guided-planning,mqtt,veh-83,veh-83,rsu-1,p5g-scale-mqtt-payload-1024-clients-100-veh-83-29,ipi-session-1,multiclient-scalability-run-3,veh-83,29,100-clients,default,stationary,unsynced,true,true,clients,100,count,IPI-CooperativeService,1097,1783014686817269000,1783014622166182388,1783014622166225719,1783014686999053972,181.785,,0.043,64832.828,"CooperativeService{guidedPlanning, status=request, vehicleId=0x7665682d3833, requestedHorizonMs=2500, confidence=100, planning.waypoints=1, offloadTaskId=probe-29, offloadPayload=1024 bytes}"
5g-sender,1783014687953229573,edge4av-real-20260702-multiclient-scalability-run-3,p5g-scale-mqtt-payload-1024-clients-100,scale,guided-planning,mqtt,veh-83,veh-83,rsu-1,p5g-scale-mqtt-payload-1024-clients-100-veh-83-30,ipi-session-1,multiclient-scalability-run-3,veh-83,30,100-clients,default,stationary,unsynced,true,true,clients,100,count,IPI-CooperativeService,1097,1783014687199212020,1783014623116973441,1783014623117025601,1783014687953229573,754.018,,0.052,64836.204,"CooperativeService{guidedPlanning, status=request, vehicleId=0x7665682d3833, requestedHorizonMs=2500, confidence=100, planning.waypoints=1, offloadTaskId=probe-30, offloadPayload=1024 bytes}"
5g-sender,1783014688273213313,edge4av-real-20260702-multiclient-scalability-run-3,p5g-scale-mqtt-payload-1024-clients-100,scale,guided-planning,mqtt,veh-83,veh-83,rsu-1,p5g-scale-mqtt-payload-1024-clients-100-veh-83-31,ipi-session-1,multiclient-scalability-run-3,veh-83,31,100-clients,default,stationary,unsynced,true,true,clients,100,count,IPI-CooperativeService,1097,1783014688153379258,1783014623437855361,1783014623437917129,1783014688273213313,119.834,,0.062,64835.296,"CooperativeService{guidedPlanning, status=request, vehicleId=0x7665682d3833, requestedHorizonMs=2500, confidence=100, planning.waypoints=1, offloadTaskId=probe-31, offloadPayload=1024 bytes}"
5g-sender,1783014688651118910,edge4av-real-20260702-multiclient-scalability-run-3,p5g-scale-mqtt-payload-1024-clients-100,scale,guided-planning,mqtt,veh-83,veh-83,rsu-1,p5g-scale-mqtt-payload-1024-clients-100-veh-83-32,ipi-session-1,multiclient-scalability-run-3,veh-83,32,100-clients,default,stationary,unsynced,true,true,clients,100,count,IPI-CooperativeService,1097,1783014688473411064,1783014623817549577,1783014623817593426,1783014688651118910,177.708,,0.044,64833.525,"CooperativeService{guidedPlanning, status=request, vehicleId=0x7665682d3833, requestedHorizonMs=2500, confidence=100, planning.waypoints=1, offloadTaskId=probe-32, offloadPayload=1024 bytes}"
5g-sender,1783014688971107086,edge4av-real-20260702-multiclient-scalability-run-3,p5g-scale-mqtt-payload-1024-clients-100,scale,guided-planning,mqtt,veh-83,veh-83,rsu-1,p5g-scale-mqtt-payload-1024-clients-100-veh-83-33,ipi-session-1,multiclient-scalability-run-3,veh-83,33,100-clients,default,stationary,unsynced,true,true,clients,100,count,IPI-CooperativeService,1097,1783014688851267465,1783014624138217386,1783014624138260776,1783014688971107086,119.840,,0.043,64832.846,"CooperativeService{guidedPlanning, status=request, vehicleId=0x7665682d3833, requestedHorizonMs=2500, confidence=100, planning.waypoints=1, offloadTaskId=probe-33, offloadPayload=1024 bytes}"
5g-sender,1783014689313317255,edge4av-real-20260702-multiclient-scalability-run-3,p5g-scale-mqtt-payload-1024-clients-100,scale,guided-planning,mqtt,veh-83,veh-83,rsu-1,p5g-scale-mqtt-payload-1024-clients-100-veh-83-34,ipi-session-1,multiclient-scalability-run-3,veh-83,34,100-clients,default,stationary,unsynced,true,true,clients,100,count,IPI-CooperativeService,1097,1783014689171254597,1783014624478958710,1783014624479001978,1783014689313317255,142.063,,0.043,64834.315,"CooperativeService{guidedPlanning, status=request, vehicleId=0x7665682d3833, requestedHorizonMs=2500, confidence=100, planning.waypoints=1, offloadTaskId=probe-34, offloadPayload=1024 bytes}"
5g-sender,1783014689683191798,edge4av-real-20260702-multiclient-scalability-run-3,p5g-scale-mqtt-payload-1024-clients-100,scale,guided-planning,mqtt,veh-83,veh-83,rsu-1,p5g-scale-mqtt-payload-1024-clients-100-veh-83-35,ipi-session-1,multiclient-scalability-run-3,veh-83,35,100-clients,default,stationary,unsynced,true,true,clients,100,count,IPI-CooperativeService,1097,1783014689513492470,1783014624849462662,1783014624849506925,1783014689683191798,169.699,,0.044,64833.685,"CooperativeService{guidedPlanning, status=request, vehicleId=0x7665682d3833, requestedHorizonMs=2500, confidence=100, planning.waypoints=1, offloadTaskId=probe-35, offloadPayload=1024 bytes}"
5g-sender,1783014690905365148,edge4av-real-20260702-multiclient-scalability-run-3,p5g-scale-mqtt-payload-1024-clients-100,scale,guided-planning,mqtt,veh-83,veh-83,rsu-1,p5g-scale-mqtt-payload-1024-clients-100-veh-83-36,ipi-session-1,multiclient-scalability-run-3,veh-83,36,100-clients,default,stationary,unsynced,true,true,clients,100,count,IPI-CooperativeService,1097,1783014689883358222,1783014626071704546,1783014626071756745,1783014690905365148,1022.007,,0.052,64833.608,"CooperativeService{guidedPlanning, status=request, vehicleId=0x7665682d3833, requestedHorizonMs=2500, confidence=100, planning.waypoints=1, offloadTaskId=probe-36, offloadPayload=1024 bytes}"
5g-sender,1783014691265235925,edge4av-real-20260702-multiclient-scalability-run-3,p5g-scale-mqtt-payload-1024-clients-100,scale,guided-planning,mqtt,veh-83,veh-83,rsu-1,p5g-scale-mqtt-payload-1024-clients-100-veh-83-37,ipi-session-1,multiclient-scalability-run-3,veh-83,37,100-clients,default,stationary,unsynced,true,true,clients,100,count,IPI-CooperativeService,1097,1783014691105517979,1783014626432347690,1783014626432408241,1783014691265235925,159.718,,0.061,64832.828,"CooperativeService{guidedPlanning, status=request, vehicleId=0x7665682d3833, requestedHorizonMs=2500, confidence=100, planning.waypoints=1, offloadTaskId=probe-37, offloadPayload=1024 bytes}"
5g-sender,1783014691547243365,edge4av-real-20260702-multiclient-scalability-run-3,p5g-scale-mqtt-payload-1024-clients-100,scale,guided-planning,mqtt,veh-83,veh-83,rsu-1,p5g-scale-mqtt-payload-1024-clients-100-veh-83-38,ipi-session-1,multiclient-scalability-run-3,veh-83,38,100-clients,default,stationary,unsynced,true,true,clients,100,count,IPI-CooperativeService,1097,1783014691465438920,1783014626713309959,1783014626713374399,1783014691547243365,81.804,,0.064,64833.869,"CooperativeService{guidedPlanning, status=request, vehicleId=0x7665682d3833, requestedHorizonMs=2500, confidence=100, planning.waypoints=1, offloadTaskId=probe-38, offloadPayload=1024 bytes}"
5g-sender,1783014691809122881,edge4av-real-20260702-multiclient-scalability-run-3,p5g-scale-mqtt-payload-1024-clients-100,scale,guided-planning,mqtt,veh-83,veh-83,rsu-1,p5g-scale-mqtt-payload-1024-clients-100-veh-83-39,ipi-session-1,multiclient-scalability-run-3,veh-83,39,100-clients,default,stationary,unsynced,true,true,clients,100,count,IPI-CooperativeService,1097,1783014691747388096,1783014626975427425,1783014626975484606,1783014691809122881,61.735,,0.057,64833.638,"CooperativeService{guidedPlanning, status=request, vehicleId=0x7665682d3833, requestedHorizonMs=2500, confidence=100, planning.waypoints=1, offloadTaskId=probe-39, offloadPayload=1024 bytes}"
5g-sender,1783014692127166900,edge4av-real-20260702-multiclient-scalability-run-3,p5g-scale-mqtt-payload-1024-clients-100,scale,guided-planning,mqtt,veh-83,veh-83,rsu-1,p5g-scale-mqtt-payload-1024-clients-100-veh-83-40,ipi-session-1,multiclient-scalability-run-3,veh-83,40,100-clients,default,stationary,unsynced,true,true,clients,100,count,IPI-CooperativeService,1097,1783014692009270325,1783014627294357494,1783014627294400678,1783014692127166900,117.897,,0.043,64832.766,"CooperativeService{guidedPlanning, status=request, vehicleId=0x7665682d3833, requestedHorizonMs=2500, confidence=100, planning.waypoints=1, offloadTaskId=probe-40, offloadPayload=1024 bytes}"
5g-sender,1783014692429108915,edge4av-real-20260702-multiclient-scalability-run-3,p5g-scale-mqtt-payload-1024-clients-100,scale,guided-planning,mqtt,veh-83,veh-83,rsu-1,p5g-scale-mqtt-payload-1024-clients-100-veh-83-41,ipi-session-1,multiclient-scalability-run-3,veh-83,41,100-clients,default,stationary,unsynced,true,true,clients,100,count,IPI-CooperativeService,1097,1783014692327366094,1783014627596045847,1783014627596089461,1783014692429108915,101.743,,0.044,64833.019,"CooperativeService{guidedPlanning, status=request, vehicleId=0x7665682d3833, requestedHorizonMs=2500, confidence=100, planning.waypoints=1, offloadTaskId=probe-41, offloadPayload=1024 bytes}"
5g-sender,1783014692731248873,edge4av-real-20260702-multiclient-scalability-run-3,p5g-scale-mqtt-payload-1024-clients-100,scale,guided-planning,mqtt,veh-83,veh-83,rsu-1,p5g-scale-mqtt-payload-1024-clients-100-veh-83-42,ipi-session-1,multiclient-scalability-run-3,veh-83,42,100-clients,default,stationary,unsynced,true,true,clients,100,count,IPI-CooperativeService,1097,1783014692629258276,1783014627897103468,1783014627897166520,1783014692731248873,101.991,,0.063,64834.082,"CooperativeService{guidedPlanning, status=request, vehicleId=0x7665682d3833, requestedHorizonMs=2500, confidence=100, planning.waypoints=1, offloadTaskId=probe-42, offloadPayload=1024 bytes}"
5g-sender,1783014693070686519,edge4av-real-20260702-multiclient-scalability-run-3,p5g-scale-mqtt-payload-1024-clients-100,scale,guided-planning,mqtt,veh-83,veh-83,rsu-1,p5g-scale-mqtt-payload-1024-clients-100-veh-83-43,ipi-session-1,multiclient-scalability-run-3,veh-83,43,100-clients,default,stationary,unsynced,true,true,clients,100,count,IPI-CooperativeService,1097,1783014692931445515,1783014628235832690,1783014628235895772,1783014693070686519,139.241,,0.063,64834.791,"CooperativeService{guidedPlanning, status=request, vehicleId=0x7665682d3833, requestedHorizonMs=2500, confidence=100, planning.waypoints=1, offloadTaskId=probe-43, offloadPayload=1024 bytes}"
5g-sender,1783014693410604244,edge4av-real-20260702-multiclient-scalability-run-3,p5g-scale-mqtt-payload-1024-clients-100,scale,guided-planning,mqtt,veh-83,veh-83,rsu-1,p5g-scale-mqtt-payload-1024-clients-100-veh-83-44,ipi-session-1,multiclient-scalability-run-3,veh-83,44,100-clients,default,stationary,unsynced,true,true,clients,100,count,IPI-CooperativeService,1097,1783014693270920984,1783014628577361252,1783014628577405320,1783014693410604244,139.683,,0.044,64833.199,"CooperativeService{guidedPlanning, status=request, vehicleId=0x7665682d3833, requestedHorizonMs=2500, confidence=100, planning.waypoints=1, offloadTaskId=probe-44, offloadPayload=1024 bytes}"
5g-sender,1783014693753156646,edge4av-real-20260702-multiclient-scalability-run-3,p5g-scale-mqtt-payload-1024-clients-100,scale,guided-planning,mqtt,veh-83,veh-83,rsu-1,p5g-scale-mqtt-payload-1024-clients-100-veh-83-45,ipi-session-1,multiclient-scalability-run-3,veh-83,45,100-clients,default,stationary,unsynced,true,true,clients,100,count,IPI-CooperativeService,1097,1783014693610751504,1783014628918698608,1783014628918749270,1783014693753156646,142.405,,0.051,64834.407,"CooperativeService{guidedPlanning, status=request, vehicleId=0x7665682d3833, requestedHorizonMs=2500, confidence=100, planning.waypoints=1, offloadTaskId=probe-45, offloadPayload=1024 bytes}"
5g-sender,1783014694113229938,edge4av-real-20260702-multiclient-scalability-run-3,p5g-scale-mqtt-payload-1024-clients-100,scale,guided-planning,mqtt,veh-83,veh-83,rsu-1,p5g-scale-mqtt-payload-1024-clients-100-veh-83-46,ipi-session-1,multiclient-scalability-run-3,veh-83,46,100-clients,default,stationary,unsynced,true,true,clients,100,count,IPI-CooperativeService,1097,1783014693953299353,1783014629278087880,1783014629278131333,1783014694113229938,159.931,,0.043,64835.099,"CooperativeService{guidedPlanning, status=request, vehicleId=0x7665682d3833, requestedHorizonMs=2500, confidence=100, planning.waypoints=1, offloadTaskId=probe-46, offloadPayload=1024 bytes}"
5g-sender,1783014694401409130,edge4av-real-20260702-multiclient-scalability-run-3,p5g-scale-mqtt-payload-1024-clients-100,scale,guided-planning,mqtt,veh-83,veh-83,rsu-1,p5g-scale-mqtt-payload-1024-clients-100-veh-83-47,ipi-session-1,multiclient-scalability-run-3,veh-83,47,100-clients,default,stationary,unsynced,true,true,clients,100,count,IPI-CooperativeService,1097,1783014694313378362,1783014629567972675,1783014629568038234,1783014694401409130,88.031,,0.066,64833.371,"CooperativeService{guidedPlanning, status=request, vehicleId=0x7665682d3833, requestedHorizonMs=2500, confidence=100, planning.waypoints=1, offloadTaskId=probe-47, offloadPayload=1024 bytes}"
5g-sender,1783014694681268053,edge4av-real-20260702-multiclient-scalability-run-3,p5g-scale-mqtt-payload-1024-clients-100,scale,guided-planning,mqtt,veh-83,veh-83,rsu-1,p5g-scale-mqtt-payload-1024-clients-100-veh-83-48,ipi-session-1,multiclient-scalability-run-3,veh-83,48,100-clients,default,stationary,unsynced,true,true,clients,100,count,IPI-CooperativeService,1097,1783014694601572063,1783014629848626064,1783014629848715942,1783014694681268053,79.696,,0.090,64832.552,"CooperativeService{guidedPlanning, status=request, vehicleId=0x7665682d3833, requestedHorizonMs=2500, confidence=100, planning.waypoints=1, offloadTaskId=probe-48, offloadPayload=1024 bytes}"
5g-sender,1783014695021238751,edge4av-real-20260702-multiclient-scalability-run-3,p5g-scale-mqtt-payload-1024-clients-100,scale,guided-planning,mqtt,veh-83,veh-83,rsu-1,p5g-scale-mqtt-payload-1024-clients-100-veh-83-49,ipi-session-1,multiclient-scalability-run-3,veh-83,49,100-clients,default,stationary,unsynced,true,true,clients,100,count,IPI-CooperativeService,1097,1783014694881477688,1783014630189118613,1783014630189161770,1783014695021238751,139.761,,0.043,64832.077,"CooperativeService{guidedPlanning, status=request, vehicleId=0x7665682d3833, requestedHorizonMs=2500, confidence=100, planning.waypoints=1, offloadTaskId=probe-49, offloadPayload=1024 bytes}"
5g-sender,1783014695343320715,edge4av-real-20260702-multiclient-scalability-run-3,p5g-scale-mqtt-payload-1024-clients-100,scale,guided-planning,mqtt,veh-83,veh-83,rsu-1,p5g-scale-mqtt-payload-1024-clients-100-veh-83-50,ipi-session-1,multiclient-scalability-run-3,veh-83,50,100-clients,default,stationary,unsynced,true,true,clients,100,count,IPI-CooperativeService,1097,1783014695221505173,1783014630510780578,1783014630510824202,1783014695343320715,121.816,,0.044,64832.497,"CooperativeService{guidedPlanning, status=request, vehicleId=0x7665682d3833, requestedHorizonMs=2500, confidence=100, planning.waypoints=1, offloadTaskId=probe-50, offloadPayload=1024 bytes}"
5g-sender,1783014695683206715,edge4av-real-20260702-multiclient-scalability-run-3,p5g-scale-mqtt-payload-1024-clients-100,scale,guided-planning,mqtt,veh-83,veh-83,rsu-1,p5g-scale-mqtt-payload-1024-clients-100-veh-83-51,ipi-session-1,multiclient-scalability-run-3,veh-83,51,100-clients,default,stationary,unsynced,true,true,clients,100,count,IPI-CooperativeService,1097,1783014695543525452,1783014630840183829,1783014630840248721,1783014695683206715,139.681,,0.065,64842.958,"CooperativeService{guidedPlanning, status=request, vehicleId=0x7665682d3833, requestedHorizonMs=2500, confidence=100, planning.waypoints=1, offloadTaskId=probe-51, offloadPayload=1024 bytes}"
5g-sender,1783014695965202041,edge4av-real-20260702-multiclient-scalability-run-3,p5g-scale-mqtt-payload-1024-clients-100,scale,guided-planning,mqtt,veh-83,veh-83,rsu-1,p5g-scale-mqtt-payload-1024-clients-100-veh-83-52,ipi-session-1,multiclient-scalability-run-3,veh-83,52,100-clients,default,stationary,unsynced,true,true,clients,100,count,IPI-CooperativeService,1097,1783014695883364978,1783014631132605965,1783014631132663567,1783014695965202041,81.837,,0.058,64832.538,"CooperativeService{guidedPlanning, status=request, vehicleId=0x7665682d3833, requestedHorizonMs=2500, confidence=100, planning.waypoints=1, offloadTaskId=probe-52, offloadPayload=1024 bytes}"
5g-sender,1783014696275400546,edge4av-real-20260702-multiclient-scalability-run-3,p5g-scale-mqtt-payload-1024-clients-100,scale,guided-planning,mqtt,veh-83,veh-83,rsu-1,p5g-scale-mqtt-payload-1024-clients-100-veh-83-53,ipi-session-1,multiclient-scalability-run-3,veh-83,53,100-clients,default,stationary,unsynced,true,true,clients,100,count,IPI-CooperativeService,1097,1783014696165362775,1783014631441816068,1783014631441859531,1783014696275400546,110.038,,0.043,64833.541,"CooperativeService{guidedPlanning, status=request, vehicleId=0x7665682d3833, requestedHorizonMs=2500, confidence=100, planning.waypoints=1, offloadTaskId=probe-53, offloadPayload=1024 bytes}"
5g-sender,1783014696555279377,edge4av-real-20260702-multiclient-scalability-run-3,p5g-scale-mqtt-payload-1024-clients-100,scale,guided-planning,mqtt,veh-83,veh-83,rsu-1,p5g-scale-mqtt-payload-1024-clients-100-veh-83-54,ipi-session-1,multiclient-scalability-run-3,veh-83,54,100-clients,default,stationary,unsynced,true,true,clients,100,count,IPI-CooperativeService,1097,1783014696475591817,1783014631721512872,1783014631721555536,1783014696555279377,79.688,,0.043,64833.724,"CooperativeService{guidedPlanning, status=request, vehicleId=0x7665682d3833, requestedHorizonMs=2500, confidence=100, planning.waypoints=1, offloadTaskId=probe-54, offloadPayload=1024 bytes}"
5g-sender,1783014696807167887,edge4av-real-20260702-multiclient-scalability-run-3,p5g-scale-mqtt-payload-1024-clients-100,scale,guided-planning,mqtt,veh-83,veh-83,rsu-1,p5g-scale-mqtt-payload-1024-clients-100-veh-83-55,ipi-session-1,multiclient-scalability-run-3,veh-83,55,100-clients,default,stationary,unsynced,true,true,clients,100,count,IPI-CooperativeService,1097,1783014696755492767,1783014631974878375,1783014631974926346,1783014696807167887,51.675,,0.048,64832.242,"CooperativeService{guidedPlanning, status=request, vehicleId=0x7665682d3833, requestedHorizonMs=2500, confidence=100, planning.waypoints=1, offloadTaskId=probe-55, offloadPayload=1024 bytes}"
5g-sender,1783014697067291443,edge4av-real-20260702-multiclient-scalability-run-3,p5g-scale-mqtt-payload-1024-clients-100,scale,guided-planning,mqtt,veh-83,veh-83,rsu-1,p5g-scale-mqtt-payload-1024-clients-100-veh-83-56,ipi-session-1,multiclient-scalability-run-3,veh-83,56,100-clients,default,stationary,unsynced,true,true,clients,100,count,IPI-CooperativeService,1097,1783014697007396498,1783014632232694880,1783014632232744114,1783014697067291443,59.895,,0.049,64834.547,"CooperativeService{guidedPlanning, status=request, vehicleId=0x7665682d3833, requestedHorizonMs=2500, confidence=100, planning.waypoints=1, offloadTaskId=probe-56, offloadPayload=1024 bytes}"
5g-sender,1783014697357335053,edge4av-real-20260702-multiclient-scalability-run-3,p5g-scale-mqtt-payload-1024-clients-100,scale,guided-planning,mqtt,veh-83,veh-83,rsu-1,p5g-scale-mqtt-payload-1024-clients-100-veh-83-57,ipi-session-1,multiclient-scalability-run-3,veh-83,57,100-clients,default,stationary,unsynced,true,true,clients,100,count,IPI-CooperativeService,1097,1783014697267507030,1783014632523503518,1783014632523547187,1783014697357335053,89.828,,0.044,64833.788,"CooperativeService{guidedPlanning, status=request, vehicleId=0x7665682d3833, requestedHorizonMs=2500, confidence=100, planning.waypoints=1, offloadTaskId=probe-57, offloadPayload=1024 bytes}"
5g-sender,1783014697647201655,edge4av-real-20260702-multiclient-scalability-run-3,p5g-scale-mqtt-payload-1024-clients-100,scale,guided-planning,mqtt,veh-83,veh-83,rsu-1,p5g-scale-mqtt-payload-1024-clients-100-veh-83-58,ipi-session-1,multiclient-scalability-run-3,veh-83,58,100-clients,default,stationary,unsynced,true,true,clients,100,count,IPI-CooperativeService,1097,1783014697557537377,1783014632814037513,1783014632814093236,1783014697647201655,89.664,,0.056,64833.108,"CooperativeService{guidedPlanning, status=request, vehicleId=0x7665682d3833, requestedHorizonMs=2500, confidence=100, planning.waypoints=1, offloadTaskId=probe-58, offloadPayload=1024 bytes}"
5g-sender,1783014697977325476,edge4av-real-20260702-multiclient-scalability-run-3,p5g-scale-mqtt-payload-1024-clients-100,scale,guided-planning,mqtt,veh-83,veh-83,rsu-1,p5g-scale-mqtt-payload-1024-clients-100-veh-83-59,ipi-session-1,multiclient-scalability-run-3,veh-83,59,100-clients,default,stationary,unsynced,true,true,clients,100,count,IPI-CooperativeService,1097,1783014697847366965,1783014633144766308,1783014633144810035,1783014697977325476,129.959,,0.044,64832.515,"CooperativeService{guidedPlanning, status=request, vehicleId=0x7665682d3833, requestedHorizonMs=2500, confidence=100, planning.waypoints=1, offloadTaskId=probe-59, offloadPayload=1024 bytes}"
5g-sender,1783014698283033330,edge4av-real-20260702-multiclient-scalability-run-3,p5g-scale-mqtt-payload-1024-clients-100,scale,guided-planning,mqtt,veh-83,veh-83,rsu-1,p5g-scale-mqtt-payload-1024-clients-100-veh-83-60,ipi-session-1,multiclient-scalability-run-3,veh-83,60,100-clients,default,stationary,unsynced,true,true,clients,100,count,IPI-CooperativeService,1097,1783014698177498282,1783014633446447892,1783014633446491236,1783014698283033330,105.535,,0.043,64836.542,"CooperativeService{guidedPlanning, status=request, vehicleId=0x7665682d3833, requestedHorizonMs=2500, confidence=100, planning.waypoints=1, offloadTaskId=probe-60, offloadPayload=1024 bytes}"
5g-sender,1783014698550612347,edge4av-real-20260702-multiclient-scalability-run-3,p5g-scale-mqtt-payload-1024-clients-100,scale,guided-planning,mqtt,veh-83,veh-83,rsu-1,p5g-scale-mqtt-payload-1024-clients-100-veh-83-61,ipi-session-1,multiclient-scalability-run-3,veh-83,61,100-clients,default,stationary,unsynced,true,true,clients,100,count,IPI-CooperativeService,1097,1783014698483189204,1783014633716624780,1783014633716706833,1783014698550612347,67.423,,0.082,64833.906,"CooperativeService{guidedPlanning, status=request, vehicleId=0x7665682d3833, requestedHorizonMs=2500, confidence=100, planning.waypoints=1, offloadTaskId=probe-61, offloadPayload=1024 bytes}"
5g-sender,1783014698850628166,edge4av-real-20260702-multiclient-scalability-run-3,p5g-scale-mqtt-payload-1024-clients-100,scale,guided-planning,mqtt,veh-83,veh-83,rsu-1,p5g-scale-mqtt-payload-1024-clients-100-veh-83-62,ipi-session-1,multiclient-scalability-run-3,veh-83,62,100-clients,default,stationary,unsynced,true,true,clients,100,count,IPI-CooperativeService,1097,1783014698750800278,1783014634017984522,1783014634018040774,1783014698850628166,99.828,,0.056,64832.587,"CooperativeService{guidedPlanning, status=request, vehicleId=0x7665682d3833, requestedHorizonMs=2500, confidence=100, planning.waypoints=1, offloadTaskId=probe-62, offloadPayload=1024 bytes}"
5g-sender,1783014699190554732,edge4av-real-20260702-multiclient-scalability-run-3,p5g-scale-mqtt-payload-1024-clients-100,scale,guided-planning,mqtt,veh-83,veh-83,rsu-1,p5g-scale-mqtt-payload-1024-clients-100-veh-83-63,ipi-session-1,multiclient-scalability-run-3,veh-83,63,100-clients,default,stationary,unsynced,true,true,clients,100,count,IPI-CooperativeService,1097,1783014699050770855,1783014634356947524,1783014634357001896,1783014699190554732,139.784,,0.054,64833.553,"CooperativeService{guidedPlanning, status=request, vehicleId=0x7665682d3833, requestedHorizonMs=2500, confidence=100, planning.waypoints=1, offloadTaskId=probe-63, offloadPayload=1024 bytes}"
5g-sender,1783014699530492373,edge4av-real-20260702-multiclient-scalability-run-3,p5g-scale-mqtt-payload-1024-clients-100,scale,guided-planning,mqtt,veh-83,veh-83,rsu-1,p5g-scale-mqtt-payload-1024-clients-100-veh-83-64,ipi-session-1,multiclient-scalability-run-3,veh-83,64,100-clients,default,stationary,unsynced,true,true,clients,100,count,IPI-CooperativeService,1097,1783014699390712622,1783014634698047459,1783014634698091352,1783014699530492373,139.780,,0.044,64832.401,"CooperativeService{guidedPlanning, status=request, vehicleId=0x7665682d3833, requestedHorizonMs=2500, confidence=100, planning.waypoints=1, offloadTaskId=probe-64, offloadPayload=1024 bytes}"
5g-sender,1783014699874711651,edge4av-real-20260702-multiclient-scalability-run-3,p5g-scale-mqtt-payload-1024-clients-100,scale,guided-planning,mqtt,veh-83,veh-83,rsu-1,p5g-scale-mqtt-payload-1024-clients-100-veh-83-65,ipi-session-1,multiclient-scalability-run-3,veh-83,65,100-clients,default,stationary,unsynced,true,true,clients,100,count,IPI-CooperativeService,1097,1783014699730643393,1783014635039224222,1783014635039290863,1783014699874711651,144.068,,0.067,64835.421,"CooperativeService{guidedPlanning, status=request, vehicleId=0x7665682d3833, requestedHorizonMs=2500, confidence=100, planning.waypoints=1, offloadTaskId=probe-65, offloadPayload=1024 bytes}"
5g-sender,1783014700193383708,edge4av-real-20260702-multiclient-scalability-run-3,p5g-scale-mqtt-payload-1024-clients-100,scale,guided-planning,mqtt,veh-83,veh-83,rsu-1,p5g-scale-mqtt-payload-1024-clients-100-veh-83-66,ipi-session-1,multiclient-scalability-run-3,veh-83,66,100-clients,default,stationary,unsynced,true,true,clients,100,count,IPI-CooperativeService,1097,1783014700074859341,1783014635359259943,1783014635359304250,1783014700193383708,118.524,,0.044,64834.079,"CooperativeService{guidedPlanning, status=request, vehicleId=0x7665682d3833, requestedHorizonMs=2500, confidence=100, planning.waypoints=1, offloadTaskId=probe-66, offloadPayload=1024 bytes}"
5g-sender,1783014700481328109,edge4av-real-20260702-multiclient-scalability-run-3,p5g-scale-mqtt-payload-1024-clients-100,scale,guided-planning,mqtt,veh-83,veh-83,rsu-1,p5g-scale-mqtt-payload-1024-clients-100-veh-83-67,ipi-session-1,multiclient-scalability-run-3,veh-83,67,100-clients,default,stationary,unsynced,true,true,clients,100,count,IPI-CooperativeService,1097,1783014700393540324,1783014635648398262,1783014635648441152,1783014700481328109,87.788,,0.043,64832.887,"CooperativeService{guidedPlanning, status=request, vehicleId=0x7665682d3833, requestedHorizonMs=2500, confidence=100, planning.waypoints=1, offloadTaskId=probe-67, offloadPayload=1024 bytes}"
5g-sender,1783014700771451146,edge4av-real-20260702-multiclient-scalability-run-3,p5g-scale-mqtt-payload-1024-clients-100,scale,guided-planning,mqtt,veh-83,veh-83,rsu-1,p5g-scale-mqtt-payload-1024-clients-100-veh-83-68,ipi-session-1,multiclient-scalability-run-3,veh-83,68,100-clients,default,stationary,unsynced,true,true,clients,100,count,IPI-CooperativeService,1097,1783014700681536072,1783014635940335784,1783014635940392762,1783014700771451146,89.915,,0.057,64831.058,"CooperativeService{guidedPlanning, status=request, vehicleId=0x7665682d3833, requestedHorizonMs=2500, confidence=100, planning.waypoints=1, offloadTaskId=probe-68, offloadPayload=1024 bytes}"
5g-sender,1783014701090558384,edge4av-real-20260702-multiclient-scalability-run-3,p5g-scale-mqtt-payload-1024-clients-100,scale,guided-planning,mqtt,veh-83,veh-83,rsu-1,p5g-scale-mqtt-payload-1024-clients-100-veh-83-69,ipi-session-1,multiclient-scalability-run-3,veh-83,69,100-clients,default,stationary,unsynced,true,true,clients,100,count,IPI-CooperativeService,1097,1783014700971600806,1783014636259594605,1783014636259652228,1783014701090558384,118.958,,0.058,64830.906,"CooperativeService{guidedPlanning, status=request, vehicleId=0x7665682d3833, requestedHorizonMs=2500, confidence=100, planning.waypoints=1, offloadTaskId=probe-69, offloadPayload=1024 bytes}"
5g-sender,1783014701423246884,edge4av-real-20260702-multiclient-scalability-run-3,p5g-scale-mqtt-payload-1024-clients-100,scale,guided-planning,mqtt,veh-83,veh-83,rsu-1,p5g-scale-mqtt-payload-1024-clients-100-veh-83-70,ipi-session-1,multiclient-scalability-run-3,veh-83,70,100-clients,default,stationary,unsynced,true,true,clients,100,count,IPI-CooperativeService,1097,1783014701290708387,1783014636590488355,1783014636590532198,1783014701423246884,132.538,,0.044,64832.715,"CooperativeService{guidedPlanning, status=request, vehicleId=0x7665682d3833, requestedHorizonMs=2500, confidence=100, planning.waypoints=1, offloadTaskId=probe-70, offloadPayload=1024 bytes}"
5g-sender,1783014701742720583,edge4av-real-20260702-multiclient-scalability-run-3,p5g-scale-mqtt-payload-1024-clients-100,scale,guided-planning,mqtt,veh-83,veh-83,rsu-1,p5g-scale-mqtt-payload-1024-clients-100-veh-83-71,ipi-session-1,multiclient-scalability-run-3,veh-83,71,100-clients,default,stationary,unsynced,true,true,clients,100,count,IPI-CooperativeService,1097,1783014701623403724,1783014636901461950,1783014636901532505,1783014701742720583,119.317,,0.071,64841.188,"CooperativeService{guidedPlanning, status=request, vehicleId=0x7665682d3833, requestedHorizonMs=2500, confidence=100, planning.waypoints=1, offloadTaskId=probe-71, offloadPayload=1024 bytes}"
5g-sender,1783014702037309446,edge4av-real-20260702-multiclient-scalability-run-3,p5g-scale-mqtt-payload-1024-clients-100,scale,guided-planning,mqtt,veh-83,veh-83,rsu-1,p5g-scale-mqtt-payload-1024-clients-100-veh-83-72,ipi-session-1,multiclient-scalability-run-3,veh-83,72,100-clients,default,stationary,unsynced,true,true,clients,100,count,IPI-CooperativeService,1097,1783014701942871646,1783014637201860354,1783014637201910839,1783014702037309446,94.438,,0.050,64835.399,"CooperativeService{guidedPlanning, status=request, vehicleId=0x7665682d3833, requestedHorizonMs=2500, confidence=100, planning.waypoints=1, offloadTaskId=probe-72, offloadPayload=1024 bytes}"
5g-sender,1783014702365333807,edge4av-real-20260702-multiclient-scalability-run-3,p5g-scale-mqtt-payload-1024-clients-100,scale,guided-planning,mqtt,veh-83,veh-83,rsu-1,p5g-scale-mqtt-payload-1024-clients-100-veh-83-73,ipi-session-1,multiclient-scalability-run-3,veh-83,73,100-clients,default,stationary,unsynced,true,true,clients,100,count,IPI-CooperativeService,1097,1783014702237480549,1783014637532245240,1783014637532288277,1783014702365333807,127.853,,0.043,64833.046,"CooperativeService{guidedPlanning, status=request, vehicleId=0x7665682d3833, requestedHorizonMs=2500, confidence=100, planning.waypoints=1, offloadTaskId=probe-73, offloadPayload=1024 bytes}"
5g-sender,1783014702685318807,edge4av-real-20260702-multiclient-scalability-run-3,p5g-scale-mqtt-payload-1024-clients-100,scale,guided-planning,mqtt,veh-83,veh-83,rsu-1,p5g-scale-mqtt-payload-1024-clients-100-veh-83-74,ipi-session-1,multiclient-scalability-run-3,veh-83,74,100-clients,default,stationary,unsynced,true,true,clients,100,count,IPI-CooperativeService,1097,1783014702565507440,1783014637852094289,1783014637852145870,1783014702685318807,119.811,,0.052,64833.173,"CooperativeService{guidedPlanning, status=request, vehicleId=0x7665682d3833, requestedHorizonMs=2500, confidence=100, planning.waypoints=1, offloadTaskId=probe-74, offloadPayload=1024 bytes}"
5g-sender,1783014703065165189,edge4av-real-20260702-multiclient-scalability-run-3,p5g-scale-mqtt-payload-1024-clients-100,scale,guided-planning,mqtt,veh-83,veh-83,rsu-1,p5g-scale-mqtt-payload-1024-clients-100-veh-83-75,ipi-session-1,multiclient-scalability-run-3,veh-83,75,100-clients,default,stationary,unsynced,true,true,clients,100,count,IPI-CooperativeService,1097,1783014702885544642,1783014638232561976,1783014638232605732,1783014703065165189,179.621,,0.044,64832.559,"CooperativeService{guidedPlanning, status=request, vehicleId=0x7665682d3833, requestedHorizonMs=2500, confidence=100, planning.waypoints=1, offloadTaskId=probe-75, offloadPayload=1024 bytes}"
5g-sender,1783014703427334061,edge4av-real-20260702-multiclient-scalability-run-3,p5g-scale-mqtt-payload-1024-clients-100,scale,guided-planning,mqtt,veh-83,veh-83,rsu-1,p5g-scale-mqtt-payload-1024-clients-100-veh-83-76,ipi-session-1,multiclient-scalability-run-3,veh-83,76,100-clients,default,stationary,unsynced,true,true,clients,100,count,IPI-CooperativeService,1097,1783014703265316805,1783014638594301846,1783014638594345668,1783014703427334061,162.017,,0.044,64832.988,"CooperativeService{guidedPlanning, status=request, vehicleId=0x7665682d3833, requestedHorizonMs=2500, confidence=100, planning.waypoints=1, offloadTaskId=probe-76, offloadPayload=1024 bytes}"
5g-sender,1783014703797260172,edge4av-real-20260702-multiclient-scalability-run-3,p5g-scale-mqtt-payload-1024-clients-100,scale,guided-planning,mqtt,veh-83,veh-83,rsu-1,p5g-scale-mqtt-payload-1024-clients-100-veh-83-77,ipi-session-1,multiclient-scalability-run-3,veh-83,77,100-clients,default,stationary,unsynced,true,true,clients,100,count,IPI-CooperativeService,1097,1783014703627502368,1783014638963845734,1783014638963909549,1783014703797260172,169.758,,0.064,64833.351,"CooperativeService{guidedPlanning, status=request, vehicleId=0x7665682d3833, requestedHorizonMs=2500, confidence=100, planning.waypoints=1, offloadTaskId=probe-77, offloadPayload=1024 bytes}"
5g-sender,1783014704175991718,edge4av-real-20260702-multiclient-scalability-run-3,p5g-scale-mqtt-payload-1024-clients-100,scale,guided-planning,mqtt,veh-83,veh-83,rsu-1,p5g-scale-mqtt-payload-1024-clients-100-veh-83-78,ipi-session-1,multiclient-scalability-run-3,veh-83,78,100-clients,default,stationary,unsynced,true,true,clients,100,count,IPI-CooperativeService,1097,1783014703997410355,1783014639344145543,1783014639344189428,1783014704175991718,178.581,,0.044,64831.802,"CooperativeService{guidedPlanning, status=request, vehicleId=0x7665682d3833, requestedHorizonMs=2500, confidence=100, planning.waypoints=1, offloadTaskId=probe-78, offloadPayload=1024 bytes}"
5g-sender,1783014704513309957,edge4av-real-20260702-multiclient-scalability-run-3,p5g-scale-mqtt-payload-1024-clients-100,scale,guided-planning,mqtt,veh-83,veh-83,rsu-1,p5g-scale-mqtt-payload-1024-clients-100-veh-83-79,ipi-session-1,multiclient-scalability-run-3,veh-83,79,100-clients,default,stationary,unsynced,true,true,clients,100,count,IPI-CooperativeService,1097,1783014704376146221,1783014639679509675,1783014639679568317,1783014704513309957,137.164,,0.059,64833.742,"CooperativeService{guidedPlanning, status=request, vehicleId=0x7665682d3833, requestedHorizonMs=2500, confidence=100, planning.waypoints=1, offloadTaskId=probe-79, offloadPayload=1024 bytes}"
5g-sender,1783014704861305933,edge4av-real-20260702-multiclient-scalability-run-3,p5g-scale-mqtt-payload-1024-clients-100,scale,guided-planning,mqtt,veh-83,veh-83,rsu-1,p5g-scale-mqtt-payload-1024-clients-100-veh-83-80,ipi-session-1,multiclient-scalability-run-3,veh-83,80,100-clients,default,stationary,unsynced,true,true,clients,100,count,IPI-CooperativeService,1097,1783014704713486020,1783014640026790617,1783014640026856437,1783014704861305933,147.820,,0.066,64834.449,"CooperativeService{guidedPlanning, status=request, vehicleId=0x7665682d3833, requestedHorizonMs=2500, confidence=100, planning.waypoints=1, offloadTaskId=probe-80, offloadPayload=1024 bytes}"
5g-sender,1783014705230647064,edge4av-real-20260702-multiclient-scalability-run-3,p5g-scale-mqtt-payload-1024-clients-100,scale,guided-planning,mqtt,veh-83,veh-83,rsu-1,p5g-scale-mqtt-payload-1024-clients-100-veh-83-81,ipi-session-1,multiclient-scalability-run-3,veh-83,81,100-clients,default,stationary,unsynced,true,true,clients,100,count,IPI-CooperativeService,1097,1783014705061528033,1783014640397628671,1783014640397674152,1783014705230647064,169.119,,0.045,64832.973,"CooperativeService{guidedPlanning, status=request, vehicleId=0x7665682d3833, requestedHorizonMs=2500, confidence=100, planning.waypoints=1, offloadTaskId=probe-81, offloadPayload=1024 bytes}"
5g-sender,1783014705599635265,edge4av-real-20260702-multiclient-scalability-run-3,p5g-scale-mqtt-payload-1024-clients-100,scale,guided-planning,mqtt,veh-83,veh-83,rsu-1,p5g-scale-mqtt-payload-1024-clients-100-veh-83-82,ipi-session-1,multiclient-scalability-run-3,veh-83,82,100-clients,default,stationary,unsynced,true,true,clients,100,count,IPI-CooperativeService,1097,1783014705430798494,1783014640767687187,1783014640767730694,1783014705599635265,168.837,,0.044,64831.905,"CooperativeService{guidedPlanning, status=request, vehicleId=0x7665682d3833, requestedHorizonMs=2500, confidence=100, planning.waypoints=1, offloadTaskId=probe-82, offloadPayload=1024 bytes}"
5g-sender,1783014705891256473,edge4av-real-20260702-multiclient-scalability-run-3,p5g-scale-mqtt-payload-1024-clients-100,scale,guided-planning,mqtt,veh-83,veh-83,rsu-1,p5g-scale-mqtt-payload-1024-clients-100-veh-83-83,ipi-session-1,multiclient-scalability-run-3,veh-83,83,100-clients,default,stationary,unsynced,true,true,clients,100,count,IPI-CooperativeService,1097,1783014705799783547,1783014641057941773,1783014641057999223,1783014705891256473,91.473,,0.057,64833.257,"CooperativeService{guidedPlanning, status=request, vehicleId=0x7665682d3833, requestedHorizonMs=2500, confidence=100, planning.waypoints=1, offloadTaskId=probe-83, offloadPayload=1024 bytes}"
5g-sender,1783014706205416235,edge4av-real-20260702-multiclient-scalability-run-3,p5g-scale-mqtt-payload-1024-clients-100,scale,guided-planning,mqtt,veh-83,veh-83,rsu-1,p5g-scale-mqtt-payload-1024-clients-100-veh-83-84,ipi-session-1,multiclient-scalability-run-3,veh-83,84,100-clients,default,stationary,unsynced,true,true,clients,100,count,IPI-CooperativeService,1097,1783014706091408170,1783014641359801925,1783014641359845590,1783014706205416235,114.008,,0.044,64845.571,"CooperativeService{guidedPlanning, status=request, vehicleId=0x7665682d3833, requestedHorizonMs=2500, confidence=100, planning.waypoints=1, offloadTaskId=probe-84, offloadPayload=1024 bytes}"
5g-sender,1783014706485470616,edge4av-real-20260702-multiclient-scalability-run-3,p5g-scale-mqtt-payload-1024-clients-100,scale,guided-planning,mqtt,veh-83,veh-83,rsu-1,p5g-scale-mqtt-payload-1024-clients-100-veh-83-85,ipi-session-1,multiclient-scalability-run-3,veh-83,85,100-clients,default,stationary,unsynced,true,true,clients,100,count,IPI-CooperativeService,1097,1783014706405589855,1783014641650645199,1783014641650701883,1783014706485470616,79.881,,0.057,64834.769,"CooperativeService{guidedPlanning, status=request, vehicleId=0x7665682d3833, requestedHorizonMs=2500, confidence=100, planning.waypoints=1, offloadTaskId=probe-85, offloadPayload=1024 bytes}"
5g-sender,1783014706763174208,edge4av-real-20260702-multiclient-scalability-run-3,p5g-scale-mqtt-payload-1024-clients-100,scale,guided-planning,mqtt,veh-83,veh-83,rsu-1,p5g-scale-mqtt-payload-1024-clients-100-veh-83-86,ipi-session-1,multiclient-scalability-run-3,veh-83,86,100-clients,default,stationary,unsynced,true,true,clients,100,count,IPI-CooperativeService,1097,1783014706685638722,1783014641929199908,1783014641929251035,1783014706763174208,77.535,,0.051,64833.923,"CooperativeService{guidedPlanning, status=request, vehicleId=0x7665682d3833, requestedHorizonMs=2500, confidence=100, planning.waypoints=1, offloadTaskId=probe-86, offloadPayload=1024 bytes}"
5g-sender,1783014707019275908,edge4av-real-20260702-multiclient-scalability-run-3,p5g-scale-mqtt-payload-1024-clients-100,scale,guided-planning,mqtt,veh-83,veh-83,rsu-1,p5g-scale-mqtt-payload-1024-clients-100-veh-83-87,ipi-session-1,multiclient-scalability-run-3,veh-83,87,100-clients,default,stationary,unsynced,true,true,clients,100,count,IPI-CooperativeService,1097,1783014706963373018,1783014642180557303,1783014642180614254,1783014707019275908,55.903,,0.057,64838.662,"CooperativeService{guidedPlanning, status=request, vehicleId=0x7665682d3833, requestedHorizonMs=2500, confidence=100, planning.waypoints=1, offloadTaskId=probe-87, offloadPayload=1024 bytes}"
5g-sender,1783014707255453668,edge4av-real-20260702-multiclient-scalability-run-3,p5g-scale-mqtt-payload-1024-clients-100,scale,guided-planning,mqtt,veh-83,veh-83,rsu-1,p5g-scale-mqtt-payload-1024-clients-100-veh-83-88,ipi-session-1,multiclient-scalability-run-3,veh-83,88,100-clients,default,stationary,unsynced,true,true,clients,100,count,IPI-CooperativeService,1097,1783014707219449324,1783014642420756535,1783014642420800966,1783014707255453668,36.004,,0.044,64834.653,"CooperativeService{guidedPlanning, status=request, vehicleId=0x7665682d3833, requestedHorizonMs=2500, confidence=100, planning.waypoints=1, offloadTaskId=probe-88, offloadPayload=1024 bytes}"
5g-sender,1783014707525520161,edge4av-real-20260702-multiclient-scalability-run-3,p5g-scale-mqtt-payload-1024-clients-100,scale,guided-planning,mqtt,veh-83,veh-83,rsu-1,p5g-scale-mqtt-payload-1024-clients-100-veh-83-89,ipi-session-1,multiclient-scalability-run-3,veh-83,89,100-clients,default,stationary,unsynced,true,true,clients,100,count,IPI-CooperativeService,1097,1783014707455638348,1783014642692521323,1783014642692578774,1783014707525520161,69.882,,0.057,64832.941,"CooperativeService{guidedPlanning, status=request, vehicleId=0x7665682d3833, requestedHorizonMs=2500, confidence=100, planning.waypoints=1, offloadTaskId=probe-89, offloadPayload=1024 bytes}"
5g-sender,1783014707819238971,edge4av-real-20260702-multiclient-scalability-run-3,p5g-scale-mqtt-payload-1024-clients-100,scale,guided-planning,mqtt,veh-83,veh-83,rsu-1,p5g-scale-mqtt-payload-1024-clients-100-veh-83-90,ipi-session-1,multiclient-scalability-run-3,veh-83,90,100-clients,default,stationary,unsynced,true,true,clients,100,count,IPI-CooperativeService,1097,1783014707725671566,1783014642982327530,1783014642982371188,1783014707819238971,93.567,,0.044,64836.868,"CooperativeService{guidedPlanning, status=request, vehicleId=0x7665682d3833, requestedHorizonMs=2500, confidence=100, planning.waypoints=1, offloadTaskId=probe-90, offloadPayload=1024 bytes}"
5g-sender,1783014708079216484,edge4av-real-20260702-multiclient-scalability-run-3,p5g-scale-mqtt-payload-1024-clients-100,scale,guided-planning,mqtt,veh-83,veh-83,rsu-1,p5g-scale-mqtt-payload-1024-clients-100-veh-83-91,ipi-session-1,multiclient-scalability-run-3,veh-83,91,100-clients,default,stationary,unsynced,true,true,clients,100,count,IPI-CooperativeService,1097,1783014708019452564,1783014643245028535,1783014643245081532,1783014708079216484,59.764,,0.053,64834.135,"CooperativeService{guidedPlanning, status=request, vehicleId=0x7665682d3833, requestedHorizonMs=2500, confidence=100, planning.waypoints=1, offloadTaskId=probe-91, offloadPayload=1024 bytes}"
5g-sender,1783014708339279862,edge4av-real-20260702-multiclient-scalability-run-3,p5g-scale-mqtt-payload-1024-clients-100,scale,guided-planning,mqtt,veh-83,veh-83,rsu-1,p5g-scale-mqtt-payload-1024-clients-100-veh-83-92,ipi-session-1,multiclient-scalability-run-3,veh-83,92,100-clients,default,stationary,unsynced,true,true,clients,100,count,IPI-CooperativeService,1097,1783014708279369033,1783014643501603916,1783014643501656448,1783014708339279862,59.911,,0.053,64837.623,"CooperativeService{guidedPlanning, status=request, vehicleId=0x7665682d3833, requestedHorizonMs=2500, confidence=100, planning.waypoints=1, offloadTaskId=probe-92, offloadPayload=1024 bytes}"
5g-sender,1783014708607289486,edge4av-real-20260702-multiclient-scalability-run-3,p5g-scale-mqtt-payload-1024-clients-100,scale,guided-planning,mqtt,veh-83,veh-83,rsu-1,p5g-scale-mqtt-payload-1024-clients-100-veh-83-93,ipi-session-1,multiclient-scalability-run-3,veh-83,93,100-clients,default,stationary,unsynced,true,true,clients,100,count,IPI-CooperativeService,1097,1783014708539534569,1783014643773510425,1783014643773554222,1783014708607289486,67.755,,0.044,64833.735,"CooperativeService{guidedPlanning, status=request, vehicleId=0x7665682d3833, requestedHorizonMs=2500, confidence=100, planning.waypoints=1, offloadTaskId=probe-93, offloadPayload=1024 bytes}"
5g-sender,1783014708889263409,edge4av-real-20260702-multiclient-scalability-run-3,p5g-scale-mqtt-payload-1024-clients-100,scale,guided-planning,mqtt,veh-83,veh-83,rsu-1,p5g-scale-mqtt-payload-1024-clients-100-veh-83-94,ipi-session-1,multiclient-scalability-run-3,veh-83,94,100-clients,default,stationary,unsynced,true,true,clients,100,count,IPI-CooperativeService,1097,1783014708807457202,1783014644053528209,1783014644053572170,1783014708889263409,81.806,,0.044,64835.691,"CooperativeService{guidedPlanning, status=request, vehicleId=0x7665682d3833, requestedHorizonMs=2500, confidence=100, planning.waypoints=1, offloadTaskId=probe-94, offloadPayload=1024 bytes}"
5g-sender,1783014709151516927,edge4av-real-20260702-multiclient-scalability-run-3,p5g-scale-mqtt-payload-1024-clients-100,scale,guided-planning,mqtt,veh-83,veh-83,rsu-1,p5g-scale-mqtt-payload-1024-clients-100-veh-83-95,ipi-session-1,multiclient-scalability-run-3,veh-83,95,100-clients,default,stationary,unsynced,true,true,clients,100,count,IPI-CooperativeService,1097,1783014709089372945,1783014644313935214,1783014644313977369,1783014709151516927,62.144,,0.042,64837.540,"CooperativeService{guidedPlanning, status=request, vehicleId=0x7665682d3833, requestedHorizonMs=2500, confidence=100, planning.waypoints=1, offloadTaskId=probe-95, offloadPayload=1024 bytes}"
5g-sender,1783014709443481415,edge4av-real-20260702-multiclient-scalability-run-3,p5g-scale-mqtt-payload-1024-clients-100,scale,guided-planning,mqtt,veh-83,veh-83,rsu-1,p5g-scale-mqtt-payload-1024-clients-100-veh-83-96,ipi-session-1,multiclient-scalability-run-3,veh-83,96,100-clients,default,stationary,unsynced,true,true,clients,100,count,IPI-CooperativeService,1097,1783014709351657898,1783014644604607694,1783014644604651086,1783014709443481415,91.824,,0.043,64838.830,"CooperativeService{guidedPlanning, status=request, vehicleId=0x7665682d3833, requestedHorizonMs=2500, confidence=100, planning.waypoints=1, offloadTaskId=probe-96, offloadPayload=1024 bytes}"
5g-sender,1783014709687380169,edge4av-real-20260702-multiclient-scalability-run-3,p5g-scale-mqtt-payload-1024-clients-100,scale,guided-planning,mqtt,veh-83,veh-83,rsu-1,p5g-scale-mqtt-payload-1024-clients-100-veh-83-97,ipi-session-1,multiclient-scalability-run-3,veh-83,97,100-clients,default,stationary,unsynced,true,true,clients,100,count,IPI-CooperativeService,1097,1783014709643624750,1783014644854638303,1783014644854699830,1783014709687380169,43.755,,0.062,64832.680,"CooperativeService{guidedPlanning, status=request, vehicleId=0x7665682d3833, requestedHorizonMs=2500, confidence=100, planning.waypoints=1, offloadTaskId=probe-97, offloadPayload=1024 bytes}"
5g-sender,1783014710017239462,edge4av-real-20260702-multiclient-scalability-run-3,p5g-scale-mqtt-payload-1024-clients-100,scale,guided-planning,mqtt,veh-83,veh-83,rsu-1,p5g-scale-mqtt-payload-1024-clients-100-veh-83-98,ipi-session-1,multiclient-scalability-run-3,veh-83,98,100-clients,default,stationary,unsynced,true,true,clients,100,count,IPI-CooperativeService,1097,1783014709887526735,1783014645184886061,1783014645184930604,1783014710017239462,129.713,,0.045,64832.309,"CooperativeService{guidedPlanning, status=request, vehicleId=0x7665682d3833, requestedHorizonMs=2500, confidence=100, planning.waypoints=1, offloadTaskId=probe-98, offloadPayload=1024 bytes}"
5g-sender,1783014710299219959,edge4av-real-20260702-multiclient-scalability-run-3,p5g-scale-mqtt-payload-1024-clients-100,scale,guided-planning,mqtt,veh-83,veh-83,rsu-1,p5g-scale-mqtt-payload-1024-clients-100-veh-83-99,ipi-session-1,multiclient-scalability-run-3,veh-83,99,100-clients,default,stationary,unsynced,true,true,clients,100,count,IPI-CooperativeService,1097,1783014710217443535,1783014645464775823,1783014645464832588,1783014710299219959,81.776,,0.057,64834.387,"CooperativeService{guidedPlanning, status=request, vehicleId=0x7665682d3833, requestedHorizonMs=2500, confidence=100, planning.waypoints=1, offloadTaskId=probe-99, offloadPayload=1024 bytes}"
5g-sender,1783014710553239556,edge4av-real-20260702-multiclient-scalability-run-3,p5g-scale-mqtt-payload-1024-clients-100,scale,guided-planning,mqtt,veh-83,veh-83,rsu-1,p5g-scale-mqtt-payload-1024-clients-100-veh-83-100,ipi-session-1,multiclient-scalability-run-3,veh-83,100,100-clients,default,stationary,unsynced,true,true,clients,100,count,IPI-CooperativeService,1098,1783014710499361154,1783014645716098881,1783014645716143194,1783014710553239556,53.878,,0.044,64837.096,"CooperativeService{guidedPlanning, status=request, vehicleId=0x7665682d3833, requestedHorizonMs=2500, confidence=100, planning.waypoints=1, offloadTaskId=probe-100, offloadPayload=1024 bytes}"
5g-sender,1783014710821226609,edge4av-real-20260702-multiclient-scalability-run-3,p5g-scale-mqtt-payload-1024-clients-100,scale,guided-planning,mqtt,veh-83,veh-83,rsu-1,p5g-scale-mqtt-payload-1024-clients-100-veh-83-101,ipi-session-1,multiclient-scalability-run-3,veh-83,101,100-clients,default,stationary,unsynced,true,true,clients,100,count,IPI-CooperativeService,1098,1783014710753367871,1783014645986340227,1783014645986387114,1783014710821226609,67.859,,0.047,64834.839,"CooperativeService{guidedPlanning, status=request, vehicleId=0x7665682d3833, requestedHorizonMs=2500, confidence=100, planning.waypoints=1, offloadTaskId=probe-101, offloadPayload=1024 bytes}"
5g-sender,1783014711101299926,edge4av-real-20260702-multiclient-scalability-run-3,p5g-scale-mqtt-payload-1024-clients-100,scale,guided-planning,mqtt,veh-83,veh-83,rsu-1,p5g-scale-mqtt-payload-1024-clients-100-veh-83-102,ipi-session-1,multiclient-scalability-run-3,veh-83,102,100-clients,default,stationary,unsynced,true,true,clients,100,count,IPI-CooperativeService,1098,1783014711021367902,1783014646266130027,1783014646266188437,1783014711101299926,79.932,,0.058,64835.111,"CooperativeService{guidedPlanning, status=request, vehicleId=0x7665682d3833, requestedHorizonMs=2500, confidence=100, planning.waypoints=1, offloadTaskId=probe-102, offloadPayload=1024 bytes}"
5g-sender,1783014711381374373,edge4av-real-20260702-multiclient-scalability-run-3,p5g-scale-mqtt-payload-1024-clients-100,scale,guided-planning,mqtt,veh-83,veh-83,rsu-1,p5g-scale-mqtt-payload-1024-clients-100-veh-83-103,ipi-session-1,multiclient-scalability-run-3,veh-83,103,100-clients,default,stationary,unsynced,true,true,clients,100,count,IPI-CooperativeService,1098,1783014711301509019,1783014646547620659,1783014646547664390,1783014711381374373,79.865,,0.044,64833.710,"CooperativeService{guidedPlanning, status=request, vehicleId=0x7665682d3833, requestedHorizonMs=2500, confidence=100, planning.waypoints=1, offloadTaskId=probe-103, offloadPayload=1024 bytes}"
5g-sender,1783014711657740957,edge4av-real-20260702-multiclient-scalability-run-3,p5g-scale-mqtt-payload-1024-clients-100,scale,guided-planning,mqtt,veh-83,veh-83,rsu-1,p5g-scale-mqtt-payload-1024-clients-100-veh-83-104,ipi-session-1,multiclient-scalability-run-3,veh-83,104,100-clients,default,stationary,unsynced,true,true,clients,100,count,IPI-CooperativeService,1098,1783014711581521978,1783014646817457656,1783014646817519901,1783014711657740957,76.219,,0.062,64840.221,"CooperativeService{guidedPlanning, status=request, vehicleId=0x7665682d3833, requestedHorizonMs=2500, confidence=100, planning.waypoints=1, offloadTaskId=probe-104, offloadPayload=1024 bytes}"
5g-sender,1783014711961317851,edge4av-real-20260702-multiclient-scalability-run-3,p5g-scale-mqtt-payload-1024-clients-100,scale,guided-planning,mqtt,veh-83,veh-83,rsu-1,p5g-scale-mqtt-payload-1024-clients-100-veh-83-105,ipi-session-1,multiclient-scalability-run-3,veh-83,105,100-clients,default,stationary,unsynced,true,true,clients,100,count,IPI-CooperativeService,1098,1783014711857930507,1783014647129697060,1783014647129752786,1783014711961317851,103.387,,0.056,64831.565,"CooperativeService{guidedPlanning, status=request, vehicleId=0x7665682d3833, requestedHorizonMs=2500, confidence=100, planning.waypoints=1, offloadTaskId=probe-105, offloadPayload=1024 bytes}"
5g-sender,1783014712221432971,edge4av-real-20260702-multiclient-scalability-run-3,p5g-scale-mqtt-payload-1024-clients-100,scale,guided-planning,mqtt,veh-83,veh-83,rsu-1,p5g-scale-mqtt-payload-1024-clients-100-veh-83-106,ipi-session-1,multiclient-scalability-run-3,veh-83,106,100-clients,default,stationary,unsynced,true,true,clients,100,count,IPI-CooperativeService,1098,1783014712161476546,1783014647388932515,1783014647388976002,1783014712221432971,59.956,,0.043,64832.457,"CooperativeService{guidedPlanning, status=request, vehicleId=0x7665682d3833, requestedHorizonMs=2500, confidence=100, planning.waypoints=1, offloadTaskId=probe-106, offloadPayload=1024 bytes}"
5g-sender,1783014712517385188,edge4av-real-20260702-multiclient-scalability-run-3,p5g-scale-mqtt-payload-1024-clients-100,scale,guided-planning,mqtt,veh-83,veh-83,rsu-1,p5g-scale-mqtt-payload-1024-clients-100-veh-83-107,ipi-session-1,multiclient-scalability-run-3,veh-83,107,100-clients,default,stationary,unsynced,true,true,clients,100,count,IPI-CooperativeService,1098,1783014712421572680,1783014647678127121,1783014647678170823,1783014712517385188,95.813,,0.044,64839.214,"CooperativeService{guidedPlanning, status=request, vehicleId=0x7665682d3833, requestedHorizonMs=2500, confidence=100, planning.waypoints=1, offloadTaskId=probe-107, offloadPayload=1024 bytes}"
5g-sender,1783014712773305388,edge4av-real-20260702-multiclient-scalability-run-3,p5g-scale-mqtt-payload-1024-clients-100,scale,guided-planning,mqtt,veh-83,veh-83,rsu-1,p5g-scale-mqtt-payload-1024-clients-100-veh-83-108,ipi-session-1,multiclient-scalability-run-3,veh-83,108,100-clients,default,stationary,unsynced,true,true,clients,100,count,IPI-CooperativeService,1098,1783014712717527053,1783014647940204889,1783014647940248230,1783014712773305388,55.778,,0.043,64833.057,"CooperativeService{guidedPlanning, status=request, vehicleId=0x7665682d3833, requestedHorizonMs=2500, confidence=100, planning.waypoints=1, offloadTaskId=probe-108, offloadPayload=1024 bytes}"
5g-sender,1783014713021370429,edge4av-real-20260702-multiclient-scalability-run-3,p5g-scale-mqtt-payload-1024-clients-100,scale,guided-planning,mqtt,veh-83,veh-83,rsu-1,p5g-scale-mqtt-payload-1024-clients-100-veh-83-109,ipi-session-1,multiclient-scalability-run-3,veh-83,109,100-clients,default,stationary,unsynced,true,true,clients,100,count,IPI-CooperativeService,1098,1783014712973478773,1783014648180027886,1783014648180085679,1783014713021370429,47.892,,0.058,64841.285,"CooperativeService{guidedPlanning, status=request, vehicleId=0x7665682d3833, requestedHorizonMs=2500, confidence=100, planning.waypoints=1, offloadTaskId=probe-109, offloadPayload=1024 bytes}"
5g-sender,1783014713263111713,edge4av-real-20260702-multiclient-scalability-run-3,p5g-scale-mqtt-payload-1024-clients-100,scale,guided-planning,mqtt,veh-83,veh-83,rsu-1,p5g-scale-mqtt-payload-1024-clients-100-veh-83-110,ipi-session-1,multiclient-scalability-run-3,veh-83,110,100-clients,default,stationary,unsynced,true,true,clients,100,count,IPI-CooperativeService,1098,1783014713221515507,1783014648429817453,1783014648429861785,1783014713263111713,41.596,,0.044,64833.250,"CooperativeService{guidedPlanning, status=request, vehicleId=0x7665682d3833, requestedHorizonMs=2500, confidence=100, planning.waypoints=1, offloadTaskId=probe-110, offloadPayload=1024 bytes}"
5g-sender,1783014713535269807,edge4av-real-20260702-multiclient-scalability-run-3,p5g-scale-mqtt-payload-1024-clients-100,scale,guided-planning,mqtt,veh-83,veh-83,rsu-1,p5g-scale-mqtt-payload-1024-clients-100-veh-83-111,ipi-session-1,multiclient-scalability-run-3,veh-83,111,100-clients,default,stationary,unsynced,true,true,clients,100,count,IPI-CooperativeService,1098,1783014713463299266,1783014648700844058,1783014648700906525,1783014713535269807,71.971,,0.062,64834.363,"CooperativeService{guidedPlanning, status=request, vehicleId=0x7665682d3833, requestedHorizonMs=2500, confidence=100, planning.waypoints=1, offloadTaskId=probe-111, offloadPayload=1024 bytes}"
5g-sender,1783014713883335866,edge4av-real-20260702-multiclient-scalability-run-3,p5g-scale-mqtt-payload-1024-clients-100,scale,guided-planning,mqtt,veh-83,veh-83,rsu-1,p5g-scale-mqtt-payload-1024-clients-100-veh-83-112,ipi-session-1,multiclient-scalability-run-3,veh-83,112,100-clients,default,stationary,unsynced,true,true,clients,100,count,IPI-CooperativeService,1098,1783014713735423979,1783014649050975349,1783014649051025269,1783014713883335866,147.912,,0.050,64832.311,"CooperativeService{guidedPlanning, status=request, vehicleId=0x7665682d3833, requestedHorizonMs=2500, confidence=100, planning.waypoints=1, offloadTaskId=probe-112, offloadPayload=1024 bytes}"
5g-sender,1783014714721386509,edge4av-real-20260702-multiclient-scalability-run-3,p5g-scale-mqtt-payload-1024-clients-100,scale,guided-planning,mqtt,veh-83,veh-83,rsu-1,p5g-scale-mqtt-payload-1024-clients-100-veh-83-113,ipi-session-1,multiclient-scalability-run-3,veh-83,113,100-clients,default,stationary,unsynced,true,true,clients,100,count,IPI-CooperativeService,1098,1783014714083496711,1783014649882283604,1783014649882334705,1783014714721386509,637.890,,0.051,64839.052,"CooperativeService{guidedPlanning, status=request, vehicleId=0x7665682d3833, requestedHorizonMs=2500, confidence=100, planning.waypoints=1, offloadTaskId=probe-113, offloadPayload=1024 bytes}"
5g-sender,1783014715005121957,edge4av-real-20260702-multiclient-scalability-run-3,p5g-scale-mqtt-payload-1024-clients-100,scale,guided-planning,mqtt,veh-83,veh-83,rsu-1,p5g-scale-mqtt-payload-1024-clients-100-veh-83-114,ipi-session-1,multiclient-scalability-run-3,veh-83,114,100-clients,default,stationary,unsynced,true,true,clients,100,count,IPI-CooperativeService,1098,1783014714921531754,1783014650173250109,1783014650173293525,1783014715005121957,83.590,,0.043,64831.828,"CooperativeService{guidedPlanning, status=request, vehicleId=0x7665682d3833, requestedHorizonMs=2500, confidence=100, planning.waypoints=1, offloadTaskId=probe-114, offloadPayload=1024 bytes}"
5g-sender,1783014715285382005,edge4av-real-20260702-multiclient-scalability-run-3,p5g-scale-mqtt-payload-1024-clients-100,scale,guided-planning,mqtt,veh-83,veh-83,rsu-1,p5g-scale-mqtt-payload-1024-clients-100-veh-83-115,ipi-session-1,multiclient-scalability-run-3,veh-83,115,100-clients,default,stationary,unsynced,true,true,clients,100,count,IPI-CooperativeService,1098,1783014715205266735,1783014650453087529,1783014650453142368,1783014715285382005,80.115,,0.055,64832.240,"CooperativeService{guidedPlanning, status=request, vehicleId=0x7665682d3833, requestedHorizonMs=2500, confidence=100, planning.waypoints=1, offloadTaskId=probe-115, offloadPayload=1024 bytes}"
5g-sender,1783014715637424540,edge4av-real-20260702-multiclient-scalability-run-3,p5g-scale-mqtt-payload-1024-clients-100,scale,guided-planning,mqtt,veh-83,veh-83,rsu-1,p5g-scale-mqtt-payload-1024-clients-100-veh-83-116,ipi-session-1,multiclient-scalability-run-3,veh-83,116,100-clients,default,stationary,unsynced,true,true,clients,100,count,IPI-CooperativeService,1098,1783014715485527400,1783014650804263458,1783014650804314398,1783014715637424540,151.897,,0.051,64833.110,"CooperativeService{guidedPlanning, status=request, vehicleId=0x7665682d3833, requestedHorizonMs=2500, confidence=100, planning.waypoints=1, offloadTaskId=probe-116, offloadPayload=1024 bytes}"
5g-sender,1783014715949385106,edge4av-real-20260702-multiclient-scalability-run-3,p5g-scale-mqtt-payload-1024-clients-100,scale,guided-planning,mqtt,veh-83,veh-83,rsu-1,p5g-scale-mqtt-payload-1024-clients-100-veh-83-117,ipi-session-1,multiclient-scalability-run-3,veh-83,117,100-clients,default,stationary,unsynced,true,true,clients,100,count,IPI-CooperativeService,1098,1783014715837564441,1783014651114547820,1783014651114600556,1783014715949385106,111.821,,0.053,64834.785,"CooperativeService{guidedPlanning, status=request, vehicleId=0x7665682d3833, requestedHorizonMs=2500, confidence=100, planning.waypoints=1, offloadTaskId=probe-117, offloadPayload=1024 bytes}"
5g-sender,1783014716257400779,edge4av-real-20260702-multiclient-scalability-run-3,p5g-scale-mqtt-payload-1024-clients-100,scale,guided-planning,mqtt,veh-83,veh-83,rsu-1,p5g-scale-mqtt-payload-1024-clients-100-veh-83-118,ipi-session-1,multiclient-scalability-run-3,veh-83,118,100-clients,default,stationary,unsynced,true,true,clients,100,count,IPI-CooperativeService,1098,1783014716149579949,1783014651425248081,1783014651425311994,1783014716257400779,107.821,,0.064,64832.089,"CooperativeService{guidedPlanning, status=request, vehicleId=0x7665682d3833, requestedHorizonMs=2500, confidence=100, planning.waypoints=1, offloadTaskId=probe-118, offloadPayload=1024 bytes}"
5g-sender,1783014716615381605,edge4av-real-20260702-multiclient-scalability-run-3,p5g-scale-mqtt-payload-1024-clients-100,scale,guided-planning,mqtt,veh-83,veh-83,rsu-1,p5g-scale-mqtt-payload-1024-clients-100-veh-83-119,ipi-session-1,multiclient-scalability-run-3,veh-83,119,100-clients,default,stationary,unsynced,true,true,clients,100,count,IPI-CooperativeService,1098,1783014716457573994,1783014651775525827,1783014651775576687,1783014716615381605,157.808,,0.051,64839.805,"CooperativeService{guidedPlanning, status=request, vehicleId=0x7665682d3833, requestedHorizonMs=2500, confidence=100, planning.waypoints=1, offloadTaskId=probe-119, offloadPayload=1024 bytes}"
5g-sender,1783014716969297928,edge4av-real-20260702-multiclient-scalability-run-3,p5g-scale-mqtt-payload-1024-clients-100,scale,guided-planning,mqtt,veh-83,veh-83,rsu-1,p5g-scale-mqtt-payload-1024-clients-100-veh-83-120,ipi-session-1,multiclient-scalability-run-3,veh-83,120,100-clients,default,stationary,unsynced,true,true,clients,100,count,IPI-CooperativeService,1098,1783014716815534303,1783014652136418110,1783014652136469115,1783014716969297928,153.764,,0.051,64832.829,"CooperativeService{guidedPlanning, status=request, vehicleId=0x7665682d3833, requestedHorizonMs=2500, confidence=100, planning.waypoints=1, offloadTaskId=probe-120, offloadPayload=1024 bytes}"
5g-sender,1783014717273366882,edge4av-real-20260702-multiclient-scalability-run-3,p5g-scale-mqtt-payload-1024-clients-100,scale,guided-planning,mqtt,veh-83,veh-83,rsu-1,p5g-scale-mqtt-payload-1024-clients-100-veh-83-121,ipi-session-1,multiclient-scalability-run-3,veh-83,121,100-clients,default,stationary,unsynced,true,true,clients,100,count,IPI-CooperativeService,1098,1783014717169471650,1783014652437608551,1783014652437652073,1783014717273366882,103.895,,0.044,64835.715,"CooperativeService{guidedPlanning, status=request, vehicleId=0x7665682d3833, requestedHorizonMs=2500, confidence=100, planning.waypoints=1, offloadTaskId=probe-121, offloadPayload=1024 bytes}"
5g-sender,1783014717641302534,edge4av-real-20260702-multiclient-scalability-run-3,p5g-scale-mqtt-payload-1024-clients-100,scale,guided-planning,mqtt,veh-83,veh-83,rsu-1,p5g-scale-mqtt-payload-1024-clients-100-veh-83-122,ipi-session-1,multiclient-scalability-run-3,veh-83,122,100-clients,default,stationary,unsynced,true,true,clients,100,count,IPI-CooperativeService,1098,1783014717473513040,1783014652807726647,1783014652807789336,1783014717641302534,167.789,,0.063,64833.513,"CooperativeService{guidedPlanning, status=request, vehicleId=0x7665682d3833, requestedHorizonMs=2500, confidence=100, planning.waypoints=1, offloadTaskId=probe-122, offloadPayload=1024 bytes}"
5g-sender,1783014717963444579,edge4av-real-20260702-multiclient-scalability-run-3,p5g-scale-mqtt-payload-1024-clients-100,scale,guided-planning,mqtt,veh-83,veh-83,rsu-1,p5g-scale-mqtt-payload-1024-clients-100-veh-83-123,ipi-session-1,multiclient-scalability-run-3,veh-83,123,100-clients,default,stationary,unsynced,true,true,clients,100,count,IPI-CooperativeService,1098,1783014717841488058,1783014653129212987,1783014653129256245,1783014717963444579,121.957,,0.043,64834.188,"CooperativeService{guidedPlanning, status=request, vehicleId=0x7665682d3833, requestedHorizonMs=2500, confidence=100, planning.waypoints=1, offloadTaskId=probe-123, offloadPayload=1024 bytes}"
5g-sender,1783014718313382534,edge4av-real-20260702-multiclient-scalability-run-3,p5g-scale-mqtt-payload-1024-clients-100,scale,guided-planning,mqtt,veh-83,veh-83,rsu-1,p5g-scale-mqtt-payload-1024-clients-100-veh-83-124,ipi-session-1,multiclient-scalability-run-3,veh-83,124,100-clients,default,stationary,unsynced,true,true,clients,100,count,IPI-CooperativeService,1098,1783014718163634937,1783014653469067587,1783014653469111632,1783014718313382534,149.748,,0.044,64844.271,"CooperativeService{guidedPlanning, status=request, vehicleId=0x7665682d3833, requestedHorizonMs=2500, confidence=100, planning.waypoints=1, offloadTaskId=probe-124, offloadPayload=1024 bytes}"
5g-sender,1783014718655380952,edge4av-real-20260702-multiclient-scalability-run-3,p5g-scale-mqtt-payload-1024-clients-100,scale,guided-planning,mqtt,veh-83,veh-83,rsu-1,p5g-scale-mqtt-payload-1024-clients-100-veh-83-125,ipi-session-1,multiclient-scalability-run-3,veh-83,125,100-clients,default,stationary,unsynced,true,true,clients,100,count,IPI-CooperativeService,1098,1783014718513523182,1783014653819250247,1783014653819303545,1783014718655380952,141.858,,0.053,64836.077,"CooperativeService{guidedPlanning, status=request, vehicleId=0x7665682d3833, requestedHorizonMs=2500, confidence=100, planning.waypoints=1, offloadTaskId=probe-125, offloadPayload=1024 bytes}"
5g-sender,1783014719005495809,edge4av-real-20260702-multiclient-scalability-run-3,p5g-scale-mqtt-payload-1024-clients-100,scale,guided-planning,mqtt,veh-83,veh-83,rsu-1,p5g-scale-mqtt-payload-1024-clients-100-veh-83-126,ipi-session-1,multiclient-scalability-run-3,veh-83,126,100-clients,default,stationary,unsynced,true,true,clients,100,count,IPI-CooperativeService,1098,1783014718855524330,1783014654170072144,1783014654170115821,1783014719005495809,149.971,,0.044,64835.380,"CooperativeService{guidedPlanning, status=request, vehicleId=0x7665682d3833, requestedHorizonMs=2500, confidence=100, planning.waypoints=1, offloadTaskId=probe-126, offloadPayload=1024 bytes}"
5g-sender,1783014719313532904,edge4av-real-20260702-multiclient-scalability-run-3,p5g-scale-mqtt-payload-1024-clients-100,scale,guided-planning,mqtt,veh-83,veh-83,rsu-1,p5g-scale-mqtt-payload-1024-clients-100-veh-83-127,ipi-session-1,multiclient-scalability-run-3,veh-83,127,100-clients,default,stationary,unsynced,true,true,clients,100,count,IPI-CooperativeService,1098,1783014719205667070,1783014654480791689,1783014654480849084,1783014719313532904,107.866,,0.057,64832.684,"CooperativeService{guidedPlanning, status=request, vehicleId=0x7665682d3833, requestedHorizonMs=2500, confidence=100, planning.waypoints=1, offloadTaskId=probe-127, offloadPayload=1024 bytes}"
5g-sender,1783014719685314554,edge4av-real-20260702-multiclient-scalability-run-3,p5g-scale-mqtt-payload-1024-clients-100,scale,guided-planning,mqtt,veh-83,veh-83,rsu-1,p5g-scale-mqtt-payload-1024-clients-100-veh-83-128,ipi-session-1,multiclient-scalability-run-3,veh-83,128,100-clients,default,stationary,unsynced,true,true,clients,100,count,IPI-CooperativeService,1098,1783014719513674785,1783014654850807356,1783014654850860205,1783014719685314554,171.640,,0.053,64834.454,"CooperativeService{guidedPlanning, status=request, vehicleId=0x7665682d3833, requestedHorizonMs=2500, confidence=100, planning.waypoints=1, offloadTaskId=probe-128, offloadPayload=1024 bytes}"
5g-sender,1783014720045388541,edge4av-real-20260702-multiclient-scalability-run-3,p5g-scale-mqtt-payload-1024-clients-100,scale,guided-planning,mqtt,veh-83,veh-83,rsu-1,p5g-scale-mqtt-payload-1024-clients-100-veh-83-129,ipi-session-1,multiclient-scalability-run-3,veh-83,129,100-clients,default,stationary,unsynced,true,true,clients,100,count,IPI-CooperativeService,1098,1783014719885477989,1783014655211543977,1783014655211595817,1783014720045388541,159.911,,0.052,64833.793,"CooperativeService{guidedPlanning, status=request, vehicleId=0x7665682d3833, requestedHorizonMs=2500, confidence=100, planning.waypoints=1, offloadTaskId=probe-129, offloadPayload=1024 bytes}"
5g-sender,1783014720789297102,edge4av-real-20260702-multiclient-scalability-run-3,p5g-scale-mqtt-payload-1024-clients-100,scale,guided-planning,mqtt,veh-83,veh-83,rsu-1,p5g-scale-mqtt-payload-1024-clients-100-veh-83-130,ipi-session-1,multiclient-scalability-run-3,veh-83,130,100-clients,default,stationary,unsynced,true,true,clients,100,count,IPI-CooperativeService,1098,1783014720245582010,1783014655953151674,1783014655953217914,1783014720789297102,543.715,,0.066,64836.079,"CooperativeService{guidedPlanning, status=request, vehicleId=0x7665682d3833, requestedHorizonMs=2500, confidence=100, planning.waypoints=1, offloadTaskId=probe-130, offloadPayload=1024 bytes}"
5g-sender,1783014721059390573,edge4av-real-20260702-multiclient-scalability-run-3,p5g-scale-mqtt-payload-1024-clients-100,scale,guided-planning,mqtt,veh-83,veh-83,rsu-1,p5g-scale-mqtt-payload-1024-clients-100-veh-83-131,ipi-session-1,multiclient-scalability-run-3,veh-83,131,100-clients,default,stationary,unsynced,true,true,clients,100,count,IPI-CooperativeService,1098,1783014720989464610,1783014656222842866,1783014656222886809,1783014721059390573,69.926,,0.044,64836.504,"CooperativeService{guidedPlanning, status=request, vehicleId=0x7665682d3833, requestedHorizonMs=2500, confidence=100, planning.waypoints=1, offloadTaskId=probe-131, offloadPayload=1024 bytes}"
5g-sender,1783014721322842990,edge4av-real-20260702-multiclient-scalability-run-3,p5g-scale-mqtt-payload-1024-clients-100,scale,guided-planning,mqtt,veh-83,veh-83,rsu-1,p5g-scale-mqtt-payload-1024-clients-100-veh-83-132,ipi-session-1,multiclient-scalability-run-3,veh-83,132,100-clients,default,stationary,unsynced,true,true,clients,100,count,IPI-CooperativeService,1098,1783014721259534293,1783014656483878625,1783014656483936136,1783014721322842990,63.309,,0.058,64838.907,"CooperativeService{guidedPlanning, status=request, vehicleId=0x7665682d3833, requestedHorizonMs=2500, confidence=100, planning.waypoints=1, offloadTaskId=probe-132, offloadPayload=1024 bytes}"
5g-sender,1783014721587605892,edge4av-real-20260702-multiclient-scalability-run-3,p5g-scale-mqtt-payload-1024-clients-100,scale,guided-planning,mqtt,veh-83,veh-83,rsu-1,p5g-scale-mqtt-payload-1024-clients-100-veh-83-133,ipi-session-1,multiclient-scalability-run-3,veh-83,133,100-clients,default,stationary,unsynced,true,true,clients,100,count,IPI-CooperativeService,1098,1783014721522990245,1783014656754163362,1783014656754214711,1783014721587605892,64.616,,0.051,64833.391,"CooperativeService{guidedPlanning, status=request, vehicleId=0x7665682d3833, requestedHorizonMs=2500, confidence=100, planning.waypoints=1, offloadTaskId=probe-133, offloadPayload=1024 bytes}"
5g-sender,1783014721867226065,edge4av-real-20260702-multiclient-scalability-run-3,p5g-scale-mqtt-payload-1024-clients-100,scale,guided-planning,mqtt,veh-83,veh-83,rsu-1,p5g-scale-mqtt-payload-1024-clients-100-veh-83-134,ipi-session-1,multiclient-scalability-run-3,veh-83,134,100-clients,default,stationary,unsynced,true,true,clients,100,count,IPI-CooperativeService,1098,1783014721787775783,1783014657034527472,1783014657034586998,1783014721867226065,79.450,,0.060,64832.639,"CooperativeService{guidedPlanning, status=request, vehicleId=0x7665682d3833, requestedHorizonMs=2500, confidence=100, planning.waypoints=1, offloadTaskId=probe-134, offloadPayload=1024 bytes}"
5g-sender,1783014722241376203,edge4av-real-20260702-multiclient-scalability-run-3,p5g-scale-mqtt-payload-1024-clients-100,scale,guided-planning,mqtt,veh-83,veh-83,rsu-1,p5g-scale-mqtt-payload-1024-clients-100-veh-83-135,ipi-session-1,multiclient-scalability-run-3,veh-83,135,100-clients,default,stationary,unsynced,true,true,clients,100,count,IPI-CooperativeService,1098,1783014722067404643,1783014657408930434,1783014657408988210,1783014722241376203,173.972,,0.058,64832.388,"CooperativeService{guidedPlanning, status=request, vehicleId=0x7665682d3833, requestedHorizonMs=2500, confidence=100, planning.waypoints=1, offloadTaskId=probe-135, offloadPayload=1024 bytes}"
5g-sender,1783014722541313880,edge4av-real-20260702-multiclient-scalability-run-3,p5g-scale-mqtt-payload-1024-clients-100,scale,guided-planning,mqtt,veh-83,veh-83,rsu-1,p5g-scale-mqtt-payload-1024-clients-100-veh-83-136,ipi-session-1,multiclient-scalability-run-3,veh-83,136,100-clients,default,stationary,unsynced,true,true,clients,100,count,IPI-CooperativeService,1098,1783014722441576701,1783014657706175463,1783014657706230761,1783014722541313880,99.737,,0.055,64835.083,"CooperativeService{guidedPlanning, status=request, vehicleId=0x7665682d3833, requestedHorizonMs=2500, confidence=100, planning.waypoints=1, offloadTaskId=probe-136, offloadPayload=1024 bytes}"
5g-sender,1783014722833508339,edge4av-real-20260702-multiclient-scalability-run-3,p5g-scale-mqtt-payload-1024-clients-100,scale,guided-planning,mqtt,veh-83,veh-83,rsu-1,p5g-scale-mqtt-payload-1024-clients-100-veh-83-137,ipi-session-1,multiclient-scalability-run-3,veh-83,137,100-clients,default,stationary,unsynced,true,true,clients,100,count,IPI-CooperativeService,1098,1783014722741485561,1783014657997143121,1783014657997186942,1783014722833508339,92.023,,0.044,64836.321,"CooperativeService{guidedPlanning, status=request, vehicleId=0x7665682d3833, requestedHorizonMs=2500, confidence=100, planning.waypoints=1, offloadTaskId=probe-137, offloadPayload=1024 bytes}"
5g-sender,1783014723101283815,edge4av-real-20260702-multiclient-scalability-run-3,p5g-scale-mqtt-payload-1024-clients-100,scale,guided-planning,mqtt,veh-83,veh-83,rsu-1,p5g-scale-mqtt-payload-1024-clients-100-veh-83-138,ipi-session-1,multiclient-scalability-run-3,veh-83,138,100-clients,default,stationary,unsynced,true,true,clients,100,count,IPI-CooperativeService,1098,1783014723033657436,1783014658267772587,1783014658267824071,1783014723101283815,67.626,,0.051,64833.460,"CooperativeService{guidedPlanning, status=request, vehicleId=0x7665682d3833, requestedHorizonMs=2500, confidence=100, planning.waypoints=1, offloadTaskId=probe-138, offloadPayload=1024 bytes}"
5g-sender,1783014723430717694,edge4av-real-20260702-multiclient-scalability-run-3,p5g-scale-mqtt-payload-1024-clients-100,scale,guided-planning,mqtt,veh-83,veh-83,rsu-1,p5g-scale-mqtt-payload-1024-clients-100-veh-83-139,ipi-session-1,multiclient-scalability-run-3,veh-83,139,100-clients,default,stationary,unsynced,true,true,clients,100,count,IPI-CooperativeService,1098,1783014723301452849,1783014658597662692,1783014658597730981,1783014723430717694,129.265,,0.068,64832.987,"CooperativeService{guidedPlanning, status=request, vehicleId=0x7665682d3833, requestedHorizonMs=2500, confidence=100, planning.waypoints=1, offloadTaskId=probe-139, offloadPayload=1024 bytes}"
5g-sender,1783014723773487106,edge4av-real-20260702-multiclient-scalability-run-3,p5g-scale-mqtt-payload-1024-clients-100,scale,guided-planning,mqtt,veh-83,veh-83,rsu-1,p5g-scale-mqtt-payload-1024-clients-100-veh-83-140,ipi-session-1,multiclient-scalability-run-3,veh-83,140,100-clients,default,stationary,unsynced,true,true,clients,100,count,IPI-CooperativeService,1098,1783014723630866155,1783014658928806567,1783014658928851373,1783014723773487106,142.621,,0.045,64844.636,"CooperativeService{guidedPlanning, status=request, vehicleId=0x7665682d3833, requestedHorizonMs=2500, confidence=100, planning.waypoints=1, offloadTaskId=probe-140, offloadPayload=1024 bytes}"
5g-sender,1783014724113589833,edge4av-real-20260702-multiclient-scalability-run-3,p5g-scale-mqtt-payload-1024-clients-100,scale,guided-planning,mqtt,veh-83,veh-83,rsu-1,p5g-scale-mqtt-payload-1024-clients-100-veh-83-141,ipi-session-1,multiclient-scalability-run-3,veh-83,141,100-clients,default,stationary,unsynced,true,true,clients,100,count,IPI-CooperativeService,1098,1783014723973641644,1783014659267967424,1783014659268011077,1783014724113589833,139.948,,0.044,64845.579,"CooperativeService{guidedPlanning, status=request, vehicleId=0x7665682d3833, requestedHorizonMs=2500, confidence=100, planning.waypoints=1, offloadTaskId=probe-141, offloadPayload=1024 bytes}"
5g-sender,1783014724383514782,edge4av-real-20260702-multiclient-scalability-run-3,p5g-scale-mqtt-payload-1024-clients-100,scale,guided-planning,mqtt,veh-83,veh-83,rsu-1,p5g-scale-mqtt-payload-1024-clients-100-veh-83-142,ipi-session-1,multiclient-scalability-run-3,veh-83,142,100-clients,default,stationary,unsynced,true,true,clients,100,count,IPI-CooperativeService,1098,1783014724313829294,1783014659548838527,1783014659548915803,1783014724383514782,69.685,,0.077,64834.599,"CooperativeService{guidedPlanning, status=request, vehicleId=0x7665682d3833, requestedHorizonMs=2500, confidence=100, planning.waypoints=1, offloadTaskId=probe-142, offloadPayload=1024 bytes}"
5g-sender,1783014724667600938,edge4av-real-20260702-multiclient-scalability-run-3,p5g-scale-mqtt-payload-1024-clients-100,scale,guided-planning,mqtt,veh-83,veh-83,rsu-1,p5g-scale-mqtt-payload-1024-clients-100-veh-83-143,ipi-session-1,multiclient-scalability-run-3,veh-83,143,100-clients,default,stationary,unsynced,true,true,clients,100,count,IPI-CooperativeService,1098,1783014724583693402,1783014659829398583,1783014659829448729,1783014724667600938,83.908,,0.050,64838.152,"CooperativeService{guidedPlanning, status=request, vehicleId=0x7665682d3833, requestedHorizonMs=2500, confidence=100, planning.waypoints=1, offloadTaskId=probe-143, offloadPayload=1024 bytes}"
5g-sender,1783014724933536338,edge4av-real-20260702-multiclient-scalability-run-3,p5g-scale-mqtt-payload-1024-clients-100,scale,guided-planning,mqtt,veh-83,veh-83,rsu-1,p5g-scale-mqtt-payload-1024-clients-100-veh-83-144,ipi-session-1,multiclient-scalability-run-3,veh-83,144,100-clients,default,stationary,unsynced,true,true,clients,100,count,IPI-CooperativeService,1098,1783014724867747146,1783014660101817473,1783014660101868632,1783014724933536338,65.789,,0.051,64831.668,"CooperativeService{guidedPlanning, status=request, vehicleId=0x7665682d3833, requestedHorizonMs=2500, confidence=100, planning.waypoints=1, offloadTaskId=probe-144, offloadPayload=1024 bytes}"
5g-sender,1783014725203466290,edge4av-real-20260702-multiclient-scalability-run-3,p5g-scale-mqtt-payload-1024-clients-100,scale,guided-planning,mqtt,veh-83,veh-83,rsu-1,p5g-scale-mqtt-payload-1024-clients-100-veh-83-145,ipi-session-1,multiclient-scalability-run-3,veh-83,145,100-clients,default,stationary,unsynced,true,true,clients,100,count,IPI-CooperativeService,1098,1783014725133683452,1783014660371609648,1783014660371652637,1783014725203466290,69.783,,0.043,64831.814,"CooperativeService{guidedPlanning, status=request, vehicleId=0x7665682d3833, requestedHorizonMs=2500, confidence=100, planning.waypoints=1, offloadTaskId=probe-145, offloadPayload=1024 bytes}"
5g-sender,1783014725507635547,edge4av-real-20260702-multiclient-scalability-run-3,p5g-scale-mqtt-payload-1024-clients-100,scale,guided-planning,mqtt,veh-83,veh-83,rsu-1,p5g-scale-mqtt-payload-1024-clients-100-veh-83-146,ipi-session-1,multiclient-scalability-run-3,veh-83,146,100-clients,default,stationary,unsynced,true,true,clients,100,count,IPI-CooperativeService,1098,1783014725403617171,1783014660671436958,1783014660671491015,1783014725507635547,104.018,,0.054,64836.145,"CooperativeService{guidedPlanning, status=request, vehicleId=0x7665682d3833, requestedHorizonMs=2500, confidence=100, planning.waypoints=1, offloadTaskId=probe-146, offloadPayload=1024 bytes}"
5g-sender,1783014725782619489,edge4av-real-20260702-multiclient-scalability-run-3,p5g-scale-mqtt-payload-1024-clients-100,scale,guided-planning,mqtt,veh-83,veh-83,rsu-1,p5g-scale-mqtt-payload-1024-clients-100-veh-83-147,ipi-session-1,multiclient-scalability-run-3,veh-83,147,100-clients,default,stationary,unsynced,true,true,clients,100,count,IPI-CooperativeService,1098,1783014725707798628,1783014660942380287,1783014660942424093,1783014725782619489,74.821,,0.044,64840.195,"CooperativeService{guidedPlanning, status=request, vehicleId=0x7665682d3833, requestedHorizonMs=2500, confidence=100, planning.waypoints=1, offloadTaskId=probe-147, offloadPayload=1024 bytes}"
5g-sender,1783014726067505874,edge4av-real-20260702-multiclient-scalability-run-3,p5g-scale-mqtt-payload-1024-clients-100,scale,guided-planning,mqtt,veh-83,veh-83,rsu-1,p5g-scale-mqtt-payload-1024-clients-100-veh-83-148,ipi-session-1,multiclient-scalability-run-3,veh-83,148,100-clients,default,stationary,unsynced,true,true,clients,100,count,IPI-CooperativeService,1098,1783014725982822790,1783014661231853038,1783014661231918101,1783014726067505874,84.683,,0.065,64835.588,"CooperativeService{guidedPlanning, status=request, vehicleId=0x7665682d3833, requestedHorizonMs=2500, confidence=100, planning.waypoints=1, offloadTaskId=probe-148, offloadPayload=1024 bytes}"
5g-sender,1783014726367463637,edge4av-real-20260702-multiclient-scalability-run-3,p5g-scale-mqtt-payload-1024-clients-100,scale,guided-planning,mqtt,veh-83,veh-83,rsu-1,p5g-scale-mqtt-payload-1024-clients-100-veh-83-149,ipi-session-1,multiclient-scalability-run-3,veh-83,149,100-clients,default,stationary,unsynced,true,true,clients,100,count,IPI-CooperativeService,1098,1783014726267659167,1783014661524261875,1783014661524329451,1783014726367463637,99.804,,0.068,64843.134,"CooperativeService{guidedPlanning, status=request, vehicleId=0x7665682d3833, requestedHorizonMs=2500, confidence=100, planning.waypoints=1, offloadTaskId=probe-149, offloadPayload=1024 bytes}"
5g-sender,1783014726671319234,edge4av-real-20260702-multiclient-scalability-run-3,p5g-scale-mqtt-payload-1024-clients-100,scale,guided-planning,mqtt,veh-83,veh-83,rsu-1,p5g-scale-mqtt-payload-1024-clients-100-veh-83-150,ipi-session-1,multiclient-scalability-run-3,veh-83,150,100-clients,default,stationary,unsynced,true,true,clients,100,count,IPI-CooperativeService,1098,1783014726567646867,1783014661832512152,1783014661832554748,1783014726671319234,103.672,,0.043,64838.764,"CooperativeService{guidedPlanning, status=request, vehicleId=0x7665682d3833, requestedHorizonMs=2500, confidence=100, planning.waypoints=1, offloadTaskId=probe-150, offloadPayload=1024 bytes}"
5g-sender,1783014726947450200,edge4av-real-20260702-multiclient-scalability-run-3,p5g-scale-mqtt-payload-1024-clients-100,scale,guided-planning,mqtt,veh-83,veh-83,rsu-1,p5g-scale-mqtt-payload-1024-clients-100-veh-83-151,ipi-session-1,multiclient-scalability-run-3,veh-83,151,100-clients,default,stationary,unsynced,true,true,clients,100,count,IPI-CooperativeService,1098,1783014726871499521,1783014662105247649,1783014662105291035,1783014726947450200,75.951,,0.043,64842.159,"CooperativeService{guidedPlanning, status=request, vehicleId=0x7665682d3833, requestedHorizonMs=2500, confidence=100, planning.waypoints=1, offloadTaskId=probe-151, offloadPayload=1024 bytes}"
5g-sender,1783014727197562177,edge4av-real-20260702-multiclient-scalability-run-3,p5g-scale-mqtt-payload-1024-clients-100,scale,guided-planning,mqtt,veh-83,veh-83,rsu-1,p5g-scale-mqtt-payload-1024-clients-100-veh-83-152,ipi-session-1,multiclient-scalability-run-3,veh-83,152,100-clients,default,stationary,unsynced,true,true,clients,100,count,IPI-CooperativeService,1098,1783014727147608454,1783014662363235648,1783014662363279064,1783014727197562177,49.954,,0.043,64834.283,"CooperativeService{guidedPlanning, status=request, vehicleId=0x7665682d3833, requestedHorizonMs=2500, confidence=100, planning.waypoints=1, offloadTaskId=probe-152, offloadPayload=1024 bytes}"
5g-sender,1783014727467500622,edge4av-real-20260702-multiclient-scalability-run-3,p5g-scale-mqtt-payload-1024-clients-100,scale,guided-planning,mqtt,veh-83,veh-83,rsu-1,p5g-scale-mqtt-payload-1024-clients-100-veh-83-153,ipi-session-1,multiclient-scalability-run-3,veh-83,153,100-clients,default,stationary,unsynced,true,true,clients,100,count,IPI-CooperativeService,1098,1783014727397737678,1783014662626549423,1783014662626620326,1783014727467500622,69.763,,0.071,64840.880,"CooperativeService{guidedPlanning, status=request, vehicleId=0x7665682d3833, requestedHorizonMs=2500, confidence=100, planning.waypoints=1, offloadTaskId=probe-153, offloadPayload=1024 bytes}"
5g-sender,1783014727779549128,edge4av-real-20260702-multiclient-scalability-run-3,p5g-scale-mqtt-payload-1024-clients-100,scale,guided-planning,mqtt,veh-83,veh-83,rsu-1,p5g-scale-mqtt-payload-1024-clients-100-veh-83-154,ipi-session-1,multiclient-scalability-run-3,veh-83,154,100-clients,default,stationary,unsynced,true,true,clients,100,count,IPI-CooperativeService,1098,1783014727667693170,1783014662945620590,1783014662945664418,1783014727779549128,111.856,,0.044,64833.885,"CooperativeService{guidedPlanning, status=request, vehicleId=0x7665682d3833, requestedHorizonMs=2500, confidence=100, planning.waypoints=1, offloadTaskId=probe-154, offloadPayload=1024 bytes}"
5g-sender,1783014728105479270,edge4av-real-20260702-multiclient-scalability-run-3,p5g-scale-mqtt-payload-1024-clients-100,scale,guided-planning,mqtt,veh-83,veh-83,rsu-1,p5g-scale-mqtt-payload-1024-clients-100-veh-83-155,ipi-session-1,multiclient-scalability-run-3,veh-83,155,100-clients,default,stationary,unsynced,true,true,clients,100,count,IPI-CooperativeService,1098,1783014727979697135,1783014663264776449,1783014663264820566,1783014728105479270,125.782,,0.044,64840.659,"CooperativeService{guidedPlanning, status=request, vehicleId=0x7665682d3833, requestedHorizonMs=2500, confidence=100, planning.waypoints=1, offloadTaskId=probe-155, offloadPayload=1024 bytes}"
5g-sender,1783014728413387059,edge4av-real-20260702-multiclient-scalability-run-3,p5g-scale-mqtt-payload-1024-clients-100,scale,guided-planning,mqtt,veh-83,veh-83,rsu-1,p5g-scale-mqtt-payload-1024-clients-100-veh-83-156,ipi-session-1,multiclient-scalability-run-3,veh-83,156,100-clients,default,stationary,unsynced,true,true,clients,100,count,IPI-CooperativeService,1098,1783014728305636880,1783014663578736125,1783014663578780055,1783014728413387059,107.750,,0.044,64834.607,"CooperativeService{guidedPlanning, status=request, vehicleId=0x7665682d3833, requestedHorizonMs=2500, confidence=100, planning.waypoints=1, offloadTaskId=probe-156, offloadPayload=1024 bytes}"
5g-sender,1783014728747549429,edge4av-real-20260702-multiclient-scalability-run-3,p5g-scale-mqtt-payload-1024-clients-100,scale,guided-planning,mqtt,veh-83,veh-83,rsu-1,p5g-scale-mqtt-payload-1024-clients-100-veh-83-157,ipi-session-1,multiclient-scalability-run-3,veh-83,157,100-clients,default,stationary,unsynced,true,true,clients,100,count,IPI-CooperativeService,1098,1783014728613536362,1783014663905949566,1783014663906002241,1783014728747549429,134.013,,0.053,64841.547,"CooperativeService{guidedPlanning, status=request, vehicleId=0x7665682d3833, requestedHorizonMs=2500, confidence=100, planning.waypoints=1, offloadTaskId=probe-157, offloadPayload=1024 bytes}"
5g-sender,1783014729063319264,edge4av-real-20260702-multiclient-scalability-run-3,p5g-scale-mqtt-payload-1024-clients-100,scale,guided-planning,mqtt,veh-83,veh-83,rsu-1,p5g-scale-mqtt-payload-1024-clients-100-veh-83-158,ipi-session-1,multiclient-scalability-run-3,veh-83,158,100-clients,default,stationary,unsynced,true,true,clients,100,count,IPI-CooperativeService,1098,1783014728947735427,1783014664227512999,1783014664227586637,1783014729063319264,115.584,,0.074,64835.733,"CooperativeService{guidedPlanning, status=request, vehicleId=0x7665682d3833, requestedHorizonMs=2500, confidence=100, planning.waypoints=1, offloadTaskId=probe-158, offloadPayload=1024 bytes}"
5g-sender,1783014729371418095,edge4av-real-20260702-multiclient-scalability-run-3,p5g-scale-mqtt-payload-1024-clients-100,scale,guided-planning,mqtt,veh-83,veh-83,rsu-1,p5g-scale-mqtt-payload-1024-clients-100-veh-83-159,ipi-session-1,multiclient-scalability-run-3,veh-83,159,100-clients,default,stationary,unsynced,true,true,clients,100,count,IPI-CooperativeService,1098,1783014729263493991,1783014664538500092,1783014664538560417,1783014729371418095,107.924,,0.060,64832.858,"CooperativeService{guidedPlanning, status=request, vehicleId=0x7665682d3833, requestedHorizonMs=2500, confidence=100, planning.waypoints=1, offloadTaskId=probe-159, offloadPayload=1024 bytes}"
5g-sender,1783014729655548852,edge4av-real-20260702-multiclient-scalability-run-3,p5g-scale-mqtt-payload-1024-clients-100,scale,guided-planning,mqtt,veh-83,veh-83,rsu-1,p5g-scale-mqtt-payload-1024-clients-100-veh-83-160,ipi-session-1,multiclient-scalability-run-3,veh-83,160,100-clients,default,stationary,unsynced,true,true,clients,100,count,IPI-CooperativeService,1098,1783014729571621243,1783014664819083194,1783014664819137862,1783014729655548852,83.928,,0.055,64836.411,"CooperativeService{guidedPlanning, status=request, vehicleId=0x7665682d3833, requestedHorizonMs=2500, confidence=100, planning.waypoints=1, offloadTaskId=probe-160, offloadPayload=1024 bytes}"
5g-sender,1783014730035526256,edge4av-real-20260702-multiclient-scalability-run-3,p5g-scale-mqtt-payload-1024-clients-100,scale,guided-planning,mqtt,veh-83,veh-83,rsu-1,p5g-scale-mqtt-payload-1024-clients-100-veh-83-161,ipi-session-1,multiclient-scalability-run-3,veh-83,161,100-clients,default,stationary,unsynced,true,true,clients,100,count,IPI-CooperativeService,1098,1783014729855714836,1783014665198553468,1783014665198604913,1783014730035526256,179.811,,0.051,64836.921,"CooperativeService{guidedPlanning, status=request, vehicleId=0x7665682d3833, requestedHorizonMs=2500, confidence=100, planning.waypoints=1, offloadTaskId=probe-161, offloadPayload=1024 bytes}"
5g-sender,1783014730375509391,edge4av-real-20260702-multiclient-scalability-run-3,p5g-scale-mqtt-payload-1024-clients-100,scale,guided-planning,mqtt,veh-83,veh-83,rsu-1,p5g-scale-mqtt-payload-1024-clients-100-veh-83-162,ipi-session-1,multiclient-scalability-run-3,veh-83,162,100-clients,default,stationary,unsynced,true,true,clients,100,count,IPI-CooperativeService,1098,1783014730235704536,1783014665540039989,1783014665540082555,1783014730375509391,139.805,,0.043,64835.427,"CooperativeService{guidedPlanning, status=request, vehicleId=0x7665682d3833, requestedHorizonMs=2500, confidence=100, planning.waypoints=1, offloadTaskId=probe-162, offloadPayload=1024 bytes}"
5g-sender,1783014730723606371,edge4av-real-20260702-multiclient-scalability-run-3,p5g-scale-mqtt-payload-1024-clients-100,scale,guided-planning,mqtt,veh-83,veh-83,rsu-1,p5g-scale-mqtt-payload-1024-clients-100-veh-83-163,ipi-session-1,multiclient-scalability-run-3,veh-83,163,100-clients,default,stationary,unsynced,true,true,clients,100,count,IPI-CooperativeService,1098,1783014730575650707,1783014665889550320,1783014665889602867,1783014730723606371,147.956,,0.053,64834.004,"CooperativeService{guidedPlanning, status=request, vehicleId=0x7665682d3833, requestedHorizonMs=2500, confidence=100, planning.waypoints=1, offloadTaskId=probe-163, offloadPayload=1024 bytes}"
5g-sender,1783014731043608580,edge4av-real-20260702-multiclient-scalability-run-3,p5g-scale-mqtt-payload-1024-clients-100,scale,guided-planning,mqtt,veh-83,veh-83,rsu-1,p5g-scale-mqtt-payload-1024-clients-100-veh-83-164,ipi-session-1,multiclient-scalability-run-3,veh-83,164,100-clients,default,stationary,unsynced,true,true,clients,100,count,IPI-CooperativeService,1098,1783014730923713191,1783014666210093167,1783014666210136350,1783014731043608580,119.895,,0.043,64833.472,"CooperativeService{guidedPlanning, status=request, vehicleId=0x7665682d3833, requestedHorizonMs=2500, confidence=100, planning.waypoints=1, offloadTaskId=probe-164, offloadPayload=1024 bytes}"
5g-sender,1783014731387461258,edge4av-real-20260702-multiclient-scalability-run-3,p5g-scale-mqtt-payload-1024-clients-100,scale,guided-planning,mqtt,veh-83,veh-83,rsu-1,p5g-scale-mqtt-payload-1024-clients-100-veh-83-165,ipi-session-1,multiclient-scalability-run-3,veh-83,165,100-clients,default,stationary,unsynced,true,true,clients,100,count,IPI-CooperativeService,1098,1783014731243750839,1783014666551169201,1783014666551239596,1783014731387461258,143.710,,0.070,64836.222,"CooperativeService{guidedPlanning, status=request, vehicleId=0x7665682d3833, requestedHorizonMs=2500, confidence=100, planning.waypoints=1, offloadTaskId=probe-165, offloadPayload=1024 bytes}"
5g-sender,1783014731767571533,edge4av-real-20260702-multiclient-scalability-run-3,p5g-scale-mqtt-payload-1024-clients-100,scale,guided-planning,mqtt,veh-83,veh-83,rsu-1,p5g-scale-mqtt-payload-1024-clients-100-veh-83-166,ipi-session-1,multiclient-scalability-run-3,veh-83,166,100-clients,default,stationary,unsynced,true,true,clients,100,count,IPI-CooperativeService,1098,1783014731587666616,1783014666922396139,1783014666922439629,1783014731767571533,179.905,,0.043,64845.132,"CooperativeService{guidedPlanning, status=request, vehicleId=0x7665682d3833, requestedHorizonMs=2500, confidence=100, planning.waypoints=1, offloadTaskId=probe-166, offloadPayload=1024 bytes}"
5g-sender,1783014732107721579,edge4av-real-20260702-multiclient-scalability-run-3,p5g-scale-mqtt-payload-1024-clients-100,scale,guided-planning,mqtt,veh-83,veh-83,rsu-1,p5g-scale-mqtt-payload-1024-clients-100-veh-83-167,ipi-session-1,multiclient-scalability-run-3,veh-83,167,100-clients,default,stationary,unsynced,true,true,clients,100,count,IPI-CooperativeService,1098,1783014731967720773,1783014667273904726,1783014667273948440,1783014732107721579,140.001,,0.044,64833.773,"CooperativeService{guidedPlanning, status=request, vehicleId=0x7665682d3833, requestedHorizonMs=2500, confidence=100, planning.waypoints=1, offloadTaskId=probe-167, offloadPayload=1024 bytes}"
5g-sender,1783014732469312151,edge4av-real-20260702-multiclient-scalability-run-3,p5g-scale-mqtt-payload-1024-clients-100,scale,guided-planning,mqtt,veh-83,veh-83,rsu-1,p5g-scale-mqtt-payload-1024-clients-100-veh-83-168,ipi-session-1,multiclient-scalability-run-3,veh-83,168,100-clients,default,stationary,unsynced,true,true,clients,100,count,IPI-CooperativeService,1098,1783014732307865160,1783014667632540575,1783014667632592191,1783014732469312151,161.447,,0.052,64836.720,"CooperativeService{guidedPlanning, status=request, vehicleId=0x7665682d3833, requestedHorizonMs=2500, confidence=100, planning.waypoints=1, offloadTaskId=probe-168, offloadPayload=1024 bytes}"
5g-sender,1783014732837469390,edge4av-real-20260702-multiclient-scalability-run-3,p5g-scale-mqtt-payload-1024-clients-100,scale,guided-planning,mqtt,veh-83,veh-83,rsu-1,p5g-scale-mqtt-payload-1024-clients-100-veh-83-169,ipi-session-1,multiclient-scalability-run-3,veh-83,169,100-clients,default,stationary,unsynced,true,true,clients,100,count,IPI-CooperativeService,1098,1783014732669465320,1783014668003071615,1783014668003133248,1783014732837469390,168.004,,0.062,64834.336,"CooperativeService{guidedPlanning, status=request, vehicleId=0x7665682d3833, requestedHorizonMs=2500, confidence=100, planning.waypoints=1, offloadTaskId=probe-169, offloadPayload=1024 bytes}"
5g-sender,1783014733169381693,edge4av-real-20260702-multiclient-scalability-run-3,p5g-scale-mqtt-payload-1024-clients-100,scale,guided-planning,mqtt,veh-83,veh-83,rsu-1,p5g-scale-mqtt-payload-1024-clients-100-veh-83-170,ipi-session-1,multiclient-scalability-run-3,veh-83,170,100-clients,default,stationary,unsynced,true,true,clients,100,count,IPI-CooperativeService,1098,1783014733037620820,1783014668334708535,1783014668334751071,1783014733169381693,131.761,,0.043,64834.631,"CooperativeService{guidedPlanning, status=request, vehicleId=0x7665682d3833, requestedHorizonMs=2500, confidence=100, planning.waypoints=1, offloadTaskId=probe-170, offloadPayload=1024 bytes}"
5g-sender,1783014733547472470,edge4av-real-20260702-multiclient-scalability-run-3,p5g-scale-mqtt-payload-1024-clients-100,scale,guided-planning,mqtt,veh-83,veh-83,rsu-1,p5g-scale-mqtt-payload-1024-clients-100-veh-83-171,ipi-session-1,multiclient-scalability-run-3,veh-83,171,100-clients,default,stationary,unsynced,true,true,clients,100,count,IPI-CooperativeService,1098,1783014733369531603,1783014668705336799,1783014668705386204,1783014733547472470,177.941,,0.049,64842.086,"CooperativeService{guidedPlanning, status=request, vehicleId=0x7665682d3833, requestedHorizonMs=2500, confidence=100, planning.waypoints=1, offloadTaskId=probe-171, offloadPayload=1024 bytes}"
5g-sender,1783014733883329621,edge4av-real-20260702-multiclient-scalability-run-3,p5g-scale-mqtt-payload-1024-clients-100,scale,guided-planning,mqtt,veh-83,veh-83,rsu-1,p5g-scale-mqtt-payload-1024-clients-100-veh-83-172,ipi-session-1,multiclient-scalability-run-3,veh-83,172,100-clients,default,stationary,unsynced,true,true,clients,100,count,IPI-CooperativeService,1098,1783014733747581403,1783014669045699505,1783014669045742660,1783014733883329621,135.748,,0.043,64837.587,"CooperativeService{guidedPlanning, status=request, vehicleId=0x7665682d3833, requestedHorizonMs=2500, confidence=100, planning.waypoints=1, offloadTaskId=probe-172, offloadPayload=1024 bytes}"
5g-sender,1783014734233426894,edge4av-real-20260702-multiclient-scalability-run-3,p5g-scale-mqtt-payload-1024-clients-100,scale,guided-planning,mqtt,veh-83,veh-83,rsu-1,p5g-scale-mqtt-payload-1024-clients-100-veh-83-173,ipi-session-1,multiclient-scalability-run-3,veh-83,173,100-clients,default,stationary,unsynced,true,true,clients,100,count,IPI-CooperativeService,1098,1783014734083539415,1783014669397469371,1783014669397531535,1783014734233426894,149.887,,0.062,64835.895,"CooperativeService{guidedPlanning, status=request, vehicleId=0x7665682d3833, requestedHorizonMs=2500, confidence=100, planning.waypoints=1, offloadTaskId=probe-173, offloadPayload=1024 bytes}"
5g-sender,1783014734603467950,edge4av-real-20260702-multiclient-scalability-run-3,p5g-scale-mqtt-payload-1024-clients-100,scale,guided-planning,mqtt,veh-83,veh-83,rsu-1,p5g-scale-mqtt-payload-1024-clients-100-veh-83-174,ipi-session-1,multiclient-scalability-run-3,veh-83,174,100-clients,default,stationary,unsynced,true,true,clients,100,count,IPI-CooperativeService,1098,1783014734433571044,1783014669766298832,1783014669766355365,1783014734603467950,169.897,,0.057,64837.113,"CooperativeService{guidedPlanning, status=request, vehicleId=0x7665682d3833, requestedHorizonMs=2500, confidence=100, planning.waypoints=1, offloadTaskId=probe-174, offloadPayload=1024 bytes}"
5g-sender,1783014734971437851,edge4av-real-20260702-multiclient-scalability-run-3,p5g-scale-mqtt-payload-1024-clients-100,scale,guided-planning,mqtt,veh-83,veh-83,rsu-1,p5g-scale-mqtt-payload-1024-clients-100-veh-83-175,ipi-session-1,multiclient-scalability-run-3,veh-83,175,100-clients,default,stationary,unsynced,true,true,clients,100,count,IPI-CooperativeService,1098,1783014734803611163,1783014670137825369,1783014670137917438,1783014734971437851,167.827,,0.092,64833.520,"CooperativeService{guidedPlanning, status=request, vehicleId=0x7665682d3833, requestedHorizonMs=2500, confidence=100, planning.waypoints=1, offloadTaskId=probe-175, offloadPayload=1024 bytes}"
5g-sender,1783014735325552533,edge4av-real-20260702-multiclient-scalability-run-3,p5g-scale-mqtt-payload-1024-clients-100,scale,guided-planning,mqtt,veh-83,veh-83,rsu-1,p5g-scale-mqtt-payload-1024-clients-100-veh-83-176,ipi-session-1,multiclient-scalability-run-3,veh-83,176,100-clients,default,stationary,unsynced,true,true,clients,100,count,IPI-CooperativeService,1098,1783014735171573786,1783014670487431150,1783014670487487766,1783014735325552533,153.979,,0.057,64838.065,"CooperativeService{guidedPlanning, status=request, vehicleId=0x7665682d3833, requestedHorizonMs=2500, confidence=100, planning.waypoints=1, offloadTaskId=probe-176, offloadPayload=1024 bytes}"
5g-sender,1783014735621408134,edge4av-real-20260702-multiclient-scalability-run-3,p5g-scale-mqtt-payload-1024-clients-100,scale,guided-planning,mqtt,veh-83,veh-83,rsu-1,p5g-scale-mqtt-payload-1024-clients-100-veh-83-177,ipi-session-1,multiclient-scalability-run-3,veh-83,177,100-clients,default,stationary,unsynced,true,true,clients,100,count,IPI-CooperativeService,1098,1783014735525660308,1783014670787998508,1783014670788041940,1783014735621408134,95.748,,0.043,64833.366,"CooperativeService{guidedPlanning, status=request, vehicleId=0x7665682d3833, requestedHorizonMs=2500, confidence=100, planning.waypoints=1, offloadTaskId=probe-177, offloadPayload=1024 bytes}"
5g-sender,1783014735945742702,edge4av-real-20260702-multiclient-scalability-run-3,p5g-scale-mqtt-payload-1024-clients-100,scale,guided-planning,mqtt,veh-83,veh-83,rsu-1,p5g-scale-mqtt-payload-1024-clients-100-veh-83-178,ipi-session-1,multiclient-scalability-run-3,veh-83,178,100-clients,default,stationary,unsynced,true,true,clients,100,count,IPI-CooperativeService,1098,1783014735821514174,1783014671109671659,1783014671109728470,1783014735945742702,124.229,,0.057,64836.014,"CooperativeService{guidedPlanning, status=request, vehicleId=0x7665682d3833, requestedHorizonMs=2500, confidence=100, planning.waypoints=1, offloadTaskId=probe-178, offloadPayload=1024 bytes}"
5g-sender,1783014736263407058,edge4av-real-20260702-multiclient-scalability-run-3,p5g-scale-mqtt-payload-1024-clients-100,scale,guided-planning,mqtt,veh-83,veh-83,rsu-1,p5g-scale-mqtt-payload-1024-clients-100-veh-83-179,ipi-session-1,multiclient-scalability-run-3,veh-83,179,100-clients,default,stationary,unsynced,true,true,clients,100,count,IPI-CooperativeService,1098,1783014736145953102,1783014671430976419,1783014671431033737,1783014736263407058,117.454,,0.057,64832.373,"CooperativeService{guidedPlanning, status=request, vehicleId=0x7665682d3833, requestedHorizonMs=2500, confidence=100, planning.waypoints=1, offloadTaskId=probe-179, offloadPayload=1024 bytes}"
5g-sender,1783014736923359313,edge4av-real-20260702-multiclient-scalability-run-3,p5g-scale-mqtt-payload-1024-clients-100,scale,guided-planning,mqtt,veh-83,veh-83,rsu-1,p5g-scale-mqtt-payload-1024-clients-100-veh-83-180,ipi-session-1,multiclient-scalability-run-3,veh-83,180,100-clients,default,stationary,unsynced,true,true,clients,100,count,IPI-CooperativeService,1098,1783014736463525650,1783014672090994994,1783014672091038487,1783014736923359313,459.834,,0.043,64832.321,"CooperativeService{guidedPlanning, status=request, vehicleId=0x7665682d3833, requestedHorizonMs=2500, confidence=100, planning.waypoints=1, offloadTaskId=probe-180, offloadPayload=1024 bytes}"
5g-sender,1783014737215494602,edge4av-real-20260702-multiclient-scalability-run-3,p5g-scale-mqtt-payload-1024-clients-100,scale,guided-planning,mqtt,veh-83,veh-83,rsu-1,p5g-scale-mqtt-payload-1024-clients-100-veh-83-181,ipi-session-1,multiclient-scalability-run-3,veh-83,181,100-clients,default,stationary,unsynced,true,true,clients,100,count,IPI-CooperativeService,1098,1783014737123502516,1783014672380215115,1783014672380242525,1783014737215494602,91.992,,0.027,64835.252,"CooperativeService{guidedPlanning, status=request, vehicleId=0x7665682d3833, requestedHorizonMs=2500, confidence=100, planning.waypoints=1, offloadTaskId=probe-181, offloadPayload=1024 bytes}"
5g-sender,1783014737555581440,edge4av-real-20260702-multiclient-scalability-run-3,p5g-scale-mqtt-payload-1024-clients-100,scale,guided-planning,mqtt,veh-83,veh-83,rsu-1,p5g-scale-mqtt-payload-1024-clients-100-veh-83-182,ipi-session-1,multiclient-scalability-run-3,veh-83,182,100-clients,default,stationary,unsynced,true,true,clients,100,count,IPI-CooperativeService,1098,1783014737415649098,1783014672721170592,1783014672721214762,1783014737555581440,139.932,,0.044,64834.367,"CooperativeService{guidedPlanning, status=request, vehicleId=0x7665682d3833, requestedHorizonMs=2500, confidence=100, planning.waypoints=1, offloadTaskId=probe-182, offloadPayload=1024 bytes}"
5g-sender,1783014737922709205,edge4av-real-20260702-multiclient-scalability-run-3,p5g-scale-mqtt-payload-1024-clients-100,scale,guided-planning,mqtt,veh-83,veh-83,rsu-1,p5g-scale-mqtt-payload-1024-clients-100-veh-83-183,ipi-session-1,multiclient-scalability-run-3,veh-83,183,100-clients,default,stationary,unsynced,true,true,clients,100,count,IPI-CooperativeService,1098,1783014737755735696,1783014673081883850,1783014673081897015,1783014737922709205,166.974,,0.013,64840.812,"CooperativeService{guidedPlanning, status=request, vehicleId=0x7665682d3833, requestedHorizonMs=2500, confidence=100, planning.waypoints=1, offloadTaskId=probe-183, offloadPayload=1024 bytes}"
5g-sender,1783014738283655074,edge4av-real-20260702-multiclient-scalability-run-3,p5g-scale-mqtt-payload-1024-clients-100,scale,guided-planning,mqtt,veh-83,veh-83,rsu-1,p5g-scale-mqtt-payload-1024-clients-100-veh-83-184,ipi-session-1,multiclient-scalability-run-3,veh-83,184,100-clients,default,stationary,unsynced,true,true,clients,100,count,IPI-CooperativeService,1098,1783014738122871524,1783014673442931589,1783014673442976502,1783014738283655074,160.784,,0.045,64840.679,"CooperativeService{guidedPlanning, status=request, vehicleId=0x7665682d3833, requestedHorizonMs=2500, confidence=100, planning.waypoints=1, offloadTaskId=probe-184, offloadPayload=1024 bytes}"
5g-sender,1783014738621498465,edge4av-real-20260702-multiclient-scalability-run-3,p5g-scale-mqtt-payload-1024-clients-100,scale,guided-planning,mqtt,veh-83,veh-83,rsu-1,p5g-scale-mqtt-payload-1024-clients-100-veh-83-185,ipi-session-1,multiclient-scalability-run-3,veh-83,185,100-clients,default,stationary,unsynced,true,true,clients,100,count,IPI-CooperativeService,1098,1783014738483834497,1783014673784958652,1783014673785025126,1783014738621498465,137.664,,0.066,64836.473,"CooperativeService{guidedPlanning, status=request, vehicleId=0x7665682d3833, requestedHorizonMs=2500, confidence=100, planning.waypoints=1, offloadTaskId=probe-185, offloadPayload=1024 bytes}"
5g-sender,1783014738911585060,edge4av-real-20260702-multiclient-scalability-run-3,p5g-scale-mqtt-payload-1024-clients-100,scale,guided-planning,mqtt,veh-83,veh-83,rsu-1,p5g-scale-mqtt-payload-1024-clients-100-veh-83-186,ipi-session-1,multiclient-scalability-run-3,veh-83,186,100-clients,default,stationary,unsynced,true,true,clients,100,count,IPI-CooperativeService,1098,1783014738821654468,1783014674075006325,1783014674075050629,1783014738911585060,89.931,,0.044,64836.534,"CooperativeService{guidedPlanning, status=request, vehicleId=0x7665682d3833, requestedHorizonMs=2500, confidence=100, planning.waypoints=1, offloadTaskId=probe-186, offloadPayload=1024 bytes}"
5g-sender,1783014739227484536,edge4av-real-20260702-multiclient-scalability-run-3,p5g-scale-mqtt-payload-1024-clients-100,scale,guided-planning,mqtt,veh-83,veh-83,rsu-1,p5g-scale-mqtt-payload-1024-clients-100-veh-83-187,ipi-session-1,multiclient-scalability-run-3,veh-83,187,100-clients,default,stationary,unsynced,true,true,clients,100,count,IPI-CooperativeService,1098,1783014739111740129,1783014674394484975,1783014674394535734,1783014739227484536,115.744,,0.051,64832.949,"CooperativeService{guidedPlanning, status=request, vehicleId=0x7665682d3833, requestedHorizonMs=2500, confidence=100, planning.waypoints=1, offloadTaskId=probe-187, offloadPayload=1024 bytes}"
5g-sender,1783014739587703461,edge4av-real-20260702-multiclient-scalability-run-3,p5g-scale-mqtt-payload-1024-clients-100,scale,guided-planning,mqtt,veh-83,veh-83,rsu-1,p5g-scale-mqtt-payload-1024-clients-100-veh-83-188,ipi-session-1,multiclient-scalability-run-3,veh-83,188,100-clients,default,stationary,unsynced,true,true,clients,100,count,IPI-CooperativeService,1098,1783014739427594639,1783014674754952139,1783014674755010190,1783014739587703461,160.109,,0.058,64832.693,"CooperativeService{guidedPlanning, status=request, vehicleId=0x7665682d3833, requestedHorizonMs=2500, confidence=100, planning.waypoints=1, offloadTaskId=probe-188, offloadPayload=1024 bytes}"
5g-sender,1783014739959307984,edge4av-real-20260702-multiclient-scalability-run-3,p5g-scale-mqtt-payload-1024-clients-100,scale,guided-planning,mqtt,veh-83,veh-83,rsu-1,p5g-scale-mqtt-payload-1024-clients-100-veh-83-189,ipi-session-1,multiclient-scalability-run-3,veh-83,189,100-clients,default,stationary,unsynced,true,true,clients,100,count,IPI-CooperativeService,1098,1783014739787807805,1783014675116551208,1783014675116608749,1783014739959307984,171.500,,0.058,64842.699,"CooperativeService{guidedPlanning, status=request, vehicleId=0x7665682d3833, requestedHorizonMs=2500, confidence=100, planning.waypoints=1, offloadTaskId=probe-189, offloadPayload=1024 bytes}"
5g-sender,1783014740293463905,edge4av-real-20260702-multiclient-scalability-run-3,p5g-scale-mqtt-payload-1024-clients-100,scale,guided-planning,mqtt,veh-83,veh-83,rsu-1,p5g-scale-mqtt-payload-1024-clients-100-veh-83-190,ipi-session-1,multiclient-scalability-run-3,veh-83,190,100-clients,default,stationary,unsynced,true,true,clients,100,count,IPI-CooperativeService,1098,1783014740159481906,1783014675458176178,1783014675458220643,1783014740293463905,133.982,,0.044,64835.243,"CooperativeService{guidedPlanning, status=request, vehicleId=0x7665682d3833, requestedHorizonMs=2500, confidence=100, planning.waypoints=1, offloadTaskId=probe-190, offloadPayload=1024 bytes}"
5g-sender,1783014740601580332,edge4av-real-20260702-multiclient-scalability-run-3,p5g-scale-mqtt-payload-1024-clients-100,scale,guided-planning,mqtt,veh-83,veh-83,rsu-1,p5g-scale-mqtt-payload-1024-clients-100-veh-83-191,ipi-session-1,multiclient-scalability-run-3,veh-83,191,100-clients,default,stationary,unsynced,true,true,clients,100,count,IPI-CooperativeService,1098,1783014740493650602,1783014675766215035,1783014675766258287,1783014740601580332,107.930,,0.043,64835.322,"CooperativeService{guidedPlanning, status=request, vehicleId=0x7665682d3833, requestedHorizonMs=2500, confidence=100, planning.waypoints=1, offloadTaskId=probe-191, offloadPayload=1024 bytes}"
5g-sender,1783014740955474761,edge4av-real-20260702-multiclient-scalability-run-3,p5g-scale-mqtt-payload-1024-clients-100,scale,guided-planning,mqtt,veh-83,veh-83,rsu-1,p5g-scale-mqtt-payload-1024-clients-100-veh-83-192,ipi-session-1,multiclient-scalability-run-3,veh-83,192,100-clients,default,stationary,unsynced,true,true,clients,100,count,IPI-CooperativeService,1098,1783014740801722814,1783014676117096457,1783014676117150302,1783014740955474761,153.752,,0.054,64838.324,"CooperativeService{guidedPlanning, status=request, vehicleId=0x7665682d3833, requestedHorizonMs=2500, confidence=100, planning.waypoints=1, offloadTaskId=probe-192, offloadPayload=1024 bytes}"
5g-sender,1783014741335508593,edge4av-real-20260702-multiclient-scalability-run-3,p5g-scale-mqtt-payload-1024-clients-100,scale,guided-planning,mqtt,veh-83,veh-83,rsu-1,p5g-scale-mqtt-payload-1024-clients-100-veh-83-193,ipi-session-1,multiclient-scalability-run-3,veh-83,193,100-clients,default,stationary,unsynced,true,true,clients,100,count,IPI-CooperativeService,1098,1783014741155623949,1783014676498133080,1783014676498184342,1783014741335508593,179.885,,0.051,64837.324,"CooperativeService{guidedPlanning, status=request, vehicleId=0x7665682d3833, requestedHorizonMs=2500, confidence=100, planning.waypoints=1, offloadTaskId=probe-193, offloadPayload=1024 bytes}"
5g-sender,1783014741711698851,edge4av-real-20260702-multiclient-scalability-run-3,p5g-scale-mqtt-payload-1024-clients-100,scale,guided-planning,mqtt,veh-83,veh-83,rsu-1,p5g-scale-mqtt-payload-1024-clients-100-veh-83-194,ipi-session-1,multiclient-scalability-run-3,veh-83,194,100-clients,default,stationary,unsynced,true,true,clients,100,count,IPI-CooperativeService,1098,1783014741535668965,1783014676868225581,1783014676868277804,1783014741711698851,176.030,,0.052,64843.421,"CooperativeService{guidedPlanning, status=request, vehicleId=0x7665682d3833, requestedHorizonMs=2500, confidence=100, planning.waypoints=1, offloadTaskId=probe-194, offloadPayload=1024 bytes}"
5g-sender,1783014742033605295,edge4av-real-20260702-multiclient-scalability-run-3,p5g-scale-mqtt-payload-1024-clients-100,scale,guided-planning,mqtt,veh-83,veh-83,rsu-1,p5g-scale-mqtt-payload-1024-clients-100-veh-83-195,ipi-session-1,multiclient-scalability-run-3,veh-83,195,100-clients,default,stationary,unsynced,true,true,clients,100,count,IPI-CooperativeService,1098,1783014741911854087,1783014677191420410,1783014677191463371,1783014742033605295,121.751,,0.043,64842.142,"CooperativeService{guidedPlanning, status=request, vehicleId=0x7665682d3833, requestedHorizonMs=2500, confidence=100, planning.waypoints=1, offloadTaskId=probe-195, offloadPayload=1024 bytes}"
5g-sender,1783014742335579290,edge4av-real-20260702-multiclient-scalability-run-3,p5g-scale-mqtt-payload-1024-clients-100,scale,guided-planning,mqtt,veh-83,veh-83,rsu-1,p5g-scale-mqtt-payload-1024-clients-100-veh-83-196,ipi-session-1,multiclient-scalability-run-3,veh-83,196,100-clients,default,stationary,unsynced,true,true,clients,100,count,IPI-CooperativeService,1098,1783014742233788551,1783014677499687382,1783014677499732053,1783014742335579290,101.791,,0.045,64835.847,"CooperativeService{guidedPlanning, status=request, vehicleId=0x7665682d3833, requestedHorizonMs=2500, confidence=100, planning.waypoints=1, offloadTaskId=probe-196, offloadPayload=1024 bytes}"
5g-sender,1783014742607579878,edge4av-real-20260702-multiclient-scalability-run-3,p5g-scale-mqtt-payload-1024-clients-100,scale,guided-planning,mqtt,veh-83,veh-83,rsu-1,p5g-scale-mqtt-payload-1024-clients-100-veh-83-197,ipi-session-1,multiclient-scalability-run-3,veh-83,197,100-clients,default,stationary,unsynced,true,true,clients,100,count,IPI-CooperativeService,1098,1783014742535864253,1783014677770221436,1783014677770268709,1783014742607579878,71.716,,0.047,64837.311,"CooperativeService{guidedPlanning, status=request, vehicleId=0x7665682d3833, requestedHorizonMs=2500, confidence=100, planning.waypoints=1, offloadTaskId=probe-197, offloadPayload=1024 bytes}"
5g-sender,1783014742885711916,edge4av-real-20260702-multiclient-scalability-run-3,p5g-scale-mqtt-payload-1024-clients-100,scale,guided-planning,mqtt,veh-83,veh-83,rsu-1,p5g-scale-mqtt-payload-1024-clients-100-veh-83-198,ipi-session-1,multiclient-scalability-run-3,veh-83,198,100-clients,default,stationary,unsynced,true,true,clients,100,count,IPI-CooperativeService,1098,1783014742807730553,1783014678051253888,1783014678051298169,1783014742885711916,77.981,,0.044,64834.414,"CooperativeService{guidedPlanning, status=request, vehicleId=0x7665682d3833, requestedHorizonMs=2500, confidence=100, planning.waypoints=1, offloadTaskId=probe-198, offloadPayload=1024 bytes}"
5g-sender,1783014743215671217,edge4av-real-20260702-multiclient-scalability-run-3,p5g-scale-mqtt-payload-1024-clients-100,scale,guided-planning,mqtt,veh-83,veh-83,rsu-1,p5g-scale-mqtt-payload-1024-clients-100-veh-83-199,ipi-session-1,multiclient-scalability-run-3,veh-83,199,100-clients,default,stationary,unsynced,true,true,clients,100,count,IPI-CooperativeService,1098,1783014743085864228,1783014678380819191,1783014678380862171,1783014743215671217,129.807,,0.043,64834.809,"CooperativeService{guidedPlanning, status=request, vehicleId=0x7665682d3833, requestedHorizonMs=2500, confidence=100, planning.waypoints=1, offloadTaskId=probe-199, offloadPayload=1024 bytes}"
5g-sender,1783014743547542632,edge4av-real-20260702-multiclient-scalability-run-3,p5g-scale-mqtt-payload-1024-clients-100,scale,guided-planning,mqtt,veh-83,veh-83,rsu-1,p5g-scale-mqtt-payload-1024-clients-100-veh-83-200,ipi-session-1,multiclient-scalability-run-3,veh-83,200,100-clients,default,stationary,unsynced,true,true,clients,100,count,IPI-CooperativeService,1098,1783014743415819076,1783014678703340301,1783014678703382759,1783014743547542632,131.724,,0.042,64844.160,"CooperativeService{guidedPlanning, status=request, vehicleId=0x7665682d3833, requestedHorizonMs=2500, confidence=100, planning.waypoints=1, offloadTaskId=probe-200, offloadPayload=1024 bytes}"
5g-sender,1783014743859290385,edge4av-real-20260702-multiclient-scalability-run-3,p5g-scale-mqtt-payload-1024-clients-100,scale,guided-planning,mqtt,veh-83,veh-83,rsu-1,p5g-scale-mqtt-payload-1024-clients-100-veh-83-201,ipi-session-1,multiclient-scalability-run-3,veh-83,201,100-clients,default,stationary,unsynced,true,true,clients,100,count,IPI-CooperativeService,1098,1783014743747689960,1783014679021930421,1783014679021982131,1783014743859290385,111.600,,0.052,64837.308,"CooperativeService{guidedPlanning, status=request, vehicleId=0x7665682d3833, requestedHorizonMs=2500, confidence=100, planning.waypoints=1, offloadTaskId=probe-201, offloadPayload=1024 bytes}"
5g-sender,1783014744187566028,edge4av-real-20260702-multiclient-scalability-run-3,p5g-scale-mqtt-payload-1024-clients-100,scale,guided-planning,mqtt,veh-83,veh-83,rsu-1,p5g-scale-mqtt-payload-1024-clients-100-veh-83-202,ipi-session-1,multiclient-scalability-run-3,veh-83,202,100-clients,default,stationary,unsynced,true,true,clients,100,count,IPI-CooperativeService,1098,1783014744059455221,1783014679354249612,1783014679354315628,1783014744187566028,128.111,,0.066,64833.250,"CooperativeService{guidedPlanning, status=request, vehicleId=0x7665682d3833, requestedHorizonMs=2500, confidence=100, planning.waypoints=1, offloadTaskId=probe-202, offloadPayload=1024 bytes}"
5g-sender,1783014744507705373,edge4av-real-20260702-multiclient-scalability-run-3,p5g-scale-mqtt-payload-1024-clients-100,scale,guided-planning,mqtt,veh-83,veh-83,rsu-1,p5g-scale-mqtt-payload-1024-clients-100-veh-83-203,ipi-session-1,multiclient-scalability-run-3,veh-83,203,100-clients,default,stationary,unsynced,true,true,clients,100,count,IPI-CooperativeService,1098,1783014744387744609,1783014679665371899,1783014679665416002,1783014744507705373,119.961,,0.044,64842.289,"CooperativeService{guidedPlanning, status=request, vehicleId=0x7665682d3833, requestedHorizonMs=2500, confidence=100, planning.waypoints=1, offloadTaskId=probe-203, offloadPayload=1024 bytes}"
5g-sender,1783014744807537982,edge4av-real-20260702-multiclient-scalability-run-3,p5g-scale-mqtt-payload-1024-clients-100,scale,guided-planning,mqtt,veh-83,veh-83,rsu-1,p5g-scale-mqtt-payload-1024-clients-100-veh-83-204,ipi-session-1,multiclient-scalability-run-3,veh-83,204,100-clients,default,stationary,unsynced,true,true,clients,100,count,IPI-CooperativeService,1098,1783014744707852531,1783014679965384513,1783014679965427587,1783014744807537982,99.685,,0.043,64842.110,"CooperativeService{guidedPlanning, status=request, vehicleId=0x7665682d3833, requestedHorizonMs=2500, confidence=100, planning.waypoints=1, offloadTaskId=probe-204, offloadPayload=1024 bytes}"
5g-sender,1783014745079585146,edge4av-real-20260702-multiclient-scalability-run-3,p5g-scale-mqtt-payload-1024-clients-100,scale,guided-planning,mqtt,veh-83,veh-83,rsu-1,p5g-scale-mqtt-payload-1024-clients-100-veh-83-205,ipi-session-1,multiclient-scalability-run-3,veh-83,205,100-clients,default,stationary,unsynced,true,true,clients,100,count,IPI-CooperativeService,1098,1783014745007679045,1783014680244373058,1783014680244436989,1783014745079585146,71.906,,0.064,64835.148,"CooperativeService{guidedPlanning, status=request, vehicleId=0x7665682d3833, requestedHorizonMs=2500, confidence=100, planning.waypoints=1, offloadTaskId=probe-205, offloadPayload=1024 bytes}"
5g-sender,1783014745357698654,edge4av-real-20260702-multiclient-scalability-run-3,p5g-scale-mqtt-payload-1024-clients-100,scale,guided-planning,mqtt,veh-83,veh-83,rsu-1,p5g-scale-mqtt-payload-1024-clients-100-veh-83-206,ipi-session-1,multiclient-scalability-run-3,veh-83,206,100-clients,default,stationary,unsynced,true,true,clients,100,count,IPI-CooperativeService,1098,1783014745279725300,1783014680525738250,1783014680525786215,1783014745357698654,77.973,,0.048,64831.912,"CooperativeService{guidedPlanning, status=request, vehicleId=0x7665682d3833, requestedHorizonMs=2500, confidence=100, planning.waypoints=1, offloadTaskId=probe-206, offloadPayload=1024 bytes}"
5g-sender,1783014745701465986,edge4av-real-20260702-multiclient-scalability-run-3,p5g-scale-mqtt-payload-1024-clients-100,scale,guided-planning,mqtt,veh-83,veh-83,rsu-1,p5g-scale-mqtt-payload-1024-clients-100-veh-83-207,ipi-session-1,multiclient-scalability-run-3,veh-83,207,100-clients,default,stationary,unsynced,true,true,clients,100,count,IPI-CooperativeService,1098,1783014745557846133,1783014680865714179,1783014680865761450,1783014745701465986,143.620,,0.047,64835.705,"CooperativeService{guidedPlanning, status=request, vehicleId=0x7665682d3833, requestedHorizonMs=2500, confidence=100, planning.waypoints=1, offloadTaskId=probe-207, offloadPayload=1024 bytes}"
5g-sender,1783014746057507036,edge4av-real-20260702-multiclient-scalability-run-3,p5g-scale-mqtt-payload-1024-clients-100,scale,guided-planning,mqtt,veh-83,veh-83,rsu-1,p5g-scale-mqtt-payload-1024-clients-100-veh-83-208,ipi-session-1,multiclient-scalability-run-3,veh-83,208,100-clients,default,stationary,unsynced,true,true,clients,100,count,IPI-CooperativeService,1098,1783014745901616345,1783014681226099512,1783014681226175485,1783014746057507036,155.891,,0.076,64831.332,"CooperativeService{guidedPlanning, status=request, vehicleId=0x7665682d3833, requestedHorizonMs=2500, confidence=100, planning.waypoints=1, offloadTaskId=probe-208, offloadPayload=1024 bytes}"
5g-sender,1783014746429545707,edge4av-real-20260702-multiclient-scalability-run-3,p5g-scale-mqtt-payload-1024-clients-100,scale,guided-planning,mqtt,veh-83,veh-83,rsu-1,p5g-scale-mqtt-payload-1024-clients-100-veh-83-209,ipi-session-1,multiclient-scalability-run-3,veh-83,209,100-clients,default,stationary,unsynced,true,true,clients,100,count,IPI-CooperativeService,1098,1783014746257645378,1783014681589331837,1783014681589375240,1783014746429545707,171.900,,0.043,64840.170,"CooperativeService{guidedPlanning, status=request, vehicleId=0x7665682d3833, requestedHorizonMs=2500, confidence=100, planning.waypoints=1, offloadTaskId=probe-209, offloadPayload=1024 bytes}"
5g-sender,1783014746767532457,edge4av-real-20260702-multiclient-scalability-run-3,p5g-scale-mqtt-payload-1024-clients-100,scale,guided-planning,mqtt,veh-83,veh-83,rsu-1,p5g-scale-mqtt-payload-1024-clients-100-veh-83-210,ipi-session-1,multiclient-scalability-run-3,veh-83,210,100-clients,default,stationary,unsynced,true,true,clients,100,count,IPI-CooperativeService,1098,1783014746629688327,1783014681928356939,1783014681928414864,1783014746767532457,137.844,,0.058,64839.118,"CooperativeService{guidedPlanning, status=request, vehicleId=0x7665682d3833, requestedHorizonMs=2500, confidence=100, planning.waypoints=1, offloadTaskId=probe-210, offloadPayload=1024 bytes}"
5g-sender,1783014747141569603,edge4av-real-20260702-multiclient-scalability-run-3,p5g-scale-mqtt-payload-1024-clients-100,scale,guided-planning,mqtt,veh-83,veh-83,rsu-1,p5g-scale-mqtt-payload-1024-clients-100-veh-83-211,ipi-session-1,multiclient-scalability-run-3,veh-83,211,100-clients,default,stationary,unsynced,true,true,clients,100,count,IPI-CooperativeService,1098,1783014746967639466,1783014682307711187,1783014682307780215,1783014747141569603,173.930,,0.069,64833.789,"CooperativeService{guidedPlanning, status=request, vehicleId=0x7665682d3833, requestedHorizonMs=2500, confidence=100, planning.waypoints=1, offloadTaskId=probe-211, offloadPayload=1024 bytes}"
5g-sender,1783014747473627939,edge4av-real-20260702-multiclient-scalability-run-3,p5g-scale-mqtt-payload-1024-clients-100,scale,guided-planning,mqtt,veh-83,veh-83,rsu-1,p5g-scale-mqtt-payload-1024-clients-100-veh-83-212,ipi-session-1,multiclient-scalability-run-3,veh-83,212,100-clients,default,stationary,unsynced,true,true,clients,100,count,IPI-CooperativeService,1098,1783014747341707113,1783014682639147743,1783014682639191742,1783014747473627939,131.921,,0.044,64834.436,"CooperativeService{guidedPlanning, status=request, vehicleId=0x7665682d3833, requestedHorizonMs=2500, confidence=100, planning.waypoints=1, offloadTaskId=probe-212, offloadPayload=1024 bytes}"
5g-sender,1783014747823569885,edge4av-real-20260702-multiclient-scalability-run-3,p5g-scale-mqtt-payload-1024-clients-100,scale,guided-planning,mqtt,veh-83,veh-83,rsu-1,p5g-scale-mqtt-payload-1024-clients-100-veh-83-213,ipi-session-1,multiclient-scalability-run-3,veh-83,213,100-clients,default,stationary,unsynced,true,true,clients,100,count,IPI-CooperativeService,1098,1783014747673772564,1783014682989543663,1783014682989585979,1783014747823569885,149.797,,0.042,64833.984,"CooperativeService{guidedPlanning, status=request, vehicleId=0x7665682d3833, requestedHorizonMs=2500, confidence=100, planning.waypoints=1, offloadTaskId=probe-213, offloadPayload=1024 bytes}"
5g-sender,1783014748167505435,edge4av-real-20260702-multiclient-scalability-run-3,p5g-scale-mqtt-payload-1024-clients-100,scale,guided-planning,mqtt,veh-83,veh-83,rsu-1,p5g-scale-mqtt-payload-1024-clients-100-veh-83-214,ipi-session-1,multiclient-scalability-run-3,veh-83,214,100-clients,default,stationary,unsynced,true,true,clients,100,count,IPI-CooperativeService,1098,1783014748023722104,1783014683329209449,1783014683329266323,1783014748167505435,143.783,,0.057,64838.239,"CooperativeService{guidedPlanning, status=request, vehicleId=0x7665682d3833, requestedHorizonMs=2500, confidence=100, planning.waypoints=1, offloadTaskId=probe-214, offloadPayload=1024 bytes}"
5g-sender,1783014748505524500,edge4av-real-20260702-multiclient-scalability-run-3,p5g-scale-mqtt-payload-1024-clients-100,scale,guided-planning,mqtt,veh-83,veh-83,rsu-1,p5g-scale-mqtt-payload-1024-clients-100-veh-83-215,ipi-session-1,multiclient-scalability-run-3,veh-83,215,100-clients,default,stationary,unsynced,true,true,clients,100,count,IPI-CooperativeService,1098,1783014748367680474,1783014683670994296,1783014683671037603,1783014748505524500,137.844,,0.043,64834.487,"CooperativeService{guidedPlanning, status=request, vehicleId=0x7665682d3833, requestedHorizonMs=2500, confidence=100, planning.waypoints=1, offloadTaskId=probe-215, offloadPayload=1024 bytes}"
5g-sender,1783014748879397249,edge4av-real-20260702-multiclient-scalability-run-3,p5g-scale-mqtt-payload-1024-clients-100,scale,guided-planning,mqtt,veh-83,veh-83,rsu-1,p5g-scale-mqtt-payload-1024-clients-100-veh-83-216,ipi-session-1,multiclient-scalability-run-3,veh-83,216,100-clients,default,stationary,unsynced,true,true,clients,100,count,IPI-CooperativeService,1098,1783014748705660444,1783014684041820357,1783014684041864657,1783014748879397249,173.737,,0.044,64837.533,"CooperativeService{guidedPlanning, status=request, vehicleId=0x7665682d3833, requestedHorizonMs=2500, confidence=100, planning.waypoints=1, offloadTaskId=probe-216, offloadPayload=1024 bytes}"
5g-sender,1783014749241570323,edge4av-real-20260702-multiclient-scalability-run-3,p5g-scale-mqtt-payload-1024-clients-100,scale,guided-planning,mqtt,veh-83,veh-83,rsu-1,p5g-scale-mqtt-payload-1024-clients-100-veh-83-217,ipi-session-1,multiclient-scalability-run-3,veh-83,217,100-clients,default,stationary,unsynced,true,true,clients,100,count,IPI-CooperativeService,1098,1783014749079542874,1783014684403462105,1783014684403506004,1783014749241570323,162.027,,0.044,64838.064,"CooperativeService{guidedPlanning, status=request, vehicleId=0x7665682d3833, requestedHorizonMs=2500, confidence=100, planning.waypoints=1, offloadTaskId=probe-217, offloadPayload=1024 bytes}"
5g-sender,1783014749627536116,edge4av-real-20260702-multiclient-scalability-run-3,p5g-scale-mqtt-payload-1024-clients-100,scale,guided-planning,mqtt,veh-83,veh-83,rsu-1,p5g-scale-mqtt-payload-1024-clients-100-veh-83-218,ipi-session-1,multiclient-scalability-run-3,veh-83,218,100-clients,default,stationary,unsynced,true,true,clients,100,count,IPI-CooperativeService,1098,1783014749441708841,1783014684782102642,1783014684782152683,1783014749627536116,185.827,,0.050,64845.383,"CooperativeService{guidedPlanning, status=request, vehicleId=0x7665682d3833, requestedHorizonMs=2500, confidence=100, planning.waypoints=1, offloadTaskId=probe-218, offloadPayload=1024 bytes}"
5g-sender,1783014749987625901,edge4av-real-20260702-multiclient-scalability-run-3,p5g-scale-mqtt-payload-1024-clients-100,scale,guided-planning,mqtt,veh-83,veh-83,rsu-1,p5g-scale-mqtt-payload-1024-clients-100-veh-83-219,ipi-session-1,multiclient-scalability-run-3,veh-83,219,100-clients,default,stationary,unsynced,true,true,clients,100,count,IPI-CooperativeService,1098,1783014749827677744,1783014685153411503,1783014685153455684,1783014749987625901,159.948,,0.044,64834.170,"CooperativeService{guidedPlanning, status=request, vehicleId=0x7665682d3833, requestedHorizonMs=2500, confidence=100, planning.waypoints=1, offloadTaskId=probe-219, offloadPayload=1024 bytes}"
5g-sender,1783014750299391151,edge4av-real-20260702-multiclient-scalability-run-3,p5g-scale-mqtt-payload-1024-clients-100,scale,guided-planning,mqtt,veh-83,veh-83,rsu-1,p5g-scale-mqtt-payload-1024-clients-100-veh-83-220,ipi-session-1,multiclient-scalability-run-3,veh-83,220,100-clients,default,stationary,unsynced,true,true,clients,100,count,IPI-CooperativeService,1098,1783014750187733009,1783014685465435056,1783014685465492121,1783014750299391151,111.658,,0.057,64833.899,"CooperativeService{guidedPlanning, status=request, vehicleId=0x7665682d3833, requestedHorizonMs=2500, confidence=100, planning.waypoints=1, offloadTaskId=probe-220, offloadPayload=1024 bytes}"
5g-sender,1783014750661565167,edge4av-real-20260702-multiclient-scalability-run-3,p5g-scale-mqtt-payload-1024-clients-100,scale,guided-planning,mqtt,veh-83,veh-83,rsu-1,p5g-scale-mqtt-payload-1024-clients-100-veh-83-221,ipi-session-1,multiclient-scalability-run-3,veh-83,221,100-clients,default,stationary,unsynced,true,true,clients,100,count,IPI-CooperativeService,1098,1783014750499533452,1783014685824187005,1783014685824230895,1783014750661565167,162.032,,0.044,64837.334,"CooperativeService{guidedPlanning, status=request, vehicleId=0x7665682d3833, requestedHorizonMs=2500, confidence=100, planning.waypoints=1, offloadTaskId=probe-221, offloadPayload=1024 bytes}"
5g-sender,1783014751017574517,edge4av-real-20260702-multiclient-scalability-run-3,p5g-scale-mqtt-payload-1024-clients-100,scale,guided-planning,mqtt,veh-83,veh-83,rsu-1,p5g-scale-mqtt-payload-1024-clients-100-veh-83-222,ipi-session-1,multiclient-scalability-run-3,veh-83,222,100-clients,default,stationary,unsynced,true,true,clients,100,count,IPI-CooperativeService,1098,1783014750861750407,1783014686185486429,1783014686185530347,1783014751017574517,155.824,,0.044,64832.044,"CooperativeService{guidedPlanning, status=request, vehicleId=0x7665682d3833, requestedHorizonMs=2500, confidence=100, planning.waypoints=1, offloadTaskId=probe-222, offloadPayload=1024 bytes}"
5g-sender,1783014751371494604,edge4av-real-20260702-multiclient-scalability-run-3,p5g-scale-mqtt-payload-1024-clients-100,scale,guided-planning,mqtt,veh-83,veh-83,rsu-1,p5g-scale-mqtt-payload-1024-clients-100-veh-83-223,ipi-session-1,multiclient-scalability-run-3,veh-83,223,100-clients,default,stationary,unsynced,true,true,clients,100,count,IPI-CooperativeService,1098,1783014751217735451,1783014686536568060,1783014686536618095,1783014751371494604,153.759,,0.050,64834.877,"CooperativeService{guidedPlanning, status=request, vehicleId=0x7665682d3833, requestedHorizonMs=2500, confidence=100, planning.waypoints=1, offloadTaskId=probe-223, offloadPayload=1024 bytes}"
5g-sender,1783014751701459790,edge4av-real-20260702-multiclient-scalability-run-3,p5g-scale-mqtt-payload-1024-clients-100,scale,guided-planning,mqtt,veh-83,veh-83,rsu-1,p5g-scale-mqtt-payload-1024-clients-100-veh-83-224,ipi-session-1,multiclient-scalability-run-3,veh-83,224,100-clients,default,stationary,unsynced,true,true,clients,100,count,IPI-CooperativeService,1098,1783014751571645588,1783014686867939969,1783014686867982945,1783014751701459790,129.814,,0.043,64833.477,"CooperativeService{guidedPlanning, status=request, vehicleId=0x7665682d3833, requestedHorizonMs=2500, confidence=100, planning.waypoints=1, offloadTaskId=probe-224, offloadPayload=1024 bytes}"
5g-sender,1783014751999408325,edge4av-real-20260702-multiclient-scalability-run-3,p5g-scale-mqtt-payload-1024-clients-100,scale,guided-planning,mqtt,veh-83,veh-83,rsu-1,p5g-scale-mqtt-payload-1024-clients-100-veh-83-225,ipi-session-1,multiclient-scalability-run-3,veh-83,225,100-clients,default,stationary,unsynced,true,true,clients,100,count,IPI-CooperativeService,1098,1783014751901607661,1783014687166452688,1783014687166496376,1783014751999408325,97.801,,0.044,64832.912,"CooperativeService{guidedPlanning, status=request, vehicleId=0x7665682d3833, requestedHorizonMs=2500, confidence=100, planning.waypoints=1, offloadTaskId=probe-225, offloadPayload=1024 bytes}"
5g-sender,1783014752301525479,edge4av-real-20260702-multiclient-scalability-run-3,p5g-scale-mqtt-payload-1024-clients-100,scale,guided-planning,mqtt,veh-83,veh-83,rsu-1,p5g-scale-mqtt-payload-1024-clients-100-veh-83-226,ipi-session-1,multiclient-scalability-run-3,veh-83,226,100-clients,default,stationary,unsynced,true,true,clients,100,count,IPI-CooperativeService,1098,1783014752199572565,1783014687467494065,1783014687467537628,1783014752301525479,101.953,,0.044,64833.988,"CooperativeService{guidedPlanning, status=request, vehicleId=0x7665682d3833, requestedHorizonMs=2500, confidence=100, planning.waypoints=1, offloadTaskId=probe-226, offloadPayload=1024 bytes}"
5g-sender,1783014752585628256,edge4av-real-20260702-multiclient-scalability-run-3,p5g-scale-mqtt-payload-1024-clients-100,scale,guided-planning,mqtt,veh-83,veh-83,rsu-1,p5g-scale-mqtt-payload-1024-clients-100-veh-83-227,ipi-session-1,multiclient-scalability-run-3,veh-83,227,100-clients,default,stationary,unsynced,true,true,clients,100,count,IPI-CooperativeService,1098,1783014752501669890,1783014687747896189,1783014687747940200,1783014752585628256,83.958,,0.044,64837.688,"CooperativeService{guidedPlanning, status=request, vehicleId=0x7665682d3833, requestedHorizonMs=2500, confidence=100, planning.waypoints=1, offloadTaskId=probe-227, offloadPayload=1024 bytes}"
5g-sender,1783014752891665735,edge4av-real-20260702-multiclient-scalability-run-3,p5g-scale-mqtt-payload-1024-clients-100,scale,guided-planning,mqtt,veh-83,veh-83,rsu-1,p5g-scale-mqtt-payload-1024-clients-100-veh-83-228,ipi-session-1,multiclient-scalability-run-3,veh-83,228,100-clients,default,stationary,unsynced,true,true,clients,100,count,IPI-CooperativeService,1098,1783014752785816024,1783014688060093592,1783014688060137228,1783014752891665735,105.850,,0.044,64831.529,"CooperativeService{guidedPlanning, status=request, vehicleId=0x7665682d3833, requestedHorizonMs=2500, confidence=100, planning.waypoints=1, offloadTaskId=probe-228, offloadPayload=1024 bytes}"
5g-sender,1783014753261219136,edge4av-real-20260702-multiclient-scalability-run-3,p5g-scale-mqtt-payload-1024-clients-100,scale,guided-planning,mqtt,veh-83,veh-83,rsu-1,p5g-scale-mqtt-payload-1024-clients-100-veh-83-229,ipi-session-1,multiclient-scalability-run-3,veh-83,229,100-clients,default,stationary,unsynced,true,true,clients,100,count,IPI-CooperativeService,1098,1783014753091811103,1783014688381076786,1783014688381131359,1783014753261219136,169.408,,0.055,64880.088,"CooperativeService{guidedPlanning, status=request, vehicleId=0x7665682d3833, requestedHorizonMs=2500, confidence=100, planning.waypoints=1, offloadTaskId=probe-229, offloadPayload=1024 bytes}"
5g-sender,1783014753525666699,edge4av-real-20260702-multiclient-scalability-run-3,p5g-scale-mqtt-payload-1024-clients-100,scale,guided-planning,mqtt,veh-83,veh-83,rsu-1,p5g-scale-mqtt-payload-1024-clients-100-veh-83-230,ipi-session-1,multiclient-scalability-run-3,veh-83,230,100-clients,default,stationary,unsynced,true,true,clients,100,count,IPI-CooperativeService,1098,1783014753461447651,1783014688689945988,1783014688689988485,1783014753525666699,64.219,,0.042,64835.678,"CooperativeService{guidedPlanning, status=request, vehicleId=0x7665682d3833, requestedHorizonMs=2500, confidence=100, planning.waypoints=1, offloadTaskId=probe-230, offloadPayload=1024 bytes}"
5g-sender,1783014753797434460,edge4av-real-20260702-multiclient-scalability-run-3,p5g-scale-mqtt-payload-1024-clients-100,scale,guided-planning,mqtt,veh-83,veh-83,rsu-1,p5g-scale-mqtt-payload-1024-clients-100-veh-83-231,ipi-session-1,multiclient-scalability-run-3,veh-83,231,100-clients,default,stationary,unsynced,true,true,clients,100,count,IPI-CooperativeService,1098,1783014753725812420,1783014688960047711,1783014688960090945,1783014753797434460,71.622,,0.043,64837.344,"CooperativeService{guidedPlanning, status=request, vehicleId=0x7665682d3833, requestedHorizonMs=2500, confidence=100, planning.waypoints=1, offloadTaskId=probe-231, offloadPayload=1024 bytes}"
5g-sender,1783014754123574049,edge4av-real-20260702-multiclient-scalability-run-3,p5g-scale-mqtt-payload-1024-clients-100,scale,guided-planning,mqtt,veh-83,veh-83,rsu-1,p5g-scale-mqtt-payload-1024-clients-100-veh-83-232,ipi-session-1,multiclient-scalability-run-3,veh-83,232,100-clients,default,stationary,unsynced,true,true,clients,100,count,IPI-CooperativeService,1098,1783014753997578314,1783014689291074628,1783014689291118945,1783014754123574049,125.996,,0.044,64832.455,"CooperativeService{guidedPlanning, status=request, vehicleId=0x7665682d3833, requestedHorizonMs=2500, confidence=100, planning.waypoints=1, offloadTaskId=probe-232, offloadPayload=1024 bytes}"
5g-sender,1783014754495544821,edge4av-real-20260702-multiclient-scalability-run-3,p5g-scale-mqtt-payload-1024-clients-100,scale,guided-planning,mqtt,veh-83,veh-83,rsu-1,p5g-scale-mqtt-payload-1024-clients-100-veh-83-233,ipi-session-1,multiclient-scalability-run-3,veh-83,233,100-clients,default,stationary,unsynced,true,true,clients,100,count,IPI-CooperativeService,1098,1783014754323720153,1783014689661280846,1783014689661324709,1783014754495544821,171.825,,0.044,64834.220,"CooperativeService{guidedPlanning, status=request, vehicleId=0x7665682d3833, requestedHorizonMs=2500, confidence=100, planning.waypoints=1, offloadTaskId=probe-233, offloadPayload=1024 bytes}"
5g-sender,1783014754869428369,edge4av-real-20260702-multiclient-scalability-run-3,p5g-scale-mqtt-payload-1024-clients-100,scale,guided-planning,mqtt,veh-83,veh-83,rsu-1,p5g-scale-mqtt-payload-1024-clients-100-veh-83-234,ipi-session-1,multiclient-scalability-run-3,veh-83,234,100-clients,default,stationary,unsynced,true,true,clients,100,count,IPI-CooperativeService,1098,1783014754695734889,1783014690032116428,1783014690032173779,1783014754869428369,173.693,,0.057,64837.255,"CooperativeService{guidedPlanning, status=request, vehicleId=0x7665682d3833, requestedHorizonMs=2500, confidence=100, planning.waypoints=1, offloadTaskId=probe-234, offloadPayload=1024 bytes}"
5g-sender,1783014755251562661,edge4av-real-20260702-multiclient-scalability-run-3,p5g-scale-mqtt-payload-1024-clients-100,scale,guided-planning,mqtt,veh-83,veh-83,rsu-1,p5g-scale-mqtt-payload-1024-clients-100-veh-83-235,ipi-session-1,multiclient-scalability-run-3,veh-83,235,100-clients,default,stationary,unsynced,true,true,clients,100,count,IPI-CooperativeService,1098,1783014755069607528,1783014690413680554,1783014690413738716,1783014755251562661,181.955,,0.058,64837.824,"CooperativeService{guidedPlanning, status=request, vehicleId=0x7665682d3833, requestedHorizonMs=2500, confidence=100, planning.waypoints=1, offloadTaskId=probe-235, offloadPayload=1024 bytes}"
5g-sender,1783014755551570270,edge4av-real-20260702-multiclient-scalability-run-3,p5g-scale-mqtt-payload-1024-clients-100,scale,guided-planning,mqtt,veh-83,veh-83,rsu-1,p5g-scale-mqtt-payload-1024-clients-100-veh-83-236,ipi-session-1,multiclient-scalability-run-3,veh-83,236,100-clients,default,stationary,unsynced,true,true,clients,100,count,IPI-CooperativeService,1098,1783014755451745459,1783014690713130259,1783014690713202898,1783014755551570270,99.825,,0.073,64838.367,"CooperativeService{guidedPlanning, status=request, vehicleId=0x7665682d3833, requestedHorizonMs=2500, confidence=100, planning.waypoints=1, offloadTaskId=probe-236, offloadPayload=1024 bytes}"
5g-sender,1783014755847594038,edge4av-real-20260702-multiclient-scalability-run-3,p5g-scale-mqtt-payload-1024-clients-100,scale,guided-planning,mqtt,veh-83,veh-83,rsu-1,p5g-scale-mqtt-payload-1024-clients-100-veh-83-237,ipi-session-1,multiclient-scalability-run-3,veh-83,237,100-clients,default,stationary,unsynced,true,true,clients,100,count,IPI-CooperativeService,1098,1783014755751723085,1783014691003263150,1783014691003328242,1783014755847594038,95.871,,0.065,64844.266,"CooperativeService{guidedPlanning, status=request, vehicleId=0x7665682d3833, requestedHorizonMs=2500, confidence=100, planning.waypoints=1, offloadTaskId=probe-237, offloadPayload=1024 bytes}"
5g-sender,1783014756167633882,edge4av-real-20260702-multiclient-scalability-run-3,p5g-scale-mqtt-payload-1024-clients-100,scale,guided-planning,mqtt,veh-83,veh-83,rsu-1,p5g-scale-mqtt-payload-1024-clients-100-veh-83-238,ipi-session-1,multiclient-scalability-run-3,veh-83,238,100-clients,default,stationary,unsynced,true,true,clients,100,count,IPI-CooperativeService,1098,1783014756047745928,1783014691334275389,1783014691334330110,1783014756167633882,119.888,,0.055,64833.304,"CooperativeService{guidedPlanning, status=request, vehicleId=0x7665682d3833, requestedHorizonMs=2500, confidence=100, planning.waypoints=1, offloadTaskId=probe-238, offloadPayload=1024 bytes}"
5g-sender,1783014756527511867,edge4av-real-20260702-multiclient-scalability-run-3,p5g-scale-mqtt-payload-1024-clients-100,scale,guided-planning,mqtt,veh-83,veh-83,rsu-1,p5g-scale-mqtt-payload-1024-clients-100-veh-83-239,ipi-session-1,multiclient-scalability-run-3,veh-83,239,100-clients,default,stationary,unsynced,true,true,clients,100,count,IPI-CooperativeService,1098,1783014756367785530,1783014691693981616,1783014691694047916,1783014756527511867,159.726,,0.066,64833.464,"CooperativeService{guidedPlanning, status=request, vehicleId=0x7665682d3833, requestedHorizonMs=2500, confidence=100, planning.waypoints=1, offloadTaskId=probe-239, offloadPayload=1024 bytes}"
5g-sender,1783014756867934573,edge4av-real-20260702-multiclient-scalability-run-3,p5g-scale-mqtt-payload-1024-clients-100,scale,guided-planning,mqtt,veh-83,veh-83,rsu-1,p5g-scale-mqtt-payload-1024-clients-100-veh-83-240,ipi-session-1,multiclient-scalability-run-3,veh-83,240,100-clients,default,stationary,unsynced,true,true,clients,100,count,IPI-CooperativeService,1098,1783014756727840827,1783014692024579553,1783014692024631105,1783014756867934573,140.094,,0.052,64843.303,"CooperativeService{guidedPlanning, status=request, vehicleId=0x7665682d3833, requestedHorizonMs=2500, confidence=100, planning.waypoints=1, offloadTaskId=probe-240, offloadPayload=1024 bytes}"
5g-sender,1783014757173543266,edge4av-real-20260702-multiclient-scalability-run-3,p5g-scale-mqtt-payload-1024-clients-100,scale,guided-planning,mqtt,veh-83,veh-83,rsu-1,p5g-scale-mqtt-payload-1024-clients-100-veh-83-241,ipi-session-1,multiclient-scalability-run-3,veh-83,241,100-clients,default,stationary,unsynced,true,true,clients,100,count,IPI-CooperativeService,1098,1783014757068083217,1783014692335849708,1783014692335903124,1783014757173543266,105.460,,0.053,64837.640,"CooperativeService{guidedPlanning, status=request, vehicleId=0x7665682d3833, requestedHorizonMs=2500, confidence=100, planning.waypoints=1, offloadTaskId=probe-241, offloadPayload=1024 bytes}"
5g-sender,1783014757503671184,edge4av-real-20260702-multiclient-scalability-run-3,p5g-scale-mqtt-payload-1024-clients-100,scale,guided-planning,mqtt,veh-83,veh-83,rsu-1,p5g-scale-mqtt-payload-1024-clients-100-veh-83-242,ipi-session-1,multiclient-scalability-run-3,veh-83,242,100-clients,default,stationary,unsynced,true,true,clients,100,count,IPI-CooperativeService,1098,1783014757373692380,1783014692666979284,1783014692667049621,1783014757503671184,129.979,,0.070,64836.622,"CooperativeService{guidedPlanning, status=request, vehicleId=0x7665682d3833, requestedHorizonMs=2500, confidence=100, planning.waypoints=1, offloadTaskId=probe-242, offloadPayload=1024 bytes}"
5g-sender,1783014757793729405,edge4av-real-20260702-multiclient-scalability-run-3,p5g-scale-mqtt-payload-1024-clients-100,scale,guided-planning,mqtt,veh-83,veh-83,rsu-1,p5g-scale-mqtt-payload-1024-clients-100-veh-83-243,ipi-session-1,multiclient-scalability-run-3,veh-83,243,100-clients,default,stationary,unsynced,true,true,clients,100,count,IPI-CooperativeService,1098,1783014757703816281,1783014692956077446,1783014692956129049,1783014757793729405,89.913,,0.052,64837.600,"CooperativeService{guidedPlanning, status=request, vehicleId=0x7665682d3833, requestedHorizonMs=2500, confidence=100, planning.waypoints=1, offloadTaskId=probe-243, offloadPayload=1024 bytes}"
5g-sender,1783014758110873093,edge4av-real-20260702-multiclient-scalability-run-3,p5g-scale-mqtt-payload-1024-clients-100,scale,guided-planning,mqtt,veh-83,veh-83,rsu-1,p5g-scale-mqtt-payload-1024-clients-100-veh-83-244,ipi-session-1,multiclient-scalability-run-3,veh-83,244,100-clients,default,stationary,unsynced,true,true,clients,100,count,IPI-CooperativeService,1098,1783014757993882929,1783014693238498600,1783014693238557090,1783014758110873093,116.990,,0.058,64872.316,"CooperativeService{guidedPlanning, status=request, vehicleId=0x7665682d3833, requestedHorizonMs=2500, confidence=100, planning.waypoints=1, offloadTaskId=probe-244, offloadPayload=1024 bytes}"
5g-sender,1783014758401525600,edge4av-real-20260702-multiclient-scalability-run-3,p5g-scale-mqtt-payload-1024-clients-100,scale,guided-planning,mqtt,veh-83,veh-83,rsu-1,p5g-scale-mqtt-payload-1024-clients-100-veh-83-245,ipi-session-1,multiclient-scalability-run-3,veh-83,245,100-clients,default,stationary,unsynced,true,true,clients,100,count,IPI-CooperativeService,1098,1783014758311050044,1783014693567666343,1783014693567717176,1783014758401525600,90.476,,0.051,64833.808,"CooperativeService{guidedPlanning, status=request, vehicleId=0x7665682d3833, requestedHorizonMs=2500, confidence=100, planning.waypoints=1, offloadTaskId=probe-245, offloadPayload=1024 bytes}"
5g-sender,1783014758731692481,edge4av-real-20260702-multiclient-scalability-run-3,p5g-scale-mqtt-payload-1024-clients-100,scale,guided-planning,mqtt,veh-83,veh-83,rsu-1,p5g-scale-mqtt-payload-1024-clients-100-veh-83-246,ipi-session-1,multiclient-scalability-run-3,veh-83,246,100-clients,default,stationary,unsynced,true,true,clients,100,count,IPI-CooperativeService,1098,1783014758601709954,1783014693899017152,1783014693899060400,1783014758731692481,129.983,,0.043,64832.632,"CooperativeService{guidedPlanning, status=request, vehicleId=0x7665682d3833, requestedHorizonMs=2500, confidence=100, planning.waypoints=1, offloadTaskId=probe-246, offloadPayload=1024 bytes}"
5g-sender,1783014759011574125,edge4av-real-20260702-multiclient-scalability-run-3,p5g-scale-mqtt-payload-1024-clients-100,scale,guided-planning,mqtt,veh-83,veh-83,rsu-1,p5g-scale-mqtt-payload-1024-clients-100-veh-83-247,ipi-session-1,multiclient-scalability-run-3,veh-83,247,100-clients,default,stationary,unsynced,true,true,clients,100,count,IPI-CooperativeService,1098,1783014758931835801,1783014694178026306,1783014694178070023,1783014759011574125,79.738,,0.044,64833.504,"CooperativeService{guidedPlanning, status=request, vehicleId=0x7665682d3833, requestedHorizonMs=2500, confidence=100, planning.waypoints=1, offloadTaskId=probe-247, offloadPayload=1024 bytes}"
5g-sender,1783014759297524130,edge4av-real-20260702-multiclient-scalability-run-3,p5g-scale-mqtt-payload-1024-clients-100,scale,guided-planning,mqtt,veh-83,veh-83,rsu-1,p5g-scale-mqtt-payload-1024-clients-100-veh-83-248,ipi-session-1,multiclient-scalability-run-3,veh-83,248,100-clients,default,stationary,unsynced,true,true,clients,100,count,IPI-CooperativeService,1098,1783014759211718463,1783014694459056285,1783014694459107671,1783014759297524130,85.806,,0.051,64838.416,"CooperativeService{guidedPlanning, status=request, vehicleId=0x7665682d3833, requestedHorizonMs=2500, confidence=100, planning.waypoints=1, offloadTaskId=probe-248, offloadPayload=1024 bytes}"
5g-sender,1783014759583680320,edge4av-real-20260702-multiclient-scalability-run-3,p5g-scale-mqtt-payload-1024-clients-100,scale,guided-planning,mqtt,veh-83,veh-83,rsu-1,p5g-scale-mqtt-payload-1024-clients-100-veh-83-249,ipi-session-1,multiclient-scalability-run-3,veh-83,249,100-clients,default,stationary,unsynced,true,true,clients,100,count,IPI-CooperativeService,1098,1783014759497669554,1783014694749522651,1783014694749566648,1783014759583680320,86.011,,0.044,64834.114,"CooperativeService{guidedPlanning, status=request, vehicleId=0x7665682d3833, requestedHorizonMs=2500, confidence=100, planning.waypoints=1, offloadTaskId=probe-249, offloadPayload=1024 bytes}"
5g-sender,1783014759922961223,edge4av-real-20260702-multiclient-scalability-run-3,p5g-scale-mqtt-payload-1024-clients-100,scale,guided-planning,mqtt,veh-83,veh-83,rsu-1,p5g-scale-mqtt-payload-1024-clients-100-veh-83-250,ipi-session-1,multiclient-scalability-run-3,veh-83,250,100-clients,default,stationary,unsynced,true,true,clients,100,count,IPI-CooperativeService,1098,1783014759783826981,1783014695081128760,1783014695081193322,1783014759922961223,139.134,,0.065,64841.768,"CooperativeService{guidedPlanning, status=request, vehicleId=0x7665682d3833, requestedHorizonMs=2500, confidence=100, planning.waypoints=1, offloadTaskId=probe-250, offloadPayload=1024 bytes}"
5g-sender,1783014760253800040,edge4av-real-20260702-multiclient-scalability-run-3,p5g-scale-mqtt-payload-1024-clients-100,scale,guided-planning,mqtt,veh-83,veh-83,rsu-1,p5g-scale-mqtt-payload-1024-clients-100-veh-83-251,ipi-session-1,multiclient-scalability-run-3,veh-83,251,100-clients,default,stationary,unsynced,true,true,clients,100,count,IPI-CooperativeService,1098,1783014760123107017,1783014695421309350,1783014695421363808,1783014760253800040,130.693,,0.054,64832.436,"CooperativeService{guidedPlanning, status=request, vehicleId=0x7665682d3833, requestedHorizonMs=2500, confidence=100, planning.waypoints=1, offloadTaskId=probe-251, offloadPayload=1024 bytes}"
5g-sender,1783014760603552902,edge4av-real-20260702-multiclient-scalability-run-3,p5g-scale-mqtt-payload-1024-clients-100,scale,guided-planning,mqtt,veh-83,veh-83,rsu-1,p5g-scale-mqtt-payload-1024-clients-100-veh-83-252,ipi-session-1,multiclient-scalability-run-3,veh-83,252,100-clients,default,stationary,unsynced,true,true,clients,100,count,IPI-CooperativeService,1098,1783014760454000028,1783014695761147054,1783014695761190339,1783014760603552902,149.553,,0.043,64842.363,"CooperativeService{guidedPlanning, status=request, vehicleId=0x7665682d3833, requestedHorizonMs=2500, confidence=100, planning.waypoints=1, offloadTaskId=probe-252, offloadPayload=1024 bytes}"
5g-sender,1783014760939453729,edge4av-real-20260702-multiclient-scalability-run-3,p5g-scale-mqtt-payload-1024-clients-100,scale,guided-planning,mqtt,veh-83,veh-83,rsu-1,p5g-scale-mqtt-payload-1024-clients-100-veh-83-253,ipi-session-1,multiclient-scalability-run-3,veh-83,253,100-clients,default,stationary,unsynced,true,true,clients,100,count,IPI-CooperativeService,1098,1783014760803699469,1783014696103108514,1783014696103157814,1783014760939453729,135.754,,0.049,64836.296,"CooperativeService{guidedPlanning, status=request, vehicleId=0x7665682d3833, requestedHorizonMs=2500, confidence=100, planning.waypoints=1, offloadTaskId=probe-253, offloadPayload=1024 bytes}"
5g-sender,1783014761289529778,edge4av-real-20260702-multiclient-scalability-run-3,p5g-scale-mqtt-payload-1024-clients-100,scale,guided-planning,mqtt,veh-83,veh-83,rsu-1,p5g-scale-mqtt-payload-1024-clients-100-veh-83-254,ipi-session-1,multiclient-scalability-run-3,veh-83,254,100-clients,default,stationary,unsynced,true,true,clients,100,count,IPI-CooperativeService,1098,1783014761139599846,1783014696452407406,1783014696452475397,1783014761289529778,149.930,,0.068,64837.054,"CooperativeService{guidedPlanning, status=request, vehicleId=0x7665682d3833, requestedHorizonMs=2500, confidence=100, planning.waypoints=1, offloadTaskId=probe-254, offloadPayload=1024 bytes}"
5g-sender,1783014761607796253,edge4av-real-20260702-multiclient-scalability-run-3,p5g-scale-mqtt-payload-1024-clients-100,scale,guided-planning,mqtt,veh-83,veh-83,rsu-1,p5g-scale-mqtt-payload-1024-clients-100-veh-83-255,ipi-session-1,multiclient-scalability-run-3,veh-83,255,100-clients,default,stationary,unsynced,true,true,clients,100,count,IPI-CooperativeService,1098,1783014761489683421,1783014696773115348,1783014696773166632,1783014761607796253,118.113,,0.051,64834.630,"CooperativeService{guidedPlanning, status=request, vehicleId=0x7665682d3833, requestedHorizonMs=2500, confidence=100, planning.waypoints=1, offloadTaskId=probe-255, offloadPayload=1024 bytes}"
5g-sender,1783014761969584627,edge4av-real-20260702-multiclient-scalability-run-3,p5g-scale-mqtt-payload-1024-clients-100,scale,guided-planning,mqtt,veh-83,veh-83,rsu-1,p5g-scale-mqtt-payload-1024-clients-100-veh-83-256,ipi-session-1,multiclient-scalability-run-3,veh-83,256,100-clients,default,stationary,unsynced,true,true,clients,100,count,IPI-CooperativeService,1098,1783014761807943556,1783014697134079163,1783014697134122234,1783014761969584627,161.641,,0.043,64835.462,"CooperativeService{guidedPlanning, status=request, vehicleId=0x7665682d3833, requestedHorizonMs=2500, confidence=100, planning.waypoints=1, offloadTaskId=probe-256, offloadPayload=1024 bytes}"
5g-sender,1783014762307657587,edge4av-real-20260702-multiclient-scalability-run-3,p5g-scale-mqtt-payload-1024-clients-100,scale,guided-planning,mqtt,veh-83,veh-83,rsu-1,p5g-scale-mqtt-payload-1024-clients-100-veh-83-257,ipi-session-1,multiclient-scalability-run-3,veh-83,257,100-clients,default,stationary,unsynced,true,true,clients,100,count,IPI-CooperativeService,1098,1783014762169726190,1783014697474208210,1783014697474260550,1783014762307657587,137.931,,0.052,64833.397,"CooperativeService{guidedPlanning, status=request, vehicleId=0x7665682d3833, requestedHorizonMs=2500, confidence=100, planning.waypoints=1, offloadTaskId=probe-257, offloadPayload=1024 bytes}"
5g-sender,1783014762681721936,edge4av-real-20260702-multiclient-scalability-run-3,p5g-scale-mqtt-payload-1024-clients-100,scale,guided-planning,mqtt,veh-83,veh-83,rsu-1,p5g-scale-mqtt-payload-1024-clients-100-veh-83-258,ipi-session-1,multiclient-scalability-run-3,veh-83,258,100-clients,default,stationary,unsynced,true,true,clients,100,count,IPI-CooperativeService,1098,1783014762507857634,1783014697845908954,1783014697845977523,1783014762681721936,173.864,,0.069,64835.744,"CooperativeService{guidedPlanning, status=request, vehicleId=0x7665682d3833, requestedHorizonMs=2500, confidence=100, planning.waypoints=1, offloadTaskId=probe-258, offloadPayload=1024 bytes}"
5g-sender,1783014763039542438,edge4av-real-20260702-multiclient-scalability-run-3,p5g-scale-mqtt-payload-1024-clients-100,scale,guided-planning,mqtt,veh-83,veh-83,rsu-1,p5g-scale-mqtt-payload-1024-clients-100-veh-83-259,ipi-session-1,multiclient-scalability-run-3,veh-83,259,100-clients,default,stationary,unsynced,true,true,clients,100,count,IPI-CooperativeService,1098,1783014762881914429,1783014698205446538,1783014698205497559,1783014763039542438,157.628,,0.051,64834.045,"CooperativeService{guidedPlanning, status=request, vehicleId=0x7665682d3833, requestedHorizonMs=2500, confidence=100, planning.waypoints=1, offloadTaskId=probe-259, offloadPayload=1024 bytes}"
5g-sender,1783014763367750788,edge4av-real-20260702-multiclient-scalability-run-3,p5g-scale-mqtt-payload-1024-clients-100,scale,guided-planning,mqtt,veh-83,veh-83,rsu-1,p5g-scale-mqtt-payload-1024-clients-100-veh-83-260,ipi-session-1,multiclient-scalability-run-3,veh-83,260,100-clients,default,stationary,unsynced,true,true,clients,100,count,IPI-CooperativeService,1098,1783014763239708598,1783014698528140209,1783014698528216435,1783014763367750788,128.042,,0.076,64839.534,"CooperativeService{guidedPlanning, status=request, vehicleId=0x7665682d3833, requestedHorizonMs=2500, confidence=100, planning.waypoints=1, offloadTaskId=probe-260, offloadPayload=1024 bytes}"
5g-sender,1783014763725641988,edge4av-real-20260702-multiclient-scalability-run-3,p5g-scale-mqtt-payload-1024-clients-100,scale,guided-planning,mqtt,veh-83,veh-83,rsu-1,p5g-scale-mqtt-payload-1024-clients-100-veh-83-261,ipi-session-1,multiclient-scalability-run-3,veh-83,261,100-clients,default,stationary,unsynced,true,true,clients,100,count,IPI-CooperativeService,1098,1783014763567919031,1783014698887492175,1783014698887535039,1783014763725641988,157.723,,0.043,64838.107,"CooperativeService{guidedPlanning, status=request, vehicleId=0x7665682d3833, requestedHorizonMs=2500, confidence=100, planning.waypoints=1, offloadTaskId=probe-261, offloadPayload=1024 bytes}"
5g-sender,1783014764072057707,edge4av-real-20260702-multiclient-scalability-run-3,p5g-scale-mqtt-payload-1024-clients-100,scale,guided-planning,mqtt,veh-83,veh-83,rsu-1,p5g-scale-mqtt-payload-1024-clients-100-veh-83-262,ipi-session-1,multiclient-scalability-run-3,veh-83,262,100-clients,default,stationary,unsynced,true,true,clients,100,count,IPI-CooperativeService,1098,1783014763925787974,1783014699238491813,1783014699238535168,1783014764072057707,146.270,,0.043,64833.523,"CooperativeService{guidedPlanning, status=request, vehicleId=0x7665682d3833, requestedHorizonMs=2500, confidence=100, planning.waypoints=1, offloadTaskId=probe-262, offloadPayload=1024 bytes}"
5g-sender,1783014764399537582,edge4av-real-20260702-multiclient-scalability-run-3,p5g-scale-mqtt-payload-1024-clients-100,scale,guided-planning,mqtt,veh-83,veh-83,rsu-1,p5g-scale-mqtt-payload-1024-clients-100-veh-83-263,ipi-session-1,multiclient-scalability-run-3,veh-83,263,100-clients,default,stationary,unsynced,true,true,clients,100,count,IPI-CooperativeService,1098,1783014764272240300,1783014699567571381,1783014699567636770,1783014764399537582,127.297,,0.065,64831.901,"CooperativeService{guidedPlanning, status=request, vehicleId=0x7665682d3833, requestedHorizonMs=2500, confidence=100, planning.waypoints=1, offloadTaskId=probe-263, offloadPayload=1024 bytes}"
5g-sender,1783014764673486317,edge4av-real-20260702-multiclient-scalability-run-3,p5g-scale-mqtt-payload-1024-clients-100,scale,guided-planning,mqtt,veh-83,veh-83,rsu-1,p5g-scale-mqtt-payload-1024-clients-100-veh-83-264,ipi-session-1,multiclient-scalability-run-3,veh-83,264,100-clients,default,stationary,unsynced,true,true,clients,100,count,IPI-CooperativeService,1098,1783014764599730789,1783014699838137109,1783014699838181074,1783014764673486317,73.756,,0.044,64835.305,"CooperativeService{guidedPlanning, status=request, vehicleId=0x7665682d3833, requestedHorizonMs=2500, confidence=100, planning.waypoints=1, offloadTaskId=probe-264, offloadPayload=1024 bytes}"
5g-sender,1783014764993775270,edge4av-real-20260702-multiclient-scalability-run-3,p5g-scale-mqtt-payload-1024-clients-100,scale,guided-planning,mqtt,veh-83,veh-83,rsu-1,p5g-scale-mqtt-payload-1024-clients-100-veh-83-265,ipi-session-1,multiclient-scalability-run-3,veh-83,265,100-clients,default,stationary,unsynced,true,true,clients,100,count,IPI-CooperativeService,1098,1783014764873627164,1783014700159420573,1783014700159471812,1783014764993775270,120.148,,0.051,64834.303,"CooperativeService{guidedPlanning, status=request, vehicleId=0x7665682d3833, requestedHorizonMs=2500, confidence=100, planning.waypoints=1, offloadTaskId=probe-265, offloadPayload=1024 bytes}"
5g-sender,1783014765283530924,edge4av-real-20260702-multiclient-scalability-run-3,p5g-scale-mqtt-payload-1024-clients-100,scale,guided-planning,mqtt,veh-83,veh-83,rsu-1,p5g-scale-mqtt-payload-1024-clients-100-veh-83-266,ipi-session-1,multiclient-scalability-run-3,veh-83,266,100-clients,default,stationary,unsynced,true,true,clients,100,count,IPI-CooperativeService,1098,1783014765193922700,1783014700451025103,1783014700451082330,1783014765283530924,89.608,,0.057,64832.449,"CooperativeService{guidedPlanning, status=request, vehicleId=0x7665682d3833, requestedHorizonMs=2500, confidence=100, planning.waypoints=1, offloadTaskId=probe-266, offloadPayload=1024 bytes}"
5g-sender,1783014765543707025,edge4av-real-20260702-multiclient-scalability-run-3,p5g-scale-mqtt-payload-1024-clients-100,scale,guided-planning,mqtt,veh-83,veh-83,rsu-1,p5g-scale-mqtt-payload-1024-clients-100-veh-83-267,ipi-session-1,multiclient-scalability-run-3,veh-83,267,100-clients,default,stationary,unsynced,true,true,clients,100,count,IPI-CooperativeService,1098,1783014765483676107,1783014700710244333,1783014700710303684,1783014765543707025,60.031,,0.059,64833.403,"CooperativeService{guidedPlanning, status=request, vehicleId=0x7665682d3833, requestedHorizonMs=2500, confidence=100, planning.waypoints=1, offloadTaskId=probe-267, offloadPayload=1024 bytes}"
5g-sender,1783014765815670716,edge4av-real-20260702-multiclient-scalability-run-3,p5g-scale-mqtt-payload-1024-clients-100,scale,guided-planning,mqtt,veh-83,veh-83,rsu-1,p5g-scale-mqtt-payload-1024-clients-100-veh-83-268,ipi-session-1,multiclient-scalability-run-3,veh-83,268,100-clients,default,stationary,unsynced,true,true,clients,100,count,IPI-CooperativeService,1098,1783014765743853998,1783014700981928604,1783014700981997163,1783014765815670716,71.817,,0.069,64833.674,"CooperativeService{guidedPlanning, status=request, vehicleId=0x7665682d3833, requestedHorizonMs=2500, confidence=100, planning.waypoints=1, offloadTaskId=probe-268, offloadPayload=1024 bytes}"
5g-sender,1783014766129522348,edge4av-real-20260702-multiclient-scalability-run-3,p5g-scale-mqtt-payload-1024-clients-100,scale,guided-planning,mqtt,veh-83,veh-83,rsu-1,p5g-scale-mqtt-payload-1024-clients-100-veh-83-269,ipi-session-1,multiclient-scalability-run-3,veh-83,269,100-clients,default,stationary,unsynced,true,true,clients,100,count,IPI-CooperativeService,1098,1783014766015835602,1783014701290984925,1783014701291035969,1783014766129522348,113.687,,0.051,64838.486,"CooperativeService{guidedPlanning, status=request, vehicleId=0x7665682d3833, requestedHorizonMs=2500, confidence=100, planning.waypoints=1, offloadTaskId=probe-269, offloadPayload=1024 bytes}"
5g-sender,1783014766457761617,edge4av-real-20260702-multiclient-scalability-run-3,p5g-scale-mqtt-payload-1024-clients-100,scale,guided-planning,mqtt,veh-83,veh-83,rsu-1,p5g-scale-mqtt-payload-1024-clients-100-veh-83-270,ipi-session-1,multiclient-scalability-run-3,veh-83,270,100-clients,default,stationary,unsynced,true,true,clients,100,count,IPI-CooperativeService,1098,1783014766329709494,1783014701622445328,1783014701622496930,1783014766457761617,128.052,,0.052,64835.265,"CooperativeService{guidedPlanning, status=request, vehicleId=0x7665682d3833, requestedHorizonMs=2500, confidence=100, planning.waypoints=1, offloadTaskId=probe-270, offloadPayload=1024 bytes}"
5g-sender,1783014766787768918,edge4av-real-20260702-multiclient-scalability-run-3,p5g-scale-mqtt-payload-1024-clients-100,scale,guided-planning,mqtt,veh-83,veh-83,rsu-1,p5g-scale-mqtt-payload-1024-clients-100-veh-83-271,ipi-session-1,multiclient-scalability-run-3,veh-83,271,100-clients,default,stationary,unsynced,true,true,clients,100,count,IPI-CooperativeService,1098,1783014766657913107,1783014701952494342,1783014701952550530,1783014766787768918,129.856,,0.056,64835.218,"CooperativeService{guidedPlanning, status=request, vehicleId=0x7665682d3833, requestedHorizonMs=2500, confidence=100, planning.waypoints=1, offloadTaskId=probe-271, offloadPayload=1024 bytes}"
5g-sender,1783014767129538432,edge4av-real-20260702-multiclient-scalability-run-3,p5g-scale-mqtt-payload-1024-clients-100,scale,guided-planning,mqtt,veh-83,veh-83,rsu-1,p5g-scale-mqtt-payload-1024-clients-100-veh-83-272,ipi-session-1,multiclient-scalability-run-3,veh-83,272,100-clients,default,stationary,unsynced,true,true,clients,100,count,IPI-CooperativeService,1098,1783014766987912927,1783014702292798682,1783014702292842067,1783014767129538432,141.626,,0.043,64836.696,"CooperativeService{guidedPlanning, status=request, vehicleId=0x7665682d3833, requestedHorizonMs=2500, confidence=100, planning.waypoints=1, offloadTaskId=probe-272, offloadPayload=1024 bytes}"
5g-sender,1783014767389514177,edge4av-real-20260702-multiclient-scalability-run-3,p5g-scale-mqtt-payload-1024-clients-100,scale,guided-planning,mqtt,veh-83,veh-83,rsu-1,p5g-scale-mqtt-payload-1024-clients-100-veh-83-273,ipi-session-1,multiclient-scalability-run-3,veh-83,273,100-clients,default,stationary,unsynced,true,true,clients,100,count,IPI-CooperativeService,1098,1783014767329716299,1783014702556070672,1783014702556114809,1783014767389514177,59.798,,0.044,64833.399,"CooperativeService{guidedPlanning, status=request, vehicleId=0x7665682d3833, requestedHorizonMs=2500, confidence=100, planning.waypoints=1, offloadTaskId=probe-273, offloadPayload=1024 bytes}"
5g-sender,1783014767659423399,edge4av-real-20260702-multiclient-scalability-run-3,p5g-scale-mqtt-payload-1024-clients-100,scale,guided-planning,mqtt,veh-83,veh-83,rsu-1,p5g-scale-mqtt-payload-1024-clients-100-veh-83-274,ipi-session-1,multiclient-scalability-run-3,veh-83,274,100-clients,default,stationary,unsynced,true,true,clients,100,count,IPI-CooperativeService,1098,1783014767589660053,1783014702823591200,1783014702823646877,1783014767659423399,69.763,,0.056,64835.777,"CooperativeService{guidedPlanning, status=request, vehicleId=0x7665682d3833, requestedHorizonMs=2500, confidence=100, planning.waypoints=1, offloadTaskId=probe-274, offloadPayload=1024 bytes}"
5g-sender,1783014767929709566,edge4av-real-20260702-multiclient-scalability-run-3,p5g-scale-mqtt-payload-1024-clients-100,scale,guided-planning,mqtt,veh-83,veh-83,rsu-1,p5g-scale-mqtt-payload-1024-clients-100-veh-83-275,ipi-session-1,multiclient-scalability-run-3,veh-83,275,100-clients,default,stationary,unsynced,true,true,clients,100,count,IPI-CooperativeService,1098,1783014767859571802,1783014703096421374,1783014703096478547,1783014767929709566,70.138,,0.057,64833.231,"CooperativeService{guidedPlanning, status=request, vehicleId=0x7665682d3833, requestedHorizonMs=2500, confidence=100, planning.waypoints=1, offloadTaskId=probe-275, offloadPayload=1024 bytes}"
5g-sender,1783014768211670007,edge4av-real-20260702-multiclient-scalability-run-3,p5g-scale-mqtt-payload-1024-clients-100,scale,guided-planning,mqtt,veh-83,veh-83,rsu-1,p5g-scale-mqtt-payload-1024-clients-100-veh-83-276,ipi-session-1,multiclient-scalability-run-3,veh-83,276,100-clients,default,stationary,unsynced,true,true,clients,100,count,IPI-CooperativeService,1098,1783014768129886959,1783014703374564069,1783014703374614921,1783014768211670007,81.783,,0.051,64837.055,"CooperativeService{guidedPlanning, status=request, vehicleId=0x7665682d3833, requestedHorizonMs=2500, confidence=100, planning.waypoints=1, offloadTaskId=probe-276, offloadPayload=1024 bytes}"
5g-sender,1783014768527679448,edge4av-real-20260702-multiclient-scalability-run-3,p5g-scale-mqtt-payload-1024-clients-100,scale,guided-planning,mqtt,veh-83,veh-83,rsu-1,p5g-scale-mqtt-payload-1024-clients-100-veh-83-277,ipi-session-1,multiclient-scalability-run-3,veh-83,277,100-clients,default,stationary,unsynced,true,true,clients,100,count,IPI-CooperativeService,1098,1783014768411865904,1783014703685564838,1783014703685609105,1783014768527679448,115.814,,0.044,64842.070,"CooperativeService{guidedPlanning, status=request, vehicleId=0x7665682d3833, requestedHorizonMs=2500, confidence=100, planning.waypoints=1, offloadTaskId=probe-277, offloadPayload=1024 bytes}"
5g-sender,1783014768839748278,edge4av-real-20260702-multiclient-scalability-run-3,p5g-scale-mqtt-payload-1024-clients-100,scale,guided-planning,mqtt,veh-83,veh-83,rsu-1,p5g-scale-mqtt-payload-1024-clients-100-veh-83-278,ipi-session-1,multiclient-scalability-run-3,veh-83,278,100-clients,default,stationary,unsynced,true,true,clients,100,count,IPI-CooperativeService,1098,1783014768727830621,1783014704005995468,1783014704006038915,1783014768839748278,111.918,,0.043,64833.709,"CooperativeService{guidedPlanning, status=request, vehicleId=0x7665682d3833, requestedHorizonMs=2500, confidence=100, planning.waypoints=1, offloadTaskId=probe-278, offloadPayload=1024 bytes}"
5g-sender,1783014769131758408,edge4av-real-20260702-multiclient-scalability-run-3,p5g-scale-mqtt-payload-1024-clients-100,scale,guided-planning,mqtt,veh-83,veh-83,rsu-1,p5g-scale-mqtt-payload-1024-clients-100-veh-83-279,ipi-session-1,multiclient-scalability-run-3,veh-83,279,100-clients,default,stationary,unsynced,true,true,clients,100,count,IPI-CooperativeService,1098,1783014769039904634,1783014704297493675,1783014704297537968,1783014769131758408,91.854,,0.044,64834.220,"CooperativeService{guidedPlanning, status=request, vehicleId=0x7665682d3833, requestedHorizonMs=2500, confidence=100, planning.waypoints=1, offloadTaskId=probe-279, offloadPayload=1024 bytes}"
5g-sender,1783014769395721545,edge4av-real-20260702-multiclient-scalability-run-3,p5g-scale-mqtt-payload-1024-clients-100,scale,guided-planning,mqtt,veh-83,veh-83,rsu-1,p5g-scale-mqtt-payload-1024-clients-100-veh-83-280,ipi-session-1,multiclient-scalability-run-3,veh-83,280,100-clients,default,stationary,unsynced,true,true,clients,100,count,IPI-CooperativeService,1098,1783014769331902087,1783014704559732058,1783014704559775629,1783014769395721545,63.819,,0.044,64835.946,"CooperativeService{guidedPlanning, status=request, vehicleId=0x7665682d3833, requestedHorizonMs=2500, confidence=100, planning.waypoints=1, offloadTaskId=probe-280, offloadPayload=1024 bytes}"
5g-sender,1783014769665759208,edge4av-real-20260702-multiclient-scalability-run-3,p5g-scale-mqtt-payload-1024-clients-100,scale,guided-planning,mqtt,veh-83,veh-83,rsu-1,p5g-scale-mqtt-payload-1024-clients-100-veh-83-281,ipi-session-1,multiclient-scalability-run-3,veh-83,281,100-clients,default,stationary,unsynced,true,true,clients,100,count,IPI-CooperativeService,1098,1783014769595867797,1783014704827047199,1783014704827090464,1783014769665759208,69.891,,0.043,64838.669,"CooperativeService{guidedPlanning, status=request, vehicleId=0x7665682d3833, requestedHorizonMs=2500, confidence=100, planning.waypoints=1, offloadTaskId=probe-281, offloadPayload=1024 bytes}"
5g-sender,1783014769961837097,edge4av-real-20260702-multiclient-scalability-run-3,p5g-scale-mqtt-payload-1024-clients-100,scale,guided-planning,mqtt,veh-83,veh-83,rsu-1,p5g-scale-mqtt-payload-1024-clients-100-veh-83-282,ipi-session-1,multiclient-scalability-run-3,veh-83,282,100-clients,default,stationary,unsynced,true,true,clients,100,count,IPI-CooperativeService,1098,1783014769865904374,1783014705130134378,1783014705130192498,1783014769961837097,95.933,,0.058,64831.645,"CooperativeService{guidedPlanning, status=request, vehicleId=0x7665682d3833, requestedHorizonMs=2500, confidence=100, planning.waypoints=1, offloadTaskId=probe-282, offloadPayload=1024 bytes}"
5g-sender,1783014770255656263,edge4av-real-20260702-multiclient-scalability-run-3,p5g-scale-mqtt-payload-1024-clients-100,scale,guided-planning,mqtt,veh-83,veh-83,rsu-1,p5g-scale-mqtt-payload-1024-clients-100-veh-83-283,ipi-session-1,multiclient-scalability-run-3,veh-83,283,100-clients,default,stationary,unsynced,true,true,clients,100,count,IPI-CooperativeService,1098,1783014770162053330,1783014705418467041,1783014705418511271,1783014770255656263,93.603,,0.044,64837.145,"CooperativeService{guidedPlanning, status=request, vehicleId=0x7665682d3833, requestedHorizonMs=2500, confidence=100, planning.waypoints=1, offloadTaskId=probe-283, offloadPayload=1024 bytes}"
5g-sender,1783014770565713471,edge4av-real-20260702-multiclient-scalability-run-3,p5g-scale-mqtt-payload-1024-clients-100,scale,guided-planning,mqtt,veh-83,veh-83,rsu-1,p5g-scale-mqtt-payload-1024-clients-100-veh-83-284,ipi-session-1,multiclient-scalability-run-3,veh-83,284,100-clients,default,stationary,unsynced,true,true,clients,100,count,IPI-CooperativeService,1098,1783014770455826886,1783014705728611827,1783014705728701202,1783014770565713471,109.887,,0.089,64837.012,"CooperativeService{guidedPlanning, status=request, vehicleId=0x7665682d3833, requestedHorizonMs=2500, confidence=100, planning.waypoints=1, offloadTaskId=probe-284, offloadPayload=1024 bytes}"
5g-sender,1783014770865737965,edge4av-real-20260702-multiclient-scalability-run-3,p5g-scale-mqtt-payload-1024-clients-100,scale,guided-planning,mqtt,veh-83,veh-83,rsu-1,p5g-scale-mqtt-payload-1024-clients-100-veh-83-285,ipi-session-1,multiclient-scalability-run-3,veh-83,285,100-clients,default,stationary,unsynced,true,true,clients,100,count,IPI-CooperativeService,1098,1783014770765948811,1783014706029293565,1783014706029339933,1783014770865737965,99.789,,0.046,64836.398,"CooperativeService{guidedPlanning, status=request, vehicleId=0x7665682d3833, requestedHorizonMs=2500, confidence=100, planning.waypoints=1, offloadTaskId=probe-285, offloadPayload=1024 bytes}"
5g-sender,1783014771187786159,edge4av-real-20260702-multiclient-scalability-run-3,p5g-scale-mqtt-payload-1024-clients-100,scale,guided-planning,mqtt,veh-83,veh-83,rsu-1,p5g-scale-mqtt-payload-1024-clients-100-veh-83-286,ipi-session-1,multiclient-scalability-run-3,veh-83,286,100-clients,default,stationary,unsynced,true,true,clients,100,count,IPI-CooperativeService,1098,1783014771065921451,1783014706350836283,1783014706350883762,1783014771187786159,121.865,,0.047,64836.902,"CooperativeService{guidedPlanning, status=request, vehicleId=0x7665682d3833, requestedHorizonMs=2500, confidence=100, planning.waypoints=1, offloadTaskId=probe-286, offloadPayload=1024 bytes}"
5g-sender,1783014771475638804,edge4av-real-20260702-multiclient-scalability-run-3,p5g-scale-mqtt-payload-1024-clients-100,scale,guided-planning,mqtt,veh-83,veh-83,rsu-1,p5g-scale-mqtt-payload-1024-clients-100-veh-83-287,ipi-session-1,multiclient-scalability-run-3,veh-83,287,100-clients,default,stationary,unsynced,true,true,clients,100,count,IPI-CooperativeService,1098,1783014771387932681,1783014706641726553,1783014706641770705,1783014771475638804,87.706,,0.044,64833.868,"CooperativeService{guidedPlanning, status=request, vehicleId=0x7665682d3833, requestedHorizonMs=2500, confidence=100, planning.waypoints=1, offloadTaskId=probe-287, offloadPayload=1024 bytes}"
5g-sender,1783014771751631287,edge4av-real-20260702-multiclient-scalability-run-3,p5g-scale-mqtt-payload-1024-clients-100,scale,guided-planning,mqtt,veh-83,veh-83,rsu-1,p5g-scale-mqtt-payload-1024-clients-100-veh-83-288,ipi-session-1,multiclient-scalability-run-3,veh-83,288,100-clients,default,stationary,unsynced,true,true,clients,100,count,IPI-CooperativeService,1098,1783014771675777921,1783014706911986623,1783014706912053917,1783014771751631287,75.853,,0.067,64839.577,"CooperativeService{guidedPlanning, status=request, vehicleId=0x7665682d3833, requestedHorizonMs=2500, confidence=100, planning.waypoints=1, offloadTaskId=probe-288, offloadPayload=1024 bytes}"
5g-sender,1783014772039557600,edge4av-real-20260702-multiclient-scalability-run-3,p5g-scale-mqtt-payload-1024-clients-100,scale,guided-planning,mqtt,veh-83,veh-83,rsu-1,p5g-scale-mqtt-payload-1024-clients-100-veh-83-289,ipi-session-1,multiclient-scalability-run-3,veh-83,289,100-clients,default,stationary,unsynced,true,true,clients,100,count,IPI-CooperativeService,1098,1783014771951812227,1783014707202840906,1783014707202885019,1783014772039557600,87.745,,0.044,64836.673,"CooperativeService{guidedPlanning, status=request, vehicleId=0x7665682d3833, requestedHorizonMs=2500, confidence=100, planning.waypoints=1, offloadTaskId=probe-289, offloadPayload=1024 bytes}"
5g-sender,1783014772347653471,edge4av-real-20260702-multiclient-scalability-run-3,p5g-scale-mqtt-payload-1024-clients-100,scale,guided-planning,mqtt,veh-83,veh-83,rsu-1,p5g-scale-mqtt-payload-1024-clients-100-veh-83-290,ipi-session-1,multiclient-scalability-run-3,veh-83,290,100-clients,default,stationary,unsynced,true,true,clients,100,count,IPI-CooperativeService,1098,1783014772239703573,1783014707512443913,1783014707512488203,1783014772347653471,107.950,,0.044,64835.165,"CooperativeService{guidedPlanning, status=request, vehicleId=0x7665682d3833, requestedHorizonMs=2500, confidence=100, planning.waypoints=1, offloadTaskId=probe-290, offloadPayload=1024 bytes}"
5g-sender,1783014772667712547,edge4av-real-20260702-multiclient-scalability-run-3,p5g-scale-mqtt-payload-1024-clients-100,scale,guided-planning,mqtt,veh-83,veh-83,rsu-1,p5g-scale-mqtt-payload-1024-clients-100-veh-83-291,ipi-session-1,multiclient-scalability-run-3,veh-83,291,100-clients,default,stationary,unsynced,true,true,clients,100,count,IPI-CooperativeService,1098,1783014772547794410,1783014707832493565,1783014707832537323,1783014772667712547,119.918,,0.044,64835.175,"CooperativeService{guidedPlanning, status=request, vehicleId=0x7665682d3833, requestedHorizonMs=2500, confidence=100, planning.waypoints=1, offloadTaskId=probe-291, offloadPayload=1024 bytes}"
5g-sender,1783014773011579816,edge4av-real-20260702-multiclient-scalability-run-3,p5g-scale-mqtt-payload-1024-clients-100,scale,guided-planning,mqtt,veh-83,veh-83,rsu-1,p5g-scale-mqtt-payload-1024-clients-100-veh-83-292,ipi-session-1,multiclient-scalability-run-3,veh-83,292,100-clients,default,stationary,unsynced,true,true,clients,100,count,IPI-CooperativeService,1098,1783014772867904744,1783014708173502221,1783014708173557235,1783014773011579816,143.675,,0.055,64838.023,"CooperativeService{guidedPlanning, status=request, vehicleId=0x7665682d3833, requestedHorizonMs=2500, confidence=100, planning.waypoints=1, offloadTaskId=probe-292, offloadPayload=1024 bytes}"
5g-sender,1783014773331553597,edge4av-real-20260702-multiclient-scalability-run-3,p5g-scale-mqtt-payload-1024-clients-100,scale,guided-planning,mqtt,veh-83,veh-83,rsu-1,p5g-scale-mqtt-payload-1024-clients-100-veh-83-293,ipi-session-1,multiclient-scalability-run-3,veh-83,293,100-clients,default,stationary,unsynced,true,true,clients,100,count,IPI-CooperativeService,1098,1783014773211746322,1783014708495037959,1783014708495081355,1783014773331553597,119.807,,0.043,64836.472,"CooperativeService{guidedPlanning, status=request, vehicleId=0x7665682d3833, requestedHorizonMs=2500, confidence=100, planning.waypoints=1, offloadTaskId=probe-293, offloadPayload=1024 bytes}"
5g-sender,1783014773653640184,edge4av-real-20260702-multiclient-scalability-run-3,p5g-scale-mqtt-payload-1024-clients-100,scale,guided-planning,mqtt,veh-83,veh-83,rsu-1,p5g-scale-mqtt-payload-1024-clients-100-veh-83-294,ipi-session-1,multiclient-scalability-run-3,veh-83,294,100-clients,default,stationary,unsynced,true,true,clients,100,count,IPI-CooperativeService,1098,1783014773531702476,1783014708817227348,1783014708817270962,1783014773653640184,121.938,,0.044,64836.369,"CooperativeService{guidedPlanning, status=request, vehicleId=0x7665682d3833, requestedHorizonMs=2500, confidence=100, planning.waypoints=1, offloadTaskId=probe-294, offloadPayload=1024 bytes}"
5g-sender,1783014773969656598,edge4av-real-20260702-multiclient-scalability-run-3,p5g-scale-mqtt-payload-1024-clients-100,scale,guided-planning,mqtt,veh-83,veh-83,rsu-1,p5g-scale-mqtt-payload-1024-clients-100-veh-83-295,ipi-session-1,multiclient-scalability-run-3,veh-83,295,100-clients,default,stationary,unsynced,true,true,clients,100,count,IPI-CooperativeService,1098,1783014773853835064,1783014709135714337,1783014709135770578,1783014773969656598,115.822,,0.056,64833.886,"CooperativeService{guidedPlanning, status=request, vehicleId=0x7665682d3833, requestedHorizonMs=2500, confidence=100, planning.waypoints=1, offloadTaskId=probe-295, offloadPayload=1024 bytes}"
5g-sender,1783014774313595853,edge4av-real-20260702-multiclient-scalability-run-3,p5g-scale-mqtt-payload-1024-clients-100,scale,guided-planning,mqtt,veh-83,veh-83,rsu-1,p5g-scale-mqtt-payload-1024-clients-100-veh-83-296,ipi-session-1,multiclient-scalability-run-3,veh-83,296,100-clients,default,stationary,unsynced,true,true,clients,100,count,IPI-CooperativeService,1098,1783014774169803264,1783014709476582537,1783014709476639539,1783014774313595853,143.793,,0.057,64836.956,"CooperativeService{guidedPlanning, status=request, vehicleId=0x7665682d3833, requestedHorizonMs=2500, confidence=100, planning.waypoints=1, offloadTaskId=probe-296, offloadPayload=1024 bytes}"
5g-sender,1783014774653677525,edge4av-real-20260702-multiclient-scalability-run-3,p5g-scale-mqtt-payload-1024-clients-100,scale,guided-planning,mqtt,veh-83,veh-83,rsu-1,p5g-scale-mqtt-payload-1024-clients-100-veh-83-297,ipi-session-1,multiclient-scalability-run-3,veh-83,297,100-clients,default,stationary,unsynced,true,true,clients,100,count,IPI-CooperativeService,1098,1783014774513749349,1783014709816704843,1783014709816748170,1783014774653677525,139.928,,0.043,64836.929,"CooperativeService{guidedPlanning, status=request, vehicleId=0x7665682d3833, requestedHorizonMs=2500, confidence=100, planning.waypoints=1, offloadTaskId=probe-297, offloadPayload=1024 bytes}"
5g-sender,1783014774965617976,edge4av-real-20260702-multiclient-scalability-run-3,p5g-scale-mqtt-payload-1024-clients-100,scale,guided-planning,mqtt,veh-83,veh-83,rsu-1,p5g-scale-mqtt-payload-1024-clients-100-veh-83-298,ipi-session-1,multiclient-scalability-run-3,veh-83,298,100-clients,default,stationary,unsynced,true,true,clients,100,count,IPI-CooperativeService,1098,1783014774853820880,1783014710128516909,1783014710128572788,1783014774965617976,111.797,,0.056,64837.045,"CooperativeService{guidedPlanning, status=request, vehicleId=0x7665682d3833, requestedHorizonMs=2500, confidence=100, planning.waypoints=1, offloadTaskId=probe-298, offloadPayload=1024 bytes}"
5g-sender,1783014775303816128,edge4av-real-20260702-multiclient-scalability-run-3,p5g-scale-mqtt-payload-1024-clients-100,scale,guided-planning,mqtt,veh-83,veh-83,rsu-1,p5g-scale-mqtt-payload-1024-clients-100-veh-83-299,ipi-session-1,multiclient-scalability-run-3,veh-83,299,100-clients,default,stationary,unsynced,true,true,clients,100,count,IPI-CooperativeService,1098,1783014775165762111,1783014710468148263,1783014710468192068,1783014775303816128,138.054,,0.044,64835.624,"CooperativeService{guidedPlanning, status=request, vehicleId=0x7665682d3833, requestedHorizonMs=2500, confidence=100, planning.waypoints=1, offloadTaskId=probe-299, offloadPayload=1024 bytes}"
5g-sender,1783014775653675795,edge4av-real-20260702-multiclient-scalability-run-3,p5g-scale-mqtt-payload-1024-clients-100,scale,guided-planning,mqtt,veh-83,veh-83,rsu-1,p5g-scale-mqtt-payload-1024-clients-100-veh-83-300,ipi-session-1,multiclient-scalability-run-3,veh-83,300,100-clients,default,stationary,unsynced,true,true,clients,100,count,IPI-CooperativeService,1098,1783014775503961740,1783014710817314188,1783014710817366645,1783014775653675795,149.714,,0.052,64836.309,"CooperativeService{guidedPlanning, status=request, vehicleId=0x7665682d3833, requestedHorizonMs=2500, confidence=100, planning.waypoints=1, offloadTaskId=probe-300, offloadPayload=1024 bytes}"
5g-sender,1783014775953920787,edge4av-real-20260702-multiclient-scalability-run-3,p5g-scale-mqtt-payload-1024-clients-100,scale,guided-planning,mqtt,veh-83,veh-83,rsu-1,p5g-scale-mqtt-payload-1024-clients-100-veh-83-301,ipi-session-1,multiclient-scalability-run-3,veh-83,301,100-clients,default,stationary,unsynced,true,true,clients,100,count,IPI-CooperativeService,1098,1783014775853873578,1783014711120602851,1783014711120663469,1783014775953920787,100.047,,0.061,64833.257,"CooperativeService{guidedPlanning, status=request, vehicleId=0x7665682d3833, requestedHorizonMs=2500, confidence=100, planning.waypoints=1, offloadTaskId=probe-301, offloadPayload=1024 bytes}"
5g-sender,1783014776253798128,edge4av-real-20260702-multiclient-scalability-run-3,p5g-scale-mqtt-payload-1024-clients-100,scale,guided-planning,mqtt,veh-83,veh-83,rsu-1,p5g-scale-mqtt-payload-1024-clients-100-veh-83-302,ipi-session-1,multiclient-scalability-run-3,veh-83,302,100-clients,default,stationary,unsynced,true,true,clients,100,count,IPI-CooperativeService,1098,1783014776154028122,1783014711419412121,1783014711419454132,1783014776253798128,99.770,,0.042,64834.344,"CooperativeService{guidedPlanning, status=request, vehicleId=0x7665682d3833, requestedHorizonMs=2500, confidence=100, planning.waypoints=1, offloadTaskId=probe-302, offloadPayload=1024 bytes}"
5g-sender,1783014776565722108,edge4av-real-20260702-multiclient-scalability-run-3,p5g-scale-mqtt-payload-1024-clients-100,scale,guided-planning,mqtt,veh-83,veh-83,rsu-1,p5g-scale-mqtt-payload-1024-clients-100-veh-83-303,ipi-session-1,multiclient-scalability-run-3,veh-83,303,100-clients,default,stationary,unsynced,true,true,clients,100,count,IPI-CooperativeService,1098,1783014776453933271,1783014711729932549,1783014711729976338,1783014776565722108,111.789,,0.044,64835.746,"CooperativeService{guidedPlanning, status=request, vehicleId=0x7665682d3833, requestedHorizonMs=2500, confidence=100, planning.waypoints=1, offloadTaskId=probe-303, offloadPayload=1024 bytes}"
5g-sender,1783014776863751394,edge4av-real-20260702-multiclient-scalability-run-3,p5g-scale-mqtt-payload-1024-clients-100,scale,guided-planning,mqtt,veh-83,veh-83,rsu-1,p5g-scale-mqtt-payload-1024-clients-100-veh-83-304,ipi-session-1,multiclient-scalability-run-3,veh-83,304,100-clients,default,stationary,unsynced,true,true,clients,100,count,IPI-CooperativeService,1098,1783014776765868301,1783014712029872082,1783014712029921566,1783014776863751394,97.883,,0.049,64833.830,"CooperativeService{guidedPlanning, status=request, vehicleId=0x7665682d3833, requestedHorizonMs=2500, confidence=100, planning.waypoints=1, offloadTaskId=probe-304, offloadPayload=1024 bytes}"
5g-sender,1783014777207725445,edge4av-real-20260702-multiclient-scalability-run-3,p5g-scale-mqtt-payload-1024-clients-100,scale,guided-planning,mqtt,veh-83,veh-83,rsu-1,p5g-scale-mqtt-payload-1024-clients-100-veh-83-305,ipi-session-1,multiclient-scalability-run-3,veh-83,305,100-clients,default,stationary,unsynced,true,true,clients,100,count,IPI-CooperativeService,1098,1783014777063898526,1783014712360279723,1783014712360332095,1783014777207725445,143.827,,0.052,64847.393,"CooperativeService{guidedPlanning, status=request, vehicleId=0x7665682d3833, requestedHorizonMs=2500, confidence=100, planning.waypoints=1, offloadTaskId=probe-305, offloadPayload=1024 bytes}"
5g-sender,1783014777502672012,edge4av-real-20260702-multiclient-scalability-run-3,p5g-scale-mqtt-payload-1024-clients-100,scale,guided-planning,mqtt,veh-83,veh-83,rsu-1,p5g-scale-mqtt-payload-1024-clients-100-veh-83-306,ipi-session-1,multiclient-scalability-run-3,veh-83,306,100-clients,default,stationary,unsynced,true,true,clients,100,count,IPI-CooperativeService,1098,1783014777407828347,1783014712662206274,1783014712662249820,1783014777502672012,94.844,,0.044,64840.422,"CooperativeService{guidedPlanning, status=request, vehicleId=0x7665682d3833, requestedHorizonMs=2500, confidence=100, planning.waypoints=1, offloadTaskId=probe-306, offloadPayload=1024 bytes}"
5g-sender,1783014777827623731,edge4av-real-20260702-multiclient-scalability-run-3,p5g-scale-mqtt-payload-1024-clients-100,scale,guided-planning,mqtt,veh-83,veh-83,rsu-1,p5g-scale-mqtt-payload-1024-clients-100-veh-83-307,ipi-session-1,multiclient-scalability-run-3,veh-83,307,100-clients,default,stationary,unsynced,true,true,clients,100,count,IPI-CooperativeService,1098,1783014777702852314,1783014712992768120,1783014712992812951,1783014777827623731,124.771,,0.045,64834.811,"CooperativeService{guidedPlanning, status=request, vehicleId=0x7665682d3833, requestedHorizonMs=2500, confidence=100, planning.waypoints=1, offloadTaskId=probe-307, offloadPayload=1024 bytes}"
5g-sender,1783014778201631094,edge4av-real-20260702-multiclient-scalability-run-3,p5g-scale-mqtt-payload-1024-clients-100,scale,guided-planning,mqtt,veh-83,veh-83,rsu-1,p5g-scale-mqtt-payload-1024-clients-100-veh-83-308,ipi-session-1,multiclient-scalability-run-3,veh-83,308,100-clients,default,stationary,unsynced,true,true,clients,100,count,IPI-CooperativeService,1098,1783014778027765220,1783014713364614349,1783014713364703871,1783014778201631094,173.866,,0.090,64836.927,"CooperativeService{guidedPlanning, status=request, vehicleId=0x7665682d3833, requestedHorizonMs=2500, confidence=100, planning.waypoints=1, offloadTaskId=probe-308, offloadPayload=1024 bytes}"
5g-sender,1783014778547763761,edge4av-real-20260702-multiclient-scalability-run-3,p5g-scale-mqtt-payload-1024-clients-100,scale,guided-planning,mqtt,veh-83,veh-83,rsu-1,p5g-scale-mqtt-payload-1024-clients-100-veh-83-309,ipi-session-1,multiclient-scalability-run-3,veh-83,309,100-clients,default,stationary,unsynced,true,true,clients,100,count,IPI-CooperativeService,1098,1783014778401773265,1783014713714230311,1783014713714274010,1783014778547763761,145.990,,0.044,64833.490,"CooperativeService{guidedPlanning, status=request, vehicleId=0x7665682d3833, requestedHorizonMs=2500, confidence=100, planning.waypoints=1, offloadTaskId=probe-309, offloadPayload=1024 bytes}"
5g-sender,1783014778847721376,edge4av-real-20260702-multiclient-scalability-run-3,p5g-scale-mqtt-payload-1024-clients-100,scale,guided-planning,mqtt,veh-83,veh-83,rsu-1,p5g-scale-mqtt-payload-1024-clients-100-veh-83-310,ipi-session-1,multiclient-scalability-run-3,veh-83,310,100-clients,default,stationary,unsynced,true,true,clients,100,count,IPI-CooperativeService,1098,1783014778747901667,1783014714003285117,1783014714003328385,1783014778847721376,99.820,,0.043,64844.393,"CooperativeService{guidedPlanning, status=request, vehicleId=0x7665682d3833, requestedHorizonMs=2500, confidence=100, planning.waypoints=1, offloadTaskId=probe-310, offloadPayload=1024 bytes}"
5g-sender,1783014779189573043,edge4av-real-20260702-multiclient-scalability-run-3,p5g-scale-mqtt-payload-1024-clients-100,scale,guided-planning,mqtt,veh-83,veh-83,rsu-1,p5g-scale-mqtt-payload-1024-clients-100-veh-83-311,ipi-session-1,multiclient-scalability-run-3,veh-83,311,100-clients,default,stationary,unsynced,true,true,clients,100,count,IPI-CooperativeService,1098,1783014779047879182,1783014714353890426,1783014714353933561,1783014779189573043,141.694,,0.043,64835.639,"CooperativeService{guidedPlanning, status=request, vehicleId=0x7665682d3833, requestedHorizonMs=2500, confidence=100, planning.waypoints=1, offloadTaskId=probe-311, offloadPayload=1024 bytes}"
5g-sender,1783014779551558112,edge4av-real-20260702-multiclient-scalability-run-3,p5g-scale-mqtt-payload-1024-clients-100,scale,guided-planning,mqtt,veh-83,veh-83,rsu-1,p5g-scale-mqtt-payload-1024-clients-100-veh-83-312,ipi-session-1,multiclient-scalability-run-3,veh-83,312,100-clients,default,stationary,unsynced,true,true,clients,100,count,IPI-CooperativeService,1098,1783014779389715501,1783014714715796064,1783014714715839717,1783014779551558112,161.843,,0.044,64835.718,"CooperativeService{guidedPlanning, status=request, vehicleId=0x7665682d3833, requestedHorizonMs=2500, confidence=100, planning.waypoints=1, offloadTaskId=probe-312, offloadPayload=1024 bytes}"
5g-sender,1783014779921606260,edge4av-real-20260702-multiclient-scalability-run-3,p5g-scale-mqtt-payload-1024-clients-100,scale,guided-planning,mqtt,veh-83,veh-83,rsu-1,p5g-scale-mqtt-payload-1024-clients-100-veh-83-313,ipi-session-1,multiclient-scalability-run-3,veh-83,313,100-clients,default,stationary,unsynced,true,true,clients,100,count,IPI-CooperativeService,1098,1783014779751694368,1783014715085255306,1783014715085306777,1783014779921606260,169.912,,0.051,64836.299,"CooperativeService{guidedPlanning, status=request, vehicleId=0x7665682d3833, requestedHorizonMs=2500, confidence=100, planning.waypoints=1, offloadTaskId=probe-313, offloadPayload=1024 bytes}"
5g-sender,1783014780271736162,edge4av-real-20260702-multiclient-scalability-run-3,p5g-scale-mqtt-payload-1024-clients-100,scale,guided-planning,mqtt,veh-83,veh-83,rsu-1,p5g-scale-mqtt-payload-1024-clients-100-veh-83-314,ipi-session-1,multiclient-scalability-run-3,veh-83,314,100-clients,default,stationary,unsynced,true,true,clients,100,count,IPI-CooperativeService,1098,1783014780121752751,1783014715435335169,1783014715435378640,1783014780271736162,149.983,,0.043,64836.358,"CooperativeService{guidedPlanning, status=request, vehicleId=0x7665682d3833, requestedHorizonMs=2500, confidence=100, planning.waypoints=1, offloadTaskId=probe-314, offloadPayload=1024 bytes}"
5g-sender,1783014780603603434,edge4av-real-20260702-multiclient-scalability-run-3,p5g-scale-mqtt-payload-1024-clients-100,scale,guided-planning,mqtt,veh-83,veh-83,rsu-1,p5g-scale-mqtt-payload-1024-clients-100-veh-83-315,ipi-session-1,multiclient-scalability-run-3,veh-83,315,100-clients,default,stationary,unsynced,true,true,clients,100,count,IPI-CooperativeService,1098,1783014780471887184,1783014715766714392,1783014715766758254,1783014780603603434,131.716,,0.044,64836.845,"CooperativeService{guidedPlanning, status=request, vehicleId=0x7665682d3833, requestedHorizonMs=2500, confidence=100, planning.waypoints=1, offloadTaskId=probe-315, offloadPayload=1024 bytes}"
5g-sender,1783014780917620286,edge4av-real-20260702-multiclient-scalability-run-3,p5g-scale-mqtt-payload-1024-clients-100,scale,guided-planning,mqtt,veh-83,veh-83,rsu-1,p5g-scale-mqtt-payload-1024-clients-100-veh-83-316,ipi-session-1,multiclient-scalability-run-3,veh-83,316,100-clients,default,stationary,unsynced,true,true,clients,100,count,IPI-CooperativeService,1098,1783014780803745699,1783014716077671438,1783014716077715293,1783014780917620286,113.875,,0.044,64839.905,"CooperativeService{guidedPlanning, status=request, vehicleId=0x7665682d3833, requestedHorizonMs=2500, confidence=100, planning.waypoints=1, offloadTaskId=probe-316, offloadPayload=1024 bytes}"
5g-sender,1783014781275604561,edge4av-real-20260702-multiclient-scalability-run-3,p5g-scale-mqtt-payload-1024-clients-100,scale,guided-planning,mqtt,veh-83,veh-83,rsu-1,p5g-scale-mqtt-payload-1024-clients-100-veh-83-317,ipi-session-1,multiclient-scalability-run-3,veh-83,317,100-clients,default,stationary,unsynced,true,true,clients,100,count,IPI-CooperativeService,1098,1783014781117755541,1783014716437873426,1783014716437917288,1783014781275604561,157.849,,0.044,64837.687,"CooperativeService{guidedPlanning, status=request, vehicleId=0x7665682d3833, requestedHorizonMs=2500, confidence=100, planning.waypoints=1, offloadTaskId=probe-317, offloadPayload=1024 bytes}"
5g-sender,1783014781613595076,edge4av-real-20260702-multiclient-scalability-run-3,p5g-scale-mqtt-payload-1024-clients-100,scale,guided-planning,mqtt,veh-83,veh-83,rsu-1,p5g-scale-mqtt-payload-1024-clients-100-veh-83-318,ipi-session-1,multiclient-scalability-run-3,veh-83,318,100-clients,default,stationary,unsynced,true,true,clients,100,count,IPI-CooperativeService,1098,1783014781475712115,1783014716777465873,1783014716777529362,1783014781613595076,137.883,,0.063,64836.066,"CooperativeService{guidedPlanning, status=request, vehicleId=0x7665682d3833, requestedHorizonMs=2500, confidence=100, planning.waypoints=1, offloadTaskId=probe-318, offloadPayload=1024 bytes}"
5g-sender,1783014781975666019,edge4av-real-20260702-multiclient-scalability-run-3,p5g-scale-mqtt-payload-1024-clients-100,scale,guided-planning,mqtt,veh-83,veh-83,rsu-1,p5g-scale-mqtt-payload-1024-clients-100-veh-83-319,ipi-session-1,multiclient-scalability-run-3,veh-83,319,100-clients,default,stationary,unsynced,true,true,clients,100,count,IPI-CooperativeService,1098,1783014781813759780,1783014717138707378,1783014717138751137,1783014781975666019,161.906,,0.044,64836.915,"CooperativeService{guidedPlanning, status=request, vehicleId=0x7665682d3833, requestedHorizonMs=2500, confidence=100, planning.waypoints=1, offloadTaskId=probe-319, offloadPayload=1024 bytes}"
5g-sender,1783014782355650193,edge4av-real-20260702-multiclient-scalability-run-3,p5g-scale-mqtt-payload-1024-clients-100,scale,guided-planning,mqtt,veh-83,veh-83,rsu-1,p5g-scale-mqtt-payload-1024-clients-100-veh-83-320,ipi-session-1,multiclient-scalability-run-3,veh-83,320,100-clients,default,stationary,unsynced,true,true,clients,100,count,IPI-CooperativeService,1098,1783014782175813114,1783014717519028405,1783014717519072089,1783014782355650193,179.837,,0.044,64836.578,"CooperativeService{guidedPlanning, status=request, vehicleId=0x7665682d3833, requestedHorizonMs=2500, confidence=100, planning.waypoints=1, offloadTaskId=probe-320, offloadPayload=1024 bytes}"
5g-sender,1783014782691751612,edge4av-real-20260702-multiclient-scalability-run-3,p5g-scale-mqtt-payload-1024-clients-100,scale,guided-planning,mqtt,veh-83,veh-83,rsu-1,p5g-scale-mqtt-payload-1024-clients-100-veh-83-321,ipi-session-1,multiclient-scalability-run-3,veh-83,321,100-clients,default,stationary,unsynced,true,true,clients,100,count,IPI-CooperativeService,1098,1783014782555801748,1783014717851763840,1783014717851807453,1783014782691751612,135.950,,0.044,64839.944,"CooperativeService{guidedPlanning, status=request, vehicleId=0x7665682d3833, requestedHorizonMs=2500, confidence=100, planning.waypoints=1, offloadTaskId=probe-321, offloadPayload=1024 bytes}"
5g-sender,1783014782993717218,edge4av-real-20260702-multiclient-scalability-run-3,p5g-scale-mqtt-payload-1024-clients-100,scale,guided-planning,mqtt,veh-83,veh-83,rsu-1,p5g-scale-mqtt-payload-1024-clients-100-veh-83-322,ipi-session-1,multiclient-scalability-run-3,veh-83,322,100-clients,default,stationary,unsynced,true,true,clients,100,count,IPI-CooperativeService,1098,1783014782891903174,1783014718161057871,1783014718161101544,1783014782993717218,101.814,,0.044,64832.616,"CooperativeService{guidedPlanning, status=request, vehicleId=0x7665682d3833, requestedHorizonMs=2500, confidence=100, planning.waypoints=1, offloadTaskId=probe-322, offloadPayload=1024 bytes}"
5g-sender,1783014783322568854,edge4av-real-20260702-multiclient-scalability-run-3,p5g-scale-mqtt-payload-1024-clients-100,scale,guided-planning,mqtt,veh-83,veh-83,rsu-1,p5g-scale-mqtt-payload-1024-clients-100-veh-83-323,ipi-session-1,multiclient-scalability-run-3,veh-83,323,100-clients,default,stationary,unsynced,true,true,clients,100,count,IPI-CooperativeService,1098,1783014783193863565,1783014718481910637,1783014718481954366,1783014783322568854,128.705,,0.044,64840.614,"CooperativeService{guidedPlanning, status=request, vehicleId=0x7665682d3833, requestedHorizonMs=2500, confidence=100, planning.waypoints=1, offloadTaskId=probe-323, offloadPayload=1024 bytes}"
5g-sender,1783014783669860493,edge4av-real-20260702-multiclient-scalability-run-3,p5g-scale-mqtt-payload-1024-clients-100,scale,guided-planning,mqtt,veh-83,veh-83,rsu-1,p5g-scale-mqtt-payload-1024-clients-100-veh-83-324,ipi-session-1,multiclient-scalability-run-3,veh-83,324,100-clients,default,stationary,unsynced,true,true,clients,100,count,IPI-CooperativeService,1098,1783014783522716728,1783014718832496681,1783014718832566476,1783014783669860493,147.144,,0.070,64837.294,"CooperativeService{guidedPlanning, status=request, vehicleId=0x7665682d3833, requestedHorizonMs=2500, confidence=100, planning.waypoints=1, offloadTaskId=probe-324, offloadPayload=1024 bytes}"
5g-sender,1783014784005794553,edge4av-real-20260702-multiclient-scalability-run-3,p5g-scale-mqtt-payload-1024-clients-100,scale,guided-planning,mqtt,veh-83,veh-83,rsu-1,p5g-scale-mqtt-payload-1024-clients-100-veh-83-325,ipi-session-1,multiclient-scalability-run-3,veh-83,325,100-clients,default,stationary,unsynced,true,true,clients,100,count,IPI-CooperativeService,1098,1783014783870054378,1783014719172092785,1783014719172147878,1783014784005794553,135.740,,0.055,64833.647,"CooperativeService{guidedPlanning, status=request, vehicleId=0x7665682d3833, requestedHorizonMs=2500, confidence=100, planning.waypoints=1, offloadTaskId=probe-325, offloadPayload=1024 bytes}"
5g-sender,1783014784307762861,edge4av-real-20260702-multiclient-scalability-run-3,p5g-scale-mqtt-payload-1024-clients-100,scale,guided-planning,mqtt,veh-83,veh-83,rsu-1,p5g-scale-mqtt-payload-1024-clients-100-veh-83-326,ipi-session-1,multiclient-scalability-run-3,veh-83,326,100-clients,default,stationary,unsynced,true,true,clients,100,count,IPI-CooperativeService,1098,1783014784205943751,1783014719464071469,1783014719464126907,1783014784307762861,101.819,,0.055,64843.636,"CooperativeService{guidedPlanning, status=request, vehicleId=0x7665682d3833, requestedHorizonMs=2500, confidence=100, planning.waypoints=1, offloadTaskId=probe-326, offloadPayload=1024 bytes}"
5g-sender,1783014784589561763,edge4av-real-20260702-multiclient-scalability-run-3,p5g-scale-mqtt-payload-1024-clients-100,scale,guided-planning,mqtt,veh-83,veh-83,rsu-1,p5g-scale-mqtt-payload-1024-clients-100-veh-83-327,ipi-session-1,multiclient-scalability-run-3,veh-83,327,100-clients,default,stationary,unsynced,true,true,clients,100,count,IPI-CooperativeService,1098,1783014784507946396,1783014719752793849,1783014719752846706,1783014784589561763,81.615,,0.053,64836.715,"CooperativeService{guidedPlanning, status=request, vehicleId=0x7665682d3833, requestedHorizonMs=2500, confidence=100, planning.waypoints=1, offloadTaskId=probe-327, offloadPayload=1024 bytes}"
5g-sender,1783014784881722618,edge4av-real-20260702-multiclient-scalability-run-3,p5g-scale-mqtt-payload-1024-clients-100,scale,guided-planning,mqtt,veh-83,veh-83,rsu-1,p5g-scale-mqtt-payload-1024-clients-100-veh-83-328,ipi-session-1,multiclient-scalability-run-3,veh-83,328,100-clients,default,stationary,unsynced,true,true,clients,100,count,IPI-CooperativeService,1098,1783014784789740600,1783014720045460823,1783014720045504058,1783014784881722618,91.982,,0.043,64836.219,"CooperativeService{guidedPlanning, status=request, vehicleId=0x7665682d3833, requestedHorizonMs=2500, confidence=100, planning.waypoints=1, offloadTaskId=probe-328, offloadPayload=1024 bytes}"
5g-sender,1783014785211632812,edge4av-real-20260702-multiclient-scalability-run-3,p5g-scale-mqtt-payload-1024-clients-100,scale,guided-planning,mqtt,veh-83,veh-83,rsu-1,p5g-scale-mqtt-payload-1024-clients-100-veh-83-329,ipi-session-1,multiclient-scalability-run-3,veh-83,329,100-clients,default,stationary,unsynced,true,true,clients,100,count,IPI-CooperativeService,1098,1783014785081890153,1783014720374795648,1783014720374858434,1783014785211632812,129.743,,0.063,64836.774,"CooperativeService{guidedPlanning, status=request, vehicleId=0x7665682d3833, requestedHorizonMs=2500, confidence=100, planning.waypoints=1, offloadTaskId=probe-329, offloadPayload=1024 bytes}"
5g-sender,1783014785509573362,edge4av-real-20260702-multiclient-scalability-run-3,p5g-scale-mqtt-payload-1024-clients-100,scale,guided-planning,mqtt,veh-83,veh-83,rsu-1,p5g-scale-mqtt-payload-1024-clients-100-veh-83-330,ipi-session-1,multiclient-scalability-run-3,veh-83,330,100-clients,default,stationary,unsynced,true,true,clients,100,count,IPI-CooperativeService,1098,1783014785411779727,1783014720675072235,1783014720675115753,1783014785509573362,97.794,,0.044,64834.458,"CooperativeService{guidedPlanning, status=request, vehicleId=0x7665682d3833, requestedHorizonMs=2500, confidence=100, planning.waypoints=1, offloadTaskId=probe-330, offloadPayload=1024 bytes}"
5g-sender,1783014785779682868,edge4av-real-20260702-multiclient-scalability-run-3,p5g-scale-mqtt-payload-1024-clients-100,scale,guided-planning,mqtt,veh-83,veh-83,rsu-1,p5g-scale-mqtt-payload-1024-clients-100-veh-83-331,ipi-session-1,multiclient-scalability-run-3,veh-83,331,100-clients,default,stationary,unsynced,true,true,clients,100,count,IPI-CooperativeService,1098,1783014785709720257,1783014720945579887,1783014720945622441,1783014785779682868,69.963,,0.043,64834.060,"CooperativeService{guidedPlanning, status=request, vehicleId=0x7665682d3833, requestedHorizonMs=2500, confidence=100, planning.waypoints=1, offloadTaskId=probe-331, offloadPayload=1024 bytes}"
5g-sender,1783014786073730485,edge4av-real-20260702-multiclient-scalability-run-3,p5g-scale-mqtt-payload-1024-clients-100,scale,guided-planning,mqtt,veh-83,veh-83,rsu-1,p5g-scale-mqtt-payload-1024-clients-100-veh-83-332,ipi-session-1,multiclient-scalability-run-3,veh-83,332,100-clients,default,stationary,unsynced,true,true,clients,100,count,IPI-CooperativeService,1098,1783014785979865252,1783014721235924986,1783014721235967298,1783014786073730485,93.865,,0.042,64837.763,"CooperativeService{guidedPlanning, status=request, vehicleId=0x7665682d3833, requestedHorizonMs=2500, confidence=100, planning.waypoints=1, offloadTaskId=probe-332, offloadPayload=1024 bytes}"
5g-sender,1783014786355738202,edge4av-real-20260702-multiclient-scalability-run-3,p5g-scale-mqtt-payload-1024-clients-100,scale,guided-planning,mqtt,veh-83,veh-83,rsu-1,p5g-scale-mqtt-payload-1024-clients-100-veh-83-333,ipi-session-1,multiclient-scalability-run-3,veh-83,333,100-clients,default,stationary,unsynced,true,true,clients,100,count,IPI-CooperativeService,1098,1783014786273828907,1783014721517537990,1783014721517605276,1783014786355738202,81.909,,0.067,64838.133,"CooperativeService{guidedPlanning, status=request, vehicleId=0x7665682d3833, requestedHorizonMs=2500, confidence=100, planning.waypoints=1, offloadTaskId=probe-333, offloadPayload=1024 bytes}"
5g-sender,1783014786625467161,edge4av-real-20260702-multiclient-scalability-run-3,p5g-scale-mqtt-payload-1024-clients-100,scale,guided-planning,mqtt,veh-83,veh-83,rsu-1,p5g-scale-mqtt-payload-1024-clients-100-veh-83-334,ipi-session-1,multiclient-scalability-run-3,veh-83,334,100-clients,default,stationary,unsynced,true,true,clients,100,count,IPI-CooperativeService,1098,1783014786555881860,1783014721788423134,1783014721788480927,1783014786625467161,69.585,,0.058,64836.986,"CooperativeService{guidedPlanning, status=request, vehicleId=0x7665682d3833, requestedHorizonMs=2500, confidence=100, planning.waypoints=1, offloadTaskId=probe-334, offloadPayload=1024 bytes}"
5g-sender,1783014786905754096,edge4av-real-20260702-multiclient-scalability-run-3,p5g-scale-mqtt-payload-1024-clients-100,scale,guided-planning,mqtt,veh-83,veh-83,rsu-1,p5g-scale-mqtt-payload-1024-clients-100-veh-83-335,ipi-session-1,multiclient-scalability-run-3,veh-83,335,100-clients,default,stationary,unsynced,true,true,clients,100,count,IPI-CooperativeService,1098,1783014786825610782,1783014722068478553,1783014722068535991,1783014786905754096,80.143,,0.057,64837.218,"CooperativeService{guidedPlanning, status=request, vehicleId=0x7665682d3833, requestedHorizonMs=2500, confidence=100, planning.waypoints=1, offloadTaskId=probe-335, offloadPayload=1024 bytes}"
5g-sender,1783014787171810825,edge4av-real-20260702-multiclient-scalability-run-3,p5g-scale-mqtt-payload-1024-clients-100,scale,guided-planning,mqtt,veh-83,veh-83,rsu-1,p5g-scale-mqtt-payload-1024-clients-100-veh-83-336,ipi-session-1,multiclient-scalability-run-3,veh-83,336,100-clients,default,stationary,unsynced,true,true,clients,100,count,IPI-CooperativeService,1098,1783014787105897057,1783014722338102379,1783014722338162524,1783014787171810825,65.914,,0.060,64833.648,"CooperativeService{guidedPlanning, status=request, vehicleId=0x7665682d3833, requestedHorizonMs=2500, confidence=100, planning.waypoints=1, offloadTaskId=probe-336, offloadPayload=1024 bytes}"
5g-sender,1783014787473743390,edge4av-real-20260702-multiclient-scalability-run-3,p5g-scale-mqtt-payload-1024-clients-100,scale,guided-planning,mqtt,veh-83,veh-83,rsu-1,p5g-scale-mqtt-payload-1024-clients-100-veh-83-337,ipi-session-1,multiclient-scalability-run-3,veh-83,337,100-clients,default,stationary,unsynced,true,true,clients,100,count,IPI-CooperativeService,1098,1783014787371956240,1783014722638408317,1783014722638451319,1783014787473743390,101.787,,0.043,64835.292,"CooperativeService{guidedPlanning, status=request, vehicleId=0x7665682d3833, requestedHorizonMs=2500, confidence=100, planning.waypoints=1, offloadTaskId=probe-337, offloadPayload=1024 bytes}"
5g-sender,1783014787793763996,edge4av-real-20260702-multiclient-scalability-run-3,p5g-scale-mqtt-payload-1024-clients-100,scale,guided-planning,mqtt,veh-83,veh-83,rsu-1,p5g-scale-mqtt-payload-1024-clients-100-veh-83-338,ipi-session-1,multiclient-scalability-run-3,veh-83,338,100-clients,default,stationary,unsynced,true,true,clients,100,count,IPI-CooperativeService,1098,1783014787673876291,1783014722959716416,1783014722959781162,1783014787793763996,119.888,,0.065,64833.983,"CooperativeService{guidedPlanning, status=request, vehicleId=0x7665682d3833, requestedHorizonMs=2500, confidence=100, planning.waypoints=1, offloadTaskId=probe-338, offloadPayload=1024 bytes}"
5g-sender,1783014788075707073,edge4av-real-20260702-multiclient-scalability-run-3,p5g-scale-mqtt-payload-1024-clients-100,scale,guided-planning,mqtt,veh-83,veh-83,rsu-1,p5g-scale-mqtt-payload-1024-clients-100-veh-83-339,ipi-session-1,multiclient-scalability-run-3,veh-83,339,100-clients,default,stationary,unsynced,true,true,clients,100,count,IPI-CooperativeService,1098,1783014787993868021,1783014723238999045,1783014723239046303,1783014788075707073,81.839,,0.047,64836.661,"CooperativeService{guidedPlanning, status=request, vehicleId=0x7665682d3833, requestedHorizonMs=2500, confidence=100, planning.waypoints=1, offloadTaskId=probe-339, offloadPayload=1024 bytes}"
5g-sender,1783014788343886093,edge4av-real-20260702-multiclient-scalability-run-3,p5g-scale-mqtt-payload-1024-clients-100,scale,guided-planning,mqtt,veh-83,veh-83,rsu-1,p5g-scale-mqtt-payload-1024-clients-100-veh-83-340,ipi-session-1,multiclient-scalability-run-3,veh-83,340,100-clients,default,stationary,unsynced,true,true,clients,100,count,IPI-CooperativeService,1098,1783014788275815949,1783014723509276991,1783014723509328885,1783014788343886093,68.070,,0.052,64834.557,"CooperativeService{guidedPlanning, status=request, vehicleId=0x7665682d3833, requestedHorizonMs=2500, confidence=100, planning.waypoints=1, offloadTaskId=probe-340, offloadPayload=1024 bytes}"
5g-sender,1783014788655664524,edge4av-real-20260702-multiclient-scalability-run-3,p5g-scale-mqtt-payload-1024-clients-100,scale,guided-planning,mqtt,veh-83,veh-83,rsu-1,p5g-scale-mqtt-payload-1024-clients-100-veh-83-341,ipi-session-1,multiclient-scalability-run-3,veh-83,341,100-clients,default,stationary,unsynced,true,true,clients,100,count,IPI-CooperativeService,1098,1783014788544026194,1783014723819632706,1783014723819676898,1783014788655664524,111.638,,0.044,64835.988,"CooperativeService{guidedPlanning, status=request, vehicleId=0x7665682d3833, requestedHorizonMs=2500, confidence=100, planning.waypoints=1, offloadTaskId=probe-341, offloadPayload=1024 bytes}"
5g-sender,1783014788965902338,edge4av-real-20260702-multiclient-scalability-run-3,p5g-scale-mqtt-payload-1024-clients-100,scale,guided-planning,mqtt,veh-83,veh-83,rsu-1,p5g-scale-mqtt-payload-1024-clients-100-veh-83-342,ipi-session-1,multiclient-scalability-run-3,veh-83,342,100-clients,default,stationary,unsynced,true,true,clients,100,count,IPI-CooperativeService,1098,1783014788855816722,1783014724131321347,1783014724131364712,1783014788965902338,110.086,,0.043,64834.538,"CooperativeService{guidedPlanning, status=request, vehicleId=0x7665682d3833, requestedHorizonMs=2500, confidence=100, planning.waypoints=1, offloadTaskId=probe-342, offloadPayload=1024 bytes}"
5g-sender,1783014789287734647,edge4av-real-20260702-multiclient-scalability-run-3,p5g-scale-mqtt-payload-1024-clients-100,scale,guided-planning,mqtt,veh-83,veh-83,rsu-1,p5g-scale-mqtt-payload-1024-clients-100-veh-83-343,ipi-session-1,multiclient-scalability-run-3,veh-83,343,100-clients,default,stationary,unsynced,true,true,clients,100,count,IPI-CooperativeService,1098,1783014789166047162,1783014724450697966,1783014724450750276,1783014789287734647,121.687,,0.052,64836.984,"CooperativeService{guidedPlanning, status=request, vehicleId=0x7665682d3833, requestedHorizonMs=2500, confidence=100, planning.waypoints=1, offloadTaskId=probe-343, offloadPayload=1024 bytes}"
5g-sender,1783014789609635036,edge4av-real-20260702-multiclient-scalability-run-3,p5g-scale-mqtt-payload-1024-clients-100,scale,guided-planning,mqtt,veh-83,veh-83,rsu-1,p5g-scale-mqtt-payload-1024-clients-100-veh-83-344,ipi-session-1,multiclient-scalability-run-3,veh-83,344,100-clients,default,stationary,unsynced,true,true,clients,100,count,IPI-CooperativeService,1098,1783014789487948272,1783014724773163955,1783014724773222052,1783014789609635036,121.687,,0.058,64836.413,"CooperativeService{guidedPlanning, status=request, vehicleId=0x7665682d3833, requestedHorizonMs=2500, confidence=100, planning.waypoints=1, offloadTaskId=probe-344, offloadPayload=1024 bytes}"
5g-sender,1783014789927927241,edge4av-real-20260702-multiclient-scalability-run-3,p5g-scale-mqtt-payload-1024-clients-100,scale,guided-planning,mqtt,veh-83,veh-83,rsu-1,p5g-scale-mqtt-payload-1024-clients-100-veh-83-345,ipi-session-1,multiclient-scalability-run-3,veh-83,345,100-clients,default,stationary,unsynced,true,true,clients,100,count,IPI-CooperativeService,1098,1783014789809776157,1783014725092276622,1783014725092320491,1783014789927927241,118.151,,0.044,64835.607,"CooperativeService{guidedPlanning, status=request, vehicleId=0x7665682d3833, requestedHorizonMs=2500, confidence=100, planning.waypoints=1, offloadTaskId=probe-345, offloadPayload=1024 bytes}"
5g-sender,1783014790213721117,edge4av-real-20260702-multiclient-scalability-run-3,p5g-scale-mqtt-payload-1024-clients-100,scale,guided-planning,mqtt,veh-83,veh-83,rsu-1,p5g-scale-mqtt-payload-1024-clients-100-veh-83-346,ipi-session-1,multiclient-scalability-run-3,veh-83,346,100-clients,default,stationary,unsynced,true,true,clients,100,count,IPI-CooperativeService,1098,1783014790128073736,1783014725373882206,1783014725373942466,1783014790213721117,85.647,,0.060,64839.779,"CooperativeService{guidedPlanning, status=request, vehicleId=0x7665682d3833, requestedHorizonMs=2500, confidence=100, planning.waypoints=1, offloadTaskId=probe-346, offloadPayload=1024 bytes}"
5g-sender,1783014790507828732,edge4av-real-20260702-multiclient-scalability-run-3,p5g-scale-mqtt-payload-1024-clients-100,scale,guided-planning,mqtt,veh-83,veh-83,rsu-1,p5g-scale-mqtt-payload-1024-clients-100-veh-83-347,ipi-session-1,multiclient-scalability-run-3,veh-83,347,100-clients,default,stationary,unsynced,true,true,clients,100,count,IPI-CooperativeService,1098,1783014790413865634,1783014725673088824,1783014725673144839,1783014790507828732,93.963,,0.056,64834.684,"CooperativeService{guidedPlanning, status=request, vehicleId=0x7665682d3833, requestedHorizonMs=2500, confidence=100, planning.waypoints=1, offloadTaskId=probe-347, offloadPayload=1024 bytes}"
5g-sender,1783014790809564663,edge4av-real-20260702-multiclient-scalability-run-3,p5g-scale-mqtt-payload-1024-clients-100,scale,guided-planning,mqtt,veh-83,veh-83,rsu-1,p5g-scale-mqtt-payload-1024-clients-100-veh-83-348,ipi-session-1,multiclient-scalability-run-3,veh-83,348,100-clients,default,stationary,unsynced,true,true,clients,100,count,IPI-CooperativeService,1098,1783014790707924155,1783014725974230371,1783014725974282292,1783014790809564663,101.641,,0.052,64835.282,"CooperativeService{guidedPlanning, status=request, vehicleId=0x7665682d3833, requestedHorizonMs=2500, confidence=100, planning.waypoints=1, offloadTaskId=probe-348, offloadPayload=1024 bytes}"
5g-sender,1783014791149717327,edge4av-real-20260702-multiclient-scalability-run-3,p5g-scale-mqtt-payload-1024-clients-100,scale,guided-planning,mqtt,veh-83,veh-83,rsu-1,p5g-scale-mqtt-payload-1024-clients-100-veh-83-349,ipi-session-1,multiclient-scalability-run-3,veh-83,349,100-clients,default,stationary,unsynced,true,true,clients,100,count,IPI-CooperativeService,1098,1783014791009674551,1783014726315694730,1783014726315737790,1783014791149717327,140.043,,0.043,64833.980,"CooperativeService{guidedPlanning, status=request, vehicleId=0x7665682d3833, requestedHorizonMs=2500, confidence=100, planning.waypoints=1, offloadTaskId=probe-349, offloadPayload=1024 bytes}"
5g-sender,1783014791507846409,edge4av-real-20260702-multiclient-scalability-run-3,p5g-scale-mqtt-payload-1024-clients-100,scale,guided-planning,mqtt,veh-83,veh-83,rsu-1,p5g-scale-mqtt-payload-1024-clients-100-veh-83-350,ipi-session-1,multiclient-scalability-run-3,veh-83,350,100-clients,default,stationary,unsynced,true,true,clients,100,count,IPI-CooperativeService,1098,1783014791349861605,1783014726675284444,1783014726675328755,1783014791507846409,157.985,,0.044,64832.518,"CooperativeService{guidedPlanning, status=request, vehicleId=0x7665682d3833, requestedHorizonMs=2500, confidence=100, planning.waypoints=1, offloadTaskId=probe-350, offloadPayload=1024 bytes}"
5g-sender,1783014791861812879,edge4av-real-20260702-multiclient-scalability-run-3,p5g-scale-mqtt-payload-1024-clients-100,scale,guided-planning,mqtt,veh-83,veh-83,rsu-1,p5g-scale-mqtt-payload-1024-clients-100-veh-83-351,ipi-session-1,multiclient-scalability-run-3,veh-83,351,100-clients,default,stationary,unsynced,true,true,clients,100,count,IPI-CooperativeService,1098,1783014791707990876,1783014727026195141,1783014727026249713,1783014791861812879,153.822,,0.055,64835.563,"CooperativeService{guidedPlanning, status=request, vehicleId=0x7665682d3833, requestedHorizonMs=2500, confidence=100, planning.waypoints=1, offloadTaskId=probe-351, offloadPayload=1024 bytes}"
5g-sender,1783014792193820020,edge4av-real-20260702-multiclient-scalability-run-3,p5g-scale-mqtt-payload-1024-clients-100,scale,guided-planning,mqtt,veh-83,veh-83,rsu-1,p5g-scale-mqtt-payload-1024-clients-100-veh-83-352,ipi-session-1,multiclient-scalability-run-3,veh-83,352,100-clients,default,stationary,unsynced,true,true,clients,100,count,IPI-CooperativeService,1098,1783014792061956847,1783014727355901059,1783014727355957885,1783014792193820020,131.863,,0.057,64837.862,"CooperativeService{guidedPlanning, status=request, vehicleId=0x7665682d3833, requestedHorizonMs=2500, confidence=100, planning.waypoints=1, offloadTaskId=probe-352, offloadPayload=1024 bytes}"
5g-sender,1783014792465666403,edge4av-real-20260702-multiclient-scalability-run-3,p5g-scale-mqtt-payload-1024-clients-100,scale,guided-planning,mqtt,veh-83,veh-83,rsu-1,p5g-scale-mqtt-payload-1024-clients-100-veh-83-353,ipi-session-1,multiclient-scalability-run-3,veh-83,353,100-clients,default,stationary,unsynced,true,true,clients,100,count,IPI-CooperativeService,1098,1783014792394000428,1783014727626877109,1783014727626936820,1783014792465666403,71.666,,0.060,64838.730,"CooperativeService{guidedPlanning, status=request, vehicleId=0x7665682d3833, requestedHorizonMs=2500, confidence=100, planning.waypoints=1, offloadTaskId=probe-353, offloadPayload=1024 bytes}"
5g-sender,1783014792763761580,edge4av-real-20260702-multiclient-scalability-run-3,p5g-scale-mqtt-payload-1024-clients-100,scale,guided-planning,mqtt,veh-83,veh-83,rsu-1,p5g-scale-mqtt-payload-1024-clients-100-veh-83-354,ipi-session-1,multiclient-scalability-run-3,veh-83,354,100-clients,default,stationary,unsynced,true,true,clients,100,count,IPI-CooperativeService,1098,1783014792665843800,1783014727927444608,1783014727927502076,1783014792763761580,97.918,,0.057,64836.260,"CooperativeService{guidedPlanning, status=request, vehicleId=0x7665682d3833, requestedHorizonMs=2500, confidence=100, planning.waypoints=1, offloadTaskId=probe-354, offloadPayload=1024 bytes}"
5g-sender,1783014793131764247,edge4av-real-20260702-multiclient-scalability-run-3,p5g-scale-mqtt-payload-1024-clients-100,scale,guided-planning,mqtt,veh-83,veh-83,rsu-1,p5g-scale-mqtt-payload-1024-clients-100-veh-83-355,ipi-session-1,multiclient-scalability-run-3,veh-83,355,100-clients,default,stationary,unsynced,true,true,clients,100,count,IPI-CooperativeService,1098,1783014792963938484,1783014728298359071,1783014728298420968,1783014793131764247,167.826,,0.062,64833.343,"CooperativeService{guidedPlanning, status=request, vehicleId=0x7665682d3833, requestedHorizonMs=2500, confidence=100, planning.waypoints=1, offloadTaskId=probe-355, offloadPayload=1024 bytes}"
5g-sender,1783014793515768391,edge4av-real-20260702-multiclient-scalability-run-3,p5g-scale-mqtt-payload-1024-clients-100,scale,guided-planning,mqtt,veh-83,veh-83,rsu-1,p5g-scale-mqtt-payload-1024-clients-100-veh-83-356,ipi-session-1,multiclient-scalability-run-3,veh-83,356,100-clients,default,stationary,unsynced,true,true,clients,100,count,IPI-CooperativeService,1098,1783014793331971505,1783014728680075239,1783014728680119551,1783014793515768391,183.797,,0.044,64835.649,"CooperativeService{guidedPlanning, status=request, vehicleId=0x7665682d3833, requestedHorizonMs=2500, confidence=100, planning.waypoints=1, offloadTaskId=probe-356, offloadPayload=1024 bytes}"
5g-sender,1783014793827677669,edge4av-real-20260702-multiclient-scalability-run-3,p5g-scale-mqtt-payload-1024-clients-100,scale,guided-planning,mqtt,veh-83,veh-83,rsu-1,p5g-scale-mqtt-payload-1024-clients-100-veh-83-357,ipi-session-1,multiclient-scalability-run-3,veh-83,357,100-clients,default,stationary,unsynced,true,true,clients,100,count,IPI-CooperativeService,1098,1783014793715940132,1783014728991148936,1783014728991192580,1783014793827677669,111.738,,0.044,64836.485,"CooperativeService{guidedPlanning, status=request, vehicleId=0x7665682d3833, requestedHorizonMs=2500, confidence=100, planning.waypoints=1, offloadTaskId=probe-357, offloadPayload=1024 bytes}"
5g-sender,1783014794149577751,edge4av-real-20260702-multiclient-scalability-run-3,p5g-scale-mqtt-payload-1024-clients-100,scale,guided-planning,mqtt,veh-83,veh-83,rsu-1,p5g-scale-mqtt-payload-1024-clients-100-veh-83-358,ipi-session-1,multiclient-scalability-run-3,veh-83,358,100-clients,default,stationary,unsynced,true,true,clients,100,count,IPI-CooperativeService,1098,1783014794027820316,1783014729311861970,1783014729311913258,1783014794149577751,121.757,,0.051,64837.664,"CooperativeService{guidedPlanning, status=request, vehicleId=0x7665682d3833, requestedHorizonMs=2500, confidence=100, planning.waypoints=1, offloadTaskId=probe-358, offloadPayload=1024 bytes}"
5g-sender,1783014794487812607,edge4av-real-20260702-multiclient-scalability-run-3,p5g-scale-mqtt-payload-1024-clients-100,scale,guided-planning,mqtt,veh-83,veh-83,rsu-1,p5g-scale-mqtt-payload-1024-clients-100-veh-83-359,ipi-session-1,multiclient-scalability-run-3,veh-83,359,100-clients,default,stationary,unsynced,true,true,clients,100,count,IPI-CooperativeService,1098,1783014794349730368,1783014729650353095,1783014729650396415,1783014794487812607,138.082,,0.043,64837.416,"CooperativeService{guidedPlanning, status=request, vehicleId=0x7665682d3833, requestedHorizonMs=2500, confidence=100, planning.waypoints=1, offloadTaskId=probe-359, offloadPayload=1024 bytes}"
5g-sender,1783014794859546971,edge4av-real-20260702-multiclient-scalability-run-3,p5g-scale-mqtt-payload-1024-clients-100,scale,guided-planning,mqtt,veh-83,veh-83,rsu-1,p5g-scale-mqtt-payload-1024-clients-100-veh-83-360,ipi-session-1,multiclient-scalability-run-3,veh-83,360,100-clients,default,stationary,unsynced,true,true,clients,100,count,IPI-CooperativeService,1098,1783014794687954474,1783014730021935433,1783014730021990548,1783014794859546971,171.592,,0.055,64837.556,"CooperativeService{guidedPlanning, status=request, vehicleId=0x7665682d3833, requestedHorizonMs=2500, confidence=100, planning.waypoints=1, offloadTaskId=probe-360, offloadPayload=1024 bytes}"
5g-sender,1783014795205806066,edge4av-real-20260702-multiclient-scalability-run-3,p5g-scale-mqtt-payload-1024-clients-100,scale,guided-planning,mqtt,veh-83,veh-83,rsu-1,p5g-scale-mqtt-payload-1024-clients-100-veh-83-361,ipi-session-1,multiclient-scalability-run-3,veh-83,361,100-clients,default,stationary,unsynced,true,true,clients,100,count,IPI-CooperativeService,1098,1783014795059655316,1783014730373097459,1783014730373153587,1783014795205806066,146.151,,0.056,64832.652,"CooperativeService{guidedPlanning, status=request, vehicleId=0x7665682d3833, requestedHorizonMs=2500, confidence=100, planning.waypoints=1, offloadTaskId=probe-361, offloadPayload=1024 bytes}"
5g-sender,1783014795577767030,edge4av-real-20260702-multiclient-scalability-run-3,p5g-scale-mqtt-payload-1024-clients-100,scale,guided-planning,mqtt,veh-83,veh-83,rsu-1,p5g-scale-mqtt-payload-1024-clients-100-veh-83-362,ipi-session-1,multiclient-scalability-run-3,veh-83,362,100-clients,default,stationary,unsynced,true,true,clients,100,count,IPI-CooperativeService,1098,1783014795406041604,1783014730741657456,1783014730741699555,1783014795577767030,171.725,,0.042,64836.067,"CooperativeService{guidedPlanning, status=request, vehicleId=0x7665682d3833, requestedHorizonMs=2500, confidence=100, planning.waypoints=1, offloadTaskId=probe-362, offloadPayload=1024 bytes}"
5g-sender,1783014795947892019,edge4av-real-20260702-multiclient-scalability-run-3,p5g-scale-mqtt-payload-1024-clients-100,scale,guided-planning,mqtt,veh-83,veh-83,rsu-1,p5g-scale-mqtt-payload-1024-clients-100-veh-83-363,ipi-session-1,multiclient-scalability-run-3,veh-83,363,100-clients,default,stationary,unsynced,true,true,clients,100,count,IPI-CooperativeService,1098,1783014795777909034,1783014731103501417,1783014731103569520,1783014795947892019,169.983,,0.068,64844.322,"CooperativeService{guidedPlanning, status=request, vehicleId=0x7665682d3833, requestedHorizonMs=2500, confidence=100, planning.waypoints=1, offloadTaskId=probe-363, offloadPayload=1024 bytes}"
5g-sender,1783014796287806662,edge4av-real-20260702-multiclient-scalability-run-3,p5g-scale-mqtt-payload-1024-clients-100,scale,guided-planning,mqtt,veh-83,veh-83,rsu-1,p5g-scale-mqtt-payload-1024-clients-100-veh-83-364,ipi-session-1,multiclient-scalability-run-3,veh-83,364,100-clients,default,stationary,unsynced,true,true,clients,100,count,IPI-CooperativeService,1098,1783014796148035833,1783014731443279424,1783014731443321198,1783014796287806662,139.771,,0.042,64844.485,"CooperativeService{guidedPlanning, status=request, vehicleId=0x7665682d3833, requestedHorizonMs=2500, confidence=100, planning.waypoints=1, offloadTaskId=probe-364, offloadPayload=1024 bytes}"
5g-sender,1783014796667827631,edge4av-real-20260702-multiclient-scalability-run-3,p5g-scale-mqtt-payload-1024-clients-100,scale,guided-planning,mqtt,veh-83,veh-83,rsu-1,p5g-scale-mqtt-payload-1024-clients-100-veh-83-365,ipi-session-1,multiclient-scalability-run-3,veh-83,365,100-clients,default,stationary,unsynced,true,true,clients,100,count,IPI-CooperativeService,1098,1783014796487953109,1783014731823479326,1783014731823523414,1783014796667827631,179.875,,0.044,64844.304,"CooperativeService{guidedPlanning, status=request, vehicleId=0x7665682d3833, requestedHorizonMs=2500, confidence=100, planning.waypoints=1, offloadTaskId=probe-365, offloadPayload=1024 bytes}"
5g-sender,1783014796991788530,edge4av-real-20260702-multiclient-scalability-run-3,p5g-scale-mqtt-payload-1024-clients-100,scale,guided-planning,mqtt,veh-83,veh-83,rsu-1,p5g-scale-mqtt-payload-1024-clients-100-veh-83-366,ipi-session-1,multiclient-scalability-run-3,veh-83,366,100-clients,default,stationary,unsynced,true,true,clients,100,count,IPI-CooperativeService,1098,1783014796867975871,1783014732154917046,1783014732154969866,1783014796991788530,123.813,,0.053,64836.819,"CooperativeService{guidedPlanning, status=request, vehicleId=0x7665682d3833, requestedHorizonMs=2500, confidence=100, planning.waypoints=1, offloadTaskId=probe-366, offloadPayload=1024 bytes}"
5g-sender,1783014797953855987,edge4av-real-20260702-multiclient-scalability-run-3,p5g-scale-mqtt-payload-1024-clients-100,scale,guided-planning,mqtt,veh-83,veh-83,rsu-1,p5g-scale-mqtt-payload-1024-clients-100-veh-83-367,ipi-session-1,multiclient-scalability-run-3,veh-83,367,100-clients,default,stationary,unsynced,true,true,clients,100,count,IPI-CooperativeService,1098,1783014797191931824,1783014733115447766,1783014733115463118,1783014797953855987,761.924,,0.015,64838.393,"CooperativeService{guidedPlanning, status=request, vehicleId=0x7665682d3833, requestedHorizonMs=2500, confidence=100, planning.waypoints=1, offloadTaskId=probe-367, offloadPayload=1024 bytes}"
5g-sender,1783014798275727128,edge4av-real-20260702-multiclient-scalability-run-3,p5g-scale-mqtt-payload-1024-clients-100,scale,guided-planning,mqtt,veh-83,veh-83,rsu-1,p5g-scale-mqtt-payload-1024-clients-100-veh-83-368,ipi-session-1,multiclient-scalability-run-3,veh-83,368,100-clients,default,stationary,unsynced,true,true,clients,100,count,IPI-CooperativeService,1098,1783014798154090755,1783014733437078391,1783014733437129159,1783014798275727128,121.636,,0.051,64838.598,"CooperativeService{guidedPlanning, status=request, vehicleId=0x7665682d3833, requestedHorizonMs=2500, confidence=100, planning.waypoints=1, offloadTaskId=probe-368, offloadPayload=1024 bytes}"
5g-sender,1783014798611835638,edge4av-real-20260702-multiclient-scalability-run-3,p5g-scale-mqtt-payload-1024-clients-100,scale,guided-planning,mqtt,veh-83,veh-83,rsu-1,p5g-scale-mqtt-payload-1024-clients-100-veh-83-369,ipi-session-1,multiclient-scalability-run-3,veh-83,369,100-clients,default,stationary,unsynced,true,true,clients,100,count,IPI-CooperativeService,1098,1783014798475882468,1783014733769092726,1783014733769135419,1783014798611835638,135.953,,0.043,64842.700,"CooperativeService{guidedPlanning, status=request, vehicleId=0x7665682d3833, requestedHorizonMs=2500, confidence=100, planning.waypoints=1, offloadTaskId=probe-369, offloadPayload=1024 bytes}"
5g-sender,1783014798961931767,edge4av-real-20260702-multiclient-scalability-run-3,p5g-scale-mqtt-payload-1024-clients-100,scale,guided-planning,mqtt,veh-83,veh-83,rsu-1,p5g-scale-mqtt-payload-1024-clients-100-veh-83-370,ipi-session-1,multiclient-scalability-run-3,veh-83,370,100-clients,default,stationary,unsynced,true,true,clients,100,count,IPI-CooperativeService,1098,1783014798811978692,1783014734129742499,1783014734129810157,1783014798961931767,149.953,,0.068,64832.122,"CooperativeService{guidedPlanning, status=request, vehicleId=0x7665682d3833, requestedHorizonMs=2500, confidence=100, planning.waypoints=1, offloadTaskId=probe-370, offloadPayload=1024 bytes}"
5g-sender,1783014799333715940,edge4av-real-20260702-multiclient-scalability-run-3,p5g-scale-mqtt-payload-1024-clients-100,scale,guided-planning,mqtt,veh-83,veh-83,rsu-1,p5g-scale-mqtt-payload-1024-clients-100-veh-83-371,ipi-session-1,multiclient-scalability-run-3,veh-83,371,100-clients,default,stationary,unsynced,true,true,clients,100,count,IPI-CooperativeService,1098,1783014799162077564,1783014734498450036,1783014734498494288,1783014799333715940,171.638,,0.044,64835.222,"CooperativeService{guidedPlanning, status=request, vehicleId=0x7665682d3833, requestedHorizonMs=2500, confidence=100, planning.waypoints=1, offloadTaskId=probe-371, offloadPayload=1024 bytes}"
5g-sender,1783014799713720561,edge4av-real-20260702-multiclient-scalability-run-3,p5g-scale-mqtt-payload-1024-clients-100,scale,guided-planning,mqtt,veh-83,veh-83,rsu-1,p5g-scale-mqtt-payload-1024-clients-100-veh-83-372,ipi-session-1,multiclient-scalability-run-3,veh-83,372,100-clients,default,stationary,unsynced,true,true,clients,100,count,IPI-CooperativeService,1098,1783014799533861376,1783014734878512684,1783014734878563575,1783014799713720561,179.859,,0.051,64835.157,"CooperativeService{guidedPlanning, status=request, vehicleId=0x7665682d3833, requestedHorizonMs=2500, confidence=100, planning.waypoints=1, offloadTaskId=probe-372, offloadPayload=1024 bytes}"
5g-sender,1783014800083790372,edge4av-real-20260702-multiclient-scalability-run-3,p5g-scale-mqtt-payload-1024-clients-100,scale,guided-planning,mqtt,veh-83,veh-83,rsu-1,p5g-scale-mqtt-payload-1024-clients-100-veh-83-373,ipi-session-1,multiclient-scalability-run-3,veh-83,373,100-clients,default,stationary,unsynced,true,true,clients,100,count,IPI-CooperativeService,1098,1783014799913860560,1783014735250820578,1783014735250875965,1783014800083790372,169.930,,0.055,64832.914,"CooperativeService{guidedPlanning, status=request, vehicleId=0x7665682d3833, requestedHorizonMs=2500, confidence=100, planning.waypoints=1, offloadTaskId=probe-373, offloadPayload=1024 bytes}"
5g-sender,1783014800461928543,edge4av-real-20260702-multiclient-scalability-run-3,p5g-scale-mqtt-payload-1024-clients-100,scale,guided-planning,mqtt,veh-83,veh-83,rsu-1,p5g-scale-mqtt-payload-1024-clients-100-veh-83-374,ipi-session-1,multiclient-scalability-run-3,veh-83,374,100-clients,default,stationary,unsynced,true,true,clients,100,count,IPI-CooperativeService,1098,1783014800283988768,1783014735630495334,1783014735630539209,1783014800461928543,177.940,,0.044,64831.389,"CooperativeService{guidedPlanning, status=request, vehicleId=0x7665682d3833, requestedHorizonMs=2500, confidence=100, planning.waypoints=1, offloadTaskId=probe-374, offloadPayload=1024 bytes}"
5g-sender,1783014801257799030,edge4av-real-20260702-multiclient-scalability-run-3,p5g-scale-mqtt-payload-1024-clients-100,scale,guided-planning,mqtt,veh-83,veh-83,rsu-1,p5g-scale-mqtt-payload-1024-clients-100-veh-83-375,ipi-session-1,multiclient-scalability-run-3,veh-83,375,100-clients,default,stationary,unsynced,true,true,clients,100,count,IPI-CooperativeService,1098,1783014800662073873,1783014736421696769,1783014736421740780,1783014801257799030,595.725,,0.044,64836.058,"CooperativeService{guidedPlanning, status=request, vehicleId=0x7665682d3833, requestedHorizonMs=2500, confidence=100, planning.waypoints=1, offloadTaskId=probe-375, offloadPayload=1024 bytes}"
5g-sender,1783014801549588856,edge4av-real-20260702-multiclient-scalability-run-3,p5g-scale-mqtt-payload-1024-clients-100,scale,guided-planning,mqtt,veh-83,veh-83,rsu-1,p5g-scale-mqtt-payload-1024-clients-100-veh-83-376,ipi-session-1,multiclient-scalability-run-3,veh-83,376,100-clients,default,stationary,unsynced,true,true,clients,100,count,IPI-CooperativeService,1098,1783014801457951036,1783014736713148191,1783014736713208120,1783014801549588856,91.638,,0.060,64836.381,"CooperativeService{guidedPlanning, status=request, vehicleId=0x7665682d3833, requestedHorizonMs=2500, confidence=100, planning.waypoints=1, offloadTaskId=probe-376, offloadPayload=1024 bytes}"
5g-sender,1783014801827795301,edge4av-real-20260702-multiclient-scalability-run-3,p5g-scale-mqtt-payload-1024-clients-100,scale,guided-planning,mqtt,veh-83,veh-83,rsu-1,p5g-scale-mqtt-payload-1024-clients-100-veh-83-377,ipi-session-1,multiclient-scalability-run-3,veh-83,377,100-clients,default,stationary,unsynced,true,true,clients,100,count,IPI-CooperativeService,1098,1783014801749737672,1783014736993969520,1783014736994012954,1783014801827795301,78.058,,0.043,64833.782,"CooperativeService{guidedPlanning, status=request, vehicleId=0x7665682d3833, requestedHorizonMs=2500, confidence=100, planning.waypoints=1, offloadTaskId=probe-377, offloadPayload=1024 bytes}"
5g-sender,1783014802107859375,edge4av-real-20260702-multiclient-scalability-run-3,p5g-scale-mqtt-payload-1024-clients-100,scale,guided-planning,mqtt,veh-83,veh-83,rsu-1,p5g-scale-mqtt-payload-1024-clients-100-veh-83-378,ipi-session-1,multiclient-scalability-run-3,veh-83,378,100-clients,default,stationary,unsynced,true,true,clients,100,count,IPI-CooperativeService,1098,1783014802027937814,1783014737263310912,1783014737263354986,1783014802107859375,79.922,,0.044,64844.504,"CooperativeService{guidedPlanning, status=request, vehicleId=0x7665682d3833, requestedHorizonMs=2500, confidence=100, planning.waypoints=1, offloadTaskId=probe-378, offloadPayload=1024 bytes}"
5g-sender,1783014802379679019,edge4av-real-20260702-multiclient-scalability-run-3,p5g-scale-mqtt-payload-1024-clients-100,scale,guided-planning,mqtt,veh-83,veh-83,rsu-1,p5g-scale-mqtt-payload-1024-clients-100-veh-83-379,ipi-session-1,multiclient-scalability-run-3,veh-83,379,100-clients,default,stationary,unsynced,true,true,clients,100,count,IPI-CooperativeService,1098,1783014802308006195,1783014737544747969,1783014737544792793,1783014802379679019,71.673,,0.045,64834.886,"CooperativeService{guidedPlanning, status=request, vehicleId=0x7665682d3833, requestedHorizonMs=2500, confidence=100, planning.waypoints=1, offloadTaskId=probe-379, offloadPayload=1024 bytes}"
5g-sender,1783014802661880102,edge4av-real-20260702-multiclient-scalability-run-3,p5g-scale-mqtt-payload-1024-clients-100,scale,guided-planning,mqtt,veh-83,veh-83,rsu-1,p5g-scale-mqtt-payload-1024-clients-100-veh-83-380,ipi-session-1,multiclient-scalability-run-3,veh-83,380,100-clients,default,stationary,unsynced,true,true,clients,100,count,IPI-CooperativeService,1098,1783014802579858589,1783014737825177597,1783014737825221037,1783014802661880102,82.022,,0.043,64836.659,"CooperativeService{guidedPlanning, status=request, vehicleId=0x7665682d3833, requestedHorizonMs=2500, confidence=100, planning.waypoints=1, offloadTaskId=probe-380, offloadPayload=1024 bytes}"
5g-sender,1783014802983212930,edge4av-real-20260702-multiclient-scalability-run-3,p5g-scale-mqtt-payload-1024-clients-100,scale,guided-planning,mqtt,veh-83,veh-83,rsu-1,p5g-scale-mqtt-payload-1024-clients-100-veh-83-381,ipi-session-1,multiclient-scalability-run-3,veh-83,381,100-clients,default,stationary,unsynced,true,true,clients,100,count,IPI-CooperativeService,1098,1783014802862114653,1783014738145126224,1783014738145183409,1783014802983212930,121.098,,0.057,64838.030,"CooperativeService{guidedPlanning, status=request, vehicleId=0x7665682d3833, requestedHorizonMs=2500, confidence=100, planning.waypoints=1, offloadTaskId=probe-381, offloadPayload=1024 bytes}"
5g-sender,1783014803327688354,edge4av-real-20260702-multiclient-scalability-run-3,p5g-scale-mqtt-payload-1024-clients-100,scale,guided-planning,mqtt,veh-83,veh-83,rsu-1,p5g-scale-mqtt-payload-1024-clients-100-veh-83-382,ipi-session-1,multiclient-scalability-run-3,veh-83,382,100-clients,default,stationary,unsynced,true,true,clients,100,count,IPI-CooperativeService,1098,1783014803183367604,1783014738495376834,1783014738495445312,1783014803327688354,144.321,,0.068,64832.243,"CooperativeService{guidedPlanning, status=request, vehicleId=0x7665682d3833, requestedHorizonMs=2500, confidence=100, planning.waypoints=1, offloadTaskId=probe-382, offloadPayload=1024 bytes}"
5g-sender,1783014803681804317,edge4av-real-20260702-multiclient-scalability-run-3,p5g-scale-mqtt-payload-1024-clients-100,scale,guided-planning,mqtt,veh-83,veh-83,rsu-1,p5g-scale-mqtt-payload-1024-clients-100-veh-83-383,ipi-session-1,multiclient-scalability-run-3,veh-83,383,100-clients,default,stationary,unsynced,true,true,clients,100,count,IPI-CooperativeService,1098,1783014803527838450,1783014738845515403,1783014738845568183,1783014803681804317,153.966,,0.053,64836.236,"CooperativeService{guidedPlanning, status=request, vehicleId=0x7665682d3833, requestedHorizonMs=2500, confidence=100, planning.waypoints=1, offloadTaskId=probe-383, offloadPayload=1024 bytes}"
5g-sender,1783014804023678273,edge4av-real-20260702-multiclient-scalability-run-3,p5g-scale-mqtt-payload-1024-clients-100,scale,guided-planning,mqtt,veh-83,veh-83,rsu-1,p5g-scale-mqtt-payload-1024-clients-100-veh-83-384,ipi-session-1,multiclient-scalability-run-3,veh-83,384,100-clients,default,stationary,unsynced,true,true,clients,100,count,IPI-CooperativeService,1098,1783014803881951980,1783014739188247832,1783014739188316729,1783014804023678273,141.726,,0.069,64835.362,"CooperativeService{guidedPlanning, status=request, vehicleId=0x7665682d3833, requestedHorizonMs=2500, confidence=100, planning.waypoints=1, offloadTaskId=probe-384, offloadPayload=1024 bytes}"
5g-sender,1783014804331760423,edge4av-real-20260702-multiclient-scalability-run-3,p5g-scale-mqtt-payload-1024-clients-100,scale,guided-planning,mqtt,veh-83,veh-83,rsu-1,p5g-scale-mqtt-payload-1024-clients-100-veh-83-385,ipi-session-1,multiclient-scalability-run-3,veh-83,385,100-clients,default,stationary,unsynced,true,true,clients,100,count,IPI-CooperativeService,1098,1783014804223826462,1783014739497965996,1783014739498009036,1783014804331760423,107.934,,0.043,64833.751,"CooperativeService{guidedPlanning, status=request, vehicleId=0x7665682d3833, requestedHorizonMs=2500, confidence=100, planning.waypoints=1, offloadTaskId=probe-385, offloadPayload=1024 bytes}"
5g-sender,1783014804621812434,edge4av-real-20260702-multiclient-scalability-run-3,p5g-scale-mqtt-payload-1024-clients-100,scale,guided-planning,mqtt,veh-83,veh-83,rsu-1,p5g-scale-mqtt-payload-1024-clients-100-veh-83-386,ipi-session-1,multiclient-scalability-run-3,veh-83,386,100-clients,default,stationary,unsynced,true,true,clients,100,count,IPI-CooperativeService,1098,1783014804531911142,1783014739777775726,1783014739777840009,1783014804621812434,89.901,,0.064,64843.972,"CooperativeService{guidedPlanning, status=request, vehicleId=0x7665682d3833, requestedHorizonMs=2500, confidence=100, planning.waypoints=1, offloadTaskId=probe-386, offloadPayload=1024 bytes}"
5g-sender,1783014804945810799,edge4av-real-20260702-multiclient-scalability-run-3,p5g-scale-mqtt-payload-1024-clients-100,scale,guided-planning,mqtt,veh-83,veh-83,rsu-1,p5g-scale-mqtt-payload-1024-clients-100-veh-83-387,ipi-session-1,multiclient-scalability-run-3,veh-83,387,100-clients,default,stationary,unsynced,true,true,clients,100,count,IPI-CooperativeService,1098,1783014804822003087,1783014740108122104,1783014740108165722,1783014804945810799,123.808,,0.044,64837.645,"CooperativeService{guidedPlanning, status=request, vehicleId=0x7665682d3833, requestedHorizonMs=2500, confidence=100, planning.waypoints=1, offloadTaskId=probe-387, offloadPayload=1024 bytes}"
5g-sender,1783014805279856297,edge4av-real-20260702-multiclient-scalability-run-3,p5g-scale-mqtt-payload-1024-clients-100,scale,guided-planning,mqtt,veh-83,veh-83,rsu-1,p5g-scale-mqtt-payload-1024-clients-100-veh-83-388,ipi-session-1,multiclient-scalability-run-3,veh-83,388,100-clients,default,stationary,unsynced,true,true,clients,100,count,IPI-CooperativeService,1098,1783014805145952456,1783014740428951670,1783014740428996014,1783014805279856297,133.904,,0.044,64850.860,"CooperativeService{guidedPlanning, status=request, vehicleId=0x7665682d3833, requestedHorizonMs=2500, confidence=100, planning.waypoints=1, offloadTaskId=probe-388, offloadPayload=1024 bytes}"
5g-sender,1783014805561843324,edge4av-real-20260702-multiclient-scalability-run-3,p5g-scale-mqtt-payload-1024-clients-100,scale,guided-planning,mqtt,veh-83,veh-83,rsu-1,p5g-scale-mqtt-payload-1024-clients-100-veh-83-389,ipi-session-1,multiclient-scalability-run-3,veh-83,389,100-clients,default,stationary,unsynced,true,true,clients,100,count,IPI-CooperativeService,1098,1783014805480019180,1783014740729919370,1783014740729988374,1783014805561843324,81.824,,0.069,64831.855,"CooperativeService{guidedPlanning, status=request, vehicleId=0x7665682d3833, requestedHorizonMs=2500, confidence=100, planning.waypoints=1, offloadTaskId=probe-389, offloadPayload=1024 bytes}"
5g-sender,1783014805901763212,edge4av-real-20260702-multiclient-scalability-run-3,p5g-scale-mqtt-payload-1024-clients-100,scale,guided-planning,mqtt,veh-83,veh-83,rsu-1,p5g-scale-mqtt-payload-1024-clients-100-veh-83-390,ipi-session-1,multiclient-scalability-run-3,veh-83,390,100-clients,default,stationary,unsynced,true,true,clients,100,count,IPI-CooperativeService,1098,1783014805761989060,1783014741069244235,1783014741069287508,1783014805901763212,139.774,,0.043,64832.476,"CooperativeService{guidedPlanning, status=request, vehicleId=0x7665682d3833, requestedHorizonMs=2500, confidence=100, planning.waypoints=1, offloadTaskId=probe-390, offloadPayload=1024 bytes}"
5g-sender,1783014806261809571,edge4av-real-20260702-multiclient-scalability-run-3,p5g-scale-mqtt-payload-1024-clients-100,scale,guided-planning,mqtt,veh-83,veh-83,rsu-1,p5g-scale-mqtt-payload-1024-clients-100-veh-83-391,ipi-session-1,multiclient-scalability-run-3,veh-83,391,100-clients,default,stationary,unsynced,true,true,clients,100,count,IPI-CooperativeService,1098,1783014806101910165,1783014741430093133,1783014741430144810,1783014806261809571,159.899,,0.052,64831.665,"CooperativeService{guidedPlanning, status=request, vehicleId=0x7665682d3833, requestedHorizonMs=2500, confidence=100, planning.waypoints=1, offloadTaskId=probe-391, offloadPayload=1024 bytes}"
5g-sender,1783014806613883056,edge4av-real-20260702-multiclient-scalability-run-3,p5g-scale-mqtt-payload-1024-clients-100,scale,guided-planning,mqtt,veh-83,veh-83,rsu-1,p5g-scale-mqtt-payload-1024-clients-100-veh-83-392,ipi-session-1,multiclient-scalability-run-3,veh-83,392,100-clients,default,stationary,unsynced,true,true,clients,100,count,IPI-CooperativeService,1098,1783014806461969247,1783014741781306312,1783014741781368928,1783014806613883056,151.914,,0.063,64832.514,"CooperativeService{guidedPlanning, status=request, vehicleId=0x7665682d3833, requestedHorizonMs=2500, confidence=100, planning.waypoints=1, offloadTaskId=probe-392, offloadPayload=1024 bytes}"
5g-sender,1783014806927890560,edge4av-real-20260702-multiclient-scalability-run-3,p5g-scale-mqtt-payload-1024-clients-100,scale,guided-planning,mqtt,veh-83,veh-83,rsu-1,p5g-scale-mqtt-payload-1024-clients-100-veh-83-393,ipi-session-1,multiclient-scalability-run-3,veh-83,393,100-clients,default,stationary,unsynced,true,true,clients,100,count,IPI-CooperativeService,1098,1783014806814122000,1783014742091212215,1783014742091264280,1783014806927890560,113.769,,0.052,64836.626,"CooperativeService{guidedPlanning, status=request, vehicleId=0x7665682d3833, requestedHorizonMs=2500, confidence=100, planning.waypoints=1, offloadTaskId=probe-393, offloadPayload=1024 bytes}"
5g-sender,1783014807207830622,edge4av-real-20260702-multiclient-scalability-run-3,p5g-scale-mqtt-payload-1024-clients-100,scale,guided-planning,mqtt,veh-83,veh-83,rsu-1,p5g-scale-mqtt-payload-1024-clients-100-veh-83-394,ipi-session-1,multiclient-scalability-run-3,veh-83,394,100-clients,default,stationary,unsynced,true,true,clients,100,count,IPI-CooperativeService,1098,1783014807128085764,1783014742373961852,1783014742374004871,1783014807207830622,79.745,,0.043,64833.826,"CooperativeService{guidedPlanning, status=request, vehicleId=0x7665682d3833, requestedHorizonMs=2500, confidence=100, planning.waypoints=1, offloadTaskId=probe-394, offloadPayload=1024 bytes}"
5g-sender,1783014807507830081,edge4av-real-20260702-multiclient-scalability-run-3,p5g-scale-mqtt-payload-1024-clients-100,scale,guided-planning,mqtt,veh-83,veh-83,rsu-1,p5g-scale-mqtt-payload-1024-clients-100-veh-83-395,ipi-session-1,multiclient-scalability-run-3,veh-83,395,100-clients,default,stationary,unsynced,true,true,clients,100,count,IPI-CooperativeService,1098,1783014807408000625,1783014742663244304,1783014742663302006,1783014807507830081,99.829,,0.058,64844.528,"CooperativeService{guidedPlanning, status=request, vehicleId=0x7665682d3833, requestedHorizonMs=2500, confidence=100, planning.waypoints=1, offloadTaskId=probe-395, offloadPayload=1024 bytes}"
5g-sender,1783014807785759862,edge4av-real-20260702-multiclient-scalability-run-3,p5g-scale-mqtt-payload-1024-clients-100,scale,guided-planning,mqtt,veh-83,veh-83,rsu-1,p5g-scale-mqtt-payload-1024-clients-100-veh-83-396,ipi-session-1,multiclient-scalability-run-3,veh-83,396,100-clients,default,stationary,unsynced,true,true,clients,100,count,IPI-CooperativeService,1098,1783014807708008797,1783014742948481909,1783014742948548111,1783014807785759862,77.751,,0.066,64837.212,"CooperativeService{guidedPlanning, status=request, vehicleId=0x7665682d3833, requestedHorizonMs=2500, confidence=100, planning.waypoints=1, offloadTaskId=probe-396, offloadPayload=1024 bytes}"
5g-sender,1783014808065829878,edge4av-real-20260702-multiclient-scalability-run-3,p5g-scale-mqtt-payload-1024-clients-100,scale,guided-planning,mqtt,veh-83,veh-83,rsu-1,p5g-scale-mqtt-payload-1024-clients-100-veh-83-397,ipi-session-1,multiclient-scalability-run-3,veh-83,397,100-clients,default,stationary,unsynced,true,true,clients,100,count,IPI-CooperativeService,1098,1783014807985943334,1783014743235697273,1783014743235741019,1783014808065829878,79.887,,0.044,64830.089,"CooperativeService{guidedPlanning, status=request, vehicleId=0x7665682d3833, requestedHorizonMs=2500, confidence=100, planning.waypoints=1, offloadTaskId=probe-397, offloadPayload=1024 bytes}"
5g-sender,1783014808343804973,edge4av-real-20260702-multiclient-scalability-run-3,p5g-scale-mqtt-payload-1024-clients-100,scale,guided-planning,mqtt,veh-83,veh-83,rsu-1,p5g-scale-mqtt-payload-1024-clients-100-veh-83-398,ipi-session-1,multiclient-scalability-run-3,veh-83,398,100-clients,default,stationary,unsynced,true,true,clients,100,count,IPI-CooperativeService,1098,1783014808265928247,1783014743504929201,1783014743504981178,1783014808343804973,77.877,,0.052,64838.824,"CooperativeService{guidedPlanning, status=request, vehicleId=0x7665682d3833, requestedHorizonMs=2500, confidence=100, planning.waypoints=1, offloadTaskId=probe-398, offloadPayload=1024 bytes}"
5g-sender,1783014808615119361,edge4av-real-20260702-multiclient-scalability-run-3,p5g-scale-mqtt-payload-1024-clients-100,scale,guided-planning,mqtt,veh-83,veh-83,rsu-1,p5g-scale-mqtt-payload-1024-clients-100-veh-83-399,ipi-session-1,multiclient-scalability-run-3,veh-83,399,100-clients,default,stationary,unsynced,true,true,clients,100,count,IPI-CooperativeService,1098,1783014808543995406,1783014743784303488,1783014743784365180,1783014808615119361,71.124,,0.062,64830.754,"CooperativeService{guidedPlanning, status=request, vehicleId=0x7665682d3833, requestedHorizonMs=2500, confidence=100, planning.waypoints=1, offloadTaskId=probe-399, offloadPayload=1024 bytes}"
5g-sender,1783014808907752033,edge4av-real-20260702-multiclient-scalability-run-3,p5g-scale-mqtt-payload-1024-clients-100,scale,guided-planning,mqtt,veh-83,veh-83,rsu-1,p5g-scale-mqtt-payload-1024-clients-100-veh-83-400,ipi-session-1,multiclient-scalability-run-3,veh-83,400,100-clients,default,stationary,unsynced,true,true,clients,100,count,IPI-CooperativeService,1098,1783014808815259730,1783014744074643187,1783014744074694255,1783014808907752033,92.492,,0.051,64833.058,"CooperativeService{guidedPlanning, status=request, vehicleId=0x7665682d3833, requestedHorizonMs=2500, confidence=100, planning.waypoints=1, offloadTaskId=probe-400, offloadPayload=1024 bytes}"
5g-sender,1783014809197842957,edge4av-real-20260702-multiclient-scalability-run-3,p5g-scale-mqtt-payload-1024-clients-100,scale,guided-planning,mqtt,veh-83,veh-83,rsu-1,p5g-scale-mqtt-payload-1024-clients-100-veh-83-401,ipi-session-1,multiclient-scalability-run-3,veh-83,401,100-clients,default,stationary,unsynced,true,true,clients,100,count,IPI-CooperativeService,1098,1783014809107889286,1783014744364607339,1783014744364650995,1783014809197842957,89.954,,0.044,64833.192,"CooperativeService{guidedPlanning, status=request, vehicleId=0x7665682d3833, requestedHorizonMs=2500, confidence=100, planning.waypoints=1, offloadTaskId=probe-401, offloadPayload=1024 bytes}"
5g-sender,1783014809487674943,edge4av-real-20260702-multiclient-scalability-run-3,p5g-scale-mqtt-payload-1024-clients-100,scale,guided-planning,mqtt,veh-83,veh-83,rsu-1,p5g-scale-mqtt-payload-1024-clients-100-veh-83-402,ipi-session-1,multiclient-scalability-run-3,veh-83,402,100-clients,default,stationary,unsynced,true,true,clients,100,count,IPI-CooperativeService,1098,1783014809397989163,1783014744655808721,1783014744655865045,1783014809487674943,89.686,,0.056,64831.810,"CooperativeService{guidedPlanning, status=request, vehicleId=0x7665682d3833, requestedHorizonMs=2500, confidence=100, planning.waypoints=1, offloadTaskId=probe-402, offloadPayload=1024 bytes}"
5g-sender,1783014809780005084,edge4av-real-20260702-multiclient-scalability-run-3,p5g-scale-mqtt-payload-1024-clients-100,scale,guided-planning,mqtt,veh-83,veh-83,rsu-1,p5g-scale-mqtt-payload-1024-clients-100-veh-83-403,ipi-session-1,multiclient-scalability-run-3,veh-83,403,100-clients,default,stationary,unsynced,true,true,clients,100,count,IPI-CooperativeService,1098,1783014809687819255,1783014744947329562,1783014744947384046,1783014809780005084,92.186,,0.054,64832.621,"CooperativeService{guidedPlanning, status=request, vehicleId=0x7665682d3833, requestedHorizonMs=2500, confidence=100, planning.waypoints=1, offloadTaskId=probe-403, offloadPayload=1024 bytes}"
5g-sender,1783014810083372440,edge4av-real-20260702-multiclient-scalability-run-3,p5g-scale-mqtt-payload-1024-clients-100,scale,guided-planning,mqtt,veh-83,veh-83,rsu-1,p5g-scale-mqtt-payload-1024-clients-100-veh-83-404,ipi-session-1,multiclient-scalability-run-3,veh-83,404,100-clients,default,stationary,unsynced,true,true,clients,100,count,IPI-CooperativeService,1098,1783014809980148436,1783014745237139385,1783014745237183609,1783014810083372440,103.224,,0.044,64846.189,"CooperativeService{guidedPlanning, status=request, vehicleId=0x7665682d3833, requestedHorizonMs=2500, confidence=100, planning.waypoints=1, offloadTaskId=probe-404, offloadPayload=1024 bytes}"
5g-sender,1783014810383736158,edge4av-real-20260702-multiclient-scalability-run-3,p5g-scale-mqtt-payload-1024-clients-100,scale,guided-planning,mqtt,veh-83,veh-83,rsu-1,p5g-scale-mqtt-payload-1024-clients-100-veh-83-405,ipi-session-1,multiclient-scalability-run-3,veh-83,405,100-clients,default,stationary,unsynced,true,true,clients,100,count,IPI-CooperativeService,1098,1783014810283562249,1783014745547386920,1783014745547436743,1783014810383736158,100.174,,0.050,64836.299,"CooperativeService{guidedPlanning, status=request, vehicleId=0x7665682d3833, requestedHorizonMs=2500, confidence=100, planning.waypoints=1, offloadTaskId=probe-405, offloadPayload=1024 bytes}"
5g-sender,1783014810715792940,edge4av-real-20260702-multiclient-scalability-run-3,p5g-scale-mqtt-payload-1024-clients-100,scale,guided-planning,mqtt,veh-83,veh-83,rsu-1,p5g-scale-mqtt-payload-1024-clients-100-veh-83-406,ipi-session-1,multiclient-scalability-run-3,veh-83,406,100-clients,default,stationary,unsynced,true,true,clients,100,count,IPI-CooperativeService,1098,1783014810583881734,1783014745877927704,1783014745877971325,1783014810715792940,131.911,,0.044,64837.822,"CooperativeService{guidedPlanning, status=request, vehicleId=0x7665682d3833, requestedHorizonMs=2500, confidence=100, planning.waypoints=1, offloadTaskId=probe-406, offloadPayload=1024 bytes}"
5g-sender,1783014811077615920,edge4av-real-20260702-multiclient-scalability-run-3,p5g-scale-mqtt-payload-1024-clients-100,scale,guided-planning,mqtt,veh-83,veh-83,rsu-1,p5g-scale-mqtt-payload-1024-clients-100-veh-83-407,ipi-session-1,multiclient-scalability-run-3,veh-83,407,100-clients,default,stationary,unsynced,true,true,clients,100,count,IPI-CooperativeService,1098,1783014810915939709,1783014746239446907,1783014746239513130,1783014811077615920,161.676,,0.066,64838.103,"CooperativeService{guidedPlanning, status=request, vehicleId=0x7665682d3833, requestedHorizonMs=2500, confidence=100, planning.waypoints=1, offloadTaskId=probe-407, offloadPayload=1024 bytes}"
5g-sender,1783014811407766482,edge4av-real-20260702-multiclient-scalability-run-3,p5g-scale-mqtt-payload-1024-clients-100,scale,guided-planning,mqtt,veh-83,veh-83,rsu-1,p5g-scale-mqtt-payload-1024-clients-100-veh-83-408,ipi-session-1,multiclient-scalability-run-3,veh-83,408,100-clients,default,stationary,unsynced,true,true,clients,100,count,IPI-CooperativeService,1098,1783014811277760112,1783014746562720972,1783014746562787557,1783014811407766482,130.006,,0.067,64844.979,"CooperativeService{guidedPlanning, status=request, vehicleId=0x7665682d3833, requestedHorizonMs=2500, confidence=100, planning.waypoints=1, offloadTaskId=probe-408, offloadPayload=1024 bytes}"
5g-sender,1783014811675785833,edge4av-real-20260702-multiclient-scalability-run-3,p5g-scale-mqtt-payload-1024-clients-100,scale,guided-planning,mqtt,veh-83,veh-83,rsu-1,p5g-scale-mqtt-payload-1024-clients-100-veh-83-409,ipi-session-1,multiclient-scalability-run-3,veh-83,409,100-clients,default,stationary,unsynced,true,true,clients,100,count,IPI-CooperativeService,1098,1783014811607914044,1783014746839844027,1783014746839888015,1783014811675785833,67.872,,0.044,64835.898,"CooperativeService{guidedPlanning, status=request, vehicleId=0x7665682d3833, requestedHorizonMs=2500, confidence=100, planning.waypoints=1, offloadTaskId=probe-409, offloadPayload=1024 bytes}"
5g-sender,1783014811941849896,edge4av-real-20260702-multiclient-scalability-run-3,p5g-scale-mqtt-payload-1024-clients-100,scale,guided-planning,mqtt,veh-83,veh-83,rsu-1,p5g-scale-mqtt-payload-1024-clients-100-veh-83-410,ipi-session-1,multiclient-scalability-run-3,veh-83,410,100-clients,default,stationary,unsynced,true,true,clients,100,count,IPI-CooperativeService,1098,1783014811875928624,1783014747110122017,1783014747110189769,1783014811941849896,65.921,,0.068,64831.660,"CooperativeService{guidedPlanning, status=request, vehicleId=0x7665682d3833, requestedHorizonMs=2500, confidence=100, planning.waypoints=1, offloadTaskId=probe-410, offloadPayload=1024 bytes}"
5g-sender,1783014812237799375,edge4av-real-20260702-multiclient-scalability-run-3,p5g-scale-mqtt-payload-1024-clients-100,scale,guided-planning,mqtt,veh-83,veh-83,rsu-1,p5g-scale-mqtt-payload-1024-clients-100-veh-83-411,ipi-session-1,multiclient-scalability-run-3,veh-83,411,100-clients,default,stationary,unsynced,true,true,clients,100,count,IPI-CooperativeService,1098,1783014812142036188,1783014747400249565,1783014747400293103,1783014812237799375,95.763,,0.044,64837.506,"CooperativeService{guidedPlanning, status=request, vehicleId=0x7665682d3833, requestedHorizonMs=2500, confidence=100, planning.waypoints=1, offloadTaskId=probe-411, offloadPayload=1024 bytes}"
5g-sender,1783014812527925046,edge4av-real-20260702-multiclient-scalability-run-3,p5g-scale-mqtt-payload-1024-clients-100,scale,guided-planning,mqtt,veh-83,veh-83,rsu-1,p5g-scale-mqtt-payload-1024-clients-100-veh-83-412,ipi-session-1,multiclient-scalability-run-3,veh-83,412,100-clients,default,stationary,unsynced,true,true,clients,100,count,IPI-CooperativeService,1098,1783014812437938079,1783014747691346973,1783014747691390716,1783014812527925046,89.987,,0.044,64836.534,"CooperativeService{guidedPlanning, status=request, vehicleId=0x7665682d3833, requestedHorizonMs=2500, confidence=100, planning.waypoints=1, offloadTaskId=probe-412, offloadPayload=1024 bytes}"
5g-sender,1783014812883944078,edge4av-real-20260702-multiclient-scalability-run-3,p5g-scale-mqtt-payload-1024-clients-100,scale,guided-planning,mqtt,veh-83,veh-83,rsu-1,p5g-scale-mqtt-payload-1024-clients-100-veh-83-413,ipi-session-1,multiclient-scalability-run-3,veh-83,413,100-clients,default,stationary,unsynced,true,true,clients,100,count,IPI-CooperativeService,1098,1783014812728069864,1783014748051490265,1783014748051543677,1783014812883944078,155.874,,0.053,64832.400,"CooperativeService{guidedPlanning, status=request, vehicleId=0x7665682d3833, requestedHorizonMs=2500, confidence=100, planning.waypoints=1, offloadTaskId=probe-413, offloadPayload=1024 bytes}"
5g-sender,1783014813222620645,edge4av-real-20260702-multiclient-scalability-run-3,p5g-scale-mqtt-payload-1024-clients-100,scale,guided-planning,mqtt,veh-83,veh-83,rsu-1,p5g-scale-mqtt-payload-1024-clients-100-veh-83-414,ipi-session-1,multiclient-scalability-run-3,veh-83,414,100-clients,default,stationary,unsynced,true,true,clients,100,count,IPI-CooperativeService,1098,1783014813084091263,1783014748384026491,1783014748384069448,1783014813222620645,138.529,,0.043,64838.551,"CooperativeService{guidedPlanning, status=request, vehicleId=0x7665682d3833, requestedHorizonMs=2500, confidence=100, planning.waypoints=1, offloadTaskId=probe-414, offloadPayload=1024 bytes}"
5g-sender,1783014813555947014,edge4av-real-20260702-multiclient-scalability-run-3,p5g-scale-mqtt-payload-1024-clients-100,scale,guided-planning,mqtt,veh-83,veh-83,rsu-1,p5g-scale-mqtt-payload-1024-clients-100-veh-83-415,ipi-session-1,multiclient-scalability-run-3,veh-83,415,100-clients,default,stationary,unsynced,true,true,clients,100,count,IPI-CooperativeService,1098,1783014813422767464,1783014748722605853,1783014748722656368,1783014813555947014,133.180,,0.051,64833.291,"CooperativeService{guidedPlanning, status=request, vehicleId=0x7665682d3833, requestedHorizonMs=2500, confidence=100, planning.waypoints=1, offloadTaskId=probe-415, offloadPayload=1024 bytes}"
5g-sender,1783014813908037451,edge4av-real-20260702-multiclient-scalability-run-3,p5g-scale-mqtt-payload-1024-clients-100,scale,guided-planning,mqtt,veh-83,veh-83,rsu-1,p5g-scale-mqtt-payload-1024-clients-100-veh-83-416,ipi-session-1,multiclient-scalability-run-3,veh-83,416,100-clients,default,stationary,unsynced,true,true,clients,100,count,IPI-CooperativeService,1098,1783014813756093462,1783014749073185804,1783014749073239863,1783014813908037451,151.944,,0.054,64834.798,"CooperativeService{guidedPlanning, status=request, vehicleId=0x7665682d3833, requestedHorizonMs=2500, confidence=100, planning.waypoints=1, offloadTaskId=probe-416, offloadPayload=1024 bytes}"
5g-sender,1783014814277856850,edge4av-real-20260702-multiclient-scalability-run-3,p5g-scale-mqtt-payload-1024-clients-100,scale,guided-planning,mqtt,veh-83,veh-83,rsu-1,p5g-scale-mqtt-payload-1024-clients-100-veh-83-417,ipi-session-1,multiclient-scalability-run-3,veh-83,417,100-clients,default,stationary,unsynced,true,true,clients,100,count,IPI-CooperativeService,1098,1783014814108251564,1783014749443972024,1783014749444022320,1783014814277856850,169.605,,0.050,64833.835,"CooperativeService{guidedPlanning, status=request, vehicleId=0x7665682d3833, requestedHorizonMs=2500, confidence=100, planning.waypoints=1, offloadTaskId=probe-417, offloadPayload=1024 bytes}"
5g-sender,1783014814668047876,edge4av-real-20260702-multiclient-scalability-run-3,p5g-scale-mqtt-payload-1024-clients-100,scale,guided-planning,mqtt,veh-83,veh-83,rsu-1,p5g-scale-mqtt-payload-1024-clients-100-veh-83-418,ipi-session-1,multiclient-scalability-run-3,veh-83,418,100-clients,default,stationary,unsynced,true,true,clients,100,count,IPI-CooperativeService,1098,1783014814478027509,1783014749834926792,1783014749834981108,1783014814668047876,190.020,,0.054,64833.067,"CooperativeService{guidedPlanning, status=request, vehicleId=0x7665682d3833, requestedHorizonMs=2500, confidence=100, planning.waypoints=1, offloadTaskId=probe-418, offloadPayload=1024 bytes}"
5g-sender,1783014815007998499,edge4av-real-20260702-multiclient-scalability-run-3,p5g-scale-mqtt-payload-1024-clients-100,scale,guided-planning,mqtt,veh-83,veh-83,rsu-1,p5g-scale-mqtt-payload-1024-clients-100-veh-83-419,ipi-session-1,multiclient-scalability-run-3,veh-83,419,100-clients,default,stationary,unsynced,true,true,clients,100,count,IPI-CooperativeService,1098,1783014814868218684,1783014750175425563,1783014750175470438,1783014815007998499,139.780,,0.045,64832.528,"CooperativeService{guidedPlanning, status=request, vehicleId=0x7665682d3833, requestedHorizonMs=2500, confidence=100, planning.waypoints=1, offloadTaskId=probe-419, offloadPayload=1024 bytes}"
5g-sender,1783014815943993636,edge4av-real-20260702-multiclient-scalability-run-3,p5g-scale-mqtt-payload-1024-clients-100,scale,guided-planning,mqtt,veh-83,veh-83,rsu-1,p5g-scale-mqtt-payload-1024-clients-100-veh-83-420,ipi-session-1,multiclient-scalability-run-3,veh-83,420,100-clients,default,stationary,unsynced,true,true,clients,100,count,IPI-CooperativeService,1098,1783014815208166688,1783014751106348684,1783014751106423702,1783014815943993636,735.827,,0.075,64837.570,"CooperativeService{guidedPlanning, status=request, vehicleId=0x7665682d3833, requestedHorizonMs=2500, confidence=100, planning.waypoints=1, offloadTaskId=probe-420, offloadPayload=1024 bytes}"
5g-sender,1783014816303743126,edge4av-real-20260702-multiclient-scalability-run-3,p5g-scale-mqtt-payload-1024-clients-100,scale,guided-planning,mqtt,veh-83,veh-83,rsu-1,p5g-scale-mqtt-payload-1024-clients-100-veh-83-421,ipi-session-1,multiclient-scalability-run-3,veh-83,421,100-clients,default,stationary,unsynced,true,true,clients,100,count,IPI-CooperativeService,1098,1783014816144134784,1783014751468455150,1783014751468522647,1783014816303743126,159.608,,0.067,64835.220,"CooperativeService{guidedPlanning, status=request, vehicleId=0x7665682d3833, requestedHorizonMs=2500, confidence=100, planning.waypoints=1, offloadTaskId=probe-421, offloadPayload=1024 bytes}"
5g-sender,1783014816661948334,edge4av-real-20260702-multiclient-scalability-run-3,p5g-scale-mqtt-payload-1024-clients-100,scale,guided-planning,mqtt,veh-83,veh-83,rsu-1,p5g-scale-mqtt-payload-1024-clients-100-veh-83-422,ipi-session-1,multiclient-scalability-run-3,veh-83,422,100-clients,default,stationary,unsynced,true,true,clients,100,count,IPI-CooperativeService,1098,1783014816503855551,1783014751819636536,1783014751819696434,1783014816661948334,158.093,,0.060,64842.252,"CooperativeService{guidedPlanning, status=request, vehicleId=0x7665682d3833, requestedHorizonMs=2500, confidence=100, planning.waypoints=1, offloadTaskId=probe-422, offloadPayload=1024 bytes}"
5g-sender,1783014817005882583,edge4av-real-20260702-multiclient-scalability-run-3,p5g-scale-mqtt-payload-1024-clients-100,scale,guided-planning,mqtt,veh-83,veh-83,rsu-1,p5g-scale-mqtt-payload-1024-clients-100-veh-83-423,ipi-session-1,multiclient-scalability-run-3,veh-83,423,100-clients,default,stationary,unsynced,true,true,clients,100,count,IPI-CooperativeService,1098,1783014816862133993,1783014752160743675,1783014752160805954,1783014817005882583,143.749,,0.062,64845.077,"CooperativeService{guidedPlanning, status=request, vehicleId=0x7665682d3833, requestedHorizonMs=2500, confidence=100, planning.waypoints=1, offloadTaskId=probe-423, offloadPayload=1024 bytes}"
5g-sender,1783014817283862056,edge4av-real-20260702-multiclient-scalability-run-3,p5g-scale-mqtt-payload-1024-clients-100,scale,guided-planning,mqtt,veh-83,veh-83,rsu-1,p5g-scale-mqtt-payload-1024-clients-100-veh-83-424,ipi-session-1,multiclient-scalability-run-3,veh-83,424,100-clients,default,stationary,unsynced,true,true,clients,100,count,IPI-CooperativeService,1098,1783014817206023131,1783014752449862404,1783014752449932169,1783014817283862056,77.839,,0.070,64833.930,"CooperativeService{guidedPlanning, status=request, vehicleId=0x7665682d3833, requestedHorizonMs=2500, confidence=100, planning.waypoints=1, offloadTaskId=probe-424, offloadPayload=1024 bytes}"
5g-sender,1783014817544136539,edge4av-real-20260702-multiclient-scalability-run-3,p5g-scale-mqtt-payload-1024-clients-100,scale,guided-planning,mqtt,veh-83,veh-83,rsu-1,p5g-scale-mqtt-payload-1024-clients-100-veh-83-425,ipi-session-1,multiclient-scalability-run-3,veh-83,425,100-clients,default,stationary,unsynced,true,true,clients,100,count,IPI-CooperativeService,1098,1783014817484001401,1783014752710301052,1783014752710353889,1783014817544136539,60.135,,0.053,64833.783,"CooperativeService{guidedPlanning, status=request, vehicleId=0x7665682d3833, requestedHorizonMs=2500, confidence=100, planning.waypoints=1, offloadTaskId=probe-425, offloadPayload=1024 bytes}"
5g-sender,1783014817839942653,edge4av-real-20260702-multiclient-scalability-run-3,p5g-scale-mqtt-payload-1024-clients-100,scale,guided-planning,mqtt,veh-83,veh-83,rsu-1,p5g-scale-mqtt-payload-1024-clients-100-veh-83-426,ipi-session-1,multiclient-scalability-run-3,veh-83,426,100-clients,default,stationary,unsynced,true,true,clients,100,count,IPI-CooperativeService,1098,1783014817744277837,1783014753000071819,1783014753000116133,1783014817839942653,95.665,,0.044,64839.827,"CooperativeService{guidedPlanning, status=request, vehicleId=0x7665682d3833, requestedHorizonMs=2500, confidence=100, planning.waypoints=1, offloadTaskId=probe-426, offloadPayload=1024 bytes}"
5g-sender,1783014818143879676,edge4av-real-20260702-multiclient-scalability-run-3,p5g-scale-mqtt-payload-1024-clients-100,scale,guided-planning,mqtt,veh-83,veh-83,rsu-1,p5g-scale-mqtt-payload-1024-clients-100-veh-83-427,ipi-session-1,multiclient-scalability-run-3,veh-83,427,100-clients,default,stationary,unsynced,true,true,clients,100,count,IPI-CooperativeService,1098,1783014818040051736,1783014753310222040,1783014753310271727,1783014818143879676,103.828,,0.050,64833.608,"CooperativeService{guidedPlanning, status=request, vehicleId=0x7665682d3833, requestedHorizonMs=2500, confidence=100, planning.waypoints=1, offloadTaskId=probe-427, offloadPayload=1024 bytes}"
5g-sender,1783014818437946461,edge4av-real-20260702-multiclient-scalability-run-3,p5g-scale-mqtt-payload-1024-clients-100,scale,guided-planning,mqtt,veh-83,veh-83,rsu-1,p5g-scale-mqtt-payload-1024-clients-100-veh-83-428,ipi-session-1,multiclient-scalability-run-3,veh-83,428,100-clients,default,stationary,unsynced,true,true,clients,100,count,IPI-CooperativeService,1098,1783014818344021201,1783014753601154735,1783014753601207505,1783014818437946461,93.925,,0.053,64836.739,"CooperativeService{guidedPlanning, status=request, vehicleId=0x7665682d3833, requestedHorizonMs=2500, confidence=100, planning.waypoints=1, offloadTaskId=probe-428, offloadPayload=1024 bytes}"
5g-sender,1783014818708066443,edge4av-real-20260702-multiclient-scalability-run-3,p5g-scale-mqtt-payload-1024-clients-100,scale,guided-planning,mqtt,veh-83,veh-83,rsu-1,p5g-scale-mqtt-payload-1024-clients-100-veh-83-429,ipi-session-1,multiclient-scalability-run-3,veh-83,429,100-clients,default,stationary,unsynced,true,true,clients,100,count,IPI-CooperativeService,1098,1783014818638137160,1783014753872387051,1783014753872440351,1783014818708066443,69.929,,0.053,64835.626,"CooperativeService{guidedPlanning, status=request, vehicleId=0x7665682d3833, requestedHorizonMs=2500, confidence=100, planning.waypoints=1, offloadTaskId=probe-429, offloadPayload=1024 bytes}"
5g-sender,1783014818983857230,edge4av-real-20260702-multiclient-scalability-run-3,p5g-scale-mqtt-payload-1024-clients-100,scale,guided-planning,mqtt,veh-83,veh-83,rsu-1,p5g-scale-mqtt-payload-1024-clients-100-veh-83-430,ipi-session-1,multiclient-scalability-run-3,veh-83,430,100-clients,default,stationary,unsynced,true,true,clients,100,count,IPI-CooperativeService,1098,1783014818908206618,1783014754142117679,1783014754142182806,1783014818983857230,75.651,,0.065,64841.674,"CooperativeService{guidedPlanning, status=request, vehicleId=0x7665682d3833, requestedHorizonMs=2500, confidence=100, planning.waypoints=1, offloadTaskId=probe-430, offloadPayload=1024 bytes}"
5g-sender,1783014819301904501,edge4av-real-20260702-multiclient-scalability-run-3,p5g-scale-mqtt-payload-1024-clients-100,scale,guided-planning,mqtt,veh-83,veh-83,rsu-1,p5g-scale-mqtt-payload-1024-clients-100-veh-83-431,ipi-session-1,multiclient-scalability-run-3,veh-83,431,100-clients,default,stationary,unsynced,true,true,clients,100,count,IPI-CooperativeService,1098,1783014819184006188,1783014754463254381,1783014754463311496,1783014819301904501,117.898,,0.057,64838.593,"CooperativeService{guidedPlanning, status=request, vehicleId=0x7665682d3833, requestedHorizonMs=2500, confidence=100, planning.waypoints=1, offloadTaskId=probe-431, offloadPayload=1024 bytes}"
5g-sender,1783014819559920037,edge4av-real-20260702-multiclient-scalability-run-3,p5g-scale-mqtt-payload-1024-clients-100,scale,guided-planning,mqtt,veh-83,veh-83,rsu-1,p5g-scale-mqtt-payload-1024-clients-100-veh-83-432,ipi-session-1,multiclient-scalability-run-3,veh-83,432,100-clients,default,stationary,unsynced,true,true,clients,100,count,IPI-CooperativeService,1098,1783014819502046539,1783014754722374823,1783014754722419213,1783014819559920037,57.873,,0.044,64837.501,"CooperativeService{guidedPlanning, status=request, vehicleId=0x7665682d3833, requestedHorizonMs=2500, confidence=100, planning.waypoints=1, offloadTaskId=probe-432, offloadPayload=1024 bytes}"
5g-sender,1783014819875892023,edge4av-real-20260702-multiclient-scalability-run-3,p5g-scale-mqtt-payload-1024-clients-100,scale,guided-planning,mqtt,veh-83,veh-83,rsu-1,p5g-scale-mqtt-payload-1024-clients-100-veh-83-433,ipi-session-1,multiclient-scalability-run-3,veh-83,433,100-clients,default,stationary,unsynced,true,true,clients,100,count,IPI-CooperativeService,1098,1783014819760065938,1783014755043491042,1783014755043543009,1783014819875892023,115.826,,0.052,64832.349,"CooperativeService{guidedPlanning, status=request, vehicleId=0x7665682d3833, requestedHorizonMs=2500, confidence=100, planning.waypoints=1, offloadTaskId=probe-433, offloadPayload=1024 bytes}"
5g-sender,1783014820157943662,edge4av-real-20260702-multiclient-scalability-run-3,p5g-scale-mqtt-payload-1024-clients-100,scale,guided-planning,mqtt,veh-83,veh-83,rsu-1,p5g-scale-mqtt-payload-1024-clients-100-veh-83-434,ipi-session-1,multiclient-scalability-run-3,veh-83,434,100-clients,default,stationary,unsynced,true,true,clients,100,count,IPI-CooperativeService,1098,1783014820076035641,1783014755324595274,1783014755324652336,1783014820157943662,81.908,,0.057,64833.291,"CooperativeService{guidedPlanning, status=request, vehicleId=0x7665682d3833, requestedHorizonMs=2500, confidence=100, planning.waypoints=1, offloadTaskId=probe-434, offloadPayload=1024 bytes}"
5g-sender,1783014820467961956,edge4av-real-20260702-multiclient-scalability-run-3,p5g-scale-mqtt-payload-1024-clients-100,scale,guided-planning,mqtt,veh-83,veh-83,rsu-1,p5g-scale-mqtt-payload-1024-clients-100-veh-83-435,ipi-session-1,multiclient-scalability-run-3,veh-83,435,100-clients,default,stationary,unsynced,true,true,clients,100,count,IPI-CooperativeService,1098,1783014820358091205,1783014755634318471,1783014755634362126,1783014820467961956,109.871,,0.044,64833.600,"CooperativeService{guidedPlanning, status=request, vehicleId=0x7665682d3833, requestedHorizonMs=2500, confidence=100, planning.waypoints=1, offloadTaskId=probe-435, offloadPayload=1024 bytes}"
5g-sender,1783014820771298745,edge4av-real-20260702-multiclient-scalability-run-3,p5g-scale-mqtt-payload-1024-clients-100,scale,guided-planning,mqtt,veh-83,veh-83,rsu-1,p5g-scale-mqtt-payload-1024-clients-100-veh-83-436,ipi-session-1,multiclient-scalability-run-3,veh-83,436,100-clients,default,stationary,unsynced,true,true,clients,100,count,IPI-CooperativeService,1098,1783014820668154072,1783014755935371293,1783014755935424134,1783014820771298745,103.145,,0.053,64835.875,"CooperativeService{guidedPlanning, status=request, vehicleId=0x7665682d3833, requestedHorizonMs=2500, confidence=100, planning.waypoints=1, offloadTaskId=probe-436, offloadPayload=1024 bytes}"
5g-sender,1783014821035952096,edge4av-real-20260702-multiclient-scalability-run-3,p5g-scale-mqtt-payload-1024-clients-100,scale,guided-planning,mqtt,veh-83,veh-83,rsu-1,p5g-scale-mqtt-payload-1024-clients-100-veh-83-437,ipi-session-1,multiclient-scalability-run-3,veh-83,437,100-clients,default,stationary,unsynced,true,true,clients,100,count,IPI-CooperativeService,1098,1783014820971463856,1783014756197073429,1783014756197149957,1783014821035952096,64.488,,0.077,64838.802,"CooperativeService{guidedPlanning, status=request, vehicleId=0x7665682d3833, requestedHorizonMs=2500, confidence=100, planning.waypoints=1, offloadTaskId=probe-437, offloadPayload=1024 bytes}"
5g-sender,1783014821296033155,edge4av-real-20260702-multiclient-scalability-run-3,p5g-scale-mqtt-payload-1024-clients-100,scale,guided-planning,mqtt,veh-83,veh-83,rsu-1,p5g-scale-mqtt-payload-1024-clients-100-veh-83-438,ipi-session-1,multiclient-scalability-run-3,veh-83,438,100-clients,default,stationary,unsynced,true,true,clients,100,count,IPI-CooperativeService,1098,1783014821236098044,1783014756458223588,1783014756458267366,1783014821296033155,59.935,,0.044,64837.766,"CooperativeService{guidedPlanning, status=request, vehicleId=0x7665682d3833, requestedHorizonMs=2500, confidence=100, planning.waypoints=1, offloadTaskId=probe-438, offloadPayload=1024 bytes}"
5g-sender,1783014821581926527,edge4av-real-20260702-multiclient-scalability-run-3,p5g-scale-mqtt-payload-1024-clients-100,scale,guided-planning,mqtt,veh-83,veh-83,rsu-1,p5g-scale-mqtt-payload-1024-clients-100-veh-83-439,ipi-session-1,multiclient-scalability-run-3,veh-83,439,100-clients,default,stationary,unsynced,true,true,clients,100,count,IPI-CooperativeService,1098,1783014821496180520,1783014756745903873,1783014756745959045,1783014821581926527,85.746,,0.055,64835.967,"CooperativeService{guidedPlanning, status=request, vehicleId=0x7665682d3833, requestedHorizonMs=2500, confidence=100, planning.waypoints=1, offloadTaskId=probe-439, offloadPayload=1024 bytes}"
5g-sender,1783014821915874818,edge4av-real-20260702-multiclient-scalability-run-3,p5g-scale-mqtt-payload-1024-clients-100,scale,guided-planning,mqtt,veh-83,veh-83,rsu-1,p5g-scale-mqtt-payload-1024-clients-100-veh-83-440,ipi-session-1,multiclient-scalability-run-3,veh-83,440,100-clients,default,stationary,unsynced,true,true,clients,100,count,IPI-CooperativeService,1098,1783014821782073099,1783014757077901976,1783014757077945803,1783014821915874818,133.802,,0.044,64837.929,"CooperativeService{guidedPlanning, status=request, vehicleId=0x7665682d3833, requestedHorizonMs=2500, confidence=100, planning.waypoints=1, offloadTaskId=probe-440, offloadPayload=1024 bytes}"
5g-sender,1783014822273820702,edge4av-real-20260702-multiclient-scalability-run-3,p5g-scale-mqtt-payload-1024-clients-100,scale,guided-planning,mqtt,veh-83,veh-83,rsu-1,p5g-scale-mqtt-payload-1024-clients-100-veh-83-441,ipi-session-1,multiclient-scalability-run-3,veh-83,441,100-clients,default,stationary,unsynced,true,true,clients,100,count,IPI-CooperativeService,1098,1783014822116021193,1783014757439027920,1783014757439070443,1783014822273820702,157.800,,0.043,64834.750,"CooperativeService{guidedPlanning, status=request, vehicleId=0x7665682d3833, requestedHorizonMs=2500, confidence=100, planning.waypoints=1, offloadTaskId=probe-441, offloadPayload=1024 bytes}"
5g-sender,1783014822555884328,edge4av-real-20260702-multiclient-scalability-run-3,p5g-scale-mqtt-payload-1024-clients-100,scale,guided-planning,mqtt,veh-83,veh-83,rsu-1,p5g-scale-mqtt-payload-1024-clients-100-veh-83-442,ipi-session-1,multiclient-scalability-run-3,veh-83,442,100-clients,default,stationary,unsynced,true,true,clients,100,count,IPI-CooperativeService,1098,1783014822474018730,1783014757718821134,1783014757718865171,1783014822555884328,81.866,,0.044,64837.019,"CooperativeService{guidedPlanning, status=request, vehicleId=0x7665682d3833, requestedHorizonMs=2500, confidence=100, planning.waypoints=1, offloadTaskId=probe-442, offloadPayload=1024 bytes}"
5g-sender,1783014822863904277,edge4av-real-20260702-multiclient-scalability-run-3,p5g-scale-mqtt-payload-1024-clients-100,scale,guided-planning,mqtt,veh-83,veh-83,rsu-1,p5g-scale-mqtt-payload-1024-clients-100-veh-83-443,ipi-session-1,multiclient-scalability-run-3,veh-83,443,100-clients,default,stationary,unsynced,true,true,clients,100,count,IPI-CooperativeService,1098,1783014822756028952,1783014758029720219,1783014758029763886,1783014822863904277,107.875,,0.044,64834.140,"CooperativeService{guidedPlanning, status=request, vehicleId=0x7665682d3833, requestedHorizonMs=2500, confidence=100, planning.waypoints=1, offloadTaskId=probe-443, offloadPayload=1024 bytes}"
5g-sender,1783014823167952092,edge4av-real-20260702-multiclient-scalability-run-3,p5g-scale-mqtt-payload-1024-clients-100,scale,guided-planning,mqtt,veh-83,veh-83,rsu-1,p5g-scale-mqtt-payload-1024-clients-100-veh-83-444,ipi-session-1,multiclient-scalability-run-3,veh-83,444,100-clients,default,stationary,unsynced,true,true,clients,100,count,IPI-CooperativeService,1098,1783014823064055032,1783014758321355550,1783014758321399393,1783014823167952092,103.897,,0.044,64846.553,"CooperativeService{guidedPlanning, status=request, vehicleId=0x7665682d3833, requestedHorizonMs=2500, confidence=100, planning.waypoints=1, offloadTaskId=probe-444, offloadPayload=1024 bytes}"
5g-sender,1783014823466048112,edge4av-real-20260702-multiclient-scalability-run-3,p5g-scale-mqtt-payload-1024-clients-100,scale,guided-planning,mqtt,veh-83,veh-83,rsu-1,p5g-scale-mqtt-payload-1024-clients-100-veh-83-445,ipi-session-1,multiclient-scalability-run-3,veh-83,445,100-clients,default,stationary,unsynced,true,true,clients,100,count,IPI-CooperativeService,1098,1783014823368101057,1783014758631733980,1783014758631792124,1783014823466048112,97.947,,0.058,64834.256,"CooperativeService{guidedPlanning, status=request, vehicleId=0x7665682d3833, requestedHorizonMs=2500, confidence=100, planning.waypoints=1, offloadTaskId=probe-445, offloadPayload=1024 bytes}"
5g-sender,1783014823782703255,edge4av-real-20260702-multiclient-scalability-run-3,p5g-scale-mqtt-payload-1024-clients-100,scale,guided-planning,mqtt,veh-83,veh-83,rsu-1,p5g-scale-mqtt-payload-1024-clients-100-veh-83-446,ipi-session-1,multiclient-scalability-run-3,veh-83,446,100-clients,default,stationary,unsynced,true,true,clients,100,count,IPI-CooperativeService,1098,1783014823666203456,1783014758942056896,1783014758942101048,1783014823782703255,116.500,,0.044,64840.602,"CooperativeService{guidedPlanning, status=request, vehicleId=0x7665682d3833, requestedHorizonMs=2500, confidence=100, planning.waypoints=1, offloadTaskId=probe-446, offloadPayload=1024 bytes}"
5g-sender,1783014824143861322,edge4av-real-20260702-multiclient-scalability-run-3,p5g-scale-mqtt-payload-1024-clients-100,scale,guided-planning,mqtt,veh-83,veh-83,rsu-1,p5g-scale-mqtt-payload-1024-clients-100-veh-83-447,ipi-session-1,multiclient-scalability-run-3,veh-83,447,100-clients,default,stationary,unsynced,true,true,clients,100,count,IPI-CooperativeService,1098,1783014823982841189,1783014759311820780,1783014759311864905,1783014824143861322,161.020,,0.044,64831.996,"CooperativeService{guidedPlanning, status=request, vehicleId=0x7665682d3833, requestedHorizonMs=2500, confidence=100, planning.waypoints=1, offloadTaskId=probe-447, offloadPayload=1024 bytes}"
5g-sender,1783014824507963890,edge4av-real-20260702-multiclient-scalability-run-3,p5g-scale-mqtt-payload-1024-clients-100,scale,guided-planning,mqtt,veh-83,veh-83,rsu-1,p5g-scale-mqtt-payload-1024-clients-100-veh-83-448,ipi-session-1,multiclient-scalability-run-3,veh-83,448,100-clients,default,stationary,unsynced,true,true,clients,100,count,IPI-CooperativeService,1098,1783014824344051540,1783014759672279633,1783014759672323975,1783014824507963890,163.912,,0.044,64835.640,"CooperativeService{guidedPlanning, status=request, vehicleId=0x7665682d3833, requestedHorizonMs=2500, confidence=100, planning.waypoints=1, offloadTaskId=probe-448, offloadPayload=1024 bytes}"
5g-sender,1783014824797779960,edge4av-real-20260702-multiclient-scalability-run-3,p5g-scale-mqtt-payload-1024-clients-100,scale,guided-planning,mqtt,veh-83,veh-83,rsu-1,p5g-scale-mqtt-payload-1024-clients-100-veh-83-449,ipi-session-1,multiclient-scalability-run-3,veh-83,449,100-clients,default,stationary,unsynced,true,true,clients,100,count,IPI-CooperativeService,1098,1783014824708142815,1783014759962991507,1783014759963059776,1783014824797779960,89.637,,0.068,64834.720,"CooperativeService{guidedPlanning, status=request, vehicleId=0x7665682d3833, requestedHorizonMs=2500, confidence=100, planning.waypoints=1, offloadTaskId=probe-449, offloadPayload=1024 bytes}"
5g-sender,1783014825105878350,edge4av-real-20260702-multiclient-scalability-run-3,p5g-scale-mqtt-payload-1024-clients-100,scale,guided-planning,mqtt,veh-83,veh-83,rsu-1,p5g-scale-mqtt-payload-1024-clients-100-veh-83-450,ipi-session-1,multiclient-scalability-run-3,veh-83,450,100-clients,default,stationary,unsynced,true,true,clients,100,count,IPI-CooperativeService,1098,1783014824997929324,1783014760273142148,1783014760273186563,1783014825105878350,107.949,,0.044,64832.692,"CooperativeService{guidedPlanning, status=request, vehicleId=0x7665682d3833, requestedHorizonMs=2500, confidence=100, planning.waypoints=1, offloadTaskId=probe-450, offloadPayload=1024 bytes}"
5g-sender,1783014825427667613,edge4av-real-20260702-multiclient-scalability-run-3,p5g-scale-mqtt-payload-1024-clients-100,scale,guided-planning,mqtt,veh-83,veh-83,rsu-1,p5g-scale-mqtt-payload-1024-clients-100-veh-83-451,ipi-session-1,multiclient-scalability-run-3,veh-83,451,100-clients,default,stationary,unsynced,true,true,clients,100,count,IPI-CooperativeService,1098,1783014825306020091,1783014760594199711,1783014760594243409,1783014825427667613,121.648,,0.044,64833.424,"CooperativeService{guidedPlanning, status=request, vehicleId=0x7665682d3833, requestedHorizonMs=2500, confidence=100, planning.waypoints=1, offloadTaskId=probe-451, offloadPayload=1024 bytes}"
5g-sender,1783014825735894511,edge4av-real-20260702-multiclient-scalability-run-3,p5g-scale-mqtt-payload-1024-clients-100,scale,guided-planning,mqtt,veh-83,veh-83,rsu-1,p5g-scale-mqtt-payload-1024-clients-100-veh-83-452,ipi-session-1,multiclient-scalability-run-3,veh-83,452,100-clients,default,stationary,unsynced,true,true,clients,100,count,IPI-CooperativeService,1098,1783014825627814584,1783014760905270592,1783014760905313013,1783014825735894511,108.080,,0.042,64830.581,"CooperativeService{guidedPlanning, status=request, vehicleId=0x7665682d3833, requestedHorizonMs=2500, confidence=100, planning.waypoints=1, offloadTaskId=probe-452, offloadPayload=1024 bytes}"
5g-sender,1783014826037818764,edge4av-real-20260702-multiclient-scalability-run-3,p5g-scale-mqtt-payload-1024-clients-100,scale,guided-planning,mqtt,veh-83,veh-83,rsu-1,p5g-scale-mqtt-payload-1024-clients-100-veh-83-453,ipi-session-1,multiclient-scalability-run-3,veh-83,453,100-clients,default,stationary,unsynced,true,true,clients,100,count,IPI-CooperativeService,1098,1783014825936038115,1783014761205034065,1783014761205077686,1783014826037818764,101.781,,0.044,64832.741,"CooperativeService{guidedPlanning, status=request, vehicleId=0x7665682d3833, requestedHorizonMs=2500, confidence=100, planning.waypoints=1, offloadTaskId=probe-453, offloadPayload=1024 bytes}"
5g-sender,1783014826377980558,edge4av-real-20260702-multiclient-scalability-run-3,p5g-scale-mqtt-payload-1024-clients-100,scale,guided-planning,mqtt,veh-83,veh-83,rsu-1,p5g-scale-mqtt-payload-1024-clients-100-veh-83-454,ipi-session-1,multiclient-scalability-run-3,veh-83,454,100-clients,default,stationary,unsynced,true,true,clients,100,count,IPI-CooperativeService,1098,1783014826238000375,1783014761546035108,1783014761546082658,1783014826377980558,139.980,,0.048,64831.898,"CooperativeService{guidedPlanning, status=request, vehicleId=0x7665682d3833, requestedHorizonMs=2500, confidence=100, planning.waypoints=1, offloadTaskId=probe-454, offloadPayload=1024 bytes}"
5g-sender,1783014826644236578,edge4av-real-20260702-multiclient-scalability-run-3,p5g-scale-mqtt-payload-1024-clients-100,scale,guided-planning,mqtt,veh-83,veh-83,rsu-1,p5g-scale-mqtt-payload-1024-clients-100-veh-83-455,ipi-session-1,multiclient-scalability-run-3,veh-83,455,100-clients,default,stationary,unsynced,true,true,clients,100,count,IPI-CooperativeService,1098,1783014826578125806,1783014761810300512,1783014761810344196,1783014826644236578,66.111,,0.044,64833.892,"CooperativeService{guidedPlanning, status=request, vehicleId=0x7665682d3833, requestedHorizonMs=2500, confidence=100, planning.waypoints=1, offloadTaskId=probe-455, offloadPayload=1024 bytes}"
5g-sender,1783014827321953477,edge4av-real-20260702-multiclient-scalability-run-3,p5g-scale-mqtt-payload-1024-clients-100,scale,guided-planning,mqtt,veh-83,veh-83,rsu-1,p5g-scale-mqtt-payload-1024-clients-100-veh-83-456,ipi-session-1,multiclient-scalability-run-3,veh-83,456,100-clients,default,stationary,unsynced,true,true,clients,100,count,IPI-CooperativeService,1098,1783014826844380773,1783014762486584161,1783014762486628029,1783014827321953477,477.573,,0.044,64835.325,"CooperativeService{guidedPlanning, status=request, vehicleId=0x7665682d3833, requestedHorizonMs=2500, confidence=100, planning.waypoints=1, offloadTaskId=probe-456, offloadPayload=1024 bytes}"
5g-sender,1783014827655971127,edge4av-real-20260702-multiclient-scalability-run-3,p5g-scale-mqtt-payload-1024-clients-100,scale,guided-planning,mqtt,veh-83,veh-83,rsu-1,p5g-scale-mqtt-payload-1024-clients-100-veh-83-457,ipi-session-1,multiclient-scalability-run-3,veh-83,457,100-clients,default,stationary,unsynced,true,true,clients,100,count,IPI-CooperativeService,1098,1783014827522097884,1783014762820817196,1783014762820861134,1783014827655971127,133.873,,0.044,64835.110,"CooperativeService{guidedPlanning, status=request, vehicleId=0x7665682d3833, requestedHorizonMs=2500, confidence=100, planning.waypoints=1, offloadTaskId=probe-457, offloadPayload=1024 bytes}"
5g-sender,1783014828023866984,edge4av-real-20260702-multiclient-scalability-run-3,p5g-scale-mqtt-payload-1024-clients-100,scale,guided-planning,mqtt,veh-83,veh-83,rsu-1,p5g-scale-mqtt-payload-1024-clients-100-veh-83-458,ipi-session-1,multiclient-scalability-run-3,veh-83,458,100-clients,default,stationary,unsynced,true,true,clients,100,count,IPI-CooperativeService,1098,1783014827856118914,1783014763187448006,1783014763187463698,1783014828023866984,167.748,,0.016,64836.403,"CooperativeService{guidedPlanning, status=request, vehicleId=0x7665682d3833, requestedHorizonMs=2500, confidence=100, planning.waypoints=1, offloadTaskId=probe-458, offloadPayload=1024 bytes}"
5g-sender,1783014828402009704,edge4av-real-20260702-multiclient-scalability-run-3,p5g-scale-mqtt-payload-1024-clients-100,scale,guided-planning,mqtt,veh-83,veh-83,rsu-1,p5g-scale-mqtt-payload-1024-clients-100-veh-83-459,ipi-session-1,multiclient-scalability-run-3,veh-83,459,100-clients,default,stationary,unsynced,true,true,clients,100,count,IPI-CooperativeService,1098,1783014828224013921,1783014763569044951,1783014763569109148,1783014828402009704,177.996,,0.064,64832.901,"CooperativeService{guidedPlanning, status=request, vehicleId=0x7665682d3833, requestedHorizonMs=2500, confidence=100, planning.waypoints=1, offloadTaskId=probe-459, offloadPayload=1024 bytes}"
5g-sender,1783014828775882663,edge4av-real-20260702-multiclient-scalability-run-3,p5g-scale-mqtt-payload-1024-clients-100,scale,guided-planning,mqtt,veh-83,veh-83,rsu-1,p5g-scale-mqtt-payload-1024-clients-100-veh-83-460,ipi-session-1,multiclient-scalability-run-3,veh-83,460,100-clients,default,stationary,unsynced,true,true,clients,100,count,IPI-CooperativeService,1098,1783014828602216506,1783014763939411389,1783014763939456579,1783014828775882663,173.666,,0.045,64836.426,"CooperativeService{guidedPlanning, status=request, vehicleId=0x7665682d3833, requestedHorizonMs=2500, confidence=100, planning.waypoints=1, offloadTaskId=probe-460, offloadPayload=1024 bytes}"
5g-sender,1783014829122800891,edge4av-real-20260702-multiclient-scalability-run-3,p5g-scale-mqtt-payload-1024-clients-100,scale,guided-planning,mqtt,veh-83,veh-83,rsu-1,p5g-scale-mqtt-payload-1024-clients-100-veh-83-461,ipi-session-1,multiclient-scalability-run-3,veh-83,461,100-clients,default,stationary,unsynced,true,true,clients,100,count,IPI-CooperativeService,1098,1783014828976027584,1783014764281709893,1783014764281753119,1783014829122800891,146.773,,0.043,64841.048,"CooperativeService{guidedPlanning, status=request, vehicleId=0x7665682d3833, requestedHorizonMs=2500, confidence=100, planning.waypoints=1, offloadTaskId=probe-461, offloadPayload=1024 bytes}"
5g-sender,1783014829445982625,edge4av-real-20260702-multiclient-scalability-run-3,p5g-scale-mqtt-payload-1024-clients-100,scale,guided-planning,mqtt,veh-83,veh-83,rsu-1,p5g-scale-mqtt-payload-1024-clients-100-veh-83-462,ipi-session-1,multiclient-scalability-run-3,veh-83,462,100-clients,default,stationary,unsynced,true,true,clients,100,count,IPI-CooperativeService,1098,1783014829322949502,1783014764611386784,1783014764611441640,1783014829445982625,123.033,,0.055,64834.541,"CooperativeService{guidedPlanning, status=request, vehicleId=0x7665682d3833, requestedHorizonMs=2500, confidence=100, planning.waypoints=1, offloadTaskId=probe-462, offloadPayload=1024 bytes}"
5g-sender,1783014829809833268,edge4av-real-20260702-multiclient-scalability-run-3,p5g-scale-mqtt-payload-1024-clients-100,scale,guided-planning,mqtt,veh-83,veh-83,rsu-1,p5g-scale-mqtt-payload-1024-clients-100-veh-83-463,ipi-session-1,multiclient-scalability-run-3,veh-83,463,100-clients,default,stationary,unsynced,true,true,clients,100,count,IPI-CooperativeService,1098,1783014829646127432,1783014764972080054,1783014764972123307,1783014829809833268,163.706,,0.043,64837.710,"CooperativeService{guidedPlanning, status=request, vehicleId=0x7665682d3833, requestedHorizonMs=2500, confidence=100, planning.waypoints=1, offloadTaskId=probe-463, offloadPayload=1024 bytes}"
5g-sender,1783014830188008983,edge4av-real-20260702-multiclient-scalability-run-3,p5g-scale-mqtt-payload-1024-clients-100,scale,guided-planning,mqtt,veh-83,veh-83,rsu-1,p5g-scale-mqtt-payload-1024-clients-100-veh-83-464,ipi-session-1,multiclient-scalability-run-3,veh-83,464,100-clients,default,stationary,unsynced,true,true,clients,100,count,IPI-CooperativeService,1098,1783014830009939676,1783014765352526543,1783014765352577613,1783014830188008983,178.069,,0.051,64835.431,"CooperativeService{guidedPlanning, status=request, vehicleId=0x7665682d3833, requestedHorizonMs=2500, confidence=100, planning.waypoints=1, offloadTaskId=probe-464, offloadPayload=1024 bytes}"
5g-sender,1783014830548064411,edge4av-real-20260702-multiclient-scalability-run-3,p5g-scale-mqtt-payload-1024-clients-100,scale,guided-planning,mqtt,veh-83,veh-83,rsu-1,p5g-scale-mqtt-payload-1024-clients-100-veh-83-465,ipi-session-1,multiclient-scalability-run-3,veh-83,465,100-clients,default,stationary,unsynced,true,true,clients,100,count,IPI-CooperativeService,1098,1783014830388151763,1783014765712527489,1783014765712581991,1783014830548064411,159.913,,0.055,64835.482,"CooperativeService{guidedPlanning, status=request, vehicleId=0x7665682d3833, requestedHorizonMs=2500, confidence=100, planning.waypoints=1, offloadTaskId=probe-465, offloadPayload=1024 bytes}"
5g-sender,1783014830879703296,edge4av-real-20260702-multiclient-scalability-run-3,p5g-scale-mqtt-payload-1024-clients-100,scale,guided-planning,mqtt,veh-83,veh-83,rsu-1,p5g-scale-mqtt-payload-1024-clients-100-veh-83-466,ipi-session-1,multiclient-scalability-run-3,veh-83,466,100-clients,default,stationary,unsynced,true,true,clients,100,count,IPI-CooperativeService,1098,1783014830748259702,1783014766043280840,1783014766043333106,1783014830879703296,131.444,,0.052,64836.370,"CooperativeService{guidedPlanning, status=request, vehicleId=0x7665682d3833, requestedHorizonMs=2500, confidence=100, planning.waypoints=1, offloadTaskId=probe-466, offloadPayload=1024 bytes}"
5g-sender,1783014831236116059,edge4av-real-20260702-multiclient-scalability-run-3,p5g-scale-mqtt-payload-1024-clients-100,scale,guided-planning,mqtt,veh-83,veh-83,rsu-1,p5g-scale-mqtt-payload-1024-clients-100-veh-83-467,ipi-session-1,multiclient-scalability-run-3,veh-83,467,100-clients,default,stationary,unsynced,true,true,clients,100,count,IPI-CooperativeService,1098,1783014831079854570,1783014766404425523,1783014766404469579,1783014831236116059,156.261,,0.044,64831.646,"CooperativeService{guidedPlanning, status=request, vehicleId=0x7665682d3833, requestedHorizonMs=2500, confidence=100, planning.waypoints=1, offloadTaskId=probe-467, offloadPayload=1024 bytes}"
5g-sender,1783014831610038075,edge4av-real-20260702-multiclient-scalability-run-3,p5g-scale-mqtt-payload-1024-clients-100,scale,guided-planning,mqtt,veh-83,veh-83,rsu-1,p5g-scale-mqtt-payload-1024-clients-100-veh-83-468,ipi-session-1,multiclient-scalability-run-3,veh-83,468,100-clients,default,stationary,unsynced,true,true,clients,100,count,IPI-CooperativeService,1098,1783014831436267673,1783014766776278760,1783014766776322690,1783014831610038075,173.770,,0.044,64833.715,"CooperativeService{guidedPlanning, status=request, vehicleId=0x7665682d3833, requestedHorizonMs=2500, confidence=100, planning.waypoints=1, offloadTaskId=probe-468, offloadPayload=1024 bytes}"
5g-sender,1783014831982008254,edge4av-real-20260702-multiclient-scalability-run-3,p5g-scale-mqtt-payload-1024-clients-100,scale,guided-planning,mqtt,veh-83,veh-83,rsu-1,p5g-scale-mqtt-payload-1024-clients-100-veh-83-469,ipi-session-1,multiclient-scalability-run-3,veh-83,469,100-clients,default,stationary,unsynced,true,true,clients,100,count,IPI-CooperativeService,1098,1783014831810184279,1783014767146635165,1783014767146679685,1783014831982008254,171.824,,0.045,64835.329,"CooperativeService{guidedPlanning, status=request, vehicleId=0x7665682d3833, requestedHorizonMs=2500, confidence=100, planning.waypoints=1, offloadTaskId=probe-469, offloadPayload=1024 bytes}"
5g-sender,1783014832289918821,edge4av-real-20260702-multiclient-scalability-run-3,p5g-scale-mqtt-payload-1024-clients-100,scale,guided-planning,mqtt,veh-83,veh-83,rsu-1,p5g-scale-mqtt-payload-1024-clients-100-veh-83-470,ipi-session-1,multiclient-scalability-run-3,veh-83,470,100-clients,default,stationary,unsynced,true,true,clients,100,count,IPI-CooperativeService,1098,1783014832182184524,1783014767456056159,1783014767456123185,1783014832289918821,107.734,,0.067,64833.796,"CooperativeService{guidedPlanning, status=request, vehicleId=0x7665682d3833, requestedHorizonMs=2500, confidence=100, planning.waypoints=1, offloadTaskId=probe-470, offloadPayload=1024 bytes}"
5g-sender,1783014832578002485,edge4av-real-20260702-multiclient-scalability-run-3,p5g-scale-mqtt-payload-1024-clients-100,scale,guided-planning,mqtt,veh-83,veh-83,rsu-1,p5g-scale-mqtt-payload-1024-clients-100-veh-83-471,ipi-session-1,multiclient-scalability-run-3,veh-83,471,100-clients,default,stationary,unsynced,true,true,clients,100,count,IPI-CooperativeService,1098,1783014832490099592,1783014767737102466,1783014767737145434,1783014832578002485,87.903,,0.043,64840.857,"CooperativeService{guidedPlanning, status=request, vehicleId=0x7665682d3833, requestedHorizonMs=2500, confidence=100, planning.waypoints=1, offloadTaskId=probe-471, offloadPayload=1024 bytes}"
5g-sender,1783014832899936458,edge4av-real-20260702-multiclient-scalability-run-3,p5g-scale-mqtt-payload-1024-clients-100,scale,guided-planning,mqtt,veh-83,veh-83,rsu-1,p5g-scale-mqtt-payload-1024-clients-100-veh-83-472,ipi-session-1,multiclient-scalability-run-3,veh-83,472,100-clients,default,stationary,unsynced,true,true,clients,100,count,IPI-CooperativeService,1098,1783014832778234506,1783014768067314939,1783014768067363177,1783014832899936458,121.702,,0.048,64832.573,"CooperativeService{guidedPlanning, status=request, vehicleId=0x7665682d3833, requestedHorizonMs=2500, confidence=100, planning.waypoints=1, offloadTaskId=probe-472, offloadPayload=1024 bytes}"
5g-sender,1783014833277995144,edge4av-real-20260702-multiclient-scalability-run-3,p5g-scale-mqtt-payload-1024-clients-100,scale,guided-planning,mqtt,veh-83,veh-83,rsu-1,p5g-scale-mqtt-payload-1024-clients-100-veh-83-473,ipi-session-1,multiclient-scalability-run-3,veh-83,473,100-clients,default,stationary,unsynced,true,true,clients,100,count,IPI-CooperativeService,1098,1783014833100083239,1783014768439006738,1783014768439050027,1783014833277995144,177.912,,0.043,64838.945,"CooperativeService{guidedPlanning, status=request, vehicleId=0x7665682d3833, requestedHorizonMs=2500, confidence=100, planning.waypoints=1, offloadTaskId=probe-473, offloadPayload=1024 bytes}"
5g-sender,1783014833613930920,edge4av-real-20260702-multiclient-scalability-run-3,p5g-scale-mqtt-payload-1024-clients-100,scale,guided-planning,mqtt,veh-83,veh-83,rsu-1,p5g-scale-mqtt-payload-1024-clients-100-veh-83-474,ipi-session-1,multiclient-scalability-run-3,veh-83,474,100-clients,default,stationary,unsynced,true,true,clients,100,count,IPI-CooperativeService,1098,1783014833478144537,1783014768779447166,1783014768779491043,1783014833613930920,135.786,,0.044,64834.440,"CooperativeService{guidedPlanning, status=request, vehicleId=0x7665682d3833, requestedHorizonMs=2500, confidence=100, planning.waypoints=1, offloadTaskId=probe-474, offloadPayload=1024 bytes}"
5g-sender,1783014833922027912,edge4av-real-20260702-multiclient-scalability-run-3,p5g-scale-mqtt-payload-1024-clients-100,scale,guided-planning,mqtt,veh-83,veh-83,rsu-1,p5g-scale-mqtt-payload-1024-clients-100-veh-83-475,ipi-session-1,multiclient-scalability-run-3,veh-83,475,100-clients,default,stationary,unsynced,true,true,clients,100,count,IPI-CooperativeService,1098,1783014833814121140,1783014769089243447,1783014769089298218,1783014833922027912,107.907,,0.055,64832.730,"CooperativeService{guidedPlanning, status=request, vehicleId=0x7665682d3833, requestedHorizonMs=2500, confidence=100, planning.waypoints=1, offloadTaskId=probe-475, offloadPayload=1024 bytes}"
5g-sender,1783014834238000850,edge4av-real-20260702-multiclient-scalability-run-3,p5g-scale-mqtt-payload-1024-clients-100,scale,guided-planning,mqtt,veh-83,veh-83,rsu-1,p5g-scale-mqtt-payload-1024-clients-100-veh-83-476,ipi-session-1,multiclient-scalability-run-3,veh-83,476,100-clients,default,stationary,unsynced,true,true,clients,100,count,IPI-CooperativeService,1098,1783014834122180126,1783014769400802316,1783014769400851275,1783014834238000850,115.821,,0.049,64837.150,"CooperativeService{guidedPlanning, status=request, vehicleId=0x7665682d3833, requestedHorizonMs=2500, confidence=100, planning.waypoints=1, offloadTaskId=probe-476, offloadPayload=1024 bytes}"
5g-sender,1783014834579791364,edge4av-real-20260702-multiclient-scalability-run-3,p5g-scale-mqtt-payload-1024-clients-100,scale,guided-planning,mqtt,veh-83,veh-83,rsu-1,p5g-scale-mqtt-payload-1024-clients-100-veh-83-477,ipi-session-1,multiclient-scalability-run-3,veh-83,477,100-clients,default,stationary,unsynced,true,true,clients,100,count,IPI-CooperativeService,1098,1783014834438145147,1783014769741233226,1783014769741276721,1783014834579791364,141.646,,0.043,64838.515,"CooperativeService{guidedPlanning, status=request, vehicleId=0x7665682d3833, requestedHorizonMs=2500, confidence=100, planning.waypoints=1, offloadTaskId=probe-477, offloadPayload=1024 bytes}"
5g-sender,1783014834904077735,edge4av-real-20260702-multiclient-scalability-run-3,p5g-scale-mqtt-payload-1024-clients-100,scale,guided-planning,mqtt,veh-83,veh-83,rsu-1,p5g-scale-mqtt-payload-1024-clients-100-veh-83-478,ipi-session-1,multiclient-scalability-run-3,veh-83,478,100-clients,default,stationary,unsynced,true,true,clients,100,count,IPI-CooperativeService,1098,1783014834779983258,1783014770071305154,1783014770071347580,1783014834904077735,124.094,,0.042,64832.730,"CooperativeService{guidedPlanning, status=request, vehicleId=0x7665682d3833, requestedHorizonMs=2500, confidence=100, planning.waypoints=1, offloadTaskId=probe-478, offloadPayload=1024 bytes}"
5g-sender,1783014835196044579,edge4av-real-20260702-multiclient-scalability-run-3,p5g-scale-mqtt-payload-1024-clients-100,scale,guided-planning,mqtt,veh-83,veh-83,rsu-1,p5g-scale-mqtt-payload-1024-clients-100-veh-83-479,ipi-session-1,multiclient-scalability-run-3,veh-83,479,100-clients,default,stationary,unsynced,true,true,clients,100,count,IPI-CooperativeService,1098,1783014835104243452,1783014770361689697,1783014770361750651,1783014835196044579,91.801,,0.061,64834.294,"CooperativeService{guidedPlanning, status=request, vehicleId=0x7665682d3833, requestedHorizonMs=2500, confidence=100, planning.waypoints=1, offloadTaskId=probe-479, offloadPayload=1024 bytes}"
5g-sender,1783014835502661865,edge4av-real-20260702-multiclient-scalability-run-3,p5g-scale-mqtt-payload-1024-clients-100,scale,guided-planning,mqtt,veh-83,veh-83,rsu-1,p5g-scale-mqtt-payload-1024-clients-100-veh-83-480,ipi-session-1,multiclient-scalability-run-3,veh-83,480,100-clients,default,stationary,unsynced,true,true,clients,100,count,IPI-CooperativeService,1098,1783014835396223239,1783014770661788901,1783014770661833032,1783014835502661865,106.439,,0.044,64840.829,"CooperativeService{guidedPlanning, status=request, vehicleId=0x7665682d3833, requestedHorizonMs=2500, confidence=100, planning.waypoints=1, offloadTaskId=probe-480, offloadPayload=1024 bytes}"
5g-sender,1783014835827895616,edge4av-real-20260702-multiclient-scalability-run-3,p5g-scale-mqtt-payload-1024-clients-100,scale,guided-planning,mqtt,veh-83,veh-83,rsu-1,p5g-scale-mqtt-payload-1024-clients-100-veh-83-481,ipi-session-1,multiclient-scalability-run-3,veh-83,481,100-clients,default,stationary,unsynced,true,true,clients,100,count,IPI-CooperativeService,1098,1783014835702843599,1783014770981895766,1783014770981939268,1783014835827895616,125.052,,0.044,64845.956,"CooperativeService{guidedPlanning, status=request, vehicleId=0x7665682d3833, requestedHorizonMs=2500, confidence=100, planning.waypoints=1, offloadTaskId=probe-481, offloadPayload=1024 bytes}"
5g-sender,1783014836169961806,edge4av-real-20260702-multiclient-scalability-run-3,p5g-scale-mqtt-payload-1024-clients-100,scale,guided-planning,mqtt,veh-83,veh-83,rsu-1,p5g-scale-mqtt-payload-1024-clients-100-veh-83-482,ipi-session-1,multiclient-scalability-run-3,veh-83,482,100-clients,default,stationary,unsynced,true,true,clients,100,count,IPI-CooperativeService,1098,1783014836028083430,1783014771333647940,1783014771333720586,1783014836169961806,141.878,,0.073,64836.241,"CooperativeService{guidedPlanning, status=request, vehicleId=0x7665682d3833, requestedHorizonMs=2500, confidence=100, planning.waypoints=1, offloadTaskId=probe-482, offloadPayload=1024 bytes}"
5g-sender,1783014836959906148,edge4av-real-20260702-multiclient-scalability-run-3,p5g-scale-mqtt-payload-1024-clients-100,scale,guided-planning,mqtt,veh-83,veh-83,rsu-1,p5g-scale-mqtt-payload-1024-clients-100-veh-83-483,ipi-session-1,multiclient-scalability-run-3,veh-83,483,100-clients,default,stationary,unsynced,true,true,clients,100,count,IPI-CooperativeService,1098,1783014836370151584,1783014772124068881,1783014772124121913,1783014836959906148,589.755,,0.053,64835.784,"CooperativeService{guidedPlanning, status=request, vehicleId=0x7665682d3833, requestedHorizonMs=2500, confidence=100, planning.waypoints=1, offloadTaskId=probe-483, offloadPayload=1024 bytes}"
5g-sender,1783014837335919915,edge4av-real-20260702-multiclient-scalability-run-3,p5g-scale-mqtt-payload-1024-clients-100,scale,guided-planning,mqtt,veh-83,veh-83,rsu-1,p5g-scale-mqtt-payload-1024-clients-100-veh-83-484,ipi-session-1,multiclient-scalability-run-3,veh-83,484,100-clients,default,stationary,unsynced,true,true,clients,100,count,IPI-CooperativeService,1098,1783014837160067789,1783014772498142707,1783014772498186889,1783014837335919915,175.852,,0.044,64837.733,"CooperativeService{guidedPlanning, status=request, vehicleId=0x7665682d3833, requestedHorizonMs=2500, confidence=100, planning.waypoints=1, offloadTaskId=probe-484, offloadPayload=1024 bytes}"
5g-sender,1783014837702075259,edge4av-real-20260702-multiclient-scalability-run-3,p5g-scale-mqtt-payload-1024-clients-100,scale,guided-planning,mqtt,veh-83,veh-83,rsu-1,p5g-scale-mqtt-payload-1024-clients-100-veh-83-485,ipi-session-1,multiclient-scalability-run-3,veh-83,485,100-clients,default,stationary,unsynced,true,true,clients,100,count,IPI-CooperativeService,1098,1783014837536106309,1783014772867118275,1783014772867161124,1783014837702075259,165.969,,0.043,64834.914,"CooperativeService{guidedPlanning, status=request, vehicleId=0x7665682d3833, requestedHorizonMs=2500, confidence=100, planning.waypoints=1, offloadTaskId=probe-485, offloadPayload=1024 bytes}"
5g-sender,1783014838489786711,edge4av-real-20260702-multiclient-scalability-run-3,p5g-scale-mqtt-payload-1024-clients-100,scale,guided-planning,mqtt,veh-83,veh-83,rsu-1,p5g-scale-mqtt-payload-1024-clients-100-veh-83-486,ipi-session-1,multiclient-scalability-run-3,veh-83,486,100-clients,default,stationary,unsynced,true,true,clients,100,count,IPI-CooperativeService,1098,1783014837902227436,1783014773656514370,1783014773656567400,1783014838489786711,587.559,,0.053,64833.219,"CooperativeService{guidedPlanning, status=request, vehicleId=0x7665682d3833, requestedHorizonMs=2500, confidence=100, planning.waypoints=1, offloadTaskId=probe-486, offloadPayload=1024 bytes}"
5g-sender,1783014838784033301,edge4av-real-20260702-multiclient-scalability-run-3,p5g-scale-mqtt-payload-1024-clients-100,scale,guided-planning,mqtt,veh-83,veh-83,rsu-1,p5g-scale-mqtt-payload-1024-clients-100-veh-83-487,ipi-session-1,multiclient-scalability-run-3,veh-83,487,100-clients,default,stationary,unsynced,true,true,clients,100,count,IPI-CooperativeService,1098,1783014838689938157,1783014773949309868,1783014773949353093,1783014838784033301,94.095,,0.043,64834.680,"CooperativeService{guidedPlanning, status=request, vehicleId=0x7665682d3833, requestedHorizonMs=2500, confidence=100, planning.waypoints=1, offloadTaskId=probe-487, offloadPayload=1024 bytes}"
5g-sender,1783014839035926700,edge4av-real-20260702-multiclient-scalability-run-3,p5g-scale-mqtt-payload-1024-clients-100,scale,guided-planning,mqtt,veh-83,veh-83,rsu-1,p5g-scale-mqtt-payload-1024-clients-100-veh-83-488,ipi-session-1,multiclient-scalability-run-3,veh-83,488,100-clients,default,stationary,unsynced,true,true,clients,100,count,IPI-CooperativeService,1098,1783014838984177141,1783014774198288086,1783014774198331154,1783014839035926700,51.750,,0.043,64837.596,"CooperativeService{guidedPlanning, status=request, vehicleId=0x7665682d3833, requestedHorizonMs=2500, confidence=100, planning.waypoints=1, offloadTaskId=probe-488, offloadPayload=1024 bytes}"
5g-sender,1783014839292042780,edge4av-real-20260702-multiclient-scalability-run-3,p5g-scale-mqtt-payload-1024-clients-100,scale,guided-planning,mqtt,veh-83,veh-83,rsu-1,p5g-scale-mqtt-payload-1024-clients-100-veh-83-489,ipi-session-1,multiclient-scalability-run-3,veh-83,489,100-clients,default,stationary,unsynced,true,true,clients,100,count,IPI-CooperativeService,1098,1783014839236072857,1783014774448974274,1783014774449018313,1783014839292042780,55.970,,0.044,64843.024,"CooperativeService{guidedPlanning, status=request, vehicleId=0x7665682d3833, requestedHorizonMs=2500, confidence=100, planning.waypoints=1, offloadTaskId=probe-489, offloadPayload=1024 bytes}"
5g-sender,1783014839536029387,edge4av-real-20260702-multiclient-scalability-run-3,p5g-scale-mqtt-payload-1024-clients-100,scale,guided-planning,mqtt,veh-83,veh-83,rsu-1,p5g-scale-mqtt-payload-1024-clients-100-veh-83-490,ipi-session-1,multiclient-scalability-run-3,veh-83,490,100-clients,default,stationary,unsynced,true,true,clients,100,count,IPI-CooperativeService,1098,1783014839492189490,1783014774700528615,1783014774700585852,1783014839536029387,43.840,,0.057,64835.444,"CooperativeService{guidedPlanning, status=request, vehicleId=0x7665682d3833, requestedHorizonMs=2500, confidence=100, planning.waypoints=1, offloadTaskId=probe-490, offloadPayload=1024 bytes}"
5g-sender,1783014839804754075,edge4av-real-20260702-multiclient-scalability-run-3,p5g-scale-mqtt-payload-1024-clients-100,scale,guided-planning,mqtt,veh-83,veh-83,rsu-1,p5g-scale-mqtt-payload-1024-clients-100-veh-83-491,ipi-session-1,multiclient-scalability-run-3,veh-83,491,100-clients,default,stationary,unsynced,true,true,clients,100,count,IPI-CooperativeService,1098,1783014839736217807,1783014774961117994,1783014774961160601,1783014839804754075,68.536,,0.043,64843.593,"CooperativeService{guidedPlanning, status=request, vehicleId=0x7665682d3833, requestedHorizonMs=2500, confidence=100, planning.waypoints=1, offloadTaskId=probe-491, offloadPayload=1024 bytes}"
5g-sender,1783014840073951291,edge4av-real-20260702-multiclient-scalability-run-3,p5g-scale-mqtt-payload-1024-clients-100,scale,guided-planning,mqtt,veh-83,veh-83,rsu-1,p5g-scale-mqtt-payload-1024-clients-100-veh-83-492,ipi-session-1,multiclient-scalability-run-3,veh-83,492,100-clients,default,stationary,unsynced,true,true,clients,100,count,IPI-CooperativeService,1098,1783014840005058240,1783014775240939491,1783014775241000582,1783014840073951291,68.893,,0.061,64832.951,"CooperativeService{guidedPlanning, status=request, vehicleId=0x7665682d3833, requestedHorizonMs=2500, confidence=100, planning.waypoints=1, offloadTaskId=probe-492, offloadPayload=1024 bytes}"
5g-sender,1783014840372076629,edge4av-real-20260702-multiclient-scalability-run-3,p5g-scale-mqtt-payload-1024-clients-100,scale,guided-planning,mqtt,veh-83,veh-83,rsu-1,p5g-scale-mqtt-payload-1024-clients-100-veh-83-493,ipi-session-1,multiclient-scalability-run-3,veh-83,493,100-clients,default,stationary,unsynced,true,true,clients,100,count,IPI-CooperativeService,1098,1783014840274105201,1783014775539980979,1783014775540033172,1783014840372076629,97.971,,0.052,64832.043,"CooperativeService{guidedPlanning, status=request, vehicleId=0x7665682d3833, requestedHorizonMs=2500, confidence=100, planning.waypoints=1, offloadTaskId=probe-493, offloadPayload=1024 bytes}"
5g-sender,1783014840707983934,edge4av-real-20260702-multiclient-scalability-run-3,p5g-scale-mqtt-payload-1024-clients-100,scale,guided-planning,mqtt,veh-83,veh-83,rsu-1,p5g-scale-mqtt-payload-1024-clients-100-veh-83-494,ipi-session-1,multiclient-scalability-run-3,veh-83,494,100-clients,default,stationary,unsynced,true,true,clients,100,count,IPI-CooperativeService,1098,1783014840572221395,1783014775870737435,1783014775870793543,1783014840707983934,135.763,,0.056,64837.190,"CooperativeService{guidedPlanning, status=request, vehicleId=0x7665682d3833, requestedHorizonMs=2500, confidence=100, planning.waypoints=1, offloadTaskId=probe-494, offloadPayload=1024 bytes}"
5g-sender,1783014840979786000,edge4av-real-20260702-multiclient-scalability-run-3,p5g-scale-mqtt-payload-1024-clients-100,scale,guided-planning,mqtt,veh-83,veh-83,rsu-1,p5g-scale-mqtt-payload-1024-clients-100-veh-83-495,ipi-session-1,multiclient-scalability-run-3,veh-83,495,100-clients,default,stationary,unsynced,true,true,clients,100,count,IPI-CooperativeService,1098,1783014840908143606,1783014776142909240,1783014776142952551,1783014840979786000,71.642,,0.043,64836.833,"CooperativeService{guidedPlanning, status=request, vehicleId=0x7665682d3833, requestedHorizonMs=2500, confidence=100, planning.waypoints=1, offloadTaskId=probe-495, offloadPayload=1024 bytes}"
5g-sender,1783014841257986597,edge4av-real-20260702-multiclient-scalability-run-3,p5g-scale-mqtt-payload-1024-clients-100,scale,guided-planning,mqtt,veh-83,veh-83,rsu-1,p5g-scale-mqtt-payload-1024-clients-100-veh-83-496,ipi-session-1,multiclient-scalability-run-3,veh-83,496,100-clients,default,stationary,unsynced,true,true,clients,100,count,IPI-CooperativeService,1098,1783014841179928383,1783014776423229123,1783014776423273240,1783014841257986597,78.058,,0.044,64834.713,"CooperativeService{guidedPlanning, status=request, vehicleId=0x7665682d3833, requestedHorizonMs=2500, confidence=100, planning.waypoints=1, offloadTaskId=probe-496, offloadPayload=1024 bytes}"
5g-sender,1783014841588202099,edge4av-real-20260702-multiclient-scalability-run-3,p5g-scale-mqtt-payload-1024-clients-100,scale,guided-planning,mqtt,veh-83,veh-83,rsu-1,p5g-scale-mqtt-payload-1024-clients-100-veh-83-497,ipi-session-1,multiclient-scalability-run-3,veh-83,497,100-clients,default,stationary,unsynced,true,true,clients,100,count,IPI-CooperativeService,1098,1783014841458190757,1783014776754662653,1783014776754718030,1783014841588202099,130.011,,0.055,64833.484,"CooperativeService{guidedPlanning, status=request, vehicleId=0x7665682d3833, requestedHorizonMs=2500, confidence=100, planning.waypoints=1, offloadTaskId=probe-497, offloadPayload=1024 bytes}"
5g-sender,1783014841929936761,edge4av-real-20260702-multiclient-scalability-run-3,p5g-scale-mqtt-payload-1024-clients-100,scale,guided-planning,mqtt,veh-83,veh-83,rsu-1,p5g-scale-mqtt-payload-1024-clients-100-veh-83-498,ipi-session-1,multiclient-scalability-run-3,veh-83,498,100-clients,default,stationary,unsynced,true,true,clients,100,count,IPI-CooperativeService,1098,1783014841788364371,1783014777094021970,1783014777094073538,1783014841929936761,141.572,,0.052,64835.863,"CooperativeService{guidedPlanning, status=request, vehicleId=0x7665682d3833, requestedHorizonMs=2500, confidence=100, planning.waypoints=1, offloadTaskId=probe-498, offloadPayload=1024 bytes}"
5g-sender,1783014842308117766,edge4av-real-20260702-multiclient-scalability-run-3,p5g-scale-mqtt-payload-1024-clients-100,scale,guided-planning,mqtt,veh-83,veh-83,rsu-1,p5g-scale-mqtt-payload-1024-clients-100-veh-83-499,ipi-session-1,multiclient-scalability-run-3,veh-83,499,100-clients,default,stationary,unsynced,true,true,clients,100,count,IPI-CooperativeService,1098,1783014842130085997,1783014777465181482,1783014777465225157,1783014842308117766,178.032,,0.044,64842.893,"CooperativeService{guidedPlanning, status=request, vehicleId=0x7665682d3833, requestedHorizonMs=2500, confidence=100, planning.waypoints=1, offloadTaskId=probe-499, offloadPayload=1024 bytes}"
5g-sender,1783014842633964882,edge4av-real-20260702-multiclient-scalability-run-3,p5g-scale-mqtt-payload-1024-clients-100,scale,guided-planning,mqtt,veh-83,veh-83,rsu-1,p5g-scale-mqtt-payload-1024-clients-100-veh-83-500,ipi-session-1,multiclient-scalability-run-3,veh-83,500,100-clients,default,stationary,unsynced,true,true,clients,100,count,IPI-CooperativeService,1098,1783014842508274379,1783014777794777981,1783014777794833513,1783014842633964882,125.691,,0.056,64839.131,"CooperativeService{guidedPlanning, status=request, vehicleId=0x7665682d3833, requestedHorizonMs=2500, confidence=100, planning.waypoints=1, offloadTaskId=probe-500, offloadPayload=1024 bytes}"
5g-sender,1783014842999815988,edge4av-real-20260702-multiclient-scalability-run-3,p5g-scale-mqtt-payload-1024-clients-100,scale,guided-planning,mqtt,veh-83,veh-83,rsu-1,p5g-scale-mqtt-payload-1024-clients-100-veh-83-501,ipi-session-1,multiclient-scalability-run-3,veh-83,501,100-clients,default,stationary,unsynced,true,true,clients,100,count,IPI-CooperativeService,1098,1783014842834117885,1783014778165480341,1783014778165536170,1783014842999815988,165.698,,0.056,64834.280,"CooperativeService{guidedPlanning, status=request, vehicleId=0x7665682d3833, requestedHorizonMs=2500, confidence=100, planning.waypoints=1, offloadTaskId=probe-501, offloadPayload=1024 bytes}"
5g-sender,1783014843381960048,edge4av-real-20260702-multiclient-scalability-run-3,p5g-scale-mqtt-payload-1024-clients-100,scale,guided-planning,mqtt,veh-83,veh-83,rsu-1,p5g-scale-mqtt-payload-1024-clients-100-veh-83-502,ipi-session-1,multiclient-scalability-run-3,veh-83,502,100-clients,default,stationary,unsynced,true,true,clients,100,count,IPI-CooperativeService,1098,1783014843199964334,1783014778547099809,1783014778547143565,1783014843381960048,181.996,,0.044,64834.816,"CooperativeService{guidedPlanning, status=request, vehicleId=0x7665682d3833, requestedHorizonMs=2500, confidence=100, planning.waypoints=1, offloadTaskId=probe-502, offloadPayload=1024 bytes}"
5g-sender,1783014843716085860,edge4av-real-20260702-multiclient-scalability-run-3,p5g-scale-mqtt-payload-1024-clients-100,scale,guided-planning,mqtt,veh-83,veh-83,rsu-1,p5g-scale-mqtt-payload-1024-clients-100-veh-83-503,ipi-session-1,multiclient-scalability-run-3,veh-83,503,100-clients,default,stationary,unsynced,true,true,clients,100,count,IPI-CooperativeService,1098,1783014843582157802,1783014778877616477,1783014778877668816,1783014843716085860,133.928,,0.052,64838.417,"CooperativeService{guidedPlanning, status=request, vehicleId=0x7665682d3833, requestedHorizonMs=2500, confidence=100, planning.waypoints=1, offloadTaskId=probe-503, offloadPayload=1024 bytes}"
5g-sender,1783014844072149762,edge4av-real-20260702-multiclient-scalability-run-3,p5g-scale-mqtt-payload-1024-clients-100,scale,guided-planning,mqtt,veh-83,veh-83,rsu-1,p5g-scale-mqtt-payload-1024-clients-100-veh-83-504,ipi-session-1,multiclient-scalability-run-3,veh-83,504,100-clients,default,stationary,unsynced,true,true,clients,100,count,IPI-CooperativeService,1098,1783014843916238923,1783014779237938105,1783014779237993082,1783014844072149762,155.911,,0.055,64834.157,"CooperativeService{guidedPlanning, status=request, vehicleId=0x7665682d3833, requestedHorizonMs=2500, confidence=100, planning.waypoints=1, offloadTaskId=probe-504, offloadPayload=1024 bytes}"
5g-sender,1783014844452060998,edge4av-real-20260702-multiclient-scalability-run-3,p5g-scale-mqtt-payload-1024-clients-100,scale,guided-planning,mqtt,veh-83,veh-83,rsu-1,p5g-scale-mqtt-payload-1024-clients-100-veh-83-505,ipi-session-1,multiclient-scalability-run-3,veh-83,505,100-clients,default,stationary,unsynced,true,true,clients,100,count,IPI-CooperativeService,1098,1783014844272293107,1783014779619593486,1783014779619650957,1783014844452060998,179.768,,0.057,64832.410,"CooperativeService{guidedPlanning, status=request, vehicleId=0x7665682d3833, requestedHorizonMs=2500, confidence=100, planning.waypoints=1, offloadTaskId=probe-505, offloadPayload=1024 bytes}"
5g-sender,1783014844806072171,edge4av-real-20260702-multiclient-scalability-run-3,p5g-scale-mqtt-payload-1024-clients-100,scale,guided-planning,mqtt,veh-83,veh-83,rsu-1,p5g-scale-mqtt-payload-1024-clients-100-veh-83-506,ipi-session-1,multiclient-scalability-run-3,veh-83,506,100-clients,default,stationary,unsynced,true,true,clients,100,count,IPI-CooperativeService,1098,1783014844652239900,1783014779970649206,1783014779970692326,1783014844806072171,153.832,,0.043,64835.380,"CooperativeService{guidedPlanning, status=request, vehicleId=0x7665682d3833, requestedHorizonMs=2500, confidence=100, planning.waypoints=1, offloadTaskId=probe-506, offloadPayload=1024 bytes}"
5g-sender,1783014845185922379,edge4av-real-20260702-multiclient-scalability-run-3,p5g-scale-mqtt-payload-1024-clients-100,scale,guided-planning,mqtt,veh-83,veh-83,rsu-1,p5g-scale-mqtt-payload-1024-clients-100-veh-83-507,ipi-session-1,multiclient-scalability-run-3,veh-83,507,100-clients,default,stationary,unsynced,true,true,clients,100,count,IPI-CooperativeService,1098,1783014845006244270,1783014780351637256,1783014780351681554,1783014845185922379,179.678,,0.044,64834.241,"CooperativeService{guidedPlanning, status=request, vehicleId=0x7665682d3833, requestedHorizonMs=2500, confidence=100, planning.waypoints=1, offloadTaskId=probe-507, offloadPayload=1024 bytes}"
5g-sender,1783014845495919663,edge4av-real-20260702-multiclient-scalability-run-3,p5g-scale-mqtt-payload-1024-clients-100,scale,guided-planning,mqtt,veh-83,veh-83,rsu-1,p5g-scale-mqtt-payload-1024-clients-100-veh-83-508,ipi-session-1,multiclient-scalability-run-3,veh-83,508,100-clients,default,stationary,unsynced,true,true,clients,100,count,IPI-CooperativeService,1098,1783014845386080135,1783014780662833374,1783014780662890628,1783014845495919663,109.840,,0.057,64833.029,"CooperativeService{guidedPlanning, status=request, vehicleId=0x7665682d3833, requestedHorizonMs=2500, confidence=100, planning.waypoints=1, offloadTaskId=probe-508, offloadPayload=1024 bytes}"
5g-sender,1783014845867899527,edge4av-real-20260702-multiclient-scalability-run-3,p5g-scale-mqtt-payload-1024-clients-100,scale,guided-planning,mqtt,veh-83,veh-83,rsu-1,p5g-scale-mqtt-payload-1024-clients-100-veh-83-509,ipi-session-1,multiclient-scalability-run-3,veh-83,509,100-clients,default,stationary,unsynced,true,true,clients,100,count,IPI-CooperativeService,1098,1783014845696107506,1783014781033202808,1783014781033247106,1783014845867899527,171.792,,0.044,64834.652,"CooperativeService{guidedPlanning, status=request, vehicleId=0x7665682d3833, requestedHorizonMs=2500, confidence=100, planning.waypoints=1, offloadTaskId=probe-509, offloadPayload=1024 bytes}"
5g-sender,1783014846167914523,edge4av-real-20260702-multiclient-scalability-run-3,p5g-scale-mqtt-payload-1024-clients-100,scale,guided-planning,mqtt,veh-83,veh-83,rsu-1,p5g-scale-mqtt-payload-1024-clients-100-veh-83-510,ipi-session-1,multiclient-scalability-run-3,veh-83,510,100-clients,default,stationary,unsynced,true,true,clients,100,count,IPI-CooperativeService,1098,1783014846068050376,1783014781333452563,1783014781333520050,1783014846167914523,99.864,,0.067,64834.394,"CooperativeService{guidedPlanning, status=request, vehicleId=0x7665682d3833, requestedHorizonMs=2500, confidence=100, planning.waypoints=1, offloadTaskId=probe-510, offloadPayload=1024 bytes}"
5g-sender,1783014846488096543,edge4av-real-20260702-multiclient-scalability-run-3,p5g-scale-mqtt-payload-1024-clients-100,scale,guided-planning,mqtt,veh-83,veh-83,rsu-1,p5g-scale-mqtt-payload-1024-clients-100-veh-83-511,ipi-session-1,multiclient-scalability-run-3,veh-83,511,100-clients,default,stationary,unsynced,true,true,clients,100,count,IPI-CooperativeService,1098,1783014846368059922,1783014781653302534,1783014781653352207,1783014846488096543,120.037,,0.050,64834.744,"CooperativeService{guidedPlanning, status=request, vehicleId=0x7665682d3833, requestedHorizonMs=2500, confidence=100, planning.waypoints=1, offloadTaskId=probe-511, offloadPayload=1024 bytes}"
5g-sender,1783014846809794398,edge4av-real-20260702-multiclient-scalability-run-3,p5g-scale-mqtt-payload-1024-clients-100,scale,guided-planning,mqtt,veh-83,veh-83,rsu-1,p5g-scale-mqtt-payload-1024-clients-100-veh-83-512,ipi-session-1,multiclient-scalability-run-3,veh-83,512,100-clients,default,stationary,unsynced,true,true,clients,100,count,IPI-CooperativeService,1098,1783014846688255603,1783014781973726943,1783014781973775907,1783014846809794398,121.539,,0.049,64836.018,"CooperativeService{guidedPlanning, status=request, vehicleId=0x7665682d3833, requestedHorizonMs=2500, confidence=100, planning.waypoints=1, offloadTaskId=probe-512, offloadPayload=1024 bytes}"
5g-sender,1783014847114030313,edge4av-real-20260702-multiclient-scalability-run-3,p5g-scale-mqtt-payload-1024-clients-100,scale,guided-planning,mqtt,veh-83,veh-83,rsu-1,p5g-scale-mqtt-payload-1024-clients-100-veh-83-513,ipi-session-1,multiclient-scalability-run-3,veh-83,513,100-clients,default,stationary,unsynced,true,true,clients,100,count,IPI-CooperativeService,1098,1783014847009910708,1783014782275345656,1783014782275388794,1783014847114030313,104.120,,0.043,64838.642,"CooperativeService{guidedPlanning, status=request, vehicleId=0x7665682d3833, requestedHorizonMs=2500, confidence=100, planning.waypoints=1, offloadTaskId=probe-513, offloadPayload=1024 bytes}"
5g-sender,1783014847382061539,edge4av-real-20260702-multiclient-scalability-run-3,p5g-scale-mqtt-payload-1024-clients-100,scale,guided-planning,mqtt,veh-83,veh-83,rsu-1,p5g-scale-mqtt-payload-1024-clients-100-veh-83-514,ipi-session-1,multiclient-scalability-run-3,veh-83,514,100-clients,default,stationary,unsynced,true,true,clients,100,count,IPI-CooperativeService,1098,1783014847314199656,1783014782545647189,1783014782545709301,1783014847382061539,67.862,,0.062,64836.352,"CooperativeService{guidedPlanning, status=request, vehicleId=0x7665682d3833, requestedHorizonMs=2500, confidence=100, planning.waypoints=1, offloadTaskId=probe-514, offloadPayload=1024 bytes}"
5g-sender,1783014847666101829,edge4av-real-20260702-multiclient-scalability-run-3,p5g-scale-mqtt-payload-1024-clients-100,scale,guided-planning,mqtt,veh-83,veh-83,rsu-1,p5g-scale-mqtt-payload-1024-clients-100-veh-83-515,ipi-session-1,multiclient-scalability-run-3,veh-83,515,100-clients,default,stationary,unsynced,true,true,clients,100,count,IPI-CooperativeService,1098,1783014847582258832,1783014782826615879,1783014782826688823,1783014847666101829,83.843,,0.073,64839.413,"CooperativeService{guidedPlanning, status=request, vehicleId=0x7665682d3833, requestedHorizonMs=2500, confidence=100, planning.waypoints=1, offloadTaskId=probe-515, offloadPayload=1024 bytes}"
5g-sender,1783014847933921810,edge4av-real-20260702-multiclient-scalability-run-3,p5g-scale-mqtt-payload-1024-clients-100,scale,guided-planning,mqtt,veh-83,veh-83,rsu-1,p5g-scale-mqtt-payload-1024-clients-100-veh-83-516,ipi-session-1,multiclient-scalability-run-3,veh-83,516,100-clients,default,stationary,unsynced,true,true,clients,100,count,IPI-CooperativeService,1098,1783014847866214728,1783014783095945749,1783014783096001202,1783014847933921810,67.707,,0.055,64837.921,"CooperativeService{guidedPlanning, status=request, vehicleId=0x7665682d3833, requestedHorizonMs=2500, confidence=100, planning.waypoints=1, offloadTaskId=probe-516, offloadPayload=1024 bytes}"
5g-sender,1783014848199879485,edge4av-real-20260702-multiclient-scalability-run-3,p5g-scale-mqtt-payload-1024-clients-100,scale,guided-planning,mqtt,veh-83,veh-83,rsu-1,p5g-scale-mqtt-payload-1024-clients-100-veh-83-517,ipi-session-1,multiclient-scalability-run-3,veh-83,517,100-clients,default,stationary,unsynced,true,true,clients,100,count,IPI-CooperativeService,1098,1783014848134020614,1783014783366592718,1783014783366636171,1783014848199879485,65.859,,0.043,64833.243,"CooperativeService{guidedPlanning, status=request, vehicleId=0x7665682d3833, requestedHorizonMs=2500, confidence=100, planning.waypoints=1, offloadTaskId=probe-517, offloadPayload=1024 bytes}"
5g-sender,1783014848492021983,edge4av-real-20260702-multiclient-scalability-run-3,p5g-scale-mqtt-payload-1024-clients-100,scale,guided-planning,mqtt,veh-83,veh-83,rsu-1,p5g-scale-mqtt-payload-1024-clients-100-veh-83-518,ipi-session-1,multiclient-scalability-run-3,veh-83,518,100-clients,default,stationary,unsynced,true,true,clients,100,count,IPI-CooperativeService,1098,1783014848400053877,1783014783657730536,1783014783657774365,1783014848492021983,91.968,,0.044,64834.248,"CooperativeService{guidedPlanning, status=request, vehicleId=0x7665682d3833, requestedHorizonMs=2500, confidence=100, planning.waypoints=1, offloadTaskId=probe-518, offloadPayload=1024 bytes}"
5g-sender,1783014848799907409,edge4av-real-20260702-multiclient-scalability-run-3,p5g-scale-mqtt-payload-1024-clients-100,scale,guided-planning,mqtt,veh-83,veh-83,rsu-1,p5g-scale-mqtt-payload-1024-clients-100-veh-83-519,ipi-session-1,multiclient-scalability-run-3,veh-83,519,100-clients,default,stationary,unsynced,true,true,clients,100,count,IPI-CooperativeService,1098,1783014848692186812,1783014783967371113,1783014783967421988,1783014848799907409,107.721,,0.051,64832.485,"CooperativeService{guidedPlanning, status=request, vehicleId=0x7665682d3833, requestedHorizonMs=2500, confidence=100, planning.waypoints=1, offloadTaskId=probe-519, offloadPayload=1024 bytes}"
5g-sender,1783014849162105004,edge4av-real-20260702-multiclient-scalability-run-3,p5g-scale-mqtt-payload-1024-clients-100,scale,guided-planning,mqtt,veh-83,veh-83,rsu-1,p5g-scale-mqtt-payload-1024-clients-100-veh-83-520,ipi-session-1,multiclient-scalability-run-3,veh-83,520,100-clients,default,stationary,unsynced,true,true,clients,100,count,IPI-CooperativeService,1098,1783014849000012314,1783014784328193817,1783014784328261014,1783014849162105004,162.093,,0.067,64833.844,"CooperativeService{guidedPlanning, status=request, vehicleId=0x7665682d3833, requestedHorizonMs=2500, confidence=100, planning.waypoints=1, offloadTaskId=probe-520, offloadPayload=1024 bytes}"
5g-sender,1783014849517925786,edge4av-real-20260702-multiclient-scalability-run-3,p5g-scale-mqtt-payload-1024-clients-100,scale,guided-planning,mqtt,veh-83,veh-83,rsu-1,p5g-scale-mqtt-payload-1024-clients-100-veh-83-521,ipi-session-1,multiclient-scalability-run-3,veh-83,521,100-clients,default,stationary,unsynced,true,true,clients,100,count,IPI-CooperativeService,1098,1783014849362251002,1783014784680057242,1783014784680100322,1783014849517925786,155.675,,0.043,64837.825,"CooperativeService{guidedPlanning, status=request, vehicleId=0x7665682d3833, requestedHorizonMs=2500, confidence=100, planning.waypoints=1, offloadTaskId=probe-521, offloadPayload=1024 bytes}"
5g-sender,1783014849863977248,edge4av-real-20260702-multiclient-scalability-run-3,p5g-scale-mqtt-payload-1024-clients-100,scale,guided-planning,mqtt,veh-83,veh-83,rsu-1,p5g-scale-mqtt-payload-1024-clients-100-veh-83-522,ipi-session-1,multiclient-scalability-run-3,veh-83,522,100-clients,default,stationary,unsynced,true,true,clients,100,count,IPI-CooperativeService,1098,1783014849718067337,1783014785029444279,1783014785029487673,1783014849863977248,145.910,,0.043,64834.490,"CooperativeService{guidedPlanning, status=request, vehicleId=0x7665682d3833, requestedHorizonMs=2500, confidence=100, planning.waypoints=1, offloadTaskId=probe-522, offloadPayload=1024 bytes}"
5g-sender,1783014850224105604,edge4av-real-20260702-multiclient-scalability-run-3,p5g-scale-mqtt-payload-1024-clients-100,scale,guided-planning,mqtt,veh-83,veh-83,rsu-1,p5g-scale-mqtt-payload-1024-clients-100-veh-83-523,ipi-session-1,multiclient-scalability-run-3,veh-83,523,100-clients,default,stationary,unsynced,true,true,clients,100,count,IPI-CooperativeService,1098,1783014850064159158,1783014785390684702,1783014785390755910,1783014850224105604,159.946,,0.071,64833.350,"CooperativeService{guidedPlanning, status=request, vehicleId=0x7665682d3833, requestedHorizonMs=2500, confidence=100, planning.waypoints=1, offloadTaskId=probe-523, offloadPayload=1024 bytes}"
5g-sender,1783014850554040696,edge4av-real-20260702-multiclient-scalability-run-3,p5g-scale-mqtt-payload-1024-clients-100,scale,guided-planning,mqtt,veh-83,veh-83,rsu-1,p5g-scale-mqtt-payload-1024-clients-100-veh-83-524,ipi-session-1,multiclient-scalability-run-3,veh-83,524,100-clients,default,stationary,unsynced,true,true,clients,100,count,IPI-CooperativeService,1098,1783014850424309767,1783014785720320158,1783014785720364232,1783014850554040696,129.731,,0.044,64833.676,"CooperativeService{guidedPlanning, status=request, vehicleId=0x7665682d3833, requestedHorizonMs=2500, confidence=100, planning.waypoints=1, offloadTaskId=probe-524, offloadPayload=1024 bytes}"
5g-sender,1783014850904370046,edge4av-real-20260702-multiclient-scalability-run-3,p5g-scale-mqtt-payload-1024-clients-100,scale,guided-planning,mqtt,veh-83,veh-83,rsu-1,p5g-scale-mqtt-payload-1024-clients-100-veh-83-525,ipi-session-1,multiclient-scalability-run-3,veh-83,525,100-clients,default,stationary,unsynced,true,true,clients,100,count,IPI-CooperativeService,1098,1783014850754224028,1783014786072860924,1783014786072903680,1783014850904370046,150.146,,0.043,64831.466,"CooperativeService{guidedPlanning, status=request, vehicleId=0x7665682d3833, requestedHorizonMs=2500, confidence=100, planning.waypoints=1, offloadTaskId=probe-525, offloadPayload=1024 bytes}"
5g-sender,1783014851250054244,edge4av-real-20260702-multiclient-scalability-run-3,p5g-scale-mqtt-payload-1024-clients-100,scale,guided-planning,mqtt,veh-83,veh-83,rsu-1,p5g-scale-mqtt-payload-1024-clients-100-veh-83-526,ipi-session-1,multiclient-scalability-run-3,veh-83,526,100-clients,default,stationary,unsynced,true,true,clients,100,count,IPI-CooperativeService,1098,1783014851104543625,1783014786412544558,1783014786412602308,1783014851250054244,145.511,,0.058,64837.452,"CooperativeService{guidedPlanning, status=request, vehicleId=0x7665682d3833, requestedHorizonMs=2500, confidence=100, planning.waypoints=1, offloadTaskId=probe-526, offloadPayload=1024 bytes}"
5g-sender,1783014851602015468,edge4av-real-20260702-multiclient-scalability-run-3,p5g-scale-mqtt-payload-1024-clients-100,scale,guided-planning,mqtt,veh-83,veh-83,rsu-1,p5g-scale-mqtt-payload-1024-clients-100-veh-83-527,ipi-session-1,multiclient-scalability-run-3,veh-83,527,100-clients,default,stationary,unsynced,true,true,clients,100,count,IPI-CooperativeService,1098,1783014851450256050,1783014786763921539,1783014786763978685,1783014851602015468,151.759,,0.057,64838.037,"CooperativeService{guidedPlanning, status=request, vehicleId=0x7665682d3833, requestedHorizonMs=2500, confidence=100, planning.waypoints=1, offloadTaskId=probe-527, offloadPayload=1024 bytes}"
5g-sender,1783014851958108468,edge4av-real-20260702-multiclient-scalability-run-3,p5g-scale-mqtt-payload-1024-clients-100,scale,guided-planning,mqtt,veh-83,veh-83,rsu-1,p5g-scale-mqtt-payload-1024-clients-100-veh-83-528,ipi-session-1,multiclient-scalability-run-3,veh-83,528,100-clients,default,stationary,unsynced,true,true,clients,100,count,IPI-CooperativeService,1098,1783014851802187264,1783014787124145908,1783014787124189351,1783014851958108468,155.921,,0.043,64833.919,"CooperativeService{guidedPlanning, status=request, vehicleId=0x7665682d3833, requestedHorizonMs=2500, confidence=100, planning.waypoints=1, offloadTaskId=probe-528, offloadPayload=1024 bytes}"
5g-sender,1783014852249855201,edge4av-real-20260702-multiclient-scalability-run-3,p5g-scale-mqtt-payload-1024-clients-100,scale,guided-planning,mqtt,veh-83,veh-83,rsu-1,p5g-scale-mqtt-payload-1024-clients-100-veh-83-529,ipi-session-1,multiclient-scalability-run-3,veh-83,529,100-clients,default,stationary,unsynced,true,true,clients,100,count,IPI-CooperativeService,1098,1783014852158286541,1783014787413400043,1783014787413454830,1783014852249855201,91.569,,0.055,64836.400,"CooperativeService{guidedPlanning, status=request, vehicleId=0x7665682d3833, requestedHorizonMs=2500, confidence=100, planning.waypoints=1, offloadTaskId=probe-529, offloadPayload=1024 bytes}"
5g-sender,1783014852556022298,edge4av-real-20260702-multiclient-scalability-run-3,p5g-scale-mqtt-payload-1024-clients-100,scale,guided-planning,mqtt,veh-83,veh-83,rsu-1,p5g-scale-mqtt-payload-1024-clients-100-veh-83-530,ipi-session-1,multiclient-scalability-run-3,veh-83,530,100-clients,default,stationary,unsynced,true,true,clients,100,count,IPI-CooperativeService,1098,1783014852450042037,1783014787715452397,1783014787715496497,1783014852556022298,105.980,,0.044,64840.526,"CooperativeService{guidedPlanning, status=request, vehicleId=0x7665682d3833, requestedHorizonMs=2500, confidence=100, planning.waypoints=1, offloadTaskId=probe-530, offloadPayload=1024 bytes}"
5g-sender,1783014852848209615,edge4av-real-20260702-multiclient-scalability-run-3,p5g-scale-mqtt-payload-1024-clients-100,scale,guided-planning,mqtt,veh-83,veh-83,rsu-1,p5g-scale-mqtt-payload-1024-clients-100-veh-83-531,ipi-session-1,multiclient-scalability-run-3,veh-83,531,100-clients,default,stationary,unsynced,true,true,clients,100,count,IPI-CooperativeService,1098,1783014852756171350,1783014788014605770,1783014788014670158,1783014852848209615,92.038,,0.064,64833.539,"CooperativeService{guidedPlanning, status=request, vehicleId=0x7665682d3833, requestedHorizonMs=2500, confidence=100, planning.waypoints=1, offloadTaskId=probe-531, offloadPayload=1024 bytes}"
5g-sender,1783014853156081413,edge4av-real-20260702-multiclient-scalability-run-3,p5g-scale-mqtt-payload-1024-clients-100,scale,guided-planning,mqtt,veh-83,veh-83,rsu-1,p5g-scale-mqtt-payload-1024-clients-100-veh-83-532,ipi-session-1,multiclient-scalability-run-3,veh-83,532,100-clients,default,stationary,unsynced,true,true,clients,100,count,IPI-CooperativeService,1098,1783014853048391851,1783014788315303415,1783014788315347851,1783014853156081413,107.690,,0.044,64840.734,"CooperativeService{guidedPlanning, status=request, vehicleId=0x7665682d3833, requestedHorizonMs=2500, confidence=100, planning.waypoints=1, offloadTaskId=probe-532, offloadPayload=1024 bytes}"
5g-sender,1783014853481992968,edge4av-real-20260702-multiclient-scalability-run-3,p5g-scale-mqtt-payload-1024-clients-100,scale,guided-planning,mqtt,veh-83,veh-83,rsu-1,p5g-scale-mqtt-payload-1024-clients-100-veh-83-533,ipi-session-1,multiclient-scalability-run-3,veh-83,533,100-clients,default,stationary,unsynced,true,true,clients,100,count,IPI-CooperativeService,1098,1783014853356311603,1783014788647080749,1783014788647124520,1783014853481992968,125.681,,0.044,64834.868,"CooperativeService{guidedPlanning, status=request, vehicleId=0x7665682d3833, requestedHorizonMs=2500, confidence=100, planning.waypoints=1, offloadTaskId=probe-533, offloadPayload=1024 bytes}"
5g-sender,1783014853831739879,edge4av-real-20260702-multiclient-scalability-run-3,p5g-scale-mqtt-payload-1024-clients-100,scale,guided-planning,mqtt,veh-83,veh-83,rsu-1,p5g-scale-mqtt-payload-1024-clients-100-veh-83-534,ipi-session-1,multiclient-scalability-run-3,veh-83,534,100-clients,default,stationary,unsynced,true,true,clients,100,count,IPI-CooperativeService,1098,1783014853682144801,1783014788997188211,1783014788997232208,1783014853831739879,149.595,,0.044,64834.508,"CooperativeService{guidedPlanning, status=request, vehicleId=0x7665682d3833, requestedHorizonMs=2500, confidence=100, planning.waypoints=1, offloadTaskId=probe-534, offloadPayload=1024 bytes}"
5g-sender,1783014854178207735,edge4av-real-20260702-multiclient-scalability-run-3,p5g-scale-mqtt-payload-1024-clients-100,scale,guided-planning,mqtt,veh-83,veh-83,rsu-1,p5g-scale-mqtt-payload-1024-clients-100-veh-83-535,ipi-session-1,multiclient-scalability-run-3,veh-83,535,100-clients,default,stationary,unsynced,true,true,clients,100,count,IPI-CooperativeService,1098,1783014854031903841,1783014789337259897,1783014789337303657,1783014854178207735,146.304,,0.044,64840.904,"CooperativeService{guidedPlanning, status=request, vehicleId=0x7665682d3833, requestedHorizonMs=2500, confidence=100, planning.waypoints=1, offloadTaskId=probe-535, offloadPayload=1024 bytes}"
5g-sender,1783014854494254725,edge4av-real-20260702-multiclient-scalability-run-3,p5g-scale-mqtt-payload-1024-clients-100,scale,guided-planning,mqtt,veh-83,veh-83,rsu-1,p5g-scale-mqtt-payload-1024-clients-100-veh-83-536,ipi-session-1,multiclient-scalability-run-3,veh-83,536,100-clients,default,stationary,unsynced,true,true,clients,100,count,IPI-CooperativeService,1098,1783014854378403791,1783014789658461965,1783014789658505894,1783014854494254725,115.851,,0.044,64835.749,"CooperativeService{guidedPlanning, status=request, vehicleId=0x7665682d3833, requestedHorizonMs=2500, confidence=100, planning.waypoints=1, offloadTaskId=probe-536, offloadPayload=1024 bytes}"
5g-sender,1783014854814471844,edge4av-real-20260702-multiclient-scalability-run-3,p5g-scale-mqtt-payload-1024-clients-100,scale,guided-planning,mqtt,veh-83,veh-83,rsu-1,p5g-scale-mqtt-payload-1024-clients-100-veh-83-537,ipi-session-1,multiclient-scalability-run-3,veh-83,537,100-clients,default,stationary,unsynced,true,true,clients,100,count,IPI-CooperativeService,1098,1783014854694647339,1783014789979260019,1783014789979303068,1783014854814471844,119.825,,0.043,64835.169,"CooperativeService{guidedPlanning, status=request, vehicleId=0x7665682d3833, requestedHorizonMs=2500, confidence=100, planning.waypoints=1, offloadTaskId=probe-537, offloadPayload=1024 bytes}"
5g-sender,1783014855136011400,edge4av-real-20260702-multiclient-scalability-run-3,p5g-scale-mqtt-payload-1024-clients-100,scale,guided-planning,mqtt,veh-83,veh-83,rsu-1,p5g-scale-mqtt-payload-1024-clients-100-veh-83-538,ipi-session-1,multiclient-scalability-run-3,veh-83,538,100-clients,default,stationary,unsynced,true,true,clients,100,count,IPI-CooperativeService,1098,1783014855014668416,1783014790298866326,1783014790298919968,1783014855136011400,121.343,,0.054,64837.091,"CooperativeService{guidedPlanning, status=request, vehicleId=0x7665682d3833, requestedHorizonMs=2500, confidence=100, planning.waypoints=1, offloadTaskId=probe-538, offloadPayload=1024 bytes}"
5g-sender,1783014855476098133,edge4av-real-20260702-multiclient-scalability-run-3,p5g-scale-mqtt-payload-1024-clients-100,scale,guided-planning,mqtt,veh-83,veh-83,rsu-1,p5g-scale-mqtt-payload-1024-clients-100-veh-83-539,ipi-session-1,multiclient-scalability-run-3,veh-83,539,100-clients,default,stationary,unsynced,true,true,clients,100,count,IPI-CooperativeService,1098,1783014855336197592,1783014790638902171,1783014790638956971,1783014855476098133,139.901,,0.055,64837.141,"CooperativeService{guidedPlanning, status=request, vehicleId=0x7665682d3833, requestedHorizonMs=2500, confidence=100, planning.waypoints=1, offloadTaskId=probe-539, offloadPayload=1024 bytes}"
5g-sender,1783014855840006264,edge4av-real-20260702-multiclient-scalability-run-3,p5g-scale-mqtt-payload-1024-clients-100,scale,guided-planning,mqtt,veh-83,veh-83,rsu-1,p5g-scale-mqtt-payload-1024-clients-100-veh-83-540,ipi-session-1,multiclient-scalability-run-3,veh-83,540,100-clients,default,stationary,unsynced,true,true,clients,100,count,IPI-CooperativeService,1098,1783014855676303555,1783014791009610679,1783014791009667321,1783014855840006264,163.703,,0.057,64830.339,"CooperativeService{guidedPlanning, status=request, vehicleId=0x7665682d3833, requestedHorizonMs=2500, confidence=100, planning.waypoints=1, offloadTaskId=probe-540, offloadPayload=1024 bytes}"
5g-sender,1783014856214291820,edge4av-real-20260702-multiclient-scalability-run-3,p5g-scale-mqtt-payload-1024-clients-100,scale,guided-planning,mqtt,veh-83,veh-83,rsu-1,p5g-scale-mqtt-payload-1024-clients-100-veh-83-541,ipi-session-1,multiclient-scalability-run-3,veh-83,541,100-clients,default,stationary,unsynced,true,true,clients,100,count,IPI-CooperativeService,1098,1783014856040173833,1783014791382165160,1783014791382208756,1783014856214291820,174.118,,0.044,64832.083,"CooperativeService{guidedPlanning, status=request, vehicleId=0x7665682d3833, requestedHorizonMs=2500, confidence=100, planning.waypoints=1, offloadTaskId=probe-541, offloadPayload=1024 bytes}"
5g-sender,1783014856574012374,edge4av-real-20260702-multiclient-scalability-run-3,p5g-scale-mqtt-payload-1024-clients-100,scale,guided-planning,mqtt,veh-83,veh-83,rsu-1,p5g-scale-mqtt-payload-1024-clients-100-veh-83-542,ipi-session-1,multiclient-scalability-run-3,veh-83,542,100-clients,default,stationary,unsynced,true,true,clients,100,count,IPI-CooperativeService,1098,1783014856414480515,1783014791740973902,1783014791741028865,1783014856574012374,159.532,,0.055,64832.984,"CooperativeService{guidedPlanning, status=request, vehicleId=0x7665682d3833, requestedHorizonMs=2500, confidence=100, planning.waypoints=1, offloadTaskId=probe-542, offloadPayload=1024 bytes}"
5g-sender,1783014856908207149,edge4av-real-20260702-multiclient-scalability-run-3,p5g-scale-mqtt-payload-1024-clients-100,scale,guided-planning,mqtt,veh-83,veh-83,rsu-1,p5g-scale-mqtt-payload-1024-clients-100-veh-83-543,ipi-session-1,multiclient-scalability-run-3,veh-83,543,100-clients,default,stationary,unsynced,true,true,clients,100,count,IPI-CooperativeService,1098,1783014856774190392,1783014792072407575,1783014792072456294,1783014856908207149,134.017,,0.049,64835.751,"CooperativeService{guidedPlanning, status=request, vehicleId=0x7665682d3833, requestedHorizonMs=2500, confidence=100, planning.waypoints=1, offloadTaskId=probe-543, offloadPayload=1024 bytes}"
5g-sender,1783014857224135809,edge4av-real-20260702-multiclient-scalability-run-3,p5g-scale-mqtt-payload-1024-clients-100,scale,guided-planning,mqtt,veh-83,veh-83,rsu-1,p5g-scale-mqtt-payload-1024-clients-100-veh-83-544,ipi-session-1,multiclient-scalability-run-3,veh-83,544,100-clients,default,stationary,unsynced,true,true,clients,100,count,IPI-CooperativeService,1098,1783014857108371777,1783014792383774717,1783014792383818341,1783014857224135809,115.764,,0.044,64840.317,"CooperativeService{guidedPlanning, status=request, vehicleId=0x7665682d3833, requestedHorizonMs=2500, confidence=100, planning.waypoints=1, offloadTaskId=probe-544, offloadPayload=1024 bytes}"
5g-sender,1783014857518219213,edge4av-real-20260702-multiclient-scalability-run-3,p5g-scale-mqtt-payload-1024-clients-100,scale,guided-planning,mqtt,veh-83,veh-83,rsu-1,p5g-scale-mqtt-payload-1024-clients-100-veh-83-545,ipi-session-1,multiclient-scalability-run-3,veh-83,545,100-clients,default,stationary,unsynced,true,true,clients,100,count,IPI-CooperativeService,1098,1783014857424436453,1783014792685122731,1783014792685176875,1783014857518219213,93.783,,0.054,64833.042,"CooperativeService{guidedPlanning, status=request, vehicleId=0x7665682d3833, requestedHorizonMs=2500, confidence=100, planning.waypoints=1, offloadTaskId=probe-545, offloadPayload=1024 bytes}"
5g-sender,1783014857788136658,edge4av-real-20260702-multiclient-scalability-run-3,p5g-scale-mqtt-payload-1024-clients-100,scale,guided-planning,mqtt,veh-83,veh-83,rsu-1,p5g-scale-mqtt-payload-1024-clients-100-veh-83-546,ipi-session-1,multiclient-scalability-run-3,veh-83,546,100-clients,default,stationary,unsynced,true,true,clients,100,count,IPI-CooperativeService,1098,1783014857718483899,1783014792956086639,1783014792956130693,1783014857788136658,69.653,,0.044,64832.006,"CooperativeService{guidedPlanning, status=request, vehicleId=0x7665682d3833, requestedHorizonMs=2500, confidence=100, planning.waypoints=1, offloadTaskId=probe-546, offloadPayload=1024 bytes}"
5g-sender,1783014858070133009,edge4av-real-20260702-multiclient-scalability-run-3,p5g-scale-mqtt-payload-1024-clients-100,scale,guided-planning,mqtt,veh-83,veh-83,rsu-1,p5g-scale-mqtt-payload-1024-clients-100-veh-83-547,ipi-session-1,multiclient-scalability-run-3,veh-83,547,100-clients,default,stationary,unsynced,true,true,clients,100,count,IPI-CooperativeService,1098,1783014857988291339,1783014793235444381,1783014793235508811,1783014858070133009,81.842,,0.064,64834.624,"CooperativeService{guidedPlanning, status=request, vehicleId=0x7665682d3833, requestedHorizonMs=2500, confidence=100, planning.waypoints=1, offloadTaskId=probe-547, offloadPayload=1024 bytes}"
5g-sender,1783014858338112293,edge4av-real-20260702-multiclient-scalability-run-3,p5g-scale-mqtt-payload-1024-clients-100,scale,guided-planning,mqtt,veh-83,veh-83,rsu-1,p5g-scale-mqtt-payload-1024-clients-100-veh-83-548,ipi-session-1,multiclient-scalability-run-3,veh-83,548,100-clients,default,stationary,unsynced,true,true,clients,100,count,IPI-CooperativeService,1098,1783014858270308007,1783014793505127474,1783014793505191722,1783014858338112293,67.804,,0.064,64832.921,"CooperativeService{guidedPlanning, status=request, vehicleId=0x7665682d3833, requestedHorizonMs=2500, confidence=100, planning.waypoints=1, offloadTaskId=probe-548, offloadPayload=1024 bytes}"
5g-sender,1783014858668569894,edge4av-real-20260702-multiclient-scalability-run-3,p5g-scale-mqtt-payload-1024-clients-100,scale,guided-planning,mqtt,veh-83,veh-83,rsu-1,p5g-scale-mqtt-payload-1024-clients-100-veh-83-549,ipi-session-1,multiclient-scalability-run-3,veh-83,549,100-clients,default,stationary,unsynced,true,true,clients,100,count,IPI-CooperativeService,1098,1783014858538357323,1783014793825789844,1783014793825833172,1783014858668569894,130.213,,0.043,64842.737,"CooperativeService{guidedPlanning, status=request, vehicleId=0x7665682d3833, requestedHorizonMs=2500, confidence=100, planning.waypoints=1, offloadTaskId=probe-549, offloadPayload=1024 bytes}"
5g-sender,1783014858992064132,edge4av-real-20260702-multiclient-scalability-run-3,p5g-scale-mqtt-payload-1024-clients-100,scale,guided-planning,mqtt,veh-83,veh-83,rsu-1,p5g-scale-mqtt-payload-1024-clients-100-veh-83-550,ipi-session-1,multiclient-scalability-run-3,veh-83,550,100-clients,default,stationary,unsynced,true,true,clients,100,count,IPI-CooperativeService,1098,1783014858868970290,1783014794155794460,1783014794155838813,1783014858992064132,123.094,,0.044,64836.225,"CooperativeService{guidedPlanning, status=request, vehicleId=0x7665682d3833, requestedHorizonMs=2500, confidence=100, planning.waypoints=1, offloadTaskId=probe-550, offloadPayload=1024 bytes}"
5g-sender,1783014859280014491,edge4av-real-20260702-multiclient-scalability-run-3,p5g-scale-mqtt-payload-1024-clients-100,scale,guided-planning,mqtt,veh-83,veh-83,rsu-1,p5g-scale-mqtt-payload-1024-clients-100-veh-83-551,ipi-session-1,multiclient-scalability-run-3,veh-83,551,100-clients,default,stationary,unsynced,true,true,clients,100,count,IPI-CooperativeService,1098,1783014859192269880,1783014794448026078,1783014794448069146,1783014859280014491,87.745,,0.043,64831.945,"CooperativeService{guidedPlanning, status=request, vehicleId=0x7665682d3833, requestedHorizonMs=2500, confidence=100, planning.waypoints=1, offloadTaskId=probe-551, offloadPayload=1024 bytes}"
5g-sender,1783014859548016786,edge4av-real-20260702-multiclient-scalability-run-3,p5g-scale-mqtt-payload-1024-clients-100,scale,guided-planning,mqtt,veh-83,veh-83,rsu-1,p5g-scale-mqtt-payload-1024-clients-100-veh-83-552,ipi-session-1,multiclient-scalability-run-3,veh-83,552,100-clients,default,stationary,unsynced,true,true,clients,100,count,IPI-CooperativeService,1098,1783014859480267633,1783014794717422106,1783014794717464946,1783014859548016786,67.749,,0.043,64830.552,"CooperativeService{guidedPlanning, status=request, vehicleId=0x7665682d3833, requestedHorizonMs=2500, confidence=100, planning.waypoints=1, offloadTaskId=probe-552, offloadPayload=1024 bytes}"
5g-sender,1783014859848069018,edge4av-real-20260702-multiclient-scalability-run-3,p5g-scale-mqtt-payload-1024-clients-100,scale,guided-planning,mqtt,veh-83,veh-83,rsu-1,p5g-scale-mqtt-payload-1024-clients-100-veh-83-553,ipi-session-1,multiclient-scalability-run-3,veh-83,553,100-clients,default,stationary,unsynced,true,true,clients,100,count,IPI-CooperativeService,1098,1783014859748200551,1783014795008734050,1783014795008777565,1783014859848069018,99.868,,0.044,64839.291,"CooperativeService{guidedPlanning, status=request, vehicleId=0x7665682d3833, requestedHorizonMs=2500, confidence=100, planning.waypoints=1, offloadTaskId=probe-553, offloadPayload=1024 bytes}"
5g-sender,1783014860128106708,edge4av-real-20260702-multiclient-scalability-run-3,p5g-scale-mqtt-payload-1024-clients-100,scale,guided-planning,mqtt,veh-83,veh-83,rsu-1,p5g-scale-mqtt-payload-1024-clients-100-veh-83-554,ipi-session-1,multiclient-scalability-run-3,veh-83,554,100-clients,default,stationary,unsynced,true,true,clients,100,count,IPI-CooperativeService,1098,1783014860048279200,1783014795289322500,1783014795289388918,1783014860128106708,79.828,,0.066,64838.718,"CooperativeService{guidedPlanning, status=request, vehicleId=0x7665682d3833, requestedHorizonMs=2500, confidence=100, planning.waypoints=1, offloadTaskId=probe-554, offloadPayload=1024 bytes}"
5g-sender,1783014860432015000,edge4av-real-20260702-multiclient-scalability-run-3,p5g-scale-mqtt-payload-1024-clients-100,scale,guided-planning,mqtt,veh-83,veh-83,rsu-1,p5g-scale-mqtt-payload-1024-clients-100-veh-83-555,ipi-session-1,multiclient-scalability-run-3,veh-83,555,100-clients,default,stationary,unsynced,true,true,clients,100,count,IPI-CooperativeService,1098,1783014860328297656,1783014795589423641,1783014795589482289,1783014860432015000,103.717,,0.059,64842.533,"CooperativeService{guidedPlanning, status=request, vehicleId=0x7665682d3833, requestedHorizonMs=2500, confidence=100, planning.waypoints=1, offloadTaskId=probe-555, offloadPayload=1024 bytes}"
5g-sender,1783014860816227112,edge4av-real-20260702-multiclient-scalability-run-3,p5g-scale-mqtt-payload-1024-clients-100,scale,guided-planning,mqtt,veh-83,veh-83,rsu-1,p5g-scale-mqtt-payload-1024-clients-100-veh-83-556,ipi-session-1,multiclient-scalability-run-3,veh-83,556,100-clients,default,stationary,unsynced,true,true,clients,100,count,IPI-CooperativeService,1098,1783014860632273232,1783014795901867067,1783014795901911199,1783014860816227112,183.954,,0.044,64914.316,"CooperativeService{guidedPlanning, status=request, vehicleId=0x7665682d3833, requestedHorizonMs=2500, confidence=100, planning.waypoints=1, offloadTaskId=probe-556, offloadPayload=1024 bytes}"
5g-sender,1783014861094190060,edge4av-real-20260702-multiclient-scalability-run-3,p5g-scale-mqtt-payload-1024-clients-100,scale,guided-planning,mqtt,veh-83,veh-83,rsu-1,p5g-scale-mqtt-payload-1024-clients-100-veh-83-557,ipi-session-1,multiclient-scalability-run-3,veh-83,557,100-clients,default,stationary,unsynced,true,true,clients,100,count,IPI-CooperativeService,1098,1783014861016380313,1783014796262129503,1783014796262172915,1783014861094190060,77.810,,0.043,64832.017,"CooperativeService{guidedPlanning, status=request, vehicleId=0x7665682d3833, requestedHorizonMs=2500, confidence=100, planning.waypoints=1, offloadTaskId=probe-557, offloadPayload=1024 bytes}"
5g-sender,1783014861358185846,edge4av-real-20260702-multiclient-scalability-run-3,p5g-scale-mqtt-payload-1024-clients-100,scale,guided-planning,mqtt,veh-83,veh-83,rsu-1,p5g-scale-mqtt-payload-1024-clients-100-veh-83-558,ipi-session-1,multiclient-scalability-run-3,veh-83,558,100-clients,default,stationary,unsynced,true,true,clients,100,count,IPI-CooperativeService,1098,1783014861294408135,1783014796521983118,1783014796522047892,1783014861358185846,63.778,,0.065,64836.138,"CooperativeService{guidedPlanning, status=request, vehicleId=0x7665682d3833, requestedHorizonMs=2500, confidence=100, planning.waypoints=1, offloadTaskId=probe-558, offloadPayload=1024 bytes}"
5g-sender,1783014861668131045,edge4av-real-20260702-multiclient-scalability-run-3,p5g-scale-mqtt-payload-1024-clients-100,scale,guided-planning,mqtt,veh-83,veh-83,rsu-1,p5g-scale-mqtt-payload-1024-clients-100-veh-83-559,ipi-session-1,multiclient-scalability-run-3,veh-83,559,100-clients,default,stationary,unsynced,true,true,clients,100,count,IPI-CooperativeService,1098,1783014861558355868,1783014796833404346,1783014796833448260,1783014861668131045,109.775,,0.044,64834.683,"CooperativeService{guidedPlanning, status=request, vehicleId=0x7665682d3833, requestedHorizonMs=2500, confidence=100, planning.waypoints=1, offloadTaskId=probe-559, offloadPayload=1024 bytes}"
5g-sender,1783014861996139842,edge4av-real-20260702-multiclient-scalability-run-3,p5g-scale-mqtt-payload-1024-clients-100,scale,guided-planning,mqtt,veh-83,veh-83,rsu-1,p5g-scale-mqtt-payload-1024-clients-100-veh-83-560,ipi-session-1,multiclient-scalability-run-3,veh-83,560,100-clients,default,stationary,unsynced,true,true,clients,100,count,IPI-CooperativeService,1098,1783014861868320205,1783014797162747725,1783014797162792111,1783014861996139842,127.820,,0.044,64833.348,"CooperativeService{guidedPlanning, status=request, vehicleId=0x7665682d3833, requestedHorizonMs=2500, confidence=100, planning.waypoints=1, offloadTaskId=probe-560, offloadPayload=1024 bytes}"
5g-sender,1783014862328078369,edge4av-real-20260702-multiclient-scalability-run-3,p5g-scale-mqtt-payload-1024-clients-100,scale,guided-planning,mqtt,veh-83,veh-83,rsu-1,p5g-scale-mqtt-payload-1024-clients-100-veh-83-561,ipi-session-1,multiclient-scalability-run-3,veh-83,561,100-clients,default,stationary,unsynced,true,true,clients,100,count,IPI-CooperativeService,1098,1783014862196301954,1783014797495572211,1783014797495620881,1783014862328078369,131.776,,0.049,64832.457,"CooperativeService{guidedPlanning, status=request, vehicleId=0x7665682d3833, requestedHorizonMs=2500, confidence=100, planning.waypoints=1, offloadTaskId=probe-561, offloadPayload=1024 bytes}"
5g-sender,1783014862649957938,edge4av-real-20260702-multiclient-scalability-run-3,p5g-scale-mqtt-payload-1024-clients-100,scale,guided-planning,mqtt,veh-83,veh-83,rsu-1,p5g-scale-mqtt-payload-1024-clients-100-veh-83-562,ipi-session-1,multiclient-scalability-run-3,veh-83,562,100-clients,default,stationary,unsynced,true,true,clients,100,count,IPI-CooperativeService,1098,1783014862528238287,1783014797815045237,1783014797815100438,1783014862649957938,121.720,,0.055,64834.857,"CooperativeService{guidedPlanning, status=request, vehicleId=0x7665682d3833, requestedHorizonMs=2500, confidence=100, planning.waypoints=1, offloadTaskId=probe-562, offloadPayload=1024 bytes}"
5g-sender,1783014863003258780,edge4av-real-20260702-multiclient-scalability-run-3,p5g-scale-mqtt-payload-1024-clients-100,scale,guided-planning,mqtt,veh-83,veh-83,rsu-1,p5g-scale-mqtt-payload-1024-clients-100-veh-83-563,ipi-session-1,multiclient-scalability-run-3,veh-83,563,100-clients,default,stationary,unsynced,true,true,clients,100,count,IPI-CooperativeService,1098,1783014862850112556,1783014798164650312,1783014798164724794,1783014863003258780,153.146,,0.074,64838.534,"CooperativeService{guidedPlanning, status=request, vehicleId=0x7665682d3833, requestedHorizonMs=2500, confidence=100, planning.waypoints=1, offloadTaskId=probe-563, offloadPayload=1024 bytes}"
5g-sender,1783014863342104332,edge4av-real-20260702-multiclient-scalability-run-3,p5g-scale-mqtt-payload-1024-clients-100,scale,guided-planning,mqtt,veh-83,veh-83,rsu-1,p5g-scale-mqtt-payload-1024-clients-100-veh-83-564,ipi-session-1,multiclient-scalability-run-3,veh-83,564,100-clients,default,stationary,unsynced,true,true,clients,100,count,IPI-CooperativeService,1098,1783014863203500899,1783014798506814843,1783014798506858405,1783014863342104332,138.603,,0.044,64835.246,"CooperativeService{guidedPlanning, status=request, vehicleId=0x7665682d3833, requestedHorizonMs=2500, confidence=100, planning.waypoints=1, offloadTaskId=probe-564, offloadPayload=1024 bytes}"
5g-sender,1783014863664264348,edge4av-real-20260702-multiclient-scalability-run-3,p5g-scale-mqtt-payload-1024-clients-100,scale,guided-planning,mqtt,veh-83,veh-83,rsu-1,p5g-scale-mqtt-payload-1024-clients-100-veh-83-565,ipi-session-1,multiclient-scalability-run-3,veh-83,565,100-clients,default,stationary,unsynced,true,true,clients,100,count,IPI-CooperativeService,1098,1783014863542292514,1783014798827145920,1783014798827201139,1783014863664264348,121.972,,0.055,64837.063,"CooperativeService{guidedPlanning, status=request, vehicleId=0x7665682d3833, requestedHorizonMs=2500, confidence=100, planning.waypoints=1, offloadTaskId=probe-565, offloadPayload=1024 bytes}"
5g-sender,1783014864042270534,edge4av-real-20260702-multiclient-scalability-run-3,p5g-scale-mqtt-payload-1024-clients-100,scale,guided-planning,mqtt,veh-83,veh-83,rsu-1,p5g-scale-mqtt-payload-1024-clients-100-veh-83-566,ipi-session-1,multiclient-scalability-run-3,veh-83,566,100-clients,default,stationary,unsynced,true,true,clients,100,count,IPI-CooperativeService,1098,1783014863864562534,1783014799207314511,1783014799207386440,1783014864042270534,177.708,,0.072,64834.884,"CooperativeService{guidedPlanning, status=request, vehicleId=0x7665682d3833, requestedHorizonMs=2500, confidence=100, planning.waypoints=1, offloadTaskId=probe-566, offloadPayload=1024 bytes}"
5g-sender,1783014864366107660,edge4av-real-20260702-multiclient-scalability-run-3,p5g-scale-mqtt-payload-1024-clients-100,scale,guided-planning,mqtt,veh-83,veh-83,rsu-1,p5g-scale-mqtt-payload-1024-clients-100-veh-83-567,ipi-session-1,multiclient-scalability-run-3,veh-83,567,100-clients,default,stationary,unsynced,true,true,clients,100,count,IPI-CooperativeService,1098,1783014864242453246,1783014799527504340,1783014799527548530,1783014864366107660,123.654,,0.044,64838.559,"CooperativeService{guidedPlanning, status=request, vehicleId=0x7665682d3833, requestedHorizonMs=2500, confidence=100, planning.waypoints=1, offloadTaskId=probe-567, offloadPayload=1024 bytes}"
5g-sender,1783014864696035732,edge4av-real-20260702-multiclient-scalability-run-3,p5g-scale-mqtt-payload-1024-clients-100,scale,guided-planning,mqtt,veh-83,veh-83,rsu-1,p5g-scale-mqtt-payload-1024-clients-100-veh-83-568,ipi-session-1,multiclient-scalability-run-3,veh-83,568,100-clients,default,stationary,unsynced,true,true,clients,100,count,IPI-CooperativeService,1098,1783014864566300365,1783014799857760969,1783014799857815933,1783014864696035732,129.735,,0.055,64838.220,"CooperativeService{guidedPlanning, status=request, vehicleId=0x7665682d3833, requestedHorizonMs=2500, confidence=100, planning.waypoints=1, offloadTaskId=probe-568, offloadPayload=1024 bytes}"
5g-sender,1783014865062090628,edge4av-real-20260702-multiclient-scalability-run-3,p5g-scale-mqtt-payload-1024-clients-100,scale,guided-planning,mqtt,veh-83,veh-83,rsu-1,p5g-scale-mqtt-payload-1024-clients-100-veh-83-569,ipi-session-1,multiclient-scalability-run-3,veh-83,569,100-clients,default,stationary,unsynced,true,true,clients,100,count,IPI-CooperativeService,1098,1783014864896210651,1783014800228191165,1783014800228244555,1783014865062090628,165.880,,0.053,64833.846,"CooperativeService{guidedPlanning, status=request, vehicleId=0x7665682d3833, requestedHorizonMs=2500, confidence=100, planning.waypoints=1, offloadTaskId=probe-569, offloadPayload=1024 bytes}"
5g-sender,1783014865436193744,edge4av-real-20260702-multiclient-scalability-run-3,p5g-scale-mqtt-payload-1024-clients-100,scale,guided-planning,mqtt,veh-83,veh-83,rsu-1,p5g-scale-mqtt-payload-1024-clients-100-veh-83-570,ipi-session-1,multiclient-scalability-run-3,veh-83,570,100-clients,default,stationary,unsynced,true,true,clients,100,count,IPI-CooperativeService,1098,1783014865262358177,1783014800601291193,1783014800601335969,1783014865436193744,173.836,,0.045,64834.858,"CooperativeService{guidedPlanning, status=request, vehicleId=0x7665682d3833, requestedHorizonMs=2500, confidence=100, planning.waypoints=1, offloadTaskId=probe-570, offloadPayload=1024 bytes}"
5g-sender,1783014865814083112,edge4av-real-20260702-multiclient-scalability-run-3,p5g-scale-mqtt-payload-1024-clients-100,scale,guided-planning,mqtt,veh-83,veh-83,rsu-1,p5g-scale-mqtt-payload-1024-clients-100-veh-83-571,ipi-session-1,multiclient-scalability-run-3,veh-83,571,100-clients,default,stationary,unsynced,true,true,clients,100,count,IPI-CooperativeService,1098,1783014865637284701,1783014800979449400,1783014800979501640,1783014865814083112,176.798,,0.052,64834.581,"CooperativeService{guidedPlanning, status=request, vehicleId=0x7665682d3833, requestedHorizonMs=2500, confidence=100, planning.waypoints=1, offloadTaskId=probe-571, offloadPayload=1024 bytes}"
5g-sender,1783014866158023457,edge4av-real-20260702-multiclient-scalability-run-3,p5g-scale-mqtt-payload-1024-clients-100,scale,guided-planning,mqtt,veh-83,veh-83,rsu-1,p5g-scale-mqtt-payload-1024-clients-100-veh-83-572,ipi-session-1,multiclient-scalability-run-3,veh-83,572,100-clients,default,stationary,unsynced,true,true,clients,100,count,IPI-CooperativeService,1098,1783014866014252137,1783014801320241555,1783014801320292420,1783014866158023457,143.771,,0.051,64837.731,"CooperativeService{guidedPlanning, status=request, vehicleId=0x7665682d3833, requestedHorizonMs=2500, confidence=100, planning.waypoints=1, offloadTaskId=probe-572, offloadPayload=1024 bytes}"
5g-sender,1783014866494154874,edge4av-real-20260702-multiclient-scalability-run-3,p5g-scale-mqtt-payload-1024-clients-100,scale,guided-planning,mqtt,veh-83,veh-83,rsu-1,p5g-scale-mqtt-payload-1024-clients-100-veh-83-573,ipi-session-1,multiclient-scalability-run-3,veh-83,573,100-clients,default,stationary,unsynced,true,true,clients,100,count,IPI-CooperativeService,1098,1783014866358208471,1783014801661871208,1783014801661914767,1783014866494154874,135.946,,0.044,64832.240,"CooperativeService{guidedPlanning, status=request, vehicleId=0x7665682d3833, requestedHorizonMs=2500, confidence=100, planning.waypoints=1, offloadTaskId=probe-573, offloadPayload=1024 bytes}"
5g-sender,1783014866838121489,edge4av-real-20260702-multiclient-scalability-run-3,p5g-scale-mqtt-payload-1024-clients-100,scale,guided-planning,mqtt,veh-83,veh-83,rsu-1,p5g-scale-mqtt-payload-1024-clients-100-veh-83-574,ipi-session-1,multiclient-scalability-run-3,veh-83,574,100-clients,default,stationary,unsynced,true,true,clients,100,count,IPI-CooperativeService,1098,1783014866694309601,1783014802002230929,1783014802002274477,1783014866838121489,143.812,,0.044,64835.847,"CooperativeService{guidedPlanning, status=request, vehicleId=0x7665682d3833, requestedHorizonMs=2500, confidence=100, planning.waypoints=1, offloadTaskId=probe-574, offloadPayload=1024 bytes}"
5g-sender,1783014867138087146,edge4av-real-20260702-multiclient-scalability-run-3,p5g-scale-mqtt-payload-1024-clients-100,scale,guided-planning,mqtt,veh-83,veh-83,rsu-1,p5g-scale-mqtt-payload-1024-clients-100-veh-83-575,ipi-session-1,multiclient-scalability-run-3,veh-83,575,100-clients,default,stationary,unsynced,true,true,clients,100,count,IPI-CooperativeService,1098,1783014867038302820,1783014802302487512,1783014802302530951,1783014867138087146,99.784,,0.043,64835.556,"CooperativeService{guidedPlanning, status=request, vehicleId=0x7665682d3833, requestedHorizonMs=2500, confidence=100, planning.waypoints=1, offloadTaskId=probe-575, offloadPayload=1024 bytes}"
5g-sender,1783014867409978650,edge4av-real-20260702-multiclient-scalability-run-3,p5g-scale-mqtt-payload-1024-clients-100,scale,guided-planning,mqtt,veh-83,veh-83,rsu-1,p5g-scale-mqtt-payload-1024-clients-100-veh-83-576,ipi-session-1,multiclient-scalability-run-3,veh-83,576,100-clients,default,stationary,unsynced,true,true,clients,100,count,IPI-CooperativeService,1098,1783014867338306551,1783014802573997370,1783014802574041074,1783014867409978650,71.672,,0.044,64835.938,"CooperativeService{guidedPlanning, status=request, vehicleId=0x7665682d3833, requestedHorizonMs=2500, confidence=100, planning.waypoints=1, offloadTaskId=probe-576, offloadPayload=1024 bytes}"
5g-sender,1783014867668154532,edge4av-real-20260702-multiclient-scalability-run-3,p5g-scale-mqtt-payload-1024-clients-100,scale,guided-planning,mqtt,veh-83,veh-83,rsu-1,p5g-scale-mqtt-payload-1024-clients-100-veh-83-577,ipi-session-1,multiclient-scalability-run-3,veh-83,577,100-clients,default,stationary,unsynced,true,true,clients,100,count,IPI-CooperativeService,1098,1783014867610135437,1783014802822635875,1783014802822679048,1783014867668154532,58.019,,0.043,64845.475,"CooperativeService{guidedPlanning, status=request, vehicleId=0x7665682d3833, requestedHorizonMs=2500, confidence=100, planning.waypoints=1, offloadTaskId=probe-577, offloadPayload=1024 bytes}"
5g-sender,1783014867930009672,edge4av-real-20260702-multiclient-scalability-run-3,p5g-scale-mqtt-payload-1024-clients-100,scale,guided-planning,mqtt,veh-83,veh-83,rsu-1,p5g-scale-mqtt-payload-1024-clients-100-veh-83-578,ipi-session-1,multiclient-scalability-run-3,veh-83,578,100-clients,default,stationary,unsynced,true,true,clients,100,count,IPI-CooperativeService,1098,1783014867868361580,1783014803094237040,1783014803094304730,1783014867930009672,61.648,,0.068,64835.705,"CooperativeService{guidedPlanning, status=request, vehicleId=0x7665682d3833, requestedHorizonMs=2500, confidence=100, planning.waypoints=1, offloadTaskId=probe-578, offloadPayload=1024 bytes}"
5g-sender,1783014868179955571,edge4av-real-20260702-multiclient-scalability-run-3,p5g-scale-mqtt-payload-1024-clients-100,scale,guided-planning,mqtt,veh-83,veh-83,rsu-1,p5g-scale-mqtt-payload-1024-clients-100-veh-83-579,ipi-session-1,multiclient-scalability-run-3,veh-83,579,100-clients,default,stationary,unsynced,true,true,clients,100,count,IPI-CooperativeService,1098,1783014868130206167,1783014803345587002,1783014803345629321,1783014868179955571,49.749,,0.042,64834.326,"CooperativeService{guidedPlanning, status=request, vehicleId=0x7665682d3833, requestedHorizonMs=2500, confidence=100, planning.waypoints=1, offloadTaskId=probe-579, offloadPayload=1024 bytes}"
5g-sender,1783014868468439625,edge4av-real-20260702-multiclient-scalability-run-3,p5g-scale-mqtt-payload-1024-clients-100,scale,guided-planning,mqtt,veh-83,veh-83,rsu-1,p5g-scale-mqtt-payload-1024-clients-100-veh-83-580,ipi-session-1,multiclient-scalability-run-3,veh-83,580,100-clients,default,stationary,unsynced,true,true,clients,100,count,IPI-CooperativeService,1098,1783014868380098955,1783014803634055795,1783014803634099762,1783014868468439625,88.341,,0.044,64834.340,"CooperativeService{guidedPlanning, status=request, vehicleId=0x7665682d3833, requestedHorizonMs=2500, confidence=100, planning.waypoints=1, offloadTaskId=probe-580, offloadPayload=1024 bytes}"
5g-sender,1783014868748173151,edge4av-real-20260702-multiclient-scalability-run-3,p5g-scale-mqtt-payload-1024-clients-100,scale,guided-planning,mqtt,veh-83,veh-83,rsu-1,p5g-scale-mqtt-payload-1024-clients-100-veh-83-581,ipi-session-1,multiclient-scalability-run-3,veh-83,581,100-clients,default,stationary,unsynced,true,true,clients,100,count,IPI-CooperativeService,1098,1783014868668648149,1783014803914876429,1783014803914934480,1783014868748173151,79.525,,0.058,64833.239,"CooperativeService{guidedPlanning, status=request, vehicleId=0x7665682d3833, requestedHorizonMs=2500, confidence=100, planning.waypoints=1, offloadTaskId=probe-581, offloadPayload=1024 bytes}"
5g-sender,1783014869018104228,edge4av-real-20260702-multiclient-scalability-run-3,p5g-scale-mqtt-payload-1024-clients-100,scale,guided-planning,mqtt,veh-83,veh-83,rsu-1,p5g-scale-mqtt-payload-1024-clients-100-veh-83-582,ipi-session-1,multiclient-scalability-run-3,veh-83,582,100-clients,default,stationary,unsynced,true,true,clients,100,count,IPI-CooperativeService,1098,1783014868948396932,1783014804187443005,1783014804187531662,1783014869018104228,69.707,,0.089,64830.573,"CooperativeService{guidedPlanning, status=request, vehicleId=0x7665682d3833, requestedHorizonMs=2500, confidence=100, planning.waypoints=1, offloadTaskId=probe-582, offloadPayload=1024 bytes}"
5g-sender,1783014869294107322,edge4av-real-20260702-multiclient-scalability-run-3,p5g-scale-mqtt-payload-1024-clients-100,scale,guided-planning,mqtt,veh-83,veh-83,rsu-1,p5g-scale-mqtt-payload-1024-clients-100-veh-83-583,ipi-session-1,multiclient-scalability-run-3,veh-83,583,100-clients,default,stationary,unsynced,true,true,clients,100,count,IPI-CooperativeService,1098,1783014869218267489,1783014804456352968,1783014804456412989,1783014869294107322,75.840,,0.060,64837.694,"CooperativeService{guidedPlanning, status=request, vehicleId=0x7665682d3833, requestedHorizonMs=2500, confidence=100, planning.waypoints=1, offloadTaskId=probe-583, offloadPayload=1024 bytes}"
5g-sender,1783014869574007060,edge4av-real-20260702-multiclient-scalability-run-3,p5g-scale-mqtt-payload-1024-clients-100,scale,guided-planning,mqtt,veh-83,veh-83,rsu-1,p5g-scale-mqtt-payload-1024-clients-100-veh-83-584,ipi-session-1,multiclient-scalability-run-3,veh-83,584,100-clients,default,stationary,unsynced,true,true,clients,100,count,IPI-CooperativeService,1098,1783014869494272786,1783014804737543462,1783014804737599086,1783014869574007060,79.734,,0.056,64836.408,"CooperativeService{guidedPlanning, status=request, vehicleId=0x7665682d3833, requestedHorizonMs=2500, confidence=100, planning.waypoints=1, offloadTaskId=probe-584, offloadPayload=1024 bytes}"
5g-sender,1783014869899954363,edge4av-real-20260702-multiclient-scalability-run-3,p5g-scale-mqtt-payload-1024-clients-100,scale,guided-planning,mqtt,veh-83,veh-83,rsu-1,p5g-scale-mqtt-payload-1024-clients-100-veh-83-585,ipi-session-1,multiclient-scalability-run-3,veh-83,585,100-clients,default,stationary,unsynced,true,true,clients,100,count,IPI-CooperativeService,1098,1783014869774167140,1783014805067839886,1783014805067883049,1783014869899954363,125.787,,0.043,64832.071,"CooperativeService{guidedPlanning, status=request, vehicleId=0x7665682d3833, requestedHorizonMs=2500, confidence=100, planning.waypoints=1, offloadTaskId=probe-585, offloadPayload=1024 bytes}"
5g-sender,1783014870176008281,edge4av-real-20260702-multiclient-scalability-run-3,p5g-scale-mqtt-payload-1024-clients-100,scale,guided-planning,mqtt,veh-83,veh-83,rsu-1,p5g-scale-mqtt-payload-1024-clients-100-veh-83-586,ipi-session-1,multiclient-scalability-run-3,veh-83,586,100-clients,default,stationary,unsynced,true,true,clients,100,count,IPI-CooperativeService,1098,1783014870100116084,1783014805338623701,1783014805338679997,1783014870176008281,75.892,,0.056,64837.328,"CooperativeService{guidedPlanning, status=request, vehicleId=0x7665682d3833, requestedHorizonMs=2500, confidence=100, planning.waypoints=1, offloadTaskId=probe-586, offloadPayload=1024 bytes}"
5g-sender,1783014870436161856,edge4av-real-20260702-multiclient-scalability-run-3,p5g-scale-mqtt-payload-1024-clients-100,scale,guided-planning,mqtt,veh-83,veh-83,rsu-1,p5g-scale-mqtt-payload-1024-clients-100-veh-83-587,ipi-session-1,multiclient-scalability-run-3,veh-83,587,100-clients,default,stationary,unsynced,true,true,clients,100,count,IPI-CooperativeService,1098,1783014870376391154,1783014805599616751,1783014805599672884,1783014870436161856,59.771,,0.056,64836.489,"CooperativeService{guidedPlanning, status=request, vehicleId=0x7665682d3833, requestedHorizonMs=2500, confidence=100, planning.waypoints=1, offloadTaskId=probe-587, offloadPayload=1024 bytes}"
5g-sender,1783014870708131428,edge4av-real-20260702-multiclient-scalability-run-3,p5g-scale-mqtt-payload-1024-clients-100,scale,guided-planning,mqtt,veh-83,veh-83,rsu-1,p5g-scale-mqtt-payload-1024-clients-100-veh-83-588,ipi-session-1,multiclient-scalability-run-3,veh-83,588,100-clients,default,stationary,unsynced,true,true,clients,100,count,IPI-CooperativeService,1098,1783014870636369907,1783014805868874687,1783014805868941256,1783014870708131428,71.762,,0.067,64839.190,"CooperativeService{guidedPlanning, status=request, vehicleId=0x7665682d3833, requestedHorizonMs=2500, confidence=100, planning.waypoints=1, offloadTaskId=probe-588, offloadPayload=1024 bytes}"
5g-sender,1783014871076303834,edge4av-real-20260702-multiclient-scalability-run-3,p5g-scale-mqtt-payload-1024-clients-100,scale,guided-planning,mqtt,veh-83,veh-83,rsu-1,p5g-scale-mqtt-payload-1024-clients-100-veh-83-589,ipi-session-1,multiclient-scalability-run-3,veh-83,589,100-clients,default,stationary,unsynced,true,true,clients,100,count,IPI-CooperativeService,1098,1783014870908429583,1783014806169254770,1783014806169299042,1783014871076303834,167.874,,0.044,64907.005,"CooperativeService{guidedPlanning, status=request, vehicleId=0x7665682d3833, requestedHorizonMs=2500, confidence=100, planning.waypoints=1, offloadTaskId=probe-589, offloadPayload=1024 bytes}"
5g-sender,1783014871337954481,edge4av-real-20260702-multiclient-scalability-run-3,p5g-scale-mqtt-payload-1024-clients-100,scale,guided-planning,mqtt,veh-83,veh-83,rsu-1,p5g-scale-mqtt-payload-1024-clients-100-veh-83-590,ipi-session-1,multiclient-scalability-run-3,veh-83,590,100-clients,default,stationary,unsynced,true,true,clients,100,count,IPI-CooperativeService,1098,1783014871276547812,1783014806500346850,1783014806500389161,1783014871337954481,61.407,,0.042,64837.565,"CooperativeService{guidedPlanning, status=request, vehicleId=0x7665682d3833, requestedHorizonMs=2500, confidence=100, planning.waypoints=1, offloadTaskId=probe-590, offloadPayload=1024 bytes}"
5g-sender,1783014871684184280,edge4av-real-20260702-multiclient-scalability-run-3,p5g-scale-mqtt-payload-1024-clients-100,scale,guided-planning,mqtt,veh-83,veh-83,rsu-1,p5g-scale-mqtt-payload-1024-clients-100-veh-83-591,ipi-session-1,multiclient-scalability-run-3,veh-83,591,100-clients,default,stationary,unsynced,true,true,clients,100,count,IPI-CooperativeService,1098,1783014871538139626,1783014806849374335,1783014806849435578,1783014871684184280,146.045,,0.061,64834.749,"CooperativeService{guidedPlanning, status=request, vehicleId=0x7665682d3833, requestedHorizonMs=2500, confidence=100, planning.waypoints=1, offloadTaskId=probe-591, offloadPayload=1024 bytes}"
5g-sender,1783014872048106439,edge4av-real-20260702-multiclient-scalability-run-3,p5g-scale-mqtt-payload-1024-clients-100,scale,guided-planning,mqtt,veh-83,veh-83,rsu-1,p5g-scale-mqtt-payload-1024-clients-100-veh-83-592,ipi-session-1,multiclient-scalability-run-3,veh-83,592,100-clients,default,stationary,unsynced,true,true,clients,100,count,IPI-CooperativeService,1098,1783014871884366537,1783014807210262455,1783014807210305262,1783014872048106439,163.740,,0.043,64837.801,"CooperativeService{guidedPlanning, status=request, vehicleId=0x7665682d3833, requestedHorizonMs=2500, confidence=100, planning.waypoints=1, offloadTaskId=probe-592, offloadPayload=1024 bytes}"
5g-sender,1783014872414123805,edge4av-real-20260702-multiclient-scalability-run-3,p5g-scale-mqtt-payload-1024-clients-100,scale,guided-planning,mqtt,veh-83,veh-83,rsu-1,p5g-scale-mqtt-payload-1024-clients-100-veh-83-593,ipi-session-1,multiclient-scalability-run-3,veh-83,593,100-clients,default,stationary,unsynced,true,true,clients,100,count,IPI-CooperativeService,1098,1783014872248306463,1783014807580906358,1783014807580950115,1783014872414123805,165.817,,0.044,64833.174,"CooperativeService{guidedPlanning, status=request, vehicleId=0x7665682d3833, requestedHorizonMs=2500, confidence=100, planning.waypoints=1, offloadTaskId=probe-593, offloadPayload=1024 bytes}"
5g-sender,1783014872774281672,edge4av-real-20260702-multiclient-scalability-run-3,p5g-scale-mqtt-payload-1024-clients-100,scale,guided-planning,mqtt,veh-83,veh-83,rsu-1,p5g-scale-mqtt-payload-1024-clients-100-veh-83-594,ipi-session-1,multiclient-scalability-run-3,veh-83,594,100-clients,default,stationary,unsynced,true,true,clients,100,count,IPI-CooperativeService,1098,1783014872614281426,1783014807942757111,1783014807942820305,1783014872774281672,160.000,,0.063,64831.461,"CooperativeService{guidedPlanning, status=request, vehicleId=0x7665682d3833, requestedHorizonMs=2500, confidence=100, planning.waypoints=1, offloadTaskId=probe-594, offloadPayload=1024 bytes}"
5g-sender,1783014873142127901,edge4av-real-20260702-multiclient-scalability-run-3,p5g-scale-mqtt-payload-1024-clients-100,scale,guided-planning,mqtt,veh-83,veh-83,rsu-1,p5g-scale-mqtt-payload-1024-clients-100-veh-83-595,ipi-session-1,multiclient-scalability-run-3,veh-83,595,100-clients,default,stationary,unsynced,true,true,clients,100,count,IPI-CooperativeService,1098,1783014872974551280,1783014808303570646,1783014808303614648,1783014873142127901,167.577,,0.044,64838.513,"CooperativeService{guidedPlanning, status=request, vehicleId=0x7665682d3833, requestedHorizonMs=2500, confidence=100, planning.waypoints=1, offloadTaskId=probe-595, offloadPayload=1024 bytes}"
5g-sender,1783014873508174802,edge4av-real-20260702-multiclient-scalability-run-3,p5g-scale-mqtt-payload-1024-clients-100,scale,guided-planning,mqtt,veh-83,veh-83,rsu-1,p5g-scale-mqtt-payload-1024-clients-100-veh-83-596,ipi-session-1,multiclient-scalability-run-3,veh-83,596,100-clients,default,stationary,unsynced,true,true,clients,100,count,IPI-CooperativeService,1098,1783014873342316252,1783014808673997263,1783014808674053239,1783014873508174802,165.859,,0.056,64834.122,"CooperativeService{guidedPlanning, status=request, vehicleId=0x7665682d3833, requestedHorizonMs=2500, confidence=100, planning.waypoints=1, offloadTaskId=probe-596, offloadPayload=1024 bytes}"
5g-sender,1783014873888160694,edge4av-real-20260702-multiclient-scalability-run-3,p5g-scale-mqtt-payload-1024-clients-100,scale,guided-planning,mqtt,veh-83,veh-83,rsu-1,p5g-scale-mqtt-payload-1024-clients-100-veh-83-597,ipi-session-1,multiclient-scalability-run-3,veh-83,597,100-clients,default,stationary,unsynced,true,true,clients,100,count,IPI-CooperativeService,1098,1783014873708400023,1783014809045026890,1783014809045092486,1783014873888160694,179.761,,0.066,64843.068,"CooperativeService{guidedPlanning, status=request, vehicleId=0x7665682d3833, requestedHorizonMs=2500, confidence=100, planning.waypoints=1, offloadTaskId=probe-597, offloadPayload=1024 bytes}"
5g-sender,1783014874240175062,edge4av-real-20260702-multiclient-scalability-run-3,p5g-scale-mqtt-payload-1024-clients-100,scale,guided-planning,mqtt,veh-83,veh-83,rsu-1,p5g-scale-mqtt-payload-1024-clients-100-veh-83-598,ipi-session-1,multiclient-scalability-run-3,veh-83,598,100-clients,default,stationary,unsynced,true,true,clients,100,count,IPI-CooperativeService,1098,1783014874088326398,1783014809404791414,1783014809404847767,1783014874240175062,151.849,,0.056,64835.327,"CooperativeService{guidedPlanning, status=request, vehicleId=0x7665682d3833, requestedHorizonMs=2500, confidence=100, planning.waypoints=1, offloadTaskId=probe-598, offloadPayload=1024 bytes}"
5g-sender,1783014874588185898,edge4av-real-20260702-multiclient-scalability-run-3,p5g-scale-mqtt-payload-1024-clients-100,scale,guided-planning,mqtt,veh-83,veh-83,rsu-1,p5g-scale-mqtt-payload-1024-clients-100-veh-83-599,ipi-session-1,multiclient-scalability-run-3,veh-83,599,100-clients,default,stationary,unsynced,true,true,clients,100,count,IPI-CooperativeService,1098,1783014874440368563,1783014809745886512,1783014809745937496,1783014874588185898,147.817,,0.051,64842.248,"CooperativeService{guidedPlanning, status=request, vehicleId=0x7665682d3833, requestedHorizonMs=2500, confidence=100, planning.waypoints=1, offloadTaskId=probe-599, offloadPayload=1024 bytes}"
5g-sender,1783014874890173679,edge4av-real-20260702-multiclient-scalability-run-3,p5g-scale-mqtt-payload-1024-clients-100,scale,guided-planning,mqtt,veh-83,veh-83,rsu-1,p5g-scale-mqtt-payload-1024-clients-100-veh-83-600,ipi-session-1,multiclient-scalability-run-3,veh-83,600,100-clients,default,stationary,unsynced,true,true,clients,100,count,IPI-CooperativeService,1098,1783014874788391676,1783014810057189686,1783014810057233101,1783014874890173679,101.782,,0.043,64832.941,"CooperativeService{guidedPlanning, status=request, vehicleId=0x7665682d3833, requestedHorizonMs=2500, confidence=100, planning.waypoints=1, offloadTaskId=probe-600, offloadPayload=1024 bytes}"
5g-sender,1783014875216052621,edge4av-real-20260702-multiclient-scalability-run-3,p5g-scale-mqtt-payload-1024-clients-100,scale,guided-planning,mqtt,veh-83,veh-83,rsu-1,p5g-scale-mqtt-payload-1024-clients-100-veh-83-601,ipi-session-1,multiclient-scalability-run-3,veh-83,601,100-clients,default,stationary,unsynced,true,true,clients,100,count,IPI-CooperativeService,1098,1783014875090384230,1783014810377519194,1783014810377562488,1783014875216052621,125.668,,0.043,64838.490,"CooperativeService{guidedPlanning, status=request, vehicleId=0x7665682d3833, requestedHorizonMs=2500, confidence=100, planning.waypoints=1, offloadTaskId=probe-601, offloadPayload=1024 bytes}"
5g-sender,1783014875546175614,edge4av-real-20260702-multiclient-scalability-run-3,p5g-scale-mqtt-payload-1024-clients-100,scale,guided-planning,mqtt,veh-83,veh-83,rsu-1,p5g-scale-mqtt-payload-1024-clients-100-veh-83-602,ipi-session-1,multiclient-scalability-run-3,veh-83,602,100-clients,default,stationary,unsynced,true,true,clients,100,count,IPI-CooperativeService,1098,1783014875416241102,1783014810708357063,1783014810708401130,1783014875546175614,129.935,,0.044,64837.774,"CooperativeService{guidedPlanning, status=request, vehicleId=0x7665682d3833, requestedHorizonMs=2500, confidence=100, planning.waypoints=1, offloadTaskId=probe-602, offloadPayload=1024 bytes}"
5g-sender,1783014875874213995,edge4av-real-20260702-multiclient-scalability-run-3,p5g-scale-mqtt-payload-1024-clients-100,scale,guided-planning,mqtt,veh-83,veh-83,rsu-1,p5g-scale-mqtt-payload-1024-clients-100-veh-83-603,ipi-session-1,multiclient-scalability-run-3,veh-83,603,100-clients,default,stationary,unsynced,true,true,clients,100,count,IPI-CooperativeService,1098,1783014875746334421,1783014811038210566,1783014811038254948,1783014875874213995,127.880,,0.044,64835.959,"CooperativeService{guidedPlanning, status=request, vehicleId=0x7665682d3833, requestedHorizonMs=2500, confidence=100, planning.waypoints=1, offloadTaskId=probe-603, offloadPayload=1024 bytes}"
5g-sender,1783014876194186379,edge4av-real-20260702-multiclient-scalability-run-3,p5g-scale-mqtt-payload-1024-clients-100,scale,guided-planning,mqtt,veh-83,veh-83,rsu-1,p5g-scale-mqtt-payload-1024-clients-100-veh-83-604,ipi-session-1,multiclient-scalability-run-3,veh-83,604,100-clients,default,stationary,unsynced,true,true,clients,100,count,IPI-CooperativeService,1098,1783014876074392273,1783014811357962529,1783014811358014802,1783014876194186379,119.794,,0.052,64836.172,"CooperativeService{guidedPlanning, status=request, vehicleId=0x7665682d3833, requestedHorizonMs=2500, confidence=100, planning.waypoints=1, offloadTaskId=probe-604, offloadPayload=1024 bytes}"
5g-sender,1783014876512125032,edge4av-real-20260702-multiclient-scalability-run-3,p5g-scale-mqtt-payload-1024-clients-100,scale,guided-planning,mqtt,veh-83,veh-83,rsu-1,p5g-scale-mqtt-payload-1024-clients-100-veh-83-605,ipi-session-1,multiclient-scalability-run-3,veh-83,605,100-clients,default,stationary,unsynced,true,true,clients,100,count,IPI-CooperativeService,1098,1783014876394383107,1783014811678756805,1783014811678808774,1783014876512125032,117.742,,0.052,64833.316,"CooperativeService{guidedPlanning, status=request, vehicleId=0x7665682d3833, requestedHorizonMs=2500, confidence=100, planning.waypoints=1, offloadTaskId=probe-605, offloadPayload=1024 bytes}"
5g-sender,1783014876830285437,edge4av-real-20260702-multiclient-scalability-run-3,p5g-scale-mqtt-payload-1024-clients-100,scale,guided-planning,mqtt,veh-83,veh-83,rsu-1,p5g-scale-mqtt-payload-1024-clients-100-veh-83-606,ipi-session-1,multiclient-scalability-run-3,veh-83,606,100-clients,default,stationary,unsynced,true,true,clients,100,count,IPI-CooperativeService,1098,1783014876712310736,1783014811989220056,1783014811989271650,1783014876830285437,117.975,,0.052,64841.014,"CooperativeService{guidedPlanning, status=request, vehicleId=0x7665682d3833, requestedHorizonMs=2500, confidence=100, planning.waypoints=1, offloadTaskId=probe-606, offloadPayload=1024 bytes}"
5g-sender,1783014877126333039,edge4av-real-20260702-multiclient-scalability-run-3,p5g-scale-mqtt-payload-1024-clients-100,scale,guided-planning,mqtt,veh-83,veh-83,rsu-1,p5g-scale-mqtt-payload-1024-clients-100-veh-83-607,ipi-session-1,multiclient-scalability-run-3,veh-83,607,100-clients,default,stationary,unsynced,true,true,clients,100,count,IPI-CooperativeService,1098,1783014877030513941,1783014812290661640,1783014812290705215,1783014877126333039,95.819,,0.044,64835.628,"CooperativeService{guidedPlanning, status=request, vehicleId=0x7665682d3833, requestedHorizonMs=2500, confidence=100, planning.waypoints=1, offloadTaskId=probe-607, offloadPayload=1024 bytes}"
5g-sender,1783014877440022027,edge4av-real-20260702-multiclient-scalability-run-3,p5g-scale-mqtt-payload-1024-clients-100,scale,guided-planning,mqtt,veh-83,veh-83,rsu-1,p5g-scale-mqtt-payload-1024-clients-100-veh-83-608,ipi-session-1,multiclient-scalability-run-3,veh-83,608,100-clients,default,stationary,unsynced,true,true,clients,100,count,IPI-CooperativeService,1098,1783014877326552439,1783014812600465570,1783014812600509897,1783014877440022027,113.470,,0.044,64839.512,"CooperativeService{guidedPlanning, status=request, vehicleId=0x7665682d3833, requestedHorizonMs=2500, confidence=100, planning.waypoints=1, offloadTaskId=probe-608, offloadPayload=1024 bytes}"
5g-sender,1783014877742838509,edge4av-real-20260702-multiclient-scalability-run-3,p5g-scale-mqtt-payload-1024-clients-100,scale,guided-planning,mqtt,veh-83,veh-83,rsu-1,p5g-scale-mqtt-payload-1024-clients-100-veh-83-609,ipi-session-1,multiclient-scalability-run-3,veh-83,609,100-clients,default,stationary,unsynced,true,true,clients,100,count,IPI-CooperativeService,1098,1783014877640182258,1783014812901178025,1783014812901231006,1783014877742838509,102.656,,0.053,64841.608,"CooperativeService{guidedPlanning, status=request, vehicleId=0x7665682d3833, requestedHorizonMs=2500, confidence=100, planning.waypoints=1, offloadTaskId=probe-609, offloadPayload=1024 bytes}"
5g-sender,1783014878052113085,edge4av-real-20260702-multiclient-scalability-run-3,p5g-scale-mqtt-payload-1024-clients-100,scale,guided-planning,mqtt,veh-83,veh-83,rsu-1,p5g-scale-mqtt-payload-1024-clients-100-veh-83-610,ipi-session-1,multiclient-scalability-run-3,veh-83,610,100-clients,default,stationary,unsynced,true,true,clients,100,count,IPI-CooperativeService,1098,1783014877943010286,1783014813215163338,1783014813215207377,1783014878052113085,109.103,,0.044,64836.906,"CooperativeService{guidedPlanning, status=request, vehicleId=0x7665682d3833, requestedHorizonMs=2500, confidence=100, planning.waypoints=1, offloadTaskId=probe-610, offloadPayload=1024 bytes}"
5g-sender,1783014878348705759,edge4av-real-20260702-multiclient-scalability-run-3,p5g-scale-mqtt-payload-1024-clients-100,scale,guided-planning,mqtt,veh-83,veh-83,rsu-1,p5g-scale-mqtt-payload-1024-clients-100-veh-83-611,ipi-session-1,multiclient-scalability-run-3,veh-83,611,100-clients,default,stationary,unsynced,true,true,clients,100,count,IPI-CooperativeService,1098,1783014878252281788,1783014813513206681,1783014813513250766,1783014878348705759,96.424,,0.044,64835.455,"CooperativeService{guidedPlanning, status=request, vehicleId=0x7665682d3833, requestedHorizonMs=2500, confidence=100, planning.waypoints=1, offloadTaskId=probe-611, offloadPayload=1024 bytes}"
5g-sender,1783014878652170943,edge4av-real-20260702-multiclient-scalability-run-3,p5g-scale-mqtt-payload-1024-clients-100,scale,guided-planning,mqtt,veh-83,veh-83,rsu-1,p5g-scale-mqtt-payload-1024-clients-100-veh-83-612,ipi-session-1,multiclient-scalability-run-3,veh-83,612,100-clients,default,stationary,unsynced,true,true,clients,100,count,IPI-CooperativeService,1098,1783014878549091187,1783014813815513191,1783014813815578241,1783014878652170943,103.080,,0.065,64836.593,"CooperativeService{guidedPlanning, status=request, vehicleId=0x7665682d3833, requestedHorizonMs=2500, confidence=100, planning.waypoints=1, offloadTaskId=probe-612, offloadPayload=1024 bytes}"
5g-sender,1783014878922094307,edge4av-real-20260702-multiclient-scalability-run-3,p5g-scale-mqtt-payload-1024-clients-100,scale,guided-planning,mqtt,veh-83,veh-83,rsu-1,p5g-scale-mqtt-payload-1024-clients-100-veh-83-613,ipi-session-1,multiclient-scalability-run-3,veh-83,613,100-clients,default,stationary,unsynced,true,true,clients,100,count,IPI-CooperativeService,1098,1783014878852371181,1783014814086182044,1783014814086246264,1783014878922094307,69.723,,0.064,64835.848,"CooperativeService{guidedPlanning, status=request, vehicleId=0x7665682d3833, requestedHorizonMs=2500, confidence=100, planning.waypoints=1, offloadTaskId=probe-613, offloadPayload=1024 bytes}"
5g-sender,1783014879180158900,edge4av-real-20260702-multiclient-scalability-run-3,p5g-scale-mqtt-payload-1024-clients-100,scale,guided-planning,mqtt,veh-83,veh-83,rsu-1,p5g-scale-mqtt-payload-1024-clients-100-veh-83-614,ipi-session-1,multiclient-scalability-run-3,veh-83,614,100-clients,default,stationary,unsynced,true,true,clients,100,count,IPI-CooperativeService,1098,1783014879122253303,1783014814344398731,1783014814344442245,1783014879180158900,57.906,,0.044,64835.717,"CooperativeService{guidedPlanning, status=request, vehicleId=0x7665682d3833, requestedHorizonMs=2500, confidence=100, planning.waypoints=1, offloadTaskId=probe-614, offloadPayload=1024 bytes}"
5g-sender,1783014879435163210,edge4av-real-20260702-multiclient-scalability-run-3,p5g-scale-mqtt-payload-1024-clients-100,scale,guided-planning,mqtt,veh-83,veh-83,rsu-1,p5g-scale-mqtt-payload-1024-clients-100-veh-83-615,ipi-session-1,multiclient-scalability-run-3,veh-83,615,100-clients,default,stationary,unsynced,true,true,clients,100,count,IPI-CooperativeService,1098,1783014879380338219,1783014814595379483,1783014814595434639,1783014879435163210,54.825,,0.055,64839.729,"CooperativeService{guidedPlanning, status=request, vehicleId=0x7665682d3833, requestedHorizonMs=2500, confidence=100, planning.waypoints=1, offloadTaskId=probe-615, offloadPayload=1024 bytes}"
5g-sender,1783014879712098152,edge4av-real-20260702-multiclient-scalability-run-3,p5g-scale-mqtt-payload-1024-clients-100,scale,guided-planning,mqtt,veh-83,veh-83,rsu-1,p5g-scale-mqtt-payload-1024-clients-100-veh-83-616,ipi-session-1,multiclient-scalability-run-3,veh-83,616,100-clients,default,stationary,unsynced,true,true,clients,100,count,IPI-CooperativeService,1098,1783014879635380677,1783014814874953103,1783014814875024855,1783014879712098152,76.717,,0.072,64837.073,"CooperativeService{guidedPlanning, status=request, vehicleId=0x7665682d3833, requestedHorizonMs=2500, confidence=100, planning.waypoints=1, offloadTaskId=probe-616, offloadPayload=1024 bytes}"
5g-sender,1783014879978176868,edge4av-real-20260702-multiclient-scalability-run-3,p5g-scale-mqtt-payload-1024-clients-100,scale,guided-planning,mqtt,veh-83,veh-83,rsu-1,p5g-scale-mqtt-payload-1024-clients-100-veh-83-617,ipi-session-1,multiclient-scalability-run-3,veh-83,617,100-clients,default,stationary,unsynced,true,true,clients,100,count,IPI-CooperativeService,1098,1783014879912299169,1783014815145011152,1783014815145055052,1783014879978176868,65.878,,0.044,64833.122,"CooperativeService{guidedPlanning, status=request, vehicleId=0x7665682d3833, requestedHorizonMs=2500, confidence=100, planning.waypoints=1, offloadTaskId=probe-617, offloadPayload=1024 bytes}"
5g-sender,1783014880280141708,edge4av-real-20260702-multiclient-scalability-run-3,p5g-scale-mqtt-payload-1024-clients-100,scale,guided-planning,mqtt,veh-83,veh-83,rsu-1,p5g-scale-mqtt-payload-1024-clients-100-veh-83-618,ipi-session-1,multiclient-scalability-run-3,veh-83,618,100-clients,default,stationary,unsynced,true,true,clients,100,count,IPI-CooperativeService,1098,1783014880178394285,1783014815445522322,1783014815445565805,1783014880280141708,101.747,,0.043,64834.576,"CooperativeService{guidedPlanning, status=request, vehicleId=0x7665682d3833, requestedHorizonMs=2500, confidence=100, planning.waypoints=1, offloadTaskId=probe-618, offloadPayload=1024 bytes}"
5g-sender,1783014880616228892,edge4av-real-20260702-multiclient-scalability-run-3,p5g-scale-mqtt-payload-1024-clients-100,scale,guided-planning,mqtt,veh-83,veh-83,rsu-1,p5g-scale-mqtt-payload-1024-clients-100-veh-83-619,ipi-session-1,multiclient-scalability-run-3,veh-83,619,100-clients,default,stationary,unsynced,true,true,clients,100,count,IPI-CooperativeService,1098,1783014880480400412,1783014815778403376,1783014815778462797,1783014880616228892,135.828,,0.059,64837.766,"CooperativeService{guidedPlanning, status=request, vehicleId=0x7665682d3833, requestedHorizonMs=2500, confidence=100, planning.waypoints=1, offloadTaskId=probe-619, offloadPayload=1024 bytes}"
5g-sender,1783014880932547541,edge4av-real-20260702-multiclient-scalability-run-3,p5g-scale-mqtt-payload-1024-clients-100,scale,guided-planning,mqtt,veh-83,veh-83,rsu-1,p5g-scale-mqtt-payload-1024-clients-100-veh-83-620,ipi-session-1,multiclient-scalability-run-3,veh-83,620,100-clients,default,stationary,unsynced,true,true,clients,100,count,IPI-CooperativeService,1098,1783014880816459360,1783014816099667235,1783014816099711785,1783014880932547541,116.088,,0.045,64832.836,"CooperativeService{guidedPlanning, status=request, vehicleId=0x7665682d3833, requestedHorizonMs=2500, confidence=100, planning.waypoints=1, offloadTaskId=probe-620, offloadPayload=1024 bytes}"
5g-sender,1783014881232382844,edge4av-real-20260702-multiclient-scalability-run-3,p5g-scale-mqtt-payload-1024-clients-100,scale,guided-planning,mqtt,veh-83,veh-83,rsu-1,p5g-scale-mqtt-payload-1024-clients-100-veh-83-621,ipi-session-1,multiclient-scalability-run-3,veh-83,621,100-clients,default,stationary,unsynced,true,true,clients,100,count,IPI-CooperativeService,1098,1783014881132723267,1783014816397599966,1783014816397642677,1783014881232382844,99.660,,0.043,64834.740,"CooperativeService{guidedPlanning, status=request, vehicleId=0x7665682d3833, requestedHorizonMs=2500, confidence=100, planning.waypoints=1, offloadTaskId=probe-621, offloadPayload=1024 bytes}"
5g-sender,1783014881502316278,edge4av-real-20260702-multiclient-scalability-run-3,p5g-scale-mqtt-payload-1024-clients-100,scale,guided-planning,mqtt,veh-83,veh-83,rsu-1,p5g-scale-mqtt-payload-1024-clients-100-veh-83-622,ipi-session-1,multiclient-scalability-run-3,veh-83,622,100-clients,default,stationary,unsynced,true,true,clients,100,count,IPI-CooperativeService,1098,1783014881432562035,1783014816668413602,1783014816668458218,1783014881502316278,69.754,,0.045,64833.858,"CooperativeService{guidedPlanning, status=request, vehicleId=0x7665682d3833, requestedHorizonMs=2500, confidence=100, planning.waypoints=1, offloadTaskId=probe-622, offloadPayload=1024 bytes}"
5g-sender,1783014881796326667,edge4av-real-20260702-multiclient-scalability-run-3,p5g-scale-mqtt-payload-1024-clients-100,scale,guided-planning,mqtt,veh-83,veh-83,rsu-1,p5g-scale-mqtt-payload-1024-clients-100-veh-83-623,ipi-session-1,multiclient-scalability-run-3,veh-83,623,100-clients,default,stationary,unsynced,true,true,clients,100,count,IPI-CooperativeService,1098,1783014881702494124,1783014816959945818,1783014816959989683,1783014881796326667,93.833,,0.044,64836.337,"CooperativeService{guidedPlanning, status=request, vehicleId=0x7665682d3833, requestedHorizonMs=2500, confidence=100, planning.waypoints=1, offloadTaskId=probe-623, offloadPayload=1024 bytes}"
5g-sender,1783014882162235119,edge4av-real-20260702-multiclient-scalability-run-3,p5g-scale-mqtt-payload-1024-clients-100,scale,guided-planning,mqtt,veh-83,veh-83,rsu-1,p5g-scale-mqtt-payload-1024-clients-100-veh-83-624,ipi-session-1,multiclient-scalability-run-3,veh-83,624,100-clients,default,stationary,unsynced,true,true,clients,100,count,IPI-CooperativeService,1098,1783014881996504777,1783014817328794138,1783014817328847241,1783014882162235119,165.730,,0.053,64833.388,"CooperativeService{guidedPlanning, status=request, vehicleId=0x7665682d3833, requestedHorizonMs=2500, confidence=100, planning.waypoints=1, offloadTaskId=probe-624, offloadPayload=1024 bytes}"
5g-sender,1783014882485983211,edge4av-real-20260702-multiclient-scalability-run-3,p5g-scale-mqtt-payload-1024-clients-100,scale,guided-planning,mqtt,veh-83,veh-83,rsu-1,p5g-scale-mqtt-payload-1024-clients-100-veh-83-625,ipi-session-1,multiclient-scalability-run-3,veh-83,625,100-clients,default,stationary,unsynced,true,true,clients,100,count,IPI-CooperativeService,1098,1783014882362462222,1783014817649840525,1783014817649911926,1783014882485983211,123.521,,0.071,64836.071,"CooperativeService{guidedPlanning, status=request, vehicleId=0x7665682d3833, requestedHorizonMs=2500, confidence=100, planning.waypoints=1, offloadTaskId=probe-625, offloadPayload=1024 bytes}"
5g-sender,1783014882804254997,edge4av-real-20260702-multiclient-scalability-run-3,p5g-scale-mqtt-payload-1024-clients-100,scale,guided-planning,mqtt,veh-83,veh-83,rsu-1,p5g-scale-mqtt-payload-1024-clients-100-veh-83-626,ipi-session-1,multiclient-scalability-run-3,veh-83,626,100-clients,default,stationary,unsynced,true,true,clients,100,count,IPI-CooperativeService,1098,1783014882686144001,1783014817970495983,1783014817970544119,1783014882804254997,118.111,,0.048,64833.711,"CooperativeService{guidedPlanning, status=request, vehicleId=0x7665682d3833, requestedHorizonMs=2500, confidence=100, planning.waypoints=1, offloadTaskId=probe-626, offloadPayload=1024 bytes}"
5g-sender,1783014883124264573,edge4av-real-20260702-multiclient-scalability-run-3,p5g-scale-mqtt-payload-1024-clients-100,scale,guided-planning,mqtt,veh-83,veh-83,rsu-1,p5g-scale-mqtt-payload-1024-clients-100-veh-83-627,ipi-session-1,multiclient-scalability-run-3,veh-83,627,100-clients,default,stationary,unsynced,true,true,clients,100,count,IPI-CooperativeService,1098,1783014883004431073,1783014818291772064,1783014818291815406,1783014883124264573,119.834,,0.043,64832.449,"CooperativeService{guidedPlanning, status=request, vehicleId=0x7665682d3833, requestedHorizonMs=2500, confidence=100, planning.waypoints=1, offloadTaskId=probe-627, offloadPayload=1024 bytes}"
5g-sender,1783014883456278528,edge4av-real-20260702-multiclient-scalability-run-3,p5g-scale-mqtt-payload-1024-clients-100,scale,guided-planning,mqtt,veh-83,veh-83,rsu-1,p5g-scale-mqtt-payload-1024-clients-100-veh-83-628,ipi-session-1,multiclient-scalability-run-3,veh-83,628,100-clients,default,stationary,unsynced,true,true,clients,100,count,IPI-CooperativeService,1098,1783014883324469273,1783014818621331548,1783014818621388541,1783014883456278528,131.809,,0.057,64834.890,"CooperativeService{guidedPlanning, status=request, vehicleId=0x7665682d3833, requestedHorizonMs=2500, confidence=100, planning.waypoints=1, offloadTaskId=probe-628, offloadPayload=1024 bytes}"
5g-sender,1783014883812331500,edge4av-real-20260702-multiclient-scalability-run-3,p5g-scale-mqtt-payload-1024-clients-100,scale,guided-planning,mqtt,veh-83,veh-83,rsu-1,p5g-scale-mqtt-payload-1024-clients-100-veh-83-629,ipi-session-1,multiclient-scalability-run-3,veh-83,629,100-clients,default,stationary,unsynced,true,true,clients,100,count,IPI-CooperativeService,1098,1783014883656481849,1783014818972465706,1783014818972524580,1783014883812331500,155.850,,0.059,64839.807,"CooperativeService{guidedPlanning, status=request, vehicleId=0x7665682d3833, requestedHorizonMs=2500, confidence=100, planning.waypoints=1, offloadTaskId=probe-629, offloadPayload=1024 bytes}"
5g-sender,1783014884187637636,edge4av-real-20260702-multiclient-scalability-run-3,p5g-scale-mqtt-payload-1024-clients-100,scale,guided-planning,mqtt,veh-83,veh-83,rsu-1,p5g-scale-mqtt-payload-1024-clients-100-veh-83-630,ipi-session-1,multiclient-scalability-run-3,veh-83,630,100-clients,default,stationary,unsynced,true,true,clients,100,count,IPI-CooperativeService,1098,1783014884012512083,1783014819353174646,1783014819353220148,1783014884187637636,175.126,,0.046,64834.417,"CooperativeService{guidedPlanning, status=request, vehicleId=0x7665682d3833, requestedHorizonMs=2500, confidence=100, planning.waypoints=1, offloadTaskId=probe-630, offloadPayload=1024 bytes}"
5g-sender,1783014884526124398,edge4av-real-20260702-multiclient-scalability-run-3,p5g-scale-mqtt-payload-1024-clients-100,scale,guided-planning,mqtt,veh-83,veh-83,rsu-1,p5g-scale-mqtt-payload-1024-clients-100-veh-83-631,ipi-session-1,multiclient-scalability-run-3,veh-83,631,100-clients,default,stationary,unsynced,true,true,clients,100,count,IPI-CooperativeService,1098,1783014884387852046,1783014819693671875,1783014819693733868,1783014884526124398,138.272,,0.062,64832.391,"CooperativeService{guidedPlanning, status=request, vehicleId=0x7665682d3833, requestedHorizonMs=2500, confidence=100, planning.waypoints=1, offloadTaskId=probe-631, offloadPayload=1024 bytes}"
5g-sender,1783014884837809035,edge4av-real-20260702-multiclient-scalability-run-3,p5g-scale-mqtt-payload-1024-clients-100,scale,guided-planning,mqtt,veh-83,veh-83,rsu-1,p5g-scale-mqtt-payload-1024-clients-100-veh-83-632,ipi-session-1,multiclient-scalability-run-3,veh-83,632,100-clients,default,stationary,unsynced,true,true,clients,100,count,IPI-CooperativeService,1098,1783014884726286414,1783014820005671240,1783014820005715099,1783014884837809035,111.523,,0.044,64832.094,"CooperativeService{guidedPlanning, status=request, vehicleId=0x7665682d3833, requestedHorizonMs=2500, confidence=100, planning.waypoints=1, offloadTaskId=probe-632, offloadPayload=1024 bytes}"
5g-sender,1783014885178177647,edge4av-real-20260702-multiclient-scalability-run-3,p5g-scale-mqtt-payload-1024-clients-100,scale,guided-planning,mqtt,veh-83,veh-83,rsu-1,p5g-scale-mqtt-payload-1024-clients-100-veh-83-633,ipi-session-1,multiclient-scalability-run-3,veh-83,633,100-clients,default,stationary,unsynced,true,true,clients,100,count,IPI-CooperativeService,1098,1783014885038006412,1783014820344547564,1783014820344613492,1783014885178177647,140.171,,0.066,64833.564,"CooperativeService{guidedPlanning, status=request, vehicleId=0x7665682d3833, requestedHorizonMs=2500, confidence=100, planning.waypoints=1, offloadTaskId=probe-633, offloadPayload=1024 bytes}"
5g-sender,1783014885546116255,edge4av-real-20260702-multiclient-scalability-run-3,p5g-scale-mqtt-payload-1024-clients-100,scale,guided-planning,mqtt,veh-83,veh-83,rsu-1,p5g-scale-mqtt-payload-1024-clients-100-veh-83-634,ipi-session-1,multiclient-scalability-run-3,veh-83,634,100-clients,default,stationary,unsynced,true,true,clients,100,count,IPI-CooperativeService,1098,1783014885378373120,1783014820715133430,1783014820715184205,1783014885546116255,167.743,,0.051,64830.932,"CooperativeService{guidedPlanning, status=request, vehicleId=0x7665682d3833, requestedHorizonMs=2500, confidence=100, planning.waypoints=1, offloadTaskId=probe-634, offloadPayload=1024 bytes}"
5g-sender,1783014885900239364,edge4av-real-20260702-multiclient-scalability-run-3,p5g-scale-mqtt-payload-1024-clients-100,scale,guided-planning,mqtt,veh-83,veh-83,rsu-1,p5g-scale-mqtt-payload-1024-clients-100-veh-83-635,ipi-session-1,multiclient-scalability-run-3,veh-83,635,100-clients,default,stationary,unsynced,true,true,clients,100,count,IPI-CooperativeService,1098,1783014885746274335,1783014821066160988,1783014821066204554,1783014885900239364,153.965,,0.044,64834.035,"CooperativeService{guidedPlanning, status=request, vehicleId=0x7665682d3833, requestedHorizonMs=2500, confidence=100, planning.waypoints=1, offloadTaskId=probe-635, offloadPayload=1024 bytes}"
5g-sender,1783014886250174281,edge4av-real-20260702-multiclient-scalability-run-3,p5g-scale-mqtt-payload-1024-clients-100,scale,guided-planning,mqtt,veh-83,veh-83,rsu-1,p5g-scale-mqtt-payload-1024-clients-100-veh-83-636,ipi-session-1,multiclient-scalability-run-3,veh-83,636,100-clients,default,stationary,unsynced,true,true,clients,100,count,IPI-CooperativeService,1098,1783014886100410610,1783014821416152108,1783014821416203312,1783014886250174281,149.764,,0.051,64833.971,"CooperativeService{guidedPlanning, status=request, vehicleId=0x7665682d3833, requestedHorizonMs=2500, confidence=100, planning.waypoints=1, offloadTaskId=probe-636, offloadPayload=1024 bytes}"
5g-sender,1783014886612183065,edge4av-real-20260702-multiclient-scalability-run-3,p5g-scale-mqtt-payload-1024-clients-100,scale,guided-planning,mqtt,veh-83,veh-83,rsu-1,p5g-scale-mqtt-payload-1024-clients-100-veh-83-637,ipi-session-1,multiclient-scalability-run-3,veh-83,637,100-clients,default,stationary,unsynced,true,true,clients,100,count,IPI-CooperativeService,1098,1783014886450478899,1783014821777171567,1783014821777222131,1783014886612183065,161.704,,0.051,64834.961,"CooperativeService{guidedPlanning, status=request, vehicleId=0x7665682d3833, requestedHorizonMs=2500, confidence=100, planning.waypoints=1, offloadTaskId=probe-637, offloadPayload=1024 bytes}"
5g-sender,1783014886942207882,edge4av-real-20260702-multiclient-scalability-run-3,p5g-scale-mqtt-payload-1024-clients-100,scale,guided-planning,mqtt,veh-83,veh-83,rsu-1,p5g-scale-mqtt-payload-1024-clients-100-veh-83-638,ipi-session-1,multiclient-scalability-run-3,veh-83,638,100-clients,default,stationary,unsynced,true,true,clients,100,count,IPI-CooperativeService,1098,1783014886812375681,1783014822107279274,1783014822107363749,1783014886942207882,129.832,,0.084,64834.844,"CooperativeService{guidedPlanning, status=request, vehicleId=0x7665682d3833, requestedHorizonMs=2500, confidence=100, planning.waypoints=1, offloadTaskId=probe-638, offloadPayload=1024 bytes}"
5g-sender,1783014887296261566,edge4av-real-20260702-multiclient-scalability-run-3,p5g-scale-mqtt-payload-1024-clients-100,scale,guided-planning,mqtt,veh-83,veh-83,rsu-1,p5g-scale-mqtt-payload-1024-clients-100-veh-83-639,ipi-session-1,multiclient-scalability-run-3,veh-83,639,100-clients,default,stationary,unsynced,true,true,clients,100,count,IPI-CooperativeService,1098,1783014887142457876,1783014822458042946,1783014822458094346,1783014887296261566,153.804,,0.051,64838.167,"CooperativeService{guidedPlanning, status=request, vehicleId=0x7665682d3833, requestedHorizonMs=2500, confidence=100, planning.waypoints=1, offloadTaskId=probe-639, offloadPayload=1024 bytes}"
5g-sender,1783014887648366813,edge4av-real-20260702-multiclient-scalability-run-3,p5g-scale-mqtt-payload-1024-clients-100,scale,guided-planning,mqtt,veh-83,veh-83,rsu-1,p5g-scale-mqtt-payload-1024-clients-100-veh-83-640,ipi-session-1,multiclient-scalability-run-3,veh-83,640,100-clients,default,stationary,unsynced,true,true,clients,100,count,IPI-CooperativeService,1098,1783014887496467633,1783014822808977898,1783014822809021433,1783014887648366813,151.899,,0.044,64839.345,"CooperativeService{guidedPlanning, status=request, vehicleId=0x7665682d3833, requestedHorizonMs=2500, confidence=100, planning.waypoints=1, offloadTaskId=probe-640, offloadPayload=1024 bytes}"
5g-sender,1783014887962300853,edge4av-real-20260702-multiclient-scalability-run-3,p5g-scale-mqtt-payload-1024-clients-100,scale,guided-planning,mqtt,veh-83,veh-83,rsu-1,p5g-scale-mqtt-payload-1024-clients-100-veh-83-641,ipi-session-1,multiclient-scalability-run-3,veh-83,641,100-clients,default,stationary,unsynced,true,true,clients,100,count,IPI-CooperativeService,1098,1783014887848521782,1783014823129214883,1783014823129267113,1783014887962300853,113.779,,0.052,64833.034,"CooperativeService{guidedPlanning, status=request, vehicleId=0x7665682d3833, requestedHorizonMs=2500, confidence=100, planning.waypoints=1, offloadTaskId=probe-641, offloadPayload=1024 bytes}"
5g-sender,1783014888318408235,edge4av-real-20260702-multiclient-scalability-run-3,p5g-scale-mqtt-payload-1024-clients-100,scale,guided-planning,mqtt,veh-83,veh-83,rsu-1,p5g-scale-mqtt-payload-1024-clients-100-veh-83-642,ipi-session-1,multiclient-scalability-run-3,veh-83,642,100-clients,default,stationary,unsynced,true,true,clients,100,count,IPI-CooperativeService,1098,1783014888162492056,1783014823472069136,1783014823472124058,1783014888318408235,155.916,,0.055,64846.284,"CooperativeService{guidedPlanning, status=request, vehicleId=0x7665682d3833, requestedHorizonMs=2500, confidence=100, planning.waypoints=1, offloadTaskId=probe-642, offloadPayload=1024 bytes}"
5g-sender,1783014888564334307,edge4av-real-20260702-multiclient-scalability-run-3,p5g-scale-mqtt-payload-1024-clients-100,scale,guided-planning,mqtt,veh-83,veh-83,rsu-1,p5g-scale-mqtt-payload-1024-clients-100-veh-83-643,ipi-session-1,multiclient-scalability-run-3,veh-83,643,100-clients,default,stationary,unsynced,true,true,clients,100,count,IPI-CooperativeService,1098,1783014888518600431,1783014823730565328,1783014823730608854,1783014888564334307,45.734,,0.044,64833.725,"CooperativeService{guidedPlanning, status=request, vehicleId=0x7665682d3833, requestedHorizonMs=2500, confidence=100, planning.waypoints=1, offloadTaskId=probe-643, offloadPayload=1024 bytes}"
5g-sender,1783014888840121783,edge4av-real-20260702-multiclient-scalability-run-3,p5g-scale-mqtt-payload-1024-clients-100,scale,guided-planning,mqtt,veh-83,veh-83,rsu-1,p5g-scale-mqtt-payload-1024-clients-100-veh-83-644,ipi-session-1,multiclient-scalability-run-3,veh-83,644,100-clients,default,stationary,unsynced,true,true,clients,100,count,IPI-CooperativeService,1098,1783014888764569770,1783014824001052756,1783014824001100194,1783014888840121783,75.552,,0.047,64839.022,"CooperativeService{guidedPlanning, status=request, vehicleId=0x7665682d3833, requestedHorizonMs=2500, confidence=100, planning.waypoints=1, offloadTaskId=probe-644, offloadPayload=1024 bytes}"
5g-sender,1783014889120081122,edge4av-real-20260702-multiclient-scalability-run-3,p5g-scale-mqtt-payload-1024-clients-100,scale,guided-planning,mqtt,veh-83,veh-83,rsu-1,p5g-scale-mqtt-payload-1024-clients-100-veh-83-645,ipi-session-1,multiclient-scalability-run-3,veh-83,645,100-clients,default,stationary,unsynced,true,true,clients,100,count,IPI-CooperativeService,1098,1783014889040288132,1783014824282616851,1783014824282700289,1783014889120081122,79.793,,0.083,64837.381,"CooperativeService{guidedPlanning, status=request, vehicleId=0x7665682d3833, requestedHorizonMs=2500, confidence=100, planning.waypoints=1, offloadTaskId=probe-645, offloadPayload=1024 bytes}"
5g-sender,1783014889386286022,edge4av-real-20260702-multiclient-scalability-run-3,p5g-scale-mqtt-payload-1024-clients-100,scale,guided-planning,mqtt,veh-83,veh-83,rsu-1,p5g-scale-mqtt-payload-1024-clients-100-veh-83-646,ipi-session-1,multiclient-scalability-run-3,veh-83,646,100-clients,default,stationary,unsynced,true,true,clients,100,count,IPI-CooperativeService,1098,1783014889320271759,1783014824552389336,1783014824552433987,1783014889386286022,66.014,,0.045,64833.852,"CooperativeService{guidedPlanning, status=request, vehicleId=0x7665682d3833, requestedHorizonMs=2500, confidence=100, planning.waypoints=1, offloadTaskId=probe-646, offloadPayload=1024 bytes}"
5g-sender,1783014889710444368,edge4av-real-20260702-multiclient-scalability-run-3,p5g-scale-mqtt-payload-1024-clients-100,scale,guided-planning,mqtt,veh-83,veh-83,rsu-1,p5g-scale-mqtt-payload-1024-clients-100-veh-83-647,ipi-session-1,multiclient-scalability-run-3,veh-83,647,100-clients,default,stationary,unsynced,true,true,clients,100,count,IPI-CooperativeService,1098,1783014889586462614,1783014824873499176,1783014824873542732,1783014889710444368,123.982,,0.044,64836.902,"CooperativeService{guidedPlanning, status=request, vehicleId=0x7665682d3833, requestedHorizonMs=2500, confidence=100, planning.waypoints=1, offloadTaskId=probe-647, offloadPayload=1024 bytes}"
5g-sender,1783014890020095326,edge4av-real-20260702-multiclient-scalability-run-3,p5g-scale-mqtt-payload-1024-clients-100,scale,guided-planning,mqtt,veh-83,veh-83,rsu-1,p5g-scale-mqtt-payload-1024-clients-100-veh-83-648,ipi-session-1,multiclient-scalability-run-3,veh-83,648,100-clients,default,stationary,unsynced,true,true,clients,100,count,IPI-CooperativeService,1098,1783014889910602870,1783014825183730070,1783014825183773220,1783014890020095326,109.492,,0.043,64836.322,"CooperativeService{guidedPlanning, status=request, vehicleId=0x7665682d3833, requestedHorizonMs=2500, confidence=100, planning.waypoints=1, offloadTaskId=probe-648, offloadPayload=1024 bytes}"
5g-sender,1783014890290536996,edge4av-real-20260702-multiclient-scalability-run-3,p5g-scale-mqtt-payload-1024-clients-100,scale,guided-planning,mqtt,veh-83,veh-83,rsu-1,p5g-scale-mqtt-payload-1024-clients-100-veh-83-649,ipi-session-1,multiclient-scalability-run-3,veh-83,649,100-clients,default,stationary,unsynced,true,true,clients,100,count,IPI-CooperativeService,1098,1783014890220256648,1783014825453771297,1783014825453836592,1783014890290536996,70.280,,0.065,64836.700,"CooperativeService{guidedPlanning, status=request, vehicleId=0x7665682d3833, requestedHorizonMs=2500, confidence=100, planning.waypoints=1, offloadTaskId=probe-649, offloadPayload=1024 bytes}"
5g-sender,1783014890628301183,edge4av-real-20260702-multiclient-scalability-run-3,p5g-scale-mqtt-payload-1024-clients-100,scale,guided-planning,mqtt,veh-83,veh-83,rsu-1,p5g-scale-mqtt-payload-1024-clients-100-veh-83-650,ipi-session-1,multiclient-scalability-run-3,veh-83,650,100-clients,default,stationary,unsynced,true,true,clients,100,count,IPI-CooperativeService,1098,1783014890490757949,1783014825794728476,1783014825794771196,1783014890628301183,137.543,,0.043,64833.530,"CooperativeService{guidedPlanning, status=request, vehicleId=0x7665682d3833, requestedHorizonMs=2500, confidence=100, planning.waypoints=1, offloadTaskId=probe-650, offloadPayload=1024 bytes}"
5g-sender,1783014890920208074,edge4av-real-20260702-multiclient-scalability-run-3,p5g-scale-mqtt-payload-1024-clients-100,scale,guided-planning,mqtt,veh-83,veh-83,rsu-1,p5g-scale-mqtt-payload-1024-clients-100-veh-83-651,ipi-session-1,multiclient-scalability-run-3,veh-83,651,100-clients,default,stationary,unsynced,true,true,clients,100,count,IPI-CooperativeService,1098,1783014890828485850,1783014826085290730,1783014826085333043,1783014890920208074,91.722,,0.042,64834.875,"CooperativeService{guidedPlanning, status=request, vehicleId=0x7665682d3833, requestedHorizonMs=2500, confidence=100, planning.waypoints=1, offloadTaskId=probe-651, offloadPayload=1024 bytes}"
5g-sender,1783014891250163347,edge4av-real-20260702-multiclient-scalability-run-3,p5g-scale-mqtt-payload-1024-clients-100,scale,guided-planning,mqtt,veh-83,veh-83,rsu-1,p5g-scale-mqtt-payload-1024-clients-100-veh-83-652,ipi-session-1,multiclient-scalability-run-3,veh-83,652,100-clients,default,stationary,unsynced,true,true,clients,100,count,IPI-CooperativeService,1098,1783014891120372200,1783014826417018025,1783014826417061842,1783014891250163347,129.791,,0.044,64833.102,"CooperativeService{guidedPlanning, status=request, vehicleId=0x7665682d3833, requestedHorizonMs=2500, confidence=100, planning.waypoints=1, offloadTaskId=probe-652, offloadPayload=1024 bytes}"
5g-sender,1783014891592176741,edge4av-real-20260702-multiclient-scalability-run-3,p5g-scale-mqtt-payload-1024-clients-100,scale,guided-planning,mqtt,veh-83,veh-83,rsu-1,p5g-scale-mqtt-payload-1024-clients-100-veh-83-653,ipi-session-1,multiclient-scalability-run-3,veh-83,653,100-clients,default,stationary,unsynced,true,true,clients,100,count,IPI-CooperativeService,1098,1783014891450329692,1783014826755903174,1783014826755945800,1783014891592176741,141.847,,0.043,64836.231,"CooperativeService{guidedPlanning, status=request, vehicleId=0x7665682d3833, requestedHorizonMs=2500, confidence=100, planning.waypoints=1, offloadTaskId=probe-653, offloadPayload=1024 bytes}"
5g-sender,1783014891930383319,edge4av-real-20260702-multiclient-scalability-run-3,p5g-scale-mqtt-payload-1024-clients-100,scale,guided-planning,mqtt,veh-83,veh-83,rsu-1,p5g-scale-mqtt-payload-1024-clients-100-veh-83-654,ipi-session-1,multiclient-scalability-run-3,veh-83,654,100-clients,default,stationary,unsynced,true,true,clients,100,count,IPI-CooperativeService,1098,1783014891792356667,1783014827096524395,1783014827096574728,1783014891930383319,138.027,,0.050,64833.809,"CooperativeService{guidedPlanning, status=request, vehicleId=0x7665682d3833, requestedHorizonMs=2500, confidence=100, planning.waypoints=1, offloadTaskId=probe-654, offloadPayload=1024 bytes}"
5g-sender,1783014892276089263,edge4av-real-20260702-multiclient-scalability-run-3,p5g-scale-mqtt-payload-1024-clients-100,scale,guided-planning,mqtt,veh-83,veh-83,rsu-1,p5g-scale-mqtt-payload-1024-clients-100-veh-83-655,ipi-session-1,multiclient-scalability-run-3,veh-83,655,100-clients,default,stationary,unsynced,true,true,clients,100,count,IPI-CooperativeService,1098,1783014892131826572,1783014827440358945,1783014827440402858,1783014892276089263,144.263,,0.044,64835.686,"CooperativeService{guidedPlanning, status=request, vehicleId=0x7665682d3833, requestedHorizonMs=2500, confidence=100, planning.waypoints=1, offloadTaskId=probe-655, offloadPayload=1024 bytes}"
5g-sender,1783014892586262133,edge4av-real-20260702-multiclient-scalability-run-3,p5g-scale-mqtt-payload-1024-clients-100,scale,guided-planning,mqtt,veh-83,veh-83,rsu-1,p5g-scale-mqtt-payload-1024-clients-100-veh-83-656,ipi-session-1,multiclient-scalability-run-3,veh-83,656,100-clients,default,stationary,unsynced,true,true,clients,100,count,IPI-CooperativeService,1098,1783014892476306416,1783014827748478750,1783014827748523053,1783014892586262133,109.956,,0.044,64837.739,"CooperativeService{guidedPlanning, status=request, vehicleId=0x7665682d3833, requestedHorizonMs=2500, confidence=100, planning.waypoints=1, offloadTaskId=probe-656, offloadPayload=1024 bytes}"
5g-sender,1783014892892938677,edge4av-real-20260702-multiclient-scalability-run-3,p5g-scale-mqtt-payload-1024-clients-100,scale,guided-planning,mqtt,veh-83,veh-83,rsu-1,p5g-scale-mqtt-payload-1024-clients-100-veh-83-657,ipi-session-1,multiclient-scalability-run-3,veh-83,657,100-clients,default,stationary,unsynced,true,true,clients,100,count,IPI-CooperativeService,1098,1783014892786505459,1783014828058413906,1783014828058457489,1783014892892938677,106.433,,0.044,64834.481,"CooperativeService{guidedPlanning, status=request, vehicleId=0x7665682d3833, requestedHorizonMs=2500, confidence=100, planning.waypoints=1, offloadTaskId=probe-657, offloadPayload=1024 bytes}"
5g-sender,1783014893204149227,edge4av-real-20260702-multiclient-scalability-run-3,p5g-scale-mqtt-payload-1024-clients-100,scale,guided-planning,mqtt,veh-83,veh-83,rsu-1,p5g-scale-mqtt-payload-1024-clients-100-veh-83-658,ipi-session-1,multiclient-scalability-run-3,veh-83,658,100-clients,default,stationary,unsynced,true,true,clients,100,count,IPI-CooperativeService,1098,1783014893093132385,1783014828368903131,1783014828368946058,1783014893204149227,111.017,,0.043,64835.203,"CooperativeService{guidedPlanning, status=request, vehicleId=0x7665682d3833, requestedHorizonMs=2500, confidence=100, planning.waypoints=1, offloadTaskId=probe-658, offloadPayload=1024 bytes}"
5g-sender,1783014893523067365,edge4av-real-20260702-multiclient-scalability-run-3,p5g-scale-mqtt-payload-1024-clients-100,scale,guided-planning,mqtt,veh-83,veh-83,rsu-1,p5g-scale-mqtt-payload-1024-clients-100-veh-83-659,ipi-session-1,multiclient-scalability-run-3,veh-83,659,100-clients,default,stationary,unsynced,true,true,clients,100,count,IPI-CooperativeService,1098,1783014893404320846,1783014828681477005,1783014828681533585,1783014893523067365,118.747,,0.057,64841.534,"CooperativeService{guidedPlanning, status=request, vehicleId=0x7665682d3833, requestedHorizonMs=2500, confidence=100, planning.waypoints=1, offloadTaskId=probe-659, offloadPayload=1024 bytes}"
5g-sender,1783014893806369055,edge4av-real-20260702-multiclient-scalability-run-3,p5g-scale-mqtt-payload-1024-clients-100,scale,guided-planning,mqtt,veh-83,veh-83,rsu-1,p5g-scale-mqtt-payload-1024-clients-100-veh-83-660,ipi-session-1,multiclient-scalability-run-3,veh-83,660,100-clients,default,stationary,unsynced,true,true,clients,100,count,IPI-CooperativeService,1098,1783014893723270377,1783014828970258484,1783014828970312653,1783014893806369055,83.099,,0.054,64836.056,"CooperativeService{guidedPlanning, status=request, vehicleId=0x7665682d3833, requestedHorizonMs=2500, confidence=100, planning.waypoints=1, offloadTaskId=probe-660, offloadPayload=1024 bytes}"
5g-sender,1783014894134245056,edge4av-real-20260702-multiclient-scalability-run-3,p5g-scale-mqtt-payload-1024-clients-100,scale,guided-planning,mqtt,veh-83,veh-83,rsu-1,p5g-scale-mqtt-payload-1024-clients-100-veh-83-661,ipi-session-1,multiclient-scalability-run-3,veh-83,661,100-clients,default,stationary,unsynced,true,true,clients,100,count,IPI-CooperativeService,1098,1783014894006526621,1783014829300599560,1783014829300696581,1783014894134245056,127.718,,0.097,64833.548,"CooperativeService{guidedPlanning, status=request, vehicleId=0x7665682d3833, requestedHorizonMs=2500, confidence=100, planning.waypoints=1, offloadTaskId=probe-661, offloadPayload=1024 bytes}"
5g-sender,1783014894436410016,edge4av-real-20260702-multiclient-scalability-run-3,p5g-scale-mqtt-payload-1024-clients-100,scale,guided-planning,mqtt,veh-83,veh-83,rsu-1,p5g-scale-mqtt-payload-1024-clients-100-veh-83-662,ipi-session-1,multiclient-scalability-run-3,veh-83,662,100-clients,default,stationary,unsynced,true,true,clients,100,count,IPI-CooperativeService,1098,1783014894334518313,1783014829602455545,1783014829602511338,1783014894436410016,101.892,,0.056,64833.899,"CooperativeService{guidedPlanning, status=request, vehicleId=0x7665682d3833, requestedHorizonMs=2500, confidence=100, planning.waypoints=1, offloadTaskId=probe-662, offloadPayload=1024 bytes}"
5g-sender,1783014894730396541,edge4av-real-20260702-multiclient-scalability-run-3,p5g-scale-mqtt-payload-1024-clients-100,scale,guided-planning,mqtt,veh-83,veh-83,rsu-1,p5g-scale-mqtt-payload-1024-clients-100-veh-83-663,ipi-session-1,multiclient-scalability-run-3,veh-83,663,100-clients,default,stationary,unsynced,true,true,clients,100,count,IPI-CooperativeService,1098,1783014894636611658,1783014829894295547,1783014829894339275,1783014894730396541,93.785,,0.044,64836.057,"CooperativeService{guidedPlanning, status=request, vehicleId=0x7665682d3833, requestedHorizonMs=2500, confidence=100, planning.waypoints=1, offloadTaskId=probe-663, offloadPayload=1024 bytes}"
5g-sender,1783014895028140281,edge4av-real-20260702-multiclient-scalability-run-3,p5g-scale-mqtt-payload-1024-clients-100,scale,guided-planning,mqtt,veh-83,veh-83,rsu-1,p5g-scale-mqtt-payload-1024-clients-100-veh-83-664,ipi-session-1,multiclient-scalability-run-3,veh-83,664,100-clients,default,stationary,unsynced,true,true,clients,100,count,IPI-CooperativeService,1098,1783014894930592753,1783014830192622362,1783014830192709493,1783014895028140281,97.548,,0.087,64835.431,"CooperativeService{guidedPlanning, status=request, vehicleId=0x7665682d3833, requestedHorizonMs=2500, confidence=100, planning.waypoints=1, offloadTaskId=probe-664, offloadPayload=1024 bytes}"
5g-sender,1783014895338505376,edge4av-real-20260702-multiclient-scalability-run-3,p5g-scale-mqtt-payload-1024-clients-100,scale,guided-planning,mqtt,veh-83,veh-83,rsu-1,p5g-scale-mqtt-payload-1024-clients-100-veh-83-665,ipi-session-1,multiclient-scalability-run-3,veh-83,665,100-clients,default,stationary,unsynced,true,true,clients,100,count,IPI-CooperativeService,1098,1783014895228392934,1783014830504713386,1783014830504774541,1783014895338505376,110.112,,0.061,64833.731,"CooperativeService{guidedPlanning, status=request, vehicleId=0x7665682d3833, requestedHorizonMs=2500, confidence=100, planning.waypoints=1, offloadTaskId=probe-665, offloadPayload=1024 bytes}"
5g-sender,1783014895652188015,edge4av-real-20260702-multiclient-scalability-run-3,p5g-scale-mqtt-payload-1024-clients-100,scale,guided-planning,mqtt,veh-83,veh-83,rsu-1,p5g-scale-mqtt-payload-1024-clients-100-veh-83-666,ipi-session-1,multiclient-scalability-run-3,veh-83,666,100-clients,default,stationary,unsynced,true,true,clients,100,count,IPI-CooperativeService,1098,1783014895538680985,1783014830815633353,1783014830815678060,1783014895652188015,113.507,,0.045,64836.510,"CooperativeService{guidedPlanning, status=request, vehicleId=0x7665682d3833, requestedHorizonMs=2500, confidence=100, planning.waypoints=1, offloadTaskId=probe-666, offloadPayload=1024 bytes}"
5g-sender,1783014895946267358,edge4av-real-20260702-multiclient-scalability-run-3,p5g-scale-mqtt-payload-1024-clients-100,scale,guided-planning,mqtt,veh-83,veh-83,rsu-1,p5g-scale-mqtt-payload-1024-clients-100-veh-83-667,ipi-session-1,multiclient-scalability-run-3,veh-83,667,100-clients,default,stationary,unsynced,true,true,clients,100,count,IPI-CooperativeService,1098,1783014895852388574,1783014831113412497,1783014831113456753,1783014895946267358,93.879,,0.044,64832.811,"CooperativeService{guidedPlanning, status=request, vehicleId=0x7665682d3833, requestedHorizonMs=2500, confidence=100, planning.waypoints=1, offloadTaskId=probe-667, offloadPayload=1024 bytes}"
5g-sender,1783014896200222709,edge4av-real-20260702-multiclient-scalability-run-3,p5g-scale-mqtt-payload-1024-clients-100,scale,guided-planning,mqtt,veh-83,veh-83,rsu-1,p5g-scale-mqtt-payload-1024-clients-100-veh-83-668,ipi-session-1,multiclient-scalability-run-3,veh-83,668,100-clients,default,stationary,unsynced,true,true,clients,100,count,IPI-CooperativeService,1098,1783014896146543871,1783014831364156108,1783014831364209302,1783014896200222709,53.679,,0.053,64836.013,"CooperativeService{guidedPlanning, status=request, vehicleId=0x7665682d3833, requestedHorizonMs=2500, confidence=100, planning.waypoints=1, offloadTaskId=probe-668, offloadPayload=1024 bytes}"
5g-sender,1783014896450407645,edge4av-real-20260702-multiclient-scalability-run-3,p5g-scale-mqtt-payload-1024-clients-100,scale,guided-planning,mqtt,veh-83,veh-83,rsu-1,p5g-scale-mqtt-payload-1024-clients-100-veh-83-669,ipi-session-1,multiclient-scalability-run-3,veh-83,669,100-clients,default,stationary,unsynced,true,true,clients,100,count,IPI-CooperativeService,1098,1783014896400369244,1783014831615190238,1783014831615251928,1783014896450407645,50.038,,0.062,64835.156,"CooperativeService{guidedPlanning, status=request, vehicleId=0x7665682d3833, requestedHorizonMs=2500, confidence=100, planning.waypoints=1, offloadTaskId=probe-669, offloadPayload=1024 bytes}"
5g-sender,1783014896702414403,edge4av-real-20260702-multiclient-scalability-run-3,p5g-scale-mqtt-payload-1024-clients-100,scale,guided-planning,mqtt,veh-83,veh-83,rsu-1,p5g-scale-mqtt-payload-1024-clients-100-veh-83-670,ipi-session-1,multiclient-scalability-run-3,veh-83,670,100-clients,default,stationary,unsynced,true,true,clients,100,count,IPI-CooperativeService,1098,1783014896650568167,1783014831865928007,1783014831865993158,1783014896702414403,51.846,,0.065,64836.421,"CooperativeService{guidedPlanning, status=request, vehicleId=0x7665682d3833, requestedHorizonMs=2500, confidence=100, planning.waypoints=1, offloadTaskId=probe-670, offloadPayload=1024 bytes}"
5g-sender,1783014896942284948,edge4av-real-20260702-multiclient-scalability-run-3,p5g-scale-mqtt-payload-1024-clients-100,scale,guided-planning,mqtt,veh-83,veh-83,rsu-1,p5g-scale-mqtt-payload-1024-clients-100-veh-83-671,ipi-session-1,multiclient-scalability-run-3,veh-83,671,100-clients,default,stationary,unsynced,true,true,clients,100,count,IPI-CooperativeService,1098,1783014896902577808,1783014832107336589,1783014832107380286,1783014896942284948,39.707,,0.044,64834.905,"CooperativeService{guidedPlanning, status=request, vehicleId=0x7665682d3833, requestedHorizonMs=2500, confidence=100, planning.waypoints=1, offloadTaskId=probe-671, offloadPayload=1024 bytes}"
5g-sender,1783014897188392791,edge4av-real-20260702-multiclient-scalability-run-3,p5g-scale-mqtt-payload-1024-clients-100,scale,guided-planning,mqtt,veh-83,veh-83,rsu-1,p5g-scale-mqtt-payload-1024-clients-100-veh-83-672,ipi-session-1,multiclient-scalability-run-3,veh-83,672,100-clients,default,stationary,unsynced,true,true,clients,100,count,IPI-CooperativeService,1098,1783014897142524974,1783014832355384416,1783014832355451224,1783014897188392791,45.868,,0.067,64832.942,"CooperativeService{guidedPlanning, status=request, vehicleId=0x7665682d3833, requestedHorizonMs=2500, confidence=100, planning.waypoints=1, offloadTaskId=probe-672, offloadPayload=1024 bytes}"
5g-sender,1783014897424406166,edge4av-real-20260702-multiclient-scalability-run-3,p5g-scale-mqtt-payload-1024-clients-100,scale,guided-planning,mqtt,veh-83,veh-83,rsu-1,p5g-scale-mqtt-payload-1024-clients-100-veh-83-673,ipi-session-1,multiclient-scalability-run-3,veh-83,673,100-clients,default,stationary,unsynced,true,true,clients,100,count,IPI-CooperativeService,1098,1783014897388556553,1783014832586360906,1783014832586404848,1783014897424406166,35.850,,0.044,64838.001,"CooperativeService{guidedPlanning, status=request, vehicleId=0x7665682d3833, requestedHorizonMs=2500, confidence=100, planning.waypoints=1, offloadTaskId=probe-673, offloadPayload=1024 bytes}"
5g-sender,1783014897676265815,edge4av-real-20260702-multiclient-scalability-run-3,p5g-scale-mqtt-payload-1024-clients-100,scale,guided-planning,mqtt,veh-83,veh-83,rsu-1,p5g-scale-mqtt-payload-1024-clients-100-veh-83-674,ipi-session-1,multiclient-scalability-run-3,veh-83,674,100-clients,default,stationary,unsynced,true,true,clients,100,count,IPI-CooperativeService,1098,1783014897624644187,1783014832839039944,1783014832839109793,1783014897676265815,51.622,,0.070,64837.156,"CooperativeService{guidedPlanning, status=request, vehicleId=0x7665682d3833, requestedHorizonMs=2500, confidence=100, planning.waypoints=1, offloadTaskId=probe-674, offloadPayload=1024 bytes}"
5g-sender,1783014897920224293,edge4av-real-20260702-multiclient-scalability-run-3,p5g-scale-mqtt-payload-1024-clients-100,scale,guided-planning,mqtt,veh-83,veh-83,rsu-1,p5g-scale-mqtt-payload-1024-clients-100-veh-83-675,ipi-session-1,multiclient-scalability-run-3,veh-83,675,100-clients,default,stationary,unsynced,true,true,clients,100,count,IPI-CooperativeService,1098,1783014897876443307,1783014833087092242,1783014833087163524,1783014897920224293,43.781,,0.071,64833.061,"CooperativeService{guidedPlanning, status=request, vehicleId=0x7665682d3833, requestedHorizonMs=2500, confidence=100, planning.waypoints=1, offloadTaskId=probe-675, offloadPayload=1024 bytes}"
5g-sender,1783014898184439311,edge4av-real-20260702-multiclient-scalability-run-3,p5g-scale-mqtt-payload-1024-clients-100,scale,guided-planning,mqtt,veh-83,veh-83,rsu-1,p5g-scale-mqtt-payload-1024-clients-100-veh-83-676,ipi-session-1,multiclient-scalability-run-3,veh-83,676,100-clients,default,stationary,unsynced,true,true,clients,100,count,IPI-CooperativeService,1098,1783014898120376291,1783014833347940673,1783014833347991452,1783014898184439311,64.063,,0.051,64836.448,"CooperativeService{guidedPlanning, status=request, vehicleId=0x7665682d3833, requestedHorizonMs=2500, confidence=100, planning.waypoints=1, offloadTaskId=probe-676, offloadPayload=1024 bytes}"
5g-sender,1783014900560265093,edge4av-real-20260702-multiclient-scalability-run-3,p5g-scale-mqtt-payload-1024-clients-100,scale,guided-planning,mqtt,veh-83,veh-83,rsu-1,p5g-scale-mqtt-payload-1024-clients-100-veh-83-677,ipi-session-1,multiclient-scalability-run-3,veh-83,677,100-clients,default,stationary,unsynced,true,true,clients,100,count,IPI-CooperativeService,1098,1783014898384641230,1783014835722245685,1783014835722291143,1783014900560265093,2175.624,,0.045,64837.974,"CooperativeService{guidedPlanning, status=request, vehicleId=0x7665682d3833, requestedHorizonMs=2500, confidence=100, planning.waypoints=1, offloadTaskId=probe-677, offloadPayload=1024 bytes}"
5g-sender,1783014901586396945,edge4av-real-20260702-multiclient-scalability-run-3,p5g-scale-mqtt-payload-1024-clients-100,scale,guided-planning,mqtt,veh-83,veh-83,rsu-1,p5g-scale-mqtt-payload-1024-clients-100-veh-83-678,ipi-session-1,multiclient-scalability-run-3,veh-83,678,100-clients,default,stationary,unsynced,true,true,clients,100,count,IPI-CooperativeService,1098,1783014900760479039,1783014836753478523,1783014836753522742,1783014901586396945,825.918,,0.044,64832.874,"CooperativeService{guidedPlanning, status=request, vehicleId=0x7665682d3833, requestedHorizonMs=2500, confidence=100, planning.waypoints=1, offloadTaskId=probe-678, offloadPayload=1024 bytes}"
5g-sender,1783014902160195299,edge4av-real-20260702-multiclient-scalability-run-3,p5g-scale-mqtt-payload-1024-clients-100,scale,guided-planning,mqtt,veh-83,veh-83,rsu-1,p5g-scale-mqtt-payload-1024-clients-100-veh-83-679,ipi-session-1,multiclient-scalability-run-3,veh-83,679,100-clients,default,stationary,unsynced,true,true,clients,100,count,IPI-CooperativeService,1098,1783014901786558256,1783014837324341242,1783014837324385167,1783014902160195299,373.637,,0.044,64835.810,"CooperativeService{guidedPlanning, status=request, vehicleId=0x7665682d3833, requestedHorizonMs=2500, confidence=100, planning.waypoints=1, offloadTaskId=probe-679, offloadPayload=1024 bytes}"
5g-sender,1783014902472048292,edge4av-real-20260702-multiclient-scalability-run-3,p5g-scale-mqtt-payload-1024-clients-100,scale,guided-planning,mqtt,veh-83,veh-83,rsu-1,p5g-scale-mqtt-payload-1024-clients-100-veh-83-680,ipi-session-1,multiclient-scalability-run-3,veh-83,680,100-clients,default,stationary,unsynced,true,true,clients,100,count,IPI-CooperativeService,1098,1783014902360453544,1783014837636090767,1783014837636134926,1783014902472048292,111.595,,0.044,64835.913,"CooperativeService{guidedPlanning, status=request, vehicleId=0x7665682d3833, requestedHorizonMs=2500, confidence=100, planning.waypoints=1, offloadTaskId=probe-680, offloadPayload=1024 bytes}"
5g-sender,1783014902810314316,edge4av-real-20260702-multiclient-scalability-run-3,p5g-scale-mqtt-payload-1024-clients-100,scale,guided-planning,mqtt,veh-83,veh-83,rsu-1,p5g-scale-mqtt-payload-1024-clients-100-veh-83-681,ipi-session-1,multiclient-scalability-run-3,veh-83,681,100-clients,default,stationary,unsynced,true,true,clients,100,count,IPI-CooperativeService,1098,1783014902672244204,1783014837976844205,1783014837976887134,1783014902810314316,138.070,,0.043,64833.427,"CooperativeService{guidedPlanning, status=request, vehicleId=0x7665682d3833, requestedHorizonMs=2500, confidence=100, planning.waypoints=1, offloadTaskId=probe-681, offloadPayload=1024 bytes}"
5g-sender,1783014903148310644,edge4av-real-20260702-multiclient-scalability-run-3,p5g-scale-mqtt-payload-1024-clients-100,scale,guided-planning,mqtt,veh-83,veh-83,rsu-1,p5g-scale-mqtt-payload-1024-clients-100-veh-83-682,ipi-session-1,multiclient-scalability-run-3,veh-83,682,100-clients,default,stationary,unsynced,true,true,clients,100,count,IPI-CooperativeService,1098,1783014903010511821,1783014838316586104,1783014838316657623,1783014903148310644,137.799,,0.072,64831.653,"CooperativeService{guidedPlanning, status=request, vehicleId=0x7665682d3833, requestedHorizonMs=2500, confidence=100, planning.waypoints=1, offloadTaskId=probe-682, offloadPayload=1024 bytes}"
5g-sender,1783014903500318715,edge4av-real-20260702-multiclient-scalability-run-3,p5g-scale-mqtt-payload-1024-clients-100,scale,guided-planning,mqtt,veh-83,veh-83,rsu-1,p5g-scale-mqtt-payload-1024-clients-100-veh-83-683,ipi-session-1,multiclient-scalability-run-3,veh-83,683,100-clients,default,stationary,unsynced,true,true,clients,100,count,IPI-CooperativeService,1098,1783014903348489743,1783014838667139948,1783014838667200939,1783014903500318715,151.829,,0.061,64833.118,"CooperativeService{guidedPlanning, status=request, vehicleId=0x7665682d3833, requestedHorizonMs=2500, confidence=100, planning.waypoints=1, offloadTaskId=probe-683, offloadPayload=1024 bytes}"
5g-sender,1783014903880136164,edge4av-real-20260702-multiclient-scalability-run-3,p5g-scale-mqtt-payload-1024-clients-100,scale,guided-planning,mqtt,veh-83,veh-83,rsu-1,p5g-scale-mqtt-payload-1024-clients-100-veh-83-684,ipi-session-1,multiclient-scalability-run-3,veh-83,684,100-clients,default,stationary,unsynced,true,true,clients,100,count,IPI-CooperativeService,1098,1783014903700532944,1783014839037642100,1783014839037685663,1783014903880136164,179.603,,0.044,64842.451,"CooperativeService{guidedPlanning, status=request, vehicleId=0x7665682d3833, requestedHorizonMs=2500, confidence=100, planning.waypoints=1, offloadTaskId=probe-684, offloadPayload=1024 bytes}"
5g-sender,1783014904204305775,edge4av-real-20260702-multiclient-scalability-run-3,p5g-scale-mqtt-payload-1024-clients-100,scale,guided-planning,mqtt,veh-83,veh-83,rsu-1,p5g-scale-mqtt-payload-1024-clients-100-veh-83-685,ipi-session-1,multiclient-scalability-run-3,veh-83,685,100-clients,default,stationary,unsynced,true,true,clients,100,count,IPI-CooperativeService,1098,1783014904080384050,1783014839368371578,1783014839368428893,1783014904204305775,123.922,,0.057,64835.877,"CooperativeService{guidedPlanning, status=request, vehicleId=0x7665682d3833, requestedHorizonMs=2500, confidence=100, planning.waypoints=1, offloadTaskId=probe-685, offloadPayload=1024 bytes}"
5g-sender,1783014904522434546,edge4av-real-20260702-multiclient-scalability-run-3,p5g-scale-mqtt-payload-1024-clients-100,scale,guided-planning,mqtt,veh-83,veh-83,rsu-1,p5g-scale-mqtt-payload-1024-clients-100-veh-83-686,ipi-session-1,multiclient-scalability-run-3,veh-83,686,100-clients,default,stationary,unsynced,true,true,clients,100,count,IPI-CooperativeService,1098,1783014904404582431,1783014839689207354,1783014839689251354,1783014904522434546,117.852,,0.044,64833.183,"CooperativeService{guidedPlanning, status=request, vehicleId=0x7665682d3833, requestedHorizonMs=2500, confidence=100, planning.waypoints=1, offloadTaskId=probe-686, offloadPayload=1024 bytes}"
5g-sender,1783014904862396398,edge4av-real-20260702-multiclient-scalability-run-3,p5g-scale-mqtt-payload-1024-clients-100,scale,guided-planning,mqtt,veh-83,veh-83,rsu-1,p5g-scale-mqtt-payload-1024-clients-100-veh-83-687,ipi-session-1,multiclient-scalability-run-3,veh-83,687,100-clients,default,stationary,unsynced,true,true,clients,100,count,IPI-CooperativeService,1098,1783014904722653112,1783014840030042239,1783014840030091773,1783014904862396398,139.743,,0.050,64832.305,"CooperativeService{guidedPlanning, status=request, vehicleId=0x7665682d3833, requestedHorizonMs=2500, confidence=100, planning.waypoints=1, offloadTaskId=probe-687, offloadPayload=1024 bytes}"
5g-sender,1783014905208405396,edge4av-real-20260702-multiclient-scalability-run-3,p5g-scale-mqtt-payload-1024-clients-100,scale,guided-planning,mqtt,veh-83,veh-83,rsu-1,p5g-scale-mqtt-payload-1024-clients-100-veh-83-688,ipi-session-1,multiclient-scalability-run-3,veh-83,688,100-clients,default,stationary,unsynced,true,true,clients,100,count,IPI-CooperativeService,1098,1783014905062569290,1783014840370928835,1783014840370986549,1783014905208405396,145.836,,0.058,64837.419,"CooperativeService{guidedPlanning, status=request, vehicleId=0x7665682d3833, requestedHorizonMs=2500, confidence=100, planning.waypoints=1, offloadTaskId=probe-688, offloadPayload=1024 bytes}"
5g-sender,1783014905556414848,edge4av-real-20260702-multiclient-scalability-run-3,p5g-scale-mqtt-payload-1024-clients-100,scale,guided-planning,mqtt,veh-83,veh-83,rsu-1,p5g-scale-mqtt-payload-1024-clients-100-veh-83-689,ipi-session-1,multiclient-scalability-run-3,veh-83,689,100-clients,default,stationary,unsynced,true,true,clients,100,count,IPI-CooperativeService,1098,1783014905409763610,1783014840722494608,1783014840722537857,1783014905556414848,146.651,,0.043,64833.877,"CooperativeService{guidedPlanning, status=request, vehicleId=0x7665682d3833, requestedHorizonMs=2500, confidence=100, planning.waypoints=1, offloadTaskId=probe-689, offloadPayload=1024 bytes}"
5g-sender,1783014905914311086,edge4av-real-20260702-multiclient-scalability-run-3,p5g-scale-mqtt-payload-1024-clients-100,scale,guided-planning,mqtt,veh-83,veh-83,rsu-1,p5g-scale-mqtt-payload-1024-clients-100-veh-83-690,ipi-session-1,multiclient-scalability-run-3,veh-83,690,100-clients,default,stationary,unsynced,true,true,clients,100,count,IPI-CooperativeService,1098,1783014905756578589,1783014841080706178,1783014841080763238,1783014905914311086,157.732,,0.057,64833.548,"CooperativeService{guidedPlanning, status=request, vehicleId=0x7665682d3833, requestedHorizonMs=2500, confidence=100, planning.waypoints=1, offloadTaskId=probe-690, offloadPayload=1024 bytes}"
5g-sender,1783014906286485153,edge4av-real-20260702-multiclient-scalability-run-3,p5g-scale-mqtt-payload-1024-clients-100,scale,guided-planning,mqtt,veh-83,veh-83,rsu-1,p5g-scale-mqtt-payload-1024-clients-100-veh-83-691,ipi-session-1,multiclient-scalability-run-3,veh-83,691,100-clients,default,stationary,unsynced,true,true,clients,100,count,IPI-CooperativeService,1098,1783014906114491628,1783014841452170924,1783014841452214785,1783014906286485153,171.994,,0.044,64834.270,"CooperativeService{guidedPlanning, status=request, vehicleId=0x7665682d3833, requestedHorizonMs=2500, confidence=100, planning.waypoints=1, offloadTaskId=probe-691, offloadPayload=1024 bytes}"
5g-sender,1783014906618366797,edge4av-real-20260702-multiclient-scalability-run-3,p5g-scale-mqtt-payload-1024-clients-100,scale,guided-planning,mqtt,veh-83,veh-83,rsu-1,p5g-scale-mqtt-payload-1024-clients-100-veh-83-692,ipi-session-1,multiclient-scalability-run-3,veh-83,692,100-clients,default,stationary,unsynced,true,true,clients,100,count,IPI-CooperativeService,1098,1783014906486762438,1783014841782147462,1783014841782190521,1783014906618366797,131.604,,0.043,64836.176,"CooperativeService{guidedPlanning, status=request, vehicleId=0x7665682d3833, requestedHorizonMs=2500, confidence=100, planning.waypoints=1, offloadTaskId=probe-692, offloadPayload=1024 bytes}"
5g-sender,1783014906948605462,edge4av-real-20260702-multiclient-scalability-run-3,p5g-scale-mqtt-payload-1024-clients-100,scale,guided-planning,mqtt,veh-83,veh-83,rsu-1,p5g-scale-mqtt-payload-1024-clients-100-veh-83-693,ipi-session-1,multiclient-scalability-run-3,veh-83,693,100-clients,default,stationary,unsynced,true,true,clients,100,count,IPI-CooperativeService,1098,1783014906818526245,1783014842113753492,1783014842113797194,1783014906948605462,130.079,,0.044,64834.808,"CooperativeService{guidedPlanning, status=request, vehicleId=0x7665682d3833, requestedHorizonMs=2500, confidence=100, planning.waypoints=1, offloadTaskId=probe-693, offloadPayload=1024 bytes}"
5g-sender,1783014907298408487,edge4av-real-20260702-multiclient-scalability-run-3,p5g-scale-mqtt-payload-1024-clients-100,scale,guided-planning,mqtt,veh-83,veh-83,rsu-1,p5g-scale-mqtt-payload-1024-clients-100-veh-83-694,ipi-session-1,multiclient-scalability-run-3,veh-83,694,100-clients,default,stationary,unsynced,true,true,clients,100,count,IPI-CooperativeService,1098,1783014907149019674,1783014842463811334,1783014842463865851,1783014907298408487,149.389,,0.055,64834.543,"CooperativeService{guidedPlanning, status=request, vehicleId=0x7665682d3833, requestedHorizonMs=2500, confidence=100, planning.waypoints=1, offloadTaskId=probe-694, offloadPayload=1024 bytes}"
5g-sender,1783014907628317074,edge4av-real-20260702-multiclient-scalability-run-3,p5g-scale-mqtt-payload-1024-clients-100,scale,guided-planning,mqtt,veh-83,veh-83,rsu-1,p5g-scale-mqtt-payload-1024-clients-100-veh-83-695,ipi-session-1,multiclient-scalability-run-3,veh-83,695,100-clients,default,stationary,unsynced,true,true,clients,100,count,IPI-CooperativeService,1098,1783014907498571622,1783014842793887003,1783014842793930625,1783014907628317074,129.745,,0.044,64834.386,"CooperativeService{guidedPlanning, status=request, vehicleId=0x7665682d3833, requestedHorizonMs=2500, confidence=100, planning.waypoints=1, offloadTaskId=probe-695, offloadPayload=1024 bytes}"
5g-sender,1783014907952337363,edge4av-real-20260702-multiclient-scalability-run-3,p5g-scale-mqtt-payload-1024-clients-100,scale,guided-planning,mqtt,veh-83,veh-83,rsu-1,p5g-scale-mqtt-payload-1024-clients-100-veh-83-696,ipi-session-1,multiclient-scalability-run-3,veh-83,696,100-clients,default,stationary,unsynced,true,true,clients,100,count,IPI-CooperativeService,1098,1783014907828507789,1783014843116281579,1783014843116325407,1783014907952337363,123.830,,0.044,64836.012,"CooperativeService{guidedPlanning, status=request, vehicleId=0x7665682d3833, requestedHorizonMs=2500, confidence=100, planning.waypoints=1, offloadTaskId=probe-696, offloadPayload=1024 bytes}"
5g-sender,1783014908222326634,edge4av-real-20260702-multiclient-scalability-run-3,p5g-scale-mqtt-payload-1024-clients-100,scale,guided-planning,mqtt,veh-83,veh-83,rsu-1,p5g-scale-mqtt-payload-1024-clients-100-veh-83-697,ipi-session-1,multiclient-scalability-run-3,veh-83,697,100-clients,default,stationary,unsynced,true,true,clients,100,count,IPI-CooperativeService,1098,1783014908152536485,1783014843386214858,1783014843386257250,1783014908222326634,69.790,,0.042,64836.069,"CooperativeService{guidedPlanning, status=request, vehicleId=0x7665682d3833, requestedHorizonMs=2500, confidence=100, planning.waypoints=1, offloadTaskId=probe-697, offloadPayload=1024 bytes}"
5g-sender,1783014908492384911,edge4av-real-20260702-multiclient-scalability-run-3,p5g-scale-mqtt-payload-1024-clients-100,scale,guided-planning,mqtt,veh-83,veh-83,rsu-1,p5g-scale-mqtt-payload-1024-clients-100-veh-83-698,ipi-session-1,multiclient-scalability-run-3,veh-83,698,100-clients,default,stationary,unsynced,true,true,clients,100,count,IPI-CooperativeService,1098,1783014908422515955,1783014843656126321,1783014843656178645,1783014908492384911,69.869,,0.052,64836.206,"CooperativeService{guidedPlanning, status=request, vehicleId=0x7665682d3833, requestedHorizonMs=2500, confidence=100, planning.waypoints=1, offloadTaskId=probe-698, offloadPayload=1024 bytes}"
5g-sender,1783014908778437192,edge4av-real-20260702-multiclient-scalability-run-3,p5g-scale-mqtt-payload-1024-clients-100,scale,guided-planning,mqtt,veh-83,veh-83,rsu-1,p5g-scale-mqtt-payload-1024-clients-100-veh-83-699,ipi-session-1,multiclient-scalability-run-3,veh-83,699,100-clients,default,stationary,unsynced,true,true,clients,100,count,IPI-CooperativeService,1098,1783014908692590636,1783014843945572291,1783014843945622739,1783014908778437192,85.847,,0.050,64832.814,"CooperativeService{guidedPlanning, status=request, vehicleId=0x7665682d3833, requestedHorizonMs=2500, confidence=100, planning.waypoints=1, offloadTaskId=probe-699, offloadPayload=1024 bytes}"
5g-sender,1783014909070414008,edge4av-real-20260702-multiclient-scalability-run-3,p5g-scale-mqtt-payload-1024-clients-100,scale,guided-planning,mqtt,veh-83,veh-83,rsu-1,p5g-scale-mqtt-payload-1024-clients-100-veh-83-700,ipi-session-1,multiclient-scalability-run-3,veh-83,700,100-clients,default,stationary,unsynced,true,true,clients,100,count,IPI-CooperativeService,1098,1783014908978642154,1783014844236245505,1783014844236310125,1783014909070414008,91.772,,0.065,64834.104,"CooperativeService{guidedPlanning, status=request, vehicleId=0x7665682d3833, requestedHorizonMs=2500, confidence=100, planning.waypoints=1, offloadTaskId=probe-700, offloadPayload=1024 bytes}"
5g-sender,1783014909346416694,edge4av-real-20260702-multiclient-scalability-run-3,p5g-scale-mqtt-payload-1024-clients-100,scale,guided-planning,mqtt,veh-83,veh-83,rsu-1,p5g-scale-mqtt-payload-1024-clients-100-veh-83-701,ipi-session-1,multiclient-scalability-run-3,veh-83,701,100-clients,default,stationary,unsynced,true,true,clients,100,count,IPI-CooperativeService,1098,1783014909270640556,1783014844509993752,1783014844510037403,1783014909346416694,75.776,,0.044,64836.379,"CooperativeService{guidedPlanning, status=request, vehicleId=0x7665682d3833, requestedHorizonMs=2500, confidence=100, planning.waypoints=1, offloadTaskId=probe-701, offloadPayload=1024 bytes}"
5g-sender,1783014909612357055,edge4av-real-20260702-multiclient-scalability-run-3,p5g-scale-mqtt-payload-1024-clients-100,scale,guided-planning,mqtt,veh-83,veh-83,rsu-1,p5g-scale-mqtt-payload-1024-clients-100-veh-83-702,ipi-session-1,multiclient-scalability-run-3,veh-83,702,100-clients,default,stationary,unsynced,true,true,clients,100,count,IPI-CooperativeService,1098,1783014909546783074,1783014844778000783,1783014844778044103,1783014909612357055,65.574,,0.043,64834.313,"CooperativeService{guidedPlanning, status=request, vehicleId=0x7665682d3833, requestedHorizonMs=2500, confidence=100, planning.waypoints=1, offloadTaskId=probe-702, offloadPayload=1024 bytes}"
5g-sender,1783014909886442818,edge4av-real-20260702-multiclient-scalability-run-3,p5g-scale-mqtt-payload-1024-clients-100,scale,guided-planning,mqtt,veh-83,veh-83,rsu-1,p5g-scale-mqtt-payload-1024-clients-100-veh-83-703,ipi-session-1,multiclient-scalability-run-3,veh-83,703,100-clients,default,stationary,unsynced,true,true,clients,100,count,IPI-CooperativeService,1098,1783014909812519790,1783014845047768923,1783014845047833353,1783014909886442818,73.923,,0.064,64838.609,"CooperativeService{guidedPlanning, status=request, vehicleId=0x7665682d3833, requestedHorizonMs=2500, confidence=100, planning.waypoints=1, offloadTaskId=probe-703, offloadPayload=1024 bytes}"
5g-sender,1783014910214289820,edge4av-real-20260702-multiclient-scalability-run-3,p5g-scale-mqtt-payload-1024-clients-100,scale,guided-planning,mqtt,veh-83,veh-83,rsu-1,p5g-scale-mqtt-payload-1024-clients-100-veh-83-704,ipi-session-1,multiclient-scalability-run-3,veh-83,704,100-clients,default,stationary,unsynced,true,true,clients,100,count,IPI-CooperativeService,1098,1783014910086602649,1783014845377934560,1783014845377978558,1783014910214289820,127.687,,0.044,64836.311,"CooperativeService{guidedPlanning, status=request, vehicleId=0x7665682d3833, requestedHorizonMs=2500, confidence=100, planning.waypoints=1, offloadTaskId=probe-704, offloadPayload=1024 bytes}"
5g-sender,1783014910498413030,edge4av-real-20260702-multiclient-scalability-run-3,p5g-scale-mqtt-payload-1024-clients-100,scale,guided-planning,mqtt,veh-83,veh-83,rsu-1,p5g-scale-mqtt-payload-1024-clients-100-veh-83-705,ipi-session-1,multiclient-scalability-run-3,veh-83,705,100-clients,default,stationary,unsynced,true,true,clients,100,count,IPI-CooperativeService,1098,1783014910414547982,1783014845659162827,1783014845659206166,1783014910498413030,83.865,,0.043,64839.207,"CooperativeService{guidedPlanning, status=request, vehicleId=0x7665682d3833, requestedHorizonMs=2500, confidence=100, planning.waypoints=1, offloadTaskId=probe-705, offloadPayload=1024 bytes}"
5g-sender,1783014910774463110,edge4av-real-20260702-multiclient-scalability-run-3,p5g-scale-mqtt-payload-1024-clients-100,scale,guided-planning,mqtt,veh-83,veh-83,rsu-1,p5g-scale-mqtt-payload-1024-clients-100-veh-83-706,ipi-session-1,multiclient-scalability-run-3,veh-83,706,100-clients,default,stationary,unsynced,true,true,clients,100,count,IPI-CooperativeService,1098,1783014910698604582,1783014845939727517,1783014845939792620,1783014910774463110,75.859,,0.065,64834.670,"CooperativeService{guidedPlanning, status=request, vehicleId=0x7665682d3833, requestedHorizonMs=2500, confidence=100, planning.waypoints=1, offloadTaskId=probe-706, offloadPayload=1024 bytes}"
5g-sender,1783014911042824924,edge4av-real-20260702-multiclient-scalability-run-3,p5g-scale-mqtt-payload-1024-clients-100,scale,guided-planning,mqtt,veh-83,veh-83,rsu-1,p5g-scale-mqtt-payload-1024-clients-100-veh-83-707,ipi-session-1,multiclient-scalability-run-3,veh-83,707,100-clients,default,stationary,unsynced,true,true,clients,100,count,IPI-CooperativeService,1098,1783014910974729785,1783014846201233391,1783014846201285893,1783014911042824924,68.095,,0.053,64841.539,"CooperativeService{guidedPlanning, status=request, vehicleId=0x7665682d3833, requestedHorizonMs=2500, confidence=100, planning.waypoints=1, offloadTaskId=probe-707, offloadPayload=1024 bytes}"
5g-sender,1783014911316386224,edge4av-real-20260702-multiclient-scalability-run-3,p5g-scale-mqtt-payload-1024-clients-100,scale,guided-planning,mqtt,veh-83,veh-83,rsu-1,p5g-scale-mqtt-payload-1024-clients-100-veh-83-708,ipi-session-1,multiclient-scalability-run-3,veh-83,708,100-clients,default,stationary,unsynced,true,true,clients,100,count,IPI-CooperativeService,1098,1783014911242989211,1783014846480139040,1783014846480183011,1783014911316386224,73.397,,0.044,64836.203,"CooperativeService{guidedPlanning, status=request, vehicleId=0x7665682d3833, requestedHorizonMs=2500, confidence=100, planning.waypoints=1, offloadTaskId=probe-708, offloadPayload=1024 bytes}"
5g-sender,1783014911634447290,edge4av-real-20260702-multiclient-scalability-run-3,p5g-scale-mqtt-payload-1024-clients-100,scale,guided-planning,mqtt,veh-83,veh-83,rsu-1,p5g-scale-mqtt-payload-1024-clients-100-veh-83-709,ipi-session-1,multiclient-scalability-run-3,veh-83,709,100-clients,default,stationary,unsynced,true,true,clients,100,count,IPI-CooperativeService,1098,1783014911516547745,1783014846799504457,1783014846799562130,1783014911634447290,117.900,,0.058,64834.885,"CooperativeService{guidedPlanning, status=request, vehicleId=0x7665682d3833, requestedHorizonMs=2500, confidence=100, planning.waypoints=1, offloadTaskId=probe-709, offloadPayload=1024 bytes}"
5g-sender,1783014911986273358,edge4av-real-20260702-multiclient-scalability-run-3,p5g-scale-mqtt-payload-1024-clients-100,scale,guided-planning,mqtt,veh-83,veh-83,rsu-1,p5g-scale-mqtt-payload-1024-clients-100-veh-83-710,ipi-session-1,multiclient-scalability-run-3,veh-83,710,100-clients,default,stationary,unsynced,true,true,clients,100,count,IPI-CooperativeService,1098,1783014911834625828,1783014847150668893,1783014847150725328,1783014911986273358,151.648,,0.056,64835.548,"CooperativeService{guidedPlanning, status=request, vehicleId=0x7665682d3833, requestedHorizonMs=2500, confidence=100, planning.waypoints=1, offloadTaskId=probe-710, offloadPayload=1024 bytes}"
5g-sender,1783014912344457632,edge4av-real-20260702-multiclient-scalability-run-3,p5g-scale-mqtt-payload-1024-clients-100,scale,guided-planning,mqtt,veh-83,veh-83,rsu-1,p5g-scale-mqtt-payload-1024-clients-100-veh-83-711,ipi-session-1,multiclient-scalability-run-3,veh-83,711,100-clients,default,stationary,unsynced,true,true,clients,100,count,IPI-CooperativeService,1098,1783014912186507106,1783014847510869032,1783014847510920573,1783014912344457632,157.951,,0.052,64833.537,"CooperativeService{guidedPlanning, status=request, vehicleId=0x7665682d3833, requestedHorizonMs=2500, confidence=100, planning.waypoints=1, offloadTaskId=probe-711, offloadPayload=1024 bytes}"
5g-sender,1783014912710229401,edge4av-real-20260702-multiclient-scalability-run-3,p5g-scale-mqtt-payload-1024-clients-100,scale,guided-planning,mqtt,veh-83,veh-83,rsu-1,p5g-scale-mqtt-payload-1024-clients-100-veh-83-712,ipi-session-1,multiclient-scalability-run-3,veh-83,712,100-clients,default,stationary,unsynced,true,true,clients,100,count,IPI-CooperativeService,1098,1783014912544655966,1783014847872854445,1783014847872898269,1783014912710229401,165.573,,0.044,64837.331,"CooperativeService{guidedPlanning, status=request, vehicleId=0x7665682d3833, requestedHorizonMs=2500, confidence=100, planning.waypoints=1, offloadTaskId=probe-712, offloadPayload=1024 bytes}"
5g-sender,1783014913052472595,edge4av-real-20260702-multiclient-scalability-run-3,p5g-scale-mqtt-payload-1024-clients-100,scale,guided-planning,mqtt,veh-83,veh-83,rsu-1,p5g-scale-mqtt-payload-1024-clients-100-veh-83-713,ipi-session-1,multiclient-scalability-run-3,veh-83,713,100-clients,default,stationary,unsynced,true,true,clients,100,count,IPI-CooperativeService,1098,1783014912910395535,1783014848222141561,1783014848222184710,1783014913052472595,142.077,,0.043,64830.288,"CooperativeService{guidedPlanning, status=request, vehicleId=0x7665682d3833, requestedHorizonMs=2500, confidence=100, planning.waypoints=1, offloadTaskId=probe-713, offloadPayload=1024 bytes}"
5g-sender,1783014913346393751,edge4av-real-20260702-multiclient-scalability-run-3,p5g-scale-mqtt-payload-1024-clients-100,scale,guided-planning,mqtt,veh-83,veh-83,rsu-1,p5g-scale-mqtt-payload-1024-clients-100-veh-83-714,ipi-session-1,multiclient-scalability-run-3,veh-83,714,100-clients,default,stationary,unsynced,true,true,clients,100,count,IPI-CooperativeService,1098,1783014913252632299,1783014848512222651,1783014848512265630,1783014913346393751,93.761,,0.043,64834.128,"CooperativeService{guidedPlanning, status=request, vehicleId=0x7665682d3833, requestedHorizonMs=2500, confidence=100, planning.waypoints=1, offloadTaskId=probe-714, offloadPayload=1024 bytes}"
5g-sender,1783014913710261596,edge4av-real-20260702-multiclient-scalability-run-3,p5g-scale-mqtt-payload-1024-clients-100,scale,guided-planning,mqtt,veh-83,veh-83,rsu-1,p5g-scale-mqtt-payload-1024-clients-100-veh-83-715,ipi-session-1,multiclient-scalability-run-3,veh-83,715,100-clients,default,stationary,unsynced,true,true,clients,100,count,IPI-CooperativeService,1098,1783014913546562878,1783014848873194901,1783014848873259971,1783014913710261596,163.699,,0.065,64837.002,"CooperativeService{guidedPlanning, status=request, vehicleId=0x7665682d3833, requestedHorizonMs=2500, confidence=100, planning.waypoints=1, offloadTaskId=probe-715, offloadPayload=1024 bytes}"
5g-sender,1783014914008395682,edge4av-real-20260702-multiclient-scalability-run-3,p5g-scale-mqtt-payload-1024-clients-100,scale,guided-planning,mqtt,veh-83,veh-83,rsu-1,p5g-scale-mqtt-payload-1024-clients-100-veh-83-716,ipi-session-1,multiclient-scalability-run-3,veh-83,716,100-clients,default,stationary,unsynced,true,true,clients,100,count,IPI-CooperativeService,1098,1783014913910448017,1783014849174198955,1783014849174242163,1783014914008395682,97.948,,0.043,64834.154,"CooperativeService{guidedPlanning, status=request, vehicleId=0x7665682d3833, requestedHorizonMs=2500, confidence=100, planning.waypoints=1, offloadTaskId=probe-716, offloadPayload=1024 bytes}"
5g-sender,1783014914340244245,edge4av-real-20260702-multiclient-scalability-run-3,p5g-scale-mqtt-payload-1024-clients-100,scale,guided-planning,mqtt,veh-83,veh-83,rsu-1,p5g-scale-mqtt-payload-1024-clients-100-veh-83-717,ipi-session-1,multiclient-scalability-run-3,veh-83,717,100-clients,default,stationary,unsynced,true,true,clients,100,count,IPI-CooperativeService,1098,1783014914208617664,1783014849504463341,1783014849504520479,1783014914340244245,131.627,,0.057,64835.724,"CooperativeService{guidedPlanning, status=request, vehicleId=0x7665682d3833, requestedHorizonMs=2500, confidence=100, planning.waypoints=1, offloadTaskId=probe-717, offloadPayload=1024 bytes}"
5g-sender,1783014914648431578,edge4av-real-20260702-multiclient-scalability-run-3,p5g-scale-mqtt-payload-1024-clients-100,scale,guided-planning,mqtt,veh-83,veh-83,rsu-1,p5g-scale-mqtt-payload-1024-clients-100-veh-83-718,ipi-session-1,multiclient-scalability-run-3,veh-83,718,100-clients,default,stationary,unsynced,true,true,clients,100,count,IPI-CooperativeService,1098,1783014914540368705,1783014849815765557,1783014849815822817,1783014914648431578,108.063,,0.057,64832.609,"CooperativeService{guidedPlanning, status=request, vehicleId=0x7665682d3833, requestedHorizonMs=2500, confidence=100, planning.waypoints=1, offloadTaskId=probe-718, offloadPayload=1024 bytes}"
5g-sender,1783014914972334418,edge4av-real-20260702-multiclient-scalability-run-3,p5g-scale-mqtt-payload-1024-clients-100,scale,guided-planning,mqtt,veh-83,veh-83,rsu-1,p5g-scale-mqtt-payload-1024-clients-100-veh-83-719,ipi-session-1,multiclient-scalability-run-3,veh-83,719,100-clients,default,stationary,unsynced,true,true,clients,100,count,IPI-CooperativeService,1098,1783014914848610329,1783014850136742560,1783014850136785752,1783014914972334418,123.724,,0.043,64835.549,"CooperativeService{guidedPlanning, status=request, vehicleId=0x7665682d3833, requestedHorizonMs=2500, confidence=100, planning.waypoints=1, offloadTaskId=probe-719, offloadPayload=1024 bytes}"
5g-sender,1783014915320220454,edge4av-real-20260702-multiclient-scalability-run-3,p5g-scale-mqtt-payload-1024-clients-100,scale,guided-planning,mqtt,veh-83,veh-83,rsu-1,p5g-scale-mqtt-payload-1024-clients-100-veh-83-720,ipi-session-1,multiclient-scalability-run-3,veh-83,720,100-clients,default,stationary,unsynced,true,true,clients,100,count,IPI-CooperativeService,1098,1783014915172532046,1783014850487759111,1783014850487807106,1783014915320220454,147.688,,0.048,64832.413,"CooperativeService{guidedPlanning, status=request, vehicleId=0x7665682d3833, requestedHorizonMs=2500, confidence=100, planning.waypoints=1, offloadTaskId=probe-720, offloadPayload=1024 bytes}"
5g-sender,1783014915692282432,edge4av-real-20260702-multiclient-scalability-run-3,p5g-scale-mqtt-payload-1024-clients-100,scale,guided-planning,mqtt,veh-83,veh-83,rsu-1,p5g-scale-mqtt-payload-1024-clients-100-veh-83-721,ipi-session-1,multiclient-scalability-run-3,veh-83,721,100-clients,default,stationary,unsynced,true,true,clients,100,count,IPI-CooperativeService,1098,1783014915520603034,1783014850857708860,1783014850857779114,1783014915692282432,171.679,,0.070,64834.503,"CooperativeService{guidedPlanning, status=request, vehicleId=0x7665682d3833, requestedHorizonMs=2500, confidence=100, planning.waypoints=1, offloadTaskId=probe-721, offloadPayload=1024 bytes}"
5g-sender,1783014915994245014,edge4av-real-20260702-multiclient-scalability-run-3,p5g-scale-mqtt-payload-1024-clients-100,scale,guided-planning,mqtt,veh-83,veh-83,rsu-1,p5g-scale-mqtt-payload-1024-clients-100-veh-83-722,ipi-session-1,multiclient-scalability-run-3,veh-83,722,100-clients,default,stationary,unsynced,true,true,clients,100,count,IPI-CooperativeService,1098,1783014915892460566,1783014851160646946,1783014851160743767,1783014915994245014,101.784,,0.097,64833.501,"CooperativeService{guidedPlanning, status=request, vehicleId=0x7665682d3833, requestedHorizonMs=2500, confidence=100, planning.waypoints=1, offloadTaskId=probe-722, offloadPayload=1024 bytes}"
5g-sender,1783014916304221976,edge4av-real-20260702-multiclient-scalability-run-3,p5g-scale-mqtt-payload-1024-clients-100,scale,guided-planning,mqtt,veh-83,veh-83,rsu-1,p5g-scale-mqtt-payload-1024-clients-100-veh-83-723,ipi-session-1,multiclient-scalability-run-3,veh-83,723,100-clients,default,stationary,unsynced,true,true,clients,100,count,IPI-CooperativeService,1098,1783014916194466652,1783014851467887332,1783014851467931323,1783014916304221976,109.755,,0.044,64836.291,"CooperativeService{guidedPlanning, status=request, vehicleId=0x7665682d3833, requestedHorizonMs=2500, confidence=100, planning.waypoints=1, offloadTaskId=probe-723, offloadPayload=1024 bytes}"
5g-sender,1783014916632309276,edge4av-real-20260702-multiclient-scalability-run-3,p5g-scale-mqtt-payload-1024-clients-100,scale,guided-planning,mqtt,veh-83,veh-83,rsu-1,p5g-scale-mqtt-payload-1024-clients-100-veh-83-724,ipi-session-1,multiclient-scalability-run-3,veh-83,724,100-clients,default,stationary,unsynced,true,true,clients,100,count,IPI-CooperativeService,1098,1783014916504372016,1783014851799103835,1783014851799158797,1783014916632309276,127.937,,0.055,64833.150,"CooperativeService{guidedPlanning, status=request, vehicleId=0x7665682d3833, requestedHorizonMs=2500, confidence=100, planning.waypoints=1, offloadTaskId=probe-724, offloadPayload=1024 bytes}"
5g-sender,1783014916884411520,edge4av-real-20260702-multiclient-scalability-run-3,p5g-scale-mqtt-payload-1024-clients-100,scale,guided-planning,mqtt,veh-83,veh-83,rsu-1,p5g-scale-mqtt-payload-1024-clients-100-veh-83-725,ipi-session-1,multiclient-scalability-run-3,veh-83,725,100-clients,default,stationary,unsynced,true,true,clients,100,count,IPI-CooperativeService,1098,1783014916832470967,1783014852049493492,1783014852049537158,1783014916884411520,51.941,,0.044,64834.874,"CooperativeService{guidedPlanning, status=request, vehicleId=0x7665682d3833, requestedHorizonMs=2500, confidence=100, planning.waypoints=1, offloadTaskId=probe-725, offloadPayload=1024 bytes}"
5g-sender,1783014917162397412,edge4av-real-20260702-multiclient-scalability-run-3,p5g-scale-mqtt-payload-1024-clients-100,scale,guided-planning,mqtt,veh-83,veh-83,rsu-1,p5g-scale-mqtt-payload-1024-clients-100-veh-83-726,ipi-session-1,multiclient-scalability-run-3,veh-83,726,100-clients,default,stationary,unsynced,true,true,clients,100,count,IPI-CooperativeService,1098,1783014917084579020,1783014852329348945,1783014852329392459,1783014917162397412,77.818,,0.044,64833.005,"CooperativeService{guidedPlanning, status=request, vehicleId=0x7665682d3833, requestedHorizonMs=2500, confidence=100, planning.waypoints=1, offloadTaskId=probe-726, offloadPayload=1024 bytes}"
5g-sender,1783014917504407697,edge4av-real-20260702-multiclient-scalability-run-3,p5g-scale-mqtt-payload-1024-clients-100,scale,guided-planning,mqtt,veh-83,veh-83,rsu-1,p5g-scale-mqtt-payload-1024-clients-100-veh-83-727,ipi-session-1,multiclient-scalability-run-3,veh-83,727,100-clients,default,stationary,unsynced,true,true,clients,100,count,IPI-CooperativeService,1098,1783014917362562293,1783014852669570181,1783014852669627452,1783014917504407697,141.845,,0.057,64834.780,"CooperativeService{guidedPlanning, status=request, vehicleId=0x7665682d3833, requestedHorizonMs=2500, confidence=100, planning.waypoints=1, offloadTaskId=probe-727, offloadPayload=1024 bytes}"
5g-sender,1783014917816517415,edge4av-real-20260702-multiclient-scalability-run-3,p5g-scale-mqtt-payload-1024-clients-100,scale,guided-planning,mqtt,veh-83,veh-83,rsu-1,p5g-scale-mqtt-payload-1024-clients-100-veh-83-728,ipi-session-1,multiclient-scalability-run-3,veh-83,728,100-clients,default,stationary,unsynced,true,true,clients,100,count,IPI-CooperativeService,1098,1783014917704595995,1783014852983552929,1783014852983597021,1783014917816517415,111.921,,0.044,64832.920,"CooperativeService{guidedPlanning, status=request, vehicleId=0x7665682d3833, requestedHorizonMs=2500, confidence=100, planning.waypoints=1, offloadTaskId=probe-728, offloadPayload=1024 bytes}"
5g-sender,1783014918064408597,edge4av-real-20260702-multiclient-scalability-run-3,p5g-scale-mqtt-payload-1024-clients-100,scale,guided-planning,mqtt,veh-83,veh-83,rsu-1,p5g-scale-mqtt-payload-1024-clients-100-veh-83-729,ipi-session-1,multiclient-scalability-run-3,veh-83,729,100-clients,default,stationary,unsynced,true,true,clients,100,count,IPI-CooperativeService,1098,1783014918016762132,1783014853231579370,1783014853231622868,1783014918064408597,47.646,,0.043,64832.786,"CooperativeService{guidedPlanning, status=request, vehicleId=0x7665682d3833, requestedHorizonMs=2500, confidence=100, planning.waypoints=1, offloadTaskId=probe-729, offloadPayload=1024 bytes}"
5g-sender,1783014918336401594,edge4av-real-20260702-multiclient-scalability-run-3,p5g-scale-mqtt-payload-1024-clients-100,scale,guided-planning,mqtt,veh-83,veh-83,rsu-1,p5g-scale-mqtt-payload-1024-clients-100-veh-83-730,ipi-session-1,multiclient-scalability-run-3,veh-83,730,100-clients,default,stationary,unsynced,true,true,clients,100,count,IPI-CooperativeService,1098,1783014918264602525,1783014853501123464,1783014853501136079,1783014918336401594,71.799,,0.013,64835.266,"CooperativeService{guidedPlanning, status=request, vehicleId=0x7665682d3833, requestedHorizonMs=2500, confidence=100, planning.waypoints=1, offloadTaskId=probe-730, offloadPayload=1024 bytes}"
5g-sender,1783014918610382206,edge4av-real-20260702-multiclient-scalability-run-3,p5g-scale-mqtt-payload-1024-clients-100,scale,guided-planning,mqtt,veh-83,veh-83,rsu-1,p5g-scale-mqtt-payload-1024-clients-100-veh-83-731,ipi-session-1,multiclient-scalability-run-3,veh-83,731,100-clients,default,stationary,unsynced,true,true,clients,100,count,IPI-CooperativeService,1098,1783014918536595005,1783014853772572144,1783014853772616328,1783014918610382206,73.787,,0.044,64837.766,"CooperativeService{guidedPlanning, status=request, vehicleId=0x7665682d3833, requestedHorizonMs=2500, confidence=100, planning.waypoints=1, offloadTaskId=probe-731, offloadPayload=1024 bytes}"
5g-sender,1783014918880236340,edge4av-real-20260702-multiclient-scalability-run-3,p5g-scale-mqtt-payload-1024-clients-100,scale,guided-planning,mqtt,veh-83,veh-83,rsu-1,p5g-scale-mqtt-payload-1024-clients-100-veh-83-732,ipi-session-1,multiclient-scalability-run-3,veh-83,732,100-clients,default,stationary,unsynced,true,true,clients,100,count,IPI-CooperativeService,1098,1783014918810617523,1783014854045146044,1783014854045189849,1783014918880236340,69.619,,0.044,64835.046,"CooperativeService{guidedPlanning, status=request, vehicleId=0x7665682d3833, requestedHorizonMs=2500, confidence=100, planning.waypoints=1, offloadTaskId=probe-732, offloadPayload=1024 bytes}"
5g-sender,1783014919150285960,edge4av-real-20260702-multiclient-scalability-run-3,p5g-scale-mqtt-payload-1024-clients-100,scale,guided-planning,mqtt,veh-83,veh-83,rsu-1,p5g-scale-mqtt-payload-1024-clients-100-veh-83-733,ipi-session-1,multiclient-scalability-run-3,veh-83,733,100-clients,default,stationary,unsynced,true,true,clients,100,count,IPI-CooperativeService,1098,1783014919080469431,1783014854315091380,1783014854315161401,1783014919150285960,69.817,,0.070,64835.125,"CooperativeService{guidedPlanning, status=request, vehicleId=0x7665682d3833, requestedHorizonMs=2500, confidence=100, planning.waypoints=1, offloadTaskId=probe-733, offloadPayload=1024 bytes}"
5g-sender,1783014919448479996,edge4av-real-20260702-multiclient-scalability-run-3,p5g-scale-mqtt-payload-1024-clients-100,scale,guided-planning,mqtt,veh-83,veh-83,rsu-1,p5g-scale-mqtt-payload-1024-clients-100-veh-83-734,ipi-session-1,multiclient-scalability-run-3,veh-83,734,100-clients,default,stationary,unsynced,true,true,clients,100,count,IPI-CooperativeService,1098,1783014919350502198,1783014854614409480,1783014854614452854,1783014919448479996,97.978,,0.043,64834.027,"CooperativeService{guidedPlanning, status=request, vehicleId=0x7665682d3833, requestedHorizonMs=2500, confidence=100, planning.waypoints=1, offloadTaskId=probe-734, offloadPayload=1024 bytes}"
5g-sender,1783014919702633737,edge4av-real-20260702-multiclient-scalability-run-3,p5g-scale-mqtt-payload-1024-clients-100,scale,guided-planning,mqtt,veh-83,veh-83,rsu-1,p5g-scale-mqtt-payload-1024-clients-100-veh-83-735,ipi-session-1,multiclient-scalability-run-3,veh-83,735,100-clients,default,stationary,unsynced,true,true,clients,100,count,IPI-CooperativeService,1098,1783014919648772738,1783014854863689224,1783014854863752969,1783014919702633737,53.861,,0.064,64838.881,"CooperativeService{guidedPlanning, status=request, vehicleId=0x7665682d3833, requestedHorizonMs=2500, confidence=100, planning.waypoints=1, offloadTaskId=probe-735, offloadPayload=1024 bytes}"
5g-sender,1783014919958308935,edge4av-real-20260702-multiclient-scalability-run-3,p5g-scale-mqtt-payload-1024-clients-100,scale,guided-planning,mqtt,veh-83,veh-83,rsu-1,p5g-scale-mqtt-payload-1024-clients-100-veh-83-736,ipi-session-1,multiclient-scalability-run-3,veh-83,736,100-clients,default,stationary,unsynced,true,true,clients,100,count,IPI-CooperativeService,1098,1783014919903162428,1783014855123860159,1783014855123914614,1783014919958308935,55.147,,0.054,64834.394,"CooperativeService{guidedPlanning, status=request, vehicleId=0x7665682d3833, requestedHorizonMs=2500, confidence=100, planning.waypoints=1, offloadTaskId=probe-736, offloadPayload=1024 bytes}"
5g-sender,1783014920210187625,edge4av-real-20260702-multiclient-scalability-run-3,p5g-scale-mqtt-payload-1024-clients-100,scale,guided-planning,mqtt,veh-83,veh-83,rsu-1,p5g-scale-mqtt-payload-1024-clients-100-veh-83-737,ipi-session-1,multiclient-scalability-run-3,veh-83,737,100-clients,default,stationary,unsynced,true,true,clients,100,count,IPI-CooperativeService,1098,1783014920158476828,1783014855374197872,1783014855374253773,1783014920210187625,51.711,,0.056,64835.934,"CooperativeService{guidedPlanning, status=request, vehicleId=0x7665682d3833, requestedHorizonMs=2500, confidence=100, planning.waypoints=1, offloadTaskId=probe-737, offloadPayload=1024 bytes}"
5g-sender,1783014920542238653,edge4av-real-20260702-multiclient-scalability-run-3,p5g-scale-mqtt-payload-1024-clients-100,scale,guided-planning,mqtt,veh-83,veh-83,rsu-1,p5g-scale-mqtt-payload-1024-clients-100-veh-83-738,ipi-session-1,multiclient-scalability-run-3,veh-83,738,100-clients,default,stationary,unsynced,true,true,clients,100,count,IPI-CooperativeService,1098,1783014920410373523,1783014855705907851,1783014855705964991,1783014920542238653,131.865,,0.057,64836.274,"CooperativeService{guidedPlanning, status=request, vehicleId=0x7665682d3833, requestedHorizonMs=2500, confidence=100, planning.waypoints=1, offloadTaskId=probe-738, offloadPayload=1024 bytes}"
5g-sender,1783014920906775518,edge4av-real-20260702-multiclient-scalability-run-3,p5g-scale-mqtt-payload-1024-clients-100,scale,guided-planning,mqtt,veh-83,veh-83,rsu-1,p5g-scale-mqtt-payload-1024-clients-100-veh-83-739,ipi-session-1,multiclient-scalability-run-3,veh-83,739,100-clients,default,stationary,unsynced,true,true,clients,100,count,IPI-CooperativeService,1098,1783014920742380526,1783014856065975847,1783014856066031432,1783014920906775518,164.395,,0.056,64840.744,"CooperativeService{guidedPlanning, status=request, vehicleId=0x7665682d3833, requestedHorizonMs=2500, confidence=100, planning.waypoints=1, offloadTaskId=probe-739, offloadPayload=1024 bytes}"
5g-sender,1783014921200410586,edge4av-real-20260702-multiclient-scalability-run-3,p5g-scale-mqtt-payload-1024-clients-100,scale,guided-planning,mqtt,veh-83,veh-83,rsu-1,p5g-scale-mqtt-payload-1024-clients-100-veh-83-740,ipi-session-1,multiclient-scalability-run-3,veh-83,740,100-clients,default,stationary,unsynced,true,true,clients,100,count,IPI-CooperativeService,1098,1783014921106944952,1783014856367546016,1783014856367605419,1783014921200410586,93.466,,0.059,64832.805,"CooperativeService{guidedPlanning, status=request, vehicleId=0x7665682d3833, requestedHorizonMs=2500, confidence=100, planning.waypoints=1, offloadTaskId=probe-740, offloadPayload=1024 bytes}"
5g-sender,1783014921504271464,edge4av-real-20260702-multiclient-scalability-run-3,p5g-scale-mqtt-payload-1024-clients-100,scale,guided-planning,mqtt,veh-83,veh-83,rsu-1,p5g-scale-mqtt-payload-1024-clients-100-veh-83-741,ipi-session-1,multiclient-scalability-run-3,veh-83,741,100-clients,default,stationary,unsynced,true,true,clients,100,count,IPI-CooperativeService,1098,1783014921400615994,1783014856668320490,1783014856668364422,1783014921504271464,103.655,,0.044,64835.907,"CooperativeService{guidedPlanning, status=request, vehicleId=0x7665682d3833, requestedHorizonMs=2500, confidence=100, planning.waypoints=1, offloadTaskId=probe-741, offloadPayload=1024 bytes}"
5g-sender,1783014921800319391,edge4av-real-20260702-multiclient-scalability-run-3,p5g-scale-mqtt-payload-1024-clients-100,scale,guided-planning,mqtt,veh-83,veh-83,rsu-1,p5g-scale-mqtt-payload-1024-clients-100-veh-83-742,ipi-session-1,multiclient-scalability-run-3,veh-83,742,100-clients,default,stationary,unsynced,true,true,clients,100,count,IPI-CooperativeService,1098,1783014921704447644,1783014856967439591,1783014856967483159,1783014921800319391,95.872,,0.044,64832.836,"CooperativeService{guidedPlanning, status=request, vehicleId=0x7665682d3833, requestedHorizonMs=2500, confidence=100, planning.waypoints=1, offloadTaskId=probe-742, offloadPayload=1024 bytes}"
5g-sender,1783014922120272393,edge4av-real-20260702-multiclient-scalability-run-3,p5g-scale-mqtt-payload-1024-clients-100,scale,guided-planning,mqtt,veh-83,veh-83,rsu-1,p5g-scale-mqtt-payload-1024-clients-100-veh-83-743,ipi-session-1,multiclient-scalability-run-3,veh-83,743,100-clients,default,stationary,unsynced,true,true,clients,100,count,IPI-CooperativeService,1098,1783014922000511369,1783014857276853175,1783014857276904258,1783014922120272393,119.761,,0.051,64843.368,"CooperativeService{guidedPlanning, status=request, vehicleId=0x7665682d3833, requestedHorizonMs=2500, confidence=100, planning.waypoints=1, offloadTaskId=probe-743, offloadPayload=1024 bytes}"
5g-sender,1783014922474434349,edge4av-real-20260702-multiclient-scalability-run-3,p5g-scale-mqtt-payload-1024-clients-100,scale,guided-planning,mqtt,veh-83,veh-83,rsu-1,p5g-scale-mqtt-payload-1024-clients-100-veh-83-744,ipi-session-1,multiclient-scalability-run-3,veh-83,744,100-clients,default,stationary,unsynced,true,true,clients,100,count,IPI-CooperativeService,1098,1783014922320475656,1783014857627718551,1783014857627761959,1783014922474434349,153.959,,0.043,64846.672,"CooperativeService{guidedPlanning, status=request, vehicleId=0x7665682d3833, requestedHorizonMs=2500, confidence=100, planning.waypoints=1, offloadTaskId=probe-744, offloadPayload=1024 bytes}"
5g-sender,1783014922816422530,edge4av-real-20260702-multiclient-scalability-run-3,p5g-scale-mqtt-payload-1024-clients-100,scale,guided-planning,mqtt,veh-83,veh-83,rsu-1,p5g-scale-mqtt-payload-1024-clients-100-veh-83-745,ipi-session-1,multiclient-scalability-run-3,veh-83,745,100-clients,default,stationary,unsynced,true,true,clients,100,count,IPI-CooperativeService,1098,1783014922674652770,1783014857978481948,1783014857978525839,1783014922816422530,141.770,,0.044,64837.897,"CooperativeService{guidedPlanning, status=request, vehicleId=0x7665682d3833, requestedHorizonMs=2500, confidence=100, planning.waypoints=1, offloadTaskId=probe-745, offloadPayload=1024 bytes}"
5g-sender,1783014923146412506,edge4av-real-20260702-multiclient-scalability-run-3,p5g-scale-mqtt-payload-1024-clients-100,scale,guided-planning,mqtt,veh-83,veh-83,rsu-1,p5g-scale-mqtt-payload-1024-clients-100-veh-83-746,ipi-session-1,multiclient-scalability-run-3,veh-83,746,100-clients,default,stationary,unsynced,true,true,clients,100,count,IPI-CooperativeService,1098,1783014923016586670,1783014858310119631,1783014858310163480,1783014923146412506,129.826,,0.044,64836.249,"CooperativeService{guidedPlanning, status=request, vehicleId=0x7665682d3833, requestedHorizonMs=2500, confidence=100, planning.waypoints=1, offloadTaskId=probe-746, offloadPayload=1024 bytes}"
5g-sender,1783014923456611052,edge4av-real-20260702-multiclient-scalability-run-3,p5g-scale-mqtt-payload-1024-clients-100,scale,guided-planning,mqtt,veh-83,veh-83,rsu-1,p5g-scale-mqtt-payload-1024-clients-100-veh-83-747,ipi-session-1,multiclient-scalability-run-3,veh-83,747,100-clients,default,stationary,unsynced,true,true,clients,100,count,IPI-CooperativeService,1098,1783014923346598012,1783014858618839141,1783014858618896650,1783014923456611052,110.013,,0.058,64837.714,"CooperativeService{guidedPlanning, status=request, vehicleId=0x7665682d3833, requestedHorizonMs=2500, confidence=100, planning.waypoints=1, offloadTaskId=probe-747, offloadPayload=1024 bytes}"
5g-sender,1783014923764294723,edge4av-real-20260702-multiclient-scalability-run-3,p5g-scale-mqtt-payload-1024-clients-100,scale,guided-planning,mqtt,veh-83,veh-83,rsu-1,p5g-scale-mqtt-payload-1024-clients-100-veh-83-748,ipi-session-1,multiclient-scalability-run-3,veh-83,748,100-clients,default,stationary,unsynced,true,true,clients,100,count,IPI-CooperativeService,1098,1783014923656881250,1783014858928830493,1783014858928874847,1783014923764294723,107.413,,0.044,64835.420,"CooperativeService{guidedPlanning, status=request, vehicleId=0x7665682d3833, requestedHorizonMs=2500, confidence=100, planning.waypoints=1, offloadTaskId=probe-748, offloadPayload=1024 bytes}"
5g-sender,1783014924092564061,edge4av-real-20260702-multiclient-scalability-run-3,p5g-scale-mqtt-payload-1024-clients-100,scale,guided-planning,mqtt,veh-83,veh-83,rsu-1,p5g-scale-mqtt-payload-1024-clients-100-veh-83-749,ipi-session-1,multiclient-scalability-run-3,veh-83,749,100-clients,default,stationary,unsynced,true,true,clients,100,count,IPI-CooperativeService,1098,1783014923964493260,1783014859260146615,1783014859260201423,1783014924092564061,128.071,,0.055,64832.363,"CooperativeService{guidedPlanning, status=request, vehicleId=0x7665682d3833, requestedHorizonMs=2500, confidence=100, planning.waypoints=1, offloadTaskId=probe-749, offloadPayload=1024 bytes}"
5g-sender,1783014924462407857,edge4av-real-20260702-multiclient-scalability-run-3,p5g-scale-mqtt-payload-1024-clients-100,scale,guided-planning,mqtt,veh-83,veh-83,rsu-1,p5g-scale-mqtt-payload-1024-clients-100-veh-83-750,ipi-session-1,multiclient-scalability-run-3,veh-83,750,100-clients,default,stationary,unsynced,true,true,clients,100,count,IPI-CooperativeService,1098,1783014924292771994,1783014859629636891,1783014859629711125,1783014924462407857,169.636,,0.074,64832.697,"CooperativeService{guidedPlanning, status=request, vehicleId=0x7665682d3833, requestedHorizonMs=2500, confidence=100, planning.waypoints=1, offloadTaskId=probe-750, offloadPayload=1024 bytes}"
5g-sender,1783014924772399605,edge4av-real-20260702-multiclient-scalability-run-3,p5g-scale-mqtt-payload-1024-clients-100,scale,guided-planning,mqtt,veh-83,veh-83,rsu-1,p5g-scale-mqtt-payload-1024-clients-100-veh-83-751,ipi-session-1,multiclient-scalability-run-3,veh-83,751,100-clients,default,stationary,unsynced,true,true,clients,100,count,IPI-CooperativeService,1098,1783014924662588917,1783014859939583015,1783014859939626700,1783014924772399605,109.811,,0.044,64832.773,"CooperativeService{guidedPlanning, status=request, vehicleId=0x7665682d3833, requestedHorizonMs=2500, confidence=100, planning.waypoints=1, offloadTaskId=probe-751, offloadPayload=1024 bytes}"
5g-sender,1783014925096391005,edge4av-real-20260702-multiclient-scalability-run-3,p5g-scale-mqtt-payload-1024-clients-100,scale,guided-planning,mqtt,veh-83,veh-83,rsu-1,p5g-scale-mqtt-payload-1024-clients-100-veh-83-752,ipi-session-1,multiclient-scalability-run-3,veh-83,752,100-clients,default,stationary,unsynced,true,true,clients,100,count,IPI-CooperativeService,1098,1783014924972554132,1783014860261765243,1783014860261827108,1783014925096391005,123.837,,0.062,64834.564,"CooperativeService{guidedPlanning, status=request, vehicleId=0x7665682d3833, requestedHorizonMs=2500, confidence=100, planning.waypoints=1, offloadTaskId=probe-752, offloadPayload=1024 bytes}"
5g-sender,1783014925464322258,edge4av-real-20260702-multiclient-scalability-run-3,p5g-scale-mqtt-payload-1024-clients-100,scale,guided-planning,mqtt,veh-83,veh-83,rsu-1,p5g-scale-mqtt-payload-1024-clients-100-veh-83-753,ipi-session-1,multiclient-scalability-run-3,veh-83,753,100-clients,default,stationary,unsynced,true,true,clients,100,count,IPI-CooperativeService,1098,1783014925296536761,1783014860630232255,1783014860630284480,1783014925464322258,167.785,,0.052,64834.038,"CooperativeService{guidedPlanning, status=request, vehicleId=0x7665682d3833, requestedHorizonMs=2500, confidence=100, planning.waypoints=1, offloadTaskId=probe-753, offloadPayload=1024 bytes}"
5g-sender,1783014925790239534,edge4av-real-20260702-multiclient-scalability-run-3,p5g-scale-mqtt-payload-1024-clients-100,scale,guided-planning,mqtt,veh-83,veh-83,rsu-1,p5g-scale-mqtt-payload-1024-clients-100-veh-83-754,ipi-session-1,multiclient-scalability-run-3,veh-83,754,100-clients,default,stationary,unsynced,true,true,clients,100,count,IPI-CooperativeService,1098,1783014925664543978,1783014860951138664,1783014860951195800,1783014925790239534,125.696,,0.057,64839.044,"CooperativeService{guidedPlanning, status=request, vehicleId=0x7665682d3833, requestedHorizonMs=2500, confidence=100, planning.waypoints=1, offloadTaskId=probe-754, offloadPayload=1024 bytes}"
5g-sender,1783014926064391580,edge4av-real-20260702-multiclient-scalability-run-3,p5g-scale-mqtt-payload-1024-clients-100,scale,guided-planning,mqtt,veh-83,veh-83,rsu-1,p5g-scale-mqtt-payload-1024-clients-100-veh-83-755,ipi-session-1,multiclient-scalability-run-3,veh-83,755,100-clients,default,stationary,unsynced,true,true,clients,100,count,IPI-CooperativeService,1098,1783014925990365974,1783014861221477222,1783014861221538581,1783014926064391580,74.026,,0.061,64842.853,"CooperativeService{guidedPlanning, status=request, vehicleId=0x7665682d3833, requestedHorizonMs=2500, confidence=100, planning.waypoints=1, offloadTaskId=probe-755, offloadPayload=1024 bytes}"
5g-sender,1783014926368415669,edge4av-real-20260702-multiclient-scalability-run-3,p5g-scale-mqtt-payload-1024-clients-100,scale,guided-planning,mqtt,veh-83,veh-83,rsu-1,p5g-scale-mqtt-payload-1024-clients-100-veh-83-756,ipi-session-1,multiclient-scalability-run-3,veh-83,756,100-clients,default,stationary,unsynced,true,true,clients,100,count,IPI-CooperativeService,1098,1783014926264541790,1783014861523005195,1783014861523069739,1783014926368415669,103.874,,0.065,64845.346,"CooperativeService{guidedPlanning, status=request, vehicleId=0x7665682d3833, requestedHorizonMs=2500, confidence=100, planning.waypoints=1, offloadTaskId=probe-756, offloadPayload=1024 bytes}"
5g-sender,1783014926688412754,edge4av-real-20260702-multiclient-scalability-run-3,p5g-scale-mqtt-payload-1024-clients-100,scale,guided-planning,mqtt,veh-83,veh-83,rsu-1,p5g-scale-mqtt-payload-1024-clients-100-veh-83-757,ipi-session-1,multiclient-scalability-run-3,veh-83,757,100-clients,default,stationary,unsynced,true,true,clients,100,count,IPI-CooperativeService,1098,1783014926568565728,1783014861842630154,1783014861842679406,1783014926688412754,119.847,,0.049,64845.733,"CooperativeService{guidedPlanning, status=request, vehicleId=0x7665682d3833, requestedHorizonMs=2500, confidence=100, planning.waypoints=1, offloadTaskId=probe-757, offloadPayload=1024 bytes}"
5g-sender,1783014926948591884,edge4av-real-20260702-multiclient-scalability-run-3,p5g-scale-mqtt-payload-1024-clients-100,scale,guided-planning,mqtt,veh-83,veh-83,rsu-1,p5g-scale-mqtt-payload-1024-clients-100-veh-83-758,ipi-session-1,multiclient-scalability-run-3,veh-83,758,100-clients,default,stationary,unsynced,true,true,clients,100,count,IPI-CooperativeService,1098,1783014926888564150,1783014862113543910,1783014862113587409,1783014926948591884,60.028,,0.043,64835.004,"CooperativeService{guidedPlanning, status=request, vehicleId=0x7665682d3833, requestedHorizonMs=2500, confidence=100, planning.waypoints=1, offloadTaskId=probe-758, offloadPayload=1024 bytes}"
5g-sender,1783014927210199578,edge4av-real-20260702-multiclient-scalability-run-3,p5g-scale-mqtt-payload-1024-clients-100,scale,guided-planning,mqtt,veh-83,veh-83,rsu-1,p5g-scale-mqtt-payload-1024-clients-100-veh-83-759,ipi-session-1,multiclient-scalability-run-3,veh-83,759,100-clients,default,stationary,unsynced,true,true,clients,100,count,IPI-CooperativeService,1098,1783014927148743607,1783014862373275092,1783014862373327233,1783014927210199578,61.456,,0.052,64836.872,"CooperativeService{guidedPlanning, status=request, vehicleId=0x7665682d3833, requestedHorizonMs=2500, confidence=100, planning.waypoints=1, offloadTaskId=probe-759, offloadPayload=1024 bytes}"
5g-sender,1783014927498405723,edge4av-real-20260702-multiclient-scalability-run-3,p5g-scale-mqtt-payload-1024-clients-100,scale,guided-planning,mqtt,veh-83,veh-83,rsu-1,p5g-scale-mqtt-payload-1024-clients-100-veh-83-760,ipi-session-1,multiclient-scalability-run-3,veh-83,760,100-clients,default,stationary,unsynced,true,true,clients,100,count,IPI-CooperativeService,1098,1783014927410360148,1783014862663617286,1783014862663660692,1783014927498405723,88.046,,0.043,64834.745,"CooperativeService{guidedPlanning, status=request, vehicleId=0x7665682d3833, requestedHorizonMs=2500, confidence=100, planning.waypoints=1, offloadTaskId=probe-760, offloadPayload=1024 bytes}"
5g-sender,1783014927820276454,edge4av-real-20260702-multiclient-scalability-run-3,p5g-scale-mqtt-payload-1024-clients-100,scale,guided-planning,mqtt,veh-83,veh-83,rsu-1,p5g-scale-mqtt-payload-1024-clients-100-veh-83-761,ipi-session-1,multiclient-scalability-run-3,veh-83,761,100-clients,default,stationary,unsynced,true,true,clients,100,count,IPI-CooperativeService,1098,1783014927698571223,1783014862984249274,1783014862984300862,1783014927820276454,121.705,,0.052,64835.976,"CooperativeService{guidedPlanning, status=request, vehicleId=0x7665682d3833, requestedHorizonMs=2500, confidence=100, planning.waypoints=1, offloadTaskId=probe-761, offloadPayload=1024 bytes}"
5g-sender,1783014928138521610,edge4av-real-20260702-multiclient-scalability-run-3,p5g-scale-mqtt-payload-1024-clients-100,scale,guided-planning,mqtt,veh-83,veh-83,rsu-1,p5g-scale-mqtt-payload-1024-clients-100-veh-83-762,ipi-session-1,multiclient-scalability-run-3,veh-83,762,100-clients,default,stationary,unsynced,true,true,clients,100,count,IPI-CooperativeService,1098,1783014928020501391,1783014863305476671,1783014863305545587,1783014928138521610,118.020,,0.069,64832.976,"CooperativeService{guidedPlanning, status=request, vehicleId=0x7665682d3833, requestedHorizonMs=2500, confidence=100, planning.waypoints=1, offloadTaskId=probe-762, offloadPayload=1024 bytes}"
5g-sender,1783014928450466258,edge4av-real-20260702-multiclient-scalability-run-3,p5g-scale-mqtt-payload-1024-clients-100,scale,guided-planning,mqtt,veh-83,veh-83,rsu-1,p5g-scale-mqtt-payload-1024-clients-100-veh-83-763,ipi-session-1,multiclient-scalability-run-3,veh-83,763,100-clients,default,stationary,unsynced,true,true,clients,100,count,IPI-CooperativeService,1098,1783014928338706203,1783014863616776558,1783014863616837215,1783014928450466258,111.760,,0.061,64833.629,"CooperativeService{guidedPlanning, status=request, vehicleId=0x7665682d3833, requestedHorizonMs=2500, confidence=100, planning.waypoints=1, offloadTaskId=probe-763, offloadPayload=1024 bytes}"
5g-sender,1783014928752379378,edge4av-real-20260702-multiclient-scalability-run-3,p5g-scale-mqtt-payload-1024-clients-100,scale,guided-planning,mqtt,veh-83,veh-83,rsu-1,p5g-scale-mqtt-payload-1024-clients-100-veh-83-764,ipi-session-1,multiclient-scalability-run-3,veh-83,764,100-clients,default,stationary,unsynced,true,true,clients,100,count,IPI-CooperativeService,1098,1783014928650663638,1783014863917991710,1783014863918034495,1783014928752379378,101.716,,0.043,64834.345,"CooperativeService{guidedPlanning, status=request, vehicleId=0x7665682d3833, requestedHorizonMs=2500, confidence=100, planning.waypoints=1, offloadTaskId=probe-764, offloadPayload=1024 bytes}"
5g-sender,1783014929042416208,edge4av-real-20260702-multiclient-scalability-run-3,p5g-scale-mqtt-payload-1024-clients-100,scale,guided-planning,mqtt,veh-83,veh-83,rsu-1,p5g-scale-mqtt-payload-1024-clients-100-veh-83-765,ipi-session-1,multiclient-scalability-run-3,veh-83,765,100-clients,default,stationary,unsynced,true,true,clients,100,count,IPI-CooperativeService,1098,1783014928952538741,1783014864207935390,1783014864208006146,1783014929042416208,89.877,,0.071,64834.410,"CooperativeService{guidedPlanning, status=request, vehicleId=0x7665682d3833, requestedHorizonMs=2500, confidence=100, planning.waypoints=1, offloadTaskId=probe-765, offloadPayload=1024 bytes}"
5g-sender,1783014929324403554,edge4av-real-20260702-multiclient-scalability-run-3,p5g-scale-mqtt-payload-1024-clients-100,scale,guided-planning,mqtt,veh-83,veh-83,rsu-1,p5g-scale-mqtt-payload-1024-clients-100-veh-83-766,ipi-session-1,multiclient-scalability-run-3,veh-83,766,100-clients,default,stationary,unsynced,true,true,clients,100,count,IPI-CooperativeService,1098,1783014929242655955,1783014864487862476,1783014864487908434,1783014929324403554,81.748,,0.046,64836.495,"CooperativeService{guidedPlanning, status=request, vehicleId=0x7665682d3833, requestedHorizonMs=2500, confidence=100, planning.waypoints=1, offloadTaskId=probe-766, offloadPayload=1024 bytes}"
5g-sender,1783014929584336302,edge4av-real-20260702-multiclient-scalability-run-3,p5g-scale-mqtt-payload-1024-clients-100,scale,guided-planning,mqtt,veh-83,veh-83,rsu-1,p5g-scale-mqtt-payload-1024-clients-100-veh-83-767,ipi-session-1,multiclient-scalability-run-3,veh-83,767,100-clients,default,stationary,unsynced,true,true,clients,100,count,IPI-CooperativeService,1098,1783014929524550534,1783014864748663474,1783014864748738918,1783014929584336302,59.786,,0.075,64835.597,"CooperativeService{guidedPlanning, status=request, vehicleId=0x7665682d3833, requestedHorizonMs=2500, confidence=100, planning.waypoints=1, offloadTaskId=probe-767, offloadPayload=1024 bytes}"
5g-sender,1783014929842599142,edge4av-real-20260702-multiclient-scalability-run-3,p5g-scale-mqtt-payload-1024-clients-100,scale,guided-planning,mqtt,veh-83,veh-83,rsu-1,p5g-scale-mqtt-payload-1024-clients-100-veh-83-768,ipi-session-1,multiclient-scalability-run-3,veh-83,768,100-clients,default,stationary,unsynced,true,true,clients,100,count,IPI-CooperativeService,1098,1783014929784496945,1783014865008105495,1783014865008155269,1783014929842599142,58.102,,0.050,64834.444,"CooperativeService{guidedPlanning, status=request, vehicleId=0x7665682d3833, requestedHorizonMs=2500, confidence=100, planning.waypoints=1, offloadTaskId=probe-768, offloadPayload=1024 bytes}"
5g-sender,1783014930144555329,edge4av-real-20260702-multiclient-scalability-run-3,p5g-scale-mqtt-payload-1024-clients-100,scale,guided-planning,mqtt,veh-83,veh-83,rsu-1,p5g-scale-mqtt-payload-1024-clients-100-veh-83-769,ipi-session-1,multiclient-scalability-run-3,veh-83,769,100-clients,default,stationary,unsynced,true,true,clients,100,count,IPI-CooperativeService,1098,1783014930042783992,1783014865309124830,1783014865309171147,1783014930144555329,101.771,,0.046,64835.384,"CooperativeService{guidedPlanning, status=request, vehicleId=0x7665682d3833, requestedHorizonMs=2500, confidence=100, planning.waypoints=1, offloadTaskId=probe-769, offloadPayload=1024 bytes}"
5g-sender,1783014930474442399,edge4av-real-20260702-multiclient-scalability-run-3,p5g-scale-mqtt-payload-1024-clients-100,scale,guided-planning,mqtt,veh-83,veh-83,rsu-1,p5g-scale-mqtt-payload-1024-clients-100-veh-83-770,ipi-session-1,multiclient-scalability-run-3,veh-83,770,100-clients,default,stationary,unsynced,true,true,clients,100,count,IPI-CooperativeService,1098,1783014930344713988,1783014865639307308,1783014865639375976,1783014930474442399,129.728,,0.069,64835.066,"CooperativeService{guidedPlanning, status=request, vehicleId=0x7665682d3833, requestedHorizonMs=2500, confidence=100, planning.waypoints=1, offloadTaskId=probe-770, offloadPayload=1024 bytes}"
5g-sender,1783014930848520196,edge4av-real-20260702-multiclient-scalability-run-3,p5g-scale-mqtt-payload-1024-clients-100,scale,guided-planning,mqtt,veh-83,veh-83,rsu-1,p5g-scale-mqtt-payload-1024-clients-100-veh-83-771,ipi-session-1,multiclient-scalability-run-3,veh-83,771,100-clients,default,stationary,unsynced,true,true,clients,100,count,IPI-CooperativeService,1098,1783014930674584322,1783014866011040596,1783014866011083650,1783014930848520196,173.936,,0.043,64837.437,"CooperativeService{guidedPlanning, status=request, vehicleId=0x7665682d3833, requestedHorizonMs=2500, confidence=100, planning.waypoints=1, offloadTaskId=probe-771, offloadPayload=1024 bytes}"
5g-sender,1783014931212469987,edge4av-real-20260702-multiclient-scalability-run-3,p5g-scale-mqtt-payload-1024-clients-100,scale,guided-planning,mqtt,veh-83,veh-83,rsu-1,p5g-scale-mqtt-payload-1024-clients-100-veh-83-772,ipi-session-1,multiclient-scalability-run-3,veh-83,772,100-clients,default,stationary,unsynced,true,true,clients,100,count,IPI-CooperativeService,1098,1783014931048732919,1783014866380104272,1783014866380147517,1783014931212469987,163.737,,0.043,64832.322,"CooperativeService{guidedPlanning, status=request, vehicleId=0x7665682d3833, requestedHorizonMs=2500, confidence=100, planning.waypoints=1, offloadTaskId=probe-772, offloadPayload=1024 bytes}"
5g-sender,1783014931536491810,edge4av-real-20260702-multiclient-scalability-run-3,p5g-scale-mqtt-payload-1024-clients-100,scale,guided-planning,mqtt,veh-83,veh-83,rsu-1,p5g-scale-mqtt-payload-1024-clients-100-veh-83-773,ipi-session-1,multiclient-scalability-run-3,veh-83,773,100-clients,default,stationary,unsynced,true,true,clients,100,count,IPI-CooperativeService,1098,1783014931412620743,1783014866701280656,1783014866701324905,1783014931536491810,123.871,,0.044,64835.167,"CooperativeService{guidedPlanning, status=request, vehicleId=0x7665682d3833, requestedHorizonMs=2500, confidence=100, planning.waypoints=1, offloadTaskId=probe-773, offloadPayload=1024 bytes}"
5g-sender,1783014931872553281,edge4av-real-20260702-multiclient-scalability-run-3,p5g-scale-mqtt-payload-1024-clients-100,scale,guided-planning,mqtt,veh-83,veh-83,rsu-1,p5g-scale-mqtt-payload-1024-clients-100-veh-83-774,ipi-session-1,multiclient-scalability-run-3,veh-83,774,100-clients,default,stationary,unsynced,true,true,clients,100,count,IPI-CooperativeService,1098,1783014931737010146,1783014867041213683,1783014867041256536,1783014931872553281,135.543,,0.043,64831.297,"CooperativeService{guidedPlanning, status=request, vehicleId=0x7665682d3833, requestedHorizonMs=2500, confidence=100, planning.waypoints=1, offloadTaskId=probe-774, offloadPayload=1024 bytes}"
5g-sender,1783014932250283208,edge4av-real-20260702-multiclient-scalability-run-3,p5g-scale-mqtt-payload-1024-clients-100,scale,guided-planning,mqtt,veh-83,veh-83,rsu-1,p5g-scale-mqtt-payload-1024-clients-100-veh-83-775,ipi-session-1,multiclient-scalability-run-3,veh-83,775,100-clients,default,stationary,unsynced,true,true,clients,100,count,IPI-CooperativeService,1098,1783014932072725866,1783014867413811280,1783014867413854576,1783014932250283208,177.557,,0.043,64836.429,"CooperativeService{guidedPlanning, status=request, vehicleId=0x7665682d3833, requestedHorizonMs=2500, confidence=100, planning.waypoints=1, offloadTaskId=probe-775, offloadPayload=1024 bytes}"
5g-sender,1783014932598421594,edge4av-real-20260702-multiclient-scalability-run-3,p5g-scale-mqtt-payload-1024-clients-100,scale,guided-planning,mqtt,veh-83,veh-83,rsu-1,p5g-scale-mqtt-payload-1024-clients-100-veh-83-776,ipi-session-1,multiclient-scalability-run-3,veh-83,776,100-clients,default,stationary,unsynced,true,true,clients,100,count,IPI-CooperativeService,1098,1783014932450464674,1783014867762274510,1783014867762324878,1783014932598421594,147.957,,0.050,64836.097,"CooperativeService{guidedPlanning, status=request, vehicleId=0x7665682d3833, requestedHorizonMs=2500, confidence=100, planning.waypoints=1, offloadTaskId=probe-776, offloadPayload=1024 bytes}"
5g-sender,1783014932926481139,edge4av-real-20260702-multiclient-scalability-run-3,p5g-scale-mqtt-payload-1024-clients-100,scale,guided-planning,mqtt,veh-83,veh-83,rsu-1,p5g-scale-mqtt-payload-1024-clients-100-veh-83-777,ipi-session-1,multiclient-scalability-run-3,veh-83,777,100-clients,default,stationary,unsynced,true,true,clients,100,count,IPI-CooperativeService,1098,1783014932798567770,1783014868093323278,1783014868093367058,1783014932926481139,127.913,,0.044,64833.114,"CooperativeService{guidedPlanning, status=request, vehicleId=0x7665682d3833, requestedHorizonMs=2500, confidence=100, planning.waypoints=1, offloadTaskId=probe-777, offloadPayload=1024 bytes}"
5g-sender,1783014933268320538,edge4av-real-20260702-multiclient-scalability-run-3,p5g-scale-mqtt-payload-1024-clients-100,scale,guided-planning,mqtt,veh-83,veh-83,rsu-1,p5g-scale-mqtt-payload-1024-clients-100-veh-83-778,ipi-session-1,multiclient-scalability-run-3,veh-83,778,100-clients,default,stationary,unsynced,true,true,clients,100,count,IPI-CooperativeService,1098,1783014933126711819,1783014868423718956,1783014868423763225,1783014933268320538,141.609,,0.044,64844.557,"CooperativeService{guidedPlanning, status=request, vehicleId=0x7665682d3833, requestedHorizonMs=2500, confidence=100, planning.waypoints=1, offloadTaskId=probe-778, offloadPayload=1024 bytes}"
5g-sender,1783014933596375541,edge4av-real-20260702-multiclient-scalability-run-3,p5g-scale-mqtt-payload-1024-clients-100,scale,guided-planning,mqtt,veh-83,veh-83,rsu-1,p5g-scale-mqtt-payload-1024-clients-100-veh-83-779,ipi-session-1,multiclient-scalability-run-3,veh-83,779,100-clients,default,stationary,unsynced,true,true,clients,100,count,IPI-CooperativeService,1098,1783014933468465059,1783014868763863977,1783014868763915915,1783014933596375541,127.910,,0.052,64832.460,"CooperativeService{guidedPlanning, status=request, vehicleId=0x7665682d3833, requestedHorizonMs=2500, confidence=100, planning.waypoints=1, offloadTaskId=probe-779, offloadPayload=1024 bytes}"
5g-sender,1783014934005526598,edge4av-real-20260702-multiclient-scalability-run-3,p5g-scale-mqtt-payload-1024-clients-100,scale,guided-planning,mqtt,veh-83,veh-83,rsu-1,p5g-scale-mqtt-payload-1024-clients-100-veh-83-780,ipi-session-1,multiclient-scalability-run-3,veh-83,780,100-clients,default,stationary,unsynced,true,true,clients,100,count,IPI-CooperativeService,1098,1783014933796521483,1783014869134569159,1783014869134621970,1783014934005526598,209.005,,0.053,64870.905,"CooperativeService{guidedPlanning, status=request, vehicleId=0x7665682d3833, requestedHorizonMs=2500, confidence=100, planning.waypoints=1, offloadTaskId=probe-780, offloadPayload=1024 bytes}"
5g-sender,1783014934340586702,edge4av-real-20260702-multiclient-scalability-run-3,p5g-scale-mqtt-payload-1024-clients-100,scale,guided-planning,mqtt,veh-83,veh-83,rsu-1,p5g-scale-mqtt-payload-1024-clients-100-veh-83-781,ipi-session-1,multiclient-scalability-run-3,veh-83,781,100-clients,default,stationary,unsynced,true,true,clients,100,count,IPI-CooperativeService,1098,1783014934205737048,1783014869506357424,1783014869506400788,1783014934340586702,134.850,,0.043,64834.186,"CooperativeService{guidedPlanning, status=request, vehicleId=0x7665682d3833, requestedHorizonMs=2500, confidence=100, planning.waypoints=1, offloadTaskId=probe-781, offloadPayload=1024 bytes}"
5g-sender,1783014934670266090,edge4av-real-20260702-multiclient-scalability-run-3,p5g-scale-mqtt-payload-1024-clients-100,scale,guided-planning,mqtt,veh-83,veh-83,rsu-1,p5g-scale-mqtt-payload-1024-clients-100-veh-83-782,ipi-session-1,multiclient-scalability-run-3,veh-83,782,100-clients,default,stationary,unsynced,true,true,clients,100,count,IPI-CooperativeService,1098,1783014934540776578,1783014869835330076,1783014869835373430,1783014934670266090,129.490,,0.043,64834.893,"CooperativeService{guidedPlanning, status=request, vehicleId=0x7665682d3833, requestedHorizonMs=2500, confidence=100, planning.waypoints=1, offloadTaskId=probe-782, offloadPayload=1024 bytes}"
5g-sender,1783014935010425747,edge4av-real-20260702-multiclient-scalability-run-3,p5g-scale-mqtt-payload-1024-clients-100,scale,guided-planning,mqtt,veh-83,veh-83,rsu-1,p5g-scale-mqtt-payload-1024-clients-100-veh-83-783,ipi-session-1,multiclient-scalability-run-3,veh-83,783,100-clients,default,stationary,unsynced,true,true,clients,100,count,IPI-CooperativeService,1098,1783014934870367182,1783014870177673039,1783014870177716308,1783014935010425747,140.059,,0.043,64832.709,"CooperativeService{guidedPlanning, status=request, vehicleId=0x7665682d3833, requestedHorizonMs=2500, confidence=100, planning.waypoints=1, offloadTaskId=probe-783, offloadPayload=1024 bytes}"
5g-sender,1783014935374470708,edge4av-real-20260702-multiclient-scalability-run-3,p5g-scale-mqtt-payload-1024-clients-100,scale,guided-planning,mqtt,veh-83,veh-83,rsu-1,p5g-scale-mqtt-payload-1024-clients-100-veh-83-784,ipi-session-1,multiclient-scalability-run-3,veh-83,784,100-clients,default,stationary,unsynced,true,true,clients,100,count,IPI-CooperativeService,1098,1783014935210655640,1783014870536835629,1783014870536879609,1783014935374470708,163.815,,0.044,64837.591,"CooperativeService{guidedPlanning, status=request, vehicleId=0x7665682d3833, requestedHorizonMs=2500, confidence=100, planning.waypoints=1, offloadTaskId=probe-784, offloadPayload=1024 bytes}"
5g-sender,1783014935746447005,edge4av-real-20260702-multiclient-scalability-run-3,p5g-scale-mqtt-payload-1024-clients-100,scale,guided-planning,mqtt,veh-83,veh-83,rsu-1,p5g-scale-mqtt-payload-1024-clients-100-veh-83-785,ipi-session-1,multiclient-scalability-run-3,veh-83,785,100-clients,default,stationary,unsynced,true,true,clients,100,count,IPI-CooperativeService,1098,1783014935574631967,1783014870908396385,1783014870908453591,1783014935746447005,171.815,,0.057,64837.993,"CooperativeService{guidedPlanning, status=request, vehicleId=0x7665682d3833, requestedHorizonMs=2500, confidence=100, planning.waypoints=1, offloadTaskId=probe-785, offloadPayload=1024 bytes}"
5g-sender,1783014936094447390,edge4av-real-20260702-multiclient-scalability-run-3,p5g-scale-mqtt-payload-1024-clients-100,scale,guided-planning,mqtt,veh-83,veh-83,rsu-1,p5g-scale-mqtt-payload-1024-clients-100-veh-83-786,ipi-session-1,multiclient-scalability-run-3,veh-83,786,100-clients,default,stationary,unsynced,true,true,clients,100,count,IPI-CooperativeService,1098,1783014935946606431,1783014871258832884,1783014871258876850,1783014936094447390,147.841,,0.044,64835.571,"CooperativeService{guidedPlanning, status=request, vehicleId=0x7665682d3833, requestedHorizonMs=2500, confidence=100, planning.waypoints=1, offloadTaskId=probe-786, offloadPayload=1024 bytes}"
5g-sender,1783014936403472166,edge4av-real-20260702-multiclient-scalability-run-3,p5g-scale-mqtt-payload-1024-clients-100,scale,guided-planning,mqtt,veh-83,veh-83,rsu-1,p5g-scale-mqtt-payload-1024-clients-100-veh-83-787,ipi-session-1,multiclient-scalability-run-3,veh-83,787,100-clients,default,stationary,unsynced,true,true,clients,100,count,IPI-CooperativeService,1098,1783014936294613802,1783014871571943451,1783014871571987420,1783014936403472166,108.858,,0.044,64831.485,"CooperativeService{guidedPlanning, status=request, vehicleId=0x7665682d3833, requestedHorizonMs=2500, confidence=100, planning.waypoints=1, offloadTaskId=probe-787, offloadPayload=1024 bytes}"
5g-sender,1783014936710651943,edge4av-real-20260702-multiclient-scalability-run-3,p5g-scale-mqtt-payload-1024-clients-100,scale,guided-planning,mqtt,veh-83,veh-83,rsu-1,p5g-scale-mqtt-payload-1024-clients-100-veh-83-788,ipi-session-1,multiclient-scalability-run-3,veh-83,788,100-clients,default,stationary,unsynced,true,true,clients,100,count,IPI-CooperativeService,1098,1783014936603663706,1783014871871870443,1783014871871924289,1783014936710651943,106.988,,0.054,64838.728,"CooperativeService{guidedPlanning, status=request, vehicleId=0x7665682d3833, requestedHorizonMs=2500, confidence=100, planning.waypoints=1, offloadTaskId=probe-788, offloadPayload=1024 bytes}"
5g-sender,1783014936988391048,edge4av-real-20260702-multiclient-scalability-run-3,p5g-scale-mqtt-payload-1024-clients-100,scale,guided-planning,mqtt,veh-83,veh-83,rsu-1,p5g-scale-mqtt-payload-1024-clients-100-veh-83-789,ipi-session-1,multiclient-scalability-run-3,veh-83,789,100-clients,default,stationary,unsynced,true,true,clients,100,count,IPI-CooperativeService,1098,1783014936910835453,1783014872152250109,1783014872152291979,1783014936988391048,77.556,,0.042,64836.099,"CooperativeService{guidedPlanning, status=request, vehicleId=0x7665682d3833, requestedHorizonMs=2500, confidence=100, planning.waypoints=1, offloadTaskId=probe-789, offloadPayload=1024 bytes}"
5g-sender,1783014937264421042,edge4av-real-20260702-multiclient-scalability-run-3,p5g-scale-mqtt-payload-1024-clients-100,scale,guided-planning,mqtt,veh-83,veh-83,rsu-1,p5g-scale-mqtt-payload-1024-clients-100-veh-83-790,ipi-session-1,multiclient-scalability-run-3,veh-83,790,100-clients,default,stationary,unsynced,true,true,clients,100,count,IPI-CooperativeService,1098,1783014937188611385,1783014872429703398,1783014872429754646,1783014937264421042,75.810,,0.051,64834.666,"CooperativeService{guidedPlanning, status=request, vehicleId=0x7665682d3833, requestedHorizonMs=2500, confidence=100, planning.waypoints=1, offloadTaskId=probe-790, offloadPayload=1024 bytes}"
5g-sender,1783014937584443786,edge4av-real-20260702-multiclient-scalability-run-3,p5g-scale-mqtt-payload-1024-clients-100,scale,guided-planning,mqtt,veh-83,veh-83,rsu-1,p5g-scale-mqtt-payload-1024-clients-100-veh-83-791,ipi-session-1,multiclient-scalability-run-3,veh-83,791,100-clients,default,stationary,unsynced,true,true,clients,100,count,IPI-CooperativeService,1098,1783014937464602808,1783014872752228999,1783014872752293802,1783014937584443786,119.841,,0.065,64832.150,"CooperativeService{guidedPlanning, status=request, vehicleId=0x7665682d3833, requestedHorizonMs=2500, confidence=100, planning.waypoints=1, offloadTaskId=probe-791, offloadPayload=1024 bytes}"
5g-sender,1783014937966577425,edge4av-real-20260702-multiclient-scalability-run-3,p5g-scale-mqtt-payload-1024-clients-100,scale,guided-planning,mqtt,veh-83,veh-83,rsu-1,p5g-scale-mqtt-payload-1024-clients-100-veh-83-792,ipi-session-1,multiclient-scalability-run-3,veh-83,792,100-clients,default,stationary,unsynced,true,true,clients,100,count,IPI-CooperativeService,1098,1783014937784604592,1783014873130949667,1783014873131000780,1783014937966577425,181.973,,0.051,64835.577,"CooperativeService{guidedPlanning, status=request, vehicleId=0x7665682d3833, requestedHorizonMs=2500, confidence=100, planning.waypoints=1, offloadTaskId=probe-792, offloadPayload=1024 bytes}"
5g-sender,1783014938328584135,edge4av-real-20260702-multiclient-scalability-run-3,p5g-scale-mqtt-payload-1024-clients-100,scale,guided-planning,mqtt,veh-83,veh-83,rsu-1,p5g-scale-mqtt-payload-1024-clients-100-veh-83-793,ipi-session-1,multiclient-scalability-run-3,veh-83,793,100-clients,default,stationary,unsynced,true,true,clients,100,count,IPI-CooperativeService,1098,1783014938166757834,1783014873491126697,1783014873491170803,1783014938328584135,161.826,,0.044,64837.413,"CooperativeService{guidedPlanning, status=request, vehicleId=0x7665682d3833, requestedHorizonMs=2500, confidence=100, planning.waypoints=1, offloadTaskId=probe-793, offloadPayload=1024 bytes}"
5g-sender,1783014938630320909,edge4av-real-20260702-multiclient-scalability-run-3,p5g-scale-mqtt-payload-1024-clients-100,scale,guided-planning,mqtt,veh-83,veh-83,rsu-1,p5g-scale-mqtt-payload-1024-clients-100-veh-83-794,ipi-session-1,multiclient-scalability-run-3,veh-83,794,100-clients,default,stationary,unsynced,true,true,clients,100,count,IPI-CooperativeService,1098,1783014938528783297,1783014873793433716,1783014873793477694,1783014938630320909,101.538,,0.044,64836.843,"CooperativeService{guidedPlanning, status=request, vehicleId=0x7665682d3833, requestedHorizonMs=2500, confidence=100, planning.waypoints=1, offloadTaskId=probe-794, offloadPayload=1024 bytes}"
5g-sender,1783014938930319711,edge4av-real-20260702-multiclient-scalability-run-3,p5g-scale-mqtt-payload-1024-clients-100,scale,guided-planning,mqtt,veh-83,veh-83,rsu-1,p5g-scale-mqtt-payload-1024-clients-100-veh-83-795,ipi-session-1,multiclient-scalability-run-3,veh-83,795,100-clients,default,stationary,unsynced,true,true,clients,100,count,IPI-CooperativeService,1098,1783014938830563712,1783014874094421126,1783014874094464640,1783014938930319711,99.756,,0.044,64835.855,"CooperativeService{guidedPlanning, status=request, vehicleId=0x7665682d3833, requestedHorizonMs=2500, confidence=100, planning.waypoints=1, offloadTaskId=probe-795, offloadPayload=1024 bytes}"
5g-sender,1783014939260327212,edge4av-real-20260702-multiclient-scalability-run-3,p5g-scale-mqtt-payload-1024-clients-100,scale,guided-planning,mqtt,veh-83,veh-83,rsu-1,p5g-scale-mqtt-payload-1024-clients-100-veh-83-796,ipi-session-1,multiclient-scalability-run-3,veh-83,796,100-clients,default,stationary,unsynced,true,true,clients,100,count,IPI-CooperativeService,1098,1783014939130578048,1783014874423863276,1783014874423907488,1783014939260327212,129.749,,0.044,64836.420,"CooperativeService{guidedPlanning, status=request, vehicleId=0x7665682d3833, requestedHorizonMs=2500, confidence=100, planning.waypoints=1, offloadTaskId=probe-796, offloadPayload=1024 bytes}"
5g-sender,1783014939558601127,edge4av-real-20260702-multiclient-scalability-run-3,p5g-scale-mqtt-payload-1024-clients-100,scale,guided-planning,mqtt,veh-83,veh-83,rsu-1,p5g-scale-mqtt-payload-1024-clients-100-veh-83-797,ipi-session-1,multiclient-scalability-run-3,veh-83,797,100-clients,default,stationary,unsynced,true,true,clients,100,count,IPI-CooperativeService,1098,1783014939460602425,1783014874723813707,1783014874723857218,1783014939558601127,97.999,,0.044,64834.744,"CooperativeService{guidedPlanning, status=request, vehicleId=0x7665682d3833, requestedHorizonMs=2500, confidence=100, planning.waypoints=1, offloadTaskId=probe-797, offloadPayload=1024 bytes}"
5g-sender,1783014939842524789,edge4av-real-20260702-multiclient-scalability-run-3,p5g-scale-mqtt-payload-1024-clients-100,scale,guided-planning,mqtt,veh-83,veh-83,rsu-1,p5g-scale-mqtt-payload-1024-clients-100-veh-83-798,ipi-session-1,multiclient-scalability-run-3,veh-83,798,100-clients,default,stationary,unsynced,true,true,clients,100,count,IPI-CooperativeService,1098,1783014939758818716,1783014875008327116,1783014875008383691,1783014939842524789,83.706,,0.057,64834.141,"CooperativeService{guidedPlanning, status=request, vehicleId=0x7665682d3833, requestedHorizonMs=2500, confidence=100, planning.waypoints=1, offloadTaskId=probe-798, offloadPayload=1024 bytes}"
5g-sender,1783014940150419289,edge4av-real-20260702-multiclient-scalability-run-3,p5g-scale-mqtt-payload-1024-clients-100,scale,guided-planning,mqtt,veh-83,veh-83,rsu-1,p5g-scale-mqtt-payload-1024-clients-100-veh-83-799,ipi-session-1,multiclient-scalability-run-3,veh-83,799,100-clients,default,stationary,unsynced,true,true,clients,100,count,IPI-CooperativeService,1098,1783014940042771481,1783014875314485638,1783014875314542018,1783014940150419289,107.648,,0.056,64835.877,"CooperativeService{guidedPlanning, status=request, vehicleId=0x7665682d3833, requestedHorizonMs=2500, confidence=100, planning.waypoints=1, offloadTaskId=probe-799, offloadPayload=1024 bytes}"
5g-sender,1783014940500402951,edge4av-real-20260702-multiclient-scalability-run-3,p5g-scale-mqtt-payload-1024-clients-100,scale,guided-planning,mqtt,veh-83,veh-83,rsu-1,p5g-scale-mqtt-payload-1024-clients-100-veh-83-800,ipi-session-1,multiclient-scalability-run-3,veh-83,800,100-clients,default,stationary,unsynced,true,true,clients,100,count,IPI-CooperativeService,1098,1783014940350586222,1783014875668028746,1783014875668072379,1783014940500402951,149.817,,0.044,64832.331,"CooperativeService{guidedPlanning, status=request, vehicleId=0x7665682d3833, requestedHorizonMs=2500, confidence=100, planning.waypoints=1, offloadTaskId=probe-800, offloadPayload=1024 bytes}"
5g-sender,1783014940820494765,edge4av-real-20260702-multiclient-scalability-run-3,p5g-scale-mqtt-payload-1024-clients-100,scale,guided-planning,mqtt,veh-83,veh-83,rsu-1,p5g-scale-mqtt-payload-1024-clients-100-veh-83-801,ipi-session-1,multiclient-scalability-run-3,veh-83,801,100-clients,default,stationary,unsynced,true,true,clients,100,count,IPI-CooperativeService,1098,1783014940700598880,1783014875987683403,1783014875987743611,1783014940820494765,119.896,,0.060,64832.751,"CooperativeService{guidedPlanning, status=request, vehicleId=0x7665682d3833, requestedHorizonMs=2500, confidence=100, planning.waypoints=1, offloadTaskId=probe-801, offloadPayload=1024 bytes}"
5g-sender,1783014941134497193,edge4av-real-20260702-multiclient-scalability-run-3,p5g-scale-mqtt-payload-1024-clients-100,scale,guided-planning,mqtt,veh-83,veh-83,rsu-1,p5g-scale-mqtt-payload-1024-clients-100-veh-83-802,ipi-session-1,multiclient-scalability-run-3,veh-83,802,100-clients,default,stationary,unsynced,true,true,clients,100,count,IPI-CooperativeService,1098,1783014941020699294,1783014876296168606,1783014876296234599,1783014941134497193,113.798,,0.066,64838.263,"CooperativeService{guidedPlanning, status=request, vehicleId=0x7665682d3833, requestedHorizonMs=2500, confidence=100, planning.waypoints=1, offloadTaskId=probe-802, offloadPayload=1024 bytes}"
5g-sender,1783014941448563768,edge4av-real-20260702-multiclient-scalability-run-3,p5g-scale-mqtt-payload-1024-clients-100,scale,guided-planning,mqtt,veh-83,veh-83,rsu-1,p5g-scale-mqtt-payload-1024-clients-100-veh-83-803,ipi-session-1,multiclient-scalability-run-3,veh-83,803,100-clients,default,stationary,unsynced,true,true,clients,100,count,IPI-CooperativeService,1098,1783014941334725273,1783014876615516471,1783014876615573801,1783014941448563768,113.838,,0.057,64832.990,"CooperativeService{guidedPlanning, status=request, vehicleId=0x7665682d3833, requestedHorizonMs=2500, confidence=100, planning.waypoints=1, offloadTaskId=probe-803, offloadPayload=1024 bytes}"
5g-sender,1783014941762390110,edge4av-real-20260702-multiclient-scalability-run-3,p5g-scale-mqtt-payload-1024-clients-100,scale,guided-planning,mqtt,veh-83,veh-83,rsu-1,p5g-scale-mqtt-payload-1024-clients-100-veh-83-804,ipi-session-1,multiclient-scalability-run-3,veh-83,804,100-clients,default,stationary,unsynced,true,true,clients,100,count,IPI-CooperativeService,1098,1783014941648729810,1783014876927459405,1783014876927502758,1783014941762390110,113.660,,0.043,64834.887,"CooperativeService{guidedPlanning, status=request, vehicleId=0x7665682d3833, requestedHorizonMs=2500, confidence=100, planning.waypoints=1, offloadTaskId=probe-804, offloadPayload=1024 bytes}"
5g-sender,1783014942340419477,edge4av-real-20260702-multiclient-scalability-run-3,p5g-scale-mqtt-payload-1024-clients-100,scale,guided-planning,mqtt,veh-83,veh-83,rsu-1,p5g-scale-mqtt-payload-1024-clients-100-veh-83-805,ipi-session-1,multiclient-scalability-run-3,veh-83,805,100-clients,default,stationary,unsynced,true,true,clients,100,count,IPI-CooperativeService,1098,1783014941962563566,1783014877507303548,1783014877507351366,1783014942340419477,377.856,,0.048,64833.068,"CooperativeService{guidedPlanning, status=request, vehicleId=0x7665682d3833, requestedHorizonMs=2500, confidence=100, planning.waypoints=1, offloadTaskId=probe-805, offloadPayload=1024 bytes}"
5g-sender,1783014942658515883,edge4av-real-20260702-multiclient-scalability-run-3,p5g-scale-mqtt-payload-1024-clients-100,scale,guided-planning,mqtt,veh-83,veh-83,rsu-1,p5g-scale-mqtt-payload-1024-clients-100-veh-83-806,ipi-session-1,multiclient-scalability-run-3,veh-83,806,100-clients,default,stationary,unsynced,true,true,clients,100,count,IPI-CooperativeService,1098,1783014942540613709,1783014877817684618,1783014877817728449,1783014942658515883,117.902,,0.044,64840.787,"CooperativeService{guidedPlanning, status=request, vehicleId=0x7665682d3833, requestedHorizonMs=2500, confidence=100, planning.waypoints=1, offloadTaskId=probe-806, offloadPayload=1024 bytes}"
5g-sender,1783014942992635183,edge4av-real-20260702-multiclient-scalability-run-3,p5g-scale-mqtt-payload-1024-clients-100,scale,guided-planning,mqtt,veh-83,veh-83,rsu-1,p5g-scale-mqtt-payload-1024-clients-100-veh-83-807,ipi-session-1,multiclient-scalability-run-3,veh-83,807,100-clients,default,stationary,unsynced,true,true,clients,100,count,IPI-CooperativeService,1098,1783014942858734082,1783014878158292423,1783014878158345402,1783014942992635183,133.901,,0.053,64834.290,"CooperativeService{guidedPlanning, status=request, vehicleId=0x7665682d3833, requestedHorizonMs=2500, confidence=100, planning.waypoints=1, offloadTaskId=probe-807, offloadPayload=1024 bytes}"
5g-sender,1783014943336553828,edge4av-real-20260702-multiclient-scalability-run-3,p5g-scale-mqtt-payload-1024-clients-100,scale,guided-planning,mqtt,veh-83,veh-83,rsu-1,p5g-scale-mqtt-payload-1024-clients-100-veh-83-808,ipi-session-1,multiclient-scalability-run-3,veh-83,808,100-clients,default,stationary,unsynced,true,true,clients,100,count,IPI-CooperativeService,1098,1783014943192800208,1783014878498384216,1783014878498437295,1783014943336553828,143.754,,0.053,64838.117,"CooperativeService{guidedPlanning, status=request, vehicleId=0x7665682d3833, requestedHorizonMs=2500, confidence=100, planning.waypoints=1, offloadTaskId=probe-808, offloadPayload=1024 bytes}"
5g-sender,1783014943686470405,edge4av-real-20260702-multiclient-scalability-run-3,p5g-scale-mqtt-payload-1024-clients-100,scale,guided-planning,mqtt,veh-83,veh-83,rsu-1,p5g-scale-mqtt-payload-1024-clients-100-veh-83-809,ipi-session-1,multiclient-scalability-run-3,veh-83,809,100-clients,default,stationary,unsynced,true,true,clients,100,count,IPI-CooperativeService,1098,1783014943536794831,1783014878848584331,1783014878848641486,1783014943686470405,149.676,,0.057,64837.829,"CooperativeService{guidedPlanning, status=request, vehicleId=0x7665682d3833, requestedHorizonMs=2500, confidence=100, planning.waypoints=1, offloadTaskId=probe-809, offloadPayload=1024 bytes}"
5g-sender,1783014944052538456,edge4av-real-20260702-multiclient-scalability-run-3,p5g-scale-mqtt-payload-1024-clients-100,scale,guided-planning,mqtt,veh-83,veh-83,rsu-1,p5g-scale-mqtt-payload-1024-clients-100-veh-83-810,ipi-session-1,multiclient-scalability-run-3,veh-83,810,100-clients,default,stationary,unsynced,true,true,clients,100,count,IPI-CooperativeService,1098,1783014943886665660,1783014879219306058,1783014879219370404,1783014944052538456,165.873,,0.064,64833.168,"CooperativeService{guidedPlanning, status=request, vehicleId=0x7665682d3833, requestedHorizonMs=2500, confidence=100, planning.waypoints=1, offloadTaskId=probe-810, offloadPayload=1024 bytes}"
5g-sender,1783014944384418669,edge4av-real-20260702-multiclient-scalability-run-3,p5g-scale-mqtt-payload-1024-clients-100,scale,guided-planning,mqtt,veh-83,veh-83,rsu-1,p5g-scale-mqtt-payload-1024-clients-100-veh-83-811,ipi-session-1,multiclient-scalability-run-3,veh-83,811,100-clients,default,stationary,unsynced,true,true,clients,100,count,IPI-CooperativeService,1098,1783014944252730918,1783014879552714071,1783014879552763375,1783014944384418669,131.688,,0.049,64831.655,"CooperativeService{guidedPlanning, status=request, vehicleId=0x7665682d3833, requestedHorizonMs=2500, confidence=100, planning.waypoints=1, offloadTaskId=probe-811, offloadPayload=1024 bytes}"
5g-sender,1783014944694713608,edge4av-real-20260702-multiclient-scalability-run-3,p5g-scale-mqtt-payload-1024-clients-100,scale,guided-planning,mqtt,veh-83,veh-83,rsu-1,p5g-scale-mqtt-payload-1024-clients-100-veh-83-812,ipi-session-1,multiclient-scalability-run-3,veh-83,812,100-clients,default,stationary,unsynced,true,true,clients,100,count,IPI-CooperativeService,1098,1783014944584629482,1783014879861775977,1783014879861820382,1783014944694713608,110.084,,0.044,64832.893,"CooperativeService{guidedPlanning, status=request, vehicleId=0x7665682d3833, requestedHorizonMs=2500, confidence=100, planning.waypoints=1, offloadTaskId=probe-812, offloadPayload=1024 bytes}"
5g-sender,1783014944966403556,edge4av-real-20260702-multiclient-scalability-run-3,p5g-scale-mqtt-payload-1024-clients-100,scale,guided-planning,mqtt,veh-83,veh-83,rsu-1,p5g-scale-mqtt-payload-1024-clients-100-veh-83-813,ipi-session-1,multiclient-scalability-run-3,veh-83,813,100-clients,default,stationary,unsynced,true,true,clients,100,count,IPI-CooperativeService,1098,1783014944894890913,1783014880131721214,1783014880131764399,1783014944966403556,71.513,,0.043,64834.639,"CooperativeService{guidedPlanning, status=request, vehicleId=0x7665682d3833, requestedHorizonMs=2500, confidence=100, planning.waypoints=1, offloadTaskId=probe-813, offloadPayload=1024 bytes}"
5g-sender,1783014945236641135,edge4av-real-20260702-multiclient-scalability-run-3,p5g-scale-mqtt-payload-1024-clients-100,scale,guided-planning,mqtt,veh-83,veh-83,rsu-1,p5g-scale-mqtt-payload-1024-clients-100-veh-83-814,ipi-session-1,multiclient-scalability-run-3,veh-83,814,100-clients,default,stationary,unsynced,true,true,clients,100,count,IPI-CooperativeService,1098,1783014945166602838,1783014880402301490,1783014880402359369,1783014945236641135,70.038,,0.058,64834.282,"CooperativeService{guidedPlanning, status=request, vehicleId=0x7665682d3833, requestedHorizonMs=2500, confidence=100, planning.waypoints=1, offloadTaskId=probe-814, offloadPayload=1024 bytes}"
5g-sender,1783014945494664004,edge4av-real-20260702-multiclient-scalability-run-3,p5g-scale-mqtt-payload-1024-clients-100,scale,guided-planning,mqtt,veh-83,veh-83,rsu-1,p5g-scale-mqtt-payload-1024-clients-100-veh-83-815,ipi-session-1,multiclient-scalability-run-3,veh-83,815,100-clients,default,stationary,unsynced,true,true,clients,100,count,IPI-CooperativeService,1098,1783014945436849994,1783014880663197919,1783014880663254136,1783014945494664004,57.814,,0.056,64831.410,"CooperativeService{guidedPlanning, status=request, vehicleId=0x7665682d3833, requestedHorizonMs=2500, confidence=100, planning.waypoints=1, offloadTaskId=probe-815, offloadPayload=1024 bytes}"
5g-sender,1783014945766499417,edge4av-real-20260702-multiclient-scalability-run-3,p5g-scale-mqtt-payload-1024-clients-100,scale,guided-planning,mqtt,veh-83,veh-83,rsu-1,p5g-scale-mqtt-payload-1024-clients-100-veh-83-816,ipi-session-1,multiclient-scalability-run-3,veh-83,816,100-clients,default,stationary,unsynced,true,true,clients,100,count,IPI-CooperativeService,1098,1783014945694826076,1783014880933674325,1783014880933721171,1783014945766499417,71.673,,0.047,64832.778,"CooperativeService{guidedPlanning, status=request, vehicleId=0x7665682d3833, requestedHorizonMs=2500, confidence=100, planning.waypoints=1, offloadTaskId=probe-816, offloadPayload=1024 bytes}"
5g-sender,1783014946022651257,edge4av-real-20260702-multiclient-scalability-run-3,p5g-scale-mqtt-payload-1024-clients-100,scale,guided-planning,mqtt,veh-83,veh-83,rsu-1,p5g-scale-mqtt-payload-1024-clients-100-veh-83-817,ipi-session-1,multiclient-scalability-run-3,veh-83,817,100-clients,default,stationary,unsynced,true,true,clients,100,count,IPI-CooperativeService,1098,1783014945966648222,1783014881182355712,1783014881182398286,1783014946022651257,56.003,,0.043,64840.253,"CooperativeService{guidedPlanning, status=request, vehicleId=0x7665682d3833, requestedHorizonMs=2500, confidence=100, planning.waypoints=1, offloadTaskId=probe-817, offloadPayload=1024 bytes}"
5g-sender,1783014946278377562,edge4av-real-20260702-multiclient-scalability-run-3,p5g-scale-mqtt-payload-1024-clients-100,scale,guided-planning,mqtt,veh-83,veh-83,rsu-1,p5g-scale-mqtt-payload-1024-clients-100-veh-83-818,ipi-session-1,multiclient-scalability-run-3,veh-83,818,100-clients,default,stationary,unsynced,true,true,clients,100,count,IPI-CooperativeService,1098,1783014946222860136,1783014881446027221,1783014881446082920,1783014946278377562,55.517,,0.056,64832.295,"CooperativeService{guidedPlanning, status=request, vehicleId=0x7665682d3833, requestedHorizonMs=2500, confidence=100, planning.waypoints=1, offloadTaskId=probe-818, offloadPayload=1024 bytes}"
5g-sender,1783014946548445426,edge4av-real-20260702-multiclient-scalability-run-3,p5g-scale-mqtt-payload-1024-clients-100,scale,guided-planning,mqtt,veh-83,veh-83,rsu-1,p5g-scale-mqtt-payload-1024-clients-100-veh-83-819,ipi-session-1,multiclient-scalability-run-3,veh-83,819,100-clients,default,stationary,unsynced,true,true,clients,100,count,IPI-CooperativeService,1098,1783014946478547671,1783014881703651996,1783014881703695966,1783014946548445426,69.898,,0.044,64844.749,"CooperativeService{guidedPlanning, status=request, vehicleId=0x7665682d3833, requestedHorizonMs=2500, confidence=100, planning.waypoints=1, offloadTaskId=probe-819, offloadPayload=1024 bytes}"
5g-sender,1783014946806508479,edge4av-real-20260702-multiclient-scalability-run-3,p5g-scale-mqtt-payload-1024-clients-100,scale,guided-planning,mqtt,veh-83,veh-83,rsu-1,p5g-scale-mqtt-payload-1024-clients-100-veh-83-820,ipi-session-1,multiclient-scalability-run-3,veh-83,820,100-clients,default,stationary,unsynced,true,true,clients,100,count,IPI-CooperativeService,1098,1783014946748668675,1783014881973904664,1783014881973948921,1783014946806508479,57.840,,0.044,64832.560,"CooperativeService{guidedPlanning, status=request, vehicleId=0x7665682d3833, requestedHorizonMs=2500, confidence=100, planning.waypoints=1, offloadTaskId=probe-820, offloadPayload=1024 bytes}"
5g-sender,1783014947118542869,edge4av-real-20260702-multiclient-scalability-run-3,p5g-scale-mqtt-payload-1024-clients-100,scale,guided-planning,mqtt,veh-83,veh-83,rsu-1,p5g-scale-mqtt-payload-1024-clients-100-veh-83-821,ipi-session-1,multiclient-scalability-run-3,veh-83,821,100-clients,default,stationary,unsynced,true,true,clients,100,count,IPI-CooperativeService,1098,1783014947006775102,1783014882284451365,1783014882284503327,1783014947118542869,111.768,,0.052,64834.040,"CooperativeService{guidedPlanning, status=request, vehicleId=0x7665682d3833, requestedHorizonMs=2500, confidence=100, planning.waypoints=1, offloadTaskId=probe-821, offloadPayload=1024 bytes}"
5g-sender,1783014947418569761,edge4av-real-20260702-multiclient-scalability-run-3,p5g-scale-mqtt-payload-1024-clients-100,scale,guided-planning,mqtt,veh-83,veh-83,rsu-1,p5g-scale-mqtt-payload-1024-clients-100-veh-83-822,ipi-session-1,multiclient-scalability-run-3,veh-83,822,100-clients,default,stationary,unsynced,true,true,clients,100,count,IPI-CooperativeService,1098,1783014947318724831,1783014882586155154,1783014882586209253,1783014947418569761,99.845,,0.054,64832.361,"CooperativeService{guidedPlanning, status=request, vehicleId=0x7665682d3833, requestedHorizonMs=2500, confidence=100, planning.waypoints=1, offloadTaskId=probe-822, offloadPayload=1024 bytes}"
5g-sender,1783014947748617161,edge4av-real-20260702-multiclient-scalability-run-3,p5g-scale-mqtt-payload-1024-clients-100,scale,guided-planning,mqtt,veh-83,veh-83,rsu-1,p5g-scale-mqtt-payload-1024-clients-100-veh-83-823,ipi-session-1,multiclient-scalability-run-3,veh-83,823,100-clients,default,stationary,unsynced,true,true,clients,100,count,IPI-CooperativeService,1098,1783014947618741993,1783014882905150130,1783014882905206545,1783014947748617161,129.875,,0.056,64843.411,"CooperativeService{guidedPlanning, status=request, vehicleId=0x7665682d3833, requestedHorizonMs=2500, confidence=100, planning.waypoints=1, offloadTaskId=probe-823, offloadPayload=1024 bytes}"
5g-sender,1783014948122420859,edge4av-real-20260702-multiclient-scalability-run-3,p5g-scale-mqtt-payload-1024-clients-100,scale,guided-planning,mqtt,veh-83,veh-83,rsu-1,p5g-scale-mqtt-payload-1024-clients-100-veh-83-824,ipi-session-1,multiclient-scalability-run-3,veh-83,824,100-clients,default,stationary,unsynced,true,true,clients,100,count,IPI-CooperativeService,1098,1783014947948836257,1783014883285883351,1783014883285945597,1783014948122420859,173.585,,0.062,64836.475,"CooperativeService{guidedPlanning, status=request, vehicleId=0x7665682d3833, requestedHorizonMs=2500, confidence=100, planning.waypoints=1, offloadTaskId=probe-824, offloadPayload=1024 bytes}"
5g-sender,1783014948462412586,edge4av-real-20260702-multiclient-scalability-run-3,p5g-scale-mqtt-payload-1024-clients-100,scale,guided-planning,mqtt,veh-83,veh-83,rsu-1,p5g-scale-mqtt-payload-1024-clients-100-veh-83-825,ipi-session-1,multiclient-scalability-run-3,veh-83,825,100-clients,default,stationary,unsynced,true,true,clients,100,count,IPI-CooperativeService,1098,1783014948322585884,1783014883627069194,1783014883627119479,1783014948462412586,139.827,,0.050,64835.293,"CooperativeService{guidedPlanning, status=request, vehicleId=0x7665682d3833, requestedHorizonMs=2500, confidence=100, planning.waypoints=1, offloadTaskId=probe-825, offloadPayload=1024 bytes}"
5g-sender,1783014948836483560,edge4av-real-20260702-multiclient-scalability-run-3,p5g-scale-mqtt-payload-1024-clients-100,scale,guided-planning,mqtt,veh-83,veh-83,rsu-1,p5g-scale-mqtt-payload-1024-clients-100-veh-83-826,ipi-session-1,multiclient-scalability-run-3,veh-83,826,100-clients,default,stationary,unsynced,true,true,clients,100,count,IPI-CooperativeService,1098,1783014948662610858,1783014883998194502,1783014883998259116,1783014948836483560,173.873,,0.065,64838.224,"CooperativeService{guidedPlanning, status=request, vehicleId=0x7665682d3833, requestedHorizonMs=2500, confidence=100, planning.waypoints=1, offloadTaskId=probe-826, offloadPayload=1024 bytes}"
5g-sender,1783014949210324268,edge4av-real-20260702-multiclient-scalability-run-3,p5g-scale-mqtt-payload-1024-clients-100,scale,guided-planning,mqtt,veh-83,veh-83,rsu-1,p5g-scale-mqtt-payload-1024-clients-100-veh-83-827,ipi-session-1,multiclient-scalability-run-3,veh-83,827,100-clients,default,stationary,unsynced,true,true,clients,100,count,IPI-CooperativeService,1098,1783014949036746282,1783014884378151848,1783014884378200623,1783014949210324268,173.578,,0.049,64832.124,"CooperativeService{guidedPlanning, status=request, vehicleId=0x7665682d3833, requestedHorizonMs=2500, confidence=100, planning.waypoints=1, offloadTaskId=probe-827, offloadPayload=1024 bytes}"
5g-sender,1783014949560412482,edge4av-real-20260702-multiclient-scalability-run-3,p5g-scale-mqtt-payload-1024-clients-100,scale,guided-planning,mqtt,veh-83,veh-83,rsu-1,p5g-scale-mqtt-payload-1024-clients-100-veh-83-828,ipi-session-1,multiclient-scalability-run-3,veh-83,828,100-clients,default,stationary,unsynced,true,true,clients,100,count,IPI-CooperativeService,1098,1783014949410525716,1783014884727920436,1783014884727986602,1783014949560412482,149.887,,0.066,64832.426,"CooperativeService{guidedPlanning, status=request, vehicleId=0x7665682d3833, requestedHorizonMs=2500, confidence=100, planning.waypoints=1, offloadTaskId=probe-828, offloadPayload=1024 bytes}"
5g-sender,1783014949884416460,edge4av-real-20260702-multiclient-scalability-run-3,p5g-scale-mqtt-payload-1024-clients-100,scale,guided-planning,mqtt,veh-83,veh-83,rsu-1,p5g-scale-mqtt-payload-1024-clients-100-veh-83-829,ipi-session-1,multiclient-scalability-run-3,veh-83,829,100-clients,default,stationary,unsynced,true,true,clients,100,count,IPI-CooperativeService,1098,1783014949760578394,1783014885050367916,1783014885050430499,1783014949884416460,123.838,,0.063,64833.986,"CooperativeService{guidedPlanning, status=request, vehicleId=0x7665682d3833, requestedHorizonMs=2500, confidence=100, planning.waypoints=1, offloadTaskId=probe-829, offloadPayload=1024 bytes}"
5g-sender,1783014950154684232,edge4av-real-20260702-multiclient-scalability-run-3,p5g-scale-mqtt-payload-1024-clients-100,scale,guided-planning,mqtt,veh-83,veh-83,rsu-1,p5g-scale-mqtt-payload-1024-clients-100-veh-83-830,ipi-session-1,multiclient-scalability-run-3,veh-83,830,100-clients,default,stationary,unsynced,true,true,clients,100,count,IPI-CooperativeService,1098,1783014950084567721,1783014885320479524,1783014885320523368,1783014950154684232,70.117,,0.044,64834.161,"CooperativeService{guidedPlanning, status=request, vehicleId=0x7665682d3833, requestedHorizonMs=2500, confidence=100, planning.waypoints=1, offloadTaskId=probe-830, offloadPayload=1024 bytes}"
5g-sender,1783014950452490161,edge4av-real-20260702-multiclient-scalability-run-3,p5g-scale-mqtt-payload-1024-clients-100,scale,guided-planning,mqtt,veh-83,veh-83,rsu-1,p5g-scale-mqtt-payload-1024-clients-100-veh-83-831,ipi-session-1,multiclient-scalability-run-3,veh-83,831,100-clients,default,stationary,unsynced,true,true,clients,100,count,IPI-CooperativeService,1098,1783014950354845950,1783014885620537365,1783014885620580447,1783014950452490161,97.644,,0.043,64831.910,"CooperativeService{guidedPlanning, status=request, vehicleId=0x7665682d3833, requestedHorizonMs=2500, confidence=100, planning.waypoints=1, offloadTaskId=probe-831, offloadPayload=1024 bytes}"
5g-sender,1783014950804435985,edge4av-real-20260702-multiclient-scalability-run-3,p5g-scale-mqtt-payload-1024-clients-100,scale,guided-planning,mqtt,veh-83,veh-83,rsu-1,p5g-scale-mqtt-payload-1024-clients-100-veh-83-832,ipi-session-1,multiclient-scalability-run-3,veh-83,832,100-clients,default,stationary,unsynced,true,true,clients,100,count,IPI-CooperativeService,1098,1783014950652645176,1783014885971408132,1783014885971451484,1783014950804435985,151.791,,0.043,64832.985,"CooperativeService{guidedPlanning, status=request, vehicleId=0x7665682d3833, requestedHorizonMs=2500, confidence=100, planning.waypoints=1, offloadTaskId=probe-832, offloadPayload=1024 bytes}"
5g-sender,1783014951168546738,edge4av-real-20260702-multiclient-scalability-run-3,p5g-scale-mqtt-payload-1024-clients-100,scale,guided-planning,mqtt,veh-83,veh-83,rsu-1,p5g-scale-mqtt-payload-1024-clients-100-veh-83-833,ipi-session-1,multiclient-scalability-run-3,veh-83,833,100-clients,default,stationary,unsynced,true,true,clients,100,count,IPI-CooperativeService,1098,1783014951004633280,1783014886322080595,1783014886322135555,1783014951168546738,163.913,,0.055,64846.411,"CooperativeService{guidedPlanning, status=request, vehicleId=0x7665682d3833, requestedHorizonMs=2500, confidence=100, planning.waypoints=1, offloadTaskId=probe-833, offloadPayload=1024 bytes}"
5g-sender,1783014951508515344,edge4av-real-20260702-multiclient-scalability-run-3,p5g-scale-mqtt-payload-1024-clients-100,scale,guided-planning,mqtt,veh-83,veh-83,rsu-1,p5g-scale-mqtt-payload-1024-clients-100-veh-83-834,ipi-session-1,multiclient-scalability-run-3,veh-83,834,100-clients,default,stationary,unsynced,true,true,clients,100,count,IPI-CooperativeService,1098,1783014951368726360,1783014886672395599,1783014886672439625,1783014951508515344,139.789,,0.044,64836.076,"CooperativeService{guidedPlanning, status=request, vehicleId=0x7665682d3833, requestedHorizonMs=2500, confidence=100, planning.waypoints=1, offloadTaskId=probe-834, offloadPayload=1024 bytes}"
5g-sender,1783014951870506986,edge4av-real-20260702-multiclient-scalability-run-3,p5g-scale-mqtt-payload-1024-clients-100,scale,guided-planning,mqtt,veh-83,veh-83,rsu-1,p5g-scale-mqtt-payload-1024-clients-100-veh-83-835,ipi-session-1,multiclient-scalability-run-3,veh-83,835,100-clients,default,stationary,unsynced,true,true,clients,100,count,IPI-CooperativeService,1098,1783014951708671139,1783014887033282403,1783014887033325668,1783014951870506986,161.836,,0.043,64837.181,"CooperativeService{guidedPlanning, status=request, vehicleId=0x7665682d3833, requestedHorizonMs=2500, confidence=100, planning.waypoints=1, offloadTaskId=probe-835, offloadPayload=1024 bytes}"
5g-sender,1783014952222683562,edge4av-real-20260702-multiclient-scalability-run-3,p5g-scale-mqtt-payload-1024-clients-100,scale,guided-planning,mqtt,veh-83,veh-83,rsu-1,p5g-scale-mqtt-payload-1024-clients-100-veh-83-836,ipi-session-1,multiclient-scalability-run-3,veh-83,836,100-clients,default,stationary,unsynced,true,true,clients,100,count,IPI-CooperativeService,1098,1783014952070651264,1783014887383156800,1783014887383220229,1783014952222683562,152.032,,0.063,64839.463,"CooperativeService{guidedPlanning, status=request, vehicleId=0x7665682d3833, requestedHorizonMs=2500, confidence=100, planning.waypoints=1, offloadTaskId=probe-836, offloadPayload=1024 bytes}"
5g-sender,1783014952560517873,edge4av-real-20260702-multiclient-scalability-run-3,p5g-scale-mqtt-payload-1024-clients-100,scale,guided-planning,mqtt,veh-83,veh-83,rsu-1,p5g-scale-mqtt-payload-1024-clients-100-veh-83-837,ipi-session-1,multiclient-scalability-run-3,veh-83,837,100-clients,default,stationary,unsynced,true,true,clients,100,count,IPI-CooperativeService,1098,1783014952422941595,1783014887723613937,1783014887723682195,1783014952560517873,137.576,,0.068,64836.836,"CooperativeService{guidedPlanning, status=request, vehicleId=0x7665682d3833, requestedHorizonMs=2500, confidence=100, planning.waypoints=1, offloadTaskId=probe-837, offloadPayload=1024 bytes}"
5g-sender,1783014952908538109,edge4av-real-20260702-multiclient-scalability-run-3,p5g-scale-mqtt-payload-1024-clients-100,scale,guided-planning,mqtt,veh-83,veh-83,rsu-1,p5g-scale-mqtt-payload-1024-clients-100-veh-83-838,ipi-session-1,multiclient-scalability-run-3,veh-83,838,100-clients,default,stationary,unsynced,true,true,clients,100,count,IPI-CooperativeService,1098,1783014952760696354,1783014888066864619,1783014888066918898,1783014952908538109,147.842,,0.054,64841.619,"CooperativeService{guidedPlanning, status=request, vehicleId=0x7665682d3833, requestedHorizonMs=2500, confidence=100, planning.waypoints=1, offloadTaskId=probe-838, offloadPayload=1024 bytes}"
5g-sender,1783014953268583480,edge4av-real-20260702-multiclient-scalability-run-3,p5g-scale-mqtt-payload-1024-clients-100,scale,guided-planning,mqtt,veh-83,veh-83,rsu-1,p5g-scale-mqtt-payload-1024-clients-100-veh-83-839,ipi-session-1,multiclient-scalability-run-3,veh-83,839,100-clients,default,stationary,unsynced,true,true,clients,100,count,IPI-CooperativeService,1098,1783014953108792854,1783014888426388331,1783014888426431764,1783014953268583480,159.791,,0.043,64842.152,"CooperativeService{guidedPlanning, status=request, vehicleId=0x7665682d3833, requestedHorizonMs=2500, confidence=100, planning.waypoints=1, offloadTaskId=probe-839, offloadPayload=1024 bytes}"
5g-sender,1783014953570383313,edge4av-real-20260702-multiclient-scalability-run-3,p5g-scale-mqtt-payload-1024-clients-100,scale,guided-planning,mqtt,veh-83,veh-83,rsu-1,p5g-scale-mqtt-payload-1024-clients-100-veh-83-840,ipi-session-1,multiclient-scalability-run-3,veh-83,840,100-clients,default,stationary,unsynced,true,true,clients,100,count,IPI-CooperativeService,1098,1783014953468741974,1783014888736711376,1783014888736756350,1783014953570383313,101.641,,0.045,64833.627,"CooperativeService{guidedPlanning, status=request, vehicleId=0x7665682d3833, requestedHorizonMs=2500, confidence=100, planning.waypoints=1, offloadTaskId=probe-840, offloadPayload=1024 bytes}"
5g-sender,1783014953878627162,edge4av-real-20260702-multiclient-scalability-run-3,p5g-scale-mqtt-payload-1024-clients-100,scale,guided-planning,mqtt,veh-83,veh-83,rsu-1,p5g-scale-mqtt-payload-1024-clients-100-veh-83-841,ipi-session-1,multiclient-scalability-run-3,veh-83,841,100-clients,default,stationary,unsynced,true,true,clients,100,count,IPI-CooperativeService,1098,1783014953770580268,1783014889046372883,1783014889046416296,1783014953878627162,108.047,,0.043,64832.211,"CooperativeService{guidedPlanning, status=request, vehicleId=0x7665682d3833, requestedHorizonMs=2500, confidence=100, planning.waypoints=1, offloadTaskId=probe-841, offloadPayload=1024 bytes}"
5g-sender,1783014954220543086,edge4av-real-20260702-multiclient-scalability-run-3,p5g-scale-mqtt-payload-1024-clients-100,scale,guided-planning,mqtt,veh-83,veh-83,rsu-1,p5g-scale-mqtt-payload-1024-clients-100-veh-83-842,ipi-session-1,multiclient-scalability-run-3,veh-83,842,100-clients,default,stationary,unsynced,true,true,clients,100,count,IPI-CooperativeService,1098,1783014954078798224,1783014889386738118,1783014889386788778,1783014954220543086,141.745,,0.051,64833.754,"CooperativeService{guidedPlanning, status=request, vehicleId=0x7665682d3833, requestedHorizonMs=2500, confidence=100, planning.waypoints=1, offloadTaskId=probe-842, offloadPayload=1024 bytes}"
5g-sender,1783014954600529233,edge4av-real-20260702-multiclient-scalability-run-3,p5g-scale-mqtt-payload-1024-clients-100,scale,guided-planning,mqtt,veh-83,veh-83,rsu-1,p5g-scale-mqtt-payload-1024-clients-100-veh-83-843,ipi-session-1,multiclient-scalability-run-3,veh-83,843,100-clients,default,stationary,unsynced,true,true,clients,100,count,IPI-CooperativeService,1098,1783014954420706096,1783014889768298705,1783014889768343551,1783014954600529233,179.823,,0.045,64832.186,"CooperativeService{guidedPlanning, status=request, vehicleId=0x7665682d3833, requestedHorizonMs=2500, confidence=100, planning.waypoints=1, offloadTaskId=probe-843, offloadPayload=1024 bytes}"
5g-sender,1783014954894530242,edge4av-real-20260702-multiclient-scalability-run-3,p5g-scale-mqtt-payload-1024-clients-100,scale,guided-planning,mqtt,veh-83,veh-83,rsu-1,p5g-scale-mqtt-payload-1024-clients-100-veh-83-844,ipi-session-1,multiclient-scalability-run-3,veh-83,844,100-clients,default,stationary,unsynced,true,true,clients,100,count,IPI-CooperativeService,1098,1783014954800689491,1783014890058123668,1783014890058179146,1783014954894530242,93.841,,0.055,64836.351,"CooperativeService{guidedPlanning, status=request, vehicleId=0x7665682d3833, requestedHorizonMs=2500, confidence=100, planning.waypoints=1, offloadTaskId=probe-844, offloadPayload=1024 bytes}"
5g-sender,1783014955208577342,edge4av-real-20260702-multiclient-scalability-run-3,p5g-scale-mqtt-payload-1024-clients-100,scale,guided-planning,mqtt,veh-83,veh-83,rsu-1,p5g-scale-mqtt-payload-1024-clients-100-veh-83-845,ipi-session-1,multiclient-scalability-run-3,veh-83,845,100-clients,default,stationary,unsynced,true,true,clients,100,count,IPI-CooperativeService,1098,1783014955094734390,1783014890362407962,1783014890362452168,1783014955208577342,113.843,,0.044,64846.125,"CooperativeService{guidedPlanning, status=request, vehicleId=0x7665682d3833, requestedHorizonMs=2500, confidence=100, planning.waypoints=1, offloadTaskId=probe-845, offloadPayload=1024 bytes}"
5g-sender,1783014955516531932,edge4av-real-20260702-multiclient-scalability-run-3,p5g-scale-mqtt-payload-1024-clients-100,scale,guided-planning,mqtt,veh-83,veh-83,rsu-1,p5g-scale-mqtt-payload-1024-clients-100-veh-83-846,ipi-session-1,multiclient-scalability-run-3,veh-83,846,100-clients,default,stationary,unsynced,true,true,clients,100,count,IPI-CooperativeService,1098,1783014955408727433,1783014890680244558,1783014890680288690,1783014955516531932,107.804,,0.044,64836.243,"CooperativeService{guidedPlanning, status=request, vehicleId=0x7665682d3833, requestedHorizonMs=2500, confidence=100, planning.waypoints=1, offloadTaskId=probe-846, offloadPayload=1024 bytes}"
5g-sender,1783014955844551984,edge4av-real-20260702-multiclient-scalability-run-3,p5g-scale-mqtt-payload-1024-clients-100,scale,guided-planning,mqtt,veh-83,veh-83,rsu-1,p5g-scale-mqtt-payload-1024-clients-100-veh-83-847,ipi-session-1,multiclient-scalability-run-3,veh-83,847,100-clients,default,stationary,unsynced,true,true,clients,100,count,IPI-CooperativeService,1098,1783014955716718717,1783014891009738347,1783014891009810328,1783014955844551984,127.833,,0.072,64834.742,"CooperativeService{guidedPlanning, status=request, vehicleId=0x7665682d3833, requestedHorizonMs=2500, confidence=100, planning.waypoints=1, offloadTaskId=probe-847, offloadPayload=1024 bytes}"
5g-sender,1783014956136515634,edge4av-real-20260702-multiclient-scalability-run-3,p5g-scale-mqtt-payload-1024-clients-100,scale,guided-planning,mqtt,veh-83,veh-83,rsu-1,p5g-scale-mqtt-payload-1024-clients-100-veh-83-848,ipi-session-1,multiclient-scalability-run-3,veh-83,848,100-clients,default,stationary,unsynced,true,true,clients,100,count,IPI-CooperativeService,1098,1783014956044738615,1783014891301368370,1783014891301423289,1783014956136515634,91.777,,0.055,64835.092,"CooperativeService{guidedPlanning, status=request, vehicleId=0x7665682d3833, requestedHorizonMs=2500, confidence=100, planning.waypoints=1, offloadTaskId=probe-848, offloadPayload=1024 bytes}"
5g-sender,1783014956458427286,edge4av-real-20260702-multiclient-scalability-run-3,p5g-scale-mqtt-payload-1024-clients-100,scale,guided-planning,mqtt,veh-83,veh-83,rsu-1,p5g-scale-mqtt-payload-1024-clients-100-veh-83-849,ipi-session-1,multiclient-scalability-run-3,veh-83,849,100-clients,default,stationary,unsynced,true,true,clients,100,count,IPI-CooperativeService,1098,1783014956336815720,1783014891621998793,1783014891622065207,1783014956458427286,121.612,,0.066,64836.362,"CooperativeService{guidedPlanning, status=request, vehicleId=0x7665682d3833, requestedHorizonMs=2500, confidence=100, planning.waypoints=1, offloadTaskId=probe-849, offloadPayload=1024 bytes}"
5g-sender,1783014956758603862,edge4av-real-20260702-multiclient-scalability-run-3,p5g-scale-mqtt-payload-1024-clients-100,scale,guided-planning,mqtt,veh-83,veh-83,rsu-1,p5g-scale-mqtt-payload-1024-clients-100-veh-83-850,ipi-session-1,multiclient-scalability-run-3,veh-83,850,100-clients,default,stationary,unsynced,true,true,clients,100,count,IPI-CooperativeService,1098,1783014956658608990,1783014891921959174,1783014891922002449,1783014956758603862,99.995,,0.043,64836.601,"CooperativeService{guidedPlanning, status=request, vehicleId=0x7665682d3833, requestedHorizonMs=2500, confidence=100, planning.waypoints=1, offloadTaskId=probe-850, offloadPayload=1024 bytes}"
5g-sender,1783014957064795756,edge4av-real-20260702-multiclient-scalability-run-3,p5g-scale-mqtt-payload-1024-clients-100,scale,guided-planning,mqtt,veh-83,veh-83,rsu-1,p5g-scale-mqtt-payload-1024-clients-100-veh-83-851,ipi-session-1,multiclient-scalability-run-3,veh-83,851,100-clients,default,stationary,unsynced,true,true,clients,100,count,IPI-CooperativeService,1098,1783014956958759510,1783014892222344450,1783014892222408415,1783014957064795756,106.036,,0.064,64842.387,"CooperativeService{guidedPlanning, status=request, vehicleId=0x7665682d3833, requestedHorizonMs=2500, confidence=100, planning.waypoints=1, offloadTaskId=probe-851, offloadPayload=1024 bytes}"
5g-sender,1783014957328654695,edge4av-real-20260702-multiclient-scalability-run-3,p5g-scale-mqtt-payload-1024-clients-100,scale,guided-planning,mqtt,veh-83,veh-83,rsu-1,p5g-scale-mqtt-payload-1024-clients-100-veh-83-852,ipi-session-1,multiclient-scalability-run-3,veh-83,852,100-clients,default,stationary,unsynced,true,true,clients,100,count,IPI-CooperativeService,1098,1783014957265368572,1783014892495079317,1783014892495122909,1783014957328654695,63.286,,0.044,64833.532,"CooperativeService{guidedPlanning, status=request, vehicleId=0x7665682d3833, requestedHorizonMs=2500, confidence=100, planning.waypoints=1, offloadTaskId=probe-852, offloadPayload=1024 bytes}"
5g-sender,1783014957628647342,edge4av-real-20260702-multiclient-scalability-run-3,p5g-scale-mqtt-payload-1024-clients-100,scale,guided-planning,mqtt,veh-83,veh-83,rsu-1,p5g-scale-mqtt-payload-1024-clients-100-veh-83-853,ipi-session-1,multiclient-scalability-run-3,veh-83,853,100-clients,default,stationary,unsynced,true,true,clients,100,count,IPI-CooperativeService,1098,1783014957528890883,1783014892783927457,1783014892783993113,1783014957628647342,99.756,,0.066,64844.654,"CooperativeService{guidedPlanning, status=request, vehicleId=0x7665682d3833, requestedHorizonMs=2500, confidence=100, planning.waypoints=1, offloadTaskId=probe-853, offloadPayload=1024 bytes}"
5g-sender,1783014957888537593,edge4av-real-20260702-multiclient-scalability-run-3,p5g-scale-mqtt-payload-1024-clients-100,scale,guided-planning,mqtt,veh-83,veh-83,rsu-1,p5g-scale-mqtt-payload-1024-clients-100-veh-83-854,ipi-session-1,multiclient-scalability-run-3,veh-83,854,100-clients,default,stationary,unsynced,true,true,clients,100,count,IPI-CooperativeService,1098,1783014957828851810,1783014893054785164,1783014893054828016,1783014957888537593,59.686,,0.043,64833.710,"CooperativeService{guidedPlanning, status=request, vehicleId=0x7665682d3833, requestedHorizonMs=2500, confidence=100, planning.waypoints=1, offloadTaskId=probe-854, offloadPayload=1024 bytes}"
5g-sender,1783014958134462479,edge4av-real-20260702-multiclient-scalability-run-3,p5g-scale-mqtt-payload-1024-clients-100,scale,guided-planning,mqtt,veh-83,veh-83,rsu-1,p5g-scale-mqtt-payload-1024-clients-100-veh-83-855,ipi-session-1,multiclient-scalability-run-3,veh-83,855,100-clients,default,stationary,unsynced,true,true,clients,100,count,IPI-CooperativeService,1098,1783014958088746194,1783014893297795201,1783014893297839896,1783014958134462479,45.716,,0.045,64836.623,"CooperativeService{guidedPlanning, status=request, vehicleId=0x7665682d3833, requestedHorizonMs=2500, confidence=100, planning.waypoints=1, offloadTaskId=probe-855, offloadPayload=1024 bytes}"
5g-sender,1783014958396905286,edge4av-real-20260702-multiclient-scalability-run-3,p5g-scale-mqtt-payload-1024-clients-100,scale,guided-planning,mqtt,veh-83,veh-83,rsu-1,p5g-scale-mqtt-payload-1024-clients-100-veh-83-856,ipi-session-1,multiclient-scalability-run-3,veh-83,856,100-clients,default,stationary,unsynced,true,true,clients,100,count,IPI-CooperativeService,1098,1783014958334637033,1783014893565678070,1783014893565722599,1783014958396905286,62.268,,0.045,64831.183,"CooperativeService{guidedPlanning, status=request, vehicleId=0x7665682d3833, requestedHorizonMs=2500, confidence=100, planning.waypoints=1, offloadTaskId=probe-856, offloadPayload=1024 bytes}"
5g-sender,1783014958728603852,edge4av-real-20260702-multiclient-scalability-run-3,p5g-scale-mqtt-payload-1024-clients-100,scale,guided-planning,mqtt,veh-83,veh-83,rsu-1,p5g-scale-mqtt-payload-1024-clients-100-veh-83-857,ipi-session-1,multiclient-scalability-run-3,veh-83,857,100-clients,default,stationary,unsynced,true,true,clients,100,count,IPI-CooperativeService,1098,1783014958597112184,1783014893886137739,1783014893886188779,1783014958728603852,131.492,,0.051,64842.415,"CooperativeService{guidedPlanning, status=request, vehicleId=0x7665682d3833, requestedHorizonMs=2500, confidence=100, planning.waypoints=1, offloadTaskId=probe-857, offloadPayload=1024 bytes}"
5g-sender,1783014958980486357,edge4av-real-20260702-multiclient-scalability-run-3,p5g-scale-mqtt-payload-1024-clients-100,scale,guided-planning,mqtt,veh-83,veh-83,rsu-1,p5g-scale-mqtt-payload-1024-clients-100-veh-83-858,ipi-session-1,multiclient-scalability-run-3,veh-83,858,100-clients,default,stationary,unsynced,true,true,clients,100,count,IPI-CooperativeService,1098,1783014958928816590,1783014894148654233,1783014894148743433,1783014958980486357,51.670,,0.089,64831.743,"CooperativeService{guidedPlanning, status=request, vehicleId=0x7665682d3833, requestedHorizonMs=2500, confidence=100, planning.waypoints=1, offloadTaskId=probe-858, offloadPayload=1024 bytes}"
5g-sender,1783014959228719653,edge4av-real-20260702-multiclient-scalability-run-3,p5g-scale-mqtt-payload-1024-clients-100,scale,guided-planning,mqtt,veh-83,veh-83,rsu-1,p5g-scale-mqtt-payload-1024-clients-100-veh-83-859,ipi-session-1,multiclient-scalability-run-3,veh-83,859,100-clients,default,stationary,unsynced,true,true,clients,100,count,IPI-CooperativeService,1098,1783014959180653584,1783014894396399428,1783014894396442669,1783014959228719653,48.066,,0.043,64832.277,"CooperativeService{guidedPlanning, status=request, vehicleId=0x7665682d3833, requestedHorizonMs=2500, confidence=100, planning.waypoints=1, offloadTaskId=probe-859, offloadPayload=1024 bytes}"
5g-sender,1783014959492625955,edge4av-real-20260702-multiclient-scalability-run-3,p5g-scale-mqtt-payload-1024-clients-100,scale,guided-planning,mqtt,veh-83,veh-83,rsu-1,p5g-scale-mqtt-payload-1024-clients-100-veh-83-860,ipi-session-1,multiclient-scalability-run-3,veh-83,860,100-clients,default,stationary,unsynced,true,true,clients,100,count,IPI-CooperativeService,1098,1783014959428883811,1783014894656089414,1783014894656133256,1783014959492625955,63.742,,0.044,64836.493,"CooperativeService{guidedPlanning, status=request, vehicleId=0x7665682d3833, requestedHorizonMs=2500, confidence=100, planning.waypoints=1, offloadTaskId=probe-860, offloadPayload=1024 bytes}"
5g-sender,1783014959744571380,edge4av-real-20260702-multiclient-scalability-run-3,p5g-scale-mqtt-payload-1024-clients-100,scale,guided-planning,mqtt,veh-83,veh-83,rsu-1,p5g-scale-mqtt-payload-1024-clients-100-veh-83-861,ipi-session-1,multiclient-scalability-run-3,veh-83,861,100-clients,default,stationary,unsynced,true,true,clients,100,count,IPI-CooperativeService,1098,1783014959692788910,1783014894907032583,1783014894907075747,1783014959744571380,51.782,,0.043,64837.496,"CooperativeService{guidedPlanning, status=request, vehicleId=0x7665682d3833, requestedHorizonMs=2500, confidence=100, planning.waypoints=1, offloadTaskId=probe-861, offloadPayload=1024 bytes}"
5g-sender,1783014959996627836,edge4av-real-20260702-multiclient-scalability-run-3,p5g-scale-mqtt-payload-1024-clients-100,scale,guided-planning,mqtt,veh-83,veh-83,rsu-1,p5g-scale-mqtt-payload-1024-clients-100-veh-83-862,ipi-session-1,multiclient-scalability-run-3,veh-83,862,100-clients,default,stationary,unsynced,true,true,clients,100,count,IPI-CooperativeService,1098,1783014959944729848,1783014895160006357,1783014895160049767,1783014959996627836,51.898,,0.043,64836.578,"CooperativeService{guidedPlanning, status=request, vehicleId=0x7665682d3833, requestedHorizonMs=2500, confidence=100, planning.waypoints=1, offloadTaskId=probe-862, offloadPayload=1024 bytes}"
5g-sender,1783014960256559004,edge4av-real-20260702-multiclient-scalability-run-3,p5g-scale-mqtt-payload-1024-clients-100,scale,guided-planning,mqtt,veh-83,veh-83,rsu-1,p5g-scale-mqtt-payload-1024-clients-100-veh-83-863,ipi-session-1,multiclient-scalability-run-3,veh-83,863,100-clients,default,stationary,unsynced,true,true,clients,100,count,IPI-CooperativeService,1098,1783014960196825198,1783014895419037140,1783014895419110740,1783014960256559004,59.734,,0.074,64837.448,"CooperativeService{guidedPlanning, status=request, vehicleId=0x7665682d3833, requestedHorizonMs=2500, confidence=100, planning.waypoints=1, offloadTaskId=probe-863, offloadPayload=1024 bytes}"
5g-sender,1783014960536832275,edge4av-real-20260702-multiclient-scalability-run-3,p5g-scale-mqtt-payload-1024-clients-100,scale,guided-planning,mqtt,veh-83,veh-83,rsu-1,p5g-scale-mqtt-payload-1024-clients-100-veh-83-864,ipi-session-1,multiclient-scalability-run-3,veh-83,864,100-clients,default,stationary,unsynced,true,true,clients,100,count,IPI-CooperativeService,1098,1783014960456842440,1783014895699737797,1783014895699782182,1783014960536832275,79.990,,0.044,64837.050,"CooperativeService{guidedPlanning, status=request, vehicleId=0x7665682d3833, requestedHorizonMs=2500, confidence=100, planning.waypoints=1, offloadTaskId=probe-864, offloadPayload=1024 bytes}"
5g-sender,1783014960828606691,edge4av-real-20260702-multiclient-scalability-run-3,p5g-scale-mqtt-payload-1024-clients-100,scale,guided-planning,mqtt,veh-83,veh-83,rsu-1,p5g-scale-mqtt-payload-1024-clients-100-veh-83-865,ipi-session-1,multiclient-scalability-run-3,veh-83,865,100-clients,default,stationary,unsynced,true,true,clients,100,count,IPI-CooperativeService,1098,1783014960736999154,1783014895989945687,1783014895990008691,1783014960828606691,91.608,,0.063,64838.598,"CooperativeService{guidedPlanning, status=request, vehicleId=0x7665682d3833, requestedHorizonMs=2500, confidence=100, planning.waypoints=1, offloadTaskId=probe-865, offloadPayload=1024 bytes}"
5g-sender,1783014961116569490,edge4av-real-20260702-multiclient-scalability-run-3,p5g-scale-mqtt-payload-1024-clients-100,scale,guided-planning,mqtt,veh-83,veh-83,rsu-1,p5g-scale-mqtt-payload-1024-clients-100-veh-83-866,ipi-session-1,multiclient-scalability-run-3,veh-83,866,100-clients,default,stationary,unsynced,true,true,clients,100,count,IPI-CooperativeService,1098,1783014961028767855,1783014896281132710,1783014896281176529,1783014961116569490,87.802,,0.044,64835.393,"CooperativeService{guidedPlanning, status=request, vehicleId=0x7665682d3833, requestedHorizonMs=2500, confidence=100, planning.waypoints=1, offloadTaskId=probe-866, offloadPayload=1024 bytes}"
5g-sender,1783014961426525803,edge4av-real-20260702-multiclient-scalability-run-3,p5g-scale-mqtt-payload-1024-clients-100,scale,guided-planning,mqtt,veh-83,veh-83,rsu-1,p5g-scale-mqtt-payload-1024-clients-100-veh-83-867,ipi-session-1,multiclient-scalability-run-3,veh-83,867,100-clients,default,stationary,unsynced,true,true,clients,100,count,IPI-CooperativeService,1098,1783014961316753964,1783014896591598164,1783014896591641957,1783014961426525803,109.772,,0.044,64834.884,"CooperativeService{guidedPlanning, status=request, vehicleId=0x7665682d3833, requestedHorizonMs=2500, confidence=100, planning.waypoints=1, offloadTaskId=probe-867, offloadPayload=1024 bytes}"
5g-sender,1783014961716597764,edge4av-real-20260702-multiclient-scalability-run-3,p5g-scale-mqtt-payload-1024-clients-100,scale,guided-planning,mqtt,veh-83,veh-83,rsu-1,p5g-scale-mqtt-payload-1024-clients-100-veh-83-868,ipi-session-1,multiclient-scalability-run-3,veh-83,868,100-clients,default,stationary,unsynced,true,true,clients,100,count,IPI-CooperativeService,1098,1783014961626679018,1783014896881222931,1783014896881273796,1783014961716597764,89.919,,0.051,64835.324,"CooperativeService{guidedPlanning, status=request, vehicleId=0x7665682d3833, requestedHorizonMs=2500, confidence=100, planning.waypoints=1, offloadTaskId=probe-868, offloadPayload=1024 bytes}"
5g-sender,1783014962028589475,edge4av-real-20260702-multiclient-scalability-run-3,p5g-scale-mqtt-payload-1024-clients-100,scale,guided-planning,mqtt,veh-83,veh-83,rsu-1,p5g-scale-mqtt-payload-1024-clients-100-veh-83-869,ipi-session-1,multiclient-scalability-run-3,veh-83,869,100-clients,default,stationary,unsynced,true,true,clients,100,count,IPI-CooperativeService,1098,1783014961916740631,1783014897192319214,1783014897192363477,1783014962028589475,111.849,,0.044,64836.226,"CooperativeService{guidedPlanning, status=request, vehicleId=0x7665682d3833, requestedHorizonMs=2500, confidence=100, planning.waypoints=1, offloadTaskId=probe-869, offloadPayload=1024 bytes}"
5g-sender,1783014962354633839,edge4av-real-20260702-multiclient-scalability-run-3,p5g-scale-mqtt-payload-1024-clients-100,scale,guided-planning,mqtt,veh-83,veh-83,rsu-1,p5g-scale-mqtt-payload-1024-clients-100-veh-83-870,ipi-session-1,multiclient-scalability-run-3,veh-83,870,100-clients,default,stationary,unsynced,true,true,clients,100,count,IPI-CooperativeService,1098,1783014962228797400,1783014897521462952,1783014897521506656,1783014962354633839,125.836,,0.044,64833.127,"CooperativeService{guidedPlanning, status=request, vehicleId=0x7665682d3833, requestedHorizonMs=2500, confidence=100, planning.waypoints=1, offloadTaskId=probe-870, offloadPayload=1024 bytes}"
5g-sender,1783014962708567206,edge4av-real-20260702-multiclient-scalability-run-3,p5g-scale-mqtt-payload-1024-clients-100,scale,guided-planning,mqtt,veh-83,veh-83,rsu-1,p5g-scale-mqtt-payload-1024-clients-100-veh-83-871,ipi-session-1,multiclient-scalability-run-3,veh-83,871,100-clients,default,stationary,unsynced,true,true,clients,100,count,IPI-CooperativeService,1098,1783014962554821473,1783014897864114771,1783014897864158483,1783014962708567206,153.746,,0.044,64844.409,"CooperativeService{guidedPlanning, status=request, vehicleId=0x7665682d3833, requestedHorizonMs=2500, confidence=100, planning.waypoints=1, offloadTaskId=probe-871, offloadPayload=1024 bytes}"
5g-sender,1783014963048522944,edge4av-real-20260702-multiclient-scalability-run-3,p5g-scale-mqtt-payload-1024-clients-100,scale,guided-planning,mqtt,veh-83,veh-83,rsu-1,p5g-scale-mqtt-payload-1024-clients-100-veh-83-872,ipi-session-1,multiclient-scalability-run-3,veh-83,872,100-clients,default,stationary,unsynced,true,true,clients,100,count,IPI-CooperativeService,1098,1783014962909408414,1783014898213439170,1783014898213483933,1783014963048522944,139.115,,0.045,64835.039,"CooperativeService{guidedPlanning, status=request, vehicleId=0x7665682d3833, requestedHorizonMs=2500, confidence=100, planning.waypoints=1, offloadTaskId=probe-872, offloadPayload=1024 bytes}"
5g-sender,1783014963426624184,edge4av-real-20260702-multiclient-scalability-run-3,p5g-scale-mqtt-payload-1024-clients-100,scale,guided-planning,mqtt,veh-83,veh-83,rsu-1,p5g-scale-mqtt-payload-1024-clients-100-veh-83-873,ipi-session-1,multiclient-scalability-run-3,veh-83,873,100-clients,default,stationary,unsynced,true,true,clients,100,count,IPI-CooperativeService,1098,1783014963248689141,1783014898594340454,1783014898594407250,1783014963426624184,177.935,,0.067,64832.217,"CooperativeService{guidedPlanning, status=request, vehicleId=0x7665682d3833, requestedHorizonMs=2500, confidence=100, planning.waypoints=1, offloadTaskId=probe-873, offloadPayload=1024 bytes}"
5g-sender,1783014963720455603,edge4av-real-20260702-multiclient-scalability-run-3,p5g-scale-mqtt-payload-1024-clients-100,scale,guided-planning,mqtt,veh-83,veh-83,rsu-1,p5g-scale-mqtt-payload-1024-clients-100-veh-83-874,ipi-session-1,multiclient-scalability-run-3,veh-83,874,100-clients,default,stationary,unsynced,true,true,clients,100,count,IPI-CooperativeService,1098,1783014963626782501,1783014898884614586,1783014898884658085,1783014963720455603,93.673,,0.043,64835.798,"CooperativeService{guidedPlanning, status=request, vehicleId=0x7665682d3833, requestedHorizonMs=2500, confidence=100, planning.waypoints=1, offloadTaskId=probe-874, offloadPayload=1024 bytes}"
5g-sender,1783014964008858470,edge4av-real-20260702-multiclient-scalability-run-3,p5g-scale-mqtt-payload-1024-clients-100,scale,guided-planning,mqtt,veh-83,veh-83,rsu-1,p5g-scale-mqtt-payload-1024-clients-100-veh-83-875,ipi-session-1,multiclient-scalability-run-3,veh-83,875,100-clients,default,stationary,unsynced,true,true,clients,100,count,IPI-CooperativeService,1098,1783014963920620927,1783014899176257042,1783014899176312646,1783014964008858470,88.238,,0.056,64832.546,"CooperativeService{guidedPlanning, status=request, vehicleId=0x7665682d3833, requestedHorizonMs=2500, confidence=100, planning.waypoints=1, offloadTaskId=probe-875, offloadPayload=1024 bytes}"
5g-sender,1783014964320596398,edge4av-real-20260702-multiclient-scalability-run-3,p5g-scale-mqtt-payload-1024-clients-100,scale,guided-planning,mqtt,veh-83,veh-83,rsu-1,p5g-scale-mqtt-payload-1024-clients-100-veh-83-876,ipi-session-1,multiclient-scalability-run-3,veh-83,876,100-clients,default,stationary,unsynced,true,true,clients,100,count,IPI-CooperativeService,1098,1783014964209073167,1783014899488357326,1783014899488401629,1783014964320596398,111.523,,0.044,64832.195,"CooperativeService{guidedPlanning, status=request, vehicleId=0x7665682d3833, requestedHorizonMs=2500, confidence=100, planning.waypoints=1, offloadTaskId=probe-876, offloadPayload=1024 bytes}"
5g-sender,1783014964648791440,edge4av-real-20260702-multiclient-scalability-run-3,p5g-scale-mqtt-payload-1024-clients-100,scale,guided-planning,mqtt,veh-83,veh-83,rsu-1,p5g-scale-mqtt-payload-1024-clients-100-veh-83-877,ipi-session-1,multiclient-scalability-run-3,veh-83,877,100-clients,default,stationary,unsynced,true,true,clients,100,count,IPI-CooperativeService,1098,1783014964520769598,1783014899816604300,1783014899816647663,1783014964648791440,128.022,,0.043,64832.144,"CooperativeService{guidedPlanning, status=request, vehicleId=0x7665682d3833, requestedHorizonMs=2500, confidence=100, planning.waypoints=1, offloadTaskId=probe-877, offloadPayload=1024 bytes}"
5g-sender,1783014964988847739,edge4av-real-20260702-multiclient-scalability-run-3,p5g-scale-mqtt-payload-1024-clients-100,scale,guided-planning,mqtt,veh-83,veh-83,rsu-1,p5g-scale-mqtt-payload-1024-clients-100-veh-83-878,ipi-session-1,multiclient-scalability-run-3,veh-83,878,100-clients,default,stationary,unsynced,true,true,clients,100,count,IPI-CooperativeService,1098,1783014964848950798,1783014900157138971,1783014900157184517,1783014964988847739,139.897,,0.046,64831.663,"CooperativeService{guidedPlanning, status=request, vehicleId=0x7665682d3833, requestedHorizonMs=2500, confidence=100, planning.waypoints=1, offloadTaskId=probe-878, offloadPayload=1024 bytes}"
5g-sender,1783014965344542647,edge4av-real-20260702-multiclient-scalability-run-3,p5g-scale-mqtt-payload-1024-clients-100,scale,guided-planning,mqtt,veh-83,veh-83,rsu-1,p5g-scale-mqtt-payload-1024-clients-100-veh-83-879,ipi-session-1,multiclient-scalability-run-3,veh-83,879,100-clients,default,stationary,unsynced,true,true,clients,100,count,IPI-CooperativeService,1098,1783014965189005886,1783014900507139221,1783014900507190986,1783014965344542647,155.537,,0.052,64837.352,"CooperativeService{guidedPlanning, status=request, vehicleId=0x7665682d3833, requestedHorizonMs=2500, confidence=100, planning.waypoints=1, offloadTaskId=probe-879, offloadPayload=1024 bytes}"
5g-sender,1783014965646520167,edge4av-real-20260702-multiclient-scalability-run-3,p5g-scale-mqtt-payload-1024-clients-100,scale,guided-planning,mqtt,veh-83,veh-83,rsu-1,p5g-scale-mqtt-payload-1024-clients-100-veh-83-880,ipi-session-1,multiclient-scalability-run-3,veh-83,880,100-clients,default,stationary,unsynced,true,true,clients,100,count,IPI-CooperativeService,1098,1783014965544714561,1783014900809205553,1783014900809249607,1783014965646520167,101.806,,0.044,64837.271,"CooperativeService{guidedPlanning, status=request, vehicleId=0x7665682d3833, requestedHorizonMs=2500, confidence=100, planning.waypoints=1, offloadTaskId=probe-880, offloadPayload=1024 bytes}"
5g-sender,1783014965994491301,edge4av-real-20260702-multiclient-scalability-run-3,p5g-scale-mqtt-payload-1024-clients-100,scale,guided-planning,mqtt,veh-83,veh-83,rsu-1,p5g-scale-mqtt-payload-1024-clients-100-veh-83-881,ipi-session-1,multiclient-scalability-run-3,veh-83,881,100-clients,default,stationary,unsynced,true,true,clients,100,count,IPI-CooperativeService,1098,1783014965846684197,1783014901158545101,1783014901158588158,1783014965994491301,147.807,,0.043,64835.903,"CooperativeService{guidedPlanning, status=request, vehicleId=0x7665682d3833, requestedHorizonMs=2500, confidence=100, planning.waypoints=1, offloadTaskId=probe-881, offloadPayload=1024 bytes}"
5g-sender,1783014966300487203,edge4av-real-20260702-multiclient-scalability-run-3,p5g-scale-mqtt-payload-1024-clients-100,scale,guided-planning,mqtt,veh-83,veh-83,rsu-1,p5g-scale-mqtt-payload-1024-clients-100-veh-83-882,ipi-session-1,multiclient-scalability-run-3,veh-83,882,100-clients,default,stationary,unsynced,true,true,clients,100,count,IPI-CooperativeService,1098,1783014966194718723,1783014901469399975,1783014901469450029,1783014966300487203,105.768,,0.050,64831.037,"CooperativeService{guidedPlanning, status=request, vehicleId=0x7665682d3833, requestedHorizonMs=2500, confidence=100, planning.waypoints=1, offloadTaskId=probe-882, offloadPayload=1024 bytes}"
5g-sender,1783014966586663180,edge4av-real-20260702-multiclient-scalability-run-3,p5g-scale-mqtt-payload-1024-clients-100,scale,guided-planning,mqtt,veh-83,veh-83,rsu-1,p5g-scale-mqtt-payload-1024-clients-100-veh-83-883,ipi-session-1,multiclient-scalability-run-3,veh-83,883,100-clients,default,stationary,unsynced,true,true,clients,100,count,IPI-CooperativeService,1098,1783014966500651950,1783014901750669592,1783014901750713549,1783014966586663180,86.011,,0.044,64835.950,"CooperativeService{guidedPlanning, status=request, vehicleId=0x7665682d3833, requestedHorizonMs=2500, confidence=100, planning.waypoints=1, offloadTaskId=probe-883, offloadPayload=1024 bytes}"
5g-sender,1783014966902669009,edge4av-real-20260702-multiclient-scalability-run-3,p5g-scale-mqtt-payload-1024-clients-100,scale,guided-planning,mqtt,veh-83,veh-83,rsu-1,p5g-scale-mqtt-payload-1024-clients-100-veh-83-884,ipi-session-1,multiclient-scalability-run-3,veh-83,884,100-clients,default,stationary,unsynced,true,true,clients,100,count,IPI-CooperativeService,1098,1783014966786838807,1783014902069798440,1783014902069850455,1783014966902669009,115.830,,0.052,64832.819,"CooperativeService{guidedPlanning, status=request, vehicleId=0x7665682d3833, requestedHorizonMs=2500, confidence=100, planning.waypoints=1, offloadTaskId=probe-884, offloadPayload=1024 bytes}"
5g-sender,1783014967248532198,edge4av-real-20260702-multiclient-scalability-run-3,p5g-scale-mqtt-payload-1024-clients-100,scale,guided-planning,mqtt,veh-83,veh-83,rsu-1,p5g-scale-mqtt-payload-1024-clients-100-veh-83-885,ipi-session-1,multiclient-scalability-run-3,veh-83,885,100-clients,default,stationary,unsynced,true,true,clients,100,count,IPI-CooperativeService,1098,1783014967102829259,1783014902410287281,1783014902410344467,1783014967248532198,145.703,,0.057,64838.188,"CooperativeService{guidedPlanning, status=request, vehicleId=0x7665682d3833, requestedHorizonMs=2500, confidence=100, planning.waypoints=1, offloadTaskId=probe-885, offloadPayload=1024 bytes}"
5g-sender,1783014967514621852,edge4av-real-20260702-multiclient-scalability-run-3,p5g-scale-mqtt-payload-1024-clients-100,scale,guided-planning,mqtt,veh-83,veh-83,rsu-1,p5g-scale-mqtt-payload-1024-clients-100-veh-83-886,ipi-session-1,multiclient-scalability-run-3,veh-83,886,100-clients,default,stationary,unsynced,true,true,clients,100,count,IPI-CooperativeService,1098,1783014967448701241,1783014902681706959,1783014902681750766,1783014967514621852,65.921,,0.044,64832.871,"CooperativeService{guidedPlanning, status=request, vehicleId=0x7665682d3833, requestedHorizonMs=2500, confidence=100, planning.waypoints=1, offloadTaskId=probe-886, offloadPayload=1024 bytes}"
5g-sender,1783014967770485827,edge4av-real-20260702-multiclient-scalability-run-3,p5g-scale-mqtt-payload-1024-clients-100,scale,guided-planning,mqtt,veh-83,veh-83,rsu-1,p5g-scale-mqtt-payload-1024-clients-100-veh-83-887,ipi-session-1,multiclient-scalability-run-3,veh-83,887,100-clients,default,stationary,unsynced,true,true,clients,100,count,IPI-CooperativeService,1098,1783014967714817726,1783014902932625485,1783014902932715635,1783014967770485827,55.668,,0.090,64837.770,"CooperativeService{guidedPlanning, status=request, vehicleId=0x7665682d3833, requestedHorizonMs=2500, confidence=100, planning.waypoints=1, offloadTaskId=probe-887, offloadPayload=1024 bytes}"
5g-sender,1783014968028621318,edge4av-real-20260702-multiclient-scalability-run-3,p5g-scale-mqtt-payload-1024-clients-100,scale,guided-planning,mqtt,veh-83,veh-83,rsu-1,p5g-scale-mqtt-payload-1024-clients-100-veh-83-888,ipi-session-1,multiclient-scalability-run-3,veh-83,888,100-clients,default,stationary,unsynced,true,true,clients,100,count,IPI-CooperativeService,1098,1783014967970692481,1783014903191946727,1783014903191990060,1783014968028621318,57.929,,0.043,64836.631,"CooperativeService{guidedPlanning, status=request, vehicleId=0x7665682d3833, requestedHorizonMs=2500, confidence=100, planning.waypoints=1, offloadTaskId=probe-888, offloadPayload=1024 bytes}"
5g-sender,1783014968288668483,edge4av-real-20260702-multiclient-scalability-run-3,p5g-scale-mqtt-payload-1024-clients-100,scale,guided-planning,mqtt,veh-83,veh-83,rsu-1,p5g-scale-mqtt-payload-1024-clients-100-veh-83-889,ipi-session-1,multiclient-scalability-run-3,veh-83,889,100-clients,default,stationary,unsynced,true,true,clients,100,count,IPI-CooperativeService,1098,1783014968228828016,1783014903454515490,1783014903454571091,1783014968288668483,59.840,,0.056,64834.097,"CooperativeService{guidedPlanning, status=request, vehicleId=0x7665682d3833, requestedHorizonMs=2500, confidence=100, planning.waypoints=1, offloadTaskId=probe-889, offloadPayload=1024 bytes}"
5g-sender,1783014968596509561,edge4av-real-20260702-multiclient-scalability-run-3,p5g-scale-mqtt-payload-1024-clients-100,scale,guided-planning,mqtt,veh-83,veh-83,rsu-1,p5g-scale-mqtt-payload-1024-clients-100-veh-83-890,ipi-session-1,multiclient-scalability-run-3,veh-83,890,100-clients,default,stationary,unsynced,true,true,clients,100,count,IPI-CooperativeService,1098,1783014968488860667,1783014903762666237,1783014903762718302,1783014968596509561,107.649,,0.052,64833.791,"CooperativeService{guidedPlanning, status=request, vehicleId=0x7665682d3833, requestedHorizonMs=2500, confidence=100, planning.waypoints=1, offloadTaskId=probe-890, offloadPayload=1024 bytes}"
5g-sender,1783014968880425190,edge4av-real-20260702-multiclient-scalability-run-3,p5g-scale-mqtt-payload-1024-clients-100,scale,guided-planning,mqtt,veh-83,veh-83,rsu-1,p5g-scale-mqtt-payload-1024-clients-100-veh-83-891,ipi-session-1,multiclient-scalability-run-3,veh-83,891,100-clients,default,stationary,unsynced,true,true,clients,100,count,IPI-CooperativeService,1098,1783014968796661057,1783014904043868015,1783014904043926219,1783014968880425190,83.764,,0.058,64836.499,"CooperativeService{guidedPlanning, status=request, vehicleId=0x7665682d3833, requestedHorizonMs=2500, confidence=100, planning.waypoints=1, offloadTaskId=probe-891, offloadPayload=1024 bytes}"
5g-sender,1783014969148658950,edge4av-real-20260702-multiclient-scalability-run-3,p5g-scale-mqtt-payload-1024-clients-100,scale,guided-planning,mqtt,veh-83,veh-83,rsu-1,p5g-scale-mqtt-payload-1024-clients-100-veh-83-892,ipi-session-1,multiclient-scalability-run-3,veh-83,892,100-clients,default,stationary,unsynced,true,true,clients,100,count,IPI-CooperativeService,1098,1783014969080587970,1783014904315478750,1783014904315538274,1783014969148658950,68.071,,0.060,64833.121,"CooperativeService{guidedPlanning, status=request, vehicleId=0x7665682d3833, requestedHorizonMs=2500, confidence=100, planning.waypoints=1, offloadTaskId=probe-892, offloadPayload=1024 bytes}"
5g-sender,1783014969428764170,edge4av-real-20260702-multiclient-scalability-run-3,p5g-scale-mqtt-payload-1024-clients-100,scale,guided-planning,mqtt,veh-83,veh-83,rsu-1,p5g-scale-mqtt-payload-1024-clients-100-veh-83-893,ipi-session-1,multiclient-scalability-run-3,veh-83,893,100-clients,default,stationary,unsynced,true,true,clients,100,count,IPI-CooperativeService,1098,1783014969348864787,1783014904585501487,1783014904585555575,1783014969428764170,79.899,,0.054,64843.209,"CooperativeService{guidedPlanning, status=request, vehicleId=0x7665682d3833, requestedHorizonMs=2500, confidence=100, planning.waypoints=1, offloadTaskId=probe-893, offloadPayload=1024 bytes}"
5g-sender,1783014969682662774,edge4av-real-20260702-multiclient-scalability-run-3,p5g-scale-mqtt-payload-1024-clients-100,scale,guided-planning,mqtt,veh-83,veh-83,rsu-1,p5g-scale-mqtt-payload-1024-clients-100-veh-83-894,ipi-session-1,multiclient-scalability-run-3,veh-83,894,100-clients,default,stationary,unsynced,true,true,clients,100,count,IPI-CooperativeService,1098,1783014969629066354,1783014904845892347,1783014904845947251,1783014969682662774,53.596,,0.055,64836.716,"CooperativeService{guidedPlanning, status=request, vehicleId=0x7665682d3833, requestedHorizonMs=2500, confidence=100, planning.waypoints=1, offloadTaskId=probe-894, offloadPayload=1024 bytes}"
5g-sender,1783014969958759309,edge4av-real-20260702-multiclient-scalability-run-3,p5g-scale-mqtt-payload-1024-clients-100,scale,guided-planning,mqtt,veh-83,veh-83,rsu-1,p5g-scale-mqtt-payload-1024-clients-100-veh-83-895,ipi-session-1,multiclient-scalability-run-3,veh-83,895,100-clients,default,stationary,unsynced,true,true,clients,100,count,IPI-CooperativeService,1098,1783014969882825041,1783014905125899536,1783014905125942980,1783014969958759309,75.934,,0.043,64832.816,"CooperativeService{guidedPlanning, status=request, vehicleId=0x7665682d3833, requestedHorizonMs=2500, confidence=100, planning.waypoints=1, offloadTaskId=probe-895, offloadPayload=1024 bytes}"
5g-sender,1783014970330528042,edge4av-real-20260702-multiclient-scalability-run-3,p5g-scale-mqtt-payload-1024-clients-100,scale,guided-planning,mqtt,veh-83,veh-83,rsu-1,p5g-scale-mqtt-payload-1024-clients-100-veh-83-896,ipi-session-1,multiclient-scalability-run-3,veh-83,896,100-clients,default,stationary,unsynced,true,true,clients,100,count,IPI-CooperativeService,1098,1783014970158939949,1783014905497773727,1783014905497817588,1783014970330528042,171.588,,0.044,64832.710,"CooperativeService{guidedPlanning, status=request, vehicleId=0x7665682d3833, requestedHorizonMs=2500, confidence=100, planning.waypoints=1, offloadTaskId=probe-896, offloadPayload=1024 bytes}"
5g-sender,1783014970696534777,edge4av-real-20260702-multiclient-scalability-run-3,p5g-scale-mqtt-payload-1024-clients-100,scale,guided-planning,mqtt,veh-83,veh-83,rsu-1,p5g-scale-mqtt-payload-1024-clients-100-veh-83-897,ipi-session-1,multiclient-scalability-run-3,veh-83,897,100-clients,default,stationary,unsynced,true,true,clients,100,count,IPI-CooperativeService,1098,1783014970530694145,1783014905858332058,1783014905858389337,1783014970696534777,165.841,,0.057,64838.145,"CooperativeService{guidedPlanning, status=request, vehicleId=0x7665682d3833, requestedHorizonMs=2500, confidence=100, planning.waypoints=1, offloadTaskId=probe-897, offloadPayload=1024 bytes}"
5g-sender,1783014971062535774,edge4av-real-20260702-multiclient-scalability-run-3,p5g-scale-mqtt-payload-1024-clients-100,scale,guided-planning,mqtt,veh-83,veh-83,rsu-1,p5g-scale-mqtt-payload-1024-clients-100-veh-83-898,ipi-session-1,multiclient-scalability-run-3,veh-83,898,100-clients,default,stationary,unsynced,true,true,clients,100,count,IPI-CooperativeService,1098,1783014970896700003,1783014906228508289,1783014906228554883,1783014971062535774,165.836,,0.047,64833.981,"CooperativeService{guidedPlanning, status=request, vehicleId=0x7665682d3833, requestedHorizonMs=2500, confidence=100, planning.waypoints=1, offloadTaskId=probe-898, offloadPayload=1024 bytes}"
5g-sender,1783014971416662148,edge4av-real-20260702-multiclient-scalability-run-3,p5g-scale-mqtt-payload-1024-clients-100,scale,guided-planning,mqtt,veh-83,veh-83,rsu-1,p5g-scale-mqtt-payload-1024-clients-100-veh-83-899,ipi-session-1,multiclient-scalability-run-3,veh-83,899,100-clients,default,stationary,unsynced,true,true,clients,100,count,IPI-CooperativeService,1098,1783014971262694024,1783014906579053955,1783014906579097067,1783014971416662148,153.968,,0.043,64837.565,"CooperativeService{guidedPlanning, status=request, vehicleId=0x7665682d3833, requestedHorizonMs=2500, confidence=100, planning.waypoints=1, offloadTaskId=probe-899, offloadPayload=1024 bytes}"
5g-sender,1783014971762596660,edge4av-real-20260702-multiclient-scalability-run-3,p5g-scale-mqtt-payload-1024-clients-100,scale,guided-planning,mqtt,veh-83,veh-83,rsu-1,p5g-scale-mqtt-payload-1024-clients-100-veh-83-900,ipi-session-1,multiclient-scalability-run-3,veh-83,900,100-clients,default,stationary,unsynced,true,true,clients,100,count,IPI-CooperativeService,1098,1783014971616911235,1783014906929229856,1783014906929272969,1783014971762596660,145.685,,0.043,64833.324,"CooperativeService{guidedPlanning, status=request, vehicleId=0x7665682d3833, requestedHorizonMs=2500, confidence=100, planning.waypoints=1, offloadTaskId=probe-900, offloadPayload=1024 bytes}"
5g-sender,1783014972078701020,edge4av-real-20260702-multiclient-scalability-run-3,p5g-scale-mqtt-payload-1024-clients-100,scale,guided-planning,mqtt,veh-83,veh-83,rsu-1,p5g-scale-mqtt-payload-1024-clients-100-veh-83-901,ipi-session-1,multiclient-scalability-run-3,veh-83,901,100-clients,default,stationary,unsynced,true,true,clients,100,count,IPI-CooperativeService,1098,1783014971962767501,1783014907242095641,1783014907242138903,1783014972078701020,115.934,,0.043,64836.562,"CooperativeService{guidedPlanning, status=request, vehicleId=0x7665682d3833, requestedHorizonMs=2500, confidence=100, planning.waypoints=1, offloadTaskId=probe-901, offloadPayload=1024 bytes}"
5g-sender,1783014972362787784,edge4av-real-20260702-multiclient-scalability-run-3,p5g-scale-mqtt-payload-1024-clients-100,scale,guided-planning,mqtt,veh-83,veh-83,rsu-1,p5g-scale-mqtt-payload-1024-clients-100-veh-83-902,ipi-session-1,multiclient-scalability-run-3,veh-83,902,100-clients,default,stationary,unsynced,true,true,clients,100,count,IPI-CooperativeService,1098,1783014972278865943,1783014907529399857,1783014907529461232,1783014972362787784,83.922,,0.061,64833.327,"CooperativeService{guidedPlanning, status=request, vehicleId=0x7665682d3833, requestedHorizonMs=2500, confidence=100, planning.waypoints=1, offloadTaskId=probe-902, offloadPayload=1024 bytes}"
5g-sender,1783014972692601432,edge4av-real-20260702-multiclient-scalability-run-3,p5g-scale-mqtt-payload-1024-clients-100,scale,guided-planning,mqtt,veh-83,veh-83,rsu-1,p5g-scale-mqtt-payload-1024-clients-100-veh-83-903,ipi-session-1,multiclient-scalability-run-3,veh-83,903,100-clients,default,stationary,unsynced,true,true,clients,100,count,IPI-CooperativeService,1098,1783014972562973351,1783014907860432412,1783014907860484935,1783014972692601432,129.628,,0.053,64832.116,"CooperativeService{guidedPlanning, status=request, vehicleId=0x7665682d3833, requestedHorizonMs=2500, confidence=100, planning.waypoints=1, offloadTaskId=probe-903, offloadPayload=1024 bytes}"
5g-sender,1783014973046747980,edge4av-real-20260702-multiclient-scalability-run-3,p5g-scale-mqtt-payload-1024-clients-100,scale,guided-planning,mqtt,veh-83,veh-83,rsu-1,p5g-scale-mqtt-payload-1024-clients-100-veh-83-904,ipi-session-1,multiclient-scalability-run-3,veh-83,904,100-clients,default,stationary,unsynced,true,true,clients,100,count,IPI-CooperativeService,1098,1783014972892774455,1783014908212316133,1783014908212387434,1783014973046747980,153.974,,0.071,64834.361,"CooperativeService{guidedPlanning, status=request, vehicleId=0x7665682d3833, requestedHorizonMs=2500, confidence=100, planning.waypoints=1, offloadTaskId=probe-904, offloadPayload=1024 bytes}"
5g-sender,1783014973368936039,edge4av-real-20260702-multiclient-scalability-run-3,p5g-scale-mqtt-payload-1024-clients-100,scale,guided-planning,mqtt,veh-83,veh-83,rsu-1,p5g-scale-mqtt-payload-1024-clients-100-veh-83-905,ipi-session-1,multiclient-scalability-run-3,veh-83,905,100-clients,default,stationary,unsynced,true,true,clients,100,count,IPI-CooperativeService,1098,1783014973247009244,1783014908522305635,1783014908522362342,1783014973368936039,121.927,,0.057,64846.574,"CooperativeService{guidedPlanning, status=request, vehicleId=0x7665682d3833, requestedHorizonMs=2500, confidence=100, planning.waypoints=1, offloadTaskId=probe-905, offloadPayload=1024 bytes}"
5g-sender,1783014973650657872,edge4av-real-20260702-multiclient-scalability-run-3,p5g-scale-mqtt-payload-1024-clients-100,scale,guided-planning,mqtt,veh-83,veh-83,rsu-1,p5g-scale-mqtt-payload-1024-clients-100-veh-83-906,ipi-session-1,multiclient-scalability-run-3,veh-83,906,100-clients,default,stationary,unsynced,true,true,clients,100,count,IPI-CooperativeService,1098,1783014973569138529,1783014908812184484,1783014908812242108,1783014973650657872,81.519,,0.058,64838.416,"CooperativeService{guidedPlanning, status=request, vehicleId=0x7665682d3833, requestedHorizonMs=2500, confidence=100, planning.waypoints=1, offloadTaskId=probe-906, offloadPayload=1024 bytes}"
5g-sender,1783014973928568021,edge4av-real-20260702-multiclient-scalability-run-3,p5g-scale-mqtt-payload-1024-clients-100,scale,guided-planning,mqtt,veh-83,veh-83,rsu-1,p5g-scale-mqtt-payload-1024-clients-100-veh-83-907,ipi-session-1,multiclient-scalability-run-3,veh-83,907,100-clients,default,stationary,unsynced,true,true,clients,100,count,IPI-CooperativeService,1098,1783014973850897762,1783014909083608129,1783014909083666414,1783014973928568021,77.670,,0.058,64844.902,"CooperativeService{guidedPlanning, status=request, vehicleId=0x7665682d3833, requestedHorizonMs=2500, confidence=100, planning.waypoints=1, offloadTaskId=probe-907, offloadPayload=1024 bytes}"
5g-sender,1783014974248530374,edge4av-real-20260702-multiclient-scalability-run-3,p5g-scale-mqtt-payload-1024-clients-100,scale,guided-planning,mqtt,veh-83,veh-83,rsu-1,p5g-scale-mqtt-payload-1024-clients-100-veh-83-908,ipi-session-1,multiclient-scalability-run-3,veh-83,908,100-clients,default,stationary,unsynced,true,true,clients,100,count,IPI-CooperativeService,1098,1783014974128741647,1783014909415680440,1783014909415724396,1783014974248530374,119.789,,0.044,64832.806,"CooperativeService{guidedPlanning, status=request, vehicleId=0x7665682d3833, requestedHorizonMs=2500, confidence=100, planning.waypoints=1, offloadTaskId=probe-908, offloadPayload=1024 bytes}"
5g-sender,1783014974552596519,edge4av-real-20260702-multiclient-scalability-run-3,p5g-scale-mqtt-payload-1024-clients-100,scale,guided-planning,mqtt,veh-83,veh-83,rsu-1,p5g-scale-mqtt-payload-1024-clients-100-veh-83-909,ipi-session-1,multiclient-scalability-run-3,veh-83,909,100-clients,default,stationary,unsynced,true,true,clients,100,count,IPI-CooperativeService,1098,1783014974448718231,1783014909713621818,1783014909713677649,1783014974552596519,103.878,,0.056,64838.919,"CooperativeService{guidedPlanning, status=request, vehicleId=0x7665682d3833, requestedHorizonMs=2500, confidence=100, planning.waypoints=1, offloadTaskId=probe-909, offloadPayload=1024 bytes}"
5g-sender,1783014974866690637,edge4av-real-20260702-multiclient-scalability-run-3,p5g-scale-mqtt-payload-1024-clients-100,scale,guided-planning,mqtt,veh-83,veh-83,rsu-1,p5g-scale-mqtt-payload-1024-clients-100-veh-83-910,ipi-session-1,multiclient-scalability-run-3,veh-83,910,100-clients,default,stationary,unsynced,true,true,clients,100,count,IPI-CooperativeService,1098,1783014974752788336,1783014910034309271,1783014910034364224,1783014974866690637,113.902,,0.055,64832.326,"CooperativeService{guidedPlanning, status=request, vehicleId=0x7665682d3833, requestedHorizonMs=2500, confidence=100, planning.waypoints=1, offloadTaskId=probe-910, offloadPayload=1024 bytes}"
5g-sender,1783014975190717525,edge4av-real-20260702-multiclient-scalability-run-3,p5g-scale-mqtt-payload-1024-clients-100,scale,guided-planning,mqtt,veh-83,veh-83,rsu-1,p5g-scale-mqtt-payload-1024-clients-100-veh-83-911,ipi-session-1,multiclient-scalability-run-3,veh-83,911,100-clients,default,stationary,unsynced,true,true,clients,100,count,IPI-CooperativeService,1098,1783014975066856720,1783014910356358794,1783014910356415614,1783014975190717525,123.861,,0.057,64834.302,"CooperativeService{guidedPlanning, status=request, vehicleId=0x7665682d3833, requestedHorizonMs=2500, confidence=100, planning.waypoints=1, offloadTaskId=probe-911, offloadPayload=1024 bytes}"
5g-sender,1783014975450582207,edge4av-real-20260702-multiclient-scalability-run-3,p5g-scale-mqtt-payload-1024-clients-100,scale,guided-planning,mqtt,veh-83,veh-83,rsu-1,p5g-scale-mqtt-payload-1024-clients-100-veh-83-912,ipi-session-1,multiclient-scalability-run-3,veh-83,912,100-clients,default,stationary,unsynced,true,true,clients,100,count,IPI-CooperativeService,1098,1783014975390952892,1783014910615823355,1783014910615882328,1783014975450582207,59.629,,0.059,64834.700,"CooperativeService{guidedPlanning, status=request, vehicleId=0x7665682d3833, requestedHorizonMs=2500, confidence=100, planning.waypoints=1, offloadTaskId=probe-912, offloadPayload=1024 bytes}"
5g-sender,1783014975726623734,edge4av-real-20260702-multiclient-scalability-run-3,p5g-scale-mqtt-payload-1024-clients-100,scale,guided-planning,mqtt,veh-83,veh-83,rsu-1,p5g-scale-mqtt-payload-1024-clients-100-veh-83-913,ipi-session-1,multiclient-scalability-run-3,veh-83,913,100-clients,default,stationary,unsynced,true,true,clients,100,count,IPI-CooperativeService,1098,1783014975650875625,1783014910889914195,1783014910889957526,1783014975726623734,75.748,,0.043,64836.666,"CooperativeService{guidedPlanning, status=request, vehicleId=0x7665682d3833, requestedHorizonMs=2500, confidence=100, planning.waypoints=1, offloadTaskId=probe-913, offloadPayload=1024 bytes}"
5g-sender,1783014975998659286,edge4av-real-20260702-multiclient-scalability-run-3,p5g-scale-mqtt-payload-1024-clients-100,scale,guided-planning,mqtt,veh-83,veh-83,rsu-1,p5g-scale-mqtt-payload-1024-clients-100-veh-83-914,ipi-session-1,multiclient-scalability-run-3,veh-83,914,100-clients,default,stationary,unsynced,true,true,clients,100,count,IPI-CooperativeService,1098,1783014975926813301,1783014911156522871,1783014911156587449,1783014975998659286,71.846,,0.065,64842.072,"CooperativeService{guidedPlanning, status=request, vehicleId=0x7665682d3833, requestedHorizonMs=2500, confidence=100, planning.waypoints=1, offloadTaskId=probe-914, offloadPayload=1024 bytes}"
5g-sender,1783014976248606619,edge4av-real-20260702-multiclient-scalability-run-3,p5g-scale-mqtt-payload-1024-clients-100,scale,guided-planning,mqtt,veh-83,veh-83,rsu-1,p5g-scale-mqtt-payload-1024-clients-100-veh-83-915,ipi-session-1,multiclient-scalability-run-3,veh-83,915,100-clients,default,stationary,unsynced,true,true,clients,100,count,IPI-CooperativeService,1098,1783014976198843457,1783014911409141859,1783014911409185787,1783014976248606619,49.763,,0.044,64839.421,"CooperativeService{guidedPlanning, status=request, vehicleId=0x7665682d3833, requestedHorizonMs=2500, confidence=100, planning.waypoints=1, offloadTaskId=probe-915, offloadPayload=1024 bytes}"
5g-sender,1783014976492810736,edge4av-real-20260702-multiclient-scalability-run-3,p5g-scale-mqtt-payload-1024-clients-100,scale,guided-planning,mqtt,veh-83,veh-83,rsu-1,p5g-scale-mqtt-payload-1024-clients-100-veh-83-916,ipi-session-1,multiclient-scalability-run-3,veh-83,916,100-clients,default,stationary,unsynced,true,true,clients,100,count,IPI-CooperativeService,1098,1783014976449531657,1783014911657988845,1783014911658044081,1783014976492810736,43.279,,0.055,64834.767,"CooperativeService{guidedPlanning, status=request, vehicleId=0x7665682d3833, requestedHorizonMs=2500, confidence=100, planning.waypoints=1, offloadTaskId=probe-916, offloadPayload=1024 bytes}"
5g-sender,1783014976796646581,edge4av-real-20260702-multiclient-scalability-run-3,p5g-scale-mqtt-payload-1024-clients-100,scale,guided-planning,mqtt,veh-83,veh-83,rsu-1,p5g-scale-mqtt-payload-1024-clients-100-veh-83-917,ipi-session-1,multiclient-scalability-run-3,veh-83,917,100-clients,default,stationary,unsynced,true,true,clients,100,count,IPI-CooperativeService,1098,1783014976692979126,1783014911960309251,1783014911960366245,1783014976796646581,103.667,,0.057,64836.280,"CooperativeService{guidedPlanning, status=request, vehicleId=0x7665682d3833, requestedHorizonMs=2500, confidence=100, planning.waypoints=1, offloadTaskId=probe-917, offloadPayload=1024 bytes}"
5g-sender,1783014977073326724,edge4av-real-20260702-multiclient-scalability-run-3,p5g-scale-mqtt-payload-1024-clients-100,scale,guided-planning,mqtt,veh-83,veh-83,rsu-1,p5g-scale-mqtt-payload-1024-clients-100-veh-83-918,ipi-session-1,multiclient-scalability-run-3,veh-83,918,100-clients,default,stationary,unsynced,true,true,clients,100,count,IPI-CooperativeService,1098,1783014976996804859,1783014912239042981,1783014912239099515,1783014977073326724,76.522,,0.057,64834.227,"CooperativeService{guidedPlanning, status=request, vehicleId=0x7665682d3833, requestedHorizonMs=2500, confidence=100, planning.waypoints=1, offloadTaskId=probe-918, offloadPayload=1024 bytes}"
5g-sender,1783014977384666854,edge4av-real-20260702-multiclient-scalability-run-3,p5g-scale-mqtt-payload-1024-clients-100,scale,guided-planning,mqtt,veh-83,veh-83,rsu-1,p5g-scale-mqtt-payload-1024-clients-100-veh-83-919,ipi-session-1,multiclient-scalability-run-3,veh-83,919,100-clients,default,stationary,unsynced,true,true,clients,100,count,IPI-CooperativeService,1098,1783014977273576738,1783014912549507975,1783014912549568168,1783014977384666854,111.090,,0.060,64835.099,"CooperativeService{guidedPlanning, status=request, vehicleId=0x7665682d3833, requestedHorizonMs=2500, confidence=100, planning.waypoints=1, offloadTaskId=probe-919, offloadPayload=1024 bytes}"
5g-sender,1783014977668795275,edge4av-real-20260702-multiclient-scalability-run-3,p5g-scale-mqtt-payload-1024-clients-100,scale,guided-planning,mqtt,veh-83,veh-83,rsu-1,p5g-scale-mqtt-payload-1024-clients-100-veh-83-920,ipi-session-1,multiclient-scalability-run-3,veh-83,920,100-clients,default,stationary,unsynced,true,true,clients,100,count,IPI-CooperativeService,1098,1783014977584829077,1783014912830932379,1783014912830988203,1783014977668795275,83.966,,0.056,64837.807,"CooperativeService{guidedPlanning, status=request, vehicleId=0x7665682d3833, requestedHorizonMs=2500, confidence=100, planning.waypoints=1, offloadTaskId=probe-920, offloadPayload=1024 bytes}"
5g-sender,1783014977934834501,edge4av-real-20260702-multiclient-scalability-run-3,p5g-scale-mqtt-payload-1024-clients-100,scale,guided-planning,mqtt,veh-83,veh-83,rsu-1,p5g-scale-mqtt-payload-1024-clients-100-veh-83-921,ipi-session-1,multiclient-scalability-run-3,veh-83,921,100-clients,default,stationary,unsynced,true,true,clients,100,count,IPI-CooperativeService,1098,1783014977868986224,1783014913101418644,1783014913101463464,1783014977934834501,65.848,,0.045,64833.371,"CooperativeService{guidedPlanning, status=request, vehicleId=0x7665682d3833, requestedHorizonMs=2500, confidence=100, planning.waypoints=1, offloadTaskId=probe-921, offloadPayload=1024 bytes}"
5g-sender,1783014978188600993,edge4av-real-20260702-multiclient-scalability-run-3,p5g-scale-mqtt-payload-1024-clients-100,scale,guided-planning,mqtt,veh-83,veh-83,rsu-1,p5g-scale-mqtt-payload-1024-clients-100-veh-83-922,ipi-session-1,multiclient-scalability-run-3,veh-83,922,100-clients,default,stationary,unsynced,true,true,clients,100,count,IPI-CooperativeService,1098,1783014978135019664,1783014913353062282,1783014913353106824,1783014978188600993,53.581,,0.045,64835.494,"CooperativeService{guidedPlanning, status=request, vehicleId=0x7665682d3833, requestedHorizonMs=2500, confidence=100, planning.waypoints=1, offloadTaskId=probe-922, offloadPayload=1024 bytes}"
5g-sender,1783014978492879786,edge4av-real-20260702-multiclient-scalability-run-3,p5g-scale-mqtt-payload-1024-clients-100,scale,guided-planning,mqtt,veh-83,veh-83,rsu-1,p5g-scale-mqtt-payload-1024-clients-100-veh-83-923,ipi-session-1,multiclient-scalability-run-3,veh-83,923,100-clients,default,stationary,unsynced,true,true,clients,100,count,IPI-CooperativeService,1098,1783014978388787843,1783014913660815386,1783014913660842909,1783014978492879786,104.092,,0.028,64832.037,"CooperativeService{guidedPlanning, status=request, vehicleId=0x7665682d3833, requestedHorizonMs=2500, confidence=100, planning.waypoints=1, offloadTaskId=probe-923, offloadPayload=1024 bytes}"
5g-sender,1783014978808817793,edge4av-real-20260702-multiclient-scalability-run-3,p5g-scale-mqtt-payload-1024-clients-100,scale,guided-planning,mqtt,veh-83,veh-83,rsu-1,p5g-scale-mqtt-payload-1024-clients-100-veh-83-924,ipi-session-1,multiclient-scalability-run-3,veh-83,924,100-clients,default,stationary,unsynced,true,true,clients,100,count,IPI-CooperativeService,1098,1783014978693067956,1783014913964163967,1783014913964207535,1783014978808817793,115.750,,0.044,64844.610,"CooperativeService{guidedPlanning, status=request, vehicleId=0x7665682d3833, requestedHorizonMs=2500, confidence=100, planning.waypoints=1, offloadTaskId=probe-924, offloadPayload=1024 bytes}"
5g-sender,1783014979096740440,edge4av-real-20260702-multiclient-scalability-run-3,p5g-scale-mqtt-payload-1024-clients-100,scale,guided-planning,mqtt,veh-83,veh-83,rsu-1,p5g-scale-mqtt-payload-1024-clients-100-veh-83-925,ipi-session-1,multiclient-scalability-run-3,veh-83,925,100-clients,default,stationary,unsynced,true,true,clients,100,count,IPI-CooperativeService,1098,1783014979009087920,1783014914256073719,1783014914256144339,1783014979096740440,87.653,,0.071,64840.596,"CooperativeService{guidedPlanning, status=request, vehicleId=0x7665682d3833, requestedHorizonMs=2500, confidence=100, planning.waypoints=1, offloadTaskId=probe-925, offloadPayload=1024 bytes}"
5g-sender,1783014979430567809,edge4av-real-20260702-multiclient-scalability-run-3,p5g-scale-mqtt-payload-1024-clients-100,scale,guided-planning,mqtt,veh-83,veh-83,rsu-1,p5g-scale-mqtt-payload-1024-clients-100-veh-83-926,ipi-session-1,multiclient-scalability-run-3,veh-83,926,100-clients,default,stationary,unsynced,true,true,clients,100,count,IPI-CooperativeService,1098,1783014979296904176,1783014914595771392,1783014914595815000,1783014979430567809,133.664,,0.044,64834.753,"CooperativeService{guidedPlanning, status=request, vehicleId=0x7665682d3833, requestedHorizonMs=2500, confidence=100, planning.waypoints=1, offloadTaskId=probe-926, offloadPayload=1024 bytes}"
5g-sender,1783014979728724412,edge4av-real-20260702-multiclient-scalability-run-3,p5g-scale-mqtt-payload-1024-clients-100,scale,guided-planning,mqtt,veh-83,veh-83,rsu-1,p5g-scale-mqtt-payload-1024-clients-100-veh-83-927,ipi-session-1,multiclient-scalability-run-3,veh-83,927,100-clients,default,stationary,unsynced,true,true,clients,100,count,IPI-CooperativeService,1098,1783014979630769829,1783014914895270654,1783014914895314092,1783014979728724412,97.955,,0.043,64833.410,"CooperativeService{guidedPlanning, status=request, vehicleId=0x7665682d3833, requestedHorizonMs=2500, confidence=100, planning.waypoints=1, offloadTaskId=probe-927, offloadPayload=1024 bytes}"
5g-sender,1783014980024641257,edge4av-real-20260702-multiclient-scalability-run-3,p5g-scale-mqtt-payload-1024-clients-100,scale,guided-planning,mqtt,veh-83,veh-83,rsu-1,p5g-scale-mqtt-payload-1024-clients-100-veh-83-928,ipi-session-1,multiclient-scalability-run-3,veh-83,928,100-clients,default,stationary,unsynced,true,true,clients,100,count,IPI-CooperativeService,1098,1783014979928886818,1783014915187806707,1783014915187850957,1783014980024641257,95.754,,0.044,64836.790,"CooperativeService{guidedPlanning, status=request, vehicleId=0x7665682d3833, requestedHorizonMs=2500, confidence=100, planning.waypoints=1, offloadTaskId=probe-928, offloadPayload=1024 bytes}"
5g-sender,1783014980338701439,edge4av-real-20260702-multiclient-scalability-run-3,p5g-scale-mqtt-payload-1024-clients-100,scale,guided-planning,mqtt,veh-83,veh-83,rsu-1,p5g-scale-mqtt-payload-1024-clients-100-veh-83-929,ipi-session-1,multiclient-scalability-run-3,veh-83,929,100-clients,default,stationary,unsynced,true,true,clients,100,count,IPI-CooperativeService,1098,1783014980224801093,1783014915505279072,1783014915505349755,1783014980338701439,113.900,,0.071,64833.352,"CooperativeService{guidedPlanning, status=request, vehicleId=0x7665682d3833, requestedHorizonMs=2500, confidence=100, planning.waypoints=1, offloadTaskId=probe-929, offloadPayload=1024 bytes}"
5g-sender,1783014980670606641,edge4av-real-20260702-multiclient-scalability-run-3,p5g-scale-mqtt-payload-1024-clients-100,scale,guided-planning,mqtt,veh-83,veh-83,rsu-1,p5g-scale-mqtt-payload-1024-clients-100-veh-83-930,ipi-session-1,multiclient-scalability-run-3,veh-83,930,100-clients,default,stationary,unsynced,true,true,clients,100,count,IPI-CooperativeService,1098,1783014980538875825,1783014915835515373,1783014915835579481,1783014980670606641,131.731,,0.064,64835.027,"CooperativeService{guidedPlanning, status=request, vehicleId=0x7665682d3833, requestedHorizonMs=2500, confidence=100, planning.waypoints=1, offloadTaskId=probe-930, offloadPayload=1024 bytes}"
5g-sender,1783014981000561663,edge4av-real-20260702-multiclient-scalability-run-3,p5g-scale-mqtt-payload-1024-clients-100,scale,guided-planning,mqtt,veh-83,veh-83,rsu-1,p5g-scale-mqtt-payload-1024-clients-100-veh-83-931,ipi-session-1,multiclient-scalability-run-3,veh-83,931,100-clients,default,stationary,unsynced,true,true,clients,100,count,IPI-CooperativeService,1098,1783014980870838131,1783014916166128974,1783014916166180490,1783014981000561663,129.724,,0.052,64834.381,"CooperativeService{guidedPlanning, status=request, vehicleId=0x7665682d3833, requestedHorizonMs=2500, confidence=100, planning.waypoints=1, offloadTaskId=probe-931, offloadPayload=1024 bytes}"
5g-sender,1783014981342562107,edge4av-real-20260702-multiclient-scalability-run-3,p5g-scale-mqtt-payload-1024-clients-100,scale,guided-planning,mqtt,veh-83,veh-83,rsu-1,p5g-scale-mqtt-payload-1024-clients-100-veh-83-932,ipi-session-1,multiclient-scalability-run-3,veh-83,932,100-clients,default,stationary,unsynced,true,true,clients,100,count,IPI-CooperativeService,1098,1783014981200728006,1783014916507458167,1783014916507501190,1783014981342562107,141.834,,0.043,64835.061,"CooperativeService{guidedPlanning, status=request, vehicleId=0x7665682d3833, requestedHorizonMs=2500, confidence=100, planning.waypoints=1, offloadTaskId=probe-932, offloadPayload=1024 bytes}"
5g-sender,1783014981682714362,edge4av-real-20260702-multiclient-scalability-run-3,p5g-scale-mqtt-payload-1024-clients-100,scale,guided-planning,mqtt,veh-83,veh-83,rsu-1,p5g-scale-mqtt-payload-1024-clients-100-veh-83-933,ipi-session-1,multiclient-scalability-run-3,veh-83,933,100-clients,default,stationary,unsynced,true,true,clients,100,count,IPI-CooperativeService,1098,1783014981542729833,1783014916847888772,1783014916847932938,1783014981682714362,139.985,,0.044,64834.781,"CooperativeService{guidedPlanning, status=request, vehicleId=0x7665682d3833, requestedHorizonMs=2500, confidence=100, planning.waypoints=1, offloadTaskId=probe-933, offloadPayload=1024 bytes}"
5g-sender,1783014981982728440,edge4av-real-20260702-multiclient-scalability-run-3,p5g-scale-mqtt-payload-1024-clients-100,scale,guided-planning,mqtt,veh-83,veh-83,rsu-1,p5g-scale-mqtt-payload-1024-clients-100-veh-83-934,ipi-session-1,multiclient-scalability-run-3,veh-83,934,100-clients,default,stationary,unsynced,true,true,clients,100,count,IPI-CooperativeService,1098,1783014981882878135,1783014917147920953,1783014917147965018,1783014981982728440,99.850,,0.044,64834.763,"CooperativeService{guidedPlanning, status=request, vehicleId=0x7665682d3833, requestedHorizonMs=2500, confidence=100, planning.waypoints=1, offloadTaskId=probe-934, offloadPayload=1024 bytes}"
5g-sender,1783014982276840024,edge4av-real-20260702-multiclient-scalability-run-3,p5g-scale-mqtt-payload-1024-clients-100,scale,guided-planning,mqtt,veh-83,veh-83,rsu-1,p5g-scale-mqtt-payload-1024-clients-100-veh-83-935,ipi-session-1,multiclient-scalability-run-3,veh-83,935,100-clients,default,stationary,unsynced,true,true,clients,100,count,IPI-CooperativeService,1098,1783014982182885806,1783014917442024858,1783014917442079881,1783014982276840024,93.954,,0.055,64834.760,"CooperativeService{guidedPlanning, status=request, vehicleId=0x7665682d3833, requestedHorizonMs=2500, confidence=100, planning.waypoints=1, offloadTaskId=probe-935, offloadPayload=1024 bytes}"
5g-sender,1783014982610579258,edge4av-real-20260702-multiclient-scalability-run-3,p5g-scale-mqtt-payload-1024-clients-100,scale,guided-planning,mqtt,veh-83,veh-83,rsu-1,p5g-scale-mqtt-payload-1024-clients-100-veh-83-936,ipi-session-1,multiclient-scalability-run-3,veh-83,936,100-clients,default,stationary,unsynced,true,true,clients,100,count,IPI-CooperativeService,1098,1783014982477025583,1783014917772527225,1783014917772593317,1783014982610579258,133.554,,0.066,64837.986,"CooperativeService{guidedPlanning, status=request, vehicleId=0x7665682d3833, requestedHorizonMs=2500, confidence=100, planning.waypoints=1, offloadTaskId=probe-936, offloadPayload=1024 bytes}"
5g-sender,1783014982918648867,edge4av-real-20260702-multiclient-scalability-run-3,p5g-scale-mqtt-payload-1024-clients-100,scale,guided-planning,mqtt,veh-83,veh-83,rsu-1,p5g-scale-mqtt-payload-1024-clients-100-veh-83-937,ipi-session-1,multiclient-scalability-run-3,veh-83,937,100-clients,default,stationary,unsynced,true,true,clients,100,count,IPI-CooperativeService,1098,1783014982810746134,1783014918080234498,1783014918080292022,1783014982918648867,107.903,,0.058,64838.357,"CooperativeService{guidedPlanning, status=request, vehicleId=0x7665682d3833, requestedHorizonMs=2500, confidence=100, planning.waypoints=1, offloadTaskId=probe-937, offloadPayload=1024 bytes}"
5g-sender,1783014983256707516,edge4av-real-20260702-multiclient-scalability-run-3,p5g-scale-mqtt-payload-1024-clients-100,scale,guided-planning,mqtt,veh-83,veh-83,rsu-1,p5g-scale-mqtt-payload-1024-clients-100-veh-83-938,ipi-session-1,multiclient-scalability-run-3,veh-83,938,100-clients,default,stationary,unsynced,true,true,clients,100,count,IPI-CooperativeService,1098,1783014983118843857,1783014918411278644,1783014918411347942,1783014983256707516,137.864,,0.069,64845.360,"CooperativeService{guidedPlanning, status=request, vehicleId=0x7665682d3833, requestedHorizonMs=2500, confidence=100, planning.waypoints=1, offloadTaskId=probe-938, offloadPayload=1024 bytes}"
5g-sender,1783014983554750300,edge4av-real-20260702-multiclient-scalability-run-3,p5g-scale-mqtt-payload-1024-clients-100,scale,guided-planning,mqtt,veh-83,veh-83,rsu-1,p5g-scale-mqtt-payload-1024-clients-100-veh-83-939,ipi-session-1,multiclient-scalability-run-3,veh-83,939,100-clients,default,stationary,unsynced,true,true,clients,100,count,IPI-CooperativeService,1098,1783014983456866586,1783014918721119843,1783014918721164023,1783014983554750300,97.884,,0.044,64833.586,"CooperativeService{guidedPlanning, status=request, vehicleId=0x7665682d3833, requestedHorizonMs=2500, confidence=100, planning.waypoints=1, offloadTaskId=probe-939, offloadPayload=1024 bytes}"
5g-sender,1783014983864772306,edge4av-real-20260702-multiclient-scalability-run-3,p5g-scale-mqtt-payload-1024-clients-100,scale,guided-planning,mqtt,veh-83,veh-83,rsu-1,p5g-scale-mqtt-payload-1024-clients-100-veh-83-940,ipi-session-1,multiclient-scalability-run-3,veh-83,940,100-clients,default,stationary,unsynced,true,true,clients,100,count,IPI-CooperativeService,1098,1783014983754915296,1783014919022900469,1783014919022945262,1783014983864772306,109.857,,0.045,64841.827,"CooperativeService{guidedPlanning, status=request, vehicleId=0x7665682d3833, requestedHorizonMs=2500, confidence=100, planning.waypoints=1, offloadTaskId=probe-940, offloadPayload=1024 bytes}"
5g-sender,1783014984166809668,edge4av-real-20260702-multiclient-scalability-run-3,p5g-scale-mqtt-payload-1024-clients-100,scale,guided-planning,mqtt,veh-83,veh-83,rsu-1,p5g-scale-mqtt-payload-1024-clients-100-veh-83-941,ipi-session-1,multiclient-scalability-run-3,veh-83,941,100-clients,default,stationary,unsynced,true,true,clients,100,count,IPI-CooperativeService,1098,1783014984064934182,1783014919333656205,1783014919333700963,1783014984166809668,101.875,,0.045,64833.109,"CooperativeService{guidedPlanning, status=request, vehicleId=0x7665682d3833, requestedHorizonMs=2500, confidence=100, planning.waypoints=1, offloadTaskId=probe-941, offloadPayload=1024 bytes}"
5g-sender,1783014984440513600,edge4av-real-20260702-multiclient-scalability-run-3,p5g-scale-mqtt-payload-1024-clients-100,scale,guided-planning,mqtt,veh-83,veh-83,rsu-1,p5g-scale-mqtt-payload-1024-clients-100-veh-83-942,ipi-session-1,multiclient-scalability-run-3,veh-83,942,100-clients,default,stationary,unsynced,true,true,clients,100,count,IPI-CooperativeService,1098,1783014984367001734,1783014919604792572,1783014919604842190,1783014984440513600,73.512,,0.050,64835.671,"CooperativeService{guidedPlanning, status=request, vehicleId=0x7665682d3833, requestedHorizonMs=2500, confidence=100, planning.waypoints=1, offloadTaskId=probe-942, offloadPayload=1024 bytes}"
5g-sender,1783014984678602916,edge4av-real-20260702-multiclient-scalability-run-3,p5g-scale-mqtt-payload-1024-clients-100,scale,guided-planning,mqtt,veh-83,veh-83,rsu-1,p5g-scale-mqtt-payload-1024-clients-100-veh-83-943,ipi-session-1,multiclient-scalability-run-3,veh-83,943,100-clients,default,stationary,unsynced,true,true,clients,100,count,IPI-CooperativeService,1098,1783014984640724699,1783014919844528583,1783014919844572241,1783014984678602916,37.878,,0.044,64834.031,"CooperativeService{guidedPlanning, status=request, vehicleId=0x7665682d3833, requestedHorizonMs=2500, confidence=100, planning.waypoints=1, offloadTaskId=probe-943, offloadPayload=1024 bytes}"
5g-sender,1783014984918697736,edge4av-real-20260702-multiclient-scalability-run-3,p5g-scale-mqtt-payload-1024-clients-100,scale,guided-planning,mqtt,veh-83,veh-83,rsu-1,p5g-scale-mqtt-payload-1024-clients-100-veh-83-944,ipi-session-1,multiclient-scalability-run-3,veh-83,944,100-clients,default,stationary,unsynced,true,true,clients,100,count,IPI-CooperativeService,1098,1783014984878788959,1783014920086118677,1783014920086162817,1783014984918697736,39.909,,0.044,64832.535,"CooperativeService{guidedPlanning, status=request, vehicleId=0x7665682d3833, requestedHorizonMs=2500, confidence=100, planning.waypoints=1, offloadTaskId=probe-944, offloadPayload=1024 bytes}"
5g-sender,1783014985170633095,edge4av-real-20260702-multiclient-scalability-run-3,p5g-scale-mqtt-payload-1024-clients-100,scale,guided-planning,mqtt,veh-83,veh-83,rsu-1,p5g-scale-mqtt-payload-1024-clients-100-veh-83-945,ipi-session-1,multiclient-scalability-run-3,veh-83,945,100-clients,default,stationary,unsynced,true,true,clients,100,count,IPI-CooperativeService,1098,1783014985118867577,1783014920334571606,1783014920334616919,1783014985170633095,51.766,,0.045,64836.016,"CooperativeService{guidedPlanning, status=request, vehicleId=0x7665682d3833, requestedHorizonMs=2500, confidence=100, planning.waypoints=1, offloadTaskId=probe-945, offloadPayload=1024 bytes}"
5g-sender,1783014985404627689,edge4av-real-20260702-multiclient-scalability-run-3,p5g-scale-mqtt-payload-1024-clients-100,scale,guided-planning,mqtt,veh-83,veh-83,rsu-1,p5g-scale-mqtt-payload-1024-clients-100-veh-83-946,ipi-session-1,multiclient-scalability-run-3,veh-83,946,100-clients,default,stationary,unsynced,true,true,clients,100,count,IPI-CooperativeService,1098,1783014985370819398,1783014920566169894,1783014920566216176,1783014985404627689,33.808,,0.046,64838.412,"CooperativeService{guidedPlanning, status=request, vehicleId=0x7665682d3833, requestedHorizonMs=2500, confidence=100, planning.waypoints=1, offloadTaskId=probe-946, offloadPayload=1024 bytes}"
5g-sender,1783014985648704773,edge4av-real-20260702-multiclient-scalability-run-3,p5g-scale-mqtt-payload-1024-clients-100,scale,guided-planning,mqtt,veh-83,veh-83,rsu-1,p5g-scale-mqtt-payload-1024-clients-100-veh-83-947,ipi-session-1,multiclient-scalability-run-3,veh-83,947,100-clients,default,stationary,unsynced,true,true,clients,100,count,IPI-CooperativeService,1098,1783014985604810638,1783014920814500228,1783014920814551800,1783014985648704773,43.894,,0.052,64834.153,"CooperativeService{guidedPlanning, status=request, vehicleId=0x7665682d3833, requestedHorizonMs=2500, confidence=100, planning.waypoints=1, offloadTaskId=probe-947, offloadPayload=1024 bytes}"
5g-sender,1783014985924902928,edge4av-real-20260702-multiclient-scalability-run-3,p5g-scale-mqtt-payload-1024-clients-100,scale,guided-planning,mqtt,veh-83,veh-83,rsu-1,p5g-scale-mqtt-payload-1024-clients-100-veh-83-948,ipi-session-1,multiclient-scalability-run-3,veh-83,948,100-clients,default,stationary,unsynced,true,true,clients,100,count,IPI-CooperativeService,1098,1783014985848878439,1783014921087243465,1783014921087287993,1783014985924902928,76.024,,0.045,64837.615,"CooperativeService{guidedPlanning, status=request, vehicleId=0x7665682d3833, requestedHorizonMs=2500, confidence=100, planning.waypoints=1, offloadTaskId=probe-948, offloadPayload=1024 bytes}"
5g-sender,1783014986208686207,edge4av-real-20260702-multiclient-scalability-run-3,p5g-scale-mqtt-payload-1024-clients-100,scale,guided-planning,mqtt,veh-83,veh-83,rsu-1,p5g-scale-mqtt-payload-1024-clients-100-veh-83-949,ipi-session-1,multiclient-scalability-run-3,veh-83,949,100-clients,default,stationary,unsynced,true,true,clients,100,count,IPI-CooperativeService,1098,1783014986125525788,1783014921367126426,1783014921367170319,1783014986208686207,83.160,,0.044,64841.516,"CooperativeService{guidedPlanning, status=request, vehicleId=0x7665682d3833, requestedHorizonMs=2500, confidence=100, planning.waypoints=1, offloadTaskId=probe-949, offloadPayload=1024 bytes}"
5g-sender,1783014986460712367,edge4av-real-20260702-multiclient-scalability-run-3,p5g-scale-mqtt-payload-1024-clients-100,scale,guided-planning,mqtt,veh-83,veh-83,rsu-1,p5g-scale-mqtt-payload-1024-clients-100-veh-83-950,ipi-session-1,multiclient-scalability-run-3,veh-83,950,100-clients,default,stationary,unsynced,true,true,clients,100,count,IPI-CooperativeService,1098,1783014986408890014,1783014921628450447,1783014921628506630,1783014986460712367,51.822,,0.056,64832.206,"CooperativeService{guidedPlanning, status=request, vehicleId=0x7665682d3833, requestedHorizonMs=2500, confidence=100, planning.waypoints=1, offloadTaskId=probe-950, offloadPayload=1024 bytes}"
5g-sender,1783014986724604598,edge4av-real-20260702-multiclient-scalability-run-3,p5g-scale-mqtt-payload-1024-clients-100,scale,guided-planning,mqtt,veh-83,veh-83,rsu-1,p5g-scale-mqtt-payload-1024-clients-100-veh-83-951,ipi-session-1,multiclient-scalability-run-3,veh-83,951,100-clients,default,stationary,unsynced,true,true,clients,100,count,IPI-CooperativeService,1098,1783014986660883003,1783014921889037623,1783014921889081042,1783014986724604598,63.722,,0.043,64835.524,"CooperativeService{guidedPlanning, status=request, vehicleId=0x7665682d3833, requestedHorizonMs=2500, confidence=100, planning.waypoints=1, offloadTaskId=probe-951, offloadPayload=1024 bytes}"
5g-sender,1783014986984626274,edge4av-real-20260702-multiclient-scalability-run-3,p5g-scale-mqtt-payload-1024-clients-100,scale,guided-planning,mqtt,veh-83,veh-83,rsu-1,p5g-scale-mqtt-payload-1024-clients-100-veh-83-952,ipi-session-1,multiclient-scalability-run-3,veh-83,952,100-clients,default,stationary,unsynced,true,true,clients,100,count,IPI-CooperativeService,1098,1783014986924720479,1783014922149755473,1783014922149798657,1783014986984626274,59.906,,0.043,64834.828,"CooperativeService{guidedPlanning, status=request, vehicleId=0x7665682d3833, requestedHorizonMs=2500, confidence=100, planning.waypoints=1, offloadTaskId=probe-952, offloadPayload=1024 bytes}"
5g-sender,1783014987244757318,edge4av-real-20260702-multiclient-scalability-run-3,p5g-scale-mqtt-payload-1024-clients-100,scale,guided-planning,mqtt,veh-83,veh-83,rsu-1,p5g-scale-mqtt-payload-1024-clients-100-veh-83-953,ipi-session-1,multiclient-scalability-run-3,veh-83,953,100-clients,default,stationary,unsynced,true,true,clients,100,count,IPI-CooperativeService,1098,1783014987184803773,1783014922411435187,1783014922411479365,1783014987244757318,59.954,,0.044,64833.278,"CooperativeService{guidedPlanning, status=request, vehicleId=0x7665682d3833, requestedHorizonMs=2500, confidence=100, planning.waypoints=1, offloadTaskId=probe-953, offloadPayload=1024 bytes}"
5g-sender,1783014987494674359,edge4av-real-20260702-multiclient-scalability-run-3,p5g-scale-mqtt-payload-1024-clients-100,scale,guided-planning,mqtt,veh-83,veh-83,rsu-1,p5g-scale-mqtt-payload-1024-clients-100-veh-83-954,ipi-session-1,multiclient-scalability-run-3,veh-83,954,100-clients,default,stationary,unsynced,true,true,clients,100,count,IPI-CooperativeService,1098,1783014987444932024,1783014922660304236,1783014922660369136,1783014987494674359,49.742,,0.065,64834.305,"CooperativeService{guidedPlanning, status=request, vehicleId=0x7665682d3833, requestedHorizonMs=2500, confidence=100, planning.waypoints=1, offloadTaskId=probe-954, offloadPayload=1024 bytes}"
5g-sender,1783014987754790674,edge4av-real-20260702-multiclient-scalability-run-3,p5g-scale-mqtt-payload-1024-clients-100,scale,guided-planning,mqtt,veh-83,veh-83,rsu-1,p5g-scale-mqtt-payload-1024-clients-100-veh-83-955,ipi-session-1,multiclient-scalability-run-3,veh-83,955,100-clients,default,stationary,unsynced,true,true,clients,100,count,IPI-CooperativeService,1098,1783014987694834109,1783014922919877994,1783014922919947803,1783014987754790674,59.957,,0.070,64834.843,"CooperativeService{guidedPlanning, status=request, vehicleId=0x7665682d3833, requestedHorizonMs=2500, confidence=100, planning.waypoints=1, offloadTaskId=probe-955, offloadPayload=1024 bytes}"
5g-sender,1783014988026625181,edge4av-real-20260702-multiclient-scalability-run-3,p5g-scale-mqtt-payload-1024-clients-100,scale,guided-planning,mqtt,veh-83,veh-83,rsu-1,p5g-scale-mqtt-payload-1024-clients-100-veh-83-956,ipi-session-1,multiclient-scalability-run-3,veh-83,956,100-clients,default,stationary,unsynced,true,true,clients,100,count,IPI-CooperativeService,1098,1783014987955004277,1783014923189714471,1783014923189757836,1783014988026625181,71.621,,0.043,64836.867,"CooperativeService{guidedPlanning, status=request, vehicleId=0x7665682d3833, requestedHorizonMs=2500, confidence=100, planning.waypoints=1, offloadTaskId=probe-956, offloadPayload=1024 bytes}"
5g-sender,1783014988342774554,edge4av-real-20260702-multiclient-scalability-run-3,p5g-scale-mqtt-payload-1024-clients-100,scale,guided-planning,mqtt,veh-83,veh-83,rsu-1,p5g-scale-mqtt-payload-1024-clients-100-veh-83-957,ipi-session-1,multiclient-scalability-run-3,veh-83,957,100-clients,default,stationary,unsynced,true,true,clients,100,count,IPI-CooperativeService,1098,1783014988226770951,1783014923510199151,1783014923510246927,1783014988342774554,116.004,,0.048,64832.528,"CooperativeService{guidedPlanning, status=request, vehicleId=0x7665682d3833, requestedHorizonMs=2500, confidence=100, planning.waypoints=1, offloadTaskId=probe-957, offloadPayload=1024 bytes}"
5g-sender,1783014988652802609,edge4av-real-20260702-multiclient-scalability-run-3,p5g-scale-mqtt-payload-1024-clients-100,scale,guided-planning,mqtt,veh-83,veh-83,rsu-1,p5g-scale-mqtt-payload-1024-clients-100-veh-83-958,ipi-session-1,multiclient-scalability-run-3,veh-83,958,100-clients,default,stationary,unsynced,true,true,clients,100,count,IPI-CooperativeService,1098,1783014988542974440,1783014923820943275,1783014923820987145,1783014988652802609,109.828,,0.044,64831.815,"CooperativeService{guidedPlanning, status=request, vehicleId=0x7665682d3833, requestedHorizonMs=2500, confidence=100, planning.waypoints=1, offloadTaskId=probe-958, offloadPayload=1024 bytes}"
5g-sender,1783014989026850967,edge4av-real-20260702-multiclient-scalability-run-3,p5g-scale-mqtt-payload-1024-clients-100,scale,guided-planning,mqtt,veh-83,veh-83,rsu-1,p5g-scale-mqtt-payload-1024-clients-100-veh-83-959,ipi-session-1,multiclient-scalability-run-3,veh-83,959,100-clients,default,stationary,unsynced,true,true,clients,100,count,IPI-CooperativeService,1098,1783014988852945544,1783014924191514777,1783014924191559073,1783014989026850967,173.905,,0.044,64835.292,"CooperativeService{guidedPlanning, status=request, vehicleId=0x7665682d3833, requestedHorizonMs=2500, confidence=100, planning.waypoints=1, offloadTaskId=probe-959, offloadPayload=1024 bytes}"
5g-sender,1783014989360671796,edge4av-real-20260702-multiclient-scalability-run-3,p5g-scale-mqtt-payload-1024-clients-100,scale,guided-planning,mqtt,veh-83,veh-83,rsu-1,p5g-scale-mqtt-payload-1024-clients-100-veh-83-960,ipi-session-1,multiclient-scalability-run-3,veh-83,960,100-clients,default,stationary,unsynced,true,true,clients,100,count,IPI-CooperativeService,1098,1783014989227228845,1783014924523294531,1783014924523351473,1783014989360671796,133.443,,0.057,64837.320,"CooperativeService{guidedPlanning, status=request, vehicleId=0x7665682d3833, requestedHorizonMs=2500, confidence=100, planning.waypoints=1, offloadTaskId=probe-960, offloadPayload=1024 bytes}"
5g-sender,1783014989706778458,edge4av-real-20260702-multiclient-scalability-run-3,p5g-scale-mqtt-payload-1024-clients-100,scale,guided-planning,mqtt,veh-83,veh-83,rsu-1,p5g-scale-mqtt-payload-1024-clients-100-veh-83-961,ipi-session-1,multiclient-scalability-run-3,veh-83,961,100-clients,default,stationary,unsynced,true,true,clients,100,count,IPI-CooperativeService,1098,1783014989560834741,1783014924875266689,1783014924875309930,1783014989706778458,145.944,,0.043,64831.469,"CooperativeService{guidedPlanning, status=request, vehicleId=0x7665682d3833, requestedHorizonMs=2500, confidence=100, planning.waypoints=1, offloadTaskId=probe-961, offloadPayload=1024 bytes}"
5g-sender,1783014990010636269,edge4av-real-20260702-multiclient-scalability-run-3,p5g-scale-mqtt-payload-1024-clients-100,scale,guided-planning,mqtt,veh-83,veh-83,rsu-1,p5g-scale-mqtt-payload-1024-clients-100-veh-83-962,ipi-session-1,multiclient-scalability-run-3,veh-83,962,100-clients,default,stationary,unsynced,true,true,clients,100,count,IPI-CooperativeService,1098,1783014989907016298,1783014925175618156,1783014925175674890,1783014990010636269,103.620,,0.057,64834.961,"CooperativeService{guidedPlanning, status=request, vehicleId=0x7665682d3833, requestedHorizonMs=2500, confidence=100, planning.waypoints=1, offloadTaskId=probe-962, offloadPayload=1024 bytes}"
5g-sender,1783014990296594201,edge4av-real-20260702-multiclient-scalability-run-3,p5g-scale-mqtt-payload-1024-clients-100,scale,guided-planning,mqtt,veh-83,veh-83,rsu-1,p5g-scale-mqtt-payload-1024-clients-100-veh-83-963,ipi-session-1,multiclient-scalability-run-3,veh-83,963,100-clients,default,stationary,unsynced,true,true,clients,100,count,IPI-CooperativeService,1098,1783014990210833561,1783014925464444939,1783014925464504538,1783014990296594201,85.761,,0.060,64832.090,"CooperativeService{guidedPlanning, status=request, vehicleId=0x7665682d3833, requestedHorizonMs=2500, confidence=100, planning.waypoints=1, offloadTaskId=probe-963, offloadPayload=1024 bytes}"
5g-sender,1783014990634665896,edge4av-real-20260702-multiclient-scalability-run-3,p5g-scale-mqtt-payload-1024-clients-100,scale,guided-planning,mqtt,veh-83,veh-83,rsu-1,p5g-scale-mqtt-payload-1024-clients-100-veh-83-964,ipi-session-1,multiclient-scalability-run-3,veh-83,964,100-clients,default,stationary,unsynced,true,true,clients,100,count,IPI-CooperativeService,1098,1783014990496778763,1783014925794563746,1783014925794615162,1783014990634665896,137.887,,0.051,64840.051,"CooperativeService{guidedPlanning, status=request, vehicleId=0x7665682d3833, requestedHorizonMs=2500, confidence=100, planning.waypoints=1, offloadTaskId=probe-964, offloadPayload=1024 bytes}"
5g-sender,1783014990976694169,edge4av-real-20260702-multiclient-scalability-run-3,p5g-scale-mqtt-payload-1024-clients-100,scale,guided-planning,mqtt,veh-83,veh-83,rsu-1,p5g-scale-mqtt-payload-1024-clients-100-veh-83-965,ipi-session-1,multiclient-scalability-run-3,veh-83,965,100-clients,default,stationary,unsynced,true,true,clients,100,count,IPI-CooperativeService,1098,1783014990834846492,1783014926145119917,1783014926145172098,1783014990976694169,141.848,,0.052,64831.522,"CooperativeService{guidedPlanning, status=request, vehicleId=0x7665682d3833, requestedHorizonMs=2500, confidence=100, planning.waypoints=1, offloadTaskId=probe-965, offloadPayload=1024 bytes}"
5g-sender,1783014991330631095,edge4av-real-20260702-multiclient-scalability-run-3,p5g-scale-mqtt-payload-1024-clients-100,scale,guided-planning,mqtt,veh-83,veh-83,rsu-1,p5g-scale-mqtt-payload-1024-clients-100-veh-83-966,ipi-session-1,multiclient-scalability-run-3,veh-83,966,100-clients,default,stationary,unsynced,true,true,clients,100,count,IPI-CooperativeService,1098,1783014991176857841,1783014926496582745,1783014926496631874,1783014991330631095,153.773,,0.049,64833.999,"CooperativeService{guidedPlanning, status=request, vehicleId=0x7665682d3833, requestedHorizonMs=2500, confidence=100, planning.waypoints=1, offloadTaskId=probe-966, offloadPayload=1024 bytes}"
5g-sender,1783014991628807281,edge4av-real-20260702-multiclient-scalability-run-3,p5g-scale-mqtt-payload-1024-clients-100,scale,guided-planning,mqtt,veh-83,veh-83,rsu-1,p5g-scale-mqtt-payload-1024-clients-100-veh-83-967,ipi-session-1,multiclient-scalability-run-3,veh-83,967,100-clients,default,stationary,unsynced,true,true,clients,100,count,IPI-CooperativeService,1098,1783014991530797241,1783014926788211259,1783014926788274929,1783014991628807281,98.010,,0.064,64840.532,"CooperativeService{guidedPlanning, status=request, vehicleId=0x7665682d3833, requestedHorizonMs=2500, confidence=100, planning.waypoints=1, offloadTaskId=probe-967, offloadPayload=1024 bytes}"
5g-sender,1783014992010697201,edge4av-real-20260702-multiclient-scalability-run-3,p5g-scale-mqtt-payload-1024-clients-100,scale,guided-planning,mqtt,veh-83,veh-83,rsu-1,p5g-scale-mqtt-payload-1024-clients-100-veh-83-968,ipi-session-1,multiclient-scalability-run-3,veh-83,968,100-clients,default,stationary,unsynced,true,true,clients,100,count,IPI-CooperativeService,1098,1783014991829157551,1783014927176505933,1783014927176549492,1783014992010697201,181.540,,0.044,64834.148,"CooperativeService{guidedPlanning, status=request, vehicleId=0x7665682d3833, requestedHorizonMs=2500, confidence=100, planning.waypoints=1, offloadTaskId=probe-968, offloadPayload=1024 bytes}"
5g-sender,1783014992342992292,edge4av-real-20260702-multiclient-scalability-run-3,p5g-scale-mqtt-payload-1024-clients-100,scale,guided-planning,mqtt,veh-83,veh-83,rsu-1,p5g-scale-mqtt-payload-1024-clients-100-veh-83-969,ipi-session-1,multiclient-scalability-run-3,veh-83,969,100-clients,default,stationary,unsynced,true,true,clients,100,count,IPI-CooperativeService,1098,1783014992210904049,1783014927508218224,1783014927508278416,1783014992342992292,132.088,,0.060,64834.714,"CooperativeService{guidedPlanning, status=request, vehicleId=0x7665682d3833, requestedHorizonMs=2500, confidence=100, planning.waypoints=1, offloadTaskId=probe-969, offloadPayload=1024 bytes}"
5g-sender,1783014992606807527,edge4av-real-20260702-multiclient-scalability-run-3,p5g-scale-mqtt-payload-1024-clients-100,scale,guided-planning,mqtt,veh-83,veh-83,rsu-1,p5g-scale-mqtt-payload-1024-clients-100-veh-83-970,ipi-session-1,multiclient-scalability-run-3,veh-83,970,100-clients,default,stationary,unsynced,true,true,clients,100,count,IPI-CooperativeService,1098,1783014992543440330,1783014927768637530,1783014927768715875,1783014992606807527,63.367,,0.078,64838.092,"CooperativeService{guidedPlanning, status=request, vehicleId=0x7665682d3833, requestedHorizonMs=2500, confidence=100, planning.waypoints=1, offloadTaskId=probe-970, offloadPayload=1024 bytes}"
5g-sender,1783014992864675821,edge4av-real-20260702-multiclient-scalability-run-3,p5g-scale-mqtt-payload-1024-clients-100,scale,guided-planning,mqtt,veh-83,veh-83,rsu-1,p5g-scale-mqtt-payload-1024-clients-100-veh-83-971,ipi-session-1,multiclient-scalability-run-3,veh-83,971,100-clients,default,stationary,unsynced,true,true,clients,100,count,IPI-CooperativeService,1098,1783014992806975313,1783014928029564342,1783014928029607721,1783014992864675821,57.701,,0.043,64835.068,"CooperativeService{guidedPlanning, status=request, vehicleId=0x7665682d3833, requestedHorizonMs=2500, confidence=100, planning.waypoints=1, offloadTaskId=probe-971, offloadPayload=1024 bytes}"
5g-sender,1783014993184715589,edge4av-real-20260702-multiclient-scalability-run-3,p5g-scale-mqtt-payload-1024-clients-100,scale,guided-planning,mqtt,veh-83,veh-83,rsu-1,p5g-scale-mqtt-payload-1024-clients-100-veh-83-972,ipi-session-1,multiclient-scalability-run-3,veh-83,972,100-clients,default,stationary,unsynced,true,true,clients,100,count,IPI-CooperativeService,1098,1783014993064839136,1783014928349144161,1783014928349195368,1783014993184715589,119.876,,0.051,64835.520,"CooperativeService{guidedPlanning, status=request, vehicleId=0x7665682d3833, requestedHorizonMs=2500, confidence=100, planning.waypoints=1, offloadTaskId=probe-972, offloadPayload=1024 bytes}"
5g-sender,1783014993444814386,edge4av-real-20260702-multiclient-scalability-run-3,p5g-scale-mqtt-payload-1024-clients-100,scale,guided-planning,mqtt,veh-83,veh-83,rsu-1,p5g-scale-mqtt-payload-1024-clients-100-veh-83-973,ipi-session-1,multiclient-scalability-run-3,veh-83,973,100-clients,default,stationary,unsynced,true,true,clients,100,count,IPI-CooperativeService,1098,1783014993384883668,1783014928611100581,1783014928611163784,1783014993444814386,59.931,,0.063,64833.651,"CooperativeService{guidedPlanning, status=request, vehicleId=0x7665682d3833, requestedHorizonMs=2500, confidence=100, planning.waypoints=1, offloadTaskId=probe-973, offloadPayload=1024 bytes}"
5g-sender,1783014993720651120,edge4av-real-20260702-multiclient-scalability-run-3,p5g-scale-mqtt-payload-1024-clients-100,scale,guided-planning,mqtt,veh-83,veh-83,rsu-1,p5g-scale-mqtt-payload-1024-clients-100-veh-83-974,ipi-session-1,multiclient-scalability-run-3,veh-83,974,100-clients,default,stationary,unsynced,true,true,clients,100,count,IPI-CooperativeService,1098,1783014993645029429,1783014928881154808,1783014928881220235,1783014993720651120,75.622,,0.065,64839.431,"CooperativeService{guidedPlanning, status=request, vehicleId=0x7665682d3833, requestedHorizonMs=2500, confidence=100, planning.waypoints=1, offloadTaskId=probe-974, offloadPayload=1024 bytes}"
5g-sender,1783014993966752761,edge4av-real-20260702-multiclient-scalability-run-3,p5g-scale-mqtt-payload-1024-clients-100,scale,guided-planning,mqtt,veh-83,veh-83,rsu-1,p5g-scale-mqtt-payload-1024-clients-100-veh-83-975,ipi-session-1,multiclient-scalability-run-3,veh-83,975,100-clients,default,stationary,unsynced,true,true,clients,100,count,IPI-CooperativeService,1098,1783014993920827398,1783014929130792543,1783014929130834746,1783014993966752761,45.925,,0.042,64835.918,"CooperativeService{guidedPlanning, status=request, vehicleId=0x7665682d3833, requestedHorizonMs=2500, confidence=100, planning.waypoints=1, offloadTaskId=probe-975, offloadPayload=1024 bytes}"
5g-sender,1783014994228631249,edge4av-real-20260702-multiclient-scalability-run-3,p5g-scale-mqtt-payload-1024-clients-100,scale,guided-planning,mqtt,veh-83,veh-83,rsu-1,p5g-scale-mqtt-payload-1024-clients-100-veh-83-976,ipi-session-1,multiclient-scalability-run-3,veh-83,976,100-clients,default,stationary,unsynced,true,true,clients,100,count,IPI-CooperativeService,1098,1783014994166943690,1783014929393046025,1783014929393088873,1783014994228631249,61.688,,0.043,64835.542,"CooperativeService{guidedPlanning, status=request, vehicleId=0x7665682d3833, requestedHorizonMs=2500, confidence=100, planning.waypoints=1, offloadTaskId=probe-976, offloadPayload=1024 bytes}"
5g-sender,1783014994498716536,edge4av-real-20260702-multiclient-scalability-run-3,p5g-scale-mqtt-payload-1024-clients-100,scale,guided-planning,mqtt,veh-83,veh-83,rsu-1,p5g-scale-mqtt-payload-1024-clients-100-veh-83-977,ipi-session-1,multiclient-scalability-run-3,veh-83,977,100-clients,default,stationary,unsynced,true,true,clients,100,count,IPI-CooperativeService,1098,1783014994428790238,1783014929652834188,1783014929652893478,1783014994498716536,69.926,,0.059,64845.823,"CooperativeService{guidedPlanning, status=request, vehicleId=0x7665682d3833, requestedHorizonMs=2500, confidence=100, planning.waypoints=1, offloadTaskId=probe-977, offloadPayload=1024 bytes}"
5g-sender,1783014994726926533,edge4av-real-20260702-multiclient-scalability-run-3,p5g-scale-mqtt-payload-1024-clients-100,scale,guided-planning,mqtt,veh-83,veh-83,rsu-1,p5g-scale-mqtt-payload-1024-clients-100-veh-83-978,ipi-session-1,multiclient-scalability-run-3,veh-83,978,100-clients,default,stationary,unsynced,true,true,clients,100,count,IPI-CooperativeService,1098,1783014994698877938,1783014929894794464,1783014929894837847,1783014994726926533,28.049,,0.043,64832.089,"CooperativeService{guidedPlanning, status=request, vehicleId=0x7665682d3833, requestedHorizonMs=2500, confidence=100, planning.waypoints=1, offloadTaskId=probe-978, offloadPayload=1024 bytes}"
5g-sender,1783014994976817306,edge4av-real-20260702-multiclient-scalability-run-3,p5g-scale-mqtt-payload-1024-clients-100,scale,guided-planning,mqtt,veh-83,veh-83,rsu-1,p5g-scale-mqtt-payload-1024-clients-100-veh-83-979,ipi-session-1,multiclient-scalability-run-3,veh-83,979,100-clients,default,stationary,unsynced,true,true,clients,100,count,IPI-CooperativeService,1098,1783014994927098891,1783014930144008626,1783014930144051919,1783014994976817306,49.718,,0.043,64832.765,"CooperativeService{guidedPlanning, status=request, vehicleId=0x7665682d3833, requestedHorizonMs=2500, confidence=100, planning.waypoints=1, offloadTaskId=probe-979, offloadPayload=1024 bytes}"
5g-sender,1783014995260567158,edge4av-real-20260702-multiclient-scalability-run-3,p5g-scale-mqtt-payload-1024-clients-100,scale,guided-planning,mqtt,veh-83,veh-83,rsu-1,p5g-scale-mqtt-payload-1024-clients-100-veh-83-980,ipi-session-1,multiclient-scalability-run-3,veh-83,980,100-clients,default,stationary,unsynced,true,true,clients,100,count,IPI-CooperativeService,1098,1783014995177024319,1783014930423100177,1783014930423148858,1783014995260567158,83.543,,0.049,64837.418,"CooperativeService{guidedPlanning, status=request, vehicleId=0x7665682d3833, requestedHorizonMs=2500, confidence=100, planning.waypoints=1, offloadTaskId=probe-980, offloadPayload=1024 bytes}"
5g-sender,1783014995508782151,edge4av-real-20260702-multiclient-scalability-run-3,p5g-scale-mqtt-payload-1024-clients-100,scale,guided-planning,mqtt,veh-83,veh-83,rsu-1,p5g-scale-mqtt-payload-1024-clients-100-veh-83-981,ipi-session-1,multiclient-scalability-run-3,veh-83,981,100-clients,default,stationary,unsynced,true,true,clients,100,count,IPI-CooperativeService,1098,1783014995460735250,1783014930666843482,1783014930666887464,1783014995508782151,48.047,,0.044,64841.895,"CooperativeService{guidedPlanning, status=request, vehicleId=0x7665682d3833, requestedHorizonMs=2500, confidence=100, planning.waypoints=1, offloadTaskId=probe-981, offloadPayload=1024 bytes}"
5g-sender,1783014995746852930,edge4av-real-20260702-multiclient-scalability-run-3,p5g-scale-mqtt-payload-1024-clients-100,scale,guided-planning,mqtt,veh-83,veh-83,rsu-1,p5g-scale-mqtt-payload-1024-clients-100-veh-83-982,ipi-session-1,multiclient-scalability-run-3,veh-83,982,100-clients,default,stationary,unsynced,true,true,clients,100,count,IPI-CooperativeService,1098,1783014995708950777,1783014930914837428,1783014930914888238,1783014995746852930,37.902,,0.051,64831.965,"CooperativeService{guidedPlanning, status=request, vehicleId=0x7665682d3833, requestedHorizonMs=2500, confidence=100, planning.waypoints=1, offloadTaskId=probe-982, offloadPayload=1024 bytes}"
5g-sender,1783014996010806636,edge4av-real-20260702-multiclient-scalability-run-3,p5g-scale-mqtt-payload-1024-clients-100,scale,guided-planning,mqtt,veh-83,veh-83,rsu-1,p5g-scale-mqtt-payload-1024-clients-100-veh-83-983,ipi-session-1,multiclient-scalability-run-3,veh-83,983,100-clients,default,stationary,unsynced,true,true,clients,100,count,IPI-CooperativeService,1098,1783014995947023582,1783014931174761550,1783014931174812247,1783014996010806636,63.783,,0.051,64835.994,"CooperativeService{guidedPlanning, status=request, vehicleId=0x7665682d3833, requestedHorizonMs=2500, confidence=100, planning.waypoints=1, offloadTaskId=probe-983, offloadPayload=1024 bytes}"
5g-sender,1783014996298934166,edge4av-real-20260702-multiclient-scalability-run-3,p5g-scale-mqtt-payload-1024-clients-100,scale,guided-planning,mqtt,veh-83,veh-83,rsu-1,p5g-scale-mqtt-payload-1024-clients-100-veh-83-984,ipi-session-1,multiclient-scalability-run-3,veh-83,984,100-clients,default,stationary,unsynced,true,true,clients,100,count,IPI-CooperativeService,1098,1783014996210996875,1783014931466129596,1783014931466184942,1783014996298934166,87.937,,0.055,64832.749,"CooperativeService{guidedPlanning, status=request, vehicleId=0x7665682d3833, requestedHorizonMs=2500, confidence=100, planning.waypoints=1, offloadTaskId=probe-984, offloadPayload=1024 bytes}"
5g-sender,1783014996594705333,edge4av-real-20260702-multiclient-scalability-run-3,p5g-scale-mqtt-payload-1024-clients-100,scale,guided-planning,mqtt,veh-83,veh-83,rsu-1,p5g-scale-mqtt-payload-1024-clients-100-veh-83-985,ipi-session-1,multiclient-scalability-run-3,veh-83,985,100-clients,default,stationary,unsynced,true,true,clients,100,count,IPI-CooperativeService,1098,1783014996499140312,1783014931758620472,1783014931758663437,1783014996594705333,95.565,,0.043,64836.042,"CooperativeService{guidedPlanning, status=request, vehicleId=0x7665682d3833, requestedHorizonMs=2500, confidence=100, planning.waypoints=1, offloadTaskId=probe-985, offloadPayload=1024 bytes}"
5g-sender,1783014996844669951,edge4av-real-20260702-multiclient-scalability-run-3,p5g-scale-mqtt-payload-1024-clients-100,scale,guided-planning,mqtt,veh-83,veh-83,rsu-1,p5g-scale-mqtt-payload-1024-clients-100-veh-83-986,ipi-session-1,multiclient-scalability-run-3,veh-83,986,100-clients,default,stationary,unsynced,true,true,clients,100,count,IPI-CooperativeService,1098,1783014996794927375,1783014932008624774,1783014932008707777,1783014996844669951,49.743,,0.083,64835.962,"CooperativeService{guidedPlanning, status=request, vehicleId=0x7665682d3833, requestedHorizonMs=2500, confidence=100, planning.waypoints=1, offloadTaskId=probe-986, offloadPayload=1024 bytes}"
5g-sender,1783014997090803356,edge4av-real-20260702-multiclient-scalability-run-3,p5g-scale-mqtt-payload-1024-clients-100,scale,guided-planning,mqtt,veh-83,veh-83,rsu-1,p5g-scale-mqtt-payload-1024-clients-100-veh-83-987,ipi-session-1,multiclient-scalability-run-3,veh-83,987,100-clients,default,stationary,unsynced,true,true,clients,100,count,IPI-CooperativeService,1098,1783014997044847176,1783014932257266353,1783014932257310367,1783014997090803356,45.956,,0.044,64833.493,"CooperativeService{guidedPlanning, status=request, vehicleId=0x7665682d3833, requestedHorizonMs=2500, confidence=100, planning.waypoints=1, offloadTaskId=probe-987, offloadPayload=1024 bytes}"
5g-sender,1783014997376651456,edge4av-real-20260702-multiclient-scalability-run-3,p5g-scale-mqtt-payload-1024-clients-100,scale,guided-planning,mqtt,veh-83,veh-83,rsu-1,p5g-scale-mqtt-payload-1024-clients-100-veh-83-988,ipi-session-1,multiclient-scalability-run-3,veh-83,988,100-clients,default,stationary,unsynced,true,true,clients,100,count,IPI-CooperativeService,1098,1783014997290960531,1783014932537971918,1783014932538041783,1783014997376651456,85.691,,0.070,64838.610,"CooperativeService{guidedPlanning, status=request, vehicleId=0x7665682d3833, requestedHorizonMs=2500, confidence=100, planning.waypoints=1, offloadTaskId=probe-988, offloadPayload=1024 bytes}"
5g-sender,1783014997724637613,edge4av-real-20260702-multiclient-scalability-run-3,p5g-scale-mqtt-payload-1024-clients-100,scale,guided-planning,mqtt,veh-83,veh-83,rsu-1,p5g-scale-mqtt-payload-1024-clients-100-veh-83-989,ipi-session-1,multiclient-scalability-run-3,veh-83,989,100-clients,default,stationary,unsynced,true,true,clients,100,count,IPI-CooperativeService,1098,1783014997576820381,1783014932887995178,1783014932888047120,1783014997724637613,147.817,,0.052,64836.590,"CooperativeService{guidedPlanning, status=request, vehicleId=0x7665682d3833, requestedHorizonMs=2500, confidence=100, planning.waypoints=1, offloadTaskId=probe-989, offloadPayload=1024 bytes}"
5g-sender,1783014998012816731,edge4av-real-20260702-multiclient-scalability-run-3,p5g-scale-mqtt-payload-1024-clients-100,scale,guided-planning,mqtt,veh-83,veh-83,rsu-1,p5g-scale-mqtt-payload-1024-clients-100-veh-83-990,ipi-session-1,multiclient-scalability-run-3,veh-83,990,100-clients,default,stationary,unsynced,true,true,clients,100,count,IPI-CooperativeService,1098,1783014997924802928,1783014933179773644,1783014933179817315,1783014998012816731,88.014,,0.044,64832.999,"CooperativeService{guidedPlanning, status=request, vehicleId=0x7665682d3833, requestedHorizonMs=2500, confidence=100, planning.waypoints=1, offloadTaskId=probe-990, offloadPayload=1024 bytes}"
5g-sender,1783014998268650163,edge4av-real-20260702-multiclient-scalability-run-3,p5g-scale-mqtt-payload-1024-clients-100,scale,guided-planning,mqtt,veh-83,veh-83,rsu-1,p5g-scale-mqtt-payload-1024-clients-100-veh-83-991,ipi-session-1,multiclient-scalability-run-3,veh-83,991,100-clients,default,stationary,unsynced,true,true,clients,100,count,IPI-CooperativeService,1098,1783014998212995409,1783014933430225763,1783014933430269507,1783014998268650163,55.655,,0.044,64838.381,"CooperativeService{guidedPlanning, status=request, vehicleId=0x7665682d3833, requestedHorizonMs=2500, confidence=100, planning.waypoints=1, offloadTaskId=probe-991, offloadPayload=1024 bytes}"
5g-sender,1783014998554706661,edge4av-real-20260702-multiclient-scalability-run-3,p5g-scale-mqtt-payload-1024-clients-100,scale,guided-planning,mqtt,veh-83,veh-83,rsu-1,p5g-scale-mqtt-payload-1024-clients-100-veh-83-992,ipi-session-1,multiclient-scalability-run-3,veh-83,992,100-clients,default,stationary,unsynced,true,true,clients,100,count,IPI-CooperativeService,1098,1783014998468868402,1783014933719776045,1783014933719820634,1783014998554706661,85.838,,0.045,64834.886,"CooperativeService{guidedPlanning, status=request, vehicleId=0x7665682d3833, requestedHorizonMs=2500, confidence=100, planning.waypoints=1, offloadTaskId=probe-992, offloadPayload=1024 bytes}"
5g-sender,1783014998812763760,edge4av-real-20260702-multiclient-scalability-run-3,p5g-scale-mqtt-payload-1024-clients-100,scale,guided-planning,mqtt,veh-83,veh-83,rsu-1,p5g-scale-mqtt-payload-1024-clients-100-veh-83-993,ipi-session-1,multiclient-scalability-run-3,veh-83,993,100-clients,default,stationary,unsynced,true,true,clients,100,count,IPI-CooperativeService,1098,1783014998754875563,1783014933981067473,1783014933981110815,1783014998812763760,57.888,,0.043,64831.653,"CooperativeService{guidedPlanning, status=request, vehicleId=0x7665682d3833, requestedHorizonMs=2500, confidence=100, planning.waypoints=1, offloadTaskId=probe-993, offloadPayload=1024 bytes}"
5g-sender,1783014999076900295,edge4av-real-20260702-multiclient-scalability-run-3,p5g-scale-mqtt-payload-1024-clients-100,scale,guided-planning,mqtt,veh-83,veh-83,rsu-1,p5g-scale-mqtt-payload-1024-clients-100-veh-83-994,ipi-session-1,multiclient-scalability-run-3,veh-83,994,100-clients,default,stationary,unsynced,true,true,clients,100,count,IPI-CooperativeService,1098,1783014999012937822,1783014934242982524,1783014934243047002,1783014999076900295,63.962,,0.064,64833.853,"CooperativeService{guidedPlanning, status=request, vehicleId=0x7665682d3833, requestedHorizonMs=2500, confidence=100, planning.waypoints=1, offloadTaskId=probe-994, offloadPayload=1024 bytes}"
5g-sender,1783014999346751166,edge4av-real-20260702-multiclient-scalability-run-3,p5g-scale-mqtt-payload-1024-clients-100,scale,guided-planning,mqtt,veh-83,veh-83,rsu-1,p5g-scale-mqtt-payload-1024-clients-100-veh-83-995,ipi-session-1,multiclient-scalability-run-3,veh-83,995,100-clients,default,stationary,unsynced,true,true,clients,100,count,IPI-CooperativeService,1098,1783014999277071620,1783014934510433999,1783014934510475057,1783014999346751166,69.680,,0.041,64836.276,"CooperativeService{guidedPlanning, status=request, vehicleId=0x7665682d3833, requestedHorizonMs=2500, confidence=100, planning.waypoints=1, offloadTaskId=probe-995, offloadPayload=1024 bytes}"
5g-sender,1783014999604795521,edge4av-real-20260702-multiclient-scalability-run-3,p5g-scale-mqtt-payload-1024-clients-100,scale,guided-planning,mqtt,veh-83,veh-83,rsu-1,p5g-scale-mqtt-payload-1024-clients-100-veh-83-996,ipi-session-1,multiclient-scalability-run-3,veh-83,996,100-clients,default,stationary,unsynced,true,true,clients,100,count,IPI-CooperativeService,1098,1783014999546918397,1783014934770950932,1783014934770992574,1783014999604795521,57.877,,0.042,64833.803,"CooperativeService{guidedPlanning, status=request, vehicleId=0x7665682d3833, requestedHorizonMs=2500, confidence=100, planning.waypoints=1, offloadTaskId=probe-996, offloadPayload=1024 bytes}"
5g-sender,1783014999869050006,edge4av-real-20260702-multiclient-scalability-run-3,p5g-scale-mqtt-payload-1024-clients-100,scale,guided-planning,mqtt,veh-83,veh-83,rsu-1,p5g-scale-mqtt-payload-1024-clients-100-veh-83-997,ipi-session-1,multiclient-scalability-run-3,veh-83,997,100-clients,default,stationary,unsynced,true,true,clients,100,count,IPI-CooperativeService,1098,1783014999804919741,1783014935031552931,1783014935031604544,1783014999869050006,64.130,,0.052,64837.445,"CooperativeService{guidedPlanning, status=request, vehicleId=0x7665682d3833, requestedHorizonMs=2500, confidence=100, planning.waypoints=1, offloadTaskId=probe-997, offloadPayload=1024 bytes}"
5g-sender,1783015000108872292,edge4av-real-20260702-multiclient-scalability-run-3,p5g-scale-mqtt-payload-1024-clients-100,scale,guided-planning,mqtt,veh-83,veh-83,rsu-1,p5g-scale-mqtt-payload-1024-clients-100-veh-83-998,ipi-session-1,multiclient-scalability-run-3,veh-83,998,100-clients,default,stationary,unsynced,true,true,clients,100,count,IPI-CooperativeService,1098,1783015000069303662,1783014935271809558,1783014935271853416,1783015000108872292,39.569,,0.044,64837.019,"CooperativeService{guidedPlanning, status=request, vehicleId=0x7665682d3833, requestedHorizonMs=2500, confidence=100, planning.waypoints=1, offloadTaskId=probe-998, offloadPayload=1024 bytes}"
5g-sender,1783015000348736455,edge4av-real-20260702-multiclient-scalability-run-3,p5g-scale-mqtt-payload-1024-clients-100,scale,guided-planning,mqtt,veh-83,veh-83,rsu-1,p5g-scale-mqtt-payload-1024-clients-100-veh-83-999,ipi-session-1,multiclient-scalability-run-3,veh-83,999,100-clients,default,stationary,unsynced,true,true,clients,100,count,IPI-CooperativeService,1098,1783015000309098745,1783014935512459575,1783014935512511525,1783015000348736455,39.638,,0.052,64836.225,"CooperativeService{guidedPlanning, status=request, vehicleId=0x7665682d3833, requestedHorizonMs=2500, confidence=100, planning.waypoints=1, offloadTaskId=probe-999, offloadPayload=1024 bytes}"
5g-sender,1783015000578706022,edge4av-real-20260702-multiclient-scalability-run-3,p5g-scale-mqtt-payload-1024-clients-100,scale,guided-planning,mqtt,veh-83,veh-83,rsu-1,p5g-scale-mqtt-payload-1024-clients-100-veh-83-1000,ipi-session-1,multiclient-scalability-run-3,veh-83,1000,100-clients,default,stationary,unsynced,true,true,clients,100,count,IPI-CooperativeService,1099,1783015000548894330,1783014935742294670,1783014935742377072,1783015000578706022,29.812,,0.082,64836.329,"CooperativeService{guidedPlanning, status=request, vehicleId=0x7665682d3833, requestedHorizonMs=2500, confidence=100, planning.waypoints=1, offloadTaskId=probe-1000, offloadPayload=1024 bytes}"
