emitter_role,emit_time_ns,run_id,condition_id,condition_label,service_type,transport,av_id,obu_id,rsu_id,request_id,session_id,intersection_id,source_id,sequence,network_load_level,qos_profile,mobility_state,clock_sync_state,accepted,service_success,vehicle_outcome_name,vehicle_outcome_value,vehicle_outcome_unit,frame_type,payload_bytes,client_send_ns,server_receive_ns,server_send_ns,client_receive_ns,rtt_ms,uplink_ms,server_ms,downlink_ms,detail
5g-sender,1783014354895626733,edge4av-real-20260702-multiclient-scalability-run-3,p5g-scale-mqtt-payload-1024-clients-50,scale,guided-planning,mqtt,veh-30,veh-30,rsu-1,p5g-scale-mqtt-payload-1024-clients-50-veh-30-1,ipi-session-1,multiclient-scalability-run-3,veh-30,1,50-clients,default,stationary,unsynced,true,true,clients,50,count,IPI-CooperativeService,1096,1783014354823539734,1783014290060085021,1783014290060173841,1783014354895626733,72.087,,0.089,64835.453,"CooperativeService{guidedPlanning, status=request, vehicleId=0x7665682d3330, requestedHorizonMs=2500, confidence=100, planning.waypoints=1, offloadTaskId=probe-1, offloadPayload=1024 bytes}"
5g-sender,1783014355134877049,edge4av-real-20260702-multiclient-scalability-run-3,p5g-scale-mqtt-payload-1024-clients-50,scale,guided-planning,mqtt,veh-30,veh-30,rsu-1,p5g-scale-mqtt-payload-1024-clients-50-veh-30-2,ipi-session-1,multiclient-scalability-run-3,veh-30,2,50-clients,default,stationary,unsynced,true,true,clients,50,count,IPI-CooperativeService,1096,1783014355095906320,1783014290300948939,1783014290300992268,1783014355134877049,38.971,,0.043,64833.885,"CooperativeService{guidedPlanning, status=request, vehicleId=0x7665682d3330, requestedHorizonMs=2500, confidence=100, planning.waypoints=1, offloadTaskId=probe-2, offloadPayload=1024 bytes}"
5g-sender,1783014355367568641,edge4av-real-20260702-multiclient-scalability-run-3,p5g-scale-mqtt-payload-1024-clients-50,scale,guided-planning,mqtt,veh-30,veh-30,rsu-1,p5g-scale-mqtt-payload-1024-clients-50-veh-30-3,ipi-session-1,multiclient-scalability-run-3,veh-30,3,50-clients,default,stationary,unsynced,true,true,clients,50,count,IPI-CooperativeService,1096,1783014355335079757,1783014290532766565,1783014290532830332,1783014355367568641,32.489,,0.064,64834.738,"CooperativeService{guidedPlanning, status=request, vehicleId=0x7665682d3330, requestedHorizonMs=2500, confidence=100, planning.waypoints=1, offloadTaskId=probe-3, offloadPayload=1024 bytes}"
5g-sender,1783014355611603678,edge4av-real-20260702-multiclient-scalability-run-3,p5g-scale-mqtt-payload-1024-clients-50,scale,guided-planning,mqtt,veh-30,veh-30,rsu-1,p5g-scale-mqtt-payload-1024-clients-50-veh-30-4,ipi-session-1,multiclient-scalability-run-3,veh-30,4,50-clients,default,stationary,unsynced,true,true,clients,50,count,IPI-CooperativeService,1096,1783014355567780622,1783014290771896557,1783014290771961489,1783014355611603678,43.823,,0.065,64839.642,"CooperativeService{guidedPlanning, status=request, vehicleId=0x7665682d3330, requestedHorizonMs=2500, confidence=100, planning.waypoints=1, offloadTaskId=probe-4, offloadPayload=1024 bytes}"
5g-sender,1783014355849608333,edge4av-real-20260702-multiclient-scalability-run-3,p5g-scale-mqtt-payload-1024-clients-50,scale,guided-planning,mqtt,veh-30,veh-30,rsu-1,p5g-scale-mqtt-payload-1024-clients-50-veh-30-5,ipi-session-1,multiclient-scalability-run-3,veh-30,5,50-clients,default,stationary,unsynced,true,true,clients,50,count,IPI-CooperativeService,1096,1783014355811765426,1783014291013173901,1783014291013236306,1783014355849608333,37.843,,0.062,64836.372,"CooperativeService{guidedPlanning, status=request, vehicleId=0x7665682d3330, requestedHorizonMs=2500, confidence=100, planning.waypoints=1, offloadTaskId=probe-5, offloadPayload=1024 bytes}"
5g-sender,1783014356079664780,edge4av-real-20260702-multiclient-scalability-run-3,p5g-scale-mqtt-payload-1024-clients-50,scale,guided-planning,mqtt,veh-30,veh-30,rsu-1,p5g-scale-mqtt-payload-1024-clients-50-veh-30-6,ipi-session-1,multiclient-scalability-run-3,veh-30,6,50-clients,default,stationary,unsynced,true,true,clients,50,count,IPI-CooperativeService,1096,1783014356049769328,1783014291243032680,1783014291243075691,1783014356079664780,29.895,,0.043,64836.589,"CooperativeService{guidedPlanning, status=request, vehicleId=0x7665682d3330, requestedHorizonMs=2500, confidence=100, planning.waypoints=1, offloadTaskId=probe-6, offloadPayload=1024 bytes}"
5g-sender,1783014356321554096,edge4av-real-20260702-multiclient-scalability-run-3,p5g-scale-mqtt-payload-1024-clients-50,scale,guided-planning,mqtt,veh-30,veh-30,rsu-1,p5g-scale-mqtt-payload-1024-clients-50-veh-30-7,ipi-session-1,multiclient-scalability-run-3,veh-30,7,50-clients,default,stationary,unsynced,true,true,clients,50,count,IPI-CooperativeService,1096,1783014356280011296,1783014291484555020,1783014291484614649,1783014356321554096,41.543,,0.060,64836.939,"CooperativeService{guidedPlanning, status=request, vehicleId=0x7665682d3330, requestedHorizonMs=2500, confidence=100, planning.waypoints=1, offloadTaskId=probe-7, offloadPayload=1024 bytes}"
5g-sender,1783014356547576029,edge4av-real-20260702-multiclient-scalability-run-3,p5g-scale-mqtt-payload-1024-clients-50,scale,guided-planning,mqtt,veh-30,veh-30,rsu-1,p5g-scale-mqtt-payload-1024-clients-50-veh-30-8,ipi-session-1,multiclient-scalability-run-3,veh-30,8,50-clients,default,stationary,unsynced,true,true,clients,50,count,IPI-CooperativeService,1096,1783014356521739865,1783014291713835742,1783014291713886814,1783014356547576029,25.836,,0.051,64833.689,"CooperativeService{guidedPlanning, status=request, vehicleId=0x7665682d3330, requestedHorizonMs=2500, confidence=100, planning.waypoints=1, offloadTaskId=probe-8, offloadPayload=1024 bytes}"
5g-sender,1783014356797705022,edge4av-real-20260702-multiclient-scalability-run-3,p5g-scale-mqtt-payload-1024-clients-50,scale,guided-planning,mqtt,veh-30,veh-30,rsu-1,p5g-scale-mqtt-payload-1024-clients-50-veh-30-9,ipi-session-1,multiclient-scalability-run-3,veh-30,9,50-clients,default,stationary,unsynced,true,true,clients,50,count,IPI-CooperativeService,1096,1783014356747756768,1783014291955080895,1783014291955123858,1783014356797705022,49.948,,0.043,64842.581,"CooperativeService{guidedPlanning, status=request, vehicleId=0x7665682d3330, requestedHorizonMs=2500, confidence=100, planning.waypoints=1, offloadTaskId=probe-9, offloadPayload=1024 bytes}"
5g-sender,1783014357031668914,edge4av-real-20260702-multiclient-scalability-run-3,p5g-scale-mqtt-payload-1024-clients-50,scale,guided-planning,mqtt,veh-30,veh-30,rsu-1,p5g-scale-mqtt-payload-1024-clients-50-veh-30-10,ipi-session-1,multiclient-scalability-run-3,veh-30,10,50-clients,default,stationary,unsynced,true,true,clients,50,count,IPI-CooperativeService,1097,1783014356997920927,1783014292195447387,1783014292195491457,1783014357031668914,33.748,,0.044,64836.177,"CooperativeService{guidedPlanning, status=request, vehicleId=0x7665682d3330, requestedHorizonMs=2500, confidence=100, planning.waypoints=1, offloadTaskId=probe-10, offloadPayload=1024 bytes}"
5g-sender,1783014357257528441,edge4av-real-20260702-multiclient-scalability-run-3,p5g-scale-mqtt-payload-1024-clients-50,scale,guided-planning,mqtt,veh-30,veh-30,rsu-1,p5g-scale-mqtt-payload-1024-clients-50-veh-30-11,ipi-session-1,multiclient-scalability-run-3,veh-30,11,50-clients,default,stationary,unsynced,true,true,clients,50,count,IPI-CooperativeService,1097,1783014357231830331,1783014292425611291,1783014292425664554,1783014357257528441,25.698,,0.053,64831.864,"CooperativeService{guidedPlanning, status=request, vehicleId=0x7665682d3330, requestedHorizonMs=2500, confidence=100, planning.waypoints=1, offloadTaskId=probe-11, offloadPayload=1024 bytes}"
5g-sender,1783014357503597099,edge4av-real-20260702-multiclient-scalability-run-3,p5g-scale-mqtt-payload-1024-clients-50,scale,guided-planning,mqtt,veh-30,veh-30,rsu-1,p5g-scale-mqtt-payload-1024-clients-50-veh-30-12,ipi-session-1,multiclient-scalability-run-3,veh-30,12,50-clients,default,stationary,unsynced,true,true,clients,50,count,IPI-CooperativeService,1097,1783014357457702135,1783014292666039556,1783014292666083056,1783014357503597099,45.895,,0.043,64837.514,"CooperativeService{guidedPlanning, status=request, vehicleId=0x7665682d3330, requestedHorizonMs=2500, confidence=100, planning.waypoints=1, offloadTaskId=probe-12, offloadPayload=1024 bytes}"
5g-sender,1783014357741727169,edge4av-real-20260702-multiclient-scalability-run-3,p5g-scale-mqtt-payload-1024-clients-50,scale,guided-planning,mqtt,veh-30,veh-30,rsu-1,p5g-scale-mqtt-payload-1024-clients-50-veh-30-13,ipi-session-1,multiclient-scalability-run-3,veh-30,13,50-clients,default,stationary,unsynced,true,true,clients,50,count,IPI-CooperativeService,1097,1783014357703823261,1783014292906521122,1783014292906564163,1783014357741727169,37.904,,0.043,64835.163,"CooperativeService{guidedPlanning, status=request, vehicleId=0x7665682d3330, requestedHorizonMs=2500, confidence=100, planning.waypoints=1, offloadTaskId=probe-13, offloadPayload=1024 bytes}"
5g-sender,1783014357993591650,edge4av-real-20260702-multiclient-scalability-run-3,p5g-scale-mqtt-payload-1024-clients-50,scale,guided-planning,mqtt,veh-30,veh-30,rsu-1,p5g-scale-mqtt-payload-1024-clients-50-veh-30-14,ipi-session-1,multiclient-scalability-run-3,veh-30,14,50-clients,default,stationary,unsynced,true,true,clients,50,count,IPI-CooperativeService,1097,1783014357941910274,1783014293146720142,1783014293146772693,1783014357993591650,51.681,,0.053,64846.819,"CooperativeService{guidedPlanning, status=request, vehicleId=0x7665682d3330, requestedHorizonMs=2500, confidence=100, planning.waypoints=1, offloadTaskId=probe-14, offloadPayload=1024 bytes}"
5g-sender,1783014358221678795,edge4av-real-20260702-multiclient-scalability-run-3,p5g-scale-mqtt-payload-1024-clients-50,scale,guided-planning,mqtt,veh-30,veh-30,rsu-1,p5g-scale-mqtt-payload-1024-clients-50-veh-30-15,ipi-session-1,multiclient-scalability-run-3,veh-30,15,50-clients,default,stationary,unsynced,true,true,clients,50,count,IPI-CooperativeService,1097,1783014358193772454,1783014293387039345,1783014293387093531,1783014358221678795,27.906,,0.054,64834.585,"CooperativeService{guidedPlanning, status=request, vehicleId=0x7665682d3330, requestedHorizonMs=2500, confidence=100, planning.waypoints=1, offloadTaskId=probe-15, offloadPayload=1024 bytes}"
5g-sender,1783014358466382341,edge4av-real-20260702-multiclient-scalability-run-3,p5g-scale-mqtt-payload-1024-clients-50,scale,guided-planning,mqtt,veh-30,veh-30,rsu-1,p5g-scale-mqtt-payload-1024-clients-50-veh-30-16,ipi-session-1,multiclient-scalability-run-3,veh-30,16,50-clients,default,stationary,unsynced,true,true,clients,50,count,IPI-CooperativeService,1097,1783014358421838512,1783014293627557657,1783014293627600815,1783014358466382341,44.544,,0.043,64838.782,"CooperativeService{guidedPlanning, status=request, vehicleId=0x7665682d3330, requestedHorizonMs=2500, confidence=100, planning.waypoints=1, offloadTaskId=probe-16, offloadPayload=1024 bytes}"
5g-sender,1783014358933695600,edge4av-real-20260702-multiclient-scalability-run-3,p5g-scale-mqtt-payload-1024-clients-50,scale,guided-planning,mqtt,veh-30,veh-30,rsu-1,p5g-scale-mqtt-payload-1024-clients-50-veh-30-17,ipi-session-1,multiclient-scalability-run-3,veh-30,17,50-clients,default,stationary,unsynced,true,true,clients,50,count,IPI-CooperativeService,1097,1783014358666644512,1783014293867610006,1783014293867660655,1783014358933695600,267.051,,0.051,65066.035,"CooperativeService{guidedPlanning, status=request, vehicleId=0x7665682d3330, requestedHorizonMs=2500, confidence=100, planning.waypoints=1, offloadTaskId=probe-17, offloadPayload=1024 bytes}"
5g-sender,1783014359221545533,edge4av-real-20260702-multiclient-scalability-run-3,p5g-scale-mqtt-payload-1024-clients-50,scale,guided-planning,mqtt,veh-30,veh-30,rsu-1,p5g-scale-mqtt-payload-1024-clients-50-veh-30-18,ipi-session-1,multiclient-scalability-run-3,veh-30,18,50-clients,default,stationary,unsynced,true,true,clients,50,count,IPI-CooperativeService,1097,1783014359134198786,1783014294389176689,1783014294389221159,1783014359221545533,87.347,,0.044,64832.324,"CooperativeService{guidedPlanning, status=request, vehicleId=0x7665682d3330, requestedHorizonMs=2500, confidence=100, planning.waypoints=1, offloadTaskId=probe-18, offloadPayload=1024 bytes}"
5g-sender,1783014359457656568,edge4av-real-20260702-multiclient-scalability-run-3,p5g-scale-mqtt-payload-1024-clients-50,scale,guided-planning,mqtt,veh-30,veh-30,rsu-1,p5g-scale-mqtt-payload-1024-clients-50-veh-30-19,ipi-session-1,multiclient-scalability-run-3,veh-30,19,50-clients,default,stationary,unsynced,true,true,clients,50,count,IPI-CooperativeService,1097,1783014359421799369,1783014294619119744,1783014294619179442,1783014359457656568,35.857,,0.060,64838.477,"CooperativeService{guidedPlanning, status=request, vehicleId=0x7665682d3330, requestedHorizonMs=2500, confidence=100, planning.waypoints=1, offloadTaskId=probe-19, offloadPayload=1024 bytes}"
5g-sender,1783014359697683475,edge4av-real-20260702-multiclient-scalability-run-3,p5g-scale-mqtt-payload-1024-clients-50,scale,guided-planning,mqtt,veh-30,veh-30,rsu-1,p5g-scale-mqtt-payload-1024-clients-50-veh-30-20,ipi-session-1,multiclient-scalability-run-3,veh-30,20,50-clients,default,stationary,unsynced,true,true,clients,50,count,IPI-CooperativeService,1097,1783014359657855930,1783014294860526999,1783014294860593110,1783014359697683475,39.828,,0.066,64837.090,"CooperativeService{guidedPlanning, status=request, vehicleId=0x7665682d3330, requestedHorizonMs=2500, confidence=100, planning.waypoints=1, offloadTaskId=probe-20, offloadPayload=1024 bytes}"
5g-sender,1783014359951583573,edge4av-real-20260702-multiclient-scalability-run-3,p5g-scale-mqtt-payload-1024-clients-50,scale,guided-planning,mqtt,veh-30,veh-30,rsu-1,p5g-scale-mqtt-payload-1024-clients-50-veh-30-21,ipi-session-1,multiclient-scalability-run-3,veh-30,21,50-clients,default,stationary,unsynced,true,true,clients,50,count,IPI-CooperativeService,1097,1783014359897849522,1783014295111356407,1783014295111425299,1783014359951583573,53.734,,0.069,64840.158,"CooperativeService{guidedPlanning, status=request, vehicleId=0x7665682d3330, requestedHorizonMs=2500, confidence=100, planning.waypoints=1, offloadTaskId=probe-21, offloadPayload=1024 bytes}"
5g-sender,1783014360219700042,edge4av-real-20260702-multiclient-scalability-run-3,p5g-scale-mqtt-payload-1024-clients-50,scale,guided-planning,mqtt,veh-30,veh-30,rsu-1,p5g-scale-mqtt-payload-1024-clients-50-veh-30-22,ipi-session-1,multiclient-scalability-run-3,veh-30,22,50-clients,default,stationary,unsynced,true,true,clients,50,count,IPI-CooperativeService,1097,1783014360151750304,1783014295380767174,1783014295380812140,1783014360219700042,67.950,,0.045,64838.888,"CooperativeService{guidedPlanning, status=request, vehicleId=0x7665682d3330, requestedHorizonMs=2500, confidence=100, planning.waypoints=1, offloadTaskId=probe-22, offloadPayload=1024 bytes}"
5g-sender,1783014360467699824,edge4av-real-20260702-multiclient-scalability-run-3,p5g-scale-mqtt-payload-1024-clients-50,scale,guided-planning,mqtt,veh-30,veh-30,rsu-1,p5g-scale-mqtt-payload-1024-clients-50-veh-30-23,ipi-session-1,multiclient-scalability-run-3,veh-30,23,50-clients,default,stationary,unsynced,true,true,clients,50,count,IPI-CooperativeService,1097,1783014360420025731,1783014295630569828,1783014295630621679,1783014360467699824,47.674,,0.052,64837.078,"CooperativeService{guidedPlanning, status=request, vehicleId=0x7665682d3330, requestedHorizonMs=2500, confidence=100, planning.waypoints=1, offloadTaskId=probe-23, offloadPayload=1024 bytes}"
5g-sender,1783014360809164178,edge4av-real-20260702-multiclient-scalability-run-3,p5g-scale-mqtt-payload-1024-clients-50,scale,guided-planning,mqtt,veh-30,veh-30,rsu-1,p5g-scale-mqtt-payload-1024-clients-50-veh-30-24,ipi-session-1,multiclient-scalability-run-3,veh-30,24,50-clients,default,stationary,unsynced,true,true,clients,50,count,IPI-CooperativeService,1097,1783014360668176997,1783014295922256210,1783014295922331042,1783014360809164178,140.987,,0.075,64886.833,"CooperativeService{guidedPlanning, status=request, vehicleId=0x7665682d3330, requestedHorizonMs=2500, confidence=100, planning.waypoints=1, offloadTaskId=probe-24, offloadPayload=1024 bytes}"
5g-sender,1783014361123515200,edge4av-real-20260702-multiclient-scalability-run-3,p5g-scale-mqtt-payload-1024-clients-50,scale,guided-planning,mqtt,veh-30,veh-30,rsu-1,p5g-scale-mqtt-payload-1024-clients-50-veh-30-25,ipi-session-1,multiclient-scalability-run-3,veh-30,25,50-clients,default,stationary,unsynced,true,true,clients,50,count,IPI-CooperativeService,1097,1783014361009379815,1783014296281491454,1783014296281543664,1783014361123515200,114.135,,0.052,64841.972,"CooperativeService{guidedPlanning, status=request, vehicleId=0x7665682d3330, requestedHorizonMs=2500, confidence=100, planning.waypoints=1, offloadTaskId=probe-25, offloadPayload=1024 bytes}"
5g-sender,1783014361427554861,edge4av-real-20260702-multiclient-scalability-run-3,p5g-scale-mqtt-payload-1024-clients-50,scale,guided-planning,mqtt,veh-30,veh-30,rsu-1,p5g-scale-mqtt-payload-1024-clients-50-veh-30-26,ipi-session-1,multiclient-scalability-run-3,veh-30,26,50-clients,default,stationary,unsynced,true,true,clients,50,count,IPI-CooperativeService,1097,1783014361323700007,1783014296582303479,1783014296582347764,1783014361427554861,103.855,,0.044,64845.207,"CooperativeService{guidedPlanning, status=request, vehicleId=0x7665682d3330, requestedHorizonMs=2500, confidence=100, planning.waypoints=1, offloadTaskId=probe-26, offloadPayload=1024 bytes}"
5g-sender,1783014361709549141,edge4av-real-20260702-multiclient-scalability-run-3,p5g-scale-mqtt-payload-1024-clients-50,scale,guided-planning,mqtt,veh-30,veh-30,rsu-1,p5g-scale-mqtt-payload-1024-clients-50-veh-30-27,ipi-session-1,multiclient-scalability-run-3,veh-30,27,50-clients,default,stationary,unsynced,true,true,clients,50,count,IPI-CooperativeService,1097,1783014361628005654,1783014296872308466,1783014296872360656,1783014361709549141,81.543,,0.052,64837.188,"CooperativeService{guidedPlanning, status=request, vehicleId=0x7665682d3330, requestedHorizonMs=2500, confidence=100, planning.waypoints=1, offloadTaskId=probe-27, offloadPayload=1024 bytes}"
5g-sender,1783014361955559081,edge4av-real-20260702-multiclient-scalability-run-3,p5g-scale-mqtt-payload-1024-clients-50,scale,guided-planning,mqtt,veh-30,veh-30,rsu-1,p5g-scale-mqtt-payload-1024-clients-50-veh-30-28,ipi-session-1,multiclient-scalability-run-3,veh-30,28,50-clients,default,stationary,unsynced,true,true,clients,50,count,IPI-CooperativeService,1097,1783014361909693088,1783014297122547054,1783014297122597178,1783014361955559081,45.866,,0.050,64832.962,"CooperativeService{guidedPlanning, status=request, vehicleId=0x7665682d3330, requestedHorizonMs=2500, confidence=100, planning.waypoints=1, offloadTaskId=probe-28, offloadPayload=1024 bytes}"
5g-sender,1783014362231559064,edge4av-real-20260702-multiclient-scalability-run-3,p5g-scale-mqtt-payload-1024-clients-50,scale,guided-planning,mqtt,veh-30,veh-30,rsu-1,p5g-scale-mqtt-payload-1024-clients-50-veh-30-29,ipi-session-1,multiclient-scalability-run-3,veh-30,29,50-clients,default,stationary,unsynced,true,true,clients,50,count,IPI-CooperativeService,1097,1783014362155706554,1783014297393959228,1783014297394016282,1783014362231559064,75.853,,0.057,64837.543,"CooperativeService{guidedPlanning, status=request, vehicleId=0x7665682d3330, requestedHorizonMs=2500, confidence=100, planning.waypoints=1, offloadTaskId=probe-29, offloadPayload=1024 bytes}"
5g-sender,1783014362519530645,edge4av-real-20260702-multiclient-scalability-run-3,p5g-scale-mqtt-payload-1024-clients-50,scale,guided-planning,mqtt,veh-30,veh-30,rsu-1,p5g-scale-mqtt-payload-1024-clients-50-veh-30-30,ipi-session-1,multiclient-scalability-run-3,veh-30,30,50-clients,default,stationary,unsynced,true,true,clients,50,count,IPI-CooperativeService,1097,1783014362431722824,1783014297683272598,1783014297683316094,1783014362519530645,87.808,,0.043,64836.215,"CooperativeService{guidedPlanning, status=request, vehicleId=0x7665682d3330, requestedHorizonMs=2500, confidence=100, planning.waypoints=1, offloadTaskId=probe-30, offloadPayload=1024 bytes}"
5g-sender,1783014362773469550,edge4av-real-20260702-multiclient-scalability-run-3,p5g-scale-mqtt-payload-1024-clients-50,scale,guided-planning,mqtt,veh-30,veh-30,rsu-1,p5g-scale-mqtt-payload-1024-clients-50-veh-30-31,ipi-session-1,multiclient-scalability-run-3,veh-30,31,50-clients,default,stationary,unsynced,true,true,clients,50,count,IPI-CooperativeService,1097,1783014362719694275,1783014297935079058,1783014297935122067,1783014362773469550,53.775,,0.043,64838.347,"CooperativeService{guidedPlanning, status=request, vehicleId=0x7665682d3330, requestedHorizonMs=2500, confidence=100, planning.waypoints=1, offloadTaskId=probe-31, offloadPayload=1024 bytes}"
5g-sender,1783014363049632041,edge4av-real-20260702-multiclient-scalability-run-3,p5g-scale-mqtt-payload-1024-clients-50,scale,guided-planning,mqtt,veh-30,veh-30,rsu-1,p5g-scale-mqtt-payload-1024-clients-50-veh-30-32,ipi-session-1,multiclient-scalability-run-3,veh-30,32,50-clients,default,stationary,unsynced,true,true,clients,50,count,IPI-CooperativeService,1097,1783014362973667841,1783014298214733910,1783014298214793497,1783014363049632041,75.964,,0.060,64834.839,"CooperativeService{guidedPlanning, status=request, vehicleId=0x7665682d3330, requestedHorizonMs=2500, confidence=100, planning.waypoints=1, offloadTaskId=probe-32, offloadPayload=1024 bytes}"
5g-sender,1783014363317774348,edge4av-real-20260702-multiclient-scalability-run-3,p5g-scale-mqtt-payload-1024-clients-50,scale,guided-planning,mqtt,veh-30,veh-30,rsu-1,p5g-scale-mqtt-payload-1024-clients-50-veh-30-33,ipi-session-1,multiclient-scalability-run-3,veh-30,33,50-clients,default,stationary,unsynced,true,true,clients,50,count,IPI-CooperativeService,1097,1783014363249831527,1783014298485085330,1783014298485140314,1783014363317774348,67.943,,0.055,64832.634,"CooperativeService{guidedPlanning, status=request, vehicleId=0x7665682d3330, requestedHorizonMs=2500, confidence=100, planning.waypoints=1, offloadTaskId=probe-33, offloadPayload=1024 bytes}"
5g-sender,1783014363571612379,edge4av-real-20260702-multiclient-scalability-run-3,p5g-scale-mqtt-payload-1024-clients-50,scale,guided-planning,mqtt,veh-30,veh-30,rsu-1,p5g-scale-mqtt-payload-1024-clients-50-veh-30-34,ipi-session-1,multiclient-scalability-run-3,veh-30,34,50-clients,default,stationary,unsynced,true,true,clients,50,count,IPI-CooperativeService,1097,1783014363517992259,1783014298734873579,1783014298734924597,1783014363571612379,53.620,,0.051,64836.688,"CooperativeService{guidedPlanning, status=request, vehicleId=0x7665682d3330, requestedHorizonMs=2500, confidence=100, planning.waypoints=1, offloadTaskId=probe-34, offloadPayload=1024 bytes}"
5g-sender,1783014363817690345,edge4av-real-20260702-multiclient-scalability-run-3,p5g-scale-mqtt-payload-1024-clients-50,scale,guided-planning,mqtt,veh-30,veh-30,rsu-1,p5g-scale-mqtt-payload-1024-clients-50-veh-30-35,ipi-session-1,multiclient-scalability-run-3,veh-30,35,50-clients,default,stationary,unsynced,true,true,clients,50,count,IPI-CooperativeService,1097,1783014363771827436,1783014298985688102,1783014298985751838,1783014363817690345,45.863,,0.064,64831.939,"CooperativeService{guidedPlanning, status=request, vehicleId=0x7665682d3330, requestedHorizonMs=2500, confidence=100, planning.waypoints=1, offloadTaskId=probe-35, offloadPayload=1024 bytes}"
5g-sender,1783014364071716295,edge4av-real-20260702-multiclient-scalability-run-3,p5g-scale-mqtt-payload-1024-clients-50,scale,guided-planning,mqtt,veh-30,veh-30,rsu-1,p5g-scale-mqtt-payload-1024-clients-50-veh-30-36,ipi-session-1,multiclient-scalability-run-3,veh-30,36,50-clients,default,stationary,unsynced,true,true,clients,50,count,IPI-CooperativeService,1097,1783014364017854368,1783014299237438511,1783014299237492590,1783014364071716295,53.862,,0.054,64834.224,"CooperativeService{guidedPlanning, status=request, vehicleId=0x7665682d3330, requestedHorizonMs=2500, confidence=100, planning.waypoints=1, offloadTaskId=probe-36, offloadPayload=1024 bytes}"
5g-sender,1783014364343673687,edge4av-real-20260702-multiclient-scalability-run-3,p5g-scale-mqtt-payload-1024-clients-50,scale,guided-planning,mqtt,veh-30,veh-30,rsu-1,p5g-scale-mqtt-payload-1024-clients-50-veh-30-37,ipi-session-1,multiclient-scalability-run-3,veh-30,37,50-clients,default,stationary,unsynced,true,true,clients,50,count,IPI-CooperativeService,1097,1783014364271904521,1783014299496417670,1783014299496474981,1783014364343673687,71.769,,0.057,64847.199,"CooperativeService{guidedPlanning, status=request, vehicleId=0x7665682d3330, requestedHorizonMs=2500, confidence=100, planning.waypoints=1, offloadTaskId=probe-37, offloadPayload=1024 bytes}"
5g-sender,1783014364597949751,edge4av-real-20260702-multiclient-scalability-run-3,p5g-scale-mqtt-payload-1024-clients-50,scale,guided-planning,mqtt,veh-30,veh-30,rsu-1,p5g-scale-mqtt-payload-1024-clients-50-veh-30-38,ipi-session-1,multiclient-scalability-run-3,veh-30,38,50-clients,default,stationary,unsynced,true,true,clients,50,count,IPI-CooperativeService,1097,1783014364543984981,1783014299757645314,1783014299757687441,1783014364597949751,53.965,,0.042,64840.262,"CooperativeService{guidedPlanning, status=request, vehicleId=0x7665682d3330, requestedHorizonMs=2500, confidence=100, planning.waypoints=1, offloadTaskId=probe-38, offloadPayload=1024 bytes}"
5g-sender,1783014364843572346,edge4av-real-20260702-multiclient-scalability-run-3,p5g-scale-mqtt-payload-1024-clients-50,scale,guided-planning,mqtt,veh-30,veh-30,rsu-1,p5g-scale-mqtt-payload-1024-clients-50-veh-30-39,ipi-session-1,multiclient-scalability-run-3,veh-30,39,50-clients,default,stationary,unsynced,true,true,clients,50,count,IPI-CooperativeService,1097,1783014364798146008,1783014300007901831,1783014300007945104,1783014364843572346,45.426,,0.043,64835.627,"CooperativeService{guidedPlanning, status=request, vehicleId=0x7665682d3330, requestedHorizonMs=2500, confidence=100, planning.waypoints=1, offloadTaskId=probe-39, offloadPayload=1024 bytes}"
5g-sender,1783014365077603433,edge4av-real-20260702-multiclient-scalability-run-3,p5g-scale-mqtt-payload-1024-clients-50,scale,guided-planning,mqtt,veh-30,veh-30,rsu-1,p5g-scale-mqtt-payload-1024-clients-50-veh-30-40,ipi-session-1,multiclient-scalability-run-3,veh-30,40,50-clients,default,stationary,unsynced,true,true,clients,50,count,IPI-CooperativeService,1097,1783014365043719759,1783014300237197875,1783014300237248475,1783014365077603433,33.884,,0.051,64840.355,"CooperativeService{guidedPlanning, status=request, vehicleId=0x7665682d3330, requestedHorizonMs=2500, confidence=100, planning.waypoints=1, offloadTaskId=probe-40, offloadPayload=1024 bytes}"
5g-sender,1783014365303633361,edge4av-real-20260702-multiclient-scalability-run-3,p5g-scale-mqtt-payload-1024-clients-50,scale,guided-planning,mqtt,veh-30,veh-30,rsu-1,p5g-scale-mqtt-payload-1024-clients-50-veh-30-41,ipi-session-1,multiclient-scalability-run-3,veh-30,41,50-clients,default,stationary,unsynced,true,true,clients,50,count,IPI-CooperativeService,1097,1783014365277832833,1783014300467991344,1783014300468036129,1783014365303633361,25.801,,0.045,64835.597,"CooperativeService{guidedPlanning, status=request, vehicleId=0x7665682d3330, requestedHorizonMs=2500, confidence=100, planning.waypoints=1, offloadTaskId=probe-41, offloadPayload=1024 bytes}"
5g-sender,1783014365533680895,edge4av-real-20260702-multiclient-scalability-run-3,p5g-scale-mqtt-payload-1024-clients-50,scale,guided-planning,mqtt,veh-30,veh-30,rsu-1,p5g-scale-mqtt-payload-1024-clients-50-veh-30-42,ipi-session-1,multiclient-scalability-run-3,veh-30,42,50-clients,default,stationary,unsynced,true,true,clients,50,count,IPI-CooperativeService,1097,1783014365503775393,1783014300698016973,1783014300698059778,1783014365533680895,29.906,,0.043,64835.621,"CooperativeService{guidedPlanning, status=request, vehicleId=0x7665682d3330, requestedHorizonMs=2500, confidence=100, planning.waypoints=1, offloadTaskId=probe-42, offloadPayload=1024 bytes}"
5g-sender,1783014365765578205,edge4av-real-20260702-multiclient-scalability-run-3,p5g-scale-mqtt-payload-1024-clients-50,scale,guided-planning,mqtt,veh-30,veh-30,rsu-1,p5g-scale-mqtt-payload-1024-clients-50-veh-30-43,ipi-session-1,multiclient-scalability-run-3,veh-30,43,50-clients,default,stationary,unsynced,true,true,clients,50,count,IPI-CooperativeService,1097,1783014365733884918,1783014300928988588,1783014300929032825,1783014365765578205,31.693,,0.044,64836.545,"CooperativeService{guidedPlanning, status=request, vehicleId=0x7665682d3330, requestedHorizonMs=2500, confidence=100, planning.waypoints=1, offloadTaskId=probe-43, offloadPayload=1024 bytes}"
5g-sender,1783014366005543206,edge4av-real-20260702-multiclient-scalability-run-3,p5g-scale-mqtt-payload-1024-clients-50,scale,guided-planning,mqtt,veh-30,veh-30,rsu-1,p5g-scale-mqtt-payload-1024-clients-50-veh-30-44,ipi-session-1,multiclient-scalability-run-3,veh-30,44,50-clients,default,stationary,unsynced,true,true,clients,50,count,IPI-CooperativeService,1097,1783014365965880126,1783014301169028009,1783014301169071193,1783014366005543206,39.663,,0.043,64836.472,"CooperativeService{guidedPlanning, status=request, vehicleId=0x7665682d3330, requestedHorizonMs=2500, confidence=100, planning.waypoints=1, offloadTaskId=probe-44, offloadPayload=1024 bytes}"
5g-sender,1783014366234036999,edge4av-real-20260702-multiclient-scalability-run-3,p5g-scale-mqtt-payload-1024-clients-50,scale,guided-planning,mqtt,veh-30,veh-30,rsu-1,p5g-scale-mqtt-payload-1024-clients-50-veh-30-45,ipi-session-1,multiclient-scalability-run-3,veh-30,45,50-clients,default,stationary,unsynced,true,true,clients,50,count,IPI-CooperativeService,1097,1783014366205709978,1783014301399602590,1783014301399645028,1783014366234036999,28.327,,0.042,64834.392,"CooperativeService{guidedPlanning, status=request, vehicleId=0x7665682d3330, requestedHorizonMs=2500, confidence=100, planning.waypoints=1, offloadTaskId=probe-45, offloadPayload=1024 bytes}"
5g-sender,1783014366473607893,edge4av-real-20260702-multiclient-scalability-run-3,p5g-scale-mqtt-payload-1024-clients-50,scale,guided-planning,mqtt,veh-30,veh-30,rsu-1,p5g-scale-mqtt-payload-1024-clients-50-veh-30-46,ipi-session-1,multiclient-scalability-run-3,veh-30,46,50-clients,default,stationary,unsynced,true,true,clients,50,count,IPI-CooperativeService,1097,1783014366434489128,1783014301640134152,1783014301640176235,1783014366473607893,39.119,,0.042,64833.432,"CooperativeService{guidedPlanning, status=request, vehicleId=0x7665682d3330, requestedHorizonMs=2500, confidence=100, planning.waypoints=1, offloadTaskId=probe-46, offloadPayload=1024 bytes}"
5g-sender,1783014366727695661,edge4av-real-20260702-multiclient-scalability-run-3,p5g-scale-mqtt-payload-1024-clients-50,scale,guided-planning,mqtt,veh-30,veh-30,rsu-1,p5g-scale-mqtt-payload-1024-clients-50-veh-30-47,ipi-session-1,multiclient-scalability-run-3,veh-30,47,50-clients,default,stationary,unsynced,true,true,clients,50,count,IPI-CooperativeService,1097,1783014366673775381,1783014301880746512,1783014301880806365,1783014366727695661,53.920,,0.060,64846.889,"CooperativeService{guidedPlanning, status=request, vehicleId=0x7665682d3330, requestedHorizonMs=2500, confidence=100, planning.waypoints=1, offloadTaskId=probe-47, offloadPayload=1024 bytes}"
5g-sender,1783014366963002095,edge4av-real-20260702-multiclient-scalability-run-3,p5g-scale-mqtt-payload-1024-clients-50,scale,guided-planning,mqtt,veh-30,veh-30,rsu-1,p5g-scale-mqtt-payload-1024-clients-50-veh-30-48,ipi-session-1,multiclient-scalability-run-3,veh-30,48,50-clients,default,stationary,unsynced,true,true,clients,50,count,IPI-CooperativeService,1097,1783014366927875217,1783014302120072922,1783014302120135834,1783014366963002095,35.127,,0.063,64842.866,"CooperativeService{guidedPlanning, status=request, vehicleId=0x7665682d3330, requestedHorizonMs=2500, confidence=100, planning.waypoints=1, offloadTaskId=probe-48, offloadPayload=1024 bytes}"
5g-sender,1783014367211593808,edge4av-real-20260702-multiclient-scalability-run-3,p5g-scale-mqtt-payload-1024-clients-50,scale,guided-planning,mqtt,veh-30,veh-30,rsu-1,p5g-scale-mqtt-payload-1024-clients-50-veh-30-49,ipi-session-1,multiclient-scalability-run-3,veh-30,49,50-clients,default,stationary,unsynced,true,true,clients,50,count,IPI-CooperativeService,1097,1783014367163161963,1783014302371031171,1783014302371091745,1783014367211593808,48.432,,0.061,64840.502,"CooperativeService{guidedPlanning, status=request, vehicleId=0x7665682d3330, requestedHorizonMs=2500, confidence=100, planning.waypoints=1, offloadTaskId=probe-49, offloadPayload=1024 bytes}"
5g-sender,1783014367467734272,edge4av-real-20260702-multiclient-scalability-run-3,p5g-scale-mqtt-payload-1024-clients-50,scale,guided-planning,mqtt,veh-30,veh-30,rsu-1,p5g-scale-mqtt-payload-1024-clients-50-veh-30-50,ipi-session-1,multiclient-scalability-run-3,veh-30,50,50-clients,default,stationary,unsynced,true,true,clients,50,count,IPI-CooperativeService,1097,1783014367411860358,1783014302632067930,1783014302632111748,1783014367467734272,55.874,,0.044,64835.623,"CooperativeService{guidedPlanning, status=request, vehicleId=0x7665682d3330, requestedHorizonMs=2500, confidence=100, planning.waypoints=1, offloadTaskId=probe-50, offloadPayload=1024 bytes}"
5g-sender,1783014367721636888,edge4av-real-20260702-multiclient-scalability-run-3,p5g-scale-mqtt-payload-1024-clients-50,scale,guided-planning,mqtt,veh-30,veh-30,rsu-1,p5g-scale-mqtt-payload-1024-clients-50-veh-30-51,ipi-session-1,multiclient-scalability-run-3,veh-30,51,50-clients,default,stationary,unsynced,true,true,clients,50,count,IPI-CooperativeService,1097,1783014367668273720,1783014302882804054,1783014302882871710,1783014367721636888,53.363,,0.068,64838.765,"CooperativeService{guidedPlanning, status=request, vehicleId=0x7665682d3330, requestedHorizonMs=2500, confidence=100, planning.waypoints=1, offloadTaskId=probe-51, offloadPayload=1024 bytes}"
5g-sender,1783014367979492758,edge4av-real-20260702-multiclient-scalability-run-3,p5g-scale-mqtt-payload-1024-clients-50,scale,guided-planning,mqtt,veh-30,veh-30,rsu-1,p5g-scale-mqtt-payload-1024-clients-50-veh-30-52,ipi-session-1,multiclient-scalability-run-3,veh-30,52,50-clients,default,stationary,unsynced,true,true,clients,50,count,IPI-CooperativeService,1097,1783014367921773647,1783014303141283321,1783014303141334856,1783014367979492758,57.719,,0.052,64838.158,"CooperativeService{guidedPlanning, status=request, vehicleId=0x7665682d3330, requestedHorizonMs=2500, confidence=100, planning.waypoints=1, offloadTaskId=probe-52, offloadPayload=1024 bytes}"
5g-sender,1783014368229628614,edge4av-real-20260702-multiclient-scalability-run-3,p5g-scale-mqtt-payload-1024-clients-50,scale,guided-planning,mqtt,veh-30,veh-30,rsu-1,p5g-scale-mqtt-payload-1024-clients-50-veh-30-53,ipi-session-1,multiclient-scalability-run-3,veh-30,53,50-clients,default,stationary,unsynced,true,true,clients,50,count,IPI-CooperativeService,1097,1783014368179692430,1783014303391801283,1783014303391852074,1783014368229628614,49.936,,0.051,64837.777,"CooperativeService{guidedPlanning, status=request, vehicleId=0x7665682d3330, requestedHorizonMs=2500, confidence=100, planning.waypoints=1, offloadTaskId=probe-53, offloadPayload=1024 bytes}"
5g-sender,1783014368487653781,edge4av-real-20260702-multiclient-scalability-run-3,p5g-scale-mqtt-payload-1024-clients-50,scale,guided-planning,mqtt,veh-30,veh-30,rsu-1,p5g-scale-mqtt-payload-1024-clients-50-veh-30-54,ipi-session-1,multiclient-scalability-run-3,veh-30,54,50-clients,default,stationary,unsynced,true,true,clients,50,count,IPI-CooperativeService,1097,1783014368429793389,1783014303642225749,1783014303642268628,1783014368487653781,57.860,,0.043,64845.385,"CooperativeService{guidedPlanning, status=request, vehicleId=0x7665682d3330, requestedHorizonMs=2500, confidence=100, planning.waypoints=1, offloadTaskId=probe-54, offloadPayload=1024 bytes}"
5g-sender,1783014368749624124,edge4av-real-20260702-multiclient-scalability-run-3,p5g-scale-mqtt-payload-1024-clients-50,scale,guided-planning,mqtt,veh-30,veh-30,rsu-1,p5g-scale-mqtt-payload-1024-clients-50-veh-30-55,ipi-session-1,multiclient-scalability-run-3,veh-30,55,50-clients,default,stationary,unsynced,true,true,clients,50,count,IPI-CooperativeService,1097,1783014368687831295,1783014303913585362,1783014303913639075,1783014368749624124,61.793,,0.054,64835.985,"CooperativeService{guidedPlanning, status=request, vehicleId=0x7665682d3330, requestedHorizonMs=2500, confidence=100, planning.waypoints=1, offloadTaskId=probe-55, offloadPayload=1024 bytes}"
5g-sender,1783014369029594680,edge4av-real-20260702-multiclient-scalability-run-3,p5g-scale-mqtt-payload-1024-clients-50,scale,guided-planning,mqtt,veh-30,veh-30,rsu-1,p5g-scale-mqtt-payload-1024-clients-50-veh-30-56,ipi-session-1,multiclient-scalability-run-3,veh-30,56,50-clients,default,stationary,unsynced,true,true,clients,50,count,IPI-CooperativeService,1097,1783014368949832240,1783014304192963084,1783014304193025662,1783014369029594680,79.762,,0.063,64836.569,"CooperativeService{guidedPlanning, status=request, vehicleId=0x7665682d3330, requestedHorizonMs=2500, confidence=100, planning.waypoints=1, offloadTaskId=probe-56, offloadPayload=1024 bytes}"
5g-sender,1783014369267691742,edge4av-real-20260702-multiclient-scalability-run-3,p5g-scale-mqtt-payload-1024-clients-50,scale,guided-planning,mqtt,veh-30,veh-30,rsu-1,p5g-scale-mqtt-payload-1024-clients-50-veh-30-57,ipi-session-1,multiclient-scalability-run-3,veh-30,57,50-clients,default,stationary,unsynced,true,true,clients,50,count,IPI-CooperativeService,1097,1783014369229845840,1783014304434445953,1783014304434508858,1783014369267691742,37.846,,0.063,64833.183,"CooperativeService{guidedPlanning, status=request, vehicleId=0x7665682d3330, requestedHorizonMs=2500, confidence=100, planning.waypoints=1, offloadTaskId=probe-57, offloadPayload=1024 bytes}"
5g-sender,1783014369487752402,edge4av-real-20260702-multiclient-scalability-run-3,p5g-scale-mqtt-payload-1024-clients-50,scale,guided-planning,mqtt,veh-30,veh-30,rsu-1,p5g-scale-mqtt-payload-1024-clients-50-veh-30-58,ipi-session-1,multiclient-scalability-run-3,veh-30,58,50-clients,default,stationary,unsynced,true,true,clients,50,count,IPI-CooperativeService,1097,1783014369467847970,1783014304653836870,1783014304653880501,1783014369487752402,19.904,,0.044,64833.872,"CooperativeService{guidedPlanning, status=request, vehicleId=0x7665682d3330, requestedHorizonMs=2500, confidence=100, planning.waypoints=1, offloadTaskId=probe-58, offloadPayload=1024 bytes}"
5g-sender,1783014369727730635,edge4av-real-20260702-multiclient-scalability-run-3,p5g-scale-mqtt-payload-1024-clients-50,scale,guided-planning,mqtt,veh-30,veh-30,rsu-1,p5g-scale-mqtt-payload-1024-clients-50-veh-30-59,ipi-session-1,multiclient-scalability-run-3,veh-30,59,50-clients,default,stationary,unsynced,true,true,clients,50,count,IPI-CooperativeService,1097,1783014369687955082,1783014304894951345,1783014304895021765,1783014369727730635,39.776,,0.070,64832.709,"CooperativeService{guidedPlanning, status=request, vehicleId=0x7665682d3330, requestedHorizonMs=2500, confidence=100, planning.waypoints=1, offloadTaskId=probe-59, offloadPayload=1024 bytes}"
5g-sender,1783014369967673229,edge4av-real-20260702-multiclient-scalability-run-3,p5g-scale-mqtt-payload-1024-clients-50,scale,guided-planning,mqtt,veh-30,veh-30,rsu-1,p5g-scale-mqtt-payload-1024-clients-50-veh-30-60,ipi-session-1,multiclient-scalability-run-3,veh-30,60,50-clients,default,stationary,unsynced,true,true,clients,50,count,IPI-CooperativeService,1097,1783014369927891824,1783014305134672455,1783014305134722949,1783014369967673229,39.781,,0.050,64832.950,"CooperativeService{guidedPlanning, status=request, vehicleId=0x7665682d3330, requestedHorizonMs=2500, confidence=100, planning.waypoints=1, offloadTaskId=probe-60, offloadPayload=1024 bytes}"
5g-sender,1783014370277700130,edge4av-real-20260702-multiclient-scalability-run-3,p5g-scale-mqtt-payload-1024-clients-50,scale,guided-planning,mqtt,veh-30,veh-30,rsu-1,p5g-scale-mqtt-payload-1024-clients-50-veh-30-61,ipi-session-1,multiclient-scalability-run-3,veh-30,61,50-clients,default,stationary,unsynced,true,true,clients,50,count,IPI-CooperativeService,1097,1783014370167857030,1783014305445095102,1783014305445145875,1783014370277700130,109.843,,0.051,64832.554,"CooperativeService{guidedPlanning, status=request, vehicleId=0x7665682d3330, requestedHorizonMs=2500, confidence=100, planning.waypoints=1, offloadTaskId=probe-61, offloadPayload=1024 bytes}"
5g-sender,1783014370621728385,edge4av-real-20260702-multiclient-scalability-run-3,p5g-scale-mqtt-payload-1024-clients-50,scale,guided-planning,mqtt,veh-30,veh-30,rsu-1,p5g-scale-mqtt-payload-1024-clients-50-veh-30-62,ipi-session-1,multiclient-scalability-run-3,veh-30,62,50-clients,default,stationary,unsynced,true,true,clients,50,count,IPI-CooperativeService,1097,1783014370477849076,1783014305785814930,1783014305785866109,1783014370621728385,143.879,,0.051,64835.862,"CooperativeService{guidedPlanning, status=request, vehicleId=0x7665682d3330, requestedHorizonMs=2500, confidence=100, planning.waypoints=1, offloadTaskId=probe-62, offloadPayload=1024 bytes}"
5g-sender,1783014370873852494,edge4av-real-20260702-multiclient-scalability-run-3,p5g-scale-mqtt-payload-1024-clients-50,scale,guided-planning,mqtt,veh-30,veh-30,rsu-1,p5g-scale-mqtt-payload-1024-clients-50-veh-30-63,ipi-session-1,multiclient-scalability-run-3,veh-30,63,50-clients,default,stationary,unsynced,true,true,clients,50,count,IPI-CooperativeService,1097,1783014370821972540,1783014306038358362,1783014306038401904,1783014370873852494,51.880,,0.044,64835.451,"CooperativeService{guidedPlanning, status=request, vehicleId=0x7665682d3330, requestedHorizonMs=2500, confidence=100, planning.waypoints=1, offloadTaskId=probe-63, offloadPayload=1024 bytes}"
5g-sender,1783014371101618570,edge4av-real-20260702-multiclient-scalability-run-3,p5g-scale-mqtt-payload-1024-clients-50,scale,guided-planning,mqtt,veh-30,veh-30,rsu-1,p5g-scale-mqtt-payload-1024-clients-50-veh-30-64,ipi-session-1,multiclient-scalability-run-3,veh-30,64,50-clients,default,stationary,unsynced,true,true,clients,50,count,IPI-CooperativeService,1097,1783014371073993842,1783014306267393360,1783014306267438103,1783014371101618570,27.625,,0.045,64834.180,"CooperativeService{guidedPlanning, status=request, vehicleId=0x7665682d3330, requestedHorizonMs=2500, confidence=100, planning.waypoints=1, offloadTaskId=probe-64, offloadPayload=1024 bytes}"
5g-sender,1783014371333745928,edge4av-real-20260702-multiclient-scalability-run-3,p5g-scale-mqtt-payload-1024-clients-50,scale,guided-planning,mqtt,veh-30,veh-30,rsu-1,p5g-scale-mqtt-payload-1024-clients-50-veh-30-65,ipi-session-1,multiclient-scalability-run-3,veh-30,65,50-clients,default,stationary,unsynced,true,true,clients,50,count,IPI-CooperativeService,1097,1783014371301793205,1783014306498088010,1783014306498215562,1783014371333745928,31.953,,0.128,64835.530,"CooperativeService{guidedPlanning, status=request, vehicleId=0x7665682d3330, requestedHorizonMs=2500, confidence=100, planning.waypoints=1, offloadTaskId=probe-65, offloadPayload=1024 bytes}"
5g-sender,1783014371563741757,edge4av-real-20260702-multiclient-scalability-run-3,p5g-scale-mqtt-payload-1024-clients-50,scale,guided-planning,mqtt,veh-30,veh-30,rsu-1,p5g-scale-mqtt-payload-1024-clients-50-veh-30-66,ipi-session-1,multiclient-scalability-run-3,veh-30,66,50-clients,default,stationary,unsynced,true,true,clients,50,count,IPI-CooperativeService,1097,1783014371533920340,1783014306728495501,1783014306728551729,1783014371563741757,29.821,,0.056,64835.190,"CooperativeService{guidedPlanning, status=request, vehicleId=0x7665682d3330, requestedHorizonMs=2500, confidence=100, planning.waypoints=1, offloadTaskId=probe-66, offloadPayload=1024 bytes}"
5g-sender,1783014371799671040,edge4av-real-20260702-multiclient-scalability-run-3,p5g-scale-mqtt-payload-1024-clients-50,scale,guided-planning,mqtt,veh-30,veh-30,rsu-1,p5g-scale-mqtt-payload-1024-clients-50-veh-30-67,ipi-session-1,multiclient-scalability-run-3,veh-30,67,50-clients,default,stationary,unsynced,true,true,clients,50,count,IPI-CooperativeService,1097,1783014371763940756,1783014306959260385,1783014306959303031,1783014371799671040,35.730,,0.043,64840.368,"CooperativeService{guidedPlanning, status=request, vehicleId=0x7665682d3330, requestedHorizonMs=2500, confidence=100, planning.waypoints=1, offloadTaskId=probe-67, offloadPayload=1024 bytes}"
5g-sender,1783014372037586797,edge4av-real-20260702-multiclient-scalability-run-3,p5g-scale-mqtt-payload-1024-clients-50,scale,guided-planning,mqtt,veh-30,veh-30,rsu-1,p5g-scale-mqtt-payload-1024-clients-50-veh-30-68,ipi-session-1,multiclient-scalability-run-3,veh-30,68,50-clients,default,stationary,unsynced,true,true,clients,50,count,IPI-CooperativeService,1097,1783014371999836317,1783014307198923540,1783014307198977906,1783014372037586797,37.750,,0.054,64838.609,"CooperativeService{guidedPlanning, status=request, vehicleId=0x7665682d3330, requestedHorizonMs=2500, confidence=100, planning.waypoints=1, offloadTaskId=probe-68, offloadPayload=1024 bytes}"
5g-sender,1783014372282973574,edge4av-real-20260702-multiclient-scalability-run-3,p5g-scale-mqtt-payload-1024-clients-50,scale,guided-planning,mqtt,veh-30,veh-30,rsu-1,p5g-scale-mqtt-payload-1024-clients-50-veh-30-69,ipi-session-1,multiclient-scalability-run-3,veh-30,69,50-clients,default,stationary,unsynced,true,true,clients,50,count,IPI-CooperativeService,1097,1783014372237790435,1783014307440746869,1783014307440809551,1783014372282973574,45.183,,0.063,64842.164,"CooperativeService{guidedPlanning, status=request, vehicleId=0x7665682d3330, requestedHorizonMs=2500, confidence=100, planning.waypoints=1, offloadTaskId=probe-69, offloadPayload=1024 bytes}"
5g-sender,1783014372517763720,edge4av-real-20260702-multiclient-scalability-run-3,p5g-scale-mqtt-payload-1024-clients-50,scale,guided-planning,mqtt,veh-30,veh-30,rsu-1,p5g-scale-mqtt-payload-1024-clients-50-veh-30-70,ipi-session-1,multiclient-scalability-run-3,veh-30,70,50-clients,default,stationary,unsynced,true,true,clients,50,count,IPI-CooperativeService,1097,1783014372483147928,1783014307679071635,1783014307679126462,1783014372517763720,34.616,,0.055,64838.637,"CooperativeService{guidedPlanning, status=request, vehicleId=0x7665682d3330, requestedHorizonMs=2500, confidence=100, planning.waypoints=1, offloadTaskId=probe-70, offloadPayload=1024 bytes}"
5g-sender,1783014372763666290,edge4av-real-20260702-multiclient-scalability-run-3,p5g-scale-mqtt-payload-1024-clients-50,scale,guided-planning,mqtt,veh-30,veh-30,rsu-1,p5g-scale-mqtt-payload-1024-clients-50-veh-30-71,ipi-session-1,multiclient-scalability-run-3,veh-30,71,50-clients,default,stationary,unsynced,true,true,clients,50,count,IPI-CooperativeService,1097,1783014372717973152,1783014307920248482,1783014307920291532,1783014372763666290,45.693,,0.043,64843.375,"CooperativeService{guidedPlanning, status=request, vehicleId=0x7665682d3330, requestedHorizonMs=2500, confidence=100, planning.waypoints=1, offloadTaskId=probe-71, offloadPayload=1024 bytes}"
5g-sender,1783014372995817804,edge4av-real-20260702-multiclient-scalability-run-3,p5g-scale-mqtt-payload-1024-clients-50,scale,guided-planning,mqtt,veh-30,veh-30,rsu-1,p5g-scale-mqtt-payload-1024-clients-50-veh-30-72,ipi-session-1,multiclient-scalability-run-3,veh-30,72,50-clients,default,stationary,unsynced,true,true,clients,50,count,IPI-CooperativeService,1097,1783014372963838054,1783014308161289109,1783014308161332291,1783014372995817804,31.980,,0.043,64834.486,"CooperativeService{guidedPlanning, status=request, vehicleId=0x7665682d3330, requestedHorizonMs=2500, confidence=100, planning.waypoints=1, offloadTaskId=probe-72, offloadPayload=1024 bytes}"
5g-sender,1783014373235797824,edge4av-real-20260702-multiclient-scalability-run-3,p5g-scale-mqtt-payload-1024-clients-50,scale,guided-planning,mqtt,veh-30,veh-30,rsu-1,p5g-scale-mqtt-payload-1024-clients-50-veh-30-73,ipi-session-1,multiclient-scalability-run-3,veh-30,73,50-clients,default,stationary,unsynced,true,true,clients,50,count,IPI-CooperativeService,1097,1783014373196254512,1783014308401288920,1783014308401342469,1783014373235797824,39.543,,0.054,64834.455,"CooperativeService{guidedPlanning, status=request, vehicleId=0x7665682d3330, requestedHorizonMs=2500, confidence=100, planning.waypoints=1, offloadTaskId=probe-73, offloadPayload=1024 bytes}"
5g-sender,1783014373487661410,edge4av-real-20260702-multiclient-scalability-run-3,p5g-scale-mqtt-payload-1024-clients-50,scale,guided-planning,mqtt,veh-30,veh-30,rsu-1,p5g-scale-mqtt-payload-1024-clients-50-veh-30-74,ipi-session-1,multiclient-scalability-run-3,veh-30,74,50-clients,default,stationary,unsynced,true,true,clients,50,count,IPI-CooperativeService,1097,1783014373435967841,1783014308640526341,1783014308640569582,1783014373487661410,51.694,,0.043,64847.092,"CooperativeService{guidedPlanning, status=request, vehicleId=0x7665682d3330, requestedHorizonMs=2500, confidence=100, planning.waypoints=1, offloadTaskId=probe-74, offloadPayload=1024 bytes}"
5g-sender,1783014373722596918,edge4av-real-20260702-multiclient-scalability-run-3,p5g-scale-mqtt-payload-1024-clients-50,scale,guided-planning,mqtt,veh-30,veh-30,rsu-1,p5g-scale-mqtt-payload-1024-clients-50-veh-30-75,ipi-session-1,multiclient-scalability-run-3,veh-30,75,50-clients,default,stationary,unsynced,true,true,clients,50,count,IPI-CooperativeService,1097,1783014373687865376,1783014308881415700,1783014308881466814,1783014373722596918,34.732,,0.051,64841.130,"CooperativeService{guidedPlanning, status=request, vehicleId=0x7665682d3330, requestedHorizonMs=2500, confidence=100, planning.waypoints=1, offloadTaskId=probe-75, offloadPayload=1024 bytes}"
5g-sender,1783014373949770252,edge4av-real-20260702-multiclient-scalability-run-3,p5g-scale-mqtt-payload-1024-clients-50,scale,guided-planning,mqtt,veh-30,veh-30,rsu-1,p5g-scale-mqtt-payload-1024-clients-50-veh-30-76,ipi-session-1,multiclient-scalability-run-3,veh-30,76,50-clients,default,stationary,unsynced,true,true,clients,50,count,IPI-CooperativeService,1097,1783014373922809279,1783014309112635497,1783014309112716735,1783014373949770252,26.961,,0.081,64837.054,"CooperativeService{guidedPlanning, status=request, vehicleId=0x7665682d3330, requestedHorizonMs=2500, confidence=100, planning.waypoints=1, offloadTaskId=probe-76, offloadPayload=1024 bytes}"
5g-sender,1783014374187641487,edge4av-real-20260702-multiclient-scalability-run-3,p5g-scale-mqtt-payload-1024-clients-50,scale,guided-planning,mqtt,veh-30,veh-30,rsu-1,p5g-scale-mqtt-payload-1024-clients-50-veh-30-77,ipi-session-1,multiclient-scalability-run-3,veh-30,77,50-clients,default,stationary,unsynced,true,true,clients,50,count,IPI-CooperativeService,1097,1783014374149913403,1783014309342213780,1783014309342266322,1783014374187641487,37.728,,0.053,64845.375,"CooperativeService{guidedPlanning, status=request, vehicleId=0x7665682d3330, requestedHorizonMs=2500, confidence=100, planning.waypoints=1, offloadTaskId=probe-77, offloadPayload=1024 bytes}"
5g-sender,1783014374443549681,edge4av-real-20260702-multiclient-scalability-run-3,p5g-scale-mqtt-payload-1024-clients-50,scale,guided-planning,mqtt,veh-30,veh-30,rsu-1,p5g-scale-mqtt-payload-1024-clients-50-veh-30-78,ipi-session-1,multiclient-scalability-run-3,veh-30,78,50-clients,default,stationary,unsynced,true,true,clients,50,count,IPI-CooperativeService,1097,1783014374387816216,1783014309606247894,1783014309606318578,1783014374443549681,55.733,,0.071,64837.231,"CooperativeService{guidedPlanning, status=request, vehicleId=0x7665682d3330, requestedHorizonMs=2500, confidence=100, planning.waypoints=1, offloadTaskId=probe-78, offloadPayload=1024 bytes}"
5g-sender,1783014374691792065,edge4av-real-20260702-multiclient-scalability-run-3,p5g-scale-mqtt-payload-1024-clients-50,scale,guided-planning,mqtt,veh-30,veh-30,rsu-1,p5g-scale-mqtt-payload-1024-clients-50-veh-30-79,ipi-session-1,multiclient-scalability-run-3,veh-30,79,50-clients,default,stationary,unsynced,true,true,clients,50,count,IPI-CooperativeService,1097,1783014374643772209,1783014309854212765,1783014309854268996,1783014374691792065,48.020,,0.056,64837.523,"CooperativeService{guidedPlanning, status=request, vehicleId=0x7665682d3330, requestedHorizonMs=2500, confidence=100, planning.waypoints=1, offloadTaskId=probe-79, offloadPayload=1024 bytes}"
5g-sender,1783014374941762738,edge4av-real-20260702-multiclient-scalability-run-3,p5g-scale-mqtt-payload-1024-clients-50,scale,guided-planning,mqtt,veh-30,veh-30,rsu-1,p5g-scale-mqtt-payload-1024-clients-50-veh-30-80,ipi-session-1,multiclient-scalability-run-3,veh-30,80,50-clients,default,stationary,unsynced,true,true,clients,50,count,IPI-CooperativeService,1097,1783014374891962451,1783014310103676852,1783014310103728996,1783014374941762738,49.800,,0.052,64838.034,"CooperativeService{guidedPlanning, status=request, vehicleId=0x7665682d3330, requestedHorizonMs=2500, confidence=100, planning.waypoints=1, offloadTaskId=probe-80, offloadPayload=1024 bytes}"
5g-sender,1783014375187843038,edge4av-real-20260702-multiclient-scalability-run-3,p5g-scale-mqtt-payload-1024-clients-50,scale,guided-planning,mqtt,veh-30,veh-30,rsu-1,p5g-scale-mqtt-payload-1024-clients-50-veh-30-81,ipi-session-1,multiclient-scalability-run-3,veh-30,81,50-clients,default,stationary,unsynced,true,true,clients,50,count,IPI-CooperativeService,1097,1783014375142039106,1783014310354747109,1783014310354797315,1783014375187843038,45.804,,0.050,64833.046,"CooperativeService{guidedPlanning, status=request, vehicleId=0x7665682d3330, requestedHorizonMs=2500, confidence=100, planning.waypoints=1, offloadTaskId=probe-81, offloadPayload=1024 bytes}"
5g-sender,1783014375451637653,edge4av-real-20260702-multiclient-scalability-run-3,p5g-scale-mqtt-payload-1024-clients-50,scale,guided-planning,mqtt,veh-30,veh-30,rsu-1,p5g-scale-mqtt-payload-1024-clients-50-veh-30-82,ipi-session-1,multiclient-scalability-run-3,veh-30,82,50-clients,default,stationary,unsynced,true,true,clients,50,count,IPI-CooperativeService,1097,1783014375388274515,1783014310614452567,1783014310614504868,1783014375451637653,63.363,,0.052,64837.133,"CooperativeService{guidedPlanning, status=request, vehicleId=0x7665682d3330, requestedHorizonMs=2500, confidence=100, planning.waypoints=1, offloadTaskId=probe-82, offloadPayload=1024 bytes}"
5g-sender,1783014375713680568,edge4av-real-20260702-multiclient-scalability-run-3,p5g-scale-mqtt-payload-1024-clients-50,scale,guided-planning,mqtt,veh-30,veh-30,rsu-1,p5g-scale-mqtt-payload-1024-clients-50-veh-30-83,ipi-session-1,multiclient-scalability-run-3,veh-30,83,50-clients,default,stationary,unsynced,true,true,clients,50,count,IPI-CooperativeService,1097,1783014375651804339,1783014310876960592,1783014310877022096,1783014375713680568,61.876,,0.062,64836.658,"CooperativeService{guidedPlanning, status=request, vehicleId=0x7665682d3330, requestedHorizonMs=2500, confidence=100, planning.waypoints=1, offloadTaskId=probe-83, offloadPayload=1024 bytes}"
5g-sender,1783014375983612611,edge4av-real-20260702-multiclient-scalability-run-3,p5g-scale-mqtt-payload-1024-clients-50,scale,guided-planning,mqtt,veh-30,veh-30,rsu-1,p5g-scale-mqtt-payload-1024-clients-50-veh-30-84,ipi-session-1,multiclient-scalability-run-3,veh-30,84,50-clients,default,stationary,unsynced,true,true,clients,50,count,IPI-CooperativeService,1097,1783014375913844171,1783014311145512449,1783014311145554932,1783014375983612611,69.768,,0.042,64838.058,"CooperativeService{guidedPlanning, status=request, vehicleId=0x7665682d3330, requestedHorizonMs=2500, confidence=100, planning.waypoints=1, offloadTaskId=probe-84, offloadPayload=1024 bytes}"
5g-sender,1783014376265629994,edge4av-real-20260702-multiclient-scalability-run-3,p5g-scale-mqtt-payload-1024-clients-50,scale,guided-planning,mqtt,veh-30,veh-30,rsu-1,p5g-scale-mqtt-payload-1024-clients-50-veh-30-85,ipi-session-1,multiclient-scalability-run-3,veh-30,85,50-clients,default,stationary,unsynced,true,true,clients,50,count,IPI-CooperativeService,1097,1783014376183782221,1783014311426637873,1783014311426698460,1783014376265629994,81.848,,0.061,64838.932,"CooperativeService{guidedPlanning, status=request, vehicleId=0x7665682d3330, requestedHorizonMs=2500, confidence=100, planning.waypoints=1, offloadTaskId=probe-85, offloadPayload=1024 bytes}"
5g-sender,1783014376541717550,edge4av-real-20260702-multiclient-scalability-run-3,p5g-scale-mqtt-payload-1024-clients-50,scale,guided-planning,mqtt,veh-30,veh-30,rsu-1,p5g-scale-mqtt-payload-1024-clients-50-veh-30-86,ipi-session-1,multiclient-scalability-run-3,veh-30,86,50-clients,default,stationary,unsynced,true,true,clients,50,count,IPI-CooperativeService,1097,1783014376465797584,1783014311707294921,1783014311707338096,1783014376541717550,75.920,,0.043,64834.379,"CooperativeService{guidedPlanning, status=request, vehicleId=0x7665682d3330, requestedHorizonMs=2500, confidence=100, planning.waypoints=1, offloadTaskId=probe-86, offloadPayload=1024 bytes}"
5g-sender,1783014376811802791,edge4av-real-20260702-multiclient-scalability-run-3,p5g-scale-mqtt-payload-1024-clients-50,scale,guided-planning,mqtt,veh-30,veh-30,rsu-1,p5g-scale-mqtt-payload-1024-clients-50-veh-30-87,ipi-session-1,multiclient-scalability-run-3,veh-30,87,50-clients,default,stationary,unsynced,true,true,clients,50,count,IPI-CooperativeService,1097,1783014376741947707,1783014311977050388,1783014311977107156,1783014376811802791,69.855,,0.057,64834.696,"CooperativeService{guidedPlanning, status=request, vehicleId=0x7665682d3330, requestedHorizonMs=2500, confidence=100, planning.waypoints=1, offloadTaskId=probe-87, offloadPayload=1024 bytes}"
5g-sender,1783014377103696130,edge4av-real-20260702-multiclient-scalability-run-3,p5g-scale-mqtt-payload-1024-clients-50,scale,guided-planning,mqtt,veh-30,veh-30,rsu-1,p5g-scale-mqtt-payload-1024-clients-50-veh-30-88,ipi-session-1,multiclient-scalability-run-3,veh-30,88,50-clients,default,stationary,unsynced,true,true,clients,50,count,IPI-CooperativeService,1097,1783014377011979281,1783014312267764824,1783014312267807828,1783014377103696130,91.717,,0.043,64835.888,"CooperativeService{guidedPlanning, status=request, vehicleId=0x7665682d3330, requestedHorizonMs=2500, confidence=100, planning.waypoints=1, offloadTaskId=probe-88, offloadPayload=1024 bytes}"
5g-sender,1783014377375722692,edge4av-real-20260702-multiclient-scalability-run-3,p5g-scale-mqtt-payload-1024-clients-50,scale,guided-planning,mqtt,veh-30,veh-30,rsu-1,p5g-scale-mqtt-payload-1024-clients-50-veh-30-89,ipi-session-1,multiclient-scalability-run-3,veh-30,89,50-clients,default,stationary,unsynced,true,true,clients,50,count,IPI-CooperativeService,1097,1783014377303861074,1783014312537404229,1783014312537454860,1783014377375722692,71.862,,0.051,64838.268,"CooperativeService{guidedPlanning, status=request, vehicleId=0x7665682d3330, requestedHorizonMs=2500, confidence=100, planning.waypoints=1, offloadTaskId=probe-89, offloadPayload=1024 bytes}"
5g-sender,1783014377663728319,edge4av-real-20260702-multiclient-scalability-run-3,p5g-scale-mqtt-payload-1024-clients-50,scale,guided-planning,mqtt,veh-30,veh-30,rsu-1,p5g-scale-mqtt-payload-1024-clients-50-veh-30-90,ipi-session-1,multiclient-scalability-run-3,veh-30,90,50-clients,default,stationary,unsynced,true,true,clients,50,count,IPI-CooperativeService,1097,1783014377575882799,1783014312817916208,1783014312817966468,1783014377663728319,87.846,,0.050,64845.762,"CooperativeService{guidedPlanning, status=request, vehicleId=0x7665682d3330, requestedHorizonMs=2500, confidence=100, planning.waypoints=1, offloadTaskId=probe-90, offloadPayload=1024 bytes}"
5g-sender,1783014377905756686,edge4av-real-20260702-multiclient-scalability-run-3,p5g-scale-mqtt-payload-1024-clients-50,scale,guided-planning,mqtt,veh-30,veh-30,rsu-1,p5g-scale-mqtt-payload-1024-clients-50-veh-30-91,ipi-session-1,multiclient-scalability-run-3,veh-30,91,50-clients,default,stationary,unsynced,true,true,clients,50,count,IPI-CooperativeService,1097,1783014377863885676,1783014313068435022,1783014313068484798,1783014377905756686,41.871,,0.050,64837.272,"CooperativeService{guidedPlanning, status=request, vehicleId=0x7665682d3330, requestedHorizonMs=2500, confidence=100, planning.waypoints=1, offloadTaskId=probe-91, offloadPayload=1024 bytes}"
5g-sender,1783014378159782434,edge4av-real-20260702-multiclient-scalability-run-3,p5g-scale-mqtt-payload-1024-clients-50,scale,guided-planning,mqtt,veh-30,veh-30,rsu-1,p5g-scale-mqtt-payload-1024-clients-50-veh-30-92,ipi-session-1,multiclient-scalability-run-3,veh-30,92,50-clients,default,stationary,unsynced,true,true,clients,50,count,IPI-CooperativeService,1097,1783014378105918179,1783014313318874674,1783014313318927322,1783014378159782434,53.864,,0.053,64840.855,"CooperativeService{guidedPlanning, status=request, vehicleId=0x7665682d3330, requestedHorizonMs=2500, confidence=100, planning.waypoints=1, offloadTaskId=probe-92, offloadPayload=1024 bytes}"
5g-sender,1783014378403809705,edge4av-real-20260702-multiclient-scalability-run-3,p5g-scale-mqtt-payload-1024-clients-50,scale,guided-planning,mqtt,veh-30,veh-30,rsu-1,p5g-scale-mqtt-payload-1024-clients-50-veh-30-93,ipi-session-1,multiclient-scalability-run-3,veh-30,93,50-clients,default,stationary,unsynced,true,true,clients,50,count,IPI-CooperativeService,1097,1783014378360025985,1783014313569676031,1783014313569738477,1783014378403809705,43.784,,0.062,64834.071,"CooperativeService{guidedPlanning, status=request, vehicleId=0x7665682d3330, requestedHorizonMs=2500, confidence=100, planning.waypoints=1, offloadTaskId=probe-93, offloadPayload=1024 bytes}"
5g-sender,1783014378653805333,edge4av-real-20260702-multiclient-scalability-run-3,p5g-scale-mqtt-payload-1024-clients-50,scale,guided-planning,mqtt,veh-30,veh-30,rsu-1,p5g-scale-mqtt-payload-1024-clients-50-veh-30-94,ipi-session-1,multiclient-scalability-run-3,veh-30,94,50-clients,default,stationary,unsynced,true,true,clients,50,count,IPI-CooperativeService,1097,1783014378604022179,1783014313819902572,1783014313819952964,1783014378653805333,49.783,,0.050,64833.852,"CooperativeService{guidedPlanning, status=request, vehicleId=0x7665682d3330, requestedHorizonMs=2500, confidence=100, planning.waypoints=1, offloadTaskId=probe-94, offloadPayload=1024 bytes}"
5g-sender,1783014378913686572,edge4av-real-20260702-multiclient-scalability-run-3,p5g-scale-mqtt-payload-1024-clients-50,scale,guided-planning,mqtt,veh-30,veh-30,rsu-1,p5g-scale-mqtt-payload-1024-clients-50-veh-30-95,ipi-session-1,multiclient-scalability-run-3,veh-30,95,50-clients,default,stationary,unsynced,true,true,clients,50,count,IPI-CooperativeService,1097,1783014378854047074,1783014314080313845,1783014314080383006,1783014378913686572,59.639,,0.069,64833.304,"CooperativeService{guidedPlanning, status=request, vehicleId=0x7665682d3330, requestedHorizonMs=2500, confidence=100, planning.waypoints=1, offloadTaskId=probe-95, offloadPayload=1024 bytes}"
5g-sender,1783014379187794119,edge4av-real-20260702-multiclient-scalability-run-3,p5g-scale-mqtt-payload-1024-clients-50,scale,guided-planning,mqtt,veh-30,veh-30,rsu-1,p5g-scale-mqtt-payload-1024-clients-50-veh-30-96,ipi-session-1,multiclient-scalability-run-3,veh-30,96,50-clients,default,stationary,unsynced,true,true,clients,50,count,IPI-CooperativeService,1097,1783014379113844581,1783014314341999794,1783014314342043872,1783014379187794119,73.950,,0.044,64845.750,"CooperativeService{guidedPlanning, status=request, vehicleId=0x7665682d3330, requestedHorizonMs=2500, confidence=100, planning.waypoints=1, offloadTaskId=probe-96, offloadPayload=1024 bytes}"
5g-sender,1783014379437756333,edge4av-real-20260702-multiclient-scalability-run-3,p5g-scale-mqtt-payload-1024-clients-50,scale,guided-planning,mqtt,veh-30,veh-30,rsu-1,p5g-scale-mqtt-payload-1024-clients-50-veh-30-97,ipi-session-1,multiclient-scalability-run-3,veh-30,97,50-clients,default,stationary,unsynced,true,true,clients,50,count,IPI-CooperativeService,1097,1783014379387967885,1783014314601320840,1783014314601394541,1783014379437756333,49.788,,0.074,64836.362,"CooperativeService{guidedPlanning, status=request, vehicleId=0x7665682d3330, requestedHorizonMs=2500, confidence=100, planning.waypoints=1, offloadTaskId=probe-97, offloadPayload=1024 bytes}"
5g-sender,1783014379671665461,edge4av-real-20260702-multiclient-scalability-run-3,p5g-scale-mqtt-payload-1024-clients-50,scale,guided-planning,mqtt,veh-30,veh-30,rsu-1,p5g-scale-mqtt-payload-1024-clients-50-veh-30-98,ipi-session-1,multiclient-scalability-run-3,veh-30,98,50-clients,default,stationary,unsynced,true,true,clients,50,count,IPI-CooperativeService,1097,1783014379637919946,1783014314831589947,1783014314831641797,1783014379671665461,33.746,,0.052,64840.024,"CooperativeService{guidedPlanning, status=request, vehicleId=0x7665682d3330, requestedHorizonMs=2500, confidence=100, planning.waypoints=1, offloadTaskId=probe-98, offloadPayload=1024 bytes}"
5g-sender,1783014379919625118,edge4av-real-20260702-multiclient-scalability-run-3,p5g-scale-mqtt-payload-1024-clients-50,scale,guided-planning,mqtt,veh-30,veh-30,rsu-1,p5g-scale-mqtt-payload-1024-clients-50-veh-30-99,ipi-session-1,multiclient-scalability-run-3,veh-30,99,50-clients,default,stationary,unsynced,true,true,clients,50,count,IPI-CooperativeService,1097,1783014379871978314,1783014315081805573,1783014315081874125,1783014379919625118,47.647,,0.069,64837.751,"CooperativeService{guidedPlanning, status=request, vehicleId=0x7665682d3330, requestedHorizonMs=2500, confidence=100, planning.waypoints=1, offloadTaskId=probe-99, offloadPayload=1024 bytes}"
5g-sender,1783014380147961377,edge4av-real-20260702-multiclient-scalability-run-3,p5g-scale-mqtt-payload-1024-clients-50,scale,guided-planning,mqtt,veh-30,veh-30,rsu-1,p5g-scale-mqtt-payload-1024-clients-50-veh-30-100,ipi-session-1,multiclient-scalability-run-3,veh-30,100,50-clients,default,stationary,unsynced,true,true,clients,50,count,IPI-CooperativeService,1098,1783014380119840018,1783014315312761130,1783014315312817717,1783014380147961377,28.121,,0.057,64835.144,"CooperativeService{guidedPlanning, status=request, vehicleId=0x7665682d3330, requestedHorizonMs=2500, confidence=100, planning.waypoints=1, offloadTaskId=probe-100, offloadPayload=1024 bytes}"
5g-sender,1783014380371618175,edge4av-real-20260702-multiclient-scalability-run-3,p5g-scale-mqtt-payload-1024-clients-50,scale,guided-planning,mqtt,veh-30,veh-30,rsu-1,p5g-scale-mqtt-payload-1024-clients-50-veh-30-101,ipi-session-1,multiclient-scalability-run-3,veh-30,101,50-clients,default,stationary,unsynced,true,true,clients,50,count,IPI-CooperativeService,1098,1783014380348136443,1783014315533678441,1783014315533721805,1783014380371618175,23.482,,0.043,64837.896,"CooperativeService{guidedPlanning, status=request, vehicleId=0x7665682d3330, requestedHorizonMs=2500, confidence=100, planning.waypoints=1, offloadTaskId=probe-101, offloadPayload=1024 bytes}"
5g-sender,1783014380603583366,edge4av-real-20260702-multiclient-scalability-run-3,p5g-scale-mqtt-payload-1024-clients-50,scale,guided-planning,mqtt,veh-30,veh-30,rsu-1,p5g-scale-mqtt-payload-1024-clients-50-veh-30-102,ipi-session-1,multiclient-scalability-run-3,veh-30,102,50-clients,default,stationary,unsynced,true,true,clients,50,count,IPI-CooperativeService,1098,1783014380571805755,1783014315763307465,1783014315763350328,1783014380603583366,31.778,,0.043,64840.233,"CooperativeService{guidedPlanning, status=request, vehicleId=0x7665682d3330, requestedHorizonMs=2500, confidence=100, planning.waypoints=1, offloadTaskId=probe-102, offloadPayload=1024 bytes}"
5g-sender,1783014380887725901,edge4av-real-20260702-multiclient-scalability-run-3,p5g-scale-mqtt-payload-1024-clients-50,scale,guided-planning,mqtt,veh-30,veh-30,rsu-1,p5g-scale-mqtt-payload-1024-clients-50-veh-30-103,ipi-session-1,multiclient-scalability-run-3,veh-30,103,50-clients,default,stationary,unsynced,true,true,clients,50,count,IPI-CooperativeService,1098,1783014380803768152,1783014316045521843,1783014316045566010,1783014380887725901,83.958,,0.044,64842.160,"CooperativeService{guidedPlanning, status=request, vehicleId=0x7665682d3330, requestedHorizonMs=2500, confidence=100, planning.waypoints=1, offloadTaskId=probe-103, offloadPayload=1024 bytes}"
5g-sender,1783014381177678142,edge4av-real-20260702-multiclient-scalability-run-3,p5g-scale-mqtt-payload-1024-clients-50,scale,guided-planning,mqtt,veh-30,veh-30,rsu-1,p5g-scale-mqtt-payload-1024-clients-50-veh-30-104,ipi-session-1,multiclient-scalability-run-3,veh-30,104,50-clients,default,stationary,unsynced,true,true,clients,50,count,IPI-CooperativeService,1098,1783014381087963674,1783014316344808012,1783014316344854942,1783014381177678142,89.714,,0.047,64832.823,"CooperativeService{guidedPlanning, status=request, vehicleId=0x7665682d3330, requestedHorizonMs=2500, confidence=100, planning.waypoints=1, offloadTaskId=probe-104, offloadPayload=1024 bytes}"
5g-sender,1783014381433813247,edge4av-real-20260702-multiclient-scalability-run-3,p5g-scale-mqtt-payload-1024-clients-50,scale,guided-planning,mqtt,veh-30,veh-30,rsu-1,p5g-scale-mqtt-payload-1024-clients-50-veh-30-105,ipi-session-1,multiclient-scalability-run-3,veh-30,105,50-clients,default,stationary,unsynced,true,true,clients,50,count,IPI-CooperativeService,1098,1783014381377812987,1783014316595447421,1783014316595491023,1783014381433813247,56.000,,0.044,64838.322,"CooperativeService{guidedPlanning, status=request, vehicleId=0x7665682d3330, requestedHorizonMs=2500, confidence=100, planning.waypoints=1, offloadTaskId=probe-105, offloadPayload=1024 bytes}"
5g-sender,1783014381663616172,edge4av-real-20260702-multiclient-scalability-run-3,p5g-scale-mqtt-payload-1024-clients-50,scale,guided-planning,mqtt,veh-30,veh-30,rsu-1,p5g-scale-mqtt-payload-1024-clients-50-veh-30-106,ipi-session-1,multiclient-scalability-run-3,veh-30,106,50-clients,default,stationary,unsynced,true,true,clients,50,count,IPI-CooperativeService,1098,1783014381633970007,1783014316825517848,1783014316825579699,1783014381663616172,29.646,,0.062,64838.036,"CooperativeService{guidedPlanning, status=request, vehicleId=0x7665682d3330, requestedHorizonMs=2500, confidence=100, planning.waypoints=1, offloadTaskId=probe-106, offloadPayload=1024 bytes}"
5g-sender,1783014381891749412,edge4av-real-20260702-multiclient-scalability-run-3,p5g-scale-mqtt-payload-1024-clients-50,scale,guided-planning,mqtt,veh-30,veh-30,rsu-1,p5g-scale-mqtt-payload-1024-clients-50-veh-30-107,ipi-session-1,multiclient-scalability-run-3,veh-30,107,50-clients,default,stationary,unsynced,true,true,clients,50,count,IPI-CooperativeService,1098,1783014381863819172,1783014317055819454,1783014317055877339,1783014381891749412,27.930,,0.058,64835.872,"CooperativeService{guidedPlanning, status=request, vehicleId=0x7665682d3330, requestedHorizonMs=2500, confidence=100, planning.waypoints=1, offloadTaskId=probe-107, offloadPayload=1024 bytes}"
5g-sender,1783014382135689067,edge4av-real-20260702-multiclient-scalability-run-3,p5g-scale-mqtt-payload-1024-clients-50,scale,guided-planning,mqtt,veh-30,veh-30,rsu-1,p5g-scale-mqtt-payload-1024-clients-50-veh-30-108,ipi-session-1,multiclient-scalability-run-3,veh-30,108,50-clients,default,stationary,unsynced,true,true,clients,50,count,IPI-CooperativeService,1098,1783014382091948611,1783014317296752300,1783014317296802997,1783014382135689067,43.740,,0.051,64838.886,"CooperativeService{guidedPlanning, status=request, vehicleId=0x7665682d3330, requestedHorizonMs=2500, confidence=100, planning.waypoints=1, offloadTaskId=probe-108, offloadPayload=1024 bytes}"
5g-sender,1783014382361682523,edge4av-real-20260702-multiclient-scalability-run-3,p5g-scale-mqtt-payload-1024-clients-50,scale,guided-planning,mqtt,veh-30,veh-30,rsu-1,p5g-scale-mqtt-payload-1024-clients-50-veh-30-109,ipi-session-1,multiclient-scalability-run-3,veh-30,109,50-clients,default,stationary,unsynced,true,true,clients,50,count,IPI-CooperativeService,1098,1783014382335848233,1783014317526021991,1783014317526071881,1783014382361682523,25.834,,0.050,64835.611,"CooperativeService{guidedPlanning, status=request, vehicleId=0x7665682d3330, requestedHorizonMs=2500, confidence=100, planning.waypoints=1, offloadTaskId=probe-109, offloadPayload=1024 bytes}"
5g-sender,1783014382591730240,edge4av-real-20260702-multiclient-scalability-run-3,p5g-scale-mqtt-payload-1024-clients-50,scale,guided-planning,mqtt,veh-30,veh-30,rsu-1,p5g-scale-mqtt-payload-1024-clients-50-veh-30-110,ipi-session-1,multiclient-scalability-run-3,veh-30,110,50-clients,default,stationary,unsynced,true,true,clients,50,count,IPI-CooperativeService,1098,1783014382561846166,1783014317756484735,1783014317756536089,1783014382591730240,29.884,,0.051,64835.194,"CooperativeService{guidedPlanning, status=request, vehicleId=0x7665682d3330, requestedHorizonMs=2500, confidence=100, planning.waypoints=1, offloadTaskId=probe-110, offloadPayload=1024 bytes}"
5g-sender,1783014382831689927,edge4av-real-20260702-multiclient-scalability-run-3,p5g-scale-mqtt-payload-1024-clients-50,scale,guided-planning,mqtt,veh-30,veh-30,rsu-1,p5g-scale-mqtt-payload-1024-clients-50-veh-30-111,ipi-session-1,multiclient-scalability-run-3,veh-30,111,50-clients,default,stationary,unsynced,true,true,clients,50,count,IPI-CooperativeService,1098,1783014382791891389,1783014317996783112,1783014317996833735,1783014382831689927,39.799,,0.051,64834.856,"CooperativeService{guidedPlanning, status=request, vehicleId=0x7665682d3330, requestedHorizonMs=2500, confidence=100, planning.waypoints=1, offloadTaskId=probe-111, offloadPayload=1024 bytes}"
5g-sender,1783014383125584919,edge4av-real-20260702-multiclient-scalability-run-3,p5g-scale-mqtt-payload-1024-clients-50,scale,guided-planning,mqtt,veh-30,veh-30,rsu-1,p5g-scale-mqtt-payload-1024-clients-50-veh-30-112,ipi-session-1,multiclient-scalability-run-3,veh-30,112,50-clients,default,stationary,unsynced,true,true,clients,50,count,IPI-CooperativeService,1098,1783014383031891609,1783014318287513764,1783014318287565491,1783014383125584919,93.693,,0.052,64838.019,"CooperativeService{guidedPlanning, status=request, vehicleId=0x7665682d3330, requestedHorizonMs=2500, confidence=100, planning.waypoints=1, offloadTaskId=probe-112, offloadPayload=1024 bytes}"
5g-sender,1783014383383613895,edge4av-real-20260702-multiclient-scalability-run-3,p5g-scale-mqtt-payload-1024-clients-50,scale,guided-planning,mqtt,veh-30,veh-30,rsu-1,p5g-scale-mqtt-payload-1024-clients-50-veh-30-113,ipi-session-1,multiclient-scalability-run-3,veh-30,113,50-clients,default,stationary,unsynced,true,true,clients,50,count,IPI-CooperativeService,1098,1783014383325736170,1783014318547755461,1783014318547821038,1783014383383613895,57.878,,0.066,64835.793,"CooperativeService{guidedPlanning, status=request, vehicleId=0x7665682d3330, requestedHorizonMs=2500, confidence=100, planning.waypoints=1, offloadTaskId=probe-113, offloadPayload=1024 bytes}"
5g-sender,1783014383635669381,edge4av-real-20260702-multiclient-scalability-run-3,p5g-scale-mqtt-payload-1024-clients-50,scale,guided-planning,mqtt,veh-30,veh-30,rsu-1,p5g-scale-mqtt-payload-1024-clients-50-veh-30-114,ipi-session-1,multiclient-scalability-run-3,veh-30,114,50-clients,default,stationary,unsynced,true,true,clients,50,count,IPI-CooperativeService,1098,1783014383583854688,1783014318798186634,1783014318798236629,1783014383635669381,51.815,,0.050,64837.433,"CooperativeService{guidedPlanning, status=request, vehicleId=0x7665682d3330, requestedHorizonMs=2500, confidence=100, planning.waypoints=1, offloadTaskId=probe-114, offloadPayload=1024 bytes}"
5g-sender,1783014383917632178,edge4av-real-20260702-multiclient-scalability-run-3,p5g-scale-mqtt-payload-1024-clients-50,scale,guided-planning,mqtt,veh-30,veh-30,rsu-1,p5g-scale-mqtt-payload-1024-clients-50-veh-30-115,ipi-session-1,multiclient-scalability-run-3,veh-30,115,50-clients,default,stationary,unsynced,true,true,clients,50,count,IPI-CooperativeService,1098,1783014383835823776,1783014319078399648,1783014319078450567,1783014383917632178,81.808,,0.051,64839.182,"CooperativeService{guidedPlanning, status=request, vehicleId=0x7665682d3330, requestedHorizonMs=2500, confidence=100, planning.waypoints=1, offloadTaskId=probe-115, offloadPayload=1024 bytes}"
5g-sender,1783014384196133821,edge4av-real-20260702-multiclient-scalability-run-3,p5g-scale-mqtt-payload-1024-clients-50,scale,guided-planning,mqtt,veh-30,veh-30,rsu-1,p5g-scale-mqtt-payload-1024-clients-50-veh-30-116,ipi-session-1,multiclient-scalability-run-3,veh-30,116,50-clients,default,stationary,unsynced,true,true,clients,50,count,IPI-CooperativeService,1098,1783014384117779783,1783014319359148701,1783014319359198374,1783014384196133821,78.354,,0.050,64836.935,"CooperativeService{guidedPlanning, status=request, vehicleId=0x7665682d3330, requestedHorizonMs=2500, confidence=100, planning.waypoints=1, offloadTaskId=probe-116, offloadPayload=1024 bytes}"
5g-sender,1783014384467865274,edge4av-real-20260702-multiclient-scalability-run-3,p5g-scale-mqtt-payload-1024-clients-50,scale,guided-planning,mqtt,veh-30,veh-30,rsu-1,p5g-scale-mqtt-payload-1024-clients-50-veh-30-117,ipi-session-1,multiclient-scalability-run-3,veh-30,117,50-clients,default,stationary,unsynced,true,true,clients,50,count,IPI-CooperativeService,1098,1783014384396281020,1783014319631952634,1783014319631995523,1783014384467865274,71.584,,0.043,64835.870,"CooperativeService{guidedPlanning, status=request, vehicleId=0x7665682d3330, requestedHorizonMs=2500, confidence=100, planning.waypoints=1, offloadTaskId=probe-117, offloadPayload=1024 bytes}"
5g-sender,1783014384747783728,edge4av-real-20260702-multiclient-scalability-run-3,p5g-scale-mqtt-payload-1024-clients-50,scale,guided-planning,mqtt,veh-30,veh-30,rsu-1,p5g-scale-mqtt-payload-1024-clients-50-veh-30-118,ipi-session-1,multiclient-scalability-run-3,veh-30,118,50-clients,default,stationary,unsynced,true,true,clients,50,count,IPI-CooperativeService,1098,1783014384668046633,1783014319910710032,1783014319910752339,1783014384747783728,79.737,,0.042,64837.031,"CooperativeService{guidedPlanning, status=request, vehicleId=0x7665682d3330, requestedHorizonMs=2500, confidence=100, planning.waypoints=1, offloadTaskId=probe-118, offloadPayload=1024 bytes}"
5g-sender,1783014384999630054,edge4av-real-20260702-multiclient-scalability-run-3,p5g-scale-mqtt-payload-1024-clients-50,scale,guided-planning,mqtt,veh-30,veh-30,rsu-1,p5g-scale-mqtt-payload-1024-clients-50-veh-30-119,ipi-session-1,multiclient-scalability-run-3,veh-30,119,50-clients,default,stationary,unsynced,true,true,clients,50,count,IPI-CooperativeService,1098,1783014384947892671,1783014320162296653,1783014320162371775,1783014384999630054,51.737,,0.075,64837.258,"CooperativeService{guidedPlanning, status=request, vehicleId=0x7665682d3330, requestedHorizonMs=2500, confidence=100, planning.waypoints=1, offloadTaskId=probe-119, offloadPayload=1024 bytes}"
5g-sender,1783014385249704177,edge4av-real-20260702-multiclient-scalability-run-3,p5g-scale-mqtt-payload-1024-clients-50,scale,guided-planning,mqtt,veh-30,veh-30,rsu-1,p5g-scale-mqtt-payload-1024-clients-50-veh-30-120,ipi-session-1,multiclient-scalability-run-3,veh-30,120,50-clients,default,stationary,unsynced,true,true,clients,50,count,IPI-CooperativeService,1098,1783014385199740097,1783014320413115107,1783014320413157411,1783014385249704177,49.964,,0.042,64836.547,"CooperativeService{guidedPlanning, status=request, vehicleId=0x7665682d3330, requestedHorizonMs=2500, confidence=100, planning.waypoints=1, offloadTaskId=probe-120, offloadPayload=1024 bytes}"
5g-sender,1783014385489776367,edge4av-real-20260702-multiclient-scalability-run-3,p5g-scale-mqtt-payload-1024-clients-50,scale,guided-planning,mqtt,veh-30,veh-30,rsu-1,p5g-scale-mqtt-payload-1024-clients-50-veh-30-121,ipi-session-1,multiclient-scalability-run-3,veh-30,121,50-clients,default,stationary,unsynced,true,true,clients,50,count,IPI-CooperativeService,1098,1783014385449830928,1783014320655158450,1783014320655201213,1783014385489776367,39.945,,0.043,64834.575,"CooperativeService{guidedPlanning, status=request, vehicleId=0x7665682d3330, requestedHorizonMs=2500, confidence=100, planning.waypoints=1, offloadTaskId=probe-121, offloadPayload=1024 bytes}"
5g-sender,1783014385727828498,edge4av-real-20260702-multiclient-scalability-run-3,p5g-scale-mqtt-payload-1024-clients-50,scale,guided-planning,mqtt,veh-30,veh-30,rsu-1,p5g-scale-mqtt-payload-1024-clients-50-veh-30-122,ipi-session-1,multiclient-scalability-run-3,veh-30,122,50-clients,default,stationary,unsynced,true,true,clients,50,count,IPI-CooperativeService,1098,1783014385689922905,1783014320892005985,1783014320892052562,1783014385727828498,37.906,,0.047,64835.776,"CooperativeService{guidedPlanning, status=request, vehicleId=0x7665682d3330, requestedHorizonMs=2500, confidence=100, planning.waypoints=1, offloadTaskId=probe-122, offloadPayload=1024 bytes}"
5g-sender,1783014385967829018,edge4av-real-20260702-multiclient-scalability-run-3,p5g-scale-mqtt-payload-1024-clients-50,scale,guided-planning,mqtt,veh-30,veh-30,rsu-1,p5g-scale-mqtt-payload-1024-clients-50-veh-30-123,ipi-session-1,multiclient-scalability-run-3,veh-30,123,50-clients,default,stationary,unsynced,true,true,clients,50,count,IPI-CooperativeService,1098,1783014385928010384,1783014321133557218,1783014321133624146,1783014385967829018,39.819,,0.067,64834.205,"CooperativeService{guidedPlanning, status=request, vehicleId=0x7665682d3330, requestedHorizonMs=2500, confidence=100, planning.waypoints=1, offloadTaskId=probe-123, offloadPayload=1024 bytes}"
5g-sender,1783014386209838229,edge4av-real-20260702-multiclient-scalability-run-3,p5g-scale-mqtt-payload-1024-clients-50,scale,guided-planning,mqtt,veh-30,veh-30,rsu-1,p5g-scale-mqtt-payload-1024-clients-50-veh-30-124,ipi-session-1,multiclient-scalability-run-3,veh-30,124,50-clients,default,stationary,unsynced,true,true,clients,50,count,IPI-CooperativeService,1098,1783014386167975516,1783014321373065739,1783014321373112025,1783014386209838229,41.863,,0.046,64836.726,"CooperativeService{guidedPlanning, status=request, vehicleId=0x7665682d3330, requestedHorizonMs=2500, confidence=100, planning.waypoints=1, offloadTaskId=probe-124, offloadPayload=1024 bytes}"
5g-sender,1783014386447775195,edge4av-real-20260702-multiclient-scalability-run-3,p5g-scale-mqtt-payload-1024-clients-50,scale,guided-planning,mqtt,veh-30,veh-30,rsu-1,p5g-scale-mqtt-payload-1024-clients-50-veh-30-125,ipi-session-1,multiclient-scalability-run-3,veh-30,125,50-clients,default,stationary,unsynced,true,true,clients,50,count,IPI-CooperativeService,1098,1783014386409983197,1783014321613104113,1783014321613158687,1783014386447775195,37.792,,0.055,64834.617,"CooperativeService{guidedPlanning, status=request, vehicleId=0x7665682d3330, requestedHorizonMs=2500, confidence=100, planning.waypoints=1, offloadTaskId=probe-125, offloadPayload=1024 bytes}"
5g-sender,1783014386720847780,edge4av-real-20260702-multiclient-scalability-run-3,p5g-scale-mqtt-payload-1024-clients-50,scale,guided-planning,mqtt,veh-30,veh-30,rsu-1,p5g-scale-mqtt-payload-1024-clients-50-veh-30-126,ipi-session-1,multiclient-scalability-run-3,veh-30,126,50-clients,default,stationary,unsynced,true,true,clients,50,count,IPI-CooperativeService,1098,1783014386647871125,1783014321843454826,1783014321843508434,1783014386720847780,72.977,,0.054,64877.339,"CooperativeService{guidedPlanning, status=request, vehicleId=0x7665682d3330, requestedHorizonMs=2500, confidence=100, planning.waypoints=1, offloadTaskId=probe-126, offloadPayload=1024 bytes}"
5g-sender,1783014386967848297,edge4av-real-20260702-multiclient-scalability-run-3,p5g-scale-mqtt-payload-1024-clients-50,scale,guided-planning,mqtt,veh-30,veh-30,rsu-1,p5g-scale-mqtt-payload-1024-clients-50-veh-30-127,ipi-session-1,multiclient-scalability-run-3,veh-30,127,50-clients,default,stationary,unsynced,true,true,clients,50,count,IPI-CooperativeService,1098,1783014386921024268,1783014322124784394,1783014322124828284,1783014386967848297,46.824,,0.044,64843.020,"CooperativeService{guidedPlanning, status=request, vehicleId=0x7665682d3330, requestedHorizonMs=2500, confidence=100, planning.waypoints=1, offloadTaskId=probe-127, offloadPayload=1024 bytes}"
5g-sender,1783014387203797679,edge4av-real-20260702-multiclient-scalability-run-3,p5g-scale-mqtt-payload-1024-clients-50,scale,guided-planning,mqtt,veh-30,veh-30,rsu-1,p5g-scale-mqtt-payload-1024-clients-50-veh-30-128,ipi-session-1,multiclient-scalability-run-3,veh-30,128,50-clients,default,stationary,unsynced,true,true,clients,50,count,IPI-CooperativeService,1098,1783014387167996559,1783014322365179863,1783014322365223194,1783014387203797679,35.801,,0.043,64838.574,"CooperativeService{guidedPlanning, status=request, vehicleId=0x7665682d3330, requestedHorizonMs=2500, confidence=100, planning.waypoints=1, offloadTaskId=probe-128, offloadPayload=1024 bytes}"
5g-sender,1783014387439753881,edge4av-real-20260702-multiclient-scalability-run-3,p5g-scale-mqtt-payload-1024-clients-50,scale,guided-planning,mqtt,veh-30,veh-30,rsu-1,p5g-scale-mqtt-payload-1024-clients-50-veh-30-129,ipi-session-1,multiclient-scalability-run-3,veh-30,129,50-clients,default,stationary,unsynced,true,true,clients,50,count,IPI-CooperativeService,1098,1783014387403908817,1783014322606393251,1783014322606455409,1783014387439753881,35.845,,0.062,64833.298,"CooperativeService{guidedPlanning, status=request, vehicleId=0x7665682d3330, requestedHorizonMs=2500, confidence=100, planning.waypoints=1, offloadTaskId=probe-129, offloadPayload=1024 bytes}"
5g-sender,1783014387667827882,edge4av-real-20260702-multiclient-scalability-run-3,p5g-scale-mqtt-payload-1024-clients-50,scale,guided-planning,mqtt,veh-30,veh-30,rsu-1,p5g-scale-mqtt-payload-1024-clients-50-veh-30-130,ipi-session-1,multiclient-scalability-run-3,veh-30,130,50-clients,default,stationary,unsynced,true,true,clients,50,count,IPI-CooperativeService,1098,1783014387639895704,1783014322834950777,1783014322835013917,1783014387667827882,27.932,,0.063,64832.814,"CooperativeService{guidedPlanning, status=request, vehicleId=0x7665682d3330, requestedHorizonMs=2500, confidence=100, planning.waypoints=1, offloadTaskId=probe-130, offloadPayload=1024 bytes}"
5g-sender,1783014387915656012,edge4av-real-20260702-multiclient-scalability-run-3,p5g-scale-mqtt-payload-1024-clients-50,scale,guided-planning,mqtt,veh-30,veh-30,rsu-1,p5g-scale-mqtt-payload-1024-clients-50-veh-30-131,ipi-session-1,multiclient-scalability-run-3,veh-30,131,50-clients,default,stationary,unsynced,true,true,clients,50,count,IPI-CooperativeService,1098,1783014387868028191,1783014323076030833,1783014323076073602,1783014387915656012,47.628,,0.043,64839.582,"CooperativeService{guidedPlanning, status=request, vehicleId=0x7665682d3330, requestedHorizonMs=2500, confidence=100, planning.waypoints=1, offloadTaskId=probe-131, offloadPayload=1024 bytes}"
5g-sender,1783014388155650203,edge4av-real-20260702-multiclient-scalability-run-3,p5g-scale-mqtt-payload-1024-clients-50,scale,guided-planning,mqtt,veh-30,veh-30,rsu-1,p5g-scale-mqtt-payload-1024-clients-50-veh-30-132,ipi-session-1,multiclient-scalability-run-3,veh-30,132,50-clients,default,stationary,unsynced,true,true,clients,50,count,IPI-CooperativeService,1098,1783014388115803293,1783014323316053945,1783014323316104059,1783014388155650203,39.847,,0.050,64839.546,"CooperativeService{guidedPlanning, status=request, vehicleId=0x7665682d3330, requestedHorizonMs=2500, confidence=100, planning.waypoints=1, offloadTaskId=probe-132, offloadPayload=1024 bytes}"
5g-sender,1783014388379900940,edge4av-real-20260702-multiclient-scalability-run-3,p5g-scale-mqtt-payload-1024-clients-50,scale,guided-planning,mqtt,veh-30,veh-30,rsu-1,p5g-scale-mqtt-payload-1024-clients-50-veh-30-133,ipi-session-1,multiclient-scalability-run-3,veh-30,133,50-clients,default,stationary,unsynced,true,true,clients,50,count,IPI-CooperativeService,1098,1783014388355769858,1783014323546482291,1783014323546524608,1783014388379900940,24.131,,0.042,64833.376,"CooperativeService{guidedPlanning, status=request, vehicleId=0x7665682d3330, requestedHorizonMs=2500, confidence=100, planning.waypoints=1, offloadTaskId=probe-133, offloadPayload=1024 bytes}"
5g-sender,1783014388619729700,edge4av-real-20260702-multiclient-scalability-run-3,p5g-scale-mqtt-payload-1024-clients-50,scale,guided-planning,mqtt,veh-30,veh-30,rsu-1,p5g-scale-mqtt-payload-1024-clients-50-veh-30-134,ipi-session-1,multiclient-scalability-run-3,veh-30,134,50-clients,default,stationary,unsynced,true,true,clients,50,count,IPI-CooperativeService,1098,1783014388580073841,1783014323787260544,1783014323787303272,1783014388619729700,39.656,,0.043,64832.426,"CooperativeService{guidedPlanning, status=request, vehicleId=0x7665682d3330, requestedHorizonMs=2500, confidence=100, planning.waypoints=1, offloadTaskId=probe-134, offloadPayload=1024 bytes}"
5g-sender,1783014388873711502,edge4av-real-20260702-multiclient-scalability-run-3,p5g-scale-mqtt-payload-1024-clients-50,scale,guided-planning,mqtt,veh-30,veh-30,rsu-1,p5g-scale-mqtt-payload-1024-clients-50-veh-30-135,ipi-session-1,multiclient-scalability-run-3,veh-30,135,50-clients,default,stationary,unsynced,true,true,clients,50,count,IPI-CooperativeService,1098,1783014388819878154,1783014324037752223,1783014324037809517,1783014388873711502,53.833,,0.057,64835.902,"CooperativeService{guidedPlanning, status=request, vehicleId=0x7665682d3330, requestedHorizonMs=2500, confidence=100, planning.waypoints=1, offloadTaskId=probe-135, offloadPayload=1024 bytes}"
5g-sender,1783014389115756422,edge4av-real-20260702-multiclient-scalability-run-3,p5g-scale-mqtt-payload-1024-clients-50,scale,guided-planning,mqtt,veh-30,veh-30,rsu-1,p5g-scale-mqtt-payload-1024-clients-50-veh-30-136,ipi-session-1,multiclient-scalability-run-3,veh-30,136,50-clients,default,stationary,unsynced,true,true,clients,50,count,IPI-CooperativeService,1098,1783014389073861146,1783014324277908353,1783014324277952290,1783014389115756422,41.895,,0.044,64837.804,"CooperativeService{guidedPlanning, status=request, vehicleId=0x7665682d3330, requestedHorizonMs=2500, confidence=100, planning.waypoints=1, offloadTaskId=probe-136, offloadPayload=1024 bytes}"
5g-sender,1783014389393771765,edge4av-real-20260702-multiclient-scalability-run-3,p5g-scale-mqtt-payload-1024-clients-50,scale,guided-planning,mqtt,veh-30,veh-30,rsu-1,p5g-scale-mqtt-payload-1024-clients-50-veh-30-137,ipi-session-1,multiclient-scalability-run-3,veh-30,137,50-clients,default,stationary,unsynced,true,true,clients,50,count,IPI-CooperativeService,1098,1783014389315946877,1783014324557537064,1783014324557589511,1783014389393771765,77.825,,0.052,64836.182,"CooperativeService{guidedPlanning, status=request, vehicleId=0x7665682d3330, requestedHorizonMs=2500, confidence=100, planning.waypoints=1, offloadTaskId=probe-137, offloadPayload=1024 bytes}"
5g-sender,1783014389645611019,edge4av-real-20260702-multiclient-scalability-run-3,p5g-scale-mqtt-payload-1024-clients-50,scale,guided-planning,mqtt,veh-30,veh-30,rsu-1,p5g-scale-mqtt-payload-1024-clients-50-veh-30-138,ipi-session-1,multiclient-scalability-run-3,veh-30,138,50-clients,default,stationary,unsynced,true,true,clients,50,count,IPI-CooperativeService,1098,1783014389593924283,1783014324808016688,1783014324808067033,1783014389645611019,51.687,,0.050,64837.544,"CooperativeService{guidedPlanning, status=request, vehicleId=0x7665682d3330, requestedHorizonMs=2500, confidence=100, planning.waypoints=1, offloadTaskId=probe-138, offloadPayload=1024 bytes}"
5g-sender,1783014389887898350,edge4av-real-20260702-multiclient-scalability-run-3,p5g-scale-mqtt-payload-1024-clients-50,scale,guided-planning,mqtt,veh-30,veh-30,rsu-1,p5g-scale-mqtt-payload-1024-clients-50-veh-30-139,ipi-session-1,multiclient-scalability-run-3,veh-30,139,50-clients,default,stationary,unsynced,true,true,clients,50,count,IPI-CooperativeService,1098,1783014389845716131,1783014325048897887,1783014325048959059,1783014389887898350,42.182,,0.061,64838.939,"CooperativeService{guidedPlanning, status=request, vehicleId=0x7665682d3330, requestedHorizonMs=2500, confidence=100, planning.waypoints=1, offloadTaskId=probe-139, offloadPayload=1024 bytes}"
5g-sender,1783014390145810881,edge4av-real-20260702-multiclient-scalability-run-3,p5g-scale-mqtt-payload-1024-clients-50,scale,guided-planning,mqtt,veh-30,veh-30,rsu-1,p5g-scale-mqtt-payload-1024-clients-50-veh-30-140,ipi-session-1,multiclient-scalability-run-3,veh-30,140,50-clients,default,stationary,unsynced,true,true,clients,50,count,IPI-CooperativeService,1098,1783014390088083621,1783014325311458687,1783014325311501321,1783014390145810881,57.727,,0.043,64834.310,"CooperativeService{guidedPlanning, status=request, vehicleId=0x7665682d3330, requestedHorizonMs=2500, confidence=100, planning.waypoints=1, offloadTaskId=probe-140, offloadPayload=1024 bytes}"
5g-sender,1783014390437708415,edge4av-real-20260702-multiclient-scalability-run-3,p5g-scale-mqtt-payload-1024-clients-50,scale,guided-planning,mqtt,veh-30,veh-30,rsu-1,p5g-scale-mqtt-payload-1024-clients-50-veh-30-141,ipi-session-1,multiclient-scalability-run-3,veh-30,141,50-clients,default,stationary,unsynced,true,true,clients,50,count,IPI-CooperativeService,1098,1783014390345974591,1783014325600022336,1783014325600072218,1783014390437708415,91.734,,0.050,64837.636,"CooperativeService{guidedPlanning, status=request, vehicleId=0x7665682d3330, requestedHorizonMs=2500, confidence=100, planning.waypoints=1, offloadTaskId=probe-141, offloadPayload=1024 bytes}"
5g-sender,1783014390795692756,edge4av-real-20260702-multiclient-scalability-run-3,p5g-scale-mqtt-payload-1024-clients-50,scale,guided-planning,mqtt,veh-30,veh-30,rsu-1,p5g-scale-mqtt-payload-1024-clients-50-veh-30-142,ipi-session-1,multiclient-scalability-run-3,veh-30,142,50-clients,default,stationary,unsynced,true,true,clients,50,count,IPI-CooperativeService,1098,1783014390637891320,1783014325950415886,1783014325950465377,1783014390795692756,157.801,,0.049,64845.227,"CooperativeService{guidedPlanning, status=request, vehicleId=0x7665682d3330, requestedHorizonMs=2500, confidence=100, planning.waypoints=1, offloadTaskId=probe-142, offloadPayload=1024 bytes}"
5g-sender,1783014391077732975,edge4av-real-20260702-multiclient-scalability-run-3,p5g-scale-mqtt-payload-1024-clients-50,scale,guided-planning,mqtt,veh-30,veh-30,rsu-1,p5g-scale-mqtt-payload-1024-clients-50-veh-30-143,ipi-session-1,multiclient-scalability-run-3,veh-30,143,50-clients,default,stationary,unsynced,true,true,clients,50,count,IPI-CooperativeService,1098,1783014390995915547,1783014326242624598,1783014326242667810,1783014391077732975,81.817,,0.043,64835.065,"CooperativeService{guidedPlanning, status=request, vehicleId=0x7665682d3330, requestedHorizonMs=2500, confidence=100, planning.waypoints=1, offloadTaskId=probe-143, offloadPayload=1024 bytes}"
5g-sender,1783014391307698725,edge4av-real-20260702-multiclient-scalability-run-3,p5g-scale-mqtt-payload-1024-clients-50,scale,guided-planning,mqtt,veh-30,veh-30,rsu-1,p5g-scale-mqtt-payload-1024-clients-50-veh-30-144,ipi-session-1,multiclient-scalability-run-3,veh-30,144,50-clients,default,stationary,unsynced,true,true,clients,50,count,IPI-CooperativeService,1098,1783014391277877579,1783014326471637289,1783014326471688334,1783014391307698725,29.821,,0.051,64836.010,"CooperativeService{guidedPlanning, status=request, vehicleId=0x7665682d3330, requestedHorizonMs=2500, confidence=100, planning.waypoints=1, offloadTaskId=probe-144, offloadPayload=1024 bytes}"
5g-sender,1783014391535801744,edge4av-real-20260702-multiclient-scalability-run-3,p5g-scale-mqtt-payload-1024-clients-50,scale,guided-planning,mqtt,veh-30,veh-30,rsu-1,p5g-scale-mqtt-payload-1024-clients-50-veh-30-145,ipi-session-1,multiclient-scalability-run-3,veh-30,145,50-clients,default,stationary,unsynced,true,true,clients,50,count,IPI-CooperativeService,1098,1783014391507831196,1783014326702422677,1783014326702465708,1783014391535801744,27.971,,0.043,64833.336,"CooperativeService{guidedPlanning, status=request, vehicleId=0x7665682d3330, requestedHorizonMs=2500, confidence=100, planning.waypoints=1, offloadTaskId=probe-145, offloadPayload=1024 bytes}"
5g-sender,1783014391777747524,edge4av-real-20260702-multiclient-scalability-run-3,p5g-scale-mqtt-payload-1024-clients-50,scale,guided-planning,mqtt,veh-30,veh-30,rsu-1,p5g-scale-mqtt-payload-1024-clients-50-veh-30-146,ipi-session-1,multiclient-scalability-run-3,veh-30,146,50-clients,default,stationary,unsynced,true,true,clients,50,count,IPI-CooperativeService,1098,1783014391735907882,1783014326932427121,1783014326932474285,1783014391777747524,41.840,,0.047,64845.273,"CooperativeService{guidedPlanning, status=request, vehicleId=0x7665682d3330, requestedHorizonMs=2500, confidence=100, planning.waypoints=1, offloadTaskId=probe-146, offloadPayload=1024 bytes}"
5g-sender,1783014392047830208,edge4av-real-20260702-multiclient-scalability-run-3,p5g-scale-mqtt-payload-1024-clients-50,scale,guided-planning,mqtt,veh-30,veh-30,rsu-1,p5g-scale-mqtt-payload-1024-clients-50-veh-30-147,ipi-session-1,multiclient-scalability-run-3,veh-30,147,50-clients,default,stationary,unsynced,true,true,clients,50,count,IPI-CooperativeService,1098,1783014391977886898,1783014327212974486,1783014327213018475,1783014392047830208,69.943,,0.044,64834.812,"CooperativeService{guidedPlanning, status=request, vehicleId=0x7665682d3330, requestedHorizonMs=2500, confidence=100, planning.waypoints=1, offloadTaskId=probe-147, offloadPayload=1024 bytes}"
5g-sender,1783014392281815058,edge4av-real-20260702-multiclient-scalability-run-3,p5g-scale-mqtt-payload-1024-clients-50,scale,guided-planning,mqtt,veh-30,veh-30,rsu-1,p5g-scale-mqtt-payload-1024-clients-50-veh-30-148,ipi-session-1,multiclient-scalability-run-3,veh-30,148,50-clients,default,stationary,unsynced,true,true,clients,50,count,IPI-CooperativeService,1098,1783014392247973312,1783014327443947667,1783014327444004799,1783014392281815058,33.842,,0.057,64837.810,"CooperativeService{guidedPlanning, status=request, vehicleId=0x7665682d3330, requestedHorizonMs=2500, confidence=100, planning.waypoints=1, offloadTaskId=probe-148, offloadPayload=1024 bytes}"
5g-sender,1783014392519743890,edge4av-real-20260702-multiclient-scalability-run-3,p5g-scale-mqtt-payload-1024-clients-50,scale,guided-planning,mqtt,veh-30,veh-30,rsu-1,p5g-scale-mqtt-payload-1024-clients-50-veh-30-149,ipi-session-1,multiclient-scalability-run-3,veh-30,149,50-clients,default,stationary,unsynced,true,true,clients,50,count,IPI-CooperativeService,1098,1783014392482048442,1783014327683531635,1783014327683575189,1783014392519743890,37.695,,0.044,64836.169,"CooperativeService{guidedPlanning, status=request, vehicleId=0x7665682d3330, requestedHorizonMs=2500, confidence=100, planning.waypoints=1, offloadTaskId=probe-149, offloadPayload=1024 bytes}"
5g-sender,1783014392747843236,edge4av-real-20260702-multiclient-scalability-run-3,p5g-scale-mqtt-payload-1024-clients-50,scale,guided-planning,mqtt,veh-30,veh-30,rsu-1,p5g-scale-mqtt-payload-1024-clients-50-veh-30-150,ipi-session-1,multiclient-scalability-run-3,veh-30,150,50-clients,default,stationary,unsynced,true,true,clients,50,count,IPI-CooperativeService,1098,1783014392719913967,1783014327914659698,1783014327914702921,1783014392747843236,27.929,,0.043,64833.140,"CooperativeService{guidedPlanning, status=request, vehicleId=0x7665682d3330, requestedHorizonMs=2500, confidence=100, planning.waypoints=1, offloadTaskId=probe-150, offloadPayload=1024 bytes}"
5g-sender,1783014392983777420,edge4av-real-20260702-multiclient-scalability-run-3,p5g-scale-mqtt-payload-1024-clients-50,scale,guided-planning,mqtt,veh-30,veh-30,rsu-1,p5g-scale-mqtt-payload-1024-clients-50-veh-30-151,ipi-session-1,multiclient-scalability-run-3,veh-30,151,50-clients,default,stationary,unsynced,true,true,clients,50,count,IPI-CooperativeService,1098,1783014392948024691,1783014328146026487,1783014328146069812,1783014392983777420,35.753,,0.043,64837.708,"CooperativeService{guidedPlanning, status=request, vehicleId=0x7665682d3330, requestedHorizonMs=2500, confidence=100, planning.waypoints=1, offloadTaskId=probe-151, offloadPayload=1024 bytes}"
5g-sender,1783014393221785540,edge4av-real-20260702-multiclient-scalability-run-3,p5g-scale-mqtt-payload-1024-clients-50,scale,guided-planning,mqtt,veh-30,veh-30,rsu-1,p5g-scale-mqtt-payload-1024-clients-50-veh-30-152,ipi-session-1,multiclient-scalability-run-3,veh-30,152,50-clients,default,stationary,unsynced,true,true,clients,50,count,IPI-CooperativeService,1098,1783014393183926217,1783014328384236926,1783014328384287711,1783014393221785540,37.859,,0.051,64837.498,"CooperativeService{guidedPlanning, status=request, vehicleId=0x7665682d3330, requestedHorizonMs=2500, confidence=100, planning.waypoints=1, offloadTaskId=probe-152, offloadPayload=1024 bytes}"
5g-sender,1783014393451844750,edge4av-real-20260702-multiclient-scalability-run-3,p5g-scale-mqtt-payload-1024-clients-50,scale,guided-planning,mqtt,veh-30,veh-30,rsu-1,p5g-scale-mqtt-payload-1024-clients-50-veh-30-153,ipi-session-1,multiclient-scalability-run-3,veh-30,153,50-clients,default,stationary,unsynced,true,true,clients,50,count,IPI-CooperativeService,1098,1783014393421956697,1783014328615065471,1783014328615110167,1783014393451844750,29.888,,0.045,64836.735,"CooperativeService{guidedPlanning, status=request, vehicleId=0x7665682d3330, requestedHorizonMs=2500, confidence=100, planning.waypoints=1, offloadTaskId=probe-153, offloadPayload=1024 bytes}"
5g-sender,1783014393677797454,edge4av-real-20260702-multiclient-scalability-run-3,p5g-scale-mqtt-payload-1024-clients-50,scale,guided-planning,mqtt,veh-30,veh-30,rsu-1,p5g-scale-mqtt-payload-1024-clients-50-veh-30-154,ipi-session-1,multiclient-scalability-run-3,veh-30,154,50-clients,default,stationary,unsynced,true,true,clients,50,count,IPI-CooperativeService,1098,1783014393651989577,1783014328845160533,1783014328845213508,1783014393677797454,25.808,,0.053,64832.584,"CooperativeService{guidedPlanning, status=request, vehicleId=0x7665682d3330, requestedHorizonMs=2500, confidence=100, planning.waypoints=1, offloadTaskId=probe-154, offloadPayload=1024 bytes}"
5g-sender,1783014393911867418,edge4av-real-20260702-multiclient-scalability-run-3,p5g-scale-mqtt-payload-1024-clients-50,scale,guided-planning,mqtt,veh-30,veh-30,rsu-1,p5g-scale-mqtt-payload-1024-clients-50-veh-30-155,ipi-session-1,multiclient-scalability-run-3,veh-30,155,50-clients,default,stationary,unsynced,true,true,clients,50,count,IPI-CooperativeService,1098,1783014393877985571,1783014329076031631,1783014329076075963,1783014393911867418,33.882,,0.044,64835.791,"CooperativeService{guidedPlanning, status=request, vehicleId=0x7665682d3330, requestedHorizonMs=2500, confidence=100, planning.waypoints=1, offloadTaskId=probe-155, offloadPayload=1024 bytes}"
5g-sender,1783014394139929547,edge4av-real-20260702-multiclient-scalability-run-3,p5g-scale-mqtt-payload-1024-clients-50,scale,guided-planning,mqtt,veh-30,veh-30,rsu-1,p5g-scale-mqtt-payload-1024-clients-50-veh-30-156,ipi-session-1,multiclient-scalability-run-3,veh-30,156,50-clients,default,stationary,unsynced,true,true,clients,50,count,IPI-CooperativeService,1098,1783014394111970420,1783014329306403770,1783014329306448699,1783014394139929547,27.959,,0.045,64833.481,"CooperativeService{guidedPlanning, status=request, vehicleId=0x7665682d3330, requestedHorizonMs=2500, confidence=100, planning.waypoints=1, offloadTaskId=probe-156, offloadPayload=1024 bytes}"
5g-sender,1783014394371803123,edge4av-real-20260702-multiclient-scalability-run-3,p5g-scale-mqtt-payload-1024-clients-50,scale,guided-planning,mqtt,veh-30,veh-30,rsu-1,p5g-scale-mqtt-payload-1024-clients-50-veh-30-157,ipi-session-1,multiclient-scalability-run-3,veh-30,157,50-clients,default,stationary,unsynced,true,true,clients,50,count,IPI-CooperativeService,1098,1783014394340070000,1783014329536777981,1783014329536822077,1783014394371803123,31.733,,0.044,64834.981,"CooperativeService{guidedPlanning, status=request, vehicleId=0x7665682d3330, requestedHorizonMs=2500, confidence=100, planning.waypoints=1, offloadTaskId=probe-157, offloadPayload=1024 bytes}"
5g-sender,1783014394613730805,edge4av-real-20260702-multiclient-scalability-run-3,p5g-scale-mqtt-payload-1024-clients-50,scale,guided-planning,mqtt,veh-30,veh-30,rsu-1,p5g-scale-mqtt-payload-1024-clients-50-veh-30-158,ipi-session-1,multiclient-scalability-run-3,veh-30,158,50-clients,default,stationary,unsynced,true,true,clients,50,count,IPI-CooperativeService,1098,1783014394571903446,1783014329776430519,1783014329776483999,1783014394613730805,41.827,,0.053,64837.247,"CooperativeService{guidedPlanning, status=request, vehicleId=0x7665682d3330, requestedHorizonMs=2500, confidence=100, planning.waypoints=1, offloadTaskId=probe-158, offloadPayload=1024 bytes}"
5g-sender,1783014394841820887,edge4av-real-20260702-multiclient-scalability-run-3,p5g-scale-mqtt-payload-1024-clients-50,scale,guided-planning,mqtt,veh-30,veh-30,rsu-1,p5g-scale-mqtt-payload-1024-clients-50-veh-30-159,ipi-session-1,multiclient-scalability-run-3,veh-30,159,50-clients,default,stationary,unsynced,true,true,clients,50,count,IPI-CooperativeService,1098,1783014394813877624,1783014330008132164,1783014330008190994,1783014394841820887,27.943,,0.059,64833.630,"CooperativeService{guidedPlanning, status=request, vehicleId=0x7665682d3330, requestedHorizonMs=2500, confidence=100, planning.waypoints=1, offloadTaskId=probe-159, offloadPayload=1024 bytes}"
5g-sender,1783014395093715992,edge4av-real-20260702-multiclient-scalability-run-3,p5g-scale-mqtt-payload-1024-clients-50,scale,guided-planning,mqtt,veh-30,veh-30,rsu-1,p5g-scale-mqtt-payload-1024-clients-50-veh-30-160,ipi-session-1,multiclient-scalability-run-3,veh-30,160,50-clients,default,stationary,unsynced,true,true,clients,50,count,IPI-CooperativeService,1098,1783014395041965977,1783014330248285972,1783014330248329355,1783014395093715992,51.750,,0.043,64845.387,"CooperativeService{guidedPlanning, status=request, vehicleId=0x7665682d3330, requestedHorizonMs=2500, confidence=100, planning.waypoints=1, offloadTaskId=probe-160, offloadPayload=1024 bytes}"
5g-sender,1783014395325663226,edge4av-real-20260702-multiclient-scalability-run-3,p5g-scale-mqtt-payload-1024-clients-50,scale,guided-planning,mqtt,veh-30,veh-30,rsu-1,p5g-scale-mqtt-payload-1024-clients-50-veh-30-161,ipi-session-1,multiclient-scalability-run-3,veh-30,161,50-clients,default,stationary,unsynced,true,true,clients,50,count,IPI-CooperativeService,1098,1783014395293903795,1783014330487812447,1783014330487872299,1783014395325663226,31.759,,0.060,64837.791,"CooperativeService{guidedPlanning, status=request, vehicleId=0x7665682d3330, requestedHorizonMs=2500, confidence=100, planning.waypoints=1, offloadTaskId=probe-161, offloadPayload=1024 bytes}"
5g-sender,1783014395577710188,edge4av-real-20260702-multiclient-scalability-run-3,p5g-scale-mqtt-payload-1024-clients-50,scale,guided-planning,mqtt,veh-30,veh-30,rsu-1,p5g-scale-mqtt-payload-1024-clients-50-veh-30-162,ipi-session-1,multiclient-scalability-run-3,veh-30,162,50-clients,default,stationary,unsynced,true,true,clients,50,count,IPI-CooperativeService,1098,1783014395525819242,1783014330738837488,1783014330738898208,1783014395577710188,51.891,,0.061,64838.812,"CooperativeService{guidedPlanning, status=request, vehicleId=0x7665682d3330, requestedHorizonMs=2500, confidence=100, planning.waypoints=1, offloadTaskId=probe-162, offloadPayload=1024 bytes}"
5g-sender,1783014395823847485,edge4av-real-20260702-multiclient-scalability-run-3,p5g-scale-mqtt-payload-1024-clients-50,scale,guided-planning,mqtt,veh-30,veh-30,rsu-1,p5g-scale-mqtt-payload-1024-clients-50-veh-30-163,ipi-session-1,multiclient-scalability-run-3,veh-30,163,50-clients,default,stationary,unsynced,true,true,clients,50,count,IPI-CooperativeService,1098,1783014395777850918,1783014330979766658,1783014330979826708,1783014395823847485,45.997,,0.060,64844.021,"CooperativeService{guidedPlanning, status=request, vehicleId=0x7665682d3330, requestedHorizonMs=2500, confidence=100, planning.waypoints=1, offloadTaskId=probe-163, offloadPayload=1024 bytes}"
5g-sender,1783014396063844797,edge4av-real-20260702-multiclient-scalability-run-3,p5g-scale-mqtt-payload-1024-clients-50,scale,guided-planning,mqtt,veh-30,veh-30,rsu-1,p5g-scale-mqtt-payload-1024-clients-50-veh-30-164,ipi-session-1,multiclient-scalability-run-3,veh-30,164,50-clients,default,stationary,unsynced,true,true,clients,50,count,IPI-CooperativeService,1098,1783014396023991284,1783014331229142799,1783014331229193390,1783014396063844797,39.854,,0.051,64834.651,"CooperativeService{guidedPlanning, status=request, vehicleId=0x7665682d3330, requestedHorizonMs=2500, confidence=100, planning.waypoints=1, offloadTaskId=probe-164, offloadPayload=1024 bytes}"
5g-sender,1783014396293857927,edge4av-real-20260702-multiclient-scalability-run-3,p5g-scale-mqtt-payload-1024-clients-50,scale,guided-planning,mqtt,veh-30,veh-30,rsu-1,p5g-scale-mqtt-payload-1024-clients-50-veh-30-165,ipi-session-1,multiclient-scalability-run-3,veh-30,165,50-clients,default,stationary,unsynced,true,true,clients,50,count,IPI-CooperativeService,1098,1783014396263951447,1783014331459512619,1783014331459556354,1783014396293857927,29.906,,0.044,64834.302,"CooperativeService{guidedPlanning, status=request, vehicleId=0x7665682d3330, requestedHorizonMs=2500, confidence=100, planning.waypoints=1, offloadTaskId=probe-165, offloadPayload=1024 bytes}"
5g-sender,1783014396527748409,edge4av-real-20260702-multiclient-scalability-run-3,p5g-scale-mqtt-payload-1024-clients-50,scale,guided-planning,mqtt,veh-30,veh-30,rsu-1,p5g-scale-mqtt-payload-1024-clients-50-veh-30-166,ipi-session-1,multiclient-scalability-run-3,veh-30,166,50-clients,default,stationary,unsynced,true,true,clients,50,count,IPI-CooperativeService,1098,1783014396494019367,1783014331690232195,1783014331690304012,1783014396527748409,33.729,,0.072,64837.444,"CooperativeService{guidedPlanning, status=request, vehicleId=0x7665682d3330, requestedHorizonMs=2500, confidence=100, planning.waypoints=1, offloadTaskId=probe-166, offloadPayload=1024 bytes}"
5g-sender,1783014396767828061,edge4av-real-20260702-multiclient-scalability-run-3,p5g-scale-mqtt-payload-1024-clients-50,scale,guided-planning,mqtt,veh-30,veh-30,rsu-1,p5g-scale-mqtt-payload-1024-clients-50-veh-30-167,ipi-session-1,multiclient-scalability-run-3,veh-30,167,50-clients,default,stationary,unsynced,true,true,clients,50,count,IPI-CooperativeService,1098,1783014396727859092,1783014331920039939,1783014331920089294,1783014396767828061,39.969,,0.049,64847.739,"CooperativeService{guidedPlanning, status=request, vehicleId=0x7665682d3330, requestedHorizonMs=2500, confidence=100, planning.waypoints=1, offloadTaskId=probe-167, offloadPayload=1024 bytes}"
5g-sender,1783014397029861726,edge4av-real-20260702-multiclient-scalability-run-3,p5g-scale-mqtt-payload-1024-clients-50,scale,guided-planning,mqtt,veh-30,veh-30,rsu-1,p5g-scale-mqtt-payload-1024-clients-50-veh-30-168,ipi-session-1,multiclient-scalability-run-3,veh-30,168,50-clients,default,stationary,unsynced,true,true,clients,50,count,IPI-CooperativeService,1098,1783014396967984599,1783014332190619730,1783014332190662735,1783014397029861726,61.877,,0.043,64839.199,"CooperativeService{guidedPlanning, status=request, vehicleId=0x7665682d3330, requestedHorizonMs=2500, confidence=100, planning.waypoints=1, offloadTaskId=probe-168, offloadPayload=1024 bytes}"
5g-sender,1783014397317843623,edge4av-real-20260702-multiclient-scalability-run-3,p5g-scale-mqtt-payload-1024-clients-50,scale,guided-planning,mqtt,veh-30,veh-30,rsu-1,p5g-scale-mqtt-payload-1024-clients-50-veh-30-169,ipi-session-1,multiclient-scalability-run-3,veh-30,169,50-clients,default,stationary,unsynced,true,true,clients,50,count,IPI-CooperativeService,1098,1783014397229971378,1783014332430996896,1783014332431060626,1783014397317843623,87.872,,0.064,64886.783,"CooperativeService{guidedPlanning, status=request, vehicleId=0x7665682d3330, requestedHorizonMs=2500, confidence=100, planning.waypoints=1, offloadTaskId=probe-169, offloadPayload=1024 bytes}"
5g-sender,1783014397569715651,edge4av-real-20260702-multiclient-scalability-run-3,p5g-scale-mqtt-payload-1024-clients-50,scale,guided-planning,mqtt,veh-30,veh-30,rsu-1,p5g-scale-mqtt-payload-1024-clients-50-veh-30-170,ipi-session-1,multiclient-scalability-run-3,veh-30,170,50-clients,default,stationary,unsynced,true,true,clients,50,count,IPI-CooperativeService,1098,1783014397518027243,1783014332731314584,1783014332731365808,1783014397569715651,51.688,,0.051,64838.350,"CooperativeService{guidedPlanning, status=request, vehicleId=0x7665682d3330, requestedHorizonMs=2500, confidence=100, planning.waypoints=1, offloadTaskId=probe-170, offloadPayload=1024 bytes}"
5g-sender,1783014397805700874,edge4av-real-20260702-multiclient-scalability-run-3,p5g-scale-mqtt-payload-1024-clients-50,scale,guided-planning,mqtt,veh-30,veh-30,rsu-1,p5g-scale-mqtt-payload-1024-clients-50-veh-30-171,ipi-session-1,multiclient-scalability-run-3,veh-30,171,50-clients,default,stationary,unsynced,true,true,clients,50,count,IPI-CooperativeService,1098,1783014397769879699,1783014332971647662,1783014332971699405,1783014397805700874,35.821,,0.052,64834.001,"CooperativeService{guidedPlanning, status=request, vehicleId=0x7665682d3330, requestedHorizonMs=2500, confidence=100, planning.waypoints=1, offloadTaskId=probe-171, offloadPayload=1024 bytes}"
5g-sender,1783014398062980959,edge4av-real-20260702-multiclient-scalability-run-3,p5g-scale-mqtt-payload-1024-clients-50,scale,guided-planning,mqtt,veh-30,veh-30,rsu-1,p5g-scale-mqtt-payload-1024-clients-50-veh-30-172,ipi-session-1,multiclient-scalability-run-3,veh-30,172,50-clients,default,stationary,unsynced,true,true,clients,50,count,IPI-CooperativeService,1098,1783014398005857071,1783014333221871021,1783014333221922585,1783014398062980959,57.124,,0.052,64841.058,"CooperativeService{guidedPlanning, status=request, vehicleId=0x7665682d3330, requestedHorizonMs=2500, confidence=100, planning.waypoints=1, offloadTaskId=probe-172, offloadPayload=1024 bytes}"
5g-sender,1783014398297763419,edge4av-real-20260702-multiclient-scalability-run-3,p5g-scale-mqtt-payload-1024-clients-50,scale,guided-planning,mqtt,veh-30,veh-30,rsu-1,p5g-scale-mqtt-payload-1024-clients-50-veh-30-173,ipi-session-1,multiclient-scalability-run-3,veh-30,173,50-clients,default,stationary,unsynced,true,true,clients,50,count,IPI-CooperativeService,1098,1783014398263126994,1783014333463293783,1783014333463348909,1783014398297763419,34.636,,0.055,64834.415,"CooperativeService{guidedPlanning, status=request, vehicleId=0x7665682d3330, requestedHorizonMs=2500, confidence=100, planning.waypoints=1, offloadTaskId=probe-173, offloadPayload=1024 bytes}"
5g-sender,1783014398547753332,edge4av-real-20260702-multiclient-scalability-run-3,p5g-scale-mqtt-payload-1024-clients-50,scale,guided-planning,mqtt,veh-30,veh-30,rsu-1,p5g-scale-mqtt-payload-1024-clients-50-veh-30-174,ipi-session-1,multiclient-scalability-run-3,veh-30,174,50-clients,default,stationary,unsynced,true,true,clients,50,count,IPI-CooperativeService,1098,1783014398497978692,1783014333703417804,1783014333703489689,1783014398547753332,49.775,,0.072,64844.264,"CooperativeService{guidedPlanning, status=request, vehicleId=0x7665682d3330, requestedHorizonMs=2500, confidence=100, planning.waypoints=1, offloadTaskId=probe-174, offloadPayload=1024 bytes}"
5g-sender,1783014398771785929,edge4av-real-20260702-multiclient-scalability-run-3,p5g-scale-mqtt-payload-1024-clients-50,scale,guided-planning,mqtt,veh-30,veh-30,rsu-1,p5g-scale-mqtt-payload-1024-clients-50-veh-30-175,ipi-session-1,multiclient-scalability-run-3,veh-30,175,50-clients,default,stationary,unsynced,true,true,clients,50,count,IPI-CooperativeService,1098,1783014398747897867,1783014333934302215,1783014333934355301,1783014398771785929,23.888,,0.053,64837.431,"CooperativeService{guidedPlanning, status=request, vehicleId=0x7665682d3330, requestedHorizonMs=2500, confidence=100, planning.waypoints=1, offloadTaskId=probe-175, offloadPayload=1024 bytes}"
5g-sender,1783014399001739292,edge4av-real-20260702-multiclient-scalability-run-3,p5g-scale-mqtt-payload-1024-clients-50,scale,guided-planning,mqtt,veh-30,veh-30,rsu-1,p5g-scale-mqtt-payload-1024-clients-50-veh-30-176,ipi-session-1,multiclient-scalability-run-3,veh-30,176,50-clients,default,stationary,unsynced,true,true,clients,50,count,IPI-CooperativeService,1098,1783014398971888709,1783014334163600254,1783014334163650546,1783014399001739292,29.851,,0.050,64838.089,"CooperativeService{guidedPlanning, status=request, vehicleId=0x7665682d3330, requestedHorizonMs=2500, confidence=100, planning.waypoints=1, offloadTaskId=probe-176, offloadPayload=1024 bytes}"
5g-sender,1783014399231768498,edge4av-real-20260702-multiclient-scalability-run-3,p5g-scale-mqtt-payload-1024-clients-50,scale,guided-planning,mqtt,veh-30,veh-30,rsu-1,p5g-scale-mqtt-payload-1024-clients-50-veh-30-177,ipi-session-1,multiclient-scalability-run-3,veh-30,177,50-clients,default,stationary,unsynced,true,true,clients,50,count,IPI-CooperativeService,1098,1783014399201885858,1783014334393703942,1783014334393756701,1783014399231768498,29.883,,0.053,64838.012,"CooperativeService{guidedPlanning, status=request, vehicleId=0x7665682d3330, requestedHorizonMs=2500, confidence=100, planning.waypoints=1, offloadTaskId=probe-177, offloadPayload=1024 bytes}"
5g-sender,1783014399469853943,edge4av-real-20260702-multiclient-scalability-run-3,p5g-scale-mqtt-payload-1024-clients-50,scale,guided-planning,mqtt,veh-30,veh-30,rsu-1,p5g-scale-mqtt-payload-1024-clients-50-veh-30-178,ipi-session-1,multiclient-scalability-run-3,veh-30,178,50-clients,default,stationary,unsynced,true,true,clients,50,count,IPI-CooperativeService,1098,1783014399431919363,1783014334634290699,1783014334634358125,1783014399469853943,37.935,,0.067,64835.496,"CooperativeService{guidedPlanning, status=request, vehicleId=0x7665682d3330, requestedHorizonMs=2500, confidence=100, planning.waypoints=1, offloadTaskId=probe-178, offloadPayload=1024 bytes}"
5g-sender,1783014399699868622,edge4av-real-20260702-multiclient-scalability-run-3,p5g-scale-mqtt-payload-1024-clients-50,scale,guided-planning,mqtt,veh-30,veh-30,rsu-1,p5g-scale-mqtt-payload-1024-clients-50-veh-30-179,ipi-session-1,multiclient-scalability-run-3,veh-30,179,50-clients,default,stationary,unsynced,true,true,clients,50,count,IPI-CooperativeService,1098,1783014399669996399,1783014334865516082,1783014334865575467,1783014399699868622,29.872,,0.059,64834.293,"CooperativeService{guidedPlanning, status=request, vehicleId=0x7665682d3330, requestedHorizonMs=2500, confidence=100, planning.waypoints=1, offloadTaskId=probe-179, offloadPayload=1024 bytes}"
5g-sender,1783014399943841351,edge4av-real-20260702-multiclient-scalability-run-3,p5g-scale-mqtt-payload-1024-clients-50,scale,guided-planning,mqtt,veh-30,veh-30,rsu-1,p5g-scale-mqtt-payload-1024-clients-50-veh-30-180,ipi-session-1,multiclient-scalability-run-3,veh-30,180,50-clients,default,stationary,unsynced,true,true,clients,50,count,IPI-CooperativeService,1098,1783014399900056872,1783014335106330204,1783014335106398265,1783014399943841351,43.784,,0.068,64837.443,"CooperativeService{guidedPlanning, status=request, vehicleId=0x7665682d3330, requestedHorizonMs=2500, confidence=100, planning.waypoints=1, offloadTaskId=probe-180, offloadPayload=1024 bytes}"
5g-sender,1783014400181774221,edge4av-real-20260702-multiclient-scalability-run-3,p5g-scale-mqtt-payload-1024-clients-50,scale,guided-planning,mqtt,veh-30,veh-30,rsu-1,p5g-scale-mqtt-payload-1024-clients-50-veh-30-181,ipi-session-1,multiclient-scalability-run-3,veh-30,181,50-clients,default,stationary,unsynced,true,true,clients,50,count,IPI-CooperativeService,1098,1783014400143988729,1783014335345639047,1783014335345700777,1783014400181774221,37.785,,0.062,64836.073,"CooperativeService{guidedPlanning, status=request, vehicleId=0x7665682d3330, requestedHorizonMs=2500, confidence=100, planning.waypoints=1, offloadTaskId=probe-181, offloadPayload=1024 bytes}"
5g-sender,1783014400465878062,edge4av-real-20260702-multiclient-scalability-run-3,p5g-scale-mqtt-payload-1024-clients-50,scale,guided-planning,mqtt,veh-30,veh-30,rsu-1,p5g-scale-mqtt-payload-1024-clients-50-veh-30-182,ipi-session-1,multiclient-scalability-run-3,veh-30,182,50-clients,default,stationary,unsynced,true,true,clients,50,count,IPI-CooperativeService,1098,1783014400381958883,1783014335627602837,1783014335627646390,1783014400465878062,83.919,,0.044,64838.232,"CooperativeService{guidedPlanning, status=request, vehicleId=0x7665682d3330, requestedHorizonMs=2500, confidence=100, planning.waypoints=1, offloadTaskId=probe-182, offloadPayload=1024 bytes}"
5g-sender,1783014400765686060,edge4av-real-20260702-multiclient-scalability-run-3,p5g-scale-mqtt-payload-1024-clients-50,scale,guided-planning,mqtt,veh-30,veh-30,rsu-1,p5g-scale-mqtt-payload-1024-clients-50-veh-30-183,ipi-session-1,multiclient-scalability-run-3,veh-30,183,50-clients,default,stationary,unsynced,true,true,clients,50,count,IPI-CooperativeService,1098,1783014400666035525,1783014335927551278,1783014335927609253,1783014400765686060,99.651,,0.058,64838.077,"CooperativeService{guidedPlanning, status=request, vehicleId=0x7665682d3330, requestedHorizonMs=2500, confidence=100, planning.waypoints=1, offloadTaskId=probe-183, offloadPayload=1024 bytes}"
5g-sender,1783014401043847772,edge4av-real-20260702-multiclient-scalability-run-3,p5g-scale-mqtt-payload-1024-clients-50,scale,guided-planning,mqtt,veh-30,veh-30,rsu-1,p5g-scale-mqtt-payload-1024-clients-50-veh-30-184,ipi-session-1,multiclient-scalability-run-3,veh-30,184,50-clients,default,stationary,unsynced,true,true,clients,50,count,IPI-CooperativeService,1098,1783014400965828900,1783014336206798895,1783014336206850605,1783014401043847772,78.019,,0.052,64836.997,"CooperativeService{guidedPlanning, status=request, vehicleId=0x7665682d3330, requestedHorizonMs=2500, confidence=100, planning.waypoints=1, offloadTaskId=probe-184, offloadPayload=1024 bytes}"
5g-sender,1783014401309759414,edge4av-real-20260702-multiclient-scalability-run-3,p5g-scale-mqtt-payload-1024-clients-50,scale,guided-planning,mqtt,veh-30,veh-30,rsu-1,p5g-scale-mqtt-payload-1024-clients-50-veh-30-185,ipi-session-1,multiclient-scalability-run-3,veh-30,185,50-clients,default,stationary,unsynced,true,true,clients,50,count,IPI-CooperativeService,1098,1783014401243957895,1783014336467784759,1783014336467850823,1783014401309759414,65.802,,0.066,64841.909,"CooperativeService{guidedPlanning, status=request, vehicleId=0x7665682d3330, requestedHorizonMs=2500, confidence=100, planning.waypoints=1, offloadTaskId=probe-185, offloadPayload=1024 bytes}"
5g-sender,1783014401563759163,edge4av-real-20260702-multiclient-scalability-run-3,p5g-scale-mqtt-payload-1024-clients-50,scale,guided-planning,mqtt,veh-30,veh-30,rsu-1,p5g-scale-mqtt-payload-1024-clients-50-veh-30-186,ipi-session-1,multiclient-scalability-run-3,veh-30,186,50-clients,default,stationary,unsynced,true,true,clients,50,count,IPI-CooperativeService,1098,1783014401509947889,1783014336718915899,1783014336718958962,1783014401563759163,53.811,,0.043,64844.800,"CooperativeService{guidedPlanning, status=request, vehicleId=0x7665682d3330, requestedHorizonMs=2500, confidence=100, planning.waypoints=1, offloadTaskId=probe-186, offloadPayload=1024 bytes}"
5g-sender,1783014401803892399,edge4av-real-20260702-multiclient-scalability-run-3,p5g-scale-mqtt-payload-1024-clients-50,scale,guided-planning,mqtt,veh-30,veh-30,rsu-1,p5g-scale-mqtt-payload-1024-clients-50-veh-30-187,ipi-session-1,multiclient-scalability-run-3,veh-30,187,50-clients,default,stationary,unsynced,true,true,clients,50,count,IPI-CooperativeService,1098,1783014401763866734,1783014336968278498,1783014336968342142,1783014401803892399,40.026,,0.064,64835.550,"CooperativeService{guidedPlanning, status=request, vehicleId=0x7665682d3330, requestedHorizonMs=2500, confidence=100, planning.waypoints=1, offloadTaskId=probe-187, offloadPayload=1024 bytes}"
5g-sender,1783014402073783915,edge4av-real-20260702-multiclient-scalability-run-3,p5g-scale-mqtt-payload-1024-clients-50,scale,guided-planning,mqtt,veh-30,veh-30,rsu-1,p5g-scale-mqtt-payload-1024-clients-50-veh-30-188,ipi-session-1,multiclient-scalability-run-3,veh-30,188,50-clients,default,stationary,unsynced,true,true,clients,50,count,IPI-CooperativeService,1098,1783014402004073025,1783014337229048516,1783014337229092081,1783014402073783915,69.711,,0.044,64844.692,"CooperativeService{guidedPlanning, status=request, vehicleId=0x7665682d3330, requestedHorizonMs=2500, confidence=100, planning.waypoints=1, offloadTaskId=probe-188, offloadPayload=1024 bytes}"
5g-sender,1783014402319708383,edge4av-real-20260702-multiclient-scalability-run-3,p5g-scale-mqtt-payload-1024-clients-50,scale,guided-planning,mqtt,veh-30,veh-30,rsu-1,p5g-scale-mqtt-payload-1024-clients-50-veh-30-189,ipi-session-1,multiclient-scalability-run-3,veh-30,189,50-clients,default,stationary,unsynced,true,true,clients,50,count,IPI-CooperativeService,1098,1783014402273953288,1783014337479649972,1783014337479692162,1783014402319708383,45.755,,0.042,64840.016,"CooperativeService{guidedPlanning, status=request, vehicleId=0x7665682d3330, requestedHorizonMs=2500, confidence=100, planning.waypoints=1, offloadTaskId=probe-189, offloadPayload=1024 bytes}"
5g-sender,1783014402573767233,edge4av-real-20260702-multiclient-scalability-run-3,p5g-scale-mqtt-payload-1024-clients-50,scale,guided-planning,mqtt,veh-30,veh-30,rsu-1,p5g-scale-mqtt-payload-1024-clients-50-veh-30-190,ipi-session-1,multiclient-scalability-run-3,veh-30,190,50-clients,default,stationary,unsynced,true,true,clients,50,count,IPI-CooperativeService,1098,1783014402519803567,1783014337739434706,1783014337739494777,1783014402573767233,53.964,,0.060,64834.272,"CooperativeService{guidedPlanning, status=request, vehicleId=0x7665682d3330, requestedHorizonMs=2500, confidence=100, planning.waypoints=1, offloadTaskId=probe-190, offloadPayload=1024 bytes}"
5g-sender,1783014402822613287,edge4av-real-20260702-multiclient-scalability-run-3,p5g-scale-mqtt-payload-1024-clients-50,scale,guided-planning,mqtt,veh-30,veh-30,rsu-1,p5g-scale-mqtt-payload-1024-clients-50-veh-30-191,ipi-session-1,multiclient-scalability-run-3,veh-30,191,50-clients,default,stationary,unsynced,true,true,clients,50,count,IPI-CooperativeService,1098,1783014402773913258,1783014337980080773,1783014337980123866,1783014402822613287,48.700,,0.043,64842.489,"CooperativeService{guidedPlanning, status=request, vehicleId=0x7665682d3330, requestedHorizonMs=2500, confidence=100, planning.waypoints=1, offloadTaskId=probe-191, offloadPayload=1024 bytes}"
5g-sender,1783014403063839315,edge4av-real-20260702-multiclient-scalability-run-3,p5g-scale-mqtt-payload-1024-clients-50,scale,guided-planning,mqtt,veh-30,veh-30,rsu-1,p5g-scale-mqtt-payload-1024-clients-50-veh-30-192,ipi-session-1,multiclient-scalability-run-3,veh-30,192,50-clients,default,stationary,unsynced,true,true,clients,50,count,IPI-CooperativeService,1098,1783014403022741914,1783014338220538036,1783014338220594851,1783014403063839315,41.097,,0.057,64843.244,"CooperativeService{guidedPlanning, status=request, vehicleId=0x7665682d3330, requestedHorizonMs=2500, confidence=100, planning.waypoints=1, offloadTaskId=probe-192, offloadPayload=1024 bytes}"
5g-sender,1783014403301703753,edge4av-real-20260702-multiclient-scalability-run-3,p5g-scale-mqtt-payload-1024-clients-50,scale,guided-planning,mqtt,veh-30,veh-30,rsu-1,p5g-scale-mqtt-payload-1024-clients-50-veh-30-193,ipi-session-1,multiclient-scalability-run-3,veh-30,193,50-clients,default,stationary,unsynced,true,true,clients,50,count,IPI-CooperativeService,1098,1783014403263982739,1783014338462489369,1783014338462532410,1783014403301703753,37.721,,0.043,64839.171,"CooperativeService{guidedPlanning, status=request, vehicleId=0x7665682d3330, requestedHorizonMs=2500, confidence=100, planning.waypoints=1, offloadTaskId=probe-193, offloadPayload=1024 bytes}"
5g-sender,1783014403537930251,edge4av-real-20260702-multiclient-scalability-run-3,p5g-scale-mqtt-payload-1024-clients-50,scale,guided-planning,mqtt,veh-30,veh-30,rsu-1,p5g-scale-mqtt-payload-1024-clients-50-veh-30-194,ipi-session-1,multiclient-scalability-run-3,veh-30,194,50-clients,default,stationary,unsynced,true,true,clients,50,count,IPI-CooperativeService,1098,1783014403501837581,1783014338701270225,1783014338701339459,1783014403537930251,36.093,,0.069,64836.591,"CooperativeService{guidedPlanning, status=request, vehicleId=0x7665682d3330, requestedHorizonMs=2500, confidence=100, planning.waypoints=1, offloadTaskId=probe-194, offloadPayload=1024 bytes}"
5g-sender,1783014403779772493,edge4av-real-20260702-multiclient-scalability-run-3,p5g-scale-mqtt-payload-1024-clients-50,scale,guided-planning,mqtt,veh-30,veh-30,rsu-1,p5g-scale-mqtt-payload-1024-clients-50-veh-30-195,ipi-session-1,multiclient-scalability-run-3,veh-30,195,50-clients,default,stationary,unsynced,true,true,clients,50,count,IPI-CooperativeService,1098,1783014403738102069,1783014338942620505,1783014338942662885,1783014403779772493,41.670,,0.042,64837.110,"CooperativeService{guidedPlanning, status=request, vehicleId=0x7665682d3330, requestedHorizonMs=2500, confidence=100, planning.waypoints=1, offloadTaskId=probe-195, offloadPayload=1024 bytes}"
5g-sender,1783014404023794640,edge4av-real-20260702-multiclient-scalability-run-3,p5g-scale-mqtt-payload-1024-clients-50,scale,guided-planning,mqtt,veh-30,veh-30,rsu-1,p5g-scale-mqtt-payload-1024-clients-50-veh-30-196,ipi-session-1,multiclient-scalability-run-3,veh-30,196,50-clients,default,stationary,unsynced,true,true,clients,50,count,IPI-CooperativeService,1098,1783014403979947278,1783014339181715591,1783014339181783350,1783014404023794640,43.847,,0.068,64842.011,"CooperativeService{guidedPlanning, status=request, vehicleId=0x7665682d3330, requestedHorizonMs=2500, confidence=100, planning.waypoints=1, offloadTaskId=probe-196, offloadPayload=1024 bytes}"
5g-sender,1783014404262522132,edge4av-real-20260702-multiclient-scalability-run-3,p5g-scale-mqtt-payload-1024-clients-50,scale,guided-planning,mqtt,veh-30,veh-30,rsu-1,p5g-scale-mqtt-payload-1024-clients-50-veh-30-197,ipi-session-1,multiclient-scalability-run-3,veh-30,197,50-clients,default,stationary,unsynced,true,true,clients,50,count,IPI-CooperativeService,1098,1783014404223964594,1783014339422175423,1783014339422259005,1783014404262522132,38.558,,0.084,64840.263,"CooperativeService{guidedPlanning, status=request, vehicleId=0x7665682d3330, requestedHorizonMs=2500, confidence=100, planning.waypoints=1, offloadTaskId=probe-197, offloadPayload=1024 bytes}"
5g-sender,1783014404507785623,edge4av-real-20260702-multiclient-scalability-run-3,p5g-scale-mqtt-payload-1024-clients-50,scale,guided-planning,mqtt,veh-30,veh-30,rsu-1,p5g-scale-mqtt-payload-1024-clients-50-veh-30-198,ipi-session-1,multiclient-scalability-run-3,veh-30,198,50-clients,default,stationary,unsynced,true,true,clients,50,count,IPI-CooperativeService,1098,1783014404462669560,1783014339662533758,1783014339662599972,1783014404507785623,45.116,,0.066,64845.186,"CooperativeService{guidedPlanning, status=request, vehicleId=0x7665682d3330, requestedHorizonMs=2500, confidence=100, planning.waypoints=1, offloadTaskId=probe-198, offloadPayload=1024 bytes}"
5g-sender,1783014404729906510,edge4av-real-20260702-multiclient-scalability-run-3,p5g-scale-mqtt-payload-1024-clients-50,scale,guided-planning,mqtt,veh-30,veh-30,rsu-1,p5g-scale-mqtt-payload-1024-clients-50-veh-30-199,ipi-session-1,multiclient-scalability-run-3,veh-30,199,50-clients,default,stationary,unsynced,true,true,clients,50,count,IPI-CooperativeService,1098,1783014404707931504,1783014339892773888,1783014339892826649,1783014404729906510,21.975,,0.053,64837.080,"CooperativeService{guidedPlanning, status=request, vehicleId=0x7665682d3330, requestedHorizonMs=2500, confidence=100, planning.waypoints=1, offloadTaskId=probe-199, offloadPayload=1024 bytes}"
5g-sender,1783014404967866032,edge4av-real-20260702-multiclient-scalability-run-3,p5g-scale-mqtt-payload-1024-clients-50,scale,guided-planning,mqtt,veh-30,veh-30,rsu-1,p5g-scale-mqtt-payload-1024-clients-50-veh-30-200,ipi-session-1,multiclient-scalability-run-3,veh-30,200,50-clients,default,stationary,unsynced,true,true,clients,50,count,IPI-CooperativeService,1098,1783014404930040679,1783014340133516328,1783014340133566164,1783014404967866032,37.825,,0.050,64834.300,"CooperativeService{guidedPlanning, status=request, vehicleId=0x7665682d3330, requestedHorizonMs=2500, confidence=100, planning.waypoints=1, offloadTaskId=probe-200, offloadPayload=1024 bytes}"
5g-sender,1783014405191675963,edge4av-real-20260702-multiclient-scalability-run-3,p5g-scale-mqtt-payload-1024-clients-50,scale,guided-planning,mqtt,veh-30,veh-30,rsu-1,p5g-scale-mqtt-payload-1024-clients-50-veh-30-201,ipi-session-1,multiclient-scalability-run-3,veh-30,201,50-clients,default,stationary,unsynced,true,true,clients,50,count,IPI-CooperativeService,1098,1783014405168017667,1783014340353701570,1783014340353752203,1783014405191675963,23.658,,0.051,64837.924,"CooperativeService{guidedPlanning, status=request, vehicleId=0x7665682d3330, requestedHorizonMs=2500, confidence=100, planning.waypoints=1, offloadTaskId=probe-201, offloadPayload=1024 bytes}"
5g-sender,1783014405429965020,edge4av-real-20260702-multiclient-scalability-run-3,p5g-scale-mqtt-payload-1024-clients-50,scale,guided-planning,mqtt,veh-30,veh-30,rsu-1,p5g-scale-mqtt-payload-1024-clients-50-veh-30-202,ipi-session-1,multiclient-scalability-run-3,veh-30,202,50-clients,default,stationary,unsynced,true,true,clients,50,count,IPI-CooperativeService,1098,1783014405391815784,1783014340594235610,1783014340594299171,1783014405429965020,38.149,,0.064,64835.666,"CooperativeService{guidedPlanning, status=request, vehicleId=0x7665682d3330, requestedHorizonMs=2500, confidence=100, planning.waypoints=1, offloadTaskId=probe-202, offloadPayload=1024 bytes}"
5g-sender,1783014405657875591,edge4av-real-20260702-multiclient-scalability-run-3,p5g-scale-mqtt-payload-1024-clients-50,scale,guided-planning,mqtt,veh-30,veh-30,rsu-1,p5g-scale-mqtt-payload-1024-clients-50-veh-30-203,ipi-session-1,multiclient-scalability-run-3,veh-30,203,50-clients,default,stationary,unsynced,true,true,clients,50,count,IPI-CooperativeService,1098,1783014405630106357,1783014340826388604,1783014340826431253,1783014405657875591,27.769,,0.043,64831.444,"CooperativeService{guidedPlanning, status=request, vehicleId=0x7665682d3330, requestedHorizonMs=2500, confidence=100, planning.waypoints=1, offloadTaskId=probe-203, offloadPayload=1024 bytes}"
5g-sender,1783014405909737140,edge4av-real-20260702-multiclient-scalability-run-3,p5g-scale-mqtt-payload-1024-clients-50,scale,guided-planning,mqtt,veh-30,veh-30,rsu-1,p5g-scale-mqtt-payload-1024-clients-50-veh-30-204,ipi-session-1,multiclient-scalability-run-3,veh-30,204,50-clients,default,stationary,unsynced,true,true,clients,50,count,IPI-CooperativeService,1098,1783014405858017062,1783014341064954684,1783014341065030881,1783014405909737140,51.720,,0.076,64844.706,"CooperativeService{guidedPlanning, status=request, vehicleId=0x7665682d3330, requestedHorizonMs=2500, confidence=100, planning.waypoints=1, offloadTaskId=probe-204, offloadPayload=1024 bytes}"
5g-sender,1783014406155854832,edge4av-real-20260702-multiclient-scalability-run-3,p5g-scale-mqtt-payload-1024-clients-50,scale,guided-planning,mqtt,veh-30,veh-30,rsu-1,p5g-scale-mqtt-payload-1024-clients-50-veh-30-205,ipi-session-1,multiclient-scalability-run-3,veh-30,205,50-clients,default,stationary,unsynced,true,true,clients,50,count,IPI-CooperativeService,1098,1783014406109921024,1783014341317371643,1783014341317428782,1783014406155854832,45.934,,0.057,64838.426,"CooperativeService{guidedPlanning, status=request, vehicleId=0x7665682d3330, requestedHorizonMs=2500, confidence=100, planning.waypoints=1, offloadTaskId=probe-205, offloadPayload=1024 bytes}"
5g-sender,1783014406395824470,edge4av-real-20260702-multiclient-scalability-run-3,p5g-scale-mqtt-payload-1024-clients-50,scale,guided-planning,mqtt,veh-30,veh-30,rsu-1,p5g-scale-mqtt-payload-1024-clients-50-veh-30-206,ipi-session-1,multiclient-scalability-run-3,veh-30,206,50-clients,default,stationary,unsynced,true,true,clients,50,count,IPI-CooperativeService,1098,1783014406356038387,1783014341556759439,1783014341556802947,1783014406395824470,39.786,,0.044,64839.022,"CooperativeService{guidedPlanning, status=request, vehicleId=0x7665682d3330, requestedHorizonMs=2500, confidence=100, planning.waypoints=1, offloadTaskId=probe-206, offloadPayload=1024 bytes}"
5g-sender,1783014406641754821,edge4av-real-20260702-multiclient-scalability-run-3,p5g-scale-mqtt-payload-1024-clients-50,scale,guided-planning,mqtt,veh-30,veh-30,rsu-1,p5g-scale-mqtt-payload-1024-clients-50-veh-30-207,ipi-session-1,multiclient-scalability-run-3,veh-30,207,50-clients,default,stationary,unsynced,true,true,clients,50,count,IPI-CooperativeService,1098,1783014406596009481,1783014341797138531,1783014341797181780,1783014406641754821,45.745,,0.043,64844.573,"CooperativeService{guidedPlanning, status=request, vehicleId=0x7665682d3330, requestedHorizonMs=2500, confidence=100, planning.waypoints=1, offloadTaskId=probe-207, offloadPayload=1024 bytes}"
5g-sender,1783014406871751571,edge4av-real-20260702-multiclient-scalability-run-3,p5g-scale-mqtt-payload-1024-clients-50,scale,guided-planning,mqtt,veh-30,veh-30,rsu-1,p5g-scale-mqtt-payload-1024-clients-50-veh-30-208,ipi-session-1,multiclient-scalability-run-3,veh-30,208,50-clients,default,stationary,unsynced,true,true,clients,50,count,IPI-CooperativeService,1098,1783014406841937662,1783014342037106159,1783014342037150692,1783014406871751571,29.814,,0.045,64834.601,"CooperativeService{guidedPlanning, status=request, vehicleId=0x7665682d3330, requestedHorizonMs=2500, confidence=100, planning.waypoints=1, offloadTaskId=probe-208, offloadPayload=1024 bytes}"
5g-sender,1783014407099885767,edge4av-real-20260702-multiclient-scalability-run-3,p5g-scale-mqtt-payload-1024-clients-50,scale,guided-planning,mqtt,veh-30,veh-30,rsu-1,p5g-scale-mqtt-payload-1024-clients-50-veh-30-209,ipi-session-1,multiclient-scalability-run-3,veh-30,209,50-clients,default,stationary,unsynced,true,true,clients,50,count,IPI-CooperativeService,1098,1783014407071878409,1783014342267542927,1783014342267586692,1783014407099885767,28.007,,0.044,64832.299,"CooperativeService{guidedPlanning, status=request, vehicleId=0x7665682d3330, requestedHorizonMs=2500, confidence=100, planning.waypoints=1, offloadTaskId=probe-209, offloadPayload=1024 bytes}"
5g-sender,1783014407335811242,edge4av-real-20260702-multiclient-scalability-run-3,p5g-scale-mqtt-payload-1024-clients-50,scale,guided-planning,mqtt,veh-30,veh-30,rsu-1,p5g-scale-mqtt-payload-1024-clients-50-veh-30-210,ipi-session-1,multiclient-scalability-run-3,veh-30,210,50-clients,default,stationary,unsynced,true,true,clients,50,count,IPI-CooperativeService,1098,1783014407300003672,1783014342497525937,1783014342497588768,1783014407335811242,35.808,,0.063,64838.222,"CooperativeService{guidedPlanning, status=request, vehicleId=0x7665682d3330, requestedHorizonMs=2500, confidence=100, planning.waypoints=1, offloadTaskId=probe-210, offloadPayload=1024 bytes}"
5g-sender,1783014407561837002,edge4av-real-20260702-multiclient-scalability-run-3,p5g-scale-mqtt-payload-1024-clients-50,scale,guided-planning,mqtt,veh-30,veh-30,rsu-1,p5g-scale-mqtt-payload-1024-clients-50-veh-30-211,ipi-session-1,multiclient-scalability-run-3,veh-30,211,50-clients,default,stationary,unsynced,true,true,clients,50,count,IPI-CooperativeService,1098,1783014407536034160,1783014342728200653,1783014342728244359,1783014407561837002,25.803,,0.044,64833.593,"CooperativeService{guidedPlanning, status=request, vehicleId=0x7665682d3330, requestedHorizonMs=2500, confidence=100, planning.waypoints=1, offloadTaskId=probe-211, offloadPayload=1024 bytes}"
5g-sender,1783014407801814207,edge4av-real-20260702-multiclient-scalability-run-3,p5g-scale-mqtt-payload-1024-clients-50,scale,guided-planning,mqtt,veh-30,veh-30,rsu-1,p5g-scale-mqtt-payload-1024-clients-50-veh-30-212,ipi-session-1,multiclient-scalability-run-3,veh-30,212,50-clients,default,stationary,unsynced,true,true,clients,50,count,IPI-CooperativeService,1098,1783014407761954763,1783014342968858296,1783014342968906789,1783014407801814207,39.859,,0.048,64832.907,"CooperativeService{guidedPlanning, status=request, vehicleId=0x7665682d3330, requestedHorizonMs=2500, confidence=100, planning.waypoints=1, offloadTaskId=probe-212, offloadPayload=1024 bytes}"
5g-sender,1783014408047897136,edge4av-real-20260702-multiclient-scalability-run-3,p5g-scale-mqtt-payload-1024-clients-50,scale,guided-planning,mqtt,veh-30,veh-30,rsu-1,p5g-scale-mqtt-payload-1024-clients-50-veh-30-213,ipi-session-1,multiclient-scalability-run-3,veh-30,213,50-clients,default,stationary,unsynced,true,true,clients,50,count,IPI-CooperativeService,1098,1783014408001985928,1783014343210983757,1783014343211038927,1783014408047897136,45.911,,0.055,64836.858,"CooperativeService{guidedPlanning, status=request, vehicleId=0x7665682d3330, requestedHorizonMs=2500, confidence=100, planning.waypoints=1, offloadTaskId=probe-213, offloadPayload=1024 bytes}"
5g-sender,1783014408302568651,edge4av-real-20260702-multiclient-scalability-run-3,p5g-scale-mqtt-payload-1024-clients-50,scale,guided-planning,mqtt,veh-30,veh-30,rsu-1,p5g-scale-mqtt-payload-1024-clients-50-veh-30-214,ipi-session-1,multiclient-scalability-run-3,veh-30,214,50-clients,default,stationary,unsynced,true,true,clients,50,count,IPI-CooperativeService,1098,1783014408248074457,1783014343459421594,1783014343459489508,1783014408302568651,54.494,,0.068,64843.079,"CooperativeService{guidedPlanning, status=request, vehicleId=0x7665682d3330, requestedHorizonMs=2500, confidence=100, planning.waypoints=1, offloadTaskId=probe-214, offloadPayload=1024 bytes}"
5g-sender,1783014408542551381,edge4av-real-20260702-multiclient-scalability-run-3,p5g-scale-mqtt-payload-1024-clients-50,scale,guided-planning,mqtt,veh-30,veh-30,rsu-1,p5g-scale-mqtt-payload-1024-clients-50-veh-30-215,ipi-session-1,multiclient-scalability-run-3,veh-30,215,50-clients,default,stationary,unsynced,true,true,clients,50,count,IPI-CooperativeService,1098,1783014408502717564,1783014343701057150,1783014343701100662,1783014408542551381,39.834,,0.044,64841.451,"CooperativeService{guidedPlanning, status=request, vehicleId=0x7665682d3330, requestedHorizonMs=2500, confidence=100, planning.waypoints=1, offloadTaskId=probe-215, offloadPayload=1024 bytes}"
5g-sender,1783014408773996133,edge4av-real-20260702-multiclient-scalability-run-3,p5g-scale-mqtt-payload-1024-clients-50,scale,guided-planning,mqtt,veh-30,veh-30,rsu-1,p5g-scale-mqtt-payload-1024-clients-50-veh-30-216,ipi-session-1,multiclient-scalability-run-3,veh-30,216,50-clients,default,stationary,unsynced,true,true,clients,50,count,IPI-CooperativeService,1098,1783014408742697938,1783014343940971825,1783014343941015023,1783014408773996133,31.298,,0.043,64832.981,"CooperativeService{guidedPlanning, status=request, vehicleId=0x7665682d3330, requestedHorizonMs=2500, confidence=100, planning.waypoints=1, offloadTaskId=probe-216, offloadPayload=1024 bytes}"
5g-sender,1783014409013836555,edge4av-real-20260702-multiclient-scalability-run-3,p5g-scale-mqtt-payload-1024-clients-50,scale,guided-planning,mqtt,veh-30,veh-30,rsu-1,p5g-scale-mqtt-payload-1024-clients-50-veh-30-217,ipi-session-1,multiclient-scalability-run-3,veh-30,217,50-clients,default,stationary,unsynced,true,true,clients,50,count,IPI-CooperativeService,1098,1783014408974180724,1783014344179767895,1783014344179821057,1783014409013836555,39.656,,0.053,64834.015,"CooperativeService{guidedPlanning, status=request, vehicleId=0x7665682d3330, requestedHorizonMs=2500, confidence=100, planning.waypoints=1, offloadTaskId=probe-217, offloadPayload=1024 bytes}"
5g-sender,1783014409257793614,edge4av-real-20260702-multiclient-scalability-run-3,p5g-scale-mqtt-payload-1024-clients-50,scale,guided-planning,mqtt,veh-30,veh-30,rsu-1,p5g-scale-mqtt-payload-1024-clients-50-veh-30-218,ipi-session-1,multiclient-scalability-run-3,veh-30,218,50-clients,default,stationary,unsynced,true,true,clients,50,count,IPI-CooperativeService,1098,1783014409213967353,1783014344421764885,1783014344421808266,1783014409257793614,43.826,,0.043,64835.985,"CooperativeService{guidedPlanning, status=request, vehicleId=0x7665682d3330, requestedHorizonMs=2500, confidence=100, planning.waypoints=1, offloadTaskId=probe-218, offloadPayload=1024 bytes}"
5g-sender,1783014409495873987,edge4av-real-20260702-multiclient-scalability-run-3,p5g-scale-mqtt-payload-1024-clients-50,scale,guided-planning,mqtt,veh-30,veh-30,rsu-1,p5g-scale-mqtt-payload-1024-clients-50-veh-30-219,ipi-session-1,multiclient-scalability-run-3,veh-30,219,50-clients,default,stationary,unsynced,true,true,clients,50,count,IPI-CooperativeService,1098,1783014409457930084,1783014344661409183,1783014344661453136,1783014409495873987,37.944,,0.044,64834.421,"CooperativeService{guidedPlanning, status=request, vehicleId=0x7665682d3330, requestedHorizonMs=2500, confidence=100, planning.waypoints=1, offloadTaskId=probe-219, offloadPayload=1024 bytes}"
5g-sender,1783014409725891440,edge4av-real-20260702-multiclient-scalability-run-3,p5g-scale-mqtt-payload-1024-clients-50,scale,guided-planning,mqtt,veh-30,veh-30,rsu-1,p5g-scale-mqtt-payload-1024-clients-50-veh-30-220,ipi-session-1,multiclient-scalability-run-3,veh-30,220,50-clients,default,stationary,unsynced,true,true,clients,50,count,IPI-CooperativeService,1098,1783014409696008496,1783014344891785982,1783014344891829453,1783014409725891440,29.883,,0.043,64834.062,"CooperativeService{guidedPlanning, status=request, vehicleId=0x7665682d3330, requestedHorizonMs=2500, confidence=100, planning.waypoints=1, offloadTaskId=probe-220, offloadPayload=1024 bytes}"
5g-sender,1783014409987967437,edge4av-real-20260702-multiclient-scalability-run-3,p5g-scale-mqtt-payload-1024-clients-50,scale,guided-planning,mqtt,veh-30,veh-30,rsu-1,p5g-scale-mqtt-payload-1024-clients-50-veh-30-221,ipi-session-1,multiclient-scalability-run-3,veh-30,221,50-clients,default,stationary,unsynced,true,true,clients,50,count,IPI-CooperativeService,1098,1783014409926038627,1783014345142705363,1783014345142771114,1783014409987967437,61.929,,0.066,64845.196,"CooperativeService{guidedPlanning, status=request, vehicleId=0x7665682d3330, requestedHorizonMs=2500, confidence=100, planning.waypoints=1, offloadTaskId=probe-221, offloadPayload=1024 bytes}"
5g-sender,1783014410227948827,edge4av-real-20260702-multiclient-scalability-run-3,p5g-scale-mqtt-payload-1024-clients-50,scale,guided-planning,mqtt,veh-30,veh-30,rsu-1,p5g-scale-mqtt-payload-1024-clients-50-veh-30-222,ipi-session-1,multiclient-scalability-run-3,veh-30,222,50-clients,default,stationary,unsynced,true,true,clients,50,count,IPI-CooperativeService,1098,1783014410188124297,1783014345391647353,1783014345391690811,1783014410227948827,39.825,,0.043,64836.258,"CooperativeService{guidedPlanning, status=request, vehicleId=0x7665682d3330, requestedHorizonMs=2500, confidence=100, planning.waypoints=1, offloadTaskId=probe-222, offloadPayload=1024 bytes}"
5g-sender,1783014410479788187,edge4av-real-20260702-multiclient-scalability-run-3,p5g-scale-mqtt-payload-1024-clients-50,scale,guided-planning,mqtt,veh-30,veh-30,rsu-1,p5g-scale-mqtt-payload-1024-clients-50-veh-30-223,ipi-session-1,multiclient-scalability-run-3,veh-30,223,50-clients,default,stationary,unsynced,true,true,clients,50,count,IPI-CooperativeService,1098,1783014410428139947,1783014345643051812,1783014345643108597,1783014410479788187,51.648,,0.057,64836.680,"CooperativeService{guidedPlanning, status=request, vehicleId=0x7665682d3330, requestedHorizonMs=2500, confidence=100, planning.waypoints=1, offloadTaskId=probe-223, offloadPayload=1024 bytes}"
5g-sender,1783014410717896460,edge4av-real-20260702-multiclient-scalability-run-3,p5g-scale-mqtt-payload-1024-clients-50,scale,guided-planning,mqtt,veh-30,veh-30,rsu-1,p5g-scale-mqtt-payload-1024-clients-50-veh-30-224,ipi-session-1,multiclient-scalability-run-3,veh-30,224,50-clients,default,stationary,unsynced,true,true,clients,50,count,IPI-CooperativeService,1098,1783014410679935523,1783014345882582079,1783014345882633809,1783014410717896460,37.961,,0.052,64835.263,"CooperativeService{guidedPlanning, status=request, vehicleId=0x7665682d3330, requestedHorizonMs=2500, confidence=100, planning.waypoints=1, offloadTaskId=probe-224, offloadPayload=1024 bytes}"
5g-sender,1783014410961856402,edge4av-real-20260702-multiclient-scalability-run-3,p5g-scale-mqtt-payload-1024-clients-50,scale,guided-planning,mqtt,veh-30,veh-30,rsu-1,p5g-scale-mqtt-payload-1024-clients-50-veh-30-225,ipi-session-1,multiclient-scalability-run-3,veh-30,225,50-clients,default,stationary,unsynced,true,true,clients,50,count,IPI-CooperativeService,1098,1783014410918040903,1783014346124389316,1783014346124432544,1783014410961856402,43.815,,0.043,64837.424,"CooperativeService{guidedPlanning, status=request, vehicleId=0x7665682d3330, requestedHorizonMs=2500, confidence=100, planning.waypoints=1, offloadTaskId=probe-225, offloadPayload=1024 bytes}"
5g-sender,1783014411197867396,edge4av-real-20260702-multiclient-scalability-run-3,p5g-scale-mqtt-payload-1024-clients-50,scale,guided-planning,mqtt,veh-30,veh-30,rsu-1,p5g-scale-mqtt-payload-1024-clients-50-veh-30-226,ipi-session-1,multiclient-scalability-run-3,veh-30,226,50-clients,default,stationary,unsynced,true,true,clients,50,count,IPI-CooperativeService,1098,1783014411162011039,1783014346363229960,1783014346363280124,1783014411197867396,35.856,,0.050,64834.587,"CooperativeService{guidedPlanning, status=request, vehicleId=0x7665682d3330, requestedHorizonMs=2500, confidence=100, planning.waypoints=1, offloadTaskId=probe-226, offloadPayload=1024 bytes}"
5g-sender,1783014411427875002,edge4av-real-20260702-multiclient-scalability-run-3,p5g-scale-mqtt-payload-1024-clients-50,scale,guided-planning,mqtt,veh-30,veh-30,rsu-1,p5g-scale-mqtt-payload-1024-clients-50-veh-30-227,ipi-session-1,multiclient-scalability-run-3,veh-30,227,50-clients,default,stationary,unsynced,true,true,clients,50,count,IPI-CooperativeService,1098,1783014411398018692,1783014346594762228,1783014346594804689,1783014411427875002,29.856,,0.042,64833.070,"CooperativeService{guidedPlanning, status=request, vehicleId=0x7665682d3330, requestedHorizonMs=2500, confidence=100, planning.waypoints=1, offloadTaskId=probe-227, offloadPayload=1024 bytes}"
5g-sender,1783014411669950031,edge4av-real-20260702-multiclient-scalability-run-3,p5g-scale-mqtt-payload-1024-clients-50,scale,guided-planning,mqtt,veh-30,veh-30,rsu-1,p5g-scale-mqtt-payload-1024-clients-50-veh-30-228,ipi-session-1,multiclient-scalability-run-3,veh-30,228,50-clients,default,stationary,unsynced,true,true,clients,50,count,IPI-CooperativeService,1098,1783014411628029182,1783014346833822512,1783014346833844541,1783014411669950031,41.921,,0.022,64836.105,"CooperativeService{guidedPlanning, status=request, vehicleId=0x7665682d3330, requestedHorizonMs=2500, confidence=100, planning.waypoints=1, offloadTaskId=probe-228, offloadPayload=1024 bytes}"
5g-sender,1783014411903768701,edge4av-real-20260702-multiclient-scalability-run-3,p5g-scale-mqtt-payload-1024-clients-50,scale,guided-planning,mqtt,veh-30,veh-30,rsu-1,p5g-scale-mqtt-payload-1024-clients-50-veh-30-229,ipi-session-1,multiclient-scalability-run-3,veh-30,229,50-clients,default,stationary,unsynced,true,true,clients,50,count,IPI-CooperativeService,1098,1783014411870159181,1783014347064901219,1783014347064952315,1783014411903768701,33.610,,0.051,64838.816,"CooperativeService{guidedPlanning, status=request, vehicleId=0x7665682d3330, requestedHorizonMs=2500, confidence=100, planning.waypoints=1, offloadTaskId=probe-229, offloadPayload=1024 bytes}"
5g-sender,1783014412153908046,edge4av-real-20260702-multiclient-scalability-run-3,p5g-scale-mqtt-payload-1024-clients-50,scale,guided-planning,mqtt,veh-30,veh-30,rsu-1,p5g-scale-mqtt-payload-1024-clients-50-veh-30-230,ipi-session-1,multiclient-scalability-run-3,veh-30,230,50-clients,default,stationary,unsynced,true,true,clients,50,count,IPI-CooperativeService,1098,1783014412103949254,1783014347314762277,1783014347314812805,1783014412153908046,49.959,,0.051,64839.095,"CooperativeService{guidedPlanning, status=request, vehicleId=0x7665682d3330, requestedHorizonMs=2500, confidence=100, planning.waypoints=1, offloadTaskId=probe-230, offloadPayload=1024 bytes}"
5g-sender,1783014412393907488,edge4av-real-20260702-multiclient-scalability-run-3,p5g-scale-mqtt-payload-1024-clients-50,scale,guided-planning,mqtt,veh-30,veh-30,rsu-1,p5g-scale-mqtt-payload-1024-clients-50-veh-30-231,ipi-session-1,multiclient-scalability-run-3,veh-30,231,50-clients,default,stationary,unsynced,true,true,clients,50,count,IPI-CooperativeService,1098,1783014412354061689,1783014347556816997,1783014347556861178,1783014412393907488,39.846,,0.044,64837.046,"CooperativeService{guidedPlanning, status=request, vehicleId=0x7665682d3330, requestedHorizonMs=2500, confidence=100, planning.waypoints=1, offloadTaskId=probe-231, offloadPayload=1024 bytes}"
5g-sender,1783014412643874318,edge4av-real-20260702-multiclient-scalability-run-3,p5g-scale-mqtt-payload-1024-clients-50,scale,guided-planning,mqtt,veh-30,veh-30,rsu-1,p5g-scale-mqtt-payload-1024-clients-50-veh-30-232,ipi-session-1,multiclient-scalability-run-3,veh-30,232,50-clients,default,stationary,unsynced,true,true,clients,50,count,IPI-CooperativeService,1098,1783014412594059898,1783014347806050998,1783014347806120281,1783014412643874318,49.814,,0.069,64837.754,"CooperativeService{guidedPlanning, status=request, vehicleId=0x7665682d3330, requestedHorizonMs=2500, confidence=100, planning.waypoints=1, offloadTaskId=probe-232, offloadPayload=1024 bytes}"
5g-sender,1783014412885774261,edge4av-real-20260702-multiclient-scalability-run-3,p5g-scale-mqtt-payload-1024-clients-50,scale,guided-planning,mqtt,veh-30,veh-30,rsu-1,p5g-scale-mqtt-payload-1024-clients-50-veh-30-233,ipi-session-1,multiclient-scalability-run-3,veh-30,233,50-clients,default,stationary,unsynced,true,true,clients,50,count,IPI-CooperativeService,1098,1783014412844021521,1783014348047684972,1783014348047735368,1783014412885774261,41.753,,0.050,64838.039,"CooperativeService{guidedPlanning, status=request, vehicleId=0x7665682d3330, requestedHorizonMs=2500, confidence=100, planning.waypoints=1, offloadTaskId=probe-233, offloadPayload=1024 bytes}"
5g-sender,1783014413141850046,edge4av-real-20260702-multiclient-scalability-run-3,p5g-scale-mqtt-payload-1024-clients-50,scale,guided-planning,mqtt,veh-30,veh-30,rsu-1,p5g-scale-mqtt-payload-1024-clients-50-veh-30-234,ipi-session-1,multiclient-scalability-run-3,veh-30,234,50-clients,default,stationary,unsynced,true,true,clients,50,count,IPI-CooperativeService,1098,1783014413085932224,1783014348297442065,1783014348297500500,1783014413141850046,55.918,,0.058,64844.350,"CooperativeService{guidedPlanning, status=request, vehicleId=0x7665682d3330, requestedHorizonMs=2500, confidence=100, planning.waypoints=1, offloadTaskId=probe-234, offloadPayload=1024 bytes}"
5g-sender,1783014413401981438,edge4av-real-20260702-multiclient-scalability-run-3,p5g-scale-mqtt-payload-1024-clients-50,scale,guided-planning,mqtt,veh-30,veh-30,rsu-1,p5g-scale-mqtt-payload-1024-clients-50-veh-30-235,ipi-session-1,multiclient-scalability-run-3,veh-30,235,50-clients,default,stationary,unsynced,true,true,clients,50,count,IPI-CooperativeService,1098,1783014413342036186,1783014348566904456,1783014348566953895,1783014413401981438,59.945,,0.049,64835.028,"CooperativeService{guidedPlanning, status=request, vehicleId=0x7665682d3330, requestedHorizonMs=2500, confidence=100, planning.waypoints=1, offloadTaskId=probe-235, offloadPayload=1024 bytes}"
5g-sender,1783014413665964311,edge4av-real-20260702-multiclient-scalability-run-3,p5g-scale-mqtt-payload-1024-clients-50,scale,guided-planning,mqtt,veh-30,veh-30,rsu-1,p5g-scale-mqtt-payload-1024-clients-50-veh-30-236,ipi-session-1,multiclient-scalability-run-3,veh-30,236,50-clients,default,stationary,unsynced,true,true,clients,50,count,IPI-CooperativeService,1098,1783014413602127650,1783014348827696289,1783014348827747164,1783014413665964311,63.837,,0.051,64838.217,"CooperativeService{guidedPlanning, status=request, vehicleId=0x7665682d3330, requestedHorizonMs=2500, confidence=100, planning.waypoints=1, offloadTaskId=probe-236, offloadPayload=1024 bytes}"
5g-sender,1783014413925900026,edge4av-real-20260702-multiclient-scalability-run-3,p5g-scale-mqtt-payload-1024-clients-50,scale,guided-planning,mqtt,veh-30,veh-30,rsu-1,p5g-scale-mqtt-payload-1024-clients-50-veh-30-237,ipi-session-1,multiclient-scalability-run-3,veh-30,237,50-clients,default,stationary,unsynced,true,true,clients,50,count,IPI-CooperativeService,1098,1783014413866111940,1783014349088321767,1783014349088363977,1783014413925900026,59.788,,0.042,64837.536,"CooperativeService{guidedPlanning, status=request, vehicleId=0x7665682d3330, requestedHorizonMs=2500, confidence=100, planning.waypoints=1, offloadTaskId=probe-237, offloadPayload=1024 bytes}"
5g-sender,1783014414199860756,edge4av-real-20260702-multiclient-scalability-run-3,p5g-scale-mqtt-payload-1024-clients-50,scale,guided-planning,mqtt,veh-30,veh-30,rsu-1,p5g-scale-mqtt-payload-1024-clients-50-veh-30-238,ipi-session-1,multiclient-scalability-run-3,veh-30,238,50-clients,default,stationary,unsynced,true,true,clients,50,count,IPI-CooperativeService,1098,1783014414126046332,1783014349360354354,1783014349360420266,1783014414199860756,73.814,,0.066,64839.440,"CooperativeService{guidedPlanning, status=request, vehicleId=0x7665682d3330, requestedHorizonMs=2500, confidence=100, planning.waypoints=1, offloadTaskId=probe-238, offloadPayload=1024 bytes}"
5g-sender,1783014414463829508,edge4av-real-20260702-multiclient-scalability-run-3,p5g-scale-mqtt-payload-1024-clients-50,scale,guided-planning,mqtt,veh-30,veh-30,rsu-1,p5g-scale-mqtt-payload-1024-clients-50-veh-30-239,ipi-session-1,multiclient-scalability-run-3,veh-30,239,50-clients,default,stationary,unsynced,true,true,clients,50,count,IPI-CooperativeService,1098,1783014414400005978,1783014349628910593,1783014349628952806,1783014414463829508,63.824,,0.042,64834.877,"CooperativeService{guidedPlanning, status=request, vehicleId=0x7665682d3330, requestedHorizonMs=2500, confidence=100, planning.waypoints=1, offloadTaskId=probe-239, offloadPayload=1024 bytes}"
5g-sender,1783014414699956002,edge4av-real-20260702-multiclient-scalability-run-3,p5g-scale-mqtt-payload-1024-clients-50,scale,guided-planning,mqtt,veh-30,veh-30,rsu-1,p5g-scale-mqtt-payload-1024-clients-50-veh-30-240,ipi-session-1,multiclient-scalability-run-3,veh-30,240,50-clients,default,stationary,unsynced,true,true,clients,50,count,IPI-CooperativeService,1098,1783014414663975384,1783014349859206303,1783014349859257430,1783014414699956002,35.981,,0.051,64840.699,"CooperativeService{guidedPlanning, status=request, vehicleId=0x7665682d3330, requestedHorizonMs=2500, confidence=100, planning.waypoints=1, offloadTaskId=probe-240, offloadPayload=1024 bytes}"
5g-sender,1783014414935953098,edge4av-real-20260702-multiclient-scalability-run-3,p5g-scale-mqtt-payload-1024-clients-50,scale,guided-planning,mqtt,veh-30,veh-30,rsu-1,p5g-scale-mqtt-payload-1024-clients-50-veh-30-241,ipi-session-1,multiclient-scalability-run-3,veh-30,241,50-clients,default,stationary,unsynced,true,true,clients,50,count,IPI-CooperativeService,1098,1783014414900105948,1783014350100001318,1783014350100046358,1783014414935953098,35.847,,0.045,64835.907,"CooperativeService{guidedPlanning, status=request, vehicleId=0x7665682d3330, requestedHorizonMs=2500, confidence=100, planning.waypoints=1, offloadTaskId=probe-241, offloadPayload=1024 bytes}"
5g-sender,1783014415165915470,edge4av-real-20260702-multiclient-scalability-run-3,p5g-scale-mqtt-payload-1024-clients-50,scale,guided-planning,mqtt,veh-30,veh-30,rsu-1,p5g-scale-mqtt-payload-1024-clients-50-veh-30-242,ipi-session-1,multiclient-scalability-run-3,veh-30,242,50-clients,default,stationary,unsynced,true,true,clients,50,count,IPI-CooperativeService,1098,1783014415136145121,1783014350330022800,1783014350330074763,1783014415165915470,29.770,,0.052,64835.841,"CooperativeService{guidedPlanning, status=request, vehicleId=0x7665682d3330, requestedHorizonMs=2500, confidence=100, planning.waypoints=1, offloadTaskId=probe-242, offloadPayload=1024 bytes}"
5g-sender,1783014415403996035,edge4av-real-20260702-multiclient-scalability-run-3,p5g-scale-mqtt-payload-1024-clients-50,scale,guided-planning,mqtt,veh-30,veh-30,rsu-1,p5g-scale-mqtt-payload-1024-clients-50-veh-30-243,ipi-session-1,multiclient-scalability-run-3,veh-30,243,50-clients,default,stationary,unsynced,true,true,clients,50,count,IPI-CooperativeService,1098,1783014415366063385,1783014350560894333,1783014350560938544,1783014415403996035,37.933,,0.044,64843.057,"CooperativeService{guidedPlanning, status=request, vehicleId=0x7665682d3330, requestedHorizonMs=2500, confidence=100, planning.waypoints=1, offloadTaskId=probe-243, offloadPayload=1024 bytes}"
5g-sender,1783014415649915610,edge4av-real-20260702-multiclient-scalability-run-3,p5g-scale-mqtt-payload-1024-clients-50,scale,guided-planning,mqtt,veh-30,veh-30,rsu-1,p5g-scale-mqtt-payload-1024-clients-50-veh-30-244,ipi-session-1,multiclient-scalability-run-3,veh-30,244,50-clients,default,stationary,unsynced,true,true,clients,50,count,IPI-CooperativeService,1098,1783014415604138964,1783014350810581064,1783014350810651387,1783014415649915610,45.777,,0.070,64839.264,"CooperativeService{guidedPlanning, status=request, vehicleId=0x7665682d3330, requestedHorizonMs=2500, confidence=100, planning.waypoints=1, offloadTaskId=probe-244, offloadPayload=1024 bytes}"
5g-sender,1783014415899888946,edge4av-real-20260702-multiclient-scalability-run-3,p5g-scale-mqtt-payload-1024-clients-50,scale,guided-planning,mqtt,veh-30,veh-30,rsu-1,p5g-scale-mqtt-payload-1024-clients-50-veh-30-245,ipi-session-1,multiclient-scalability-run-3,veh-30,245,50-clients,default,stationary,unsynced,true,true,clients,50,count,IPI-CooperativeService,1098,1783014415850189664,1783014351061220000,1783014351061274070,1783014415899888946,49.699,,0.054,64838.615,"CooperativeService{guidedPlanning, status=request, vehicleId=0x7665682d3330, requestedHorizonMs=2500, confidence=100, planning.waypoints=1, offloadTaskId=probe-245, offloadPayload=1024 bytes}"
5g-sender,1783014416129873027,edge4av-real-20260702-multiclient-scalability-run-3,p5g-scale-mqtt-payload-1024-clients-50,scale,guided-planning,mqtt,veh-30,veh-30,rsu-1,p5g-scale-mqtt-payload-1024-clients-50-veh-30-246,ipi-session-1,multiclient-scalability-run-3,veh-30,246,50-clients,default,stationary,unsynced,true,true,clients,50,count,IPI-CooperativeService,1098,1783014416100041081,1783014351291729683,1783014351291773177,1783014416129873027,29.832,,0.043,64838.100,"CooperativeService{guidedPlanning, status=request, vehicleId=0x7665682d3330, requestedHorizonMs=2500, confidence=100, planning.waypoints=1, offloadTaskId=probe-246, offloadPayload=1024 bytes}"
5g-sender,1783014416369877096,edge4av-real-20260702-multiclient-scalability-run-3,p5g-scale-mqtt-payload-1024-clients-50,scale,guided-planning,mqtt,veh-30,veh-30,rsu-1,p5g-scale-mqtt-payload-1024-clients-50-veh-30-247,ipi-session-1,multiclient-scalability-run-3,veh-30,247,50-clients,default,stationary,unsynced,true,true,clients,50,count,IPI-CooperativeService,1098,1783014416330019543,1783014351533627707,1783014351533670095,1783014416369877096,39.858,,0.042,64836.207,"CooperativeService{guidedPlanning, status=request, vehicleId=0x7665682d3330, requestedHorizonMs=2500, confidence=100, planning.waypoints=1, offloadTaskId=probe-247, offloadPayload=1024 bytes}"
5g-sender,1783014416607769182,edge4av-real-20260702-multiclient-scalability-run-3,p5g-scale-mqtt-payload-1024-clients-50,scale,guided-planning,mqtt,veh-30,veh-30,rsu-1,p5g-scale-mqtt-payload-1024-clients-50-veh-30-248,ipi-session-1,multiclient-scalability-run-3,veh-30,248,50-clients,default,stationary,unsynced,true,true,clients,50,count,IPI-CooperativeService,1098,1783014416570068555,1783014351772308972,1783014351772360467,1783014416607769182,37.701,,0.051,64835.409,"CooperativeService{guidedPlanning, status=request, vehicleId=0x7665682d3330, requestedHorizonMs=2500, confidence=100, planning.waypoints=1, offloadTaskId=probe-248, offloadPayload=1024 bytes}"
5g-sender,1783014416831769095,edge4av-real-20260702-multiclient-scalability-run-3,p5g-scale-mqtt-payload-1024-clients-50,scale,guided-planning,mqtt,veh-30,veh-30,rsu-1,p5g-scale-mqtt-payload-1024-clients-50-veh-30-249,ipi-session-1,multiclient-scalability-run-3,veh-30,249,50-clients,default,stationary,unsynced,true,true,clients,50,count,IPI-CooperativeService,1098,1783014416807910751,1783014351992610470,1783014351992660101,1783014416831769095,23.858,,0.050,64839.109,"CooperativeService{guidedPlanning, status=request, vehicleId=0x7665682d3330, requestedHorizonMs=2500, confidence=100, planning.waypoints=1, offloadTaskId=probe-249, offloadPayload=1024 bytes}"
5g-sender,1783014417071782925,edge4av-real-20260702-multiclient-scalability-run-3,p5g-scale-mqtt-payload-1024-clients-50,scale,guided-planning,mqtt,veh-30,veh-30,rsu-1,p5g-scale-mqtt-payload-1024-clients-50-veh-30-250,ipi-session-1,multiclient-scalability-run-3,veh-30,250,50-clients,default,stationary,unsynced,true,true,clients,50,count,IPI-CooperativeService,1098,1783014417031873014,1783014352234083269,1783014352234127302,1783014417071782925,39.910,,0.044,64837.656,"CooperativeService{guidedPlanning, status=request, vehicleId=0x7665682d3330, requestedHorizonMs=2500, confidence=100, planning.waypoints=1, offloadTaskId=probe-250, offloadPayload=1024 bytes}"
5g-sender,1783014417305815963,edge4av-real-20260702-multiclient-scalability-run-3,p5g-scale-mqtt-payload-1024-clients-50,scale,guided-planning,mqtt,veh-30,veh-30,rsu-1,p5g-scale-mqtt-payload-1024-clients-50-veh-30-251,ipi-session-1,multiclient-scalability-run-3,veh-30,251,50-clients,default,stationary,unsynced,true,true,clients,50,count,IPI-CooperativeService,1098,1783014417271918214,1783014352473055775,1783014352473098558,1783014417305815963,33.898,,0.043,64832.717,"CooperativeService{guidedPlanning, status=request, vehicleId=0x7665682d3330, requestedHorizonMs=2500, confidence=100, planning.waypoints=1, offloadTaskId=probe-251, offloadPayload=1024 bytes}"
5g-sender,1783014417539902514,edge4av-real-20260702-multiclient-scalability-run-3,p5g-scale-mqtt-payload-1024-clients-50,scale,guided-planning,mqtt,veh-30,veh-30,rsu-1,p5g-scale-mqtt-payload-1024-clients-50-veh-30-252,ipi-session-1,multiclient-scalability-run-3,veh-30,252,50-clients,default,stationary,unsynced,true,true,clients,50,count,IPI-CooperativeService,1098,1783014417505958934,1783014352704341385,1783014352704396793,1783014417539902514,33.944,,0.055,64835.506,"CooperativeService{guidedPlanning, status=request, vehicleId=0x7665682d3330, requestedHorizonMs=2500, confidence=100, planning.waypoints=1, offloadTaskId=probe-252, offloadPayload=1024 bytes}"
5g-sender,1783014417769947743,edge4av-real-20260702-multiclient-scalability-run-3,p5g-scale-mqtt-payload-1024-clients-50,scale,guided-planning,mqtt,veh-30,veh-30,rsu-1,p5g-scale-mqtt-payload-1024-clients-50-veh-30-253,ipi-session-1,multiclient-scalability-run-3,veh-30,253,50-clients,default,stationary,unsynced,true,true,clients,50,count,IPI-CooperativeService,1098,1783014417740056186,1783014352936220118,1783014352936263447,1783014417769947743,29.892,,0.043,64833.684,"CooperativeService{guidedPlanning, status=request, vehicleId=0x7665682d3330, requestedHorizonMs=2500, confidence=100, planning.waypoints=1, offloadTaskId=probe-253, offloadPayload=1024 bytes}"
5g-sender,1783014418010093966,edge4av-real-20260702-multiclient-scalability-run-3,p5g-scale-mqtt-payload-1024-clients-50,scale,guided-planning,mqtt,veh-30,veh-30,rsu-1,p5g-scale-mqtt-payload-1024-clients-50-veh-30-254,ipi-session-1,multiclient-scalability-run-3,veh-30,254,50-clients,default,stationary,unsynced,true,true,clients,50,count,IPI-CooperativeService,1098,1783014417970137432,1783014353175178695,1783014353175223690,1783014418010093966,39.957,,0.045,64834.870,"CooperativeService{guidedPlanning, status=request, vehicleId=0x7665682d3330, requestedHorizonMs=2500, confidence=100, planning.waypoints=1, offloadTaskId=probe-254, offloadPayload=1024 bytes}"
5g-sender,1783014418252009158,edge4av-real-20260702-multiclient-scalability-run-3,p5g-scale-mqtt-payload-1024-clients-50,scale,guided-planning,mqtt,veh-30,veh-30,rsu-1,p5g-scale-mqtt-payload-1024-clients-50-veh-30-255,ipi-session-1,multiclient-scalability-run-3,veh-30,255,50-clients,default,stationary,unsynced,true,true,clients,50,count,IPI-CooperativeService,1098,1783014418210243471,1783014353415488301,1783014353415531114,1783014418252009158,41.766,,0.043,64836.478,"CooperativeService{guidedPlanning, status=request, vehicleId=0x7665682d3330, requestedHorizonMs=2500, confidence=100, planning.waypoints=1, offloadTaskId=probe-255, offloadPayload=1024 bytes}"
5g-sender,1783014418495790513,edge4av-real-20260702-multiclient-scalability-run-3,p5g-scale-mqtt-payload-1024-clients-50,scale,guided-planning,mqtt,veh-30,veh-30,rsu-1,p5g-scale-mqtt-payload-1024-clients-50-veh-30-256,ipi-session-1,multiclient-scalability-run-3,veh-30,256,50-clients,default,stationary,unsynced,true,true,clients,50,count,IPI-CooperativeService,1098,1783014418452159743,1783014353656333370,1783014353656376148,1783014418495790513,43.631,,0.043,64839.414,"CooperativeService{guidedPlanning, status=request, vehicleId=0x7665682d3330, requestedHorizonMs=2500, confidence=100, planning.waypoints=1, offloadTaskId=probe-256, offloadPayload=1024 bytes}"
5g-sender,1783014418736140628,edge4av-real-20260702-multiclient-scalability-run-3,p5g-scale-mqtt-payload-1024-clients-50,scale,guided-planning,mqtt,veh-30,veh-30,rsu-1,p5g-scale-mqtt-payload-1024-clients-50-veh-30-257,ipi-session-1,multiclient-scalability-run-3,veh-30,257,50-clients,default,stationary,unsynced,true,true,clients,50,count,IPI-CooperativeService,1098,1783014418695937505,1783014353898148512,1783014353898191014,1783014418736140628,40.203,,0.043,64837.950,"CooperativeService{guidedPlanning, status=request, vehicleId=0x7665682d3330, requestedHorizonMs=2500, confidence=100, planning.waypoints=1, offloadTaskId=probe-257, offloadPayload=1024 bytes}"
5g-sender,1783014418967508474,edge4av-real-20260702-multiclient-scalability-run-3,p5g-scale-mqtt-payload-1024-clients-50,scale,guided-planning,mqtt,veh-30,veh-30,rsu-1,p5g-scale-mqtt-payload-1024-clients-50-veh-30-258,ipi-session-1,multiclient-scalability-run-3,veh-30,258,50-clients,default,stationary,unsynced,true,true,clients,50,count,IPI-CooperativeService,1098,1783014418936256087,1783014354126201914,1783014354126254616,1783014418967508474,31.252,,0.053,64841.254,"CooperativeService{guidedPlanning, status=request, vehicleId=0x7665682d3330, requestedHorizonMs=2500, confidence=100, planning.waypoints=1, offloadTaskId=probe-258, offloadPayload=1024 bytes}"
5g-sender,1783014419214000775,edge4av-real-20260702-multiclient-scalability-run-3,p5g-scale-mqtt-payload-1024-clients-50,scale,guided-planning,mqtt,veh-30,veh-30,rsu-1,p5g-scale-mqtt-payload-1024-clients-50-veh-30-259,ipi-session-1,multiclient-scalability-run-3,veh-30,259,50-clients,default,stationary,unsynced,true,true,clients,50,count,IPI-CooperativeService,1098,1783014419167653542,1783014354367670477,1783014354367713161,1783014419214000775,46.347,,0.043,64846.288,"CooperativeService{guidedPlanning, status=request, vehicleId=0x7665682d3330, requestedHorizonMs=2500, confidence=100, planning.waypoints=1, offloadTaskId=probe-259, offloadPayload=1024 bytes}"
5g-sender,1783014419453809697,edge4av-real-20260702-multiclient-scalability-run-3,p5g-scale-mqtt-payload-1024-clients-50,scale,guided-planning,mqtt,veh-30,veh-30,rsu-1,p5g-scale-mqtt-payload-1024-clients-50-veh-30-260,ipi-session-1,multiclient-scalability-run-3,veh-30,260,50-clients,default,stationary,unsynced,true,true,clients,50,count,IPI-CooperativeService,1098,1783014419414200600,1783014354609273837,1783014354609316830,1783014419453809697,39.609,,0.043,64844.493,"CooperativeService{guidedPlanning, status=request, vehicleId=0x7665682d3330, requestedHorizonMs=2500, confidence=100, planning.waypoints=1, offloadTaskId=probe-260, offloadPayload=1024 bytes}"
5g-sender,1783014419677864718,edge4av-real-20260702-multiclient-scalability-run-3,p5g-scale-mqtt-payload-1024-clients-50,scale,guided-planning,mqtt,veh-30,veh-30,rsu-1,p5g-scale-mqtt-payload-1024-clients-50-veh-30-261,ipi-session-1,multiclient-scalability-run-3,veh-30,261,50-clients,default,stationary,unsynced,true,true,clients,50,count,IPI-CooperativeService,1098,1783014419653979949,1783014354837721428,1783014354837784024,1783014419677864718,23.885,,0.063,64840.081,"CooperativeService{guidedPlanning, status=request, vehicleId=0x7665682d3330, requestedHorizonMs=2500, confidence=100, planning.waypoints=1, offloadTaskId=probe-261, offloadPayload=1024 bytes}"
5g-sender,1783014419901944149,edge4av-real-20260702-multiclient-scalability-run-3,p5g-scale-mqtt-payload-1024-clients-50,scale,guided-planning,mqtt,veh-30,veh-30,rsu-1,p5g-scale-mqtt-payload-1024-clients-50-veh-30-262,ipi-session-1,multiclient-scalability-run-3,veh-30,262,50-clients,default,stationary,unsynced,true,true,clients,50,count,IPI-CooperativeService,1098,1783014419878010539,1783014355068168823,1783014355068231703,1783014419901944149,23.934,,0.063,64833.712,"CooperativeService{guidedPlanning, status=request, vehicleId=0x7665682d3330, requestedHorizonMs=2500, confidence=100, planning.waypoints=1, offloadTaskId=probe-262, offloadPayload=1024 bytes}"
5g-sender,1783014420133883190,edge4av-real-20260702-multiclient-scalability-run-3,p5g-scale-mqtt-payload-1024-clients-50,scale,guided-planning,mqtt,veh-30,veh-30,rsu-1,p5g-scale-mqtt-payload-1024-clients-50-veh-30-263,ipi-session-1,multiclient-scalability-run-3,veh-30,263,50-clients,default,stationary,unsynced,true,true,clients,50,count,IPI-CooperativeService,1098,1783014420102078178,1783014355299592676,1783014355299636471,1783014420133883190,31.805,,0.044,64834.247,"CooperativeService{guidedPlanning, status=request, vehicleId=0x7665682d3330, requestedHorizonMs=2500, confidence=100, planning.waypoints=1, offloadTaskId=probe-263, offloadPayload=1024 bytes}"
5g-sender,1783014420361944803,edge4av-real-20260702-multiclient-scalability-run-3,p5g-scale-mqtt-payload-1024-clients-50,scale,guided-planning,mqtt,veh-30,veh-30,rsu-1,p5g-scale-mqtt-payload-1024-clients-50-veh-30-264,ipi-session-1,multiclient-scalability-run-3,veh-30,264,50-clients,default,stationary,unsynced,true,true,clients,50,count,IPI-CooperativeService,1098,1783014420334032445,1783014355528498999,1783014355528563210,1783014420361944803,27.912,,0.064,64833.382,"CooperativeService{guidedPlanning, status=request, vehicleId=0x7665682d3330, requestedHorizonMs=2500, confidence=100, planning.waypoints=1, offloadTaskId=probe-264, offloadPayload=1024 bytes}"
5g-sender,1783014420593874165,edge4av-real-20260702-multiclient-scalability-run-3,p5g-scale-mqtt-payload-1024-clients-50,scale,guided-planning,mqtt,veh-30,veh-30,rsu-1,p5g-scale-mqtt-payload-1024-clients-50-veh-30-265,ipi-session-1,multiclient-scalability-run-3,veh-30,265,50-clients,default,stationary,unsynced,true,true,clients,50,count,IPI-CooperativeService,1098,1783014420562052185,1783014355758922213,1783014355758973427,1783014420593874165,31.822,,0.051,64834.901,"CooperativeService{guidedPlanning, status=request, vehicleId=0x7665682d3330, requestedHorizonMs=2500, confidence=100, planning.waypoints=1, offloadTaskId=probe-265, offloadPayload=1024 bytes}"
5g-sender,1783014420823907133,edge4av-real-20260702-multiclient-scalability-run-3,p5g-scale-mqtt-payload-1024-clients-50,scale,guided-planning,mqtt,veh-30,veh-30,rsu-1,p5g-scale-mqtt-payload-1024-clients-50-veh-30-266,ipi-session-1,multiclient-scalability-run-3,veh-30,266,50-clients,default,stationary,unsynced,true,true,clients,50,count,IPI-CooperativeService,1098,1783014420794067900,1783014355990052852,1783014355990112603,1783014420823907133,29.839,,0.060,64833.795,"CooperativeService{guidedPlanning, status=request, vehicleId=0x7665682d3330, requestedHorizonMs=2500, confidence=100, planning.waypoints=1, offloadTaskId=probe-266, offloadPayload=1024 bytes}"
5g-sender,1783014421064036148,edge4av-real-20260702-multiclient-scalability-run-3,p5g-scale-mqtt-payload-1024-clients-50,scale,guided-planning,mqtt,veh-30,veh-30,rsu-1,p5g-scale-mqtt-payload-1024-clients-50-veh-30-267,ipi-session-1,multiclient-scalability-run-3,veh-30,267,50-clients,default,stationary,unsynced,true,true,clients,50,count,IPI-CooperativeService,1098,1783014421024048237,1783014356221515926,1783014356221577614,1783014421064036148,39.988,,0.062,64842.459,"CooperativeService{guidedPlanning, status=request, vehicleId=0x7665682d3330, requestedHorizonMs=2500, confidence=100, planning.waypoints=1, offloadTaskId=probe-267, offloadPayload=1024 bytes}"
5g-sender,1783014421293890161,edge4av-real-20260702-multiclient-scalability-run-3,p5g-scale-mqtt-payload-1024-clients-50,scale,guided-planning,mqtt,veh-30,veh-30,rsu-1,p5g-scale-mqtt-payload-1024-clients-50-veh-30-268,ipi-session-1,multiclient-scalability-run-3,veh-30,268,50-clients,default,stationary,unsynced,true,true,clients,50,count,IPI-CooperativeService,1098,1783014421264144266,1783014356460308627,1783014356460351769,1783014421293890161,29.746,,0.043,64833.538,"CooperativeService{guidedPlanning, status=request, vehicleId=0x7665682d3330, requestedHorizonMs=2500, confidence=100, planning.waypoints=1, offloadTaskId=probe-268, offloadPayload=1024 bytes}"
5g-sender,1783014421547898618,edge4av-real-20260702-multiclient-scalability-run-3,p5g-scale-mqtt-payload-1024-clients-50,scale,guided-planning,mqtt,veh-30,veh-30,rsu-1,p5g-scale-mqtt-payload-1024-clients-50-veh-30-269,ipi-session-1,multiclient-scalability-run-3,veh-30,269,50-clients,default,stationary,unsynced,true,true,clients,50,count,IPI-CooperativeService,1098,1783014421494031178,1783014356702448300,1783014356702501648,1783014421547898618,53.867,,0.053,64845.397,"CooperativeService{guidedPlanning, status=request, vehicleId=0x7665682d3330, requestedHorizonMs=2500, confidence=100, planning.waypoints=1, offloadTaskId=probe-269, offloadPayload=1024 bytes}"
5g-sender,1783014421785945204,edge4av-real-20260702-multiclient-scalability-run-3,p5g-scale-mqtt-payload-1024-clients-50,scale,guided-planning,mqtt,veh-30,veh-30,rsu-1,p5g-scale-mqtt-payload-1024-clients-50-veh-30-270,ipi-session-1,multiclient-scalability-run-3,veh-30,270,50-clients,default,stationary,unsynced,true,true,clients,50,count,IPI-CooperativeService,1098,1783014421748065999,1783014356950762710,1783014356950815895,1783014421785945204,37.879,,0.053,64835.129,"CooperativeService{guidedPlanning, status=request, vehicleId=0x7665682d3330, requestedHorizonMs=2500, confidence=100, planning.waypoints=1, offloadTaskId=probe-270, offloadPayload=1024 bytes}"
5g-sender,1783014422027846872,edge4av-real-20260702-multiclient-scalability-run-3,p5g-scale-mqtt-payload-1024-clients-50,scale,guided-planning,mqtt,veh-30,veh-30,rsu-1,p5g-scale-mqtt-payload-1024-clients-50-veh-30-271,ipi-session-1,multiclient-scalability-run-3,veh-30,271,50-clients,default,stationary,unsynced,true,true,clients,50,count,IPI-CooperativeService,1098,1783014421986081943,1783014357191506386,1783014357191550837,1783014422027846872,41.765,,0.044,64836.296,"CooperativeService{guidedPlanning, status=request, vehicleId=0x7665682d3330, requestedHorizonMs=2500, confidence=100, planning.waypoints=1, offloadTaskId=probe-271, offloadPayload=1024 bytes}"
5g-sender,1783014422267886900,edge4av-real-20260702-multiclient-scalability-run-3,p5g-scale-mqtt-payload-1024-clients-50,scale,guided-planning,mqtt,veh-30,veh-30,rsu-1,p5g-scale-mqtt-payload-1024-clients-50-veh-30-272,ipi-session-1,multiclient-scalability-run-3,veh-30,272,50-clients,default,stationary,unsynced,true,true,clients,50,count,IPI-CooperativeService,1098,1783014422227998693,1783014357431928538,1783014357431972134,1783014422267886900,39.888,,0.044,64835.915,"CooperativeService{guidedPlanning, status=request, vehicleId=0x7665682d3330, requestedHorizonMs=2500, confidence=100, planning.waypoints=1, offloadTaskId=probe-272, offloadPayload=1024 bytes}"
5g-sender,1783014422509899742,edge4av-real-20260702-multiclient-scalability-run-3,p5g-scale-mqtt-payload-1024-clients-50,scale,guided-planning,mqtt,veh-30,veh-30,rsu-1,p5g-scale-mqtt-payload-1024-clients-50-veh-30-273,ipi-session-1,multiclient-scalability-run-3,veh-30,273,50-clients,default,stationary,unsynced,true,true,clients,50,count,IPI-CooperativeService,1098,1783014422468049474,1783014357672707447,1783014357672765276,1783014422509899742,41.850,,0.058,64837.134,"CooperativeService{guidedPlanning, status=request, vehicleId=0x7665682d3330, requestedHorizonMs=2500, confidence=100, planning.waypoints=1, offloadTaskId=probe-273, offloadPayload=1024 bytes}"
5g-sender,1783014422739908272,edge4av-real-20260702-multiclient-scalability-run-3,p5g-scale-mqtt-payload-1024-clients-50,scale,guided-planning,mqtt,veh-30,veh-30,rsu-1,p5g-scale-mqtt-payload-1024-clients-50-veh-30-274,ipi-session-1,multiclient-scalability-run-3,veh-30,274,50-clients,default,stationary,unsynced,true,true,clients,50,count,IPI-CooperativeService,1098,1783014422710042869,1783014357903150412,1783014357903192923,1783014422739908272,29.865,,0.043,64836.715,"CooperativeService{guidedPlanning, status=request, vehicleId=0x7665682d3330, requestedHorizonMs=2500, confidence=100, planning.waypoints=1, offloadTaskId=probe-274, offloadPayload=1024 bytes}"
5g-sender,1783014422969947956,edge4av-real-20260702-multiclient-scalability-run-3,p5g-scale-mqtt-payload-1024-clients-50,scale,guided-planning,mqtt,veh-30,veh-30,rsu-1,p5g-scale-mqtt-payload-1024-clients-50-veh-30-275,ipi-session-1,multiclient-scalability-run-3,veh-30,275,50-clients,default,stationary,unsynced,true,true,clients,50,count,IPI-CooperativeService,1098,1783014422940049516,1783014358133235344,1783014358133291525,1783014422969947956,29.898,,0.056,64836.656,"CooperativeService{guidedPlanning, status=request, vehicleId=0x7665682d3330, requestedHorizonMs=2500, confidence=100, planning.waypoints=1, offloadTaskId=probe-275, offloadPayload=1024 bytes}"
5g-sender,1783014423211831483,edge4av-real-20260702-multiclient-scalability-run-3,p5g-scale-mqtt-payload-1024-clients-50,scale,guided-planning,mqtt,veh-30,veh-30,rsu-1,p5g-scale-mqtt-payload-1024-clients-50-veh-30-276,ipi-session-1,multiclient-scalability-run-3,veh-30,276,50-clients,default,stationary,unsynced,true,true,clients,50,count,IPI-CooperativeService,1098,1783014423170094170,1783014358373629034,1783014358373672649,1783014423211831483,41.737,,0.044,64838.159,"CooperativeService{guidedPlanning, status=request, vehicleId=0x7665682d3330, requestedHorizonMs=2500, confidence=100, planning.waypoints=1, offloadTaskId=probe-276, offloadPayload=1024 bytes}"
5g-sender,1783014423439901133,edge4av-real-20260702-multiclient-scalability-run-3,p5g-scale-mqtt-payload-1024-clients-50,scale,guided-planning,mqtt,veh-30,veh-30,rsu-1,p5g-scale-mqtt-payload-1024-clients-50-veh-30-277,ipi-session-1,multiclient-scalability-run-3,veh-30,277,50-clients,default,stationary,unsynced,true,true,clients,50,count,IPI-CooperativeService,1098,1783014423411975750,1783014358604016570,1783014358604059515,1783014423439901133,27.925,,0.043,64835.842,"CooperativeService{guidedPlanning, status=request, vehicleId=0x7665682d3330, requestedHorizonMs=2500, confidence=100, planning.waypoints=1, offloadTaskId=probe-277, offloadPayload=1024 bytes}"
5g-sender,1783014423686004168,edge4av-real-20260702-multiclient-scalability-run-3,p5g-scale-mqtt-payload-1024-clients-50,scale,guided-planning,mqtt,veh-30,veh-30,rsu-1,p5g-scale-mqtt-payload-1024-clients-50-veh-30-278,ipi-session-1,multiclient-scalability-run-3,veh-30,278,50-clients,default,stationary,unsynced,true,true,clients,50,count,IPI-CooperativeService,1098,1783014423640034157,1783014358845991641,1783014358846035187,1783014423686004168,45.970,,0.044,64839.969,"CooperativeService{guidedPlanning, status=request, vehicleId=0x7665682d3330, requestedHorizonMs=2500, confidence=100, planning.waypoints=1, offloadTaskId=probe-278, offloadPayload=1024 bytes}"
5g-sender,1783014423927994337,edge4av-real-20260702-multiclient-scalability-run-3,p5g-scale-mqtt-payload-1024-clients-50,scale,guided-planning,mqtt,veh-30,veh-30,rsu-1,p5g-scale-mqtt-payload-1024-clients-50-veh-30-279,ipi-session-1,multiclient-scalability-run-3,veh-30,279,50-clients,default,stationary,unsynced,true,true,clients,50,count,IPI-CooperativeService,1098,1783014423886120491,1783014359094277930,1783014359094342417,1783014423927994337,41.874,,0.064,64833.652,"CooperativeService{guidedPlanning, status=request, vehicleId=0x7665682d3330, requestedHorizonMs=2500, confidence=100, planning.waypoints=1, offloadTaskId=probe-279, offloadPayload=1024 bytes}"
5g-sender,1783014424159888387,edge4av-real-20260702-multiclient-scalability-run-3,p5g-scale-mqtt-payload-1024-clients-50,scale,guided-planning,mqtt,veh-30,veh-30,rsu-1,p5g-scale-mqtt-payload-1024-clients-50-veh-30-280,ipi-session-1,multiclient-scalability-run-3,veh-30,280,50-clients,default,stationary,unsynced,true,true,clients,50,count,IPI-CooperativeService,1098,1783014424128140597,1783014359324697367,1783014359324752900,1783014424159888387,31.748,,0.056,64835.135,"CooperativeService{guidedPlanning, status=request, vehicleId=0x7665682d3330, requestedHorizonMs=2500, confidence=100, planning.waypoints=1, offloadTaskId=probe-280, offloadPayload=1024 bytes}"
5g-sender,1783014424389871572,edge4av-real-20260702-multiclient-scalability-run-3,p5g-scale-mqtt-payload-1024-clients-50,scale,guided-planning,mqtt,veh-30,veh-30,rsu-1,p5g-scale-mqtt-payload-1024-clients-50-veh-30-281,ipi-session-1,multiclient-scalability-run-3,veh-30,281,50-clients,default,stationary,unsynced,true,true,clients,50,count,IPI-CooperativeService,1098,1783014424360034377,1783014359554501859,1783014359554544592,1783014424389871572,29.837,,0.043,64835.327,"CooperativeService{guidedPlanning, status=request, vehicleId=0x7665682d3330, requestedHorizonMs=2500, confidence=100, planning.waypoints=1, offloadTaskId=probe-281, offloadPayload=1024 bytes}"
5g-sender,1783014424638096744,edge4av-real-20260702-multiclient-scalability-run-3,p5g-scale-mqtt-payload-1024-clients-50,scale,guided-planning,mqtt,veh-30,veh-30,rsu-1,p5g-scale-mqtt-payload-1024-clients-50-veh-30-282,ipi-session-1,multiclient-scalability-run-3,veh-30,282,50-clients,default,stationary,unsynced,true,true,clients,50,count,IPI-CooperativeService,1098,1783014424590012233,1783014359795827935,1783014359795872021,1783014424638096744,48.085,,0.044,64842.225,"CooperativeService{guidedPlanning, status=request, vehicleId=0x7665682d3330, requestedHorizonMs=2500, confidence=100, planning.waypoints=1, offloadTaskId=probe-282, offloadPayload=1024 bytes}"
5g-sender,1783014424903816479,edge4av-real-20260702-multiclient-scalability-run-3,p5g-scale-mqtt-payload-1024-clients-50,scale,guided-planning,mqtt,veh-30,veh-30,rsu-1,p5g-scale-mqtt-payload-1024-clients-50-veh-30-283,ipi-session-1,multiclient-scalability-run-3,veh-30,283,50-clients,default,stationary,unsynced,true,true,clients,50,count,IPI-CooperativeService,1098,1783014424838239161,1783014360066128842,1783014360066186995,1783014424903816479,65.577,,0.058,64837.629,"CooperativeService{guidedPlanning, status=request, vehicleId=0x7665682d3330, requestedHorizonMs=2500, confidence=100, planning.waypoints=1, offloadTaskId=probe-283, offloadPayload=1024 bytes}"
5g-sender,1783014425145896132,edge4av-real-20260702-multiclient-scalability-run-3,p5g-scale-mqtt-payload-1024-clients-50,scale,guided-planning,mqtt,veh-30,veh-30,rsu-1,p5g-scale-mqtt-payload-1024-clients-50-veh-30-284,ipi-session-1,multiclient-scalability-run-3,veh-30,284,50-clients,default,stationary,unsynced,true,true,clients,50,count,IPI-CooperativeService,1098,1783014425103985633,1783014360309048505,1783014360309090847,1783014425145896132,41.910,,0.042,64836.805,"CooperativeService{guidedPlanning, status=request, vehicleId=0x7665682d3330, requestedHorizonMs=2500, confidence=100, planning.waypoints=1, offloadTaskId=probe-284, offloadPayload=1024 bytes}"
5g-sender,1783014425407930974,edge4av-real-20260702-multiclient-scalability-run-3,p5g-scale-mqtt-payload-1024-clients-50,scale,guided-planning,mqtt,veh-30,veh-30,rsu-1,p5g-scale-mqtt-payload-1024-clients-50-veh-30-285,ipi-session-1,multiclient-scalability-run-3,veh-30,285,50-clients,default,stationary,unsynced,true,true,clients,50,count,IPI-CooperativeService,1098,1783014425346123183,1783014360566447700,1783014360566498112,1783014425407930974,61.808,,0.050,64841.433,"CooperativeService{guidedPlanning, status=request, vehicleId=0x7665682d3330, requestedHorizonMs=2500, confidence=100, planning.waypoints=1, offloadTaskId=probe-285, offloadPayload=1024 bytes}"
5g-sender,1783014425654064026,edge4av-real-20260702-multiclient-scalability-run-3,p5g-scale-mqtt-payload-1024-clients-50,scale,guided-planning,mqtt,veh-30,veh-30,rsu-1,p5g-scale-mqtt-payload-1024-clients-50-veh-30-286,ipi-session-1,multiclient-scalability-run-3,veh-30,286,50-clients,default,stationary,unsynced,true,true,clients,50,count,IPI-CooperativeService,1098,1783014425608087754,1783014360817176782,1783014360817221428,1783014425654064026,45.976,,0.045,64836.843,"CooperativeService{guidedPlanning, status=request, vehicleId=0x7665682d3330, requestedHorizonMs=2500, confidence=100, planning.waypoints=1, offloadTaskId=probe-286, offloadPayload=1024 bytes}"
5g-sender,1783014425931874733,edge4av-real-20260702-multiclient-scalability-run-3,p5g-scale-mqtt-payload-1024-clients-50,scale,guided-planning,mqtt,veh-30,veh-30,rsu-1,p5g-scale-mqtt-payload-1024-clients-50-veh-30-287,ipi-session-1,multiclient-scalability-run-3,veh-30,287,50-clients,default,stationary,unsynced,true,true,clients,50,count,IPI-CooperativeService,1098,1783014425854205179,1783014361097089111,1783014361097138902,1783014425931874733,77.670,,0.050,64834.736,"CooperativeService{guidedPlanning, status=request, vehicleId=0x7665682d3330, requestedHorizonMs=2500, confidence=100, planning.waypoints=1, offloadTaskId=probe-287, offloadPayload=1024 bytes}"
5g-sender,1783014426203926469,edge4av-real-20260702-multiclient-scalability-run-3,p5g-scale-mqtt-payload-1024-clients-50,scale,guided-planning,mqtt,veh-30,veh-30,rsu-1,p5g-scale-mqtt-payload-1024-clients-50-veh-30-288,ipi-session-1,multiclient-scalability-run-3,veh-30,288,50-clients,default,stationary,unsynced,true,true,clients,50,count,IPI-CooperativeService,1098,1783014426132024963,1783014361367108465,1783014361367167603,1783014426203926469,71.902,,0.059,64836.759,"CooperativeService{guidedPlanning, status=request, vehicleId=0x7665682d3330, requestedHorizonMs=2500, confidence=100, planning.waypoints=1, offloadTaskId=probe-288, offloadPayload=1024 bytes}"
5g-sender,1783014426434079420,edge4av-real-20260702-multiclient-scalability-run-3,p5g-scale-mqtt-payload-1024-clients-50,scale,guided-planning,mqtt,veh-30,veh-30,rsu-1,p5g-scale-mqtt-payload-1024-clients-50-veh-30-289,ipi-session-1,multiclient-scalability-run-3,veh-30,289,50-clients,default,stationary,unsynced,true,true,clients,50,count,IPI-CooperativeService,1098,1783014426404081706,1783014361598831614,1783014361598913079,1783014426434079420,29.998,,0.081,64835.166,"CooperativeService{guidedPlanning, status=request, vehicleId=0x7665682d3330, requestedHorizonMs=2500, confidence=100, planning.waypoints=1, offloadTaskId=probe-289, offloadPayload=1024 bytes}"
5g-sender,1783014426661984584,edge4av-real-20260702-multiclient-scalability-run-3,p5g-scale-mqtt-payload-1024-clients-50,scale,guided-planning,mqtt,veh-30,veh-30,rsu-1,p5g-scale-mqtt-payload-1024-clients-50-veh-30-290,ipi-session-1,multiclient-scalability-run-3,veh-30,290,50-clients,default,stationary,unsynced,true,true,clients,50,count,IPI-CooperativeService,1098,1783014426634225877,1783014361828223821,1783014361828289253,1783014426661984584,27.759,,0.065,64833.695,"CooperativeService{guidedPlanning, status=request, vehicleId=0x7665682d3330, requestedHorizonMs=2500, confidence=100, planning.waypoints=1, offloadTaskId=probe-290, offloadPayload=1024 bytes}"
5g-sender,1783014426893946337,edge4av-real-20260702-multiclient-scalability-run-3,p5g-scale-mqtt-payload-1024-clients-50,scale,guided-planning,mqtt,veh-30,veh-30,rsu-1,p5g-scale-mqtt-payload-1024-clients-50-veh-30-291,ipi-session-1,multiclient-scalability-run-3,veh-30,291,50-clients,default,stationary,unsynced,true,true,clients,50,count,IPI-CooperativeService,1098,1783014426862167190,1783014362060327459,1783014362060370184,1783014426893946337,31.779,,0.043,64833.576,"CooperativeService{guidedPlanning, status=request, vehicleId=0x7665682d3330, requestedHorizonMs=2500, confidence=100, planning.waypoints=1, offloadTaskId=probe-291, offloadPayload=1024 bytes}"
5g-sender,1783014427126069802,edge4av-real-20260702-multiclient-scalability-run-3,p5g-scale-mqtt-payload-1024-clients-50,scale,guided-planning,mqtt,veh-30,veh-30,rsu-1,p5g-scale-mqtt-payload-1024-clients-50-veh-30-292,ipi-session-1,multiclient-scalability-run-3,veh-30,292,50-clients,default,stationary,unsynced,true,true,clients,50,count,IPI-CooperativeService,1098,1783014427094090044,1783014362289437762,1783014362289494894,1783014427126069802,31.980,,0.057,64836.575,"CooperativeService{guidedPlanning, status=request, vehicleId=0x7665682d3330, requestedHorizonMs=2500, confidence=100, planning.waypoints=1, offloadTaskId=probe-292, offloadPayload=1024 bytes}"
5g-sender,1783014427359858626,edge4av-real-20260702-multiclient-scalability-run-3,p5g-scale-mqtt-payload-1024-clients-50,scale,guided-planning,mqtt,veh-30,veh-30,rsu-1,p5g-scale-mqtt-payload-1024-clients-50-veh-30-293,ipi-session-1,multiclient-scalability-run-3,veh-30,293,50-clients,default,stationary,unsynced,true,true,clients,50,count,IPI-CooperativeService,1098,1783014427326211312,1783014362520113591,1783014362520176199,1783014427359858626,33.647,,0.063,64839.682,"CooperativeService{guidedPlanning, status=request, vehicleId=0x7665682d3330, requestedHorizonMs=2500, confidence=100, planning.waypoints=1, offloadTaskId=probe-293, offloadPayload=1024 bytes}"
5g-sender,1783014427586059220,edge4av-real-20260702-multiclient-scalability-run-3,p5g-scale-mqtt-payload-1024-clients-50,scale,guided-planning,mqtt,veh-30,veh-30,rsu-1,p5g-scale-mqtt-payload-1024-clients-50-veh-30-294,ipi-session-1,multiclient-scalability-run-3,veh-30,294,50-clients,default,stationary,unsynced,true,true,clients,50,count,IPI-CooperativeService,1098,1783014427560005212,1783014362749797476,1783014362749840300,1783014427586059220,26.054,,0.043,64836.219,"CooperativeService{guidedPlanning, status=request, vehicleId=0x7665682d3330, requestedHorizonMs=2500, confidence=100, planning.waypoints=1, offloadTaskId=probe-294, offloadPayload=1024 bytes}"
5g-sender,1783014427829857041,edge4av-real-20260702-multiclient-scalability-run-3,p5g-scale-mqtt-payload-1024-clients-50,scale,guided-planning,mqtt,veh-30,veh-30,rsu-1,p5g-scale-mqtt-payload-1024-clients-50-veh-30-295,ipi-session-1,multiclient-scalability-run-3,veh-30,295,50-clients,default,stationary,unsynced,true,true,clients,50,count,IPI-CooperativeService,1098,1783014427786214324,1783014362991089327,1783014362991132475,1783014427829857041,43.643,,0.043,64838.725,"CooperativeService{guidedPlanning, status=request, vehicleId=0x7665682d3330, requestedHorizonMs=2500, confidence=100, planning.waypoints=1, offloadTaskId=probe-295, offloadPayload=1024 bytes}"
5g-sender,1783014428066006446,edge4av-real-20260702-multiclient-scalability-run-3,p5g-scale-mqtt-payload-1024-clients-50,scale,guided-planning,mqtt,veh-30,veh-30,rsu-1,p5g-scale-mqtt-payload-1024-clients-50-veh-30-296,ipi-session-1,multiclient-scalability-run-3,veh-30,296,50-clients,default,stationary,unsynced,true,true,clients,50,count,IPI-CooperativeService,1098,1783014428030013757,1783014363231385542,1783014363231430203,1783014428066006446,35.993,,0.045,64834.576,"CooperativeService{guidedPlanning, status=request, vehicleId=0x7665682d3330, requestedHorizonMs=2500, confidence=100, planning.waypoints=1, offloadTaskId=probe-296, offloadPayload=1024 bytes}"
5g-sender,1783014428308138017,edge4av-real-20260702-multiclient-scalability-run-3,p5g-scale-mqtt-payload-1024-clients-50,scale,guided-planning,mqtt,veh-30,veh-30,rsu-1,p5g-scale-mqtt-payload-1024-clients-50-veh-30-297,ipi-session-1,multiclient-scalability-run-3,veh-30,297,50-clients,default,stationary,unsynced,true,true,clients,50,count,IPI-CooperativeService,1098,1783014428266196539,1783014363471663699,1783014363471720212,1783014428308138017,41.941,,0.057,64836.418,"CooperativeService{guidedPlanning, status=request, vehicleId=0x7665682d3330, requestedHorizonMs=2500, confidence=100, planning.waypoints=1, offloadTaskId=probe-297, offloadPayload=1024 bytes}"
5g-sender,1783014428537921677,edge4av-real-20260702-multiclient-scalability-run-3,p5g-scale-mqtt-payload-1024-clients-50,scale,guided-planning,mqtt,veh-30,veh-30,rsu-1,p5g-scale-mqtt-payload-1024-clients-50-veh-30-298,ipi-session-1,multiclient-scalability-run-3,veh-30,298,50-clients,default,stationary,unsynced,true,true,clients,50,count,IPI-CooperativeService,1098,1783014428508286227,1783014363701458453,1783014363701503112,1783014428537921677,29.635,,0.045,64836.419,"CooperativeService{guidedPlanning, status=request, vehicleId=0x7665682d3330, requestedHorizonMs=2500, confidence=100, planning.waypoints=1, offloadTaskId=probe-298, offloadPayload=1024 bytes}"
5g-sender,1783014428767946253,edge4av-real-20260702-multiclient-scalability-run-3,p5g-scale-mqtt-payload-1024-clients-50,scale,guided-planning,mqtt,veh-30,veh-30,rsu-1,p5g-scale-mqtt-payload-1024-clients-50-veh-30-299,ipi-session-1,multiclient-scalability-run-3,veh-30,299,50-clients,default,stationary,unsynced,true,true,clients,50,count,IPI-CooperativeService,1098,1783014428738070867,1783014363932064805,1783014363932109025,1783014428767946253,29.875,,0.044,64835.837,"CooperativeService{guidedPlanning, status=request, vehicleId=0x7665682d3330, requestedHorizonMs=2500, confidence=100, planning.waypoints=1, offloadTaskId=probe-299, offloadPayload=1024 bytes}"
5g-sender,1783014429023022700,edge4av-real-20260702-multiclient-scalability-run-3,p5g-scale-mqtt-payload-1024-clients-50,scale,guided-planning,mqtt,veh-30,veh-30,rsu-1,p5g-scale-mqtt-payload-1024-clients-50-veh-30-300,ipi-session-1,multiclient-scalability-run-3,veh-30,300,50-clients,default,stationary,unsynced,true,true,clients,50,count,IPI-CooperativeService,1098,1783014428968123746,1783014364173016888,1783014364173077058,1783014429023022700,54.899,,0.060,64849.946,"CooperativeService{guidedPlanning, status=request, vehicleId=0x7665682d3330, requestedHorizonMs=2500, confidence=100, planning.waypoints=1, offloadTaskId=probe-300, offloadPayload=1024 bytes}"
5g-sender,1783014429308181862,edge4av-real-20260702-multiclient-scalability-run-3,p5g-scale-mqtt-payload-1024-clients-50,scale,guided-planning,mqtt,veh-30,veh-30,rsu-1,p5g-scale-mqtt-payload-1024-clients-50-veh-30-301,ipi-session-1,multiclient-scalability-run-3,veh-30,301,50-clients,default,stationary,unsynced,true,true,clients,50,count,IPI-CooperativeService,1098,1783014429223195267,1783014364473471443,1783014364473529022,1783014429308181862,84.987,,0.058,64834.653,"CooperativeService{guidedPlanning, status=request, vehicleId=0x7665682d3330, requestedHorizonMs=2500, confidence=100, planning.waypoints=1, offloadTaskId=probe-301, offloadPayload=1024 bytes}"
5g-sender,1783014429549844935,edge4av-real-20260702-multiclient-scalability-run-3,p5g-scale-mqtt-payload-1024-clients-50,scale,guided-planning,mqtt,veh-30,veh-30,rsu-1,p5g-scale-mqtt-payload-1024-clients-50-veh-30-302,ipi-session-1,multiclient-scalability-run-3,veh-30,302,50-clients,default,stationary,unsynced,true,true,clients,50,count,IPI-CooperativeService,1098,1783014429508370151,1783014364713444476,1783014364713509930,1783014429549844935,41.475,,0.065,64836.335,"CooperativeService{guidedPlanning, status=request, vehicleId=0x7665682d3330, requestedHorizonMs=2500, confidence=100, planning.waypoints=1, offloadTaskId=probe-302, offloadPayload=1024 bytes}"
5g-sender,1783014429801900556,edge4av-real-20260702-multiclient-scalability-run-3,p5g-scale-mqtt-payload-1024-clients-50,scale,guided-planning,mqtt,veh-30,veh-30,rsu-1,p5g-scale-mqtt-payload-1024-clients-50-veh-30-303,ipi-session-1,multiclient-scalability-run-3,veh-30,303,50-clients,default,stationary,unsynced,true,true,clients,50,count,IPI-CooperativeService,1098,1783014429750076192,1783014364964594415,1783014364964637566,1783014429801900556,51.824,,0.043,64837.263,"CooperativeService{guidedPlanning, status=request, vehicleId=0x7665682d3330, requestedHorizonMs=2500, confidence=100, planning.waypoints=1, offloadTaskId=probe-303, offloadPayload=1024 bytes}"
5g-sender,1783014430030005332,edge4av-real-20260702-multiclient-scalability-run-3,p5g-scale-mqtt-payload-1024-clients-50,scale,guided-planning,mqtt,veh-30,veh-30,rsu-1,p5g-scale-mqtt-payload-1024-clients-50-veh-30-304,ipi-session-1,multiclient-scalability-run-3,veh-30,304,50-clients,default,stationary,unsynced,true,true,clients,50,count,IPI-CooperativeService,1098,1783014430002045199,1783014365193441683,1783014365193495657,1783014430030005332,27.960,,0.054,64836.510,"CooperativeService{guidedPlanning, status=request, vehicleId=0x7665682d3330, requestedHorizonMs=2500, confidence=100, planning.waypoints=1, offloadTaskId=probe-304, offloadPayload=1024 bytes}"
5g-sender,1783014430264079014,edge4av-real-20260702-multiclient-scalability-run-3,p5g-scale-mqtt-payload-1024-clients-50,scale,guided-planning,mqtt,veh-30,veh-30,rsu-1,p5g-scale-mqtt-payload-1024-clients-50-veh-30-305,ipi-session-1,multiclient-scalability-run-3,veh-30,305,50-clients,default,stationary,unsynced,true,true,clients,50,count,IPI-CooperativeService,1098,1783014430230151144,1783014365424644860,1783014365424731721,1783014430264079014,33.928,,0.087,64839.347,"CooperativeService{guidedPlanning, status=request, vehicleId=0x7665682d3330, requestedHorizonMs=2500, confidence=100, planning.waypoints=1, offloadTaskId=probe-305, offloadPayload=1024 bytes}"
5g-sender,1783014430499997705,edge4av-real-20260702-multiclient-scalability-run-3,p5g-scale-mqtt-payload-1024-clients-50,scale,guided-planning,mqtt,veh-30,veh-30,rsu-1,p5g-scale-mqtt-payload-1024-clients-50-veh-30-306,ipi-session-1,multiclient-scalability-run-3,veh-30,306,50-clients,default,stationary,unsynced,true,true,clients,50,count,IPI-CooperativeService,1098,1783014430464246523,1783014365665062921,1783014365665120389,1783014430499997705,35.751,,0.057,64834.877,"CooperativeService{guidedPlanning, status=request, vehicleId=0x7665682d3330, requestedHorizonMs=2500, confidence=100, planning.waypoints=1, offloadTaskId=probe-306, offloadPayload=1024 bytes}"
5g-sender,1783014430728170014,edge4av-real-20260702-multiclient-scalability-run-3,p5g-scale-mqtt-payload-1024-clients-50,scale,guided-planning,mqtt,veh-30,veh-30,rsu-1,p5g-scale-mqtt-payload-1024-clients-50-veh-30-307,ipi-session-1,multiclient-scalability-run-3,veh-30,307,50-clients,default,stationary,unsynced,true,true,clients,50,count,IPI-CooperativeService,1098,1783014430700177011,1783014365894533173,1783014365894584468,1783014430728170014,27.993,,0.051,64833.586,"CooperativeService{guidedPlanning, status=request, vehicleId=0x7665682d3330, requestedHorizonMs=2500, confidence=100, planning.waypoints=1, offloadTaskId=probe-307, offloadPayload=1024 bytes}"
5g-sender,1783014430971897206,edge4av-real-20260702-multiclient-scalability-run-3,p5g-scale-mqtt-payload-1024-clients-50,scale,guided-planning,mqtt,veh-30,veh-30,rsu-1,p5g-scale-mqtt-payload-1024-clients-50-veh-30-308,ipi-session-1,multiclient-scalability-run-3,veh-30,308,50-clients,default,stationary,unsynced,true,true,clients,50,count,IPI-CooperativeService,1098,1783014430928362460,1783014366135806466,1783014366135865971,1783014430971897206,43.535,,0.060,64836.031,"CooperativeService{guidedPlanning, status=request, vehicleId=0x7665682d3330, requestedHorizonMs=2500, confidence=100, planning.waypoints=1, offloadTaskId=probe-308, offloadPayload=1024 bytes}"
5g-sender,1783014431214035898,edge4av-real-20260702-multiclient-scalability-run-3,p5g-scale-mqtt-payload-1024-clients-50,scale,guided-planning,mqtt,veh-30,veh-30,rsu-1,p5g-scale-mqtt-payload-1024-clients-50-veh-30-309,ipi-session-1,multiclient-scalability-run-3,veh-30,309,50-clients,default,stationary,unsynced,true,true,clients,50,count,IPI-CooperativeService,1098,1783014431172132050,1783014366377991502,1783014366378051736,1783014431214035898,41.904,,0.060,64835.984,"CooperativeService{guidedPlanning, status=request, vehicleId=0x7665682d3330, requestedHorizonMs=2500, confidence=100, planning.waypoints=1, offloadTaskId=probe-309, offloadPayload=1024 bytes}"
5g-sender,1783014431453993879,edge4av-real-20260702-multiclient-scalability-run-3,p5g-scale-mqtt-payload-1024-clients-50,scale,guided-planning,mqtt,veh-30,veh-30,rsu-1,p5g-scale-mqtt-payload-1024-clients-50-veh-30-310,ipi-session-1,multiclient-scalability-run-3,veh-30,310,50-clients,default,stationary,unsynced,true,true,clients,50,count,IPI-CooperativeService,1098,1783014431414214911,1783014366616249131,1783014366616303763,1783014431453993879,39.779,,0.055,64837.690,"CooperativeService{guidedPlanning, status=request, vehicleId=0x7665682d3330, requestedHorizonMs=2500, confidence=100, planning.waypoints=1, offloadTaskId=probe-310, offloadPayload=1024 bytes}"
5g-sender,1783014431709959702,edge4av-real-20260702-multiclient-scalability-run-3,p5g-scale-mqtt-payload-1024-clients-50,scale,guided-planning,mqtt,veh-30,veh-30,rsu-1,p5g-scale-mqtt-payload-1024-clients-50-veh-30-311,ipi-session-1,multiclient-scalability-run-3,veh-30,311,50-clients,default,stationary,unsynced,true,true,clients,50,count,IPI-CooperativeService,1098,1783014431654180309,1783014366857591148,1783014366857634977,1783014431709959702,55.779,,0.044,64852.325,"CooperativeService{guidedPlanning, status=request, vehicleId=0x7665682d3330, requestedHorizonMs=2500, confidence=100, planning.waypoints=1, offloadTaskId=probe-311, offloadPayload=1024 bytes}"
5g-sender,1783014431953908229,edge4av-real-20260702-multiclient-scalability-run-3,p5g-scale-mqtt-payload-1024-clients-50,scale,guided-planning,mqtt,veh-30,veh-30,rsu-1,p5g-scale-mqtt-payload-1024-clients-50-veh-30-312,ipi-session-1,multiclient-scalability-run-3,veh-30,312,50-clients,default,stationary,unsynced,true,true,clients,50,count,IPI-CooperativeService,1098,1783014431910145284,1783014367116079229,1783014367116151185,1783014431953908229,43.763,,0.072,64837.757,"CooperativeService{guidedPlanning, status=request, vehicleId=0x7665682d3330, requestedHorizonMs=2500, confidence=100, planning.waypoints=1, offloadTaskId=probe-312, offloadPayload=1024 bytes}"
5g-sender,1783014432202148342,edge4av-real-20260702-multiclient-scalability-run-3,p5g-scale-mqtt-payload-1024-clients-50,scale,guided-planning,mqtt,veh-30,veh-30,rsu-1,p5g-scale-mqtt-payload-1024-clients-50-veh-30-313,ipi-session-1,multiclient-scalability-run-3,veh-30,313,50-clients,default,stationary,unsynced,true,true,clients,50,count,IPI-CooperativeService,1098,1783014432154095462,1783014367356343684,1783014367356394297,1783014432202148342,48.053,,0.051,64845.754,"CooperativeService{guidedPlanning, status=request, vehicleId=0x7665682d3330, requestedHorizonMs=2500, confidence=100, planning.waypoints=1, offloadTaskId=probe-313, offloadPayload=1024 bytes}"
5g-sender,1783014432445941708,edge4av-real-20260702-multiclient-scalability-run-3,p5g-scale-mqtt-payload-1024-clients-50,scale,guided-planning,mqtt,veh-30,veh-30,rsu-1,p5g-scale-mqtt-payload-1024-clients-50-veh-30-314,ipi-session-1,multiclient-scalability-run-3,veh-30,314,50-clients,default,stationary,unsynced,true,true,clients,50,count,IPI-CooperativeService,1098,1783014432402329618,1783014367607415896,1783014367607459073,1783014432445941708,43.612,,0.043,64838.483,"CooperativeService{guidedPlanning, status=request, vehicleId=0x7665682d3330, requestedHorizonMs=2500, confidence=100, planning.waypoints=1, offloadTaskId=probe-314, offloadPayload=1024 bytes}"
5g-sender,1783014432687880610,edge4av-real-20260702-multiclient-scalability-run-3,p5g-scale-mqtt-payload-1024-clients-50,scale,guided-planning,mqtt,veh-30,veh-30,rsu-1,p5g-scale-mqtt-payload-1024-clients-50-veh-30-315,ipi-session-1,multiclient-scalability-run-3,veh-30,315,50-clients,default,stationary,unsynced,true,true,clients,50,count,IPI-CooperativeService,1098,1783014432646162937,1783014367848337093,1783014367848387659,1783014432687880610,41.718,,0.051,64839.493,"CooperativeService{guidedPlanning, status=request, vehicleId=0x7665682d3330, requestedHorizonMs=2500, confidence=100, planning.waypoints=1, offloadTaskId=probe-315, offloadPayload=1024 bytes}"
5g-sender,1783014432918033853,edge4av-real-20260702-multiclient-scalability-run-3,p5g-scale-mqtt-payload-1024-clients-50,scale,guided-planning,mqtt,veh-30,veh-30,rsu-1,p5g-scale-mqtt-payload-1024-clients-50-veh-30-316,ipi-session-1,multiclient-scalability-run-3,veh-30,316,50-clients,default,stationary,unsynced,true,true,clients,50,count,IPI-CooperativeService,1098,1783014432888036022,1783014368078451645,1783014368078494613,1783014432918033853,29.998,,0.043,64839.539,"CooperativeService{guidedPlanning, status=request, vehicleId=0x7665682d3330, requestedHorizonMs=2500, confidence=100, planning.waypoints=1, offloadTaskId=probe-316, offloadPayload=1024 bytes}"
5g-sender,1783014433154099086,edge4av-real-20260702-multiclient-scalability-run-3,p5g-scale-mqtt-payload-1024-clients-50,scale,guided-planning,mqtt,veh-30,veh-30,rsu-1,p5g-scale-mqtt-payload-1024-clients-50-veh-30-317,ipi-session-1,multiclient-scalability-run-3,veh-30,317,50-clients,default,stationary,unsynced,true,true,clients,50,count,IPI-CooperativeService,1098,1783014433118179269,1783014368317740701,1783014368317790898,1783014433154099086,35.920,,0.050,64836.308,"CooperativeService{guidedPlanning, status=request, vehicleId=0x7665682d3330, requestedHorizonMs=2500, confidence=100, planning.waypoints=1, offloadTaskId=probe-317, offloadPayload=1024 bytes}"
5g-sender,1783014433395987807,edge4av-real-20260702-multiclient-scalability-run-3,p5g-scale-mqtt-payload-1024-clients-50,scale,guided-planning,mqtt,veh-30,veh-30,rsu-1,p5g-scale-mqtt-payload-1024-clients-50-veh-30-318,ipi-session-1,multiclient-scalability-run-3,veh-30,318,50-clients,default,stationary,unsynced,true,true,clients,50,count,IPI-CooperativeService,1098,1783014433354268125,1783014368558266808,1783014368558318212,1783014433395987807,41.720,,0.051,64837.670,"CooperativeService{guidedPlanning, status=request, vehicleId=0x7665682d3330, requestedHorizonMs=2500, confidence=100, planning.waypoints=1, offloadTaskId=probe-318, offloadPayload=1024 bytes}"
5g-sender,1783014433644175423,edge4av-real-20260702-multiclient-scalability-run-3,p5g-scale-mqtt-payload-1024-clients-50,scale,guided-planning,mqtt,veh-30,veh-30,rsu-1,p5g-scale-mqtt-payload-1024-clients-50-veh-30-319,ipi-session-1,multiclient-scalability-run-3,veh-30,319,50-clients,default,stationary,unsynced,true,true,clients,50,count,IPI-CooperativeService,1098,1783014433596153229,1783014368809415595,1783014368809471283,1783014433644175423,48.022,,0.056,64834.704,"CooperativeService{guidedPlanning, status=request, vehicleId=0x7665682d3330, requestedHorizonMs=2500, confidence=100, planning.waypoints=1, offloadTaskId=probe-319, offloadPayload=1024 bytes}"
5g-sender,1783014433896085051,edge4av-real-20260702-multiclient-scalability-run-3,p5g-scale-mqtt-payload-1024-clients-50,scale,guided-planning,mqtt,veh-30,veh-30,rsu-1,p5g-scale-mqtt-payload-1024-clients-50-veh-30-320,ipi-session-1,multiclient-scalability-run-3,veh-30,320,50-clients,default,stationary,unsynced,true,true,clients,50,count,IPI-CooperativeService,1098,1783014433844361672,1783014369058998120,1783014369059041652,1783014433896085051,51.723,,0.044,64837.043,"CooperativeService{guidedPlanning, status=request, vehicleId=0x7665682d3330, requestedHorizonMs=2500, confidence=100, planning.waypoints=1, offloadTaskId=probe-320, offloadPayload=1024 bytes}"
5g-sender,1783014434133969633,edge4av-real-20260702-multiclient-scalability-run-3,p5g-scale-mqtt-payload-1024-clients-50,scale,guided-planning,mqtt,veh-30,veh-30,rsu-1,p5g-scale-mqtt-payload-1024-clients-50-veh-30-321,ipi-session-1,multiclient-scalability-run-3,veh-30,321,50-clients,default,stationary,unsynced,true,true,clients,50,count,IPI-CooperativeService,1098,1783014434096260361,1783014369299457685,1783014369299508975,1783014434133969633,37.709,,0.051,64834.461,"CooperativeService{guidedPlanning, status=request, vehicleId=0x7665682d3330, requestedHorizonMs=2500, confidence=100, planning.waypoints=1, offloadTaskId=probe-321, offloadPayload=1024 bytes}"
5g-sender,1783014434374127760,edge4av-real-20260702-multiclient-scalability-run-3,p5g-scale-mqtt-payload-1024-clients-50,scale,guided-planning,mqtt,veh-30,veh-30,rsu-1,p5g-scale-mqtt-payload-1024-clients-50-veh-30-322,ipi-session-1,multiclient-scalability-run-3,veh-30,322,50-clients,default,stationary,unsynced,true,true,clients,50,count,IPI-CooperativeService,1098,1783014434334184046,1783014369541094707,1783014369541162353,1783014434374127760,39.944,,0.068,64832.965,"CooperativeService{guidedPlanning, status=request, vehicleId=0x7665682d3330, requestedHorizonMs=2500, confidence=100, planning.waypoints=1, offloadTaskId=probe-322, offloadPayload=1024 bytes}"
5g-sender,1783014434619836908,edge4av-real-20260702-multiclient-scalability-run-3,p5g-scale-mqtt-payload-1024-clients-50,scale,guided-planning,mqtt,veh-30,veh-30,rsu-1,p5g-scale-mqtt-payload-1024-clients-50-veh-30-323,ipi-session-1,multiclient-scalability-run-3,veh-30,323,50-clients,default,stationary,unsynced,true,true,clients,50,count,IPI-CooperativeService,1098,1783014434574298402,1783014369780531273,1783014369780573972,1783014434619836908,45.539,,0.043,64839.263,"CooperativeService{guidedPlanning, status=request, vehicleId=0x7665682d3330, requestedHorizonMs=2500, confidence=100, planning.waypoints=1, offloadTaskId=probe-323, offloadPayload=1024 bytes}"
5g-sender,1783014434864036668,edge4av-real-20260702-multiclient-scalability-run-3,p5g-scale-mqtt-payload-1024-clients-50,scale,guided-planning,mqtt,veh-30,veh-30,rsu-1,p5g-scale-mqtt-payload-1024-clients-50-veh-30-324,ipi-session-1,multiclient-scalability-run-3,veh-30,324,50-clients,default,stationary,unsynced,true,true,clients,50,count,IPI-CooperativeService,1098,1783014434820024204,1783014370022740225,1783014370022783224,1783014434864036668,44.012,,0.043,64841.253,"CooperativeService{guidedPlanning, status=request, vehicleId=0x7665682d3330, requestedHorizonMs=2500, confidence=100, planning.waypoints=1, offloadTaskId=probe-324, offloadPayload=1024 bytes}"
5g-sender,1783014435104024289,edge4av-real-20260702-multiclient-scalability-run-3,p5g-scale-mqtt-payload-1024-clients-50,scale,guided-planning,mqtt,veh-30,veh-30,rsu-1,p5g-scale-mqtt-payload-1024-clients-50-veh-30-325,ipi-session-1,multiclient-scalability-run-3,veh-30,325,50-clients,default,stationary,unsynced,true,true,clients,50,count,IPI-CooperativeService,1098,1783014435064221320,1783014370260848315,1783014370260899238,1783014435104024289,39.803,,0.051,64843.125,"CooperativeService{guidedPlanning, status=request, vehicleId=0x7665682d3330, requestedHorizonMs=2500, confidence=100, planning.waypoints=1, offloadTaskId=probe-325, offloadPayload=1024 bytes}"
5g-sender,1783014435341876370,edge4av-real-20260702-multiclient-scalability-run-3,p5g-scale-mqtt-payload-1024-clients-50,scale,guided-planning,mqtt,veh-30,veh-30,rsu-1,p5g-scale-mqtt-payload-1024-clients-50-veh-30-326,ipi-session-1,multiclient-scalability-run-3,veh-30,326,50-clients,default,stationary,unsynced,true,true,clients,50,count,IPI-CooperativeService,1098,1783014435304209824,1783014370503343478,1783014370503386682,1783014435341876370,37.667,,0.043,64838.490,"CooperativeService{guidedPlanning, status=request, vehicleId=0x7665682d3330, requestedHorizonMs=2500, confidence=100, planning.waypoints=1, offloadTaskId=probe-326, offloadPayload=1024 bytes}"
5g-sender,1783014435603948910,edge4av-real-20260702-multiclient-scalability-run-3,p5g-scale-mqtt-payload-1024-clients-50,scale,guided-planning,mqtt,veh-30,veh-30,rsu-1,p5g-scale-mqtt-payload-1024-clients-50-veh-30-327,ipi-session-1,multiclient-scalability-run-3,veh-30,327,50-clients,default,stationary,unsynced,true,true,clients,50,count,IPI-CooperativeService,1098,1783014435542029815,1783014370761656441,1783014370761706661,1783014435603948910,61.919,,0.050,64842.242,"CooperativeService{guidedPlanning, status=request, vehicleId=0x7665682d3330, requestedHorizonMs=2500, confidence=100, planning.waypoints=1, offloadTaskId=probe-327, offloadPayload=1024 bytes}"
5g-sender,1783014435835890824,edge4av-real-20260702-multiclient-scalability-run-3,p5g-scale-mqtt-payload-1024-clients-50,scale,guided-planning,mqtt,veh-30,veh-30,rsu-1,p5g-scale-mqtt-payload-1024-clients-50-veh-30-328,ipi-session-1,multiclient-scalability-run-3,veh-30,328,50-clients,default,stationary,unsynced,true,true,clients,50,count,IPI-CooperativeService,1098,1783014435804150979,1783014371002084391,1783014371002135059,1783014435835890824,31.740,,0.051,64833.756,"CooperativeService{guidedPlanning, status=request, vehicleId=0x7665682d3330, requestedHorizonMs=2500, confidence=100, planning.waypoints=1, offloadTaskId=probe-328, offloadPayload=1024 bytes}"
5g-sender,1783014436068009628,edge4av-real-20260702-multiclient-scalability-run-3,p5g-scale-mqtt-payload-1024-clients-50,scale,guided-planning,mqtt,veh-30,veh-30,rsu-1,p5g-scale-mqtt-payload-1024-clients-50-veh-30-329,ipi-session-1,multiclient-scalability-run-3,veh-30,329,50-clients,default,stationary,unsynced,true,true,clients,50,count,IPI-CooperativeService,1098,1783014436036040567,1783014371232575061,1783014371232625598,1783014436068009628,31.969,,0.051,64835.384,"CooperativeService{guidedPlanning, status=request, vehicleId=0x7665682d3330, requestedHorizonMs=2500, confidence=100, planning.waypoints=1, offloadTaskId=probe-329, offloadPayload=1024 bytes}"
5g-sender,1783014436299904169,edge4av-real-20260702-multiclient-scalability-run-3,p5g-scale-mqtt-payload-1024-clients-50,scale,guided-planning,mqtt,veh-30,veh-30,rsu-1,p5g-scale-mqtt-payload-1024-clients-50-veh-30-330,ipi-session-1,multiclient-scalability-run-3,veh-30,330,50-clients,default,stationary,unsynced,true,true,clients,50,count,IPI-CooperativeService,1098,1783014436268162923,1783014371462561016,1783014371462611288,1783014436299904169,31.741,,0.050,64837.293,"CooperativeService{guidedPlanning, status=request, vehicleId=0x7665682d3330, requestedHorizonMs=2500, confidence=100, planning.waypoints=1, offloadTaskId=probe-330, offloadPayload=1024 bytes}"
5g-sender,1783014436530084811,edge4av-real-20260702-multiclient-scalability-run-3,p5g-scale-mqtt-payload-1024-clients-50,scale,guided-planning,mqtt,veh-30,veh-30,rsu-1,p5g-scale-mqtt-payload-1024-clients-50-veh-30-331,ipi-session-1,multiclient-scalability-run-3,veh-30,331,50-clients,default,stationary,unsynced,true,true,clients,50,count,IPI-CooperativeService,1098,1783014436500054384,1783014371692978403,1783014371693028517,1783014436530084811,30.030,,0.050,64837.056,"CooperativeService{guidedPlanning, status=request, vehicleId=0x7665682d3330, requestedHorizonMs=2500, confidence=100, planning.waypoints=1, offloadTaskId=probe-331, offloadPayload=1024 bytes}"
5g-sender,1783014436812041847,edge4av-real-20260702-multiclient-scalability-run-3,p5g-scale-mqtt-payload-1024-clients-50,scale,guided-planning,mqtt,veh-30,veh-30,rsu-1,p5g-scale-mqtt-payload-1024-clients-50-veh-30-332,ipi-session-1,multiclient-scalability-run-3,veh-30,332,50-clients,default,stationary,unsynced,true,true,clients,50,count,IPI-CooperativeService,1098,1783014436730230463,1783014371973938057,1783014371973991282,1783014436812041847,81.811,,0.053,64838.051,"CooperativeService{guidedPlanning, status=request, vehicleId=0x7665682d3330, requestedHorizonMs=2500, confidence=100, planning.waypoints=1, offloadTaskId=probe-332, offloadPayload=1024 bytes}"
5g-sender,1783014437121917918,edge4av-real-20260702-multiclient-scalability-run-3,p5g-scale-mqtt-payload-1024-clients-50,scale,guided-planning,mqtt,veh-30,veh-30,rsu-1,p5g-scale-mqtt-payload-1024-clients-50-veh-30-333,ipi-session-1,multiclient-scalability-run-3,veh-30,333,50-clients,default,stationary,unsynced,true,true,clients,50,count,IPI-CooperativeService,1098,1783014437012190585,1783014372284240292,1783014372284291678,1783014437121917918,109.727,,0.051,64837.626,"CooperativeService{guidedPlanning, status=request, vehicleId=0x7665682d3330, requestedHorizonMs=2500, confidence=100, planning.waypoints=1, offloadTaskId=probe-333, offloadPayload=1024 bytes}"
5g-sender,1783014437415987825,edge4av-real-20260702-multiclient-scalability-run-3,p5g-scale-mqtt-payload-1024-clients-50,scale,guided-planning,mqtt,veh-30,veh-30,rsu-1,p5g-scale-mqtt-payload-1024-clients-50-veh-30-334,ipi-session-1,multiclient-scalability-run-3,veh-30,334,50-clients,default,stationary,unsynced,true,true,clients,50,count,IPI-CooperativeService,1098,1783014437322112572,1783014372575158464,1783014372575215490,1783014437415987825,93.875,,0.057,64840.772,"CooperativeService{guidedPlanning, status=request, vehicleId=0x7665682d3330, requestedHorizonMs=2500, confidence=100, planning.waypoints=1, offloadTaskId=probe-334, offloadPayload=1024 bytes}"
5g-sender,1783014437684014865,edge4av-real-20260702-multiclient-scalability-run-3,p5g-scale-mqtt-payload-1024-clients-50,scale,guided-planning,mqtt,veh-30,veh-30,rsu-1,p5g-scale-mqtt-payload-1024-clients-50-veh-30-335,ipi-session-1,multiclient-scalability-run-3,veh-30,335,50-clients,default,stationary,unsynced,true,true,clients,50,count,IPI-CooperativeService,1098,1783014437616135097,1783014372845487230,1783014372845550095,1783014437684014865,67.880,,0.063,64838.465,"CooperativeService{guidedPlanning, status=request, vehicleId=0x7665682d3330, requestedHorizonMs=2500, confidence=100, planning.waypoints=1, offloadTaskId=probe-335, offloadPayload=1024 bytes}"
5g-sender,1783014437972149020,edge4av-real-20260702-multiclient-scalability-run-3,p5g-scale-mqtt-payload-1024-clients-50,scale,guided-planning,mqtt,veh-30,veh-30,rsu-1,p5g-scale-mqtt-payload-1024-clients-50-veh-30-336,ipi-session-1,multiclient-scalability-run-3,veh-30,336,50-clients,default,stationary,unsynced,true,true,clients,50,count,IPI-CooperativeService,1098,1783014437884170694,1783014373135685699,1783014373135737010,1783014437972149020,87.978,,0.051,64836.412,"CooperativeService{guidedPlanning, status=request, vehicleId=0x7665682d3330, requestedHorizonMs=2500, confidence=100, planning.waypoints=1, offloadTaskId=probe-336, offloadPayload=1024 bytes}"
5g-sender,1783014438243953727,edge4av-real-20260702-multiclient-scalability-run-3,p5g-scale-mqtt-payload-1024-clients-50,scale,guided-planning,mqtt,veh-30,veh-30,rsu-1,p5g-scale-mqtt-payload-1024-clients-50-veh-30-337,ipi-session-1,multiclient-scalability-run-3,veh-30,337,50-clients,default,stationary,unsynced,true,true,clients,50,count,IPI-CooperativeService,1098,1783014438172299128,1783014373407810004,1783014373407853302,1783014438243953727,71.655,,0.043,64836.100,"CooperativeService{guidedPlanning, status=request, vehicleId=0x7665682d3330, requestedHorizonMs=2500, confidence=100, planning.waypoints=1, offloadTaskId=probe-337, offloadPayload=1024 bytes}"
5g-sender,1783014438533992308,edge4av-real-20260702-multiclient-scalability-run-3,p5g-scale-mqtt-payload-1024-clients-50,scale,guided-planning,mqtt,veh-30,veh-30,rsu-1,p5g-scale-mqtt-payload-1024-clients-50-veh-30-338,ipi-session-1,multiclient-scalability-run-3,veh-30,338,50-clients,default,stationary,unsynced,true,true,clients,50,count,IPI-CooperativeService,1098,1783014438444099225,1783014373697191868,1783014373697234627,1783014438533992308,89.893,,0.043,64836.758,"CooperativeService{guidedPlanning, status=request, vehicleId=0x7665682d3330, requestedHorizonMs=2500, confidence=100, planning.waypoints=1, offloadTaskId=probe-338, offloadPayload=1024 bytes}"
5g-sender,1783014438812003311,edge4av-real-20260702-multiclient-scalability-run-3,p5g-scale-mqtt-payload-1024-clients-50,scale,guided-planning,mqtt,veh-30,veh-30,rsu-1,p5g-scale-mqtt-payload-1024-clients-50-veh-30-339,ipi-session-1,multiclient-scalability-run-3,veh-30,339,50-clients,default,stationary,unsynced,true,true,clients,50,count,IPI-CooperativeService,1098,1783014438734143110,1783014373977216232,1783014373977264330,1783014438812003311,77.860,,0.048,64834.739,"CooperativeService{guidedPlanning, status=request, vehicleId=0x7665682d3330, requestedHorizonMs=2500, confidence=100, planning.waypoints=1, offloadTaskId=probe-339, offloadPayload=1024 bytes}"
5g-sender,1783014439077881544,edge4av-real-20260702-multiclient-scalability-run-3,p5g-scale-mqtt-payload-1024-clients-50,scale,guided-planning,mqtt,veh-30,veh-30,rsu-1,p5g-scale-mqtt-payload-1024-clients-50-veh-30-340,ipi-session-1,multiclient-scalability-run-3,veh-30,340,50-clients,default,stationary,unsynced,true,true,clients,50,count,IPI-CooperativeService,1098,1783014439012199609,1783014374238209146,1783014374238253096,1783014439077881544,65.682,,0.044,64839.628,"CooperativeService{guidedPlanning, status=request, vehicleId=0x7665682d3330, requestedHorizonMs=2500, confidence=100, planning.waypoints=1, offloadTaskId=probe-340, offloadPayload=1024 bytes}"
5g-sender,1783014439343973603,edge4av-real-20260702-multiclient-scalability-run-3,p5g-scale-mqtt-payload-1024-clients-50,scale,guided-planning,mqtt,veh-30,veh-30,rsu-1,p5g-scale-mqtt-payload-1024-clients-50-veh-30-341,ipi-session-1,multiclient-scalability-run-3,veh-30,341,50-clients,default,stationary,unsynced,true,true,clients,50,count,IPI-CooperativeService,1098,1783014439278028842,1783014374509287374,1783014374509332175,1783014439343973603,65.945,,0.045,64834.641,"CooperativeService{guidedPlanning, status=request, vehicleId=0x7665682d3330, requestedHorizonMs=2500, confidence=100, planning.waypoints=1, offloadTaskId=probe-341, offloadPayload=1024 bytes}"
5g-sender,1783014439582078556,edge4av-real-20260702-multiclient-scalability-run-3,p5g-scale-mqtt-payload-1024-clients-50,scale,guided-planning,mqtt,veh-30,veh-30,rsu-1,p5g-scale-mqtt-payload-1024-clients-50-veh-30-342,ipi-session-1,multiclient-scalability-run-3,veh-30,342,50-clients,default,stationary,unsynced,true,true,clients,50,count,IPI-CooperativeService,1098,1783014439544124471,1783014374749135635,1783014374749193744,1783014439582078556,37.954,,0.058,64832.885,"CooperativeService{guidedPlanning, status=request, vehicleId=0x7665682d3330, requestedHorizonMs=2500, confidence=100, planning.waypoints=1, offloadTaskId=probe-342, offloadPayload=1024 bytes}"
5g-sender,1783014439826051585,edge4av-real-20260702-multiclient-scalability-run-3,p5g-scale-mqtt-payload-1024-clients-50,scale,guided-planning,mqtt,veh-30,veh-30,rsu-1,p5g-scale-mqtt-payload-1024-clients-50-veh-30-343,ipi-session-1,multiclient-scalability-run-3,veh-30,343,50-clients,default,stationary,unsynced,true,true,clients,50,count,IPI-CooperativeService,1098,1783014439782236787,1783014374988815739,1783014374988881007,1783014439826051585,43.815,,0.065,64837.171,"CooperativeService{guidedPlanning, status=request, vehicleId=0x7665682d3330, requestedHorizonMs=2500, confidence=100, planning.waypoints=1, offloadTaskId=probe-343, offloadPayload=1024 bytes}"
5g-sender,1783014440066036731,edge4av-real-20260702-multiclient-scalability-run-3,p5g-scale-mqtt-payload-1024-clients-50,scale,guided-planning,mqtt,veh-30,veh-30,rsu-1,p5g-scale-mqtt-payload-1024-clients-50-veh-30-344,ipi-session-1,multiclient-scalability-run-3,veh-30,344,50-clients,default,stationary,unsynced,true,true,clients,50,count,IPI-CooperativeService,1098,1783014440026197653,1783014375229733152,1783014375229775522,1783014440066036731,39.839,,0.042,64836.261,"CooperativeService{guidedPlanning, status=request, vehicleId=0x7665682d3330, requestedHorizonMs=2500, confidence=100, planning.waypoints=1, offloadTaskId=probe-344, offloadPayload=1024 bytes}"
5g-sender,1783014440302149657,edge4av-real-20260702-multiclient-scalability-run-3,p5g-scale-mqtt-payload-1024-clients-50,scale,guided-planning,mqtt,veh-30,veh-30,rsu-1,p5g-scale-mqtt-payload-1024-clients-50-veh-30-345,ipi-session-1,multiclient-scalability-run-3,veh-30,345,50-clients,default,stationary,unsynced,true,true,clients,50,count,IPI-CooperativeService,1098,1783014440266211986,1783014375469512938,1783014375469577053,1783014440302149657,35.938,,0.064,64832.573,"CooperativeService{guidedPlanning, status=request, vehicleId=0x7665682d3330, requestedHorizonMs=2500, confidence=100, planning.waypoints=1, offloadTaskId=probe-345, offloadPayload=1024 bytes}"
5g-sender,1783014440526065368,edge4av-real-20260702-multiclient-scalability-run-3,p5g-scale-mqtt-payload-1024-clients-50,scale,guided-planning,mqtt,veh-30,veh-30,rsu-1,p5g-scale-mqtt-payload-1024-clients-50-veh-30-346,ipi-session-1,multiclient-scalability-run-3,veh-30,346,50-clients,default,stationary,unsynced,true,true,clients,50,count,IPI-CooperativeService,1098,1783014440502415075,1783014375689962031,1783014375690027322,1783014440526065368,23.650,,0.065,64836.038,"CooperativeService{guidedPlanning, status=request, vehicleId=0x7665682d3330, requestedHorizonMs=2500, confidence=100, planning.waypoints=1, offloadTaskId=probe-346, offloadPayload=1024 bytes}"
5g-sender,1783014440767976638,edge4av-real-20260702-multiclient-scalability-run-3,p5g-scale-mqtt-payload-1024-clients-50,scale,guided-planning,mqtt,veh-30,veh-30,rsu-1,p5g-scale-mqtt-payload-1024-clients-50-veh-30-347,ipi-session-1,multiclient-scalability-run-3,veh-30,347,50-clients,default,stationary,unsynced,true,true,clients,50,count,IPI-CooperativeService,1098,1783014440726214215,1783014375931302161,1783014375931345194,1783014440767976638,41.762,,0.043,64836.631,"CooperativeService{guidedPlanning, status=request, vehicleId=0x7665682d3330, requestedHorizonMs=2500, confidence=100, planning.waypoints=1, offloadTaskId=probe-347, offloadPayload=1024 bytes}"
5g-sender,1783014441022077185,edge4av-real-20260702-multiclient-scalability-run-3,p5g-scale-mqtt-payload-1024-clients-50,scale,guided-planning,mqtt,veh-30,veh-30,rsu-1,p5g-scale-mqtt-payload-1024-clients-50-veh-30-348,ipi-session-1,multiclient-scalability-run-3,veh-30,348,50-clients,default,stationary,unsynced,true,true,clients,50,count,IPI-CooperativeService,1098,1783014440968124795,1783014376182238538,1783014376182282647,1783014441022077185,53.952,,0.044,64839.795,"CooperativeService{guidedPlanning, status=request, vehicleId=0x7665682d3330, requestedHorizonMs=2500, confidence=100, planning.waypoints=1, offloadTaskId=probe-348, offloadPayload=1024 bytes}"
5g-sender,1783014441269955312,edge4av-real-20260702-multiclient-scalability-run-3,p5g-scale-mqtt-payload-1024-clients-50,scale,guided-planning,mqtt,veh-30,veh-30,rsu-1,p5g-scale-mqtt-payload-1024-clients-50-veh-30-349,ipi-session-1,multiclient-scalability-run-3,veh-30,349,50-clients,default,stationary,unsynced,true,true,clients,50,count,IPI-CooperativeService,1098,1783014441222220919,1783014376432255984,1783014376432299273,1783014441269955312,47.734,,0.043,64837.656,"CooperativeService{guidedPlanning, status=request, vehicleId=0x7665682d3330, requestedHorizonMs=2500, confidence=100, planning.waypoints=1, offloadTaskId=probe-349, offloadPayload=1024 bytes}"
5g-sender,1783014441499970285,edge4av-real-20260702-multiclient-scalability-run-3,p5g-scale-mqtt-payload-1024-clients-50,scale,guided-planning,mqtt,veh-30,veh-30,rsu-1,p5g-scale-mqtt-payload-1024-clients-50-veh-30-350,ipi-session-1,multiclient-scalability-run-3,veh-30,350,50-clients,default,stationary,unsynced,true,true,clients,50,count,IPI-CooperativeService,1098,1783014441470103476,1783014376662631789,1783014376662686321,1783014441499970285,29.867,,0.055,64837.284,"CooperativeService{guidedPlanning, status=request, vehicleId=0x7665682d3330, requestedHorizonMs=2500, confidence=100, planning.waypoints=1, offloadTaskId=probe-350, offloadPayload=1024 bytes}"
5g-sender,1783014441740130179,edge4av-real-20260702-multiclient-scalability-run-3,p5g-scale-mqtt-payload-1024-clients-50,scale,guided-planning,mqtt,veh-30,veh-30,rsu-1,p5g-scale-mqtt-payload-1024-clients-50-veh-30-351,ipi-session-1,multiclient-scalability-run-3,veh-30,351,50-clients,default,stationary,unsynced,true,true,clients,50,count,IPI-CooperativeService,1098,1783014441700120596,1783014376901551759,1783014376901576852,1783014441740130179,40.010,,0.025,64838.553,"CooperativeService{guidedPlanning, status=request, vehicleId=0x7665682d3330, requestedHorizonMs=2500, confidence=100, planning.waypoints=1, offloadTaskId=probe-351, offloadPayload=1024 bytes}"
5g-sender,1783014441985884138,edge4av-real-20260702-multiclient-scalability-run-3,p5g-scale-mqtt-payload-1024-clients-50,scale,guided-planning,mqtt,veh-30,veh-30,rsu-1,p5g-scale-mqtt-payload-1024-clients-50-veh-30-352,ipi-session-1,multiclient-scalability-run-3,veh-30,352,50-clients,default,stationary,unsynced,true,true,clients,50,count,IPI-CooperativeService,1098,1783014441940369685,1783014377152606706,1783014377152663956,1783014441985884138,45.514,,0.057,64833.220,"CooperativeService{guidedPlanning, status=request, vehicleId=0x7665682d3330, requestedHorizonMs=2500, confidence=100, planning.waypoints=1, offloadTaskId=probe-352, offloadPayload=1024 bytes}"
5g-sender,1783014442219920650,edge4av-real-20260702-multiclient-scalability-run-3,p5g-scale-mqtt-payload-1024-clients-50,scale,guided-planning,mqtt,veh-30,veh-30,rsu-1,p5g-scale-mqtt-payload-1024-clients-50-veh-30-353,ipi-session-1,multiclient-scalability-run-3,veh-30,353,50-clients,default,stationary,unsynced,true,true,clients,50,count,IPI-CooperativeService,1098,1783014442186076321,1783014377382938519,1783014377383005034,1783014442219920650,33.844,,0.067,64836.916,"CooperativeService{guidedPlanning, status=request, vehicleId=0x7665682d3330, requestedHorizonMs=2500, confidence=100, planning.waypoints=1, offloadTaskId=probe-353, offloadPayload=1024 bytes}"
5g-sender,1783014442460081327,edge4av-real-20260702-multiclient-scalability-run-3,p5g-scale-mqtt-payload-1024-clients-50,scale,guided-planning,mqtt,veh-30,veh-30,rsu-1,p5g-scale-mqtt-payload-1024-clients-50-veh-30-354,ipi-session-1,multiclient-scalability-run-3,veh-30,354,50-clients,default,stationary,unsynced,true,true,clients,50,count,IPI-CooperativeService,1098,1783014442420093624,1783014377623470925,1783014377623515174,1783014442460081327,39.988,,0.044,64836.566,"CooperativeService{guidedPlanning, status=request, vehicleId=0x7665682d3330, requestedHorizonMs=2500, confidence=100, planning.waypoints=1, offloadTaskId=probe-354, offloadPayload=1024 bytes}"
5g-sender,1783014442707969771,edge4av-real-20260702-multiclient-scalability-run-3,p5g-scale-mqtt-payload-1024-clients-50,scale,guided-planning,mqtt,veh-30,veh-30,rsu-1,p5g-scale-mqtt-payload-1024-clients-50-veh-30-355,ipi-session-1,multiclient-scalability-run-3,veh-30,355,50-clients,default,stationary,unsynced,true,true,clients,50,count,IPI-CooperativeService,1098,1783014442660260642,1783014377863463052,1783014377863532585,1783014442707969771,47.709,,0.070,64844.437,"CooperativeService{guidedPlanning, status=request, vehicleId=0x7665682d3330, requestedHorizonMs=2500, confidence=100, planning.waypoints=1, offloadTaskId=probe-355, offloadPayload=1024 bytes}"
5g-sender,1783014442944138933,edge4av-real-20260702-multiclient-scalability-run-3,p5g-scale-mqtt-payload-1024-clients-50,scale,guided-planning,mqtt,veh-30,veh-30,rsu-1,p5g-scale-mqtt-payload-1024-clients-50-veh-30-356,ipi-session-1,multiclient-scalability-run-3,veh-30,356,50-clients,default,stationary,unsynced,true,true,clients,50,count,IPI-CooperativeService,1098,1783014442908128145,1783014378105913052,1783014378105976887,1783014442944138933,36.011,,0.064,64838.162,"CooperativeService{guidedPlanning, status=request, vehicleId=0x7665682d3330, requestedHorizonMs=2500, confidence=100, planning.waypoints=1, offloadTaskId=probe-356, offloadPayload=1024 bytes}"
5g-sender,1783014443192119084,edge4av-real-20260702-multiclient-scalability-run-3,p5g-scale-mqtt-payload-1024-clients-50,scale,guided-planning,mqtt,veh-30,veh-30,rsu-1,p5g-scale-mqtt-payload-1024-clients-50-veh-30-357,ipi-session-1,multiclient-scalability-run-3,veh-30,357,50-clients,default,stationary,unsynced,true,true,clients,50,count,IPI-CooperativeService,1098,1783014443144286120,1783014378354327024,1783014378354392660,1783014443192119084,47.833,,0.066,64837.726,"CooperativeService{guidedPlanning, status=request, vehicleId=0x7665682d3330, requestedHorizonMs=2500, confidence=100, planning.waypoints=1, offloadTaskId=probe-357, offloadPayload=1024 bytes}"
5g-sender,1783014443431979515,edge4av-real-20260702-multiclient-scalability-run-3,p5g-scale-mqtt-payload-1024-clients-50,scale,guided-planning,mqtt,veh-30,veh-30,rsu-1,p5g-scale-mqtt-payload-1024-clients-50-veh-30-358,ipi-session-1,multiclient-scalability-run-3,veh-30,358,50-clients,default,stationary,unsynced,true,true,clients,50,count,IPI-CooperativeService,1098,1783014443392264361,1783014378595978438,1783014378596021473,1783014443431979515,39.715,,0.043,64835.958,"CooperativeService{guidedPlanning, status=request, vehicleId=0x7665682d3330, requestedHorizonMs=2500, confidence=100, planning.waypoints=1, offloadTaskId=probe-358, offloadPayload=1024 bytes}"
5g-sender,1783014443678035239,edge4av-real-20260702-multiclient-scalability-run-3,p5g-scale-mqtt-payload-1024-clients-50,scale,guided-planning,mqtt,veh-30,veh-30,rsu-1,p5g-scale-mqtt-payload-1024-clients-50-veh-30-359,ipi-session-1,multiclient-scalability-run-3,veh-30,359,50-clients,default,stationary,unsynced,true,true,clients,50,count,IPI-CooperativeService,1098,1783014443632172259,1783014378836776812,1783014378836841893,1783014443678035239,45.863,,0.065,64841.193,"CooperativeService{guidedPlanning, status=request, vehicleId=0x7665682d3330, requestedHorizonMs=2500, confidence=100, planning.waypoints=1, offloadTaskId=probe-359, offloadPayload=1024 bytes}"
5g-sender,1783014443912085891,edge4av-real-20260702-multiclient-scalability-run-3,p5g-scale-mqtt-payload-1024-clients-50,scale,guided-planning,mqtt,veh-30,veh-30,rsu-1,p5g-scale-mqtt-payload-1024-clients-50-veh-30-360,ipi-session-1,multiclient-scalability-run-3,veh-30,360,50-clients,default,stationary,unsynced,true,true,clients,50,count,IPI-CooperativeService,1098,1783014443878182453,1783014379075882405,1783014379075943418,1783014443912085891,33.903,,0.061,64836.142,"CooperativeService{guidedPlanning, status=request, vehicleId=0x7665682d3330, requestedHorizonMs=2500, confidence=100, planning.waypoints=1, offloadTaskId=probe-360, offloadPayload=1024 bytes}"
5g-sender,1783014444152068323,edge4av-real-20260702-multiclient-scalability-run-3,p5g-scale-mqtt-payload-1024-clients-50,scale,guided-planning,mqtt,veh-30,veh-30,rsu-1,p5g-scale-mqtt-payload-1024-clients-50-veh-30-361,ipi-session-1,multiclient-scalability-run-3,veh-30,361,50-clients,default,stationary,unsynced,true,true,clients,50,count,IPI-CooperativeService,1098,1783014444112238734,1783014379317127372,1783014379317184225,1783014444152068323,39.830,,0.057,64834.884,"CooperativeService{guidedPlanning, status=request, vehicleId=0x7665682d3330, requestedHorizonMs=2500, confidence=100, planning.waypoints=1, offloadTaskId=probe-361, offloadPayload=1024 bytes}"
5g-sender,1783014444382085299,edge4av-real-20260702-multiclient-scalability-run-3,p5g-scale-mqtt-payload-1024-clients-50,scale,guided-planning,mqtt,veh-30,veh-30,rsu-1,p5g-scale-mqtt-payload-1024-clients-50-veh-30-362,ipi-session-1,multiclient-scalability-run-3,veh-30,362,50-clients,default,stationary,unsynced,true,true,clients,50,count,IPI-CooperativeService,1098,1783014444352243604,1783014379547309119,1783014379547351170,1783014444382085299,29.842,,0.042,64834.734,"CooperativeService{guidedPlanning, status=request, vehicleId=0x7665682d3330, requestedHorizonMs=2500, confidence=100, planning.waypoints=1, offloadTaskId=probe-362, offloadPayload=1024 bytes}"
5g-sender,1783014444670013373,edge4av-real-20260702-multiclient-scalability-run-3,p5g-scale-mqtt-payload-1024-clients-50,scale,guided-planning,mqtt,veh-30,veh-30,rsu-1,p5g-scale-mqtt-payload-1024-clients-50-veh-30-363,ipi-session-1,multiclient-scalability-run-3,veh-30,363,50-clients,default,stationary,unsynced,true,true,clients,50,count,IPI-CooperativeService,1098,1783014444582239025,1783014379786709691,1783014379786776923,1783014444670013373,87.774,,0.067,64883.236,"CooperativeService{guidedPlanning, status=request, vehicleId=0x7665682d3330, requestedHorizonMs=2500, confidence=100, planning.waypoints=1, offloadTaskId=probe-363, offloadPayload=1024 bytes}"
5g-sender,1783014444945874488,edge4av-real-20260702-multiclient-scalability-run-3,p5g-scale-mqtt-payload-1024-clients-50,scale,guided-planning,mqtt,veh-30,veh-30,rsu-1,p5g-scale-mqtt-payload-1024-clients-50-veh-30-364,ipi-session-1,multiclient-scalability-run-3,veh-30,364,50-clients,default,stationary,unsynced,true,true,clients,50,count,IPI-CooperativeService,1098,1783014444870172523,1783014380107535812,1783014380107591151,1783014444945874488,75.702,,0.055,64838.283,"CooperativeService{guidedPlanning, status=request, vehicleId=0x7665682d3330, requestedHorizonMs=2500, confidence=100, planning.waypoints=1, offloadTaskId=probe-364, offloadPayload=1024 bytes}"
5g-sender,1783014445182037966,edge4av-real-20260702-multiclient-scalability-run-3,p5g-scale-mqtt-payload-1024-clients-50,scale,guided-planning,mqtt,veh-30,veh-30,rsu-1,p5g-scale-mqtt-payload-1024-clients-50-veh-30-365,ipi-session-1,multiclient-scalability-run-3,veh-30,365,50-clients,default,stationary,unsynced,true,true,clients,50,count,IPI-CooperativeService,1098,1783014445146073175,1783014380347980897,1783014380348054931,1783014445182037966,35.965,,0.074,64833.983,"CooperativeService{guidedPlanning, status=request, vehicleId=0x7665682d3330, requestedHorizonMs=2500, confidence=100, planning.waypoints=1, offloadTaskId=probe-365, offloadPayload=1024 bytes}"
5g-sender,1783014445406128721,edge4av-real-20260702-multiclient-scalability-run-3,p5g-scale-mqtt-payload-1024-clients-50,scale,guided-planning,mqtt,veh-30,veh-30,rsu-1,p5g-scale-mqtt-payload-1024-clients-50-veh-30-366,ipi-session-1,multiclient-scalability-run-3,veh-30,366,50-clients,default,stationary,unsynced,true,true,clients,50,count,IPI-CooperativeService,1098,1783014445382189452,1783014380568031817,1783014380568074988,1783014445406128721,23.939,,0.043,64838.054,"CooperativeService{guidedPlanning, status=request, vehicleId=0x7665682d3330, requestedHorizonMs=2500, confidence=100, planning.waypoints=1, offloadTaskId=probe-366, offloadPayload=1024 bytes}"
5g-sender,1783014445664156302,edge4av-real-20260702-multiclient-scalability-run-3,p5g-scale-mqtt-payload-1024-clients-50,scale,guided-planning,mqtt,veh-30,veh-30,rsu-1,p5g-scale-mqtt-payload-1024-clients-50-veh-30-367,ipi-session-1,multiclient-scalability-run-3,veh-30,367,50-clients,default,stationary,unsynced,true,true,clients,50,count,IPI-CooperativeService,1098,1783014445606276351,1783014380829937322,1783014380829980160,1783014445664156302,57.880,,0.043,64834.176,"CooperativeService{guidedPlanning, status=request, vehicleId=0x7665682d3330, requestedHorizonMs=2500, confidence=100, planning.waypoints=1, offloadTaskId=probe-367, offloadPayload=1024 bytes}"
5g-sender,1783014445906020031,edge4av-real-20260702-multiclient-scalability-run-3,p5g-scale-mqtt-payload-1024-clients-50,scale,guided-planning,mqtt,veh-30,veh-30,rsu-1,p5g-scale-mqtt-payload-1024-clients-50-veh-30-368,ipi-session-1,multiclient-scalability-run-3,veh-30,368,50-clients,default,stationary,unsynced,true,true,clients,50,count,IPI-CooperativeService,1098,1783014445864303439,1783014381069555115,1783014381069596736,1783014445906020031,41.717,,0.042,64836.423,"CooperativeService{guidedPlanning, status=request, vehicleId=0x7665682d3330, requestedHorizonMs=2500, confidence=100, planning.waypoints=1, offloadTaskId=probe-368, offloadPayload=1024 bytes}"
5g-sender,1783014446147943430,edge4av-real-20260702-multiclient-scalability-run-3,p5g-scale-mqtt-payload-1024-clients-50,scale,guided-planning,mqtt,veh-30,veh-30,rsu-1,p5g-scale-mqtt-payload-1024-clients-50-veh-30-369,ipi-session-1,multiclient-scalability-run-3,veh-30,369,50-clients,default,stationary,unsynced,true,true,clients,50,count,IPI-CooperativeService,1098,1783014446106168121,1783014381309277856,1783014381309329068,1783014446147943430,41.775,,0.051,64838.614,"CooperativeService{guidedPlanning, status=request, vehicleId=0x7665682d3330, requestedHorizonMs=2500, confidence=100, planning.waypoints=1, offloadTaskId=probe-369, offloadPayload=1024 bytes}"
5g-sender,1783014446398125127,edge4av-real-20260702-multiclient-scalability-run-3,p5g-scale-mqtt-payload-1024-clients-50,scale,guided-planning,mqtt,veh-30,veh-30,rsu-1,p5g-scale-mqtt-payload-1024-clients-50-veh-30-370,ipi-session-1,multiclient-scalability-run-3,veh-30,370,50-clients,default,stationary,unsynced,true,true,clients,50,count,IPI-CooperativeService,1098,1783014446348083246,1783014381559565748,1783014381559620903,1783014446398125127,50.042,,0.055,64838.504,"CooperativeService{guidedPlanning, status=request, vehicleId=0x7665682d3330, requestedHorizonMs=2500, confidence=100, planning.waypoints=1, offloadTaskId=probe-370, offloadPayload=1024 bytes}"
5g-sender,1783014446646084397,edge4av-real-20260702-multiclient-scalability-run-3,p5g-scale-mqtt-payload-1024-clients-50,scale,guided-planning,mqtt,veh-30,veh-30,rsu-1,p5g-scale-mqtt-payload-1024-clients-50-veh-30-371,ipi-session-1,multiclient-scalability-run-3,veh-30,371,50-clients,default,stationary,unsynced,true,true,clients,50,count,IPI-CooperativeService,1098,1783014446598319684,1783014381810288401,1783014381810332253,1783014446646084397,47.765,,0.044,64835.752,"CooperativeService{guidedPlanning, status=request, vehicleId=0x7665682d3330, requestedHorizonMs=2500, confidence=100, planning.waypoints=1, offloadTaskId=probe-371, offloadPayload=1024 bytes}"
5g-sender,1783014446888052410,edge4av-real-20260702-multiclient-scalability-run-3,p5g-scale-mqtt-payload-1024-clients-50,scale,guided-planning,mqtt,veh-30,veh-30,rsu-1,p5g-scale-mqtt-payload-1024-clients-50-veh-30-372,ipi-session-1,multiclient-scalability-run-3,veh-30,372,50-clients,default,stationary,unsynced,true,true,clients,50,count,IPI-CooperativeService,1098,1783014446846231917,1783014382050928643,1783014382050975920,1783014446888052410,41.820,,0.047,64837.076,"CooperativeService{guidedPlanning, status=request, vehicleId=0x7665682d3330, requestedHorizonMs=2500, confidence=100, planning.waypoints=1, offloadTaskId=probe-372, offloadPayload=1024 bytes}"
5g-sender,1783014447144090213,edge4av-real-20260702-multiclient-scalability-run-3,p5g-scale-mqtt-payload-1024-clients-50,scale,guided-planning,mqtt,veh-30,veh-30,rsu-1,p5g-scale-mqtt-payload-1024-clients-50-veh-30-373,ipi-session-1,multiclient-scalability-run-3,veh-30,373,50-clients,default,stationary,unsynced,true,true,clients,50,count,IPI-CooperativeService,1098,1783014447088191583,1783014382301277163,1783014382301318389,1783014447144090213,55.899,,0.041,64842.772,"CooperativeService{guidedPlanning, status=request, vehicleId=0x7665682d3330, requestedHorizonMs=2500, confidence=100, planning.waypoints=1, offloadTaskId=probe-373, offloadPayload=1024 bytes}"
5g-sender,1783014447390044958,edge4av-real-20260702-multiclient-scalability-run-3,p5g-scale-mqtt-payload-1024-clients-50,scale,guided-planning,mqtt,veh-30,veh-30,rsu-1,p5g-scale-mqtt-payload-1024-clients-50-veh-30-374,ipi-session-1,multiclient-scalability-run-3,veh-30,374,50-clients,default,stationary,unsynced,true,true,clients,50,count,IPI-CooperativeService,1098,1783014447344265506,1783014382550992526,1783014382551057947,1783014447390044958,45.779,,0.065,64838.987,"CooperativeService{guidedPlanning, status=request, vehicleId=0x7665682d3330, requestedHorizonMs=2500, confidence=100, planning.waypoints=1, offloadTaskId=probe-374, offloadPayload=1024 bytes}"
5g-sender,1783014447625975875,edge4av-real-20260702-multiclient-scalability-run-3,p5g-scale-mqtt-payload-1024-clients-50,scale,guided-planning,mqtt,veh-30,veh-30,rsu-1,p5g-scale-mqtt-payload-1024-clients-50-veh-30-375,ipi-session-1,multiclient-scalability-run-3,veh-30,375,50-clients,default,stationary,unsynced,true,true,clients,50,count,IPI-CooperativeService,1098,1783014447590200742,1783014382792347587,1783014382792392890,1783014447625975875,35.775,,0.045,64833.583,"CooperativeService{guidedPlanning, status=request, vehicleId=0x7665682d3330, requestedHorizonMs=2500, confidence=100, planning.waypoints=1, offloadTaskId=probe-375, offloadPayload=1024 bytes}"
5g-sender,1783014447866026885,edge4av-real-20260702-multiclient-scalability-run-3,p5g-scale-mqtt-payload-1024-clients-50,scale,guided-planning,mqtt,veh-30,veh-30,rsu-1,p5g-scale-mqtt-payload-1024-clients-50-veh-30-376,ipi-session-1,multiclient-scalability-run-3,veh-30,376,50-clients,default,stationary,unsynced,true,true,clients,50,count,IPI-CooperativeService,1098,1783014447826113966,1783014383032269209,1783014383032311647,1783014447866026885,39.913,,0.042,64833.715,"CooperativeService{guidedPlanning, status=request, vehicleId=0x7665682d3330, requestedHorizonMs=2500, confidence=100, planning.waypoints=1, offloadTaskId=probe-376, offloadPayload=1024 bytes}"
5g-sender,1783014448094059356,edge4av-real-20260702-multiclient-scalability-run-3,p5g-scale-mqtt-payload-1024-clients-50,scale,guided-planning,mqtt,veh-30,veh-30,rsu-1,p5g-scale-mqtt-payload-1024-clients-50-veh-30-377,ipi-session-1,multiclient-scalability-run-3,veh-30,377,50-clients,default,stationary,unsynced,true,true,clients,50,count,IPI-CooperativeService,1098,1783014448066266892,1783014383261465769,1783014383261492207,1783014448094059356,27.792,,0.026,64832.567,"CooperativeService{guidedPlanning, status=request, vehicleId=0x7665682d3330, requestedHorizonMs=2500, confidence=100, planning.waypoints=1, offloadTaskId=probe-377, offloadPayload=1024 bytes}"
5g-sender,1783014448328096110,edge4av-real-20260702-multiclient-scalability-run-3,p5g-scale-mqtt-payload-1024-clients-50,scale,guided-planning,mqtt,veh-30,veh-30,rsu-1,p5g-scale-mqtt-payload-1024-clients-50-veh-30-378,ipi-session-1,multiclient-scalability-run-3,veh-30,378,50-clients,default,stationary,unsynced,true,true,clients,50,count,IPI-CooperativeService,1098,1783014448294212662,1783014383493047943,1783014383493071288,1783014448328096110,33.883,,0.023,64835.025,"CooperativeService{guidedPlanning, status=request, vehicleId=0x7665682d3330, requestedHorizonMs=2500, confidence=100, planning.waypoints=1, offloadTaskId=probe-378, offloadPayload=1024 bytes}"
5g-sender,1783014448570027586,edge4av-real-20260702-multiclient-scalability-run-3,p5g-scale-mqtt-payload-1024-clients-50,scale,guided-planning,mqtt,veh-30,veh-30,rsu-1,p5g-scale-mqtt-payload-1024-clients-50-veh-30-379,ipi-session-1,multiclient-scalability-run-3,veh-30,379,50-clients,default,stationary,unsynced,true,true,clients,50,count,IPI-CooperativeService,1098,1783014448528291760,1783014383732686655,1783014383732699755,1783014448570027586,41.736,,0.013,64837.328,"CooperativeService{guidedPlanning, status=request, vehicleId=0x7665682d3330, requestedHorizonMs=2500, confidence=100, planning.waypoints=1, offloadTaskId=probe-379, offloadPayload=1024 bytes}"
5g-sender,1783014448820154101,edge4av-real-20260702-multiclient-scalability-run-3,p5g-scale-mqtt-payload-1024-clients-50,scale,guided-planning,mqtt,veh-30,veh-30,rsu-1,p5g-scale-mqtt-payload-1024-clients-50-veh-30-380,ipi-session-1,multiclient-scalability-run-3,veh-30,380,50-clients,default,stationary,unsynced,true,true,clients,50,count,IPI-CooperativeService,1098,1783014448770198112,1783014383984695509,1783014383984752227,1783014448820154101,49.956,,0.057,64835.402,"CooperativeService{guidedPlanning, status=request, vehicleId=0x7665682d3330, requestedHorizonMs=2500, confidence=100, planning.waypoints=1, offloadTaskId=probe-380, offloadPayload=1024 bytes}"
5g-sender,1783014449064017024,edge4av-real-20260702-multiclient-scalability-run-3,p5g-scale-mqtt-payload-1024-clients-50,scale,guided-planning,mqtt,veh-30,veh-30,rsu-1,p5g-scale-mqtt-payload-1024-clients-50-veh-30-381,ipi-session-1,multiclient-scalability-run-3,veh-30,381,50-clients,default,stationary,unsynced,true,true,clients,50,count,IPI-CooperativeService,1098,1783014449020314704,1783014384224886663,1783014384224929873,1783014449064017024,43.702,,0.043,64839.087,"CooperativeService{guidedPlanning, status=request, vehicleId=0x7665682d3330, requestedHorizonMs=2500, confidence=100, planning.waypoints=1, offloadTaskId=probe-381, offloadPayload=1024 bytes}"
5g-sender,1783014449298104732,edge4av-real-20260702-multiclient-scalability-run-3,p5g-scale-mqtt-payload-1024-clients-50,scale,guided-planning,mqtt,veh-30,veh-30,rsu-1,p5g-scale-mqtt-payload-1024-clients-50-veh-30-382,ipi-session-1,multiclient-scalability-run-3,veh-30,382,50-clients,default,stationary,unsynced,true,true,clients,50,count,IPI-CooperativeService,1098,1783014449264170967,1783014384465007745,1783014384465053019,1783014449298104732,33.934,,0.045,64833.052,"CooperativeService{guidedPlanning, status=request, vehicleId=0x7665682d3330, requestedHorizonMs=2500, confidence=100, planning.waypoints=1, offloadTaskId=probe-382, offloadPayload=1024 bytes}"
5g-sender,1783014449540177095,edge4av-real-20260702-multiclient-scalability-run-3,p5g-scale-mqtt-payload-1024-clients-50,scale,guided-planning,mqtt,veh-30,veh-30,rsu-1,p5g-scale-mqtt-payload-1024-clients-50-veh-30-383,ipi-session-1,multiclient-scalability-run-3,veh-30,383,50-clients,default,stationary,unsynced,true,true,clients,50,count,IPI-CooperativeService,1098,1783014449498299472,1783014384707442164,1783014384707484784,1783014449540177095,41.878,,0.043,64832.692,"CooperativeService{guidedPlanning, status=request, vehicleId=0x7665682d3330, requestedHorizonMs=2500, confidence=100, planning.waypoints=1, offloadTaskId=probe-383, offloadPayload=1024 bytes}"
5g-sender,1783014449778049864,edge4av-real-20260702-multiclient-scalability-run-3,p5g-scale-mqtt-payload-1024-clients-50,scale,guided-planning,mqtt,veh-30,veh-30,rsu-1,p5g-scale-mqtt-payload-1024-clients-50-veh-30-384,ipi-session-1,multiclient-scalability-run-3,veh-30,384,50-clients,default,stationary,unsynced,true,true,clients,50,count,IPI-CooperativeService,1098,1783014449740325781,1783014384935310252,1783014384935364810,1783014449778049864,37.724,,0.055,64842.685,"CooperativeService{guidedPlanning, status=request, vehicleId=0x7665682d3330, requestedHorizonMs=2500, confidence=100, planning.waypoints=1, offloadTaskId=probe-384, offloadPayload=1024 bytes}"
5g-sender,1783014450006085567,edge4av-real-20260702-multiclient-scalability-run-3,p5g-scale-mqtt-payload-1024-clients-50,scale,guided-planning,mqtt,veh-30,veh-30,rsu-1,p5g-scale-mqtt-payload-1024-clients-50-veh-30-385,ipi-session-1,multiclient-scalability-run-3,veh-30,385,50-clients,default,stationary,unsynced,true,true,clients,50,count,IPI-CooperativeService,1098,1783014449978195206,1783014385175426524,1783014385175477211,1783014450006085567,27.890,,0.051,64830.608,"CooperativeService{guidedPlanning, status=request, vehicleId=0x7665682d3330, requestedHorizonMs=2500, confidence=100, planning.waypoints=1, offloadTaskId=probe-385, offloadPayload=1024 bytes}"
5g-sender,1783014450248042266,edge4av-real-20260702-multiclient-scalability-run-3,p5g-scale-mqtt-payload-1024-clients-50,scale,guided-planning,mqtt,veh-30,veh-30,rsu-1,p5g-scale-mqtt-payload-1024-clients-50-veh-30-386,ipi-session-1,multiclient-scalability-run-3,veh-30,386,50-clients,default,stationary,unsynced,true,true,clients,50,count,IPI-CooperativeService,1098,1783014450206232277,1783014385406047235,1783014385406090672,1783014450248042266,41.810,,0.043,64841.952,"CooperativeService{guidedPlanning, status=request, vehicleId=0x7665682d3330, requestedHorizonMs=2500, confidence=100, planning.waypoints=1, offloadTaskId=probe-386, offloadPayload=1024 bytes}"
5g-sender,1783014450552258265,edge4av-real-20260702-multiclient-scalability-run-3,p5g-scale-mqtt-payload-1024-clients-50,scale,guided-planning,mqtt,veh-30,veh-30,rsu-1,p5g-scale-mqtt-payload-1024-clients-50-veh-30-387,ipi-session-1,multiclient-scalability-run-3,veh-30,387,50-clients,default,stationary,unsynced,true,true,clients,50,count,IPI-CooperativeService,1098,1783014450448188788,1783014385716127893,1783014385716181032,1783014450552258265,104.069,,0.053,64836.077,"CooperativeService{guidedPlanning, status=request, vehicleId=0x7665682d3330, requestedHorizonMs=2500, confidence=100, planning.waypoints=1, offloadTaskId=probe-387, offloadPayload=1024 bytes}"
5g-sender,1783014450810090540,edge4av-real-20260702-multiclient-scalability-run-3,p5g-scale-mqtt-payload-1024-clients-50,scale,guided-planning,mqtt,veh-30,veh-30,rsu-1,p5g-scale-mqtt-payload-1024-clients-50-veh-30-388,ipi-session-1,multiclient-scalability-run-3,veh-30,388,50-clients,default,stationary,unsynced,true,true,clients,50,count,IPI-CooperativeService,1098,1783014450752402968,1783014385966668981,1783014385966712054,1783014450810090540,57.688,,0.043,64843.378,"CooperativeService{guidedPlanning, status=request, vehicleId=0x7665682d3330, requestedHorizonMs=2500, confidence=100, planning.waypoints=1, offloadTaskId=probe-388, offloadPayload=1024 bytes}"
5g-sender,1783014451046048921,edge4av-real-20260702-multiclient-scalability-run-3,p5g-scale-mqtt-payload-1024-clients-50,scale,guided-planning,mqtt,veh-30,veh-30,rsu-1,p5g-scale-mqtt-payload-1024-clients-50-veh-30-389,ipi-session-1,multiclient-scalability-run-3,veh-30,389,50-clients,default,stationary,unsynced,true,true,clients,50,count,IPI-CooperativeService,1098,1783014451010280359,1783014386207586868,1783014386207639426,1783014451046048921,35.769,,0.053,64838.409,"CooperativeService{guidedPlanning, status=request, vehicleId=0x7665682d3330, requestedHorizonMs=2500, confidence=100, planning.waypoints=1, offloadTaskId=probe-389, offloadPayload=1024 bytes}"
5g-sender,1783014451286165760,edge4av-real-20260702-multiclient-scalability-run-3,p5g-scale-mqtt-payload-1024-clients-50,scale,guided-planning,mqtt,veh-30,veh-30,rsu-1,p5g-scale-mqtt-payload-1024-clients-50-veh-30-390,ipi-session-1,multiclient-scalability-run-3,veh-30,390,50-clients,default,stationary,unsynced,true,true,clients,50,count,IPI-CooperativeService,1098,1783014451246195706,1783014386447643008,1783014386447693350,1783014451286165760,39.970,,0.050,64838.472,"CooperativeService{guidedPlanning, status=request, vehicleId=0x7665682d3330, requestedHorizonMs=2500, confidence=100, planning.waypoints=1, offloadTaskId=probe-390, offloadPayload=1024 bytes}"
5g-sender,1783014451521958016,edge4av-real-20260702-multiclient-scalability-run-3,p5g-scale-mqtt-payload-1024-clients-50,scale,guided-planning,mqtt,veh-30,veh-30,rsu-1,p5g-scale-mqtt-payload-1024-clients-50-veh-30-391,ipi-session-1,multiclient-scalability-run-3,veh-30,391,50-clients,default,stationary,unsynced,true,true,clients,50,count,IPI-CooperativeService,1098,1783014451486312522,1783014386677946608,1783014386677999761,1783014451521958016,35.645,,0.053,64843.958,"CooperativeService{guidedPlanning, status=request, vehicleId=0x7665682d3330, requestedHorizonMs=2500, confidence=100, planning.waypoints=1, offloadTaskId=probe-391, offloadPayload=1024 bytes}"
5g-sender,1783014451756046327,edge4av-real-20260702-multiclient-scalability-run-3,p5g-scale-mqtt-payload-1024-clients-50,scale,guided-planning,mqtt,veh-30,veh-30,rsu-1,p5g-scale-mqtt-payload-1024-clients-50-veh-30-392,ipi-session-1,multiclient-scalability-run-3,veh-30,392,50-clients,default,stationary,unsynced,true,true,clients,50,count,IPI-CooperativeService,1098,1783014451722101994,1783014386918520903,1783014386918580295,1783014451756046327,33.944,,0.059,64837.466,"CooperativeService{guidedPlanning, status=request, vehicleId=0x7665682d3330, requestedHorizonMs=2500, confidence=100, planning.waypoints=1, offloadTaskId=probe-392, offloadPayload=1024 bytes}"
5g-sender,1783014451999991176,edge4av-real-20260702-multiclient-scalability-run-3,p5g-scale-mqtt-payload-1024-clients-50,scale,guided-planning,mqtt,veh-30,veh-30,rsu-1,p5g-scale-mqtt-payload-1024-clients-50-veh-30-393,ipi-session-1,multiclient-scalability-run-3,veh-30,393,50-clients,default,stationary,unsynced,true,true,clients,50,count,IPI-CooperativeService,1098,1783014451956192002,1783014387159964991,1783014387160008211,1783014451999991176,43.799,,0.043,64839.983,"CooperativeService{guidedPlanning, status=request, vehicleId=0x7665682d3330, requestedHorizonMs=2500, confidence=100, planning.waypoints=1, offloadTaskId=probe-393, offloadPayload=1024 bytes}"
5g-sender,1783014452224137808,edge4av-real-20260702-multiclient-scalability-run-3,p5g-scale-mqtt-payload-1024-clients-50,scale,guided-planning,mqtt,veh-30,veh-30,rsu-1,p5g-scale-mqtt-payload-1024-clients-50-veh-30-394,ipi-session-1,multiclient-scalability-run-3,veh-30,394,50-clients,default,stationary,unsynced,true,true,clients,50,count,IPI-CooperativeService,1098,1783014452200134818,1783014387389502924,1783014387389544858,1783014452224137808,24.003,,0.042,64834.593,"CooperativeService{guidedPlanning, status=request, vehicleId=0x7665682d3330, requestedHorizonMs=2500, confidence=100, planning.waypoints=1, offloadTaskId=probe-394, offloadPayload=1024 bytes}"
5g-sender,1783014452458094337,edge4av-real-20260702-multiclient-scalability-run-3,p5g-scale-mqtt-payload-1024-clients-50,scale,guided-planning,mqtt,veh-30,veh-30,rsu-1,p5g-scale-mqtt-payload-1024-clients-50-veh-30-395,ipi-session-1,multiclient-scalability-run-3,veh-30,395,50-clients,default,stationary,unsynced,true,true,clients,50,count,IPI-CooperativeService,1098,1783014452424328260,1783014387619979253,1783014387620022032,1783014452458094337,33.766,,0.043,64838.072,"CooperativeService{guidedPlanning, status=request, vehicleId=0x7665682d3330, requestedHorizonMs=2500, confidence=100, planning.waypoints=1, offloadTaskId=probe-395, offloadPayload=1024 bytes}"
5g-sender,1783014452688099401,edge4av-real-20260702-multiclient-scalability-run-3,p5g-scale-mqtt-payload-1024-clients-50,scale,guided-planning,mqtt,veh-30,veh-30,rsu-1,p5g-scale-mqtt-payload-1024-clients-50-veh-30-396,ipi-session-1,multiclient-scalability-run-3,veh-30,396,50-clients,default,stationary,unsynced,true,true,clients,50,count,IPI-CooperativeService,1098,1783014452658242849,1783014387850086993,1783014387850137019,1783014452688099401,29.857,,0.050,64837.962,"CooperativeService{guidedPlanning, status=request, vehicleId=0x7665682d3330, requestedHorizonMs=2500, confidence=100, planning.waypoints=1, offloadTaskId=probe-396, offloadPayload=1024 bytes}"
5g-sender,1783014452948220673,edge4av-real-20260702-multiclient-scalability-run-3,p5g-scale-mqtt-payload-1024-clients-50,scale,guided-planning,mqtt,veh-30,veh-30,rsu-1,p5g-scale-mqtt-payload-1024-clients-50-veh-30-397,ipi-session-1,multiclient-scalability-run-3,veh-30,397,50-clients,default,stationary,unsynced,true,true,clients,50,count,IPI-CooperativeService,1098,1783014452888253223,1783014388110968330,1783014388111030383,1783014452948220673,59.967,,0.062,64837.190,"CooperativeService{guidedPlanning, status=request, vehicleId=0x7665682d3330, requestedHorizonMs=2500, confidence=100, planning.waypoints=1, offloadTaskId=probe-397, offloadPayload=1024 bytes}"
5g-sender,1783014453202031940,edge4av-real-20260702-multiclient-scalability-run-3,p5g-scale-mqtt-payload-1024-clients-50,scale,guided-planning,mqtt,veh-30,veh-30,rsu-1,p5g-scale-mqtt-payload-1024-clients-50-veh-30-398,ipi-session-1,multiclient-scalability-run-3,veh-30,398,50-clients,default,stationary,unsynced,true,true,clients,50,count,IPI-CooperativeService,1098,1783014453148365641,1783014388362062561,1783014388362115920,1783014453202031940,53.666,,0.053,64839.916,"CooperativeService{guidedPlanning, status=request, vehicleId=0x7665682d3330, requestedHorizonMs=2500, confidence=100, planning.waypoints=1, offloadTaskId=probe-398, offloadPayload=1024 bytes}"
5g-sender,1783014453448168966,edge4av-real-20260702-multiclient-scalability-run-3,p5g-scale-mqtt-payload-1024-clients-50,scale,guided-planning,mqtt,veh-30,veh-30,rsu-1,p5g-scale-mqtt-payload-1024-clients-50-veh-30-399,ipi-session-1,multiclient-scalability-run-3,veh-30,399,50-clients,default,stationary,unsynced,true,true,clients,50,count,IPI-CooperativeService,1098,1783014453402177018,1783014388612044157,1783014388612110951,1783014453448168966,45.992,,0.067,64836.058,"CooperativeService{guidedPlanning, status=request, vehicleId=0x7665682d3330, requestedHorizonMs=2500, confidence=100, planning.waypoints=1, offloadTaskId=probe-399, offloadPayload=1024 bytes}"
5g-sender,1783014453700027856,edge4av-real-20260702-multiclient-scalability-run-3,p5g-scale-mqtt-payload-1024-clients-50,scale,guided-planning,mqtt,veh-30,veh-30,rsu-1,p5g-scale-mqtt-payload-1024-clients-50-veh-30-400,ipi-session-1,multiclient-scalability-run-3,veh-30,400,50-clients,default,stationary,unsynced,true,true,clients,50,count,IPI-CooperativeService,1098,1783014453648314074,1783014388862626389,1783014388862670706,1783014453700027856,51.714,,0.044,64837.357,"CooperativeService{guidedPlanning, status=request, vehicleId=0x7665682d3330, requestedHorizonMs=2500, confidence=100, planning.waypoints=1, offloadTaskId=probe-400, offloadPayload=1024 bytes}"
5g-sender,1783014453959970666,edge4av-real-20260702-multiclient-scalability-run-3,p5g-scale-mqtt-payload-1024-clients-50,scale,guided-planning,mqtt,veh-30,veh-30,rsu-1,p5g-scale-mqtt-payload-1024-clients-50-veh-30-401,ipi-session-1,multiclient-scalability-run-3,veh-30,401,50-clients,default,stationary,unsynced,true,true,clients,50,count,IPI-CooperativeService,1098,1783014453900181128,1783014389122074558,1783014389122125251,1783014453959970666,59.790,,0.051,64837.845,"CooperativeService{guidedPlanning, status=request, vehicleId=0x7665682d3330, requestedHorizonMs=2500, confidence=100, planning.waypoints=1, offloadTaskId=probe-401, offloadPayload=1024 bytes}"
5g-sender,1783014454222884310,edge4av-real-20260702-multiclient-scalability-run-3,p5g-scale-mqtt-payload-1024-clients-50,scale,guided-planning,mqtt,veh-30,veh-30,rsu-1,p5g-scale-mqtt-payload-1024-clients-50-veh-30-402,ipi-session-1,multiclient-scalability-run-3,veh-30,402,50-clients,default,stationary,unsynced,true,true,clients,50,count,IPI-CooperativeService,1098,1783014454160158468,1783014389381917483,1783014389381960789,1783014454222884310,62.726,,0.043,64840.924,"CooperativeService{guidedPlanning, status=request, vehicleId=0x7665682d3330, requestedHorizonMs=2500, confidence=100, planning.waypoints=1, offloadTaskId=probe-402, offloadPayload=1024 bytes}"
5g-sender,1783014454480032407,edge4av-real-20260702-multiclient-scalability-run-3,p5g-scale-mqtt-payload-1024-clients-50,scale,guided-planning,mqtt,veh-30,veh-30,rsu-1,p5g-scale-mqtt-payload-1024-clients-50-veh-30-403,ipi-session-1,multiclient-scalability-run-3,veh-30,403,50-clients,default,stationary,unsynced,true,true,clients,50,count,IPI-CooperativeService,1098,1783014454423029812,1783014389643028285,1783014389643079148,1783014454480032407,57.003,,0.051,64836.953,"CooperativeService{guidedPlanning, status=request, vehicleId=0x7665682d3330, requestedHorizonMs=2500, confidence=100, planning.waypoints=1, offloadTaskId=probe-403, offloadPayload=1024 bytes}"
5g-sender,1783014454707965781,edge4av-real-20260702-multiclient-scalability-run-3,p5g-scale-mqtt-payload-1024-clients-50,scale,guided-planning,mqtt,veh-30,veh-30,rsu-1,p5g-scale-mqtt-payload-1024-clients-50-veh-30-404,ipi-session-1,multiclient-scalability-run-3,veh-30,404,50-clients,default,stationary,unsynced,true,true,clients,50,count,IPI-CooperativeService,1098,1783014454680176218,1783014389873585131,1783014389873634993,1783014454707965781,27.790,,0.050,64834.331,"CooperativeService{guidedPlanning, status=request, vehicleId=0x7665682d3330, requestedHorizonMs=2500, confidence=100, planning.waypoints=1, offloadTaskId=probe-404, offloadPayload=1024 bytes}"
5g-sender,1783014454941967874,edge4av-real-20260702-multiclient-scalability-run-3,p5g-scale-mqtt-payload-1024-clients-50,scale,guided-planning,mqtt,veh-30,veh-30,rsu-1,p5g-scale-mqtt-payload-1024-clients-50-veh-30-405,ipi-session-1,multiclient-scalability-run-3,veh-30,405,50-clients,default,stationary,unsynced,true,true,clients,50,count,IPI-CooperativeService,1098,1783014454908112023,1783014390104123381,1783014390104167595,1783014454941967874,33.856,,0.044,64837.800,"CooperativeService{guidedPlanning, status=request, vehicleId=0x7665682d3330, requestedHorizonMs=2500, confidence=100, planning.waypoints=1, offloadTaskId=probe-405, offloadPayload=1024 bytes}"
5g-sender,1783014455182139186,edge4av-real-20260702-multiclient-scalability-run-3,p5g-scale-mqtt-payload-1024-clients-50,scale,guided-planning,mqtt,veh-30,veh-30,rsu-1,p5g-scale-mqtt-payload-1024-clients-50-veh-30-406,ipi-session-1,multiclient-scalability-run-3,veh-30,406,50-clients,default,stationary,unsynced,true,true,clients,50,count,IPI-CooperativeService,1098,1783014455142113056,1783014390344386414,1783014390344437995,1783014455182139186,40.026,,0.052,64837.701,"CooperativeService{guidedPlanning, status=request, vehicleId=0x7665682d3330, requestedHorizonMs=2500, confidence=100, planning.waypoints=1, offloadTaskId=probe-406, offloadPayload=1024 bytes}"
5g-sender,1783014455410103537,edge4av-real-20260702-multiclient-scalability-run-3,p5g-scale-mqtt-payload-1024-clients-50,scale,guided-planning,mqtt,veh-30,veh-30,rsu-1,p5g-scale-mqtt-payload-1024-clients-50-veh-30-407,ipi-session-1,multiclient-scalability-run-3,veh-30,407,50-clients,default,stationary,unsynced,true,true,clients,50,count,IPI-CooperativeService,1098,1783014455382285518,1783014390574620729,1783014390574664856,1783014455410103537,27.818,,0.044,64835.439,"CooperativeService{guidedPlanning, status=request, vehicleId=0x7665682d3330, requestedHorizonMs=2500, confidence=100, planning.waypoints=1, offloadTaskId=probe-407, offloadPayload=1024 bytes}"
5g-sender,1783014455638125516,edge4av-real-20260702-multiclient-scalability-run-3,p5g-scale-mqtt-payload-1024-clients-50,scale,guided-planning,mqtt,veh-30,veh-30,rsu-1,p5g-scale-mqtt-payload-1024-clients-50-veh-30-408,ipi-session-1,multiclient-scalability-run-3,veh-30,408,50-clients,default,stationary,unsynced,true,true,clients,50,count,IPI-CooperativeService,1098,1783014455610292359,1783014390805243327,1783014390805288018,1783014455638125516,27.833,,0.045,64832.837,"CooperativeService{guidedPlanning, status=request, vehicleId=0x7665682d3330, requestedHorizonMs=2500, confidence=100, planning.waypoints=1, offloadTaskId=probe-408, offloadPayload=1024 bytes}"
5g-sender,1783014455930154937,edge4av-real-20260702-multiclient-scalability-run-3,p5g-scale-mqtt-payload-1024-clients-50,scale,guided-planning,mqtt,veh-30,veh-30,rsu-1,p5g-scale-mqtt-payload-1024-clients-50-veh-30-409,ipi-session-1,multiclient-scalability-run-3,veh-30,409,50-clients,default,stationary,unsynced,true,true,clients,50,count,IPI-CooperativeService,1098,1783014455838268031,1783014391044802068,1783014391044843864,1783014455930154937,91.887,,0.042,64885.311,"CooperativeService{guidedPlanning, status=request, vehicleId=0x7665682d3330, requestedHorizonMs=2500, confidence=100, planning.waypoints=1, offloadTaskId=probe-409, offloadPayload=1024 bytes}"
5g-sender,1783014456182197375,edge4av-real-20260702-multiclient-scalability-run-3,p5g-scale-mqtt-payload-1024-clients-50,scale,guided-planning,mqtt,veh-30,veh-30,rsu-1,p5g-scale-mqtt-payload-1024-clients-50-veh-30-410,ipi-session-1,multiclient-scalability-run-3,veh-30,410,50-clients,default,stationary,unsynced,true,true,clients,50,count,IPI-CooperativeService,1098,1783014456130335656,1783014391345838859,1783014391345889642,1783014456182197375,51.862,,0.051,64836.308,"CooperativeService{guidedPlanning, status=request, vehicleId=0x7665682d3330, requestedHorizonMs=2500, confidence=100, planning.waypoints=1, offloadTaskId=probe-410, offloadPayload=1024 bytes}"
5g-sender,1783014456449414319,edge4av-real-20260702-multiclient-scalability-run-3,p5g-scale-mqtt-payload-1024-clients-50,scale,guided-planning,mqtt,veh-30,veh-30,rsu-1,p5g-scale-mqtt-payload-1024-clients-50-veh-30-411,ipi-session-1,multiclient-scalability-run-3,veh-30,411,50-clients,default,stationary,unsynced,true,true,clients,50,count,IPI-CooperativeService,1098,1783014456382374000,1783014391575750053,1783014391575793500,1783014456449414319,67.040,,0.043,64873.621,"CooperativeService{guidedPlanning, status=request, vehicleId=0x7665682d3330, requestedHorizonMs=2500, confidence=100, planning.waypoints=1, offloadTaskId=probe-411, offloadPayload=1024 bytes}"
5g-sender,1783014456698021191,edge4av-real-20260702-multiclient-scalability-run-3,p5g-scale-mqtt-payload-1024-clients-50,scale,guided-planning,mqtt,veh-30,veh-30,rsu-1,p5g-scale-mqtt-payload-1024-clients-50-veh-30-412,ipi-session-1,multiclient-scalability-run-3,veh-30,412,50-clients,default,stationary,unsynced,true,true,clients,50,count,IPI-CooperativeService,1098,1783014456649593890,1783014391856128157,1783014391856171194,1783014456698021191,48.427,,0.043,64841.850,"CooperativeService{guidedPlanning, status=request, vehicleId=0x7665682d3330, requestedHorizonMs=2500, confidence=100, planning.waypoints=1, offloadTaskId=probe-412, offloadPayload=1024 bytes}"
5g-sender,1783014456936069543,edge4av-real-20260702-multiclient-scalability-run-3,p5g-scale-mqtt-payload-1024-clients-50,scale,guided-planning,mqtt,veh-30,veh-30,rsu-1,p5g-scale-mqtt-payload-1024-clients-50-veh-30-413,ipi-session-1,multiclient-scalability-run-3,veh-30,413,50-clients,default,stationary,unsynced,true,true,clients,50,count,IPI-CooperativeService,1098,1783014456898171698,1783014392097362844,1783014392097431560,1783014456936069543,37.898,,0.069,64838.638,"CooperativeService{guidedPlanning, status=request, vehicleId=0x7665682d3330, requestedHorizonMs=2500, confidence=100, planning.waypoints=1, offloadTaskId=probe-413, offloadPayload=1024 bytes}"
5g-sender,1783014457196395689,edge4av-real-20260702-multiclient-scalability-run-3,p5g-scale-mqtt-payload-1024-clients-50,scale,guided-planning,mqtt,veh-30,veh-30,rsu-1,p5g-scale-mqtt-payload-1024-clients-50-veh-30-414,ipi-session-1,multiclient-scalability-run-3,veh-30,414,50-clients,default,stationary,unsynced,true,true,clients,50,count,IPI-CooperativeService,1098,1783014457136261047,1783014392349450644,1783014392349504422,1783014457196395689,60.135,,0.054,64846.891,"CooperativeService{guidedPlanning, status=request, vehicleId=0x7665682d3330, requestedHorizonMs=2500, confidence=100, planning.waypoints=1, offloadTaskId=probe-414, offloadPayload=1024 bytes}"
5g-sender,1783014457498231521,edge4av-real-20260702-multiclient-scalability-run-3,p5g-scale-mqtt-payload-1024-clients-50,scale,guided-planning,mqtt,veh-30,veh-30,rsu-1,p5g-scale-mqtt-payload-1024-clients-50-veh-30-415,ipi-session-1,multiclient-scalability-run-3,veh-30,415,50-clients,default,stationary,unsynced,true,true,clients,50,count,IPI-CooperativeService,1098,1783014457396568337,1783014392648891106,1783014392648952978,1783014457498231521,101.663,,0.062,64849.279,"CooperativeService{guidedPlanning, status=request, vehicleId=0x7665682d3330, requestedHorizonMs=2500, confidence=100, planning.waypoints=1, offloadTaskId=probe-415, offloadPayload=1024 bytes}"
5g-sender,1783014457766153685,edge4av-real-20260702-multiclient-scalability-run-3,p5g-scale-mqtt-payload-1024-clients-50,scale,guided-planning,mqtt,veh-30,veh-30,rsu-1,p5g-scale-mqtt-payload-1024-clients-50-veh-30-416,ipi-session-1,multiclient-scalability-run-3,veh-30,416,50-clients,default,stationary,unsynced,true,true,clients,50,count,IPI-CooperativeService,1098,1783014457698411109,1783014392929698588,1783014392929755636,1783014457766153685,67.743,,0.057,64836.398,"CooperativeService{guidedPlanning, status=request, vehicleId=0x7665682d3330, requestedHorizonMs=2500, confidence=100, planning.waypoints=1, offloadTaskId=probe-416, offloadPayload=1024 bytes}"
5g-sender,1783014458096172874,edge4av-real-20260702-multiclient-scalability-run-3,p5g-scale-mqtt-payload-1024-clients-50,scale,guided-planning,mqtt,veh-30,veh-30,rsu-1,p5g-scale-mqtt-payload-1024-clients-50-veh-30-417,ipi-session-1,multiclient-scalability-run-3,veh-30,417,50-clients,default,stationary,unsynced,true,true,clients,50,count,IPI-CooperativeService,1098,1783014457966321133,1783014393189148543,1783014393189190510,1783014458096172874,129.852,,0.042,64906.982,"CooperativeService{guidedPlanning, status=request, vehicleId=0x7665682d3330, requestedHorizonMs=2500, confidence=100, planning.waypoints=1, offloadTaskId=probe-417, offloadPayload=1024 bytes}"
5g-sender,1783014458345322921,edge4av-real-20260702-multiclient-scalability-run-3,p5g-scale-mqtt-payload-1024-clients-50,scale,guided-planning,mqtt,veh-30,veh-30,rsu-1,p5g-scale-mqtt-payload-1024-clients-50-veh-30-418,ipi-session-1,multiclient-scalability-run-3,veh-30,418,50-clients,default,stationary,unsynced,true,true,clients,50,count,IPI-CooperativeService,1098,1783014458296357619,1783014393498970165,1783014393499021474,1783014458345322921,48.965,,0.051,64846.301,"CooperativeService{guidedPlanning, status=request, vehicleId=0x7665682d3330, requestedHorizonMs=2500, confidence=100, planning.waypoints=1, offloadTaskId=probe-418, offloadPayload=1024 bytes}"
5g-sender,1783014458594131964,edge4av-real-20260702-multiclient-scalability-run-3,p5g-scale-mqtt-payload-1024-clients-50,scale,guided-planning,mqtt,veh-30,veh-30,rsu-1,p5g-scale-mqtt-payload-1024-clients-50-veh-30-419,ipi-session-1,multiclient-scalability-run-3,veh-30,419,50-clients,default,stationary,unsynced,true,true,clients,50,count,IPI-CooperativeService,1098,1783014458545492585,1783014393760555696,1783014393760598685,1783014458594131964,48.639,,0.043,64833.533,"CooperativeService{guidedPlanning, status=request, vehicleId=0x7665682d3330, requestedHorizonMs=2500, confidence=100, planning.waypoints=1, offloadTaskId=probe-419, offloadPayload=1024 bytes}"
5g-sender,1783014458937504036,edge4av-real-20260702-multiclient-scalability-run-3,p5g-scale-mqtt-payload-1024-clients-50,scale,guided-planning,mqtt,veh-30,veh-30,rsu-1,p5g-scale-mqtt-payload-1024-clients-50-veh-30-420,ipi-session-1,multiclient-scalability-run-3,veh-30,420,50-clients,default,stationary,unsynced,true,true,clients,50,count,IPI-CooperativeService,1098,1783014458794325396,1783014394052903229,1783014394052946755,1783014458937504036,143.179,,0.044,64884.557,"CooperativeService{guidedPlanning, status=request, vehicleId=0x7665682d3330, requestedHorizonMs=2500, confidence=100, planning.waypoints=1, offloadTaskId=probe-420, offloadPayload=1024 bytes}"
5g-sender,1783014459190143373,edge4av-real-20260702-multiclient-scalability-run-3,p5g-scale-mqtt-payload-1024-clients-50,scale,guided-planning,mqtt,veh-30,veh-30,rsu-1,p5g-scale-mqtt-payload-1024-clients-50-veh-30-421,ipi-session-1,multiclient-scalability-run-3,veh-30,421,50-clients,default,stationary,unsynced,true,true,clients,50,count,IPI-CooperativeService,1098,1783014459137679910,1783014394351792468,1783014394351852101,1783014459190143373,52.463,,0.060,64838.291,"CooperativeService{guidedPlanning, status=request, vehicleId=0x7665682d3330, requestedHorizonMs=2500, confidence=100, planning.waypoints=1, offloadTaskId=probe-421, offloadPayload=1024 bytes}"
5g-sender,1783014459428098000,edge4av-real-20260702-multiclient-scalability-run-3,p5g-scale-mqtt-payload-1024-clients-50,scale,guided-planning,mqtt,veh-30,veh-30,rsu-1,p5g-scale-mqtt-payload-1024-clients-50-veh-30-422,ipi-session-1,multiclient-scalability-run-3,veh-30,422,50-clients,default,stationary,unsynced,true,true,clients,50,count,IPI-CooperativeService,1098,1783014459390291624,1783014394592448079,1783014394592491307,1783014459428098000,37.806,,0.043,64835.607,"CooperativeService{guidedPlanning, status=request, vehicleId=0x7665682d3330, requestedHorizonMs=2500, confidence=100, planning.waypoints=1, offloadTaskId=probe-422, offloadPayload=1024 bytes}"
5g-sender,1783014459670126460,edge4av-real-20260702-multiclient-scalability-run-3,p5g-scale-mqtt-payload-1024-clients-50,scale,guided-planning,mqtt,veh-30,veh-30,rsu-1,p5g-scale-mqtt-payload-1024-clients-50-veh-30-423,ipi-session-1,multiclient-scalability-run-3,veh-30,423,50-clients,default,stationary,unsynced,true,true,clients,50,count,IPI-CooperativeService,1098,1783014459628242528,1783014394831571258,1783014394831630858,1783014459670126460,41.884,,0.060,64838.496,"CooperativeService{guidedPlanning, status=request, vehicleId=0x7665682d3330, requestedHorizonMs=2500, confidence=100, planning.waypoints=1, offloadTaskId=probe-423, offloadPayload=1024 bytes}"
5g-sender,1783014459910157144,edge4av-real-20260702-multiclient-scalability-run-3,p5g-scale-mqtt-payload-1024-clients-50,scale,guided-planning,mqtt,veh-30,veh-30,rsu-1,p5g-scale-mqtt-payload-1024-clients-50-veh-30-424,ipi-session-1,multiclient-scalability-run-3,veh-30,424,50-clients,default,stationary,unsynced,true,true,clients,50,count,IPI-CooperativeService,1098,1783014459870272495,1783014395072311405,1783014395072371038,1783014459910157144,39.885,,0.060,64837.786,"CooperativeService{guidedPlanning, status=request, vehicleId=0x7665682d3330, requestedHorizonMs=2500, confidence=100, planning.waypoints=1, offloadTaskId=probe-424, offloadPayload=1024 bytes}"
5g-sender,1783014460146101926,edge4av-real-20260702-multiclient-scalability-run-3,p5g-scale-mqtt-payload-1024-clients-50,scale,guided-planning,mqtt,veh-30,veh-30,rsu-1,p5g-scale-mqtt-payload-1024-clients-50-veh-30-425,ipi-session-1,multiclient-scalability-run-3,veh-30,425,50-clients,default,stationary,unsynced,true,true,clients,50,count,IPI-CooperativeService,1098,1783014460110310254,1783014395312313683,1783014395312385322,1783014460146101926,35.792,,0.072,64833.717,"CooperativeService{guidedPlanning, status=request, vehicleId=0x7665682d3330, requestedHorizonMs=2500, confidence=100, planning.waypoints=1, offloadTaskId=probe-425, offloadPayload=1024 bytes}"
5g-sender,1783014460388169953,edge4av-real-20260702-multiclient-scalability-run-3,p5g-scale-mqtt-payload-1024-clients-50,scale,guided-planning,mqtt,veh-30,veh-30,rsu-1,p5g-scale-mqtt-payload-1024-clients-50-veh-30-426,ipi-session-1,multiclient-scalability-run-3,veh-30,426,50-clients,default,stationary,unsynced,true,true,clients,50,count,IPI-CooperativeService,1098,1783014460346288607,1783014395553498165,1783014395553540851,1783014460388169953,41.881,,0.043,64834.629,"CooperativeService{guidedPlanning, status=request, vehicleId=0x7665682d3330, requestedHorizonMs=2500, confidence=100, planning.waypoints=1, offloadTaskId=probe-426, offloadPayload=1024 bytes}"
5g-sender,1783014460628145132,edge4av-real-20260702-multiclient-scalability-run-3,p5g-scale-mqtt-payload-1024-clients-50,scale,guided-planning,mqtt,veh-30,veh-30,rsu-1,p5g-scale-mqtt-payload-1024-clients-50-veh-30-427,ipi-session-1,multiclient-scalability-run-3,veh-30,427,50-clients,default,stationary,unsynced,true,true,clients,50,count,IPI-CooperativeService,1098,1783014460588312297,1783014395783333075,1783014395783375428,1783014460628145132,39.833,,0.042,64844.770,"CooperativeService{guidedPlanning, status=request, vehicleId=0x7665682d3330, requestedHorizonMs=2500, confidence=100, planning.waypoints=1, offloadTaskId=probe-427, offloadPayload=1024 bytes}"
5g-sender,1783014460864121791,edge4av-real-20260702-multiclient-scalability-run-3,p5g-scale-mqtt-payload-1024-clients-50,scale,guided-planning,mqtt,veh-30,veh-30,rsu-1,p5g-scale-mqtt-payload-1024-clients-50-veh-30-428,ipi-session-1,multiclient-scalability-run-3,veh-30,428,50-clients,default,stationary,unsynced,true,true,clients,50,count,IPI-CooperativeService,1098,1783014460828292912,1783014396022900178,1783014396022951373,1783014460864121791,35.829,,0.051,64841.170,"CooperativeService{guidedPlanning, status=request, vehicleId=0x7665682d3330, requestedHorizonMs=2500, confidence=100, planning.waypoints=1, offloadTaskId=probe-428, offloadPayload=1024 bytes}"
5g-sender,1783014461100235168,edge4av-real-20260702-multiclient-scalability-run-3,p5g-scale-mqtt-payload-1024-clients-50,scale,guided-planning,mqtt,veh-30,veh-30,rsu-1,p5g-scale-mqtt-payload-1024-clients-50-veh-30-429,ipi-session-1,multiclient-scalability-run-3,veh-30,429,50-clients,default,stationary,unsynced,true,true,clients,50,count,IPI-CooperativeService,1098,1783014461064270232,1783014396263597669,1783014396263668856,1783014461100235168,35.965,,0.071,64836.566,"CooperativeService{guidedPlanning, status=request, vehicleId=0x7665682d3330, requestedHorizonMs=2500, confidence=100, planning.waypoints=1, offloadTaskId=probe-429, offloadPayload=1024 bytes}"
5g-sender,1783014461330083075,edge4av-real-20260702-multiclient-scalability-run-3,p5g-scale-mqtt-payload-1024-clients-50,scale,guided-planning,mqtt,veh-30,veh-30,rsu-1,p5g-scale-mqtt-payload-1024-clients-50-veh-30-430,ipi-session-1,multiclient-scalability-run-3,veh-30,430,50-clients,default,stationary,unsynced,true,true,clients,50,count,IPI-CooperativeService,1098,1783014461300372875,1783014396493993023,1783014396494043710,1783014461330083075,29.710,,0.051,64836.039,"CooperativeService{guidedPlanning, status=request, vehicleId=0x7665682d3330, requestedHorizonMs=2500, confidence=100, planning.waypoints=1, offloadTaskId=probe-430, offloadPayload=1024 bytes}"
5g-sender,1783014461568181434,edge4av-real-20260702-multiclient-scalability-run-3,p5g-scale-mqtt-payload-1024-clients-50,scale,guided-planning,mqtt,veh-30,veh-30,rsu-1,p5g-scale-mqtt-payload-1024-clients-50-veh-30-431,ipi-session-1,multiclient-scalability-run-3,veh-30,431,50-clients,default,stationary,unsynced,true,true,clients,50,count,IPI-CooperativeService,1098,1783014461530229099,1783014396734198327,1783014396734241035,1783014461568181434,37.952,,0.043,64833.940,"CooperativeService{guidedPlanning, status=request, vehicleId=0x7665682d3330, requestedHorizonMs=2500, confidence=100, planning.waypoints=1, offloadTaskId=probe-431, offloadPayload=1024 bytes}"
5g-sender,1783014461808179009,edge4av-real-20260702-multiclient-scalability-run-3,p5g-scale-mqtt-payload-1024-clients-50,scale,guided-planning,mqtt,veh-30,veh-30,rsu-1,p5g-scale-mqtt-payload-1024-clients-50-veh-30-432,ipi-session-1,multiclient-scalability-run-3,veh-30,432,50-clients,default,stationary,unsynced,true,true,clients,50,count,IPI-CooperativeService,1098,1783014461768361035,1783014396975371504,1783014396975442103,1783014461808179009,39.818,,0.071,64832.737,"CooperativeService{guidedPlanning, status=request, vehicleId=0x7665682d3330, requestedHorizonMs=2500, confidence=100, planning.waypoints=1, offloadTaskId=probe-432, offloadPayload=1024 bytes}"
5g-sender,1783014462052128313,edge4av-real-20260702-multiclient-scalability-run-3,p5g-scale-mqtt-payload-1024-clients-50,scale,guided-planning,mqtt,veh-30,veh-30,rsu-1,p5g-scale-mqtt-payload-1024-clients-50-veh-30-433,ipi-session-1,multiclient-scalability-run-3,veh-30,433,50-clients,default,stationary,unsynced,true,true,clients,50,count,IPI-CooperativeService,1098,1783014462008335576,1783014397215235810,1783014397215283184,1783014462052128313,43.793,,0.047,64836.845,"CooperativeService{guidedPlanning, status=request, vehicleId=0x7665682d3330, requestedHorizonMs=2500, confidence=100, planning.waypoints=1, offloadTaskId=probe-433, offloadPayload=1024 bytes}"
5g-sender,1783014462292191095,edge4av-real-20260702-multiclient-scalability-run-3,p5g-scale-mqtt-payload-1024-clients-50,scale,guided-planning,mqtt,veh-30,veh-30,rsu-1,p5g-scale-mqtt-payload-1024-clients-50-veh-30-434,ipi-session-1,multiclient-scalability-run-3,veh-30,434,50-clients,default,stationary,unsynced,true,true,clients,50,count,IPI-CooperativeService,1098,1783014462252275803,1783014397457342999,1783014397457398575,1783014462292191095,39.915,,0.056,64834.793,"CooperativeService{guidedPlanning, status=request, vehicleId=0x7665682d3330, requestedHorizonMs=2500, confidence=100, planning.waypoints=1, offloadTaskId=probe-434, offloadPayload=1024 bytes}"
5g-sender,1783014462782071574,edge4av-real-20260702-multiclient-scalability-run-3,p5g-scale-mqtt-payload-1024-clients-50,scale,guided-planning,mqtt,veh-30,veh-30,rsu-1,p5g-scale-mqtt-payload-1024-clients-50-veh-30-435,ipi-session-1,multiclient-scalability-run-3,veh-30,435,50-clients,default,stationary,unsynced,true,true,clients,50,count,IPI-CooperativeService,1098,1783014462492335878,1783014397697411080,1783014397697468557,1783014462782071574,289.736,,0.057,65084.603,"CooperativeService{guidedPlanning, status=request, vehicleId=0x7665682d3330, requestedHorizonMs=2500, confidence=100, planning.waypoints=1, offloadTaskId=probe-435, offloadPayload=1024 bytes}"
5g-sender,1783014463042221357,edge4av-real-20260702-multiclient-scalability-run-3,p5g-scale-mqtt-payload-1024-clients-50,scale,guided-planning,mqtt,veh-30,veh-30,rsu-1,p5g-scale-mqtt-payload-1024-clients-50-veh-30-436,ipi-session-1,multiclient-scalability-run-3,veh-30,436,50-clients,default,stationary,unsynced,true,true,clients,50,count,IPI-CooperativeService,1098,1783014462982216847,1783014398208755007,1783014398208798173,1783014463042221357,60.005,,0.043,64833.423,"CooperativeService{guidedPlanning, status=request, vehicleId=0x7665682d3330, requestedHorizonMs=2500, confidence=100, planning.waypoints=1, offloadTaskId=probe-436, offloadPayload=1024 bytes}"
5g-sender,1783014463395748098,edge4av-real-20260702-multiclient-scalability-run-3,p5g-scale-mqtt-payload-1024-clients-50,scale,guided-planning,mqtt,veh-30,veh-30,rsu-1,p5g-scale-mqtt-payload-1024-clients-50-veh-30-437,ipi-session-1,multiclient-scalability-run-3,veh-30,437,50-clients,default,stationary,unsynced,true,true,clients,50,count,IPI-CooperativeService,1098,1783014463242367277,1783014398488659484,1783014398488746502,1783014463395748098,153.381,,0.087,64907.002,"CooperativeService{guidedPlanning, status=request, vehicleId=0x7665682d3330, requestedHorizonMs=2500, confidence=100, planning.waypoints=1, offloadTaskId=probe-437, offloadPayload=1024 bytes}"
5g-sender,1783014463652082841,edge4av-real-20260702-multiclient-scalability-run-3,p5g-scale-mqtt-payload-1024-clients-50,scale,guided-planning,mqtt,veh-30,veh-30,rsu-1,p5g-scale-mqtt-payload-1024-clients-50-veh-30-438,ipi-session-1,multiclient-scalability-run-3,veh-30,438,50-clients,default,stationary,unsynced,true,true,clients,50,count,IPI-CooperativeService,1098,1783014463595902119,1783014398818446299,1783014398818495562,1783014463652082841,56.181,,0.049,64833.587,"CooperativeService{guidedPlanning, status=request, vehicleId=0x7665682d3330, requestedHorizonMs=2500, confidence=100, planning.waypoints=1, offloadTaskId=probe-438, offloadPayload=1024 bytes}"
5g-sender,1783014463904137607,edge4av-real-20260702-multiclient-scalability-run-3,p5g-scale-mqtt-payload-1024-clients-50,scale,guided-planning,mqtt,veh-30,veh-30,rsu-1,p5g-scale-mqtt-payload-1024-clients-50-veh-30-439,ipi-session-1,multiclient-scalability-run-3,veh-30,439,50-clients,default,stationary,unsynced,true,true,clients,50,count,IPI-CooperativeService,1098,1783014463852278838,1783014399058706522,1783014399058779134,1783014463904137607,51.859,,0.073,64845.358,"CooperativeService{guidedPlanning, status=request, vehicleId=0x7665682d3330, requestedHorizonMs=2500, confidence=100, planning.waypoints=1, offloadTaskId=probe-439, offloadPayload=1024 bytes}"
5g-sender,1783014464382188673,edge4av-real-20260702-multiclient-scalability-run-3,p5g-scale-mqtt-payload-1024-clients-50,scale,guided-planning,mqtt,veh-30,veh-30,rsu-1,p5g-scale-mqtt-payload-1024-clients-50-veh-30-440,ipi-session-1,multiclient-scalability-run-3,veh-30,440,50-clients,default,stationary,unsynced,true,true,clients,50,count,IPI-CooperativeService,1098,1783014464104287647,1783014399298666943,1783014399298711947,1783014464382188673,277.901,,0.045,65083.477,"CooperativeService{guidedPlanning, status=request, vehicleId=0x7665682d3330, requestedHorizonMs=2500, confidence=100, planning.waypoints=1, offloadTaskId=probe-440, offloadPayload=1024 bytes}"
5g-sender,1783014464643999607,edge4av-real-20260702-multiclient-scalability-run-3,p5g-scale-mqtt-payload-1024-clients-50,scale,guided-planning,mqtt,veh-30,veh-30,rsu-1,p5g-scale-mqtt-payload-1024-clients-50-veh-30-441,ipi-session-1,multiclient-scalability-run-3,veh-30,441,50-clients,default,stationary,unsynced,true,true,clients,50,count,IPI-CooperativeService,1098,1783014464582334253,1783014399810952624,1783014399810994981,1783014464643999607,61.665,,0.042,64833.005,"CooperativeService{guidedPlanning, status=request, vehicleId=0x7665682d3330, requestedHorizonMs=2500, confidence=100, planning.waypoints=1, offloadTaskId=probe-441, offloadPayload=1024 bytes}"
5g-sender,1783014464883992815,edge4av-real-20260702-multiclient-scalability-run-3,p5g-scale-mqtt-payload-1024-clients-50,scale,guided-planning,mqtt,veh-30,veh-30,rsu-1,p5g-scale-mqtt-payload-1024-clients-50-veh-30-442,ipi-session-1,multiclient-scalability-run-3,veh-30,442,50-clients,default,stationary,unsynced,true,true,clients,50,count,IPI-CooperativeService,1098,1783014464844149783,1783014400049708135,1783014400049759075,1783014464883992815,39.843,,0.051,64834.234,"CooperativeService{guidedPlanning, status=request, vehicleId=0x7665682d3330, requestedHorizonMs=2500, confidence=100, planning.waypoints=1, offloadTaskId=probe-442, offloadPayload=1024 bytes}"
5g-sender,1783014465116105635,edge4av-real-20260702-multiclient-scalability-run-3,p5g-scale-mqtt-payload-1024-clients-50,scale,guided-planning,mqtt,veh-30,veh-30,rsu-1,p5g-scale-mqtt-payload-1024-clients-50-veh-30-443,ipi-session-1,multiclient-scalability-run-3,veh-30,443,50-clients,default,stationary,unsynced,true,true,clients,50,count,IPI-CooperativeService,1098,1783014465084288289,1783014400280521724,1783014400280578566,1783014465116105635,31.817,,0.057,64835.527,"CooperativeService{guidedPlanning, status=request, vehicleId=0x7665682d3330, requestedHorizonMs=2500, confidence=100, planning.waypoints=1, offloadTaskId=probe-443, offloadPayload=1024 bytes}"
5g-sender,1783014465382689449,edge4av-real-20260702-multiclient-scalability-run-3,p5g-scale-mqtt-payload-1024-clients-50,scale,guided-planning,mqtt,veh-30,veh-30,rsu-1,p5g-scale-mqtt-payload-1024-clients-50-veh-30-444,ipi-session-1,multiclient-scalability-run-3,veh-30,444,50-clients,default,stationary,unsynced,true,true,clients,50,count,IPI-CooperativeService,1098,1783014465316258128,1783014400541543555,1783014400541593872,1783014465382689449,66.431,,0.050,64841.096,"CooperativeService{guidedPlanning, status=request, vehicleId=0x7665682d3330, requestedHorizonMs=2500, confidence=100, planning.waypoints=1, offloadTaskId=probe-444, offloadPayload=1024 bytes}"
5g-sender,1783014465693331166,edge4av-real-20260702-multiclient-scalability-run-3,p5g-scale-mqtt-payload-1024-clients-50,scale,guided-planning,mqtt,veh-30,veh-30,rsu-1,p5g-scale-mqtt-payload-1024-clients-50-veh-30-445,ipi-session-1,multiclient-scalability-run-3,veh-30,445,50-clients,default,stationary,unsynced,true,true,clients,50,count,IPI-CooperativeService,1098,1783014465582891063,1783014400781562962,1783014400781617295,1783014465693331166,110.440,,0.054,64911.714,"CooperativeService{guidedPlanning, status=request, vehicleId=0x7665682d3330, requestedHorizonMs=2500, confidence=100, planning.waypoints=1, offloadTaskId=probe-445, offloadPayload=1024 bytes}"
5g-sender,1783014465946153491,edge4av-real-20260702-multiclient-scalability-run-3,p5g-scale-mqtt-payload-1024-clients-50,scale,guided-planning,mqtt,veh-30,veh-30,rsu-1,p5g-scale-mqtt-payload-1024-clients-50-veh-30-446,ipi-session-1,multiclient-scalability-run-3,veh-30,446,50-clients,default,stationary,unsynced,true,true,clients,50,count,IPI-CooperativeService,1098,1783014465893542260,1783014401111717991,1783014401111760254,1783014465946153491,52.611,,0.042,64834.393,"CooperativeService{guidedPlanning, status=request, vehicleId=0x7665682d3330, requestedHorizonMs=2500, confidence=100, planning.waypoints=1, offloadTaskId=probe-446, offloadPayload=1024 bytes}"
5g-sender,1783014466186214146,edge4av-real-20260702-multiclient-scalability-run-3,p5g-scale-mqtt-payload-1024-clients-50,scale,guided-planning,mqtt,veh-30,veh-30,rsu-1,p5g-scale-mqtt-payload-1024-clients-50-veh-30-447,ipi-session-1,multiclient-scalability-run-3,veh-30,447,50-clients,default,stationary,unsynced,true,true,clients,50,count,IPI-CooperativeService,1098,1783014466146300620,1783014401351825842,1783014401351875941,1783014466186214146,39.914,,0.050,64834.338,"CooperativeService{guidedPlanning, status=request, vehicleId=0x7665682d3330, requestedHorizonMs=2500, confidence=100, planning.waypoints=1, offloadTaskId=probe-447, offloadPayload=1024 bytes}"
5g-sender,1783014466430154162,edge4av-real-20260702-multiclient-scalability-run-3,p5g-scale-mqtt-payload-1024-clients-50,scale,guided-planning,mqtt,veh-30,veh-30,rsu-1,p5g-scale-mqtt-payload-1024-clients-50-veh-30-448,ipi-session-1,multiclient-scalability-run-3,veh-30,448,50-clients,default,stationary,unsynced,true,true,clients,50,count,IPI-CooperativeService,1098,1783014466386363339,1783014401592281544,1783014401592342373,1783014466430154162,43.791,,0.061,64837.812,"CooperativeService{guidedPlanning, status=request, vehicleId=0x7665682d3330, requestedHorizonMs=2500, confidence=100, planning.waypoints=1, offloadTaskId=probe-448, offloadPayload=1024 bytes}"
5g-sender,1783014466670138069,edge4av-real-20260702-multiclient-scalability-run-3,p5g-scale-mqtt-payload-1024-clients-50,scale,guided-planning,mqtt,veh-30,veh-30,rsu-1,p5g-scale-mqtt-payload-1024-clients-50-veh-30-449,ipi-session-1,multiclient-scalability-run-3,veh-30,449,50-clients,default,stationary,unsynced,true,true,clients,50,count,IPI-CooperativeService,1098,1783014466630304171,1783014401832519378,1783014401832570275,1783014466670138069,39.834,,0.051,64837.568,"CooperativeService{guidedPlanning, status=request, vehicleId=0x7665682d3330, requestedHorizonMs=2500, confidence=100, planning.waypoints=1, offloadTaskId=probe-449, offloadPayload=1024 bytes}"
5g-sender,1783014466900144311,edge4av-real-20260702-multiclient-scalability-run-3,p5g-scale-mqtt-payload-1024-clients-50,scale,guided-planning,mqtt,veh-30,veh-30,rsu-1,p5g-scale-mqtt-payload-1024-clients-50-veh-30-450,ipi-session-1,multiclient-scalability-run-3,veh-30,450,50-clients,default,stationary,unsynced,true,true,clients,50,count,IPI-CooperativeService,1098,1783014466870287335,1783014402062776248,1783014402062827576,1783014466900144311,29.857,,0.051,64837.317,"CooperativeService{guidedPlanning, status=request, vehicleId=0x7665682d3330, requestedHorizonMs=2500, confidence=100, planning.waypoints=1, offloadTaskId=probe-450, offloadPayload=1024 bytes}"
5g-sender,1783014467128076039,edge4av-real-20260702-multiclient-scalability-run-3,p5g-scale-mqtt-payload-1024-clients-50,scale,guided-planning,mqtt,veh-30,veh-30,rsu-1,p5g-scale-mqtt-payload-1024-clients-50-veh-30-451,ipi-session-1,multiclient-scalability-run-3,veh-30,451,50-clients,default,stationary,unsynced,true,true,clients,50,count,IPI-CooperativeService,1098,1783014467100333737,1783014402293527267,1783014402293577730,1783014467128076039,27.742,,0.050,64834.498,"CooperativeService{guidedPlanning, status=request, vehicleId=0x7665682d3330, requestedHorizonMs=2500, confidence=100, planning.waypoints=1, offloadTaskId=probe-451, offloadPayload=1024 bytes}"
5g-sender,1783014467360159535,edge4av-real-20260702-multiclient-scalability-run-3,p5g-scale-mqtt-payload-1024-clients-50,scale,guided-planning,mqtt,veh-30,veh-30,rsu-1,p5g-scale-mqtt-payload-1024-clients-50-veh-30-452,ipi-session-1,multiclient-scalability-run-3,veh-30,452,50-clients,default,stationary,unsynced,true,true,clients,50,count,IPI-CooperativeService,1098,1783014467328259876,1783014402523612534,1783014402523662705,1783014467360159535,31.900,,0.050,64836.497,"CooperativeService{guidedPlanning, status=request, vehicleId=0x7665682d3330, requestedHorizonMs=2500, confidence=100, planning.waypoints=1, offloadTaskId=probe-452, offloadPayload=1024 bytes}"
5g-sender,1783014467600200126,edge4av-real-20260702-multiclient-scalability-run-3,p5g-scale-mqtt-payload-1024-clients-50,scale,guided-planning,mqtt,veh-30,veh-30,rsu-1,p5g-scale-mqtt-payload-1024-clients-50-veh-30-453,ipi-session-1,multiclient-scalability-run-3,veh-30,453,50-clients,default,stationary,unsynced,true,true,clients,50,count,IPI-CooperativeService,1098,1783014467560305661,1783014402764655955,1783014402764745412,1783014467600200126,39.894,,0.089,64835.455,"CooperativeService{guidedPlanning, status=request, vehicleId=0x7665682d3330, requestedHorizonMs=2500, confidence=100, planning.waypoints=1, offloadTaskId=probe-453, offloadPayload=1024 bytes}"
5g-sender,1783014467850146520,edge4av-real-20260702-multiclient-scalability-run-3,p5g-scale-mqtt-payload-1024-clients-50,scale,guided-planning,mqtt,veh-30,veh-30,rsu-1,p5g-scale-mqtt-payload-1024-clients-50-veh-30-454,ipi-session-1,multiclient-scalability-run-3,veh-30,454,50-clients,default,stationary,unsynced,true,true,clients,50,count,IPI-CooperativeService,1098,1783014467800390433,1783014403005942554,1783014403005994202,1783014467850146520,49.756,,0.052,64844.152,"CooperativeService{guidedPlanning, status=request, vehicleId=0x7665682d3330, requestedHorizonMs=2500, confidence=100, planning.waypoints=1, offloadTaskId=probe-454, offloadPayload=1024 bytes}"
5g-sender,1783014468090144994,edge4av-real-20260702-multiclient-scalability-run-3,p5g-scale-mqtt-payload-1024-clients-50,scale,guided-planning,mqtt,veh-30,veh-30,rsu-1,p5g-scale-mqtt-payload-1024-clients-50-veh-30-455,ipi-session-1,multiclient-scalability-run-3,veh-30,455,50-clients,default,stationary,unsynced,true,true,clients,50,count,IPI-CooperativeService,1098,1783014468050323929,1783014403256885260,1783014403256928928,1783014468090144994,39.821,,0.044,64833.216,"CooperativeService{guidedPlanning, status=request, vehicleId=0x7665682d3330, requestedHorizonMs=2500, confidence=100, planning.waypoints=1, offloadTaskId=probe-455, offloadPayload=1024 bytes}"
5g-sender,1783014468330334110,edge4av-real-20260702-multiclient-scalability-run-3,p5g-scale-mqtt-payload-1024-clients-50,scale,guided-planning,mqtt,veh-30,veh-30,rsu-1,p5g-scale-mqtt-payload-1024-clients-50-veh-30-456,ipi-session-1,multiclient-scalability-run-3,veh-30,456,50-clients,default,stationary,unsynced,true,true,clients,50,count,IPI-CooperativeService,1098,1783014468290331043,1783014403496262079,1783014403496304567,1783014468330334110,40.003,,0.042,64834.030,"CooperativeService{guidedPlanning, status=request, vehicleId=0x7665682d3330, requestedHorizonMs=2500, confidence=100, planning.waypoints=1, offloadTaskId=probe-456, offloadPayload=1024 bytes}"
5g-sender,1783014468582200399,edge4av-real-20260702-multiclient-scalability-run-3,p5g-scale-mqtt-payload-1024-clients-50,scale,guided-planning,mqtt,veh-30,veh-30,rsu-1,p5g-scale-mqtt-payload-1024-clients-50-veh-30-457,ipi-session-1,multiclient-scalability-run-3,veh-30,457,50-clients,default,stationary,unsynced,true,true,clients,50,count,IPI-CooperativeService,1098,1783014468530579363,1783014403737457672,1783014403737523791,1783014468582200399,51.621,,0.066,64844.677,"CooperativeService{guidedPlanning, status=request, vehicleId=0x7665682d3330, requestedHorizonMs=2500, confidence=100, planning.waypoints=1, offloadTaskId=probe-457, offloadPayload=1024 bytes}"
5g-sender,1783014468822232301,edge4av-real-20260702-multiclient-scalability-run-3,p5g-scale-mqtt-payload-1024-clients-50,scale,guided-planning,mqtt,veh-30,veh-30,rsu-1,p5g-scale-mqtt-payload-1024-clients-50-veh-30-458,ipi-session-1,multiclient-scalability-run-3,veh-30,458,50-clients,default,stationary,unsynced,true,true,clients,50,count,IPI-CooperativeService,1098,1783014468782378489,1783014403988011387,1783014403988054842,1783014468822232301,39.854,,0.043,64834.177,"CooperativeService{guidedPlanning, status=request, vehicleId=0x7665682d3330, requestedHorizonMs=2500, confidence=100, planning.waypoints=1, offloadTaskId=probe-458, offloadPayload=1024 bytes}"
5g-sender,1783014469066151023,edge4av-real-20260702-multiclient-scalability-run-3,p5g-scale-mqtt-payload-1024-clients-50,scale,guided-planning,mqtt,veh-30,veh-30,rsu-1,p5g-scale-mqtt-payload-1024-clients-50-veh-30-459,ipi-session-1,multiclient-scalability-run-3,veh-30,459,50-clients,default,stationary,unsynced,true,true,clients,50,count,IPI-CooperativeService,1098,1783014469022409380,1783014404229011306,1783014404229073946,1783014469066151023,43.742,,0.063,64837.077,"CooperativeService{guidedPlanning, status=request, vehicleId=0x7665682d3330, requestedHorizonMs=2500, confidence=100, planning.waypoints=1, offloadTaskId=probe-459, offloadPayload=1024 bytes}"
5g-sender,1783014469300247393,edge4av-real-20260702-multiclient-scalability-run-3,p5g-scale-mqtt-payload-1024-clients-50,scale,guided-planning,mqtt,veh-30,veh-30,rsu-1,p5g-scale-mqtt-payload-1024-clients-50-veh-30-460,ipi-session-1,multiclient-scalability-run-3,veh-30,460,50-clients,default,stationary,unsynced,true,true,clients,50,count,IPI-CooperativeService,1098,1783014469266311472,1783014404458104770,1783014404458146976,1783014469300247393,33.936,,0.042,64842.100,"CooperativeService{guidedPlanning, status=request, vehicleId=0x7665682d3330, requestedHorizonMs=2500, confidence=100, planning.waypoints=1, offloadTaskId=probe-460, offloadPayload=1024 bytes}"
5g-sender,1783014469522162901,edge4av-real-20260702-multiclient-scalability-run-3,p5g-scale-mqtt-payload-1024-clients-50,scale,guided-planning,mqtt,veh-30,veh-30,rsu-1,p5g-scale-mqtt-payload-1024-clients-50-veh-30-461,ipi-session-1,multiclient-scalability-run-3,veh-30,461,50-clients,default,stationary,unsynced,true,true,clients,50,count,IPI-CooperativeService,1098,1783014469500392206,1783014404686882174,1783014404686925956,1783014469522162901,21.771,,0.044,64835.237,"CooperativeService{guidedPlanning, status=request, vehicleId=0x7665682d3330, requestedHorizonMs=2500, confidence=100, planning.waypoints=1, offloadTaskId=probe-461, offloadPayload=1024 bytes}"
5g-sender,1783014469762156321,edge4av-real-20260702-multiclient-scalability-run-3,p5g-scale-mqtt-payload-1024-clients-50,scale,guided-planning,mqtt,veh-30,veh-30,rsu-1,p5g-scale-mqtt-payload-1024-clients-50-veh-30-462,ipi-session-1,multiclient-scalability-run-3,veh-30,462,50-clients,default,stationary,unsynced,true,true,clients,50,count,IPI-CooperativeService,1098,1783014469722308163,1783014404928118132,1783014404928185138,1783014469762156321,39.848,,0.067,64833.971,"CooperativeService{guidedPlanning, status=request, vehicleId=0x7665682d3330, requestedHorizonMs=2500, confidence=100, planning.waypoints=1, offloadTaskId=probe-462, offloadPayload=1024 bytes}"
5g-sender,1783014470002193952,edge4av-real-20260702-multiclient-scalability-run-3,p5g-scale-mqtt-payload-1024-clients-50,scale,guided-planning,mqtt,veh-30,veh-30,rsu-1,p5g-scale-mqtt-payload-1024-clients-50-veh-30-463,ipi-session-1,multiclient-scalability-run-3,veh-30,463,50-clients,default,stationary,unsynced,true,true,clients,50,count,IPI-CooperativeService,1098,1783014469962359044,1783014405159579320,1783014405159635425,1783014470002193952,39.835,,0.056,64842.559,"CooperativeService{guidedPlanning, status=request, vehicleId=0x7665682d3330, requestedHorizonMs=2500, confidence=100, planning.waypoints=1, offloadTaskId=probe-463, offloadPayload=1024 bytes}"
5g-sender,1783014470236198055,edge4av-real-20260702-multiclient-scalability-run-3,p5g-scale-mqtt-payload-1024-clients-50,scale,guided-planning,mqtt,veh-30,veh-30,rsu-1,p5g-scale-mqtt-payload-1024-clients-50-veh-30-464,ipi-session-1,multiclient-scalability-run-3,veh-30,464,50-clients,default,stationary,unsynced,true,true,clients,50,count,IPI-CooperativeService,1098,1783014470202358710,1783014405398890934,1783014405398934999,1783014470236198055,33.839,,0.044,64837.263,"CooperativeService{guidedPlanning, status=request, vehicleId=0x7665682d3330, requestedHorizonMs=2500, confidence=100, planning.waypoints=1, offloadTaskId=probe-464, offloadPayload=1024 bytes}"
5g-sender,1783014470464228384,edge4av-real-20260702-multiclient-scalability-run-3,p5g-scale-mqtt-payload-1024-clients-50,scale,guided-planning,mqtt,veh-30,veh-30,rsu-1,p5g-scale-mqtt-payload-1024-clients-50-veh-30-465,ipi-session-1,multiclient-scalability-run-3,veh-30,465,50-clients,default,stationary,unsynced,true,true,clients,50,count,IPI-CooperativeService,1098,1783014470436359583,1783014405630914106,1783014405630986181,1783014470464228384,27.869,,0.072,64833.242,"CooperativeService{guidedPlanning, status=request, vehicleId=0x7665682d3330, requestedHorizonMs=2500, confidence=100, planning.waypoints=1, offloadTaskId=probe-465, offloadPayload=1024 bytes}"
5g-sender,1783014470704279647,edge4av-real-20260702-multiclient-scalability-run-3,p5g-scale-mqtt-payload-1024-clients-50,scale,guided-planning,mqtt,veh-30,veh-30,rsu-1,p5g-scale-mqtt-payload-1024-clients-50-veh-30-466,ipi-session-1,multiclient-scalability-run-3,veh-30,466,50-clients,default,stationary,unsynced,true,true,clients,50,count,IPI-CooperativeService,1098,1783014470664377222,1783014405871369943,1783014405871430744,1783014470704279647,39.902,,0.061,64832.849,"CooperativeService{guidedPlanning, status=request, vehicleId=0x7665682d3330, requestedHorizonMs=2500, confidence=100, planning.waypoints=1, offloadTaskId=probe-466, offloadPayload=1024 bytes}"
5g-sender,1783014470948231990,edge4av-real-20260702-multiclient-scalability-run-3,p5g-scale-mqtt-payload-1024-clients-50,scale,guided-planning,mqtt,veh-30,veh-30,rsu-1,p5g-scale-mqtt-payload-1024-clients-50-veh-30-467,ipi-session-1,multiclient-scalability-run-3,veh-30,467,50-clients,default,stationary,unsynced,true,true,clients,50,count,IPI-CooperativeService,1098,1783014470904442946,1783014406101964048,1783014406102014866,1783014470948231990,43.789,,0.051,64846.217,"CooperativeService{guidedPlanning, status=request, vehicleId=0x7665682d3330, requestedHorizonMs=2500, confidence=100, planning.waypoints=1, offloadTaskId=probe-467, offloadPayload=1024 bytes}"
5g-sender,1783014471188213416,edge4av-real-20260702-multiclient-scalability-run-3,p5g-scale-mqtt-payload-1024-clients-50,scale,guided-planning,mqtt,veh-30,veh-30,rsu-1,p5g-scale-mqtt-payload-1024-clients-50-veh-30-468,ipi-session-1,multiclient-scalability-run-3,veh-30,468,50-clients,default,stationary,unsynced,true,true,clients,50,count,IPI-CooperativeService,1098,1783014471148392512,1783014406351494975,1783014406351559331,1783014471188213416,39.821,,0.064,64836.654,"CooperativeService{guidedPlanning, status=request, vehicleId=0x7665682d3330, requestedHorizonMs=2500, confidence=100, planning.waypoints=1, offloadTaskId=probe-468, offloadPayload=1024 bytes}"
5g-sender,1783014471428250273,edge4av-real-20260702-multiclient-scalability-run-3,p5g-scale-mqtt-payload-1024-clients-50,scale,guided-planning,mqtt,veh-30,veh-30,rsu-1,p5g-scale-mqtt-payload-1024-clients-50-veh-30-469,ipi-session-1,multiclient-scalability-run-3,veh-30,469,50-clients,default,stationary,unsynced,true,true,clients,50,count,IPI-CooperativeService,1098,1783014471388408599,1783014406590660999,1783014406590724556,1783014471428250273,39.842,,0.064,64837.526,"CooperativeService{guidedPlanning, status=request, vehicleId=0x7665682d3330, requestedHorizonMs=2500, confidence=100, planning.waypoints=1, offloadTaskId=probe-469, offloadPayload=1024 bytes}"
5g-sender,1783014471678220699,edge4av-real-20260702-multiclient-scalability-run-3,p5g-scale-mqtt-payload-1024-clients-50,scale,guided-planning,mqtt,veh-30,veh-30,rsu-1,p5g-scale-mqtt-payload-1024-clients-50-veh-30-470,ipi-session-1,multiclient-scalability-run-3,veh-30,470,50-clients,default,stationary,unsynced,true,true,clients,50,count,IPI-CooperativeService,1098,1783014471628451296,1783014406841471332,1783014406841514886,1783014471678220699,49.769,,0.044,64836.706,"CooperativeService{guidedPlanning, status=request, vehicleId=0x7665682d3330, requestedHorizonMs=2500, confidence=100, planning.waypoints=1, offloadTaskId=probe-470, offloadPayload=1024 bytes}"
5g-sender,1783014471928188218,edge4av-real-20260702-multiclient-scalability-run-3,p5g-scale-mqtt-payload-1024-clients-50,scale,guided-planning,mqtt,veh-30,veh-30,rsu-1,p5g-scale-mqtt-payload-1024-clients-50-veh-30-471,ipi-session-1,multiclient-scalability-run-3,veh-30,471,50-clients,default,stationary,unsynced,true,true,clients,50,count,IPI-CooperativeService,1098,1783014471878373988,1783014407081720982,1783014407081765027,1783014471928188218,49.814,,0.044,64846.423,"CooperativeService{guidedPlanning, status=request, vehicleId=0x7665682d3330, requestedHorizonMs=2500, confidence=100, planning.waypoints=1, offloadTaskId=probe-471, offloadPayload=1024 bytes}"
5g-sender,1783014472168169278,edge4av-real-20260702-multiclient-scalability-run-3,p5g-scale-mqtt-payload-1024-clients-50,scale,guided-planning,mqtt,veh-30,veh-30,rsu-1,p5g-scale-mqtt-payload-1024-clients-50-veh-30-472,ipi-session-1,multiclient-scalability-run-3,veh-30,472,50-clients,default,stationary,unsynced,true,true,clients,50,count,IPI-CooperativeService,1098,1783014472128331646,1783014407331827905,1783014407331880362,1783014472168169278,39.838,,0.052,64836.289,"CooperativeService{guidedPlanning, status=request, vehicleId=0x7665682d3330, requestedHorizonMs=2500, confidence=100, planning.waypoints=1, offloadTaskId=probe-472, offloadPayload=1024 bytes}"
5g-sender,1783014472408131734,edge4av-real-20260702-multiclient-scalability-run-3,p5g-scale-mqtt-payload-1024-clients-50,scale,guided-planning,mqtt,veh-30,veh-30,rsu-1,p5g-scale-mqtt-payload-1024-clients-50-veh-30-473,ipi-session-1,multiclient-scalability-run-3,veh-30,473,50-clients,default,stationary,unsynced,true,true,clients,50,count,IPI-CooperativeService,1098,1783014472368315216,1783014407572245849,1783014407572296079,1783014472408131734,39.817,,0.050,64835.836,"CooperativeService{guidedPlanning, status=request, vehicleId=0x7665682d3330, requestedHorizonMs=2500, confidence=100, planning.waypoints=1, offloadTaskId=probe-473, offloadPayload=1024 bytes}"
5g-sender,1783014472628183096,edge4av-real-20260702-multiclient-scalability-run-3,p5g-scale-mqtt-payload-1024-clients-50,scale,guided-planning,mqtt,veh-30,veh-30,rsu-1,p5g-scale-mqtt-payload-1024-clients-50-veh-30-474,ipi-session-1,multiclient-scalability-run-3,veh-30,474,50-clients,default,stationary,unsynced,true,true,clients,50,count,IPI-CooperativeService,1098,1783014472608284629,1783014407793557310,1783014407793600212,1783014472628183096,19.898,,0.043,64834.583,"CooperativeService{guidedPlanning, status=request, vehicleId=0x7665682d3330, requestedHorizonMs=2500, confidence=100, planning.waypoints=1, offloadTaskId=probe-474, offloadPayload=1024 bytes}"
5g-sender,1783014472868132753,edge4av-real-20260702-multiclient-scalability-run-3,p5g-scale-mqtt-payload-1024-clients-50,scale,guided-planning,mqtt,veh-30,veh-30,rsu-1,p5g-scale-mqtt-payload-1024-clients-50-veh-30-475,ipi-session-1,multiclient-scalability-run-3,veh-30,475,50-clients,default,stationary,unsynced,true,true,clients,50,count,IPI-CooperativeService,1098,1783014472828301449,1783014408032556830,1783014408032609917,1783014472868132753,39.831,,0.053,64835.523,"CooperativeService{guidedPlanning, status=request, vehicleId=0x7665682d3330, requestedHorizonMs=2500, confidence=100, planning.waypoints=1, offloadTaskId=probe-475, offloadPayload=1024 bytes}"
5g-sender,1783014473108453500,edge4av-real-20260702-multiclient-scalability-run-3,p5g-scale-mqtt-payload-1024-clients-50,scale,guided-planning,mqtt,veh-30,veh-30,rsu-1,p5g-scale-mqtt-payload-1024-clients-50-veh-30-476,ipi-session-1,multiclient-scalability-run-3,veh-30,476,50-clients,default,stationary,unsynced,true,true,clients,50,count,IPI-CooperativeService,1098,1783014473068334852,1783014408274241952,1783014408274284780,1783014473108453500,40.119,,0.043,64834.169,"CooperativeService{guidedPlanning, status=request, vehicleId=0x7665682d3330, requestedHorizonMs=2500, confidence=100, planning.waypoints=1, offloadTaskId=probe-476, offloadPayload=1024 bytes}"
5g-sender,1783014473368431315,edge4av-real-20260702-multiclient-scalability-run-3,p5g-scale-mqtt-payload-1024-clients-50,scale,guided-planning,mqtt,veh-30,veh-30,rsu-1,p5g-scale-mqtt-payload-1024-clients-50-veh-30-477,ipi-session-1,multiclient-scalability-run-3,veh-30,477,50-clients,default,stationary,unsynced,true,true,clients,50,count,IPI-CooperativeService,1098,1783014473308601551,1783014408534529891,1783014408534573534,1783014473368431315,59.830,,0.044,64833.858,"CooperativeService{guidedPlanning, status=request, vehicleId=0x7665682d3330, requestedHorizonMs=2500, confidence=100, planning.waypoints=1, offloadTaskId=probe-477, offloadPayload=1024 bytes}"
5g-sender,1783014473668263062,edge4av-real-20260702-multiclient-scalability-run-3,p5g-scale-mqtt-payload-1024-clients-50,scale,guided-planning,mqtt,veh-30,veh-30,rsu-1,p5g-scale-mqtt-payload-1024-clients-50-veh-30-478,ipi-session-1,multiclient-scalability-run-3,veh-30,478,50-clients,default,stationary,unsynced,true,true,clients,50,count,IPI-CooperativeService,1098,1783014473568598333,1783014408833967573,1783014408834009948,1783014473668263062,99.665,,0.042,64834.253,"CooperativeService{guidedPlanning, status=request, vehicleId=0x7665682d3330, requestedHorizonMs=2500, confidence=100, planning.waypoints=1, offloadTaskId=probe-478, offloadPayload=1024 bytes}"
5g-sender,1783014473948201909,edge4av-real-20260702-multiclient-scalability-run-3,p5g-scale-mqtt-payload-1024-clients-50,scale,guided-planning,mqtt,veh-30,veh-30,rsu-1,p5g-scale-mqtt-payload-1024-clients-50-veh-30-479,ipi-session-1,multiclient-scalability-run-3,veh-30,479,50-clients,default,stationary,unsynced,true,true,clients,50,count,IPI-CooperativeService,1098,1783014473868453484,1783014409115002107,1783014409115052300,1783014473948201909,79.748,,0.050,64833.150,"CooperativeService{guidedPlanning, status=request, vehicleId=0x7665682d3330, requestedHorizonMs=2500, confidence=100, planning.waypoints=1, offloadTaskId=probe-479, offloadPayload=1024 bytes}"
5g-sender,1783014474192159131,edge4av-real-20260702-multiclient-scalability-run-3,p5g-scale-mqtt-payload-1024-clients-50,scale,guided-planning,mqtt,veh-30,veh-30,rsu-1,p5g-scale-mqtt-payload-1024-clients-50-veh-30-480,ipi-session-1,multiclient-scalability-run-3,veh-30,480,50-clients,default,stationary,unsynced,true,true,clients,50,count,IPI-CooperativeService,1098,1783014474148371398,1783014409355872697,1783014409355915401,1783014474192159131,43.788,,0.043,64836.244,"CooperativeService{guidedPlanning, status=request, vehicleId=0x7665682d3330, requestedHorizonMs=2500, confidence=100, planning.waypoints=1, offloadTaskId=probe-480, offloadPayload=1024 bytes}"
5g-sender,1783014474448084497,edge4av-real-20260702-multiclient-scalability-run-3,p5g-scale-mqtt-payload-1024-clients-50,scale,guided-planning,mqtt,veh-30,veh-30,rsu-1,p5g-scale-mqtt-payload-1024-clients-50-veh-30-481,ipi-session-1,multiclient-scalability-run-3,veh-30,481,50-clients,default,stationary,unsynced,true,true,clients,50,count,IPI-CooperativeService,1098,1783014474392361906,1783014409615659725,1783014409615711194,1783014474448084497,55.723,,0.051,64832.373,"CooperativeService{guidedPlanning, status=request, vehicleId=0x7665682d3330, requestedHorizonMs=2500, confidence=100, planning.waypoints=1, offloadTaskId=probe-481, offloadPayload=1024 bytes}"
5g-sender,1783014474686356774,edge4av-real-20260702-multiclient-scalability-run-3,p5g-scale-mqtt-payload-1024-clients-50,scale,guided-planning,mqtt,veh-30,veh-30,rsu-1,p5g-scale-mqtt-payload-1024-clients-50-veh-30-482,ipi-session-1,multiclient-scalability-run-3,veh-30,482,50-clients,default,stationary,unsynced,true,true,clients,50,count,IPI-CooperativeService,1098,1783014474648311262,1783014409847528602,1783014409847580854,1783014474686356774,38.046,,0.052,64838.776,"CooperativeService{guidedPlanning, status=request, vehicleId=0x7665682d3330, requestedHorizonMs=2500, confidence=100, planning.waypoints=1, offloadTaskId=probe-482, offloadPayload=1024 bytes}"
5g-sender,1783014474932305069,edge4av-real-20260702-multiclient-scalability-run-3,p5g-scale-mqtt-payload-1024-clients-50,scale,guided-planning,mqtt,veh-30,veh-30,rsu-1,p5g-scale-mqtt-payload-1024-clients-50-veh-30-483,ipi-session-1,multiclient-scalability-run-3,veh-30,483,50-clients,default,stationary,unsynced,true,true,clients,50,count,IPI-CooperativeService,1098,1783014474886525729,1783014410097234449,1783014410097278155,1783014474932305069,45.779,,0.044,64835.027,"CooperativeService{guidedPlanning, status=request, vehicleId=0x7665682d3330, requestedHorizonMs=2500, confidence=100, planning.waypoints=1, offloadTaskId=probe-483, offloadPayload=1024 bytes}"
5g-sender,1783014475176085669,edge4av-real-20260702-multiclient-scalability-run-3,p5g-scale-mqtt-payload-1024-clients-50,scale,guided-planning,mqtt,veh-30,veh-30,rsu-1,p5g-scale-mqtt-payload-1024-clients-50-veh-30-484,ipi-session-1,multiclient-scalability-run-3,veh-30,484,50-clients,default,stationary,unsynced,true,true,clients,50,count,IPI-CooperativeService,1098,1783014475132474188,1783014410337501085,1783014410337544921,1783014475176085669,43.611,,0.044,64838.541,"CooperativeService{guidedPlanning, status=request, vehicleId=0x7665682d3330, requestedHorizonMs=2500, confidence=100, planning.waypoints=1, offloadTaskId=probe-484, offloadPayload=1024 bytes}"
5g-sender,1783014475408196424,edge4av-real-20260702-multiclient-scalability-run-3,p5g-scale-mqtt-payload-1024-clients-50,scale,guided-planning,mqtt,veh-30,veh-30,rsu-1,p5g-scale-mqtt-payload-1024-clients-50-veh-30-485,ipi-session-1,multiclient-scalability-run-3,veh-30,485,50-clients,default,stationary,unsynced,true,true,clients,50,count,IPI-CooperativeService,1098,1783014475376233754,1783014410568871621,1783014410568941714,1783014475408196424,31.963,,0.070,64839.255,"CooperativeService{guidedPlanning, status=request, vehicleId=0x7665682d3330, requestedHorizonMs=2500, confidence=100, planning.waypoints=1, offloadTaskId=probe-485, offloadPayload=1024 bytes}"
5g-sender,1783014475646070200,edge4av-real-20260702-multiclient-scalability-run-3,p5g-scale-mqtt-payload-1024-clients-50,scale,guided-planning,mqtt,veh-30,veh-30,rsu-1,p5g-scale-mqtt-payload-1024-clients-50-veh-30-486,ipi-session-1,multiclient-scalability-run-3,veh-30,486,50-clients,default,stationary,unsynced,true,true,clients,50,count,IPI-CooperativeService,1098,1783014475608359708,1783014410808775397,1783014410808819163,1783014475646070200,37.710,,0.044,64837.251,"CooperativeService{guidedPlanning, status=request, vehicleId=0x7665682d3330, requestedHorizonMs=2500, confidence=100, planning.waypoints=1, offloadTaskId=probe-486, offloadPayload=1024 bytes}"
5g-sender,1783014475884122479,edge4av-real-20260702-multiclient-scalability-run-3,p5g-scale-mqtt-payload-1024-clients-50,scale,guided-planning,mqtt,veh-30,veh-30,rsu-1,p5g-scale-mqtt-payload-1024-clients-50-veh-30-487,ipi-session-1,multiclient-scalability-run-3,veh-30,487,50-clients,default,stationary,unsynced,true,true,clients,50,count,IPI-CooperativeService,1098,1783014475846214658,1783014411049826723,1783014411049881680,1783014475884122479,37.908,,0.055,64834.241,"CooperativeService{guidedPlanning, status=request, vehicleId=0x7665682d3330, requestedHorizonMs=2500, confidence=100, planning.waypoints=1, offloadTaskId=probe-487, offloadPayload=1024 bytes}"
5g-sender,1783014476128179171,edge4av-real-20260702-multiclient-scalability-run-3,p5g-scale-mqtt-payload-1024-clients-50,scale,guided-planning,mqtt,veh-30,veh-30,rsu-1,p5g-scale-mqtt-payload-1024-clients-50-veh-30-488,ipi-session-1,multiclient-scalability-run-3,veh-30,488,50-clients,default,stationary,unsynced,true,true,clients,50,count,IPI-CooperativeService,1098,1783014476084300613,1783014411289123762,1783014411289167624,1783014476128179171,43.879,,0.044,64839.012,"CooperativeService{guidedPlanning, status=request, vehicleId=0x7665682d3330, requestedHorizonMs=2500, confidence=100, planning.waypoints=1, offloadTaskId=probe-488, offloadPayload=1024 bytes}"
5g-sender,1783014476372189266,edge4av-real-20260702-multiclient-scalability-run-3,p5g-scale-mqtt-payload-1024-clients-50,scale,guided-planning,mqtt,veh-30,veh-30,rsu-1,p5g-scale-mqtt-payload-1024-clients-50-veh-30-489,ipi-session-1,multiclient-scalability-run-3,veh-30,489,50-clients,default,stationary,unsynced,true,true,clients,50,count,IPI-CooperativeService,1098,1783014476328330279,1783014411529015454,1783014411529058958,1783014476372189266,43.859,,0.044,64843.130,"CooperativeService{guidedPlanning, status=request, vehicleId=0x7665682d3330, requestedHorizonMs=2500, confidence=100, planning.waypoints=1, offloadTaskId=probe-489, offloadPayload=1024 bytes}"
5g-sender,1783014476607640866,edge4av-real-20260702-multiclient-scalability-run-3,p5g-scale-mqtt-payload-1024-clients-50,scale,guided-planning,mqtt,veh-30,veh-30,rsu-1,p5g-scale-mqtt-payload-1024-clients-50-veh-30-490,ipi-session-1,multiclient-scalability-run-3,veh-30,490,50-clients,default,stationary,unsynced,true,true,clients,50,count,IPI-CooperativeService,1098,1783014476572335783,1783014411770466985,1783014411770534663,1783014476607640866,35.305,,0.068,64837.106,"CooperativeService{guidedPlanning, status=request, vehicleId=0x7665682d3330, requestedHorizonMs=2500, confidence=100, planning.waypoints=1, offloadTaskId=probe-490, offloadPayload=1024 bytes}"
5g-sender,1783014476862630691,edge4av-real-20260702-multiclient-scalability-run-3,p5g-scale-mqtt-payload-1024-clients-50,scale,guided-planning,mqtt,veh-30,veh-30,rsu-1,p5g-scale-mqtt-payload-1024-clients-50-veh-30-491,ipi-session-1,multiclient-scalability-run-3,veh-30,491,50-clients,default,stationary,unsynced,true,true,clients,50,count,IPI-CooperativeService,1098,1783014476807789554,1783014412020994678,1783014412021038111,1783014476862630691,54.841,,0.043,64841.593,"CooperativeService{guidedPlanning, status=request, vehicleId=0x7665682d3330, requestedHorizonMs=2500, confidence=100, planning.waypoints=1, offloadTaskId=probe-491, offloadPayload=1024 bytes}"
5g-sender,1783014477096178684,edge4av-real-20260702-multiclient-scalability-run-3,p5g-scale-mqtt-payload-1024-clients-50,scale,guided-planning,mqtt,veh-30,veh-30,rsu-1,p5g-scale-mqtt-payload-1024-clients-50-veh-30-492,ipi-session-1,multiclient-scalability-run-3,veh-30,492,50-clients,default,stationary,unsynced,true,true,clients,50,count,IPI-CooperativeService,1098,1783014477062779029,1783014412260255482,1783014412260306808,1783014477096178684,33.400,,0.051,64835.872,"CooperativeService{guidedPlanning, status=request, vehicleId=0x7665682d3330, requestedHorizonMs=2500, confidence=100, planning.waypoints=1, offloadTaskId=probe-492, offloadPayload=1024 bytes}"
5g-sender,1783014477334243599,edge4av-real-20260702-multiclient-scalability-run-3,p5g-scale-mqtt-payload-1024-clients-50,scale,guided-planning,mqtt,veh-30,veh-30,rsu-1,p5g-scale-mqtt-payload-1024-clients-50-veh-30-493,ipi-session-1,multiclient-scalability-run-3,veh-30,493,50-clients,default,stationary,unsynced,true,true,clients,50,count,IPI-CooperativeService,1098,1783014477296329609,1783014412491575482,1783014412491619851,1783014477334243599,37.914,,0.044,64842.624,"CooperativeService{guidedPlanning, status=request, vehicleId=0x7665682d3330, requestedHorizonMs=2500, confidence=100, planning.waypoints=1, offloadTaskId=probe-493, offloadPayload=1024 bytes}"
5g-sender,1783014477580318362,edge4av-real-20260702-multiclient-scalability-run-3,p5g-scale-mqtt-payload-1024-clients-50,scale,guided-planning,mqtt,veh-30,veh-30,rsu-1,p5g-scale-mqtt-payload-1024-clients-50-veh-30-494,ipi-session-1,multiclient-scalability-run-3,veh-30,494,50-clients,default,stationary,unsynced,true,true,clients,50,count,IPI-CooperativeService,1098,1783014477534450577,1783014412741319703,1783014412741370986,1783014477580318362,45.868,,0.051,64838.947,"CooperativeService{guidedPlanning, status=request, vehicleId=0x7665682d3330, requestedHorizonMs=2500, confidence=100, planning.waypoints=1, offloadTaskId=probe-494, offloadPayload=1024 bytes}"
5g-sender,1783014477816337775,edge4av-real-20260702-multiclient-scalability-run-3,p5g-scale-mqtt-payload-1024-clients-50,scale,guided-planning,mqtt,veh-30,veh-30,rsu-1,p5g-scale-mqtt-payload-1024-clients-50-veh-30-495,ipi-session-1,multiclient-scalability-run-3,veh-30,495,50-clients,default,stationary,unsynced,true,true,clients,50,count,IPI-CooperativeService,1098,1783014477780486803,1783014412981930763,1783014412981988613,1783014477816337775,35.851,,0.058,64834.349,"CooperativeService{guidedPlanning, status=request, vehicleId=0x7665682d3330, requestedHorizonMs=2500, confidence=100, planning.waypoints=1, offloadTaskId=probe-495, offloadPayload=1024 bytes}"
5g-sender,1783014478046151152,edge4av-real-20260702-multiclient-scalability-run-3,p5g-scale-mqtt-payload-1024-clients-50,scale,guided-planning,mqtt,veh-30,veh-30,rsu-1,p5g-scale-mqtt-payload-1024-clients-50-veh-30-496,ipi-session-1,multiclient-scalability-run-3,veh-30,496,50-clients,default,stationary,unsynced,true,true,clients,50,count,IPI-CooperativeService,1098,1783014478016516976,1783014413211769380,1783014413211809982,1783014478046151152,29.634,,0.041,64834.341,"CooperativeService{guidedPlanning, status=request, vehicleId=0x7665682d3330, requestedHorizonMs=2500, confidence=100, planning.waypoints=1, offloadTaskId=probe-496, offloadPayload=1024 bytes}"
5g-sender,1783014478264251984,edge4av-real-20260702-multiclient-scalability-run-3,p5g-scale-mqtt-payload-1024-clients-50,scale,guided-planning,mqtt,veh-30,veh-30,rsu-1,p5g-scale-mqtt-payload-1024-clients-50-veh-30-497,ipi-session-1,multiclient-scalability-run-3,veh-30,497,50-clients,default,stationary,unsynced,true,true,clients,50,count,IPI-CooperativeService,1098,1783014478246301286,1783014413431869653,1783014413431895217,1783014478264251984,17.951,,0.026,64832.357,"CooperativeService{guidedPlanning, status=request, vehicleId=0x7665682d3330, requestedHorizonMs=2500, confidence=100, planning.waypoints=1, offloadTaskId=probe-497, offloadPayload=1024 bytes}"
5g-sender,1783014478508257414,edge4av-real-20260702-multiclient-scalability-run-3,p5g-scale-mqtt-payload-1024-clients-50,scale,guided-planning,mqtt,veh-30,veh-30,rsu-1,p5g-scale-mqtt-payload-1024-clients-50-veh-30-498,ipi-session-1,multiclient-scalability-run-3,veh-30,498,50-clients,default,stationary,unsynced,true,true,clients,50,count,IPI-CooperativeService,1098,1783014478464410404,1783014413662375439,1783014413662391522,1783014478508257414,43.847,,0.016,64845.866,"CooperativeService{guidedPlanning, status=request, vehicleId=0x7665682d3330, requestedHorizonMs=2500, confidence=100, planning.waypoints=1, offloadTaskId=probe-498, offloadPayload=1024 bytes}"
5g-sender,1783014478726316463,edge4av-real-20260702-multiclient-scalability-run-3,p5g-scale-mqtt-payload-1024-clients-50,scale,guided-planning,mqtt,veh-30,veh-30,rsu-1,p5g-scale-mqtt-payload-1024-clients-50-veh-30-499,ipi-session-1,multiclient-scalability-run-3,veh-30,499,50-clients,default,stationary,unsynced,true,true,clients,50,count,IPI-CooperativeService,1098,1783014478708450062,1783014413892420062,1783014413892432911,1783014478726316463,17.866,,0.013,64833.884,"CooperativeService{guidedPlanning, status=request, vehicleId=0x7665682d3330, requestedHorizonMs=2500, confidence=100, planning.waypoints=1, offloadTaskId=probe-499, offloadPayload=1024 bytes}"
5g-sender,1783014478960210766,edge4av-real-20260702-multiclient-scalability-run-3,p5g-scale-mqtt-payload-1024-clients-50,scale,guided-planning,mqtt,veh-30,veh-30,rsu-1,p5g-scale-mqtt-payload-1024-clients-50-veh-30-500,ipi-session-1,multiclient-scalability-run-3,veh-30,500,50-clients,default,stationary,unsynced,true,true,clients,50,count,IPI-CooperativeService,1098,1783014478926518684,1783014414124012026,1783014414124056411,1783014478960210766,33.692,,0.044,64836.154,"CooperativeService{guidedPlanning, status=request, vehicleId=0x7665682d3330, requestedHorizonMs=2500, confidence=100, planning.waypoints=1, offloadTaskId=probe-500, offloadPayload=1024 bytes}"
5g-sender,1783014479188295414,edge4av-real-20260702-multiclient-scalability-run-3,p5g-scale-mqtt-payload-1024-clients-50,scale,guided-planning,mqtt,veh-30,veh-30,rsu-1,p5g-scale-mqtt-payload-1024-clients-50-veh-30-501,ipi-session-1,multiclient-scalability-run-3,veh-30,501,50-clients,default,stationary,unsynced,true,true,clients,50,count,IPI-CooperativeService,1098,1783014479160361010,1783014414353560164,1783014414353603413,1783014479188295414,27.934,,0.043,64834.692,"CooperativeService{guidedPlanning, status=request, vehicleId=0x7665682d3330, requestedHorizonMs=2500, confidence=100, planning.waypoints=1, offloadTaskId=probe-501, offloadPayload=1024 bytes}"
5g-sender,1783014479430225143,edge4av-real-20260702-multiclient-scalability-run-3,p5g-scale-mqtt-payload-1024-clients-50,scale,guided-planning,mqtt,veh-30,veh-30,rsu-1,p5g-scale-mqtt-payload-1024-clients-50-veh-30-502,ipi-session-1,multiclient-scalability-run-3,veh-30,502,50-clients,default,stationary,unsynced,true,true,clients,50,count,IPI-CooperativeService,1098,1783014479388468342,1783014414594383476,1783014414594452885,1783014479430225143,41.757,,0.069,64835.772,"CooperativeService{guidedPlanning, status=request, vehicleId=0x7665682d3330, requestedHorizonMs=2500, confidence=100, planning.waypoints=1, offloadTaskId=probe-502, offloadPayload=1024 bytes}"
5g-sender,1783014479662129278,edge4av-real-20260702-multiclient-scalability-run-3,p5g-scale-mqtt-payload-1024-clients-50,scale,guided-planning,mqtt,veh-30,veh-30,rsu-1,p5g-scale-mqtt-payload-1024-clients-50-veh-30-503,ipi-session-1,multiclient-scalability-run-3,veh-30,503,50-clients,default,stationary,unsynced,true,true,clients,50,count,IPI-CooperativeService,1098,1783014479630373544,1783014414824996527,1783014414825040122,1783014479662129278,31.756,,0.044,64837.089,"CooperativeService{guidedPlanning, status=request, vehicleId=0x7665682d3330, requestedHorizonMs=2500, confidence=100, planning.waypoints=1, offloadTaskId=probe-503, offloadPayload=1024 bytes}"
5g-sender,1783014479894226682,edge4av-real-20260702-multiclient-scalability-run-3,p5g-scale-mqtt-payload-1024-clients-50,scale,guided-planning,mqtt,veh-30,veh-30,rsu-1,p5g-scale-mqtt-payload-1024-clients-50-veh-30-504,ipi-session-1,multiclient-scalability-run-3,veh-30,504,50-clients,default,stationary,unsynced,true,true,clients,50,count,IPI-CooperativeService,1098,1783014479862277072,1783014415056303067,1783014415056360335,1783014479894226682,31.950,,0.057,64837.866,"CooperativeService{guidedPlanning, status=request, vehicleId=0x7665682d3330, requestedHorizonMs=2500, confidence=100, planning.waypoints=1, offloadTaskId=probe-504, offloadPayload=1024 bytes}"
5g-sender,1783014480137877402,edge4av-real-20260702-multiclient-scalability-run-3,p5g-scale-mqtt-payload-1024-clients-50,scale,guided-planning,mqtt,veh-30,veh-30,rsu-1,p5g-scale-mqtt-payload-1024-clients-50-veh-30-505,ipi-session-1,multiclient-scalability-run-3,veh-30,505,50-clients,default,stationary,unsynced,true,true,clients,50,count,IPI-CooperativeService,1098,1783014480094376776,1783014415295550922,1783014415295593372,1783014480137877402,43.501,,0.042,64842.284,"CooperativeService{guidedPlanning, status=request, vehicleId=0x7665682d3330, requestedHorizonMs=2500, confidence=100, planning.waypoints=1, offloadTaskId=probe-505, offloadPayload=1024 bytes}"
5g-sender,1783014480362295138,edge4av-real-20260702-multiclient-scalability-run-3,p5g-scale-mqtt-payload-1024-clients-50,scale,guided-planning,mqtt,veh-30,veh-30,rsu-1,p5g-scale-mqtt-payload-1024-clients-50-veh-30-506,ipi-session-1,multiclient-scalability-run-3,veh-30,506,50-clients,default,stationary,unsynced,true,true,clients,50,count,IPI-CooperativeService,1098,1783014480338062293,1783014415526892026,1783014415526934429,1783014480362295138,24.233,,0.042,64835.361,"CooperativeService{guidedPlanning, status=request, vehicleId=0x7665682d3330, requestedHorizonMs=2500, confidence=100, planning.waypoints=1, offloadTaskId=probe-506, offloadPayload=1024 bytes}"
5g-sender,1783014480602203475,edge4av-real-20260702-multiclient-scalability-run-3,p5g-scale-mqtt-payload-1024-clients-50,scale,guided-planning,mqtt,veh-30,veh-30,rsu-1,p5g-scale-mqtt-payload-1024-clients-50-veh-30-507,ipi-session-1,multiclient-scalability-run-3,veh-30,507,50-clients,default,stationary,unsynced,true,true,clients,50,count,IPI-CooperativeService,1098,1783014480562459142,1783014415767932507,1783014415767976253,1783014480602203475,39.744,,0.044,64834.227,"CooperativeService{guidedPlanning, status=request, vehicleId=0x7665682d3330, requestedHorizonMs=2500, confidence=100, planning.waypoints=1, offloadTaskId=probe-507, offloadPayload=1024 bytes}"
5g-sender,1783014480844197600,edge4av-real-20260702-multiclient-scalability-run-3,p5g-scale-mqtt-payload-1024-clients-50,scale,guided-planning,mqtt,veh-30,veh-30,rsu-1,p5g-scale-mqtt-payload-1024-clients-50-veh-30-508,ipi-session-1,multiclient-scalability-run-3,veh-30,508,50-clients,default,stationary,unsynced,true,true,clients,50,count,IPI-CooperativeService,1098,1783014480802365702,1783014416007607168,1783014416007664632,1783014480844197600,41.832,,0.057,64836.533,"CooperativeService{guidedPlanning, status=request, vehicleId=0x7665682d3330, requestedHorizonMs=2500, confidence=100, planning.waypoints=1, offloadTaskId=probe-508, offloadPayload=1024 bytes}"
5g-sender,1783014481076123599,edge4av-real-20260702-multiclient-scalability-run-3,p5g-scale-mqtt-payload-1024-clients-50,scale,guided-planning,mqtt,veh-30,veh-30,rsu-1,p5g-scale-mqtt-payload-1024-clients-50-veh-30-509,ipi-session-1,multiclient-scalability-run-3,veh-30,509,50-clients,default,stationary,unsynced,true,true,clients,50,count,IPI-CooperativeService,1098,1783014481044369245,1783014416237457828,1783014416237507485,1783014481076123599,31.754,,0.050,64838.616,"CooperativeService{guidedPlanning, status=request, vehicleId=0x7665682d3330, requestedHorizonMs=2500, confidence=100, planning.waypoints=1, offloadTaskId=probe-509, offloadPayload=1024 bytes}"
5g-sender,1783014481302168529,edge4av-real-20260702-multiclient-scalability-run-3,p5g-scale-mqtt-payload-1024-clients-50,scale,guided-planning,mqtt,veh-30,veh-30,rsu-1,p5g-scale-mqtt-payload-1024-clients-50-veh-30-510,ipi-session-1,multiclient-scalability-run-3,veh-30,510,50-clients,default,stationary,unsynced,true,true,clients,50,count,IPI-CooperativeService,1098,1783014481276269696,1783014416468088834,1783014416468136627,1783014481302168529,25.899,,0.048,64834.032,"CooperativeService{guidedPlanning, status=request, vehicleId=0x7665682d3330, requestedHorizonMs=2500, confidence=100, planning.waypoints=1, offloadTaskId=probe-510, offloadPayload=1024 bytes}"
5g-sender,1783014481536196426,edge4av-real-20260702-multiclient-scalability-run-3,p5g-scale-mqtt-payload-1024-clients-50,scale,guided-planning,mqtt,veh-30,veh-30,rsu-1,p5g-scale-mqtt-payload-1024-clients-50-veh-30-511,ipi-session-1,multiclient-scalability-run-3,veh-30,511,50-clients,default,stationary,unsynced,true,true,clients,50,count,IPI-CooperativeService,1098,1783014481502314589,1783014416700449202,1783014416700492264,1783014481536196426,33.882,,0.043,64835.704,"CooperativeService{guidedPlanning, status=request, vehicleId=0x7665682d3330, requestedHorizonMs=2500, confidence=100, planning.waypoints=1, offloadTaskId=probe-511, offloadPayload=1024 bytes}"
5g-sender,1783014481776189100,edge4av-real-20260702-multiclient-scalability-run-3,p5g-scale-mqtt-payload-1024-clients-50,scale,guided-planning,mqtt,veh-30,veh-30,rsu-1,p5g-scale-mqtt-payload-1024-clients-50-veh-30-512,ipi-session-1,multiclient-scalability-run-3,veh-30,512,50-clients,default,stationary,unsynced,true,true,clients,50,count,IPI-CooperativeService,1098,1783014481736359173,1783014416939669115,1783014416939722996,1783014481776189100,39.830,,0.054,64836.466,"CooperativeService{guidedPlanning, status=request, vehicleId=0x7665682d3330, requestedHorizonMs=2500, confidence=100, planning.waypoints=1, offloadTaskId=probe-512, offloadPayload=1024 bytes}"
5g-sender,1783014482020145167,edge4av-real-20260702-multiclient-scalability-run-3,p5g-scale-mqtt-payload-1024-clients-50,scale,guided-planning,mqtt,veh-30,veh-30,rsu-1,p5g-scale-mqtt-payload-1024-clients-50-veh-30-513,ipi-session-1,multiclient-scalability-run-3,veh-30,513,50-clients,default,stationary,unsynced,true,true,clients,50,count,IPI-CooperativeService,1098,1783014481976374261,1783014417178585657,1783014417178640288,1783014482020145167,43.771,,0.055,64841.505,"CooperativeService{guidedPlanning, status=request, vehicleId=0x7665682d3330, requestedHorizonMs=2500, confidence=100, planning.waypoints=1, offloadTaskId=probe-513, offloadPayload=1024 bytes}"
5g-sender,1783014482266255673,edge4av-real-20260702-multiclient-scalability-run-3,p5g-scale-mqtt-payload-1024-clients-50,scale,guided-planning,mqtt,veh-30,veh-30,rsu-1,p5g-scale-mqtt-payload-1024-clients-50-veh-30-514,ipi-session-1,multiclient-scalability-run-3,veh-30,514,50-clients,default,stationary,unsynced,true,true,clients,50,count,IPI-CooperativeService,1098,1783014482220312714,1783014417432623867,1783014417432694141,1783014482266255673,45.943,,0.070,64833.562,"CooperativeService{guidedPlanning, status=request, vehicleId=0x7665682d3330, requestedHorizonMs=2500, confidence=100, planning.waypoints=1, offloadTaskId=probe-514, offloadPayload=1024 bytes}"
5g-sender,1783014482514378130,edge4av-real-20260702-multiclient-scalability-run-3,p5g-scale-mqtt-payload-1024-clients-50,scale,guided-planning,mqtt,veh-30,veh-30,rsu-1,p5g-scale-mqtt-payload-1024-clients-50-veh-30-515,ipi-session-1,multiclient-scalability-run-3,veh-30,515,50-clients,default,stationary,unsynced,true,true,clients,50,count,IPI-CooperativeService,1098,1783014482466401080,1783014417680137201,1783014417680197490,1783014482514378130,47.977,,0.060,64834.181,"CooperativeService{guidedPlanning, status=request, vehicleId=0x7665682d3330, requestedHorizonMs=2500, confidence=100, planning.waypoints=1, offloadTaskId=probe-515, offloadPayload=1024 bytes}"
5g-sender,1783014482768376293,edge4av-real-20260702-multiclient-scalability-run-3,p5g-scale-mqtt-payload-1024-clients-50,scale,guided-planning,mqtt,veh-30,veh-30,rsu-1,p5g-scale-mqtt-payload-1024-clients-50-veh-30-516,ipi-session-1,multiclient-scalability-run-3,veh-30,516,50-clients,default,stationary,unsynced,true,true,clients,50,count,IPI-CooperativeService,1098,1783014482714525970,1783014417930115236,1783014417930157383,1783014482768376293,53.850,,0.042,64838.219,"CooperativeService{guidedPlanning, status=request, vehicleId=0x7665682d3330, requestedHorizonMs=2500, confidence=100, planning.waypoints=1, offloadTaskId=probe-516, offloadPayload=1024 bytes}"
5g-sender,1783014483010197147,edge4av-real-20260702-multiclient-scalability-run-3,p5g-scale-mqtt-payload-1024-clients-50,scale,guided-planning,mqtt,veh-30,veh-30,rsu-1,p5g-scale-mqtt-payload-1024-clients-50-veh-30-517,ipi-session-1,multiclient-scalability-run-3,veh-30,517,50-clients,default,stationary,unsynced,true,true,clients,50,count,IPI-CooperativeService,1098,1783014482968528327,1783014418171366892,1783014418171410528,1783014483010197147,41.669,,0.044,64838.787,"CooperativeService{guidedPlanning, status=request, vehicleId=0x7665682d3330, requestedHorizonMs=2500, confidence=100, planning.waypoints=1, offloadTaskId=probe-517, offloadPayload=1024 bytes}"
5g-sender,1783014483256380130,edge4av-real-20260702-multiclient-scalability-run-3,p5g-scale-mqtt-payload-1024-clients-50,scale,guided-planning,mqtt,veh-30,veh-30,rsu-1,p5g-scale-mqtt-payload-1024-clients-50-veh-30-518,ipi-session-1,multiclient-scalability-run-3,veh-30,518,50-clients,default,stationary,unsynced,true,true,clients,50,count,IPI-CooperativeService,1098,1783014483210355793,1783014418422481831,1783014418422525329,1783014483256380130,46.024,,0.043,64833.855,"CooperativeService{guidedPlanning, status=request, vehicleId=0x7665682d3330, requestedHorizonMs=2500, confidence=100, planning.waypoints=1, offloadTaskId=probe-518, offloadPayload=1024 bytes}"
5g-sender,1783014483502591947,edge4av-real-20260702-multiclient-scalability-run-3,p5g-scale-mqtt-payload-1024-clients-50,scale,guided-planning,mqtt,veh-30,veh-30,rsu-1,p5g-scale-mqtt-payload-1024-clients-50-veh-30-519,ipi-session-1,multiclient-scalability-run-3,veh-30,519,50-clients,default,stationary,unsynced,true,true,clients,50,count,IPI-CooperativeService,1098,1783014483456566370,1783014418661247236,1783014418661301187,1783014483502591947,46.026,,0.054,64841.291,"CooperativeService{guidedPlanning, status=request, vehicleId=0x7665682d3330, requestedHorizonMs=2500, confidence=100, planning.waypoints=1, offloadTaskId=probe-519, offloadPayload=1024 bytes}"
5g-sender,1783014483736332264,edge4av-real-20260702-multiclient-scalability-run-3,p5g-scale-mqtt-payload-1024-clients-50,scale,guided-planning,mqtt,veh-30,veh-30,rsu-1,p5g-scale-mqtt-payload-1024-clients-50-veh-30-520,ipi-session-1,multiclient-scalability-run-3,veh-30,520,50-clients,default,stationary,unsynced,true,true,clients,50,count,IPI-CooperativeService,1098,1783014483702739247,1783014418901280939,1783014418901324112,1783014483736332264,33.593,,0.043,64835.008,"CooperativeService{guidedPlanning, status=request, vehicleId=0x7665682d3330, requestedHorizonMs=2500, confidence=100, planning.waypoints=1, offloadTaskId=probe-520, offloadPayload=1024 bytes}"
5g-sender,1783014483980297487,edge4av-real-20260702-multiclient-scalability-run-3,p5g-scale-mqtt-payload-1024-clients-50,scale,guided-planning,mqtt,veh-30,veh-30,rsu-1,p5g-scale-mqtt-payload-1024-clients-50-veh-30-521,ipi-session-1,multiclient-scalability-run-3,veh-30,521,50-clients,default,stationary,unsynced,true,true,clients,50,count,IPI-CooperativeService,1098,1783014483936503701,1783014419142266998,1783014419142310394,1783014483980297487,43.794,,0.043,64837.987,"CooperativeService{guidedPlanning, status=request, vehicleId=0x7665682d3330, requestedHorizonMs=2500, confidence=100, planning.waypoints=1, offloadTaskId=probe-521, offloadPayload=1024 bytes}"
5g-sender,1783014484208289170,edge4av-real-20260702-multiclient-scalability-run-3,p5g-scale-mqtt-payload-1024-clients-50,scale,guided-planning,mqtt,veh-30,veh-30,rsu-1,p5g-scale-mqtt-payload-1024-clients-50-veh-30-522,ipi-session-1,multiclient-scalability-run-3,veh-30,522,50-clients,default,stationary,unsynced,true,true,clients,50,count,IPI-CooperativeService,1098,1783014484180467227,1783014419374149686,1783014419374192687,1783014484208289170,27.822,,0.043,64834.096,"CooperativeService{guidedPlanning, status=request, vehicleId=0x7665682d3330, requestedHorizonMs=2500, confidence=100, planning.waypoints=1, offloadTaskId=probe-522, offloadPayload=1024 bytes}"
5g-sender,1783014484450283912,edge4av-real-20260702-multiclient-scalability-run-3,p5g-scale-mqtt-payload-1024-clients-50,scale,guided-planning,mqtt,veh-30,veh-30,rsu-1,p5g-scale-mqtt-payload-1024-clients-50-veh-30-523,ipi-session-1,multiclient-scalability-run-3,veh-30,523,50-clients,default,stationary,unsynced,true,true,clients,50,count,IPI-CooperativeService,1098,1783014484408461850,1783014419613212348,1783014419613255074,1783014484450283912,41.822,,0.043,64837.029,"CooperativeService{guidedPlanning, status=request, vehicleId=0x7665682d3330, requestedHorizonMs=2500, confidence=100, planning.waypoints=1, offloadTaskId=probe-523, offloadPayload=1024 bytes}"
5g-sender,1783014484688364771,edge4av-real-20260702-multiclient-scalability-run-3,p5g-scale-mqtt-payload-1024-clients-50,scale,guided-planning,mqtt,veh-30,veh-30,rsu-1,p5g-scale-mqtt-payload-1024-clients-50-veh-30-524,ipi-session-1,multiclient-scalability-run-3,veh-30,524,50-clients,default,stationary,unsynced,true,true,clients,50,count,IPI-CooperativeService,1098,1783014484650454515,1783014419843367599,1783014419843434025,1783014484688364771,37.910,,0.066,64844.931,"CooperativeService{guidedPlanning, status=request, vehicleId=0x7665682d3330, requestedHorizonMs=2500, confidence=100, planning.waypoints=1, offloadTaskId=probe-524, offloadPayload=1024 bytes}"
5g-sender,1783014484932181963,edge4av-real-20260702-multiclient-scalability-run-3,p5g-scale-mqtt-payload-1024-clients-50,scale,guided-planning,mqtt,veh-30,veh-30,rsu-1,p5g-scale-mqtt-payload-1024-clients-50-veh-30-525,ipi-session-1,multiclient-scalability-run-3,veh-30,525,50-clients,default,stationary,unsynced,true,true,clients,50,count,IPI-CooperativeService,1098,1783014484888559112,1783014420094484460,1783014420094543651,1783014484932181963,43.623,,0.059,64837.638,"CooperativeService{guidedPlanning, status=request, vehicleId=0x7665682d3330, requestedHorizonMs=2500, confidence=100, planning.waypoints=1, offloadTaskId=probe-525, offloadPayload=1024 bytes}"
5g-sender,1783014485158172070,edge4av-real-20260702-multiclient-scalability-run-3,p5g-scale-mqtt-payload-1024-clients-50,scale,guided-planning,mqtt,veh-30,veh-30,rsu-1,p5g-scale-mqtt-payload-1024-clients-50-veh-30-526,ipi-session-1,multiclient-scalability-run-3,veh-30,526,50-clients,default,stationary,unsynced,true,true,clients,50,count,IPI-CooperativeService,1098,1783014485132332505,1783014420324416464,1783014420324461065,1783014485158172070,25.840,,0.045,64833.711,"CooperativeService{guidedPlanning, status=request, vehicleId=0x7665682d3330, requestedHorizonMs=2500, confidence=100, planning.waypoints=1, offloadTaskId=probe-526, offloadPayload=1024 bytes}"
5g-sender,1783014485398156948,edge4av-real-20260702-multiclient-scalability-run-3,p5g-scale-mqtt-payload-1024-clients-50,scale,guided-planning,mqtt,veh-30,veh-30,rsu-1,p5g-scale-mqtt-payload-1024-clients-50-veh-30-527,ipi-session-1,multiclient-scalability-run-3,veh-30,527,50-clients,default,stationary,unsynced,true,true,clients,50,count,IPI-CooperativeService,1098,1783014485358316507,1783014420565279685,1783014420565327746,1783014485398156948,39.840,,0.048,64832.829,"CooperativeService{guidedPlanning, status=request, vehicleId=0x7665682d3330, requestedHorizonMs=2500, confidence=100, planning.waypoints=1, offloadTaskId=probe-527, offloadPayload=1024 bytes}"
5g-sender,1783014485640226773,edge4av-real-20260702-multiclient-scalability-run-3,p5g-scale-mqtt-payload-1024-clients-50,scale,guided-planning,mqtt,veh-30,veh-30,rsu-1,p5g-scale-mqtt-payload-1024-clients-50-veh-30-528,ipi-session-1,multiclient-scalability-run-3,veh-30,528,50-clients,default,stationary,unsynced,true,true,clients,50,count,IPI-CooperativeService,1098,1783014485598304273,1783014420806350816,1783014420806393569,1783014485640226773,41.922,,0.043,64833.833,"CooperativeService{guidedPlanning, status=request, vehicleId=0x7665682d3330, requestedHorizonMs=2500, confidence=100, planning.waypoints=1, offloadTaskId=probe-528, offloadPayload=1024 bytes}"
5g-sender,1783014485880224277,edge4av-real-20260702-multiclient-scalability-run-3,p5g-scale-mqtt-payload-1024-clients-50,scale,guided-planning,mqtt,veh-30,veh-30,rsu-1,p5g-scale-mqtt-payload-1024-clients-50-veh-30-529,ipi-session-1,multiclient-scalability-run-3,veh-30,529,50-clients,default,stationary,unsynced,true,true,clients,50,count,IPI-CooperativeService,1098,1783014485840372893,1783014421046827409,1783014421046888668,1783014485880224277,39.851,,0.061,64833.336,"CooperativeService{guidedPlanning, status=request, vehicleId=0x7665682d3330, requestedHorizonMs=2500, confidence=100, planning.waypoints=1, offloadTaskId=probe-529, offloadPayload=1024 bytes}"
5g-sender,1783014486120202650,edge4av-real-20260702-multiclient-scalability-run-3,p5g-scale-mqtt-payload-1024-clients-50,scale,guided-planning,mqtt,veh-30,veh-30,rsu-1,p5g-scale-mqtt-payload-1024-clients-50-veh-30-530,ipi-session-1,multiclient-scalability-run-3,veh-30,530,50-clients,default,stationary,unsynced,true,true,clients,50,count,IPI-CooperativeService,1098,1783014486080368979,1783014421285900874,1783014421285947647,1783014486120202650,39.834,,0.047,64834.255,"CooperativeService{guidedPlanning, status=request, vehicleId=0x7665682d3330, requestedHorizonMs=2500, confidence=100, planning.waypoints=1, offloadTaskId=probe-530, offloadPayload=1024 bytes}"
5g-sender,1783014486360216960,edge4av-real-20260702-multiclient-scalability-run-3,p5g-scale-mqtt-payload-1024-clients-50,scale,guided-planning,mqtt,veh-30,veh-30,rsu-1,p5g-scale-mqtt-payload-1024-clients-50-veh-30-531,ipi-session-1,multiclient-scalability-run-3,veh-30,531,50-clients,default,stationary,unsynced,true,true,clients,50,count,IPI-CooperativeService,1098,1783014486320385123,1783014421526908932,1783014421526952068,1783014486360216960,39.832,,0.043,64833.265,"CooperativeService{guidedPlanning, status=request, vehicleId=0x7665682d3330, requestedHorizonMs=2500, confidence=100, planning.waypoints=1, offloadTaskId=probe-531, offloadPayload=1024 bytes}"
5g-sender,1783014486602288672,edge4av-real-20260702-multiclient-scalability-run-3,p5g-scale-mqtt-payload-1024-clients-50,scale,guided-planning,mqtt,veh-30,veh-30,rsu-1,p5g-scale-mqtt-payload-1024-clients-50-veh-30-532,ipi-session-1,multiclient-scalability-run-3,veh-30,532,50-clients,default,stationary,unsynced,true,true,clients,50,count,IPI-CooperativeService,1098,1783014486560365799,1783014421756417696,1783014421756495873,1783014486602288672,41.923,,0.078,64845.793,"CooperativeService{guidedPlanning, status=request, vehicleId=0x7665682d3330, requestedHorizonMs=2500, confidence=100, planning.waypoints=1, offloadTaskId=probe-532, offloadPayload=1024 bytes}"
5g-sender,1783014486836316175,edge4av-real-20260702-multiclient-scalability-run-3,p5g-scale-mqtt-payload-1024-clients-50,scale,guided-planning,mqtt,veh-30,veh-30,rsu-1,p5g-scale-mqtt-payload-1024-clients-50-veh-30-533,ipi-session-1,multiclient-scalability-run-3,veh-30,533,50-clients,default,stationary,unsynced,true,true,clients,50,count,IPI-CooperativeService,1098,1783014486802477475,1783014421997562964,1783014421997606424,1783014486836316175,33.839,,0.043,64838.710,"CooperativeService{guidedPlanning, status=request, vehicleId=0x7665682d3330, requestedHorizonMs=2500, confidence=100, planning.waypoints=1, offloadTaskId=probe-533, offloadPayload=1024 bytes}"
5g-sender,1783014487074239776,edge4av-real-20260702-multiclient-scalability-run-3,p5g-scale-mqtt-payload-1024-clients-50,scale,guided-planning,mqtt,veh-30,veh-30,rsu-1,p5g-scale-mqtt-payload-1024-clients-50-veh-30-534,ipi-session-1,multiclient-scalability-run-3,veh-30,534,50-clients,default,stationary,unsynced,true,true,clients,50,count,IPI-CooperativeService,1098,1783014487036483915,1783014422238026769,1783014422238069548,1783014487074239776,37.756,,0.043,64836.170,"CooperativeService{guidedPlanning, status=request, vehicleId=0x7665682d3330, requestedHorizonMs=2500, confidence=100, planning.waypoints=1, offloadTaskId=probe-534, offloadPayload=1024 bytes}"
5g-sender,1783014487314203323,edge4av-real-20260702-multiclient-scalability-run-3,p5g-scale-mqtt-payload-1024-clients-50,scale,guided-planning,mqtt,veh-30,veh-30,rsu-1,p5g-scale-mqtt-payload-1024-clients-50-veh-30-535,ipi-session-1,multiclient-scalability-run-3,veh-30,535,50-clients,default,stationary,unsynced,true,true,clients,50,count,IPI-CooperativeService,1098,1783014487274386182,1783014422478103765,1783014422478163769,1783014487314203323,39.817,,0.060,64836.040,"CooperativeService{guidedPlanning, status=request, vehicleId=0x7665682d3330, requestedHorizonMs=2500, confidence=100, planning.waypoints=1, offloadTaskId=probe-535, offloadPayload=1024 bytes}"
5g-sender,1783014487546186217,edge4av-real-20260702-multiclient-scalability-run-3,p5g-scale-mqtt-payload-1024-clients-50,scale,guided-planning,mqtt,veh-30,veh-30,rsu-1,p5g-scale-mqtt-payload-1024-clients-50-veh-30-536,ipi-session-1,multiclient-scalability-run-3,veh-30,536,50-clients,default,stationary,unsynced,true,true,clients,50,count,IPI-CooperativeService,1098,1783014487514315838,1783014422710248024,1783014422710290868,1783014487546186217,31.870,,0.043,64835.895,"CooperativeService{guidedPlanning, status=request, vehicleId=0x7665682d3330, requestedHorizonMs=2500, confidence=100, planning.waypoints=1, offloadTaskId=probe-536, offloadPayload=1024 bytes}"
5g-sender,1783014487804318783,edge4av-real-20260702-multiclient-scalability-run-3,p5g-scale-mqtt-payload-1024-clients-50,scale,guided-planning,mqtt,veh-30,veh-30,rsu-1,p5g-scale-mqtt-payload-1024-clients-50-veh-30-537,ipi-session-1,multiclient-scalability-run-3,veh-30,537,50-clients,default,stationary,unsynced,true,true,clients,50,count,IPI-CooperativeService,1098,1783014487746375544,1783014422970897840,1783014422970941296,1783014487804318783,57.943,,0.043,64833.377,"CooperativeService{guidedPlanning, status=request, vehicleId=0x7665682d3330, requestedHorizonMs=2500, confidence=100, planning.waypoints=1, offloadTaskId=probe-537, offloadPayload=1024 bytes}"
5g-sender,1783014488108199963,edge4av-real-20260702-multiclient-scalability-run-3,p5g-scale-mqtt-payload-1024-clients-50,scale,guided-planning,mqtt,veh-30,veh-30,rsu-1,p5g-scale-mqtt-payload-1024-clients-50-veh-30-538,ipi-session-1,multiclient-scalability-run-3,veh-30,538,50-clients,default,stationary,unsynced,true,true,clients,50,count,IPI-CooperativeService,1098,1783014488004488656,1783014423269332419,1783014423269398182,1783014488108199963,103.711,,0.066,64838.802,"CooperativeService{guidedPlanning, status=request, vehicleId=0x7665682d3330, requestedHorizonMs=2500, confidence=100, planning.waypoints=1, offloadTaskId=probe-538, offloadPayload=1024 bytes}"
5g-sender,1783014488456418657,edge4av-real-20260702-multiclient-scalability-run-3,p5g-scale-mqtt-payload-1024-clients-50,scale,guided-planning,mqtt,veh-30,veh-30,rsu-1,p5g-scale-mqtt-payload-1024-clients-50-veh-30-539,ipi-session-1,multiclient-scalability-run-3,veh-30,539,50-clients,default,stationary,unsynced,true,true,clients,50,count,IPI-CooperativeService,1098,1783014488308365515,1783014423620057181,1783014423620123959,1783014488456418657,148.053,,0.067,64836.295,"CooperativeService{guidedPlanning, status=request, vehicleId=0x7665682d3330, requestedHorizonMs=2500, confidence=100, planning.waypoints=1, offloadTaskId=probe-539, offloadPayload=1024 bytes}"
5g-sender,1783014488830256717,edge4av-real-20260702-multiclient-scalability-run-3,p5g-scale-mqtt-payload-1024-clients-50,scale,guided-planning,mqtt,veh-30,veh-30,rsu-1,p5g-scale-mqtt-payload-1024-clients-50-veh-30-540,ipi-session-1,multiclient-scalability-run-3,veh-30,540,50-clients,default,stationary,unsynced,true,true,clients,50,count,IPI-CooperativeService,1098,1783014488656567639,1783014423990039627,1783014423990081576,1783014488830256717,173.689,,0.042,64840.175,"CooperativeService{guidedPlanning, status=request, vehicleId=0x7665682d3330, requestedHorizonMs=2500, confidence=100, planning.waypoints=1, offloadTaskId=probe-540, offloadPayload=1024 bytes}"
5g-sender,1783014489202568331,edge4av-real-20260702-multiclient-scalability-run-3,p5g-scale-mqtt-payload-1024-clients-50,scale,guided-planning,mqtt,veh-30,veh-30,rsu-1,p5g-scale-mqtt-payload-1024-clients-50-veh-30-541,ipi-session-1,multiclient-scalability-run-3,veh-30,541,50-clients,default,stationary,unsynced,true,true,clients,50,count,IPI-CooperativeService,1098,1783014489030405069,1783014424361247864,1783014424361297005,1783014489202568331,172.163,,0.049,64841.271,"CooperativeService{guidedPlanning, status=request, vehicleId=0x7665682d3330, requestedHorizonMs=2500, confidence=100, planning.waypoints=1, offloadTaskId=probe-541, offloadPayload=1024 bytes}"
5g-sender,1783014489526271157,edge4av-real-20260702-multiclient-scalability-run-3,p5g-scale-mqtt-payload-1024-clients-50,scale,guided-planning,mqtt,veh-30,veh-30,rsu-1,p5g-scale-mqtt-payload-1024-clients-50-veh-30-542,ipi-session-1,multiclient-scalability-run-3,veh-30,542,50-clients,default,stationary,unsynced,true,true,clients,50,count,IPI-CooperativeService,1098,1783014489402716816,1783014424692201469,1783014424692258351,1783014489526271157,123.554,,0.057,64834.013,"CooperativeService{guidedPlanning, status=request, vehicleId=0x7665682d3330, requestedHorizonMs=2500, confidence=100, planning.waypoints=1, offloadTaskId=probe-542, offloadPayload=1024 bytes}"
5g-sender,1783014489768392709,edge4av-real-20260702-multiclient-scalability-run-3,p5g-scale-mqtt-payload-1024-clients-50,scale,guided-planning,mqtt,veh-30,veh-30,rsu-1,p5g-scale-mqtt-payload-1024-clients-50-veh-30-543,ipi-session-1,multiclient-scalability-run-3,veh-30,543,50-clients,default,stationary,unsynced,true,true,clients,50,count,IPI-CooperativeService,1098,1783014489726468423,1783014424932374357,1783014424932418201,1783014489768392709,41.924,,0.044,64835.975,"CooperativeService{guidedPlanning, status=request, vehicleId=0x7665682d3330, requestedHorizonMs=2500, confidence=100, planning.waypoints=1, offloadTaskId=probe-543, offloadPayload=1024 bytes}"
5g-sender,1783014490006231142,edge4av-real-20260702-multiclient-scalability-run-3,p5g-scale-mqtt-payload-1024-clients-50,scale,guided-planning,mqtt,veh-30,veh-30,rsu-1,p5g-scale-mqtt-payload-1024-clients-50-veh-30-544,ipi-session-1,multiclient-scalability-run-3,veh-30,544,50-clients,default,stationary,unsynced,true,true,clients,50,count,IPI-CooperativeService,1098,1783014489968575662,1783014425173735401,1783014425173778086,1783014490006231142,37.655,,0.043,64832.453,"CooperativeService{guidedPlanning, status=request, vehicleId=0x7665682d3330, requestedHorizonMs=2500, confidence=100, planning.waypoints=1, offloadTaskId=probe-544, offloadPayload=1024 bytes}"
5g-sender,1783014490288439467,edge4av-real-20260702-multiclient-scalability-run-3,p5g-scale-mqtt-payload-1024-clients-50,scale,guided-planning,mqtt,veh-30,veh-30,rsu-1,p5g-scale-mqtt-payload-1024-clients-50-veh-30-545,ipi-session-1,multiclient-scalability-run-3,veh-30,545,50-clients,default,stationary,unsynced,true,true,clients,50,count,IPI-CooperativeService,1098,1783014490206372641,1783014425453116909,1783014425453167655,1783014490288439467,82.067,,0.051,64835.272,"CooperativeService{guidedPlanning, status=request, vehicleId=0x7665682d3330, requestedHorizonMs=2500, confidence=100, planning.waypoints=1, offloadTaskId=probe-545, offloadPayload=1024 bytes}"
5g-sender,1783014490568323464,edge4av-real-20260702-multiclient-scalability-run-3,p5g-scale-mqtt-payload-1024-clients-50,scale,guided-planning,mqtt,veh-30,veh-30,rsu-1,p5g-scale-mqtt-payload-1024-clients-50-veh-30-546,ipi-session-1,multiclient-scalability-run-3,veh-30,546,50-clients,default,stationary,unsynced,true,true,clients,50,count,IPI-CooperativeService,1098,1783014490488620230,1783014425733646897,1783014425733696293,1783014490568323464,79.703,,0.049,64834.627,"CooperativeService{guidedPlanning, status=request, vehicleId=0x7665682d3330, requestedHorizonMs=2500, confidence=100, planning.waypoints=1, offloadTaskId=probe-546, offloadPayload=1024 bytes}"
5g-sender,1783014490800246884,edge4av-real-20260702-multiclient-scalability-run-3,p5g-scale-mqtt-payload-1024-clients-50,scale,guided-planning,mqtt,veh-30,veh-30,rsu-1,p5g-scale-mqtt-payload-1024-clients-50-veh-30-547,ipi-session-1,multiclient-scalability-run-3,veh-30,547,50-clients,default,stationary,unsynced,true,true,clients,50,count,IPI-CooperativeService,1098,1783014490768532637,1783014425965048973,1783014425965117262,1783014490800246884,31.714,,0.068,64835.130,"CooperativeService{guidedPlanning, status=request, vehicleId=0x7665682d3330, requestedHorizonMs=2500, confidence=100, planning.waypoints=1, offloadTaskId=probe-547, offloadPayload=1024 bytes}"
5g-sender,1783014491048252688,edge4av-real-20260702-multiclient-scalability-run-3,p5g-scale-mqtt-payload-1024-clients-50,scale,guided-planning,mqtt,veh-30,veh-30,rsu-1,p5g-scale-mqtt-payload-1024-clients-50-veh-30-548,ipi-session-1,multiclient-scalability-run-3,veh-30,548,50-clients,default,stationary,unsynced,true,true,clients,50,count,IPI-CooperativeService,1098,1783014491000444046,1783014426204880488,1783014426204924286,1783014491048252688,47.809,,0.044,64843.328,"CooperativeService{guidedPlanning, status=request, vehicleId=0x7665682d3330, requestedHorizonMs=2500, confidence=100, planning.waypoints=1, offloadTaskId=probe-548, offloadPayload=1024 bytes}"
5g-sender,1783014491280238775,edge4av-real-20260702-multiclient-scalability-run-3,p5g-scale-mqtt-payload-1024-clients-50,scale,guided-planning,mqtt,veh-30,veh-30,rsu-1,p5g-scale-mqtt-payload-1024-clients-50-veh-30-549,ipi-session-1,multiclient-scalability-run-3,veh-30,549,50-clients,default,stationary,unsynced,true,true,clients,50,count,IPI-CooperativeService,1098,1783014491248516098,1783014426446081774,1783014426446125538,1783014491280238775,31.723,,0.044,64834.113,"CooperativeService{guidedPlanning, status=request, vehicleId=0x7665682d3330, requestedHorizonMs=2500, confidence=100, planning.waypoints=1, offloadTaskId=probe-549, offloadPayload=1024 bytes}"
5g-sender,1783014491522277533,edge4av-real-20260702-multiclient-scalability-run-3,p5g-scale-mqtt-payload-1024-clients-50,scale,guided-planning,mqtt,veh-30,veh-30,rsu-1,p5g-scale-mqtt-payload-1024-clients-50-veh-30-550,ipi-session-1,multiclient-scalability-run-3,veh-30,550,50-clients,default,stationary,unsynced,true,true,clients,50,count,IPI-CooperativeService,1098,1783014491480385140,1783014426686213397,1783014426686257603,1783014491522277533,41.892,,0.044,64836.020,"CooperativeService{guidedPlanning, status=request, vehicleId=0x7665682d3330, requestedHorizonMs=2500, confidence=100, planning.waypoints=1, offloadTaskId=probe-550, offloadPayload=1024 bytes}"
5g-sender,1783014491756301122,edge4av-real-20260702-multiclient-scalability-run-3,p5g-scale-mqtt-payload-1024-clients-50,scale,guided-planning,mqtt,veh-30,veh-30,rsu-1,p5g-scale-mqtt-payload-1024-clients-50-veh-30-551,ipi-session-1,multiclient-scalability-run-3,veh-30,551,50-clients,default,stationary,unsynced,true,true,clients,50,count,IPI-CooperativeService,1098,1783014491722443155,1783014426915864521,1783014426915915427,1783014491756301122,33.858,,0.051,64840.386,"CooperativeService{guidedPlanning, status=request, vehicleId=0x7665682d3330, requestedHorizonMs=2500, confidence=100, planning.waypoints=1, offloadTaskId=probe-551, offloadPayload=1024 bytes}"
5g-sender,1783014491992335485,edge4av-real-20260702-multiclient-scalability-run-3,p5g-scale-mqtt-payload-1024-clients-50,scale,guided-planning,mqtt,veh-30,veh-30,rsu-1,p5g-scale-mqtt-payload-1024-clients-50-veh-30-552,ipi-session-1,multiclient-scalability-run-3,veh-30,552,50-clients,default,stationary,unsynced,true,true,clients,50,count,IPI-CooperativeService,1098,1783014491956467611,1783014427146841245,1783014427146885541,1783014491992335485,35.868,,0.044,64845.450,"CooperativeService{guidedPlanning, status=request, vehicleId=0x7665682d3330, requestedHorizonMs=2500, confidence=100, planning.waypoints=1, offloadTaskId=probe-552, offloadPayload=1024 bytes}"
5g-sender,1783014492236272409,edge4av-real-20260702-multiclient-scalability-run-3,p5g-scale-mqtt-payload-1024-clients-50,scale,guided-planning,mqtt,veh-30,veh-30,rsu-1,p5g-scale-mqtt-payload-1024-clients-50-veh-30-553,ipi-session-1,multiclient-scalability-run-3,veh-30,553,50-clients,default,stationary,unsynced,true,true,clients,50,count,IPI-CooperativeService,1098,1783014492192536157,1783014427396645145,1783014427396738608,1783014492236272409,43.736,,0.093,64839.534,"CooperativeService{guidedPlanning, status=request, vehicleId=0x7665682d3330, requestedHorizonMs=2500, confidence=100, planning.waypoints=1, offloadTaskId=probe-553, offloadPayload=1024 bytes}"
5g-sender,1783014492472450328,edge4av-real-20260702-multiclient-scalability-run-3,p5g-scale-mqtt-payload-1024-clients-50,scale,guided-planning,mqtt,veh-30,veh-30,rsu-1,p5g-scale-mqtt-payload-1024-clients-50-veh-30-554,ipi-session-1,multiclient-scalability-run-3,veh-30,554,50-clients,default,stationary,unsynced,true,true,clients,50,count,IPI-CooperativeService,1098,1783014492436477905,1783014427639394054,1783014427639458758,1783014492472450328,35.972,,0.065,64832.992,"CooperativeService{guidedPlanning, status=request, vehicleId=0x7665682d3330, requestedHorizonMs=2500, confidence=100, planning.waypoints=1, offloadTaskId=probe-554, offloadPayload=1024 bytes}"
5g-sender,1783014492702287242,edge4av-real-20260702-multiclient-scalability-run-3,p5g-scale-mqtt-payload-1024-clients-50,scale,guided-planning,mqtt,veh-30,veh-30,rsu-1,p5g-scale-mqtt-payload-1024-clients-50-veh-30-555,ipi-session-1,multiclient-scalability-run-3,veh-30,555,50-clients,default,stationary,unsynced,true,true,clients,50,count,IPI-CooperativeService,1098,1783014492672595959,1783014427868518746,1783014427868583520,1783014492702287242,29.691,,0.065,64833.704,"CooperativeService{guidedPlanning, status=request, vehicleId=0x7665682d3330, requestedHorizonMs=2500, confidence=100, planning.waypoints=1, offloadTaskId=probe-555, offloadPayload=1024 bytes}"
5g-sender,1783014492948414952,edge4av-real-20260702-multiclient-scalability-run-3,p5g-scale-mqtt-payload-1024-clients-50,scale,guided-planning,mqtt,veh-30,veh-30,rsu-1,p5g-scale-mqtt-payload-1024-clients-50-veh-30-556,ipi-session-1,multiclient-scalability-run-3,veh-30,556,50-clients,default,stationary,unsynced,true,true,clients,50,count,IPI-CooperativeService,1098,1783014492902501997,1783014428109030571,1783014428109084357,1783014492948414952,45.913,,0.054,64839.331,"CooperativeService{guidedPlanning, status=request, vehicleId=0x7665682d3330, requestedHorizonMs=2500, confidence=100, planning.waypoints=1, offloadTaskId=probe-556, offloadPayload=1024 bytes}"
5g-sender,1783014493210408785,edge4av-real-20260702-multiclient-scalability-run-3,p5g-scale-mqtt-payload-1024-clients-50,scale,guided-planning,mqtt,veh-30,veh-30,rsu-1,p5g-scale-mqtt-payload-1024-clients-50-veh-30-557,ipi-session-1,multiclient-scalability-run-3,veh-30,557,50-clients,default,stationary,unsynced,true,true,clients,50,count,IPI-CooperativeService,1098,1783014493148557210,1783014428369069646,1783014428369111834,1783014493210408785,61.852,,0.042,64841.297,"CooperativeService{guidedPlanning, status=request, vehicleId=0x7665682d3330, requestedHorizonMs=2500, confidence=100, planning.waypoints=1, offloadTaskId=probe-557, offloadPayload=1024 bytes}"
5g-sender,1783014493446248099,edge4av-real-20260702-multiclient-scalability-run-3,p5g-scale-mqtt-payload-1024-clients-50,scale,guided-planning,mqtt,veh-30,veh-30,rsu-1,p5g-scale-mqtt-payload-1024-clients-50-veh-30-558,ipi-session-1,multiclient-scalability-run-3,veh-30,558,50-clients,default,stationary,unsynced,true,true,clients,50,count,IPI-CooperativeService,1098,1783014493410553763,1783014428610487193,1783014428610552401,1783014493446248099,35.694,,0.065,64835.696,"CooperativeService{guidedPlanning, status=request, vehicleId=0x7665682d3330, requestedHorizonMs=2500, confidence=100, planning.waypoints=1, offloadTaskId=probe-558, offloadPayload=1024 bytes}"
5g-sender,1783014493684240007,edge4av-real-20260702-multiclient-scalability-run-3,p5g-scale-mqtt-payload-1024-clients-50,scale,guided-planning,mqtt,veh-30,veh-30,rsu-1,p5g-scale-mqtt-payload-1024-clients-50-veh-30-559,ipi-session-1,multiclient-scalability-run-3,veh-30,559,50-clients,default,stationary,unsynced,true,true,clients,50,count,IPI-CooperativeService,1098,1783014493646392924,1783014428849670173,1783014428849713476,1783014493684240007,37.847,,0.043,64834.527,"CooperativeService{guidedPlanning, status=request, vehicleId=0x7665682d3330, requestedHorizonMs=2500, confidence=100, planning.waypoints=1, offloadTaskId=probe-559, offloadPayload=1024 bytes}"
5g-sender,1783014493928322662,edge4av-real-20260702-multiclient-scalability-run-3,p5g-scale-mqtt-payload-1024-clients-50,scale,guided-planning,mqtt,veh-30,veh-30,rsu-1,p5g-scale-mqtt-payload-1024-clients-50-veh-30-560,ipi-session-1,multiclient-scalability-run-3,veh-30,560,50-clients,default,stationary,unsynced,true,true,clients,50,count,IPI-CooperativeService,1098,1783014493884384135,1783014429090642519,1783014429090685958,1783014493928322662,43.939,,0.043,64837.637,"CooperativeService{guidedPlanning, status=request, vehicleId=0x7665682d3330, requestedHorizonMs=2500, confidence=100, planning.waypoints=1, offloadTaskId=probe-560, offloadPayload=1024 bytes}"
5g-sender,1783014494166384246,edge4av-real-20260702-multiclient-scalability-run-3,p5g-scale-mqtt-payload-1024-clients-50,scale,guided-planning,mqtt,veh-30,veh-30,rsu-1,p5g-scale-mqtt-payload-1024-clients-50-veh-30-561,ipi-session-1,multiclient-scalability-run-3,veh-30,561,50-clients,default,stationary,unsynced,true,true,clients,50,count,IPI-CooperativeService,1098,1783014494128489917,1783014429331847887,1783014429331888313,1783014494166384246,37.894,,0.040,64834.496,"CooperativeService{guidedPlanning, status=request, vehicleId=0x7665682d3330, requestedHorizonMs=2500, confidence=100, planning.waypoints=1, offloadTaskId=probe-561, offloadPayload=1024 bytes}"
5g-sender,1783014494398246198,edge4av-real-20260702-multiclient-scalability-run-3,p5g-scale-mqtt-payload-1024-clients-50,scale,guided-planning,mqtt,veh-30,veh-30,rsu-1,p5g-scale-mqtt-payload-1024-clients-50-veh-30-562,ipi-session-1,multiclient-scalability-run-3,veh-30,562,50-clients,default,stationary,unsynced,true,true,clients,50,count,IPI-CooperativeService,1098,1783014494366581515,1783014429561984685,1783014429562050840,1783014494398246198,31.665,,0.066,64836.195,"CooperativeService{guidedPlanning, status=request, vehicleId=0x7665682d3330, requestedHorizonMs=2500, confidence=100, planning.waypoints=1, offloadTaskId=probe-562, offloadPayload=1024 bytes}"
5g-sender,1783014494648223669,edge4av-real-20260702-multiclient-scalability-run-3,p5g-scale-mqtt-payload-1024-clients-50,scale,guided-planning,mqtt,veh-30,veh-30,rsu-1,p5g-scale-mqtt-payload-1024-clients-50-veh-30-563,ipi-session-1,multiclient-scalability-run-3,veh-30,563,50-clients,default,stationary,unsynced,true,true,clients,50,count,IPI-CooperativeService,1098,1783014494598392216,1783014429801299972,1783014429801352952,1783014494648223669,49.831,,0.053,64846.871,"CooperativeService{guidedPlanning, status=request, vehicleId=0x7665682d3330, requestedHorizonMs=2500, confidence=100, planning.waypoints=1, offloadTaskId=probe-563, offloadPayload=1024 bytes}"
5g-sender,1783014494886313071,edge4av-real-20260702-multiclient-scalability-run-3,p5g-scale-mqtt-payload-1024-clients-50,scale,guided-planning,mqtt,veh-30,veh-30,rsu-1,p5g-scale-mqtt-payload-1024-clients-50-veh-30-564,ipi-session-1,multiclient-scalability-run-3,veh-30,564,50-clients,default,stationary,unsynced,true,true,clients,50,count,IPI-CooperativeService,1098,1783014494848407075,1783014430051547209,1783014430051590279,1783014494886313071,37.906,,0.043,64834.723,"CooperativeService{guidedPlanning, status=request, vehicleId=0x7665682d3330, requestedHorizonMs=2500, confidence=100, planning.waypoints=1, offloadTaskId=probe-564, offloadPayload=1024 bytes}"
5g-sender,1783014495116303190,edge4av-real-20260702-multiclient-scalability-run-3,p5g-scale-mqtt-payload-1024-clients-50,scale,guided-planning,mqtt,veh-30,veh-30,rsu-1,p5g-scale-mqtt-payload-1024-clients-50-veh-30-565,ipi-session-1,multiclient-scalability-run-3,veh-30,565,50-clients,default,stationary,unsynced,true,true,clients,50,count,IPI-CooperativeService,1098,1783014495086521930,1783014430282693165,1783014430282748921,1783014495116303190,29.781,,0.056,64833.554,"CooperativeService{guidedPlanning, status=request, vehicleId=0x7665682d3330, requestedHorizonMs=2500, confidence=100, planning.waypoints=1, offloadTaskId=probe-565, offloadPayload=1024 bytes}"
5g-sender,1783014495346366432,edge4av-real-20260702-multiclient-scalability-run-3,p5g-scale-mqtt-payload-1024-clients-50,scale,guided-planning,mqtt,veh-30,veh-30,rsu-1,p5g-scale-mqtt-payload-1024-clients-50-veh-30-566,ipi-session-1,multiclient-scalability-run-3,veh-30,566,50-clients,default,stationary,unsynced,true,true,clients,50,count,IPI-CooperativeService,1098,1783014495316473204,1783014430513502778,1783014430513545308,1783014495346366432,29.893,,0.043,64832.821,"CooperativeService{guidedPlanning, status=request, vehicleId=0x7665682d3330, requestedHorizonMs=2500, confidence=100, planning.waypoints=1, offloadTaskId=probe-566, offloadPayload=1024 bytes}"
5g-sender,1783014495588254608,edge4av-real-20260702-multiclient-scalability-run-3,p5g-scale-mqtt-payload-1024-clients-50,scale,guided-planning,mqtt,veh-30,veh-30,rsu-1,p5g-scale-mqtt-payload-1024-clients-50-veh-30-567,ipi-session-1,multiclient-scalability-run-3,veh-30,567,50-clients,default,stationary,unsynced,true,true,clients,50,count,IPI-CooperativeService,1098,1783014495546511454,1783014430754077134,1783014430754120990,1783014495588254608,41.743,,0.044,64834.134,"CooperativeService{guidedPlanning, status=request, vehicleId=0x7665682d3330, requestedHorizonMs=2500, confidence=100, planning.waypoints=1, offloadTaskId=probe-567, offloadPayload=1024 bytes}"
5g-sender,1783014495820388082,edge4av-real-20260702-multiclient-scalability-run-3,p5g-scale-mqtt-payload-1024-clients-50,scale,guided-planning,mqtt,veh-30,veh-30,rsu-1,p5g-scale-mqtt-payload-1024-clients-50-veh-30-568,ipi-session-1,multiclient-scalability-run-3,veh-30,568,50-clients,default,stationary,unsynced,true,true,clients,50,count,IPI-CooperativeService,1098,1783014495788465022,1783014430983209421,1783014430983264126,1783014495820388082,31.923,,0.055,64837.124,"CooperativeService{guidedPlanning, status=request, vehicleId=0x7665682d3330, requestedHorizonMs=2500, confidence=100, planning.waypoints=1, offloadTaskId=probe-568, offloadPayload=1024 bytes}"
5g-sender,1783014496050383187,edge4av-real-20260702-multiclient-scalability-run-3,p5g-scale-mqtt-payload-1024-clients-50,scale,guided-planning,mqtt,veh-30,veh-30,rsu-1,p5g-scale-mqtt-payload-1024-clients-50-veh-30-569,ipi-session-1,multiclient-scalability-run-3,veh-30,569,50-clients,default,stationary,unsynced,true,true,clients,50,count,IPI-CooperativeService,1098,1783014496020527680,1783014431214176963,1783014431214220217,1783014496050383187,29.856,,0.043,64836.163,"CooperativeService{guidedPlanning, status=request, vehicleId=0x7665682d3330, requestedHorizonMs=2500, confidence=100, planning.waypoints=1, offloadTaskId=probe-569, offloadPayload=1024 bytes}"
5g-sender,1783014496288256889,edge4av-real-20260702-multiclient-scalability-run-3,p5g-scale-mqtt-payload-1024-clients-50,scale,guided-planning,mqtt,veh-30,veh-30,rsu-1,p5g-scale-mqtt-payload-1024-clients-50-veh-30-570,ipi-session-1,multiclient-scalability-run-3,veh-30,570,50-clients,default,stationary,unsynced,true,true,clients,50,count,IPI-CooperativeService,1098,1783014496250533198,1783014431454543258,1783014431454587489,1783014496288256889,37.724,,0.044,64833.669,"CooperativeService{guidedPlanning, status=request, vehicleId=0x7665682d3330, requestedHorizonMs=2500, confidence=100, planning.waypoints=1, offloadTaskId=probe-570, offloadPayload=1024 bytes}"
5g-sender,1783014496532232643,edge4av-real-20260702-multiclient-scalability-run-3,p5g-scale-mqtt-payload-1024-clients-50,scale,guided-planning,mqtt,veh-30,veh-30,rsu-1,p5g-scale-mqtt-payload-1024-clients-50-veh-30-571,ipi-session-1,multiclient-scalability-run-3,veh-30,571,50-clients,default,stationary,unsynced,true,true,clients,50,count,IPI-CooperativeService,1098,1783014496488407520,1783014431695847694,1783014431695903430,1783014496532232643,43.825,,0.056,64836.329,"CooperativeService{guidedPlanning, status=request, vehicleId=0x7665682d3330, requestedHorizonMs=2500, confidence=100, planning.waypoints=1, offloadTaskId=probe-571, offloadPayload=1024 bytes}"
5g-sender,1783014496782364688,edge4av-real-20260702-multiclient-scalability-run-3,p5g-scale-mqtt-payload-1024-clients-50,scale,guided-planning,mqtt,veh-30,veh-30,rsu-1,p5g-scale-mqtt-payload-1024-clients-50-veh-30-572,ipi-session-1,multiclient-scalability-run-3,veh-30,572,50-clients,default,stationary,unsynced,true,true,clients,50,count,IPI-CooperativeService,1098,1783014496732381477,1783014431945299242,1783014431945350476,1783014496782364688,49.983,,0.051,64837.014,"CooperativeService{guidedPlanning, status=request, vehicleId=0x7665682d3330, requestedHorizonMs=2500, confidence=100, planning.waypoints=1, offloadTaskId=probe-572, offloadPayload=1024 bytes}"
5g-sender,1783014497022158701,edge4av-real-20260702-multiclient-scalability-run-3,p5g-scale-mqtt-payload-1024-clients-50,scale,guided-planning,mqtt,veh-30,veh-30,rsu-1,p5g-scale-mqtt-payload-1024-clients-50-veh-30-573,ipi-session-1,multiclient-scalability-run-3,veh-30,573,50-clients,default,stationary,unsynced,true,true,clients,50,count,IPI-CooperativeService,1098,1783014496982512996,1783014432185512521,1783014432185562502,1783014497022158701,39.646,,0.050,64836.596,"CooperativeService{guidedPlanning, status=request, vehicleId=0x7665682d3330, requestedHorizonMs=2500, confidence=100, planning.waypoints=1, offloadTaskId=probe-573, offloadPayload=1024 bytes}"
5g-sender,1783014497260439571,edge4av-real-20260702-multiclient-scalability-run-3,p5g-scale-mqtt-payload-1024-clients-50,scale,guided-planning,mqtt,veh-30,veh-30,rsu-1,p5g-scale-mqtt-payload-1024-clients-50-veh-30-574,ipi-session-1,multiclient-scalability-run-3,veh-30,574,50-clients,default,stationary,unsynced,true,true,clients,50,count,IPI-CooperativeService,1098,1783014497222363553,1783014432426161586,1783014432426211484,1783014497260439571,38.076,,0.050,64834.228,"CooperativeService{guidedPlanning, status=request, vehicleId=0x7665682d3330, requestedHorizonMs=2500, confidence=100, planning.waypoints=1, offloadTaskId=probe-574, offloadPayload=1024 bytes}"
5g-sender,1783014497486218578,edge4av-real-20260702-multiclient-scalability-run-3,p5g-scale-mqtt-payload-1024-clients-50,scale,guided-planning,mqtt,veh-30,veh-30,rsu-1,p5g-scale-mqtt-payload-1024-clients-50-veh-30-575,ipi-session-1,multiclient-scalability-run-3,veh-30,575,50-clients,default,stationary,unsynced,true,true,clients,50,count,IPI-CooperativeService,1098,1783014497460587142,1783014432647869978,1783014432647931258,1783014497486218578,25.631,,0.061,64838.287,"CooperativeService{guidedPlanning, status=request, vehicleId=0x7665682d3330, requestedHorizonMs=2500, confidence=100, planning.waypoints=1, offloadTaskId=probe-575, offloadPayload=1024 bytes}"
5g-sender,1783014497716216255,edge4av-real-20260702-multiclient-scalability-run-3,p5g-scale-mqtt-payload-1024-clients-50,scale,guided-planning,mqtt,veh-30,veh-30,rsu-1,p5g-scale-mqtt-payload-1024-clients-50-veh-30-576,ipi-session-1,multiclient-scalability-run-3,veh-30,576,50-clients,default,stationary,unsynced,true,true,clients,50,count,IPI-CooperativeService,1098,1783014497686410239,1783014432877519730,1783014432877577596,1783014497716216255,29.806,,0.058,64838.639,"CooperativeService{guidedPlanning, status=request, vehicleId=0x7665682d3330, requestedHorizonMs=2500, confidence=100, planning.waypoints=1, offloadTaskId=probe-576, offloadPayload=1024 bytes}"
5g-sender,1783014497946233808,edge4av-real-20260702-multiclient-scalability-run-3,p5g-scale-mqtt-payload-1024-clients-50,scale,guided-planning,mqtt,veh-30,veh-30,rsu-1,p5g-scale-mqtt-payload-1024-clients-50-veh-30-577,ipi-session-1,multiclient-scalability-run-3,veh-30,577,50-clients,default,stationary,unsynced,true,true,clients,50,count,IPI-CooperativeService,1098,1783014497916370623,1783014433107882595,1783014433107932803,1783014497946233808,29.863,,0.050,64838.301,"CooperativeService{guidedPlanning, status=request, vehicleId=0x7665682d3330, requestedHorizonMs=2500, confidence=100, planning.waypoints=1, offloadTaskId=probe-577, offloadPayload=1024 bytes}"
5g-sender,1783014498192417031,edge4av-real-20260702-multiclient-scalability-run-3,p5g-scale-mqtt-payload-1024-clients-50,scale,guided-planning,mqtt,veh-30,veh-30,rsu-1,p5g-scale-mqtt-payload-1024-clients-50-veh-30-578,ipi-session-1,multiclient-scalability-run-3,veh-30,578,50-clients,default,stationary,unsynced,true,true,clients,50,count,IPI-CooperativeService,1098,1783014498146412185,1783014433358278879,1783014433358321461,1783014498192417031,46.005,,0.043,64834.096,"CooperativeService{guidedPlanning, status=request, vehicleId=0x7665682d3330, requestedHorizonMs=2500, confidence=100, planning.waypoints=1, offloadTaskId=probe-578, offloadPayload=1024 bytes}"
5g-sender,1783014498432384952,edge4av-real-20260702-multiclient-scalability-run-3,p5g-scale-mqtt-payload-1024-clients-50,scale,guided-planning,mqtt,veh-30,veh-30,rsu-1,p5g-scale-mqtt-payload-1024-clients-50-veh-30-579,ipi-session-1,multiclient-scalability-run-3,veh-30,579,50-clients,default,stationary,unsynced,true,true,clients,50,count,IPI-CooperativeService,1098,1783014498392561809,1783014433598752190,1783014433598800289,1783014498432384952,39.823,,0.048,64833.585,"CooperativeService{guidedPlanning, status=request, vehicleId=0x7665682d3330, requestedHorizonMs=2500, confidence=100, planning.waypoints=1, offloadTaskId=probe-579, offloadPayload=1024 bytes}"
5g-sender,1783014498678261545,edge4av-real-20260702-multiclient-scalability-run-3,p5g-scale-mqtt-payload-1024-clients-50,scale,guided-planning,mqtt,veh-30,veh-30,rsu-1,p5g-scale-mqtt-payload-1024-clients-50-veh-30-580,ipi-session-1,multiclient-scalability-run-3,veh-30,580,50-clients,default,stationary,unsynced,true,true,clients,50,count,IPI-CooperativeService,1098,1783014498632568256,1783014433839084509,1783014433839127606,1783014498678261545,45.693,,0.043,64839.134,"CooperativeService{guidedPlanning, status=request, vehicleId=0x7665682d3330, requestedHorizonMs=2500, confidence=100, planning.waypoints=1, offloadTaskId=probe-580, offloadPayload=1024 bytes}"
5g-sender,1783014498922965956,edge4av-real-20260702-multiclient-scalability-run-3,p5g-scale-mqtt-payload-1024-clients-50,scale,guided-planning,mqtt,veh-30,veh-30,rsu-1,p5g-scale-mqtt-payload-1024-clients-50-veh-30-581,ipi-session-1,multiclient-scalability-run-3,veh-30,581,50-clients,default,stationary,unsynced,true,true,clients,50,count,IPI-CooperativeService,1098,1783014498878406766,1783014434080791045,1783014434080834932,1783014498922965956,44.559,,0.044,64842.131,"CooperativeService{guidedPlanning, status=request, vehicleId=0x7665682d3330, requestedHorizonMs=2500, confidence=100, planning.waypoints=1, offloadTaskId=probe-581, offloadPayload=1024 bytes}"
5g-sender,1783014499154419329,edge4av-real-20260702-multiclient-scalability-run-3,p5g-scale-mqtt-payload-1024-clients-50,scale,guided-planning,mqtt,veh-30,veh-30,rsu-1,p5g-scale-mqtt-payload-1024-clients-50-veh-30-582,ipi-session-1,multiclient-scalability-run-3,veh-30,582,50-clients,default,stationary,unsynced,true,true,clients,50,count,IPI-CooperativeService,1098,1783014499123107803,1783014434319616651,1783014434319662762,1783014499154419329,31.312,,0.046,64834.757,"CooperativeService{guidedPlanning, status=request, vehicleId=0x7665682d3330, requestedHorizonMs=2500, confidence=100, planning.waypoints=1, offloadTaskId=probe-582, offloadPayload=1024 bytes}"
5g-sender,1783014499402945768,edge4av-real-20260702-multiclient-scalability-run-3,p5g-scale-mqtt-payload-1024-clients-50,scale,guided-planning,mqtt,veh-30,veh-30,rsu-1,p5g-scale-mqtt-payload-1024-clients-50-veh-30-583,ipi-session-1,multiclient-scalability-run-3,veh-30,583,50-clients,default,stationary,unsynced,true,true,clients,50,count,IPI-CooperativeService,1098,1783014499354567070,1783014434561094485,1783014434561137904,1783014499402945768,48.379,,0.043,64841.808,"CooperativeService{guidedPlanning, status=request, vehicleId=0x7665682d3330, requestedHorizonMs=2500, confidence=100, planning.waypoints=1, offloadTaskId=probe-583, offloadPayload=1024 bytes}"
5g-sender,1783014499640305730,edge4av-real-20260702-multiclient-scalability-run-3,p5g-scale-mqtt-payload-1024-clients-50,scale,guided-planning,mqtt,veh-30,veh-30,rsu-1,p5g-scale-mqtt-payload-1024-clients-50-veh-30-584,ipi-session-1,multiclient-scalability-run-3,veh-30,584,50-clients,default,stationary,unsynced,true,true,clients,50,count,IPI-CooperativeService,1098,1783014499603094928,1783014434801297304,1783014434801363371,1783014499640305730,37.211,,0.066,64838.942,"CooperativeService{guidedPlanning, status=request, vehicleId=0x7665682d3330, requestedHorizonMs=2500, confidence=100, planning.waypoints=1, offloadTaskId=probe-584, offloadPayload=1024 bytes}"
5g-sender,1783014499880288807,edge4av-real-20260702-multiclient-scalability-run-3,p5g-scale-mqtt-payload-1024-clients-50,scale,guided-planning,mqtt,veh-30,veh-30,rsu-1,p5g-scale-mqtt-payload-1024-clients-50-veh-30-585,ipi-session-1,multiclient-scalability-run-3,veh-30,585,50-clients,default,stationary,unsynced,true,true,clients,50,count,IPI-CooperativeService,1098,1783014499840470938,1783014435040248126,1783014435040305488,1783014499880288807,39.818,,0.057,64839.983,"CooperativeService{guidedPlanning, status=request, vehicleId=0x7665682d3330, requestedHorizonMs=2500, confidence=100, planning.waypoints=1, offloadTaskId=probe-585, offloadPayload=1024 bytes}"
5g-sender,1783014500128388904,edge4av-real-20260702-multiclient-scalability-run-3,p5g-scale-mqtt-payload-1024-clients-50,scale,guided-planning,mqtt,veh-30,veh-30,rsu-1,p5g-scale-mqtt-payload-1024-clients-50-veh-30-586,ipi-session-1,multiclient-scalability-run-3,veh-30,586,50-clients,default,stationary,unsynced,true,true,clients,50,count,IPI-CooperativeService,1098,1783014500080499369,1783014435292371317,1783014435292432252,1783014500128388904,47.890,,0.061,64835.957,"CooperativeService{guidedPlanning, status=request, vehicleId=0x7665682d3330, requestedHorizonMs=2500, confidence=100, planning.waypoints=1, offloadTaskId=probe-586, offloadPayload=1024 bytes}"
5g-sender,1783014500358154470,edge4av-real-20260702-multiclient-scalability-run-3,p5g-scale-mqtt-payload-1024-clients-50,scale,guided-planning,mqtt,veh-30,veh-30,rsu-1,p5g-scale-mqtt-payload-1024-clients-50-veh-30-587,ipi-session-1,multiclient-scalability-run-3,veh-30,587,50-clients,default,stationary,unsynced,true,true,clients,50,count,IPI-CooperativeService,1098,1783014500328545505,1783014435521403501,1783014435521455093,1783014500358154470,29.609,,0.052,64836.699,"CooperativeService{guidedPlanning, status=request, vehicleId=0x7665682d3330, requestedHorizonMs=2500, confidence=100, planning.waypoints=1, offloadTaskId=probe-587, offloadPayload=1024 bytes}"
5g-sender,1783014500588403683,edge4av-real-20260702-multiclient-scalability-run-3,p5g-scale-mqtt-payload-1024-clients-50,scale,guided-planning,mqtt,veh-30,veh-30,rsu-1,p5g-scale-mqtt-payload-1024-clients-50-veh-30-588,ipi-session-1,multiclient-scalability-run-3,veh-30,588,50-clients,default,stationary,unsynced,true,true,clients,50,count,IPI-CooperativeService,1098,1783014500558300223,1783014435753409321,1783014435753452140,1783014500588403683,30.103,,0.043,64834.952,"CooperativeService{guidedPlanning, status=request, vehicleId=0x7665682d3330, requestedHorizonMs=2500, confidence=100, planning.waypoints=1, offloadTaskId=probe-588, offloadPayload=1024 bytes}"
5g-sender,1783014500818165075,edge4av-real-20260702-multiclient-scalability-run-3,p5g-scale-mqtt-payload-1024-clients-50,scale,guided-planning,mqtt,veh-30,veh-30,rsu-1,p5g-scale-mqtt-payload-1024-clients-50-veh-30-589,ipi-session-1,multiclient-scalability-run-3,veh-30,589,50-clients,default,stationary,unsynced,true,true,clients,50,count,IPI-CooperativeService,1098,1783014500788549740,1783014435981864931,1783014435981914003,1783014500818165075,29.615,,0.049,64836.251,"CooperativeService{guidedPlanning, status=request, vehicleId=0x7665682d3330, requestedHorizonMs=2500, confidence=100, planning.waypoints=1, offloadTaskId=probe-589, offloadPayload=1024 bytes}"
5g-sender,1783014501048189906,edge4av-real-20260702-multiclient-scalability-run-3,p5g-scale-mqtt-payload-1024-clients-50,scale,guided-planning,mqtt,veh-30,veh-30,rsu-1,p5g-scale-mqtt-payload-1024-clients-50-veh-30-590,ipi-session-1,multiclient-scalability-run-3,veh-30,590,50-clients,default,stationary,unsynced,true,true,clients,50,count,IPI-CooperativeService,1098,1783014501018313162,1783014436212315248,1783014436212358606,1783014501048189906,29.877,,0.043,64835.831,"CooperativeService{guidedPlanning, status=request, vehicleId=0x7665682d3330, requestedHorizonMs=2500, confidence=100, planning.waypoints=1, offloadTaskId=probe-590, offloadPayload=1024 bytes}"
5g-sender,1783014501280373804,edge4av-real-20260702-multiclient-scalability-run-3,p5g-scale-mqtt-payload-1024-clients-50,scale,guided-planning,mqtt,veh-30,veh-30,rsu-1,p5g-scale-mqtt-payload-1024-clients-50-veh-30-591,ipi-session-1,multiclient-scalability-run-3,veh-30,591,50-clients,default,stationary,unsynced,true,true,clients,50,count,IPI-CooperativeService,1098,1783014501248359036,1783014436443374823,1783014436443418066,1783014501280373804,32.015,,0.043,64836.956,"CooperativeService{guidedPlanning, status=request, vehicleId=0x7665682d3330, requestedHorizonMs=2500, confidence=100, planning.waypoints=1, offloadTaskId=probe-591, offloadPayload=1024 bytes}"
5g-sender,1783014501518393266,edge4av-real-20260702-multiclient-scalability-run-3,p5g-scale-mqtt-payload-1024-clients-50,scale,guided-planning,mqtt,veh-30,veh-30,rsu-1,p5g-scale-mqtt-payload-1024-clients-50-veh-30-592,ipi-session-1,multiclient-scalability-run-3,veh-30,592,50-clients,default,stationary,unsynced,true,true,clients,50,count,IPI-CooperativeService,1098,1783014501480521087,1783014436684603093,1783014436684661553,1783014501518393266,37.872,,0.058,64833.732,"CooperativeService{guidedPlanning, status=request, vehicleId=0x7665682d3330, requestedHorizonMs=2500, confidence=100, planning.waypoints=1, offloadTaskId=probe-592, offloadPayload=1024 bytes}"
5g-sender,1783014501750522910,edge4av-real-20260702-multiclient-scalability-run-3,p5g-scale-mqtt-payload-1024-clients-50,scale,guided-planning,mqtt,veh-30,veh-30,rsu-1,p5g-scale-mqtt-payload-1024-clients-50-veh-30-593,ipi-session-1,multiclient-scalability-run-3,veh-30,593,50-clients,default,stationary,unsynced,true,true,clients,50,count,IPI-CooperativeService,1098,1783014501718584763,1783014436915346177,1783014436915389192,1783014501750522910,31.938,,0.043,64835.134,"CooperativeService{guidedPlanning, status=request, vehicleId=0x7665682d3330, requestedHorizonMs=2500, confidence=100, planning.waypoints=1, offloadTaskId=probe-593, offloadPayload=1024 bytes}"
5g-sender,1783014501988357257,edge4av-real-20260702-multiclient-scalability-run-3,p5g-scale-mqtt-payload-1024-clients-50,scale,guided-planning,mqtt,veh-30,veh-30,rsu-1,p5g-scale-mqtt-payload-1024-clients-50-veh-30-594,ipi-session-1,multiclient-scalability-run-3,veh-30,594,50-clients,default,stationary,unsynced,true,true,clients,50,count,IPI-CooperativeService,1098,1783014501950669683,1783014437154055664,1783014437154108319,1783014501988357257,37.688,,0.053,64834.249,"CooperativeService{guidedPlanning, status=request, vehicleId=0x7665682d3330, requestedHorizonMs=2500, confidence=100, planning.waypoints=1, offloadTaskId=probe-594, offloadPayload=1024 bytes}"
5g-sender,1783014502224381492,edge4av-real-20260702-multiclient-scalability-run-3,p5g-scale-mqtt-payload-1024-clients-50,scale,guided-planning,mqtt,veh-30,veh-30,rsu-1,p5g-scale-mqtt-payload-1024-clients-50-veh-30-595,ipi-session-1,multiclient-scalability-run-3,veh-30,595,50-clients,default,stationary,unsynced,true,true,clients,50,count,IPI-CooperativeService,1098,1783014502188505227,1783014437384908205,1783014437384951895,1783014502224381492,35.876,,0.044,64839.430,"CooperativeService{guidedPlanning, status=request, vehicleId=0x7665682d3330, requestedHorizonMs=2500, confidence=100, planning.waypoints=1, offloadTaskId=probe-595, offloadPayload=1024 bytes}"
5g-sender,1783014502458395032,edge4av-real-20260702-multiclient-scalability-run-3,p5g-scale-mqtt-payload-1024-clients-50,scale,guided-planning,mqtt,veh-30,veh-30,rsu-1,p5g-scale-mqtt-payload-1024-clients-50-veh-30-596,ipi-session-1,multiclient-scalability-run-3,veh-30,596,50-clients,default,stationary,unsynced,true,true,clients,50,count,IPI-CooperativeService,1098,1783014502424530109,1783014437624541899,1783014437624585370,1783014502458395032,33.865,,0.043,64833.810,"CooperativeService{guidedPlanning, status=request, vehicleId=0x7665682d3330, requestedHorizonMs=2500, confidence=100, planning.waypoints=1, offloadTaskId=probe-596, offloadPayload=1024 bytes}"
5g-sender,1783014502692414985,edge4av-real-20260702-multiclient-scalability-run-3,p5g-scale-mqtt-payload-1024-clients-50,scale,guided-planning,mqtt,veh-30,veh-30,rsu-1,p5g-scale-mqtt-payload-1024-clients-50-veh-30-597,ipi-session-1,multiclient-scalability-run-3,veh-30,597,50-clients,default,stationary,unsynced,true,true,clients,50,count,IPI-CooperativeService,1098,1783014502658569195,1783014437856859160,1783014437856902124,1783014502692414985,33.846,,0.043,64835.513,"CooperativeService{guidedPlanning, status=request, vehicleId=0x7665682d3330, requestedHorizonMs=2500, confidence=100, planning.waypoints=1, offloadTaskId=probe-597, offloadPayload=1024 bytes}"
5g-sender,1783014502987500547,edge4av-real-20260702-multiclient-scalability-run-3,p5g-scale-mqtt-payload-1024-clients-50,scale,guided-planning,mqtt,veh-30,veh-30,rsu-1,p5g-scale-mqtt-payload-1024-clients-50-veh-30-598,ipi-session-1,multiclient-scalability-run-3,veh-30,598,50-clients,default,stationary,unsynced,true,true,clients,50,count,IPI-CooperativeService,1098,1783014502892567702,1783014438146605623,1783014438146668423,1783014502987500547,94.933,,0.063,64840.832,"CooperativeService{guidedPlanning, status=request, vehicleId=0x7665682d3330, requestedHorizonMs=2500, confidence=100, planning.waypoints=1, offloadTaskId=probe-598, offloadPayload=1024 bytes}"
5g-sender,1783014503260257712,edge4av-real-20260702-multiclient-scalability-run-3,p5g-scale-mqtt-payload-1024-clients-50,scale,guided-planning,mqtt,veh-30,veh-30,rsu-1,p5g-scale-mqtt-payload-1024-clients-50-veh-30-599,ipi-session-1,multiclient-scalability-run-3,veh-30,599,50-clients,default,stationary,unsynced,true,true,clients,50,count,IPI-CooperativeService,1098,1783014503187691824,1783014438426159151,1783014438426221771,1783014503260257712,72.566,,0.063,64834.036,"CooperativeService{guidedPlanning, status=request, vehicleId=0x7665682d3330, requestedHorizonMs=2500, confidence=100, planning.waypoints=1, offloadTaskId=probe-599, offloadPayload=1024 bytes}"
5g-sender,1783014503510561841,edge4av-real-20260702-multiclient-scalability-run-3,p5g-scale-mqtt-payload-1024-clients-50,scale,guided-planning,mqtt,veh-30,veh-30,rsu-1,p5g-scale-mqtt-payload-1024-clients-50-veh-30-600,ipi-session-1,multiclient-scalability-run-3,veh-30,600,50-clients,default,stationary,unsynced,true,true,clients,50,count,IPI-CooperativeService,1098,1783014503460400935,1783014438667788409,1783014438667849106,1783014503510561841,50.161,,0.061,64842.713,"CooperativeService{guidedPlanning, status=request, vehicleId=0x7665682d3330, requestedHorizonMs=2500, confidence=100, planning.waypoints=1, offloadTaskId=probe-600, offloadPayload=1024 bytes}"
5g-sender,1783014503762448115,edge4av-real-20260702-multiclient-scalability-run-3,p5g-scale-mqtt-payload-1024-clients-50,scale,guided-planning,mqtt,veh-30,veh-30,rsu-1,p5g-scale-mqtt-payload-1024-clients-50-veh-30-601,ipi-session-1,multiclient-scalability-run-3,veh-30,601,50-clients,default,stationary,unsynced,true,true,clients,50,count,IPI-CooperativeService,1098,1783014503710706748,1783014438926952860,1783014438927028830,1783014503762448115,51.741,,0.076,64835.419,"CooperativeService{guidedPlanning, status=request, vehicleId=0x7665682d3330, requestedHorizonMs=2500, confidence=100, planning.waypoints=1, offloadTaskId=probe-601, offloadPayload=1024 bytes}"
5g-sender,1783014504002262113,edge4av-real-20260702-multiclient-scalability-run-3,p5g-scale-mqtt-payload-1024-clients-50,scale,guided-planning,mqtt,veh-30,veh-30,rsu-1,p5g-scale-mqtt-payload-1024-clients-50-veh-30-602,ipi-session-1,multiclient-scalability-run-3,veh-30,602,50-clients,default,stationary,unsynced,true,true,clients,50,count,IPI-CooperativeService,1098,1783014503962596147,1783014439167830074,1783014439167909796,1783014504002262113,39.666,,0.080,64834.352,"CooperativeService{guidedPlanning, status=request, vehicleId=0x7665682d3330, requestedHorizonMs=2500, confidence=100, planning.waypoints=1, offloadTaskId=probe-602, offloadPayload=1024 bytes}"
5g-sender,1783014504250321794,edge4av-real-20260702-multiclient-scalability-run-3,p5g-scale-mqtt-payload-1024-clients-50,scale,guided-planning,mqtt,veh-30,veh-30,rsu-1,p5g-scale-mqtt-payload-1024-clients-50-veh-30-603,ipi-session-1,multiclient-scalability-run-3,veh-30,603,50-clients,default,stationary,unsynced,true,true,clients,50,count,IPI-CooperativeService,1098,1783014504202410769,1783014439418086479,1783014439418130104,1783014504250321794,47.911,,0.044,64832.192,"CooperativeService{guidedPlanning, status=request, vehicleId=0x7665682d3330, requestedHorizonMs=2500, confidence=100, planning.waypoints=1, offloadTaskId=probe-603, offloadPayload=1024 bytes}"
5g-sender,1783014504516380068,edge4av-real-20260702-multiclient-scalability-run-3,p5g-scale-mqtt-payload-1024-clients-50,scale,guided-planning,mqtt,veh-30,veh-30,rsu-1,p5g-scale-mqtt-payload-1024-clients-50-veh-30-604,ipi-session-1,multiclient-scalability-run-3,veh-30,604,50-clients,default,stationary,unsynced,true,true,clients,50,count,IPI-CooperativeService,1098,1783014504450483601,1783014439678691589,1783014439678751270,1783014504516380068,65.896,,0.060,64837.629,"CooperativeService{guidedPlanning, status=request, vehicleId=0x7665682d3330, requestedHorizonMs=2500, confidence=100, planning.waypoints=1, offloadTaskId=probe-604, offloadPayload=1024 bytes}"
5g-sender,1783014504756378311,edge4av-real-20260702-multiclient-scalability-run-3,p5g-scale-mqtt-payload-1024-clients-50,scale,guided-planning,mqtt,veh-30,veh-30,rsu-1,p5g-scale-mqtt-payload-1024-clients-50-veh-30-605,ipi-session-1,multiclient-scalability-run-3,veh-30,605,50-clients,default,stationary,unsynced,true,true,clients,50,count,IPI-CooperativeService,1098,1783014504716576368,1783014439919543901,1783014439919588740,1783014504756378311,39.802,,0.045,64836.790,"CooperativeService{guidedPlanning, status=request, vehicleId=0x7665682d3330, requestedHorizonMs=2500, confidence=100, planning.waypoints=1, offloadTaskId=probe-605, offloadPayload=1024 bytes}"
5g-sender,1783014504988084863,edge4av-real-20260702-multiclient-scalability-run-3,p5g-scale-mqtt-payload-1024-clients-50,scale,guided-planning,mqtt,veh-30,veh-30,rsu-1,p5g-scale-mqtt-payload-1024-clients-50-veh-30-606,ipi-session-1,multiclient-scalability-run-3,veh-30,606,50-clients,default,stationary,unsynced,true,true,clients,50,count,IPI-CooperativeService,1098,1783014504956522787,1783014440149907754,1783014440149975180,1783014504988084863,31.562,,0.067,64838.110,"CooperativeService{guidedPlanning, status=request, vehicleId=0x7665682d3330, requestedHorizonMs=2500, confidence=100, planning.waypoints=1, offloadTaskId=probe-606, offloadPayload=1024 bytes}"
5g-sender,1783014505218451747,edge4av-real-20260702-multiclient-scalability-run-3,p5g-scale-mqtt-payload-1024-clients-50,scale,guided-planning,mqtt,veh-30,veh-30,rsu-1,p5g-scale-mqtt-payload-1024-clients-50-veh-30-607,ipi-session-1,multiclient-scalability-run-3,veh-30,607,50-clients,default,stationary,unsynced,true,true,clients,50,count,IPI-CooperativeService,1098,1783014505188227876,1783014440379814406,1783014440379864844,1783014505218451747,30.224,,0.050,64838.587,"CooperativeService{guidedPlanning, status=request, vehicleId=0x7665682d3330, requestedHorizonMs=2500, confidence=100, planning.waypoints=1, offloadTaskId=probe-607, offloadPayload=1024 bytes}"
5g-sender,1783014505444249572,edge4av-real-20260702-multiclient-scalability-run-3,p5g-scale-mqtt-payload-1024-clients-50,scale,guided-planning,mqtt,veh-30,veh-30,rsu-1,p5g-scale-mqtt-payload-1024-clients-50-veh-30-608,ipi-session-1,multiclient-scalability-run-3,veh-30,608,50-clients,default,stationary,unsynced,true,true,clients,50,count,IPI-CooperativeService,1098,1783014505418591816,1783014440610774106,1783014440610817231,1783014505444249572,25.658,,0.043,64833.432,"CooperativeService{guidedPlanning, status=request, vehicleId=0x7665682d3330, requestedHorizonMs=2500, confidence=100, planning.waypoints=1, offloadTaskId=probe-608, offloadPayload=1024 bytes}"
5g-sender,1783014505684588039,edge4av-real-20260702-multiclient-scalability-run-3,p5g-scale-mqtt-payload-1024-clients-50,scale,guided-planning,mqtt,veh-30,veh-30,rsu-1,p5g-scale-mqtt-payload-1024-clients-50-veh-30-609,ipi-session-1,multiclient-scalability-run-3,veh-30,609,50-clients,default,stationary,unsynced,true,true,clients,50,count,IPI-CooperativeService,1098,1783014505644394092,1783014440851635151,1783014440851691766,1783014505684588039,40.194,,0.057,64832.896,"CooperativeService{guidedPlanning, status=request, vehicleId=0x7665682d3330, requestedHorizonMs=2500, confidence=100, planning.waypoints=1, offloadTaskId=probe-609, offloadPayload=1024 bytes}"
5g-sender,1783014505914245345,edge4av-real-20260702-multiclient-scalability-run-3,p5g-scale-mqtt-payload-1024-clients-50,scale,guided-planning,mqtt,veh-30,veh-30,rsu-1,p5g-scale-mqtt-payload-1024-clients-50-veh-30-610,ipi-session-1,multiclient-scalability-run-3,veh-30,610,50-clients,default,stationary,unsynced,true,true,clients,50,count,IPI-CooperativeService,1098,1783014505884728392,1783014441080621412,1783014441080710309,1783014505914245345,29.517,,0.089,64833.535,"CooperativeService{guidedPlanning, status=request, vehicleId=0x7665682d3330, requestedHorizonMs=2500, confidence=100, planning.waypoints=1, offloadTaskId=probe-610, offloadPayload=1024 bytes}"
5g-sender,1783014506156333383,edge4av-real-20260702-multiclient-scalability-run-3,p5g-scale-mqtt-payload-1024-clients-50,scale,guided-planning,mqtt,veh-30,veh-30,rsu-1,p5g-scale-mqtt-payload-1024-clients-50-veh-30-611,ipi-session-1,multiclient-scalability-run-3,veh-30,611,50-clients,default,stationary,unsynced,true,true,clients,50,count,IPI-CooperativeService,1098,1783014506114446695,1783014441321612989,1783014441321656668,1783014506156333383,41.887,,0.044,64834.677,"CooperativeService{guidedPlanning, status=request, vehicleId=0x7665682d3330, requestedHorizonMs=2500, confidence=100, planning.waypoints=1, offloadTaskId=probe-611, offloadPayload=1024 bytes}"
5g-sender,1783014506396365050,edge4av-real-20260702-multiclient-scalability-run-3,p5g-scale-mqtt-payload-1024-clients-50,scale,guided-planning,mqtt,veh-30,veh-30,rsu-1,p5g-scale-mqtt-payload-1024-clients-50-veh-30-612,ipi-session-1,multiclient-scalability-run-3,veh-30,612,50-clients,default,stationary,unsynced,true,true,clients,50,count,IPI-CooperativeService,1098,1783014506356501923,1783014441562560096,1783014441562603219,1783014506396365050,39.863,,0.043,64833.762,"CooperativeService{guidedPlanning, status=request, vehicleId=0x7665682d3330, requestedHorizonMs=2500, confidence=100, planning.waypoints=1, offloadTaskId=probe-612, offloadPayload=1024 bytes}"
5g-sender,1783014506638234326,edge4av-real-20260702-multiclient-scalability-run-3,p5g-scale-mqtt-payload-1024-clients-50,scale,guided-planning,mqtt,veh-30,veh-30,rsu-1,p5g-scale-mqtt-payload-1024-clients-50-veh-30-613,ipi-session-1,multiclient-scalability-run-3,veh-30,613,50-clients,default,stationary,unsynced,true,true,clients,50,count,IPI-CooperativeService,1098,1783014506596510696,1783014441804422408,1783014441804490992,1783014506638234326,41.724,,0.069,64833.743,"CooperativeService{guidedPlanning, status=request, vehicleId=0x7665682d3330, requestedHorizonMs=2500, confidence=100, planning.waypoints=1, offloadTaskId=probe-613, offloadPayload=1024 bytes}"
5g-sender,1783014506866317909,edge4av-real-20260702-multiclient-scalability-run-3,p5g-scale-mqtt-payload-1024-clients-50,scale,guided-planning,mqtt,veh-30,veh-30,rsu-1,p5g-scale-mqtt-payload-1024-clients-50-veh-30-614,ipi-session-1,multiclient-scalability-run-3,veh-30,614,50-clients,default,stationary,unsynced,true,true,clients,50,count,IPI-CooperativeService,1098,1783014506838376658,1783014442032471130,1783014442032521211,1783014506866317909,27.941,,0.050,64833.797,"CooperativeService{guidedPlanning, status=request, vehicleId=0x7665682d3330, requestedHorizonMs=2500, confidence=100, planning.waypoints=1, offloadTaskId=probe-614, offloadPayload=1024 bytes}"
5g-sender,1783014507104265666,edge4av-real-20260702-multiclient-scalability-run-3,p5g-scale-mqtt-payload-1024-clients-50,scale,guided-planning,mqtt,veh-30,veh-30,rsu-1,p5g-scale-mqtt-payload-1024-clients-50-veh-30-615,ipi-session-1,multiclient-scalability-run-3,veh-30,615,50-clients,default,stationary,unsynced,true,true,clients,50,count,IPI-CooperativeService,1098,1783014507066482828,1783014442264602403,1783014442264659436,1783014507104265666,37.783,,0.057,64839.606,"CooperativeService{guidedPlanning, status=request, vehicleId=0x7665682d3330, requestedHorizonMs=2500, confidence=100, planning.waypoints=1, offloadTaskId=probe-615, offloadPayload=1024 bytes}"
5g-sender,1783014507336310054,edge4av-real-20260702-multiclient-scalability-run-3,p5g-scale-mqtt-payload-1024-clients-50,scale,guided-planning,mqtt,veh-30,veh-30,rsu-1,p5g-scale-mqtt-payload-1024-clients-50-veh-30-616,ipi-session-1,multiclient-scalability-run-3,veh-30,616,50-clients,default,stationary,unsynced,true,true,clients,50,count,IPI-CooperativeService,1098,1783014507304409295,1783014442503692801,1783014442503737419,1783014507336310054,31.901,,0.045,64832.573,"CooperativeService{guidedPlanning, status=request, vehicleId=0x7665682d3330, requestedHorizonMs=2500, confidence=100, planning.waypoints=1, offloadTaskId=probe-616, offloadPayload=1024 bytes}"
5g-sender,1783014507568331216,edge4av-real-20260702-multiclient-scalability-run-3,p5g-scale-mqtt-payload-1024-clients-50,scale,guided-planning,mqtt,veh-30,veh-30,rsu-1,p5g-scale-mqtt-payload-1024-clients-50-veh-30-617,ipi-session-1,multiclient-scalability-run-3,veh-30,617,50-clients,default,stationary,unsynced,true,true,clients,50,count,IPI-CooperativeService,1098,1783014507536515291,1783014442734002169,1783014442734056758,1783014507568331216,31.816,,0.055,64834.274,"CooperativeService{guidedPlanning, status=request, vehicleId=0x7665682d3330, requestedHorizonMs=2500, confidence=100, planning.waypoints=1, offloadTaskId=probe-617, offloadPayload=1024 bytes}"
5g-sender,1783014507810508491,edge4av-real-20260702-multiclient-scalability-run-3,p5g-scale-mqtt-payload-1024-clients-50,scale,guided-planning,mqtt,veh-30,veh-30,rsu-1,p5g-scale-mqtt-payload-1024-clients-50-veh-30-618,ipi-session-1,multiclient-scalability-run-3,veh-30,618,50-clients,default,stationary,unsynced,true,true,clients,50,count,IPI-CooperativeService,1098,1783014507768492078,1783014442974152887,1783014442974204250,1783014507810508491,42.016,,0.051,64836.304,"CooperativeService{guidedPlanning, status=request, vehicleId=0x7665682d3330, requestedHorizonMs=2500, confidence=100, planning.waypoints=1, offloadTaskId=probe-618, offloadPayload=1024 bytes}"
5g-sender,1783014508040337019,edge4av-real-20260702-multiclient-scalability-run-3,p5g-scale-mqtt-payload-1024-clients-50,scale,guided-planning,mqtt,veh-30,veh-30,rsu-1,p5g-scale-mqtt-payload-1024-clients-50-veh-30-619,ipi-session-1,multiclient-scalability-run-3,veh-30,619,50-clients,default,stationary,unsynced,true,true,clients,50,count,IPI-CooperativeService,1098,1783014508010657537,1783014443204138672,1783014443204189678,1783014508040337019,29.679,,0.051,64836.147,"CooperativeService{guidedPlanning, status=request, vehicleId=0x7665682d3330, requestedHorizonMs=2500, confidence=100, planning.waypoints=1, offloadTaskId=probe-619, offloadPayload=1024 bytes}"
5g-sender,1783014508268245653,edge4av-real-20260702-multiclient-scalability-run-3,p5g-scale-mqtt-payload-1024-clients-50,scale,guided-planning,mqtt,veh-30,veh-30,rsu-1,p5g-scale-mqtt-payload-1024-clients-50-veh-30-620,ipi-session-1,multiclient-scalability-run-3,veh-30,620,50-clients,default,stationary,unsynced,true,true,clients,50,count,IPI-CooperativeService,1098,1783014508240492431,1783014443434473513,1783014443434523622,1783014508268245653,27.753,,0.050,64833.722,"CooperativeService{guidedPlanning, status=request, vehicleId=0x7665682d3330, requestedHorizonMs=2500, confidence=100, planning.waypoints=1, offloadTaskId=probe-620, offloadPayload=1024 bytes}"
5g-sender,1783014508490424299,edge4av-real-20260702-multiclient-scalability-run-3,p5g-scale-mqtt-payload-1024-clients-50,scale,guided-planning,mqtt,veh-30,veh-30,rsu-1,p5g-scale-mqtt-payload-1024-clients-50-veh-30-621,ipi-session-1,multiclient-scalability-run-3,veh-30,621,50-clients,default,stationary,unsynced,true,true,clients,50,count,IPI-CooperativeService,1098,1783014508468387712,1783014443654933858,1783014443654977155,1783014508490424299,22.037,,0.043,64835.447,"CooperativeService{guidedPlanning, status=request, vehicleId=0x7665682d3330, requestedHorizonMs=2500, confidence=100, planning.waypoints=1, offloadTaskId=probe-621, offloadPayload=1024 bytes}"
5g-sender,1783014508732287541,edge4av-real-20260702-multiclient-scalability-run-3,p5g-scale-mqtt-payload-1024-clients-50,scale,guided-planning,mqtt,veh-30,veh-30,rsu-1,p5g-scale-mqtt-payload-1024-clients-50-veh-30-622,ipi-session-1,multiclient-scalability-run-3,veh-30,622,50-clients,default,stationary,unsynced,true,true,clients,50,count,IPI-CooperativeService,1098,1783014508690565828,1783014443896293331,1783014443896350782,1783014508732287541,41.722,,0.057,64835.937,"CooperativeService{guidedPlanning, status=request, vehicleId=0x7665682d3330, requestedHorizonMs=2500, confidence=100, planning.waypoints=1, offloadTaskId=probe-622, offloadPayload=1024 bytes}"
5g-sender,1783014508984369269,edge4av-real-20260702-multiclient-scalability-run-3,p5g-scale-mqtt-payload-1024-clients-50,scale,guided-planning,mqtt,veh-30,veh-30,rsu-1,p5g-scale-mqtt-payload-1024-clients-50-veh-30-623,ipi-session-1,multiclient-scalability-run-3,veh-30,623,50-clients,default,stationary,unsynced,true,true,clients,50,count,IPI-CooperativeService,1098,1783014508932484728,1783014444146586867,1783014444146647468,1783014508984369269,51.885,,0.061,64837.722,"CooperativeService{guidedPlanning, status=request, vehicleId=0x7665682d3330, requestedHorizonMs=2500, confidence=100, planning.waypoints=1, offloadTaskId=probe-623, offloadPayload=1024 bytes}"
5g-sender,1783014509220381295,edge4av-real-20260702-multiclient-scalability-run-3,p5g-scale-mqtt-payload-1024-clients-50,scale,guided-planning,mqtt,veh-30,veh-30,rsu-1,p5g-scale-mqtt-payload-1024-clients-50-veh-30-624,ipi-session-1,multiclient-scalability-run-3,veh-30,624,50-clients,default,stationary,unsynced,true,true,clients,50,count,IPI-CooperativeService,1098,1783014509184510114,1783014444386633577,1783014444386683110,1783014509220381295,35.871,,0.050,64833.698,"CooperativeService{guidedPlanning, status=request, vehicleId=0x7665682d3330, requestedHorizonMs=2500, confidence=100, planning.waypoints=1, offloadTaskId=probe-624, offloadPayload=1024 bytes}"
5g-sender,1783014509452284298,edge4av-real-20260702-multiclient-scalability-run-3,p5g-scale-mqtt-payload-1024-clients-50,scale,guided-planning,mqtt,veh-30,veh-30,rsu-1,p5g-scale-mqtt-payload-1024-clients-50-veh-30-625,ipi-session-1,multiclient-scalability-run-3,veh-30,625,50-clients,default,stationary,unsynced,true,true,clients,50,count,IPI-CooperativeService,1098,1783014509420522324,1783014444617050200,1783014444617095134,1783014509452284298,31.762,,0.045,64835.189,"CooperativeService{guidedPlanning, status=request, vehicleId=0x7665682d3330, requestedHorizonMs=2500, confidence=100, planning.waypoints=1, offloadTaskId=probe-625, offloadPayload=1024 bytes}"
5g-sender,1783014509674379197,edge4av-real-20260702-multiclient-scalability-run-3,p5g-scale-mqtt-payload-1024-clients-50,scale,guided-planning,mqtt,veh-30,veh-30,rsu-1,p5g-scale-mqtt-payload-1024-clients-50-veh-30-626,ipi-session-1,multiclient-scalability-run-3,veh-30,626,50-clients,default,stationary,unsynced,true,true,clients,50,count,IPI-CooperativeService,1098,1783014509652446844,1783014444837051001,1783014444837115301,1783014509674379197,21.932,,0.064,64837.264,"CooperativeService{guidedPlanning, status=request, vehicleId=0x7665682d3330, requestedHorizonMs=2500, confidence=100, planning.waypoints=1, offloadTaskId=probe-626, offloadPayload=1024 bytes}"
5g-sender,1783014509912304937,edge4av-real-20260702-multiclient-scalability-run-3,p5g-scale-mqtt-payload-1024-clients-50,scale,guided-planning,mqtt,veh-30,veh-30,rsu-1,p5g-scale-mqtt-payload-1024-clients-50-veh-30-627,ipi-session-1,multiclient-scalability-run-3,veh-30,627,50-clients,default,stationary,unsynced,true,true,clients,50,count,IPI-CooperativeService,1098,1783014509874520822,1783014445077682424,1783014445077733717,1783014509912304937,37.784,,0.051,64834.571,"CooperativeService{guidedPlanning, status=request, vehicleId=0x7665682d3330, requestedHorizonMs=2500, confidence=100, planning.waypoints=1, offloadTaskId=probe-627, offloadPayload=1024 bytes}"
5g-sender,1783014510168412337,edge4av-real-20260702-multiclient-scalability-run-3,p5g-scale-mqtt-payload-1024-clients-50,scale,guided-planning,mqtt,veh-30,veh-30,rsu-1,p5g-scale-mqtt-payload-1024-clients-50-veh-30-628,ipi-session-1,multiclient-scalability-run-3,veh-30,628,50-clients,default,stationary,unsynced,true,true,clients,50,count,IPI-CooperativeService,1098,1783014510112462723,1783014445328430583,1783014445328474655,1783014510168412337,55.950,,0.044,64839.938,"CooperativeService{guidedPlanning, status=request, vehicleId=0x7665682d3330, requestedHorizonMs=2500, confidence=100, planning.waypoints=1, offloadTaskId=probe-628, offloadPayload=1024 bytes}"
5g-sender,1783014510464409410,edge4av-real-20260702-multiclient-scalability-run-3,p5g-scale-mqtt-payload-1024-clients-50,scale,guided-planning,mqtt,veh-30,veh-30,rsu-1,p5g-scale-mqtt-payload-1024-clients-50-veh-30-629,ipi-session-1,multiclient-scalability-run-3,veh-30,629,50-clients,default,stationary,unsynced,true,true,clients,50,count,IPI-CooperativeService,1098,1783014510368553639,1783014445630148069,1783014445630208459,1783014510464409410,95.856,,0.060,64834.201,"CooperativeService{guidedPlanning, status=request, vehicleId=0x7665682d3330, requestedHorizonMs=2500, confidence=100, planning.waypoints=1, offloadTaskId=probe-629, offloadPayload=1024 bytes}"
5g-sender,1783014510704576380,edge4av-real-20260702-multiclient-scalability-run-3,p5g-scale-mqtt-payload-1024-clients-50,scale,guided-planning,mqtt,veh-30,veh-30,rsu-1,p5g-scale-mqtt-payload-1024-clients-50-veh-30-630,ipi-session-1,multiclient-scalability-run-3,veh-30,630,50-clients,default,stationary,unsynced,true,true,clients,50,count,IPI-CooperativeService,1098,1783014510664595033,1783014445868948037,1783014445868999395,1783014510704576380,39.981,,0.051,64835.577,"CooperativeService{guidedPlanning, status=request, vehicleId=0x7665682d3330, requestedHorizonMs=2500, confidence=100, planning.waypoints=1, offloadTaskId=probe-630, offloadPayload=1024 bytes}"
5g-sender,1783014510952408659,edge4av-real-20260702-multiclient-scalability-run-3,p5g-scale-mqtt-payload-1024-clients-50,scale,guided-planning,mqtt,veh-30,veh-30,rsu-1,p5g-scale-mqtt-payload-1024-clients-50-veh-30-631,ipi-session-1,multiclient-scalability-run-3,veh-30,631,50-clients,default,stationary,unsynced,true,true,clients,50,count,IPI-CooperativeService,1098,1783014510904719613,1783014446119568506,1783014446119620624,1783014510952408659,47.689,,0.052,64832.788,"CooperativeService{guidedPlanning, status=request, vehicleId=0x7665682d3330, requestedHorizonMs=2500, confidence=100, planning.waypoints=1, offloadTaskId=probe-631, offloadPayload=1024 bytes}"
5g-sender,1783014511194283411,edge4av-real-20260702-multiclient-scalability-run-3,p5g-scale-mqtt-payload-1024-clients-50,scale,guided-planning,mqtt,veh-30,veh-30,rsu-1,p5g-scale-mqtt-payload-1024-clients-50-veh-30-632,ipi-session-1,multiclient-scalability-run-3,veh-30,632,50-clients,default,stationary,unsynced,true,true,clients,50,count,IPI-CooperativeService,1098,1783014511152552491,1783014446350170706,1783014446350214430,1783014511194283411,41.731,,0.044,64844.069,"CooperativeService{guidedPlanning, status=request, vehicleId=0x7665682d3330, requestedHorizonMs=2500, confidence=100, planning.waypoints=1, offloadTaskId=probe-632, offloadPayload=1024 bytes}"
5g-sender,1783014511436452539,edge4av-real-20260702-multiclient-scalability-run-3,p5g-scale-mqtt-payload-1024-clients-50,scale,guided-planning,mqtt,veh-30,veh-30,rsu-1,p5g-scale-mqtt-payload-1024-clients-50-veh-30-633,ipi-session-1,multiclient-scalability-run-3,veh-30,633,50-clients,default,stationary,unsynced,true,true,clients,50,count,IPI-CooperativeService,1098,1783014511394459530,1783014446601355644,1783014446601397424,1783014511436452539,41.993,,0.042,64835.055,"CooperativeService{guidedPlanning, status=request, vehicleId=0x7665682d3330, requestedHorizonMs=2500, confidence=100, planning.waypoints=1, offloadTaskId=probe-633, offloadPayload=1024 bytes}"
5g-sender,1783014511688448708,edge4av-real-20260702-multiclient-scalability-run-3,p5g-scale-mqtt-payload-1024-clients-50,scale,guided-planning,mqtt,veh-30,veh-30,rsu-1,p5g-scale-mqtt-payload-1024-clients-50-veh-30-634,ipi-session-1,multiclient-scalability-run-3,veh-30,634,50-clients,default,stationary,unsynced,true,true,clients,50,count,IPI-CooperativeService,1098,1783014511636591861,1783014446843768355,1783014446843810655,1783014511688448708,51.857,,0.042,64844.638,"CooperativeService{guidedPlanning, status=request, vehicleId=0x7665682d3330, requestedHorizonMs=2500, confidence=100, planning.waypoints=1, offloadTaskId=probe-634, offloadPayload=1024 bytes}"
5g-sender,1783014511914285050,edge4av-real-20260702-multiclient-scalability-run-3,p5g-scale-mqtt-payload-1024-clients-50,scale,guided-planning,mqtt,veh-30,veh-30,rsu-1,p5g-scale-mqtt-payload-1024-clients-50-veh-30-635,ipi-session-1,multiclient-scalability-run-3,veh-30,635,50-clients,default,stationary,unsynced,true,true,clients,50,count,IPI-CooperativeService,1098,1783014511888597290,1783014447080698339,1783014447080749592,1783014511914285050,25.688,,0.051,64833.535,"CooperativeService{guidedPlanning, status=request, vehicleId=0x7665682d3330, requestedHorizonMs=2500, confidence=100, planning.waypoints=1, offloadTaskId=probe-635, offloadPayload=1024 bytes}"
5g-sender,1783014512148495807,edge4av-real-20260702-multiclient-scalability-run-3,p5g-scale-mqtt-payload-1024-clients-50,scale,guided-planning,mqtt,veh-30,veh-30,rsu-1,p5g-scale-mqtt-payload-1024-clients-50-veh-30-636,ipi-session-1,multiclient-scalability-run-3,veh-30,636,50-clients,default,stationary,unsynced,true,true,clients,50,count,IPI-CooperativeService,1098,1783014512114497206,1783014447311875673,1783014447311919469,1783014512148495807,33.999,,0.044,64836.576,"CooperativeService{guidedPlanning, status=request, vehicleId=0x7665682d3330, requestedHorizonMs=2500, confidence=100, planning.waypoints=1, offloadTaskId=probe-636, offloadPayload=1024 bytes}"
5g-sender,1783014512386403959,edge4av-real-20260702-multiclient-scalability-run-3,p5g-scale-mqtt-payload-1024-clients-50,scale,guided-planning,mqtt,veh-30,veh-30,rsu-1,p5g-scale-mqtt-payload-1024-clients-50-veh-30-637,ipi-session-1,multiclient-scalability-run-3,veh-30,637,50-clients,default,stationary,unsynced,true,true,clients,50,count,IPI-CooperativeService,1098,1783014512348633892,1783014447552569408,1783014447552636677,1783014512386403959,37.770,,0.067,64833.767,"CooperativeService{guidedPlanning, status=request, vehicleId=0x7665682d3330, requestedHorizonMs=2500, confidence=100, planning.waypoints=1, offloadTaskId=probe-637, offloadPayload=1024 bytes}"
5g-sender,1783014512630374529,edge4av-real-20260702-multiclient-scalability-run-3,p5g-scale-mqtt-payload-1024-clients-50,scale,guided-planning,mqtt,veh-30,veh-30,rsu-1,p5g-scale-mqtt-payload-1024-clients-50-veh-30-638,ipi-session-1,multiclient-scalability-run-3,veh-30,638,50-clients,default,stationary,unsynced,true,true,clients,50,count,IPI-CooperativeService,1098,1783014512586552408,1783014447791929812,1783014447791979121,1783014512630374529,43.822,,0.049,64838.395,"CooperativeService{guidedPlanning, status=request, vehicleId=0x7665682d3330, requestedHorizonMs=2500, confidence=100, planning.waypoints=1, offloadTaskId=probe-638, offloadPayload=1024 bytes}"
5g-sender,1783014512880372091,edge4av-real-20260702-multiclient-scalability-run-3,p5g-scale-mqtt-payload-1024-clients-50,scale,guided-planning,mqtt,veh-30,veh-30,rsu-1,p5g-scale-mqtt-payload-1024-clients-50-veh-30-639,ipi-session-1,multiclient-scalability-run-3,veh-30,639,50-clients,default,stationary,unsynced,true,true,clients,50,count,IPI-CooperativeService,1098,1783014512830488198,1783014448043780034,1783014448043845735,1783014512880372091,49.884,,0.066,64836.526,"CooperativeService{guidedPlanning, status=request, vehicleId=0x7665682d3330, requestedHorizonMs=2500, confidence=100, planning.waypoints=1, offloadTaskId=probe-639, offloadPayload=1024 bytes}"
5g-sender,1783014513128424258,edge4av-real-20260702-multiclient-scalability-run-3,p5g-scale-mqtt-payload-1024-clients-50,scale,guided-planning,mqtt,veh-30,veh-30,rsu-1,p5g-scale-mqtt-payload-1024-clients-50-veh-30-640,ipi-session-1,multiclient-scalability-run-3,veh-30,640,50-clients,default,stationary,unsynced,true,true,clients,50,count,IPI-CooperativeService,1098,1783014513080521796,1783014448284776964,1783014448284820162,1783014513128424258,47.902,,0.043,64843.604,"CooperativeService{guidedPlanning, status=request, vehicleId=0x7665682d3330, requestedHorizonMs=2500, confidence=100, planning.waypoints=1, offloadTaskId=probe-640, offloadPayload=1024 bytes}"
5g-sender,1783014513350336194,edge4av-real-20260702-multiclient-scalability-run-3,p5g-scale-mqtt-payload-1024-clients-50,scale,guided-planning,mqtt,veh-30,veh-30,rsu-1,p5g-scale-mqtt-payload-1024-clients-50-veh-30-641,ipi-session-1,multiclient-scalability-run-3,veh-30,641,50-clients,default,stationary,unsynced,true,true,clients,50,count,IPI-CooperativeService,1098,1783014513328567176,1783014448513723180,1783014448513774034,1783014513350336194,21.769,,0.051,64836.562,"CooperativeService{guidedPlanning, status=request, vehicleId=0x7665682d3330, requestedHorizonMs=2500, confidence=100, planning.waypoints=1, offloadTaskId=probe-641, offloadPayload=1024 bytes}"
5g-sender,1783014513580208198,edge4av-real-20260702-multiclient-scalability-run-3,p5g-scale-mqtt-payload-1024-clients-50,scale,guided-planning,mqtt,veh-30,veh-30,rsu-1,p5g-scale-mqtt-payload-1024-clients-50-veh-30-642,ipi-session-1,multiclient-scalability-run-3,veh-30,642,50-clients,default,stationary,unsynced,true,true,clients,50,count,IPI-CooperativeService,1098,1783014513550540789,1783014448744755467,1783014448744799558,1783014513580208198,29.667,,0.044,64835.409,"CooperativeService{guidedPlanning, status=request, vehicleId=0x7665682d3330, requestedHorizonMs=2500, confidence=100, planning.waypoints=1, offloadTaskId=probe-642, offloadPayload=1024 bytes}"
5g-sender,1783014513808427627,edge4av-real-20260702-multiclient-scalability-run-3,p5g-scale-mqtt-payload-1024-clients-50,scale,guided-planning,mqtt,veh-30,veh-30,rsu-1,p5g-scale-mqtt-payload-1024-clients-50-veh-30-643,ipi-session-1,multiclient-scalability-run-3,veh-30,643,50-clients,default,stationary,unsynced,true,true,clients,50,count,IPI-CooperativeService,1098,1783014513780354293,1783014448974371915,1783014448974415516,1783014513808427627,28.073,,0.044,64834.012,"CooperativeService{guidedPlanning, status=request, vehicleId=0x7665682d3330, requestedHorizonMs=2500, confidence=100, planning.waypoints=1, offloadTaskId=probe-643, offloadPayload=1024 bytes}"
5g-sender,1783014514040580792,edge4av-real-20260702-multiclient-scalability-run-3,p5g-scale-mqtt-payload-1024-clients-50,scale,guided-planning,mqtt,veh-30,veh-30,rsu-1,p5g-scale-mqtt-payload-1024-clients-50-veh-30-644,ipi-session-1,multiclient-scalability-run-3,veh-30,644,50-clients,default,stationary,unsynced,true,true,clients,50,count,IPI-CooperativeService,1098,1783014514008572846,1783014449207803385,1783014449207860611,1783014514040580792,32.008,,0.057,64832.720,"CooperativeService{guidedPlanning, status=request, vehicleId=0x7665682d3330, requestedHorizonMs=2500, confidence=100, planning.waypoints=1, offloadTaskId=probe-644, offloadPayload=1024 bytes}"
5g-sender,1783014514282421493,edge4av-real-20260702-multiclient-scalability-run-3,p5g-scale-mqtt-payload-1024-clients-50,scale,guided-planning,mqtt,veh-30,veh-30,rsu-1,p5g-scale-mqtt-payload-1024-clients-50-veh-30-645,ipi-session-1,multiclient-scalability-run-3,veh-30,645,50-clients,default,stationary,unsynced,true,true,clients,50,count,IPI-CooperativeService,1098,1783014514240724967,1783014449446127014,1783014449446181113,1783014514282421493,41.697,,0.054,64836.240,"CooperativeService{guidedPlanning, status=request, vehicleId=0x7665682d3330, requestedHorizonMs=2500, confidence=100, planning.waypoints=1, offloadTaskId=probe-645, offloadPayload=1024 bytes}"
5g-sender,1783014514512254106,edge4av-real-20260702-multiclient-scalability-run-3,p5g-scale-mqtt-payload-1024-clients-50,scale,guided-planning,mqtt,veh-30,veh-30,rsu-1,p5g-scale-mqtt-payload-1024-clients-50-veh-30-646,ipi-session-1,multiclient-scalability-run-3,veh-30,646,50-clients,default,stationary,unsynced,true,true,clients,50,count,IPI-CooperativeService,1098,1783014514482566541,1783014449675253471,1783014449675316572,1783014514512254106,29.688,,0.063,64836.938,"CooperativeService{guidedPlanning, status=request, vehicleId=0x7665682d3330, requestedHorizonMs=2500, confidence=100, planning.waypoints=1, offloadTaskId=probe-646, offloadPayload=1024 bytes}"
5g-sender,1783014514748435680,edge4av-real-20260702-multiclient-scalability-run-3,p5g-scale-mqtt-payload-1024-clients-50,scale,guided-planning,mqtt,veh-30,veh-30,rsu-1,p5g-scale-mqtt-payload-1024-clients-50-veh-30-647,ipi-session-1,multiclient-scalability-run-3,veh-30,647,50-clients,default,stationary,unsynced,true,true,clients,50,count,IPI-CooperativeService,1098,1783014514712406011,1783014449916273006,1783014449916330155,1783014514748435680,36.030,,0.057,64832.106,"CooperativeService{guidedPlanning, status=request, vehicleId=0x7665682d3330, requestedHorizonMs=2500, confidence=100, planning.waypoints=1, offloadTaskId=probe-647, offloadPayload=1024 bytes}"
5g-sender,1783014515002395966,edge4av-real-20260702-multiclient-scalability-run-3,p5g-scale-mqtt-payload-1024-clients-50,scale,guided-planning,mqtt,veh-30,veh-30,rsu-1,p5g-scale-mqtt-payload-1024-clients-50-veh-30-648,ipi-session-1,multiclient-scalability-run-3,veh-30,648,50-clients,default,stationary,unsynced,true,true,clients,50,count,IPI-CooperativeService,1098,1783014514948649512,1783014450165912982,1783014450165971437,1783014515002395966,53.746,,0.058,64836.425,"CooperativeService{guidedPlanning, status=request, vehicleId=0x7665682d3330, requestedHorizonMs=2500, confidence=100, planning.waypoints=1, offloadTaskId=probe-648, offloadPayload=1024 bytes}"
5g-sender,1783014515262387536,edge4av-real-20260702-multiclient-scalability-run-3,p5g-scale-mqtt-payload-1024-clients-50,scale,guided-planning,mqtt,veh-30,veh-30,rsu-1,p5g-scale-mqtt-payload-1024-clients-50-veh-30-649,ipi-session-1,multiclient-scalability-run-3,veh-30,649,50-clients,default,stationary,unsynced,true,true,clients,50,count,IPI-CooperativeService,1098,1783014515202535084,1783014450418048357,1783014450418104773,1783014515262387536,59.852,,0.056,64844.283,"CooperativeService{guidedPlanning, status=request, vehicleId=0x7665682d3330, requestedHorizonMs=2500, confidence=100, planning.waypoints=1, offloadTaskId=probe-649, offloadPayload=1024 bytes}"
5g-sender,1783014515514383538,edge4av-real-20260702-multiclient-scalability-run-3,p5g-scale-mqtt-payload-1024-clients-50,scale,guided-planning,mqtt,veh-30,veh-30,rsu-1,p5g-scale-mqtt-payload-1024-clients-50-veh-30-650,ipi-session-1,multiclient-scalability-run-3,veh-30,650,50-clients,default,stationary,unsynced,true,true,clients,50,count,IPI-CooperativeService,1098,1783014515462564308,1783014450677159708,1783014450677209942,1783014515514383538,51.819,,0.050,64837.174,"CooperativeService{guidedPlanning, status=request, vehicleId=0x7665682d3330, requestedHorizonMs=2500, confidence=100, planning.waypoints=1, offloadTaskId=probe-650, offloadPayload=1024 bytes}"
5g-sender,1783014515800256846,edge4av-real-20260702-multiclient-scalability-run-3,p5g-scale-mqtt-payload-1024-clients-50,scale,guided-planning,mqtt,veh-30,veh-30,rsu-1,p5g-scale-mqtt-payload-1024-clients-50-veh-30-651,ipi-session-1,multiclient-scalability-run-3,veh-30,651,50-clients,default,stationary,unsynced,true,true,clients,50,count,IPI-CooperativeService,1098,1783014515714527269,1783014450967528405,1783014450967579748,1783014515800256846,85.730,,0.051,64832.677,"CooperativeService{guidedPlanning, status=request, vehicleId=0x7665682d3330, requestedHorizonMs=2500, confidence=100, planning.waypoints=1, offloadTaskId=probe-651, offloadPayload=1024 bytes}"
5g-sender,1783014516090310641,edge4av-real-20260702-multiclient-scalability-run-3,p5g-scale-mqtt-payload-1024-clients-50,scale,guided-planning,mqtt,veh-30,veh-30,rsu-1,p5g-scale-mqtt-payload-1024-clients-50-veh-30-652,ipi-session-1,multiclient-scalability-run-3,veh-30,652,50-clients,default,stationary,unsynced,true,true,clients,50,count,IPI-CooperativeService,1098,1783014516000395921,1783014451257761728,1783014451257813037,1783014516090310641,89.915,,0.051,64832.498,"CooperativeService{guidedPlanning, status=request, vehicleId=0x7665682d3330, requestedHorizonMs=2500, confidence=100, planning.waypoints=1, offloadTaskId=probe-652, offloadPayload=1024 bytes}"
5g-sender,1783014516372473133,edge4av-real-20260702-multiclient-scalability-run-3,p5g-scale-mqtt-payload-1024-clients-50,scale,guided-planning,mqtt,veh-30,veh-30,rsu-1,p5g-scale-mqtt-payload-1024-clients-50-veh-30-653,ipi-session-1,multiclient-scalability-run-3,veh-30,653,50-clients,default,stationary,unsynced,true,true,clients,50,count,IPI-CooperativeService,1098,1783014516290470510,1783014451539447273,1783014451539490035,1783014516372473133,82.003,,0.043,64832.983,"CooperativeService{guidedPlanning, status=request, vehicleId=0x7665682d3330, requestedHorizonMs=2500, confidence=100, planning.waypoints=1, offloadTaskId=probe-653, offloadPayload=1024 bytes}"
5g-sender,1783014516662378557,edge4av-real-20260702-multiclient-scalability-run-3,p5g-scale-mqtt-payload-1024-clients-50,scale,guided-planning,mqtt,veh-30,veh-30,rsu-1,p5g-scale-mqtt-payload-1024-clients-50-veh-30-654,ipi-session-1,multiclient-scalability-run-3,veh-30,654,50-clients,default,stationary,unsynced,true,true,clients,50,count,IPI-CooperativeService,1098,1783014516572656188,1783014451818886705,1783014451818937005,1783014516662378557,89.722,,0.050,64843.442,"CooperativeService{guidedPlanning, status=request, vehicleId=0x7665682d3330, requestedHorizonMs=2500, confidence=100, planning.waypoints=1, offloadTaskId=probe-654, offloadPayload=1024 bytes}"
5g-sender,1783014516896424828,edge4av-real-20260702-multiclient-scalability-run-3,p5g-scale-mqtt-payload-1024-clients-50,scale,guided-planning,mqtt,veh-30,veh-30,rsu-1,p5g-scale-mqtt-payload-1024-clients-50-veh-30-655,ipi-session-1,multiclient-scalability-run-3,veh-30,655,50-clients,default,stationary,unsynced,true,true,clients,50,count,IPI-CooperativeService,1098,1783014516862526668,1783014452060756764,1783014452060816982,1783014516896424828,33.898,,0.060,64835.608,"CooperativeService{guidedPlanning, status=request, vehicleId=0x7665682d3330, requestedHorizonMs=2500, confidence=100, planning.waypoints=1, offloadTaskId=probe-655, offloadPayload=1024 bytes}"
5g-sender,1783014517148257985,edge4av-real-20260702-multiclient-scalability-run-3,p5g-scale-mqtt-payload-1024-clients-50,scale,guided-planning,mqtt,veh-30,veh-30,rsu-1,p5g-scale-mqtt-payload-1024-clients-50-veh-30-656,ipi-session-1,multiclient-scalability-run-3,veh-30,656,50-clients,default,stationary,unsynced,true,true,clients,50,count,IPI-CooperativeService,1098,1783014517096568849,1783014452300000479,1783014452300051418,1783014517148257985,51.689,,0.051,64848.207,"CooperativeService{guidedPlanning, status=request, vehicleId=0x7665682d3330, requestedHorizonMs=2500, confidence=100, planning.waypoints=1, offloadTaskId=probe-656, offloadPayload=1024 bytes}"
5g-sender,1783014517376391762,edge4av-real-20260702-multiclient-scalability-run-3,p5g-scale-mqtt-payload-1024-clients-50,scale,guided-planning,mqtt,veh-30,veh-30,rsu-1,p5g-scale-mqtt-payload-1024-clients-50-veh-30-657,ipi-session-1,multiclient-scalability-run-3,veh-30,657,50-clients,default,stationary,unsynced,true,true,clients,50,count,IPI-CooperativeService,1098,1783014517348402295,1783014452540888457,1783014452540933192,1783014517376391762,27.989,,0.045,64835.459,"CooperativeService{guidedPlanning, status=request, vehicleId=0x7665682d3330, requestedHorizonMs=2500, confidence=100, planning.waypoints=1, offloadTaskId=probe-657, offloadPayload=1024 bytes}"
5g-sender,1783014517612528165,edge4av-real-20260702-multiclient-scalability-run-3,p5g-scale-mqtt-payload-1024-clients-50,scale,guided-planning,mqtt,veh-30,veh-30,rsu-1,p5g-scale-mqtt-payload-1024-clients-50-veh-30-658,ipi-session-1,multiclient-scalability-run-3,veh-30,658,50-clients,default,stationary,unsynced,true,true,clients,50,count,IPI-CooperativeService,1098,1783014517576538207,1783014452780799234,1783014452780849772,1783014517612528165,35.990,,0.051,64831.678,"CooperativeService{guidedPlanning, status=request, vehicleId=0x7665682d3330, requestedHorizonMs=2500, confidence=100, planning.waypoints=1, offloadTaskId=probe-658, offloadPayload=1024 bytes}"
5g-sender,1783014517846365927,edge4av-real-20260702-multiclient-scalability-run-3,p5g-scale-mqtt-payload-1024-clients-50,scale,guided-planning,mqtt,veh-30,veh-30,rsu-1,p5g-scale-mqtt-payload-1024-clients-50-veh-30-659,ipi-session-1,multiclient-scalability-run-3,veh-30,659,50-clients,default,stationary,unsynced,true,true,clients,50,count,IPI-CooperativeService,1098,1783014517812673560,1783014453011169845,1783014453011221687,1783014517846365927,33.692,,0.052,64835.144,"CooperativeService{guidedPlanning, status=request, vehicleId=0x7665682d3330, requestedHorizonMs=2500, confidence=100, planning.waypoints=1, offloadTaskId=probe-659, offloadPayload=1024 bytes}"
5g-sender,1783014518076525730,edge4av-real-20260702-multiclient-scalability-run-3,p5g-scale-mqtt-payload-1024-clients-50,scale,guided-planning,mqtt,veh-30,veh-30,rsu-1,p5g-scale-mqtt-payload-1024-clients-50-veh-30-660,ipi-session-1,multiclient-scalability-run-3,veh-30,660,50-clients,default,stationary,unsynced,true,true,clients,50,count,IPI-CooperativeService,1098,1783014518046559382,1783014453242210466,1783014453242274923,1783014518076525730,29.966,,0.064,64834.251,"CooperativeService{guidedPlanning, status=request, vehicleId=0x7665682d3330, requestedHorizonMs=2500, confidence=100, planning.waypoints=1, offloadTaskId=probe-660, offloadPayload=1024 bytes}"
5g-sender,1783014518308504275,edge4av-real-20260702-multiclient-scalability-run-3,p5g-scale-mqtt-payload-1024-clients-50,scale,guided-planning,mqtt,veh-30,veh-30,rsu-1,p5g-scale-mqtt-payload-1024-clients-50-veh-30-661,ipi-session-1,multiclient-scalability-run-3,veh-30,661,50-clients,default,stationary,unsynced,true,true,clients,50,count,IPI-CooperativeService,1098,1783014518276668901,1783014453472329988,1783014453472373705,1783014518308504275,31.835,,0.044,64836.131,"CooperativeService{guidedPlanning, status=request, vehicleId=0x7665682d3330, requestedHorizonMs=2500, confidence=100, planning.waypoints=1, offloadTaskId=probe-661, offloadPayload=1024 bytes}"
5g-sender,1783014518548431489,edge4av-real-20260702-multiclient-scalability-run-3,p5g-scale-mqtt-payload-1024-clients-50,scale,guided-planning,mqtt,veh-30,veh-30,rsu-1,p5g-scale-mqtt-payload-1024-clients-50-veh-30-662,ipi-session-1,multiclient-scalability-run-3,veh-30,662,50-clients,default,stationary,unsynced,true,true,clients,50,count,IPI-CooperativeService,1098,1783014518508651383,1783014453702458141,1783014453702520945,1783014518548431489,39.780,,0.063,64845.911,"CooperativeService{guidedPlanning, status=request, vehicleId=0x7665682d3330, requestedHorizonMs=2500, confidence=100, planning.waypoints=1, offloadTaskId=probe-662, offloadPayload=1024 bytes}"
5g-sender,1783014518770389467,edge4av-real-20260702-multiclient-scalability-run-3,p5g-scale-mqtt-payload-1024-clients-50,scale,guided-planning,mqtt,veh-30,veh-30,rsu-1,p5g-scale-mqtt-payload-1024-clients-50-veh-30-663,ipi-session-1,multiclient-scalability-run-3,veh-30,663,50-clients,default,stationary,unsynced,true,true,clients,50,count,IPI-CooperativeService,1098,1783014518748575329,1783014453932779773,1783014453932823235,1783014518770389467,21.814,,0.043,64837.566,"CooperativeService{guidedPlanning, status=request, vehicleId=0x7665682d3330, requestedHorizonMs=2500, confidence=100, planning.waypoints=1, offloadTaskId=probe-663, offloadPayload=1024 bytes}"
5g-sender,1783014519006411119,edge4av-real-20260702-multiclient-scalability-run-3,p5g-scale-mqtt-payload-1024-clients-50,scale,guided-planning,mqtt,veh-30,veh-30,rsu-1,p5g-scale-mqtt-payload-1024-clients-50-veh-30-664,ipi-session-1,multiclient-scalability-run-3,veh-30,664,50-clients,default,stationary,unsynced,true,true,clients,50,count,IPI-CooperativeService,1098,1783014518970533188,1783014454172930715,1783014454172982238,1783014519006411119,35.878,,0.052,64833.429,"CooperativeService{guidedPlanning, status=request, vehicleId=0x7665682d3330, requestedHorizonMs=2500, confidence=100, planning.waypoints=1, offloadTaskId=probe-664, offloadPayload=1024 bytes}"
5g-sender,1783014519248482208,edge4av-real-20260702-multiclient-scalability-run-3,p5g-scale-mqtt-payload-1024-clients-50,scale,guided-planning,mqtt,veh-30,veh-30,rsu-1,p5g-scale-mqtt-payload-1024-clients-50-veh-30-665,ipi-session-1,multiclient-scalability-run-3,veh-30,665,50-clients,default,stationary,unsynced,true,true,clients,50,count,IPI-CooperativeService,1098,1783014519206552833,1783014454413680663,1783014454413731599,1783014519248482208,41.929,,0.051,64834.751,"CooperativeService{guidedPlanning, status=request, vehicleId=0x7665682d3330, requestedHorizonMs=2500, confidence=100, planning.waypoints=1, offloadTaskId=probe-665, offloadPayload=1024 bytes}"
5g-sender,1783014519490394145,edge4av-real-20260702-multiclient-scalability-run-3,p5g-scale-mqtt-payload-1024-clients-50,scale,guided-planning,mqtt,veh-30,veh-30,rsu-1,p5g-scale-mqtt-payload-1024-clients-50-veh-30-666,ipi-session-1,multiclient-scalability-run-3,veh-30,666,50-clients,default,stationary,unsynced,true,true,clients,50,count,IPI-CooperativeService,1098,1783014519448666772,1783014454654210302,1783014454654259593,1783014519490394145,41.727,,0.049,64836.135,"CooperativeService{guidedPlanning, status=request, vehicleId=0x7665682d3330, requestedHorizonMs=2500, confidence=100, planning.waypoints=1, offloadTaskId=probe-666, offloadPayload=1024 bytes}"
5g-sender,1783014519720421289,edge4av-real-20260702-multiclient-scalability-run-3,p5g-scale-mqtt-payload-1024-clients-50,scale,guided-planning,mqtt,veh-30,veh-30,rsu-1,p5g-scale-mqtt-payload-1024-clients-50-veh-30-667,ipi-session-1,multiclient-scalability-run-3,veh-30,667,50-clients,default,stationary,unsynced,true,true,clients,50,count,IPI-CooperativeService,1098,1783014519690544726,1783014454884519786,1783014454884578538,1783014519720421289,29.877,,0.059,64835.843,"CooperativeService{guidedPlanning, status=request, vehicleId=0x7665682d3330, requestedHorizonMs=2500, confidence=100, planning.waypoints=1, offloadTaskId=probe-667, offloadPayload=1024 bytes}"
5g-sender,1783014519960571612,edge4av-real-20260702-multiclient-scalability-run-3,p5g-scale-mqtt-payload-1024-clients-50,scale,guided-planning,mqtt,veh-30,veh-30,rsu-1,p5g-scale-mqtt-payload-1024-clients-50-veh-30-668,ipi-session-1,multiclient-scalability-run-3,veh-30,668,50-clients,default,stationary,unsynced,true,true,clients,50,count,IPI-CooperativeService,1098,1783014519920570660,1783014455125064633,1783014455125107065,1783014519960571612,40.001,,0.042,64835.465,"CooperativeService{guidedPlanning, status=request, vehicleId=0x7665682d3330, requestedHorizonMs=2500, confidence=100, planning.waypoints=1, offloadTaskId=probe-668, offloadPayload=1024 bytes}"
5g-sender,1783014520200374083,edge4av-real-20260702-multiclient-scalability-run-3,p5g-scale-mqtt-payload-1024-clients-50,scale,guided-planning,mqtt,veh-30,veh-30,rsu-1,p5g-scale-mqtt-payload-1024-clients-50-veh-30-669,ipi-session-1,multiclient-scalability-run-3,veh-30,669,50-clients,default,stationary,unsynced,true,true,clients,50,count,IPI-CooperativeService,1098,1783014520160718282,1783014455365097094,1783014455365140024,1783014520200374083,39.656,,0.043,64835.234,"CooperativeService{guidedPlanning, status=request, vehicleId=0x7665682d3330, requestedHorizonMs=2500, confidence=100, planning.waypoints=1, offloadTaskId=probe-669, offloadPayload=1024 bytes}"
5g-sender,1783014520440370089,edge4av-real-20260702-multiclient-scalability-run-3,p5g-scale-mqtt-payload-1024-clients-50,scale,guided-planning,mqtt,veh-30,veh-30,rsu-1,p5g-scale-mqtt-payload-1024-clients-50-veh-30-670,ipi-session-1,multiclient-scalability-run-3,veh-30,670,50-clients,default,stationary,unsynced,true,true,clients,50,count,IPI-CooperativeService,1098,1783014520400521923,1783014455606024522,1783014455606066954,1783014520440370089,39.848,,0.042,64834.303,"CooperativeService{guidedPlanning, status=request, vehicleId=0x7665682d3330, requestedHorizonMs=2500, confidence=100, planning.waypoints=1, offloadTaskId=probe-670, offloadPayload=1024 bytes}"
5g-sender,1783014520688562893,edge4av-real-20260702-multiclient-scalability-run-3,p5g-scale-mqtt-payload-1024-clients-50,scale,guided-planning,mqtt,veh-30,veh-30,rsu-1,p5g-scale-mqtt-payload-1024-clients-50-veh-30-671,ipi-session-1,multiclient-scalability-run-3,veh-30,671,50-clients,default,stationary,unsynced,true,true,clients,50,count,IPI-CooperativeService,1098,1783014520640518840,1783014455845656480,1783014455845699376,1783014520688562893,48.044,,0.043,64842.864,"CooperativeService{guidedPlanning, status=request, vehicleId=0x7665682d3330, requestedHorizonMs=2500, confidence=100, planning.waypoints=1, offloadTaskId=probe-671, offloadPayload=1024 bytes}"
5g-sender,1783014520926433021,edge4av-real-20260702-multiclient-scalability-run-3,p5g-scale-mqtt-payload-1024-clients-50,scale,guided-planning,mqtt,veh-30,veh-30,rsu-1,p5g-scale-mqtt-payload-1024-clients-50-veh-30-672,ipi-session-1,multiclient-scalability-run-3,veh-30,672,50-clients,default,stationary,unsynced,true,true,clients,50,count,IPI-CooperativeService,1098,1783014520888709917,1783014456088046996,1783014456088089956,1783014520926433021,37.723,,0.043,64838.343,"CooperativeService{guidedPlanning, status=request, vehicleId=0x7665682d3330, requestedHorizonMs=2500, confidence=100, planning.waypoints=1, offloadTaskId=probe-672, offloadPayload=1024 bytes}"
5g-sender,1783014521160520781,edge4av-real-20260702-multiclient-scalability-run-3,p5g-scale-mqtt-payload-1024-clients-50,scale,guided-planning,mqtt,veh-30,veh-30,rsu-1,p5g-scale-mqtt-payload-1024-clients-50-veh-30-673,ipi-session-1,multiclient-scalability-run-3,veh-30,673,50-clients,default,stationary,unsynced,true,true,clients,50,count,IPI-CooperativeService,1098,1783014521126624111,1783014456326656673,1783014456326699340,1783014521160520781,33.897,,0.043,64833.821,"CooperativeService{guidedPlanning, status=request, vehicleId=0x7665682d3330, requestedHorizonMs=2500, confidence=100, planning.waypoints=1, offloadTaskId=probe-673, offloadPayload=1024 bytes}"
5g-sender,1783014521404468393,edge4av-real-20260702-multiclient-scalability-run-3,p5g-scale-mqtt-payload-1024-clients-50,scale,guided-planning,mqtt,veh-30,veh-30,rsu-1,p5g-scale-mqtt-payload-1024-clients-50-veh-30-674,ipi-session-1,multiclient-scalability-run-3,veh-30,674,50-clients,default,stationary,unsynced,true,true,clients,50,count,IPI-CooperativeService,1098,1783014521360666085,1783014456567746455,1783014456567813966,1783014521404468393,43.802,,0.068,64836.654,"CooperativeService{guidedPlanning, status=request, vehicleId=0x7665682d3330, requestedHorizonMs=2500, confidence=100, planning.waypoints=1, offloadTaskId=probe-674, offloadPayload=1024 bytes}"
5g-sender,1783014521642382964,edge4av-real-20260702-multiclient-scalability-run-3,p5g-scale-mqtt-payload-1024-clients-50,scale,guided-planning,mqtt,veh-30,veh-30,rsu-1,p5g-scale-mqtt-payload-1024-clients-50-veh-30-675,ipi-session-1,multiclient-scalability-run-3,veh-30,675,50-clients,default,stationary,unsynced,true,true,clients,50,count,IPI-CooperativeService,1098,1783014521604615310,1783014456808513569,1783014456808570777,1783014521642382964,37.768,,0.057,64833.812,"CooperativeService{guidedPlanning, status=request, vehicleId=0x7665682d3330, requestedHorizonMs=2500, confidence=100, planning.waypoints=1, offloadTaskId=probe-675, offloadPayload=1024 bytes}"
5g-sender,1783014521882387217,edge4av-real-20260702-multiclient-scalability-run-3,p5g-scale-mqtt-payload-1024-clients-50,scale,guided-planning,mqtt,veh-30,veh-30,rsu-1,p5g-scale-mqtt-payload-1024-clients-50-veh-30-676,ipi-session-1,multiclient-scalability-run-3,veh-30,676,50-clients,default,stationary,unsynced,true,true,clients,50,count,IPI-CooperativeService,1098,1783014521842533398,1783014457047871079,1783014457047913601,1783014521882387217,39.854,,0.043,64834.474,"CooperativeService{guidedPlanning, status=request, vehicleId=0x7665682d3330, requestedHorizonMs=2500, confidence=100, planning.waypoints=1, offloadTaskId=probe-676, offloadPayload=1024 bytes}"
5g-sender,1783014522134625201,edge4av-real-20260702-multiclient-scalability-run-3,p5g-scale-mqtt-payload-1024-clients-50,scale,guided-planning,mqtt,veh-30,veh-30,rsu-1,p5g-scale-mqtt-payload-1024-clients-50-veh-30-677,ipi-session-1,multiclient-scalability-run-3,veh-30,677,50-clients,default,stationary,unsynced,true,true,clients,50,count,IPI-CooperativeService,1098,1783014522082537231,1783014457298579326,1783014457298624513,1783014522134625201,52.088,,0.045,64836.001,"CooperativeService{guidedPlanning, status=request, vehicleId=0x7665682d3330, requestedHorizonMs=2500, confidence=100, planning.waypoints=1, offloadTaskId=probe-677, offloadPayload=1024 bytes}"
5g-sender,1783014522362363543,edge4av-real-20260702-multiclient-scalability-run-3,p5g-scale-mqtt-payload-1024-clients-50,scale,guided-planning,mqtt,veh-30,veh-30,rsu-1,p5g-scale-mqtt-payload-1024-clients-50-veh-30-678,ipi-session-1,multiclient-scalability-run-3,veh-30,678,50-clients,default,stationary,unsynced,true,true,clients,50,count,IPI-CooperativeService,1098,1783014522334774287,1783014457528820698,1783014457528872060,1783014522362363543,27.589,,0.051,64833.491,"CooperativeService{guidedPlanning, status=request, vehicleId=0x7665682d3330, requestedHorizonMs=2500, confidence=100, planning.waypoints=1, offloadTaskId=probe-678, offloadPayload=1024 bytes}"
5g-sender,1783014522608467304,edge4av-real-20260702-multiclient-scalability-run-3,p5g-scale-mqtt-payload-1024-clients-50,scale,guided-planning,mqtt,veh-30,veh-30,rsu-1,p5g-scale-mqtt-payload-1024-clients-50-veh-30-679,ipi-session-1,multiclient-scalability-run-3,veh-30,679,50-clients,default,stationary,unsynced,true,true,clients,50,count,IPI-CooperativeService,1098,1783014522562554244,1783014457769507168,1783014457769552264,1783014522608467304,45.913,,0.045,64838.915,"CooperativeService{guidedPlanning, status=request, vehicleId=0x7665682d3330, requestedHorizonMs=2500, confidence=100, planning.waypoints=1, offloadTaskId=probe-679, offloadPayload=1024 bytes}"
5g-sender,1783014522832540625,edge4av-real-20260702-multiclient-scalability-run-3,p5g-scale-mqtt-payload-1024-clients-50,scale,guided-planning,mqtt,veh-30,veh-30,rsu-1,p5g-scale-mqtt-payload-1024-clients-50-veh-30-680,ipi-session-1,multiclient-scalability-run-3,veh-30,680,50-clients,default,stationary,unsynced,true,true,clients,50,count,IPI-CooperativeService,1098,1783014522808613071,1783014458000772300,1783014458000815326,1783014522832540625,23.928,,0.043,64831.725,"CooperativeService{guidedPlanning, status=request, vehicleId=0x7665682d3330, requestedHorizonMs=2500, confidence=100, planning.waypoints=1, offloadTaskId=probe-680, offloadPayload=1024 bytes}"
5g-sender,1783014523080380631,edge4av-real-20260702-multiclient-scalability-run-3,p5g-scale-mqtt-payload-1024-clients-50,scale,guided-planning,mqtt,veh-30,veh-30,rsu-1,p5g-scale-mqtt-payload-1024-clients-50-veh-30-681,ipi-session-1,multiclient-scalability-run-3,veh-30,681,50-clients,default,stationary,unsynced,true,true,clients,50,count,IPI-CooperativeService,1098,1783014523032719639,1783014458240013328,1783014458240081586,1783014523080380631,47.661,,0.068,64840.299,"CooperativeService{guidedPlanning, status=request, vehicleId=0x7665682d3330, requestedHorizonMs=2500, confidence=100, planning.waypoints=1, offloadTaskId=probe-681, offloadPayload=1024 bytes}"
5g-sender,1783014523328452253,edge4av-real-20260702-multiclient-scalability-run-3,p5g-scale-mqtt-payload-1024-clients-50,scale,guided-planning,mqtt,veh-30,veh-30,rsu-1,p5g-scale-mqtt-payload-1024-clients-50-veh-30-682,ipi-session-1,multiclient-scalability-run-3,veh-30,682,50-clients,default,stationary,unsynced,true,true,clients,50,count,IPI-CooperativeService,1098,1783014523280531304,1783014458490865956,1783014458490908734,1783014523328452253,47.921,,0.043,64837.544,"CooperativeService{guidedPlanning, status=request, vehicleId=0x7665682d3330, requestedHorizonMs=2500, confidence=100, planning.waypoints=1, offloadTaskId=probe-682, offloadPayload=1024 bytes}"
5g-sender,1783014523568594927,edge4av-real-20260702-multiclient-scalability-run-3,p5g-scale-mqtt-payload-1024-clients-50,scale,guided-planning,mqtt,veh-30,veh-30,rsu-1,p5g-scale-mqtt-payload-1024-clients-50-veh-30-683,ipi-session-1,multiclient-scalability-run-3,veh-30,683,50-clients,default,stationary,unsynced,true,true,clients,50,count,IPI-CooperativeService,1098,1783014523528598626,1783014458730602577,1783014458730659104,1783014523568594927,39.996,,0.057,64837.936,"CooperativeService{guidedPlanning, status=request, vehicleId=0x7665682d3330, requestedHorizonMs=2500, confidence=100, planning.waypoints=1, offloadTaskId=probe-683, offloadPayload=1024 bytes}"
5g-sender,1783014523808440545,edge4av-real-20260702-multiclient-scalability-run-3,p5g-scale-mqtt-payload-1024-clients-50,scale,guided-planning,mqtt,veh-30,veh-30,rsu-1,p5g-scale-mqtt-payload-1024-clients-50-veh-30-684,ipi-session-1,multiclient-scalability-run-3,veh-30,684,50-clients,default,stationary,unsynced,true,true,clients,50,count,IPI-CooperativeService,1098,1783014523768766318,1783014458971620234,1783014458971663561,1783014523808440545,39.674,,0.043,64836.777,"CooperativeService{guidedPlanning, status=request, vehicleId=0x7665682d3330, requestedHorizonMs=2500, confidence=100, planning.waypoints=1, offloadTaskId=probe-684, offloadPayload=1024 bytes}"
5g-sender,1783014524046460057,edge4av-real-20260702-multiclient-scalability-run-3,p5g-scale-mqtt-payload-1024-clients-50,scale,guided-planning,mqtt,veh-30,veh-30,rsu-1,p5g-scale-mqtt-payload-1024-clients-50-veh-30-685,ipi-session-1,multiclient-scalability-run-3,veh-30,685,50-clients,default,stationary,unsynced,true,true,clients,50,count,IPI-CooperativeService,1098,1783014524008623719,1783014459211255980,1783014459211314088,1783014524046460057,37.836,,0.058,64835.146,"CooperativeService{guidedPlanning, status=request, vehicleId=0x7665682d3330, requestedHorizonMs=2500, confidence=100, planning.waypoints=1, offloadTaskId=probe-685, offloadPayload=1024 bytes}"
5g-sender,1783014524286418576,edge4av-real-20260702-multiclient-scalability-run-3,p5g-scale-mqtt-payload-1024-clients-50,scale,guided-planning,mqtt,veh-30,veh-30,rsu-1,p5g-scale-mqtt-payload-1024-clients-50-veh-30-686,ipi-session-1,multiclient-scalability-run-3,veh-30,686,50-clients,default,stationary,unsynced,true,true,clients,50,count,IPI-CooperativeService,1098,1783014524246605883,1783014459452700658,1783014459452768050,1783014524286418576,39.813,,0.067,64833.651,"CooperativeService{guidedPlanning, status=request, vehicleId=0x7665682d3330, requestedHorizonMs=2500, confidence=100, planning.waypoints=1, offloadTaskId=probe-686, offloadPayload=1024 bytes}"
5g-sender,1783014524506443254,edge4av-real-20260702-multiclient-scalability-run-3,p5g-scale-mqtt-payload-1024-clients-50,scale,guided-planning,mqtt,veh-30,veh-30,rsu-1,p5g-scale-mqtt-payload-1024-clients-50-veh-30-687,ipi-session-1,multiclient-scalability-run-3,veh-30,687,50-clients,default,stationary,unsynced,true,true,clients,50,count,IPI-CooperativeService,1098,1783014524486568583,1783014459673691582,1783014459673736202,1783014524506443254,19.875,,0.045,64832.707,"CooperativeService{guidedPlanning, status=request, vehicleId=0x7665682d3330, requestedHorizonMs=2500, confidence=100, planning.waypoints=1, offloadTaskId=probe-687, offloadPayload=1024 bytes}"
5g-sender,1783014524744331247,edge4av-real-20260702-multiclient-scalability-run-3,p5g-scale-mqtt-payload-1024-clients-50,scale,guided-planning,mqtt,veh-30,veh-30,rsu-1,p5g-scale-mqtt-payload-1024-clients-50-veh-30-688,ipi-session-1,multiclient-scalability-run-3,veh-30,688,50-clients,default,stationary,unsynced,true,true,clients,50,count,IPI-CooperativeService,1098,1783014524706592340,1783014459903069068,1783014459903125288,1783014524744331247,37.739,,0.056,64841.206,"CooperativeService{guidedPlanning, status=request, vehicleId=0x7665682d3330, requestedHorizonMs=2500, confidence=100, planning.waypoints=1, offloadTaskId=probe-688, offloadPayload=1024 bytes}"
5g-sender,1783014524966262252,edge4av-real-20260702-multiclient-scalability-run-3,p5g-scale-mqtt-payload-1024-clients-50,scale,guided-planning,mqtt,veh-30,veh-30,rsu-1,p5g-scale-mqtt-payload-1024-clients-50-veh-30-689,ipi-session-1,multiclient-scalability-run-3,veh-30,689,50-clients,default,stationary,unsynced,true,true,clients,50,count,IPI-CooperativeService,1098,1783014524944456940,1783014460132997472,1783014460133049003,1783014524966262252,21.805,,0.052,64833.213,"CooperativeService{guidedPlanning, status=request, vehicleId=0x7665682d3330, requestedHorizonMs=2500, confidence=100, planning.waypoints=1, offloadTaskId=probe-689, offloadPayload=1024 bytes}"
5g-sender,1783014525204319967,edge4av-real-20260702-multiclient-scalability-run-3,p5g-scale-mqtt-payload-1024-clients-50,scale,guided-planning,mqtt,veh-30,veh-30,rsu-1,p5g-scale-mqtt-payload-1024-clients-50-veh-30-690,ipi-session-1,multiclient-scalability-run-3,veh-30,690,50-clients,default,stationary,unsynced,true,true,clients,50,count,IPI-CooperativeService,1098,1783014525166409121,1783014460363642381,1783014460363693275,1783014525204319967,37.911,,0.051,64840.627,"CooperativeService{guidedPlanning, status=request, vehicleId=0x7665682d3330, requestedHorizonMs=2500, confidence=100, planning.waypoints=1, offloadTaskId=probe-690, offloadPayload=1024 bytes}"
5g-sender,1783014525436433012,edge4av-real-20260702-multiclient-scalability-run-3,p5g-scale-mqtt-payload-1024-clients-50,scale,guided-planning,mqtt,veh-30,veh-30,rsu-1,p5g-scale-mqtt-payload-1024-clients-50-veh-30-691,ipi-session-1,multiclient-scalability-run-3,veh-30,691,50-clients,default,stationary,unsynced,true,true,clients,50,count,IPI-CooperativeService,1098,1783014525404548794,1783014460604013734,1783014460604065194,1783014525436433012,31.884,,0.051,64832.368,"CooperativeService{guidedPlanning, status=request, vehicleId=0x7665682d3330, requestedHorizonMs=2500, confidence=100, planning.waypoints=1, offloadTaskId=probe-691, offloadPayload=1024 bytes}"
5g-sender,1783014525666433092,edge4av-real-20260702-multiclient-scalability-run-3,p5g-scale-mqtt-payload-1024-clients-50,scale,guided-planning,mqtt,veh-30,veh-30,rsu-1,p5g-scale-mqtt-payload-1024-clients-50-veh-30-692,ipi-session-1,multiclient-scalability-run-3,veh-30,692,50-clients,default,stationary,unsynced,true,true,clients,50,count,IPI-CooperativeService,1098,1783014525636578672,1783014460834215753,1783014460834278084,1783014525666433092,29.854,,0.062,64832.155,"CooperativeService{guidedPlanning, status=request, vehicleId=0x7665682d3330, requestedHorizonMs=2500, confidence=100, planning.waypoints=1, offloadTaskId=probe-692, offloadPayload=1024 bytes}"
5g-sender,1783014525888393563,edge4av-real-20260702-multiclient-scalability-run-3,p5g-scale-mqtt-payload-1024-clients-50,scale,guided-planning,mqtt,veh-30,veh-30,rsu-1,p5g-scale-mqtt-payload-1024-clients-50-veh-30-693,ipi-session-1,multiclient-scalability-run-3,veh-30,693,50-clients,default,stationary,unsynced,true,true,clients,50,count,IPI-CooperativeService,1098,1783014525866585655,1783014461054862983,1783014461054914646,1783014525888393563,21.808,,0.052,64833.479,"CooperativeService{guidedPlanning, status=request, vehicleId=0x7665682d3330, requestedHorizonMs=2500, confidence=100, planning.waypoints=1, offloadTaskId=probe-693, offloadPayload=1024 bytes}"
5g-sender,1783014526136438170,edge4av-real-20260702-multiclient-scalability-run-3,p5g-scale-mqtt-payload-1024-clients-50,scale,guided-planning,mqtt,veh-30,veh-30,rsu-1,p5g-scale-mqtt-payload-1024-clients-50-veh-30-694,ipi-session-1,multiclient-scalability-run-3,veh-30,694,50-clients,default,stationary,unsynced,true,true,clients,50,count,IPI-CooperativeService,1098,1783014526088533662,1783014461297294615,1783014461297337503,1783014526136438170,47.905,,0.043,64839.101,"CooperativeService{guidedPlanning, status=request, vehicleId=0x7665682d3330, requestedHorizonMs=2500, confidence=100, planning.waypoints=1, offloadTaskId=probe-694, offloadPayload=1024 bytes}"
5g-sender,1783014526382426373,edge4av-real-20260702-multiclient-scalability-run-3,p5g-scale-mqtt-payload-1024-clients-50,scale,guided-planning,mqtt,veh-30,veh-30,rsu-1,p5g-scale-mqtt-payload-1024-clients-50-veh-30-695,ipi-session-1,multiclient-scalability-run-3,veh-30,695,50-clients,default,stationary,unsynced,true,true,clients,50,count,IPI-CooperativeService,1098,1783014526336588780,1783014461546760922,1783014461546803281,1783014526382426373,45.838,,0.042,64835.623,"CooperativeService{guidedPlanning, status=request, vehicleId=0x7665682d3330, requestedHorizonMs=2500, confidence=100, planning.waypoints=1, offloadTaskId=probe-695, offloadPayload=1024 bytes}"
5g-sender,1783014526614835938,edge4av-real-20260702-multiclient-scalability-run-3,p5g-scale-mqtt-payload-1024-clients-50,scale,guided-planning,mqtt,veh-30,veh-30,rsu-1,p5g-scale-mqtt-payload-1024-clients-50-veh-30-696,ipi-session-1,multiclient-scalability-run-3,veh-30,696,50-clients,default,stationary,unsynced,true,true,clients,50,count,IPI-CooperativeService,1098,1783014526582573666,1783014461777203348,1783014461777247073,1783014526614835938,32.262,,0.044,64837.589,"CooperativeService{guidedPlanning, status=request, vehicleId=0x7665682d3330, requestedHorizonMs=2500, confidence=100, planning.waypoints=1, offloadTaskId=probe-696, offloadPayload=1024 bytes}"
5g-sender,1783014526844313632,edge4av-real-20260702-multiclient-scalability-run-3,p5g-scale-mqtt-payload-1024-clients-50,scale,guided-planning,mqtt,veh-30,veh-30,rsu-1,p5g-scale-mqtt-payload-1024-clients-50-veh-30-697,ipi-session-1,multiclient-scalability-run-3,veh-30,697,50-clients,default,stationary,unsynced,true,true,clients,50,count,IPI-CooperativeService,1098,1783014526815023065,1783014462006611739,1783014462006653633,1783014526844313632,29.291,,0.042,64837.660,"CooperativeService{guidedPlanning, status=request, vehicleId=0x7665682d3330, requestedHorizonMs=2500, confidence=100, planning.waypoints=1, offloadTaskId=probe-697, offloadPayload=1024 bytes}"
5g-sender,1783014527072419818,edge4av-real-20260702-multiclient-scalability-run-3,p5g-scale-mqtt-payload-1024-clients-50,scale,guided-planning,mqtt,veh-30,veh-30,rsu-1,p5g-scale-mqtt-payload-1024-clients-50-veh-30-698,ipi-session-1,multiclient-scalability-run-3,veh-30,698,50-clients,default,stationary,unsynced,true,true,clients,50,count,IPI-CooperativeService,1098,1783014527044478245,1783014462237010098,1783014462237072499,1783014527072419818,27.942,,0.062,64835.347,"CooperativeService{guidedPlanning, status=request, vehicleId=0x7665682d3330, requestedHorizonMs=2500, confidence=100, planning.waypoints=1, offloadTaskId=probe-698, offloadPayload=1024 bytes}"
5g-sender,1783014527330438501,edge4av-real-20260702-multiclient-scalability-run-3,p5g-scale-mqtt-payload-1024-clients-50,scale,guided-planning,mqtt,veh-30,veh-30,rsu-1,p5g-scale-mqtt-payload-1024-clients-50-veh-30-699,ipi-session-1,multiclient-scalability-run-3,veh-30,699,50-clients,default,stationary,unsynced,true,true,clients,50,count,IPI-CooperativeService,1098,1783014527272570611,1783014462497135916,1783014462497185955,1783014527330438501,57.868,,0.050,64833.253,"CooperativeService{guidedPlanning, status=request, vehicleId=0x7665682d3330, requestedHorizonMs=2500, confidence=100, planning.waypoints=1, offloadTaskId=probe-699, offloadPayload=1024 bytes}"
5g-sender,1783014527574467673,edge4av-real-20260702-multiclient-scalability-run-3,p5g-scale-mqtt-payload-1024-clients-50,scale,guided-planning,mqtt,veh-30,veh-30,rsu-1,p5g-scale-mqtt-payload-1024-clients-50-veh-30-700,ipi-session-1,multiclient-scalability-run-3,veh-30,700,50-clients,default,stationary,unsynced,true,true,clients,50,count,IPI-CooperativeService,1098,1783014527530583397,1783014462738502755,1783014462738546645,1783014527574467673,43.884,,0.044,64835.921,"CooperativeService{guidedPlanning, status=request, vehicleId=0x7665682d3330, requestedHorizonMs=2500, confidence=100, planning.waypoints=1, offloadTaskId=probe-700, offloadPayload=1024 bytes}"
5g-sender,1783014527812703816,edge4av-real-20260702-multiclient-scalability-run-3,p5g-scale-mqtt-payload-1024-clients-50,scale,guided-planning,mqtt,veh-30,veh-30,rsu-1,p5g-scale-mqtt-payload-1024-clients-50-veh-30-701,ipi-session-1,multiclient-scalability-run-3,veh-30,701,50-clients,default,stationary,unsynced,true,true,clients,50,count,IPI-CooperativeService,1098,1783014527774613335,1783014462978051382,1783014462978094992,1783014527812703816,38.090,,0.044,64834.609,"CooperativeService{guidedPlanning, status=request, vehicleId=0x7665682d3330, requestedHorizonMs=2500, confidence=100, planning.waypoints=1, offloadTaskId=probe-701, offloadPayload=1024 bytes}"
5g-sender,1783014528086444766,edge4av-real-20260702-multiclient-scalability-run-3,p5g-scale-mqtt-payload-1024-clients-50,scale,guided-planning,mqtt,veh-30,veh-30,rsu-1,p5g-scale-mqtt-payload-1024-clients-50-veh-30-702,ipi-session-1,multiclient-scalability-run-3,veh-30,702,50-clients,default,stationary,unsynced,true,true,clients,50,count,IPI-CooperativeService,1098,1783014528012852112,1783014463248432207,1783014463248496678,1783014528086444766,73.593,,0.064,64837.948,"CooperativeService{guidedPlanning, status=request, vehicleId=0x7665682d3330, requestedHorizonMs=2500, confidence=100, planning.waypoints=1, offloadTaskId=probe-702, offloadPayload=1024 bytes}"
5g-sender,1783014528360429775,edge4av-real-20260702-multiclient-scalability-run-3,p5g-scale-mqtt-payload-1024-clients-50,scale,guided-planning,mqtt,veh-30,veh-30,rsu-1,p5g-scale-mqtt-payload-1024-clients-50-veh-30-703,ipi-session-1,multiclient-scalability-run-3,veh-30,703,50-clients,default,stationary,unsynced,true,true,clients,50,count,IPI-CooperativeService,1098,1783014528286641303,1783014463519319349,1783014463519363488,1783014528360429775,73.788,,0.044,64841.066,"CooperativeService{guidedPlanning, status=request, vehicleId=0x7665682d3330, requestedHorizonMs=2500, confidence=100, planning.waypoints=1, offloadTaskId=probe-703, offloadPayload=1024 bytes}"
5g-sender,1783014528626281678,edge4av-real-20260702-multiclient-scalability-run-3,p5g-scale-mqtt-payload-1024-clients-50,scale,guided-planning,mqtt,veh-30,veh-30,rsu-1,p5g-scale-mqtt-payload-1024-clients-50-veh-30-704,ipi-session-1,multiclient-scalability-run-3,veh-30,704,50-clients,default,stationary,unsynced,true,true,clients,50,count,IPI-CooperativeService,1098,1783014528560590735,1783014463789743785,1783014463789788396,1783014528626281678,65.691,,0.045,64836.493,"CooperativeService{guidedPlanning, status=request, vehicleId=0x7665682d3330, requestedHorizonMs=2500, confidence=100, planning.waypoints=1, offloadTaskId=probe-704, offloadPayload=1024 bytes}"
5g-sender,1783014528928405386,edge4av-real-20260702-multiclient-scalability-run-3,p5g-scale-mqtt-payload-1024-clients-50,scale,guided-planning,mqtt,veh-30,veh-30,rsu-1,p5g-scale-mqtt-payload-1024-clients-50-veh-30-705,ipi-session-1,multiclient-scalability-run-3,veh-30,705,50-clients,default,stationary,unsynced,true,true,clients,50,count,IPI-CooperativeService,1098,1783014528826470724,1783014464090479934,1783014464090545273,1783014528928405386,101.935,,0.065,64837.860,"CooperativeService{guidedPlanning, status=request, vehicleId=0x7665682d3330, requestedHorizonMs=2500, confidence=100, planning.waypoints=1, offloadTaskId=probe-705, offloadPayload=1024 bytes}"
5g-sender,1783014529208472606,edge4av-real-20260702-multiclient-scalability-run-3,p5g-scale-mqtt-payload-1024-clients-50,scale,guided-planning,mqtt,veh-30,veh-30,rsu-1,p5g-scale-mqtt-payload-1024-clients-50-veh-30-706,ipi-session-1,multiclient-scalability-run-3,veh-30,706,50-clients,default,stationary,unsynced,true,true,clients,50,count,IPI-CooperativeService,1098,1783014529128551508,1783014464371650666,1783014464371692648,1783014529208472606,79.921,,0.042,64836.780,"CooperativeService{guidedPlanning, status=request, vehicleId=0x7665682d3330, requestedHorizonMs=2500, confidence=100, planning.waypoints=1, offloadTaskId=probe-706, offloadPayload=1024 bytes}"
5g-sender,1783014529448491781,edge4av-real-20260702-multiclient-scalability-run-3,p5g-scale-mqtt-payload-1024-clients-50,scale,guided-planning,mqtt,veh-30,veh-30,rsu-1,p5g-scale-mqtt-payload-1024-clients-50-veh-30-707,ipi-session-1,multiclient-scalability-run-3,veh-30,707,50-clients,default,stationary,unsynced,true,true,clients,50,count,IPI-CooperativeService,1098,1783014529408620998,1783014464610769625,1783014464610818650,1783014529448491781,39.871,,0.049,64837.673,"CooperativeService{guidedPlanning, status=request, vehicleId=0x7665682d3330, requestedHorizonMs=2500, confidence=100, planning.waypoints=1, offloadTaskId=probe-707, offloadPayload=1024 bytes}"
5g-sender,1783014529686368556,edge4av-real-20260702-multiclient-scalability-run-3,p5g-scale-mqtt-payload-1024-clients-50,scale,guided-planning,mqtt,veh-30,veh-30,rsu-1,p5g-scale-mqtt-payload-1024-clients-50-veh-30-708,ipi-session-1,multiclient-scalability-run-3,veh-30,708,50-clients,default,stationary,unsynced,true,true,clients,50,count,IPI-CooperativeService,1098,1783014529648638523,1783014464851124803,1783014464851173484,1783014529686368556,37.730,,0.049,64835.195,"CooperativeService{guidedPlanning, status=request, vehicleId=0x7665682d3330, requestedHorizonMs=2500, confidence=100, planning.waypoints=1, offloadTaskId=probe-708, offloadPayload=1024 bytes}"
5g-sender,1783014529916583425,edge4av-real-20260702-multiclient-scalability-run-3,p5g-scale-mqtt-payload-1024-clients-50,scale,guided-planning,mqtt,veh-30,veh-30,rsu-1,p5g-scale-mqtt-payload-1024-clients-50-veh-30-709,ipi-session-1,multiclient-scalability-run-3,veh-30,709,50-clients,default,stationary,unsynced,true,true,clients,50,count,IPI-CooperativeService,1098,1783014529886512649,1783014465081553477,1783014465081604165,1783014529916583425,30.071,,0.051,64834.979,"CooperativeService{guidedPlanning, status=request, vehicleId=0x7665682d3330, requestedHorizonMs=2500, confidence=100, planning.waypoints=1, offloadTaskId=probe-709, offloadPayload=1024 bytes}"
5g-sender,1783014530158496526,edge4av-real-20260702-multiclient-scalability-run-3,p5g-scale-mqtt-payload-1024-clients-50,scale,guided-planning,mqtt,veh-30,veh-30,rsu-1,p5g-scale-mqtt-payload-1024-clients-50-veh-30-710,ipi-session-1,multiclient-scalability-run-3,veh-30,710,50-clients,default,stationary,unsynced,true,true,clients,50,count,IPI-CooperativeService,1098,1783014530116776184,1783014465322448837,1783014465322492665,1783014530158496526,41.720,,0.044,64836.004,"CooperativeService{guidedPlanning, status=request, vehicleId=0x7665682d3330, requestedHorizonMs=2500, confidence=100, planning.waypoints=1, offloadTaskId=probe-710, offloadPayload=1024 bytes}"
5g-sender,1783014530388455361,edge4av-real-20260702-multiclient-scalability-run-3,p5g-scale-mqtt-payload-1024-clients-50,scale,guided-planning,mqtt,veh-30,veh-30,rsu-1,p5g-scale-mqtt-payload-1024-clients-50-veh-30-711,ipi-session-1,multiclient-scalability-run-3,veh-30,711,50-clients,default,stationary,unsynced,true,true,clients,50,count,IPI-CooperativeService,1098,1783014530358641495,1783014465552403075,1783014465552453893,1783014530388455361,29.814,,0.051,64836.001,"CooperativeService{guidedPlanning, status=request, vehicleId=0x7665682d3330, requestedHorizonMs=2500, confidence=100, planning.waypoints=1, offloadTaskId=probe-711, offloadPayload=1024 bytes}"
5g-sender,1783014530608535738,edge4av-real-20260702-multiclient-scalability-run-3,p5g-scale-mqtt-payload-1024-clients-50,scale,guided-planning,mqtt,veh-30,veh-30,rsu-1,p5g-scale-mqtt-payload-1024-clients-50-veh-30-712,ipi-session-1,multiclient-scalability-run-3,veh-30,712,50-clients,default,stationary,unsynced,true,true,clients,50,count,IPI-CooperativeService,1098,1783014530588600190,1783014465773917150,1783014465773962595,1783014530608535738,19.936,,0.045,64834.573,"CooperativeService{guidedPlanning, status=request, vehicleId=0x7665682d3330, requestedHorizonMs=2500, confidence=100, planning.waypoints=1, offloadTaskId=probe-712, offloadPayload=1024 bytes}"
5g-sender,1783014530848527050,edge4av-real-20260702-multiclient-scalability-run-3,p5g-scale-mqtt-payload-1024-clients-50,scale,guided-planning,mqtt,veh-30,veh-30,rsu-1,p5g-scale-mqtt-payload-1024-clients-50-veh-30-713,ipi-session-1,multiclient-scalability-run-3,veh-30,713,50-clients,default,stationary,unsynced,true,true,clients,50,count,IPI-CooperativeService,1098,1783014530808682477,1783014466013853403,1783014466013896203,1783014530848527050,39.845,,0.043,64834.631,"CooperativeService{guidedPlanning, status=request, vehicleId=0x7665682d3330, requestedHorizonMs=2500, confidence=100, planning.waypoints=1, offloadTaskId=probe-713, offloadPayload=1024 bytes}"
5g-sender,1783014531086561931,edge4av-real-20260702-multiclient-scalability-run-3,p5g-scale-mqtt-payload-1024-clients-50,scale,guided-planning,mqtt,veh-30,veh-30,rsu-1,p5g-scale-mqtt-payload-1024-clients-50-veh-30-714,ipi-session-1,multiclient-scalability-run-3,veh-30,714,50-clients,default,stationary,unsynced,true,true,clients,50,count,IPI-CooperativeService,1098,1783014531048674519,1783014466253532149,1783014466253595287,1783014531086561931,37.887,,0.063,64832.967,"CooperativeService{guidedPlanning, status=request, vehicleId=0x7665682d3330, requestedHorizonMs=2500, confidence=100, planning.waypoints=1, offloadTaskId=probe-714, offloadPayload=1024 bytes}"
5g-sender,1783014531348613959,edge4av-real-20260702-multiclient-scalability-run-3,p5g-scale-mqtt-payload-1024-clients-50,scale,guided-planning,mqtt,veh-30,veh-30,rsu-1,p5g-scale-mqtt-payload-1024-clients-50-veh-30-715,ipi-session-1,multiclient-scalability-run-3,veh-30,715,50-clients,default,stationary,unsynced,true,true,clients,50,count,IPI-CooperativeService,1098,1783014531286704363,1783014466504335931,1783014466504378828,1783014531348613959,61.910,,0.043,64844.235,"CooperativeService{guidedPlanning, status=request, vehicleId=0x7665682d3330, requestedHorizonMs=2500, confidence=100, planning.waypoints=1, offloadTaskId=probe-715, offloadPayload=1024 bytes}"
5g-sender,1783014531580490011,edge4av-real-20260702-multiclient-scalability-run-3,p5g-scale-mqtt-payload-1024-clients-50,scale,guided-planning,mqtt,veh-30,veh-30,rsu-1,p5g-scale-mqtt-payload-1024-clients-50-veh-30-716,ipi-session-1,multiclient-scalability-run-3,veh-30,716,50-clients,default,stationary,unsynced,true,true,clients,50,count,IPI-CooperativeService,1098,1783014531548809338,1783014466744836254,1783014466744885103,1783014531580490011,31.681,,0.049,64835.605,"CooperativeService{guidedPlanning, status=request, vehicleId=0x7665682d3330, requestedHorizonMs=2500, confidence=100, planning.waypoints=1, offloadTaskId=probe-716, offloadPayload=1024 bytes}"
5g-sender,1783014531824329883,edge4av-real-20260702-multiclient-scalability-run-3,p5g-scale-mqtt-payload-1024-clients-50,scale,guided-planning,mqtt,veh-30,veh-30,rsu-1,p5g-scale-mqtt-payload-1024-clients-50-veh-30-717,ipi-session-1,multiclient-scalability-run-3,veh-30,717,50-clients,default,stationary,unsynced,true,true,clients,50,count,IPI-CooperativeService,1098,1783014531780633643,1783014466986447334,1783014466986505601,1783014531824329883,43.696,,0.058,64837.824,"CooperativeService{guidedPlanning, status=request, vehicleId=0x7665682d3330, requestedHorizonMs=2500, confidence=100, planning.waypoints=1, offloadTaskId=probe-717, offloadPayload=1024 bytes}"
5g-sender,1783014532064493046,edge4av-real-20260702-multiclient-scalability-run-3,p5g-scale-mqtt-payload-1024-clients-50,scale,guided-planning,mqtt,veh-30,veh-30,rsu-1,p5g-scale-mqtt-payload-1024-clients-50-veh-30-718,ipi-session-1,multiclient-scalability-run-3,veh-30,718,50-clients,default,stationary,unsynced,true,true,clients,50,count,IPI-CooperativeService,1098,1783014532024497699,1783014467226766203,1783014467226808726,1783014532064493046,39.995,,0.043,64837.684,"CooperativeService{guidedPlanning, status=request, vehicleId=0x7665682d3330, requestedHorizonMs=2500, confidence=100, planning.waypoints=1, offloadTaskId=probe-718, offloadPayload=1024 bytes}"
5g-sender,1783014532308525423,edge4av-real-20260702-multiclient-scalability-run-3,p5g-scale-mqtt-payload-1024-clients-50,scale,guided-planning,mqtt,veh-30,veh-30,rsu-1,p5g-scale-mqtt-payload-1024-clients-50-veh-30-719,ipi-session-1,multiclient-scalability-run-3,veh-30,719,50-clients,default,stationary,unsynced,true,true,clients,50,count,IPI-CooperativeService,1098,1783014532264635461,1783014467466139228,1783014467466182883,1783014532308525423,43.890,,0.044,64842.343,"CooperativeService{guidedPlanning, status=request, vehicleId=0x7665682d3330, requestedHorizonMs=2500, confidence=100, planning.waypoints=1, offloadTaskId=probe-719, offloadPayload=1024 bytes}"
5g-sender,1783014532542400589,edge4av-real-20260702-multiclient-scalability-run-3,p5g-scale-mqtt-payload-1024-clients-50,scale,guided-planning,mqtt,veh-30,veh-30,rsu-1,p5g-scale-mqtt-payload-1024-clients-50-veh-30-720,ipi-session-1,multiclient-scalability-run-3,veh-30,720,50-clients,default,stationary,unsynced,true,true,clients,50,count,IPI-CooperativeService,1098,1783014532508677042,1783014467706446505,1783014467706489304,1783014532542400589,33.724,,0.043,64835.911,"CooperativeService{guidedPlanning, status=request, vehicleId=0x7665682d3330, requestedHorizonMs=2500, confidence=100, planning.waypoints=1, offloadTaskId=probe-720, offloadPayload=1024 bytes}"
5g-sender,1783014532792520671,edge4av-real-20260702-multiclient-scalability-run-3,p5g-scale-mqtt-payload-1024-clients-50,scale,guided-planning,mqtt,veh-30,veh-30,rsu-1,p5g-scale-mqtt-payload-1024-clients-50-veh-30-721,ipi-session-1,multiclient-scalability-run-3,veh-30,721,50-clients,default,stationary,unsynced,true,true,clients,50,count,IPI-CooperativeService,1098,1783014532742543481,1783014467946737063,1783014467946792236,1783014532792520671,49.977,,0.055,64845.728,"CooperativeService{guidedPlanning, status=request, vehicleId=0x7665682d3330, requestedHorizonMs=2500, confidence=100, planning.waypoints=1, offloadTaskId=probe-721, offloadPayload=1024 bytes}"
5g-sender,1783014533034424613,edge4av-real-20260702-multiclient-scalability-run-3,p5g-scale-mqtt-payload-1024-clients-50,scale,guided-planning,mqtt,veh-30,veh-30,rsu-1,p5g-scale-mqtt-payload-1024-clients-50-veh-30-722,ipi-session-1,multiclient-scalability-run-3,veh-30,722,50-clients,default,stationary,unsynced,true,true,clients,50,count,IPI-CooperativeService,1098,1783014532992718554,1783014468197860104,1783014468197914639,1783014533034424613,41.706,,0.055,64836.510,"CooperativeService{guidedPlanning, status=request, vehicleId=0x7665682d3330, requestedHorizonMs=2500, confidence=100, planning.waypoints=1, offloadTaskId=probe-722, offloadPayload=1024 bytes}"
5g-sender,1783014533272550037,edge4av-real-20260702-multiclient-scalability-run-3,p5g-scale-mqtt-payload-1024-clients-50,scale,guided-planning,mqtt,veh-30,veh-30,rsu-1,p5g-scale-mqtt-payload-1024-clients-50-veh-30-723,ipi-session-1,multiclient-scalability-run-3,veh-30,723,50-clients,default,stationary,unsynced,true,true,clients,50,count,IPI-CooperativeService,1098,1783014533234571301,1783014468438243204,1783014468438292988,1783014533272550037,37.979,,0.050,64834.257,"CooperativeService{guidedPlanning, status=request, vehicleId=0x7665682d3330, requestedHorizonMs=2500, confidence=100, planning.waypoints=1, offloadTaskId=probe-723, offloadPayload=1024 bytes}"
5g-sender,1783014533504592383,edge4av-real-20260702-multiclient-scalability-run-3,p5g-scale-mqtt-payload-1024-clients-50,scale,guided-planning,mqtt,veh-30,veh-30,rsu-1,p5g-scale-mqtt-payload-1024-clients-50-veh-30-724,ipi-session-1,multiclient-scalability-run-3,veh-30,724,50-clients,default,stationary,unsynced,true,true,clients,50,count,IPI-CooperativeService,1098,1783014533472690552,1783014468667868787,1783014468667920729,1783014533504592383,31.902,,0.052,64836.672,"CooperativeService{guidedPlanning, status=request, vehicleId=0x7665682d3330, requestedHorizonMs=2500, confidence=100, planning.waypoints=1, offloadTaskId=probe-724, offloadPayload=1024 bytes}"
5g-sender,1783014533736383794,edge4av-real-20260702-multiclient-scalability-run-3,p5g-scale-mqtt-payload-1024-clients-50,scale,guided-planning,mqtt,veh-30,veh-30,rsu-1,p5g-scale-mqtt-payload-1024-clients-50-veh-30-725,ipi-session-1,multiclient-scalability-run-3,veh-30,725,50-clients,default,stationary,unsynced,true,true,clients,50,count,IPI-CooperativeService,1098,1783014533704735162,1783014468898150902,1783014468898201785,1783014533736383794,31.649,,0.051,64838.182,"CooperativeService{guidedPlanning, status=request, vehicleId=0x7665682d3330, requestedHorizonMs=2500, confidence=100, planning.waypoints=1, offloadTaskId=probe-725, offloadPayload=1024 bytes}"
5g-sender,1783014533968454015,edge4av-real-20260702-multiclient-scalability-run-3,p5g-scale-mqtt-payload-1024-clients-50,scale,guided-planning,mqtt,veh-30,veh-30,rsu-1,p5g-scale-mqtt-payload-1024-clients-50-veh-30-726,ipi-session-1,multiclient-scalability-run-3,veh-30,726,50-clients,default,stationary,unsynced,true,true,clients,50,count,IPI-CooperativeService,1098,1783014533936531069,1783014469129364741,1783014469129407463,1783014533968454015,31.923,,0.043,64839.047,"CooperativeService{guidedPlanning, status=request, vehicleId=0x7665682d3330, requestedHorizonMs=2500, confidence=100, planning.waypoints=1, offloadTaskId=probe-726, offloadPayload=1024 bytes}"
5g-sender,1783014534214422158,edge4av-real-20260702-multiclient-scalability-run-3,p5g-scale-mqtt-payload-1024-clients-50,scale,guided-planning,mqtt,veh-30,veh-30,rsu-1,p5g-scale-mqtt-payload-1024-clients-50-veh-30-727,ipi-session-1,multiclient-scalability-run-3,veh-30,727,50-clients,default,stationary,unsynced,true,true,clients,50,count,IPI-CooperativeService,1098,1783014534168598119,1783014469379677026,1783014469379720078,1783014534214422158,45.824,,0.043,64834.702,"CooperativeService{guidedPlanning, status=request, vehicleId=0x7665682d3330, requestedHorizonMs=2500, confidence=100, planning.waypoints=1, offloadTaskId=probe-727, offloadPayload=1024 bytes}"
5g-sender,1783014534452550393,edge4av-real-20260702-multiclient-scalability-run-3,p5g-scale-mqtt-payload-1024-clients-50,scale,guided-planning,mqtt,veh-30,veh-30,rsu-1,p5g-scale-mqtt-payload-1024-clients-50-veh-30-728,ipi-session-1,multiclient-scalability-run-3,veh-30,728,50-clients,default,stationary,unsynced,true,true,clients,50,count,IPI-CooperativeService,1098,1783014534414615167,1783014469621290896,1783014469621334602,1783014534452550393,37.935,,0.044,64831.216,"CooperativeService{guidedPlanning, status=request, vehicleId=0x7665682d3330, requestedHorizonMs=2500, confidence=100, planning.waypoints=1, offloadTaskId=probe-728, offloadPayload=1024 bytes}"
5g-sender,1783014534688626249,edge4av-real-20260702-multiclient-scalability-run-3,p5g-scale-mqtt-payload-1024-clients-50,scale,guided-planning,mqtt,veh-30,veh-30,rsu-1,p5g-scale-mqtt-payload-1024-clients-50-veh-30-729,ipi-session-1,multiclient-scalability-run-3,veh-30,729,50-clients,default,stationary,unsynced,true,true,clients,50,count,IPI-CooperativeService,1098,1783014534652697308,1783014469850505505,1783014469850548734,1783014534688626249,35.929,,0.043,64838.078,"CooperativeService{guidedPlanning, status=request, vehicleId=0x7665682d3330, requestedHorizonMs=2500, confidence=100, planning.waypoints=1, offloadTaskId=probe-729, offloadPayload=1024 bytes}"
5g-sender,1783014534926546457,edge4av-real-20260702-multiclient-scalability-run-3,p5g-scale-mqtt-payload-1024-clients-50,scale,guided-planning,mqtt,veh-30,veh-30,rsu-1,p5g-scale-mqtt-payload-1024-clients-50-veh-30-730,ipi-session-1,multiclient-scalability-run-3,veh-30,730,50-clients,default,stationary,unsynced,true,true,clients,50,count,IPI-CooperativeService,1098,1783014534888786481,1783014470092422734,1783014470092465561,1783014534926546457,37.760,,0.043,64834.081,"CooperativeService{guidedPlanning, status=request, vehicleId=0x7665682d3330, requestedHorizonMs=2500, confidence=100, planning.waypoints=1, offloadTaskId=probe-730, offloadPayload=1024 bytes}"
5g-sender,1783014535170538317,edge4av-real-20260702-multiclient-scalability-run-3,p5g-scale-mqtt-payload-1024-clients-50,scale,guided-planning,mqtt,veh-30,veh-30,rsu-1,p5g-scale-mqtt-payload-1024-clients-50-veh-30-731,ipi-session-1,multiclient-scalability-run-3,veh-30,731,50-clients,default,stationary,unsynced,true,true,clients,50,count,IPI-CooperativeService,1098,1783014535126700386,1783014470332009013,1783014470332072579,1783014535170538317,43.838,,0.064,64838.466,"CooperativeService{guidedPlanning, status=request, vehicleId=0x7665682d3330, requestedHorizonMs=2500, confidence=100, planning.waypoints=1, offloadTaskId=probe-731, offloadPayload=1024 bytes}"
5g-sender,1783014535402656454,edge4av-real-20260702-multiclient-scalability-run-3,p5g-scale-mqtt-payload-1024-clients-50,scale,guided-planning,mqtt,veh-30,veh-30,rsu-1,p5g-scale-mqtt-payload-1024-clients-50-veh-30-732,ipi-session-1,multiclient-scalability-run-3,veh-30,732,50-clients,default,stationary,unsynced,true,true,clients,50,count,IPI-CooperativeService,1098,1783014535370682709,1783014470571615578,1783014470571658770,1783014535402656454,31.974,,0.043,64830.998,"CooperativeService{guidedPlanning, status=request, vehicleId=0x7665682d3330, requestedHorizonMs=2500, confidence=100, planning.waypoints=1, offloadTaskId=probe-732, offloadPayload=1024 bytes}"
5g-sender,1783014535642420815,edge4av-real-20260702-multiclient-scalability-run-3,p5g-scale-mqtt-payload-1024-clients-50,scale,guided-planning,mqtt,veh-30,veh-30,rsu-1,p5g-scale-mqtt-payload-1024-clients-50-veh-30-733,ipi-session-1,multiclient-scalability-run-3,veh-30,733,50-clients,default,stationary,unsynced,true,true,clients,50,count,IPI-CooperativeService,1098,1783014535602804212,1783014470802954782,1783014470803016411,1783014535642420815,39.617,,0.062,64839.404,"CooperativeService{guidedPlanning, status=request, vehicleId=0x7665682d3330, requestedHorizonMs=2500, confidence=100, planning.waypoints=1, offloadTaskId=probe-733, offloadPayload=1024 bytes}"
5g-sender,1783014535876469623,edge4av-real-20260702-multiclient-scalability-run-3,p5g-scale-mqtt-payload-1024-clients-50,scale,guided-planning,mqtt,veh-30,veh-30,rsu-1,p5g-scale-mqtt-payload-1024-clients-50-veh-30-734,ipi-session-1,multiclient-scalability-run-3,veh-30,734,50-clients,default,stationary,unsynced,true,true,clients,50,count,IPI-CooperativeService,1098,1783014535842604867,1783014471041656322,1783014471041699028,1783014535876469623,33.865,,0.043,64834.771,"CooperativeService{guidedPlanning, status=request, vehicleId=0x7665682d3330, requestedHorizonMs=2500, confidence=100, planning.waypoints=1, offloadTaskId=probe-734, offloadPayload=1024 bytes}"
5g-sender,1783014536110508667,edge4av-real-20260702-multiclient-scalability-run-3,p5g-scale-mqtt-payload-1024-clients-50,scale,guided-planning,mqtt,veh-30,veh-30,rsu-1,p5g-scale-mqtt-payload-1024-clients-50-veh-30-735,ipi-session-1,multiclient-scalability-run-3,veh-30,735,50-clients,default,stationary,unsynced,true,true,clients,50,count,IPI-CooperativeService,1098,1783014536076616248,1783014471273015428,1783014471273069063,1783014536110508667,33.892,,0.054,64837.440,"CooperativeService{guidedPlanning, status=request, vehicleId=0x7665682d3330, requestedHorizonMs=2500, confidence=100, planning.waypoints=1, offloadTaskId=probe-735, offloadPayload=1024 bytes}"
5g-sender,1783014536348647745,edge4av-real-20260702-multiclient-scalability-run-3,p5g-scale-mqtt-payload-1024-clients-50,scale,guided-planning,mqtt,veh-30,veh-30,rsu-1,p5g-scale-mqtt-payload-1024-clients-50-veh-30-736,ipi-session-1,multiclient-scalability-run-3,veh-30,736,50-clients,default,stationary,unsynced,true,true,clients,50,count,IPI-CooperativeService,1098,1783014536310649482,1783014471515698336,1783014471515753292,1783014536348647745,37.998,,0.055,64832.894,"CooperativeService{guidedPlanning, status=request, vehicleId=0x7665682d3330, requestedHorizonMs=2500, confidence=100, planning.waypoints=1, offloadTaskId=probe-736, offloadPayload=1024 bytes}"
5g-sender,1783014536588578841,edge4av-real-20260702-multiclient-scalability-run-3,p5g-scale-mqtt-payload-1024-clients-50,scale,guided-planning,mqtt,veh-30,veh-30,rsu-1,p5g-scale-mqtt-payload-1024-clients-50-veh-30-737,ipi-session-1,multiclient-scalability-run-3,veh-30,737,50-clients,default,stationary,unsynced,true,true,clients,50,count,IPI-CooperativeService,1098,1783014536548794116,1783014471753165233,1783014471753231838,1783014536588578841,39.785,,0.067,64835.347,"CooperativeService{guidedPlanning, status=request, vehicleId=0x7665682d3330, requestedHorizonMs=2500, confidence=100, planning.waypoints=1, offloadTaskId=probe-737, offloadPayload=1024 bytes}"
5g-sender,1783014536828597268,edge4av-real-20260702-multiclient-scalability-run-3,p5g-scale-mqtt-payload-1024-clients-50,scale,guided-planning,mqtt,veh-30,veh-30,rsu-1,p5g-scale-mqtt-payload-1024-clients-50-veh-30-738,ipi-session-1,multiclient-scalability-run-3,veh-30,738,50-clients,default,stationary,unsynced,true,true,clients,50,count,IPI-CooperativeService,1098,1783014536788742662,1783014471994566420,1783014471994609581,1783014536828597268,39.855,,0.043,64833.988,"CooperativeService{guidedPlanning, status=request, vehicleId=0x7665682d3330, requestedHorizonMs=2500, confidence=100, planning.waypoints=1, offloadTaskId=probe-738, offloadPayload=1024 bytes}"
5g-sender,1783014537060489419,edge4av-real-20260702-multiclient-scalability-run-3,p5g-scale-mqtt-payload-1024-clients-50,scale,guided-planning,mqtt,veh-30,veh-30,rsu-1,p5g-scale-mqtt-payload-1024-clients-50-veh-30-739,ipi-session-1,multiclient-scalability-run-3,veh-30,739,50-clients,default,stationary,unsynced,true,true,clients,50,count,IPI-CooperativeService,1098,1783014537028743263,1783014472224261668,1783014472224330021,1783014537060489419,31.746,,0.068,64836.159,"CooperativeService{guidedPlanning, status=request, vehicleId=0x7665682d3330, requestedHorizonMs=2500, confidence=100, planning.waypoints=1, offloadTaskId=probe-739, offloadPayload=1024 bytes}"
5g-sender,1783014537308632936,edge4av-real-20260702-multiclient-scalability-run-3,p5g-scale-mqtt-payload-1024-clients-50,scale,guided-planning,mqtt,veh-30,veh-30,rsu-1,p5g-scale-mqtt-payload-1024-clients-50-veh-30-740,ipi-session-1,multiclient-scalability-run-3,veh-30,740,50-clients,default,stationary,unsynced,true,true,clients,50,count,IPI-CooperativeService,1098,1783014537260673274,1783014472465055310,1783014472465098844,1783014537308632936,47.960,,0.044,64843.534,"CooperativeService{guidedPlanning, status=request, vehicleId=0x7665682d3330, requestedHorizonMs=2500, confidence=100, planning.waypoints=1, offloadTaskId=probe-740, offloadPayload=1024 bytes}"
5g-sender,1783014537550642841,edge4av-real-20260702-multiclient-scalability-run-3,p5g-scale-mqtt-payload-1024-clients-50,scale,guided-planning,mqtt,veh-30,veh-30,rsu-1,p5g-scale-mqtt-payload-1024-clients-50-veh-30-741,ipi-session-1,multiclient-scalability-run-3,veh-30,741,50-clients,default,stationary,unsynced,true,true,clients,50,count,IPI-CooperativeService,1098,1783014537508789728,1783014472715273480,1783014472715317564,1783014537550642841,41.853,,0.044,64835.325,"CooperativeService{guidedPlanning, status=request, vehicleId=0x7665682d3330, requestedHorizonMs=2500, confidence=100, planning.waypoints=1, offloadTaskId=probe-741, offloadPayload=1024 bytes}"
5g-sender,1783014537796532731,edge4av-real-20260702-multiclient-scalability-run-3,p5g-scale-mqtt-payload-1024-clients-50,scale,guided-planning,mqtt,veh-30,veh-30,rsu-1,p5g-scale-mqtt-payload-1024-clients-50-veh-30-742,ipi-session-1,multiclient-scalability-run-3,veh-30,742,50-clients,default,stationary,unsynced,true,true,clients,50,count,IPI-CooperativeService,1098,1783014537750789726,1783014472956053169,1783014472956116752,1783014537796532731,45.743,,0.064,64840.416,"CooperativeService{guidedPlanning, status=request, vehicleId=0x7665682d3330, requestedHorizonMs=2500, confidence=100, planning.waypoints=1, offloadTaskId=probe-742, offloadPayload=1024 bytes}"
5g-sender,1783014538036514558,edge4av-real-20260702-multiclient-scalability-run-3,p5g-scale-mqtt-payload-1024-clients-50,scale,guided-planning,mqtt,veh-30,veh-30,rsu-1,p5g-scale-mqtt-payload-1024-clients-50-veh-30-743,ipi-session-1,multiclient-scalability-run-3,veh-30,743,50-clients,default,stationary,unsynced,true,true,clients,50,count,IPI-CooperativeService,1098,1783014537996683153,1783014473196374452,1783014473196448669,1783014538036514558,39.831,,0.074,64840.066,"CooperativeService{guidedPlanning, status=request, vehicleId=0x7665682d3330, requestedHorizonMs=2500, confidence=100, planning.waypoints=1, offloadTaskId=probe-743, offloadPayload=1024 bytes}"
5g-sender,1783014538272476116,edge4av-real-20260702-multiclient-scalability-run-3,p5g-scale-mqtt-payload-1024-clients-50,scale,guided-planning,mqtt,veh-30,veh-30,rsu-1,p5g-scale-mqtt-payload-1024-clients-50-veh-30-744,ipi-session-1,multiclient-scalability-run-3,veh-30,744,50-clients,default,stationary,unsynced,true,true,clients,50,count,IPI-CooperativeService,1098,1783014538236661506,1783014473436925401,1783014473436984446,1783014538272476116,35.815,,0.059,64835.492,"CooperativeService{guidedPlanning, status=request, vehicleId=0x7665682d3330, requestedHorizonMs=2500, confidence=100, planning.waypoints=1, offloadTaskId=probe-744, offloadPayload=1024 bytes}"
5g-sender,1783014538506572670,edge4av-real-20260702-multiclient-scalability-run-3,p5g-scale-mqtt-payload-1024-clients-50,scale,guided-planning,mqtt,veh-30,veh-30,rsu-1,p5g-scale-mqtt-payload-1024-clients-50-veh-30-745,ipi-session-1,multiclient-scalability-run-3,veh-30,745,50-clients,default,stationary,unsynced,true,true,clients,50,count,IPI-CooperativeService,1098,1783014538472629413,1783014473667445821,1783014473667489028,1783014538506572670,33.943,,0.043,64839.084,"CooperativeService{guidedPlanning, status=request, vehicleId=0x7665682d3330, requestedHorizonMs=2500, confidence=100, planning.waypoints=1, offloadTaskId=probe-745, offloadPayload=1024 bytes}"
5g-sender,1783014538734606600,edge4av-real-20260702-multiclient-scalability-run-3,p5g-scale-mqtt-payload-1024-clients-50,scale,guided-planning,mqtt,veh-30,veh-30,rsu-1,p5g-scale-mqtt-payload-1024-clients-50-veh-30-746,ipi-session-1,multiclient-scalability-run-3,veh-30,746,50-clients,default,stationary,unsynced,true,true,clients,50,count,IPI-CooperativeService,1098,1783014538706721668,1783014473897557478,1783014473897609039,1783014538734606600,27.885,,0.052,64836.998,"CooperativeService{guidedPlanning, status=request, vehicleId=0x7665682d3330, requestedHorizonMs=2500, confidence=100, planning.waypoints=1, offloadTaskId=probe-746, offloadPayload=1024 bytes}"
5g-sender,1783014538970569760,edge4av-real-20260702-multiclient-scalability-run-3,p5g-scale-mqtt-payload-1024-clients-50,scale,guided-planning,mqtt,veh-30,veh-30,rsu-1,p5g-scale-mqtt-payload-1024-clients-50-veh-30-747,ipi-session-1,multiclient-scalability-run-3,veh-30,747,50-clients,default,stationary,unsynced,true,true,clients,50,count,IPI-CooperativeService,1098,1783014538934794555,1783014474128603858,1783014474128707801,1783014538970569760,35.775,,0.104,64841.862,"CooperativeService{guidedPlanning, status=request, vehicleId=0x7665682d3330, requestedHorizonMs=2500, confidence=100, planning.waypoints=1, offloadTaskId=probe-747, offloadPayload=1024 bytes}"
5g-sender,1783014539204482496,edge4av-real-20260702-multiclient-scalability-run-3,p5g-scale-mqtt-payload-1024-clients-50,scale,guided-planning,mqtt,veh-30,veh-30,rsu-1,p5g-scale-mqtt-payload-1024-clients-50-veh-30-748,ipi-session-1,multiclient-scalability-run-3,veh-30,748,50-clients,default,stationary,unsynced,true,true,clients,50,count,IPI-CooperativeService,1098,1783014539170709945,1783014474369209749,1783014474369253219,1783014539204482496,33.773,,0.043,64835.229,"CooperativeService{guidedPlanning, status=request, vehicleId=0x7665682d3330, requestedHorizonMs=2500, confidence=100, planning.waypoints=1, offloadTaskId=probe-748, offloadPayload=1024 bytes}"
5g-sender,1783014539436572112,edge4av-real-20260702-multiclient-scalability-run-3,p5g-scale-mqtt-payload-1024-clients-50,scale,guided-planning,mqtt,veh-30,veh-30,rsu-1,p5g-scale-mqtt-payload-1024-clients-50-veh-30-749,ipi-session-1,multiclient-scalability-run-3,veh-30,749,50-clients,default,stationary,unsynced,true,true,clients,50,count,IPI-CooperativeService,1098,1783014539404634424,1783014474599114402,1783014474599159586,1783014539436572112,31.938,,0.045,64837.413,"CooperativeService{guidedPlanning, status=request, vehicleId=0x7665682d3330, requestedHorizonMs=2500, confidence=100, planning.waypoints=1, offloadTaskId=probe-749, offloadPayload=1024 bytes}"
5g-sender,1783014539672518316,edge4av-real-20260702-multiclient-scalability-run-3,p5g-scale-mqtt-payload-1024-clients-50,scale,guided-planning,mqtt,veh-30,veh-30,rsu-1,p5g-scale-mqtt-payload-1024-clients-50-veh-30-750,ipi-session-1,multiclient-scalability-run-3,veh-30,750,50-clients,default,stationary,unsynced,true,true,clients,50,count,IPI-CooperativeService,1098,1783014539636725259,1783014474839258950,1783014474839303142,1783014539672518316,35.793,,0.044,64833.215,"CooperativeService{guidedPlanning, status=request, vehicleId=0x7665682d3330, requestedHorizonMs=2500, confidence=100, planning.waypoints=1, offloadTaskId=probe-750, offloadPayload=1024 bytes}"
5g-sender,1783014539904626215,edge4av-real-20260702-multiclient-scalability-run-3,p5g-scale-mqtt-payload-1024-clients-50,scale,guided-planning,mqtt,veh-30,veh-30,rsu-1,p5g-scale-mqtt-payload-1024-clients-50-veh-30-751,ipi-session-1,multiclient-scalability-run-3,veh-30,751,50-clients,default,stationary,unsynced,true,true,clients,50,count,IPI-CooperativeService,1098,1783014539872667096,1783014475069043507,1783014475069094265,1783014539904626215,31.959,,0.051,64835.532,"CooperativeService{guidedPlanning, status=request, vehicleId=0x7665682d3330, requestedHorizonMs=2500, confidence=100, planning.waypoints=1, offloadTaskId=probe-751, offloadPayload=1024 bytes}"
5g-sender,1783014540148464799,edge4av-real-20260702-multiclient-scalability-run-3,p5g-scale-mqtt-payload-1024-clients-50,scale,guided-planning,mqtt,veh-30,veh-30,rsu-1,p5g-scale-mqtt-payload-1024-clients-50-veh-30-752,ipi-session-1,multiclient-scalability-run-3,veh-30,752,50-clients,default,stationary,unsynced,true,true,clients,50,count,IPI-CooperativeService,1098,1783014540104774499,1783014475311442834,1783014475311486597,1783014540148464799,43.690,,0.044,64836.978,"CooperativeService{guidedPlanning, status=request, vehicleId=0x7665682d3330, requestedHorizonMs=2500, confidence=100, planning.waypoints=1, offloadTaskId=probe-752, offloadPayload=1024 bytes}"
5g-sender,1783014540400484269,edge4av-real-20260702-multiclient-scalability-run-3,p5g-scale-mqtt-payload-1024-clients-50,scale,guided-planning,mqtt,veh-30,veh-30,rsu-1,p5g-scale-mqtt-payload-1024-clients-50-veh-30-753,ipi-session-1,multiclient-scalability-run-3,veh-30,753,50-clients,default,stationary,unsynced,true,true,clients,50,count,IPI-CooperativeService,1098,1783014540348653127,1783014475560911716,1783014475560972639,1783014540400484269,51.831,,0.061,64839.512,"CooperativeService{guidedPlanning, status=request, vehicleId=0x7665682d3330, requestedHorizonMs=2500, confidence=100, planning.waypoints=1, offloadTaskId=probe-753, offloadPayload=1024 bytes}"
5g-sender,1783014540638552832,edge4av-real-20260702-multiclient-scalability-run-3,p5g-scale-mqtt-payload-1024-clients-50,scale,guided-planning,mqtt,veh-30,veh-30,rsu-1,p5g-scale-mqtt-payload-1024-clients-50-veh-30-754,ipi-session-1,multiclient-scalability-run-3,veh-30,754,50-clients,default,stationary,unsynced,true,true,clients,50,count,IPI-CooperativeService,1098,1783014540600635300,1783014475800751422,1783014475800815883,1783014540638552832,37.918,,0.064,64837.737,"CooperativeService{guidedPlanning, status=request, vehicleId=0x7665682d3330, requestedHorizonMs=2500, confidence=100, planning.waypoints=1, offloadTaskId=probe-754, offloadPayload=1024 bytes}"
5g-sender,1783014540878588282,edge4av-real-20260702-multiclient-scalability-run-3,p5g-scale-mqtt-payload-1024-clients-50,scale,guided-planning,mqtt,veh-30,veh-30,rsu-1,p5g-scale-mqtt-payload-1024-clients-50-veh-30-755,ipi-session-1,multiclient-scalability-run-3,veh-30,755,50-clients,default,stationary,unsynced,true,true,clients,50,count,IPI-CooperativeService,1098,1783014540838702726,1783014476040893645,1783014476040943208,1783014540878588282,39.886,,0.050,64837.645,"CooperativeService{guidedPlanning, status=request, vehicleId=0x7665682d3330, requestedHorizonMs=2500, confidence=100, planning.waypoints=1, offloadTaskId=probe-755, offloadPayload=1024 bytes}"
5g-sender,1783014541126617143,edge4av-real-20260702-multiclient-scalability-run-3,p5g-scale-mqtt-payload-1024-clients-50,scale,guided-planning,mqtt,veh-30,veh-30,rsu-1,p5g-scale-mqtt-payload-1024-clients-50-veh-30-756,ipi-session-1,multiclient-scalability-run-3,veh-30,756,50-clients,default,stationary,unsynced,true,true,clients,50,count,IPI-CooperativeService,1098,1783014541078743353,1783014476282858245,1783014476282901997,1783014541126617143,47.874,,0.044,64843.715,"CooperativeService{guidedPlanning, status=request, vehicleId=0x7665682d3330, requestedHorizonMs=2500, confidence=100, planning.waypoints=1, offloadTaskId=probe-756, offloadPayload=1024 bytes}"
5g-sender,1783014541368666235,edge4av-real-20260702-multiclient-scalability-run-3,p5g-scale-mqtt-payload-1024-clients-50,scale,guided-planning,mqtt,veh-30,veh-30,rsu-1,p5g-scale-mqtt-payload-1024-clients-50-veh-30-757,ipi-session-1,multiclient-scalability-run-3,veh-30,757,50-clients,default,stationary,unsynced,true,true,clients,50,count,IPI-CooperativeService,1098,1783014541326765177,1783014476522323632,1783014476522367701,1783014541368666235,41.901,,0.044,64846.299,"CooperativeService{guidedPlanning, status=request, vehicleId=0x7665682d3330, requestedHorizonMs=2500, confidence=100, planning.waypoints=1, offloadTaskId=probe-757, offloadPayload=1024 bytes}"
5g-sender,1783014541598497330,edge4av-real-20260702-multiclient-scalability-run-3,p5g-scale-mqtt-payload-1024-clients-50,scale,guided-planning,mqtt,veh-30,veh-30,rsu-1,p5g-scale-mqtt-payload-1024-clients-50-veh-30-758,ipi-session-1,multiclient-scalability-run-3,veh-30,758,50-clients,default,stationary,unsynced,true,true,clients,50,count,IPI-CooperativeService,1098,1783014541568821529,1783014476762375312,1783014476762425695,1783014541598497330,29.676,,0.050,64836.072,"CooperativeService{guidedPlanning, status=request, vehicleId=0x7665682d3330, requestedHorizonMs=2500, confidence=100, planning.waypoints=1, offloadTaskId=probe-758, offloadPayload=1024 bytes}"
5g-sender,1783014541830594012,edge4av-real-20260702-multiclient-scalability-run-3,p5g-scale-mqtt-payload-1024-clients-50,scale,guided-planning,mqtt,veh-30,veh-30,rsu-1,p5g-scale-mqtt-payload-1024-clients-50-veh-30-759,ipi-session-1,multiclient-scalability-run-3,veh-30,759,50-clients,default,stationary,unsynced,true,true,clients,50,count,IPI-CooperativeService,1098,1783014541798699907,1783014476992533214,1783014476992583114,1783014541830594012,31.894,,0.050,64838.011,"CooperativeService{guidedPlanning, status=request, vehicleId=0x7665682d3330, requestedHorizonMs=2500, confidence=100, planning.waypoints=1, offloadTaskId=probe-759, offloadPayload=1024 bytes}"
5g-sender,1783014542060486261,edge4av-real-20260702-multiclient-scalability-run-3,p5g-scale-mqtt-payload-1024-clients-50,scale,guided-planning,mqtt,veh-30,veh-30,rsu-1,p5g-scale-mqtt-payload-1024-clients-50-veh-30-760,ipi-session-1,multiclient-scalability-run-3,veh-30,760,50-clients,default,stationary,unsynced,true,true,clients,50,count,IPI-CooperativeService,1098,1783014542030745826,1783014477222801527,1783014477222865550,1783014542060486261,29.740,,0.064,64837.621,"CooperativeService{guidedPlanning, status=request, vehicleId=0x7665682d3330, requestedHorizonMs=2500, confidence=100, planning.waypoints=1, offloadTaskId=probe-760, offloadPayload=1024 bytes}"
5g-sender,1783014542292595204,edge4av-real-20260702-multiclient-scalability-run-3,p5g-scale-mqtt-payload-1024-clients-50,scale,guided-planning,mqtt,veh-30,veh-30,rsu-1,p5g-scale-mqtt-payload-1024-clients-50-veh-30-761,ipi-session-1,multiclient-scalability-run-3,veh-30,761,50-clients,default,stationary,unsynced,true,true,clients,50,count,IPI-CooperativeService,1098,1783014542260632615,1783014477453995635,1783014477454053231,1783014542292595204,31.963,,0.058,64838.542,"CooperativeService{guidedPlanning, status=request, vehicleId=0x7665682d3330, requestedHorizonMs=2500, confidence=100, planning.waypoints=1, offloadTaskId=probe-761, offloadPayload=1024 bytes}"
5g-sender,1783014542532568436,edge4av-real-20260702-multiclient-scalability-run-3,p5g-scale-mqtt-payload-1024-clients-50,scale,guided-planning,mqtt,veh-30,veh-30,rsu-1,p5g-scale-mqtt-payload-1024-clients-50-veh-30-762,ipi-session-1,multiclient-scalability-run-3,veh-30,762,50-clients,default,stationary,unsynced,true,true,clients,50,count,IPI-CooperativeService,1098,1783014542492750587,1783014477694308919,1783014477694352919,1783014542532568436,39.818,,0.044,64838.216,"CooperativeService{guidedPlanning, status=request, vehicleId=0x7665682d3330, requestedHorizonMs=2500, confidence=100, planning.waypoints=1, offloadTaskId=probe-762, offloadPayload=1024 bytes}"
5g-sender,1783014542770457883,edge4av-real-20260702-multiclient-scalability-run-3,p5g-scale-mqtt-payload-1024-clients-50,scale,guided-planning,mqtt,veh-30,veh-30,rsu-1,p5g-scale-mqtt-payload-1024-clients-50-veh-30-763,ipi-session-1,multiclient-scalability-run-3,veh-30,763,50-clients,default,stationary,unsynced,true,true,clients,50,count,IPI-CooperativeService,1098,1783014542732716206,1783014477934841023,1783014477934895115,1783014542770457883,37.742,,0.054,64835.563,"CooperativeService{guidedPlanning, status=request, vehicleId=0x7665682d3330, requestedHorizonMs=2500, confidence=100, planning.waypoints=1, offloadTaskId=probe-763, offloadPayload=1024 bytes}"
5g-sender,1783014543010564090,edge4av-real-20260702-multiclient-scalability-run-3,p5g-scale-mqtt-payload-1024-clients-50,scale,guided-planning,mqtt,veh-30,veh-30,rsu-1,p5g-scale-mqtt-payload-1024-clients-50-veh-30-764,ipi-session-1,multiclient-scalability-run-3,veh-30,764,50-clients,default,stationary,unsynced,true,true,clients,50,count,IPI-CooperativeService,1098,1783014542970607747,1783014478174797344,1783014478174848611,1783014543010564090,39.956,,0.051,64835.715,"CooperativeService{guidedPlanning, status=request, vehicleId=0x7665682d3330, requestedHorizonMs=2500, confidence=100, planning.waypoints=1, offloadTaskId=probe-764, offloadPayload=1024 bytes}"
5g-sender,1783014543250572253,edge4av-real-20260702-multiclient-scalability-run-3,p5g-scale-mqtt-payload-1024-clients-50,scale,guided-planning,mqtt,veh-30,veh-30,rsu-1,p5g-scale-mqtt-payload-1024-clients-50-veh-30-765,ipi-session-1,multiclient-scalability-run-3,veh-30,765,50-clients,default,stationary,unsynced,true,true,clients,50,count,IPI-CooperativeService,1098,1783014543210764674,1783014478415541490,1783014478415587358,1783014543250572253,39.808,,0.046,64834.985,"CooperativeService{guidedPlanning, status=request, vehicleId=0x7665682d3330, requestedHorizonMs=2500, confidence=100, planning.waypoints=1, offloadTaskId=probe-765, offloadPayload=1024 bytes}"
5g-sender,1783014543488451486,edge4av-real-20260702-multiclient-scalability-run-3,p5g-scale-mqtt-payload-1024-clients-50,scale,guided-planning,mqtt,veh-30,veh-30,rsu-1,p5g-scale-mqtt-payload-1024-clients-50-veh-30-766,ipi-session-1,multiclient-scalability-run-3,veh-30,766,50-clients,default,stationary,unsynced,true,true,clients,50,count,IPI-CooperativeService,1098,1783014543450721686,1783014478655692044,1783014478655742235,1783014543488451486,37.730,,0.050,64832.709,"CooperativeService{guidedPlanning, status=request, vehicleId=0x7665682d3330, requestedHorizonMs=2500, confidence=100, planning.waypoints=1, offloadTaskId=probe-766, offloadPayload=1024 bytes}"
5g-sender,1783014543718459099,edge4av-real-20260702-multiclient-scalability-run-3,p5g-scale-mqtt-payload-1024-clients-50,scale,guided-planning,mqtt,veh-30,veh-30,rsu-1,p5g-scale-mqtt-payload-1024-clients-50-veh-30-767,ipi-session-1,multiclient-scalability-run-3,veh-30,767,50-clients,default,stationary,unsynced,true,true,clients,50,count,IPI-CooperativeService,1098,1783014543688597866,1783014478885868453,1783014478885911729,1783014543718459099,29.861,,0.043,64832.547,"CooperativeService{guidedPlanning, status=request, vehicleId=0x7665682d3330, requestedHorizonMs=2500, confidence=100, planning.waypoints=1, offloadTaskId=probe-767, offloadPayload=1024 bytes}"
5g-sender,1783014543964550116,edge4av-real-20260702-multiclient-scalability-run-3,p5g-scale-mqtt-payload-1024-clients-50,scale,guided-planning,mqtt,veh-30,veh-30,rsu-1,p5g-scale-mqtt-payload-1024-clients-50-veh-30-768,ipi-session-1,multiclient-scalability-run-3,veh-30,768,50-clients,default,stationary,unsynced,true,true,clients,50,count,IPI-CooperativeService,1098,1783014543918607983,1783014479126729748,1783014479126780811,1783014543964550116,45.942,,0.051,64837.769,"CooperativeService{guidedPlanning, status=request, vehicleId=0x7665682d3330, requestedHorizonMs=2500, confidence=100, planning.waypoints=1, offloadTaskId=probe-768, offloadPayload=1024 bytes}"
5g-sender,1783014544212477666,edge4av-real-20260702-multiclient-scalability-run-3,p5g-scale-mqtt-payload-1024-clients-50,scale,guided-planning,mqtt,veh-30,veh-30,rsu-1,p5g-scale-mqtt-payload-1024-clients-50-veh-30-769,ipi-session-1,multiclient-scalability-run-3,veh-30,769,50-clients,default,stationary,unsynced,true,true,clients,50,count,IPI-CooperativeService,1098,1783014544164695163,1783014479377326841,1783014479377383637,1783014544212477666,47.783,,0.057,64835.094,"CooperativeService{guidedPlanning, status=request, vehicleId=0x7665682d3330, requestedHorizonMs=2500, confidence=100, planning.waypoints=1, offloadTaskId=probe-769, offloadPayload=1024 bytes}"
5g-sender,1783014544452632557,edge4av-real-20260702-multiclient-scalability-run-3,p5g-scale-mqtt-payload-1024-clients-50,scale,guided-planning,mqtt,veh-30,veh-30,rsu-1,p5g-scale-mqtt-payload-1024-clients-50-veh-30-770,ipi-session-1,multiclient-scalability-run-3,veh-30,770,50-clients,default,stationary,unsynced,true,true,clients,50,count,IPI-CooperativeService,1098,1783014544412625276,1783014479619695504,1783014479619762835,1783014544452632557,40.007,,0.067,64832.870,"CooperativeService{guidedPlanning, status=request, vehicleId=0x7665682d3330, requestedHorizonMs=2500, confidence=100, planning.waypoints=1, offloadTaskId=probe-770, offloadPayload=1024 bytes}"
5g-sender,1783014544702603058,edge4av-real-20260702-multiclient-scalability-run-3,p5g-scale-mqtt-payload-1024-clients-50,scale,guided-planning,mqtt,veh-30,veh-30,rsu-1,p5g-scale-mqtt-payload-1024-clients-50-veh-30-771,ipi-session-1,multiclient-scalability-run-3,veh-30,771,50-clients,default,stationary,unsynced,true,true,clients,50,count,IPI-CooperativeService,1098,1783014544652831117,1783014479858192133,1783014479858235021,1783014544702603058,49.772,,0.043,64844.368,"CooperativeService{guidedPlanning, status=request, vehicleId=0x7665682d3330, requestedHorizonMs=2500, confidence=100, planning.waypoints=1, offloadTaskId=probe-771, offloadPayload=1024 bytes}"
5g-sender,1783014544940469698,edge4av-real-20260702-multiclient-scalability-run-3,p5g-scale-mqtt-payload-1024-clients-50,scale,guided-planning,mqtt,veh-30,veh-30,rsu-1,p5g-scale-mqtt-payload-1024-clients-50-veh-30-772,ipi-session-1,multiclient-scalability-run-3,veh-30,772,50-clients,default,stationary,unsynced,true,true,clients,50,count,IPI-CooperativeService,1098,1783014544902760815,1783014480098906387,1783014480098957933,1783014544940469698,37.709,,0.052,64841.512,"CooperativeService{guidedPlanning, status=request, vehicleId=0x7665682d3330, requestedHorizonMs=2500, confidence=100, planning.waypoints=1, offloadTaskId=probe-772, offloadPayload=1024 bytes}"
5g-sender,1783014545176414974,edge4av-real-20260702-multiclient-scalability-run-3,p5g-scale-mqtt-payload-1024-clients-50,scale,guided-planning,mqtt,veh-30,veh-30,rsu-1,p5g-scale-mqtt-payload-1024-clients-50-veh-30-773,ipi-session-1,multiclient-scalability-run-3,veh-30,773,50-clients,default,stationary,unsynced,true,true,clients,50,count,IPI-CooperativeService,1098,1783014545140612208,1783014480338705491,1783014480338755199,1783014545176414974,35.803,,0.050,64837.660,"CooperativeService{guidedPlanning, status=request, vehicleId=0x7665682d3330, requestedHorizonMs=2500, confidence=100, planning.waypoints=1, offloadTaskId=probe-773, offloadPayload=1024 bytes}"
5g-sender,1783014545402575189,edge4av-real-20260702-multiclient-scalability-run-3,p5g-scale-mqtt-payload-1024-clients-50,scale,guided-planning,mqtt,veh-30,veh-30,rsu-1,p5g-scale-mqtt-payload-1024-clients-50-veh-30-774,ipi-session-1,multiclient-scalability-run-3,veh-30,774,50-clients,default,stationary,unsynced,true,true,clients,50,count,IPI-CooperativeService,1098,1783014545376556234,1783014480568921326,1783014480568972879,1783014545402575189,26.019,,0.052,64833.602,"CooperativeService{guidedPlanning, status=request, vehicleId=0x7665682d3330, requestedHorizonMs=2500, confidence=100, planning.waypoints=1, offloadTaskId=probe-774, offloadPayload=1024 bytes}"
5g-sender,1783014545642594185,edge4av-real-20260702-multiclient-scalability-run-3,p5g-scale-mqtt-payload-1024-clients-50,scale,guided-planning,mqtt,veh-30,veh-30,rsu-1,p5g-scale-mqtt-payload-1024-clients-50-veh-30-775,ipi-session-1,multiclient-scalability-run-3,veh-30,775,50-clients,default,stationary,unsynced,true,true,clients,50,count,IPI-CooperativeService,1098,1783014545602720972,1783014480801323783,1783014480801367035,1783014545642594185,39.873,,0.043,64841.227,"CooperativeService{guidedPlanning, status=request, vehicleId=0x7665682d3330, requestedHorizonMs=2500, confidence=100, planning.waypoints=1, offloadTaskId=probe-775, offloadPayload=1024 bytes}"
5g-sender,1783014545888695951,edge4av-real-20260702-multiclient-scalability-run-3,p5g-scale-mqtt-payload-1024-clients-50,scale,guided-planning,mqtt,veh-30,veh-30,rsu-1,p5g-scale-mqtt-payload-1024-clients-50-veh-30-776,ipi-session-1,multiclient-scalability-run-3,veh-30,776,50-clients,default,stationary,unsynced,true,true,clients,50,count,IPI-CooperativeService,1098,1783014545842740915,1783014481040892353,1783014481040949819,1783014545888695951,45.955,,0.057,64847.746,"CooperativeService{guidedPlanning, status=request, vehicleId=0x7665682d3330, requestedHorizonMs=2500, confidence=100, planning.waypoints=1, offloadTaskId=probe-776, offloadPayload=1024 bytes}"
5g-sender,1783014546130581713,edge4av-real-20260702-multiclient-scalability-run-3,p5g-scale-mqtt-payload-1024-clients-50,scale,guided-planning,mqtt,veh-30,veh-30,rsu-1,p5g-scale-mqtt-payload-1024-clients-50-veh-30-777,ipi-session-1,multiclient-scalability-run-3,veh-30,777,50-clients,default,stationary,unsynced,true,true,clients,50,count,IPI-CooperativeService,1098,1783014546088882325,1783014481291713421,1783014481291782958,1783014546130581713,41.699,,0.070,64838.799,"CooperativeService{guidedPlanning, status=request, vehicleId=0x7665682d3330, requestedHorizonMs=2500, confidence=100, planning.waypoints=1, offloadTaskId=probe-777, offloadPayload=1024 bytes}"
5g-sender,1783014546364654823,edge4av-real-20260702-multiclient-scalability-run-3,p5g-scale-mqtt-payload-1024-clients-50,scale,guided-planning,mqtt,veh-30,veh-30,rsu-1,p5g-scale-mqtt-payload-1024-clients-50-veh-30-778,ipi-session-1,multiclient-scalability-run-3,veh-30,778,50-clients,default,stationary,unsynced,true,true,clients,50,count,IPI-CooperativeService,1098,1783014546330726210,1783014481530827383,1783014481530879189,1783014546364654823,33.929,,0.052,64833.776,"CooperativeService{guidedPlanning, status=request, vehicleId=0x7665682d3330, requestedHorizonMs=2500, confidence=100, planning.waypoints=1, offloadTaskId=probe-778, offloadPayload=1024 bytes}"
5g-sender,1783014546612509244,edge4av-real-20260702-multiclient-scalability-run-3,p5g-scale-mqtt-payload-1024-clients-50,scale,guided-planning,mqtt,veh-30,veh-30,rsu-1,p5g-scale-mqtt-payload-1024-clients-50-veh-30-779,ipi-session-1,multiclient-scalability-run-3,veh-30,779,50-clients,default,stationary,unsynced,true,true,clients,50,count,IPI-CooperativeService,1098,1783014546564800329,1783014481771763225,1783014481771818979,1783014546612509244,47.709,,0.056,64840.690,"CooperativeService{guidedPlanning, status=request, vehicleId=0x7665682d3330, requestedHorizonMs=2500, confidence=100, planning.waypoints=1, offloadTaskId=probe-779, offloadPayload=1024 bytes}"
5g-sender,1783014546848642389,edge4av-real-20260702-multiclient-scalability-run-3,p5g-scale-mqtt-payload-1024-clients-50,scale,guided-planning,mqtt,veh-30,veh-30,rsu-1,p5g-scale-mqtt-payload-1024-clients-50-veh-30-780,ipi-session-1,multiclient-scalability-run-3,veh-30,780,50-clients,default,stationary,unsynced,true,true,clients,50,count,IPI-CooperativeService,1098,1783014546812654288,1783014482012313345,1783014482012364440,1783014546848642389,35.988,,0.051,64836.278,"CooperativeService{guidedPlanning, status=request, vehicleId=0x7665682d3330, requestedHorizonMs=2500, confidence=100, planning.waypoints=1, offloadTaskId=probe-780, offloadPayload=1024 bytes}"
5g-sender,1783014547076558160,edge4av-real-20260702-multiclient-scalability-run-3,p5g-scale-mqtt-payload-1024-clients-50,scale,guided-planning,mqtt,veh-30,veh-30,rsu-1,p5g-scale-mqtt-payload-1024-clients-50-veh-30-781,ipi-session-1,multiclient-scalability-run-3,veh-30,781,50-clients,default,stationary,unsynced,true,true,clients,50,count,IPI-CooperativeService,1098,1783014547048785172,1783014482242664315,1783014482242707435,1783014547076558160,27.773,,0.043,64833.851,"CooperativeService{guidedPlanning, status=request, vehicleId=0x7665682d3330, requestedHorizonMs=2500, confidence=100, planning.waypoints=1, offloadTaskId=probe-781, offloadPayload=1024 bytes}"
5g-sender,1783014547308626860,edge4av-real-20260702-multiclient-scalability-run-3,p5g-scale-mqtt-payload-1024-clients-50,scale,guided-planning,mqtt,veh-30,veh-30,rsu-1,p5g-scale-mqtt-payload-1024-clients-50-veh-30-782,ipi-session-1,multiclient-scalability-run-3,veh-30,782,50-clients,default,stationary,unsynced,true,true,clients,50,count,IPI-CooperativeService,1098,1783014547276704695,1783014482472451568,1783014482472502256,1783014547308626860,31.922,,0.051,64836.125,"CooperativeService{guidedPlanning, status=request, vehicleId=0x7665682d3330, requestedHorizonMs=2500, confidence=100, planning.waypoints=1, offloadTaskId=probe-782, offloadPayload=1024 bytes}"
5g-sender,1783014547538528325,edge4av-real-20260702-multiclient-scalability-run-3,p5g-scale-mqtt-payload-1024-clients-50,scale,guided-planning,mqtt,veh-30,veh-30,rsu-1,p5g-scale-mqtt-payload-1024-clients-50-veh-30-783,ipi-session-1,multiclient-scalability-run-3,veh-30,783,50-clients,default,stationary,unsynced,true,true,clients,50,count,IPI-CooperativeService,1098,1783014547508770977,1783014482703339573,1783014482703387382,1783014547538528325,29.757,,0.048,64835.141,"CooperativeService{guidedPlanning, status=request, vehicleId=0x7665682d3330, requestedHorizonMs=2500, confidence=100, planning.waypoints=1, offloadTaskId=probe-783, offloadPayload=1024 bytes}"
5g-sender,1783014547788805646,edge4av-real-20260702-multiclient-scalability-run-3,p5g-scale-mqtt-payload-1024-clients-50,scale,guided-planning,mqtt,veh-30,veh-30,rsu-1,p5g-scale-mqtt-payload-1024-clients-50-veh-30-784,ipi-session-1,multiclient-scalability-run-3,veh-30,784,50-clients,default,stationary,unsynced,true,true,clients,50,count,IPI-CooperativeService,1098,1783014547738715662,1783014482953202244,1783014482953253235,1783014547788805646,50.090,,0.051,64835.552,"CooperativeService{guidedPlanning, status=request, vehicleId=0x7665682d3330, requestedHorizonMs=2500, confidence=100, planning.waypoints=1, offloadTaskId=probe-784, offloadPayload=1024 bytes}"
5g-sender,1783014548048742886,edge4av-real-20260702-multiclient-scalability-run-3,p5g-scale-mqtt-payload-1024-clients-50,scale,guided-planning,mqtt,veh-30,veh-30,rsu-1,p5g-scale-mqtt-payload-1024-clients-50-veh-30-785,ipi-session-1,multiclient-scalability-run-3,veh-30,785,50-clients,default,stationary,unsynced,true,true,clients,50,count,IPI-CooperativeService,1098,1783014547988948589,1783014483205273457,1783014483205316116,1783014548048742886,59.794,,0.043,64843.427,"CooperativeService{guidedPlanning, status=request, vehicleId=0x7665682d3330, requestedHorizonMs=2500, confidence=100, planning.waypoints=1, offloadTaskId=probe-785, offloadPayload=1024 bytes}"
5g-sender,1783014548328423961,edge4av-real-20260702-multiclient-scalability-run-3,p5g-scale-mqtt-payload-1024-clients-50,scale,guided-planning,mqtt,veh-30,veh-30,rsu-1,p5g-scale-mqtt-payload-1024-clients-50-veh-30-786,ipi-session-1,multiclient-scalability-run-3,veh-30,786,50-clients,default,stationary,unsynced,true,true,clients,50,count,IPI-CooperativeService,1098,1783014548248892172,1783014483494075277,1783014483494125760,1783014548328423961,79.532,,0.050,64834.298,"CooperativeService{guidedPlanning, status=request, vehicleId=0x7665682d3330, requestedHorizonMs=2500, confidence=100, planning.waypoints=1, offloadTaskId=probe-786, offloadPayload=1024 bytes}"
5g-sender,1783014548604474461,edge4av-real-20260702-multiclient-scalability-run-3,p5g-scale-mqtt-payload-1024-clients-50,scale,guided-planning,mqtt,veh-30,veh-30,rsu-1,p5g-scale-mqtt-payload-1024-clients-50-veh-30-787,ipi-session-1,multiclient-scalability-run-3,veh-30,787,50-clients,default,stationary,unsynced,true,true,clients,50,count,IPI-CooperativeService,1098,1783014548528571283,1783014483764563518,1783014483764613967,1783014548604474461,75.903,,0.050,64839.860,"CooperativeService{guidedPlanning, status=request, vehicleId=0x7665682d3330, requestedHorizonMs=2500, confidence=100, planning.waypoints=1, offloadTaskId=probe-787, offloadPayload=1024 bytes}"
5g-sender,1783014548890521590,edge4av-real-20260702-multiclient-scalability-run-3,p5g-scale-mqtt-payload-1024-clients-50,scale,guided-planning,mqtt,veh-30,veh-30,rsu-1,p5g-scale-mqtt-payload-1024-clients-50-veh-30-788,ipi-session-1,multiclient-scalability-run-3,veh-30,788,50-clients,default,stationary,unsynced,true,true,clients,50,count,IPI-CooperativeService,1098,1783014548804624720,1783014484055158191,1783014484055201033,1783014548890521590,85.897,,0.043,64835.321,"CooperativeService{guidedPlanning, status=request, vehicleId=0x7665682d3330, requestedHorizonMs=2500, confidence=100, planning.waypoints=1, offloadTaskId=probe-788, offloadPayload=1024 bytes}"
5g-sender,1783014549178685895,edge4av-real-20260702-multiclient-scalability-run-3,p5g-scale-mqtt-payload-1024-clients-50,scale,guided-planning,mqtt,veh-30,veh-30,rsu-1,p5g-scale-mqtt-payload-1024-clients-50-veh-30-789,ipi-session-1,multiclient-scalability-run-3,veh-30,789,50-clients,default,stationary,unsynced,true,true,clients,50,count,IPI-CooperativeService,1098,1783014549090677313,1783014484336751578,1783014484336809730,1783014549178685895,88.009,,0.058,64841.876,"CooperativeService{guidedPlanning, status=request, vehicleId=0x7665682d3330, requestedHorizonMs=2500, confidence=100, planning.waypoints=1, offloadTaskId=probe-789, offloadPayload=1024 bytes}"
5g-sender,1783014549422678758,edge4av-real-20260702-multiclient-scalability-run-3,p5g-scale-mqtt-payload-1024-clients-50,scale,guided-planning,mqtt,veh-30,veh-30,rsu-1,p5g-scale-mqtt-payload-1024-clients-50-veh-30-790,ipi-session-1,multiclient-scalability-run-3,veh-30,790,50-clients,default,stationary,unsynced,true,true,clients,50,count,IPI-CooperativeService,1098,1783014549378878081,1783014484586781186,1783014484586831315,1783014549422678758,43.801,,0.050,64835.847,"CooperativeService{guidedPlanning, status=request, vehicleId=0x7665682d3330, requestedHorizonMs=2500, confidence=100, planning.waypoints=1, offloadTaskId=probe-790, offloadPayload=1024 bytes}"
5g-sender,1783014549684500488,edge4av-real-20260702-multiclient-scalability-run-3,p5g-scale-mqtt-payload-1024-clients-50,scale,guided-planning,mqtt,veh-30,veh-30,rsu-1,p5g-scale-mqtt-payload-1024-clients-50-veh-30-791,ipi-session-1,multiclient-scalability-run-3,veh-30,791,50-clients,default,stationary,unsynced,true,true,clients,50,count,IPI-CooperativeService,1098,1783014549622823951,1783014484847528963,1783014484847586140,1783014549684500488,61.677,,0.057,64836.914,"CooperativeService{guidedPlanning, status=request, vehicleId=0x7665682d3330, requestedHorizonMs=2500, confidence=100, planning.waypoints=1, offloadTaskId=probe-791, offloadPayload=1024 bytes}"
5g-sender,1783014549926582204,edge4av-real-20260702-multiclient-scalability-run-3,p5g-scale-mqtt-payload-1024-clients-50,scale,guided-planning,mqtt,veh-30,veh-30,rsu-1,p5g-scale-mqtt-payload-1024-clients-50-veh-30-792,ipi-session-1,multiclient-scalability-run-3,veh-30,792,50-clients,default,stationary,unsynced,true,true,clients,50,count,IPI-CooperativeService,1098,1783014549884646637,1783014485087084938,1783014485087136780,1783014549926582204,41.936,,0.052,64839.445,"CooperativeService{guidedPlanning, status=request, vehicleId=0x7665682d3330, requestedHorizonMs=2500, confidence=100, planning.waypoints=1, offloadTaskId=probe-792, offloadPayload=1024 bytes}"
5g-sender,1783014550154473964,edge4av-real-20260702-multiclient-scalability-run-3,p5g-scale-mqtt-payload-1024-clients-50,scale,guided-planning,mqtt,veh-30,veh-30,rsu-1,p5g-scale-mqtt-payload-1024-clients-50-veh-30-793,ipi-session-1,multiclient-scalability-run-3,veh-30,793,50-clients,default,stationary,unsynced,true,true,clients,50,count,IPI-CooperativeService,1098,1783014550126732417,1783014485317994633,1783014485318037763,1783014550154473964,27.742,,0.043,64836.436,"CooperativeService{guidedPlanning, status=request, vehicleId=0x7665682d3330, requestedHorizonMs=2500, confidence=100, planning.waypoints=1, offloadTaskId=probe-793, offloadPayload=1024 bytes}"
5g-sender,1783014550392567525,edge4av-real-20260702-multiclient-scalability-run-3,p5g-scale-mqtt-payload-1024-clients-50,scale,guided-planning,mqtt,veh-30,veh-30,rsu-1,p5g-scale-mqtt-payload-1024-clients-50-veh-30-794,ipi-session-1,multiclient-scalability-run-3,veh-30,794,50-clients,default,stationary,unsynced,true,true,clients,50,count,IPI-CooperativeService,1098,1783014550354648137,1783014485558125957,1783014485558176772,1783014550392567525,37.919,,0.051,64834.391,"CooperativeService{guidedPlanning, status=request, vehicleId=0x7665682d3330, requestedHorizonMs=2500, confidence=100, planning.waypoints=1, offloadTaskId=probe-794, offloadPayload=1024 bytes}"
5g-sender,1783014550626635907,edge4av-real-20260702-multiclient-scalability-run-3,p5g-scale-mqtt-payload-1024-clients-50,scale,guided-planning,mqtt,veh-30,veh-30,rsu-1,p5g-scale-mqtt-payload-1024-clients-50-veh-30-795,ipi-session-1,multiclient-scalability-run-3,veh-30,795,50-clients,default,stationary,unsynced,true,true,clients,50,count,IPI-CooperativeService,1098,1783014550592723538,1783014485791597614,1783014485791640484,1783014550626635907,33.912,,0.043,64834.995,"CooperativeService{guidedPlanning, status=request, vehicleId=0x7665682d3330, requestedHorizonMs=2500, confidence=100, planning.waypoints=1, offloadTaskId=probe-795, offloadPayload=1024 bytes}"
5g-sender,1783014550872556321,edge4av-real-20260702-multiclient-scalability-run-3,p5g-scale-mqtt-payload-1024-clients-50,scale,guided-planning,mqtt,veh-30,veh-30,rsu-1,p5g-scale-mqtt-payload-1024-clients-50-veh-30-796,ipi-session-1,multiclient-scalability-run-3,veh-30,796,50-clients,default,stationary,unsynced,true,true,clients,50,count,IPI-CooperativeService,1098,1783014550826819663,1783014486038916073,1783014486038970676,1783014550872556321,45.737,,0.055,64833.586,"CooperativeService{guidedPlanning, status=request, vehicleId=0x7665682d3330, requestedHorizonMs=2500, confidence=100, planning.waypoints=1, offloadTaskId=probe-796, offloadPayload=1024 bytes}"
5g-sender,1783014551108478392,edge4av-real-20260702-multiclient-scalability-run-3,p5g-scale-mqtt-payload-1024-clients-50,scale,guided-planning,mqtt,veh-30,veh-30,rsu-1,p5g-scale-mqtt-payload-1024-clients-50-veh-30-797,ipi-session-1,multiclient-scalability-run-3,veh-30,797,50-clients,default,stationary,unsynced,true,true,clients,50,count,IPI-CooperativeService,1098,1783014551072709707,1783014486269522510,1783014486269572425,1783014551108478392,35.769,,0.050,64838.906,"CooperativeService{guidedPlanning, status=request, vehicleId=0x7665682d3330, requestedHorizonMs=2500, confidence=100, planning.waypoints=1, offloadTaskId=probe-797, offloadPayload=1024 bytes}"
5g-sender,1783014551338664023,edge4av-real-20260702-multiclient-scalability-run-3,p5g-scale-mqtt-payload-1024-clients-50,scale,guided-planning,mqtt,veh-30,veh-30,rsu-1,p5g-scale-mqtt-payload-1024-clients-50-veh-30-798,ipi-session-1,multiclient-scalability-run-3,veh-30,798,50-clients,default,stationary,unsynced,true,true,clients,50,count,IPI-CooperativeService,1098,1783014551308625938,1783014486500238319,1783014486500281103,1783014551338664023,30.038,,0.043,64838.383,"CooperativeService{guidedPlanning, status=request, vehicleId=0x7665682d3330, requestedHorizonMs=2500, confidence=100, planning.waypoints=1, offloadTaskId=probe-798, offloadPayload=1024 bytes}"
5g-sender,1783014551574444245,edge4av-real-20260702-multiclient-scalability-run-3,p5g-scale-mqtt-payload-1024-clients-50,scale,guided-planning,mqtt,veh-30,veh-30,rsu-1,p5g-scale-mqtt-payload-1024-clients-50-veh-30-799,ipi-session-1,multiclient-scalability-run-3,veh-30,799,50-clients,default,stationary,unsynced,true,true,clients,50,count,IPI-CooperativeService,1098,1783014551538810255,1783014486740531676,1783014486740596452,1783014551574444245,35.634,,0.065,64833.848,"CooperativeService{guidedPlanning, status=request, vehicleId=0x7665682d3330, requestedHorizonMs=2500, confidence=100, planning.waypoints=1, offloadTaskId=probe-799, offloadPayload=1024 bytes}"
5g-sender,1783014551806632474,edge4av-real-20260702-multiclient-scalability-run-3,p5g-scale-mqtt-payload-1024-clients-50,scale,guided-planning,mqtt,veh-30,veh-30,rsu-1,p5g-scale-mqtt-payload-1024-clients-50-veh-30-800,ipi-session-1,multiclient-scalability-run-3,veh-30,800,50-clients,default,stationary,unsynced,true,true,clients,50,count,IPI-CooperativeService,1098,1783014551774594198,1783014486972003934,1783014486972057794,1783014551806632474,32.038,,0.054,64834.575,"CooperativeService{guidedPlanning, status=request, vehicleId=0x7665682d3330, requestedHorizonMs=2500, confidence=100, planning.waypoints=1, offloadTaskId=probe-800, offloadPayload=1024 bytes}"
5g-sender,1783014552048711803,edge4av-real-20260702-multiclient-scalability-run-3,p5g-scale-mqtt-payload-1024-clients-50,scale,guided-planning,mqtt,veh-30,veh-30,rsu-1,p5g-scale-mqtt-payload-1024-clients-50-veh-30-801,ipi-session-1,multiclient-scalability-run-3,veh-30,801,50-clients,default,stationary,unsynced,true,true,clients,50,count,IPI-CooperativeService,1098,1783014552006787006,1783014487212136888,1783014487212180028,1783014552048711803,41.925,,0.043,64836.532,"CooperativeService{guidedPlanning, status=request, vehicleId=0x7665682d3330, requestedHorizonMs=2500, confidence=100, planning.waypoints=1, offloadTaskId=probe-801, offloadPayload=1024 bytes}"
5g-sender,1783014552298448881,edge4av-real-20260702-multiclient-scalability-run-3,p5g-scale-mqtt-payload-1024-clients-50,scale,guided-planning,mqtt,veh-30,veh-30,rsu-1,p5g-scale-mqtt-payload-1024-clients-50-veh-30-802,ipi-session-1,multiclient-scalability-run-3,veh-30,802,50-clients,default,stationary,unsynced,true,true,clients,50,count,IPI-CooperativeService,1098,1783014552248899923,1783014487461079062,1783014487461141917,1783014552298448881,49.549,,0.063,64837.307,"CooperativeService{guidedPlanning, status=request, vehicleId=0x7665682d3330, requestedHorizonMs=2500, confidence=100, planning.waypoints=1, offloadTaskId=probe-802, offloadPayload=1024 bytes}"
5g-sender,1783014552536563978,edge4av-real-20260702-multiclient-scalability-run-3,p5g-scale-mqtt-payload-1024-clients-50,scale,guided-planning,mqtt,veh-30,veh-30,rsu-1,p5g-scale-mqtt-payload-1024-clients-50-veh-30-803,ipi-session-1,multiclient-scalability-run-3,veh-30,803,50-clients,default,stationary,unsynced,true,true,clients,50,count,IPI-CooperativeService,1098,1783014552498597663,1783014487703212365,1783014487703276871,1783014552536563978,37.966,,0.065,64833.287,"CooperativeService{guidedPlanning, status=request, vehicleId=0x7665682d3330, requestedHorizonMs=2500, confidence=100, planning.waypoints=1, offloadTaskId=probe-803, offloadPayload=1024 bytes}"
5g-sender,1783014552788584040,edge4av-real-20260702-multiclient-scalability-run-3,p5g-scale-mqtt-payload-1024-clients-50,scale,guided-planning,mqtt,veh-30,veh-30,rsu-1,p5g-scale-mqtt-payload-1024-clients-50-veh-30-804,ipi-session-1,multiclient-scalability-run-3,veh-30,804,50-clients,default,stationary,unsynced,true,true,clients,50,count,IPI-CooperativeService,1098,1783014552736712240,1783014487942087155,1783014487942134104,1783014552788584040,51.872,,0.047,64846.450,"CooperativeService{guidedPlanning, status=request, vehicleId=0x7665682d3330, requestedHorizonMs=2500, confidence=100, planning.waypoints=1, offloadTaskId=probe-804, offloadPayload=1024 bytes}"
5g-sender,1783014553020495315,edge4av-real-20260702-multiclient-scalability-run-3,p5g-scale-mqtt-payload-1024-clients-50,scale,guided-planning,mqtt,veh-30,veh-30,rsu-1,p5g-scale-mqtt-payload-1024-clients-50-veh-30-805,ipi-session-1,multiclient-scalability-run-3,veh-30,805,50-clients,default,stationary,unsynced,true,true,clients,50,count,IPI-CooperativeService,1098,1783014552988765019,1783014488182928504,1783014488182988083,1783014553020495315,31.730,,0.060,64837.507,"CooperativeService{guidedPlanning, status=request, vehicleId=0x7665682d3330, requestedHorizonMs=2500, confidence=100, planning.waypoints=1, offloadTaskId=probe-805, offloadPayload=1024 bytes}"
5g-sender,1783014553308672575,edge4av-real-20260702-multiclient-scalability-run-3,p5g-scale-mqtt-payload-1024-clients-50,scale,guided-planning,mqtt,veh-30,veh-30,rsu-1,p5g-scale-mqtt-payload-1024-clients-50-veh-30-806,ipi-session-1,multiclient-scalability-run-3,veh-30,806,50-clients,default,stationary,unsynced,true,true,clients,50,count,IPI-CooperativeService,1098,1783014553220642584,1783014488423444070,1783014488423487668,1783014553308672575,88.030,,0.044,64885.185,"CooperativeService{guidedPlanning, status=request, vehicleId=0x7665682d3330, requestedHorizonMs=2500, confidence=100, planning.waypoints=1, offloadTaskId=probe-806, offloadPayload=1024 bytes}"
5g-sender,1783014553550548593,edge4av-real-20260702-multiclient-scalability-run-3,p5g-scale-mqtt-payload-1024-clients-50,scale,guided-planning,mqtt,veh-30,veh-30,rsu-1,p5g-scale-mqtt-payload-1024-clients-50-veh-30-807,ipi-session-1,multiclient-scalability-run-3,veh-30,807,50-clients,default,stationary,unsynced,true,true,clients,50,count,IPI-CooperativeService,1098,1783014553508830041,1783014488713837235,1783014488713882492,1783014553550548593,41.719,,0.045,64836.666,"CooperativeService{guidedPlanning, status=request, vehicleId=0x7665682d3330, requestedHorizonMs=2500, confidence=100, planning.waypoints=1, offloadTaskId=probe-807, offloadPayload=1024 bytes}"
5g-sender,1783014553780729537,edge4av-real-20260702-multiclient-scalability-run-3,p5g-scale-mqtt-payload-1024-clients-50,scale,guided-planning,mqtt,veh-30,veh-30,rsu-1,p5g-scale-mqtt-payload-1024-clients-50-veh-30-808,ipi-session-1,multiclient-scalability-run-3,veh-30,808,50-clients,default,stationary,unsynced,true,true,clients,50,count,IPI-CooperativeService,1098,1783014553750747749,1783014488943819752,1783014488943887069,1783014553780729537,29.982,,0.067,64836.842,"CooperativeService{guidedPlanning, status=request, vehicleId=0x7665682d3330, requestedHorizonMs=2500, confidence=100, planning.waypoints=1, offloadTaskId=probe-808, offloadPayload=1024 bytes}"
5g-sender,1783014554028588227,edge4av-real-20260702-multiclient-scalability-run-3,p5g-scale-mqtt-payload-1024-clients-50,scale,guided-planning,mqtt,veh-30,veh-30,rsu-1,p5g-scale-mqtt-payload-1024-clients-50-veh-30-809,ipi-session-1,multiclient-scalability-run-3,veh-30,809,50-clients,default,stationary,unsynced,true,true,clients,50,count,IPI-CooperativeService,1098,1783014553980877235,1783014489194690199,1783014489194745267,1783014554028588227,47.711,,0.055,64833.843,"CooperativeService{guidedPlanning, status=request, vehicleId=0x7665682d3330, requestedHorizonMs=2500, confidence=100, planning.waypoints=1, offloadTaskId=probe-809, offloadPayload=1024 bytes}"
5g-sender,1783014554288585916,edge4av-real-20260702-multiclient-scalability-run-3,p5g-scale-mqtt-payload-1024-clients-50,scale,guided-planning,mqtt,veh-30,veh-30,rsu-1,p5g-scale-mqtt-payload-1024-clients-50-veh-30-810,ipi-session-1,multiclient-scalability-run-3,veh-30,810,50-clients,default,stationary,unsynced,true,true,clients,50,count,IPI-CooperativeService,1098,1783014554228737406,1783014489444823690,1783014489444877898,1783014554288585916,59.849,,0.054,64843.708,"CooperativeService{guidedPlanning, status=request, vehicleId=0x7665682d3330, requestedHorizonMs=2500, confidence=100, planning.waypoints=1, offloadTaskId=probe-810, offloadPayload=1024 bytes}"
5g-sender,1783014554532542265,edge4av-real-20260702-multiclient-scalability-run-3,p5g-scale-mqtt-payload-1024-clients-50,scale,guided-planning,mqtt,veh-30,veh-30,rsu-1,p5g-scale-mqtt-payload-1024-clients-50-veh-30-811,ipi-session-1,multiclient-scalability-run-3,veh-30,811,50-clients,default,stationary,unsynced,true,true,clients,50,count,IPI-CooperativeService,1098,1783014554488731651,1783014489696323305,1783014489696367546,1783014554532542265,43.811,,0.044,64836.175,"CooperativeService{guidedPlanning, status=request, vehicleId=0x7665682d3330, requestedHorizonMs=2500, confidence=100, planning.waypoints=1, offloadTaskId=probe-811, offloadPayload=1024 bytes}"
5g-sender,1783014554778687994,edge4av-real-20260702-multiclient-scalability-run-3,p5g-scale-mqtt-payload-1024-clients-50,scale,guided-planning,mqtt,veh-30,veh-30,rsu-1,p5g-scale-mqtt-payload-1024-clients-50-veh-30-812,ipi-session-1,multiclient-scalability-run-3,veh-30,812,50-clients,default,stationary,unsynced,true,true,clients,50,count,IPI-CooperativeService,1098,1783014554732689574,1783014489935550694,1783014489935572619,1783014554778687994,45.998,,0.022,64843.115,"CooperativeService{guidedPlanning, status=request, vehicleId=0x7665682d3330, requestedHorizonMs=2500, confidence=100, planning.waypoints=1, offloadTaskId=probe-812, offloadPayload=1024 bytes}"
5g-sender,1783014555012558059,edge4av-real-20260702-multiclient-scalability-run-3,p5g-scale-mqtt-payload-1024-clients-50,scale,guided-planning,mqtt,veh-30,veh-30,rsu-1,p5g-scale-mqtt-payload-1024-clients-50-veh-30-813,ipi-session-1,multiclient-scalability-run-3,veh-30,813,50-clients,default,stationary,unsynced,true,true,clients,50,count,IPI-CooperativeService,1098,1783014554978834609,1783014490176485304,1783014490176528398,1783014555012558059,33.723,,0.043,64836.030,"CooperativeService{guidedPlanning, status=request, vehicleId=0x7665682d3330, requestedHorizonMs=2500, confidence=100, planning.waypoints=1, offloadTaskId=probe-813, offloadPayload=1024 bytes}"
5g-sender,1783014555264578824,edge4av-real-20260702-multiclient-scalability-run-3,p5g-scale-mqtt-payload-1024-clients-50,scale,guided-planning,mqtt,veh-30,veh-30,rsu-1,p5g-scale-mqtt-payload-1024-clients-50-veh-30-814,ipi-session-1,multiclient-scalability-run-3,veh-30,814,50-clients,default,stationary,unsynced,true,true,clients,50,count,IPI-CooperativeService,1098,1783014555212745165,1783014490426225336,1783014490426297064,1783014555264578824,51.834,,0.072,64838.282,"CooperativeService{guidedPlanning, status=request, vehicleId=0x7665682d3330, requestedHorizonMs=2500, confidence=100, planning.waypoints=1, offloadTaskId=probe-814, offloadPayload=1024 bytes}"
5g-sender,1783014555504546620,edge4av-real-20260702-multiclient-scalability-run-3,p5g-scale-mqtt-payload-1024-clients-50,scale,guided-planning,mqtt,veh-30,veh-30,rsu-1,p5g-scale-mqtt-payload-1024-clients-50-veh-30-815,ipi-session-1,multiclient-scalability-run-3,veh-30,815,50-clients,default,stationary,unsynced,true,true,clients,50,count,IPI-CooperativeService,1098,1783014555464762423,1783014490667648358,1783014490667714251,1783014555504546620,39.784,,0.066,64836.832,"CooperativeService{guidedPlanning, status=request, vehicleId=0x7665682d3330, requestedHorizonMs=2500, confidence=100, planning.waypoints=1, offloadTaskId=probe-815, offloadPayload=1024 bytes}"
5g-sender,1783014555738613932,edge4av-real-20260702-multiclient-scalability-run-3,p5g-scale-mqtt-payload-1024-clients-50,scale,guided-planning,mqtt,veh-30,veh-30,rsu-1,p5g-scale-mqtt-payload-1024-clients-50-veh-30-816,ipi-session-1,multiclient-scalability-run-3,veh-30,816,50-clients,default,stationary,unsynced,true,true,clients,50,count,IPI-CooperativeService,1098,1783014555704723949,1783014490897622894,1783014490897673391,1783014555738613932,33.890,,0.050,64840.941,"CooperativeService{guidedPlanning, status=request, vehicleId=0x7665682d3330, requestedHorizonMs=2500, confidence=100, planning.waypoints=1, offloadTaskId=probe-816, offloadPayload=1024 bytes}"
5g-sender,1783014555972675529,edge4av-real-20260702-multiclient-scalability-run-3,p5g-scale-mqtt-payload-1024-clients-50,scale,guided-planning,mqtt,veh-30,veh-30,rsu-1,p5g-scale-mqtt-payload-1024-clients-50-veh-30-817,ipi-session-1,multiclient-scalability-run-3,veh-30,817,50-clients,default,stationary,unsynced,true,true,clients,50,count,IPI-CooperativeService,1098,1783014555938763090,1783014491128067021,1783014491128110449,1783014555972675529,33.912,,0.043,64844.565,"CooperativeService{guidedPlanning, status=request, vehicleId=0x7665682d3330, requestedHorizonMs=2500, confidence=100, planning.waypoints=1, offloadTaskId=probe-817, offloadPayload=1024 bytes}"
5g-sender,1783014556214614880,edge4av-real-20260702-multiclient-scalability-run-3,p5g-scale-mqtt-payload-1024-clients-50,scale,guided-planning,mqtt,veh-30,veh-30,rsu-1,p5g-scale-mqtt-payload-1024-clients-50-veh-30-818,ipi-session-1,multiclient-scalability-run-3,veh-30,818,50-clients,default,stationary,unsynced,true,true,clients,50,count,IPI-CooperativeService,1098,1783014556172822717,1783014491378408827,1783014491378452003,1783014556214614880,41.792,,0.043,64836.163,"CooperativeService{guidedPlanning, status=request, vehicleId=0x7665682d3330, requestedHorizonMs=2500, confidence=100, planning.waypoints=1, offloadTaskId=probe-818, offloadPayload=1024 bytes}"
5g-sender,1783014556456634918,edge4av-real-20260702-multiclient-scalability-run-3,p5g-scale-mqtt-payload-1024-clients-50,scale,guided-planning,mqtt,veh-30,veh-30,rsu-1,p5g-scale-mqtt-payload-1024-clients-50-veh-30-819,ipi-session-1,multiclient-scalability-run-3,veh-30,819,50-clients,default,stationary,unsynced,true,true,clients,50,count,IPI-CooperativeService,1098,1783014556414763591,1783014491619154279,1783014491619197436,1783014556456634918,41.871,,0.043,64837.437,"CooperativeService{guidedPlanning, status=request, vehicleId=0x7665682d3330, requestedHorizonMs=2500, confidence=100, planning.waypoints=1, offloadTaskId=probe-819, offloadPayload=1024 bytes}"
5g-sender,1783014556684762702,edge4av-real-20260702-multiclient-scalability-run-3,p5g-scale-mqtt-payload-1024-clients-50,scale,guided-planning,mqtt,veh-30,veh-30,rsu-1,p5g-scale-mqtt-payload-1024-clients-50-veh-30-820,ipi-session-1,multiclient-scalability-run-3,veh-30,820,50-clients,default,stationary,unsynced,true,true,clients,50,count,IPI-CooperativeService,1098,1783014556656824020,1783014491849508521,1783014491849551260,1783014556684762702,27.939,,0.043,64835.211,"CooperativeService{guidedPlanning, status=request, vehicleId=0x7665682d3330, requestedHorizonMs=2500, confidence=100, planning.waypoints=1, offloadTaskId=probe-820, offloadPayload=1024 bytes}"
5g-sender,1783014556916682404,edge4av-real-20260702-multiclient-scalability-run-3,p5g-scale-mqtt-payload-1024-clients-50,scale,guided-planning,mqtt,veh-30,veh-30,rsu-1,p5g-scale-mqtt-payload-1024-clients-50-veh-30-821,ipi-session-1,multiclient-scalability-run-3,veh-30,821,50-clients,default,stationary,unsynced,true,true,clients,50,count,IPI-CooperativeService,1098,1783014556884908567,1783014492079910943,1783014492079952975,1783014556916682404,31.774,,0.042,64836.729,"CooperativeService{guidedPlanning, status=request, vehicleId=0x7665682d3330, requestedHorizonMs=2500, confidence=100, planning.waypoints=1, offloadTaskId=probe-821, offloadPayload=1024 bytes}"
5g-sender,1783014557168539072,edge4av-real-20260702-multiclient-scalability-run-3,p5g-scale-mqtt-payload-1024-clients-50,scale,guided-planning,mqtt,veh-30,veh-30,rsu-1,p5g-scale-mqtt-payload-1024-clients-50-veh-30-822,ipi-session-1,multiclient-scalability-run-3,veh-30,822,50-clients,default,stationary,unsynced,true,true,clients,50,count,IPI-CooperativeService,1098,1783014557116828035,1783014492321437607,1783014492321480605,1783014557168539072,51.711,,0.043,64847.058,"CooperativeService{guidedPlanning, status=request, vehicleId=0x7665682d3330, requestedHorizonMs=2500, confidence=100, planning.waypoints=1, offloadTaskId=probe-822, offloadPayload=1024 bytes}"
5g-sender,1783014557400644245,edge4av-real-20260702-multiclient-scalability-run-3,p5g-scale-mqtt-payload-1024-clients-50,scale,guided-planning,mqtt,veh-30,veh-30,rsu-1,p5g-scale-mqtt-payload-1024-clients-50-veh-30-823,ipi-session-1,multiclient-scalability-run-3,veh-30,823,50-clients,default,stationary,unsynced,true,true,clients,50,count,IPI-CooperativeService,1098,1783014557368723848,1783014492560284576,1783014492560327465,1783014557400644245,31.920,,0.043,64840.317,"CooperativeService{guidedPlanning, status=request, vehicleId=0x7665682d3330, requestedHorizonMs=2500, confidence=100, planning.waypoints=1, offloadTaskId=probe-823, offloadPayload=1024 bytes}"
5g-sender,1783014557648512166,edge4av-real-20260702-multiclient-scalability-run-3,p5g-scale-mqtt-payload-1024-clients-50,scale,guided-planning,mqtt,veh-30,veh-30,rsu-1,p5g-scale-mqtt-payload-1024-clients-50-veh-30-824,ipi-session-1,multiclient-scalability-run-3,veh-30,824,50-clients,default,stationary,unsynced,true,true,clients,50,count,IPI-CooperativeService,1098,1783014557600795551,1783014492801726914,1783014492801769780,1783014557648512166,47.717,,0.043,64846.742,"CooperativeService{guidedPlanning, status=request, vehicleId=0x7665682d3330, requestedHorizonMs=2500, confidence=100, planning.waypoints=1, offloadTaskId=probe-824, offloadPayload=1024 bytes}"
5g-sender,1783014557910522988,edge4av-real-20260702-multiclient-scalability-run-3,p5g-scale-mqtt-payload-1024-clients-50,scale,guided-planning,mqtt,veh-30,veh-30,rsu-1,p5g-scale-mqtt-payload-1024-clients-50-veh-30-825,ipi-session-1,multiclient-scalability-run-3,veh-30,825,50-clients,default,stationary,unsynced,true,true,clients,50,count,IPI-CooperativeService,1098,1783014557848696830,1783014493071659885,1783014493071718021,1783014557910522988,61.826,,0.058,64838.805,"CooperativeService{guidedPlanning, status=request, vehicleId=0x7665682d3330, requestedHorizonMs=2500, confidence=100, planning.waypoints=1, offloadTaskId=probe-825, offloadPayload=1024 bytes}"
5g-sender,1783014558160512864,edge4av-real-20260702-multiclient-scalability-run-3,p5g-scale-mqtt-payload-1024-clients-50,scale,guided-planning,mqtt,veh-30,veh-30,rsu-1,p5g-scale-mqtt-payload-1024-clients-50-veh-30-826,ipi-session-1,multiclient-scalability-run-3,veh-30,826,50-clients,default,stationary,unsynced,true,true,clients,50,count,IPI-CooperativeService,1098,1783014558110670877,1783014493321690412,1783014493321733597,1783014558160512864,49.842,,0.043,64838.779,"CooperativeService{guidedPlanning, status=request, vehicleId=0x7665682d3330, requestedHorizonMs=2500, confidence=100, planning.waypoints=1, offloadTaskId=probe-826, offloadPayload=1024 bytes}"
5g-sender,1783014558408765334,edge4av-real-20260702-multiclient-scalability-run-3,p5g-scale-mqtt-payload-1024-clients-50,scale,guided-planning,mqtt,veh-30,veh-30,rsu-1,p5g-scale-mqtt-payload-1024-clients-50-veh-30-827,ipi-session-1,multiclient-scalability-run-3,veh-30,827,50-clients,default,stationary,unsynced,true,true,clients,50,count,IPI-CooperativeService,1098,1783014558360706486,1783014493561903101,1783014493561971151,1783014558408765334,48.059,,0.068,64846.794,"CooperativeService{guidedPlanning, status=request, vehicleId=0x7665682d3330, requestedHorizonMs=2500, confidence=100, planning.waypoints=1, offloadTaskId=probe-827, offloadPayload=1024 bytes}"
5g-sender,1783014558642564549,edge4av-real-20260702-multiclient-scalability-run-3,p5g-scale-mqtt-payload-1024-clients-50,scale,guided-planning,mqtt,veh-30,veh-30,rsu-1,p5g-scale-mqtt-payload-1024-clients-50-veh-30-828,ipi-session-1,multiclient-scalability-run-3,veh-30,828,50-clients,default,stationary,unsynced,true,true,clients,50,count,IPI-CooperativeService,1098,1783014558608914036,1783014493801634248,1783014493801685367,1783014558642564549,33.651,,0.051,64840.879,"CooperativeService{guidedPlanning, status=request, vehicleId=0x7665682d3330, requestedHorizonMs=2500, confidence=100, planning.waypoints=1, offloadTaskId=probe-828, offloadPayload=1024 bytes}"
5g-sender,1783014558880668945,edge4av-real-20260702-multiclient-scalability-run-3,p5g-scale-mqtt-payload-1024-clients-50,scale,guided-planning,mqtt,veh-30,veh-30,rsu-1,p5g-scale-mqtt-payload-1024-clients-50-veh-30-829,ipi-session-1,multiclient-scalability-run-3,veh-30,829,50-clients,default,stationary,unsynced,true,true,clients,50,count,IPI-CooperativeService,1098,1783014558842711294,1783014494043708338,1783014494043752047,1783014558880668945,37.958,,0.044,64836.917,"CooperativeService{guidedPlanning, status=request, vehicleId=0x7665682d3330, requestedHorizonMs=2500, confidence=100, planning.waypoints=1, offloadTaskId=probe-829, offloadPayload=1024 bytes}"
5g-sender,1783014559106678897,edge4av-real-20260702-multiclient-scalability-run-3,p5g-scale-mqtt-payload-1024-clients-50,scale,guided-planning,mqtt,veh-30,veh-30,rsu-1,p5g-scale-mqtt-payload-1024-clients-50-veh-30-830,ipi-session-1,multiclient-scalability-run-3,veh-30,830,50-clients,default,stationary,unsynced,true,true,clients,50,count,IPI-CooperativeService,1098,1783014559080817090,1783014494272785025,1783014494272828228,1783014559106678897,25.862,,0.043,64833.851,"CooperativeService{guidedPlanning, status=request, vehicleId=0x7665682d3330, requestedHorizonMs=2500, confidence=100, planning.waypoints=1, offloadTaskId=probe-830, offloadPayload=1024 bytes}"
5g-sender,1783014559348587167,edge4av-real-20260702-multiclient-scalability-run-3,p5g-scale-mqtt-payload-1024-clients-50,scale,guided-planning,mqtt,veh-30,veh-30,rsu-1,p5g-scale-mqtt-payload-1024-clients-50-veh-30-831,ipi-session-1,multiclient-scalability-run-3,veh-30,831,50-clients,default,stationary,unsynced,true,true,clients,50,count,IPI-CooperativeService,1098,1783014559306871512,1783014494515043355,1783014494515086405,1783014559348587167,41.716,,0.043,64833.501,"CooperativeService{guidedPlanning, status=request, vehicleId=0x7665682d3330, requestedHorizonMs=2500, confidence=100, planning.waypoints=1, offloadTaskId=probe-831, offloadPayload=1024 bytes}"
5g-sender,1783014559590650648,edge4av-real-20260702-multiclient-scalability-run-3,p5g-scale-mqtt-payload-1024-clients-50,scale,guided-planning,mqtt,veh-30,veh-30,rsu-1,p5g-scale-mqtt-payload-1024-clients-50-veh-30-832,ipi-session-1,multiclient-scalability-run-3,veh-30,832,50-clients,default,stationary,unsynced,true,true,clients,50,count,IPI-CooperativeService,1098,1783014559548773388,1783014494753911956,1783014494753955195,1783014559590650648,41.877,,0.043,64836.695,"CooperativeService{guidedPlanning, status=request, vehicleId=0x7665682d3330, requestedHorizonMs=2500, confidence=100, planning.waypoints=1, offloadTaskId=probe-832, offloadPayload=1024 bytes}"
5g-sender,1783014559830795159,edge4av-real-20260702-multiclient-scalability-run-3,p5g-scale-mqtt-payload-1024-clients-50,scale,guided-planning,mqtt,veh-30,veh-30,rsu-1,p5g-scale-mqtt-payload-1024-clients-50-veh-30-833,ipi-session-1,multiclient-scalability-run-3,veh-30,833,50-clients,default,stationary,unsynced,true,true,clients,50,count,IPI-CooperativeService,1098,1783014559790887137,1783014494996325296,1783014494996394554,1783014559830795159,39.908,,0.069,64834.401,"CooperativeService{guidedPlanning, status=request, vehicleId=0x7665682d3330, requestedHorizonMs=2500, confidence=100, planning.waypoints=1, offloadTaskId=probe-833, offloadPayload=1024 bytes}"
5g-sender,1783014560090576685,edge4av-real-20260702-multiclient-scalability-run-3,p5g-scale-mqtt-payload-1024-clients-50,scale,guided-planning,mqtt,veh-30,veh-30,rsu-1,p5g-scale-mqtt-payload-1024-clients-50-veh-30-834,ipi-session-1,multiclient-scalability-run-3,veh-30,834,50-clients,default,stationary,unsynced,true,true,clients,50,count,IPI-CooperativeService,1098,1783014560030943210,1783014495254359411,1783014495254425303,1783014560090576685,59.633,,0.066,64836.151,"CooperativeService{guidedPlanning, status=request, vehicleId=0x7665682d3330, requestedHorizonMs=2500, confidence=100, planning.waypoints=1, offloadTaskId=probe-834, offloadPayload=1024 bytes}"
5g-sender,1783014560368714594,edge4av-real-20260702-multiclient-scalability-run-3,p5g-scale-mqtt-payload-1024-clients-50,scale,guided-planning,mqtt,veh-30,veh-30,rsu-1,p5g-scale-mqtt-payload-1024-clients-50-veh-30-835,ipi-session-1,multiclient-scalability-run-3,veh-30,835,50-clients,default,stationary,unsynced,true,true,clients,50,count,IPI-CooperativeService,1098,1783014560290724026,1783014495525122794,1783014495525167085,1783014560368714594,77.991,,0.044,64843.548,"CooperativeService{guidedPlanning, status=request, vehicleId=0x7665682d3330, requestedHorizonMs=2500, confidence=100, planning.waypoints=1, offloadTaskId=probe-835, offloadPayload=1024 bytes}"
5g-sender,1783014560636547001,edge4av-real-20260702-multiclient-scalability-run-3,p5g-scale-mqtt-payload-1024-clients-50,scale,guided-planning,mqtt,veh-30,veh-30,rsu-1,p5g-scale-mqtt-payload-1024-clients-50-veh-30-836,ipi-session-1,multiclient-scalability-run-3,veh-30,836,50-clients,default,stationary,unsynced,true,true,clients,50,count,IPI-CooperativeService,1098,1783014560568859852,1783014495796789939,1783014495796857560,1783014560636547001,67.687,,0.068,64839.689,"CooperativeService{guidedPlanning, status=request, vehicleId=0x7665682d3330, requestedHorizonMs=2500, confidence=100, planning.waypoints=1, offloadTaskId=probe-836, offloadPayload=1024 bytes}"
5g-sender,1783014560912750134,edge4av-real-20260702-multiclient-scalability-run-3,p5g-scale-mqtt-payload-1024-clients-50,scale,guided-planning,mqtt,veh-30,veh-30,rsu-1,p5g-scale-mqtt-payload-1024-clients-50-veh-30-837,ipi-session-1,multiclient-scalability-run-3,veh-30,837,50-clients,default,stationary,unsynced,true,true,clients,50,count,IPI-CooperativeService,1098,1783014560836701109,1783014496076489024,1783014496076538848,1783014560912750134,76.049,,0.050,64836.211,"CooperativeService{guidedPlanning, status=request, vehicleId=0x7665682d3330, requestedHorizonMs=2500, confidence=100, planning.waypoints=1, offloadTaskId=probe-837, offloadPayload=1024 bytes}"
5g-sender,1783014561180547794,edge4av-real-20260702-multiclient-scalability-run-3,p5g-scale-mqtt-payload-1024-clients-50,scale,guided-planning,mqtt,veh-30,veh-30,rsu-1,p5g-scale-mqtt-payload-1024-clients-50-veh-30-838,ipi-session-1,multiclient-scalability-run-3,veh-30,838,50-clients,default,stationary,unsynced,true,true,clients,50,count,IPI-CooperativeService,1098,1783014561112896456,1783014496347367304,1783014496347409391,1783014561180547794,67.651,,0.042,64833.138,"CooperativeService{guidedPlanning, status=request, vehicleId=0x7665682d3330, requestedHorizonMs=2500, confidence=100, planning.waypoints=1, offloadTaskId=probe-838, offloadPayload=1024 bytes}"
5g-sender,1783014561420533890,edge4av-real-20260702-multiclient-scalability-run-3,p5g-scale-mqtt-payload-1024-clients-50,scale,guided-planning,mqtt,veh-30,veh-30,rsu-1,p5g-scale-mqtt-payload-1024-clients-50-veh-30-839,ipi-session-1,multiclient-scalability-run-3,veh-30,839,50-clients,default,stationary,unsynced,true,true,clients,50,count,IPI-CooperativeService,1098,1783014561380741509,1783014496586669943,1783014496586719912,1783014561420533890,39.792,,0.050,64833.814,"CooperativeService{guidedPlanning, status=request, vehicleId=0x7665682d3330, requestedHorizonMs=2500, confidence=100, planning.waypoints=1, offloadTaskId=probe-839, offloadPayload=1024 bytes}"
5g-sender,1783014561692565915,edge4av-real-20260702-multiclient-scalability-run-3,p5g-scale-mqtt-payload-1024-clients-50,scale,guided-planning,mqtt,veh-30,veh-30,rsu-1,p5g-scale-mqtt-payload-1024-clients-50-veh-30-840,ipi-session-1,multiclient-scalability-run-3,veh-30,840,50-clients,default,stationary,unsynced,true,true,clients,50,count,IPI-CooperativeService,1098,1783014561620685624,1783014496858714100,1783014496858771917,1783014561692565915,71.880,,0.058,64833.794,"CooperativeService{guidedPlanning, status=request, vehicleId=0x7665682d3330, requestedHorizonMs=2500, confidence=100, planning.waypoints=1, offloadTaskId=probe-840, offloadPayload=1024 bytes}"
5g-sender,1783014561922547725,edge4av-real-20260702-multiclient-scalability-run-3,p5g-scale-mqtt-payload-1024-clients-50,scale,guided-planning,mqtt,veh-30,veh-30,rsu-1,p5g-scale-mqtt-payload-1024-clients-50-veh-30-841,ipi-session-1,multiclient-scalability-run-3,veh-30,841,50-clients,default,stationary,unsynced,true,true,clients,50,count,IPI-CooperativeService,1098,1783014561892715169,1783014497087661949,1783014497087712777,1783014561922547725,29.833,,0.051,64834.835,"CooperativeService{guidedPlanning, status=request, vehicleId=0x7665682d3330, requestedHorizonMs=2500, confidence=100, planning.waypoints=1, offloadTaskId=probe-841, offloadPayload=1024 bytes}"
5g-sender,1783014562156791623,edge4av-real-20260702-multiclient-scalability-run-3,p5g-scale-mqtt-payload-1024-clients-50,scale,guided-planning,mqtt,veh-30,veh-30,rsu-1,p5g-scale-mqtt-payload-1024-clients-50-veh-30-842,ipi-session-1,multiclient-scalability-run-3,veh-30,842,50-clients,default,stationary,unsynced,true,true,clients,50,count,IPI-CooperativeService,1098,1783014562122697366,1783014497318142948,1783014497318194180,1783014562156791623,34.094,,0.051,64838.597,"CooperativeService{guidedPlanning, status=request, vehicleId=0x7665682d3330, requestedHorizonMs=2500, confidence=100, planning.waypoints=1, offloadTaskId=probe-842, offloadPayload=1024 bytes}"
5g-sender,1783014562386589698,edge4av-real-20260702-multiclient-scalability-run-3,p5g-scale-mqtt-payload-1024-clients-50,scale,guided-planning,mqtt,veh-30,veh-30,rsu-1,p5g-scale-mqtt-payload-1024-clients-50-veh-30-843,ipi-session-1,multiclient-scalability-run-3,veh-30,843,50-clients,default,stationary,unsynced,true,true,clients,50,count,IPI-CooperativeService,1098,1783014562356930354,1783014497548271695,1783014497548336971,1783014562386589698,29.659,,0.065,64838.253,"CooperativeService{guidedPlanning, status=request, vehicleId=0x7665682d3330, requestedHorizonMs=2500, confidence=100, planning.waypoints=1, offloadTaskId=probe-843, offloadPayload=1024 bytes}"
5g-sender,1783014562616606146,edge4av-real-20260702-multiclient-scalability-run-3,p5g-scale-mqtt-payload-1024-clients-50,scale,guided-planning,mqtt,veh-30,veh-30,rsu-1,p5g-scale-mqtt-payload-1024-clients-50-veh-30-844,ipi-session-1,multiclient-scalability-run-3,veh-30,844,50-clients,default,stationary,unsynced,true,true,clients,50,count,IPI-CooperativeService,1098,1783014562586731019,1783014497779676399,1783014497779720416,1783014562616606146,29.875,,0.044,64836.886,"CooperativeService{guidedPlanning, status=request, vehicleId=0x7665682d3330, requestedHorizonMs=2500, confidence=100, planning.waypoints=1, offloadTaskId=probe-844, offloadPayload=1024 bytes}"
5g-sender,1783014562842426586,edge4av-real-20260702-multiclient-scalability-run-3,p5g-scale-mqtt-payload-1024-clients-50,scale,guided-planning,mqtt,veh-30,veh-30,rsu-1,p5g-scale-mqtt-payload-1024-clients-50-veh-30-845,ipi-session-1,multiclient-scalability-run-3,veh-30,845,50-clients,default,stationary,unsynced,true,true,clients,50,count,IPI-CooperativeService,1098,1783014562816749157,1783014498008803137,1783014498008853917,1783014562842426586,25.677,,0.051,64833.573,"CooperativeService{guidedPlanning, status=request, vehicleId=0x7665682d3330, requestedHorizonMs=2500, confidence=100, planning.waypoints=1, offloadTaskId=probe-845, offloadPayload=1024 bytes}"
5g-sender,1783014563074539343,edge4av-real-20260702-multiclient-scalability-run-3,p5g-scale-mqtt-payload-1024-clients-50,scale,guided-planning,mqtt,veh-30,veh-30,rsu-1,p5g-scale-mqtt-payload-1024-clients-50-veh-30-846,ipi-session-1,multiclient-scalability-run-3,veh-30,846,50-clients,default,stationary,unsynced,true,true,clients,50,count,IPI-CooperativeService,1098,1783014563042539214,1783014498239062959,1783014498239106865,1783014563074539343,32.000,,0.044,64835.432,"CooperativeService{guidedPlanning, status=request, vehicleId=0x7665682d3330, requestedHorizonMs=2500, confidence=100, planning.waypoints=1, offloadTaskId=probe-846, offloadPayload=1024 bytes}"
5g-sender,1783014563308768247,edge4av-real-20260702-multiclient-scalability-run-3,p5g-scale-mqtt-payload-1024-clients-50,scale,guided-planning,mqtt,veh-30,veh-30,rsu-1,p5g-scale-mqtt-payload-1024-clients-50-veh-30-847,ipi-session-1,multiclient-scalability-run-3,veh-30,847,50-clients,default,stationary,unsynced,true,true,clients,50,count,IPI-CooperativeService,1098,1783014563274690123,1783014498470312455,1783014498470356090,1783014563308768247,34.078,,0.044,64838.412,"CooperativeService{guidedPlanning, status=request, vehicleId=0x7665682d3330, requestedHorizonMs=2500, confidence=100, planning.waypoints=1, offloadTaskId=probe-847, offloadPayload=1024 bytes}"
5g-sender,1783014563546677700,edge4av-real-20260702-multiclient-scalability-run-3,p5g-scale-mqtt-payload-1024-clients-50,scale,guided-planning,mqtt,veh-30,veh-30,rsu-1,p5g-scale-mqtt-payload-1024-clients-50-veh-30-848,ipi-session-1,multiclient-scalability-run-3,veh-30,848,50-clients,default,stationary,unsynced,true,true,clients,50,count,IPI-CooperativeService,1098,1783014563508915755,1783014498710942598,1783014498711012727,1783014563546677700,37.762,,0.070,64835.665,"CooperativeService{guidedPlanning, status=request, vehicleId=0x7665682d3330, requestedHorizonMs=2500, confidence=100, planning.waypoints=1, offloadTaskId=probe-848, offloadPayload=1024 bytes}"
5g-sender,1783014563786632011,edge4av-real-20260702-multiclient-scalability-run-3,p5g-scale-mqtt-payload-1024-clients-50,scale,guided-planning,mqtt,veh-30,veh-30,rsu-1,p5g-scale-mqtt-payload-1024-clients-50-veh-30-849,ipi-session-1,multiclient-scalability-run-3,veh-30,849,50-clients,default,stationary,unsynced,true,true,clients,50,count,IPI-CooperativeService,1098,1783014563746816601,1783014498950945374,1783014498950988433,1783014563786632011,39.815,,0.043,64835.644,"CooperativeService{guidedPlanning, status=request, vehicleId=0x7665682d3330, requestedHorizonMs=2500, confidence=100, planning.waypoints=1, offloadTaskId=probe-849, offloadPayload=1024 bytes}"
5g-sender,1783014564012600403,edge4av-real-20260702-multiclient-scalability-run-3,p5g-scale-mqtt-payload-1024-clients-50,scale,guided-planning,mqtt,veh-30,veh-30,rsu-1,p5g-scale-mqtt-payload-1024-clients-50-veh-30-850,ipi-session-1,multiclient-scalability-run-3,veh-30,850,50-clients,default,stationary,unsynced,true,true,clients,50,count,IPI-CooperativeService,1098,1783014563986728464,1783014499181065398,1783014499181118190,1783014564012600403,25.872,,0.053,64831.482,"CooperativeService{guidedPlanning, status=request, vehicleId=0x7665682d3330, requestedHorizonMs=2500, confidence=100, planning.waypoints=1, offloadTaskId=probe-850, offloadPayload=1024 bytes}"
5g-sender,1783014564248572326,edge4av-real-20260702-multiclient-scalability-run-3,p5g-scale-mqtt-payload-1024-clients-50,scale,guided-planning,mqtt,veh-30,veh-30,rsu-1,p5g-scale-mqtt-payload-1024-clients-50-veh-30-851,ipi-session-1,multiclient-scalability-run-3,veh-30,851,50-clients,default,stationary,unsynced,true,true,clients,50,count,IPI-CooperativeService,1098,1783014564212783813,1783014499412657401,1783014499412751142,1783014564248572326,35.789,,0.094,64835.821,"CooperativeService{guidedPlanning, status=request, vehicleId=0x7665682d3330, requestedHorizonMs=2500, confidence=100, planning.waypoints=1, offloadTaskId=probe-851, offloadPayload=1024 bytes}"
5g-sender,1783014564478718937,edge4av-real-20260702-multiclient-scalability-run-3,p5g-scale-mqtt-payload-1024-clients-50,scale,guided-planning,mqtt,veh-30,veh-30,rsu-1,p5g-scale-mqtt-payload-1024-clients-50-veh-30-852,ipi-session-1,multiclient-scalability-run-3,veh-30,852,50-clients,default,stationary,unsynced,true,true,clients,50,count,IPI-CooperativeService,1098,1783014564448722507,1783014499642119579,1783014499642165868,1783014564478718937,29.996,,0.046,64836.553,"CooperativeService{guidedPlanning, status=request, vehicleId=0x7665682d3330, requestedHorizonMs=2500, confidence=100, planning.waypoints=1, offloadTaskId=probe-852, offloadPayload=1024 bytes}"
5g-sender,1783014564708602308,edge4av-real-20260702-multiclient-scalability-run-3,p5g-scale-mqtt-payload-1024-clients-50,scale,guided-planning,mqtt,veh-30,veh-30,rsu-1,p5g-scale-mqtt-payload-1024-clients-50-veh-30-853,ipi-session-1,multiclient-scalability-run-3,veh-30,853,50-clients,default,stationary,unsynced,true,true,clients,50,count,IPI-CooperativeService,1098,1783014564678864737,1783014499872344705,1783014499872396169,1783014564708602308,29.738,,0.051,64836.206,"CooperativeService{guidedPlanning, status=request, vehicleId=0x7665682d3330, requestedHorizonMs=2500, confidence=100, planning.waypoints=1, offloadTaskId=probe-853, offloadPayload=1024 bytes}"
5g-sender,1783014564928606110,edge4av-real-20260702-multiclient-scalability-run-3,p5g-scale-mqtt-payload-1024-clients-50,scale,guided-planning,mqtt,veh-30,veh-30,rsu-1,p5g-scale-mqtt-payload-1024-clients-50-veh-30-854,ipi-session-1,multiclient-scalability-run-3,veh-30,854,50-clients,default,stationary,unsynced,true,true,clients,50,count,IPI-CooperativeService,1098,1783014564908693596,1783014500092619644,1783014500092694404,1783014564928606110,19.913,,0.075,64835.912,"CooperativeService{guidedPlanning, status=request, vehicleId=0x7665682d3330, requestedHorizonMs=2500, confidence=100, planning.waypoints=1, offloadTaskId=probe-854, offloadPayload=1024 bytes}"
5g-sender,1783014565168746520,edge4av-real-20260702-multiclient-scalability-run-3,p5g-scale-mqtt-payload-1024-clients-50,scale,guided-planning,mqtt,veh-30,veh-30,rsu-1,p5g-scale-mqtt-payload-1024-clients-50-veh-30-855,ipi-session-1,multiclient-scalability-run-3,veh-30,855,50-clients,default,stationary,unsynced,true,true,clients,50,count,IPI-CooperativeService,1098,1783014565128697381,1783014500324263218,1783014500324336818,1783014565168746520,40.049,,0.074,64844.410,"CooperativeService{guidedPlanning, status=request, vehicleId=0x7665682d3330, requestedHorizonMs=2500, confidence=100, planning.waypoints=1, offloadTaskId=probe-855, offloadPayload=1024 bytes}"
5g-sender,1783014565408621833,edge4av-real-20260702-multiclient-scalability-run-3,p5g-scale-mqtt-payload-1024-clients-50,scale,guided-planning,mqtt,veh-30,veh-30,rsu-1,p5g-scale-mqtt-payload-1024-clients-50-veh-30-856,ipi-session-1,multiclient-scalability-run-3,veh-30,856,50-clients,default,stationary,unsynced,true,true,clients,50,count,IPI-CooperativeService,1098,1783014565368837306,1783014500564037159,1783014500564080375,1783014565408621833,39.785,,0.043,64844.541,"CooperativeService{guidedPlanning, status=request, vehicleId=0x7665682d3330, requestedHorizonMs=2500, confidence=100, planning.waypoints=1, offloadTaskId=probe-856, offloadPayload=1024 bytes}"
5g-sender,1783014565648569571,edge4av-real-20260702-multiclient-scalability-run-3,p5g-scale-mqtt-payload-1024-clients-50,scale,guided-planning,mqtt,veh-30,veh-30,rsu-1,p5g-scale-mqtt-payload-1024-clients-50-veh-30-857,ipi-session-1,multiclient-scalability-run-3,veh-30,857,50-clients,default,stationary,unsynced,true,true,clients,50,count,IPI-CooperativeService,1098,1783014565608804984,1783014500804462663,1783014500804527929,1783014565648569571,39.765,,0.065,64844.042,"CooperativeService{guidedPlanning, status=request, vehicleId=0x7665682d3330, requestedHorizonMs=2500, confidence=100, planning.waypoints=1, offloadTaskId=probe-857, offloadPayload=1024 bytes}"
5g-sender,1783014565872604058,edge4av-real-20260702-multiclient-scalability-run-3,p5g-scale-mqtt-payload-1024-clients-50,scale,guided-planning,mqtt,veh-30,veh-30,rsu-1,p5g-scale-mqtt-payload-1024-clients-50-veh-30-858,ipi-session-1,multiclient-scalability-run-3,veh-30,858,50-clients,default,stationary,unsynced,true,true,clients,50,count,IPI-CooperativeService,1098,1783014565848662145,1783014501034116750,1783014501034159835,1783014565872604058,23.942,,0.043,64838.444,"CooperativeService{guidedPlanning, status=request, vehicleId=0x7665682d3330, requestedHorizonMs=2500, confidence=100, planning.waypoints=1, offloadTaskId=probe-858, offloadPayload=1024 bytes}"
5g-sender,1783014566102631434,edge4av-real-20260702-multiclient-scalability-run-3,p5g-scale-mqtt-payload-1024-clients-50,scale,guided-planning,mqtt,veh-30,veh-30,rsu-1,p5g-scale-mqtt-payload-1024-clients-50-veh-30-859,ipi-session-1,multiclient-scalability-run-3,veh-30,859,50-clients,default,stationary,unsynced,true,true,clients,50,count,IPI-CooperativeService,1098,1783014566072697696,1783014501265070384,1783014501265120656,1783014566102631434,29.934,,0.050,64837.511,"CooperativeService{guidedPlanning, status=request, vehicleId=0x7665682d3330, requestedHorizonMs=2500, confidence=100, planning.waypoints=1, offloadTaskId=probe-859, offloadPayload=1024 bytes}"
5g-sender,1783014566340693962,edge4av-real-20260702-multiclient-scalability-run-3,p5g-scale-mqtt-payload-1024-clients-50,scale,guided-planning,mqtt,veh-30,veh-30,rsu-1,p5g-scale-mqtt-payload-1024-clients-50-veh-30-860,ipi-session-1,multiclient-scalability-run-3,veh-30,860,50-clients,default,stationary,unsynced,true,true,clients,50,count,IPI-CooperativeService,1098,1783014566302786372,1783014501505206216,1783014501505249448,1783014566340693962,37.908,,0.043,64835.445,"CooperativeService{guidedPlanning, status=request, vehicleId=0x7665682d3330, requestedHorizonMs=2500, confidence=100, planning.waypoints=1, offloadTaskId=probe-860, offloadPayload=1024 bytes}"
5g-sender,1783014566582604938,edge4av-real-20260702-multiclient-scalability-run-3,p5g-scale-mqtt-payload-1024-clients-50,scale,guided-planning,mqtt,veh-30,veh-30,rsu-1,p5g-scale-mqtt-payload-1024-clients-50-veh-30-861,ipi-session-1,multiclient-scalability-run-3,veh-30,861,50-clients,default,stationary,unsynced,true,true,clients,50,count,IPI-CooperativeService,1098,1783014566540833256,1783014501746585842,1783014501746628438,1783014566582604938,41.772,,0.043,64835.976,"CooperativeService{guidedPlanning, status=request, vehicleId=0x7665682d3330, requestedHorizonMs=2500, confidence=100, planning.waypoints=1, offloadTaskId=probe-861, offloadPayload=1024 bytes}"
5g-sender,1783014566810754247,edge4av-real-20260702-multiclient-scalability-run-3,p5g-scale-mqtt-payload-1024-clients-50,scale,guided-planning,mqtt,veh-30,veh-30,rsu-1,p5g-scale-mqtt-payload-1024-clients-50-veh-30-862,ipi-session-1,multiclient-scalability-run-3,veh-30,862,50-clients,default,stationary,unsynced,true,true,clients,50,count,IPI-CooperativeService,1098,1783014566782760555,1783014501975896285,1783014501975939414,1783014566810754247,27.994,,0.043,64834.815,"CooperativeService{guidedPlanning, status=request, vehicleId=0x7665682d3330, requestedHorizonMs=2500, confidence=100, planning.waypoints=1, offloadTaskId=probe-862, offloadPayload=1024 bytes}"
5g-sender,1783014567052661489,edge4av-real-20260702-multiclient-scalability-run-3,p5g-scale-mqtt-payload-1024-clients-50,scale,guided-planning,mqtt,veh-30,veh-30,rsu-1,p5g-scale-mqtt-payload-1024-clients-50-veh-30-863,ipi-session-1,multiclient-scalability-run-3,veh-30,863,50-clients,default,stationary,unsynced,true,true,clients,50,count,IPI-CooperativeService,1098,1783014567010933488,1783014502216497942,1783014502216550057,1783014567052661489,41.728,,0.052,64836.111,"CooperativeService{guidedPlanning, status=request, vehicleId=0x7665682d3330, requestedHorizonMs=2500, confidence=100, planning.waypoints=1, offloadTaskId=probe-863, offloadPayload=1024 bytes}"
5g-sender,1783014567302580905,edge4av-real-20260702-multiclient-scalability-run-3,p5g-scale-mqtt-payload-1024-clients-50,scale,guided-planning,mqtt,veh-30,veh-30,rsu-1,p5g-scale-mqtt-payload-1024-clients-50-veh-30-864,ipi-session-1,multiclient-scalability-run-3,veh-30,864,50-clients,default,stationary,unsynced,true,true,clients,50,count,IPI-CooperativeService,1098,1783014567252879447,1783014502457274541,1783014502457325066,1783014567302580905,49.701,,0.051,64845.256,"CooperativeService{guidedPlanning, status=request, vehicleId=0x7665682d3330, requestedHorizonMs=2500, confidence=100, planning.waypoints=1, offloadTaskId=probe-864, offloadPayload=1024 bytes}"
5g-sender,1783014567530691201,edge4av-real-20260702-multiclient-scalability-run-3,p5g-scale-mqtt-payload-1024-clients-50,scale,guided-planning,mqtt,veh-30,veh-30,rsu-1,p5g-scale-mqtt-payload-1024-clients-50-veh-30-865,ipi-session-1,multiclient-scalability-run-3,veh-30,865,50-clients,default,stationary,unsynced,true,true,clients,50,count,IPI-CooperativeService,1098,1783014567502729535,1783014502696959156,1783014502697024901,1783014567530691201,27.962,,0.066,64833.666,"CooperativeService{guidedPlanning, status=request, vehicleId=0x7665682d3330, requestedHorizonMs=2500, confidence=100, planning.waypoints=1, offloadTaskId=probe-865, offloadPayload=1024 bytes}"
5g-sender,1783014567752642798,edge4av-real-20260702-multiclient-scalability-run-3,p5g-scale-mqtt-payload-1024-clients-50,scale,guided-planning,mqtt,veh-30,veh-30,rsu-1,p5g-scale-mqtt-payload-1024-clients-50-veh-30-866,ipi-session-1,multiclient-scalability-run-3,veh-30,866,50-clients,default,stationary,unsynced,true,true,clients,50,count,IPI-CooperativeService,1098,1783014567730847168,1783014502917279376,1783014502917323475,1783014567752642798,21.796,,0.044,64835.319,"CooperativeService{guidedPlanning, status=request, vehicleId=0x7665682d3330, requestedHorizonMs=2500, confidence=100, planning.waypoints=1, offloadTaskId=probe-866, offloadPayload=1024 bytes}"
5g-sender,1783014568002580622,edge4av-real-20260702-multiclient-scalability-run-3,p5g-scale-mqtt-payload-1024-clients-50,scale,guided-planning,mqtt,veh-30,veh-30,rsu-1,p5g-scale-mqtt-payload-1024-clients-50-veh-30-867,ipi-session-1,multiclient-scalability-run-3,veh-30,867,50-clients,default,stationary,unsynced,true,true,clients,50,count,IPI-CooperativeService,1098,1783014567952826666,1783014503158503185,1783014503158547472,1783014568002580622,49.754,,0.044,64844.033,"CooperativeService{guidedPlanning, status=request, vehicleId=0x7665682d3330, requestedHorizonMs=2500, confidence=100, planning.waypoints=1, offloadTaskId=probe-867, offloadPayload=1024 bytes}"
5g-sender,1783014568240090517,edge4av-real-20260702-multiclient-scalability-run-3,p5g-scale-mqtt-payload-1024-clients-50,scale,guided-planning,mqtt,veh-30,veh-30,rsu-1,p5g-scale-mqtt-payload-1024-clients-50-veh-30-868,ipi-session-1,multiclient-scalability-run-3,veh-30,868,50-clients,default,stationary,unsynced,true,true,clients,50,count,IPI-CooperativeService,1098,1783014568202763563,1783014503399000037,1783014503399042303,1783014568240090517,37.327,,0.042,64841.048,"CooperativeService{guidedPlanning, status=request, vehicleId=0x7665682d3330, requestedHorizonMs=2500, confidence=100, planning.waypoints=1, offloadTaskId=probe-868, offloadPayload=1024 bytes}"
5g-sender,1783014568482877451,edge4av-real-20260702-multiclient-scalability-run-3,p5g-scale-mqtt-payload-1024-clients-50,scale,guided-planning,mqtt,veh-30,veh-30,rsu-1,p5g-scale-mqtt-payload-1024-clients-50-veh-30-869,ipi-session-1,multiclient-scalability-run-3,veh-30,869,50-clients,default,stationary,unsynced,true,true,clients,50,count,IPI-CooperativeService,1098,1783014568440244714,1783014503640532220,1783014503640588900,1783014568482877451,42.633,,0.057,64842.289,"CooperativeService{guidedPlanning, status=request, vehicleId=0x7665682d3330, requestedHorizonMs=2500, confidence=100, planning.waypoints=1, offloadTaskId=probe-869, offloadPayload=1024 bytes}"
5g-sender,1783014568714687969,edge4av-real-20260702-multiclient-scalability-run-3,p5g-scale-mqtt-payload-1024-clients-50,scale,guided-planning,mqtt,veh-30,veh-30,rsu-1,p5g-scale-mqtt-payload-1024-clients-50-veh-30-870,ipi-session-1,multiclient-scalability-run-3,veh-30,870,50-clients,default,stationary,unsynced,true,true,clients,50,count,IPI-CooperativeService,1098,1783014568683066705,1783014503879137084,1783014503879167516,1783014568714687969,31.621,,0.030,64835.520,"CooperativeService{guidedPlanning, status=request, vehicleId=0x7665682d3330, requestedHorizonMs=2500, confidence=100, planning.waypoints=1, offloadTaskId=probe-870, offloadPayload=1024 bytes}"
5g-sender,1783014568946821867,edge4av-real-20260702-multiclient-scalability-run-3,p5g-scale-mqtt-payload-1024-clients-50,scale,guided-planning,mqtt,veh-30,veh-30,rsu-1,p5g-scale-mqtt-payload-1024-clients-50-veh-30-871,ipi-session-1,multiclient-scalability-run-3,veh-30,871,50-clients,default,stationary,unsynced,true,true,clients,50,count,IPI-CooperativeService,1098,1783014568914833929,1783014504110657412,1783014504110699598,1783014568946821867,31.988,,0.042,64836.122,"CooperativeService{guidedPlanning, status=request, vehicleId=0x7665682d3330, requestedHorizonMs=2500, confidence=100, planning.waypoints=1, offloadTaskId=probe-871, offloadPayload=1024 bytes}"
5g-sender,1783014569176632901,edge4av-real-20260702-multiclient-scalability-run-3,p5g-scale-mqtt-payload-1024-clients-50,scale,guided-planning,mqtt,veh-30,veh-30,rsu-1,p5g-scale-mqtt-payload-1024-clients-50-veh-30-872,ipi-session-1,multiclient-scalability-run-3,veh-30,872,50-clients,default,stationary,unsynced,true,true,clients,50,count,IPI-CooperativeService,1098,1783014569146967334,1783014504340748641,1783014504340791162,1783014569176632901,29.666,,0.043,64835.842,"CooperativeService{guidedPlanning, status=request, vehicleId=0x7665682d3330, requestedHorizonMs=2500, confidence=100, planning.waypoints=1, offloadTaskId=probe-872, offloadPayload=1024 bytes}"
5g-sender,1783014569414672985,edge4av-real-20260702-multiclient-scalability-run-3,p5g-scale-mqtt-payload-1024-clients-50,scale,guided-planning,mqtt,veh-30,veh-30,rsu-1,p5g-scale-mqtt-payload-1024-clients-50-veh-30-873,ipi-session-1,multiclient-scalability-run-3,veh-30,873,50-clients,default,stationary,unsynced,true,true,clients,50,count,IPI-CooperativeService,1098,1783014569376776508,1783014504580515211,1783014504580566020,1783014569414672985,37.896,,0.051,64834.107,"CooperativeService{guidedPlanning, status=request, vehicleId=0x7665682d3330, requestedHorizonMs=2500, confidence=100, planning.waypoints=1, offloadTaskId=probe-873, offloadPayload=1024 bytes}"
5g-sender,1783014569652730702,edge4av-real-20260702-multiclient-scalability-run-3,p5g-scale-mqtt-payload-1024-clients-50,scale,guided-planning,mqtt,veh-30,veh-30,rsu-1,p5g-scale-mqtt-payload-1024-clients-50-veh-30-874,ipi-session-1,multiclient-scalability-run-3,veh-30,874,50-clients,default,stationary,unsynced,true,true,clients,50,count,IPI-CooperativeService,1098,1783014569614818228,1783014504820806343,1783014504820874246,1783014569652730702,37.912,,0.068,64831.856,"CooperativeService{guidedPlanning, status=request, vehicleId=0x7665682d3330, requestedHorizonMs=2500, confidence=100, planning.waypoints=1, offloadTaskId=probe-874, offloadPayload=1024 bytes}"
5g-sender,1783014569886632903,edge4av-real-20260702-multiclient-scalability-run-3,p5g-scale-mqtt-payload-1024-clients-50,scale,guided-planning,mqtt,veh-30,veh-30,rsu-1,p5g-scale-mqtt-payload-1024-clients-50-veh-30-875,ipi-session-1,multiclient-scalability-run-3,veh-30,875,50-clients,default,stationary,unsynced,true,true,clients,50,count,IPI-CooperativeService,1098,1783014569852876416,1783014505052656941,1783014505052732644,1783014569886632903,33.756,,0.076,64833.900,"CooperativeService{guidedPlanning, status=request, vehicleId=0x7665682d3330, requestedHorizonMs=2500, confidence=100, planning.waypoints=1, offloadTaskId=probe-875, offloadPayload=1024 bytes}"
5g-sender,1783014570128747550,edge4av-real-20260702-multiclient-scalability-run-3,p5g-scale-mqtt-payload-1024-clients-50,scale,guided-planning,mqtt,veh-30,veh-30,rsu-1,p5g-scale-mqtt-payload-1024-clients-50-veh-30-876,ipi-session-1,multiclient-scalability-run-3,veh-30,876,50-clients,default,stationary,unsynced,true,true,clients,50,count,IPI-CooperativeService,1098,1783014570086815909,1783014505292704947,1783014505292747724,1783014570128747550,41.932,,0.043,64836.000,"CooperativeService{guidedPlanning, status=request, vehicleId=0x7665682d3330, requestedHorizonMs=2500, confidence=100, planning.waypoints=1, offloadTaskId=probe-876, offloadPayload=1024 bytes}"
5g-sender,1783014570380725670,edge4av-real-20260702-multiclient-scalability-run-3,p5g-scale-mqtt-payload-1024-clients-50,scale,guided-planning,mqtt,veh-30,veh-30,rsu-1,p5g-scale-mqtt-payload-1024-clients-50-veh-30-877,ipi-session-1,multiclient-scalability-run-3,veh-30,877,50-clients,default,stationary,unsynced,true,true,clients,50,count,IPI-CooperativeService,1098,1783014570328930562,1783014505543499972,1783014505543557700,1783014570380725670,51.795,,0.058,64837.168,"CooperativeService{guidedPlanning, status=request, vehicleId=0x7665682d3330, requestedHorizonMs=2500, confidence=100, planning.waypoints=1, offloadTaskId=probe-877, offloadPayload=1024 bytes}"
5g-sender,1783014570619180578,edge4av-real-20260702-multiclient-scalability-run-3,p5g-scale-mqtt-payload-1024-clients-50,scale,guided-planning,mqtt,veh-30,veh-30,rsu-1,p5g-scale-mqtt-payload-1024-clients-50-veh-30-878,ipi-session-1,multiclient-scalability-run-3,veh-30,878,50-clients,default,stationary,unsynced,true,true,clients,50,count,IPI-CooperativeService,1098,1783014570580905331,1783014505782694588,1783014505782737509,1783014570619180578,38.275,,0.043,64836.443,"CooperativeService{guidedPlanning, status=request, vehicleId=0x7665682d3330, requestedHorizonMs=2500, confidence=100, planning.waypoints=1, offloadTaskId=probe-878, offloadPayload=1024 bytes}"
5g-sender,1783014570868600016,edge4av-real-20260702-multiclient-scalability-run-3,p5g-scale-mqtt-payload-1024-clients-50,scale,guided-planning,mqtt,veh-30,veh-30,rsu-1,p5g-scale-mqtt-payload-1024-clients-50-veh-30-879,ipi-session-1,multiclient-scalability-run-3,veh-30,879,50-clients,default,stationary,unsynced,true,true,clients,50,count,IPI-CooperativeService,1098,1783014570819364972,1783014506023398487,1783014506023443841,1783014570868600016,49.235,,0.045,64845.156,"CooperativeService{guidedPlanning, status=request, vehicleId=0x7665682d3330, requestedHorizonMs=2500, confidence=100, planning.waypoints=1, offloadTaskId=probe-879, offloadPayload=1024 bytes}"
5g-sender,1783014571100711867,edge4av-real-20260702-multiclient-scalability-run-3,p5g-scale-mqtt-payload-1024-clients-50,scale,guided-planning,mqtt,veh-30,veh-30,rsu-1,p5g-scale-mqtt-payload-1024-clients-50-veh-30-880,ipi-session-1,multiclient-scalability-run-3,veh-30,880,50-clients,default,stationary,unsynced,true,true,clients,50,count,IPI-CooperativeService,1098,1783014571068786986,1783014506264709127,1783014506264751691,1783014571100711867,31.925,,0.043,64835.960,"CooperativeService{guidedPlanning, status=request, vehicleId=0x7665682d3330, requestedHorizonMs=2500, confidence=100, planning.waypoints=1, offloadTaskId=probe-880, offloadPayload=1024 bytes}"
5g-sender,1783014571342582800,edge4av-real-20260702-multiclient-scalability-run-3,p5g-scale-mqtt-payload-1024-clients-50,scale,guided-planning,mqtt,veh-30,veh-30,rsu-1,p5g-scale-mqtt-payload-1024-clients-50-veh-30-881,ipi-session-1,multiclient-scalability-run-3,veh-30,881,50-clients,default,stationary,unsynced,true,true,clients,50,count,IPI-CooperativeService,1098,1783014571300893353,1783014506503504506,1783014506503547664,1783014571342582800,41.689,,0.043,64839.035,"CooperativeService{guidedPlanning, status=request, vehicleId=0x7665682d3330, requestedHorizonMs=2500, confidence=100, planning.waypoints=1, offloadTaskId=probe-881, offloadPayload=1024 bytes}"
5g-sender,1783014571580711822,edge4av-real-20260702-multiclient-scalability-run-3,p5g-scale-mqtt-payload-1024-clients-50,scale,guided-planning,mqtt,veh-30,veh-30,rsu-1,p5g-scale-mqtt-payload-1024-clients-50-veh-30-882,ipi-session-1,multiclient-scalability-run-3,veh-30,882,50-clients,default,stationary,unsynced,true,true,clients,50,count,IPI-CooperativeService,1098,1783014571542766587,1783014506744614775,1783014506744693878,1783014571580711822,37.945,,0.079,64836.018,"CooperativeService{guidedPlanning, status=request, vehicleId=0x7665682d3330, requestedHorizonMs=2500, confidence=100, planning.waypoints=1, offloadTaskId=probe-882, offloadPayload=1024 bytes}"
5g-sender,1783014571828751201,edge4av-real-20260702-multiclient-scalability-run-3,p5g-scale-mqtt-payload-1024-clients-50,scale,guided-planning,mqtt,veh-30,veh-30,rsu-1,p5g-scale-mqtt-payload-1024-clients-50-veh-30-883,ipi-session-1,multiclient-scalability-run-3,veh-30,883,50-clients,default,stationary,unsynced,true,true,clients,50,count,IPI-CooperativeService,1098,1783014571780872631,1783014506985678840,1783014506985721743,1783014571828751201,47.879,,0.043,64843.029,"CooperativeService{guidedPlanning, status=request, vehicleId=0x7665682d3330, requestedHorizonMs=2500, confidence=100, planning.waypoints=1, offloadTaskId=probe-883, offloadPayload=1024 bytes}"
5g-sender,1783014572058724879,edge4av-real-20260702-multiclient-scalability-run-3,p5g-scale-mqtt-payload-1024-clients-50,scale,guided-planning,mqtt,veh-30,veh-30,rsu-1,p5g-scale-mqtt-payload-1024-clients-50-veh-30-884,ipi-session-1,multiclient-scalability-run-3,veh-30,884,50-clients,default,stationary,unsynced,true,true,clients,50,count,IPI-CooperativeService,1098,1783014572028901521,1783014507225102024,1783014507225144875,1783014572058724879,29.823,,0.043,64833.580,"CooperativeService{guidedPlanning, status=request, vehicleId=0x7665682d3330, requestedHorizonMs=2500, confidence=100, planning.waypoints=1, offloadTaskId=probe-884, offloadPayload=1024 bytes}"
5g-sender,1783014572290680828,edge4av-real-20260702-multiclient-scalability-run-3,p5g-scale-mqtt-payload-1024-clients-50,scale,guided-planning,mqtt,veh-30,veh-30,rsu-1,p5g-scale-mqtt-payload-1024-clients-50-veh-30-885,ipi-session-1,multiclient-scalability-run-3,veh-30,885,50-clients,default,stationary,unsynced,true,true,clients,50,count,IPI-CooperativeService,1098,1783014572258872918,1783014507456076421,1783014507456120190,1783014572290680828,31.808,,0.044,64834.561,"CooperativeService{guidedPlanning, status=request, vehicleId=0x7665682d3330, requestedHorizonMs=2500, confidence=100, planning.waypoints=1, offloadTaskId=probe-885, offloadPayload=1024 bytes}"
5g-sender,1783014572532548672,edge4av-real-20260702-multiclient-scalability-run-3,p5g-scale-mqtt-payload-1024-clients-50,scale,guided-planning,mqtt,veh-30,veh-30,rsu-1,p5g-scale-mqtt-payload-1024-clients-50-veh-30-886,ipi-session-1,multiclient-scalability-run-3,veh-30,886,50-clients,default,stationary,unsynced,true,true,clients,50,count,IPI-CooperativeService,1098,1783014572490827028,1783014507696124326,1783014507696191771,1783014572532548672,41.722,,0.067,64836.357,"CooperativeService{guidedPlanning, status=request, vehicleId=0x7665682d3330, requestedHorizonMs=2500, confidence=100, planning.waypoints=1, offloadTaskId=probe-886, offloadPayload=1024 bytes}"
5g-sender,1783014572788805448,edge4av-real-20260702-multiclient-scalability-run-3,p5g-scale-mqtt-payload-1024-clients-50,scale,guided-planning,mqtt,veh-30,veh-30,rsu-1,p5g-scale-mqtt-payload-1024-clients-50-veh-30-887,ipi-session-1,multiclient-scalability-run-3,veh-30,887,50-clients,default,stationary,unsynced,true,true,clients,50,count,IPI-CooperativeService,1098,1783014572732696522,1783014507955877538,1783014507955928794,1783014572788805448,56.109,,0.051,64832.877,"CooperativeService{guidedPlanning, status=request, vehicleId=0x7665682d3330, requestedHorizonMs=2500, confidence=100, planning.waypoints=1, offloadTaskId=probe-887, offloadPayload=1024 bytes}"
5g-sender,1783014573048565914,edge4av-real-20260702-multiclient-scalability-run-3,p5g-scale-mqtt-payload-1024-clients-50,scale,guided-planning,mqtt,veh-30,veh-30,rsu-1,p5g-scale-mqtt-payload-1024-clients-50-veh-30-888,ipi-session-1,multiclient-scalability-run-3,veh-30,888,50-clients,default,stationary,unsynced,true,true,clients,50,count,IPI-CooperativeService,1098,1783014572988994961,1783014508206965423,1783014508207022881,1783014573048565914,59.571,,0.057,64841.543,"CooperativeService{guidedPlanning, status=request, vehicleId=0x7665682d3330, requestedHorizonMs=2500, confidence=100, planning.waypoints=1, offloadTaskId=probe-888, offloadPayload=1024 bytes}"
5g-sender,1783014573312725227,edge4av-real-20260702-multiclient-scalability-run-3,p5g-scale-mqtt-payload-1024-clients-50,scale,guided-planning,mqtt,veh-30,veh-30,rsu-1,p5g-scale-mqtt-payload-1024-clients-50-veh-30-889,ipi-session-1,multiclient-scalability-run-3,veh-30,889,50-clients,default,stationary,unsynced,true,true,clients,50,count,IPI-CooperativeService,1098,1783014573248713473,1783014508477051192,1783014508477115084,1783014573312725227,64.012,,0.064,64835.610,"CooperativeService{guidedPlanning, status=request, vehicleId=0x7665682d3330, requestedHorizonMs=2500, confidence=100, planning.waypoints=1, offloadTaskId=probe-889, offloadPayload=1024 bytes}"
5g-sender,1783014573552719631,edge4av-real-20260702-multiclient-scalability-run-3,p5g-scale-mqtt-payload-1024-clients-50,scale,guided-planning,mqtt,veh-30,veh-30,rsu-1,p5g-scale-mqtt-payload-1024-clients-50-veh-30-890,ipi-session-1,multiclient-scalability-run-3,veh-30,890,50-clients,default,stationary,unsynced,true,true,clients,50,count,IPI-CooperativeService,1098,1783014573512870663,1783014508717400171,1783014508717443914,1783014573552719631,39.849,,0.044,64835.276,"CooperativeService{guidedPlanning, status=request, vehicleId=0x7665682d3330, requestedHorizonMs=2500, confidence=100, planning.waypoints=1, offloadTaskId=probe-890, offloadPayload=1024 bytes}"
5g-sender,1783014573802652919,edge4av-real-20260702-multiclient-scalability-run-3,p5g-scale-mqtt-payload-1024-clients-50,scale,guided-planning,mqtt,veh-30,veh-30,rsu-1,p5g-scale-mqtt-payload-1024-clients-50-veh-30-891,ipi-session-1,multiclient-scalability-run-3,veh-30,891,50-clients,default,stationary,unsynced,true,true,clients,50,count,IPI-CooperativeService,1098,1783014573752865213,1783014508957796473,1783014508957853056,1783014573802652919,49.788,,0.057,64844.800,"CooperativeService{guidedPlanning, status=request, vehicleId=0x7665682d3330, requestedHorizonMs=2500, confidence=100, planning.waypoints=1, offloadTaskId=probe-891, offloadPayload=1024 bytes}"
5g-sender,1783014574044759006,edge4av-real-20260702-multiclient-scalability-run-3,p5g-scale-mqtt-payload-1024-clients-50,scale,guided-planning,mqtt,veh-30,veh-30,rsu-1,p5g-scale-mqtt-payload-1024-clients-50-veh-30-892,ipi-session-1,multiclient-scalability-run-3,veh-30,892,50-clients,default,stationary,unsynced,true,true,clients,50,count,IPI-CooperativeService,1098,1783014574002792802,1783014509208130500,1783014509208175438,1783014574044759006,41.966,,0.045,64836.584,"CooperativeService{guidedPlanning, status=request, vehicleId=0x7665682d3330, requestedHorizonMs=2500, confidence=100, planning.waypoints=1, offloadTaskId=probe-892, offloadPayload=1024 bytes}"
5g-sender,1783014574316769548,edge4av-real-20260702-multiclient-scalability-run-3,p5g-scale-mqtt-payload-1024-clients-50,scale,guided-planning,mqtt,veh-30,veh-30,rsu-1,p5g-scale-mqtt-payload-1024-clients-50-veh-30-893,ipi-session-1,multiclient-scalability-run-3,veh-30,893,50-clients,default,stationary,unsynced,true,true,clients,50,count,IPI-CooperativeService,1098,1783014574244914948,1783014509478728142,1783014509478786651,1783014574316769548,71.855,,0.059,64837.983,"CooperativeService{guidedPlanning, status=request, vehicleId=0x7665682d3330, requestedHorizonMs=2500, confidence=100, planning.waypoints=1, offloadTaskId=probe-893, offloadPayload=1024 bytes}"
5g-sender,1783014574544705007,edge4av-real-20260702-multiclient-scalability-run-3,p5g-scale-mqtt-payload-1024-clients-50,scale,guided-planning,mqtt,veh-30,veh-30,rsu-1,p5g-scale-mqtt-payload-1024-clients-50-veh-30-894,ipi-session-1,multiclient-scalability-run-3,veh-30,894,50-clients,default,stationary,unsynced,true,true,clients,50,count,IPI-CooperativeService,1098,1783014574516959127,1783014509709094770,1783014509709146977,1783014574544705007,27.746,,0.052,64835.558,"CooperativeService{guidedPlanning, status=request, vehicleId=0x7665682d3330, requestedHorizonMs=2500, confidence=100, planning.waypoints=1, offloadTaskId=probe-894, offloadPayload=1024 bytes}"
5g-sender,1783014574776629492,edge4av-real-20260702-multiclient-scalability-run-3,p5g-scale-mqtt-payload-1024-clients-50,scale,guided-planning,mqtt,veh-30,veh-30,rsu-1,p5g-scale-mqtt-payload-1024-clients-50-veh-30-895,ipi-session-1,multiclient-scalability-run-3,veh-30,895,50-clients,default,stationary,unsynced,true,true,clients,50,count,IPI-CooperativeService,1098,1783014574744889220,1783014509939415801,1783014509939459328,1783014574776629492,31.740,,0.044,64837.170,"CooperativeService{guidedPlanning, status=request, vehicleId=0x7665682d3330, requestedHorizonMs=2500, confidence=100, planning.waypoints=1, offloadTaskId=probe-895, offloadPayload=1024 bytes}"
5g-sender,1783014575008712719,edge4av-real-20260702-multiclient-scalability-run-3,p5g-scale-mqtt-payload-1024-clients-50,scale,guided-planning,mqtt,veh-30,veh-30,rsu-1,p5g-scale-mqtt-payload-1024-clients-50-veh-30-896,ipi-session-1,multiclient-scalability-run-3,veh-30,896,50-clients,default,stationary,unsynced,true,true,clients,50,count,IPI-CooperativeService,1098,1783014574976785145,1783014510169270146,1783014510169319403,1783014575008712719,31.928,,0.049,64839.393,"CooperativeService{guidedPlanning, status=request, vehicleId=0x7665682d3330, requestedHorizonMs=2500, confidence=100, planning.waypoints=1, offloadTaskId=probe-896, offloadPayload=1024 bytes}"
5g-sender,1783014575248737343,edge4av-real-20260702-multiclient-scalability-run-3,p5g-scale-mqtt-payload-1024-clients-50,scale,guided-planning,mqtt,veh-30,veh-30,rsu-1,p5g-scale-mqtt-payload-1024-clients-50-veh-30-897,ipi-session-1,multiclient-scalability-run-3,veh-30,897,50-clients,default,stationary,unsynced,true,true,clients,50,count,IPI-CooperativeService,1098,1783014575208858534,1783014510402384832,1783014510402450616,1783014575248737343,39.879,,0.066,64846.287,"CooperativeService{guidedPlanning, status=request, vehicleId=0x7665682d3330, requestedHorizonMs=2500, confidence=100, planning.waypoints=1, offloadTaskId=probe-897, offloadPayload=1024 bytes}"
5g-sender,1783014575508836315,edge4av-real-20260702-multiclient-scalability-run-3,p5g-scale-mqtt-payload-1024-clients-50,scale,guided-planning,mqtt,veh-30,veh-30,rsu-1,p5g-scale-mqtt-payload-1024-clients-50-veh-30-898,ipi-session-1,multiclient-scalability-run-3,veh-30,898,50-clients,default,stationary,unsynced,true,true,clients,50,count,IPI-CooperativeService,1098,1783014575448886041,1783014510662725324,1783014510662768627,1783014575508836315,59.950,,0.043,64846.068,"CooperativeService{guidedPlanning, status=request, vehicleId=0x7665682d3330, requestedHorizonMs=2500, confidence=100, planning.waypoints=1, offloadTaskId=probe-898, offloadPayload=1024 bytes}"
5g-sender,1783014575768766593,edge4av-real-20260702-multiclient-scalability-run-3,p5g-scale-mqtt-payload-1024-clients-50,scale,guided-planning,mqtt,veh-30,veh-30,rsu-1,p5g-scale-mqtt-payload-1024-clients-50-veh-30-899,ipi-session-1,multiclient-scalability-run-3,veh-30,899,50-clients,default,stationary,unsynced,true,true,clients,50,count,IPI-CooperativeService,1098,1783014575709019475,1783014510920709491,1783014510920760933,1783014575768766593,59.747,,0.051,64848.006,"CooperativeService{guidedPlanning, status=request, vehicleId=0x7665682d3330, requestedHorizonMs=2500, confidence=100, planning.waypoints=1, offloadTaskId=probe-899, offloadPayload=1024 bytes}"
5g-sender,1783014576006720565,edge4av-real-20260702-multiclient-scalability-run-3,p5g-scale-mqtt-payload-1024-clients-50,scale,guided-planning,mqtt,veh-30,veh-30,rsu-1,p5g-scale-mqtt-payload-1024-clients-50-veh-30-900,ipi-session-1,multiclient-scalability-run-3,veh-30,900,50-clients,default,stationary,unsynced,true,true,clients,50,count,IPI-CooperativeService,1098,1783014575968919735,1783014511172337141,1783014511172393567,1783014576006720565,37.801,,0.056,64834.327,"CooperativeService{guidedPlanning, status=request, vehicleId=0x7665682d3330, requestedHorizonMs=2500, confidence=100, planning.waypoints=1, offloadTaskId=probe-900, offloadPayload=1024 bytes}"
5g-sender,1783014576238592947,edge4av-real-20260702-multiclient-scalability-run-3,p5g-scale-mqtt-payload-1024-clients-50,scale,guided-planning,mqtt,veh-30,veh-30,rsu-1,p5g-scale-mqtt-payload-1024-clients-50-veh-30-901,ipi-session-1,multiclient-scalability-run-3,veh-30,901,50-clients,default,stationary,unsynced,true,true,clients,50,count,IPI-CooperativeService,1098,1783014576206861903,1783014511402307429,1783014511402350578,1783014576238592947,31.731,,0.043,64836.242,"CooperativeService{guidedPlanning, status=request, vehicleId=0x7665682d3330, requestedHorizonMs=2500, confidence=100, planning.waypoints=1, offloadTaskId=probe-901, offloadPayload=1024 bytes}"
5g-sender,1783014576466923642,edge4av-real-20260702-multiclient-scalability-run-3,p5g-scale-mqtt-payload-1024-clients-50,scale,guided-planning,mqtt,veh-30,veh-30,rsu-1,p5g-scale-mqtt-payload-1024-clients-50-veh-30-902,ipi-session-1,multiclient-scalability-run-3,veh-30,902,50-clients,default,stationary,unsynced,true,true,clients,50,count,IPI-CooperativeService,1098,1783014576438703544,1783014511633409639,1783014511633453155,1783014576466923642,28.220,,0.044,64833.470,"CooperativeService{guidedPlanning, status=request, vehicleId=0x7665682d3330, requestedHorizonMs=2500, confidence=100, planning.waypoints=1, offloadTaskId=probe-902, offloadPayload=1024 bytes}"
5g-sender,1783014576706699393,edge4av-real-20260702-multiclient-scalability-run-3,p5g-scale-mqtt-payload-1024-clients-50,scale,guided-planning,mqtt,veh-30,veh-30,rsu-1,p5g-scale-mqtt-payload-1024-clients-50-veh-30-903,ipi-session-1,multiclient-scalability-run-3,veh-30,903,50-clients,default,stationary,unsynced,true,true,clients,50,count,IPI-CooperativeService,1098,1783014576667064038,1783014511873887422,1783014511873930544,1783014576706699393,39.635,,0.043,64832.769,"CooperativeService{guidedPlanning, status=request, vehicleId=0x7665682d3330, requestedHorizonMs=2500, confidence=100, planning.waypoints=1, offloadTaskId=probe-903, offloadPayload=1024 bytes}"
5g-sender,1783014576940498499,edge4av-real-20260702-multiclient-scalability-run-3,p5g-scale-mqtt-payload-1024-clients-50,scale,guided-planning,mqtt,veh-30,veh-30,rsu-1,p5g-scale-mqtt-payload-1024-clients-50-veh-30-904,ipi-session-1,multiclient-scalability-run-3,veh-30,904,50-clients,default,stationary,unsynced,true,true,clients,50,count,IPI-CooperativeService,1098,1783014576906869710,1783014512104410244,1783014512104469068,1783014576940498499,33.629,,0.059,64836.029,"CooperativeService{guidedPlanning, status=request, vehicleId=0x7665682d3330, requestedHorizonMs=2500, confidence=100, planning.waypoints=1, offloadTaskId=probe-904, offloadPayload=1024 bytes}"
5g-sender,1783014577168840818,edge4av-real-20260702-multiclient-scalability-run-3,p5g-scale-mqtt-payload-1024-clients-50,scale,guided-planning,mqtt,veh-30,veh-30,rsu-1,p5g-scale-mqtt-payload-1024-clients-50-veh-30-905,ipi-session-1,multiclient-scalability-run-3,veh-30,905,50-clients,default,stationary,unsynced,true,true,clients,50,count,IPI-CooperativeService,1098,1783014577140612833,1783014512333143321,1783014512333186570,1783014577168840818,28.228,,0.043,64835.654,"CooperativeService{guidedPlanning, status=request, vehicleId=0x7665682d3330, requestedHorizonMs=2500, confidence=100, planning.waypoints=1, offloadTaskId=probe-905, offloadPayload=1024 bytes}"
5g-sender,1783014577398600976,edge4av-real-20260702-multiclient-scalability-run-3,p5g-scale-mqtt-payload-1024-clients-50,scale,guided-planning,mqtt,veh-30,veh-30,rsu-1,p5g-scale-mqtt-payload-1024-clients-50-veh-30-906,ipi-session-1,multiclient-scalability-run-3,veh-30,906,50-clients,default,stationary,unsynced,true,true,clients,50,count,IPI-CooperativeService,1098,1783014577369008290,1783014512563839257,1783014512563884147,1783014577398600976,29.593,,0.045,64834.717,"CooperativeService{guidedPlanning, status=request, vehicleId=0x7665682d3330, requestedHorizonMs=2500, confidence=100, planning.waypoints=1, offloadTaskId=probe-906, offloadPayload=1024 bytes}"
5g-sender,1783014577632445498,edge4av-real-20260702-multiclient-scalability-run-3,p5g-scale-mqtt-payload-1024-clients-50,scale,guided-planning,mqtt,veh-30,veh-30,rsu-1,p5g-scale-mqtt-payload-1024-clients-50-veh-30-907,ipi-session-1,multiclient-scalability-run-3,veh-30,907,50-clients,default,stationary,unsynced,true,true,clients,50,count,IPI-CooperativeService,1098,1783014577598736598,1783014512793957685,1783014512794000876,1783014577632445498,33.709,,0.043,64838.445,"CooperativeService{guidedPlanning, status=request, vehicleId=0x7665682d3330, requestedHorizonMs=2500, confidence=100, planning.waypoints=1, offloadTaskId=probe-907, offloadPayload=1024 bytes}"
5g-sender,1783014577860762133,edge4av-real-20260702-multiclient-scalability-run-3,p5g-scale-mqtt-payload-1024-clients-50,scale,guided-planning,mqtt,veh-30,veh-30,rsu-1,p5g-scale-mqtt-payload-1024-clients-50-veh-30-908,ipi-session-1,multiclient-scalability-run-3,veh-30,908,50-clients,default,stationary,unsynced,true,true,clients,50,count,IPI-CooperativeService,1098,1783014577832594516,1783014513025307767,1783014513025371639,1783014577860762133,28.168,,0.064,64835.390,"CooperativeService{guidedPlanning, status=request, vehicleId=0x7665682d3330, requestedHorizonMs=2500, confidence=100, planning.waypoints=1, offloadTaskId=probe-908, offloadPayload=1024 bytes}"
5g-sender,1783014578092685159,edge4av-real-20260702-multiclient-scalability-run-3,p5g-scale-mqtt-payload-1024-clients-50,scale,guided-planning,mqtt,veh-30,veh-30,rsu-1,p5g-scale-mqtt-payload-1024-clients-50-veh-30-909,ipi-session-1,multiclient-scalability-run-3,veh-30,909,50-clients,default,stationary,unsynced,true,true,clients,50,count,IPI-CooperativeService,1098,1783014578060880179,1783014513254673015,1783014513254724724,1783014578092685159,31.805,,0.052,64837.960,"CooperativeService{guidedPlanning, status=request, vehicleId=0x7665682d3330, requestedHorizonMs=2500, confidence=100, planning.waypoints=1, offloadTaskId=probe-909, offloadPayload=1024 bytes}"
5g-sender,1783014578332643555,edge4av-real-20260702-multiclient-scalability-run-3,p5g-scale-mqtt-payload-1024-clients-50,scale,guided-planning,mqtt,veh-30,veh-30,rsu-1,p5g-scale-mqtt-payload-1024-clients-50-veh-30-910,ipi-session-1,multiclient-scalability-run-3,veh-30,910,50-clients,default,stationary,unsynced,true,true,clients,50,count,IPI-CooperativeService,1098,1783014578292831720,1783014513495794349,1783014513495838022,1783014578332643555,39.812,,0.044,64836.806,"CooperativeService{guidedPlanning, status=request, vehicleId=0x7665682d3330, requestedHorizonMs=2500, confidence=100, planning.waypoints=1, offloadTaskId=probe-910, offloadPayload=1024 bytes}"
5g-sender,1783014578572617214,edge4av-real-20260702-multiclient-scalability-run-3,p5g-scale-mqtt-payload-1024-clients-50,scale,guided-planning,mqtt,veh-30,veh-30,rsu-1,p5g-scale-mqtt-payload-1024-clients-50-veh-30-911,ipi-session-1,multiclient-scalability-run-3,veh-30,911,50-clients,default,stationary,unsynced,true,true,clients,50,count,IPI-CooperativeService,1098,1783014578532791256,1783014513735595960,1783014513735647655,1783014578572617214,39.826,,0.052,64836.970,"CooperativeService{guidedPlanning, status=request, vehicleId=0x7665682d3330, requestedHorizonMs=2500, confidence=100, planning.waypoints=1, offloadTaskId=probe-911, offloadPayload=1024 bytes}"
5g-sender,1783014578812621827,edge4av-real-20260702-multiclient-scalability-run-3,p5g-scale-mqtt-payload-1024-clients-50,scale,guided-planning,mqtt,veh-30,veh-30,rsu-1,p5g-scale-mqtt-payload-1024-clients-50-veh-30-912,ipi-session-1,multiclient-scalability-run-3,veh-30,912,50-clients,default,stationary,unsynced,true,true,clients,50,count,IPI-CooperativeService,1098,1783014578772764806,1783014513976381089,1783014513976445817,1783014578812621827,39.857,,0.065,64836.176,"CooperativeService{guidedPlanning, status=request, vehicleId=0x7665682d3330, requestedHorizonMs=2500, confidence=100, planning.waypoints=1, offloadTaskId=probe-912, offloadPayload=1024 bytes}"
5g-sender,1783014579052804579,edge4av-real-20260702-multiclient-scalability-run-3,p5g-scale-mqtt-payload-1024-clients-50,scale,guided-planning,mqtt,veh-30,veh-30,rsu-1,p5g-scale-mqtt-payload-1024-clients-50-veh-30-913,ipi-session-1,multiclient-scalability-run-3,veh-30,913,50-clients,default,stationary,unsynced,true,true,clients,50,count,IPI-CooperativeService,1098,1783014579012814146,1783014514216222736,1783014514216274872,1783014579052804579,39.990,,0.052,64836.530,"CooperativeService{guidedPlanning, status=request, vehicleId=0x7665682d3330, requestedHorizonMs=2500, confidence=100, planning.waypoints=1, offloadTaskId=probe-913, offloadPayload=1024 bytes}"
5g-sender,1783014579280696052,edge4av-real-20260702-multiclient-scalability-run-3,p5g-scale-mqtt-payload-1024-clients-50,scale,guided-planning,mqtt,veh-30,veh-30,rsu-1,p5g-scale-mqtt-payload-1024-clients-50-veh-30-914,ipi-session-1,multiclient-scalability-run-3,veh-30,914,50-clients,default,stationary,unsynced,true,true,clients,50,count,IPI-CooperativeService,1098,1783014579252953060,1783014514447047597,1783014514447093667,1783014579280696052,27.743,,0.046,64833.602,"CooperativeService{guidedPlanning, status=request, vehicleId=0x7665682d3330, requestedHorizonMs=2500, confidence=100, planning.waypoints=1, offloadTaskId=probe-914, offloadPayload=1024 bytes}"
5g-sender,1783014579526599898,edge4av-real-20260702-multiclient-scalability-run-3,p5g-scale-mqtt-payload-1024-clients-50,scale,guided-planning,mqtt,veh-30,veh-30,rsu-1,p5g-scale-mqtt-payload-1024-clients-50-veh-30-915,ipi-session-1,multiclient-scalability-run-3,veh-30,915,50-clients,default,stationary,unsynced,true,true,clients,50,count,IPI-CooperativeService,1098,1783014579480804985,1783014514686925266,1783014514686975167,1783014579526599898,45.795,,0.050,64839.625,"CooperativeService{guidedPlanning, status=request, vehicleId=0x7665682d3330, requestedHorizonMs=2500, confidence=100, planning.waypoints=1, offloadTaskId=probe-915, offloadPayload=1024 bytes}"
5g-sender,1783014579762812362,edge4av-real-20260702-multiclient-scalability-run-3,p5g-scale-mqtt-payload-1024-clients-50,scale,guided-planning,mqtt,veh-30,veh-30,rsu-1,p5g-scale-mqtt-payload-1024-clients-50-veh-30-916,ipi-session-1,multiclient-scalability-run-3,veh-30,916,50-clients,default,stationary,unsynced,true,true,clients,50,count,IPI-CooperativeService,1098,1783014579726746590,1783014514928997012,1783014514929039880,1783014579762812362,36.066,,0.043,64833.772,"CooperativeService{guidedPlanning, status=request, vehicleId=0x7665682d3330, requestedHorizonMs=2500, confidence=100, planning.waypoints=1, offloadTaskId=probe-916, offloadPayload=1024 bytes}"
5g-sender,1783014580002771110,edge4av-real-20260702-multiclient-scalability-run-3,p5g-scale-mqtt-payload-1024-clients-50,scale,guided-planning,mqtt,veh-30,veh-30,rsu-1,p5g-scale-mqtt-payload-1024-clients-50-veh-30-917,ipi-session-1,multiclient-scalability-run-3,veh-30,917,50-clients,default,stationary,unsynced,true,true,clients,50,count,IPI-CooperativeService,1098,1783014579962922983,1783014515167859609,1783014515167909797,1783014580002771110,39.848,,0.050,64834.861,"CooperativeService{guidedPlanning, status=request, vehicleId=0x7665682d3330, requestedHorizonMs=2500, confidence=100, planning.waypoints=1, offloadTaskId=probe-917, offloadPayload=1024 bytes}"
5g-sender,1783014580242738004,edge4av-real-20260702-multiclient-scalability-run-3,p5g-scale-mqtt-payload-1024-clients-50,scale,guided-planning,mqtt,veh-30,veh-30,rsu-1,p5g-scale-mqtt-payload-1024-clients-50-veh-30-918,ipi-session-1,multiclient-scalability-run-3,veh-30,918,50-clients,default,stationary,unsynced,true,true,clients,50,count,IPI-CooperativeService,1098,1783014580202910214,1783014515408911583,1783014515408998796,1783014580242738004,39.828,,0.087,64833.739,"CooperativeService{guidedPlanning, status=request, vehicleId=0x7665682d3330, requestedHorizonMs=2500, confidence=100, planning.waypoints=1, offloadTaskId=probe-918, offloadPayload=1024 bytes}"
5g-sender,1783014580488646535,edge4av-real-20260702-multiclient-scalability-run-3,p5g-scale-mqtt-payload-1024-clients-50,scale,guided-planning,mqtt,veh-30,veh-30,rsu-1,p5g-scale-mqtt-payload-1024-clients-50-veh-30-919,ipi-session-1,multiclient-scalability-run-3,veh-30,919,50-clients,default,stationary,unsynced,true,true,clients,50,count,IPI-CooperativeService,1098,1783014580442880151,1783014515650777795,1783014515650821388,1783014580488646535,45.766,,0.044,64837.825,"CooperativeService{guidedPlanning, status=request, vehicleId=0x7665682d3330, requestedHorizonMs=2500, confidence=100, planning.waypoints=1, offloadTaskId=probe-919, offloadPayload=1024 bytes}"
5g-sender,1783014580730564555,edge4av-real-20260702-multiclient-scalability-run-3,p5g-scale-mqtt-payload-1024-clients-50,scale,guided-planning,mqtt,veh-30,veh-30,rsu-1,p5g-scale-mqtt-payload-1024-clients-50-veh-30-920,ipi-session-1,multiclient-scalability-run-3,veh-30,920,50-clients,default,stationary,unsynced,true,true,clients,50,count,IPI-CooperativeService,1098,1783014580688796319,1783014515890299163,1783014515890341439,1783014580730564555,41.768,,0.042,64840.223,"CooperativeService{guidedPlanning, status=request, vehicleId=0x7665682d3330, requestedHorizonMs=2500, confidence=100, planning.waypoints=1, offloadTaskId=probe-920, offloadPayload=1024 bytes}"
5g-sender,1783014580964770139,edge4av-real-20260702-multiclient-scalability-run-3,p5g-scale-mqtt-payload-1024-clients-50,scale,guided-planning,mqtt,veh-30,veh-30,rsu-1,p5g-scale-mqtt-payload-1024-clients-50-veh-30-921,ipi-session-1,multiclient-scalability-run-3,veh-30,921,50-clients,default,stationary,unsynced,true,true,clients,50,count,IPI-CooperativeService,1098,1783014580930719285,1783014516129360844,1783014516129446005,1783014580964770139,34.051,,0.085,64835.324,"CooperativeService{guidedPlanning, status=request, vehicleId=0x7665682d3330, requestedHorizonMs=2500, confidence=100, planning.waypoints=1, offloadTaskId=probe-921, offloadPayload=1024 bytes}"
5g-sender,1783014581204817796,edge4av-real-20260702-multiclient-scalability-run-3,p5g-scale-mqtt-payload-1024-clients-50,scale,guided-planning,mqtt,veh-30,veh-30,rsu-1,p5g-scale-mqtt-payload-1024-clients-50-veh-30-922,ipi-session-1,multiclient-scalability-run-3,veh-30,922,50-clients,default,stationary,unsynced,true,true,clients,50,count,IPI-CooperativeService,1098,1783014581164912247,1783014516370918306,1783014516370986059,1783014581204817796,39.906,,0.068,64833.832,"CooperativeService{guidedPlanning, status=request, vehicleId=0x7665682d3330, requestedHorizonMs=2500, confidence=100, planning.waypoints=1, offloadTaskId=probe-922, offloadPayload=1024 bytes}"
5g-sender,1783014581444801825,edge4av-real-20260702-multiclient-scalability-run-3,p5g-scale-mqtt-payload-1024-clients-50,scale,guided-planning,mqtt,veh-30,veh-30,rsu-1,p5g-scale-mqtt-payload-1024-clients-50-veh-30-923,ipi-session-1,multiclient-scalability-run-3,veh-30,923,50-clients,default,stationary,unsynced,true,true,clients,50,count,IPI-CooperativeService,1098,1783014581404973052,1783014516610675300,1783014516610727430,1783014581444801825,39.829,,0.052,64834.074,"CooperativeService{guidedPlanning, status=request, vehicleId=0x7665682d3330, requestedHorizonMs=2500, confidence=100, planning.waypoints=1, offloadTaskId=probe-923, offloadPayload=1024 bytes}"
5g-sender,1783014581686685044,edge4av-real-20260702-multiclient-scalability-run-3,p5g-scale-mqtt-payload-1024-clients-50,scale,guided-planning,mqtt,veh-30,veh-30,rsu-1,p5g-scale-mqtt-payload-1024-clients-50-veh-30-924,ipi-session-1,multiclient-scalability-run-3,veh-30,924,50-clients,default,stationary,unsynced,true,true,clients,50,count,IPI-CooperativeService,1098,1783014581644944526,1783014516850963853,1783014516851006145,1783014581686685044,41.741,,0.042,64835.679,"CooperativeService{guidedPlanning, status=request, vehicleId=0x7665682d3330, requestedHorizonMs=2500, confidence=100, planning.waypoints=1, offloadTaskId=probe-924, offloadPayload=1024 bytes}"
5g-sender,1783014581926884561,edge4av-real-20260702-multiclient-scalability-run-3,p5g-scale-mqtt-payload-1024-clients-50,scale,guided-planning,mqtt,veh-30,veh-30,rsu-1,p5g-scale-mqtt-payload-1024-clients-50-veh-30-925,ipi-session-1,multiclient-scalability-run-3,veh-30,925,50-clients,default,stationary,unsynced,true,true,clients,50,count,IPI-CooperativeService,1098,1783014581886852635,1783014517092497383,1783014517092564736,1783014581926884561,40.032,,0.067,64834.320,"CooperativeService{guidedPlanning, status=request, vehicleId=0x7665682d3330, requestedHorizonMs=2500, confidence=100, planning.waypoints=1, offloadTaskId=probe-925, offloadPayload=1024 bytes}"
5g-sender,1783014582166658212,edge4av-real-20260702-multiclient-scalability-run-3,p5g-scale-mqtt-payload-1024-clients-50,scale,guided-planning,mqtt,veh-30,veh-30,rsu-1,p5g-scale-mqtt-payload-1024-clients-50-veh-30-926,ipi-session-1,multiclient-scalability-run-3,veh-30,926,50-clients,default,stationary,unsynced,true,true,clients,50,count,IPI-CooperativeService,1098,1783014582127031906,1783014517332312993,1783014517332356499,1783014582166658212,39.626,,0.044,64834.302,"CooperativeService{guidedPlanning, status=request, vehicleId=0x7665682d3330, requestedHorizonMs=2500, confidence=100, planning.waypoints=1, offloadTaskId=probe-926, offloadPayload=1024 bytes}"
5g-sender,1783014582396816346,edge4av-real-20260702-multiclient-scalability-run-3,p5g-scale-mqtt-payload-1024-clients-50,scale,guided-planning,mqtt,veh-30,veh-30,rsu-1,p5g-scale-mqtt-payload-1024-clients-50-veh-30-927,ipi-session-1,multiclient-scalability-run-3,veh-30,927,50-clients,default,stationary,unsynced,true,true,clients,50,count,IPI-CooperativeService,1098,1783014582366805659,1783014517561559520,1783014517561609940,1783014582396816346,30.011,,0.050,64835.206,"CooperativeService{guidedPlanning, status=request, vehicleId=0x7665682d3330, requestedHorizonMs=2500, confidence=100, planning.waypoints=1, offloadTaskId=probe-927, offloadPayload=1024 bytes}"
5g-sender,1783014582626642842,edge4av-real-20260702-multiclient-scalability-run-3,p5g-scale-mqtt-payload-1024-clients-50,scale,guided-planning,mqtt,veh-30,veh-30,rsu-1,p5g-scale-mqtt-payload-1024-clients-50-veh-30-928,ipi-session-1,multiclient-scalability-run-3,veh-30,928,50-clients,default,stationary,unsynced,true,true,clients,50,count,IPI-CooperativeService,1098,1783014582596945835,1783014517791650284,1783014517791698917,1783014582626642842,29.697,,0.049,64834.944,"CooperativeService{guidedPlanning, status=request, vehicleId=0x7665682d3330, requestedHorizonMs=2500, confidence=100, planning.waypoints=1, offloadTaskId=probe-928, offloadPayload=1024 bytes}"
5g-sender,1783014582856714302,edge4av-real-20260702-multiclient-scalability-run-3,p5g-scale-mqtt-payload-1024-clients-50,scale,guided-planning,mqtt,veh-30,veh-30,rsu-1,p5g-scale-mqtt-payload-1024-clients-50-veh-30-929,ipi-session-1,multiclient-scalability-run-3,veh-30,929,50-clients,default,stationary,unsynced,true,true,clients,50,count,IPI-CooperativeService,1098,1783014582826788533,1783014518022887500,1783014518022932394,1783014582856714302,29.926,,0.045,64833.782,"CooperativeService{guidedPlanning, status=request, vehicleId=0x7665682d3330, requestedHorizonMs=2500, confidence=100, planning.waypoints=1, offloadTaskId=probe-929, offloadPayload=1024 bytes}"
5g-sender,1783014583086897727,edge4av-real-20260702-multiclient-scalability-run-3,p5g-scale-mqtt-payload-1024-clients-50,scale,guided-planning,mqtt,veh-30,veh-30,rsu-1,p5g-scale-mqtt-payload-1024-clients-50-veh-30-930,ipi-session-1,multiclient-scalability-run-3,veh-30,930,50-clients,default,stationary,unsynced,true,true,clients,50,count,IPI-CooperativeService,1098,1783014583056863544,1783014518253656618,1783014518253699186,1783014583086897727,30.034,,0.043,64833.199,"CooperativeService{guidedPlanning, status=request, vehicleId=0x7665682d3330, requestedHorizonMs=2500, confidence=100, planning.waypoints=1, offloadTaskId=probe-930, offloadPayload=1024 bytes}"
5g-sender,1783014583328748156,edge4av-real-20260702-multiclient-scalability-run-3,p5g-scale-mqtt-payload-1024-clients-50,scale,guided-planning,mqtt,veh-30,veh-30,rsu-1,p5g-scale-mqtt-payload-1024-clients-50-veh-30-931,ipi-session-1,multiclient-scalability-run-3,veh-30,931,50-clients,default,stationary,unsynced,true,true,clients,50,count,IPI-CooperativeService,1098,1783014583287061336,1783014518493691748,1783014518493755458,1783014583328748156,41.687,,0.064,64834.993,"CooperativeService{guidedPlanning, status=request, vehicleId=0x7665682d3330, requestedHorizonMs=2500, confidence=100, planning.waypoints=1, offloadTaskId=probe-931, offloadPayload=1024 bytes}"
5g-sender,1783014583548831631,edge4av-real-20260702-multiclient-scalability-run-3,p5g-scale-mqtt-payload-1024-clients-50,scale,guided-planning,mqtt,veh-30,veh-30,rsu-1,p5g-scale-mqtt-payload-1024-clients-50-veh-30-932,ipi-session-1,multiclient-scalability-run-3,veh-30,932,50-clients,default,stationary,unsynced,true,true,clients,50,count,IPI-CooperativeService,1098,1783014583528883333,1783014518713686728,1783014518713731620,1783014583548831631,19.948,,0.045,64835.100,"CooperativeService{guidedPlanning, status=request, vehicleId=0x7665682d3330, requestedHorizonMs=2500, confidence=100, planning.waypoints=1, offloadTaskId=probe-932, offloadPayload=1024 bytes}"
5g-sender,1783014583790686156,edge4av-real-20260702-multiclient-scalability-run-3,p5g-scale-mqtt-payload-1024-clients-50,scale,guided-planning,mqtt,veh-30,veh-30,rsu-1,p5g-scale-mqtt-payload-1024-clients-50-veh-30-933,ipi-session-1,multiclient-scalability-run-3,veh-30,933,50-clients,default,stationary,unsynced,true,true,clients,50,count,IPI-CooperativeService,1098,1783014583748994782,1783014518953720754,1783014518953771492,1783014583790686156,41.691,,0.051,64836.915,"CooperativeService{guidedPlanning, status=request, vehicleId=0x7665682d3330, requestedHorizonMs=2500, confidence=100, planning.waypoints=1, offloadTaskId=probe-933, offloadPayload=1024 bytes}"
5g-sender,1783014584030745786,edge4av-real-20260702-multiclient-scalability-run-3,p5g-scale-mqtt-payload-1024-clients-50,scale,guided-planning,mqtt,veh-30,veh-30,rsu-1,p5g-scale-mqtt-payload-1024-clients-50-veh-30-934,ipi-session-1,multiclient-scalability-run-3,veh-30,934,50-clients,default,stationary,unsynced,true,true,clients,50,count,IPI-CooperativeService,1098,1783014583990830657,1783014519194983950,1783014519195026063,1783014584030745786,39.915,,0.042,64835.720,"CooperativeService{guidedPlanning, status=request, vehicleId=0x7665682d3330, requestedHorizonMs=2500, confidence=100, planning.waypoints=1, offloadTaskId=probe-934, offloadPayload=1024 bytes}"
5g-sender,1783014584282731745,edge4av-real-20260702-multiclient-scalability-run-3,p5g-scale-mqtt-payload-1024-clients-50,scale,guided-planning,mqtt,veh-30,veh-30,rsu-1,p5g-scale-mqtt-payload-1024-clients-50-veh-30-935,ipi-session-1,multiclient-scalability-run-3,veh-30,935,50-clients,default,stationary,unsynced,true,true,clients,50,count,IPI-CooperativeService,1098,1783014584230879953,1783014519444802695,1783014519444849058,1783014584282731745,51.852,,0.046,64837.883,"CooperativeService{guidedPlanning, status=request, vehicleId=0x7665682d3330, requestedHorizonMs=2500, confidence=100, planning.waypoints=1, offloadTaskId=probe-935, offloadPayload=1024 bytes}"
5g-sender,1783014584518683277,edge4av-real-20260702-multiclient-scalability-run-3,p5g-scale-mqtt-payload-1024-clients-50,scale,guided-planning,mqtt,veh-30,veh-30,rsu-1,p5g-scale-mqtt-payload-1024-clients-50-veh-30-936,ipi-session-1,multiclient-scalability-run-3,veh-30,936,50-clients,default,stationary,unsynced,true,true,clients,50,count,IPI-CooperativeService,1098,1783014584482872239,1783014519684985898,1783014519685038318,1783014584518683277,35.811,,0.052,64833.645,"CooperativeService{guidedPlanning, status=request, vehicleId=0x7665682d3330, requestedHorizonMs=2500, confidence=100, planning.waypoints=1, offloadTaskId=probe-936, offloadPayload=1024 bytes}"
5g-sender,1783014584744527819,edge4av-real-20260702-multiclient-scalability-run-3,p5g-scale-mqtt-payload-1024-clients-50,scale,guided-planning,mqtt,veh-30,veh-30,rsu-1,p5g-scale-mqtt-payload-1024-clients-50-veh-30-937,ipi-session-1,multiclient-scalability-run-3,veh-30,937,50-clients,default,stationary,unsynced,true,true,clients,50,count,IPI-CooperativeService,1098,1783014584718793397,1783014519905321297,1783014519905374305,1783014584744527819,25.734,,0.053,64839.154,"CooperativeService{guidedPlanning, status=request, vehicleId=0x7665682d3330, requestedHorizonMs=2500, confidence=100, planning.waypoints=1, offloadTaskId=probe-937, offloadPayload=1024 bytes}"
5g-sender,1783014584984679113,edge4av-real-20260702-multiclient-scalability-run-3,p5g-scale-mqtt-payload-1024-clients-50,scale,guided-planning,mqtt,veh-30,veh-30,rsu-1,p5g-scale-mqtt-payload-1024-clients-50-veh-30-938,ipi-session-1,multiclient-scalability-run-3,veh-30,938,50-clients,default,stationary,unsynced,true,true,clients,50,count,IPI-CooperativeService,1098,1783014584944715938,1783014520145943198,1783014520145994242,1783014584984679113,39.963,,0.051,64838.685,"CooperativeService{guidedPlanning, status=request, vehicleId=0x7665682d3330, requestedHorizonMs=2500, confidence=100, planning.waypoints=1, offloadTaskId=probe-938, offloadPayload=1024 bytes}"
5g-sender,1783014585206973813,edge4av-real-20260702-multiclient-scalability-run-3,p5g-scale-mqtt-payload-1024-clients-50,scale,guided-planning,mqtt,veh-30,veh-30,rsu-1,p5g-scale-mqtt-payload-1024-clients-50-veh-30-939,ipi-session-1,multiclient-scalability-run-3,veh-30,939,50-clients,default,stationary,unsynced,true,true,clients,50,count,IPI-CooperativeService,1098,1783014585184844608,1783014520375917286,1783014520375968805,1783014585206973813,22.129,,0.052,64831.005,"CooperativeService{guidedPlanning, status=request, vehicleId=0x7665682d3330, requestedHorizonMs=2500, confidence=100, planning.waypoints=1, offloadTaskId=probe-939, offloadPayload=1024 bytes}"
5g-sender,1783014585432609005,edge4av-real-20260702-multiclient-scalability-run-3,p5g-scale-mqtt-payload-1024-clients-50,scale,guided-planning,mqtt,veh-30,veh-30,rsu-1,p5g-scale-mqtt-payload-1024-clients-50-veh-30-940,ipi-session-1,multiclient-scalability-run-3,veh-30,940,50-clients,default,stationary,unsynced,true,true,clients,50,count,IPI-CooperativeService,1098,1783014585407083165,1783014520597312975,1783014520597357131,1783014585432609005,25.526,,0.044,64835.252,"CooperativeService{guidedPlanning, status=request, vehicleId=0x7665682d3330, requestedHorizonMs=2500, confidence=100, planning.waypoints=1, offloadTaskId=probe-940, offloadPayload=1024 bytes}"
5g-sender,1783014585666996554,edge4av-real-20260702-multiclient-scalability-run-3,p5g-scale-mqtt-payload-1024-clients-50,scale,guided-planning,mqtt,veh-30,veh-30,rsu-1,p5g-scale-mqtt-payload-1024-clients-50-veh-30-941,ipi-session-1,multiclient-scalability-run-3,veh-30,941,50-clients,default,stationary,unsynced,true,true,clients,50,count,IPI-CooperativeService,1098,1783014585632757639,1783014520836301722,1783014520836357789,1783014585666996554,34.239,,0.056,64830.639,"CooperativeService{guidedPlanning, status=request, vehicleId=0x7665682d3330, requestedHorizonMs=2500, confidence=100, planning.waypoints=1, offloadTaskId=probe-941, offloadPayload=1024 bytes}"
5g-sender,1783014585919582242,edge4av-real-20260702-multiclient-scalability-run-3,p5g-scale-mqtt-payload-1024-clients-50,scale,guided-planning,mqtt,veh-30,veh-30,rsu-1,p5g-scale-mqtt-payload-1024-clients-50-veh-30-942,ipi-session-1,multiclient-scalability-run-3,veh-30,942,50-clients,default,stationary,unsynced,true,true,clients,50,count,IPI-CooperativeService,1098,1783014585867144375,1783014521077621478,1783014521077683938,1783014585919582242,52.438,,0.062,64841.898,"CooperativeService{guidedPlanning, status=request, vehicleId=0x7665682d3330, requestedHorizonMs=2500, confidence=100, planning.waypoints=1, offloadTaskId=probe-942, offloadPayload=1024 bytes}"
5g-sender,1783014586152754458,edge4av-real-20260702-multiclient-scalability-run-3,p5g-scale-mqtt-payload-1024-clients-50,scale,guided-planning,mqtt,veh-30,veh-30,rsu-1,p5g-scale-mqtt-payload-1024-clients-50-veh-30-943,ipi-session-1,multiclient-scalability-run-3,veh-30,943,50-clients,default,stationary,unsynced,true,true,clients,50,count,IPI-CooperativeService,1098,1783014586119741286,1783014521317102926,1783014521317157747,1783014586152754458,33.013,,0.055,64835.597,"CooperativeService{guidedPlanning, status=request, vehicleId=0x7665682d3330, requestedHorizonMs=2500, confidence=100, planning.waypoints=1, offloadTaskId=probe-943, offloadPayload=1024 bytes}"
5g-sender,1783014586394684417,edge4av-real-20260702-multiclient-scalability-run-3,p5g-scale-mqtt-payload-1024-clients-50,scale,guided-planning,mqtt,veh-30,veh-30,rsu-1,p5g-scale-mqtt-payload-1024-clients-50-veh-30-944,ipi-session-1,multiclient-scalability-run-3,veh-30,944,50-clients,default,stationary,unsynced,true,true,clients,50,count,IPI-CooperativeService,1098,1783014586352944543,1783014521557620515,1783014521557688576,1783014586394684417,41.740,,0.068,64836.996,"CooperativeService{guidedPlanning, status=request, vehicleId=0x7665682d3330, requestedHorizonMs=2500, confidence=100, planning.waypoints=1, offloadTaskId=probe-944, offloadPayload=1024 bytes}"
5g-sender,1783014586634715179,edge4av-real-20260702-multiclient-scalability-run-3,p5g-scale-mqtt-payload-1024-clients-50,scale,guided-planning,mqtt,veh-30,veh-30,rsu-1,p5g-scale-mqtt-payload-1024-clients-50-veh-30-945,ipi-session-1,multiclient-scalability-run-3,veh-30,945,50-clients,default,stationary,unsynced,true,true,clients,50,count,IPI-CooperativeService,1098,1783014586594829838,1783014521798781199,1783014521798824329,1783014586634715179,39.885,,0.043,64835.891,"CooperativeService{guidedPlanning, status=request, vehicleId=0x7665682d3330, requestedHorizonMs=2500, confidence=100, planning.waypoints=1, offloadTaskId=probe-945, offloadPayload=1024 bytes}"
5g-sender,1783014586882957094,edge4av-real-20260702-multiclient-scalability-run-3,p5g-scale-mqtt-payload-1024-clients-50,scale,guided-planning,mqtt,veh-30,veh-30,rsu-1,p5g-scale-mqtt-payload-1024-clients-50-veh-30-946,ipi-session-1,multiclient-scalability-run-3,veh-30,946,50-clients,default,stationary,unsynced,true,true,clients,50,count,IPI-CooperativeService,1098,1783014586834865046,1783014522038987803,1783014522039032539,1783014586882957094,48.092,,0.045,64843.925,"CooperativeService{guidedPlanning, status=request, vehicleId=0x7665682d3330, requestedHorizonMs=2500, confidence=100, planning.waypoints=1, offloadTaskId=probe-946, offloadPayload=1024 bytes}"
5g-sender,1783014587126742496,edge4av-real-20260702-multiclient-scalability-run-3,p5g-scale-mqtt-payload-1024-clients-50,scale,guided-planning,mqtt,veh-30,veh-30,rsu-1,p5g-scale-mqtt-payload-1024-clients-50-veh-30-947,ipi-session-1,multiclient-scalability-run-3,veh-30,947,50-clients,default,stationary,unsynced,true,true,clients,50,count,IPI-CooperativeService,1098,1783014587083100598,1783014522291202386,1783014522291245575,1783014587126742496,43.642,,0.043,64835.497,"CooperativeService{guidedPlanning, status=request, vehicleId=0x7665682d3330, requestedHorizonMs=2500, confidence=100, planning.waypoints=1, offloadTaskId=probe-947, offloadPayload=1024 bytes}"
5g-sender,1783014587362904644,edge4av-real-20260702-multiclient-scalability-run-3,p5g-scale-mqtt-payload-1024-clients-50,scale,guided-planning,mqtt,veh-30,veh-30,rsu-1,p5g-scale-mqtt-payload-1024-clients-50-veh-30-948,ipi-session-1,multiclient-scalability-run-3,veh-30,948,50-clients,default,stationary,unsynced,true,true,clients,50,count,IPI-CooperativeService,1098,1783014587326889426,1783014522529579229,1783014522529623228,1783014587362904644,36.015,,0.044,64833.281,"CooperativeService{guidedPlanning, status=request, vehicleId=0x7665682d3330, requestedHorizonMs=2500, confidence=100, planning.waypoints=1, offloadTaskId=probe-948, offloadPayload=1024 bytes}"
5g-sender,1783014587606736389,edge4av-real-20260702-multiclient-scalability-run-3,p5g-scale-mqtt-payload-1024-clients-50,scale,guided-planning,mqtt,veh-30,veh-30,rsu-1,p5g-scale-mqtt-payload-1024-clients-50-veh-30-949,ipi-session-1,multiclient-scalability-run-3,veh-30,949,50-clients,default,stationary,unsynced,true,true,clients,50,count,IPI-CooperativeService,1098,1783014587563048518,1783014522770176369,1783014522770238049,1783014587606736389,43.688,,0.062,64836.498,"CooperativeService{guidedPlanning, status=request, vehicleId=0x7665682d3330, requestedHorizonMs=2500, confidence=100, planning.waypoints=1, offloadTaskId=probe-949, offloadPayload=1024 bytes}"
5g-sender,1783014587842849500,edge4av-real-20260702-multiclient-scalability-run-3,p5g-scale-mqtt-payload-1024-clients-50,scale,guided-planning,mqtt,veh-30,veh-30,rsu-1,p5g-scale-mqtt-payload-1024-clients-50-veh-30-950,ipi-session-1,multiclient-scalability-run-3,veh-30,950,50-clients,default,stationary,unsynced,true,true,clients,50,count,IPI-CooperativeService,1098,1783014587806934570,1783014523011163810,1783014523011206532,1783014587842849500,35.915,,0.043,64831.643,"CooperativeService{guidedPlanning, status=request, vehicleId=0x7665682d3330, requestedHorizonMs=2500, confidence=100, planning.waypoints=1, offloadTaskId=probe-950, offloadPayload=1024 bytes}"
5g-sender,1783014588082833801,edge4av-real-20260702-multiclient-scalability-run-3,p5g-scale-mqtt-payload-1024-clients-50,scale,guided-planning,mqtt,veh-30,veh-30,rsu-1,p5g-scale-mqtt-payload-1024-clients-50-veh-30-951,ipi-session-1,multiclient-scalability-run-3,veh-30,951,50-clients,default,stationary,unsynced,true,true,clients,50,count,IPI-CooperativeService,1098,1783014588042992404,1783014523250310313,1783014523250355006,1783014588082833801,39.841,,0.045,64832.479,"CooperativeService{guidedPlanning, status=request, vehicleId=0x7665682d3330, requestedHorizonMs=2500, confidence=100, planning.waypoints=1, offloadTaskId=probe-951, offloadPayload=1024 bytes}"
5g-sender,1783014588328726551,edge4av-real-20260702-multiclient-scalability-run-3,p5g-scale-mqtt-payload-1024-clients-50,scale,guided-planning,mqtt,veh-30,veh-30,rsu-1,p5g-scale-mqtt-payload-1024-clients-50-veh-30-952,ipi-session-1,multiclient-scalability-run-3,veh-30,952,50-clients,default,stationary,unsynced,true,true,clients,50,count,IPI-CooperativeService,1098,1783014588282984521,1783014523490732945,1783014523490796936,1783014588328726551,45.742,,0.064,64837.930,"CooperativeService{guidedPlanning, status=request, vehicleId=0x7665682d3330, requestedHorizonMs=2500, confidence=100, planning.waypoints=1, offloadTaskId=probe-952, offloadPayload=1024 bytes}"
5g-sender,1783014588568760433,edge4av-real-20260702-multiclient-scalability-run-3,p5g-scale-mqtt-payload-1024-clients-50,scale,guided-planning,mqtt,veh-30,veh-30,rsu-1,p5g-scale-mqtt-payload-1024-clients-50-veh-30-953,ipi-session-1,multiclient-scalability-run-3,veh-30,953,50-clients,default,stationary,unsynced,true,true,clients,50,count,IPI-CooperativeService,1098,1783014588528871028,1783014523731034069,1783014523731076717,1783014588568760433,39.889,,0.043,64837.684,"CooperativeService{guidedPlanning, status=request, vehicleId=0x7665682d3330, requestedHorizonMs=2500, confidence=100, planning.waypoints=1, offloadTaskId=probe-953, offloadPayload=1024 bytes}"
5g-sender,1783014588814699910,edge4av-real-20260702-multiclient-scalability-run-3,p5g-scale-mqtt-payload-1024-clients-50,scale,guided-planning,mqtt,veh-30,veh-30,rsu-1,p5g-scale-mqtt-payload-1024-clients-50-veh-30-954,ipi-session-1,multiclient-scalability-run-3,veh-30,954,50-clients,default,stationary,unsynced,true,true,clients,50,count,IPI-CooperativeService,1098,1783014588768905046,1783014523981596323,1783014523981639883,1783014588814699910,45.795,,0.044,64833.060,"CooperativeService{guidedPlanning, status=request, vehicleId=0x7665682d3330, requestedHorizonMs=2500, confidence=100, planning.waypoints=1, offloadTaskId=probe-954, offloadPayload=1024 bytes}"
5g-sender,1783014589044890678,edge4av-real-20260702-multiclient-scalability-run-3,p5g-scale-mqtt-payload-1024-clients-50,scale,guided-planning,mqtt,veh-30,veh-30,rsu-1,p5g-scale-mqtt-payload-1024-clients-50-veh-30-955,ipi-session-1,multiclient-scalability-run-3,veh-30,955,50-clients,default,stationary,unsynced,true,true,clients,50,count,IPI-CooperativeService,1098,1783014589014846221,1783014524212813363,1783014524212856549,1783014589044890678,30.044,,0.043,64832.034,"CooperativeService{guidedPlanning, status=request, vehicleId=0x7665682d3330, requestedHorizonMs=2500, confidence=100, planning.waypoints=1, offloadTaskId=probe-955, offloadPayload=1024 bytes}"
5g-sender,1783014589274723152,edge4av-real-20260702-multiclient-scalability-run-3,p5g-scale-mqtt-payload-1024-clients-50,scale,guided-planning,mqtt,veh-30,veh-30,rsu-1,p5g-scale-mqtt-payload-1024-clients-50-veh-30-956,ipi-session-1,multiclient-scalability-run-3,veh-30,956,50-clients,default,stationary,unsynced,true,true,clients,50,count,IPI-CooperativeService,1098,1783014589245077662,1783014524442025331,1783014524442093854,1783014589274723152,29.645,,0.069,64832.629,"CooperativeService{guidedPlanning, status=request, vehicleId=0x7665682d3330, requestedHorizonMs=2500, confidence=100, planning.waypoints=1, offloadTaskId=probe-956, offloadPayload=1024 bytes}"
5g-sender,1783014589500724042,edge4av-real-20260702-multiclient-scalability-run-3,p5g-scale-mqtt-payload-1024-clients-50,scale,guided-planning,mqtt,veh-30,veh-30,rsu-1,p5g-scale-mqtt-payload-1024-clients-50-veh-30-957,ipi-session-1,multiclient-scalability-run-3,veh-30,957,50-clients,default,stationary,unsynced,true,true,clients,50,count,IPI-CooperativeService,1098,1783014589474869386,1783014524663861338,1783014524663905032,1783014589500724042,25.855,,0.044,64836.819,"CooperativeService{guidedPlanning, status=request, vehicleId=0x7665682d3330, requestedHorizonMs=2500, confidence=100, planning.waypoints=1, offloadTaskId=probe-957, offloadPayload=1024 bytes}"
5g-sender,1783014589736830312,edge4av-real-20260702-multiclient-scalability-run-3,p5g-scale-mqtt-payload-1024-clients-50,scale,guided-planning,mqtt,veh-30,veh-30,rsu-1,p5g-scale-mqtt-payload-1024-clients-50-veh-30-958,ipi-session-1,multiclient-scalability-run-3,veh-30,958,50-clients,default,stationary,unsynced,true,true,clients,50,count,IPI-CooperativeService,1098,1783014589700879102,1783014524902969588,1783014524903026044,1783014589736830312,35.951,,0.056,64833.804,"CooperativeService{guidedPlanning, status=request, vehicleId=0x7665682d3330, requestedHorizonMs=2500, confidence=100, planning.waypoints=1, offloadTaskId=probe-958, offloadPayload=1024 bytes}"
5g-sender,1783014589960662276,edge4av-real-20260702-multiclient-scalability-run-3,p5g-scale-mqtt-payload-1024-clients-50,scale,guided-planning,mqtt,veh-30,veh-30,rsu-1,p5g-scale-mqtt-payload-1024-clients-50-veh-30-959,ipi-session-1,multiclient-scalability-run-3,veh-30,959,50-clients,default,stationary,unsynced,true,true,clients,50,count,IPI-CooperativeService,1098,1783014589936973086,1783014525123466487,1783014525123510978,1783014589960662276,23.689,,0.044,64837.151,"CooperativeService{guidedPlanning, status=request, vehicleId=0x7665682d3330, requestedHorizonMs=2500, confidence=100, planning.waypoints=1, offloadTaskId=probe-959, offloadPayload=1024 bytes}"
5g-sender,1783014590188827185,edge4av-real-20260702-multiclient-scalability-run-3,p5g-scale-mqtt-payload-1024-clients-50,scale,guided-planning,mqtt,veh-30,veh-30,rsu-1,p5g-scale-mqtt-payload-1024-clients-50-veh-30-960,ipi-session-1,multiclient-scalability-run-3,veh-30,960,50-clients,default,stationary,unsynced,true,true,clients,50,count,IPI-CooperativeService,1098,1783014590160838483,1783014525353731145,1783014525353785408,1783014590188827185,27.989,,0.054,64835.042,"CooperativeService{guidedPlanning, status=request, vehicleId=0x7665682d3330, requestedHorizonMs=2500, confidence=100, planning.waypoints=1, offloadTaskId=probe-960, offloadPayload=1024 bytes}"
5g-sender,1783014590420707074,edge4av-real-20260702-multiclient-scalability-run-3,p5g-scale-mqtt-payload-1024-clients-50,scale,guided-planning,mqtt,veh-30,veh-30,rsu-1,p5g-scale-mqtt-payload-1024-clients-50-veh-30-961,ipi-session-1,multiclient-scalability-run-3,veh-30,961,50-clients,default,stationary,unsynced,true,true,clients,50,count,IPI-CooperativeService,1098,1783014590388977089,1783014525583620665,1783014525583671156,1783014590420707074,31.730,,0.050,64837.036,"CooperativeService{guidedPlanning, status=request, vehicleId=0x7665682d3330, requestedHorizonMs=2500, confidence=100, planning.waypoints=1, offloadTaskId=probe-961, offloadPayload=1024 bytes}"
5g-sender,1783014590656702696,edge4av-real-20260702-multiclient-scalability-run-3,p5g-scale-mqtt-payload-1024-clients-50,scale,guided-planning,mqtt,veh-30,veh-30,rsu-1,p5g-scale-mqtt-payload-1024-clients-50-veh-30-962,ipi-session-1,multiclient-scalability-run-3,veh-30,962,50-clients,default,stationary,unsynced,true,true,clients,50,count,IPI-CooperativeService,1098,1783014590620905451,1783014525823885764,1783014525823929424,1783014590656702696,35.797,,0.044,64832.773,"CooperativeService{guidedPlanning, status=request, vehicleId=0x7665682d3330, requestedHorizonMs=2500, confidence=100, planning.waypoints=1, offloadTaskId=probe-962, offloadPayload=1024 bytes}"
5g-sender,1783014590888786063,edge4av-real-20260702-multiclient-scalability-run-3,p5g-scale-mqtt-payload-1024-clients-50,scale,guided-planning,mqtt,veh-30,veh-30,rsu-1,p5g-scale-mqtt-payload-1024-clients-50-veh-30-963,ipi-session-1,multiclient-scalability-run-3,veh-30,963,50-clients,default,stationary,unsynced,true,true,clients,50,count,IPI-CooperativeService,1098,1783014590856854856,1783014526054022692,1783014526054089751,1783014590888786063,31.931,,0.067,64834.696,"CooperativeService{guidedPlanning, status=request, vehicleId=0x7665682d3330, requestedHorizonMs=2500, confidence=100, planning.waypoints=1, offloadTaskId=probe-963, offloadPayload=1024 bytes}"
5g-sender,1783014591124769072,edge4av-real-20260702-multiclient-scalability-run-3,p5g-scale-mqtt-payload-1024-clients-50,scale,guided-planning,mqtt,veh-30,veh-30,rsu-1,p5g-scale-mqtt-payload-1024-clients-50-veh-30-964,ipi-session-1,multiclient-scalability-run-3,veh-30,964,50-clients,default,stationary,unsynced,true,true,clients,50,count,IPI-CooperativeService,1098,1783014591088964224,1783014526284429551,1783014526284495393,1783014591124769072,35.805,,0.066,64840.274,"CooperativeService{guidedPlanning, status=request, vehicleId=0x7665682d3330, requestedHorizonMs=2500, confidence=100, planning.waypoints=1, offloadTaskId=probe-964, offloadPayload=1024 bytes}"
5g-sender,1783014591358742439,edge4av-real-20260702-multiclient-scalability-run-3,p5g-scale-mqtt-payload-1024-clients-50,scale,guided-planning,mqtt,veh-30,veh-30,rsu-1,p5g-scale-mqtt-payload-1024-clients-50-veh-30-965,ipi-session-1,multiclient-scalability-run-3,veh-30,965,50-clients,default,stationary,unsynced,true,true,clients,50,count,IPI-CooperativeService,1098,1783014591324920002,1783014526524328405,1783014526524376769,1783014591358742439,33.822,,0.048,64834.366,"CooperativeService{guidedPlanning, status=request, vehicleId=0x7665682d3330, requestedHorizonMs=2500, confidence=100, planning.waypoints=1, offloadTaskId=probe-965, offloadPayload=1024 bytes}"
5g-sender,1783014591588752681,edge4av-real-20260702-multiclient-scalability-run-3,p5g-scale-mqtt-payload-1024-clients-50,scale,guided-planning,mqtt,veh-30,veh-30,rsu-1,p5g-scale-mqtt-payload-1024-clients-50-veh-30-966,ipi-session-1,multiclient-scalability-run-3,veh-30,966,50-clients,default,stationary,unsynced,true,true,clients,50,count,IPI-CooperativeService,1098,1783014591558894069,1783014526755013579,1783014526755063295,1783014591588752681,29.859,,0.050,64833.689,"CooperativeService{guidedPlanning, status=request, vehicleId=0x7665682d3330, requestedHorizonMs=2500, confidence=100, planning.waypoints=1, offloadTaskId=probe-966, offloadPayload=1024 bytes}"
5g-sender,1783014591808776104,edge4av-real-20260702-multiclient-scalability-run-3,p5g-scale-mqtt-payload-1024-clients-50,scale,guided-planning,mqtt,veh-30,veh-30,rsu-1,p5g-scale-mqtt-payload-1024-clients-50-veh-30-967,ipi-session-1,multiclient-scalability-run-3,veh-30,967,50-clients,default,stationary,unsynced,true,true,clients,50,count,IPI-CooperativeService,1098,1783014591788900374,1783014526975118139,1783014526975182560,1783014591808776104,19.876,,0.064,64833.594,"CooperativeService{guidedPlanning, status=request, vehicleId=0x7665682d3330, requestedHorizonMs=2500, confidence=100, planning.waypoints=1, offloadTaskId=probe-967, offloadPayload=1024 bytes}"
5g-sender,1783014592040719733,edge4av-real-20260702-multiclient-scalability-run-3,p5g-scale-mqtt-payload-1024-clients-50,scale,guided-planning,mqtt,veh-30,veh-30,rsu-1,p5g-scale-mqtt-payload-1024-clients-50-veh-30-968,ipi-session-1,multiclient-scalability-run-3,veh-30,968,50-clients,default,stationary,unsynced,true,true,clients,50,count,IPI-CooperativeService,1098,1783014592008966485,1783014527205618204,1783014527205667595,1783014592040719733,31.753,,0.049,64835.052,"CooperativeService{guidedPlanning, status=request, vehicleId=0x7665682d3330, requestedHorizonMs=2500, confidence=100, planning.waypoints=1, offloadTaskId=probe-968, offloadPayload=1024 bytes}"
5g-sender,1783014592278788134,edge4av-real-20260702-multiclient-scalability-run-3,p5g-scale-mqtt-payload-1024-clients-50,scale,guided-planning,mqtt,veh-30,veh-30,rsu-1,p5g-scale-mqtt-payload-1024-clients-50-veh-30-969,ipi-session-1,multiclient-scalability-run-3,veh-30,969,50-clients,default,stationary,unsynced,true,true,clients,50,count,IPI-CooperativeService,1098,1783014592240867177,1783014527437733664,1783014527437777055,1783014592278788134,37.921,,0.043,64841.011,"CooperativeService{guidedPlanning, status=request, vehicleId=0x7665682d3330, requestedHorizonMs=2500, confidence=100, planning.waypoints=1, offloadTaskId=probe-969, offloadPayload=1024 bytes}"
5g-sender,1783014592522845317,edge4av-real-20260702-multiclient-scalability-run-3,p5g-scale-mqtt-payload-1024-clients-50,scale,guided-planning,mqtt,veh-30,veh-30,rsu-1,p5g-scale-mqtt-payload-1024-clients-50-veh-30-970,ipi-session-1,multiclient-scalability-run-3,veh-30,970,50-clients,default,stationary,unsynced,true,true,clients,50,count,IPI-CooperativeService,1098,1783014592478929370,1783014527688183628,1783014527688226205,1783014592522845317,43.916,,0.043,64834.619,"CooperativeService{guidedPlanning, status=request, vehicleId=0x7665682d3330, requestedHorizonMs=2500, confidence=100, planning.waypoints=1, offloadTaskId=probe-970, offloadPayload=1024 bytes}"
5g-sender,1783014592772814283,edge4av-real-20260702-multiclient-scalability-run-3,p5g-scale-mqtt-payload-1024-clients-50,scale,guided-planning,mqtt,veh-30,veh-30,rsu-1,p5g-scale-mqtt-payload-1024-clients-50-veh-30-971,ipi-session-1,multiclient-scalability-run-3,veh-30,971,50-clients,default,stationary,unsynced,true,true,clients,50,count,IPI-CooperativeService,1098,1783014592723023841,1783014527937503741,1783014527937546331,1783014592772814283,49.790,,0.043,64835.268,"CooperativeService{guidedPlanning, status=request, vehicleId=0x7665682d3330, requestedHorizonMs=2500, confidence=100, planning.waypoints=1, offloadTaskId=probe-971, offloadPayload=1024 bytes}"
5g-sender,1783014593000743443,edge4av-real-20260702-multiclient-scalability-run-3,p5g-scale-mqtt-payload-1024-clients-50,scale,guided-planning,mqtt,veh-30,veh-30,rsu-1,p5g-scale-mqtt-payload-1024-clients-50-veh-30-972,ipi-session-1,multiclient-scalability-run-3,veh-30,972,50-clients,default,stationary,unsynced,true,true,clients,50,count,IPI-CooperativeService,1098,1783014592972961473,1783014528168110665,1783014528168153836,1783014593000743443,27.782,,0.043,64832.590,"CooperativeService{guidedPlanning, status=request, vehicleId=0x7665682d3330, requestedHorizonMs=2500, confidence=100, planning.waypoints=1, offloadTaskId=probe-972, offloadPayload=1024 bytes}"
5g-sender,1783014593242771708,edge4av-real-20260702-multiclient-scalability-run-3,p5g-scale-mqtt-payload-1024-clients-50,scale,guided-planning,mqtt,veh-30,veh-30,rsu-1,p5g-scale-mqtt-payload-1024-clients-50-veh-30-973,ipi-session-1,multiclient-scalability-run-3,veh-30,973,50-clients,default,stationary,unsynced,true,true,clients,50,count,IPI-CooperativeService,1098,1783014593200903060,1783014528398298426,1783014528398341281,1783014593242771708,41.869,,0.043,64844.430,"CooperativeService{guidedPlanning, status=request, vehicleId=0x7665682d3330, requestedHorizonMs=2500, confidence=100, planning.waypoints=1, offloadTaskId=probe-973, offloadPayload=1024 bytes}"
5g-sender,1783014593478749360,edge4av-real-20260702-multiclient-scalability-run-3,p5g-scale-mqtt-payload-1024-clients-50,scale,guided-planning,mqtt,veh-30,veh-30,rsu-1,p5g-scale-mqtt-payload-1024-clients-50-veh-30-974,ipi-session-1,multiclient-scalability-run-3,veh-30,974,50-clients,default,stationary,unsynced,true,true,clients,50,count,IPI-CooperativeService,1098,1783014593442963865,1783014528638783174,1783014528638825860,1783014593478749360,35.785,,0.043,64839.923,"CooperativeService{guidedPlanning, status=request, vehicleId=0x7665682d3330, requestedHorizonMs=2500, confidence=100, planning.waypoints=1, offloadTaskId=probe-974, offloadPayload=1024 bytes}"
5g-sender,1783014593714681240,edge4av-real-20260702-multiclient-scalability-run-3,p5g-scale-mqtt-payload-1024-clients-50,scale,guided-planning,mqtt,veh-30,veh-30,rsu-1,p5g-scale-mqtt-payload-1024-clients-50-veh-30-975,ipi-session-1,multiclient-scalability-run-3,veh-30,975,50-clients,default,stationary,unsynced,true,true,clients,50,count,IPI-CooperativeService,1098,1783014593678895053,1783014528879095652,1783014528879138790,1783014593714681240,35.786,,0.043,64835.542,"CooperativeService{guidedPlanning, status=request, vehicleId=0x7665682d3330, requestedHorizonMs=2500, confidence=100, planning.waypoints=1, offloadTaskId=probe-975, offloadPayload=1024 bytes}"
5g-sender,1783014593944700533,edge4av-real-20260702-multiclient-scalability-run-3,p5g-scale-mqtt-payload-1024-clients-50,scale,guided-planning,mqtt,veh-30,veh-30,rsu-1,p5g-scale-mqtt-payload-1024-clients-50-veh-30-976,ipi-session-1,multiclient-scalability-run-3,veh-30,976,50-clients,default,stationary,unsynced,true,true,clients,50,count,IPI-CooperativeService,1098,1783014593914820307,1783014529108633309,1783014529108736019,1783014593944700533,29.880,,0.103,64835.965,"CooperativeService{guidedPlanning, status=request, vehicleId=0x7665682d3330, requestedHorizonMs=2500, confidence=100, planning.waypoints=1, offloadTaskId=probe-976, offloadPayload=1024 bytes}"
5g-sender,1783014594172815394,edge4av-real-20260702-multiclient-scalability-run-3,p5g-scale-mqtt-payload-1024-clients-50,scale,guided-planning,mqtt,veh-30,veh-30,rsu-1,p5g-scale-mqtt-payload-1024-clients-50-veh-30-977,ipi-session-1,multiclient-scalability-run-3,veh-30,977,50-clients,default,stationary,unsynced,true,true,clients,50,count,IPI-CooperativeService,1098,1783014594144847659,1783014529339394313,1783014529339451376,1783014594172815394,27.968,,0.057,64833.364,"CooperativeService{guidedPlanning, status=request, vehicleId=0x7665682d3330, requestedHorizonMs=2500, confidence=100, planning.waypoints=1, offloadTaskId=probe-977, offloadPayload=1024 bytes}"
5g-sender,1783014594408911793,edge4av-real-20260702-multiclient-scalability-run-3,p5g-scale-mqtt-payload-1024-clients-50,scale,guided-planning,mqtt,veh-30,veh-30,rsu-1,p5g-scale-mqtt-payload-1024-clients-50-veh-30-978,ipi-session-1,multiclient-scalability-run-3,veh-30,978,50-clients,default,stationary,unsynced,true,true,clients,50,count,IPI-CooperativeService,1098,1783014594372962090,1783014529569860532,1783014529569903782,1783014594408911793,35.950,,0.043,64839.008,"CooperativeService{guidedPlanning, status=request, vehicleId=0x7665682d3330, requestedHorizonMs=2500, confidence=100, planning.waypoints=1, offloadTaskId=probe-978, offloadPayload=1024 bytes}"
5g-sender,1783014594648949521,edge4av-real-20260702-multiclient-scalability-run-3,p5g-scale-mqtt-payload-1024-clients-50,scale,guided-planning,mqtt,veh-30,veh-30,rsu-1,p5g-scale-mqtt-payload-1024-clients-50-veh-30-979,ipi-session-1,multiclient-scalability-run-3,veh-30,979,50-clients,default,stationary,unsynced,true,true,clients,50,count,IPI-CooperativeService,1098,1783014594609054033,1783014529810614095,1783014529810657644,1783014594648949521,39.895,,0.044,64838.292,"CooperativeService{guidedPlanning, status=request, vehicleId=0x7665682d3330, requestedHorizonMs=2500, confidence=100, planning.waypoints=1, offloadTaskId=probe-979, offloadPayload=1024 bytes}"
5g-sender,1783014594888703399,edge4av-real-20260702-multiclient-scalability-run-3,p5g-scale-mqtt-payload-1024-clients-50,scale,guided-planning,mqtt,veh-30,veh-30,rsu-1,p5g-scale-mqtt-payload-1024-clients-50-veh-30-980,ipi-session-1,multiclient-scalability-run-3,veh-30,980,50-clients,default,stationary,unsynced,true,true,clients,50,count,IPI-CooperativeService,1098,1783014594849102857,1783014530050986293,1783014530051042475,1783014594888703399,39.601,,0.056,64837.661,"CooperativeService{guidedPlanning, status=request, vehicleId=0x7665682d3330, requestedHorizonMs=2500, confidence=100, planning.waypoints=1, offloadTaskId=probe-980, offloadPayload=1024 bytes}"
5g-sender,1783014595128925018,edge4av-real-20260702-multiclient-scalability-run-3,p5g-scale-mqtt-payload-1024-clients-50,scale,guided-planning,mqtt,veh-30,veh-30,rsu-1,p5g-scale-mqtt-payload-1024-clients-50-veh-30-981,ipi-session-1,multiclient-scalability-run-3,veh-30,981,50-clients,default,stationary,unsynced,true,true,clients,50,count,IPI-CooperativeService,1098,1783014595088885758,1783014530291645157,1783014530291702811,1783014595128925018,40.039,,0.058,64837.222,"CooperativeService{guidedPlanning, status=request, vehicleId=0x7665682d3330, requestedHorizonMs=2500, confidence=100, planning.waypoints=1, offloadTaskId=probe-981, offloadPayload=1024 bytes}"
5g-sender,1783014595376915199,edge4av-real-20260702-multiclient-scalability-run-3,p5g-scale-mqtt-payload-1024-clients-50,scale,guided-planning,mqtt,veh-30,veh-30,rsu-1,p5g-scale-mqtt-payload-1024-clients-50-veh-30-982,ipi-session-1,multiclient-scalability-run-3,veh-30,982,50-clients,default,stationary,unsynced,true,true,clients,50,count,IPI-CooperativeService,1098,1783014595329071287,1783014530543688009,1783014530543740995,1783014595376915199,47.844,,0.053,64833.174,"CooperativeService{guidedPlanning, status=request, vehicleId=0x7665682d3330, requestedHorizonMs=2500, confidence=100, planning.waypoints=1, offloadTaskId=probe-982, offloadPayload=1024 bytes}"
5g-sender,1783014595606807106,edge4av-real-20260702-multiclient-scalability-run-3,p5g-scale-mqtt-payload-1024-clients-50,scale,guided-planning,mqtt,veh-30,veh-30,rsu-1,p5g-scale-mqtt-payload-1024-clients-50-veh-30-983,ipi-session-1,multiclient-scalability-run-3,veh-30,983,50-clients,default,stationary,unsynced,true,true,clients,50,count,IPI-CooperativeService,1098,1783014595577060602,1783014530772449350,1783014530772505580,1783014595606807106,29.747,,0.056,64834.302,"CooperativeService{guidedPlanning, status=request, vehicleId=0x7665682d3330, requestedHorizonMs=2500, confidence=100, planning.waypoints=1, offloadTaskId=probe-983, offloadPayload=1024 bytes}"
5g-sender,1783014595842709656,edge4av-real-20260702-multiclient-scalability-run-3,p5g-scale-mqtt-payload-1024-clients-50,scale,guided-planning,mqtt,veh-30,veh-30,rsu-1,p5g-scale-mqtt-payload-1024-clients-50-veh-30-984,ipi-session-1,multiclient-scalability-run-3,veh-30,984,50-clients,default,stationary,unsynced,true,true,clients,50,count,IPI-CooperativeService,1098,1783014595806951988,1783014531002000252,1783014531002057331,1783014595842709656,35.758,,0.057,64840.652,"CooperativeService{guidedPlanning, status=request, vehicleId=0x7665682d3330, requestedHorizonMs=2500, confidence=100, planning.waypoints=1, offloadTaskId=probe-984, offloadPayload=1024 bytes}"
5g-sender,1783014596068912084,edge4av-real-20260702-multiclient-scalability-run-3,p5g-scale-mqtt-payload-1024-clients-50,scale,guided-planning,mqtt,veh-30,veh-30,rsu-1,p5g-scale-mqtt-payload-1024-clients-50-veh-30-985,ipi-session-1,multiclient-scalability-run-3,veh-30,985,50-clients,default,stationary,unsynced,true,true,clients,50,count,IPI-CooperativeService,1098,1783014596042854869,1783014531233609911,1783014531233653344,1783014596068912084,26.057,,0.043,64835.259,"CooperativeService{guidedPlanning, status=request, vehicleId=0x7665682d3330, requestedHorizonMs=2500, confidence=100, planning.waypoints=1, offloadTaskId=probe-985, offloadPayload=1024 bytes}"
5g-sender,1783014596308665088,edge4av-real-20260702-multiclient-scalability-run-3,p5g-scale-mqtt-payload-1024-clients-50,scale,guided-planning,mqtt,veh-30,veh-30,rsu-1,p5g-scale-mqtt-payload-1024-clients-50-veh-30-986,ipi-session-1,multiclient-scalability-run-3,veh-30,986,50-clients,default,stationary,unsynced,true,true,clients,50,count,IPI-CooperativeService,1098,1783014596269054060,1783014531472577377,1783014531472620317,1783014596308665088,39.611,,0.043,64836.045,"CooperativeService{guidedPlanning, status=request, vehicleId=0x7665682d3330, requestedHorizonMs=2500, confidence=100, planning.waypoints=1, offloadTaskId=probe-986, offloadPayload=1024 bytes}"
5g-sender,1783014596556933599,edge4av-real-20260702-multiclient-scalability-run-3,p5g-scale-mqtt-payload-1024-clients-50,scale,guided-planning,mqtt,veh-30,veh-30,rsu-1,p5g-scale-mqtt-payload-1024-clients-50-veh-30-987,ipi-session-1,multiclient-scalability-run-3,veh-30,987,50-clients,default,stationary,unsynced,true,true,clients,50,count,IPI-CooperativeService,1098,1783014596508851334,1783014531723918878,1783014531723963512,1783014596556933599,48.082,,0.045,64832.970,"CooperativeService{guidedPlanning, status=request, vehicleId=0x7665682d3330, requestedHorizonMs=2500, confidence=100, planning.waypoints=1, offloadTaskId=probe-987, offloadPayload=1024 bytes}"
5g-sender,1783014596794767452,edge4av-real-20260702-multiclient-scalability-run-3,p5g-scale-mqtt-payload-1024-clients-50,scale,guided-planning,mqtt,veh-30,veh-30,rsu-1,p5g-scale-mqtt-payload-1024-clients-50-veh-30-988,ipi-session-1,multiclient-scalability-run-3,veh-30,988,50-clients,default,stationary,unsynced,true,true,clients,50,count,IPI-CooperativeService,1098,1783014596757079945,1783014531954826730,1783014531954889355,1783014596794767452,37.688,,0.063,64839.878,"CooperativeService{guidedPlanning, status=request, vehicleId=0x7665682d3330, requestedHorizonMs=2500, confidence=100, planning.waypoints=1, offloadTaskId=probe-988, offloadPayload=1024 bytes}"
5g-sender,1783014597026763904,edge4av-real-20260702-multiclient-scalability-run-3,p5g-scale-mqtt-payload-1024-clients-50,scale,guided-planning,mqtt,veh-30,veh-30,rsu-1,p5g-scale-mqtt-payload-1024-clients-50-veh-30-989,ipi-session-1,multiclient-scalability-run-3,veh-30,989,50-clients,default,stationary,unsynced,true,true,clients,50,count,IPI-CooperativeService,1098,1783014596994913535,1783014532195119062,1783014532195161462,1783014597026763904,31.850,,0.042,64831.602,"CooperativeService{guidedPlanning, status=request, vehicleId=0x7665682d3330, requestedHorizonMs=2500, confidence=100, planning.waypoints=1, offloadTaskId=probe-989, offloadPayload=1024 bytes}"
5g-sender,1783014597269034792,edge4av-real-20260702-multiclient-scalability-run-3,p5g-scale-mqtt-payload-1024-clients-50,scale,guided-planning,mqtt,veh-30,veh-30,rsu-1,p5g-scale-mqtt-payload-1024-clients-50-veh-30-990,ipi-session-1,multiclient-scalability-run-3,veh-30,990,50-clients,default,stationary,unsynced,true,true,clients,50,count,IPI-CooperativeService,1098,1783014597226908014,1783014532428043743,1783014532428086695,1783014597269034792,42.127,,0.043,64840.948,"CooperativeService{guidedPlanning, status=request, vehicleId=0x7665682d3330, requestedHorizonMs=2500, confidence=100, planning.waypoints=1, offloadTaskId=probe-990, offloadPayload=1024 bytes}"
5g-sender,1783014597514737519,edge4av-real-20260702-multiclient-scalability-run-3,p5g-scale-mqtt-payload-1024-clients-50,scale,guided-planning,mqtt,veh-30,veh-30,rsu-1,p5g-scale-mqtt-payload-1024-clients-50-veh-30-991,ipi-session-1,multiclient-scalability-run-3,veh-30,991,50-clients,default,stationary,unsynced,true,true,clients,50,count,IPI-CooperativeService,1098,1783014597469201288,1783014532676823862,1783014532676866485,1783014597514737519,45.536,,0.043,64837.871,"CooperativeService{guidedPlanning, status=request, vehicleId=0x7665682d3330, requestedHorizonMs=2500, confidence=100, planning.waypoints=1, offloadTaskId=probe-991, offloadPayload=1024 bytes}"
5g-sender,1783014597754929550,edge4av-real-20260702-multiclient-scalability-run-3,p5g-scale-mqtt-payload-1024-clients-50,scale,guided-planning,mqtt,veh-30,veh-30,rsu-1,p5g-scale-mqtt-payload-1024-clients-50-veh-30-992,ipi-session-1,multiclient-scalability-run-3,veh-30,992,50-clients,default,stationary,unsynced,true,true,clients,50,count,IPI-CooperativeService,1098,1783014597714887368,1783014532917300011,1783014532917354221,1783014597754929550,40.042,,0.054,64837.575,"CooperativeService{guidedPlanning, status=request, vehicleId=0x7665682d3330, requestedHorizonMs=2500, confidence=100, planning.waypoints=1, offloadTaskId=probe-992, offloadPayload=1024 bytes}"
5g-sender,1783014598004722874,edge4av-real-20260702-multiclient-scalability-run-3,p5g-scale-mqtt-payload-1024-clients-50,scale,guided-planning,mqtt,veh-30,veh-30,rsu-1,p5g-scale-mqtt-payload-1024-clients-50-veh-30-993,ipi-session-1,multiclient-scalability-run-3,veh-30,993,50-clients,default,stationary,unsynced,true,true,clients,50,count,IPI-CooperativeService,1098,1783014597955119867,1783014533167783128,1783014533167825939,1783014598004722874,49.603,,0.043,64836.897,"CooperativeService{guidedPlanning, status=request, vehicleId=0x7665682d3330, requestedHorizonMs=2500, confidence=100, planning.waypoints=1, offloadTaskId=probe-993, offloadPayload=1024 bytes}"
5g-sender,1783014598252781572,edge4av-real-20260702-multiclient-scalability-run-3,p5g-scale-mqtt-payload-1024-clients-50,scale,guided-planning,mqtt,veh-30,veh-30,rsu-1,p5g-scale-mqtt-payload-1024-clients-50-veh-30-994,ipi-session-1,multiclient-scalability-run-3,veh-30,994,50-clients,default,stationary,unsynced,true,true,clients,50,count,IPI-CooperativeService,1098,1783014598204867543,1783014533416733043,1783014533416776296,1783014598252781572,47.914,,0.043,64836.005,"CooperativeService{guidedPlanning, status=request, vehicleId=0x7665682d3330, requestedHorizonMs=2500, confidence=100, planning.waypoints=1, offloadTaskId=probe-994, offloadPayload=1024 bytes}"
5g-sender,1783014598490854678,edge4av-real-20260702-multiclient-scalability-run-3,p5g-scale-mqtt-payload-1024-clients-50,scale,guided-planning,mqtt,veh-30,veh-30,rsu-1,p5g-scale-mqtt-payload-1024-clients-50-veh-30-995,ipi-session-1,multiclient-scalability-run-3,veh-30,995,50-clients,default,stationary,unsynced,true,true,clients,50,count,IPI-CooperativeService,1098,1783014598452922331,1783014533657970469,1783014533658012841,1783014598490854678,37.932,,0.042,64832.842,"CooperativeService{guidedPlanning, status=request, vehicleId=0x7665682d3330, requestedHorizonMs=2500, confidence=100, planning.waypoints=1, offloadTaskId=probe-995, offloadPayload=1024 bytes}"
5g-sender,1783014598734781986,edge4av-real-20260702-multiclient-scalability-run-3,p5g-scale-mqtt-payload-1024-clients-50,scale,guided-planning,mqtt,veh-30,veh-30,rsu-1,p5g-scale-mqtt-payload-1024-clients-50-veh-30-996,ipi-session-1,multiclient-scalability-run-3,veh-30,996,50-clients,default,stationary,unsynced,true,true,clients,50,count,IPI-CooperativeService,1098,1783014598691005430,1783014533898070291,1783014533898112414,1783014598734781986,43.777,,0.042,64836.670,"CooperativeService{guidedPlanning, status=request, vehicleId=0x7665682d3330, requestedHorizonMs=2500, confidence=100, planning.waypoints=1, offloadTaskId=probe-996, offloadPayload=1024 bytes}"
5g-sender,1783014598964817040,edge4av-real-20260702-multiclient-scalability-run-3,p5g-scale-mqtt-payload-1024-clients-50,scale,guided-planning,mqtt,veh-30,veh-30,rsu-1,p5g-scale-mqtt-payload-1024-clients-50-veh-30-997,ipi-session-1,multiclient-scalability-run-3,veh-30,997,50-clients,default,stationary,unsynced,true,true,clients,50,count,IPI-CooperativeService,1098,1783014598934926861,1783014534128043382,1783014534128098130,1783014598964817040,29.890,,0.055,64836.719,"CooperativeService{guidedPlanning, status=request, vehicleId=0x7665682d3330, requestedHorizonMs=2500, confidence=100, planning.waypoints=1, offloadTaskId=probe-997, offloadPayload=1024 bytes}"
5g-sender,1783014599194811094,edge4av-real-20260702-multiclient-scalability-run-3,p5g-scale-mqtt-payload-1024-clients-50,scale,guided-planning,mqtt,veh-30,veh-30,rsu-1,p5g-scale-mqtt-payload-1024-clients-50-veh-30-998,ipi-session-1,multiclient-scalability-run-3,veh-30,998,50-clients,default,stationary,unsynced,true,true,clients,50,count,IPI-CooperativeService,1098,1783014599164962798,1783014534358735241,1783014534358785949,1783014599194811094,29.848,,0.051,64836.025,"CooperativeService{guidedPlanning, status=request, vehicleId=0x7665682d3330, requestedHorizonMs=2500, confidence=100, planning.waypoints=1, offloadTaskId=probe-998, offloadPayload=1024 bytes}"
5g-sender,1783014599422908212,edge4av-real-20260702-multiclient-scalability-run-3,p5g-scale-mqtt-payload-1024-clients-50,scale,guided-planning,mqtt,veh-30,veh-30,rsu-1,p5g-scale-mqtt-payload-1024-clients-50-veh-30-999,ipi-session-1,multiclient-scalability-run-3,veh-30,999,50-clients,default,stationary,unsynced,true,true,clients,50,count,IPI-CooperativeService,1098,1783014599395002970,1783014534588152576,1783014534588204954,1783014599422908212,27.905,,0.052,64834.703,"CooperativeService{guidedPlanning, status=request, vehicleId=0x7665682d3330, requestedHorizonMs=2500, confidence=100, planning.waypoints=1, offloadTaskId=probe-999, offloadPayload=1024 bytes}"
5g-sender,1783014599644878084,edge4av-real-20260702-multiclient-scalability-run-3,p5g-scale-mqtt-payload-1024-clients-50,scale,guided-planning,mqtt,veh-30,veh-30,rsu-1,p5g-scale-mqtt-payload-1024-clients-50-veh-30-1000,ipi-session-1,multiclient-scalability-run-3,veh-30,1000,50-clients,default,stationary,unsynced,true,true,clients,50,count,IPI-CooperativeService,1099,1783014599623054841,1783014534808467722,1783014534808519478,1783014599644878084,21.823,,0.052,64836.359,"CooperativeService{guidedPlanning, status=request, vehicleId=0x7665682d3330, requestedHorizonMs=2500, confidence=100, planning.waypoints=1, offloadTaskId=probe-1000, offloadPayload=1024 bytes}"
