emitter_role,emit_time_ns,run_id,condition_id,condition_label,service_type,transport,av_id,obu_id,rsu_id,request_id,session_id,intersection_id,source_id,sequence,network_load_level,qos_profile,mobility_state,clock_sync_state,accepted,service_success,vehicle_outcome_name,vehicle_outcome_value,vehicle_outcome_unit,frame_type,payload_bytes,client_send_ns,server_receive_ns,server_send_ns,client_receive_ns,rtt_ms,uplink_ms,server_ms,downlink_ms,detail
5g-sender,1786030509455864161,edge4av-real-20260806-airspan-followup-run-1,c4-rep1-tcp,airspan-followup-70-20-10,guided-planning,tcp,veh-081,veh-081,rsu-1,c4-rep1-tcp-veh-081-1,ipi-session-1,airspan-followup-c4-rep1,veh-081,1,100-clients,default,stationary,unsynced,true,true,payload_bytes,1024,bytes,IPI-CooperativeService,1097,1786030509157691310,1786030335469938876,1786030335469996149,1786030509455864161,298.173,,0.057,173985.868,"CooperativeService{guidedPlanning, status=request, vehicleId=0x7665682d303831, requestedHorizonMs=2500, confidence=100, planning.waypoints=1, offloadTaskId=probe-1, offloadPayload=1024 bytes}"
5g-sender,1786030509883516487,edge4av-real-20260806-airspan-followup-run-1,c4-rep1-tcp,airspan-followup-70-20-10,guided-planning,tcp,veh-081,veh-081,rsu-1,c4-rep1-tcp-veh-081-2,ipi-session-1,airspan-followup-c4-rep1,veh-081,2,100-clients,default,stationary,unsynced,true,true,payload_bytes,1024,bytes,IPI-CooperativeService,1097,1786030509656093242,1786030335880151339,1786030335880166596,1786030509883516487,227.423,,0.015,174003.350,"CooperativeService{guidedPlanning, status=request, vehicleId=0x7665682d303831, requestedHorizonMs=2500, confidence=100, planning.waypoints=1, offloadTaskId=probe-2, offloadPayload=1024 bytes}"
5g-sender,1786030510326830445,edge4av-real-20260806-airspan-followup-run-1,c4-rep1-tcp,airspan-followup-70-20-10,guided-planning,tcp,veh-081,veh-081,rsu-1,c4-rep1-tcp-veh-081-3,ipi-session-1,airspan-followup-c4-rep1,veh-081,3,100-clients,default,stationary,unsynced,true,true,payload_bytes,1024,bytes,IPI-CooperativeService,1097,1786030510083653017,1786030336331395352,1786030336331449092,1786030510326830445,243.177,,0.054,173995.381,"CooperativeService{guidedPlanning, status=request, vehicleId=0x7665682d303831, requestedHorizonMs=2500, confidence=100, planning.waypoints=1, offloadTaskId=probe-3, offloadPayload=1024 bytes}"
5g-sender,1786030510846478593,edge4av-real-20260806-airspan-followup-run-1,c4-rep1-tcp,airspan-followup-70-20-10,guided-planning,tcp,veh-081,veh-081,rsu-1,c4-rep1-tcp-veh-081-4,ipi-session-1,airspan-followup-c4-rep1,veh-081,4,100-clients,default,stationary,unsynced,true,true,payload_bytes,1024,bytes,IPI-CooperativeService,1097,1786030510527034921,1786030336862211842,1786030336862254545,1786030510846478593,319.444,,0.043,173984.224,"CooperativeService{guidedPlanning, status=request, vehicleId=0x7665682d303831, requestedHorizonMs=2500, confidence=100, planning.waypoints=1, offloadTaskId=probe-4, offloadPayload=1024 bytes}"
5g-sender,1786030511308593267,edge4av-real-20260806-airspan-followup-run-1,c4-rep1-tcp,airspan-followup-70-20-10,guided-planning,tcp,veh-081,veh-081,rsu-1,c4-rep1-tcp-veh-081-5,ipi-session-1,airspan-followup-c4-rep1,veh-081,5,100-clients,default,stationary,unsynced,true,true,payload_bytes,1024,bytes,IPI-CooperativeService,1097,1786030511046713207,1786030337302534811,1786030337302564265,1786030511308593267,261.880,,0.029,174006.029,"CooperativeService{guidedPlanning, status=request, vehicleId=0x7665682d303831, requestedHorizonMs=2500, confidence=100, planning.waypoints=1, offloadTaskId=probe-5, offloadPayload=1024 bytes}"
5g-sender,1786030511768596314,edge4av-real-20260806-airspan-followup-run-1,c4-rep1-tcp,airspan-followup-70-20-10,guided-planning,tcp,veh-081,veh-081,rsu-1,c4-rep1-tcp-veh-081-6,ipi-session-1,airspan-followup-c4-rep1,veh-081,6,100-clients,default,stationary,unsynced,true,true,payload_bytes,1024,bytes,IPI-CooperativeService,1097,1786030511508791548,1786030337773571867,1786030337773626343,1786030511768596314,259.805,,0.054,173994.970,"CooperativeService{guidedPlanning, status=request, vehicleId=0x7665682d303831, requestedHorizonMs=2500, confidence=100, planning.waypoints=1, offloadTaskId=probe-6, offloadPayload=1024 bytes}"
5g-sender,1786030512202008292,edge4av-real-20260806-airspan-followup-run-1,c4-rep1-tcp,airspan-followup-70-20-10,guided-planning,tcp,veh-081,veh-081,rsu-1,c4-rep1-tcp-veh-081-7,ipi-session-1,airspan-followup-c4-rep1,veh-081,7,100-clients,default,stationary,unsynced,true,true,payload_bytes,1024,bytes,IPI-CooperativeService,1097,1786030511968884645,1786030338214720168,1786030338214803284,1786030512202008292,233.124,,0.083,173987.205,"CooperativeService{guidedPlanning, status=request, vehicleId=0x7665682d303831, requestedHorizonMs=2500, confidence=100, planning.waypoints=1, offloadTaskId=probe-7, offloadPayload=1024 bytes}"
5g-sender,1786030512597797938,edge4av-real-20260806-airspan-followup-run-1,c4-rep1-tcp,airspan-followup-70-20-10,guided-planning,tcp,veh-081,veh-081,rsu-1,c4-rep1-tcp-veh-081-8,ipi-session-1,airspan-followup-c4-rep1,veh-081,8,100-clients,default,stationary,unsynced,true,true,payload_bytes,1024,bytes,IPI-CooperativeService,1097,1786030512402201836,1786030338615115797,1786030338615160271,1786030512597797938,195.596,,0.044,173982.638,"CooperativeService{guidedPlanning, status=request, vehicleId=0x7665682d303831, requestedHorizonMs=2500, confidence=100, planning.waypoints=1, offloadTaskId=probe-8, offloadPayload=1024 bytes}"
5g-sender,1786030513009845903,edge4av-real-20260806-airspan-followup-run-1,c4-rep1-tcp,airspan-followup-70-20-10,guided-planning,tcp,veh-081,veh-081,rsu-1,c4-rep1-tcp-veh-081-9,ipi-session-1,airspan-followup-c4-rep1,veh-081,9,100-clients,default,stationary,unsynced,true,true,payload_bytes,1024,bytes,IPI-CooperativeService,1097,1786030512797984046,1786030339025428504,1786030339025443614,1786030513009845903,211.862,,0.015,173984.402,"CooperativeService{guidedPlanning, status=request, vehicleId=0x7665682d303831, requestedHorizonMs=2500, confidence=100, planning.waypoints=1, offloadTaskId=probe-9, offloadPayload=1024 bytes}"
5g-sender,1786030513454081984,edge4av-real-20260806-airspan-followup-run-1,c4-rep1-tcp,airspan-followup-70-20-10,guided-planning,tcp,veh-081,veh-081,rsu-1,c4-rep1-tcp-veh-081-10,ipi-session-1,airspan-followup-c4-rep1,veh-081,10,100-clients,default,stationary,unsynced,true,true,payload_bytes,1024,bytes,IPI-CooperativeService,1098,1786030513210083240,1786030339456533978,1786030339456585358,1786030513454081984,243.999,,0.051,173997.497,"CooperativeService{guidedPlanning, status=request, vehicleId=0x7665682d303831, requestedHorizonMs=2500, confidence=100, planning.waypoints=1, offloadTaskId=probe-10, offloadPayload=1024 bytes}"
5g-sender,1786030513868040975,edge4av-real-20260806-airspan-followup-run-1,c4-rep1-tcp,airspan-followup-70-20-10,guided-planning,tcp,veh-081,veh-081,rsu-1,c4-rep1-tcp-veh-081-11,ipi-session-1,airspan-followup-c4-rep1,veh-081,11,100-clients,default,stationary,unsynced,true,true,payload_bytes,1024,bytes,IPI-CooperativeService,1098,1786030513654247331,1786030339887146651,1786030339887184930,1786030513868040975,213.794,,0.038,173980.856,"CooperativeService{guidedPlanning, status=request, vehicleId=0x7665682d303831, requestedHorizonMs=2500, confidence=100, planning.waypoints=1, offloadTaskId=probe-11, offloadPayload=1024 bytes}"
5g-sender,1786030514403896016,edge4av-real-20260806-airspan-followup-run-1,c4-rep1-tcp,airspan-followup-70-20-10,guided-planning,tcp,veh-081,veh-081,rsu-1,c4-rep1-tcp-veh-081-12,ipi-session-1,airspan-followup-c4-rep1,veh-081,12,100-clients,default,stationary,unsynced,true,true,payload_bytes,1024,bytes,IPI-CooperativeService,1098,1786030514068295854,1786030340418288737,1786030340418339983,1786030514403896016,335.600,,0.051,173985.556,"CooperativeService{guidedPlanning, status=request, vehicleId=0x7665682d303831, requestedHorizonMs=2500, confidence=100, planning.waypoints=1, offloadTaskId=probe-12, offloadPayload=1024 bytes}"
5g-sender,1786030514899791104,edge4av-real-20260806-airspan-followup-run-1,c4-rep1-tcp,airspan-followup-70-20-10,guided-planning,tcp,veh-081,veh-081,rsu-1,c4-rep1-tcp-veh-081-13,ipi-session-1,airspan-followup-c4-rep1,veh-081,13,100-clients,default,stationary,unsynced,true,true,payload_bytes,1024,bytes,IPI-CooperativeService,1098,1786030514604095191,1786030340888850734,1786030340888875262,1786030514899791104,295.696,,0.025,174010.916,"CooperativeService{guidedPlanning, status=request, vehicleId=0x7665682d303831, requestedHorizonMs=2500, confidence=100, planning.waypoints=1, offloadTaskId=probe-13, offloadPayload=1024 bytes}"
5g-sender,1786030515295913778,edge4av-real-20260806-airspan-followup-run-1,c4-rep1-tcp,airspan-followup-70-20-10,guided-planning,tcp,veh-081,veh-081,rsu-1,c4-rep1-tcp-veh-081-14,ipi-session-1,airspan-followup-c4-rep1,veh-081,14,100-clients,default,stationary,unsynced,true,true,payload_bytes,1024,bytes,IPI-CooperativeService,1098,1786030515100055213,1786030341289425868,1786030341289447232,1786030515295913778,195.859,,0.021,174006.467,"CooperativeService{guidedPlanning, status=request, vehicleId=0x7665682d303831, requestedHorizonMs=2500, confidence=100, planning.waypoints=1, offloadTaskId=probe-14, offloadPayload=1024 bytes}"
5g-sender,1786030515767997521,edge4av-real-20260806-airspan-followup-run-1,c4-rep1-tcp,airspan-followup-70-20-10,guided-planning,tcp,veh-081,veh-081,rsu-1,c4-rep1-tcp-veh-081-15,ipi-session-1,airspan-followup-c4-rep1,veh-081,15,100-clients,default,stationary,unsynced,true,true,payload_bytes,1024,bytes,IPI-CooperativeService,1098,1786030515496123223,1786030341770560323,1786030341770607727,1786030515767997521,271.874,,0.047,173997.390,"CooperativeService{guidedPlanning, status=request, vehicleId=0x7665682d303831, requestedHorizonMs=2500, confidence=100, planning.waypoints=1, offloadTaskId=probe-15, offloadPayload=1024 bytes}"
5g-sender,1786030516230121364,edge4av-real-20260806-airspan-followup-run-1,c4-rep1-tcp,airspan-followup-70-20-10,guided-planning,tcp,veh-081,veh-081,rsu-1,c4-rep1-tcp-veh-081-16,ipi-session-1,airspan-followup-c4-rep1,veh-081,16,100-clients,default,stationary,unsynced,true,true,payload_bytes,1024,bytes,IPI-CooperativeService,1098,1786030515968208619,1786030342241454879,1786030342241496583,1786030516230121364,261.913,,0.042,173988.625,"CooperativeService{guidedPlanning, status=request, vehicleId=0x7665682d303831, requestedHorizonMs=2500, confidence=100, planning.waypoints=1, offloadTaskId=probe-16, offloadPayload=1024 bytes}"
5g-sender,1786030516731821085,edge4av-real-20260806-airspan-followup-run-1,c4-rep1-tcp,airspan-followup-70-20-10,guided-planning,tcp,veh-081,veh-081,rsu-1,c4-rep1-tcp-veh-081-17,ipi-session-1,airspan-followup-c4-rep1,veh-081,17,100-clients,default,stationary,unsynced,true,true,payload_bytes,1024,bytes,IPI-CooperativeService,1098,1786030516430314052,1786030342742065936,1786030342742125648,1786030516731821085,301.507,,0.060,173989.695,"CooperativeService{guidedPlanning, status=request, vehicleId=0x7665682d303831, requestedHorizonMs=2500, confidence=100, planning.waypoints=1, offloadTaskId=probe-17, offloadPayload=1024 bytes}"
5g-sender,1786030517211977497,edge4av-real-20260806-airspan-followup-run-1,c4-rep1-tcp,airspan-followup-70-20-10,guided-planning,tcp,veh-081,veh-081,rsu-1,c4-rep1-tcp-veh-081-18,ipi-session-1,airspan-followup-c4-rep1,veh-081,18,100-clients,default,stationary,unsynced,true,true,payload_bytes,1024,bytes,IPI-CooperativeService,1098,1786030516932034420,1786030343213005866,1786030343213047301,1786030517211977497,279.943,,0.041,173998.930,"CooperativeService{guidedPlanning, status=request, vehicleId=0x7665682d303831, requestedHorizonMs=2500, confidence=100, planning.waypoints=1, offloadTaskId=probe-18, offloadPayload=1024 bytes}"
5g-sender,1786030517633989800,edge4av-real-20260806-airspan-followup-run-1,c4-rep1-tcp,airspan-followup-70-20-10,guided-planning,tcp,veh-081,veh-081,rsu-1,c4-rep1-tcp-veh-081-19,ipi-session-1,airspan-followup-c4-rep1,veh-081,19,100-clients,default,stationary,unsynced,true,true,payload_bytes,1024,bytes,IPI-CooperativeService,1098,1786030517413091057,1786030343643787150,1786030343643832832,1786030517633989800,220.899,,0.046,173990.157,"CooperativeService{guidedPlanning, status=request, vehicleId=0x7665682d303831, requestedHorizonMs=2500, confidence=100, planning.waypoints=1, offloadTaskId=probe-19, offloadPayload=1024 bytes}"
5g-sender,1786030518011947291,edge4av-real-20260806-airspan-followup-run-1,c4-rep1-tcp,airspan-followup-70-20-10,guided-planning,tcp,veh-081,veh-081,rsu-1,c4-rep1-tcp-veh-081-20,ipi-session-1,airspan-followup-c4-rep1,veh-081,20,100-clients,default,stationary,unsynced,true,true,payload_bytes,1024,bytes,IPI-CooperativeService,1098,1786030517834191592,1786030344024351852,1786030344024393040,1786030518011947291,177.756,,0.041,173987.554,"CooperativeService{guidedPlanning, status=request, vehicleId=0x7665682d303831, requestedHorizonMs=2500, confidence=100, planning.waypoints=1, offloadTaskId=probe-20, offloadPayload=1024 bytes}"
5g-sender,1786030518512013838,edge4av-real-20260806-airspan-followup-run-1,c4-rep1-tcp,airspan-followup-70-20-10,guided-planning,tcp,veh-081,veh-081,rsu-1,c4-rep1-tcp-veh-081-21,ipi-session-1,airspan-followup-c4-rep1,veh-081,21,100-clients,default,stationary,unsynced,true,true,payload_bytes,1024,bytes,IPI-CooperativeService,1098,1786030518212185773,1786030344515175500,1786030344515260131,1786030518512013838,299.828,,0.085,173996.754,"CooperativeService{guidedPlanning, status=request, vehicleId=0x7665682d303831, requestedHorizonMs=2500, confidence=100, planning.waypoints=1, offloadTaskId=probe-21, offloadPayload=1024 bytes}"
5g-sender,1786030518951857276,edge4av-real-20260806-airspan-followup-run-1,c4-rep1-tcp,airspan-followup-70-20-10,guided-planning,tcp,veh-081,veh-081,rsu-1,c4-rep1-tcp-veh-081-22,ipi-session-1,airspan-followup-c4-rep1,veh-081,22,100-clients,default,stationary,unsynced,true,true,payload_bytes,1024,bytes,IPI-CooperativeService,1098,1786030518712208737,1786030344965870197,1786030344965956016,1786030518951857276,239.649,,0.086,173985.901,"CooperativeService{guidedPlanning, status=request, vehicleId=0x7665682d303831, requestedHorizonMs=2500, confidence=100, planning.waypoints=1, offloadTaskId=probe-22, offloadPayload=1024 bytes}"
5g-sender,1786030519425878104,edge4av-real-20260806-airspan-followup-run-1,c4-rep1-tcp,airspan-followup-70-20-10,guided-planning,tcp,veh-081,veh-081,rsu-1,c4-rep1-tcp-veh-081-23,ipi-session-1,airspan-followup-c4-rep1,veh-081,23,100-clients,default,stationary,unsynced,true,true,payload_bytes,1024,bytes,IPI-CooperativeService,1098,1786030519152037755,1786030345426546558,1786030345426603635,1786030519425878104,273.840,,0.057,173999.274,"CooperativeService{guidedPlanning, status=request, vehicleId=0x7665682d303831, requestedHorizonMs=2500, confidence=100, planning.waypoints=1, offloadTaskId=probe-23, offloadPayload=1024 bytes}"
5g-sender,1786030519883787372,edge4av-real-20260806-airspan-followup-run-1,c4-rep1-tcp,airspan-followup-70-20-10,guided-planning,tcp,veh-081,veh-081,rsu-1,c4-rep1-tcp-veh-081-24,ipi-session-1,airspan-followup-c4-rep1,veh-081,24,100-clients,default,stationary,unsynced,true,true,payload_bytes,1024,bytes,IPI-CooperativeService,1098,1786030519626043096,1786030345897142386,1786030345897172744,1786030519883787372,257.744,,0.030,173986.615,"CooperativeService{guidedPlanning, status=request, vehicleId=0x7665682d303831, requestedHorizonMs=2500, confidence=100, planning.waypoints=1, offloadTaskId=probe-24, offloadPayload=1024 bytes}"
5g-sender,1786030520341887861,edge4av-real-20260806-airspan-followup-run-1,c4-rep1-tcp,airspan-followup-70-20-10,guided-planning,tcp,veh-081,veh-081,rsu-1,c4-rep1-tcp-veh-081-25,ipi-session-1,airspan-followup-c4-rep1,veh-081,25,100-clients,default,stationary,unsynced,true,true,payload_bytes,1024,bytes,IPI-CooperativeService,1098,1786030520083956710,1786030346358072855,1786030346358124246,1786030520341887861,257.931,,0.051,173983.764,"CooperativeService{guidedPlanning, status=request, vehicleId=0x7665682d303831, requestedHorizonMs=2500, confidence=100, planning.waypoints=1, offloadTaskId=probe-25, offloadPayload=1024 bytes}"
5g-sender,1786030520807926564,edge4av-real-20260806-airspan-followup-run-1,c4-rep1-tcp,airspan-followup-70-20-10,guided-planning,tcp,veh-081,veh-081,rsu-1,c4-rep1-tcp-veh-081-26,ipi-session-1,airspan-followup-c4-rep1,veh-081,26,100-clients,default,stationary,unsynced,true,true,payload_bytes,1024,bytes,IPI-CooperativeService,1098,1786030520542070960,1786030346808853512,1786030346808904783,1786030520807926564,265.856,,0.051,173999.022,"CooperativeService{guidedPlanning, status=request, vehicleId=0x7665682d303831, requestedHorizonMs=2500, confidence=100, planning.waypoints=1, offloadTaskId=probe-26, offloadPayload=1024 bytes}"
5g-sender,1786030521227958152,edge4av-real-20260806-airspan-followup-run-1,c4-rep1-tcp,airspan-followup-70-20-10,guided-planning,tcp,veh-081,veh-081,rsu-1,c4-rep1-tcp-veh-081-27,ipi-session-1,airspan-followup-c4-rep1,veh-081,27,100-clients,default,stationary,unsynced,true,true,payload_bytes,1024,bytes,IPI-CooperativeService,1098,1786030521008125197,1786030347229775855,1786030347229818759,1786030521227958152,219.833,,0.043,173998.139,"CooperativeService{guidedPlanning, status=request, vehicleId=0x7665682d303831, requestedHorizonMs=2500, confidence=100, planning.waypoints=1, offloadTaskId=probe-27, offloadPayload=1024 bytes}"
5g-sender,1786030521689926341,edge4av-real-20260806-airspan-followup-run-1,c4-rep1-tcp,airspan-followup-70-20-10,guided-planning,tcp,veh-081,veh-081,rsu-1,c4-rep1-tcp-veh-081-28,ipi-session-1,airspan-followup-c4-rep1,veh-081,28,100-clients,default,stationary,unsynced,true,true,payload_bytes,1024,bytes,IPI-CooperativeService,1098,1786030521428200385,1786030347690298164,1786030347690353148,1786030521689926341,261.726,,0.055,173999.573,"CooperativeService{guidedPlanning, status=request, vehicleId=0x7665682d303831, requestedHorizonMs=2500, confidence=100, planning.waypoints=1, offloadTaskId=probe-28, offloadPayload=1024 bytes}"
5g-sender,1786030522099849133,edge4av-real-20260806-airspan-followup-run-1,c4-rep1-tcp,airspan-followup-70-20-10,guided-planning,tcp,veh-081,veh-081,rsu-1,c4-rep1-tcp-veh-081-29,ipi-session-1,airspan-followup-c4-rep1,veh-081,29,100-clients,default,stationary,unsynced,true,true,payload_bytes,1024,bytes,IPI-CooperativeService,1098,1786030521890107084,1786030348101043876,1786030348101114410,1786030522099849133,209.742,,0.071,173998.735,"CooperativeService{guidedPlanning, status=request, vehicleId=0x7665682d303831, requestedHorizonMs=2500, confidence=100, planning.waypoints=1, offloadTaskId=probe-29, offloadPayload=1024 bytes}"
5g-sender,1786030522528019200,edge4av-real-20260806-airspan-followup-run-1,c4-rep1-tcp,airspan-followup-70-20-10,guided-planning,tcp,veh-081,veh-081,rsu-1,c4-rep1-tcp-veh-081-30,ipi-session-1,airspan-followup-c4-rep1,veh-081,30,100-clients,default,stationary,unsynced,true,true,payload_bytes,1024,bytes,IPI-CooperativeService,1098,1786030522300066176,1786030348541950180,1786030348541971028,1786030522528019200,227.953,,0.021,173986.048,"CooperativeService{guidedPlanning, status=request, vehicleId=0x7665682d303831, requestedHorizonMs=2500, confidence=100, planning.waypoints=1, offloadTaskId=probe-30, offloadPayload=1024 bytes}"
5g-sender,1786030523011932126,edge4av-real-20260806-airspan-followup-run-1,c4-rep1-tcp,airspan-followup-70-20-10,guided-planning,tcp,veh-081,veh-081,rsu-1,c4-rep1-tcp-veh-081-31,ipi-session-1,airspan-followup-c4-rep1,veh-081,31,100-clients,default,stationary,unsynced,true,true,payload_bytes,1024,bytes,IPI-CooperativeService,1098,1786030522728214703,1786030349002830767,1786030349002882011,1786030523011932126,283.717,,0.051,174009.050,"CooperativeService{guidedPlanning, status=request, vehicleId=0x7665682d303831, requestedHorizonMs=2500, confidence=100, planning.waypoints=1, offloadTaskId=probe-31, offloadPayload=1024 bytes}"
5g-sender,1786030523459806960,edge4av-real-20260806-airspan-followup-run-1,c4-rep1-tcp,airspan-followup-70-20-10,guided-planning,tcp,veh-081,veh-081,rsu-1,c4-rep1-tcp-veh-081-32,ipi-session-1,airspan-followup-c4-rep1,veh-081,32,100-clients,default,stationary,unsynced,true,true,payload_bytes,1024,bytes,IPI-CooperativeService,1098,1786030523212140509,1786030349463332179,1786030349463373213,1786030523459806960,247.666,,0.041,173996.434,"CooperativeService{guidedPlanning, status=request, vehicleId=0x7665682d303831, requestedHorizonMs=2500, confidence=100, planning.waypoints=1, offloadTaskId=probe-32, offloadPayload=1024 bytes}"
5g-sender,1786030523989872830,edge4av-real-20260806-airspan-followup-run-1,c4-rep1-tcp,airspan-followup-70-20-10,guided-planning,tcp,veh-081,veh-081,rsu-1,c4-rep1-tcp-veh-081-33,ipi-session-1,airspan-followup-c4-rep1,veh-081,33,100-clients,default,stationary,unsynced,true,true,payload_bytes,1024,bytes,IPI-CooperativeService,1098,1786030523660089166,1786030349994577222,1786030349994628930,1786030523989872830,329.784,,0.052,173995.244,"CooperativeService{guidedPlanning, status=request, vehicleId=0x7665682d303831, requestedHorizonMs=2500, confidence=100, planning.waypoints=1, offloadTaskId=probe-33, offloadPayload=1024 bytes}"
5g-sender,1786030524363982009,edge4av-real-20260806-airspan-followup-run-1,c4-rep1-tcp,airspan-followup-70-20-10,guided-planning,tcp,veh-081,veh-081,rsu-1,c4-rep1-tcp-veh-081-34,ipi-session-1,airspan-followup-c4-rep1,veh-081,34,100-clients,default,stationary,unsynced,true,true,payload_bytes,1024,bytes,IPI-CooperativeService,1098,1786030524190082435,1786030350375086559,1786030350375142639,1786030524363982009,173.900,,0.056,173988.839,"CooperativeService{guidedPlanning, status=request, vehicleId=0x7665682d303831, requestedHorizonMs=2500, confidence=100, planning.waypoints=1, offloadTaskId=probe-34, offloadPayload=1024 bytes}"
5g-sender,1786030524862858672,edge4av-real-20260806-airspan-followup-run-1,c4-rep1-tcp,airspan-followup-70-20-10,guided-planning,tcp,veh-081,veh-081,rsu-1,c4-rep1-tcp-veh-081-35,ipi-session-1,airspan-followup-c4-rep1,veh-081,35,100-clients,default,stationary,unsynced,true,true,payload_bytes,1024,bytes,IPI-CooperativeService,1098,1786030524564228559,1786030350845636565,1786030350845654392,1786030524862858672,298.630,,0.018,174017.204,"CooperativeService{guidedPlanning, status=request, vehicleId=0x7665682d303831, requestedHorizonMs=2500, confidence=100, planning.waypoints=1, offloadTaskId=probe-35, offloadPayload=1024 bytes}"
5g-sender,1786030525283956339,edge4av-real-20260806-airspan-followup-run-1,c4-rep1-tcp,airspan-followup-70-20-10,guided-planning,tcp,veh-081,veh-081,rsu-1,c4-rep1-tcp-veh-081-36,ipi-session-1,airspan-followup-c4-rep1,veh-081,36,100-clients,default,stationary,unsynced,true,true,payload_bytes,1024,bytes,IPI-CooperativeService,1098,1786030525063048831,1786030351296409047,1786030351296450377,1786030525283956339,220.908,,0.041,173987.506,"CooperativeService{guidedPlanning, status=request, vehicleId=0x7665682d303831, requestedHorizonMs=2500, confidence=100, planning.waypoints=1, offloadTaskId=probe-36, offloadPayload=1024 bytes}"
5g-sender,1786030525719774408,edge4av-real-20260806-airspan-followup-run-1,c4-rep1-tcp,airspan-followup-70-20-10,guided-planning,tcp,veh-081,veh-081,rsu-1,c4-rep1-tcp-veh-081-37,ipi-session-1,airspan-followup-c4-rep1,veh-081,37,100-clients,default,stationary,unsynced,true,true,payload_bytes,1024,bytes,IPI-CooperativeService,1098,1786030525484158172,1786030351717129619,1786030351717179447,1786030525719774408,235.616,,0.050,174002.595,"CooperativeService{guidedPlanning, status=request, vehicleId=0x7665682d303831, requestedHorizonMs=2500, confidence=100, planning.waypoints=1, offloadTaskId=probe-37, offloadPayload=1024 bytes}"
5g-sender,1786030526132563442,edge4av-real-20260806-airspan-followup-run-1,c4-rep1-tcp,airspan-followup-70-20-10,guided-planning,tcp,veh-081,veh-081,rsu-1,c4-rep1-tcp-veh-081-38,ipi-session-1,airspan-followup-c4-rep1,veh-081,38,100-clients,default,stationary,unsynced,true,true,payload_bytes,1024,bytes,IPI-CooperativeService,1098,1786030525919964818,1786030352147879252,1786030352147922765,1786030526132563442,212.599,,0.044,173984.641,"CooperativeService{guidedPlanning, status=request, vehicleId=0x7665682d303831, requestedHorizonMs=2500, confidence=100, planning.waypoints=1, offloadTaskId=probe-38, offloadPayload=1024 bytes}"
5g-sender,1786030526867901050,edge4av-real-20260806-airspan-followup-run-1,c4-rep1-tcp,airspan-followup-70-20-10,guided-planning,tcp,veh-081,veh-081,rsu-1,c4-rep1-tcp-veh-081-39,ipi-session-1,airspan-followup-c4-rep1,veh-081,39,100-clients,default,stationary,unsynced,true,true,payload_bytes,1024,bytes,IPI-CooperativeService,1098,1786030526332751012,1786030352869635583,1786030352869676338,1786030526867901050,535.150,,0.041,173998.225,"CooperativeService{guidedPlanning, status=request, vehicleId=0x7665682d303831, requestedHorizonMs=2500, confidence=100, planning.waypoints=1, offloadTaskId=probe-39, offloadPayload=1024 bytes}"
5g-sender,1786030527227968027,edge4av-real-20260806-airspan-followup-run-1,c4-rep1-tcp,airspan-followup-70-20-10,guided-planning,tcp,veh-081,veh-081,rsu-1,c4-rep1-tcp-veh-081-40,ipi-session-1,airspan-followup-c4-rep1,veh-081,40,100-clients,default,stationary,unsynced,true,true,payload_bytes,1024,bytes,IPI-CooperativeService,1098,1786030527068128076,1786030353239986639,1786030353240037504,1786030527227968027,159.840,,0.051,173987.931,"CooperativeService{guidedPlanning, status=request, vehicleId=0x7665682d303831, requestedHorizonMs=2500, confidence=100, planning.waypoints=1, offloadTaskId=probe-40, offloadPayload=1024 bytes}"
5g-sender,1786030527767825291,edge4av-real-20260806-airspan-followup-run-1,c4-rep1-tcp,airspan-followup-70-20-10,guided-planning,tcp,veh-081,veh-081,rsu-1,c4-rep1-tcp-veh-081-41,ipi-session-1,airspan-followup-c4-rep1,veh-081,41,100-clients,default,stationary,unsynced,true,true,payload_bytes,1024,bytes,IPI-CooperativeService,1098,1786030527428146045,1786030353790625712,1786030353790654130,1786030527767825291,339.679,,0.028,173977.171,"CooperativeService{guidedPlanning, status=request, vehicleId=0x7665682d303831, requestedHorizonMs=2500, confidence=100, planning.waypoints=1, offloadTaskId=probe-41, offloadPayload=1024 bytes}"
5g-sender,1786030528281921217,edge4av-real-20260806-airspan-followup-run-1,c4-rep1-tcp,airspan-followup-70-20-10,guided-planning,tcp,veh-081,veh-081,rsu-1,c4-rep1-tcp-veh-081-42,ipi-session-1,airspan-followup-c4-rep1,veh-081,42,100-clients,default,stationary,unsynced,true,true,payload_bytes,1024,bytes,IPI-CooperativeService,1098,1786030527968041701,1786030354301664530,1786030354301706433,1786030528281921217,313.880,,0.042,173980.215,"CooperativeService{guidedPlanning, status=request, vehicleId=0x7665682d303831, requestedHorizonMs=2500, confidence=100, planning.waypoints=1, offloadTaskId=probe-42, offloadPayload=1024 bytes}"
5g-sender,1786030528811936460,edge4av-real-20260806-airspan-followup-run-1,c4-rep1-tcp,airspan-followup-70-20-10,guided-planning,tcp,veh-081,veh-081,rsu-1,c4-rep1-tcp-veh-081-43,ipi-session-1,airspan-followup-c4-rep1,veh-081,43,100-clients,default,stationary,unsynced,true,true,payload_bytes,1024,bytes,IPI-CooperativeService,1098,1786030528482143244,1786030354822847545,1786030354822899191,1786030528811936460,329.793,,0.052,173989.037,"CooperativeService{guidedPlanning, status=request, vehicleId=0x7665682d303831, requestedHorizonMs=2500, confidence=100, planning.waypoints=1, offloadTaskId=probe-43, offloadPayload=1024 bytes}"
5g-sender,1786030529309956886,edge4av-real-20260806-airspan-followup-run-1,c4-rep1-tcp,airspan-followup-70-20-10,guided-planning,tcp,veh-081,veh-081,rsu-1,c4-rep1-tcp-veh-081-44,ipi-session-1,airspan-followup-c4-rep1,veh-081,44,100-clients,default,stationary,unsynced,true,true,payload_bytes,1024,bytes,IPI-CooperativeService,1098,1786030529012084675,1786030355313690231,1786030355313732170,1786030529309956886,297.872,,0.042,173996.225,"CooperativeService{guidedPlanning, status=request, vehicleId=0x7665682d303831, requestedHorizonMs=2500, confidence=100, planning.waypoints=1, offloadTaskId=probe-44, offloadPayload=1024 bytes}"
5g-sender,1786030529754023879,edge4av-real-20260806-airspan-followup-run-1,c4-rep1-tcp,airspan-followup-70-20-10,guided-planning,tcp,veh-081,veh-081,rsu-1,c4-rep1-tcp-veh-081-45,ipi-session-1,airspan-followup-c4-rep1,veh-081,45,100-clients,default,stationary,unsynced,true,true,payload_bytes,1024,bytes,IPI-CooperativeService,1098,1786030529510134369,1786030355764490756,1786030355764543216,1786030529754023879,243.890,,0.052,173989.481,"CooperativeService{guidedPlanning, status=request, vehicleId=0x7665682d303831, requestedHorizonMs=2500, confidence=100, planning.waypoints=1, offloadTaskId=probe-45, offloadPayload=1024 bytes}"
5g-sender,1786030530260250146,edge4av-real-20260806-airspan-followup-run-1,c4-rep1-tcp,airspan-followup-70-20-10,guided-planning,tcp,veh-081,veh-081,rsu-1,c4-rep1-tcp-veh-081-46,ipi-session-1,airspan-followup-c4-rep1,veh-081,46,100-clients,default,stationary,unsynced,true,true,payload_bytes,1024,bytes,IPI-CooperativeService,1098,1786030529954256039,1786030356265153164,1786030356265205045,1786030530260250146,305.994,,0.052,173995.045,"CooperativeService{guidedPlanning, status=request, vehicleId=0x7665682d303831, requestedHorizonMs=2500, confidence=100, planning.waypoints=1, offloadTaskId=probe-46, offloadPayload=1024 bytes}"
5g-sender,1786030530716012335,edge4av-real-20260806-airspan-followup-run-1,c4-rep1-tcp,airspan-followup-70-20-10,guided-planning,tcp,veh-081,veh-081,rsu-1,c4-rep1-tcp-veh-081-47,ipi-session-1,airspan-followup-c4-rep1,veh-081,47,100-clients,default,stationary,unsynced,true,true,payload_bytes,1024,bytes,IPI-CooperativeService,1098,1786030530460470129,1786030356735907901,1786030356735930835,1786030530716012335,255.542,,0.023,173980.082,"CooperativeService{guidedPlanning, status=request, vehicleId=0x7665682d303831, requestedHorizonMs=2500, confidence=100, planning.waypoints=1, offloadTaskId=probe-47, offloadPayload=1024 bytes}"
5g-sender,1786030531145898582,edge4av-real-20260806-airspan-followup-run-1,c4-rep1-tcp,airspan-followup-70-20-10,guided-planning,tcp,veh-081,veh-081,rsu-1,c4-rep1-tcp-veh-081-48,ipi-session-1,airspan-followup-c4-rep1,veh-081,48,100-clients,default,stationary,unsynced,true,true,payload_bytes,1024,bytes,IPI-CooperativeService,1098,1786030530916198498,1786030357156862062,1786030357156913770,1786030531145898582,229.700,,0.052,173988.985,"CooperativeService{guidedPlanning, status=request, vehicleId=0x7665682d303831, requestedHorizonMs=2500, confidence=100, planning.waypoints=1, offloadTaskId=probe-48, offloadPayload=1024 bytes}"
5g-sender,1786030531647997498,edge4av-real-20260806-airspan-followup-run-1,c4-rep1-tcp,airspan-followup-70-20-10,guided-planning,tcp,veh-081,veh-081,rsu-1,c4-rep1-tcp-veh-081-49,ipi-session-1,airspan-followup-c4-rep1,veh-081,49,100-clients,default,stationary,unsynced,true,true,payload_bytes,1024,bytes,IPI-CooperativeService,1098,1786030531346161236,1786030357637672611,1786030357637724818,1786030531647997498,301.836,,0.052,174010.273,"CooperativeService{guidedPlanning, status=request, vehicleId=0x7665682d303831, requestedHorizonMs=2500, confidence=100, planning.waypoints=1, offloadTaskId=probe-49, offloadPayload=1024 bytes}"
5g-sender,1786030532137776952,edge4av-real-20260806-airspan-followup-run-1,c4-rep1-tcp,airspan-followup-70-20-10,guided-planning,tcp,veh-081,veh-081,rsu-1,c4-rep1-tcp-veh-081-50,ipi-session-1,airspan-followup-c4-rep1,veh-081,50,100-clients,default,stationary,unsynced,true,true,payload_bytes,1024,bytes,IPI-CooperativeService,1098,1786030531848205035,1786030358148471993,1786030358148526442,1786030532137776952,289.572,,0.054,173989.251,"CooperativeService{guidedPlanning, status=request, vehicleId=0x7665682d303831, requestedHorizonMs=2500, confidence=100, planning.waypoints=1, offloadTaskId=probe-50, offloadPayload=1024 bytes}"
5g-sender,1786030532565936878,edge4av-real-20260806-airspan-followup-run-1,c4-rep1-tcp,airspan-followup-70-20-10,guided-planning,tcp,veh-081,veh-081,rsu-1,c4-rep1-tcp-veh-081-51,ipi-session-1,airspan-followup-c4-rep1,veh-081,51,100-clients,default,stationary,unsynced,true,true,payload_bytes,1024,bytes,IPI-CooperativeService,1098,1786030532337955456,1786030358579532751,1786030358579578766,1786030532565936878,227.981,,0.046,173986.358,"CooperativeService{guidedPlanning, status=request, vehicleId=0x7665682d303831, requestedHorizonMs=2500, confidence=100, planning.waypoints=1, offloadTaskId=probe-51, offloadPayload=1024 bytes}"
5g-sender,1786030533053798817,edge4av-real-20260806-airspan-followup-run-1,c4-rep1-tcp,airspan-followup-70-20-10,guided-planning,tcp,veh-081,veh-081,rsu-1,c4-rep1-tcp-veh-081-52,ipi-session-1,airspan-followup-c4-rep1,veh-081,52,100-clients,default,stationary,unsynced,true,true,payload_bytes,1024,bytes,IPI-CooperativeService,1098,1786030532766155657,1786030359070219185,1786030359070253926,1786030533053798817,287.643,,0.035,173983.545,"CooperativeService{guidedPlanning, status=request, vehicleId=0x7665682d303831, requestedHorizonMs=2500, confidence=100, planning.waypoints=1, offloadTaskId=probe-52, offloadPayload=1024 bytes}"
5g-sender,1786030533501895875,edge4av-real-20260806-airspan-followup-run-1,c4-rep1-tcp,airspan-followup-70-20-10,guided-planning,tcp,veh-081,veh-081,rsu-1,c4-rep1-tcp-veh-081-53,ipi-session-1,airspan-followup-c4-rep1,veh-081,53,100-clients,default,stationary,unsynced,true,true,payload_bytes,1024,bytes,IPI-CooperativeService,1098,1786030533254056107,1786030359510802959,1786030359510845610,1786030533501895875,247.840,,0.043,173991.050,"CooperativeService{guidedPlanning, status=request, vehicleId=0x7665682d303831, requestedHorizonMs=2500, confidence=100, planning.waypoints=1, offloadTaskId=probe-53, offloadPayload=1024 bytes}"
5g-sender,1786030533881902793,edge4av-real-20260806-airspan-followup-run-1,c4-rep1-tcp,airspan-followup-70-20-10,guided-planning,tcp,veh-081,veh-081,rsu-1,c4-rep1-tcp-veh-081-54,ipi-session-1,airspan-followup-c4-rep1,veh-081,54,100-clients,default,stationary,unsynced,true,true,payload_bytes,1024,bytes,IPI-CooperativeService,1098,1786030533702215243,1786030359891201936,1786030359891231309,1786030533881902793,179.688,,0.029,173990.671,"CooperativeService{guidedPlanning, status=request, vehicleId=0x7665682d303831, requestedHorizonMs=2500, confidence=100, planning.waypoints=1, offloadTaskId=probe-54, offloadPayload=1024 bytes}"
5g-sender,1786030534331996679,edge4av-real-20260806-airspan-followup-run-1,c4-rep1-tcp,airspan-followup-70-20-10,guided-planning,tcp,veh-081,veh-081,rsu-1,c4-rep1-tcp-veh-081-55,ipi-session-1,airspan-followup-c4-rep1,veh-081,55,100-clients,default,stationary,unsynced,true,true,payload_bytes,1024,bytes,IPI-CooperativeService,1098,1786030534082066916,1786030360342317791,1786030360342383926,1786030534331996679,249.930,,0.066,173989.613,"CooperativeService{guidedPlanning, status=request, vehicleId=0x7665682d303831, requestedHorizonMs=2500, confidence=100, planning.waypoints=1, offloadTaskId=probe-55, offloadPayload=1024 bytes}"
5g-sender,1786030534803885655,edge4av-real-20260806-airspan-followup-run-1,c4-rep1-tcp,airspan-followup-70-20-10,guided-planning,tcp,veh-081,veh-081,rsu-1,c4-rep1-tcp-veh-081-56,ipi-session-1,airspan-followup-c4-rep1,veh-081,56,100-clients,default,stationary,unsynced,true,true,payload_bytes,1024,bytes,IPI-CooperativeService,1098,1786030534532184546,1786030360823245469,1786030360823318668,1786030534803885655,271.701,,0.073,173980.567,"CooperativeService{guidedPlanning, status=request, vehicleId=0x7665682d303831, requestedHorizonMs=2500, confidence=100, planning.waypoints=1, offloadTaskId=probe-56, offloadPayload=1024 bytes}"
5g-sender,1786030535224027081,edge4av-real-20260806-airspan-followup-run-1,c4-rep1-tcp,airspan-followup-70-20-10,guided-planning,tcp,veh-081,veh-081,rsu-1,c4-rep1-tcp-veh-081-57,ipi-session-1,airspan-followup-c4-rep1,veh-081,57,100-clients,default,stationary,unsynced,true,true,payload_bytes,1024,bytes,IPI-CooperativeService,1098,1786030535004068742,1786030361233918628,1786030361233992943,1786030535224027081,219.958,,0.074,173990.034,"CooperativeService{guidedPlanning, status=request, vehicleId=0x7665682d303831, requestedHorizonMs=2500, confidence=100, planning.waypoints=1, offloadTaskId=probe-57, offloadPayload=1024 bytes}"
5g-sender,1786030535670047502,edge4av-real-20260806-airspan-followup-run-1,c4-rep1-tcp,airspan-followup-70-20-10,guided-planning,tcp,veh-081,veh-081,rsu-1,c4-rep1-tcp-veh-081-58,ipi-session-1,airspan-followup-c4-rep1,veh-081,58,100-clients,default,stationary,unsynced,true,true,payload_bytes,1024,bytes,IPI-CooperativeService,1098,1786030535424241125,1786030361694609990,1786030361694669728,1786030535670047502,245.806,,0.060,173975.378,"CooperativeService{guidedPlanning, status=request, vehicleId=0x7665682d303831, requestedHorizonMs=2500, confidence=100, planning.waypoints=1, offloadTaskId=probe-58, offloadPayload=1024 bytes}"
5g-sender,1786030536059984458,edge4av-real-20260806-airspan-followup-run-1,c4-rep1-tcp,airspan-followup-70-20-10,guided-planning,tcp,veh-081,veh-081,rsu-1,c4-rep1-tcp-veh-081-59,ipi-session-1,airspan-followup-c4-rep1,veh-081,59,100-clients,default,stationary,unsynced,true,true,payload_bytes,1024,bytes,IPI-CooperativeService,1098,1786030535870302472,1786030362075273967,1786030362075315239,1786030536059984458,189.682,,0.041,173984.669,"CooperativeService{guidedPlanning, status=request, vehicleId=0x7665682d303831, requestedHorizonMs=2500, confidence=100, planning.waypoints=1, offloadTaskId=probe-59, offloadPayload=1024 bytes}"
5g-sender,1786030536420064238,edge4av-real-20260806-airspan-followup-run-1,c4-rep1-tcp,airspan-followup-70-20-10,guided-planning,tcp,veh-081,veh-081,rsu-1,c4-rep1-tcp-veh-081-60,ipi-session-1,airspan-followup-c4-rep1,veh-081,60,100-clients,default,stationary,unsynced,true,true,payload_bytes,1024,bytes,IPI-CooperativeService,1098,1786030536260177079,1786030362445760582,1786030362445791368,1786030536420064238,159.887,,0.031,173974.273,"CooperativeService{guidedPlanning, status=request, vehicleId=0x7665682d303831, requestedHorizonMs=2500, confidence=100, planning.waypoints=1, offloadTaskId=probe-60, offloadPayload=1024 bytes}"
5g-sender,1786030536832182499,edge4av-real-20260806-airspan-followup-run-1,c4-rep1-tcp,airspan-followup-70-20-10,guided-planning,tcp,veh-081,veh-081,rsu-1,c4-rep1-tcp-veh-081-61,ipi-session-1,airspan-followup-c4-rep1,veh-081,61,100-clients,default,stationary,unsynced,true,true,payload_bytes,1024,bytes,IPI-CooperativeService,1098,1786030536620268089,1786030362846458527,1786030362846507537,1786030536832182499,211.914,,0.049,173985.675,"CooperativeService{guidedPlanning, status=request, vehicleId=0x7665682d303831, requestedHorizonMs=2500, confidence=100, planning.waypoints=1, offloadTaskId=probe-61, offloadPayload=1024 bytes}"
5g-sender,1786030537238229328,edge4av-real-20260806-airspan-followup-run-1,c4-rep1-tcp,airspan-followup-70-20-10,guided-planning,tcp,veh-081,veh-081,rsu-1,c4-rep1-tcp-veh-081-62,ipi-session-1,airspan-followup-c4-rep1,veh-081,62,100-clients,default,stationary,unsynced,true,true,payload_bytes,1024,bytes,IPI-CooperativeService,1098,1786030537032387946,1786030363247272021,1786030363247323275,1786030537238229328,205.841,,0.051,173990.906,"CooperativeService{guidedPlanning, status=request, vehicleId=0x7665682d303831, requestedHorizonMs=2500, confidence=100, planning.waypoints=1, offloadTaskId=probe-62, offloadPayload=1024 bytes}"
5g-sender,1786030537677935237,edge4av-real-20260806-airspan-followup-run-1,c4-rep1-tcp,airspan-followup-70-20-10,guided-planning,tcp,veh-081,veh-081,rsu-1,c4-rep1-tcp-veh-081-63,ipi-session-1,airspan-followup-c4-rep1,veh-081,63,100-clients,default,stationary,unsynced,true,true,payload_bytes,1024,bytes,IPI-CooperativeService,1098,1786030537438417200,1786030363688065940,1786030363688116200,1786030537677935237,239.518,,0.050,173989.819,"CooperativeService{guidedPlanning, status=request, vehicleId=0x7665682d303831, requestedHorizonMs=2500, confidence=100, planning.waypoints=1, offloadTaskId=probe-63, offloadPayload=1024 bytes}"
5g-sender,1786030538115897987,edge4av-real-20260806-airspan-followup-run-1,c4-rep1-tcp,airspan-followup-70-20-10,guided-planning,tcp,veh-081,veh-081,rsu-1,c4-rep1-tcp-veh-081-64,ipi-session-1,airspan-followup-c4-rep1,veh-081,64,100-clients,default,stationary,unsynced,true,true,payload_bytes,1024,bytes,IPI-CooperativeService,1098,1786030537878137967,1786030364128645690,1786030364128711717,1786030538115897987,237.760,,0.066,173987.186,"CooperativeService{guidedPlanning, status=request, vehicleId=0x7665682d303831, requestedHorizonMs=2500, confidence=100, planning.waypoints=1, offloadTaskId=probe-64, offloadPayload=1024 bytes}"
5g-sender,1786030538540026330,edge4av-real-20260806-airspan-followup-run-1,c4-rep1-tcp,airspan-followup-70-20-10,guided-planning,tcp,veh-081,veh-081,rsu-1,c4-rep1-tcp-veh-081-65,ipi-session-1,airspan-followup-c4-rep1,veh-081,65,100-clients,default,stationary,unsynced,true,true,payload_bytes,1024,bytes,IPI-CooperativeService,1098,1786030538316076768,1786030364539535067,1786030364539577057,1786030538540026330,223.950,,0.042,174000.449,"CooperativeService{guidedPlanning, status=request, vehicleId=0x7665682d303831, requestedHorizonMs=2500, confidence=100, planning.waypoints=1, offloadTaskId=probe-65, offloadPayload=1024 bytes}"
5g-sender,1786030539095970841,edge4av-real-20260806-airspan-followup-run-1,c4-rep1-tcp,airspan-followup-70-20-10,guided-planning,tcp,veh-081,veh-081,rsu-1,c4-rep1-tcp-veh-081-66,ipi-session-1,airspan-followup-c4-rep1,veh-081,66,100-clients,default,stationary,unsynced,true,true,payload_bytes,1024,bytes,IPI-CooperativeService,1098,1786030538740239748,1786030365100480563,1786030365100555192,1786030539095970841,355.731,,0.075,173995.416,"CooperativeService{guidedPlanning, status=request, vehicleId=0x7665682d303831, requestedHorizonMs=2500, confidence=100, planning.waypoints=1, offloadTaskId=probe-66, offloadPayload=1024 bytes}"
5g-sender,1786030539500036414,edge4av-real-20260806-airspan-followup-run-1,c4-rep1-tcp,airspan-followup-70-20-10,guided-planning,tcp,veh-081,veh-081,rsu-1,c4-rep1-tcp-veh-081-67,ipi-session-1,airspan-followup-c4-rep1,veh-081,67,100-clients,default,stationary,unsynced,true,true,payload_bytes,1024,bytes,IPI-CooperativeService,1098,1786030539296153509,1786030365491326451,1786030365491381098,1786030539500036414,203.883,,0.055,174008.655,"CooperativeService{guidedPlanning, status=request, vehicleId=0x7665682d303831, requestedHorizonMs=2500, confidence=100, planning.waypoints=1, offloadTaskId=probe-67, offloadPayload=1024 bytes}"
5g-sender,1786030539940095686,edge4av-real-20260806-airspan-followup-run-1,c4-rep1-tcp,airspan-followup-70-20-10,guided-planning,tcp,veh-081,veh-081,rsu-1,c4-rep1-tcp-veh-081-68,ipi-session-1,airspan-followup-c4-rep1,veh-081,68,100-clients,default,stationary,unsynced,true,true,payload_bytes,1024,bytes,IPI-CooperativeService,1098,1786030539700234936,1786030365952275220,1786030365952318766,1786030539940095686,239.861,,0.044,173987.777,"CooperativeService{guidedPlanning, status=request, vehicleId=0x7665682d303831, requestedHorizonMs=2500, confidence=100, planning.waypoints=1, offloadTaskId=probe-68, offloadPayload=1024 bytes}"
5g-sender,1786030540735988260,edge4av-real-20260806-airspan-followup-run-1,c4-rep1-tcp,airspan-followup-70-20-10,guided-planning,tcp,veh-081,veh-081,rsu-1,c4-rep1-tcp-veh-081-69,ipi-session-1,airspan-followup-c4-rep1,veh-081,69,100-clients,default,stationary,unsynced,true,true,payload_bytes,1024,bytes,IPI-CooperativeService,1098,1786030540140270134,1786030366502678688,1786030366502697831,1786030540735988260,595.718,,0.019,174233.290,"CooperativeService{guidedPlanning, status=request, vehicleId=0x7665682d303831, requestedHorizonMs=2500, confidence=100, planning.waypoints=1, offloadTaskId=probe-69, offloadPayload=1024 bytes}"
5g-sender,1786030541184119307,edge4av-real-20260806-airspan-followup-run-1,c4-rep1-tcp,airspan-followup-70-20-10,guided-planning,tcp,veh-081,veh-081,rsu-1,c4-rep1-tcp-veh-081-70,ipi-session-1,airspan-followup-c4-rep1,veh-081,70,100-clients,default,stationary,unsynced,true,true,payload_bytes,1024,bytes,IPI-CooperativeService,1098,1786030540936221688,1786030367194188942,1786030367194279999,1786030541184119307,247.898,,0.091,173989.839,"CooperativeService{guidedPlanning, status=request, vehicleId=0x7665682d303831, requestedHorizonMs=2500, confidence=100, planning.waypoints=1, offloadTaskId=probe-70, offloadPayload=1024 bytes}"
5g-sender,1786030541598073038,edge4av-real-20260806-airspan-followup-run-1,c4-rep1-tcp,airspan-followup-70-20-10,guided-planning,tcp,veh-081,veh-081,rsu-1,c4-rep1-tcp-veh-081-71,ipi-session-1,airspan-followup-c4-rep1,veh-081,71,100-clients,default,stationary,unsynced,true,true,payload_bytes,1024,bytes,IPI-CooperativeService,1098,1786030541384308361,1786030367604785063,1786030367604813572,1786030541598073038,213.765,,0.029,173993.259,"CooperativeService{guidedPlanning, status=request, vehicleId=0x7665682d303831, requestedHorizonMs=2500, confidence=100, planning.waypoints=1, offloadTaskId=probe-71, offloadPayload=1024 bytes}"
5g-sender,1786030542064018976,edge4av-real-20260806-airspan-followup-run-1,c4-rep1-tcp,airspan-followup-70-20-10,guided-planning,tcp,veh-081,veh-081,rsu-1,c4-rep1-tcp-veh-081-72,ipi-session-1,airspan-followup-c4-rep1,veh-081,72,100-clients,default,stationary,unsynced,true,true,payload_bytes,1024,bytes,IPI-CooperativeService,1098,1786030541798335443,1786030368085716346,1786030368085784151,1786030542064018976,265.684,,0.068,173978.235,"CooperativeService{guidedPlanning, status=request, vehicleId=0x7665682d303831, requestedHorizonMs=2500, confidence=100, planning.waypoints=1, offloadTaskId=probe-72, offloadPayload=1024 bytes}"
5g-sender,1786030542598079020,edge4av-real-20260806-airspan-followup-run-1,c4-rep1-tcp,airspan-followup-70-20-10,guided-planning,tcp,veh-081,veh-081,rsu-1,c4-rep1-tcp-veh-081-73,ipi-session-1,airspan-followup-c4-rep1,veh-081,73,100-clients,default,stationary,unsynced,true,true,payload_bytes,1024,bytes,IPI-CooperativeService,1098,1786030542264223105,1786030368596665014,1786030368596708206,1786030542598079020,333.856,,0.043,174001.371,"CooperativeService{guidedPlanning, status=request, vehicleId=0x7665682d303831, requestedHorizonMs=2500, confidence=100, planning.waypoints=1, offloadTaskId=probe-73, offloadPayload=1024 bytes}"
5g-sender,1786030543025894712,edge4av-real-20260806-airspan-followup-run-1,c4-rep1-tcp,airspan-followup-70-20-10,guided-planning,tcp,veh-081,veh-081,rsu-1,c4-rep1-tcp-veh-081-74,ipi-session-1,airspan-followup-c4-rep1,veh-081,74,100-clients,default,stationary,unsynced,true,true,payload_bytes,1024,bytes,IPI-CooperativeService,1098,1786030542798255447,1786030369037323651,1786030369037376653,1786030543025894712,227.639,,0.053,173988.518,"CooperativeService{guidedPlanning, status=request, vehicleId=0x7665682d303831, requestedHorizonMs=2500, confidence=100, planning.waypoints=1, offloadTaskId=probe-74, offloadPayload=1024 bytes}"
5g-sender,1786030543467899671,edge4av-real-20260806-airspan-followup-run-1,c4-rep1-tcp,airspan-followup-70-20-10,guided-planning,tcp,veh-081,veh-081,rsu-1,c4-rep1-tcp-veh-081-75,ipi-session-1,airspan-followup-c4-rep1,veh-081,75,100-clients,default,stationary,unsynced,true,true,payload_bytes,1024,bytes,IPI-CooperativeService,1098,1786030543226068746,1786030369468289395,1786030369468331680,1786030543467899671,241.831,,0.042,173999.568,"CooperativeService{guidedPlanning, status=request, vehicleId=0x7665682d303831, requestedHorizonMs=2500, confidence=100, planning.waypoints=1, offloadTaskId=probe-75, offloadPayload=1024 bytes}"
5g-sender,1786030543942084390,edge4av-real-20260806-airspan-followup-run-1,c4-rep1-tcp,airspan-followup-70-20-10,guided-planning,tcp,veh-081,veh-081,rsu-1,c4-rep1-tcp-veh-081-76,ipi-session-1,airspan-followup-c4-rep1,veh-081,76,100-clients,default,stationary,unsynced,true,true,payload_bytes,1024,bytes,IPI-CooperativeService,1098,1786030543668101060,1786030369918873671,1786030369918896073,1786030543942084390,273.983,,0.022,174023.188,"CooperativeService{guidedPlanning, status=request, vehicleId=0x7665682d303831, requestedHorizonMs=2500, confidence=100, planning.waypoints=1, offloadTaskId=probe-76, offloadPayload=1024 bytes}"
5g-sender,1786030544351006189,edge4av-real-20260806-airspan-followup-run-1,c4-rep1-tcp,airspan-followup-70-20-10,guided-planning,tcp,veh-081,veh-081,rsu-1,c4-rep1-tcp-veh-081-77,ipi-session-1,airspan-followup-c4-rep1,veh-081,77,100-clients,default,stationary,unsynced,true,true,payload_bytes,1024,bytes,IPI-CooperativeService,1098,1786030544142285798,1786030370369889436,1786030370369912772,1786030544351006189,208.720,,0.023,173981.093,"CooperativeService{guidedPlanning, status=request, vehicleId=0x7665682d303831, requestedHorizonMs=2500, confidence=100, planning.waypoints=1, offloadTaskId=probe-77, offloadPayload=1024 bytes}"
5g-sender,1786030544836133198,edge4av-real-20260806-airspan-followup-run-1,c4-rep1-tcp,airspan-followup-70-20-10,guided-planning,tcp,veh-081,veh-081,rsu-1,c4-rep1-tcp-veh-081-78,ipi-session-1,airspan-followup-c4-rep1,veh-081,78,100-clients,default,stationary,unsynced,true,true,payload_bytes,1024,bytes,IPI-CooperativeService,1098,1786030544551196677,1786030370850382951,1786030370850433751,1786030544836133198,284.937,,0.051,173985.699,"CooperativeService{guidedPlanning, status=request, vehicleId=0x7665682d303831, requestedHorizonMs=2500, confidence=100, planning.waypoints=1, offloadTaskId=probe-78, offloadPayload=1024 bytes}"
5g-sender,1786030545320034047,edge4av-real-20260806-airspan-followup-run-1,c4-rep1-tcp,airspan-followup-70-20-10,guided-planning,tcp,veh-081,veh-081,rsu-1,c4-rep1-tcp-veh-081-79,ipi-session-1,airspan-followup-c4-rep1,veh-081,79,100-clients,default,stationary,unsynced,true,true,payload_bytes,1024,bytes,IPI-CooperativeService,1098,1786030545036408877,1786030371321564353,1786030371321615476,1786030545320034047,283.625,,0.051,173998.419,"CooperativeService{guidedPlanning, status=request, vehicleId=0x7665682d303831, requestedHorizonMs=2500, confidence=100, planning.waypoints=1, offloadTaskId=probe-79, offloadPayload=1024 bytes}"
5g-sender,1786030545759964089,edge4av-real-20260806-airspan-followup-run-1,c4-rep1-tcp,airspan-followup-70-20-10,guided-planning,tcp,veh-081,veh-081,rsu-1,c4-rep1-tcp-veh-081-80,ipi-session-1,airspan-followup-c4-rep1,veh-081,80,100-clients,default,stationary,unsynced,true,true,payload_bytes,1024,bytes,IPI-CooperativeService,1098,1786030545520276825,1786030371771956454,1786030371771998433,1786030545759964089,239.687,,0.042,173987.966,"CooperativeService{guidedPlanning, status=request, vehicleId=0x7665682d303831, requestedHorizonMs=2500, confidence=100, planning.waypoints=1, offloadTaskId=probe-80, offloadPayload=1024 bytes}"
5g-sender,1786030546279983164,edge4av-real-20260806-airspan-followup-run-1,c4-rep1-tcp,airspan-followup-70-20-10,guided-planning,tcp,veh-081,veh-081,rsu-1,c4-rep1-tcp-veh-081-81,ipi-session-1,airspan-followup-c4-rep1,veh-081,81,100-clients,default,stationary,unsynced,true,true,payload_bytes,1024,bytes,IPI-CooperativeService,1098,1786030545960124214,1786030372283245036,1786030372283295457,1786030546279983164,319.859,,0.050,173996.688,"CooperativeService{guidedPlanning, status=request, vehicleId=0x7665682d303831, requestedHorizonMs=2500, confidence=100, planning.waypoints=1, offloadTaskId=probe-81, offloadPayload=1024 bytes}"
5g-sender,1786030546727905241,edge4av-real-20260806-airspan-followup-run-1,c4-rep1-tcp,airspan-followup-70-20-10,guided-planning,tcp,veh-081,veh-081,rsu-1,c4-rep1-tcp-veh-081-82,ipi-session-1,airspan-followup-c4-rep1,veh-081,82,100-clients,default,stationary,unsynced,true,true,payload_bytes,1024,bytes,IPI-CooperativeService,1098,1786030546480221878,1786030372713696806,1786030372713720045,1786030546727905241,247.683,,0.023,174014.185,"CooperativeService{guidedPlanning, status=request, vehicleId=0x7665682d303831, requestedHorizonMs=2500, confidence=100, planning.waypoints=1, offloadTaskId=probe-82, offloadPayload=1024 bytes}"
5g-sender,1786030547152240348,edge4av-real-20260806-airspan-followup-run-1,c4-rep1-tcp,airspan-followup-70-20-10,guided-planning,tcp,veh-081,veh-081,rsu-1,c4-rep1-tcp-veh-081-83,ipi-session-1,airspan-followup-c4-rep1,veh-081,83,100-clients,default,stationary,unsynced,true,true,payload_bytes,1024,bytes,IPI-CooperativeService,1098,1786030546928154203,1786030373134694516,1786030373134736438,1786030547152240348,224.086,,0.042,174017.504,"CooperativeService{guidedPlanning, status=request, vehicleId=0x7665682d303831, requestedHorizonMs=2500, confidence=100, planning.waypoints=1, offloadTaskId=probe-83, offloadPayload=1024 bytes}"
5g-sender,1786030547665985515,edge4av-real-20260806-airspan-followup-run-1,c4-rep1-tcp,airspan-followup-70-20-10,guided-planning,tcp,veh-081,veh-081,rsu-1,c4-rep1-tcp-veh-081-84,ipi-session-1,airspan-followup-c4-rep1,veh-081,84,100-clients,default,stationary,unsynced,true,true,payload_bytes,1024,bytes,IPI-CooperativeService,1098,1786030547352466674,1786030373685744825,1786030373685795768,1786030547665985515,313.519,,0.051,173980.190,"CooperativeService{guidedPlanning, status=request, vehicleId=0x7665682d303831, requestedHorizonMs=2500, confidence=100, planning.waypoints=1, offloadTaskId=probe-84, offloadPayload=1024 bytes}"
5g-sender,1786030548173990758,edge4av-real-20260806-airspan-followup-run-1,c4-rep1-tcp,airspan-followup-70-20-10,guided-planning,tcp,veh-081,veh-081,rsu-1,c4-rep1-tcp-veh-081-85,ipi-session-1,airspan-followup-c4-rep1,veh-081,85,100-clients,default,stationary,unsynced,true,true,payload_bytes,1024,bytes,IPI-CooperativeService,1098,1786030547866213560,1786030374186251983,1786030374186308347,1786030548173990758,307.777,,0.056,173987.682,"CooperativeService{guidedPlanning, status=request, vehicleId=0x7665682d303831, requestedHorizonMs=2500, confidence=100, planning.waypoints=1, offloadTaskId=probe-85, offloadPayload=1024 bytes}"
5g-sender,1786030548664326142,edge4av-real-20260806-airspan-followup-run-1,c4-rep1-tcp,airspan-followup-70-20-10,guided-planning,tcp,veh-081,veh-081,rsu-1,c4-rep1-tcp-veh-081-86,ipi-session-1,airspan-followup-c4-rep1,veh-081,86,100-clients,default,stationary,unsynced,true,true,payload_bytes,1024,bytes,IPI-CooperativeService,1098,1786030548374171903,1786030374657351190,1786030374657416447,1786030548664326142,290.154,,0.065,174006.910,"CooperativeService{guidedPlanning, status=request, vehicleId=0x7665682d303831, requestedHorizonMs=2500, confidence=100, planning.waypoints=1, offloadTaskId=probe-86, offloadPayload=1024 bytes}"
5g-sender,1786030549113966184,edge4av-real-20260806-airspan-followup-run-1,c4-rep1-tcp,airspan-followup-70-20-10,guided-planning,tcp,veh-081,veh-081,rsu-1,c4-rep1-tcp-veh-081-87,ipi-session-1,airspan-followup-c4-rep1,veh-081,87,100-clients,default,stationary,unsynced,true,true,payload_bytes,1024,bytes,IPI-CooperativeService,1098,1786030548864601225,1786030375108194027,1786030375108235342,1786030549113966184,249.365,,0.041,174005.731,"CooperativeService{guidedPlanning, status=request, vehicleId=0x7665682d303831, requestedHorizonMs=2500, confidence=100, planning.waypoints=1, offloadTaskId=probe-87, offloadPayload=1024 bytes}"
5g-sender,1786030549574388362,edge4av-real-20260806-airspan-followup-run-1,c4-rep1-tcp,airspan-followup-70-20-10,guided-planning,tcp,veh-081,veh-081,rsu-1,c4-rep1-tcp-veh-081-88,ipi-session-1,airspan-followup-c4-rep1,veh-081,88,100-clients,default,stationary,unsynced,true,true,payload_bytes,1024,bytes,IPI-CooperativeService,1098,1786030549314187507,1786030375588938196,1786030375588953199,1786030549574388362,260.201,,0.015,173985.435,"CooperativeService{guidedPlanning, status=request, vehicleId=0x7665682d303831, requestedHorizonMs=2500, confidence=100, planning.waypoints=1, offloadTaskId=probe-88, offloadPayload=1024 bytes}"
5g-sender,1786030549994168697,edge4av-real-20260806-airspan-followup-run-1,c4-rep1-tcp,airspan-followup-70-20-10,guided-planning,tcp,veh-081,veh-081,rsu-1,c4-rep1-tcp-veh-081-89,ipi-session-1,airspan-followup-c4-rep1,veh-081,89,100-clients,default,stationary,unsynced,true,true,payload_bytes,1024,bytes,IPI-CooperativeService,1098,1786030549774585461,1786030376009619880,1786030376009676658,1786030549994168697,219.583,,0.057,173984.492,"CooperativeService{guidedPlanning, status=request, vehicleId=0x7665682d303831, requestedHorizonMs=2500, confidence=100, planning.waypoints=1, offloadTaskId=probe-89, offloadPayload=1024 bytes}"
5g-sender,1786030550485970654,edge4av-real-20260806-airspan-followup-run-1,c4-rep1-tcp,airspan-followup-70-20-10,guided-planning,tcp,veh-081,veh-081,rsu-1,c4-rep1-tcp-veh-081-90,ipi-session-1,airspan-followup-c4-rep1,veh-081,90,100-clients,default,stationary,unsynced,true,true,payload_bytes,1024,bytes,IPI-CooperativeService,1098,1786030550194340326,1786030376510774290,1786030376510817845,1786030550485970654,291.630,,0.044,173975.153,"CooperativeService{guidedPlanning, status=request, vehicleId=0x7665682d303831, requestedHorizonMs=2500, confidence=100, planning.waypoints=1, offloadTaskId=probe-90, offloadPayload=1024 bytes}"
5g-sender,1786030550912027790,edge4av-real-20260806-airspan-followup-run-1,c4-rep1-tcp,airspan-followup-70-20-10,guided-planning,tcp,veh-081,veh-081,rsu-1,c4-rep1-tcp-veh-081-91,ipi-session-1,airspan-followup-c4-rep1,veh-081,91,100-clients,default,stationary,unsynced,true,true,payload_bytes,1024,bytes,IPI-CooperativeService,1098,1786030550686135987,1786030376921052600,1786030376921103833,1786030550912027790,225.892,,0.051,173990.924,"CooperativeService{guidedPlanning, status=request, vehicleId=0x7665682d303831, requestedHorizonMs=2500, confidence=100, planning.waypoints=1, offloadTaskId=probe-91, offloadPayload=1024 bytes}"
5g-sender,1786030551500014920,edge4av-real-20260806-airspan-followup-run-1,c4-rep1-tcp,airspan-followup-70-20-10,guided-planning,tcp,veh-081,veh-081,rsu-1,c4-rep1-tcp-veh-081-92,ipi-session-1,airspan-followup-c4-rep1,veh-081,92,100-clients,default,stationary,unsynced,true,true,payload_bytes,1024,bytes,IPI-CooperativeService,1098,1786030551112259639,1786030377421873113,1786030377421916741,1786030551500014920,387.755,,0.044,174078.098,"CooperativeService{guidedPlanning, status=request, vehicleId=0x7665682d303831, requestedHorizonMs=2500, confidence=100, planning.waypoints=1, offloadTaskId=probe-92, offloadPayload=1024 bytes}"
5g-sender,1786030551960137879,edge4av-real-20260806-airspan-followup-run-1,c4-rep1-tcp,airspan-followup-70-20-10,guided-planning,tcp,veh-081,veh-081,rsu-1,c4-rep1-tcp-veh-081-93,ipi-session-1,airspan-followup-c4-rep1,veh-081,93,100-clients,default,stationary,unsynced,true,true,payload_bytes,1024,bytes,IPI-CooperativeService,1098,1786030551700231613,1786030377952933941,1786030377952981234,1786030551960137879,259.906,,0.047,174007.157,"CooperativeService{guidedPlanning, status=request, vehicleId=0x7665682d303831, requestedHorizonMs=2500, confidence=100, planning.waypoints=1, offloadTaskId=probe-93, offloadPayload=1024 bytes}"
5g-sender,1786030552376115313,edge4av-real-20260806-airspan-followup-run-1,c4-rep1-tcp,airspan-followup-70-20-10,guided-planning,tcp,veh-081,veh-081,rsu-1,c4-rep1-tcp-veh-081-94,ipi-session-1,airspan-followup-c4-rep1,veh-081,94,100-clients,default,stationary,unsynced,true,true,payload_bytes,1024,bytes,IPI-CooperativeService,1098,1786030552160349505,1786030378383883578,1786030378383939673,1786030552376115313,215.766,,0.056,173992.176,"CooperativeService{guidedPlanning, status=request, vehicleId=0x7665682d303831, requestedHorizonMs=2500, confidence=100, planning.waypoints=1, offloadTaskId=probe-94, offloadPayload=1024 bytes}"
5g-sender,1786030552790057710,edge4av-real-20260806-airspan-followup-run-1,c4-rep1-tcp,airspan-followup-70-20-10,guided-planning,tcp,veh-081,veh-081,rsu-1,c4-rep1-tcp-veh-081-95,ipi-session-1,airspan-followup-c4-rep1,veh-081,95,100-clients,default,stationary,unsynced,true,true,payload_bytes,1024,bytes,IPI-CooperativeService,1098,1786030552576364313,1786030378794953964,1786030378794997663,1786030552790057710,213.693,,0.044,173995.060,"CooperativeService{guidedPlanning, status=request, vehicleId=0x7665682d303831, requestedHorizonMs=2500, confidence=100, planning.waypoints=1, offloadTaskId=probe-95, offloadPayload=1024 bytes}"
5g-sender,1786030553170059862,edge4av-real-20260806-airspan-followup-run-1,c4-rep1-tcp,airspan-followup-70-20-10,guided-planning,tcp,veh-081,veh-081,rsu-1,c4-rep1-tcp-veh-081-96,ipi-session-1,airspan-followup-c4-rep1,veh-081,96,100-clients,default,stationary,unsynced,true,true,payload_bytes,1024,bytes,IPI-CooperativeService,1098,1786030552990249329,1786030379195294776,1786030379195347698,1786030553170059862,179.811,,0.053,173974.712,"CooperativeService{guidedPlanning, status=request, vehicleId=0x7665682d303831, requestedHorizonMs=2500, confidence=100, planning.waypoints=1, offloadTaskId=probe-96, offloadPayload=1024 bytes}"
5g-sender,1786030553689981778,edge4av-real-20260806-airspan-followup-run-1,c4-rep1-tcp,airspan-followup-70-20-10,guided-planning,tcp,veh-081,veh-081,rsu-1,c4-rep1-tcp-veh-081-97,ipi-session-1,airspan-followup-c4-rep1,veh-081,97,100-clients,default,stationary,unsynced,true,true,payload_bytes,1024,bytes,IPI-CooperativeService,1098,1786030553370265488,1786030379636235687,1786030379636287071,1786030553689981778,319.716,,0.051,174053.695,"CooperativeService{guidedPlanning, status=request, vehicleId=0x7665682d303831, requestedHorizonMs=2500, confidence=100, planning.waypoints=1, offloadTaskId=probe-97, offloadPayload=1024 bytes}"
5g-sender,1786030554052006062,edge4av-real-20260806-airspan-followup-run-1,c4-rep1-tcp,airspan-followup-70-20-10,guided-planning,tcp,veh-081,veh-081,rsu-1,c4-rep1-tcp-veh-081-98,ipi-session-1,airspan-followup-c4-rep1,veh-081,98,100-clients,default,stationary,unsynced,true,true,payload_bytes,1024,bytes,IPI-CooperativeService,1098,1786030553890204718,1786030380066431506,1786030380066447341,1786030554052006062,161.801,,0.016,173985.559,"CooperativeService{guidedPlanning, status=request, vehicleId=0x7665682d303831, requestedHorizonMs=2500, confidence=100, planning.waypoints=1, offloadTaskId=probe-98, offloadPayload=1024 bytes}"
5g-sender,1786030554566023105,edge4av-real-20260806-airspan-followup-run-1,c4-rep1-tcp,airspan-followup-70-20-10,guided-planning,tcp,veh-081,veh-081,rsu-1,c4-rep1-tcp-veh-081-99,ipi-session-1,airspan-followup-c4-rep1,veh-081,99,100-clients,default,stationary,unsynced,true,true,payload_bytes,1024,bytes,IPI-CooperativeService,1098,1786030554252193668,1786030380567540550,1786030380567591953,1786030554566023105,313.829,,0.051,173998.431,"CooperativeService{guidedPlanning, status=request, vehicleId=0x7665682d303831, requestedHorizonMs=2500, confidence=100, planning.waypoints=1, offloadTaskId=probe-99, offloadPayload=1024 bytes}"
5g-sender,1786030554978138953,edge4av-real-20260806-airspan-followup-run-1,c4-rep1-tcp,airspan-followup-70-20-10,guided-planning,tcp,veh-081,veh-081,rsu-1,c4-rep1-tcp-veh-081-100,ipi-session-1,airspan-followup-c4-rep1,veh-081,100,100-clients,default,stationary,unsynced,true,true,payload_bytes,1024,bytes,IPI-CooperativeService,1099,1786030554766200318,1786030380968478052,1786030380968529202,1786030554978138953,211.939,,0.051,174009.610,"CooperativeService{guidedPlanning, status=request, vehicleId=0x7665682d303831, requestedHorizonMs=2500, confidence=100, planning.waypoints=1, offloadTaskId=probe-100, offloadPayload=1024 bytes}"
5g-sender,1786030555484012768,edge4av-real-20260806-airspan-followup-run-1,c4-rep1-tcp,airspan-followup-70-20-10,guided-planning,tcp,veh-081,veh-081,rsu-1,c4-rep1-tcp-veh-081-101,ipi-session-1,airspan-followup-c4-rep1,veh-081,101,100-clients,default,stationary,unsynced,true,true,payload_bytes,1024,bytes,IPI-CooperativeService,1099,1786030555179597061,1786030381499275874,1786030381499335432,1786030555484012768,304.416,,0.060,173984.677,"CooperativeService{guidedPlanning, status=request, vehicleId=0x7665682d303831, requestedHorizonMs=2500, confidence=100, planning.waypoints=1, offloadTaskId=probe-101, offloadPayload=1024 bytes}"
5g-sender,1786030555955932248,edge4av-real-20260806-airspan-followup-run-1,c4-rep1-tcp,airspan-followup-70-20-10,guided-planning,tcp,veh-081,veh-081,rsu-1,c4-rep1-tcp-veh-081-102,ipi-session-1,airspan-followup-c4-rep1,veh-081,102,100-clients,default,stationary,unsynced,true,true,payload_bytes,1024,bytes,IPI-CooperativeService,1099,1786030555684187203,1786030381970225786,1786030381970291840,1786030555955932248,271.745,,0.066,173985.640,"CooperativeService{guidedPlanning, status=request, vehicleId=0x7665682d303831, requestedHorizonMs=2500, confidence=100, planning.waypoints=1, offloadTaskId=probe-102, offloadPayload=1024 bytes}"
5g-sender,1786030556339961285,edge4av-real-20260806-airspan-followup-run-1,c4-rep1-tcp,airspan-followup-70-20-10,guided-planning,tcp,veh-081,veh-081,rsu-1,c4-rep1-tcp-veh-081-103,ipi-session-1,airspan-followup-c4-rep1,veh-081,103,100-clients,default,stationary,unsynced,true,true,payload_bytes,1024,bytes,IPI-CooperativeService,1099,1786030556156137668,1786030382340638237,1786030382340666788,1786030556339961285,183.824,,0.029,173999.294,"CooperativeService{guidedPlanning, status=request, vehicleId=0x7665682d303831, requestedHorizonMs=2500, confidence=100, planning.waypoints=1, offloadTaskId=probe-103, offloadPayload=1024 bytes}"
5g-sender,1786030556758224396,edge4av-real-20260806-airspan-followup-run-1,c4-rep1-tcp,airspan-followup-70-20-10,guided-planning,tcp,veh-081,veh-081,rsu-1,c4-rep1-tcp-veh-081-104,ipi-session-1,airspan-followup-c4-rep1,veh-081,104,100-clients,default,stationary,unsynced,true,true,payload_bytes,1024,bytes,IPI-CooperativeService,1099,1786030556540273099,1786030382751585414,1786030382751641936,1786030556758224396,217.951,,0.057,174006.582,"CooperativeService{guidedPlanning, status=request, vehicleId=0x7665682d303831, requestedHorizonMs=2500, confidence=100, planning.waypoints=1, offloadTaskId=probe-104, offloadPayload=1024 bytes}"
5g-sender,1786030557138166036,edge4av-real-20260806-airspan-followup-run-1,c4-rep1-tcp,airspan-followup-70-20-10,guided-planning,tcp,veh-081,veh-081,rsu-1,c4-rep1-tcp-veh-081-105,ipi-session-1,airspan-followup-c4-rep1,veh-081,105,100-clients,default,stationary,unsynced,true,true,payload_bytes,1024,bytes,IPI-CooperativeService,1099,1786030556958454220,1786030383152199998,1786030383152251149,1786030557138166036,179.712,,0.051,173985.915,"CooperativeService{guidedPlanning, status=request, vehicleId=0x7665682d303831, requestedHorizonMs=2500, confidence=100, planning.waypoints=1, offloadTaskId=probe-105, offloadPayload=1024 bytes}"
5g-sender,1786030557674187503,edge4av-real-20260806-airspan-followup-run-1,c4-rep1-tcp,airspan-followup-70-20-10,guided-planning,tcp,veh-081,veh-081,rsu-1,c4-rep1-tcp-veh-081-106,ipi-session-1,airspan-followup-c4-rep1,veh-081,106,100-clients,default,stationary,unsynced,true,true,payload_bytes,1024,bytes,IPI-CooperativeService,1099,1786030557338371446,1786030383683080245,1786030383683103300,1786030557674187503,335.816,,0.023,173991.084,"CooperativeService{guidedPlanning, status=request, vehicleId=0x7665682d303831, requestedHorizonMs=2500, confidence=100, planning.waypoints=1, offloadTaskId=probe-106, offloadPayload=1024 bytes}"
5g-sender,1786030558058239164,edge4av-real-20260806-airspan-followup-run-1,c4-rep1-tcp,airspan-followup-70-20-10,guided-planning,tcp,veh-081,veh-081,rsu-1,c4-rep1-tcp-veh-081-107,ipi-session-1,airspan-followup-c4-rep1,veh-081,107,100-clients,default,stationary,unsynced,true,true,payload_bytes,1024,bytes,IPI-CooperativeService,1099,1786030557874383427,1786030384063725836,1786030384063760312,1786030558058239164,183.856,,0.034,173994.479,"CooperativeService{guidedPlanning, status=request, vehicleId=0x7665682d303831, requestedHorizonMs=2500, confidence=100, planning.waypoints=1, offloadTaskId=probe-107, offloadPayload=1024 bytes}"
5g-sender,1786030558444152718,edge4av-real-20260806-airspan-followup-run-1,c4-rep1-tcp,airspan-followup-70-20-10,guided-planning,tcp,veh-081,veh-081,rsu-1,c4-rep1-tcp-veh-081-108,ipi-session-1,airspan-followup-c4-rep1,veh-081,108,100-clients,default,stationary,unsynced,true,true,payload_bytes,1024,bytes,IPI-CooperativeService,1099,1786030558258481964,1786030384454522744,1786030384454564007,1786030558444152718,185.671,,0.041,173989.589,"CooperativeService{guidedPlanning, status=request, vehicleId=0x7665682d303831, requestedHorizonMs=2500, confidence=100, planning.waypoints=1, offloadTaskId=probe-108, offloadPayload=1024 bytes}"
5g-sender,1786030558900333328,edge4av-real-20260806-airspan-followup-run-1,c4-rep1-tcp,airspan-followup-70-20-10,guided-planning,tcp,veh-081,veh-081,rsu-1,c4-rep1-tcp-veh-081-109,ipi-session-1,airspan-followup-c4-rep1,veh-081,109,100-clients,default,stationary,unsynced,true,true,payload_bytes,1024,bytes,IPI-CooperativeService,1099,1786030558644328426,1786030384925283143,1786030384925334886,1786030558900333328,256.005,,0.052,173974.998,"CooperativeService{guidedPlanning, status=request, vehicleId=0x7665682d303831, requestedHorizonMs=2500, confidence=100, planning.waypoints=1, offloadTaskId=probe-109, offloadPayload=1024 bytes}"
5g-sender,1786030559334155088,edge4av-real-20260806-airspan-followup-run-1,c4-rep1-tcp,airspan-followup-70-20-10,guided-planning,tcp,veh-081,veh-081,rsu-1,c4-rep1-tcp-veh-081-110,ipi-session-1,airspan-followup-c4-rep1,veh-081,110,100-clients,default,stationary,unsynced,true,true,payload_bytes,1024,bytes,IPI-CooperativeService,1099,1786030559100548989,1786030385335923411,1786030385335982777,1786030559334155088,233.606,,0.059,173998.172,"CooperativeService{guidedPlanning, status=request, vehicleId=0x7665682d303831, requestedHorizonMs=2500, confidence=100, planning.waypoints=1, offloadTaskId=probe-110, offloadPayload=1024 bytes}"
5g-sender,1786030559796270593,edge4av-real-20260806-airspan-followup-run-1,c4-rep1-tcp,airspan-followup-70-20-10,guided-planning,tcp,veh-081,veh-081,rsu-1,c4-rep1-tcp-veh-081-111,ipi-session-1,airspan-followup-c4-rep1,veh-081,111,100-clients,default,stationary,unsynced,true,true,payload_bytes,1024,bytes,IPI-CooperativeService,1099,1786030559534344432,1786030385816795251,1786030385816813178,1786030559796270593,261.926,,0.018,173979.457,"CooperativeService{guidedPlanning, status=request, vehicleId=0x7665682d303831, requestedHorizonMs=2500, confidence=100, planning.waypoints=1, offloadTaskId=probe-111, offloadPayload=1024 bytes}"
5g-sender,1786030560270068896,edge4av-real-20260806-airspan-followup-run-1,c4-rep1-tcp,airspan-followup-70-20-10,guided-planning,tcp,veh-081,veh-081,rsu-1,c4-rep1-tcp-veh-081-112,ipi-session-1,airspan-followup-c4-rep1,veh-081,112,100-clients,default,stationary,unsynced,true,true,payload_bytes,1024,bytes,IPI-CooperativeService,1099,1786030559996523837,1786030386287743505,1786030386287795905,1786030560270068896,273.545,,0.052,173982.273,"CooperativeService{guidedPlanning, status=request, vehicleId=0x7665682d303831, requestedHorizonMs=2500, confidence=100, planning.waypoints=1, offloadTaskId=probe-112, offloadPayload=1024 bytes}"
5g-sender,1786030560696088561,edge4av-real-20260806-airspan-followup-run-1,c4-rep1-tcp,airspan-followup-70-20-10,guided-planning,tcp,veh-081,veh-081,rsu-1,c4-rep1-tcp-veh-081-113,ipi-session-1,airspan-followup-c4-rep1,veh-081,113,100-clients,default,stationary,unsynced,true,true,payload_bytes,1024,bytes,IPI-CooperativeService,1099,1786030560470255530,1786030386708318464,1786030386708359889,1786030560696088561,225.833,,0.041,173987.729,"CooperativeService{guidedPlanning, status=request, vehicleId=0x7665682d303831, requestedHorizonMs=2500, confidence=100, planning.waypoints=1, offloadTaskId=probe-113, offloadPayload=1024 bytes}"
5g-sender,1786030561376146228,edge4av-real-20260806-airspan-followup-run-1,c4-rep1-tcp,airspan-followup-70-20-10,guided-planning,tcp,veh-081,veh-081,rsu-1,c4-rep1-tcp-veh-081-114,ipi-session-1,airspan-followup-c4-rep1,veh-081,114,100-clients,default,stationary,unsynced,true,true,payload_bytes,1024,bytes,IPI-CooperativeService,1099,1786030560896277494,1786030387379736914,1786030387379789356,1786030561376146228,479.869,,0.052,173996.357,"CooperativeService{guidedPlanning, status=request, vehicleId=0x7665682d303831, requestedHorizonMs=2500, confidence=100, planning.waypoints=1, offloadTaskId=probe-114, offloadPayload=1024 bytes}"
5g-sender,1786030561846152043,edge4av-real-20260806-airspan-followup-run-1,c4-rep1-tcp,airspan-followup-70-20-10,guided-planning,tcp,veh-081,veh-081,rsu-1,c4-rep1-tcp-veh-081-115,ipi-session-1,airspan-followup-c4-rep1,veh-081,115,100-clients,default,stationary,unsynced,true,true,payload_bytes,1024,bytes,IPI-CooperativeService,1099,1786030561576333820,1786030387850355336,1786030387850411305,1786030561846152043,269.818,,0.056,173995.741,"CooperativeService{guidedPlanning, status=request, vehicleId=0x7665682d303831, requestedHorizonMs=2500, confidence=100, planning.waypoints=1, offloadTaskId=probe-115, offloadPayload=1024 bytes}"
5g-sender,1786030562302151441,edge4av-real-20260806-airspan-followup-run-1,c4-rep1-tcp,airspan-followup-70-20-10,guided-planning,tcp,veh-081,veh-081,rsu-1,c4-rep1-tcp-veh-081-116,ipi-session-1,airspan-followup-c4-rep1,veh-081,116,100-clients,default,stationary,unsynced,true,true,payload_bytes,1024,bytes,IPI-CooperativeService,1099,1786030562046318628,1786030388321434164,1786030388321476608,1786030562302151441,255.833,,0.042,173980.675,"CooperativeService{guidedPlanning, status=request, vehicleId=0x7665682d303831, requestedHorizonMs=2500, confidence=100, planning.waypoints=1, offloadTaskId=probe-116, offloadPayload=1024 bytes}"
5g-sender,1786030562768163533,edge4av-real-20260806-airspan-followup-run-1,c4-rep1-tcp,airspan-followup-70-20-10,guided-planning,tcp,veh-081,veh-081,rsu-1,c4-rep1-tcp-veh-081-117,ipi-session-1,airspan-followup-c4-rep1,veh-081,117,100-clients,default,stationary,unsynced,true,true,payload_bytes,1024,bytes,IPI-CooperativeService,1099,1786030562502405642,1786030388772173022,1786030388772188680,1786030562768163533,265.758,,0.016,173995.975,"CooperativeService{guidedPlanning, status=request, vehicleId=0x7665682d303831, requestedHorizonMs=2500, confidence=100, planning.waypoints=1, offloadTaskId=probe-117, offloadPayload=1024 bytes}"
5g-sender,1786030563254205968,edge4av-real-20260806-airspan-followup-run-1,c4-rep1-tcp,airspan-followup-70-20-10,guided-planning,tcp,veh-081,veh-081,rsu-1,c4-rep1-tcp-veh-081-118,ipi-session-1,airspan-followup-c4-rep1,veh-081,118,100-clients,default,stationary,unsynced,true,true,payload_bytes,1024,bytes,IPI-CooperativeService,1099,1786030562968400233,1786030389262935092,1786030389262984491,1786030563254205968,285.806,,0.049,173991.221,"CooperativeService{guidedPlanning, status=request, vehicleId=0x7665682d303831, requestedHorizonMs=2500, confidence=100, planning.waypoints=1, offloadTaskId=probe-118, offloadPayload=1024 bytes}"
5g-sender,1786030563650312982,edge4av-real-20260806-airspan-followup-run-1,c4-rep1-tcp,airspan-followup-70-20-10,guided-planning,tcp,veh-081,veh-081,rsu-1,c4-rep1-tcp-veh-081-119,ipi-session-1,airspan-followup-c4-rep1,veh-081,119,100-clients,default,stationary,unsynced,true,true,payload_bytes,1024,bytes,IPI-CooperativeService,1099,1786030563454440046,1786030389663791304,1786030389663842303,1786030563650312982,195.873,,0.051,173986.471,"CooperativeService{guidedPlanning, status=request, vehicleId=0x7665682d303831, requestedHorizonMs=2500, confidence=100, planning.waypoints=1, offloadTaskId=probe-119, offloadPayload=1024 bytes}"
5g-sender,1786030564050119098,edge4av-real-20260806-airspan-followup-run-1,c4-rep1-tcp,airspan-followup-70-20-10,guided-planning,tcp,veh-081,veh-081,rsu-1,c4-rep1-tcp-veh-081-120,ipi-session-1,airspan-followup-c4-rep1,veh-081,120,100-clients,default,stationary,unsynced,true,true,payload_bytes,1024,bytes,IPI-CooperativeService,1099,1786030563850561833,1786030390074379416,1786030390074433242,1786030564050119098,199.557,,0.054,173975.686,"CooperativeService{guidedPlanning, status=request, vehicleId=0x7665682d303831, requestedHorizonMs=2500, confidence=100, planning.waypoints=1, offloadTaskId=probe-120, offloadPayload=1024 bytes}"
5g-sender,1786030564438018610,edge4av-real-20260806-airspan-followup-run-1,c4-rep1-tcp,airspan-followup-70-20-10,guided-planning,tcp,veh-081,veh-081,rsu-1,c4-rep1-tcp-veh-081-121,ipi-session-1,airspan-followup-c4-rep1,veh-081,121,100-clients,default,stationary,unsynced,true,true,payload_bytes,1024,bytes,IPI-CooperativeService,1099,1786030564250325429,1786030390465183181,1786030390465234389,1786030564438018610,187.693,,0.051,173972.784,"CooperativeService{guidedPlanning, status=request, vehicleId=0x7665682d303831, requestedHorizonMs=2500, confidence=100, planning.waypoints=1, offloadTaskId=probe-121, offloadPayload=1024 bytes}"
5g-sender,1786030564909927559,edge4av-real-20260806-airspan-followup-run-1,c4-rep1-tcp,airspan-followup-70-20-10,guided-planning,tcp,veh-081,veh-081,rsu-1,c4-rep1-tcp-veh-081-122,ipi-session-1,airspan-followup-c4-rep1,veh-081,122,100-clients,default,stationary,unsynced,true,true,payload_bytes,1024,bytes,IPI-CooperativeService,1099,1786030564638200807,1786030390925985491,1786030390926012976,1786030564909927559,271.727,,0.027,173983.915,"CooperativeService{guidedPlanning, status=request, vehicleId=0x7665682d303831, requestedHorizonMs=2500, confidence=100, planning.waypoints=1, offloadTaskId=probe-122, offloadPayload=1024 bytes}"
5g-sender,1786030565302204764,edge4av-real-20260806-airspan-followup-run-1,c4-rep1-tcp,airspan-followup-70-20-10,guided-planning,tcp,veh-081,veh-081,rsu-1,c4-rep1-tcp-veh-081-123,ipi-session-1,airspan-followup-c4-rep1,veh-081,123,100-clients,default,stationary,unsynced,true,true,payload_bytes,1024,bytes,IPI-CooperativeService,1099,1786030565110091599,1786030391306573371,1786030391306628986,1786030565302204764,192.113,,0.056,173995.576,"CooperativeService{guidedPlanning, status=request, vehicleId=0x7665682d303831, requestedHorizonMs=2500, confidence=100, planning.waypoints=1, offloadTaskId=probe-123, offloadPayload=1024 bytes}"
5g-sender,1786030565712002209,edge4av-real-20260806-airspan-followup-run-1,c4-rep1-tcp,airspan-followup-70-20-10,guided-planning,tcp,veh-081,veh-081,rsu-1,c4-rep1-tcp-veh-081-124,ipi-session-1,airspan-followup-c4-rep1,veh-081,124,100-clients,default,stationary,unsynced,true,true,payload_bytes,1024,bytes,IPI-CooperativeService,1099,1786030565502367255,1786030391727481858,1786030391727523143,1786030565712002209,209.635,,0.041,173984.479,"CooperativeService{guidedPlanning, status=request, vehicleId=0x7665682d303831, requestedHorizonMs=2500, confidence=100, planning.waypoints=1, offloadTaskId=probe-124, offloadPayload=1024 bytes}"
5g-sender,1786030566136166250,edge4av-real-20260806-airspan-followup-run-1,c4-rep1-tcp,airspan-followup-70-20-10,guided-planning,tcp,veh-081,veh-081,rsu-1,c4-rep1-tcp-veh-081-125,ipi-session-1,airspan-followup-c4-rep1,veh-081,125,100-clients,default,stationary,unsynced,true,true,payload_bytes,1024,bytes,IPI-CooperativeService,1099,1786030565912222294,1786030392148122149,1786030392148186650,1786030566136166250,223.944,,0.065,173987.980,"CooperativeService{guidedPlanning, status=request, vehicleId=0x7665682d303831, requestedHorizonMs=2500, confidence=100, planning.waypoints=1, offloadTaskId=probe-125, offloadPayload=1024 bytes}"
5g-sender,1786030566566097365,edge4av-real-20260806-airspan-followup-run-1,c4-rep1-tcp,airspan-followup-70-20-10,guided-planning,tcp,veh-081,veh-081,rsu-1,c4-rep1-tcp-veh-081-126,ipi-session-1,airspan-followup-c4-rep1,veh-081,126,100-clients,default,stationary,unsynced,true,true,payload_bytes,1024,bytes,IPI-CooperativeService,1099,1786030566336343843,1786030392578702230,1786030392578719921,1786030566566097365,229.754,,0.018,173987.377,"CooperativeService{guidedPlanning, status=request, vehicleId=0x7665682d303831, requestedHorizonMs=2500, confidence=100, planning.waypoints=1, offloadTaskId=probe-126, offloadPayload=1024 bytes}"
5g-sender,1786030567028225786,edge4av-real-20260806-airspan-followup-run-1,c4-rep1-tcp,airspan-followup-70-20-10,guided-planning,tcp,veh-081,veh-081,rsu-1,c4-rep1-tcp-veh-081-127,ipi-session-1,airspan-followup-c4-rep1,veh-081,127,100-clients,default,stationary,unsynced,true,true,payload_bytes,1024,bytes,IPI-CooperativeService,1099,1786030566766342330,1786030393039807641,1786030393039850046,1786030567028225786,261.883,,0.042,173988.376,"CooperativeService{guidedPlanning, status=request, vehicleId=0x7665682d303831, requestedHorizonMs=2500, confidence=100, planning.waypoints=1, offloadTaskId=probe-127, offloadPayload=1024 bytes}"
5g-sender,1786030567460218532,edge4av-real-20260806-airspan-followup-run-1,c4-rep1-tcp,airspan-followup-70-20-10,guided-planning,tcp,veh-081,veh-081,rsu-1,c4-rep1-tcp-veh-081-128,ipi-session-1,airspan-followup-c4-rep1,veh-081,128,100-clients,default,stationary,unsynced,true,true,payload_bytes,1024,bytes,IPI-CooperativeService,1099,1786030567228386311,1786030393480678847,1786030393480745132,1786030567460218532,231.832,,0.066,173979.473,"CooperativeService{guidedPlanning, status=request, vehicleId=0x7665682d303831, requestedHorizonMs=2500, confidence=100, planning.waypoints=1, offloadTaskId=probe-128, offloadPayload=1024 bytes}"
5g-sender,1786030567828162887,edge4av-real-20260806-airspan-followup-run-1,c4-rep1-tcp,airspan-followup-70-20-10,guided-planning,tcp,veh-081,veh-081,rsu-1,c4-rep1-tcp-veh-081-129,ipi-session-1,airspan-followup-c4-rep1,veh-081,129,100-clients,default,stationary,unsynced,true,true,payload_bytes,1024,bytes,IPI-CooperativeService,1099,1786030567660455121,1786030393851030570,1786030393851080388,1786030567828162887,167.708,,0.050,173977.082,"CooperativeService{guidedPlanning, status=request, vehicleId=0x7665682d303831, requestedHorizonMs=2500, confidence=100, planning.waypoints=1, offloadTaskId=probe-129, offloadPayload=1024 bytes}"
5g-sender,1786030568330136069,edge4av-real-20260806-airspan-followup-run-1,c4-rep1-tcp,airspan-followup-70-20-10,guided-planning,tcp,veh-081,veh-081,rsu-1,c4-rep1-tcp-veh-081-130,ipi-session-1,airspan-followup-c4-rep1,veh-081,130,100-clients,default,stationary,unsynced,true,true,payload_bytes,1024,bytes,IPI-CooperativeService,1099,1786030568028390335,1786030394331797325,1786030394331841724,1786030568330136069,301.746,,0.044,173998.294,"CooperativeService{guidedPlanning, status=request, vehicleId=0x7665682d303831, requestedHorizonMs=2500, confidence=100, planning.waypoints=1, offloadTaskId=probe-130, offloadPayload=1024 bytes}"
5g-sender,1786030568812401440,edge4av-real-20260806-airspan-followup-run-1,c4-rep1-tcp,airspan-followup-70-20-10,guided-planning,tcp,veh-081,veh-081,rsu-1,c4-rep1-tcp-veh-081-131,ipi-session-1,airspan-followup-c4-rep1,veh-081,131,100-clients,default,stationary,unsynced,true,true,payload_bytes,1024,bytes,IPI-CooperativeService,1099,1786030568530315717,1786030394822653839,1786030394822671865,1786030568812401440,282.086,,0.018,173989.730,"CooperativeService{guidedPlanning, status=request, vehicleId=0x7665682d303831, requestedHorizonMs=2500, confidence=100, planning.waypoints=1, offloadTaskId=probe-131, offloadPayload=1024 bytes}"
5g-sender,1786030569242145505,edge4av-real-20260806-airspan-followup-run-1,c4-rep1-tcp,airspan-followup-70-20-10,guided-planning,tcp,veh-081,veh-081,rsu-1,c4-rep1-tcp-veh-081-132,ipi-session-1,airspan-followup-c4-rep1,veh-081,132,100-clients,default,stationary,unsynced,true,true,payload_bytes,1024,bytes,IPI-CooperativeService,1099,1786030569012632518,1786030395233652160,1786030395233703034,1786030569242145505,229.513,,0.051,174008.442,"CooperativeService{guidedPlanning, status=request, vehicleId=0x7665682d303831, requestedHorizonMs=2500, confidence=100, planning.waypoints=1, offloadTaskId=probe-132, offloadPayload=1024 bytes}"
5g-sender,1786030569732076775,edge4av-real-20260806-airspan-followup-run-1,c4-rep1-tcp,airspan-followup-70-20-10,guided-planning,tcp,veh-081,veh-081,rsu-1,c4-rep1-tcp-veh-081-133,ipi-session-1,airspan-followup-c4-rep1,veh-081,133,100-clients,default,stationary,unsynced,true,true,payload_bytes,1024,bytes,IPI-CooperativeService,1099,1786030569442333583,1786030395744303654,1786030395744363685,1786030569732076775,289.743,,0.060,173987.713,"CooperativeService{guidedPlanning, status=request, vehicleId=0x7665682d303831, requestedHorizonMs=2500, confidence=100, planning.waypoints=1, offloadTaskId=probe-133, offloadPayload=1024 bytes}"
5g-sender,1786030570216077471,edge4av-real-20260806-airspan-followup-run-1,c4-rep1-tcp,airspan-followup-70-20-10,guided-planning,tcp,veh-081,veh-081,rsu-1,c4-rep1-tcp-veh-081-134,ipi-session-1,airspan-followup-c4-rep1,veh-081,134,100-clients,default,stationary,unsynced,true,true,payload_bytes,1024,bytes,IPI-CooperativeService,1099,1786030569932257606,1786030396225575914,1786030396225620044,1786030570216077471,283.820,,0.044,173990.457,"CooperativeService{guidedPlanning, status=request, vehicleId=0x7665682d303831, requestedHorizonMs=2500, confidence=100, planning.waypoints=1, offloadTaskId=probe-134, offloadPayload=1024 bytes}"
5g-sender,1786030570951961958,edge4av-real-20260806-airspan-followup-run-1,c4-rep1-tcp,airspan-followup-70-20-10,guided-planning,tcp,veh-081,veh-081,rsu-1,c4-rep1-tcp-veh-081-135,ipi-session-1,airspan-followup-c4-rep1,veh-081,135,100-clients,default,stationary,unsynced,true,true,payload_bytes,1024,bytes,IPI-CooperativeService,1099,1786030570416229025,1786030396956803538,1786030396956846706,1786030570951961958,535.733,,0.043,173995.115,"CooperativeService{guidedPlanning, status=request, vehicleId=0x7665682d303831, requestedHorizonMs=2500, confidence=100, planning.waypoints=1, offloadTaskId=probe-135, offloadPayload=1024 bytes}"
5g-sender,1786030571352134346,edge4av-real-20260806-airspan-followup-run-1,c4-rep1-tcp,airspan-followup-70-20-10,guided-planning,tcp,veh-081,veh-081,rsu-1,c4-rep1-tcp-veh-081-136,ipi-session-1,airspan-followup-c4-rep1,veh-081,136,100-clients,default,stationary,unsynced,true,true,payload_bytes,1024,bytes,IPI-CooperativeService,1099,1786030571152183880,1786030397367242863,1786030397367294754,1786030571352134346,199.950,,0.052,173984.840,"CooperativeService{guidedPlanning, status=request, vehicleId=0x7665682d303831, requestedHorizonMs=2500, confidence=100, planning.waypoints=1, offloadTaskId=probe-136, offloadPayload=1024 bytes}"
5g-sender,1786030571903994499,edge4av-real-20260806-airspan-followup-run-1,c4-rep1-tcp,airspan-followup-70-20-10,guided-planning,tcp,veh-081,veh-081,rsu-1,c4-rep1-tcp-veh-081-137,ipi-session-1,airspan-followup-c4-rep1,veh-081,137,100-clients,default,stationary,unsynced,true,true,payload_bytes,1024,bytes,IPI-CooperativeService,1099,1786030571552364497,1786030397928305220,1786030397928352683,1786030571903994499,351.630,,0.047,173975.642,"CooperativeService{guidedPlanning, status=request, vehicleId=0x7665682d303831, requestedHorizonMs=2500, confidence=100, planning.waypoints=1, offloadTaskId=probe-137, offloadPayload=1024 bytes}"
5g-sender,1786030572335997977,edge4av-real-20260806-airspan-followup-run-1,c4-rep1-tcp,airspan-followup-70-20-10,guided-planning,tcp,veh-081,veh-081,rsu-1,c4-rep1-tcp-veh-081-138,ipi-session-1,airspan-followup-c4-rep1,veh-081,138,100-clients,default,stationary,unsynced,true,true,payload_bytes,1024,bytes,IPI-CooperativeService,1099,1786030572104162437,1786030398349295928,1786030398349327511,1786030572335997977,231.836,,0.032,173986.670,"CooperativeService{guidedPlanning, status=request, vehicleId=0x7665682d303831, requestedHorizonMs=2500, confidence=100, planning.waypoints=1, offloadTaskId=probe-138, offloadPayload=1024 bytes}"
5g-sender,1786030572746378945,edge4av-real-20260806-airspan-followup-run-1,c4-rep1-tcp,airspan-followup-70-20-10,guided-planning,tcp,veh-081,veh-081,rsu-1,c4-rep1-tcp-veh-081-139,ipi-session-1,airspan-followup-c4-rep1,veh-081,139,100-clients,default,stationary,unsynced,true,true,payload_bytes,1024,bytes,IPI-CooperativeService,1099,1786030572536168785,1786030398749952459,1786030398750004700,1786030572746378945,210.210,,0.052,173996.374,"CooperativeService{guidedPlanning, status=request, vehicleId=0x7665682d303831, requestedHorizonMs=2500, confidence=100, planning.waypoints=1, offloadTaskId=probe-139, offloadPayload=1024 bytes}"
5g-sender,1786030573176266589,edge4av-real-20260806-airspan-followup-run-1,c4-rep1-tcp,airspan-followup-70-20-10,guided-planning,tcp,veh-081,veh-081,rsu-1,c4-rep1-tcp-veh-081-140,ipi-session-1,airspan-followup-c4-rep1,veh-081,140,100-clients,default,stationary,unsynced,true,true,payload_bytes,1024,bytes,IPI-CooperativeService,1099,1786030572946566210,1786030399190412593,1786030399190491922,1786030573176266589,229.700,,0.079,173985.775,"CooperativeService{guidedPlanning, status=request, vehicleId=0x7665682d303831, requestedHorizonMs=2500, confidence=100, planning.waypoints=1, offloadTaskId=probe-140, offloadPayload=1024 bytes}"
5g-sender,1786030573668135523,edge4av-real-20260806-airspan-followup-run-1,c4-rep1-tcp,airspan-followup-70-20-10,guided-planning,tcp,veh-081,veh-081,rsu-1,c4-rep1-tcp-veh-081-141,ipi-session-1,airspan-followup-c4-rep1,veh-081,141,100-clients,default,stationary,unsynced,true,true,payload_bytes,1024,bytes,IPI-CooperativeService,1099,1786030573376487514,1786030399681292702,1786030399681339121,1786030573668135523,291.648,,0.046,173986.796,"CooperativeService{guidedPlanning, status=request, vehicleId=0x7665682d303831, requestedHorizonMs=2500, confidence=100, planning.waypoints=1, offloadTaskId=probe-141, offloadPayload=1024 bytes}"
5g-sender,1786030574112418256,edge4av-real-20260806-airspan-followup-run-1,c4-rep1-tcp,airspan-followup-70-20-10,guided-planning,tcp,veh-081,veh-081,rsu-1,c4-rep1-tcp-veh-081-142,ipi-session-1,airspan-followup-c4-rep1,veh-081,142,100-clients,default,stationary,unsynced,true,true,payload_bytes,1024,bytes,IPI-CooperativeService,1099,1786030573868329277,1786030400122437125,1786030400122489792,1786030574112418256,244.089,,0.053,173989.928,"CooperativeService{guidedPlanning, status=request, vehicleId=0x7665682d303831, requestedHorizonMs=2500, confidence=100, planning.waypoints=1, offloadTaskId=probe-142, offloadPayload=1024 bytes}"
5g-sender,1786030574498192515,edge4av-real-20260806-airspan-followup-run-1,c4-rep1-tcp,airspan-followup-70-20-10,guided-planning,tcp,veh-081,veh-081,rsu-1,c4-rep1-tcp-veh-081-143,ipi-session-1,airspan-followup-c4-rep1,veh-081,143,100-clients,default,stationary,unsynced,true,true,payload_bytes,1024,bytes,IPI-CooperativeService,1099,1786030574312619962,1786030400512833807,1786030400512879487,1786030574498192515,185.573,,0.046,173985.313,"CooperativeService{guidedPlanning, status=request, vehicleId=0x7665682d303831, requestedHorizonMs=2500, confidence=100, planning.waypoints=1, offloadTaskId=probe-143, offloadPayload=1024 bytes}"
5g-sender,1786030574920230847,edge4av-real-20260806-airspan-followup-run-1,c4-rep1-tcp,airspan-followup-70-20-10,guided-planning,tcp,veh-081,veh-081,rsu-1,c4-rep1-tcp-veh-081-144,ipi-session-1,airspan-followup-c4-rep1,veh-081,144,100-clients,default,stationary,unsynced,true,true,payload_bytes,1024,bytes,IPI-CooperativeService,1099,1786030574698367293,1786030400933467060,1786030400933520409,1786030574920230847,221.864,,0.053,173986.710,"CooperativeService{guidedPlanning, status=request, vehicleId=0x7665682d303831, requestedHorizonMs=2500, confidence=100, planning.waypoints=1, offloadTaskId=probe-144, offloadPayload=1024 bytes}"
5g-sender,1786030575395961456,edge4av-real-20260806-airspan-followup-run-1,c4-rep1-tcp,airspan-followup-70-20-10,guided-planning,tcp,veh-081,veh-081,rsu-1,c4-rep1-tcp-veh-081-145,ipi-session-1,airspan-followup-c4-rep1,veh-081,145,100-clients,default,stationary,unsynced,true,true,payload_bytes,1024,bytes,IPI-CooperativeService,1099,1786030575120374740,1786030401404701007,1786030401404713349,1786030575395961456,275.587,,0.012,173991.248,"CooperativeService{guidedPlanning, status=request, vehicleId=0x7665682d303831, requestedHorizonMs=2500, confidence=100, planning.waypoints=1, offloadTaskId=probe-145, offloadPayload=1024 bytes}"
5g-sender,1786030575872338359,edge4av-real-20260806-airspan-followup-run-1,c4-rep1-tcp,airspan-followup-70-20-10,guided-planning,tcp,veh-081,veh-081,rsu-1,c4-rep1-tcp-veh-081-146,ipi-session-1,airspan-followup-c4-rep1,veh-081,146,100-clients,default,stationary,unsynced,true,true,payload_bytes,1024,bytes,IPI-CooperativeService,1099,1786030575596124441,1786030401885155475,1786030401885206410,1786030575872338359,276.214,,0.051,173987.132,"CooperativeService{guidedPlanning, status=request, vehicleId=0x7665682d303831, requestedHorizonMs=2500, confidence=100, planning.waypoints=1, offloadTaskId=probe-146, offloadPayload=1024 bytes}"
5g-sender,1786030576304145793,edge4av-real-20260806-airspan-followup-run-1,c4-rep1-tcp,airspan-followup-70-20-10,guided-planning,tcp,veh-081,veh-081,rsu-1,c4-rep1-tcp-veh-081-147,ipi-session-1,airspan-followup-c4-rep1,veh-081,147,100-clients,default,stationary,unsynced,true,true,payload_bytes,1024,bytes,IPI-CooperativeService,1099,1786030576072534444,1786030402315769720,1786030402315798207,1786030576304145793,231.611,,0.028,173988.348,"CooperativeService{guidedPlanning, status=request, vehicleId=0x7665682d303831, requestedHorizonMs=2500, confidence=100, planning.waypoints=1, offloadTaskId=probe-147, offloadPayload=1024 bytes}"
5g-sender,1786030576756331437,edge4av-real-20260806-airspan-followup-run-1,c4-rep1-tcp,airspan-followup-70-20-10,guided-planning,tcp,veh-081,veh-081,rsu-1,c4-rep1-tcp-veh-081-148,ipi-session-1,airspan-followup-c4-rep1,veh-081,148,100-clients,default,stationary,unsynced,true,true,payload_bytes,1024,bytes,IPI-CooperativeService,1099,1786030576504335109,1786030402766690848,1786030402766731885,1786030576756331437,251.996,,0.041,173989.600,"CooperativeService{guidedPlanning, status=request, vehicleId=0x7665682d303831, requestedHorizonMs=2500, confidence=100, planning.waypoints=1, offloadTaskId=probe-148, offloadPayload=1024 bytes}"
5g-sender,1786030577134183699,edge4av-real-20260806-airspan-followup-run-1,c4-rep1-tcp,airspan-followup-70-20-10,guided-planning,tcp,veh-081,veh-081,rsu-1,c4-rep1-tcp-veh-081-149,ipi-session-1,airspan-followup-c4-rep1,veh-081,149,100-clients,default,stationary,unsynced,true,true,payload_bytes,1024,bytes,IPI-CooperativeService,1099,1786030576956563909,1786030403157324627,1786030403157366461,1786030577134183699,177.620,,0.042,173976.817,"CooperativeService{guidedPlanning, status=request, vehicleId=0x7665682d303831, requestedHorizonMs=2500, confidence=100, planning.waypoints=1, offloadTaskId=probe-149, offloadPayload=1024 bytes}"
5g-sender,1786030577554145794,edge4av-real-20260806-airspan-followup-run-1,c4-rep1-tcp,airspan-followup-70-20-10,guided-planning,tcp,veh-081,veh-081,rsu-1,c4-rep1-tcp-veh-081-150,ipi-session-1,airspan-followup-c4-rep1,veh-081,150,100-clients,default,stationary,unsynced,true,true,payload_bytes,1024,bytes,IPI-CooperativeService,1099,1786030577334445536,1786030403558207914,1786030403558258934,1786030577554145794,219.700,,0.051,173995.887,"CooperativeService{guidedPlanning, status=request, vehicleId=0x7665682d303831, requestedHorizonMs=2500, confidence=100, planning.waypoints=1, offloadTaskId=probe-150, offloadPayload=1024 bytes}"
5g-sender,1786030578068034779,edge4av-real-20260806-airspan-followup-run-1,c4-rep1-tcp,airspan-followup-70-20-10,guided-planning,tcp,veh-081,veh-081,rsu-1,c4-rep1-tcp-veh-081-151,ipi-session-1,airspan-followup-c4-rep1,veh-081,151,100-clients,default,stationary,unsynced,true,true,payload_bytes,1024,bytes,IPI-CooperativeService,1099,1786030577754359489,1786030404079239345,1786030404079282191,1786030578068034779,313.675,,0.043,173988.753,"CooperativeService{guidedPlanning, status=request, vehicleId=0x7665682d303831, requestedHorizonMs=2500, confidence=100, planning.waypoints=1, offloadTaskId=probe-151, offloadPayload=1024 bytes}"
5g-sender,1786030578472201149,edge4av-real-20260806-airspan-followup-run-1,c4-rep1-tcp,airspan-followup-70-20-10,guided-planning,tcp,veh-081,veh-081,rsu-1,c4-rep1-tcp-veh-081-152,ipi-session-1,airspan-followup-c4-rep1,veh-081,152,100-clients,default,stationary,unsynced,true,true,payload_bytes,1024,bytes,IPI-CooperativeService,1099,1786030578268230081,1786030404479829260,1786030404479880256,1786030578472201149,203.971,,0.051,173992.321,"CooperativeService{guidedPlanning, status=request, vehicleId=0x7665682d303831, requestedHorizonMs=2500, confidence=100, planning.waypoints=1, offloadTaskId=probe-152, offloadPayload=1024 bytes}"
5g-sender,1786030578996107037,edge4av-real-20260806-airspan-followup-run-1,c4-rep1-tcp,airspan-followup-70-20-10,guided-planning,tcp,veh-081,veh-081,rsu-1,c4-rep1-tcp-veh-081-153,ipi-session-1,airspan-followup-c4-rep1,veh-081,153,100-clients,default,stationary,unsynced,true,true,payload_bytes,1024,bytes,IPI-CooperativeService,1099,1786030578672367547,1786030404970715471,1786030404970759710,1786030578996107037,323.739,,0.044,174025.347,"CooperativeService{guidedPlanning, status=request, vehicleId=0x7665682d303831, requestedHorizonMs=2500, confidence=100, planning.waypoints=1, offloadTaskId=probe-153, offloadPayload=1024 bytes}"
5g-sender,1786030579516173872,edge4av-real-20260806-airspan-followup-run-1,c4-rep1-tcp,airspan-followup-70-20-10,guided-planning,tcp,veh-081,veh-081,rsu-1,c4-rep1-tcp-veh-081-154,ipi-session-1,airspan-followup-c4-rep1,veh-081,154,100-clients,default,stationary,unsynced,true,true,payload_bytes,1024,bytes,IPI-CooperativeService,1099,1786030579196310076,1786030405491344995,1786030405491409173,1786030579516173872,319.864,,0.064,174024.765,"CooperativeService{guidedPlanning, status=request, vehicleId=0x7665682d303831, requestedHorizonMs=2500, confidence=100, planning.waypoints=1, offloadTaskId=probe-154, offloadPayload=1024 bytes}"
5g-sender,1786030579970090797,edge4av-real-20260806-airspan-followup-run-1,c4-rep1-tcp,airspan-followup-70-20-10,guided-planning,tcp,veh-081,veh-081,rsu-1,c4-rep1-tcp-veh-081-155,ipi-session-1,airspan-followup-c4-rep1,veh-081,155,100-clients,default,stationary,unsynced,true,true,payload_bytes,1024,bytes,IPI-CooperativeService,1099,1786030579716396004,1786030405972123996,1786030405972182835,1786030579970090797,253.695,,0.059,173997.908,"CooperativeService{guidedPlanning, status=request, vehicleId=0x7665682d303831, requestedHorizonMs=2500, confidence=100, planning.waypoints=1, offloadTaskId=probe-155, offloadPayload=1024 bytes}"
5g-sender,1786030580368164426,edge4av-real-20260806-airspan-followup-run-1,c4-rep1-tcp,airspan-followup-70-20-10,guided-planning,tcp,veh-081,veh-081,rsu-1,c4-rep1-tcp-veh-081-156,ipi-session-1,airspan-followup-c4-rep1,veh-081,156,100-clients,default,stationary,unsynced,true,true,payload_bytes,1024,bytes,IPI-CooperativeService,1099,1786030580170320078,1786030406392966483,1786030406393026328,1786030580368164426,197.844,,0.060,173975.138,"CooperativeService{guidedPlanning, status=request, vehicleId=0x7665682d303831, requestedHorizonMs=2500, confidence=100, planning.waypoints=1, offloadTaskId=probe-156, offloadPayload=1024 bytes}"
5g-sender,1786030580812255296,edge4av-real-20260806-airspan-followup-run-1,c4-rep1-tcp,airspan-followup-70-20-10,guided-planning,tcp,veh-081,veh-081,rsu-1,c4-rep1-tcp-veh-081-157,ipi-session-1,airspan-followup-c4-rep1,veh-081,157,100-clients,default,stationary,unsynced,true,true,payload_bytes,1024,bytes,IPI-CooperativeService,1099,1786030580568346869,1786030406803690352,1786030406803731632,1786030580812255296,243.908,,0.041,174008.524,"CooperativeService{guidedPlanning, status=request, vehicleId=0x7665682d303831, requestedHorizonMs=2500, confidence=100, planning.waypoints=1, offloadTaskId=probe-157, offloadPayload=1024 bytes}"
5g-sender,1786030581249968512,edge4av-real-20260806-airspan-followup-run-1,c4-rep1-tcp,airspan-followup-70-20-10,guided-planning,tcp,veh-081,veh-081,rsu-1,c4-rep1-tcp-veh-081-158,ipi-session-1,airspan-followup-c4-rep1,veh-081,158,100-clients,default,stationary,unsynced,true,true,payload_bytes,1024,bytes,IPI-CooperativeService,1099,1786030581012711221,1786030407264449312,1786030407264505141,1786030581249968512,237.257,,0.056,173985.463,"CooperativeService{guidedPlanning, status=request, vehicleId=0x7665682d303831, requestedHorizonMs=2500, confidence=100, planning.waypoints=1, offloadTaskId=probe-158, offloadPayload=1024 bytes}"
5g-sender,1786030581734153196,edge4av-real-20260806-airspan-followup-run-1,c4-rep1-tcp,airspan-followup-70-20-10,guided-planning,tcp,veh-081,veh-081,rsu-1,c4-rep1-tcp-veh-081-159,ipi-session-1,airspan-followup-c4-rep1,veh-081,159,100-clients,default,stationary,unsynced,true,true,payload_bytes,1024,bytes,IPI-CooperativeService,1099,1786030581450126961,1786030407755387784,1786030407755407265,1786030581734153196,284.026,,0.019,173978.746,"CooperativeService{guidedPlanning, status=request, vehicleId=0x7665682d303831, requestedHorizonMs=2500, confidence=100, planning.waypoints=1, offloadTaskId=probe-159, offloadPayload=1024 bytes}"
5g-sender,1786030582170055406,edge4av-real-20260806-airspan-followup-run-1,c4-rep1-tcp,airspan-followup-70-20-10,guided-planning,tcp,veh-081,veh-081,rsu-1,c4-rep1-tcp-veh-081-160,ipi-session-1,airspan-followup-c4-rep1,veh-081,160,100-clients,default,stationary,unsynced,true,true,payload_bytes,1024,bytes,IPI-CooperativeService,1099,1786030581934306314,1786030408186178200,1786030408186229791,1786030582170055406,235.749,,0.052,173983.826,"CooperativeService{guidedPlanning, status=request, vehicleId=0x7665682d303831, requestedHorizonMs=2500, confidence=100, planning.waypoints=1, offloadTaskId=probe-160, offloadPayload=1024 bytes}"
5g-sender,1786030582552141909,edge4av-real-20260806-airspan-followup-run-1,c4-rep1-tcp,airspan-followup-70-20-10,guided-planning,tcp,veh-081,veh-081,rsu-1,c4-rep1-tcp-veh-081-161,ipi-session-1,airspan-followup-c4-rep1,veh-081,161,100-clients,default,stationary,unsynced,true,true,payload_bytes,1024,bytes,IPI-CooperativeService,1099,1786030582370288662,1786030408546519900,1786030408546575703,1786030582552141909,181.853,,0.056,174005.566,"CooperativeService{guidedPlanning, status=request, vehicleId=0x7665682d303831, requestedHorizonMs=2500, confidence=100, planning.waypoints=1, offloadTaskId=probe-161, offloadPayload=1024 bytes}"
5g-sender,1786030583024325721,edge4av-real-20260806-airspan-followup-run-1,c4-rep1-tcp,airspan-followup-70-20-10,guided-planning,tcp,veh-081,veh-081,rsu-1,c4-rep1-tcp-veh-081-162,ipi-session-1,airspan-followup-c4-rep1,veh-081,162,100-clients,default,stationary,unsynced,true,true,payload_bytes,1024,bytes,IPI-CooperativeService,1099,1786030582752369135,1786030409037675382,1786030409037718784,1786030583024325721,271.957,,0.043,173986.607,"CooperativeService{guidedPlanning, status=request, vehicleId=0x7665682d303831, requestedHorizonMs=2500, confidence=100, planning.waypoints=1, offloadTaskId=probe-162, offloadPayload=1024 bytes}"
5g-sender,1786030583570242131,edge4av-real-20260806-airspan-followup-run-1,c4-rep1-tcp,airspan-followup-70-20-10,guided-planning,tcp,veh-081,veh-081,rsu-1,c4-rep1-tcp-veh-081-163,ipi-session-1,airspan-followup-c4-rep1,veh-081,163,100-clients,default,stationary,unsynced,true,true,payload_bytes,1024,bytes,IPI-CooperativeService,1099,1786030583224652862,1786030409568381468,1786030409568422965,1786030583570242131,345.589,,0.041,174001.819,"CooperativeService{guidedPlanning, status=request, vehicleId=0x7665682d303831, requestedHorizonMs=2500, confidence=100, planning.waypoints=1, offloadTaskId=probe-163, offloadPayload=1024 bytes}"
5g-sender,1786030584146291521,edge4av-real-20260806-airspan-followup-run-1,c4-rep1-tcp,airspan-followup-70-20-10,guided-planning,tcp,veh-081,veh-081,rsu-1,c4-rep1-tcp-veh-081-164,ipi-session-1,airspan-followup-c4-rep1,veh-081,164,100-clients,default,stationary,unsynced,true,true,payload_bytes,1024,bytes,IPI-CooperativeService,1099,1786030583770456387,1786030410159826174,1786030410159869325,1786030584146291521,375.835,,0.043,173986.422,"CooperativeService{guidedPlanning, status=request, vehicleId=0x7665682d303831, requestedHorizonMs=2500, confidence=100, planning.waypoints=1, offloadTaskId=probe-164, offloadPayload=1024 bytes}"
5g-sender,1786030584608290403,edge4av-real-20260806-airspan-followup-run-1,c4-rep1-tcp,airspan-followup-70-20-10,guided-planning,tcp,veh-081,veh-081,rsu-1,c4-rep1-tcp-veh-081-165,ipi-session-1,airspan-followup-c4-rep1,veh-081,165,100-clients,default,stationary,unsynced,true,true,payload_bytes,1024,bytes,IPI-CooperativeService,1099,1786030584346482893,1786030410630411710,1786030410630454896,1786030584608290403,261.808,,0.043,173977.836,"CooperativeService{guidedPlanning, status=request, vehicleId=0x7665682d303831, requestedHorizonMs=2500, confidence=100, planning.waypoints=1, offloadTaskId=probe-165, offloadPayload=1024 bytes}"
5g-sender,1786030585098181637,edge4av-real-20260806-airspan-followup-run-1,c4-rep1-tcp,airspan-followup-70-20-10,guided-planning,tcp,veh-081,veh-081,rsu-1,c4-rep1-tcp-veh-081-166,ipi-session-1,airspan-followup-c4-rep1,veh-081,166,100-clients,default,stationary,unsynced,true,true,payload_bytes,1024,bytes,IPI-CooperativeService,1099,1786030584808476866,1786030411111261007,1786030411111312722,1786030585098181637,289.705,,0.052,173986.869,"CooperativeService{guidedPlanning, status=request, vehicleId=0x7665682d303831, requestedHorizonMs=2500, confidence=100, planning.waypoints=1, offloadTaskId=probe-166, offloadPayload=1024 bytes}"
5g-sender,1786030585632079381,edge4av-real-20260806-airspan-followup-run-1,c4-rep1-tcp,airspan-followup-70-20-10,guided-planning,tcp,veh-081,veh-081,rsu-1,c4-rep1-tcp-veh-081-167,ipi-session-1,airspan-followup-c4-rep1,veh-081,167,100-clients,default,stationary,unsynced,true,true,payload_bytes,1024,bytes,IPI-CooperativeService,1099,1786030585298350730,1786030411632153450,1786030411632195746,1786030585632079381,333.729,,0.042,173999.884,"CooperativeService{guidedPlanning, status=request, vehicleId=0x7665682d303831, requestedHorizonMs=2500, confidence=100, planning.waypoints=1, offloadTaskId=probe-167, offloadPayload=1024 bytes}"
5g-sender,1786030586400339756,edge4av-real-20260806-airspan-followup-run-1,c4-rep1-tcp,airspan-followup-70-20-10,guided-planning,tcp,veh-081,veh-081,rsu-1,c4-rep1-tcp-veh-081-168,ipi-session-1,airspan-followup-c4-rep1,veh-081,168,100-clients,default,stationary,unsynced,true,true,payload_bytes,1024,bytes,IPI-CooperativeService,1099,1786030585832272841,1786030412413698891,1786030412413752859,1786030586400339756,568.067,,0.054,173986.587,"CooperativeService{guidedPlanning, status=request, vehicleId=0x7665682d303831, requestedHorizonMs=2500, confidence=100, planning.waypoints=1, offloadTaskId=probe-168, offloadPayload=1024 bytes}"
5g-sender,1786030586794159070,edge4av-real-20260806-airspan-followup-run-1,c4-rep1-tcp,airspan-followup-70-20-10,guided-planning,tcp,veh-081,veh-081,rsu-1,c4-rep1-tcp-veh-081-169,ipi-session-1,airspan-followup-c4-rep1,veh-081,169,100-clients,default,stationary,unsynced,true,true,payload_bytes,1024,bytes,IPI-CooperativeService,1099,1786030586600608557,1786030412794414310,1786030412794457405,1786030586794159070,193.551,,0.043,173999.702,"CooperativeService{guidedPlanning, status=request, vehicleId=0x7665682d303831, requestedHorizonMs=2500, confidence=100, planning.waypoints=1, offloadTaskId=probe-169, offloadPayload=1024 bytes}"
5g-sender,1786030587234046149,edge4av-real-20260806-airspan-followup-run-1,c4-rep1-tcp,airspan-followup-70-20-10,guided-planning,tcp,veh-081,veh-081,rsu-1,c4-rep1-tcp-veh-081-170,ipi-session-1,airspan-followup-c4-rep1,veh-081,170,100-clients,default,stationary,unsynced,true,true,payload_bytes,1024,bytes,IPI-CooperativeService,1099,1786030586994390790,1786030413244998672,1786030413245050769,1786030587234046149,239.655,,0.052,173988.995,"CooperativeService{guidedPlanning, status=request, vehicleId=0x7665682d303831, requestedHorizonMs=2500, confidence=100, planning.waypoints=1, offloadTaskId=probe-170, offloadPayload=1024 bytes}"
5g-sender,1786030587800128168,edge4av-real-20260806-airspan-followup-run-1,c4-rep1-tcp,airspan-followup-70-20-10,guided-planning,tcp,veh-081,veh-081,rsu-1,c4-rep1-tcp-veh-081-171,ipi-session-1,airspan-followup-c4-rep1,veh-081,171,100-clients,default,stationary,unsynced,true,true,payload_bytes,1024,bytes,IPI-CooperativeService,1099,1786030587434232575,1786030413795879480,1786030413795922295,1786030587800128168,365.896,,0.043,174004.206,"CooperativeService{guidedPlanning, status=request, vehicleId=0x7665682d303831, requestedHorizonMs=2500, confidence=100, planning.waypoints=1, offloadTaskId=probe-171, offloadPayload=1024 bytes}"
5g-sender,1786030588296233492,edge4av-real-20260806-airspan-followup-run-1,c4-rep1-tcp,airspan-followup-70-20-10,guided-planning,tcp,veh-081,veh-081,rsu-1,c4-rep1-tcp-veh-081-172,ipi-session-1,airspan-followup-c4-rep1,veh-081,172,100-clients,default,stationary,unsynced,true,true,payload_bytes,1024,bytes,IPI-CooperativeService,1099,1786030588000338335,1786030414316812609,1786030414316855828,1786030588296233492,295.895,,0.043,173979.378,"CooperativeService{guidedPlanning, status=request, vehicleId=0x7665682d303831, requestedHorizonMs=2500, confidence=100, planning.waypoints=1, offloadTaskId=probe-172, offloadPayload=1024 bytes}"
5g-sender,1786030588774250315,edge4av-real-20260806-airspan-followup-run-1,c4-rep1-tcp,airspan-followup-70-20-10,guided-planning,tcp,veh-081,veh-081,rsu-1,c4-rep1-tcp-veh-081-173,ipi-session-1,airspan-followup-c4-rep1,veh-081,173,100-clients,default,stationary,unsynced,true,true,payload_bytes,1024,bytes,IPI-CooperativeService,1099,1786030588496371741,1786030414737579888,1786030414737633374,1786030588774250315,277.879,,0.053,174036.617,"CooperativeService{guidedPlanning, status=request, vehicleId=0x7665682d303831, requestedHorizonMs=2500, confidence=100, planning.waypoints=1, offloadTaskId=probe-173, offloadPayload=1024 bytes}"
5g-sender,1786030589258288770,edge4av-real-20260806-airspan-followup-run-1,c4-rep1-tcp,airspan-followup-70-20-10,guided-planning,tcp,veh-081,veh-081,rsu-1,c4-rep1-tcp-veh-081-174,ipi-session-1,airspan-followup-c4-rep1,veh-081,174,100-clients,default,stationary,unsynced,true,true,payload_bytes,1024,bytes,IPI-CooperativeService,1099,1786030588974455722,1786030415268814873,1786030415268867241,1786030589258288770,283.833,,0.052,173989.422,"CooperativeService{guidedPlanning, status=request, vehicleId=0x7665682d303831, requestedHorizonMs=2500, confidence=100, planning.waypoints=1, offloadTaskId=probe-174, offloadPayload=1024 bytes}"
5g-sender,1786030590874437824,edge4av-real-20260806-airspan-followup-run-1,c4-rep1-tcp,airspan-followup-70-20-10,guided-planning,tcp,veh-081,veh-081,rsu-1,c4-rep1-tcp-veh-081-175,ipi-session-1,airspan-followup-c4-rep1,veh-081,175,100-clients,default,stationary,unsynced,true,true,payload_bytes,1024,bytes,IPI-CooperativeService,1099,1786030589458540401,1786030416891524014,1786030416891599946,1786030590874437824,1415.897,,0.076,173982.838,"CooperativeService{guidedPlanning, status=request, vehicleId=0x7665682d303831, requestedHorizonMs=2500, confidence=100, planning.waypoints=1, offloadTaskId=probe-175, offloadPayload=1024 bytes}"
5g-sender,1786030591290149411,edge4av-real-20260806-airspan-followup-run-1,c4-rep1-tcp,airspan-followup-70-20-10,guided-planning,tcp,veh-081,veh-081,rsu-1,c4-rep1-tcp-veh-081-176,ipi-session-1,airspan-followup-c4-rep1,veh-081,176,100-clients,default,stationary,unsynced,true,true,payload_bytes,1024,bytes,IPI-CooperativeService,1099,1786030591074571844,1786030417302009876,1786030417302068078,1786030591290149411,215.578,,0.058,173988.081,"CooperativeService{guidedPlanning, status=request, vehicleId=0x7665682d303831, requestedHorizonMs=2500, confidence=100, planning.waypoints=1, offloadTaskId=probe-176, offloadPayload=1024 bytes}"
5g-sender,1786030591728331050,edge4av-real-20260806-airspan-followup-run-1,c4-rep1-tcp,airspan-followup-70-20-10,guided-planning,tcp,veh-081,veh-081,rsu-1,c4-rep1-tcp-veh-081-177,ipi-session-1,airspan-followup-c4-rep1,veh-081,177,100-clients,default,stationary,unsynced,true,true,payload_bytes,1024,bytes,IPI-CooperativeService,1099,1786030591490324265,1786030417743006708,1786030417743073666,1786030591728331050,238.007,,0.067,173985.257,"CooperativeService{guidedPlanning, status=request, vehicleId=0x7665682d303831, requestedHorizonMs=2500, confidence=100, planning.waypoints=1, offloadTaskId=probe-177, offloadPayload=1024 bytes}"
5g-sender,1786030592132356075,edge4av-real-20260806-airspan-followup-run-1,c4-rep1-tcp,airspan-followup-70-20-10,guided-planning,tcp,veh-081,veh-081,rsu-1,c4-rep1-tcp-veh-081-178,ipi-session-1,airspan-followup-c4-rep1,veh-081,178,100-clients,default,stationary,unsynced,true,true,payload_bytes,1024,bytes,IPI-CooperativeService,1099,1786030591928536554,1786030418133518649,1786030418133572769,1786030592132356075,203.820,,0.054,173998.783,"CooperativeService{guidedPlanning, status=request, vehicleId=0x7665682d303831, requestedHorizonMs=2500, confidence=100, planning.waypoints=1, offloadTaskId=probe-178, offloadPayload=1024 bytes}"
5g-sender,1786030592618155932,edge4av-real-20260806-airspan-followup-run-1,c4-rep1-tcp,airspan-followup-70-20-10,guided-planning,tcp,veh-081,veh-081,rsu-1,c4-rep1-tcp-veh-081-179,ipi-session-1,airspan-followup-c4-rep1,veh-081,179,100-clients,default,stationary,unsynced,true,true,payload_bytes,1024,bytes,IPI-CooperativeService,1099,1786030592332580099,1786030418614569731,1786030418614621595,1786030592618155932,285.576,,0.052,174003.534,"CooperativeService{guidedPlanning, status=request, vehicleId=0x7665682d303831, requestedHorizonMs=2500, confidence=100, planning.waypoints=1, offloadTaskId=probe-179, offloadPayload=1024 bytes}"
5g-sender,1786030593086356000,edge4av-real-20260806-airspan-followup-run-1,c4-rep1-tcp,airspan-followup-70-20-10,guided-planning,tcp,veh-081,veh-081,rsu-1,c4-rep1-tcp-veh-081-180,ipi-session-1,airspan-followup-c4-rep1,veh-081,180,100-clients,default,stationary,unsynced,true,true,payload_bytes,1024,bytes,IPI-CooperativeService,1099,1786030592818374673,1786030419105408894,1786030419105465439,1786030593086356000,267.981,,0.057,173980.891,"CooperativeService{guidedPlanning, status=request, vehicleId=0x7665682d303831, requestedHorizonMs=2500, confidence=100, planning.waypoints=1, offloadTaskId=probe-180, offloadPayload=1024 bytes}"
5g-sender,1786030593952067284,edge4av-real-20260806-airspan-followup-run-1,c4-rep1-tcp,airspan-followup-70-20-10,guided-planning,tcp,veh-081,veh-081,rsu-1,c4-rep1-tcp-veh-081-181,ipi-session-1,airspan-followup-c4-rep1,veh-081,181,100-clients,default,stationary,unsynced,true,true,payload_bytes,1024,bytes,IPI-CooperativeService,1099,1786030593286539540,1786030419966768861,1786030419966791858,1786030593952067284,665.528,,0.023,173985.275,"CooperativeService{guidedPlanning, status=request, vehicleId=0x7665682d303831, requestedHorizonMs=2500, confidence=100, planning.waypoints=1, offloadTaskId=probe-181, offloadPayload=1024 bytes}"
5g-sender,1786030594396165054,edge4av-real-20260806-airspan-followup-run-1,c4-rep1-tcp,airspan-followup-70-20-10,guided-planning,tcp,veh-081,veh-081,rsu-1,c4-rep1-tcp-veh-081-182,ipi-session-1,airspan-followup-c4-rep1,veh-081,182,100-clients,default,stationary,unsynced,true,true,payload_bytes,1024,bytes,IPI-CooperativeService,1099,1786030594152461131,1786030420397559792,1786030420397610816,1786030594396165054,243.704,,0.051,173998.554,"CooperativeService{guidedPlanning, status=request, vehicleId=0x7665682d303831, requestedHorizonMs=2500, confidence=100, planning.waypoints=1, offloadTaskId=probe-182, offloadPayload=1024 bytes}"
5g-sender,1786030594923595736,edge4av-real-20260806-airspan-followup-run-1,c4-rep1-tcp,airspan-followup-70-20-10,guided-planning,tcp,veh-081,veh-081,rsu-1,c4-rep1-tcp-veh-081-183,ipi-session-1,airspan-followup-c4-rep1,veh-081,183,100-clients,default,stationary,unsynced,true,true,payload_bytes,1024,bytes,IPI-CooperativeService,1099,1786030594596355668,1786030420898443922,1786030420898495950,1786030594923595736,327.240,,0.052,174025.100,"CooperativeService{guidedPlanning, status=request, vehicleId=0x7665682d303831, requestedHorizonMs=2500, confidence=100, planning.waypoints=1, offloadTaskId=probe-183, offloadPayload=1024 bytes}"
5g-sender,1786030595378154515,edge4av-real-20260806-airspan-followup-run-1,c4-rep1-tcp,airspan-followup-70-20-10,guided-planning,tcp,veh-081,veh-081,rsu-1,c4-rep1-tcp-veh-081-184,ipi-session-1,airspan-followup-c4-rep1,veh-081,184,100-clients,default,stationary,unsynced,true,true,payload_bytes,1024,bytes,IPI-CooperativeService,1099,1786030595123827647,1786030421389346145,1786030421389401017,1786030595378154515,254.327,,0.055,173988.753,"CooperativeService{guidedPlanning, status=request, vehicleId=0x7665682d303831, requestedHorizonMs=2500, confidence=100, planning.waypoints=1, offloadTaskId=probe-184, offloadPayload=1024 bytes}"
5g-sender,1786030595810224266,edge4av-real-20260806-airspan-followup-run-1,c4-rep1-tcp,airspan-followup-70-20-10,guided-planning,tcp,veh-081,veh-081,rsu-1,c4-rep1-tcp-veh-081-185,ipi-session-1,airspan-followup-c4-rep1,veh-081,185,100-clients,default,stationary,unsynced,true,true,payload_bytes,1024,bytes,IPI-CooperativeService,1099,1786030595578358645,1786030421820052197,1786030421820107449,1786030595810224266,231.866,,0.055,173990.117,"CooperativeService{guidedPlanning, status=request, vehicleId=0x7665682d303831, requestedHorizonMs=2500, confidence=100, planning.waypoints=1, offloadTaskId=probe-185, offloadPayload=1024 bytes}"
5g-sender,1786030596220331091,edge4av-real-20260806-airspan-followup-run-1,c4-rep1-tcp,airspan-followup-70-20-10,guided-planning,tcp,veh-081,veh-081,rsu-1,c4-rep1-tcp-veh-081-186,ipi-session-1,airspan-followup-c4-rep1,veh-081,186,100-clients,default,stationary,unsynced,true,true,payload_bytes,1024,bytes,IPI-CooperativeService,1099,1786030596010435727,1786030422210674704,1786030422210731056,1786030596220331091,209.895,,0.056,174009.600,"CooperativeService{guidedPlanning, status=request, vehicleId=0x7665682d303831, requestedHorizonMs=2500, confidence=100, planning.waypoints=1, offloadTaskId=probe-186, offloadPayload=1024 bytes}"
5g-sender,1786030596680330162,edge4av-real-20260806-airspan-followup-run-1,c4-rep1-tcp,airspan-followup-70-20-10,guided-planning,tcp,veh-081,veh-081,rsu-1,c4-rep1-tcp-veh-081-187,ipi-session-1,airspan-followup-c4-rep1,veh-081,187,100-clients,default,stationary,unsynced,true,true,payload_bytes,1024,bytes,IPI-CooperativeService,1099,1786030596420458573,1786030422671378278,1786030422671427293,1786030596680330162,259.872,,0.049,174008.903,"CooperativeService{guidedPlanning, status=request, vehicleId=0x7665682d303831, requestedHorizonMs=2500, confidence=100, planning.waypoints=1, offloadTaskId=probe-187, offloadPayload=1024 bytes}"
5g-sender,1786030597182393019,edge4av-real-20260806-airspan-followup-run-1,c4-rep1-tcp,airspan-followup-70-20-10,guided-planning,tcp,veh-081,veh-081,rsu-1,c4-rep1-tcp-veh-081-188,ipi-session-1,airspan-followup-c4-rep1,veh-081,188,100-clients,default,stationary,unsynced,true,true,payload_bytes,1024,bytes,IPI-CooperativeService,1099,1786030596880630647,1786030423192433184,1786030423192488711,1786030597182393019,301.762,,0.056,173989.904,"CooperativeService{guidedPlanning, status=request, vehicleId=0x7665682d303831, requestedHorizonMs=2500, confidence=100, planning.waypoints=1, offloadTaskId=probe-188, offloadPayload=1024 bytes}"
5g-sender,1786030597692243359,edge4av-real-20260806-airspan-followup-run-1,c4-rep1-tcp,airspan-followup-70-20-10,guided-planning,tcp,veh-081,veh-081,rsu-1,c4-rep1-tcp-veh-081-189,ipi-session-1,airspan-followup-c4-rep1,veh-081,189,100-clients,default,stationary,unsynced,true,true,payload_bytes,1024,bytes,IPI-CooperativeService,1099,1786030597382629371,1786030423693111746,1786030423693166145,1786030597692243359,309.614,,0.054,173999.077,"CooperativeService{guidedPlanning, status=request, vehicleId=0x7665682d303831, requestedHorizonMs=2500, confidence=100, planning.waypoints=1, offloadTaskId=probe-189, offloadPayload=1024 bytes}"
5g-sender,1786030598222075013,edge4av-real-20260806-airspan-followup-run-1,c4-rep1-tcp,airspan-followup-70-20-10,guided-planning,tcp,veh-081,veh-081,rsu-1,c4-rep1-tcp-veh-081-190,ipi-session-1,airspan-followup-c4-rep1,veh-081,190,100-clients,default,stationary,unsynced,true,true,payload_bytes,1024,bytes,IPI-CooperativeService,1099,1786030597893789601,1786030424204111832,1786030424204152998,1786030598222075013,328.285,,0.041,174017.922,"CooperativeService{guidedPlanning, status=request, vehicleId=0x7665682d303831, requestedHorizonMs=2500, confidence=100, planning.waypoints=1, offloadTaskId=probe-190, offloadPayload=1024 bytes}"
5g-sender,1786030598694463404,edge4av-real-20260806-airspan-followup-run-1,c4-rep1-tcp,airspan-followup-70-20-10,guided-planning,tcp,veh-081,veh-081,rsu-1,c4-rep1-tcp-veh-081-191,ipi-session-1,airspan-followup-c4-rep1,veh-081,191,100-clients,default,stationary,unsynced,true,true,payload_bytes,1024,bytes,IPI-CooperativeService,1099,1786030598422244303,1786030424715069203,1786030424715126609,1786030598694463404,272.219,,0.057,173979.337,"CooperativeService{guidedPlanning, status=request, vehicleId=0x7665682d303831, requestedHorizonMs=2500, confidence=100, planning.waypoints=1, offloadTaskId=probe-191, offloadPayload=1024 bytes}"
5g-sender,1786030599096279595,edge4av-real-20260806-airspan-followup-run-1,c4-rep1-tcp,airspan-followup-70-20-10,guided-planning,tcp,veh-081,veh-081,rsu-1,c4-rep1-tcp-veh-081-192,ipi-session-1,airspan-followup-c4-rep1,veh-081,192,100-clients,default,stationary,unsynced,true,true,payload_bytes,1024,bytes,IPI-CooperativeService,1099,1786030598894654748,1786030425105562011,1786030425105584420,1786030599096279595,201.625,,0.022,173990.695,"CooperativeService{guidedPlanning, status=request, vehicleId=0x7665682d303831, requestedHorizonMs=2500, confidence=100, planning.waypoints=1, offloadTaskId=probe-192, offloadPayload=1024 bytes}"
5g-sender,1786030599494376447,edge4av-real-20260806-airspan-followup-run-1,c4-rep1-tcp,airspan-followup-70-20-10,guided-planning,tcp,veh-081,veh-081,rsu-1,c4-rep1-tcp-veh-081-193,ipi-session-1,airspan-followup-c4-rep1,veh-081,193,100-clients,default,stationary,unsynced,true,true,payload_bytes,1024,bytes,IPI-CooperativeService,1099,1786030599296451899,1786030425506427340,1786030425506479303,1786030599494376447,197.925,,0.052,173987.897,"CooperativeService{guidedPlanning, status=request, vehicleId=0x7665682d303831, requestedHorizonMs=2500, confidence=100, planning.waypoints=1, offloadTaskId=probe-193, offloadPayload=1024 bytes}"
5g-sender,1786030599954178765,edge4av-real-20260806-airspan-followup-run-1,c4-rep1-tcp,airspan-followup-70-20-10,guided-planning,tcp,veh-081,veh-081,rsu-1,c4-rep1-tcp-veh-081-194,ipi-session-1,airspan-followup-c4-rep1,veh-081,194,100-clients,default,stationary,unsynced,true,true,payload_bytes,1024,bytes,IPI-CooperativeService,1099,1786030599694615745,1786030425947320730,1786030425947372236,1786030599954178765,259.563,,0.052,174006.807,"CooperativeService{guidedPlanning, status=request, vehicleId=0x7665682d303831, requestedHorizonMs=2500, confidence=100, planning.waypoints=1, offloadTaskId=probe-194, offloadPayload=1024 bytes}"
5g-sender,1786030600328239952,edge4av-real-20260806-airspan-followup-run-1,c4-rep1-tcp,airspan-followup-70-20-10,guided-planning,tcp,veh-081,veh-081,rsu-1,c4-rep1-tcp-veh-081-195,ipi-session-1,airspan-followup-c4-rep1,veh-081,195,100-clients,default,stationary,unsynced,true,true,payload_bytes,1024,bytes,IPI-CooperativeService,1099,1786030600154462214,1786030426328071758,1786030426328122943,1786030600328239952,173.778,,0.051,174000.117,"CooperativeService{guidedPlanning, status=request, vehicleId=0x7665682d303831, requestedHorizonMs=2500, confidence=100, planning.waypoints=1, offloadTaskId=probe-195, offloadPayload=1024 bytes}"
5g-sender,1786030600744131527,edge4av-real-20260806-airspan-followup-run-1,c4-rep1-tcp,airspan-followup-70-20-10,guided-planning,tcp,veh-081,veh-081,rsu-1,c4-rep1-tcp-veh-081-196,ipi-session-1,airspan-followup-c4-rep1,veh-081,196,100-clients,default,stationary,unsynced,true,true,payload_bytes,1024,bytes,IPI-CooperativeService,1099,1786030600528409624,1786030426758549017,1786030426758615388,1786030600744131527,215.722,,0.066,173985.516,"CooperativeService{guidedPlanning, status=request, vehicleId=0x7665682d303831, requestedHorizonMs=2500, confidence=100, planning.waypoints=1, offloadTaskId=probe-196, offloadPayload=1024 bytes}"
5g-sender,1786030601138182215,edge4av-real-20260806-airspan-followup-run-1,c4-rep1-tcp,airspan-followup-70-20-10,guided-planning,tcp,veh-081,veh-081,rsu-1,c4-rep1-tcp-veh-081-197,ipi-session-1,airspan-followup-c4-rep1,veh-081,197,100-clients,default,stationary,unsynced,true,true,payload_bytes,1024,bytes,IPI-CooperativeService,1099,1786030600944313695,1786030427149219624,1786030427149260720,1786030601138182215,193.869,,0.041,173988.921,"CooperativeService{guidedPlanning, status=request, vehicleId=0x7665682d303831, requestedHorizonMs=2500, confidence=100, planning.waypoints=1, offloadTaskId=probe-197, offloadPayload=1024 bytes}"
5g-sender,1786030601670314933,edge4av-real-20260806-airspan-followup-run-1,c4-rep1-tcp,airspan-followup-70-20-10,guided-planning,tcp,veh-081,veh-081,rsu-1,c4-rep1-tcp-veh-081-198,ipi-session-1,airspan-followup-c4-rep1,veh-081,198,100-clients,default,stationary,unsynced,true,true,payload_bytes,1024,bytes,IPI-CooperativeService,1099,1786030601338361500,1786030427690297959,1786030427690350792,1786030601670314933,331.953,,0.053,173979.964,"CooperativeService{guidedPlanning, status=request, vehicleId=0x7665682d303831, requestedHorizonMs=2500, confidence=100, planning.waypoints=1, offloadTaskId=probe-198, offloadPayload=1024 bytes}"
5g-sender,1786030602040212459,edge4av-real-20260806-airspan-followup-run-1,c4-rep1-tcp,airspan-followup-70-20-10,guided-planning,tcp,veh-081,veh-081,rsu-1,c4-rep1-tcp-veh-081-199,ipi-session-1,airspan-followup-c4-rep1,veh-081,199,100-clients,default,stationary,unsynced,true,true,payload_bytes,1024,bytes,IPI-CooperativeService,1099,1786030601870548521,1786030428030863325,1786030428030915797,1786030602040212459,169.664,,0.052,174009.297,"CooperativeService{guidedPlanning, status=request, vehicleId=0x7665682d303831, requestedHorizonMs=2500, confidence=100, planning.waypoints=1, offloadTaskId=probe-199, offloadPayload=1024 bytes}"
5g-sender,1786030602536233836,edge4av-real-20260806-airspan-followup-run-1,c4-rep1-tcp,airspan-followup-70-20-10,guided-planning,tcp,veh-081,veh-081,rsu-1,c4-rep1-tcp-veh-081-200,ipi-session-1,airspan-followup-c4-rep1,veh-081,200,100-clients,default,stationary,unsynced,true,true,payload_bytes,1024,bytes,IPI-CooperativeService,1099,1786030602240449008,1786030428551789392,1786030428551840704,1786030602536233836,295.785,,0.051,173984.393,"CooperativeService{guidedPlanning, status=request, vehicleId=0x7665682d303831, requestedHorizonMs=2500, confidence=100, planning.waypoints=1, offloadTaskId=probe-200, offloadPayload=1024 bytes}"
5g-sender,1786030602930638471,edge4av-real-20260806-airspan-followup-run-1,c4-rep1-tcp,airspan-followup-70-20-10,guided-planning,tcp,veh-081,veh-081,rsu-1,c4-rep1-tcp-veh-081-201,ipi-session-1,airspan-followup-c4-rep1,veh-081,201,100-clients,default,stationary,unsynced,true,true,payload_bytes,1024,bytes,IPI-CooperativeService,1099,1786030602736471524,1786030428952270265,1786030428952313876,1786030602930638471,194.167,,0.044,173978.325,"CooperativeService{guidedPlanning, status=request, vehicleId=0x7665682d303831, requestedHorizonMs=2500, confidence=100, planning.waypoints=1, offloadTaskId=probe-201, offloadPayload=1024 bytes}"
5g-sender,1786030603302522431,edge4av-real-20260806-airspan-followup-run-1,c4-rep1-tcp,airspan-followup-70-20-10,guided-planning,tcp,veh-081,veh-081,rsu-1,c4-rep1-tcp-veh-081-202,ipi-session-1,airspan-followup-c4-rep1,veh-081,202,100-clients,default,stationary,unsynced,true,true,payload_bytes,1024,bytes,IPI-CooperativeService,1099,1786030603130829898,1786030429312805804,1786030429312861970,1786030603302522431,171.693,,0.056,173989.660,"CooperativeService{guidedPlanning, status=request, vehicleId=0x7665682d303831, requestedHorizonMs=2500, confidence=100, planning.waypoints=1, offloadTaskId=probe-202, offloadPayload=1024 bytes}"
5g-sender,1786030603670391304,edge4av-real-20260806-airspan-followup-run-1,c4-rep1-tcp,airspan-followup-70-20-10,guided-planning,tcp,veh-081,veh-081,rsu-1,c4-rep1-tcp-veh-081-203,ipi-session-1,airspan-followup-c4-rep1,veh-081,203,100-clients,default,stationary,unsynced,true,true,payload_bytes,1024,bytes,IPI-CooperativeService,1099,1786030603502895188,1786030429663608213,1786030429663641794,1786030603670391304,167.496,,0.034,174006.750,"CooperativeService{guidedPlanning, status=request, vehicleId=0x7665682d303831, requestedHorizonMs=2500, confidence=100, planning.waypoints=1, offloadTaskId=probe-203, offloadPayload=1024 bytes}"
5g-sender,1786030604162384917,edge4av-real-20260806-airspan-followup-run-1,c4-rep1-tcp,airspan-followup-70-20-10,guided-planning,tcp,veh-081,veh-081,rsu-1,c4-rep1-tcp-veh-081-204,ipi-session-1,airspan-followup-c4-rep1,veh-081,204,100-clients,default,stationary,unsynced,true,true,payload_bytes,1024,bytes,IPI-CooperativeService,1099,1786030603870590066,1786030430154788844,1786030430154835599,1786030604162384917,291.795,,0.047,174007.549,"CooperativeService{guidedPlanning, status=request, vehicleId=0x7665682d303831, requestedHorizonMs=2500, confidence=100, planning.waypoints=1, offloadTaskId=probe-204, offloadPayload=1024 bytes}"
5g-sender,1786030604610370256,edge4av-real-20260806-airspan-followup-run-1,c4-rep1-tcp,airspan-followup-70-20-10,guided-planning,tcp,veh-081,veh-081,rsu-1,c4-rep1-tcp-veh-081-205,ipi-session-1,airspan-followup-c4-rep1,veh-081,205,100-clients,default,stationary,unsynced,true,true,payload_bytes,1024,bytes,IPI-CooperativeService,1099,1786030604362639386,1786030430625122050,1786030430625174556,1786030604610370256,247.731,,0.053,173985.196,"CooperativeService{guidedPlanning, status=request, vehicleId=0x7665682d303831, requestedHorizonMs=2500, confidence=100, planning.waypoints=1, offloadTaskId=probe-205, offloadPayload=1024 bytes}"
5g-sender,1786030605062190633,edge4av-real-20260806-airspan-followup-run-1,c4-rep1-tcp,airspan-followup-70-20-10,guided-planning,tcp,veh-081,veh-081,rsu-1,c4-rep1-tcp-veh-081-206,ipi-session-1,airspan-followup-c4-rep1,veh-081,206,100-clients,default,stationary,unsynced,true,true,payload_bytes,1024,bytes,IPI-CooperativeService,1099,1786030604810584341,1786030431086117043,1786030431086168295,1786030605062190633,251.606,,0.051,173976.022,"CooperativeService{guidedPlanning, status=request, vehicleId=0x7665682d303831, requestedHorizonMs=2500, confidence=100, planning.waypoints=1, offloadTaskId=probe-206, offloadPayload=1024 bytes}"
5g-sender,1786030605556352658,edge4av-real-20260806-airspan-followup-run-1,c4-rep1-tcp,airspan-followup-70-20-10,guided-planning,tcp,veh-081,veh-081,rsu-1,c4-rep1-tcp-veh-081-207,ipi-session-1,airspan-followup-c4-rep1,veh-081,207,100-clients,default,stationary,unsynced,true,true,payload_bytes,1024,bytes,IPI-CooperativeService,1099,1786030605262383451,1786030431566850210,1786030431566886524,1786030605556352658,293.969,,0.036,173989.466,"CooperativeService{guidedPlanning, status=request, vehicleId=0x7665682d303831, requestedHorizonMs=2500, confidence=100, planning.waypoints=1, offloadTaskId=probe-207, offloadPayload=1024 bytes}"
5g-sender,1786030606008342718,edge4av-real-20260806-airspan-followup-run-1,c4-rep1-tcp,airspan-followup-70-20-10,guided-planning,tcp,veh-081,veh-081,rsu-1,c4-rep1-tcp-veh-081-208,ipi-session-1,airspan-followup-c4-rep1,veh-081,208,100-clients,default,stationary,unsynced,true,true,payload_bytes,1024,bytes,IPI-CooperativeService,1099,1786030605756771829,1786030432008168807,1786030432008191181,1786030606008342718,251.571,,0.022,174000.152,"CooperativeService{guidedPlanning, status=request, vehicleId=0x7665682d303831, requestedHorizonMs=2500, confidence=100, planning.waypoints=1, offloadTaskId=probe-208, offloadPayload=1024 bytes}"
5g-sender,1786030606458375631,edge4av-real-20260806-airspan-followup-run-1,c4-rep1-tcp,airspan-followup-70-20-10,guided-planning,tcp,veh-081,veh-081,rsu-1,c4-rep1-tcp-veh-081-209,ipi-session-1,airspan-followup-c4-rep1,veh-081,209,100-clients,default,stationary,unsynced,true,true,payload_bytes,1024,bytes,IPI-CooperativeService,1099,1786030606208450472,1786030432469079531,1786030432469102782,1786030606458375631,249.925,,0.023,173989.273,"CooperativeService{guidedPlanning, status=request, vehicleId=0x7665682d303831, requestedHorizonMs=2500, confidence=100, planning.waypoints=1, offloadTaskId=probe-209, offloadPayload=1024 bytes}"
5g-sender,1786030606868251598,edge4av-real-20260806-airspan-followup-run-1,c4-rep1-tcp,airspan-followup-70-20-10,guided-planning,tcp,veh-081,veh-081,rsu-1,c4-rep1-tcp-veh-081-210,ipi-session-1,airspan-followup-c4-rep1,veh-081,210,100-clients,default,stationary,unsynced,true,true,payload_bytes,1024,bytes,IPI-CooperativeService,1099,1786030606658611673,1786030432880236462,1786030432880274914,1786030606868251598,209.640,,0.038,173987.977,"CooperativeService{guidedPlanning, status=request, vehicleId=0x7665682d303831, requestedHorizonMs=2500, confidence=100, planning.waypoints=1, offloadTaskId=probe-210, offloadPayload=1024 bytes}"
5g-sender,1786030607280353645,edge4av-real-20260806-airspan-followup-run-1,c4-rep1-tcp,airspan-followup-70-20-10,guided-planning,tcp,veh-081,veh-081,rsu-1,c4-rep1-tcp-veh-081-211,ipi-session-1,airspan-followup-c4-rep1,veh-081,211,100-clients,default,stationary,unsynced,true,true,payload_bytes,1024,bytes,IPI-CooperativeService,1099,1786030607068458130,1786030433280803034,1786030433280843983,1786030607280353645,211.896,,0.041,173999.510,"CooperativeService{guidedPlanning, status=request, vehicleId=0x7665682d303831, requestedHorizonMs=2500, confidence=100, planning.waypoints=1, offloadTaskId=probe-211, offloadPayload=1024 bytes}"
5g-sender,1786030607700229042,edge4av-real-20260806-airspan-followup-run-1,c4-rep1-tcp,airspan-followup-70-20-10,guided-planning,tcp,veh-081,veh-081,rsu-1,c4-rep1-tcp-veh-081-212,ipi-session-1,airspan-followup-c4-rep1,veh-081,212,100-clients,default,stationary,unsynced,true,true,payload_bytes,1024,bytes,IPI-CooperativeService,1099,1786030607480564834,1786030433712130458,1786030433712173161,1786030607700229042,219.664,,0.043,173988.056,"CooperativeService{guidedPlanning, status=request, vehicleId=0x7665682d303831, requestedHorizonMs=2500, confidence=100, planning.waypoints=1, offloadTaskId=probe-212, offloadPayload=1024 bytes}"
5g-sender,1786030608252351261,edge4av-real-20260806-airspan-followup-run-1,c4-rep1-tcp,airspan-followup-70-20-10,guided-planning,tcp,veh-081,veh-081,rsu-1,c4-rep1-tcp-veh-081-213,ipi-session-1,airspan-followup-c4-rep1,veh-081,213,100-clients,default,stationary,unsynced,true,true,payload_bytes,1024,bytes,IPI-CooperativeService,1099,1786030607900442573,1786030434263347301,1786030434263399607,1786030608252351261,351.909,,0.052,173988.952,"CooperativeService{guidedPlanning, status=request, vehicleId=0x7665682d303831, requestedHorizonMs=2500, confidence=100, planning.waypoints=1, offloadTaskId=probe-213, offloadPayload=1024 bytes}"
5g-sender,1786030608700314864,edge4av-real-20260806-airspan-followup-run-1,c4-rep1-tcp,airspan-followup-70-20-10,guided-planning,tcp,veh-081,veh-081,rsu-1,c4-rep1-tcp-veh-081-214,ipi-session-1,airspan-followup-c4-rep1,veh-081,214,100-clients,default,stationary,unsynced,true,true,payload_bytes,1024,bytes,IPI-CooperativeService,1099,1786030608452596926,1786030434714174222,1786030434714196357,1786030608700314864,247.718,,0.022,173986.119,"CooperativeService{guidedPlanning, status=request, vehicleId=0x7665682d303831, requestedHorizonMs=2500, confidence=100, planning.waypoints=1, offloadTaskId=probe-214, offloadPayload=1024 bytes}"
5g-sender,1786030609162206289,edge4av-real-20260806-airspan-followup-run-1,c4-rep1-tcp,airspan-followup-70-20-10,guided-planning,tcp,veh-081,veh-081,rsu-1,c4-rep1-tcp-veh-081-215,ipi-session-1,airspan-followup-c4-rep1,veh-081,215,100-clients,default,stationary,unsynced,true,true,payload_bytes,1024,bytes,IPI-CooperativeService,1099,1786030608900492032,1786030435155499502,1786030435155556491,1786030609162206289,261.714,,0.057,174006.650,"CooperativeService{guidedPlanning, status=request, vehicleId=0x7665682d303831, requestedHorizonMs=2500, confidence=100, planning.waypoints=1, offloadTaskId=probe-215, offloadPayload=1024 bytes}"
5g-sender,1786030609566259757,edge4av-real-20260806-airspan-followup-run-1,c4-rep1-tcp,airspan-followup-70-20-10,guided-planning,tcp,veh-081,veh-081,rsu-1,c4-rep1-tcp-veh-081-216,ipi-session-1,airspan-followup-c4-rep1,veh-081,216,100-clients,default,stationary,unsynced,true,true,payload_bytes,1024,bytes,IPI-CooperativeService,1099,1786030609362373701,1786030435566279061,1786030435566330960,1786030609566259757,203.886,,0.052,173999.929,"CooperativeService{guidedPlanning, status=request, vehicleId=0x7665682d303831, requestedHorizonMs=2500, confidence=100, planning.waypoints=1, offloadTaskId=probe-216, offloadPayload=1024 bytes}"
5g-sender,1786030609962619753,edge4av-real-20260806-airspan-followup-run-1,c4-rep1-tcp,airspan-followup-70-20-10,guided-planning,tcp,veh-081,veh-081,rsu-1,c4-rep1-tcp-veh-081-217,ipi-session-1,airspan-followup-c4-rep1,veh-081,217,100-clients,default,stationary,unsynced,true,true,payload_bytes,1024,bytes,IPI-CooperativeService,1099,1786030609766453105,1786030435957230996,1786030435957280230,1786030609962619753,196.167,,0.049,174005.340,"CooperativeService{guidedPlanning, status=request, vehicleId=0x7665682d303831, requestedHorizonMs=2500, confidence=100, planning.waypoints=1, offloadTaskId=probe-217, offloadPayload=1024 bytes}"
5g-sender,1786030610794466793,edge4av-real-20260806-airspan-followup-run-1,c4-rep1-tcp,airspan-followup-70-20-10,guided-planning,tcp,veh-081,veh-081,rsu-1,c4-rep1-tcp-veh-081-218,ipi-session-1,airspan-followup-c4-rep1,veh-081,218,100-clients,default,stationary,unsynced,true,true,payload_bytes,1024,bytes,IPI-CooperativeService,1099,1786030610162795259,1786030436799280318,1786030436799332278,1786030610794466793,631.672,,0.052,173995.135,"CooperativeService{guidedPlanning, status=request, vehicleId=0x7665682d303831, requestedHorizonMs=2500, confidence=100, planning.waypoints=1, offloadTaskId=probe-218, offloadPayload=1024 bytes}"
5g-sender,1786030611248277109,edge4av-real-20260806-airspan-followup-run-1,c4-rep1-tcp,airspan-followup-70-20-10,guided-planning,tcp,veh-081,veh-081,rsu-1,c4-rep1-tcp-veh-081-219,ipi-session-1,airspan-followup-c4-rep1,veh-081,219,100-clients,default,stationary,unsynced,true,true,payload_bytes,1024,bytes,IPI-CooperativeService,1099,1786030610994648848,1786030437270004668,1786030437270023410,1786030611248277109,253.628,,0.019,173978.254,"CooperativeService{guidedPlanning, status=request, vehicleId=0x7665682d303831, requestedHorizonMs=2500, confidence=100, planning.waypoints=1, offloadTaskId=probe-219, offloadPayload=1024 bytes}"
5g-sender,1786030611747737048,edge4av-real-20260806-airspan-followup-run-1,c4-rep1-tcp,airspan-followup-70-20-10,guided-planning,tcp,veh-081,veh-081,rsu-1,c4-rep1-tcp-veh-081-220,ipi-session-1,airspan-followup-c4-rep1,veh-081,220,100-clients,default,stationary,unsynced,true,true,payload_bytes,1024,bytes,IPI-CooperativeService,1099,1786030611448484315,1786030437741165255,1786030437741206178,1786030611747737048,299.253,,0.041,174006.531,"CooperativeService{guidedPlanning, status=request, vehicleId=0x7665682d303831, requestedHorizonMs=2500, confidence=100, planning.waypoints=1, offloadTaskId=probe-220, offloadPayload=1024 bytes}"
5g-sender,1786030612158464301,edge4av-real-20260806-airspan-followup-run-1,c4-rep1-tcp,airspan-followup-70-20-10,guided-planning,tcp,veh-081,veh-081,rsu-1,c4-rep1-tcp-veh-081-221,ipi-session-1,airspan-followup-c4-rep1,veh-081,221,100-clients,default,stationary,unsynced,true,true,payload_bytes,1024,bytes,IPI-CooperativeService,1099,1786030611947979643,1786030438172589773,1786030438172698310,1786030612158464301,210.485,,0.109,173985.766,"CooperativeService{guidedPlanning, status=request, vehicleId=0x7665682d303831, requestedHorizonMs=2500, confidence=100, planning.waypoints=1, offloadTaskId=probe-221, offloadPayload=1024 bytes}"
5g-sender,1786030612568288179,edge4av-real-20260806-airspan-followup-run-1,c4-rep1-tcp,airspan-followup-70-20-10,guided-planning,tcp,veh-081,veh-081,rsu-1,c4-rep1-tcp-veh-081-222,ipi-session-1,airspan-followup-c4-rep1,veh-081,222,100-clients,default,stationary,unsynced,true,true,payload_bytes,1024,bytes,IPI-CooperativeService,1099,1786030612358705017,1786030438573148910,1786030438573205207,1786030612568288179,209.583,,0.056,173995.083,"CooperativeService{guidedPlanning, status=request, vehicleId=0x7665682d303831, requestedHorizonMs=2500, confidence=100, planning.waypoints=1, offloadTaskId=probe-222, offloadPayload=1024 bytes}"
5g-sender,1786030612954176649,edge4av-real-20260806-airspan-followup-run-1,c4-rep1-tcp,airspan-followup-70-20-10,guided-planning,tcp,veh-081,veh-081,rsu-1,c4-rep1-tcp-veh-081-223,ipi-session-1,airspan-followup-c4-rep1,veh-081,223,100-clients,default,stationary,unsynced,true,true,payload_bytes,1024,bytes,IPI-CooperativeService,1099,1786030612768511321,1786030438954264782,1786030438954315310,1786030612954176649,185.665,,0.051,173999.861,"CooperativeService{guidedPlanning, status=request, vehicleId=0x7665682d303831, requestedHorizonMs=2500, confidence=100, planning.waypoints=1, offloadTaskId=probe-223, offloadPayload=1024 bytes}"
5g-sender,1786030613372255789,edge4av-real-20260806-airspan-followup-run-1,c4-rep1-tcp,airspan-followup-70-20-10,guided-planning,tcp,veh-081,veh-081,rsu-1,c4-rep1-tcp-veh-081-224,ipi-session-1,airspan-followup-c4-rep1,veh-081,224,100-clients,default,stationary,unsynced,true,true,payload_bytes,1024,bytes,IPI-CooperativeService,1099,1786030613154336866,1786030439395160565,1786030439395200998,1786030613372255789,217.919,,0.040,173977.055,"CooperativeService{guidedPlanning, status=request, vehicleId=0x7665682d303831, requestedHorizonMs=2500, confidence=100, planning.waypoints=1, offloadTaskId=probe-224, offloadPayload=1024 bytes}"
5g-sender,1786030613896332754,edge4av-real-20260806-airspan-followup-run-1,c4-rep1-tcp,airspan-followup-70-20-10,guided-planning,tcp,veh-081,veh-081,rsu-1,c4-rep1-tcp-veh-081-225,ipi-session-1,airspan-followup-c4-rep1,veh-081,225,100-clients,default,stationary,unsynced,true,true,payload_bytes,1024,bytes,IPI-CooperativeService,1099,1786030613572471905,1786030439896164394,1786030439896216175,1786030613896332754,323.861,,0.052,174000.117,"CooperativeService{guidedPlanning, status=request, vehicleId=0x7665682d303831, requestedHorizonMs=2500, confidence=100, planning.waypoints=1, offloadTaskId=probe-225, offloadPayload=1024 bytes}"
5g-sender,1786030614322211053,edge4av-real-20260806-airspan-followup-run-1,c4-rep1-tcp,airspan-followup-70-20-10,guided-planning,tcp,veh-081,veh-081,rsu-1,c4-rep1-tcp-veh-081-226,ipi-session-1,airspan-followup-c4-rep1,veh-081,226,100-clients,default,stationary,unsynced,true,true,payload_bytes,1024,bytes,IPI-CooperativeService,1099,1786030614096511494,1786030440337355204,1786030440337426748,1786030614322211053,225.700,,0.072,173984.784,"CooperativeService{guidedPlanning, status=request, vehicleId=0x7665682d303831, requestedHorizonMs=2500, confidence=100, planning.waypoints=1, offloadTaskId=probe-226, offloadPayload=1024 bytes}"
5g-sender,1786030614854338837,edge4av-real-20260806-airspan-followup-run-1,c4-rep1-tcp,airspan-followup-70-20-10,guided-planning,tcp,veh-081,veh-081,rsu-1,c4-rep1-tcp-veh-081-227,ipi-session-1,airspan-followup-c4-rep1,veh-081,227,100-clients,default,stationary,unsynced,true,true,payload_bytes,1024,bytes,IPI-CooperativeService,1099,1786030614522407583,1786030440838459803,1786030440838502367,1786030614854338837,331.931,,0.043,174015.836,"CooperativeService{guidedPlanning, status=request, vehicleId=0x7665682d303831, requestedHorizonMs=2500, confidence=100, planning.waypoints=1, offloadTaskId=probe-227, offloadPayload=1024 bytes}"
5g-sender,1786030615298223039,edge4av-real-20260806-airspan-followup-run-1,c4-rep1-tcp,airspan-followup-70-20-10,guided-planning,tcp,veh-081,veh-081,rsu-1,c4-rep1-tcp-veh-081-228,ipi-session-1,airspan-followup-c4-rep1,veh-081,228,100-clients,default,stationary,unsynced,true,true,payload_bytes,1024,bytes,IPI-CooperativeService,1099,1786030615054524777,1786030441309568443,1786030441309636936,1786030615298223039,243.698,,0.068,173988.586,"CooperativeService{guidedPlanning, status=request, vehicleId=0x7665682d303831, requestedHorizonMs=2500, confidence=100, planning.waypoints=1, offloadTaskId=probe-228, offloadPayload=1024 bytes}"
5g-sender,1786030615754191835,edge4av-real-20260806-airspan-followup-run-1,c4-rep1-tcp,airspan-followup-70-20-10,guided-planning,tcp,veh-081,veh-081,rsu-1,c4-rep1-tcp-veh-081-229,ipi-session-1,airspan-followup-c4-rep1,veh-081,229,100-clients,default,stationary,unsynced,true,true,payload_bytes,1024,bytes,IPI-CooperativeService,1099,1786030615498367246,1786030441750388540,1786030441750453184,1786030615754191835,255.825,,0.065,174003.739,"CooperativeService{guidedPlanning, status=request, vehicleId=0x7665682d303831, requestedHorizonMs=2500, confidence=100, planning.waypoints=1, offloadTaskId=probe-229, offloadPayload=1024 bytes}"
5g-sender,1786030616220345092,edge4av-real-20260806-airspan-followup-run-1,c4-rep1-tcp,airspan-followup-70-20-10,guided-planning,tcp,veh-081,veh-081,rsu-1,c4-rep1-tcp-veh-081-230,ipi-session-1,airspan-followup-c4-rep1,veh-081,230,100-clients,default,stationary,unsynced,true,true,payload_bytes,1024,bytes,IPI-CooperativeService,1099,1786030615954386062,1786030442231228560,1786030442231269451,1786030616220345092,265.959,,0.041,173989.076,"CooperativeService{guidedPlanning, status=request, vehicleId=0x7665682d303831, requestedHorizonMs=2500, confidence=100, planning.waypoints=1, offloadTaskId=probe-230, offloadPayload=1024 bytes}"
5g-sender,1786030616658473389,edge4av-real-20260806-airspan-followup-run-1,c4-rep1-tcp,airspan-followup-70-20-10,guided-planning,tcp,veh-081,veh-081,rsu-1,c4-rep1-tcp-veh-081-231,ipi-session-1,airspan-followup-c4-rep1,veh-081,231,100-clients,default,stationary,unsynced,true,true,payload_bytes,1024,bytes,IPI-CooperativeService,1099,1786030616420537468,1786030442651724483,1786030442651739485,1786030616658473389,237.936,,0.015,174006.734,"CooperativeService{guidedPlanning, status=request, vehicleId=0x7665682d303831, requestedHorizonMs=2500, confidence=100, planning.waypoints=1, offloadTaskId=probe-231, offloadPayload=1024 bytes}"
5g-sender,1786030617098193273,edge4av-real-20260806-airspan-followup-run-1,c4-rep1-tcp,airspan-followup-70-20-10,guided-planning,tcp,veh-081,veh-081,rsu-1,c4-rep1-tcp-veh-081-232,ipi-session-1,airspan-followup-c4-rep1,veh-081,232,100-clients,default,stationary,unsynced,true,true,payload_bytes,1024,bytes,IPI-CooperativeService,1099,1786030616858689362,1786030443092699430,1786030443092740921,1786030617098193273,239.504,,0.041,174005.452,"CooperativeService{guidedPlanning, status=request, vehicleId=0x7665682d303831, requestedHorizonMs=2500, confidence=100, planning.waypoints=1, offloadTaskId=probe-232, offloadPayload=1024 bytes}"
5g-sender,1786030617584279699,edge4av-real-20260806-airspan-followup-run-1,c4-rep1-tcp,airspan-followup-70-20-10,guided-planning,tcp,veh-081,veh-081,rsu-1,c4-rep1-tcp-veh-081-233,ipi-session-1,airspan-followup-c4-rep1,veh-081,233,100-clients,default,stationary,unsynced,true,true,payload_bytes,1024,bytes,IPI-CooperativeService,1099,1786030617298389235,1786030443583648617,1786030443583705459,1786030617584279699,285.890,,0.057,174000.574,"CooperativeService{guidedPlanning, status=request, vehicleId=0x7665682d303831, requestedHorizonMs=2500, confidence=100, planning.waypoints=1, offloadTaskId=probe-233, offloadPayload=1024 bytes}"
5g-sender,1786030618262275147,edge4av-real-20260806-airspan-followup-run-1,c4-rep1-tcp,airspan-followup-70-20-10,guided-planning,tcp,veh-081,veh-081,rsu-1,c4-rep1-tcp-veh-081-234,ipi-session-1,airspan-followup-c4-rep1,veh-081,234,100-clients,default,stationary,unsynced,true,true,payload_bytes,1024,bytes,IPI-CooperativeService,1099,1786030617784530892,1786030444274719551,1786030444274768178,1786030618262275147,477.744,,0.049,173987.507,"CooperativeService{guidedPlanning, status=request, vehicleId=0x7665682d303831, requestedHorizonMs=2500, confidence=100, planning.waypoints=1, offloadTaskId=probe-234, offloadPayload=1024 bytes}"
5g-sender,1786030618734342891,edge4av-real-20260806-airspan-followup-run-1,c4-rep1-tcp,airspan-followup-70-20-10,guided-planning,tcp,veh-081,veh-081,rsu-1,c4-rep1-tcp-veh-081-235,ipi-session-1,airspan-followup-c4-rep1,veh-081,235,100-clients,default,stationary,unsynced,true,true,payload_bytes,1024,bytes,IPI-CooperativeService,1099,1786030618462485194,1786030444735260860,1786030444735279161,1786030618734342891,271.858,,0.018,173999.064,"CooperativeService{guidedPlanning, status=request, vehicleId=0x7665682d303831, requestedHorizonMs=2500, confidence=100, planning.waypoints=1, offloadTaskId=probe-235, offloadPayload=1024 bytes}"
5g-sender,1786030619536384377,edge4av-real-20260806-airspan-followup-run-1,c4-rep1-tcp,airspan-followup-70-20-10,guided-planning,tcp,veh-081,veh-081,rsu-1,c4-rep1-tcp-veh-081-236,ipi-session-1,airspan-followup-c4-rep1,veh-081,236,100-clients,default,stationary,unsynced,true,true,payload_bytes,1024,bytes,IPI-CooperativeService,1099,1786030618934564504,1786030445556737412,1786030445556805532,1786030619536384377,601.820,,0.068,173979.579,"CooperativeService{guidedPlanning, status=request, vehicleId=0x7665682d303831, requestedHorizonMs=2500, confidence=100, planning.waypoints=1, offloadTaskId=probe-236, offloadPayload=1024 bytes}"
5g-sender,1786030619976272736,edge4av-real-20260806-airspan-followup-run-1,c4-rep1-tcp,airspan-followup-70-20-10,guided-planning,tcp,veh-081,veh-081,rsu-1,c4-rep1-tcp-veh-081-237,ipi-session-1,airspan-followup-c4-rep1,veh-081,237,100-clients,default,stationary,unsynced,true,true,payload_bytes,1024,bytes,IPI-CooperativeService,1099,1786030619736569430,1786030445987637055,1786030445987687920,1786030619976272736,239.703,,0.051,173988.585,"CooperativeService{guidedPlanning, status=request, vehicleId=0x7665682d303831, requestedHorizonMs=2500, confidence=100, planning.waypoints=1, offloadTaskId=probe-237, offloadPayload=1024 bytes}"
5g-sender,1786030620424518687,edge4av-real-20260806-airspan-followup-run-1,c4-rep1-tcp,airspan-followup-70-20-10,guided-planning,tcp,veh-081,veh-081,rsu-1,c4-rep1-tcp-veh-081-238,ipi-session-1,airspan-followup-c4-rep1,veh-081,238,100-clients,default,stationary,unsynced,true,true,payload_bytes,1024,bytes,IPI-CooperativeService,1099,1786030620176440793,1786030446448427843,1786030446448494235,1786030620424518687,248.078,,0.066,173976.024,"CooperativeService{guidedPlanning, status=request, vehicleId=0x7665682d303831, requestedHorizonMs=2500, confidence=100, planning.waypoints=1, offloadTaskId=probe-238, offloadPayload=1024 bytes}"
5g-sender,1786030620836453166,edge4av-real-20260806-airspan-followup-run-1,c4-rep1-tcp,airspan-followup-70-20-10,guided-planning,tcp,veh-081,veh-081,rsu-1,c4-rep1-tcp-veh-081-239,ipi-session-1,airspan-followup-c4-rep1,veh-081,239,100-clients,default,stationary,unsynced,true,true,payload_bytes,1024,bytes,IPI-CooperativeService,1099,1786030620624713721,1786030446848980890,1786030446849023402,1786030620836453166,211.739,,0.043,173987.430,"CooperativeService{guidedPlanning, status=request, vehicleId=0x7665682d303831, requestedHorizonMs=2500, confidence=100, planning.waypoints=1, offloadTaskId=probe-239, offloadPayload=1024 bytes}"
5g-sender,1786030621178311313,edge4av-real-20260806-airspan-followup-run-1,c4-rep1-tcp,airspan-followup-70-20-10,guided-planning,tcp,veh-081,veh-081,rsu-1,c4-rep1-tcp-veh-081-240,ipi-session-1,airspan-followup-c4-rep1,veh-081,240,100-clients,default,stationary,unsynced,true,true,payload_bytes,1024,bytes,IPI-CooperativeService,1099,1786030621036711839,1786030447199571651,1786030447199589262,1786030621178311313,141.599,,0.018,173978.722,"CooperativeService{guidedPlanning, status=request, vehicleId=0x7665682d303831, requestedHorizonMs=2500, confidence=100, planning.waypoints=1, offloadTaskId=probe-240, offloadPayload=1024 bytes}"
5g-sender,1786030621564460812,edge4av-real-20260806-airspan-followup-run-1,c4-rep1-tcp,airspan-followup-70-20-10,guided-planning,tcp,veh-081,veh-081,rsu-1,c4-rep1-tcp-veh-081-241,ipi-session-1,airspan-followup-c4-rep1,veh-081,241,100-clients,default,stationary,unsynced,true,true,payload_bytes,1024,bytes,IPI-CooperativeService,1099,1786030621378612467,1786030447580387628,1786030447580454084,1786030621564460812,185.848,,0.066,173984.007,"CooperativeService{guidedPlanning, status=request, vehicleId=0x7665682d303831, requestedHorizonMs=2500, confidence=100, planning.waypoints=1, offloadTaskId=probe-241, offloadPayload=1024 bytes}"
5g-sender,1786030621954458792,edge4av-real-20260806-airspan-followup-run-1,c4-rep1-tcp,airspan-followup-70-20-10,guided-planning,tcp,veh-081,veh-081,rsu-1,c4-rep1-tcp-veh-081-242,ipi-session-1,airspan-followup-c4-rep1,veh-081,242,100-clients,default,stationary,unsynced,true,true,payload_bytes,1024,bytes,IPI-CooperativeService,1099,1786030621764696815,1786030447951190222,1786030447951250116,1786030621954458792,189.762,,0.060,174003.209,"CooperativeService{guidedPlanning, status=request, vehicleId=0x7665682d303831, requestedHorizonMs=2500, confidence=100, planning.waypoints=1, offloadTaskId=probe-242, offloadPayload=1024 bytes}"
5g-sender,1786030622300343735,edge4av-real-20260806-airspan-followup-run-1,c4-rep1-tcp,airspan-followup-70-20-10,guided-planning,tcp,veh-081,veh-081,rsu-1,c4-rep1-tcp-veh-081-243,ipi-session-1,airspan-followup-c4-rep1,veh-081,243,100-clients,default,stationary,unsynced,true,true,payload_bytes,1024,bytes,IPI-CooperativeService,1099,1786030622154703010,1786030448311455212,1786030448311477660,1786030622300343735,145.641,,0.022,173988.866,"CooperativeService{guidedPlanning, status=request, vehicleId=0x7665682d303831, requestedHorizonMs=2500, confidence=100, planning.waypoints=1, offloadTaskId=probe-243, offloadPayload=1024 bytes}"
5g-sender,1786030622662355704,edge4av-real-20260806-airspan-followup-run-1,c4-rep1-tcp,airspan-followup-70-20-10,guided-planning,tcp,veh-081,veh-081,rsu-1,c4-rep1-tcp-veh-081-244,ipi-session-1,airspan-followup-c4-rep1,veh-081,244,100-clients,default,stationary,unsynced,true,true,payload_bytes,1024,bytes,IPI-CooperativeService,1099,1786030622500541495,1786030448682268188,1786030448682319623,1786030622662355704,161.814,,0.051,173980.036,"CooperativeService{guidedPlanning, status=request, vehicleId=0x7665682d303831, requestedHorizonMs=2500, confidence=100, planning.waypoints=1, offloadTaskId=probe-244, offloadPayload=1024 bytes}"
5g-sender,1786030623052307649,edge4av-real-20260806-airspan-followup-run-1,c4-rep1-tcp,airspan-followup-70-20-10,guided-planning,tcp,veh-081,veh-081,rsu-1,c4-rep1-tcp-veh-081-245,ipi-session-1,airspan-followup-c4-rep1,veh-081,245,100-clients,default,stationary,unsynced,true,true,payload_bytes,1024,bytes,IPI-CooperativeService,1099,1786030622862572598,1786030449062777431,1786030449062800942,1786030623052307649,189.735,,0.024,173989.507,"CooperativeService{guidedPlanning, status=request, vehicleId=0x7665682d303831, requestedHorizonMs=2500, confidence=100, planning.waypoints=1, offloadTaskId=probe-245, offloadPayload=1024 bytes}"
5g-sender,1786030623522390366,edge4av-real-20260806-airspan-followup-run-1,c4-rep1-tcp,airspan-followup-70-20-10,guided-planning,tcp,veh-081,veh-081,rsu-1,c4-rep1-tcp-veh-081-246,ipi-session-1,airspan-followup-c4-rep1,veh-081,246,100-clients,default,stationary,unsynced,true,true,payload_bytes,1024,bytes,IPI-CooperativeService,1099,1786030623252537629,1786030449534115221,1786030449534156411,1786030623522390366,269.853,,0.041,173988.234,"CooperativeService{guidedPlanning, status=request, vehicleId=0x7665682d303831, requestedHorizonMs=2500, confidence=100, planning.waypoints=1, offloadTaskId=probe-246, offloadPayload=1024 bytes}"
5g-sender,1786030623988528974,edge4av-real-20260806-airspan-followup-run-1,c4-rep1-tcp,airspan-followup-70-20-10,guided-planning,tcp,veh-081,veh-081,rsu-1,c4-rep1-tcp-veh-081-247,ipi-session-1,airspan-followup-c4-rep1,veh-081,247,100-clients,default,stationary,unsynced,true,true,payload_bytes,1024,bytes,IPI-CooperativeService,1099,1786030623722627803,1786030449994904752,1786030449994935867,1786030623988528974,265.901,,0.031,173993.593,"CooperativeService{guidedPlanning, status=request, vehicleId=0x7665682d303831, requestedHorizonMs=2500, confidence=100, planning.waypoints=1, offloadTaskId=probe-247, offloadPayload=1024 bytes}"
5g-sender,1786030624464241906,edge4av-real-20260806-airspan-followup-run-1,c4-rep1-tcp,airspan-followup-70-20-10,guided-planning,tcp,veh-081,veh-081,rsu-1,c4-rep1-tcp-veh-081-248,ipi-session-1,airspan-followup-c4-rep1,veh-081,248,100-clients,default,stationary,unsynced,true,true,payload_bytes,1024,bytes,IPI-CooperativeService,1099,1786030624188742598,1786030450475268380,1786030450475302812,1786030624464241906,275.499,,0.034,173988.939,"CooperativeService{guidedPlanning, status=request, vehicleId=0x7665682d303831, requestedHorizonMs=2500, confidence=100, planning.waypoints=1, offloadTaskId=probe-248, offloadPayload=1024 bytes}"
5g-sender,1786030624932353175,edge4av-real-20260806-airspan-followup-run-1,c4-rep1-tcp,airspan-followup-70-20-10,guided-planning,tcp,veh-081,veh-081,rsu-1,c4-rep1-tcp-veh-081-249,ipi-session-1,airspan-followup-c4-rep1,veh-081,249,100-clients,default,stationary,unsynced,true,true,payload_bytes,1024,bytes,IPI-CooperativeService,1099,1786030624664441512,1786030450946378259,1786030450946430370,1786030624932353175,267.912,,0.052,173985.923,"CooperativeService{guidedPlanning, status=request, vehicleId=0x7665682d303831, requestedHorizonMs=2500, confidence=100, planning.waypoints=1, offloadTaskId=probe-249, offloadPayload=1024 bytes}"
5g-sender,1786030625466392651,edge4av-real-20260806-airspan-followup-run-1,c4-rep1-tcp,airspan-followup-70-20-10,guided-planning,tcp,veh-081,veh-081,rsu-1,c4-rep1-tcp-veh-081-250,ipi-session-1,airspan-followup-c4-rep1,veh-081,250,100-clients,default,stationary,unsynced,true,true,payload_bytes,1024,bytes,IPI-CooperativeService,1099,1786030625132615955,1786030451477362538,1786030451477434649,1786030625466392651,333.777,,0.072,173988.958,"CooperativeService{guidedPlanning, status=request, vehicleId=0x7665682d303831, requestedHorizonMs=2500, confidence=100, planning.waypoints=1, offloadTaskId=probe-250, offloadPayload=1024 bytes}"
5g-sender,1786030625888460840,edge4av-real-20260806-airspan-followup-run-1,c4-rep1-tcp,airspan-followup-70-20-10,guided-planning,tcp,veh-081,veh-081,rsu-1,c4-rep1-tcp-veh-081-251,ipi-session-1,airspan-followup-c4-rep1,veh-081,251,100-clients,default,stationary,unsynced,true,true,payload_bytes,1024,bytes,IPI-CooperativeService,1099,1786030625666627619,1786030451877967582,1786030451877998066,1786030625888460840,221.833,,0.030,174010.463,"CooperativeService{guidedPlanning, status=request, vehicleId=0x7665682d303831, requestedHorizonMs=2500, confidence=100, planning.waypoints=1, offloadTaskId=probe-251, offloadPayload=1024 bytes}"
5g-sender,1786030626298566530,edge4av-real-20260806-airspan-followup-run-1,c4-rep1-tcp,airspan-followup-70-20-10,guided-planning,tcp,veh-081,veh-081,rsu-1,c4-rep1-tcp-veh-081-252,ipi-session-1,airspan-followup-c4-rep1,veh-081,252,100-clients,default,stationary,unsynced,true,true,payload_bytes,1024,bytes,IPI-CooperativeService,1099,1786030626088668707,1786030452298773635,1786030452298797422,1786030626298566530,209.898,,0.024,173999.769,"CooperativeService{guidedPlanning, status=request, vehicleId=0x7665682d303831, requestedHorizonMs=2500, confidence=100, planning.waypoints=1, offloadTaskId=probe-252, offloadPayload=1024 bytes}"
5g-sender,1786030626758344651,edge4av-real-20260806-airspan-followup-run-1,c4-rep1-tcp,airspan-followup-70-20-10,guided-planning,tcp,veh-081,veh-081,rsu-1,c4-rep1-tcp-veh-081-253,ipi-session-1,airspan-followup-c4-rep1,veh-081,253,100-clients,default,stationary,unsynced,true,true,payload_bytes,1024,bytes,IPI-CooperativeService,1099,1786030626498781771,1786030452769641325,1786030452769688359,1786030626758344651,259.563,,0.047,173988.656,"CooperativeService{guidedPlanning, status=request, vehicleId=0x7665682d303831, requestedHorizonMs=2500, confidence=100, planning.waypoints=1, offloadTaskId=probe-253, offloadPayload=1024 bytes}"
5g-sender,1786030627246465653,edge4av-real-20260806-airspan-followup-run-1,c4-rep1-tcp,airspan-followup-70-20-10,guided-planning,tcp,veh-081,veh-081,rsu-1,c4-rep1-tcp-veh-081-254,ipi-session-1,airspan-followup-c4-rep1,veh-081,254,100-clients,default,stationary,unsynced,true,true,payload_bytes,1024,bytes,IPI-CooperativeService,1099,1786030626958540982,1786030453270348141,1786030453270361950,1786030627246465653,287.925,,0.014,173976.104,"CooperativeService{guidedPlanning, status=request, vehicleId=0x7665682d303831, requestedHorizonMs=2500, confidence=100, planning.waypoints=1, offloadTaskId=probe-254, offloadPayload=1024 bytes}"
5g-sender,1786030627766979879,edge4av-real-20260806-airspan-followup-run-1,c4-rep1-tcp,airspan-followup-70-20-10,guided-planning,tcp,veh-081,veh-081,rsu-1,c4-rep1-tcp-veh-081-255,ipi-session-1,airspan-followup-c4-rep1,veh-081,255,100-clients,default,stationary,unsynced,true,true,payload_bytes,1024,bytes,IPI-CooperativeService,1099,1786030627446712125,1786030453781575723,1786030453781631379,1786030627766979879,320.268,,0.056,173985.348,"CooperativeService{guidedPlanning, status=request, vehicleId=0x7665682d303831, requestedHorizonMs=2500, confidence=100, planning.waypoints=1, offloadTaskId=probe-255, offloadPayload=1024 bytes}"
5g-sender,1786030628240302732,edge4av-real-20260806-airspan-followup-run-1,c4-rep1-tcp,airspan-followup-70-20-10,guided-planning,tcp,veh-081,veh-081,rsu-1,c4-rep1-tcp-veh-081-256,ipi-session-1,airspan-followup-c4-rep1,veh-081,256,100-clients,default,stationary,unsynced,true,true,payload_bytes,1024,bytes,IPI-CooperativeService,1099,1786030627967243792,1786030454252452400,1786030454252502781,1786030628240302732,273.059,,0.050,173987.800,"CooperativeService{guidedPlanning, status=request, vehicleId=0x7665682d303831, requestedHorizonMs=2500, confidence=100, planning.waypoints=1, offloadTaskId=probe-256, offloadPayload=1024 bytes}"
5g-sender,1786030628650330105,edge4av-real-20260806-airspan-followup-run-1,c4-rep1-tcp,airspan-followup-70-20-10,guided-planning,tcp,veh-081,veh-081,rsu-1,c4-rep1-tcp-veh-081-257,ipi-session-1,airspan-followup-c4-rep1,veh-081,257,100-clients,default,stationary,unsynced,true,true,payload_bytes,1024,bytes,IPI-CooperativeService,1099,1786030628440536640,1786030454663113921,1786030454663145026,1786030628650330105,209.793,,0.031,173987.185,"CooperativeService{guidedPlanning, status=request, vehicleId=0x7665682d303831, requestedHorizonMs=2500, confidence=100, planning.waypoints=1, offloadTaskId=probe-257, offloadPayload=1024 bytes}"
5g-sender,1786030629072556310,edge4av-real-20260806-airspan-followup-run-1,c4-rep1-tcp,airspan-followup-70-20-10,guided-planning,tcp,veh-081,veh-081,rsu-1,c4-rep1-tcp-veh-081-258,ipi-session-1,airspan-followup-c4-rep1,veh-081,258,100-clients,default,stationary,unsynced,true,true,payload_bytes,1024,bytes,IPI-CooperativeService,1099,1786030628850629797,1786030455093581690,1786030455093614510,1786030629072556310,221.927,,0.033,173978.942,"CooperativeService{guidedPlanning, status=request, vehicleId=0x7665682d303831, requestedHorizonMs=2500, confidence=100, planning.waypoints=1, offloadTaskId=probe-258, offloadPayload=1024 bytes}"
5g-sender,1786030630260995449,edge4av-real-20260806-airspan-followup-run-1,c4-rep1-tcp,airspan-followup-70-20-10,guided-planning,tcp,veh-081,veh-081,rsu-1,c4-rep1-tcp-veh-081-259,ipi-session-1,airspan-followup-c4-rep1,veh-081,259,100-clients,default,stationary,unsynced,true,true,payload_bytes,1024,bytes,IPI-CooperativeService,1099,1786030629272787077,1786030456285730402,1786030456285801333,1786030630260995449,988.208,,0.071,173975.194,"CooperativeService{guidedPlanning, status=request, vehicleId=0x7665682d303831, requestedHorizonMs=2500, confidence=100, planning.waypoints=1, offloadTaskId=probe-259, offloadPayload=1024 bytes}"
5g-sender,1786030630670979912,edge4av-real-20260806-airspan-followup-run-1,c4-rep1-tcp,airspan-followup-70-20-10,guided-planning,tcp,veh-081,veh-081,rsu-1,c4-rep1-tcp-veh-081-260,ipi-session-1,airspan-followup-c4-rep1,veh-081,260,100-clients,default,stationary,unsynced,true,true,payload_bytes,1024,bytes,IPI-CooperativeService,1099,1786030630461183773,1786030456676858663,1786030456676876751,1786030630670979912,209.796,,0.018,173994.103,"CooperativeService{guidedPlanning, status=request, vehicleId=0x7665682d303831, requestedHorizonMs=2500, confidence=100, planning.waypoints=1, offloadTaskId=probe-260, offloadPayload=1024 bytes}"
5g-sender,1786030631131553637,edge4av-real-20260806-airspan-followup-run-1,c4-rep1-tcp,airspan-followup-70-20-10,guided-planning,tcp,veh-081,veh-081,rsu-1,c4-rep1-tcp-veh-081-261,ipi-session-1,airspan-followup-c4-rep1,veh-081,261,100-clients,default,stationary,unsynced,true,true,payload_bytes,1024,bytes,IPI-CooperativeService,1099,1786030630871155740,1786030457137449057,1786030457137500875,1786030631131553637,260.398,,0.052,173994.053,"CooperativeService{guidedPlanning, status=request, vehicleId=0x7665682d303831, requestedHorizonMs=2500, confidence=100, planning.waypoints=1, offloadTaskId=probe-261, offloadPayload=1024 bytes}"
5g-sender,1786030631542345091,edge4av-real-20260806-airspan-followup-run-1,c4-rep1-tcp,airspan-followup-70-20-10,guided-planning,tcp,veh-081,veh-081,rsu-1,c4-rep1-tcp-veh-081-262,ipi-session-1,airspan-followup-c4-rep1,veh-081,262,100-clients,default,stationary,unsynced,true,true,payload_bytes,1024,bytes,IPI-CooperativeService,1099,1786030631331761388,1786030457548462144,1786030457548513872,1786030631542345091,210.584,,0.052,173993.831,"CooperativeService{guidedPlanning, status=request, vehicleId=0x7665682d303831, requestedHorizonMs=2500, confidence=100, planning.waypoints=1, offloadTaskId=probe-262, offloadPayload=1024 bytes}"
5g-sender,1786030631943187583,edge4av-real-20260806-airspan-followup-run-1,c4-rep1-tcp,airspan-followup-70-20-10,guided-planning,tcp,veh-081,veh-081,rsu-1,c4-rep1-tcp-veh-081-263,ipi-session-1,airspan-followup-c4-rep1,veh-081,263,100-clients,default,stationary,unsynced,true,true,payload_bytes,1024,bytes,IPI-CooperativeService,1099,1786030631742528812,1786030457968917048,1786030457968973539,1786030631943187583,200.659,,0.056,173974.214,"CooperativeService{guidedPlanning, status=request, vehicleId=0x7665682d303831, requestedHorizonMs=2500, confidence=100, planning.waypoints=1, offloadTaskId=probe-263, offloadPayload=1024 bytes}"
5g-sender,1786030632368195841,edge4av-real-20260806-airspan-followup-run-1,c4-rep1-tcp,airspan-followup-70-20-10,guided-planning,tcp,veh-081,veh-081,rsu-1,c4-rep1-tcp-veh-081-264,ipi-session-1,airspan-followup-c4-rep1,veh-081,264,100-clients,default,stationary,unsynced,true,true,payload_bytes,1024,bytes,IPI-CooperativeService,1099,1786030632143520082,1786030458389833591,1786030458389908832,1786030632368195841,224.676,,0.075,173978.287,"CooperativeService{guidedPlanning, status=request, vehicleId=0x7665682d303831, requestedHorizonMs=2500, confidence=100, planning.waypoints=1, offloadTaskId=probe-264, offloadPayload=1024 bytes}"
5g-sender,1786030632748201733,edge4av-real-20260806-airspan-followup-run-1,c4-rep1-tcp,airspan-followup-70-20-10,guided-planning,tcp,veh-081,veh-081,rsu-1,c4-rep1-tcp-veh-081-265,ipi-session-1,airspan-followup-c4-rep1,veh-081,265,100-clients,default,stationary,unsynced,true,true,payload_bytes,1024,bytes,IPI-CooperativeService,1099,1786030632568329182,1786030458770565048,1786030458770621256,1786030632748201733,179.873,,0.056,173977.580,"CooperativeService{guidedPlanning, status=request, vehicleId=0x7665682d303831, requestedHorizonMs=2500, confidence=100, planning.waypoints=1, offloadTaskId=probe-265, offloadPayload=1024 bytes}"
5g-sender,1786030633096380134,edge4av-real-20260806-airspan-followup-run-1,c4-rep1-tcp,airspan-followup-70-20-10,guided-planning,tcp,veh-081,veh-081,rsu-1,c4-rep1-tcp-veh-081-266,ipi-session-1,airspan-followup-c4-rep1,veh-081,266,100-clients,default,stationary,unsynced,true,true,payload_bytes,1024,bytes,IPI-CooperativeService,1099,1786030632948401655,1786030459110777372,1786030459110806035,1786030633096380134,147.978,,0.029,173985.574,"CooperativeService{guidedPlanning, status=request, vehicleId=0x7665682d303831, requestedHorizonMs=2500, confidence=100, planning.waypoints=1, offloadTaskId=probe-266, offloadPayload=1024 bytes}"
5g-sender,1786030633558333314,edge4av-real-20260806-airspan-followup-run-1,c4-rep1-tcp,airspan-followup-70-20-10,guided-planning,tcp,veh-081,veh-081,rsu-1,c4-rep1-tcp-veh-081-267,ipi-session-1,airspan-followup-c4-rep1,veh-081,267,100-clients,default,stationary,unsynced,true,true,payload_bytes,1024,bytes,IPI-CooperativeService,1099,1786030633296576814,1786030459551852417,1786030459551904520,1786030633558333314,261.757,,0.052,174006.429,"CooperativeService{guidedPlanning, status=request, vehicleId=0x7665682d303831, requestedHorizonMs=2500, confidence=100, planning.waypoints=1, offloadTaskId=probe-267, offloadPayload=1024 bytes}"
5g-sender,1786030634040450078,edge4av-real-20260806-airspan-followup-run-1,c4-rep1-tcp,airspan-followup-70-20-10,guided-planning,tcp,veh-081,veh-081,rsu-1,c4-rep1-tcp-veh-081-268,ipi-session-1,airspan-followup-c4-rep1,veh-081,268,100-clients,default,stationary,unsynced,true,true,payload_bytes,1024,bytes,IPI-CooperativeService,1099,1786030633758559965,1786030460042921035,1786030460042971624,1786030634040450078,281.890,,0.051,173997.478,"CooperativeService{guidedPlanning, status=request, vehicleId=0x7665682d303831, requestedHorizonMs=2500, confidence=100, planning.waypoints=1, offloadTaskId=probe-268, offloadPayload=1024 bytes}"
5g-sender,1786030634452290247,edge4av-real-20260806-airspan-followup-run-1,c4-rep1-tcp,airspan-followup-70-20-10,guided-planning,tcp,veh-081,veh-081,rsu-1,c4-rep1-tcp-veh-081-269,ipi-session-1,airspan-followup-c4-rep1,veh-081,269,100-clients,default,stationary,unsynced,true,true,payload_bytes,1024,bytes,IPI-CooperativeService,1099,1786030634240595417,1786030460443307960,1786030460443349041,1786030634452290247,211.695,,0.041,174008.941,"CooperativeService{guidedPlanning, status=request, vehicleId=0x7665682d303831, requestedHorizonMs=2500, confidence=100, planning.waypoints=1, offloadTaskId=probe-269, offloadPayload=1024 bytes}"
5g-sender,1786030634892644484,edge4av-real-20260806-airspan-followup-run-1,c4-rep1-tcp,airspan-followup-70-20-10,guided-planning,tcp,veh-081,veh-081,rsu-1,c4-rep1-tcp-veh-081-270,ipi-session-1,airspan-followup-c4-rep1,veh-081,270,100-clients,default,stationary,unsynced,true,true,payload_bytes,1024,bytes,IPI-CooperativeService,1099,1786030634652457358,1786030460894124924,1786030460894140390,1786030634892644484,240.187,,0.015,173998.504,"CooperativeService{guidedPlanning, status=request, vehicleId=0x7665682d303831, requestedHorizonMs=2500, confidence=100, planning.waypoints=1, offloadTaskId=probe-270, offloadPayload=1024 bytes}"
5g-sender,1786030635340498270,edge4av-real-20260806-airspan-followup-run-1,c4-rep1-tcp,airspan-followup-70-20-10,guided-planning,tcp,veh-081,veh-081,rsu-1,c4-rep1-tcp-veh-081-271,ipi-session-1,airspan-followup-c4-rep1,veh-081,271,100-clients,default,stationary,unsynced,true,true,payload_bytes,1024,bytes,IPI-CooperativeService,1099,1786030635092833048,1786030461355134020,1786030461355186258,1786030635340498270,247.665,,0.052,173985.312,"CooperativeService{guidedPlanning, status=request, vehicleId=0x7665682d303831, requestedHorizonMs=2500, confidence=100, planning.waypoints=1, offloadTaskId=probe-271, offloadPayload=1024 bytes}"
5g-sender,1786030635832292544,edge4av-real-20260806-airspan-followup-run-1,c4-rep1-tcp,airspan-followup-70-20-10,guided-planning,tcp,veh-081,veh-081,rsu-1,c4-rep1-tcp-veh-081-272,ipi-session-1,airspan-followup-c4-rep1,veh-081,272,100-clients,default,stationary,unsynced,true,true,payload_bytes,1024,bytes,IPI-CooperativeService,1099,1786030635540736908,1786030461835951719,1786030461836008706,1786030635832292544,291.556,,0.057,173996.284,"CooperativeService{guidedPlanning, status=request, vehicleId=0x7665682d303831, requestedHorizonMs=2500, confidence=100, planning.waypoints=1, offloadTaskId=probe-272, offloadPayload=1024 bytes}"
5g-sender,1786030636312314459,edge4av-real-20260806-airspan-followup-run-1,c4-rep1-tcp,airspan-followup-70-20-10,guided-planning,tcp,veh-081,veh-081,rsu-1,c4-rep1-tcp-veh-081-273,ipi-session-1,airspan-followup-c4-rep1,veh-081,273,100-clients,default,stationary,unsynced,true,true,payload_bytes,1024,bytes,IPI-CooperativeService,1099,1786030636032473291,1786030462316852844,1786030462316963450,1786030636312314459,279.841,,0.111,173995.351,"CooperativeService{guidedPlanning, status=request, vehicleId=0x7665682d303831, requestedHorizonMs=2500, confidence=100, planning.waypoints=1, offloadTaskId=probe-273, offloadPayload=1024 bytes}"
5g-sender,1786030636706277120,edge4av-real-20260806-airspan-followup-run-1,c4-rep1-tcp,airspan-followup-70-20-10,guided-planning,tcp,veh-081,veh-081,rsu-1,c4-rep1-tcp-veh-081-274,ipi-session-1,airspan-followup-c4-rep1,veh-081,274,100-clients,default,stationary,unsynced,true,true,payload_bytes,1024,bytes,IPI-CooperativeService,1099,1786030636512486544,1786030462717199418,1786030462717222406,1786030636706277120,193.791,,0.023,173989.055,"CooperativeService{guidedPlanning, status=request, vehicleId=0x7665682d303831, requestedHorizonMs=2500, confidence=100, planning.waypoints=1, offloadTaskId=probe-274, offloadPayload=1024 bytes}"
5g-sender,1786030637186481734,edge4av-real-20260806-airspan-followup-run-1,c4-rep1-tcp,airspan-followup-70-20-10,guided-planning,tcp,veh-081,veh-081,rsu-1,c4-rep1-tcp-veh-081-275,ipi-session-1,airspan-followup-c4-rep1,veh-081,275,100-clients,default,stationary,unsynced,true,true,payload_bytes,1024,bytes,IPI-CooperativeService,1099,1786030636906438671,1786030463168256743,1786030463168286546,1786030637186481734,280.043,,0.030,174018.195,"CooperativeService{guidedPlanning, status=request, vehicleId=0x7665682d303831, requestedHorizonMs=2500, confidence=100, planning.waypoints=1, offloadTaskId=probe-275, offloadPayload=1024 bytes}"
5g-sender,1786030637658354213,edge4av-real-20260806-airspan-followup-run-1,c4-rep1-tcp,airspan-followup-70-20-10,guided-planning,tcp,veh-081,veh-081,rsu-1,c4-rep1-tcp-veh-081-276,ipi-session-1,airspan-followup-c4-rep1,veh-081,276,100-clients,default,stationary,unsynced,true,true,payload_bytes,1024,bytes,IPI-CooperativeService,1099,1786030637386716919,1786030463659354759,1786030463659415677,1786030637658354213,271.637,,0.061,173998.939,"CooperativeService{guidedPlanning, status=request, vehicleId=0x7665682d303831, requestedHorizonMs=2500, confidence=100, planning.waypoints=1, offloadTaskId=probe-276, offloadPayload=1024 bytes}"
5g-sender,1786030638074260699,edge4av-real-20260806-airspan-followup-run-1,c4-rep1-tcp,airspan-followup-70-20-10,guided-planning,tcp,veh-081,veh-081,rsu-1,c4-rep1-tcp-veh-081-277,ipi-session-1,airspan-followup-c4-rep1,veh-081,277,100-clients,default,stationary,unsynced,true,true,payload_bytes,1024,bytes,IPI-CooperativeService,1099,1786030637858561945,1786030464090224153,1786030464090466022,1786030638074260699,215.699,,0.242,173983.795,"CooperativeService{guidedPlanning, status=request, vehicleId=0x7665682d303831, requestedHorizonMs=2500, confidence=100, planning.waypoints=1, offloadTaskId=probe-277, offloadPayload=1024 bytes}"
5g-sender,1786030638484606951,edge4av-real-20260806-airspan-followup-run-1,c4-rep1-tcp,airspan-followup-70-20-10,guided-planning,tcp,veh-081,veh-081,rsu-1,c4-rep1-tcp-veh-081-278,ipi-session-1,airspan-followup-c4-rep1,veh-081,278,100-clients,default,stationary,unsynced,true,true,payload_bytes,1024,bytes,IPI-CooperativeService,1099,1786030638274452591,1786030464511018354,1786030464511070970,1786030638484606951,210.154,,0.053,173973.536,"CooperativeService{guidedPlanning, status=request, vehicleId=0x7665682d303831, requestedHorizonMs=2500, confidence=100, planning.waypoints=1, offloadTaskId=probe-278, offloadPayload=1024 bytes}"
5g-sender,1786030638925462786,edge4av-real-20260806-airspan-followup-run-1,c4-rep1-tcp,airspan-followup-70-20-10,guided-planning,tcp,veh-081,veh-081,rsu-1,c4-rep1-tcp-veh-081-279,ipi-session-1,airspan-followup-c4-rep1,veh-081,279,100-clients,default,stationary,unsynced,true,true,payload_bytes,1024,bytes,IPI-CooperativeService,1099,1786030638684848426,1786030464942178284,1786030464942231860,1786030638925462786,240.614,,0.054,173983.231,"CooperativeService{guidedPlanning, status=request, vehicleId=0x7665682d303831, requestedHorizonMs=2500, confidence=100, planning.waypoints=1, offloadTaskId=probe-279, offloadPayload=1024 bytes}"
5g-sender,1786030639392338992,edge4av-real-20260806-airspan-followup-run-1,c4-rep1-tcp,airspan-followup-70-20-10,guided-planning,tcp,veh-081,veh-081,rsu-1,c4-rep1-tcp-veh-081-280,ipi-session-1,airspan-followup-c4-rep1,veh-081,280,100-clients,default,stationary,unsynced,true,true,payload_bytes,1024,bytes,IPI-CooperativeService,1099,1786030639125640817,1786030465412774121,1786030465412800064,1786030639392338992,266.698,,0.026,173979.539,"CooperativeService{guidedPlanning, status=request, vehicleId=0x7665682d303831, requestedHorizonMs=2500, confidence=100, planning.waypoints=1, offloadTaskId=probe-280, offloadPayload=1024 bytes}"
5g-sender,1786030639754418067,edge4av-real-20260806-airspan-followup-run-1,c4-rep1-tcp,airspan-followup-70-20-10,guided-planning,tcp,veh-081,veh-081,rsu-1,c4-rep1-tcp-veh-081-281,ipi-session-1,airspan-followup-c4-rep1,veh-081,281,100-clients,default,stationary,unsynced,true,true,payload_bytes,1024,bytes,IPI-CooperativeService,1099,1786030639592488015,1786030465773715076,1786030465773782569,1786030639754418067,161.930,,0.067,173980.635,"CooperativeService{guidedPlanning, status=request, vehicleId=0x7665682d303831, requestedHorizonMs=2500, confidence=100, planning.waypoints=1, offloadTaskId=probe-281, offloadPayload=1024 bytes}"
5g-sender,1786030640200355845,edge4av-real-20260806-airspan-followup-run-1,c4-rep1-tcp,airspan-followup-70-20-10,guided-planning,tcp,veh-081,veh-081,rsu-1,c4-rep1-tcp-veh-081-282,ipi-session-1,airspan-followup-c4-rep1,veh-081,282,100-clients,default,stationary,unsynced,true,true,payload_bytes,1024,bytes,IPI-CooperativeService,1099,1786030639954643338,1786030466204552559,1786030466204641882,1786030640200355845,245.713,,0.089,173995.714,"CooperativeService{guidedPlanning, status=request, vehicleId=0x7665682d303831, requestedHorizonMs=2500, confidence=100, planning.waypoints=1, offloadTaskId=probe-282, offloadPayload=1024 bytes}"
5g-sender,1786030640660366234,edge4av-real-20260806-airspan-followup-run-1,c4-rep1-tcp,airspan-followup-70-20-10,guided-planning,tcp,veh-081,veh-081,rsu-1,c4-rep1-tcp-veh-081-283,ipi-session-1,airspan-followup-c4-rep1,veh-081,283,100-clients,default,stationary,unsynced,true,true,payload_bytes,1024,bytes,IPI-CooperativeService,1099,1786030640400553104,1786030466675476887,1786030466675532924,1786030640660366234,259.813,,0.056,173984.833,"CooperativeService{guidedPlanning, status=request, vehicleId=0x7665682d303831, requestedHorizonMs=2500, confidence=100, planning.waypoints=1, offloadTaskId=probe-283, offloadPayload=1024 bytes}"
5g-sender,1786030641124457668,edge4av-real-20260806-airspan-followup-run-1,c4-rep1-tcp,airspan-followup-70-20-10,guided-planning,tcp,veh-081,veh-081,rsu-1,c4-rep1-tcp-veh-081-284,ipi-session-1,airspan-followup-c4-rep1,veh-081,284,100-clients,default,stationary,unsynced,true,true,payload_bytes,1024,bytes,IPI-CooperativeService,1099,1786030640860549122,1786030467136285903,1786030467136314806,1786030641124457668,263.909,,0.029,173988.143,"CooperativeService{guidedPlanning, status=request, vehicleId=0x7665682d303831, requestedHorizonMs=2500, confidence=100, planning.waypoints=1, offloadTaskId=probe-284, offloadPayload=1024 bytes}"
5g-sender,1786030641546485310,edge4av-real-20260806-airspan-followup-run-1,c4-rep1-tcp,airspan-followup-70-20-10,guided-planning,tcp,veh-081,veh-081,rsu-1,c4-rep1-tcp-veh-081-285,ipi-session-1,airspan-followup-c4-rep1,veh-081,285,100-clients,default,stationary,unsynced,true,true,payload_bytes,1024,bytes,IPI-CooperativeService,1099,1786030641324684303,1786030467556961189,1786030467557013877,1786030641546485310,221.801,,0.053,173989.471,"CooperativeService{guidedPlanning, status=request, vehicleId=0x7665682d303831, requestedHorizonMs=2500, confidence=100, planning.waypoints=1, offloadTaskId=probe-285, offloadPayload=1024 bytes}"
5g-sender,1786030641982350313,edge4av-real-20260806-airspan-followup-run-1,c4-rep1-tcp,airspan-followup-70-20-10,guided-planning,tcp,veh-081,veh-081,rsu-1,c4-rep1-tcp-veh-081-286,ipi-session-1,airspan-followup-c4-rep1,veh-081,286,100-clients,default,stationary,unsynced,true,true,payload_bytes,1024,bytes,IPI-CooperativeService,1099,1786030641746670108,1786030467998099794,1786030467998151217,1786030641982350313,235.680,,0.051,173984.199,"CooperativeService{guidedPlanning, status=request, vehicleId=0x7665682d303831, requestedHorizonMs=2500, confidence=100, planning.waypoints=1, offloadTaskId=probe-286, offloadPayload=1024 bytes}"
5g-sender,1786030642396395334,edge4av-real-20260806-airspan-followup-run-1,c4-rep1-tcp,airspan-followup-70-20-10,guided-planning,tcp,veh-081,veh-081,rsu-1,c4-rep1-tcp-veh-081-287,ipi-session-1,airspan-followup-c4-rep1,veh-081,287,100-clients,default,stationary,unsynced,true,true,payload_bytes,1024,bytes,IPI-CooperativeService,1099,1786030642182576529,1786030468409189899,1786030468409233077,1786030642396395334,213.819,,0.043,173987.162,"CooperativeService{guidedPlanning, status=request, vehicleId=0x7665682d303831, requestedHorizonMs=2500, confidence=100, planning.waypoints=1, offloadTaskId=probe-287, offloadPayload=1024 bytes}"
5g-sender,1786030642818453672,edge4av-real-20260806-airspan-followup-run-1,c4-rep1-tcp,airspan-followup-70-20-10,guided-planning,tcp,veh-081,veh-081,rsu-1,c4-rep1-tcp-veh-081-288,ipi-session-1,airspan-followup-c4-rep1,veh-081,288,100-clients,default,stationary,unsynced,true,true,payload_bytes,1024,bytes,IPI-CooperativeService,1099,1786030642596626346,1786030468819625458,1786030468819666870,1786030642818453672,221.827,,0.041,173998.787,"CooperativeService{guidedPlanning, status=request, vehicleId=0x7665682d303831, requestedHorizonMs=2500, confidence=100, planning.waypoints=1, offloadTaskId=probe-288, offloadPayload=1024 bytes}"
5g-sender,1786030643296387295,edge4av-real-20260806-airspan-followup-run-1,c4-rep1-tcp,airspan-followup-70-20-10,guided-planning,tcp,veh-081,veh-081,rsu-1,c4-rep1-tcp-veh-081-289,ipi-session-1,airspan-followup-c4-rep1,veh-081,289,100-clients,default,stationary,unsynced,true,true,payload_bytes,1024,bytes,IPI-CooperativeService,1099,1786030643018656411,1786030469310500569,1786030469310521369,1786030643296387295,277.731,,0.021,173985.866,"CooperativeService{guidedPlanning, status=request, vehicleId=0x7665682d303831, requestedHorizonMs=2500, confidence=100, planning.waypoints=1, offloadTaskId=probe-289, offloadPayload=1024 bytes}"
5g-sender,1786030643758339821,edge4av-real-20260806-airspan-followup-run-1,c4-rep1-tcp,airspan-followup-70-20-10,guided-planning,tcp,veh-081,veh-081,rsu-1,c4-rep1-tcp-veh-081-290,ipi-session-1,airspan-followup-c4-rep1,veh-081,290,100-clients,default,stationary,unsynced,true,true,payload_bytes,1024,bytes,IPI-CooperativeService,1099,1786030643496623009,1786030469751617612,1786030469751673632,1786030643758339821,261.717,,0.056,174006.666,"CooperativeService{guidedPlanning, status=request, vehicleId=0x7665682d303831, requestedHorizonMs=2500, confidence=100, planning.waypoints=1, offloadTaskId=probe-290, offloadPayload=1024 bytes}"
5g-sender,1786030644180546198,edge4av-real-20260806-airspan-followup-run-1,c4-rep1-tcp,airspan-followup-70-20-10,guided-planning,tcp,veh-081,veh-081,rsu-1,c4-rep1-tcp-veh-081-291,ipi-session-1,airspan-followup-c4-rep1,veh-081,291,100-clients,default,stationary,unsynced,true,true,payload_bytes,1024,bytes,IPI-CooperativeService,1099,1786030643958607897,1786030470162502265,1786030470162551269,1786030644180546198,221.938,,0.049,174017.995,"CooperativeService{guidedPlanning, status=request, vehicleId=0x7665682d303831, requestedHorizonMs=2500, confidence=100, planning.waypoints=1, offloadTaskId=probe-291, offloadPayload=1024 bytes}"
5g-sender,1786030644612541799,edge4av-real-20260806-airspan-followup-run-1,c4-rep1-tcp,airspan-followup-70-20-10,guided-planning,tcp,veh-081,veh-081,rsu-1,c4-rep1-tcp-veh-081-292,ipi-session-1,airspan-followup-c4-rep1,veh-081,292,100-clients,default,stationary,unsynced,true,true,payload_bytes,1024,bytes,IPI-CooperativeService,1099,1786030644380819401,1786030470623441046,1786030470623472070,1786030644612541799,231.722,,0.031,173989.070,"CooperativeService{guidedPlanning, status=request, vehicleId=0x7665682d303831, requestedHorizonMs=2500, confidence=100, planning.waypoints=1, offloadTaskId=probe-292, offloadPayload=1024 bytes}"
5g-sender,1786030645084268819,edge4av-real-20260806-airspan-followup-run-1,c4-rep1-tcp,airspan-followup-70-20-10,guided-planning,tcp,veh-081,veh-081,rsu-1,c4-rep1-tcp-veh-081-293,ipi-session-1,airspan-followup-c4-rep1,veh-081,293,100-clients,default,stationary,unsynced,true,true,payload_bytes,1024,bytes,IPI-CooperativeService,1099,1786030644812695724,1786030471104456068,1786030471104506949,1786030645084268819,271.573,,0.051,173979.762,"CooperativeService{guidedPlanning, status=request, vehicleId=0x7665682d303831, requestedHorizonMs=2500, confidence=100, planning.waypoints=1, offloadTaskId=probe-293, offloadPayload=1024 bytes}"
5g-sender,1786030645508560304,edge4av-real-20260806-airspan-followup-run-1,c4-rep1-tcp,airspan-followup-70-20-10,guided-planning,tcp,veh-081,veh-081,rsu-1,c4-rep1-tcp-veh-081-294,ipi-session-1,airspan-followup-c4-rep1,veh-081,294,100-clients,default,stationary,unsynced,true,true,payload_bytes,1024,bytes,IPI-CooperativeService,1099,1786030645284448011,1786030471525209851,1786030471525262333,1786030645508560304,224.112,,0.052,173983.298,"CooperativeService{guidedPlanning, status=request, vehicleId=0x7665682d303831, requestedHorizonMs=2500, confidence=100, planning.waypoints=1, offloadTaskId=probe-294, offloadPayload=1024 bytes}"
5g-sender,1786030645976321291,edge4av-real-20260806-airspan-followup-run-1,c4-rep1-tcp,airspan-followup-70-20-10,guided-planning,tcp,veh-081,veh-081,rsu-1,c4-rep1-tcp-veh-081-295,ipi-session-1,airspan-followup-c4-rep1,veh-081,295,100-clients,default,stationary,unsynced,true,true,payload_bytes,1024,bytes,IPI-CooperativeService,1099,1786030645708742717,1786030471986017612,1786030471986072151,1786030645976321291,267.579,,0.055,173990.249,"CooperativeService{guidedPlanning, status=request, vehicleId=0x7665682d303831, requestedHorizonMs=2500, confidence=100, planning.waypoints=1, offloadTaskId=probe-295, offloadPayload=1024 bytes}"
5g-sender,1786030646456482155,edge4av-real-20260806-airspan-followup-run-1,c4-rep1-tcp,airspan-followup-70-20-10,guided-planning,tcp,veh-081,veh-081,rsu-1,c4-rep1-tcp-veh-081-296,ipi-session-1,airspan-followup-c4-rep1,veh-081,296,100-clients,default,stationary,unsynced,true,true,payload_bytes,1024,bytes,IPI-CooperativeService,1099,1786030646176531206,1786030472467222610,1786030472467275321,1786030646456482155,279.951,,0.053,173989.207,"CooperativeService{guidedPlanning, status=request, vehicleId=0x7665682d303831, requestedHorizonMs=2500, confidence=100, planning.waypoints=1, offloadTaskId=probe-296, offloadPayload=1024 bytes}"
5g-sender,1786030646936450353,edge4av-real-20260806-airspan-followup-run-1,c4-rep1-tcp,airspan-followup-70-20-10,guided-planning,tcp,veh-081,veh-081,rsu-1,c4-rep1-tcp-veh-081-297,ipi-session-1,airspan-followup-c4-rep1,veh-081,297,100-clients,default,stationary,unsynced,true,true,payload_bytes,1024,bytes,IPI-CooperativeService,1099,1786030646656611788,1786030472937931084,1786030472937984027,1786030646936450353,279.839,,0.053,173998.466,"CooperativeService{guidedPlanning, status=request, vehicleId=0x7665682d303831, requestedHorizonMs=2500, confidence=100, planning.waypoints=1, offloadTaskId=probe-297, offloadPayload=1024 bytes}"
5g-sender,1786030647488409036,edge4av-real-20260806-airspan-followup-run-1,c4-rep1-tcp,airspan-followup-70-20-10,guided-planning,tcp,veh-081,veh-081,rsu-1,c4-rep1-tcp-veh-081-298,ipi-session-1,airspan-followup-c4-rep1,veh-081,298,100-clients,default,stationary,unsynced,true,true,payload_bytes,1024,bytes,IPI-CooperativeService,1099,1786030647136651930,1786030473489460225,1786030473489511275,1786030647488409036,351.757,,0.051,173998.898,"CooperativeService{guidedPlanning, status=request, vehicleId=0x7665682d303831, requestedHorizonMs=2500, confidence=100, planning.waypoints=1, offloadTaskId=probe-298, offloadPayload=1024 bytes}"
5g-sender,1786030647972509862,edge4av-real-20260806-airspan-followup-run-1,c4-rep1-tcp,airspan-followup-70-20-10,guided-planning,tcp,veh-081,veh-081,rsu-1,c4-rep1-tcp-veh-081-299,ipi-session-1,airspan-followup-c4-rep1,veh-081,299,100-clients,default,stationary,unsynced,true,true,payload_bytes,1024,bytes,IPI-CooperativeService,1099,1786030647688728827,1786030473990145421,1786030473990186132,1786030647972509862,283.781,,0.041,173982.324,"CooperativeService{guidedPlanning, status=request, vehicleId=0x7665682d303831, requestedHorizonMs=2500, confidence=100, planning.waypoints=1, offloadTaskId=probe-299, offloadPayload=1024 bytes}"
5g-sender,1786030648484327375,edge4av-real-20260806-airspan-followup-run-1,c4-rep1-tcp,airspan-followup-70-20-10,guided-planning,tcp,veh-081,veh-081,rsu-1,c4-rep1-tcp-veh-081-300,ipi-session-1,airspan-followup-c4-rep1,veh-081,300,100-clients,default,stationary,unsynced,true,true,payload_bytes,1024,bytes,IPI-CooperativeService,1099,1786030648172697514,1786030474501026567,1786030474501043855,1786030648484327375,311.630,,0.017,173983.284,"CooperativeService{guidedPlanning, status=request, vehicleId=0x7665682d303831, requestedHorizonMs=2500, confidence=100, planning.waypoints=1, offloadTaskId=probe-300, offloadPayload=1024 bytes}"
5g-sender,1786030648968356355,edge4av-real-20260806-airspan-followup-run-1,c4-rep1-tcp,airspan-followup-70-20-10,guided-planning,tcp,veh-081,veh-081,rsu-1,c4-rep1-tcp-veh-081-301,ipi-session-1,airspan-followup-c4-rep1,veh-081,301,100-clients,default,stationary,unsynced,true,true,payload_bytes,1024,bytes,IPI-CooperativeService,1099,1786030648684469864,1786030474982078368,1786030474982134234,1786030648968356355,283.886,,0.056,173986.222,"CooperativeService{guidedPlanning, status=request, vehicleId=0x7665682d303831, requestedHorizonMs=2500, confidence=100, planning.waypoints=1, offloadTaskId=probe-301, offloadPayload=1024 bytes}"
5g-sender,1786030649392314732,edge4av-real-20260806-airspan-followup-run-1,c4-rep1-tcp,airspan-followup-70-20-10,guided-planning,tcp,veh-081,veh-081,rsu-1,c4-rep1-tcp-veh-081-302,ipi-session-1,airspan-followup-c4-rep1,veh-081,302,100-clients,default,stationary,unsynced,true,true,payload_bytes,1024,bytes,IPI-CooperativeService,1099,1786030649168601127,1786030475392863913,1786030475392936980,1786030649392314732,223.714,,0.073,173999.378,"CooperativeService{guidedPlanning, status=request, vehicleId=0x7665682d303831, requestedHorizonMs=2500, confidence=100, planning.waypoints=1, offloadTaskId=probe-302, offloadPayload=1024 bytes}"
5g-sender,1786030649790373903,edge4av-real-20260806-airspan-followup-run-1,c4-rep1-tcp,airspan-followup-70-20-10,guided-planning,tcp,veh-081,veh-081,rsu-1,c4-rep1-tcp-veh-081-303,ipi-session-1,airspan-followup-c4-rep1,veh-081,303,100-clients,default,stationary,unsynced,true,true,payload_bytes,1024,bytes,IPI-CooperativeService,1099,1786030649592458293,1786030475803325886,1786030475803386015,1786030649790373903,197.916,,0.060,173986.988,"CooperativeService{guidedPlanning, status=request, vehicleId=0x7665682d303831, requestedHorizonMs=2500, confidence=100, planning.waypoints=1, offloadTaskId=probe-303, offloadPayload=1024 bytes}"
5g-sender,1786030650216591386,edge4av-real-20260806-airspan-followup-run-1,c4-rep1-tcp,airspan-followup-70-20-10,guided-planning,tcp,veh-081,veh-081,rsu-1,c4-rep1-tcp-veh-081-304,ipi-session-1,airspan-followup-c4-rep1,veh-081,304,100-clients,default,stationary,unsynced,true,true,payload_bytes,1024,bytes,IPI-CooperativeService,1099,1786030649990619059,1786030476214126264,1786030476214148041,1786030650216591386,225.972,,0.022,174002.443,"CooperativeService{guidedPlanning, status=request, vehicleId=0x7665682d303831, requestedHorizonMs=2500, confidence=100, planning.waypoints=1, offloadTaskId=probe-304, offloadPayload=1024 bytes}"
5g-sender,1786030650602366035,edge4av-real-20260806-airspan-followup-run-1,c4-rep1-tcp,airspan-followup-70-20-10,guided-planning,tcp,veh-081,veh-081,rsu-1,c4-rep1-tcp-veh-081-305,ipi-session-1,airspan-followup-c4-rep1,veh-081,305,100-clients,default,stationary,unsynced,true,true,payload_bytes,1024,bytes,IPI-CooperativeService,1099,1786030650416768177,1786030476595014349,1786030476595059163,1786030650602366035,185.598,,0.045,174007.307,"CooperativeService{guidedPlanning, status=request, vehicleId=0x7665682d303831, requestedHorizonMs=2500, confidence=100, planning.waypoints=1, offloadTaskId=probe-305, offloadPayload=1024 bytes}"
5g-sender,1786030651083620306,edge4av-real-20260806-airspan-followup-run-1,c4-rep1-tcp,airspan-followup-70-20-10,guided-planning,tcp,veh-081,veh-081,rsu-1,c4-rep1-tcp-veh-081-306,ipi-session-1,airspan-followup-c4-rep1,veh-081,306,100-clients,default,stationary,unsynced,true,true,payload_bytes,1024,bytes,IPI-CooperativeService,1099,1786030650802576899,1786030477025427202,1786030477025491399,1786030651083620306,281.043,,0.064,174058.129,"CooperativeService{guidedPlanning, status=request, vehicleId=0x7665682d303831, requestedHorizonMs=2500, confidence=100, planning.waypoints=1, offloadTaskId=probe-306, offloadPayload=1024 bytes}"
5g-sender,1786030651532493031,edge4av-real-20260806-airspan-followup-run-1,c4-rep1-tcp,airspan-followup-70-20-10,guided-planning,tcp,veh-081,veh-081,rsu-1,c4-rep1-tcp-veh-081-307,ipi-session-1,airspan-followup-c4-rep1,veh-081,307,100-clients,default,stationary,unsynced,true,true,payload_bytes,1024,bytes,IPI-CooperativeService,1099,1786030651283851282,1786030477526708536,1786030477526736907,1786030651532493031,248.642,,0.028,174005.756,"CooperativeService{guidedPlanning, status=request, vehicleId=0x7665682d303831, requestedHorizonMs=2500, confidence=100, planning.waypoints=1, offloadTaskId=probe-307, offloadPayload=1024 bytes}"
5g-sender,1786030652031787116,edge4av-real-20260806-airspan-followup-run-1,c4-rep1-tcp,airspan-followup-70-20-10,guided-planning,tcp,veh-081,veh-081,rsu-1,c4-rep1-tcp-veh-081-308,ipi-session-1,airspan-followup-c4-rep1,veh-081,308,100-clients,default,stationary,unsynced,true,true,payload_bytes,1024,bytes,IPI-CooperativeService,1099,1786030651732659864,1786030478047391957,1786030478047479753,1786030652031787116,299.127,,0.088,173984.307,"CooperativeService{guidedPlanning, status=request, vehicleId=0x7665682d303831, requestedHorizonMs=2500, confidence=100, planning.waypoints=1, offloadTaskId=probe-308, offloadPayload=1024 bytes}"
5g-sender,1786030652483078902,edge4av-real-20260806-airspan-followup-run-1,c4-rep1-tcp,airspan-followup-70-20-10,guided-planning,tcp,veh-081,veh-081,rsu-1,c4-rep1-tcp-veh-081-309,ipi-session-1,airspan-followup-c4-rep1,veh-081,309,100-clients,default,stationary,unsynced,true,true,payload_bytes,1024,bytes,IPI-CooperativeService,1099,1786030652231998702,1786030478498236617,1786030478498259971,1786030652483078902,251.080,,0.023,173984.819,"CooperativeService{guidedPlanning, status=request, vehicleId=0x7665682d303831, requestedHorizonMs=2500, confidence=100, planning.waypoints=1, offloadTaskId=probe-309, offloadPayload=1024 bytes}"
5g-sender,1786030652904595472,edge4av-real-20260806-airspan-followup-run-1,c4-rep1-tcp,airspan-followup-70-20-10,guided-planning,tcp,veh-081,veh-081,rsu-1,c4-rep1-tcp-veh-081-310,ipi-session-1,airspan-followup-c4-rep1,veh-081,310,100-clients,default,stationary,unsynced,true,true,payload_bytes,1024,bytes,IPI-CooperativeService,1099,1786030652683266422,1786030478908913427,1786030478908941807,1786030652904595472,221.329,,0.028,173995.654,"CooperativeService{guidedPlanning, status=request, vehicleId=0x7665682d303831, requestedHorizonMs=2500, confidence=100, planning.waypoints=1, offloadTaskId=probe-310, offloadPayload=1024 bytes}"
5g-sender,1786030653396454012,edge4av-real-20260806-airspan-followup-run-1,c4-rep1-tcp,airspan-followup-70-20-10,guided-planning,tcp,veh-081,veh-081,rsu-1,c4-rep1-tcp-veh-081-311,ipi-session-1,airspan-followup-c4-rep1,veh-081,311,100-clients,default,stationary,unsynced,true,true,payload_bytes,1024,bytes,IPI-CooperativeService,1099,1786030653104846062,1786030479389699860,1786030479389751318,1786030653396454012,291.608,,0.051,174006.703,"CooperativeService{guidedPlanning, status=request, vehicleId=0x7665682d303831, requestedHorizonMs=2500, confidence=100, planning.waypoints=1, offloadTaskId=probe-311, offloadPayload=1024 bytes}"
5g-sender,1786030653824668389,edge4av-real-20260806-airspan-followup-run-1,c4-rep1-tcp,airspan-followup-70-20-10,guided-planning,tcp,veh-081,veh-081,rsu-1,c4-rep1-tcp-veh-081-312,ipi-session-1,airspan-followup-c4-rep1,veh-081,312,100-clients,default,stationary,unsynced,true,true,payload_bytes,1024,bytes,IPI-CooperativeService,1099,1786030653596680582,1786030479850571953,1786030479850613047,1786030653824668389,227.988,,0.041,173974.055,"CooperativeService{guidedPlanning, status=request, vehicleId=0x7665682d303831, requestedHorizonMs=2500, confidence=100, planning.waypoints=1, offloadTaskId=probe-312, offloadPayload=1024 bytes}"
5g-sender,1786030654258548849,edge4av-real-20260806-airspan-followup-run-1,c4-rep1-tcp,airspan-followup-70-20-10,guided-planning,tcp,veh-081,veh-081,rsu-1,c4-rep1-tcp-veh-081-313,ipi-session-1,airspan-followup-c4-rep1,veh-081,313,100-clients,default,stationary,unsynced,true,true,payload_bytes,1024,bytes,IPI-CooperativeService,1099,1786030654024854446,1786030480281034256,1786030480281058425,1786030654258548849,233.694,,0.024,173977.490,"CooperativeService{guidedPlanning, status=request, vehicleId=0x7665682d303831, requestedHorizonMs=2500, confidence=100, planning.waypoints=1, offloadTaskId=probe-313, offloadPayload=1024 bytes}"
5g-sender,1786030654702448050,edge4av-real-20260806-airspan-followup-run-1,c4-rep1-tcp,airspan-followup-70-20-10,guided-planning,tcp,veh-081,veh-081,rsu-1,c4-rep1-tcp-veh-081-314,ipi-session-1,airspan-followup-c4-rep1,veh-081,314,100-clients,default,stationary,unsynced,true,true,payload_bytes,1024,bytes,IPI-CooperativeService,1099,1786030654458757595,1786030480721916024,1786030480721956751,1786030654702448050,243.690,,0.041,173980.491,"CooperativeService{guidedPlanning, status=request, vehicleId=0x7665682d303831, requestedHorizonMs=2500, confidence=100, planning.waypoints=1, offloadTaskId=probe-314, offloadPayload=1024 bytes}"
5g-sender,1786030655182566587,edge4av-real-20260806-airspan-followup-run-1,c4-rep1-tcp,airspan-followup-70-20-10,guided-planning,tcp,veh-081,veh-081,rsu-1,c4-rep1-tcp-veh-081-315,ipi-session-1,airspan-followup-c4-rep1,veh-081,315,100-clients,default,stationary,unsynced,true,true,payload_bytes,1024,bytes,IPI-CooperativeService,1099,1786030654902645400,1786030481193045993,1786030481193099355,1786030655182566587,279.921,,0.053,173989.467,"CooperativeService{guidedPlanning, status=request, vehicleId=0x7665682d303831, requestedHorizonMs=2500, confidence=100, planning.waypoints=1, offloadTaskId=probe-315, offloadPayload=1024 bytes}"
5g-sender,1786030655612559629,edge4av-real-20260806-airspan-followup-run-1,c4-rep1-tcp,airspan-followup-70-20-10,guided-planning,tcp,veh-081,veh-081,rsu-1,c4-rep1-tcp-veh-081-316,ipi-session-1,airspan-followup-c4-rep1,veh-081,316,100-clients,default,stationary,unsynced,true,true,payload_bytes,1024,bytes,IPI-CooperativeService,1099,1786030655382728880,1786030481623511958,1786030481623555642,1786030655612559629,229.831,,0.044,173989.004,"CooperativeService{guidedPlanning, status=request, vehicleId=0x7665682d303831, requestedHorizonMs=2500, confidence=100, planning.waypoints=1, offloadTaskId=probe-316, offloadPayload=1024 bytes}"
5g-sender,1786030656112617314,edge4av-real-20260806-airspan-followup-run-1,c4-rep1-tcp,airspan-followup-70-20-10,guided-planning,tcp,veh-081,veh-081,rsu-1,c4-rep1-tcp-veh-081-317,ipi-session-1,airspan-followup-c4-rep1,veh-081,317,100-clients,default,stationary,unsynced,true,true,payload_bytes,1024,bytes,IPI-CooperativeService,1099,1786030655812775971,1786030482124966371,1786030482125041647,1786030656112617314,299.841,,0.075,173987.576,"CooperativeService{guidedPlanning, status=request, vehicleId=0x7665682d303831, requestedHorizonMs=2500, confidence=100, planning.waypoints=1, offloadTaskId=probe-317, offloadPayload=1024 bytes}"
5g-sender,1786030656480533387,edge4av-real-20260806-airspan-followup-run-1,c4-rep1-tcp,airspan-followup-70-20-10,guided-planning,tcp,veh-081,veh-081,rsu-1,c4-rep1-tcp-veh-081-318,ipi-session-1,airspan-followup-c4-rep1,veh-081,318,100-clients,default,stationary,unsynced,true,true,payload_bytes,1024,bytes,IPI-CooperativeService,1099,1786030656312811637,1786030482505061804,1786030482505091474,1786030656480533387,167.722,,0.030,173975.442,"CooperativeService{guidedPlanning, status=request, vehicleId=0x7665682d303831, requestedHorizonMs=2500, confidence=100, planning.waypoints=1, offloadTaskId=probe-318, offloadPayload=1024 bytes}"
5g-sender,1786030656902995271,edge4av-real-20260806-airspan-followup-run-1,c4-rep1-tcp,airspan-followup-70-20-10,guided-planning,tcp,veh-081,veh-081,rsu-1,c4-rep1-tcp-veh-081-319,ipi-session-1,airspan-followup-c4-rep1,veh-081,319,100-clients,default,stationary,unsynced,true,true,payload_bytes,1024,bytes,IPI-CooperativeService,1099,1786030656680694879,1786030482895913034,1786030482895942734,1786030656902995271,222.300,,0.030,174007.053,"CooperativeService{guidedPlanning, status=request, vehicleId=0x7665682d303831, requestedHorizonMs=2500, confidence=100, planning.waypoints=1, offloadTaskId=probe-319, offloadPayload=1024 bytes}"
5g-sender,1786030657352462491,edge4av-real-20260806-airspan-followup-run-1,c4-rep1-tcp,airspan-followup-70-20-10,guided-planning,tcp,veh-081,veh-081,rsu-1,c4-rep1-tcp-veh-081-320,ipi-session-1,airspan-followup-c4-rep1,veh-081,320,100-clients,default,stationary,unsynced,true,true,payload_bytes,1024,bytes,IPI-CooperativeService,1099,1786030657103162145,1786030483356508338,1786030483356564527,1786030657352462491,249.300,,0.056,173995.898,"CooperativeService{guidedPlanning, status=request, vehicleId=0x7665682d303831, requestedHorizonMs=2500, confidence=100, planning.waypoints=1, offloadTaskId=probe-320, offloadPayload=1024 bytes}"
5g-sender,1786030657794586591,edge4av-real-20260806-airspan-followup-run-1,c4-rep1-tcp,airspan-followup-70-20-10,guided-planning,tcp,veh-081,veh-081,rsu-1,c4-rep1-tcp-veh-081-321,ipi-session-1,airspan-followup-c4-rep1,veh-081,321,100-clients,default,stationary,unsynced,true,true,payload_bytes,1024,bytes,IPI-CooperativeService,1099,1786030657552659244,1786030483807526191,1786030483807568333,1786030657794586591,241.927,,0.042,173987.018,"CooperativeService{guidedPlanning, status=request, vehicleId=0x7665682d303831, requestedHorizonMs=2500, confidence=100, planning.waypoints=1, offloadTaskId=probe-321, offloadPayload=1024 bytes}"
5g-sender,1786030658314598893,edge4av-real-20260806-airspan-followup-run-1,c4-rep1-tcp,airspan-followup-70-20-10,guided-planning,tcp,veh-081,veh-081,rsu-1,c4-rep1-tcp-veh-081-322,ipi-session-1,airspan-followup-c4-rep1,veh-081,322,100-clients,default,stationary,unsynced,true,true,payload_bytes,1024,bytes,IPI-CooperativeService,1099,1786030657994754721,1786030484318392250,1786030484318463330,1786030658314598893,319.844,,0.071,173996.136,"CooperativeService{guidedPlanning, status=request, vehicleId=0x7665682d303831, requestedHorizonMs=2500, confidence=100, planning.waypoints=1, offloadTaskId=probe-322, offloadPayload=1024 bytes}"
5g-sender,1786030658728517892,edge4av-real-20260806-airspan-followup-run-1,c4-rep1-tcp,airspan-followup-70-20-10,guided-planning,tcp,veh-081,veh-081,rsu-1,c4-rep1-tcp-veh-081-323,ipi-session-1,airspan-followup-c4-rep1,veh-081,323,100-clients,default,stationary,unsynced,true,true,payload_bytes,1024,bytes,IPI-CooperativeService,1099,1786030658514771706,1786030484748904675,1786030484748938123,1786030658728517892,213.746,,0.033,173979.580,"CooperativeService{guidedPlanning, status=request, vehicleId=0x7665682d303831, requestedHorizonMs=2500, confidence=100, planning.waypoints=1, offloadTaskId=probe-323, offloadPayload=1024 bytes}"
5g-sender,1786030659524578993,edge4av-real-20260806-airspan-followup-run-1,c4-rep1-tcp,airspan-followup-70-20-10,guided-planning,tcp,veh-081,veh-081,rsu-1,c4-rep1-tcp-veh-081-324,ipi-session-1,airspan-followup-c4-rep1,veh-081,324,100-clients,default,stationary,unsynced,true,true,payload_bytes,1024,bytes,IPI-CooperativeService,1099,1786030658928749415,1786030485541014436,1786030485541065872,1786030659524578993,595.830,,0.051,173983.513,"CooperativeService{guidedPlanning, status=request, vehicleId=0x7665682d303831, requestedHorizonMs=2500, confidence=100, planning.waypoints=1, offloadTaskId=probe-324, offloadPayload=1024 bytes}"
5g-sender,1786030659940724706,edge4av-real-20260806-airspan-followup-run-1,c4-rep1-tcp,airspan-followup-70-20-10,guided-planning,tcp,veh-081,veh-081,rsu-1,c4-rep1-tcp-veh-081-325,ipi-session-1,airspan-followup-c4-rep1,veh-081,325,100-clients,default,stationary,unsynced,true,true,payload_bytes,1024,bytes,IPI-CooperativeService,1099,1786030659724788726,1786030485951197575,1786030485951249163,1786030659940724706,215.936,,0.052,173989.476,"CooperativeService{guidedPlanning, status=request, vehicleId=0x7665682d303831, requestedHorizonMs=2500, confidence=100, planning.waypoints=1, offloadTaskId=probe-325, offloadPayload=1024 bytes}"
5g-sender,1786030660380378264,edge4av-real-20260806-airspan-followup-run-1,c4-rep1-tcp,airspan-followup-70-20-10,guided-planning,tcp,veh-081,veh-081,rsu-1,c4-rep1-tcp-veh-081-326,ipi-session-1,airspan-followup-c4-rep1,veh-081,326,100-clients,default,stationary,unsynced,true,true,payload_bytes,1024,bytes,IPI-CooperativeService,1099,1786030660141143567,1786030486391731514,1786030486391803507,1786030660380378264,239.235,,0.072,173988.575,"CooperativeService{guidedPlanning, status=request, vehicleId=0x7665682d303831, requestedHorizonMs=2500, confidence=100, planning.waypoints=1, offloadTaskId=probe-326, offloadPayload=1024 bytes}"
5g-sender,1786030660788567661,edge4av-real-20260806-airspan-followup-run-1,c4-rep1-tcp,airspan-followup-70-20-10,guided-planning,tcp,veh-081,veh-081,rsu-1,c4-rep1-tcp-veh-081-327,ipi-session-1,airspan-followup-c4-rep1,veh-081,327,100-clients,default,stationary,unsynced,true,true,payload_bytes,1024,bytes,IPI-CooperativeService,1099,1786030660580581131,1786030486792665423,1786030486792721149,1786030660788567661,207.987,,0.056,173995.847,"CooperativeService{guidedPlanning, status=request, vehicleId=0x7665682d303831, requestedHorizonMs=2500, confidence=100, planning.waypoints=1, offloadTaskId=probe-327, offloadPayload=1024 bytes}"
5g-sender,1786030661178586223,edge4av-real-20260806-airspan-followup-run-1,c4-rep1-tcp,airspan-followup-70-20-10,guided-planning,tcp,veh-081,veh-081,rsu-1,c4-rep1-tcp-veh-081-328,ipi-session-1,airspan-followup-c4-rep1,veh-081,328,100-clients,default,stationary,unsynced,true,true,payload_bytes,1024,bytes,IPI-CooperativeService,1099,1786030660988743828,1786030487193089762,1786030487193142840,1786030661178586223,189.842,,0.053,173985.443,"CooperativeService{guidedPlanning, status=request, vehicleId=0x7665682d303831, requestedHorizonMs=2500, confidence=100, planning.waypoints=1, offloadTaskId=probe-328, offloadPayload=1024 bytes}"
5g-sender,1786030661610377992,edge4av-real-20260806-airspan-followup-run-1,c4-rep1-tcp,airspan-followup-70-20-10,guided-planning,tcp,veh-081,veh-081,rsu-1,c4-rep1-tcp-veh-081-329,ipi-session-1,airspan-followup-c4-rep1,veh-081,329,100-clients,default,stationary,unsynced,true,true,payload_bytes,1024,bytes,IPI-CooperativeService,1099,1786030661378764064,1786030487613907474,1786030487613940916,1786030661610377992,231.614,,0.033,173996.437,"CooperativeService{guidedPlanning, status=request, vehicleId=0x7665682d303831, requestedHorizonMs=2500, confidence=100, planning.waypoints=1, offloadTaskId=probe-329, offloadPayload=1024 bytes}"
5g-sender,1786030662014386131,edge4av-real-20260806-airspan-followup-run-1,c4-rep1-tcp,airspan-followup-70-20-10,guided-planning,tcp,veh-081,veh-081,rsu-1,c4-rep1-tcp-veh-081-330,ipi-session-1,airspan-followup-c4-rep1,veh-081,330,100-clients,default,stationary,unsynced,true,true,payload_bytes,1024,bytes,IPI-CooperativeService,1099,1786030661810631710,1786030488024573183,1786030488024665141,1786030662014386131,203.754,,0.092,173989.721,"CooperativeService{guidedPlanning, status=request, vehicleId=0x7665682d303831, requestedHorizonMs=2500, confidence=100, planning.waypoints=1, offloadTaskId=probe-330, offloadPayload=1024 bytes}"
5g-sender,1786030662406536952,edge4av-real-20260806-airspan-followup-run-1,c4-rep1-tcp,airspan-followup-70-20-10,guided-planning,tcp,veh-081,veh-081,rsu-1,c4-rep1-tcp-veh-081-331,ipi-session-1,airspan-followup-c4-rep1,veh-081,331,100-clients,default,stationary,unsynced,true,true,payload_bytes,1024,bytes,IPI-CooperativeService,1099,1786030662214781993,1786030488425472819,1786030488425506156,1786030662406536952,191.755,,0.033,173981.031,"CooperativeService{guidedPlanning, status=request, vehicleId=0x7665682d303831, requestedHorizonMs=2500, confidence=100, planning.waypoints=1, offloadTaskId=probe-331, offloadPayload=1024 bytes}"
5g-sender,1786030662903840011,edge4av-real-20260806-airspan-followup-run-1,c4-rep1-tcp,airspan-followup-70-20-10,guided-planning,tcp,veh-081,veh-081,rsu-1,c4-rep1-tcp-veh-081-332,ipi-session-1,airspan-followup-c4-rep1,veh-081,332,100-clients,default,stationary,unsynced,true,true,payload_bytes,1024,bytes,IPI-CooperativeService,1099,1786030662606717041,1786030488876010248,1786030488876052846,1786030662903840011,297.123,,0.043,174027.787,"CooperativeService{guidedPlanning, status=request, vehicleId=0x7665682d303831, requestedHorizonMs=2500, confidence=100, planning.waypoints=1, offloadTaskId=probe-332, offloadPayload=1024 bytes}"
5g-sender,1786030663394678738,edge4av-real-20260806-airspan-followup-run-1,c4-rep1-tcp,airspan-followup-70-20-10,guided-planning,tcp,veh-081,veh-081,rsu-1,c4-rep1-tcp-veh-081-333,ipi-session-1,airspan-followup-c4-rep1,veh-081,333,100-clients,default,stationary,unsynced,true,true,payload_bytes,1024,bytes,IPI-CooperativeService,1099,1786030663104054008,1786030489396863451,1786030489396917963,1786030663394678738,290.625,,0.055,173997.761,"CooperativeService{guidedPlanning, status=request, vehicleId=0x7665682d303831, requestedHorizonMs=2500, confidence=100, planning.waypoints=1, offloadTaskId=probe-333, offloadPayload=1024 bytes}"
5g-sender,1786030663874522491,edge4av-real-20260806-airspan-followup-run-1,c4-rep1-tcp,airspan-followup-70-20-10,guided-planning,tcp,veh-081,veh-081,rsu-1,c4-rep1-tcp-veh-081-334,ipi-session-1,airspan-followup-c4-rep1,veh-081,334,100-clients,default,stationary,unsynced,true,true,payload_bytes,1024,bytes,IPI-CooperativeService,1099,1786030663594859750,1786030489877670841,1786030489877712985,1786030663874522491,279.663,,0.042,173996.810,"CooperativeService{guidedPlanning, status=request, vehicleId=0x7665682d303831, requestedHorizonMs=2500, confidence=100, planning.waypoints=1, offloadTaskId=probe-334, offloadPayload=1024 bytes}"
5g-sender,1786030664294565747,edge4av-real-20260806-airspan-followup-run-1,c4-rep1-tcp,airspan-followup-70-20-10,guided-planning,tcp,veh-081,veh-081,rsu-1,c4-rep1-tcp-veh-081-335,ipi-session-1,airspan-followup-c4-rep1,veh-081,335,100-clients,default,stationary,unsynced,true,true,payload_bytes,1024,bytes,IPI-CooperativeService,1099,1786030664074765419,1786030490298682666,1786030490298738689,1786030664294565747,219.800,,0.056,173995.827,"CooperativeService{guidedPlanning, status=request, vehicleId=0x7665682d303831, requestedHorizonMs=2500, confidence=100, planning.waypoints=1, offloadTaskId=probe-335, offloadPayload=1024 bytes}"
5g-sender,1786030664714528493,edge4av-real-20260806-airspan-followup-run-1,c4-rep1-tcp,airspan-followup-70-20-10,guided-planning,tcp,veh-081,veh-081,rsu-1,c4-rep1-tcp-veh-081-336,ipi-session-1,airspan-followup-c4-rep1,veh-081,336,100-clients,default,stationary,unsynced,true,true,payload_bytes,1024,bytes,IPI-CooperativeService,1099,1786030664494770041,1786030490729208571,1786030490729261450,1786030664714528493,219.758,,0.053,173985.267,"CooperativeService{guidedPlanning, status=request, vehicleId=0x7665682d303831, requestedHorizonMs=2500, confidence=100, planning.waypoints=1, offloadTaskId=probe-336, offloadPayload=1024 bytes}"
5g-sender,1786030665214378424,edge4av-real-20260806-airspan-followup-run-1,c4-rep1-tcp,airspan-followup-70-20-10,guided-planning,tcp,veh-081,veh-081,rsu-1,c4-rep1-tcp-veh-081-337,ipi-session-1,airspan-followup-c4-rep1,veh-081,337,100-clients,default,stationary,unsynced,true,true,payload_bytes,1024,bytes,IPI-CooperativeService,1099,1786030664914737364,1786030491240419798,1786030491240471471,1786030665214378424,299.641,,0.052,173973.907,"CooperativeService{guidedPlanning, status=request, vehicleId=0x7665682d303831, requestedHorizonMs=2500, confidence=100, planning.waypoints=1, offloadTaskId=probe-337, offloadPayload=1024 bytes}"
5g-sender,1786030665662620081,edge4av-real-20260806-airspan-followup-run-1,c4-rep1-tcp,airspan-followup-70-20-10,guided-planning,tcp,veh-081,veh-081,rsu-1,c4-rep1-tcp-veh-081-338,ipi-session-1,airspan-followup-c4-rep1,veh-081,338,100-clients,default,stationary,unsynced,true,true,payload_bytes,1024,bytes,IPI-CooperativeService,1099,1786030665414573695,1786030491680989747,1786030491681039168,1786030665662620081,248.046,,0.049,173981.581,"CooperativeService{guidedPlanning, status=request, vehicleId=0x7665682d303831, requestedHorizonMs=2500, confidence=100, planning.waypoints=1, offloadTaskId=probe-338, offloadPayload=1024 bytes}"
5g-sender,1786030666090649666,edge4av-real-20260806-airspan-followup-run-1,c4-rep1-tcp,airspan-followup-70-20-10,guided-planning,tcp,veh-081,veh-081,rsu-1,c4-rep1-tcp-veh-081-339,ipi-session-1,airspan-followup-c4-rep1,veh-081,339,100-clients,default,stationary,unsynced,true,true,payload_bytes,1024,bytes,IPI-CooperativeService,1099,1786030665862864282,1786030492091541262,1786030492091583438,1786030666090649666,227.785,,0.042,173999.066,"CooperativeService{guidedPlanning, status=request, vehicleId=0x7665682d303831, requestedHorizonMs=2500, confidence=100, planning.waypoints=1, offloadTaskId=probe-339, offloadPayload=1024 bytes}"
5g-sender,1786030666530347934,edge4av-real-20260806-airspan-followup-run-1,c4-rep1-tcp,airspan-followup-70-20-10,guided-planning,tcp,veh-081,veh-081,rsu-1,c4-rep1-tcp-veh-081-340,ipi-session-1,airspan-followup-c4-rep1,veh-081,340,100-clients,default,stationary,unsynced,true,true,payload_bytes,1024,bytes,IPI-CooperativeService,1099,1786030666290835643,1786030492512326030,1786030492512369493,1786030666530347934,239.512,,0.043,174017.978,"CooperativeService{guidedPlanning, status=request, vehicleId=0x7665682d303831, requestedHorizonMs=2500, confidence=100, planning.waypoints=1, offloadTaskId=probe-340, offloadPayload=1024 bytes}"
5g-sender,1786030666980516281,edge4av-real-20260806-airspan-followup-run-1,c4-rep1-tcp,airspan-followup-70-20-10,guided-planning,tcp,veh-081,veh-081,rsu-1,c4-rep1-tcp-veh-081-341,ipi-session-1,airspan-followup-c4-rep1,veh-081,341,100-clients,default,stationary,unsynced,true,true,payload_bytes,1024,bytes,IPI-CooperativeService,1099,1786030666730544111,1786030492983290690,1786030492983331705,1786030666980516281,249.972,,0.041,173997.185,"CooperativeService{guidedPlanning, status=request, vehicleId=0x7665682d303831, requestedHorizonMs=2500, confidence=100, planning.waypoints=1, offloadTaskId=probe-341, offloadPayload=1024 bytes}"
5g-sender,1786030667440624290,edge4av-real-20260806-airspan-followup-run-1,c4-rep1-tcp,airspan-followup-70-20-10,guided-planning,tcp,veh-081,veh-081,rsu-1,c4-rep1-tcp-veh-081-342,ipi-session-1,airspan-followup-c4-rep1,veh-081,342,100-clients,default,stationary,unsynced,true,true,payload_bytes,1024,bytes,IPI-CooperativeService,1099,1786030667180728359,1786030493434066599,1786030493434112975,1786030667440624290,259.896,,0.046,174006.511,"CooperativeService{guidedPlanning, status=request, vehicleId=0x7665682d303831, requestedHorizonMs=2500, confidence=100, planning.waypoints=1, offloadTaskId=probe-342, offloadPayload=1024 bytes}"
5g-sender,1786030667890599076,edge4av-real-20260806-airspan-followup-run-1,c4-rep1-tcp,airspan-followup-70-20-10,guided-planning,tcp,veh-081,veh-081,rsu-1,c4-rep1-tcp-veh-081-343,ipi-session-1,airspan-followup-c4-rep1,veh-081,343,100-clients,default,stationary,unsynced,true,true,payload_bytes,1024,bytes,IPI-CooperativeService,1099,1786030667640884264,1786030493894799340,1786030493894821198,1786030667890599076,249.715,,0.022,173995.778,"CooperativeService{guidedPlanning, status=request, vehicleId=0x7665682d303831, requestedHorizonMs=2500, confidence=100, planning.waypoints=1, offloadTaskId=probe-343, offloadPayload=1024 bytes}"
5g-sender,1786030668310549311,edge4av-real-20260806-airspan-followup-run-1,c4-rep1-tcp,airspan-followup-70-20-10,guided-planning,tcp,veh-081,veh-081,rsu-1,c4-rep1-tcp-veh-081-344,ipi-session-1,airspan-followup-c4-rep1,veh-081,344,100-clients,default,stationary,unsynced,true,true,payload_bytes,1024,bytes,IPI-CooperativeService,1099,1786030668090768526,1786030494315525466,1786030494315568220,1786030668310549311,219.781,,0.043,173994.981,"CooperativeService{guidedPlanning, status=request, vehicleId=0x7665682d303831, requestedHorizonMs=2500, confidence=100, planning.waypoints=1, offloadTaskId=probe-344, offloadPayload=1024 bytes}"
5g-sender,1786030668863846917,edge4av-real-20260806-airspan-followup-run-1,c4-rep1-tcp,airspan-followup-70-20-10,guided-planning,tcp,veh-081,veh-081,rsu-1,c4-rep1-tcp-veh-081-345,ipi-session-1,airspan-followup-c4-rep1,veh-081,345,100-clients,default,stationary,unsynced,true,true,payload_bytes,1024,bytes,IPI-CooperativeService,1099,1786030668510720919,1786030494836285665,1786030494836328673,1786030668863846917,353.126,,0.043,174027.518,"CooperativeService{guidedPlanning, status=request, vehicleId=0x7665682d303831, requestedHorizonMs=2500, confidence=100, planning.waypoints=1, offloadTaskId=probe-345, offloadPayload=1024 bytes}"
5g-sender,1786030669322505357,edge4av-real-20260806-airspan-followup-run-1,c4-rep1-tcp,airspan-followup-70-20-10,guided-planning,tcp,veh-081,veh-081,rsu-1,c4-rep1-tcp-veh-081-346,ipi-session-1,airspan-followup-c4-rep1,veh-081,346,100-clients,default,stationary,unsynced,true,true,payload_bytes,1024,bytes,IPI-CooperativeService,1099,1786030669064027928,1786030495337221612,1786030495337272717,1786030669322505357,258.477,,0.051,173985.233,"CooperativeService{guidedPlanning, status=request, vehicleId=0x7665682d303831, requestedHorizonMs=2500, confidence=100, planning.waypoints=1, offloadTaskId=probe-346, offloadPayload=1024 bytes}"
5g-sender,1786030669814699837,edge4av-real-20260806-airspan-followup-run-1,c4-rep1-tcp,airspan-followup-70-20-10,guided-planning,tcp,veh-081,veh-081,rsu-1,c4-rep1-tcp-veh-081-347,ipi-session-1,airspan-followup-c4-rep1,veh-081,347,100-clients,default,stationary,unsynced,true,true,payload_bytes,1024,bytes,IPI-CooperativeService,1099,1786030669522679788,1786030495807949078,1786030495808000404,1786030669814699837,292.020,,0.051,174006.699,"CooperativeService{guidedPlanning, status=request, vehicleId=0x7665682d303831, requestedHorizonMs=2500, confidence=100, planning.waypoints=1, offloadTaskId=probe-347, offloadPayload=1024 bytes}"
5g-sender,1786030670184622163,edge4av-real-20260806-airspan-followup-run-1,c4-rep1-tcp,airspan-followup-70-20-10,guided-planning,tcp,veh-081,veh-081,rsu-1,c4-rep1-tcp-veh-081-348,ipi-session-1,airspan-followup-c4-rep1,veh-081,348,100-clients,default,stationary,unsynced,true,true,payload_bytes,1024,bytes,IPI-CooperativeService,1099,1786030670014896897,1786030496188525667,1786030496188565991,1786030670184622163,169.725,,0.040,173996.056,"CooperativeService{guidedPlanning, status=request, vehicleId=0x7665682d303831, requestedHorizonMs=2500, confidence=100, planning.waypoints=1, offloadTaskId=probe-348, offloadPayload=1024 bytes}"
5g-sender,1786030670604533502,edge4av-real-20260806-airspan-followup-run-1,c4-rep1-tcp,airspan-followup-70-20-10,guided-planning,tcp,veh-081,veh-081,rsu-1,c4-rep1-tcp-veh-081-349,ipi-session-1,airspan-followup-c4-rep1,veh-081,349,100-clients,default,stationary,unsynced,true,true,payload_bytes,1024,bytes,IPI-CooperativeService,1099,1786030670384803924,1786030496629669123,1786030496629723789,1786030670604533502,219.730,,0.055,173974.810,"CooperativeService{guidedPlanning, status=request, vehicleId=0x7665682d303831, requestedHorizonMs=2500, confidence=100, planning.waypoints=1, offloadTaskId=probe-349, offloadPayload=1024 bytes}"
5g-sender,1786030671054575563,edge4av-real-20260806-airspan-followup-run-1,c4-rep1-tcp,airspan-followup-70-20-10,guided-planning,tcp,veh-081,veh-081,rsu-1,c4-rep1-tcp-veh-081-350,ipi-session-1,airspan-followup-c4-rep1,veh-081,350,100-clients,default,stationary,unsynced,true,true,payload_bytes,1024,bytes,IPI-CooperativeService,1099,1786030670804736987,1786030497070352944,1786030497070403757,1786030671054575563,249.839,,0.051,173984.172,"CooperativeService{guidedPlanning, status=request, vehicleId=0x7665682d303831, requestedHorizonMs=2500, confidence=100, planning.waypoints=1, offloadTaskId=probe-350, offloadPayload=1024 bytes}"
5g-sender,1786030671526542150,edge4av-real-20260806-airspan-followup-run-1,c4-rep1-tcp,airspan-followup-70-20-10,guided-planning,tcp,veh-081,veh-081,rsu-1,c4-rep1-tcp-veh-081-351,ipi-session-1,airspan-followup-c4-rep1,veh-081,351,100-clients,default,stationary,unsynced,true,true,payload_bytes,1024,bytes,IPI-CooperativeService,1099,1786030671254869127,1786030497551155017,1786030497551207666,1786030671526542150,271.673,,0.053,173975.334,"CooperativeService{guidedPlanning, status=request, vehicleId=0x7665682d303831, requestedHorizonMs=2500, confidence=100, planning.waypoints=1, offloadTaskId=probe-351, offloadPayload=1024 bytes}"
5g-sender,1786030671910740050,edge4av-real-20260806-airspan-followup-run-1,c4-rep1-tcp,airspan-followup-70-20-10,guided-planning,tcp,veh-081,veh-081,rsu-1,c4-rep1-tcp-veh-081-352,ipi-session-1,airspan-followup-c4-rep1,veh-081,352,100-clients,default,stationary,unsynced,true,true,payload_bytes,1024,bytes,IPI-CooperativeService,1099,1786030671726742162,1786030497921659339,1786030497921683768,1786030671910740050,183.998,,0.024,173989.056,"CooperativeService{guidedPlanning, status=request, vehicleId=0x7665682d303831, requestedHorizonMs=2500, confidence=100, planning.waypoints=1, offloadTaskId=probe-352, offloadPayload=1024 bytes}"
5g-sender,1786030672318559698,edge4av-real-20260806-airspan-followup-run-1,c4-rep1-tcp,airspan-followup-70-20-10,guided-planning,tcp,veh-081,veh-081,rsu-1,c4-rep1-tcp-veh-081-353,ipi-session-1,airspan-followup-c4-rep1,veh-081,353,100-clients,default,stationary,unsynced,true,true,payload_bytes,1024,bytes,IPI-CooperativeService,1099,1786030672110916176,1786030498332530396,1786030498332573365,1786030672318559698,207.644,,0.043,173985.986,"CooperativeService{guidedPlanning, status=request, vehicleId=0x7665682d303831, requestedHorizonMs=2500, confidence=100, planning.waypoints=1, offloadTaskId=probe-353, offloadPayload=1024 bytes}"
5g-sender,1786030672812564774,edge4av-real-20260806-airspan-followup-run-1,c4-rep1-tcp,airspan-followup-70-20-10,guided-planning,tcp,veh-081,veh-081,rsu-1,c4-rep1-tcp-veh-081-354,ipi-session-1,airspan-followup-c4-rep1,veh-081,354,100-clients,default,stationary,unsynced,true,true,payload_bytes,1024,bytes,IPI-CooperativeService,1099,1786030672518744326,1786030498823566027,1786030498823621393,1786030672812564774,293.820,,0.055,173988.943,"CooperativeService{guidedPlanning, status=request, vehicleId=0x7665682d303831, requestedHorizonMs=2500, confidence=100, planning.waypoints=1, offloadTaskId=probe-354, offloadPayload=1024 bytes}"
5g-sender,1786030673194713221,edge4av-real-20260806-airspan-followup-run-1,c4-rep1-tcp,airspan-followup-70-20-10,guided-planning,tcp,veh-081,veh-081,rsu-1,c4-rep1-tcp-veh-081-355,ipi-session-1,airspan-followup-c4-rep1,veh-081,355,100-clients,default,stationary,unsynced,true,true,payload_bytes,1024,bytes,IPI-CooperativeService,1099,1786030673012736779,1786030499184028040,1786030499184080052,1786030673194713221,181.976,,0.052,174010.633,"CooperativeService{guidedPlanning, status=request, vehicleId=0x7665682d303831, requestedHorizonMs=2500, confidence=100, planning.waypoints=1, offloadTaskId=probe-355, offloadPayload=1024 bytes}"
5g-sender,1786030673574528926,edge4av-real-20260806-airspan-followup-run-1,c4-rep1-tcp,airspan-followup-70-20-10,guided-planning,tcp,veh-081,veh-081,rsu-1,c4-rep1-tcp-veh-081-356,ipi-session-1,airspan-followup-c4-rep1,veh-081,356,100-clients,default,stationary,unsynced,true,true,payload_bytes,1024,bytes,IPI-CooperativeService,1099,1786030673395048771,1786030499594604043,1786030499594627640,1786030673574528926,179.480,,0.024,173979.901,"CooperativeService{guidedPlanning, status=request, vehicleId=0x7665682d303831, requestedHorizonMs=2500, confidence=100, planning.waypoints=1, offloadTaskId=probe-356, offloadPayload=1024 bytes}"
5g-sender,1786030673910627721,edge4av-real-20260806-airspan-followup-run-1,c4-rep1-tcp,airspan-followup-70-20-10,guided-planning,tcp,veh-081,veh-081,rsu-1,c4-rep1-tcp-veh-081-357,ipi-session-1,airspan-followup-c4-rep1,veh-081,357,100-clients,default,stationary,unsynced,true,true,payload_bytes,1024,bytes,IPI-CooperativeService,1099,1786030673774685649,1786030499935302310,1786030499935359695,1786030673910627721,135.942,,0.057,173975.268,"CooperativeService{guidedPlanning, status=request, vehicleId=0x7665682d303831, requestedHorizonMs=2500, confidence=100, planning.waypoints=1, offloadTaskId=probe-357, offloadPayload=1024 bytes}"
5g-sender,1786030674320550270,edge4av-real-20260806-airspan-followup-run-1,c4-rep1-tcp,airspan-followup-70-20-10,guided-planning,tcp,veh-081,veh-081,rsu-1,c4-rep1-tcp-veh-081-358,ipi-session-1,airspan-followup-c4-rep1,veh-081,358,100-clients,default,stationary,unsynced,true,true,payload_bytes,1024,bytes,IPI-CooperativeService,1099,1786030674110788107,1786030500325923335,1786030500325966852,1786030674320550270,209.762,,0.044,173994.583,"CooperativeService{guidedPlanning, status=request, vehicleId=0x7665682d303831, requestedHorizonMs=2500, confidence=100, planning.waypoints=1, offloadTaskId=probe-358, offloadPayload=1024 bytes}"
5g-sender,1786030674719083164,edge4av-real-20260806-airspan-followup-run-1,c4-rep1-tcp,airspan-followup-70-20-10,guided-planning,tcp,veh-081,veh-081,rsu-1,c4-rep1-tcp-veh-081-359,ipi-session-1,airspan-followup-c4-rep1,veh-081,359,100-clients,default,stationary,unsynced,true,true,payload_bytes,1024,bytes,IPI-CooperativeService,1099,1786030674520773228,1786030500736126866,1786030500736157755,1786030674719083164,198.310,,0.031,173982.925,"CooperativeService{guidedPlanning, status=request, vehicleId=0x7665682d303831, requestedHorizonMs=2500, confidence=100, planning.waypoints=1, offloadTaskId=probe-359, offloadPayload=1024 bytes}"
5g-sender,1786030675224482119,edge4av-real-20260806-airspan-followup-run-1,c4-rep1-tcp,airspan-followup-70-20-10,guided-planning,tcp,veh-081,veh-081,rsu-1,c4-rep1-tcp-veh-081-360,ipi-session-1,airspan-followup-c4-rep1,veh-081,360,100-clients,default,stationary,unsynced,true,true,payload_bytes,1024,bytes,IPI-CooperativeService,1099,1786030674919269015,1786030501226980880,1786030501227013413,1786030675224482119,305.213,,0.033,173997.469,"CooperativeService{guidedPlanning, status=request, vehicleId=0x7665682d303831, requestedHorizonMs=2500, confidence=100, planning.waypoints=1, offloadTaskId=probe-360, offloadPayload=1024 bytes}"
5g-sender,1786030675620675459,edge4av-real-20260806-airspan-followup-run-1,c4-rep1-tcp,airspan-followup-70-20-10,guided-planning,tcp,veh-081,veh-081,rsu-1,c4-rep1-tcp-veh-081-361,ipi-session-1,airspan-followup-c4-rep1,veh-081,361,100-clients,default,stationary,unsynced,true,true,payload_bytes,1024,bytes,IPI-CooperativeService,1099,1786030675424668306,1786030501637810008,1786030501637851208,1786030675620675459,196.007,,0.041,173982.824,"CooperativeService{guidedPlanning, status=request, vehicleId=0x7665682d303831, requestedHorizonMs=2500, confidence=100, planning.waypoints=1, offloadTaskId=probe-361, offloadPayload=1024 bytes}"
5g-sender,1786030675998532897,edge4av-real-20260806-airspan-followup-run-1,c4-rep1-tcp,airspan-followup-70-20-10,guided-planning,tcp,veh-081,veh-081,rsu-1,c4-rep1-tcp-veh-081-362,ipi-session-1,airspan-followup-c4-rep1,veh-081,362,100-clients,default,stationary,unsynced,true,true,payload_bytes,1024,bytes,IPI-CooperativeService,1099,1786030675820892998,1786030502018671765,1786030502018723792,1786030675998532897,177.640,,0.052,173979.809,"CooperativeService{guidedPlanning, status=request, vehicleId=0x7665682d303831, requestedHorizonMs=2500, confidence=100, planning.waypoints=1, offloadTaskId=probe-362, offloadPayload=1024 bytes}"
5g-sender,1786030676396553320,edge4av-real-20260806-airspan-followup-run-1,c4-rep1-tcp,airspan-followup-70-20-10,guided-planning,tcp,veh-081,veh-081,rsu-1,c4-rep1-tcp-veh-081-363,ipi-session-1,airspan-followup-c4-rep1,veh-081,363,100-clients,default,stationary,unsynced,true,true,payload_bytes,1024,bytes,IPI-CooperativeService,1099,1786030676198771512,1786030502409163257,1786030502409213611,1786030676396553320,197.782,,0.050,173987.340,"CooperativeService{guidedPlanning, status=request, vehicleId=0x7665682d303831, requestedHorizonMs=2500, confidence=100, planning.waypoints=1, offloadTaskId=probe-363, offloadPayload=1024 bytes}"
5g-sender,1786030676796575497,edge4av-real-20260806-airspan-followup-run-1,c4-rep1-tcp,airspan-followup-70-20-10,guided-planning,tcp,veh-081,veh-081,rsu-1,c4-rep1-tcp-veh-081-364,ipi-session-1,airspan-followup-c4-rep1,veh-081,364,100-clients,default,stationary,unsynced,true,true,payload_bytes,1024,bytes,IPI-CooperativeService,1099,1786030676596757608,1786030502790032596,1786030502790084484,1786030676796575497,199.818,,0.052,174006.491,"CooperativeService{guidedPlanning, status=request, vehicleId=0x7665682d303831, requestedHorizonMs=2500, confidence=100, planning.waypoints=1, offloadTaskId=probe-364, offloadPayload=1024 bytes}"
5g-sender,1786030677268441685,edge4av-real-20260806-airspan-followup-run-1,c4-rep1-tcp,airspan-followup-70-20-10,guided-planning,tcp,veh-081,veh-081,rsu-1,c4-rep1-tcp-veh-081-365,ipi-session-1,airspan-followup-c4-rep1,veh-081,365,100-clients,default,stationary,unsynced,true,true,payload_bytes,1024,bytes,IPI-CooperativeService,1099,1786030676996785979,1786030503270990461,1786030503271041674,1786030677268441685,271.656,,0.051,173997.400,"CooperativeService{guidedPlanning, status=request, vehicleId=0x7665682d303831, requestedHorizonMs=2500, confidence=100, planning.waypoints=1, offloadTaskId=probe-365, offloadPayload=1024 bytes}"
5g-sender,1786030677786627533,edge4av-real-20260806-airspan-followup-run-1,c4-rep1-tcp,airspan-followup-70-20-10,guided-planning,tcp,veh-081,veh-081,rsu-1,c4-rep1-tcp-veh-081-366,ipi-session-1,airspan-followup-c4-rep1,veh-081,366,100-clients,default,stationary,unsynced,true,true,payload_bytes,1024,bytes,IPI-CooperativeService,1099,1786030677468604447,1786030503791866679,1786030503791918496,1786030677786627533,318.023,,0.052,173994.709,"CooperativeService{guidedPlanning, status=request, vehicleId=0x7665682d303831, requestedHorizonMs=2500, confidence=100, planning.waypoints=1, offloadTaskId=probe-366, offloadPayload=1024 bytes}"
5g-sender,1786030678195790285,edge4av-real-20260806-airspan-followup-run-1,c4-rep1-tcp,airspan-followup-70-20-10,guided-planning,tcp,veh-081,veh-081,rsu-1,c4-rep1-tcp-veh-081-367,ipi-session-1,airspan-followup-c4-rep1,veh-081,367,100-clients,default,stationary,unsynced,true,true,payload_bytes,1024,bytes,IPI-CooperativeService,1099,1786030677986821394,1786030504212565538,1786030504212634466,1786030678195790285,208.969,,0.069,173983.156,"CooperativeService{guidedPlanning, status=request, vehicleId=0x7665682d303831, requestedHorizonMs=2500, confidence=100, planning.waypoints=1, offloadTaskId=probe-367, offloadPayload=1024 bytes}"
5g-sender,1786030678608462477,edge4av-real-20260806-airspan-followup-run-1,c4-rep1-tcp,airspan-followup-70-20-10,guided-planning,tcp,veh-081,veh-081,rsu-1,c4-rep1-tcp-veh-081-368,ipi-session-1,airspan-followup-c4-rep1,veh-081,368,100-clients,default,stationary,unsynced,true,true,payload_bytes,1024,bytes,IPI-CooperativeService,1099,1786030678396025251,1786030504623163656,1786030504623204847,1786030678608462477,212.437,,0.041,173985.258,"CooperativeService{guidedPlanning, status=request, vehicleId=0x7665682d303831, requestedHorizonMs=2500, confidence=100, planning.waypoints=1, offloadTaskId=probe-368, offloadPayload=1024 bytes}"
5g-sender,1786030679022614039,edge4av-real-20260806-airspan-followup-run-1,c4-rep1-tcp,airspan-followup-70-20-10,guided-planning,tcp,veh-081,veh-081,rsu-1,c4-rep1-tcp-veh-081-369,ipi-session-1,airspan-followup-c4-rep1,veh-081,369,100-clients,default,stationary,unsynced,true,true,payload_bytes,1024,bytes,IPI-CooperativeService,1099,1786030678808713987,1786030505043766660,1786030505043788445,1786030679022614039,213.900,,0.022,173978.826,"CooperativeService{guidedPlanning, status=request, vehicleId=0x7665682d303831, requestedHorizonMs=2500, confidence=100, planning.waypoints=1, offloadTaskId=probe-369, offloadPayload=1024 bytes}"
5g-sender,1786030679462652512,edge4av-real-20260806-airspan-followup-run-1,c4-rep1-tcp,airspan-followup-70-20-10,guided-planning,tcp,veh-081,veh-081,rsu-1,c4-rep1-tcp-veh-081-370,ipi-session-1,airspan-followup-c4-rep1,veh-081,370,100-clients,default,stationary,unsynced,true,true,payload_bytes,1024,bytes,IPI-CooperativeService,1099,1786030679222789218,1786030505474578832,1786030505474598576,1786030679462652512,239.863,,0.020,173988.054,"CooperativeService{guidedPlanning, status=request, vehicleId=0x7665682d303831, requestedHorizonMs=2500, confidence=100, planning.waypoints=1, offloadTaskId=probe-370, offloadPayload=1024 bytes}"
5g-sender,1786030679890458748,edge4av-real-20260806-airspan-followup-run-1,c4-rep1-tcp,airspan-followup-70-20-10,guided-planning,tcp,veh-081,veh-081,rsu-1,c4-rep1-tcp-veh-081-371,ipi-session-1,airspan-followup-c4-rep1,veh-081,371,100-clients,default,stationary,unsynced,true,true,payload_bytes,1024,bytes,IPI-CooperativeService,1099,1786030679662840024,1786030505905177167,1786030505905202739,1786030679890458748,227.619,,0.026,173985.256,"CooperativeService{guidedPlanning, status=request, vehicleId=0x7665682d303831, requestedHorizonMs=2500, confidence=100, planning.waypoints=1, offloadTaskId=probe-371, offloadPayload=1024 bytes}"
5g-sender,1786030680310587437,edge4av-real-20260806-airspan-followup-run-1,c4-rep1-tcp,airspan-followup-70-20-10,guided-planning,tcp,veh-081,veh-081,rsu-1,c4-rep1-tcp-veh-081-372,ipi-session-1,airspan-followup-c4-rep1,veh-081,372,100-clients,default,stationary,unsynced,true,true,payload_bytes,1024,bytes,IPI-CooperativeService,1099,1786030680090697496,1786030506325955937,1786030506326008185,1786030680310587437,219.890,,0.052,173984.579,"CooperativeService{guidedPlanning, status=request, vehicleId=0x7665682d303831, requestedHorizonMs=2500, confidence=100, planning.waypoints=1, offloadTaskId=probe-372, offloadPayload=1024 bytes}"
5g-sender,1786030680754661972,edge4av-real-20260806-airspan-followup-run-1,c4-rep1-tcp,airspan-followup-70-20-10,guided-planning,tcp,veh-081,veh-081,rsu-1,c4-rep1-tcp-veh-081-373,ipi-session-1,airspan-followup-c4-rep1,veh-081,373,100-clients,default,stationary,unsynced,true,true,payload_bytes,1024,bytes,IPI-CooperativeService,1099,1786030680510795436,1786030506766804569,1786030506766861233,1786030680754661972,243.867,,0.057,173987.801,"CooperativeService{guidedPlanning, status=request, vehicleId=0x7665682d303831, requestedHorizonMs=2500, confidence=100, planning.waypoints=1, offloadTaskId=probe-373, offloadPayload=1024 bytes}"
5g-sender,1786030681232510176,edge4av-real-20260806-airspan-followup-run-1,c4-rep1-tcp,airspan-followup-70-20-10,guided-planning,tcp,veh-081,veh-081,rsu-1,c4-rep1-tcp-veh-081-374,ipi-session-1,airspan-followup-c4-rep1,veh-081,374,100-clients,default,stationary,unsynced,true,true,payload_bytes,1024,bytes,IPI-CooperativeService,1099,1786030680954889851,1786030507237432266,1786030507237472961,1786030681232510176,277.620,,0.041,173995.037,"CooperativeService{guidedPlanning, status=request, vehicleId=0x7665682d303831, requestedHorizonMs=2500, confidence=100, planning.waypoints=1, offloadTaskId=probe-374, offloadPayload=1024 bytes}"
5g-sender,1786030681642512605,edge4av-real-20260806-airspan-followup-run-1,c4-rep1-tcp,airspan-followup-70-20-10,guided-planning,tcp,veh-081,veh-081,rsu-1,c4-rep1-tcp-veh-081-375,ipi-session-1,airspan-followup-c4-rep1,veh-081,375,100-clients,default,stationary,unsynced,true,true,payload_bytes,1024,bytes,IPI-CooperativeService,1099,1786030681432755414,1786030507648152178,1786030507648212607,1786030681642512605,209.757,,0.060,173994.300,"CooperativeService{guidedPlanning, status=request, vehicleId=0x7665682d303831, requestedHorizonMs=2500, confidence=100, planning.waypoints=1, offloadTaskId=probe-375, offloadPayload=1024 bytes}"
5g-sender,1786030682108599735,edge4av-real-20260806-airspan-followup-run-1,c4-rep1-tcp,airspan-followup-70-20-10,guided-planning,tcp,veh-081,veh-081,rsu-1,c4-rep1-tcp-veh-081-376,ipi-session-1,airspan-followup-c4-rep1,veh-081,376,100-clients,default,stationary,unsynced,true,true,payload_bytes,1024,bytes,IPI-CooperativeService,1099,1786030681842700194,1786030508128863582,1786030508128886750,1786030682108599735,265.900,,0.023,173979.713,"CooperativeService{guidedPlanning, status=request, vehicleId=0x7665682d303831, requestedHorizonMs=2500, confidence=100, planning.waypoints=1, offloadTaskId=probe-376, offloadPayload=1024 bytes}"
5g-sender,1786030682558493790,edge4av-real-20260806-airspan-followup-run-1,c4-rep1-tcp,airspan-followup-70-20-10,guided-planning,tcp,veh-081,veh-081,rsu-1,c4-rep1-tcp-veh-081-377,ipi-session-1,airspan-followup-c4-rep1,veh-081,377,100-clients,default,stationary,unsynced,true,true,payload_bytes,1024,bytes,IPI-CooperativeService,1099,1786030682308774244,1786030508569964939,1786030508570013777,1786030682558493790,249.720,,0.049,173988.480,"CooperativeService{guidedPlanning, status=request, vehicleId=0x7665682d303831, requestedHorizonMs=2500, confidence=100, planning.waypoints=1, offloadTaskId=probe-377, offloadPayload=1024 bytes}"
5g-sender,1786030683006619199,edge4av-real-20260806-airspan-followup-run-1,c4-rep1-tcp,airspan-followup-70-20-10,guided-planning,tcp,veh-081,veh-081,rsu-1,c4-rep1-tcp-veh-081-378,ipi-session-1,airspan-followup-c4-rep1,veh-081,378,100-clients,default,stationary,unsynced,true,true,payload_bytes,1024,bytes,IPI-CooperativeService,1099,1786030682758668955,1786030509010388808,1786030509010430784,1786030683006619199,247.950,,0.042,173996.188,"CooperativeService{guidedPlanning, status=request, vehicleId=0x7665682d303831, requestedHorizonMs=2500, confidence=100, planning.waypoints=1, offloadTaskId=probe-378, offloadPayload=1024 bytes}"
5g-sender,1786030683518599242,edge4av-real-20260806-airspan-followup-run-1,c4-rep1-tcp,airspan-followup-70-20-10,guided-planning,tcp,veh-081,veh-081,rsu-1,c4-rep1-tcp-veh-081-379,ipi-session-1,airspan-followup-c4-rep1,veh-081,379,100-clients,default,stationary,unsynced,true,true,payload_bytes,1024,bytes,IPI-CooperativeService,1099,1786030683206784455,1786030509521210453,1786030509521237703,1786030683518599242,311.815,,0.027,173997.362,"CooperativeService{guidedPlanning, status=request, vehicleId=0x7665682d303831, requestedHorizonMs=2500, confidence=100, planning.waypoints=1, offloadTaskId=probe-379, offloadPayload=1024 bytes}"
5g-sender,1786030683936572699,edge4av-real-20260806-airspan-followup-run-1,c4-rep1-tcp,airspan-followup-70-20-10,guided-planning,tcp,veh-081,veh-081,rsu-1,c4-rep1-tcp-veh-081-380,ipi-session-1,airspan-followup-c4-rep1,veh-081,380,100-clients,default,stationary,unsynced,true,true,payload_bytes,1024,bytes,IPI-CooperativeService,1099,1786030683718805708,1786030509952093058,1786030509952121583,1786030683936572699,217.767,,0.029,173984.451,"CooperativeService{guidedPlanning, status=request, vehicleId=0x7665682d303831, requestedHorizonMs=2500, confidence=100, planning.waypoints=1, offloadTaskId=probe-380, offloadPayload=1024 bytes}"
5g-sender,1786030684320676870,edge4av-real-20260806-airspan-followup-run-1,c4-rep1-tcp,airspan-followup-70-20-10,guided-planning,tcp,veh-081,veh-081,rsu-1,c4-rep1-tcp-veh-081-381,ipi-session-1,airspan-followup-c4-rep1,veh-081,381,100-clients,default,stationary,unsynced,true,true,payload_bytes,1024,bytes,IPI-CooperativeService,1099,1786030684136702141,1786030510332641063,1786030510332670216,1786030684320676870,183.975,,0.029,173988.007,"CooperativeService{guidedPlanning, status=request, vehicleId=0x7665682d303831, requestedHorizonMs=2500, confidence=100, planning.waypoints=1, offloadTaskId=probe-381, offloadPayload=1024 bytes}"
5g-sender,1786030684728712530,edge4av-real-20260806-airspan-followup-run-1,c4-rep1-tcp,airspan-followup-70-20-10,guided-planning,tcp,veh-081,veh-081,rsu-1,c4-rep1-tcp-veh-081-382,ipi-session-1,airspan-followup-c4-rep1,veh-081,382,100-clients,default,stationary,unsynced,true,true,payload_bytes,1024,bytes,IPI-CooperativeService,1099,1786030684520961033,1786030510753274608,1786030510753316016,1786030684728712530,207.751,,0.041,173975.397,"CooperativeService{guidedPlanning, status=request, vehicleId=0x7665682d303831, requestedHorizonMs=2500, confidence=100, planning.waypoints=1, offloadTaskId=probe-382, offloadPayload=1024 bytes}"
5g-sender,1786030685324532980,edge4av-real-20260806-airspan-followup-run-1,c4-rep1-tcp,airspan-followup-70-20-10,guided-planning,tcp,veh-081,veh-081,rsu-1,c4-rep1-tcp-veh-081-383,ipi-session-1,airspan-followup-c4-rep1,veh-081,383,100-clients,default,stationary,unsynced,true,true,payload_bytes,1024,bytes,IPI-CooperativeService,1099,1786030684928920426,1786030511334356943,1786030511334415397,1786030685324532980,395.613,,0.058,173990.118,"CooperativeService{guidedPlanning, status=request, vehicleId=0x7665682d303831, requestedHorizonMs=2500, confidence=100, planning.waypoints=1, offloadTaskId=probe-383, offloadPayload=1024 bytes}"
5g-sender,1786030685818855769,edge4av-real-20260806-airspan-followup-run-1,c4-rep1-tcp,airspan-followup-70-20-10,guided-planning,tcp,veh-081,veh-081,rsu-1,c4-rep1-tcp-veh-081-384,ipi-session-1,airspan-followup-c4-rep1,veh-081,384,100-clients,default,stationary,unsynced,true,true,payload_bytes,1024,bytes,IPI-CooperativeService,1099,1786030685525641766,1786030511825229346,1786030511825263859,1786030685818855769,293.214,,0.035,173993.592,"CooperativeService{guidedPlanning, status=request, vehicleId=0x7665682d303831, requestedHorizonMs=2500, confidence=100, planning.waypoints=1, offloadTaskId=probe-384, offloadPayload=1024 bytes}"
5g-sender,1786030686235118443,edge4av-real-20260806-airspan-followup-run-1,c4-rep1-tcp,airspan-followup-70-20-10,guided-planning,tcp,veh-081,veh-081,rsu-1,c4-rep1-tcp-veh-081-385,ipi-session-1,airspan-followup-c4-rep1,veh-081,385,100-clients,default,stationary,unsynced,true,true,payload_bytes,1024,bytes,IPI-CooperativeService,1099,1786030686019086762,1786030512215971282,1786030512216028425,1786030686235118443,216.032,,0.057,174019.090,"CooperativeService{guidedPlanning, status=request, vehicleId=0x7665682d303831, requestedHorizonMs=2500, confidence=100, planning.waypoints=1, offloadTaskId=probe-385, offloadPayload=1024 bytes}"
5g-sender,1786030686696521580,edge4av-real-20260806-airspan-followup-run-1,c4-rep1-tcp,airspan-followup-70-20-10,guided-planning,tcp,veh-081,veh-081,rsu-1,c4-rep1-tcp-veh-081-386,ipi-session-1,airspan-followup-c4-rep1,veh-081,386,100-clients,default,stationary,unsynced,true,true,payload_bytes,1024,bytes,IPI-CooperativeService,1099,1786030686435302172,1786030512696446637,1786030512696498323,1786030686696521580,261.219,,0.052,174000.023,"CooperativeService{guidedPlanning, status=request, vehicleId=0x7665682d303831, requestedHorizonMs=2500, confidence=100, planning.waypoints=1, offloadTaskId=probe-386, offloadPayload=1024 bytes}"
5g-sender,1786030687146575251,edge4av-real-20260806-airspan-followup-run-1,c4-rep1-tcp,airspan-followup-70-20-10,guided-planning,tcp,veh-081,veh-081,rsu-1,c4-rep1-tcp-veh-081-387,ipi-session-1,airspan-followup-c4-rep1,veh-081,387,100-clients,default,stationary,unsynced,true,true,payload_bytes,1024,bytes,IPI-CooperativeService,1099,1786030686896685240,1786030513146706047,1786030513146720098,1786030687146575251,249.890,,0.014,173999.855,"CooperativeService{guidedPlanning, status=request, vehicleId=0x7665682d303831, requestedHorizonMs=2500, confidence=100, planning.waypoints=1, offloadTaskId=probe-387, offloadPayload=1024 bytes}"
5g-sender,1786030687632658483,edge4av-real-20260806-airspan-followup-run-1,c4-rep1-tcp,airspan-followup-70-20-10,guided-planning,tcp,veh-081,veh-081,rsu-1,c4-rep1-tcp-veh-081-388,ipi-session-1,airspan-followup-c4-rep1,veh-081,388,100-clients,default,stationary,unsynced,true,true,payload_bytes,1024,bytes,IPI-CooperativeService,1099,1786030687346809054,1786030513617569025,1786030513617613264,1786030687632658483,285.849,,0.044,174015.045,"CooperativeService{guidedPlanning, status=request, vehicleId=0x7665682d303831, requestedHorizonMs=2500, confidence=100, planning.waypoints=1, offloadTaskId=probe-388, offloadPayload=1024 bytes}"
5g-sender,1786030688064648152,edge4av-real-20260806-airspan-followup-run-1,c4-rep1-tcp,airspan-followup-70-20-10,guided-planning,tcp,veh-081,veh-081,rsu-1,c4-rep1-tcp-veh-081-389,ipi-session-1,airspan-followup-c4-rep1,veh-081,389,100-clients,default,stationary,unsynced,true,true,payload_bytes,1024,bytes,IPI-CooperativeService,1099,1786030687832831692,1786030514078375278,1786030514078448224,1786030688064648152,231.816,,0.073,173986.200,"CooperativeService{guidedPlanning, status=request, vehicleId=0x7665682d303831, requestedHorizonMs=2500, confidence=100, planning.waypoints=1, offloadTaskId=probe-389, offloadPayload=1024 bytes}"
5g-sender,1786030688548468795,edge4av-real-20260806-airspan-followup-run-1,c4-rep1-tcp,airspan-followup-70-20-10,guided-planning,tcp,veh-081,veh-081,rsu-1,c4-rep1-tcp-veh-081-390,ipi-session-1,airspan-followup-c4-rep1,veh-081,390,100-clients,default,stationary,unsynced,true,true,payload_bytes,1024,bytes,IPI-CooperativeService,1099,1786030688264816138,1786030514569185128,1786030514569226078,1786030688548468795,283.653,,0.041,173979.243,"CooperativeService{guidedPlanning, status=request, vehicleId=0x7665682d303831, requestedHorizonMs=2500, confidence=100, planning.waypoints=1, offloadTaskId=probe-390, offloadPayload=1024 bytes}"
5g-sender,1786030689036726042,edge4av-real-20260806-airspan-followup-run-1,c4-rep1-tcp,airspan-followup-70-20-10,guided-planning,tcp,veh-081,veh-081,rsu-1,c4-rep1-tcp-veh-081-391,ipi-session-1,airspan-followup-c4-rep1,veh-081,391,100-clients,default,stationary,unsynced,true,true,payload_bytes,1024,bytes,IPI-CooperativeService,1099,1786030688748630827,1786030515049752828,1786030515049804555,1786030689036726042,288.095,,0.052,173986.921,"CooperativeService{guidedPlanning, status=request, vehicleId=0x7665682d303831, requestedHorizonMs=2500, confidence=100, planning.waypoints=1, offloadTaskId=probe-391, offloadPayload=1024 bytes}"
5g-sender,1786030689454700231,edge4av-real-20260806-airspan-followup-run-1,c4-rep1-tcp,airspan-followup-70-20-10,guided-planning,tcp,veh-081,veh-081,rsu-1,c4-rep1-tcp-veh-081-392,ipi-session-1,airspan-followup-c4-rep1,veh-081,392,100-clients,default,stationary,unsynced,true,true,payload_bytes,1024,bytes,IPI-CooperativeService,1099,1786030689236924829,1786030515450250536,1786030515450280772,1786030689454700231,217.775,,0.030,174004.419,"CooperativeService{guidedPlanning, status=request, vehicleId=0x7665682d303831, requestedHorizonMs=2500, confidence=100, planning.waypoints=1, offloadTaskId=probe-392, offloadPayload=1024 bytes}"
5g-sender,1786030689818808702,edge4av-real-20260806-airspan-followup-run-1,c4-rep1-tcp,airspan-followup-70-20-10,guided-planning,tcp,veh-081,veh-081,rsu-1,c4-rep1-tcp-veh-081-393,ipi-session-1,airspan-followup-c4-rep1,veh-081,393,100-clients,default,stationary,unsynced,true,true,payload_bytes,1024,bytes,IPI-CooperativeService,1099,1786030689654831218,1786030515830865268,1786030515830917580,1786030689818808702,163.977,,0.052,173987.891,"CooperativeService{guidedPlanning, status=request, vehicleId=0x7665682d303831, requestedHorizonMs=2500, confidence=100, planning.waypoints=1, offloadTaskId=probe-393, offloadPayload=1024 bytes}"
5g-sender,1786030690234006104,edge4av-real-20260806-airspan-followup-run-1,c4-rep1-tcp,airspan-followup-70-20-10,guided-planning,tcp,veh-081,veh-081,rsu-1,c4-rep1-tcp-veh-081-394,ipi-session-1,airspan-followup-c4-rep1,veh-081,394,100-clients,default,stationary,unsynced,true,true,payload_bytes,1024,bytes,IPI-CooperativeService,1099,1786030690018970204,1786030516231365998,1786030516231417574,1786030690234006104,215.036,,0.052,174002.589,"CooperativeService{guidedPlanning, status=request, vehicleId=0x7665682d303831, requestedHorizonMs=2500, confidence=100, planning.waypoints=1, offloadTaskId=probe-394, offloadPayload=1024 bytes}"
5g-sender,1786030690624521402,edge4av-real-20260806-airspan-followup-run-1,c4-rep1-tcp,airspan-followup-70-20-10,guided-planning,tcp,veh-081,veh-081,rsu-1,c4-rep1-tcp-veh-081-395,ipi-session-1,airspan-followup-c4-rep1,veh-081,395,100-clients,default,stationary,unsynced,true,true,payload_bytes,1024,bytes,IPI-CooperativeService,1099,1786030690434284710,1786030516652008804,1786030516652064911,1786030690624521402,190.237,,0.056,173972.456,"CooperativeService{guidedPlanning, status=request, vehicleId=0x7665682d303831, requestedHorizonMs=2500, confidence=100, planning.waypoints=1, offloadTaskId=probe-395, offloadPayload=1024 bytes}"
5g-sender,1786030690976962341,edge4av-real-20260806-airspan-followup-run-1,c4-rep1-tcp,airspan-followup-70-20-10,guided-planning,tcp,veh-081,veh-081,rsu-1,c4-rep1-tcp-veh-081-396,ipi-session-1,airspan-followup-c4-rep1,veh-081,396,100-clients,default,stationary,unsynced,true,true,payload_bytes,1024,bytes,IPI-CooperativeService,1099,1786030690824742461,1786030516992426995,1786030516992482933,1786030690976962341,152.220,,0.056,173984.479,"CooperativeService{guidedPlanning, status=request, vehicleId=0x7665682d303831, requestedHorizonMs=2500, confidence=100, planning.waypoints=1, offloadTaskId=probe-396, offloadPayload=1024 bytes}"
5g-sender,1786030691428488488,edge4av-real-20260806-airspan-followup-run-1,c4-rep1-tcp,airspan-followup-70-20-10,guided-planning,tcp,veh-081,veh-081,rsu-1,c4-rep1-tcp-veh-081-397,ipi-session-1,airspan-followup-c4-rep1,veh-081,397,100-clients,default,stationary,unsynced,true,true,payload_bytes,1024,bytes,IPI-CooperativeService,1099,1786030691177166547,1786030517443122201,1786030517443174774,1786030691428488488,251.322,,0.053,173985.314,"CooperativeService{guidedPlanning, status=request, vehicleId=0x7665682d303831, requestedHorizonMs=2500, confidence=100, planning.waypoints=1, offloadTaskId=probe-397, offloadPayload=1024 bytes}"
5g-sender,1786030691976081464,edge4av-real-20260806-airspan-followup-run-1,c4-rep1-tcp,airspan-followup-70-20-10,guided-planning,tcp,veh-081,veh-081,rsu-1,c4-rep1-tcp-veh-081-398,ipi-session-1,airspan-followup-c4-rep1,veh-081,398,100-clients,default,stationary,unsynced,true,true,payload_bytes,1024,bytes,IPI-CooperativeService,1099,1786030691628701141,1786030517983772889,1786030517983840208,1786030691976081464,347.380,,0.067,173992.241,"CooperativeService{guidedPlanning, status=request, vehicleId=0x7665682d303831, requestedHorizonMs=2500, confidence=100, planning.waypoints=1, offloadTaskId=probe-398, offloadPayload=1024 bytes}"
5g-sender,1786030692382699447,edge4av-real-20260806-airspan-followup-run-1,c4-rep1-tcp,airspan-followup-70-20-10,guided-planning,tcp,veh-081,veh-081,rsu-1,c4-rep1-tcp-veh-081-399,ipi-session-1,airspan-followup-c4-rep1,veh-081,399,100-clients,default,stationary,unsynced,true,true,payload_bytes,1024,bytes,IPI-CooperativeService,1099,1786030692176260347,1786030518384488966,1786030518384540066,1786030692382699447,206.439,,0.051,173998.159,"CooperativeService{guidedPlanning, status=request, vehicleId=0x7665682d303831, requestedHorizonMs=2500, confidence=100, planning.waypoints=1, offloadTaskId=probe-399, offloadPayload=1024 bytes}"
5g-sender,1786030692744493453,edge4av-real-20260806-airspan-followup-run-1,c4-rep1-tcp,airspan-followup-70-20-10,guided-planning,tcp,veh-081,veh-081,rsu-1,c4-rep1-tcp-veh-081-400,ipi-session-1,airspan-followup-c4-rep1,veh-081,400,100-clients,default,stationary,unsynced,true,true,payload_bytes,1024,bytes,IPI-CooperativeService,1099,1786030692582900630,1786030518755306426,1786030518755376858,1786030692744493453,161.593,,0.070,173989.117,"CooperativeService{guidedPlanning, status=request, vehicleId=0x7665682d303831, requestedHorizonMs=2500, confidence=100, planning.waypoints=1, offloadTaskId=probe-400, offloadPayload=1024 bytes}"
5g-sender,1786030693170701137,edge4av-real-20260806-airspan-followup-run-1,c4-rep1-tcp,airspan-followup-70-20-10,guided-planning,tcp,veh-081,veh-081,rsu-1,c4-rep1-tcp-veh-081-401,ipi-session-1,airspan-followup-c4-rep1,veh-081,401,100-clients,default,stationary,unsynced,true,true,payload_bytes,1024,bytes,IPI-CooperativeService,1099,1786030692944741637,1786030519185196978,1786030519185212208,1786030693170701137,225.959,,0.015,173985.489,"CooperativeService{guidedPlanning, status=request, vehicleId=0x7665682d303831, requestedHorizonMs=2500, confidence=100, planning.waypoints=1, offloadTaskId=probe-401, offloadPayload=1024 bytes}"
5g-sender,1786030693606383082,edge4av-real-20260806-airspan-followup-run-1,c4-rep1-tcp,airspan-followup-70-20-10,guided-planning,tcp,veh-081,veh-081,rsu-1,c4-rep1-tcp-veh-081-402,ipi-session-1,airspan-followup-c4-rep1,veh-081,402,100-clients,default,stationary,unsynced,true,true,payload_bytes,1024,bytes,IPI-CooperativeService,1099,1786030693370873314,1786030519626178387,1786030519626248483,1786030693606383082,235.510,,0.070,173980.135,"CooperativeService{guidedPlanning, status=request, vehicleId=0x7665682d303831, requestedHorizonMs=2500, confidence=100, planning.waypoints=1, offloadTaskId=probe-402, offloadPayload=1024 bytes}"
5g-sender,1786030694056645243,edge4av-real-20260806-airspan-followup-run-1,c4-rep1-tcp,airspan-followup-70-20-10,guided-planning,tcp,veh-081,veh-081,rsu-1,c4-rep1-tcp-veh-081-403,ipi-session-1,airspan-followup-c4-rep1,veh-081,403,100-clients,default,stationary,unsynced,true,true,payload_bytes,1024,bytes,IPI-CooperativeService,1099,1786030693806556389,1786030520046668841,1786030520046721847,1786030694056645243,250.089,,0.053,174009.923,"CooperativeService{guidedPlanning, status=request, vehicleId=0x7665682d303831, requestedHorizonMs=2500, confidence=100, planning.waypoints=1, offloadTaskId=probe-403, offloadPayload=1024 bytes}"
5g-sender,1786030694519103297,edge4av-real-20260806-airspan-followup-run-1,c4-rep1-tcp,airspan-followup-70-20-10,guided-planning,tcp,veh-081,veh-081,rsu-1,c4-rep1-tcp-veh-081-404,ipi-session-1,airspan-followup-c4-rep1,veh-081,404,100-clients,default,stationary,unsynced,true,true,payload_bytes,1024,bytes,IPI-CooperativeService,1099,1786030694256834789,1786030520497123833,1786030520497141545,1786030694519103297,262.269,,0.018,174021.962,"CooperativeService{guidedPlanning, status=request, vehicleId=0x7665682d303831, requestedHorizonMs=2500, confidence=100, planning.waypoints=1, offloadTaskId=probe-404, offloadPayload=1024 bytes}"
5g-sender,1786030694966661244,edge4av-real-20260806-airspan-followup-run-1,c4-rep1-tcp,airspan-followup-70-20-10,guided-planning,tcp,veh-081,veh-081,rsu-1,c4-rep1-tcp-veh-081-405,ipi-session-1,airspan-followup-c4-rep1,veh-081,405,100-clients,default,stationary,unsynced,true,true,payload_bytes,1024,bytes,IPI-CooperativeService,1099,1786030694719308301,1786030520977991781,1786030520978033160,1786030694966661244,247.353,,0.041,173988.628,"CooperativeService{guidedPlanning, status=request, vehicleId=0x7665682d303831, requestedHorizonMs=2500, confidence=100, planning.waypoints=1, offloadTaskId=probe-405, offloadPayload=1024 bytes}"
5g-sender,1786030695348645666,edge4av-real-20260806-airspan-followup-run-1,c4-rep1-tcp,airspan-followup-70-20-10,guided-planning,tcp,veh-081,veh-081,rsu-1,c4-rep1-tcp-veh-081-406,ipi-session-1,airspan-followup-c4-rep1,veh-081,406,100-clients,default,stationary,unsynced,true,true,payload_bytes,1024,bytes,IPI-CooperativeService,1099,1786030695166822860,1786030521358554005,1786030521358595040,1786030695348645666,181.823,,0.041,173990.051,"CooperativeService{guidedPlanning, status=request, vehicleId=0x7665682d303831, requestedHorizonMs=2500, confidence=100, planning.waypoints=1, offloadTaskId=probe-406, offloadPayload=1024 bytes}"
5g-sender,1786030695748866406,edge4av-real-20260806-airspan-followup-run-1,c4-rep1-tcp,airspan-followup-70-20-10,guided-planning,tcp,veh-081,veh-081,rsu-1,c4-rep1-tcp-veh-081-407,ipi-session-1,airspan-followup-c4-rep1,veh-081,407,100-clients,default,stationary,unsynced,true,true,payload_bytes,1024,bytes,IPI-CooperativeService,1099,1786030695548900129,1786030521769026493,1786030521769049016,1786030695748866406,199.966,,0.023,173979.817,"CooperativeService{guidedPlanning, status=request, vehicleId=0x7665682d303831, requestedHorizonMs=2500, confidence=100, planning.waypoints=1, offloadTaskId=probe-407, offloadPayload=1024 bytes}"
5g-sender,1786030696132715978,edge4av-real-20260806-airspan-followup-run-1,c4-rep1-tcp,airspan-followup-70-20-10,guided-planning,tcp,veh-081,veh-081,rsu-1,c4-rep1-tcp-veh-081-408,ipi-session-1,airspan-followup-c4-rep1,veh-081,408,100-clients,default,stationary,unsynced,true,true,payload_bytes,1024,bytes,IPI-CooperativeService,1099,1786030695949101033,1786030522129890393,1786030522129931787,1786030696132715978,183.615,,0.041,174002.784,"CooperativeService{guidedPlanning, status=request, vehicleId=0x7665682d303831, requestedHorizonMs=2500, confidence=100, planning.waypoints=1, offloadTaskId=probe-408, offloadPayload=1024 bytes}"
5g-sender,1786030696524601476,edge4av-real-20260806-airspan-followup-run-1,c4-rep1-tcp,airspan-followup-70-20-10,guided-planning,tcp,veh-081,veh-081,rsu-1,c4-rep1-tcp-veh-081-409,ipi-session-1,airspan-followup-c4-rep1,veh-081,409,100-clients,default,stationary,unsynced,true,true,payload_bytes,1024,bytes,IPI-CooperativeService,1099,1786030696332896648,1786030522530546430,1786030522530602943,1786030696524601476,191.705,,0.057,173993.999,"CooperativeService{guidedPlanning, status=request, vehicleId=0x7665682d303831, requestedHorizonMs=2500, confidence=100, planning.waypoints=1, offloadTaskId=probe-409, offloadPayload=1024 bytes}"
5g-sender,1786030696940671113,edge4av-real-20260806-airspan-followup-run-1,c4-rep1-tcp,airspan-followup-70-20-10,guided-planning,tcp,veh-081,veh-081,rsu-1,c4-rep1-tcp-veh-081-410,ipi-session-1,airspan-followup-c4-rep1,veh-081,410,100-clients,default,stationary,unsynced,true,true,payload_bytes,1024,bytes,IPI-CooperativeService,1099,1786030696724785325,1786030522941111904,1786030522941154844,1786030696940671113,215.886,,0.043,173999.516,"CooperativeService{guidedPlanning, status=request, vehicleId=0x7665682d303831, requestedHorizonMs=2500, confidence=100, planning.waypoints=1, offloadTaskId=probe-410, offloadPayload=1024 bytes}"
5g-sender,1786030697366757807,edge4av-real-20260806-airspan-followup-run-1,c4-rep1-tcp,airspan-followup-70-20-10,guided-planning,tcp,veh-081,veh-081,rsu-1,c4-rep1-tcp-veh-081-411,ipi-session-1,airspan-followup-c4-rep1,veh-081,411,100-clients,default,stationary,unsynced,true,true,payload_bytes,1024,bytes,IPI-CooperativeService,1099,1786030697140875697,1786030523381859087,1786030523381904095,1786030697366757807,225.882,,0.045,173984.854,"CooperativeService{guidedPlanning, status=request, vehicleId=0x7665682d303831, requestedHorizonMs=2500, confidence=100, planning.waypoints=1, offloadTaskId=probe-411, offloadPayload=1024 bytes}"
5g-sender,1786030697898707931,edge4av-real-20260806-airspan-followup-run-1,c4-rep1-tcp,airspan-followup-70-20-10,guided-planning,tcp,veh-081,veh-081,rsu-1,c4-rep1-tcp-veh-081-412,ipi-session-1,airspan-followup-c4-rep1,veh-081,412,100-clients,default,stationary,unsynced,true,true,payload_bytes,1024,bytes,IPI-CooperativeService,1099,1786030697566946254,1786030523922890781,1786030523922924589,1786030697898707931,331.762,,0.034,173975.783,"CooperativeService{guidedPlanning, status=request, vehicleId=0x7665682d303831, requestedHorizonMs=2500, confidence=100, planning.waypoints=1, offloadTaskId=probe-412, offloadPayload=1024 bytes}"
5g-sender,1786030698278707757,edge4av-real-20260806-airspan-followup-run-1,c4-rep1-tcp,airspan-followup-70-20-10,guided-planning,tcp,veh-081,veh-081,rsu-1,c4-rep1-tcp-veh-081-413,ipi-session-1,airspan-followup-c4-rep1,veh-081,413,100-clients,default,stationary,unsynced,true,true,payload_bytes,1024,bytes,IPI-CooperativeService,1099,1786030698098894237,1786030524293470179,1786030524293524361,1786030698278707757,179.814,,0.054,173985.183,"CooperativeService{guidedPlanning, status=request, vehicleId=0x7665682d303831, requestedHorizonMs=2500, confidence=100, planning.waypoints=1, offloadTaskId=probe-413, offloadPayload=1024 bytes}"
5g-sender,1786030698678639284,edge4av-real-20260806-airspan-followup-run-1,c4-rep1-tcp,airspan-followup-70-20-10,guided-planning,tcp,veh-081,veh-081,rsu-1,c4-rep1-tcp-veh-081-414,ipi-session-1,airspan-followup-c4-rep1,veh-081,414,100-clients,default,stationary,unsynced,true,true,payload_bytes,1024,bytes,IPI-CooperativeService,1099,1786030698478928234,1786030524694112694,1786030524694159084,1786030698678639284,199.711,,0.046,173984.480,"CooperativeService{guidedPlanning, status=request, vehicleId=0x7665682d303831, requestedHorizonMs=2500, confidence=100, planning.waypoints=1, offloadTaskId=probe-414, offloadPayload=1024 bytes}"
5g-sender,1786030699140587541,edge4av-real-20260806-airspan-followup-run-1,c4-rep1-tcp,airspan-followup-70-20-10,guided-planning,tcp,veh-081,veh-081,rsu-1,c4-rep1-tcp-veh-081-415,ipi-session-1,airspan-followup-c4-rep1,veh-081,415,100-clients,default,stationary,unsynced,true,true,payload_bytes,1024,bytes,IPI-CooperativeService,1099,1786030698878807710,1786030525165044272,1786030525165096280,1786030699140587541,261.780,,0.052,173975.491,"CooperativeService{guidedPlanning, status=request, vehicleId=0x7665682d303831, requestedHorizonMs=2500, confidence=100, planning.waypoints=1, offloadTaskId=probe-415, offloadPayload=1024 bytes}"
5g-sender,1786030699584690155,edge4av-real-20260806-airspan-followup-run-1,c4-rep1-tcp,airspan-followup-70-20-10,guided-planning,tcp,veh-081,veh-081,rsu-1,c4-rep1-tcp-veh-081-416,ipi-session-1,airspan-followup-c4-rep1,veh-081,416,100-clients,default,stationary,unsynced,true,true,payload_bytes,1024,bytes,IPI-CooperativeService,1099,1786030699340794112,1786030525595782322,1786030525595807032,1786030699584690155,243.896,,0.025,173988.883,"CooperativeService{guidedPlanning, status=request, vehicleId=0x7665682d303831, requestedHorizonMs=2500, confidence=100, planning.waypoints=1, offloadTaskId=probe-416, offloadPayload=1024 bytes}"
5g-sender,1786030699994877805,edge4av-real-20260806-airspan-followup-run-1,c4-rep1-tcp,airspan-followup-70-20-10,guided-planning,tcp,veh-081,veh-081,rsu-1,c4-rep1-tcp-veh-081-417,ipi-session-1,airspan-followup-c4-rep1,veh-081,417,100-clients,default,stationary,unsynced,true,true,payload_bytes,1024,bytes,IPI-CooperativeService,1099,1786030699784844914,1786030525986277883,1786030525986319174,1786030699994877805,210.033,,0.041,174008.559,"CooperativeService{guidedPlanning, status=request, vehicleId=0x7665682d303831, requestedHorizonMs=2500, confidence=100, planning.waypoints=1, offloadTaskId=probe-417, offloadPayload=1024 bytes}"
5g-sender,1786030700394658940,edge4av-real-20260806-airspan-followup-run-1,c4-rep1-tcp,airspan-followup-70-20-10,guided-planning,tcp,veh-081,veh-081,rsu-1,c4-rep1-tcp-veh-081-418,ipi-session-1,airspan-followup-c4-rep1,veh-081,418,100-clients,default,stationary,unsynced,true,true,payload_bytes,1024,bytes,IPI-CooperativeService,1099,1786030700195098379,1786030526387030275,1786030526387070991,1786030700394658940,199.561,,0.041,174007.588,"CooperativeService{guidedPlanning, status=request, vehicleId=0x7665682d303831, requestedHorizonMs=2500, confidence=100, planning.waypoints=1, offloadTaskId=probe-418, offloadPayload=1024 bytes}"
5g-sender,1786030700956502630,edge4av-real-20260806-airspan-followup-run-1,c4-rep1-tcp,airspan-followup-70-20-10,guided-planning,tcp,veh-081,veh-081,rsu-1,c4-rep1-tcp-veh-081-419,ipi-session-1,airspan-followup-c4-rep1,veh-081,419,100-clients,default,stationary,unsynced,true,true,payload_bytes,1024,bytes,IPI-CooperativeService,1099,1786030700594863871,1786030526968354623,1786030526968397713,1786030700956502630,361.639,,0.043,173988.105,"CooperativeService{guidedPlanning, status=request, vehicleId=0x7665682d303831, requestedHorizonMs=2500, confidence=100, planning.waypoints=1, offloadTaskId=probe-419, offloadPayload=1024 bytes}"
5g-sender,1786030701368567162,edge4av-real-20260806-airspan-followup-run-1,c4-rep1-tcp,airspan-followup-70-20-10,guided-planning,tcp,veh-081,veh-081,rsu-1,c4-rep1-tcp-veh-081-420,ipi-session-1,airspan-followup-c4-rep1,veh-081,420,100-clients,default,stationary,unsynced,true,true,payload_bytes,1024,bytes,IPI-CooperativeService,1099,1786030701156669251,1786030527378993730,1786030527379046951,1786030701368567162,211.898,,0.053,173989.520,"CooperativeService{guidedPlanning, status=request, vehicleId=0x7665682d303831, requestedHorizonMs=2500, confidence=100, planning.waypoints=1, offloadTaskId=probe-420, offloadPayload=1024 bytes}"
5g-sender,1786030701850806741,edge4av-real-20260806-airspan-followup-run-1,c4-rep1-tcp,airspan-followup-70-20-10,guided-planning,tcp,veh-081,veh-081,rsu-1,c4-rep1-tcp-veh-081-421,ipi-session-1,airspan-followup-c4-rep1,veh-081,421,100-clients,default,stationary,unsynced,true,true,payload_bytes,1024,bytes,IPI-CooperativeService,1099,1786030701570091047,1786030527849492140,1786030527849516350,1786030701850806741,280.716,,0.024,174001.290,"CooperativeService{guidedPlanning, status=request, vehicleId=0x7665682d303831, requestedHorizonMs=2500, confidence=100, planning.waypoints=1, offloadTaskId=probe-421, offloadPayload=1024 bytes}"
5g-sender,1786030702254866366,edge4av-real-20260806-airspan-followup-run-1,c4-rep1-tcp,airspan-followup-70-20-10,guided-planning,tcp,veh-081,veh-081,rsu-1,c4-rep1-tcp-veh-081-422,ipi-session-1,airspan-followup-c4-rep1,veh-081,422,100-clients,default,stationary,unsynced,true,true,payload_bytes,1024,bytes,IPI-CooperativeService,1099,1786030702050952317,1786030528260756118,1786030528260813460,1786030702254866366,203.914,,0.057,173994.053,"CooperativeService{guidedPlanning, status=request, vehicleId=0x7665682d303831, requestedHorizonMs=2500, confidence=100, planning.waypoints=1, offloadTaskId=probe-422, offloadPayload=1024 bytes}"
5g-sender,1786030702672690661,edge4av-real-20260806-airspan-followup-run-1,c4-rep1-tcp,airspan-followup-70-20-10,guided-planning,tcp,veh-081,veh-081,rsu-1,c4-rep1-tcp-veh-081-423,ipi-session-1,airspan-followup-c4-rep1,veh-081,423,100-clients,default,stationary,unsynced,true,true,payload_bytes,1024,bytes,IPI-CooperativeService,1099,1786030702455054047,1786030528691068049,1786030528691094786,1786030702672690661,217.637,,0.027,173981.596,"CooperativeService{guidedPlanning, status=request, vehicleId=0x7665682d303831, requestedHorizonMs=2500, confidence=100, planning.waypoints=1, offloadTaskId=probe-423, offloadPayload=1024 bytes}"
5g-sender,1786030703094719404,edge4av-real-20260806-airspan-followup-run-1,c4-rep1-tcp,airspan-followup-70-20-10,guided-planning,tcp,veh-081,veh-081,rsu-1,c4-rep1-tcp-veh-081-424,ipi-session-1,airspan-followup-c4-rep1,veh-081,424,100-clients,default,stationary,unsynced,true,true,payload_bytes,1024,bytes,IPI-CooperativeService,1099,1786030702872911365,1786030529081771095,1786030529081822421,1786030703094719404,221.808,,0.051,174012.897,"CooperativeService{guidedPlanning, status=request, vehicleId=0x7665682d303831, requestedHorizonMs=2500, confidence=100, planning.waypoints=1, offloadTaskId=probe-424, offloadPayload=1024 bytes}"
5g-sender,1786030703618582508,edge4av-real-20260806-airspan-followup-run-1,c4-rep1-tcp,airspan-followup-70-20-10,guided-planning,tcp,veh-081,veh-081,rsu-1,c4-rep1-tcp-veh-081-425,ipi-session-1,airspan-followup-c4-rep1,veh-081,425,100-clients,default,stationary,unsynced,true,true,payload_bytes,1024,bytes,IPI-CooperativeService,1099,1786030703294896951,1786030529602339094,1786030529602360978,1786030703618582508,323.686,,0.022,174016.222,"CooperativeService{guidedPlanning, status=request, vehicleId=0x7665682d303831, requestedHorizonMs=2500, confidence=100, planning.waypoints=1, offloadTaskId=probe-425, offloadPayload=1024 bytes}"
5g-sender,1786030704132709373,edge4av-real-20260806-airspan-followup-run-1,c4-rep1-tcp,airspan-followup-70-20-10,guided-planning,tcp,veh-081,veh-081,rsu-1,c4-rep1-tcp-veh-081-426,ipi-session-1,airspan-followup-c4-rep1,veh-081,426,100-clients,default,stationary,unsynced,true,true,payload_bytes,1024,bytes,IPI-CooperativeService,1099,1786030703818752855,1786030530143427032,1786030530143449837,1786030704132709373,313.957,,0.023,173989.260,"CooperativeService{guidedPlanning, status=request, vehicleId=0x7665682d303831, requestedHorizonMs=2500, confidence=100, planning.waypoints=1, offloadTaskId=probe-426, offloadPayload=1024 bytes}"
5g-sender,1786030704592778738,edge4av-real-20260806-airspan-followup-run-1,c4-rep1-tcp,airspan-followup-70-20-10,guided-planning,tcp,veh-081,veh-081,rsu-1,c4-rep1-tcp-veh-081-427,ipi-session-1,airspan-followup-c4-rep1,veh-081,427,100-clients,default,stationary,unsynced,true,true,payload_bytes,1024,bytes,IPI-CooperativeService,1099,1786030704332926419,1786030530604651391,1786030530604707103,1786030704592778738,259.852,,0.056,173988.072,"CooperativeService{guidedPlanning, status=request, vehicleId=0x7665682d303831, requestedHorizonMs=2500, confidence=100, planning.waypoints=1, offloadTaskId=probe-427, offloadPayload=1024 bytes}"
5g-sender,1786030705062988127,edge4av-real-20260806-airspan-followup-run-1,c4-rep1-tcp,airspan-followup-70-20-10,guided-planning,tcp,veh-081,veh-081,rsu-1,c4-rep1-tcp-veh-081-428,ipi-session-1,airspan-followup-c4-rep1,veh-081,428,100-clients,default,stationary,unsynced,true,true,payload_bytes,1024,bytes,IPI-CooperativeService,1099,1786030704792943135,1786030531055247966,1786030531055290948,1786030705062988127,270.045,,0.043,174007.697,"CooperativeService{guidedPlanning, status=request, vehicleId=0x7665682d303831, requestedHorizonMs=2500, confidence=100, planning.waypoints=1, offloadTaskId=probe-428, offloadPayload=1024 bytes}"
5g-sender,1786030705564544542,edge4av-real-20260806-airspan-followup-run-1,c4-rep1-tcp,airspan-followup-70-20-10,guided-planning,tcp,veh-081,veh-081,rsu-1,c4-rep1-tcp-veh-081-429,ipi-session-1,airspan-followup-c4-rep1,veh-081,429,100-clients,default,stationary,unsynced,true,true,payload_bytes,1024,bytes,IPI-CooperativeService,1099,1786030705263168734,1786030531576329235,1786030531576371639,1786030705564544542,301.376,,0.042,173988.173,"CooperativeService{guidedPlanning, status=request, vehicleId=0x7665682d303831, requestedHorizonMs=2500, confidence=100, planning.waypoints=1, offloadTaskId=probe-429, offloadPayload=1024 bytes}"
5g-sender,1786030706024815810,edge4av-real-20260806-airspan-followup-run-1,c4-rep1-tcp,airspan-followup-70-20-10,guided-planning,tcp,veh-081,veh-081,rsu-1,c4-rep1-tcp-veh-081-430,ipi-session-1,airspan-followup-c4-rep1,veh-081,430,100-clients,default,stationary,unsynced,true,true,payload_bytes,1024,bytes,IPI-CooperativeService,1099,1786030705764773564,1786030532007108350,1786030532007162815,1786030706024815810,260.042,,0.054,174017.653,"CooperativeService{guidedPlanning, status=request, vehicleId=0x7665682d303831, requestedHorizonMs=2500, confidence=100, planning.waypoints=1, offloadTaskId=probe-430, offloadPayload=1024 bytes}"
5g-sender,1786030706482670480,edge4av-real-20260806-airspan-followup-run-1,c4-rep1-tcp,airspan-followup-70-20-10,guided-planning,tcp,veh-081,veh-081,rsu-1,c4-rep1-tcp-veh-081-431,ipi-session-1,airspan-followup-c4-rep1,veh-081,431,100-clients,default,stationary,unsynced,true,true,payload_bytes,1024,bytes,IPI-CooperativeService,1099,1786030706225018405,1786030532497589185,1786030532497618580,1786030706482670480,257.652,,0.029,173985.052,"CooperativeService{guidedPlanning, status=request, vehicleId=0x7665682d303831, requestedHorizonMs=2500, confidence=100, planning.waypoints=1, offloadTaskId=probe-431, offloadPayload=1024 bytes}"
5g-sender,1786030706878657665,edge4av-real-20260806-airspan-followup-run-1,c4-rep1-tcp,airspan-followup-70-20-10,guided-planning,tcp,veh-081,veh-081,rsu-1,c4-rep1-tcp-veh-081-432,ipi-session-1,airspan-followup-c4-rep1,veh-081,432,100-clients,default,stationary,unsynced,true,true,payload_bytes,1024,bytes,IPI-CooperativeService,1099,1786030706682840178,1786030532888476752,1786030532888519514,1786030706878657665,195.817,,0.043,173990.138,"CooperativeService{guidedPlanning, status=request, vehicleId=0x7665682d303831, requestedHorizonMs=2500, confidence=100, planning.waypoints=1, offloadTaskId=probe-432, offloadPayload=1024 bytes}"
5g-sender,1786030707426677321,edge4av-real-20260806-airspan-followup-run-1,c4-rep1-tcp,airspan-followup-70-20-10,guided-planning,tcp,veh-081,veh-081,rsu-1,c4-rep1-tcp-veh-081-433,ipi-session-1,airspan-followup-c4-rep1,veh-081,433,100-clients,default,stationary,unsynced,true,true,payload_bytes,1024,bytes,IPI-CooperativeService,1099,1786030707078891553,1786030533429229151,1786030533429269120,1786030707426677321,347.786,,0.040,173997.408,"CooperativeService{guidedPlanning, status=request, vehicleId=0x7665682d303831, requestedHorizonMs=2500, confidence=100, planning.waypoints=1, offloadTaskId=probe-433, offloadPayload=1024 bytes}"
5g-sender,1786030707886683758,edge4av-real-20260806-airspan-followup-run-1,c4-rep1-tcp,airspan-followup-70-20-10,guided-planning,tcp,veh-081,veh-081,rsu-1,c4-rep1-tcp-veh-081-434,ipi-session-1,airspan-followup-c4-rep1,veh-081,434,100-clients,default,stationary,unsynced,true,true,payload_bytes,1024,bytes,IPI-CooperativeService,1099,1786030707626848029,1786030533900294116,1786030533900321704,1786030707886683758,259.836,,0.028,173986.362,"CooperativeService{guidedPlanning, status=request, vehicleId=0x7665682d303831, requestedHorizonMs=2500, confidence=100, planning.waypoints=1, offloadTaskId=probe-434, offloadPayload=1024 bytes}"
5g-sender,1786030708408657225,edge4av-real-20260806-airspan-followup-run-1,c4-rep1-tcp,airspan-followup-70-20-10,guided-planning,tcp,veh-081,veh-081,rsu-1,c4-rep1-tcp-veh-081-435,ipi-session-1,airspan-followup-c4-rep1,veh-081,435,100-clients,default,stationary,unsynced,true,true,payload_bytes,1024,bytes,IPI-CooperativeService,1099,1786030708086882932,1786030534420992766,1786030534421044829,1786030708408657225,321.774,,0.052,173987.612,"CooperativeService{guidedPlanning, status=request, vehicleId=0x7665682d303831, requestedHorizonMs=2500, confidence=100, planning.waypoints=1, offloadTaskId=probe-435, offloadPayload=1024 bytes}"
5g-sender,1786030708900705372,edge4av-real-20260806-airspan-followup-run-1,c4-rep1-tcp,airspan-followup-70-20-10,guided-planning,tcp,veh-081,veh-081,rsu-1,c4-rep1-tcp-veh-081-436,ipi-session-1,airspan-followup-c4-rep1,veh-081,436,100-clients,default,stationary,unsynced,true,true,payload_bytes,1024,bytes,IPI-CooperativeService,1099,1786030708608835809,1786030534922043433,1786030534922121202,1786030708900705372,291.870,,0.078,173978.584,"CooperativeService{guidedPlanning, status=request, vehicleId=0x7665682d303831, requestedHorizonMs=2500, confidence=100, planning.waypoints=1, offloadTaskId=probe-436, offloadPayload=1024 bytes}"
5g-sender,1786030709276755826,edge4av-real-20260806-airspan-followup-run-1,c4-rep1-tcp,airspan-followup-70-20-10,guided-planning,tcp,veh-081,veh-081,rsu-1,c4-rep1-tcp-veh-081-437,ipi-session-1,airspan-followup-c4-rep1,veh-081,437,100-clients,default,stationary,unsynced,true,true,payload_bytes,1024,bytes,IPI-CooperativeService,1099,1786030709100883290,1786030535282437245,1786030535282456224,1786030709276755826,175.873,,0.019,173994.300,"CooperativeService{guidedPlanning, status=request, vehicleId=0x7665682d303831, requestedHorizonMs=2500, confidence=100, planning.waypoints=1, offloadTaskId=probe-437, offloadPayload=1024 bytes}"
5g-sender,1786030709702582760,edge4av-real-20260806-airspan-followup-run-1,c4-rep1-tcp,airspan-followup-70-20-10,guided-planning,tcp,veh-081,veh-081,rsu-1,c4-rep1-tcp-veh-081-438,ipi-session-1,airspan-followup-c4-rep1,veh-081,438,100-clients,default,stationary,unsynced,true,true,payload_bytes,1024,bytes,IPI-CooperativeService,1099,1786030709476933116,1786030535713575093,1786030535713625680,1786030709702582760,225.650,,0.051,173988.957,"CooperativeService{guidedPlanning, status=request, vehicleId=0x7665682d303831, requestedHorizonMs=2500, confidence=100, planning.waypoints=1, offloadTaskId=probe-438, offloadPayload=1024 bytes}"
5g-sender,1786030710112777650,edge4av-real-20260806-airspan-followup-run-1,c4-rep1-tcp,airspan-followup-70-20-10,guided-planning,tcp,veh-081,veh-081,rsu-1,c4-rep1-tcp-veh-081-439,ipi-session-1,airspan-followup-c4-rep1,veh-081,439,100-clients,default,stationary,unsynced,true,true,payload_bytes,1024,bytes,IPI-CooperativeService,1099,1786030709902775058,1786030536114192799,1786030536114243967,1786030710112777650,210.003,,0.051,173998.534,"CooperativeService{guidedPlanning, status=request, vehicleId=0x7665682d303831, requestedHorizonMs=2500, confidence=100, planning.waypoints=1, offloadTaskId=probe-439, offloadPayload=1024 bytes}"
5g-sender,1786030710512778133,edge4av-real-20260806-airspan-followup-run-1,c4-rep1-tcp,airspan-followup-70-20-10,guided-planning,tcp,veh-081,veh-081,rsu-1,c4-rep1-tcp-veh-081-440,ipi-session-1,airspan-followup-c4-rep1,veh-081,440,100-clients,default,stationary,unsynced,true,true,payload_bytes,1024,bytes,IPI-CooperativeService,1099,1786030710312997815,1786030536515006335,1786030536515079858,1786030710512778133,199.780,,0.074,173997.698,"CooperativeService{guidedPlanning, status=request, vehicleId=0x7665682d303831, requestedHorizonMs=2500, confidence=100, planning.waypoints=1, offloadTaskId=probe-440, offloadPayload=1024 bytes}"
5g-sender,1786030711386713412,edge4av-real-20260806-airspan-followup-run-1,c4-rep1-tcp,airspan-followup-70-20-10,guided-planning,tcp,veh-081,veh-081,rsu-1,c4-rep1-tcp-veh-081-441,ipi-session-1,airspan-followup-c4-rep1,veh-081,441,100-clients,default,stationary,unsynced,true,true,payload_bytes,1024,bytes,IPI-CooperativeService,1099,1786030710712944534,1786030537396677408,1786030537396719489,1786030711386713412,673.769,,0.042,173989.994,"CooperativeService{guidedPlanning, status=request, vehicleId=0x7665682d303831, requestedHorizonMs=2500, confidence=100, planning.waypoints=1, offloadTaskId=probe-441, offloadPayload=1024 bytes}"
5g-sender,1786030711830599831,edge4av-real-20260806-airspan-followup-run-1,c4-rep1-tcp,airspan-followup-70-20-10,guided-planning,tcp,veh-081,veh-081,rsu-1,c4-rep1-tcp-veh-081-442,ipi-session-1,airspan-followup-c4-rep1,veh-081,442,100-clients,default,stationary,unsynced,true,true,payload_bytes,1024,bytes,IPI-CooperativeService,1099,1786030711586895540,1786030537847183199,1786030537847259177,1786030711830599831,243.704,,0.076,173983.341,"CooperativeService{guidedPlanning, status=request, vehicleId=0x7665682d303831, requestedHorizonMs=2500, confidence=100, planning.waypoints=1, offloadTaskId=probe-442, offloadPayload=1024 bytes}"
5g-sender,1786030712182701321,edge4av-real-20260806-airspan-followup-run-1,c4-rep1-tcp,airspan-followup-70-20-10,guided-planning,tcp,veh-081,veh-081,rsu-1,c4-rep1-tcp-veh-081-443,ipi-session-1,airspan-followup-c4-rep1,veh-081,443,100-clients,default,stationary,unsynced,true,true,payload_bytes,1024,bytes,IPI-CooperativeService,1099,1786030712030756242,1786030538197876926,1786030538197930519,1786030712182701321,151.945,,0.054,173984.771,"CooperativeService{guidedPlanning, status=request, vehicleId=0x7665682d303831, requestedHorizonMs=2500, confidence=100, planning.waypoints=1, offloadTaskId=probe-443, offloadPayload=1024 bytes}"
5g-sender,1786030712566720800,edge4av-real-20260806-airspan-followup-run-1,c4-rep1-tcp,airspan-followup-70-20-10,guided-planning,tcp,veh-081,veh-081,rsu-1,c4-rep1-tcp-veh-081-444,ipi-session-1,airspan-followup-c4-rep1,veh-081,444,100-clients,default,stationary,unsynced,true,true,payload_bytes,1024,bytes,IPI-CooperativeService,1099,1786030712382871415,1786030538588311964,1786030538588357663,1786030712566720800,183.849,,0.046,173978.363,"CooperativeService{guidedPlanning, status=request, vehicleId=0x7665682d303831, requestedHorizonMs=2500, confidence=100, planning.waypoints=1, offloadTaskId=probe-444, offloadPayload=1024 bytes}"
5g-sender,1786030713016714621,edge4av-real-20260806-airspan-followup-run-1,c4-rep1-tcp,airspan-followup-70-20-10,guided-planning,tcp,veh-081,veh-081,rsu-1,c4-rep1-tcp-veh-081-445,ipi-session-1,airspan-followup-c4-rep1,veh-081,445,100-clients,default,stationary,unsynced,true,true,payload_bytes,1024,bytes,IPI-CooperativeService,1099,1786030712766920901,1786030539029055955,1786030539029098697,1786030713016714621,249.794,,0.043,173987.616,"CooperativeService{guidedPlanning, status=request, vehicleId=0x7665682d303831, requestedHorizonMs=2500, confidence=100, planning.waypoints=1, offloadTaskId=probe-445, offloadPayload=1024 bytes}"
5g-sender,1786030713424732750,edge4av-real-20260806-airspan-followup-run-1,c4-rep1-tcp,airspan-followup-70-20-10,guided-planning,tcp,veh-081,veh-081,rsu-1,c4-rep1-tcp-veh-081-446,ipi-session-1,airspan-followup-c4-rep1,veh-081,446,100-clients,default,stationary,unsynced,true,true,payload_bytes,1024,bytes,IPI-CooperativeService,1099,1786030713216968902,1786030539440011155,1786030539440062255,1786030713424732750,207.764,,0.051,173984.670,"CooperativeService{guidedPlanning, status=request, vehicleId=0x7665682d303831, requestedHorizonMs=2500, confidence=100, planning.waypoints=1, offloadTaskId=probe-446, offloadPayload=1024 bytes}"
5g-sender,1786030713906699082,edge4av-real-20260806-airspan-followup-run-1,c4-rep1-tcp,airspan-followup-70-20-10,guided-planning,tcp,veh-081,veh-081,rsu-1,c4-rep1-tcp-veh-081-447,ipi-session-1,airspan-followup-c4-rep1,veh-081,447,100-clients,default,stationary,unsynced,true,true,payload_bytes,1024,bytes,IPI-CooperativeService,1099,1786030713624906358,1786030539931076386,1786030539931141068,1786030713906699082,281.793,,0.065,173975.558,"CooperativeService{guidedPlanning, status=request, vehicleId=0x7665682d303831, requestedHorizonMs=2500, confidence=100, planning.waypoints=1, offloadTaskId=probe-447, offloadPayload=1024 bytes}"
5g-sender,1786030714350735438,edge4av-real-20260806-airspan-followup-run-1,c4-rep1-tcp,airspan-followup-70-20-10,guided-planning,tcp,veh-081,veh-081,rsu-1,c4-rep1-tcp-veh-081-448,ipi-session-1,airspan-followup-c4-rep1,veh-081,448,100-clients,default,stationary,unsynced,true,true,payload_bytes,1024,bytes,IPI-CooperativeService,1099,1786030714106896504,1786030540351250029,1786030540351268312,1786030714350735438,243.839,,0.018,173999.467,"CooperativeService{guidedPlanning, status=request, vehicleId=0x7665682d303831, requestedHorizonMs=2500, confidence=100, planning.waypoints=1, offloadTaskId=probe-448, offloadPayload=1024 bytes}"
5g-sender,1786030714852797577,edge4av-real-20260806-airspan-followup-run-1,c4-rep1-tcp,airspan-followup-70-20-10,guided-planning,tcp,veh-081,veh-081,rsu-1,c4-rep1-tcp-veh-081-449,ipi-session-1,airspan-followup-c4-rep1,veh-081,449,100-clients,default,stationary,unsynced,true,true,payload_bytes,1024,bytes,IPI-CooperativeService,1099,1786030714550915351,1786030540862028201,1786030540862049512,1786030714852797577,301.882,,0.021,173990.748,"CooperativeService{guidedPlanning, status=request, vehicleId=0x7665682d303831, requestedHorizonMs=2500, confidence=100, planning.waypoints=1, offloadTaskId=probe-449, offloadPayload=1024 bytes}"
5g-sender,1786030715298768988,edge4av-real-20260806-airspan-followup-run-1,c4-rep1-tcp,airspan-followup-70-20-10,guided-planning,tcp,veh-081,veh-081,rsu-1,c4-rep1-tcp-veh-081-450,ipi-session-1,airspan-followup-c4-rep1,veh-081,450,100-clients,default,stationary,unsynced,true,true,payload_bytes,1024,bytes,IPI-CooperativeService,1099,1786030715053005716,1786030541303083820,1786030541303136486,1786030715298768988,245.763,,0.053,173995.633,"CooperativeService{guidedPlanning, status=request, vehicleId=0x7665682d303831, requestedHorizonMs=2500, confidence=100, planning.waypoints=1, offloadTaskId=probe-450, offloadPayload=1024 bytes}"
5g-sender,1786030715702674342,edge4av-real-20260806-airspan-followup-run-1,c4-rep1-tcp,airspan-followup-70-20-10,guided-planning,tcp,veh-081,veh-081,rsu-1,c4-rep1-tcp-veh-081-451,ipi-session-1,airspan-followup-c4-rep1,veh-081,451,100-clients,default,stationary,unsynced,true,true,payload_bytes,1024,bytes,IPI-CooperativeService,1099,1786030715498984763,1786030541713741790,1786030541713783192,1786030715702674342,203.690,,0.041,173988.891,"CooperativeService{guidedPlanning, status=request, vehicleId=0x7665682d303831, requestedHorizonMs=2500, confidence=100, planning.waypoints=1, offloadTaskId=probe-451, offloadPayload=1024 bytes}"
5g-sender,1786030716164711067,edge4av-real-20260806-airspan-followup-run-1,c4-rep1-tcp,airspan-followup-70-20-10,guided-planning,tcp,veh-081,veh-081,rsu-1,c4-rep1-tcp-veh-081-452,ipi-session-1,airspan-followup-c4-rep1,veh-081,452,100-clients,default,stationary,unsynced,true,true,payload_bytes,1024,bytes,IPI-CooperativeService,1099,1786030715902840136,1786030542164918702,1786030542164957841,1786030716164711067,261.871,,0.039,173999.753,"CooperativeService{guidedPlanning, status=request, vehicleId=0x7665682d303831, requestedHorizonMs=2500, confidence=100, planning.waypoints=1, offloadTaskId=probe-452, offloadPayload=1024 bytes}"
5g-sender,1786030716576828695,edge4av-real-20260806-airspan-followup-run-1,c4-rep1-tcp,airspan-followup-70-20-10,guided-planning,tcp,veh-081,veh-081,rsu-1,c4-rep1-tcp-veh-081-453,ipi-session-1,airspan-followup-c4-rep1,veh-081,453,100-clients,default,stationary,unsynced,true,true,payload_bytes,1024,bytes,IPI-CooperativeService,1099,1786030716364958073,1786030542585323671,1786030542585351037,1786030716576828695,211.871,,0.027,173991.478,"CooperativeService{guidedPlanning, status=request, vehicleId=0x7665682d303831, requestedHorizonMs=2500, confidence=100, planning.waypoints=1, offloadTaskId=probe-453, offloadPayload=1024 bytes}"
5g-sender,1786030717078882629,edge4av-real-20260806-airspan-followup-run-1,c4-rep1-tcp,airspan-followup-70-20-10,guided-planning,tcp,veh-081,veh-081,rsu-1,c4-rep1-tcp-veh-081-454,ipi-session-1,airspan-followup-c4-rep1,veh-081,454,100-clients,default,stationary,unsynced,true,true,payload_bytes,1024,bytes,IPI-CooperativeService,1099,1786030716776989646,1786030543086357251,1786030543086408361,1786030717078882629,301.893,,0.051,173992.474,"CooperativeService{guidedPlanning, status=request, vehicleId=0x7665682d303831, requestedHorizonMs=2500, confidence=100, planning.waypoints=1, offloadTaskId=probe-454, offloadPayload=1024 bytes}"
5g-sender,1786030717552662999,edge4av-real-20260806-airspan-followup-run-1,c4-rep1-tcp,airspan-followup-70-20-10,guided-planning,tcp,veh-081,veh-081,rsu-1,c4-rep1-tcp-veh-081-455,ipi-session-1,airspan-followup-c4-rep1,veh-081,455,100-clients,default,stationary,unsynced,true,true,payload_bytes,1024,bytes,IPI-CooperativeService,1099,1786030717279056461,1786030543556986728,1786030543557046741,1786030717552662999,273.607,,0.060,173995.616,"CooperativeService{guidedPlanning, status=request, vehicleId=0x7665682d303831, requestedHorizonMs=2500, confidence=100, planning.waypoints=1, offloadTaskId=probe-455, offloadPayload=1024 bytes}"
5g-sender,1786030717976747213,edge4av-real-20260806-airspan-followup-run-1,c4-rep1-tcp,airspan-followup-70-20-10,guided-planning,tcp,veh-081,veh-081,rsu-1,c4-rep1-tcp-veh-081-456,ipi-session-1,airspan-followup-c4-rep1,veh-081,456,100-clients,default,stationary,unsynced,true,true,payload_bytes,1024,bytes,IPI-CooperativeService,1099,1786030717752835777,1786030543987845777,1786030543987911382,1786030717976747213,223.911,,0.066,173988.836,"CooperativeService{guidedPlanning, status=request, vehicleId=0x7665682d303831, requestedHorizonMs=2500, confidence=100, planning.waypoints=1, offloadTaskId=probe-456, offloadPayload=1024 bytes}"
5g-sender,1786030718518703360,edge4av-real-20260806-airspan-followup-run-1,c4-rep1-tcp,airspan-followup-70-20-10,guided-planning,tcp,veh-081,veh-081,rsu-1,c4-rep1-tcp-veh-081-457,ipi-session-1,airspan-followup-c4-rep1,veh-081,457,100-clients,default,stationary,unsynced,true,true,payload_bytes,1024,bytes,IPI-CooperativeService,1099,1786030718176923890,1786030544519018155,1786030544519069831,1786030718518703360,341.779,,0.052,173999.634,"CooperativeService{guidedPlanning, status=request, vehicleId=0x7665682d303831, requestedHorizonMs=2500, confidence=100, planning.waypoints=1, offloadTaskId=probe-457, offloadPayload=1024 bytes}"
5g-sender,1786030718986767907,edge4av-real-20260806-airspan-followup-run-1,c4-rep1-tcp,airspan-followup-70-20-10,guided-planning,tcp,veh-081,veh-081,rsu-1,c4-rep1-tcp-veh-081-458,ipi-session-1,airspan-followup-c4-rep1,veh-081,458,100-clients,default,stationary,unsynced,true,true,payload_bytes,1024,bytes,IPI-CooperativeService,1099,1786030718718883709,1786030544999989503,1786030545000019760,1786030718986767907,267.884,,0.030,173986.748,"CooperativeService{guidedPlanning, status=request, vehicleId=0x7665682d303831, requestedHorizonMs=2500, confidence=100, planning.waypoints=1, offloadTaskId=probe-458, offloadPayload=1024 bytes}"
5g-sender,1786030719398813541,edge4av-real-20260806-airspan-followup-run-1,c4-rep1-tcp,airspan-followup-70-20-10,guided-planning,tcp,veh-081,veh-081,rsu-1,c4-rep1-tcp-veh-081-459,ipi-session-1,airspan-followup-c4-rep1,veh-081,459,100-clients,default,stationary,unsynced,true,true,payload_bytes,1024,bytes,IPI-CooperativeService,1099,1786030719187003310,1786030545410295039,1786030545410306129,1786030719398813541,211.810,,0.011,173988.507,"CooperativeService{guidedPlanning, status=request, vehicleId=0x7665682d303831, requestedHorizonMs=2500, confidence=100, planning.waypoints=1, offloadTaskId=probe-459, offloadPayload=1024 bytes}"
5g-sender,1786030719843159989,edge4av-real-20260806-airspan-followup-run-1,c4-rep1-tcp,airspan-followup-70-20-10,guided-planning,tcp,veh-081,veh-081,rsu-1,c4-rep1-tcp-veh-081-460,ipi-session-1,airspan-followup-c4-rep1,veh-081,460,100-clients,default,stationary,unsynced,true,true,payload_bytes,1024,bytes,IPI-CooperativeService,1099,1786030719598996956,1786030545861069198,1786030545861110223,1786030719843159989,244.163,,0.041,173982.050,"CooperativeService{guidedPlanning, status=request, vehicleId=0x7665682d303831, requestedHorizonMs=2500, confidence=100, planning.waypoints=1, offloadTaskId=probe-460, offloadPayload=1024 bytes}"
5g-sender,1786030720312731816,edge4av-real-20260806-airspan-followup-run-1,c4-rep1-tcp,airspan-followup-70-20-10,guided-planning,tcp,veh-081,veh-081,rsu-1,c4-rep1-tcp-veh-081-461,ipi-session-1,airspan-followup-c4-rep1,veh-081,461,100-clients,default,stationary,unsynced,true,true,payload_bytes,1024,bytes,IPI-CooperativeService,1099,1786030720043324040,1786030546331862360,1786030546331884097,1786030720312731816,269.408,,0.022,173980.848,"CooperativeService{guidedPlanning, status=request, vehicleId=0x7665682d303831, requestedHorizonMs=2500, confidence=100, planning.waypoints=1, offloadTaskId=probe-461, offloadPayload=1024 bytes}"
5g-sender,1786030720752829101,edge4av-real-20260806-airspan-followup-run-1,c4-rep1-tcp,airspan-followup-70-20-10,guided-planning,tcp,veh-081,veh-081,rsu-1,c4-rep1-tcp-veh-081-462,ipi-session-1,airspan-followup-c4-rep1,veh-081,462,100-clients,default,stationary,unsynced,true,true,payload_bytes,1024,bytes,IPI-CooperativeService,1099,1786030720512924582,1786030546772802869,1786030546772861801,1786030720752829101,239.905,,0.059,173979.967,"CooperativeService{guidedPlanning, status=request, vehicleId=0x7665682d303831, requestedHorizonMs=2500, confidence=100, planning.waypoints=1, offloadTaskId=probe-462, offloadPayload=1024 bytes}"
5g-sender,1786030721178721781,edge4av-real-20260806-airspan-followup-run-1,c4-rep1-tcp,airspan-followup-70-20-10,guided-planning,tcp,veh-081,veh-081,rsu-1,c4-rep1-tcp-veh-081-463,ipi-session-1,airspan-followup-c4-rep1,veh-081,463,100-clients,default,stationary,unsynced,true,true,payload_bytes,1024,bytes,IPI-CooperativeService,1099,1786030720952997429,1786030547193513336,1786030547193564127,1786030721178721781,225.724,,0.051,173985.158,"CooperativeService{guidedPlanning, status=request, vehicleId=0x7665682d303831, requestedHorizonMs=2500, confidence=100, planning.waypoints=1, offloadTaskId=probe-463, offloadPayload=1024 bytes}"
5g-sender,1786030721668828886,edge4av-real-20260806-airspan-followup-run-1,c4-rep1-tcp,airspan-followup-70-20-10,guided-planning,tcp,veh-081,veh-081,rsu-1,c4-rep1-tcp-veh-081-464,ipi-session-1,airspan-followup-c4-rep1,veh-081,464,100-clients,default,stationary,unsynced,true,true,payload_bytes,1024,bytes,IPI-CooperativeService,1099,1786030721378921926,1786030547664155857,1786030547664189588,1786030721668828886,289.907,,0.034,174004.639,"CooperativeService{guidedPlanning, status=request, vehicleId=0x7665682d303831, requestedHorizonMs=2500, confidence=100, planning.waypoints=1, offloadTaskId=probe-464, offloadPayload=1024 bytes}"
5g-sender,1786030722210772685,edge4av-real-20260806-airspan-followup-run-1,c4-rep1-tcp,airspan-followup-70-20-10,guided-planning,tcp,veh-081,veh-081,rsu-1,c4-rep1-tcp-veh-081-465,ipi-session-1,airspan-followup-c4-rep1,veh-081,465,100-clients,default,stationary,unsynced,true,true,payload_bytes,1024,bytes,IPI-CooperativeService,1099,1786030721869283886,1786030548225107398,1786030548225131823,1786030722210772685,341.489,,0.024,173985.641,"CooperativeService{guidedPlanning, status=request, vehicleId=0x7665682d303831, requestedHorizonMs=2500, confidence=100, planning.waypoints=1, offloadTaskId=probe-465, offloadPayload=1024 bytes}"
5g-sender,1786030722670587013,edge4av-real-20260806-airspan-followup-run-1,c4-rep1-tcp,airspan-followup-70-20-10,guided-planning,tcp,veh-081,veh-081,rsu-1,c4-rep1-tcp-veh-081-466,ipi-session-1,airspan-followup-c4-rep1,veh-081,466,100-clients,default,stationary,unsynced,true,true,payload_bytes,1024,bytes,IPI-CooperativeService,1099,1786030722410985944,1786030548695732533,1786030548695763759,1786030722670587013,259.601,,0.031,173974.823,"CooperativeService{guidedPlanning, status=request, vehicleId=0x7665682d303831, requestedHorizonMs=2500, confidence=100, planning.waypoints=1, offloadTaskId=probe-466, offloadPayload=1024 bytes}"
5g-sender,1786030723112754695,edge4av-real-20260806-airspan-followup-run-1,c4-rep1-tcp,airspan-followup-70-20-10,guided-planning,tcp,veh-081,veh-081,rsu-1,c4-rep1-tcp-veh-081-467,ipi-session-1,airspan-followup-c4-rep1,veh-081,467,100-clients,default,stationary,unsynced,true,true,payload_bytes,1024,bytes,IPI-CooperativeService,1099,1786030722870809812,1786030549136713744,1786030549136765253,1786030723112754695,241.945,,0.052,173975.989,"CooperativeService{guidedPlanning, status=request, vehicleId=0x7665682d303831, requestedHorizonMs=2500, confidence=100, planning.waypoints=1, offloadTaskId=probe-467, offloadPayload=1024 bytes}"
5g-sender,1786030723504897286,edge4av-real-20260806-airspan-followup-run-1,c4-rep1-tcp,airspan-followup-70-20-10,guided-planning,tcp,veh-081,veh-081,rsu-1,c4-rep1-tcp-veh-081-468,ipi-session-1,airspan-followup-c4-rep1,veh-081,468,100-clients,default,stationary,unsynced,true,true,payload_bytes,1024,bytes,IPI-CooperativeService,1099,1786030723312974665,1786030549497390595,1786030549497447692,1786030723504897286,191.923,,0.057,174007.450,"CooperativeService{guidedPlanning, status=request, vehicleId=0x7665682d303831, requestedHorizonMs=2500, confidence=100, planning.waypoints=1, offloadTaskId=probe-468, offloadPayload=1024 bytes}"
5g-sender,1786030723928802780,edge4av-real-20260806-airspan-followup-run-1,c4-rep1-tcp,airspan-followup-70-20-10,guided-planning,tcp,veh-081,veh-081,rsu-1,c4-rep1-tcp-veh-081-469,ipi-session-1,airspan-followup-c4-rep1,veh-081,469,100-clients,default,stationary,unsynced,true,true,payload_bytes,1024,bytes,IPI-CooperativeService,1099,1786030723705046449,1786030549938222863,1786030549938246926,1786030723928802780,223.756,,0.024,173990.556,"CooperativeService{guidedPlanning, status=request, vehicleId=0x7665682d303831, requestedHorizonMs=2500, confidence=100, planning.waypoints=1, offloadTaskId=probe-469, offloadPayload=1024 bytes}"
5g-sender,1786030724334990811,edge4av-real-20260806-airspan-followup-run-1,c4-rep1-tcp,airspan-followup-70-20-10,guided-planning,tcp,veh-081,veh-081,rsu-1,c4-rep1-tcp-veh-081-470,ipi-session-1,airspan-followup-c4-rep1,veh-081,470,100-clients,default,stationary,unsynced,true,true,payload_bytes,1024,bytes,IPI-CooperativeService,1099,1786030724128974288,1786030550319120736,1786030550319164255,1786030724334990811,206.017,,0.044,174015.827,"CooperativeService{guidedPlanning, status=request, vehicleId=0x7665682d303831, requestedHorizonMs=2500, confidence=100, planning.waypoints=1, offloadTaskId=probe-470, offloadPayload=1024 bytes}"
5g-sender,1786030724784825036,edge4av-real-20260806-airspan-followup-run-1,c4-rep1-tcp,airspan-followup-70-20-10,guided-planning,tcp,veh-081,veh-081,rsu-1,c4-rep1-tcp-veh-081-471,ipi-session-1,airspan-followup-c4-rep1,veh-081,471,100-clients,default,stationary,unsynced,true,true,payload_bytes,1024,bytes,IPI-CooperativeService,1099,1786030724535198070,1786030550799827385,1786030550799886418,1786030724784825036,249.627,,0.059,173984.939,"CooperativeService{guidedPlanning, status=request, vehicleId=0x7665682d303831, requestedHorizonMs=2500, confidence=100, planning.waypoints=1, offloadTaskId=probe-471, offloadPayload=1024 bytes}"
5g-sender,1786030725192884031,edge4av-real-20260806-airspan-followup-run-1,c4-rep1-tcp,airspan-followup-70-20-10,guided-planning,tcp,veh-081,veh-081,rsu-1,c4-rep1-tcp-veh-081-472,ipi-session-1,airspan-followup-c4-rep1,veh-081,472,100-clients,default,stationary,unsynced,true,true,payload_bytes,1024,bytes,IPI-CooperativeService,1099,1786030724985061240,1786030551190441845,1786030551190510311,1786030725192884031,207.823,,0.068,174002.374,"CooperativeService{guidedPlanning, status=request, vehicleId=0x7665682d303831, requestedHorizonMs=2500, confidence=100, planning.waypoints=1, offloadTaskId=probe-472, offloadPayload=1024 bytes}"
5g-sender,1786030725712710037,edge4av-real-20260806-airspan-followup-run-1,c4-rep1-tcp,airspan-followup-70-20-10,guided-planning,tcp,veh-081,veh-081,rsu-1,c4-rep1-tcp-veh-081-473,ipi-session-1,airspan-followup-c4-rep1,veh-081,473,100-clients,default,stationary,unsynced,true,true,payload_bytes,1024,bytes,IPI-CooperativeService,1099,1786030725393071650,1786030551701187337,1786030551701228970,1786030725712710037,319.638,,0.042,174011.481,"CooperativeService{guidedPlanning, status=request, vehicleId=0x7665682d303831, requestedHorizonMs=2500, confidence=100, planning.waypoints=1, offloadTaskId=probe-473, offloadPayload=1024 bytes}"
5g-sender,1786030726176750797,edge4av-real-20260806-airspan-followup-run-1,c4-rep1-tcp,airspan-followup-70-20-10,guided-planning,tcp,veh-081,veh-081,rsu-1,c4-rep1-tcp-veh-081-474,ipi-session-1,airspan-followup-c4-rep1,veh-081,474,100-clients,default,stationary,unsynced,true,true,payload_bytes,1024,bytes,IPI-CooperativeService,1099,1786030725912908186,1786030552192211459,1786030552192270748,1786030726176750797,263.843,,0.059,173984.480,"CooperativeService{guidedPlanning, status=request, vehicleId=0x7665682d303831, requestedHorizonMs=2500, confidence=100, planning.waypoints=1, offloadTaskId=probe-474, offloadPayload=1024 bytes}"
5g-sender,1786030726560752799,edge4av-real-20260806-airspan-followup-run-1,c4-rep1-tcp,airspan-followup-70-20-10,guided-planning,tcp,veh-081,veh-081,rsu-1,c4-rep1-tcp-veh-081-475,ipi-session-1,airspan-followup-c4-rep1,veh-081,475,100-clients,default,stationary,unsynced,true,true,payload_bytes,1024,bytes,IPI-CooperativeService,1099,1786030726376905496,1786030552562598721,1786030552562649656,1786030726560752799,183.847,,0.051,173998.103,"CooperativeService{guidedPlanning, status=request, vehicleId=0x7665682d303831, requestedHorizonMs=2500, confidence=100, planning.waypoints=1, offloadTaskId=probe-475, offloadPayload=1024 bytes}"
5g-sender,1786030726958817498,edge4av-real-20260806-airspan-followup-run-1,c4-rep1-tcp,airspan-followup-70-20-10,guided-planning,tcp,veh-081,veh-081,rsu-1,c4-rep1-tcp-veh-081-476,ipi-session-1,airspan-followup-c4-rep1,veh-081,476,100-clients,default,stationary,unsynced,true,true,payload_bytes,1024,bytes,IPI-CooperativeService,1099,1786030726760914402,1786030552973600484,1786030552973655901,1786030726958817498,197.903,,0.055,173985.162,"CooperativeService{guidedPlanning, status=request, vehicleId=0x7665682d303831, requestedHorizonMs=2500, confidence=100, planning.waypoints=1, offloadTaskId=probe-476, offloadPayload=1024 bytes}"
5g-sender,1786030727408674182,edge4av-real-20260806-airspan-followup-run-1,c4-rep1-tcp,airspan-followup-70-20-10,guided-planning,tcp,veh-081,veh-081,rsu-1,c4-rep1-tcp-veh-081-477,ipi-session-1,airspan-followup-c4-rep1,veh-081,477,100-clients,default,stationary,unsynced,true,true,payload_bytes,1024,bytes,IPI-CooperativeService,1099,1786030727159001960,1786030553404184983,1786030553404269628,1786030727408674182,249.672,,0.085,174004.405,"CooperativeService{guidedPlanning, status=request, vehicleId=0x7665682d303831, requestedHorizonMs=2500, confidence=100, planning.waypoints=1, offloadTaskId=probe-477, offloadPayload=1024 bytes}"
5g-sender,1786030727822651966,edge4av-real-20260806-airspan-followup-run-1,c4-rep1-tcp,airspan-followup-70-20-10,guided-planning,tcp,veh-081,veh-081,rsu-1,c4-rep1-tcp-veh-081-478,ipi-session-1,airspan-followup-c4-rep1,veh-081,478,100-clients,default,stationary,unsynced,true,true,payload_bytes,1024,bytes,IPI-CooperativeService,1099,1786030727608879816,1786030553844816844,1786030553844870414,1786030727822651966,213.772,,0.054,173977.782,"CooperativeService{guidedPlanning, status=request, vehicleId=0x7665682d303831, requestedHorizonMs=2500, confidence=100, planning.waypoints=1, offloadTaskId=probe-478, offloadPayload=1024 bytes}"
5g-sender,1786030728257972920,edge4av-real-20260806-airspan-followup-run-1,c4-rep1-tcp,airspan-followup-70-20-10,guided-planning,tcp,veh-081,veh-081,rsu-1,c4-rep1-tcp-veh-081-479,ipi-session-1,airspan-followup-c4-rep1,veh-081,479,100-clients,default,stationary,unsynced,true,true,payload_bytes,1024,bytes,IPI-CooperativeService,1099,1786030728022898953,1786030554285392672,1786030554285441870,1786030728257972920,235.074,,0.049,173972.531,"CooperativeService{guidedPlanning, status=request, vehicleId=0x7665682d303831, requestedHorizonMs=2500, confidence=100, planning.waypoints=1, offloadTaskId=probe-479, offloadPayload=1024 bytes}"
5g-sender,1786030728700691233,edge4av-real-20260806-airspan-followup-run-1,c4-rep1-tcp,airspan-followup-70-20-10,guided-planning,tcp,veh-081,veh-081,rsu-1,c4-rep1-tcp-veh-081-480,ipi-session-1,airspan-followup-c4-rep1,veh-081,480,100-clients,default,stationary,unsynced,true,true,payload_bytes,1024,bytes,IPI-CooperativeService,1099,1786030728458118781,1786030554716457034,1786030554716523242,1786030728700691233,242.572,,0.066,173984.168,"CooperativeService{guidedPlanning, status=request, vehicleId=0x7665682d303831, requestedHorizonMs=2500, confidence=100, planning.waypoints=1, offloadTaskId=probe-480, offloadPayload=1024 bytes}"
5g-sender,1786030729156692956,edge4av-real-20260806-airspan-followup-run-1,c4-rep1-tcp,airspan-followup-70-20-10,guided-planning,tcp,veh-081,veh-081,rsu-1,c4-rep1-tcp-veh-081-481,ipi-session-1,airspan-followup-c4-rep1,veh-081,481,100-clients,default,stationary,unsynced,true,true,payload_bytes,1024,bytes,IPI-CooperativeService,1099,1786030728900895340,1786030555177246925,1786030555177315858,1786030729156692956,255.798,,0.069,173979.377,"CooperativeService{guidedPlanning, status=request, vehicleId=0x7665682d303831, requestedHorizonMs=2500, confidence=100, planning.waypoints=1, offloadTaskId=probe-481, offloadPayload=1024 bytes}"
5g-sender,1786030729596876106,edge4av-real-20260806-airspan-followup-run-1,c4-rep1-tcp,airspan-followup-70-20-10,guided-planning,tcp,veh-081,veh-081,rsu-1,c4-rep1-tcp-veh-081-482,ipi-session-1,airspan-followup-c4-rep1,veh-081,482,100-clients,default,stationary,unsynced,true,true,payload_bytes,1024,bytes,IPI-CooperativeService,1099,1786030729356908016,1786030555597881113,1786030555597947021,1786030729596876106,239.968,,0.066,173998.929,"CooperativeService{guidedPlanning, status=request, vehicleId=0x7665682d303831, requestedHorizonMs=2500, confidence=100, planning.waypoints=1, offloadTaskId=probe-482, offloadPayload=1024 bytes}"
5g-sender,1786030730026844952,edge4av-real-20260806-airspan-followup-run-1,c4-rep1-tcp,airspan-followup-70-20-10,guided-planning,tcp,veh-081,veh-081,rsu-1,c4-rep1-tcp-veh-081-483,ipi-session-1,airspan-followup-c4-rep1,veh-081,483,100-clients,default,stationary,unsynced,true,true,payload_bytes,1024,bytes,IPI-CooperativeService,1099,1786030729797131006,1786030556038728265,1786030556038756152,1786030730026844952,229.714,,0.028,173988.089,"CooperativeService{guidedPlanning, status=request, vehicleId=0x7665682d303831, requestedHorizonMs=2500, confidence=100, planning.waypoints=1, offloadTaskId=probe-483, offloadPayload=1024 bytes}"
5g-sender,1786030730405208429,edge4av-real-20260806-airspan-followup-run-1,c4-rep1-tcp,airspan-followup-70-20-10,guided-planning,tcp,veh-081,veh-081,rsu-1,c4-rep1-tcp-veh-081-484,ipi-session-1,airspan-followup-c4-rep1,veh-081,484,100-clients,default,stationary,unsynced,true,true,payload_bytes,1024,bytes,IPI-CooperativeService,1099,1786030730227020732,1786030556419436964,1786030556419479992,1786030730405208429,178.188,,0.043,173985.728,"CooperativeService{guidedPlanning, status=request, vehicleId=0x7665682d303831, requestedHorizonMs=2500, confidence=100, planning.waypoints=1, offloadTaskId=probe-484, offloadPayload=1024 bytes}"
5g-sender,1786030730884767025,edge4av-real-20260806-airspan-followup-run-1,c4-rep1-tcp,airspan-followup-70-20-10,guided-planning,tcp,veh-081,veh-081,rsu-1,c4-rep1-tcp-veh-081-485,ipi-session-1,airspan-followup-c4-rep1,veh-081,485,100-clients,default,stationary,unsynced,true,true,payload_bytes,1024,bytes,IPI-CooperativeService,1099,1786030730605444773,1786030556900149593,1786030556900187194,1786030730884767025,279.322,,0.038,173984.580,"CooperativeService{guidedPlanning, status=request, vehicleId=0x7665682d303831, requestedHorizonMs=2500, confidence=100, planning.waypoints=1, offloadTaskId=probe-485, offloadPayload=1024 bytes}"
5g-sender,1786030731224674453,edge4av-real-20260806-airspan-followup-run-1,c4-rep1-tcp,airspan-followup-70-20-10,guided-planning,tcp,veh-081,veh-081,rsu-1,c4-rep1-tcp-veh-081-486,ipi-session-1,airspan-followup-c4-rep1,veh-081,486,100-clients,default,stationary,unsynced,true,true,payload_bytes,1024,bytes,IPI-CooperativeService,1099,1786030731085030655,1786030557251152536,1786030557251218407,1786030731224674453,139.644,,0.066,173973.456,"CooperativeService{guidedPlanning, status=request, vehicleId=0x7665682d303831, requestedHorizonMs=2500, confidence=100, planning.waypoints=1, offloadTaskId=probe-486, offloadPayload=1024 bytes}"
5g-sender,1786030731655814799,edge4av-real-20260806-airspan-followup-run-1,c4-rep1-tcp,airspan-followup-70-20-10,guided-planning,tcp,veh-081,veh-081,rsu-1,c4-rep1-tcp-veh-081-487,ipi-session-1,airspan-followup-c4-rep1,veh-081,487,100-clients,default,stationary,unsynced,true,true,payload_bytes,1024,bytes,IPI-CooperativeService,1099,1786030731424834848,1786030557621648673,1786030557621724879,1786030731655814799,230.980,,0.076,174034.090,"CooperativeService{guidedPlanning, status=request, vehicleId=0x7665682d303831, requestedHorizonMs=2500, confidence=100, planning.waypoints=1, offloadTaskId=probe-487, offloadPayload=1024 bytes}"
5g-sender,1786030732078925961,edge4av-real-20260806-airspan-followup-run-1,c4-rep1-tcp,airspan-followup-70-20-10,guided-planning,tcp,veh-081,veh-081,rsu-1,c4-rep1-tcp-veh-081-488,ipi-session-1,airspan-followup-c4-rep1,veh-081,488,100-clients,default,stationary,unsynced,true,true,payload_bytes,1024,bytes,IPI-CooperativeService,1099,1786030731855998803,1786030558092460720,1786030558092541002,1786030732078925961,222.927,,0.080,173986.385,"CooperativeService{guidedPlanning, status=request, vehicleId=0x7665682d303831, requestedHorizonMs=2500, confidence=100, planning.waypoints=1, offloadTaskId=probe-488, offloadPayload=1024 bytes}"
5g-sender,1786030732528752651,edge4av-real-20260806-airspan-followup-run-1,c4-rep1-tcp,airspan-followup-70-20-10,guided-planning,tcp,veh-081,veh-081,rsu-1,c4-rep1-tcp-veh-081-489,ipi-session-1,airspan-followup-c4-rep1,veh-081,489,100-clients,default,stationary,unsynced,true,true,payload_bytes,1024,bytes,IPI-CooperativeService,1099,1786030732279101898,1786030558533205766,1786030558533263408,1786030732528752651,249.651,,0.058,173995.489,"CooperativeService{guidedPlanning, status=request, vehicleId=0x7665682d303831, requestedHorizonMs=2500, confidence=100, planning.waypoints=1, offloadTaskId=probe-489, offloadPayload=1024 bytes}"
5g-sender,1786030732942954429,edge4av-real-20260806-airspan-followup-run-1,c4-rep1-tcp,airspan-followup-70-20-10,guided-planning,tcp,veh-081,veh-081,rsu-1,c4-rep1-tcp-veh-081-490,ipi-session-1,airspan-followup-c4-rep1,veh-081,490,100-clients,default,stationary,unsynced,true,true,payload_bytes,1024,bytes,IPI-CooperativeService,1099,1786030732728929098,1786030558943904375,1786030558943956772,1786030732942954429,214.025,,0.052,173998.998,"CooperativeService{guidedPlanning, status=request, vehicleId=0x7665682d303831, requestedHorizonMs=2500, confidence=100, planning.waypoints=1, offloadTaskId=probe-490, offloadPayload=1024 bytes}"
5g-sender,1786030733400858460,edge4av-real-20260806-airspan-followup-run-1,c4-rep1-tcp,airspan-followup-70-20-10,guided-planning,tcp,veh-081,veh-081,rsu-1,c4-rep1-tcp-veh-081-491,ipi-session-1,airspan-followup-c4-rep1,veh-081,491,100-clients,default,stationary,unsynced,true,true,payload_bytes,1024,bytes,IPI-CooperativeService,1099,1786030733143198297,1786030559394705014,1786030559394754805,1786030733400858460,257.660,,0.050,174006.104,"CooperativeService{guidedPlanning, status=request, vehicleId=0x7665682d303831, requestedHorizonMs=2500, confidence=100, planning.waypoints=1, offloadTaskId=probe-491, offloadPayload=1024 bytes}"
5g-sender,1786030733860904435,edge4av-real-20260806-airspan-followup-run-1,c4-rep1-tcp,airspan-followup-70-20-10,guided-planning,tcp,veh-081,veh-081,rsu-1,c4-rep1-tcp-veh-081-492,ipi-session-1,airspan-followup-c4-rep1,veh-081,492,100-clients,default,stationary,unsynced,true,true,payload_bytes,1024,bytes,IPI-CooperativeService,1099,1786030733601082829,1786030559885399931,1786030559885456760,1786030733860904435,259.822,,0.057,173975.448,"CooperativeService{guidedPlanning, status=request, vehicleId=0x7665682d303831, requestedHorizonMs=2500, confidence=100, planning.waypoints=1, offloadTaskId=probe-492, offloadPayload=1024 bytes}"
5g-sender,1786030734336999717,edge4av-real-20260806-airspan-followup-run-1,c4-rep1-tcp,airspan-followup-70-20-10,guided-planning,tcp,veh-081,veh-081,rsu-1,c4-rep1-tcp-veh-081-493,ipi-session-1,airspan-followup-c4-rep1,veh-081,493,100-clients,default,stationary,unsynced,true,true,payload_bytes,1024,bytes,IPI-CooperativeService,1099,1786030734061081717,1786030560346236164,1786030560346291079,1786030734336999717,275.918,,0.055,173990.709,"CooperativeService{guidedPlanning, status=request, vehicleId=0x7665682d303831, requestedHorizonMs=2500, confidence=100, planning.waypoints=1, offloadTaskId=probe-493, offloadPayload=1024 bytes}"
5g-sender,1786030734764845718,edge4av-real-20260806-airspan-followup-run-1,c4-rep1-tcp,airspan-followup-70-20-10,guided-planning,tcp,veh-081,veh-081,rsu-1,c4-rep1-tcp-veh-081-494,ipi-session-1,airspan-followup-c4-rep1,veh-081,494,100-clients,default,stationary,unsynced,true,true,payload_bytes,1024,bytes,IPI-CooperativeService,1099,1786030734537187464,1786030560766789026,1786030560766823794,1786030734764845718,227.658,,0.035,173998.022,"CooperativeService{guidedPlanning, status=request, vehicleId=0x7665682d303831, requestedHorizonMs=2500, confidence=100, planning.waypoints=1, offloadTaskId=probe-494, offloadPayload=1024 bytes}"
5g-sender,1786030735226904950,edge4av-real-20260806-airspan-followup-run-1,c4-rep1-tcp,airspan-followup-70-20-10,guided-planning,tcp,veh-081,veh-081,rsu-1,c4-rep1-tcp-veh-081-495,ipi-session-1,airspan-followup-c4-rep1,veh-081,495,100-clients,default,stationary,unsynced,true,true,payload_bytes,1024,bytes,IPI-CooperativeService,1099,1786030734965051473,1786030561238016822,1786030561238058022,1786030735226904950,261.853,,0.041,173988.847,"CooperativeService{guidedPlanning, status=request, vehicleId=0x7665682d303831, requestedHorizonMs=2500, confidence=100, planning.waypoints=1, offloadTaskId=probe-495, offloadPayload=1024 bytes}"
5g-sender,1786030735632903430,edge4av-real-20260806-airspan-followup-run-1,c4-rep1-tcp,airspan-followup-70-20-10,guided-planning,tcp,veh-081,veh-081,rsu-1,c4-rep1-tcp-veh-081-496,ipi-session-1,airspan-followup-c4-rep1,veh-081,496,100-clients,default,stationary,unsynced,true,true,payload_bytes,1024,bytes,IPI-CooperativeService,1099,1786030735427052376,1786030561648879110,1786030561648922687,1786030735632903430,205.851,,0.044,173983.981,"CooperativeService{guidedPlanning, status=request, vehicleId=0x7665682d303831, requestedHorizonMs=2500, confidence=100, planning.waypoints=1, offloadTaskId=probe-496, offloadPayload=1024 bytes}"
5g-sender,1786030736024918493,edge4av-real-20260806-airspan-followup-run-1,c4-rep1-tcp,airspan-followup-70-20-10,guided-planning,tcp,veh-081,veh-081,rsu-1,c4-rep1-tcp-veh-081-497,ipi-session-1,airspan-followup-c4-rep1,veh-081,497,100-clients,default,stationary,unsynced,true,true,payload_bytes,1024,bytes,IPI-CooperativeService,1099,1786030735833090122,1786030562029056770,1786030562029096694,1786030736024918493,191.828,,0.040,173995.822,"CooperativeService{guidedPlanning, status=request, vehicleId=0x7665682d303831, requestedHorizonMs=2500, confidence=100, planning.waypoints=1, offloadTaskId=probe-497, offloadPayload=1024 bytes}"
5g-sender,1786030736386916738,edge4av-real-20260806-airspan-followup-run-1,c4-rep1-tcp,airspan-followup-70-20-10,guided-planning,tcp,veh-081,veh-081,rsu-1,c4-rep1-tcp-veh-081-498,ipi-session-1,airspan-followup-c4-rep1,veh-081,498,100-clients,default,stationary,unsynced,true,true,payload_bytes,1024,bytes,IPI-CooperativeService,1099,1786030736225122451,1786030562410230776,1786030562410283282,1786030736386916738,161.794,,0.053,173976.633,"CooperativeService{guidedPlanning, status=request, vehicleId=0x7665682d303831, requestedHorizonMs=2500, confidence=100, planning.waypoints=1, offloadTaskId=probe-498, offloadPayload=1024 bytes}"
5g-sender,1786030736722984892,edge4av-real-20260806-airspan-followup-run-1,c4-rep1-tcp,airspan-followup-70-20-10,guided-planning,tcp,veh-081,veh-081,rsu-1,c4-rep1-tcp-veh-081-499,ipi-session-1,airspan-followup-c4-rep1,veh-081,499,100-clients,default,stationary,unsynced,true,true,payload_bytes,1024,bytes,IPI-CooperativeService,1099,1786030736587117760,1786030562740560455,1786030562740668035,1786030736722984892,135.867,,0.108,173982.317,"CooperativeService{guidedPlanning, status=request, vehicleId=0x7665682d303831, requestedHorizonMs=2500, confidence=100, planning.waypoints=1, offloadTaskId=probe-499, offloadPayload=1024 bytes}"
5g-sender,1786030737044731344,edge4av-real-20260806-airspan-followup-run-1,c4-rep1-tcp,airspan-followup-70-20-10,guided-planning,tcp,veh-081,veh-081,rsu-1,c4-rep1-tcp-veh-081-500,ipi-session-1,airspan-followup-c4-rep1,veh-081,500,100-clients,default,stationary,unsynced,true,true,payload_bytes,1024,bytes,IPI-CooperativeService,1099,1786030736923166070,1786030563070959470,1786030563071043368,1786030737044731344,121.565,,0.084,173973.688,"CooperativeService{guidedPlanning, status=request, vehicleId=0x7665682d303831, requestedHorizonMs=2500, confidence=100, planning.waypoints=1, offloadTaskId=probe-500, offloadPayload=1024 bytes}"
