threaded mqtt broker listening on 0.0.0.0:1883
1787070299.637315 accept ('10.120.121.31', 46744)
1787070299.639012 close ('10.120.121.31', 46744) closed
1787070300.381103 accept ('127.0.0.1', 51592)
1787070300.381723 subscribe ('127.0.0.1', 51592) edge4av/airspan-tdd-downlink-location_3/raw-downlink/veh-001/request
1787070304.062451 accept ('10.120.121.31', 46758)
1787070304.102431 subscribe ('10.120.121.31', 46758) edge4av/airspan-tdd-downlink-location_3/raw-downlink/veh-001/response
1787070304.132442 publish topic=edge4av/airspan-tdd-downlink-location_3/raw-downlink/veh-001/request bytes=28 forwarded=1
1787070304.132755 publish topic=edge4av/airspan-tdd-downlink-location_3/raw-downlink/veh-001/response bytes=10272 forwarded=1
1787070304.362934 publish topic=edge4av/airspan-tdd-downlink-location_3/raw-downlink/veh-001/request bytes=28 forwarded=1
1787070304.363747 publish topic=edge4av/airspan-tdd-downlink-location_3/raw-downlink/veh-001/response bytes=10272 forwarded=1
1787070304.593253 publish topic=edge4av/airspan-tdd-downlink-location_3/raw-downlink/veh-001/request bytes=28 forwarded=1
1787070304.593973 publish topic=edge4av/airspan-tdd-downlink-location_3/raw-downlink/veh-001/response bytes=10272 forwarded=1
1787070304.833718 publish topic=edge4av/airspan-tdd-downlink-location_3/raw-downlink/veh-001/request bytes=28 forwarded=1
1787070304.834471 publish topic=edge4av/airspan-tdd-downlink-location_3/raw-downlink/veh-001/response bytes=10272 forwarded=1
1787070305.073614 publish topic=edge4av/airspan-tdd-downlink-location_3/raw-downlink/veh-001/request bytes=28 forwarded=1
1787070305.074084 publish topic=edge4av/airspan-tdd-downlink-location_3/raw-downlink/veh-001/response bytes=10272 forwarded=1
1787070305.294172 publish topic=edge4av/airspan-tdd-downlink-location_3/raw-downlink/veh-001/request bytes=28 forwarded=1
1787070305.294907 publish topic=edge4av/airspan-tdd-downlink-location_3/raw-downlink/veh-001/response bytes=10272 forwarded=1
1787070305.534331 publish topic=edge4av/airspan-tdd-downlink-location_3/raw-downlink/veh-001/request bytes=28 forwarded=1
1787070305.535073 publish topic=edge4av/airspan-tdd-downlink-location_3/raw-downlink/veh-001/response bytes=10272 forwarded=1
1787070305.754544 publish topic=edge4av/airspan-tdd-downlink-location_3/raw-downlink/veh-001/request bytes=28 forwarded=1
1787070305.754815 publish topic=edge4av/airspan-tdd-downlink-location_3/raw-downlink/veh-001/response bytes=10272 forwarded=1
1787070305.995061 publish topic=edge4av/airspan-tdd-downlink-location_3/raw-downlink/veh-001/request bytes=28 forwarded=1
1787070305.995836 publish topic=edge4av/airspan-tdd-downlink-location_3/raw-downlink/veh-001/response bytes=10272 forwarded=1
1787070306.235271 publish topic=edge4av/airspan-tdd-downlink-location_3/raw-downlink/veh-001/request bytes=28 forwarded=1
1787070306.235998 publish topic=edge4av/airspan-tdd-downlink-location_3/raw-downlink/veh-001/response bytes=10272 forwarded=1
1787070306.475777 publish topic=edge4av/airspan-tdd-downlink-location_3/raw-downlink/veh-001/request bytes=28 forwarded=1
1787070306.476549 publish topic=edge4av/airspan-tdd-downlink-location_3/raw-downlink/veh-001/response bytes=10272 forwarded=1
1787070306.715896 publish topic=edge4av/airspan-tdd-downlink-location_3/raw-downlink/veh-001/request bytes=28 forwarded=1
1787070306.716759 publish topic=edge4av/airspan-tdd-downlink-location_3/raw-downlink/veh-001/response bytes=10272 forwarded=1
1787070306.955897 publish topic=edge4av/airspan-tdd-downlink-location_3/raw-downlink/veh-001/request bytes=28 forwarded=1
1787070306.956106 publish topic=edge4av/airspan-tdd-downlink-location_3/raw-downlink/veh-001/response bytes=10272 forwarded=1
1787070307.196452 publish topic=edge4av/airspan-tdd-downlink-location_3/raw-downlink/veh-001/request bytes=28 forwarded=1
1787070307.197229 publish topic=edge4av/airspan-tdd-downlink-location_3/raw-downlink/veh-001/response bytes=10272 forwarded=1
1787070307.436578 publish topic=edge4av/airspan-tdd-downlink-location_3/raw-downlink/veh-001/request bytes=28 forwarded=1
1787070307.437000 publish topic=edge4av/airspan-tdd-downlink-location_3/raw-downlink/veh-001/response bytes=10272 forwarded=1
1787070307.697062 publish topic=edge4av/airspan-tdd-downlink-location_3/raw-downlink/veh-001/request bytes=28 forwarded=1
1787070307.697838 publish topic=edge4av/airspan-tdd-downlink-location_3/raw-downlink/veh-001/response bytes=10272 forwarded=1
1787070307.927609 publish topic=edge4av/airspan-tdd-downlink-location_3/raw-downlink/veh-001/request bytes=28 forwarded=1
1787070307.928388 publish topic=edge4av/airspan-tdd-downlink-location_3/raw-downlink/veh-001/response bytes=10272 forwarded=1
1787070308.157749 publish topic=edge4av/airspan-tdd-downlink-location_3/raw-downlink/veh-001/request bytes=28 forwarded=1
1787070308.158672 publish topic=edge4av/airspan-tdd-downlink-location_3/raw-downlink/veh-001/response bytes=10272 forwarded=1
1787070308.398052 publish topic=edge4av/airspan-tdd-downlink-location_3/raw-downlink/veh-001/request bytes=28 forwarded=1
1787070308.398869 publish topic=edge4av/airspan-tdd-downlink-location_3/raw-downlink/veh-001/response bytes=10272 forwarded=1
1787070308.628401 publish topic=edge4av/airspan-tdd-downlink-location_3/raw-downlink/veh-001/request bytes=28 forwarded=1
1787070308.629159 publish topic=edge4av/airspan-tdd-downlink-location_3/raw-downlink/veh-001/response bytes=10272 forwarded=1
1787070308.848809 publish topic=edge4av/airspan-tdd-downlink-location_3/raw-downlink/veh-001/request bytes=28 forwarded=1
1787070308.849604 publish topic=edge4av/airspan-tdd-downlink-location_3/raw-downlink/veh-001/response bytes=10272 forwarded=1
1787070309.078634 publish topic=edge4av/airspan-tdd-downlink-location_3/raw-downlink/veh-001/request bytes=28 forwarded=1
1787070309.078971 publish topic=edge4av/airspan-tdd-downlink-location_3/raw-downlink/veh-001/response bytes=10272 forwarded=1
1787070309.299217 publish topic=edge4av/airspan-tdd-downlink-location_3/raw-downlink/veh-001/request bytes=28 forwarded=1
1787070309.300012 publish topic=edge4av/airspan-tdd-downlink-location_3/raw-downlink/veh-001/response bytes=10272 forwarded=1
1787070309.529407 publish topic=edge4av/airspan-tdd-downlink-location_3/raw-downlink/veh-001/request bytes=28 forwarded=1
1787070309.530227 publish topic=edge4av/airspan-tdd-downlink-location_3/raw-downlink/veh-001/response bytes=10272 forwarded=1
1787070309.749612 publish topic=edge4av/airspan-tdd-downlink-location_3/raw-downlink/veh-001/request bytes=28 forwarded=1
1787070309.750352 publish topic=edge4av/airspan-tdd-downlink-location_3/raw-downlink/veh-001/response bytes=10272 forwarded=1
1787070309.970073 publish topic=edge4av/airspan-tdd-downlink-location_3/raw-downlink/veh-001/request bytes=28 forwarded=1
1787070309.970859 publish topic=edge4av/airspan-tdd-downlink-location_3/raw-downlink/veh-001/response bytes=10272 forwarded=1
1787070310.200126 publish topic=edge4av/airspan-tdd-downlink-location_3/raw-downlink/veh-001/request bytes=28 forwarded=1
1787070310.200953 publish topic=edge4av/airspan-tdd-downlink-location_3/raw-downlink/veh-001/response bytes=10272 forwarded=1
1787070310.430383 publish topic=edge4av/airspan-tdd-downlink-location_3/raw-downlink/veh-001/request bytes=28 forwarded=1
1787070310.430918 publish topic=edge4av/airspan-tdd-downlink-location_3/raw-downlink/veh-001/response bytes=10272 forwarded=1
1787070310.650787 publish topic=edge4av/airspan-tdd-downlink-location_3/raw-downlink/veh-001/request bytes=28 forwarded=1
1787070310.651528 publish topic=edge4av/airspan-tdd-downlink-location_3/raw-downlink/veh-001/response bytes=10272 forwarded=1
1787070310.881023 publish topic=edge4av/airspan-tdd-downlink-location_3/raw-downlink/veh-001/request bytes=28 forwarded=1
1787070310.881460 publish topic=edge4av/airspan-tdd-downlink-location_3/raw-downlink/veh-001/response bytes=10272 forwarded=1
1787070311.111264 publish topic=edge4av/airspan-tdd-downlink-location_3/raw-downlink/veh-001/request bytes=28 forwarded=1
1787070311.112011 publish topic=edge4av/airspan-tdd-downlink-location_3/raw-downlink/veh-001/response bytes=10272 forwarded=1
1787070311.341652 publish topic=edge4av/airspan-tdd-downlink-location_3/raw-downlink/veh-001/request bytes=28 forwarded=1
1787070311.342518 publish topic=edge4av/airspan-tdd-downlink-location_3/raw-downlink/veh-001/response bytes=10272 forwarded=1
1787070311.572102 publish topic=edge4av/airspan-tdd-downlink-location_3/raw-downlink/veh-001/request bytes=28 forwarded=1
1787070311.573062 publish topic=edge4av/airspan-tdd-downlink-location_3/raw-downlink/veh-001/response bytes=10272 forwarded=1
1787070311.802357 publish topic=edge4av/airspan-tdd-downlink-location_3/raw-downlink/veh-001/request bytes=28 forwarded=1
1787070311.803199 publish topic=edge4av/airspan-tdd-downlink-location_3/raw-downlink/veh-001/response bytes=10272 forwarded=1
1787070312.032239 publish topic=edge4av/airspan-tdd-downlink-location_3/raw-downlink/veh-001/request bytes=28 forwarded=1
1787070312.032728 publish topic=edge4av/airspan-tdd-downlink-location_3/raw-downlink/veh-001/response bytes=10272 forwarded=1
1787070312.262559 publish topic=edge4av/airspan-tdd-downlink-location_3/raw-downlink/veh-001/request bytes=28 forwarded=1
1787070312.264223 publish topic=edge4av/airspan-tdd-downlink-location_3/raw-downlink/veh-001/response bytes=10272 forwarded=1
1787070312.493035 publish topic=edge4av/airspan-tdd-downlink-location_3/raw-downlink/veh-001/request bytes=28 forwarded=1
1787070312.493814 publish topic=edge4av/airspan-tdd-downlink-location_3/raw-downlink/veh-001/response bytes=10272 forwarded=1
1787070312.723405 publish topic=edge4av/airspan-tdd-downlink-location_3/raw-downlink/veh-001/request bytes=28 forwarded=1
1787070312.724186 publish topic=edge4av/airspan-tdd-downlink-location_3/raw-downlink/veh-001/response bytes=10272 forwarded=1
1787070312.953659 publish topic=edge4av/airspan-tdd-downlink-location_3/raw-downlink/veh-001/request bytes=28 forwarded=1
1787070312.954400 publish topic=edge4av/airspan-tdd-downlink-location_3/raw-downlink/veh-001/response bytes=10272 forwarded=1
1787070313.194131 publish topic=edge4av/airspan-tdd-downlink-location_3/raw-downlink/veh-001/request bytes=28 forwarded=1
1787070313.194917 publish topic=edge4av/airspan-tdd-downlink-location_3/raw-downlink/veh-001/response bytes=10272 forwarded=1
1787070313.444273 publish topic=edge4av/airspan-tdd-downlink-location_3/raw-downlink/veh-001/request bytes=28 forwarded=1
1787070313.445100 publish topic=edge4av/airspan-tdd-downlink-location_3/raw-downlink/veh-001/response bytes=10272 forwarded=1
1787070313.674407 publish topic=edge4av/airspan-tdd-downlink-location_3/raw-downlink/veh-001/request bytes=28 forwarded=1
1787070313.674690 publish topic=edge4av/airspan-tdd-downlink-location_3/raw-downlink/veh-001/response bytes=10272 forwarded=1
1787070313.915001 publish topic=edge4av/airspan-tdd-downlink-location_3/raw-downlink/veh-001/request bytes=28 forwarded=1
1787070313.915563 publish topic=edge4av/airspan-tdd-downlink-location_3/raw-downlink/veh-001/response bytes=10272 forwarded=1
1787070314.145422 publish topic=edge4av/airspan-tdd-downlink-location_3/raw-downlink/veh-001/request bytes=28 forwarded=1
1787070314.146215 publish topic=edge4av/airspan-tdd-downlink-location_3/raw-downlink/veh-001/response bytes=10272 forwarded=1
1787070314.375420 publish topic=edge4av/airspan-tdd-downlink-location_3/raw-downlink/veh-001/request bytes=28 forwarded=1
1787070314.376153 publish topic=edge4av/airspan-tdd-downlink-location_3/raw-downlink/veh-001/response bytes=10272 forwarded=1
1787070314.605740 publish topic=edge4av/airspan-tdd-downlink-location_3/raw-downlink/veh-001/request bytes=28 forwarded=1
1787070314.606512 publish topic=edge4av/airspan-tdd-downlink-location_3/raw-downlink/veh-001/response bytes=10272 forwarded=1
1787070314.836001 publish topic=edge4av/airspan-tdd-downlink-location_3/raw-downlink/veh-001/request bytes=28 forwarded=1
1787070314.836308 publish topic=edge4av/airspan-tdd-downlink-location_3/raw-downlink/veh-001/response bytes=10272 forwarded=1
1787070315.076262 publish topic=edge4av/airspan-tdd-downlink-location_3/raw-downlink/veh-001/request bytes=28 forwarded=1
1787070315.076682 publish topic=edge4av/airspan-tdd-downlink-location_3/raw-downlink/veh-001/response bytes=10272 forwarded=1
1787070315.306688 publish topic=edge4av/airspan-tdd-downlink-location_3/raw-downlink/veh-001/request bytes=28 forwarded=1
1787070315.307468 publish topic=edge4av/airspan-tdd-downlink-location_3/raw-downlink/veh-001/response bytes=10272 forwarded=1
1787070315.536784 publish topic=edge4av/airspan-tdd-downlink-location_3/raw-downlink/veh-001/request bytes=28 forwarded=1
1787070315.537298 publish topic=edge4av/airspan-tdd-downlink-location_3/raw-downlink/veh-001/response bytes=10272 forwarded=1
1787070315.767322 publish topic=edge4av/airspan-tdd-downlink-location_3/raw-downlink/veh-001/request bytes=28 forwarded=1
1787070315.768112 publish topic=edge4av/airspan-tdd-downlink-location_3/raw-downlink/veh-001/response bytes=10272 forwarded=1
1787070315.997354 publish topic=edge4av/airspan-tdd-downlink-location_3/raw-downlink/veh-001/request bytes=28 forwarded=1
1787070315.997715 publish topic=edge4av/airspan-tdd-downlink-location_3/raw-downlink/veh-001/response bytes=10272 forwarded=1
1787070316.227762 publish topic=edge4av/airspan-tdd-downlink-location_3/raw-downlink/veh-001/request bytes=28 forwarded=1
1787070316.228491 publish topic=edge4av/airspan-tdd-downlink-location_3/raw-downlink/veh-001/response bytes=10272 forwarded=1
1787070316.458258 publish topic=edge4av/airspan-tdd-downlink-location_3/raw-downlink/veh-001/request bytes=28 forwarded=1
1787070316.459023 publish topic=edge4av/airspan-tdd-downlink-location_3/raw-downlink/veh-001/response bytes=10272 forwarded=1
1787070316.678333 publish topic=edge4av/airspan-tdd-downlink-location_3/raw-downlink/veh-001/request bytes=28 forwarded=1
1787070316.679085 publish topic=edge4av/airspan-tdd-downlink-location_3/raw-downlink/veh-001/response bytes=10272 forwarded=1
1787070316.908870 publish topic=edge4av/airspan-tdd-downlink-location_3/raw-downlink/veh-001/request bytes=28 forwarded=1
1787070316.909626 publish topic=edge4av/airspan-tdd-downlink-location_3/raw-downlink/veh-001/response bytes=10272 forwarded=1
1787070317.128974 publish topic=edge4av/airspan-tdd-downlink-location_3/raw-downlink/veh-001/request bytes=28 forwarded=1
1787070317.129433 publish topic=edge4av/airspan-tdd-downlink-location_3/raw-downlink/veh-001/response bytes=10272 forwarded=1
1787070317.349075 publish topic=edge4av/airspan-tdd-downlink-location_3/raw-downlink/veh-001/request bytes=28 forwarded=1
1787070317.349769 publish topic=edge4av/airspan-tdd-downlink-location_3/raw-downlink/veh-001/response bytes=10272 forwarded=1
1787070317.569434 publish topic=edge4av/airspan-tdd-downlink-location_3/raw-downlink/veh-001/request bytes=28 forwarded=1
1787070317.570217 publish topic=edge4av/airspan-tdd-downlink-location_3/raw-downlink/veh-001/response bytes=10272 forwarded=1
1787070317.789938 publish topic=edge4av/airspan-tdd-downlink-location_3/raw-downlink/veh-001/request bytes=28 forwarded=1
1787070317.790691 publish topic=edge4av/airspan-tdd-downlink-location_3/raw-downlink/veh-001/response bytes=10272 forwarded=1
1787070318.010169 publish topic=edge4av/airspan-tdd-downlink-location_3/raw-downlink/veh-001/request bytes=28 forwarded=1
1787070318.010946 publish topic=edge4av/airspan-tdd-downlink-location_3/raw-downlink/veh-001/response bytes=10272 forwarded=1
1787070318.240145 publish topic=edge4av/airspan-tdd-downlink-location_3/raw-downlink/veh-001/request bytes=28 forwarded=1
1787070318.240417 publish topic=edge4av/airspan-tdd-downlink-location_3/raw-downlink/veh-001/response bytes=10272 forwarded=1
1787070318.470634 publish topic=edge4av/airspan-tdd-downlink-location_3/raw-downlink/veh-001/request bytes=28 forwarded=1
1787070318.471343 publish topic=edge4av/airspan-tdd-downlink-location_3/raw-downlink/veh-001/response bytes=10272 forwarded=1
1787070318.701068 publish topic=edge4av/airspan-tdd-downlink-location_3/raw-downlink/veh-001/request bytes=28 forwarded=1
1787070318.701816 publish topic=edge4av/airspan-tdd-downlink-location_3/raw-downlink/veh-001/response bytes=10272 forwarded=1
1787070318.940990 publish topic=edge4av/airspan-tdd-downlink-location_3/raw-downlink/veh-001/request bytes=28 forwarded=1
1787070318.941231 publish topic=edge4av/airspan-tdd-downlink-location_3/raw-downlink/veh-001/response bytes=10272 forwarded=1
1787070319.161202 publish topic=edge4av/airspan-tdd-downlink-location_3/raw-downlink/veh-001/request bytes=28 forwarded=1
1787070319.161530 publish topic=edge4av/airspan-tdd-downlink-location_3/raw-downlink/veh-001/response bytes=10272 forwarded=1
1787070319.391623 publish topic=edge4av/airspan-tdd-downlink-location_3/raw-downlink/veh-001/request bytes=28 forwarded=1
1787070319.391895 publish topic=edge4av/airspan-tdd-downlink-location_3/raw-downlink/veh-001/response bytes=10272 forwarded=1
1787070319.622075 publish topic=edge4av/airspan-tdd-downlink-location_3/raw-downlink/veh-001/request bytes=28 forwarded=1
1787070319.622818 publish topic=edge4av/airspan-tdd-downlink-location_3/raw-downlink/veh-001/response bytes=10272 forwarded=1
1787070319.852269 publish topic=edge4av/airspan-tdd-downlink-location_3/raw-downlink/veh-001/request bytes=28 forwarded=1
1787070319.853079 publish topic=edge4av/airspan-tdd-downlink-location_3/raw-downlink/veh-001/response bytes=10272 forwarded=1
1787070320.082699 publish topic=edge4av/airspan-tdd-downlink-location_3/raw-downlink/veh-001/request bytes=28 forwarded=1
1787070320.083657 publish topic=edge4av/airspan-tdd-downlink-location_3/raw-downlink/veh-001/response bytes=10272 forwarded=1
1787070320.312846 publish topic=edge4av/airspan-tdd-downlink-location_3/raw-downlink/veh-001/request bytes=28 forwarded=1
1787070320.313213 publish topic=edge4av/airspan-tdd-downlink-location_3/raw-downlink/veh-001/response bytes=10272 forwarded=1
1787070320.543304 publish topic=edge4av/airspan-tdd-downlink-location_3/raw-downlink/veh-001/request bytes=28 forwarded=1
1787070320.543623 publish topic=edge4av/airspan-tdd-downlink-location_3/raw-downlink/veh-001/response bytes=10272 forwarded=1
1787070320.773738 publish topic=edge4av/airspan-tdd-downlink-location_3/raw-downlink/veh-001/request bytes=28 forwarded=1
1787070320.774486 publish topic=edge4av/airspan-tdd-downlink-location_3/raw-downlink/veh-001/response bytes=10272 forwarded=1
1787070321.004138 publish topic=edge4av/airspan-tdd-downlink-location_3/raw-downlink/veh-001/request bytes=28 forwarded=1
1787070321.004914 publish topic=edge4av/airspan-tdd-downlink-location_3/raw-downlink/veh-001/response bytes=10272 forwarded=1
1787070321.224029 publish topic=edge4av/airspan-tdd-downlink-location_3/raw-downlink/veh-001/request bytes=28 forwarded=1
1787070321.224806 publish topic=edge4av/airspan-tdd-downlink-location_3/raw-downlink/veh-001/response bytes=10272 forwarded=1
1787070321.454387 publish topic=edge4av/airspan-tdd-downlink-location_3/raw-downlink/veh-001/request bytes=28 forwarded=1
1787070321.455117 publish topic=edge4av/airspan-tdd-downlink-location_3/raw-downlink/veh-001/response bytes=10272 forwarded=1
1787070321.684448 publish topic=edge4av/airspan-tdd-downlink-location_3/raw-downlink/veh-001/request bytes=28 forwarded=1
1787070321.684804 publish topic=edge4av/airspan-tdd-downlink-location_3/raw-downlink/veh-001/response bytes=10272 forwarded=1
1787070321.914931 publish topic=edge4av/airspan-tdd-downlink-location_3/raw-downlink/veh-001/request bytes=28 forwarded=1
1787070321.915642 publish topic=edge4av/airspan-tdd-downlink-location_3/raw-downlink/veh-001/response bytes=10272 forwarded=1
1787070322.145402 publish topic=edge4av/airspan-tdd-downlink-location_3/raw-downlink/veh-001/request bytes=28 forwarded=1
1787070322.146124 publish topic=edge4av/airspan-tdd-downlink-location_3/raw-downlink/veh-001/response bytes=10272 forwarded=1
1787070322.376063 publish topic=edge4av/airspan-tdd-downlink-location_3/raw-downlink/veh-001/request bytes=28 forwarded=1
1787070322.376892 publish topic=edge4av/airspan-tdd-downlink-location_3/raw-downlink/veh-001/response bytes=10272 forwarded=1
1787070322.605798 publish topic=edge4av/airspan-tdd-downlink-location_3/raw-downlink/veh-001/request bytes=28 forwarded=1
1787070322.606487 publish topic=edge4av/airspan-tdd-downlink-location_3/raw-downlink/veh-001/response bytes=10272 forwarded=1
1787070322.836127 publish topic=edge4av/airspan-tdd-downlink-location_3/raw-downlink/veh-001/request bytes=28 forwarded=1
1787070322.836493 publish topic=edge4av/airspan-tdd-downlink-location_3/raw-downlink/veh-001/response bytes=10272 forwarded=1
1787070323.066296 publish topic=edge4av/airspan-tdd-downlink-location_3/raw-downlink/veh-001/request bytes=28 forwarded=1
1787070323.066895 publish topic=edge4av/airspan-tdd-downlink-location_3/raw-downlink/veh-001/response bytes=10272 forwarded=1
1787070323.296725 publish topic=edge4av/airspan-tdd-downlink-location_3/raw-downlink/veh-001/request bytes=28 forwarded=1
1787070323.297038 publish topic=edge4av/airspan-tdd-downlink-location_3/raw-downlink/veh-001/response bytes=10272 forwarded=1
1787070323.527287 publish topic=edge4av/airspan-tdd-downlink-location_3/raw-downlink/veh-001/request bytes=28 forwarded=1
1787070323.528006 publish topic=edge4av/airspan-tdd-downlink-location_3/raw-downlink/veh-001/response bytes=10272 forwarded=1
1787070323.757533 publish topic=edge4av/airspan-tdd-downlink-location_3/raw-downlink/veh-001/request bytes=28 forwarded=1
1787070323.758259 publish topic=edge4av/airspan-tdd-downlink-location_3/raw-downlink/veh-001/response bytes=10272 forwarded=1
1787070324.007810 publish topic=edge4av/airspan-tdd-downlink-location_3/raw-downlink/veh-001/request bytes=28 forwarded=1
1787070324.008528 publish topic=edge4av/airspan-tdd-downlink-location_3/raw-downlink/veh-001/response bytes=10272 forwarded=1
1787070324.238055 publish topic=edge4av/airspan-tdd-downlink-location_3/raw-downlink/veh-001/request bytes=28 forwarded=1
1787070324.238848 publish topic=edge4av/airspan-tdd-downlink-location_3/raw-downlink/veh-001/response bytes=10272 forwarded=1
1787070324.468262 publish topic=edge4av/airspan-tdd-downlink-location_3/raw-downlink/veh-001/request bytes=28 forwarded=1
1787070324.468652 publish topic=edge4av/airspan-tdd-downlink-location_3/raw-downlink/veh-001/response bytes=10272 forwarded=1
1787070324.688778 publish topic=edge4av/airspan-tdd-downlink-location_3/raw-downlink/veh-001/request bytes=28 forwarded=1
1787070324.689543 publish topic=edge4av/airspan-tdd-downlink-location_3/raw-downlink/veh-001/response bytes=10272 forwarded=1
1787070324.908952 publish topic=edge4av/airspan-tdd-downlink-location_3/raw-downlink/veh-001/request bytes=28 forwarded=1
1787070324.909804 publish topic=edge4av/airspan-tdd-downlink-location_3/raw-downlink/veh-001/response bytes=10272 forwarded=1
1787070325.129243 publish topic=edge4av/airspan-tdd-downlink-location_3/raw-downlink/veh-001/request bytes=28 forwarded=1
1787070325.130031 publish topic=edge4av/airspan-tdd-downlink-location_3/raw-downlink/veh-001/response bytes=10272 forwarded=1
1787070325.349488 publish topic=edge4av/airspan-tdd-downlink-location_3/raw-downlink/veh-001/request bytes=28 forwarded=1
1787070325.350297 publish topic=edge4av/airspan-tdd-downlink-location_3/raw-downlink/veh-001/response bytes=10272 forwarded=1
1787070325.569551 publish topic=edge4av/airspan-tdd-downlink-location_3/raw-downlink/veh-001/request bytes=28 forwarded=1
1787070325.569951 publish topic=edge4av/airspan-tdd-downlink-location_3/raw-downlink/veh-001/response bytes=10272 forwarded=1
1787070325.810147 publish topic=edge4av/airspan-tdd-downlink-location_3/raw-downlink/veh-001/request bytes=28 forwarded=1
1787070325.810873 publish topic=edge4av/airspan-tdd-downlink-location_3/raw-downlink/veh-001/response bytes=10272 forwarded=1
1787070326.040351 publish topic=edge4av/airspan-tdd-downlink-location_3/raw-downlink/veh-001/request bytes=28 forwarded=1
1787070326.041104 publish topic=edge4av/airspan-tdd-downlink-location_3/raw-downlink/veh-001/response bytes=10272 forwarded=1
1787070326.270471 publish topic=edge4av/airspan-tdd-downlink-location_3/raw-downlink/veh-001/request bytes=28 forwarded=1
1787070326.271416 publish topic=edge4av/airspan-tdd-downlink-location_3/raw-downlink/veh-001/response bytes=10272 forwarded=1
1787070326.500897 publish topic=edge4av/airspan-tdd-downlink-location_3/raw-downlink/veh-001/request bytes=28 forwarded=1
1787070326.501687 publish topic=edge4av/airspan-tdd-downlink-location_3/raw-downlink/veh-001/response bytes=10272 forwarded=1
1787070326.731105 publish topic=edge4av/airspan-tdd-downlink-location_3/raw-downlink/veh-001/request bytes=28 forwarded=1
1787070326.731662 publish topic=edge4av/airspan-tdd-downlink-location_3/raw-downlink/veh-001/response bytes=10272 forwarded=1
1787070326.971539 publish topic=edge4av/airspan-tdd-downlink-location_3/raw-downlink/veh-001/request bytes=28 forwarded=1
1787070326.972223 publish topic=edge4av/airspan-tdd-downlink-location_3/raw-downlink/veh-001/response bytes=10272 forwarded=1
1787070327.201979 publish topic=edge4av/airspan-tdd-downlink-location_3/raw-downlink/veh-001/request bytes=28 forwarded=1
1787070327.202711 publish topic=edge4av/airspan-tdd-downlink-location_3/raw-downlink/veh-001/response bytes=10272 forwarded=1
1787070327.432138 publish topic=edge4av/airspan-tdd-downlink-location_3/raw-downlink/veh-001/request bytes=28 forwarded=1
1787070327.432897 publish topic=edge4av/airspan-tdd-downlink-location_3/raw-downlink/veh-001/response bytes=10272 forwarded=1
1787070327.672167 publish topic=edge4av/airspan-tdd-downlink-location_3/raw-downlink/veh-001/request bytes=28 forwarded=1
1787070327.672569 publish topic=edge4av/airspan-tdd-downlink-location_3/raw-downlink/veh-001/response bytes=10272 forwarded=1
1787070327.902503 publish topic=edge4av/airspan-tdd-downlink-location_3/raw-downlink/veh-001/request bytes=28 forwarded=1
1787070327.902873 publish topic=edge4av/airspan-tdd-downlink-location_3/raw-downlink/veh-001/response bytes=10272 forwarded=1
1787070328.133065 publish topic=edge4av/airspan-tdd-downlink-location_3/raw-downlink/veh-001/request bytes=28 forwarded=1
1787070328.133797 publish topic=edge4av/airspan-tdd-downlink-location_3/raw-downlink/veh-001/response bytes=10272 forwarded=1
1787070328.363121 publish topic=edge4av/airspan-tdd-downlink-location_3/raw-downlink/veh-001/request bytes=28 forwarded=1
1787070328.363842 publish topic=edge4av/airspan-tdd-downlink-location_3/raw-downlink/veh-001/response bytes=10272 forwarded=1
1787070328.593399 publish topic=edge4av/airspan-tdd-downlink-location_3/raw-downlink/veh-001/request bytes=28 forwarded=1
1787070328.593684 publish topic=edge4av/airspan-tdd-downlink-location_3/raw-downlink/veh-001/response bytes=10272 forwarded=1
1787070328.834065 publish topic=edge4av/airspan-tdd-downlink-location_3/raw-downlink/veh-001/request bytes=28 forwarded=1
1787070328.834734 publish topic=edge4av/airspan-tdd-downlink-location_3/raw-downlink/veh-001/response bytes=10272 forwarded=1
1787070329.064120 publish topic=edge4av/airspan-tdd-downlink-location_3/raw-downlink/veh-001/request bytes=28 forwarded=1
1787070329.064363 publish topic=edge4av/airspan-tdd-downlink-location_3/raw-downlink/veh-001/response bytes=10272 forwarded=1
1787070329.284523 publish topic=edge4av/airspan-tdd-downlink-location_3/raw-downlink/veh-001/request bytes=28 forwarded=1
1787070329.285247 publish topic=edge4av/airspan-tdd-downlink-location_3/raw-downlink/veh-001/response bytes=10272 forwarded=1
1787070329.504932 publish topic=edge4av/airspan-tdd-downlink-location_3/raw-downlink/veh-001/request bytes=28 forwarded=1
1787070329.505391 publish topic=edge4av/airspan-tdd-downlink-location_3/raw-downlink/veh-001/response bytes=10272 forwarded=1
1787070329.735055 publish topic=edge4av/airspan-tdd-downlink-location_3/raw-downlink/veh-001/request bytes=28 forwarded=1
1787070329.735890 publish topic=edge4av/airspan-tdd-downlink-location_3/raw-downlink/veh-001/response bytes=10272 forwarded=1
1787070329.975349 publish topic=edge4av/airspan-tdd-downlink-location_3/raw-downlink/veh-001/request bytes=28 forwarded=1
1787070329.976073 publish topic=edge4av/airspan-tdd-downlink-location_3/raw-downlink/veh-001/response bytes=10272 forwarded=1
1787070330.205513 publish topic=edge4av/airspan-tdd-downlink-location_3/raw-downlink/veh-001/request bytes=28 forwarded=1
1787070330.205723 publish topic=edge4av/airspan-tdd-downlink-location_3/raw-downlink/veh-001/response bytes=10272 forwarded=1
1787070330.436187 publish topic=edge4av/airspan-tdd-downlink-location_3/raw-downlink/veh-001/request bytes=28 forwarded=1
1787070330.437050 publish topic=edge4av/airspan-tdd-downlink-location_3/raw-downlink/veh-001/response bytes=10272 forwarded=1
1787070330.676429 publish topic=edge4av/airspan-tdd-downlink-location_3/raw-downlink/veh-001/request bytes=28 forwarded=1
1787070330.677188 publish topic=edge4av/airspan-tdd-downlink-location_3/raw-downlink/veh-001/response bytes=10272 forwarded=1
1787070330.917010 publish topic=edge4av/airspan-tdd-downlink-location_3/raw-downlink/veh-001/request bytes=28 forwarded=1
1787070330.917509 publish topic=edge4av/airspan-tdd-downlink-location_3/raw-downlink/veh-001/response bytes=10272 forwarded=1
1787070331.147103 publish topic=edge4av/airspan-tdd-downlink-location_3/raw-downlink/veh-001/request bytes=28 forwarded=1
1787070331.147792 publish topic=edge4av/airspan-tdd-downlink-location_3/raw-downlink/veh-001/response bytes=10272 forwarded=1
1787070331.377055 publish topic=edge4av/airspan-tdd-downlink-location_3/raw-downlink/veh-001/request bytes=28 forwarded=1
1787070331.377380 publish topic=edge4av/airspan-tdd-downlink-location_3/raw-downlink/veh-001/response bytes=10272 forwarded=1
1787070331.607289 publish topic=edge4av/airspan-tdd-downlink-location_3/raw-downlink/veh-001/request bytes=28 forwarded=1
1787070331.607570 publish topic=edge4av/airspan-tdd-downlink-location_3/raw-downlink/veh-001/response bytes=10272 forwarded=1
1787070331.837651 publish topic=edge4av/airspan-tdd-downlink-location_3/raw-downlink/veh-001/request bytes=28 forwarded=1
1787070331.838012 publish topic=edge4av/airspan-tdd-downlink-location_3/raw-downlink/veh-001/response bytes=10272 forwarded=1
1787070332.067928 publish topic=edge4av/airspan-tdd-downlink-location_3/raw-downlink/veh-001/request bytes=28 forwarded=1
1787070332.068266 publish topic=edge4av/airspan-tdd-downlink-location_3/raw-downlink/veh-001/response bytes=10272 forwarded=1
1787070332.288573 publish topic=edge4av/airspan-tdd-downlink-location_3/raw-downlink/veh-001/request bytes=28 forwarded=1
1787070332.289364 publish topic=edge4av/airspan-tdd-downlink-location_3/raw-downlink/veh-001/response bytes=10272 forwarded=1
1787070332.508879 publish topic=edge4av/airspan-tdd-downlink-location_3/raw-downlink/veh-001/request bytes=28 forwarded=1
1787070332.509626 publish topic=edge4av/airspan-tdd-downlink-location_3/raw-downlink/veh-001/response bytes=10272 forwarded=1
1787070332.728781 publish topic=edge4av/airspan-tdd-downlink-location_3/raw-downlink/veh-001/request bytes=28 forwarded=1
1787070332.729180 publish topic=edge4av/airspan-tdd-downlink-location_3/raw-downlink/veh-001/response bytes=10272 forwarded=1
1787070332.949314 publish topic=edge4av/airspan-tdd-downlink-location_3/raw-downlink/veh-001/request bytes=28 forwarded=1
1787070332.950068 publish topic=edge4av/airspan-tdd-downlink-location_3/raw-downlink/veh-001/response bytes=10272 forwarded=1
1787070333.169137 publish topic=edge4av/airspan-tdd-downlink-location_3/raw-downlink/veh-001/request bytes=28 forwarded=1
1787070333.169395 publish topic=edge4av/airspan-tdd-downlink-location_3/raw-downlink/veh-001/response bytes=10272 forwarded=1
1787070333.399683 publish topic=edge4av/airspan-tdd-downlink-location_3/raw-downlink/veh-001/request bytes=28 forwarded=1
1787070333.400356 publish topic=edge4av/airspan-tdd-downlink-location_3/raw-downlink/veh-001/response bytes=10272 forwarded=1
1787070333.619933 publish topic=edge4av/airspan-tdd-downlink-location_3/raw-downlink/veh-001/request bytes=28 forwarded=1
1787070333.620342 publish topic=edge4av/airspan-tdd-downlink-location_3/raw-downlink/veh-001/response bytes=10272 forwarded=1
1787070333.840103 publish topic=edge4av/airspan-tdd-downlink-location_3/raw-downlink/veh-001/request bytes=28 forwarded=1
1787070333.840523 publish topic=edge4av/airspan-tdd-downlink-location_3/raw-downlink/veh-001/response bytes=10272 forwarded=1
1787070334.070299 publish topic=edge4av/airspan-tdd-downlink-location_3/raw-downlink/veh-001/request bytes=28 forwarded=1
1787070334.071224 publish topic=edge4av/airspan-tdd-downlink-location_3/raw-downlink/veh-001/response bytes=10272 forwarded=1
1787070334.300995 publish topic=edge4av/airspan-tdd-downlink-location_3/raw-downlink/veh-001/request bytes=28 forwarded=1
1787070334.301723 publish topic=edge4av/airspan-tdd-downlink-location_3/raw-downlink/veh-001/response bytes=10272 forwarded=1
1787070334.531161 publish topic=edge4av/airspan-tdd-downlink-location_3/raw-downlink/veh-001/request bytes=28 forwarded=1
1787070334.531891 publish topic=edge4av/airspan-tdd-downlink-location_3/raw-downlink/veh-001/response bytes=10272 forwarded=1
1787070334.761368 publish topic=edge4av/airspan-tdd-downlink-location_3/raw-downlink/veh-001/request bytes=28 forwarded=1
1787070334.762043 publish topic=edge4av/airspan-tdd-downlink-location_3/raw-downlink/veh-001/response bytes=10272 forwarded=1
1787070334.991833 publish topic=edge4av/airspan-tdd-downlink-location_3/raw-downlink/veh-001/request bytes=28 forwarded=1
1787070334.992638 publish topic=edge4av/airspan-tdd-downlink-location_3/raw-downlink/veh-001/response bytes=10272 forwarded=1
1787070335.231894 publish topic=edge4av/airspan-tdd-downlink-location_3/raw-downlink/veh-001/request bytes=28 forwarded=1
1787070335.232138 publish topic=edge4av/airspan-tdd-downlink-location_3/raw-downlink/veh-001/response bytes=10272 forwarded=1
1787070335.472195 publish topic=edge4av/airspan-tdd-downlink-location_3/raw-downlink/veh-001/request bytes=28 forwarded=1
1787070335.472891 publish topic=edge4av/airspan-tdd-downlink-location_3/raw-downlink/veh-001/response bytes=10272 forwarded=1
1787070335.702717 publish topic=edge4av/airspan-tdd-downlink-location_3/raw-downlink/veh-001/request bytes=28 forwarded=1
1787070335.703452 publish topic=edge4av/airspan-tdd-downlink-location_3/raw-downlink/veh-001/response bytes=10272 forwarded=1
1787070335.942824 publish topic=edge4av/airspan-tdd-downlink-location_3/raw-downlink/veh-001/request bytes=28 forwarded=1
1787070335.943482 publish topic=edge4av/airspan-tdd-downlink-location_3/raw-downlink/veh-001/response bytes=10272 forwarded=1
1787070336.173164 publish topic=edge4av/airspan-tdd-downlink-location_3/raw-downlink/veh-001/request bytes=28 forwarded=1
1787070336.173445 publish topic=edge4av/airspan-tdd-downlink-location_3/raw-downlink/veh-001/response bytes=10272 forwarded=1
1787070336.413506 publish topic=edge4av/airspan-tdd-downlink-location_3/raw-downlink/veh-001/request bytes=28 forwarded=1
1787070336.413851 publish topic=edge4av/airspan-tdd-downlink-location_3/raw-downlink/veh-001/response bytes=10272 forwarded=1
1787070336.644153 publish topic=edge4av/airspan-tdd-downlink-location_3/raw-downlink/veh-001/request bytes=28 forwarded=1
1787070336.644928 publish topic=edge4av/airspan-tdd-downlink-location_3/raw-downlink/veh-001/response bytes=10272 forwarded=1
1787070336.874149 publish topic=edge4av/airspan-tdd-downlink-location_3/raw-downlink/veh-001/request bytes=28 forwarded=1
1787070336.874888 publish topic=edge4av/airspan-tdd-downlink-location_3/raw-downlink/veh-001/response bytes=10272 forwarded=1
1787070337.104381 publish topic=edge4av/airspan-tdd-downlink-location_3/raw-downlink/veh-001/request bytes=28 forwarded=1
1787070337.105110 publish topic=edge4av/airspan-tdd-downlink-location_3/raw-downlink/veh-001/response bytes=10272 forwarded=1
1787070337.384547 publish topic=edge4av/airspan-tdd-downlink-location_3/raw-downlink/veh-001/request bytes=28 forwarded=1
1787070337.384906 publish topic=edge4av/airspan-tdd-downlink-location_3/raw-downlink/veh-001/response bytes=10272 forwarded=1
1787070337.615137 publish topic=edge4av/airspan-tdd-downlink-location_3/raw-downlink/veh-001/request bytes=28 forwarded=1
1787070337.615889 publish topic=edge4av/airspan-tdd-downlink-location_3/raw-downlink/veh-001/response bytes=10272 forwarded=1
1787070337.845266 publish topic=edge4av/airspan-tdd-downlink-location_3/raw-downlink/veh-001/request bytes=28 forwarded=1
1787070337.846042 publish topic=edge4av/airspan-tdd-downlink-location_3/raw-downlink/veh-001/response bytes=10272 forwarded=1
1787070338.075331 publish topic=edge4av/airspan-tdd-downlink-location_3/raw-downlink/veh-001/request bytes=28 forwarded=1
1787070338.075765 publish topic=edge4av/airspan-tdd-downlink-location_3/raw-downlink/veh-001/response bytes=10272 forwarded=1
1787070338.315964 publish topic=edge4av/airspan-tdd-downlink-location_3/raw-downlink/veh-001/request bytes=28 forwarded=1
1787070338.316791 publish topic=edge4av/airspan-tdd-downlink-location_3/raw-downlink/veh-001/response bytes=10272 forwarded=1
1787070338.556087 publish topic=edge4av/airspan-tdd-downlink-location_3/raw-downlink/veh-001/request bytes=28 forwarded=1
1787070338.556920 publish topic=edge4av/airspan-tdd-downlink-location_3/raw-downlink/veh-001/response bytes=10272 forwarded=1
1787070338.796389 publish topic=edge4av/airspan-tdd-downlink-location_3/raw-downlink/veh-001/request bytes=28 forwarded=1
1787070338.797152 publish topic=edge4av/airspan-tdd-downlink-location_3/raw-downlink/veh-001/response bytes=10272 forwarded=1
1787070339.026822 publish topic=edge4av/airspan-tdd-downlink-location_3/raw-downlink/veh-001/request bytes=28 forwarded=1
1787070339.027556 publish topic=edge4av/airspan-tdd-downlink-location_3/raw-downlink/veh-001/response bytes=10272 forwarded=1
1787070339.267360 publish topic=edge4av/airspan-tdd-downlink-location_3/raw-downlink/veh-001/request bytes=28 forwarded=1
1787070339.268129 publish topic=edge4av/airspan-tdd-downlink-location_3/raw-downlink/veh-001/response bytes=10272 forwarded=1
1787070339.497947 publish topic=edge4av/airspan-tdd-downlink-location_3/raw-downlink/veh-001/request bytes=28 forwarded=1
1787070339.498701 publish topic=edge4av/airspan-tdd-downlink-location_3/raw-downlink/veh-001/response bytes=10272 forwarded=1
1787070339.727738 publish topic=edge4av/airspan-tdd-downlink-location_3/raw-downlink/veh-001/request bytes=28 forwarded=1
1787070339.728422 publish topic=edge4av/airspan-tdd-downlink-location_3/raw-downlink/veh-001/response bytes=10272 forwarded=1
1787070339.968158 publish topic=edge4av/airspan-tdd-downlink-location_3/raw-downlink/veh-001/request bytes=28 forwarded=1
1787070339.968823 publish topic=edge4av/airspan-tdd-downlink-location_3/raw-downlink/veh-001/response bytes=10272 forwarded=1
1787070340.188378 publish topic=edge4av/airspan-tdd-downlink-location_3/raw-downlink/veh-001/request bytes=28 forwarded=1
1787070340.189123 publish topic=edge4av/airspan-tdd-downlink-location_3/raw-downlink/veh-001/response bytes=10272 forwarded=1
1787070340.408700 publish topic=edge4av/airspan-tdd-downlink-location_3/raw-downlink/veh-001/request bytes=28 forwarded=1
1787070340.409440 publish topic=edge4av/airspan-tdd-downlink-location_3/raw-downlink/veh-001/response bytes=10272 forwarded=1
1787070340.629044 publish topic=edge4av/airspan-tdd-downlink-location_3/raw-downlink/veh-001/request bytes=28 forwarded=1
1787070340.629545 publish topic=edge4av/airspan-tdd-downlink-location_3/raw-downlink/veh-001/response bytes=10272 forwarded=1
1787070340.849404 publish topic=edge4av/airspan-tdd-downlink-location_3/raw-downlink/veh-001/request bytes=28 forwarded=1
1787070340.850133 publish topic=edge4av/airspan-tdd-downlink-location_3/raw-downlink/veh-001/response bytes=10272 forwarded=1
1787070341.069371 publish topic=edge4av/airspan-tdd-downlink-location_3/raw-downlink/veh-001/request bytes=28 forwarded=1
1787070341.069821 publish topic=edge4av/airspan-tdd-downlink-location_3/raw-downlink/veh-001/response bytes=10272 forwarded=1
1787070341.289811 publish topic=edge4av/airspan-tdd-downlink-location_3/raw-downlink/veh-001/request bytes=28 forwarded=1
1787070341.290489 publish topic=edge4av/airspan-tdd-downlink-location_3/raw-downlink/veh-001/response bytes=10272 forwarded=1
1787070341.520003 publish topic=edge4av/airspan-tdd-downlink-location_3/raw-downlink/veh-001/request bytes=28 forwarded=1
1787070341.520406 publish topic=edge4av/airspan-tdd-downlink-location_3/raw-downlink/veh-001/response bytes=10272 forwarded=1
1787070341.750625 publish topic=edge4av/airspan-tdd-downlink-location_3/raw-downlink/veh-001/request bytes=28 forwarded=1
1787070341.751349 publish topic=edge4av/airspan-tdd-downlink-location_3/raw-downlink/veh-001/response bytes=10272 forwarded=1
1787070341.980633 publish topic=edge4av/airspan-tdd-downlink-location_3/raw-downlink/veh-001/request bytes=28 forwarded=1
1787070341.981132 publish topic=edge4av/airspan-tdd-downlink-location_3/raw-downlink/veh-001/response bytes=10272 forwarded=1
1787070342.211124 publish topic=edge4av/airspan-tdd-downlink-location_3/raw-downlink/veh-001/request bytes=28 forwarded=1
1787070342.211862 publish topic=edge4av/airspan-tdd-downlink-location_3/raw-downlink/veh-001/response bytes=10272 forwarded=1
1787070342.441157 publish topic=edge4av/airspan-tdd-downlink-location_3/raw-downlink/veh-001/request bytes=28 forwarded=1
1787070342.441908 publish topic=edge4av/airspan-tdd-downlink-location_3/raw-downlink/veh-001/response bytes=10272 forwarded=1
1787070342.681646 publish topic=edge4av/airspan-tdd-downlink-location_3/raw-downlink/veh-001/request bytes=28 forwarded=1
1787070342.682318 publish topic=edge4av/airspan-tdd-downlink-location_3/raw-downlink/veh-001/response bytes=10272 forwarded=1
1787070342.911826 publish topic=edge4av/airspan-tdd-downlink-location_3/raw-downlink/veh-001/request bytes=28 forwarded=1
1787070342.912645 publish topic=edge4av/airspan-tdd-downlink-location_3/raw-downlink/veh-001/response bytes=10272 forwarded=1
1787070343.142095 publish topic=edge4av/airspan-tdd-downlink-location_3/raw-downlink/veh-001/request bytes=28 forwarded=1
1787070343.142841 publish topic=edge4av/airspan-tdd-downlink-location_3/raw-downlink/veh-001/response bytes=10272 forwarded=1
1787070343.392346 publish topic=edge4av/airspan-tdd-downlink-location_3/raw-downlink/veh-001/request bytes=28 forwarded=1
1787070343.393047 publish topic=edge4av/airspan-tdd-downlink-location_3/raw-downlink/veh-001/response bytes=10272 forwarded=1
1787070343.622953 publish topic=edge4av/airspan-tdd-downlink-location_3/raw-downlink/veh-001/request bytes=28 forwarded=1
1787070343.623677 publish topic=edge4av/airspan-tdd-downlink-location_3/raw-downlink/veh-001/response bytes=10272 forwarded=1
1787070343.853165 publish topic=edge4av/airspan-tdd-downlink-location_3/raw-downlink/veh-001/request bytes=28 forwarded=1
1787070343.853912 publish topic=edge4av/airspan-tdd-downlink-location_3/raw-downlink/veh-001/response bytes=10272 forwarded=1
1787070344.083268 publish topic=edge4av/airspan-tdd-downlink-location_3/raw-downlink/veh-001/request bytes=28 forwarded=1
1787070344.083752 publish topic=edge4av/airspan-tdd-downlink-location_3/raw-downlink/veh-001/response bytes=10272 forwarded=1
1787070344.333461 publish topic=edge4av/airspan-tdd-downlink-location_3/raw-downlink/veh-001/request bytes=28 forwarded=1
1787070344.333997 publish topic=edge4av/airspan-tdd-downlink-location_3/raw-downlink/veh-001/response bytes=10272 forwarded=1
1787070344.563995 publish topic=edge4av/airspan-tdd-downlink-location_3/raw-downlink/veh-001/request bytes=28 forwarded=1
1787070344.564298 publish topic=edge4av/airspan-tdd-downlink-location_3/raw-downlink/veh-001/response bytes=10272 forwarded=1
1787070344.794282 publish topic=edge4av/airspan-tdd-downlink-location_3/raw-downlink/veh-001/request bytes=28 forwarded=1
1787070344.794955 publish topic=edge4av/airspan-tdd-downlink-location_3/raw-downlink/veh-001/response bytes=10272 forwarded=1
1787070345.034502 publish topic=edge4av/airspan-tdd-downlink-location_3/raw-downlink/veh-001/request bytes=28 forwarded=1
1787070345.035244 publish topic=edge4av/airspan-tdd-downlink-location_3/raw-downlink/veh-001/response bytes=10272 forwarded=1
1787070345.264742 publish topic=edge4av/airspan-tdd-downlink-location_3/raw-downlink/veh-001/request bytes=28 forwarded=1
1787070345.265423 publish topic=edge4av/airspan-tdd-downlink-location_3/raw-downlink/veh-001/response bytes=10272 forwarded=1
1787070345.495116 publish topic=edge4av/airspan-tdd-downlink-location_3/raw-downlink/veh-001/request bytes=28 forwarded=1
1787070345.495476 publish topic=edge4av/airspan-tdd-downlink-location_3/raw-downlink/veh-001/response bytes=10272 forwarded=1
1787070345.725528 publish topic=edge4av/airspan-tdd-downlink-location_3/raw-downlink/veh-001/request bytes=28 forwarded=1
1787070345.726229 publish topic=edge4av/airspan-tdd-downlink-location_3/raw-downlink/veh-001/response bytes=10272 forwarded=1
1787070345.955874 publish topic=edge4av/airspan-tdd-downlink-location_3/raw-downlink/veh-001/request bytes=28 forwarded=1
1787070345.956206 publish topic=edge4av/airspan-tdd-downlink-location_3/raw-downlink/veh-001/response bytes=10272 forwarded=1
1787070346.196190 publish topic=edge4av/airspan-tdd-downlink-location_3/raw-downlink/veh-001/request bytes=28 forwarded=1
1787070346.197012 publish topic=edge4av/airspan-tdd-downlink-location_3/raw-downlink/veh-001/response bytes=10272 forwarded=1
1787070346.426374 publish topic=edge4av/airspan-tdd-downlink-location_3/raw-downlink/veh-001/request bytes=28 forwarded=1
1787070346.427093 publish topic=edge4av/airspan-tdd-downlink-location_3/raw-downlink/veh-001/response bytes=10272 forwarded=1
1787070346.666714 publish topic=edge4av/airspan-tdd-downlink-location_3/raw-downlink/veh-001/request bytes=28 forwarded=1
1787070346.667023 publish topic=edge4av/airspan-tdd-downlink-location_3/raw-downlink/veh-001/response bytes=10272 forwarded=1
1787070346.897155 publish topic=edge4av/airspan-tdd-downlink-location_3/raw-downlink/veh-001/request bytes=28 forwarded=1
1787070346.897908 publish topic=edge4av/airspan-tdd-downlink-location_3/raw-downlink/veh-001/response bytes=10272 forwarded=1
1787070347.127536 publish topic=edge4av/airspan-tdd-downlink-location_3/raw-downlink/veh-001/request bytes=28 forwarded=1
1787070347.128229 publish topic=edge4av/airspan-tdd-downlink-location_3/raw-downlink/veh-001/response bytes=10272 forwarded=1
1787070347.357558 publish topic=edge4av/airspan-tdd-downlink-location_3/raw-downlink/veh-001/request bytes=28 forwarded=1
1787070347.358061 publish topic=edge4av/airspan-tdd-downlink-location_3/raw-downlink/veh-001/response bytes=10272 forwarded=1
1787070347.597945 publish topic=edge4av/airspan-tdd-downlink-location_3/raw-downlink/veh-001/request bytes=28 forwarded=1
1787070347.598694 publish topic=edge4av/airspan-tdd-downlink-location_3/raw-downlink/veh-001/response bytes=10272 forwarded=1
1787070347.838369 publish topic=edge4av/airspan-tdd-downlink-location_3/raw-downlink/veh-001/request bytes=28 forwarded=1
1787070347.839077 publish topic=edge4av/airspan-tdd-downlink-location_3/raw-downlink/veh-001/response bytes=10272 forwarded=1
1787070348.068639 publish topic=edge4av/airspan-tdd-downlink-location_3/raw-downlink/veh-001/request bytes=28 forwarded=1
1787070348.068938 publish topic=edge4av/airspan-tdd-downlink-location_3/raw-downlink/veh-001/response bytes=10272 forwarded=1
1787070348.288891 publish topic=edge4av/airspan-tdd-downlink-location_3/raw-downlink/veh-001/request bytes=28 forwarded=1
1787070348.289748 publish topic=edge4av/airspan-tdd-downlink-location_3/raw-downlink/veh-001/response bytes=10272 forwarded=1
1787070348.508959 publish topic=edge4av/airspan-tdd-downlink-location_3/raw-downlink/veh-001/request bytes=28 forwarded=1
1787070348.509710 publish topic=edge4av/airspan-tdd-downlink-location_3/raw-downlink/veh-001/response bytes=10272 forwarded=1
1787070348.729234 publish topic=edge4av/airspan-tdd-downlink-location_3/raw-downlink/veh-001/request bytes=28 forwarded=1
1787070348.729997 publish topic=edge4av/airspan-tdd-downlink-location_3/raw-downlink/veh-001/response bytes=10272 forwarded=1
1787070348.949615 publish topic=edge4av/airspan-tdd-downlink-location_3/raw-downlink/veh-001/request bytes=28 forwarded=1
1787070348.949981 publish topic=edge4av/airspan-tdd-downlink-location_3/raw-downlink/veh-001/response bytes=10272 forwarded=1
1787070349.169853 publish topic=edge4av/airspan-tdd-downlink-location_3/raw-downlink/veh-001/request bytes=28 forwarded=1
1787070349.170562 publish topic=edge4av/airspan-tdd-downlink-location_3/raw-downlink/veh-001/response bytes=10272 forwarded=1
1787070349.400152 publish topic=edge4av/airspan-tdd-downlink-location_3/raw-downlink/veh-001/request bytes=28 forwarded=1
1787070349.400932 publish topic=edge4av/airspan-tdd-downlink-location_3/raw-downlink/veh-001/response bytes=10272 forwarded=1
1787070349.630760 publish topic=edge4av/airspan-tdd-downlink-location_3/raw-downlink/veh-001/request bytes=28 forwarded=1
1787070349.631569 publish topic=edge4av/airspan-tdd-downlink-location_3/raw-downlink/veh-001/response bytes=10272 forwarded=1
1787070349.870810 publish topic=edge4av/airspan-tdd-downlink-location_3/raw-downlink/veh-001/request bytes=28 forwarded=1
1787070349.871501 publish topic=edge4av/airspan-tdd-downlink-location_3/raw-downlink/veh-001/response bytes=10272 forwarded=1
1787070350.100870 publish topic=edge4av/airspan-tdd-downlink-location_3/raw-downlink/veh-001/request bytes=28 forwarded=1
1787070350.101158 publish topic=edge4av/airspan-tdd-downlink-location_3/raw-downlink/veh-001/response bytes=10272 forwarded=1
1787070350.321607 publish topic=edge4av/airspan-tdd-downlink-location_3/raw-downlink/veh-001/request bytes=28 forwarded=1
1787070350.322329 publish topic=edge4av/airspan-tdd-downlink-location_3/raw-downlink/veh-001/response bytes=10272 forwarded=1
1787070350.802169 publish topic=edge4av/airspan-tdd-downlink-location_3/raw-downlink/veh-001/request bytes=28 forwarded=1
1787070350.802928 publish topic=edge4av/airspan-tdd-downlink-location_3/raw-downlink/veh-001/response bytes=10272 forwarded=1
1787070351.032185 publish topic=edge4av/airspan-tdd-downlink-location_3/raw-downlink/veh-001/request bytes=28 forwarded=1
1787070351.032518 publish topic=edge4av/airspan-tdd-downlink-location_3/raw-downlink/veh-001/response bytes=10272 forwarded=1
1787070351.262570 publish topic=edge4av/airspan-tdd-downlink-location_3/raw-downlink/veh-001/request bytes=28 forwarded=1
1787070351.263287 publish topic=edge4av/airspan-tdd-downlink-location_3/raw-downlink/veh-001/response bytes=10272 forwarded=1
1787070351.492750 publish topic=edge4av/airspan-tdd-downlink-location_3/raw-downlink/veh-001/request bytes=28 forwarded=1
1787070351.493570 publish topic=edge4av/airspan-tdd-downlink-location_3/raw-downlink/veh-001/response bytes=10272 forwarded=1
1787070351.723204 publish topic=edge4av/airspan-tdd-downlink-location_3/raw-downlink/veh-001/request bytes=28 forwarded=1
1787070351.723926 publish topic=edge4av/airspan-tdd-downlink-location_3/raw-downlink/veh-001/response bytes=10272 forwarded=1
1787070351.953309 publish topic=edge4av/airspan-tdd-downlink-location_3/raw-downlink/veh-001/request bytes=28 forwarded=1
1787070351.954015 publish topic=edge4av/airspan-tdd-downlink-location_3/raw-downlink/veh-001/response bytes=10272 forwarded=1
1787070352.193895 publish topic=edge4av/airspan-tdd-downlink-location_3/raw-downlink/veh-001/request bytes=28 forwarded=1
1787070352.194643 publish topic=edge4av/airspan-tdd-downlink-location_3/raw-downlink/veh-001/response bytes=10272 forwarded=1
1787070352.423966 publish topic=edge4av/airspan-tdd-downlink-location_3/raw-downlink/veh-001/request bytes=28 forwarded=1
1787070352.424756 publish topic=edge4av/airspan-tdd-downlink-location_3/raw-downlink/veh-001/response bytes=10272 forwarded=1
1787070352.654495 publish topic=edge4av/airspan-tdd-downlink-location_3/raw-downlink/veh-001/request bytes=28 forwarded=1
1787070352.655246 publish topic=edge4av/airspan-tdd-downlink-location_3/raw-downlink/veh-001/response bytes=10272 forwarded=1
1787070352.884507 publish topic=edge4av/airspan-tdd-downlink-location_3/raw-downlink/veh-001/request bytes=28 forwarded=1
1787070352.884883 publish topic=edge4av/airspan-tdd-downlink-location_3/raw-downlink/veh-001/response bytes=10272 forwarded=1
1787070353.115158 publish topic=edge4av/airspan-tdd-downlink-location_3/raw-downlink/veh-001/request bytes=28 forwarded=1
1787070353.115876 publish topic=edge4av/airspan-tdd-downlink-location_3/raw-downlink/veh-001/response bytes=10272 forwarded=1
1787070353.355239 publish topic=edge4av/airspan-tdd-downlink-location_3/raw-downlink/veh-001/request bytes=28 forwarded=1
1787070353.355933 publish topic=edge4av/airspan-tdd-downlink-location_3/raw-downlink/veh-001/response bytes=10272 forwarded=1
1787070353.575629 publish topic=edge4av/airspan-tdd-downlink-location_3/raw-downlink/veh-001/request bytes=28 forwarded=1
1787070353.576344 publish topic=edge4av/airspan-tdd-downlink-location_3/raw-downlink/veh-001/response bytes=10272 forwarded=1
1787070353.835862 publish topic=edge4av/airspan-tdd-downlink-location_3/raw-downlink/veh-001/request bytes=28 forwarded=1
1787070353.836565 publish topic=edge4av/airspan-tdd-downlink-location_3/raw-downlink/veh-001/response bytes=10272 forwarded=1
1787070354.076318 publish topic=edge4av/airspan-tdd-downlink-location_3/raw-downlink/veh-001/request bytes=28 forwarded=1
1787070354.076706 publish topic=edge4av/airspan-tdd-downlink-location_3/raw-downlink/veh-001/response bytes=10272 forwarded=1
1787070354.316674 publish topic=edge4av/airspan-tdd-downlink-location_3/raw-downlink/veh-001/request bytes=28 forwarded=1
1787070354.317469 publish topic=edge4av/airspan-tdd-downlink-location_3/raw-downlink/veh-001/response bytes=10272 forwarded=1
1787070354.556828 publish topic=edge4av/airspan-tdd-downlink-location_3/raw-downlink/veh-001/request bytes=28 forwarded=1
1787070354.557338 publish topic=edge4av/airspan-tdd-downlink-location_3/raw-downlink/veh-001/response bytes=10272 forwarded=1
1787070354.797121 publish topic=edge4av/airspan-tdd-downlink-location_3/raw-downlink/veh-001/request bytes=28 forwarded=1
1787070354.797905 publish topic=edge4av/airspan-tdd-downlink-location_3/raw-downlink/veh-001/response bytes=10272 forwarded=1
1787070355.037540 publish topic=edge4av/airspan-tdd-downlink-location_3/raw-downlink/veh-001/request bytes=28 forwarded=1
1787070355.038218 publish topic=edge4av/airspan-tdd-downlink-location_3/raw-downlink/veh-001/response bytes=10272 forwarded=1
1787070355.348070 publish topic=edge4av/airspan-tdd-downlink-location_3/raw-downlink/veh-001/request bytes=28 forwarded=1
1787070355.348821 publish topic=edge4av/airspan-tdd-downlink-location_3/raw-downlink/veh-001/response bytes=10272 forwarded=1
1787070355.578002 publish topic=edge4av/airspan-tdd-downlink-location_3/raw-downlink/veh-001/request bytes=28 forwarded=1
1787070355.578477 publish topic=edge4av/airspan-tdd-downlink-location_3/raw-downlink/veh-001/response bytes=10272 forwarded=1
1787070355.798645 publish topic=edge4av/airspan-tdd-downlink-location_3/raw-downlink/veh-001/request bytes=28 forwarded=1
1787070355.799044 publish topic=edge4av/airspan-tdd-downlink-location_3/raw-downlink/veh-001/response bytes=10272 forwarded=1
1787070356.028852 publish topic=edge4av/airspan-tdd-downlink-location_3/raw-downlink/veh-001/request bytes=28 forwarded=1
1787070356.029602 publish topic=edge4av/airspan-tdd-downlink-location_3/raw-downlink/veh-001/response bytes=10272 forwarded=1
1787070356.249059 publish topic=edge4av/airspan-tdd-downlink-location_3/raw-downlink/veh-001/request bytes=28 forwarded=1
1787070356.249782 publish topic=edge4av/airspan-tdd-downlink-location_3/raw-downlink/veh-001/response bytes=10272 forwarded=1
1787070356.469324 publish topic=edge4av/airspan-tdd-downlink-location_3/raw-downlink/veh-001/request bytes=28 forwarded=1
1787070356.470013 publish topic=edge4av/airspan-tdd-downlink-location_3/raw-downlink/veh-001/response bytes=10272 forwarded=1
1787070356.719862 publish topic=edge4av/airspan-tdd-downlink-location_3/raw-downlink/veh-001/request bytes=28 forwarded=1
1787070356.720629 publish topic=edge4av/airspan-tdd-downlink-location_3/raw-downlink/veh-001/response bytes=10272 forwarded=1
1787070356.949925 publish topic=edge4av/airspan-tdd-downlink-location_3/raw-downlink/veh-001/request bytes=28 forwarded=1
1787070356.950422 publish topic=edge4av/airspan-tdd-downlink-location_3/raw-downlink/veh-001/response bytes=10272 forwarded=1
1787070357.180464 publish topic=edge4av/airspan-tdd-downlink-location_3/raw-downlink/veh-001/request bytes=28 forwarded=1
1787070357.181225 publish topic=edge4av/airspan-tdd-downlink-location_3/raw-downlink/veh-001/response bytes=10272 forwarded=1
1787070357.410544 publish topic=edge4av/airspan-tdd-downlink-location_3/raw-downlink/veh-001/request bytes=28 forwarded=1
1787070357.411422 publish topic=edge4av/airspan-tdd-downlink-location_3/raw-downlink/veh-001/response bytes=10272 forwarded=1
1787070357.641042 publish topic=edge4av/airspan-tdd-downlink-location_3/raw-downlink/veh-001/request bytes=28 forwarded=1
1787070357.641755 publish topic=edge4av/airspan-tdd-downlink-location_3/raw-downlink/veh-001/response bytes=10272 forwarded=1
1787070357.871572 publish topic=edge4av/airspan-tdd-downlink-location_3/raw-downlink/veh-001/request bytes=28 forwarded=1
1787070357.872377 publish topic=edge4av/airspan-tdd-downlink-location_3/raw-downlink/veh-001/response bytes=10272 forwarded=1
1787070358.101425 publish topic=edge4av/airspan-tdd-downlink-location_3/raw-downlink/veh-001/request bytes=28 forwarded=1
1787070358.101774 publish topic=edge4av/airspan-tdd-downlink-location_3/raw-downlink/veh-001/response bytes=10272 forwarded=1
1787070358.331660 publish topic=edge4av/airspan-tdd-downlink-location_3/raw-downlink/veh-001/request bytes=28 forwarded=1
1787070358.332409 publish topic=edge4av/airspan-tdd-downlink-location_3/raw-downlink/veh-001/response bytes=10272 forwarded=1
1787070358.561730 publish topic=edge4av/airspan-tdd-downlink-location_3/raw-downlink/veh-001/request bytes=28 forwarded=1
1787070358.562158 publish topic=edge4av/airspan-tdd-downlink-location_3/raw-downlink/veh-001/response bytes=10272 forwarded=1
1787070358.792126 publish topic=edge4av/airspan-tdd-downlink-location_3/raw-downlink/veh-001/request bytes=28 forwarded=1
1787070358.792848 publish topic=edge4av/airspan-tdd-downlink-location_3/raw-downlink/veh-001/response bytes=10272 forwarded=1
1787070359.032580 publish topic=edge4av/airspan-tdd-downlink-location_3/raw-downlink/veh-001/request bytes=28 forwarded=1
1787070359.033354 publish topic=edge4av/airspan-tdd-downlink-location_3/raw-downlink/veh-001/response bytes=10272 forwarded=1
1787070359.262863 publish topic=edge4av/airspan-tdd-downlink-location_3/raw-downlink/veh-001/request bytes=28 forwarded=1
1787070359.263624 publish topic=edge4av/airspan-tdd-downlink-location_3/raw-downlink/veh-001/response bytes=10272 forwarded=1
1787070359.493060 publish topic=edge4av/airspan-tdd-downlink-location_3/raw-downlink/veh-001/request bytes=28 forwarded=1
1787070359.493738 publish topic=edge4av/airspan-tdd-downlink-location_3/raw-downlink/veh-001/response bytes=10272 forwarded=1
1787070359.723279 publish topic=edge4av/airspan-tdd-downlink-location_3/raw-downlink/veh-001/request bytes=28 forwarded=1
1787070359.723627 publish topic=edge4av/airspan-tdd-downlink-location_3/raw-downlink/veh-001/response bytes=10272 forwarded=1
1787070359.953821 publish topic=edge4av/airspan-tdd-downlink-location_3/raw-downlink/veh-001/request bytes=28 forwarded=1
1787070359.954610 publish topic=edge4av/airspan-tdd-downlink-location_3/raw-downlink/veh-001/response bytes=10272 forwarded=1
1787070360.204031 publish topic=edge4av/airspan-tdd-downlink-location_3/raw-downlink/veh-001/request bytes=28 forwarded=1
1787070360.204737 publish topic=edge4av/airspan-tdd-downlink-location_3/raw-downlink/veh-001/response bytes=10272 forwarded=1
1787070360.434664 publish topic=edge4av/airspan-tdd-downlink-location_3/raw-downlink/veh-001/request bytes=28 forwarded=1
1787070360.435420 publish topic=edge4av/airspan-tdd-downlink-location_3/raw-downlink/veh-001/response bytes=10272 forwarded=1
1787070360.664454 publish topic=edge4av/airspan-tdd-downlink-location_3/raw-downlink/veh-001/request bytes=28 forwarded=1
1787070360.664742 publish topic=edge4av/airspan-tdd-downlink-location_3/raw-downlink/veh-001/response bytes=10272 forwarded=1
1787070360.884937 publish topic=edge4av/airspan-tdd-downlink-location_3/raw-downlink/veh-001/request bytes=28 forwarded=1
1787070360.885240 publish topic=edge4av/airspan-tdd-downlink-location_3/raw-downlink/veh-001/response bytes=10272 forwarded=1
1787070361.105211 publish topic=edge4av/airspan-tdd-downlink-location_3/raw-downlink/veh-001/request bytes=28 forwarded=1
1787070361.105510 publish topic=edge4av/airspan-tdd-downlink-location_3/raw-downlink/veh-001/response bytes=10272 forwarded=1
1787070361.335588 publish topic=edge4av/airspan-tdd-downlink-location_3/raw-downlink/veh-001/request bytes=28 forwarded=1
1787070361.336898 publish topic=edge4av/airspan-tdd-downlink-location_3/raw-downlink/veh-001/response bytes=10272 forwarded=1
1787070361.565924 publish topic=edge4av/airspan-tdd-downlink-location_3/raw-downlink/veh-001/request bytes=28 forwarded=1
1787070361.566745 publish topic=edge4av/airspan-tdd-downlink-location_3/raw-downlink/veh-001/response bytes=10272 forwarded=1
1787070361.796113 publish topic=edge4av/airspan-tdd-downlink-location_3/raw-downlink/veh-001/request bytes=28 forwarded=1
1787070361.797047 publish topic=edge4av/airspan-tdd-downlink-location_3/raw-downlink/veh-001/response bytes=10272 forwarded=1
1787070362.036627 publish topic=edge4av/airspan-tdd-downlink-location_3/raw-downlink/veh-001/request bytes=28 forwarded=1
1787070362.036959 publish topic=edge4av/airspan-tdd-downlink-location_3/raw-downlink/veh-001/response bytes=10272 forwarded=1
1787070362.277099 publish topic=edge4av/airspan-tdd-downlink-location_3/raw-downlink/veh-001/request bytes=28 forwarded=1
1787070362.277843 publish topic=edge4av/airspan-tdd-downlink-location_3/raw-downlink/veh-001/response bytes=10272 forwarded=1
1787070362.517255 publish topic=edge4av/airspan-tdd-downlink-location_3/raw-downlink/veh-001/request bytes=28 forwarded=1
1787070362.517985 publish topic=edge4av/airspan-tdd-downlink-location_3/raw-downlink/veh-001/response bytes=10272 forwarded=1
1787070362.757388 publish topic=edge4av/airspan-tdd-downlink-location_3/raw-downlink/veh-001/request bytes=28 forwarded=1
1787070362.758096 publish topic=edge4av/airspan-tdd-downlink-location_3/raw-downlink/veh-001/response bytes=10272 forwarded=1
1787070362.997895 publish topic=edge4av/airspan-tdd-downlink-location_3/raw-downlink/veh-001/request bytes=28 forwarded=1
1787070362.998665 publish topic=edge4av/airspan-tdd-downlink-location_3/raw-downlink/veh-001/response bytes=10272 forwarded=1
1787070363.227938 publish topic=edge4av/airspan-tdd-downlink-location_3/raw-downlink/veh-001/request bytes=28 forwarded=1
1787070363.228293 publish topic=edge4av/airspan-tdd-downlink-location_3/raw-downlink/veh-001/response bytes=10272 forwarded=1
1787070363.458347 publish topic=edge4av/airspan-tdd-downlink-location_3/raw-downlink/veh-001/request bytes=28 forwarded=1
1787070363.459074 publish topic=edge4av/airspan-tdd-downlink-location_3/raw-downlink/veh-001/response bytes=10272 forwarded=1
1787070363.678682 publish topic=edge4av/airspan-tdd-downlink-location_3/raw-downlink/veh-001/request bytes=28 forwarded=1
1787070363.679474 publish topic=edge4av/airspan-tdd-downlink-location_3/raw-downlink/veh-001/response bytes=10272 forwarded=1
1787070363.898988 publish topic=edge4av/airspan-tdd-downlink-location_3/raw-downlink/veh-001/request bytes=28 forwarded=1
1787070363.899766 publish topic=edge4av/airspan-tdd-downlink-location_3/raw-downlink/veh-001/response bytes=10272 forwarded=1
1787070364.119034 publish topic=edge4av/airspan-tdd-downlink-location_3/raw-downlink/veh-001/request bytes=28 forwarded=1
1787070364.119390 publish topic=edge4av/airspan-tdd-downlink-location_3/raw-downlink/veh-001/response bytes=10272 forwarded=1
1787070364.339246 publish topic=edge4av/airspan-tdd-downlink-location_3/raw-downlink/veh-001/request bytes=28 forwarded=1
1787070364.339615 publish topic=edge4av/airspan-tdd-downlink-location_3/raw-downlink/veh-001/response bytes=10272 forwarded=1
1787070364.569759 publish topic=edge4av/airspan-tdd-downlink-location_3/raw-downlink/veh-001/request bytes=28 forwarded=1
1787070364.570553 publish topic=edge4av/airspan-tdd-downlink-location_3/raw-downlink/veh-001/response bytes=10272 forwarded=1
1787070364.800149 publish topic=edge4av/airspan-tdd-downlink-location_3/raw-downlink/veh-001/request bytes=28 forwarded=1
1787070364.800986 publish topic=edge4av/airspan-tdd-downlink-location_3/raw-downlink/veh-001/response bytes=10272 forwarded=1
1787070365.040424 publish topic=edge4av/airspan-tdd-downlink-location_3/raw-downlink/veh-001/request bytes=28 forwarded=1
1787070365.041156 publish topic=edge4av/airspan-tdd-downlink-location_3/raw-downlink/veh-001/response bytes=10272 forwarded=1
1787070365.270490 publish topic=edge4av/airspan-tdd-downlink-location_3/raw-downlink/veh-001/request bytes=28 forwarded=1
1787070365.270789 publish topic=edge4av/airspan-tdd-downlink-location_3/raw-downlink/veh-001/response bytes=10272 forwarded=1
1787070365.490721 publish topic=edge4av/airspan-tdd-downlink-location_3/raw-downlink/veh-001/request bytes=28 forwarded=1
1787070365.491073 publish topic=edge4av/airspan-tdd-downlink-location_3/raw-downlink/veh-001/response bytes=10272 forwarded=1
1787070365.731249 publish topic=edge4av/airspan-tdd-downlink-location_3/raw-downlink/veh-001/request bytes=28 forwarded=1
1787070365.731995 publish topic=edge4av/airspan-tdd-downlink-location_3/raw-downlink/veh-001/response bytes=10272 forwarded=1
1787070365.981338 publish topic=edge4av/airspan-tdd-downlink-location_3/raw-downlink/veh-001/request bytes=28 forwarded=1
1787070365.981563 publish topic=edge4av/airspan-tdd-downlink-location_3/raw-downlink/veh-001/response bytes=10272 forwarded=1
1787070366.201570 publish topic=edge4av/airspan-tdd-downlink-location_3/raw-downlink/veh-001/request bytes=28 forwarded=1
1787070366.201954 publish topic=edge4av/airspan-tdd-downlink-location_3/raw-downlink/veh-001/response bytes=10272 forwarded=1
1787070366.432055 publish topic=edge4av/airspan-tdd-downlink-location_3/raw-downlink/veh-001/request bytes=28 forwarded=1
1787070366.432945 publish topic=edge4av/airspan-tdd-downlink-location_3/raw-downlink/veh-001/response bytes=10272 forwarded=1
1787070366.662314 publish topic=edge4av/airspan-tdd-downlink-location_3/raw-downlink/veh-001/request bytes=28 forwarded=1
1787070366.662876 publish topic=edge4av/airspan-tdd-downlink-location_3/raw-downlink/veh-001/response bytes=10272 forwarded=1
1787070366.892419 publish topic=edge4av/airspan-tdd-downlink-location_3/raw-downlink/veh-001/request bytes=28 forwarded=1
1787070366.893260 publish topic=edge4av/airspan-tdd-downlink-location_3/raw-downlink/veh-001/response bytes=10272 forwarded=1
1787070367.122598 publish topic=edge4av/airspan-tdd-downlink-location_3/raw-downlink/veh-001/request bytes=28 forwarded=1
1787070367.123430 publish topic=edge4av/airspan-tdd-downlink-location_3/raw-downlink/veh-001/response bytes=10272 forwarded=1
1787070367.352859 publish topic=edge4av/airspan-tdd-downlink-location_3/raw-downlink/veh-001/request bytes=28 forwarded=1
1787070367.353196 publish topic=edge4av/airspan-tdd-downlink-location_3/raw-downlink/veh-001/response bytes=10272 forwarded=1
1787070367.603070 publish topic=edge4av/airspan-tdd-downlink-location_3/raw-downlink/veh-001/request bytes=28 forwarded=1
1787070367.603803 publish topic=edge4av/airspan-tdd-downlink-location_3/raw-downlink/veh-001/response bytes=10272 forwarded=1
1787070367.833741 publish topic=edge4av/airspan-tdd-downlink-location_3/raw-downlink/veh-001/request bytes=28 forwarded=1
1787070367.834490 publish topic=edge4av/airspan-tdd-downlink-location_3/raw-downlink/veh-001/response bytes=10272 forwarded=1
1787070368.073963 publish topic=edge4av/airspan-tdd-downlink-location_3/raw-downlink/veh-001/request bytes=28 forwarded=1
1787070368.074662 publish topic=edge4av/airspan-tdd-downlink-location_3/raw-downlink/veh-001/response bytes=10272 forwarded=1
1787070368.313931 publish topic=edge4av/airspan-tdd-downlink-location_3/raw-downlink/veh-001/request bytes=28 forwarded=1
1787070368.314282 publish topic=edge4av/airspan-tdd-downlink-location_3/raw-downlink/veh-001/response bytes=10272 forwarded=1
1787070368.544405 publish topic=edge4av/airspan-tdd-downlink-location_3/raw-downlink/veh-001/request bytes=28 forwarded=1
1787070368.545186 publish topic=edge4av/airspan-tdd-downlink-location_3/raw-downlink/veh-001/response bytes=10272 forwarded=1
1787070368.774694 publish topic=edge4av/airspan-tdd-downlink-location_3/raw-downlink/veh-001/request bytes=28 forwarded=1
1787070368.775439 publish topic=edge4av/airspan-tdd-downlink-location_3/raw-downlink/veh-001/response bytes=10272 forwarded=1
1787070369.005044 publish topic=edge4av/airspan-tdd-downlink-location_3/raw-downlink/veh-001/request bytes=28 forwarded=1
1787070369.005780 publish topic=edge4av/airspan-tdd-downlink-location_3/raw-downlink/veh-001/response bytes=10272 forwarded=1
1787070369.235188 publish topic=edge4av/airspan-tdd-downlink-location_3/raw-downlink/veh-001/request bytes=28 forwarded=1
1787070369.235985 publish topic=edge4av/airspan-tdd-downlink-location_3/raw-downlink/veh-001/response bytes=10272 forwarded=1
1787070369.454971 publish topic=edge4av/airspan-tdd-downlink-location_3/raw-downlink/veh-001/request bytes=28 forwarded=1
1787070369.455261 publish topic=edge4av/airspan-tdd-downlink-location_3/raw-downlink/veh-001/response bytes=10272 forwarded=1
1787070369.685570 publish topic=edge4av/airspan-tdd-downlink-location_3/raw-downlink/veh-001/request bytes=28 forwarded=1
1787070369.686386 publish topic=edge4av/airspan-tdd-downlink-location_3/raw-downlink/veh-001/response bytes=10272 forwarded=1
1787070369.916154 publish topic=edge4av/airspan-tdd-downlink-location_3/raw-downlink/veh-001/request bytes=28 forwarded=1
1787070369.916984 publish topic=edge4av/airspan-tdd-downlink-location_3/raw-downlink/veh-001/response bytes=10272 forwarded=1
1787070370.156370 publish topic=edge4av/airspan-tdd-downlink-location_3/raw-downlink/veh-001/request bytes=28 forwarded=1
1787070370.157162 publish topic=edge4av/airspan-tdd-downlink-location_3/raw-downlink/veh-001/response bytes=10272 forwarded=1
1787070370.396669 publish topic=edge4av/airspan-tdd-downlink-location_3/raw-downlink/veh-001/request bytes=28 forwarded=1
1787070370.397403 publish topic=edge4av/airspan-tdd-downlink-location_3/raw-downlink/veh-001/response bytes=10272 forwarded=1
1787070370.636586 publish topic=edge4av/airspan-tdd-downlink-location_3/raw-downlink/veh-001/request bytes=28 forwarded=1
1787070370.636999 publish topic=edge4av/airspan-tdd-downlink-location_3/raw-downlink/veh-001/response bytes=10272 forwarded=1
1787070370.877093 publish topic=edge4av/airspan-tdd-downlink-location_3/raw-downlink/veh-001/request bytes=28 forwarded=1
1787070370.877798 publish topic=edge4av/airspan-tdd-downlink-location_3/raw-downlink/veh-001/response bytes=10272 forwarded=1
1787070371.107582 publish topic=edge4av/airspan-tdd-downlink-location_3/raw-downlink/veh-001/request bytes=28 forwarded=1
1787070371.108326 publish topic=edge4av/airspan-tdd-downlink-location_3/raw-downlink/veh-001/response bytes=10272 forwarded=1
1787070371.337727 publish topic=edge4av/airspan-tdd-downlink-location_3/raw-downlink/veh-001/request bytes=28 forwarded=1
1787070371.338475 publish topic=edge4av/airspan-tdd-downlink-location_3/raw-downlink/veh-001/response bytes=10272 forwarded=1
1787070371.567699 publish topic=edge4av/airspan-tdd-downlink-location_3/raw-downlink/veh-001/request bytes=28 forwarded=1
1787070371.567995 publish topic=edge4av/airspan-tdd-downlink-location_3/raw-downlink/veh-001/response bytes=10272 forwarded=1
1787070371.798419 publish topic=edge4av/airspan-tdd-downlink-location_3/raw-downlink/veh-001/request bytes=28 forwarded=1
1787070371.799165 publish topic=edge4av/airspan-tdd-downlink-location_3/raw-downlink/veh-001/response bytes=10272 forwarded=1
1787070372.028462 publish topic=edge4av/airspan-tdd-downlink-location_3/raw-downlink/veh-001/request bytes=28 forwarded=1
1787070372.029168 publish topic=edge4av/airspan-tdd-downlink-location_3/raw-downlink/veh-001/response bytes=10272 forwarded=1
1787070372.248688 publish topic=edge4av/airspan-tdd-downlink-location_3/raw-downlink/veh-001/request bytes=28 forwarded=1
1787070372.249463 publish topic=edge4av/airspan-tdd-downlink-location_3/raw-downlink/veh-001/response bytes=10272 forwarded=1
1787070372.468797 publish topic=edge4av/airspan-tdd-downlink-location_3/raw-downlink/veh-001/request bytes=28 forwarded=1
1787070372.469412 publish topic=edge4av/airspan-tdd-downlink-location_3/raw-downlink/veh-001/response bytes=10272 forwarded=1
1787070372.688968 publish topic=edge4av/airspan-tdd-downlink-location_3/raw-downlink/veh-001/request bytes=28 forwarded=1
1787070372.689670 publish topic=edge4av/airspan-tdd-downlink-location_3/raw-downlink/veh-001/response bytes=10272 forwarded=1
1787070372.929312 publish topic=edge4av/airspan-tdd-downlink-location_3/raw-downlink/veh-001/request bytes=28 forwarded=1
1787070372.929883 publish topic=edge4av/airspan-tdd-downlink-location_3/raw-downlink/veh-001/response bytes=10272 forwarded=1
1787070373.149632 publish topic=edge4av/airspan-tdd-downlink-location_3/raw-downlink/veh-001/request bytes=28 forwarded=1
1787070373.150380 publish topic=edge4av/airspan-tdd-downlink-location_3/raw-downlink/veh-001/response bytes=10272 forwarded=1
1787070373.369817 publish topic=edge4av/airspan-tdd-downlink-location_3/raw-downlink/veh-001/request bytes=28 forwarded=1
1787070373.370514 publish topic=edge4av/airspan-tdd-downlink-location_3/raw-downlink/veh-001/response bytes=10272 forwarded=1
1787070373.590067 publish topic=edge4av/airspan-tdd-downlink-location_3/raw-downlink/veh-001/request bytes=28 forwarded=1
1787070373.590923 publish topic=edge4av/airspan-tdd-downlink-location_3/raw-downlink/veh-001/response bytes=10272 forwarded=1
1787070373.810310 publish topic=edge4av/airspan-tdd-downlink-location_3/raw-downlink/veh-001/request bytes=28 forwarded=1
1787070373.811069 publish topic=edge4av/airspan-tdd-downlink-location_3/raw-downlink/veh-001/response bytes=10272 forwarded=1
1787070374.030481 publish topic=edge4av/airspan-tdd-downlink-location_3/raw-downlink/veh-001/request bytes=28 forwarded=1
1787070374.030945 publish topic=edge4av/airspan-tdd-downlink-location_3/raw-downlink/veh-001/response bytes=10272 forwarded=1
1787070374.250831 publish topic=edge4av/airspan-tdd-downlink-location_3/raw-downlink/veh-001/request bytes=28 forwarded=1
1787070374.251616 publish topic=edge4av/airspan-tdd-downlink-location_3/raw-downlink/veh-001/response bytes=10272 forwarded=1
1787070374.481065 publish topic=edge4av/airspan-tdd-downlink-location_3/raw-downlink/veh-001/request bytes=28 forwarded=1
1787070374.481848 publish topic=edge4av/airspan-tdd-downlink-location_3/raw-downlink/veh-001/response bytes=10272 forwarded=1
1787070374.711172 publish topic=edge4av/airspan-tdd-downlink-location_3/raw-downlink/veh-001/request bytes=28 forwarded=1
1787070374.711916 publish topic=edge4av/airspan-tdd-downlink-location_3/raw-downlink/veh-001/response bytes=10272 forwarded=1
1787070374.941547 publish topic=edge4av/airspan-tdd-downlink-location_3/raw-downlink/veh-001/request bytes=28 forwarded=1
1787070374.942333 publish topic=edge4av/airspan-tdd-downlink-location_3/raw-downlink/veh-001/response bytes=10272 forwarded=1
1787070375.171571 publish topic=edge4av/airspan-tdd-downlink-location_3/raw-downlink/veh-001/request bytes=28 forwarded=1
1787070375.171874 publish topic=edge4av/airspan-tdd-downlink-location_3/raw-downlink/veh-001/response bytes=10272 forwarded=1
1787070375.402068 publish topic=edge4av/airspan-tdd-downlink-location_3/raw-downlink/veh-001/request bytes=28 forwarded=1
1787070375.402762 publish topic=edge4av/airspan-tdd-downlink-location_3/raw-downlink/veh-001/response bytes=10272 forwarded=1
1787070375.632551 publish topic=edge4av/airspan-tdd-downlink-location_3/raw-downlink/veh-001/request bytes=28 forwarded=1
1787070375.633332 publish topic=edge4av/airspan-tdd-downlink-location_3/raw-downlink/veh-001/response bytes=10272 forwarded=1
1787070375.872905 publish topic=edge4av/airspan-tdd-downlink-location_3/raw-downlink/veh-001/request bytes=28 forwarded=1
1787070375.873652 publish topic=edge4av/airspan-tdd-downlink-location_3/raw-downlink/veh-001/response bytes=10272 forwarded=1
1787070376.103153 publish topic=edge4av/airspan-tdd-downlink-location_3/raw-downlink/veh-001/request bytes=28 forwarded=1
1787070376.103885 publish topic=edge4av/airspan-tdd-downlink-location_3/raw-downlink/veh-001/response bytes=10272 forwarded=1
1787070376.343249 publish topic=edge4av/airspan-tdd-downlink-location_3/raw-downlink/veh-001/request bytes=28 forwarded=1
1787070376.343574 publish topic=edge4av/airspan-tdd-downlink-location_3/raw-downlink/veh-001/response bytes=10272 forwarded=1
1787070376.623536 publish topic=edge4av/airspan-tdd-downlink-location_3/raw-downlink/veh-001/request bytes=28 forwarded=1
1787070376.624273 publish topic=edge4av/airspan-tdd-downlink-location_3/raw-downlink/veh-001/response bytes=10272 forwarded=1
1787070376.853986 publish topic=edge4av/airspan-tdd-downlink-location_3/raw-downlink/veh-001/request bytes=28 forwarded=1
1787070376.854810 publish topic=edge4av/airspan-tdd-downlink-location_3/raw-downlink/veh-001/response bytes=10272 forwarded=1
1787070377.084103 publish topic=edge4av/airspan-tdd-downlink-location_3/raw-downlink/veh-001/request bytes=28 forwarded=1
1787070377.084444 publish topic=edge4av/airspan-tdd-downlink-location_3/raw-downlink/veh-001/response bytes=10272 forwarded=1
1787070377.314543 publish topic=edge4av/airspan-tdd-downlink-location_3/raw-downlink/veh-001/request bytes=28 forwarded=1
1787070377.315325 publish topic=edge4av/airspan-tdd-downlink-location_3/raw-downlink/veh-001/response bytes=10272 forwarded=1
1787070377.555096 publish topic=edge4av/airspan-tdd-downlink-location_3/raw-downlink/veh-001/request bytes=28 forwarded=1
1787070377.555892 publish topic=edge4av/airspan-tdd-downlink-location_3/raw-downlink/veh-001/response bytes=10272 forwarded=1
1787070377.795199 publish topic=edge4av/airspan-tdd-downlink-location_3/raw-downlink/veh-001/request bytes=28 forwarded=1
1787070377.795964 publish topic=edge4av/airspan-tdd-downlink-location_3/raw-downlink/veh-001/response bytes=10272 forwarded=1
1787070378.045402 publish topic=edge4av/airspan-tdd-downlink-location_3/raw-downlink/veh-001/request bytes=28 forwarded=1
1787070378.045758 publish topic=edge4av/airspan-tdd-downlink-location_3/raw-downlink/veh-001/response bytes=10272 forwarded=1
1787070378.276049 publish topic=edge4av/airspan-tdd-downlink-location_3/raw-downlink/veh-001/request bytes=28 forwarded=1
1787070378.276843 publish topic=edge4av/airspan-tdd-downlink-location_3/raw-downlink/veh-001/response bytes=10272 forwarded=1
1787070378.506161 publish topic=edge4av/airspan-tdd-downlink-location_3/raw-downlink/veh-001/request bytes=28 forwarded=1
1787070378.506902 publish topic=edge4av/airspan-tdd-downlink-location_3/raw-downlink/veh-001/response bytes=10272 forwarded=1
1787070378.736425 publish topic=edge4av/airspan-tdd-downlink-location_3/raw-downlink/veh-001/request bytes=28 forwarded=1
1787070378.737217 publish topic=edge4av/airspan-tdd-downlink-location_3/raw-downlink/veh-001/response bytes=10272 forwarded=1
1787070378.966544 publish topic=edge4av/airspan-tdd-downlink-location_3/raw-downlink/veh-001/request bytes=28 forwarded=1
1787070378.966856 publish topic=edge4av/airspan-tdd-downlink-location_3/raw-downlink/veh-001/response bytes=10272 forwarded=1
1787070379.197088 publish topic=edge4av/airspan-tdd-downlink-location_3/raw-downlink/veh-001/request bytes=28 forwarded=1
1787070379.197882 publish topic=edge4av/airspan-tdd-downlink-location_3/raw-downlink/veh-001/response bytes=10272 forwarded=1
1787070379.437553 publish topic=edge4av/airspan-tdd-downlink-location_3/raw-downlink/veh-001/request bytes=28 forwarded=1
1787070379.438310 publish topic=edge4av/airspan-tdd-downlink-location_3/raw-downlink/veh-001/response bytes=10272 forwarded=1
1787070379.677547 publish topic=edge4av/airspan-tdd-downlink-location_3/raw-downlink/veh-001/request bytes=28 forwarded=1
1787070379.678261 publish topic=edge4av/airspan-tdd-downlink-location_3/raw-downlink/veh-001/response bytes=10272 forwarded=1
1787070379.917979 publish topic=edge4av/airspan-tdd-downlink-location_3/raw-downlink/veh-001/request bytes=28 forwarded=1
1787070379.918730 publish topic=edge4av/airspan-tdd-downlink-location_3/raw-downlink/veh-001/response bytes=10272 forwarded=1
1787070380.148147 publish topic=edge4av/airspan-tdd-downlink-location_3/raw-downlink/veh-001/request bytes=28 forwarded=1
1787070380.148413 publish topic=edge4av/airspan-tdd-downlink-location_3/raw-downlink/veh-001/response bytes=10272 forwarded=1
1787070380.368435 publish topic=edge4av/airspan-tdd-downlink-location_3/raw-downlink/veh-001/request bytes=28 forwarded=1
1787070380.368754 publish topic=edge4av/airspan-tdd-downlink-location_3/raw-downlink/veh-001/response bytes=10272 forwarded=1
1787070380.588785 publish topic=edge4av/airspan-tdd-downlink-location_3/raw-downlink/veh-001/request bytes=28 forwarded=1
1787070380.589604 publish topic=edge4av/airspan-tdd-downlink-location_3/raw-downlink/veh-001/response bytes=10272 forwarded=1
1787070380.809035 publish topic=edge4av/airspan-tdd-downlink-location_3/raw-downlink/veh-001/request bytes=28 forwarded=1
1787070380.809715 publish topic=edge4av/airspan-tdd-downlink-location_3/raw-downlink/veh-001/response bytes=10272 forwarded=1
1787070381.029361 publish topic=edge4av/airspan-tdd-downlink-location_3/raw-downlink/veh-001/request bytes=28 forwarded=1
1787070381.030073 publish topic=edge4av/airspan-tdd-downlink-location_3/raw-downlink/veh-001/response bytes=10272 forwarded=1
1787070381.249608 publish topic=edge4av/airspan-tdd-downlink-location_3/raw-downlink/veh-001/request bytes=28 forwarded=1
1787070381.250351 publish topic=edge4av/airspan-tdd-downlink-location_3/raw-downlink/veh-001/response bytes=10272 forwarded=1
1787070381.469891 publish topic=edge4av/airspan-tdd-downlink-location_3/raw-downlink/veh-001/request bytes=28 forwarded=1
1787070381.470169 publish topic=edge4av/airspan-tdd-downlink-location_3/raw-downlink/veh-001/response bytes=10272 forwarded=1
1787070381.690180 publish topic=edge4av/airspan-tdd-downlink-location_3/raw-downlink/veh-001/request bytes=28 forwarded=1
1787070381.690880 publish topic=edge4av/airspan-tdd-downlink-location_3/raw-downlink/veh-001/response bytes=10272 forwarded=1
1787070381.920394 publish topic=edge4av/airspan-tdd-downlink-location_3/raw-downlink/veh-001/request bytes=28 forwarded=1
1787070381.921116 publish topic=edge4av/airspan-tdd-downlink-location_3/raw-downlink/veh-001/response bytes=10272 forwarded=1
1787070382.140651 publish topic=edge4av/airspan-tdd-downlink-location_3/raw-downlink/veh-001/request bytes=28 forwarded=1
1787070382.140939 publish topic=edge4av/airspan-tdd-downlink-location_3/raw-downlink/veh-001/response bytes=10272 forwarded=1
1787070382.380724 publish topic=edge4av/airspan-tdd-downlink-location_3/raw-downlink/veh-001/request bytes=28 forwarded=1
1787070382.381032 publish topic=edge4av/airspan-tdd-downlink-location_3/raw-downlink/veh-001/response bytes=10272 forwarded=1
1787070382.611208 publish topic=edge4av/airspan-tdd-downlink-location_3/raw-downlink/veh-001/request bytes=28 forwarded=1
1787070382.611997 publish topic=edge4av/airspan-tdd-downlink-location_3/raw-downlink/veh-001/response bytes=10272 forwarded=1
1787070382.841691 publish topic=edge4av/airspan-tdd-downlink-location_3/raw-downlink/veh-001/request bytes=28 forwarded=1
1787070382.842466 publish topic=edge4av/airspan-tdd-downlink-location_3/raw-downlink/veh-001/response bytes=10272 forwarded=1
1787070383.071706 publish topic=edge4av/airspan-tdd-downlink-location_3/raw-downlink/veh-001/request bytes=28 forwarded=1
1787070383.072021 publish topic=edge4av/airspan-tdd-downlink-location_3/raw-downlink/veh-001/response bytes=10272 forwarded=1
1787070383.312271 publish topic=edge4av/airspan-tdd-downlink-location_3/raw-downlink/veh-001/request bytes=28 forwarded=1
1787070383.313088 publish topic=edge4av/airspan-tdd-downlink-location_3/raw-downlink/veh-001/response bytes=10272 forwarded=1
1787070383.552321 publish topic=edge4av/airspan-tdd-downlink-location_3/raw-downlink/veh-001/request bytes=28 forwarded=1
1787070383.553113 publish topic=edge4av/airspan-tdd-downlink-location_3/raw-downlink/veh-001/response bytes=10272 forwarded=1
1787070383.782582 publish topic=edge4av/airspan-tdd-downlink-location_3/raw-downlink/veh-001/request bytes=28 forwarded=1
1787070383.783323 publish topic=edge4av/airspan-tdd-downlink-location_3/raw-downlink/veh-001/response bytes=10272 forwarded=1
1787070384.013062 publish topic=edge4av/airspan-tdd-downlink-location_3/raw-downlink/veh-001/request bytes=28 forwarded=1
1787070384.013852 publish topic=edge4av/airspan-tdd-downlink-location_3/raw-downlink/veh-001/response bytes=10272 forwarded=1
1787070384.243340 publish topic=edge4av/airspan-tdd-downlink-location_3/raw-downlink/veh-001/request bytes=28 forwarded=1
1787070384.243674 publish topic=edge4av/airspan-tdd-downlink-location_3/raw-downlink/veh-001/response bytes=10272 forwarded=1
1787070384.473650 publish topic=edge4av/airspan-tdd-downlink-location_3/raw-downlink/veh-001/request bytes=28 forwarded=1
1787070384.474397 publish topic=edge4av/airspan-tdd-downlink-location_3/raw-downlink/veh-001/response bytes=10272 forwarded=1
1787070384.704011 publish topic=edge4av/airspan-tdd-downlink-location_3/raw-downlink/veh-001/request bytes=28 forwarded=1
1787070384.704799 publish topic=edge4av/airspan-tdd-downlink-location_3/raw-downlink/veh-001/response bytes=10272 forwarded=1
1787070384.934301 publish topic=edge4av/airspan-tdd-downlink-location_3/raw-downlink/veh-001/request bytes=28 forwarded=1
1787070384.935002 publish topic=edge4av/airspan-tdd-downlink-location_3/raw-downlink/veh-001/response bytes=10272 forwarded=1
1787070385.164582 publish topic=edge4av/airspan-tdd-downlink-location_3/raw-downlink/veh-001/request bytes=28 forwarded=1
1787070385.165406 publish topic=edge4av/airspan-tdd-downlink-location_3/raw-downlink/veh-001/response bytes=10272 forwarded=1
1787070385.395118 publish topic=edge4av/airspan-tdd-downlink-location_3/raw-downlink/veh-001/request bytes=28 forwarded=1
1787070385.395864 publish topic=edge4av/airspan-tdd-downlink-location_3/raw-downlink/veh-001/response bytes=10272 forwarded=1
1787070385.625099 publish topic=edge4av/airspan-tdd-downlink-location_3/raw-downlink/veh-001/request bytes=28 forwarded=1
1787070385.626076 publish topic=edge4av/airspan-tdd-downlink-location_3/raw-downlink/veh-001/response bytes=10272 forwarded=1
1787070385.845335 publish topic=edge4av/airspan-tdd-downlink-location_3/raw-downlink/veh-001/request bytes=28 forwarded=1
1787070385.846082 publish topic=edge4av/airspan-tdd-downlink-location_3/raw-downlink/veh-001/response bytes=10272 forwarded=1
1787070386.085453 publish topic=edge4av/airspan-tdd-downlink-location_3/raw-downlink/veh-001/request bytes=28 forwarded=1
1787070386.085932 publish topic=edge4av/airspan-tdd-downlink-location_3/raw-downlink/veh-001/response bytes=10272 forwarded=1
1787070386.445958 publish topic=edge4av/airspan-tdd-downlink-location_3/raw-downlink/veh-001/request bytes=28 forwarded=1
1787070386.446231 publish topic=edge4av/airspan-tdd-downlink-location_3/raw-downlink/veh-001/response bytes=10272 forwarded=1
1787070386.696517 publish topic=edge4av/airspan-tdd-downlink-location_3/raw-downlink/veh-001/request bytes=28 forwarded=1
1787070386.697280 publish topic=edge4av/airspan-tdd-downlink-location_3/raw-downlink/veh-001/response bytes=10272 forwarded=1
1787070386.926791 publish topic=edge4av/airspan-tdd-downlink-location_3/raw-downlink/veh-001/request bytes=28 forwarded=1
1787070386.927516 publish topic=edge4av/airspan-tdd-downlink-location_3/raw-downlink/veh-001/response bytes=10272 forwarded=1
1787070387.157190 publish topic=edge4av/airspan-tdd-downlink-location_3/raw-downlink/veh-001/request bytes=28 forwarded=1
1787070387.158059 publish topic=edge4av/airspan-tdd-downlink-location_3/raw-downlink/veh-001/response bytes=10272 forwarded=1
1787070387.387363 publish topic=edge4av/airspan-tdd-downlink-location_3/raw-downlink/veh-001/request bytes=28 forwarded=1
1787070387.388103 publish topic=edge4av/airspan-tdd-downlink-location_3/raw-downlink/veh-001/response bytes=10272 forwarded=1
1787070387.617700 publish topic=edge4av/airspan-tdd-downlink-location_3/raw-downlink/veh-001/request bytes=28 forwarded=1
1787070387.618299 publish topic=edge4av/airspan-tdd-downlink-location_3/raw-downlink/veh-001/response bytes=10272 forwarded=1
1787070387.847958 publish topic=edge4av/airspan-tdd-downlink-location_3/raw-downlink/veh-001/request bytes=28 forwarded=1
1787070387.848262 publish topic=edge4av/airspan-tdd-downlink-location_3/raw-downlink/veh-001/response bytes=10272 forwarded=1
1787070388.068269 publish topic=edge4av/airspan-tdd-downlink-location_3/raw-downlink/veh-001/request bytes=28 forwarded=1
1787070388.068834 publish topic=edge4av/airspan-tdd-downlink-location_3/raw-downlink/veh-001/response bytes=10272 forwarded=1
1787070388.288818 publish topic=edge4av/airspan-tdd-downlink-location_3/raw-downlink/veh-001/request bytes=28 forwarded=1
1787070388.289577 publish topic=edge4av/airspan-tdd-downlink-location_3/raw-downlink/veh-001/response bytes=10272 forwarded=1
1787070388.509146 publish topic=edge4av/airspan-tdd-downlink-location_3/raw-downlink/veh-001/request bytes=28 forwarded=1
1787070388.509889 publish topic=edge4av/airspan-tdd-downlink-location_3/raw-downlink/veh-001/response bytes=10272 forwarded=1
1787070388.729008 publish topic=edge4av/airspan-tdd-downlink-location_3/raw-downlink/veh-001/request bytes=28 forwarded=1
1787070388.729391 publish topic=edge4av/airspan-tdd-downlink-location_3/raw-downlink/veh-001/response bytes=10272 forwarded=1
1787070388.949741 publish topic=edge4av/airspan-tdd-downlink-location_3/raw-downlink/veh-001/request bytes=28 forwarded=1
1787070388.950488 publish topic=edge4av/airspan-tdd-downlink-location_3/raw-downlink/veh-001/response bytes=10272 forwarded=1
1787070389.170446 publish topic=edge4av/airspan-tdd-downlink-location_3/raw-downlink/veh-001/request bytes=28 forwarded=1
1787070389.171293 publish topic=edge4av/airspan-tdd-downlink-location_3/raw-downlink/veh-001/response bytes=10272 forwarded=1
1787070389.400336 publish topic=edge4av/airspan-tdd-downlink-location_3/raw-downlink/veh-001/request bytes=28 forwarded=1
1787070389.401213 publish topic=edge4av/airspan-tdd-downlink-location_3/raw-downlink/veh-001/response bytes=10272 forwarded=1
1787070389.630423 publish topic=edge4av/airspan-tdd-downlink-location_3/raw-downlink/veh-001/request bytes=28 forwarded=1
1787070389.631162 publish topic=edge4av/airspan-tdd-downlink-location_3/raw-downlink/veh-001/response bytes=10272 forwarded=1
1787070389.860308 publish topic=edge4av/airspan-tdd-downlink-location_3/raw-downlink/veh-001/request bytes=28 forwarded=1
1787070389.860691 publish topic=edge4av/airspan-tdd-downlink-location_3/raw-downlink/veh-001/response bytes=10272 forwarded=1
1787070390.091020 publish topic=edge4av/airspan-tdd-downlink-location_3/raw-downlink/veh-001/request bytes=28 forwarded=1
1787070390.091769 publish topic=edge4av/airspan-tdd-downlink-location_3/raw-downlink/veh-001/response bytes=10272 forwarded=1
1787070390.320953 publish topic=edge4av/airspan-tdd-downlink-location_3/raw-downlink/veh-001/request bytes=28 forwarded=1
1787070390.321689 publish topic=edge4av/airspan-tdd-downlink-location_3/raw-downlink/veh-001/response bytes=10272 forwarded=1
1787070390.551271 publish topic=edge4av/airspan-tdd-downlink-location_3/raw-downlink/veh-001/request bytes=28 forwarded=1
1787070390.551553 publish topic=edge4av/airspan-tdd-downlink-location_3/raw-downlink/veh-001/response bytes=10272 forwarded=1
1787070390.791719 publish topic=edge4av/airspan-tdd-downlink-location_3/raw-downlink/veh-001/request bytes=28 forwarded=1
1787070390.792449 publish topic=edge4av/airspan-tdd-downlink-location_3/raw-downlink/veh-001/response bytes=10272 forwarded=1
1787070391.021676 publish topic=edge4av/airspan-tdd-downlink-location_3/raw-downlink/veh-001/request bytes=28 forwarded=1
1787070391.022097 publish topic=edge4av/airspan-tdd-downlink-location_3/raw-downlink/veh-001/response bytes=10272 forwarded=1
1787070391.252336 publish topic=edge4av/airspan-tdd-downlink-location_3/raw-downlink/veh-001/request bytes=28 forwarded=1
1787070391.253179 publish topic=edge4av/airspan-tdd-downlink-location_3/raw-downlink/veh-001/response bytes=10272 forwarded=1
1787070391.482563 publish topic=edge4av/airspan-tdd-downlink-location_3/raw-downlink/veh-001/request bytes=28 forwarded=1
1787070391.483325 publish topic=edge4av/airspan-tdd-downlink-location_3/raw-downlink/veh-001/response bytes=10272 forwarded=1
1787070391.712850 publish topic=edge4av/airspan-tdd-downlink-location_3/raw-downlink/veh-001/request bytes=28 forwarded=1
1787070391.713411 publish topic=edge4av/airspan-tdd-downlink-location_3/raw-downlink/veh-001/response bytes=10272 forwarded=1
1787070391.943278 publish topic=edge4av/airspan-tdd-downlink-location_3/raw-downlink/veh-001/request bytes=28 forwarded=1
1787070391.944017 publish topic=edge4av/airspan-tdd-downlink-location_3/raw-downlink/veh-001/response bytes=10272 forwarded=1
1787070392.183630 publish topic=edge4av/airspan-tdd-downlink-location_3/raw-downlink/veh-001/request bytes=28 forwarded=1
1787070392.184385 publish topic=edge4av/airspan-tdd-downlink-location_3/raw-downlink/veh-001/response bytes=10272 forwarded=1
1787070392.413484 publish topic=edge4av/airspan-tdd-downlink-location_3/raw-downlink/veh-001/request bytes=28 forwarded=1
1787070392.413852 publish topic=edge4av/airspan-tdd-downlink-location_3/raw-downlink/veh-001/response bytes=10272 forwarded=1
1787070392.644040 publish topic=edge4av/airspan-tdd-downlink-location_3/raw-downlink/veh-001/request bytes=28 forwarded=1
1787070392.644718 publish topic=edge4av/airspan-tdd-downlink-location_3/raw-downlink/veh-001/response bytes=10272 forwarded=1
1787070392.874455 publish topic=edge4av/airspan-tdd-downlink-location_3/raw-downlink/veh-001/request bytes=28 forwarded=1
1787070392.875200 publish topic=edge4av/airspan-tdd-downlink-location_3/raw-downlink/veh-001/response bytes=10272 forwarded=1
1787070393.114641 publish topic=edge4av/airspan-tdd-downlink-location_3/raw-downlink/veh-001/request bytes=28 forwarded=1
1787070393.115432 publish topic=edge4av/airspan-tdd-downlink-location_3/raw-downlink/veh-001/response bytes=10272 forwarded=1
1787070393.354653 publish topic=edge4av/airspan-tdd-downlink-location_3/raw-downlink/veh-001/request bytes=28 forwarded=1
1787070393.354867 publish topic=edge4av/airspan-tdd-downlink-location_3/raw-downlink/veh-001/response bytes=10272 forwarded=1
1787070393.595297 publish topic=edge4av/airspan-tdd-downlink-location_3/raw-downlink/veh-001/request bytes=28 forwarded=1
1787070393.596014 publish topic=edge4av/airspan-tdd-downlink-location_3/raw-downlink/veh-001/response bytes=10272 forwarded=1
1787070393.835521 publish topic=edge4av/airspan-tdd-downlink-location_3/raw-downlink/veh-001/request bytes=28 forwarded=1
1787070393.835826 publish topic=edge4av/airspan-tdd-downlink-location_3/raw-downlink/veh-001/response bytes=10272 forwarded=1
1787070394.076408 publish topic=edge4av/airspan-tdd-downlink-location_3/raw-downlink/veh-001/request bytes=28 forwarded=1
1787070394.076770 publish topic=edge4av/airspan-tdd-downlink-location_3/raw-downlink/veh-001/response bytes=10272 forwarded=1
1787070394.305998 publish topic=edge4av/airspan-tdd-downlink-location_3/raw-downlink/veh-001/request bytes=28 forwarded=1
1787070394.306711 publish topic=edge4av/airspan-tdd-downlink-location_3/raw-downlink/veh-001/response bytes=10272 forwarded=1
1787070394.536481 publish topic=edge4av/airspan-tdd-downlink-location_3/raw-downlink/veh-001/request bytes=28 forwarded=1
1787070394.537255 publish topic=edge4av/airspan-tdd-downlink-location_3/raw-downlink/veh-001/response bytes=10272 forwarded=1
1787070394.766412 publish topic=edge4av/airspan-tdd-downlink-location_3/raw-downlink/veh-001/request bytes=28 forwarded=1
1787070394.766701 publish topic=edge4av/airspan-tdd-downlink-location_3/raw-downlink/veh-001/response bytes=10272 forwarded=1
1787070394.997054 publish topic=edge4av/airspan-tdd-downlink-location_3/raw-downlink/veh-001/request bytes=28 forwarded=1
1787070394.997334 publish topic=edge4av/airspan-tdd-downlink-location_3/raw-downlink/veh-001/response bytes=10272 forwarded=1
1787070395.227428 publish topic=edge4av/airspan-tdd-downlink-location_3/raw-downlink/veh-001/request bytes=28 forwarded=1
1787070395.228173 publish topic=edge4av/airspan-tdd-downlink-location_3/raw-downlink/veh-001/response bytes=10272 forwarded=1
1787070395.457500 publish topic=edge4av/airspan-tdd-downlink-location_3/raw-downlink/veh-001/request bytes=28 forwarded=1
1787070395.457748 publish topic=edge4av/airspan-tdd-downlink-location_3/raw-downlink/veh-001/response bytes=10272 forwarded=1
1787070395.698005 publish topic=edge4av/airspan-tdd-downlink-location_3/raw-downlink/veh-001/request bytes=28 forwarded=1
1787070395.698733 publish topic=edge4av/airspan-tdd-downlink-location_3/raw-downlink/veh-001/response bytes=10272 forwarded=1
1787070395.948637 publish topic=edge4av/airspan-tdd-downlink-location_3/raw-downlink/veh-001/request bytes=28 forwarded=1
1787070395.949377 publish topic=edge4av/airspan-tdd-downlink-location_3/raw-downlink/veh-001/response bytes=10272 forwarded=1
1787070396.168520 publish topic=edge4av/airspan-tdd-downlink-location_3/raw-downlink/veh-001/request bytes=28 forwarded=1
1787070396.169566 publish topic=edge4av/airspan-tdd-downlink-location_3/raw-downlink/veh-001/response bytes=10272 forwarded=1
1787070396.388883 publish topic=edge4av/airspan-tdd-downlink-location_3/raw-downlink/veh-001/request bytes=28 forwarded=1
1787070396.389257 publish topic=edge4av/airspan-tdd-downlink-location_3/raw-downlink/veh-001/response bytes=10272 forwarded=1
1787070396.608836 publish topic=edge4av/airspan-tdd-downlink-location_3/raw-downlink/veh-001/request bytes=28 forwarded=1
1787070396.609135 publish topic=edge4av/airspan-tdd-downlink-location_3/raw-downlink/veh-001/response bytes=10272 forwarded=1
1787070396.829287 publish topic=edge4av/airspan-tdd-downlink-location_3/raw-downlink/veh-001/request bytes=28 forwarded=1
1787070396.830028 publish topic=edge4av/airspan-tdd-downlink-location_3/raw-downlink/veh-001/response bytes=10272 forwarded=1
1787070397.049502 publish topic=edge4av/airspan-tdd-downlink-location_3/raw-downlink/veh-001/request bytes=28 forwarded=1
1787070397.050061 publish topic=edge4av/airspan-tdd-downlink-location_3/raw-downlink/veh-001/response bytes=10272 forwarded=1
1787070397.269611 publish topic=edge4av/airspan-tdd-downlink-location_3/raw-downlink/veh-001/request bytes=28 forwarded=1
1787070397.270358 publish topic=edge4av/airspan-tdd-downlink-location_3/raw-downlink/veh-001/response bytes=10272 forwarded=1
1787070397.490253 publish topic=edge4av/airspan-tdd-downlink-location_3/raw-downlink/veh-001/request bytes=28 forwarded=1
1787070397.490984 publish topic=edge4av/airspan-tdd-downlink-location_3/raw-downlink/veh-001/response bytes=10272 forwarded=1
1787070397.709821 publish topic=edge4av/airspan-tdd-downlink-location_3/raw-downlink/veh-001/request bytes=28 forwarded=1
1787070397.710124 publish topic=edge4av/airspan-tdd-downlink-location_3/raw-downlink/veh-001/response bytes=10272 forwarded=1
1787070397.930377 publish topic=edge4av/airspan-tdd-downlink-location_3/raw-downlink/veh-001/request bytes=28 forwarded=1
1787070397.931147 publish topic=edge4av/airspan-tdd-downlink-location_3/raw-downlink/veh-001/response bytes=10272 forwarded=1
1787070398.160651 publish topic=edge4av/airspan-tdd-downlink-location_3/raw-downlink/veh-001/request bytes=28 forwarded=1
1787070398.161357 publish topic=edge4av/airspan-tdd-downlink-location_3/raw-downlink/veh-001/response bytes=10272 forwarded=1
1787070398.390565 publish topic=edge4av/airspan-tdd-downlink-location_3/raw-downlink/veh-001/request bytes=28 forwarded=1
1787070398.390890 publish topic=edge4av/airspan-tdd-downlink-location_3/raw-downlink/veh-001/response bytes=10272 forwarded=1
1787070398.611030 publish topic=edge4av/airspan-tdd-downlink-location_3/raw-downlink/veh-001/request bytes=28 forwarded=1
1787070398.611784 publish topic=edge4av/airspan-tdd-downlink-location_3/raw-downlink/veh-001/response bytes=10272 forwarded=1
1787070398.850918 publish topic=edge4av/airspan-tdd-downlink-location_3/raw-downlink/veh-001/request bytes=28 forwarded=1
1787070398.851378 publish topic=edge4av/airspan-tdd-downlink-location_3/raw-downlink/veh-001/response bytes=10272 forwarded=1
1787070399.081315 publish topic=edge4av/airspan-tdd-downlink-location_3/raw-downlink/veh-001/request bytes=28 forwarded=1
1787070399.081613 publish topic=edge4av/airspan-tdd-downlink-location_3/raw-downlink/veh-001/response bytes=10272 forwarded=1
1787070399.311499 publish topic=edge4av/airspan-tdd-downlink-location_3/raw-downlink/veh-001/request bytes=28 forwarded=1
1787070399.312207 publish topic=edge4av/airspan-tdd-downlink-location_3/raw-downlink/veh-001/response bytes=10272 forwarded=1
1787070399.551843 publish topic=edge4av/airspan-tdd-downlink-location_3/raw-downlink/veh-001/request bytes=28 forwarded=1
1787070399.552640 publish topic=edge4av/airspan-tdd-downlink-location_3/raw-downlink/veh-001/response bytes=10272 forwarded=1
1787070399.781803 publish topic=edge4av/airspan-tdd-downlink-location_3/raw-downlink/veh-001/request bytes=28 forwarded=1
1787070399.782168 publish topic=edge4av/airspan-tdd-downlink-location_3/raw-downlink/veh-001/response bytes=10272 forwarded=1
1787070400.011883 publish topic=edge4av/airspan-tdd-downlink-location_3/raw-downlink/veh-001/request bytes=28 forwarded=1
1787070400.012163 publish topic=edge4av/airspan-tdd-downlink-location_3/raw-downlink/veh-001/response bytes=10272 forwarded=1
1787070400.242403 publish topic=edge4av/airspan-tdd-downlink-location_3/raw-downlink/veh-001/request bytes=28 forwarded=1
1787070400.243072 publish topic=edge4av/airspan-tdd-downlink-location_3/raw-downlink/veh-001/response bytes=10272 forwarded=1
1787070400.482297 publish topic=edge4av/airspan-tdd-downlink-location_3/raw-downlink/veh-001/request bytes=28 forwarded=1
1787070400.482584 publish topic=edge4av/airspan-tdd-downlink-location_3/raw-downlink/veh-001/response bytes=10272 forwarded=1
1787070400.722705 publish topic=edge4av/airspan-tdd-downlink-location_3/raw-downlink/veh-001/request bytes=28 forwarded=1
1787070400.723452 publish topic=edge4av/airspan-tdd-downlink-location_3/raw-downlink/veh-001/response bytes=10272 forwarded=1
1787070400.953058 publish topic=edge4av/airspan-tdd-downlink-location_3/raw-downlink/veh-001/request bytes=28 forwarded=1
1787070400.953729 publish topic=edge4av/airspan-tdd-downlink-location_3/raw-downlink/veh-001/response bytes=10272 forwarded=1
1787070401.183027 publish topic=edge4av/airspan-tdd-downlink-location_3/raw-downlink/veh-001/request bytes=28 forwarded=1
1787070401.183835 publish topic=edge4av/airspan-tdd-downlink-location_3/raw-downlink/veh-001/response bytes=10272 forwarded=1
1787070401.423361 publish topic=edge4av/airspan-tdd-downlink-location_3/raw-downlink/veh-001/request bytes=28 forwarded=1
1787070401.424182 publish topic=edge4av/airspan-tdd-downlink-location_3/raw-downlink/veh-001/response bytes=10272 forwarded=1
1787070401.653625 publish topic=edge4av/airspan-tdd-downlink-location_3/raw-downlink/veh-001/request bytes=28 forwarded=1
1787070401.654364 publish topic=edge4av/airspan-tdd-downlink-location_3/raw-downlink/veh-001/response bytes=10272 forwarded=1
1787070401.893780 publish topic=edge4av/airspan-tdd-downlink-location_3/raw-downlink/veh-001/request bytes=28 forwarded=1
1787070401.894441 publish topic=edge4av/airspan-tdd-downlink-location_3/raw-downlink/veh-001/response bytes=10272 forwarded=1
1787070402.124192 publish topic=edge4av/airspan-tdd-downlink-location_3/raw-downlink/veh-001/request bytes=28 forwarded=1
1787070402.125020 publish topic=edge4av/airspan-tdd-downlink-location_3/raw-downlink/veh-001/response bytes=10272 forwarded=1
1787070402.354152 publish topic=edge4av/airspan-tdd-downlink-location_3/raw-downlink/veh-001/request bytes=28 forwarded=1
1787070402.354518 publish topic=edge4av/airspan-tdd-downlink-location_3/raw-downlink/veh-001/response bytes=10272 forwarded=1
1787070402.584436 publish topic=edge4av/airspan-tdd-downlink-location_3/raw-downlink/veh-001/request bytes=28 forwarded=1
1787070402.585188 publish topic=edge4av/airspan-tdd-downlink-location_3/raw-downlink/veh-001/response bytes=10272 forwarded=1
1787070402.814678 publish topic=edge4av/airspan-tdd-downlink-location_3/raw-downlink/veh-001/request bytes=28 forwarded=1
1787070402.815440 publish topic=edge4av/airspan-tdd-downlink-location_3/raw-downlink/veh-001/response bytes=10272 forwarded=1
1787070403.054948 publish topic=edge4av/airspan-tdd-downlink-location_3/raw-downlink/veh-001/request bytes=28 forwarded=1
1787070403.055319 publish topic=edge4av/airspan-tdd-downlink-location_3/raw-downlink/veh-001/response bytes=10272 forwarded=1
1787070403.285052 publish topic=edge4av/airspan-tdd-downlink-location_3/raw-downlink/veh-001/request bytes=28 forwarded=1
1787070403.285804 publish topic=edge4av/airspan-tdd-downlink-location_3/raw-downlink/veh-001/response bytes=10272 forwarded=1
1787070403.525240 publish topic=edge4av/airspan-tdd-downlink-location_3/raw-downlink/veh-001/request bytes=28 forwarded=1
1787070403.526054 publish topic=edge4av/airspan-tdd-downlink-location_3/raw-downlink/veh-001/response bytes=10272 forwarded=1
1787070403.765254 publish topic=edge4av/airspan-tdd-downlink-location_3/raw-downlink/veh-001/request bytes=28 forwarded=1
1787070403.765499 publish topic=edge4av/airspan-tdd-downlink-location_3/raw-downlink/veh-001/response bytes=10272 forwarded=1
1787070403.995720 publish topic=edge4av/airspan-tdd-downlink-location_3/raw-downlink/veh-001/request bytes=28 forwarded=1
1787070403.996522 publish topic=edge4av/airspan-tdd-downlink-location_3/raw-downlink/veh-001/response bytes=10272 forwarded=1
1787070404.236063 publish topic=edge4av/airspan-tdd-downlink-location_3/raw-downlink/veh-001/request bytes=28 forwarded=1
1787070404.236811 publish topic=edge4av/airspan-tdd-downlink-location_3/raw-downlink/veh-001/response bytes=10272 forwarded=1
1787070404.526235 publish topic=edge4av/airspan-tdd-downlink-location_3/raw-downlink/veh-001/request bytes=28 forwarded=1
1787070404.526988 publish topic=edge4av/airspan-tdd-downlink-location_3/raw-downlink/veh-001/response bytes=10272 forwarded=1
1787070404.756315 publish topic=edge4av/airspan-tdd-downlink-location_3/raw-downlink/veh-001/request bytes=28 forwarded=1
1787070404.757124 publish topic=edge4av/airspan-tdd-downlink-location_3/raw-downlink/veh-001/response bytes=10272 forwarded=1
1787070404.997069 publish topic=edge4av/airspan-tdd-downlink-location_3/raw-downlink/veh-001/request bytes=28 forwarded=1
1787070404.997814 publish topic=edge4av/airspan-tdd-downlink-location_3/raw-downlink/veh-001/response bytes=10272 forwarded=1
1787070405.227368 publish topic=edge4av/airspan-tdd-downlink-location_3/raw-downlink/veh-001/request bytes=28 forwarded=1
1787070405.228041 publish topic=edge4av/airspan-tdd-downlink-location_3/raw-downlink/veh-001/response bytes=10272 forwarded=1
1787070405.457447 publish topic=edge4av/airspan-tdd-downlink-location_3/raw-downlink/veh-001/request bytes=28 forwarded=1
1787070405.458195 publish topic=edge4av/airspan-tdd-downlink-location_3/raw-downlink/veh-001/response bytes=10272 forwarded=1
1787070405.697569 publish topic=edge4av/airspan-tdd-downlink-location_3/raw-downlink/veh-001/request bytes=28 forwarded=1
1787070405.698316 publish topic=edge4av/airspan-tdd-downlink-location_3/raw-downlink/veh-001/response bytes=10272 forwarded=1
1787070405.938065 publish topic=edge4av/airspan-tdd-downlink-location_3/raw-downlink/veh-001/request bytes=28 forwarded=1
1787070405.938354 publish topic=edge4av/airspan-tdd-downlink-location_3/raw-downlink/veh-001/response bytes=10272 forwarded=1
1787070406.158499 publish topic=edge4av/airspan-tdd-downlink-location_3/raw-downlink/veh-001/request bytes=28 forwarded=1
1787070406.159221 publish topic=edge4av/airspan-tdd-downlink-location_3/raw-downlink/veh-001/response bytes=10272 forwarded=1
1787070406.388739 publish topic=edge4av/airspan-tdd-downlink-location_3/raw-downlink/veh-001/request bytes=28 forwarded=1
1787070406.389538 publish topic=edge4av/airspan-tdd-downlink-location_3/raw-downlink/veh-001/response bytes=10272 forwarded=1
1787070406.608762 publish topic=edge4av/airspan-tdd-downlink-location_3/raw-downlink/veh-001/request bytes=28 forwarded=1
1787070406.609452 publish topic=edge4av/airspan-tdd-downlink-location_3/raw-downlink/veh-001/response bytes=10272 forwarded=1
1787070406.829004 publish topic=edge4av/airspan-tdd-downlink-location_3/raw-downlink/veh-001/request bytes=28 forwarded=1
1787070406.829332 publish topic=edge4av/airspan-tdd-downlink-location_3/raw-downlink/veh-001/response bytes=10272 forwarded=1
1787070407.049335 publish topic=edge4av/airspan-tdd-downlink-location_3/raw-downlink/veh-001/request bytes=28 forwarded=1
1787070407.049730 publish topic=edge4av/airspan-tdd-downlink-location_3/raw-downlink/veh-001/response bytes=10272 forwarded=1
1787070407.269830 publish topic=edge4av/airspan-tdd-downlink-location_3/raw-downlink/veh-001/request bytes=28 forwarded=1
1787070407.270586 publish topic=edge4av/airspan-tdd-downlink-location_3/raw-downlink/veh-001/response bytes=10272 forwarded=1
1787070407.489991 publish topic=edge4av/airspan-tdd-downlink-location_3/raw-downlink/veh-001/request bytes=28 forwarded=1
1787070407.490478 publish topic=edge4av/airspan-tdd-downlink-location_3/raw-downlink/veh-001/response bytes=10272 forwarded=1
1787070407.710127 publish topic=edge4av/airspan-tdd-downlink-location_3/raw-downlink/veh-001/request bytes=28 forwarded=1
1787070407.710819 publish topic=edge4av/airspan-tdd-downlink-location_3/raw-downlink/veh-001/response bytes=10272 forwarded=1
1787070407.950294 publish topic=edge4av/airspan-tdd-downlink-location_3/raw-downlink/veh-001/request bytes=28 forwarded=1
1787070407.950768 publish topic=edge4av/airspan-tdd-downlink-location_3/raw-downlink/veh-001/response bytes=10272 forwarded=1
1787070408.180878 publish topic=edge4av/airspan-tdd-downlink-location_3/raw-downlink/veh-001/request bytes=28 forwarded=1
1787070408.181667 publish topic=edge4av/airspan-tdd-downlink-location_3/raw-downlink/veh-001/response bytes=10272 forwarded=1
1787070408.410987 publish topic=edge4av/airspan-tdd-downlink-location_3/raw-downlink/veh-001/request bytes=28 forwarded=1
1787070408.411852 publish topic=edge4av/airspan-tdd-downlink-location_3/raw-downlink/veh-001/response bytes=10272 forwarded=1
1787070408.641177 publish topic=edge4av/airspan-tdd-downlink-location_3/raw-downlink/veh-001/request bytes=28 forwarded=1
1787070408.641914 publish topic=edge4av/airspan-tdd-downlink-location_3/raw-downlink/veh-001/response bytes=10272 forwarded=1
1787070408.871778 publish topic=edge4av/airspan-tdd-downlink-location_3/raw-downlink/veh-001/request bytes=28 forwarded=1
1787070408.872527 publish topic=edge4av/airspan-tdd-downlink-location_3/raw-downlink/veh-001/response bytes=10272 forwarded=1
1787070409.101914 publish topic=edge4av/airspan-tdd-downlink-location_3/raw-downlink/veh-001/request bytes=28 forwarded=1
1787070409.102680 publish topic=edge4av/airspan-tdd-downlink-location_3/raw-downlink/veh-001/response bytes=10272 forwarded=1
1787070409.352309 publish topic=edge4av/airspan-tdd-downlink-location_3/raw-downlink/veh-001/request bytes=28 forwarded=1
1787070409.353110 publish topic=edge4av/airspan-tdd-downlink-location_3/raw-downlink/veh-001/response bytes=10272 forwarded=1
1787070409.582717 publish topic=edge4av/airspan-tdd-downlink-location_3/raw-downlink/veh-001/request bytes=28 forwarded=1
1787070409.583474 publish topic=edge4av/airspan-tdd-downlink-location_3/raw-downlink/veh-001/response bytes=10272 forwarded=1
1787070409.812886 publish topic=edge4av/airspan-tdd-downlink-location_3/raw-downlink/veh-001/request bytes=28 forwarded=1
1787070409.813667 publish topic=edge4av/airspan-tdd-downlink-location_3/raw-downlink/veh-001/response bytes=10272 forwarded=1
1787070410.042995 publish topic=edge4av/airspan-tdd-downlink-location_3/raw-downlink/veh-001/request bytes=28 forwarded=1
1787070410.043678 publish topic=edge4av/airspan-tdd-downlink-location_3/raw-downlink/veh-001/response bytes=10272 forwarded=1
1787070410.283445 publish topic=edge4av/airspan-tdd-downlink-location_3/raw-downlink/veh-001/request bytes=28 forwarded=1
1787070410.283877 publish topic=edge4av/airspan-tdd-downlink-location_3/raw-downlink/veh-001/response bytes=10272 forwarded=1
1787070410.503590 publish topic=edge4av/airspan-tdd-downlink-location_3/raw-downlink/veh-001/request bytes=28 forwarded=1
1787070410.504414 publish topic=edge4av/airspan-tdd-downlink-location_3/raw-downlink/veh-001/response bytes=10272 forwarded=1
1787070410.733960 publish topic=edge4av/airspan-tdd-downlink-location_3/raw-downlink/veh-001/request bytes=28 forwarded=1
1787070410.734751 publish topic=edge4av/airspan-tdd-downlink-location_3/raw-downlink/veh-001/response bytes=10272 forwarded=1
1787070410.964176 publish topic=edge4av/airspan-tdd-downlink-location_3/raw-downlink/veh-001/request bytes=28 forwarded=1
1787070410.964556 publish topic=edge4av/airspan-tdd-downlink-location_3/raw-downlink/veh-001/response bytes=10272 forwarded=1
1787070411.194756 publish topic=edge4av/airspan-tdd-downlink-location_3/raw-downlink/veh-001/request bytes=28 forwarded=1
1787070411.195510 publish topic=edge4av/airspan-tdd-downlink-location_3/raw-downlink/veh-001/response bytes=10272 forwarded=1
1787070411.434686 publish topic=edge4av/airspan-tdd-downlink-location_3/raw-downlink/veh-001/request bytes=28 forwarded=1
1787070411.435072 publish topic=edge4av/airspan-tdd-downlink-location_3/raw-downlink/veh-001/response bytes=10272 forwarded=1
1787070411.675060 publish topic=edge4av/airspan-tdd-downlink-location_3/raw-downlink/veh-001/request bytes=28 forwarded=1
1787070411.675806 publish topic=edge4av/airspan-tdd-downlink-location_3/raw-downlink/veh-001/response bytes=10272 forwarded=1
1787070411.895572 publish topic=edge4av/airspan-tdd-downlink-location_3/raw-downlink/veh-001/request bytes=28 forwarded=1
1787070411.896352 publish topic=edge4av/airspan-tdd-downlink-location_3/raw-downlink/veh-001/response bytes=10272 forwarded=1
1787070412.125678 publish topic=edge4av/airspan-tdd-downlink-location_3/raw-downlink/veh-001/request bytes=28 forwarded=1
1787070412.126421 publish topic=edge4av/airspan-tdd-downlink-location_3/raw-downlink/veh-001/response bytes=10272 forwarded=1
1787070412.355901 publish topic=edge4av/airspan-tdd-downlink-location_3/raw-downlink/veh-001/request bytes=28 forwarded=1
1787070412.356680 publish topic=edge4av/airspan-tdd-downlink-location_3/raw-downlink/veh-001/response bytes=10272 forwarded=1
1787070412.596223 publish topic=edge4av/airspan-tdd-downlink-location_3/raw-downlink/veh-001/request bytes=28 forwarded=1
1787070412.596615 publish topic=edge4av/airspan-tdd-downlink-location_3/raw-downlink/veh-001/response bytes=10272 forwarded=1
1787070412.836748 publish topic=edge4av/airspan-tdd-downlink-location_3/raw-downlink/veh-001/request bytes=28 forwarded=1
1787070412.837648 publish topic=edge4av/airspan-tdd-downlink-location_3/raw-downlink/veh-001/response bytes=10272 forwarded=1
1787070413.076928 publish topic=edge4av/airspan-tdd-downlink-location_3/raw-downlink/veh-001/request bytes=28 forwarded=1
1787070413.077707 publish topic=edge4av/airspan-tdd-downlink-location_3/raw-downlink/veh-001/response bytes=10272 forwarded=1
1787070413.307553 publish topic=edge4av/airspan-tdd-downlink-location_3/raw-downlink/veh-001/request bytes=28 forwarded=1
1787070413.308328 publish topic=edge4av/airspan-tdd-downlink-location_3/raw-downlink/veh-001/response bytes=10272 forwarded=1
1787070413.538046 publish topic=edge4av/airspan-tdd-downlink-location_3/raw-downlink/veh-001/request bytes=28 forwarded=1
1787070413.538829 publish topic=edge4av/airspan-tdd-downlink-location_3/raw-downlink/veh-001/response bytes=10272 forwarded=1
1787070413.768266 publish topic=edge4av/airspan-tdd-downlink-location_3/raw-downlink/veh-001/request bytes=28 forwarded=1
1787070413.769129 publish topic=edge4av/airspan-tdd-downlink-location_3/raw-downlink/veh-001/response bytes=10272 forwarded=1
1787070413.998781 publish topic=edge4av/airspan-tdd-downlink-location_3/raw-downlink/veh-001/request bytes=28 forwarded=1
1787070413.999571 publish topic=edge4av/airspan-tdd-downlink-location_3/raw-downlink/veh-001/response bytes=10272 forwarded=1
1787070414.259005 publish topic=edge4av/airspan-tdd-downlink-location_3/raw-downlink/veh-001/request bytes=28 forwarded=1
1787070414.259786 publish topic=edge4av/airspan-tdd-downlink-location_3/raw-downlink/veh-001/response bytes=10272 forwarded=1
1787070414.499213 publish topic=edge4av/airspan-tdd-downlink-location_3/raw-downlink/veh-001/request bytes=28 forwarded=1
1787070414.499452 publish topic=edge4av/airspan-tdd-downlink-location_3/raw-downlink/veh-001/response bytes=10272 forwarded=1
1787070414.720067 publish topic=edge4av/airspan-tdd-downlink-location_3/raw-downlink/veh-001/request bytes=28 forwarded=1
1787070414.720816 publish topic=edge4av/airspan-tdd-downlink-location_3/raw-downlink/veh-001/response bytes=10272 forwarded=1
1787070414.950578 publish topic=edge4av/airspan-tdd-downlink-location_3/raw-downlink/veh-001/request bytes=28 forwarded=1
1787070414.951290 publish topic=edge4av/airspan-tdd-downlink-location_3/raw-downlink/veh-001/response bytes=10272 forwarded=1
1787070415.190684 publish topic=edge4av/airspan-tdd-downlink-location_3/raw-downlink/veh-001/request bytes=28 forwarded=1
1787070415.191396 publish topic=edge4av/airspan-tdd-downlink-location_3/raw-downlink/veh-001/response bytes=10272 forwarded=1
1787070415.421033 publish topic=edge4av/airspan-tdd-downlink-location_3/raw-downlink/veh-001/request bytes=28 forwarded=1
1787070415.421772 publish topic=edge4av/airspan-tdd-downlink-location_3/raw-downlink/veh-001/response bytes=10272 forwarded=1
1787070415.651440 publish topic=edge4av/airspan-tdd-downlink-location_3/raw-downlink/veh-001/request bytes=28 forwarded=1
1787070415.652178 publish topic=edge4av/airspan-tdd-downlink-location_3/raw-downlink/veh-001/response bytes=10272 forwarded=1
1787070415.881991 publish topic=edge4av/airspan-tdd-downlink-location_3/raw-downlink/veh-001/request bytes=28 forwarded=1
1787070415.882744 publish topic=edge4av/airspan-tdd-downlink-location_3/raw-downlink/veh-001/response bytes=10272 forwarded=1
1787070416.112462 publish topic=edge4av/airspan-tdd-downlink-location_3/raw-downlink/veh-001/request bytes=28 forwarded=1
1787070416.113225 publish topic=edge4av/airspan-tdd-downlink-location_3/raw-downlink/veh-001/response bytes=10272 forwarded=1
1787070416.342727 publish topic=edge4av/airspan-tdd-downlink-location_3/raw-downlink/veh-001/request bytes=28 forwarded=1
1787070416.343261 publish topic=edge4av/airspan-tdd-downlink-location_3/raw-downlink/veh-001/response bytes=10272 forwarded=1
1787070416.573005 publish topic=edge4av/airspan-tdd-downlink-location_3/raw-downlink/veh-001/request bytes=28 forwarded=1
1787070416.573351 publish topic=edge4av/airspan-tdd-downlink-location_3/raw-downlink/veh-001/response bytes=10272 forwarded=1
1787070416.803350 publish topic=edge4av/airspan-tdd-downlink-location_3/raw-downlink/veh-001/request bytes=28 forwarded=1
1787070416.804091 publish topic=edge4av/airspan-tdd-downlink-location_3/raw-downlink/veh-001/response bytes=10272 forwarded=1
1787070417.034218 publish topic=edge4av/airspan-tdd-downlink-location_3/raw-downlink/veh-001/request bytes=28 forwarded=1
1787070417.034945 publish topic=edge4av/airspan-tdd-downlink-location_3/raw-downlink/veh-001/response bytes=10272 forwarded=1
1787070417.274545 publish topic=edge4av/airspan-tdd-downlink-location_3/raw-downlink/veh-001/request bytes=28 forwarded=1
1787070417.275271 publish topic=edge4av/airspan-tdd-downlink-location_3/raw-downlink/veh-001/response bytes=10272 forwarded=1
1787070417.525031 publish topic=edge4av/airspan-tdd-downlink-location_3/raw-downlink/veh-001/request bytes=28 forwarded=1
1787070417.525770 publish topic=edge4av/airspan-tdd-downlink-location_3/raw-downlink/veh-001/response bytes=10272 forwarded=1
1787070417.785333 publish topic=edge4av/airspan-tdd-downlink-location_3/raw-downlink/veh-001/request bytes=28 forwarded=1
1787070417.786023 publish topic=edge4av/airspan-tdd-downlink-location_3/raw-downlink/veh-001/response bytes=10272 forwarded=1
1787070418.005904 publish topic=edge4av/airspan-tdd-downlink-location_3/raw-downlink/veh-001/request bytes=28 forwarded=1
1787070418.006631 publish topic=edge4av/airspan-tdd-downlink-location_3/raw-downlink/veh-001/response bytes=10272 forwarded=1
1787070418.236075 publish topic=edge4av/airspan-tdd-downlink-location_3/raw-downlink/veh-001/request bytes=28 forwarded=1
1787070418.236941 publish topic=edge4av/airspan-tdd-downlink-location_3/raw-downlink/veh-001/response bytes=10272 forwarded=1
1787070418.476366 publish topic=edge4av/airspan-tdd-downlink-location_3/raw-downlink/veh-001/request bytes=28 forwarded=1
1787070418.477159 publish topic=edge4av/airspan-tdd-downlink-location_3/raw-downlink/veh-001/response bytes=10272 forwarded=1
1787070418.717086 publish topic=edge4av/airspan-tdd-downlink-location_3/raw-downlink/veh-001/request bytes=28 forwarded=1
1787070418.717827 publish topic=edge4av/airspan-tdd-downlink-location_3/raw-downlink/veh-001/response bytes=10272 forwarded=1
1787070418.957348 publish topic=edge4av/airspan-tdd-downlink-location_3/raw-downlink/veh-001/request bytes=28 forwarded=1
1787070418.958043 publish topic=edge4av/airspan-tdd-downlink-location_3/raw-downlink/veh-001/response bytes=10272 forwarded=1
1787070419.197588 publish topic=edge4av/airspan-tdd-downlink-location_3/raw-downlink/veh-001/request bytes=28 forwarded=1
1787070419.198393 publish topic=edge4av/airspan-tdd-downlink-location_3/raw-downlink/veh-001/response bytes=10272 forwarded=1
1787070419.438118 publish topic=edge4av/airspan-tdd-downlink-location_3/raw-downlink/veh-001/request bytes=28 forwarded=1
1787070419.438883 publish topic=edge4av/airspan-tdd-downlink-location_3/raw-downlink/veh-001/response bytes=10272 forwarded=1
1787070419.678697 publish topic=edge4av/airspan-tdd-downlink-location_3/raw-downlink/veh-001/request bytes=28 forwarded=1
1787070419.679532 publish topic=edge4av/airspan-tdd-downlink-location_3/raw-downlink/veh-001/response bytes=10272 forwarded=1
1787070419.898797 publish topic=edge4av/airspan-tdd-downlink-location_3/raw-downlink/veh-001/request bytes=28 forwarded=1
1787070419.899223 publish topic=edge4av/airspan-tdd-downlink-location_3/raw-downlink/veh-001/response bytes=10272 forwarded=1
1787070420.119621 publish topic=edge4av/airspan-tdd-downlink-location_3/raw-downlink/veh-001/request bytes=28 forwarded=1
1787070420.120403 publish topic=edge4av/airspan-tdd-downlink-location_3/raw-downlink/veh-001/response bytes=10272 forwarded=1
1787070420.349740 publish topic=edge4av/airspan-tdd-downlink-location_3/raw-downlink/veh-001/request bytes=28 forwarded=1
1787070420.350446 publish topic=edge4av/airspan-tdd-downlink-location_3/raw-downlink/veh-001/response bytes=10272 forwarded=1
1787070420.570118 publish topic=edge4av/airspan-tdd-downlink-location_3/raw-downlink/veh-001/request bytes=28 forwarded=1
1787070420.570817 publish topic=edge4av/airspan-tdd-downlink-location_3/raw-downlink/veh-001/response bytes=10272 forwarded=1
1787070420.800630 publish topic=edge4av/airspan-tdd-downlink-location_3/raw-downlink/veh-001/request bytes=28 forwarded=1
1787070420.801357 publish topic=edge4av/airspan-tdd-downlink-location_3/raw-downlink/veh-001/response bytes=10272 forwarded=1
1787070421.051004 publish topic=edge4av/airspan-tdd-downlink-location_3/raw-downlink/veh-001/request bytes=28 forwarded=1
1787070421.051333 publish topic=edge4av/airspan-tdd-downlink-location_3/raw-downlink/veh-001/response bytes=10272 forwarded=1
1787070421.281146 publish topic=edge4av/airspan-tdd-downlink-location_3/raw-downlink/veh-001/request bytes=28 forwarded=1
1787070421.281430 publish topic=edge4av/airspan-tdd-downlink-location_3/raw-downlink/veh-001/response bytes=10272 forwarded=1
1787070421.512017 publish topic=edge4av/airspan-tdd-downlink-location_3/raw-downlink/veh-001/request bytes=28 forwarded=1
1787070421.512728 publish topic=edge4av/airspan-tdd-downlink-location_3/raw-downlink/veh-001/response bytes=10272 forwarded=1
1787070421.742233 publish topic=edge4av/airspan-tdd-downlink-location_3/raw-downlink/veh-001/request bytes=28 forwarded=1
1787070421.742893 publish topic=edge4av/airspan-tdd-downlink-location_3/raw-downlink/veh-001/response bytes=10272 forwarded=1
1787070421.972820 publish topic=edge4av/airspan-tdd-downlink-location_3/raw-downlink/veh-001/request bytes=28 forwarded=1
1787070421.973522 publish topic=edge4av/airspan-tdd-downlink-location_3/raw-downlink/veh-001/response bytes=10272 forwarded=1
1787070422.202923 publish topic=edge4av/airspan-tdd-downlink-location_3/raw-downlink/veh-001/request bytes=28 forwarded=1
1787070422.203711 publish topic=edge4av/airspan-tdd-downlink-location_3/raw-downlink/veh-001/response bytes=10272 forwarded=1
1787070422.433445 publish topic=edge4av/airspan-tdd-downlink-location_3/raw-downlink/veh-001/request bytes=28 forwarded=1
1787070422.434158 publish topic=edge4av/airspan-tdd-downlink-location_3/raw-downlink/veh-001/response bytes=10272 forwarded=1
1787070422.673807 publish topic=edge4av/airspan-tdd-downlink-location_3/raw-downlink/veh-001/request bytes=28 forwarded=1
1787070422.674502 publish topic=edge4av/airspan-tdd-downlink-location_3/raw-downlink/veh-001/response bytes=10272 forwarded=1
1787070422.904330 publish topic=edge4av/airspan-tdd-downlink-location_3/raw-downlink/veh-001/request bytes=28 forwarded=1
1787070422.905036 publish topic=edge4av/airspan-tdd-downlink-location_3/raw-downlink/veh-001/response bytes=10272 forwarded=1
1787070423.124430 publish topic=edge4av/airspan-tdd-downlink-location_3/raw-downlink/veh-001/request bytes=28 forwarded=1
1787070423.125216 publish topic=edge4av/airspan-tdd-downlink-location_3/raw-downlink/veh-001/response bytes=10272 forwarded=1
1787070423.355000 publish topic=edge4av/airspan-tdd-downlink-location_3/raw-downlink/veh-001/request bytes=28 forwarded=1
1787070423.355707 publish topic=edge4av/airspan-tdd-downlink-location_3/raw-downlink/veh-001/response bytes=10272 forwarded=1
1787070423.595236 publish topic=edge4av/airspan-tdd-downlink-location_3/raw-downlink/veh-001/request bytes=28 forwarded=1
1787070423.595979 publish topic=edge4av/airspan-tdd-downlink-location_3/raw-downlink/veh-001/response bytes=10272 forwarded=1
1787070423.835240 publish topic=edge4av/airspan-tdd-downlink-location_3/raw-downlink/veh-001/request bytes=28 forwarded=1
1787070423.835537 publish topic=edge4av/airspan-tdd-downlink-location_3/raw-downlink/veh-001/response bytes=10272 forwarded=1
1787070424.075621 publish topic=edge4av/airspan-tdd-downlink-location_3/raw-downlink/veh-001/request bytes=28 forwarded=1
1787070424.076103 publish topic=edge4av/airspan-tdd-downlink-location_3/raw-downlink/veh-001/response bytes=10272 forwarded=1
1787070424.306284 publish topic=edge4av/airspan-tdd-downlink-location_3/raw-downlink/veh-001/request bytes=28 forwarded=1
1787070424.306976 publish topic=edge4av/airspan-tdd-downlink-location_3/raw-downlink/veh-001/response bytes=10272 forwarded=1
1787070424.536502 publish topic=edge4av/airspan-tdd-downlink-location_3/raw-downlink/veh-001/request bytes=28 forwarded=1
1787070424.537253 publish topic=edge4av/airspan-tdd-downlink-location_3/raw-downlink/veh-001/response bytes=10272 forwarded=1
1787070424.776772 publish topic=edge4av/airspan-tdd-downlink-location_3/raw-downlink/veh-001/request bytes=28 forwarded=1
1787070424.777601 publish topic=edge4av/airspan-tdd-downlink-location_3/raw-downlink/veh-001/response bytes=10272 forwarded=1
1787070425.007300 publish topic=edge4av/airspan-tdd-downlink-location_3/raw-downlink/veh-001/request bytes=28 forwarded=1
1787070425.008064 publish topic=edge4av/airspan-tdd-downlink-location_3/raw-downlink/veh-001/response bytes=10272 forwarded=1
1787070425.237137 publish topic=edge4av/airspan-tdd-downlink-location_3/raw-downlink/veh-001/request bytes=28 forwarded=1
1787070425.237393 publish topic=edge4av/airspan-tdd-downlink-location_3/raw-downlink/veh-001/response bytes=10272 forwarded=1
1787070425.477614 publish topic=edge4av/airspan-tdd-downlink-location_3/raw-downlink/veh-001/request bytes=28 forwarded=1
1787070425.477969 publish topic=edge4av/airspan-tdd-downlink-location_3/raw-downlink/veh-001/response bytes=10272 forwarded=1
1787070425.717952 publish topic=edge4av/airspan-tdd-downlink-location_3/raw-downlink/veh-001/request bytes=28 forwarded=1
1787070425.718617 publish topic=edge4av/airspan-tdd-downlink-location_3/raw-downlink/veh-001/response bytes=10272 forwarded=1
1787070425.958271 publish topic=edge4av/airspan-tdd-downlink-location_3/raw-downlink/veh-001/request bytes=28 forwarded=1
1787070425.959037 publish topic=edge4av/airspan-tdd-downlink-location_3/raw-downlink/veh-001/response bytes=10272 forwarded=1
1787070426.198527 publish topic=edge4av/airspan-tdd-downlink-location_3/raw-downlink/veh-001/request bytes=28 forwarded=1
1787070426.199231 publish topic=edge4av/airspan-tdd-downlink-location_3/raw-downlink/veh-001/response bytes=10272 forwarded=1
1787070426.418642 publish topic=edge4av/airspan-tdd-downlink-location_3/raw-downlink/veh-001/request bytes=28 forwarded=1
1787070426.419365 publish topic=edge4av/airspan-tdd-downlink-location_3/raw-downlink/veh-001/response bytes=10272 forwarded=1
1787070426.639146 publish topic=edge4av/airspan-tdd-downlink-location_3/raw-downlink/veh-001/request bytes=28 forwarded=1
1787070426.639945 publish topic=edge4av/airspan-tdd-downlink-location_3/raw-downlink/veh-001/response bytes=10272 forwarded=1
1787070426.869275 publish topic=edge4av/airspan-tdd-downlink-location_3/raw-downlink/veh-001/request bytes=28 forwarded=1
1787070426.870023 publish topic=edge4av/airspan-tdd-downlink-location_3/raw-downlink/veh-001/response bytes=10272 forwarded=1
1787070427.089569 publish topic=edge4av/airspan-tdd-downlink-location_3/raw-downlink/veh-001/request bytes=28 forwarded=1
1787070427.090313 publish topic=edge4av/airspan-tdd-downlink-location_3/raw-downlink/veh-001/response bytes=10272 forwarded=1
1787070427.309753 publish topic=edge4av/airspan-tdd-downlink-location_3/raw-downlink/veh-001/request bytes=28 forwarded=1
1787070427.310063 publish topic=edge4av/airspan-tdd-downlink-location_3/raw-downlink/veh-001/response bytes=10272 forwarded=1
1787070427.550199 publish topic=edge4av/airspan-tdd-downlink-location_3/raw-downlink/veh-001/request bytes=28 forwarded=1
1787070427.550586 publish topic=edge4av/airspan-tdd-downlink-location_3/raw-downlink/veh-001/response bytes=10272 forwarded=1
1787070427.770417 publish topic=edge4av/airspan-tdd-downlink-location_3/raw-downlink/veh-001/request bytes=28 forwarded=1
1787070427.771168 publish topic=edge4av/airspan-tdd-downlink-location_3/raw-downlink/veh-001/response bytes=10272 forwarded=1
1787070428.000592 publish topic=edge4av/airspan-tdd-downlink-location_3/raw-downlink/veh-001/request bytes=28 forwarded=1
1787070428.001384 publish topic=edge4av/airspan-tdd-downlink-location_3/raw-downlink/veh-001/response bytes=10272 forwarded=1
1787070428.370953 publish topic=edge4av/airspan-tdd-downlink-location_3/raw-downlink/veh-001/request bytes=28 forwarded=1
1787070428.371556 publish topic=edge4av/airspan-tdd-downlink-location_3/raw-downlink/veh-001/response bytes=10272 forwarded=1
1787070428.631148 publish topic=edge4av/airspan-tdd-downlink-location_3/raw-downlink/veh-001/request bytes=28 forwarded=1
1787070428.631429 publish topic=edge4av/airspan-tdd-downlink-location_3/raw-downlink/veh-001/response bytes=10272 forwarded=1
1787070428.921929 publish topic=edge4av/airspan-tdd-downlink-location_3/raw-downlink/veh-001/request bytes=28 forwarded=1
1787070428.922670 publish topic=edge4av/airspan-tdd-downlink-location_3/raw-downlink/veh-001/response bytes=10272 forwarded=1
1787070429.172041 publish topic=edge4av/airspan-tdd-downlink-location_3/raw-downlink/veh-001/request bytes=28 forwarded=1
1787070429.172845 publish topic=edge4av/airspan-tdd-downlink-location_3/raw-downlink/veh-001/response bytes=10272 forwarded=1
1787070429.432404 publish topic=edge4av/airspan-tdd-downlink-location_3/raw-downlink/veh-001/request bytes=28 forwarded=1
1787070429.433116 publish topic=edge4av/airspan-tdd-downlink-location_3/raw-downlink/veh-001/response bytes=10272 forwarded=1
1787070429.692907 publish topic=edge4av/airspan-tdd-downlink-location_3/raw-downlink/veh-001/request bytes=28 forwarded=1
1787070429.693645 publish topic=edge4av/airspan-tdd-downlink-location_3/raw-downlink/veh-001/response bytes=10272 forwarded=1
1787070429.923400 publish topic=edge4av/airspan-tdd-downlink-location_3/raw-downlink/veh-001/request bytes=28 forwarded=1
1787070429.924117 publish topic=edge4av/airspan-tdd-downlink-location_3/raw-downlink/veh-001/response bytes=10272 forwarded=1
1787070430.163469 publish topic=edge4av/airspan-tdd-downlink-location_3/raw-downlink/veh-001/request bytes=28 forwarded=1
1787070430.164182 publish topic=edge4av/airspan-tdd-downlink-location_3/raw-downlink/veh-001/response bytes=10272 forwarded=1
1787070430.393868 publish topic=edge4av/airspan-tdd-downlink-location_3/raw-downlink/veh-001/request bytes=28 forwarded=1
1787070430.394159 publish topic=edge4av/airspan-tdd-downlink-location_3/raw-downlink/veh-001/response bytes=10272 forwarded=1
1787070430.634175 publish topic=edge4av/airspan-tdd-downlink-location_3/raw-downlink/veh-001/request bytes=28 forwarded=1
1787070430.634903 publish topic=edge4av/airspan-tdd-downlink-location_3/raw-downlink/veh-001/response bytes=10272 forwarded=1
1787070430.874392 publish topic=edge4av/airspan-tdd-downlink-location_3/raw-downlink/veh-001/request bytes=28 forwarded=1
1787070430.875089 publish topic=edge4av/airspan-tdd-downlink-location_3/raw-downlink/veh-001/response bytes=10272 forwarded=1
1787070431.114827 publish topic=edge4av/airspan-tdd-downlink-location_3/raw-downlink/veh-001/request bytes=28 forwarded=1
1787070431.115483 publish topic=edge4av/airspan-tdd-downlink-location_3/raw-downlink/veh-001/response bytes=10272 forwarded=1
1787070431.355250 publish topic=edge4av/airspan-tdd-downlink-location_3/raw-downlink/veh-001/request bytes=28 forwarded=1
1787070431.356001 publish topic=edge4av/airspan-tdd-downlink-location_3/raw-downlink/veh-001/response bytes=10272 forwarded=1
1787070431.585204 publish topic=edge4av/airspan-tdd-downlink-location_3/raw-downlink/veh-001/request bytes=28 forwarded=1
1787070431.585470 publish topic=edge4av/airspan-tdd-downlink-location_3/raw-downlink/veh-001/response bytes=10272 forwarded=1
1787070431.815968 publish topic=edge4av/airspan-tdd-downlink-location_3/raw-downlink/veh-001/request bytes=28 forwarded=1
1787070431.816784 publish topic=edge4av/airspan-tdd-downlink-location_3/raw-downlink/veh-001/response bytes=10272 forwarded=1
1787070432.046176 publish topic=edge4av/airspan-tdd-downlink-location_3/raw-downlink/veh-001/request bytes=28 forwarded=1
1787070432.046838 publish topic=edge4av/airspan-tdd-downlink-location_3/raw-downlink/veh-001/response bytes=10272 forwarded=1
1787070432.276457 publish topic=edge4av/airspan-tdd-downlink-location_3/raw-downlink/veh-001/request bytes=28 forwarded=1
1787070432.277177 publish topic=edge4av/airspan-tdd-downlink-location_3/raw-downlink/veh-001/response bytes=10272 forwarded=1
1787070432.516906 publish topic=edge4av/airspan-tdd-downlink-location_3/raw-downlink/veh-001/request bytes=28 forwarded=1
1787070432.517674 publish topic=edge4av/airspan-tdd-downlink-location_3/raw-downlink/veh-001/response bytes=10272 forwarded=1
1787070432.757136 publish topic=edge4av/airspan-tdd-downlink-location_3/raw-downlink/veh-001/request bytes=28 forwarded=1
1787070432.757987 publish topic=edge4av/airspan-tdd-downlink-location_3/raw-downlink/veh-001/response bytes=10272 forwarded=1
1787070432.997620 publish topic=edge4av/airspan-tdd-downlink-location_3/raw-downlink/veh-001/request bytes=28 forwarded=1
1787070432.998405 publish topic=edge4av/airspan-tdd-downlink-location_3/raw-downlink/veh-001/response bytes=10272 forwarded=1
1787070433.228009 publish topic=edge4av/airspan-tdd-downlink-location_3/raw-downlink/veh-001/request bytes=28 forwarded=1
1787070433.228468 publish topic=edge4av/airspan-tdd-downlink-location_3/raw-downlink/veh-001/response bytes=10272 forwarded=1
1787070433.458424 publish topic=edge4av/airspan-tdd-downlink-location_3/raw-downlink/veh-001/request bytes=28 forwarded=1
1787070433.459196 publish topic=edge4av/airspan-tdd-downlink-location_3/raw-downlink/veh-001/response bytes=10272 forwarded=1
1787070433.678383 publish topic=edge4av/airspan-tdd-downlink-location_3/raw-downlink/veh-001/request bytes=28 forwarded=1
1787070433.679202 publish topic=edge4av/airspan-tdd-downlink-location_3/raw-downlink/veh-001/response bytes=10272 forwarded=1
1787070433.908968 publish topic=edge4av/airspan-tdd-downlink-location_3/raw-downlink/veh-001/request bytes=28 forwarded=1
1787070433.909716 publish topic=edge4av/airspan-tdd-downlink-location_3/raw-downlink/veh-001/response bytes=10272 forwarded=1
1787070434.129011 publish topic=edge4av/airspan-tdd-downlink-location_3/raw-downlink/veh-001/request bytes=28 forwarded=1
1787070434.129677 publish topic=edge4av/airspan-tdd-downlink-location_3/raw-downlink/veh-001/response bytes=10272 forwarded=1
1787070434.359566 publish topic=edge4av/airspan-tdd-downlink-location_3/raw-downlink/veh-001/request bytes=28 forwarded=1
1787070434.359990 publish topic=edge4av/airspan-tdd-downlink-location_3/raw-downlink/veh-001/response bytes=10272 forwarded=1
1787070434.599700 publish topic=edge4av/airspan-tdd-downlink-location_3/raw-downlink/veh-001/request bytes=28 forwarded=1
1787070434.600463 publish topic=edge4av/airspan-tdd-downlink-location_3/raw-downlink/veh-001/response bytes=10272 forwarded=1
1787070434.820233 publish topic=edge4av/airspan-tdd-downlink-location_3/raw-downlink/veh-001/request bytes=28 forwarded=1
1787070434.821013 publish topic=edge4av/airspan-tdd-downlink-location_3/raw-downlink/veh-001/response bytes=10272 forwarded=1
1787070435.040262 publish topic=edge4av/airspan-tdd-downlink-location_3/raw-downlink/veh-001/request bytes=28 forwarded=1
1787070435.041085 publish topic=edge4av/airspan-tdd-downlink-location_3/raw-downlink/veh-001/response bytes=10272 forwarded=1
1787070435.270523 publish topic=edge4av/airspan-tdd-downlink-location_3/raw-downlink/veh-001/request bytes=28 forwarded=1
1787070435.271418 publish topic=edge4av/airspan-tdd-downlink-location_3/raw-downlink/veh-001/response bytes=10272 forwarded=1
1787070435.510991 publish topic=edge4av/airspan-tdd-downlink-location_3/raw-downlink/veh-001/request bytes=28 forwarded=1
1787070435.511343 publish topic=edge4av/airspan-tdd-downlink-location_3/raw-downlink/veh-001/response bytes=10272 forwarded=1
1787070435.751418 publish topic=edge4av/airspan-tdd-downlink-location_3/raw-downlink/veh-001/request bytes=28 forwarded=1
1787070435.752212 publish topic=edge4av/airspan-tdd-downlink-location_3/raw-downlink/veh-001/response bytes=10272 forwarded=1
1787070435.991688 publish topic=edge4av/airspan-tdd-downlink-location_3/raw-downlink/veh-001/request bytes=28 forwarded=1
1787070435.992462 publish topic=edge4av/airspan-tdd-downlink-location_3/raw-downlink/veh-001/response bytes=10272 forwarded=1
1787070436.242004 publish topic=edge4av/airspan-tdd-downlink-location_3/raw-downlink/veh-001/request bytes=28 forwarded=1
1787070436.242695 publish topic=edge4av/airspan-tdd-downlink-location_3/raw-downlink/veh-001/response bytes=10272 forwarded=1
1787070436.472272 publish topic=edge4av/airspan-tdd-downlink-location_3/raw-downlink/veh-001/request bytes=28 forwarded=1
1787070436.472966 publish topic=edge4av/airspan-tdd-downlink-location_3/raw-downlink/veh-001/response bytes=10272 forwarded=1
1787070436.722829 publish topic=edge4av/airspan-tdd-downlink-location_3/raw-downlink/veh-001/request bytes=28 forwarded=1
1787070436.723572 publish topic=edge4av/airspan-tdd-downlink-location_3/raw-downlink/veh-001/response bytes=10272 forwarded=1
1787070436.952822 publish topic=edge4av/airspan-tdd-downlink-location_3/raw-downlink/veh-001/request bytes=28 forwarded=1
1787070436.953097 publish topic=edge4av/airspan-tdd-downlink-location_3/raw-downlink/veh-001/response bytes=10272 forwarded=1
1787070437.183136 publish topic=edge4av/airspan-tdd-downlink-location_3/raw-downlink/veh-001/request bytes=28 forwarded=1
1787070437.183628 publish topic=edge4av/airspan-tdd-downlink-location_3/raw-downlink/veh-001/response bytes=10272 forwarded=1
1787070437.413749 publish topic=edge4av/airspan-tdd-downlink-location_3/raw-downlink/veh-001/request bytes=28 forwarded=1
1787070437.414422 publish topic=edge4av/airspan-tdd-downlink-location_3/raw-downlink/veh-001/response bytes=10272 forwarded=1
1787070437.643837 publish topic=edge4av/airspan-tdd-downlink-location_3/raw-downlink/veh-001/request bytes=28 forwarded=1
1787070437.644514 publish topic=edge4av/airspan-tdd-downlink-location_3/raw-downlink/veh-001/response bytes=10272 forwarded=1
1787070437.874496 publish topic=edge4av/airspan-tdd-downlink-location_3/raw-downlink/veh-001/request bytes=28 forwarded=1
1787070437.875240 publish topic=edge4av/airspan-tdd-downlink-location_3/raw-downlink/veh-001/response bytes=10272 forwarded=1
1787070438.114873 publish topic=edge4av/airspan-tdd-downlink-location_3/raw-downlink/veh-001/request bytes=28 forwarded=1
1787070438.115624 publish topic=edge4av/airspan-tdd-downlink-location_3/raw-downlink/veh-001/response bytes=10272 forwarded=1
1787070438.354762 publish topic=edge4av/airspan-tdd-downlink-location_3/raw-downlink/veh-001/request bytes=28 forwarded=1
1787070438.355059 publish topic=edge4av/airspan-tdd-downlink-location_3/raw-downlink/veh-001/response bytes=10272 forwarded=1
1787070438.575337 publish topic=edge4av/airspan-tdd-downlink-location_3/raw-downlink/veh-001/request bytes=28 forwarded=1
1787070438.576020 publish topic=edge4av/airspan-tdd-downlink-location_3/raw-downlink/veh-001/response bytes=10272 forwarded=1
1787070438.805765 publish topic=edge4av/airspan-tdd-downlink-location_3/raw-downlink/veh-001/request bytes=28 forwarded=1
1787070438.806520 publish topic=edge4av/airspan-tdd-downlink-location_3/raw-downlink/veh-001/response bytes=10272 forwarded=1
1787070439.035878 publish topic=edge4av/airspan-tdd-downlink-location_3/raw-downlink/veh-001/request bytes=28 forwarded=1
1787070439.036137 publish topic=edge4av/airspan-tdd-downlink-location_3/raw-downlink/veh-001/response bytes=10272 forwarded=1
1787070439.266516 publish topic=edge4av/airspan-tdd-downlink-location_3/raw-downlink/veh-001/request bytes=28 forwarded=1
1787070439.267259 publish topic=edge4av/airspan-tdd-downlink-location_3/raw-downlink/veh-001/response bytes=10272 forwarded=1
1787070439.496542 publish topic=edge4av/airspan-tdd-downlink-location_3/raw-downlink/veh-001/request bytes=28 forwarded=1
1787070439.496896 publish topic=edge4av/airspan-tdd-downlink-location_3/raw-downlink/veh-001/response bytes=10272 forwarded=1
1787070439.726757 publish topic=edge4av/airspan-tdd-downlink-location_3/raw-downlink/veh-001/request bytes=28 forwarded=1
1787070439.727169 publish topic=edge4av/airspan-tdd-downlink-location_3/raw-downlink/veh-001/response bytes=10272 forwarded=1
1787070439.957363 publish topic=edge4av/airspan-tdd-downlink-location_3/raw-downlink/veh-001/request bytes=28 forwarded=1
1787070439.958130 publish topic=edge4av/airspan-tdd-downlink-location_3/raw-downlink/veh-001/response bytes=10272 forwarded=1
1787070440.197944 publish topic=edge4av/airspan-tdd-downlink-location_3/raw-downlink/veh-001/request bytes=28 forwarded=1
1787070440.198697 publish topic=edge4av/airspan-tdd-downlink-location_3/raw-downlink/veh-001/response bytes=10272 forwarded=1
1787070440.438029 publish topic=edge4av/airspan-tdd-downlink-location_3/raw-downlink/veh-001/request bytes=28 forwarded=1
1787070440.438300 publish topic=edge4av/airspan-tdd-downlink-location_3/raw-downlink/veh-001/response bytes=10272 forwarded=1
1787070440.678437 publish topic=edge4av/airspan-tdd-downlink-location_3/raw-downlink/veh-001/request bytes=28 forwarded=1
1787070440.678786 publish topic=edge4av/airspan-tdd-downlink-location_3/raw-downlink/veh-001/response bytes=10272 forwarded=1
1787070440.909047 publish topic=edge4av/airspan-tdd-downlink-location_3/raw-downlink/veh-001/request bytes=28 forwarded=1
1787070440.909792 publish topic=edge4av/airspan-tdd-downlink-location_3/raw-downlink/veh-001/response bytes=10272 forwarded=1
1787070441.129001 publish topic=edge4av/airspan-tdd-downlink-location_3/raw-downlink/veh-001/request bytes=28 forwarded=1
1787070441.130470 publish topic=edge4av/airspan-tdd-downlink-location_3/raw-downlink/veh-001/response bytes=10272 forwarded=1
1787070441.359418 publish topic=edge4av/airspan-tdd-downlink-location_3/raw-downlink/veh-001/request bytes=28 forwarded=1
1787070441.360166 publish topic=edge4av/airspan-tdd-downlink-location_3/raw-downlink/veh-001/response bytes=10272 forwarded=1
1787070441.579837 publish topic=edge4av/airspan-tdd-downlink-location_3/raw-downlink/veh-001/request bytes=28 forwarded=1
1787070441.580585 publish topic=edge4av/airspan-tdd-downlink-location_3/raw-downlink/veh-001/response bytes=10272 forwarded=1
1787070441.810173 publish topic=edge4av/airspan-tdd-downlink-location_3/raw-downlink/veh-001/request bytes=28 forwarded=1
1787070441.810916 publish topic=edge4av/airspan-tdd-downlink-location_3/raw-downlink/veh-001/response bytes=10272 forwarded=1
1787070442.030334 publish topic=edge4av/airspan-tdd-downlink-location_3/raw-downlink/veh-001/request bytes=28 forwarded=1
1787070442.031018 publish topic=edge4av/airspan-tdd-downlink-location_3/raw-downlink/veh-001/response bytes=10272 forwarded=1
1787070442.250425 publish topic=edge4av/airspan-tdd-downlink-location_3/raw-downlink/veh-001/request bytes=28 forwarded=1
1787070442.250700 publish topic=edge4av/airspan-tdd-downlink-location_3/raw-downlink/veh-001/response bytes=10272 forwarded=1
1787070442.470905 publish topic=edge4av/airspan-tdd-downlink-location_3/raw-downlink/veh-001/request bytes=28 forwarded=1
1787070442.471614 publish topic=edge4av/airspan-tdd-downlink-location_3/raw-downlink/veh-001/response bytes=10272 forwarded=1
1787070442.701492 publish topic=edge4av/airspan-tdd-downlink-location_3/raw-downlink/veh-001/request bytes=28 forwarded=1
1787070442.702239 publish topic=edge4av/airspan-tdd-downlink-location_3/raw-downlink/veh-001/response bytes=10272 forwarded=1
1787070442.931545 publish topic=edge4av/airspan-tdd-downlink-location_3/raw-downlink/veh-001/request bytes=28 forwarded=1
1787070442.931810 publish topic=edge4av/airspan-tdd-downlink-location_3/raw-downlink/veh-001/response bytes=10272 forwarded=1
1787070443.162086 publish topic=edge4av/airspan-tdd-downlink-location_3/raw-downlink/veh-001/request bytes=28 forwarded=1
1787070443.162934 publish topic=edge4av/airspan-tdd-downlink-location_3/raw-downlink/veh-001/response bytes=10272 forwarded=1
1787070443.392050 publish topic=edge4av/airspan-tdd-downlink-location_3/raw-downlink/veh-001/request bytes=28 forwarded=1
1787070443.392423 publish topic=edge4av/airspan-tdd-downlink-location_3/raw-downlink/veh-001/response bytes=10272 forwarded=1
1787070443.622502 publish topic=edge4av/airspan-tdd-downlink-location_3/raw-downlink/veh-001/request bytes=28 forwarded=1
1787070443.623273 publish topic=edge4av/airspan-tdd-downlink-location_3/raw-downlink/veh-001/response bytes=10272 forwarded=1
1787070443.853001 publish topic=edge4av/airspan-tdd-downlink-location_3/raw-downlink/veh-001/request bytes=28 forwarded=1
1787070443.853738 publish topic=edge4av/airspan-tdd-downlink-location_3/raw-downlink/veh-001/response bytes=10272 forwarded=1
1787070444.083242 publish topic=edge4av/airspan-tdd-downlink-location_3/raw-downlink/veh-001/request bytes=28 forwarded=1
1787070444.083610 publish topic=edge4av/airspan-tdd-downlink-location_3/raw-downlink/veh-001/response bytes=10272 forwarded=1
1787070444.313449 publish topic=edge4av/airspan-tdd-downlink-location_3/raw-downlink/veh-001/request bytes=28 forwarded=1
1787070444.314187 publish topic=edge4av/airspan-tdd-downlink-location_3/raw-downlink/veh-001/response bytes=10272 forwarded=1
1787070444.543848 publish topic=edge4av/airspan-tdd-downlink-location_3/raw-downlink/veh-001/request bytes=28 forwarded=1
1787070444.544204 publish topic=edge4av/airspan-tdd-downlink-location_3/raw-downlink/veh-001/response bytes=10272 forwarded=1
1787070444.774062 publish topic=edge4av/airspan-tdd-downlink-location_3/raw-downlink/veh-001/request bytes=28 forwarded=1
1787070444.774758 publish topic=edge4av/airspan-tdd-downlink-location_3/raw-downlink/veh-001/response bytes=10272 forwarded=1
1787070444.994299 publish topic=edge4av/airspan-tdd-downlink-location_3/raw-downlink/veh-001/request bytes=28 forwarded=1
1787070444.994975 publish topic=edge4av/airspan-tdd-downlink-location_3/raw-downlink/veh-001/response bytes=10272 forwarded=1
1787070445.214883 publish topic=edge4av/airspan-tdd-downlink-location_3/raw-downlink/veh-001/request bytes=28 forwarded=1
1787070445.215633 publish topic=edge4av/airspan-tdd-downlink-location_3/raw-downlink/veh-001/response bytes=10272 forwarded=1
1787070445.445204 publish topic=edge4av/airspan-tdd-downlink-location_3/raw-downlink/veh-001/request bytes=28 forwarded=1
1787070445.445865 publish topic=edge4av/airspan-tdd-downlink-location_3/raw-downlink/veh-001/response bytes=10272 forwarded=1
1787070445.675607 publish topic=edge4av/airspan-tdd-downlink-location_3/raw-downlink/veh-001/request bytes=28 forwarded=1
1787070445.675963 publish topic=edge4av/airspan-tdd-downlink-location_3/raw-downlink/veh-001/response bytes=10272 forwarded=1
1787070445.916043 publish topic=edge4av/airspan-tdd-downlink-location_3/raw-downlink/veh-001/request bytes=28 forwarded=1
1787070445.916845 publish topic=edge4av/airspan-tdd-downlink-location_3/raw-downlink/veh-001/response bytes=10272 forwarded=1
1787070446.146465 publish topic=edge4av/airspan-tdd-downlink-location_3/raw-downlink/veh-001/request bytes=28 forwarded=1
1787070446.147215 publish topic=edge4av/airspan-tdd-downlink-location_3/raw-downlink/veh-001/response bytes=10272 forwarded=1
1787070446.396826 publish topic=edge4av/airspan-tdd-downlink-location_3/raw-downlink/veh-001/request bytes=28 forwarded=1
1787070446.397568 publish topic=edge4av/airspan-tdd-downlink-location_3/raw-downlink/veh-001/response bytes=10272 forwarded=1
1787070446.637038 publish topic=edge4av/airspan-tdd-downlink-location_3/raw-downlink/veh-001/request bytes=28 forwarded=1
1787070446.637764 publish topic=edge4av/airspan-tdd-downlink-location_3/raw-downlink/veh-001/response bytes=10272 forwarded=1
1787070446.877465 publish topic=edge4av/airspan-tdd-downlink-location_3/raw-downlink/veh-001/request bytes=28 forwarded=1
1787070446.878213 publish topic=edge4av/airspan-tdd-downlink-location_3/raw-downlink/veh-001/response bytes=10272 forwarded=1
1787070447.117788 publish topic=edge4av/airspan-tdd-downlink-location_3/raw-downlink/veh-001/request bytes=28 forwarded=1
1787070447.118584 publish topic=edge4av/airspan-tdd-downlink-location_3/raw-downlink/veh-001/response bytes=10272 forwarded=1
1787070447.388165 publish topic=edge4av/airspan-tdd-downlink-location_3/raw-downlink/veh-001/request bytes=28 forwarded=1
1787070447.388506 publish topic=edge4av/airspan-tdd-downlink-location_3/raw-downlink/veh-001/response bytes=10272 forwarded=1
1787070447.628370 publish topic=edge4av/airspan-tdd-downlink-location_3/raw-downlink/veh-001/request bytes=28 forwarded=1
1787070447.628750 publish topic=edge4av/airspan-tdd-downlink-location_3/raw-downlink/veh-001/response bytes=10272 forwarded=1
1787070447.848912 publish topic=edge4av/airspan-tdd-downlink-location_3/raw-downlink/veh-001/request bytes=28 forwarded=1
1787070447.849710 publish topic=edge4av/airspan-tdd-downlink-location_3/raw-downlink/veh-001/response bytes=10272 forwarded=1
1787070448.079241 publish topic=edge4av/airspan-tdd-downlink-location_3/raw-downlink/veh-001/request bytes=28 forwarded=1
1787070448.079782 publish topic=edge4av/airspan-tdd-downlink-location_3/raw-downlink/veh-001/response bytes=10272 forwarded=1
1787070448.309739 publish topic=edge4av/airspan-tdd-downlink-location_3/raw-downlink/veh-001/request bytes=28 forwarded=1
1787070448.310477 publish topic=edge4av/airspan-tdd-downlink-location_3/raw-downlink/veh-001/response bytes=10272 forwarded=1
1787070448.530218 publish topic=edge4av/airspan-tdd-downlink-location_3/raw-downlink/veh-001/request bytes=28 forwarded=1
1787070448.530967 publish topic=edge4av/airspan-tdd-downlink-location_3/raw-downlink/veh-001/response bytes=10272 forwarded=1
1787070448.750529 publish topic=edge4av/airspan-tdd-downlink-location_3/raw-downlink/veh-001/request bytes=28 forwarded=1
1787070448.751272 publish topic=edge4av/airspan-tdd-downlink-location_3/raw-downlink/veh-001/response bytes=10272 forwarded=1
1787070448.991159 publish topic=edge4av/airspan-tdd-downlink-location_3/raw-downlink/veh-001/request bytes=28 forwarded=1
1787070448.991967 publish topic=edge4av/airspan-tdd-downlink-location_3/raw-downlink/veh-001/response bytes=10272 forwarded=1
1787070449.221044 publish topic=edge4av/airspan-tdd-downlink-location_3/raw-downlink/veh-001/request bytes=28 forwarded=1
1787070449.221893 publish topic=edge4av/airspan-tdd-downlink-location_3/raw-downlink/veh-001/response bytes=10272 forwarded=1
1787070449.451635 publish topic=edge4av/airspan-tdd-downlink-location_3/raw-downlink/veh-001/request bytes=28 forwarded=1
1787070449.452433 publish topic=edge4av/airspan-tdd-downlink-location_3/raw-downlink/veh-001/response bytes=10272 forwarded=1
1787070449.681668 publish topic=edge4av/airspan-tdd-downlink-location_3/raw-downlink/veh-001/request bytes=28 forwarded=1
1787070449.682141 publish topic=edge4av/airspan-tdd-downlink-location_3/raw-downlink/veh-001/response bytes=10272 forwarded=1
1787070449.912239 publish topic=edge4av/airspan-tdd-downlink-location_3/raw-downlink/veh-001/request bytes=28 forwarded=1
1787070449.913059 publish topic=edge4av/airspan-tdd-downlink-location_3/raw-downlink/veh-001/response bytes=10272 forwarded=1
1787070450.143327 publish topic=edge4av/airspan-tdd-downlink-location_3/raw-downlink/veh-001/request bytes=28 forwarded=1
1787070450.144124 publish topic=edge4av/airspan-tdd-downlink-location_3/raw-downlink/veh-001/response bytes=10272 forwarded=1
1787070450.373117 publish topic=edge4av/airspan-tdd-downlink-location_3/raw-downlink/veh-001/request bytes=28 forwarded=1
1787070450.374485 publish topic=edge4av/airspan-tdd-downlink-location_3/raw-downlink/veh-001/response bytes=10272 forwarded=1
1787070450.603347 publish topic=edge4av/airspan-tdd-downlink-location_3/raw-downlink/veh-001/request bytes=28 forwarded=1
1787070450.604091 publish topic=edge4av/airspan-tdd-downlink-location_3/raw-downlink/veh-001/response bytes=10272 forwarded=1
1787070450.833755 publish topic=edge4av/airspan-tdd-downlink-location_3/raw-downlink/veh-001/request bytes=28 forwarded=1
1787070450.834188 publish topic=edge4av/airspan-tdd-downlink-location_3/raw-downlink/veh-001/response bytes=10272 forwarded=1
1787070451.074043 publish topic=edge4av/airspan-tdd-downlink-location_3/raw-downlink/veh-001/request bytes=28 forwarded=1
1787070451.074624 publish topic=edge4av/airspan-tdd-downlink-location_3/raw-downlink/veh-001/response bytes=10272 forwarded=1
1787070451.314365 publish topic=edge4av/airspan-tdd-downlink-location_3/raw-downlink/veh-001/request bytes=28 forwarded=1
1787070451.315079 publish topic=edge4av/airspan-tdd-downlink-location_3/raw-downlink/veh-001/response bytes=10272 forwarded=1
1787070451.554880 publish topic=edge4av/airspan-tdd-downlink-location_3/raw-downlink/veh-001/request bytes=28 forwarded=1
1787070451.555692 publish topic=edge4av/airspan-tdd-downlink-location_3/raw-downlink/veh-001/response bytes=10272 forwarded=1
1787070451.795145 publish topic=edge4av/airspan-tdd-downlink-location_3/raw-downlink/veh-001/request bytes=28 forwarded=1
1787070451.795900 publish topic=edge4av/airspan-tdd-downlink-location_3/raw-downlink/veh-001/response bytes=10272 forwarded=1
1787070452.025428 publish topic=edge4av/airspan-tdd-downlink-location_3/raw-downlink/veh-001/request bytes=28 forwarded=1
1787070452.026140 publish topic=edge4av/airspan-tdd-downlink-location_3/raw-downlink/veh-001/response bytes=10272 forwarded=1
1787070452.265926 publish topic=edge4av/airspan-tdd-downlink-location_3/raw-downlink/veh-001/request bytes=28 forwarded=1
1787070452.266596 publish topic=edge4av/airspan-tdd-downlink-location_3/raw-downlink/veh-001/response bytes=10272 forwarded=1
1787070452.496168 publish topic=edge4av/airspan-tdd-downlink-location_3/raw-downlink/veh-001/request bytes=28 forwarded=1
1787070452.496577 publish topic=edge4av/airspan-tdd-downlink-location_3/raw-downlink/veh-001/response bytes=10272 forwarded=1
1787070452.726723 publish topic=edge4av/airspan-tdd-downlink-location_3/raw-downlink/veh-001/request bytes=28 forwarded=1
1787070452.727418 publish topic=edge4av/airspan-tdd-downlink-location_3/raw-downlink/veh-001/response bytes=10272 forwarded=1
1787070452.957098 publish topic=edge4av/airspan-tdd-downlink-location_3/raw-downlink/veh-001/request bytes=28 forwarded=1
1787070452.957521 publish topic=edge4av/airspan-tdd-downlink-location_3/raw-downlink/veh-001/response bytes=10272 forwarded=1
1787070453.197504 publish topic=edge4av/airspan-tdd-downlink-location_3/raw-downlink/veh-001/request bytes=28 forwarded=1
1787070453.198226 publish topic=edge4av/airspan-tdd-downlink-location_3/raw-downlink/veh-001/response bytes=10272 forwarded=1
1787070453.427487 publish topic=edge4av/airspan-tdd-downlink-location_3/raw-downlink/veh-001/request bytes=28 forwarded=1
1787070453.427704 publish topic=edge4av/airspan-tdd-downlink-location_3/raw-downlink/veh-001/response bytes=10272 forwarded=1
1787070453.658190 publish topic=edge4av/airspan-tdd-downlink-location_3/raw-downlink/veh-001/request bytes=28 forwarded=1
1787070453.658607 publish topic=edge4av/airspan-tdd-downlink-location_3/raw-downlink/veh-001/response bytes=10272 forwarded=1
1787070453.878599 publish topic=edge4av/airspan-tdd-downlink-location_3/raw-downlink/veh-001/request bytes=28 forwarded=1
1787070453.879309 publish topic=edge4av/airspan-tdd-downlink-location_3/raw-downlink/veh-001/response bytes=10272 forwarded=1
1787070454.109084 publish topic=edge4av/airspan-tdd-downlink-location_3/raw-downlink/veh-001/request bytes=28 forwarded=1
1787070454.109826 publish topic=edge4av/airspan-tdd-downlink-location_3/raw-downlink/veh-001/response bytes=10272 forwarded=1
1787070454.329334 publish topic=edge4av/airspan-tdd-downlink-location_3/raw-downlink/veh-001/request bytes=28 forwarded=1
1787070454.330058 publish topic=edge4av/airspan-tdd-downlink-location_3/raw-downlink/veh-001/response bytes=10272 forwarded=1
1787070454.559778 publish topic=edge4av/airspan-tdd-downlink-location_3/raw-downlink/veh-001/request bytes=28 forwarded=1
1787070454.560509 publish topic=edge4av/airspan-tdd-downlink-location_3/raw-downlink/veh-001/response bytes=10272 forwarded=1
1787070454.789895 publish topic=edge4av/airspan-tdd-downlink-location_3/raw-downlink/veh-001/request bytes=28 forwarded=1
1787070454.790176 publish topic=edge4av/airspan-tdd-downlink-location_3/raw-downlink/veh-001/response bytes=10272 forwarded=1
1787070455.010520 publish topic=edge4av/airspan-tdd-downlink-location_3/raw-downlink/veh-001/request bytes=28 forwarded=1
1787070455.011233 publish topic=edge4av/airspan-tdd-downlink-location_3/raw-downlink/veh-001/response bytes=10272 forwarded=1
1787070455.240819 publish topic=edge4av/airspan-tdd-downlink-location_3/raw-downlink/veh-001/request bytes=28 forwarded=1
1787070455.241541 publish topic=edge4av/airspan-tdd-downlink-location_3/raw-downlink/veh-001/response bytes=10272 forwarded=1
1787070455.470980 publish topic=edge4av/airspan-tdd-downlink-location_3/raw-downlink/veh-001/request bytes=28 forwarded=1
1787070455.471732 publish topic=edge4av/airspan-tdd-downlink-location_3/raw-downlink/veh-001/response bytes=10272 forwarded=1
1787070455.701628 publish topic=edge4av/airspan-tdd-downlink-location_3/raw-downlink/veh-001/request bytes=28 forwarded=1
1787070455.702482 publish topic=edge4av/airspan-tdd-downlink-location_3/raw-downlink/veh-001/response bytes=10272 forwarded=1
1787070455.931629 publish topic=edge4av/airspan-tdd-downlink-location_3/raw-downlink/veh-001/request bytes=28 forwarded=1
1787070455.931988 publish topic=edge4av/airspan-tdd-downlink-location_3/raw-downlink/veh-001/response bytes=10272 forwarded=1
1787070456.161914 publish topic=edge4av/airspan-tdd-downlink-location_3/raw-downlink/veh-001/request bytes=28 forwarded=1
1787070456.162168 publish topic=edge4av/airspan-tdd-downlink-location_3/raw-downlink/veh-001/response bytes=10272 forwarded=1
1787070456.392646 publish topic=edge4av/airspan-tdd-downlink-location_3/raw-downlink/veh-001/request bytes=28 forwarded=1
1787070456.393421 publish topic=edge4av/airspan-tdd-downlink-location_3/raw-downlink/veh-001/response bytes=10272 forwarded=1
1787070456.632928 publish topic=edge4av/airspan-tdd-downlink-location_3/raw-downlink/veh-001/request bytes=28 forwarded=1
1787070456.633636 publish topic=edge4av/airspan-tdd-downlink-location_3/raw-downlink/veh-001/response bytes=10272 forwarded=1
1787070456.873224 publish topic=edge4av/airspan-tdd-downlink-location_3/raw-downlink/veh-001/request bytes=28 forwarded=1
1787070456.873920 publish topic=edge4av/airspan-tdd-downlink-location_3/raw-downlink/veh-001/response bytes=10272 forwarded=1
1787070457.143728 publish topic=edge4av/airspan-tdd-downlink-location_3/raw-downlink/veh-001/request bytes=28 forwarded=1
1787070457.144501 publish topic=edge4av/airspan-tdd-downlink-location_3/raw-downlink/veh-001/response bytes=10272 forwarded=1
1787070457.374246 publish topic=edge4av/airspan-tdd-downlink-location_3/raw-downlink/veh-001/request bytes=28 forwarded=1
1787070457.374979 publish topic=edge4av/airspan-tdd-downlink-location_3/raw-downlink/veh-001/response bytes=10272 forwarded=1
1787070457.604291 publish topic=edge4av/airspan-tdd-downlink-location_3/raw-downlink/veh-001/request bytes=28 forwarded=1
1787070457.604702 publish topic=edge4av/airspan-tdd-downlink-location_3/raw-downlink/veh-001/response bytes=10272 forwarded=1
1787070457.834913 publish topic=edge4av/airspan-tdd-downlink-location_3/raw-downlink/veh-001/request bytes=28 forwarded=1
1787070457.835668 publish topic=edge4av/airspan-tdd-downlink-location_3/raw-downlink/veh-001/response bytes=10272 forwarded=1
1787070458.075168 publish topic=edge4av/airspan-tdd-downlink-location_3/raw-downlink/veh-001/request bytes=28 forwarded=1
1787070458.075884 publish topic=edge4av/airspan-tdd-downlink-location_3/raw-downlink/veh-001/response bytes=10272 forwarded=1
1787070458.295437 publish topic=edge4av/airspan-tdd-downlink-location_3/raw-downlink/veh-001/request bytes=28 forwarded=1
1787070458.295780 publish topic=edge4av/airspan-tdd-downlink-location_3/raw-downlink/veh-001/response bytes=10272 forwarded=1
1787070458.526151 publish topic=edge4av/airspan-tdd-downlink-location_3/raw-downlink/veh-001/request bytes=28 forwarded=1
1787070458.526888 publish topic=edge4av/airspan-tdd-downlink-location_3/raw-downlink/veh-001/response bytes=10272 forwarded=1
1787070458.756153 publish topic=edge4av/airspan-tdd-downlink-location_3/raw-downlink/veh-001/request bytes=28 forwarded=1
1787070458.756716 publish topic=edge4av/airspan-tdd-downlink-location_3/raw-downlink/veh-001/response bytes=10272 forwarded=1
1787070458.996638 publish topic=edge4av/airspan-tdd-downlink-location_3/raw-downlink/veh-001/request bytes=28 forwarded=1
1787070458.997367 publish topic=edge4av/airspan-tdd-downlink-location_3/raw-downlink/veh-001/response bytes=10272 forwarded=1
1787070459.236873 publish topic=edge4av/airspan-tdd-downlink-location_3/raw-downlink/veh-001/request bytes=28 forwarded=1
1787070459.237554 publish topic=edge4av/airspan-tdd-downlink-location_3/raw-downlink/veh-001/response bytes=10272 forwarded=1
1787070459.477225 publish topic=edge4av/airspan-tdd-downlink-location_3/raw-downlink/veh-001/request bytes=28 forwarded=1
1787070459.477962 publish topic=edge4av/airspan-tdd-downlink-location_3/raw-downlink/veh-001/response bytes=10272 forwarded=1
1787070459.717482 publish topic=edge4av/airspan-tdd-downlink-location_3/raw-downlink/veh-001/request bytes=28 forwarded=1
1787070459.718185 publish topic=edge4av/airspan-tdd-downlink-location_3/raw-downlink/veh-001/response bytes=10272 forwarded=1
1787070459.957828 publish topic=edge4av/airspan-tdd-downlink-location_3/raw-downlink/veh-001/request bytes=28 forwarded=1
1787070459.958217 publish topic=edge4av/airspan-tdd-downlink-location_3/raw-downlink/veh-001/response bytes=10272 forwarded=1
1787070460.198294 publish topic=edge4av/airspan-tdd-downlink-location_3/raw-downlink/veh-001/request bytes=28 forwarded=1
1787070460.199102 publish topic=edge4av/airspan-tdd-downlink-location_3/raw-downlink/veh-001/response bytes=10272 forwarded=1
1787070460.428694 publish topic=edge4av/airspan-tdd-downlink-location_3/raw-downlink/veh-001/request bytes=28 forwarded=1
1787070460.429527 publish topic=edge4av/airspan-tdd-downlink-location_3/raw-downlink/veh-001/response bytes=10272 forwarded=1
1787070460.648891 publish topic=edge4av/airspan-tdd-downlink-location_3/raw-downlink/veh-001/request bytes=28 forwarded=1
1787070460.649623 publish topic=edge4av/airspan-tdd-downlink-location_3/raw-downlink/veh-001/response bytes=10272 forwarded=1
1787070460.869113 publish topic=edge4av/airspan-tdd-downlink-location_3/raw-downlink/veh-001/request bytes=28 forwarded=1
1787070460.869848 publish topic=edge4av/airspan-tdd-downlink-location_3/raw-downlink/veh-001/response bytes=10272 forwarded=1
1787070461.119348 publish topic=edge4av/airspan-tdd-downlink-location_3/raw-downlink/veh-001/request bytes=28 forwarded=1
1787070461.119702 publish topic=edge4av/airspan-tdd-downlink-location_3/raw-downlink/veh-001/response bytes=10272 forwarded=1
1787070461.349542 publish topic=edge4av/airspan-tdd-downlink-location_3/raw-downlink/veh-001/request bytes=28 forwarded=1
1787070461.350549 publish topic=edge4av/airspan-tdd-downlink-location_3/raw-downlink/veh-001/response bytes=10272 forwarded=1
1787070461.570044 publish topic=edge4av/airspan-tdd-downlink-location_3/raw-downlink/veh-001/request bytes=28 forwarded=1
1787070461.570801 publish topic=edge4av/airspan-tdd-downlink-location_3/raw-downlink/veh-001/response bytes=10272 forwarded=1
1787070461.790412 publish topic=edge4av/airspan-tdd-downlink-location_3/raw-downlink/veh-001/request bytes=28 forwarded=1
1787070461.791106 publish topic=edge4av/airspan-tdd-downlink-location_3/raw-downlink/veh-001/response bytes=10272 forwarded=1
1787070462.030502 publish topic=edge4av/airspan-tdd-downlink-location_3/raw-downlink/veh-001/request bytes=28 forwarded=1
1787070462.031279 publish topic=edge4av/airspan-tdd-downlink-location_3/raw-downlink/veh-001/response bytes=10272 forwarded=1
1787070462.260836 publish topic=edge4av/airspan-tdd-downlink-location_3/raw-downlink/veh-001/request bytes=28 forwarded=1
1787070462.261191 publish topic=edge4av/airspan-tdd-downlink-location_3/raw-downlink/veh-001/response bytes=10272 forwarded=1
1787070462.501144 publish topic=edge4av/airspan-tdd-downlink-location_3/raw-downlink/veh-001/request bytes=28 forwarded=1
1787070462.501884 publish topic=edge4av/airspan-tdd-downlink-location_3/raw-downlink/veh-001/response bytes=10272 forwarded=1
1787070462.731333 publish topic=edge4av/airspan-tdd-downlink-location_3/raw-downlink/veh-001/request bytes=28 forwarded=1
1787070462.732095 publish topic=edge4av/airspan-tdd-downlink-location_3/raw-downlink/veh-001/response bytes=10272 forwarded=1
1787070462.961935 publish topic=edge4av/airspan-tdd-downlink-location_3/raw-downlink/veh-001/request bytes=28 forwarded=1
1787070462.962655 publish topic=edge4av/airspan-tdd-downlink-location_3/raw-downlink/veh-001/response bytes=10272 forwarded=1
1787070463.192095 publish topic=edge4av/airspan-tdd-downlink-location_3/raw-downlink/veh-001/request bytes=28 forwarded=1
1787070463.192969 publish topic=edge4av/airspan-tdd-downlink-location_3/raw-downlink/veh-001/response bytes=10272 forwarded=1
1787070463.422433 publish topic=edge4av/airspan-tdd-downlink-location_3/raw-downlink/veh-001/request bytes=28 forwarded=1
1787070463.422853 publish topic=edge4av/airspan-tdd-downlink-location_3/raw-downlink/veh-001/response bytes=10272 forwarded=1
1787070463.652460 publish topic=edge4av/airspan-tdd-downlink-location_3/raw-downlink/veh-001/request bytes=28 forwarded=1
1787070463.652821 publish topic=edge4av/airspan-tdd-downlink-location_3/raw-downlink/veh-001/response bytes=10272 forwarded=1
1787070463.883085 publish topic=edge4av/airspan-tdd-downlink-location_3/raw-downlink/veh-001/request bytes=28 forwarded=1
1787070463.883854 publish topic=edge4av/airspan-tdd-downlink-location_3/raw-downlink/veh-001/response bytes=10272 forwarded=1
1787070464.113234 publish topic=edge4av/airspan-tdd-downlink-location_3/raw-downlink/veh-001/request bytes=28 forwarded=1
1787070464.114109 publish topic=edge4av/airspan-tdd-downlink-location_3/raw-downlink/veh-001/response bytes=10272 forwarded=1
1787070464.353605 publish topic=edge4av/airspan-tdd-downlink-location_3/raw-downlink/veh-001/request bytes=28 forwarded=1
1787070464.354356 publish topic=edge4av/airspan-tdd-downlink-location_3/raw-downlink/veh-001/response bytes=10272 forwarded=1
1787070464.593938 publish topic=edge4av/airspan-tdd-downlink-location_3/raw-downlink/veh-001/request bytes=28 forwarded=1
1787070464.594819 publish topic=edge4av/airspan-tdd-downlink-location_3/raw-downlink/veh-001/response bytes=10272 forwarded=1
1787070464.834518 publish topic=edge4av/airspan-tdd-downlink-location_3/raw-downlink/veh-001/request bytes=28 forwarded=1
1787070464.835311 publish topic=edge4av/airspan-tdd-downlink-location_3/raw-downlink/veh-001/response bytes=10272 forwarded=1
1787070465.074289 publish topic=edge4av/airspan-tdd-downlink-location_3/raw-downlink/veh-001/request bytes=28 forwarded=1
1787070465.074591 publish topic=edge4av/airspan-tdd-downlink-location_3/raw-downlink/veh-001/response bytes=10272 forwarded=1
1787070465.305041 publish topic=edge4av/airspan-tdd-downlink-location_3/raw-downlink/veh-001/request bytes=28 forwarded=1
1787070465.305816 publish topic=edge4av/airspan-tdd-downlink-location_3/raw-downlink/veh-001/response bytes=10272 forwarded=1
1787070465.535358 publish topic=edge4av/airspan-tdd-downlink-location_3/raw-downlink/veh-001/request bytes=28 forwarded=1
1787070465.536137 publish topic=edge4av/airspan-tdd-downlink-location_3/raw-downlink/veh-001/response bytes=10272 forwarded=1
1787070465.765530 publish topic=edge4av/airspan-tdd-downlink-location_3/raw-downlink/veh-001/request bytes=28 forwarded=1
1787070465.766279 publish topic=edge4av/airspan-tdd-downlink-location_3/raw-downlink/veh-001/response bytes=10272 forwarded=1
1787070465.995874 publish topic=edge4av/airspan-tdd-downlink-location_3/raw-downlink/veh-001/request bytes=28 forwarded=1
1787070465.996194 publish topic=edge4av/airspan-tdd-downlink-location_3/raw-downlink/veh-001/response bytes=10272 forwarded=1
1787070466.225836 publish topic=edge4av/airspan-tdd-downlink-location_3/raw-downlink/veh-001/request bytes=28 forwarded=1
1787070466.226184 publish topic=edge4av/airspan-tdd-downlink-location_3/raw-downlink/veh-001/response bytes=10272 forwarded=1
1787070466.456323 publish topic=edge4av/airspan-tdd-downlink-location_3/raw-downlink/veh-001/request bytes=28 forwarded=1
1787070466.457089 publish topic=edge4av/airspan-tdd-downlink-location_3/raw-downlink/veh-001/response bytes=10272 forwarded=1
1787070466.686863 publish topic=edge4av/airspan-tdd-downlink-location_3/raw-downlink/veh-001/request bytes=28 forwarded=1
1787070466.687655 publish topic=edge4av/airspan-tdd-downlink-location_3/raw-downlink/veh-001/response bytes=10272 forwarded=1
1787070466.917066 publish topic=edge4av/airspan-tdd-downlink-location_3/raw-downlink/veh-001/request bytes=28 forwarded=1
1787070466.917853 publish topic=edge4av/airspan-tdd-downlink-location_3/raw-downlink/veh-001/response bytes=10272 forwarded=1
1787070467.147470 publish topic=edge4av/airspan-tdd-downlink-location_3/raw-downlink/veh-001/request bytes=28 forwarded=1
1787070467.148216 publish topic=edge4av/airspan-tdd-downlink-location_3/raw-downlink/veh-001/response bytes=10272 forwarded=1
1787070467.397668 publish topic=edge4av/airspan-tdd-downlink-location_3/raw-downlink/veh-001/request bytes=28 forwarded=1
1787070467.398035 publish topic=edge4av/airspan-tdd-downlink-location_3/raw-downlink/veh-001/response bytes=10272 forwarded=1
1787070467.638043 publish topic=edge4av/airspan-tdd-downlink-location_3/raw-downlink/veh-001/request bytes=28 forwarded=1
1787070467.638788 publish topic=edge4av/airspan-tdd-downlink-location_3/raw-downlink/veh-001/response bytes=10272 forwarded=1
1787070467.888400 publish topic=edge4av/airspan-tdd-downlink-location_3/raw-downlink/veh-001/request bytes=28 forwarded=1
1787070467.888742 publish topic=edge4av/airspan-tdd-downlink-location_3/raw-downlink/veh-001/response bytes=10272 forwarded=1
1787070468.118554 publish topic=edge4av/airspan-tdd-downlink-location_3/raw-downlink/veh-001/request bytes=28 forwarded=1
1787070468.118848 publish topic=edge4av/airspan-tdd-downlink-location_3/raw-downlink/veh-001/response bytes=10272 forwarded=1
1787070468.349103 publish topic=edge4av/airspan-tdd-downlink-location_3/raw-downlink/veh-001/request bytes=28 forwarded=1
1787070468.349924 publish topic=edge4av/airspan-tdd-downlink-location_3/raw-downlink/veh-001/response bytes=10272 forwarded=1
1787070468.569272 publish topic=edge4av/airspan-tdd-downlink-location_3/raw-downlink/veh-001/request bytes=28 forwarded=1
1787070468.570061 publish topic=edge4av/airspan-tdd-downlink-location_3/raw-downlink/veh-001/response bytes=10272 forwarded=1
1787070468.799529 publish topic=edge4av/airspan-tdd-downlink-location_3/raw-downlink/veh-001/request bytes=28 forwarded=1
1787070468.800227 publish topic=edge4av/airspan-tdd-downlink-location_3/raw-downlink/veh-001/response bytes=10272 forwarded=1
1787070469.029783 publish topic=edge4av/airspan-tdd-downlink-location_3/raw-downlink/veh-001/request bytes=28 forwarded=1
1787070469.030599 publish topic=edge4av/airspan-tdd-downlink-location_3/raw-downlink/veh-001/response bytes=10272 forwarded=1
1787070469.250398 publish topic=edge4av/airspan-tdd-downlink-location_3/raw-downlink/veh-001/request bytes=28 forwarded=1
1787070469.251122 publish topic=edge4av/airspan-tdd-downlink-location_3/raw-downlink/veh-001/response bytes=10272 forwarded=1
1787070469.480692 publish topic=edge4av/airspan-tdd-downlink-location_3/raw-downlink/veh-001/request bytes=28 forwarded=1
1787070469.481449 publish topic=edge4av/airspan-tdd-downlink-location_3/raw-downlink/veh-001/response bytes=10272 forwarded=1
1787070469.711004 publish topic=edge4av/airspan-tdd-downlink-location_3/raw-downlink/veh-001/request bytes=28 forwarded=1
1787070469.711746 publish topic=edge4av/airspan-tdd-downlink-location_3/raw-downlink/veh-001/response bytes=10272 forwarded=1
1787070469.951494 publish topic=edge4av/airspan-tdd-downlink-location_3/raw-downlink/veh-001/request bytes=28 forwarded=1
1787070469.952238 publish topic=edge4av/airspan-tdd-downlink-location_3/raw-downlink/veh-001/response bytes=10272 forwarded=1
1787070470.181423 publish topic=edge4av/airspan-tdd-downlink-location_3/raw-downlink/veh-001/request bytes=28 forwarded=1
1787070470.182186 publish topic=edge4av/airspan-tdd-downlink-location_3/raw-downlink/veh-001/response bytes=10272 forwarded=1
1787070470.411712 publish topic=edge4av/airspan-tdd-downlink-location_3/raw-downlink/veh-001/request bytes=28 forwarded=1
1787070470.412482 publish topic=edge4av/airspan-tdd-downlink-location_3/raw-downlink/veh-001/response bytes=10272 forwarded=1
1787070470.642255 publish topic=edge4av/airspan-tdd-downlink-location_3/raw-downlink/veh-001/request bytes=28 forwarded=1
1787070470.643000 publish topic=edge4av/airspan-tdd-downlink-location_3/raw-downlink/veh-001/response bytes=10272 forwarded=1
1787070470.872737 publish topic=edge4av/airspan-tdd-downlink-location_3/raw-downlink/veh-001/request bytes=28 forwarded=1
1787070470.873451 publish topic=edge4av/airspan-tdd-downlink-location_3/raw-downlink/veh-001/response bytes=10272 forwarded=1
1787070471.112977 publish topic=edge4av/airspan-tdd-downlink-location_3/raw-downlink/veh-001/request bytes=28 forwarded=1
1787070471.113775 publish topic=edge4av/airspan-tdd-downlink-location_3/raw-downlink/veh-001/response bytes=10272 forwarded=1
1787070471.352852 publish topic=edge4av/airspan-tdd-downlink-location_3/raw-downlink/veh-001/request bytes=28 forwarded=1
1787070471.353139 publish topic=edge4av/airspan-tdd-downlink-location_3/raw-downlink/veh-001/response bytes=10272 forwarded=1
1787070471.603543 publish topic=edge4av/airspan-tdd-downlink-location_3/raw-downlink/veh-001/request bytes=28 forwarded=1
1787070471.604266 publish topic=edge4av/airspan-tdd-downlink-location_3/raw-downlink/veh-001/response bytes=10272 forwarded=1
1787070471.843851 publish topic=edge4av/airspan-tdd-downlink-location_3/raw-downlink/veh-001/request bytes=28 forwarded=1
1787070471.844650 publish topic=edge4av/airspan-tdd-downlink-location_3/raw-downlink/veh-001/response bytes=10272 forwarded=1
1787070472.073819 publish topic=edge4av/airspan-tdd-downlink-location_3/raw-downlink/veh-001/request bytes=28 forwarded=1
1787070472.074035 publish topic=edge4av/airspan-tdd-downlink-location_3/raw-downlink/veh-001/response bytes=10272 forwarded=1
1787070472.314379 publish topic=edge4av/airspan-tdd-downlink-location_3/raw-downlink/veh-001/request bytes=28 forwarded=1
1787070472.315118 publish topic=edge4av/airspan-tdd-downlink-location_3/raw-downlink/veh-001/response bytes=10272 forwarded=1
1787070472.544718 publish topic=edge4av/airspan-tdd-downlink-location_3/raw-downlink/veh-001/request bytes=28 forwarded=1
1787070472.545095 publish topic=edge4av/airspan-tdd-downlink-location_3/raw-downlink/veh-001/response bytes=10272 forwarded=1
1787070472.774906 publish topic=edge4av/airspan-tdd-downlink-location_3/raw-downlink/veh-001/request bytes=28 forwarded=1
1787070472.775616 publish topic=edge4av/airspan-tdd-downlink-location_3/raw-downlink/veh-001/response bytes=10272 forwarded=1
1787070473.005283 publish topic=edge4av/airspan-tdd-downlink-location_3/raw-downlink/veh-001/request bytes=28 forwarded=1
1787070473.006019 publish topic=edge4av/airspan-tdd-downlink-location_3/raw-downlink/veh-001/response bytes=10272 forwarded=1
1787070473.245687 publish topic=edge4av/airspan-tdd-downlink-location_3/raw-downlink/veh-001/request bytes=28 forwarded=1
1787070473.246430 publish topic=edge4av/airspan-tdd-downlink-location_3/raw-downlink/veh-001/response bytes=10272 forwarded=1
1787070473.475974 publish topic=edge4av/airspan-tdd-downlink-location_3/raw-downlink/veh-001/request bytes=28 forwarded=1
1787070473.476747 publish topic=edge4av/airspan-tdd-downlink-location_3/raw-downlink/veh-001/response bytes=10272 forwarded=1
1787070473.716357 publish topic=edge4av/airspan-tdd-downlink-location_3/raw-downlink/veh-001/request bytes=28 forwarded=1
1787070473.717160 publish topic=edge4av/airspan-tdd-downlink-location_3/raw-downlink/veh-001/response bytes=10272 forwarded=1
1787070473.956280 publish topic=edge4av/airspan-tdd-downlink-location_3/raw-downlink/veh-001/request bytes=28 forwarded=1
1787070473.956664 publish topic=edge4av/airspan-tdd-downlink-location_3/raw-downlink/veh-001/response bytes=10272 forwarded=1
1787070474.196796 publish topic=edge4av/airspan-tdd-downlink-location_3/raw-downlink/veh-001/request bytes=28 forwarded=1
1787070474.197290 publish topic=edge4av/airspan-tdd-downlink-location_3/raw-downlink/veh-001/response bytes=10272 forwarded=1
1787070474.447229 publish topic=edge4av/airspan-tdd-downlink-location_3/raw-downlink/veh-001/request bytes=28 forwarded=1
1787070474.448020 publish topic=edge4av/airspan-tdd-downlink-location_3/raw-downlink/veh-001/response bytes=10272 forwarded=1
1787070474.677560 publish topic=edge4av/airspan-tdd-downlink-location_3/raw-downlink/veh-001/request bytes=28 forwarded=1
1787070474.678337 publish topic=edge4av/airspan-tdd-downlink-location_3/raw-downlink/veh-001/response bytes=10272 forwarded=1
1787070474.917883 publish topic=edge4av/airspan-tdd-downlink-location_3/raw-downlink/veh-001/request bytes=28 forwarded=1
1787070474.918662 publish topic=edge4av/airspan-tdd-downlink-location_3/raw-downlink/veh-001/response bytes=10272 forwarded=1
1787070475.148321 publish topic=edge4av/airspan-tdd-downlink-location_3/raw-downlink/veh-001/request bytes=28 forwarded=1
1787070475.149134 publish topic=edge4av/airspan-tdd-downlink-location_3/raw-downlink/veh-001/response bytes=10272 forwarded=1
1787070475.378490 publish topic=edge4av/airspan-tdd-downlink-location_3/raw-downlink/veh-001/request bytes=28 forwarded=1
1787070475.378831 publish topic=edge4av/airspan-tdd-downlink-location_3/raw-downlink/veh-001/response bytes=10272 forwarded=1
1787070475.598983 publish topic=edge4av/airspan-tdd-downlink-location_3/raw-downlink/veh-001/request bytes=28 forwarded=1
1787070475.599769 publish topic=edge4av/airspan-tdd-downlink-location_3/raw-downlink/veh-001/response bytes=10272 forwarded=1
1787070475.839132 publish topic=edge4av/airspan-tdd-downlink-location_3/raw-downlink/veh-001/request bytes=28 forwarded=1
1787070475.839927 publish topic=edge4av/airspan-tdd-downlink-location_3/raw-downlink/veh-001/response bytes=10272 forwarded=1
1787070476.069057 publish topic=edge4av/airspan-tdd-downlink-location_3/raw-downlink/veh-001/request bytes=28 forwarded=1
1787070476.069396 publish topic=edge4av/airspan-tdd-downlink-location_3/raw-downlink/veh-001/response bytes=10272 forwarded=1
1787070476.289646 publish topic=edge4av/airspan-tdd-downlink-location_3/raw-downlink/veh-001/request bytes=28 forwarded=1
1787070476.290390 publish topic=edge4av/airspan-tdd-downlink-location_3/raw-downlink/veh-001/response bytes=10272 forwarded=1
1787070476.519684 publish topic=edge4av/airspan-tdd-downlink-location_3/raw-downlink/veh-001/request bytes=28 forwarded=1
1787070476.520088 publish topic=edge4av/airspan-tdd-downlink-location_3/raw-downlink/veh-001/response bytes=10272 forwarded=1
1787070476.750102 publish topic=edge4av/airspan-tdd-downlink-location_3/raw-downlink/veh-001/request bytes=28 forwarded=1
1787070476.751272 publish topic=edge4av/airspan-tdd-downlink-location_3/raw-downlink/veh-001/response bytes=10272 forwarded=1
1787070476.980443 publish topic=edge4av/airspan-tdd-downlink-location_3/raw-downlink/veh-001/request bytes=28 forwarded=1
1787070476.981153 publish topic=edge4av/airspan-tdd-downlink-location_3/raw-downlink/veh-001/response bytes=10272 forwarded=1
1787070477.210875 publish topic=edge4av/airspan-tdd-downlink-location_3/raw-downlink/veh-001/request bytes=28 forwarded=1
1787070477.211637 publish topic=edge4av/airspan-tdd-downlink-location_3/raw-downlink/veh-001/response bytes=10272 forwarded=1
1787070477.441033 publish topic=edge4av/airspan-tdd-downlink-location_3/raw-downlink/veh-001/request bytes=28 forwarded=1
1787070477.441728 publish topic=edge4av/airspan-tdd-downlink-location_3/raw-downlink/veh-001/response bytes=10272 forwarded=1
1787070477.671417 publish topic=edge4av/airspan-tdd-downlink-location_3/raw-downlink/veh-001/request bytes=28 forwarded=1
1787070477.671759 publish topic=edge4av/airspan-tdd-downlink-location_3/raw-downlink/veh-001/response bytes=10272 forwarded=1
1787070477.901640 publish topic=edge4av/airspan-tdd-downlink-location_3/raw-downlink/veh-001/request bytes=28 forwarded=1
1787070477.902390 publish topic=edge4av/airspan-tdd-downlink-location_3/raw-downlink/veh-001/response bytes=10272 forwarded=1
1787070478.131993 publish topic=edge4av/airspan-tdd-downlink-location_3/raw-downlink/veh-001/request bytes=28 forwarded=1
1787070478.132784 publish topic=edge4av/airspan-tdd-downlink-location_3/raw-downlink/veh-001/response bytes=10272 forwarded=1
1787070478.372266 publish topic=edge4av/airspan-tdd-downlink-location_3/raw-downlink/veh-001/request bytes=28 forwarded=1
1787070478.373055 publish topic=edge4av/airspan-tdd-downlink-location_3/raw-downlink/veh-001/response bytes=10272 forwarded=1
1787070478.602367 publish topic=edge4av/airspan-tdd-downlink-location_3/raw-downlink/veh-001/request bytes=28 forwarded=1
1787070478.603107 publish topic=edge4av/airspan-tdd-downlink-location_3/raw-downlink/veh-001/response bytes=10272 forwarded=1
1787070478.832697 publish topic=edge4av/airspan-tdd-downlink-location_3/raw-downlink/veh-001/request bytes=28 forwarded=1
1787070478.833080 publish topic=edge4av/airspan-tdd-downlink-location_3/raw-downlink/veh-001/response bytes=10272 forwarded=1
1787070479.062962 publish topic=edge4av/airspan-tdd-downlink-location_3/raw-downlink/veh-001/request bytes=28 forwarded=1
1787070479.063409 publish topic=edge4av/airspan-tdd-downlink-location_3/raw-downlink/veh-001/response bytes=10272 forwarded=1
1787070479.292958 publish topic=edge4av/airspan-tdd-downlink-location_3/raw-downlink/veh-001/request bytes=28 forwarded=1
1787070479.293351 publish topic=edge4av/airspan-tdd-downlink-location_3/raw-downlink/veh-001/response bytes=10272 forwarded=1
1787070479.523052 publish topic=edge4av/airspan-tdd-downlink-location_3/raw-downlink/veh-001/request bytes=28 forwarded=1
1787070479.523316 publish topic=edge4av/airspan-tdd-downlink-location_3/raw-downlink/veh-001/response bytes=10272 forwarded=1
1787070479.773816 publish topic=edge4av/airspan-tdd-downlink-location_3/raw-downlink/veh-001/request bytes=28 forwarded=1
1787070479.774563 publish topic=edge4av/airspan-tdd-downlink-location_3/raw-downlink/veh-001/response bytes=10272 forwarded=1
1787070480.003879 publish topic=edge4av/airspan-tdd-downlink-location_3/raw-downlink/veh-001/request bytes=28 forwarded=1
1787070480.004583 publish topic=edge4av/airspan-tdd-downlink-location_3/raw-downlink/veh-001/response bytes=10272 forwarded=1
1787070480.234259 publish topic=edge4av/airspan-tdd-downlink-location_3/raw-downlink/veh-001/request bytes=28 forwarded=1
1787070480.234977 publish topic=edge4av/airspan-tdd-downlink-location_3/raw-downlink/veh-001/response bytes=10272 forwarded=1
1787070480.474584 publish topic=edge4av/airspan-tdd-downlink-location_3/raw-downlink/veh-001/request bytes=28 forwarded=1
1787070480.475289 publish topic=edge4av/airspan-tdd-downlink-location_3/raw-downlink/veh-001/response bytes=10272 forwarded=1
1787070480.714602 publish topic=edge4av/airspan-tdd-downlink-location_3/raw-downlink/veh-001/request bytes=28 forwarded=1
1787070480.715309 publish topic=edge4av/airspan-tdd-downlink-location_3/raw-downlink/veh-001/response bytes=10272 forwarded=1
1787070480.955208 publish topic=edge4av/airspan-tdd-downlink-location_3/raw-downlink/veh-001/request bytes=28 forwarded=1
1787070480.955929 publish topic=edge4av/airspan-tdd-downlink-location_3/raw-downlink/veh-001/response bytes=10272 forwarded=1
1787070481.195201 publish topic=edge4av/airspan-tdd-downlink-location_3/raw-downlink/veh-001/request bytes=28 forwarded=1
1787070481.195896 publish topic=edge4av/airspan-tdd-downlink-location_3/raw-downlink/veh-001/response bytes=10272 forwarded=1
1787070481.435381 publish topic=edge4av/airspan-tdd-downlink-location_3/raw-downlink/veh-001/request bytes=28 forwarded=1
1787070481.435800 publish topic=edge4av/airspan-tdd-downlink-location_3/raw-downlink/veh-001/response bytes=10272 forwarded=1
1787070481.675635 publish topic=edge4av/airspan-tdd-downlink-location_3/raw-downlink/veh-001/request bytes=28 forwarded=1
1787070481.675992 publish topic=edge4av/airspan-tdd-downlink-location_3/raw-downlink/veh-001/response bytes=10272 forwarded=1
1787070481.916317 publish topic=edge4av/airspan-tdd-downlink-location_3/raw-downlink/veh-001/request bytes=28 forwarded=1
1787070481.917116 publish topic=edge4av/airspan-tdd-downlink-location_3/raw-downlink/veh-001/response bytes=10272 forwarded=1
1787070482.146227 publish topic=edge4av/airspan-tdd-downlink-location_3/raw-downlink/veh-001/request bytes=28 forwarded=1
1787070482.146594 publish topic=edge4av/airspan-tdd-downlink-location_3/raw-downlink/veh-001/response bytes=10272 forwarded=1
1787070482.376693 publish topic=edge4av/airspan-tdd-downlink-location_3/raw-downlink/veh-001/request bytes=28 forwarded=1
1787070482.377435 publish topic=edge4av/airspan-tdd-downlink-location_3/raw-downlink/veh-001/response bytes=10272 forwarded=1
1787070482.636900 publish topic=edge4av/airspan-tdd-downlink-location_3/raw-downlink/veh-001/request bytes=28 forwarded=1
1787070482.637645 publish topic=edge4av/airspan-tdd-downlink-location_3/raw-downlink/veh-001/response bytes=10272 forwarded=1
1787070482.867165 publish topic=edge4av/airspan-tdd-downlink-location_3/raw-downlink/veh-001/request bytes=28 forwarded=1
1787070482.867849 publish topic=edge4av/airspan-tdd-downlink-location_3/raw-downlink/veh-001/response bytes=10272 forwarded=1
1787070483.097765 publish topic=edge4av/airspan-tdd-downlink-location_3/raw-downlink/veh-001/request bytes=28 forwarded=1
1787070483.098482 publish topic=edge4av/airspan-tdd-downlink-location_3/raw-downlink/veh-001/response bytes=10272 forwarded=1
1787070483.327625 publish topic=edge4av/airspan-tdd-downlink-location_3/raw-downlink/veh-001/request bytes=28 forwarded=1
1787070483.328291 publish topic=edge4av/airspan-tdd-downlink-location_3/raw-downlink/veh-001/response bytes=10272 forwarded=1
1787070483.558237 publish topic=edge4av/airspan-tdd-downlink-location_3/raw-downlink/veh-001/request bytes=28 forwarded=1
1787070483.558951 publish topic=edge4av/airspan-tdd-downlink-location_3/raw-downlink/veh-001/response bytes=10272 forwarded=1
1787070483.798141 publish topic=edge4av/airspan-tdd-downlink-location_3/raw-downlink/veh-001/request bytes=28 forwarded=1
1787070483.798811 publish topic=edge4av/airspan-tdd-downlink-location_3/raw-downlink/veh-001/response bytes=10272 forwarded=1
1787070484.028427 publish topic=edge4av/airspan-tdd-downlink-location_3/raw-downlink/veh-001/request bytes=28 forwarded=1
1787070484.029087 publish topic=edge4av/airspan-tdd-downlink-location_3/raw-downlink/veh-001/response bytes=10272 forwarded=1
1787070484.248788 publish topic=edge4av/airspan-tdd-downlink-location_3/raw-downlink/veh-001/request bytes=28 forwarded=1
1787070484.249518 publish topic=edge4av/airspan-tdd-downlink-location_3/raw-downlink/veh-001/response bytes=10272 forwarded=1
1787070484.478889 publish topic=edge4av/airspan-tdd-downlink-location_3/raw-downlink/veh-001/request bytes=28 forwarded=1
1787070484.479357 publish topic=edge4av/airspan-tdd-downlink-location_3/raw-downlink/veh-001/response bytes=10272 forwarded=1
1787070484.709180 publish topic=edge4av/airspan-tdd-downlink-location_3/raw-downlink/veh-001/request bytes=28 forwarded=1
1787070484.709922 publish topic=edge4av/airspan-tdd-downlink-location_3/raw-downlink/veh-001/response bytes=10272 forwarded=1
1787070484.929548 publish topic=edge4av/airspan-tdd-downlink-location_3/raw-downlink/veh-001/request bytes=28 forwarded=1
1787070484.930258 publish topic=edge4av/airspan-tdd-downlink-location_3/raw-downlink/veh-001/response bytes=10272 forwarded=1
1787070485.169642 publish topic=edge4av/airspan-tdd-downlink-location_3/raw-downlink/veh-001/request bytes=28 forwarded=1
1787070485.169892 publish topic=edge4av/airspan-tdd-downlink-location_3/raw-downlink/veh-001/response bytes=10272 forwarded=1
1787070485.390609 publish topic=edge4av/airspan-tdd-downlink-location_3/raw-downlink/veh-001/request bytes=28 forwarded=1
1787070485.391335 publish topic=edge4av/airspan-tdd-downlink-location_3/raw-downlink/veh-001/response bytes=10272 forwarded=1
1787070485.620375 publish topic=edge4av/airspan-tdd-downlink-location_3/raw-downlink/veh-001/request bytes=28 forwarded=1
1787070485.621077 publish topic=edge4av/airspan-tdd-downlink-location_3/raw-downlink/veh-001/response bytes=10272 forwarded=1
1787070485.860382 publish topic=edge4av/airspan-tdd-downlink-location_3/raw-downlink/veh-001/request bytes=28 forwarded=1
1787070485.860688 publish topic=edge4av/airspan-tdd-downlink-location_3/raw-downlink/veh-001/response bytes=10272 forwarded=1
1787070486.080769 publish topic=edge4av/airspan-tdd-downlink-location_3/raw-downlink/veh-001/request bytes=28 forwarded=1
1787070486.081203 publish topic=edge4av/airspan-tdd-downlink-location_3/raw-downlink/veh-001/response bytes=10272 forwarded=1
1787070486.321131 publish topic=edge4av/airspan-tdd-downlink-location_3/raw-downlink/veh-001/request bytes=28 forwarded=1
1787070486.321874 publish topic=edge4av/airspan-tdd-downlink-location_3/raw-downlink/veh-001/response bytes=10272 forwarded=1
1787070486.561148 publish topic=edge4av/airspan-tdd-downlink-location_3/raw-downlink/veh-001/request bytes=28 forwarded=1
1787070486.561425 publish topic=edge4av/airspan-tdd-downlink-location_3/raw-downlink/veh-001/response bytes=10272 forwarded=1
1787070486.801383 publish topic=edge4av/airspan-tdd-downlink-location_3/raw-downlink/veh-001/request bytes=28 forwarded=1
1787070486.801656 publish topic=edge4av/airspan-tdd-downlink-location_3/raw-downlink/veh-001/response bytes=10272 forwarded=1
1787070487.031792 publish topic=edge4av/airspan-tdd-downlink-location_3/raw-downlink/veh-001/request bytes=28 forwarded=1
1787070487.032541 publish topic=edge4av/airspan-tdd-downlink-location_3/raw-downlink/veh-001/response bytes=10272 forwarded=1
1787070487.261878 publish topic=edge4av/airspan-tdd-downlink-location_3/raw-downlink/veh-001/request bytes=28 forwarded=1
1787070487.262228 publish topic=edge4av/airspan-tdd-downlink-location_3/raw-downlink/veh-001/response bytes=10272 forwarded=1
1787070487.492300 publish topic=edge4av/airspan-tdd-downlink-location_3/raw-downlink/veh-001/request bytes=28 forwarded=1
1787070487.493015 publish topic=edge4av/airspan-tdd-downlink-location_3/raw-downlink/veh-001/response bytes=10272 forwarded=1
1787070487.722515 publish topic=edge4av/airspan-tdd-downlink-location_3/raw-downlink/veh-001/request bytes=28 forwarded=1
1787070487.723197 publish topic=edge4av/airspan-tdd-downlink-location_3/raw-downlink/veh-001/response bytes=10272 forwarded=1
1787070487.952839 publish topic=edge4av/airspan-tdd-downlink-location_3/raw-downlink/veh-001/request bytes=28 forwarded=1
1787070487.953168 publish topic=edge4av/airspan-tdd-downlink-location_3/raw-downlink/veh-001/response bytes=10272 forwarded=1
1787070488.183419 publish topic=edge4av/airspan-tdd-downlink-location_3/raw-downlink/veh-001/request bytes=28 forwarded=1
1787070488.184126 publish topic=edge4av/airspan-tdd-downlink-location_3/raw-downlink/veh-001/response bytes=10272 forwarded=1
1787070488.413510 publish topic=edge4av/airspan-tdd-downlink-location_3/raw-downlink/veh-001/request bytes=28 forwarded=1
1787070488.414173 publish topic=edge4av/airspan-tdd-downlink-location_3/raw-downlink/veh-001/response bytes=10272 forwarded=1
1787070488.643590 publish topic=edge4av/airspan-tdd-downlink-location_3/raw-downlink/veh-001/request bytes=28 forwarded=1
1787070488.644075 publish topic=edge4av/airspan-tdd-downlink-location_3/raw-downlink/veh-001/response bytes=10272 forwarded=1
1787070488.884163 publish topic=edge4av/airspan-tdd-downlink-location_3/raw-downlink/veh-001/request bytes=28 forwarded=1
1787070488.884895 publish topic=edge4av/airspan-tdd-downlink-location_3/raw-downlink/veh-001/response bytes=10272 forwarded=1
1787070489.104268 publish topic=edge4av/airspan-tdd-downlink-location_3/raw-downlink/veh-001/request bytes=28 forwarded=1
1787070489.104794 publish topic=edge4av/airspan-tdd-downlink-location_3/raw-downlink/veh-001/response bytes=10272 forwarded=1
1787070489.334659 publish topic=edge4av/airspan-tdd-downlink-location_3/raw-downlink/veh-001/request bytes=28 forwarded=1
1787070489.335379 publish topic=edge4av/airspan-tdd-downlink-location_3/raw-downlink/veh-001/response bytes=10272 forwarded=1
1787070489.565006 publish topic=edge4av/airspan-tdd-downlink-location_3/raw-downlink/veh-001/request bytes=28 forwarded=1
1787070489.565724 publish topic=edge4av/airspan-tdd-downlink-location_3/raw-downlink/veh-001/response bytes=10272 forwarded=1
1787070489.795264 publish topic=edge4av/airspan-tdd-downlink-location_3/raw-downlink/veh-001/request bytes=28 forwarded=1
1787070489.795990 publish topic=edge4av/airspan-tdd-downlink-location_3/raw-downlink/veh-001/response bytes=10272 forwarded=1
1787070490.035455 publish topic=edge4av/airspan-tdd-downlink-location_3/raw-downlink/veh-001/request bytes=28 forwarded=1
1787070490.035719 publish topic=edge4av/airspan-tdd-downlink-location_3/raw-downlink/veh-001/response bytes=10272 forwarded=1
1787070490.275328 publish topic=edge4av/airspan-tdd-downlink-location_3/raw-downlink/veh-001/request bytes=28 forwarded=1
1787070490.275599 publish topic=edge4av/airspan-tdd-downlink-location_3/raw-downlink/veh-001/response bytes=10272 forwarded=1
1787070490.735863 publish topic=edge4av/airspan-tdd-downlink-location_3/raw-downlink/veh-001/request bytes=28 forwarded=1
1787070490.736123 publish topic=edge4av/airspan-tdd-downlink-location_3/raw-downlink/veh-001/response bytes=10272 forwarded=1
1787070490.966784 publish topic=edge4av/airspan-tdd-downlink-location_3/raw-downlink/veh-001/request bytes=28 forwarded=1
1787070490.967502 publish topic=edge4av/airspan-tdd-downlink-location_3/raw-downlink/veh-001/response bytes=10272 forwarded=1
1787070491.196804 publish topic=edge4av/airspan-tdd-downlink-location_3/raw-downlink/veh-001/request bytes=28 forwarded=1
1787070491.197610 publish topic=edge4av/airspan-tdd-downlink-location_3/raw-downlink/veh-001/response bytes=10272 forwarded=1
1787070491.436936 publish topic=edge4av/airspan-tdd-downlink-location_3/raw-downlink/veh-001/request bytes=28 forwarded=1
1787070491.437630 publish topic=edge4av/airspan-tdd-downlink-location_3/raw-downlink/veh-001/response bytes=10272 forwarded=1
1787070491.677157 publish topic=edge4av/airspan-tdd-downlink-location_3/raw-downlink/veh-001/request bytes=28 forwarded=1
1787070491.677921 publish topic=edge4av/airspan-tdd-downlink-location_3/raw-downlink/veh-001/response bytes=10272 forwarded=1
1787070491.917569 publish topic=edge4av/airspan-tdd-downlink-location_3/raw-downlink/veh-001/request bytes=28 forwarded=1
1787070491.918294 publish topic=edge4av/airspan-tdd-downlink-location_3/raw-downlink/veh-001/response bytes=10272 forwarded=1
1787070492.147652 publish topic=edge4av/airspan-tdd-downlink-location_3/raw-downlink/veh-001/request bytes=28 forwarded=1
1787070492.147958 publish topic=edge4av/airspan-tdd-downlink-location_3/raw-downlink/veh-001/response bytes=10272 forwarded=1
1787070492.378147 publish topic=edge4av/airspan-tdd-downlink-location_3/raw-downlink/veh-001/request bytes=28 forwarded=1
1787070492.378903 publish topic=edge4av/airspan-tdd-downlink-location_3/raw-downlink/veh-001/response bytes=10272 forwarded=1
1787070492.608667 publish topic=edge4av/airspan-tdd-downlink-location_3/raw-downlink/veh-001/request bytes=28 forwarded=1
1787070492.609440 publish topic=edge4av/airspan-tdd-downlink-location_3/raw-downlink/veh-001/response bytes=10272 forwarded=1
1787070492.838713 publish topic=edge4av/airspan-tdd-downlink-location_3/raw-downlink/veh-001/request bytes=28 forwarded=1
1787070492.839533 publish topic=edge4av/airspan-tdd-downlink-location_3/raw-downlink/veh-001/response bytes=10272 forwarded=1
1787070493.059040 publish topic=edge4av/airspan-tdd-downlink-location_3/raw-downlink/veh-001/request bytes=28 forwarded=1
1787070493.059481 publish topic=edge4av/airspan-tdd-downlink-location_3/raw-downlink/veh-001/response bytes=10272 forwarded=1
1787070493.289248 publish topic=edge4av/airspan-tdd-downlink-location_3/raw-downlink/veh-001/request bytes=28 forwarded=1
1787070493.290103 publish topic=edge4av/airspan-tdd-downlink-location_3/raw-downlink/veh-001/response bytes=10272 forwarded=1
1787070493.509229 publish topic=edge4av/airspan-tdd-downlink-location_3/raw-downlink/veh-001/request bytes=28 forwarded=1
1787070493.509975 publish topic=edge4av/airspan-tdd-downlink-location_3/raw-downlink/veh-001/response bytes=10272 forwarded=1
1787070493.729526 publish topic=edge4av/airspan-tdd-downlink-location_3/raw-downlink/veh-001/request bytes=28 forwarded=1
1787070493.730435 publish topic=edge4av/airspan-tdd-downlink-location_3/raw-downlink/veh-001/response bytes=10272 forwarded=1
1787070493.949695 publish topic=edge4av/airspan-tdd-downlink-location_3/raw-downlink/veh-001/request bytes=28 forwarded=1
1787070493.950433 publish topic=edge4av/airspan-tdd-downlink-location_3/raw-downlink/veh-001/response bytes=10272 forwarded=1
1787070494.169496 publish topic=edge4av/airspan-tdd-downlink-location_3/raw-downlink/veh-001/request bytes=28 forwarded=1
1787070494.169949 publish topic=edge4av/airspan-tdd-downlink-location_3/raw-downlink/veh-001/response bytes=10272 forwarded=1
1787070494.389984 publish topic=edge4av/airspan-tdd-downlink-location_3/raw-downlink/veh-001/request bytes=28 forwarded=1
1787070494.390761 publish topic=edge4av/airspan-tdd-downlink-location_3/raw-downlink/veh-001/response bytes=10272 forwarded=1
1787070494.609900 publish topic=edge4av/airspan-tdd-downlink-location_3/raw-downlink/veh-001/request bytes=28 forwarded=1
1787070494.610295 publish topic=edge4av/airspan-tdd-downlink-location_3/raw-downlink/veh-001/response bytes=10272 forwarded=1
1787070494.840453 publish topic=edge4av/airspan-tdd-downlink-location_3/raw-downlink/veh-001/request bytes=28 forwarded=1
1787070494.841301 publish topic=edge4av/airspan-tdd-downlink-location_3/raw-downlink/veh-001/response bytes=10272 forwarded=1
1787070495.070347 publish topic=edge4av/airspan-tdd-downlink-location_3/raw-downlink/veh-001/request bytes=28 forwarded=1
1787070495.070660 publish topic=edge4av/airspan-tdd-downlink-location_3/raw-downlink/veh-001/response bytes=10272 forwarded=1
1787070495.310658 publish topic=edge4av/airspan-tdd-downlink-location_3/raw-downlink/veh-001/request bytes=28 forwarded=1
1787070495.311464 publish topic=edge4av/airspan-tdd-downlink-location_3/raw-downlink/veh-001/response bytes=10272 forwarded=1
1787070495.530529 publish topic=edge4av/airspan-tdd-downlink-location_3/raw-downlink/veh-001/request bytes=28 forwarded=1
1787070495.530794 publish topic=edge4av/airspan-tdd-downlink-location_3/raw-downlink/veh-001/response bytes=10272 forwarded=1
1787070495.750807 publish topic=edge4av/airspan-tdd-downlink-location_3/raw-downlink/veh-001/request bytes=28 forwarded=1
1787070495.751532 publish topic=edge4av/airspan-tdd-downlink-location_3/raw-downlink/veh-001/response bytes=10272 forwarded=1
1787070495.981076 publish topic=edge4av/airspan-tdd-downlink-location_3/raw-downlink/veh-001/request bytes=28 forwarded=1
1787070495.981808 publish topic=edge4av/airspan-tdd-downlink-location_3/raw-downlink/veh-001/response bytes=10272 forwarded=1
1787070496.201564 publish topic=edge4av/airspan-tdd-downlink-location_3/raw-downlink/veh-001/request bytes=28 forwarded=1
1787070496.202293 publish topic=edge4av/airspan-tdd-downlink-location_3/raw-downlink/veh-001/response bytes=10272 forwarded=1
1787070496.431313 publish topic=edge4av/airspan-tdd-downlink-location_3/raw-downlink/veh-001/request bytes=28 forwarded=1
1787070496.431877 publish topic=edge4av/airspan-tdd-downlink-location_3/raw-downlink/veh-001/response bytes=10272 forwarded=1
1787070496.661768 publish topic=edge4av/airspan-tdd-downlink-location_3/raw-downlink/veh-001/request bytes=28 forwarded=1
1787070496.662487 publish topic=edge4av/airspan-tdd-downlink-location_3/raw-downlink/veh-001/response bytes=10272 forwarded=1
1787070496.891964 publish topic=edge4av/airspan-tdd-downlink-location_3/raw-downlink/veh-001/request bytes=28 forwarded=1
1787070496.892747 publish topic=edge4av/airspan-tdd-downlink-location_3/raw-downlink/veh-001/response bytes=10272 forwarded=1
1787070497.132001 publish topic=edge4av/airspan-tdd-downlink-location_3/raw-downlink/veh-001/request bytes=28 forwarded=1
1787070497.132741 publish topic=edge4av/airspan-tdd-downlink-location_3/raw-downlink/veh-001/response bytes=10272 forwarded=1
1787070497.362367 publish topic=edge4av/airspan-tdd-downlink-location_3/raw-downlink/veh-001/request bytes=28 forwarded=1
1787070497.363084 publish topic=edge4av/airspan-tdd-downlink-location_3/raw-downlink/veh-001/response bytes=10272 forwarded=1
1787070497.592279 publish topic=edge4av/airspan-tdd-downlink-location_3/raw-downlink/veh-001/request bytes=28 forwarded=1
1787070497.592703 publish topic=edge4av/airspan-tdd-downlink-location_3/raw-downlink/veh-001/response bytes=10272 forwarded=1
1787070497.822509 publish topic=edge4av/airspan-tdd-downlink-location_3/raw-downlink/veh-001/request bytes=28 forwarded=1
1787070497.823235 publish topic=edge4av/airspan-tdd-downlink-location_3/raw-downlink/veh-001/response bytes=10272 forwarded=1
1787070498.052674 publish topic=edge4av/airspan-tdd-downlink-location_3/raw-downlink/veh-001/request bytes=28 forwarded=1
1787070498.053078 publish topic=edge4av/airspan-tdd-downlink-location_3/raw-downlink/veh-001/response bytes=10272 forwarded=1
1787070498.282975 publish topic=edge4av/airspan-tdd-downlink-location_3/raw-downlink/veh-001/request bytes=28 forwarded=1
1787070498.283711 publish topic=edge4av/airspan-tdd-downlink-location_3/raw-downlink/veh-001/response bytes=10272 forwarded=1
1787070498.512962 publish topic=edge4av/airspan-tdd-downlink-location_3/raw-downlink/veh-001/request bytes=28 forwarded=1
1787070498.513533 publish topic=edge4av/airspan-tdd-downlink-location_3/raw-downlink/veh-001/response bytes=10272 forwarded=1
1787070498.743306 publish topic=edge4av/airspan-tdd-downlink-location_3/raw-downlink/veh-001/request bytes=28 forwarded=1
1787070498.743752 publish topic=edge4av/airspan-tdd-downlink-location_3/raw-downlink/veh-001/response bytes=10272 forwarded=1
1787070498.973492 publish topic=edge4av/airspan-tdd-downlink-location_3/raw-downlink/veh-001/request bytes=28 forwarded=1
1787070498.974266 publish topic=edge4av/airspan-tdd-downlink-location_3/raw-downlink/veh-001/response bytes=10272 forwarded=1
1787070499.203830 publish topic=edge4av/airspan-tdd-downlink-location_3/raw-downlink/veh-001/request bytes=28 forwarded=1
1787070499.204652 publish topic=edge4av/airspan-tdd-downlink-location_3/raw-downlink/veh-001/response bytes=10272 forwarded=1
1787070499.433772 publish topic=edge4av/airspan-tdd-downlink-location_3/raw-downlink/veh-001/request bytes=28 forwarded=1
1787070499.434532 publish topic=edge4av/airspan-tdd-downlink-location_3/raw-downlink/veh-001/response bytes=10272 forwarded=1
1787070499.673837 publish topic=edge4av/airspan-tdd-downlink-location_3/raw-downlink/veh-001/request bytes=28 forwarded=1
1787070499.674388 publish topic=edge4av/airspan-tdd-downlink-location_3/raw-downlink/veh-001/response bytes=10272 forwarded=1
1787070499.904234 publish topic=edge4av/airspan-tdd-downlink-location_3/raw-downlink/veh-001/request bytes=28 forwarded=1
1787070499.904612 publish topic=edge4av/airspan-tdd-downlink-location_3/raw-downlink/veh-001/response bytes=10272 forwarded=1
1787070500.134308 publish topic=edge4av/airspan-tdd-downlink-location_3/raw-downlink/veh-001/request bytes=28 forwarded=1
1787070500.135062 publish topic=edge4av/airspan-tdd-downlink-location_3/raw-downlink/veh-001/response bytes=10272 forwarded=1
1787070500.375298 publish topic=edge4av/airspan-tdd-downlink-location_3/raw-downlink/veh-001/request bytes=28 forwarded=1
1787070500.376338 publish topic=edge4av/airspan-tdd-downlink-location_3/raw-downlink/veh-001/response bytes=10272 forwarded=1
1787070500.625066 publish topic=edge4av/airspan-tdd-downlink-location_3/raw-downlink/veh-001/request bytes=28 forwarded=1
1787070500.625847 publish topic=edge4av/airspan-tdd-downlink-location_3/raw-downlink/veh-001/response bytes=10272 forwarded=1
1787070500.854863 publish topic=edge4av/airspan-tdd-downlink-location_3/raw-downlink/veh-001/request bytes=28 forwarded=1
1787070500.855165 publish topic=edge4av/airspan-tdd-downlink-location_3/raw-downlink/veh-001/response bytes=10272 forwarded=1
1787070501.085023 publish topic=edge4av/airspan-tdd-downlink-location_3/raw-downlink/veh-001/request bytes=28 forwarded=1
1787070501.085227 publish topic=edge4av/airspan-tdd-downlink-location_3/raw-downlink/veh-001/response bytes=10272 forwarded=1
1787070501.315740 publish topic=edge4av/airspan-tdd-downlink-location_3/raw-downlink/veh-001/request bytes=28 forwarded=1
1787070501.316467 publish topic=edge4av/airspan-tdd-downlink-location_3/raw-downlink/veh-001/response bytes=10272 forwarded=1
1787070501.555740 publish topic=edge4av/airspan-tdd-downlink-location_3/raw-downlink/veh-001/request bytes=28 forwarded=1
1787070501.556594 publish topic=edge4av/airspan-tdd-downlink-location_3/raw-downlink/veh-001/response bytes=10272 forwarded=1
1787070501.795997 publish topic=edge4av/airspan-tdd-downlink-location_3/raw-downlink/veh-001/request bytes=28 forwarded=1
1787070501.796747 publish topic=edge4av/airspan-tdd-downlink-location_3/raw-downlink/veh-001/response bytes=10272 forwarded=1
1787070502.036369 publish topic=edge4av/airspan-tdd-downlink-location_3/raw-downlink/veh-001/request bytes=28 forwarded=1
1787070502.037194 publish topic=edge4av/airspan-tdd-downlink-location_3/raw-downlink/veh-001/response bytes=10272 forwarded=1
1787070502.276778 publish topic=edge4av/airspan-tdd-downlink-location_3/raw-downlink/veh-001/request bytes=28 forwarded=1
1787070502.277552 publish topic=edge4av/airspan-tdd-downlink-location_3/raw-downlink/veh-001/response bytes=10272 forwarded=1
1787070502.507182 publish topic=edge4av/airspan-tdd-downlink-location_3/raw-downlink/veh-001/request bytes=28 forwarded=1
1787070502.508309 publish topic=edge4av/airspan-tdd-downlink-location_3/raw-downlink/veh-001/response bytes=10272 forwarded=1
1787070502.737050 publish topic=edge4av/airspan-tdd-downlink-location_3/raw-downlink/veh-001/request bytes=28 forwarded=1
1787070502.737357 publish topic=edge4av/airspan-tdd-downlink-location_3/raw-downlink/veh-001/response bytes=10272 forwarded=1
1787070502.977628 publish topic=edge4av/airspan-tdd-downlink-location_3/raw-downlink/veh-001/request bytes=28 forwarded=1
1787070502.978382 publish topic=edge4av/airspan-tdd-downlink-location_3/raw-downlink/veh-001/response bytes=10272 forwarded=1
1787070503.207684 publish topic=edge4av/airspan-tdd-downlink-location_3/raw-downlink/veh-001/request bytes=28 forwarded=1
1787070503.208046 publish topic=edge4av/airspan-tdd-downlink-location_3/raw-downlink/veh-001/response bytes=10272 forwarded=1
1787070503.448073 publish topic=edge4av/airspan-tdd-downlink-location_3/raw-downlink/veh-001/request bytes=28 forwarded=1
1787070503.448839 publish topic=edge4av/airspan-tdd-downlink-location_3/raw-downlink/veh-001/response bytes=10272 forwarded=1
1787070503.678630 publish topic=edge4av/airspan-tdd-downlink-location_3/raw-downlink/veh-001/request bytes=28 forwarded=1
1787070503.679482 publish topic=edge4av/airspan-tdd-downlink-location_3/raw-downlink/veh-001/response bytes=10272 forwarded=1
1787070503.918780 publish topic=edge4av/airspan-tdd-downlink-location_3/raw-downlink/veh-001/request bytes=28 forwarded=1
1787070503.919520 publish topic=edge4av/airspan-tdd-downlink-location_3/raw-downlink/veh-001/response bytes=10272 forwarded=1
1787070504.149096 publish topic=edge4av/airspan-tdd-downlink-location_3/raw-downlink/veh-001/request bytes=28 forwarded=1
1787070504.149862 publish topic=edge4av/airspan-tdd-downlink-location_3/raw-downlink/veh-001/response bytes=10272 forwarded=1
1787070504.389276 publish topic=edge4av/airspan-tdd-downlink-location_3/raw-downlink/veh-001/request bytes=28 forwarded=1
1787070504.390010 publish topic=edge4av/airspan-tdd-downlink-location_3/raw-downlink/veh-001/response bytes=10272 forwarded=1
1787070504.609822 publish topic=edge4av/airspan-tdd-downlink-location_3/raw-downlink/veh-001/request bytes=28 forwarded=1
1787070504.610590 publish topic=edge4av/airspan-tdd-downlink-location_3/raw-downlink/veh-001/response bytes=10272 forwarded=1
1787070504.860220 publish topic=edge4av/airspan-tdd-downlink-location_3/raw-downlink/veh-001/request bytes=28 forwarded=1
1787070504.861024 publish topic=edge4av/airspan-tdd-downlink-location_3/raw-downlink/veh-001/response bytes=10272 forwarded=1
1787070505.080350 publish topic=edge4av/airspan-tdd-downlink-location_3/raw-downlink/veh-001/request bytes=28 forwarded=1
1787070505.081172 publish topic=edge4av/airspan-tdd-downlink-location_3/raw-downlink/veh-001/response bytes=10272 forwarded=1
1787070505.300716 publish topic=edge4av/airspan-tdd-downlink-location_3/raw-downlink/veh-001/request bytes=28 forwarded=1
1787070505.301490 publish topic=edge4av/airspan-tdd-downlink-location_3/raw-downlink/veh-001/response bytes=10272 forwarded=1
1787070505.520863 publish topic=edge4av/airspan-tdd-downlink-location_3/raw-downlink/veh-001/request bytes=28 forwarded=1
1787070505.521683 publish topic=edge4av/airspan-tdd-downlink-location_3/raw-downlink/veh-001/response bytes=10272 forwarded=1
1787070505.751024 publish topic=edge4av/airspan-tdd-downlink-location_3/raw-downlink/veh-001/request bytes=28 forwarded=1
1787070505.751772 publish topic=edge4av/airspan-tdd-downlink-location_3/raw-downlink/veh-001/response bytes=10272 forwarded=1
1787070505.981447 publish topic=edge4av/airspan-tdd-downlink-location_3/raw-downlink/veh-001/request bytes=28 forwarded=1
1787070505.982207 publish topic=edge4av/airspan-tdd-downlink-location_3/raw-downlink/veh-001/response bytes=10272 forwarded=1
1787070506.211399 publish topic=edge4av/airspan-tdd-downlink-location_3/raw-downlink/veh-001/request bytes=28 forwarded=1
1787070506.211664 publish topic=edge4av/airspan-tdd-downlink-location_3/raw-downlink/veh-001/response bytes=10272 forwarded=1
1787070506.441910 publish topic=edge4av/airspan-tdd-downlink-location_3/raw-downlink/veh-001/request bytes=28 forwarded=1
1787070506.442631 publish topic=edge4av/airspan-tdd-downlink-location_3/raw-downlink/veh-001/response bytes=10272 forwarded=1
1787070506.672154 publish topic=edge4av/airspan-tdd-downlink-location_3/raw-downlink/veh-001/request bytes=28 forwarded=1
1787070506.672930 publish topic=edge4av/airspan-tdd-downlink-location_3/raw-downlink/veh-001/response bytes=10272 forwarded=1
1787070506.912484 publish topic=edge4av/airspan-tdd-downlink-location_3/raw-downlink/veh-001/request bytes=28 forwarded=1
1787070506.913191 publish topic=edge4av/airspan-tdd-downlink-location_3/raw-downlink/veh-001/response bytes=10272 forwarded=1
1787070507.142983 publish topic=edge4av/airspan-tdd-downlink-location_3/raw-downlink/veh-001/request bytes=28 forwarded=1
1787070507.143699 publish topic=edge4av/airspan-tdd-downlink-location_3/raw-downlink/veh-001/response bytes=10272 forwarded=1
1787070507.373027 publish topic=edge4av/airspan-tdd-downlink-location_3/raw-downlink/veh-001/request bytes=28 forwarded=1
1787070507.373750 publish topic=edge4av/airspan-tdd-downlink-location_3/raw-downlink/veh-001/response bytes=10272 forwarded=1
1787070507.603405 publish topic=edge4av/airspan-tdd-downlink-location_3/raw-downlink/veh-001/request bytes=28 forwarded=1
1787070507.604153 publish topic=edge4av/airspan-tdd-downlink-location_3/raw-downlink/veh-001/response bytes=10272 forwarded=1
1787070507.833670 publish topic=edge4av/airspan-tdd-downlink-location_3/raw-downlink/veh-001/request bytes=28 forwarded=1
1787070507.834480 publish topic=edge4av/airspan-tdd-downlink-location_3/raw-downlink/veh-001/response bytes=10272 forwarded=1
1787070508.074174 publish topic=edge4av/airspan-tdd-downlink-location_3/raw-downlink/veh-001/request bytes=28 forwarded=1
1787070508.074761 publish topic=edge4av/airspan-tdd-downlink-location_3/raw-downlink/veh-001/response bytes=10272 forwarded=1
1787070508.314287 publish topic=edge4av/airspan-tdd-downlink-location_3/raw-downlink/veh-001/request bytes=28 forwarded=1
1787070508.315015 publish topic=edge4av/airspan-tdd-downlink-location_3/raw-downlink/veh-001/response bytes=10272 forwarded=1
1787070508.544764 publish topic=edge4av/airspan-tdd-downlink-location_3/raw-downlink/veh-001/request bytes=28 forwarded=1
1787070508.545524 publish topic=edge4av/airspan-tdd-downlink-location_3/raw-downlink/veh-001/response bytes=10272 forwarded=1
1787070508.764832 publish topic=edge4av/airspan-tdd-downlink-location_3/raw-downlink/veh-001/request bytes=28 forwarded=1
1787070508.765575 publish topic=edge4av/airspan-tdd-downlink-location_3/raw-downlink/veh-001/response bytes=10272 forwarded=1
1787070508.995192 publish topic=edge4av/airspan-tdd-downlink-location_3/raw-downlink/veh-001/request bytes=28 forwarded=1
1787070508.995699 publish topic=edge4av/airspan-tdd-downlink-location_3/raw-downlink/veh-001/response bytes=10272 forwarded=1
1787070509.225456 publish topic=edge4av/airspan-tdd-downlink-location_3/raw-downlink/veh-001/request bytes=28 forwarded=1
1787070509.226175 publish topic=edge4av/airspan-tdd-downlink-location_3/raw-downlink/veh-001/response bytes=10272 forwarded=1
1787070509.456322 publish topic=edge4av/airspan-tdd-downlink-location_3/raw-downlink/veh-001/request bytes=28 forwarded=1
1787070509.457143 publish topic=edge4av/airspan-tdd-downlink-location_3/raw-downlink/veh-001/response bytes=10272 forwarded=1
1787070509.686277 publish topic=edge4av/airspan-tdd-downlink-location_3/raw-downlink/veh-001/request bytes=28 forwarded=1
1787070509.687026 publish topic=edge4av/airspan-tdd-downlink-location_3/raw-downlink/veh-001/response bytes=10272 forwarded=1
1787070509.916528 publish topic=edge4av/airspan-tdd-downlink-location_3/raw-downlink/veh-001/request bytes=28 forwarded=1
1787070509.917235 publish topic=edge4av/airspan-tdd-downlink-location_3/raw-downlink/veh-001/response bytes=10272 forwarded=1
1787070510.146563 publish topic=edge4av/airspan-tdd-downlink-location_3/raw-downlink/veh-001/request bytes=28 forwarded=1
1787070510.146989 publish topic=edge4av/airspan-tdd-downlink-location_3/raw-downlink/veh-001/response bytes=10272 forwarded=1
1787070510.377142 publish topic=edge4av/airspan-tdd-downlink-location_3/raw-downlink/veh-001/request bytes=28 forwarded=1
1787070510.377896 publish topic=edge4av/airspan-tdd-downlink-location_3/raw-downlink/veh-001/response bytes=10272 forwarded=1
1787070510.607209 publish topic=edge4av/airspan-tdd-downlink-location_3/raw-downlink/veh-001/request bytes=28 forwarded=1
1787070510.607988 publish topic=edge4av/airspan-tdd-downlink-location_3/raw-downlink/veh-001/response bytes=10272 forwarded=1
1787070510.837943 publish topic=edge4av/airspan-tdd-downlink-location_3/raw-downlink/veh-001/request bytes=28 forwarded=1
1787070510.838696 publish topic=edge4av/airspan-tdd-downlink-location_3/raw-downlink/veh-001/response bytes=10272 forwarded=1
1787070511.078068 publish topic=edge4av/airspan-tdd-downlink-location_3/raw-downlink/veh-001/request bytes=28 forwarded=1
1787070511.078586 publish topic=edge4av/airspan-tdd-downlink-location_3/raw-downlink/veh-001/response bytes=10272 forwarded=1
1787070511.308096 publish topic=edge4av/airspan-tdd-downlink-location_3/raw-downlink/veh-001/request bytes=28 forwarded=1
1787070511.308660 publish topic=edge4av/airspan-tdd-downlink-location_3/raw-downlink/veh-001/response bytes=10272 forwarded=1
1787070511.538306 publish topic=edge4av/airspan-tdd-downlink-location_3/raw-downlink/veh-001/request bytes=28 forwarded=1
1787070511.538689 publish topic=edge4av/airspan-tdd-downlink-location_3/raw-downlink/veh-001/response bytes=10272 forwarded=1
1787070511.768885 publish topic=edge4av/airspan-tdd-downlink-location_3/raw-downlink/veh-001/request bytes=28 forwarded=1
1787070511.769622 publish topic=edge4av/airspan-tdd-downlink-location_3/raw-downlink/veh-001/response bytes=10272 forwarded=1
1787070511.988907 publish topic=edge4av/airspan-tdd-downlink-location_3/raw-downlink/veh-001/request bytes=28 forwarded=1
1787070511.989399 publish topic=edge4av/airspan-tdd-downlink-location_3/raw-downlink/veh-001/response bytes=10272 forwarded=1
1787070512.209472 publish topic=edge4av/airspan-tdd-downlink-location_3/raw-downlink/veh-001/request bytes=28 forwarded=1
1787070512.210219 publish topic=edge4av/airspan-tdd-downlink-location_3/raw-downlink/veh-001/response bytes=10272 forwarded=1
1787070512.429504 publish topic=edge4av/airspan-tdd-downlink-location_3/raw-downlink/veh-001/request bytes=28 forwarded=1
1787070512.429924 publish topic=edge4av/airspan-tdd-downlink-location_3/raw-downlink/veh-001/response bytes=10272 forwarded=1
1787070512.649980 publish topic=edge4av/airspan-tdd-downlink-location_3/raw-downlink/veh-001/request bytes=28 forwarded=1
1787070512.650727 publish topic=edge4av/airspan-tdd-downlink-location_3/raw-downlink/veh-001/response bytes=10272 forwarded=1
1787070512.870249 publish topic=edge4av/airspan-tdd-downlink-location_3/raw-downlink/veh-001/request bytes=28 forwarded=1
1787070512.870995 publish topic=edge4av/airspan-tdd-downlink-location_3/raw-downlink/veh-001/response bytes=10272 forwarded=1
1787070513.090168 publish topic=edge4av/airspan-tdd-downlink-location_3/raw-downlink/veh-001/request bytes=28 forwarded=1
1787070513.090464 publish topic=edge4av/airspan-tdd-downlink-location_3/raw-downlink/veh-001/response bytes=10272 forwarded=1
1787070513.310785 publish topic=edge4av/airspan-tdd-downlink-location_3/raw-downlink/veh-001/request bytes=28 forwarded=1
1787070513.311535 publish topic=edge4av/airspan-tdd-downlink-location_3/raw-downlink/veh-001/response bytes=10272 forwarded=1
1787070513.530725 publish topic=edge4av/airspan-tdd-downlink-location_3/raw-downlink/veh-001/request bytes=28 forwarded=1
1787070513.531050 publish topic=edge4av/airspan-tdd-downlink-location_3/raw-downlink/veh-001/response bytes=10272 forwarded=1
1787070513.750943 publish topic=edge4av/airspan-tdd-downlink-location_3/raw-downlink/veh-001/request bytes=28 forwarded=1
1787070513.751200 publish topic=edge4av/airspan-tdd-downlink-location_3/raw-downlink/veh-001/response bytes=10272 forwarded=1
1787070513.971328 publish topic=edge4av/airspan-tdd-downlink-location_3/raw-downlink/veh-001/request bytes=28 forwarded=1
1787070513.971994 publish topic=edge4av/airspan-tdd-downlink-location_3/raw-downlink/veh-001/response bytes=10272 forwarded=1
1787070514.211735 publish topic=edge4av/airspan-tdd-downlink-location_3/raw-downlink/veh-001/request bytes=28 forwarded=1
1787070514.212479 publish topic=edge4av/airspan-tdd-downlink-location_3/raw-downlink/veh-001/response bytes=10272 forwarded=1
1787070514.441934 publish topic=edge4av/airspan-tdd-downlink-location_3/raw-downlink/veh-001/request bytes=28 forwarded=1
1787070514.442751 publish topic=edge4av/airspan-tdd-downlink-location_3/raw-downlink/veh-001/response bytes=10272 forwarded=1
1787070514.672212 publish topic=edge4av/airspan-tdd-downlink-location_3/raw-downlink/veh-001/request bytes=28 forwarded=1
1787070514.673046 publish topic=edge4av/airspan-tdd-downlink-location_3/raw-downlink/veh-001/response bytes=10272 forwarded=1
1787070514.902488 publish topic=edge4av/airspan-tdd-downlink-location_3/raw-downlink/veh-001/request bytes=28 forwarded=1
1787070514.903194 publish topic=edge4av/airspan-tdd-downlink-location_3/raw-downlink/veh-001/response bytes=10272 forwarded=1
1787070515.132820 publish topic=edge4av/airspan-tdd-downlink-location_3/raw-downlink/veh-001/request bytes=28 forwarded=1
1787070515.133692 publish topic=edge4av/airspan-tdd-downlink-location_3/raw-downlink/veh-001/response bytes=10272 forwarded=1
1787070515.363245 publish topic=edge4av/airspan-tdd-downlink-location_3/raw-downlink/veh-001/request bytes=28 forwarded=1
1787070515.363977 publish topic=edge4av/airspan-tdd-downlink-location_3/raw-downlink/veh-001/response bytes=10272 forwarded=1
1787070515.593521 publish topic=edge4av/airspan-tdd-downlink-location_3/raw-downlink/veh-001/request bytes=28 forwarded=1
1787070515.594265 publish topic=edge4av/airspan-tdd-downlink-location_3/raw-downlink/veh-001/response bytes=10272 forwarded=1
1787070515.823675 publish topic=edge4av/airspan-tdd-downlink-location_3/raw-downlink/veh-001/request bytes=28 forwarded=1
1787070515.824352 publish topic=edge4av/airspan-tdd-downlink-location_3/raw-downlink/veh-001/response bytes=10272 forwarded=1
1787070516.054038 publish topic=edge4av/airspan-tdd-downlink-location_3/raw-downlink/veh-001/request bytes=28 forwarded=1
1787070516.054572 publish topic=edge4av/airspan-tdd-downlink-location_3/raw-downlink/veh-001/response bytes=10272 forwarded=1
1787070516.284434 publish topic=edge4av/airspan-tdd-downlink-location_3/raw-downlink/veh-001/request bytes=28 forwarded=1
1787070516.285195 publish topic=edge4av/airspan-tdd-downlink-location_3/raw-downlink/veh-001/response bytes=10272 forwarded=1
1787070516.514568 publish topic=edge4av/airspan-tdd-downlink-location_3/raw-downlink/veh-001/request bytes=28 forwarded=1
1787070516.515344 publish topic=edge4av/airspan-tdd-downlink-location_3/raw-downlink/veh-001/response bytes=10272 forwarded=1
1787070516.744933 publish topic=edge4av/airspan-tdd-downlink-location_3/raw-downlink/veh-001/request bytes=28 forwarded=1
1787070516.745726 publish topic=edge4av/airspan-tdd-downlink-location_3/raw-downlink/veh-001/response bytes=10272 forwarded=1
1787070516.975075 publish topic=edge4av/airspan-tdd-downlink-location_3/raw-downlink/veh-001/request bytes=28 forwarded=1
1787070516.975326 publish topic=edge4av/airspan-tdd-downlink-location_3/raw-downlink/veh-001/response bytes=10272 forwarded=1
1787070517.205572 publish topic=edge4av/airspan-tdd-downlink-location_3/raw-downlink/veh-001/request bytes=28 forwarded=1
1787070517.205943 publish topic=edge4av/airspan-tdd-downlink-location_3/raw-downlink/veh-001/response bytes=10272 forwarded=1
1787070517.436036 publish topic=edge4av/airspan-tdd-downlink-location_3/raw-downlink/veh-001/request bytes=28 forwarded=1
1787070517.436800 publish topic=edge4av/airspan-tdd-downlink-location_3/raw-downlink/veh-001/response bytes=10272 forwarded=1
1787070517.676075 publish topic=edge4av/airspan-tdd-downlink-location_3/raw-downlink/veh-001/request bytes=28 forwarded=1
1787070517.676786 publish topic=edge4av/airspan-tdd-downlink-location_3/raw-downlink/veh-001/response bytes=10272 forwarded=1
1787070517.906543 publish topic=edge4av/airspan-tdd-downlink-location_3/raw-downlink/veh-001/request bytes=28 forwarded=1
1787070517.907257 publish topic=edge4av/airspan-tdd-downlink-location_3/raw-downlink/veh-001/response bytes=10272 forwarded=1
1787070518.136439 publish topic=edge4av/airspan-tdd-downlink-location_3/raw-downlink/veh-001/request bytes=28 forwarded=1
1787070518.136797 publish topic=edge4av/airspan-tdd-downlink-location_3/raw-downlink/veh-001/response bytes=10272 forwarded=1
1787070518.366885 publish topic=edge4av/airspan-tdd-downlink-location_3/raw-downlink/veh-001/request bytes=28 forwarded=1
1787070518.367564 publish topic=edge4av/airspan-tdd-downlink-location_3/raw-downlink/veh-001/response bytes=10272 forwarded=1
1787070518.597468 publish topic=edge4av/airspan-tdd-downlink-location_3/raw-downlink/veh-001/request bytes=28 forwarded=1
1787070518.598183 publish topic=edge4av/airspan-tdd-downlink-location_3/raw-downlink/veh-001/response bytes=10272 forwarded=1
1787070518.837852 publish topic=edge4av/airspan-tdd-downlink-location_3/raw-downlink/veh-001/request bytes=28 forwarded=1
1787070518.838566 publish topic=edge4av/airspan-tdd-downlink-location_3/raw-downlink/veh-001/response bytes=10272 forwarded=1
1787070519.077765 publish topic=edge4av/airspan-tdd-downlink-location_3/raw-downlink/veh-001/request bytes=28 forwarded=1
1787070519.078124 publish topic=edge4av/airspan-tdd-downlink-location_3/raw-downlink/veh-001/response bytes=10272 forwarded=1
1787070519.308026 publish topic=edge4av/airspan-tdd-downlink-location_3/raw-downlink/veh-001/request bytes=28 forwarded=1
1787070519.308378 publish topic=edge4av/airspan-tdd-downlink-location_3/raw-downlink/veh-001/response bytes=10272 forwarded=1
1787070519.538622 publish topic=edge4av/airspan-tdd-downlink-location_3/raw-downlink/veh-001/request bytes=28 forwarded=1
1787070519.539380 publish topic=edge4av/airspan-tdd-downlink-location_3/raw-downlink/veh-001/response bytes=10272 forwarded=1
1787070519.758737 publish topic=edge4av/airspan-tdd-downlink-location_3/raw-downlink/veh-001/request bytes=28 forwarded=1
1787070519.759278 publish topic=edge4av/airspan-tdd-downlink-location_3/raw-downlink/veh-001/response bytes=10272 forwarded=1
1787070519.989151 publish topic=edge4av/airspan-tdd-downlink-location_3/raw-downlink/veh-001/request bytes=28 forwarded=1
1787070519.989907 publish topic=edge4av/airspan-tdd-downlink-location_3/raw-downlink/veh-001/response bytes=10272 forwarded=1
1787070520.209410 publish topic=edge4av/airspan-tdd-downlink-location_3/raw-downlink/veh-001/request bytes=28 forwarded=1
1787070520.210157 publish topic=edge4av/airspan-tdd-downlink-location_3/raw-downlink/veh-001/response bytes=10272 forwarded=1
1787070520.429381 publish topic=edge4av/airspan-tdd-downlink-location_3/raw-downlink/veh-001/request bytes=28 forwarded=1
1787070520.429740 publish topic=edge4av/airspan-tdd-downlink-location_3/raw-downlink/veh-001/response bytes=10272 forwarded=1
1787070520.679885 publish topic=edge4av/airspan-tdd-downlink-location_3/raw-downlink/veh-001/request bytes=28 forwarded=1
1787070520.680661 publish topic=edge4av/airspan-tdd-downlink-location_3/raw-downlink/veh-001/response bytes=10272 forwarded=1
1787070520.900188 publish topic=edge4av/airspan-tdd-downlink-location_3/raw-downlink/veh-001/request bytes=28 forwarded=1
1787070520.901074 publish topic=edge4av/airspan-tdd-downlink-location_3/raw-downlink/veh-001/response bytes=10272 forwarded=1
1787070521.120384 publish topic=edge4av/airspan-tdd-downlink-location_3/raw-downlink/veh-001/request bytes=28 forwarded=1
1787070521.121155 publish topic=edge4av/airspan-tdd-downlink-location_3/raw-downlink/veh-001/response bytes=10272 forwarded=1
1787070521.340590 publish topic=edge4av/airspan-tdd-downlink-location_3/raw-downlink/veh-001/request bytes=28 forwarded=1
1787070521.341326 publish topic=edge4av/airspan-tdd-downlink-location_3/raw-downlink/veh-001/response bytes=10272 forwarded=1
1787070521.560569 publish topic=edge4av/airspan-tdd-downlink-location_3/raw-downlink/veh-001/request bytes=28 forwarded=1
1787070521.560886 publish topic=edge4av/airspan-tdd-downlink-location_3/raw-downlink/veh-001/response bytes=10272 forwarded=1
1787070521.791337 publish topic=edge4av/airspan-tdd-downlink-location_3/raw-downlink/veh-001/request bytes=28 forwarded=1
1787070521.792074 publish topic=edge4av/airspan-tdd-downlink-location_3/raw-downlink/veh-001/response bytes=10272 forwarded=1
1787070522.021426 publish topic=edge4av/airspan-tdd-downlink-location_3/raw-downlink/veh-001/request bytes=28 forwarded=1
1787070522.022144 publish topic=edge4av/airspan-tdd-downlink-location_3/raw-downlink/veh-001/response bytes=10272 forwarded=1
1787070522.251637 publish topic=edge4av/airspan-tdd-downlink-location_3/raw-downlink/veh-001/request bytes=28 forwarded=1
1787070522.252415 publish topic=edge4av/airspan-tdd-downlink-location_3/raw-downlink/veh-001/response bytes=10272 forwarded=1
1787070522.471793 publish topic=edge4av/airspan-tdd-downlink-location_3/raw-downlink/veh-001/request bytes=28 forwarded=1
1787070522.472090 publish topic=edge4av/airspan-tdd-downlink-location_3/raw-downlink/veh-001/response bytes=10272 forwarded=1
1787070522.702099 publish topic=edge4av/airspan-tdd-downlink-location_3/raw-downlink/veh-001/request bytes=28 forwarded=1
1787070522.702371 publish topic=edge4av/airspan-tdd-downlink-location_3/raw-downlink/veh-001/response bytes=10272 forwarded=1
1787070522.932564 publish topic=edge4av/airspan-tdd-downlink-location_3/raw-downlink/veh-001/request bytes=28 forwarded=1
1787070522.933378 publish topic=edge4av/airspan-tdd-downlink-location_3/raw-downlink/veh-001/response bytes=10272 forwarded=1
1787070523.162779 publish topic=edge4av/airspan-tdd-downlink-location_3/raw-downlink/veh-001/request bytes=28 forwarded=1
1787070523.163570 publish topic=edge4av/airspan-tdd-downlink-location_3/raw-downlink/veh-001/response bytes=10272 forwarded=1
1787070523.392938 publish topic=edge4av/airspan-tdd-downlink-location_3/raw-downlink/veh-001/request bytes=28 forwarded=1
1787070523.393677 publish topic=edge4av/airspan-tdd-downlink-location_3/raw-downlink/veh-001/response bytes=10272 forwarded=1
1787070523.633345 publish topic=edge4av/airspan-tdd-downlink-location_3/raw-downlink/veh-001/request bytes=28 forwarded=1
1787070523.634166 publish topic=edge4av/airspan-tdd-downlink-location_3/raw-downlink/veh-001/response bytes=10272 forwarded=1
1787070523.873795 publish topic=edge4av/airspan-tdd-downlink-location_3/raw-downlink/veh-001/request bytes=28 forwarded=1
1787070523.874206 publish topic=edge4av/airspan-tdd-downlink-location_3/raw-downlink/veh-001/response bytes=10272 forwarded=1
1787070524.113782 publish topic=edge4av/airspan-tdd-downlink-location_3/raw-downlink/veh-001/request bytes=28 forwarded=1
1787070524.114209 publish topic=edge4av/airspan-tdd-downlink-location_3/raw-downlink/veh-001/response bytes=10272 forwarded=1
1787070524.354331 publish topic=edge4av/airspan-tdd-downlink-location_3/raw-downlink/veh-001/request bytes=28 forwarded=1
1787070524.355057 publish topic=edge4av/airspan-tdd-downlink-location_3/raw-downlink/veh-001/response bytes=10272 forwarded=1
1787070524.594553 publish topic=edge4av/airspan-tdd-downlink-location_3/raw-downlink/veh-001/request bytes=28 forwarded=1
1787070524.595308 publish topic=edge4av/airspan-tdd-downlink-location_3/raw-downlink/veh-001/response bytes=10272 forwarded=1
1787070524.844871 publish topic=edge4av/airspan-tdd-downlink-location_3/raw-downlink/veh-001/request bytes=28 forwarded=1
1787070524.845647 publish topic=edge4av/airspan-tdd-downlink-location_3/raw-downlink/veh-001/response bytes=10272 forwarded=1
1787070525.075260 publish topic=edge4av/airspan-tdd-downlink-location_3/raw-downlink/veh-001/request bytes=28 forwarded=1
1787070525.076013 publish topic=edge4av/airspan-tdd-downlink-location_3/raw-downlink/veh-001/response bytes=10272 forwarded=1
1787070525.315751 publish topic=edge4av/airspan-tdd-downlink-location_3/raw-downlink/veh-001/request bytes=28 forwarded=1
1787070525.316527 publish topic=edge4av/airspan-tdd-downlink-location_3/raw-downlink/veh-001/response bytes=10272 forwarded=1
1787070525.546009 publish topic=edge4av/airspan-tdd-downlink-location_3/raw-downlink/veh-001/request bytes=28 forwarded=1
1787070525.546346 publish topic=edge4av/airspan-tdd-downlink-location_3/raw-downlink/veh-001/response bytes=10272 forwarded=1
1787070525.786484 publish topic=edge4av/airspan-tdd-downlink-location_3/raw-downlink/veh-001/request bytes=28 forwarded=1
1787070525.787268 publish topic=edge4av/airspan-tdd-downlink-location_3/raw-downlink/veh-001/response bytes=10272 forwarded=1
1787070526.016487 publish topic=edge4av/airspan-tdd-downlink-location_3/raw-downlink/veh-001/request bytes=28 forwarded=1
1787070526.016883 publish topic=edge4av/airspan-tdd-downlink-location_3/raw-downlink/veh-001/response bytes=10272 forwarded=1
1787070526.247068 publish topic=edge4av/airspan-tdd-downlink-location_3/raw-downlink/veh-001/request bytes=28 forwarded=1
1787070526.247847 publish topic=edge4av/airspan-tdd-downlink-location_3/raw-downlink/veh-001/response bytes=10272 forwarded=1
1787070526.477071 publish topic=edge4av/airspan-tdd-downlink-location_3/raw-downlink/veh-001/request bytes=28 forwarded=1
1787070526.477938 publish topic=edge4av/airspan-tdd-downlink-location_3/raw-downlink/veh-001/response bytes=10272 forwarded=1
1787070526.717196 publish topic=edge4av/airspan-tdd-downlink-location_3/raw-downlink/veh-001/request bytes=28 forwarded=1
1787070526.717937 publish topic=edge4av/airspan-tdd-downlink-location_3/raw-downlink/veh-001/response bytes=10272 forwarded=1
1787070526.958001 publish topic=edge4av/airspan-tdd-downlink-location_3/raw-downlink/veh-001/request bytes=28 forwarded=1
1787070526.958769 publish topic=edge4av/airspan-tdd-downlink-location_3/raw-downlink/veh-001/response bytes=10272 forwarded=1
1787070527.197880 publish topic=edge4av/airspan-tdd-downlink-location_3/raw-downlink/veh-001/request bytes=28 forwarded=1
1787070527.198610 publish topic=edge4av/airspan-tdd-downlink-location_3/raw-downlink/veh-001/response bytes=10272 forwarded=1
1787070527.428466 publish topic=edge4av/airspan-tdd-downlink-location_3/raw-downlink/veh-001/request bytes=28 forwarded=1
1787070527.429172 publish topic=edge4av/airspan-tdd-downlink-location_3/raw-downlink/veh-001/response bytes=10272 forwarded=1
1787070527.658731 publish topic=edge4av/airspan-tdd-downlink-location_3/raw-downlink/veh-001/request bytes=28 forwarded=1
1787070527.659487 publish topic=edge4av/airspan-tdd-downlink-location_3/raw-downlink/veh-001/response bytes=10272 forwarded=1
1787070527.899150 publish topic=edge4av/airspan-tdd-downlink-location_3/raw-downlink/veh-001/request bytes=28 forwarded=1
1787070527.899886 publish topic=edge4av/airspan-tdd-downlink-location_3/raw-downlink/veh-001/response bytes=10272 forwarded=1
1787070528.119484 publish topic=edge4av/airspan-tdd-downlink-location_3/raw-downlink/veh-001/request bytes=28 forwarded=1
1787070528.120218 publish topic=edge4av/airspan-tdd-downlink-location_3/raw-downlink/veh-001/response bytes=10272 forwarded=1
1787070528.349371 publish topic=edge4av/airspan-tdd-downlink-location_3/raw-downlink/veh-001/request bytes=28 forwarded=1
1787070528.349811 publish topic=edge4av/airspan-tdd-downlink-location_3/raw-downlink/veh-001/response bytes=10272 forwarded=1
1787070528.570016 publish topic=edge4av/airspan-tdd-downlink-location_3/raw-downlink/veh-001/request bytes=28 forwarded=1
1787070528.570762 publish topic=edge4av/airspan-tdd-downlink-location_3/raw-downlink/veh-001/response bytes=10272 forwarded=1
1787070528.789913 publish topic=edge4av/airspan-tdd-downlink-location_3/raw-downlink/veh-001/request bytes=28 forwarded=1
1787070528.790644 publish topic=edge4av/airspan-tdd-downlink-location_3/raw-downlink/veh-001/response bytes=10272 forwarded=1
1787070529.010373 publish topic=edge4av/airspan-tdd-downlink-location_3/raw-downlink/veh-001/request bytes=28 forwarded=1
1787070529.011095 publish topic=edge4av/airspan-tdd-downlink-location_3/raw-downlink/veh-001/response bytes=10272 forwarded=1
1787070529.240749 publish topic=edge4av/airspan-tdd-downlink-location_3/raw-downlink/veh-001/request bytes=28 forwarded=1
1787070529.241496 publish topic=edge4av/airspan-tdd-downlink-location_3/raw-downlink/veh-001/response bytes=10272 forwarded=1
1787070529.470639 publish topic=edge4av/airspan-tdd-downlink-location_3/raw-downlink/veh-001/request bytes=28 forwarded=1
1787070529.470957 publish topic=edge4av/airspan-tdd-downlink-location_3/raw-downlink/veh-001/response bytes=10272 forwarded=1
1787070529.701194 publish topic=edge4av/airspan-tdd-downlink-location_3/raw-downlink/veh-001/request bytes=28 forwarded=1
1787070529.701940 publish topic=edge4av/airspan-tdd-downlink-location_3/raw-downlink/veh-001/response bytes=10272 forwarded=1
1787070529.931652 publish topic=edge4av/airspan-tdd-downlink-location_3/raw-downlink/veh-001/request bytes=28 forwarded=1
1787070529.932398 publish topic=edge4av/airspan-tdd-downlink-location_3/raw-downlink/veh-001/response bytes=10272 forwarded=1
1787070530.171610 publish topic=edge4av/airspan-tdd-downlink-location_3/raw-downlink/veh-001/request bytes=28 forwarded=1
1787070530.171984 publish topic=edge4av/airspan-tdd-downlink-location_3/raw-downlink/veh-001/response bytes=10272 forwarded=1
1787070530.392106 publish topic=edge4av/airspan-tdd-downlink-location_3/raw-downlink/veh-001/request bytes=28 forwarded=1
1787070530.392887 publish topic=edge4av/airspan-tdd-downlink-location_3/raw-downlink/veh-001/response bytes=10272 forwarded=1
1787070530.632197 publish topic=edge4av/airspan-tdd-downlink-location_3/raw-downlink/veh-001/request bytes=28 forwarded=1
1787070530.632494 publish topic=edge4av/airspan-tdd-downlink-location_3/raw-downlink/veh-001/response bytes=10272 forwarded=1
1787070530.862638 publish topic=edge4av/airspan-tdd-downlink-location_3/raw-downlink/veh-001/request bytes=28 forwarded=1
1787070530.863321 publish topic=edge4av/airspan-tdd-downlink-location_3/raw-downlink/veh-001/response bytes=10272 forwarded=1
1787070531.092982 publish topic=edge4av/airspan-tdd-downlink-location_3/raw-downlink/veh-001/request bytes=28 forwarded=1
1787070531.093768 publish topic=edge4av/airspan-tdd-downlink-location_3/raw-downlink/veh-001/response bytes=10272 forwarded=1
1787070531.323217 publish topic=edge4av/airspan-tdd-downlink-location_3/raw-downlink/veh-001/request bytes=28 forwarded=1
1787070531.323995 publish topic=edge4av/airspan-tdd-downlink-location_3/raw-downlink/veh-001/response bytes=10272 forwarded=1
1787070531.553524 publish topic=edge4av/airspan-tdd-downlink-location_3/raw-downlink/veh-001/request bytes=28 forwarded=1
1787070531.554106 publish topic=edge4av/airspan-tdd-downlink-location_3/raw-downlink/veh-001/response bytes=10272 forwarded=1
1787070531.783964 publish topic=edge4av/airspan-tdd-downlink-location_3/raw-downlink/veh-001/request bytes=28 forwarded=1
1787070531.784381 publish topic=edge4av/airspan-tdd-downlink-location_3/raw-downlink/veh-001/response bytes=10272 forwarded=1
1787070532.004191 publish topic=edge4av/airspan-tdd-downlink-location_3/raw-downlink/veh-001/request bytes=28 forwarded=1
1787070532.005036 publish topic=edge4av/airspan-tdd-downlink-location_3/raw-downlink/veh-001/response bytes=10272 forwarded=1
1787070532.234310 publish topic=edge4av/airspan-tdd-downlink-location_3/raw-downlink/veh-001/request bytes=28 forwarded=1
1787070532.234705 publish topic=edge4av/airspan-tdd-downlink-location_3/raw-downlink/veh-001/response bytes=10272 forwarded=1
1787070532.474941 publish topic=edge4av/airspan-tdd-downlink-location_3/raw-downlink/veh-001/request bytes=28 forwarded=1
1787070532.475707 publish topic=edge4av/airspan-tdd-downlink-location_3/raw-downlink/veh-001/response bytes=10272 forwarded=1
1787070532.705111 publish topic=edge4av/airspan-tdd-downlink-location_3/raw-downlink/veh-001/request bytes=28 forwarded=1
1787070532.705866 publish topic=edge4av/airspan-tdd-downlink-location_3/raw-downlink/veh-001/response bytes=10272 forwarded=1
1787070532.925249 publish topic=edge4av/airspan-tdd-downlink-location_3/raw-downlink/veh-001/request bytes=28 forwarded=1
1787070532.925568 publish topic=edge4av/airspan-tdd-downlink-location_3/raw-downlink/veh-001/response bytes=10272 forwarded=1
1787070533.145604 publish topic=edge4av/airspan-tdd-downlink-location_3/raw-downlink/veh-001/request bytes=28 forwarded=1
1787070533.145925 publish topic=edge4av/airspan-tdd-downlink-location_3/raw-downlink/veh-001/response bytes=10272 forwarded=1
1787070533.406146 publish topic=edge4av/airspan-tdd-downlink-location_3/raw-downlink/veh-001/request bytes=28 forwarded=1
1787070533.406851 publish topic=edge4av/airspan-tdd-downlink-location_3/raw-downlink/veh-001/response bytes=10272 forwarded=1
1787070533.636350 publish topic=edge4av/airspan-tdd-downlink-location_3/raw-downlink/veh-001/request bytes=28 forwarded=1
1787070533.637097 publish topic=edge4av/airspan-tdd-downlink-location_3/raw-downlink/veh-001/response bytes=10272 forwarded=1
1787070533.896931 publish topic=edge4av/airspan-tdd-downlink-location_3/raw-downlink/veh-001/request bytes=28 forwarded=1
1787070533.897725 publish topic=edge4av/airspan-tdd-downlink-location_3/raw-downlink/veh-001/response bytes=10272 forwarded=1
1787070534.127165 publish topic=edge4av/airspan-tdd-downlink-location_3/raw-downlink/veh-001/request bytes=28 forwarded=1
1787070534.127904 publish topic=edge4av/airspan-tdd-downlink-location_3/raw-downlink/veh-001/response bytes=10272 forwarded=1
1787070534.357496 publish topic=edge4av/airspan-tdd-downlink-location_3/raw-downlink/veh-001/request bytes=28 forwarded=1
1787070534.358306 publish topic=edge4av/airspan-tdd-downlink-location_3/raw-downlink/veh-001/response bytes=10272 forwarded=1
1787070534.607486 publish topic=edge4av/airspan-tdd-downlink-location_3/raw-downlink/veh-001/request bytes=28 forwarded=1
1787070534.607951 publish topic=edge4av/airspan-tdd-downlink-location_3/raw-downlink/veh-001/response bytes=10272 forwarded=1
1787070534.838056 publish topic=edge4av/airspan-tdd-downlink-location_3/raw-downlink/veh-001/request bytes=28 forwarded=1
1787070534.838812 publish topic=edge4av/airspan-tdd-downlink-location_3/raw-downlink/veh-001/response bytes=10272 forwarded=1
1787070535.068223 publish topic=edge4av/airspan-tdd-downlink-location_3/raw-downlink/veh-001/request bytes=28 forwarded=1
1787070535.068706 publish topic=edge4av/airspan-tdd-downlink-location_3/raw-downlink/veh-001/response bytes=10272 forwarded=1
1787070535.298635 publish topic=edge4av/airspan-tdd-downlink-location_3/raw-downlink/veh-001/request bytes=28 forwarded=1
1787070535.299420 publish topic=edge4av/airspan-tdd-downlink-location_3/raw-downlink/veh-001/response bytes=10272 forwarded=1
1787070535.529079 publish topic=edge4av/airspan-tdd-downlink-location_3/raw-downlink/veh-001/request bytes=28 forwarded=1
1787070535.529842 publish topic=edge4av/airspan-tdd-downlink-location_3/raw-downlink/veh-001/response bytes=10272 forwarded=1
1787070535.768872 publish topic=edge4av/airspan-tdd-downlink-location_3/raw-downlink/veh-001/request bytes=28 forwarded=1
1787070535.769191 publish topic=edge4av/airspan-tdd-downlink-location_3/raw-downlink/veh-001/response bytes=10272 forwarded=1
1787070535.989630 publish topic=edge4av/airspan-tdd-downlink-location_3/raw-downlink/veh-001/request bytes=28 forwarded=1
1787070535.990413 publish topic=edge4av/airspan-tdd-downlink-location_3/raw-downlink/veh-001/response bytes=10272 forwarded=1
1787070536.209717 publish topic=edge4av/airspan-tdd-downlink-location_3/raw-downlink/veh-001/request bytes=28 forwarded=1
1787070536.210504 publish topic=edge4av/airspan-tdd-downlink-location_3/raw-downlink/veh-001/response bytes=10272 forwarded=1
1787070536.440232 publish topic=edge4av/airspan-tdd-downlink-location_3/raw-downlink/veh-001/request bytes=28 forwarded=1
1787070536.441065 publish topic=edge4av/airspan-tdd-downlink-location_3/raw-downlink/veh-001/response bytes=10272 forwarded=1
1787070536.670306 publish topic=edge4av/airspan-tdd-downlink-location_3/raw-downlink/veh-001/request bytes=28 forwarded=1
1787070536.671086 publish topic=edge4av/airspan-tdd-downlink-location_3/raw-downlink/veh-001/response bytes=10272 forwarded=1
1787070536.690295 close ('10.120.121.31', 46758) disconnect
