threaded mqtt broker listening on <private-ip>:1883
1786054469.544149 accept ('<private-ip>', 34054)
1786054469.545514 close ('<private-ip>', 34054) closed
1786054470.124491 accept ('<private-ip>', 34644)
1786054470.125816 subscribe ('<private-ip>', 34644) ipi/airspan-followup-c1-rep2/latency/veh-001/request
1786054642.079547 accept ('<private-ip>', 38422)
1786054642.099516 subscribe ('<private-ip>', 38422) ipi/airspan-followup-c1-rep2/latency/veh-001/ack
1786054642.119876 publish topic=ipi/airspan-followup-c1-rep2/latency/veh-001/request bytes=1353 forwarded=1
1786054642.120546 publish topic=ipi/airspan-followup-c1-rep2/latency/veh-001/ack bytes=237 forwarded=1
1786054642.340311 publish topic=ipi/airspan-followup-c1-rep2/latency/veh-001/request bytes=1353 forwarded=1
1786054642.340989 publish topic=ipi/airspan-followup-c1-rep2/latency/veh-001/ack bytes=237 forwarded=1
1786054642.570656 publish topic=ipi/airspan-followup-c1-rep2/latency/veh-001/request bytes=1353 forwarded=1
1786054642.571283 publish topic=ipi/airspan-followup-c1-rep2/latency/veh-001/ack bytes=237 forwarded=1
1786054642.800704 publish topic=ipi/airspan-followup-c1-rep2/latency/veh-001/request bytes=1353 forwarded=1
1786054642.800936 publish topic=ipi/airspan-followup-c1-rep2/latency/veh-001/ack bytes=237 forwarded=1
1786054643.021240 publish topic=ipi/airspan-followup-c1-rep2/latency/veh-001/request bytes=1353 forwarded=1
1786054643.021879 publish topic=ipi/airspan-followup-c1-rep2/latency/veh-001/ack bytes=237 forwarded=1
1786054643.241801 publish topic=ipi/airspan-followup-c1-rep2/latency/veh-001/request bytes=1353 forwarded=1
1786054643.242435 publish topic=ipi/airspan-followup-c1-rep2/latency/veh-001/ack bytes=237 forwarded=1
1786054643.471815 publish topic=ipi/airspan-followup-c1-rep2/latency/veh-001/request bytes=1353 forwarded=1
1786054643.472422 publish topic=ipi/airspan-followup-c1-rep2/latency/veh-001/ack bytes=237 forwarded=1
1786054643.702338 publish topic=ipi/airspan-followup-c1-rep2/latency/veh-001/request bytes=1353 forwarded=1
1786054643.702973 publish topic=ipi/airspan-followup-c1-rep2/latency/veh-001/ack bytes=237 forwarded=1
1786054643.932785 publish topic=ipi/airspan-followup-c1-rep2/latency/veh-001/request bytes=1353 forwarded=1
1786054643.933076 publish topic=ipi/airspan-followup-c1-rep2/latency/veh-001/ack bytes=237 forwarded=1
1786054644.163283 publish topic=ipi/airspan-followup-c1-rep2/latency/veh-001/request bytes=1355 forwarded=1
1786054644.163906 publish topic=ipi/airspan-followup-c1-rep2/latency/veh-001/ack bytes=238 forwarded=1
1786054644.383560 publish topic=ipi/airspan-followup-c1-rep2/latency/veh-001/request bytes=1355 forwarded=1
1786054644.384190 publish topic=ipi/airspan-followup-c1-rep2/latency/veh-001/ack bytes=238 forwarded=1
1786054644.613695 publish topic=ipi/airspan-followup-c1-rep2/latency/veh-001/request bytes=1355 forwarded=1
1786054644.614307 publish topic=ipi/airspan-followup-c1-rep2/latency/veh-001/ack bytes=238 forwarded=1
1786054644.833864 publish topic=ipi/airspan-followup-c1-rep2/latency/veh-001/request bytes=1355 forwarded=1
1786054644.834127 publish topic=ipi/airspan-followup-c1-rep2/latency/veh-001/ack bytes=238 forwarded=1
1786054645.064301 publish topic=ipi/airspan-followup-c1-rep2/latency/veh-001/request bytes=1355 forwarded=1
1786054645.064703 publish topic=ipi/airspan-followup-c1-rep2/latency/veh-001/ack bytes=238 forwarded=1
1786054645.284878 publish topic=ipi/airspan-followup-c1-rep2/latency/veh-001/request bytes=1355 forwarded=1
1786054645.285319 publish topic=ipi/airspan-followup-c1-rep2/latency/veh-001/ack bytes=238 forwarded=1
1786054645.505055 publish topic=ipi/airspan-followup-c1-rep2/latency/veh-001/request bytes=1355 forwarded=1
1786054645.505754 publish topic=ipi/airspan-followup-c1-rep2/latency/veh-001/ack bytes=238 forwarded=1
1786054645.725504 publish topic=ipi/airspan-followup-c1-rep2/latency/veh-001/request bytes=1355 forwarded=1
1786054645.726145 publish topic=ipi/airspan-followup-c1-rep2/latency/veh-001/ack bytes=238 forwarded=1
1786054645.955897 publish topic=ipi/airspan-followup-c1-rep2/latency/veh-001/request bytes=1355 forwarded=1
1786054645.956438 publish topic=ipi/airspan-followup-c1-rep2/latency/veh-001/ack bytes=238 forwarded=1
1786054646.186051 publish topic=ipi/airspan-followup-c1-rep2/latency/veh-001/request bytes=1355 forwarded=1
1786054646.186407 publish topic=ipi/airspan-followup-c1-rep2/latency/veh-001/ack bytes=238 forwarded=1
1786054646.416710 publish topic=ipi/airspan-followup-c1-rep2/latency/veh-001/request bytes=1355 forwarded=1
1786054646.417341 publish topic=ipi/airspan-followup-c1-rep2/latency/veh-001/ack bytes=238 forwarded=1
1786054646.646567 publish topic=ipi/airspan-followup-c1-rep2/latency/veh-001/request bytes=1355 forwarded=1
1786054646.646826 publish topic=ipi/airspan-followup-c1-rep2/latency/veh-001/ack bytes=238 forwarded=1
1786054646.867383 publish topic=ipi/airspan-followup-c1-rep2/latency/veh-001/request bytes=1355 forwarded=1
1786054646.868013 publish topic=ipi/airspan-followup-c1-rep2/latency/veh-001/ack bytes=238 forwarded=1
1786054647.087685 publish topic=ipi/airspan-followup-c1-rep2/latency/veh-001/request bytes=1355 forwarded=1
1786054647.088314 publish topic=ipi/airspan-followup-c1-rep2/latency/veh-001/ack bytes=238 forwarded=1
1786054647.307861 publish topic=ipi/airspan-followup-c1-rep2/latency/veh-001/request bytes=1355 forwarded=1
1786054647.308113 publish topic=ipi/airspan-followup-c1-rep2/latency/veh-001/ack bytes=238 forwarded=1
1786054647.538342 publish topic=ipi/airspan-followup-c1-rep2/latency/veh-001/request bytes=1355 forwarded=1
1786054647.538979 publish topic=ipi/airspan-followup-c1-rep2/latency/veh-001/ack bytes=238 forwarded=1
1786054647.768969 publish topic=ipi/airspan-followup-c1-rep2/latency/veh-001/request bytes=1355 forwarded=1
1786054647.769596 publish topic=ipi/airspan-followup-c1-rep2/latency/veh-001/ack bytes=238 forwarded=1
1786054647.988941 publish topic=ipi/airspan-followup-c1-rep2/latency/veh-001/request bytes=1355 forwarded=1
1786054647.989409 publish topic=ipi/airspan-followup-c1-rep2/latency/veh-001/ack bytes=238 forwarded=1
1786054648.229119 publish topic=ipi/airspan-followup-c1-rep2/latency/veh-001/request bytes=1355 forwarded=1
1786054648.229345 publish topic=ipi/airspan-followup-c1-rep2/latency/veh-001/ack bytes=238 forwarded=1
1786054648.459857 publish topic=ipi/airspan-followup-c1-rep2/latency/veh-001/request bytes=1355 forwarded=1
1786054648.460125 publish topic=ipi/airspan-followup-c1-rep2/latency/veh-001/ack bytes=238 forwarded=1
1786054648.679936 publish topic=ipi/airspan-followup-c1-rep2/latency/veh-001/request bytes=1355 forwarded=1
1786054648.680550 publish topic=ipi/airspan-followup-c1-rep2/latency/veh-001/ack bytes=238 forwarded=1
1786054648.910365 publish topic=ipi/airspan-followup-c1-rep2/latency/veh-001/request bytes=1355 forwarded=1
1786054648.911010 publish topic=ipi/airspan-followup-c1-rep2/latency/veh-001/ack bytes=238 forwarded=1
1786054649.140637 publish topic=ipi/airspan-followup-c1-rep2/latency/veh-001/request bytes=1355 forwarded=1
1786054649.140868 publish topic=ipi/airspan-followup-c1-rep2/latency/veh-001/ack bytes=238 forwarded=1
1786054649.371199 publish topic=ipi/airspan-followup-c1-rep2/latency/veh-001/request bytes=1355 forwarded=1
1786054649.371830 publish topic=ipi/airspan-followup-c1-rep2/latency/veh-001/ack bytes=238 forwarded=1
1786054649.601696 publish topic=ipi/airspan-followup-c1-rep2/latency/veh-001/request bytes=1355 forwarded=1
1786054649.602322 publish topic=ipi/airspan-followup-c1-rep2/latency/veh-001/ack bytes=238 forwarded=1
1786054649.821617 publish topic=ipi/airspan-followup-c1-rep2/latency/veh-001/request bytes=1355 forwarded=1
1786054649.822173 publish topic=ipi/airspan-followup-c1-rep2/latency/veh-001/ack bytes=238 forwarded=1
1786054650.042257 publish topic=ipi/airspan-followup-c1-rep2/latency/veh-001/request bytes=1355 forwarded=1
1786054650.042901 publish topic=ipi/airspan-followup-c1-rep2/latency/veh-001/ack bytes=238 forwarded=1
1786054650.272645 publish topic=ipi/airspan-followup-c1-rep2/latency/veh-001/request bytes=1355 forwarded=1
1786054650.273235 publish topic=ipi/airspan-followup-c1-rep2/latency/veh-001/ack bytes=238 forwarded=1
1786054650.503175 publish topic=ipi/airspan-followup-c1-rep2/latency/veh-001/request bytes=1355 forwarded=1
1786054650.503750 publish topic=ipi/airspan-followup-c1-rep2/latency/veh-001/ack bytes=238 forwarded=1
1786054650.733078 publish topic=ipi/airspan-followup-c1-rep2/latency/veh-001/request bytes=1355 forwarded=1
1786054650.733564 publish topic=ipi/airspan-followup-c1-rep2/latency/veh-001/ack bytes=238 forwarded=1
1786054650.963593 publish topic=ipi/airspan-followup-c1-rep2/latency/veh-001/request bytes=1355 forwarded=1
1786054650.964286 publish topic=ipi/airspan-followup-c1-rep2/latency/veh-001/ack bytes=238 forwarded=1
1786054651.193832 publish topic=ipi/airspan-followup-c1-rep2/latency/veh-001/request bytes=1355 forwarded=1
1786054651.194195 publish topic=ipi/airspan-followup-c1-rep2/latency/veh-001/ack bytes=238 forwarded=1
1786054651.424358 publish topic=ipi/airspan-followup-c1-rep2/latency/veh-001/request bytes=1355 forwarded=1
1786054651.425011 publish topic=ipi/airspan-followup-c1-rep2/latency/veh-001/ack bytes=238 forwarded=1
1786054651.644822 publish topic=ipi/airspan-followup-c1-rep2/latency/veh-001/request bytes=1355 forwarded=1
1786054651.645438 publish topic=ipi/airspan-followup-c1-rep2/latency/veh-001/ack bytes=238 forwarded=1
1786054651.874902 publish topic=ipi/airspan-followup-c1-rep2/latency/veh-001/request bytes=1355 forwarded=1
1786054651.875475 publish topic=ipi/airspan-followup-c1-rep2/latency/veh-001/ack bytes=238 forwarded=1
1786054652.115491 publish topic=ipi/airspan-followup-c1-rep2/latency/veh-001/request bytes=1355 forwarded=1
1786054652.116100 publish topic=ipi/airspan-followup-c1-rep2/latency/veh-001/ack bytes=238 forwarded=1
1786054652.335728 publish topic=ipi/airspan-followup-c1-rep2/latency/veh-001/request bytes=1355 forwarded=1
1786054652.336343 publish topic=ipi/airspan-followup-c1-rep2/latency/veh-001/ack bytes=238 forwarded=1
1786054652.555993 publish topic=ipi/airspan-followup-c1-rep2/latency/veh-001/request bytes=1355 forwarded=1
1786054652.556673 publish topic=ipi/airspan-followup-c1-rep2/latency/veh-001/ack bytes=238 forwarded=1
1786054652.786437 publish topic=ipi/airspan-followup-c1-rep2/latency/veh-001/request bytes=1355 forwarded=1
1786054652.787065 publish topic=ipi/airspan-followup-c1-rep2/latency/veh-001/ack bytes=238 forwarded=1
1786054653.016726 publish topic=ipi/airspan-followup-c1-rep2/latency/veh-001/request bytes=1355 forwarded=1
1786054653.017041 publish topic=ipi/airspan-followup-c1-rep2/latency/veh-001/ack bytes=238 forwarded=1
1786054653.246995 publish topic=ipi/airspan-followup-c1-rep2/latency/veh-001/request bytes=1355 forwarded=1
1786054653.247272 publish topic=ipi/airspan-followup-c1-rep2/latency/veh-001/ack bytes=238 forwarded=1
1786054653.507544 publish topic=ipi/airspan-followup-c1-rep2/latency/veh-001/request bytes=1355 forwarded=1
1786054653.507822 publish topic=ipi/airspan-followup-c1-rep2/latency/veh-001/ack bytes=238 forwarded=1
1786054653.738287 publish topic=ipi/airspan-followup-c1-rep2/latency/veh-001/request bytes=1355 forwarded=1
1786054653.738891 publish topic=ipi/airspan-followup-c1-rep2/latency/veh-001/ack bytes=238 forwarded=1
1786054653.968509 publish topic=ipi/airspan-followup-c1-rep2/latency/veh-001/request bytes=1355 forwarded=1
1786054653.968961 publish topic=ipi/airspan-followup-c1-rep2/latency/veh-001/ack bytes=238 forwarded=1
1786054654.188821 publish topic=ipi/airspan-followup-c1-rep2/latency/veh-001/request bytes=1355 forwarded=1
1786054654.189413 publish topic=ipi/airspan-followup-c1-rep2/latency/veh-001/ack bytes=238 forwarded=1
1786054654.419279 publish topic=ipi/airspan-followup-c1-rep2/latency/veh-001/request bytes=1355 forwarded=1
1786054654.419881 publish topic=ipi/airspan-followup-c1-rep2/latency/veh-001/ack bytes=238 forwarded=1
1786054654.639586 publish topic=ipi/airspan-followup-c1-rep2/latency/veh-001/request bytes=1355 forwarded=1
1786054654.640178 publish topic=ipi/airspan-followup-c1-rep2/latency/veh-001/ack bytes=238 forwarded=1
1786054654.870061 publish topic=ipi/airspan-followup-c1-rep2/latency/veh-001/request bytes=1355 forwarded=1
1786054654.870659 publish topic=ipi/airspan-followup-c1-rep2/latency/veh-001/ack bytes=238 forwarded=1
1786054655.090029 publish topic=ipi/airspan-followup-c1-rep2/latency/veh-001/request bytes=1355 forwarded=1
1786054655.090601 publish topic=ipi/airspan-followup-c1-rep2/latency/veh-001/ack bytes=238 forwarded=1
1786054655.330662 publish topic=ipi/airspan-followup-c1-rep2/latency/veh-001/request bytes=1355 forwarded=1
1786054655.331281 publish topic=ipi/airspan-followup-c1-rep2/latency/veh-001/ack bytes=238 forwarded=1
1786054655.560777 publish topic=ipi/airspan-followup-c1-rep2/latency/veh-001/request bytes=1355 forwarded=1
1786054655.561169 publish topic=ipi/airspan-followup-c1-rep2/latency/veh-001/ack bytes=238 forwarded=1
1786054655.781083 publish topic=ipi/airspan-followup-c1-rep2/latency/veh-001/request bytes=1355 forwarded=1
1786054655.781456 publish topic=ipi/airspan-followup-c1-rep2/latency/veh-001/ack bytes=238 forwarded=1
1786054656.011634 publish topic=ipi/airspan-followup-c1-rep2/latency/veh-001/request bytes=1355 forwarded=1
1786054656.012270 publish topic=ipi/airspan-followup-c1-rep2/latency/veh-001/ack bytes=238 forwarded=1
1786054656.241968 publish topic=ipi/airspan-followup-c1-rep2/latency/veh-001/request bytes=1355 forwarded=1
1786054656.242665 publish topic=ipi/airspan-followup-c1-rep2/latency/veh-001/ack bytes=238 forwarded=1
1786054656.472343 publish topic=ipi/airspan-followup-c1-rep2/latency/veh-001/request bytes=1355 forwarded=1
1786054656.473017 publish topic=ipi/airspan-followup-c1-rep2/latency/veh-001/ack bytes=238 forwarded=1
1786054656.692657 publish topic=ipi/airspan-followup-c1-rep2/latency/veh-001/request bytes=1355 forwarded=1
1786054656.693262 publish topic=ipi/airspan-followup-c1-rep2/latency/veh-001/ack bytes=238 forwarded=1
1786054656.923235 publish topic=ipi/airspan-followup-c1-rep2/latency/veh-001/request bytes=1355 forwarded=1
1786054656.923835 publish topic=ipi/airspan-followup-c1-rep2/latency/veh-001/ack bytes=238 forwarded=1
1786054657.153285 publish topic=ipi/airspan-followup-c1-rep2/latency/veh-001/request bytes=1355 forwarded=1
1786054657.153869 publish topic=ipi/airspan-followup-c1-rep2/latency/veh-001/ack bytes=238 forwarded=1
1786054657.393521 publish topic=ipi/airspan-followup-c1-rep2/latency/veh-001/request bytes=1355 forwarded=1
1786054657.393839 publish topic=ipi/airspan-followup-c1-rep2/latency/veh-001/ack bytes=238 forwarded=1
1786054657.624058 publish topic=ipi/airspan-followup-c1-rep2/latency/veh-001/request bytes=1355 forwarded=1
1786054657.624632 publish topic=ipi/airspan-followup-c1-rep2/latency/veh-001/ack bytes=238 forwarded=1
1786054657.844266 publish topic=ipi/airspan-followup-c1-rep2/latency/veh-001/request bytes=1355 forwarded=1
1786054657.844478 publish topic=ipi/airspan-followup-c1-rep2/latency/veh-001/ack bytes=238 forwarded=1
1786054658.064739 publish topic=ipi/airspan-followup-c1-rep2/latency/veh-001/request bytes=1355 forwarded=1
1786054658.065380 publish topic=ipi/airspan-followup-c1-rep2/latency/veh-001/ack bytes=238 forwarded=1
1786054658.305058 publish topic=ipi/airspan-followup-c1-rep2/latency/veh-001/request bytes=1355 forwarded=1
1786054658.305712 publish topic=ipi/airspan-followup-c1-rep2/latency/veh-001/ack bytes=238 forwarded=1
1786054658.535289 publish topic=ipi/airspan-followup-c1-rep2/latency/veh-001/request bytes=1355 forwarded=1
1786054658.535691 publish topic=ipi/airspan-followup-c1-rep2/latency/veh-001/ack bytes=238 forwarded=1
1786054658.765642 publish topic=ipi/airspan-followup-c1-rep2/latency/veh-001/request bytes=1355 forwarded=1
1786054658.765856 publish topic=ipi/airspan-followup-c1-rep2/latency/veh-001/ack bytes=238 forwarded=1
1786054658.986078 publish topic=ipi/airspan-followup-c1-rep2/latency/veh-001/request bytes=1355 forwarded=1
1786054658.986519 publish topic=ipi/airspan-followup-c1-rep2/latency/veh-001/ack bytes=238 forwarded=1
1786054659.216460 publish topic=ipi/airspan-followup-c1-rep2/latency/veh-001/request bytes=1355 forwarded=1
1786054659.217030 publish topic=ipi/airspan-followup-c1-rep2/latency/veh-001/ack bytes=238 forwarded=1
1786054659.447029 publish topic=ipi/airspan-followup-c1-rep2/latency/veh-001/request bytes=1355 forwarded=1
1786054659.447660 publish topic=ipi/airspan-followup-c1-rep2/latency/veh-001/ack bytes=238 forwarded=1
1786054659.667336 publish topic=ipi/airspan-followup-c1-rep2/latency/veh-001/request bytes=1355 forwarded=1
1786054659.667970 publish topic=ipi/airspan-followup-c1-rep2/latency/veh-001/ack bytes=238 forwarded=1
1786054659.897870 publish topic=ipi/airspan-followup-c1-rep2/latency/veh-001/request bytes=1355 forwarded=1
1786054659.898502 publish topic=ipi/airspan-followup-c1-rep2/latency/veh-001/ack bytes=238 forwarded=1
1786054660.127854 publish topic=ipi/airspan-followup-c1-rep2/latency/veh-001/request bytes=1355 forwarded=1
1786054660.128462 publish topic=ipi/airspan-followup-c1-rep2/latency/veh-001/ack bytes=238 forwarded=1
1786054660.358511 publish topic=ipi/airspan-followup-c1-rep2/latency/veh-001/request bytes=1355 forwarded=1
1786054660.359141 publish topic=ipi/airspan-followup-c1-rep2/latency/veh-001/ack bytes=238 forwarded=1
1786054660.589069 publish topic=ipi/airspan-followup-c1-rep2/latency/veh-001/request bytes=1355 forwarded=1
1786054660.589702 publish topic=ipi/airspan-followup-c1-rep2/latency/veh-001/ack bytes=238 forwarded=1
1786054660.818936 publish topic=ipi/airspan-followup-c1-rep2/latency/veh-001/request bytes=1355 forwarded=1
1786054660.819304 publish topic=ipi/airspan-followup-c1-rep2/latency/veh-001/ack bytes=238 forwarded=1
1786054661.039533 publish topic=ipi/airspan-followup-c1-rep2/latency/veh-001/request bytes=1355 forwarded=1
1786054661.040205 publish topic=ipi/airspan-followup-c1-rep2/latency/veh-001/ack bytes=238 forwarded=1
1786054661.259770 publish topic=ipi/airspan-followup-c1-rep2/latency/veh-001/request bytes=1355 forwarded=1
1786054661.260490 publish topic=ipi/airspan-followup-c1-rep2/latency/veh-001/ack bytes=238 forwarded=1
1786054661.490306 publish topic=ipi/airspan-followup-c1-rep2/latency/veh-001/request bytes=1355 forwarded=1
1786054661.490959 publish topic=ipi/airspan-followup-c1-rep2/latency/veh-001/ack bytes=238 forwarded=1
1786054661.720513 publish topic=ipi/airspan-followup-c1-rep2/latency/veh-001/request bytes=1355 forwarded=1
1786054661.721148 publish topic=ipi/airspan-followup-c1-rep2/latency/veh-001/ack bytes=238 forwarded=1
1786054661.950709 publish topic=ipi/airspan-followup-c1-rep2/latency/veh-001/request bytes=1355 forwarded=1
1786054661.950964 publish topic=ipi/airspan-followup-c1-rep2/latency/veh-001/ack bytes=238 forwarded=1
1786054662.171422 publish topic=ipi/airspan-followup-c1-rep2/latency/veh-001/request bytes=1355 forwarded=1
1786054662.172070 publish topic=ipi/airspan-followup-c1-rep2/latency/veh-001/ack bytes=238 forwarded=1
1786054662.401582 publish topic=ipi/airspan-followup-c1-rep2/latency/veh-001/request bytes=1355 forwarded=1
1786054662.402233 publish topic=ipi/airspan-followup-c1-rep2/latency/veh-001/ack bytes=238 forwarded=1
1786054662.632083 publish topic=ipi/airspan-followup-c1-rep2/latency/veh-001/request bytes=1355 forwarded=1
1786054662.632694 publish topic=ipi/airspan-followup-c1-rep2/latency/veh-001/ack bytes=238 forwarded=1
1786054662.862112 publish topic=ipi/airspan-followup-c1-rep2/latency/veh-001/request bytes=1355 forwarded=1
1786054662.862707 publish topic=ipi/airspan-followup-c1-rep2/latency/veh-001/ack bytes=238 forwarded=1
1786054663.092310 publish topic=ipi/airspan-followup-c1-rep2/latency/veh-001/request bytes=1355 forwarded=1
1786054663.092542 publish topic=ipi/airspan-followup-c1-rep2/latency/veh-001/ack bytes=238 forwarded=1
1786054663.322770 publish topic=ipi/airspan-followup-c1-rep2/latency/veh-001/request bytes=1355 forwarded=1
1786054663.323117 publish topic=ipi/airspan-followup-c1-rep2/latency/veh-001/ack bytes=238 forwarded=1
1786054663.543450 publish topic=ipi/airspan-followup-c1-rep2/latency/veh-001/request bytes=1355 forwarded=1
1786054663.544098 publish topic=ipi/airspan-followup-c1-rep2/latency/veh-001/ack bytes=238 forwarded=1
1786054663.763656 publish topic=ipi/airspan-followup-c1-rep2/latency/veh-001/request bytes=1355 forwarded=1
1786054663.764312 publish topic=ipi/airspan-followup-c1-rep2/latency/veh-001/ack bytes=238 forwarded=1
1786054663.993890 publish topic=ipi/airspan-followup-c1-rep2/latency/veh-001/request bytes=1355 forwarded=1
1786054663.994379 publish topic=ipi/airspan-followup-c1-rep2/latency/veh-001/ack bytes=238 forwarded=1
1786054664.244457 publish topic=ipi/airspan-followup-c1-rep2/latency/veh-001/request bytes=1355 forwarded=1
1786054664.245135 publish topic=ipi/airspan-followup-c1-rep2/latency/veh-001/ack bytes=238 forwarded=1
1786054664.485029 publish topic=ipi/airspan-followup-c1-rep2/latency/veh-001/request bytes=1355 forwarded=1
1786054664.485702 publish topic=ipi/airspan-followup-c1-rep2/latency/veh-001/ack bytes=238 forwarded=1
1786054664.714880 publish topic=ipi/airspan-followup-c1-rep2/latency/veh-001/request bytes=1357 forwarded=1
1786054664.715189 publish topic=ipi/airspan-followup-c1-rep2/latency/veh-001/ack bytes=239 forwarded=1
1786054664.945124 publish topic=ipi/airspan-followup-c1-rep2/latency/veh-001/request bytes=1357 forwarded=1
1786054664.945386 publish topic=ipi/airspan-followup-c1-rep2/latency/veh-001/ack bytes=239 forwarded=1
1786054665.176022 publish topic=ipi/airspan-followup-c1-rep2/latency/veh-001/request bytes=1357 forwarded=1
1786054665.176704 publish topic=ipi/airspan-followup-c1-rep2/latency/veh-001/ack bytes=239 forwarded=1
1786054665.406368 publish topic=ipi/airspan-followup-c1-rep2/latency/veh-001/request bytes=1357 forwarded=1
1786054665.407188 publish topic=ipi/airspan-followup-c1-rep2/latency/veh-001/ack bytes=239 forwarded=1
1786054665.636830 publish topic=ipi/airspan-followup-c1-rep2/latency/veh-001/request bytes=1357 forwarded=1
1786054665.637468 publish topic=ipi/airspan-followup-c1-rep2/latency/veh-001/ack bytes=239 forwarded=1
1786054665.856896 publish topic=ipi/airspan-followup-c1-rep2/latency/veh-001/request bytes=1357 forwarded=1
1786054665.857229 publish topic=ipi/airspan-followup-c1-rep2/latency/veh-001/ack bytes=239 forwarded=1
1786054666.107056 publish topic=ipi/airspan-followup-c1-rep2/latency/veh-001/request bytes=1357 forwarded=1
1786054666.107394 publish topic=ipi/airspan-followup-c1-rep2/latency/veh-001/ack bytes=239 forwarded=1
1786054666.337957 publish topic=ipi/airspan-followup-c1-rep2/latency/veh-001/request bytes=1357 forwarded=1
1786054666.338614 publish topic=ipi/airspan-followup-c1-rep2/latency/veh-001/ack bytes=239 forwarded=1
1786054666.568135 publish topic=ipi/airspan-followup-c1-rep2/latency/veh-001/request bytes=1357 forwarded=1
1786054666.568816 publish topic=ipi/airspan-followup-c1-rep2/latency/veh-001/ack bytes=239 forwarded=1
1786054666.788432 publish topic=ipi/airspan-followup-c1-rep2/latency/veh-001/request bytes=1357 forwarded=1
1786054666.789122 publish topic=ipi/airspan-followup-c1-rep2/latency/veh-001/ack bytes=239 forwarded=1
1786054667.018836 publish topic=ipi/airspan-followup-c1-rep2/latency/veh-001/request bytes=1357 forwarded=1
1786054667.019186 publish topic=ipi/airspan-followup-c1-rep2/latency/veh-001/ack bytes=239 forwarded=1
1786054667.239428 publish topic=ipi/airspan-followup-c1-rep2/latency/veh-001/request bytes=1357 forwarded=1
1786054667.240027 publish topic=ipi/airspan-followup-c1-rep2/latency/veh-001/ack bytes=239 forwarded=1
1786054667.469239 publish topic=ipi/airspan-followup-c1-rep2/latency/veh-001/request bytes=1357 forwarded=1
1786054667.469570 publish topic=ipi/airspan-followup-c1-rep2/latency/veh-001/ack bytes=239 forwarded=1
1786054667.699924 publish topic=ipi/airspan-followup-c1-rep2/latency/veh-001/request bytes=1357 forwarded=1
1786054667.700562 publish topic=ipi/airspan-followup-c1-rep2/latency/veh-001/ack bytes=239 forwarded=1
1786054667.919918 publish topic=ipi/airspan-followup-c1-rep2/latency/veh-001/request bytes=1357 forwarded=1
1786054667.920400 publish topic=ipi/airspan-followup-c1-rep2/latency/veh-001/ack bytes=239 forwarded=1
1786054668.140175 publish topic=ipi/airspan-followup-c1-rep2/latency/veh-001/request bytes=1357 forwarded=1
1786054668.140469 publish topic=ipi/airspan-followup-c1-rep2/latency/veh-001/ack bytes=239 forwarded=1
1786054668.370994 publish topic=ipi/airspan-followup-c1-rep2/latency/veh-001/request bytes=1357 forwarded=1
1786054668.371593 publish topic=ipi/airspan-followup-c1-rep2/latency/veh-001/ack bytes=239 forwarded=1
1786054668.601254 publish topic=ipi/airspan-followup-c1-rep2/latency/veh-001/request bytes=1357 forwarded=1
1786054668.601865 publish topic=ipi/airspan-followup-c1-rep2/latency/veh-001/ack bytes=239 forwarded=1
1786054668.821638 publish topic=ipi/airspan-followup-c1-rep2/latency/veh-001/request bytes=1357 forwarded=1
1786054668.822252 publish topic=ipi/airspan-followup-c1-rep2/latency/veh-001/ack bytes=239 forwarded=1
1786054669.052133 publish topic=ipi/airspan-followup-c1-rep2/latency/veh-001/request bytes=1357 forwarded=1
1786054669.052791 publish topic=ipi/airspan-followup-c1-rep2/latency/veh-001/ack bytes=239 forwarded=1
1786054669.272081 publish topic=ipi/airspan-followup-c1-rep2/latency/veh-001/request bytes=1357 forwarded=1
1786054669.272382 publish topic=ipi/airspan-followup-c1-rep2/latency/veh-001/ack bytes=239 forwarded=1
1786054669.512560 publish topic=ipi/airspan-followup-c1-rep2/latency/veh-001/request bytes=1357 forwarded=1
1786054669.512896 publish topic=ipi/airspan-followup-c1-rep2/latency/veh-001/ack bytes=239 forwarded=1
1786054669.743216 publish topic=ipi/airspan-followup-c1-rep2/latency/veh-001/request bytes=1357 forwarded=1
1786054669.743876 publish topic=ipi/airspan-followup-c1-rep2/latency/veh-001/ack bytes=239 forwarded=1
1786054669.973395 publish topic=ipi/airspan-followup-c1-rep2/latency/veh-001/request bytes=1357 forwarded=1
1786054669.973748 publish topic=ipi/airspan-followup-c1-rep2/latency/veh-001/ack bytes=239 forwarded=1
1786054670.203891 publish topic=ipi/airspan-followup-c1-rep2/latency/veh-001/request bytes=1357 forwarded=1
1786054670.204797 publish topic=ipi/airspan-followup-c1-rep2/latency/veh-001/ack bytes=239 forwarded=1
1786054670.434312 publish topic=ipi/airspan-followup-c1-rep2/latency/veh-001/request bytes=1357 forwarded=1
1786054670.434624 publish topic=ipi/airspan-followup-c1-rep2/latency/veh-001/ack bytes=239 forwarded=1
1786054670.664505 publish topic=ipi/airspan-followup-c1-rep2/latency/veh-001/request bytes=1357 forwarded=1
1786054670.665320 publish topic=ipi/airspan-followup-c1-rep2/latency/veh-001/ack bytes=239 forwarded=1
1786054670.884855 publish topic=ipi/airspan-followup-c1-rep2/latency/veh-001/request bytes=1357 forwarded=1
1786054670.885303 publish topic=ipi/airspan-followup-c1-rep2/latency/veh-001/ack bytes=239 forwarded=1
1786054671.115494 publish topic=ipi/airspan-followup-c1-rep2/latency/veh-001/request bytes=1357 forwarded=1
1786054671.116136 publish topic=ipi/airspan-followup-c1-rep2/latency/veh-001/ack bytes=239 forwarded=1
1786054671.345649 publish topic=ipi/airspan-followup-c1-rep2/latency/veh-001/request bytes=1357 forwarded=1
1786054671.346287 publish topic=ipi/airspan-followup-c1-rep2/latency/veh-001/ack bytes=239 forwarded=1
1786054671.576046 publish topic=ipi/airspan-followup-c1-rep2/latency/veh-001/request bytes=1357 forwarded=1
1786054671.576684 publish topic=ipi/airspan-followup-c1-rep2/latency/veh-001/ack bytes=239 forwarded=1
1786054671.816223 publish topic=ipi/airspan-followup-c1-rep2/latency/veh-001/request bytes=1357 forwarded=1
1786054671.816853 publish topic=ipi/airspan-followup-c1-rep2/latency/veh-001/ack bytes=239 forwarded=1
1786054672.046581 publish topic=ipi/airspan-followup-c1-rep2/latency/veh-001/request bytes=1357 forwarded=1
1786054672.047146 publish topic=ipi/airspan-followup-c1-rep2/latency/veh-001/ack bytes=239 forwarded=1
1786054672.266967 publish topic=ipi/airspan-followup-c1-rep2/latency/veh-001/request bytes=1357 forwarded=1
1786054672.267565 publish topic=ipi/airspan-followup-c1-rep2/latency/veh-001/ack bytes=239 forwarded=1
1786054672.497510 publish topic=ipi/airspan-followup-c1-rep2/latency/veh-001/request bytes=1357 forwarded=1
1786054672.498114 publish topic=ipi/airspan-followup-c1-rep2/latency/veh-001/ack bytes=239 forwarded=1
1786054672.728001 publish topic=ipi/airspan-followup-c1-rep2/latency/veh-001/request bytes=1357 forwarded=1
1786054672.728637 publish topic=ipi/airspan-followup-c1-rep2/latency/veh-001/ack bytes=239 forwarded=1
1786054672.958221 publish topic=ipi/airspan-followup-c1-rep2/latency/veh-001/request bytes=1357 forwarded=1
1786054672.958922 publish topic=ipi/airspan-followup-c1-rep2/latency/veh-001/ack bytes=239 forwarded=1
1786054673.188337 publish topic=ipi/airspan-followup-c1-rep2/latency/veh-001/request bytes=1357 forwarded=1
1786054673.188665 publish topic=ipi/airspan-followup-c1-rep2/latency/veh-001/ack bytes=239 forwarded=1
1786054673.409062 publish topic=ipi/airspan-followup-c1-rep2/latency/veh-001/request bytes=1357 forwarded=1
1786054673.409687 publish topic=ipi/airspan-followup-c1-rep2/latency/veh-001/ack bytes=239 forwarded=1
1786054673.639679 publish topic=ipi/airspan-followup-c1-rep2/latency/veh-001/request bytes=1357 forwarded=1
1786054673.640311 publish topic=ipi/airspan-followup-c1-rep2/latency/veh-001/ack bytes=239 forwarded=1
1786054673.869752 publish topic=ipi/airspan-followup-c1-rep2/latency/veh-001/request bytes=1357 forwarded=1
1786054673.870394 publish topic=ipi/airspan-followup-c1-rep2/latency/veh-001/ack bytes=239 forwarded=1
1786054674.100160 publish topic=ipi/airspan-followup-c1-rep2/latency/veh-001/request bytes=1357 forwarded=1
1786054674.100810 publish topic=ipi/airspan-followup-c1-rep2/latency/veh-001/ack bytes=239 forwarded=1
1786054674.330518 publish topic=ipi/airspan-followup-c1-rep2/latency/veh-001/request bytes=1357 forwarded=1
1786054674.331150 publish topic=ipi/airspan-followup-c1-rep2/latency/veh-001/ack bytes=239 forwarded=1
1786054674.550514 publish topic=ipi/airspan-followup-c1-rep2/latency/veh-001/request bytes=1357 forwarded=1
1786054674.550793 publish topic=ipi/airspan-followup-c1-rep2/latency/veh-001/ack bytes=239 forwarded=1
1786054674.770986 publish topic=ipi/airspan-followup-c1-rep2/latency/veh-001/request bytes=1357 forwarded=1
1786054674.771250 publish topic=ipi/airspan-followup-c1-rep2/latency/veh-001/ack bytes=239 forwarded=1
1786054675.011650 publish topic=ipi/airspan-followup-c1-rep2/latency/veh-001/request bytes=1357 forwarded=1
1786054675.012282 publish topic=ipi/airspan-followup-c1-rep2/latency/veh-001/ack bytes=239 forwarded=1
1786054675.232082 publish topic=ipi/airspan-followup-c1-rep2/latency/veh-001/request bytes=1357 forwarded=1
1786054675.232749 publish topic=ipi/airspan-followup-c1-rep2/latency/veh-001/ack bytes=239 forwarded=1
1786054675.451956 publish topic=ipi/airspan-followup-c1-rep2/latency/veh-001/request bytes=1357 forwarded=1
1786054675.452184 publish topic=ipi/airspan-followup-c1-rep2/latency/veh-001/ack bytes=239 forwarded=1
1786054675.692585 publish topic=ipi/airspan-followup-c1-rep2/latency/veh-001/request bytes=1357 forwarded=1
1786054675.693209 publish topic=ipi/airspan-followup-c1-rep2/latency/veh-001/ack bytes=239 forwarded=1
1786054675.933165 publish topic=ipi/airspan-followup-c1-rep2/latency/veh-001/request bytes=1357 forwarded=1
1786054675.933788 publish topic=ipi/airspan-followup-c1-rep2/latency/veh-001/ack bytes=239 forwarded=1
1786054676.163394 publish topic=ipi/airspan-followup-c1-rep2/latency/veh-001/request bytes=1357 forwarded=1
1786054676.164123 publish topic=ipi/airspan-followup-c1-rep2/latency/veh-001/ack bytes=239 forwarded=1
1786054676.394031 publish topic=ipi/airspan-followup-c1-rep2/latency/veh-001/request bytes=1357 forwarded=1
1786054676.394668 publish topic=ipi/airspan-followup-c1-rep2/latency/veh-001/ack bytes=239 forwarded=1
1786054676.634189 publish topic=ipi/airspan-followup-c1-rep2/latency/veh-001/request bytes=1357 forwarded=1
1786054676.634798 publish topic=ipi/airspan-followup-c1-rep2/latency/veh-001/ack bytes=239 forwarded=1
1786054676.854676 publish topic=ipi/airspan-followup-c1-rep2/latency/veh-001/request bytes=1357 forwarded=1
1786054676.855305 publish topic=ipi/airspan-followup-c1-rep2/latency/veh-001/ack bytes=239 forwarded=1
1786054677.084881 publish topic=ipi/airspan-followup-c1-rep2/latency/veh-001/request bytes=1357 forwarded=1
1786054677.085466 publish topic=ipi/airspan-followup-c1-rep2/latency/veh-001/ack bytes=239 forwarded=1
1786054677.305321 publish topic=ipi/airspan-followup-c1-rep2/latency/veh-001/request bytes=1357 forwarded=1
1786054677.305997 publish topic=ipi/airspan-followup-c1-rep2/latency/veh-001/ack bytes=239 forwarded=1
1786054677.545686 publish topic=ipi/airspan-followup-c1-rep2/latency/veh-001/request bytes=1357 forwarded=1
1786054677.546312 publish topic=ipi/airspan-followup-c1-rep2/latency/veh-001/ack bytes=239 forwarded=1
1786054677.776041 publish topic=ipi/airspan-followup-c1-rep2/latency/veh-001/request bytes=1357 forwarded=1
1786054677.776723 publish topic=ipi/airspan-followup-c1-rep2/latency/veh-001/ack bytes=239 forwarded=1
1786054678.006256 publish topic=ipi/airspan-followup-c1-rep2/latency/veh-001/request bytes=1357 forwarded=1
1786054678.006897 publish topic=ipi/airspan-followup-c1-rep2/latency/veh-001/ack bytes=239 forwarded=1
1786054678.236974 publish topic=ipi/airspan-followup-c1-rep2/latency/veh-001/request bytes=1357 forwarded=1
1786054678.237614 publish topic=ipi/airspan-followup-c1-rep2/latency/veh-001/ack bytes=239 forwarded=1
1786054678.457026 publish topic=ipi/airspan-followup-c1-rep2/latency/veh-001/request bytes=1357 forwarded=1
1786054678.457643 publish topic=ipi/airspan-followup-c1-rep2/latency/veh-001/ack bytes=239 forwarded=1
1786054678.677307 publish topic=ipi/airspan-followup-c1-rep2/latency/veh-001/request bytes=1357 forwarded=1
1786054678.677969 publish topic=ipi/airspan-followup-c1-rep2/latency/veh-001/ack bytes=239 forwarded=1
1786054678.897413 publish topic=ipi/airspan-followup-c1-rep2/latency/veh-001/request bytes=1357 forwarded=1
1786054678.897673 publish topic=ipi/airspan-followup-c1-rep2/latency/veh-001/ack bytes=239 forwarded=1
1786054679.128062 publish topic=ipi/airspan-followup-c1-rep2/latency/veh-001/request bytes=1357 forwarded=1
1786054679.128690 publish topic=ipi/airspan-followup-c1-rep2/latency/veh-001/ack bytes=239 forwarded=1
1786054679.358217 publish topic=ipi/airspan-followup-c1-rep2/latency/veh-001/request bytes=1357 forwarded=1
1786054679.358498 publish topic=ipi/airspan-followup-c1-rep2/latency/veh-001/ack bytes=239 forwarded=1
1786054679.578718 publish topic=ipi/airspan-followup-c1-rep2/latency/veh-001/request bytes=1357 forwarded=1
1786054679.579358 publish topic=ipi/airspan-followup-c1-rep2/latency/veh-001/ack bytes=239 forwarded=1
1786054679.809152 publish topic=ipi/airspan-followup-c1-rep2/latency/veh-001/request bytes=1357 forwarded=1
1786054679.809777 publish topic=ipi/airspan-followup-c1-rep2/latency/veh-001/ack bytes=239 forwarded=1
1786054680.039200 publish topic=ipi/airspan-followup-c1-rep2/latency/veh-001/request bytes=1357 forwarded=1
1786054680.039420 publish topic=ipi/airspan-followup-c1-rep2/latency/veh-001/ack bytes=239 forwarded=1
1786054680.259601 publish topic=ipi/airspan-followup-c1-rep2/latency/veh-001/request bytes=1357 forwarded=1
1786054680.260214 publish topic=ipi/airspan-followup-c1-rep2/latency/veh-001/ack bytes=239 forwarded=1
1786054680.489980 publish topic=ipi/airspan-followup-c1-rep2/latency/veh-001/request bytes=1357 forwarded=1
1786054680.490325 publish topic=ipi/airspan-followup-c1-rep2/latency/veh-001/ack bytes=239 forwarded=1
1786054680.710666 publish topic=ipi/airspan-followup-c1-rep2/latency/veh-001/request bytes=1357 forwarded=1
1786054680.711349 publish topic=ipi/airspan-followup-c1-rep2/latency/veh-001/ack bytes=239 forwarded=1
1786054680.940472 publish topic=ipi/airspan-followup-c1-rep2/latency/veh-001/request bytes=1357 forwarded=1
1786054680.940730 publish topic=ipi/airspan-followup-c1-rep2/latency/veh-001/ack bytes=239 forwarded=1
1786054681.171232 publish topic=ipi/airspan-followup-c1-rep2/latency/veh-001/request bytes=1357 forwarded=1
1786054681.171846 publish topic=ipi/airspan-followup-c1-rep2/latency/veh-001/ack bytes=239 forwarded=1
1786054681.411725 publish topic=ipi/airspan-followup-c1-rep2/latency/veh-001/request bytes=1357 forwarded=1
1786054681.412160 publish topic=ipi/airspan-followup-c1-rep2/latency/veh-001/ack bytes=239 forwarded=1
1786054681.641862 publish topic=ipi/airspan-followup-c1-rep2/latency/veh-001/request bytes=1357 forwarded=1
1786054681.642214 publish topic=ipi/airspan-followup-c1-rep2/latency/veh-001/ack bytes=239 forwarded=1
1786054681.862199 publish topic=ipi/airspan-followup-c1-rep2/latency/veh-001/request bytes=1357 forwarded=1
1786054681.862915 publish topic=ipi/airspan-followup-c1-rep2/latency/veh-001/ack bytes=239 forwarded=1
1786054682.082467 publish topic=ipi/airspan-followup-c1-rep2/latency/veh-001/request bytes=1357 forwarded=1
1786054682.082736 publish topic=ipi/airspan-followup-c1-rep2/latency/veh-001/ack bytes=239 forwarded=1
1786054682.302969 publish topic=ipi/airspan-followup-c1-rep2/latency/veh-001/request bytes=1357 forwarded=1
1786054682.303541 publish topic=ipi/airspan-followup-c1-rep2/latency/veh-001/ack bytes=239 forwarded=1
1786054682.533378 publish topic=ipi/airspan-followup-c1-rep2/latency/veh-001/request bytes=1357 forwarded=1
1786054682.534063 publish topic=ipi/airspan-followup-c1-rep2/latency/veh-001/ack bytes=239 forwarded=1
1786054682.753688 publish topic=ipi/airspan-followup-c1-rep2/latency/veh-001/request bytes=1357 forwarded=1
1786054682.754030 publish topic=ipi/airspan-followup-c1-rep2/latency/veh-001/ack bytes=239 forwarded=1
1786054682.993994 publish topic=ipi/airspan-followup-c1-rep2/latency/veh-001/request bytes=1357 forwarded=1
1786054682.994258 publish topic=ipi/airspan-followup-c1-rep2/latency/veh-001/ack bytes=239 forwarded=1
1786054683.214589 publish topic=ipi/airspan-followup-c1-rep2/latency/veh-001/request bytes=1357 forwarded=1
1786054683.215220 publish topic=ipi/airspan-followup-c1-rep2/latency/veh-001/ack bytes=239 forwarded=1
1786054683.454890 publish topic=ipi/airspan-followup-c1-rep2/latency/veh-001/request bytes=1357 forwarded=1
1786054683.455112 publish topic=ipi/airspan-followup-c1-rep2/latency/veh-001/ack bytes=239 forwarded=1
1786054683.685166 publish topic=ipi/airspan-followup-c1-rep2/latency/veh-001/request bytes=1357 forwarded=1
1786054683.685831 publish topic=ipi/airspan-followup-c1-rep2/latency/veh-001/ack bytes=239 forwarded=1
1786054683.905341 publish topic=ipi/airspan-followup-c1-rep2/latency/veh-001/request bytes=1357 forwarded=1
1786054683.905646 publish topic=ipi/airspan-followup-c1-rep2/latency/veh-001/ack bytes=239 forwarded=1
1786054684.135936 publish topic=ipi/airspan-followup-c1-rep2/latency/veh-001/request bytes=1357 forwarded=1
1786054684.136572 publish topic=ipi/airspan-followup-c1-rep2/latency/veh-001/ack bytes=239 forwarded=1
1786054684.376338 publish topic=ipi/airspan-followup-c1-rep2/latency/veh-001/request bytes=1357 forwarded=1
1786054684.376980 publish topic=ipi/airspan-followup-c1-rep2/latency/veh-001/ack bytes=239 forwarded=1
1786054684.596292 publish topic=ipi/airspan-followup-c1-rep2/latency/veh-001/request bytes=1357 forwarded=1
1786054684.596488 publish topic=ipi/airspan-followup-c1-rep2/latency/veh-001/ack bytes=239 forwarded=1
1786054684.826771 publish topic=ipi/airspan-followup-c1-rep2/latency/veh-001/request bytes=1357 forwarded=1
1786054684.826970 publish topic=ipi/airspan-followup-c1-rep2/latency/veh-001/ack bytes=239 forwarded=1
1786054685.067351 publish topic=ipi/airspan-followup-c1-rep2/latency/veh-001/request bytes=1357 forwarded=1
1786054685.067993 publish topic=ipi/airspan-followup-c1-rep2/latency/veh-001/ack bytes=239 forwarded=1
1786054685.287503 publish topic=ipi/airspan-followup-c1-rep2/latency/veh-001/request bytes=1357 forwarded=1
1786054685.287744 publish topic=ipi/airspan-followup-c1-rep2/latency/veh-001/ack bytes=239 forwarded=1
1786054685.518139 publish topic=ipi/airspan-followup-c1-rep2/latency/veh-001/request bytes=1357 forwarded=1
1786054685.518374 publish topic=ipi/airspan-followup-c1-rep2/latency/veh-001/ack bytes=239 forwarded=1
1786054685.758587 publish topic=ipi/airspan-followup-c1-rep2/latency/veh-001/request bytes=1357 forwarded=1
1786054685.759215 publish topic=ipi/airspan-followup-c1-rep2/latency/veh-001/ack bytes=239 forwarded=1
1786054685.998711 publish topic=ipi/airspan-followup-c1-rep2/latency/veh-001/request bytes=1357 forwarded=1
1786054685.999133 publish topic=ipi/airspan-followup-c1-rep2/latency/veh-001/ack bytes=239 forwarded=1
1786054686.239608 publish topic=ipi/airspan-followup-c1-rep2/latency/veh-001/request bytes=1357 forwarded=1
1786054686.240155 publish topic=ipi/airspan-followup-c1-rep2/latency/veh-001/ack bytes=239 forwarded=1
1786054686.459502 publish topic=ipi/airspan-followup-c1-rep2/latency/veh-001/request bytes=1357 forwarded=1
1786054686.460111 publish topic=ipi/airspan-followup-c1-rep2/latency/veh-001/ack bytes=239 forwarded=1
1786054686.689599 publish topic=ipi/airspan-followup-c1-rep2/latency/veh-001/request bytes=1357 forwarded=1
1786054686.690195 publish topic=ipi/airspan-followup-c1-rep2/latency/veh-001/ack bytes=239 forwarded=1
1786054686.910090 publish topic=ipi/airspan-followup-c1-rep2/latency/veh-001/request bytes=1357 forwarded=1
1786054686.910676 publish topic=ipi/airspan-followup-c1-rep2/latency/veh-001/ack bytes=239 forwarded=1
1786054687.140354 publish topic=ipi/airspan-followup-c1-rep2/latency/veh-001/request bytes=1357 forwarded=1
1786054687.140670 publish topic=ipi/airspan-followup-c1-rep2/latency/veh-001/ack bytes=239 forwarded=1
1786054687.370942 publish topic=ipi/airspan-followup-c1-rep2/latency/veh-001/request bytes=1357 forwarded=1
1786054687.371584 publish topic=ipi/airspan-followup-c1-rep2/latency/veh-001/ack bytes=239 forwarded=1
1786054687.601000 publish topic=ipi/airspan-followup-c1-rep2/latency/veh-001/request bytes=1357 forwarded=1
1786054687.601364 publish topic=ipi/airspan-followup-c1-rep2/latency/veh-001/ack bytes=239 forwarded=1
1786054687.821510 publish topic=ipi/airspan-followup-c1-rep2/latency/veh-001/request bytes=1357 forwarded=1
1786054687.821750 publish topic=ipi/airspan-followup-c1-rep2/latency/veh-001/ack bytes=239 forwarded=1
1786054688.041914 publish topic=ipi/airspan-followup-c1-rep2/latency/veh-001/request bytes=1357 forwarded=1
1786054688.042520 publish topic=ipi/airspan-followup-c1-rep2/latency/veh-001/ack bytes=239 forwarded=1
1786054688.272308 publish topic=ipi/airspan-followup-c1-rep2/latency/veh-001/request bytes=1357 forwarded=1
1786054688.272965 publish topic=ipi/airspan-followup-c1-rep2/latency/veh-001/ack bytes=239 forwarded=1
1786054688.492846 publish topic=ipi/airspan-followup-c1-rep2/latency/veh-001/request bytes=1357 forwarded=1
1786054688.493469 publish topic=ipi/airspan-followup-c1-rep2/latency/veh-001/ack bytes=239 forwarded=1
1786054688.723071 publish topic=ipi/airspan-followup-c1-rep2/latency/veh-001/request bytes=1357 forwarded=1
1786054688.723719 publish topic=ipi/airspan-followup-c1-rep2/latency/veh-001/ack bytes=239 forwarded=1
1786054688.943233 publish topic=ipi/airspan-followup-c1-rep2/latency/veh-001/request bytes=1357 forwarded=1
1786054688.943822 publish topic=ipi/airspan-followup-c1-rep2/latency/veh-001/ack bytes=239 forwarded=1
1786054689.173744 publish topic=ipi/airspan-followup-c1-rep2/latency/veh-001/request bytes=1357 forwarded=1
1786054689.174342 publish topic=ipi/airspan-followup-c1-rep2/latency/veh-001/ack bytes=239 forwarded=1
1786054689.414237 publish topic=ipi/airspan-followup-c1-rep2/latency/veh-001/request bytes=1357 forwarded=1
1786054689.414807 publish topic=ipi/airspan-followup-c1-rep2/latency/veh-001/ack bytes=239 forwarded=1
1786054689.634498 publish topic=ipi/airspan-followup-c1-rep2/latency/veh-001/request bytes=1357 forwarded=1
1786054689.635140 publish topic=ipi/airspan-followup-c1-rep2/latency/veh-001/ack bytes=239 forwarded=1
1786054689.855067 publish topic=ipi/airspan-followup-c1-rep2/latency/veh-001/request bytes=1357 forwarded=1
1786054689.855672 publish topic=ipi/airspan-followup-c1-rep2/latency/veh-001/ack bytes=239 forwarded=1
1786054690.085471 publish topic=ipi/airspan-followup-c1-rep2/latency/veh-001/request bytes=1357 forwarded=1
1786054690.085884 publish topic=ipi/airspan-followup-c1-rep2/latency/veh-001/ack bytes=239 forwarded=1
1786054690.315926 publish topic=ipi/airspan-followup-c1-rep2/latency/veh-001/request bytes=1357 forwarded=1
1786054690.316460 publish topic=ipi/airspan-followup-c1-rep2/latency/veh-001/ack bytes=239 forwarded=1
1786054690.545937 publish topic=ipi/airspan-followup-c1-rep2/latency/veh-001/request bytes=1357 forwarded=1
1786054690.546115 publish topic=ipi/airspan-followup-c1-rep2/latency/veh-001/ack bytes=239 forwarded=1
1786054690.766273 publish topic=ipi/airspan-followup-c1-rep2/latency/veh-001/request bytes=1357 forwarded=1
1786054690.766675 publish topic=ipi/airspan-followup-c1-rep2/latency/veh-001/ack bytes=239 forwarded=1
1786054690.986839 publish topic=ipi/airspan-followup-c1-rep2/latency/veh-001/request bytes=1357 forwarded=1
1786054690.987241 publish topic=ipi/airspan-followup-c1-rep2/latency/veh-001/ack bytes=239 forwarded=1
1786054691.217190 publish topic=ipi/airspan-followup-c1-rep2/latency/veh-001/request bytes=1357 forwarded=1
1786054691.217810 publish topic=ipi/airspan-followup-c1-rep2/latency/veh-001/ack bytes=239 forwarded=1
1786054691.447471 publish topic=ipi/airspan-followup-c1-rep2/latency/veh-001/request bytes=1357 forwarded=1
1786054691.447707 publish topic=ipi/airspan-followup-c1-rep2/latency/veh-001/ack bytes=239 forwarded=1
1786054691.667722 publish topic=ipi/airspan-followup-c1-rep2/latency/veh-001/request bytes=1357 forwarded=1
1786054691.668143 publish topic=ipi/airspan-followup-c1-rep2/latency/veh-001/ack bytes=239 forwarded=1
1786054691.908294 publish topic=ipi/airspan-followup-c1-rep2/latency/veh-001/request bytes=1357 forwarded=1
1786054691.908973 publish topic=ipi/airspan-followup-c1-rep2/latency/veh-001/ack bytes=239 forwarded=1
1786054692.138748 publish topic=ipi/airspan-followup-c1-rep2/latency/veh-001/request bytes=1357 forwarded=1
1786054692.139368 publish topic=ipi/airspan-followup-c1-rep2/latency/veh-001/ack bytes=239 forwarded=1
1786054692.358818 publish topic=ipi/airspan-followup-c1-rep2/latency/veh-001/request bytes=1357 forwarded=1
1786054692.359503 publish topic=ipi/airspan-followup-c1-rep2/latency/veh-001/ack bytes=239 forwarded=1
1786054692.579106 publish topic=ipi/airspan-followup-c1-rep2/latency/veh-001/request bytes=1357 forwarded=1
1786054692.579748 publish topic=ipi/airspan-followup-c1-rep2/latency/veh-001/ack bytes=239 forwarded=1
1786054692.799276 publish topic=ipi/airspan-followup-c1-rep2/latency/veh-001/request bytes=1357 forwarded=1
1786054692.799558 publish topic=ipi/airspan-followup-c1-rep2/latency/veh-001/ack bytes=239 forwarded=1
1786054693.019886 publish topic=ipi/airspan-followup-c1-rep2/latency/veh-001/request bytes=1357 forwarded=1
1786054693.020493 publish topic=ipi/airspan-followup-c1-rep2/latency/veh-001/ack bytes=239 forwarded=1
1786054693.240271 publish topic=ipi/airspan-followup-c1-rep2/latency/veh-001/request bytes=1357 forwarded=1
1786054693.240950 publish topic=ipi/airspan-followup-c1-rep2/latency/veh-001/ack bytes=239 forwarded=1
1786054693.470658 publish topic=ipi/airspan-followup-c1-rep2/latency/veh-001/request bytes=1357 forwarded=1
1786054693.471290 publish topic=ipi/airspan-followup-c1-rep2/latency/veh-001/ack bytes=239 forwarded=1
1786054693.700979 publish topic=ipi/airspan-followup-c1-rep2/latency/veh-001/request bytes=1357 forwarded=1
1786054693.701605 publish topic=ipi/airspan-followup-c1-rep2/latency/veh-001/ack bytes=239 forwarded=1
1786054693.931118 publish topic=ipi/airspan-followup-c1-rep2/latency/veh-001/request bytes=1357 forwarded=1
1786054693.931486 publish topic=ipi/airspan-followup-c1-rep2/latency/veh-001/ack bytes=239 forwarded=1
1786054694.161754 publish topic=ipi/airspan-followup-c1-rep2/latency/veh-001/request bytes=1357 forwarded=1
1786054694.162404 publish topic=ipi/airspan-followup-c1-rep2/latency/veh-001/ack bytes=239 forwarded=1
1786054694.391906 publish topic=ipi/airspan-followup-c1-rep2/latency/veh-001/request bytes=1357 forwarded=1
1786054694.392578 publish topic=ipi/airspan-followup-c1-rep2/latency/veh-001/ack bytes=239 forwarded=1
1786054694.622240 publish topic=ipi/airspan-followup-c1-rep2/latency/veh-001/request bytes=1357 forwarded=1
1786054694.622852 publish topic=ipi/airspan-followup-c1-rep2/latency/veh-001/ack bytes=239 forwarded=1
1786054694.852851 publish topic=ipi/airspan-followup-c1-rep2/latency/veh-001/request bytes=1357 forwarded=1
1786054694.853447 publish topic=ipi/airspan-followup-c1-rep2/latency/veh-001/ack bytes=239 forwarded=1
1786054695.082951 publish topic=ipi/airspan-followup-c1-rep2/latency/veh-001/request bytes=1357 forwarded=1
1786054695.083260 publish topic=ipi/airspan-followup-c1-rep2/latency/veh-001/ack bytes=239 forwarded=1
1786054695.323327 publish topic=ipi/airspan-followup-c1-rep2/latency/veh-001/request bytes=1357 forwarded=1
1786054695.323895 publish topic=ipi/airspan-followup-c1-rep2/latency/veh-001/ack bytes=239 forwarded=1
1786054695.563614 publish topic=ipi/airspan-followup-c1-rep2/latency/veh-001/request bytes=1357 forwarded=1
1786054695.563906 publish topic=ipi/airspan-followup-c1-rep2/latency/veh-001/ack bytes=239 forwarded=1
1786054695.783786 publish topic=ipi/airspan-followup-c1-rep2/latency/veh-001/request bytes=1357 forwarded=1
1786054695.783991 publish topic=ipi/airspan-followup-c1-rep2/latency/veh-001/ack bytes=239 forwarded=1
1786054696.014675 publish topic=ipi/airspan-followup-c1-rep2/latency/veh-001/request bytes=1357 forwarded=1
1786054696.015156 publish topic=ipi/airspan-followup-c1-rep2/latency/veh-001/ack bytes=239 forwarded=1
1786054696.234919 publish topic=ipi/airspan-followup-c1-rep2/latency/veh-001/request bytes=1357 forwarded=1
1786054696.235502 publish topic=ipi/airspan-followup-c1-rep2/latency/veh-001/ack bytes=239 forwarded=1
1786054696.465361 publish topic=ipi/airspan-followup-c1-rep2/latency/veh-001/request bytes=1357 forwarded=1
1786054696.465966 publish topic=ipi/airspan-followup-c1-rep2/latency/veh-001/ack bytes=239 forwarded=1
1786054696.685322 publish topic=ipi/airspan-followup-c1-rep2/latency/veh-001/request bytes=1357 forwarded=1
1786054696.685575 publish topic=ipi/airspan-followup-c1-rep2/latency/veh-001/ack bytes=239 forwarded=1
1786054696.906073 publish topic=ipi/airspan-followup-c1-rep2/latency/veh-001/request bytes=1357 forwarded=1
1786054696.906654 publish topic=ipi/airspan-followup-c1-rep2/latency/veh-001/ack bytes=239 forwarded=1
1786054697.126396 publish topic=ipi/airspan-followup-c1-rep2/latency/veh-001/request bytes=1357 forwarded=1
1786054697.126985 publish topic=ipi/airspan-followup-c1-rep2/latency/veh-001/ack bytes=239 forwarded=1
1786054697.376763 publish topic=ipi/airspan-followup-c1-rep2/latency/veh-001/request bytes=1357 forwarded=1
1786054697.377319 publish topic=ipi/airspan-followup-c1-rep2/latency/veh-001/ack bytes=239 forwarded=1
1786054697.617081 publish topic=ipi/airspan-followup-c1-rep2/latency/veh-001/request bytes=1357 forwarded=1
1786054697.617325 publish topic=ipi/airspan-followup-c1-rep2/latency/veh-001/ack bytes=239 forwarded=1
1786054697.847320 publish topic=ipi/airspan-followup-c1-rep2/latency/veh-001/request bytes=1357 forwarded=1
1786054697.847714 publish topic=ipi/airspan-followup-c1-rep2/latency/veh-001/ack bytes=239 forwarded=1
1786054698.077898 publish topic=ipi/airspan-followup-c1-rep2/latency/veh-001/request bytes=1357 forwarded=1
1786054698.078478 publish topic=ipi/airspan-followup-c1-rep2/latency/veh-001/ack bytes=239 forwarded=1
1786054698.308248 publish topic=ipi/airspan-followup-c1-rep2/latency/veh-001/request bytes=1357 forwarded=1
1786054698.308871 publish topic=ipi/airspan-followup-c1-rep2/latency/veh-001/ack bytes=239 forwarded=1
1786054698.538908 publish topic=ipi/airspan-followup-c1-rep2/latency/veh-001/request bytes=1357 forwarded=1
1786054698.539441 publish topic=ipi/airspan-followup-c1-rep2/latency/veh-001/ack bytes=239 forwarded=1
1786054698.769071 publish topic=ipi/airspan-followup-c1-rep2/latency/veh-001/request bytes=1357 forwarded=1
1786054698.769692 publish topic=ipi/airspan-followup-c1-rep2/latency/veh-001/ack bytes=239 forwarded=1
1786054698.999085 publish topic=ipi/airspan-followup-c1-rep2/latency/veh-001/request bytes=1357 forwarded=1
1786054698.999327 publish topic=ipi/airspan-followup-c1-rep2/latency/veh-001/ack bytes=239 forwarded=1
1786054699.219702 publish topic=ipi/airspan-followup-c1-rep2/latency/veh-001/request bytes=1357 forwarded=1
1786054699.220250 publish topic=ipi/airspan-followup-c1-rep2/latency/veh-001/ack bytes=239 forwarded=1
1786054699.440242 publish topic=ipi/airspan-followup-c1-rep2/latency/veh-001/request bytes=1357 forwarded=1
1786054699.440899 publish topic=ipi/airspan-followup-c1-rep2/latency/veh-001/ack bytes=239 forwarded=1
1786054699.670437 publish topic=ipi/airspan-followup-c1-rep2/latency/veh-001/request bytes=1357 forwarded=1
1786054699.671029 publish topic=ipi/airspan-followup-c1-rep2/latency/veh-001/ack bytes=239 forwarded=1
1786054699.890648 publish topic=ipi/airspan-followup-c1-rep2/latency/veh-001/request bytes=1357 forwarded=1
1786054699.891207 publish topic=ipi/airspan-followup-c1-rep2/latency/veh-001/ack bytes=239 forwarded=1
1786054700.120820 publish topic=ipi/airspan-followup-c1-rep2/latency/veh-001/request bytes=1357 forwarded=1
1786054700.121118 publish topic=ipi/airspan-followup-c1-rep2/latency/veh-001/ack bytes=239 forwarded=1
1786054700.341450 publish topic=ipi/airspan-followup-c1-rep2/latency/veh-001/request bytes=1357 forwarded=1
1786054700.342067 publish topic=ipi/airspan-followup-c1-rep2/latency/veh-001/ack bytes=239 forwarded=1
1786054700.571885 publish topic=ipi/airspan-followup-c1-rep2/latency/veh-001/request bytes=1357 forwarded=1
1786054700.572508 publish topic=ipi/airspan-followup-c1-rep2/latency/veh-001/ack bytes=239 forwarded=1
1786054700.802085 publish topic=ipi/airspan-followup-c1-rep2/latency/veh-001/request bytes=1357 forwarded=1
1786054700.802702 publish topic=ipi/airspan-followup-c1-rep2/latency/veh-001/ack bytes=239 forwarded=1
1786054701.032581 publish topic=ipi/airspan-followup-c1-rep2/latency/veh-001/request bytes=1357 forwarded=1
1786054701.033142 publish topic=ipi/airspan-followup-c1-rep2/latency/veh-001/ack bytes=239 forwarded=1
1786054701.252943 publish topic=ipi/airspan-followup-c1-rep2/latency/veh-001/request bytes=1357 forwarded=1
1786054701.253228 publish topic=ipi/airspan-followup-c1-rep2/latency/veh-001/ack bytes=239 forwarded=1
1786054701.493534 publish topic=ipi/airspan-followup-c1-rep2/latency/veh-001/request bytes=1357 forwarded=1
1786054701.494214 publish topic=ipi/airspan-followup-c1-rep2/latency/veh-001/ack bytes=239 forwarded=1
1786054701.723674 publish topic=ipi/airspan-followup-c1-rep2/latency/veh-001/request bytes=1357 forwarded=1
1786054701.723964 publish topic=ipi/airspan-followup-c1-rep2/latency/veh-001/ack bytes=239 forwarded=1
1786054701.963918 publish topic=ipi/airspan-followup-c1-rep2/latency/veh-001/request bytes=1357 forwarded=1
1786054701.964514 publish topic=ipi/airspan-followup-c1-rep2/latency/veh-001/ack bytes=239 forwarded=1
1786054702.194444 publish topic=ipi/airspan-followup-c1-rep2/latency/veh-001/request bytes=1357 forwarded=1
1786054702.195032 publish topic=ipi/airspan-followup-c1-rep2/latency/veh-001/ack bytes=239 forwarded=1
1786054702.424619 publish topic=ipi/airspan-followup-c1-rep2/latency/veh-001/request bytes=1357 forwarded=1
1786054702.425093 publish topic=ipi/airspan-followup-c1-rep2/latency/veh-001/ack bytes=239 forwarded=1
1786054702.655170 publish topic=ipi/airspan-followup-c1-rep2/latency/veh-001/request bytes=1357 forwarded=1
1786054702.655813 publish topic=ipi/airspan-followup-c1-rep2/latency/veh-001/ack bytes=239 forwarded=1
1786054702.875609 publish topic=ipi/airspan-followup-c1-rep2/latency/veh-001/request bytes=1357 forwarded=1
1786054702.875993 publish topic=ipi/airspan-followup-c1-rep2/latency/veh-001/ack bytes=239 forwarded=1
1786054703.115831 publish topic=ipi/airspan-followup-c1-rep2/latency/veh-001/request bytes=1357 forwarded=1
1786054703.116419 publish topic=ipi/airspan-followup-c1-rep2/latency/veh-001/ack bytes=239 forwarded=1
1786054703.346414 publish topic=ipi/airspan-followup-c1-rep2/latency/veh-001/request bytes=1357 forwarded=1
1786054703.347053 publish topic=ipi/airspan-followup-c1-rep2/latency/veh-001/ack bytes=239 forwarded=1
1786054703.566751 publish topic=ipi/airspan-followup-c1-rep2/latency/veh-001/request bytes=1357 forwarded=1
1786054703.567382 publish topic=ipi/airspan-followup-c1-rep2/latency/veh-001/ack bytes=239 forwarded=1
1786054703.806999 publish topic=ipi/airspan-followup-c1-rep2/latency/veh-001/request bytes=1357 forwarded=1
1786054703.807599 publish topic=ipi/airspan-followup-c1-rep2/latency/veh-001/ack bytes=239 forwarded=1
1786054704.037445 publish topic=ipi/airspan-followup-c1-rep2/latency/veh-001/request bytes=1357 forwarded=1
1786054704.038077 publish topic=ipi/airspan-followup-c1-rep2/latency/veh-001/ack bytes=239 forwarded=1
1786054704.268001 publish topic=ipi/airspan-followup-c1-rep2/latency/veh-001/request bytes=1357 forwarded=1
1786054704.268684 publish topic=ipi/airspan-followup-c1-rep2/latency/veh-001/ack bytes=239 forwarded=1
1786054704.507967 publish topic=ipi/airspan-followup-c1-rep2/latency/veh-001/request bytes=1357 forwarded=1
1786054704.508232 publish topic=ipi/airspan-followup-c1-rep2/latency/veh-001/ack bytes=239 forwarded=1
1786054704.728874 publish topic=ipi/airspan-followup-c1-rep2/latency/veh-001/request bytes=1357 forwarded=1
1786054704.729465 publish topic=ipi/airspan-followup-c1-rep2/latency/veh-001/ack bytes=239 forwarded=1
1786054704.959071 publish topic=ipi/airspan-followup-c1-rep2/latency/veh-001/request bytes=1357 forwarded=1
1786054704.959623 publish topic=ipi/airspan-followup-c1-rep2/latency/veh-001/ack bytes=239 forwarded=1
1786054705.189151 publish topic=ipi/airspan-followup-c1-rep2/latency/veh-001/request bytes=1357 forwarded=1
1786054705.189417 publish topic=ipi/airspan-followup-c1-rep2/latency/veh-001/ack bytes=239 forwarded=1
1786054705.409590 publish topic=ipi/airspan-followup-c1-rep2/latency/veh-001/request bytes=1357 forwarded=1
1786054705.410225 publish topic=ipi/airspan-followup-c1-rep2/latency/veh-001/ack bytes=239 forwarded=1
1786054705.630011 publish topic=ipi/airspan-followup-c1-rep2/latency/veh-001/request bytes=1357 forwarded=1
1786054705.630291 publish topic=ipi/airspan-followup-c1-rep2/latency/veh-001/ack bytes=239 forwarded=1
1786054705.850183 publish topic=ipi/airspan-followup-c1-rep2/latency/veh-001/request bytes=1357 forwarded=1
1786054705.850484 publish topic=ipi/airspan-followup-c1-rep2/latency/veh-001/ack bytes=239 forwarded=1
1786054706.090815 publish topic=ipi/airspan-followup-c1-rep2/latency/veh-001/request bytes=1357 forwarded=1
1786054706.091447 publish topic=ipi/airspan-followup-c1-rep2/latency/veh-001/ack bytes=239 forwarded=1
1786054706.321128 publish topic=ipi/airspan-followup-c1-rep2/latency/veh-001/request bytes=1357 forwarded=1
1786054706.321759 publish topic=ipi/airspan-followup-c1-rep2/latency/veh-001/ack bytes=239 forwarded=1
1786054706.551165 publish topic=ipi/airspan-followup-c1-rep2/latency/veh-001/request bytes=1357 forwarded=1
1786054706.551397 publish topic=ipi/airspan-followup-c1-rep2/latency/veh-001/ack bytes=239 forwarded=1
1786054706.781965 publish topic=ipi/airspan-followup-c1-rep2/latency/veh-001/request bytes=1357 forwarded=1
1786054706.782490 publish topic=ipi/airspan-followup-c1-rep2/latency/veh-001/ack bytes=239 forwarded=1
1786054707.002186 publish topic=ipi/airspan-followup-c1-rep2/latency/veh-001/request bytes=1357 forwarded=1
1786054707.002845 publish topic=ipi/airspan-followup-c1-rep2/latency/veh-001/ack bytes=239 forwarded=1
1786054707.242424 publish topic=ipi/airspan-followup-c1-rep2/latency/veh-001/request bytes=1357 forwarded=1
1786054707.243047 publish topic=ipi/airspan-followup-c1-rep2/latency/veh-001/ack bytes=239 forwarded=1
1786054707.472884 publish topic=ipi/airspan-followup-c1-rep2/latency/veh-001/request bytes=1357 forwarded=1
1786054707.473541 publish topic=ipi/airspan-followup-c1-rep2/latency/veh-001/ack bytes=239 forwarded=1
1786054707.703333 publish topic=ipi/airspan-followup-c1-rep2/latency/veh-001/request bytes=1357 forwarded=1
1786054707.703958 publish topic=ipi/airspan-followup-c1-rep2/latency/veh-001/ack bytes=239 forwarded=1
1786054707.933315 publish topic=ipi/airspan-followup-c1-rep2/latency/veh-001/request bytes=1357 forwarded=1
1786054707.933663 publish topic=ipi/airspan-followup-c1-rep2/latency/veh-001/ack bytes=239 forwarded=1
1786054708.154000 publish topic=ipi/airspan-followup-c1-rep2/latency/veh-001/request bytes=1357 forwarded=1
1786054708.154599 publish topic=ipi/airspan-followup-c1-rep2/latency/veh-001/ack bytes=239 forwarded=1
1786054708.374323 publish topic=ipi/airspan-followup-c1-rep2/latency/veh-001/request bytes=1357 forwarded=1
1786054708.374955 publish topic=ipi/airspan-followup-c1-rep2/latency/veh-001/ack bytes=239 forwarded=1
1786054708.604522 publish topic=ipi/airspan-followup-c1-rep2/latency/veh-001/request bytes=1357 forwarded=1
1786054708.604818 publish topic=ipi/airspan-followup-c1-rep2/latency/veh-001/ack bytes=239 forwarded=1
1786054708.845095 publish topic=ipi/airspan-followup-c1-rep2/latency/veh-001/request bytes=1357 forwarded=1
1786054708.845734 publish topic=ipi/airspan-followup-c1-rep2/latency/veh-001/ack bytes=239 forwarded=1
1786054709.075212 publish topic=ipi/airspan-followup-c1-rep2/latency/veh-001/request bytes=1357 forwarded=1
1786054709.075832 publish topic=ipi/airspan-followup-c1-rep2/latency/veh-001/ack bytes=239 forwarded=1
1786054709.305553 publish topic=ipi/airspan-followup-c1-rep2/latency/veh-001/request bytes=1357 forwarded=1
1786054709.305793 publish topic=ipi/airspan-followup-c1-rep2/latency/veh-001/ack bytes=239 forwarded=1
1786054709.536041 publish topic=ipi/airspan-followup-c1-rep2/latency/veh-001/request bytes=1357 forwarded=1
1786054709.536719 publish topic=ipi/airspan-followup-c1-rep2/latency/veh-001/ack bytes=239 forwarded=1
1786054709.756561 publish topic=ipi/airspan-followup-c1-rep2/latency/veh-001/request bytes=1357 forwarded=1
1786054709.757224 publish topic=ipi/airspan-followup-c1-rep2/latency/veh-001/ack bytes=239 forwarded=1
1786054709.986701 publish topic=ipi/airspan-followup-c1-rep2/latency/veh-001/request bytes=1357 forwarded=1
1786054709.986961 publish topic=ipi/airspan-followup-c1-rep2/latency/veh-001/ack bytes=239 forwarded=1
1786054710.217125 publish topic=ipi/airspan-followup-c1-rep2/latency/veh-001/request bytes=1357 forwarded=1
1786054710.217750 publish topic=ipi/airspan-followup-c1-rep2/latency/veh-001/ack bytes=239 forwarded=1
1786054710.437684 publish topic=ipi/airspan-followup-c1-rep2/latency/veh-001/request bytes=1357 forwarded=1
1786054710.438319 publish topic=ipi/airspan-followup-c1-rep2/latency/veh-001/ack bytes=239 forwarded=1
1786054710.667775 publish topic=ipi/airspan-followup-c1-rep2/latency/veh-001/request bytes=1357 forwarded=1
1786054710.668049 publish topic=ipi/airspan-followup-c1-rep2/latency/veh-001/ack bytes=239 forwarded=1
1786054710.898423 publish topic=ipi/airspan-followup-c1-rep2/latency/veh-001/request bytes=1357 forwarded=1
1786054710.899060 publish topic=ipi/airspan-followup-c1-rep2/latency/veh-001/ack bytes=239 forwarded=1
1786054711.129093 publish topic=ipi/airspan-followup-c1-rep2/latency/veh-001/request bytes=1357 forwarded=1
1786054711.129725 publish topic=ipi/airspan-followup-c1-rep2/latency/veh-001/ack bytes=239 forwarded=1
1786054711.359132 publish topic=ipi/airspan-followup-c1-rep2/latency/veh-001/request bytes=1357 forwarded=1
1786054711.359768 publish topic=ipi/airspan-followup-c1-rep2/latency/veh-001/ack bytes=239 forwarded=1
1786054711.589577 publish topic=ipi/airspan-followup-c1-rep2/latency/veh-001/request bytes=1357 forwarded=1
1786054711.590244 publish topic=ipi/airspan-followup-c1-rep2/latency/veh-001/ack bytes=239 forwarded=1
1786054711.819527 publish topic=ipi/airspan-followup-c1-rep2/latency/veh-001/request bytes=1357 forwarded=1
1786054711.819724 publish topic=ipi/airspan-followup-c1-rep2/latency/veh-001/ack bytes=239 forwarded=1
1786054712.050435 publish topic=ipi/airspan-followup-c1-rep2/latency/veh-001/request bytes=1357 forwarded=1
1786054712.051192 publish topic=ipi/airspan-followup-c1-rep2/latency/veh-001/ack bytes=239 forwarded=1
1786054712.270738 publish topic=ipi/airspan-followup-c1-rep2/latency/veh-001/request bytes=1357 forwarded=1
1786054712.271419 publish topic=ipi/airspan-followup-c1-rep2/latency/veh-001/ack bytes=239 forwarded=1
1786054712.510904 publish topic=ipi/airspan-followup-c1-rep2/latency/veh-001/request bytes=1357 forwarded=1
1786054712.511493 publish topic=ipi/airspan-followup-c1-rep2/latency/veh-001/ack bytes=239 forwarded=1
1786054712.741230 publish topic=ipi/airspan-followup-c1-rep2/latency/veh-001/request bytes=1357 forwarded=1
1786054712.741449 publish topic=ipi/airspan-followup-c1-rep2/latency/veh-001/ack bytes=239 forwarded=1
1786054712.971462 publish topic=ipi/airspan-followup-c1-rep2/latency/veh-001/request bytes=1357 forwarded=1
1786054712.971798 publish topic=ipi/airspan-followup-c1-rep2/latency/veh-001/ack bytes=239 forwarded=1
1786054713.212368 publish topic=ipi/airspan-followup-c1-rep2/latency/veh-001/request bytes=1357 forwarded=1
1786054713.213031 publish topic=ipi/airspan-followup-c1-rep2/latency/veh-001/ack bytes=239 forwarded=1
1786054713.482566 publish topic=ipi/airspan-followup-c1-rep2/latency/veh-001/request bytes=1357 forwarded=1
1786054713.482977 publish topic=ipi/airspan-followup-c1-rep2/latency/veh-001/ack bytes=239 forwarded=1
1786054713.713072 publish topic=ipi/airspan-followup-c1-rep2/latency/veh-001/request bytes=1357 forwarded=1
1786054713.713612 publish topic=ipi/airspan-followup-c1-rep2/latency/veh-001/ack bytes=239 forwarded=1
1786054713.933451 publish topic=ipi/airspan-followup-c1-rep2/latency/veh-001/request bytes=1357 forwarded=1
1786054713.934114 publish topic=ipi/airspan-followup-c1-rep2/latency/veh-001/ack bytes=239 forwarded=1
1786054714.174009 publish topic=ipi/airspan-followup-c1-rep2/latency/veh-001/request bytes=1357 forwarded=1
1786054714.174649 publish topic=ipi/airspan-followup-c1-rep2/latency/veh-001/ack bytes=239 forwarded=1
1786054714.394168 publish topic=ipi/airspan-followup-c1-rep2/latency/veh-001/request bytes=1357 forwarded=1
1786054714.394804 publish topic=ipi/airspan-followup-c1-rep2/latency/veh-001/ack bytes=239 forwarded=1
1786054714.624293 publish topic=ipi/airspan-followup-c1-rep2/latency/veh-001/request bytes=1357 forwarded=1
1786054714.624609 publish topic=ipi/airspan-followup-c1-rep2/latency/veh-001/ack bytes=239 forwarded=1
1786054714.855004 publish topic=ipi/airspan-followup-c1-rep2/latency/veh-001/request bytes=1357 forwarded=1
1786054714.855675 publish topic=ipi/airspan-followup-c1-rep2/latency/veh-001/ack bytes=239 forwarded=1
1786054715.095322 publish topic=ipi/airspan-followup-c1-rep2/latency/veh-001/request bytes=1357 forwarded=1
1786054715.095995 publish topic=ipi/airspan-followup-c1-rep2/latency/veh-001/ack bytes=239 forwarded=1
1786054715.325260 publish topic=ipi/airspan-followup-c1-rep2/latency/veh-001/request bytes=1357 forwarded=1
1786054715.325522 publish topic=ipi/airspan-followup-c1-rep2/latency/veh-001/ack bytes=239 forwarded=1
1786054715.556025 publish topic=ipi/airspan-followup-c1-rep2/latency/veh-001/request bytes=1357 forwarded=1
1786054715.556709 publish topic=ipi/airspan-followup-c1-rep2/latency/veh-001/ack bytes=239 forwarded=1
1786054715.786283 publish topic=ipi/airspan-followup-c1-rep2/latency/veh-001/request bytes=1357 forwarded=1
1786054715.786667 publish topic=ipi/airspan-followup-c1-rep2/latency/veh-001/ack bytes=239 forwarded=1
1786054716.016423 publish topic=ipi/airspan-followup-c1-rep2/latency/veh-001/request bytes=1357 forwarded=1
1786054716.017093 publish topic=ipi/airspan-followup-c1-rep2/latency/veh-001/ack bytes=239 forwarded=1
1786054716.247131 publish topic=ipi/airspan-followup-c1-rep2/latency/veh-001/request bytes=1357 forwarded=1
1786054716.247777 publish topic=ipi/airspan-followup-c1-rep2/latency/veh-001/ack bytes=239 forwarded=1
1786054716.477319 publish topic=ipi/airspan-followup-c1-rep2/latency/veh-001/request bytes=1357 forwarded=1
1786054716.477913 publish topic=ipi/airspan-followup-c1-rep2/latency/veh-001/ack bytes=239 forwarded=1
1786054716.697989 publish topic=ipi/airspan-followup-c1-rep2/latency/veh-001/request bytes=1357 forwarded=1
1786054716.698636 publish topic=ipi/airspan-followup-c1-rep2/latency/veh-001/ack bytes=239 forwarded=1
1786054716.938040 publish topic=ipi/airspan-followup-c1-rep2/latency/veh-001/request bytes=1357 forwarded=1
1786054716.938734 publish topic=ipi/airspan-followup-c1-rep2/latency/veh-001/ack bytes=239 forwarded=1
1786054717.178264 publish topic=ipi/airspan-followup-c1-rep2/latency/veh-001/request bytes=1357 forwarded=1
1786054717.178531 publish topic=ipi/airspan-followup-c1-rep2/latency/veh-001/ack bytes=239 forwarded=1
1786054717.408484 publish topic=ipi/airspan-followup-c1-rep2/latency/veh-001/request bytes=1357 forwarded=1
1786054717.408832 publish topic=ipi/airspan-followup-c1-rep2/latency/veh-001/ack bytes=239 forwarded=1
1786054717.639236 publish topic=ipi/airspan-followup-c1-rep2/latency/veh-001/request bytes=1357 forwarded=1
1786054717.639870 publish topic=ipi/airspan-followup-c1-rep2/latency/veh-001/ack bytes=239 forwarded=1
1786054717.869491 publish topic=ipi/airspan-followup-c1-rep2/latency/veh-001/request bytes=1357 forwarded=1
1786054717.869757 publish topic=ipi/airspan-followup-c1-rep2/latency/veh-001/ack bytes=239 forwarded=1
1786054718.089785 publish topic=ipi/airspan-followup-c1-rep2/latency/veh-001/request bytes=1357 forwarded=1
1786054718.090409 publish topic=ipi/airspan-followup-c1-rep2/latency/veh-001/ack bytes=239 forwarded=1
1786054718.310070 publish topic=ipi/airspan-followup-c1-rep2/latency/veh-001/request bytes=1357 forwarded=1
1786054718.310689 publish topic=ipi/airspan-followup-c1-rep2/latency/veh-001/ack bytes=239 forwarded=1
1786054718.530530 publish topic=ipi/airspan-followup-c1-rep2/latency/veh-001/request bytes=1357 forwarded=1
1786054718.531106 publish topic=ipi/airspan-followup-c1-rep2/latency/veh-001/ack bytes=239 forwarded=1
1786054718.760922 publish topic=ipi/airspan-followup-c1-rep2/latency/veh-001/request bytes=1357 forwarded=1
1786054718.761534 publish topic=ipi/airspan-followup-c1-rep2/latency/veh-001/ack bytes=239 forwarded=1
1786054718.991534 publish topic=ipi/airspan-followup-c1-rep2/latency/veh-001/request bytes=1357 forwarded=1
1786054718.991900 publish topic=ipi/airspan-followup-c1-rep2/latency/veh-001/ack bytes=239 forwarded=1
1786054719.221853 publish topic=ipi/airspan-followup-c1-rep2/latency/veh-001/request bytes=1357 forwarded=1
1786054719.222501 publish topic=ipi/airspan-followup-c1-rep2/latency/veh-001/ack bytes=239 forwarded=1
1786054719.442178 publish topic=ipi/airspan-followup-c1-rep2/latency/veh-001/request bytes=1357 forwarded=1
1786054719.442788 publish topic=ipi/airspan-followup-c1-rep2/latency/veh-001/ack bytes=239 forwarded=1
1786054719.672410 publish topic=ipi/airspan-followup-c1-rep2/latency/veh-001/request bytes=1357 forwarded=1
1786054719.673005 publish topic=ipi/airspan-followup-c1-rep2/latency/veh-001/ack bytes=239 forwarded=1
1786054719.902869 publish topic=ipi/airspan-followup-c1-rep2/latency/veh-001/request bytes=1357 forwarded=1
1786054719.903475 publish topic=ipi/airspan-followup-c1-rep2/latency/veh-001/ack bytes=239 forwarded=1
1786054720.133177 publish topic=ipi/airspan-followup-c1-rep2/latency/veh-001/request bytes=1357 forwarded=1
1786054720.133764 publish topic=ipi/airspan-followup-c1-rep2/latency/veh-001/ack bytes=239 forwarded=1
1786054720.363595 publish topic=ipi/airspan-followup-c1-rep2/latency/veh-001/request bytes=1357 forwarded=1
1786054720.364288 publish topic=ipi/airspan-followup-c1-rep2/latency/veh-001/ack bytes=239 forwarded=1
1786054720.584016 publish topic=ipi/airspan-followup-c1-rep2/latency/veh-001/request bytes=1357 forwarded=1
1786054720.584669 publish topic=ipi/airspan-followup-c1-rep2/latency/veh-001/ack bytes=239 forwarded=1
1786054720.814076 publish topic=ipi/airspan-followup-c1-rep2/latency/veh-001/request bytes=1357 forwarded=1
1786054720.814360 publish topic=ipi/airspan-followup-c1-rep2/latency/veh-001/ack bytes=239 forwarded=1
1786054721.034618 publish topic=ipi/airspan-followup-c1-rep2/latency/veh-001/request bytes=1357 forwarded=1
1786054721.035301 publish topic=ipi/airspan-followup-c1-rep2/latency/veh-001/ack bytes=239 forwarded=1
1786054721.264874 publish topic=ipi/airspan-followup-c1-rep2/latency/veh-001/request bytes=1357 forwarded=1
1786054721.265225 publish topic=ipi/airspan-followup-c1-rep2/latency/veh-001/ack bytes=239 forwarded=1
1786054721.485354 publish topic=ipi/airspan-followup-c1-rep2/latency/veh-001/request bytes=1357 forwarded=1
1786054721.486036 publish topic=ipi/airspan-followup-c1-rep2/latency/veh-001/ack bytes=239 forwarded=1
1786054721.715766 publish topic=ipi/airspan-followup-c1-rep2/latency/veh-001/request bytes=1357 forwarded=1
1786054721.716384 publish topic=ipi/airspan-followup-c1-rep2/latency/veh-001/ack bytes=239 forwarded=1
1786054721.955964 publish topic=ipi/airspan-followup-c1-rep2/latency/veh-001/request bytes=1357 forwarded=1
1786054721.956571 publish topic=ipi/airspan-followup-c1-rep2/latency/veh-001/ack bytes=239 forwarded=1
1786054722.186322 publish topic=ipi/airspan-followup-c1-rep2/latency/veh-001/request bytes=1357 forwarded=1
1786054722.186576 publish topic=ipi/airspan-followup-c1-rep2/latency/veh-001/ack bytes=239 forwarded=1
1786054722.416906 publish topic=ipi/airspan-followup-c1-rep2/latency/veh-001/request bytes=1357 forwarded=1
1786054722.417527 publish topic=ipi/airspan-followup-c1-rep2/latency/veh-001/ack bytes=239 forwarded=1
1786054722.647235 publish topic=ipi/airspan-followup-c1-rep2/latency/veh-001/request bytes=1357 forwarded=1
1786054722.647882 publish topic=ipi/airspan-followup-c1-rep2/latency/veh-001/ack bytes=239 forwarded=1
1786054722.877408 publish topic=ipi/airspan-followup-c1-rep2/latency/veh-001/request bytes=1357 forwarded=1
1786054722.877989 publish topic=ipi/airspan-followup-c1-rep2/latency/veh-001/ack bytes=239 forwarded=1
1786054723.107964 publish topic=ipi/airspan-followup-c1-rep2/latency/veh-001/request bytes=1357 forwarded=1
1786054723.108579 publish topic=ipi/airspan-followup-c1-rep2/latency/veh-001/ack bytes=239 forwarded=1
1786054723.338331 publish topic=ipi/airspan-followup-c1-rep2/latency/veh-001/request bytes=1357 forwarded=1
1786054723.338934 publish topic=ipi/airspan-followup-c1-rep2/latency/veh-001/ack bytes=239 forwarded=1
1786054723.568836 publish topic=ipi/airspan-followup-c1-rep2/latency/veh-001/request bytes=1357 forwarded=1
1786054723.569443 publish topic=ipi/airspan-followup-c1-rep2/latency/veh-001/ack bytes=239 forwarded=1
1786054723.809103 publish topic=ipi/airspan-followup-c1-rep2/latency/veh-001/request bytes=1357 forwarded=1
1786054723.809728 publish topic=ipi/airspan-followup-c1-rep2/latency/veh-001/ack bytes=239 forwarded=1
1786054724.039494 publish topic=ipi/airspan-followup-c1-rep2/latency/veh-001/request bytes=1357 forwarded=1
1786054724.040102 publish topic=ipi/airspan-followup-c1-rep2/latency/veh-001/ack bytes=239 forwarded=1
1786054724.269712 publish topic=ipi/airspan-followup-c1-rep2/latency/veh-001/request bytes=1357 forwarded=1
1786054724.270076 publish topic=ipi/airspan-followup-c1-rep2/latency/veh-001/ack bytes=239 forwarded=1
1786054724.490035 publish topic=ipi/airspan-followup-c1-rep2/latency/veh-001/request bytes=1357 forwarded=1
1786054724.490687 publish topic=ipi/airspan-followup-c1-rep2/latency/veh-001/ack bytes=239 forwarded=1
1786054724.710396 publish topic=ipi/airspan-followup-c1-rep2/latency/veh-001/request bytes=1357 forwarded=1
1786054724.711001 publish topic=ipi/airspan-followup-c1-rep2/latency/veh-001/ack bytes=239 forwarded=1
1786054724.930788 publish topic=ipi/airspan-followup-c1-rep2/latency/veh-001/request bytes=1357 forwarded=1
1786054724.931422 publish topic=ipi/airspan-followup-c1-rep2/latency/veh-001/ack bytes=239 forwarded=1
1786054725.171128 publish topic=ipi/airspan-followup-c1-rep2/latency/veh-001/request bytes=1357 forwarded=1
1786054725.171764 publish topic=ipi/airspan-followup-c1-rep2/latency/veh-001/ack bytes=239 forwarded=1
1786054725.401422 publish topic=ipi/airspan-followup-c1-rep2/latency/veh-001/request bytes=1357 forwarded=1
1786054725.401752 publish topic=ipi/airspan-followup-c1-rep2/latency/veh-001/ack bytes=239 forwarded=1
1786054725.631956 publish topic=ipi/airspan-followup-c1-rep2/latency/veh-001/request bytes=1357 forwarded=1
1786054725.632586 publish topic=ipi/airspan-followup-c1-rep2/latency/veh-001/ack bytes=239 forwarded=1
1786054725.852256 publish topic=ipi/airspan-followup-c1-rep2/latency/veh-001/request bytes=1357 forwarded=1
1786054725.852923 publish topic=ipi/airspan-followup-c1-rep2/latency/veh-001/ack bytes=239 forwarded=1
1786054726.092766 publish topic=ipi/airspan-followup-c1-rep2/latency/veh-001/request bytes=1357 forwarded=1
1786054726.093409 publish topic=ipi/airspan-followup-c1-rep2/latency/veh-001/ack bytes=239 forwarded=1
1786054726.322972 publish topic=ipi/airspan-followup-c1-rep2/latency/veh-001/request bytes=1357 forwarded=1
1786054726.323600 publish topic=ipi/airspan-followup-c1-rep2/latency/veh-001/ack bytes=239 forwarded=1
1786054726.553297 publish topic=ipi/airspan-followup-c1-rep2/latency/veh-001/request bytes=1357 forwarded=1
1786054726.553829 publish topic=ipi/airspan-followup-c1-rep2/latency/veh-001/ack bytes=239 forwarded=1
1786054726.793851 publish topic=ipi/airspan-followup-c1-rep2/latency/veh-001/request bytes=1357 forwarded=1
1786054726.794507 publish topic=ipi/airspan-followup-c1-rep2/latency/veh-001/ack bytes=239 forwarded=1
1786054727.014039 publish topic=ipi/airspan-followup-c1-rep2/latency/veh-001/request bytes=1357 forwarded=1
1786054727.014656 publish topic=ipi/airspan-followup-c1-rep2/latency/veh-001/ack bytes=239 forwarded=1
1786054727.234457 publish topic=ipi/airspan-followup-c1-rep2/latency/veh-001/request bytes=1357 forwarded=1
1786054727.235131 publish topic=ipi/airspan-followup-c1-rep2/latency/veh-001/ack bytes=239 forwarded=1
1786054727.464999 publish topic=ipi/airspan-followup-c1-rep2/latency/veh-001/request bytes=1357 forwarded=1
1786054727.465631 publish topic=ipi/airspan-followup-c1-rep2/latency/veh-001/ack bytes=239 forwarded=1
1786054727.695755 publish topic=ipi/airspan-followup-c1-rep2/latency/veh-001/request bytes=1357 forwarded=1
1786054727.696043 publish topic=ipi/airspan-followup-c1-rep2/latency/veh-001/ack bytes=239 forwarded=1
1786054727.925454 publish topic=ipi/airspan-followup-c1-rep2/latency/veh-001/request bytes=1357 forwarded=1
1786054727.926185 publish topic=ipi/airspan-followup-c1-rep2/latency/veh-001/ack bytes=239 forwarded=1
1786054728.145736 publish topic=ipi/airspan-followup-c1-rep2/latency/veh-001/request bytes=1357 forwarded=1
1786054728.146447 publish topic=ipi/airspan-followup-c1-rep2/latency/veh-001/ack bytes=239 forwarded=1
1786054728.376419 publish topic=ipi/airspan-followup-c1-rep2/latency/veh-001/request bytes=1357 forwarded=1
1786054728.376802 publish topic=ipi/airspan-followup-c1-rep2/latency/veh-001/ack bytes=239 forwarded=1
1786054728.606905 publish topic=ipi/airspan-followup-c1-rep2/latency/veh-001/request bytes=1357 forwarded=1
1786054728.607689 publish topic=ipi/airspan-followup-c1-rep2/latency/veh-001/ack bytes=239 forwarded=1
1786054728.847260 publish topic=ipi/airspan-followup-c1-rep2/latency/veh-001/request bytes=1357 forwarded=1
1786054728.847902 publish topic=ipi/airspan-followup-c1-rep2/latency/veh-001/ack bytes=239 forwarded=1
1786054729.077409 publish topic=ipi/airspan-followup-c1-rep2/latency/veh-001/request bytes=1357 forwarded=1
1786054729.078010 publish topic=ipi/airspan-followup-c1-rep2/latency/veh-001/ack bytes=239 forwarded=1
1786054729.307749 publish topic=ipi/airspan-followup-c1-rep2/latency/veh-001/request bytes=1357 forwarded=1
1786054729.308317 publish topic=ipi/airspan-followup-c1-rep2/latency/veh-001/ack bytes=239 forwarded=1
1786054729.537987 publish topic=ipi/airspan-followup-c1-rep2/latency/veh-001/request bytes=1357 forwarded=1
1786054729.538209 publish topic=ipi/airspan-followup-c1-rep2/latency/veh-001/ack bytes=239 forwarded=1
1786054729.758614 publish topic=ipi/airspan-followup-c1-rep2/latency/veh-001/request bytes=1357 forwarded=1
1786054729.759216 publish topic=ipi/airspan-followup-c1-rep2/latency/veh-001/ack bytes=239 forwarded=1
1786054729.999173 publish topic=ipi/airspan-followup-c1-rep2/latency/veh-001/request bytes=1357 forwarded=1
1786054729.999777 publish topic=ipi/airspan-followup-c1-rep2/latency/veh-001/ack bytes=239 forwarded=1
1786054730.219193 publish topic=ipi/airspan-followup-c1-rep2/latency/veh-001/request bytes=1357 forwarded=1
1786054730.219789 publish topic=ipi/airspan-followup-c1-rep2/latency/veh-001/ack bytes=239 forwarded=1
1786054730.449451 publish topic=ipi/airspan-followup-c1-rep2/latency/veh-001/request bytes=1357 forwarded=1
1786054730.449687 publish topic=ipi/airspan-followup-c1-rep2/latency/veh-001/ack bytes=239 forwarded=1
1786054730.670258 publish topic=ipi/airspan-followup-c1-rep2/latency/veh-001/request bytes=1357 forwarded=1
1786054730.670866 publish topic=ipi/airspan-followup-c1-rep2/latency/veh-001/ack bytes=239 forwarded=1
1786054730.900094 publish topic=ipi/airspan-followup-c1-rep2/latency/veh-001/request bytes=1357 forwarded=1
1786054730.900287 publish topic=ipi/airspan-followup-c1-rep2/latency/veh-001/ack bytes=239 forwarded=1
1786054731.130858 publish topic=ipi/airspan-followup-c1-rep2/latency/veh-001/request bytes=1357 forwarded=1
1786054731.131457 publish topic=ipi/airspan-followup-c1-rep2/latency/veh-001/ack bytes=239 forwarded=1
1786054731.361064 publish topic=ipi/airspan-followup-c1-rep2/latency/veh-001/request bytes=1357 forwarded=1
1786054731.361658 publish topic=ipi/airspan-followup-c1-rep2/latency/veh-001/ack bytes=239 forwarded=1
1786054731.581106 publish topic=ipi/airspan-followup-c1-rep2/latency/veh-001/request bytes=1357 forwarded=1
1786054731.581404 publish topic=ipi/airspan-followup-c1-rep2/latency/veh-001/ack bytes=239 forwarded=1
1786054731.801552 publish topic=ipi/airspan-followup-c1-rep2/latency/veh-001/request bytes=1357 forwarded=1
1786054731.802222 publish topic=ipi/airspan-followup-c1-rep2/latency/veh-001/ack bytes=239 forwarded=1
1786054732.042034 publish topic=ipi/airspan-followup-c1-rep2/latency/veh-001/request bytes=1357 forwarded=1
1786054732.042660 publish topic=ipi/airspan-followup-c1-rep2/latency/veh-001/ack bytes=239 forwarded=1
1786054732.272305 publish topic=ipi/airspan-followup-c1-rep2/latency/veh-001/request bytes=1357 forwarded=1
1786054732.272925 publish topic=ipi/airspan-followup-c1-rep2/latency/veh-001/ack bytes=239 forwarded=1
1786054732.493080 publish topic=ipi/airspan-followup-c1-rep2/latency/veh-001/request bytes=1357 forwarded=1
1786054732.493690 publish topic=ipi/airspan-followup-c1-rep2/latency/veh-001/ack bytes=239 forwarded=1
1786054732.723216 publish topic=ipi/airspan-followup-c1-rep2/latency/veh-001/request bytes=1357 forwarded=1
1786054732.723525 publish topic=ipi/airspan-followup-c1-rep2/latency/veh-001/ack bytes=239 forwarded=1
1786054732.953396 publish topic=ipi/airspan-followup-c1-rep2/latency/veh-001/request bytes=1357 forwarded=1
1786054732.954071 publish topic=ipi/airspan-followup-c1-rep2/latency/veh-001/ack bytes=239 forwarded=1
1786054733.184101 publish topic=ipi/airspan-followup-c1-rep2/latency/veh-001/request bytes=1357 forwarded=1
1786054733.184784 publish topic=ipi/airspan-followup-c1-rep2/latency/veh-001/ack bytes=239 forwarded=1
1786054733.414517 publish topic=ipi/airspan-followup-c1-rep2/latency/veh-001/request bytes=1357 forwarded=1
1786054733.415159 publish topic=ipi/airspan-followup-c1-rep2/latency/veh-001/ack bytes=239 forwarded=1
1786054733.634600 publish topic=ipi/airspan-followup-c1-rep2/latency/veh-001/request bytes=1357 forwarded=1
1786054733.635362 publish topic=ipi/airspan-followup-c1-rep2/latency/veh-001/ack bytes=239 forwarded=1
1786054733.854956 publish topic=ipi/airspan-followup-c1-rep2/latency/veh-001/request bytes=1357 forwarded=1
1786054733.855333 publish topic=ipi/airspan-followup-c1-rep2/latency/veh-001/ack bytes=239 forwarded=1
1786054734.095457 publish topic=ipi/airspan-followup-c1-rep2/latency/veh-001/request bytes=1357 forwarded=1
1786054734.096021 publish topic=ipi/airspan-followup-c1-rep2/latency/veh-001/ack bytes=239 forwarded=1
1786054734.315799 publish topic=ipi/airspan-followup-c1-rep2/latency/veh-001/request bytes=1357 forwarded=1
1786054734.316406 publish topic=ipi/airspan-followup-c1-rep2/latency/veh-001/ack bytes=239 forwarded=1
1786054734.546103 publish topic=ipi/airspan-followup-c1-rep2/latency/veh-001/request bytes=1357 forwarded=1
1786054734.546772 publish topic=ipi/airspan-followup-c1-rep2/latency/veh-001/ack bytes=239 forwarded=1
1786054734.776330 publish topic=ipi/airspan-followup-c1-rep2/latency/veh-001/request bytes=1357 forwarded=1
1786054734.777022 publish topic=ipi/airspan-followup-c1-rep2/latency/veh-001/ack bytes=239 forwarded=1
1786054734.996951 publish topic=ipi/airspan-followup-c1-rep2/latency/veh-001/request bytes=1357 forwarded=1
1786054734.997354 publish topic=ipi/airspan-followup-c1-rep2/latency/veh-001/ack bytes=239 forwarded=1
1786054735.227417 publish topic=ipi/airspan-followup-c1-rep2/latency/veh-001/request bytes=1357 forwarded=1
1786054735.228055 publish topic=ipi/airspan-followup-c1-rep2/latency/veh-001/ack bytes=239 forwarded=1
1786054735.457372 publish topic=ipi/airspan-followup-c1-rep2/latency/veh-001/request bytes=1357 forwarded=1
1786054735.457696 publish topic=ipi/airspan-followup-c1-rep2/latency/veh-001/ack bytes=239 forwarded=1
1786054735.678029 publish topic=ipi/airspan-followup-c1-rep2/latency/veh-001/request bytes=1357 forwarded=1
1786054735.678730 publish topic=ipi/airspan-followup-c1-rep2/latency/veh-001/ack bytes=239 forwarded=1
1786054735.918456 publish topic=ipi/airspan-followup-c1-rep2/latency/veh-001/request bytes=1357 forwarded=1
1786054735.919110 publish topic=ipi/airspan-followup-c1-rep2/latency/veh-001/ack bytes=239 forwarded=1
1786054736.148499 publish topic=ipi/airspan-followup-c1-rep2/latency/veh-001/request bytes=1357 forwarded=1
1786054736.149189 publish topic=ipi/airspan-followup-c1-rep2/latency/veh-001/ack bytes=239 forwarded=1
1786054736.379158 publish topic=ipi/airspan-followup-c1-rep2/latency/veh-001/request bytes=1357 forwarded=1
1786054736.379782 publish topic=ipi/airspan-followup-c1-rep2/latency/veh-001/ack bytes=239 forwarded=1
1786054736.609190 publish topic=ipi/airspan-followup-c1-rep2/latency/veh-001/request bytes=1357 forwarded=1
1786054736.609525 publish topic=ipi/airspan-followup-c1-rep2/latency/veh-001/ack bytes=239 forwarded=1
1786054736.829762 publish topic=ipi/airspan-followup-c1-rep2/latency/veh-001/request bytes=1357 forwarded=1
1786054736.830371 publish topic=ipi/airspan-followup-c1-rep2/latency/veh-001/ack bytes=239 forwarded=1
1786054737.060322 publish topic=ipi/airspan-followup-c1-rep2/latency/veh-001/request bytes=1357 forwarded=1
1786054737.060969 publish topic=ipi/airspan-followup-c1-rep2/latency/veh-001/ack bytes=239 forwarded=1
1786054737.280702 publish topic=ipi/airspan-followup-c1-rep2/latency/veh-001/request bytes=1357 forwarded=1
1786054737.281331 publish topic=ipi/airspan-followup-c1-rep2/latency/veh-001/ack bytes=239 forwarded=1
1786054737.500883 publish topic=ipi/airspan-followup-c1-rep2/latency/veh-001/request bytes=1357 forwarded=1
1786054737.501488 publish topic=ipi/airspan-followup-c1-rep2/latency/veh-001/ack bytes=239 forwarded=1
1786054737.741113 publish topic=ipi/airspan-followup-c1-rep2/latency/veh-001/request bytes=1357 forwarded=1
1786054737.741383 publish topic=ipi/airspan-followup-c1-rep2/latency/veh-001/ack bytes=239 forwarded=1
1786054737.971287 publish topic=ipi/airspan-followup-c1-rep2/latency/veh-001/request bytes=1357 forwarded=1
1786054737.971567 publish topic=ipi/airspan-followup-c1-rep2/latency/veh-001/ack bytes=239 forwarded=1
1786054738.202090 publish topic=ipi/airspan-followup-c1-rep2/latency/veh-001/request bytes=1357 forwarded=1
1786054738.202691 publish topic=ipi/airspan-followup-c1-rep2/latency/veh-001/ack bytes=239 forwarded=1
1786054738.432483 publish topic=ipi/airspan-followup-c1-rep2/latency/veh-001/request bytes=1357 forwarded=1
1786054738.433135 publish topic=ipi/airspan-followup-c1-rep2/latency/veh-001/ack bytes=239 forwarded=1
1786054738.652894 publish topic=ipi/airspan-followup-c1-rep2/latency/veh-001/request bytes=1357 forwarded=1
1786054738.653507 publish topic=ipi/airspan-followup-c1-rep2/latency/veh-001/ack bytes=239 forwarded=1
1786054738.883007 publish topic=ipi/airspan-followup-c1-rep2/latency/veh-001/request bytes=1357 forwarded=1
1786054738.883426 publish topic=ipi/airspan-followup-c1-rep2/latency/veh-001/ack bytes=239 forwarded=1
1786054739.113603 publish topic=ipi/airspan-followup-c1-rep2/latency/veh-001/request bytes=1357 forwarded=1
1786054739.114202 publish topic=ipi/airspan-followup-c1-rep2/latency/veh-001/ack bytes=239 forwarded=1
1786054739.344130 publish topic=ipi/airspan-followup-c1-rep2/latency/veh-001/request bytes=1357 forwarded=1
1786054739.344556 publish topic=ipi/airspan-followup-c1-rep2/latency/veh-001/ack bytes=239 forwarded=1
1786054739.564362 publish topic=ipi/airspan-followup-c1-rep2/latency/veh-001/request bytes=1357 forwarded=1
1786054739.565025 publish topic=ipi/airspan-followup-c1-rep2/latency/veh-001/ack bytes=239 forwarded=1
1786054739.784735 publish topic=ipi/airspan-followup-c1-rep2/latency/veh-001/request bytes=1357 forwarded=1
1786054739.785350 publish topic=ipi/airspan-followup-c1-rep2/latency/veh-001/ack bytes=239 forwarded=1
1786054740.004782 publish topic=ipi/airspan-followup-c1-rep2/latency/veh-001/request bytes=1357 forwarded=1
1786054740.005037 publish topic=ipi/airspan-followup-c1-rep2/latency/veh-001/ack bytes=239 forwarded=1
1786054740.225420 publish topic=ipi/airspan-followup-c1-rep2/latency/veh-001/request bytes=1357 forwarded=1
1786054740.226017 publish topic=ipi/airspan-followup-c1-rep2/latency/veh-001/ack bytes=239 forwarded=1
1786054740.445703 publish topic=ipi/airspan-followup-c1-rep2/latency/veh-001/request bytes=1357 forwarded=1
1786054740.446311 publish topic=ipi/airspan-followup-c1-rep2/latency/veh-001/ack bytes=239 forwarded=1
1786054740.665682 publish topic=ipi/airspan-followup-c1-rep2/latency/veh-001/request bytes=1357 forwarded=1
1786054740.666002 publish topic=ipi/airspan-followup-c1-rep2/latency/veh-001/ack bytes=239 forwarded=1
1786054740.886312 publish topic=ipi/airspan-followup-c1-rep2/latency/veh-001/request bytes=1357 forwarded=1
1786054740.886912 publish topic=ipi/airspan-followup-c1-rep2/latency/veh-001/ack bytes=239 forwarded=1
1786054741.116295 publish topic=ipi/airspan-followup-c1-rep2/latency/veh-001/request bytes=1357 forwarded=1
1786054741.116609 publish topic=ipi/airspan-followup-c1-rep2/latency/veh-001/ack bytes=239 forwarded=1
1786054741.346811 publish topic=ipi/airspan-followup-c1-rep2/latency/veh-001/request bytes=1357 forwarded=1
1786054741.347377 publish topic=ipi/airspan-followup-c1-rep2/latency/veh-001/ack bytes=239 forwarded=1
1786054741.587517 publish topic=ipi/airspan-followup-c1-rep2/latency/veh-001/request bytes=1357 forwarded=1
1786054741.588124 publish topic=ipi/airspan-followup-c1-rep2/latency/veh-001/ack bytes=239 forwarded=1
1786054741.817783 publish topic=ipi/airspan-followup-c1-rep2/latency/veh-001/request bytes=1357 forwarded=1
1786054741.818384 publish topic=ipi/airspan-followup-c1-rep2/latency/veh-001/ack bytes=239 forwarded=1
1786054742.047912 publish topic=ipi/airspan-followup-c1-rep2/latency/veh-001/request bytes=1357 forwarded=1
1786054742.048427 publish topic=ipi/airspan-followup-c1-rep2/latency/veh-001/ack bytes=239 forwarded=1
1786054742.278402 publish topic=ipi/airspan-followup-c1-rep2/latency/veh-001/request bytes=1357 forwarded=1
1786054742.278795 publish topic=ipi/airspan-followup-c1-rep2/latency/veh-001/ack bytes=239 forwarded=1
1786054742.498549 publish topic=ipi/airspan-followup-c1-rep2/latency/veh-001/request bytes=1357 forwarded=1
1786054742.499212 publish topic=ipi/airspan-followup-c1-rep2/latency/veh-001/ack bytes=239 forwarded=1
1786054742.729043 publish topic=ipi/airspan-followup-c1-rep2/latency/veh-001/request bytes=1357 forwarded=1
1786054742.729679 publish topic=ipi/airspan-followup-c1-rep2/latency/veh-001/ack bytes=239 forwarded=1
1786054742.959348 publish topic=ipi/airspan-followup-c1-rep2/latency/veh-001/request bytes=1357 forwarded=1
1786054742.960000 publish topic=ipi/airspan-followup-c1-rep2/latency/veh-001/ack bytes=239 forwarded=1
1786054743.189668 publish topic=ipi/airspan-followup-c1-rep2/latency/veh-001/request bytes=1357 forwarded=1
1786054743.190321 publish topic=ipi/airspan-followup-c1-rep2/latency/veh-001/ack bytes=239 forwarded=1
1786054743.409966 publish topic=ipi/airspan-followup-c1-rep2/latency/veh-001/request bytes=1357 forwarded=1
1786054743.410464 publish topic=ipi/airspan-followup-c1-rep2/latency/veh-001/ack bytes=239 forwarded=1
1786054743.630246 publish topic=ipi/airspan-followup-c1-rep2/latency/veh-001/request bytes=1357 forwarded=1
1786054743.630480 publish topic=ipi/airspan-followup-c1-rep2/latency/veh-001/ack bytes=239 forwarded=1
1786054743.861057 publish topic=ipi/airspan-followup-c1-rep2/latency/veh-001/request bytes=1357 forwarded=1
1786054743.861747 publish topic=ipi/airspan-followup-c1-rep2/latency/veh-001/ack bytes=239 forwarded=1
1786054744.091421 publish topic=ipi/airspan-followup-c1-rep2/latency/veh-001/request bytes=1357 forwarded=1
1786054744.092084 publish topic=ipi/airspan-followup-c1-rep2/latency/veh-001/ack bytes=239 forwarded=1
1786054744.321668 publish topic=ipi/airspan-followup-c1-rep2/latency/veh-001/request bytes=1357 forwarded=1
1786054744.322343 publish topic=ipi/airspan-followup-c1-rep2/latency/veh-001/ack bytes=239 forwarded=1
1786054744.552164 publish topic=ipi/airspan-followup-c1-rep2/latency/veh-001/request bytes=1357 forwarded=1
1786054744.552858 publish topic=ipi/airspan-followup-c1-rep2/latency/veh-001/ack bytes=239 forwarded=1
1786054744.782519 publish topic=ipi/airspan-followup-c1-rep2/latency/veh-001/request bytes=1357 forwarded=1
1786054744.783232 publish topic=ipi/airspan-followup-c1-rep2/latency/veh-001/ack bytes=239 forwarded=1
1786054745.002670 publish topic=ipi/airspan-followup-c1-rep2/latency/veh-001/request bytes=1357 forwarded=1
1786054745.003026 publish topic=ipi/airspan-followup-c1-rep2/latency/veh-001/ack bytes=239 forwarded=1
1786054745.233067 publish topic=ipi/airspan-followup-c1-rep2/latency/veh-001/request bytes=1357 forwarded=1
1786054745.233283 publish topic=ipi/airspan-followup-c1-rep2/latency/veh-001/ack bytes=239 forwarded=1
1786054745.453532 publish topic=ipi/airspan-followup-c1-rep2/latency/veh-001/request bytes=1357 forwarded=1
1786054745.453803 publish topic=ipi/airspan-followup-c1-rep2/latency/veh-001/ack bytes=239 forwarded=1
1786054745.684036 publish topic=ipi/airspan-followup-c1-rep2/latency/veh-001/request bytes=1357 forwarded=1
1786054745.684765 publish topic=ipi/airspan-followup-c1-rep2/latency/veh-001/ack bytes=239 forwarded=1
1786054745.914331 publish topic=ipi/airspan-followup-c1-rep2/latency/veh-001/request bytes=1357 forwarded=1
1786054745.915174 publish topic=ipi/airspan-followup-c1-rep2/latency/veh-001/ack bytes=239 forwarded=1
1786054746.144567 publish topic=ipi/airspan-followup-c1-rep2/latency/veh-001/request bytes=1357 forwarded=1
1786054746.145224 publish topic=ipi/airspan-followup-c1-rep2/latency/veh-001/ack bytes=239 forwarded=1
1786054746.375161 publish topic=ipi/airspan-followup-c1-rep2/latency/veh-001/request bytes=1357 forwarded=1
1786054746.375786 publish topic=ipi/airspan-followup-c1-rep2/latency/veh-001/ack bytes=239 forwarded=1
1786054746.605443 publish topic=ipi/airspan-followup-c1-rep2/latency/veh-001/request bytes=1357 forwarded=1
1786054746.606075 publish topic=ipi/airspan-followup-c1-rep2/latency/veh-001/ack bytes=239 forwarded=1
1786054746.845891 publish topic=ipi/airspan-followup-c1-rep2/latency/veh-001/request bytes=1357 forwarded=1
1786054746.846507 publish topic=ipi/airspan-followup-c1-rep2/latency/veh-001/ack bytes=239 forwarded=1
1786054747.076338 publish topic=ipi/airspan-followup-c1-rep2/latency/veh-001/request bytes=1357 forwarded=1
1786054747.077050 publish topic=ipi/airspan-followup-c1-rep2/latency/veh-001/ack bytes=239 forwarded=1
1786054747.306320 publish topic=ipi/airspan-followup-c1-rep2/latency/veh-001/request bytes=1357 forwarded=1
1786054747.306602 publish topic=ipi/airspan-followup-c1-rep2/latency/veh-001/ack bytes=239 forwarded=1
1786054747.537106 publish topic=ipi/airspan-followup-c1-rep2/latency/veh-001/request bytes=1357 forwarded=1
1786054747.537732 publish topic=ipi/airspan-followup-c1-rep2/latency/veh-001/ack bytes=239 forwarded=1
1786054747.757267 publish topic=ipi/airspan-followup-c1-rep2/latency/veh-001/request bytes=1357 forwarded=1
1786054747.757871 publish topic=ipi/airspan-followup-c1-rep2/latency/veh-001/ack bytes=239 forwarded=1
1786054747.987687 publish topic=ipi/airspan-followup-c1-rep2/latency/veh-001/request bytes=1357 forwarded=1
1786054747.988157 publish topic=ipi/airspan-followup-c1-rep2/latency/veh-001/ack bytes=239 forwarded=1
1786054748.208159 publish topic=ipi/airspan-followup-c1-rep2/latency/veh-001/request bytes=1357 forwarded=1
1786054748.208811 publish topic=ipi/airspan-followup-c1-rep2/latency/veh-001/ack bytes=239 forwarded=1
1786054748.438181 publish topic=ipi/airspan-followup-c1-rep2/latency/veh-001/request bytes=1357 forwarded=1
1786054748.438498 publish topic=ipi/airspan-followup-c1-rep2/latency/veh-001/ack bytes=239 forwarded=1
1786054748.669020 publish topic=ipi/airspan-followup-c1-rep2/latency/veh-001/request bytes=1357 forwarded=1
1786054748.669652 publish topic=ipi/airspan-followup-c1-rep2/latency/veh-001/ack bytes=239 forwarded=1
1786054748.898890 publish topic=ipi/airspan-followup-c1-rep2/latency/veh-001/request bytes=1357 forwarded=1
1786054748.899117 publish topic=ipi/airspan-followup-c1-rep2/latency/veh-001/ack bytes=239 forwarded=1
1786054749.119567 publish topic=ipi/airspan-followup-c1-rep2/latency/veh-001/request bytes=1357 forwarded=1
1786054749.121164 publish topic=ipi/airspan-followup-c1-rep2/latency/veh-001/ack bytes=239 forwarded=1
1786054749.349819 publish topic=ipi/airspan-followup-c1-rep2/latency/veh-001/request bytes=1357 forwarded=1
1786054749.350476 publish topic=ipi/airspan-followup-c1-rep2/latency/veh-001/ack bytes=239 forwarded=1
1786054749.570239 publish topic=ipi/airspan-followup-c1-rep2/latency/veh-001/request bytes=1357 forwarded=1
1786054749.570871 publish topic=ipi/airspan-followup-c1-rep2/latency/veh-001/ack bytes=239 forwarded=1
1786054749.800693 publish topic=ipi/airspan-followup-c1-rep2/latency/veh-001/request bytes=1357 forwarded=1
1786054749.801399 publish topic=ipi/airspan-followup-c1-rep2/latency/veh-001/ack bytes=239 forwarded=1
1786054750.040867 publish topic=ipi/airspan-followup-c1-rep2/latency/veh-001/request bytes=1357 forwarded=1
1786054750.041513 publish topic=ipi/airspan-followup-c1-rep2/latency/veh-001/ack bytes=239 forwarded=1
1786054750.271034 publish topic=ipi/airspan-followup-c1-rep2/latency/veh-001/request bytes=1357 forwarded=1
1786054750.271256 publish topic=ipi/airspan-followup-c1-rep2/latency/veh-001/ack bytes=239 forwarded=1
1786054750.491450 publish topic=ipi/airspan-followup-c1-rep2/latency/veh-001/request bytes=1357 forwarded=1
1786054750.492905 publish topic=ipi/airspan-followup-c1-rep2/latency/veh-001/ack bytes=239 forwarded=1
1786054750.711928 publish topic=ipi/airspan-followup-c1-rep2/latency/veh-001/request bytes=1357 forwarded=1
1786054750.712567 publish topic=ipi/airspan-followup-c1-rep2/latency/veh-001/ack bytes=239 forwarded=1
1786054750.942221 publish topic=ipi/airspan-followup-c1-rep2/latency/veh-001/request bytes=1357 forwarded=1
1786054750.942837 publish topic=ipi/airspan-followup-c1-rep2/latency/veh-001/ack bytes=239 forwarded=1
1786054751.172797 publish topic=ipi/airspan-followup-c1-rep2/latency/veh-001/request bytes=1357 forwarded=1
1786054751.173428 publish topic=ipi/airspan-followup-c1-rep2/latency/veh-001/ack bytes=239 forwarded=1
1786054751.403279 publish topic=ipi/airspan-followup-c1-rep2/latency/veh-001/request bytes=1357 forwarded=1
1786054751.403897 publish topic=ipi/airspan-followup-c1-rep2/latency/veh-001/ack bytes=239 forwarded=1
1786054751.643543 publish topic=ipi/airspan-followup-c1-rep2/latency/veh-001/request bytes=1357 forwarded=1
1786054751.644151 publish topic=ipi/airspan-followup-c1-rep2/latency/veh-001/ack bytes=239 forwarded=1
1786054751.873821 publish topic=ipi/airspan-followup-c1-rep2/latency/veh-001/request bytes=1357 forwarded=1
1786054751.874457 publish topic=ipi/airspan-followup-c1-rep2/latency/veh-001/ack bytes=239 forwarded=1
1786054752.104288 publish topic=ipi/airspan-followup-c1-rep2/latency/veh-001/request bytes=1357 forwarded=1
1786054752.104988 publish topic=ipi/airspan-followup-c1-rep2/latency/veh-001/ack bytes=239 forwarded=1
1786054752.334484 publish topic=ipi/airspan-followup-c1-rep2/latency/veh-001/request bytes=1357 forwarded=1
1786054752.334744 publish topic=ipi/airspan-followup-c1-rep2/latency/veh-001/ack bytes=239 forwarded=1
1786054752.554888 publish topic=ipi/airspan-followup-c1-rep2/latency/veh-001/request bytes=1357 forwarded=1
1786054752.555517 publish topic=ipi/airspan-followup-c1-rep2/latency/veh-001/ack bytes=239 forwarded=1
1786054752.775412 publish topic=ipi/airspan-followup-c1-rep2/latency/veh-001/request bytes=1357 forwarded=1
1786054752.776052 publish topic=ipi/airspan-followup-c1-rep2/latency/veh-001/ack bytes=239 forwarded=1
1786054752.995557 publish topic=ipi/airspan-followup-c1-rep2/latency/veh-001/request bytes=1357 forwarded=1
1786054752.995855 publish topic=ipi/airspan-followup-c1-rep2/latency/veh-001/ack bytes=239 forwarded=1
1786054753.226092 publish topic=ipi/airspan-followup-c1-rep2/latency/veh-001/request bytes=1357 forwarded=1
1786054753.226743 publish topic=ipi/airspan-followup-c1-rep2/latency/veh-001/ack bytes=239 forwarded=1
1786054753.456405 publish topic=ipi/airspan-followup-c1-rep2/latency/veh-001/request bytes=1357 forwarded=1
1786054753.456805 publish topic=ipi/airspan-followup-c1-rep2/latency/veh-001/ack bytes=239 forwarded=1
1786054753.676779 publish topic=ipi/airspan-followup-c1-rep2/latency/veh-001/request bytes=1357 forwarded=1
1786054753.677522 publish topic=ipi/airspan-followup-c1-rep2/latency/veh-001/ack bytes=239 forwarded=1
1786054753.907265 publish topic=ipi/airspan-followup-c1-rep2/latency/veh-001/request bytes=1357 forwarded=1
1786054753.907941 publish topic=ipi/airspan-followup-c1-rep2/latency/veh-001/ack bytes=239 forwarded=1
1786054754.137564 publish topic=ipi/airspan-followup-c1-rep2/latency/veh-001/request bytes=1357 forwarded=1
1786054754.138196 publish topic=ipi/airspan-followup-c1-rep2/latency/veh-001/ack bytes=239 forwarded=1
1786054754.367830 publish topic=ipi/airspan-followup-c1-rep2/latency/veh-001/request bytes=1357 forwarded=1
1786054754.368487 publish topic=ipi/airspan-followup-c1-rep2/latency/veh-001/ack bytes=239 forwarded=1
1786054754.598253 publish topic=ipi/airspan-followup-c1-rep2/latency/veh-001/request bytes=1357 forwarded=1
1786054754.598516 publish topic=ipi/airspan-followup-c1-rep2/latency/veh-001/ack bytes=239 forwarded=1
1786054754.828704 publish topic=ipi/airspan-followup-c1-rep2/latency/veh-001/request bytes=1357 forwarded=1
1786054754.829356 publish topic=ipi/airspan-followup-c1-rep2/latency/veh-001/ack bytes=239 forwarded=1
1786054755.058776 publish topic=ipi/airspan-followup-c1-rep2/latency/veh-001/request bytes=1357 forwarded=1
1786054755.059107 publish topic=ipi/airspan-followup-c1-rep2/latency/veh-001/ack bytes=239 forwarded=1
1786054755.279420 publish topic=ipi/airspan-followup-c1-rep2/latency/veh-001/request bytes=1357 forwarded=1
1786054755.280031 publish topic=ipi/airspan-followup-c1-rep2/latency/veh-001/ack bytes=239 forwarded=1
1786054755.509710 publish topic=ipi/airspan-followup-c1-rep2/latency/veh-001/request bytes=1357 forwarded=1
1786054755.510326 publish topic=ipi/airspan-followup-c1-rep2/latency/veh-001/ack bytes=239 forwarded=1
1786054755.740072 publish topic=ipi/airspan-followup-c1-rep2/latency/veh-001/request bytes=1357 forwarded=1
1786054755.740473 publish topic=ipi/airspan-followup-c1-rep2/latency/veh-001/ack bytes=239 forwarded=1
1786054755.970600 publish topic=ipi/airspan-followup-c1-rep2/latency/veh-001/request bytes=1357 forwarded=1
1786054755.971209 publish topic=ipi/airspan-followup-c1-rep2/latency/veh-001/ack bytes=239 forwarded=1
1786054756.200675 publish topic=ipi/airspan-followup-c1-rep2/latency/veh-001/request bytes=1357 forwarded=1
1786054756.201314 publish topic=ipi/airspan-followup-c1-rep2/latency/veh-001/ack bytes=239 forwarded=1
1786054756.230587 close ('<private-ip>', 38422) disconnect
