threaded mqtt broker listening on <private-ip>:1883
1786041020.288655 accept ('<private-ip>', 52660)
1786041020.290000 close ('<private-ip>', 52660) closed
1786041020.909284 accept ('<private-ip>', 37972)
1786041020.910285 subscribe ('<private-ip>', 37972) ipi/airspan-followup-c1-rep1/latency/veh-001/request
1786041141.576917 accept ('<private-ip>', 38794)
1786041141.606688 subscribe ('<private-ip>', 38794) ipi/airspan-followup-c1-rep1/latency/veh-001/ack
1786041141.636532 publish topic=ipi/airspan-followup-c1-rep1/latency/veh-001/request bytes=1349 forwarded=1
1786041141.637248 publish topic=ipi/airspan-followup-c1-rep1/latency/veh-001/ack bytes=237 forwarded=1
1786041141.867120 publish topic=ipi/airspan-followup-c1-rep1/latency/veh-001/request bytes=1349 forwarded=1
1786041141.867784 publish topic=ipi/airspan-followup-c1-rep1/latency/veh-001/ack bytes=237 forwarded=1
1786041142.097180 publish topic=ipi/airspan-followup-c1-rep1/latency/veh-001/request bytes=1349 forwarded=1
1786041142.097815 publish topic=ipi/airspan-followup-c1-rep1/latency/veh-001/ack bytes=237 forwarded=1
1786041142.327239 publish topic=ipi/airspan-followup-c1-rep1/latency/veh-001/request bytes=1349 forwarded=1
1786041142.327557 publish topic=ipi/airspan-followup-c1-rep1/latency/veh-001/ack bytes=237 forwarded=1
1786041142.547464 publish topic=ipi/airspan-followup-c1-rep1/latency/veh-001/request bytes=1349 forwarded=1
1786041142.547695 publish topic=ipi/airspan-followup-c1-rep1/latency/veh-001/ack bytes=237 forwarded=1
1786041142.787670 publish topic=ipi/airspan-followup-c1-rep1/latency/veh-001/request bytes=1349 forwarded=1
1786041142.787917 publish topic=ipi/airspan-followup-c1-rep1/latency/veh-001/ack bytes=237 forwarded=1
1786041143.028217 publish topic=ipi/airspan-followup-c1-rep1/latency/veh-001/request bytes=1349 forwarded=1
1786041143.028877 publish topic=ipi/airspan-followup-c1-rep1/latency/veh-001/ack bytes=237 forwarded=1
1786041143.258654 publish topic=ipi/airspan-followup-c1-rep1/latency/veh-001/request bytes=1349 forwarded=1
1786041143.259290 publish topic=ipi/airspan-followup-c1-rep1/latency/veh-001/ack bytes=237 forwarded=1
1786041143.488800 publish topic=ipi/airspan-followup-c1-rep1/latency/veh-001/request bytes=1349 forwarded=1
1786041143.489491 publish topic=ipi/airspan-followup-c1-rep1/latency/veh-001/ack bytes=237 forwarded=1
1786041143.728754 publish topic=ipi/airspan-followup-c1-rep1/latency/veh-001/request bytes=1351 forwarded=1
1786041143.729005 publish topic=ipi/airspan-followup-c1-rep1/latency/veh-001/ack bytes=238 forwarded=1
1786041143.959498 publish topic=ipi/airspan-followup-c1-rep1/latency/veh-001/request bytes=1351 forwarded=1
1786041143.959841 publish topic=ipi/airspan-followup-c1-rep1/latency/veh-001/ack bytes=238 forwarded=1
1786041144.199691 publish topic=ipi/airspan-followup-c1-rep1/latency/veh-001/request bytes=1351 forwarded=1
1786041144.200333 publish topic=ipi/airspan-followup-c1-rep1/latency/veh-001/ack bytes=238 forwarded=1
1786041144.440081 publish topic=ipi/airspan-followup-c1-rep1/latency/veh-001/request bytes=1351 forwarded=1
1786041144.440726 publish topic=ipi/airspan-followup-c1-rep1/latency/veh-001/ack bytes=238 forwarded=1
1786041144.680427 publish topic=ipi/airspan-followup-c1-rep1/latency/veh-001/request bytes=1351 forwarded=1
1786041144.680744 publish topic=ipi/airspan-followup-c1-rep1/latency/veh-001/ack bytes=238 forwarded=1
1786041144.910865 publish topic=ipi/airspan-followup-c1-rep1/latency/veh-001/request bytes=1351 forwarded=1
1786041144.911494 publish topic=ipi/airspan-followup-c1-rep1/latency/veh-001/ack bytes=238 forwarded=1
1786041145.140936 publish topic=ipi/airspan-followup-c1-rep1/latency/veh-001/request bytes=1351 forwarded=1
1786041145.141564 publish topic=ipi/airspan-followup-c1-rep1/latency/veh-001/ack bytes=238 forwarded=1
1786041145.371380 publish topic=ipi/airspan-followup-c1-rep1/latency/veh-001/request bytes=1351 forwarded=1
1786041145.371836 publish topic=ipi/airspan-followup-c1-rep1/latency/veh-001/ack bytes=238 forwarded=1
1786041145.611386 publish topic=ipi/airspan-followup-c1-rep1/latency/veh-001/request bytes=1351 forwarded=1
1786041145.611702 publish topic=ipi/airspan-followup-c1-rep1/latency/veh-001/ack bytes=238 forwarded=1
1786041145.851973 publish topic=ipi/airspan-followup-c1-rep1/latency/veh-001/request bytes=1351 forwarded=1
1786041145.852654 publish topic=ipi/airspan-followup-c1-rep1/latency/veh-001/ack bytes=238 forwarded=1
1786041146.092126 publish topic=ipi/airspan-followup-c1-rep1/latency/veh-001/request bytes=1351 forwarded=1
1786041146.092801 publish topic=ipi/airspan-followup-c1-rep1/latency/veh-001/ack bytes=238 forwarded=1
1786041146.322325 publish topic=ipi/airspan-followup-c1-rep1/latency/veh-001/request bytes=1351 forwarded=1
1786041146.322964 publish topic=ipi/airspan-followup-c1-rep1/latency/veh-001/ack bytes=238 forwarded=1
1786041146.562373 publish topic=ipi/airspan-followup-c1-rep1/latency/veh-001/request bytes=1351 forwarded=1
1786041146.563035 publish topic=ipi/airspan-followup-c1-rep1/latency/veh-001/ack bytes=238 forwarded=1
1786041146.802557 publish topic=ipi/airspan-followup-c1-rep1/latency/veh-001/request bytes=1351 forwarded=1
1786041146.803218 publish topic=ipi/airspan-followup-c1-rep1/latency/veh-001/ack bytes=238 forwarded=1
1786041147.042987 publish topic=ipi/airspan-followup-c1-rep1/latency/veh-001/request bytes=1351 forwarded=1
1786041147.043681 publish topic=ipi/airspan-followup-c1-rep1/latency/veh-001/ack bytes=238 forwarded=1
1786041147.283118 publish topic=ipi/airspan-followup-c1-rep1/latency/veh-001/request bytes=1351 forwarded=1
1786041147.283561 publish topic=ipi/airspan-followup-c1-rep1/latency/veh-001/ack bytes=238 forwarded=1
1786041147.523416 publish topic=ipi/airspan-followup-c1-rep1/latency/veh-001/request bytes=1351 forwarded=1
1786041147.524067 publish topic=ipi/airspan-followup-c1-rep1/latency/veh-001/ack bytes=238 forwarded=1
1786041147.763653 publish topic=ipi/airspan-followup-c1-rep1/latency/veh-001/request bytes=1351 forwarded=1
1786041147.764121 publish topic=ipi/airspan-followup-c1-rep1/latency/veh-001/ack bytes=238 forwarded=1
1786041147.993796 publish topic=ipi/airspan-followup-c1-rep1/latency/veh-001/request bytes=1351 forwarded=1
1786041147.994425 publish topic=ipi/airspan-followup-c1-rep1/latency/veh-001/ack bytes=238 forwarded=1
1786041148.234114 publish topic=ipi/airspan-followup-c1-rep1/latency/veh-001/request bytes=1351 forwarded=1
1786041148.234748 publish topic=ipi/airspan-followup-c1-rep1/latency/veh-001/ack bytes=238 forwarded=1
1786041148.464219 publish topic=ipi/airspan-followup-c1-rep1/latency/veh-001/request bytes=1351 forwarded=1
1786041148.464886 publish topic=ipi/airspan-followup-c1-rep1/latency/veh-001/ack bytes=238 forwarded=1
1786041148.704579 publish topic=ipi/airspan-followup-c1-rep1/latency/veh-001/request bytes=1351 forwarded=1
1786041148.705252 publish topic=ipi/airspan-followup-c1-rep1/latency/veh-001/ack bytes=238 forwarded=1
1786041148.944427 publish topic=ipi/airspan-followup-c1-rep1/latency/veh-001/request bytes=1351 forwarded=1
1786041148.944745 publish topic=ipi/airspan-followup-c1-rep1/latency/veh-001/ack bytes=238 forwarded=1
1786041149.184865 publish topic=ipi/airspan-followup-c1-rep1/latency/veh-001/request bytes=1351 forwarded=1
1786041149.185519 publish topic=ipi/airspan-followup-c1-rep1/latency/veh-001/ack bytes=238 forwarded=1
1786041149.425101 publish topic=ipi/airspan-followup-c1-rep1/latency/veh-001/request bytes=1351 forwarded=1
1786041149.425702 publish topic=ipi/airspan-followup-c1-rep1/latency/veh-001/ack bytes=238 forwarded=1
1786041149.655495 publish topic=ipi/airspan-followup-c1-rep1/latency/veh-001/request bytes=1351 forwarded=1
1786041149.656095 publish topic=ipi/airspan-followup-c1-rep1/latency/veh-001/ack bytes=238 forwarded=1
1786041149.885765 publish topic=ipi/airspan-followup-c1-rep1/latency/veh-001/request bytes=1351 forwarded=1
1786041149.886398 publish topic=ipi/airspan-followup-c1-rep1/latency/veh-001/ack bytes=238 forwarded=1
1786041150.105618 publish topic=ipi/airspan-followup-c1-rep1/latency/veh-001/request bytes=1351 forwarded=1
1786041150.105994 publish topic=ipi/airspan-followup-c1-rep1/latency/veh-001/ack bytes=238 forwarded=1
1786041150.325803 publish topic=ipi/airspan-followup-c1-rep1/latency/veh-001/request bytes=1351 forwarded=1
1786041150.326149 publish topic=ipi/airspan-followup-c1-rep1/latency/veh-001/ack bytes=238 forwarded=1
1786041150.546200 publish topic=ipi/airspan-followup-c1-rep1/latency/veh-001/request bytes=1351 forwarded=1
1786041150.546871 publish topic=ipi/airspan-followup-c1-rep1/latency/veh-001/ack bytes=238 forwarded=1
1786041150.776450 publish topic=ipi/airspan-followup-c1-rep1/latency/veh-001/request bytes=1351 forwarded=1
1786041150.777121 publish topic=ipi/airspan-followup-c1-rep1/latency/veh-001/ack bytes=238 forwarded=1
1786041150.996576 publish topic=ipi/airspan-followup-c1-rep1/latency/veh-001/request bytes=1351 forwarded=1
1786041150.997368 publish topic=ipi/airspan-followup-c1-rep1/latency/veh-001/ack bytes=238 forwarded=1
1786041151.236763 publish topic=ipi/airspan-followup-c1-rep1/latency/veh-001/request bytes=1351 forwarded=1
1786041151.237103 publish topic=ipi/airspan-followup-c1-rep1/latency/veh-001/ack bytes=238 forwarded=1
1786041151.466934 publish topic=ipi/airspan-followup-c1-rep1/latency/veh-001/request bytes=1351 forwarded=1
1786041151.467624 publish topic=ipi/airspan-followup-c1-rep1/latency/veh-001/ack bytes=238 forwarded=1
1786041151.697109 publish topic=ipi/airspan-followup-c1-rep1/latency/veh-001/request bytes=1351 forwarded=1
1786041151.697754 publish topic=ipi/airspan-followup-c1-rep1/latency/veh-001/ack bytes=238 forwarded=1
1786041151.927376 publish topic=ipi/airspan-followup-c1-rep1/latency/veh-001/request bytes=1351 forwarded=1
1786041151.927934 publish topic=ipi/airspan-followup-c1-rep1/latency/veh-001/ack bytes=238 forwarded=1
1786041152.167971 publish topic=ipi/airspan-followup-c1-rep1/latency/veh-001/request bytes=1351 forwarded=1
1786041152.168738 publish topic=ipi/airspan-followup-c1-rep1/latency/veh-001/ack bytes=238 forwarded=1
1786041152.397762 publish topic=ipi/airspan-followup-c1-rep1/latency/veh-001/request bytes=1351 forwarded=1
1786041152.398239 publish topic=ipi/airspan-followup-c1-rep1/latency/veh-001/ack bytes=238 forwarded=1
1786041152.628362 publish topic=ipi/airspan-followup-c1-rep1/latency/veh-001/request bytes=1351 forwarded=1
1786041152.629019 publish topic=ipi/airspan-followup-c1-rep1/latency/veh-001/ack bytes=238 forwarded=1
1786041152.858475 publish topic=ipi/airspan-followup-c1-rep1/latency/veh-001/request bytes=1351 forwarded=1
1786041152.858773 publish topic=ipi/airspan-followup-c1-rep1/latency/veh-001/ack bytes=238 forwarded=1
1786041153.088875 publish topic=ipi/airspan-followup-c1-rep1/latency/veh-001/request bytes=1351 forwarded=1
1786041153.089539 publish topic=ipi/airspan-followup-c1-rep1/latency/veh-001/ack bytes=238 forwarded=1
1786041153.349248 publish topic=ipi/airspan-followup-c1-rep1/latency/veh-001/request bytes=1351 forwarded=1
1786041153.349643 publish topic=ipi/airspan-followup-c1-rep1/latency/veh-001/ack bytes=238 forwarded=1
1786041153.659866 publish topic=ipi/airspan-followup-c1-rep1/latency/veh-001/request bytes=1351 forwarded=1
1786041153.660491 publish topic=ipi/airspan-followup-c1-rep1/latency/veh-001/ack bytes=238 forwarded=1
1786041153.880239 publish topic=ipi/airspan-followup-c1-rep1/latency/veh-001/request bytes=1351 forwarded=1
1786041153.880943 publish topic=ipi/airspan-followup-c1-rep1/latency/veh-001/ack bytes=238 forwarded=1
1786041154.110518 publish topic=ipi/airspan-followup-c1-rep1/latency/veh-001/request bytes=1351 forwarded=1
1786041154.110802 publish topic=ipi/airspan-followup-c1-rep1/latency/veh-001/ack bytes=238 forwarded=1
1786041154.331079 publish topic=ipi/airspan-followup-c1-rep1/latency/veh-001/request bytes=1351 forwarded=1
1786041154.331705 publish topic=ipi/airspan-followup-c1-rep1/latency/veh-001/ack bytes=238 forwarded=1
1786041154.550993 publish topic=ipi/airspan-followup-c1-rep1/latency/veh-001/request bytes=1351 forwarded=1
1786041154.551657 publish topic=ipi/airspan-followup-c1-rep1/latency/veh-001/ack bytes=238 forwarded=1
1786041154.781420 publish topic=ipi/airspan-followup-c1-rep1/latency/veh-001/request bytes=1351 forwarded=1
1786041154.782031 publish topic=ipi/airspan-followup-c1-rep1/latency/veh-001/ack bytes=238 forwarded=1
1786041155.021876 publish topic=ipi/airspan-followup-c1-rep1/latency/veh-001/request bytes=1351 forwarded=1
1786041155.022507 publish topic=ipi/airspan-followup-c1-rep1/latency/veh-001/ack bytes=238 forwarded=1
1786041155.262059 publish topic=ipi/airspan-followup-c1-rep1/latency/veh-001/request bytes=1351 forwarded=1
1786041155.262328 publish topic=ipi/airspan-followup-c1-rep1/latency/veh-001/ack bytes=238 forwarded=1
1786041155.492455 publish topic=ipi/airspan-followup-c1-rep1/latency/veh-001/request bytes=1351 forwarded=1
1786041155.493160 publish topic=ipi/airspan-followup-c1-rep1/latency/veh-001/ack bytes=238 forwarded=1
1786041155.732687 publish topic=ipi/airspan-followup-c1-rep1/latency/veh-001/request bytes=1351 forwarded=1
1786041155.733306 publish topic=ipi/airspan-followup-c1-rep1/latency/veh-001/ack bytes=238 forwarded=1
1786041155.973191 publish topic=ipi/airspan-followup-c1-rep1/latency/veh-001/request bytes=1351 forwarded=1
1786041155.973769 publish topic=ipi/airspan-followup-c1-rep1/latency/veh-001/ack bytes=238 forwarded=1
1786041156.203544 publish topic=ipi/airspan-followup-c1-rep1/latency/veh-001/request bytes=1351 forwarded=1
1786041156.204158 publish topic=ipi/airspan-followup-c1-rep1/latency/veh-001/ack bytes=238 forwarded=1
1786041156.443909 publish topic=ipi/airspan-followup-c1-rep1/latency/veh-001/request bytes=1351 forwarded=1
1786041156.444486 publish topic=ipi/airspan-followup-c1-rep1/latency/veh-001/ack bytes=238 forwarded=1
1786041156.684100 publish topic=ipi/airspan-followup-c1-rep1/latency/veh-001/request bytes=1351 forwarded=1
1786041156.684639 publish topic=ipi/airspan-followup-c1-rep1/latency/veh-001/ack bytes=238 forwarded=1
1786041156.924273 publish topic=ipi/airspan-followup-c1-rep1/latency/veh-001/request bytes=1351 forwarded=1
1786041156.924948 publish topic=ipi/airspan-followup-c1-rep1/latency/veh-001/ack bytes=238 forwarded=1
1786041157.144825 publish topic=ipi/airspan-followup-c1-rep1/latency/veh-001/request bytes=1351 forwarded=1
1786041157.145453 publish topic=ipi/airspan-followup-c1-rep1/latency/veh-001/ack bytes=238 forwarded=1
1786041157.375062 publish topic=ipi/airspan-followup-c1-rep1/latency/veh-001/request bytes=1351 forwarded=1
1786041157.375636 publish topic=ipi/airspan-followup-c1-rep1/latency/veh-001/ack bytes=238 forwarded=1
1786041157.615773 publish topic=ipi/airspan-followup-c1-rep1/latency/veh-001/request bytes=1351 forwarded=1
1786041157.616432 publish topic=ipi/airspan-followup-c1-rep1/latency/veh-001/ack bytes=238 forwarded=1
1786041157.855871 publish topic=ipi/airspan-followup-c1-rep1/latency/veh-001/request bytes=1351 forwarded=1
1786041157.856502 publish topic=ipi/airspan-followup-c1-rep1/latency/veh-001/ack bytes=238 forwarded=1
1786041158.085995 publish topic=ipi/airspan-followup-c1-rep1/latency/veh-001/request bytes=1351 forwarded=1
1786041158.086494 publish topic=ipi/airspan-followup-c1-rep1/latency/veh-001/ack bytes=238 forwarded=1
1786041158.316336 publish topic=ipi/airspan-followup-c1-rep1/latency/veh-001/request bytes=1351 forwarded=1
1786041158.316973 publish topic=ipi/airspan-followup-c1-rep1/latency/veh-001/ack bytes=238 forwarded=1
1786041158.556307 publish topic=ipi/airspan-followup-c1-rep1/latency/veh-001/request bytes=1351 forwarded=1
1786041158.556553 publish topic=ipi/airspan-followup-c1-rep1/latency/veh-001/ack bytes=238 forwarded=1
1786041158.776711 publish topic=ipi/airspan-followup-c1-rep1/latency/veh-001/request bytes=1351 forwarded=1
1786041158.777027 publish topic=ipi/airspan-followup-c1-rep1/latency/veh-001/ack bytes=238 forwarded=1
1786041158.997169 publish topic=ipi/airspan-followup-c1-rep1/latency/veh-001/request bytes=1351 forwarded=1
1786041158.997806 publish topic=ipi/airspan-followup-c1-rep1/latency/veh-001/ack bytes=238 forwarded=1
1786041159.237600 publish topic=ipi/airspan-followup-c1-rep1/latency/veh-001/request bytes=1351 forwarded=1
1786041159.238231 publish topic=ipi/airspan-followup-c1-rep1/latency/veh-001/ack bytes=238 forwarded=1
1786041159.467756 publish topic=ipi/airspan-followup-c1-rep1/latency/veh-001/request bytes=1351 forwarded=1
1786041159.468175 publish topic=ipi/airspan-followup-c1-rep1/latency/veh-001/ack bytes=238 forwarded=1
1786041159.717741 publish topic=ipi/airspan-followup-c1-rep1/latency/veh-001/request bytes=1351 forwarded=1
1786041159.718077 publish topic=ipi/airspan-followup-c1-rep1/latency/veh-001/ack bytes=238 forwarded=1
1786041159.948386 publish topic=ipi/airspan-followup-c1-rep1/latency/veh-001/request bytes=1351 forwarded=1
1786041159.949033 publish topic=ipi/airspan-followup-c1-rep1/latency/veh-001/ack bytes=238 forwarded=1
1786041160.188825 publish topic=ipi/airspan-followup-c1-rep1/latency/veh-001/request bytes=1351 forwarded=1
1786041160.189488 publish topic=ipi/airspan-followup-c1-rep1/latency/veh-001/ack bytes=238 forwarded=1
1786041160.419072 publish topic=ipi/airspan-followup-c1-rep1/latency/veh-001/request bytes=1351 forwarded=1
1786041160.419708 publish topic=ipi/airspan-followup-c1-rep1/latency/veh-001/ack bytes=238 forwarded=1
1786041160.649245 publish topic=ipi/airspan-followup-c1-rep1/latency/veh-001/request bytes=1351 forwarded=1
1786041160.649899 publish topic=ipi/airspan-followup-c1-rep1/latency/veh-001/ack bytes=238 forwarded=1
1786041160.879513 publish topic=ipi/airspan-followup-c1-rep1/latency/veh-001/request bytes=1351 forwarded=1
1786041160.879853 publish topic=ipi/airspan-followup-c1-rep1/latency/veh-001/ack bytes=238 forwarded=1
1786041161.109830 publish topic=ipi/airspan-followup-c1-rep1/latency/veh-001/request bytes=1351 forwarded=1
1786041161.110487 publish topic=ipi/airspan-followup-c1-rep1/latency/veh-001/ack bytes=238 forwarded=1
1786041161.340231 publish topic=ipi/airspan-followup-c1-rep1/latency/veh-001/request bytes=1351 forwarded=1
1786041161.340953 publish topic=ipi/airspan-followup-c1-rep1/latency/veh-001/ack bytes=238 forwarded=1
1786041161.570289 publish topic=ipi/airspan-followup-c1-rep1/latency/veh-001/request bytes=1351 forwarded=1
1786041161.570601 publish topic=ipi/airspan-followup-c1-rep1/latency/veh-001/ack bytes=238 forwarded=1
1786041161.790871 publish topic=ipi/airspan-followup-c1-rep1/latency/veh-001/request bytes=1351 forwarded=1
1786041161.791521 publish topic=ipi/airspan-followup-c1-rep1/latency/veh-001/ack bytes=238 forwarded=1
1786041162.031230 publish topic=ipi/airspan-followup-c1-rep1/latency/veh-001/request bytes=1351 forwarded=1
1786041162.031568 publish topic=ipi/airspan-followup-c1-rep1/latency/veh-001/ack bytes=238 forwarded=1
1786041162.261402 publish topic=ipi/airspan-followup-c1-rep1/latency/veh-001/request bytes=1351 forwarded=1
1786041162.262139 publish topic=ipi/airspan-followup-c1-rep1/latency/veh-001/ack bytes=238 forwarded=1
1786041162.501613 publish topic=ipi/airspan-followup-c1-rep1/latency/veh-001/request bytes=1351 forwarded=1
1786041162.502278 publish topic=ipi/airspan-followup-c1-rep1/latency/veh-001/ack bytes=238 forwarded=1
1786041162.741885 publish topic=ipi/airspan-followup-c1-rep1/latency/veh-001/request bytes=1351 forwarded=1
1786041162.742196 publish topic=ipi/airspan-followup-c1-rep1/latency/veh-001/ack bytes=238 forwarded=1
1786041162.972204 publish topic=ipi/airspan-followup-c1-rep1/latency/veh-001/request bytes=1351 forwarded=1
1786041162.972914 publish topic=ipi/airspan-followup-c1-rep1/latency/veh-001/ack bytes=238 forwarded=1
1786041163.202634 publish topic=ipi/airspan-followup-c1-rep1/latency/veh-001/request bytes=1351 forwarded=1
1786041163.203295 publish topic=ipi/airspan-followup-c1-rep1/latency/veh-001/ack bytes=238 forwarded=1
1786041163.442684 publish topic=ipi/airspan-followup-c1-rep1/latency/veh-001/request bytes=1351 forwarded=1
1786041163.442938 publish topic=ipi/airspan-followup-c1-rep1/latency/veh-001/ack bytes=238 forwarded=1
1786041163.672972 publish topic=ipi/airspan-followup-c1-rep1/latency/veh-001/request bytes=1351 forwarded=1
1786041163.673611 publish topic=ipi/airspan-followup-c1-rep1/latency/veh-001/ack bytes=238 forwarded=1
1786041163.903627 publish topic=ipi/airspan-followup-c1-rep1/latency/veh-001/request bytes=1351 forwarded=1
1786041163.904242 publish topic=ipi/airspan-followup-c1-rep1/latency/veh-001/ack bytes=238 forwarded=1
1786041164.144073 publish topic=ipi/airspan-followup-c1-rep1/latency/veh-001/request bytes=1351 forwarded=1
1786041164.144723 publish topic=ipi/airspan-followup-c1-rep1/latency/veh-001/ack bytes=238 forwarded=1
1786041164.374176 publish topic=ipi/airspan-followup-c1-rep1/latency/veh-001/request bytes=1351 forwarded=1
1786041164.374784 publish topic=ipi/airspan-followup-c1-rep1/latency/veh-001/ack bytes=238 forwarded=1
1786041164.604416 publish topic=ipi/airspan-followup-c1-rep1/latency/veh-001/request bytes=1351 forwarded=1
1786041164.605039 publish topic=ipi/airspan-followup-c1-rep1/latency/veh-001/ack bytes=238 forwarded=1
1786041164.844805 publish topic=ipi/airspan-followup-c1-rep1/latency/veh-001/request bytes=1353 forwarded=1
1786041164.845146 publish topic=ipi/airspan-followup-c1-rep1/latency/veh-001/ack bytes=239 forwarded=1
1786041165.074929 publish topic=ipi/airspan-followup-c1-rep1/latency/veh-001/request bytes=1353 forwarded=1
1786041165.075589 publish topic=ipi/airspan-followup-c1-rep1/latency/veh-001/ack bytes=239 forwarded=1
1786041165.315271 publish topic=ipi/airspan-followup-c1-rep1/latency/veh-001/request bytes=1353 forwarded=1
1786041165.315925 publish topic=ipi/airspan-followup-c1-rep1/latency/veh-001/ack bytes=239 forwarded=1
1786041165.545558 publish topic=ipi/airspan-followup-c1-rep1/latency/veh-001/request bytes=1353 forwarded=1
1786041165.545834 publish topic=ipi/airspan-followup-c1-rep1/latency/veh-001/ack bytes=239 forwarded=1
1786041165.765949 publish topic=ipi/airspan-followup-c1-rep1/latency/veh-001/request bytes=1353 forwarded=1
1786041165.766437 publish topic=ipi/airspan-followup-c1-rep1/latency/veh-001/ack bytes=239 forwarded=1
1786041165.996021 publish topic=ipi/airspan-followup-c1-rep1/latency/veh-001/request bytes=1353 forwarded=1
1786041165.996370 publish topic=ipi/airspan-followup-c1-rep1/latency/veh-001/ack bytes=239 forwarded=1
1786041166.236762 publish topic=ipi/airspan-followup-c1-rep1/latency/veh-001/request bytes=1353 forwarded=1
1786041166.237422 publish topic=ipi/airspan-followup-c1-rep1/latency/veh-001/ack bytes=239 forwarded=1
1786041166.486800 publish topic=ipi/airspan-followup-c1-rep1/latency/veh-001/request bytes=1353 forwarded=1
1786041166.487526 publish topic=ipi/airspan-followup-c1-rep1/latency/veh-001/ack bytes=239 forwarded=1
1786041166.717075 publish topic=ipi/airspan-followup-c1-rep1/latency/veh-001/request bytes=1353 forwarded=1
1786041166.717725 publish topic=ipi/airspan-followup-c1-rep1/latency/veh-001/ack bytes=239 forwarded=1
1786041166.947541 publish topic=ipi/airspan-followup-c1-rep1/latency/veh-001/request bytes=1353 forwarded=1
1786041166.948147 publish topic=ipi/airspan-followup-c1-rep1/latency/veh-001/ack bytes=239 forwarded=1
1786041167.177587 publish topic=ipi/airspan-followup-c1-rep1/latency/veh-001/request bytes=1353 forwarded=1
1786041167.178251 publish topic=ipi/airspan-followup-c1-rep1/latency/veh-001/ack bytes=239 forwarded=1
1786041167.407864 publish topic=ipi/airspan-followup-c1-rep1/latency/veh-001/request bytes=1353 forwarded=1
1786041167.408324 publish topic=ipi/airspan-followup-c1-rep1/latency/veh-001/ack bytes=239 forwarded=1
1786041167.638168 publish topic=ipi/airspan-followup-c1-rep1/latency/veh-001/request bytes=1353 forwarded=1
1786041167.638446 publish topic=ipi/airspan-followup-c1-rep1/latency/veh-001/ack bytes=239 forwarded=1
1786041167.868237 publish topic=ipi/airspan-followup-c1-rep1/latency/veh-001/request bytes=1353 forwarded=1
1786041167.868503 publish topic=ipi/airspan-followup-c1-rep1/latency/veh-001/ack bytes=239 forwarded=1
1786041168.108878 publish topic=ipi/airspan-followup-c1-rep1/latency/veh-001/request bytes=1353 forwarded=1
1786041168.109452 publish topic=ipi/airspan-followup-c1-rep1/latency/veh-001/ack bytes=239 forwarded=1
1786041168.339150 publish topic=ipi/airspan-followup-c1-rep1/latency/veh-001/request bytes=1353 forwarded=1
1786041168.339746 publish topic=ipi/airspan-followup-c1-rep1/latency/veh-001/ack bytes=239 forwarded=1
1786041168.569369 publish topic=ipi/airspan-followup-c1-rep1/latency/veh-001/request bytes=1353 forwarded=1
1786041168.569979 publish topic=ipi/airspan-followup-c1-rep1/latency/veh-001/ack bytes=239 forwarded=1
1786041168.809366 publish topic=ipi/airspan-followup-c1-rep1/latency/veh-001/request bytes=1353 forwarded=1
1786041168.809578 publish topic=ipi/airspan-followup-c1-rep1/latency/veh-001/ack bytes=239 forwarded=1
1786041169.039901 publish topic=ipi/airspan-followup-c1-rep1/latency/veh-001/request bytes=1353 forwarded=1
1786041169.040503 publish topic=ipi/airspan-followup-c1-rep1/latency/veh-001/ack bytes=239 forwarded=1
1786041169.270403 publish topic=ipi/airspan-followup-c1-rep1/latency/veh-001/request bytes=1353 forwarded=1
1786041169.271036 publish topic=ipi/airspan-followup-c1-rep1/latency/veh-001/ack bytes=239 forwarded=1
1786041169.500347 publish topic=ipi/airspan-followup-c1-rep1/latency/veh-001/request bytes=1353 forwarded=1
1786041169.500955 publish topic=ipi/airspan-followup-c1-rep1/latency/veh-001/ack bytes=239 forwarded=1
1786041169.740781 publish topic=ipi/airspan-followup-c1-rep1/latency/veh-001/request bytes=1353 forwarded=1
1786041169.741358 publish topic=ipi/airspan-followup-c1-rep1/latency/veh-001/ack bytes=239 forwarded=1
1786041169.980798 publish topic=ipi/airspan-followup-c1-rep1/latency/veh-001/request bytes=1353 forwarded=1
1786041169.981039 publish topic=ipi/airspan-followup-c1-rep1/latency/veh-001/ack bytes=239 forwarded=1
1786041170.221055 publish topic=ipi/airspan-followup-c1-rep1/latency/veh-001/request bytes=1353 forwarded=1
1786041170.221354 publish topic=ipi/airspan-followup-c1-rep1/latency/veh-001/ack bytes=239 forwarded=1
1786041170.441390 publish topic=ipi/airspan-followup-c1-rep1/latency/veh-001/request bytes=1353 forwarded=1
1786041170.442003 publish topic=ipi/airspan-followup-c1-rep1/latency/veh-001/ack bytes=239 forwarded=1
1786041170.662006 publish topic=ipi/airspan-followup-c1-rep1/latency/veh-001/request bytes=1353 forwarded=1
1786041170.662640 publish topic=ipi/airspan-followup-c1-rep1/latency/veh-001/ack bytes=239 forwarded=1
1786041170.892071 publish topic=ipi/airspan-followup-c1-rep1/latency/veh-001/request bytes=1353 forwarded=1
1786041170.892747 publish topic=ipi/airspan-followup-c1-rep1/latency/veh-001/ack bytes=239 forwarded=1
1786041171.132515 publish topic=ipi/airspan-followup-c1-rep1/latency/veh-001/request bytes=1353 forwarded=1
1786041171.133230 publish topic=ipi/airspan-followup-c1-rep1/latency/veh-001/ack bytes=239 forwarded=1
1786041171.362860 publish topic=ipi/airspan-followup-c1-rep1/latency/veh-001/request bytes=1353 forwarded=1
1786041171.363493 publish topic=ipi/airspan-followup-c1-rep1/latency/veh-001/ack bytes=239 forwarded=1
1786041171.592768 publish topic=ipi/airspan-followup-c1-rep1/latency/veh-001/request bytes=1353 forwarded=1
1786041171.593016 publish topic=ipi/airspan-followup-c1-rep1/latency/veh-001/ack bytes=239 forwarded=1
1786041171.823384 publish topic=ipi/airspan-followup-c1-rep1/latency/veh-001/request bytes=1353 forwarded=1
1786041171.824027 publish topic=ipi/airspan-followup-c1-rep1/latency/veh-001/ack bytes=239 forwarded=1
1786041172.063633 publish topic=ipi/airspan-followup-c1-rep1/latency/veh-001/request bytes=1353 forwarded=1
1786041172.064315 publish topic=ipi/airspan-followup-c1-rep1/latency/veh-001/ack bytes=239 forwarded=1
1786041172.294379 publish topic=ipi/airspan-followup-c1-rep1/latency/veh-001/request bytes=1353 forwarded=1
1786041172.295099 publish topic=ipi/airspan-followup-c1-rep1/latency/veh-001/ack bytes=239 forwarded=1
1786041172.534415 publish topic=ipi/airspan-followup-c1-rep1/latency/veh-001/request bytes=1353 forwarded=1
1786041172.535047 publish topic=ipi/airspan-followup-c1-rep1/latency/veh-001/ack bytes=239 forwarded=1
1786041172.774589 publish topic=ipi/airspan-followup-c1-rep1/latency/veh-001/request bytes=1353 forwarded=1
1786041172.775224 publish topic=ipi/airspan-followup-c1-rep1/latency/veh-001/ack bytes=239 forwarded=1
1786041173.004740 publish topic=ipi/airspan-followup-c1-rep1/latency/veh-001/request bytes=1353 forwarded=1
1786041173.005027 publish topic=ipi/airspan-followup-c1-rep1/latency/veh-001/ack bytes=239 forwarded=1
1786041173.255263 publish topic=ipi/airspan-followup-c1-rep1/latency/veh-001/request bytes=1353 forwarded=1
1786041173.255703 publish topic=ipi/airspan-followup-c1-rep1/latency/veh-001/ack bytes=239 forwarded=1
1786041173.495579 publish topic=ipi/airspan-followup-c1-rep1/latency/veh-001/request bytes=1353 forwarded=1
1786041173.496250 publish topic=ipi/airspan-followup-c1-rep1/latency/veh-001/ack bytes=239 forwarded=1
1786041173.725657 publish topic=ipi/airspan-followup-c1-rep1/latency/veh-001/request bytes=1353 forwarded=1
1786041173.726294 publish topic=ipi/airspan-followup-c1-rep1/latency/veh-001/ack bytes=239 forwarded=1
1786041173.946076 publish topic=ipi/airspan-followup-c1-rep1/latency/veh-001/request bytes=1353 forwarded=1
1786041173.946752 publish topic=ipi/airspan-followup-c1-rep1/latency/veh-001/ack bytes=239 forwarded=1
1786041174.176501 publish topic=ipi/airspan-followup-c1-rep1/latency/veh-001/request bytes=1353 forwarded=1
1786041174.177200 publish topic=ipi/airspan-followup-c1-rep1/latency/veh-001/ack bytes=239 forwarded=1
1786041174.406635 publish topic=ipi/airspan-followup-c1-rep1/latency/veh-001/request bytes=1353 forwarded=1
1786041174.407032 publish topic=ipi/airspan-followup-c1-rep1/latency/veh-001/ack bytes=239 forwarded=1
1786041174.636865 publish topic=ipi/airspan-followup-c1-rep1/latency/veh-001/request bytes=1353 forwarded=1
1786041174.637542 publish topic=ipi/airspan-followup-c1-rep1/latency/veh-001/ack bytes=239 forwarded=1
1786041174.877089 publish topic=ipi/airspan-followup-c1-rep1/latency/veh-001/request bytes=1353 forwarded=1
1786041174.877465 publish topic=ipi/airspan-followup-c1-rep1/latency/veh-001/ack bytes=239 forwarded=1
1786041175.107570 publish topic=ipi/airspan-followup-c1-rep1/latency/veh-001/request bytes=1353 forwarded=1
1786041175.108219 publish topic=ipi/airspan-followup-c1-rep1/latency/veh-001/ack bytes=239 forwarded=1
1786041175.347891 publish topic=ipi/airspan-followup-c1-rep1/latency/veh-001/request bytes=1353 forwarded=1
1786041175.348564 publish topic=ipi/airspan-followup-c1-rep1/latency/veh-001/ack bytes=239 forwarded=1
1786041175.588082 publish topic=ipi/airspan-followup-c1-rep1/latency/veh-001/request bytes=1353 forwarded=1
1786041175.588789 publish topic=ipi/airspan-followup-c1-rep1/latency/veh-001/ack bytes=239 forwarded=1
1786041175.818583 publish topic=ipi/airspan-followup-c1-rep1/latency/veh-001/request bytes=1353 forwarded=1
1786041175.819244 publish topic=ipi/airspan-followup-c1-rep1/latency/veh-001/ack bytes=239 forwarded=1
1786041176.048523 publish topic=ipi/airspan-followup-c1-rep1/latency/veh-001/request bytes=1353 forwarded=1
1786041176.049191 publish topic=ipi/airspan-followup-c1-rep1/latency/veh-001/ack bytes=239 forwarded=1
1786041176.279197 publish topic=ipi/airspan-followup-c1-rep1/latency/veh-001/request bytes=1353 forwarded=1
1786041176.279868 publish topic=ipi/airspan-followup-c1-rep1/latency/veh-001/ack bytes=239 forwarded=1
1786041176.509280 publish topic=ipi/airspan-followup-c1-rep1/latency/veh-001/request bytes=1353 forwarded=1
1786041176.509917 publish topic=ipi/airspan-followup-c1-rep1/latency/veh-001/ack bytes=239 forwarded=1
1786041176.749546 publish topic=ipi/airspan-followup-c1-rep1/latency/veh-001/request bytes=1353 forwarded=1
1786041176.750130 publish topic=ipi/airspan-followup-c1-rep1/latency/veh-001/ack bytes=239 forwarded=1
1786041176.980115 publish topic=ipi/airspan-followup-c1-rep1/latency/veh-001/request bytes=1353 forwarded=1
1786041176.980750 publish topic=ipi/airspan-followup-c1-rep1/latency/veh-001/ack bytes=239 forwarded=1
1786041177.210236 publish topic=ipi/airspan-followup-c1-rep1/latency/veh-001/request bytes=1353 forwarded=1
1786041177.210816 publish topic=ipi/airspan-followup-c1-rep1/latency/veh-001/ack bytes=239 forwarded=1
1786041177.440704 publish topic=ipi/airspan-followup-c1-rep1/latency/veh-001/request bytes=1353 forwarded=1
1786041177.441347 publish topic=ipi/airspan-followup-c1-rep1/latency/veh-001/ack bytes=239 forwarded=1
1786041177.670647 publish topic=ipi/airspan-followup-c1-rep1/latency/veh-001/request bytes=1353 forwarded=1
1786041177.670962 publish topic=ipi/airspan-followup-c1-rep1/latency/veh-001/ack bytes=239 forwarded=1
1786041177.911035 publish topic=ipi/airspan-followup-c1-rep1/latency/veh-001/request bytes=1353 forwarded=1
1786041177.911325 publish topic=ipi/airspan-followup-c1-rep1/latency/veh-001/ack bytes=239 forwarded=1
1786041178.141585 publish topic=ipi/airspan-followup-c1-rep1/latency/veh-001/request bytes=1353 forwarded=1
1786041178.142255 publish topic=ipi/airspan-followup-c1-rep1/latency/veh-001/ack bytes=239 forwarded=1
1786041178.372034 publish topic=ipi/airspan-followup-c1-rep1/latency/veh-001/request bytes=1353 forwarded=1
1786041178.372752 publish topic=ipi/airspan-followup-c1-rep1/latency/veh-001/ack bytes=239 forwarded=1
1786041178.612303 publish topic=ipi/airspan-followup-c1-rep1/latency/veh-001/request bytes=1353 forwarded=1
1786041178.613017 publish topic=ipi/airspan-followup-c1-rep1/latency/veh-001/ack bytes=239 forwarded=1
1786041178.842734 publish topic=ipi/airspan-followup-c1-rep1/latency/veh-001/request bytes=1353 forwarded=1
1786041178.843411 publish topic=ipi/airspan-followup-c1-rep1/latency/veh-001/ack bytes=239 forwarded=1
1786041179.062736 publish topic=ipi/airspan-followup-c1-rep1/latency/veh-001/request bytes=1353 forwarded=1
1786041179.063380 publish topic=ipi/airspan-followup-c1-rep1/latency/veh-001/ack bytes=239 forwarded=1
1786041179.303367 publish topic=ipi/airspan-followup-c1-rep1/latency/veh-001/request bytes=1353 forwarded=1
1786041179.304018 publish topic=ipi/airspan-followup-c1-rep1/latency/veh-001/ack bytes=239 forwarded=1
1786041179.533548 publish topic=ipi/airspan-followup-c1-rep1/latency/veh-001/request bytes=1353 forwarded=1
1786041179.534149 publish topic=ipi/airspan-followup-c1-rep1/latency/veh-001/ack bytes=239 forwarded=1
1786041179.773887 publish topic=ipi/airspan-followup-c1-rep1/latency/veh-001/request bytes=1353 forwarded=1
1786041179.774330 publish topic=ipi/airspan-followup-c1-rep1/latency/veh-001/ack bytes=239 forwarded=1
1786041180.004115 publish topic=ipi/airspan-followup-c1-rep1/latency/veh-001/request bytes=1353 forwarded=1
1786041180.004566 publish topic=ipi/airspan-followup-c1-rep1/latency/veh-001/ack bytes=239 forwarded=1
1786041180.244654 publish topic=ipi/airspan-followup-c1-rep1/latency/veh-001/request bytes=1353 forwarded=1
1786041180.245317 publish topic=ipi/airspan-followup-c1-rep1/latency/veh-001/ack bytes=239 forwarded=1
1786041180.474742 publish topic=ipi/airspan-followup-c1-rep1/latency/veh-001/request bytes=1353 forwarded=1
1786041180.475336 publish topic=ipi/airspan-followup-c1-rep1/latency/veh-001/ack bytes=239 forwarded=1
1786041180.705278 publish topic=ipi/airspan-followup-c1-rep1/latency/veh-001/request bytes=1353 forwarded=1
1786041180.705881 publish topic=ipi/airspan-followup-c1-rep1/latency/veh-001/ack bytes=239 forwarded=1
1786041180.945706 publish topic=ipi/airspan-followup-c1-rep1/latency/veh-001/request bytes=1353 forwarded=1
1786041180.946315 publish topic=ipi/airspan-followup-c1-rep1/latency/veh-001/ack bytes=239 forwarded=1
1786041181.185845 publish topic=ipi/airspan-followup-c1-rep1/latency/veh-001/request bytes=1353 forwarded=1
1786041181.186450 publish topic=ipi/airspan-followup-c1-rep1/latency/veh-001/ack bytes=239 forwarded=1
1786041181.426063 publish topic=ipi/airspan-followup-c1-rep1/latency/veh-001/request bytes=1353 forwarded=1
1786041181.426634 publish topic=ipi/airspan-followup-c1-rep1/latency/veh-001/ack bytes=239 forwarded=1
1786041181.656201 publish topic=ipi/airspan-followup-c1-rep1/latency/veh-001/request bytes=1353 forwarded=1
1786041181.656582 publish topic=ipi/airspan-followup-c1-rep1/latency/veh-001/ack bytes=239 forwarded=1
1786041181.896849 publish topic=ipi/airspan-followup-c1-rep1/latency/veh-001/request bytes=1353 forwarded=1
1786041181.897517 publish topic=ipi/airspan-followup-c1-rep1/latency/veh-001/ack bytes=239 forwarded=1
1786041182.117032 publish topic=ipi/airspan-followup-c1-rep1/latency/veh-001/request bytes=1353 forwarded=1
1786041182.117452 publish topic=ipi/airspan-followup-c1-rep1/latency/veh-001/ack bytes=239 forwarded=1
1786041182.347623 publish topic=ipi/airspan-followup-c1-rep1/latency/veh-001/request bytes=1353 forwarded=1
1786041182.348316 publish topic=ipi/airspan-followup-c1-rep1/latency/veh-001/ack bytes=239 forwarded=1
1786041182.587824 publish topic=ipi/airspan-followup-c1-rep1/latency/veh-001/request bytes=1353 forwarded=1
1786041182.588502 publish topic=ipi/airspan-followup-c1-rep1/latency/veh-001/ack bytes=239 forwarded=1
1786041182.827924 publish topic=ipi/airspan-followup-c1-rep1/latency/veh-001/request bytes=1353 forwarded=1
1786041182.828579 publish topic=ipi/airspan-followup-c1-rep1/latency/veh-001/ack bytes=239 forwarded=1
1786041183.058444 publish topic=ipi/airspan-followup-c1-rep1/latency/veh-001/request bytes=1353 forwarded=1
1786041183.059108 publish topic=ipi/airspan-followup-c1-rep1/latency/veh-001/ack bytes=239 forwarded=1
1786041183.298517 publish topic=ipi/airspan-followup-c1-rep1/latency/veh-001/request bytes=1353 forwarded=1
1786041183.298987 publish topic=ipi/airspan-followup-c1-rep1/latency/veh-001/ack bytes=239 forwarded=1
1786041183.539050 publish topic=ipi/airspan-followup-c1-rep1/latency/veh-001/request bytes=1353 forwarded=1
1786041183.539672 publish topic=ipi/airspan-followup-c1-rep1/latency/veh-001/ack bytes=239 forwarded=1
1786041183.769030 publish topic=ipi/airspan-followup-c1-rep1/latency/veh-001/request bytes=1353 forwarded=1
1786041183.769495 publish topic=ipi/airspan-followup-c1-rep1/latency/veh-001/ack bytes=239 forwarded=1
1786041184.009679 publish topic=ipi/airspan-followup-c1-rep1/latency/veh-001/request bytes=1353 forwarded=1
1786041184.010434 publish topic=ipi/airspan-followup-c1-rep1/latency/veh-001/ack bytes=239 forwarded=1
1786041184.240082 publish topic=ipi/airspan-followup-c1-rep1/latency/veh-001/request bytes=1353 forwarded=1
1786041184.240755 publish topic=ipi/airspan-followup-c1-rep1/latency/veh-001/ack bytes=239 forwarded=1
1786041184.479981 publish topic=ipi/airspan-followup-c1-rep1/latency/veh-001/request bytes=1353 forwarded=1
1786041184.480320 publish topic=ipi/airspan-followup-c1-rep1/latency/veh-001/ack bytes=239 forwarded=1
1786041184.720459 publish topic=ipi/airspan-followup-c1-rep1/latency/veh-001/request bytes=1353 forwarded=1
1786041184.721091 publish topic=ipi/airspan-followup-c1-rep1/latency/veh-001/ack bytes=239 forwarded=1
1786041184.960629 publish topic=ipi/airspan-followup-c1-rep1/latency/veh-001/request bytes=1353 forwarded=1
1786041184.961321 publish topic=ipi/airspan-followup-c1-rep1/latency/veh-001/ack bytes=239 forwarded=1
1786041185.190763 publish topic=ipi/airspan-followup-c1-rep1/latency/veh-001/request bytes=1353 forwarded=1
1786041185.191005 publish topic=ipi/airspan-followup-c1-rep1/latency/veh-001/ack bytes=239 forwarded=1
1786041185.421275 publish topic=ipi/airspan-followup-c1-rep1/latency/veh-001/request bytes=1353 forwarded=1
1786041185.421856 publish topic=ipi/airspan-followup-c1-rep1/latency/veh-001/ack bytes=239 forwarded=1
1786041185.641620 publish topic=ipi/airspan-followup-c1-rep1/latency/veh-001/request bytes=1353 forwarded=1
1786041185.642225 publish topic=ipi/airspan-followup-c1-rep1/latency/veh-001/ack bytes=239 forwarded=1
1786041185.862479 publish topic=ipi/airspan-followup-c1-rep1/latency/veh-001/request bytes=1353 forwarded=1
1786041185.863188 publish topic=ipi/airspan-followup-c1-rep1/latency/veh-001/ack bytes=239 forwarded=1
1786041186.102218 publish topic=ipi/airspan-followup-c1-rep1/latency/veh-001/request bytes=1353 forwarded=1
1786041186.102811 publish topic=ipi/airspan-followup-c1-rep1/latency/veh-001/ack bytes=239 forwarded=1
1786041186.342770 publish topic=ipi/airspan-followup-c1-rep1/latency/veh-001/request bytes=1353 forwarded=1
1786041186.343400 publish topic=ipi/airspan-followup-c1-rep1/latency/veh-001/ack bytes=239 forwarded=1
1786041186.582860 publish topic=ipi/airspan-followup-c1-rep1/latency/veh-001/request bytes=1353 forwarded=1
1786041186.583119 publish topic=ipi/airspan-followup-c1-rep1/latency/veh-001/ack bytes=239 forwarded=1
1786041186.833085 publish topic=ipi/airspan-followup-c1-rep1/latency/veh-001/request bytes=1353 forwarded=1
1786041186.833725 publish topic=ipi/airspan-followup-c1-rep1/latency/veh-001/ack bytes=239 forwarded=1
1786041187.063543 publish topic=ipi/airspan-followup-c1-rep1/latency/veh-001/request bytes=1353 forwarded=1
1786041187.064178 publish topic=ipi/airspan-followup-c1-rep1/latency/veh-001/ack bytes=239 forwarded=1
1786041187.293767 publish topic=ipi/airspan-followup-c1-rep1/latency/veh-001/request bytes=1353 forwarded=1
1786041187.294077 publish topic=ipi/airspan-followup-c1-rep1/latency/veh-001/ack bytes=239 forwarded=1
1786041187.524241 publish topic=ipi/airspan-followup-c1-rep1/latency/veh-001/request bytes=1353 forwarded=1
1786041187.524857 publish topic=ipi/airspan-followup-c1-rep1/latency/veh-001/ack bytes=239 forwarded=1
1786041187.764550 publish topic=ipi/airspan-followup-c1-rep1/latency/veh-001/request bytes=1353 forwarded=1
1786041187.765019 publish topic=ipi/airspan-followup-c1-rep1/latency/veh-001/ack bytes=239 forwarded=1
1786041187.994663 publish topic=ipi/airspan-followup-c1-rep1/latency/veh-001/request bytes=1353 forwarded=1
1786041187.995380 publish topic=ipi/airspan-followup-c1-rep1/latency/veh-001/ack bytes=239 forwarded=1
1786041188.235306 publish topic=ipi/airspan-followup-c1-rep1/latency/veh-001/request bytes=1353 forwarded=1
1786041188.235939 publish topic=ipi/airspan-followup-c1-rep1/latency/veh-001/ack bytes=239 forwarded=1
1786041188.475589 publish topic=ipi/airspan-followup-c1-rep1/latency/veh-001/request bytes=1353 forwarded=1
1786041188.475956 publish topic=ipi/airspan-followup-c1-rep1/latency/veh-001/ack bytes=239 forwarded=1
1786041188.705781 publish topic=ipi/airspan-followup-c1-rep1/latency/veh-001/request bytes=1353 forwarded=1
1786041188.706372 publish topic=ipi/airspan-followup-c1-rep1/latency/veh-001/ack bytes=239 forwarded=1
1786041188.936274 publish topic=ipi/airspan-followup-c1-rep1/latency/veh-001/request bytes=1353 forwarded=1
1786041188.936940 publish topic=ipi/airspan-followup-c1-rep1/latency/veh-001/ack bytes=239 forwarded=1
1786041189.166219 publish topic=ipi/airspan-followup-c1-rep1/latency/veh-001/request bytes=1353 forwarded=1
1786041189.166500 publish topic=ipi/airspan-followup-c1-rep1/latency/veh-001/ack bytes=239 forwarded=1
1786041189.396748 publish topic=ipi/airspan-followup-c1-rep1/latency/veh-001/request bytes=1353 forwarded=1
1786041189.397401 publish topic=ipi/airspan-followup-c1-rep1/latency/veh-001/ack bytes=239 forwarded=1
1786041189.627087 publish topic=ipi/airspan-followup-c1-rep1/latency/veh-001/request bytes=1353 forwarded=1
1786041189.627690 publish topic=ipi/airspan-followup-c1-rep1/latency/veh-001/ack bytes=239 forwarded=1
1786041189.857144 publish topic=ipi/airspan-followup-c1-rep1/latency/veh-001/request bytes=1353 forwarded=1
1786041189.857748 publish topic=ipi/airspan-followup-c1-rep1/latency/veh-001/ack bytes=239 forwarded=1
1786041190.097429 publish topic=ipi/airspan-followup-c1-rep1/latency/veh-001/request bytes=1353 forwarded=1
1786041190.097687 publish topic=ipi/airspan-followup-c1-rep1/latency/veh-001/ack bytes=239 forwarded=1
1786041190.318103 publish topic=ipi/airspan-followup-c1-rep1/latency/veh-001/request bytes=1353 forwarded=1
1786041190.318706 publish topic=ipi/airspan-followup-c1-rep1/latency/veh-001/ack bytes=239 forwarded=1
1786041190.548184 publish topic=ipi/airspan-followup-c1-rep1/latency/veh-001/request bytes=1353 forwarded=1
1786041190.548876 publish topic=ipi/airspan-followup-c1-rep1/latency/veh-001/ack bytes=239 forwarded=1
1786041190.778326 publish topic=ipi/airspan-followup-c1-rep1/latency/veh-001/request bytes=1353 forwarded=1
1786041190.778929 publish topic=ipi/airspan-followup-c1-rep1/latency/veh-001/ack bytes=239 forwarded=1
1786041191.008816 publish topic=ipi/airspan-followup-c1-rep1/latency/veh-001/request bytes=1353 forwarded=1
1786041191.009435 publish topic=ipi/airspan-followup-c1-rep1/latency/veh-001/ack bytes=239 forwarded=1
1786041191.238825 publish topic=ipi/airspan-followup-c1-rep1/latency/veh-001/request bytes=1353 forwarded=1
1786041191.239087 publish topic=ipi/airspan-followup-c1-rep1/latency/veh-001/ack bytes=239 forwarded=1
1786041191.469353 publish topic=ipi/airspan-followup-c1-rep1/latency/veh-001/request bytes=1353 forwarded=1
1786041191.469977 publish topic=ipi/airspan-followup-c1-rep1/latency/veh-001/ack bytes=239 forwarded=1
1786041191.699694 publish topic=ipi/airspan-followup-c1-rep1/latency/veh-001/request bytes=1353 forwarded=1
1786041191.700313 publish topic=ipi/airspan-followup-c1-rep1/latency/veh-001/ack bytes=239 forwarded=1
1786041191.930042 publish topic=ipi/airspan-followup-c1-rep1/latency/veh-001/request bytes=1353 forwarded=1
1786041191.930722 publish topic=ipi/airspan-followup-c1-rep1/latency/veh-001/ack bytes=239 forwarded=1
1786041192.160256 publish topic=ipi/airspan-followup-c1-rep1/latency/veh-001/request bytes=1353 forwarded=1
1786041192.160907 publish topic=ipi/airspan-followup-c1-rep1/latency/veh-001/ack bytes=239 forwarded=1
1786041192.400768 publish topic=ipi/airspan-followup-c1-rep1/latency/veh-001/request bytes=1353 forwarded=1
1786041192.401375 publish topic=ipi/airspan-followup-c1-rep1/latency/veh-001/ack bytes=239 forwarded=1
1786041192.630800 publish topic=ipi/airspan-followup-c1-rep1/latency/veh-001/request bytes=1353 forwarded=1
1786041192.631368 publish topic=ipi/airspan-followup-c1-rep1/latency/veh-001/ack bytes=239 forwarded=1
1786041192.861366 publish topic=ipi/airspan-followup-c1-rep1/latency/veh-001/request bytes=1353 forwarded=1
1786041192.861976 publish topic=ipi/airspan-followup-c1-rep1/latency/veh-001/ack bytes=239 forwarded=1
1786041193.091581 publish topic=ipi/airspan-followup-c1-rep1/latency/veh-001/request bytes=1353 forwarded=1
1786041193.092191 publish topic=ipi/airspan-followup-c1-rep1/latency/veh-001/ack bytes=239 forwarded=1
1786041193.311696 publish topic=ipi/airspan-followup-c1-rep1/latency/veh-001/request bytes=1353 forwarded=1
1786041193.312309 publish topic=ipi/airspan-followup-c1-rep1/latency/veh-001/ack bytes=239 forwarded=1
1786041193.542383 publish topic=ipi/airspan-followup-c1-rep1/latency/veh-001/request bytes=1353 forwarded=1
1786041193.542993 publish topic=ipi/airspan-followup-c1-rep1/latency/veh-001/ack bytes=239 forwarded=1
1786041193.782742 publish topic=ipi/airspan-followup-c1-rep1/latency/veh-001/request bytes=1353 forwarded=1
1786041193.783451 publish topic=ipi/airspan-followup-c1-rep1/latency/veh-001/ack bytes=239 forwarded=1
1786041194.022707 publish topic=ipi/airspan-followup-c1-rep1/latency/veh-001/request bytes=1353 forwarded=1
1786041194.023135 publish topic=ipi/airspan-followup-c1-rep1/latency/veh-001/ack bytes=239 forwarded=1
1786041194.253182 publish topic=ipi/airspan-followup-c1-rep1/latency/veh-001/request bytes=1353 forwarded=1
1786041194.253814 publish topic=ipi/airspan-followup-c1-rep1/latency/veh-001/ack bytes=239 forwarded=1
1786041194.493598 publish topic=ipi/airspan-followup-c1-rep1/latency/veh-001/request bytes=1353 forwarded=1
1786041194.494218 publish topic=ipi/airspan-followup-c1-rep1/latency/veh-001/ack bytes=239 forwarded=1
1786041194.733921 publish topic=ipi/airspan-followup-c1-rep1/latency/veh-001/request bytes=1353 forwarded=1
1786041194.734653 publish topic=ipi/airspan-followup-c1-rep1/latency/veh-001/ack bytes=239 forwarded=1
1786041194.974455 publish topic=ipi/airspan-followup-c1-rep1/latency/veh-001/request bytes=1353 forwarded=1
1786041194.974757 publish topic=ipi/airspan-followup-c1-rep1/latency/veh-001/ack bytes=239 forwarded=1
1786041195.204849 publish topic=ipi/airspan-followup-c1-rep1/latency/veh-001/request bytes=1353 forwarded=1
1786041195.205521 publish topic=ipi/airspan-followup-c1-rep1/latency/veh-001/ack bytes=239 forwarded=1
1786041195.445260 publish topic=ipi/airspan-followup-c1-rep1/latency/veh-001/request bytes=1353 forwarded=1
1786041195.445899 publish topic=ipi/airspan-followup-c1-rep1/latency/veh-001/ack bytes=239 forwarded=1
1786041195.685549 publish topic=ipi/airspan-followup-c1-rep1/latency/veh-001/request bytes=1353 forwarded=1
1786041195.685927 publish topic=ipi/airspan-followup-c1-rep1/latency/veh-001/ack bytes=239 forwarded=1
1786041195.905988 publish topic=ipi/airspan-followup-c1-rep1/latency/veh-001/request bytes=1353 forwarded=1
1786041195.906659 publish topic=ipi/airspan-followup-c1-rep1/latency/veh-001/ack bytes=239 forwarded=1
1786041196.125997 publish topic=ipi/airspan-followup-c1-rep1/latency/veh-001/request bytes=1353 forwarded=1
1786041196.126358 publish topic=ipi/airspan-followup-c1-rep1/latency/veh-001/ack bytes=239 forwarded=1
1786041196.356782 publish topic=ipi/airspan-followup-c1-rep1/latency/veh-001/request bytes=1353 forwarded=1
1786041196.357457 publish topic=ipi/airspan-followup-c1-rep1/latency/veh-001/ack bytes=239 forwarded=1
1786041196.597064 publish topic=ipi/airspan-followup-c1-rep1/latency/veh-001/request bytes=1353 forwarded=1
1786041196.597723 publish topic=ipi/airspan-followup-c1-rep1/latency/veh-001/ack bytes=239 forwarded=1
1786041196.827227 publish topic=ipi/airspan-followup-c1-rep1/latency/veh-001/request bytes=1353 forwarded=1
1786041196.827543 publish topic=ipi/airspan-followup-c1-rep1/latency/veh-001/ack bytes=239 forwarded=1
1786041197.057669 publish topic=ipi/airspan-followup-c1-rep1/latency/veh-001/request bytes=1353 forwarded=1
1786041197.058316 publish topic=ipi/airspan-followup-c1-rep1/latency/veh-001/ack bytes=239 forwarded=1
1786041197.288108 publish topic=ipi/airspan-followup-c1-rep1/latency/veh-001/request bytes=1353 forwarded=1
1786041197.288763 publish topic=ipi/airspan-followup-c1-rep1/latency/veh-001/ack bytes=239 forwarded=1
1786041197.518399 publish topic=ipi/airspan-followup-c1-rep1/latency/veh-001/request bytes=1353 forwarded=1
1786041197.519012 publish topic=ipi/airspan-followup-c1-rep1/latency/veh-001/ack bytes=239 forwarded=1
1786041197.748629 publish topic=ipi/airspan-followup-c1-rep1/latency/veh-001/request bytes=1353 forwarded=1
1786041197.749253 publish topic=ipi/airspan-followup-c1-rep1/latency/veh-001/ack bytes=239 forwarded=1
1786041197.979377 publish topic=ipi/airspan-followup-c1-rep1/latency/veh-001/request bytes=1353 forwarded=1
1786041197.979978 publish topic=ipi/airspan-followup-c1-rep1/latency/veh-001/ack bytes=239 forwarded=1
1786041198.209417 publish topic=ipi/airspan-followup-c1-rep1/latency/veh-001/request bytes=1353 forwarded=1
1786041198.209696 publish topic=ipi/airspan-followup-c1-rep1/latency/veh-001/ack bytes=239 forwarded=1
1786041198.449772 publish topic=ipi/airspan-followup-c1-rep1/latency/veh-001/request bytes=1353 forwarded=1
1786041198.450106 publish topic=ipi/airspan-followup-c1-rep1/latency/veh-001/ack bytes=239 forwarded=1
1786041198.680464 publish topic=ipi/airspan-followup-c1-rep1/latency/veh-001/request bytes=1353 forwarded=1
1786041198.681104 publish topic=ipi/airspan-followup-c1-rep1/latency/veh-001/ack bytes=239 forwarded=1
1786041198.910755 publish topic=ipi/airspan-followup-c1-rep1/latency/veh-001/request bytes=1353 forwarded=1
1786041198.911329 publish topic=ipi/airspan-followup-c1-rep1/latency/veh-001/ack bytes=239 forwarded=1
1786041199.140909 publish topic=ipi/airspan-followup-c1-rep1/latency/veh-001/request bytes=1353 forwarded=1
1786041199.141180 publish topic=ipi/airspan-followup-c1-rep1/latency/veh-001/ack bytes=239 forwarded=1
1786041199.381556 publish topic=ipi/airspan-followup-c1-rep1/latency/veh-001/request bytes=1353 forwarded=1
1786041199.382182 publish topic=ipi/airspan-followup-c1-rep1/latency/veh-001/ack bytes=239 forwarded=1
1786041199.611814 publish topic=ipi/airspan-followup-c1-rep1/latency/veh-001/request bytes=1353 forwarded=1
1786041199.612427 publish topic=ipi/airspan-followup-c1-rep1/latency/veh-001/ack bytes=239 forwarded=1
1786041199.842151 publish topic=ipi/airspan-followup-c1-rep1/latency/veh-001/request bytes=1353 forwarded=1
1786041199.842836 publish topic=ipi/airspan-followup-c1-rep1/latency/veh-001/ack bytes=239 forwarded=1
1786041200.072257 publish topic=ipi/airspan-followup-c1-rep1/latency/veh-001/request bytes=1353 forwarded=1
1786041200.072726 publish topic=ipi/airspan-followup-c1-rep1/latency/veh-001/ack bytes=239 forwarded=1
1786041200.312812 publish topic=ipi/airspan-followup-c1-rep1/latency/veh-001/request bytes=1353 forwarded=1
1786041200.313493 publish topic=ipi/airspan-followup-c1-rep1/latency/veh-001/ack bytes=239 forwarded=1
1786041200.553450 publish topic=ipi/airspan-followup-c1-rep1/latency/veh-001/request bytes=1353 forwarded=1
1786041200.554120 publish topic=ipi/airspan-followup-c1-rep1/latency/veh-001/ack bytes=239 forwarded=1
1786041200.783833 publish topic=ipi/airspan-followup-c1-rep1/latency/veh-001/request bytes=1353 forwarded=1
1786041200.784497 publish topic=ipi/airspan-followup-c1-rep1/latency/veh-001/ack bytes=239 forwarded=1
1786041201.024155 publish topic=ipi/airspan-followup-c1-rep1/latency/veh-001/request bytes=1353 forwarded=1
1786041201.024845 publish topic=ipi/airspan-followup-c1-rep1/latency/veh-001/ack bytes=239 forwarded=1
1786041201.264403 publish topic=ipi/airspan-followup-c1-rep1/latency/veh-001/request bytes=1353 forwarded=1
1786041201.264807 publish topic=ipi/airspan-followup-c1-rep1/latency/veh-001/ack bytes=239 forwarded=1
1786041201.494978 publish topic=ipi/airspan-followup-c1-rep1/latency/veh-001/request bytes=1353 forwarded=1
1786041201.495600 publish topic=ipi/airspan-followup-c1-rep1/latency/veh-001/ack bytes=239 forwarded=1
1786041201.734820 publish topic=ipi/airspan-followup-c1-rep1/latency/veh-001/request bytes=1353 forwarded=1
1786041201.735096 publish topic=ipi/airspan-followup-c1-rep1/latency/veh-001/ack bytes=239 forwarded=1
1786041201.965695 publish topic=ipi/airspan-followup-c1-rep1/latency/veh-001/request bytes=1353 forwarded=1
1786041201.966331 publish topic=ipi/airspan-followup-c1-rep1/latency/veh-001/ack bytes=239 forwarded=1
1786041202.196123 publish topic=ipi/airspan-followup-c1-rep1/latency/veh-001/request bytes=1353 forwarded=1
1786041202.196793 publish topic=ipi/airspan-followup-c1-rep1/latency/veh-001/ack bytes=239 forwarded=1
1786041202.426382 publish topic=ipi/airspan-followup-c1-rep1/latency/veh-001/request bytes=1353 forwarded=1
1786041202.426917 publish topic=ipi/airspan-followup-c1-rep1/latency/veh-001/ack bytes=239 forwarded=1
1786041202.656814 publish topic=ipi/airspan-followup-c1-rep1/latency/veh-001/request bytes=1353 forwarded=1
1786041202.657469 publish topic=ipi/airspan-followup-c1-rep1/latency/veh-001/ack bytes=239 forwarded=1
1786041202.897003 publish topic=ipi/airspan-followup-c1-rep1/latency/veh-001/request bytes=1353 forwarded=1
1786041202.897742 publish topic=ipi/airspan-followup-c1-rep1/latency/veh-001/ack bytes=239 forwarded=1
1786041203.127425 publish topic=ipi/airspan-followup-c1-rep1/latency/veh-001/request bytes=1353 forwarded=1
1786041203.128052 publish topic=ipi/airspan-followup-c1-rep1/latency/veh-001/ack bytes=239 forwarded=1
1786041203.357734 publish topic=ipi/airspan-followup-c1-rep1/latency/veh-001/request bytes=1353 forwarded=1
1786041203.358087 publish topic=ipi/airspan-followup-c1-rep1/latency/veh-001/ack bytes=239 forwarded=1
1786041203.588353 publish topic=ipi/airspan-followup-c1-rep1/latency/veh-001/request bytes=1353 forwarded=1
1786041203.589027 publish topic=ipi/airspan-followup-c1-rep1/latency/veh-001/ack bytes=239 forwarded=1
1786041203.818527 publish topic=ipi/airspan-followup-c1-rep1/latency/veh-001/request bytes=1353 forwarded=1
1786041203.819126 publish topic=ipi/airspan-followup-c1-rep1/latency/veh-001/ack bytes=239 forwarded=1
1786041204.058717 publish topic=ipi/airspan-followup-c1-rep1/latency/veh-001/request bytes=1353 forwarded=1
1786041204.058936 publish topic=ipi/airspan-followup-c1-rep1/latency/veh-001/ack bytes=239 forwarded=1
1786041204.289315 publish topic=ipi/airspan-followup-c1-rep1/latency/veh-001/request bytes=1353 forwarded=1
1786041204.289542 publish topic=ipi/airspan-followup-c1-rep1/latency/veh-001/ack bytes=239 forwarded=1
1786041204.519650 publish topic=ipi/airspan-followup-c1-rep1/latency/veh-001/request bytes=1353 forwarded=1
1786041204.520204 publish topic=ipi/airspan-followup-c1-rep1/latency/veh-001/ack bytes=239 forwarded=1
1786041204.749730 publish topic=ipi/airspan-followup-c1-rep1/latency/veh-001/request bytes=1353 forwarded=1
1786041204.749937 publish topic=ipi/airspan-followup-c1-rep1/latency/veh-001/ack bytes=239 forwarded=1
1786041204.980531 publish topic=ipi/airspan-followup-c1-rep1/latency/veh-001/request bytes=1353 forwarded=1
1786041204.981247 publish topic=ipi/airspan-followup-c1-rep1/latency/veh-001/ack bytes=239 forwarded=1
1786041205.200695 publish topic=ipi/airspan-followup-c1-rep1/latency/veh-001/request bytes=1353 forwarded=1
1786041205.201002 publish topic=ipi/airspan-followup-c1-rep1/latency/veh-001/ack bytes=239 forwarded=1
1786041205.441024 publish topic=ipi/airspan-followup-c1-rep1/latency/veh-001/request bytes=1353 forwarded=1
1786041205.441637 publish topic=ipi/airspan-followup-c1-rep1/latency/veh-001/ack bytes=239 forwarded=1
1786041205.681447 publish topic=ipi/airspan-followup-c1-rep1/latency/veh-001/request bytes=1353 forwarded=1
1786041205.682093 publish topic=ipi/airspan-followup-c1-rep1/latency/veh-001/ack bytes=239 forwarded=1
1786041205.901465 publish topic=ipi/airspan-followup-c1-rep1/latency/veh-001/request bytes=1353 forwarded=1
1786041205.902083 publish topic=ipi/airspan-followup-c1-rep1/latency/veh-001/ack bytes=239 forwarded=1
1786041206.142070 publish topic=ipi/airspan-followup-c1-rep1/latency/veh-001/request bytes=1353 forwarded=1
1786041206.142717 publish topic=ipi/airspan-followup-c1-rep1/latency/veh-001/ack bytes=239 forwarded=1
1786041206.372306 publish topic=ipi/airspan-followup-c1-rep1/latency/veh-001/request bytes=1353 forwarded=1
1786041206.372983 publish topic=ipi/airspan-followup-c1-rep1/latency/veh-001/ack bytes=239 forwarded=1
1786041206.602473 publish topic=ipi/airspan-followup-c1-rep1/latency/veh-001/request bytes=1353 forwarded=1
1786041206.603172 publish topic=ipi/airspan-followup-c1-rep1/latency/veh-001/ack bytes=239 forwarded=1
1786041206.832683 publish topic=ipi/airspan-followup-c1-rep1/latency/veh-001/request bytes=1353 forwarded=1
1786041206.833317 publish topic=ipi/airspan-followup-c1-rep1/latency/veh-001/ack bytes=239 forwarded=1
1786041207.073040 publish topic=ipi/airspan-followup-c1-rep1/latency/veh-001/request bytes=1353 forwarded=1
1786041207.073668 publish topic=ipi/airspan-followup-c1-rep1/latency/veh-001/ack bytes=239 forwarded=1
1786041207.313421 publish topic=ipi/airspan-followup-c1-rep1/latency/veh-001/request bytes=1353 forwarded=1
1786041207.314026 publish topic=ipi/airspan-followup-c1-rep1/latency/veh-001/ack bytes=239 forwarded=1
1786041207.553692 publish topic=ipi/airspan-followup-c1-rep1/latency/veh-001/request bytes=1353 forwarded=1
1786041207.554002 publish topic=ipi/airspan-followup-c1-rep1/latency/veh-001/ack bytes=239 forwarded=1
1786041207.794209 publish topic=ipi/airspan-followup-c1-rep1/latency/veh-001/request bytes=1353 forwarded=1
1786041207.794840 publish topic=ipi/airspan-followup-c1-rep1/latency/veh-001/ack bytes=239 forwarded=1
1786041208.024503 publish topic=ipi/airspan-followup-c1-rep1/latency/veh-001/request bytes=1353 forwarded=1
1786041208.024954 publish topic=ipi/airspan-followup-c1-rep1/latency/veh-001/ack bytes=239 forwarded=1
1786041208.254784 publish topic=ipi/airspan-followup-c1-rep1/latency/veh-001/request bytes=1353 forwarded=1
1786041208.255421 publish topic=ipi/airspan-followup-c1-rep1/latency/veh-001/ack bytes=239 forwarded=1
1786041208.484784 publish topic=ipi/airspan-followup-c1-rep1/latency/veh-001/request bytes=1353 forwarded=1
1786041208.485145 publish topic=ipi/airspan-followup-c1-rep1/latency/veh-001/ack bytes=239 forwarded=1
1786041208.725384 publish topic=ipi/airspan-followup-c1-rep1/latency/veh-001/request bytes=1353 forwarded=1
1786041208.726017 publish topic=ipi/airspan-followup-c1-rep1/latency/veh-001/ack bytes=239 forwarded=1
1786041208.965694 publish topic=ipi/airspan-followup-c1-rep1/latency/veh-001/request bytes=1353 forwarded=1
1786041208.966367 publish topic=ipi/airspan-followup-c1-rep1/latency/veh-001/ack bytes=239 forwarded=1
1786041209.196099 publish topic=ipi/airspan-followup-c1-rep1/latency/veh-001/request bytes=1353 forwarded=1
1786041209.196794 publish topic=ipi/airspan-followup-c1-rep1/latency/veh-001/ack bytes=239 forwarded=1
1786041209.436650 publish topic=ipi/airspan-followup-c1-rep1/latency/veh-001/request bytes=1353 forwarded=1
1786041209.437279 publish topic=ipi/airspan-followup-c1-rep1/latency/veh-001/ack bytes=239 forwarded=1
1786041209.656731 publish topic=ipi/airspan-followup-c1-rep1/latency/veh-001/request bytes=1353 forwarded=1
1786041209.657377 publish topic=ipi/airspan-followup-c1-rep1/latency/veh-001/ack bytes=239 forwarded=1
1786041209.896903 publish topic=ipi/airspan-followup-c1-rep1/latency/veh-001/request bytes=1353 forwarded=1
1786041209.897496 publish topic=ipi/airspan-followup-c1-rep1/latency/veh-001/ack bytes=239 forwarded=1
1786041210.127424 publish topic=ipi/airspan-followup-c1-rep1/latency/veh-001/request bytes=1353 forwarded=1
1786041210.128107 publish topic=ipi/airspan-followup-c1-rep1/latency/veh-001/ack bytes=239 forwarded=1
1786041210.357786 publish topic=ipi/airspan-followup-c1-rep1/latency/veh-001/request bytes=1353 forwarded=1
1786041210.358043 publish topic=ipi/airspan-followup-c1-rep1/latency/veh-001/ack bytes=239 forwarded=1
1786041210.588202 publish topic=ipi/airspan-followup-c1-rep1/latency/veh-001/request bytes=1353 forwarded=1
1786041210.588772 publish topic=ipi/airspan-followup-c1-rep1/latency/veh-001/ack bytes=239 forwarded=1
1786041210.818897 publish topic=ipi/airspan-followup-c1-rep1/latency/veh-001/request bytes=1353 forwarded=1
1786041210.819149 publish topic=ipi/airspan-followup-c1-rep1/latency/veh-001/ack bytes=239 forwarded=1
1786041211.059395 publish topic=ipi/airspan-followup-c1-rep1/latency/veh-001/request bytes=1353 forwarded=1
1786041211.060033 publish topic=ipi/airspan-followup-c1-rep1/latency/veh-001/ack bytes=239 forwarded=1
1786041211.299799 publish topic=ipi/airspan-followup-c1-rep1/latency/veh-001/request bytes=1353 forwarded=1
1786041211.300138 publish topic=ipi/airspan-followup-c1-rep1/latency/veh-001/ack bytes=239 forwarded=1
1786041211.530512 publish topic=ipi/airspan-followup-c1-rep1/latency/veh-001/request bytes=1353 forwarded=1
1786041211.531145 publish topic=ipi/airspan-followup-c1-rep1/latency/veh-001/ack bytes=239 forwarded=1
1786041211.770946 publish topic=ipi/airspan-followup-c1-rep1/latency/veh-001/request bytes=1353 forwarded=1
1786041211.771417 publish topic=ipi/airspan-followup-c1-rep1/latency/veh-001/ack bytes=239 forwarded=1
1786041212.051746 publish topic=ipi/airspan-followup-c1-rep1/latency/veh-001/request bytes=1353 forwarded=1
1786041212.052366 publish topic=ipi/airspan-followup-c1-rep1/latency/veh-001/ack bytes=239 forwarded=1
1786041212.291897 publish topic=ipi/airspan-followup-c1-rep1/latency/veh-001/request bytes=1353 forwarded=1
1786041212.292154 publish topic=ipi/airspan-followup-c1-rep1/latency/veh-001/ack bytes=239 forwarded=1
1786041212.522429 publish topic=ipi/airspan-followup-c1-rep1/latency/veh-001/request bytes=1353 forwarded=1
1786041212.522779 publish topic=ipi/airspan-followup-c1-rep1/latency/veh-001/ack bytes=239 forwarded=1
1786041212.753385 publish topic=ipi/airspan-followup-c1-rep1/latency/veh-001/request bytes=1353 forwarded=1
1786041212.753826 publish topic=ipi/airspan-followup-c1-rep1/latency/veh-001/ack bytes=239 forwarded=1
1786041213.053762 publish topic=ipi/airspan-followup-c1-rep1/latency/veh-001/request bytes=1353 forwarded=1
1786041213.054442 publish topic=ipi/airspan-followup-c1-rep1/latency/veh-001/ack bytes=239 forwarded=1
1786041213.334336 publish topic=ipi/airspan-followup-c1-rep1/latency/veh-001/request bytes=1353 forwarded=1
1786041213.334606 publish topic=ipi/airspan-followup-c1-rep1/latency/veh-001/ack bytes=239 forwarded=1
1786041213.685454 publish topic=ipi/airspan-followup-c1-rep1/latency/veh-001/request bytes=1353 forwarded=1
1786041213.685900 publish topic=ipi/airspan-followup-c1-rep1/latency/veh-001/ack bytes=239 forwarded=1
1786041213.996286 publish topic=ipi/airspan-followup-c1-rep1/latency/veh-001/request bytes=1353 forwarded=1
1786041213.997052 publish topic=ipi/airspan-followup-c1-rep1/latency/veh-001/ack bytes=239 forwarded=1
1786041214.226741 publish topic=ipi/airspan-followup-c1-rep1/latency/veh-001/request bytes=1353 forwarded=1
1786041214.227117 publish topic=ipi/airspan-followup-c1-rep1/latency/veh-001/ack bytes=239 forwarded=1
1786041214.457059 publish topic=ipi/airspan-followup-c1-rep1/latency/veh-001/request bytes=1353 forwarded=1
1786041214.457599 publish topic=ipi/airspan-followup-c1-rep1/latency/veh-001/ack bytes=239 forwarded=1
1786041214.687534 publish topic=ipi/airspan-followup-c1-rep1/latency/veh-001/request bytes=1353 forwarded=1
1786041214.687848 publish topic=ipi/airspan-followup-c1-rep1/latency/veh-001/ack bytes=239 forwarded=1
1786041214.918399 publish topic=ipi/airspan-followup-c1-rep1/latency/veh-001/request bytes=1353 forwarded=1
1786041214.918988 publish topic=ipi/airspan-followup-c1-rep1/latency/veh-001/ack bytes=239 forwarded=1
1786041215.148855 publish topic=ipi/airspan-followup-c1-rep1/latency/veh-001/request bytes=1353 forwarded=1
1786041215.149444 publish topic=ipi/airspan-followup-c1-rep1/latency/veh-001/ack bytes=239 forwarded=1
1786041215.379089 publish topic=ipi/airspan-followup-c1-rep1/latency/veh-001/request bytes=1353 forwarded=1
1786041215.379653 publish topic=ipi/airspan-followup-c1-rep1/latency/veh-001/ack bytes=239 forwarded=1
1786041215.609501 publish topic=ipi/airspan-followup-c1-rep1/latency/veh-001/request bytes=1353 forwarded=1
1786041215.610071 publish topic=ipi/airspan-followup-c1-rep1/latency/veh-001/ack bytes=239 forwarded=1
1786041215.849945 publish topic=ipi/airspan-followup-c1-rep1/latency/veh-001/request bytes=1353 forwarded=1
1786041215.850369 publish topic=ipi/airspan-followup-c1-rep1/latency/veh-001/ack bytes=239 forwarded=1
1786041216.090816 publish topic=ipi/airspan-followup-c1-rep1/latency/veh-001/request bytes=1353 forwarded=1
1786041216.091415 publish topic=ipi/airspan-followup-c1-rep1/latency/veh-001/ack bytes=239 forwarded=1
1786041216.321117 publish topic=ipi/airspan-followup-c1-rep1/latency/veh-001/request bytes=1353 forwarded=1
1786041216.321719 publish topic=ipi/airspan-followup-c1-rep1/latency/veh-001/ack bytes=239 forwarded=1
1786041216.551334 publish topic=ipi/airspan-followup-c1-rep1/latency/veh-001/request bytes=1353 forwarded=1
1786041216.551604 publish topic=ipi/airspan-followup-c1-rep1/latency/veh-001/ack bytes=239 forwarded=1
1786041216.781782 publish topic=ipi/airspan-followup-c1-rep1/latency/veh-001/request bytes=1353 forwarded=1
1786041216.781978 publish topic=ipi/airspan-followup-c1-rep1/latency/veh-001/ack bytes=239 forwarded=1
1786041217.012572 publish topic=ipi/airspan-followup-c1-rep1/latency/veh-001/request bytes=1353 forwarded=1
1786041217.012857 publish topic=ipi/airspan-followup-c1-rep1/latency/veh-001/ack bytes=239 forwarded=1
1786041217.242910 publish topic=ipi/airspan-followup-c1-rep1/latency/veh-001/request bytes=1353 forwarded=1
1786041217.243479 publish topic=ipi/airspan-followup-c1-rep1/latency/veh-001/ack bytes=239 forwarded=1
1786041217.473359 publish topic=ipi/airspan-followup-c1-rep1/latency/veh-001/request bytes=1353 forwarded=1
1786041217.473958 publish topic=ipi/airspan-followup-c1-rep1/latency/veh-001/ack bytes=239 forwarded=1
1786041217.713328 publish topic=ipi/airspan-followup-c1-rep1/latency/veh-001/request bytes=1353 forwarded=1
1786041217.713572 publish topic=ipi/airspan-followup-c1-rep1/latency/veh-001/ack bytes=239 forwarded=1
1786041217.943716 publish topic=ipi/airspan-followup-c1-rep1/latency/veh-001/request bytes=1353 forwarded=1
1786041217.945221 publish topic=ipi/airspan-followup-c1-rep1/latency/veh-001/ack bytes=239 forwarded=1
1786041218.174231 publish topic=ipi/airspan-followup-c1-rep1/latency/veh-001/request bytes=1353 forwarded=1
1786041218.174829 publish topic=ipi/airspan-followup-c1-rep1/latency/veh-001/ack bytes=239 forwarded=1
1786041218.414379 publish topic=ipi/airspan-followup-c1-rep1/latency/veh-001/request bytes=1353 forwarded=1
1786041218.414971 publish topic=ipi/airspan-followup-c1-rep1/latency/veh-001/ack bytes=239 forwarded=1
1786041218.654638 publish topic=ipi/airspan-followup-c1-rep1/latency/veh-001/request bytes=1353 forwarded=1
1786041218.654891 publish topic=ipi/airspan-followup-c1-rep1/latency/veh-001/ack bytes=239 forwarded=1
1786041218.895176 publish topic=ipi/airspan-followup-c1-rep1/latency/veh-001/request bytes=1353 forwarded=1
1786041218.895804 publish topic=ipi/airspan-followup-c1-rep1/latency/veh-001/ack bytes=239 forwarded=1
1786041219.135546 publish topic=ipi/airspan-followup-c1-rep1/latency/veh-001/request bytes=1353 forwarded=1
1786041219.136170 publish topic=ipi/airspan-followup-c1-rep1/latency/veh-001/ack bytes=239 forwarded=1
1786041219.375787 publish topic=ipi/airspan-followup-c1-rep1/latency/veh-001/request bytes=1353 forwarded=1
1786041219.376355 publish topic=ipi/airspan-followup-c1-rep1/latency/veh-001/ack bytes=239 forwarded=1
1786041219.596154 publish topic=ipi/airspan-followup-c1-rep1/latency/veh-001/request bytes=1353 forwarded=1
1786041219.596786 publish topic=ipi/airspan-followup-c1-rep1/latency/veh-001/ack bytes=239 forwarded=1
1786041219.836500 publish topic=ipi/airspan-followup-c1-rep1/latency/veh-001/request bytes=1353 forwarded=1
1786041219.837162 publish topic=ipi/airspan-followup-c1-rep1/latency/veh-001/ack bytes=239 forwarded=1
1786041220.066654 publish topic=ipi/airspan-followup-c1-rep1/latency/veh-001/request bytes=1353 forwarded=1
1786041220.067362 publish topic=ipi/airspan-followup-c1-rep1/latency/veh-001/ack bytes=239 forwarded=1
1786041220.296729 publish topic=ipi/airspan-followup-c1-rep1/latency/veh-001/request bytes=1353 forwarded=1
1786041220.296990 publish topic=ipi/airspan-followup-c1-rep1/latency/veh-001/ack bytes=239 forwarded=1
1786041220.527439 publish topic=ipi/airspan-followup-c1-rep1/latency/veh-001/request bytes=1353 forwarded=1
1786041220.528055 publish topic=ipi/airspan-followup-c1-rep1/latency/veh-001/ack bytes=239 forwarded=1
1786041220.757511 publish topic=ipi/airspan-followup-c1-rep1/latency/veh-001/request bytes=1353 forwarded=1
1786041220.757883 publish topic=ipi/airspan-followup-c1-rep1/latency/veh-001/ack bytes=239 forwarded=1
1786041220.997933 publish topic=ipi/airspan-followup-c1-rep1/latency/veh-001/request bytes=1353 forwarded=1
1786041220.998515 publish topic=ipi/airspan-followup-c1-rep1/latency/veh-001/ack bytes=239 forwarded=1
1786041221.238300 publish topic=ipi/airspan-followup-c1-rep1/latency/veh-001/request bytes=1353 forwarded=1
1786041221.238940 publish topic=ipi/airspan-followup-c1-rep1/latency/veh-001/ack bytes=239 forwarded=1
1786041221.468423 publish topic=ipi/airspan-followup-c1-rep1/latency/veh-001/request bytes=1353 forwarded=1
1786041221.468753 publish topic=ipi/airspan-followup-c1-rep1/latency/veh-001/ack bytes=239 forwarded=1
1786041221.698954 publish topic=ipi/airspan-followup-c1-rep1/latency/veh-001/request bytes=1353 forwarded=1
1786041221.699563 publish topic=ipi/airspan-followup-c1-rep1/latency/veh-001/ack bytes=239 forwarded=1
1786041221.938913 publish topic=ipi/airspan-followup-c1-rep1/latency/veh-001/request bytes=1353 forwarded=1
1786041221.939228 publish topic=ipi/airspan-followup-c1-rep1/latency/veh-001/ack bytes=239 forwarded=1
1786041222.179518 publish topic=ipi/airspan-followup-c1-rep1/latency/veh-001/request bytes=1353 forwarded=1
1786041222.180130 publish topic=ipi/airspan-followup-c1-rep1/latency/veh-001/ack bytes=239 forwarded=1
1786041222.419583 publish topic=ipi/airspan-followup-c1-rep1/latency/veh-001/request bytes=1353 forwarded=1
1786041222.420219 publish topic=ipi/airspan-followup-c1-rep1/latency/veh-001/ack bytes=239 forwarded=1
1786041222.650303 publish topic=ipi/airspan-followup-c1-rep1/latency/veh-001/request bytes=1353 forwarded=1
1786041222.650908 publish topic=ipi/airspan-followup-c1-rep1/latency/veh-001/ack bytes=239 forwarded=1
1786041222.890153 publish topic=ipi/airspan-followup-c1-rep1/latency/veh-001/request bytes=1353 forwarded=1
1786041222.890736 publish topic=ipi/airspan-followup-c1-rep1/latency/veh-001/ack bytes=239 forwarded=1
1786041223.140764 publish topic=ipi/airspan-followup-c1-rep1/latency/veh-001/request bytes=1353 forwarded=1
1786041223.141365 publish topic=ipi/airspan-followup-c1-rep1/latency/veh-001/ack bytes=239 forwarded=1
1786041223.371195 publish topic=ipi/airspan-followup-c1-rep1/latency/veh-001/request bytes=1353 forwarded=1
1786041223.371857 publish topic=ipi/airspan-followup-c1-rep1/latency/veh-001/ack bytes=239 forwarded=1
1786041223.601254 publish topic=ipi/airspan-followup-c1-rep1/latency/veh-001/request bytes=1353 forwarded=1
1786041223.601867 publish topic=ipi/airspan-followup-c1-rep1/latency/veh-001/ack bytes=239 forwarded=1
1786041223.831706 publish topic=ipi/airspan-followup-c1-rep1/latency/veh-001/request bytes=1353 forwarded=1
1786041223.832324 publish topic=ipi/airspan-followup-c1-rep1/latency/veh-001/ack bytes=239 forwarded=1
1786041224.072118 publish topic=ipi/airspan-followup-c1-rep1/latency/veh-001/request bytes=1353 forwarded=1
1786041224.072786 publish topic=ipi/airspan-followup-c1-rep1/latency/veh-001/ack bytes=239 forwarded=1
1786041224.312112 publish topic=ipi/airspan-followup-c1-rep1/latency/veh-001/request bytes=1353 forwarded=1
1786041224.312379 publish topic=ipi/airspan-followup-c1-rep1/latency/veh-001/ack bytes=239 forwarded=1
1786041224.542707 publish topic=ipi/airspan-followup-c1-rep1/latency/veh-001/request bytes=1353 forwarded=1
1786041224.543371 publish topic=ipi/airspan-followup-c1-rep1/latency/veh-001/ack bytes=239 forwarded=1
1786041224.782898 publish topic=ipi/airspan-followup-c1-rep1/latency/veh-001/request bytes=1353 forwarded=1
1786041224.783491 publish topic=ipi/airspan-followup-c1-rep1/latency/veh-001/ack bytes=239 forwarded=1
1786041225.003284 publish topic=ipi/airspan-followup-c1-rep1/latency/veh-001/request bytes=1353 forwarded=1
1786041225.003642 publish topic=ipi/airspan-followup-c1-rep1/latency/veh-001/ack bytes=239 forwarded=1
1786041225.243629 publish topic=ipi/airspan-followup-c1-rep1/latency/veh-001/request bytes=1353 forwarded=1
1786041225.244292 publish topic=ipi/airspan-followup-c1-rep1/latency/veh-001/ack bytes=239 forwarded=1
1786041225.483809 publish topic=ipi/airspan-followup-c1-rep1/latency/veh-001/request bytes=1353 forwarded=1
1786041225.484094 publish topic=ipi/airspan-followup-c1-rep1/latency/veh-001/ack bytes=239 forwarded=1
1786041225.724283 publish topic=ipi/airspan-followup-c1-rep1/latency/veh-001/request bytes=1353 forwarded=1
1786041225.724954 publish topic=ipi/airspan-followup-c1-rep1/latency/veh-001/ack bytes=239 forwarded=1
1786041225.954516 publish topic=ipi/airspan-followup-c1-rep1/latency/veh-001/request bytes=1353 forwarded=1
1786041225.954759 publish topic=ipi/airspan-followup-c1-rep1/latency/veh-001/ack bytes=239 forwarded=1
1786041226.185053 publish topic=ipi/airspan-followup-c1-rep1/latency/veh-001/request bytes=1353 forwarded=1
1786041226.185710 publish topic=ipi/airspan-followup-c1-rep1/latency/veh-001/ack bytes=239 forwarded=1
1786041226.425163 publish topic=ipi/airspan-followup-c1-rep1/latency/veh-001/request bytes=1353 forwarded=1
1786041226.425797 publish topic=ipi/airspan-followup-c1-rep1/latency/veh-001/ack bytes=239 forwarded=1
1786041226.655562 publish topic=ipi/airspan-followup-c1-rep1/latency/veh-001/request bytes=1353 forwarded=1
1786041226.656229 publish topic=ipi/airspan-followup-c1-rep1/latency/veh-001/ack bytes=239 forwarded=1
1786041226.886034 publish topic=ipi/airspan-followup-c1-rep1/latency/veh-001/request bytes=1353 forwarded=1
1786041226.886697 publish topic=ipi/airspan-followup-c1-rep1/latency/veh-001/ack bytes=239 forwarded=1
1786041227.116521 publish topic=ipi/airspan-followup-c1-rep1/latency/veh-001/request bytes=1353 forwarded=1
1786041227.117220 publish topic=ipi/airspan-followup-c1-rep1/latency/veh-001/ack bytes=239 forwarded=1
1786041227.356693 publish topic=ipi/airspan-followup-c1-rep1/latency/veh-001/request bytes=1353 forwarded=1
1786041227.357356 publish topic=ipi/airspan-followup-c1-rep1/latency/veh-001/ack bytes=239 forwarded=1
1786041227.586984 publish topic=ipi/airspan-followup-c1-rep1/latency/veh-001/request bytes=1353 forwarded=1
1786041227.587599 publish topic=ipi/airspan-followup-c1-rep1/latency/veh-001/ack bytes=239 forwarded=1
1786041227.817187 publish topic=ipi/airspan-followup-c1-rep1/latency/veh-001/request bytes=1353 forwarded=1
1786041227.817624 publish topic=ipi/airspan-followup-c1-rep1/latency/veh-001/ack bytes=239 forwarded=1
1786041228.047643 publish topic=ipi/airspan-followup-c1-rep1/latency/veh-001/request bytes=1353 forwarded=1
1786041228.048241 publish topic=ipi/airspan-followup-c1-rep1/latency/veh-001/ack bytes=239 forwarded=1
1786041228.288101 publish topic=ipi/airspan-followup-c1-rep1/latency/veh-001/request bytes=1353 forwarded=1
1786041228.288707 publish topic=ipi/airspan-followup-c1-rep1/latency/veh-001/ack bytes=239 forwarded=1
1786041228.518314 publish topic=ipi/airspan-followup-c1-rep1/latency/veh-001/request bytes=1353 forwarded=1
1786041228.518936 publish topic=ipi/airspan-followup-c1-rep1/latency/veh-001/ack bytes=239 forwarded=1
1786041228.748522 publish topic=ipi/airspan-followup-c1-rep1/latency/veh-001/request bytes=1353 forwarded=1
1786041228.748884 publish topic=ipi/airspan-followup-c1-rep1/latency/veh-001/ack bytes=239 forwarded=1
1786041228.979066 publish topic=ipi/airspan-followup-c1-rep1/latency/veh-001/request bytes=1353 forwarded=1
1786041228.979736 publish topic=ipi/airspan-followup-c1-rep1/latency/veh-001/ack bytes=239 forwarded=1
1786041229.209070 publish topic=ipi/airspan-followup-c1-rep1/latency/veh-001/request bytes=1353 forwarded=1
1786041229.209641 publish topic=ipi/airspan-followup-c1-rep1/latency/veh-001/ack bytes=239 forwarded=1
1786041229.449600 publish topic=ipi/airspan-followup-c1-rep1/latency/veh-001/request bytes=1353 forwarded=1
1786041229.450183 publish topic=ipi/airspan-followup-c1-rep1/latency/veh-001/ack bytes=239 forwarded=1
1786041229.690011 publish topic=ipi/airspan-followup-c1-rep1/latency/veh-001/request bytes=1353 forwarded=1
1786041229.690606 publish topic=ipi/airspan-followup-c1-rep1/latency/veh-001/ack bytes=239 forwarded=1
1786041229.920090 publish topic=ipi/airspan-followup-c1-rep1/latency/veh-001/request bytes=1353 forwarded=1
1786041229.920667 publish topic=ipi/airspan-followup-c1-rep1/latency/veh-001/ack bytes=239 forwarded=1
1786041230.150511 publish topic=ipi/airspan-followup-c1-rep1/latency/veh-001/request bytes=1353 forwarded=1
1786041230.151067 publish topic=ipi/airspan-followup-c1-rep1/latency/veh-001/ack bytes=239 forwarded=1
1786041230.380712 publish topic=ipi/airspan-followup-c1-rep1/latency/veh-001/request bytes=1353 forwarded=1
1786041230.380987 publish topic=ipi/airspan-followup-c1-rep1/latency/veh-001/ack bytes=239 forwarded=1
1786041230.611350 publish topic=ipi/airspan-followup-c1-rep1/latency/veh-001/request bytes=1353 forwarded=1
1786041230.611975 publish topic=ipi/airspan-followup-c1-rep1/latency/veh-001/ack bytes=239 forwarded=1
1786041230.831602 publish topic=ipi/airspan-followup-c1-rep1/latency/veh-001/request bytes=1353 forwarded=1
1786041230.832230 publish topic=ipi/airspan-followup-c1-rep1/latency/veh-001/ack bytes=239 forwarded=1
1786041231.061955 publish topic=ipi/airspan-followup-c1-rep1/latency/veh-001/request bytes=1353 forwarded=1
1786041231.062605 publish topic=ipi/airspan-followup-c1-rep1/latency/veh-001/ack bytes=239 forwarded=1
1786041231.302189 publish topic=ipi/airspan-followup-c1-rep1/latency/veh-001/request bytes=1353 forwarded=1
1786041231.302821 publish topic=ipi/airspan-followup-c1-rep1/latency/veh-001/ack bytes=239 forwarded=1
1786041231.532397 publish topic=ipi/airspan-followup-c1-rep1/latency/veh-001/request bytes=1353 forwarded=1
1786041231.532617 publish topic=ipi/airspan-followup-c1-rep1/latency/veh-001/ack bytes=239 forwarded=1
1786041231.773051 publish topic=ipi/airspan-followup-c1-rep1/latency/veh-001/request bytes=1353 forwarded=1
1786041231.773526 publish topic=ipi/airspan-followup-c1-rep1/latency/veh-001/ack bytes=239 forwarded=1
1786041232.003324 publish topic=ipi/airspan-followup-c1-rep1/latency/veh-001/request bytes=1353 forwarded=1
1786041232.003972 publish topic=ipi/airspan-followup-c1-rep1/latency/veh-001/ack bytes=239 forwarded=1
1786041232.253616 publish topic=ipi/airspan-followup-c1-rep1/latency/veh-001/request bytes=1353 forwarded=1
1786041232.254249 publish topic=ipi/airspan-followup-c1-rep1/latency/veh-001/ack bytes=239 forwarded=1
1786041232.493986 publish topic=ipi/airspan-followup-c1-rep1/latency/veh-001/request bytes=1353 forwarded=1
1786041232.494623 publish topic=ipi/airspan-followup-c1-rep1/latency/veh-001/ack bytes=239 forwarded=1
1786041232.744301 publish topic=ipi/airspan-followup-c1-rep1/latency/veh-001/request bytes=1353 forwarded=1
1786041232.744984 publish topic=ipi/airspan-followup-c1-rep1/latency/veh-001/ack bytes=239 forwarded=1
1786041232.994751 publish topic=ipi/airspan-followup-c1-rep1/latency/veh-001/request bytes=1353 forwarded=1
1786041232.995389 publish topic=ipi/airspan-followup-c1-rep1/latency/veh-001/ack bytes=239 forwarded=1
1786041233.224734 publish topic=ipi/airspan-followup-c1-rep1/latency/veh-001/request bytes=1353 forwarded=1
1786041233.225086 publish topic=ipi/airspan-followup-c1-rep1/latency/veh-001/ack bytes=239 forwarded=1
1786041233.465407 publish topic=ipi/airspan-followup-c1-rep1/latency/veh-001/request bytes=1353 forwarded=1
1786041233.466041 publish topic=ipi/airspan-followup-c1-rep1/latency/veh-001/ack bytes=239 forwarded=1
1786041233.695540 publish topic=ipi/airspan-followup-c1-rep1/latency/veh-001/request bytes=1353 forwarded=1
1786041233.696116 publish topic=ipi/airspan-followup-c1-rep1/latency/veh-001/ack bytes=239 forwarded=1
1786041233.925979 publish topic=ipi/airspan-followup-c1-rep1/latency/veh-001/request bytes=1353 forwarded=1
1786041233.926578 publish topic=ipi/airspan-followup-c1-rep1/latency/veh-001/ack bytes=239 forwarded=1
1786041234.156574 publish topic=ipi/airspan-followup-c1-rep1/latency/veh-001/request bytes=1353 forwarded=1
1786041234.157232 publish topic=ipi/airspan-followup-c1-rep1/latency/veh-001/ack bytes=239 forwarded=1
1786041234.386537 publish topic=ipi/airspan-followup-c1-rep1/latency/veh-001/request bytes=1353 forwarded=1
1786041234.386786 publish topic=ipi/airspan-followup-c1-rep1/latency/veh-001/ack bytes=239 forwarded=1
1786041234.606962 publish topic=ipi/airspan-followup-c1-rep1/latency/veh-001/request bytes=1353 forwarded=1
1786041234.607609 publish topic=ipi/airspan-followup-c1-rep1/latency/veh-001/ack bytes=239 forwarded=1
1786041234.837083 publish topic=ipi/airspan-followup-c1-rep1/latency/veh-001/request bytes=1353 forwarded=1
1786041234.837768 publish topic=ipi/airspan-followup-c1-rep1/latency/veh-001/ack bytes=239 forwarded=1
1786041235.067350 publish topic=ipi/airspan-followup-c1-rep1/latency/veh-001/request bytes=1353 forwarded=1
1786041235.067910 publish topic=ipi/airspan-followup-c1-rep1/latency/veh-001/ack bytes=239 forwarded=1
1786041235.297985 publish topic=ipi/airspan-followup-c1-rep1/latency/veh-001/request bytes=1353 forwarded=1
1786041235.298618 publish topic=ipi/airspan-followup-c1-rep1/latency/veh-001/ack bytes=239 forwarded=1
1786041235.528257 publish topic=ipi/airspan-followup-c1-rep1/latency/veh-001/request bytes=1353 forwarded=1
1786041235.528627 publish topic=ipi/airspan-followup-c1-rep1/latency/veh-001/ack bytes=239 forwarded=1
1786041235.758254 publish topic=ipi/airspan-followup-c1-rep1/latency/veh-001/request bytes=1353 forwarded=1
1786041235.758595 publish topic=ipi/airspan-followup-c1-rep1/latency/veh-001/ack bytes=239 forwarded=1
1786041235.988726 publish topic=ipi/airspan-followup-c1-rep1/latency/veh-001/request bytes=1353 forwarded=1
1786041235.989376 publish topic=ipi/airspan-followup-c1-rep1/latency/veh-001/ack bytes=239 forwarded=1
1786041236.219173 publish topic=ipi/airspan-followup-c1-rep1/latency/veh-001/request bytes=1353 forwarded=1
1786041236.219698 publish topic=ipi/airspan-followup-c1-rep1/latency/veh-001/ack bytes=239 forwarded=1
1786041236.489403 publish topic=ipi/airspan-followup-c1-rep1/latency/veh-001/request bytes=1353 forwarded=1
1786041236.490090 publish topic=ipi/airspan-followup-c1-rep1/latency/veh-001/ack bytes=239 forwarded=1
1786041236.720000 publish topic=ipi/airspan-followup-c1-rep1/latency/veh-001/request bytes=1353 forwarded=1
1786041236.720786 publish topic=ipi/airspan-followup-c1-rep1/latency/veh-001/ack bytes=239 forwarded=1
1786041236.950421 publish topic=ipi/airspan-followup-c1-rep1/latency/veh-001/request bytes=1353 forwarded=1
1786041236.951085 publish topic=ipi/airspan-followup-c1-rep1/latency/veh-001/ack bytes=239 forwarded=1
1786041237.180231 publish topic=ipi/airspan-followup-c1-rep1/latency/veh-001/request bytes=1353 forwarded=1
1786041237.180440 publish topic=ipi/airspan-followup-c1-rep1/latency/veh-001/ack bytes=239 forwarded=1
1786041237.401001 publish topic=ipi/airspan-followup-c1-rep1/latency/veh-001/request bytes=1353 forwarded=1
1786041237.401664 publish topic=ipi/airspan-followup-c1-rep1/latency/veh-001/ack bytes=239 forwarded=1
1786041237.631346 publish topic=ipi/airspan-followup-c1-rep1/latency/veh-001/request bytes=1353 forwarded=1
1786041237.632020 publish topic=ipi/airspan-followup-c1-rep1/latency/veh-001/ack bytes=239 forwarded=1
1786041237.861489 publish topic=ipi/airspan-followup-c1-rep1/latency/veh-001/request bytes=1353 forwarded=1
1786041237.862167 publish topic=ipi/airspan-followup-c1-rep1/latency/veh-001/ack bytes=239 forwarded=1
1786041238.091874 publish topic=ipi/airspan-followup-c1-rep1/latency/veh-001/request bytes=1353 forwarded=1
1786041238.092493 publish topic=ipi/airspan-followup-c1-rep1/latency/veh-001/ack bytes=239 forwarded=1
1786041238.322248 publish topic=ipi/airspan-followup-c1-rep1/latency/veh-001/request bytes=1353 forwarded=1
1786041238.322872 publish topic=ipi/airspan-followup-c1-rep1/latency/veh-001/ack bytes=239 forwarded=1
1786041238.562269 publish topic=ipi/airspan-followup-c1-rep1/latency/veh-001/request bytes=1353 forwarded=1
1786041238.562529 publish topic=ipi/airspan-followup-c1-rep1/latency/veh-001/ack bytes=239 forwarded=1
1786041238.802901 publish topic=ipi/airspan-followup-c1-rep1/latency/veh-001/request bytes=1353 forwarded=1
1786041238.803526 publish topic=ipi/airspan-followup-c1-rep1/latency/veh-001/ack bytes=239 forwarded=1
1786041239.043126 publish topic=ipi/airspan-followup-c1-rep1/latency/veh-001/request bytes=1353 forwarded=1
1786041239.043759 publish topic=ipi/airspan-followup-c1-rep1/latency/veh-001/ack bytes=239 forwarded=1
1786041239.283361 publish topic=ipi/airspan-followup-c1-rep1/latency/veh-001/request bytes=1353 forwarded=1
1786041239.283749 publish topic=ipi/airspan-followup-c1-rep1/latency/veh-001/ack bytes=239 forwarded=1
1786041239.523884 publish topic=ipi/airspan-followup-c1-rep1/latency/veh-001/request bytes=1353 forwarded=1
1786041239.524516 publish topic=ipi/airspan-followup-c1-rep1/latency/veh-001/ack bytes=239 forwarded=1
1786041239.764142 publish topic=ipi/airspan-followup-c1-rep1/latency/veh-001/request bytes=1353 forwarded=1
1786041239.764662 publish topic=ipi/airspan-followup-c1-rep1/latency/veh-001/ack bytes=239 forwarded=1
1786041239.994129 publish topic=ipi/airspan-followup-c1-rep1/latency/veh-001/request bytes=1353 forwarded=1
1786041239.994386 publish topic=ipi/airspan-followup-c1-rep1/latency/veh-001/ack bytes=239 forwarded=1
1786041240.234880 publish topic=ipi/airspan-followup-c1-rep1/latency/veh-001/request bytes=1353 forwarded=1
1786041240.235469 publish topic=ipi/airspan-followup-c1-rep1/latency/veh-001/ack bytes=239 forwarded=1
1786041240.475163 publish topic=ipi/airspan-followup-c1-rep1/latency/veh-001/request bytes=1353 forwarded=1
1786041240.475825 publish topic=ipi/airspan-followup-c1-rep1/latency/veh-001/ack bytes=239 forwarded=1
1786041240.705272 publish topic=ipi/airspan-followup-c1-rep1/latency/veh-001/request bytes=1353 forwarded=1
1786041240.705906 publish topic=ipi/airspan-followup-c1-rep1/latency/veh-001/ack bytes=239 forwarded=1
1786041240.955961 publish topic=ipi/airspan-followup-c1-rep1/latency/veh-001/request bytes=1353 forwarded=1
1786041240.956586 publish topic=ipi/airspan-followup-c1-rep1/latency/veh-001/ack bytes=239 forwarded=1
1786041241.186052 publish topic=ipi/airspan-followup-c1-rep1/latency/veh-001/request bytes=1353 forwarded=1
1786041241.186427 publish topic=ipi/airspan-followup-c1-rep1/latency/veh-001/ack bytes=239 forwarded=1
1786041241.416690 publish topic=ipi/airspan-followup-c1-rep1/latency/veh-001/request bytes=1353 forwarded=1
1786041241.417360 publish topic=ipi/airspan-followup-c1-rep1/latency/veh-001/ack bytes=239 forwarded=1
1786041241.646807 publish topic=ipi/airspan-followup-c1-rep1/latency/veh-001/request bytes=1353 forwarded=1
1786041241.647510 publish topic=ipi/airspan-followup-c1-rep1/latency/veh-001/ack bytes=239 forwarded=1
1786041241.877068 publish topic=ipi/airspan-followup-c1-rep1/latency/veh-001/request bytes=1353 forwarded=1
1786041241.877731 publish topic=ipi/airspan-followup-c1-rep1/latency/veh-001/ack bytes=239 forwarded=1
1786041242.107245 publish topic=ipi/airspan-followup-c1-rep1/latency/veh-001/request bytes=1353 forwarded=1
1786041242.107619 publish topic=ipi/airspan-followup-c1-rep1/latency/veh-001/ack bytes=239 forwarded=1
1786041242.337767 publish topic=ipi/airspan-followup-c1-rep1/latency/veh-001/request bytes=1353 forwarded=1
1786041242.338284 publish topic=ipi/airspan-followup-c1-rep1/latency/veh-001/ack bytes=239 forwarded=1
1786041242.568151 publish topic=ipi/airspan-followup-c1-rep1/latency/veh-001/request bytes=1353 forwarded=1
1786041242.568788 publish topic=ipi/airspan-followup-c1-rep1/latency/veh-001/ack bytes=239 forwarded=1
1786041242.808386 publish topic=ipi/airspan-followup-c1-rep1/latency/veh-001/request bytes=1353 forwarded=1
1786041242.809029 publish topic=ipi/airspan-followup-c1-rep1/latency/veh-001/ack bytes=239 forwarded=1
1786041243.038612 publish topic=ipi/airspan-followup-c1-rep1/latency/veh-001/request bytes=1353 forwarded=1
1786041243.039273 publish topic=ipi/airspan-followup-c1-rep1/latency/veh-001/ack bytes=239 forwarded=1
1786041243.269056 publish topic=ipi/airspan-followup-c1-rep1/latency/veh-001/request bytes=1353 forwarded=1
1786041243.269735 publish topic=ipi/airspan-followup-c1-rep1/latency/veh-001/ack bytes=239 forwarded=1
1786041243.499194 publish topic=ipi/airspan-followup-c1-rep1/latency/veh-001/request bytes=1353 forwarded=1
1786041243.499850 publish topic=ipi/airspan-followup-c1-rep1/latency/veh-001/ack bytes=239 forwarded=1
1786041243.729319 publish topic=ipi/airspan-followup-c1-rep1/latency/veh-001/request bytes=1353 forwarded=1
1786041243.729574 publish topic=ipi/airspan-followup-c1-rep1/latency/veh-001/ack bytes=239 forwarded=1
1786041243.959774 publish topic=ipi/airspan-followup-c1-rep1/latency/veh-001/request bytes=1353 forwarded=1
1786041243.960073 publish topic=ipi/airspan-followup-c1-rep1/latency/veh-001/ack bytes=239 forwarded=1
1786041244.200279 publish topic=ipi/airspan-followup-c1-rep1/latency/veh-001/request bytes=1353 forwarded=1
1786041244.200984 publish topic=ipi/airspan-followup-c1-rep1/latency/veh-001/ack bytes=239 forwarded=1
1786041244.430557 publish topic=ipi/airspan-followup-c1-rep1/latency/veh-001/request bytes=1353 forwarded=1
1786041244.431180 publish topic=ipi/airspan-followup-c1-rep1/latency/veh-001/ack bytes=239 forwarded=1
1786041244.661063 publish topic=ipi/airspan-followup-c1-rep1/latency/veh-001/request bytes=1353 forwarded=1
1786041244.661691 publish topic=ipi/airspan-followup-c1-rep1/latency/veh-001/ack bytes=239 forwarded=1
1786041244.890866 publish topic=ipi/airspan-followup-c1-rep1/latency/veh-001/request bytes=1353 forwarded=1
1786041244.891137 publish topic=ipi/airspan-followup-c1-rep1/latency/veh-001/ack bytes=239 forwarded=1
1786041245.111316 publish topic=ipi/airspan-followup-c1-rep1/latency/veh-001/request bytes=1353 forwarded=1
1786041245.111587 publish topic=ipi/airspan-followup-c1-rep1/latency/veh-001/ack bytes=239 forwarded=1
1786041245.341880 publish topic=ipi/airspan-followup-c1-rep1/latency/veh-001/request bytes=1353 forwarded=1
1786041245.342506 publish topic=ipi/airspan-followup-c1-rep1/latency/veh-001/ack bytes=239 forwarded=1
1786041245.572036 publish topic=ipi/airspan-followup-c1-rep1/latency/veh-001/request bytes=1353 forwarded=1
1786041245.572802 publish topic=ipi/airspan-followup-c1-rep1/latency/veh-001/ack bytes=239 forwarded=1
1786041245.812672 publish topic=ipi/airspan-followup-c1-rep1/latency/veh-001/request bytes=1353 forwarded=1
1786041245.813307 publish topic=ipi/airspan-followup-c1-rep1/latency/veh-001/ack bytes=239 forwarded=1
1786041246.052955 publish topic=ipi/airspan-followup-c1-rep1/latency/veh-001/request bytes=1353 forwarded=1
1786041246.053576 publish topic=ipi/airspan-followup-c1-rep1/latency/veh-001/ack bytes=239 forwarded=1
1786041246.292942 publish topic=ipi/airspan-followup-c1-rep1/latency/veh-001/request bytes=1353 forwarded=1
1786041246.293341 publish topic=ipi/airspan-followup-c1-rep1/latency/veh-001/ack bytes=239 forwarded=1
1786041246.533562 publish topic=ipi/airspan-followup-c1-rep1/latency/veh-001/request bytes=1353 forwarded=1
1786041246.534210 publish topic=ipi/airspan-followup-c1-rep1/latency/veh-001/ack bytes=239 forwarded=1
1786041246.763590 publish topic=ipi/airspan-followup-c1-rep1/latency/veh-001/request bytes=1353 forwarded=1
1786041246.763951 publish topic=ipi/airspan-followup-c1-rep1/latency/veh-001/ack bytes=239 forwarded=1
1786041246.994071 publish topic=ipi/airspan-followup-c1-rep1/latency/veh-001/request bytes=1353 forwarded=1
1786041246.994739 publish topic=ipi/airspan-followup-c1-rep1/latency/veh-001/ack bytes=239 forwarded=1
1786041247.234685 publish topic=ipi/airspan-followup-c1-rep1/latency/veh-001/request bytes=1353 forwarded=1
1786041247.235309 publish topic=ipi/airspan-followup-c1-rep1/latency/veh-001/ack bytes=239 forwarded=1
1786041247.474969 publish topic=ipi/airspan-followup-c1-rep1/latency/veh-001/request bytes=1353 forwarded=1
1786041247.475592 publish topic=ipi/airspan-followup-c1-rep1/latency/veh-001/ack bytes=239 forwarded=1
1786041247.705000 publish topic=ipi/airspan-followup-c1-rep1/latency/veh-001/request bytes=1353 forwarded=1
1786041247.705668 publish topic=ipi/airspan-followup-c1-rep1/latency/veh-001/ack bytes=239 forwarded=1
1786041247.945410 publish topic=ipi/airspan-followup-c1-rep1/latency/veh-001/request bytes=1353 forwarded=1
1786041247.945737 publish topic=ipi/airspan-followup-c1-rep1/latency/veh-001/ack bytes=239 forwarded=1
1786041248.185971 publish topic=ipi/airspan-followup-c1-rep1/latency/veh-001/request bytes=1353 forwarded=1
1786041248.186642 publish topic=ipi/airspan-followup-c1-rep1/latency/veh-001/ack bytes=239 forwarded=1
1786041248.426011 publish topic=ipi/airspan-followup-c1-rep1/latency/veh-001/request bytes=1353 forwarded=1
1786041248.426240 publish topic=ipi/airspan-followup-c1-rep1/latency/veh-001/ack bytes=239 forwarded=1
1786041248.656540 publish topic=ipi/airspan-followup-c1-rep1/latency/veh-001/request bytes=1353 forwarded=1
1786041248.657228 publish topic=ipi/airspan-followup-c1-rep1/latency/veh-001/ack bytes=239 forwarded=1
1786041248.876895 publish topic=ipi/airspan-followup-c1-rep1/latency/veh-001/request bytes=1353 forwarded=1
1786041248.877518 publish topic=ipi/airspan-followup-c1-rep1/latency/veh-001/ack bytes=239 forwarded=1
1786041249.107080 publish topic=ipi/airspan-followup-c1-rep1/latency/veh-001/request bytes=1353 forwarded=1
1786041249.107712 publish topic=ipi/airspan-followup-c1-rep1/latency/veh-001/ack bytes=239 forwarded=1
1786041249.337532 publish topic=ipi/airspan-followup-c1-rep1/latency/veh-001/request bytes=1353 forwarded=1
1786041249.338202 publish topic=ipi/airspan-followup-c1-rep1/latency/veh-001/ack bytes=239 forwarded=1
1786041249.567762 publish topic=ipi/airspan-followup-c1-rep1/latency/veh-001/request bytes=1353 forwarded=1
1786041249.568453 publish topic=ipi/airspan-followup-c1-rep1/latency/veh-001/ack bytes=239 forwarded=1
1786041249.798250 publish topic=ipi/airspan-followup-c1-rep1/latency/veh-001/request bytes=1353 forwarded=1
1786041249.798905 publish topic=ipi/airspan-followup-c1-rep1/latency/veh-001/ack bytes=239 forwarded=1
1786041250.028466 publish topic=ipi/airspan-followup-c1-rep1/latency/veh-001/request bytes=1353 forwarded=1
1786041250.029171 publish topic=ipi/airspan-followup-c1-rep1/latency/veh-001/ack bytes=239 forwarded=1
1786041250.258992 publish topic=ipi/airspan-followup-c1-rep1/latency/veh-001/request bytes=1353 forwarded=1
1786041250.259652 publish topic=ipi/airspan-followup-c1-rep1/latency/veh-001/ack bytes=239 forwarded=1
1786041250.499052 publish topic=ipi/airspan-followup-c1-rep1/latency/veh-001/request bytes=1353 forwarded=1
1786041250.499838 publish topic=ipi/airspan-followup-c1-rep1/latency/veh-001/ack bytes=239 forwarded=1
1786041250.729300 publish topic=ipi/airspan-followup-c1-rep1/latency/veh-001/request bytes=1353 forwarded=1
1786041250.729653 publish topic=ipi/airspan-followup-c1-rep1/latency/veh-001/ack bytes=239 forwarded=1
1786041250.979840 publish topic=ipi/airspan-followup-c1-rep1/latency/veh-001/request bytes=1353 forwarded=1
1786041250.980462 publish topic=ipi/airspan-followup-c1-rep1/latency/veh-001/ack bytes=239 forwarded=1
1786041251.199921 publish topic=ipi/airspan-followup-c1-rep1/latency/veh-001/request bytes=1353 forwarded=1
1786041251.200565 publish topic=ipi/airspan-followup-c1-rep1/latency/veh-001/ack bytes=239 forwarded=1
1786041251.450688 publish topic=ipi/airspan-followup-c1-rep1/latency/veh-001/request bytes=1353 forwarded=1
1786041251.451321 publish topic=ipi/airspan-followup-c1-rep1/latency/veh-001/ack bytes=239 forwarded=1
1786041251.690796 publish topic=ipi/airspan-followup-c1-rep1/latency/veh-001/request bytes=1353 forwarded=1
1786041251.691419 publish topic=ipi/airspan-followup-c1-rep1/latency/veh-001/ack bytes=239 forwarded=1
1786041251.930972 publish topic=ipi/airspan-followup-c1-rep1/latency/veh-001/request bytes=1353 forwarded=1
1786041251.931648 publish topic=ipi/airspan-followup-c1-rep1/latency/veh-001/ack bytes=239 forwarded=1
1786041252.161405 publish topic=ipi/airspan-followup-c1-rep1/latency/veh-001/request bytes=1353 forwarded=1
1786041252.162025 publish topic=ipi/airspan-followup-c1-rep1/latency/veh-001/ack bytes=239 forwarded=1
1786041252.391587 publish topic=ipi/airspan-followup-c1-rep1/latency/veh-001/request bytes=1353 forwarded=1
1786041252.392201 publish topic=ipi/airspan-followup-c1-rep1/latency/veh-001/ack bytes=239 forwarded=1
1786041252.632302 publish topic=ipi/airspan-followup-c1-rep1/latency/veh-001/request bytes=1353 forwarded=1
1786041252.632960 publish topic=ipi/airspan-followup-c1-rep1/latency/veh-001/ack bytes=239 forwarded=1
1786041252.862442 publish topic=ipi/airspan-followup-c1-rep1/latency/veh-001/request bytes=1353 forwarded=1
1786041252.863071 publish topic=ipi/airspan-followup-c1-rep1/latency/veh-001/ack bytes=239 forwarded=1
1786041253.102723 publish topic=ipi/airspan-followup-c1-rep1/latency/veh-001/request bytes=1353 forwarded=1
1786041253.103339 publish topic=ipi/airspan-followup-c1-rep1/latency/veh-001/ack bytes=239 forwarded=1
1786041253.343065 publish topic=ipi/airspan-followup-c1-rep1/latency/veh-001/request bytes=1353 forwarded=1
1786041253.343690 publish topic=ipi/airspan-followup-c1-rep1/latency/veh-001/ack bytes=239 forwarded=1
1786041253.583125 publish topic=ipi/airspan-followup-c1-rep1/latency/veh-001/request bytes=1353 forwarded=1
1786041253.583428 publish topic=ipi/airspan-followup-c1-rep1/latency/veh-001/ack bytes=239 forwarded=1
1786041253.813982 publish topic=ipi/airspan-followup-c1-rep1/latency/veh-001/request bytes=1353 forwarded=1
1786041253.814642 publish topic=ipi/airspan-followup-c1-rep1/latency/veh-001/ack bytes=239 forwarded=1
1786041254.043933 publish topic=ipi/airspan-followup-c1-rep1/latency/veh-001/request bytes=1353 forwarded=1
1786041254.044518 publish topic=ipi/airspan-followup-c1-rep1/latency/veh-001/ack bytes=239 forwarded=1
1786041254.274484 publish topic=ipi/airspan-followup-c1-rep1/latency/veh-001/request bytes=1353 forwarded=1
1786041254.275115 publish topic=ipi/airspan-followup-c1-rep1/latency/veh-001/ack bytes=239 forwarded=1
1786041254.514750 publish topic=ipi/airspan-followup-c1-rep1/latency/veh-001/request bytes=1353 forwarded=1
1786041254.515377 publish topic=ipi/airspan-followup-c1-rep1/latency/veh-001/ack bytes=239 forwarded=1
1786041254.754765 publish topic=ipi/airspan-followup-c1-rep1/latency/veh-001/request bytes=1353 forwarded=1
1786041254.755036 publish topic=ipi/airspan-followup-c1-rep1/latency/veh-001/ack bytes=239 forwarded=1
1786041254.995215 publish topic=ipi/airspan-followup-c1-rep1/latency/veh-001/request bytes=1353 forwarded=1
1786041254.995920 publish topic=ipi/airspan-followup-c1-rep1/latency/veh-001/ack bytes=239 forwarded=1
1786041255.235574 publish topic=ipi/airspan-followup-c1-rep1/latency/veh-001/request bytes=1353 forwarded=1
1786041255.236174 publish topic=ipi/airspan-followup-c1-rep1/latency/veh-001/ack bytes=239 forwarded=1
1786041255.476031 publish topic=ipi/airspan-followup-c1-rep1/latency/veh-001/request bytes=1353 forwarded=1
1786041255.476709 publish topic=ipi/airspan-followup-c1-rep1/latency/veh-001/ack bytes=239 forwarded=1
1786041255.716311 publish topic=ipi/airspan-followup-c1-rep1/latency/veh-001/request bytes=1353 forwarded=1
1786041255.716973 publish topic=ipi/airspan-followup-c1-rep1/latency/veh-001/ack bytes=239 forwarded=1
1786041255.956658 publish topic=ipi/airspan-followup-c1-rep1/latency/veh-001/request bytes=1353 forwarded=1
1786041255.957299 publish topic=ipi/airspan-followup-c1-rep1/latency/veh-001/ack bytes=239 forwarded=1
1786041256.196830 publish topic=ipi/airspan-followup-c1-rep1/latency/veh-001/request bytes=1353 forwarded=1
1786041256.197525 publish topic=ipi/airspan-followup-c1-rep1/latency/veh-001/ack bytes=239 forwarded=1
1786041256.437608 publish topic=ipi/airspan-followup-c1-rep1/latency/veh-001/request bytes=1353 forwarded=1
1786041256.438104 publish topic=ipi/airspan-followup-c1-rep1/latency/veh-001/ack bytes=239 forwarded=1
1786041256.667400 publish topic=ipi/airspan-followup-c1-rep1/latency/veh-001/request bytes=1353 forwarded=1
1786041256.668054 publish topic=ipi/airspan-followup-c1-rep1/latency/veh-001/ack bytes=239 forwarded=1
1786041256.897675 publish topic=ipi/airspan-followup-c1-rep1/latency/veh-001/request bytes=1353 forwarded=1
1786041256.898319 publish topic=ipi/airspan-followup-c1-rep1/latency/veh-001/ack bytes=239 forwarded=1
1786041257.128098 publish topic=ipi/airspan-followup-c1-rep1/latency/veh-001/request bytes=1353 forwarded=1
1786041257.128726 publish topic=ipi/airspan-followup-c1-rep1/latency/veh-001/ack bytes=239 forwarded=1
1786041257.358534 publish topic=ipi/airspan-followup-c1-rep1/latency/veh-001/request bytes=1353 forwarded=1
1786041257.359135 publish topic=ipi/airspan-followup-c1-rep1/latency/veh-001/ack bytes=239 forwarded=1
1786041257.588821 publish topic=ipi/airspan-followup-c1-rep1/latency/veh-001/request bytes=1353 forwarded=1
1786041257.589484 publish topic=ipi/airspan-followup-c1-rep1/latency/veh-001/ack bytes=239 forwarded=1
1786041257.819097 publish topic=ipi/airspan-followup-c1-rep1/latency/veh-001/request bytes=1353 forwarded=1
1786041257.819697 publish topic=ipi/airspan-followup-c1-rep1/latency/veh-001/ack bytes=239 forwarded=1
1786041258.049268 publish topic=ipi/airspan-followup-c1-rep1/latency/veh-001/request bytes=1353 forwarded=1
1786041258.049723 publish topic=ipi/airspan-followup-c1-rep1/latency/veh-001/ack bytes=239 forwarded=1
1786041258.280001 publish topic=ipi/airspan-followup-c1-rep1/latency/veh-001/request bytes=1353 forwarded=1
1786041258.280632 publish topic=ipi/airspan-followup-c1-rep1/latency/veh-001/ack bytes=239 forwarded=1
1786041258.510101 publish topic=ipi/airspan-followup-c1-rep1/latency/veh-001/request bytes=1353 forwarded=1
1786041258.510798 publish topic=ipi/airspan-followup-c1-rep1/latency/veh-001/ack bytes=239 forwarded=1
1786041258.750410 publish topic=ipi/airspan-followup-c1-rep1/latency/veh-001/request bytes=1353 forwarded=1
1786041258.750849 publish topic=ipi/airspan-followup-c1-rep1/latency/veh-001/ack bytes=239 forwarded=1
1786041258.770614 close ('<private-ip>', 38794) disconnect
