threaded mqtt broker listening on 0.0.0.0:1883
1787163981.630650 accept ('10.120.121.23', 41616)
1787163981.632025 close ('10.120.121.23', 41616) closed
1787163982.357780 accept ('127.0.0.1', 56008)
1787163982.358239 subscribe ('127.0.0.1', 56008) edge4av/airspan-tdd-downlink-location_3/raw-downlink/veh-001/request
1787163986.046320 accept ('10.120.121.23', 46218)
1787163986.076250 subscribe ('10.120.121.23', 46218) edge4av/airspan-tdd-downlink-location_3/raw-downlink/veh-001/response
1787163986.106271 publish topic=edge4av/airspan-tdd-downlink-location_3/raw-downlink/veh-001/request bytes=28 forwarded=1
1787163986.107069 publish topic=edge4av/airspan-tdd-downlink-location_3/raw-downlink/veh-001/response bytes=102432 forwarded=1
1787163986.417091 publish topic=edge4av/airspan-tdd-downlink-location_3/raw-downlink/veh-001/request bytes=28 forwarded=1
1787163986.418980 publish topic=edge4av/airspan-tdd-downlink-location_3/raw-downlink/veh-001/response bytes=102432 forwarded=1
1787163986.657339 publish topic=edge4av/airspan-tdd-downlink-location_3/raw-downlink/veh-001/request bytes=28 forwarded=1
1787163986.658998 publish topic=edge4av/airspan-tdd-downlink-location_3/raw-downlink/veh-001/response bytes=102432 forwarded=1
1787163986.897318 publish topic=edge4av/airspan-tdd-downlink-location_3/raw-downlink/veh-001/request bytes=28 forwarded=1
1787163986.897953 publish topic=edge4av/airspan-tdd-downlink-location_3/raw-downlink/veh-001/response bytes=102432 forwarded=1
1787163987.157949 publish topic=edge4av/airspan-tdd-downlink-location_3/raw-downlink/veh-001/request bytes=28 forwarded=1
1787163987.159605 publish topic=edge4av/airspan-tdd-downlink-location_3/raw-downlink/veh-001/response bytes=102432 forwarded=1
1787163987.398163 publish topic=edge4av/airspan-tdd-downlink-location_3/raw-downlink/veh-001/request bytes=28 forwarded=1
1787163987.399113 publish topic=edge4av/airspan-tdd-downlink-location_3/raw-downlink/veh-001/response bytes=102432 forwarded=1
1787163987.668739 publish topic=edge4av/airspan-tdd-downlink-location_3/raw-downlink/veh-001/request bytes=28 forwarded=1
1787163987.670325 publish topic=edge4av/airspan-tdd-downlink-location_3/raw-downlink/veh-001/response bytes=102432 forwarded=1
1787163987.948888 publish topic=edge4av/airspan-tdd-downlink-location_3/raw-downlink/veh-001/request bytes=28 forwarded=1
1787163987.949512 publish topic=edge4av/airspan-tdd-downlink-location_3/raw-downlink/veh-001/response bytes=102432 forwarded=1
1787163988.199789 publish topic=edge4av/airspan-tdd-downlink-location_3/raw-downlink/veh-001/request bytes=28 forwarded=1
1787163988.201424 publish topic=edge4av/airspan-tdd-downlink-location_3/raw-downlink/veh-001/response bytes=102432 forwarded=1
1787163988.479952 publish topic=edge4av/airspan-tdd-downlink-location_3/raw-downlink/veh-001/request bytes=28 forwarded=1
1787163988.481634 publish topic=edge4av/airspan-tdd-downlink-location_3/raw-downlink/veh-001/response bytes=102432 forwarded=1
1787163988.740536 publish topic=edge4av/airspan-tdd-downlink-location_3/raw-downlink/veh-001/request bytes=28 forwarded=1
1787163988.742026 publish topic=edge4av/airspan-tdd-downlink-location_3/raw-downlink/veh-001/response bytes=102432 forwarded=1
1787163989.020713 publish topic=edge4av/airspan-tdd-downlink-location_3/raw-downlink/veh-001/request bytes=28 forwarded=1
1787163989.022585 publish topic=edge4av/airspan-tdd-downlink-location_3/raw-downlink/veh-001/response bytes=102432 forwarded=1
1787163989.301141 publish topic=edge4av/airspan-tdd-downlink-location_3/raw-downlink/veh-001/request bytes=28 forwarded=1
1787163989.302622 publish topic=edge4av/airspan-tdd-downlink-location_3/raw-downlink/veh-001/response bytes=102432 forwarded=1
1787163989.581378 publish topic=edge4av/airspan-tdd-downlink-location_3/raw-downlink/veh-001/request bytes=28 forwarded=1
1787163989.583112 publish topic=edge4av/airspan-tdd-downlink-location_3/raw-downlink/veh-001/response bytes=102432 forwarded=1
1787163989.861784 publish topic=edge4av/airspan-tdd-downlink-location_3/raw-downlink/veh-001/request bytes=28 forwarded=1
1787163989.863331 publish topic=edge4av/airspan-tdd-downlink-location_3/raw-downlink/veh-001/response bytes=102432 forwarded=1
1787163990.102005 publish topic=edge4av/airspan-tdd-downlink-location_3/raw-downlink/veh-001/request bytes=28 forwarded=1
1787163990.102845 publish topic=edge4av/airspan-tdd-downlink-location_3/raw-downlink/veh-001/response bytes=102432 forwarded=1
1787163990.342607 publish topic=edge4av/airspan-tdd-downlink-location_3/raw-downlink/veh-001/request bytes=28 forwarded=1
1787163990.344082 publish topic=edge4av/airspan-tdd-downlink-location_3/raw-downlink/veh-001/response bytes=102432 forwarded=1
1787163990.582879 publish topic=edge4av/airspan-tdd-downlink-location_3/raw-downlink/veh-001/request bytes=28 forwarded=1
1787163990.584353 publish topic=edge4av/airspan-tdd-downlink-location_3/raw-downlink/veh-001/response bytes=102432 forwarded=1
1787163990.823135 publish topic=edge4av/airspan-tdd-downlink-location_3/raw-downlink/veh-001/request bytes=28 forwarded=1
1787163990.823807 publish topic=edge4av/airspan-tdd-downlink-location_3/raw-downlink/veh-001/response bytes=102432 forwarded=1
1787163991.073412 publish topic=edge4av/airspan-tdd-downlink-location_3/raw-downlink/veh-001/request bytes=28 forwarded=1
1787163991.075049 publish topic=edge4av/airspan-tdd-downlink-location_3/raw-downlink/veh-001/response bytes=102432 forwarded=1
1787163991.323821 publish topic=edge4av/airspan-tdd-downlink-location_3/raw-downlink/veh-001/request bytes=28 forwarded=1
1787163991.325526 publish topic=edge4av/airspan-tdd-downlink-location_3/raw-downlink/veh-001/response bytes=102432 forwarded=1
1787163991.604064 publish topic=edge4av/airspan-tdd-downlink-location_3/raw-downlink/veh-001/request bytes=28 forwarded=1
1787163991.605502 publish topic=edge4av/airspan-tdd-downlink-location_3/raw-downlink/veh-001/response bytes=102432 forwarded=1
1787163991.844261 publish topic=edge4av/airspan-tdd-downlink-location_3/raw-downlink/veh-001/request bytes=28 forwarded=1
1787163991.844949 publish topic=edge4av/airspan-tdd-downlink-location_3/raw-downlink/veh-001/response bytes=102432 forwarded=1
1787163992.074621 publish topic=edge4av/airspan-tdd-downlink-location_3/raw-downlink/veh-001/request bytes=28 forwarded=1
1787163992.076078 publish topic=edge4av/airspan-tdd-downlink-location_3/raw-downlink/veh-001/response bytes=102432 forwarded=1
1787163992.314931 publish topic=edge4av/airspan-tdd-downlink-location_3/raw-downlink/veh-001/request bytes=28 forwarded=1
1787163992.316613 publish topic=edge4av/airspan-tdd-downlink-location_3/raw-downlink/veh-001/response bytes=102432 forwarded=1
1787163992.555303 publish topic=edge4av/airspan-tdd-downlink-location_3/raw-downlink/veh-001/request bytes=28 forwarded=1
1787163992.556793 publish topic=edge4av/airspan-tdd-downlink-location_3/raw-downlink/veh-001/response bytes=102432 forwarded=1
1787163992.805485 publish topic=edge4av/airspan-tdd-downlink-location_3/raw-downlink/veh-001/request bytes=28 forwarded=1
1787163992.807116 publish topic=edge4av/airspan-tdd-downlink-location_3/raw-downlink/veh-001/response bytes=102432 forwarded=1
1787163993.055796 publish topic=edge4av/airspan-tdd-downlink-location_3/raw-downlink/veh-001/request bytes=28 forwarded=1
1787163993.056468 publish topic=edge4av/airspan-tdd-downlink-location_3/raw-downlink/veh-001/response bytes=102432 forwarded=1
1787163993.316328 publish topic=edge4av/airspan-tdd-downlink-location_3/raw-downlink/veh-001/request bytes=28 forwarded=1
1787163993.317854 publish topic=edge4av/airspan-tdd-downlink-location_3/raw-downlink/veh-001/response bytes=102432 forwarded=1
1787163993.566574 publish topic=edge4av/airspan-tdd-downlink-location_3/raw-downlink/veh-001/request bytes=28 forwarded=1
1787163993.567234 publish topic=edge4av/airspan-tdd-downlink-location_3/raw-downlink/veh-001/response bytes=102432 forwarded=1
1787163993.826965 publish topic=edge4av/airspan-tdd-downlink-location_3/raw-downlink/veh-001/request bytes=28 forwarded=1
1787163993.828621 publish topic=edge4av/airspan-tdd-downlink-location_3/raw-downlink/veh-001/response bytes=102432 forwarded=1
1787163994.067286 publish topic=edge4av/airspan-tdd-downlink-location_3/raw-downlink/veh-001/request bytes=28 forwarded=1
1787163994.068986 publish topic=edge4av/airspan-tdd-downlink-location_3/raw-downlink/veh-001/response bytes=102432 forwarded=1
1787163994.317431 publish topic=edge4av/airspan-tdd-downlink-location_3/raw-downlink/veh-001/request bytes=28 forwarded=1
1787163994.318883 publish topic=edge4av/airspan-tdd-downlink-location_3/raw-downlink/veh-001/response bytes=102432 forwarded=1
1787163994.587699 publish topic=edge4av/airspan-tdd-downlink-location_3/raw-downlink/veh-001/request bytes=28 forwarded=1
1787163994.588279 publish topic=edge4av/airspan-tdd-downlink-location_3/raw-downlink/veh-001/response bytes=102432 forwarded=1
1787163994.848336 publish topic=edge4av/airspan-tdd-downlink-location_3/raw-downlink/veh-001/request bytes=28 forwarded=1
1787163994.849845 publish topic=edge4av/airspan-tdd-downlink-location_3/raw-downlink/veh-001/response bytes=102432 forwarded=1
1787163995.078655 publish topic=edge4av/airspan-tdd-downlink-location_3/raw-downlink/veh-001/request bytes=28 forwarded=1
1787163995.080671 publish topic=edge4av/airspan-tdd-downlink-location_3/raw-downlink/veh-001/response bytes=102432 forwarded=1
1787163995.318705 publish topic=edge4av/airspan-tdd-downlink-location_3/raw-downlink/veh-001/request bytes=28 forwarded=1
1787163995.319300 publish topic=edge4av/airspan-tdd-downlink-location_3/raw-downlink/veh-001/response bytes=102432 forwarded=1
1787163995.559338 publish topic=edge4av/airspan-tdd-downlink-location_3/raw-downlink/veh-001/request bytes=28 forwarded=1
1787163995.561000 publish topic=edge4av/airspan-tdd-downlink-location_3/raw-downlink/veh-001/response bytes=102432 forwarded=1
1787163995.829646 publish topic=edge4av/airspan-tdd-downlink-location_3/raw-downlink/veh-001/request bytes=28 forwarded=1
1787163995.831169 publish topic=edge4av/airspan-tdd-downlink-location_3/raw-downlink/veh-001/response bytes=102432 forwarded=1
1787163996.070181 publish topic=edge4av/airspan-tdd-downlink-location_3/raw-downlink/veh-001/request bytes=28 forwarded=1
1787163996.071660 publish topic=edge4av/airspan-tdd-downlink-location_3/raw-downlink/veh-001/response bytes=102432 forwarded=1
1787163996.319932 publish topic=edge4av/airspan-tdd-downlink-location_3/raw-downlink/veh-001/request bytes=28 forwarded=1
1787163996.321125 publish topic=edge4av/airspan-tdd-downlink-location_3/raw-downlink/veh-001/response bytes=102432 forwarded=1
1787163996.600449 publish topic=edge4av/airspan-tdd-downlink-location_3/raw-downlink/veh-001/request bytes=28 forwarded=1
1787163996.602053 publish topic=edge4av/airspan-tdd-downlink-location_3/raw-downlink/veh-001/response bytes=102432 forwarded=1
1787163996.870983 publish topic=edge4av/airspan-tdd-downlink-location_3/raw-downlink/veh-001/request bytes=28 forwarded=1
1787163996.872669 publish topic=edge4av/airspan-tdd-downlink-location_3/raw-downlink/veh-001/response bytes=102432 forwarded=1
1787163997.111359 publish topic=edge4av/airspan-tdd-downlink-location_3/raw-downlink/veh-001/request bytes=28 forwarded=1
1787163997.112747 publish topic=edge4av/airspan-tdd-downlink-location_3/raw-downlink/veh-001/response bytes=102432 forwarded=1
1787163997.351701 publish topic=edge4av/airspan-tdd-downlink-location_3/raw-downlink/veh-001/request bytes=28 forwarded=1
1787163997.353218 publish topic=edge4av/airspan-tdd-downlink-location_3/raw-downlink/veh-001/response bytes=102432 forwarded=1
1787163997.591845 publish topic=edge4av/airspan-tdd-downlink-location_3/raw-downlink/veh-001/request bytes=28 forwarded=1
1787163997.592740 publish topic=edge4av/airspan-tdd-downlink-location_3/raw-downlink/veh-001/response bytes=102432 forwarded=1
1787163997.832303 publish topic=edge4av/airspan-tdd-downlink-location_3/raw-downlink/veh-001/request bytes=28 forwarded=1
1787163997.834008 publish topic=edge4av/airspan-tdd-downlink-location_3/raw-downlink/veh-001/response bytes=102432 forwarded=1
1787163998.122532 publish topic=edge4av/airspan-tdd-downlink-location_3/raw-downlink/veh-001/request bytes=28 forwarded=1
1787163998.123212 publish topic=edge4av/airspan-tdd-downlink-location_3/raw-downlink/veh-001/response bytes=102432 forwarded=1
1787163998.362814 publish topic=edge4av/airspan-tdd-downlink-location_3/raw-downlink/veh-001/request bytes=28 forwarded=1
1787163998.364420 publish topic=edge4av/airspan-tdd-downlink-location_3/raw-downlink/veh-001/response bytes=102432 forwarded=1
1787163998.633296 publish topic=edge4av/airspan-tdd-downlink-location_3/raw-downlink/veh-001/request bytes=28 forwarded=1
1787163998.635098 publish topic=edge4av/airspan-tdd-downlink-location_3/raw-downlink/veh-001/response bytes=102432 forwarded=1
1787163998.873733 publish topic=edge4av/airspan-tdd-downlink-location_3/raw-downlink/veh-001/request bytes=28 forwarded=1
1787163998.875179 publish topic=edge4av/airspan-tdd-downlink-location_3/raw-downlink/veh-001/response bytes=102432 forwarded=1
1787163999.123990 publish topic=edge4av/airspan-tdd-downlink-location_3/raw-downlink/veh-001/request bytes=28 forwarded=1
1787163999.125671 publish topic=edge4av/airspan-tdd-downlink-location_3/raw-downlink/veh-001/response bytes=102432 forwarded=1
1787163999.404648 publish topic=edge4av/airspan-tdd-downlink-location_3/raw-downlink/veh-001/request bytes=28 forwarded=1
1787163999.406392 publish topic=edge4av/airspan-tdd-downlink-location_3/raw-downlink/veh-001/response bytes=102432 forwarded=1
1787163999.674540 publish topic=edge4av/airspan-tdd-downlink-location_3/raw-downlink/veh-001/request bytes=28 forwarded=1
1787163999.676635 publish topic=edge4av/airspan-tdd-downlink-location_3/raw-downlink/veh-001/response bytes=102432 forwarded=1
1787163999.914817 publish topic=edge4av/airspan-tdd-downlink-location_3/raw-downlink/veh-001/request bytes=28 forwarded=1
1787163999.916236 publish topic=edge4av/airspan-tdd-downlink-location_3/raw-downlink/veh-001/response bytes=102432 forwarded=1
1787164000.165164 publish topic=edge4av/airspan-tdd-downlink-location_3/raw-downlink/veh-001/request bytes=28 forwarded=1
1787164000.166600 publish topic=edge4av/airspan-tdd-downlink-location_3/raw-downlink/veh-001/response bytes=102432 forwarded=1
1787164000.425852 publish topic=edge4av/airspan-tdd-downlink-location_3/raw-downlink/veh-001/request bytes=28 forwarded=1
1787164000.427345 publish topic=edge4av/airspan-tdd-downlink-location_3/raw-downlink/veh-001/response bytes=102432 forwarded=1
1787164000.666163 publish topic=edge4av/airspan-tdd-downlink-location_3/raw-downlink/veh-001/request bytes=28 forwarded=1
1787164000.667829 publish topic=edge4av/airspan-tdd-downlink-location_3/raw-downlink/veh-001/response bytes=102432 forwarded=1
1787164000.906192 publish topic=edge4av/airspan-tdd-downlink-location_3/raw-downlink/veh-001/request bytes=28 forwarded=1
1787164000.907025 publish topic=edge4av/airspan-tdd-downlink-location_3/raw-downlink/veh-001/response bytes=102432 forwarded=1
1787164001.146632 publish topic=edge4av/airspan-tdd-downlink-location_3/raw-downlink/veh-001/request bytes=28 forwarded=1
1787164001.148272 publish topic=edge4av/airspan-tdd-downlink-location_3/raw-downlink/veh-001/response bytes=102432 forwarded=1
1787164001.387220 publish topic=edge4av/airspan-tdd-downlink-location_3/raw-downlink/veh-001/request bytes=28 forwarded=1
1787164001.388704 publish topic=edge4av/airspan-tdd-downlink-location_3/raw-downlink/veh-001/response bytes=102432 forwarded=1
1787164001.627502 publish topic=edge4av/airspan-tdd-downlink-location_3/raw-downlink/veh-001/request bytes=28 forwarded=1
1787164001.628994 publish topic=edge4av/airspan-tdd-downlink-location_3/raw-downlink/veh-001/response bytes=102432 forwarded=1
1787164001.897634 publish topic=edge4av/airspan-tdd-downlink-location_3/raw-downlink/veh-001/request bytes=28 forwarded=1
1787164001.898501 publish topic=edge4av/airspan-tdd-downlink-location_3/raw-downlink/veh-001/response bytes=102432 forwarded=1
1787164002.138252 publish topic=edge4av/airspan-tdd-downlink-location_3/raw-downlink/veh-001/request bytes=28 forwarded=1
1787164002.139904 publish topic=edge4av/airspan-tdd-downlink-location_3/raw-downlink/veh-001/response bytes=102432 forwarded=1
1787164002.388336 publish topic=edge4av/airspan-tdd-downlink-location_3/raw-downlink/veh-001/request bytes=28 forwarded=1
1787164002.390351 publish topic=edge4av/airspan-tdd-downlink-location_3/raw-downlink/veh-001/response bytes=102432 forwarded=1
1787164002.658933 publish topic=edge4av/airspan-tdd-downlink-location_3/raw-downlink/veh-001/request bytes=28 forwarded=1
1787164002.660421 publish topic=edge4av/airspan-tdd-downlink-location_3/raw-downlink/veh-001/response bytes=102432 forwarded=1
1787164002.889263 publish topic=edge4av/airspan-tdd-downlink-location_3/raw-downlink/veh-001/request bytes=28 forwarded=1
1787164002.890880 publish topic=edge4av/airspan-tdd-downlink-location_3/raw-downlink/veh-001/response bytes=102432 forwarded=1
1787164003.139405 publish topic=edge4av/airspan-tdd-downlink-location_3/raw-downlink/veh-001/request bytes=28 forwarded=1
1787164003.140282 publish topic=edge4av/airspan-tdd-downlink-location_3/raw-downlink/veh-001/response bytes=102432 forwarded=1
1787164003.409992 publish topic=edge4av/airspan-tdd-downlink-location_3/raw-downlink/veh-001/request bytes=28 forwarded=1
1787164003.411675 publish topic=edge4av/airspan-tdd-downlink-location_3/raw-downlink/veh-001/response bytes=102432 forwarded=1
1787164003.670234 publish topic=edge4av/airspan-tdd-downlink-location_3/raw-downlink/veh-001/request bytes=28 forwarded=1
1787164003.670875 publish topic=edge4av/airspan-tdd-downlink-location_3/raw-downlink/veh-001/response bytes=102432 forwarded=1
1787164003.910653 publish topic=edge4av/airspan-tdd-downlink-location_3/raw-downlink/veh-001/request bytes=28 forwarded=1
1787164003.912266 publish topic=edge4av/airspan-tdd-downlink-location_3/raw-downlink/veh-001/response bytes=102432 forwarded=1
1787164004.191124 publish topic=edge4av/airspan-tdd-downlink-location_3/raw-downlink/veh-001/request bytes=28 forwarded=1
1787164004.192592 publish topic=edge4av/airspan-tdd-downlink-location_3/raw-downlink/veh-001/response bytes=102432 forwarded=1
1787164004.431566 publish topic=edge4av/airspan-tdd-downlink-location_3/raw-downlink/veh-001/request bytes=28 forwarded=1
1787164004.433082 publish topic=edge4av/airspan-tdd-downlink-location_3/raw-downlink/veh-001/response bytes=102432 forwarded=1
1787164004.671652 publish topic=edge4av/airspan-tdd-downlink-location_3/raw-downlink/veh-001/request bytes=28 forwarded=1
1787164004.673328 publish topic=edge4av/airspan-tdd-downlink-location_3/raw-downlink/veh-001/response bytes=102432 forwarded=1
1787164004.911977 publish topic=edge4av/airspan-tdd-downlink-location_3/raw-downlink/veh-001/request bytes=28 forwarded=1
1787164004.913754 publish topic=edge4av/airspan-tdd-downlink-location_3/raw-downlink/veh-001/response bytes=102432 forwarded=1
1787164005.172104 publish topic=edge4av/airspan-tdd-downlink-location_3/raw-downlink/veh-001/request bytes=28 forwarded=1
1787164005.173800 publish topic=edge4av/airspan-tdd-downlink-location_3/raw-downlink/veh-001/response bytes=102432 forwarded=1
1787164005.422436 publish topic=edge4av/airspan-tdd-downlink-location_3/raw-downlink/veh-001/request bytes=28 forwarded=1
1787164005.423142 publish topic=edge4av/airspan-tdd-downlink-location_3/raw-downlink/veh-001/response bytes=102432 forwarded=1
1787164005.703189 publish topic=edge4av/airspan-tdd-downlink-location_3/raw-downlink/veh-001/request bytes=28 forwarded=1
1787164005.704640 publish topic=edge4av/airspan-tdd-downlink-location_3/raw-downlink/veh-001/response bytes=102432 forwarded=1
1787164005.943221 publish topic=edge4av/airspan-tdd-downlink-location_3/raw-downlink/veh-001/request bytes=28 forwarded=1
1787164005.943756 publish topic=edge4av/airspan-tdd-downlink-location_3/raw-downlink/veh-001/response bytes=102432 forwarded=1
1787164006.193447 publish topic=edge4av/airspan-tdd-downlink-location_3/raw-downlink/veh-001/request bytes=28 forwarded=1
1787164006.195103 publish topic=edge4av/airspan-tdd-downlink-location_3/raw-downlink/veh-001/response bytes=102432 forwarded=1
1787164006.474222 publish topic=edge4av/airspan-tdd-downlink-location_3/raw-downlink/veh-001/request bytes=28 forwarded=1
1787164006.475128 publish topic=edge4av/airspan-tdd-downlink-location_3/raw-downlink/veh-001/response bytes=102432 forwarded=1
1787164006.724311 publish topic=edge4av/airspan-tdd-downlink-location_3/raw-downlink/veh-001/request bytes=28 forwarded=1
1787164006.725952 publish topic=edge4av/airspan-tdd-downlink-location_3/raw-downlink/veh-001/response bytes=102432 forwarded=1
1787164007.004518 publish topic=edge4av/airspan-tdd-downlink-location_3/raw-downlink/veh-001/request bytes=28 forwarded=1
1787164007.005970 publish topic=edge4av/airspan-tdd-downlink-location_3/raw-downlink/veh-001/response bytes=102432 forwarded=1
1787164007.264975 publish topic=edge4av/airspan-tdd-downlink-location_3/raw-downlink/veh-001/request bytes=28 forwarded=1
1787164007.266422 publish topic=edge4av/airspan-tdd-downlink-location_3/raw-downlink/veh-001/response bytes=102432 forwarded=1
1787164007.515174 publish topic=edge4av/airspan-tdd-downlink-location_3/raw-downlink/veh-001/request bytes=28 forwarded=1
1787164007.516156 publish topic=edge4av/airspan-tdd-downlink-location_3/raw-downlink/veh-001/response bytes=102432 forwarded=1
1787164007.785718 publish topic=edge4av/airspan-tdd-downlink-location_3/raw-downlink/veh-001/request bytes=28 forwarded=1
1787164007.787691 publish topic=edge4av/airspan-tdd-downlink-location_3/raw-downlink/veh-001/response bytes=102432 forwarded=1
1787164008.056184 publish topic=edge4av/airspan-tdd-downlink-location_3/raw-downlink/veh-001/request bytes=28 forwarded=1
1787164008.057928 publish topic=edge4av/airspan-tdd-downlink-location_3/raw-downlink/veh-001/response bytes=102432 forwarded=1
1787164008.326445 publish topic=edge4av/airspan-tdd-downlink-location_3/raw-downlink/veh-001/request bytes=28 forwarded=1
1787164008.327927 publish topic=edge4av/airspan-tdd-downlink-location_3/raw-downlink/veh-001/response bytes=102432 forwarded=1
1787164008.566752 publish topic=edge4av/airspan-tdd-downlink-location_3/raw-downlink/veh-001/request bytes=28 forwarded=1
1787164008.567956 publish topic=edge4av/airspan-tdd-downlink-location_3/raw-downlink/veh-001/response bytes=102432 forwarded=1
1787164008.807147 publish topic=edge4av/airspan-tdd-downlink-location_3/raw-downlink/veh-001/request bytes=28 forwarded=1
1787164008.807924 publish topic=edge4av/airspan-tdd-downlink-location_3/raw-downlink/veh-001/response bytes=102432 forwarded=1
1787164009.067649 publish topic=edge4av/airspan-tdd-downlink-location_3/raw-downlink/veh-001/request bytes=28 forwarded=1
1787164009.069415 publish topic=edge4av/airspan-tdd-downlink-location_3/raw-downlink/veh-001/response bytes=102432 forwarded=1
1787164009.337502 publish topic=edge4av/airspan-tdd-downlink-location_3/raw-downlink/veh-001/request bytes=28 forwarded=1
1787164009.337978 publish topic=edge4av/airspan-tdd-downlink-location_3/raw-downlink/veh-001/response bytes=102432 forwarded=1
1787164009.598003 publish topic=edge4av/airspan-tdd-downlink-location_3/raw-downlink/veh-001/request bytes=28 forwarded=1
1787164009.600294 publish topic=edge4av/airspan-tdd-downlink-location_3/raw-downlink/veh-001/response bytes=102432 forwarded=1
1787164009.838260 publish topic=edge4av/airspan-tdd-downlink-location_3/raw-downlink/veh-001/request bytes=28 forwarded=1
1787164009.839705 publish topic=edge4av/airspan-tdd-downlink-location_3/raw-downlink/veh-001/response bytes=102432 forwarded=1
1787164010.078578 publish topic=edge4av/airspan-tdd-downlink-location_3/raw-downlink/veh-001/request bytes=28 forwarded=1
1787164010.080088 publish topic=edge4av/airspan-tdd-downlink-location_3/raw-downlink/veh-001/response bytes=102432 forwarded=1
1787164010.318864 publish topic=edge4av/airspan-tdd-downlink-location_3/raw-downlink/veh-001/request bytes=28 forwarded=1
1787164010.320582 publish topic=edge4av/airspan-tdd-downlink-location_3/raw-downlink/veh-001/response bytes=102432 forwarded=1
1787164010.568971 publish topic=edge4av/airspan-tdd-downlink-location_3/raw-downlink/veh-001/request bytes=28 forwarded=1
1787164010.570722 publish topic=edge4av/airspan-tdd-downlink-location_3/raw-downlink/veh-001/response bytes=102432 forwarded=1
1787164010.809341 publish topic=edge4av/airspan-tdd-downlink-location_3/raw-downlink/veh-001/request bytes=28 forwarded=1
1787164010.810997 publish topic=edge4av/airspan-tdd-downlink-location_3/raw-downlink/veh-001/response bytes=102432 forwarded=1
1787164011.079559 publish topic=edge4av/airspan-tdd-downlink-location_3/raw-downlink/veh-001/request bytes=28 forwarded=1
1787164011.081183 publish topic=edge4av/airspan-tdd-downlink-location_3/raw-downlink/veh-001/response bytes=102432 forwarded=1
1787164011.320084 publish topic=edge4av/airspan-tdd-downlink-location_3/raw-downlink/veh-001/request bytes=28 forwarded=1
1787164011.321545 publish topic=edge4av/airspan-tdd-downlink-location_3/raw-downlink/veh-001/response bytes=102432 forwarded=1
1787164011.560128 publish topic=edge4av/airspan-tdd-downlink-location_3/raw-downlink/veh-001/request bytes=28 forwarded=1
1787164011.561576 publish topic=edge4av/airspan-tdd-downlink-location_3/raw-downlink/veh-001/response bytes=102432 forwarded=1
1787164011.800430 publish topic=edge4av/airspan-tdd-downlink-location_3/raw-downlink/veh-001/request bytes=28 forwarded=1
1787164011.802197 publish topic=edge4av/airspan-tdd-downlink-location_3/raw-downlink/veh-001/response bytes=102432 forwarded=1
1787164012.041121 publish topic=edge4av/airspan-tdd-downlink-location_3/raw-downlink/veh-001/request bytes=28 forwarded=1
1787164012.042981 publish topic=edge4av/airspan-tdd-downlink-location_3/raw-downlink/veh-001/response bytes=102432 forwarded=1
1787164012.281078 publish topic=edge4av/airspan-tdd-downlink-location_3/raw-downlink/veh-001/request bytes=28 forwarded=1
1787164012.282660 publish topic=edge4av/airspan-tdd-downlink-location_3/raw-downlink/veh-001/response bytes=102432 forwarded=1
1787164012.541177 publish topic=edge4av/airspan-tdd-downlink-location_3/raw-downlink/veh-001/request bytes=28 forwarded=1
1787164012.542061 publish topic=edge4av/airspan-tdd-downlink-location_3/raw-downlink/veh-001/response bytes=102432 forwarded=1
1787164012.781493 publish topic=edge4av/airspan-tdd-downlink-location_3/raw-downlink/veh-001/request bytes=28 forwarded=1
1787164012.782583 publish topic=edge4av/airspan-tdd-downlink-location_3/raw-downlink/veh-001/response bytes=102432 forwarded=1
1787164013.041716 publish topic=edge4av/airspan-tdd-downlink-location_3/raw-downlink/veh-001/request bytes=28 forwarded=1
1787164013.042444 publish topic=edge4av/airspan-tdd-downlink-location_3/raw-downlink/veh-001/response bytes=102432 forwarded=1
1787164013.282146 publish topic=edge4av/airspan-tdd-downlink-location_3/raw-downlink/veh-001/request bytes=28 forwarded=1
1787164013.283066 publish topic=edge4av/airspan-tdd-downlink-location_3/raw-downlink/veh-001/response bytes=102432 forwarded=1
1787164013.522517 publish topic=edge4av/airspan-tdd-downlink-location_3/raw-downlink/veh-001/request bytes=28 forwarded=1
1787164013.524205 publish topic=edge4av/airspan-tdd-downlink-location_3/raw-downlink/veh-001/response bytes=102432 forwarded=1
1787164013.763094 publish topic=edge4av/airspan-tdd-downlink-location_3/raw-downlink/veh-001/request bytes=28 forwarded=1
1787164013.764534 publish topic=edge4av/airspan-tdd-downlink-location_3/raw-downlink/veh-001/response bytes=102432 forwarded=1
1787164014.003313 publish topic=edge4av/airspan-tdd-downlink-location_3/raw-downlink/veh-001/request bytes=28 forwarded=1
1787164014.004899 publish topic=edge4av/airspan-tdd-downlink-location_3/raw-downlink/veh-001/response bytes=102432 forwarded=1
1787164014.273247 publish topic=edge4av/airspan-tdd-downlink-location_3/raw-downlink/veh-001/request bytes=28 forwarded=1
1787164014.273841 publish topic=edge4av/airspan-tdd-downlink-location_3/raw-downlink/veh-001/response bytes=102432 forwarded=1
1787164014.503767 publish topic=edge4av/airspan-tdd-downlink-location_3/raw-downlink/veh-001/request bytes=28 forwarded=1
1787164014.505480 publish topic=edge4av/airspan-tdd-downlink-location_3/raw-downlink/veh-001/response bytes=102432 forwarded=1
1787164014.743963 publish topic=edge4av/airspan-tdd-downlink-location_3/raw-downlink/veh-001/request bytes=28 forwarded=1
1787164014.745615 publish topic=edge4av/airspan-tdd-downlink-location_3/raw-downlink/veh-001/response bytes=102432 forwarded=1
1787164015.004422 publish topic=edge4av/airspan-tdd-downlink-location_3/raw-downlink/veh-001/request bytes=28 forwarded=1
1787164015.006088 publish topic=edge4av/airspan-tdd-downlink-location_3/raw-downlink/veh-001/response bytes=102432 forwarded=1
1787164015.244582 publish topic=edge4av/airspan-tdd-downlink-location_3/raw-downlink/veh-001/request bytes=28 forwarded=1
1787164015.246036 publish topic=edge4av/airspan-tdd-downlink-location_3/raw-downlink/veh-001/response bytes=102432 forwarded=1
1787164015.494830 publish topic=edge4av/airspan-tdd-downlink-location_3/raw-downlink/veh-001/request bytes=28 forwarded=1
1787164015.496284 publish topic=edge4av/airspan-tdd-downlink-location_3/raw-downlink/veh-001/response bytes=102432 forwarded=1
1787164015.735291 publish topic=edge4av/airspan-tdd-downlink-location_3/raw-downlink/veh-001/request bytes=28 forwarded=1
1787164015.737074 publish topic=edge4av/airspan-tdd-downlink-location_3/raw-downlink/veh-001/response bytes=102432 forwarded=1
1787164015.985033 publish topic=edge4av/airspan-tdd-downlink-location_3/raw-downlink/veh-001/request bytes=28 forwarded=1
1787164015.985714 publish topic=edge4av/airspan-tdd-downlink-location_3/raw-downlink/veh-001/response bytes=102432 forwarded=1
1787164016.235684 publish topic=edge4av/airspan-tdd-downlink-location_3/raw-downlink/veh-001/request bytes=28 forwarded=1
1787164016.237428 publish topic=edge4av/airspan-tdd-downlink-location_3/raw-downlink/veh-001/response bytes=102432 forwarded=1
1787164016.496075 publish topic=edge4av/airspan-tdd-downlink-location_3/raw-downlink/veh-001/request bytes=28 forwarded=1
1787164016.497632 publish topic=edge4av/airspan-tdd-downlink-location_3/raw-downlink/veh-001/response bytes=102432 forwarded=1
1787164016.726527 publish topic=edge4av/airspan-tdd-downlink-location_3/raw-downlink/veh-001/request bytes=28 forwarded=1
1787164016.727988 publish topic=edge4av/airspan-tdd-downlink-location_3/raw-downlink/veh-001/response bytes=102432 forwarded=1
1787164016.966831 publish topic=edge4av/airspan-tdd-downlink-location_3/raw-downlink/veh-001/request bytes=28 forwarded=1
1787164016.968241 publish topic=edge4av/airspan-tdd-downlink-location_3/raw-downlink/veh-001/response bytes=102432 forwarded=1
1787164017.227072 publish topic=edge4av/airspan-tdd-downlink-location_3/raw-downlink/veh-001/request bytes=28 forwarded=1
1787164017.227624 publish topic=edge4av/airspan-tdd-downlink-location_3/raw-downlink/veh-001/response bytes=102432 forwarded=1
1787164017.457309 publish topic=edge4av/airspan-tdd-downlink-location_3/raw-downlink/veh-001/request bytes=28 forwarded=1
1787164017.458897 publish topic=edge4av/airspan-tdd-downlink-location_3/raw-downlink/veh-001/response bytes=102432 forwarded=1
1787164017.697887 publish topic=edge4av/airspan-tdd-downlink-location_3/raw-downlink/veh-001/request bytes=28 forwarded=1
1787164017.699775 publish topic=edge4av/airspan-tdd-downlink-location_3/raw-downlink/veh-001/response bytes=102432 forwarded=1
1787164017.958322 publish topic=edge4av/airspan-tdd-downlink-location_3/raw-downlink/veh-001/request bytes=28 forwarded=1
1787164017.959843 publish topic=edge4av/airspan-tdd-downlink-location_3/raw-downlink/veh-001/response bytes=102432 forwarded=1
1787164018.198658 publish topic=edge4av/airspan-tdd-downlink-location_3/raw-downlink/veh-001/request bytes=28 forwarded=1
1787164018.200159 publish topic=edge4av/airspan-tdd-downlink-location_3/raw-downlink/veh-001/response bytes=102432 forwarded=1
1787164018.468930 publish topic=edge4av/airspan-tdd-downlink-location_3/raw-downlink/veh-001/request bytes=28 forwarded=1
1787164018.470365 publish topic=edge4av/airspan-tdd-downlink-location_3/raw-downlink/veh-001/response bytes=102432 forwarded=1
1787164018.709209 publish topic=edge4av/airspan-tdd-downlink-location_3/raw-downlink/veh-001/request bytes=28 forwarded=1
1787164018.710884 publish topic=edge4av/airspan-tdd-downlink-location_3/raw-downlink/veh-001/response bytes=102432 forwarded=1
1787164018.959695 publish topic=edge4av/airspan-tdd-downlink-location_3/raw-downlink/veh-001/request bytes=28 forwarded=1
1787164018.960274 publish topic=edge4av/airspan-tdd-downlink-location_3/raw-downlink/veh-001/response bytes=102432 forwarded=1
1787164019.200088 publish topic=edge4av/airspan-tdd-downlink-location_3/raw-downlink/veh-001/request bytes=28 forwarded=1
1787164019.201613 publish topic=edge4av/airspan-tdd-downlink-location_3/raw-downlink/veh-001/response bytes=102432 forwarded=1
1787164019.440302 publish topic=edge4av/airspan-tdd-downlink-location_3/raw-downlink/veh-001/request bytes=28 forwarded=1
1787164019.441978 publish topic=edge4av/airspan-tdd-downlink-location_3/raw-downlink/veh-001/response bytes=102432 forwarded=1
1787164019.680537 publish topic=edge4av/airspan-tdd-downlink-location_3/raw-downlink/veh-001/request bytes=28 forwarded=1
1787164019.682020 publish topic=edge4av/airspan-tdd-downlink-location_3/raw-downlink/veh-001/response bytes=102432 forwarded=1
1787164019.951026 publish topic=edge4av/airspan-tdd-downlink-location_3/raw-downlink/veh-001/request bytes=28 forwarded=1
1787164019.952705 publish topic=edge4av/airspan-tdd-downlink-location_3/raw-downlink/veh-001/response bytes=102432 forwarded=1
1787164020.191157 publish topic=edge4av/airspan-tdd-downlink-location_3/raw-downlink/veh-001/request bytes=28 forwarded=1
1787164020.192656 publish topic=edge4av/airspan-tdd-downlink-location_3/raw-downlink/veh-001/response bytes=102432 forwarded=1
1787164020.451463 publish topic=edge4av/airspan-tdd-downlink-location_3/raw-downlink/veh-001/request bytes=28 forwarded=1
1787164020.453085 publish topic=edge4av/airspan-tdd-downlink-location_3/raw-downlink/veh-001/response bytes=102432 forwarded=1
1787164020.712004 publish topic=edge4av/airspan-tdd-downlink-location_3/raw-downlink/veh-001/request bytes=28 forwarded=1
1787164020.713438 publish topic=edge4av/airspan-tdd-downlink-location_3/raw-downlink/veh-001/response bytes=102432 forwarded=1
1787164020.992274 publish topic=edge4av/airspan-tdd-downlink-location_3/raw-downlink/veh-001/request bytes=28 forwarded=1
1787164020.993741 publish topic=edge4av/airspan-tdd-downlink-location_3/raw-downlink/veh-001/response bytes=102432 forwarded=1
1787164021.282421 publish topic=edge4av/airspan-tdd-downlink-location_3/raw-downlink/veh-001/request bytes=28 forwarded=1
1787164021.284066 publish topic=edge4av/airspan-tdd-downlink-location_3/raw-downlink/veh-001/response bytes=102432 forwarded=1
1787164021.522672 publish topic=edge4av/airspan-tdd-downlink-location_3/raw-downlink/veh-001/request bytes=28 forwarded=1
1787164021.523402 publish topic=edge4av/airspan-tdd-downlink-location_3/raw-downlink/veh-001/response bytes=102432 forwarded=1
1787164021.763476 publish topic=edge4av/airspan-tdd-downlink-location_3/raw-downlink/veh-001/request bytes=28 forwarded=1
1787164021.764374 publish topic=edge4av/airspan-tdd-downlink-location_3/raw-downlink/veh-001/response bytes=102432 forwarded=1
1787164022.003883 publish topic=edge4av/airspan-tdd-downlink-location_3/raw-downlink/veh-001/request bytes=28 forwarded=1
1787164022.005332 publish topic=edge4av/airspan-tdd-downlink-location_3/raw-downlink/veh-001/response bytes=102432 forwarded=1
1787164022.253747 publish topic=edge4av/airspan-tdd-downlink-location_3/raw-downlink/veh-001/request bytes=28 forwarded=1
1787164022.254654 publish topic=edge4av/airspan-tdd-downlink-location_3/raw-downlink/veh-001/response bytes=102432 forwarded=1
1787164022.534321 publish topic=edge4av/airspan-tdd-downlink-location_3/raw-downlink/veh-001/request bytes=28 forwarded=1
1787164022.535752 publish topic=edge4av/airspan-tdd-downlink-location_3/raw-downlink/veh-001/response bytes=102432 forwarded=1
1787164022.804557 publish topic=edge4av/airspan-tdd-downlink-location_3/raw-downlink/veh-001/request bytes=28 forwarded=1
1787164022.806462 publish topic=edge4av/airspan-tdd-downlink-location_3/raw-downlink/veh-001/response bytes=102432 forwarded=1
1787164023.065013 publish topic=edge4av/airspan-tdd-downlink-location_3/raw-downlink/veh-001/request bytes=28 forwarded=1
1787164023.066564 publish topic=edge4av/airspan-tdd-downlink-location_3/raw-downlink/veh-001/response bytes=102432 forwarded=1
1787164023.315274 publish topic=edge4av/airspan-tdd-downlink-location_3/raw-downlink/veh-001/request bytes=28 forwarded=1
1787164023.316925 publish topic=edge4av/airspan-tdd-downlink-location_3/raw-downlink/veh-001/response bytes=102432 forwarded=1
1787164023.555405 publish topic=edge4av/airspan-tdd-downlink-location_3/raw-downlink/veh-001/request bytes=28 forwarded=1
1787164023.556905 publish topic=edge4av/airspan-tdd-downlink-location_3/raw-downlink/veh-001/response bytes=102432 forwarded=1
1787164023.816131 publish topic=edge4av/airspan-tdd-downlink-location_3/raw-downlink/veh-001/request bytes=28 forwarded=1
1787164023.817615 publish topic=edge4av/airspan-tdd-downlink-location_3/raw-downlink/veh-001/response bytes=102432 forwarded=1
1787164024.056261 publish topic=edge4av/airspan-tdd-downlink-location_3/raw-downlink/veh-001/request bytes=28 forwarded=1
1787164024.058018 publish topic=edge4av/airspan-tdd-downlink-location_3/raw-downlink/veh-001/response bytes=102432 forwarded=1
1787164024.296490 publish topic=edge4av/airspan-tdd-downlink-location_3/raw-downlink/veh-001/request bytes=28 forwarded=1
1787164024.298242 publish topic=edge4av/airspan-tdd-downlink-location_3/raw-downlink/veh-001/response bytes=102432 forwarded=1
1787164024.557121 publish topic=edge4av/airspan-tdd-downlink-location_3/raw-downlink/veh-001/request bytes=28 forwarded=1
1787164024.558796 publish topic=edge4av/airspan-tdd-downlink-location_3/raw-downlink/veh-001/response bytes=102432 forwarded=1
1787164024.797463 publish topic=edge4av/airspan-tdd-downlink-location_3/raw-downlink/veh-001/request bytes=28 forwarded=1
1787164024.798944 publish topic=edge4av/airspan-tdd-downlink-location_3/raw-downlink/veh-001/response bytes=102432 forwarded=1
1787164025.037456 publish topic=edge4av/airspan-tdd-downlink-location_3/raw-downlink/veh-001/request bytes=28 forwarded=1
1787164025.038969 publish topic=edge4av/airspan-tdd-downlink-location_3/raw-downlink/veh-001/response bytes=102432 forwarded=1
1787164025.287740 publish topic=edge4av/airspan-tdd-downlink-location_3/raw-downlink/veh-001/request bytes=28 forwarded=1
1787164025.289197 publish topic=edge4av/airspan-tdd-downlink-location_3/raw-downlink/veh-001/response bytes=102432 forwarded=1
1787164025.568269 publish topic=edge4av/airspan-tdd-downlink-location_3/raw-downlink/veh-001/request bytes=28 forwarded=1
1787164025.570035 publish topic=edge4av/airspan-tdd-downlink-location_3/raw-downlink/veh-001/response bytes=102432 forwarded=1
1787164025.838829 publish topic=edge4av/airspan-tdd-downlink-location_3/raw-downlink/veh-001/request bytes=28 forwarded=1
1787164025.840378 publish topic=edge4av/airspan-tdd-downlink-location_3/raw-downlink/veh-001/response bytes=102432 forwarded=1
1787164026.078902 publish topic=edge4av/airspan-tdd-downlink-location_3/raw-downlink/veh-001/request bytes=28 forwarded=1
1787164026.080553 publish topic=edge4av/airspan-tdd-downlink-location_3/raw-downlink/veh-001/response bytes=102432 forwarded=1
1787164026.329288 publish topic=edge4av/airspan-tdd-downlink-location_3/raw-downlink/veh-001/request bytes=28 forwarded=1
1787164026.330782 publish topic=edge4av/airspan-tdd-downlink-location_3/raw-downlink/veh-001/response bytes=102432 forwarded=1
1787164026.599663 publish topic=edge4av/airspan-tdd-downlink-location_3/raw-downlink/veh-001/request bytes=28 forwarded=1
1787164026.601179 publish topic=edge4av/airspan-tdd-downlink-location_3/raw-downlink/veh-001/response bytes=102432 forwarded=1
1787164026.849981 publish topic=edge4av/airspan-tdd-downlink-location_3/raw-downlink/veh-001/request bytes=28 forwarded=1
1787164026.851417 publish topic=edge4av/airspan-tdd-downlink-location_3/raw-downlink/veh-001/response bytes=102432 forwarded=1
1787164027.150359 publish topic=edge4av/airspan-tdd-downlink-location_3/raw-downlink/veh-001/request bytes=28 forwarded=1
1787164027.152059 publish topic=edge4av/airspan-tdd-downlink-location_3/raw-downlink/veh-001/response bytes=102432 forwarded=1
1787164027.430752 publish topic=edge4av/airspan-tdd-downlink-location_3/raw-downlink/veh-001/request bytes=28 forwarded=1
1787164027.432388 publish topic=edge4av/airspan-tdd-downlink-location_3/raw-downlink/veh-001/response bytes=102432 forwarded=1
1787164027.681095 publish topic=edge4av/airspan-tdd-downlink-location_3/raw-downlink/veh-001/request bytes=28 forwarded=1
1787164027.682623 publish topic=edge4av/airspan-tdd-downlink-location_3/raw-downlink/veh-001/response bytes=102432 forwarded=1
1787164027.951591 publish topic=edge4av/airspan-tdd-downlink-location_3/raw-downlink/veh-001/request bytes=28 forwarded=1
1787164027.952410 publish topic=edge4av/airspan-tdd-downlink-location_3/raw-downlink/veh-001/response bytes=102432 forwarded=1
1787164028.201647 publish topic=edge4av/airspan-tdd-downlink-location_3/raw-downlink/veh-001/request bytes=28 forwarded=1
1787164028.204099 publish topic=edge4av/airspan-tdd-downlink-location_3/raw-downlink/veh-001/response bytes=102432 forwarded=1
1787164028.481929 publish topic=edge4av/airspan-tdd-downlink-location_3/raw-downlink/veh-001/request bytes=28 forwarded=1
1787164028.482713 publish topic=edge4av/airspan-tdd-downlink-location_3/raw-downlink/veh-001/response bytes=102432 forwarded=1
1787164028.722821 publish topic=edge4av/airspan-tdd-downlink-location_3/raw-downlink/veh-001/request bytes=28 forwarded=1
1787164028.724478 publish topic=edge4av/airspan-tdd-downlink-location_3/raw-downlink/veh-001/response bytes=102432 forwarded=1
1787164028.963061 publish topic=edge4av/airspan-tdd-downlink-location_3/raw-downlink/veh-001/request bytes=28 forwarded=1
1787164028.964621 publish topic=edge4av/airspan-tdd-downlink-location_3/raw-downlink/veh-001/response bytes=102432 forwarded=1
1787164029.203359 publish topic=edge4av/airspan-tdd-downlink-location_3/raw-downlink/veh-001/request bytes=28 forwarded=1
1787164029.204791 publish topic=edge4av/airspan-tdd-downlink-location_3/raw-downlink/veh-001/response bytes=102432 forwarded=1
1787164029.453752 publish topic=edge4av/airspan-tdd-downlink-location_3/raw-downlink/veh-001/request bytes=28 forwarded=1
1787164029.455152 publish topic=edge4av/airspan-tdd-downlink-location_3/raw-downlink/veh-001/response bytes=102432 forwarded=1
1787164029.734150 publish topic=edge4av/airspan-tdd-downlink-location_3/raw-downlink/veh-001/request bytes=28 forwarded=1
1787164029.735852 publish topic=edge4av/airspan-tdd-downlink-location_3/raw-downlink/veh-001/response bytes=102432 forwarded=1
1787164029.984475 publish topic=edge4av/airspan-tdd-downlink-location_3/raw-downlink/veh-001/request bytes=28 forwarded=1
1787164029.986144 publish topic=edge4av/airspan-tdd-downlink-location_3/raw-downlink/veh-001/response bytes=102432 forwarded=1
1787164030.224329 publish topic=edge4av/airspan-tdd-downlink-location_3/raw-downlink/veh-001/request bytes=28 forwarded=1
1787164030.224908 publish topic=edge4av/airspan-tdd-downlink-location_3/raw-downlink/veh-001/response bytes=102432 forwarded=1
1787164030.465006 publish topic=edge4av/airspan-tdd-downlink-location_3/raw-downlink/veh-001/request bytes=28 forwarded=1
1787164030.466394 publish topic=edge4av/airspan-tdd-downlink-location_3/raw-downlink/veh-001/response bytes=102432 forwarded=1
1787164030.704986 publish topic=edge4av/airspan-tdd-downlink-location_3/raw-downlink/veh-001/request bytes=28 forwarded=1
1787164030.705718 publish topic=edge4av/airspan-tdd-downlink-location_3/raw-downlink/veh-001/response bytes=102432 forwarded=1
1787164030.945302 publish topic=edge4av/airspan-tdd-downlink-location_3/raw-downlink/veh-001/request bytes=28 forwarded=1
1787164030.945913 publish topic=edge4av/airspan-tdd-downlink-location_3/raw-downlink/veh-001/response bytes=102432 forwarded=1
1787164031.215955 publish topic=edge4av/airspan-tdd-downlink-location_3/raw-downlink/veh-001/request bytes=28 forwarded=1
1787164031.217671 publish topic=edge4av/airspan-tdd-downlink-location_3/raw-downlink/veh-001/response bytes=102432 forwarded=1
1787164031.456035 publish topic=edge4av/airspan-tdd-downlink-location_3/raw-downlink/veh-001/request bytes=28 forwarded=1
1787164031.457531 publish topic=edge4av/airspan-tdd-downlink-location_3/raw-downlink/veh-001/response bytes=102432 forwarded=1
1787164031.716506 publish topic=edge4av/airspan-tdd-downlink-location_3/raw-downlink/veh-001/request bytes=28 forwarded=1
1787164031.718146 publish topic=edge4av/airspan-tdd-downlink-location_3/raw-downlink/veh-001/response bytes=102432 forwarded=1
1787164031.956553 publish topic=edge4av/airspan-tdd-downlink-location_3/raw-downlink/veh-001/request bytes=28 forwarded=1
1787164031.957568 publish topic=edge4av/airspan-tdd-downlink-location_3/raw-downlink/veh-001/response bytes=102432 forwarded=1
1787164032.227180 publish topic=edge4av/airspan-tdd-downlink-location_3/raw-downlink/veh-001/request bytes=28 forwarded=1
1787164032.228599 publish topic=edge4av/airspan-tdd-downlink-location_3/raw-downlink/veh-001/response bytes=102432 forwarded=1
1787164032.497331 publish topic=edge4av/airspan-tdd-downlink-location_3/raw-downlink/veh-001/request bytes=28 forwarded=1
1787164032.498996 publish topic=edge4av/airspan-tdd-downlink-location_3/raw-downlink/veh-001/response bytes=102432 forwarded=1
1787164032.747897 publish topic=edge4av/airspan-tdd-downlink-location_3/raw-downlink/veh-001/request bytes=28 forwarded=1
1787164032.750042 publish topic=edge4av/airspan-tdd-downlink-location_3/raw-downlink/veh-001/response bytes=102432 forwarded=1
1787164033.018039 publish topic=edge4av/airspan-tdd-downlink-location_3/raw-downlink/veh-001/request bytes=28 forwarded=1
1787164033.019074 publish topic=edge4av/airspan-tdd-downlink-location_3/raw-downlink/veh-001/response bytes=102432 forwarded=1
1787164033.258581 publish topic=edge4av/airspan-tdd-downlink-location_3/raw-downlink/veh-001/request bytes=28 forwarded=1
1787164033.260078 publish topic=edge4av/airspan-tdd-downlink-location_3/raw-downlink/veh-001/response bytes=102432 forwarded=1
1787164033.508946 publish topic=edge4av/airspan-tdd-downlink-location_3/raw-downlink/veh-001/request bytes=28 forwarded=1
1787164033.510446 publish topic=edge4av/airspan-tdd-downlink-location_3/raw-downlink/veh-001/response bytes=102432 forwarded=1
1787164033.779521 publish topic=edge4av/airspan-tdd-downlink-location_3/raw-downlink/veh-001/request bytes=28 forwarded=1
1787164033.781040 publish topic=edge4av/airspan-tdd-downlink-location_3/raw-downlink/veh-001/response bytes=102432 forwarded=1
1787164034.019563 publish topic=edge4av/airspan-tdd-downlink-location_3/raw-downlink/veh-001/request bytes=28 forwarded=1
1787164034.021451 publish topic=edge4av/airspan-tdd-downlink-location_3/raw-downlink/veh-001/response bytes=102432 forwarded=1
1787164034.289876 publish topic=edge4av/airspan-tdd-downlink-location_3/raw-downlink/veh-001/request bytes=28 forwarded=1
1787164034.291390 publish topic=edge4av/airspan-tdd-downlink-location_3/raw-downlink/veh-001/response bytes=102432 forwarded=1
1787164034.530517 publish topic=edge4av/airspan-tdd-downlink-location_3/raw-downlink/veh-001/request bytes=28 forwarded=1
1787164034.532128 publish topic=edge4av/airspan-tdd-downlink-location_3/raw-downlink/veh-001/response bytes=102432 forwarded=1
1787164034.770796 publish topic=edge4av/airspan-tdd-downlink-location_3/raw-downlink/veh-001/request bytes=28 forwarded=1
1787164034.772201 publish topic=edge4av/airspan-tdd-downlink-location_3/raw-downlink/veh-001/response bytes=102432 forwarded=1
1787164035.011296 publish topic=edge4av/airspan-tdd-downlink-location_3/raw-downlink/veh-001/request bytes=28 forwarded=1
1787164035.012711 publish topic=edge4av/airspan-tdd-downlink-location_3/raw-downlink/veh-001/response bytes=102432 forwarded=1
1787164035.261367 publish topic=edge4av/airspan-tdd-downlink-location_3/raw-downlink/veh-001/request bytes=28 forwarded=1
1787164035.262301 publish topic=edge4av/airspan-tdd-downlink-location_3/raw-downlink/veh-001/response bytes=102432 forwarded=1
1787164035.541983 publish topic=edge4av/airspan-tdd-downlink-location_3/raw-downlink/veh-001/request bytes=28 forwarded=1
1787164035.543588 publish topic=edge4av/airspan-tdd-downlink-location_3/raw-downlink/veh-001/response bytes=102432 forwarded=1
1787164035.812273 publish topic=edge4av/airspan-tdd-downlink-location_3/raw-downlink/veh-001/request bytes=28 forwarded=1
1787164035.812808 publish topic=edge4av/airspan-tdd-downlink-location_3/raw-downlink/veh-001/response bytes=102432 forwarded=1
1787164036.063091 publish topic=edge4av/airspan-tdd-downlink-location_3/raw-downlink/veh-001/request bytes=28 forwarded=1
1787164036.064542 publish topic=edge4av/airspan-tdd-downlink-location_3/raw-downlink/veh-001/response bytes=102432 forwarded=1
1787164036.313266 publish topic=edge4av/airspan-tdd-downlink-location_3/raw-downlink/veh-001/request bytes=28 forwarded=1
1787164036.314726 publish topic=edge4av/airspan-tdd-downlink-location_3/raw-downlink/veh-001/response bytes=102432 forwarded=1
1787164036.563653 publish topic=edge4av/airspan-tdd-downlink-location_3/raw-downlink/veh-001/request bytes=28 forwarded=1
1787164036.564674 publish topic=edge4av/airspan-tdd-downlink-location_3/raw-downlink/veh-001/response bytes=102432 forwarded=1
1787164036.834289 publish topic=edge4av/airspan-tdd-downlink-location_3/raw-downlink/veh-001/request bytes=28 forwarded=1
1787164036.836275 publish topic=edge4av/airspan-tdd-downlink-location_3/raw-downlink/veh-001/response bytes=102432 forwarded=1
1787164037.114651 publish topic=edge4av/airspan-tdd-downlink-location_3/raw-downlink/veh-001/request bytes=28 forwarded=1
1787164037.116132 publish topic=edge4av/airspan-tdd-downlink-location_3/raw-downlink/veh-001/response bytes=102432 forwarded=1
1787164037.354934 publish topic=edge4av/airspan-tdd-downlink-location_3/raw-downlink/veh-001/request bytes=28 forwarded=1
1787164037.356550 publish topic=edge4av/airspan-tdd-downlink-location_3/raw-downlink/veh-001/response bytes=102432 forwarded=1
1787164037.605151 publish topic=edge4av/airspan-tdd-downlink-location_3/raw-downlink/veh-001/request bytes=28 forwarded=1
1787164037.606678 publish topic=edge4av/airspan-tdd-downlink-location_3/raw-downlink/veh-001/response bytes=102432 forwarded=1
1787164037.865775 publish topic=edge4av/airspan-tdd-downlink-location_3/raw-downlink/veh-001/request bytes=28 forwarded=1
1787164037.867324 publish topic=edge4av/airspan-tdd-downlink-location_3/raw-downlink/veh-001/response bytes=102432 forwarded=1
1787164038.125924 publish topic=edge4av/airspan-tdd-downlink-location_3/raw-downlink/veh-001/request bytes=28 forwarded=1
1787164038.126729 publish topic=edge4av/airspan-tdd-downlink-location_3/raw-downlink/veh-001/response bytes=102432 forwarded=1
1787164038.366299 publish topic=edge4av/airspan-tdd-downlink-location_3/raw-downlink/veh-001/request bytes=28 forwarded=1
1787164038.367927 publish topic=edge4av/airspan-tdd-downlink-location_3/raw-downlink/veh-001/response bytes=102432 forwarded=1
1787164038.636353 publish topic=edge4av/airspan-tdd-downlink-location_3/raw-downlink/veh-001/request bytes=28 forwarded=1
1787164038.637097 publish topic=edge4av/airspan-tdd-downlink-location_3/raw-downlink/veh-001/response bytes=102432 forwarded=1
1787164038.897048 publish topic=edge4av/airspan-tdd-downlink-location_3/raw-downlink/veh-001/request bytes=28 forwarded=1
1787164038.898464 publish topic=edge4av/airspan-tdd-downlink-location_3/raw-downlink/veh-001/response bytes=102432 forwarded=1
1787164039.137356 publish topic=edge4av/airspan-tdd-downlink-location_3/raw-downlink/veh-001/request bytes=28 forwarded=1
1787164039.138764 publish topic=edge4av/airspan-tdd-downlink-location_3/raw-downlink/veh-001/response bytes=102432 forwarded=1
1787164039.417573 publish topic=edge4av/airspan-tdd-downlink-location_3/raw-downlink/veh-001/request bytes=28 forwarded=1
1787164039.419154 publish topic=edge4av/airspan-tdd-downlink-location_3/raw-downlink/veh-001/response bytes=102432 forwarded=1
1787164039.678412 publish topic=edge4av/airspan-tdd-downlink-location_3/raw-downlink/veh-001/request bytes=28 forwarded=1
1787164039.680060 publish topic=edge4av/airspan-tdd-downlink-location_3/raw-downlink/veh-001/response bytes=102432 forwarded=1
1787164039.918502 publish topic=edge4av/airspan-tdd-downlink-location_3/raw-downlink/veh-001/request bytes=28 forwarded=1
1787164039.919975 publish topic=edge4av/airspan-tdd-downlink-location_3/raw-downlink/veh-001/response bytes=102432 forwarded=1
1787164040.168922 publish topic=edge4av/airspan-tdd-downlink-location_3/raw-downlink/veh-001/request bytes=28 forwarded=1
1787164040.170511 publish topic=edge4av/airspan-tdd-downlink-location_3/raw-downlink/veh-001/response bytes=102432 forwarded=1
1787164040.439357 publish topic=edge4av/airspan-tdd-downlink-location_3/raw-downlink/veh-001/request bytes=28 forwarded=1
1787164040.441642 publish topic=edge4av/airspan-tdd-downlink-location_3/raw-downlink/veh-001/response bytes=102432 forwarded=1
1787164040.679924 publish topic=edge4av/airspan-tdd-downlink-location_3/raw-downlink/veh-001/request bytes=28 forwarded=1
1787164040.681380 publish topic=edge4av/airspan-tdd-downlink-location_3/raw-downlink/veh-001/response bytes=102432 forwarded=1
1787164040.919825 publish topic=edge4av/airspan-tdd-downlink-location_3/raw-downlink/veh-001/request bytes=28 forwarded=1
1787164040.920624 publish topic=edge4av/airspan-tdd-downlink-location_3/raw-downlink/veh-001/response bytes=102432 forwarded=1
1787164041.180265 publish topic=edge4av/airspan-tdd-downlink-location_3/raw-downlink/veh-001/request bytes=28 forwarded=1
1787164041.181451 publish topic=edge4av/airspan-tdd-downlink-location_3/raw-downlink/veh-001/response bytes=102432 forwarded=1
1787164041.420899 publish topic=edge4av/airspan-tdd-downlink-location_3/raw-downlink/veh-001/request bytes=28 forwarded=1
1787164041.422590 publish topic=edge4av/airspan-tdd-downlink-location_3/raw-downlink/veh-001/response bytes=102432 forwarded=1
1787164041.681252 publish topic=edge4av/airspan-tdd-downlink-location_3/raw-downlink/veh-001/request bytes=28 forwarded=1
1787164041.682760 publish topic=edge4av/airspan-tdd-downlink-location_3/raw-downlink/veh-001/response bytes=102432 forwarded=1
1787164041.921317 publish topic=edge4av/airspan-tdd-downlink-location_3/raw-downlink/veh-001/request bytes=28 forwarded=1
1787164041.922779 publish topic=edge4av/airspan-tdd-downlink-location_3/raw-downlink/veh-001/response bytes=102432 forwarded=1
1787164042.181750 publish topic=edge4av/airspan-tdd-downlink-location_3/raw-downlink/veh-001/request bytes=28 forwarded=1
1787164042.183153 publish topic=edge4av/airspan-tdd-downlink-location_3/raw-downlink/veh-001/response bytes=102432 forwarded=1
1787164042.432515 publish topic=edge4av/airspan-tdd-downlink-location_3/raw-downlink/veh-001/request bytes=28 forwarded=1
1787164042.434298 publish topic=edge4av/airspan-tdd-downlink-location_3/raw-downlink/veh-001/response bytes=102432 forwarded=1
1787164042.702543 publish topic=edge4av/airspan-tdd-downlink-location_3/raw-downlink/veh-001/request bytes=28 forwarded=1
1787164042.703243 publish topic=edge4av/airspan-tdd-downlink-location_3/raw-downlink/veh-001/response bytes=102432 forwarded=1
1787164042.942772 publish topic=edge4av/airspan-tdd-downlink-location_3/raw-downlink/veh-001/request bytes=28 forwarded=1
1787164042.943422 publish topic=edge4av/airspan-tdd-downlink-location_3/raw-downlink/veh-001/response bytes=102432 forwarded=1
1787164043.193043 publish topic=edge4av/airspan-tdd-downlink-location_3/raw-downlink/veh-001/request bytes=28 forwarded=1
1787164043.193702 publish topic=edge4av/airspan-tdd-downlink-location_3/raw-downlink/veh-001/response bytes=102432 forwarded=1
1787164043.473553 publish topic=edge4av/airspan-tdd-downlink-location_3/raw-downlink/veh-001/request bytes=28 forwarded=1
1787164043.475078 publish topic=edge4av/airspan-tdd-downlink-location_3/raw-downlink/veh-001/response bytes=102432 forwarded=1
1787164043.714120 publish topic=edge4av/airspan-tdd-downlink-location_3/raw-downlink/veh-001/request bytes=28 forwarded=1
1787164043.715815 publish topic=edge4av/airspan-tdd-downlink-location_3/raw-downlink/veh-001/response bytes=102432 forwarded=1
1787164043.954345 publish topic=edge4av/airspan-tdd-downlink-location_3/raw-downlink/veh-001/request bytes=28 forwarded=1
1787164043.956056 publish topic=edge4av/airspan-tdd-downlink-location_3/raw-downlink/veh-001/response bytes=102432 forwarded=1
1787164044.224949 publish topic=edge4av/airspan-tdd-downlink-location_3/raw-downlink/veh-001/request bytes=28 forwarded=1
1787164044.226620 publish topic=edge4av/airspan-tdd-downlink-location_3/raw-downlink/veh-001/response bytes=102432 forwarded=1
1787164044.475129 publish topic=edge4av/airspan-tdd-downlink-location_3/raw-downlink/veh-001/request bytes=28 forwarded=1
1787164044.476587 publish topic=edge4av/airspan-tdd-downlink-location_3/raw-downlink/veh-001/response bytes=102432 forwarded=1
1787164044.715414 publish topic=edge4av/airspan-tdd-downlink-location_3/raw-downlink/veh-001/request bytes=28 forwarded=1
1787164044.716892 publish topic=edge4av/airspan-tdd-downlink-location_3/raw-downlink/veh-001/response bytes=102432 forwarded=1
1787164044.965837 publish topic=edge4av/airspan-tdd-downlink-location_3/raw-downlink/veh-001/request bytes=28 forwarded=1
1787164044.967271 publish topic=edge4av/airspan-tdd-downlink-location_3/raw-downlink/veh-001/response bytes=102432 forwarded=1
1787164045.206138 publish topic=edge4av/airspan-tdd-downlink-location_3/raw-downlink/veh-001/request bytes=28 forwarded=1
1787164045.207827 publish topic=edge4av/airspan-tdd-downlink-location_3/raw-downlink/veh-001/response bytes=102432 forwarded=1
1787164045.446118 publish topic=edge4av/airspan-tdd-downlink-location_3/raw-downlink/veh-001/request bytes=28 forwarded=1
1787164045.447611 publish topic=edge4av/airspan-tdd-downlink-location_3/raw-downlink/veh-001/response bytes=102432 forwarded=1
1787164045.686658 publish topic=edge4av/airspan-tdd-downlink-location_3/raw-downlink/veh-001/request bytes=28 forwarded=1
1787164045.687440 publish topic=edge4av/airspan-tdd-downlink-location_3/raw-downlink/veh-001/response bytes=102432 forwarded=1
1787164045.927058 publish topic=edge4av/airspan-tdd-downlink-location_3/raw-downlink/veh-001/request bytes=28 forwarded=1
1787164045.927720 publish topic=edge4av/airspan-tdd-downlink-location_3/raw-downlink/veh-001/response bytes=102432 forwarded=1
1787164046.167503 publish topic=edge4av/airspan-tdd-downlink-location_3/raw-downlink/veh-001/request bytes=28 forwarded=1
1787164046.169126 publish topic=edge4av/airspan-tdd-downlink-location_3/raw-downlink/veh-001/response bytes=102432 forwarded=1
1787164046.427670 publish topic=edge4av/airspan-tdd-downlink-location_3/raw-downlink/veh-001/request bytes=28 forwarded=1
1787164046.429398 publish topic=edge4av/airspan-tdd-downlink-location_3/raw-downlink/veh-001/response bytes=102432 forwarded=1
1787164046.698474 publish topic=edge4av/airspan-tdd-downlink-location_3/raw-downlink/veh-001/request bytes=28 forwarded=1
1787164046.700446 publish topic=edge4av/airspan-tdd-downlink-location_3/raw-downlink/veh-001/response bytes=102432 forwarded=1
1787164046.978599 publish topic=edge4av/airspan-tdd-downlink-location_3/raw-downlink/veh-001/request bytes=28 forwarded=1
1787164046.980284 publish topic=edge4av/airspan-tdd-downlink-location_3/raw-downlink/veh-001/response bytes=102432 forwarded=1
1787164047.218848 publish topic=edge4av/airspan-tdd-downlink-location_3/raw-downlink/veh-001/request bytes=28 forwarded=1
1787164047.220306 publish topic=edge4av/airspan-tdd-downlink-location_3/raw-downlink/veh-001/response bytes=102432 forwarded=1
1787164047.458911 publish topic=edge4av/airspan-tdd-downlink-location_3/raw-downlink/veh-001/request bytes=28 forwarded=1
1787164047.459757 publish topic=edge4av/airspan-tdd-downlink-location_3/raw-downlink/veh-001/response bytes=102432 forwarded=1
1787164047.699413 publish topic=edge4av/airspan-tdd-downlink-location_3/raw-downlink/veh-001/request bytes=28 forwarded=1
1787164047.700821 publish topic=edge4av/airspan-tdd-downlink-location_3/raw-downlink/veh-001/response bytes=102432 forwarded=1
1787164047.959740 publish topic=edge4av/airspan-tdd-downlink-location_3/raw-downlink/veh-001/request bytes=28 forwarded=1
1787164047.961015 publish topic=edge4av/airspan-tdd-downlink-location_3/raw-downlink/veh-001/response bytes=102432 forwarded=1
1787164048.210327 publish topic=edge4av/airspan-tdd-downlink-location_3/raw-downlink/veh-001/request bytes=28 forwarded=1
1787164048.211831 publish topic=edge4av/airspan-tdd-downlink-location_3/raw-downlink/veh-001/response bytes=102432 forwarded=1
1787164048.490275 publish topic=edge4av/airspan-tdd-downlink-location_3/raw-downlink/veh-001/request bytes=28 forwarded=1
1787164048.491865 publish topic=edge4av/airspan-tdd-downlink-location_3/raw-downlink/veh-001/response bytes=102432 forwarded=1
1787164048.771003 publish topic=edge4av/airspan-tdd-downlink-location_3/raw-downlink/veh-001/request bytes=28 forwarded=1
1787164048.772431 publish topic=edge4av/airspan-tdd-downlink-location_3/raw-downlink/veh-001/response bytes=102432 forwarded=1
1787164049.021407 publish topic=edge4av/airspan-tdd-downlink-location_3/raw-downlink/veh-001/request bytes=28 forwarded=1
1787164049.022858 publish topic=edge4av/airspan-tdd-downlink-location_3/raw-downlink/veh-001/response bytes=102432 forwarded=1
1787164049.261614 publish topic=edge4av/airspan-tdd-downlink-location_3/raw-downlink/veh-001/request bytes=28 forwarded=1
1787164049.263363 publish topic=edge4av/airspan-tdd-downlink-location_3/raw-downlink/veh-001/response bytes=102432 forwarded=1
1787164049.512128 publish topic=edge4av/airspan-tdd-downlink-location_3/raw-downlink/veh-001/request bytes=28 forwarded=1
1787164049.513819 publish topic=edge4av/airspan-tdd-downlink-location_3/raw-downlink/veh-001/response bytes=102432 forwarded=1
1787164049.792620 publish topic=edge4av/airspan-tdd-downlink-location_3/raw-downlink/veh-001/request bytes=28 forwarded=1
1787164049.794379 publish topic=edge4av/airspan-tdd-downlink-location_3/raw-downlink/veh-001/response bytes=102432 forwarded=1
1787164050.033004 publish topic=edge4av/airspan-tdd-downlink-location_3/raw-downlink/veh-001/request bytes=28 forwarded=1
1787164050.033687 publish topic=edge4av/airspan-tdd-downlink-location_3/raw-downlink/veh-001/response bytes=102432 forwarded=1
1787164050.273288 publish topic=edge4av/airspan-tdd-downlink-location_3/raw-downlink/veh-001/request bytes=28 forwarded=1
1787164050.274817 publish topic=edge4av/airspan-tdd-downlink-location_3/raw-downlink/veh-001/response bytes=102432 forwarded=1
1787164050.523796 publish topic=edge4av/airspan-tdd-downlink-location_3/raw-downlink/veh-001/request bytes=28 forwarded=1
1787164050.526102 publish topic=edge4av/airspan-tdd-downlink-location_3/raw-downlink/veh-001/response bytes=102432 forwarded=1
1787164050.804104 publish topic=edge4av/airspan-tdd-downlink-location_3/raw-downlink/veh-001/request bytes=28 forwarded=1
1787164050.805838 publish topic=edge4av/airspan-tdd-downlink-location_3/raw-downlink/veh-001/response bytes=102432 forwarded=1
1787164051.044389 publish topic=edge4av/airspan-tdd-downlink-location_3/raw-downlink/veh-001/request bytes=28 forwarded=1
1787164051.045999 publish topic=edge4av/airspan-tdd-downlink-location_3/raw-downlink/veh-001/response bytes=102432 forwarded=1
1787164051.294716 publish topic=edge4av/airspan-tdd-downlink-location_3/raw-downlink/veh-001/request bytes=28 forwarded=1
1787164051.296456 publish topic=edge4av/airspan-tdd-downlink-location_3/raw-downlink/veh-001/response bytes=102432 forwarded=1
1787164051.555073 publish topic=edge4av/airspan-tdd-downlink-location_3/raw-downlink/veh-001/request bytes=28 forwarded=1
1787164051.556576 publish topic=edge4av/airspan-tdd-downlink-location_3/raw-downlink/veh-001/response bytes=102432 forwarded=1
1787164051.795516 publish topic=edge4av/airspan-tdd-downlink-location_3/raw-downlink/veh-001/request bytes=28 forwarded=1
1787164051.797062 publish topic=edge4av/airspan-tdd-downlink-location_3/raw-downlink/veh-001/response bytes=102432 forwarded=1
1787164052.035671 publish topic=edge4av/airspan-tdd-downlink-location_3/raw-downlink/veh-001/request bytes=28 forwarded=1
1787164052.037438 publish topic=edge4av/airspan-tdd-downlink-location_3/raw-downlink/veh-001/response bytes=102432 forwarded=1
1787164052.275971 publish topic=edge4av/airspan-tdd-downlink-location_3/raw-downlink/veh-001/request bytes=28 forwarded=1
1787164052.277660 publish topic=edge4av/airspan-tdd-downlink-location_3/raw-downlink/veh-001/response bytes=102432 forwarded=1
1787164052.536347 publish topic=edge4av/airspan-tdd-downlink-location_3/raw-downlink/veh-001/request bytes=28 forwarded=1
1787164052.538104 publish topic=edge4av/airspan-tdd-downlink-location_3/raw-downlink/veh-001/response bytes=102432 forwarded=1
1787164052.776658 publish topic=edge4av/airspan-tdd-downlink-location_3/raw-downlink/veh-001/request bytes=28 forwarded=1
1787164052.778257 publish topic=edge4av/airspan-tdd-downlink-location_3/raw-downlink/veh-001/response bytes=102432 forwarded=1
1787164053.046769 publish topic=edge4av/airspan-tdd-downlink-location_3/raw-downlink/veh-001/request bytes=28 forwarded=1
1787164053.048414 publish topic=edge4av/airspan-tdd-downlink-location_3/raw-downlink/veh-001/response bytes=102432 forwarded=1
1787164053.287465 publish topic=edge4av/airspan-tdd-downlink-location_3/raw-downlink/veh-001/request bytes=28 forwarded=1
1787164053.288941 publish topic=edge4av/airspan-tdd-downlink-location_3/raw-downlink/veh-001/response bytes=102432 forwarded=1
1787164053.547710 publish topic=edge4av/airspan-tdd-downlink-location_3/raw-downlink/veh-001/request bytes=28 forwarded=1
1787164053.549405 publish topic=edge4av/airspan-tdd-downlink-location_3/raw-downlink/veh-001/response bytes=102432 forwarded=1
1787164053.788105 publish topic=edge4av/airspan-tdd-downlink-location_3/raw-downlink/veh-001/request bytes=28 forwarded=1
1787164053.789686 publish topic=edge4av/airspan-tdd-downlink-location_3/raw-downlink/veh-001/response bytes=102432 forwarded=1
1787164054.038275 publish topic=edge4av/airspan-tdd-downlink-location_3/raw-downlink/veh-001/request bytes=28 forwarded=1
1787164054.039880 publish topic=edge4av/airspan-tdd-downlink-location_3/raw-downlink/veh-001/response bytes=102432 forwarded=1
1787164054.278706 publish topic=edge4av/airspan-tdd-downlink-location_3/raw-downlink/veh-001/request bytes=28 forwarded=1
1787164054.280155 publish topic=edge4av/airspan-tdd-downlink-location_3/raw-downlink/veh-001/response bytes=102432 forwarded=1
1787164054.528712 publish topic=edge4av/airspan-tdd-downlink-location_3/raw-downlink/veh-001/request bytes=28 forwarded=1
1787164054.529169 publish topic=edge4av/airspan-tdd-downlink-location_3/raw-downlink/veh-001/response bytes=102432 forwarded=1
1787164054.789590 publish topic=edge4av/airspan-tdd-downlink-location_3/raw-downlink/veh-001/request bytes=28 forwarded=1
1787164054.791259 publish topic=edge4av/airspan-tdd-downlink-location_3/raw-downlink/veh-001/response bytes=102432 forwarded=1
1787164055.039306 publish topic=edge4av/airspan-tdd-downlink-location_3/raw-downlink/veh-001/request bytes=28 forwarded=1
1787164055.039971 publish topic=edge4av/airspan-tdd-downlink-location_3/raw-downlink/veh-001/response bytes=102432 forwarded=1
1787164055.320120 publish topic=edge4av/airspan-tdd-downlink-location_3/raw-downlink/veh-001/request bytes=28 forwarded=1
1787164055.321804 publish topic=edge4av/airspan-tdd-downlink-location_3/raw-downlink/veh-001/response bytes=102432 forwarded=1
1787164055.570337 publish topic=edge4av/airspan-tdd-downlink-location_3/raw-downlink/veh-001/request bytes=28 forwarded=1
1787164055.571812 publish topic=edge4av/airspan-tdd-downlink-location_3/raw-downlink/veh-001/response bytes=102432 forwarded=1
1787164055.840543 publish topic=edge4av/airspan-tdd-downlink-location_3/raw-downlink/veh-001/request bytes=28 forwarded=1
1787164055.842038 publish topic=edge4av/airspan-tdd-downlink-location_3/raw-downlink/veh-001/response bytes=102432 forwarded=1
1787164056.081146 publish topic=edge4av/airspan-tdd-downlink-location_3/raw-downlink/veh-001/request bytes=28 forwarded=1
1787164056.082576 publish topic=edge4av/airspan-tdd-downlink-location_3/raw-downlink/veh-001/response bytes=102432 forwarded=1
1787164056.311153 publish topic=edge4av/airspan-tdd-downlink-location_3/raw-downlink/veh-001/request bytes=28 forwarded=1
1787164056.313171 publish topic=edge4av/airspan-tdd-downlink-location_3/raw-downlink/veh-001/response bytes=102432 forwarded=1
1787164056.551201 publish topic=edge4av/airspan-tdd-downlink-location_3/raw-downlink/veh-001/request bytes=28 forwarded=1
1787164056.551831 publish topic=edge4av/airspan-tdd-downlink-location_3/raw-downlink/veh-001/response bytes=102432 forwarded=1
1787164056.791698 publish topic=edge4av/airspan-tdd-downlink-location_3/raw-downlink/veh-001/request bytes=28 forwarded=1
1787164056.792346 publish topic=edge4av/airspan-tdd-downlink-location_3/raw-downlink/veh-001/response bytes=102432 forwarded=1
1787164057.042303 publish topic=edge4av/airspan-tdd-downlink-location_3/raw-downlink/veh-001/request bytes=28 forwarded=1
1787164057.043805 publish topic=edge4av/airspan-tdd-downlink-location_3/raw-downlink/veh-001/response bytes=102432 forwarded=1
1787164057.322450 publish topic=edge4av/airspan-tdd-downlink-location_3/raw-downlink/veh-001/request bytes=28 forwarded=1
1787164057.323907 publish topic=edge4av/airspan-tdd-downlink-location_3/raw-downlink/veh-001/response bytes=102432 forwarded=1
1787164057.562873 publish topic=edge4av/airspan-tdd-downlink-location_3/raw-downlink/veh-001/request bytes=28 forwarded=1
1787164057.564648 publish topic=edge4av/airspan-tdd-downlink-location_3/raw-downlink/veh-001/response bytes=102432 forwarded=1
1787164057.803412 publish topic=edge4av/airspan-tdd-downlink-location_3/raw-downlink/veh-001/request bytes=28 forwarded=1
1787164057.805152 publish topic=edge4av/airspan-tdd-downlink-location_3/raw-downlink/veh-001/response bytes=102432 forwarded=1
1787164058.053467 publish topic=edge4av/airspan-tdd-downlink-location_3/raw-downlink/veh-001/request bytes=28 forwarded=1
1787164058.055307 publish topic=edge4av/airspan-tdd-downlink-location_3/raw-downlink/veh-001/response bytes=102432 forwarded=1
1787164058.323672 publish topic=edge4av/airspan-tdd-downlink-location_3/raw-downlink/veh-001/request bytes=28 forwarded=1
1787164058.325533 publish topic=edge4av/airspan-tdd-downlink-location_3/raw-downlink/veh-001/response bytes=102432 forwarded=1
1787164058.574068 publish topic=edge4av/airspan-tdd-downlink-location_3/raw-downlink/veh-001/request bytes=28 forwarded=1
1787164058.575557 publish topic=edge4av/airspan-tdd-downlink-location_3/raw-downlink/veh-001/response bytes=102432 forwarded=1
1787164058.834300 publish topic=edge4av/airspan-tdd-downlink-location_3/raw-downlink/veh-001/request bytes=28 forwarded=1
1787164058.835862 publish topic=edge4av/airspan-tdd-downlink-location_3/raw-downlink/veh-001/response bytes=102432 forwarded=1
1787164059.074511 publish topic=edge4av/airspan-tdd-downlink-location_3/raw-downlink/veh-001/request bytes=28 forwarded=1
1787164059.075191 publish topic=edge4av/airspan-tdd-downlink-location_3/raw-downlink/veh-001/response bytes=102432 forwarded=1
1787164059.344922 publish topic=edge4av/airspan-tdd-downlink-location_3/raw-downlink/veh-001/request bytes=28 forwarded=1
1787164059.346438 publish topic=edge4av/airspan-tdd-downlink-location_3/raw-downlink/veh-001/response bytes=102432 forwarded=1
1787164059.585004 publish topic=edge4av/airspan-tdd-downlink-location_3/raw-downlink/veh-001/request bytes=28 forwarded=1
1787164059.585874 publish topic=edge4av/airspan-tdd-downlink-location_3/raw-downlink/veh-001/response bytes=102432 forwarded=1
1787164059.825356 publish topic=edge4av/airspan-tdd-downlink-location_3/raw-downlink/veh-001/request bytes=28 forwarded=1
1787164059.826816 publish topic=edge4av/airspan-tdd-downlink-location_3/raw-downlink/veh-001/response bytes=102432 forwarded=1
1787164060.065759 publish topic=edge4av/airspan-tdd-downlink-location_3/raw-downlink/veh-001/request bytes=28 forwarded=1
1787164060.067593 publish topic=edge4av/airspan-tdd-downlink-location_3/raw-downlink/veh-001/response bytes=102432 forwarded=1
1787164060.306056 publish topic=edge4av/airspan-tdd-downlink-location_3/raw-downlink/veh-001/request bytes=28 forwarded=1
1787164060.307739 publish topic=edge4av/airspan-tdd-downlink-location_3/raw-downlink/veh-001/response bytes=102432 forwarded=1
1787164060.546272 publish topic=edge4av/airspan-tdd-downlink-location_3/raw-downlink/veh-001/request bytes=28 forwarded=1
1787164060.547937 publish topic=edge4av/airspan-tdd-downlink-location_3/raw-downlink/veh-001/response bytes=102432 forwarded=1
1787164060.786403 publish topic=edge4av/airspan-tdd-downlink-location_3/raw-downlink/veh-001/request bytes=28 forwarded=1
1787164060.788672 publish topic=edge4av/airspan-tdd-downlink-location_3/raw-downlink/veh-001/response bytes=102432 forwarded=1
1787164061.026962 publish topic=edge4av/airspan-tdd-downlink-location_3/raw-downlink/veh-001/request bytes=28 forwarded=1
1787164061.028427 publish topic=edge4av/airspan-tdd-downlink-location_3/raw-downlink/veh-001/response bytes=102432 forwarded=1
1787164061.267068 publish topic=edge4av/airspan-tdd-downlink-location_3/raw-downlink/veh-001/request bytes=28 forwarded=1
1787164061.268485 publish topic=edge4av/airspan-tdd-downlink-location_3/raw-downlink/veh-001/response bytes=102432 forwarded=1
1787164061.507130 publish topic=edge4av/airspan-tdd-downlink-location_3/raw-downlink/veh-001/request bytes=28 forwarded=1
1787164061.508548 publish topic=edge4av/airspan-tdd-downlink-location_3/raw-downlink/veh-001/response bytes=102432 forwarded=1
1787164061.747777 publish topic=edge4av/airspan-tdd-downlink-location_3/raw-downlink/veh-001/request bytes=28 forwarded=1
1787164061.749454 publish topic=edge4av/airspan-tdd-downlink-location_3/raw-downlink/veh-001/response bytes=102432 forwarded=1
1787164062.028025 publish topic=edge4av/airspan-tdd-downlink-location_3/raw-downlink/veh-001/request bytes=28 forwarded=1
1787164062.029617 publish topic=edge4av/airspan-tdd-downlink-location_3/raw-downlink/veh-001/response bytes=102432 forwarded=1
1787164062.298518 publish topic=edge4av/airspan-tdd-downlink-location_3/raw-downlink/veh-001/request bytes=28 forwarded=1
1787164062.300111 publish topic=edge4av/airspan-tdd-downlink-location_3/raw-downlink/veh-001/response bytes=102432 forwarded=1
1787164062.568469 publish topic=edge4av/airspan-tdd-downlink-location_3/raw-downlink/veh-001/request bytes=28 forwarded=1
1787164062.569390 publish topic=edge4av/airspan-tdd-downlink-location_3/raw-downlink/veh-001/response bytes=102432 forwarded=1
1787164062.809060 publish topic=edge4av/airspan-tdd-downlink-location_3/raw-downlink/veh-001/request bytes=28 forwarded=1
1787164062.810515 publish topic=edge4av/airspan-tdd-downlink-location_3/raw-downlink/veh-001/response bytes=102432 forwarded=1
1787164063.079182 publish topic=edge4av/airspan-tdd-downlink-location_3/raw-downlink/veh-001/request bytes=28 forwarded=1
1787164063.080922 publish topic=edge4av/airspan-tdd-downlink-location_3/raw-downlink/veh-001/response bytes=102432 forwarded=1
1787164063.349392 publish topic=edge4av/airspan-tdd-downlink-location_3/raw-downlink/veh-001/request bytes=28 forwarded=1
1787164063.351096 publish topic=edge4av/airspan-tdd-downlink-location_3/raw-downlink/veh-001/response bytes=102432 forwarded=1
1787164063.599396 publish topic=edge4av/airspan-tdd-downlink-location_3/raw-downlink/veh-001/request bytes=28 forwarded=1
1787164063.600361 publish topic=edge4av/airspan-tdd-downlink-location_3/raw-downlink/veh-001/response bytes=102432 forwarded=1
1787164063.879964 publish topic=edge4av/airspan-tdd-downlink-location_3/raw-downlink/veh-001/request bytes=28 forwarded=1
1787164063.881485 publish topic=edge4av/airspan-tdd-downlink-location_3/raw-downlink/veh-001/response bytes=102432 forwarded=1
1787164064.160434 publish topic=edge4av/airspan-tdd-downlink-location_3/raw-downlink/veh-001/request bytes=28 forwarded=1
1787164064.161024 publish topic=edge4av/airspan-tdd-downlink-location_3/raw-downlink/veh-001/response bytes=102432 forwarded=1
1787164064.440943 publish topic=edge4av/airspan-tdd-downlink-location_3/raw-downlink/veh-001/request bytes=28 forwarded=1
1787164064.442397 publish topic=edge4av/airspan-tdd-downlink-location_3/raw-downlink/veh-001/response bytes=102432 forwarded=1
1787164064.680912 publish topic=edge4av/airspan-tdd-downlink-location_3/raw-downlink/veh-001/request bytes=28 forwarded=1
1787164064.681529 publish topic=edge4av/airspan-tdd-downlink-location_3/raw-downlink/veh-001/response bytes=102432 forwarded=1
1787164064.941340 publish topic=edge4av/airspan-tdd-downlink-location_3/raw-downlink/veh-001/request bytes=28 forwarded=1
1787164064.942221 publish topic=edge4av/airspan-tdd-downlink-location_3/raw-downlink/veh-001/response bytes=102432 forwarded=1
1787164065.211541 publish topic=edge4av/airspan-tdd-downlink-location_3/raw-downlink/veh-001/request bytes=28 forwarded=1
1787164065.213141 publish topic=edge4av/airspan-tdd-downlink-location_3/raw-downlink/veh-001/response bytes=102432 forwarded=1
1787164065.502112 publish topic=edge4av/airspan-tdd-downlink-location_3/raw-downlink/veh-001/request bytes=28 forwarded=1
1787164065.503563 publish topic=edge4av/airspan-tdd-downlink-location_3/raw-downlink/veh-001/response bytes=102432 forwarded=1
1787164065.742235 publish topic=edge4av/airspan-tdd-downlink-location_3/raw-downlink/veh-001/request bytes=28 forwarded=1
1787164065.743164 publish topic=edge4av/airspan-tdd-downlink-location_3/raw-downlink/veh-001/response bytes=102432 forwarded=1
1787164065.982885 publish topic=edge4av/airspan-tdd-downlink-location_3/raw-downlink/veh-001/request bytes=28 forwarded=1
1787164065.984559 publish topic=edge4av/airspan-tdd-downlink-location_3/raw-downlink/veh-001/response bytes=102432 forwarded=1
1787164066.233038 publish topic=edge4av/airspan-tdd-downlink-location_3/raw-downlink/veh-001/request bytes=28 forwarded=1
1787164066.234800 publish topic=edge4av/airspan-tdd-downlink-location_3/raw-downlink/veh-001/response bytes=102432 forwarded=1
1787164066.513353 publish topic=edge4av/airspan-tdd-downlink-location_3/raw-downlink/veh-001/request bytes=28 forwarded=1
1787164066.514992 publish topic=edge4av/airspan-tdd-downlink-location_3/raw-downlink/veh-001/response bytes=102432 forwarded=1
1787164066.763934 publish topic=edge4av/airspan-tdd-downlink-location_3/raw-downlink/veh-001/request bytes=28 forwarded=1
1787164066.765414 publish topic=edge4av/airspan-tdd-downlink-location_3/raw-downlink/veh-001/response bytes=102432 forwarded=1
1787164067.014161 publish topic=edge4av/airspan-tdd-downlink-location_3/raw-downlink/veh-001/request bytes=28 forwarded=1
1787164067.015594 publish topic=edge4av/airspan-tdd-downlink-location_3/raw-downlink/veh-001/response bytes=102432 forwarded=1
1787164067.254457 publish topic=edge4av/airspan-tdd-downlink-location_3/raw-downlink/veh-001/request bytes=28 forwarded=1
1787164067.255900 publish topic=edge4av/airspan-tdd-downlink-location_3/raw-downlink/veh-001/response bytes=102432 forwarded=1
1787164067.484354 publish topic=edge4av/airspan-tdd-downlink-location_3/raw-downlink/veh-001/request bytes=28 forwarded=1
1787164067.485082 publish topic=edge4av/airspan-tdd-downlink-location_3/raw-downlink/veh-001/response bytes=102432 forwarded=1
1787164067.725072 publish topic=edge4av/airspan-tdd-downlink-location_3/raw-downlink/veh-001/request bytes=28 forwarded=1
1787164067.726587 publish topic=edge4av/airspan-tdd-downlink-location_3/raw-downlink/veh-001/response bytes=102432 forwarded=1
1787164067.985290 publish topic=edge4av/airspan-tdd-downlink-location_3/raw-downlink/veh-001/request bytes=28 forwarded=1
1787164067.986867 publish topic=edge4av/airspan-tdd-downlink-location_3/raw-downlink/veh-001/response bytes=102432 forwarded=1
1787164068.225507 publish topic=edge4av/airspan-tdd-downlink-location_3/raw-downlink/veh-001/request bytes=28 forwarded=1
1787164068.226367 publish topic=edge4av/airspan-tdd-downlink-location_3/raw-downlink/veh-001/response bytes=102432 forwarded=1
1787164068.485888 publish topic=edge4av/airspan-tdd-downlink-location_3/raw-downlink/veh-001/request bytes=28 forwarded=1
1787164068.487338 publish topic=edge4av/airspan-tdd-downlink-location_3/raw-downlink/veh-001/response bytes=102432 forwarded=1
1787164068.726318 publish topic=edge4av/airspan-tdd-downlink-location_3/raw-downlink/veh-001/request bytes=28 forwarded=1
1787164068.728021 publish topic=edge4av/airspan-tdd-downlink-location_3/raw-downlink/veh-001/response bytes=102432 forwarded=1
1787164068.966406 publish topic=edge4av/airspan-tdd-downlink-location_3/raw-downlink/veh-001/request bytes=28 forwarded=1
1787164068.968027 publish topic=edge4av/airspan-tdd-downlink-location_3/raw-downlink/veh-001/response bytes=102432 forwarded=1
1787164069.206453 publish topic=edge4av/airspan-tdd-downlink-location_3/raw-downlink/veh-001/request bytes=28 forwarded=1
1787164069.207269 publish topic=edge4av/airspan-tdd-downlink-location_3/raw-downlink/veh-001/response bytes=102432 forwarded=1
1787164069.447099 publish topic=edge4av/airspan-tdd-downlink-location_3/raw-downlink/veh-001/request bytes=28 forwarded=1
1787164069.448553 publish topic=edge4av/airspan-tdd-downlink-location_3/raw-downlink/veh-001/response bytes=102432 forwarded=1
1787164069.707318 publish topic=edge4av/airspan-tdd-downlink-location_3/raw-downlink/veh-001/request bytes=28 forwarded=1
1787164069.708968 publish topic=edge4av/airspan-tdd-downlink-location_3/raw-downlink/veh-001/response bytes=102432 forwarded=1
1787164069.947976 publish topic=edge4av/airspan-tdd-downlink-location_3/raw-downlink/veh-001/request bytes=28 forwarded=1
1787164069.949436 publish topic=edge4av/airspan-tdd-downlink-location_3/raw-downlink/veh-001/response bytes=102432 forwarded=1
1787164070.217998 publish topic=edge4av/airspan-tdd-downlink-location_3/raw-downlink/veh-001/request bytes=28 forwarded=1
1787164070.219723 publish topic=edge4av/airspan-tdd-downlink-location_3/raw-downlink/veh-001/response bytes=102432 forwarded=1
1787164070.458208 publish topic=edge4av/airspan-tdd-downlink-location_3/raw-downlink/veh-001/request bytes=28 forwarded=1
1787164070.459732 publish topic=edge4av/airspan-tdd-downlink-location_3/raw-downlink/veh-001/response bytes=102432 forwarded=1
1787164070.708775 publish topic=edge4av/airspan-tdd-downlink-location_3/raw-downlink/veh-001/request bytes=28 forwarded=1
1787164070.710451 publish topic=edge4av/airspan-tdd-downlink-location_3/raw-downlink/veh-001/response bytes=102432 forwarded=1
1787164070.989047 publish topic=edge4av/airspan-tdd-downlink-location_3/raw-downlink/veh-001/request bytes=28 forwarded=1
1787164070.990569 publish topic=edge4av/airspan-tdd-downlink-location_3/raw-downlink/veh-001/response bytes=102432 forwarded=1
1787164071.229368 publish topic=edge4av/airspan-tdd-downlink-location_3/raw-downlink/veh-001/request bytes=28 forwarded=1
1787164071.230840 publish topic=edge4av/airspan-tdd-downlink-location_3/raw-downlink/veh-001/response bytes=102432 forwarded=1
1787164071.479423 publish topic=edge4av/airspan-tdd-downlink-location_3/raw-downlink/veh-001/request bytes=28 forwarded=1
1787164071.480354 publish topic=edge4av/airspan-tdd-downlink-location_3/raw-downlink/veh-001/response bytes=102432 forwarded=1
1787164071.760165 publish topic=edge4av/airspan-tdd-downlink-location_3/raw-downlink/veh-001/request bytes=28 forwarded=1
1787164071.761243 publish topic=edge4av/airspan-tdd-downlink-location_3/raw-downlink/veh-001/response bytes=102432 forwarded=1
1787164072.020293 publish topic=edge4av/airspan-tdd-downlink-location_3/raw-downlink/veh-001/request bytes=28 forwarded=1
1787164072.022108 publish topic=edge4av/airspan-tdd-downlink-location_3/raw-downlink/veh-001/response bytes=102432 forwarded=1
1787164072.270601 publish topic=edge4av/airspan-tdd-downlink-location_3/raw-downlink/veh-001/request bytes=28 forwarded=1
1787164072.272134 publish topic=edge4av/airspan-tdd-downlink-location_3/raw-downlink/veh-001/response bytes=102432 forwarded=1
1787164072.510734 publish topic=edge4av/airspan-tdd-downlink-location_3/raw-downlink/veh-001/request bytes=28 forwarded=1
1787164072.512245 publish topic=edge4av/airspan-tdd-downlink-location_3/raw-downlink/veh-001/response bytes=102432 forwarded=1
1787164072.751118 publish topic=edge4av/airspan-tdd-downlink-location_3/raw-downlink/veh-001/request bytes=28 forwarded=1
1787164072.753413 publish topic=edge4av/airspan-tdd-downlink-location_3/raw-downlink/veh-001/response bytes=102432 forwarded=1
1787164072.991545 publish topic=edge4av/airspan-tdd-downlink-location_3/raw-downlink/veh-001/request bytes=28 forwarded=1
1787164072.993234 publish topic=edge4av/airspan-tdd-downlink-location_3/raw-downlink/veh-001/response bytes=102432 forwarded=1
1787164073.232018 publish topic=edge4av/airspan-tdd-downlink-location_3/raw-downlink/veh-001/request bytes=28 forwarded=1
1787164073.232682 publish topic=edge4av/airspan-tdd-downlink-location_3/raw-downlink/veh-001/response bytes=102432 forwarded=1
1787164073.472254 publish topic=edge4av/airspan-tdd-downlink-location_3/raw-downlink/veh-001/request bytes=28 forwarded=1
1787164073.473888 publish topic=edge4av/airspan-tdd-downlink-location_3/raw-downlink/veh-001/response bytes=102432 forwarded=1
1787164073.712503 publish topic=edge4av/airspan-tdd-downlink-location_3/raw-downlink/veh-001/request bytes=28 forwarded=1
1787164073.714067 publish topic=edge4av/airspan-tdd-downlink-location_3/raw-downlink/veh-001/response bytes=102432 forwarded=1
1787164073.952830 publish topic=edge4av/airspan-tdd-downlink-location_3/raw-downlink/veh-001/request bytes=28 forwarded=1
1787164073.953898 publish topic=edge4av/airspan-tdd-downlink-location_3/raw-downlink/veh-001/response bytes=102432 forwarded=1
1787164074.193189 publish topic=edge4av/airspan-tdd-downlink-location_3/raw-downlink/veh-001/request bytes=28 forwarded=1
1787164074.195035 publish topic=edge4av/airspan-tdd-downlink-location_3/raw-downlink/veh-001/response bytes=102432 forwarded=1
1787164074.433777 publish topic=edge4av/airspan-tdd-downlink-location_3/raw-downlink/veh-001/request bytes=28 forwarded=1
1787164074.435504 publish topic=edge4av/airspan-tdd-downlink-location_3/raw-downlink/veh-001/response bytes=102432 forwarded=1
1787164074.674206 publish topic=edge4av/airspan-tdd-downlink-location_3/raw-downlink/veh-001/request bytes=28 forwarded=1
1787164074.675916 publish topic=edge4av/airspan-tdd-downlink-location_3/raw-downlink/veh-001/response bytes=102432 forwarded=1
1787164074.914116 publish topic=edge4av/airspan-tdd-downlink-location_3/raw-downlink/veh-001/request bytes=28 forwarded=1
1787164074.914971 publish topic=edge4av/airspan-tdd-downlink-location_3/raw-downlink/veh-001/response bytes=102432 forwarded=1
1787164075.144491 publish topic=edge4av/airspan-tdd-downlink-location_3/raw-downlink/veh-001/request bytes=28 forwarded=1
1787164075.146028 publish topic=edge4av/airspan-tdd-downlink-location_3/raw-downlink/veh-001/response bytes=102432 forwarded=1
1787164075.384897 publish topic=edge4av/airspan-tdd-downlink-location_3/raw-downlink/veh-001/request bytes=28 forwarded=1
1787164075.386882 publish topic=edge4av/airspan-tdd-downlink-location_3/raw-downlink/veh-001/response bytes=102432 forwarded=1
1787164075.625130 publish topic=edge4av/airspan-tdd-downlink-location_3/raw-downlink/veh-001/request bytes=28 forwarded=1
1787164075.626812 publish topic=edge4av/airspan-tdd-downlink-location_3/raw-downlink/veh-001/response bytes=102432 forwarded=1
1787164075.895497 publish topic=edge4av/airspan-tdd-downlink-location_3/raw-downlink/veh-001/request bytes=28 forwarded=1
1787164075.897002 publish topic=edge4av/airspan-tdd-downlink-location_3/raw-downlink/veh-001/response bytes=102432 forwarded=1
1787164076.165634 publish topic=edge4av/airspan-tdd-downlink-location_3/raw-downlink/veh-001/request bytes=28 forwarded=1
1787164076.167236 publish topic=edge4av/airspan-tdd-downlink-location_3/raw-downlink/veh-001/response bytes=102432 forwarded=1
1787164076.396214 publish topic=edge4av/airspan-tdd-downlink-location_3/raw-downlink/veh-001/request bytes=28 forwarded=1
1787164076.397686 publish topic=edge4av/airspan-tdd-downlink-location_3/raw-downlink/veh-001/response bytes=102432 forwarded=1
1787164076.636331 publish topic=edge4av/airspan-tdd-downlink-location_3/raw-downlink/veh-001/request bytes=28 forwarded=1
1787164076.637867 publish topic=edge4av/airspan-tdd-downlink-location_3/raw-downlink/veh-001/response bytes=102432 forwarded=1
1787164076.896728 publish topic=edge4av/airspan-tdd-downlink-location_3/raw-downlink/veh-001/request bytes=28 forwarded=1
1787164076.898568 publish topic=edge4av/airspan-tdd-downlink-location_3/raw-downlink/veh-001/response bytes=102432 forwarded=1
1787164077.136881 publish topic=edge4av/airspan-tdd-downlink-location_3/raw-downlink/veh-001/request bytes=28 forwarded=1
1787164077.137579 publish topic=edge4av/airspan-tdd-downlink-location_3/raw-downlink/veh-001/response bytes=102432 forwarded=1
1787164077.377291 publish topic=edge4av/airspan-tdd-downlink-location_3/raw-downlink/veh-001/request bytes=28 forwarded=1
1787164077.378923 publish topic=edge4av/airspan-tdd-downlink-location_3/raw-downlink/veh-001/response bytes=102432 forwarded=1
1787164077.617508 publish topic=edge4av/airspan-tdd-downlink-location_3/raw-downlink/veh-001/request bytes=28 forwarded=1
1787164077.618970 publish topic=edge4av/airspan-tdd-downlink-location_3/raw-downlink/veh-001/response bytes=102432 forwarded=1
1787164077.857769 publish topic=edge4av/airspan-tdd-downlink-location_3/raw-downlink/veh-001/request bytes=28 forwarded=1
1787164077.859206 publish topic=edge4av/airspan-tdd-downlink-location_3/raw-downlink/veh-001/response bytes=102432 forwarded=1
1787164078.098079 publish topic=edge4av/airspan-tdd-downlink-location_3/raw-downlink/veh-001/request bytes=28 forwarded=1
1787164078.099535 publish topic=edge4av/airspan-tdd-downlink-location_3/raw-downlink/veh-001/response bytes=102432 forwarded=1
1787164078.348456 publish topic=edge4av/airspan-tdd-downlink-location_3/raw-downlink/veh-001/request bytes=28 forwarded=1
1787164078.350197 publish topic=edge4av/airspan-tdd-downlink-location_3/raw-downlink/veh-001/response bytes=102432 forwarded=1
1787164078.628951 publish topic=edge4av/airspan-tdd-downlink-location_3/raw-downlink/veh-001/request bytes=28 forwarded=1
1787164078.630497 publish topic=edge4av/airspan-tdd-downlink-location_3/raw-downlink/veh-001/response bytes=102432 forwarded=1
1787164078.869199 publish topic=edge4av/airspan-tdd-downlink-location_3/raw-downlink/veh-001/request bytes=28 forwarded=1
1787164078.870051 publish topic=edge4av/airspan-tdd-downlink-location_3/raw-downlink/veh-001/response bytes=102432 forwarded=1
1787164079.109573 publish topic=edge4av/airspan-tdd-downlink-location_3/raw-downlink/veh-001/request bytes=28 forwarded=1
1787164079.111005 publish topic=edge4av/airspan-tdd-downlink-location_3/raw-downlink/veh-001/response bytes=102432 forwarded=1
1787164079.369800 publish topic=edge4av/airspan-tdd-downlink-location_3/raw-downlink/veh-001/request bytes=28 forwarded=1
1787164079.371212 publish topic=edge4av/airspan-tdd-downlink-location_3/raw-downlink/veh-001/response bytes=102432 forwarded=1
1787164079.620362 publish topic=edge4av/airspan-tdd-downlink-location_3/raw-downlink/veh-001/request bytes=28 forwarded=1
1787164079.622114 publish topic=edge4av/airspan-tdd-downlink-location_3/raw-downlink/veh-001/response bytes=102432 forwarded=1
1787164079.890497 publish topic=edge4av/airspan-tdd-downlink-location_3/raw-downlink/veh-001/request bytes=28 forwarded=1
1787164079.891319 publish topic=edge4av/airspan-tdd-downlink-location_3/raw-downlink/veh-001/response bytes=102432 forwarded=1
1787164080.141098 publish topic=edge4av/airspan-tdd-downlink-location_3/raw-downlink/veh-001/request bytes=28 forwarded=1
1787164080.142780 publish topic=edge4av/airspan-tdd-downlink-location_3/raw-downlink/veh-001/response bytes=102432 forwarded=1
1787164080.411405 publish topic=edge4av/airspan-tdd-downlink-location_3/raw-downlink/veh-001/request bytes=28 forwarded=1
1787164080.412254 publish topic=edge4av/airspan-tdd-downlink-location_3/raw-downlink/veh-001/response bytes=102432 forwarded=1
1787164080.661791 publish topic=edge4av/airspan-tdd-downlink-location_3/raw-downlink/veh-001/request bytes=28 forwarded=1
1787164080.663280 publish topic=edge4av/airspan-tdd-downlink-location_3/raw-downlink/veh-001/response bytes=102432 forwarded=1
1787164080.942232 publish topic=edge4av/airspan-tdd-downlink-location_3/raw-downlink/veh-001/request bytes=28 forwarded=1
1787164080.943169 publish topic=edge4av/airspan-tdd-downlink-location_3/raw-downlink/veh-001/response bytes=102432 forwarded=1
1787164081.182559 publish topic=edge4av/airspan-tdd-downlink-location_3/raw-downlink/veh-001/request bytes=28 forwarded=1
1787164081.184510 publish topic=edge4av/airspan-tdd-downlink-location_3/raw-downlink/veh-001/response bytes=102432 forwarded=1
1787164081.422857 publish topic=edge4av/airspan-tdd-downlink-location_3/raw-downlink/veh-001/request bytes=28 forwarded=1
1787164081.424385 publish topic=edge4av/airspan-tdd-downlink-location_3/raw-downlink/veh-001/response bytes=102432 forwarded=1
1787164081.683035 publish topic=edge4av/airspan-tdd-downlink-location_3/raw-downlink/veh-001/request bytes=28 forwarded=1
1787164081.683932 publish topic=edge4av/airspan-tdd-downlink-location_3/raw-downlink/veh-001/response bytes=102432 forwarded=1
1787164081.943188 publish topic=edge4av/airspan-tdd-downlink-location_3/raw-downlink/veh-001/request bytes=28 forwarded=1
1787164081.943885 publish topic=edge4av/airspan-tdd-downlink-location_3/raw-downlink/veh-001/response bytes=102432 forwarded=1
1787164082.183522 publish topic=edge4av/airspan-tdd-downlink-location_3/raw-downlink/veh-001/request bytes=28 forwarded=1
1787164082.185020 publish topic=edge4av/airspan-tdd-downlink-location_3/raw-downlink/veh-001/response bytes=102432 forwarded=1
1787164082.414089 publish topic=edge4av/airspan-tdd-downlink-location_3/raw-downlink/veh-001/request bytes=28 forwarded=1
1787164082.415775 publish topic=edge4av/airspan-tdd-downlink-location_3/raw-downlink/veh-001/response bytes=102432 forwarded=1
1787164082.644126 publish topic=edge4av/airspan-tdd-downlink-location_3/raw-downlink/veh-001/request bytes=28 forwarded=1
1787164082.645195 publish topic=edge4av/airspan-tdd-downlink-location_3/raw-downlink/veh-001/response bytes=102432 forwarded=1
1787164082.874621 publish topic=edge4av/airspan-tdd-downlink-location_3/raw-downlink/veh-001/request bytes=28 forwarded=1
1787164082.876268 publish topic=edge4av/airspan-tdd-downlink-location_3/raw-downlink/veh-001/response bytes=102432 forwarded=1
1787164083.104581 publish topic=edge4av/airspan-tdd-downlink-location_3/raw-downlink/veh-001/request bytes=28 forwarded=1
1787164083.106071 publish topic=edge4av/airspan-tdd-downlink-location_3/raw-downlink/veh-001/response bytes=102432 forwarded=1
1787164083.344481 publish topic=edge4av/airspan-tdd-downlink-location_3/raw-downlink/veh-001/request bytes=28 forwarded=1
1787164083.345277 publish topic=edge4av/airspan-tdd-downlink-location_3/raw-downlink/veh-001/response bytes=102432 forwarded=1
1787164083.585128 publish topic=edge4av/airspan-tdd-downlink-location_3/raw-downlink/veh-001/request bytes=28 forwarded=1
1787164083.586606 publish topic=edge4av/airspan-tdd-downlink-location_3/raw-downlink/veh-001/response bytes=102432 forwarded=1
1787164083.825507 publish topic=edge4av/airspan-tdd-downlink-location_3/raw-downlink/veh-001/request bytes=28 forwarded=1
1787164083.827155 publish topic=edge4av/airspan-tdd-downlink-location_3/raw-downlink/veh-001/response bytes=102432 forwarded=1
1787164084.055562 publish topic=edge4av/airspan-tdd-downlink-location_3/raw-downlink/veh-001/request bytes=28 forwarded=1
1787164084.056098 publish topic=edge4av/airspan-tdd-downlink-location_3/raw-downlink/veh-001/response bytes=102432 forwarded=1
1787164084.296010 publish topic=edge4av/airspan-tdd-downlink-location_3/raw-downlink/veh-001/request bytes=28 forwarded=1
1787164084.296726 publish topic=edge4av/airspan-tdd-downlink-location_3/raw-downlink/veh-001/response bytes=102432 forwarded=1
1787164084.556422 publish topic=edge4av/airspan-tdd-downlink-location_3/raw-downlink/veh-001/request bytes=28 forwarded=1
1787164084.557926 publish topic=edge4av/airspan-tdd-downlink-location_3/raw-downlink/veh-001/response bytes=102432 forwarded=1
1787164084.786723 publish topic=edge4av/airspan-tdd-downlink-location_3/raw-downlink/veh-001/request bytes=28 forwarded=1
1787164084.789244 publish topic=edge4av/airspan-tdd-downlink-location_3/raw-downlink/veh-001/response bytes=102432 forwarded=1
1787164085.016709 publish topic=edge4av/airspan-tdd-downlink-location_3/raw-downlink/veh-001/request bytes=28 forwarded=1
1787164085.018719 publish topic=edge4av/airspan-tdd-downlink-location_3/raw-downlink/veh-001/response bytes=102432 forwarded=1
1787164085.247216 publish topic=edge4av/airspan-tdd-downlink-location_3/raw-downlink/veh-001/request bytes=28 forwarded=1
1787164085.248922 publish topic=edge4av/airspan-tdd-downlink-location_3/raw-downlink/veh-001/response bytes=102432 forwarded=1
1787164085.487281 publish topic=edge4av/airspan-tdd-downlink-location_3/raw-downlink/veh-001/request bytes=28 forwarded=1
1787164085.487967 publish topic=edge4av/airspan-tdd-downlink-location_3/raw-downlink/veh-001/response bytes=102432 forwarded=1
1787164085.748147 publish topic=edge4av/airspan-tdd-downlink-location_3/raw-downlink/veh-001/request bytes=28 forwarded=1
1787164085.749701 publish topic=edge4av/airspan-tdd-downlink-location_3/raw-downlink/veh-001/response bytes=102432 forwarded=1
1787164085.988272 publish topic=edge4av/airspan-tdd-downlink-location_3/raw-downlink/veh-001/request bytes=28 forwarded=1
1787164085.989791 publish topic=edge4av/airspan-tdd-downlink-location_3/raw-downlink/veh-001/response bytes=102432 forwarded=1
1787164086.228698 publish topic=edge4av/airspan-tdd-downlink-location_3/raw-downlink/veh-001/request bytes=28 forwarded=1
1787164086.230175 publish topic=edge4av/airspan-tdd-downlink-location_3/raw-downlink/veh-001/response bytes=102432 forwarded=1
1787164086.478646 publish topic=edge4av/airspan-tdd-downlink-location_3/raw-downlink/veh-001/request bytes=28 forwarded=1
1787164086.480510 publish topic=edge4av/airspan-tdd-downlink-location_3/raw-downlink/veh-001/response bytes=102432 forwarded=1
1787164086.719017 publish topic=edge4av/airspan-tdd-downlink-location_3/raw-downlink/veh-001/request bytes=28 forwarded=1
1787164086.719803 publish topic=edge4av/airspan-tdd-downlink-location_3/raw-downlink/veh-001/response bytes=102432 forwarded=1
1787164086.969317 publish topic=edge4av/airspan-tdd-downlink-location_3/raw-downlink/veh-001/request bytes=28 forwarded=1
1787164086.970817 publish topic=edge4av/airspan-tdd-downlink-location_3/raw-downlink/veh-001/response bytes=102432 forwarded=1
1787164087.209651 publish topic=edge4av/airspan-tdd-downlink-location_3/raw-downlink/veh-001/request bytes=28 forwarded=1
1787164087.211350 publish topic=edge4av/airspan-tdd-downlink-location_3/raw-downlink/veh-001/response bytes=102432 forwarded=1
1787164087.470021 publish topic=edge4av/airspan-tdd-downlink-location_3/raw-downlink/veh-001/request bytes=28 forwarded=1
1787164087.471502 publish topic=edge4av/airspan-tdd-downlink-location_3/raw-downlink/veh-001/response bytes=102432 forwarded=1
1787164087.710571 publish topic=edge4av/airspan-tdd-downlink-location_3/raw-downlink/veh-001/request bytes=28 forwarded=1
1787164087.712251 publish topic=edge4av/airspan-tdd-downlink-location_3/raw-downlink/veh-001/response bytes=102432 forwarded=1
1787164087.950498 publish topic=edge4av/airspan-tdd-downlink-location_3/raw-downlink/veh-001/request bytes=28 forwarded=1
1787164087.951149 publish topic=edge4av/airspan-tdd-downlink-location_3/raw-downlink/veh-001/response bytes=102432 forwarded=1
1787164088.221087 publish topic=edge4av/airspan-tdd-downlink-location_3/raw-downlink/veh-001/request bytes=28 forwarded=1
1787164088.222931 publish topic=edge4av/airspan-tdd-downlink-location_3/raw-downlink/veh-001/response bytes=102432 forwarded=1
1787164088.461276 publish topic=edge4av/airspan-tdd-downlink-location_3/raw-downlink/veh-001/request bytes=28 forwarded=1
1787164088.462018 publish topic=edge4av/airspan-tdd-downlink-location_3/raw-downlink/veh-001/response bytes=102432 forwarded=1
1787164088.701846 publish topic=edge4av/airspan-tdd-downlink-location_3/raw-downlink/veh-001/request bytes=28 forwarded=1
1787164088.703308 publish topic=edge4av/airspan-tdd-downlink-location_3/raw-downlink/veh-001/response bytes=102432 forwarded=1
1787164088.951860 publish topic=edge4av/airspan-tdd-downlink-location_3/raw-downlink/veh-001/request bytes=28 forwarded=1
1787164088.952390 publish topic=edge4av/airspan-tdd-downlink-location_3/raw-downlink/veh-001/response bytes=102432 forwarded=1
1787164089.182509 publish topic=edge4av/airspan-tdd-downlink-location_3/raw-downlink/veh-001/request bytes=28 forwarded=1
1787164089.184148 publish topic=edge4av/airspan-tdd-downlink-location_3/raw-downlink/veh-001/response bytes=102432 forwarded=1
1787164089.432903 publish topic=edge4av/airspan-tdd-downlink-location_3/raw-downlink/veh-001/request bytes=28 forwarded=1
1787164089.434439 publish topic=edge4av/airspan-tdd-downlink-location_3/raw-downlink/veh-001/response bytes=102432 forwarded=1
1787164089.693021 publish topic=edge4av/airspan-tdd-downlink-location_3/raw-downlink/veh-001/request bytes=28 forwarded=1
1787164089.694556 publish topic=edge4av/airspan-tdd-downlink-location_3/raw-downlink/veh-001/response bytes=102432 forwarded=1
1787164089.933247 publish topic=edge4av/airspan-tdd-downlink-location_3/raw-downlink/veh-001/request bytes=28 forwarded=1
1787164089.933845 publish topic=edge4av/airspan-tdd-downlink-location_3/raw-downlink/veh-001/response bytes=102432 forwarded=1
1787164090.173847 publish topic=edge4av/airspan-tdd-downlink-location_3/raw-downlink/veh-001/request bytes=28 forwarded=1
1787164090.175296 publish topic=edge4av/airspan-tdd-downlink-location_3/raw-downlink/veh-001/response bytes=102432 forwarded=1
1787164090.413923 publish topic=edge4av/airspan-tdd-downlink-location_3/raw-downlink/veh-001/request bytes=28 forwarded=1
1787164090.415594 publish topic=edge4av/airspan-tdd-downlink-location_3/raw-downlink/veh-001/response bytes=102432 forwarded=1
1787164090.654217 publish topic=edge4av/airspan-tdd-downlink-location_3/raw-downlink/veh-001/request bytes=28 forwarded=1
1787164090.655020 publish topic=edge4av/airspan-tdd-downlink-location_3/raw-downlink/veh-001/response bytes=102432 forwarded=1
1787164090.924502 publish topic=edge4av/airspan-tdd-downlink-location_3/raw-downlink/veh-001/request bytes=28 forwarded=1
1787164090.926407 publish topic=edge4av/airspan-tdd-downlink-location_3/raw-downlink/veh-001/response bytes=102432 forwarded=1
1787164091.164773 publish topic=edge4av/airspan-tdd-downlink-location_3/raw-downlink/veh-001/request bytes=28 forwarded=1
1787164091.166172 publish topic=edge4av/airspan-tdd-downlink-location_3/raw-downlink/veh-001/response bytes=102432 forwarded=1
1787164091.415193 publish topic=edge4av/airspan-tdd-downlink-location_3/raw-downlink/veh-001/request bytes=28 forwarded=1
1787164091.416683 publish topic=edge4av/airspan-tdd-downlink-location_3/raw-downlink/veh-001/response bytes=102432 forwarded=1
1787164091.655672 publish topic=edge4av/airspan-tdd-downlink-location_3/raw-downlink/veh-001/request bytes=28 forwarded=1
1787164091.657169 publish topic=edge4av/airspan-tdd-downlink-location_3/raw-downlink/veh-001/response bytes=102432 forwarded=1
1787164091.915768 publish topic=edge4av/airspan-tdd-downlink-location_3/raw-downlink/veh-001/request bytes=28 forwarded=1
1787164091.917696 publish topic=edge4av/airspan-tdd-downlink-location_3/raw-downlink/veh-001/response bytes=102432 forwarded=1
1787164092.156146 publish topic=edge4av/airspan-tdd-downlink-location_3/raw-downlink/veh-001/request bytes=28 forwarded=1
1787164092.157720 publish topic=edge4av/airspan-tdd-downlink-location_3/raw-downlink/veh-001/response bytes=102432 forwarded=1
1787164092.416416 publish topic=edge4av/airspan-tdd-downlink-location_3/raw-downlink/veh-001/request bytes=28 forwarded=1
1787164092.417984 publish topic=edge4av/airspan-tdd-downlink-location_3/raw-downlink/veh-001/response bytes=102432 forwarded=1
1787164092.656936 publish topic=edge4av/airspan-tdd-downlink-location_3/raw-downlink/veh-001/request bytes=28 forwarded=1
1787164092.658374 publish topic=edge4av/airspan-tdd-downlink-location_3/raw-downlink/veh-001/response bytes=102432 forwarded=1
1787164092.937157 publish topic=edge4av/airspan-tdd-downlink-location_3/raw-downlink/veh-001/request bytes=28 forwarded=1
1787164092.937848 publish topic=edge4av/airspan-tdd-downlink-location_3/raw-downlink/veh-001/response bytes=102432 forwarded=1
1787164093.177462 publish topic=edge4av/airspan-tdd-downlink-location_3/raw-downlink/veh-001/request bytes=28 forwarded=1
1787164093.179205 publish topic=edge4av/airspan-tdd-downlink-location_3/raw-downlink/veh-001/response bytes=102432 forwarded=1
1787164093.447705 publish topic=edge4av/airspan-tdd-downlink-location_3/raw-downlink/veh-001/request bytes=28 forwarded=1
1787164093.448384 publish topic=edge4av/airspan-tdd-downlink-location_3/raw-downlink/veh-001/response bytes=102432 forwarded=1
1787164093.688420 publish topic=edge4av/airspan-tdd-downlink-location_3/raw-downlink/veh-001/request bytes=28 forwarded=1
1787164093.690097 publish topic=edge4av/airspan-tdd-downlink-location_3/raw-downlink/veh-001/response bytes=102432 forwarded=1
1787164093.938539 publish topic=edge4av/airspan-tdd-downlink-location_3/raw-downlink/veh-001/request bytes=28 forwarded=1
1787164093.939391 publish topic=edge4av/airspan-tdd-downlink-location_3/raw-downlink/veh-001/response bytes=102432 forwarded=1
1787164094.209053 publish topic=edge4av/airspan-tdd-downlink-location_3/raw-downlink/veh-001/request bytes=28 forwarded=1
1787164094.210593 publish topic=edge4av/airspan-tdd-downlink-location_3/raw-downlink/veh-001/response bytes=102432 forwarded=1
1787164094.449336 publish topic=edge4av/airspan-tdd-downlink-location_3/raw-downlink/veh-001/request bytes=28 forwarded=1
1787164094.450817 publish topic=edge4av/airspan-tdd-downlink-location_3/raw-downlink/veh-001/response bytes=102432 forwarded=1
1787164094.689633 publish topic=edge4av/airspan-tdd-downlink-location_3/raw-downlink/veh-001/request bytes=28 forwarded=1
1787164094.690734 publish topic=edge4av/airspan-tdd-downlink-location_3/raw-downlink/veh-001/response bytes=102432 forwarded=1
1787164094.950249 publish topic=edge4av/airspan-tdd-downlink-location_3/raw-downlink/veh-001/request bytes=28 forwarded=1
1787164094.951371 publish topic=edge4av/airspan-tdd-downlink-location_3/raw-downlink/veh-001/response bytes=102432 forwarded=1
1787164095.190313 publish topic=edge4av/airspan-tdd-downlink-location_3/raw-downlink/veh-001/request bytes=28 forwarded=1
1787164095.191105 publish topic=edge4av/airspan-tdd-downlink-location_3/raw-downlink/veh-001/response bytes=102432 forwarded=1
1787164095.460899 publish topic=edge4av/airspan-tdd-downlink-location_3/raw-downlink/veh-001/request bytes=28 forwarded=1
1787164095.462952 publish topic=edge4av/airspan-tdd-downlink-location_3/raw-downlink/veh-001/response bytes=102432 forwarded=1
1787164095.700912 publish topic=edge4av/airspan-tdd-downlink-location_3/raw-downlink/veh-001/request bytes=28 forwarded=1
1787164095.701614 publish topic=edge4av/airspan-tdd-downlink-location_3/raw-downlink/veh-001/response bytes=102432 forwarded=1
1787164095.951765 publish topic=edge4av/airspan-tdd-downlink-location_3/raw-downlink/veh-001/request bytes=28 forwarded=1
1787164095.953537 publish topic=edge4av/airspan-tdd-downlink-location_3/raw-downlink/veh-001/response bytes=102432 forwarded=1
1787164096.222091 publish topic=edge4av/airspan-tdd-downlink-location_3/raw-downlink/veh-001/request bytes=28 forwarded=1
1787164096.223772 publish topic=edge4av/airspan-tdd-downlink-location_3/raw-downlink/veh-001/response bytes=102432 forwarded=1
1787164096.472435 publish topic=edge4av/airspan-tdd-downlink-location_3/raw-downlink/veh-001/request bytes=28 forwarded=1
1787164096.474199 publish topic=edge4av/airspan-tdd-downlink-location_3/raw-downlink/veh-001/response bytes=102432 forwarded=1
1787164096.752605 publish topic=edge4av/airspan-tdd-downlink-location_3/raw-downlink/veh-001/request bytes=28 forwarded=1
1787164096.753547 publish topic=edge4av/airspan-tdd-downlink-location_3/raw-downlink/veh-001/response bytes=102432 forwarded=1
1787164097.033125 publish topic=edge4av/airspan-tdd-downlink-location_3/raw-downlink/veh-001/request bytes=28 forwarded=1
1787164097.034653 publish topic=edge4av/airspan-tdd-downlink-location_3/raw-downlink/veh-001/response bytes=102432 forwarded=1
1787164097.313780 publish topic=edge4av/airspan-tdd-downlink-location_3/raw-downlink/veh-001/request bytes=28 forwarded=1
1787164097.315259 publish topic=edge4av/airspan-tdd-downlink-location_3/raw-downlink/veh-001/response bytes=102432 forwarded=1
1787164097.553990 publish topic=edge4av/airspan-tdd-downlink-location_3/raw-downlink/veh-001/request bytes=28 forwarded=1
1787164097.555694 publish topic=edge4av/airspan-tdd-downlink-location_3/raw-downlink/veh-001/response bytes=102432 forwarded=1
1787164097.794276 publish topic=edge4av/airspan-tdd-downlink-location_3/raw-downlink/veh-001/request bytes=28 forwarded=1
1787164097.795827 publish topic=edge4av/airspan-tdd-downlink-location_3/raw-downlink/veh-001/response bytes=102432 forwarded=1
1787164098.034483 publish topic=edge4av/airspan-tdd-downlink-location_3/raw-downlink/veh-001/request bytes=28 forwarded=1
1787164098.035328 publish topic=edge4av/airspan-tdd-downlink-location_3/raw-downlink/veh-001/response bytes=102432 forwarded=1
1787164098.274861 publish topic=edge4av/airspan-tdd-downlink-location_3/raw-downlink/veh-001/request bytes=28 forwarded=1
1787164098.276349 publish topic=edge4av/airspan-tdd-downlink-location_3/raw-downlink/veh-001/response bytes=102432 forwarded=1
1787164098.515037 publish topic=edge4av/airspan-tdd-downlink-location_3/raw-downlink/veh-001/request bytes=28 forwarded=1
1787164098.516768 publish topic=edge4av/airspan-tdd-downlink-location_3/raw-downlink/veh-001/response bytes=102432 forwarded=1
1787164098.775381 publish topic=edge4av/airspan-tdd-downlink-location_3/raw-downlink/veh-001/request bytes=28 forwarded=1
1787164098.777063 publish topic=edge4av/airspan-tdd-downlink-location_3/raw-downlink/veh-001/response bytes=102432 forwarded=1
1787164099.015604 publish topic=edge4av/airspan-tdd-downlink-location_3/raw-downlink/veh-001/request bytes=28 forwarded=1
1787164099.017581 publish topic=edge4av/airspan-tdd-downlink-location_3/raw-downlink/veh-001/response bytes=102432 forwarded=1
1787164099.276036 publish topic=edge4av/airspan-tdd-downlink-location_3/raw-downlink/veh-001/request bytes=28 forwarded=1
1787164099.277768 publish topic=edge4av/airspan-tdd-downlink-location_3/raw-downlink/veh-001/response bytes=102432 forwarded=1
1787164099.526357 publish topic=edge4av/airspan-tdd-downlink-location_3/raw-downlink/veh-001/request bytes=28 forwarded=1
1787164099.527918 publish topic=edge4av/airspan-tdd-downlink-location_3/raw-downlink/veh-001/response bytes=102432 forwarded=1
1787164099.786769 publish topic=edge4av/airspan-tdd-downlink-location_3/raw-downlink/veh-001/request bytes=28 forwarded=1
1787164099.788407 publish topic=edge4av/airspan-tdd-downlink-location_3/raw-downlink/veh-001/response bytes=102432 forwarded=1
1787164100.037202 publish topic=edge4av/airspan-tdd-downlink-location_3/raw-downlink/veh-001/request bytes=28 forwarded=1
1787164100.038698 publish topic=edge4av/airspan-tdd-downlink-location_3/raw-downlink/veh-001/response bytes=102432 forwarded=1
1787164100.307401 publish topic=edge4av/airspan-tdd-downlink-location_3/raw-downlink/veh-001/request bytes=28 forwarded=1
1787164100.308479 publish topic=edge4av/airspan-tdd-downlink-location_3/raw-downlink/veh-001/response bytes=102432 forwarded=1
1787164100.577703 publish topic=edge4av/airspan-tdd-downlink-location_3/raw-downlink/veh-001/request bytes=28 forwarded=1
1787164100.578471 publish topic=edge4av/airspan-tdd-downlink-location_3/raw-downlink/veh-001/response bytes=102432 forwarded=1
1787164100.817968 publish topic=edge4av/airspan-tdd-downlink-location_3/raw-downlink/veh-001/request bytes=28 forwarded=1
1787164100.818755 publish topic=edge4av/airspan-tdd-downlink-location_3/raw-downlink/veh-001/response bytes=102432 forwarded=1
1787164101.088617 publish topic=edge4av/airspan-tdd-downlink-location_3/raw-downlink/veh-001/request bytes=28 forwarded=1
1787164101.090132 publish topic=edge4av/airspan-tdd-downlink-location_3/raw-downlink/veh-001/response bytes=102432 forwarded=1
1787164101.358556 publish topic=edge4av/airspan-tdd-downlink-location_3/raw-downlink/veh-001/request bytes=28 forwarded=1
1787164101.359233 publish topic=edge4av/airspan-tdd-downlink-location_3/raw-downlink/veh-001/response bytes=102432 forwarded=1
1787164101.608938 publish topic=edge4av/airspan-tdd-downlink-location_3/raw-downlink/veh-001/request bytes=28 forwarded=1
1787164101.610651 publish topic=edge4av/airspan-tdd-downlink-location_3/raw-downlink/veh-001/response bytes=102432 forwarded=1
1787164101.889388 publish topic=edge4av/airspan-tdd-downlink-location_3/raw-downlink/veh-001/request bytes=28 forwarded=1
1787164101.890033 publish topic=edge4av/airspan-tdd-downlink-location_3/raw-downlink/veh-001/response bytes=102432 forwarded=1
1787164102.130013 publish topic=edge4av/airspan-tdd-downlink-location_3/raw-downlink/veh-001/request bytes=28 forwarded=1
1787164102.132045 publish topic=edge4av/airspan-tdd-downlink-location_3/raw-downlink/veh-001/response bytes=102432 forwarded=1
1787164102.370191 publish topic=edge4av/airspan-tdd-downlink-location_3/raw-downlink/veh-001/request bytes=28 forwarded=1
1787164102.371670 publish topic=edge4av/airspan-tdd-downlink-location_3/raw-downlink/veh-001/response bytes=102432 forwarded=1
1787164102.620772 publish topic=edge4av/airspan-tdd-downlink-location_3/raw-downlink/veh-001/request bytes=28 forwarded=1
1787164102.622326 publish topic=edge4av/airspan-tdd-downlink-location_3/raw-downlink/veh-001/response bytes=102432 forwarded=1
1787164102.891044 publish topic=edge4av/airspan-tdd-downlink-location_3/raw-downlink/veh-001/request bytes=28 forwarded=1
1787164102.892547 publish topic=edge4av/airspan-tdd-downlink-location_3/raw-downlink/veh-001/response bytes=102432 forwarded=1
1787164103.131382 publish topic=edge4av/airspan-tdd-downlink-location_3/raw-downlink/veh-001/request bytes=28 forwarded=1
1787164103.133125 publish topic=edge4av/airspan-tdd-downlink-location_3/raw-downlink/veh-001/response bytes=102432 forwarded=1
1787164103.411522 publish topic=edge4av/airspan-tdd-downlink-location_3/raw-downlink/veh-001/request bytes=28 forwarded=1
1787164103.413159 publish topic=edge4av/airspan-tdd-downlink-location_3/raw-downlink/veh-001/response bytes=102432 forwarded=1
1787164103.692259 publish topic=edge4av/airspan-tdd-downlink-location_3/raw-downlink/veh-001/request bytes=28 forwarded=1
1787164103.693514 publish topic=edge4av/airspan-tdd-downlink-location_3/raw-downlink/veh-001/response bytes=102432 forwarded=1
1787164103.972523 publish topic=edge4av/airspan-tdd-downlink-location_3/raw-downlink/veh-001/request bytes=28 forwarded=1
1787164103.973879 publish topic=edge4av/airspan-tdd-downlink-location_3/raw-downlink/veh-001/response bytes=102432 forwarded=1
1787164104.222761 publish topic=edge4av/airspan-tdd-downlink-location_3/raw-downlink/veh-001/request bytes=28 forwarded=1
1787164104.223565 publish topic=edge4av/airspan-tdd-downlink-location_3/raw-downlink/veh-001/response bytes=102432 forwarded=1
1787164104.473105 publish topic=edge4av/airspan-tdd-downlink-location_3/raw-downlink/veh-001/request bytes=28 forwarded=1
1787164104.474859 publish topic=edge4av/airspan-tdd-downlink-location_3/raw-downlink/veh-001/response bytes=102432 forwarded=1
1787164104.723426 publish topic=edge4av/airspan-tdd-downlink-location_3/raw-downlink/veh-001/request bytes=28 forwarded=1
1787164104.724085 publish topic=edge4av/airspan-tdd-downlink-location_3/raw-downlink/veh-001/response bytes=102432 forwarded=1
1787164104.994171 publish topic=edge4av/airspan-tdd-downlink-location_3/raw-downlink/veh-001/request bytes=28 forwarded=1
1787164104.995811 publish topic=edge4av/airspan-tdd-downlink-location_3/raw-downlink/veh-001/response bytes=102432 forwarded=1
1787164105.234186 publish topic=edge4av/airspan-tdd-downlink-location_3/raw-downlink/veh-001/request bytes=28 forwarded=1
1787164105.235606 publish topic=edge4av/airspan-tdd-downlink-location_3/raw-downlink/veh-001/response bytes=102432 forwarded=1
1787164105.474632 publish topic=edge4av/airspan-tdd-downlink-location_3/raw-downlink/veh-001/request bytes=28 forwarded=1
1787164105.476035 publish topic=edge4av/airspan-tdd-downlink-location_3/raw-downlink/veh-001/response bytes=102432 forwarded=1
1787164105.714996 publish topic=edge4av/airspan-tdd-downlink-location_3/raw-downlink/veh-001/request bytes=28 forwarded=1
1787164105.716402 publish topic=edge4av/airspan-tdd-downlink-location_3/raw-downlink/veh-001/response bytes=102432 forwarded=1
1787164105.965365 publish topic=edge4av/airspan-tdd-downlink-location_3/raw-downlink/veh-001/request bytes=28 forwarded=1
1787164105.966954 publish topic=edge4av/airspan-tdd-downlink-location_3/raw-downlink/veh-001/response bytes=102432 forwarded=1
1787164106.235654 publish topic=edge4av/airspan-tdd-downlink-location_3/raw-downlink/veh-001/request bytes=28 forwarded=1
1787164106.237160 publish topic=edge4av/airspan-tdd-downlink-location_3/raw-downlink/veh-001/response bytes=102432 forwarded=1
1787164106.506029 publish topic=edge4av/airspan-tdd-downlink-location_3/raw-downlink/veh-001/request bytes=28 forwarded=1
1787164106.507582 publish topic=edge4av/airspan-tdd-downlink-location_3/raw-downlink/veh-001/response bytes=102432 forwarded=1
1787164106.766674 publish topic=edge4av/airspan-tdd-downlink-location_3/raw-downlink/veh-001/request bytes=28 forwarded=1
1787164106.768092 publish topic=edge4av/airspan-tdd-downlink-location_3/raw-downlink/veh-001/response bytes=102432 forwarded=1
1787164107.006723 publish topic=edge4av/airspan-tdd-downlink-location_3/raw-downlink/veh-001/request bytes=28 forwarded=1
1787164107.008123 publish topic=edge4av/airspan-tdd-downlink-location_3/raw-downlink/veh-001/response bytes=102432 forwarded=1
1787164107.277073 publish topic=edge4av/airspan-tdd-downlink-location_3/raw-downlink/veh-001/request bytes=28 forwarded=1
1787164107.278766 publish topic=edge4av/airspan-tdd-downlink-location_3/raw-downlink/veh-001/response bytes=102432 forwarded=1
1787164107.517237 publish topic=edge4av/airspan-tdd-downlink-location_3/raw-downlink/veh-001/request bytes=28 forwarded=1
1787164107.517971 publish topic=edge4av/airspan-tdd-downlink-location_3/raw-downlink/veh-001/response bytes=102432 forwarded=1
1787164107.778149 publish topic=edge4av/airspan-tdd-downlink-location_3/raw-downlink/veh-001/request bytes=28 forwarded=1
1787164107.779824 publish topic=edge4av/airspan-tdd-downlink-location_3/raw-downlink/veh-001/response bytes=102432 forwarded=1
1787164108.017972 publish topic=edge4av/airspan-tdd-downlink-location_3/raw-downlink/veh-001/request bytes=28 forwarded=1
1787164108.018611 publish topic=edge4av/airspan-tdd-downlink-location_3/raw-downlink/veh-001/response bytes=102432 forwarded=1
1787164108.258615 publish topic=edge4av/airspan-tdd-downlink-location_3/raw-downlink/veh-001/request bytes=28 forwarded=1
1787164108.260031 publish topic=edge4av/airspan-tdd-downlink-location_3/raw-downlink/veh-001/response bytes=102432 forwarded=1
1787164108.518980 publish topic=edge4av/airspan-tdd-downlink-location_3/raw-downlink/veh-001/request bytes=28 forwarded=1
1787164108.520361 publish topic=edge4av/airspan-tdd-downlink-location_3/raw-downlink/veh-001/response bytes=102432 forwarded=1
1787164108.769408 publish topic=edge4av/airspan-tdd-downlink-location_3/raw-downlink/veh-001/request bytes=28 forwarded=1
1787164108.771464 publish topic=edge4av/airspan-tdd-downlink-location_3/raw-downlink/veh-001/response bytes=102432 forwarded=1
1787164109.039582 publish topic=edge4av/airspan-tdd-downlink-location_3/raw-downlink/veh-001/request bytes=28 forwarded=1
1787164109.041107 publish topic=edge4av/airspan-tdd-downlink-location_3/raw-downlink/veh-001/response bytes=102432 forwarded=1
1787164109.290088 publish topic=edge4av/airspan-tdd-downlink-location_3/raw-downlink/veh-001/request bytes=28 forwarded=1
1787164109.291728 publish topic=edge4av/airspan-tdd-downlink-location_3/raw-downlink/veh-001/response bytes=102432 forwarded=1
1787164109.560610 publish topic=edge4av/airspan-tdd-downlink-location_3/raw-downlink/veh-001/request bytes=28 forwarded=1
1787164109.562127 publish topic=edge4av/airspan-tdd-downlink-location_3/raw-downlink/veh-001/response bytes=102432 forwarded=1
1787164109.820799 publish topic=edge4av/airspan-tdd-downlink-location_3/raw-downlink/veh-001/request bytes=28 forwarded=1
1787164109.821270 publish topic=edge4av/airspan-tdd-downlink-location_3/raw-downlink/veh-001/response bytes=102432 forwarded=1
1787164110.071477 publish topic=edge4av/airspan-tdd-downlink-location_3/raw-downlink/veh-001/request bytes=28 forwarded=1
1787164110.073188 publish topic=edge4av/airspan-tdd-downlink-location_3/raw-downlink/veh-001/response bytes=102432 forwarded=1
1787164110.331662 publish topic=edge4av/airspan-tdd-downlink-location_3/raw-downlink/veh-001/request bytes=28 forwarded=1
1787164110.333384 publish topic=edge4av/airspan-tdd-downlink-location_3/raw-downlink/veh-001/response bytes=102432 forwarded=1
1787164110.572293 publish topic=edge4av/airspan-tdd-downlink-location_3/raw-downlink/veh-001/request bytes=28 forwarded=1
1787164110.573995 publish topic=edge4av/airspan-tdd-downlink-location_3/raw-downlink/veh-001/response bytes=102432 forwarded=1
1787164110.822719 publish topic=edge4av/airspan-tdd-downlink-location_3/raw-downlink/veh-001/request bytes=28 forwarded=1
1787164110.824197 publish topic=edge4av/airspan-tdd-downlink-location_3/raw-downlink/veh-001/response bytes=102432 forwarded=1
1787164111.102913 publish topic=edge4av/airspan-tdd-downlink-location_3/raw-downlink/veh-001/request bytes=28 forwarded=1
1787164111.104347 publish topic=edge4av/airspan-tdd-downlink-location_3/raw-downlink/veh-001/response bytes=102432 forwarded=1
1787164111.343590 publish topic=edge4av/airspan-tdd-downlink-location_3/raw-downlink/veh-001/request bytes=28 forwarded=1
1787164111.345119 publish topic=edge4av/airspan-tdd-downlink-location_3/raw-downlink/veh-001/response bytes=102432 forwarded=1
1787164111.583658 publish topic=edge4av/airspan-tdd-downlink-location_3/raw-downlink/veh-001/request bytes=28 forwarded=1
1787164111.585446 publish topic=edge4av/airspan-tdd-downlink-location_3/raw-downlink/veh-001/response bytes=102432 forwarded=1
1787164111.824301 publish topic=edge4av/airspan-tdd-downlink-location_3/raw-downlink/veh-001/request bytes=28 forwarded=1
1787164111.825860 publish topic=edge4av/airspan-tdd-downlink-location_3/raw-downlink/veh-001/response bytes=102432 forwarded=1
1787164112.054456 publish topic=edge4av/airspan-tdd-downlink-location_3/raw-downlink/veh-001/request bytes=28 forwarded=1
1787164112.056052 publish topic=edge4av/airspan-tdd-downlink-location_3/raw-downlink/veh-001/response bytes=102432 forwarded=1
1787164112.094409 close ('10.120.121.23', 46218) disconnect
