threaded mqtt broker listening on 0.0.0.0:1883
1787003264.129328 accept ('10.120.121.29', 55918)
1787003264.130155 close ('10.120.121.29', 55918) closed
1787003264.843853 accept ('127.0.0.1', 55264)
1787003264.844325 subscribe ('127.0.0.1', 55264) edge4av/airspan-tdd-downlink-location_3/raw-downlink/veh-001/request
1787003268.574038 accept ('10.120.121.29', 45870)
1787003268.593889 subscribe ('10.120.121.29', 45870) edge4av/airspan-tdd-downlink-location_3/raw-downlink/veh-001/response
1787003268.624225 publish topic=edge4av/airspan-tdd-downlink-location_3/raw-downlink/veh-001/request bytes=28 forwarded=1
1787003268.624468 publish topic=edge4av/airspan-tdd-downlink-location_3/raw-downlink/veh-001/response bytes=1056 forwarded=1
1787003268.844658 publish topic=edge4av/airspan-tdd-downlink-location_3/raw-downlink/veh-001/request bytes=28 forwarded=1
1787003268.845367 publish topic=edge4av/airspan-tdd-downlink-location_3/raw-downlink/veh-001/response bytes=1056 forwarded=1
1787003269.064739 publish topic=edge4av/airspan-tdd-downlink-location_3/raw-downlink/veh-001/request bytes=28 forwarded=1
1787003269.065712 publish topic=edge4av/airspan-tdd-downlink-location_3/raw-downlink/veh-001/response bytes=1056 forwarded=1
1787003269.284811 publish topic=edge4av/airspan-tdd-downlink-location_3/raw-downlink/veh-001/request bytes=28 forwarded=1
1787003269.285070 publish topic=edge4av/airspan-tdd-downlink-location_3/raw-downlink/veh-001/response bytes=1056 forwarded=1
1787003269.505473 publish topic=edge4av/airspan-tdd-downlink-location_3/raw-downlink/veh-001/request bytes=28 forwarded=1
1787003269.506269 publish topic=edge4av/airspan-tdd-downlink-location_3/raw-downlink/veh-001/response bytes=1056 forwarded=1
1787003269.735615 publish topic=edge4av/airspan-tdd-downlink-location_3/raw-downlink/veh-001/request bytes=28 forwarded=1
1787003269.735950 publish topic=edge4av/airspan-tdd-downlink-location_3/raw-downlink/veh-001/response bytes=1056 forwarded=1
1787003269.955855 publish topic=edge4av/airspan-tdd-downlink-location_3/raw-downlink/veh-001/request bytes=28 forwarded=1
1787003269.956522 publish topic=edge4av/airspan-tdd-downlink-location_3/raw-downlink/veh-001/response bytes=1056 forwarded=1
1787003270.176009 publish topic=edge4av/airspan-tdd-downlink-location_3/raw-downlink/veh-001/request bytes=28 forwarded=1
1787003270.176724 publish topic=edge4av/airspan-tdd-downlink-location_3/raw-downlink/veh-001/response bytes=1056 forwarded=1
1787003270.406366 publish topic=edge4av/airspan-tdd-downlink-location_3/raw-downlink/veh-001/request bytes=28 forwarded=1
1787003270.407062 publish topic=edge4av/airspan-tdd-downlink-location_3/raw-downlink/veh-001/response bytes=1056 forwarded=1
1787003270.646827 publish topic=edge4av/airspan-tdd-downlink-location_3/raw-downlink/veh-001/request bytes=28 forwarded=1
1787003270.647582 publish topic=edge4av/airspan-tdd-downlink-location_3/raw-downlink/veh-001/response bytes=1056 forwarded=1
1787003270.886985 publish topic=edge4av/airspan-tdd-downlink-location_3/raw-downlink/veh-001/request bytes=28 forwarded=1
1787003270.887384 publish topic=edge4av/airspan-tdd-downlink-location_3/raw-downlink/veh-001/response bytes=1056 forwarded=1
1787003271.117463 publish topic=edge4av/airspan-tdd-downlink-location_3/raw-downlink/veh-001/request bytes=28 forwarded=1
1787003271.118259 publish topic=edge4av/airspan-tdd-downlink-location_3/raw-downlink/veh-001/response bytes=1056 forwarded=1
1787003271.337504 publish topic=edge4av/airspan-tdd-downlink-location_3/raw-downlink/veh-001/request bytes=28 forwarded=1
1787003271.338194 publish topic=edge4av/airspan-tdd-downlink-location_3/raw-downlink/veh-001/response bytes=1056 forwarded=1
1787003271.567769 publish topic=edge4av/airspan-tdd-downlink-location_3/raw-downlink/veh-001/request bytes=28 forwarded=1
1787003271.568164 publish topic=edge4av/airspan-tdd-downlink-location_3/raw-downlink/veh-001/response bytes=1056 forwarded=1
1787003271.787988 publish topic=edge4av/airspan-tdd-downlink-location_3/raw-downlink/veh-001/request bytes=28 forwarded=1
1787003271.788292 publish topic=edge4av/airspan-tdd-downlink-location_3/raw-downlink/veh-001/response bytes=1056 forwarded=1
1787003272.008390 publish topic=edge4av/airspan-tdd-downlink-location_3/raw-downlink/veh-001/request bytes=28 forwarded=1
1787003272.008678 publish topic=edge4av/airspan-tdd-downlink-location_3/raw-downlink/veh-001/response bytes=1056 forwarded=1
1787003272.228770 publish topic=edge4av/airspan-tdd-downlink-location_3/raw-downlink/veh-001/request bytes=28 forwarded=1
1787003272.229461 publish topic=edge4av/airspan-tdd-downlink-location_3/raw-downlink/veh-001/response bytes=1056 forwarded=1
1787003272.448854 publish topic=edge4av/airspan-tdd-downlink-location_3/raw-downlink/veh-001/request bytes=28 forwarded=1
1787003272.449550 publish topic=edge4av/airspan-tdd-downlink-location_3/raw-downlink/veh-001/response bytes=1056 forwarded=1
1787003272.669141 publish topic=edge4av/airspan-tdd-downlink-location_3/raw-downlink/veh-001/request bytes=28 forwarded=1
1787003272.669863 publish topic=edge4av/airspan-tdd-downlink-location_3/raw-downlink/veh-001/response bytes=1056 forwarded=1
1787003272.889327 publish topic=edge4av/airspan-tdd-downlink-location_3/raw-downlink/veh-001/request bytes=28 forwarded=1
1787003272.889708 publish topic=edge4av/airspan-tdd-downlink-location_3/raw-downlink/veh-001/response bytes=1056 forwarded=1
1787003273.109531 publish topic=edge4av/airspan-tdd-downlink-location_3/raw-downlink/veh-001/request bytes=28 forwarded=1
1787003273.109853 publish topic=edge4av/airspan-tdd-downlink-location_3/raw-downlink/veh-001/response bytes=1056 forwarded=1
1787003273.329959 publish topic=edge4av/airspan-tdd-downlink-location_3/raw-downlink/veh-001/request bytes=28 forwarded=1
1787003273.330653 publish topic=edge4av/airspan-tdd-downlink-location_3/raw-downlink/veh-001/response bytes=1056 forwarded=1
1787003273.570083 publish topic=edge4av/airspan-tdd-downlink-location_3/raw-downlink/veh-001/request bytes=28 forwarded=1
1787003273.570422 publish topic=edge4av/airspan-tdd-downlink-location_3/raw-downlink/veh-001/response bytes=1056 forwarded=1
1787003273.790725 publish topic=edge4av/airspan-tdd-downlink-location_3/raw-downlink/veh-001/request bytes=28 forwarded=1
1787003273.791415 publish topic=edge4av/airspan-tdd-downlink-location_3/raw-downlink/veh-001/response bytes=1056 forwarded=1
1787003274.020929 publish topic=edge4av/airspan-tdd-downlink-location_3/raw-downlink/veh-001/request bytes=28 forwarded=1
1787003274.021573 publish topic=edge4av/airspan-tdd-downlink-location_3/raw-downlink/veh-001/response bytes=1056 forwarded=1
1787003274.251131 publish topic=edge4av/airspan-tdd-downlink-location_3/raw-downlink/veh-001/request bytes=28 forwarded=1
1787003274.251464 publish topic=edge4av/airspan-tdd-downlink-location_3/raw-downlink/veh-001/response bytes=1056 forwarded=1
1787003274.471423 publish topic=edge4av/airspan-tdd-downlink-location_3/raw-downlink/veh-001/request bytes=28 forwarded=1
1787003274.472047 publish topic=edge4av/airspan-tdd-downlink-location_3/raw-downlink/veh-001/response bytes=1056 forwarded=1
1787003274.701848 publish topic=edge4av/airspan-tdd-downlink-location_3/raw-downlink/veh-001/request bytes=28 forwarded=1
1787003274.702471 publish topic=edge4av/airspan-tdd-downlink-location_3/raw-downlink/veh-001/response bytes=1056 forwarded=1
1787003274.932023 publish topic=edge4av/airspan-tdd-downlink-location_3/raw-downlink/veh-001/request bytes=28 forwarded=1
1787003274.932783 publish topic=edge4av/airspan-tdd-downlink-location_3/raw-downlink/veh-001/response bytes=1056 forwarded=1
1787003275.172136 publish topic=edge4av/airspan-tdd-downlink-location_3/raw-downlink/veh-001/request bytes=28 forwarded=1
1787003275.172384 publish topic=edge4av/airspan-tdd-downlink-location_3/raw-downlink/veh-001/response bytes=1056 forwarded=1
1787003275.392584 publish topic=edge4av/airspan-tdd-downlink-location_3/raw-downlink/veh-001/request bytes=28 forwarded=1
1787003275.392859 publish topic=edge4av/airspan-tdd-downlink-location_3/raw-downlink/veh-001/response bytes=1056 forwarded=1
1787003275.623251 publish topic=edge4av/airspan-tdd-downlink-location_3/raw-downlink/veh-001/request bytes=28 forwarded=1
1787003275.623942 publish topic=edge4av/airspan-tdd-downlink-location_3/raw-downlink/veh-001/response bytes=1056 forwarded=1
1787003275.853394 publish topic=edge4av/airspan-tdd-downlink-location_3/raw-downlink/veh-001/request bytes=28 forwarded=1
1787003275.854074 publish topic=edge4av/airspan-tdd-downlink-location_3/raw-downlink/veh-001/response bytes=1056 forwarded=1
1787003276.083544 publish topic=edge4av/airspan-tdd-downlink-location_3/raw-downlink/veh-001/request bytes=28 forwarded=1
1787003276.083839 publish topic=edge4av/airspan-tdd-downlink-location_3/raw-downlink/veh-001/response bytes=1056 forwarded=1
1787003276.314160 publish topic=edge4av/airspan-tdd-downlink-location_3/raw-downlink/veh-001/request bytes=28 forwarded=1
1787003276.314861 publish topic=edge4av/airspan-tdd-downlink-location_3/raw-downlink/veh-001/response bytes=1056 forwarded=1
1787003276.544228 publish topic=edge4av/airspan-tdd-downlink-location_3/raw-downlink/veh-001/request bytes=28 forwarded=1
1787003276.544497 publish topic=edge4av/airspan-tdd-downlink-location_3/raw-downlink/veh-001/response bytes=1056 forwarded=1
1787003276.764784 publish topic=edge4av/airspan-tdd-downlink-location_3/raw-downlink/veh-001/request bytes=28 forwarded=1
1787003276.765554 publish topic=edge4av/airspan-tdd-downlink-location_3/raw-downlink/veh-001/response bytes=1056 forwarded=1
1787003276.995226 publish topic=edge4av/airspan-tdd-downlink-location_3/raw-downlink/veh-001/request bytes=28 forwarded=1
1787003276.995928 publish topic=edge4av/airspan-tdd-downlink-location_3/raw-downlink/veh-001/response bytes=1056 forwarded=1
1787003277.225548 publish topic=edge4av/airspan-tdd-downlink-location_3/raw-downlink/veh-001/request bytes=28 forwarded=1
1787003277.226242 publish topic=edge4av/airspan-tdd-downlink-location_3/raw-downlink/veh-001/response bytes=1056 forwarded=1
1787003277.445667 publish topic=edge4av/airspan-tdd-downlink-location_3/raw-downlink/veh-001/request bytes=28 forwarded=1
1787003277.446354 publish topic=edge4av/airspan-tdd-downlink-location_3/raw-downlink/veh-001/response bytes=1056 forwarded=1
1787003277.665791 publish topic=edge4av/airspan-tdd-downlink-location_3/raw-downlink/veh-001/request bytes=28 forwarded=1
1787003277.666059 publish topic=edge4av/airspan-tdd-downlink-location_3/raw-downlink/veh-001/response bytes=1056 forwarded=1
1787003277.896354 publish topic=edge4av/airspan-tdd-downlink-location_3/raw-downlink/veh-001/request bytes=28 forwarded=1
1787003277.897047 publish topic=edge4av/airspan-tdd-downlink-location_3/raw-downlink/veh-001/response bytes=1056 forwarded=1
1787003278.126556 publish topic=edge4av/airspan-tdd-downlink-location_3/raw-downlink/veh-001/request bytes=28 forwarded=1
1787003278.126858 publish topic=edge4av/airspan-tdd-downlink-location_3/raw-downlink/veh-001/response bytes=1056 forwarded=1
1787003278.346997 publish topic=edge4av/airspan-tdd-downlink-location_3/raw-downlink/veh-001/request bytes=28 forwarded=1
1787003278.347667 publish topic=edge4av/airspan-tdd-downlink-location_3/raw-downlink/veh-001/response bytes=1056 forwarded=1
1787003278.567365 publish topic=edge4av/airspan-tdd-downlink-location_3/raw-downlink/veh-001/request bytes=28 forwarded=1
1787003278.567709 publish topic=edge4av/airspan-tdd-downlink-location_3/raw-downlink/veh-001/response bytes=1056 forwarded=1
1787003278.787359 publish topic=edge4av/airspan-tdd-downlink-location_3/raw-downlink/veh-001/request bytes=28 forwarded=1
1787003278.787723 publish topic=edge4av/airspan-tdd-downlink-location_3/raw-downlink/veh-001/response bytes=1056 forwarded=1
1787003279.007907 publish topic=edge4av/airspan-tdd-downlink-location_3/raw-downlink/veh-001/request bytes=28 forwarded=1
1787003279.008561 publish topic=edge4av/airspan-tdd-downlink-location_3/raw-downlink/veh-001/response bytes=1056 forwarded=1
1787003279.248474 publish topic=edge4av/airspan-tdd-downlink-location_3/raw-downlink/veh-001/request bytes=28 forwarded=1
1787003279.249179 publish topic=edge4av/airspan-tdd-downlink-location_3/raw-downlink/veh-001/response bytes=1056 forwarded=1
1787003279.468403 publish topic=edge4av/airspan-tdd-downlink-location_3/raw-downlink/veh-001/request bytes=28 forwarded=1
1787003279.469054 publish topic=edge4av/airspan-tdd-downlink-location_3/raw-downlink/veh-001/response bytes=1056 forwarded=1
1787003279.698995 publish topic=edge4av/airspan-tdd-downlink-location_3/raw-downlink/veh-001/request bytes=28 forwarded=1
1787003279.699651 publish topic=edge4av/airspan-tdd-downlink-location_3/raw-downlink/veh-001/response bytes=1056 forwarded=1
1787003279.929015 publish topic=edge4av/airspan-tdd-downlink-location_3/raw-downlink/veh-001/request bytes=28 forwarded=1
1787003279.929245 publish topic=edge4av/airspan-tdd-downlink-location_3/raw-downlink/veh-001/response bytes=1056 forwarded=1
1787003280.149737 publish topic=edge4av/airspan-tdd-downlink-location_3/raw-downlink/veh-001/request bytes=28 forwarded=1
1787003280.150422 publish topic=edge4av/airspan-tdd-downlink-location_3/raw-downlink/veh-001/response bytes=1056 forwarded=1
1787003280.369852 publish topic=edge4av/airspan-tdd-downlink-location_3/raw-downlink/veh-001/request bytes=28 forwarded=1
1787003280.370172 publish topic=edge4av/airspan-tdd-downlink-location_3/raw-downlink/veh-001/response bytes=1056 forwarded=1
1787003280.590133 publish topic=edge4av/airspan-tdd-downlink-location_3/raw-downlink/veh-001/request bytes=28 forwarded=1
1787003280.590510 publish topic=edge4av/airspan-tdd-downlink-location_3/raw-downlink/veh-001/response bytes=1056 forwarded=1
1787003280.810667 publish topic=edge4av/airspan-tdd-downlink-location_3/raw-downlink/veh-001/request bytes=28 forwarded=1
1787003280.811397 publish topic=edge4av/airspan-tdd-downlink-location_3/raw-downlink/veh-001/response bytes=1056 forwarded=1
1787003281.030861 publish topic=edge4av/airspan-tdd-downlink-location_3/raw-downlink/veh-001/request bytes=28 forwarded=1
1787003281.031529 publish topic=edge4av/airspan-tdd-downlink-location_3/raw-downlink/veh-001/response bytes=1056 forwarded=1
1787003281.251278 publish topic=edge4av/airspan-tdd-downlink-location_3/raw-downlink/veh-001/request bytes=28 forwarded=1
1787003281.251976 publish topic=edge4av/airspan-tdd-downlink-location_3/raw-downlink/veh-001/response bytes=1056 forwarded=1
1787003281.481610 publish topic=edge4av/airspan-tdd-downlink-location_3/raw-downlink/veh-001/request bytes=28 forwarded=1
1787003281.482339 publish topic=edge4av/airspan-tdd-downlink-location_3/raw-downlink/veh-001/response bytes=1056 forwarded=1
1787003281.712039 publish topic=edge4av/airspan-tdd-downlink-location_3/raw-downlink/veh-001/request bytes=28 forwarded=1
1787003281.712898 publish topic=edge4av/airspan-tdd-downlink-location_3/raw-downlink/veh-001/response bytes=1056 forwarded=1
1787003281.942346 publish topic=edge4av/airspan-tdd-downlink-location_3/raw-downlink/veh-001/request bytes=28 forwarded=1
1787003281.943071 publish topic=edge4av/airspan-tdd-downlink-location_3/raw-downlink/veh-001/response bytes=1056 forwarded=1
1787003282.162452 publish topic=edge4av/airspan-tdd-downlink-location_3/raw-downlink/veh-001/request bytes=28 forwarded=1
1787003282.163149 publish topic=edge4av/airspan-tdd-downlink-location_3/raw-downlink/veh-001/response bytes=1056 forwarded=1
1787003282.392721 publish topic=edge4av/airspan-tdd-downlink-location_3/raw-downlink/veh-001/request bytes=28 forwarded=1
1787003282.393260 publish topic=edge4av/airspan-tdd-downlink-location_3/raw-downlink/veh-001/response bytes=1056 forwarded=1
1787003282.633046 publish topic=edge4av/airspan-tdd-downlink-location_3/raw-downlink/veh-001/request bytes=28 forwarded=1
1787003282.633774 publish topic=edge4av/airspan-tdd-downlink-location_3/raw-downlink/veh-001/response bytes=1056 forwarded=1
1787003282.863688 publish topic=edge4av/airspan-tdd-downlink-location_3/raw-downlink/veh-001/request bytes=28 forwarded=1
1787003282.864393 publish topic=edge4av/airspan-tdd-downlink-location_3/raw-downlink/veh-001/response bytes=1056 forwarded=1
1787003283.093750 publish topic=edge4av/airspan-tdd-downlink-location_3/raw-downlink/veh-001/request bytes=28 forwarded=1
1787003283.094145 publish topic=edge4av/airspan-tdd-downlink-location_3/raw-downlink/veh-001/response bytes=1056 forwarded=1
1787003283.334104 publish topic=edge4av/airspan-tdd-downlink-location_3/raw-downlink/veh-001/request bytes=28 forwarded=1
1787003283.334790 publish topic=edge4av/airspan-tdd-downlink-location_3/raw-downlink/veh-001/response bytes=1056 forwarded=1
1787003283.564575 publish topic=edge4av/airspan-tdd-downlink-location_3/raw-downlink/veh-001/request bytes=28 forwarded=1
1787003283.565040 publish topic=edge4av/airspan-tdd-downlink-location_3/raw-downlink/veh-001/response bytes=1056 forwarded=1
1787003283.784851 publish topic=edge4av/airspan-tdd-downlink-location_3/raw-downlink/veh-001/request bytes=28 forwarded=1
1787003283.785520 publish topic=edge4av/airspan-tdd-downlink-location_3/raw-downlink/veh-001/response bytes=1056 forwarded=1
1787003284.005399 publish topic=edge4av/airspan-tdd-downlink-location_3/raw-downlink/veh-001/request bytes=28 forwarded=1
1787003284.006154 publish topic=edge4av/airspan-tdd-downlink-location_3/raw-downlink/veh-001/response bytes=1056 forwarded=1
1787003284.225663 publish topic=edge4av/airspan-tdd-downlink-location_3/raw-downlink/veh-001/request bytes=28 forwarded=1
1787003284.226357 publish topic=edge4av/airspan-tdd-downlink-location_3/raw-downlink/veh-001/response bytes=1056 forwarded=1
1787003284.445835 publish topic=edge4av/airspan-tdd-downlink-location_3/raw-downlink/veh-001/request bytes=28 forwarded=1
1787003284.446542 publish topic=edge4av/airspan-tdd-downlink-location_3/raw-downlink/veh-001/response bytes=1056 forwarded=1
1787003284.666141 publish topic=edge4av/airspan-tdd-downlink-location_3/raw-downlink/veh-001/request bytes=28 forwarded=1
1787003284.666822 publish topic=edge4av/airspan-tdd-downlink-location_3/raw-downlink/veh-001/response bytes=1056 forwarded=1
1787003284.886049 publish topic=edge4av/airspan-tdd-downlink-location_3/raw-downlink/veh-001/request bytes=28 forwarded=1
1787003284.886340 publish topic=edge4av/airspan-tdd-downlink-location_3/raw-downlink/veh-001/response bytes=1056 forwarded=1
1787003285.106534 publish topic=edge4av/airspan-tdd-downlink-location_3/raw-downlink/veh-001/request bytes=28 forwarded=1
1787003285.106887 publish topic=edge4av/airspan-tdd-downlink-location_3/raw-downlink/veh-001/response bytes=1056 forwarded=1
1787003285.326704 publish topic=edge4av/airspan-tdd-downlink-location_3/raw-downlink/veh-001/request bytes=28 forwarded=1
1787003285.327022 publish topic=edge4av/airspan-tdd-downlink-location_3/raw-downlink/veh-001/response bytes=1056 forwarded=1
1787003285.567213 publish topic=edge4av/airspan-tdd-downlink-location_3/raw-downlink/veh-001/request bytes=28 forwarded=1
1787003285.567585 publish topic=edge4av/airspan-tdd-downlink-location_3/raw-downlink/veh-001/response bytes=1056 forwarded=1
1787003285.787560 publish topic=edge4av/airspan-tdd-downlink-location_3/raw-downlink/veh-001/request bytes=28 forwarded=1
1787003285.788487 publish topic=edge4av/airspan-tdd-downlink-location_3/raw-downlink/veh-001/response bytes=1056 forwarded=1
1787003286.007907 publish topic=edge4av/airspan-tdd-downlink-location_3/raw-downlink/veh-001/request bytes=28 forwarded=1
1787003286.008672 publish topic=edge4av/airspan-tdd-downlink-location_3/raw-downlink/veh-001/response bytes=1056 forwarded=1
1787003286.248013 publish topic=edge4av/airspan-tdd-downlink-location_3/raw-downlink/veh-001/request bytes=28 forwarded=1
1787003286.248380 publish topic=edge4av/airspan-tdd-downlink-location_3/raw-downlink/veh-001/response bytes=1056 forwarded=1
1787003286.468227 publish topic=edge4av/airspan-tdd-downlink-location_3/raw-downlink/veh-001/request bytes=28 forwarded=1
1787003286.468870 publish topic=edge4av/airspan-tdd-downlink-location_3/raw-downlink/veh-001/response bytes=1056 forwarded=1
1787003286.688864 publish topic=edge4av/airspan-tdd-downlink-location_3/raw-downlink/veh-001/request bytes=28 forwarded=1
1787003286.689566 publish topic=edge4av/airspan-tdd-downlink-location_3/raw-downlink/veh-001/response bytes=1056 forwarded=1
1787003286.908858 publish topic=edge4av/airspan-tdd-downlink-location_3/raw-downlink/veh-001/request bytes=28 forwarded=1
1787003286.909504 publish topic=edge4av/airspan-tdd-downlink-location_3/raw-downlink/veh-001/response bytes=1056 forwarded=1
1787003287.129174 publish topic=edge4av/airspan-tdd-downlink-location_3/raw-downlink/veh-001/request bytes=28 forwarded=1
1787003287.129927 publish topic=edge4av/airspan-tdd-downlink-location_3/raw-downlink/veh-001/response bytes=1056 forwarded=1
1787003287.359466 publish topic=edge4av/airspan-tdd-downlink-location_3/raw-downlink/veh-001/request bytes=28 forwarded=1
1787003287.359822 publish topic=edge4av/airspan-tdd-downlink-location_3/raw-downlink/veh-001/response bytes=1056 forwarded=1
1787003287.589761 publish topic=edge4av/airspan-tdd-downlink-location_3/raw-downlink/veh-001/request bytes=28 forwarded=1
1787003287.590334 publish topic=edge4av/airspan-tdd-downlink-location_3/raw-downlink/veh-001/response bytes=1056 forwarded=1
1787003287.820207 publish topic=edge4av/airspan-tdd-downlink-location_3/raw-downlink/veh-001/request bytes=28 forwarded=1
1787003287.820935 publish topic=edge4av/airspan-tdd-downlink-location_3/raw-downlink/veh-001/response bytes=1056 forwarded=1
1787003288.040340 publish topic=edge4av/airspan-tdd-downlink-location_3/raw-downlink/veh-001/request bytes=28 forwarded=1
1787003288.041044 publish topic=edge4av/airspan-tdd-downlink-location_3/raw-downlink/veh-001/response bytes=1056 forwarded=1
1787003288.260871 publish topic=edge4av/airspan-tdd-downlink-location_3/raw-downlink/veh-001/request bytes=28 forwarded=1
1787003288.261563 publish topic=edge4av/airspan-tdd-downlink-location_3/raw-downlink/veh-001/response bytes=1056 forwarded=1
1787003288.490790 publish topic=edge4av/airspan-tdd-downlink-location_3/raw-downlink/veh-001/request bytes=28 forwarded=1
1787003288.491342 publish topic=edge4av/airspan-tdd-downlink-location_3/raw-downlink/veh-001/response bytes=1056 forwarded=1
1787003288.711391 publish topic=edge4av/airspan-tdd-downlink-location_3/raw-downlink/veh-001/request bytes=28 forwarded=1
1787003288.712085 publish topic=edge4av/airspan-tdd-downlink-location_3/raw-downlink/veh-001/response bytes=1056 forwarded=1
1787003288.941387 publish topic=edge4av/airspan-tdd-downlink-location_3/raw-downlink/veh-001/request bytes=28 forwarded=1
1787003288.942064 publish topic=edge4av/airspan-tdd-downlink-location_3/raw-downlink/veh-001/response bytes=1056 forwarded=1
1787003289.171801 publish topic=edge4av/airspan-tdd-downlink-location_3/raw-downlink/veh-001/request bytes=28 forwarded=1
1787003289.172712 publish topic=edge4av/airspan-tdd-downlink-location_3/raw-downlink/veh-001/response bytes=1056 forwarded=1
1787003289.412262 publish topic=edge4av/airspan-tdd-downlink-location_3/raw-downlink/veh-001/request bytes=28 forwarded=1
1787003289.412959 publish topic=edge4av/airspan-tdd-downlink-location_3/raw-downlink/veh-001/response bytes=1056 forwarded=1
1787003289.642358 publish topic=edge4av/airspan-tdd-downlink-location_3/raw-downlink/veh-001/request bytes=28 forwarded=1
1787003289.642756 publish topic=edge4av/airspan-tdd-downlink-location_3/raw-downlink/veh-001/response bytes=1056 forwarded=1
1787003289.872676 publish topic=edge4av/airspan-tdd-downlink-location_3/raw-downlink/veh-001/request bytes=28 forwarded=1
1787003289.873420 publish topic=edge4av/airspan-tdd-downlink-location_3/raw-downlink/veh-001/response bytes=1056 forwarded=1
1787003290.103142 publish topic=edge4av/airspan-tdd-downlink-location_3/raw-downlink/veh-001/request bytes=28 forwarded=1
1787003290.103870 publish topic=edge4av/airspan-tdd-downlink-location_3/raw-downlink/veh-001/response bytes=1056 forwarded=1
1787003290.333221 publish topic=edge4av/airspan-tdd-downlink-location_3/raw-downlink/veh-001/request bytes=28 forwarded=1
1787003290.333935 publish topic=edge4av/airspan-tdd-downlink-location_3/raw-downlink/veh-001/response bytes=1056 forwarded=1
1787003290.573620 publish topic=edge4av/airspan-tdd-downlink-location_3/raw-downlink/veh-001/request bytes=28 forwarded=1
1787003290.574077 publish topic=edge4av/airspan-tdd-downlink-location_3/raw-downlink/veh-001/response bytes=1056 forwarded=1
1787003290.813811 publish topic=edge4av/airspan-tdd-downlink-location_3/raw-downlink/veh-001/request bytes=28 forwarded=1
1787003290.814195 publish topic=edge4av/airspan-tdd-downlink-location_3/raw-downlink/veh-001/response bytes=1056 forwarded=1
1787003291.054250 publish topic=edge4av/airspan-tdd-downlink-location_3/raw-downlink/veh-001/request bytes=28 forwarded=1
1787003291.054976 publish topic=edge4av/airspan-tdd-downlink-location_3/raw-downlink/veh-001/response bytes=1056 forwarded=1
1787003291.284672 publish topic=edge4av/airspan-tdd-downlink-location_3/raw-downlink/veh-001/request bytes=28 forwarded=1
1787003291.285471 publish topic=edge4av/airspan-tdd-downlink-location_3/raw-downlink/veh-001/response bytes=1056 forwarded=1
1787003291.504889 publish topic=edge4av/airspan-tdd-downlink-location_3/raw-downlink/veh-001/request bytes=28 forwarded=1
1787003291.505552 publish topic=edge4av/airspan-tdd-downlink-location_3/raw-downlink/veh-001/response bytes=1056 forwarded=1
1787003291.735436 publish topic=edge4av/airspan-tdd-downlink-location_3/raw-downlink/veh-001/request bytes=28 forwarded=1
1787003291.736124 publish topic=edge4av/airspan-tdd-downlink-location_3/raw-downlink/veh-001/response bytes=1056 forwarded=1
1787003291.965424 publish topic=edge4av/airspan-tdd-downlink-location_3/raw-downlink/veh-001/request bytes=28 forwarded=1
1787003291.965738 publish topic=edge4av/airspan-tdd-downlink-location_3/raw-downlink/veh-001/response bytes=1056 forwarded=1
1787003292.185906 publish topic=edge4av/airspan-tdd-downlink-location_3/raw-downlink/veh-001/request bytes=28 forwarded=1
1787003292.186666 publish topic=edge4av/airspan-tdd-downlink-location_3/raw-downlink/veh-001/response bytes=1056 forwarded=1
1787003292.406097 publish topic=edge4av/airspan-tdd-downlink-location_3/raw-downlink/veh-001/request bytes=28 forwarded=1
1787003292.406802 publish topic=edge4av/airspan-tdd-downlink-location_3/raw-downlink/veh-001/response bytes=1056 forwarded=1
1787003292.626642 publish topic=edge4av/airspan-tdd-downlink-location_3/raw-downlink/veh-001/request bytes=28 forwarded=1
1787003292.627343 publish topic=edge4av/airspan-tdd-downlink-location_3/raw-downlink/veh-001/response bytes=1056 forwarded=1
1787003292.847039 publish topic=edge4av/airspan-tdd-downlink-location_3/raw-downlink/veh-001/request bytes=28 forwarded=1
1787003292.847733 publish topic=edge4av/airspan-tdd-downlink-location_3/raw-downlink/veh-001/response bytes=1056 forwarded=1
1787003293.067074 publish topic=edge4av/airspan-tdd-downlink-location_3/raw-downlink/veh-001/request bytes=28 forwarded=1
1787003293.067413 publish topic=edge4av/airspan-tdd-downlink-location_3/raw-downlink/veh-001/response bytes=1056 forwarded=1
1787003293.287784 publish topic=edge4av/airspan-tdd-downlink-location_3/raw-downlink/veh-001/request bytes=28 forwarded=1
1787003293.288491 publish topic=edge4av/airspan-tdd-downlink-location_3/raw-downlink/veh-001/response bytes=1056 forwarded=1
1787003293.507904 publish topic=edge4av/airspan-tdd-downlink-location_3/raw-downlink/veh-001/request bytes=28 forwarded=1
1787003293.508672 publish topic=edge4av/airspan-tdd-downlink-location_3/raw-downlink/veh-001/response bytes=1056 forwarded=1
1787003293.728160 publish topic=edge4av/airspan-tdd-downlink-location_3/raw-downlink/veh-001/request bytes=28 forwarded=1
1787003293.729017 publish topic=edge4av/airspan-tdd-downlink-location_3/raw-downlink/veh-001/response bytes=1056 forwarded=1
1787003293.948379 publish topic=edge4av/airspan-tdd-downlink-location_3/raw-downlink/veh-001/request bytes=28 forwarded=1
1787003293.949106 publish topic=edge4av/airspan-tdd-downlink-location_3/raw-downlink/veh-001/response bytes=1056 forwarded=1
1787003294.168659 publish topic=edge4av/airspan-tdd-downlink-location_3/raw-downlink/veh-001/request bytes=28 forwarded=1
1787003294.169092 publish topic=edge4av/airspan-tdd-downlink-location_3/raw-downlink/veh-001/response bytes=1056 forwarded=1
1787003294.389071 publish topic=edge4av/airspan-tdd-downlink-location_3/raw-downlink/veh-001/request bytes=28 forwarded=1
1787003294.389762 publish topic=edge4av/airspan-tdd-downlink-location_3/raw-downlink/veh-001/response bytes=1056 forwarded=1
1787003294.609725 publish topic=edge4av/airspan-tdd-downlink-location_3/raw-downlink/veh-001/request bytes=28 forwarded=1
1787003294.610438 publish topic=edge4av/airspan-tdd-downlink-location_3/raw-downlink/veh-001/response bytes=1056 forwarded=1
1787003294.830038 publish topic=edge4av/airspan-tdd-downlink-location_3/raw-downlink/veh-001/request bytes=28 forwarded=1
1787003294.830732 publish topic=edge4av/airspan-tdd-downlink-location_3/raw-downlink/veh-001/response bytes=1056 forwarded=1
1787003295.050445 publish topic=edge4av/airspan-tdd-downlink-location_3/raw-downlink/veh-001/request bytes=28 forwarded=1
1787003295.051133 publish topic=edge4av/airspan-tdd-downlink-location_3/raw-downlink/veh-001/response bytes=1056 forwarded=1
1787003295.270514 publish topic=edge4av/airspan-tdd-downlink-location_3/raw-downlink/veh-001/request bytes=28 forwarded=1
1787003295.271424 publish topic=edge4av/airspan-tdd-downlink-location_3/raw-downlink/veh-001/response bytes=1056 forwarded=1
1787003295.500803 publish topic=edge4av/airspan-tdd-downlink-location_3/raw-downlink/veh-001/request bytes=28 forwarded=1
1787003295.501497 publish topic=edge4av/airspan-tdd-downlink-location_3/raw-downlink/veh-001/response bytes=1056 forwarded=1
1787003295.721097 publish topic=edge4av/airspan-tdd-downlink-location_3/raw-downlink/veh-001/request bytes=28 forwarded=1
1787003295.721798 publish topic=edge4av/airspan-tdd-downlink-location_3/raw-downlink/veh-001/response bytes=1056 forwarded=1
1787003295.951665 publish topic=edge4av/airspan-tdd-downlink-location_3/raw-downlink/veh-001/request bytes=28 forwarded=1
1787003295.952353 publish topic=edge4av/airspan-tdd-downlink-location_3/raw-downlink/veh-001/response bytes=1056 forwarded=1
1787003296.191969 publish topic=edge4av/airspan-tdd-downlink-location_3/raw-downlink/veh-001/request bytes=28 forwarded=1
1787003296.192682 publish topic=edge4av/airspan-tdd-downlink-location_3/raw-downlink/veh-001/response bytes=1056 forwarded=1
1787003296.422147 publish topic=edge4av/airspan-tdd-downlink-location_3/raw-downlink/veh-001/request bytes=28 forwarded=1
1787003296.422443 publish topic=edge4av/airspan-tdd-downlink-location_3/raw-downlink/veh-001/response bytes=1056 forwarded=1
1787003296.652805 publish topic=edge4av/airspan-tdd-downlink-location_3/raw-downlink/veh-001/request bytes=28 forwarded=1
1787003296.653489 publish topic=edge4av/airspan-tdd-downlink-location_3/raw-downlink/veh-001/response bytes=1056 forwarded=1
1787003296.893061 publish topic=edge4av/airspan-tdd-downlink-location_3/raw-downlink/veh-001/request bytes=28 forwarded=1
1787003296.893847 publish topic=edge4av/airspan-tdd-downlink-location_3/raw-downlink/veh-001/response bytes=1056 forwarded=1
1787003297.133308 publish topic=edge4av/airspan-tdd-downlink-location_3/raw-downlink/veh-001/request bytes=28 forwarded=1
1787003297.134061 publish topic=edge4av/airspan-tdd-downlink-location_3/raw-downlink/veh-001/response bytes=1056 forwarded=1
1787003297.373945 publish topic=edge4av/airspan-tdd-downlink-location_3/raw-downlink/veh-001/request bytes=28 forwarded=1
1787003297.374650 publish topic=edge4av/airspan-tdd-downlink-location_3/raw-downlink/veh-001/response bytes=1056 forwarded=1
1787003297.613914 publish topic=edge4av/airspan-tdd-downlink-location_3/raw-downlink/veh-001/request bytes=28 forwarded=1
1787003297.614746 publish topic=edge4av/airspan-tdd-downlink-location_3/raw-downlink/veh-001/response bytes=1056 forwarded=1
1787003297.844455 publish topic=edge4av/airspan-tdd-downlink-location_3/raw-downlink/veh-001/request bytes=28 forwarded=1
1787003297.845210 publish topic=edge4av/airspan-tdd-downlink-location_3/raw-downlink/veh-001/response bytes=1056 forwarded=1
1787003298.065062 publish topic=edge4av/airspan-tdd-downlink-location_3/raw-downlink/veh-001/request bytes=28 forwarded=1
1787003298.065752 publish topic=edge4av/airspan-tdd-downlink-location_3/raw-downlink/veh-001/response bytes=1056 forwarded=1
1787003298.295244 publish topic=edge4av/airspan-tdd-downlink-location_3/raw-downlink/veh-001/request bytes=28 forwarded=1
1787003298.295931 publish topic=edge4av/airspan-tdd-downlink-location_3/raw-downlink/veh-001/response bytes=1056 forwarded=1
1787003298.525527 publish topic=edge4av/airspan-tdd-downlink-location_3/raw-downlink/veh-001/request bytes=28 forwarded=1
1787003298.525888 publish topic=edge4av/airspan-tdd-downlink-location_3/raw-downlink/veh-001/response bytes=1056 forwarded=1
1787003298.755792 publish topic=edge4av/airspan-tdd-downlink-location_3/raw-downlink/veh-001/request bytes=28 forwarded=1
1787003298.756469 publish topic=edge4av/airspan-tdd-downlink-location_3/raw-downlink/veh-001/response bytes=1056 forwarded=1
1787003298.976231 publish topic=edge4av/airspan-tdd-downlink-location_3/raw-downlink/veh-001/request bytes=28 forwarded=1
1787003298.976885 publish topic=edge4av/airspan-tdd-downlink-location_3/raw-downlink/veh-001/response bytes=1056 forwarded=1
1787003299.206501 publish topic=edge4av/airspan-tdd-downlink-location_3/raw-downlink/veh-001/request bytes=28 forwarded=1
1787003299.207206 publish topic=edge4av/airspan-tdd-downlink-location_3/raw-downlink/veh-001/response bytes=1056 forwarded=1
1787003299.426684 publish topic=edge4av/airspan-tdd-downlink-location_3/raw-downlink/veh-001/request bytes=28 forwarded=1
1787003299.427360 publish topic=edge4av/airspan-tdd-downlink-location_3/raw-downlink/veh-001/response bytes=1056 forwarded=1
1787003299.647402 publish topic=edge4av/airspan-tdd-downlink-location_3/raw-downlink/veh-001/request bytes=28 forwarded=1
1787003299.648432 publish topic=edge4av/airspan-tdd-downlink-location_3/raw-downlink/veh-001/response bytes=1056 forwarded=1
1787003299.887369 publish topic=edge4av/airspan-tdd-downlink-location_3/raw-downlink/veh-001/request bytes=28 forwarded=1
1787003299.887764 publish topic=edge4av/airspan-tdd-downlink-location_3/raw-downlink/veh-001/response bytes=1056 forwarded=1
1787003300.127899 publish topic=edge4av/airspan-tdd-downlink-location_3/raw-downlink/veh-001/request bytes=28 forwarded=1
1787003300.128536 publish topic=edge4av/airspan-tdd-downlink-location_3/raw-downlink/veh-001/response bytes=1056 forwarded=1
1787003300.348385 publish topic=edge4av/airspan-tdd-downlink-location_3/raw-downlink/veh-001/request bytes=28 forwarded=1
1787003300.348958 publish topic=edge4av/airspan-tdd-downlink-location_3/raw-downlink/veh-001/response bytes=1056 forwarded=1
1787003300.568591 publish topic=edge4av/airspan-tdd-downlink-location_3/raw-downlink/veh-001/request bytes=28 forwarded=1
1787003300.568999 publish topic=edge4av/airspan-tdd-downlink-location_3/raw-downlink/veh-001/response bytes=1056 forwarded=1
1787003300.809020 publish topic=edge4av/airspan-tdd-downlink-location_3/raw-downlink/veh-001/request bytes=28 forwarded=1
1787003300.809728 publish topic=edge4av/airspan-tdd-downlink-location_3/raw-downlink/veh-001/response bytes=1056 forwarded=1
1787003301.049073 publish topic=edge4av/airspan-tdd-downlink-location_3/raw-downlink/veh-001/request bytes=28 forwarded=1
1787003301.049332 publish topic=edge4av/airspan-tdd-downlink-location_3/raw-downlink/veh-001/response bytes=1056 forwarded=1
1787003301.269581 publish topic=edge4av/airspan-tdd-downlink-location_3/raw-downlink/veh-001/request bytes=28 forwarded=1
1787003301.270196 publish topic=edge4av/airspan-tdd-downlink-location_3/raw-downlink/veh-001/response bytes=1056 forwarded=1
1787003301.490123 publish topic=edge4av/airspan-tdd-downlink-location_3/raw-downlink/veh-001/request bytes=28 forwarded=1
1787003301.490813 publish topic=edge4av/airspan-tdd-downlink-location_3/raw-downlink/veh-001/response bytes=1056 forwarded=1
1787003301.720105 publish topic=edge4av/airspan-tdd-downlink-location_3/raw-downlink/veh-001/request bytes=28 forwarded=1
1787003301.720588 publish topic=edge4av/airspan-tdd-downlink-location_3/raw-downlink/veh-001/response bytes=1056 forwarded=1
1787003301.950500 publish topic=edge4av/airspan-tdd-downlink-location_3/raw-downlink/veh-001/request bytes=28 forwarded=1
1787003301.951204 publish topic=edge4av/airspan-tdd-downlink-location_3/raw-downlink/veh-001/response bytes=1056 forwarded=1
1787003302.170745 publish topic=edge4av/airspan-tdd-downlink-location_3/raw-downlink/veh-001/request bytes=28 forwarded=1
1787003302.171098 publish topic=edge4av/airspan-tdd-downlink-location_3/raw-downlink/veh-001/response bytes=1056 forwarded=1
1787003302.391195 publish topic=edge4av/airspan-tdd-downlink-location_3/raw-downlink/veh-001/request bytes=28 forwarded=1
1787003302.391906 publish topic=edge4av/airspan-tdd-downlink-location_3/raw-downlink/veh-001/response bytes=1056 forwarded=1
1787003302.611757 publish topic=edge4av/airspan-tdd-downlink-location_3/raw-downlink/veh-001/request bytes=28 forwarded=1
1787003302.612447 publish topic=edge4av/airspan-tdd-downlink-location_3/raw-downlink/veh-001/response bytes=1056 forwarded=1
1787003302.851779 publish topic=edge4av/airspan-tdd-downlink-location_3/raw-downlink/veh-001/request bytes=28 forwarded=1
1787003302.852490 publish topic=edge4av/airspan-tdd-downlink-location_3/raw-downlink/veh-001/response bytes=1056 forwarded=1
1787003303.092380 publish topic=edge4av/airspan-tdd-downlink-location_3/raw-downlink/veh-001/request bytes=28 forwarded=1
1787003303.093110 publish topic=edge4av/airspan-tdd-downlink-location_3/raw-downlink/veh-001/response bytes=1056 forwarded=1
1787003303.312126 publish topic=edge4av/airspan-tdd-downlink-location_3/raw-downlink/veh-001/request bytes=28 forwarded=1
1787003303.312473 publish topic=edge4av/airspan-tdd-downlink-location_3/raw-downlink/veh-001/response bytes=1056 forwarded=1
1787003303.542506 publish topic=edge4av/airspan-tdd-downlink-location_3/raw-downlink/veh-001/request bytes=28 forwarded=1
1787003303.542971 publish topic=edge4av/airspan-tdd-downlink-location_3/raw-downlink/veh-001/response bytes=1056 forwarded=1
1787003303.773070 publish topic=edge4av/airspan-tdd-downlink-location_3/raw-downlink/veh-001/request bytes=28 forwarded=1
1787003303.773760 publish topic=edge4av/airspan-tdd-downlink-location_3/raw-downlink/veh-001/response bytes=1056 forwarded=1
1787003304.013223 publish topic=edge4av/airspan-tdd-downlink-location_3/raw-downlink/veh-001/request bytes=28 forwarded=1
1787003304.013913 publish topic=edge4av/airspan-tdd-downlink-location_3/raw-downlink/veh-001/response bytes=1056 forwarded=1
1787003304.253645 publish topic=edge4av/airspan-tdd-downlink-location_3/raw-downlink/veh-001/request bytes=28 forwarded=1
1787003304.254345 publish topic=edge4av/airspan-tdd-downlink-location_3/raw-downlink/veh-001/response bytes=1056 forwarded=1
1787003304.504095 publish topic=edge4av/airspan-tdd-downlink-location_3/raw-downlink/veh-001/request bytes=28 forwarded=1
1787003304.504940 publish topic=edge4av/airspan-tdd-downlink-location_3/raw-downlink/veh-001/response bytes=1056 forwarded=1
1787003304.734183 publish topic=edge4av/airspan-tdd-downlink-location_3/raw-downlink/veh-001/request bytes=28 forwarded=1
1787003304.734460 publish topic=edge4av/airspan-tdd-downlink-location_3/raw-downlink/veh-001/response bytes=1056 forwarded=1
1787003304.974589 publish topic=edge4av/airspan-tdd-downlink-location_3/raw-downlink/veh-001/request bytes=28 forwarded=1
1787003304.975259 publish topic=edge4av/airspan-tdd-downlink-location_3/raw-downlink/veh-001/response bytes=1056 forwarded=1
1787003305.205031 publish topic=edge4av/airspan-tdd-downlink-location_3/raw-downlink/veh-001/request bytes=28 forwarded=1
1787003305.205729 publish topic=edge4av/airspan-tdd-downlink-location_3/raw-downlink/veh-001/response bytes=1056 forwarded=1
1787003305.425116 publish topic=edge4av/airspan-tdd-downlink-location_3/raw-downlink/veh-001/request bytes=28 forwarded=1
1787003305.425801 publish topic=edge4av/airspan-tdd-downlink-location_3/raw-downlink/veh-001/response bytes=1056 forwarded=1
1787003305.645345 publish topic=edge4av/airspan-tdd-downlink-location_3/raw-downlink/veh-001/request bytes=28 forwarded=1
1787003305.645791 publish topic=edge4av/airspan-tdd-downlink-location_3/raw-downlink/veh-001/response bytes=1056 forwarded=1
1787003305.865722 publish topic=edge4av/airspan-tdd-downlink-location_3/raw-downlink/veh-001/request bytes=28 forwarded=1
1787003305.866423 publish topic=edge4av/airspan-tdd-downlink-location_3/raw-downlink/veh-001/response bytes=1056 forwarded=1
1787003306.086124 publish topic=edge4av/airspan-tdd-downlink-location_3/raw-downlink/veh-001/request bytes=28 forwarded=1
1787003306.086604 publish topic=edge4av/airspan-tdd-downlink-location_3/raw-downlink/veh-001/response bytes=1056 forwarded=1
1787003306.305904 publish topic=edge4av/airspan-tdd-downlink-location_3/raw-downlink/veh-001/request bytes=28 forwarded=1
1787003306.306164 publish topic=edge4av/airspan-tdd-downlink-location_3/raw-downlink/veh-001/response bytes=1056 forwarded=1
1787003306.526688 publish topic=edge4av/airspan-tdd-downlink-location_3/raw-downlink/veh-001/request bytes=28 forwarded=1
1787003306.527427 publish topic=edge4av/airspan-tdd-downlink-location_3/raw-downlink/veh-001/response bytes=1056 forwarded=1
1787003306.746690 publish topic=edge4av/airspan-tdd-downlink-location_3/raw-downlink/veh-001/request bytes=28 forwarded=1
1787003306.746985 publish topic=edge4av/airspan-tdd-downlink-location_3/raw-downlink/veh-001/response bytes=1056 forwarded=1
1787003306.967212 publish topic=edge4av/airspan-tdd-downlink-location_3/raw-downlink/veh-001/request bytes=28 forwarded=1
1787003306.967866 publish topic=edge4av/airspan-tdd-downlink-location_3/raw-downlink/veh-001/response bytes=1056 forwarded=1
1787003307.187473 publish topic=edge4av/airspan-tdd-downlink-location_3/raw-downlink/veh-001/request bytes=28 forwarded=1
1787003307.188025 publish topic=edge4av/airspan-tdd-downlink-location_3/raw-downlink/veh-001/response bytes=1056 forwarded=1
1787003307.407588 publish topic=edge4av/airspan-tdd-downlink-location_3/raw-downlink/veh-001/request bytes=28 forwarded=1
1787003307.407883 publish topic=edge4av/airspan-tdd-downlink-location_3/raw-downlink/veh-001/response bytes=1056 forwarded=1
1787003307.627784 publish topic=edge4av/airspan-tdd-downlink-location_3/raw-downlink/veh-001/request bytes=28 forwarded=1
1787003307.628029 publish topic=edge4av/airspan-tdd-downlink-location_3/raw-downlink/veh-001/response bytes=1056 forwarded=1
1787003307.858231 publish topic=edge4av/airspan-tdd-downlink-location_3/raw-downlink/veh-001/request bytes=28 forwarded=1
1787003307.858713 publish topic=edge4av/airspan-tdd-downlink-location_3/raw-downlink/veh-001/response bytes=1056 forwarded=1
1787003308.088367 publish topic=edge4av/airspan-tdd-downlink-location_3/raw-downlink/veh-001/request bytes=28 forwarded=1
1787003308.088845 publish topic=edge4av/airspan-tdd-downlink-location_3/raw-downlink/veh-001/response bytes=1056 forwarded=1
1787003308.318767 publish topic=edge4av/airspan-tdd-downlink-location_3/raw-downlink/veh-001/request bytes=28 forwarded=1
1787003308.319429 publish topic=edge4av/airspan-tdd-downlink-location_3/raw-downlink/veh-001/response bytes=1056 forwarded=1
1787003308.538934 publish topic=edge4av/airspan-tdd-downlink-location_3/raw-downlink/veh-001/request bytes=28 forwarded=1
1787003308.539392 publish topic=edge4av/airspan-tdd-downlink-location_3/raw-downlink/veh-001/response bytes=1056 forwarded=1
1787003308.769323 publish topic=edge4av/airspan-tdd-downlink-location_3/raw-downlink/veh-001/request bytes=28 forwarded=1
1787003308.770157 publish topic=edge4av/airspan-tdd-downlink-location_3/raw-downlink/veh-001/response bytes=1056 forwarded=1
1787003308.989388 publish topic=edge4av/airspan-tdd-downlink-location_3/raw-downlink/veh-001/request bytes=28 forwarded=1
1787003308.989780 publish topic=edge4av/airspan-tdd-downlink-location_3/raw-downlink/veh-001/response bytes=1056 forwarded=1
1787003309.209960 publish topic=edge4av/airspan-tdd-downlink-location_3/raw-downlink/veh-001/request bytes=28 forwarded=1
1787003309.210651 publish topic=edge4av/airspan-tdd-downlink-location_3/raw-downlink/veh-001/response bytes=1056 forwarded=1
1787003309.429937 publish topic=edge4av/airspan-tdd-downlink-location_3/raw-downlink/veh-001/request bytes=28 forwarded=1
1787003309.430676 publish topic=edge4av/airspan-tdd-downlink-location_3/raw-downlink/veh-001/response bytes=1056 forwarded=1
1787003309.650419 publish topic=edge4av/airspan-tdd-downlink-location_3/raw-downlink/veh-001/request bytes=28 forwarded=1
1787003309.651146 publish topic=edge4av/airspan-tdd-downlink-location_3/raw-downlink/veh-001/response bytes=1056 forwarded=1
1787003309.870697 publish topic=edge4av/airspan-tdd-downlink-location_3/raw-downlink/veh-001/request bytes=28 forwarded=1
1787003309.871433 publish topic=edge4av/airspan-tdd-downlink-location_3/raw-downlink/veh-001/response bytes=1056 forwarded=1
1787003310.100782 publish topic=edge4av/airspan-tdd-downlink-location_3/raw-downlink/veh-001/request bytes=28 forwarded=1
1787003310.101480 publish topic=edge4av/airspan-tdd-downlink-location_3/raw-downlink/veh-001/response bytes=1056 forwarded=1
1787003310.331245 publish topic=edge4av/airspan-tdd-downlink-location_3/raw-downlink/veh-001/request bytes=28 forwarded=1
1787003310.331975 publish topic=edge4av/airspan-tdd-downlink-location_3/raw-downlink/veh-001/response bytes=1056 forwarded=1
1787003310.551200 publish topic=edge4av/airspan-tdd-downlink-location_3/raw-downlink/veh-001/request bytes=28 forwarded=1
1787003310.551708 publish topic=edge4av/airspan-tdd-downlink-location_3/raw-downlink/veh-001/response bytes=1056 forwarded=1
1787003310.771663 publish topic=edge4av/airspan-tdd-downlink-location_3/raw-downlink/veh-001/request bytes=28 forwarded=1
1787003310.772071 publish topic=edge4av/airspan-tdd-downlink-location_3/raw-downlink/veh-001/response bytes=1056 forwarded=1
1787003311.012151 publish topic=edge4av/airspan-tdd-downlink-location_3/raw-downlink/veh-001/request bytes=28 forwarded=1
1787003311.012965 publish topic=edge4av/airspan-tdd-downlink-location_3/raw-downlink/veh-001/response bytes=1056 forwarded=1
1787003311.252067 publish topic=edge4av/airspan-tdd-downlink-location_3/raw-downlink/veh-001/request bytes=28 forwarded=1
1787003311.252776 publish topic=edge4av/airspan-tdd-downlink-location_3/raw-downlink/veh-001/response bytes=1056 forwarded=1
1787003311.482351 publish topic=edge4av/airspan-tdd-downlink-location_3/raw-downlink/veh-001/request bytes=28 forwarded=1
1787003311.483127 publish topic=edge4av/airspan-tdd-downlink-location_3/raw-downlink/veh-001/response bytes=1056 forwarded=1
1787003311.712642 publish topic=edge4av/airspan-tdd-downlink-location_3/raw-downlink/veh-001/request bytes=28 forwarded=1
1787003311.712885 publish topic=edge4av/airspan-tdd-downlink-location_3/raw-downlink/veh-001/response bytes=1056 forwarded=1
1787003311.943040 publish topic=edge4av/airspan-tdd-downlink-location_3/raw-downlink/veh-001/request bytes=28 forwarded=1
1787003311.943730 publish topic=edge4av/airspan-tdd-downlink-location_3/raw-downlink/veh-001/response bytes=1056 forwarded=1
1787003312.183118 publish topic=edge4av/airspan-tdd-downlink-location_3/raw-downlink/veh-001/request bytes=28 forwarded=1
1787003312.183337 publish topic=edge4av/airspan-tdd-downlink-location_3/raw-downlink/veh-001/response bytes=1056 forwarded=1
1787003312.413388 publish topic=edge4av/airspan-tdd-downlink-location_3/raw-downlink/veh-001/request bytes=28 forwarded=1
1787003312.413821 publish topic=edge4av/airspan-tdd-downlink-location_3/raw-downlink/veh-001/response bytes=1056 forwarded=1
1787003312.643982 publish topic=edge4av/airspan-tdd-downlink-location_3/raw-downlink/veh-001/request bytes=28 forwarded=1
1787003312.644692 publish topic=edge4av/airspan-tdd-downlink-location_3/raw-downlink/veh-001/response bytes=1056 forwarded=1
1787003312.894320 publish topic=edge4av/airspan-tdd-downlink-location_3/raw-downlink/veh-001/request bytes=28 forwarded=1
1787003312.895020 publish topic=edge4av/airspan-tdd-downlink-location_3/raw-downlink/veh-001/response bytes=1056 forwarded=1
1787003313.134281 publish topic=edge4av/airspan-tdd-downlink-location_3/raw-downlink/veh-001/request bytes=28 forwarded=1
1787003313.134974 publish topic=edge4av/airspan-tdd-downlink-location_3/raw-downlink/veh-001/response bytes=1056 forwarded=1
1787003313.354780 publish topic=edge4av/airspan-tdd-downlink-location_3/raw-downlink/veh-001/request bytes=28 forwarded=1
1787003313.355465 publish topic=edge4av/airspan-tdd-downlink-location_3/raw-downlink/veh-001/response bytes=1056 forwarded=1
1787003313.574573 publish topic=edge4av/airspan-tdd-downlink-location_3/raw-downlink/veh-001/request bytes=28 forwarded=1
1787003313.574888 publish topic=edge4av/airspan-tdd-downlink-location_3/raw-downlink/veh-001/response bytes=1056 forwarded=1
1787003313.805069 publish topic=edge4av/airspan-tdd-downlink-location_3/raw-downlink/veh-001/request bytes=28 forwarded=1
1787003313.805768 publish topic=edge4av/airspan-tdd-downlink-location_3/raw-downlink/veh-001/response bytes=1056 forwarded=1
1787003314.025315 publish topic=edge4av/airspan-tdd-downlink-location_3/raw-downlink/veh-001/request bytes=28 forwarded=1
1787003314.025995 publish topic=edge4av/airspan-tdd-downlink-location_3/raw-downlink/veh-001/response bytes=1056 forwarded=1
1787003314.245724 publish topic=edge4av/airspan-tdd-downlink-location_3/raw-downlink/veh-001/request bytes=28 forwarded=1
1787003314.246455 publish topic=edge4av/airspan-tdd-downlink-location_3/raw-downlink/veh-001/response bytes=1056 forwarded=1
1787003314.476036 publish topic=edge4av/airspan-tdd-downlink-location_3/raw-downlink/veh-001/request bytes=28 forwarded=1
1787003314.476817 publish topic=edge4av/airspan-tdd-downlink-location_3/raw-downlink/veh-001/response bytes=1056 forwarded=1
1787003314.695892 publish topic=edge4av/airspan-tdd-downlink-location_3/raw-downlink/veh-001/request bytes=28 forwarded=1
1787003314.696231 publish topic=edge4av/airspan-tdd-downlink-location_3/raw-downlink/veh-001/response bytes=1056 forwarded=1
1787003314.926507 publish topic=edge4av/airspan-tdd-downlink-location_3/raw-downlink/veh-001/request bytes=28 forwarded=1
1787003314.927171 publish topic=edge4av/airspan-tdd-downlink-location_3/raw-downlink/veh-001/response bytes=1056 forwarded=1
1787003315.146806 publish topic=edge4av/airspan-tdd-downlink-location_3/raw-downlink/veh-001/request bytes=28 forwarded=1
1787003315.147481 publish topic=edge4av/airspan-tdd-downlink-location_3/raw-downlink/veh-001/response bytes=1056 forwarded=1
1787003315.366835 publish topic=edge4av/airspan-tdd-downlink-location_3/raw-downlink/veh-001/request bytes=28 forwarded=1
1787003315.368126 publish topic=edge4av/airspan-tdd-downlink-location_3/raw-downlink/veh-001/response bytes=1056 forwarded=1
1787003315.586908 publish topic=edge4av/airspan-tdd-downlink-location_3/raw-downlink/veh-001/request bytes=28 forwarded=1
1787003315.587347 publish topic=edge4av/airspan-tdd-downlink-location_3/raw-downlink/veh-001/response bytes=1056 forwarded=1
1787003315.817340 publish topic=edge4av/airspan-tdd-downlink-location_3/raw-downlink/veh-001/request bytes=28 forwarded=1
1787003315.818083 publish topic=edge4av/airspan-tdd-downlink-location_3/raw-downlink/veh-001/response bytes=1056 forwarded=1
1787003316.047535 publish topic=edge4av/airspan-tdd-downlink-location_3/raw-downlink/veh-001/request bytes=28 forwarded=1
1787003316.048327 publish topic=edge4av/airspan-tdd-downlink-location_3/raw-downlink/veh-001/response bytes=1056 forwarded=1
1787003316.288135 publish topic=edge4av/airspan-tdd-downlink-location_3/raw-downlink/veh-001/request bytes=28 forwarded=1
1787003316.288852 publish topic=edge4av/airspan-tdd-downlink-location_3/raw-downlink/veh-001/response bytes=1056 forwarded=1
1787003316.528326 publish topic=edge4av/airspan-tdd-downlink-location_3/raw-downlink/veh-001/request bytes=28 forwarded=1
1787003316.529095 publish topic=edge4av/airspan-tdd-downlink-location_3/raw-downlink/veh-001/response bytes=1056 forwarded=1
1787003316.768511 publish topic=edge4av/airspan-tdd-downlink-location_3/raw-downlink/veh-001/request bytes=28 forwarded=1
1787003316.769266 publish topic=edge4av/airspan-tdd-downlink-location_3/raw-downlink/veh-001/response bytes=1056 forwarded=1
1787003316.988507 publish topic=edge4av/airspan-tdd-downlink-location_3/raw-downlink/veh-001/request bytes=28 forwarded=1
1787003316.988782 publish topic=edge4av/airspan-tdd-downlink-location_3/raw-downlink/veh-001/response bytes=1056 forwarded=1
1787003317.219352 publish topic=edge4av/airspan-tdd-downlink-location_3/raw-downlink/veh-001/request bytes=28 forwarded=1
1787003317.220040 publish topic=edge4av/airspan-tdd-downlink-location_3/raw-downlink/veh-001/response bytes=1056 forwarded=1
1787003317.459411 publish topic=edge4av/airspan-tdd-downlink-location_3/raw-downlink/veh-001/request bytes=28 forwarded=1
1787003317.460150 publish topic=edge4av/airspan-tdd-downlink-location_3/raw-downlink/veh-001/response bytes=1056 forwarded=1
1787003317.689830 publish topic=edge4av/airspan-tdd-downlink-location_3/raw-downlink/veh-001/request bytes=28 forwarded=1
1787003317.690537 publish topic=edge4av/airspan-tdd-downlink-location_3/raw-downlink/veh-001/response bytes=1056 forwarded=1
1787003317.930014 publish topic=edge4av/airspan-tdd-downlink-location_3/raw-downlink/veh-001/request bytes=28 forwarded=1
1787003317.930754 publish topic=edge4av/airspan-tdd-downlink-location_3/raw-downlink/veh-001/response bytes=1056 forwarded=1
1787003318.150038 publish topic=edge4av/airspan-tdd-downlink-location_3/raw-downlink/veh-001/request bytes=28 forwarded=1
1787003318.150503 publish topic=edge4av/airspan-tdd-downlink-location_3/raw-downlink/veh-001/response bytes=1056 forwarded=1
1787003318.370481 publish topic=edge4av/airspan-tdd-downlink-location_3/raw-downlink/veh-001/request bytes=28 forwarded=1
1787003318.371177 publish topic=edge4av/airspan-tdd-downlink-location_3/raw-downlink/veh-001/response bytes=1056 forwarded=1
1787003318.600504 publish topic=edge4av/airspan-tdd-downlink-location_3/raw-downlink/veh-001/request bytes=28 forwarded=1
1787003318.600960 publish topic=edge4av/airspan-tdd-downlink-location_3/raw-downlink/veh-001/response bytes=1056 forwarded=1
1787003318.820948 publish topic=edge4av/airspan-tdd-downlink-location_3/raw-downlink/veh-001/request bytes=28 forwarded=1
1787003318.821654 publish topic=edge4av/airspan-tdd-downlink-location_3/raw-downlink/veh-001/response bytes=1056 forwarded=1
1787003319.051305 publish topic=edge4av/airspan-tdd-downlink-location_3/raw-downlink/veh-001/request bytes=28 forwarded=1
1787003319.052024 publish topic=edge4av/airspan-tdd-downlink-location_3/raw-downlink/veh-001/response bytes=1056 forwarded=1
1787003319.291381 publish topic=edge4av/airspan-tdd-downlink-location_3/raw-downlink/veh-001/request bytes=28 forwarded=1
1787003319.291761 publish topic=edge4av/airspan-tdd-downlink-location_3/raw-downlink/veh-001/response bytes=1056 forwarded=1
1787003319.531724 publish topic=edge4av/airspan-tdd-downlink-location_3/raw-downlink/veh-001/request bytes=28 forwarded=1
1787003319.532460 publish topic=edge4av/airspan-tdd-downlink-location_3/raw-downlink/veh-001/response bytes=1056 forwarded=1
1787003319.772251 publish topic=edge4av/airspan-tdd-downlink-location_3/raw-downlink/veh-001/request bytes=28 forwarded=1
1787003319.773022 publish topic=edge4av/airspan-tdd-downlink-location_3/raw-downlink/veh-001/response bytes=1056 forwarded=1
1787003320.002260 publish topic=edge4av/airspan-tdd-downlink-location_3/raw-downlink/veh-001/request bytes=28 forwarded=1
1787003320.002573 publish topic=edge4av/airspan-tdd-downlink-location_3/raw-downlink/veh-001/response bytes=1056 forwarded=1
1787003320.232681 publish topic=edge4av/airspan-tdd-downlink-location_3/raw-downlink/veh-001/request bytes=28 forwarded=1
1787003320.233430 publish topic=edge4av/airspan-tdd-downlink-location_3/raw-downlink/veh-001/response bytes=1056 forwarded=1
1787003320.462795 publish topic=edge4av/airspan-tdd-downlink-location_3/raw-downlink/veh-001/request bytes=28 forwarded=1
1787003320.463422 publish topic=edge4av/airspan-tdd-downlink-location_3/raw-downlink/veh-001/response bytes=1056 forwarded=1
1787003320.693106 publish topic=edge4av/airspan-tdd-downlink-location_3/raw-downlink/veh-001/request bytes=28 forwarded=1
1787003320.693846 publish topic=edge4av/airspan-tdd-downlink-location_3/raw-downlink/veh-001/response bytes=1056 forwarded=1
1787003320.933582 publish topic=edge4av/airspan-tdd-downlink-location_3/raw-downlink/veh-001/request bytes=28 forwarded=1
1787003320.934293 publish topic=edge4av/airspan-tdd-downlink-location_3/raw-downlink/veh-001/response bytes=1056 forwarded=1
1787003321.163739 publish topic=edge4av/airspan-tdd-downlink-location_3/raw-downlink/veh-001/request bytes=28 forwarded=1
1787003321.164497 publish topic=edge4av/airspan-tdd-downlink-location_3/raw-downlink/veh-001/response bytes=1056 forwarded=1
1787003321.393977 publish topic=edge4av/airspan-tdd-downlink-location_3/raw-downlink/veh-001/request bytes=28 forwarded=1
1787003321.394714 publish topic=edge4av/airspan-tdd-downlink-location_3/raw-downlink/veh-001/response bytes=1056 forwarded=1
1787003321.624363 publish topic=edge4av/airspan-tdd-downlink-location_3/raw-downlink/veh-001/request bytes=28 forwarded=1
1787003321.624861 publish topic=edge4av/airspan-tdd-downlink-location_3/raw-downlink/veh-001/response bytes=1056 forwarded=1
1787003321.844663 publish topic=edge4av/airspan-tdd-downlink-location_3/raw-downlink/veh-001/request bytes=28 forwarded=1
1787003321.845489 publish topic=edge4av/airspan-tdd-downlink-location_3/raw-downlink/veh-001/response bytes=1056 forwarded=1
1787003322.064859 publish topic=edge4av/airspan-tdd-downlink-location_3/raw-downlink/veh-001/request bytes=28 forwarded=1
1787003322.065598 publish topic=edge4av/airspan-tdd-downlink-location_3/raw-downlink/veh-001/response bytes=1056 forwarded=1
1787003322.284943 publish topic=edge4av/airspan-tdd-downlink-location_3/raw-downlink/veh-001/request bytes=28 forwarded=1
1787003322.285220 publish topic=edge4av/airspan-tdd-downlink-location_3/raw-downlink/veh-001/response bytes=1056 forwarded=1
1787003322.505332 publish topic=edge4av/airspan-tdd-downlink-location_3/raw-downlink/veh-001/request bytes=28 forwarded=1
1787003322.506073 publish topic=edge4av/airspan-tdd-downlink-location_3/raw-downlink/veh-001/response bytes=1056 forwarded=1
1787003322.725732 publish topic=edge4av/airspan-tdd-downlink-location_3/raw-downlink/veh-001/request bytes=28 forwarded=1
1787003322.726194 publish topic=edge4av/airspan-tdd-downlink-location_3/raw-downlink/veh-001/response bytes=1056 forwarded=1
1787003322.945897 publish topic=edge4av/airspan-tdd-downlink-location_3/raw-downlink/veh-001/request bytes=28 forwarded=1
1787003322.946142 publish topic=edge4av/airspan-tdd-downlink-location_3/raw-downlink/veh-001/response bytes=1056 forwarded=1
1787003323.166350 publish topic=edge4av/airspan-tdd-downlink-location_3/raw-downlink/veh-001/request bytes=28 forwarded=1
1787003323.167076 publish topic=edge4av/airspan-tdd-downlink-location_3/raw-downlink/veh-001/response bytes=1056 forwarded=1
1787003323.406587 publish topic=edge4av/airspan-tdd-downlink-location_3/raw-downlink/veh-001/request bytes=28 forwarded=1
1787003323.407369 publish topic=edge4av/airspan-tdd-downlink-location_3/raw-downlink/veh-001/response bytes=1056 forwarded=1
1787003323.626879 publish topic=edge4av/airspan-tdd-downlink-location_3/raw-downlink/veh-001/request bytes=28 forwarded=1
1787003323.627281 publish topic=edge4av/airspan-tdd-downlink-location_3/raw-downlink/veh-001/response bytes=1056 forwarded=1
1787003323.847028 publish topic=edge4av/airspan-tdd-downlink-location_3/raw-downlink/veh-001/request bytes=28 forwarded=1
1787003323.847380 publish topic=edge4av/airspan-tdd-downlink-location_3/raw-downlink/veh-001/response bytes=1056 forwarded=1
1787003324.067365 publish topic=edge4av/airspan-tdd-downlink-location_3/raw-downlink/veh-001/request bytes=28 forwarded=1
1787003324.068100 publish topic=edge4av/airspan-tdd-downlink-location_3/raw-downlink/veh-001/response bytes=1056 forwarded=1
1787003324.287576 publish topic=edge4av/airspan-tdd-downlink-location_3/raw-downlink/veh-001/request bytes=28 forwarded=1
1787003324.288258 publish topic=edge4av/airspan-tdd-downlink-location_3/raw-downlink/veh-001/response bytes=1056 forwarded=1
1787003324.507925 publish topic=edge4av/airspan-tdd-downlink-location_3/raw-downlink/veh-001/request bytes=28 forwarded=1
1787003324.508768 publish topic=edge4av/airspan-tdd-downlink-location_3/raw-downlink/veh-001/response bytes=1056 forwarded=1
1787003324.728240 publish topic=edge4av/airspan-tdd-downlink-location_3/raw-downlink/veh-001/request bytes=28 forwarded=1
1787003324.729016 publish topic=edge4av/airspan-tdd-downlink-location_3/raw-downlink/veh-001/response bytes=1056 forwarded=1
1787003324.948269 publish topic=edge4av/airspan-tdd-downlink-location_3/raw-downlink/veh-001/request bytes=28 forwarded=1
1787003324.949127 publish topic=edge4av/airspan-tdd-downlink-location_3/raw-downlink/veh-001/response bytes=1056 forwarded=1
1787003325.168575 publish topic=edge4av/airspan-tdd-downlink-location_3/raw-downlink/veh-001/request bytes=28 forwarded=1
1787003325.169363 publish topic=edge4av/airspan-tdd-downlink-location_3/raw-downlink/veh-001/response bytes=1056 forwarded=1
1787003325.409075 publish topic=edge4av/airspan-tdd-downlink-location_3/raw-downlink/veh-001/request bytes=28 forwarded=1
1787003325.409795 publish topic=edge4av/airspan-tdd-downlink-location_3/raw-downlink/veh-001/response bytes=1056 forwarded=1
1787003325.629068 publish topic=edge4av/airspan-tdd-downlink-location_3/raw-downlink/veh-001/request bytes=28 forwarded=1
1787003325.629788 publish topic=edge4av/airspan-tdd-downlink-location_3/raw-downlink/veh-001/response bytes=1056 forwarded=1
1787003325.849423 publish topic=edge4av/airspan-tdd-downlink-location_3/raw-downlink/veh-001/request bytes=28 forwarded=1
1787003325.850152 publish topic=edge4av/airspan-tdd-downlink-location_3/raw-downlink/veh-001/response bytes=1056 forwarded=1
1787003326.069401 publish topic=edge4av/airspan-tdd-downlink-location_3/raw-downlink/veh-001/request bytes=28 forwarded=1
1787003326.069668 publish topic=edge4av/airspan-tdd-downlink-location_3/raw-downlink/veh-001/response bytes=1056 forwarded=1
1787003326.299856 publish topic=edge4av/airspan-tdd-downlink-location_3/raw-downlink/veh-001/request bytes=28 forwarded=1
1787003326.300558 publish topic=edge4av/airspan-tdd-downlink-location_3/raw-downlink/veh-001/response bytes=1056 forwarded=1
1787003326.530324 publish topic=edge4av/airspan-tdd-downlink-location_3/raw-downlink/veh-001/request bytes=28 forwarded=1
1787003326.531008 publish topic=edge4av/airspan-tdd-downlink-location_3/raw-downlink/veh-001/response bytes=1056 forwarded=1
1787003326.750695 publish topic=edge4av/airspan-tdd-downlink-location_3/raw-downlink/veh-001/request bytes=28 forwarded=1
1787003326.751436 publish topic=edge4av/airspan-tdd-downlink-location_3/raw-downlink/veh-001/response bytes=1056 forwarded=1
1787003326.980977 publish topic=edge4av/airspan-tdd-downlink-location_3/raw-downlink/veh-001/request bytes=28 forwarded=1
1787003326.981869 publish topic=edge4av/airspan-tdd-downlink-location_3/raw-downlink/veh-001/response bytes=1056 forwarded=1
1787003327.210864 publish topic=edge4av/airspan-tdd-downlink-location_3/raw-downlink/veh-001/request bytes=28 forwarded=1
1787003327.211089 publish topic=edge4av/airspan-tdd-downlink-location_3/raw-downlink/veh-001/response bytes=1056 forwarded=1
1787003327.431204 publish topic=edge4av/airspan-tdd-downlink-location_3/raw-downlink/veh-001/request bytes=28 forwarded=1
1787003327.431901 publish topic=edge4av/airspan-tdd-downlink-location_3/raw-downlink/veh-001/response bytes=1056 forwarded=1
1787003327.651816 publish topic=edge4av/airspan-tdd-downlink-location_3/raw-downlink/veh-001/request bytes=28 forwarded=1
1787003327.652571 publish topic=edge4av/airspan-tdd-downlink-location_3/raw-downlink/veh-001/response bytes=1056 forwarded=1
1787003327.881856 publish topic=edge4av/airspan-tdd-downlink-location_3/raw-downlink/veh-001/request bytes=28 forwarded=1
1787003327.882562 publish topic=edge4av/airspan-tdd-downlink-location_3/raw-downlink/veh-001/response bytes=1056 forwarded=1
1787003328.112108 publish topic=edge4av/airspan-tdd-downlink-location_3/raw-downlink/veh-001/request bytes=28 forwarded=1
1787003328.112893 publish topic=edge4av/airspan-tdd-downlink-location_3/raw-downlink/veh-001/response bytes=1056 forwarded=1
1787003328.342171 publish topic=edge4av/airspan-tdd-downlink-location_3/raw-downlink/veh-001/request bytes=28 forwarded=1
1787003328.342546 publish topic=edge4av/airspan-tdd-downlink-location_3/raw-downlink/veh-001/response bytes=1056 forwarded=1
1787003328.572456 publish topic=edge4av/airspan-tdd-downlink-location_3/raw-downlink/veh-001/request bytes=28 forwarded=1
1787003328.572801 publish topic=edge4av/airspan-tdd-downlink-location_3/raw-downlink/veh-001/response bytes=1056 forwarded=1
1787003328.812817 publish topic=edge4av/airspan-tdd-downlink-location_3/raw-downlink/veh-001/request bytes=28 forwarded=1
1787003328.813213 publish topic=edge4av/airspan-tdd-downlink-location_3/raw-downlink/veh-001/response bytes=1056 forwarded=1
1787003329.043215 publish topic=edge4av/airspan-tdd-downlink-location_3/raw-downlink/veh-001/request bytes=28 forwarded=1
1787003329.043894 publish topic=edge4av/airspan-tdd-downlink-location_3/raw-downlink/veh-001/response bytes=1056 forwarded=1
1787003329.283585 publish topic=edge4av/airspan-tdd-downlink-location_3/raw-downlink/veh-001/request bytes=28 forwarded=1
1787003329.283978 publish topic=edge4av/airspan-tdd-downlink-location_3/raw-downlink/veh-001/response bytes=1056 forwarded=1
1787003329.503591 publish topic=edge4av/airspan-tdd-downlink-location_3/raw-downlink/veh-001/request bytes=28 forwarded=1
1787003329.503956 publish topic=edge4av/airspan-tdd-downlink-location_3/raw-downlink/veh-001/response bytes=1056 forwarded=1
1787003329.734168 publish topic=edge4av/airspan-tdd-downlink-location_3/raw-downlink/veh-001/request bytes=28 forwarded=1
1787003329.735115 publish topic=edge4av/airspan-tdd-downlink-location_3/raw-downlink/veh-001/response bytes=1056 forwarded=1
1787003329.974431 publish topic=edge4av/airspan-tdd-downlink-location_3/raw-downlink/veh-001/request bytes=28 forwarded=1
1787003329.975160 publish topic=edge4av/airspan-tdd-downlink-location_3/raw-downlink/veh-001/response bytes=1056 forwarded=1
1787003330.204825 publish topic=edge4av/airspan-tdd-downlink-location_3/raw-downlink/veh-001/request bytes=28 forwarded=1
1787003330.205499 publish topic=edge4av/airspan-tdd-downlink-location_3/raw-downlink/veh-001/response bytes=1056 forwarded=1
1787003330.425154 publish topic=edge4av/airspan-tdd-downlink-location_3/raw-downlink/veh-001/request bytes=28 forwarded=1
1787003330.425834 publish topic=edge4av/airspan-tdd-downlink-location_3/raw-downlink/veh-001/response bytes=1056 forwarded=1
1787003330.645265 publish topic=edge4av/airspan-tdd-downlink-location_3/raw-downlink/veh-001/request bytes=28 forwarded=1
1787003330.645984 publish topic=edge4av/airspan-tdd-downlink-location_3/raw-downlink/veh-001/response bytes=1056 forwarded=1
1787003330.865768 publish topic=edge4av/airspan-tdd-downlink-location_3/raw-downlink/veh-001/request bytes=28 forwarded=1
1787003330.866433 publish topic=edge4av/airspan-tdd-downlink-location_3/raw-downlink/veh-001/response bytes=1056 forwarded=1
1787003331.095752 publish topic=edge4av/airspan-tdd-downlink-location_3/raw-downlink/veh-001/request bytes=28 forwarded=1
1787003331.096007 publish topic=edge4av/airspan-tdd-downlink-location_3/raw-downlink/veh-001/response bytes=1056 forwarded=1
1787003331.326022 publish topic=edge4av/airspan-tdd-downlink-location_3/raw-downlink/veh-001/request bytes=28 forwarded=1
1787003331.326718 publish topic=edge4av/airspan-tdd-downlink-location_3/raw-downlink/veh-001/response bytes=1056 forwarded=1
1787003331.546283 publish topic=edge4av/airspan-tdd-downlink-location_3/raw-downlink/veh-001/request bytes=28 forwarded=1
1787003331.546959 publish topic=edge4av/airspan-tdd-downlink-location_3/raw-downlink/veh-001/response bytes=1056 forwarded=1
1787003331.766590 publish topic=edge4av/airspan-tdd-downlink-location_3/raw-downlink/veh-001/request bytes=28 forwarded=1
1787003331.767262 publish topic=edge4av/airspan-tdd-downlink-location_3/raw-downlink/veh-001/response bytes=1056 forwarded=1
1787003331.986747 publish topic=edge4av/airspan-tdd-downlink-location_3/raw-downlink/veh-001/request bytes=28 forwarded=1
1787003331.987482 publish topic=edge4av/airspan-tdd-downlink-location_3/raw-downlink/veh-001/response bytes=1056 forwarded=1
1787003332.207431 publish topic=edge4av/airspan-tdd-downlink-location_3/raw-downlink/veh-001/request bytes=28 forwarded=1
1787003332.208104 publish topic=edge4av/airspan-tdd-downlink-location_3/raw-downlink/veh-001/response bytes=1056 forwarded=1
1787003332.427465 publish topic=edge4av/airspan-tdd-downlink-location_3/raw-downlink/veh-001/request bytes=28 forwarded=1
1787003332.427807 publish topic=edge4av/airspan-tdd-downlink-location_3/raw-downlink/veh-001/response bytes=1056 forwarded=1
1787003332.647692 publish topic=edge4av/airspan-tdd-downlink-location_3/raw-downlink/veh-001/request bytes=28 forwarded=1
1787003332.648360 publish topic=edge4av/airspan-tdd-downlink-location_3/raw-downlink/veh-001/response bytes=1056 forwarded=1
1787003332.867867 publish topic=edge4av/airspan-tdd-downlink-location_3/raw-downlink/veh-001/request bytes=28 forwarded=1
1787003332.868552 publish topic=edge4av/airspan-tdd-downlink-location_3/raw-downlink/veh-001/response bytes=1056 forwarded=1
1787003333.088088 publish topic=edge4av/airspan-tdd-downlink-location_3/raw-downlink/veh-001/request bytes=28 forwarded=1
1787003333.088789 publish topic=edge4av/airspan-tdd-downlink-location_3/raw-downlink/veh-001/response bytes=1056 forwarded=1
1787003333.318450 publish topic=edge4av/airspan-tdd-downlink-location_3/raw-downlink/veh-001/request bytes=28 forwarded=1
1787003333.319152 publish topic=edge4av/airspan-tdd-downlink-location_3/raw-downlink/veh-001/response bytes=1056 forwarded=1
1787003333.538562 publish topic=edge4av/airspan-tdd-downlink-location_3/raw-downlink/veh-001/request bytes=28 forwarded=1
1787003333.538903 publish topic=edge4av/airspan-tdd-downlink-location_3/raw-downlink/veh-001/response bytes=1056 forwarded=1
1787003333.769134 publish topic=edge4av/airspan-tdd-downlink-location_3/raw-downlink/veh-001/request bytes=28 forwarded=1
1787003333.769806 publish topic=edge4av/airspan-tdd-downlink-location_3/raw-downlink/veh-001/response bytes=1056 forwarded=1
1787003333.989393 publish topic=edge4av/airspan-tdd-downlink-location_3/raw-downlink/veh-001/request bytes=28 forwarded=1
1787003333.990135 publish topic=edge4av/airspan-tdd-downlink-location_3/raw-downlink/veh-001/response bytes=1056 forwarded=1
1787003334.209844 publish topic=edge4av/airspan-tdd-downlink-location_3/raw-downlink/veh-001/request bytes=28 forwarded=1
1787003334.210548 publish topic=edge4av/airspan-tdd-downlink-location_3/raw-downlink/veh-001/response bytes=1056 forwarded=1
1787003334.430010 publish topic=edge4av/airspan-tdd-downlink-location_3/raw-downlink/veh-001/request bytes=28 forwarded=1
1787003334.430707 publish topic=edge4av/airspan-tdd-downlink-location_3/raw-downlink/veh-001/response bytes=1056 forwarded=1
1787003334.660134 publish topic=edge4av/airspan-tdd-downlink-location_3/raw-downlink/veh-001/request bytes=28 forwarded=1
1787003334.660455 publish topic=edge4av/airspan-tdd-downlink-location_3/raw-downlink/veh-001/response bytes=1056 forwarded=1
1787003334.890639 publish topic=edge4av/airspan-tdd-downlink-location_3/raw-downlink/veh-001/request bytes=28 forwarded=1
1787003334.891333 publish topic=edge4av/airspan-tdd-downlink-location_3/raw-downlink/veh-001/response bytes=1056 forwarded=1
1787003335.110783 publish topic=edge4av/airspan-tdd-downlink-location_3/raw-downlink/veh-001/request bytes=28 forwarded=1
1787003335.111521 publish topic=edge4av/airspan-tdd-downlink-location_3/raw-downlink/veh-001/response bytes=1056 forwarded=1
1787003335.341032 publish topic=edge4av/airspan-tdd-downlink-location_3/raw-downlink/veh-001/request bytes=28 forwarded=1
1787003335.341741 publish topic=edge4av/airspan-tdd-downlink-location_3/raw-downlink/veh-001/response bytes=1056 forwarded=1
1787003335.581123 publish topic=edge4av/airspan-tdd-downlink-location_3/raw-downlink/veh-001/request bytes=28 forwarded=1
1787003335.581481 publish topic=edge4av/airspan-tdd-downlink-location_3/raw-downlink/veh-001/response bytes=1056 forwarded=1
1787003335.811391 publish topic=edge4av/airspan-tdd-downlink-location_3/raw-downlink/veh-001/request bytes=28 forwarded=1
1787003335.811728 publish topic=edge4av/airspan-tdd-downlink-location_3/raw-downlink/veh-001/response bytes=1056 forwarded=1
1787003336.052003 publish topic=edge4av/airspan-tdd-downlink-location_3/raw-downlink/veh-001/request bytes=28 forwarded=1
1787003336.052750 publish topic=edge4av/airspan-tdd-downlink-location_3/raw-downlink/veh-001/response bytes=1056 forwarded=1
1787003336.292253 publish topic=edge4av/airspan-tdd-downlink-location_3/raw-downlink/veh-001/request bytes=28 forwarded=1
1787003336.292938 publish topic=edge4av/airspan-tdd-downlink-location_3/raw-downlink/veh-001/response bytes=1056 forwarded=1
1787003336.532365 publish topic=edge4av/airspan-tdd-downlink-location_3/raw-downlink/veh-001/request bytes=28 forwarded=1
1787003336.533113 publish topic=edge4av/airspan-tdd-downlink-location_3/raw-downlink/veh-001/response bytes=1056 forwarded=1
1787003336.772698 publish topic=edge4av/airspan-tdd-downlink-location_3/raw-downlink/veh-001/request bytes=28 forwarded=1
1787003336.773392 publish topic=edge4av/airspan-tdd-downlink-location_3/raw-downlink/veh-001/response bytes=1056 forwarded=1
1787003337.003043 publish topic=edge4av/airspan-tdd-downlink-location_3/raw-downlink/veh-001/request bytes=28 forwarded=1
1787003337.003744 publish topic=edge4av/airspan-tdd-downlink-location_3/raw-downlink/veh-001/response bytes=1056 forwarded=1
1787003337.233668 publish topic=edge4av/airspan-tdd-downlink-location_3/raw-downlink/veh-001/request bytes=28 forwarded=1
1787003337.234749 publish topic=edge4av/airspan-tdd-downlink-location_3/raw-downlink/veh-001/response bytes=1056 forwarded=1
1787003337.463604 publish topic=edge4av/airspan-tdd-downlink-location_3/raw-downlink/veh-001/request bytes=28 forwarded=1
1787003337.464448 publish topic=edge4av/airspan-tdd-downlink-location_3/raw-downlink/veh-001/response bytes=1056 forwarded=1
1787003337.693918 publish topic=edge4av/airspan-tdd-downlink-location_3/raw-downlink/veh-001/request bytes=28 forwarded=1
1787003337.694641 publish topic=edge4av/airspan-tdd-downlink-location_3/raw-downlink/veh-001/response bytes=1056 forwarded=1
1787003337.934239 publish topic=edge4av/airspan-tdd-downlink-location_3/raw-downlink/veh-001/request bytes=28 forwarded=1
1787003337.934919 publish topic=edge4av/airspan-tdd-downlink-location_3/raw-downlink/veh-001/response bytes=1056 forwarded=1
1787003338.174468 publish topic=edge4av/airspan-tdd-downlink-location_3/raw-downlink/veh-001/request bytes=28 forwarded=1
1787003338.175174 publish topic=edge4av/airspan-tdd-downlink-location_3/raw-downlink/veh-001/response bytes=1056 forwarded=1
1787003338.404766 publish topic=edge4av/airspan-tdd-downlink-location_3/raw-downlink/veh-001/request bytes=28 forwarded=1
1787003338.405394 publish topic=edge4av/airspan-tdd-downlink-location_3/raw-downlink/veh-001/response bytes=1056 forwarded=1
1787003338.624820 publish topic=edge4av/airspan-tdd-downlink-location_3/raw-downlink/veh-001/request bytes=28 forwarded=1
1787003338.625088 publish topic=edge4av/airspan-tdd-downlink-location_3/raw-downlink/veh-001/response bytes=1056 forwarded=1
1787003338.845241 publish topic=edge4av/airspan-tdd-downlink-location_3/raw-downlink/veh-001/request bytes=28 forwarded=1
1787003338.845508 publish topic=edge4av/airspan-tdd-downlink-location_3/raw-downlink/veh-001/response bytes=1056 forwarded=1
1787003339.065785 publish topic=edge4av/airspan-tdd-downlink-location_3/raw-downlink/veh-001/request bytes=28 forwarded=1
1787003339.067088 publish topic=edge4av/airspan-tdd-downlink-location_3/raw-downlink/veh-001/response bytes=1056 forwarded=1
1787003339.296022 publish topic=edge4av/airspan-tdd-downlink-location_3/raw-downlink/veh-001/request bytes=28 forwarded=1
1787003339.296716 publish topic=edge4av/airspan-tdd-downlink-location_3/raw-downlink/veh-001/response bytes=1056 forwarded=1
1787003339.526071 publish topic=edge4av/airspan-tdd-downlink-location_3/raw-downlink/veh-001/request bytes=28 forwarded=1
1787003339.526693 publish topic=edge4av/airspan-tdd-downlink-location_3/raw-downlink/veh-001/response bytes=1056 forwarded=1
1787003339.746459 publish topic=edge4av/airspan-tdd-downlink-location_3/raw-downlink/veh-001/request bytes=28 forwarded=1
1787003339.746845 publish topic=edge4av/airspan-tdd-downlink-location_3/raw-downlink/veh-001/response bytes=1056 forwarded=1
1787003339.976941 publish topic=edge4av/airspan-tdd-downlink-location_3/raw-downlink/veh-001/request bytes=28 forwarded=1
1787003339.977629 publish topic=edge4av/airspan-tdd-downlink-location_3/raw-downlink/veh-001/response bytes=1056 forwarded=1
1787003340.207361 publish topic=edge4av/airspan-tdd-downlink-location_3/raw-downlink/veh-001/request bytes=28 forwarded=1
1787003340.208063 publish topic=edge4av/airspan-tdd-downlink-location_3/raw-downlink/veh-001/response bytes=1056 forwarded=1
1787003340.427533 publish topic=edge4av/airspan-tdd-downlink-location_3/raw-downlink/veh-001/request bytes=28 forwarded=1
1787003340.428212 publish topic=edge4av/airspan-tdd-downlink-location_3/raw-downlink/veh-001/response bytes=1056 forwarded=1
1787003340.647960 publish topic=edge4av/airspan-tdd-downlink-location_3/raw-downlink/veh-001/request bytes=28 forwarded=1
1787003340.648683 publish topic=edge4av/airspan-tdd-downlink-location_3/raw-downlink/veh-001/response bytes=1056 forwarded=1
1787003340.868036 publish topic=edge4av/airspan-tdd-downlink-location_3/raw-downlink/veh-001/request bytes=28 forwarded=1
1787003340.868883 publish topic=edge4av/airspan-tdd-downlink-location_3/raw-downlink/veh-001/response bytes=1056 forwarded=1
1787003341.098469 publish topic=edge4av/airspan-tdd-downlink-location_3/raw-downlink/veh-001/request bytes=28 forwarded=1
1787003341.099151 publish topic=edge4av/airspan-tdd-downlink-location_3/raw-downlink/veh-001/response bytes=1056 forwarded=1
1787003341.328934 publish topic=edge4av/airspan-tdd-downlink-location_3/raw-downlink/veh-001/request bytes=28 forwarded=1
1787003341.329627 publish topic=edge4av/airspan-tdd-downlink-location_3/raw-downlink/veh-001/response bytes=1056 forwarded=1
1787003341.548976 publish topic=edge4av/airspan-tdd-downlink-location_3/raw-downlink/veh-001/request bytes=28 forwarded=1
1787003341.549628 publish topic=edge4av/airspan-tdd-downlink-location_3/raw-downlink/veh-001/response bytes=1056 forwarded=1
1787003341.769279 publish topic=edge4av/airspan-tdd-downlink-location_3/raw-downlink/veh-001/request bytes=28 forwarded=1
1787003341.770023 publish topic=edge4av/airspan-tdd-downlink-location_3/raw-downlink/veh-001/response bytes=1056 forwarded=1
1787003341.989818 publish topic=edge4av/airspan-tdd-downlink-location_3/raw-downlink/veh-001/request bytes=28 forwarded=1
1787003341.990506 publish topic=edge4av/airspan-tdd-downlink-location_3/raw-downlink/veh-001/response bytes=1056 forwarded=1
1787003342.209786 publish topic=edge4av/airspan-tdd-downlink-location_3/raw-downlink/veh-001/request bytes=28 forwarded=1
1787003342.210478 publish topic=edge4av/airspan-tdd-downlink-location_3/raw-downlink/veh-001/response bytes=1056 forwarded=1
1787003342.430433 publish topic=edge4av/airspan-tdd-downlink-location_3/raw-downlink/veh-001/request bytes=28 forwarded=1
1787003342.431122 publish topic=edge4av/airspan-tdd-downlink-location_3/raw-downlink/veh-001/response bytes=1056 forwarded=1
1787003342.660712 publish topic=edge4av/airspan-tdd-downlink-location_3/raw-downlink/veh-001/request bytes=28 forwarded=1
1787003342.661382 publish topic=edge4av/airspan-tdd-downlink-location_3/raw-downlink/veh-001/response bytes=1056 forwarded=1
1787003342.891117 publish topic=edge4av/airspan-tdd-downlink-location_3/raw-downlink/veh-001/request bytes=28 forwarded=1
1787003342.891826 publish topic=edge4av/airspan-tdd-downlink-location_3/raw-downlink/veh-001/response bytes=1056 forwarded=1
1787003343.130996 publish topic=edge4av/airspan-tdd-downlink-location_3/raw-downlink/veh-001/request bytes=28 forwarded=1
1787003343.131233 publish topic=edge4av/airspan-tdd-downlink-location_3/raw-downlink/veh-001/response bytes=1056 forwarded=1
1787003343.351527 publish topic=edge4av/airspan-tdd-downlink-location_3/raw-downlink/veh-001/request bytes=28 forwarded=1
1787003343.352140 publish topic=edge4av/airspan-tdd-downlink-location_3/raw-downlink/veh-001/response bytes=1056 forwarded=1
1787003343.581923 publish topic=edge4av/airspan-tdd-downlink-location_3/raw-downlink/veh-001/request bytes=28 forwarded=1
1787003343.582412 publish topic=edge4av/airspan-tdd-downlink-location_3/raw-downlink/veh-001/response bytes=1056 forwarded=1
1787003343.812072 publish topic=edge4av/airspan-tdd-downlink-location_3/raw-downlink/veh-001/request bytes=28 forwarded=1
1787003343.812745 publish topic=edge4av/airspan-tdd-downlink-location_3/raw-downlink/veh-001/response bytes=1056 forwarded=1
1787003344.032272 publish topic=edge4av/airspan-tdd-downlink-location_3/raw-downlink/veh-001/request bytes=28 forwarded=1
1787003344.032536 publish topic=edge4av/airspan-tdd-downlink-location_3/raw-downlink/veh-001/response bytes=1056 forwarded=1
1787003344.262645 publish topic=edge4av/airspan-tdd-downlink-location_3/raw-downlink/veh-001/request bytes=28 forwarded=1
1787003344.263039 publish topic=edge4av/airspan-tdd-downlink-location_3/raw-downlink/veh-001/response bytes=1056 forwarded=1
1787003344.493069 publish topic=edge4av/airspan-tdd-downlink-location_3/raw-downlink/veh-001/request bytes=28 forwarded=1
1787003344.493760 publish topic=edge4av/airspan-tdd-downlink-location_3/raw-downlink/veh-001/response bytes=1056 forwarded=1
1787003344.733801 publish topic=edge4av/airspan-tdd-downlink-location_3/raw-downlink/veh-001/request bytes=28 forwarded=1
1787003344.734492 publish topic=edge4av/airspan-tdd-downlink-location_3/raw-downlink/veh-001/response bytes=1056 forwarded=1
1787003344.974154 publish topic=edge4av/airspan-tdd-downlink-location_3/raw-downlink/veh-001/request bytes=28 forwarded=1
1787003344.974839 publish topic=edge4av/airspan-tdd-downlink-location_3/raw-downlink/veh-001/response bytes=1056 forwarded=1
1787003345.214251 publish topic=edge4av/airspan-tdd-downlink-location_3/raw-downlink/veh-001/request bytes=28 forwarded=1
1787003345.214929 publish topic=edge4av/airspan-tdd-downlink-location_3/raw-downlink/veh-001/response bytes=1056 forwarded=1
1787003345.454312 publish topic=edge4av/airspan-tdd-downlink-location_3/raw-downlink/veh-001/request bytes=28 forwarded=1
1787003345.454833 publish topic=edge4av/airspan-tdd-downlink-location_3/raw-downlink/veh-001/response bytes=1056 forwarded=1
1787003345.684985 publish topic=edge4av/airspan-tdd-downlink-location_3/raw-downlink/veh-001/request bytes=28 forwarded=1
1787003345.685681 publish topic=edge4av/airspan-tdd-downlink-location_3/raw-downlink/veh-001/response bytes=1056 forwarded=1
1787003345.905083 publish topic=edge4av/airspan-tdd-downlink-location_3/raw-downlink/veh-001/request bytes=28 forwarded=1
1787003345.905695 publish topic=edge4av/airspan-tdd-downlink-location_3/raw-downlink/veh-001/response bytes=1056 forwarded=1
1787003346.125457 publish topic=edge4av/airspan-tdd-downlink-location_3/raw-downlink/veh-001/request bytes=28 forwarded=1
1787003346.126276 publish topic=edge4av/airspan-tdd-downlink-location_3/raw-downlink/veh-001/response bytes=1056 forwarded=1
1787003346.365972 publish topic=edge4av/airspan-tdd-downlink-location_3/raw-downlink/veh-001/request bytes=28 forwarded=1
1787003346.366672 publish topic=edge4av/airspan-tdd-downlink-location_3/raw-downlink/veh-001/response bytes=1056 forwarded=1
1787003346.586044 publish topic=edge4av/airspan-tdd-downlink-location_3/raw-downlink/veh-001/request bytes=28 forwarded=1
1787003346.586406 publish topic=edge4av/airspan-tdd-downlink-location_3/raw-downlink/veh-001/response bytes=1056 forwarded=1
1787003346.806453 publish topic=edge4av/airspan-tdd-downlink-location_3/raw-downlink/veh-001/request bytes=28 forwarded=1
1787003346.807387 publish topic=edge4av/airspan-tdd-downlink-location_3/raw-downlink/veh-001/response bytes=1056 forwarded=1
1787003347.046764 publish topic=edge4av/airspan-tdd-downlink-location_3/raw-downlink/veh-001/request bytes=28 forwarded=1
1787003347.047457 publish topic=edge4av/airspan-tdd-downlink-location_3/raw-downlink/veh-001/response bytes=1056 forwarded=1
1787003347.267103 publish topic=edge4av/airspan-tdd-downlink-location_3/raw-downlink/veh-001/request bytes=28 forwarded=1
1787003347.267786 publish topic=edge4av/airspan-tdd-downlink-location_3/raw-downlink/veh-001/response bytes=1056 forwarded=1
1787003347.487406 publish topic=edge4av/airspan-tdd-downlink-location_3/raw-downlink/veh-001/request bytes=28 forwarded=1
1787003347.488120 publish topic=edge4av/airspan-tdd-downlink-location_3/raw-downlink/veh-001/response bytes=1056 forwarded=1
1787003347.717478 publish topic=edge4av/airspan-tdd-downlink-location_3/raw-downlink/veh-001/request bytes=28 forwarded=1
1787003347.717788 publish topic=edge4av/airspan-tdd-downlink-location_3/raw-downlink/veh-001/response bytes=1056 forwarded=1
1787003347.938092 publish topic=edge4av/airspan-tdd-downlink-location_3/raw-downlink/veh-001/request bytes=28 forwarded=1
1787003347.938805 publish topic=edge4av/airspan-tdd-downlink-location_3/raw-downlink/veh-001/response bytes=1056 forwarded=1
1787003348.168224 publish topic=edge4av/airspan-tdd-downlink-location_3/raw-downlink/veh-001/request bytes=28 forwarded=1
1787003348.168936 publish topic=edge4av/airspan-tdd-downlink-location_3/raw-downlink/veh-001/response bytes=1056 forwarded=1
1787003348.388469 publish topic=edge4av/airspan-tdd-downlink-location_3/raw-downlink/veh-001/request bytes=28 forwarded=1
1787003348.389145 publish topic=edge4av/airspan-tdd-downlink-location_3/raw-downlink/veh-001/response bytes=1056 forwarded=1
1787003348.608766 publish topic=edge4av/airspan-tdd-downlink-location_3/raw-downlink/veh-001/request bytes=28 forwarded=1
1787003348.609428 publish topic=edge4av/airspan-tdd-downlink-location_3/raw-downlink/veh-001/response bytes=1056 forwarded=1
1787003348.829187 publish topic=edge4av/airspan-tdd-downlink-location_3/raw-downlink/veh-001/request bytes=28 forwarded=1
1787003348.829810 publish topic=edge4av/airspan-tdd-downlink-location_3/raw-downlink/veh-001/response bytes=1056 forwarded=1
1787003349.049515 publish topic=edge4av/airspan-tdd-downlink-location_3/raw-downlink/veh-001/request bytes=28 forwarded=1
1787003349.050163 publish topic=edge4av/airspan-tdd-downlink-location_3/raw-downlink/veh-001/response bytes=1056 forwarded=1
1787003349.279731 publish topic=edge4av/airspan-tdd-downlink-location_3/raw-downlink/veh-001/request bytes=28 forwarded=1
1787003349.280201 publish topic=edge4av/airspan-tdd-downlink-location_3/raw-downlink/veh-001/response bytes=1056 forwarded=1
1787003349.500086 publish topic=edge4av/airspan-tdd-downlink-location_3/raw-downlink/veh-001/request bytes=28 forwarded=1
1787003349.500424 publish topic=edge4av/airspan-tdd-downlink-location_3/raw-downlink/veh-001/response bytes=1056 forwarded=1
1787003349.730827 publish topic=edge4av/airspan-tdd-downlink-location_3/raw-downlink/veh-001/request bytes=28 forwarded=1
1787003349.731494 publish topic=edge4av/airspan-tdd-downlink-location_3/raw-downlink/veh-001/response bytes=1056 forwarded=1
1787003349.970838 publish topic=edge4av/airspan-tdd-downlink-location_3/raw-downlink/veh-001/request bytes=28 forwarded=1
1787003349.971124 publish topic=edge4av/airspan-tdd-downlink-location_3/raw-downlink/veh-001/response bytes=1056 forwarded=1
1787003350.191023 publish topic=edge4av/airspan-tdd-downlink-location_3/raw-downlink/veh-001/request bytes=28 forwarded=1
1787003350.191293 publish topic=edge4av/airspan-tdd-downlink-location_3/raw-downlink/veh-001/response bytes=1056 forwarded=1
1787003350.421602 publish topic=edge4av/airspan-tdd-downlink-location_3/raw-downlink/veh-001/request bytes=28 forwarded=1
1787003350.422395 publish topic=edge4av/airspan-tdd-downlink-location_3/raw-downlink/veh-001/response bytes=1056 forwarded=1
1787003350.652044 publish topic=edge4av/airspan-tdd-downlink-location_3/raw-downlink/veh-001/request bytes=28 forwarded=1
1787003350.652729 publish topic=edge4av/airspan-tdd-downlink-location_3/raw-downlink/veh-001/response bytes=1056 forwarded=1
1787003350.872248 publish topic=edge4av/airspan-tdd-downlink-location_3/raw-downlink/veh-001/request bytes=28 forwarded=1
1787003350.872932 publish topic=edge4av/airspan-tdd-downlink-location_3/raw-downlink/veh-001/response bytes=1056 forwarded=1
1787003351.102441 publish topic=edge4av/airspan-tdd-downlink-location_3/raw-downlink/veh-001/request bytes=28 forwarded=1
1787003351.102793 publish topic=edge4av/airspan-tdd-downlink-location_3/raw-downlink/veh-001/response bytes=1056 forwarded=1
1787003351.333035 publish topic=edge4av/airspan-tdd-downlink-location_3/raw-downlink/veh-001/request bytes=28 forwarded=1
1787003351.333681 publish topic=edge4av/airspan-tdd-downlink-location_3/raw-downlink/veh-001/response bytes=1056 forwarded=1
1787003351.573246 publish topic=edge4av/airspan-tdd-downlink-location_3/raw-downlink/veh-001/request bytes=28 forwarded=1
1787003351.573917 publish topic=edge4av/airspan-tdd-downlink-location_3/raw-downlink/veh-001/response bytes=1056 forwarded=1
1787003351.793642 publish topic=edge4av/airspan-tdd-downlink-location_3/raw-downlink/veh-001/request bytes=28 forwarded=1
1787003351.794291 publish topic=edge4av/airspan-tdd-downlink-location_3/raw-downlink/veh-001/response bytes=1056 forwarded=1
1787003352.023837 publish topic=edge4av/airspan-tdd-downlink-location_3/raw-downlink/veh-001/request bytes=28 forwarded=1
1787003352.024457 publish topic=edge4av/airspan-tdd-downlink-location_3/raw-downlink/veh-001/response bytes=1056 forwarded=1
1787003352.254032 publish topic=edge4av/airspan-tdd-downlink-location_3/raw-downlink/veh-001/request bytes=28 forwarded=1
1787003352.254430 publish topic=edge4av/airspan-tdd-downlink-location_3/raw-downlink/veh-001/response bytes=1056 forwarded=1
1787003352.484557 publish topic=edge4av/airspan-tdd-downlink-location_3/raw-downlink/veh-001/request bytes=28 forwarded=1
1787003352.484959 publish topic=edge4av/airspan-tdd-downlink-location_3/raw-downlink/veh-001/response bytes=1056 forwarded=1
1787003352.705058 publish topic=edge4av/airspan-tdd-downlink-location_3/raw-downlink/veh-001/request bytes=28 forwarded=1
1787003352.705730 publish topic=edge4av/airspan-tdd-downlink-location_3/raw-downlink/veh-001/response bytes=1056 forwarded=1
1787003352.925297 publish topic=edge4av/airspan-tdd-downlink-location_3/raw-downlink/veh-001/request bytes=28 forwarded=1
1787003352.926012 publish topic=edge4av/airspan-tdd-downlink-location_3/raw-downlink/veh-001/response bytes=1056 forwarded=1
1787003353.145424 publish topic=edge4av/airspan-tdd-downlink-location_3/raw-downlink/veh-001/request bytes=28 forwarded=1
1787003353.146129 publish topic=edge4av/airspan-tdd-downlink-location_3/raw-downlink/veh-001/response bytes=1056 forwarded=1
1787003353.365661 publish topic=edge4av/airspan-tdd-downlink-location_3/raw-downlink/veh-001/request bytes=28 forwarded=1
1787003353.366283 publish topic=edge4av/airspan-tdd-downlink-location_3/raw-downlink/veh-001/response bytes=1056 forwarded=1
1787003353.585941 publish topic=edge4av/airspan-tdd-downlink-location_3/raw-downlink/veh-001/request bytes=28 forwarded=1
1787003353.586280 publish topic=edge4av/airspan-tdd-downlink-location_3/raw-downlink/veh-001/response bytes=1056 forwarded=1
1787003353.806404 publish topic=edge4av/airspan-tdd-downlink-location_3/raw-downlink/veh-001/request bytes=28 forwarded=1
1787003353.807067 publish topic=edge4av/airspan-tdd-downlink-location_3/raw-downlink/veh-001/response bytes=1056 forwarded=1
1787003354.036611 publish topic=edge4av/airspan-tdd-downlink-location_3/raw-downlink/veh-001/request bytes=28 forwarded=1
1787003354.036973 publish topic=edge4av/airspan-tdd-downlink-location_3/raw-downlink/veh-001/response bytes=1056 forwarded=1
1787003354.256975 publish topic=edge4av/airspan-tdd-downlink-location_3/raw-downlink/veh-001/request bytes=28 forwarded=1
1787003354.257585 publish topic=edge4av/airspan-tdd-downlink-location_3/raw-downlink/veh-001/response bytes=1056 forwarded=1
1787003354.487524 publish topic=edge4av/airspan-tdd-downlink-location_3/raw-downlink/veh-001/request bytes=28 forwarded=1
1787003354.488148 publish topic=edge4av/airspan-tdd-downlink-location_3/raw-downlink/veh-001/response bytes=1056 forwarded=1
1787003354.707685 publish topic=edge4av/airspan-tdd-downlink-location_3/raw-downlink/veh-001/request bytes=28 forwarded=1
1787003354.707936 publish topic=edge4av/airspan-tdd-downlink-location_3/raw-downlink/veh-001/response bytes=1056 forwarded=1
1787003354.928044 publish topic=edge4av/airspan-tdd-downlink-location_3/raw-downlink/veh-001/request bytes=28 forwarded=1
1787003354.928879 publish topic=edge4av/airspan-tdd-downlink-location_3/raw-downlink/veh-001/response bytes=1056 forwarded=1
1787003355.148154 publish topic=edge4av/airspan-tdd-downlink-location_3/raw-downlink/veh-001/request bytes=28 forwarded=1
1787003355.148506 publish topic=edge4av/airspan-tdd-downlink-location_3/raw-downlink/veh-001/response bytes=1056 forwarded=1
1787003355.378711 publish topic=edge4av/airspan-tdd-downlink-location_3/raw-downlink/veh-001/request bytes=28 forwarded=1
1787003355.379398 publish topic=edge4av/airspan-tdd-downlink-location_3/raw-downlink/veh-001/response bytes=1056 forwarded=1
1787003355.608821 publish topic=edge4av/airspan-tdd-downlink-location_3/raw-downlink/veh-001/request bytes=28 forwarded=1
1787003355.609462 publish topic=edge4av/airspan-tdd-downlink-location_3/raw-downlink/veh-001/response bytes=1056 forwarded=1
1787003355.849095 publish topic=edge4av/airspan-tdd-downlink-location_3/raw-downlink/veh-001/request bytes=28 forwarded=1
1787003355.849769 publish topic=edge4av/airspan-tdd-downlink-location_3/raw-downlink/veh-001/response bytes=1056 forwarded=1
1787003356.069278 publish topic=edge4av/airspan-tdd-downlink-location_3/raw-downlink/veh-001/request bytes=28 forwarded=1
1787003356.069964 publish topic=edge4av/airspan-tdd-downlink-location_3/raw-downlink/veh-001/response bytes=1056 forwarded=1
1787003356.289269 publish topic=edge4av/airspan-tdd-downlink-location_3/raw-downlink/veh-001/request bytes=28 forwarded=1
1787003356.289541 publish topic=edge4av/airspan-tdd-downlink-location_3/raw-downlink/veh-001/response bytes=1056 forwarded=1
1787003356.509899 publish topic=edge4av/airspan-tdd-downlink-location_3/raw-downlink/veh-001/request bytes=28 forwarded=1
1787003356.510668 publish topic=edge4av/airspan-tdd-downlink-location_3/raw-downlink/veh-001/response bytes=1056 forwarded=1
1787003356.730184 publish topic=edge4av/airspan-tdd-downlink-location_3/raw-downlink/veh-001/request bytes=28 forwarded=1
1787003356.730865 publish topic=edge4av/airspan-tdd-downlink-location_3/raw-downlink/veh-001/response bytes=1056 forwarded=1
1787003356.950485 publish topic=edge4av/airspan-tdd-downlink-location_3/raw-downlink/veh-001/request bytes=28 forwarded=1
1787003356.951146 publish topic=edge4av/airspan-tdd-downlink-location_3/raw-downlink/veh-001/response bytes=1056 forwarded=1
1787003357.170630 publish topic=edge4av/airspan-tdd-downlink-location_3/raw-downlink/veh-001/request bytes=28 forwarded=1
1787003357.171292 publish topic=edge4av/airspan-tdd-downlink-location_3/raw-downlink/veh-001/response bytes=1056 forwarded=1
1787003357.390981 publish topic=edge4av/airspan-tdd-downlink-location_3/raw-downlink/veh-001/request bytes=28 forwarded=1
1787003357.391608 publish topic=edge4av/airspan-tdd-downlink-location_3/raw-downlink/veh-001/response bytes=1056 forwarded=1
1787003357.611148 publish topic=edge4av/airspan-tdd-downlink-location_3/raw-downlink/veh-001/request bytes=28 forwarded=1
1787003357.611843 publish topic=edge4av/airspan-tdd-downlink-location_3/raw-downlink/veh-001/response bytes=1056 forwarded=1
1787003357.851538 publish topic=edge4av/airspan-tdd-downlink-location_3/raw-downlink/veh-001/request bytes=28 forwarded=1
1787003357.852298 publish topic=edge4av/airspan-tdd-downlink-location_3/raw-downlink/veh-001/response bytes=1056 forwarded=1
1787003358.091983 publish topic=edge4av/airspan-tdd-downlink-location_3/raw-downlink/veh-001/request bytes=28 forwarded=1
1787003358.092669 publish topic=edge4av/airspan-tdd-downlink-location_3/raw-downlink/veh-001/response bytes=1056 forwarded=1
1787003358.332194 publish topic=edge4av/airspan-tdd-downlink-location_3/raw-downlink/veh-001/request bytes=28 forwarded=1
1787003358.332912 publish topic=edge4av/airspan-tdd-downlink-location_3/raw-downlink/veh-001/response bytes=1056 forwarded=1
1787003358.572339 publish topic=edge4av/airspan-tdd-downlink-location_3/raw-downlink/veh-001/request bytes=28 forwarded=1
1787003358.572580 publish topic=edge4av/airspan-tdd-downlink-location_3/raw-downlink/veh-001/response bytes=1056 forwarded=1
1787003358.802826 publish topic=edge4av/airspan-tdd-downlink-location_3/raw-downlink/veh-001/request bytes=28 forwarded=1
1787003358.803489 publish topic=edge4av/airspan-tdd-downlink-location_3/raw-downlink/veh-001/response bytes=1056 forwarded=1
1787003359.033125 publish topic=edge4av/airspan-tdd-downlink-location_3/raw-downlink/veh-001/request bytes=28 forwarded=1
1787003359.033769 publish topic=edge4av/airspan-tdd-downlink-location_3/raw-downlink/veh-001/response bytes=1056 forwarded=1
1787003359.263377 publish topic=edge4av/airspan-tdd-downlink-location_3/raw-downlink/veh-001/request bytes=28 forwarded=1
1787003359.264058 publish topic=edge4av/airspan-tdd-downlink-location_3/raw-downlink/veh-001/response bytes=1056 forwarded=1
1787003359.493508 publish topic=edge4av/airspan-tdd-downlink-location_3/raw-downlink/veh-001/request bytes=28 forwarded=1
1787003359.494139 publish topic=edge4av/airspan-tdd-downlink-location_3/raw-downlink/veh-001/response bytes=1056 forwarded=1
1787003359.723933 publish topic=edge4av/airspan-tdd-downlink-location_3/raw-downlink/veh-001/request bytes=28 forwarded=1
1787003359.724546 publish topic=edge4av/airspan-tdd-downlink-location_3/raw-downlink/veh-001/response bytes=1056 forwarded=1
1787003359.954000 publish topic=edge4av/airspan-tdd-downlink-location_3/raw-downlink/veh-001/request bytes=28 forwarded=1
1787003359.954294 publish topic=edge4av/airspan-tdd-downlink-location_3/raw-downlink/veh-001/response bytes=1056 forwarded=1
1787003360.194914 publish topic=edge4av/airspan-tdd-downlink-location_3/raw-downlink/veh-001/request bytes=28 forwarded=1
1787003360.195671 publish topic=edge4av/airspan-tdd-downlink-location_3/raw-downlink/veh-001/response bytes=1056 forwarded=1
1787003360.415078 publish topic=edge4av/airspan-tdd-downlink-location_3/raw-downlink/veh-001/request bytes=28 forwarded=1
1787003360.415637 publish topic=edge4av/airspan-tdd-downlink-location_3/raw-downlink/veh-001/response bytes=1056 forwarded=1
1787003360.645132 publish topic=edge4av/airspan-tdd-downlink-location_3/raw-downlink/veh-001/request bytes=28 forwarded=1
1787003360.645814 publish topic=edge4av/airspan-tdd-downlink-location_3/raw-downlink/veh-001/response bytes=1056 forwarded=1
1787003360.865372 publish topic=edge4av/airspan-tdd-downlink-location_3/raw-downlink/veh-001/request bytes=28 forwarded=1
1787003360.865713 publish topic=edge4av/airspan-tdd-downlink-location_3/raw-downlink/veh-001/response bytes=1056 forwarded=1
1787003361.086286 publish topic=edge4av/airspan-tdd-downlink-location_3/raw-downlink/veh-001/request bytes=28 forwarded=1
1787003361.087447 publish topic=edge4av/airspan-tdd-downlink-location_3/raw-downlink/veh-001/response bytes=1056 forwarded=1
1787003361.306032 publish topic=edge4av/airspan-tdd-downlink-location_3/raw-downlink/veh-001/request bytes=28 forwarded=1
1787003361.306702 publish topic=edge4av/airspan-tdd-downlink-location_3/raw-downlink/veh-001/response bytes=1056 forwarded=1
1787003361.526305 publish topic=edge4av/airspan-tdd-downlink-location_3/raw-downlink/veh-001/request bytes=28 forwarded=1
1787003361.526991 publish topic=edge4av/airspan-tdd-downlink-location_3/raw-downlink/veh-001/response bytes=1056 forwarded=1
1787003361.746651 publish topic=edge4av/airspan-tdd-downlink-location_3/raw-downlink/veh-001/request bytes=28 forwarded=1
1787003361.747346 publish topic=edge4av/airspan-tdd-downlink-location_3/raw-downlink/veh-001/response bytes=1056 forwarded=1
1787003361.966704 publish topic=edge4av/airspan-tdd-downlink-location_3/raw-downlink/veh-001/request bytes=28 forwarded=1
1787003361.967424 publish topic=edge4av/airspan-tdd-downlink-location_3/raw-downlink/veh-001/response bytes=1056 forwarded=1
1787003362.187190 publish topic=edge4av/airspan-tdd-downlink-location_3/raw-downlink/veh-001/request bytes=28 forwarded=1
1787003362.187886 publish topic=edge4av/airspan-tdd-downlink-location_3/raw-downlink/veh-001/response bytes=1056 forwarded=1
1787003362.417553 publish topic=edge4av/airspan-tdd-downlink-location_3/raw-downlink/veh-001/request bytes=28 forwarded=1
1787003362.418245 publish topic=edge4av/airspan-tdd-downlink-location_3/raw-downlink/veh-001/response bytes=1056 forwarded=1
1787003362.647719 publish topic=edge4av/airspan-tdd-downlink-location_3/raw-downlink/veh-001/request bytes=28 forwarded=1
1787003362.648412 publish topic=edge4av/airspan-tdd-downlink-location_3/raw-downlink/veh-001/response bytes=1056 forwarded=1
1787003362.867722 publish topic=edge4av/airspan-tdd-downlink-location_3/raw-downlink/veh-001/request bytes=28 forwarded=1
1787003362.868392 publish topic=edge4av/airspan-tdd-downlink-location_3/raw-downlink/veh-001/response bytes=1056 forwarded=1
1787003363.088119 publish topic=edge4av/airspan-tdd-downlink-location_3/raw-downlink/veh-001/request bytes=28 forwarded=1
1787003363.088831 publish topic=edge4av/airspan-tdd-downlink-location_3/raw-downlink/veh-001/response bytes=1056 forwarded=1
1787003363.308411 publish topic=edge4av/airspan-tdd-downlink-location_3/raw-downlink/veh-001/request bytes=28 forwarded=1
1787003363.309097 publish topic=edge4av/airspan-tdd-downlink-location_3/raw-downlink/veh-001/response bytes=1056 forwarded=1
1787003363.528680 publish topic=edge4av/airspan-tdd-downlink-location_3/raw-downlink/veh-001/request bytes=28 forwarded=1
1787003363.529421 publish topic=edge4av/airspan-tdd-downlink-location_3/raw-downlink/veh-001/response bytes=1056 forwarded=1
1787003363.748888 publish topic=edge4av/airspan-tdd-downlink-location_3/raw-downlink/veh-001/request bytes=28 forwarded=1
1787003363.749268 publish topic=edge4av/airspan-tdd-downlink-location_3/raw-downlink/veh-001/response bytes=1056 forwarded=1
1787003363.969329 publish topic=edge4av/airspan-tdd-downlink-location_3/raw-downlink/veh-001/request bytes=28 forwarded=1
1787003363.969977 publish topic=edge4av/airspan-tdd-downlink-location_3/raw-downlink/veh-001/response bytes=1056 forwarded=1
1787003364.189398 publish topic=edge4av/airspan-tdd-downlink-location_3/raw-downlink/veh-001/request bytes=28 forwarded=1
1787003364.189850 publish topic=edge4av/airspan-tdd-downlink-location_3/raw-downlink/veh-001/response bytes=1056 forwarded=1
1787003364.409749 publish topic=edge4av/airspan-tdd-downlink-location_3/raw-downlink/veh-001/request bytes=28 forwarded=1
1787003364.410430 publish topic=edge4av/airspan-tdd-downlink-location_3/raw-downlink/veh-001/response bytes=1056 forwarded=1
1787003364.630045 publish topic=edge4av/airspan-tdd-downlink-location_3/raw-downlink/veh-001/request bytes=28 forwarded=1
1787003364.630675 publish topic=edge4av/airspan-tdd-downlink-location_3/raw-downlink/veh-001/response bytes=1056 forwarded=1
1787003364.850266 publish topic=edge4av/airspan-tdd-downlink-location_3/raw-downlink/veh-001/request bytes=28 forwarded=1
1787003364.850581 publish topic=edge4av/airspan-tdd-downlink-location_3/raw-downlink/veh-001/response bytes=1056 forwarded=1
1787003365.100529 publish topic=edge4av/airspan-tdd-downlink-location_3/raw-downlink/veh-001/request bytes=28 forwarded=1
1787003365.100813 publish topic=edge4av/airspan-tdd-downlink-location_3/raw-downlink/veh-001/response bytes=1056 forwarded=1
1787003365.330689 publish topic=edge4av/airspan-tdd-downlink-location_3/raw-downlink/veh-001/request bytes=28 forwarded=1
1787003365.330977 publish topic=edge4av/airspan-tdd-downlink-location_3/raw-downlink/veh-001/response bytes=1056 forwarded=1
1787003365.571188 publish topic=edge4av/airspan-tdd-downlink-location_3/raw-downlink/veh-001/request bytes=28 forwarded=1
1787003365.571610 publish topic=edge4av/airspan-tdd-downlink-location_3/raw-downlink/veh-001/response bytes=1056 forwarded=1
1787003365.811692 publish topic=edge4av/airspan-tdd-downlink-location_3/raw-downlink/veh-001/request bytes=28 forwarded=1
1787003365.812386 publish topic=edge4av/airspan-tdd-downlink-location_3/raw-downlink/veh-001/response bytes=1056 forwarded=1
1787003366.051745 publish topic=edge4av/airspan-tdd-downlink-location_3/raw-downlink/veh-001/request bytes=28 forwarded=1
1787003366.052399 publish topic=edge4av/airspan-tdd-downlink-location_3/raw-downlink/veh-001/response bytes=1056 forwarded=1
1787003366.292140 publish topic=edge4av/airspan-tdd-downlink-location_3/raw-downlink/veh-001/request bytes=28 forwarded=1
1787003366.292871 publish topic=edge4av/airspan-tdd-downlink-location_3/raw-downlink/veh-001/response bytes=1056 forwarded=1
1787003366.532089 publish topic=edge4av/airspan-tdd-downlink-location_3/raw-downlink/veh-001/request bytes=28 forwarded=1
1787003366.532411 publish topic=edge4av/airspan-tdd-downlink-location_3/raw-downlink/veh-001/response bytes=1056 forwarded=1
1787003366.762779 publish topic=edge4av/airspan-tdd-downlink-location_3/raw-downlink/veh-001/request bytes=28 forwarded=1
1787003366.763418 publish topic=edge4av/airspan-tdd-downlink-location_3/raw-downlink/veh-001/response bytes=1056 forwarded=1
1787003366.993098 publish topic=edge4av/airspan-tdd-downlink-location_3/raw-downlink/veh-001/request bytes=28 forwarded=1
1787003366.993755 publish topic=edge4av/airspan-tdd-downlink-location_3/raw-downlink/veh-001/response bytes=1056 forwarded=1
1787003367.223662 publish topic=edge4av/airspan-tdd-downlink-location_3/raw-downlink/veh-001/request bytes=28 forwarded=1
1787003367.224326 publish topic=edge4av/airspan-tdd-downlink-location_3/raw-downlink/veh-001/response bytes=1056 forwarded=1
1787003367.453518 publish topic=edge4av/airspan-tdd-downlink-location_3/raw-downlink/veh-001/request bytes=28 forwarded=1
1787003367.454277 publish topic=edge4av/airspan-tdd-downlink-location_3/raw-downlink/veh-001/response bytes=1056 forwarded=1
1787003367.693830 publish topic=edge4av/airspan-tdd-downlink-location_3/raw-downlink/veh-001/request bytes=28 forwarded=1
1787003367.694072 publish topic=edge4av/airspan-tdd-downlink-location_3/raw-downlink/veh-001/response bytes=1056 forwarded=1
1787003367.934116 publish topic=edge4av/airspan-tdd-downlink-location_3/raw-downlink/veh-001/request bytes=28 forwarded=1
1787003367.934530 publish topic=edge4av/airspan-tdd-downlink-location_3/raw-downlink/veh-001/response bytes=1056 forwarded=1
1787003368.174592 publish topic=edge4av/airspan-tdd-downlink-location_3/raw-downlink/veh-001/request bytes=28 forwarded=1
1787003368.175247 publish topic=edge4av/airspan-tdd-downlink-location_3/raw-downlink/veh-001/response bytes=1056 forwarded=1
1787003368.404878 publish topic=edge4av/airspan-tdd-downlink-location_3/raw-downlink/veh-001/request bytes=28 forwarded=1
1787003368.405653 publish topic=edge4av/airspan-tdd-downlink-location_3/raw-downlink/veh-001/response bytes=1056 forwarded=1
1787003368.625015 publish topic=edge4av/airspan-tdd-downlink-location_3/raw-downlink/veh-001/request bytes=28 forwarded=1
1787003368.625332 publish topic=edge4av/airspan-tdd-downlink-location_3/raw-downlink/veh-001/response bytes=1056 forwarded=1
1787003368.845492 publish topic=edge4av/airspan-tdd-downlink-location_3/raw-downlink/veh-001/request bytes=28 forwarded=1
1787003368.845886 publish topic=edge4av/airspan-tdd-downlink-location_3/raw-downlink/veh-001/response bytes=1056 forwarded=1
1787003369.085657 publish topic=edge4av/airspan-tdd-downlink-location_3/raw-downlink/veh-001/request bytes=28 forwarded=1
1787003369.086341 publish topic=edge4av/airspan-tdd-downlink-location_3/raw-downlink/veh-001/response bytes=1056 forwarded=1
1787003369.306094 publish topic=edge4av/airspan-tdd-downlink-location_3/raw-downlink/veh-001/request bytes=28 forwarded=1
1787003369.306786 publish topic=edge4av/airspan-tdd-downlink-location_3/raw-downlink/veh-001/response bytes=1056 forwarded=1
1787003369.525904 publish topic=edge4av/airspan-tdd-downlink-location_3/raw-downlink/veh-001/request bytes=28 forwarded=1
1787003369.526178 publish topic=edge4av/airspan-tdd-downlink-location_3/raw-downlink/veh-001/response bytes=1056 forwarded=1
1787003369.746513 publish topic=edge4av/airspan-tdd-downlink-location_3/raw-downlink/veh-001/request bytes=28 forwarded=1
1787003369.747206 publish topic=edge4av/airspan-tdd-downlink-location_3/raw-downlink/veh-001/response bytes=1056 forwarded=1
1787003369.976702 publish topic=edge4av/airspan-tdd-downlink-location_3/raw-downlink/veh-001/request bytes=28 forwarded=1
1787003369.977621 publish topic=edge4av/airspan-tdd-downlink-location_3/raw-downlink/veh-001/response bytes=1056 forwarded=1
1787003370.206850 publish topic=edge4av/airspan-tdd-downlink-location_3/raw-downlink/veh-001/request bytes=28 forwarded=1
1787003370.207564 publish topic=edge4av/airspan-tdd-downlink-location_3/raw-downlink/veh-001/response bytes=1056 forwarded=1
1787003370.427463 publish topic=edge4av/airspan-tdd-downlink-location_3/raw-downlink/veh-001/request bytes=28 forwarded=1
1787003370.428177 publish topic=edge4av/airspan-tdd-downlink-location_3/raw-downlink/veh-001/response bytes=1056 forwarded=1
1787003370.657558 publish topic=edge4av/airspan-tdd-downlink-location_3/raw-downlink/veh-001/request bytes=28 forwarded=1
1787003370.657893 publish topic=edge4av/airspan-tdd-downlink-location_3/raw-downlink/veh-001/response bytes=1056 forwarded=1
1787003370.887708 publish topic=edge4av/airspan-tdd-downlink-location_3/raw-downlink/veh-001/request bytes=28 forwarded=1
1787003370.887999 publish topic=edge4av/airspan-tdd-downlink-location_3/raw-downlink/veh-001/response bytes=1056 forwarded=1
1787003371.118093 publish topic=edge4av/airspan-tdd-downlink-location_3/raw-downlink/veh-001/request bytes=28 forwarded=1
1787003371.118457 publish topic=edge4av/airspan-tdd-downlink-location_3/raw-downlink/veh-001/response bytes=1056 forwarded=1
1787003371.338318 publish topic=edge4av/airspan-tdd-downlink-location_3/raw-downlink/veh-001/request bytes=28 forwarded=1
1787003371.339015 publish topic=edge4av/airspan-tdd-downlink-location_3/raw-downlink/veh-001/response bytes=1056 forwarded=1
1787003371.568548 publish topic=edge4av/airspan-tdd-downlink-location_3/raw-downlink/veh-001/request bytes=28 forwarded=1
1787003371.568951 publish topic=edge4av/airspan-tdd-downlink-location_3/raw-downlink/veh-001/response bytes=1056 forwarded=1
1787003371.788921 publish topic=edge4av/airspan-tdd-downlink-location_3/raw-downlink/veh-001/request bytes=28 forwarded=1
1787003371.789726 publish topic=edge4av/airspan-tdd-downlink-location_3/raw-downlink/veh-001/response bytes=1056 forwarded=1
1787003372.019345 publish topic=edge4av/airspan-tdd-downlink-location_3/raw-downlink/veh-001/request bytes=28 forwarded=1
1787003372.020053 publish topic=edge4av/airspan-tdd-downlink-location_3/raw-downlink/veh-001/response bytes=1056 forwarded=1
1787003372.249198 publish topic=edge4av/airspan-tdd-downlink-location_3/raw-downlink/veh-001/request bytes=28 forwarded=1
1787003372.249485 publish topic=edge4av/airspan-tdd-downlink-location_3/raw-downlink/veh-001/response bytes=1056 forwarded=1
1787003372.469745 publish topic=edge4av/airspan-tdd-downlink-location_3/raw-downlink/veh-001/request bytes=28 forwarded=1
1787003372.470328 publish topic=edge4av/airspan-tdd-downlink-location_3/raw-downlink/veh-001/response bytes=1056 forwarded=1
1787003372.700201 publish topic=edge4av/airspan-tdd-downlink-location_3/raw-downlink/veh-001/request bytes=28 forwarded=1
1787003372.700982 publish topic=edge4av/airspan-tdd-downlink-location_3/raw-downlink/veh-001/response bytes=1056 forwarded=1
1787003372.930518 publish topic=edge4av/airspan-tdd-downlink-location_3/raw-downlink/veh-001/request bytes=28 forwarded=1
1787003372.931246 publish topic=edge4av/airspan-tdd-downlink-location_3/raw-downlink/veh-001/response bytes=1056 forwarded=1
1787003373.150759 publish topic=edge4av/airspan-tdd-downlink-location_3/raw-downlink/veh-001/request bytes=28 forwarded=1
1787003373.151494 publish topic=edge4av/airspan-tdd-downlink-location_3/raw-downlink/veh-001/response bytes=1056 forwarded=1
1787003373.380911 publish topic=edge4av/airspan-tdd-downlink-location_3/raw-downlink/veh-001/request bytes=28 forwarded=1
1787003373.381241 publish topic=edge4av/airspan-tdd-downlink-location_3/raw-downlink/veh-001/response bytes=1056 forwarded=1
1787003373.611055 publish topic=edge4av/airspan-tdd-downlink-location_3/raw-downlink/veh-001/request bytes=28 forwarded=1
1787003373.611771 publish topic=edge4av/airspan-tdd-downlink-location_3/raw-downlink/veh-001/response bytes=1056 forwarded=1
1787003373.851479 publish topic=edge4av/airspan-tdd-downlink-location_3/raw-downlink/veh-001/request bytes=28 forwarded=1
1787003373.852170 publish topic=edge4av/airspan-tdd-downlink-location_3/raw-downlink/veh-001/response bytes=1056 forwarded=1
1787003374.081753 publish topic=edge4av/airspan-tdd-downlink-location_3/raw-downlink/veh-001/request bytes=28 forwarded=1
1787003374.082445 publish topic=edge4av/airspan-tdd-downlink-location_3/raw-downlink/veh-001/response bytes=1056 forwarded=1
1787003374.311891 publish topic=edge4av/airspan-tdd-downlink-location_3/raw-downlink/veh-001/request bytes=28 forwarded=1
1787003374.312679 publish topic=edge4av/airspan-tdd-downlink-location_3/raw-downlink/veh-001/response bytes=1056 forwarded=1
1787003374.542064 publish topic=edge4av/airspan-tdd-downlink-location_3/raw-downlink/veh-001/request bytes=28 forwarded=1
1787003374.542432 publish topic=edge4av/airspan-tdd-downlink-location_3/raw-downlink/veh-001/response bytes=1056 forwarded=1
1787003374.773356 publish topic=edge4av/airspan-tdd-downlink-location_3/raw-downlink/veh-001/request bytes=28 forwarded=1
1787003374.774122 publish topic=edge4av/airspan-tdd-downlink-location_3/raw-downlink/veh-001/response bytes=1056 forwarded=1
1787003375.012646 publish topic=edge4av/airspan-tdd-downlink-location_3/raw-downlink/veh-001/request bytes=28 forwarded=1
1787003375.013338 publish topic=edge4av/airspan-tdd-downlink-location_3/raw-downlink/veh-001/response bytes=1056 forwarded=1
1787003375.243057 publish topic=edge4av/airspan-tdd-downlink-location_3/raw-downlink/veh-001/request bytes=28 forwarded=1
1787003375.243758 publish topic=edge4av/airspan-tdd-downlink-location_3/raw-downlink/veh-001/response bytes=1056 forwarded=1
1787003375.473330 publish topic=edge4av/airspan-tdd-downlink-location_3/raw-downlink/veh-001/request bytes=28 forwarded=1
1787003375.474122 publish topic=edge4av/airspan-tdd-downlink-location_3/raw-downlink/veh-001/response bytes=1056 forwarded=1
1787003375.703718 publish topic=edge4av/airspan-tdd-downlink-location_3/raw-downlink/veh-001/request bytes=28 forwarded=1
1787003375.704390 publish topic=edge4av/airspan-tdd-downlink-location_3/raw-downlink/veh-001/response bytes=1056 forwarded=1
1787003375.934063 publish topic=edge4av/airspan-tdd-downlink-location_3/raw-downlink/veh-001/request bytes=28 forwarded=1
1787003375.934362 publish topic=edge4av/airspan-tdd-downlink-location_3/raw-downlink/veh-001/response bytes=1056 forwarded=1
1787003376.174276 publish topic=edge4av/airspan-tdd-downlink-location_3/raw-downlink/veh-001/request bytes=28 forwarded=1
1787003376.174797 publish topic=edge4av/airspan-tdd-downlink-location_3/raw-downlink/veh-001/response bytes=1056 forwarded=1
1787003376.424839 publish topic=edge4av/airspan-tdd-downlink-location_3/raw-downlink/veh-001/request bytes=28 forwarded=1
1787003376.425540 publish topic=edge4av/airspan-tdd-downlink-location_3/raw-downlink/veh-001/response bytes=1056 forwarded=1
1787003376.655145 publish topic=edge4av/airspan-tdd-downlink-location_3/raw-downlink/veh-001/request bytes=28 forwarded=1
1787003376.655854 publish topic=edge4av/airspan-tdd-downlink-location_3/raw-downlink/veh-001/response bytes=1056 forwarded=1
1787003376.885210 publish topic=edge4av/airspan-tdd-downlink-location_3/raw-downlink/veh-001/request bytes=28 forwarded=1
1787003376.885911 publish topic=edge4av/airspan-tdd-downlink-location_3/raw-downlink/veh-001/response bytes=1056 forwarded=1
1787003377.115488 publish topic=edge4av/airspan-tdd-downlink-location_3/raw-downlink/veh-001/request bytes=28 forwarded=1
1787003377.116374 publish topic=edge4av/airspan-tdd-downlink-location_3/raw-downlink/veh-001/response bytes=1056 forwarded=1
1787003377.335695 publish topic=edge4av/airspan-tdd-downlink-location_3/raw-downlink/veh-001/request bytes=28 forwarded=1
1787003377.336315 publish topic=edge4av/airspan-tdd-downlink-location_3/raw-downlink/veh-001/response bytes=1056 forwarded=1
1787003377.565881 publish topic=edge4av/airspan-tdd-downlink-location_3/raw-downlink/veh-001/request bytes=28 forwarded=1
1787003377.566413 publish topic=edge4av/airspan-tdd-downlink-location_3/raw-downlink/veh-001/response bytes=1056 forwarded=1
1787003377.786149 publish topic=edge4av/airspan-tdd-downlink-location_3/raw-downlink/veh-001/request bytes=28 forwarded=1
1787003377.786975 publish topic=edge4av/airspan-tdd-downlink-location_3/raw-downlink/veh-001/response bytes=1056 forwarded=1
1787003378.006552 publish topic=edge4av/airspan-tdd-downlink-location_3/raw-downlink/veh-001/request bytes=28 forwarded=1
1787003378.007254 publish topic=edge4av/airspan-tdd-downlink-location_3/raw-downlink/veh-001/response bytes=1056 forwarded=1
1787003378.226604 publish topic=edge4av/airspan-tdd-downlink-location_3/raw-downlink/veh-001/request bytes=28 forwarded=1
1787003378.226968 publish topic=edge4av/airspan-tdd-downlink-location_3/raw-downlink/veh-001/response bytes=1056 forwarded=1
1787003378.446854 publish topic=edge4av/airspan-tdd-downlink-location_3/raw-downlink/veh-001/request bytes=28 forwarded=1
1787003378.447546 publish topic=edge4av/airspan-tdd-downlink-location_3/raw-downlink/veh-001/response bytes=1056 forwarded=1
1787003378.667547 publish topic=edge4av/airspan-tdd-downlink-location_3/raw-downlink/veh-001/request bytes=28 forwarded=1
1787003378.668259 publish topic=edge4av/airspan-tdd-downlink-location_3/raw-downlink/veh-001/response bytes=1056 forwarded=1
1787003378.887410 publish topic=edge4av/airspan-tdd-downlink-location_3/raw-downlink/veh-001/request bytes=28 forwarded=1
1787003378.887701 publish topic=edge4av/airspan-tdd-downlink-location_3/raw-downlink/veh-001/response bytes=1056 forwarded=1
1787003379.107526 publish topic=edge4av/airspan-tdd-downlink-location_3/raw-downlink/veh-001/request bytes=28 forwarded=1
1787003379.107771 publish topic=edge4av/airspan-tdd-downlink-location_3/raw-downlink/veh-001/response bytes=1056 forwarded=1
1787003379.328075 publish topic=edge4av/airspan-tdd-downlink-location_3/raw-downlink/veh-001/request bytes=28 forwarded=1
1787003379.328800 publish topic=edge4av/airspan-tdd-downlink-location_3/raw-downlink/veh-001/response bytes=1056 forwarded=1
1787003379.548206 publish topic=edge4av/airspan-tdd-downlink-location_3/raw-downlink/veh-001/request bytes=28 forwarded=1
1787003379.548493 publish topic=edge4av/airspan-tdd-downlink-location_3/raw-downlink/veh-001/response bytes=1056 forwarded=1
1787003379.768558 publish topic=edge4av/airspan-tdd-downlink-location_3/raw-downlink/veh-001/request bytes=28 forwarded=1
1787003379.769240 publish topic=edge4av/airspan-tdd-downlink-location_3/raw-downlink/veh-001/response bytes=1056 forwarded=1
1787003379.988830 publish topic=edge4av/airspan-tdd-downlink-location_3/raw-downlink/veh-001/request bytes=28 forwarded=1
1787003379.989502 publish topic=edge4av/airspan-tdd-downlink-location_3/raw-downlink/veh-001/response bytes=1056 forwarded=1
1787003380.208973 publish topic=edge4av/airspan-tdd-downlink-location_3/raw-downlink/veh-001/request bytes=28 forwarded=1
1787003380.209306 publish topic=edge4av/airspan-tdd-downlink-location_3/raw-downlink/veh-001/response bytes=1056 forwarded=1
1787003380.429440 publish topic=edge4av/airspan-tdd-downlink-location_3/raw-downlink/veh-001/request bytes=28 forwarded=1
1787003380.430255 publish topic=edge4av/airspan-tdd-downlink-location_3/raw-downlink/veh-001/response bytes=1056 forwarded=1
1787003380.649580 publish topic=edge4av/airspan-tdd-downlink-location_3/raw-downlink/veh-001/request bytes=28 forwarded=1
1787003380.650269 publish topic=edge4av/airspan-tdd-downlink-location_3/raw-downlink/veh-001/response bytes=1056 forwarded=1
1787003380.869863 publish topic=edge4av/airspan-tdd-downlink-location_3/raw-downlink/veh-001/request bytes=28 forwarded=1
1787003380.870581 publish topic=edge4av/airspan-tdd-downlink-location_3/raw-downlink/veh-001/response bytes=1056 forwarded=1
1787003381.099901 publish topic=edge4av/airspan-tdd-downlink-location_3/raw-downlink/veh-001/request bytes=28 forwarded=1
1787003381.100217 publish topic=edge4av/airspan-tdd-downlink-location_3/raw-downlink/veh-001/response bytes=1056 forwarded=1
1787003381.330379 publish topic=edge4av/airspan-tdd-downlink-location_3/raw-downlink/veh-001/request bytes=28 forwarded=1
1787003381.330736 publish topic=edge4av/airspan-tdd-downlink-location_3/raw-downlink/veh-001/response bytes=1056 forwarded=1
1787003381.550736 publish topic=edge4av/airspan-tdd-downlink-location_3/raw-downlink/veh-001/request bytes=28 forwarded=1
1787003381.551424 publish topic=edge4av/airspan-tdd-downlink-location_3/raw-downlink/veh-001/response bytes=1056 forwarded=1
1787003381.770808 publish topic=edge4av/airspan-tdd-downlink-location_3/raw-downlink/veh-001/request bytes=28 forwarded=1
1787003381.771085 publish topic=edge4av/airspan-tdd-downlink-location_3/raw-downlink/veh-001/response bytes=1056 forwarded=1
1787003381.991369 publish topic=edge4av/airspan-tdd-downlink-location_3/raw-downlink/veh-001/request bytes=28 forwarded=1
1787003381.991994 publish topic=edge4av/airspan-tdd-downlink-location_3/raw-downlink/veh-001/response bytes=1056 forwarded=1
1787003382.221522 publish topic=edge4av/airspan-tdd-downlink-location_3/raw-downlink/veh-001/request bytes=28 forwarded=1
1787003382.222160 publish topic=edge4av/airspan-tdd-downlink-location_3/raw-downlink/veh-001/response bytes=1056 forwarded=1
1787003382.451446 publish topic=edge4av/airspan-tdd-downlink-location_3/raw-downlink/veh-001/request bytes=28 forwarded=1
1787003382.451673 publish topic=edge4av/airspan-tdd-downlink-location_3/raw-downlink/veh-001/response bytes=1056 forwarded=1
1787003382.671979 publish topic=edge4av/airspan-tdd-downlink-location_3/raw-downlink/veh-001/request bytes=28 forwarded=1
1787003382.672583 publish topic=edge4av/airspan-tdd-downlink-location_3/raw-downlink/veh-001/response bytes=1056 forwarded=1
1787003382.902471 publish topic=edge4av/airspan-tdd-downlink-location_3/raw-downlink/veh-001/request bytes=28 forwarded=1
1787003382.903103 publish topic=edge4av/airspan-tdd-downlink-location_3/raw-downlink/veh-001/response bytes=1056 forwarded=1
1787003383.132585 publish topic=edge4av/airspan-tdd-downlink-location_3/raw-downlink/veh-001/request bytes=28 forwarded=1
1787003383.132854 publish topic=edge4av/airspan-tdd-downlink-location_3/raw-downlink/veh-001/response bytes=1056 forwarded=1
1787003383.373126 publish topic=edge4av/airspan-tdd-downlink-location_3/raw-downlink/veh-001/request bytes=28 forwarded=1
1787003383.373803 publish topic=edge4av/airspan-tdd-downlink-location_3/raw-downlink/veh-001/response bytes=1056 forwarded=1
1787003383.613114 publish topic=edge4av/airspan-tdd-downlink-location_3/raw-downlink/veh-001/request bytes=28 forwarded=1
1787003383.613474 publish topic=edge4av/airspan-tdd-downlink-location_3/raw-downlink/veh-001/response bytes=1056 forwarded=1
1787003383.843590 publish topic=edge4av/airspan-tdd-downlink-location_3/raw-downlink/veh-001/request bytes=28 forwarded=1
1787003383.844224 publish topic=edge4av/airspan-tdd-downlink-location_3/raw-downlink/veh-001/response bytes=1056 forwarded=1
1787003384.073796 publish topic=edge4av/airspan-tdd-downlink-location_3/raw-downlink/veh-001/request bytes=28 forwarded=1
1787003384.074555 publish topic=edge4av/airspan-tdd-downlink-location_3/raw-downlink/veh-001/response bytes=1056 forwarded=1
1787003384.304152 publish topic=edge4av/airspan-tdd-downlink-location_3/raw-downlink/veh-001/request bytes=28 forwarded=1
1787003384.304898 publish topic=edge4av/airspan-tdd-downlink-location_3/raw-downlink/veh-001/response bytes=1056 forwarded=1
1787003384.534296 publish topic=edge4av/airspan-tdd-downlink-location_3/raw-downlink/veh-001/request bytes=28 forwarded=1
1787003384.534927 publish topic=edge4av/airspan-tdd-downlink-location_3/raw-downlink/veh-001/response bytes=1056 forwarded=1
1787003384.774911 publish topic=edge4av/airspan-tdd-downlink-location_3/raw-downlink/veh-001/request bytes=28 forwarded=1
1787003384.775532 publish topic=edge4av/airspan-tdd-downlink-location_3/raw-downlink/veh-001/response bytes=1056 forwarded=1
1787003385.005006 publish topic=edge4av/airspan-tdd-downlink-location_3/raw-downlink/veh-001/request bytes=28 forwarded=1
1787003385.005595 publish topic=edge4av/airspan-tdd-downlink-location_3/raw-downlink/veh-001/response bytes=1056 forwarded=1
1787003385.225239 publish topic=edge4av/airspan-tdd-downlink-location_3/raw-downlink/veh-001/request bytes=28 forwarded=1
1787003385.225820 publish topic=edge4av/airspan-tdd-downlink-location_3/raw-downlink/veh-001/response bytes=1056 forwarded=1
1787003385.445780 publish topic=edge4av/airspan-tdd-downlink-location_3/raw-downlink/veh-001/request bytes=28 forwarded=1
1787003385.446449 publish topic=edge4av/airspan-tdd-downlink-location_3/raw-downlink/veh-001/response bytes=1056 forwarded=1
1787003385.665514 publish topic=edge4av/airspan-tdd-downlink-location_3/raw-downlink/veh-001/request bytes=28 forwarded=1
1787003385.665769 publish topic=edge4av/airspan-tdd-downlink-location_3/raw-downlink/veh-001/response bytes=1056 forwarded=1
1787003385.886040 publish topic=edge4av/airspan-tdd-downlink-location_3/raw-downlink/veh-001/request bytes=28 forwarded=1
1787003385.886406 publish topic=edge4av/airspan-tdd-downlink-location_3/raw-downlink/veh-001/response bytes=1056 forwarded=1
1787003386.106442 publish topic=edge4av/airspan-tdd-downlink-location_3/raw-downlink/veh-001/request bytes=28 forwarded=1
1787003386.107060 publish topic=edge4av/airspan-tdd-downlink-location_3/raw-downlink/veh-001/response bytes=1056 forwarded=1
1787003386.326546 publish topic=edge4av/airspan-tdd-downlink-location_3/raw-downlink/veh-001/request bytes=28 forwarded=1
1787003386.327233 publish topic=edge4av/airspan-tdd-downlink-location_3/raw-downlink/veh-001/response bytes=1056 forwarded=1
1787003386.546717 publish topic=edge4av/airspan-tdd-downlink-location_3/raw-downlink/veh-001/request bytes=28 forwarded=1
1787003386.547360 publish topic=edge4av/airspan-tdd-downlink-location_3/raw-downlink/veh-001/response bytes=1056 forwarded=1
1787003386.766889 publish topic=edge4av/airspan-tdd-downlink-location_3/raw-downlink/veh-001/request bytes=28 forwarded=1
1787003386.768138 publish topic=edge4av/airspan-tdd-downlink-location_3/raw-downlink/veh-001/response bytes=1056 forwarded=1
1787003387.007038 publish topic=edge4av/airspan-tdd-downlink-location_3/raw-downlink/veh-001/request bytes=28 forwarded=1
1787003387.007376 publish topic=edge4av/airspan-tdd-downlink-location_3/raw-downlink/veh-001/response bytes=1056 forwarded=1
1787003387.227550 publish topic=edge4av/airspan-tdd-downlink-location_3/raw-downlink/veh-001/request bytes=28 forwarded=1
1787003387.227832 publish topic=edge4av/airspan-tdd-downlink-location_3/raw-downlink/veh-001/response bytes=1056 forwarded=1
1787003387.457519 publish topic=edge4av/airspan-tdd-downlink-location_3/raw-downlink/veh-001/request bytes=28 forwarded=1
1787003387.458113 publish topic=edge4av/airspan-tdd-downlink-location_3/raw-downlink/veh-001/response bytes=1056 forwarded=1
1787003387.688142 publish topic=edge4av/airspan-tdd-downlink-location_3/raw-downlink/veh-001/request bytes=28 forwarded=1
1787003387.688818 publish topic=edge4av/airspan-tdd-downlink-location_3/raw-downlink/veh-001/response bytes=1056 forwarded=1
1787003387.928569 publish topic=edge4av/airspan-tdd-downlink-location_3/raw-downlink/veh-001/request bytes=28 forwarded=1
1787003387.929246 publish topic=edge4av/airspan-tdd-downlink-location_3/raw-downlink/veh-001/response bytes=1056 forwarded=1
1787003388.168609 publish topic=edge4av/airspan-tdd-downlink-location_3/raw-downlink/veh-001/request bytes=28 forwarded=1
1787003388.168907 publish topic=edge4av/airspan-tdd-downlink-location_3/raw-downlink/veh-001/response bytes=1056 forwarded=1
1787003388.388980 publish topic=edge4av/airspan-tdd-downlink-location_3/raw-downlink/veh-001/request bytes=28 forwarded=1
1787003388.389631 publish topic=edge4av/airspan-tdd-downlink-location_3/raw-downlink/veh-001/response bytes=1056 forwarded=1
1787003388.608987 publish topic=edge4av/airspan-tdd-downlink-location_3/raw-downlink/veh-001/request bytes=28 forwarded=1
1787003388.609348 publish topic=edge4av/airspan-tdd-downlink-location_3/raw-downlink/veh-001/response bytes=1056 forwarded=1
1787003388.829674 publish topic=edge4av/airspan-tdd-downlink-location_3/raw-downlink/veh-001/request bytes=28 forwarded=1
1787003388.830332 publish topic=edge4av/airspan-tdd-downlink-location_3/raw-downlink/veh-001/response bytes=1056 forwarded=1
1787003389.049783 publish topic=edge4av/airspan-tdd-downlink-location_3/raw-downlink/veh-001/request bytes=28 forwarded=1
1787003389.050461 publish topic=edge4av/airspan-tdd-downlink-location_3/raw-downlink/veh-001/response bytes=1056 forwarded=1
1787003389.269742 publish topic=edge4av/airspan-tdd-downlink-location_3/raw-downlink/veh-001/request bytes=28 forwarded=1
1787003389.270048 publish topic=edge4av/airspan-tdd-downlink-location_3/raw-downlink/veh-001/response bytes=1056 forwarded=1
1787003389.490105 publish topic=edge4av/airspan-tdd-downlink-location_3/raw-downlink/veh-001/request bytes=28 forwarded=1
1787003389.490727 publish topic=edge4av/airspan-tdd-downlink-location_3/raw-downlink/veh-001/response bytes=1056 forwarded=1
1787003389.710392 publish topic=edge4av/airspan-tdd-downlink-location_3/raw-downlink/veh-001/request bytes=28 forwarded=1
1787003389.711098 publish topic=edge4av/airspan-tdd-downlink-location_3/raw-downlink/veh-001/response bytes=1056 forwarded=1
1787003389.930731 publish topic=edge4av/airspan-tdd-downlink-location_3/raw-downlink/veh-001/request bytes=28 forwarded=1
1787003389.931398 publish topic=edge4av/airspan-tdd-downlink-location_3/raw-downlink/veh-001/response bytes=1056 forwarded=1
1787003390.151177 publish topic=edge4av/airspan-tdd-downlink-location_3/raw-downlink/veh-001/request bytes=28 forwarded=1
1787003390.151836 publish topic=edge4av/airspan-tdd-downlink-location_3/raw-downlink/veh-001/response bytes=1056 forwarded=1
1787003390.381210 publish topic=edge4av/airspan-tdd-downlink-location_3/raw-downlink/veh-001/request bytes=28 forwarded=1
1787003390.381767 publish topic=edge4av/airspan-tdd-downlink-location_3/raw-downlink/veh-001/response bytes=1056 forwarded=1
1787003390.611731 publish topic=edge4av/airspan-tdd-downlink-location_3/raw-downlink/veh-001/request bytes=28 forwarded=1
1787003390.612424 publish topic=edge4av/airspan-tdd-downlink-location_3/raw-downlink/veh-001/response bytes=1056 forwarded=1
1787003390.851979 publish topic=edge4av/airspan-tdd-downlink-location_3/raw-downlink/veh-001/request bytes=28 forwarded=1
1787003390.852946 publish topic=edge4av/airspan-tdd-downlink-location_3/raw-downlink/veh-001/response bytes=1056 forwarded=1
1787003391.072364 publish topic=edge4av/airspan-tdd-downlink-location_3/raw-downlink/veh-001/request bytes=28 forwarded=1
1787003391.073090 publish topic=edge4av/airspan-tdd-downlink-location_3/raw-downlink/veh-001/response bytes=1056 forwarded=1
1787003391.302560 publish topic=edge4av/airspan-tdd-downlink-location_3/raw-downlink/veh-001/request bytes=28 forwarded=1
1787003391.303268 publish topic=edge4av/airspan-tdd-downlink-location_3/raw-downlink/veh-001/response bytes=1056 forwarded=1
1787003391.532703 publish topic=edge4av/airspan-tdd-downlink-location_3/raw-downlink/veh-001/request bytes=28 forwarded=1
1787003391.533379 publish topic=edge4av/airspan-tdd-downlink-location_3/raw-downlink/veh-001/response bytes=1056 forwarded=1
1787003391.773053 publish topic=edge4av/airspan-tdd-downlink-location_3/raw-downlink/veh-001/request bytes=28 forwarded=1
1787003391.773717 publish topic=edge4av/airspan-tdd-downlink-location_3/raw-downlink/veh-001/response bytes=1056 forwarded=1
1787003392.013439 publish topic=edge4av/airspan-tdd-downlink-location_3/raw-downlink/veh-001/request bytes=28 forwarded=1
1787003392.014112 publish topic=edge4av/airspan-tdd-downlink-location_3/raw-downlink/veh-001/response bytes=1056 forwarded=1
1787003392.233632 publish topic=edge4av/airspan-tdd-downlink-location_3/raw-downlink/veh-001/request bytes=28 forwarded=1
1787003392.234309 publish topic=edge4av/airspan-tdd-downlink-location_3/raw-downlink/veh-001/response bytes=1056 forwarded=1
1787003392.463612 publish topic=edge4av/airspan-tdd-downlink-location_3/raw-downlink/veh-001/request bytes=28 forwarded=1
1787003392.463841 publish topic=edge4av/airspan-tdd-downlink-location_3/raw-downlink/veh-001/response bytes=1056 forwarded=1
1787003392.694110 publish topic=edge4av/airspan-tdd-downlink-location_3/raw-downlink/veh-001/request bytes=28 forwarded=1
1787003392.694387 publish topic=edge4av/airspan-tdd-downlink-location_3/raw-downlink/veh-001/response bytes=1056 forwarded=1
1787003392.934810 publish topic=edge4av/airspan-tdd-downlink-location_3/raw-downlink/veh-001/request bytes=28 forwarded=1
1787003392.935538 publish topic=edge4av/airspan-tdd-downlink-location_3/raw-downlink/veh-001/response bytes=1056 forwarded=1
1787003393.164834 publish topic=edge4av/airspan-tdd-downlink-location_3/raw-downlink/veh-001/request bytes=28 forwarded=1
1787003393.165519 publish topic=edge4av/airspan-tdd-downlink-location_3/raw-downlink/veh-001/response bytes=1056 forwarded=1
1787003393.385247 publish topic=edge4av/airspan-tdd-downlink-location_3/raw-downlink/veh-001/request bytes=28 forwarded=1
1787003393.385969 publish topic=edge4av/airspan-tdd-downlink-location_3/raw-downlink/veh-001/response bytes=1056 forwarded=1
1787003393.615560 publish topic=edge4av/airspan-tdd-downlink-location_3/raw-downlink/veh-001/request bytes=28 forwarded=1
1787003393.616264 publish topic=edge4av/airspan-tdd-downlink-location_3/raw-downlink/veh-001/response bytes=1056 forwarded=1
1787003393.845584 publish topic=edge4av/airspan-tdd-downlink-location_3/raw-downlink/veh-001/request bytes=28 forwarded=1
1787003393.845867 publish topic=edge4av/airspan-tdd-downlink-location_3/raw-downlink/veh-001/response bytes=1056 forwarded=1
1787003394.065955 publish topic=edge4av/airspan-tdd-downlink-location_3/raw-downlink/veh-001/request bytes=28 forwarded=1
1787003394.066663 publish topic=edge4av/airspan-tdd-downlink-location_3/raw-downlink/veh-001/response bytes=1056 forwarded=1
1787003394.286247 publish topic=edge4av/airspan-tdd-downlink-location_3/raw-downlink/veh-001/request bytes=28 forwarded=1
1787003394.286996 publish topic=edge4av/airspan-tdd-downlink-location_3/raw-downlink/veh-001/response bytes=1056 forwarded=1
1787003394.506245 publish topic=edge4av/airspan-tdd-downlink-location_3/raw-downlink/veh-001/request bytes=28 forwarded=1
1787003394.506636 publish topic=edge4av/airspan-tdd-downlink-location_3/raw-downlink/veh-001/response bytes=1056 forwarded=1
1787003394.726741 publish topic=edge4av/airspan-tdd-downlink-location_3/raw-downlink/veh-001/request bytes=28 forwarded=1
1787003394.727457 publish topic=edge4av/airspan-tdd-downlink-location_3/raw-downlink/veh-001/response bytes=1056 forwarded=1
1787003394.946836 publish topic=edge4av/airspan-tdd-downlink-location_3/raw-downlink/veh-001/request bytes=28 forwarded=1
1787003394.947592 publish topic=edge4av/airspan-tdd-downlink-location_3/raw-downlink/veh-001/response bytes=1056 forwarded=1
1787003395.167035 publish topic=edge4av/airspan-tdd-downlink-location_3/raw-downlink/veh-001/request bytes=28 forwarded=1
1787003395.167342 publish topic=edge4av/airspan-tdd-downlink-location_3/raw-downlink/veh-001/response bytes=1056 forwarded=1
1787003395.387664 publish topic=edge4av/airspan-tdd-downlink-location_3/raw-downlink/veh-001/request bytes=28 forwarded=1
1787003395.388402 publish topic=edge4av/airspan-tdd-downlink-location_3/raw-downlink/veh-001/response bytes=1056 forwarded=1
1787003395.607708 publish topic=edge4av/airspan-tdd-downlink-location_3/raw-downlink/veh-001/request bytes=28 forwarded=1
1787003395.608130 publish topic=edge4av/airspan-tdd-downlink-location_3/raw-downlink/veh-001/response bytes=1056 forwarded=1
1787003395.828080 publish topic=edge4av/airspan-tdd-downlink-location_3/raw-downlink/veh-001/request bytes=28 forwarded=1
1787003395.828803 publish topic=edge4av/airspan-tdd-downlink-location_3/raw-downlink/veh-001/response bytes=1056 forwarded=1
1787003396.048207 publish topic=edge4av/airspan-tdd-downlink-location_3/raw-downlink/veh-001/request bytes=28 forwarded=1
1787003396.048908 publish topic=edge4av/airspan-tdd-downlink-location_3/raw-downlink/veh-001/response bytes=1056 forwarded=1
1787003396.268214 publish topic=edge4av/airspan-tdd-downlink-location_3/raw-downlink/veh-001/request bytes=28 forwarded=1
1787003396.268457 publish topic=edge4av/airspan-tdd-downlink-location_3/raw-downlink/veh-001/response bytes=1056 forwarded=1
1787003396.499014 publish topic=edge4av/airspan-tdd-downlink-location_3/raw-downlink/veh-001/request bytes=28 forwarded=1
1787003396.499705 publish topic=edge4av/airspan-tdd-downlink-location_3/raw-downlink/veh-001/response bytes=1056 forwarded=1
1787003396.729036 publish topic=edge4av/airspan-tdd-downlink-location_3/raw-downlink/veh-001/request bytes=28 forwarded=1
1787003396.729528 publish topic=edge4av/airspan-tdd-downlink-location_3/raw-downlink/veh-001/response bytes=1056 forwarded=1
1787003396.969425 publish topic=edge4av/airspan-tdd-downlink-location_3/raw-downlink/veh-001/request bytes=28 forwarded=1
1787003396.969732 publish topic=edge4av/airspan-tdd-downlink-location_3/raw-downlink/veh-001/response bytes=1056 forwarded=1
1787003397.189744 publish topic=edge4av/airspan-tdd-downlink-location_3/raw-downlink/veh-001/request bytes=28 forwarded=1
1787003397.190505 publish topic=edge4av/airspan-tdd-downlink-location_3/raw-downlink/veh-001/response bytes=1056 forwarded=1
1787003397.409996 publish topic=edge4av/airspan-tdd-downlink-location_3/raw-downlink/veh-001/request bytes=28 forwarded=1
1787003397.410694 publish topic=edge4av/airspan-tdd-downlink-location_3/raw-downlink/veh-001/response bytes=1056 forwarded=1
1787003397.629947 publish topic=edge4av/airspan-tdd-downlink-location_3/raw-downlink/veh-001/request bytes=28 forwarded=1
1787003397.630219 publish topic=edge4av/airspan-tdd-downlink-location_3/raw-downlink/veh-001/response bytes=1056 forwarded=1
1787003397.860781 publish topic=edge4av/airspan-tdd-downlink-location_3/raw-downlink/veh-001/request bytes=28 forwarded=1
1787003397.861463 publish topic=edge4av/airspan-tdd-downlink-location_3/raw-downlink/veh-001/response bytes=1056 forwarded=1
1787003398.091059 publish topic=edge4av/airspan-tdd-downlink-location_3/raw-downlink/veh-001/request bytes=28 forwarded=1
1787003398.091839 publish topic=edge4av/airspan-tdd-downlink-location_3/raw-downlink/veh-001/response bytes=1056 forwarded=1
1787003398.311155 publish topic=edge4av/airspan-tdd-downlink-location_3/raw-downlink/veh-001/request bytes=28 forwarded=1
1787003398.311904 publish topic=edge4av/airspan-tdd-downlink-location_3/raw-downlink/veh-001/response bytes=1056 forwarded=1
1787003398.531280 publish topic=edge4av/airspan-tdd-downlink-location_3/raw-downlink/veh-001/request bytes=28 forwarded=1
1787003398.531918 publish topic=edge4av/airspan-tdd-downlink-location_3/raw-downlink/veh-001/response bytes=1056 forwarded=1
1787003398.771917 publish topic=edge4av/airspan-tdd-downlink-location_3/raw-downlink/veh-001/request bytes=28 forwarded=1
1787003398.772707 publish topic=edge4av/airspan-tdd-downlink-location_3/raw-downlink/veh-001/response bytes=1056 forwarded=1
1787003399.012401 publish topic=edge4av/airspan-tdd-downlink-location_3/raw-downlink/veh-001/request bytes=28 forwarded=1
1787003399.013082 publish topic=edge4av/airspan-tdd-downlink-location_3/raw-downlink/veh-001/response bytes=1056 forwarded=1
1787003399.252645 publish topic=edge4av/airspan-tdd-downlink-location_3/raw-downlink/veh-001/request bytes=28 forwarded=1
1787003399.253330 publish topic=edge4av/airspan-tdd-downlink-location_3/raw-downlink/veh-001/response bytes=1056 forwarded=1
1787003399.482594 publish topic=edge4av/airspan-tdd-downlink-location_3/raw-downlink/veh-001/request bytes=28 forwarded=1
1787003399.483296 publish topic=edge4av/airspan-tdd-downlink-location_3/raw-downlink/veh-001/response bytes=1056 forwarded=1
1787003399.712859 publish topic=edge4av/airspan-tdd-downlink-location_3/raw-downlink/veh-001/request bytes=28 forwarded=1
1787003399.713658 publish topic=edge4av/airspan-tdd-downlink-location_3/raw-downlink/veh-001/response bytes=1056 forwarded=1
1787003399.943172 publish topic=edge4av/airspan-tdd-downlink-location_3/raw-downlink/veh-001/request bytes=28 forwarded=1
1787003399.943876 publish topic=edge4av/airspan-tdd-downlink-location_3/raw-downlink/veh-001/response bytes=1056 forwarded=1
1787003400.173414 publish topic=edge4av/airspan-tdd-downlink-location_3/raw-downlink/veh-001/request bytes=28 forwarded=1
1787003400.174105 publish topic=edge4av/airspan-tdd-downlink-location_3/raw-downlink/veh-001/response bytes=1056 forwarded=1
1787003400.413998 publish topic=edge4av/airspan-tdd-downlink-location_3/raw-downlink/veh-001/request bytes=28 forwarded=1
1787003400.414717 publish topic=edge4av/airspan-tdd-downlink-location_3/raw-downlink/veh-001/response bytes=1056 forwarded=1
1787003400.644223 publish topic=edge4av/airspan-tdd-downlink-location_3/raw-downlink/veh-001/request bytes=28 forwarded=1
1787003400.645086 publish topic=edge4av/airspan-tdd-downlink-location_3/raw-downlink/veh-001/response bytes=1056 forwarded=1
1787003400.874654 publish topic=edge4av/airspan-tdd-downlink-location_3/raw-downlink/veh-001/request bytes=28 forwarded=1
1787003400.875078 publish topic=edge4av/airspan-tdd-downlink-location_3/raw-downlink/veh-001/response bytes=1056 forwarded=1
1787003401.104715 publish topic=edge4av/airspan-tdd-downlink-location_3/raw-downlink/veh-001/request bytes=28 forwarded=1
1787003401.105030 publish topic=edge4av/airspan-tdd-downlink-location_3/raw-downlink/veh-001/response bytes=1056 forwarded=1
1787003401.335378 publish topic=edge4av/airspan-tdd-downlink-location_3/raw-downlink/veh-001/request bytes=28 forwarded=1
1787003401.336117 publish topic=edge4av/airspan-tdd-downlink-location_3/raw-downlink/veh-001/response bytes=1056 forwarded=1
1787003401.555217 publish topic=edge4av/airspan-tdd-downlink-location_3/raw-downlink/veh-001/request bytes=28 forwarded=1
1787003401.555523 publish topic=edge4av/airspan-tdd-downlink-location_3/raw-downlink/veh-001/response bytes=1056 forwarded=1
1787003401.775645 publish topic=edge4av/airspan-tdd-downlink-location_3/raw-downlink/veh-001/request bytes=28 forwarded=1
1787003401.776398 publish topic=edge4av/airspan-tdd-downlink-location_3/raw-downlink/veh-001/response bytes=1056 forwarded=1
1787003402.005938 publish topic=edge4av/airspan-tdd-downlink-location_3/raw-downlink/veh-001/request bytes=28 forwarded=1
1787003402.006691 publish topic=edge4av/airspan-tdd-downlink-location_3/raw-downlink/veh-001/response bytes=1056 forwarded=1
1787003402.226208 publish topic=edge4av/airspan-tdd-downlink-location_3/raw-downlink/veh-001/request bytes=28 forwarded=1
1787003402.226897 publish topic=edge4av/airspan-tdd-downlink-location_3/raw-downlink/veh-001/response bytes=1056 forwarded=1
1787003402.446446 publish topic=edge4av/airspan-tdd-downlink-location_3/raw-downlink/veh-001/request bytes=28 forwarded=1
1787003402.447116 publish topic=edge4av/airspan-tdd-downlink-location_3/raw-downlink/veh-001/response bytes=1056 forwarded=1
1787003402.676477 publish topic=edge4av/airspan-tdd-downlink-location_3/raw-downlink/veh-001/request bytes=28 forwarded=1
1787003402.676875 publish topic=edge4av/airspan-tdd-downlink-location_3/raw-downlink/veh-001/response bytes=1056 forwarded=1
1787003402.897043 publish topic=edge4av/airspan-tdd-downlink-location_3/raw-downlink/veh-001/request bytes=28 forwarded=1
1787003402.897739 publish topic=edge4av/airspan-tdd-downlink-location_3/raw-downlink/veh-001/response bytes=1056 forwarded=1
1787003403.127076 publish topic=edge4av/airspan-tdd-downlink-location_3/raw-downlink/veh-001/request bytes=28 forwarded=1
1787003403.127325 publish topic=edge4av/airspan-tdd-downlink-location_3/raw-downlink/veh-001/response bytes=1056 forwarded=1
1787003403.347589 publish topic=edge4av/airspan-tdd-downlink-location_3/raw-downlink/veh-001/request bytes=28 forwarded=1
1787003403.348411 publish topic=edge4av/airspan-tdd-downlink-location_3/raw-downlink/veh-001/response bytes=1056 forwarded=1
1787003403.567647 publish topic=edge4av/airspan-tdd-downlink-location_3/raw-downlink/veh-001/request bytes=28 forwarded=1
1787003403.567983 publish topic=edge4av/airspan-tdd-downlink-location_3/raw-downlink/veh-001/response bytes=1056 forwarded=1
1787003403.788032 publish topic=edge4av/airspan-tdd-downlink-location_3/raw-downlink/veh-001/request bytes=28 forwarded=1
1787003403.788711 publish topic=edge4av/airspan-tdd-downlink-location_3/raw-downlink/veh-001/response bytes=1056 forwarded=1
1787003404.008380 publish topic=edge4av/airspan-tdd-downlink-location_3/raw-downlink/veh-001/request bytes=28 forwarded=1
1787003404.009096 publish topic=edge4av/airspan-tdd-downlink-location_3/raw-downlink/veh-001/response bytes=1056 forwarded=1
1787003404.228694 publish topic=edge4av/airspan-tdd-downlink-location_3/raw-downlink/veh-001/request bytes=28 forwarded=1
1787003404.229392 publish topic=edge4av/airspan-tdd-downlink-location_3/raw-downlink/veh-001/response bytes=1056 forwarded=1
1787003404.448769 publish topic=edge4av/airspan-tdd-downlink-location_3/raw-downlink/veh-001/request bytes=28 forwarded=1
1787003404.449436 publish topic=edge4av/airspan-tdd-downlink-location_3/raw-downlink/veh-001/response bytes=1056 forwarded=1
1787003404.669012 publish topic=edge4av/airspan-tdd-downlink-location_3/raw-downlink/veh-001/request bytes=28 forwarded=1
1787003404.669716 publish topic=edge4av/airspan-tdd-downlink-location_3/raw-downlink/veh-001/response bytes=1056 forwarded=1
1787003404.889273 publish topic=edge4av/airspan-tdd-downlink-location_3/raw-downlink/veh-001/request bytes=28 forwarded=1
1787003404.890025 publish topic=edge4av/airspan-tdd-downlink-location_3/raw-downlink/veh-001/response bytes=1056 forwarded=1
1787003405.109478 publish topic=edge4av/airspan-tdd-downlink-location_3/raw-downlink/veh-001/request bytes=28 forwarded=1
1787003405.110155 publish topic=edge4av/airspan-tdd-downlink-location_3/raw-downlink/veh-001/response bytes=1056 forwarded=1
1787003405.329760 publish topic=edge4av/airspan-tdd-downlink-location_3/raw-downlink/veh-001/request bytes=28 forwarded=1
1787003405.330139 publish topic=edge4av/airspan-tdd-downlink-location_3/raw-downlink/veh-001/response bytes=1056 forwarded=1
1787003405.549970 publish topic=edge4av/airspan-tdd-downlink-location_3/raw-downlink/veh-001/request bytes=28 forwarded=1
1787003405.550663 publish topic=edge4av/airspan-tdd-downlink-location_3/raw-downlink/veh-001/response bytes=1056 forwarded=1
1787003405.770401 publish topic=edge4av/airspan-tdd-downlink-location_3/raw-downlink/veh-001/request bytes=28 forwarded=1
1787003405.771083 publish topic=edge4av/airspan-tdd-downlink-location_3/raw-downlink/veh-001/response bytes=1056 forwarded=1
1787003405.990934 publish topic=edge4av/airspan-tdd-downlink-location_3/raw-downlink/veh-001/request bytes=28 forwarded=1
1787003405.991623 publish topic=edge4av/airspan-tdd-downlink-location_3/raw-downlink/veh-001/response bytes=1056 forwarded=1
1787003406.211103 publish topic=edge4av/airspan-tdd-downlink-location_3/raw-downlink/veh-001/request bytes=28 forwarded=1
1787003406.211773 publish topic=edge4av/airspan-tdd-downlink-location_3/raw-downlink/veh-001/response bytes=1056 forwarded=1
1787003406.431165 publish topic=edge4av/airspan-tdd-downlink-location_3/raw-downlink/veh-001/request bytes=28 forwarded=1
1787003406.431522 publish topic=edge4av/airspan-tdd-downlink-location_3/raw-downlink/veh-001/response bytes=1056 forwarded=1
1787003406.651644 publish topic=edge4av/airspan-tdd-downlink-location_3/raw-downlink/veh-001/request bytes=28 forwarded=1
1787003406.652327 publish topic=edge4av/airspan-tdd-downlink-location_3/raw-downlink/veh-001/response bytes=1056 forwarded=1
1787003406.891840 publish topic=edge4av/airspan-tdd-downlink-location_3/raw-downlink/veh-001/request bytes=28 forwarded=1
1787003406.892923 publish topic=edge4av/airspan-tdd-downlink-location_3/raw-downlink/veh-001/response bytes=1056 forwarded=1
1787003407.132352 publish topic=edge4av/airspan-tdd-downlink-location_3/raw-downlink/veh-001/request bytes=28 forwarded=1
1787003407.133065 publish topic=edge4av/airspan-tdd-downlink-location_3/raw-downlink/veh-001/response bytes=1056 forwarded=1
1787003407.372451 publish topic=edge4av/airspan-tdd-downlink-location_3/raw-downlink/veh-001/request bytes=28 forwarded=1
1787003407.373148 publish topic=edge4av/airspan-tdd-downlink-location_3/raw-downlink/veh-001/response bytes=1056 forwarded=1
1787003407.612875 publish topic=edge4av/airspan-tdd-downlink-location_3/raw-downlink/veh-001/request bytes=28 forwarded=1
1787003407.613766 publish topic=edge4av/airspan-tdd-downlink-location_3/raw-downlink/veh-001/response bytes=1056 forwarded=1
1787003407.833083 publish topic=edge4av/airspan-tdd-downlink-location_3/raw-downlink/veh-001/request bytes=28 forwarded=1
1787003407.833834 publish topic=edge4av/airspan-tdd-downlink-location_3/raw-downlink/veh-001/response bytes=1056 forwarded=1
1787003408.063191 publish topic=edge4av/airspan-tdd-downlink-location_3/raw-downlink/veh-001/request bytes=28 forwarded=1
1787003408.063473 publish topic=edge4av/airspan-tdd-downlink-location_3/raw-downlink/veh-001/response bytes=1056 forwarded=1
1787003408.283553 publish topic=edge4av/airspan-tdd-downlink-location_3/raw-downlink/veh-001/request bytes=28 forwarded=1
1787003408.284266 publish topic=edge4av/airspan-tdd-downlink-location_3/raw-downlink/veh-001/response bytes=1056 forwarded=1
1787003408.513910 publish topic=edge4av/airspan-tdd-downlink-location_3/raw-downlink/veh-001/request bytes=28 forwarded=1
1787003408.514292 publish topic=edge4av/airspan-tdd-downlink-location_3/raw-downlink/veh-001/response bytes=1056 forwarded=1
1787003408.744253 publish topic=edge4av/airspan-tdd-downlink-location_3/raw-downlink/veh-001/request bytes=28 forwarded=1
1787003408.745050 publish topic=edge4av/airspan-tdd-downlink-location_3/raw-downlink/veh-001/response bytes=1056 forwarded=1
1787003408.964586 publish topic=edge4av/airspan-tdd-downlink-location_3/raw-downlink/veh-001/request bytes=28 forwarded=1
1787003408.965317 publish topic=edge4av/airspan-tdd-downlink-location_3/raw-downlink/veh-001/response bytes=1056 forwarded=1
1787003409.184757 publish topic=edge4av/airspan-tdd-downlink-location_3/raw-downlink/veh-001/request bytes=28 forwarded=1
1787003409.185282 publish topic=edge4av/airspan-tdd-downlink-location_3/raw-downlink/veh-001/response bytes=1056 forwarded=1
1787003409.404977 publish topic=edge4av/airspan-tdd-downlink-location_3/raw-downlink/veh-001/request bytes=28 forwarded=1
1787003409.405224 publish topic=edge4av/airspan-tdd-downlink-location_3/raw-downlink/veh-001/response bytes=1056 forwarded=1
1787003409.625261 publish topic=edge4av/airspan-tdd-downlink-location_3/raw-downlink/veh-001/request bytes=28 forwarded=1
1787003409.625693 publish topic=edge4av/airspan-tdd-downlink-location_3/raw-downlink/veh-001/response bytes=1056 forwarded=1
1787003409.855808 publish topic=edge4av/airspan-tdd-downlink-location_3/raw-downlink/veh-001/request bytes=28 forwarded=1
1787003409.856480 publish topic=edge4av/airspan-tdd-downlink-location_3/raw-downlink/veh-001/response bytes=1056 forwarded=1
1787003410.085904 publish topic=edge4av/airspan-tdd-downlink-location_3/raw-downlink/veh-001/request bytes=28 forwarded=1
1787003410.086562 publish topic=edge4av/airspan-tdd-downlink-location_3/raw-downlink/veh-001/response bytes=1056 forwarded=1
1787003410.306228 publish topic=edge4av/airspan-tdd-downlink-location_3/raw-downlink/veh-001/request bytes=28 forwarded=1
1787003410.306866 publish topic=edge4av/airspan-tdd-downlink-location_3/raw-downlink/veh-001/response bytes=1056 forwarded=1
1787003410.526623 publish topic=edge4av/airspan-tdd-downlink-location_3/raw-downlink/veh-001/request bytes=28 forwarded=1
1787003410.527325 publish topic=edge4av/airspan-tdd-downlink-location_3/raw-downlink/veh-001/response bytes=1056 forwarded=1
1787003410.746714 publish topic=edge4av/airspan-tdd-downlink-location_3/raw-downlink/veh-001/request bytes=28 forwarded=1
1787003410.747139 publish topic=edge4av/airspan-tdd-downlink-location_3/raw-downlink/veh-001/response bytes=1056 forwarded=1
1787003410.966868 publish topic=edge4av/airspan-tdd-downlink-location_3/raw-downlink/veh-001/request bytes=28 forwarded=1
1787003410.967216 publish topic=edge4av/airspan-tdd-downlink-location_3/raw-downlink/veh-001/response bytes=1056 forwarded=1
1787003411.187261 publish topic=edge4av/airspan-tdd-downlink-location_3/raw-downlink/veh-001/request bytes=28 forwarded=1
1787003411.187960 publish topic=edge4av/airspan-tdd-downlink-location_3/raw-downlink/veh-001/response bytes=1056 forwarded=1
1787003411.407621 publish topic=edge4av/airspan-tdd-downlink-location_3/raw-downlink/veh-001/request bytes=28 forwarded=1
1787003411.408282 publish topic=edge4av/airspan-tdd-downlink-location_3/raw-downlink/veh-001/response bytes=1056 forwarded=1
1787003411.627869 publish topic=edge4av/airspan-tdd-downlink-location_3/raw-downlink/veh-001/request bytes=28 forwarded=1
1787003411.628538 publish topic=edge4av/airspan-tdd-downlink-location_3/raw-downlink/veh-001/response bytes=1056 forwarded=1
1787003411.848405 publish topic=edge4av/airspan-tdd-downlink-location_3/raw-downlink/veh-001/request bytes=28 forwarded=1
1787003411.849092 publish topic=edge4av/airspan-tdd-downlink-location_3/raw-downlink/veh-001/response bytes=1056 forwarded=1
1787003412.068536 publish topic=edge4av/airspan-tdd-downlink-location_3/raw-downlink/veh-001/request bytes=28 forwarded=1
1787003412.068807 publish topic=edge4av/airspan-tdd-downlink-location_3/raw-downlink/veh-001/response bytes=1056 forwarded=1
1787003412.288926 publish topic=edge4av/airspan-tdd-downlink-location_3/raw-downlink/veh-001/request bytes=28 forwarded=1
1787003412.289724 publish topic=edge4av/airspan-tdd-downlink-location_3/raw-downlink/veh-001/response bytes=1056 forwarded=1
1787003412.509053 publish topic=edge4av/airspan-tdd-downlink-location_3/raw-downlink/veh-001/request bytes=28 forwarded=1
1787003412.509741 publish topic=edge4av/airspan-tdd-downlink-location_3/raw-downlink/veh-001/response bytes=1056 forwarded=1
1787003412.729294 publish topic=edge4av/airspan-tdd-downlink-location_3/raw-downlink/veh-001/request bytes=28 forwarded=1
1787003412.730168 publish topic=edge4av/airspan-tdd-downlink-location_3/raw-downlink/veh-001/response bytes=1056 forwarded=1
1787003412.949533 publish topic=edge4av/airspan-tdd-downlink-location_3/raw-downlink/veh-001/request bytes=28 forwarded=1
1787003412.950217 publish topic=edge4av/airspan-tdd-downlink-location_3/raw-downlink/veh-001/response bytes=1056 forwarded=1
1787003413.169607 publish topic=edge4av/airspan-tdd-downlink-location_3/raw-downlink/veh-001/request bytes=28 forwarded=1
1787003413.169855 publish topic=edge4av/airspan-tdd-downlink-location_3/raw-downlink/veh-001/response bytes=1056 forwarded=1
1787003413.390406 publish topic=edge4av/airspan-tdd-downlink-location_3/raw-downlink/veh-001/request bytes=28 forwarded=1
1787003413.391070 publish topic=edge4av/airspan-tdd-downlink-location_3/raw-downlink/veh-001/response bytes=1056 forwarded=1
1787003413.620246 publish topic=edge4av/airspan-tdd-downlink-location_3/raw-downlink/veh-001/request bytes=28 forwarded=1
1787003413.620661 publish topic=edge4av/airspan-tdd-downlink-location_3/raw-downlink/veh-001/response bytes=1056 forwarded=1
1787003413.850914 publish topic=edge4av/airspan-tdd-downlink-location_3/raw-downlink/veh-001/request bytes=28 forwarded=1
1787003413.851575 publish topic=edge4av/airspan-tdd-downlink-location_3/raw-downlink/veh-001/response bytes=1056 forwarded=1
1787003414.091277 publish topic=edge4av/airspan-tdd-downlink-location_3/raw-downlink/veh-001/request bytes=28 forwarded=1
1787003414.091952 publish topic=edge4av/airspan-tdd-downlink-location_3/raw-downlink/veh-001/response bytes=1056 forwarded=1
1787003414.341377 publish topic=edge4av/airspan-tdd-downlink-location_3/raw-downlink/veh-001/request bytes=28 forwarded=1
1787003414.341588 publish topic=edge4av/airspan-tdd-downlink-location_3/raw-downlink/veh-001/response bytes=1056 forwarded=1
1787003414.571750 publish topic=edge4av/airspan-tdd-downlink-location_3/raw-downlink/veh-001/request bytes=28 forwarded=1
1787003414.572144 publish topic=edge4av/airspan-tdd-downlink-location_3/raw-downlink/veh-001/response bytes=1056 forwarded=1
1787003414.811845 publish topic=edge4av/airspan-tdd-downlink-location_3/raw-downlink/veh-001/request bytes=28 forwarded=1
1787003414.812228 publish topic=edge4av/airspan-tdd-downlink-location_3/raw-downlink/veh-001/response bytes=1056 forwarded=1
1787003415.052335 publish topic=edge4av/airspan-tdd-downlink-location_3/raw-downlink/veh-001/request bytes=28 forwarded=1
1787003415.053057 publish topic=edge4av/airspan-tdd-downlink-location_3/raw-downlink/veh-001/response bytes=1056 forwarded=1
1787003415.292871 publish topic=edge4av/airspan-tdd-downlink-location_3/raw-downlink/veh-001/request bytes=28 forwarded=1
1787003415.293553 publish topic=edge4av/airspan-tdd-downlink-location_3/raw-downlink/veh-001/response bytes=1056 forwarded=1
1787003415.532899 publish topic=edge4av/airspan-tdd-downlink-location_3/raw-downlink/veh-001/request bytes=28 forwarded=1
1787003415.533616 publish topic=edge4av/airspan-tdd-downlink-location_3/raw-downlink/veh-001/response bytes=1056 forwarded=1
1787003415.773317 publish topic=edge4av/airspan-tdd-downlink-location_3/raw-downlink/veh-001/request bytes=28 forwarded=1
1787003415.773839 publish topic=edge4av/airspan-tdd-downlink-location_3/raw-downlink/veh-001/response bytes=1056 forwarded=1
1787003416.013733 publish topic=edge4av/airspan-tdd-downlink-location_3/raw-downlink/veh-001/request bytes=28 forwarded=1
1787003416.014429 publish topic=edge4av/airspan-tdd-downlink-location_3/raw-downlink/veh-001/response bytes=1056 forwarded=1
1787003416.253777 publish topic=edge4av/airspan-tdd-downlink-location_3/raw-downlink/veh-001/request bytes=28 forwarded=1
1787003416.254423 publish topic=edge4av/airspan-tdd-downlink-location_3/raw-downlink/veh-001/response bytes=1056 forwarded=1
1787003416.493988 publish topic=edge4av/airspan-tdd-downlink-location_3/raw-downlink/veh-001/request bytes=28 forwarded=1
1787003416.494366 publish topic=edge4av/airspan-tdd-downlink-location_3/raw-downlink/veh-001/response bytes=1056 forwarded=1
1787003416.734688 publish topic=edge4av/airspan-tdd-downlink-location_3/raw-downlink/veh-001/request bytes=28 forwarded=1
1787003416.735380 publish topic=edge4av/airspan-tdd-downlink-location_3/raw-downlink/veh-001/response bytes=1056 forwarded=1
1787003416.964767 publish topic=edge4av/airspan-tdd-downlink-location_3/raw-downlink/veh-001/request bytes=28 forwarded=1
1787003416.965457 publish topic=edge4av/airspan-tdd-downlink-location_3/raw-downlink/veh-001/response bytes=1056 forwarded=1
1787003417.195066 publish topic=edge4av/airspan-tdd-downlink-location_3/raw-downlink/veh-001/request bytes=28 forwarded=1
1787003417.195747 publish topic=edge4av/airspan-tdd-downlink-location_3/raw-downlink/veh-001/response bytes=1056 forwarded=1
1787003417.415315 publish topic=edge4av/airspan-tdd-downlink-location_3/raw-downlink/veh-001/request bytes=28 forwarded=1
1787003417.416091 publish topic=edge4av/airspan-tdd-downlink-location_3/raw-downlink/veh-001/response bytes=1056 forwarded=1
1787003417.635343 publish topic=edge4av/airspan-tdd-downlink-location_3/raw-downlink/veh-001/request bytes=28 forwarded=1
1787003417.635722 publish topic=edge4av/airspan-tdd-downlink-location_3/raw-downlink/veh-001/response bytes=1056 forwarded=1
1787003417.855670 publish topic=edge4av/airspan-tdd-downlink-location_3/raw-downlink/veh-001/request bytes=28 forwarded=1
1787003417.855943 publish topic=edge4av/airspan-tdd-downlink-location_3/raw-downlink/veh-001/response bytes=1056 forwarded=1
1787003418.086025 publish topic=edge4av/airspan-tdd-downlink-location_3/raw-downlink/veh-001/request bytes=28 forwarded=1
1787003418.086729 publish topic=edge4av/airspan-tdd-downlink-location_3/raw-downlink/veh-001/response bytes=1056 forwarded=1
1787003418.306209 publish topic=edge4av/airspan-tdd-downlink-location_3/raw-downlink/veh-001/request bytes=28 forwarded=1
1787003418.306903 publish topic=edge4av/airspan-tdd-downlink-location_3/raw-downlink/veh-001/response bytes=1056 forwarded=1
1787003418.526758 publish topic=edge4av/airspan-tdd-downlink-location_3/raw-downlink/veh-001/request bytes=28 forwarded=1
1787003418.527450 publish topic=edge4av/airspan-tdd-downlink-location_3/raw-downlink/veh-001/response bytes=1056 forwarded=1
1787003418.747187 publish topic=edge4av/airspan-tdd-downlink-location_3/raw-downlink/veh-001/request bytes=28 forwarded=1
1787003418.747875 publish topic=edge4av/airspan-tdd-downlink-location_3/raw-downlink/veh-001/response bytes=1056 forwarded=1
1787003418.977142 publish topic=edge4av/airspan-tdd-downlink-location_3/raw-downlink/veh-001/request bytes=28 forwarded=1
1787003418.977365 publish topic=edge4av/airspan-tdd-downlink-location_3/raw-downlink/veh-001/response bytes=1056 forwarded=1
1787003419.207664 publish topic=edge4av/airspan-tdd-downlink-location_3/raw-downlink/veh-001/request bytes=28 forwarded=1
1787003419.208353 publish topic=edge4av/airspan-tdd-downlink-location_3/raw-downlink/veh-001/response bytes=1056 forwarded=1
1787003419.447983 publish topic=edge4av/airspan-tdd-downlink-location_3/raw-downlink/veh-001/request bytes=28 forwarded=1
1787003419.448635 publish topic=edge4av/airspan-tdd-downlink-location_3/raw-downlink/veh-001/response bytes=1056 forwarded=1
1787003419.668311 publish topic=edge4av/airspan-tdd-downlink-location_3/raw-downlink/veh-001/request bytes=28 forwarded=1
1787003419.669026 publish topic=edge4av/airspan-tdd-downlink-location_3/raw-downlink/veh-001/response bytes=1056 forwarded=1
1787003419.888437 publish topic=edge4av/airspan-tdd-downlink-location_3/raw-downlink/veh-001/request bytes=28 forwarded=1
1787003419.889125 publish topic=edge4av/airspan-tdd-downlink-location_3/raw-downlink/veh-001/response bytes=1056 forwarded=1
1787003420.128716 publish topic=edge4av/airspan-tdd-downlink-location_3/raw-downlink/veh-001/request bytes=28 forwarded=1
1787003420.129539 publish topic=edge4av/airspan-tdd-downlink-location_3/raw-downlink/veh-001/response bytes=1056 forwarded=1
1787003420.369143 publish topic=edge4av/airspan-tdd-downlink-location_3/raw-downlink/veh-001/request bytes=28 forwarded=1
1787003420.369818 publish topic=edge4av/airspan-tdd-downlink-location_3/raw-downlink/veh-001/response bytes=1056 forwarded=1
1787003420.589286 publish topic=edge4av/airspan-tdd-downlink-location_3/raw-downlink/veh-001/request bytes=28 forwarded=1
1787003420.589601 publish topic=edge4av/airspan-tdd-downlink-location_3/raw-downlink/veh-001/response bytes=1056 forwarded=1
1787003420.819855 publish topic=edge4av/airspan-tdd-downlink-location_3/raw-downlink/veh-001/request bytes=28 forwarded=1
1787003420.820672 publish topic=edge4av/airspan-tdd-downlink-location_3/raw-downlink/veh-001/response bytes=1056 forwarded=1
1787003421.039979 publish topic=edge4av/airspan-tdd-downlink-location_3/raw-downlink/veh-001/request bytes=28 forwarded=1
1787003421.040692 publish topic=edge4av/airspan-tdd-downlink-location_3/raw-downlink/veh-001/response bytes=1056 forwarded=1
1787003421.260293 publish topic=edge4av/airspan-tdd-downlink-location_3/raw-downlink/veh-001/request bytes=28 forwarded=1
1787003421.261090 publish topic=edge4av/airspan-tdd-downlink-location_3/raw-downlink/veh-001/response bytes=1056 forwarded=1
1787003421.490567 publish topic=edge4av/airspan-tdd-downlink-location_3/raw-downlink/veh-001/request bytes=28 forwarded=1
1787003421.491241 publish topic=edge4av/airspan-tdd-downlink-location_3/raw-downlink/veh-001/response bytes=1056 forwarded=1
1787003421.711022 publish topic=edge4av/airspan-tdd-downlink-location_3/raw-downlink/veh-001/request bytes=28 forwarded=1
1787003421.711364 publish topic=edge4av/airspan-tdd-downlink-location_3/raw-downlink/veh-001/response bytes=1056 forwarded=1
1787003421.951086 publish topic=edge4av/airspan-tdd-downlink-location_3/raw-downlink/veh-001/request bytes=28 forwarded=1
1787003421.951764 publish topic=edge4av/airspan-tdd-downlink-location_3/raw-downlink/veh-001/response bytes=1056 forwarded=1
1787003422.171341 publish topic=edge4av/airspan-tdd-downlink-location_3/raw-downlink/veh-001/request bytes=28 forwarded=1
1787003422.171636 publish topic=edge4av/airspan-tdd-downlink-location_3/raw-downlink/veh-001/response bytes=1056 forwarded=1
1787003422.411594 publish topic=edge4av/airspan-tdd-downlink-location_3/raw-downlink/veh-001/request bytes=28 forwarded=1
1787003422.412270 publish topic=edge4av/airspan-tdd-downlink-location_3/raw-downlink/veh-001/response bytes=1056 forwarded=1
1787003422.652211 publish topic=edge4av/airspan-tdd-downlink-location_3/raw-downlink/veh-001/request bytes=28 forwarded=1
1787003422.652927 publish topic=edge4av/airspan-tdd-downlink-location_3/raw-downlink/veh-001/response bytes=1056 forwarded=1
1787003422.892543 publish topic=edge4av/airspan-tdd-downlink-location_3/raw-downlink/veh-001/request bytes=28 forwarded=1
1787003422.893208 publish topic=edge4av/airspan-tdd-downlink-location_3/raw-downlink/veh-001/response bytes=1056 forwarded=1
1787003423.132533 publish topic=edge4av/airspan-tdd-downlink-location_3/raw-downlink/veh-001/request bytes=28 forwarded=1
1787003423.133250 publish topic=edge4av/airspan-tdd-downlink-location_3/raw-downlink/veh-001/response bytes=1056 forwarded=1
1787003423.372975 publish topic=edge4av/airspan-tdd-downlink-location_3/raw-downlink/veh-001/request bytes=28 forwarded=1
1787003423.373354 publish topic=edge4av/airspan-tdd-downlink-location_3/raw-downlink/veh-001/response bytes=1056 forwarded=1
1787003423.603391 publish topic=edge4av/airspan-tdd-downlink-location_3/raw-downlink/veh-001/request bytes=28 forwarded=1
1787003423.603775 publish topic=edge4av/airspan-tdd-downlink-location_3/raw-downlink/veh-001/response bytes=1056 forwarded=1
1787003423.833780 publish topic=edge4av/airspan-tdd-downlink-location_3/raw-downlink/veh-001/request bytes=28 forwarded=1
1787003423.834440 publish topic=edge4av/airspan-tdd-downlink-location_3/raw-downlink/veh-001/response bytes=1056 forwarded=1
1787003424.064212 publish topic=edge4av/airspan-tdd-downlink-location_3/raw-downlink/veh-001/request bytes=28 forwarded=1
1787003424.064950 publish topic=edge4av/airspan-tdd-downlink-location_3/raw-downlink/veh-001/response bytes=1056 forwarded=1
1787003424.294247 publish topic=edge4av/airspan-tdd-downlink-location_3/raw-downlink/veh-001/request bytes=28 forwarded=1
1787003424.294869 publish topic=edge4av/airspan-tdd-downlink-location_3/raw-downlink/veh-001/response bytes=1056 forwarded=1
1787003424.534425 publish topic=edge4av/airspan-tdd-downlink-location_3/raw-downlink/veh-001/request bytes=28 forwarded=1
1787003424.534704 publish topic=edge4av/airspan-tdd-downlink-location_3/raw-downlink/veh-001/response bytes=1056 forwarded=1
1787003424.765012 publish topic=edge4av/airspan-tdd-downlink-location_3/raw-downlink/veh-001/request bytes=28 forwarded=1
1787003424.765392 publish topic=edge4av/airspan-tdd-downlink-location_3/raw-downlink/veh-001/response bytes=1056 forwarded=1
1787003424.985096 publish topic=edge4av/airspan-tdd-downlink-location_3/raw-downlink/veh-001/request bytes=28 forwarded=1
1787003424.985433 publish topic=edge4av/airspan-tdd-downlink-location_3/raw-downlink/veh-001/response bytes=1056 forwarded=1
1787003425.215833 publish topic=edge4av/airspan-tdd-downlink-location_3/raw-downlink/veh-001/request bytes=28 forwarded=1
1787003425.216517 publish topic=edge4av/airspan-tdd-downlink-location_3/raw-downlink/veh-001/response bytes=1056 forwarded=1
1787003425.445854 publish topic=edge4av/airspan-tdd-downlink-location_3/raw-downlink/veh-001/request bytes=28 forwarded=1
1787003425.446527 publish topic=edge4av/airspan-tdd-downlink-location_3/raw-downlink/veh-001/response bytes=1056 forwarded=1
1787003425.666142 publish topic=edge4av/airspan-tdd-downlink-location_3/raw-downlink/veh-001/request bytes=28 forwarded=1
1787003425.666452 publish topic=edge4av/airspan-tdd-downlink-location_3/raw-downlink/veh-001/response bytes=1056 forwarded=1
1787003425.886535 publish topic=edge4av/airspan-tdd-downlink-location_3/raw-downlink/veh-001/request bytes=28 forwarded=1
1787003425.887163 publish topic=edge4av/airspan-tdd-downlink-location_3/raw-downlink/veh-001/response bytes=1056 forwarded=1
1787003426.106573 publish topic=edge4av/airspan-tdd-downlink-location_3/raw-downlink/veh-001/request bytes=28 forwarded=1
1787003426.106820 publish topic=edge4av/airspan-tdd-downlink-location_3/raw-downlink/veh-001/response bytes=1056 forwarded=1
1787003426.326815 publish topic=edge4av/airspan-tdd-downlink-location_3/raw-downlink/veh-001/request bytes=28 forwarded=1
1787003426.327068 publish topic=edge4av/airspan-tdd-downlink-location_3/raw-downlink/veh-001/response bytes=1056 forwarded=1
1787003426.547171 publish topic=edge4av/airspan-tdd-downlink-location_3/raw-downlink/veh-001/request bytes=28 forwarded=1
1787003426.547829 publish topic=edge4av/airspan-tdd-downlink-location_3/raw-downlink/veh-001/response bytes=1056 forwarded=1
1787003426.777329 publish topic=edge4av/airspan-tdd-downlink-location_3/raw-downlink/veh-001/request bytes=28 forwarded=1
1787003426.777528 publish topic=edge4av/airspan-tdd-downlink-location_3/raw-downlink/veh-001/response bytes=1056 forwarded=1
1787003427.007928 publish topic=edge4av/airspan-tdd-downlink-location_3/raw-downlink/veh-001/request bytes=28 forwarded=1
1787003427.008553 publish topic=edge4av/airspan-tdd-downlink-location_3/raw-downlink/veh-001/response bytes=1056 forwarded=1
1787003427.228240 publish topic=edge4av/airspan-tdd-downlink-location_3/raw-downlink/veh-001/request bytes=28 forwarded=1
1787003427.228909 publish topic=edge4av/airspan-tdd-downlink-location_3/raw-downlink/veh-001/response bytes=1056 forwarded=1
1787003427.448131 publish topic=edge4av/airspan-tdd-downlink-location_3/raw-downlink/veh-001/request bytes=28 forwarded=1
1787003427.448353 publish topic=edge4av/airspan-tdd-downlink-location_3/raw-downlink/veh-001/response bytes=1056 forwarded=1
1787003427.688821 publish topic=edge4av/airspan-tdd-downlink-location_3/raw-downlink/veh-001/request bytes=28 forwarded=1
1787003427.689452 publish topic=edge4av/airspan-tdd-downlink-location_3/raw-downlink/veh-001/response bytes=1056 forwarded=1
1787003427.908846 publish topic=edge4av/airspan-tdd-downlink-location_3/raw-downlink/veh-001/request bytes=28 forwarded=1
1787003427.909319 publish topic=edge4av/airspan-tdd-downlink-location_3/raw-downlink/veh-001/response bytes=1056 forwarded=1
1787003428.129210 publish topic=edge4av/airspan-tdd-downlink-location_3/raw-downlink/veh-001/request bytes=28 forwarded=1
1787003428.129874 publish topic=edge4av/airspan-tdd-downlink-location_3/raw-downlink/veh-001/response bytes=1056 forwarded=1
1787003428.369823 publish topic=edge4av/airspan-tdd-downlink-location_3/raw-downlink/veh-001/request bytes=28 forwarded=1
1787003428.370588 publish topic=edge4av/airspan-tdd-downlink-location_3/raw-downlink/veh-001/response bytes=1056 forwarded=1
1787003428.589877 publish topic=edge4av/airspan-tdd-downlink-location_3/raw-downlink/veh-001/request bytes=28 forwarded=1
1787003428.590315 publish topic=edge4av/airspan-tdd-downlink-location_3/raw-downlink/veh-001/response bytes=1056 forwarded=1
1787003428.820349 publish topic=edge4av/airspan-tdd-downlink-location_3/raw-downlink/veh-001/request bytes=28 forwarded=1
1787003428.821087 publish topic=edge4av/airspan-tdd-downlink-location_3/raw-downlink/veh-001/response bytes=1056 forwarded=1
1787003429.050394 publish topic=edge4av/airspan-tdd-downlink-location_3/raw-downlink/veh-001/request bytes=28 forwarded=1
1787003429.050729 publish topic=edge4av/airspan-tdd-downlink-location_3/raw-downlink/veh-001/response bytes=1056 forwarded=1
1787003429.270764 publish topic=edge4av/airspan-tdd-downlink-location_3/raw-downlink/veh-001/request bytes=28 forwarded=1
1787003429.271423 publish topic=edge4av/airspan-tdd-downlink-location_3/raw-downlink/veh-001/response bytes=1056 forwarded=1
1787003429.490847 publish topic=edge4av/airspan-tdd-downlink-location_3/raw-downlink/veh-001/request bytes=28 forwarded=1
1787003429.491108 publish topic=edge4av/airspan-tdd-downlink-location_3/raw-downlink/veh-001/response bytes=1056 forwarded=1
1787003429.711228 publish topic=edge4av/airspan-tdd-downlink-location_3/raw-downlink/veh-001/request bytes=28 forwarded=1
1787003429.711506 publish topic=edge4av/airspan-tdd-downlink-location_3/raw-downlink/veh-001/response bytes=1056 forwarded=1
1787003429.931751 publish topic=edge4av/airspan-tdd-downlink-location_3/raw-downlink/veh-001/request bytes=28 forwarded=1
1787003429.932580 publish topic=edge4av/airspan-tdd-downlink-location_3/raw-downlink/veh-001/response bytes=1056 forwarded=1
1787003430.171904 publish topic=edge4av/airspan-tdd-downlink-location_3/raw-downlink/veh-001/request bytes=28 forwarded=1
1787003430.172313 publish topic=edge4av/airspan-tdd-downlink-location_3/raw-downlink/veh-001/response bytes=1056 forwarded=1
1787003430.412455 publish topic=edge4av/airspan-tdd-downlink-location_3/raw-downlink/veh-001/request bytes=28 forwarded=1
1787003430.413300 publish topic=edge4av/airspan-tdd-downlink-location_3/raw-downlink/veh-001/response bytes=1056 forwarded=1
1787003430.652742 publish topic=edge4av/airspan-tdd-downlink-location_3/raw-downlink/veh-001/request bytes=28 forwarded=1
1787003430.653438 publish topic=edge4av/airspan-tdd-downlink-location_3/raw-downlink/veh-001/response bytes=1056 forwarded=1
1787003430.882823 publish topic=edge4av/airspan-tdd-downlink-location_3/raw-downlink/veh-001/request bytes=28 forwarded=1
1787003430.883118 publish topic=edge4av/airspan-tdd-downlink-location_3/raw-downlink/veh-001/response bytes=1056 forwarded=1
1787003431.103307 publish topic=edge4av/airspan-tdd-downlink-location_3/raw-downlink/veh-001/request bytes=28 forwarded=1
1787003431.104016 publish topic=edge4av/airspan-tdd-downlink-location_3/raw-downlink/veh-001/response bytes=1056 forwarded=1
1787003431.343578 publish topic=edge4av/airspan-tdd-downlink-location_3/raw-downlink/veh-001/request bytes=28 forwarded=1
1787003431.343945 publish topic=edge4av/airspan-tdd-downlink-location_3/raw-downlink/veh-001/response bytes=1056 forwarded=1
1787003431.573861 publish topic=edge4av/airspan-tdd-downlink-location_3/raw-downlink/veh-001/request bytes=28 forwarded=1
1787003431.574326 publish topic=edge4av/airspan-tdd-downlink-location_3/raw-downlink/veh-001/response bytes=1056 forwarded=1
1787003431.814482 publish topic=edge4av/airspan-tdd-downlink-location_3/raw-downlink/veh-001/request bytes=28 forwarded=1
1787003431.815180 publish topic=edge4av/airspan-tdd-downlink-location_3/raw-downlink/veh-001/response bytes=1056 forwarded=1
1787003432.054704 publish topic=edge4av/airspan-tdd-downlink-location_3/raw-downlink/veh-001/request bytes=28 forwarded=1
1787003432.055463 publish topic=edge4av/airspan-tdd-downlink-location_3/raw-downlink/veh-001/response bytes=1056 forwarded=1
1787003432.275112 publish topic=edge4av/airspan-tdd-downlink-location_3/raw-downlink/veh-001/request bytes=28 forwarded=1
1787003432.276101 publish topic=edge4av/airspan-tdd-downlink-location_3/raw-downlink/veh-001/response bytes=1056 forwarded=1
1787003432.494965 publish topic=edge4av/airspan-tdd-downlink-location_3/raw-downlink/veh-001/request bytes=28 forwarded=1
1787003432.495212 publish topic=edge4av/airspan-tdd-downlink-location_3/raw-downlink/veh-001/response bytes=1056 forwarded=1
1787003432.725629 publish topic=edge4av/airspan-tdd-downlink-location_3/raw-downlink/veh-001/request bytes=28 forwarded=1
1787003432.726401 publish topic=edge4av/airspan-tdd-downlink-location_3/raw-downlink/veh-001/response bytes=1056 forwarded=1
1787003432.945847 publish topic=edge4av/airspan-tdd-downlink-location_3/raw-downlink/veh-001/request bytes=28 forwarded=1
1787003432.946533 publish topic=edge4av/airspan-tdd-downlink-location_3/raw-downlink/veh-001/response bytes=1056 forwarded=1
1787003433.165905 publish topic=edge4av/airspan-tdd-downlink-location_3/raw-downlink/veh-001/request bytes=28 forwarded=1
1787003433.166525 publish topic=edge4av/airspan-tdd-downlink-location_3/raw-downlink/veh-001/response bytes=1056 forwarded=1
1787003433.386379 publish topic=edge4av/airspan-tdd-downlink-location_3/raw-downlink/veh-001/request bytes=28 forwarded=1
1787003433.387074 publish topic=edge4av/airspan-tdd-downlink-location_3/raw-downlink/veh-001/response bytes=1056 forwarded=1
1787003433.606504 publish topic=edge4av/airspan-tdd-downlink-location_3/raw-downlink/veh-001/request bytes=28 forwarded=1
1787003433.606822 publish topic=edge4av/airspan-tdd-downlink-location_3/raw-downlink/veh-001/response bytes=1056 forwarded=1
1787003433.826563 publish topic=edge4av/airspan-tdd-downlink-location_3/raw-downlink/veh-001/request bytes=28 forwarded=1
1787003433.826947 publish topic=edge4av/airspan-tdd-downlink-location_3/raw-downlink/veh-001/response bytes=1056 forwarded=1
1787003434.047051 publish topic=edge4av/airspan-tdd-downlink-location_3/raw-downlink/veh-001/request bytes=28 forwarded=1
1787003434.047431 publish topic=edge4av/airspan-tdd-downlink-location_3/raw-downlink/veh-001/response bytes=1056 forwarded=1
1787003434.267272 publish topic=edge4av/airspan-tdd-downlink-location_3/raw-downlink/veh-001/request bytes=28 forwarded=1
1787003434.268002 publish topic=edge4av/airspan-tdd-downlink-location_3/raw-downlink/veh-001/response bytes=1056 forwarded=1
1787003434.497510 publish topic=edge4av/airspan-tdd-downlink-location_3/raw-downlink/veh-001/request bytes=28 forwarded=1
1787003434.498222 publish topic=edge4av/airspan-tdd-downlink-location_3/raw-downlink/veh-001/response bytes=1056 forwarded=1
1787003434.727787 publish topic=edge4av/airspan-tdd-downlink-location_3/raw-downlink/veh-001/request bytes=28 forwarded=1
1787003434.728120 publish topic=edge4av/airspan-tdd-downlink-location_3/raw-downlink/veh-001/response bytes=1056 forwarded=1
1787003434.948219 publish topic=edge4av/airspan-tdd-downlink-location_3/raw-downlink/veh-001/request bytes=28 forwarded=1
1787003434.948706 publish topic=edge4av/airspan-tdd-downlink-location_3/raw-downlink/veh-001/response bytes=1056 forwarded=1
1787003435.178467 publish topic=edge4av/airspan-tdd-downlink-location_3/raw-downlink/veh-001/request bytes=28 forwarded=1
1787003435.178744 publish topic=edge4av/airspan-tdd-downlink-location_3/raw-downlink/veh-001/response bytes=1056 forwarded=1
1787003435.408989 publish topic=edge4av/airspan-tdd-downlink-location_3/raw-downlink/veh-001/request bytes=28 forwarded=1
1787003435.409701 publish topic=edge4av/airspan-tdd-downlink-location_3/raw-downlink/veh-001/response bytes=1056 forwarded=1
1787003435.649448 publish topic=edge4av/airspan-tdd-downlink-location_3/raw-downlink/veh-001/request bytes=28 forwarded=1
1787003435.650102 publish topic=edge4av/airspan-tdd-downlink-location_3/raw-downlink/veh-001/response bytes=1056 forwarded=1
1787003435.869638 publish topic=edge4av/airspan-tdd-downlink-location_3/raw-downlink/veh-001/request bytes=28 forwarded=1
1787003435.869986 publish topic=edge4av/airspan-tdd-downlink-location_3/raw-downlink/veh-001/response bytes=1056 forwarded=1
1787003436.090022 publish topic=edge4av/airspan-tdd-downlink-location_3/raw-downlink/veh-001/request bytes=28 forwarded=1
1787003436.090760 publish topic=edge4av/airspan-tdd-downlink-location_3/raw-downlink/veh-001/response bytes=1056 forwarded=1
1787003436.330350 publish topic=edge4av/airspan-tdd-downlink-location_3/raw-downlink/veh-001/request bytes=28 forwarded=1
1787003436.330981 publish topic=edge4av/airspan-tdd-downlink-location_3/raw-downlink/veh-001/response bytes=1056 forwarded=1
1787003436.550833 publish topic=edge4av/airspan-tdd-downlink-location_3/raw-downlink/veh-001/request bytes=28 forwarded=1
1787003436.551435 publish topic=edge4av/airspan-tdd-downlink-location_3/raw-downlink/veh-001/response bytes=1056 forwarded=1
1787003436.781541 publish topic=edge4av/airspan-tdd-downlink-location_3/raw-downlink/veh-001/request bytes=28 forwarded=1
1787003436.782165 publish topic=edge4av/airspan-tdd-downlink-location_3/raw-downlink/veh-001/response bytes=1056 forwarded=1
1787003437.011481 publish topic=edge4av/airspan-tdd-downlink-location_3/raw-downlink/veh-001/request bytes=28 forwarded=1
1787003437.011749 publish topic=edge4av/airspan-tdd-downlink-location_3/raw-downlink/veh-001/response bytes=1056 forwarded=1
1787003437.252209 publish topic=edge4av/airspan-tdd-downlink-location_3/raw-downlink/veh-001/request bytes=28 forwarded=1
1787003437.252867 publish topic=edge4av/airspan-tdd-downlink-location_3/raw-downlink/veh-001/response bytes=1056 forwarded=1
1787003437.482345 publish topic=edge4av/airspan-tdd-downlink-location_3/raw-downlink/veh-001/request bytes=28 forwarded=1
1787003437.483021 publish topic=edge4av/airspan-tdd-downlink-location_3/raw-downlink/veh-001/response bytes=1056 forwarded=1
1787003437.712871 publish topic=edge4av/airspan-tdd-downlink-location_3/raw-downlink/veh-001/request bytes=28 forwarded=1
1787003437.713464 publish topic=edge4av/airspan-tdd-downlink-location_3/raw-downlink/veh-001/response bytes=1056 forwarded=1
1787003437.943396 publish topic=edge4av/airspan-tdd-downlink-location_3/raw-downlink/veh-001/request bytes=28 forwarded=1
1787003437.944050 publish topic=edge4av/airspan-tdd-downlink-location_3/raw-downlink/veh-001/response bytes=1056 forwarded=1
1787003438.173499 publish topic=edge4av/airspan-tdd-downlink-location_3/raw-downlink/veh-001/request bytes=28 forwarded=1
1787003438.173804 publish topic=edge4av/airspan-tdd-downlink-location_3/raw-downlink/veh-001/response bytes=1056 forwarded=1
1787003438.414316 publish topic=edge4av/airspan-tdd-downlink-location_3/raw-downlink/veh-001/request bytes=28 forwarded=1
1787003438.414938 publish topic=edge4av/airspan-tdd-downlink-location_3/raw-downlink/veh-001/response bytes=1056 forwarded=1
1787003438.644680 publish topic=edge4av/airspan-tdd-downlink-location_3/raw-downlink/veh-001/request bytes=28 forwarded=1
1787003438.645393 publish topic=edge4av/airspan-tdd-downlink-location_3/raw-downlink/veh-001/response bytes=1056 forwarded=1
1787003438.864856 publish topic=edge4av/airspan-tdd-downlink-location_3/raw-downlink/veh-001/request bytes=28 forwarded=1
1787003438.865653 publish topic=edge4av/airspan-tdd-downlink-location_3/raw-downlink/veh-001/response bytes=1056 forwarded=1
1787003439.085050 publish topic=edge4av/airspan-tdd-downlink-location_3/raw-downlink/veh-001/request bytes=28 forwarded=1
1787003439.085307 publish topic=edge4av/airspan-tdd-downlink-location_3/raw-downlink/veh-001/response bytes=1056 forwarded=1
1787003439.305463 publish topic=edge4av/airspan-tdd-downlink-location_3/raw-downlink/veh-001/request bytes=28 forwarded=1
1787003439.305784 publish topic=edge4av/airspan-tdd-downlink-location_3/raw-downlink/veh-001/response bytes=1056 forwarded=1
1787003439.536003 publish topic=edge4av/airspan-tdd-downlink-location_3/raw-downlink/veh-001/request bytes=28 forwarded=1
1787003439.536906 publish topic=edge4av/airspan-tdd-downlink-location_3/raw-downlink/veh-001/response bytes=1056 forwarded=1
1787003439.766689 publish topic=edge4av/airspan-tdd-downlink-location_3/raw-downlink/veh-001/request bytes=28 forwarded=1
1787003439.767355 publish topic=edge4av/airspan-tdd-downlink-location_3/raw-downlink/veh-001/response bytes=1056 forwarded=1
1787003439.986810 publish topic=edge4av/airspan-tdd-downlink-location_3/raw-downlink/veh-001/request bytes=28 forwarded=1
1787003439.987372 publish topic=edge4av/airspan-tdd-downlink-location_3/raw-downlink/veh-001/response bytes=1056 forwarded=1
1787003440.207031 publish topic=edge4av/airspan-tdd-downlink-location_3/raw-downlink/veh-001/request bytes=28 forwarded=1
1787003440.207285 publish topic=edge4av/airspan-tdd-downlink-location_3/raw-downlink/veh-001/response bytes=1056 forwarded=1
1787003440.427557 publish topic=edge4av/airspan-tdd-downlink-location_3/raw-downlink/veh-001/request bytes=28 forwarded=1
1787003440.428356 publish topic=edge4av/airspan-tdd-downlink-location_3/raw-downlink/veh-001/response bytes=1056 forwarded=1
1787003440.648144 publish topic=edge4av/airspan-tdd-downlink-location_3/raw-downlink/veh-001/request bytes=28 forwarded=1
1787003440.648902 publish topic=edge4av/airspan-tdd-downlink-location_3/raw-downlink/veh-001/response bytes=1056 forwarded=1
1787003440.868365 publish topic=edge4av/airspan-tdd-downlink-location_3/raw-downlink/veh-001/request bytes=28 forwarded=1
1787003440.869087 publish topic=edge4av/airspan-tdd-downlink-location_3/raw-downlink/veh-001/response bytes=1056 forwarded=1
1787003441.098596 publish topic=edge4av/airspan-tdd-downlink-location_3/raw-downlink/veh-001/request bytes=28 forwarded=1
1787003441.099246 publish topic=edge4av/airspan-tdd-downlink-location_3/raw-downlink/veh-001/response bytes=1056 forwarded=1
1787003441.329187 publish topic=edge4av/airspan-tdd-downlink-location_3/raw-downlink/veh-001/request bytes=28 forwarded=1
1787003441.329841 publish topic=edge4av/airspan-tdd-downlink-location_3/raw-downlink/veh-001/response bytes=1056 forwarded=1
1787003441.569462 publish topic=edge4av/airspan-tdd-downlink-location_3/raw-downlink/veh-001/request bytes=28 forwarded=1
1787003441.570483 publish topic=edge4av/airspan-tdd-downlink-location_3/raw-downlink/veh-001/response bytes=1056 forwarded=1
1787003441.810004 publish topic=edge4av/airspan-tdd-downlink-location_3/raw-downlink/veh-001/request bytes=28 forwarded=1
1787003441.810461 publish topic=edge4av/airspan-tdd-downlink-location_3/raw-downlink/veh-001/response bytes=1056 forwarded=1
1787003442.050485 publish topic=edge4av/airspan-tdd-downlink-location_3/raw-downlink/veh-001/request bytes=28 forwarded=1
1787003442.051200 publish topic=edge4av/airspan-tdd-downlink-location_3/raw-downlink/veh-001/response bytes=1056 forwarded=1
1787003442.270766 publish topic=edge4av/airspan-tdd-downlink-location_3/raw-downlink/veh-001/request bytes=28 forwarded=1
1787003442.271521 publish topic=edge4av/airspan-tdd-downlink-location_3/raw-downlink/veh-001/response bytes=1056 forwarded=1
1787003442.491298 publish topic=edge4av/airspan-tdd-downlink-location_3/raw-downlink/veh-001/request bytes=28 forwarded=1
1787003442.491949 publish topic=edge4av/airspan-tdd-downlink-location_3/raw-downlink/veh-001/response bytes=1056 forwarded=1
1787003442.721460 publish topic=edge4av/airspan-tdd-downlink-location_3/raw-downlink/veh-001/request bytes=28 forwarded=1
1787003442.721684 publish topic=edge4av/airspan-tdd-downlink-location_3/raw-downlink/veh-001/response bytes=1056 forwarded=1
1787003442.941965 publish topic=edge4av/airspan-tdd-downlink-location_3/raw-downlink/veh-001/request bytes=28 forwarded=1
1787003442.942625 publish topic=edge4av/airspan-tdd-downlink-location_3/raw-downlink/veh-001/response bytes=1056 forwarded=1
1787003443.172413 publish topic=edge4av/airspan-tdd-downlink-location_3/raw-downlink/veh-001/request bytes=28 forwarded=1
1787003443.173146 publish topic=edge4av/airspan-tdd-downlink-location_3/raw-downlink/veh-001/response bytes=1056 forwarded=1
1787003443.412793 publish topic=edge4av/airspan-tdd-downlink-location_3/raw-downlink/veh-001/request bytes=28 forwarded=1
1787003443.413467 publish topic=edge4av/airspan-tdd-downlink-location_3/raw-downlink/veh-001/response bytes=1056 forwarded=1
1787003443.653075 publish topic=edge4av/airspan-tdd-downlink-location_3/raw-downlink/veh-001/request bytes=28 forwarded=1
1787003443.653747 publish topic=edge4av/airspan-tdd-downlink-location_3/raw-downlink/veh-001/response bytes=1056 forwarded=1
1787003443.893631 publish topic=edge4av/airspan-tdd-downlink-location_3/raw-downlink/veh-001/request bytes=28 forwarded=1
1787003443.894325 publish topic=edge4av/airspan-tdd-downlink-location_3/raw-downlink/veh-001/response bytes=1056 forwarded=1
1787003444.134037 publish topic=edge4av/airspan-tdd-downlink-location_3/raw-downlink/veh-001/request bytes=28 forwarded=1
1787003444.134727 publish topic=edge4av/airspan-tdd-downlink-location_3/raw-downlink/veh-001/response bytes=1056 forwarded=1
1787003444.354358 publish topic=edge4av/airspan-tdd-downlink-location_3/raw-downlink/veh-001/request bytes=28 forwarded=1
1787003444.355212 publish topic=edge4av/airspan-tdd-downlink-location_3/raw-downlink/veh-001/response bytes=1056 forwarded=1
1787003444.584488 publish topic=edge4av/airspan-tdd-downlink-location_3/raw-downlink/veh-001/request bytes=28 forwarded=1
1787003444.585231 publish topic=edge4av/airspan-tdd-downlink-location_3/raw-downlink/veh-001/response bytes=1056 forwarded=1
1787003444.815126 publish topic=edge4av/airspan-tdd-downlink-location_3/raw-downlink/veh-001/request bytes=28 forwarded=1
1787003444.815785 publish topic=edge4av/airspan-tdd-downlink-location_3/raw-downlink/veh-001/response bytes=1056 forwarded=1
1787003445.045384 publish topic=edge4av/airspan-tdd-downlink-location_3/raw-downlink/veh-001/request bytes=28 forwarded=1
1787003445.046025 publish topic=edge4av/airspan-tdd-downlink-location_3/raw-downlink/veh-001/response bytes=1056 forwarded=1
1787003445.265517 publish topic=edge4av/airspan-tdd-downlink-location_3/raw-downlink/veh-001/request bytes=28 forwarded=1
1787003445.266164 publish topic=edge4av/airspan-tdd-downlink-location_3/raw-downlink/veh-001/response bytes=1056 forwarded=1
1787003445.495752 publish topic=edge4av/airspan-tdd-downlink-location_3/raw-downlink/veh-001/request bytes=28 forwarded=1
1787003445.496349 publish topic=edge4av/airspan-tdd-downlink-location_3/raw-downlink/veh-001/response bytes=1056 forwarded=1
1787003445.716374 publish topic=edge4av/airspan-tdd-downlink-location_3/raw-downlink/veh-001/request bytes=28 forwarded=1
1787003445.717062 publish topic=edge4av/airspan-tdd-downlink-location_3/raw-downlink/veh-001/response bytes=1056 forwarded=1
1787003445.936138 publish topic=edge4av/airspan-tdd-downlink-location_3/raw-downlink/veh-001/request bytes=28 forwarded=1
1787003445.936331 publish topic=edge4av/airspan-tdd-downlink-location_3/raw-downlink/veh-001/response bytes=1056 forwarded=1
1787003446.156412 publish topic=edge4av/airspan-tdd-downlink-location_3/raw-downlink/veh-001/request bytes=28 forwarded=1
1787003446.156723 publish topic=edge4av/airspan-tdd-downlink-location_3/raw-downlink/veh-001/response bytes=1056 forwarded=1
1787003446.376927 publish topic=edge4av/airspan-tdd-downlink-location_3/raw-downlink/veh-001/request bytes=28 forwarded=1
1787003446.377629 publish topic=edge4av/airspan-tdd-downlink-location_3/raw-downlink/veh-001/response bytes=1056 forwarded=1
1787003446.607179 publish topic=edge4av/airspan-tdd-downlink-location_3/raw-downlink/veh-001/request bytes=28 forwarded=1
1787003446.607854 publish topic=edge4av/airspan-tdd-downlink-location_3/raw-downlink/veh-001/response bytes=1056 forwarded=1
1787003446.847578 publish topic=edge4av/airspan-tdd-downlink-location_3/raw-downlink/veh-001/request bytes=28 forwarded=1
1787003446.848211 publish topic=edge4av/airspan-tdd-downlink-location_3/raw-downlink/veh-001/response bytes=1056 forwarded=1
1787003447.067932 publish topic=edge4av/airspan-tdd-downlink-location_3/raw-downlink/veh-001/request bytes=28 forwarded=1
1787003447.068577 publish topic=edge4av/airspan-tdd-downlink-location_3/raw-downlink/veh-001/response bytes=1056 forwarded=1
1787003447.287961 publish topic=edge4av/airspan-tdd-downlink-location_3/raw-downlink/veh-001/request bytes=28 forwarded=1
1787003447.288264 publish topic=edge4av/airspan-tdd-downlink-location_3/raw-downlink/veh-001/response bytes=1056 forwarded=1
1787003447.508352 publish topic=edge4av/airspan-tdd-downlink-location_3/raw-downlink/veh-001/request bytes=28 forwarded=1
1787003447.509033 publish topic=edge4av/airspan-tdd-downlink-location_3/raw-downlink/veh-001/response bytes=1056 forwarded=1
1787003447.738779 publish topic=edge4av/airspan-tdd-downlink-location_3/raw-downlink/veh-001/request bytes=28 forwarded=1
1787003447.739433 publish topic=edge4av/airspan-tdd-downlink-location_3/raw-downlink/veh-001/response bytes=1056 forwarded=1
1787003447.968740 publish topic=edge4av/airspan-tdd-downlink-location_3/raw-downlink/veh-001/request bytes=28 forwarded=1
1787003447.968971 publish topic=edge4av/airspan-tdd-downlink-location_3/raw-downlink/veh-001/response bytes=1056 forwarded=1
1787003448.189176 publish topic=edge4av/airspan-tdd-downlink-location_3/raw-downlink/veh-001/request bytes=28 forwarded=1
1787003448.189816 publish topic=edge4av/airspan-tdd-downlink-location_3/raw-downlink/veh-001/response bytes=1056 forwarded=1
1787003448.409191 publish topic=edge4av/airspan-tdd-downlink-location_3/raw-downlink/veh-001/request bytes=28 forwarded=1
1787003448.409549 publish topic=edge4av/airspan-tdd-downlink-location_3/raw-downlink/veh-001/response bytes=1056 forwarded=1
1787003448.649765 publish topic=edge4av/airspan-tdd-downlink-location_3/raw-downlink/veh-001/request bytes=28 forwarded=1
1787003448.650412 publish topic=edge4av/airspan-tdd-downlink-location_3/raw-downlink/veh-001/response bytes=1056 forwarded=1
1787003448.869959 publish topic=edge4av/airspan-tdd-downlink-location_3/raw-downlink/veh-001/request bytes=28 forwarded=1
1787003448.870775 publish topic=edge4av/airspan-tdd-downlink-location_3/raw-downlink/veh-001/response bytes=1056 forwarded=1
1787003449.100461 publish topic=edge4av/airspan-tdd-downlink-location_3/raw-downlink/veh-001/request bytes=28 forwarded=1
1787003449.101195 publish topic=edge4av/airspan-tdd-downlink-location_3/raw-downlink/veh-001/response bytes=1056 forwarded=1
1787003449.330719 publish topic=edge4av/airspan-tdd-downlink-location_3/raw-downlink/veh-001/request bytes=28 forwarded=1
1787003449.331360 publish topic=edge4av/airspan-tdd-downlink-location_3/raw-downlink/veh-001/response bytes=1056 forwarded=1
1787003449.550614 publish topic=edge4av/airspan-tdd-downlink-location_3/raw-downlink/veh-001/request bytes=28 forwarded=1
1787003449.550931 publish topic=edge4av/airspan-tdd-downlink-location_3/raw-downlink/veh-001/response bytes=1056 forwarded=1
1787003449.771292 publish topic=edge4av/airspan-tdd-downlink-location_3/raw-downlink/veh-001/request bytes=28 forwarded=1
1787003449.771948 publish topic=edge4av/airspan-tdd-downlink-location_3/raw-downlink/veh-001/response bytes=1056 forwarded=1
1787003449.991310 publish topic=edge4av/airspan-tdd-downlink-location_3/raw-downlink/veh-001/request bytes=28 forwarded=1
1787003449.991979 publish topic=edge4av/airspan-tdd-downlink-location_3/raw-downlink/veh-001/response bytes=1056 forwarded=1
1787003450.211582 publish topic=edge4av/airspan-tdd-downlink-location_3/raw-downlink/veh-001/request bytes=28 forwarded=1
1787003450.212244 publish topic=edge4av/airspan-tdd-downlink-location_3/raw-downlink/veh-001/response bytes=1056 forwarded=1
1787003450.452028 publish topic=edge4av/airspan-tdd-downlink-location_3/raw-downlink/veh-001/request bytes=28 forwarded=1
1787003450.452770 publish topic=edge4av/airspan-tdd-downlink-location_3/raw-downlink/veh-001/response bytes=1056 forwarded=1
1787003450.692198 publish topic=edge4av/airspan-tdd-downlink-location_3/raw-downlink/veh-001/request bytes=28 forwarded=1
1787003450.692900 publish topic=edge4av/airspan-tdd-downlink-location_3/raw-downlink/veh-001/response bytes=1056 forwarded=1
1787003450.912581 publish topic=edge4av/airspan-tdd-downlink-location_3/raw-downlink/veh-001/request bytes=28 forwarded=1
1787003450.913316 publish topic=edge4av/airspan-tdd-downlink-location_3/raw-downlink/veh-001/response bytes=1056 forwarded=1
1787003451.142552 publish topic=edge4av/airspan-tdd-downlink-location_3/raw-downlink/veh-001/request bytes=28 forwarded=1
1787003451.142799 publish topic=edge4av/airspan-tdd-downlink-location_3/raw-downlink/veh-001/response bytes=1056 forwarded=1
1787003451.373270 publish topic=edge4av/airspan-tdd-downlink-location_3/raw-downlink/veh-001/request bytes=28 forwarded=1
1787003451.373936 publish topic=edge4av/airspan-tdd-downlink-location_3/raw-downlink/veh-001/response bytes=1056 forwarded=1
1787003451.613625 publish topic=edge4av/airspan-tdd-downlink-location_3/raw-downlink/veh-001/request bytes=28 forwarded=1
1787003451.614312 publish topic=edge4av/airspan-tdd-downlink-location_3/raw-downlink/veh-001/response bytes=1056 forwarded=1
1787003451.854003 publish topic=edge4av/airspan-tdd-downlink-location_3/raw-downlink/veh-001/request bytes=28 forwarded=1
1787003451.854243 publish topic=edge4av/airspan-tdd-downlink-location_3/raw-downlink/veh-001/response bytes=1056 forwarded=1
1787003452.094640 publish topic=edge4av/airspan-tdd-downlink-location_3/raw-downlink/veh-001/request bytes=28 forwarded=1
1787003452.095312 publish topic=edge4av/airspan-tdd-downlink-location_3/raw-downlink/veh-001/response bytes=1056 forwarded=1
1787003452.334848 publish topic=edge4av/airspan-tdd-downlink-location_3/raw-downlink/veh-001/request bytes=28 forwarded=1
1787003452.335536 publish topic=edge4av/airspan-tdd-downlink-location_3/raw-downlink/veh-001/response bytes=1056 forwarded=1
1787003452.565052 publish topic=edge4av/airspan-tdd-downlink-location_3/raw-downlink/veh-001/request bytes=28 forwarded=1
1787003452.565499 publish topic=edge4av/airspan-tdd-downlink-location_3/raw-downlink/veh-001/response bytes=1056 forwarded=1
1787003452.785558 publish topic=edge4av/airspan-tdd-downlink-location_3/raw-downlink/veh-001/request bytes=28 forwarded=1
1787003452.786250 publish topic=edge4av/airspan-tdd-downlink-location_3/raw-downlink/veh-001/response bytes=1056 forwarded=1
1787003453.006031 publish topic=edge4av/airspan-tdd-downlink-location_3/raw-downlink/veh-001/request bytes=28 forwarded=1
1787003453.006718 publish topic=edge4av/airspan-tdd-downlink-location_3/raw-downlink/veh-001/response bytes=1056 forwarded=1
1787003453.226111 publish topic=edge4av/airspan-tdd-downlink-location_3/raw-downlink/veh-001/request bytes=28 forwarded=1
1787003453.226788 publish topic=edge4av/airspan-tdd-downlink-location_3/raw-downlink/veh-001/response bytes=1056 forwarded=1
1787003453.446464 publish topic=edge4av/airspan-tdd-downlink-location_3/raw-downlink/veh-001/request bytes=28 forwarded=1
1787003453.447168 publish topic=edge4av/airspan-tdd-downlink-location_3/raw-downlink/veh-001/response bytes=1056 forwarded=1
1787003453.666821 publish topic=edge4av/airspan-tdd-downlink-location_3/raw-downlink/veh-001/request bytes=28 forwarded=1
1787003453.667532 publish topic=edge4av/airspan-tdd-downlink-location_3/raw-downlink/veh-001/response bytes=1056 forwarded=1
1787003453.887260 publish topic=edge4av/airspan-tdd-downlink-location_3/raw-downlink/veh-001/request bytes=28 forwarded=1
1787003453.887961 publish topic=edge4av/airspan-tdd-downlink-location_3/raw-downlink/veh-001/response bytes=1056 forwarded=1
1787003454.107409 publish topic=edge4av/airspan-tdd-downlink-location_3/raw-downlink/veh-001/request bytes=28 forwarded=1
1787003454.107728 publish topic=edge4av/airspan-tdd-downlink-location_3/raw-downlink/veh-001/response bytes=1056 forwarded=1
1787003454.327859 publish topic=edge4av/airspan-tdd-downlink-location_3/raw-downlink/veh-001/request bytes=28 forwarded=1
1787003454.328519 publish topic=edge4av/airspan-tdd-downlink-location_3/raw-downlink/veh-001/response bytes=1056 forwarded=1
1787003454.548175 publish topic=edge4av/airspan-tdd-downlink-location_3/raw-downlink/veh-001/request bytes=28 forwarded=1
1787003454.548879 publish topic=edge4av/airspan-tdd-downlink-location_3/raw-downlink/veh-001/response bytes=1056 forwarded=1
1787003454.768661 publish topic=edge4av/airspan-tdd-downlink-location_3/raw-downlink/veh-001/request bytes=28 forwarded=1
1787003454.769303 publish topic=edge4av/airspan-tdd-downlink-location_3/raw-downlink/veh-001/response bytes=1056 forwarded=1
1787003454.988962 publish topic=edge4av/airspan-tdd-downlink-location_3/raw-downlink/veh-001/request bytes=28 forwarded=1
1787003454.989647 publish topic=edge4av/airspan-tdd-downlink-location_3/raw-downlink/veh-001/response bytes=1056 forwarded=1
1787003455.219126 publish topic=edge4av/airspan-tdd-downlink-location_3/raw-downlink/veh-001/request bytes=28 forwarded=1
1787003455.219451 publish topic=edge4av/airspan-tdd-downlink-location_3/raw-downlink/veh-001/response bytes=1056 forwarded=1
1787003455.449563 publish topic=edge4av/airspan-tdd-downlink-location_3/raw-downlink/veh-001/request bytes=28 forwarded=1
1787003455.450093 publish topic=edge4av/airspan-tdd-downlink-location_3/raw-downlink/veh-001/response bytes=1056 forwarded=1
1787003455.680167 publish topic=edge4av/airspan-tdd-downlink-location_3/raw-downlink/veh-001/request bytes=28 forwarded=1
1787003455.680858 publish topic=edge4av/airspan-tdd-downlink-location_3/raw-downlink/veh-001/response bytes=1056 forwarded=1
1787003455.900694 publish topic=edge4av/airspan-tdd-downlink-location_3/raw-downlink/veh-001/request bytes=28 forwarded=1
1787003455.901382 publish topic=edge4av/airspan-tdd-downlink-location_3/raw-downlink/veh-001/response bytes=1056 forwarded=1
1787003456.130604 publish topic=edge4av/airspan-tdd-downlink-location_3/raw-downlink/veh-001/request bytes=28 forwarded=1
1787003456.130976 publish topic=edge4av/airspan-tdd-downlink-location_3/raw-downlink/veh-001/response bytes=1056 forwarded=1
1787003456.350979 publish topic=edge4av/airspan-tdd-downlink-location_3/raw-downlink/veh-001/request bytes=28 forwarded=1
1787003456.351404 publish topic=edge4av/airspan-tdd-downlink-location_3/raw-downlink/veh-001/response bytes=1056 forwarded=1
1787003456.571258 publish topic=edge4av/airspan-tdd-downlink-location_3/raw-downlink/veh-001/request bytes=28 forwarded=1
1787003456.571553 publish topic=edge4av/airspan-tdd-downlink-location_3/raw-downlink/veh-001/response bytes=1056 forwarded=1
1787003456.791718 publish topic=edge4av/airspan-tdd-downlink-location_3/raw-downlink/veh-001/request bytes=28 forwarded=1
1787003456.792447 publish topic=edge4av/airspan-tdd-downlink-location_3/raw-downlink/veh-001/response bytes=1056 forwarded=1
1787003457.022274 publish topic=edge4av/airspan-tdd-downlink-location_3/raw-downlink/veh-001/request bytes=28 forwarded=1
1787003457.022960 publish topic=edge4av/airspan-tdd-downlink-location_3/raw-downlink/veh-001/response bytes=1056 forwarded=1
1787003457.252442 publish topic=edge4av/airspan-tdd-downlink-location_3/raw-downlink/veh-001/request bytes=28 forwarded=1
1787003457.253143 publish topic=edge4av/airspan-tdd-downlink-location_3/raw-downlink/veh-001/response bytes=1056 forwarded=1
1787003457.492658 publish topic=edge4av/airspan-tdd-downlink-location_3/raw-downlink/veh-001/request bytes=28 forwarded=1
1787003457.492981 publish topic=edge4av/airspan-tdd-downlink-location_3/raw-downlink/veh-001/response bytes=1056 forwarded=1
1787003457.723130 publish topic=edge4av/airspan-tdd-downlink-location_3/raw-downlink/veh-001/request bytes=28 forwarded=1
1787003457.723383 publish topic=edge4av/airspan-tdd-downlink-location_3/raw-downlink/veh-001/response bytes=1056 forwarded=1
1787003457.953846 publish topic=edge4av/airspan-tdd-downlink-location_3/raw-downlink/veh-001/request bytes=28 forwarded=1
1787003457.954490 publish topic=edge4av/airspan-tdd-downlink-location_3/raw-downlink/veh-001/response bytes=1056 forwarded=1
1787003458.184124 publish topic=edge4av/airspan-tdd-downlink-location_3/raw-downlink/veh-001/request bytes=28 forwarded=1
1787003458.184765 publish topic=edge4av/airspan-tdd-downlink-location_3/raw-downlink/veh-001/response bytes=1056 forwarded=1
1787003458.414451 publish topic=edge4av/airspan-tdd-downlink-location_3/raw-downlink/veh-001/request bytes=28 forwarded=1
1787003458.415152 publish topic=edge4av/airspan-tdd-downlink-location_3/raw-downlink/veh-001/response bytes=1056 forwarded=1
1787003458.654553 publish topic=edge4av/airspan-tdd-downlink-location_3/raw-downlink/veh-001/request bytes=28 forwarded=1
1787003458.654809 publish topic=edge4av/airspan-tdd-downlink-location_3/raw-downlink/veh-001/response bytes=1056 forwarded=1
1787003458.885208 publish topic=edge4av/airspan-tdd-downlink-location_3/raw-downlink/veh-001/request bytes=28 forwarded=1
1787003458.885907 publish topic=edge4av/airspan-tdd-downlink-location_3/raw-downlink/veh-001/response bytes=1056 forwarded=1
1787003459.125520 publish topic=edge4av/airspan-tdd-downlink-location_3/raw-downlink/veh-001/request bytes=28 forwarded=1
1787003459.126217 publish topic=edge4av/airspan-tdd-downlink-location_3/raw-downlink/veh-001/response bytes=1056 forwarded=1
1787003459.345806 publish topic=edge4av/airspan-tdd-downlink-location_3/raw-downlink/veh-001/request bytes=28 forwarded=1
1787003459.346506 publish topic=edge4av/airspan-tdd-downlink-location_3/raw-downlink/veh-001/response bytes=1056 forwarded=1
1787003459.565994 publish topic=edge4av/airspan-tdd-downlink-location_3/raw-downlink/veh-001/request bytes=28 forwarded=1
1787003459.566366 publish topic=edge4av/airspan-tdd-downlink-location_3/raw-downlink/veh-001/response bytes=1056 forwarded=1
1787003459.786311 publish topic=edge4av/airspan-tdd-downlink-location_3/raw-downlink/veh-001/request bytes=28 forwarded=1
1787003459.786610 publish topic=edge4av/airspan-tdd-downlink-location_3/raw-downlink/veh-001/response bytes=1056 forwarded=1
1787003460.006692 publish topic=edge4av/airspan-tdd-downlink-location_3/raw-downlink/veh-001/request bytes=28 forwarded=1
1787003460.007391 publish topic=edge4av/airspan-tdd-downlink-location_3/raw-downlink/veh-001/response bytes=1056 forwarded=1
1787003460.227061 publish topic=edge4av/airspan-tdd-downlink-location_3/raw-downlink/veh-001/request bytes=28 forwarded=1
1787003460.227668 publish topic=edge4av/airspan-tdd-downlink-location_3/raw-downlink/veh-001/response bytes=1056 forwarded=1
1787003460.457538 publish topic=edge4av/airspan-tdd-downlink-location_3/raw-downlink/veh-001/request bytes=28 forwarded=1
1787003460.458243 publish topic=edge4av/airspan-tdd-downlink-location_3/raw-downlink/veh-001/response bytes=1056 forwarded=1
1787003460.687890 publish topic=edge4av/airspan-tdd-downlink-location_3/raw-downlink/veh-001/request bytes=28 forwarded=1
1787003460.688517 publish topic=edge4av/airspan-tdd-downlink-location_3/raw-downlink/veh-001/response bytes=1056 forwarded=1
1787003460.908037 publish topic=edge4av/airspan-tdd-downlink-location_3/raw-downlink/veh-001/request bytes=28 forwarded=1
1787003460.908294 publish topic=edge4av/airspan-tdd-downlink-location_3/raw-downlink/veh-001/response bytes=1056 forwarded=1
1787003461.138503 publish topic=edge4av/airspan-tdd-downlink-location_3/raw-downlink/veh-001/request bytes=28 forwarded=1
1787003461.139129 publish topic=edge4av/airspan-tdd-downlink-location_3/raw-downlink/veh-001/response bytes=1056 forwarded=1
1787003461.359027 publish topic=edge4av/airspan-tdd-downlink-location_3/raw-downlink/veh-001/request bytes=28 forwarded=1
1787003461.359670 publish topic=edge4av/airspan-tdd-downlink-location_3/raw-downlink/veh-001/response bytes=1056 forwarded=1
1787003461.579130 publish topic=edge4av/airspan-tdd-downlink-location_3/raw-downlink/veh-001/request bytes=28 forwarded=1
1787003461.579511 publish topic=edge4av/airspan-tdd-downlink-location_3/raw-downlink/veh-001/response bytes=1056 forwarded=1
1787003461.799195 publish topic=edge4av/airspan-tdd-downlink-location_3/raw-downlink/veh-001/request bytes=28 forwarded=1
1787003461.799507 publish topic=edge4av/airspan-tdd-downlink-location_3/raw-downlink/veh-001/response bytes=1056 forwarded=1
1787003462.019738 publish topic=edge4av/airspan-tdd-downlink-location_3/raw-downlink/veh-001/request bytes=28 forwarded=1
1787003462.020073 publish topic=edge4av/airspan-tdd-downlink-location_3/raw-downlink/veh-001/response bytes=1056 forwarded=1
1787003462.250133 publish topic=edge4av/airspan-tdd-downlink-location_3/raw-downlink/veh-001/request bytes=28 forwarded=1
1787003462.250864 publish topic=edge4av/airspan-tdd-downlink-location_3/raw-downlink/veh-001/response bytes=1056 forwarded=1
1787003462.490125 publish topic=edge4av/airspan-tdd-downlink-location_3/raw-downlink/veh-001/request bytes=28 forwarded=1
1787003462.490452 publish topic=edge4av/airspan-tdd-downlink-location_3/raw-downlink/veh-001/response bytes=1056 forwarded=1
1787003462.710808 publish topic=edge4av/airspan-tdd-downlink-location_3/raw-downlink/veh-001/request bytes=28 forwarded=1
1787003462.711512 publish topic=edge4av/airspan-tdd-downlink-location_3/raw-downlink/veh-001/response bytes=1056 forwarded=1
1787003462.940820 publish topic=edge4av/airspan-tdd-downlink-location_3/raw-downlink/veh-001/request bytes=28 forwarded=1
1787003462.941476 publish topic=edge4av/airspan-tdd-downlink-location_3/raw-downlink/veh-001/response bytes=1056 forwarded=1
1787003463.161077 publish topic=edge4av/airspan-tdd-downlink-location_3/raw-downlink/veh-001/request bytes=28 forwarded=1
1787003463.161702 publish topic=edge4av/airspan-tdd-downlink-location_3/raw-downlink/veh-001/response bytes=1056 forwarded=1
1787003463.381550 publish topic=edge4av/airspan-tdd-downlink-location_3/raw-downlink/veh-001/request bytes=28 forwarded=1
1787003463.382171 publish topic=edge4av/airspan-tdd-downlink-location_3/raw-downlink/veh-001/response bytes=1056 forwarded=1
1787003463.611808 publish topic=edge4av/airspan-tdd-downlink-location_3/raw-downlink/veh-001/request bytes=28 forwarded=1
1787003463.612436 publish topic=edge4av/airspan-tdd-downlink-location_3/raw-downlink/veh-001/response bytes=1056 forwarded=1
1787003463.852129 publish topic=edge4av/airspan-tdd-downlink-location_3/raw-downlink/veh-001/request bytes=28 forwarded=1
1787003463.852755 publish topic=edge4av/airspan-tdd-downlink-location_3/raw-downlink/veh-001/response bytes=1056 forwarded=1
1787003464.072629 publish topic=edge4av/airspan-tdd-downlink-location_3/raw-downlink/veh-001/request bytes=28 forwarded=1
1787003464.073381 publish topic=edge4av/airspan-tdd-downlink-location_3/raw-downlink/veh-001/response bytes=1056 forwarded=1
1787003464.302717 publish topic=edge4av/airspan-tdd-downlink-location_3/raw-downlink/veh-001/request bytes=28 forwarded=1
1787003464.303051 publish topic=edge4av/airspan-tdd-downlink-location_3/raw-downlink/veh-001/response bytes=1056 forwarded=1
1787003464.533151 publish topic=edge4av/airspan-tdd-downlink-location_3/raw-downlink/veh-001/request bytes=28 forwarded=1
1787003464.533781 publish topic=edge4av/airspan-tdd-downlink-location_3/raw-downlink/veh-001/response bytes=1056 forwarded=1
1787003464.773511 publish topic=edge4av/airspan-tdd-downlink-location_3/raw-downlink/veh-001/request bytes=28 forwarded=1
1787003464.774185 publish topic=edge4av/airspan-tdd-downlink-location_3/raw-downlink/veh-001/response bytes=1056 forwarded=1
1787003465.013515 publish topic=edge4av/airspan-tdd-downlink-location_3/raw-downlink/veh-001/request bytes=28 forwarded=1
1787003465.013869 publish topic=edge4av/airspan-tdd-downlink-location_3/raw-downlink/veh-001/response bytes=1056 forwarded=1
1787003465.254048 publish topic=edge4av/airspan-tdd-downlink-location_3/raw-downlink/veh-001/request bytes=28 forwarded=1
1787003465.254691 publish topic=edge4av/airspan-tdd-downlink-location_3/raw-downlink/veh-001/response bytes=1056 forwarded=1
1787003465.474308 publish topic=edge4av/airspan-tdd-downlink-location_3/raw-downlink/veh-001/request bytes=28 forwarded=1
1787003465.474632 publish topic=edge4av/airspan-tdd-downlink-location_3/raw-downlink/veh-001/response bytes=1056 forwarded=1
1787003465.714838 publish topic=edge4av/airspan-tdd-downlink-location_3/raw-downlink/veh-001/request bytes=28 forwarded=1
1787003465.715490 publish topic=edge4av/airspan-tdd-downlink-location_3/raw-downlink/veh-001/response bytes=1056 forwarded=1
1787003465.934979 publish topic=edge4av/airspan-tdd-downlink-location_3/raw-downlink/veh-001/request bytes=28 forwarded=1
1787003465.935440 publish topic=edge4av/airspan-tdd-downlink-location_3/raw-downlink/veh-001/response bytes=1056 forwarded=1
1787003466.165447 publish topic=edge4av/airspan-tdd-downlink-location_3/raw-downlink/veh-001/request bytes=28 forwarded=1
1787003466.166089 publish topic=edge4av/airspan-tdd-downlink-location_3/raw-downlink/veh-001/response bytes=1056 forwarded=1
1787003466.385484 publish topic=edge4av/airspan-tdd-downlink-location_3/raw-downlink/veh-001/request bytes=28 forwarded=1
1787003466.386099 publish topic=edge4av/airspan-tdd-downlink-location_3/raw-downlink/veh-001/response bytes=1056 forwarded=1
1787003466.615599 publish topic=edge4av/airspan-tdd-downlink-location_3/raw-downlink/veh-001/request bytes=28 forwarded=1
1787003466.615897 publish topic=edge4av/airspan-tdd-downlink-location_3/raw-downlink/veh-001/response bytes=1056 forwarded=1
1787003466.836155 publish topic=edge4av/airspan-tdd-downlink-location_3/raw-downlink/veh-001/request bytes=28 forwarded=1
1787003466.836848 publish topic=edge4av/airspan-tdd-downlink-location_3/raw-downlink/veh-001/response bytes=1056 forwarded=1
1787003467.056322 publish topic=edge4av/airspan-tdd-downlink-location_3/raw-downlink/veh-001/request bytes=28 forwarded=1
1787003467.056544 publish topic=edge4av/airspan-tdd-downlink-location_3/raw-downlink/veh-001/response bytes=1056 forwarded=1
1787003467.286925 publish topic=edge4av/airspan-tdd-downlink-location_3/raw-downlink/veh-001/request bytes=28 forwarded=1
1787003467.287606 publish topic=edge4av/airspan-tdd-downlink-location_3/raw-downlink/veh-001/response bytes=1056 forwarded=1
1787003467.507339 publish topic=edge4av/airspan-tdd-downlink-location_3/raw-downlink/veh-001/request bytes=28 forwarded=1
1787003467.508003 publish topic=edge4av/airspan-tdd-downlink-location_3/raw-downlink/veh-001/response bytes=1056 forwarded=1
1787003467.727738 publish topic=edge4av/airspan-tdd-downlink-location_3/raw-downlink/veh-001/request bytes=28 forwarded=1
1787003467.728034 publish topic=edge4av/airspan-tdd-downlink-location_3/raw-downlink/veh-001/response bytes=1056 forwarded=1
1787003467.948425 publish topic=edge4av/airspan-tdd-downlink-location_3/raw-downlink/veh-001/request bytes=28 forwarded=1
1787003467.949137 publish topic=edge4av/airspan-tdd-downlink-location_3/raw-downlink/veh-001/response bytes=1056 forwarded=1
1787003468.168818 publish topic=edge4av/airspan-tdd-downlink-location_3/raw-downlink/veh-001/request bytes=28 forwarded=1
1787003468.169564 publish topic=edge4av/airspan-tdd-downlink-location_3/raw-downlink/veh-001/response bytes=1056 forwarded=1
1787003468.389431 publish topic=edge4av/airspan-tdd-downlink-location_3/raw-downlink/veh-001/request bytes=28 forwarded=1
1787003468.390079 publish topic=edge4av/airspan-tdd-downlink-location_3/raw-downlink/veh-001/response bytes=1056 forwarded=1
1787003468.620151 publish topic=edge4av/airspan-tdd-downlink-location_3/raw-downlink/veh-001/request bytes=28 forwarded=1
1787003468.620841 publish topic=edge4av/airspan-tdd-downlink-location_3/raw-downlink/veh-001/response bytes=1056 forwarded=1
1787003468.850570 publish topic=edge4av/airspan-tdd-downlink-location_3/raw-downlink/veh-001/request bytes=28 forwarded=1
1787003468.850841 publish topic=edge4av/airspan-tdd-downlink-location_3/raw-downlink/veh-001/response bytes=1056 forwarded=1
1787003469.070945 publish topic=edge4av/airspan-tdd-downlink-location_3/raw-downlink/veh-001/request bytes=28 forwarded=1
1787003469.071220 publish topic=edge4av/airspan-tdd-downlink-location_3/raw-downlink/veh-001/response bytes=1056 forwarded=1
1787003469.291491 publish topic=edge4av/airspan-tdd-downlink-location_3/raw-downlink/veh-001/request bytes=28 forwarded=1
1787003469.291751 publish topic=edge4av/airspan-tdd-downlink-location_3/raw-downlink/veh-001/response bytes=1056 forwarded=1
1787003469.512074 publish topic=edge4av/airspan-tdd-downlink-location_3/raw-downlink/veh-001/request bytes=28 forwarded=1
1787003469.512729 publish topic=edge4av/airspan-tdd-downlink-location_3/raw-downlink/veh-001/response bytes=1056 forwarded=1
1787003469.742964 publish topic=edge4av/airspan-tdd-downlink-location_3/raw-downlink/veh-001/request bytes=28 forwarded=1
1787003469.743619 publish topic=edge4av/airspan-tdd-downlink-location_3/raw-downlink/veh-001/response bytes=1056 forwarded=1
1787003469.973324 publish topic=edge4av/airspan-tdd-downlink-location_3/raw-downlink/veh-001/request bytes=28 forwarded=1
1787003469.973671 publish topic=edge4av/airspan-tdd-downlink-location_3/raw-downlink/veh-001/response bytes=1056 forwarded=1
1787003470.213906 publish topic=edge4av/airspan-tdd-downlink-location_3/raw-downlink/veh-001/request bytes=28 forwarded=1
1787003470.214671 publish topic=edge4av/airspan-tdd-downlink-location_3/raw-downlink/veh-001/response bytes=1056 forwarded=1
1787003470.454679 publish topic=edge4av/airspan-tdd-downlink-location_3/raw-downlink/veh-001/request bytes=28 forwarded=1
1787003470.455363 publish topic=edge4av/airspan-tdd-downlink-location_3/raw-downlink/veh-001/response bytes=1056 forwarded=1
1787003470.685051 publish topic=edge4av/airspan-tdd-downlink-location_3/raw-downlink/veh-001/request bytes=28 forwarded=1
1787003470.685731 publish topic=edge4av/airspan-tdd-downlink-location_3/raw-downlink/veh-001/response bytes=1056 forwarded=1
1787003470.905459 publish topic=edge4av/airspan-tdd-downlink-location_3/raw-downlink/veh-001/request bytes=28 forwarded=1
1787003470.906123 publish topic=edge4av/airspan-tdd-downlink-location_3/raw-downlink/veh-001/response bytes=1056 forwarded=1
1787003471.135905 publish topic=edge4av/airspan-tdd-downlink-location_3/raw-downlink/veh-001/request bytes=28 forwarded=1
1787003471.136346 publish topic=edge4av/airspan-tdd-downlink-location_3/raw-downlink/veh-001/response bytes=1056 forwarded=1
1787003471.366786 publish topic=edge4av/airspan-tdd-downlink-location_3/raw-downlink/veh-001/request bytes=28 forwarded=1
1787003471.367514 publish topic=edge4av/airspan-tdd-downlink-location_3/raw-downlink/veh-001/response bytes=1056 forwarded=1
1787003471.587024 publish topic=edge4av/airspan-tdd-downlink-location_3/raw-downlink/veh-001/request bytes=28 forwarded=1
1787003471.587302 publish topic=edge4av/airspan-tdd-downlink-location_3/raw-downlink/veh-001/response bytes=1056 forwarded=1
1787003471.807924 publish topic=edge4av/airspan-tdd-downlink-location_3/raw-downlink/veh-001/request bytes=28 forwarded=1
1787003471.808586 publish topic=edge4av/airspan-tdd-downlink-location_3/raw-downlink/veh-001/response bytes=1056 forwarded=1
1787003472.028481 publish topic=edge4av/airspan-tdd-downlink-location_3/raw-downlink/veh-001/request bytes=28 forwarded=1
1787003472.029150 publish topic=edge4av/airspan-tdd-downlink-location_3/raw-downlink/veh-001/response bytes=1056 forwarded=1
1787003472.248612 publish topic=edge4av/airspan-tdd-downlink-location_3/raw-downlink/veh-001/request bytes=28 forwarded=1
1787003472.248914 publish topic=edge4av/airspan-tdd-downlink-location_3/raw-downlink/veh-001/response bytes=1056 forwarded=1
1787003472.468992 publish topic=edge4av/airspan-tdd-downlink-location_3/raw-downlink/veh-001/request bytes=28 forwarded=1
1787003472.469640 publish topic=edge4av/airspan-tdd-downlink-location_3/raw-downlink/veh-001/response bytes=1056 forwarded=1
1787003472.699511 publish topic=edge4av/airspan-tdd-downlink-location_3/raw-downlink/veh-001/request bytes=28 forwarded=1
1787003472.700241 publish topic=edge4av/airspan-tdd-downlink-location_3/raw-downlink/veh-001/response bytes=1056 forwarded=1
1787003472.929559 publish topic=edge4av/airspan-tdd-downlink-location_3/raw-downlink/veh-001/request bytes=28 forwarded=1
1787003472.929879 publish topic=edge4av/airspan-tdd-downlink-location_3/raw-downlink/veh-001/response bytes=1056 forwarded=1
1787003473.150235 publish topic=edge4av/airspan-tdd-downlink-location_3/raw-downlink/veh-001/request bytes=28 forwarded=1
1787003473.150940 publish topic=edge4av/airspan-tdd-downlink-location_3/raw-downlink/veh-001/response bytes=1056 forwarded=1
1787003473.380171 publish topic=edge4av/airspan-tdd-downlink-location_3/raw-downlink/veh-001/request bytes=28 forwarded=1
1787003473.380701 publish topic=edge4av/airspan-tdd-downlink-location_3/raw-downlink/veh-001/response bytes=1056 forwarded=1
1787003473.610805 publish topic=edge4av/airspan-tdd-downlink-location_3/raw-downlink/veh-001/request bytes=28 forwarded=1
1787003473.611493 publish topic=edge4av/airspan-tdd-downlink-location_3/raw-downlink/veh-001/response bytes=1056 forwarded=1
1787003473.850683 publish topic=edge4av/airspan-tdd-downlink-location_3/raw-downlink/veh-001/request bytes=28 forwarded=1
1787003473.850927 publish topic=edge4av/airspan-tdd-downlink-location_3/raw-downlink/veh-001/response bytes=1056 forwarded=1
1787003474.071171 publish topic=edge4av/airspan-tdd-downlink-location_3/raw-downlink/veh-001/request bytes=28 forwarded=1
1787003474.071833 publish topic=edge4av/airspan-tdd-downlink-location_3/raw-downlink/veh-001/response bytes=1056 forwarded=1
1787003474.291559 publish topic=edge4av/airspan-tdd-downlink-location_3/raw-downlink/veh-001/request bytes=28 forwarded=1
1787003474.292213 publish topic=edge4av/airspan-tdd-downlink-location_3/raw-downlink/veh-001/response bytes=1056 forwarded=1
1787003474.521606 publish topic=edge4av/airspan-tdd-downlink-location_3/raw-downlink/veh-001/request bytes=28 forwarded=1
1787003474.521867 publish topic=edge4av/airspan-tdd-downlink-location_3/raw-downlink/veh-001/response bytes=1056 forwarded=1
1787003474.742431 publish topic=edge4av/airspan-tdd-downlink-location_3/raw-downlink/veh-001/request bytes=28 forwarded=1
1787003474.743082 publish topic=edge4av/airspan-tdd-downlink-location_3/raw-downlink/veh-001/response bytes=1056 forwarded=1
1787003474.972525 publish topic=edge4av/airspan-tdd-downlink-location_3/raw-downlink/veh-001/request bytes=28 forwarded=1
1787003474.973209 publish topic=edge4av/airspan-tdd-downlink-location_3/raw-downlink/veh-001/response bytes=1056 forwarded=1
1787003475.202803 publish topic=edge4av/airspan-tdd-downlink-location_3/raw-downlink/veh-001/request bytes=28 forwarded=1
1787003475.203537 publish topic=edge4av/airspan-tdd-downlink-location_3/raw-downlink/veh-001/response bytes=1056 forwarded=1
1787003475.433110 publish topic=edge4av/airspan-tdd-downlink-location_3/raw-downlink/veh-001/request bytes=28 forwarded=1
1787003475.433752 publish topic=edge4av/airspan-tdd-downlink-location_3/raw-downlink/veh-001/response bytes=1056 forwarded=1
1787003475.673485 publish topic=edge4av/airspan-tdd-downlink-location_3/raw-downlink/veh-001/request bytes=28 forwarded=1
1787003475.673786 publish topic=edge4av/airspan-tdd-downlink-location_3/raw-downlink/veh-001/response bytes=1056 forwarded=1
1787003475.903738 publish topic=edge4av/airspan-tdd-downlink-location_3/raw-downlink/veh-001/request bytes=28 forwarded=1
1787003475.904341 publish topic=edge4av/airspan-tdd-downlink-location_3/raw-downlink/veh-001/response bytes=1056 forwarded=1
1787003476.134225 publish topic=edge4av/airspan-tdd-downlink-location_3/raw-downlink/veh-001/request bytes=28 forwarded=1
1787003476.134870 publish topic=edge4av/airspan-tdd-downlink-location_3/raw-downlink/veh-001/response bytes=1056 forwarded=1
1787003476.374527 publish topic=edge4av/airspan-tdd-downlink-location_3/raw-downlink/veh-001/request bytes=28 forwarded=1
1787003476.375393 publish topic=edge4av/airspan-tdd-downlink-location_3/raw-downlink/veh-001/response bytes=1056 forwarded=1
1787003476.614631 publish topic=edge4av/airspan-tdd-downlink-location_3/raw-downlink/veh-001/request bytes=28 forwarded=1
1787003476.614980 publish topic=edge4av/airspan-tdd-downlink-location_3/raw-downlink/veh-001/response bytes=1056 forwarded=1
1787003476.845203 publish topic=edge4av/airspan-tdd-downlink-location_3/raw-downlink/veh-001/request bytes=28 forwarded=1
1787003476.845552 publish topic=edge4av/airspan-tdd-downlink-location_3/raw-downlink/veh-001/response bytes=1056 forwarded=1
1787003477.065719 publish topic=edge4av/airspan-tdd-downlink-location_3/raw-downlink/veh-001/request bytes=28 forwarded=1
1787003477.066355 publish topic=edge4av/airspan-tdd-downlink-location_3/raw-downlink/veh-001/response bytes=1056 forwarded=1
1787003477.285923 publish topic=edge4av/airspan-tdd-downlink-location_3/raw-downlink/veh-001/request bytes=28 forwarded=1
1787003477.286556 publish topic=edge4av/airspan-tdd-downlink-location_3/raw-downlink/veh-001/response bytes=1056 forwarded=1
1787003477.506138 publish topic=edge4av/airspan-tdd-downlink-location_3/raw-downlink/veh-001/request bytes=28 forwarded=1
1787003477.506748 publish topic=edge4av/airspan-tdd-downlink-location_3/raw-downlink/veh-001/response bytes=1056 forwarded=1
1787003477.726162 publish topic=edge4av/airspan-tdd-downlink-location_3/raw-downlink/veh-001/request bytes=28 forwarded=1
1787003477.726360 publish topic=edge4av/airspan-tdd-downlink-location_3/raw-downlink/veh-001/response bytes=1056 forwarded=1
1787003477.946677 publish topic=edge4av/airspan-tdd-downlink-location_3/raw-downlink/veh-001/request bytes=28 forwarded=1
1787003477.947384 publish topic=edge4av/airspan-tdd-downlink-location_3/raw-downlink/veh-001/response bytes=1056 forwarded=1
1787003478.176997 publish topic=edge4av/airspan-tdd-downlink-location_3/raw-downlink/veh-001/request bytes=28 forwarded=1
1787003478.177653 publish topic=edge4av/airspan-tdd-downlink-location_3/raw-downlink/veh-001/response bytes=1056 forwarded=1
1787003478.417600 publish topic=edge4av/airspan-tdd-downlink-location_3/raw-downlink/veh-001/request bytes=28 forwarded=1
1787003478.418318 publish topic=edge4av/airspan-tdd-downlink-location_3/raw-downlink/veh-001/response bytes=1056 forwarded=1
1787003478.647696 publish topic=edge4av/airspan-tdd-downlink-location_3/raw-downlink/veh-001/request bytes=28 forwarded=1
1787003478.648038 publish topic=edge4av/airspan-tdd-downlink-location_3/raw-downlink/veh-001/response bytes=1056 forwarded=1
1787003478.868149 publish topic=edge4av/airspan-tdd-downlink-location_3/raw-downlink/veh-001/request bytes=28 forwarded=1
1787003478.868822 publish topic=edge4av/airspan-tdd-downlink-location_3/raw-downlink/veh-001/response bytes=1056 forwarded=1
1787003479.098185 publish topic=edge4av/airspan-tdd-downlink-location_3/raw-downlink/veh-001/request bytes=28 forwarded=1
1787003479.099000 publish topic=edge4av/airspan-tdd-downlink-location_3/raw-downlink/veh-001/response bytes=1056 forwarded=1
1787003479.328837 publish topic=edge4av/airspan-tdd-downlink-location_3/raw-downlink/veh-001/request bytes=28 forwarded=1
1787003479.329523 publish topic=edge4av/airspan-tdd-downlink-location_3/raw-downlink/veh-001/response bytes=1056 forwarded=1
1787003479.548782 publish topic=edge4av/airspan-tdd-downlink-location_3/raw-downlink/veh-001/request bytes=28 forwarded=1
1787003479.549484 publish topic=edge4av/airspan-tdd-downlink-location_3/raw-downlink/veh-001/response bytes=1056 forwarded=1
1787003479.779141 publish topic=edge4av/airspan-tdd-downlink-location_3/raw-downlink/veh-001/request bytes=28 forwarded=1
1787003479.780790 publish topic=edge4av/airspan-tdd-downlink-location_3/raw-downlink/veh-001/response bytes=1056 forwarded=1
1787003480.009376 publish topic=edge4av/airspan-tdd-downlink-location_3/raw-downlink/veh-001/request bytes=28 forwarded=1
1787003480.010110 publish topic=edge4av/airspan-tdd-downlink-location_3/raw-downlink/veh-001/response bytes=1056 forwarded=1
1787003480.229672 publish topic=edge4av/airspan-tdd-downlink-location_3/raw-downlink/veh-001/request bytes=28 forwarded=1
1787003480.230369 publish topic=edge4av/airspan-tdd-downlink-location_3/raw-downlink/veh-001/response bytes=1056 forwarded=1
1787003480.450143 publish topic=edge4av/airspan-tdd-downlink-location_3/raw-downlink/veh-001/request bytes=28 forwarded=1
1787003480.450889 publish topic=edge4av/airspan-tdd-downlink-location_3/raw-downlink/veh-001/response bytes=1056 forwarded=1
1787003480.670514 publish topic=edge4av/airspan-tdd-downlink-location_3/raw-downlink/veh-001/request bytes=28 forwarded=1
1787003480.671264 publish topic=edge4av/airspan-tdd-downlink-location_3/raw-downlink/veh-001/response bytes=1056 forwarded=1
1787003480.890533 publish topic=edge4av/airspan-tdd-downlink-location_3/raw-downlink/veh-001/request bytes=28 forwarded=1
1787003480.890862 publish topic=edge4av/airspan-tdd-downlink-location_3/raw-downlink/veh-001/response bytes=1056 forwarded=1
1787003481.121093 publish topic=edge4av/airspan-tdd-downlink-location_3/raw-downlink/veh-001/request bytes=28 forwarded=1
1787003481.121821 publish topic=edge4av/airspan-tdd-downlink-location_3/raw-downlink/veh-001/response bytes=1056 forwarded=1
1787003481.361335 publish topic=edge4av/airspan-tdd-downlink-location_3/raw-downlink/veh-001/request bytes=28 forwarded=1
1787003481.362018 publish topic=edge4av/airspan-tdd-downlink-location_3/raw-downlink/veh-001/response bytes=1056 forwarded=1
1787003481.591542 publish topic=edge4av/airspan-tdd-downlink-location_3/raw-downlink/veh-001/request bytes=28 forwarded=1
1787003481.591888 publish topic=edge4av/airspan-tdd-downlink-location_3/raw-downlink/veh-001/response bytes=1056 forwarded=1
1787003481.812109 publish topic=edge4av/airspan-tdd-downlink-location_3/raw-downlink/veh-001/request bytes=28 forwarded=1
1787003481.812847 publish topic=edge4av/airspan-tdd-downlink-location_3/raw-downlink/veh-001/response bytes=1056 forwarded=1
1787003482.052369 publish topic=edge4av/airspan-tdd-downlink-location_3/raw-downlink/veh-001/request bytes=28 forwarded=1
1787003482.052894 publish topic=edge4av/airspan-tdd-downlink-location_3/raw-downlink/veh-001/response bytes=1056 forwarded=1
1787003482.293039 publish topic=edge4av/airspan-tdd-downlink-location_3/raw-downlink/veh-001/request bytes=28 forwarded=1
1787003482.293281 publish topic=edge4av/airspan-tdd-downlink-location_3/raw-downlink/veh-001/response bytes=1056 forwarded=1
1787003482.533020 publish topic=edge4av/airspan-tdd-downlink-location_3/raw-downlink/veh-001/request bytes=28 forwarded=1
1787003482.533631 publish topic=edge4av/airspan-tdd-downlink-location_3/raw-downlink/veh-001/response bytes=1056 forwarded=1
1787003482.763539 publish topic=edge4av/airspan-tdd-downlink-location_3/raw-downlink/veh-001/request bytes=28 forwarded=1
1787003482.764191 publish topic=edge4av/airspan-tdd-downlink-location_3/raw-downlink/veh-001/response bytes=1056 forwarded=1
1787003482.993520 publish topic=edge4av/airspan-tdd-downlink-location_3/raw-downlink/veh-001/request bytes=28 forwarded=1
1787003482.993808 publish topic=edge4av/airspan-tdd-downlink-location_3/raw-downlink/veh-001/response bytes=1056 forwarded=1
1787003483.224071 publish topic=edge4av/airspan-tdd-downlink-location_3/raw-downlink/veh-001/request bytes=28 forwarded=1
1787003483.224787 publish topic=edge4av/airspan-tdd-downlink-location_3/raw-downlink/veh-001/response bytes=1056 forwarded=1
1787003483.454339 publish topic=edge4av/airspan-tdd-downlink-location_3/raw-downlink/veh-001/request bytes=28 forwarded=1
1787003483.455037 publish topic=edge4av/airspan-tdd-downlink-location_3/raw-downlink/veh-001/response bytes=1056 forwarded=1
1787003483.694521 publish topic=edge4av/airspan-tdd-downlink-location_3/raw-downlink/veh-001/request bytes=28 forwarded=1
1787003483.694791 publish topic=edge4av/airspan-tdd-downlink-location_3/raw-downlink/veh-001/response bytes=1056 forwarded=1
1787003483.925176 publish topic=edge4av/airspan-tdd-downlink-location_3/raw-downlink/veh-001/request bytes=28 forwarded=1
1787003483.925878 publish topic=edge4av/airspan-tdd-downlink-location_3/raw-downlink/veh-001/response bytes=1056 forwarded=1
1787003484.155715 publish topic=edge4av/airspan-tdd-downlink-location_3/raw-downlink/veh-001/request bytes=28 forwarded=1
1787003484.156397 publish topic=edge4av/airspan-tdd-downlink-location_3/raw-downlink/veh-001/response bytes=1056 forwarded=1
1787003484.385623 publish topic=edge4av/airspan-tdd-downlink-location_3/raw-downlink/veh-001/request bytes=28 forwarded=1
1787003484.385878 publish topic=edge4av/airspan-tdd-downlink-location_3/raw-downlink/veh-001/response bytes=1056 forwarded=1
1787003484.615977 publish topic=edge4av/airspan-tdd-downlink-location_3/raw-downlink/veh-001/request bytes=28 forwarded=1
1787003484.616763 publish topic=edge4av/airspan-tdd-downlink-location_3/raw-downlink/veh-001/response bytes=1056 forwarded=1
1787003484.836205 publish topic=edge4av/airspan-tdd-downlink-location_3/raw-downlink/veh-001/request bytes=28 forwarded=1
1787003484.836506 publish topic=edge4av/airspan-tdd-downlink-location_3/raw-downlink/veh-001/response bytes=1056 forwarded=1
1787003485.056863 publish topic=edge4av/airspan-tdd-downlink-location_3/raw-downlink/veh-001/request bytes=28 forwarded=1
1787003485.057606 publish topic=edge4av/airspan-tdd-downlink-location_3/raw-downlink/veh-001/response bytes=1056 forwarded=1
1787003485.287207 publish topic=edge4av/airspan-tdd-downlink-location_3/raw-downlink/veh-001/request bytes=28 forwarded=1
1787003485.287936 publish topic=edge4av/airspan-tdd-downlink-location_3/raw-downlink/veh-001/response bytes=1056 forwarded=1
1787003485.507453 publish topic=edge4av/airspan-tdd-downlink-location_3/raw-downlink/veh-001/request bytes=28 forwarded=1
1787003485.508148 publish topic=edge4av/airspan-tdd-downlink-location_3/raw-downlink/veh-001/response bytes=1056 forwarded=1
1787003485.727829 publish topic=edge4av/airspan-tdd-downlink-location_3/raw-downlink/veh-001/request bytes=28 forwarded=1
1787003485.728593 publish topic=edge4av/airspan-tdd-downlink-location_3/raw-downlink/veh-001/response bytes=1056 forwarded=1
1787003485.948122 publish topic=edge4av/airspan-tdd-downlink-location_3/raw-downlink/veh-001/request bytes=28 forwarded=1
1787003485.948893 publish topic=edge4av/airspan-tdd-downlink-location_3/raw-downlink/veh-001/response bytes=1056 forwarded=1
1787003486.178295 publish topic=edge4av/airspan-tdd-downlink-location_3/raw-downlink/veh-001/request bytes=28 forwarded=1
1787003486.178931 publish topic=edge4av/airspan-tdd-downlink-location_3/raw-downlink/veh-001/response bytes=1056 forwarded=1
1787003486.408890 publish topic=edge4av/airspan-tdd-downlink-location_3/raw-downlink/veh-001/request bytes=28 forwarded=1
1787003486.409562 publish topic=edge4av/airspan-tdd-downlink-location_3/raw-downlink/veh-001/response bytes=1056 forwarded=1
1787003486.628883 publish topic=edge4av/airspan-tdd-downlink-location_3/raw-downlink/veh-001/request bytes=28 forwarded=1
1787003486.629518 publish topic=edge4av/airspan-tdd-downlink-location_3/raw-downlink/veh-001/response bytes=1056 forwarded=1
1787003486.859052 publish topic=edge4av/airspan-tdd-downlink-location_3/raw-downlink/veh-001/request bytes=28 forwarded=1
1787003486.859329 publish topic=edge4av/airspan-tdd-downlink-location_3/raw-downlink/veh-001/response bytes=1056 forwarded=1
1787003487.089604 publish topic=edge4av/airspan-tdd-downlink-location_3/raw-downlink/veh-001/request bytes=28 forwarded=1
1787003487.090250 publish topic=edge4av/airspan-tdd-downlink-location_3/raw-downlink/veh-001/response bytes=1056 forwarded=1
1787003487.330044 publish topic=edge4av/airspan-tdd-downlink-location_3/raw-downlink/veh-001/request bytes=28 forwarded=1
1787003487.330774 publish topic=edge4av/airspan-tdd-downlink-location_3/raw-downlink/veh-001/response bytes=1056 forwarded=1
1787003487.550185 publish topic=edge4av/airspan-tdd-downlink-location_3/raw-downlink/veh-001/request bytes=28 forwarded=1
1787003487.550915 publish topic=edge4av/airspan-tdd-downlink-location_3/raw-downlink/veh-001/response bytes=1056 forwarded=1
1787003487.780847 publish topic=edge4av/airspan-tdd-downlink-location_3/raw-downlink/veh-001/request bytes=28 forwarded=1
1787003487.781538 publish topic=edge4av/airspan-tdd-downlink-location_3/raw-downlink/veh-001/response bytes=1056 forwarded=1
1787003488.001164 publish topic=edge4av/airspan-tdd-downlink-location_3/raw-downlink/veh-001/request bytes=28 forwarded=1
1787003488.001909 publish topic=edge4av/airspan-tdd-downlink-location_3/raw-downlink/veh-001/response bytes=1056 forwarded=1
1787003488.221308 publish topic=edge4av/airspan-tdd-downlink-location_3/raw-downlink/veh-001/request bytes=28 forwarded=1
1787003488.221589 publish topic=edge4av/airspan-tdd-downlink-location_3/raw-downlink/veh-001/response bytes=1056 forwarded=1
1787003488.452008 publish topic=edge4av/airspan-tdd-downlink-location_3/raw-downlink/veh-001/request bytes=28 forwarded=1
1787003488.452756 publish topic=edge4av/airspan-tdd-downlink-location_3/raw-downlink/veh-001/response bytes=1056 forwarded=1
1787003488.692522 publish topic=edge4av/airspan-tdd-downlink-location_3/raw-downlink/veh-001/request bytes=28 forwarded=1
1787003488.693262 publish topic=edge4av/airspan-tdd-downlink-location_3/raw-downlink/veh-001/response bytes=1056 forwarded=1
1787003488.922653 publish topic=edge4av/airspan-tdd-downlink-location_3/raw-downlink/veh-001/request bytes=28 forwarded=1
1787003488.923326 publish topic=edge4av/airspan-tdd-downlink-location_3/raw-downlink/veh-001/response bytes=1056 forwarded=1
1787003489.152900 publish topic=edge4av/airspan-tdd-downlink-location_3/raw-downlink/veh-001/request bytes=28 forwarded=1
1787003489.153225 publish topic=edge4av/airspan-tdd-downlink-location_3/raw-downlink/veh-001/response bytes=1056 forwarded=1
1787003489.382963 publish topic=edge4av/airspan-tdd-downlink-location_3/raw-downlink/veh-001/request bytes=28 forwarded=1
1787003489.383240 publish topic=edge4av/airspan-tdd-downlink-location_3/raw-downlink/veh-001/response bytes=1056 forwarded=1
1787003489.613624 publish topic=edge4av/airspan-tdd-downlink-location_3/raw-downlink/veh-001/request bytes=28 forwarded=1
1787003489.614273 publish topic=edge4av/airspan-tdd-downlink-location_3/raw-downlink/veh-001/response bytes=1056 forwarded=1
1787003489.833965 publish topic=edge4av/airspan-tdd-downlink-location_3/raw-downlink/veh-001/request bytes=28 forwarded=1
1787003489.834653 publish topic=edge4av/airspan-tdd-downlink-location_3/raw-downlink/veh-001/response bytes=1056 forwarded=1
1787003490.064492 publish topic=edge4av/airspan-tdd-downlink-location_3/raw-downlink/veh-001/request bytes=28 forwarded=1
1787003490.065176 publish topic=edge4av/airspan-tdd-downlink-location_3/raw-downlink/veh-001/response bytes=1056 forwarded=1
1787003490.284871 publish topic=edge4av/airspan-tdd-downlink-location_3/raw-downlink/veh-001/request bytes=28 forwarded=1
1787003490.285551 publish topic=edge4av/airspan-tdd-downlink-location_3/raw-downlink/veh-001/response bytes=1056 forwarded=1
1787003490.504763 publish topic=edge4av/airspan-tdd-downlink-location_3/raw-downlink/veh-001/request bytes=28 forwarded=1
1787003490.505012 publish topic=edge4av/airspan-tdd-downlink-location_3/raw-downlink/veh-001/response bytes=1056 forwarded=1
1787003490.725331 publish topic=edge4av/airspan-tdd-downlink-location_3/raw-downlink/veh-001/request bytes=28 forwarded=1
1787003490.725967 publish topic=edge4av/airspan-tdd-downlink-location_3/raw-downlink/veh-001/response bytes=1056 forwarded=1
1787003490.965653 publish topic=edge4av/airspan-tdd-downlink-location_3/raw-downlink/veh-001/request bytes=28 forwarded=1
1787003490.966382 publish topic=edge4av/airspan-tdd-downlink-location_3/raw-downlink/veh-001/response bytes=1056 forwarded=1
1787003491.186280 publish topic=edge4av/airspan-tdd-downlink-location_3/raw-downlink/veh-001/request bytes=28 forwarded=1
1787003491.186941 publish topic=edge4av/airspan-tdd-downlink-location_3/raw-downlink/veh-001/response bytes=1056 forwarded=1
1787003491.406363 publish topic=edge4av/airspan-tdd-downlink-location_3/raw-downlink/veh-001/request bytes=28 forwarded=1
1787003491.407048 publish topic=edge4av/airspan-tdd-downlink-location_3/raw-downlink/veh-001/response bytes=1056 forwarded=1
1787003491.626537 publish topic=edge4av/airspan-tdd-downlink-location_3/raw-downlink/veh-001/request bytes=28 forwarded=1
1787003491.627082 publish topic=edge4av/airspan-tdd-downlink-location_3/raw-downlink/veh-001/response bytes=1056 forwarded=1
1787003491.847141 publish topic=edge4av/airspan-tdd-downlink-location_3/raw-downlink/veh-001/request bytes=28 forwarded=1
1787003491.847855 publish topic=edge4av/airspan-tdd-downlink-location_3/raw-downlink/veh-001/response bytes=1056 forwarded=1
1787003492.067264 publish topic=edge4av/airspan-tdd-downlink-location_3/raw-downlink/veh-001/request bytes=28 forwarded=1
1787003492.067971 publish topic=edge4av/airspan-tdd-downlink-location_3/raw-downlink/veh-001/response bytes=1056 forwarded=1
1787003492.287709 publish topic=edge4av/airspan-tdd-downlink-location_3/raw-downlink/veh-001/request bytes=28 forwarded=1
1787003492.288449 publish topic=edge4av/airspan-tdd-downlink-location_3/raw-downlink/veh-001/response bytes=1056 forwarded=1
1787003492.527998 publish topic=edge4av/airspan-tdd-downlink-location_3/raw-downlink/veh-001/request bytes=28 forwarded=1
1787003492.528751 publish topic=edge4av/airspan-tdd-downlink-location_3/raw-downlink/veh-001/response bytes=1056 forwarded=1
1787003492.748326 publish topic=edge4av/airspan-tdd-downlink-location_3/raw-downlink/veh-001/request bytes=28 forwarded=1
1787003492.748569 publish topic=edge4av/airspan-tdd-downlink-location_3/raw-downlink/veh-001/response bytes=1056 forwarded=1
1787003492.968753 publish topic=edge4av/airspan-tdd-downlink-location_3/raw-downlink/veh-001/request bytes=28 forwarded=1
1787003492.969405 publish topic=edge4av/airspan-tdd-downlink-location_3/raw-downlink/veh-001/response bytes=1056 forwarded=1
1787003493.199410 publish topic=edge4av/airspan-tdd-downlink-location_3/raw-downlink/veh-001/request bytes=28 forwarded=1
1787003493.200106 publish topic=edge4av/airspan-tdd-downlink-location_3/raw-downlink/veh-001/response bytes=1056 forwarded=1
1787003493.429783 publish topic=edge4av/airspan-tdd-downlink-location_3/raw-downlink/veh-001/request bytes=28 forwarded=1
1787003493.430475 publish topic=edge4av/airspan-tdd-downlink-location_3/raw-downlink/veh-001/response bytes=1056 forwarded=1
1787003493.659794 publish topic=edge4av/airspan-tdd-downlink-location_3/raw-downlink/veh-001/request bytes=28 forwarded=1
1787003493.660083 publish topic=edge4av/airspan-tdd-downlink-location_3/raw-downlink/veh-001/response bytes=1056 forwarded=1
1787003493.880302 publish topic=edge4av/airspan-tdd-downlink-location_3/raw-downlink/veh-001/request bytes=28 forwarded=1
1787003493.881037 publish topic=edge4av/airspan-tdd-downlink-location_3/raw-downlink/veh-001/response bytes=1056 forwarded=1
1787003494.100589 publish topic=edge4av/airspan-tdd-downlink-location_3/raw-downlink/veh-001/request bytes=28 forwarded=1
1787003494.101361 publish topic=edge4av/airspan-tdd-downlink-location_3/raw-downlink/veh-001/response bytes=1056 forwarded=1
1787003494.331001 publish topic=edge4av/airspan-tdd-downlink-location_3/raw-downlink/veh-001/request bytes=28 forwarded=1
1787003494.331709 publish topic=edge4av/airspan-tdd-downlink-location_3/raw-downlink/veh-001/response bytes=1056 forwarded=1
1787003494.551161 publish topic=edge4av/airspan-tdd-downlink-location_3/raw-downlink/veh-001/request bytes=28 forwarded=1
1787003494.551719 publish topic=edge4av/airspan-tdd-downlink-location_3/raw-downlink/veh-001/response bytes=1056 forwarded=1
1787003494.771684 publish topic=edge4av/airspan-tdd-downlink-location_3/raw-downlink/veh-001/request bytes=28 forwarded=1
1787003494.772396 publish topic=edge4av/airspan-tdd-downlink-location_3/raw-downlink/veh-001/response bytes=1056 forwarded=1
1787003494.992189 publish topic=edge4av/airspan-tdd-downlink-location_3/raw-downlink/veh-001/request bytes=28 forwarded=1
1787003494.992939 publish topic=edge4av/airspan-tdd-downlink-location_3/raw-downlink/veh-001/response bytes=1056 forwarded=1
1787003495.222337 publish topic=edge4av/airspan-tdd-downlink-location_3/raw-downlink/veh-001/request bytes=28 forwarded=1
1787003495.223033 publish topic=edge4av/airspan-tdd-downlink-location_3/raw-downlink/veh-001/response bytes=1056 forwarded=1
1787003495.452842 publish topic=edge4av/airspan-tdd-downlink-location_3/raw-downlink/veh-001/request bytes=28 forwarded=1
1787003495.453544 publish topic=edge4av/airspan-tdd-downlink-location_3/raw-downlink/veh-001/response bytes=1056 forwarded=1
1787003495.673057 publish topic=edge4av/airspan-tdd-downlink-location_3/raw-downlink/veh-001/request bytes=28 forwarded=1
1787003495.673357 publish topic=edge4av/airspan-tdd-downlink-location_3/raw-downlink/veh-001/response bytes=1056 forwarded=1
1787003495.693308 close ('10.120.121.29', 45870) disconnect
