threaded mqtt broker listening on 0.0.0.0:1883
1783000888.258475 accept ('10.120.121.36', 56216)
1783000888.259850 close ('10.120.121.36', 56216) closed
1783000888.911922 accept ('127.0.0.1', 36530)
1783000888.913347 subscribe ('127.0.0.1', 36530) ipi/detector-output-to-ipi-run-1/latency/av-1/request
1783000890.971839 accept ('10.120.121.36', 56220)
1783000891.001585 subscribe ('10.120.121.36', 56220) ipi/detector-output-to-ipi-run-1/latency/av-1/ack
1783000891.041839 publish topic=ipi/detector-output-to-ipi-run-1/latency/av-1/request bytes=4454 forwarded=1
1783000891.042581 publish topic=ipi/detector-output-to-ipi-run-1/latency/av-1/ack bytes=231 forwarded=1
1783000891.282360 publish topic=ipi/detector-output-to-ipi-run-1/latency/av-1/request bytes=4454 forwarded=1
1783000891.283034 publish topic=ipi/detector-output-to-ipi-run-1/latency/av-1/ack bytes=231 forwarded=1
1783000891.522508 publish topic=ipi/detector-output-to-ipi-run-1/latency/av-1/request bytes=4454 forwarded=1
1783000891.523155 publish topic=ipi/detector-output-to-ipi-run-1/latency/av-1/ack bytes=231 forwarded=1
1783000891.752855 publish topic=ipi/detector-output-to-ipi-run-1/latency/av-1/request bytes=4454 forwarded=1
1783000891.753508 publish topic=ipi/detector-output-to-ipi-run-1/latency/av-1/ack bytes=231 forwarded=1
1783000891.993070 publish topic=ipi/detector-output-to-ipi-run-1/latency/av-1/request bytes=4454 forwarded=1
1783000891.993746 publish topic=ipi/detector-output-to-ipi-run-1/latency/av-1/ack bytes=231 forwarded=1
1783000892.233365 publish topic=ipi/detector-output-to-ipi-run-1/latency/av-1/request bytes=4454 forwarded=1
1783000892.234013 publish topic=ipi/detector-output-to-ipi-run-1/latency/av-1/ack bytes=231 forwarded=1
1783000892.483635 publish topic=ipi/detector-output-to-ipi-run-1/latency/av-1/request bytes=4454 forwarded=1
1783000892.484287 publish topic=ipi/detector-output-to-ipi-run-1/latency/av-1/ack bytes=231 forwarded=1
1783000892.734019 publish topic=ipi/detector-output-to-ipi-run-1/latency/av-1/request bytes=4454 forwarded=1
1783000892.734672 publish topic=ipi/detector-output-to-ipi-run-1/latency/av-1/ack bytes=231 forwarded=1
1783000892.994281 publish topic=ipi/detector-output-to-ipi-run-1/latency/av-1/request bytes=4454 forwarded=1
1783000892.994913 publish topic=ipi/detector-output-to-ipi-run-1/latency/av-1/ack bytes=231 forwarded=1
1783000893.244866 publish topic=ipi/detector-output-to-ipi-run-1/latency/av-1/request bytes=4456 forwarded=1
1783000893.245512 publish topic=ipi/detector-output-to-ipi-run-1/latency/av-1/ack bytes=232 forwarded=1
1783000893.485227 publish topic=ipi/detector-output-to-ipi-run-1/latency/av-1/request bytes=4456 forwarded=1
1783000893.485876 publish topic=ipi/detector-output-to-ipi-run-1/latency/av-1/ack bytes=232 forwarded=1
1783000893.725654 publish topic=ipi/detector-output-to-ipi-run-1/latency/av-1/request bytes=4456 forwarded=1
1783000893.726302 publish topic=ipi/detector-output-to-ipi-run-1/latency/av-1/ack bytes=232 forwarded=1
1783000893.975867 publish topic=ipi/detector-output-to-ipi-run-1/latency/av-1/request bytes=4456 forwarded=1
1783000893.976521 publish topic=ipi/detector-output-to-ipi-run-1/latency/av-1/ack bytes=232 forwarded=1
1783000894.226323 publish topic=ipi/detector-output-to-ipi-run-1/latency/av-1/request bytes=4456 forwarded=1
1783000894.226984 publish topic=ipi/detector-output-to-ipi-run-1/latency/av-1/ack bytes=232 forwarded=1
1783000894.466451 publish topic=ipi/detector-output-to-ipi-run-1/latency/av-1/request bytes=4456 forwarded=1
1783000894.467094 publish topic=ipi/detector-output-to-ipi-run-1/latency/av-1/ack bytes=232 forwarded=1
1783000894.706991 publish topic=ipi/detector-output-to-ipi-run-1/latency/av-1/request bytes=4456 forwarded=1
1783000894.707643 publish topic=ipi/detector-output-to-ipi-run-1/latency/av-1/ack bytes=232 forwarded=1
1783000894.947243 publish topic=ipi/detector-output-to-ipi-run-1/latency/av-1/request bytes=4456 forwarded=1
1783000894.947881 publish topic=ipi/detector-output-to-ipi-run-1/latency/av-1/ack bytes=232 forwarded=1
1783000895.187469 publish topic=ipi/detector-output-to-ipi-run-1/latency/av-1/request bytes=4456 forwarded=1
1783000895.188120 publish topic=ipi/detector-output-to-ipi-run-1/latency/av-1/ack bytes=232 forwarded=1
1783000895.427944 publish topic=ipi/detector-output-to-ipi-run-1/latency/av-1/request bytes=4456 forwarded=1
1783000895.428594 publish topic=ipi/detector-output-to-ipi-run-1/latency/av-1/ack bytes=232 forwarded=1
1783000895.678297 publish topic=ipi/detector-output-to-ipi-run-1/latency/av-1/request bytes=4456 forwarded=1
1783000895.678945 publish topic=ipi/detector-output-to-ipi-run-1/latency/av-1/ack bytes=232 forwarded=1
1783000895.918513 publish topic=ipi/detector-output-to-ipi-run-1/latency/av-1/request bytes=4456 forwarded=1
1783000895.919156 publish topic=ipi/detector-output-to-ipi-run-1/latency/av-1/ack bytes=232 forwarded=1
1783000896.158557 publish topic=ipi/detector-output-to-ipi-run-1/latency/av-1/request bytes=4456 forwarded=1
1783000896.159205 publish topic=ipi/detector-output-to-ipi-run-1/latency/av-1/ack bytes=232 forwarded=1
1783000896.398912 publish topic=ipi/detector-output-to-ipi-run-1/latency/av-1/request bytes=4456 forwarded=1
1783000896.399557 publish topic=ipi/detector-output-to-ipi-run-1/latency/av-1/ack bytes=232 forwarded=1
1783000896.639349 publish topic=ipi/detector-output-to-ipi-run-1/latency/av-1/request bytes=4456 forwarded=1
1783000896.639991 publish topic=ipi/detector-output-to-ipi-run-1/latency/av-1/ack bytes=232 forwarded=1
1783000896.879705 publish topic=ipi/detector-output-to-ipi-run-1/latency/av-1/request bytes=4456 forwarded=1
1783000896.880346 publish topic=ipi/detector-output-to-ipi-run-1/latency/av-1/ack bytes=232 forwarded=1
1783000897.119765 publish topic=ipi/detector-output-to-ipi-run-1/latency/av-1/request bytes=4456 forwarded=1
1783000897.120404 publish topic=ipi/detector-output-to-ipi-run-1/latency/av-1/ack bytes=232 forwarded=1
1783000897.360152 publish topic=ipi/detector-output-to-ipi-run-1/latency/av-1/request bytes=4456 forwarded=1
1783000897.360849 publish topic=ipi/detector-output-to-ipi-run-1/latency/av-1/ack bytes=232 forwarded=1
1783000897.600590 publish topic=ipi/detector-output-to-ipi-run-1/latency/av-1/request bytes=4456 forwarded=1
1783000897.601231 publish topic=ipi/detector-output-to-ipi-run-1/latency/av-1/ack bytes=232 forwarded=1
1783000897.840852 publish topic=ipi/detector-output-to-ipi-run-1/latency/av-1/request bytes=4456 forwarded=1
1783000897.841491 publish topic=ipi/detector-output-to-ipi-run-1/latency/av-1/ack bytes=232 forwarded=1
1783000898.091100 publish topic=ipi/detector-output-to-ipi-run-1/latency/av-1/request bytes=4456 forwarded=1
1783000898.091739 publish topic=ipi/detector-output-to-ipi-run-1/latency/av-1/ack bytes=232 forwarded=1
1783000898.331474 publish topic=ipi/detector-output-to-ipi-run-1/latency/av-1/request bytes=4456 forwarded=1
1783000898.332118 publish topic=ipi/detector-output-to-ipi-run-1/latency/av-1/ack bytes=232 forwarded=1
1783000898.571745 publish topic=ipi/detector-output-to-ipi-run-1/latency/av-1/request bytes=4456 forwarded=1
1783000898.572388 publish topic=ipi/detector-output-to-ipi-run-1/latency/av-1/ack bytes=232 forwarded=1
1783000898.812135 publish topic=ipi/detector-output-to-ipi-run-1/latency/av-1/request bytes=4456 forwarded=1
1783000898.812840 publish topic=ipi/detector-output-to-ipi-run-1/latency/av-1/ack bytes=232 forwarded=1
1783000899.052211 publish topic=ipi/detector-output-to-ipi-run-1/latency/av-1/request bytes=4456 forwarded=1
1783000899.052951 publish topic=ipi/detector-output-to-ipi-run-1/latency/av-1/ack bytes=232 forwarded=1
1783000899.302664 publish topic=ipi/detector-output-to-ipi-run-1/latency/av-1/request bytes=4456 forwarded=1
1783000899.303307 publish topic=ipi/detector-output-to-ipi-run-1/latency/av-1/ack bytes=232 forwarded=1
1783000899.532917 publish topic=ipi/detector-output-to-ipi-run-1/latency/av-1/request bytes=4456 forwarded=1
1783000899.533589 publish topic=ipi/detector-output-to-ipi-run-1/latency/av-1/ack bytes=232 forwarded=1
1783000899.773133 publish topic=ipi/detector-output-to-ipi-run-1/latency/av-1/request bytes=4456 forwarded=1
1783000899.773798 publish topic=ipi/detector-output-to-ipi-run-1/latency/av-1/ack bytes=232 forwarded=1
1783000900.013683 publish topic=ipi/detector-output-to-ipi-run-1/latency/av-1/request bytes=4456 forwarded=1
1783000900.014364 publish topic=ipi/detector-output-to-ipi-run-1/latency/av-1/ack bytes=232 forwarded=1
1783000900.254224 publish topic=ipi/detector-output-to-ipi-run-1/latency/av-1/request bytes=4456 forwarded=1
1783000900.254867 publish topic=ipi/detector-output-to-ipi-run-1/latency/av-1/ack bytes=232 forwarded=1
1783000900.484638 publish topic=ipi/detector-output-to-ipi-run-1/latency/av-1/request bytes=4456 forwarded=1
1783000900.485301 publish topic=ipi/detector-output-to-ipi-run-1/latency/av-1/ack bytes=232 forwarded=1
1783000900.724754 publish topic=ipi/detector-output-to-ipi-run-1/latency/av-1/request bytes=4456 forwarded=1
1783000900.725455 publish topic=ipi/detector-output-to-ipi-run-1/latency/av-1/ack bytes=232 forwarded=1
1783000900.965145 publish topic=ipi/detector-output-to-ipi-run-1/latency/av-1/request bytes=4456 forwarded=1
1783000900.965808 publish topic=ipi/detector-output-to-ipi-run-1/latency/av-1/ack bytes=232 forwarded=1
1783000901.205339 publish topic=ipi/detector-output-to-ipi-run-1/latency/av-1/request bytes=4456 forwarded=1
1783000901.205980 publish topic=ipi/detector-output-to-ipi-run-1/latency/av-1/ack bytes=232 forwarded=1
1783000901.445577 publish topic=ipi/detector-output-to-ipi-run-1/latency/av-1/request bytes=4456 forwarded=1
1783000901.446229 publish topic=ipi/detector-output-to-ipi-run-1/latency/av-1/ack bytes=232 forwarded=1
1783000901.685871 publish topic=ipi/detector-output-to-ipi-run-1/latency/av-1/request bytes=4456 forwarded=1
1783000901.686512 publish topic=ipi/detector-output-to-ipi-run-1/latency/av-1/ack bytes=232 forwarded=1
1783000901.936110 publish topic=ipi/detector-output-to-ipi-run-1/latency/av-1/request bytes=4456 forwarded=1
1783000901.936789 publish topic=ipi/detector-output-to-ipi-run-1/latency/av-1/ack bytes=232 forwarded=1
1783000902.176511 publish topic=ipi/detector-output-to-ipi-run-1/latency/av-1/request bytes=4456 forwarded=1
1783000902.177246 publish topic=ipi/detector-output-to-ipi-run-1/latency/av-1/ack bytes=232 forwarded=1
1783000902.416846 publish topic=ipi/detector-output-to-ipi-run-1/latency/av-1/request bytes=4456 forwarded=1
1783000902.417492 publish topic=ipi/detector-output-to-ipi-run-1/latency/av-1/ack bytes=232 forwarded=1
1783000902.657212 publish topic=ipi/detector-output-to-ipi-run-1/latency/av-1/request bytes=4456 forwarded=1
1783000902.657850 publish topic=ipi/detector-output-to-ipi-run-1/latency/av-1/ack bytes=232 forwarded=1
1783000902.907267 publish topic=ipi/detector-output-to-ipi-run-1/latency/av-1/request bytes=4456 forwarded=1
1783000902.907926 publish topic=ipi/detector-output-to-ipi-run-1/latency/av-1/ack bytes=232 forwarded=1
1783000903.147500 publish topic=ipi/detector-output-to-ipi-run-1/latency/av-1/request bytes=4456 forwarded=1
1783000903.148144 publish topic=ipi/detector-output-to-ipi-run-1/latency/av-1/ack bytes=232 forwarded=1
1783000903.397890 publish topic=ipi/detector-output-to-ipi-run-1/latency/av-1/request bytes=4456 forwarded=1
1783000903.398546 publish topic=ipi/detector-output-to-ipi-run-1/latency/av-1/ack bytes=232 forwarded=1
1783000903.638300 publish topic=ipi/detector-output-to-ipi-run-1/latency/av-1/request bytes=4456 forwarded=1
1783000903.638943 publish topic=ipi/detector-output-to-ipi-run-1/latency/av-1/ack bytes=232 forwarded=1
1783000903.868740 publish topic=ipi/detector-output-to-ipi-run-1/latency/av-1/request bytes=4456 forwarded=1
1783000903.869393 publish topic=ipi/detector-output-to-ipi-run-1/latency/av-1/ack bytes=232 forwarded=1
1783000904.098775 publish topic=ipi/detector-output-to-ipi-run-1/latency/av-1/request bytes=4456 forwarded=1
1783000904.099419 publish topic=ipi/detector-output-to-ipi-run-1/latency/av-1/ack bytes=232 forwarded=1
1783000904.339203 publish topic=ipi/detector-output-to-ipi-run-1/latency/av-1/request bytes=4456 forwarded=1
1783000904.339851 publish topic=ipi/detector-output-to-ipi-run-1/latency/av-1/ack bytes=232 forwarded=1
1783000904.579385 publish topic=ipi/detector-output-to-ipi-run-1/latency/av-1/request bytes=4456 forwarded=1
1783000904.580030 publish topic=ipi/detector-output-to-ipi-run-1/latency/av-1/ack bytes=232 forwarded=1
1783000904.819719 publish topic=ipi/detector-output-to-ipi-run-1/latency/av-1/request bytes=4456 forwarded=1
1783000904.820364 publish topic=ipi/detector-output-to-ipi-run-1/latency/av-1/ack bytes=232 forwarded=1
1783000905.060195 publish topic=ipi/detector-output-to-ipi-run-1/latency/av-1/request bytes=4456 forwarded=1
1783000905.060883 publish topic=ipi/detector-output-to-ipi-run-1/latency/av-1/ack bytes=232 forwarded=1
1783000905.300419 publish topic=ipi/detector-output-to-ipi-run-1/latency/av-1/request bytes=4456 forwarded=1
1783000905.301106 publish topic=ipi/detector-output-to-ipi-run-1/latency/av-1/ack bytes=232 forwarded=1
1783000905.540665 publish topic=ipi/detector-output-to-ipi-run-1/latency/av-1/request bytes=4456 forwarded=1
1783000905.541333 publish topic=ipi/detector-output-to-ipi-run-1/latency/av-1/ack bytes=232 forwarded=1
1783000905.781178 publish topic=ipi/detector-output-to-ipi-run-1/latency/av-1/request bytes=4456 forwarded=1
1783000905.781829 publish topic=ipi/detector-output-to-ipi-run-1/latency/av-1/ack bytes=232 forwarded=1
1783000906.031342 publish topic=ipi/detector-output-to-ipi-run-1/latency/av-1/request bytes=4456 forwarded=1
1783000906.031994 publish topic=ipi/detector-output-to-ipi-run-1/latency/av-1/ack bytes=232 forwarded=1
1783000906.271894 publish topic=ipi/detector-output-to-ipi-run-1/latency/av-1/request bytes=4456 forwarded=1
1783000906.272538 publish topic=ipi/detector-output-to-ipi-run-1/latency/av-1/ack bytes=232 forwarded=1
1783000906.512277 publish topic=ipi/detector-output-to-ipi-run-1/latency/av-1/request bytes=4456 forwarded=1
1783000906.512914 publish topic=ipi/detector-output-to-ipi-run-1/latency/av-1/ack bytes=232 forwarded=1
1783000906.752905 publish topic=ipi/detector-output-to-ipi-run-1/latency/av-1/request bytes=4456 forwarded=1
1783000906.753561 publish topic=ipi/detector-output-to-ipi-run-1/latency/av-1/ack bytes=232 forwarded=1
1783000906.993148 publish topic=ipi/detector-output-to-ipi-run-1/latency/av-1/request bytes=4456 forwarded=1
1783000906.993792 publish topic=ipi/detector-output-to-ipi-run-1/latency/av-1/ack bytes=232 forwarded=1
1783000907.233345 publish topic=ipi/detector-output-to-ipi-run-1/latency/av-1/request bytes=4456 forwarded=1
1783000907.233974 publish topic=ipi/detector-output-to-ipi-run-1/latency/av-1/ack bytes=232 forwarded=1
1783000907.473936 publish topic=ipi/detector-output-to-ipi-run-1/latency/av-1/request bytes=4456 forwarded=1
1783000907.474583 publish topic=ipi/detector-output-to-ipi-run-1/latency/av-1/ack bytes=232 forwarded=1
1783000907.724068 publish topic=ipi/detector-output-to-ipi-run-1/latency/av-1/request bytes=4456 forwarded=1
1783000907.724746 publish topic=ipi/detector-output-to-ipi-run-1/latency/av-1/ack bytes=232 forwarded=1
1783000907.964462 publish topic=ipi/detector-output-to-ipi-run-1/latency/av-1/request bytes=4456 forwarded=1
1783000907.965126 publish topic=ipi/detector-output-to-ipi-run-1/latency/av-1/ack bytes=232 forwarded=1
1783000908.204826 publish topic=ipi/detector-output-to-ipi-run-1/latency/av-1/request bytes=4456 forwarded=1
1783000908.205506 publish topic=ipi/detector-output-to-ipi-run-1/latency/av-1/ack bytes=232 forwarded=1
1783000908.444900 publish topic=ipi/detector-output-to-ipi-run-1/latency/av-1/request bytes=4456 forwarded=1
1783000908.445528 publish topic=ipi/detector-output-to-ipi-run-1/latency/av-1/ack bytes=232 forwarded=1
1783000908.685331 publish topic=ipi/detector-output-to-ipi-run-1/latency/av-1/request bytes=4456 forwarded=1
1783000908.685961 publish topic=ipi/detector-output-to-ipi-run-1/latency/av-1/ack bytes=232 forwarded=1
1783000908.925553 publish topic=ipi/detector-output-to-ipi-run-1/latency/av-1/request bytes=4456 forwarded=1
1783000908.926261 publish topic=ipi/detector-output-to-ipi-run-1/latency/av-1/ack bytes=232 forwarded=1
1783000909.176021 publish topic=ipi/detector-output-to-ipi-run-1/latency/av-1/request bytes=4456 forwarded=1
1783000909.176661 publish topic=ipi/detector-output-to-ipi-run-1/latency/av-1/ack bytes=232 forwarded=1
1783000909.416116 publish topic=ipi/detector-output-to-ipi-run-1/latency/av-1/request bytes=4456 forwarded=1
1783000909.416825 publish topic=ipi/detector-output-to-ipi-run-1/latency/av-1/ack bytes=232 forwarded=1
1783000909.656622 publish topic=ipi/detector-output-to-ipi-run-1/latency/av-1/request bytes=4456 forwarded=1
1783000909.657286 publish topic=ipi/detector-output-to-ipi-run-1/latency/av-1/ack bytes=232 forwarded=1
1783000909.906669 publish topic=ipi/detector-output-to-ipi-run-1/latency/av-1/request bytes=4456 forwarded=1
1783000909.907295 publish topic=ipi/detector-output-to-ipi-run-1/latency/av-1/ack bytes=232 forwarded=1
1783000910.147274 publish topic=ipi/detector-output-to-ipi-run-1/latency/av-1/request bytes=4456 forwarded=1
1783000910.147911 publish topic=ipi/detector-output-to-ipi-run-1/latency/av-1/ack bytes=232 forwarded=1
1783000910.397458 publish topic=ipi/detector-output-to-ipi-run-1/latency/av-1/request bytes=4456 forwarded=1
1783000910.398092 publish topic=ipi/detector-output-to-ipi-run-1/latency/av-1/ack bytes=232 forwarded=1
1783000910.647852 publish topic=ipi/detector-output-to-ipi-run-1/latency/av-1/request bytes=4456 forwarded=1
1783000910.648481 publish topic=ipi/detector-output-to-ipi-run-1/latency/av-1/ack bytes=232 forwarded=1
1783000910.888138 publish topic=ipi/detector-output-to-ipi-run-1/latency/av-1/request bytes=4456 forwarded=1
1783000910.888799 publish topic=ipi/detector-output-to-ipi-run-1/latency/av-1/ack bytes=232 forwarded=1
1783000911.128302 publish topic=ipi/detector-output-to-ipi-run-1/latency/av-1/request bytes=4456 forwarded=1
1783000911.129004 publish topic=ipi/detector-output-to-ipi-run-1/latency/av-1/ack bytes=232 forwarded=1
1783000911.368795 publish topic=ipi/detector-output-to-ipi-run-1/latency/av-1/request bytes=4456 forwarded=1
1783000911.369434 publish topic=ipi/detector-output-to-ipi-run-1/latency/av-1/ack bytes=232 forwarded=1
1783000911.609146 publish topic=ipi/detector-output-to-ipi-run-1/latency/av-1/request bytes=4456 forwarded=1
1783000911.609768 publish topic=ipi/detector-output-to-ipi-run-1/latency/av-1/ack bytes=232 forwarded=1
1783000911.859412 publish topic=ipi/detector-output-to-ipi-run-1/latency/av-1/request bytes=4456 forwarded=1
1783000911.860044 publish topic=ipi/detector-output-to-ipi-run-1/latency/av-1/ack bytes=232 forwarded=1
1783000912.089892 publish topic=ipi/detector-output-to-ipi-run-1/latency/av-1/request bytes=4456 forwarded=1
1783000912.090522 publish topic=ipi/detector-output-to-ipi-run-1/latency/av-1/ack bytes=232 forwarded=1
1783000912.360087 publish topic=ipi/detector-output-to-ipi-run-1/latency/av-1/request bytes=4456 forwarded=1
1783000912.360767 publish topic=ipi/detector-output-to-ipi-run-1/latency/av-1/ack bytes=232 forwarded=1
1783000912.610499 publish topic=ipi/detector-output-to-ipi-run-1/latency/av-1/request bytes=4456 forwarded=1
1783000912.611144 publish topic=ipi/detector-output-to-ipi-run-1/latency/av-1/ack bytes=232 forwarded=1
1783000912.851033 publish topic=ipi/detector-output-to-ipi-run-1/latency/av-1/request bytes=4456 forwarded=1
1783000912.851660 publish topic=ipi/detector-output-to-ipi-run-1/latency/av-1/ack bytes=232 forwarded=1
1783000913.111512 publish topic=ipi/detector-output-to-ipi-run-1/latency/av-1/request bytes=4456 forwarded=1
1783000913.112157 publish topic=ipi/detector-output-to-ipi-run-1/latency/av-1/ack bytes=232 forwarded=1
1783000913.362007 publish topic=ipi/detector-output-to-ipi-run-1/latency/av-1/request bytes=4456 forwarded=1
1783000913.362639 publish topic=ipi/detector-output-to-ipi-run-1/latency/av-1/ack bytes=232 forwarded=1
1783000913.602442 publish topic=ipi/detector-output-to-ipi-run-1/latency/av-1/request bytes=4456 forwarded=1
1783000913.603056 publish topic=ipi/detector-output-to-ipi-run-1/latency/av-1/ack bytes=232 forwarded=1
1783000913.842626 publish topic=ipi/detector-output-to-ipi-run-1/latency/av-1/request bytes=4456 forwarded=1
1783000913.843260 publish topic=ipi/detector-output-to-ipi-run-1/latency/av-1/ack bytes=232 forwarded=1
1783000914.083047 publish topic=ipi/detector-output-to-ipi-run-1/latency/av-1/request bytes=4456 forwarded=1
1783000914.083692 publish topic=ipi/detector-output-to-ipi-run-1/latency/av-1/ack bytes=232 forwarded=1
1783000914.333360 publish topic=ipi/detector-output-to-ipi-run-1/latency/av-1/request bytes=4456 forwarded=1
1783000914.333990 publish topic=ipi/detector-output-to-ipi-run-1/latency/av-1/ack bytes=232 forwarded=1
1783000914.573839 publish topic=ipi/detector-output-to-ipi-run-1/latency/av-1/request bytes=4456 forwarded=1
1783000914.574479 publish topic=ipi/detector-output-to-ipi-run-1/latency/av-1/ack bytes=232 forwarded=1
1783000914.814140 publish topic=ipi/detector-output-to-ipi-run-1/latency/av-1/request bytes=4456 forwarded=1
1783000914.814777 publish topic=ipi/detector-output-to-ipi-run-1/latency/av-1/ack bytes=232 forwarded=1
1783000915.044416 publish topic=ipi/detector-output-to-ipi-run-1/latency/av-1/request bytes=4458 forwarded=1
1783000915.045160 publish topic=ipi/detector-output-to-ipi-run-1/latency/av-1/ack bytes=233 forwarded=1
1783000915.284930 publish topic=ipi/detector-output-to-ipi-run-1/latency/av-1/request bytes=4458 forwarded=1
1783000915.285568 publish topic=ipi/detector-output-to-ipi-run-1/latency/av-1/ack bytes=233 forwarded=1
1783000915.525076 publish topic=ipi/detector-output-to-ipi-run-1/latency/av-1/request bytes=4458 forwarded=1
1783000915.525795 publish topic=ipi/detector-output-to-ipi-run-1/latency/av-1/ack bytes=233 forwarded=1
1783000915.765119 publish topic=ipi/detector-output-to-ipi-run-1/latency/av-1/request bytes=4458 forwarded=1
1783000915.765772 publish topic=ipi/detector-output-to-ipi-run-1/latency/av-1/ack bytes=233 forwarded=1
1783000916.005564 publish topic=ipi/detector-output-to-ipi-run-1/latency/av-1/request bytes=4458 forwarded=1
1783000916.006228 publish topic=ipi/detector-output-to-ipi-run-1/latency/av-1/ack bytes=233 forwarded=1
1783000916.245970 publish topic=ipi/detector-output-to-ipi-run-1/latency/av-1/request bytes=4458 forwarded=1
1783000916.246613 publish topic=ipi/detector-output-to-ipi-run-1/latency/av-1/ack bytes=233 forwarded=1
1783000916.496355 publish topic=ipi/detector-output-to-ipi-run-1/latency/av-1/request bytes=4458 forwarded=1
1783000916.497022 publish topic=ipi/detector-output-to-ipi-run-1/latency/av-1/ack bytes=233 forwarded=1
1783000916.746655 publish topic=ipi/detector-output-to-ipi-run-1/latency/av-1/request bytes=4458 forwarded=1
1783000916.747294 publish topic=ipi/detector-output-to-ipi-run-1/latency/av-1/ack bytes=233 forwarded=1
1783000916.986816 publish topic=ipi/detector-output-to-ipi-run-1/latency/av-1/request bytes=4458 forwarded=1
1783000916.987467 publish topic=ipi/detector-output-to-ipi-run-1/latency/av-1/ack bytes=233 forwarded=1
1783000917.237179 publish topic=ipi/detector-output-to-ipi-run-1/latency/av-1/request bytes=4458 forwarded=1
1783000917.237831 publish topic=ipi/detector-output-to-ipi-run-1/latency/av-1/ack bytes=233 forwarded=1
1783000917.477497 publish topic=ipi/detector-output-to-ipi-run-1/latency/av-1/request bytes=4458 forwarded=1
1783000917.478125 publish topic=ipi/detector-output-to-ipi-run-1/latency/av-1/ack bytes=233 forwarded=1
1783000917.718110 publish topic=ipi/detector-output-to-ipi-run-1/latency/av-1/request bytes=4458 forwarded=1
1783000917.718750 publish topic=ipi/detector-output-to-ipi-run-1/latency/av-1/ack bytes=233 forwarded=1
1783000917.958226 publish topic=ipi/detector-output-to-ipi-run-1/latency/av-1/request bytes=4458 forwarded=1
1783000917.958875 publish topic=ipi/detector-output-to-ipi-run-1/latency/av-1/ack bytes=233 forwarded=1
1783000918.198644 publish topic=ipi/detector-output-to-ipi-run-1/latency/av-1/request bytes=4458 forwarded=1
1783000918.199281 publish topic=ipi/detector-output-to-ipi-run-1/latency/av-1/ack bytes=233 forwarded=1
1783000918.438973 publish topic=ipi/detector-output-to-ipi-run-1/latency/av-1/request bytes=4458 forwarded=1
1783000918.439621 publish topic=ipi/detector-output-to-ipi-run-1/latency/av-1/ack bytes=233 forwarded=1
1783000918.689324 publish topic=ipi/detector-output-to-ipi-run-1/latency/av-1/request bytes=4458 forwarded=1
1783000918.690014 publish topic=ipi/detector-output-to-ipi-run-1/latency/av-1/ack bytes=233 forwarded=1
1783000918.939580 publish topic=ipi/detector-output-to-ipi-run-1/latency/av-1/request bytes=4458 forwarded=1
1783000918.940273 publish topic=ipi/detector-output-to-ipi-run-1/latency/av-1/ack bytes=233 forwarded=1
1783000919.190052 publish topic=ipi/detector-output-to-ipi-run-1/latency/av-1/request bytes=4458 forwarded=1
1783000919.190754 publish topic=ipi/detector-output-to-ipi-run-1/latency/av-1/ack bytes=233 forwarded=1
1783000919.440499 publish topic=ipi/detector-output-to-ipi-run-1/latency/av-1/request bytes=4458 forwarded=1
1783000919.441179 publish topic=ipi/detector-output-to-ipi-run-1/latency/av-1/ack bytes=233 forwarded=1
1783000919.700984 publish topic=ipi/detector-output-to-ipi-run-1/latency/av-1/request bytes=4458 forwarded=1
1783000919.701677 publish topic=ipi/detector-output-to-ipi-run-1/latency/av-1/ack bytes=233 forwarded=1
1783000919.961480 publish topic=ipi/detector-output-to-ipi-run-1/latency/av-1/request bytes=4458 forwarded=1
1783000919.962165 publish topic=ipi/detector-output-to-ipi-run-1/latency/av-1/ack bytes=233 forwarded=1
1783000920.221889 publish topic=ipi/detector-output-to-ipi-run-1/latency/av-1/request bytes=4458 forwarded=1
1783000920.222587 publish topic=ipi/detector-output-to-ipi-run-1/latency/av-1/ack bytes=233 forwarded=1
1783000920.462326 publish topic=ipi/detector-output-to-ipi-run-1/latency/av-1/request bytes=4458 forwarded=1
1783000920.463023 publish topic=ipi/detector-output-to-ipi-run-1/latency/av-1/ack bytes=233 forwarded=1
1783000920.702657 publish topic=ipi/detector-output-to-ipi-run-1/latency/av-1/request bytes=4458 forwarded=1
1783000920.703348 publish topic=ipi/detector-output-to-ipi-run-1/latency/av-1/ack bytes=233 forwarded=1
1783000920.942897 publish topic=ipi/detector-output-to-ipi-run-1/latency/av-1/request bytes=4458 forwarded=1
1783000920.943594 publish topic=ipi/detector-output-to-ipi-run-1/latency/av-1/ack bytes=233 forwarded=1
1783000921.183209 publish topic=ipi/detector-output-to-ipi-run-1/latency/av-1/request bytes=4458 forwarded=1
1783000921.183903 publish topic=ipi/detector-output-to-ipi-run-1/latency/av-1/ack bytes=233 forwarded=1
1783000921.423505 publish topic=ipi/detector-output-to-ipi-run-1/latency/av-1/request bytes=4458 forwarded=1
1783000921.424197 publish topic=ipi/detector-output-to-ipi-run-1/latency/av-1/ack bytes=233 forwarded=1
1783000921.663976 publish topic=ipi/detector-output-to-ipi-run-1/latency/av-1/request bytes=4458 forwarded=1
1783000921.664709 publish topic=ipi/detector-output-to-ipi-run-1/latency/av-1/ack bytes=233 forwarded=1
1783000921.903928 publish topic=ipi/detector-output-to-ipi-run-1/latency/av-1/request bytes=4458 forwarded=1
1783000921.904613 publish topic=ipi/detector-output-to-ipi-run-1/latency/av-1/ack bytes=233 forwarded=1
1783000922.144488 publish topic=ipi/detector-output-to-ipi-run-1/latency/av-1/request bytes=4458 forwarded=1
1783000922.145181 publish topic=ipi/detector-output-to-ipi-run-1/latency/av-1/ack bytes=233 forwarded=1
1783000922.384720 publish topic=ipi/detector-output-to-ipi-run-1/latency/av-1/request bytes=4458 forwarded=1
1783000922.385379 publish topic=ipi/detector-output-to-ipi-run-1/latency/av-1/ack bytes=233 forwarded=1
1783000922.625109 publish topic=ipi/detector-output-to-ipi-run-1/latency/av-1/request bytes=4458 forwarded=1
1783000922.625799 publish topic=ipi/detector-output-to-ipi-run-1/latency/av-1/ack bytes=233 forwarded=1
1783000922.865285 publish topic=ipi/detector-output-to-ipi-run-1/latency/av-1/request bytes=4458 forwarded=1
1783000922.865979 publish topic=ipi/detector-output-to-ipi-run-1/latency/av-1/ack bytes=233 forwarded=1
1783000923.105729 publish topic=ipi/detector-output-to-ipi-run-1/latency/av-1/request bytes=4458 forwarded=1
1783000923.106414 publish topic=ipi/detector-output-to-ipi-run-1/latency/av-1/ack bytes=233 forwarded=1
1783000923.346132 publish topic=ipi/detector-output-to-ipi-run-1/latency/av-1/request bytes=4458 forwarded=1
1783000923.346831 publish topic=ipi/detector-output-to-ipi-run-1/latency/av-1/ack bytes=233 forwarded=1
1783000923.596413 publish topic=ipi/detector-output-to-ipi-run-1/latency/av-1/request bytes=4458 forwarded=1
1783000923.597131 publish topic=ipi/detector-output-to-ipi-run-1/latency/av-1/ack bytes=233 forwarded=1
1783000923.846815 publish topic=ipi/detector-output-to-ipi-run-1/latency/av-1/request bytes=4458 forwarded=1
1783000923.847507 publish topic=ipi/detector-output-to-ipi-run-1/latency/av-1/ack bytes=233 forwarded=1
1783000924.097103 publish topic=ipi/detector-output-to-ipi-run-1/latency/av-1/request bytes=4458 forwarded=1
1783000924.097800 publish topic=ipi/detector-output-to-ipi-run-1/latency/av-1/ack bytes=233 forwarded=1
1783000924.347518 publish topic=ipi/detector-output-to-ipi-run-1/latency/av-1/request bytes=4458 forwarded=1
1783000924.348212 publish topic=ipi/detector-output-to-ipi-run-1/latency/av-1/ack bytes=233 forwarded=1
1783000924.607790 publish topic=ipi/detector-output-to-ipi-run-1/latency/av-1/request bytes=4458 forwarded=1
1783000924.608485 publish topic=ipi/detector-output-to-ipi-run-1/latency/av-1/ack bytes=233 forwarded=1
1783000924.848380 publish topic=ipi/detector-output-to-ipi-run-1/latency/av-1/request bytes=4458 forwarded=1
1783000924.849107 publish topic=ipi/detector-output-to-ipi-run-1/latency/av-1/ack bytes=233 forwarded=1
1783000925.088762 publish topic=ipi/detector-output-to-ipi-run-1/latency/av-1/request bytes=4458 forwarded=1
1783000925.089457 publish topic=ipi/detector-output-to-ipi-run-1/latency/av-1/ack bytes=233 forwarded=1
1783000925.338913 publish topic=ipi/detector-output-to-ipi-run-1/latency/av-1/request bytes=4458 forwarded=1
1783000925.339616 publish topic=ipi/detector-output-to-ipi-run-1/latency/av-1/ack bytes=233 forwarded=1
1783000925.579180 publish topic=ipi/detector-output-to-ipi-run-1/latency/av-1/request bytes=4458 forwarded=1
1783000925.579871 publish topic=ipi/detector-output-to-ipi-run-1/latency/av-1/ack bytes=233 forwarded=1
1783000925.829772 publish topic=ipi/detector-output-to-ipi-run-1/latency/av-1/request bytes=4458 forwarded=1
1783000925.830462 publish topic=ipi/detector-output-to-ipi-run-1/latency/av-1/ack bytes=233 forwarded=1
1783000926.080099 publish topic=ipi/detector-output-to-ipi-run-1/latency/av-1/request bytes=4458 forwarded=1
1783000926.080847 publish topic=ipi/detector-output-to-ipi-run-1/latency/av-1/ack bytes=233 forwarded=1
1783000926.330494 publish topic=ipi/detector-output-to-ipi-run-1/latency/av-1/request bytes=4458 forwarded=1
1783000926.331199 publish topic=ipi/detector-output-to-ipi-run-1/latency/av-1/ack bytes=233 forwarded=1
1783000926.570981 publish topic=ipi/detector-output-to-ipi-run-1/latency/av-1/request bytes=4458 forwarded=1
1783000926.571682 publish topic=ipi/detector-output-to-ipi-run-1/latency/av-1/ack bytes=233 forwarded=1
1783000926.821381 publish topic=ipi/detector-output-to-ipi-run-1/latency/av-1/request bytes=4458 forwarded=1
1783000926.822074 publish topic=ipi/detector-output-to-ipi-run-1/latency/av-1/ack bytes=233 forwarded=1
1783000927.081907 publish topic=ipi/detector-output-to-ipi-run-1/latency/av-1/request bytes=4458 forwarded=1
1783000927.082599 publish topic=ipi/detector-output-to-ipi-run-1/latency/av-1/ack bytes=233 forwarded=1
1783000927.322384 publish topic=ipi/detector-output-to-ipi-run-1/latency/av-1/request bytes=4458 forwarded=1
1783000927.323080 publish topic=ipi/detector-output-to-ipi-run-1/latency/av-1/ack bytes=233 forwarded=1
1783000927.582564 publish topic=ipi/detector-output-to-ipi-run-1/latency/av-1/request bytes=4458 forwarded=1
1783000927.583260 publish topic=ipi/detector-output-to-ipi-run-1/latency/av-1/ack bytes=233 forwarded=1
1783000927.833121 publish topic=ipi/detector-output-to-ipi-run-1/latency/av-1/request bytes=4458 forwarded=1
1783000927.833808 publish topic=ipi/detector-output-to-ipi-run-1/latency/av-1/ack bytes=233 forwarded=1
1783000928.083411 publish topic=ipi/detector-output-to-ipi-run-1/latency/av-1/request bytes=4458 forwarded=1
1783000928.084102 publish topic=ipi/detector-output-to-ipi-run-1/latency/av-1/ack bytes=233 forwarded=1
1783000928.323831 publish topic=ipi/detector-output-to-ipi-run-1/latency/av-1/request bytes=4458 forwarded=1
1783000928.324524 publish topic=ipi/detector-output-to-ipi-run-1/latency/av-1/ack bytes=233 forwarded=1
1783000928.564131 publish topic=ipi/detector-output-to-ipi-run-1/latency/av-1/request bytes=4458 forwarded=1
1783000928.564868 publish topic=ipi/detector-output-to-ipi-run-1/latency/av-1/ack bytes=233 forwarded=1
1783000928.814404 publish topic=ipi/detector-output-to-ipi-run-1/latency/av-1/request bytes=4458 forwarded=1
1783000928.815104 publish topic=ipi/detector-output-to-ipi-run-1/latency/av-1/ack bytes=233 forwarded=1
1783000929.054527 publish topic=ipi/detector-output-to-ipi-run-1/latency/av-1/request bytes=4458 forwarded=1
1783000929.055232 publish topic=ipi/detector-output-to-ipi-run-1/latency/av-1/ack bytes=233 forwarded=1
1783000929.285066 publish topic=ipi/detector-output-to-ipi-run-1/latency/av-1/request bytes=4458 forwarded=1
1783000929.285761 publish topic=ipi/detector-output-to-ipi-run-1/latency/av-1/ack bytes=233 forwarded=1
1783000929.535243 publish topic=ipi/detector-output-to-ipi-run-1/latency/av-1/request bytes=4458 forwarded=1
1783000929.535937 publish topic=ipi/detector-output-to-ipi-run-1/latency/av-1/ack bytes=233 forwarded=1
1783000929.775781 publish topic=ipi/detector-output-to-ipi-run-1/latency/av-1/request bytes=4458 forwarded=1
1783000929.776477 publish topic=ipi/detector-output-to-ipi-run-1/latency/av-1/ack bytes=233 forwarded=1
1783000930.026017 publish topic=ipi/detector-output-to-ipi-run-1/latency/av-1/request bytes=4458 forwarded=1
1783000930.026718 publish topic=ipi/detector-output-to-ipi-run-1/latency/av-1/ack bytes=233 forwarded=1
1783000930.266391 publish topic=ipi/detector-output-to-ipi-run-1/latency/av-1/request bytes=4458 forwarded=1
1783000930.267088 publish topic=ipi/detector-output-to-ipi-run-1/latency/av-1/ack bytes=233 forwarded=1
1783000930.506869 publish topic=ipi/detector-output-to-ipi-run-1/latency/av-1/request bytes=4458 forwarded=1
1783000930.507562 publish topic=ipi/detector-output-to-ipi-run-1/latency/av-1/ack bytes=233 forwarded=1
1783000930.767020 publish topic=ipi/detector-output-to-ipi-run-1/latency/av-1/request bytes=4458 forwarded=1
1783000930.767721 publish topic=ipi/detector-output-to-ipi-run-1/latency/av-1/ack bytes=233 forwarded=1
1783000931.007428 publish topic=ipi/detector-output-to-ipi-run-1/latency/av-1/request bytes=4458 forwarded=1
1783000931.008124 publish topic=ipi/detector-output-to-ipi-run-1/latency/av-1/ack bytes=233 forwarded=1
1783000931.247725 publish topic=ipi/detector-output-to-ipi-run-1/latency/av-1/request bytes=4458 forwarded=1
1783000931.248423 publish topic=ipi/detector-output-to-ipi-run-1/latency/av-1/ack bytes=233 forwarded=1
1783000931.487975 publish topic=ipi/detector-output-to-ipi-run-1/latency/av-1/request bytes=4458 forwarded=1
1783000931.488703 publish topic=ipi/detector-output-to-ipi-run-1/latency/av-1/ack bytes=233 forwarded=1
1783000931.728513 publish topic=ipi/detector-output-to-ipi-run-1/latency/av-1/request bytes=4458 forwarded=1
1783000931.729222 publish topic=ipi/detector-output-to-ipi-run-1/latency/av-1/ack bytes=233 forwarded=1
1783000931.968456 publish topic=ipi/detector-output-to-ipi-run-1/latency/av-1/request bytes=4458 forwarded=1
1783000931.969171 publish topic=ipi/detector-output-to-ipi-run-1/latency/av-1/ack bytes=233 forwarded=1
1783000932.208924 publish topic=ipi/detector-output-to-ipi-run-1/latency/av-1/request bytes=4458 forwarded=1
1783000932.209620 publish topic=ipi/detector-output-to-ipi-run-1/latency/av-1/ack bytes=233 forwarded=1
1783000932.449309 publish topic=ipi/detector-output-to-ipi-run-1/latency/av-1/request bytes=4458 forwarded=1
1783000932.449995 publish topic=ipi/detector-output-to-ipi-run-1/latency/av-1/ack bytes=233 forwarded=1
1783000932.689951 publish topic=ipi/detector-output-to-ipi-run-1/latency/av-1/request bytes=4458 forwarded=1
1783000932.690665 publish topic=ipi/detector-output-to-ipi-run-1/latency/av-1/ack bytes=233 forwarded=1
1783000932.930251 publish topic=ipi/detector-output-to-ipi-run-1/latency/av-1/request bytes=4458 forwarded=1
1783000932.930968 publish topic=ipi/detector-output-to-ipi-run-1/latency/av-1/ack bytes=233 forwarded=1
1783000933.180609 publish topic=ipi/detector-output-to-ipi-run-1/latency/av-1/request bytes=4458 forwarded=1
1783000933.181318 publish topic=ipi/detector-output-to-ipi-run-1/latency/av-1/ack bytes=233 forwarded=1
1783000933.421114 publish topic=ipi/detector-output-to-ipi-run-1/latency/av-1/request bytes=4458 forwarded=1
1783000933.421781 publish topic=ipi/detector-output-to-ipi-run-1/latency/av-1/ack bytes=233 forwarded=1
1783000933.691629 publish topic=ipi/detector-output-to-ipi-run-1/latency/av-1/request bytes=4458 forwarded=1
1783000933.692359 publish topic=ipi/detector-output-to-ipi-run-1/latency/av-1/ack bytes=233 forwarded=1
1783000933.942018 publish topic=ipi/detector-output-to-ipi-run-1/latency/av-1/request bytes=4458 forwarded=1
1783000933.942713 publish topic=ipi/detector-output-to-ipi-run-1/latency/av-1/ack bytes=233 forwarded=1
1783000934.182307 publish topic=ipi/detector-output-to-ipi-run-1/latency/av-1/request bytes=4458 forwarded=1
1783000934.183000 publish topic=ipi/detector-output-to-ipi-run-1/latency/av-1/ack bytes=233 forwarded=1
1783000934.423002 publish topic=ipi/detector-output-to-ipi-run-1/latency/av-1/request bytes=4458 forwarded=1
1783000934.423699 publish topic=ipi/detector-output-to-ipi-run-1/latency/av-1/ack bytes=233 forwarded=1
1783000934.673029 publish topic=ipi/detector-output-to-ipi-run-1/latency/av-1/request bytes=4458 forwarded=1
1783000934.673726 publish topic=ipi/detector-output-to-ipi-run-1/latency/av-1/ack bytes=233 forwarded=1
1783000934.913401 publish topic=ipi/detector-output-to-ipi-run-1/latency/av-1/request bytes=4458 forwarded=1
1783000934.914098 publish topic=ipi/detector-output-to-ipi-run-1/latency/av-1/ack bytes=233 forwarded=1
1783000935.163817 publish topic=ipi/detector-output-to-ipi-run-1/latency/av-1/request bytes=4458 forwarded=1
1783000935.164518 publish topic=ipi/detector-output-to-ipi-run-1/latency/av-1/ack bytes=233 forwarded=1
1783000935.404148 publish topic=ipi/detector-output-to-ipi-run-1/latency/av-1/request bytes=4458 forwarded=1
1783000935.404907 publish topic=ipi/detector-output-to-ipi-run-1/latency/av-1/ack bytes=233 forwarded=1
1783000935.634229 publish topic=ipi/detector-output-to-ipi-run-1/latency/av-1/request bytes=4458 forwarded=1
1783000935.634923 publish topic=ipi/detector-output-to-ipi-run-1/latency/av-1/ack bytes=233 forwarded=1
1783000935.864791 publish topic=ipi/detector-output-to-ipi-run-1/latency/av-1/request bytes=4458 forwarded=1
1783000935.865481 publish topic=ipi/detector-output-to-ipi-run-1/latency/av-1/ack bytes=233 forwarded=1
1783000936.104850 publish topic=ipi/detector-output-to-ipi-run-1/latency/av-1/request bytes=4458 forwarded=1
1783000936.105548 publish topic=ipi/detector-output-to-ipi-run-1/latency/av-1/ack bytes=233 forwarded=1
1783000936.345424 publish topic=ipi/detector-output-to-ipi-run-1/latency/av-1/request bytes=4458 forwarded=1
1783000936.346116 publish topic=ipi/detector-output-to-ipi-run-1/latency/av-1/ack bytes=233 forwarded=1
1783000936.605716 publish topic=ipi/detector-output-to-ipi-run-1/latency/av-1/request bytes=4458 forwarded=1
1783000936.606407 publish topic=ipi/detector-output-to-ipi-run-1/latency/av-1/ack bytes=233 forwarded=1
1783000936.856014 publish topic=ipi/detector-output-to-ipi-run-1/latency/av-1/request bytes=4458 forwarded=1
1783000936.856751 publish topic=ipi/detector-output-to-ipi-run-1/latency/av-1/ack bytes=233 forwarded=1
1783000937.096181 publish topic=ipi/detector-output-to-ipi-run-1/latency/av-1/request bytes=4458 forwarded=1
1783000937.096877 publish topic=ipi/detector-output-to-ipi-run-1/latency/av-1/ack bytes=233 forwarded=1
1783000937.346782 publish topic=ipi/detector-output-to-ipi-run-1/latency/av-1/request bytes=4458 forwarded=1
1783000937.347469 publish topic=ipi/detector-output-to-ipi-run-1/latency/av-1/ack bytes=233 forwarded=1
1783000937.596933 publish topic=ipi/detector-output-to-ipi-run-1/latency/av-1/request bytes=4458 forwarded=1
1783000937.597592 publish topic=ipi/detector-output-to-ipi-run-1/latency/av-1/ack bytes=233 forwarded=1
1783000937.837360 publish topic=ipi/detector-output-to-ipi-run-1/latency/av-1/request bytes=4458 forwarded=1
1783000937.838058 publish topic=ipi/detector-output-to-ipi-run-1/latency/av-1/ack bytes=233 forwarded=1
1783000938.087649 publish topic=ipi/detector-output-to-ipi-run-1/latency/av-1/request bytes=4458 forwarded=1
1783000938.088313 publish topic=ipi/detector-output-to-ipi-run-1/latency/av-1/ack bytes=233 forwarded=1
1783000938.328055 publish topic=ipi/detector-output-to-ipi-run-1/latency/av-1/request bytes=4458 forwarded=1
1783000938.328806 publish topic=ipi/detector-output-to-ipi-run-1/latency/av-1/ack bytes=233 forwarded=1
1783000938.568372 publish topic=ipi/detector-output-to-ipi-run-1/latency/av-1/request bytes=4458 forwarded=1
1783000938.569095 publish topic=ipi/detector-output-to-ipi-run-1/latency/av-1/ack bytes=233 forwarded=1
1783000938.818549 publish topic=ipi/detector-output-to-ipi-run-1/latency/av-1/request bytes=4458 forwarded=1
1783000938.819250 publish topic=ipi/detector-output-to-ipi-run-1/latency/av-1/ack bytes=233 forwarded=1
1783000939.059006 publish topic=ipi/detector-output-to-ipi-run-1/latency/av-1/request bytes=4458 forwarded=1
1783000939.059701 publish topic=ipi/detector-output-to-ipi-run-1/latency/av-1/ack bytes=233 forwarded=1
1783000939.299610 publish topic=ipi/detector-output-to-ipi-run-1/latency/av-1/request bytes=4458 forwarded=1
1783000939.300313 publish topic=ipi/detector-output-to-ipi-run-1/latency/av-1/ack bytes=233 forwarded=1
1783000939.549853 publish topic=ipi/detector-output-to-ipi-run-1/latency/av-1/request bytes=4458 forwarded=1
1783000939.550541 publish topic=ipi/detector-output-to-ipi-run-1/latency/av-1/ack bytes=233 forwarded=1
1783000939.800231 publish topic=ipi/detector-output-to-ipi-run-1/latency/av-1/request bytes=4458 forwarded=1
1783000939.800905 publish topic=ipi/detector-output-to-ipi-run-1/latency/av-1/ack bytes=233 forwarded=1
1783000940.050823 publish topic=ipi/detector-output-to-ipi-run-1/latency/av-1/request bytes=4458 forwarded=1
1783000940.051518 publish topic=ipi/detector-output-to-ipi-run-1/latency/av-1/ack bytes=233 forwarded=1
1783000940.321262 publish topic=ipi/detector-output-to-ipi-run-1/latency/av-1/request bytes=4458 forwarded=1
1783000940.321944 publish topic=ipi/detector-output-to-ipi-run-1/latency/av-1/ack bytes=233 forwarded=1
1783000940.581886 publish topic=ipi/detector-output-to-ipi-run-1/latency/av-1/request bytes=4458 forwarded=1
1783000940.582589 publish topic=ipi/detector-output-to-ipi-run-1/latency/av-1/ack bytes=233 forwarded=1
1783000940.822188 publish topic=ipi/detector-output-to-ipi-run-1/latency/av-1/request bytes=4458 forwarded=1
1783000940.822881 publish topic=ipi/detector-output-to-ipi-run-1/latency/av-1/ack bytes=233 forwarded=1
1783000941.062566 publish topic=ipi/detector-output-to-ipi-run-1/latency/av-1/request bytes=4458 forwarded=1
1783000941.063261 publish topic=ipi/detector-output-to-ipi-run-1/latency/av-1/ack bytes=233 forwarded=1
1783000941.302903 publish topic=ipi/detector-output-to-ipi-run-1/latency/av-1/request bytes=4458 forwarded=1
1783000941.303602 publish topic=ipi/detector-output-to-ipi-run-1/latency/av-1/ack bytes=233 forwarded=1
1783000941.543044 publish topic=ipi/detector-output-to-ipi-run-1/latency/av-1/request bytes=4458 forwarded=1
1783000941.543737 publish topic=ipi/detector-output-to-ipi-run-1/latency/av-1/ack bytes=233 forwarded=1
1783000941.793467 publish topic=ipi/detector-output-to-ipi-run-1/latency/av-1/request bytes=4458 forwarded=1
1783000941.794162 publish topic=ipi/detector-output-to-ipi-run-1/latency/av-1/ack bytes=233 forwarded=1
1783000942.033665 publish topic=ipi/detector-output-to-ipi-run-1/latency/av-1/request bytes=4458 forwarded=1
1783000942.034311 publish topic=ipi/detector-output-to-ipi-run-1/latency/av-1/ack bytes=233 forwarded=1
1783000942.274104 publish topic=ipi/detector-output-to-ipi-run-1/latency/av-1/request bytes=4458 forwarded=1
1783000942.274774 publish topic=ipi/detector-output-to-ipi-run-1/latency/av-1/ack bytes=233 forwarded=1
1783000942.514359 publish topic=ipi/detector-output-to-ipi-run-1/latency/av-1/request bytes=4458 forwarded=1
1783000942.515015 publish topic=ipi/detector-output-to-ipi-run-1/latency/av-1/ack bytes=233 forwarded=1
1783000942.754749 publish topic=ipi/detector-output-to-ipi-run-1/latency/av-1/request bytes=4458 forwarded=1
1783000942.755404 publish topic=ipi/detector-output-to-ipi-run-1/latency/av-1/ack bytes=233 forwarded=1
1783000942.994793 publish topic=ipi/detector-output-to-ipi-run-1/latency/av-1/request bytes=4458 forwarded=1
1783000942.995444 publish topic=ipi/detector-output-to-ipi-run-1/latency/av-1/ack bytes=233 forwarded=1
1783000943.235309 publish topic=ipi/detector-output-to-ipi-run-1/latency/av-1/request bytes=4458 forwarded=1
1783000943.235937 publish topic=ipi/detector-output-to-ipi-run-1/latency/av-1/ack bytes=233 forwarded=1
1783000943.475680 publish topic=ipi/detector-output-to-ipi-run-1/latency/av-1/request bytes=4458 forwarded=1
1783000943.476314 publish topic=ipi/detector-output-to-ipi-run-1/latency/av-1/ack bytes=233 forwarded=1
1783000943.716020 publish topic=ipi/detector-output-to-ipi-run-1/latency/av-1/request bytes=4458 forwarded=1
1783000943.716643 publish topic=ipi/detector-output-to-ipi-run-1/latency/av-1/ack bytes=233 forwarded=1
1783000943.946348 publish topic=ipi/detector-output-to-ipi-run-1/latency/av-1/request bytes=4458 forwarded=1
1783000943.946985 publish topic=ipi/detector-output-to-ipi-run-1/latency/av-1/ack bytes=233 forwarded=1
1783000944.206624 publish topic=ipi/detector-output-to-ipi-run-1/latency/av-1/request bytes=4458 forwarded=1
1783000944.207248 publish topic=ipi/detector-output-to-ipi-run-1/latency/av-1/ack bytes=233 forwarded=1
1783000944.447112 publish topic=ipi/detector-output-to-ipi-run-1/latency/av-1/request bytes=4458 forwarded=1
1783000944.447760 publish topic=ipi/detector-output-to-ipi-run-1/latency/av-1/ack bytes=233 forwarded=1
1783000944.687390 publish topic=ipi/detector-output-to-ipi-run-1/latency/av-1/request bytes=4458 forwarded=1
1783000944.688033 publish topic=ipi/detector-output-to-ipi-run-1/latency/av-1/ack bytes=233 forwarded=1
1783000944.927717 publish topic=ipi/detector-output-to-ipi-run-1/latency/av-1/request bytes=4458 forwarded=1
1783000944.928363 publish topic=ipi/detector-output-to-ipi-run-1/latency/av-1/ack bytes=233 forwarded=1
1783000945.168065 publish topic=ipi/detector-output-to-ipi-run-1/latency/av-1/request bytes=4458 forwarded=1
1783000945.168736 publish topic=ipi/detector-output-to-ipi-run-1/latency/av-1/ack bytes=233 forwarded=1
1783000945.408263 publish topic=ipi/detector-output-to-ipi-run-1/latency/av-1/request bytes=4458 forwarded=1
1783000945.408895 publish topic=ipi/detector-output-to-ipi-run-1/latency/av-1/ack bytes=233 forwarded=1
1783000945.698575 publish topic=ipi/detector-output-to-ipi-run-1/latency/av-1/request bytes=4458 forwarded=1
1783000945.699150 publish topic=ipi/detector-output-to-ipi-run-1/latency/av-1/ack bytes=233 forwarded=1
1783000945.938990 publish topic=ipi/detector-output-to-ipi-run-1/latency/av-1/request bytes=4458 forwarded=1
1783000945.939627 publish topic=ipi/detector-output-to-ipi-run-1/latency/av-1/ack bytes=233 forwarded=1
1783000946.189551 publish topic=ipi/detector-output-to-ipi-run-1/latency/av-1/request bytes=4458 forwarded=1
1783000946.190183 publish topic=ipi/detector-output-to-ipi-run-1/latency/av-1/ack bytes=233 forwarded=1
1783000946.450059 publish topic=ipi/detector-output-to-ipi-run-1/latency/av-1/request bytes=4458 forwarded=1
1783000946.450705 publish topic=ipi/detector-output-to-ipi-run-1/latency/av-1/ack bytes=233 forwarded=1
1783000946.740357 publish topic=ipi/detector-output-to-ipi-run-1/latency/av-1/request bytes=4458 forwarded=1
1783000946.741045 publish topic=ipi/detector-output-to-ipi-run-1/latency/av-1/ack bytes=233 forwarded=1
1783000946.990897 publish topic=ipi/detector-output-to-ipi-run-1/latency/av-1/request bytes=4458 forwarded=1
1783000946.991527 publish topic=ipi/detector-output-to-ipi-run-1/latency/av-1/ack bytes=233 forwarded=1
1783000947.221572 publish topic=ipi/detector-output-to-ipi-run-1/latency/av-1/request bytes=4458 forwarded=1
1783000947.222222 publish topic=ipi/detector-output-to-ipi-run-1/latency/av-1/ack bytes=233 forwarded=1
1783000947.461791 publish topic=ipi/detector-output-to-ipi-run-1/latency/av-1/request bytes=4458 forwarded=1
1783000947.462433 publish topic=ipi/detector-output-to-ipi-run-1/latency/av-1/ack bytes=233 forwarded=1
1783000947.702297 publish topic=ipi/detector-output-to-ipi-run-1/latency/av-1/request bytes=4458 forwarded=1
1783000947.702942 publish topic=ipi/detector-output-to-ipi-run-1/latency/av-1/ack bytes=233 forwarded=1
1783000947.942528 publish topic=ipi/detector-output-to-ipi-run-1/latency/av-1/request bytes=4458 forwarded=1
1783000947.943135 publish topic=ipi/detector-output-to-ipi-run-1/latency/av-1/ack bytes=233 forwarded=1
1783000948.182660 publish topic=ipi/detector-output-to-ipi-run-1/latency/av-1/request bytes=4458 forwarded=1
1783000948.183308 publish topic=ipi/detector-output-to-ipi-run-1/latency/av-1/ack bytes=233 forwarded=1
1783000948.422987 publish topic=ipi/detector-output-to-ipi-run-1/latency/av-1/request bytes=4458 forwarded=1
1783000948.423633 publish topic=ipi/detector-output-to-ipi-run-1/latency/av-1/ack bytes=233 forwarded=1
1783000948.663460 publish topic=ipi/detector-output-to-ipi-run-1/latency/av-1/request bytes=4458 forwarded=1
1783000948.664099 publish topic=ipi/detector-output-to-ipi-run-1/latency/av-1/ack bytes=233 forwarded=1
1783000948.903683 publish topic=ipi/detector-output-to-ipi-run-1/latency/av-1/request bytes=4458 forwarded=1
1783000948.904299 publish topic=ipi/detector-output-to-ipi-run-1/latency/av-1/ack bytes=233 forwarded=1
1783000949.164003 publish topic=ipi/detector-output-to-ipi-run-1/latency/av-1/request bytes=4458 forwarded=1
1783000949.164612 publish topic=ipi/detector-output-to-ipi-run-1/latency/av-1/ack bytes=233 forwarded=1
1783000949.424596 publish topic=ipi/detector-output-to-ipi-run-1/latency/av-1/request bytes=4458 forwarded=1
1783000949.425284 publish topic=ipi/detector-output-to-ipi-run-1/latency/av-1/ack bytes=233 forwarded=1
1783000949.664915 publish topic=ipi/detector-output-to-ipi-run-1/latency/av-1/request bytes=4458 forwarded=1
1783000949.665564 publish topic=ipi/detector-output-to-ipi-run-1/latency/av-1/ack bytes=233 forwarded=1
1783000949.915290 publish topic=ipi/detector-output-to-ipi-run-1/latency/av-1/request bytes=4458 forwarded=1
1783000949.915923 publish topic=ipi/detector-output-to-ipi-run-1/latency/av-1/ack bytes=233 forwarded=1
1783000950.175732 publish topic=ipi/detector-output-to-ipi-run-1/latency/av-1/request bytes=4458 forwarded=1
1783000950.176386 publish topic=ipi/detector-output-to-ipi-run-1/latency/av-1/ack bytes=233 forwarded=1
1783000950.426414 publish topic=ipi/detector-output-to-ipi-run-1/latency/av-1/request bytes=4458 forwarded=1
1783000950.427052 publish topic=ipi/detector-output-to-ipi-run-1/latency/av-1/ack bytes=233 forwarded=1
1783000950.676749 publish topic=ipi/detector-output-to-ipi-run-1/latency/av-1/request bytes=4458 forwarded=1
1783000950.677413 publish topic=ipi/detector-output-to-ipi-run-1/latency/av-1/ack bytes=233 forwarded=1
1783000950.926713 publish topic=ipi/detector-output-to-ipi-run-1/latency/av-1/request bytes=4458 forwarded=1
1783000950.927325 publish topic=ipi/detector-output-to-ipi-run-1/latency/av-1/ack bytes=233 forwarded=1
1783000951.167210 publish topic=ipi/detector-output-to-ipi-run-1/latency/av-1/request bytes=4458 forwarded=1
1783000951.167869 publish topic=ipi/detector-output-to-ipi-run-1/latency/av-1/ack bytes=233 forwarded=1
1783000951.427473 publish topic=ipi/detector-output-to-ipi-run-1/latency/av-1/request bytes=4458 forwarded=1
1783000951.428102 publish topic=ipi/detector-output-to-ipi-run-1/latency/av-1/ack bytes=233 forwarded=1
1783000951.678084 publish topic=ipi/detector-output-to-ipi-run-1/latency/av-1/request bytes=4458 forwarded=1
1783000951.678717 publish topic=ipi/detector-output-to-ipi-run-1/latency/av-1/ack bytes=233 forwarded=1
1783000951.918433 publish topic=ipi/detector-output-to-ipi-run-1/latency/av-1/request bytes=4458 forwarded=1
1783000951.919085 publish topic=ipi/detector-output-to-ipi-run-1/latency/av-1/ack bytes=233 forwarded=1
1783000952.168961 publish topic=ipi/detector-output-to-ipi-run-1/latency/av-1/request bytes=4458 forwarded=1
1783000952.169594 publish topic=ipi/detector-output-to-ipi-run-1/latency/av-1/ack bytes=233 forwarded=1
1783000952.419255 publish topic=ipi/detector-output-to-ipi-run-1/latency/av-1/request bytes=4458 forwarded=1
1783000952.419895 publish topic=ipi/detector-output-to-ipi-run-1/latency/av-1/ack bytes=233 forwarded=1
1783000952.669795 publish topic=ipi/detector-output-to-ipi-run-1/latency/av-1/request bytes=4458 forwarded=1
1783000952.670428 publish topic=ipi/detector-output-to-ipi-run-1/latency/av-1/ack bytes=233 forwarded=1
1783000952.930277 publish topic=ipi/detector-output-to-ipi-run-1/latency/av-1/request bytes=4458 forwarded=1
1783000952.930923 publish topic=ipi/detector-output-to-ipi-run-1/latency/av-1/ack bytes=233 forwarded=1
1783000953.180854 publish topic=ipi/detector-output-to-ipi-run-1/latency/av-1/request bytes=4458 forwarded=1
1783000953.181499 publish topic=ipi/detector-output-to-ipi-run-1/latency/av-1/ack bytes=233 forwarded=1
1783000953.441138 publish topic=ipi/detector-output-to-ipi-run-1/latency/av-1/request bytes=4458 forwarded=1
1783000953.441785 publish topic=ipi/detector-output-to-ipi-run-1/latency/av-1/ack bytes=233 forwarded=1
1783000953.691588 publish topic=ipi/detector-output-to-ipi-run-1/latency/av-1/request bytes=4458 forwarded=1
1783000953.692233 publish topic=ipi/detector-output-to-ipi-run-1/latency/av-1/ack bytes=233 forwarded=1
1783000953.931897 publish topic=ipi/detector-output-to-ipi-run-1/latency/av-1/request bytes=4458 forwarded=1
1783000953.932537 publish topic=ipi/detector-output-to-ipi-run-1/latency/av-1/ack bytes=233 forwarded=1
1783000954.172499 publish topic=ipi/detector-output-to-ipi-run-1/latency/av-1/request bytes=4458 forwarded=1
1783000954.173138 publish topic=ipi/detector-output-to-ipi-run-1/latency/av-1/ack bytes=233 forwarded=1
1783000954.422575 publish topic=ipi/detector-output-to-ipi-run-1/latency/av-1/request bytes=4458 forwarded=1
1783000954.423222 publish topic=ipi/detector-output-to-ipi-run-1/latency/av-1/ack bytes=233 forwarded=1
1783000954.663047 publish topic=ipi/detector-output-to-ipi-run-1/latency/av-1/request bytes=4458 forwarded=1
1783000954.663685 publish topic=ipi/detector-output-to-ipi-run-1/latency/av-1/ack bytes=233 forwarded=1
1783000954.903503 publish topic=ipi/detector-output-to-ipi-run-1/latency/av-1/request bytes=4458 forwarded=1
1783000954.904163 publish topic=ipi/detector-output-to-ipi-run-1/latency/av-1/ack bytes=233 forwarded=1
1783000955.143666 publish topic=ipi/detector-output-to-ipi-run-1/latency/av-1/request bytes=4458 forwarded=1
1783000955.144292 publish topic=ipi/detector-output-to-ipi-run-1/latency/av-1/ack bytes=233 forwarded=1
1783000955.374068 publish topic=ipi/detector-output-to-ipi-run-1/latency/av-1/request bytes=4458 forwarded=1
1783000955.374717 publish topic=ipi/detector-output-to-ipi-run-1/latency/av-1/ack bytes=233 forwarded=1
1783000955.624234 publish topic=ipi/detector-output-to-ipi-run-1/latency/av-1/request bytes=4458 forwarded=1
1783000955.624909 publish topic=ipi/detector-output-to-ipi-run-1/latency/av-1/ack bytes=233 forwarded=1
1783000955.864755 publish topic=ipi/detector-output-to-ipi-run-1/latency/av-1/request bytes=4458 forwarded=1
1783000955.865401 publish topic=ipi/detector-output-to-ipi-run-1/latency/av-1/ack bytes=233 forwarded=1
1783000956.104860 publish topic=ipi/detector-output-to-ipi-run-1/latency/av-1/request bytes=4458 forwarded=1
1783000956.105507 publish topic=ipi/detector-output-to-ipi-run-1/latency/av-1/ack bytes=233 forwarded=1
1783000956.345323 publish topic=ipi/detector-output-to-ipi-run-1/latency/av-1/request bytes=4458 forwarded=1
1783000956.345956 publish topic=ipi/detector-output-to-ipi-run-1/latency/av-1/ack bytes=233 forwarded=1
1783000956.595673 publish topic=ipi/detector-output-to-ipi-run-1/latency/av-1/request bytes=4458 forwarded=1
1783000956.596309 publish topic=ipi/detector-output-to-ipi-run-1/latency/av-1/ack bytes=233 forwarded=1
1783000956.825973 publish topic=ipi/detector-output-to-ipi-run-1/latency/av-1/request bytes=4458 forwarded=1
1783000956.826620 publish topic=ipi/detector-output-to-ipi-run-1/latency/av-1/ack bytes=233 forwarded=1
1783000957.076096 publish topic=ipi/detector-output-to-ipi-run-1/latency/av-1/request bytes=4458 forwarded=1
1783000957.076771 publish topic=ipi/detector-output-to-ipi-run-1/latency/av-1/ack bytes=233 forwarded=1
1783000957.316576 publish topic=ipi/detector-output-to-ipi-run-1/latency/av-1/request bytes=4458 forwarded=1
1783000957.317244 publish topic=ipi/detector-output-to-ipi-run-1/latency/av-1/ack bytes=233 forwarded=1
1783000957.546896 publish topic=ipi/detector-output-to-ipi-run-1/latency/av-1/request bytes=4458 forwarded=1
1783000957.547545 publish topic=ipi/detector-output-to-ipi-run-1/latency/av-1/ack bytes=233 forwarded=1
1783000957.787285 publish topic=ipi/detector-output-to-ipi-run-1/latency/av-1/request bytes=4458 forwarded=1
1783000957.787906 publish topic=ipi/detector-output-to-ipi-run-1/latency/av-1/ack bytes=233 forwarded=1
1783000958.037534 publish topic=ipi/detector-output-to-ipi-run-1/latency/av-1/request bytes=4458 forwarded=1
1783000958.038180 publish topic=ipi/detector-output-to-ipi-run-1/latency/av-1/ack bytes=233 forwarded=1
1783000958.288040 publish topic=ipi/detector-output-to-ipi-run-1/latency/av-1/request bytes=4458 forwarded=1
1783000958.288714 publish topic=ipi/detector-output-to-ipi-run-1/latency/av-1/ack bytes=233 forwarded=1
1783000958.528244 publish topic=ipi/detector-output-to-ipi-run-1/latency/av-1/request bytes=4458 forwarded=1
1783000958.528884 publish topic=ipi/detector-output-to-ipi-run-1/latency/av-1/ack bytes=233 forwarded=1
1783000958.768626 publish topic=ipi/detector-output-to-ipi-run-1/latency/av-1/request bytes=4458 forwarded=1
1783000958.769299 publish topic=ipi/detector-output-to-ipi-run-1/latency/av-1/ack bytes=233 forwarded=1
1783000959.018862 publish topic=ipi/detector-output-to-ipi-run-1/latency/av-1/request bytes=4458 forwarded=1
1783000959.019519 publish topic=ipi/detector-output-to-ipi-run-1/latency/av-1/ack bytes=233 forwarded=1
1783000959.279287 publish topic=ipi/detector-output-to-ipi-run-1/latency/av-1/request bytes=4458 forwarded=1
1783000959.279918 publish topic=ipi/detector-output-to-ipi-run-1/latency/av-1/ack bytes=233 forwarded=1
1783000959.549864 publish topic=ipi/detector-output-to-ipi-run-1/latency/av-1/request bytes=4458 forwarded=1
1783000959.550522 publish topic=ipi/detector-output-to-ipi-run-1/latency/av-1/ack bytes=233 forwarded=1
1783000959.800172 publish topic=ipi/detector-output-to-ipi-run-1/latency/av-1/request bytes=4458 forwarded=1
1783000959.800873 publish topic=ipi/detector-output-to-ipi-run-1/latency/av-1/ack bytes=233 forwarded=1
1783000960.050920 publish topic=ipi/detector-output-to-ipi-run-1/latency/av-1/request bytes=4458 forwarded=1
1783000960.051594 publish topic=ipi/detector-output-to-ipi-run-1/latency/av-1/ack bytes=233 forwarded=1
1783000960.301141 publish topic=ipi/detector-output-to-ipi-run-1/latency/av-1/request bytes=4458 forwarded=1
1783000960.301800 publish topic=ipi/detector-output-to-ipi-run-1/latency/av-1/ack bytes=233 forwarded=1
1783000960.551778 publish topic=ipi/detector-output-to-ipi-run-1/latency/av-1/request bytes=4458 forwarded=1
1783000960.552435 publish topic=ipi/detector-output-to-ipi-run-1/latency/av-1/ack bytes=233 forwarded=1
1783000960.802043 publish topic=ipi/detector-output-to-ipi-run-1/latency/av-1/request bytes=4458 forwarded=1
1783000960.802700 publish topic=ipi/detector-output-to-ipi-run-1/latency/av-1/ack bytes=233 forwarded=1
1783000961.062601 publish topic=ipi/detector-output-to-ipi-run-1/latency/av-1/request bytes=4458 forwarded=1
1783000961.063249 publish topic=ipi/detector-output-to-ipi-run-1/latency/av-1/ack bytes=233 forwarded=1
1783000961.302783 publish topic=ipi/detector-output-to-ipi-run-1/latency/av-1/request bytes=4458 forwarded=1
1783000961.303042 publish topic=ipi/detector-output-to-ipi-run-1/latency/av-1/ack bytes=233 forwarded=1
1783000961.543265 publish topic=ipi/detector-output-to-ipi-run-1/latency/av-1/request bytes=4458 forwarded=1
1783000961.543898 publish topic=ipi/detector-output-to-ipi-run-1/latency/av-1/ack bytes=233 forwarded=1
1783000961.783639 publish topic=ipi/detector-output-to-ipi-run-1/latency/av-1/request bytes=4458 forwarded=1
1783000961.784310 publish topic=ipi/detector-output-to-ipi-run-1/latency/av-1/ack bytes=233 forwarded=1
1783000962.013854 publish topic=ipi/detector-output-to-ipi-run-1/latency/av-1/request bytes=4458 forwarded=1
1783000962.014505 publish topic=ipi/detector-output-to-ipi-run-1/latency/av-1/ack bytes=233 forwarded=1
1783000962.264072 publish topic=ipi/detector-output-to-ipi-run-1/latency/av-1/request bytes=4458 forwarded=1
1783000962.264549 publish topic=ipi/detector-output-to-ipi-run-1/latency/av-1/ack bytes=233 forwarded=1
1783000962.504414 publish topic=ipi/detector-output-to-ipi-run-1/latency/av-1/request bytes=4458 forwarded=1
1783000962.505100 publish topic=ipi/detector-output-to-ipi-run-1/latency/av-1/ack bytes=233 forwarded=1
1783000962.755003 publish topic=ipi/detector-output-to-ipi-run-1/latency/av-1/request bytes=4458 forwarded=1
1783000962.755654 publish topic=ipi/detector-output-to-ipi-run-1/latency/av-1/ack bytes=233 forwarded=1
1783000962.995186 publish topic=ipi/detector-output-to-ipi-run-1/latency/av-1/request bytes=4458 forwarded=1
1783000962.995844 publish topic=ipi/detector-output-to-ipi-run-1/latency/av-1/ack bytes=233 forwarded=1
1783000963.235585 publish topic=ipi/detector-output-to-ipi-run-1/latency/av-1/request bytes=4458 forwarded=1
1783000963.236238 publish topic=ipi/detector-output-to-ipi-run-1/latency/av-1/ack bytes=233 forwarded=1
1783000963.475865 publish topic=ipi/detector-output-to-ipi-run-1/latency/av-1/request bytes=4458 forwarded=1
1783000963.476525 publish topic=ipi/detector-output-to-ipi-run-1/latency/av-1/ack bytes=233 forwarded=1
1783000963.726078 publish topic=ipi/detector-output-to-ipi-run-1/latency/av-1/request bytes=4458 forwarded=1
1783000963.726752 publish topic=ipi/detector-output-to-ipi-run-1/latency/av-1/ack bytes=233 forwarded=1
1783000963.966545 publish topic=ipi/detector-output-to-ipi-run-1/latency/av-1/request bytes=4458 forwarded=1
1783000963.967197 publish topic=ipi/detector-output-to-ipi-run-1/latency/av-1/ack bytes=233 forwarded=1
1783000964.196729 publish topic=ipi/detector-output-to-ipi-run-1/latency/av-1/request bytes=4458 forwarded=1
1783000964.197384 publish topic=ipi/detector-output-to-ipi-run-1/latency/av-1/ack bytes=233 forwarded=1
1783000964.436873 publish topic=ipi/detector-output-to-ipi-run-1/latency/av-1/request bytes=4458 forwarded=1
1783000964.437515 publish topic=ipi/detector-output-to-ipi-run-1/latency/av-1/ack bytes=233 forwarded=1
1783000964.687479 publish topic=ipi/detector-output-to-ipi-run-1/latency/av-1/request bytes=4458 forwarded=1
1783000964.688140 publish topic=ipi/detector-output-to-ipi-run-1/latency/av-1/ack bytes=233 forwarded=1
1783000964.917661 publish topic=ipi/detector-output-to-ipi-run-1/latency/av-1/request bytes=4458 forwarded=1
1783000964.918311 publish topic=ipi/detector-output-to-ipi-run-1/latency/av-1/ack bytes=233 forwarded=1
1783000965.158094 publish topic=ipi/detector-output-to-ipi-run-1/latency/av-1/request bytes=4458 forwarded=1
1783000965.158748 publish topic=ipi/detector-output-to-ipi-run-1/latency/av-1/ack bytes=233 forwarded=1
1783000965.398464 publish topic=ipi/detector-output-to-ipi-run-1/latency/av-1/request bytes=4458 forwarded=1
1783000965.399127 publish topic=ipi/detector-output-to-ipi-run-1/latency/av-1/ack bytes=233 forwarded=1
1783000965.638614 publish topic=ipi/detector-output-to-ipi-run-1/latency/av-1/request bytes=4458 forwarded=1
1783000965.639272 publish topic=ipi/detector-output-to-ipi-run-1/latency/av-1/ack bytes=233 forwarded=1
1783000965.879057 publish topic=ipi/detector-output-to-ipi-run-1/latency/av-1/request bytes=4458 forwarded=1
1783000965.879769 publish topic=ipi/detector-output-to-ipi-run-1/latency/av-1/ack bytes=233 forwarded=1
1783000966.129532 publish topic=ipi/detector-output-to-ipi-run-1/latency/av-1/request bytes=4458 forwarded=1
1783000966.130181 publish topic=ipi/detector-output-to-ipi-run-1/latency/av-1/ack bytes=233 forwarded=1
1783000966.399956 publish topic=ipi/detector-output-to-ipi-run-1/latency/av-1/request bytes=4458 forwarded=1
1783000966.400617 publish topic=ipi/detector-output-to-ipi-run-1/latency/av-1/ack bytes=233 forwarded=1
1783000966.640333 publish topic=ipi/detector-output-to-ipi-run-1/latency/av-1/request bytes=4458 forwarded=1
1783000966.641046 publish topic=ipi/detector-output-to-ipi-run-1/latency/av-1/ack bytes=233 forwarded=1
1783000966.890537 publish topic=ipi/detector-output-to-ipi-run-1/latency/av-1/request bytes=4458 forwarded=1
1783000966.891192 publish topic=ipi/detector-output-to-ipi-run-1/latency/av-1/ack bytes=233 forwarded=1
1783000967.141254 publish topic=ipi/detector-output-to-ipi-run-1/latency/av-1/request bytes=4458 forwarded=1
1783000967.141904 publish topic=ipi/detector-output-to-ipi-run-1/latency/av-1/ack bytes=233 forwarded=1
1783000967.401758 publish topic=ipi/detector-output-to-ipi-run-1/latency/av-1/request bytes=4458 forwarded=1
1783000967.402412 publish topic=ipi/detector-output-to-ipi-run-1/latency/av-1/ack bytes=233 forwarded=1
1783000967.642053 publish topic=ipi/detector-output-to-ipi-run-1/latency/av-1/request bytes=4458 forwarded=1
1783000967.642724 publish topic=ipi/detector-output-to-ipi-run-1/latency/av-1/ack bytes=233 forwarded=1
1783000967.892528 publish topic=ipi/detector-output-to-ipi-run-1/latency/av-1/request bytes=4458 forwarded=1
1783000967.893256 publish topic=ipi/detector-output-to-ipi-run-1/latency/av-1/ack bytes=233 forwarded=1
1783000968.132789 publish topic=ipi/detector-output-to-ipi-run-1/latency/av-1/request bytes=4458 forwarded=1
1783000968.133443 publish topic=ipi/detector-output-to-ipi-run-1/latency/av-1/ack bytes=233 forwarded=1
1783000968.373140 publish topic=ipi/detector-output-to-ipi-run-1/latency/av-1/request bytes=4458 forwarded=1
1783000968.373850 publish topic=ipi/detector-output-to-ipi-run-1/latency/av-1/ack bytes=233 forwarded=1
1783000968.623537 publish topic=ipi/detector-output-to-ipi-run-1/latency/av-1/request bytes=4458 forwarded=1
1783000968.624231 publish topic=ipi/detector-output-to-ipi-run-1/latency/av-1/ack bytes=233 forwarded=1
1783000968.863871 publish topic=ipi/detector-output-to-ipi-run-1/latency/av-1/request bytes=4458 forwarded=1
1783000968.864564 publish topic=ipi/detector-output-to-ipi-run-1/latency/av-1/ack bytes=233 forwarded=1
1783000969.113993 publish topic=ipi/detector-output-to-ipi-run-1/latency/av-1/request bytes=4458 forwarded=1
1783000969.114684 publish topic=ipi/detector-output-to-ipi-run-1/latency/av-1/ack bytes=233 forwarded=1
1783000969.344412 publish topic=ipi/detector-output-to-ipi-run-1/latency/av-1/request bytes=4458 forwarded=1
1783000969.345148 publish topic=ipi/detector-output-to-ipi-run-1/latency/av-1/ack bytes=233 forwarded=1
1783000969.594661 publish topic=ipi/detector-output-to-ipi-run-1/latency/av-1/request bytes=4458 forwarded=1
1783000969.595345 publish topic=ipi/detector-output-to-ipi-run-1/latency/av-1/ack bytes=233 forwarded=1
1783000969.835129 publish topic=ipi/detector-output-to-ipi-run-1/latency/av-1/request bytes=4458 forwarded=1
1783000969.835825 publish topic=ipi/detector-output-to-ipi-run-1/latency/av-1/ack bytes=233 forwarded=1
1783000970.075383 publish topic=ipi/detector-output-to-ipi-run-1/latency/av-1/request bytes=4458 forwarded=1
1783000970.076071 publish topic=ipi/detector-output-to-ipi-run-1/latency/av-1/ack bytes=233 forwarded=1
1783000970.315803 publish topic=ipi/detector-output-to-ipi-run-1/latency/av-1/request bytes=4458 forwarded=1
1783000970.316504 publish topic=ipi/detector-output-to-ipi-run-1/latency/av-1/ack bytes=233 forwarded=1
1783000970.566175 publish topic=ipi/detector-output-to-ipi-run-1/latency/av-1/request bytes=4458 forwarded=1
1783000970.566871 publish topic=ipi/detector-output-to-ipi-run-1/latency/av-1/ack bytes=233 forwarded=1
1783000970.816290 publish topic=ipi/detector-output-to-ipi-run-1/latency/av-1/request bytes=4458 forwarded=1
1783000970.817005 publish topic=ipi/detector-output-to-ipi-run-1/latency/av-1/ack bytes=233 forwarded=1
1783000971.066726 publish topic=ipi/detector-output-to-ipi-run-1/latency/av-1/request bytes=4458 forwarded=1
1783000971.067412 publish topic=ipi/detector-output-to-ipi-run-1/latency/av-1/ack bytes=233 forwarded=1
1783000971.306975 publish topic=ipi/detector-output-to-ipi-run-1/latency/av-1/request bytes=4458 forwarded=1
1783000971.307619 publish topic=ipi/detector-output-to-ipi-run-1/latency/av-1/ack bytes=233 forwarded=1
1783000971.547151 publish topic=ipi/detector-output-to-ipi-run-1/latency/av-1/request bytes=4458 forwarded=1
1783000971.547791 publish topic=ipi/detector-output-to-ipi-run-1/latency/av-1/ack bytes=233 forwarded=1
1783000971.797615 publish topic=ipi/detector-output-to-ipi-run-1/latency/av-1/request bytes=4458 forwarded=1
1783000971.798273 publish topic=ipi/detector-output-to-ipi-run-1/latency/av-1/ack bytes=233 forwarded=1
1783000972.048096 publish topic=ipi/detector-output-to-ipi-run-1/latency/av-1/request bytes=4458 forwarded=1
1783000972.048790 publish topic=ipi/detector-output-to-ipi-run-1/latency/av-1/ack bytes=233 forwarded=1
1783000972.298242 publish topic=ipi/detector-output-to-ipi-run-1/latency/av-1/request bytes=4458 forwarded=1
1783000972.298884 publish topic=ipi/detector-output-to-ipi-run-1/latency/av-1/ack bytes=233 forwarded=1
1783000972.548583 publish topic=ipi/detector-output-to-ipi-run-1/latency/av-1/request bytes=4458 forwarded=1
1783000972.549273 publish topic=ipi/detector-output-to-ipi-run-1/latency/av-1/ack bytes=233 forwarded=1
1783000972.789083 publish topic=ipi/detector-output-to-ipi-run-1/latency/av-1/request bytes=4458 forwarded=1
1783000972.789737 publish topic=ipi/detector-output-to-ipi-run-1/latency/av-1/ack bytes=233 forwarded=1
1783000973.039636 publish topic=ipi/detector-output-to-ipi-run-1/latency/av-1/request bytes=4458 forwarded=1
1783000973.040287 publish topic=ipi/detector-output-to-ipi-run-1/latency/av-1/ack bytes=233 forwarded=1
1783000973.290093 publish topic=ipi/detector-output-to-ipi-run-1/latency/av-1/request bytes=4458 forwarded=1
1783000973.290746 publish topic=ipi/detector-output-to-ipi-run-1/latency/av-1/ack bytes=233 forwarded=1
1783000973.550476 publish topic=ipi/detector-output-to-ipi-run-1/latency/av-1/request bytes=4458 forwarded=1
1783000973.551129 publish topic=ipi/detector-output-to-ipi-run-1/latency/av-1/ack bytes=233 forwarded=1
1783000973.790902 publish topic=ipi/detector-output-to-ipi-run-1/latency/av-1/request bytes=4458 forwarded=1
1783000973.791559 publish topic=ipi/detector-output-to-ipi-run-1/latency/av-1/ack bytes=233 forwarded=1
1783000974.041182 publish topic=ipi/detector-output-to-ipi-run-1/latency/av-1/request bytes=4458 forwarded=1
1783000974.041823 publish topic=ipi/detector-output-to-ipi-run-1/latency/av-1/ack bytes=233 forwarded=1
1783000974.281969 publish topic=ipi/detector-output-to-ipi-run-1/latency/av-1/request bytes=4458 forwarded=1
1783000974.282617 publish topic=ipi/detector-output-to-ipi-run-1/latency/av-1/ack bytes=233 forwarded=1
1783000974.522203 publish topic=ipi/detector-output-to-ipi-run-1/latency/av-1/request bytes=4458 forwarded=1
1783000974.522821 publish topic=ipi/detector-output-to-ipi-run-1/latency/av-1/ack bytes=233 forwarded=1
1783000974.762690 publish topic=ipi/detector-output-to-ipi-run-1/latency/av-1/request bytes=4458 forwarded=1
1783000974.763340 publish topic=ipi/detector-output-to-ipi-run-1/latency/av-1/ack bytes=233 forwarded=1
1783000975.002764 publish topic=ipi/detector-output-to-ipi-run-1/latency/av-1/request bytes=4458 forwarded=1
1783000975.003421 publish topic=ipi/detector-output-to-ipi-run-1/latency/av-1/ack bytes=233 forwarded=1
1783000975.242800 publish topic=ipi/detector-output-to-ipi-run-1/latency/av-1/request bytes=4458 forwarded=1
1783000975.243421 publish topic=ipi/detector-output-to-ipi-run-1/latency/av-1/ack bytes=233 forwarded=1
1783000975.483614 publish topic=ipi/detector-output-to-ipi-run-1/latency/av-1/request bytes=4458 forwarded=1
1783000975.484253 publish topic=ipi/detector-output-to-ipi-run-1/latency/av-1/ack bytes=233 forwarded=1
1783000975.723899 publish topic=ipi/detector-output-to-ipi-run-1/latency/av-1/request bytes=4458 forwarded=1
1783000975.724572 publish topic=ipi/detector-output-to-ipi-run-1/latency/av-1/ack bytes=233 forwarded=1
1783000975.964260 publish topic=ipi/detector-output-to-ipi-run-1/latency/av-1/request bytes=4458 forwarded=1
1783000975.964890 publish topic=ipi/detector-output-to-ipi-run-1/latency/av-1/ack bytes=233 forwarded=1
1783000976.204362 publish topic=ipi/detector-output-to-ipi-run-1/latency/av-1/request bytes=4458 forwarded=1
1783000976.205032 publish topic=ipi/detector-output-to-ipi-run-1/latency/av-1/ack bytes=233 forwarded=1
1783000976.444665 publish topic=ipi/detector-output-to-ipi-run-1/latency/av-1/request bytes=4458 forwarded=1
1783000976.445343 publish topic=ipi/detector-output-to-ipi-run-1/latency/av-1/ack bytes=233 forwarded=1
1783000976.695079 publish topic=ipi/detector-output-to-ipi-run-1/latency/av-1/request bytes=4458 forwarded=1
1783000976.695748 publish topic=ipi/detector-output-to-ipi-run-1/latency/av-1/ack bytes=233 forwarded=1
1783000976.935372 publish topic=ipi/detector-output-to-ipi-run-1/latency/av-1/request bytes=4458 forwarded=1
1783000976.936026 publish topic=ipi/detector-output-to-ipi-run-1/latency/av-1/ack bytes=233 forwarded=1
1783000977.175591 publish topic=ipi/detector-output-to-ipi-run-1/latency/av-1/request bytes=4458 forwarded=1
1783000977.176262 publish topic=ipi/detector-output-to-ipi-run-1/latency/av-1/ack bytes=233 forwarded=1
1783000977.425996 publish topic=ipi/detector-output-to-ipi-run-1/latency/av-1/request bytes=4458 forwarded=1
1783000977.426646 publish topic=ipi/detector-output-to-ipi-run-1/latency/av-1/ack bytes=233 forwarded=1
1783000977.666232 publish topic=ipi/detector-output-to-ipi-run-1/latency/av-1/request bytes=4458 forwarded=1
1783000977.666873 publish topic=ipi/detector-output-to-ipi-run-1/latency/av-1/ack bytes=233 forwarded=1
1783000977.916555 publish topic=ipi/detector-output-to-ipi-run-1/latency/av-1/request bytes=4458 forwarded=1
1783000977.917217 publish topic=ipi/detector-output-to-ipi-run-1/latency/av-1/ack bytes=233 forwarded=1
1783000978.156940 publish topic=ipi/detector-output-to-ipi-run-1/latency/av-1/request bytes=4458 forwarded=1
1783000978.157580 publish topic=ipi/detector-output-to-ipi-run-1/latency/av-1/ack bytes=233 forwarded=1
1783000978.397290 publish topic=ipi/detector-output-to-ipi-run-1/latency/av-1/request bytes=4458 forwarded=1
1783000978.397927 publish topic=ipi/detector-output-to-ipi-run-1/latency/av-1/ack bytes=233 forwarded=1
1783000978.637569 publish topic=ipi/detector-output-to-ipi-run-1/latency/av-1/request bytes=4458 forwarded=1
1783000978.638210 publish topic=ipi/detector-output-to-ipi-run-1/latency/av-1/ack bytes=233 forwarded=1
1783000978.887895 publish topic=ipi/detector-output-to-ipi-run-1/latency/av-1/request bytes=4458 forwarded=1
1783000978.888522 publish topic=ipi/detector-output-to-ipi-run-1/latency/av-1/ack bytes=233 forwarded=1
1783000979.138199 publish topic=ipi/detector-output-to-ipi-run-1/latency/av-1/request bytes=4458 forwarded=1
1783000979.138837 publish topic=ipi/detector-output-to-ipi-run-1/latency/av-1/ack bytes=233 forwarded=1
1783000979.408788 publish topic=ipi/detector-output-to-ipi-run-1/latency/av-1/request bytes=4458 forwarded=1
1783000979.409410 publish topic=ipi/detector-output-to-ipi-run-1/latency/av-1/ack bytes=233 forwarded=1
1783000979.718873 publish topic=ipi/detector-output-to-ipi-run-1/latency/av-1/request bytes=4458 forwarded=1
1783000979.719503 publish topic=ipi/detector-output-to-ipi-run-1/latency/av-1/ack bytes=233 forwarded=1
1783000980.039646 publish topic=ipi/detector-output-to-ipi-run-1/latency/av-1/request bytes=4458 forwarded=1
1783000980.040274 publish topic=ipi/detector-output-to-ipi-run-1/latency/av-1/ack bytes=233 forwarded=1
1783000980.310138 publish topic=ipi/detector-output-to-ipi-run-1/latency/av-1/request bytes=4458 forwarded=1
1783000980.310768 publish topic=ipi/detector-output-to-ipi-run-1/latency/av-1/ack bytes=233 forwarded=1
1783000980.550642 publish topic=ipi/detector-output-to-ipi-run-1/latency/av-1/request bytes=4458 forwarded=1
1783000980.551278 publish topic=ipi/detector-output-to-ipi-run-1/latency/av-1/ack bytes=233 forwarded=1
1783000980.791013 publish topic=ipi/detector-output-to-ipi-run-1/latency/av-1/request bytes=4458 forwarded=1
1783000980.791753 publish topic=ipi/detector-output-to-ipi-run-1/latency/av-1/ack bytes=233 forwarded=1
1783000981.021446 publish topic=ipi/detector-output-to-ipi-run-1/latency/av-1/request bytes=4458 forwarded=1
1783000981.022063 publish topic=ipi/detector-output-to-ipi-run-1/latency/av-1/ack bytes=233 forwarded=1
1783000981.281780 publish topic=ipi/detector-output-to-ipi-run-1/latency/av-1/request bytes=4458 forwarded=1
1783000981.282401 publish topic=ipi/detector-output-to-ipi-run-1/latency/av-1/ack bytes=233 forwarded=1
1783000981.532231 publish topic=ipi/detector-output-to-ipi-run-1/latency/av-1/request bytes=4458 forwarded=1
1783000981.532859 publish topic=ipi/detector-output-to-ipi-run-1/latency/av-1/ack bytes=233 forwarded=1
1783000981.782350 publish topic=ipi/detector-output-to-ipi-run-1/latency/av-1/request bytes=4458 forwarded=1
1783000981.782985 publish topic=ipi/detector-output-to-ipi-run-1/latency/av-1/ack bytes=233 forwarded=1
1783000982.032982 publish topic=ipi/detector-output-to-ipi-run-1/latency/av-1/request bytes=4458 forwarded=1
1783000982.033622 publish topic=ipi/detector-output-to-ipi-run-1/latency/av-1/ack bytes=233 forwarded=1
1783000982.273273 publish topic=ipi/detector-output-to-ipi-run-1/latency/av-1/request bytes=4458 forwarded=1
1783000982.273906 publish topic=ipi/detector-output-to-ipi-run-1/latency/av-1/ack bytes=233 forwarded=1
1783000982.533691 publish topic=ipi/detector-output-to-ipi-run-1/latency/av-1/request bytes=4458 forwarded=1
1783000982.534333 publish topic=ipi/detector-output-to-ipi-run-1/latency/av-1/ack bytes=233 forwarded=1
1783000982.784072 publish topic=ipi/detector-output-to-ipi-run-1/latency/av-1/request bytes=4458 forwarded=1
1783000982.784744 publish topic=ipi/detector-output-to-ipi-run-1/latency/av-1/ack bytes=233 forwarded=1
1783000983.024338 publish topic=ipi/detector-output-to-ipi-run-1/latency/av-1/request bytes=4458 forwarded=1
1783000983.025033 publish topic=ipi/detector-output-to-ipi-run-1/latency/av-1/ack bytes=233 forwarded=1
1783000983.264733 publish topic=ipi/detector-output-to-ipi-run-1/latency/av-1/request bytes=4458 forwarded=1
1783000983.265370 publish topic=ipi/detector-output-to-ipi-run-1/latency/av-1/ack bytes=233 forwarded=1
1783000983.514928 publish topic=ipi/detector-output-to-ipi-run-1/latency/av-1/request bytes=4458 forwarded=1
1783000983.515565 publish topic=ipi/detector-output-to-ipi-run-1/latency/av-1/ack bytes=233 forwarded=1
1783000983.765115 publish topic=ipi/detector-output-to-ipi-run-1/latency/av-1/request bytes=4458 forwarded=1
1783000983.765764 publish topic=ipi/detector-output-to-ipi-run-1/latency/av-1/ack bytes=233 forwarded=1
1783000984.005643 publish topic=ipi/detector-output-to-ipi-run-1/latency/av-1/request bytes=4458 forwarded=1
1783000984.006279 publish topic=ipi/detector-output-to-ipi-run-1/latency/av-1/ack bytes=233 forwarded=1
1783000984.236043 publish topic=ipi/detector-output-to-ipi-run-1/latency/av-1/request bytes=4458 forwarded=1
1783000984.236719 publish topic=ipi/detector-output-to-ipi-run-1/latency/av-1/ack bytes=233 forwarded=1
1783000984.486367 publish topic=ipi/detector-output-to-ipi-run-1/latency/av-1/request bytes=4458 forwarded=1
1783000984.487009 publish topic=ipi/detector-output-to-ipi-run-1/latency/av-1/ack bytes=233 forwarded=1
1783000984.726632 publish topic=ipi/detector-output-to-ipi-run-1/latency/av-1/request bytes=4458 forwarded=1
1783000984.727267 publish topic=ipi/detector-output-to-ipi-run-1/latency/av-1/ack bytes=233 forwarded=1
1783000985.057021 publish topic=ipi/detector-output-to-ipi-run-1/latency/av-1/request bytes=4458 forwarded=1
1783000985.057660 publish topic=ipi/detector-output-to-ipi-run-1/latency/av-1/ack bytes=233 forwarded=1
1783000985.317603 publish topic=ipi/detector-output-to-ipi-run-1/latency/av-1/request bytes=4458 forwarded=1
1783000985.318332 publish topic=ipi/detector-output-to-ipi-run-1/latency/av-1/ack bytes=233 forwarded=1
1783000985.558035 publish topic=ipi/detector-output-to-ipi-run-1/latency/av-1/request bytes=4458 forwarded=1
1783000985.558676 publish topic=ipi/detector-output-to-ipi-run-1/latency/av-1/ack bytes=233 forwarded=1
1783000985.788533 publish topic=ipi/detector-output-to-ipi-run-1/latency/av-1/request bytes=4458 forwarded=1
1783000985.789239 publish topic=ipi/detector-output-to-ipi-run-1/latency/av-1/ack bytes=233 forwarded=1
1783000986.038787 publish topic=ipi/detector-output-to-ipi-run-1/latency/av-1/request bytes=4458 forwarded=1
1783000986.039442 publish topic=ipi/detector-output-to-ipi-run-1/latency/av-1/ack bytes=233 forwarded=1
1783000986.279207 publish topic=ipi/detector-output-to-ipi-run-1/latency/av-1/request bytes=4458 forwarded=1
1783000986.279852 publish topic=ipi/detector-output-to-ipi-run-1/latency/av-1/ack bytes=233 forwarded=1
1783000986.549788 publish topic=ipi/detector-output-to-ipi-run-1/latency/av-1/request bytes=4458 forwarded=1
1783000986.550446 publish topic=ipi/detector-output-to-ipi-run-1/latency/av-1/ack bytes=233 forwarded=1
1783000986.820195 publish topic=ipi/detector-output-to-ipi-run-1/latency/av-1/request bytes=4458 forwarded=1
1783000986.820913 publish topic=ipi/detector-output-to-ipi-run-1/latency/av-1/ack bytes=233 forwarded=1
1783000987.090609 publish topic=ipi/detector-output-to-ipi-run-1/latency/av-1/request bytes=4458 forwarded=1
1783000987.091261 publish topic=ipi/detector-output-to-ipi-run-1/latency/av-1/ack bytes=233 forwarded=1
1783000987.361042 publish topic=ipi/detector-output-to-ipi-run-1/latency/av-1/request bytes=4458 forwarded=1
1783000987.361684 publish topic=ipi/detector-output-to-ipi-run-1/latency/av-1/ack bytes=233 forwarded=1
1783000987.631706 publish topic=ipi/detector-output-to-ipi-run-1/latency/av-1/request bytes=4458 forwarded=1
1783000987.632355 publish topic=ipi/detector-output-to-ipi-run-1/latency/av-1/ack bytes=233 forwarded=1
1783000987.881996 publish topic=ipi/detector-output-to-ipi-run-1/latency/av-1/request bytes=4458 forwarded=1
1783000987.882651 publish topic=ipi/detector-output-to-ipi-run-1/latency/av-1/ack bytes=233 forwarded=1
1783000988.122572 publish topic=ipi/detector-output-to-ipi-run-1/latency/av-1/request bytes=4458 forwarded=1
1783000988.123222 publish topic=ipi/detector-output-to-ipi-run-1/latency/av-1/ack bytes=233 forwarded=1
1783000988.383054 publish topic=ipi/detector-output-to-ipi-run-1/latency/av-1/request bytes=4458 forwarded=1
1783000988.383697 publish topic=ipi/detector-output-to-ipi-run-1/latency/av-1/ack bytes=233 forwarded=1
1783000988.623792 publish topic=ipi/detector-output-to-ipi-run-1/latency/av-1/request bytes=4458 forwarded=1
1783000988.624447 publish topic=ipi/detector-output-to-ipi-run-1/latency/av-1/ack bytes=233 forwarded=1
1783000988.893984 publish topic=ipi/detector-output-to-ipi-run-1/latency/av-1/request bytes=4458 forwarded=1
1783000988.894624 publish topic=ipi/detector-output-to-ipi-run-1/latency/av-1/ack bytes=233 forwarded=1
1783000989.144094 publish topic=ipi/detector-output-to-ipi-run-1/latency/av-1/request bytes=4458 forwarded=1
1783000989.144784 publish topic=ipi/detector-output-to-ipi-run-1/latency/av-1/ack bytes=233 forwarded=1
1783000989.384637 publish topic=ipi/detector-output-to-ipi-run-1/latency/av-1/request bytes=4458 forwarded=1
1783000989.385303 publish topic=ipi/detector-output-to-ipi-run-1/latency/av-1/ack bytes=233 forwarded=1
1783000989.624803 publish topic=ipi/detector-output-to-ipi-run-1/latency/av-1/request bytes=4458 forwarded=1
1783000989.625452 publish topic=ipi/detector-output-to-ipi-run-1/latency/av-1/ack bytes=233 forwarded=1
1783000989.865108 publish topic=ipi/detector-output-to-ipi-run-1/latency/av-1/request bytes=4458 forwarded=1
1783000989.865761 publish topic=ipi/detector-output-to-ipi-run-1/latency/av-1/ack bytes=233 forwarded=1
1783000990.105597 publish topic=ipi/detector-output-to-ipi-run-1/latency/av-1/request bytes=4458 forwarded=1
1783000990.106232 publish topic=ipi/detector-output-to-ipi-run-1/latency/av-1/ack bytes=233 forwarded=1
1783000990.356156 publish topic=ipi/detector-output-to-ipi-run-1/latency/av-1/request bytes=4458 forwarded=1
1783000990.356826 publish topic=ipi/detector-output-to-ipi-run-1/latency/av-1/ack bytes=233 forwarded=1
1783000990.596165 publish topic=ipi/detector-output-to-ipi-run-1/latency/av-1/request bytes=4458 forwarded=1
1783000990.596821 publish topic=ipi/detector-output-to-ipi-run-1/latency/av-1/ack bytes=233 forwarded=1
1783000990.836579 publish topic=ipi/detector-output-to-ipi-run-1/latency/av-1/request bytes=4458 forwarded=1
1783000990.837288 publish topic=ipi/detector-output-to-ipi-run-1/latency/av-1/ack bytes=233 forwarded=1
1783000991.086916 publish topic=ipi/detector-output-to-ipi-run-1/latency/av-1/request bytes=4458 forwarded=1
1783000991.087544 publish topic=ipi/detector-output-to-ipi-run-1/latency/av-1/ack bytes=233 forwarded=1
1783000991.327433 publish topic=ipi/detector-output-to-ipi-run-1/latency/av-1/request bytes=4458 forwarded=1
1783000991.328127 publish topic=ipi/detector-output-to-ipi-run-1/latency/av-1/ack bytes=233 forwarded=1
1783000991.567658 publish topic=ipi/detector-output-to-ipi-run-1/latency/av-1/request bytes=4458 forwarded=1
1783000991.568287 publish topic=ipi/detector-output-to-ipi-run-1/latency/av-1/ack bytes=233 forwarded=1
1783000991.808054 publish topic=ipi/detector-output-to-ipi-run-1/latency/av-1/request bytes=4458 forwarded=1
1783000991.808755 publish topic=ipi/detector-output-to-ipi-run-1/latency/av-1/ack bytes=233 forwarded=1
1783000992.048234 publish topic=ipi/detector-output-to-ipi-run-1/latency/av-1/request bytes=4458 forwarded=1
1783000992.048950 publish topic=ipi/detector-output-to-ipi-run-1/latency/av-1/ack bytes=233 forwarded=1
1783000992.288593 publish topic=ipi/detector-output-to-ipi-run-1/latency/av-1/request bytes=4458 forwarded=1
1783000992.289252 publish topic=ipi/detector-output-to-ipi-run-1/latency/av-1/ack bytes=233 forwarded=1
1783000992.538936 publish topic=ipi/detector-output-to-ipi-run-1/latency/av-1/request bytes=4458 forwarded=1
1783000992.539585 publish topic=ipi/detector-output-to-ipi-run-1/latency/av-1/ack bytes=233 forwarded=1
1783000992.789244 publish topic=ipi/detector-output-to-ipi-run-1/latency/av-1/request bytes=4458 forwarded=1
1783000992.789874 publish topic=ipi/detector-output-to-ipi-run-1/latency/av-1/ack bytes=233 forwarded=1
1783000993.049612 publish topic=ipi/detector-output-to-ipi-run-1/latency/av-1/request bytes=4458 forwarded=1
1783000993.050241 publish topic=ipi/detector-output-to-ipi-run-1/latency/av-1/ack bytes=233 forwarded=1
1783000993.299954 publish topic=ipi/detector-output-to-ipi-run-1/latency/av-1/request bytes=4458 forwarded=1
1783000993.300700 publish topic=ipi/detector-output-to-ipi-run-1/latency/av-1/ack bytes=233 forwarded=1
1783000993.550328 publish topic=ipi/detector-output-to-ipi-run-1/latency/av-1/request bytes=4458 forwarded=1
1783000993.550922 publish topic=ipi/detector-output-to-ipi-run-1/latency/av-1/ack bytes=233 forwarded=1
1783000993.800557 publish topic=ipi/detector-output-to-ipi-run-1/latency/av-1/request bytes=4458 forwarded=1
1783000993.801249 publish topic=ipi/detector-output-to-ipi-run-1/latency/av-1/ack bytes=233 forwarded=1
1783000994.060940 publish topic=ipi/detector-output-to-ipi-run-1/latency/av-1/request bytes=4458 forwarded=1
1783000994.061574 publish topic=ipi/detector-output-to-ipi-run-1/latency/av-1/ack bytes=233 forwarded=1
1783000994.331446 publish topic=ipi/detector-output-to-ipi-run-1/latency/av-1/request bytes=4458 forwarded=1
1783000994.332054 publish topic=ipi/detector-output-to-ipi-run-1/latency/av-1/ack bytes=233 forwarded=1
1783000994.592050 publish topic=ipi/detector-output-to-ipi-run-1/latency/av-1/request bytes=4458 forwarded=1
1783000994.592664 publish topic=ipi/detector-output-to-ipi-run-1/latency/av-1/ack bytes=233 forwarded=1
1783000994.862549 publish topic=ipi/detector-output-to-ipi-run-1/latency/av-1/request bytes=4458 forwarded=1
1783000994.863241 publish topic=ipi/detector-output-to-ipi-run-1/latency/av-1/ack bytes=233 forwarded=1
1783000995.112901 publish topic=ipi/detector-output-to-ipi-run-1/latency/av-1/request bytes=4458 forwarded=1
1783000995.113584 publish topic=ipi/detector-output-to-ipi-run-1/latency/av-1/ack bytes=233 forwarded=1
1783000995.363213 publish topic=ipi/detector-output-to-ipi-run-1/latency/av-1/request bytes=4458 forwarded=1
1783000995.363882 publish topic=ipi/detector-output-to-ipi-run-1/latency/av-1/ack bytes=233 forwarded=1
1783000995.603878 publish topic=ipi/detector-output-to-ipi-run-1/latency/av-1/request bytes=4458 forwarded=1
1783000995.604526 publish topic=ipi/detector-output-to-ipi-run-1/latency/av-1/ack bytes=233 forwarded=1
1783000995.854090 publish topic=ipi/detector-output-to-ipi-run-1/latency/av-1/request bytes=4458 forwarded=1
1783000995.854735 publish topic=ipi/detector-output-to-ipi-run-1/latency/av-1/ack bytes=233 forwarded=1
1783000996.094621 publish topic=ipi/detector-output-to-ipi-run-1/latency/av-1/request bytes=4458 forwarded=1
1783000996.095279 publish topic=ipi/detector-output-to-ipi-run-1/latency/av-1/ack bytes=233 forwarded=1
1783000996.324841 publish topic=ipi/detector-output-to-ipi-run-1/latency/av-1/request bytes=4458 forwarded=1
1783000996.325492 publish topic=ipi/detector-output-to-ipi-run-1/latency/av-1/ack bytes=233 forwarded=1
1783000996.575143 publish topic=ipi/detector-output-to-ipi-run-1/latency/av-1/request bytes=4458 forwarded=1
1783000996.575791 publish topic=ipi/detector-output-to-ipi-run-1/latency/av-1/ack bytes=233 forwarded=1
1783000996.825533 publish topic=ipi/detector-output-to-ipi-run-1/latency/av-1/request bytes=4458 forwarded=1
1783000996.826187 publish topic=ipi/detector-output-to-ipi-run-1/latency/av-1/ack bytes=233 forwarded=1
1783000997.055802 publish topic=ipi/detector-output-to-ipi-run-1/latency/av-1/request bytes=4458 forwarded=1
1783000997.056446 publish topic=ipi/detector-output-to-ipi-run-1/latency/av-1/ack bytes=233 forwarded=1
1783000997.296147 publish topic=ipi/detector-output-to-ipi-run-1/latency/av-1/request bytes=4458 forwarded=1
1783000997.296845 publish topic=ipi/detector-output-to-ipi-run-1/latency/av-1/ack bytes=233 forwarded=1
1783000997.546510 publish topic=ipi/detector-output-to-ipi-run-1/latency/av-1/request bytes=4458 forwarded=1
1783000997.547168 publish topic=ipi/detector-output-to-ipi-run-1/latency/av-1/ack bytes=233 forwarded=1
1783000997.796618 publish topic=ipi/detector-output-to-ipi-run-1/latency/av-1/request bytes=4458 forwarded=1
1783000997.797296 publish topic=ipi/detector-output-to-ipi-run-1/latency/av-1/ack bytes=233 forwarded=1
1783000998.037162 publish topic=ipi/detector-output-to-ipi-run-1/latency/av-1/request bytes=4458 forwarded=1
1783000998.037806 publish topic=ipi/detector-output-to-ipi-run-1/latency/av-1/ack bytes=233 forwarded=1
1783000998.287581 publish topic=ipi/detector-output-to-ipi-run-1/latency/av-1/request bytes=4458 forwarded=1
1783000998.288230 publish topic=ipi/detector-output-to-ipi-run-1/latency/av-1/ack bytes=233 forwarded=1
1783000998.547838 publish topic=ipi/detector-output-to-ipi-run-1/latency/av-1/request bytes=4458 forwarded=1
1783000998.548477 publish topic=ipi/detector-output-to-ipi-run-1/latency/av-1/ack bytes=233 forwarded=1
1783000998.798069 publish topic=ipi/detector-output-to-ipi-run-1/latency/av-1/request bytes=4458 forwarded=1
1783000998.798708 publish topic=ipi/detector-output-to-ipi-run-1/latency/av-1/ack bytes=233 forwarded=1
1783000999.038531 publish topic=ipi/detector-output-to-ipi-run-1/latency/av-1/request bytes=4458 forwarded=1
1783000999.039132 publish topic=ipi/detector-output-to-ipi-run-1/latency/av-1/ack bytes=233 forwarded=1
1783000999.278853 publish topic=ipi/detector-output-to-ipi-run-1/latency/av-1/request bytes=4458 forwarded=1
1783000999.279527 publish topic=ipi/detector-output-to-ipi-run-1/latency/av-1/ack bytes=233 forwarded=1
1783000999.519187 publish topic=ipi/detector-output-to-ipi-run-1/latency/av-1/request bytes=4458 forwarded=1
1783000999.519844 publish topic=ipi/detector-output-to-ipi-run-1/latency/av-1/ack bytes=233 forwarded=1
1783000999.759615 publish topic=ipi/detector-output-to-ipi-run-1/latency/av-1/request bytes=4458 forwarded=1
1783000999.760280 publish topic=ipi/detector-output-to-ipi-run-1/latency/av-1/ack bytes=233 forwarded=1
1783001000.000117 publish topic=ipi/detector-output-to-ipi-run-1/latency/av-1/request bytes=4458 forwarded=1
1783001000.000803 publish topic=ipi/detector-output-to-ipi-run-1/latency/av-1/ack bytes=233 forwarded=1
1783001000.240247 publish topic=ipi/detector-output-to-ipi-run-1/latency/av-1/request bytes=4458 forwarded=1
1783001000.240910 publish topic=ipi/detector-output-to-ipi-run-1/latency/av-1/ack bytes=233 forwarded=1
1783001000.480824 publish topic=ipi/detector-output-to-ipi-run-1/latency/av-1/request bytes=4458 forwarded=1
1783001000.481460 publish topic=ipi/detector-output-to-ipi-run-1/latency/av-1/ack bytes=233 forwarded=1
1783001000.721146 publish topic=ipi/detector-output-to-ipi-run-1/latency/av-1/request bytes=4458 forwarded=1
1783001000.721799 publish topic=ipi/detector-output-to-ipi-run-1/latency/av-1/ack bytes=233 forwarded=1
1783001000.961228 publish topic=ipi/detector-output-to-ipi-run-1/latency/av-1/request bytes=4458 forwarded=1
1783001000.961882 publish topic=ipi/detector-output-to-ipi-run-1/latency/av-1/ack bytes=233 forwarded=1
1783001001.231716 publish topic=ipi/detector-output-to-ipi-run-1/latency/av-1/request bytes=4458 forwarded=1
1783001001.232371 publish topic=ipi/detector-output-to-ipi-run-1/latency/av-1/ack bytes=233 forwarded=1
1783001001.492262 publish topic=ipi/detector-output-to-ipi-run-1/latency/av-1/request bytes=4458 forwarded=1
1783001001.492930 publish topic=ipi/detector-output-to-ipi-run-1/latency/av-1/ack bytes=233 forwarded=1
1783001001.762480 publish topic=ipi/detector-output-to-ipi-run-1/latency/av-1/request bytes=4458 forwarded=1
1783001001.763137 publish topic=ipi/detector-output-to-ipi-run-1/latency/av-1/ack bytes=233 forwarded=1
1783001002.013113 publish topic=ipi/detector-output-to-ipi-run-1/latency/av-1/request bytes=4458 forwarded=1
1783001002.013759 publish topic=ipi/detector-output-to-ipi-run-1/latency/av-1/ack bytes=233 forwarded=1
1783001002.253581 publish topic=ipi/detector-output-to-ipi-run-1/latency/av-1/request bytes=4458 forwarded=1
1783001002.254217 publish topic=ipi/detector-output-to-ipi-run-1/latency/av-1/ack bytes=233 forwarded=1
1783001002.513986 publish topic=ipi/detector-output-to-ipi-run-1/latency/av-1/request bytes=4458 forwarded=1
1783001002.514620 publish topic=ipi/detector-output-to-ipi-run-1/latency/av-1/ack bytes=233 forwarded=1
1783001002.764410 publish topic=ipi/detector-output-to-ipi-run-1/latency/av-1/request bytes=4458 forwarded=1
1783001002.765093 publish topic=ipi/detector-output-to-ipi-run-1/latency/av-1/ack bytes=233 forwarded=1
1783001003.004653 publish topic=ipi/detector-output-to-ipi-run-1/latency/av-1/request bytes=4458 forwarded=1
1783001003.005329 publish topic=ipi/detector-output-to-ipi-run-1/latency/av-1/ack bytes=233 forwarded=1
1783001003.245014 publish topic=ipi/detector-output-to-ipi-run-1/latency/av-1/request bytes=4458 forwarded=1
1783001003.245669 publish topic=ipi/detector-output-to-ipi-run-1/latency/av-1/ack bytes=233 forwarded=1
1783001003.505483 publish topic=ipi/detector-output-to-ipi-run-1/latency/av-1/request bytes=4458 forwarded=1
1783001003.506131 publish topic=ipi/detector-output-to-ipi-run-1/latency/av-1/ack bytes=233 forwarded=1
1783001003.765895 publish topic=ipi/detector-output-to-ipi-run-1/latency/av-1/request bytes=4458 forwarded=1
1783001003.766548 publish topic=ipi/detector-output-to-ipi-run-1/latency/av-1/ack bytes=233 forwarded=1
1783001003.996115 publish topic=ipi/detector-output-to-ipi-run-1/latency/av-1/request bytes=4458 forwarded=1
1783001003.996816 publish topic=ipi/detector-output-to-ipi-run-1/latency/av-1/ack bytes=233 forwarded=1
1783001004.236382 publish topic=ipi/detector-output-to-ipi-run-1/latency/av-1/request bytes=4458 forwarded=1
1783001004.237057 publish topic=ipi/detector-output-to-ipi-run-1/latency/av-1/ack bytes=233 forwarded=1
1783001004.486688 publish topic=ipi/detector-output-to-ipi-run-1/latency/av-1/request bytes=4458 forwarded=1
1783001004.487334 publish topic=ipi/detector-output-to-ipi-run-1/latency/av-1/ack bytes=233 forwarded=1
1783001004.736976 publish topic=ipi/detector-output-to-ipi-run-1/latency/av-1/request bytes=4458 forwarded=1
1783001004.737671 publish topic=ipi/detector-output-to-ipi-run-1/latency/av-1/ack bytes=233 forwarded=1
1783001004.977160 publish topic=ipi/detector-output-to-ipi-run-1/latency/av-1/request bytes=4458 forwarded=1
1783001004.977821 publish topic=ipi/detector-output-to-ipi-run-1/latency/av-1/ack bytes=233 forwarded=1
1783001005.227643 publish topic=ipi/detector-output-to-ipi-run-1/latency/av-1/request bytes=4458 forwarded=1
1783001005.228339 publish topic=ipi/detector-output-to-ipi-run-1/latency/av-1/ack bytes=233 forwarded=1
1783001005.498174 publish topic=ipi/detector-output-to-ipi-run-1/latency/av-1/request bytes=4458 forwarded=1
1783001005.498867 publish topic=ipi/detector-output-to-ipi-run-1/latency/av-1/ack bytes=233 forwarded=1
1783001005.738476 publish topic=ipi/detector-output-to-ipi-run-1/latency/av-1/request bytes=4458 forwarded=1
1783001005.739173 publish topic=ipi/detector-output-to-ipi-run-1/latency/av-1/ack bytes=233 forwarded=1
1783001005.988784 publish topic=ipi/detector-output-to-ipi-run-1/latency/av-1/request bytes=4458 forwarded=1
1783001005.989517 publish topic=ipi/detector-output-to-ipi-run-1/latency/av-1/ack bytes=233 forwarded=1
1783001006.229058 publish topic=ipi/detector-output-to-ipi-run-1/latency/av-1/request bytes=4458 forwarded=1
1783001006.229738 publish topic=ipi/detector-output-to-ipi-run-1/latency/av-1/ack bytes=233 forwarded=1
1783001006.469557 publish topic=ipi/detector-output-to-ipi-run-1/latency/av-1/request bytes=4458 forwarded=1
1783001006.470296 publish topic=ipi/detector-output-to-ipi-run-1/latency/av-1/ack bytes=233 forwarded=1
1783001006.709750 publish topic=ipi/detector-output-to-ipi-run-1/latency/av-1/request bytes=4458 forwarded=1
1783001006.710439 publish topic=ipi/detector-output-to-ipi-run-1/latency/av-1/ack bytes=233 forwarded=1
1783001006.959851 publish topic=ipi/detector-output-to-ipi-run-1/latency/av-1/request bytes=4458 forwarded=1
1783001006.960555 publish topic=ipi/detector-output-to-ipi-run-1/latency/av-1/ack bytes=233 forwarded=1
1783001007.200331 publish topic=ipi/detector-output-to-ipi-run-1/latency/av-1/request bytes=4458 forwarded=1
1783001007.201022 publish topic=ipi/detector-output-to-ipi-run-1/latency/av-1/ack bytes=233 forwarded=1
1783001007.440664 publish topic=ipi/detector-output-to-ipi-run-1/latency/av-1/request bytes=4458 forwarded=1
1783001007.441334 publish topic=ipi/detector-output-to-ipi-run-1/latency/av-1/ack bytes=233 forwarded=1
1783001007.680898 publish topic=ipi/detector-output-to-ipi-run-1/latency/av-1/request bytes=4458 forwarded=1
1783001007.681540 publish topic=ipi/detector-output-to-ipi-run-1/latency/av-1/ack bytes=233 forwarded=1
1783001007.941262 publish topic=ipi/detector-output-to-ipi-run-1/latency/av-1/request bytes=4458 forwarded=1
1783001007.941911 publish topic=ipi/detector-output-to-ipi-run-1/latency/av-1/ack bytes=233 forwarded=1
1783001008.191859 publish topic=ipi/detector-output-to-ipi-run-1/latency/av-1/request bytes=4458 forwarded=1
1783001008.192516 publish topic=ipi/detector-output-to-ipi-run-1/latency/av-1/ack bytes=233 forwarded=1
1783001008.462415 publish topic=ipi/detector-output-to-ipi-run-1/latency/av-1/request bytes=4458 forwarded=1
1783001008.463063 publish topic=ipi/detector-output-to-ipi-run-1/latency/av-1/ack bytes=233 forwarded=1
1783001008.732878 publish topic=ipi/detector-output-to-ipi-run-1/latency/av-1/request bytes=4458 forwarded=1
1783001008.733526 publish topic=ipi/detector-output-to-ipi-run-1/latency/av-1/ack bytes=233 forwarded=1
1783001008.983223 publish topic=ipi/detector-output-to-ipi-run-1/latency/av-1/request bytes=4458 forwarded=1
1783001008.983873 publish topic=ipi/detector-output-to-ipi-run-1/latency/av-1/ack bytes=233 forwarded=1
1783001009.243606 publish topic=ipi/detector-output-to-ipi-run-1/latency/av-1/request bytes=4458 forwarded=1
1783001009.244262 publish topic=ipi/detector-output-to-ipi-run-1/latency/av-1/ack bytes=233 forwarded=1
1783001009.514168 publish topic=ipi/detector-output-to-ipi-run-1/latency/av-1/request bytes=4458 forwarded=1
1783001009.514807 publish topic=ipi/detector-output-to-ipi-run-1/latency/av-1/ack bytes=233 forwarded=1
1783001009.754524 publish topic=ipi/detector-output-to-ipi-run-1/latency/av-1/request bytes=4458 forwarded=1
1783001009.755172 publish topic=ipi/detector-output-to-ipi-run-1/latency/av-1/ack bytes=233 forwarded=1
1783001009.994633 publish topic=ipi/detector-output-to-ipi-run-1/latency/av-1/request bytes=4458 forwarded=1
1783001009.995285 publish topic=ipi/detector-output-to-ipi-run-1/latency/av-1/ack bytes=233 forwarded=1
1783001010.245253 publish topic=ipi/detector-output-to-ipi-run-1/latency/av-1/request bytes=4458 forwarded=1
1783001010.245893 publish topic=ipi/detector-output-to-ipi-run-1/latency/av-1/ack bytes=233 forwarded=1
1783001010.495473 publish topic=ipi/detector-output-to-ipi-run-1/latency/av-1/request bytes=4458 forwarded=1
1783001010.496125 publish topic=ipi/detector-output-to-ipi-run-1/latency/av-1/ack bytes=233 forwarded=1
1783001010.745881 publish topic=ipi/detector-output-to-ipi-run-1/latency/av-1/request bytes=4458 forwarded=1
1783001010.746537 publish topic=ipi/detector-output-to-ipi-run-1/latency/av-1/ack bytes=233 forwarded=1
1783001010.986059 publish topic=ipi/detector-output-to-ipi-run-1/latency/av-1/request bytes=4458 forwarded=1
1783001010.986706 publish topic=ipi/detector-output-to-ipi-run-1/latency/av-1/ack bytes=233 forwarded=1
1783001011.226424 publish topic=ipi/detector-output-to-ipi-run-1/latency/av-1/request bytes=4458 forwarded=1
1783001011.227070 publish topic=ipi/detector-output-to-ipi-run-1/latency/av-1/ack bytes=233 forwarded=1
1783001011.466930 publish topic=ipi/detector-output-to-ipi-run-1/latency/av-1/request bytes=4458 forwarded=1
1783001011.467588 publish topic=ipi/detector-output-to-ipi-run-1/latency/av-1/ack bytes=233 forwarded=1
1783001011.707221 publish topic=ipi/detector-output-to-ipi-run-1/latency/av-1/request bytes=4458 forwarded=1
1783001011.707881 publish topic=ipi/detector-output-to-ipi-run-1/latency/av-1/ack bytes=233 forwarded=1
1783001011.947253 publish topic=ipi/detector-output-to-ipi-run-1/latency/av-1/request bytes=4458 forwarded=1
1783001011.947898 publish topic=ipi/detector-output-to-ipi-run-1/latency/av-1/ack bytes=233 forwarded=1
1783001012.197849 publish topic=ipi/detector-output-to-ipi-run-1/latency/av-1/request bytes=4458 forwarded=1
1783001012.198526 publish topic=ipi/detector-output-to-ipi-run-1/latency/av-1/ack bytes=233 forwarded=1
1783001012.438178 publish topic=ipi/detector-output-to-ipi-run-1/latency/av-1/request bytes=4458 forwarded=1
1783001012.438828 publish topic=ipi/detector-output-to-ipi-run-1/latency/av-1/ack bytes=233 forwarded=1
1783001012.678487 publish topic=ipi/detector-output-to-ipi-run-1/latency/av-1/request bytes=4458 forwarded=1
1783001012.679145 publish topic=ipi/detector-output-to-ipi-run-1/latency/av-1/ack bytes=233 forwarded=1
1783001012.928658 publish topic=ipi/detector-output-to-ipi-run-1/latency/av-1/request bytes=4458 forwarded=1
1783001012.929384 publish topic=ipi/detector-output-to-ipi-run-1/latency/av-1/ack bytes=233 forwarded=1
1783001013.179120 publish topic=ipi/detector-output-to-ipi-run-1/latency/av-1/request bytes=4458 forwarded=1
1783001013.179779 publish topic=ipi/detector-output-to-ipi-run-1/latency/av-1/ack bytes=233 forwarded=1
1783001013.429442 publish topic=ipi/detector-output-to-ipi-run-1/latency/av-1/request bytes=4458 forwarded=1
1783001013.430084 publish topic=ipi/detector-output-to-ipi-run-1/latency/av-1/ack bytes=233 forwarded=1
1783001013.669903 publish topic=ipi/detector-output-to-ipi-run-1/latency/av-1/request bytes=4458 forwarded=1
1783001013.670563 publish topic=ipi/detector-output-to-ipi-run-1/latency/av-1/ack bytes=233 forwarded=1
1783001013.909940 publish topic=ipi/detector-output-to-ipi-run-1/latency/av-1/request bytes=4458 forwarded=1
1783001013.910609 publish topic=ipi/detector-output-to-ipi-run-1/latency/av-1/ack bytes=233 forwarded=1
1783001014.150428 publish topic=ipi/detector-output-to-ipi-run-1/latency/av-1/request bytes=4458 forwarded=1
1783001014.151058 publish topic=ipi/detector-output-to-ipi-run-1/latency/av-1/ack bytes=233 forwarded=1
1783001014.400727 publish topic=ipi/detector-output-to-ipi-run-1/latency/av-1/request bytes=4458 forwarded=1
1783001014.401375 publish topic=ipi/detector-output-to-ipi-run-1/latency/av-1/ack bytes=233 forwarded=1
1783001014.651218 publish topic=ipi/detector-output-to-ipi-run-1/latency/av-1/request bytes=4458 forwarded=1
1783001014.651875 publish topic=ipi/detector-output-to-ipi-run-1/latency/av-1/ack bytes=233 forwarded=1
1783001014.891473 publish topic=ipi/detector-output-to-ipi-run-1/latency/av-1/request bytes=4458 forwarded=1
1783001014.892132 publish topic=ipi/detector-output-to-ipi-run-1/latency/av-1/ack bytes=233 forwarded=1
1783001015.162094 publish topic=ipi/detector-output-to-ipi-run-1/latency/av-1/request bytes=4458 forwarded=1
1783001015.162744 publish topic=ipi/detector-output-to-ipi-run-1/latency/av-1/ack bytes=233 forwarded=1
1783001015.402484 publish topic=ipi/detector-output-to-ipi-run-1/latency/av-1/request bytes=4458 forwarded=1
1783001015.403144 publish topic=ipi/detector-output-to-ipi-run-1/latency/av-1/ack bytes=233 forwarded=1
1783001015.652789 publish topic=ipi/detector-output-to-ipi-run-1/latency/av-1/request bytes=4458 forwarded=1
1783001015.653445 publish topic=ipi/detector-output-to-ipi-run-1/latency/av-1/ack bytes=233 forwarded=1
1783001015.903329 publish topic=ipi/detector-output-to-ipi-run-1/latency/av-1/request bytes=4458 forwarded=1
1783001015.903974 publish topic=ipi/detector-output-to-ipi-run-1/latency/av-1/ack bytes=233 forwarded=1
1783001016.153766 publish topic=ipi/detector-output-to-ipi-run-1/latency/av-1/request bytes=4458 forwarded=1
1783001016.154413 publish topic=ipi/detector-output-to-ipi-run-1/latency/av-1/ack bytes=233 forwarded=1
1783001016.394093 publish topic=ipi/detector-output-to-ipi-run-1/latency/av-1/request bytes=4458 forwarded=1
1783001016.394745 publish topic=ipi/detector-output-to-ipi-run-1/latency/av-1/ack bytes=233 forwarded=1
1783001016.634302 publish topic=ipi/detector-output-to-ipi-run-1/latency/av-1/request bytes=4458 forwarded=1
1783001016.634955 publish topic=ipi/detector-output-to-ipi-run-1/latency/av-1/ack bytes=233 forwarded=1
1783001016.874557 publish topic=ipi/detector-output-to-ipi-run-1/latency/av-1/request bytes=4458 forwarded=1
1783001016.875216 publish topic=ipi/detector-output-to-ipi-run-1/latency/av-1/ack bytes=233 forwarded=1
1783001017.114977 publish topic=ipi/detector-output-to-ipi-run-1/latency/av-1/request bytes=4458 forwarded=1
1783001017.115633 publish topic=ipi/detector-output-to-ipi-run-1/latency/av-1/ack bytes=233 forwarded=1
1783001017.365167 publish topic=ipi/detector-output-to-ipi-run-1/latency/av-1/request bytes=4458 forwarded=1
1783001017.365815 publish topic=ipi/detector-output-to-ipi-run-1/latency/av-1/ack bytes=233 forwarded=1
1783001017.605650 publish topic=ipi/detector-output-to-ipi-run-1/latency/av-1/request bytes=4458 forwarded=1
1783001017.606299 publish topic=ipi/detector-output-to-ipi-run-1/latency/av-1/ack bytes=233 forwarded=1
1783001017.845986 publish topic=ipi/detector-output-to-ipi-run-1/latency/av-1/request bytes=4458 forwarded=1
1783001017.846632 publish topic=ipi/detector-output-to-ipi-run-1/latency/av-1/ack bytes=233 forwarded=1
1783001018.086184 publish topic=ipi/detector-output-to-ipi-run-1/latency/av-1/request bytes=4458 forwarded=1
1783001018.086831 publish topic=ipi/detector-output-to-ipi-run-1/latency/av-1/ack bytes=233 forwarded=1
1783001018.336456 publish topic=ipi/detector-output-to-ipi-run-1/latency/av-1/request bytes=4458 forwarded=1
1783001018.337142 publish topic=ipi/detector-output-to-ipi-run-1/latency/av-1/ack bytes=233 forwarded=1
1783001018.576864 publish topic=ipi/detector-output-to-ipi-run-1/latency/av-1/request bytes=4458 forwarded=1
1783001018.577513 publish topic=ipi/detector-output-to-ipi-run-1/latency/av-1/ack bytes=233 forwarded=1
1783001018.827187 publish topic=ipi/detector-output-to-ipi-run-1/latency/av-1/request bytes=4458 forwarded=1
1783001018.827838 publish topic=ipi/detector-output-to-ipi-run-1/latency/av-1/ack bytes=233 forwarded=1
1783001019.087327 publish topic=ipi/detector-output-to-ipi-run-1/latency/av-1/request bytes=4458 forwarded=1
1783001019.087977 publish topic=ipi/detector-output-to-ipi-run-1/latency/av-1/ack bytes=233 forwarded=1
1783001019.337496 publish topic=ipi/detector-output-to-ipi-run-1/latency/av-1/request bytes=4458 forwarded=1
1783001019.338143 publish topic=ipi/detector-output-to-ipi-run-1/latency/av-1/ack bytes=233 forwarded=1
1783001019.577973 publish topic=ipi/detector-output-to-ipi-run-1/latency/av-1/request bytes=4458 forwarded=1
1783001019.578616 publish topic=ipi/detector-output-to-ipi-run-1/latency/av-1/ack bytes=233 forwarded=1
1783001019.818265 publish topic=ipi/detector-output-to-ipi-run-1/latency/av-1/request bytes=4458 forwarded=1
1783001019.818913 publish topic=ipi/detector-output-to-ipi-run-1/latency/av-1/ack bytes=233 forwarded=1
1783001020.078643 publish topic=ipi/detector-output-to-ipi-run-1/latency/av-1/request bytes=4458 forwarded=1
1783001020.079289 publish topic=ipi/detector-output-to-ipi-run-1/latency/av-1/ack bytes=233 forwarded=1
1783001020.318832 publish topic=ipi/detector-output-to-ipi-run-1/latency/av-1/request bytes=4458 forwarded=1
1783001020.319488 publish topic=ipi/detector-output-to-ipi-run-1/latency/av-1/ack bytes=233 forwarded=1
1783001020.559324 publish topic=ipi/detector-output-to-ipi-run-1/latency/av-1/request bytes=4458 forwarded=1
1783001020.559970 publish topic=ipi/detector-output-to-ipi-run-1/latency/av-1/ack bytes=233 forwarded=1
1783001020.799481 publish topic=ipi/detector-output-to-ipi-run-1/latency/av-1/request bytes=4458 forwarded=1
1783001020.800135 publish topic=ipi/detector-output-to-ipi-run-1/latency/av-1/ack bytes=233 forwarded=1
1783001021.039706 publish topic=ipi/detector-output-to-ipi-run-1/latency/av-1/request bytes=4458 forwarded=1
1783001021.040355 publish topic=ipi/detector-output-to-ipi-run-1/latency/av-1/ack bytes=233 forwarded=1
1783001021.290140 publish topic=ipi/detector-output-to-ipi-run-1/latency/av-1/request bytes=4458 forwarded=1
1783001021.290787 publish topic=ipi/detector-output-to-ipi-run-1/latency/av-1/ack bytes=233 forwarded=1
1783001021.550469 publish topic=ipi/detector-output-to-ipi-run-1/latency/av-1/request bytes=4458 forwarded=1
1783001021.551120 publish topic=ipi/detector-output-to-ipi-run-1/latency/av-1/ack bytes=233 forwarded=1
1783001021.790708 publish topic=ipi/detector-output-to-ipi-run-1/latency/av-1/request bytes=4458 forwarded=1
1783001021.791361 publish topic=ipi/detector-output-to-ipi-run-1/latency/av-1/ack bytes=233 forwarded=1
1783001022.041153 publish topic=ipi/detector-output-to-ipi-run-1/latency/av-1/request bytes=4458 forwarded=1
1783001022.041808 publish topic=ipi/detector-output-to-ipi-run-1/latency/av-1/ack bytes=233 forwarded=1
1783001022.301866 publish topic=ipi/detector-output-to-ipi-run-1/latency/av-1/request bytes=4458 forwarded=1
1783001022.302515 publish topic=ipi/detector-output-to-ipi-run-1/latency/av-1/ack bytes=233 forwarded=1
1783001022.572115 publish topic=ipi/detector-output-to-ipi-run-1/latency/av-1/request bytes=4458 forwarded=1
1783001022.572817 publish topic=ipi/detector-output-to-ipi-run-1/latency/av-1/ack bytes=233 forwarded=1
1783001022.842597 publish topic=ipi/detector-output-to-ipi-run-1/latency/av-1/request bytes=4458 forwarded=1
1783001022.843257 publish topic=ipi/detector-output-to-ipi-run-1/latency/av-1/ack bytes=233 forwarded=1
1783001023.082993 publish topic=ipi/detector-output-to-ipi-run-1/latency/av-1/request bytes=4458 forwarded=1
1783001023.083671 publish topic=ipi/detector-output-to-ipi-run-1/latency/av-1/ack bytes=233 forwarded=1
1783001023.333328 publish topic=ipi/detector-output-to-ipi-run-1/latency/av-1/request bytes=4458 forwarded=1
1783001023.333982 publish topic=ipi/detector-output-to-ipi-run-1/latency/av-1/ack bytes=233 forwarded=1
1783001023.573889 publish topic=ipi/detector-output-to-ipi-run-1/latency/av-1/request bytes=4458 forwarded=1
1783001023.574538 publish topic=ipi/detector-output-to-ipi-run-1/latency/av-1/ack bytes=233 forwarded=1
1783001023.814179 publish topic=ipi/detector-output-to-ipi-run-1/latency/av-1/request bytes=4458 forwarded=1
1783001023.814820 publish topic=ipi/detector-output-to-ipi-run-1/latency/av-1/ack bytes=233 forwarded=1
1783001024.054394 publish topic=ipi/detector-output-to-ipi-run-1/latency/av-1/request bytes=4458 forwarded=1
1783001024.055036 publish topic=ipi/detector-output-to-ipi-run-1/latency/av-1/ack bytes=233 forwarded=1
1783001024.304625 publish topic=ipi/detector-output-to-ipi-run-1/latency/av-1/request bytes=4458 forwarded=1
1783001024.305292 publish topic=ipi/detector-output-to-ipi-run-1/latency/av-1/ack bytes=233 forwarded=1
1783001024.555059 publish topic=ipi/detector-output-to-ipi-run-1/latency/av-1/request bytes=4458 forwarded=1
1783001024.555713 publish topic=ipi/detector-output-to-ipi-run-1/latency/av-1/ack bytes=233 forwarded=1
1783001024.795536 publish topic=ipi/detector-output-to-ipi-run-1/latency/av-1/request bytes=4458 forwarded=1
1783001024.796246 publish topic=ipi/detector-output-to-ipi-run-1/latency/av-1/ack bytes=233 forwarded=1
1783001025.045818 publish topic=ipi/detector-output-to-ipi-run-1/latency/av-1/request bytes=4458 forwarded=1
1783001025.046474 publish topic=ipi/detector-output-to-ipi-run-1/latency/av-1/ack bytes=233 forwarded=1
1783001025.296298 publish topic=ipi/detector-output-to-ipi-run-1/latency/av-1/request bytes=4458 forwarded=1
1783001025.296966 publish topic=ipi/detector-output-to-ipi-run-1/latency/av-1/ack bytes=233 forwarded=1
1783001025.546610 publish topic=ipi/detector-output-to-ipi-run-1/latency/av-1/request bytes=4458 forwarded=1
1783001025.547270 publish topic=ipi/detector-output-to-ipi-run-1/latency/av-1/ack bytes=233 forwarded=1
1783001025.786908 publish topic=ipi/detector-output-to-ipi-run-1/latency/av-1/request bytes=4458 forwarded=1
1783001025.787552 publish topic=ipi/detector-output-to-ipi-run-1/latency/av-1/ack bytes=233 forwarded=1
1783001026.027374 publish topic=ipi/detector-output-to-ipi-run-1/latency/av-1/request bytes=4458 forwarded=1
1783001026.028009 publish topic=ipi/detector-output-to-ipi-run-1/latency/av-1/ack bytes=233 forwarded=1
1783001026.277754 publish topic=ipi/detector-output-to-ipi-run-1/latency/av-1/request bytes=4458 forwarded=1
1783001026.278432 publish topic=ipi/detector-output-to-ipi-run-1/latency/av-1/ack bytes=233 forwarded=1
1783001026.527999 publish topic=ipi/detector-output-to-ipi-run-1/latency/av-1/request bytes=4458 forwarded=1
1783001026.528642 publish topic=ipi/detector-output-to-ipi-run-1/latency/av-1/ack bytes=233 forwarded=1
1783001026.788084 publish topic=ipi/detector-output-to-ipi-run-1/latency/av-1/request bytes=4458 forwarded=1
1783001026.788782 publish topic=ipi/detector-output-to-ipi-run-1/latency/av-1/ack bytes=233 forwarded=1
1783001027.018555 publish topic=ipi/detector-output-to-ipi-run-1/latency/av-1/request bytes=4458 forwarded=1
1783001027.019204 publish topic=ipi/detector-output-to-ipi-run-1/latency/av-1/ack bytes=233 forwarded=1
1783001027.258848 publish topic=ipi/detector-output-to-ipi-run-1/latency/av-1/request bytes=4458 forwarded=1
1783001027.259497 publish topic=ipi/detector-output-to-ipi-run-1/latency/av-1/ack bytes=233 forwarded=1
1783001027.499195 publish topic=ipi/detector-output-to-ipi-run-1/latency/av-1/request bytes=4458 forwarded=1
1783001027.499847 publish topic=ipi/detector-output-to-ipi-run-1/latency/av-1/ack bytes=233 forwarded=1
1783001027.739247 publish topic=ipi/detector-output-to-ipi-run-1/latency/av-1/request bytes=4458 forwarded=1
1783001027.739885 publish topic=ipi/detector-output-to-ipi-run-1/latency/av-1/ack bytes=233 forwarded=1
1783001027.969698 publish topic=ipi/detector-output-to-ipi-run-1/latency/av-1/request bytes=4458 forwarded=1
1783001027.970348 publish topic=ipi/detector-output-to-ipi-run-1/latency/av-1/ack bytes=233 forwarded=1
1783001028.199873 publish topic=ipi/detector-output-to-ipi-run-1/latency/av-1/request bytes=4458 forwarded=1
1783001028.200524 publish topic=ipi/detector-output-to-ipi-run-1/latency/av-1/ack bytes=233 forwarded=1
1783001028.440266 publish topic=ipi/detector-output-to-ipi-run-1/latency/av-1/request bytes=4458 forwarded=1
1783001028.440886 publish topic=ipi/detector-output-to-ipi-run-1/latency/av-1/ack bytes=233 forwarded=1
1783001028.690631 publish topic=ipi/detector-output-to-ipi-run-1/latency/av-1/request bytes=4458 forwarded=1
1783001028.691275 publish topic=ipi/detector-output-to-ipi-run-1/latency/av-1/ack bytes=233 forwarded=1
1783001028.931208 publish topic=ipi/detector-output-to-ipi-run-1/latency/av-1/request bytes=4458 forwarded=1
1783001028.931851 publish topic=ipi/detector-output-to-ipi-run-1/latency/av-1/ack bytes=233 forwarded=1
1783001029.191483 publish topic=ipi/detector-output-to-ipi-run-1/latency/av-1/request bytes=4458 forwarded=1
1783001029.192138 publish topic=ipi/detector-output-to-ipi-run-1/latency/av-1/ack bytes=233 forwarded=1
1783001029.442098 publish topic=ipi/detector-output-to-ipi-run-1/latency/av-1/request bytes=4458 forwarded=1
1783001029.442739 publish topic=ipi/detector-output-to-ipi-run-1/latency/av-1/ack bytes=233 forwarded=1
1783001029.712439 publish topic=ipi/detector-output-to-ipi-run-1/latency/av-1/request bytes=4458 forwarded=1
1783001029.713114 publish topic=ipi/detector-output-to-ipi-run-1/latency/av-1/ack bytes=233 forwarded=1
1783001029.952930 publish topic=ipi/detector-output-to-ipi-run-1/latency/av-1/request bytes=4458 forwarded=1
1783001029.953568 publish topic=ipi/detector-output-to-ipi-run-1/latency/av-1/ack bytes=233 forwarded=1
1783001030.203415 publish topic=ipi/detector-output-to-ipi-run-1/latency/av-1/request bytes=4458 forwarded=1
1783001030.204066 publish topic=ipi/detector-output-to-ipi-run-1/latency/av-1/ack bytes=233 forwarded=1
1783001030.453669 publish topic=ipi/detector-output-to-ipi-run-1/latency/av-1/request bytes=4458 forwarded=1
1783001030.454316 publish topic=ipi/detector-output-to-ipi-run-1/latency/av-1/ack bytes=233 forwarded=1
1783001030.704298 publish topic=ipi/detector-output-to-ipi-run-1/latency/av-1/request bytes=4458 forwarded=1
1783001030.704984 publish topic=ipi/detector-output-to-ipi-run-1/latency/av-1/ack bytes=233 forwarded=1
1783001030.954592 publish topic=ipi/detector-output-to-ipi-run-1/latency/av-1/request bytes=4458 forwarded=1
1783001030.955242 publish topic=ipi/detector-output-to-ipi-run-1/latency/av-1/ack bytes=233 forwarded=1
1783001031.194757 publish topic=ipi/detector-output-to-ipi-run-1/latency/av-1/request bytes=4458 forwarded=1
1783001031.195407 publish topic=ipi/detector-output-to-ipi-run-1/latency/av-1/ack bytes=233 forwarded=1
1783001031.445125 publish topic=ipi/detector-output-to-ipi-run-1/latency/av-1/request bytes=4458 forwarded=1
1783001031.445770 publish topic=ipi/detector-output-to-ipi-run-1/latency/av-1/ack bytes=233 forwarded=1
1783001031.685359 publish topic=ipi/detector-output-to-ipi-run-1/latency/av-1/request bytes=4458 forwarded=1
1783001031.686014 publish topic=ipi/detector-output-to-ipi-run-1/latency/av-1/ack bytes=233 forwarded=1
1783001031.935955 publish topic=ipi/detector-output-to-ipi-run-1/latency/av-1/request bytes=4458 forwarded=1
1783001031.936623 publish topic=ipi/detector-output-to-ipi-run-1/latency/av-1/ack bytes=233 forwarded=1
1783001032.176145 publish topic=ipi/detector-output-to-ipi-run-1/latency/av-1/request bytes=4458 forwarded=1
1783001032.176826 publish topic=ipi/detector-output-to-ipi-run-1/latency/av-1/ack bytes=233 forwarded=1
1783001032.416457 publish topic=ipi/detector-output-to-ipi-run-1/latency/av-1/request bytes=4458 forwarded=1
1783001032.417129 publish topic=ipi/detector-output-to-ipi-run-1/latency/av-1/ack bytes=233 forwarded=1
1783001032.666761 publish topic=ipi/detector-output-to-ipi-run-1/latency/av-1/request bytes=4458 forwarded=1
1783001032.667413 publish topic=ipi/detector-output-to-ipi-run-1/latency/av-1/ack bytes=233 forwarded=1
1783001032.917131 publish topic=ipi/detector-output-to-ipi-run-1/latency/av-1/request bytes=4458 forwarded=1
1783001032.917781 publish topic=ipi/detector-output-to-ipi-run-1/latency/av-1/ack bytes=233 forwarded=1
1783001033.167539 publish topic=ipi/detector-output-to-ipi-run-1/latency/av-1/request bytes=4458 forwarded=1
1783001033.168183 publish topic=ipi/detector-output-to-ipi-run-1/latency/av-1/ack bytes=233 forwarded=1
1783001033.417751 publish topic=ipi/detector-output-to-ipi-run-1/latency/av-1/request bytes=4458 forwarded=1
1783001033.418398 publish topic=ipi/detector-output-to-ipi-run-1/latency/av-1/ack bytes=233 forwarded=1
1783001033.668221 publish topic=ipi/detector-output-to-ipi-run-1/latency/av-1/request bytes=4458 forwarded=1
1783001033.668868 publish topic=ipi/detector-output-to-ipi-run-1/latency/av-1/ack bytes=233 forwarded=1
1783001033.918364 publish topic=ipi/detector-output-to-ipi-run-1/latency/av-1/request bytes=4458 forwarded=1
1783001033.919007 publish topic=ipi/detector-output-to-ipi-run-1/latency/av-1/ack bytes=233 forwarded=1
1783001034.158891 publish topic=ipi/detector-output-to-ipi-run-1/latency/av-1/request bytes=4458 forwarded=1
1783001034.159543 publish topic=ipi/detector-output-to-ipi-run-1/latency/av-1/ack bytes=233 forwarded=1
1783001034.409057 publish topic=ipi/detector-output-to-ipi-run-1/latency/av-1/request bytes=4458 forwarded=1
1783001034.409700 publish topic=ipi/detector-output-to-ipi-run-1/latency/av-1/ack bytes=233 forwarded=1
1783001034.649180 publish topic=ipi/detector-output-to-ipi-run-1/latency/av-1/request bytes=4458 forwarded=1
1783001034.649824 publish topic=ipi/detector-output-to-ipi-run-1/latency/av-1/ack bytes=233 forwarded=1
1783001034.889898 publish topic=ipi/detector-output-to-ipi-run-1/latency/av-1/request bytes=4458 forwarded=1
1783001034.890562 publish topic=ipi/detector-output-to-ipi-run-1/latency/av-1/ack bytes=233 forwarded=1
1783001035.129937 publish topic=ipi/detector-output-to-ipi-run-1/latency/av-1/request bytes=4458 forwarded=1
1783001035.130577 publish topic=ipi/detector-output-to-ipi-run-1/latency/av-1/ack bytes=233 forwarded=1
1783001035.380248 publish topic=ipi/detector-output-to-ipi-run-1/latency/av-1/request bytes=4458 forwarded=1
1783001035.380920 publish topic=ipi/detector-output-to-ipi-run-1/latency/av-1/ack bytes=233 forwarded=1
1783001035.630650 publish topic=ipi/detector-output-to-ipi-run-1/latency/av-1/request bytes=4458 forwarded=1
1783001035.631298 publish topic=ipi/detector-output-to-ipi-run-1/latency/av-1/ack bytes=233 forwarded=1
1783001035.881017 publish topic=ipi/detector-output-to-ipi-run-1/latency/av-1/request bytes=4458 forwarded=1
1783001035.881670 publish topic=ipi/detector-output-to-ipi-run-1/latency/av-1/ack bytes=233 forwarded=1
1783001036.131528 publish topic=ipi/detector-output-to-ipi-run-1/latency/av-1/request bytes=4458 forwarded=1
1783001036.132184 publish topic=ipi/detector-output-to-ipi-run-1/latency/av-1/ack bytes=233 forwarded=1
1783001036.391924 publish topic=ipi/detector-output-to-ipi-run-1/latency/av-1/request bytes=4458 forwarded=1
1783001036.392577 publish topic=ipi/detector-output-to-ipi-run-1/latency/av-1/ack bytes=233 forwarded=1
1783001036.642467 publish topic=ipi/detector-output-to-ipi-run-1/latency/av-1/request bytes=4458 forwarded=1
1783001036.643116 publish topic=ipi/detector-output-to-ipi-run-1/latency/av-1/ack bytes=233 forwarded=1
1783001036.892819 publish topic=ipi/detector-output-to-ipi-run-1/latency/av-1/request bytes=4458 forwarded=1
1783001036.893462 publish topic=ipi/detector-output-to-ipi-run-1/latency/av-1/ack bytes=233 forwarded=1
1783001037.133291 publish topic=ipi/detector-output-to-ipi-run-1/latency/av-1/request bytes=4458 forwarded=1
1783001037.133936 publish topic=ipi/detector-output-to-ipi-run-1/latency/av-1/ack bytes=233 forwarded=1
1783001037.373473 publish topic=ipi/detector-output-to-ipi-run-1/latency/av-1/request bytes=4458 forwarded=1
1783001037.374121 publish topic=ipi/detector-output-to-ipi-run-1/latency/av-1/ack bytes=233 forwarded=1
1783001037.603840 publish topic=ipi/detector-output-to-ipi-run-1/latency/av-1/request bytes=4458 forwarded=1
1783001037.604494 publish topic=ipi/detector-output-to-ipi-run-1/latency/av-1/ack bytes=233 forwarded=1
1783001037.844269 publish topic=ipi/detector-output-to-ipi-run-1/latency/av-1/request bytes=4458 forwarded=1
1783001037.844928 publish topic=ipi/detector-output-to-ipi-run-1/latency/av-1/ack bytes=233 forwarded=1
1783001038.084505 publish topic=ipi/detector-output-to-ipi-run-1/latency/av-1/request bytes=4458 forwarded=1
1783001038.085150 publish topic=ipi/detector-output-to-ipi-run-1/latency/av-1/ack bytes=233 forwarded=1
1783001038.324901 publish topic=ipi/detector-output-to-ipi-run-1/latency/av-1/request bytes=4458 forwarded=1
1783001038.325539 publish topic=ipi/detector-output-to-ipi-run-1/latency/av-1/ack bytes=233 forwarded=1
1783001038.575070 publish topic=ipi/detector-output-to-ipi-run-1/latency/av-1/request bytes=4458 forwarded=1
1783001038.575709 publish topic=ipi/detector-output-to-ipi-run-1/latency/av-1/ack bytes=233 forwarded=1
1783001038.835018 publish topic=ipi/detector-output-to-ipi-run-1/latency/av-1/request bytes=4458 forwarded=1
1783001038.835257 publish topic=ipi/detector-output-to-ipi-run-1/latency/av-1/ack bytes=233 forwarded=1
1783001039.085574 publish topic=ipi/detector-output-to-ipi-run-1/latency/av-1/request bytes=4458 forwarded=1
1783001039.086214 publish topic=ipi/detector-output-to-ipi-run-1/latency/av-1/ack bytes=233 forwarded=1
1783001039.335965 publish topic=ipi/detector-output-to-ipi-run-1/latency/av-1/request bytes=4458 forwarded=1
1783001039.336596 publish topic=ipi/detector-output-to-ipi-run-1/latency/av-1/ack bytes=233 forwarded=1
1783001039.586308 publish topic=ipi/detector-output-to-ipi-run-1/latency/av-1/request bytes=4458 forwarded=1
1783001039.586955 publish topic=ipi/detector-output-to-ipi-run-1/latency/av-1/ack bytes=233 forwarded=1
1783001039.826678 publish topic=ipi/detector-output-to-ipi-run-1/latency/av-1/request bytes=4458 forwarded=1
1783001039.827318 publish topic=ipi/detector-output-to-ipi-run-1/latency/av-1/ack bytes=233 forwarded=1
1783001040.067016 publish topic=ipi/detector-output-to-ipi-run-1/latency/av-1/request bytes=4458 forwarded=1
1783001040.067659 publish topic=ipi/detector-output-to-ipi-run-1/latency/av-1/ack bytes=233 forwarded=1
1783001040.317508 publish topic=ipi/detector-output-to-ipi-run-1/latency/av-1/request bytes=4458 forwarded=1
1783001040.318090 publish topic=ipi/detector-output-to-ipi-run-1/latency/av-1/ack bytes=233 forwarded=1
1783001040.567649 publish topic=ipi/detector-output-to-ipi-run-1/latency/av-1/request bytes=4458 forwarded=1
1783001040.568282 publish topic=ipi/detector-output-to-ipi-run-1/latency/av-1/ack bytes=233 forwarded=1
1783001040.807964 publish topic=ipi/detector-output-to-ipi-run-1/latency/av-1/request bytes=4458 forwarded=1
1783001040.808609 publish topic=ipi/detector-output-to-ipi-run-1/latency/av-1/ack bytes=233 forwarded=1
1783001041.048183 publish topic=ipi/detector-output-to-ipi-run-1/latency/av-1/request bytes=4458 forwarded=1
1783001041.048853 publish topic=ipi/detector-output-to-ipi-run-1/latency/av-1/ack bytes=233 forwarded=1
1783001041.288445 publish topic=ipi/detector-output-to-ipi-run-1/latency/av-1/request bytes=4458 forwarded=1
1783001041.289123 publish topic=ipi/detector-output-to-ipi-run-1/latency/av-1/ack bytes=233 forwarded=1
1783001041.528895 publish topic=ipi/detector-output-to-ipi-run-1/latency/av-1/request bytes=4458 forwarded=1
1783001041.529547 publish topic=ipi/detector-output-to-ipi-run-1/latency/av-1/ack bytes=233 forwarded=1
1783001041.769149 publish topic=ipi/detector-output-to-ipi-run-1/latency/av-1/request bytes=4458 forwarded=1
1783001041.769793 publish topic=ipi/detector-output-to-ipi-run-1/latency/av-1/ack bytes=233 forwarded=1
1783001042.009384 publish topic=ipi/detector-output-to-ipi-run-1/latency/av-1/request bytes=4458 forwarded=1
1783001042.010041 publish topic=ipi/detector-output-to-ipi-run-1/latency/av-1/ack bytes=233 forwarded=1
1783001042.249800 publish topic=ipi/detector-output-to-ipi-run-1/latency/av-1/request bytes=4458 forwarded=1
1783001042.250440 publish topic=ipi/detector-output-to-ipi-run-1/latency/av-1/ack bytes=233 forwarded=1
1783001042.490306 publish topic=ipi/detector-output-to-ipi-run-1/latency/av-1/request bytes=4458 forwarded=1
1783001042.490955 publish topic=ipi/detector-output-to-ipi-run-1/latency/av-1/ack bytes=233 forwarded=1
1783001042.740534 publish topic=ipi/detector-output-to-ipi-run-1/latency/av-1/request bytes=4458 forwarded=1
1783001042.741220 publish topic=ipi/detector-output-to-ipi-run-1/latency/av-1/ack bytes=233 forwarded=1
1783001043.001031 publish topic=ipi/detector-output-to-ipi-run-1/latency/av-1/request bytes=4458 forwarded=1
1783001043.001678 publish topic=ipi/detector-output-to-ipi-run-1/latency/av-1/ack bytes=233 forwarded=1
1783001043.251622 publish topic=ipi/detector-output-to-ipi-run-1/latency/av-1/request bytes=4458 forwarded=1
1783001043.252333 publish topic=ipi/detector-output-to-ipi-run-1/latency/av-1/ack bytes=233 forwarded=1
1783001043.491904 publish topic=ipi/detector-output-to-ipi-run-1/latency/av-1/request bytes=4458 forwarded=1
1783001043.492553 publish topic=ipi/detector-output-to-ipi-run-1/latency/av-1/ack bytes=233 forwarded=1
1783001043.722446 publish topic=ipi/detector-output-to-ipi-run-1/latency/av-1/request bytes=4458 forwarded=1
1783001043.723134 publish topic=ipi/detector-output-to-ipi-run-1/latency/av-1/ack bytes=233 forwarded=1
1783001043.962754 publish topic=ipi/detector-output-to-ipi-run-1/latency/av-1/request bytes=4458 forwarded=1
1783001043.963396 publish topic=ipi/detector-output-to-ipi-run-1/latency/av-1/ack bytes=233 forwarded=1
1783001044.202851 publish topic=ipi/detector-output-to-ipi-run-1/latency/av-1/request bytes=4458 forwarded=1
1783001044.203547 publish topic=ipi/detector-output-to-ipi-run-1/latency/av-1/ack bytes=233 forwarded=1
1783001044.443141 publish topic=ipi/detector-output-to-ipi-run-1/latency/av-1/request bytes=4458 forwarded=1
1783001044.443838 publish topic=ipi/detector-output-to-ipi-run-1/latency/av-1/ack bytes=233 forwarded=1
1783001044.683360 publish topic=ipi/detector-output-to-ipi-run-1/latency/av-1/request bytes=4458 forwarded=1
1783001044.684054 publish topic=ipi/detector-output-to-ipi-run-1/latency/av-1/ack bytes=233 forwarded=1
1783001044.923885 publish topic=ipi/detector-output-to-ipi-run-1/latency/av-1/request bytes=4458 forwarded=1
1783001044.924573 publish topic=ipi/detector-output-to-ipi-run-1/latency/av-1/ack bytes=233 forwarded=1
1783001045.164178 publish topic=ipi/detector-output-to-ipi-run-1/latency/av-1/request bytes=4458 forwarded=1
1783001045.164875 publish topic=ipi/detector-output-to-ipi-run-1/latency/av-1/ack bytes=233 forwarded=1
1783001045.404535 publish topic=ipi/detector-output-to-ipi-run-1/latency/av-1/request bytes=4458 forwarded=1
1783001045.405197 publish topic=ipi/detector-output-to-ipi-run-1/latency/av-1/ack bytes=233 forwarded=1
1783001045.634767 publish topic=ipi/detector-output-to-ipi-run-1/latency/av-1/request bytes=4458 forwarded=1
1783001045.635463 publish topic=ipi/detector-output-to-ipi-run-1/latency/av-1/ack bytes=233 forwarded=1
1783001045.865098 publish topic=ipi/detector-output-to-ipi-run-1/latency/av-1/request bytes=4458 forwarded=1
1783001045.865789 publish topic=ipi/detector-output-to-ipi-run-1/latency/av-1/ack bytes=233 forwarded=1
1783001046.105269 publish topic=ipi/detector-output-to-ipi-run-1/latency/av-1/request bytes=4458 forwarded=1
1783001046.105966 publish topic=ipi/detector-output-to-ipi-run-1/latency/av-1/ack bytes=233 forwarded=1
1783001046.345713 publish topic=ipi/detector-output-to-ipi-run-1/latency/av-1/request bytes=4458 forwarded=1
1783001046.346403 publish topic=ipi/detector-output-to-ipi-run-1/latency/av-1/ack bytes=233 forwarded=1
1783001046.586172 publish topic=ipi/detector-output-to-ipi-run-1/latency/av-1/request bytes=4458 forwarded=1
1783001046.586851 publish topic=ipi/detector-output-to-ipi-run-1/latency/av-1/ack bytes=233 forwarded=1
1783001046.826584 publish topic=ipi/detector-output-to-ipi-run-1/latency/av-1/request bytes=4458 forwarded=1
1783001046.827304 publish topic=ipi/detector-output-to-ipi-run-1/latency/av-1/ack bytes=233 forwarded=1
1783001047.076992 publish topic=ipi/detector-output-to-ipi-run-1/latency/av-1/request bytes=4458 forwarded=1
1783001047.077679 publish topic=ipi/detector-output-to-ipi-run-1/latency/av-1/ack bytes=233 forwarded=1
1783001047.317203 publish topic=ipi/detector-output-to-ipi-run-1/latency/av-1/request bytes=4458 forwarded=1
1783001047.317900 publish topic=ipi/detector-output-to-ipi-run-1/latency/av-1/ack bytes=233 forwarded=1
1783001047.567668 publish topic=ipi/detector-output-to-ipi-run-1/latency/av-1/request bytes=4458 forwarded=1
1783001047.568362 publish topic=ipi/detector-output-to-ipi-run-1/latency/av-1/ack bytes=233 forwarded=1
1783001047.828215 publish topic=ipi/detector-output-to-ipi-run-1/latency/av-1/request bytes=4458 forwarded=1
1783001047.828931 publish topic=ipi/detector-output-to-ipi-run-1/latency/av-1/ack bytes=233 forwarded=1
1783001048.088533 publish topic=ipi/detector-output-to-ipi-run-1/latency/av-1/request bytes=4458 forwarded=1
1783001048.089222 publish topic=ipi/detector-output-to-ipi-run-1/latency/av-1/ack bytes=233 forwarded=1
1783001048.338916 publish topic=ipi/detector-output-to-ipi-run-1/latency/av-1/request bytes=4458 forwarded=1
1783001048.339611 publish topic=ipi/detector-output-to-ipi-run-1/latency/av-1/ack bytes=233 forwarded=1
1783001048.579351 publish topic=ipi/detector-output-to-ipi-run-1/latency/av-1/request bytes=4458 forwarded=1
1783001048.580048 publish topic=ipi/detector-output-to-ipi-run-1/latency/av-1/ack bytes=233 forwarded=1
1783001048.829684 publish topic=ipi/detector-output-to-ipi-run-1/latency/av-1/request bytes=4458 forwarded=1
1783001048.830379 publish topic=ipi/detector-output-to-ipi-run-1/latency/av-1/ack bytes=233 forwarded=1
1783001049.090006 publish topic=ipi/detector-output-to-ipi-run-1/latency/av-1/request bytes=4458 forwarded=1
1783001049.090697 publish topic=ipi/detector-output-to-ipi-run-1/latency/av-1/ack bytes=233 forwarded=1
1783001049.350403 publish topic=ipi/detector-output-to-ipi-run-1/latency/av-1/request bytes=4458 forwarded=1
1783001049.351093 publish topic=ipi/detector-output-to-ipi-run-1/latency/av-1/ack bytes=233 forwarded=1
1783001049.590638 publish topic=ipi/detector-output-to-ipi-run-1/latency/av-1/request bytes=4458 forwarded=1
1783001049.591323 publish topic=ipi/detector-output-to-ipi-run-1/latency/av-1/ack bytes=233 forwarded=1
1783001049.830986 publish topic=ipi/detector-output-to-ipi-run-1/latency/av-1/request bytes=4458 forwarded=1
1783001049.831694 publish topic=ipi/detector-output-to-ipi-run-1/latency/av-1/ack bytes=233 forwarded=1
1783001050.071272 publish topic=ipi/detector-output-to-ipi-run-1/latency/av-1/request bytes=4458 forwarded=1
1783001050.071980 publish topic=ipi/detector-output-to-ipi-run-1/latency/av-1/ack bytes=233 forwarded=1
1783001050.311690 publish topic=ipi/detector-output-to-ipi-run-1/latency/av-1/request bytes=4458 forwarded=1
1783001050.312383 publish topic=ipi/detector-output-to-ipi-run-1/latency/av-1/ack bytes=233 forwarded=1
1783001050.551900 publish topic=ipi/detector-output-to-ipi-run-1/latency/av-1/request bytes=4458 forwarded=1
1783001050.552601 publish topic=ipi/detector-output-to-ipi-run-1/latency/av-1/ack bytes=233 forwarded=1
1783001050.802236 publish topic=ipi/detector-output-to-ipi-run-1/latency/av-1/request bytes=4458 forwarded=1
1783001050.802925 publish topic=ipi/detector-output-to-ipi-run-1/latency/av-1/ack bytes=233 forwarded=1
1783001051.052501 publish topic=ipi/detector-output-to-ipi-run-1/latency/av-1/request bytes=4458 forwarded=1
1783001051.053201 publish topic=ipi/detector-output-to-ipi-run-1/latency/av-1/ack bytes=233 forwarded=1
1783001051.302979 publish topic=ipi/detector-output-to-ipi-run-1/latency/av-1/request bytes=4458 forwarded=1
1783001051.303687 publish topic=ipi/detector-output-to-ipi-run-1/latency/av-1/ack bytes=233 forwarded=1
1783001051.543486 publish topic=ipi/detector-output-to-ipi-run-1/latency/av-1/request bytes=4458 forwarded=1
1783001051.544180 publish topic=ipi/detector-output-to-ipi-run-1/latency/av-1/ack bytes=233 forwarded=1
1783001051.783425 publish topic=ipi/detector-output-to-ipi-run-1/latency/av-1/request bytes=4458 forwarded=1
1783001051.784119 publish topic=ipi/detector-output-to-ipi-run-1/latency/av-1/ack bytes=233 forwarded=1
1783001052.023850 publish topic=ipi/detector-output-to-ipi-run-1/latency/av-1/request bytes=4458 forwarded=1
1783001052.024498 publish topic=ipi/detector-output-to-ipi-run-1/latency/av-1/ack bytes=233 forwarded=1
1783001052.264219 publish topic=ipi/detector-output-to-ipi-run-1/latency/av-1/request bytes=4458 forwarded=1
1783001052.264924 publish topic=ipi/detector-output-to-ipi-run-1/latency/av-1/ack bytes=233 forwarded=1
1783001052.504557 publish topic=ipi/detector-output-to-ipi-run-1/latency/av-1/request bytes=4458 forwarded=1
1783001052.505288 publish topic=ipi/detector-output-to-ipi-run-1/latency/av-1/ack bytes=233 forwarded=1
1783001052.744929 publish topic=ipi/detector-output-to-ipi-run-1/latency/av-1/request bytes=4458 forwarded=1
1783001052.745613 publish topic=ipi/detector-output-to-ipi-run-1/latency/av-1/ack bytes=233 forwarded=1
1783001052.995294 publish topic=ipi/detector-output-to-ipi-run-1/latency/av-1/request bytes=4458 forwarded=1
1783001052.995978 publish topic=ipi/detector-output-to-ipi-run-1/latency/av-1/ack bytes=233 forwarded=1
1783001053.265761 publish topic=ipi/detector-output-to-ipi-run-1/latency/av-1/request bytes=4458 forwarded=1
1783001053.266442 publish topic=ipi/detector-output-to-ipi-run-1/latency/av-1/ack bytes=233 forwarded=1
1783001053.556121 publish topic=ipi/detector-output-to-ipi-run-1/latency/av-1/request bytes=4458 forwarded=1
1783001053.556844 publish topic=ipi/detector-output-to-ipi-run-1/latency/av-1/ack bytes=233 forwarded=1
1783001053.796597 publish topic=ipi/detector-output-to-ipi-run-1/latency/av-1/request bytes=4458 forwarded=1
1783001053.797305 publish topic=ipi/detector-output-to-ipi-run-1/latency/av-1/ack bytes=233 forwarded=1
1783001054.037024 publish topic=ipi/detector-output-to-ipi-run-1/latency/av-1/request bytes=4458 forwarded=1
1783001054.037714 publish topic=ipi/detector-output-to-ipi-run-1/latency/av-1/ack bytes=233 forwarded=1
1783001054.287483 publish topic=ipi/detector-output-to-ipi-run-1/latency/av-1/request bytes=4458 forwarded=1
1783001054.288166 publish topic=ipi/detector-output-to-ipi-run-1/latency/av-1/ack bytes=233 forwarded=1
1783001054.527819 publish topic=ipi/detector-output-to-ipi-run-1/latency/av-1/request bytes=4458 forwarded=1
1783001054.528507 publish topic=ipi/detector-output-to-ipi-run-1/latency/av-1/ack bytes=233 forwarded=1
1783001054.798276 publish topic=ipi/detector-output-to-ipi-run-1/latency/av-1/request bytes=4458 forwarded=1
1783001054.798965 publish topic=ipi/detector-output-to-ipi-run-1/latency/av-1/ack bytes=233 forwarded=1
1783001055.038703 publish topic=ipi/detector-output-to-ipi-run-1/latency/av-1/request bytes=4458 forwarded=1
1783001055.039392 publish topic=ipi/detector-output-to-ipi-run-1/latency/av-1/ack bytes=233 forwarded=1
1783001055.279319 publish topic=ipi/detector-output-to-ipi-run-1/latency/av-1/request bytes=4458 forwarded=1
1783001055.280065 publish topic=ipi/detector-output-to-ipi-run-1/latency/av-1/ack bytes=233 forwarded=1
1783001055.519385 publish topic=ipi/detector-output-to-ipi-run-1/latency/av-1/request bytes=4458 forwarded=1
1783001055.520077 publish topic=ipi/detector-output-to-ipi-run-1/latency/av-1/ack bytes=233 forwarded=1
1783001055.759731 publish topic=ipi/detector-output-to-ipi-run-1/latency/av-1/request bytes=4458 forwarded=1
1783001055.760445 publish topic=ipi/detector-output-to-ipi-run-1/latency/av-1/ack bytes=233 forwarded=1
1783001055.999952 publish topic=ipi/detector-output-to-ipi-run-1/latency/av-1/request bytes=4458 forwarded=1
1783001056.000645 publish topic=ipi/detector-output-to-ipi-run-1/latency/av-1/ack bytes=233 forwarded=1
1783001056.260244 publish topic=ipi/detector-output-to-ipi-run-1/latency/av-1/request bytes=4458 forwarded=1
1783001056.260952 publish topic=ipi/detector-output-to-ipi-run-1/latency/av-1/ack bytes=233 forwarded=1
1783001056.500851 publish topic=ipi/detector-output-to-ipi-run-1/latency/av-1/request bytes=4458 forwarded=1
1783001056.501538 publish topic=ipi/detector-output-to-ipi-run-1/latency/av-1/ack bytes=233 forwarded=1
1783001056.751059 publish topic=ipi/detector-output-to-ipi-run-1/latency/av-1/request bytes=4458 forwarded=1
1783001056.751760 publish topic=ipi/detector-output-to-ipi-run-1/latency/av-1/ack bytes=233 forwarded=1
1783001057.001125 publish topic=ipi/detector-output-to-ipi-run-1/latency/av-1/request bytes=4458 forwarded=1
1783001057.001812 publish topic=ipi/detector-output-to-ipi-run-1/latency/av-1/ack bytes=233 forwarded=1
1783001057.241517 publish topic=ipi/detector-output-to-ipi-run-1/latency/av-1/request bytes=4458 forwarded=1
1783001057.242206 publish topic=ipi/detector-output-to-ipi-run-1/latency/av-1/ack bytes=233 forwarded=1
1783001057.482108 publish topic=ipi/detector-output-to-ipi-run-1/latency/av-1/request bytes=4458 forwarded=1
1783001057.482794 publish topic=ipi/detector-output-to-ipi-run-1/latency/av-1/ack bytes=233 forwarded=1
1783001057.732247 publish topic=ipi/detector-output-to-ipi-run-1/latency/av-1/request bytes=4458 forwarded=1
1783001057.732950 publish topic=ipi/detector-output-to-ipi-run-1/latency/av-1/ack bytes=233 forwarded=1
1783001057.972609 publish topic=ipi/detector-output-to-ipi-run-1/latency/av-1/request bytes=4458 forwarded=1
1783001057.973314 publish topic=ipi/detector-output-to-ipi-run-1/latency/av-1/ack bytes=233 forwarded=1
1783001058.212960 publish topic=ipi/detector-output-to-ipi-run-1/latency/av-1/request bytes=4458 forwarded=1
1783001058.213649 publish topic=ipi/detector-output-to-ipi-run-1/latency/av-1/ack bytes=233 forwarded=1
1783001058.463221 publish topic=ipi/detector-output-to-ipi-run-1/latency/av-1/request bytes=4458 forwarded=1
1783001058.463919 publish topic=ipi/detector-output-to-ipi-run-1/latency/av-1/ack bytes=233 forwarded=1
1783001058.703620 publish topic=ipi/detector-output-to-ipi-run-1/latency/av-1/request bytes=4458 forwarded=1
1783001058.704266 publish topic=ipi/detector-output-to-ipi-run-1/latency/av-1/ack bytes=233 forwarded=1
1783001058.953969 publish topic=ipi/detector-output-to-ipi-run-1/latency/av-1/request bytes=4458 forwarded=1
1783001058.954641 publish topic=ipi/detector-output-to-ipi-run-1/latency/av-1/ack bytes=233 forwarded=1
1783001059.194448 publish topic=ipi/detector-output-to-ipi-run-1/latency/av-1/request bytes=4458 forwarded=1
1783001059.195096 publish topic=ipi/detector-output-to-ipi-run-1/latency/av-1/ack bytes=233 forwarded=1
1783001059.424726 publish topic=ipi/detector-output-to-ipi-run-1/latency/av-1/request bytes=4458 forwarded=1
1783001059.425366 publish topic=ipi/detector-output-to-ipi-run-1/latency/av-1/ack bytes=233 forwarded=1
1783001059.665142 publish topic=ipi/detector-output-to-ipi-run-1/latency/av-1/request bytes=4458 forwarded=1
1783001059.665786 publish topic=ipi/detector-output-to-ipi-run-1/latency/av-1/ack bytes=233 forwarded=1
1783001059.915394 publish topic=ipi/detector-output-to-ipi-run-1/latency/av-1/request bytes=4458 forwarded=1
1783001059.916079 publish topic=ipi/detector-output-to-ipi-run-1/latency/av-1/ack bytes=233 forwarded=1
1783001060.195770 publish topic=ipi/detector-output-to-ipi-run-1/latency/av-1/request bytes=4458 forwarded=1
1783001060.196432 publish topic=ipi/detector-output-to-ipi-run-1/latency/av-1/ack bytes=233 forwarded=1
1783001060.456245 publish topic=ipi/detector-output-to-ipi-run-1/latency/av-1/request bytes=4458 forwarded=1
1783001060.456953 publish topic=ipi/detector-output-to-ipi-run-1/latency/av-1/ack bytes=233 forwarded=1
1783001060.706897 publish topic=ipi/detector-output-to-ipi-run-1/latency/av-1/request bytes=4458 forwarded=1
1783001060.707586 publish topic=ipi/detector-output-to-ipi-run-1/latency/av-1/ack bytes=233 forwarded=1
1783001060.957211 publish topic=ipi/detector-output-to-ipi-run-1/latency/av-1/request bytes=4458 forwarded=1
1783001060.957880 publish topic=ipi/detector-output-to-ipi-run-1/latency/av-1/ack bytes=233 forwarded=1
1783001061.217715 publish topic=ipi/detector-output-to-ipi-run-1/latency/av-1/request bytes=4458 forwarded=1
1783001061.218407 publish topic=ipi/detector-output-to-ipi-run-1/latency/av-1/ack bytes=233 forwarded=1
1783001061.458118 publish topic=ipi/detector-output-to-ipi-run-1/latency/av-1/request bytes=4458 forwarded=1
1783001061.458809 publish topic=ipi/detector-output-to-ipi-run-1/latency/av-1/ack bytes=233 forwarded=1
1783001061.718506 publish topic=ipi/detector-output-to-ipi-run-1/latency/av-1/request bytes=4458 forwarded=1
1783001061.719195 publish topic=ipi/detector-output-to-ipi-run-1/latency/av-1/ack bytes=233 forwarded=1
1783001061.999134 publish topic=ipi/detector-output-to-ipi-run-1/latency/av-1/request bytes=4458 forwarded=1
1783001061.999828 publish topic=ipi/detector-output-to-ipi-run-1/latency/av-1/ack bytes=233 forwarded=1
1783001062.249266 publish topic=ipi/detector-output-to-ipi-run-1/latency/av-1/request bytes=4458 forwarded=1
1783001062.249958 publish topic=ipi/detector-output-to-ipi-run-1/latency/av-1/ack bytes=233 forwarded=1
1783001062.499599 publish topic=ipi/detector-output-to-ipi-run-1/latency/av-1/request bytes=4458 forwarded=1
1783001062.500120 publish topic=ipi/detector-output-to-ipi-run-1/latency/av-1/ack bytes=233 forwarded=1
1783001062.740156 publish topic=ipi/detector-output-to-ipi-run-1/latency/av-1/request bytes=4458 forwarded=1
1783001062.740863 publish topic=ipi/detector-output-to-ipi-run-1/latency/av-1/ack bytes=233 forwarded=1
1783001062.980472 publish topic=ipi/detector-output-to-ipi-run-1/latency/av-1/request bytes=4458 forwarded=1
1783001062.981158 publish topic=ipi/detector-output-to-ipi-run-1/latency/av-1/ack bytes=233 forwarded=1
1783001063.220965 publish topic=ipi/detector-output-to-ipi-run-1/latency/av-1/request bytes=4458 forwarded=1
1783001063.221645 publish topic=ipi/detector-output-to-ipi-run-1/latency/av-1/ack bytes=233 forwarded=1
1783001063.460987 publish topic=ipi/detector-output-to-ipi-run-1/latency/av-1/request bytes=4458 forwarded=1
1783001063.461678 publish topic=ipi/detector-output-to-ipi-run-1/latency/av-1/ack bytes=233 forwarded=1
1783001063.711533 publish topic=ipi/detector-output-to-ipi-run-1/latency/av-1/request bytes=4458 forwarded=1
1783001063.712218 publish topic=ipi/detector-output-to-ipi-run-1/latency/av-1/ack bytes=233 forwarded=1
1783001063.961797 publish topic=ipi/detector-output-to-ipi-run-1/latency/av-1/request bytes=4458 forwarded=1
1783001063.962502 publish topic=ipi/detector-output-to-ipi-run-1/latency/av-1/ack bytes=233 forwarded=1
1783001064.212149 publish topic=ipi/detector-output-to-ipi-run-1/latency/av-1/request bytes=4458 forwarded=1
1783001064.212867 publish topic=ipi/detector-output-to-ipi-run-1/latency/av-1/ack bytes=233 forwarded=1
1783001064.442546 publish topic=ipi/detector-output-to-ipi-run-1/latency/av-1/request bytes=4458 forwarded=1
1783001064.443297 publish topic=ipi/detector-output-to-ipi-run-1/latency/av-1/ack bytes=233 forwarded=1
1783001064.682983 publish topic=ipi/detector-output-to-ipi-run-1/latency/av-1/request bytes=4458 forwarded=1
1783001064.683661 publish topic=ipi/detector-output-to-ipi-run-1/latency/av-1/ack bytes=233 forwarded=1
1783001064.923214 publish topic=ipi/detector-output-to-ipi-run-1/latency/av-1/request bytes=4458 forwarded=1
1783001064.923856 publish topic=ipi/detector-output-to-ipi-run-1/latency/av-1/ack bytes=233 forwarded=1
1783001065.163531 publish topic=ipi/detector-output-to-ipi-run-1/latency/av-1/request bytes=4458 forwarded=1
1783001065.164181 publish topic=ipi/detector-output-to-ipi-run-1/latency/av-1/ack bytes=233 forwarded=1
1783001065.403739 publish topic=ipi/detector-output-to-ipi-run-1/latency/av-1/request bytes=4458 forwarded=1
1783001065.404393 publish topic=ipi/detector-output-to-ipi-run-1/latency/av-1/ack bytes=233 forwarded=1
1783001065.644125 publish topic=ipi/detector-output-to-ipi-run-1/latency/av-1/request bytes=4458 forwarded=1
1783001065.644832 publish topic=ipi/detector-output-to-ipi-run-1/latency/av-1/ack bytes=233 forwarded=1
1783001065.874447 publish topic=ipi/detector-output-to-ipi-run-1/latency/av-1/request bytes=4458 forwarded=1
1783001065.875091 publish topic=ipi/detector-output-to-ipi-run-1/latency/av-1/ack bytes=233 forwarded=1
1783001066.124871 publish topic=ipi/detector-output-to-ipi-run-1/latency/av-1/request bytes=4458 forwarded=1
1783001066.125495 publish topic=ipi/detector-output-to-ipi-run-1/latency/av-1/ack bytes=233 forwarded=1
1783001066.375170 publish topic=ipi/detector-output-to-ipi-run-1/latency/av-1/request bytes=4458 forwarded=1
1783001066.375842 publish topic=ipi/detector-output-to-ipi-run-1/latency/av-1/ack bytes=233 forwarded=1
1783001066.615491 publish topic=ipi/detector-output-to-ipi-run-1/latency/av-1/request bytes=4458 forwarded=1
1783001066.616151 publish topic=ipi/detector-output-to-ipi-run-1/latency/av-1/ack bytes=233 forwarded=1
1783001066.865758 publish topic=ipi/detector-output-to-ipi-run-1/latency/av-1/request bytes=4458 forwarded=1
1783001066.866407 publish topic=ipi/detector-output-to-ipi-run-1/latency/av-1/ack bytes=233 forwarded=1
1783001067.106086 publish topic=ipi/detector-output-to-ipi-run-1/latency/av-1/request bytes=4458 forwarded=1
1783001067.106736 publish topic=ipi/detector-output-to-ipi-run-1/latency/av-1/ack bytes=233 forwarded=1
1783001067.346290 publish topic=ipi/detector-output-to-ipi-run-1/latency/av-1/request bytes=4458 forwarded=1
1783001067.346946 publish topic=ipi/detector-output-to-ipi-run-1/latency/av-1/ack bytes=233 forwarded=1
1783001067.596757 publish topic=ipi/detector-output-to-ipi-run-1/latency/av-1/request bytes=4458 forwarded=1
1783001067.597387 publish topic=ipi/detector-output-to-ipi-run-1/latency/av-1/ack bytes=233 forwarded=1
1783001067.857273 publish topic=ipi/detector-output-to-ipi-run-1/latency/av-1/request bytes=4458 forwarded=1
1783001067.857912 publish topic=ipi/detector-output-to-ipi-run-1/latency/av-1/ack bytes=233 forwarded=1
1783001068.107541 publish topic=ipi/detector-output-to-ipi-run-1/latency/av-1/request bytes=4458 forwarded=1
1783001068.108186 publish topic=ipi/detector-output-to-ipi-run-1/latency/av-1/ack bytes=233 forwarded=1
1783001068.348039 publish topic=ipi/detector-output-to-ipi-run-1/latency/av-1/request bytes=4458 forwarded=1
1783001068.348734 publish topic=ipi/detector-output-to-ipi-run-1/latency/av-1/ack bytes=233 forwarded=1
1783001068.588270 publish topic=ipi/detector-output-to-ipi-run-1/latency/av-1/request bytes=4458 forwarded=1
1783001068.588563 publish topic=ipi/detector-output-to-ipi-run-1/latency/av-1/ack bytes=233 forwarded=1
1783001068.829057 publish topic=ipi/detector-output-to-ipi-run-1/latency/av-1/request bytes=4458 forwarded=1
1783001068.829698 publish topic=ipi/detector-output-to-ipi-run-1/latency/av-1/ack bytes=233 forwarded=1
1783001069.079184 publish topic=ipi/detector-output-to-ipi-run-1/latency/av-1/request bytes=4458 forwarded=1
1783001069.079849 publish topic=ipi/detector-output-to-ipi-run-1/latency/av-1/ack bytes=233 forwarded=1
1783001069.319327 publish topic=ipi/detector-output-to-ipi-run-1/latency/av-1/request bytes=4458 forwarded=1
1783001069.319980 publish topic=ipi/detector-output-to-ipi-run-1/latency/av-1/ack bytes=233 forwarded=1
1783001069.559889 publish topic=ipi/detector-output-to-ipi-run-1/latency/av-1/request bytes=4458 forwarded=1
1783001069.560571 publish topic=ipi/detector-output-to-ipi-run-1/latency/av-1/ack bytes=233 forwarded=1
1783001069.800081 publish topic=ipi/detector-output-to-ipi-run-1/latency/av-1/request bytes=4458 forwarded=1
1783001069.800752 publish topic=ipi/detector-output-to-ipi-run-1/latency/av-1/ack bytes=233 forwarded=1
1783001070.040436 publish topic=ipi/detector-output-to-ipi-run-1/latency/av-1/request bytes=4458 forwarded=1
1783001070.041108 publish topic=ipi/detector-output-to-ipi-run-1/latency/av-1/ack bytes=233 forwarded=1
1783001070.280979 publish topic=ipi/detector-output-to-ipi-run-1/latency/av-1/request bytes=4458 forwarded=1
1783001070.281598 publish topic=ipi/detector-output-to-ipi-run-1/latency/av-1/ack bytes=233 forwarded=1
1783001070.531136 publish topic=ipi/detector-output-to-ipi-run-1/latency/av-1/request bytes=4458 forwarded=1
1783001070.531773 publish topic=ipi/detector-output-to-ipi-run-1/latency/av-1/ack bytes=233 forwarded=1
1783001070.771409 publish topic=ipi/detector-output-to-ipi-run-1/latency/av-1/request bytes=4458 forwarded=1
1783001070.772039 publish topic=ipi/detector-output-to-ipi-run-1/latency/av-1/ack bytes=233 forwarded=1
1783001071.011774 publish topic=ipi/detector-output-to-ipi-run-1/latency/av-1/request bytes=4458 forwarded=1
1783001071.012391 publish topic=ipi/detector-output-to-ipi-run-1/latency/av-1/ack bytes=233 forwarded=1
1783001071.261973 publish topic=ipi/detector-output-to-ipi-run-1/latency/av-1/request bytes=4458 forwarded=1
1783001071.262609 publish topic=ipi/detector-output-to-ipi-run-1/latency/av-1/ack bytes=233 forwarded=1
1783001071.502191 publish topic=ipi/detector-output-to-ipi-run-1/latency/av-1/request bytes=4458 forwarded=1
1783001071.502806 publish topic=ipi/detector-output-to-ipi-run-1/latency/av-1/ack bytes=233 forwarded=1
1783001071.742373 publish topic=ipi/detector-output-to-ipi-run-1/latency/av-1/request bytes=4458 forwarded=1
1783001071.743009 publish topic=ipi/detector-output-to-ipi-run-1/latency/av-1/ack bytes=233 forwarded=1
1783001071.982925 publish topic=ipi/detector-output-to-ipi-run-1/latency/av-1/request bytes=4458 forwarded=1
1783001071.983549 publish topic=ipi/detector-output-to-ipi-run-1/latency/av-1/ack bytes=233 forwarded=1
1783001072.223298 publish topic=ipi/detector-output-to-ipi-run-1/latency/av-1/request bytes=4458 forwarded=1
1783001072.223933 publish topic=ipi/detector-output-to-ipi-run-1/latency/av-1/ack bytes=233 forwarded=1
1783001072.463552 publish topic=ipi/detector-output-to-ipi-run-1/latency/av-1/request bytes=4458 forwarded=1
1783001072.464182 publish topic=ipi/detector-output-to-ipi-run-1/latency/av-1/ack bytes=233 forwarded=1
1783001072.713892 publish topic=ipi/detector-output-to-ipi-run-1/latency/av-1/request bytes=4458 forwarded=1
1783001072.714523 publish topic=ipi/detector-output-to-ipi-run-1/latency/av-1/ack bytes=233 forwarded=1
1783001072.964051 publish topic=ipi/detector-output-to-ipi-run-1/latency/av-1/request bytes=4458 forwarded=1
1783001072.964705 publish topic=ipi/detector-output-to-ipi-run-1/latency/av-1/ack bytes=233 forwarded=1
1783001073.224275 publish topic=ipi/detector-output-to-ipi-run-1/latency/av-1/request bytes=4458 forwarded=1
1783001073.224909 publish topic=ipi/detector-output-to-ipi-run-1/latency/av-1/ack bytes=233 forwarded=1
1783001073.464574 publish topic=ipi/detector-output-to-ipi-run-1/latency/av-1/request bytes=4458 forwarded=1
1783001073.465240 publish topic=ipi/detector-output-to-ipi-run-1/latency/av-1/ack bytes=233 forwarded=1
1783001073.695104 publish topic=ipi/detector-output-to-ipi-run-1/latency/av-1/request bytes=4458 forwarded=1
1783001073.695678 publish topic=ipi/detector-output-to-ipi-run-1/latency/av-1/ack bytes=233 forwarded=1
1783001073.925323 publish topic=ipi/detector-output-to-ipi-run-1/latency/av-1/request bytes=4458 forwarded=1
1783001073.925954 publish topic=ipi/detector-output-to-ipi-run-1/latency/av-1/ack bytes=233 forwarded=1
1783001074.175806 publish topic=ipi/detector-output-to-ipi-run-1/latency/av-1/request bytes=4458 forwarded=1
1783001074.176444 publish topic=ipi/detector-output-to-ipi-run-1/latency/av-1/ack bytes=233 forwarded=1
1783001074.426152 publish topic=ipi/detector-output-to-ipi-run-1/latency/av-1/request bytes=4458 forwarded=1
1783001074.426790 publish topic=ipi/detector-output-to-ipi-run-1/latency/av-1/ack bytes=233 forwarded=1
1783001074.676694 publish topic=ipi/detector-output-to-ipi-run-1/latency/av-1/request bytes=4458 forwarded=1
1783001074.677320 publish topic=ipi/detector-output-to-ipi-run-1/latency/av-1/ack bytes=233 forwarded=1
1783001074.937068 publish topic=ipi/detector-output-to-ipi-run-1/latency/av-1/request bytes=4458 forwarded=1
1783001074.937697 publish topic=ipi/detector-output-to-ipi-run-1/latency/av-1/ack bytes=233 forwarded=1
1783001075.197351 publish topic=ipi/detector-output-to-ipi-run-1/latency/av-1/request bytes=4458 forwarded=1
1783001075.197988 publish topic=ipi/detector-output-to-ipi-run-1/latency/av-1/ack bytes=233 forwarded=1
1783001075.437998 publish topic=ipi/detector-output-to-ipi-run-1/latency/av-1/request bytes=4458 forwarded=1
1783001075.438627 publish topic=ipi/detector-output-to-ipi-run-1/latency/av-1/ack bytes=233 forwarded=1
1783001075.688183 publish topic=ipi/detector-output-to-ipi-run-1/latency/av-1/request bytes=4458 forwarded=1
1783001075.688848 publish topic=ipi/detector-output-to-ipi-run-1/latency/av-1/ack bytes=233 forwarded=1
1783001075.938680 publish topic=ipi/detector-output-to-ipi-run-1/latency/av-1/request bytes=4458 forwarded=1
1783001075.939309 publish topic=ipi/detector-output-to-ipi-run-1/latency/av-1/ack bytes=233 forwarded=1
1783001076.178854 publish topic=ipi/detector-output-to-ipi-run-1/latency/av-1/request bytes=4458 forwarded=1
1783001076.179488 publish topic=ipi/detector-output-to-ipi-run-1/latency/av-1/ack bytes=233 forwarded=1
1783001076.419125 publish topic=ipi/detector-output-to-ipi-run-1/latency/av-1/request bytes=4458 forwarded=1
1783001076.419760 publish topic=ipi/detector-output-to-ipi-run-1/latency/av-1/ack bytes=233 forwarded=1
1783001076.659391 publish topic=ipi/detector-output-to-ipi-run-1/latency/av-1/request bytes=4458 forwarded=1
1783001076.660024 publish topic=ipi/detector-output-to-ipi-run-1/latency/av-1/ack bytes=233 forwarded=1
1783001076.899854 publish topic=ipi/detector-output-to-ipi-run-1/latency/av-1/request bytes=4458 forwarded=1
1783001076.900480 publish topic=ipi/detector-output-to-ipi-run-1/latency/av-1/ack bytes=233 forwarded=1
1783001077.139828 publish topic=ipi/detector-output-to-ipi-run-1/latency/av-1/request bytes=4458 forwarded=1
1783001077.140506 publish topic=ipi/detector-output-to-ipi-run-1/latency/av-1/ack bytes=233 forwarded=1
1783001077.370293 publish topic=ipi/detector-output-to-ipi-run-1/latency/av-1/request bytes=4458 forwarded=1
1783001077.370912 publish topic=ipi/detector-output-to-ipi-run-1/latency/av-1/ack bytes=233 forwarded=1
1783001077.620742 publish topic=ipi/detector-output-to-ipi-run-1/latency/av-1/request bytes=4458 forwarded=1
1783001077.621427 publish topic=ipi/detector-output-to-ipi-run-1/latency/av-1/ack bytes=233 forwarded=1
1783001077.860923 publish topic=ipi/detector-output-to-ipi-run-1/latency/av-1/request bytes=4458 forwarded=1
1783001077.861597 publish topic=ipi/detector-output-to-ipi-run-1/latency/av-1/ack bytes=233 forwarded=1
1783001078.101222 publish topic=ipi/detector-output-to-ipi-run-1/latency/av-1/request bytes=4458 forwarded=1
1783001078.101908 publish topic=ipi/detector-output-to-ipi-run-1/latency/av-1/ack bytes=233 forwarded=1
1783001078.341557 publish topic=ipi/detector-output-to-ipi-run-1/latency/av-1/request bytes=4458 forwarded=1
1783001078.342250 publish topic=ipi/detector-output-to-ipi-run-1/latency/av-1/ack bytes=233 forwarded=1
1783001078.582039 publish topic=ipi/detector-output-to-ipi-run-1/latency/av-1/request bytes=4458 forwarded=1
1783001078.582722 publish topic=ipi/detector-output-to-ipi-run-1/latency/av-1/ack bytes=233 forwarded=1
1783001078.832070 publish topic=ipi/detector-output-to-ipi-run-1/latency/av-1/request bytes=4458 forwarded=1
1783001078.832796 publish topic=ipi/detector-output-to-ipi-run-1/latency/av-1/ack bytes=233 forwarded=1
1783001079.082378 publish topic=ipi/detector-output-to-ipi-run-1/latency/av-1/request bytes=4458 forwarded=1
1783001079.083071 publish topic=ipi/detector-output-to-ipi-run-1/latency/av-1/ack bytes=233 forwarded=1
1783001079.322673 publish topic=ipi/detector-output-to-ipi-run-1/latency/av-1/request bytes=4458 forwarded=1
1783001079.323308 publish topic=ipi/detector-output-to-ipi-run-1/latency/av-1/ack bytes=233 forwarded=1
1783001079.563308 publish topic=ipi/detector-output-to-ipi-run-1/latency/av-1/request bytes=4458 forwarded=1
1783001079.563994 publish topic=ipi/detector-output-to-ipi-run-1/latency/av-1/ack bytes=233 forwarded=1
1783001079.803333 publish topic=ipi/detector-output-to-ipi-run-1/latency/av-1/request bytes=4458 forwarded=1
1783001079.804024 publish topic=ipi/detector-output-to-ipi-run-1/latency/av-1/ack bytes=233 forwarded=1
1783001080.043773 publish topic=ipi/detector-output-to-ipi-run-1/latency/av-1/request bytes=4458 forwarded=1
1783001080.044464 publish topic=ipi/detector-output-to-ipi-run-1/latency/av-1/ack bytes=233 forwarded=1
1783001080.273901 publish topic=ipi/detector-output-to-ipi-run-1/latency/av-1/request bytes=4458 forwarded=1
1783001080.274594 publish topic=ipi/detector-output-to-ipi-run-1/latency/av-1/ack bytes=233 forwarded=1
1783001080.524453 publish topic=ipi/detector-output-to-ipi-run-1/latency/av-1/request bytes=4458 forwarded=1
1783001080.525155 publish topic=ipi/detector-output-to-ipi-run-1/latency/av-1/ack bytes=233 forwarded=1
1783001080.764526 publish topic=ipi/detector-output-to-ipi-run-1/latency/av-1/request bytes=4458 forwarded=1
1783001080.765243 publish topic=ipi/detector-output-to-ipi-run-1/latency/av-1/ack bytes=233 forwarded=1
1783001081.035250 publish topic=ipi/detector-output-to-ipi-run-1/latency/av-1/request bytes=4458 forwarded=1
1783001081.035948 publish topic=ipi/detector-output-to-ipi-run-1/latency/av-1/ack bytes=233 forwarded=1
1783001081.275709 publish topic=ipi/detector-output-to-ipi-run-1/latency/av-1/request bytes=4458 forwarded=1
1783001081.276397 publish topic=ipi/detector-output-to-ipi-run-1/latency/av-1/ack bytes=233 forwarded=1
1783001081.515904 publish topic=ipi/detector-output-to-ipi-run-1/latency/av-1/request bytes=4458 forwarded=1
1783001081.516578 publish topic=ipi/detector-output-to-ipi-run-1/latency/av-1/ack bytes=233 forwarded=1
1783001081.776585 publish topic=ipi/detector-output-to-ipi-run-1/latency/av-1/request bytes=4458 forwarded=1
1783001081.777307 publish topic=ipi/detector-output-to-ipi-run-1/latency/av-1/ack bytes=233 forwarded=1
1783001082.016985 publish topic=ipi/detector-output-to-ipi-run-1/latency/av-1/request bytes=4458 forwarded=1
1783001082.017677 publish topic=ipi/detector-output-to-ipi-run-1/latency/av-1/ack bytes=233 forwarded=1
1783001082.267362 publish topic=ipi/detector-output-to-ipi-run-1/latency/av-1/request bytes=4458 forwarded=1
1783001082.267869 publish topic=ipi/detector-output-to-ipi-run-1/latency/av-1/ack bytes=233 forwarded=1
1783001082.517690 publish topic=ipi/detector-output-to-ipi-run-1/latency/av-1/request bytes=4458 forwarded=1
1783001082.518387 publish topic=ipi/detector-output-to-ipi-run-1/latency/av-1/ack bytes=233 forwarded=1
1783001082.767844 publish topic=ipi/detector-output-to-ipi-run-1/latency/av-1/request bytes=4458 forwarded=1
1783001082.768538 publish topic=ipi/detector-output-to-ipi-run-1/latency/av-1/ack bytes=233 forwarded=1
1783001083.008406 publish topic=ipi/detector-output-to-ipi-run-1/latency/av-1/request bytes=4458 forwarded=1
1783001083.009126 publish topic=ipi/detector-output-to-ipi-run-1/latency/av-1/ack bytes=233 forwarded=1
1783001083.268714 publish topic=ipi/detector-output-to-ipi-run-1/latency/av-1/request bytes=4458 forwarded=1
1783001083.269411 publish topic=ipi/detector-output-to-ipi-run-1/latency/av-1/ack bytes=233 forwarded=1
1783001083.498991 publish topic=ipi/detector-output-to-ipi-run-1/latency/av-1/request bytes=4458 forwarded=1
1783001083.499678 publish topic=ipi/detector-output-to-ipi-run-1/latency/av-1/ack bytes=233 forwarded=1
1783001083.749241 publish topic=ipi/detector-output-to-ipi-run-1/latency/av-1/request bytes=4458 forwarded=1
1783001083.749935 publish topic=ipi/detector-output-to-ipi-run-1/latency/av-1/ack bytes=233 forwarded=1
1783001083.989614 publish topic=ipi/detector-output-to-ipi-run-1/latency/av-1/request bytes=4458 forwarded=1
1783001083.990307 publish topic=ipi/detector-output-to-ipi-run-1/latency/av-1/ack bytes=233 forwarded=1
1783001084.229890 publish topic=ipi/detector-output-to-ipi-run-1/latency/av-1/request bytes=4458 forwarded=1
1783001084.230589 publish topic=ipi/detector-output-to-ipi-run-1/latency/av-1/ack bytes=233 forwarded=1
1783001084.480188 publish topic=ipi/detector-output-to-ipi-run-1/latency/av-1/request bytes=4458 forwarded=1
1783001084.480914 publish topic=ipi/detector-output-to-ipi-run-1/latency/av-1/ack bytes=233 forwarded=1
1783001084.720440 publish topic=ipi/detector-output-to-ipi-run-1/latency/av-1/request bytes=4458 forwarded=1
1783001084.721131 publish topic=ipi/detector-output-to-ipi-run-1/latency/av-1/ack bytes=233 forwarded=1
1783001084.970763 publish topic=ipi/detector-output-to-ipi-run-1/latency/av-1/request bytes=4458 forwarded=1
1783001084.971454 publish topic=ipi/detector-output-to-ipi-run-1/latency/av-1/ack bytes=233 forwarded=1
1783001085.211253 publish topic=ipi/detector-output-to-ipi-run-1/latency/av-1/request bytes=4458 forwarded=1
1783001085.211946 publish topic=ipi/detector-output-to-ipi-run-1/latency/av-1/ack bytes=233 forwarded=1
1783001085.441324 publish topic=ipi/detector-output-to-ipi-run-1/latency/av-1/request bytes=4458 forwarded=1
1783001085.442067 publish topic=ipi/detector-output-to-ipi-run-1/latency/av-1/ack bytes=233 forwarded=1
1783001085.671867 publish topic=ipi/detector-output-to-ipi-run-1/latency/av-1/request bytes=4458 forwarded=1
1783001085.672581 publish topic=ipi/detector-output-to-ipi-run-1/latency/av-1/ack bytes=233 forwarded=1
1783001085.911866 publish topic=ipi/detector-output-to-ipi-run-1/latency/av-1/request bytes=4458 forwarded=1
1783001085.912561 publish topic=ipi/detector-output-to-ipi-run-1/latency/av-1/ack bytes=233 forwarded=1
1783001086.162328 publish topic=ipi/detector-output-to-ipi-run-1/latency/av-1/request bytes=4458 forwarded=1
1783001086.163029 publish topic=ipi/detector-output-to-ipi-run-1/latency/av-1/ack bytes=233 forwarded=1
1783001086.412591 publish topic=ipi/detector-output-to-ipi-run-1/latency/av-1/request bytes=4458 forwarded=1
1783001086.413266 publish topic=ipi/detector-output-to-ipi-run-1/latency/av-1/ack bytes=233 forwarded=1
1783001086.663211 publish topic=ipi/detector-output-to-ipi-run-1/latency/av-1/request bytes=4458 forwarded=1
1783001086.663861 publish topic=ipi/detector-output-to-ipi-run-1/latency/av-1/ack bytes=233 forwarded=1
1783001086.903452 publish topic=ipi/detector-output-to-ipi-run-1/latency/av-1/request bytes=4458 forwarded=1
1783001086.904133 publish topic=ipi/detector-output-to-ipi-run-1/latency/av-1/ack bytes=233 forwarded=1
1783001087.143815 publish topic=ipi/detector-output-to-ipi-run-1/latency/av-1/request bytes=4458 forwarded=1
1783001087.144472 publish topic=ipi/detector-output-to-ipi-run-1/latency/av-1/ack bytes=233 forwarded=1
1783001087.394035 publish topic=ipi/detector-output-to-ipi-run-1/latency/av-1/request bytes=4458 forwarded=1
1783001087.394693 publish topic=ipi/detector-output-to-ipi-run-1/latency/av-1/ack bytes=233 forwarded=1
1783001087.634650 publish topic=ipi/detector-output-to-ipi-run-1/latency/av-1/request bytes=4458 forwarded=1
1783001087.635301 publish topic=ipi/detector-output-to-ipi-run-1/latency/av-1/ack bytes=233 forwarded=1
1783001087.874939 publish topic=ipi/detector-output-to-ipi-run-1/latency/av-1/request bytes=4458 forwarded=1
1783001087.875609 publish topic=ipi/detector-output-to-ipi-run-1/latency/av-1/ack bytes=233 forwarded=1
1783001088.115301 publish topic=ipi/detector-output-to-ipi-run-1/latency/av-1/request bytes=4458 forwarded=1
1783001088.115953 publish topic=ipi/detector-output-to-ipi-run-1/latency/av-1/ack bytes=233 forwarded=1
1783001088.365816 publish topic=ipi/detector-output-to-ipi-run-1/latency/av-1/request bytes=4458 forwarded=1
1783001088.366460 publish topic=ipi/detector-output-to-ipi-run-1/latency/av-1/ack bytes=233 forwarded=1
1783001088.605931 publish topic=ipi/detector-output-to-ipi-run-1/latency/av-1/request bytes=4458 forwarded=1
1783001088.606564 publish topic=ipi/detector-output-to-ipi-run-1/latency/av-1/ack bytes=233 forwarded=1
1783001088.846452 publish topic=ipi/detector-output-to-ipi-run-1/latency/av-1/request bytes=4458 forwarded=1
1783001088.847104 publish topic=ipi/detector-output-to-ipi-run-1/latency/av-1/ack bytes=233 forwarded=1
1783001089.096653 publish topic=ipi/detector-output-to-ipi-run-1/latency/av-1/request bytes=4458 forwarded=1
1783001089.097322 publish topic=ipi/detector-output-to-ipi-run-1/latency/av-1/ack bytes=233 forwarded=1
1783001089.337036 publish topic=ipi/detector-output-to-ipi-run-1/latency/av-1/request bytes=4458 forwarded=1
1783001089.337692 publish topic=ipi/detector-output-to-ipi-run-1/latency/av-1/ack bytes=233 forwarded=1
1783001089.587373 publish topic=ipi/detector-output-to-ipi-run-1/latency/av-1/request bytes=4458 forwarded=1
1783001089.588018 publish topic=ipi/detector-output-to-ipi-run-1/latency/av-1/ack bytes=233 forwarded=1
1783001089.827662 publish topic=ipi/detector-output-to-ipi-run-1/latency/av-1/request bytes=4458 forwarded=1
1783001089.828312 publish topic=ipi/detector-output-to-ipi-run-1/latency/av-1/ack bytes=233 forwarded=1
1783001090.077860 publish topic=ipi/detector-output-to-ipi-run-1/latency/av-1/request bytes=4458 forwarded=1
1783001090.078523 publish topic=ipi/detector-output-to-ipi-run-1/latency/av-1/ack bytes=233 forwarded=1
1783001090.328073 publish topic=ipi/detector-output-to-ipi-run-1/latency/av-1/request bytes=4458 forwarded=1
1783001090.328762 publish topic=ipi/detector-output-to-ipi-run-1/latency/av-1/ack bytes=233 forwarded=1
1783001090.578467 publish topic=ipi/detector-output-to-ipi-run-1/latency/av-1/request bytes=4458 forwarded=1
1783001090.579114 publish topic=ipi/detector-output-to-ipi-run-1/latency/av-1/ack bytes=233 forwarded=1
1783001090.818899 publish topic=ipi/detector-output-to-ipi-run-1/latency/av-1/request bytes=4458 forwarded=1
1783001090.819547 publish topic=ipi/detector-output-to-ipi-run-1/latency/av-1/ack bytes=233 forwarded=1
1783001091.069158 publish topic=ipi/detector-output-to-ipi-run-1/latency/av-1/request bytes=4458 forwarded=1
1783001091.069887 publish topic=ipi/detector-output-to-ipi-run-1/latency/av-1/ack bytes=233 forwarded=1
1783001091.319505 publish topic=ipi/detector-output-to-ipi-run-1/latency/av-1/request bytes=4458 forwarded=1
1783001091.320165 publish topic=ipi/detector-output-to-ipi-run-1/latency/av-1/ack bytes=233 forwarded=1
1783001091.559856 publish topic=ipi/detector-output-to-ipi-run-1/latency/av-1/request bytes=4458 forwarded=1
1783001091.560513 publish topic=ipi/detector-output-to-ipi-run-1/latency/av-1/ack bytes=233 forwarded=1
1783001091.799994 publish topic=ipi/detector-output-to-ipi-run-1/latency/av-1/request bytes=4458 forwarded=1
1783001091.800660 publish topic=ipi/detector-output-to-ipi-run-1/latency/av-1/ack bytes=233 forwarded=1
1783001092.050270 publish topic=ipi/detector-output-to-ipi-run-1/latency/av-1/request bytes=4458 forwarded=1
1783001092.050953 publish topic=ipi/detector-output-to-ipi-run-1/latency/av-1/ack bytes=233 forwarded=1
1783001092.300808 publish topic=ipi/detector-output-to-ipi-run-1/latency/av-1/request bytes=4458 forwarded=1
1783001092.301448 publish topic=ipi/detector-output-to-ipi-run-1/latency/av-1/ack bytes=233 forwarded=1
1783001092.541210 publish topic=ipi/detector-output-to-ipi-run-1/latency/av-1/request bytes=4458 forwarded=1
1783001092.541917 publish topic=ipi/detector-output-to-ipi-run-1/latency/av-1/ack bytes=233 forwarded=1
1783001092.781424 publish topic=ipi/detector-output-to-ipi-run-1/latency/av-1/request bytes=4458 forwarded=1
1783001092.782076 publish topic=ipi/detector-output-to-ipi-run-1/latency/av-1/ack bytes=233 forwarded=1
1783001093.031758 publish topic=ipi/detector-output-to-ipi-run-1/latency/av-1/request bytes=4458 forwarded=1
1783001093.032401 publish topic=ipi/detector-output-to-ipi-run-1/latency/av-1/ack bytes=233 forwarded=1
1783001093.282040 publish topic=ipi/detector-output-to-ipi-run-1/latency/av-1/request bytes=4458 forwarded=1
1783001093.282667 publish topic=ipi/detector-output-to-ipi-run-1/latency/av-1/ack bytes=233 forwarded=1
1783001093.532444 publish topic=ipi/detector-output-to-ipi-run-1/latency/av-1/request bytes=4458 forwarded=1
1783001093.533097 publish topic=ipi/detector-output-to-ipi-run-1/latency/av-1/ack bytes=233 forwarded=1
1783001093.782997 publish topic=ipi/detector-output-to-ipi-run-1/latency/av-1/request bytes=4458 forwarded=1
1783001093.783627 publish topic=ipi/detector-output-to-ipi-run-1/latency/av-1/ack bytes=233 forwarded=1
1783001094.023467 publish topic=ipi/detector-output-to-ipi-run-1/latency/av-1/request bytes=4458 forwarded=1
1783001094.024081 publish topic=ipi/detector-output-to-ipi-run-1/latency/av-1/ack bytes=233 forwarded=1
1783001094.283925 publish topic=ipi/detector-output-to-ipi-run-1/latency/av-1/request bytes=4458 forwarded=1
1783001094.284556 publish topic=ipi/detector-output-to-ipi-run-1/latency/av-1/ack bytes=233 forwarded=1
1783001094.523985 publish topic=ipi/detector-output-to-ipi-run-1/latency/av-1/request bytes=4458 forwarded=1
1783001094.524593 publish topic=ipi/detector-output-to-ipi-run-1/latency/av-1/ack bytes=233 forwarded=1
1783001094.784792 publish topic=ipi/detector-output-to-ipi-run-1/latency/av-1/request bytes=4458 forwarded=1
1783001094.785430 publish topic=ipi/detector-output-to-ipi-run-1/latency/av-1/ack bytes=233 forwarded=1
1783001095.024991 publish topic=ipi/detector-output-to-ipi-run-1/latency/av-1/request bytes=4458 forwarded=1
1783001095.025615 publish topic=ipi/detector-output-to-ipi-run-1/latency/av-1/ack bytes=233 forwarded=1
1783001095.265417 publish topic=ipi/detector-output-to-ipi-run-1/latency/av-1/request bytes=4458 forwarded=1
1783001095.266057 publish topic=ipi/detector-output-to-ipi-run-1/latency/av-1/ack bytes=233 forwarded=1
1783001095.515429 publish topic=ipi/detector-output-to-ipi-run-1/latency/av-1/request bytes=4458 forwarded=1
1783001095.516044 publish topic=ipi/detector-output-to-ipi-run-1/latency/av-1/ack bytes=233 forwarded=1
1783001095.765967 publish topic=ipi/detector-output-to-ipi-run-1/latency/av-1/request bytes=4458 forwarded=1
1783001095.766592 publish topic=ipi/detector-output-to-ipi-run-1/latency/av-1/ack bytes=233 forwarded=1
1783001096.016309 publish topic=ipi/detector-output-to-ipi-run-1/latency/av-1/request bytes=4458 forwarded=1
1783001096.016979 publish topic=ipi/detector-output-to-ipi-run-1/latency/av-1/ack bytes=233 forwarded=1
1783001096.266725 publish topic=ipi/detector-output-to-ipi-run-1/latency/av-1/request bytes=4458 forwarded=1
1783001096.267372 publish topic=ipi/detector-output-to-ipi-run-1/latency/av-1/ack bytes=233 forwarded=1
1783001096.507253 publish topic=ipi/detector-output-to-ipi-run-1/latency/av-1/request bytes=4458 forwarded=1
1783001096.507901 publish topic=ipi/detector-output-to-ipi-run-1/latency/av-1/ack bytes=233 forwarded=1
1783001096.747607 publish topic=ipi/detector-output-to-ipi-run-1/latency/av-1/request bytes=4458 forwarded=1
1783001096.748266 publish topic=ipi/detector-output-to-ipi-run-1/latency/av-1/ack bytes=233 forwarded=1
1783001096.987804 publish topic=ipi/detector-output-to-ipi-run-1/latency/av-1/request bytes=4458 forwarded=1
1783001096.988454 publish topic=ipi/detector-output-to-ipi-run-1/latency/av-1/ack bytes=233 forwarded=1
1783001097.248326 publish topic=ipi/detector-output-to-ipi-run-1/latency/av-1/request bytes=4458 forwarded=1
1783001097.249008 publish topic=ipi/detector-output-to-ipi-run-1/latency/av-1/ack bytes=233 forwarded=1
1783001097.498737 publish topic=ipi/detector-output-to-ipi-run-1/latency/av-1/request bytes=4458 forwarded=1
1783001097.499376 publish topic=ipi/detector-output-to-ipi-run-1/latency/av-1/ack bytes=233 forwarded=1
1783001097.739125 publish topic=ipi/detector-output-to-ipi-run-1/latency/av-1/request bytes=4458 forwarded=1
1783001097.739777 publish topic=ipi/detector-output-to-ipi-run-1/latency/av-1/ack bytes=233 forwarded=1
1783001097.979368 publish topic=ipi/detector-output-to-ipi-run-1/latency/av-1/request bytes=4458 forwarded=1
1783001097.980016 publish topic=ipi/detector-output-to-ipi-run-1/latency/av-1/ack bytes=233 forwarded=1
1783001098.219754 publish topic=ipi/detector-output-to-ipi-run-1/latency/av-1/request bytes=4458 forwarded=1
1783001098.220410 publish topic=ipi/detector-output-to-ipi-run-1/latency/av-1/ack bytes=233 forwarded=1
1783001098.460175 publish topic=ipi/detector-output-to-ipi-run-1/latency/av-1/request bytes=4458 forwarded=1
1783001098.460862 publish topic=ipi/detector-output-to-ipi-run-1/latency/av-1/ack bytes=233 forwarded=1
1783001098.700783 publish topic=ipi/detector-output-to-ipi-run-1/latency/av-1/request bytes=4458 forwarded=1
1783001098.701426 publish topic=ipi/detector-output-to-ipi-run-1/latency/av-1/ack bytes=233 forwarded=1
1783001098.941163 publish topic=ipi/detector-output-to-ipi-run-1/latency/av-1/request bytes=4458 forwarded=1
1783001098.941808 publish topic=ipi/detector-output-to-ipi-run-1/latency/av-1/ack bytes=233 forwarded=1
1783001099.181472 publish topic=ipi/detector-output-to-ipi-run-1/latency/av-1/request bytes=4458 forwarded=1
1783001099.182120 publish topic=ipi/detector-output-to-ipi-run-1/latency/av-1/ack bytes=233 forwarded=1
1783001099.421753 publish topic=ipi/detector-output-to-ipi-run-1/latency/av-1/request bytes=4458 forwarded=1
1783001099.422400 publish topic=ipi/detector-output-to-ipi-run-1/latency/av-1/ack bytes=233 forwarded=1
1783001099.671966 publish topic=ipi/detector-output-to-ipi-run-1/latency/av-1/request bytes=4458 forwarded=1
1783001099.672602 publish topic=ipi/detector-output-to-ipi-run-1/latency/av-1/ack bytes=233 forwarded=1
1783001099.912621 publish topic=ipi/detector-output-to-ipi-run-1/latency/av-1/request bytes=4458 forwarded=1
1783001099.913315 publish topic=ipi/detector-output-to-ipi-run-1/latency/av-1/ack bytes=233 forwarded=1
1783001100.162776 publish topic=ipi/detector-output-to-ipi-run-1/latency/av-1/request bytes=4458 forwarded=1
1783001100.163451 publish topic=ipi/detector-output-to-ipi-run-1/latency/av-1/ack bytes=233 forwarded=1
1783001100.443371 publish topic=ipi/detector-output-to-ipi-run-1/latency/av-1/request bytes=4458 forwarded=1
1783001100.444020 publish topic=ipi/detector-output-to-ipi-run-1/latency/av-1/ack bytes=233 forwarded=1
1783001100.703774 publish topic=ipi/detector-output-to-ipi-run-1/latency/av-1/request bytes=4458 forwarded=1
1783001100.704416 publish topic=ipi/detector-output-to-ipi-run-1/latency/av-1/ack bytes=233 forwarded=1
1783001100.943917 publish topic=ipi/detector-output-to-ipi-run-1/latency/av-1/request bytes=4458 forwarded=1
1783001100.944562 publish topic=ipi/detector-output-to-ipi-run-1/latency/av-1/ack bytes=233 forwarded=1
1783001101.184449 publish topic=ipi/detector-output-to-ipi-run-1/latency/av-1/request bytes=4458 forwarded=1
1783001101.185119 publish topic=ipi/detector-output-to-ipi-run-1/latency/av-1/ack bytes=233 forwarded=1
1783001101.414896 publish topic=ipi/detector-output-to-ipi-run-1/latency/av-1/request bytes=4458 forwarded=1
1783001101.415539 publish topic=ipi/detector-output-to-ipi-run-1/latency/av-1/ack bytes=233 forwarded=1
1783001101.665180 publish topic=ipi/detector-output-to-ipi-run-1/latency/av-1/request bytes=4458 forwarded=1
1783001101.665829 publish topic=ipi/detector-output-to-ipi-run-1/latency/av-1/ack bytes=233 forwarded=1
1783001101.905365 publish topic=ipi/detector-output-to-ipi-run-1/latency/av-1/request bytes=4458 forwarded=1
1783001101.906019 publish topic=ipi/detector-output-to-ipi-run-1/latency/av-1/ack bytes=233 forwarded=1
1783001102.145933 publish topic=ipi/detector-output-to-ipi-run-1/latency/av-1/request bytes=4458 forwarded=1
1783001102.146576 publish topic=ipi/detector-output-to-ipi-run-1/latency/av-1/ack bytes=233 forwarded=1
1783001102.386361 publish topic=ipi/detector-output-to-ipi-run-1/latency/av-1/request bytes=4458 forwarded=1
1783001102.387011 publish topic=ipi/detector-output-to-ipi-run-1/latency/av-1/ack bytes=233 forwarded=1
1783001102.636562 publish topic=ipi/detector-output-to-ipi-run-1/latency/av-1/request bytes=4458 forwarded=1
1783001102.637234 publish topic=ipi/detector-output-to-ipi-run-1/latency/av-1/ack bytes=233 forwarded=1
1783001102.876884 publish topic=ipi/detector-output-to-ipi-run-1/latency/av-1/request bytes=4458 forwarded=1
1783001102.877532 publish topic=ipi/detector-output-to-ipi-run-1/latency/av-1/ack bytes=233 forwarded=1
1783001103.127152 publish topic=ipi/detector-output-to-ipi-run-1/latency/av-1/request bytes=4458 forwarded=1
1783001103.127810 publish topic=ipi/detector-output-to-ipi-run-1/latency/av-1/ack bytes=233 forwarded=1
1783001103.367496 publish topic=ipi/detector-output-to-ipi-run-1/latency/av-1/request bytes=4458 forwarded=1
1783001103.368150 publish topic=ipi/detector-output-to-ipi-run-1/latency/av-1/ack bytes=233 forwarded=1
1783001103.607839 publish topic=ipi/detector-output-to-ipi-run-1/latency/av-1/request bytes=4458 forwarded=1
1783001103.608481 publish topic=ipi/detector-output-to-ipi-run-1/latency/av-1/ack bytes=233 forwarded=1
1783001103.847960 publish topic=ipi/detector-output-to-ipi-run-1/latency/av-1/request bytes=4458 forwarded=1
1783001103.848608 publish topic=ipi/detector-output-to-ipi-run-1/latency/av-1/ack bytes=233 forwarded=1
1783001104.098413 publish topic=ipi/detector-output-to-ipi-run-1/latency/av-1/request bytes=4458 forwarded=1
1783001104.099064 publish topic=ipi/detector-output-to-ipi-run-1/latency/av-1/ack bytes=233 forwarded=1
1783001104.348845 publish topic=ipi/detector-output-to-ipi-run-1/latency/av-1/request bytes=4458 forwarded=1
1783001104.349496 publish topic=ipi/detector-output-to-ipi-run-1/latency/av-1/ack bytes=233 forwarded=1
1783001104.579051 publish topic=ipi/detector-output-to-ipi-run-1/latency/av-1/request bytes=4458 forwarded=1
1783001104.579694 publish topic=ipi/detector-output-to-ipi-run-1/latency/av-1/ack bytes=233 forwarded=1
1783001104.819570 publish topic=ipi/detector-output-to-ipi-run-1/latency/av-1/request bytes=4458 forwarded=1
1783001104.820204 publish topic=ipi/detector-output-to-ipi-run-1/latency/av-1/ack bytes=233 forwarded=1
1783001105.059695 publish topic=ipi/detector-output-to-ipi-run-1/latency/av-1/request bytes=4458 forwarded=1
1783001105.060336 publish topic=ipi/detector-output-to-ipi-run-1/latency/av-1/ack bytes=233 forwarded=1
1783001105.300127 publish topic=ipi/detector-output-to-ipi-run-1/latency/av-1/request bytes=4458 forwarded=1
1783001105.300822 publish topic=ipi/detector-output-to-ipi-run-1/latency/av-1/ack bytes=233 forwarded=1
1783001105.540162 publish topic=ipi/detector-output-to-ipi-run-1/latency/av-1/request bytes=4458 forwarded=1
1783001105.540852 publish topic=ipi/detector-output-to-ipi-run-1/latency/av-1/ack bytes=233 forwarded=1
1783001105.790683 publish topic=ipi/detector-output-to-ipi-run-1/latency/av-1/request bytes=4458 forwarded=1
1783001105.791330 publish topic=ipi/detector-output-to-ipi-run-1/latency/av-1/ack bytes=233 forwarded=1
1783001106.041032 publish topic=ipi/detector-output-to-ipi-run-1/latency/av-1/request bytes=4458 forwarded=1
1783001106.041681 publish topic=ipi/detector-output-to-ipi-run-1/latency/av-1/ack bytes=233 forwarded=1
1783001106.281195 publish topic=ipi/detector-output-to-ipi-run-1/latency/av-1/request bytes=4458 forwarded=1
1783001106.281843 publish topic=ipi/detector-output-to-ipi-run-1/latency/av-1/ack bytes=233 forwarded=1
1783001106.521452 publish topic=ipi/detector-output-to-ipi-run-1/latency/av-1/request bytes=4458 forwarded=1
1783001106.522087 publish topic=ipi/detector-output-to-ipi-run-1/latency/av-1/ack bytes=233 forwarded=1
1783001106.762110 publish topic=ipi/detector-output-to-ipi-run-1/latency/av-1/request bytes=4458 forwarded=1
1783001106.762757 publish topic=ipi/detector-output-to-ipi-run-1/latency/av-1/ack bytes=233 forwarded=1
1783001107.002267 publish topic=ipi/detector-output-to-ipi-run-1/latency/av-1/request bytes=4458 forwarded=1
1783001107.002937 publish topic=ipi/detector-output-to-ipi-run-1/latency/av-1/ack bytes=233 forwarded=1
1783001107.242860 publish topic=ipi/detector-output-to-ipi-run-1/latency/av-1/request bytes=4458 forwarded=1
1783001107.243515 publish topic=ipi/detector-output-to-ipi-run-1/latency/av-1/ack bytes=233 forwarded=1
1783001107.493344 publish topic=ipi/detector-output-to-ipi-run-1/latency/av-1/request bytes=4458 forwarded=1
1783001107.494038 publish topic=ipi/detector-output-to-ipi-run-1/latency/av-1/ack bytes=233 forwarded=1
1783001107.743724 publish topic=ipi/detector-output-to-ipi-run-1/latency/av-1/request bytes=4458 forwarded=1
1783001107.744374 publish topic=ipi/detector-output-to-ipi-run-1/latency/av-1/ack bytes=233 forwarded=1
1783001107.984103 publish topic=ipi/detector-output-to-ipi-run-1/latency/av-1/request bytes=4458 forwarded=1
1783001107.984848 publish topic=ipi/detector-output-to-ipi-run-1/latency/av-1/ack bytes=233 forwarded=1
1783001108.224370 publish topic=ipi/detector-output-to-ipi-run-1/latency/av-1/request bytes=4458 forwarded=1
1783001108.225051 publish topic=ipi/detector-output-to-ipi-run-1/latency/av-1/ack bytes=233 forwarded=1
1783001108.464749 publish topic=ipi/detector-output-to-ipi-run-1/latency/av-1/request bytes=4458 forwarded=1
1783001108.465379 publish topic=ipi/detector-output-to-ipi-run-1/latency/av-1/ack bytes=233 forwarded=1
1783001108.715125 publish topic=ipi/detector-output-to-ipi-run-1/latency/av-1/request bytes=4458 forwarded=1
1783001108.715768 publish topic=ipi/detector-output-to-ipi-run-1/latency/av-1/ack bytes=233 forwarded=1
1783001108.965268 publish topic=ipi/detector-output-to-ipi-run-1/latency/av-1/request bytes=4458 forwarded=1
1783001108.965954 publish topic=ipi/detector-output-to-ipi-run-1/latency/av-1/ack bytes=233 forwarded=1
1783001109.215616 publish topic=ipi/detector-output-to-ipi-run-1/latency/av-1/request bytes=4458 forwarded=1
1783001109.216303 publish topic=ipi/detector-output-to-ipi-run-1/latency/av-1/ack bytes=233 forwarded=1
1783001109.465755 publish topic=ipi/detector-output-to-ipi-run-1/latency/av-1/request bytes=4458 forwarded=1
1783001109.466450 publish topic=ipi/detector-output-to-ipi-run-1/latency/av-1/ack bytes=233 forwarded=1
1783001109.716302 publish topic=ipi/detector-output-to-ipi-run-1/latency/av-1/request bytes=4458 forwarded=1
1783001109.717025 publish topic=ipi/detector-output-to-ipi-run-1/latency/av-1/ack bytes=233 forwarded=1
1783001109.956493 publish topic=ipi/detector-output-to-ipi-run-1/latency/av-1/request bytes=4458 forwarded=1
1783001109.957172 publish topic=ipi/detector-output-to-ipi-run-1/latency/av-1/ack bytes=233 forwarded=1
1783001110.206872 publish topic=ipi/detector-output-to-ipi-run-1/latency/av-1/request bytes=4458 forwarded=1
1783001110.207558 publish topic=ipi/detector-output-to-ipi-run-1/latency/av-1/ack bytes=233 forwarded=1
1783001110.467387 publish topic=ipi/detector-output-to-ipi-run-1/latency/av-1/request bytes=4458 forwarded=1
1783001110.468071 publish topic=ipi/detector-output-to-ipi-run-1/latency/av-1/ack bytes=233 forwarded=1
1783001110.707680 publish topic=ipi/detector-output-to-ipi-run-1/latency/av-1/request bytes=4458 forwarded=1
1783001110.708369 publish topic=ipi/detector-output-to-ipi-run-1/latency/av-1/ack bytes=233 forwarded=1
1783001110.947815 publish topic=ipi/detector-output-to-ipi-run-1/latency/av-1/request bytes=4458 forwarded=1
1783001110.948498 publish topic=ipi/detector-output-to-ipi-run-1/latency/av-1/ack bytes=233 forwarded=1
1783001111.188257 publish topic=ipi/detector-output-to-ipi-run-1/latency/av-1/request bytes=4458 forwarded=1
1783001111.188977 publish topic=ipi/detector-output-to-ipi-run-1/latency/av-1/ack bytes=233 forwarded=1
1783001111.438469 publish topic=ipi/detector-output-to-ipi-run-1/latency/av-1/request bytes=4458 forwarded=1
1783001111.439142 publish topic=ipi/detector-output-to-ipi-run-1/latency/av-1/ack bytes=233 forwarded=1
1783001111.668831 publish topic=ipi/detector-output-to-ipi-run-1/latency/av-1/request bytes=4458 forwarded=1
1783001111.669513 publish topic=ipi/detector-output-to-ipi-run-1/latency/av-1/ack bytes=233 forwarded=1
1783001111.909063 publish topic=ipi/detector-output-to-ipi-run-1/latency/av-1/request bytes=4458 forwarded=1
1783001111.909732 publish topic=ipi/detector-output-to-ipi-run-1/latency/av-1/ack bytes=233 forwarded=1
1783001112.159569 publish topic=ipi/detector-output-to-ipi-run-1/latency/av-1/request bytes=4458 forwarded=1
1783001112.160257 publish topic=ipi/detector-output-to-ipi-run-1/latency/av-1/ack bytes=233 forwarded=1
1783001112.399677 publish topic=ipi/detector-output-to-ipi-run-1/latency/av-1/request bytes=4458 forwarded=1
1783001112.400364 publish topic=ipi/detector-output-to-ipi-run-1/latency/av-1/ack bytes=233 forwarded=1
1783001112.640026 publish topic=ipi/detector-output-to-ipi-run-1/latency/av-1/request bytes=4458 forwarded=1
1783001112.640765 publish topic=ipi/detector-output-to-ipi-run-1/latency/av-1/ack bytes=233 forwarded=1
1783001112.900347 publish topic=ipi/detector-output-to-ipi-run-1/latency/av-1/request bytes=4458 forwarded=1
1783001112.901076 publish topic=ipi/detector-output-to-ipi-run-1/latency/av-1/ack bytes=233 forwarded=1
1783001113.140855 publish topic=ipi/detector-output-to-ipi-run-1/latency/av-1/request bytes=4458 forwarded=1
1783001113.141539 publish topic=ipi/detector-output-to-ipi-run-1/latency/av-1/ack bytes=233 forwarded=1
1783001113.391562 publish topic=ipi/detector-output-to-ipi-run-1/latency/av-1/request bytes=4458 forwarded=1
1783001113.392256 publish topic=ipi/detector-output-to-ipi-run-1/latency/av-1/ack bytes=233 forwarded=1
1783001113.641632 publish topic=ipi/detector-output-to-ipi-run-1/latency/av-1/request bytes=4458 forwarded=1
1783001113.642346 publish topic=ipi/detector-output-to-ipi-run-1/latency/av-1/ack bytes=233 forwarded=1
1783001113.882207 publish topic=ipi/detector-output-to-ipi-run-1/latency/av-1/request bytes=4458 forwarded=1
1783001113.882890 publish topic=ipi/detector-output-to-ipi-run-1/latency/av-1/ack bytes=233 forwarded=1
1783001114.132789 publish topic=ipi/detector-output-to-ipi-run-1/latency/av-1/request bytes=4458 forwarded=1
1783001114.133476 publish topic=ipi/detector-output-to-ipi-run-1/latency/av-1/ack bytes=233 forwarded=1
1783001114.373119 publish topic=ipi/detector-output-to-ipi-run-1/latency/av-1/request bytes=4458 forwarded=1
1783001114.373800 publish topic=ipi/detector-output-to-ipi-run-1/latency/av-1/ack bytes=233 forwarded=1
1783001114.613459 publish topic=ipi/detector-output-to-ipi-run-1/latency/av-1/request bytes=4458 forwarded=1
1783001114.614143 publish topic=ipi/detector-output-to-ipi-run-1/latency/av-1/ack bytes=233 forwarded=1
1783001114.863708 publish topic=ipi/detector-output-to-ipi-run-1/latency/av-1/request bytes=4458 forwarded=1
1783001114.864396 publish topic=ipi/detector-output-to-ipi-run-1/latency/av-1/ack bytes=233 forwarded=1
1783001115.093943 publish topic=ipi/detector-output-to-ipi-run-1/latency/av-1/request bytes=4458 forwarded=1
1783001115.094622 publish topic=ipi/detector-output-to-ipi-run-1/latency/av-1/ack bytes=233 forwarded=1
1783001115.334464 publish topic=ipi/detector-output-to-ipi-run-1/latency/av-1/request bytes=4458 forwarded=1
1783001115.335148 publish topic=ipi/detector-output-to-ipi-run-1/latency/av-1/ack bytes=233 forwarded=1
1783001115.574919 publish topic=ipi/detector-output-to-ipi-run-1/latency/av-1/request bytes=4458 forwarded=1
1783001115.575658 publish topic=ipi/detector-output-to-ipi-run-1/latency/av-1/ack bytes=233 forwarded=1
1783001115.805063 publish topic=ipi/detector-output-to-ipi-run-1/latency/av-1/request bytes=4458 forwarded=1
1783001115.805749 publish topic=ipi/detector-output-to-ipi-run-1/latency/av-1/ack bytes=233 forwarded=1
1783001116.035321 publish topic=ipi/detector-output-to-ipi-run-1/latency/av-1/request bytes=4458 forwarded=1
1783001116.035958 publish topic=ipi/detector-output-to-ipi-run-1/latency/av-1/ack bytes=233 forwarded=1
1783001116.275649 publish topic=ipi/detector-output-to-ipi-run-1/latency/av-1/request bytes=4458 forwarded=1
1783001116.276277 publish topic=ipi/detector-output-to-ipi-run-1/latency/av-1/ack bytes=233 forwarded=1
1783001116.515891 publish topic=ipi/detector-output-to-ipi-run-1/latency/av-1/request bytes=4458 forwarded=1
1783001116.516543 publish topic=ipi/detector-output-to-ipi-run-1/latency/av-1/ack bytes=233 forwarded=1
1783001116.766431 publish topic=ipi/detector-output-to-ipi-run-1/latency/av-1/request bytes=4458 forwarded=1
1783001116.767057 publish topic=ipi/detector-output-to-ipi-run-1/latency/av-1/ack bytes=233 forwarded=1
1783001117.016643 publish topic=ipi/detector-output-to-ipi-run-1/latency/av-1/request bytes=4458 forwarded=1
1783001117.017278 publish topic=ipi/detector-output-to-ipi-run-1/latency/av-1/ack bytes=233 forwarded=1
1783001117.257037 publish topic=ipi/detector-output-to-ipi-run-1/latency/av-1/request bytes=4458 forwarded=1
1783001117.257670 publish topic=ipi/detector-output-to-ipi-run-1/latency/av-1/ack bytes=233 forwarded=1
1783001117.497500 publish topic=ipi/detector-output-to-ipi-run-1/latency/av-1/request bytes=4458 forwarded=1
1783001117.498150 publish topic=ipi/detector-output-to-ipi-run-1/latency/av-1/ack bytes=233 forwarded=1
1783001117.737657 publish topic=ipi/detector-output-to-ipi-run-1/latency/av-1/request bytes=4458 forwarded=1
1783001117.738298 publish topic=ipi/detector-output-to-ipi-run-1/latency/av-1/ack bytes=233 forwarded=1
1783001117.977924 publish topic=ipi/detector-output-to-ipi-run-1/latency/av-1/request bytes=4458 forwarded=1
1783001117.978576 publish topic=ipi/detector-output-to-ipi-run-1/latency/av-1/ack bytes=233 forwarded=1
1783001118.228432 publish topic=ipi/detector-output-to-ipi-run-1/latency/av-1/request bytes=4458 forwarded=1
1783001118.229085 publish topic=ipi/detector-output-to-ipi-run-1/latency/av-1/ack bytes=233 forwarded=1
1783001118.468912 publish topic=ipi/detector-output-to-ipi-run-1/latency/av-1/request bytes=4458 forwarded=1
1783001118.469566 publish topic=ipi/detector-output-to-ipi-run-1/latency/av-1/ack bytes=233 forwarded=1
1783001118.699084 publish topic=ipi/detector-output-to-ipi-run-1/latency/av-1/request bytes=4458 forwarded=1
1783001118.699727 publish topic=ipi/detector-output-to-ipi-run-1/latency/av-1/ack bytes=233 forwarded=1
1783001118.939360 publish topic=ipi/detector-output-to-ipi-run-1/latency/av-1/request bytes=4458 forwarded=1
1783001118.940007 publish topic=ipi/detector-output-to-ipi-run-1/latency/av-1/ack bytes=233 forwarded=1
1783001119.189442 publish topic=ipi/detector-output-to-ipi-run-1/latency/av-1/request bytes=4458 forwarded=1
1783001119.190087 publish topic=ipi/detector-output-to-ipi-run-1/latency/av-1/ack bytes=233 forwarded=1
1783001119.440080 publish topic=ipi/detector-output-to-ipi-run-1/latency/av-1/request bytes=4458 forwarded=1
1783001119.440737 publish topic=ipi/detector-output-to-ipi-run-1/latency/av-1/ack bytes=233 forwarded=1
1783001119.680541 publish topic=ipi/detector-output-to-ipi-run-1/latency/av-1/request bytes=4458 forwarded=1
1783001119.681237 publish topic=ipi/detector-output-to-ipi-run-1/latency/av-1/ack bytes=233 forwarded=1
1783001119.930953 publish topic=ipi/detector-output-to-ipi-run-1/latency/av-1/request bytes=4458 forwarded=1
1783001119.931599 publish topic=ipi/detector-output-to-ipi-run-1/latency/av-1/ack bytes=233 forwarded=1
1783001120.201465 publish topic=ipi/detector-output-to-ipi-run-1/latency/av-1/request bytes=4458 forwarded=1
1783001120.202155 publish topic=ipi/detector-output-to-ipi-run-1/latency/av-1/ack bytes=233 forwarded=1
1783001120.492124 publish topic=ipi/detector-output-to-ipi-run-1/latency/av-1/request bytes=4458 forwarded=1
1783001120.492818 publish topic=ipi/detector-output-to-ipi-run-1/latency/av-1/ack bytes=233 forwarded=1
1783001120.772603 publish topic=ipi/detector-output-to-ipi-run-1/latency/av-1/request bytes=4458 forwarded=1
1783001120.773275 publish topic=ipi/detector-output-to-ipi-run-1/latency/av-1/ack bytes=233 forwarded=1
1783001121.013033 publish topic=ipi/detector-output-to-ipi-run-1/latency/av-1/request bytes=4458 forwarded=1
1783001121.013666 publish topic=ipi/detector-output-to-ipi-run-1/latency/av-1/ack bytes=233 forwarded=1
1783001121.263609 publish topic=ipi/detector-output-to-ipi-run-1/latency/av-1/request bytes=4458 forwarded=1
1783001121.264224 publish topic=ipi/detector-output-to-ipi-run-1/latency/av-1/ack bytes=233 forwarded=1
1783001121.513729 publish topic=ipi/detector-output-to-ipi-run-1/latency/av-1/request bytes=4458 forwarded=1
1783001121.514376 publish topic=ipi/detector-output-to-ipi-run-1/latency/av-1/ack bytes=233 forwarded=1
1783001121.754191 publish topic=ipi/detector-output-to-ipi-run-1/latency/av-1/request bytes=4458 forwarded=1
1783001121.754837 publish topic=ipi/detector-output-to-ipi-run-1/latency/av-1/ack bytes=233 forwarded=1
1783001121.994358 publish topic=ipi/detector-output-to-ipi-run-1/latency/av-1/request bytes=4458 forwarded=1
1783001121.995005 publish topic=ipi/detector-output-to-ipi-run-1/latency/av-1/ack bytes=233 forwarded=1
1783001122.244726 publish topic=ipi/detector-output-to-ipi-run-1/latency/av-1/request bytes=4458 forwarded=1
1783001122.245347 publish topic=ipi/detector-output-to-ipi-run-1/latency/av-1/ack bytes=233 forwarded=1
1783001122.484996 publish topic=ipi/detector-output-to-ipi-run-1/latency/av-1/request bytes=4458 forwarded=1
1783001122.485299 publish topic=ipi/detector-output-to-ipi-run-1/latency/av-1/ack bytes=233 forwarded=1
1783001122.725563 publish topic=ipi/detector-output-to-ipi-run-1/latency/av-1/request bytes=4458 forwarded=1
1783001122.726207 publish topic=ipi/detector-output-to-ipi-run-1/latency/av-1/ack bytes=233 forwarded=1
1783001122.975870 publish topic=ipi/detector-output-to-ipi-run-1/latency/av-1/request bytes=4458 forwarded=1
1783001122.976557 publish topic=ipi/detector-output-to-ipi-run-1/latency/av-1/ack bytes=233 forwarded=1
1783001123.216182 publish topic=ipi/detector-output-to-ipi-run-1/latency/av-1/request bytes=4458 forwarded=1
1783001123.216869 publish topic=ipi/detector-output-to-ipi-run-1/latency/av-1/ack bytes=233 forwarded=1
1783001123.466566 publish topic=ipi/detector-output-to-ipi-run-1/latency/av-1/request bytes=4458 forwarded=1
1783001123.467196 publish topic=ipi/detector-output-to-ipi-run-1/latency/av-1/ack bytes=233 forwarded=1
1783001123.716724 publish topic=ipi/detector-output-to-ipi-run-1/latency/av-1/request bytes=4458 forwarded=1
1783001123.717345 publish topic=ipi/detector-output-to-ipi-run-1/latency/av-1/ack bytes=233 forwarded=1
1783001123.957141 publish topic=ipi/detector-output-to-ipi-run-1/latency/av-1/request bytes=4458 forwarded=1
1783001123.957789 publish topic=ipi/detector-output-to-ipi-run-1/latency/av-1/ack bytes=233 forwarded=1
1783001124.207664 publish topic=ipi/detector-output-to-ipi-run-1/latency/av-1/request bytes=4458 forwarded=1
1783001124.208293 publish topic=ipi/detector-output-to-ipi-run-1/latency/av-1/ack bytes=233 forwarded=1
1783001124.457846 publish topic=ipi/detector-output-to-ipi-run-1/latency/av-1/request bytes=4458 forwarded=1
1783001124.458465 publish topic=ipi/detector-output-to-ipi-run-1/latency/av-1/ack bytes=233 forwarded=1
1783001124.718254 publish topic=ipi/detector-output-to-ipi-run-1/latency/av-1/request bytes=4458 forwarded=1
1783001124.718887 publish topic=ipi/detector-output-to-ipi-run-1/latency/av-1/ack bytes=233 forwarded=1
1783001124.968452 publish topic=ipi/detector-output-to-ipi-run-1/latency/av-1/request bytes=4458 forwarded=1
1783001124.969110 publish topic=ipi/detector-output-to-ipi-run-1/latency/av-1/ack bytes=233 forwarded=1
1783001125.219008 publish topic=ipi/detector-output-to-ipi-run-1/latency/av-1/request bytes=4458 forwarded=1
1783001125.219661 publish topic=ipi/detector-output-to-ipi-run-1/latency/av-1/ack bytes=233 forwarded=1
1783001125.479262 publish topic=ipi/detector-output-to-ipi-run-1/latency/av-1/request bytes=4458 forwarded=1
1783001125.479892 publish topic=ipi/detector-output-to-ipi-run-1/latency/av-1/ack bytes=233 forwarded=1
1783001125.769865 publish topic=ipi/detector-output-to-ipi-run-1/latency/av-1/request bytes=4458 forwarded=1
1783001125.770522 publish topic=ipi/detector-output-to-ipi-run-1/latency/av-1/ack bytes=233 forwarded=1
1783001126.020107 publish topic=ipi/detector-output-to-ipi-run-1/latency/av-1/request bytes=4458 forwarded=1
1783001126.020788 publish topic=ipi/detector-output-to-ipi-run-1/latency/av-1/ack bytes=233 forwarded=1
1783001126.270700 publish topic=ipi/detector-output-to-ipi-run-1/latency/av-1/request bytes=4458 forwarded=1
1783001126.271357 publish topic=ipi/detector-output-to-ipi-run-1/latency/av-1/ack bytes=233 forwarded=1
1783001126.531120 publish topic=ipi/detector-output-to-ipi-run-1/latency/av-1/request bytes=4458 forwarded=1
1783001126.531769 publish topic=ipi/detector-output-to-ipi-run-1/latency/av-1/ack bytes=233 forwarded=1
1783001126.771528 publish topic=ipi/detector-output-to-ipi-run-1/latency/av-1/request bytes=4458 forwarded=1
1783001126.772149 publish topic=ipi/detector-output-to-ipi-run-1/latency/av-1/ack bytes=233 forwarded=1
1783001127.021974 publish topic=ipi/detector-output-to-ipi-run-1/latency/av-1/request bytes=4458 forwarded=1
1783001127.022621 publish topic=ipi/detector-output-to-ipi-run-1/latency/av-1/ack bytes=233 forwarded=1
1783001127.282426 publish topic=ipi/detector-output-to-ipi-run-1/latency/av-1/request bytes=4458 forwarded=1
1783001127.283061 publish topic=ipi/detector-output-to-ipi-run-1/latency/av-1/ack bytes=233 forwarded=1
1783001127.532680 publish topic=ipi/detector-output-to-ipi-run-1/latency/av-1/request bytes=4458 forwarded=1
1783001127.533151 publish topic=ipi/detector-output-to-ipi-run-1/latency/av-1/ack bytes=233 forwarded=1
1783001127.773372 publish topic=ipi/detector-output-to-ipi-run-1/latency/av-1/request bytes=4458 forwarded=1
1783001127.774019 publish topic=ipi/detector-output-to-ipi-run-1/latency/av-1/ack bytes=233 forwarded=1
1783001128.013447 publish topic=ipi/detector-output-to-ipi-run-1/latency/av-1/request bytes=4458 forwarded=1
1783001128.014110 publish topic=ipi/detector-output-to-ipi-run-1/latency/av-1/ack bytes=233 forwarded=1
1783001128.253845 publish topic=ipi/detector-output-to-ipi-run-1/latency/av-1/request bytes=4458 forwarded=1
1783001128.254501 publish topic=ipi/detector-output-to-ipi-run-1/latency/av-1/ack bytes=233 forwarded=1
1783001128.494271 publish topic=ipi/detector-output-to-ipi-run-1/latency/av-1/request bytes=4458 forwarded=1
1783001128.494916 publish topic=ipi/detector-output-to-ipi-run-1/latency/av-1/ack bytes=233 forwarded=1
1783001128.744577 publish topic=ipi/detector-output-to-ipi-run-1/latency/av-1/request bytes=4458 forwarded=1
1783001128.745243 publish topic=ipi/detector-output-to-ipi-run-1/latency/av-1/ack bytes=233 forwarded=1
1783001128.994787 publish topic=ipi/detector-output-to-ipi-run-1/latency/av-1/request bytes=4458 forwarded=1
1783001128.995341 publish topic=ipi/detector-output-to-ipi-run-1/latency/av-1/ack bytes=233 forwarded=1
1783001129.244900 publish topic=ipi/detector-output-to-ipi-run-1/latency/av-1/request bytes=4458 forwarded=1
1783001129.245547 publish topic=ipi/detector-output-to-ipi-run-1/latency/av-1/ack bytes=233 forwarded=1
1783001129.485226 publish topic=ipi/detector-output-to-ipi-run-1/latency/av-1/request bytes=4458 forwarded=1
1783001129.485875 publish topic=ipi/detector-output-to-ipi-run-1/latency/av-1/ack bytes=233 forwarded=1
1783001129.725723 publish topic=ipi/detector-output-to-ipi-run-1/latency/av-1/request bytes=4458 forwarded=1
1783001129.726353 publish topic=ipi/detector-output-to-ipi-run-1/latency/av-1/ack bytes=233 forwarded=1
1783001129.976033 publish topic=ipi/detector-output-to-ipi-run-1/latency/av-1/request bytes=4458 forwarded=1
1783001129.976729 publish topic=ipi/detector-output-to-ipi-run-1/latency/av-1/ack bytes=233 forwarded=1
1783001130.226440 publish topic=ipi/detector-output-to-ipi-run-1/latency/av-1/request bytes=4458 forwarded=1
1783001130.227077 publish topic=ipi/detector-output-to-ipi-run-1/latency/av-1/ack bytes=233 forwarded=1
1783001130.476790 publish topic=ipi/detector-output-to-ipi-run-1/latency/av-1/request bytes=4458 forwarded=1
1783001130.477436 publish topic=ipi/detector-output-to-ipi-run-1/latency/av-1/ack bytes=233 forwarded=1
1783001130.727055 publish topic=ipi/detector-output-to-ipi-run-1/latency/av-1/request bytes=4458 forwarded=1
1783001130.727710 publish topic=ipi/detector-output-to-ipi-run-1/latency/av-1/ack bytes=233 forwarded=1
1783001130.987451 publish topic=ipi/detector-output-to-ipi-run-1/latency/av-1/request bytes=4458 forwarded=1
1783001130.988099 publish topic=ipi/detector-output-to-ipi-run-1/latency/av-1/ack bytes=233 forwarded=1
1783001131.227723 publish topic=ipi/detector-output-to-ipi-run-1/latency/av-1/request bytes=4458 forwarded=1
1783001131.228373 publish topic=ipi/detector-output-to-ipi-run-1/latency/av-1/ack bytes=233 forwarded=1
1783001131.477998 publish topic=ipi/detector-output-to-ipi-run-1/latency/av-1/request bytes=4458 forwarded=1
1783001131.478638 publish topic=ipi/detector-output-to-ipi-run-1/latency/av-1/ack bytes=233 forwarded=1
1783001131.718454 publish topic=ipi/detector-output-to-ipi-run-1/latency/av-1/request bytes=4458 forwarded=1
1783001131.719098 publish topic=ipi/detector-output-to-ipi-run-1/latency/av-1/ack bytes=233 forwarded=1
1783001131.958814 publish topic=ipi/detector-output-to-ipi-run-1/latency/av-1/request bytes=4458 forwarded=1
1783001131.959460 publish topic=ipi/detector-output-to-ipi-run-1/latency/av-1/ack bytes=233 forwarded=1
1783001132.199207 publish topic=ipi/detector-output-to-ipi-run-1/latency/av-1/request bytes=4458 forwarded=1
1783001132.199870 publish topic=ipi/detector-output-to-ipi-run-1/latency/av-1/ack bytes=233 forwarded=1
1783001132.449357 publish topic=ipi/detector-output-to-ipi-run-1/latency/av-1/request bytes=4458 forwarded=1
1783001132.449981 publish topic=ipi/detector-output-to-ipi-run-1/latency/av-1/ack bytes=233 forwarded=1
1783001132.689744 publish topic=ipi/detector-output-to-ipi-run-1/latency/av-1/request bytes=4458 forwarded=1
1783001132.690403 publish topic=ipi/detector-output-to-ipi-run-1/latency/av-1/ack bytes=233 forwarded=1
1783001132.940229 publish topic=ipi/detector-output-to-ipi-run-1/latency/av-1/request bytes=4458 forwarded=1
1783001132.940862 publish topic=ipi/detector-output-to-ipi-run-1/latency/av-1/ack bytes=233 forwarded=1
1783001133.190809 publish topic=ipi/detector-output-to-ipi-run-1/latency/av-1/request bytes=4458 forwarded=1
1783001133.191456 publish topic=ipi/detector-output-to-ipi-run-1/latency/av-1/ack bytes=233 forwarded=1
1783001133.441117 publish topic=ipi/detector-output-to-ipi-run-1/latency/av-1/request bytes=4458 forwarded=1
1783001133.441774 publish topic=ipi/detector-output-to-ipi-run-1/latency/av-1/ack bytes=233 forwarded=1
1783001133.691615 publish topic=ipi/detector-output-to-ipi-run-1/latency/av-1/request bytes=4458 forwarded=1
1783001133.692266 publish topic=ipi/detector-output-to-ipi-run-1/latency/av-1/ack bytes=233 forwarded=1
1783001133.952177 publish topic=ipi/detector-output-to-ipi-run-1/latency/av-1/request bytes=4458 forwarded=1
1783001133.952874 publish topic=ipi/detector-output-to-ipi-run-1/latency/av-1/ack bytes=233 forwarded=1
1783001134.212538 publish topic=ipi/detector-output-to-ipi-run-1/latency/av-1/request bytes=4458 forwarded=1
1783001134.213204 publish topic=ipi/detector-output-to-ipi-run-1/latency/av-1/ack bytes=233 forwarded=1
1783001134.472869 publish topic=ipi/detector-output-to-ipi-run-1/latency/av-1/request bytes=4458 forwarded=1
1783001134.473522 publish topic=ipi/detector-output-to-ipi-run-1/latency/av-1/ack bytes=233 forwarded=1
1783001134.713297 publish topic=ipi/detector-output-to-ipi-run-1/latency/av-1/request bytes=4458 forwarded=1
1783001134.713929 publish topic=ipi/detector-output-to-ipi-run-1/latency/av-1/ack bytes=233 forwarded=1
1783001134.983953 publish topic=ipi/detector-output-to-ipi-run-1/latency/av-1/request bytes=4458 forwarded=1
1783001134.984609 publish topic=ipi/detector-output-to-ipi-run-1/latency/av-1/ack bytes=233 forwarded=1
1783001135.224159 publish topic=ipi/detector-output-to-ipi-run-1/latency/av-1/request bytes=4458 forwarded=1
1783001135.224830 publish topic=ipi/detector-output-to-ipi-run-1/latency/av-1/ack bytes=233 forwarded=1
1783001135.474712 publish topic=ipi/detector-output-to-ipi-run-1/latency/av-1/request bytes=4458 forwarded=1
1783001135.475346 publish topic=ipi/detector-output-to-ipi-run-1/latency/av-1/ack bytes=233 forwarded=1
1783001135.725238 publish topic=ipi/detector-output-to-ipi-run-1/latency/av-1/request bytes=4458 forwarded=1
1783001135.725888 publish topic=ipi/detector-output-to-ipi-run-1/latency/av-1/ack bytes=233 forwarded=1
1783001135.965545 publish topic=ipi/detector-output-to-ipi-run-1/latency/av-1/request bytes=4458 forwarded=1
1783001135.966251 publish topic=ipi/detector-output-to-ipi-run-1/latency/av-1/ack bytes=233 forwarded=1
1783001136.205856 publish topic=ipi/detector-output-to-ipi-run-1/latency/av-1/request bytes=4458 forwarded=1
1783001136.206489 publish topic=ipi/detector-output-to-ipi-run-1/latency/av-1/ack bytes=233 forwarded=1
1783001136.446370 publish topic=ipi/detector-output-to-ipi-run-1/latency/av-1/request bytes=4458 forwarded=1
1783001136.447012 publish topic=ipi/detector-output-to-ipi-run-1/latency/av-1/ack bytes=233 forwarded=1
1783001136.686561 publish topic=ipi/detector-output-to-ipi-run-1/latency/av-1/request bytes=4458 forwarded=1
1783001136.687203 publish topic=ipi/detector-output-to-ipi-run-1/latency/av-1/ack bytes=233 forwarded=1
1783001136.926751 publish topic=ipi/detector-output-to-ipi-run-1/latency/av-1/request bytes=4460 forwarded=1
1783001136.927404 publish topic=ipi/detector-output-to-ipi-run-1/latency/av-1/ack bytes=234 forwarded=1
1783001136.956951 close ('10.120.121.36', 56220) disconnect
1783001137.615108 close ('127.0.0.1', 36530) closed
