threaded mqtt broker listening on 0.0.0.0:1883
1783000412.615817 accept ('10.120.121.36', 48038)
1783000412.617312 close ('10.120.121.36', 48038) closed
1783000413.300686 accept ('127.0.0.1', 38426)
1783000413.301957 subscribe ('127.0.0.1', 38426) ipi/detector-output-to-ipi-run-1/latency/av-1/request
1783000415.358969 accept ('10.120.121.36', 48044)
1783000415.399002 subscribe ('10.120.121.36', 48044) ipi/detector-output-to-ipi-run-1/latency/av-1/ack
1783000415.439105 publish topic=ipi/detector-output-to-ipi-run-1/latency/av-1/request bytes=341 forwarded=1
1783000415.439751 publish topic=ipi/detector-output-to-ipi-run-1/latency/av-1/ack bytes=181 forwarded=1
1783000415.669680 publish topic=ipi/detector-output-to-ipi-run-1/latency/av-1/request bytes=341 forwarded=1
1783000415.670322 publish topic=ipi/detector-output-to-ipi-run-1/latency/av-1/ack bytes=181 forwarded=1
1783000415.909824 publish topic=ipi/detector-output-to-ipi-run-1/latency/av-1/request bytes=341 forwarded=1
1783000415.910440 publish topic=ipi/detector-output-to-ipi-run-1/latency/av-1/ack bytes=181 forwarded=1
1783000416.150362 publish topic=ipi/detector-output-to-ipi-run-1/latency/av-1/request bytes=341 forwarded=1
1783000416.151018 publish topic=ipi/detector-output-to-ipi-run-1/latency/av-1/ack bytes=181 forwarded=1
1783000416.370686 publish topic=ipi/detector-output-to-ipi-run-1/latency/av-1/request bytes=341 forwarded=1
1783000416.371318 publish topic=ipi/detector-output-to-ipi-run-1/latency/av-1/ack bytes=181 forwarded=1
1783000416.600770 publish topic=ipi/detector-output-to-ipi-run-1/latency/av-1/request bytes=341 forwarded=1
1783000416.601416 publish topic=ipi/detector-output-to-ipi-run-1/latency/av-1/ack bytes=181 forwarded=1
1783000416.831067 publish topic=ipi/detector-output-to-ipi-run-1/latency/av-1/request bytes=341 forwarded=1
1783000416.831692 publish topic=ipi/detector-output-to-ipi-run-1/latency/av-1/ack bytes=181 forwarded=1
1783000417.071519 publish topic=ipi/detector-output-to-ipi-run-1/latency/av-1/request bytes=341 forwarded=1
1783000417.072145 publish topic=ipi/detector-output-to-ipi-run-1/latency/av-1/ack bytes=181 forwarded=1
1783000417.321798 publish topic=ipi/detector-output-to-ipi-run-1/latency/av-1/request bytes=341 forwarded=1
1783000417.322425 publish topic=ipi/detector-output-to-ipi-run-1/latency/av-1/ack bytes=181 forwarded=1
1783000417.552113 publish topic=ipi/detector-output-to-ipi-run-1/latency/av-1/request bytes=342 forwarded=1
1783000417.552766 publish topic=ipi/detector-output-to-ipi-run-1/latency/av-1/ack bytes=181 forwarded=1
1783000417.772388 publish topic=ipi/detector-output-to-ipi-run-1/latency/av-1/request bytes=342 forwarded=1
1783000417.773047 publish topic=ipi/detector-output-to-ipi-run-1/latency/av-1/ack bytes=181 forwarded=1
1783000417.992646 publish topic=ipi/detector-output-to-ipi-run-1/latency/av-1/request bytes=342 forwarded=1
1783000417.993313 publish topic=ipi/detector-output-to-ipi-run-1/latency/av-1/ack bytes=181 forwarded=1
1783000418.222924 publish topic=ipi/detector-output-to-ipi-run-1/latency/av-1/request bytes=342 forwarded=1
1783000418.223554 publish topic=ipi/detector-output-to-ipi-run-1/latency/av-1/ack bytes=181 forwarded=1
1783000418.453188 publish topic=ipi/detector-output-to-ipi-run-1/latency/av-1/request bytes=342 forwarded=1
1783000418.453853 publish topic=ipi/detector-output-to-ipi-run-1/latency/av-1/ack bytes=181 forwarded=1
1783000418.673536 publish topic=ipi/detector-output-to-ipi-run-1/latency/av-1/request bytes=342 forwarded=1
1783000418.674190 publish topic=ipi/detector-output-to-ipi-run-1/latency/av-1/ack bytes=181 forwarded=1
1783000418.893962 publish topic=ipi/detector-output-to-ipi-run-1/latency/av-1/request bytes=342 forwarded=1
1783000418.894595 publish topic=ipi/detector-output-to-ipi-run-1/latency/av-1/ack bytes=181 forwarded=1
1783000419.113890 publish topic=ipi/detector-output-to-ipi-run-1/latency/av-1/request bytes=342 forwarded=1
1783000419.114535 publish topic=ipi/detector-output-to-ipi-run-1/latency/av-1/ack bytes=181 forwarded=1
1783000419.334346 publish topic=ipi/detector-output-to-ipi-run-1/latency/av-1/request bytes=342 forwarded=1
1783000419.334987 publish topic=ipi/detector-output-to-ipi-run-1/latency/av-1/ack bytes=181 forwarded=1
1783000419.564482 publish topic=ipi/detector-output-to-ipi-run-1/latency/av-1/request bytes=342 forwarded=1
1783000419.565126 publish topic=ipi/detector-output-to-ipi-run-1/latency/av-1/ack bytes=181 forwarded=1
1783000419.784884 publish topic=ipi/detector-output-to-ipi-run-1/latency/av-1/request bytes=342 forwarded=1
1783000419.785519 publish topic=ipi/detector-output-to-ipi-run-1/latency/av-1/ack bytes=181 forwarded=1
1783000420.004960 publish topic=ipi/detector-output-to-ipi-run-1/latency/av-1/request bytes=342 forwarded=1
1783000420.005599 publish topic=ipi/detector-output-to-ipi-run-1/latency/av-1/ack bytes=181 forwarded=1
1783000420.235168 publish topic=ipi/detector-output-to-ipi-run-1/latency/av-1/request bytes=342 forwarded=1
1783000420.235794 publish topic=ipi/detector-output-to-ipi-run-1/latency/av-1/ack bytes=181 forwarded=1
1783000420.465712 publish topic=ipi/detector-output-to-ipi-run-1/latency/av-1/request bytes=342 forwarded=1
1783000420.466336 publish topic=ipi/detector-output-to-ipi-run-1/latency/av-1/ack bytes=181 forwarded=1
1783000420.685885 publish topic=ipi/detector-output-to-ipi-run-1/latency/av-1/request bytes=342 forwarded=1
1783000420.686517 publish topic=ipi/detector-output-to-ipi-run-1/latency/av-1/ack bytes=181 forwarded=1
1783000420.916029 publish topic=ipi/detector-output-to-ipi-run-1/latency/av-1/request bytes=342 forwarded=1
1783000420.916655 publish topic=ipi/detector-output-to-ipi-run-1/latency/av-1/ack bytes=181 forwarded=1
1783000421.146393 publish topic=ipi/detector-output-to-ipi-run-1/latency/av-1/request bytes=342 forwarded=1
1783000421.147017 publish topic=ipi/detector-output-to-ipi-run-1/latency/av-1/ack bytes=181 forwarded=1
1783000421.376554 publish topic=ipi/detector-output-to-ipi-run-1/latency/av-1/request bytes=342 forwarded=1
1783000421.377193 publish topic=ipi/detector-output-to-ipi-run-1/latency/av-1/ack bytes=181 forwarded=1
1783000421.626908 publish topic=ipi/detector-output-to-ipi-run-1/latency/av-1/request bytes=342 forwarded=1
1783000421.627544 publish topic=ipi/detector-output-to-ipi-run-1/latency/av-1/ack bytes=181 forwarded=1
1783000421.857176 publish topic=ipi/detector-output-to-ipi-run-1/latency/av-1/request bytes=342 forwarded=1
1783000421.857804 publish topic=ipi/detector-output-to-ipi-run-1/latency/av-1/ack bytes=181 forwarded=1
1783000422.097621 publish topic=ipi/detector-output-to-ipi-run-1/latency/av-1/request bytes=342 forwarded=1
1783000422.098256 publish topic=ipi/detector-output-to-ipi-run-1/latency/av-1/ack bytes=181 forwarded=1
1783000422.337933 publish topic=ipi/detector-output-to-ipi-run-1/latency/av-1/request bytes=342 forwarded=1
1783000422.338563 publish topic=ipi/detector-output-to-ipi-run-1/latency/av-1/ack bytes=181 forwarded=1
1783000422.578294 publish topic=ipi/detector-output-to-ipi-run-1/latency/av-1/request bytes=342 forwarded=1
1783000422.578912 publish topic=ipi/detector-output-to-ipi-run-1/latency/av-1/ack bytes=181 forwarded=1
1783000422.828707 publish topic=ipi/detector-output-to-ipi-run-1/latency/av-1/request bytes=342 forwarded=1
1783000422.829343 publish topic=ipi/detector-output-to-ipi-run-1/latency/av-1/ack bytes=181 forwarded=1
1783000423.058991 publish topic=ipi/detector-output-to-ipi-run-1/latency/av-1/request bytes=342 forwarded=1
1783000423.059667 publish topic=ipi/detector-output-to-ipi-run-1/latency/av-1/ack bytes=181 forwarded=1
1783000423.289463 publish topic=ipi/detector-output-to-ipi-run-1/latency/av-1/request bytes=342 forwarded=1
1783000423.290102 publish topic=ipi/detector-output-to-ipi-run-1/latency/av-1/ack bytes=181 forwarded=1
1783000423.529593 publish topic=ipi/detector-output-to-ipi-run-1/latency/av-1/request bytes=342 forwarded=1
1783000423.530213 publish topic=ipi/detector-output-to-ipi-run-1/latency/av-1/ack bytes=181 forwarded=1
1783000423.759987 publish topic=ipi/detector-output-to-ipi-run-1/latency/av-1/request bytes=342 forwarded=1
1783000423.760608 publish topic=ipi/detector-output-to-ipi-run-1/latency/av-1/ack bytes=181 forwarded=1
1783000423.990372 publish topic=ipi/detector-output-to-ipi-run-1/latency/av-1/request bytes=342 forwarded=1
1783000423.990996 publish topic=ipi/detector-output-to-ipi-run-1/latency/av-1/ack bytes=181 forwarded=1
1783000424.230609 publish topic=ipi/detector-output-to-ipi-run-1/latency/av-1/request bytes=342 forwarded=1
1783000424.231232 publish topic=ipi/detector-output-to-ipi-run-1/latency/av-1/ack bytes=181 forwarded=1
1783000424.471059 publish topic=ipi/detector-output-to-ipi-run-1/latency/av-1/request bytes=342 forwarded=1
1783000424.471682 publish topic=ipi/detector-output-to-ipi-run-1/latency/av-1/ack bytes=181 forwarded=1
1783000424.701211 publish topic=ipi/detector-output-to-ipi-run-1/latency/av-1/request bytes=342 forwarded=1
1783000424.701832 publish topic=ipi/detector-output-to-ipi-run-1/latency/av-1/ack bytes=181 forwarded=1
1783000424.921683 publish topic=ipi/detector-output-to-ipi-run-1/latency/av-1/request bytes=342 forwarded=1
1783000424.922322 publish topic=ipi/detector-output-to-ipi-run-1/latency/av-1/ack bytes=181 forwarded=1
1783000425.141907 publish topic=ipi/detector-output-to-ipi-run-1/latency/av-1/request bytes=342 forwarded=1
1783000425.142544 publish topic=ipi/detector-output-to-ipi-run-1/latency/av-1/ack bytes=181 forwarded=1
1783000425.361958 publish topic=ipi/detector-output-to-ipi-run-1/latency/av-1/request bytes=342 forwarded=1
1783000425.362602 publish topic=ipi/detector-output-to-ipi-run-1/latency/av-1/ack bytes=181 forwarded=1
1783000425.582452 publish topic=ipi/detector-output-to-ipi-run-1/latency/av-1/request bytes=342 forwarded=1
1783000425.583093 publish topic=ipi/detector-output-to-ipi-run-1/latency/av-1/ack bytes=181 forwarded=1
1783000425.802612 publish topic=ipi/detector-output-to-ipi-run-1/latency/av-1/request bytes=342 forwarded=1
1783000425.803247 publish topic=ipi/detector-output-to-ipi-run-1/latency/av-1/ack bytes=181 forwarded=1
1783000426.022699 publish topic=ipi/detector-output-to-ipi-run-1/latency/av-1/request bytes=342 forwarded=1
1783000426.023379 publish topic=ipi/detector-output-to-ipi-run-1/latency/av-1/ack bytes=181 forwarded=1
1783000426.242870 publish topic=ipi/detector-output-to-ipi-run-1/latency/av-1/request bytes=342 forwarded=1
1783000426.243511 publish topic=ipi/detector-output-to-ipi-run-1/latency/av-1/ack bytes=181 forwarded=1
1783000426.463003 publish topic=ipi/detector-output-to-ipi-run-1/latency/av-1/request bytes=342 forwarded=1
1783000426.463635 publish topic=ipi/detector-output-to-ipi-run-1/latency/av-1/ack bytes=181 forwarded=1
1783000426.683246 publish topic=ipi/detector-output-to-ipi-run-1/latency/av-1/request bytes=342 forwarded=1
1783000426.683882 publish topic=ipi/detector-output-to-ipi-run-1/latency/av-1/ack bytes=181 forwarded=1
1783000426.903630 publish topic=ipi/detector-output-to-ipi-run-1/latency/av-1/request bytes=342 forwarded=1
1783000426.904287 publish topic=ipi/detector-output-to-ipi-run-1/latency/av-1/ack bytes=181 forwarded=1
1783000427.123776 publish topic=ipi/detector-output-to-ipi-run-1/latency/av-1/request bytes=342 forwarded=1
1783000427.124419 publish topic=ipi/detector-output-to-ipi-run-1/latency/av-1/ack bytes=181 forwarded=1
1783000427.344199 publish topic=ipi/detector-output-to-ipi-run-1/latency/av-1/request bytes=342 forwarded=1
1783000427.344836 publish topic=ipi/detector-output-to-ipi-run-1/latency/av-1/ack bytes=181 forwarded=1
1783000427.564312 publish topic=ipi/detector-output-to-ipi-run-1/latency/av-1/request bytes=342 forwarded=1
1783000427.564970 publish topic=ipi/detector-output-to-ipi-run-1/latency/av-1/ack bytes=181 forwarded=1
1783000427.794403 publish topic=ipi/detector-output-to-ipi-run-1/latency/av-1/request bytes=342 forwarded=1
1783000427.795046 publish topic=ipi/detector-output-to-ipi-run-1/latency/av-1/ack bytes=181 forwarded=1
1783000428.024833 publish topic=ipi/detector-output-to-ipi-run-1/latency/av-1/request bytes=342 forwarded=1
1783000428.025459 publish topic=ipi/detector-output-to-ipi-run-1/latency/av-1/ack bytes=181 forwarded=1
1783000428.255101 publish topic=ipi/detector-output-to-ipi-run-1/latency/av-1/request bytes=342 forwarded=1
1783000428.255709 publish topic=ipi/detector-output-to-ipi-run-1/latency/av-1/ack bytes=181 forwarded=1
1783000428.485505 publish topic=ipi/detector-output-to-ipi-run-1/latency/av-1/request bytes=342 forwarded=1
1783000428.486131 publish topic=ipi/detector-output-to-ipi-run-1/latency/av-1/ack bytes=181 forwarded=1
1783000428.725857 publish topic=ipi/detector-output-to-ipi-run-1/latency/av-1/request bytes=342 forwarded=1
1783000428.726499 publish topic=ipi/detector-output-to-ipi-run-1/latency/av-1/ack bytes=181 forwarded=1
1783000428.956072 publish topic=ipi/detector-output-to-ipi-run-1/latency/av-1/request bytes=342 forwarded=1
1783000428.956757 publish topic=ipi/detector-output-to-ipi-run-1/latency/av-1/ack bytes=181 forwarded=1
1783000429.186797 publish topic=ipi/detector-output-to-ipi-run-1/latency/av-1/request bytes=342 forwarded=1
1783000429.187441 publish topic=ipi/detector-output-to-ipi-run-1/latency/av-1/ack bytes=181 forwarded=1
1783000429.427008 publish topic=ipi/detector-output-to-ipi-run-1/latency/av-1/request bytes=342 forwarded=1
1783000429.427674 publish topic=ipi/detector-output-to-ipi-run-1/latency/av-1/ack bytes=181 forwarded=1
1783000429.647394 publish topic=ipi/detector-output-to-ipi-run-1/latency/av-1/request bytes=342 forwarded=1
1783000429.648084 publish topic=ipi/detector-output-to-ipi-run-1/latency/av-1/ack bytes=181 forwarded=1
1783000429.867274 publish topic=ipi/detector-output-to-ipi-run-1/latency/av-1/request bytes=342 forwarded=1
1783000429.867914 publish topic=ipi/detector-output-to-ipi-run-1/latency/av-1/ack bytes=181 forwarded=1
1783000430.097960 publish topic=ipi/detector-output-to-ipi-run-1/latency/av-1/request bytes=342 forwarded=1
1783000430.098593 publish topic=ipi/detector-output-to-ipi-run-1/latency/av-1/ack bytes=181 forwarded=1
1783000430.328056 publish topic=ipi/detector-output-to-ipi-run-1/latency/av-1/request bytes=342 forwarded=1
1783000430.328731 publish topic=ipi/detector-output-to-ipi-run-1/latency/av-1/ack bytes=181 forwarded=1
1783000430.548278 publish topic=ipi/detector-output-to-ipi-run-1/latency/av-1/request bytes=342 forwarded=1
1783000430.548925 publish topic=ipi/detector-output-to-ipi-run-1/latency/av-1/ack bytes=181 forwarded=1
1783000430.778636 publish topic=ipi/detector-output-to-ipi-run-1/latency/av-1/request bytes=342 forwarded=1
1783000430.779263 publish topic=ipi/detector-output-to-ipi-run-1/latency/av-1/ack bytes=181 forwarded=1
1783000431.008620 publish topic=ipi/detector-output-to-ipi-run-1/latency/av-1/request bytes=342 forwarded=1
1783000431.009279 publish topic=ipi/detector-output-to-ipi-run-1/latency/av-1/ack bytes=181 forwarded=1
1783000431.239061 publish topic=ipi/detector-output-to-ipi-run-1/latency/av-1/request bytes=342 forwarded=1
1783000431.239711 publish topic=ipi/detector-output-to-ipi-run-1/latency/av-1/ack bytes=181 forwarded=1
1783000431.469176 publish topic=ipi/detector-output-to-ipi-run-1/latency/av-1/request bytes=342 forwarded=1
1783000431.469798 publish topic=ipi/detector-output-to-ipi-run-1/latency/av-1/ack bytes=181 forwarded=1
1783000431.699549 publish topic=ipi/detector-output-to-ipi-run-1/latency/av-1/request bytes=342 forwarded=1
1783000431.700186 publish topic=ipi/detector-output-to-ipi-run-1/latency/av-1/ack bytes=181 forwarded=1
1783000431.929861 publish topic=ipi/detector-output-to-ipi-run-1/latency/av-1/request bytes=342 forwarded=1
1783000431.930493 publish topic=ipi/detector-output-to-ipi-run-1/latency/av-1/ack bytes=181 forwarded=1
1783000432.150199 publish topic=ipi/detector-output-to-ipi-run-1/latency/av-1/request bytes=342 forwarded=1
1783000432.150827 publish topic=ipi/detector-output-to-ipi-run-1/latency/av-1/ack bytes=181 forwarded=1
1783000432.390388 publish topic=ipi/detector-output-to-ipi-run-1/latency/av-1/request bytes=342 forwarded=1
1783000432.391045 publish topic=ipi/detector-output-to-ipi-run-1/latency/av-1/ack bytes=181 forwarded=1
1783000432.620739 publish topic=ipi/detector-output-to-ipi-run-1/latency/av-1/request bytes=342 forwarded=1
1783000432.621372 publish topic=ipi/detector-output-to-ipi-run-1/latency/av-1/ack bytes=181 forwarded=1
1783000432.850790 publish topic=ipi/detector-output-to-ipi-run-1/latency/av-1/request bytes=342 forwarded=1
1783000432.851424 publish topic=ipi/detector-output-to-ipi-run-1/latency/av-1/ack bytes=181 forwarded=1
1783000433.081008 publish topic=ipi/detector-output-to-ipi-run-1/latency/av-1/request bytes=342 forwarded=1
1783000433.081645 publish topic=ipi/detector-output-to-ipi-run-1/latency/av-1/ack bytes=181 forwarded=1
1783000433.301210 publish topic=ipi/detector-output-to-ipi-run-1/latency/av-1/request bytes=342 forwarded=1
1783000433.301857 publish topic=ipi/detector-output-to-ipi-run-1/latency/av-1/ack bytes=181 forwarded=1
1783000433.521479 publish topic=ipi/detector-output-to-ipi-run-1/latency/av-1/request bytes=342 forwarded=1
1783000433.522111 publish topic=ipi/detector-output-to-ipi-run-1/latency/av-1/ack bytes=181 forwarded=1
1783000433.751972 publish topic=ipi/detector-output-to-ipi-run-1/latency/av-1/request bytes=342 forwarded=1
1783000433.752616 publish topic=ipi/detector-output-to-ipi-run-1/latency/av-1/ack bytes=181 forwarded=1
1783000433.972258 publish topic=ipi/detector-output-to-ipi-run-1/latency/av-1/request bytes=342 forwarded=1
1783000433.972914 publish topic=ipi/detector-output-to-ipi-run-1/latency/av-1/ack bytes=181 forwarded=1
1783000434.192275 publish topic=ipi/detector-output-to-ipi-run-1/latency/av-1/request bytes=342 forwarded=1
1783000434.192913 publish topic=ipi/detector-output-to-ipi-run-1/latency/av-1/ack bytes=181 forwarded=1
1783000434.422640 publish topic=ipi/detector-output-to-ipi-run-1/latency/av-1/request bytes=342 forwarded=1
1783000434.423275 publish topic=ipi/detector-output-to-ipi-run-1/latency/av-1/ack bytes=181 forwarded=1
1783000434.652932 publish topic=ipi/detector-output-to-ipi-run-1/latency/av-1/request bytes=342 forwarded=1
1783000434.653566 publish topic=ipi/detector-output-to-ipi-run-1/latency/av-1/ack bytes=181 forwarded=1
1783000434.883261 publish topic=ipi/detector-output-to-ipi-run-1/latency/av-1/request bytes=342 forwarded=1
1783000434.883881 publish topic=ipi/detector-output-to-ipi-run-1/latency/av-1/ack bytes=181 forwarded=1
1783000435.123519 publish topic=ipi/detector-output-to-ipi-run-1/latency/av-1/request bytes=342 forwarded=1
1783000435.124139 publish topic=ipi/detector-output-to-ipi-run-1/latency/av-1/ack bytes=181 forwarded=1
1783000435.363983 publish topic=ipi/detector-output-to-ipi-run-1/latency/av-1/request bytes=342 forwarded=1
1783000435.364616 publish topic=ipi/detector-output-to-ipi-run-1/latency/av-1/ack bytes=181 forwarded=1
1783000435.614270 publish topic=ipi/detector-output-to-ipi-run-1/latency/av-1/request bytes=342 forwarded=1
1783000435.614907 publish topic=ipi/detector-output-to-ipi-run-1/latency/av-1/ack bytes=181 forwarded=1
1783000435.844554 publish topic=ipi/detector-output-to-ipi-run-1/latency/av-1/request bytes=342 forwarded=1
1783000435.845177 publish topic=ipi/detector-output-to-ipi-run-1/latency/av-1/ack bytes=181 forwarded=1
1783000436.074929 publish topic=ipi/detector-output-to-ipi-run-1/latency/av-1/request bytes=342 forwarded=1
1783000436.075549 publish topic=ipi/detector-output-to-ipi-run-1/latency/av-1/ack bytes=181 forwarded=1
1783000436.305169 publish topic=ipi/detector-output-to-ipi-run-1/latency/av-1/request bytes=342 forwarded=1
1783000436.305863 publish topic=ipi/detector-output-to-ipi-run-1/latency/av-1/ack bytes=181 forwarded=1
1783000436.525521 publish topic=ipi/detector-output-to-ipi-run-1/latency/av-1/request bytes=342 forwarded=1
1783000436.526141 publish topic=ipi/detector-output-to-ipi-run-1/latency/av-1/ack bytes=181 forwarded=1
1783000436.745591 publish topic=ipi/detector-output-to-ipi-run-1/latency/av-1/request bytes=342 forwarded=1
1783000436.746213 publish topic=ipi/detector-output-to-ipi-run-1/latency/av-1/ack bytes=181 forwarded=1
1783000436.965919 publish topic=ipi/detector-output-to-ipi-run-1/latency/av-1/request bytes=342 forwarded=1
1783000436.966538 publish topic=ipi/detector-output-to-ipi-run-1/latency/av-1/ack bytes=181 forwarded=1
1783000437.186197 publish topic=ipi/detector-output-to-ipi-run-1/latency/av-1/request bytes=342 forwarded=1
1783000437.186839 publish topic=ipi/detector-output-to-ipi-run-1/latency/av-1/ack bytes=181 forwarded=1
1783000437.416277 publish topic=ipi/detector-output-to-ipi-run-1/latency/av-1/request bytes=342 forwarded=1
1783000437.416923 publish topic=ipi/detector-output-to-ipi-run-1/latency/av-1/ack bytes=181 forwarded=1
1783000437.636765 publish topic=ipi/detector-output-to-ipi-run-1/latency/av-1/request bytes=342 forwarded=1
1783000437.637390 publish topic=ipi/detector-output-to-ipi-run-1/latency/av-1/ack bytes=181 forwarded=1
1783000437.867175 publish topic=ipi/detector-output-to-ipi-run-1/latency/av-1/request bytes=342 forwarded=1
1783000437.867817 publish topic=ipi/detector-output-to-ipi-run-1/latency/av-1/ack bytes=181 forwarded=1
1783000438.097168 publish topic=ipi/detector-output-to-ipi-run-1/latency/av-1/request bytes=343 forwarded=1
1783000438.097804 publish topic=ipi/detector-output-to-ipi-run-1/latency/av-1/ack bytes=181 forwarded=1
1783000438.317611 publish topic=ipi/detector-output-to-ipi-run-1/latency/av-1/request bytes=343 forwarded=1
1783000438.318255 publish topic=ipi/detector-output-to-ipi-run-1/latency/av-1/ack bytes=181 forwarded=1
1783000438.537654 publish topic=ipi/detector-output-to-ipi-run-1/latency/av-1/request bytes=343 forwarded=1
1783000438.538290 publish topic=ipi/detector-output-to-ipi-run-1/latency/av-1/ack bytes=181 forwarded=1
1783000438.757965 publish topic=ipi/detector-output-to-ipi-run-1/latency/av-1/request bytes=343 forwarded=1
1783000438.758664 publish topic=ipi/detector-output-to-ipi-run-1/latency/av-1/ack bytes=181 forwarded=1
1783000438.978389 publish topic=ipi/detector-output-to-ipi-run-1/latency/av-1/request bytes=343 forwarded=1
1783000438.979025 publish topic=ipi/detector-output-to-ipi-run-1/latency/av-1/ack bytes=181 forwarded=1
1783000439.208335 publish topic=ipi/detector-output-to-ipi-run-1/latency/av-1/request bytes=343 forwarded=1
1783000439.209033 publish topic=ipi/detector-output-to-ipi-run-1/latency/av-1/ack bytes=181 forwarded=1
1783000439.428801 publish topic=ipi/detector-output-to-ipi-run-1/latency/av-1/request bytes=343 forwarded=1
1783000439.429481 publish topic=ipi/detector-output-to-ipi-run-1/latency/av-1/ack bytes=181 forwarded=1
1783000439.648993 publish topic=ipi/detector-output-to-ipi-run-1/latency/av-1/request bytes=343 forwarded=1
1783000439.649673 publish topic=ipi/detector-output-to-ipi-run-1/latency/av-1/ack bytes=181 forwarded=1
1783000439.869521 publish topic=ipi/detector-output-to-ipi-run-1/latency/av-1/request bytes=343 forwarded=1
1783000439.870199 publish topic=ipi/detector-output-to-ipi-run-1/latency/av-1/ack bytes=181 forwarded=1
1783000440.099637 publish topic=ipi/detector-output-to-ipi-run-1/latency/av-1/request bytes=343 forwarded=1
1783000440.100306 publish topic=ipi/detector-output-to-ipi-run-1/latency/av-1/ack bytes=181 forwarded=1
1783000440.329955 publish topic=ipi/detector-output-to-ipi-run-1/latency/av-1/request bytes=343 forwarded=1
1783000440.330618 publish topic=ipi/detector-output-to-ipi-run-1/latency/av-1/ack bytes=181 forwarded=1
1783000440.560217 publish topic=ipi/detector-output-to-ipi-run-1/latency/av-1/request bytes=343 forwarded=1
1783000440.560906 publish topic=ipi/detector-output-to-ipi-run-1/latency/av-1/ack bytes=181 forwarded=1
1783000440.790604 publish topic=ipi/detector-output-to-ipi-run-1/latency/av-1/request bytes=343 forwarded=1
1783000440.791278 publish topic=ipi/detector-output-to-ipi-run-1/latency/av-1/ack bytes=181 forwarded=1
1783000441.010933 publish topic=ipi/detector-output-to-ipi-run-1/latency/av-1/request bytes=343 forwarded=1
1783000441.011599 publish topic=ipi/detector-output-to-ipi-run-1/latency/av-1/ack bytes=181 forwarded=1
1783000441.251292 publish topic=ipi/detector-output-to-ipi-run-1/latency/av-1/request bytes=343 forwarded=1
1783000441.251968 publish topic=ipi/detector-output-to-ipi-run-1/latency/av-1/ack bytes=181 forwarded=1
1783000441.501690 publish topic=ipi/detector-output-to-ipi-run-1/latency/av-1/request bytes=343 forwarded=1
1783000441.502374 publish topic=ipi/detector-output-to-ipi-run-1/latency/av-1/ack bytes=181 forwarded=1
1783000441.741795 publish topic=ipi/detector-output-to-ipi-run-1/latency/av-1/request bytes=343 forwarded=1
1783000441.742488 publish topic=ipi/detector-output-to-ipi-run-1/latency/av-1/ack bytes=181 forwarded=1
1783000441.992039 publish topic=ipi/detector-output-to-ipi-run-1/latency/av-1/request bytes=343 forwarded=1
1783000441.992706 publish topic=ipi/detector-output-to-ipi-run-1/latency/av-1/ack bytes=181 forwarded=1
1783000442.232415 publish topic=ipi/detector-output-to-ipi-run-1/latency/av-1/request bytes=343 forwarded=1
1783000442.233065 publish topic=ipi/detector-output-to-ipi-run-1/latency/av-1/ack bytes=181 forwarded=1
1783000442.462637 publish topic=ipi/detector-output-to-ipi-run-1/latency/av-1/request bytes=343 forwarded=1
1783000442.463267 publish topic=ipi/detector-output-to-ipi-run-1/latency/av-1/ack bytes=181 forwarded=1
1783000442.682831 publish topic=ipi/detector-output-to-ipi-run-1/latency/av-1/request bytes=343 forwarded=1
1783000442.683493 publish topic=ipi/detector-output-to-ipi-run-1/latency/av-1/ack bytes=181 forwarded=1
1783000442.903047 publish topic=ipi/detector-output-to-ipi-run-1/latency/av-1/request bytes=343 forwarded=1
1783000442.903684 publish topic=ipi/detector-output-to-ipi-run-1/latency/av-1/ack bytes=181 forwarded=1
1783000443.123168 publish topic=ipi/detector-output-to-ipi-run-1/latency/av-1/request bytes=343 forwarded=1
1783000443.123793 publish topic=ipi/detector-output-to-ipi-run-1/latency/av-1/ack bytes=181 forwarded=1
1783000443.343488 publish topic=ipi/detector-output-to-ipi-run-1/latency/av-1/request bytes=343 forwarded=1
1783000443.344114 publish topic=ipi/detector-output-to-ipi-run-1/latency/av-1/ack bytes=181 forwarded=1
1783000443.573609 publish topic=ipi/detector-output-to-ipi-run-1/latency/av-1/request bytes=343 forwarded=1
1783000443.574250 publish topic=ipi/detector-output-to-ipi-run-1/latency/av-1/ack bytes=181 forwarded=1
1783000443.793849 publish topic=ipi/detector-output-to-ipi-run-1/latency/av-1/request bytes=343 forwarded=1
1783000443.794452 publish topic=ipi/detector-output-to-ipi-run-1/latency/av-1/ack bytes=181 forwarded=1
1783000444.014061 publish topic=ipi/detector-output-to-ipi-run-1/latency/av-1/request bytes=343 forwarded=1
1783000444.014715 publish topic=ipi/detector-output-to-ipi-run-1/latency/av-1/ack bytes=181 forwarded=1
1783000444.244210 publish topic=ipi/detector-output-to-ipi-run-1/latency/av-1/request bytes=343 forwarded=1
1783000444.244859 publish topic=ipi/detector-output-to-ipi-run-1/latency/av-1/ack bytes=181 forwarded=1
1783000444.474246 publish topic=ipi/detector-output-to-ipi-run-1/latency/av-1/request bytes=343 forwarded=1
1783000444.474873 publish topic=ipi/detector-output-to-ipi-run-1/latency/av-1/ack bytes=181 forwarded=1
1783000444.694480 publish topic=ipi/detector-output-to-ipi-run-1/latency/av-1/request bytes=343 forwarded=1
1783000444.695117 publish topic=ipi/detector-output-to-ipi-run-1/latency/av-1/ack bytes=181 forwarded=1
1783000444.914680 publish topic=ipi/detector-output-to-ipi-run-1/latency/av-1/request bytes=343 forwarded=1
1783000444.915317 publish topic=ipi/detector-output-to-ipi-run-1/latency/av-1/ack bytes=181 forwarded=1
1783000445.134821 publish topic=ipi/detector-output-to-ipi-run-1/latency/av-1/request bytes=343 forwarded=1
1783000445.135472 publish topic=ipi/detector-output-to-ipi-run-1/latency/av-1/ack bytes=181 forwarded=1
1783000445.364864 publish topic=ipi/detector-output-to-ipi-run-1/latency/av-1/request bytes=343 forwarded=1
1783000445.365507 publish topic=ipi/detector-output-to-ipi-run-1/latency/av-1/ack bytes=181 forwarded=1
1783000445.585007 publish topic=ipi/detector-output-to-ipi-run-1/latency/av-1/request bytes=343 forwarded=1
1783000445.585631 publish topic=ipi/detector-output-to-ipi-run-1/latency/av-1/ack bytes=181 forwarded=1
1783000445.815221 publish topic=ipi/detector-output-to-ipi-run-1/latency/av-1/request bytes=343 forwarded=1
1783000445.815858 publish topic=ipi/detector-output-to-ipi-run-1/latency/av-1/ack bytes=181 forwarded=1
1783000446.045358 publish topic=ipi/detector-output-to-ipi-run-1/latency/av-1/request bytes=343 forwarded=1
1783000446.045984 publish topic=ipi/detector-output-to-ipi-run-1/latency/av-1/ack bytes=181 forwarded=1
1783000446.265726 publish topic=ipi/detector-output-to-ipi-run-1/latency/av-1/request bytes=343 forwarded=1
1783000446.266350 publish topic=ipi/detector-output-to-ipi-run-1/latency/av-1/ack bytes=181 forwarded=1
1783000446.486104 publish topic=ipi/detector-output-to-ipi-run-1/latency/av-1/request bytes=343 forwarded=1
1783000446.486719 publish topic=ipi/detector-output-to-ipi-run-1/latency/av-1/ack bytes=181 forwarded=1
1783000446.706112 publish topic=ipi/detector-output-to-ipi-run-1/latency/av-1/request bytes=343 forwarded=1
1783000446.706727 publish topic=ipi/detector-output-to-ipi-run-1/latency/av-1/ack bytes=181 forwarded=1
1783000446.926312 publish topic=ipi/detector-output-to-ipi-run-1/latency/av-1/request bytes=343 forwarded=1
1783000446.926945 publish topic=ipi/detector-output-to-ipi-run-1/latency/av-1/ack bytes=181 forwarded=1
1783000447.146768 publish topic=ipi/detector-output-to-ipi-run-1/latency/av-1/request bytes=343 forwarded=1
1783000447.147444 publish topic=ipi/detector-output-to-ipi-run-1/latency/av-1/ack bytes=181 forwarded=1
1783000447.367025 publish topic=ipi/detector-output-to-ipi-run-1/latency/av-1/request bytes=343 forwarded=1
1783000447.367683 publish topic=ipi/detector-output-to-ipi-run-1/latency/av-1/ack bytes=181 forwarded=1
1783000447.597270 publish topic=ipi/detector-output-to-ipi-run-1/latency/av-1/request bytes=343 forwarded=1
1783000447.597934 publish topic=ipi/detector-output-to-ipi-run-1/latency/av-1/ack bytes=181 forwarded=1
1783000447.827702 publish topic=ipi/detector-output-to-ipi-run-1/latency/av-1/request bytes=343 forwarded=1
1783000447.828330 publish topic=ipi/detector-output-to-ipi-run-1/latency/av-1/ack bytes=181 forwarded=1
1783000448.067948 publish topic=ipi/detector-output-to-ipi-run-1/latency/av-1/request bytes=343 forwarded=1
1783000448.068588 publish topic=ipi/detector-output-to-ipi-run-1/latency/av-1/ack bytes=181 forwarded=1
1783000448.308433 publish topic=ipi/detector-output-to-ipi-run-1/latency/av-1/request bytes=343 forwarded=1
1783000448.309074 publish topic=ipi/detector-output-to-ipi-run-1/latency/av-1/ack bytes=181 forwarded=1
1783000448.548708 publish topic=ipi/detector-output-to-ipi-run-1/latency/av-1/request bytes=343 forwarded=1
1783000448.549324 publish topic=ipi/detector-output-to-ipi-run-1/latency/av-1/ack bytes=181 forwarded=1
1783000448.769159 publish topic=ipi/detector-output-to-ipi-run-1/latency/av-1/request bytes=343 forwarded=1
1783000448.769792 publish topic=ipi/detector-output-to-ipi-run-1/latency/av-1/ack bytes=181 forwarded=1
1783000448.999421 publish topic=ipi/detector-output-to-ipi-run-1/latency/av-1/request bytes=343 forwarded=1
1783000449.000076 publish topic=ipi/detector-output-to-ipi-run-1/latency/av-1/ack bytes=181 forwarded=1
1783000449.229891 publish topic=ipi/detector-output-to-ipi-run-1/latency/av-1/request bytes=343 forwarded=1
1783000449.230529 publish topic=ipi/detector-output-to-ipi-run-1/latency/av-1/ack bytes=181 forwarded=1
1783000449.460092 publish topic=ipi/detector-output-to-ipi-run-1/latency/av-1/request bytes=343 forwarded=1
1783000449.460743 publish topic=ipi/detector-output-to-ipi-run-1/latency/av-1/ack bytes=181 forwarded=1
1783000449.680379 publish topic=ipi/detector-output-to-ipi-run-1/latency/av-1/request bytes=343 forwarded=1
1783000449.681029 publish topic=ipi/detector-output-to-ipi-run-1/latency/av-1/ack bytes=181 forwarded=1
1783000449.910551 publish topic=ipi/detector-output-to-ipi-run-1/latency/av-1/request bytes=343 forwarded=1
1783000449.910883 publish topic=ipi/detector-output-to-ipi-run-1/latency/av-1/ack bytes=181 forwarded=1
1783000450.140926 publish topic=ipi/detector-output-to-ipi-run-1/latency/av-1/request bytes=343 forwarded=1
1783000450.141619 publish topic=ipi/detector-output-to-ipi-run-1/latency/av-1/ack bytes=181 forwarded=1
1783000450.361060 publish topic=ipi/detector-output-to-ipi-run-1/latency/av-1/request bytes=343 forwarded=1
1783000450.361691 publish topic=ipi/detector-output-to-ipi-run-1/latency/av-1/ack bytes=181 forwarded=1
1783000450.591639 publish topic=ipi/detector-output-to-ipi-run-1/latency/av-1/request bytes=343 forwarded=1
1783000450.592273 publish topic=ipi/detector-output-to-ipi-run-1/latency/av-1/ack bytes=181 forwarded=1
1783000450.821690 publish topic=ipi/detector-output-to-ipi-run-1/latency/av-1/request bytes=343 forwarded=1
1783000450.822325 publish topic=ipi/detector-output-to-ipi-run-1/latency/av-1/ack bytes=181 forwarded=1
1783000451.041975 publish topic=ipi/detector-output-to-ipi-run-1/latency/av-1/request bytes=343 forwarded=1
1783000451.042614 publish topic=ipi/detector-output-to-ipi-run-1/latency/av-1/ack bytes=181 forwarded=1
1783000451.262383 publish topic=ipi/detector-output-to-ipi-run-1/latency/av-1/request bytes=343 forwarded=1
1783000451.263020 publish topic=ipi/detector-output-to-ipi-run-1/latency/av-1/ack bytes=181 forwarded=1
1783000451.482437 publish topic=ipi/detector-output-to-ipi-run-1/latency/av-1/request bytes=343 forwarded=1
1783000451.483057 publish topic=ipi/detector-output-to-ipi-run-1/latency/av-1/ack bytes=181 forwarded=1
1783000451.702515 publish topic=ipi/detector-output-to-ipi-run-1/latency/av-1/request bytes=343 forwarded=1
1783000451.703145 publish topic=ipi/detector-output-to-ipi-run-1/latency/av-1/ack bytes=181 forwarded=1
1783000451.943036 publish topic=ipi/detector-output-to-ipi-run-1/latency/av-1/request bytes=343 forwarded=1
1783000451.943681 publish topic=ipi/detector-output-to-ipi-run-1/latency/av-1/ack bytes=181 forwarded=1
1783000452.163374 publish topic=ipi/detector-output-to-ipi-run-1/latency/av-1/request bytes=343 forwarded=1
1783000452.164063 publish topic=ipi/detector-output-to-ipi-run-1/latency/av-1/ack bytes=181 forwarded=1
1783000452.383798 publish topic=ipi/detector-output-to-ipi-run-1/latency/av-1/request bytes=343 forwarded=1
1783000452.384431 publish topic=ipi/detector-output-to-ipi-run-1/latency/av-1/ack bytes=181 forwarded=1
1783000452.603854 publish topic=ipi/detector-output-to-ipi-run-1/latency/av-1/request bytes=343 forwarded=1
1783000452.604487 publish topic=ipi/detector-output-to-ipi-run-1/latency/av-1/ack bytes=181 forwarded=1
1783000452.874094 publish topic=ipi/detector-output-to-ipi-run-1/latency/av-1/request bytes=343 forwarded=1
1783000452.874721 publish topic=ipi/detector-output-to-ipi-run-1/latency/av-1/ack bytes=181 forwarded=1
1783000453.104570 publish topic=ipi/detector-output-to-ipi-run-1/latency/av-1/request bytes=343 forwarded=1
1783000453.105210 publish topic=ipi/detector-output-to-ipi-run-1/latency/av-1/ack bytes=181 forwarded=1
1783000453.344955 publish topic=ipi/detector-output-to-ipi-run-1/latency/av-1/request bytes=343 forwarded=1
1783000453.345587 publish topic=ipi/detector-output-to-ipi-run-1/latency/av-1/ack bytes=181 forwarded=1
1783000453.575266 publish topic=ipi/detector-output-to-ipi-run-1/latency/av-1/request bytes=343 forwarded=1
1783000453.575864 publish topic=ipi/detector-output-to-ipi-run-1/latency/av-1/ack bytes=181 forwarded=1
1783000453.835756 publish topic=ipi/detector-output-to-ipi-run-1/latency/av-1/request bytes=343 forwarded=1
1783000453.836386 publish topic=ipi/detector-output-to-ipi-run-1/latency/av-1/ack bytes=181 forwarded=1
1783000454.096115 publish topic=ipi/detector-output-to-ipi-run-1/latency/av-1/request bytes=343 forwarded=1
1783000454.096763 publish topic=ipi/detector-output-to-ipi-run-1/latency/av-1/ack bytes=181 forwarded=1
1783000454.336507 publish topic=ipi/detector-output-to-ipi-run-1/latency/av-1/request bytes=343 forwarded=1
1783000454.337164 publish topic=ipi/detector-output-to-ipi-run-1/latency/av-1/ack bytes=181 forwarded=1
1783000454.576952 publish topic=ipi/detector-output-to-ipi-run-1/latency/av-1/request bytes=343 forwarded=1
1783000454.577583 publish topic=ipi/detector-output-to-ipi-run-1/latency/av-1/ack bytes=181 forwarded=1
1783000454.797131 publish topic=ipi/detector-output-to-ipi-run-1/latency/av-1/request bytes=343 forwarded=1
1783000454.797761 publish topic=ipi/detector-output-to-ipi-run-1/latency/av-1/ack bytes=181 forwarded=1
1783000455.047887 publish topic=ipi/detector-output-to-ipi-run-1/latency/av-1/request bytes=343 forwarded=1
1783000455.048515 publish topic=ipi/detector-output-to-ipi-run-1/latency/av-1/ack bytes=181 forwarded=1
1783000455.278161 publish topic=ipi/detector-output-to-ipi-run-1/latency/av-1/request bytes=343 forwarded=1
1783000455.278804 publish topic=ipi/detector-output-to-ipi-run-1/latency/av-1/ack bytes=181 forwarded=1
1783000455.538420 publish topic=ipi/detector-output-to-ipi-run-1/latency/av-1/request bytes=343 forwarded=1
1783000455.539039 publish topic=ipi/detector-output-to-ipi-run-1/latency/av-1/ack bytes=181 forwarded=1
1783000455.768701 publish topic=ipi/detector-output-to-ipi-run-1/latency/av-1/request bytes=343 forwarded=1
1783000455.769343 publish topic=ipi/detector-output-to-ipi-run-1/latency/av-1/ack bytes=181 forwarded=1
1783000455.999213 publish topic=ipi/detector-output-to-ipi-run-1/latency/av-1/request bytes=343 forwarded=1
1783000455.999835 publish topic=ipi/detector-output-to-ipi-run-1/latency/av-1/ack bytes=181 forwarded=1
1783000456.229719 publish topic=ipi/detector-output-to-ipi-run-1/latency/av-1/request bytes=343 forwarded=1
1783000456.230353 publish topic=ipi/detector-output-to-ipi-run-1/latency/av-1/ack bytes=181 forwarded=1
1783000456.460059 publish topic=ipi/detector-output-to-ipi-run-1/latency/av-1/request bytes=343 forwarded=1
1783000456.460729 publish topic=ipi/detector-output-to-ipi-run-1/latency/av-1/ack bytes=181 forwarded=1
1783000456.690438 publish topic=ipi/detector-output-to-ipi-run-1/latency/av-1/request bytes=343 forwarded=1
1783000456.691070 publish topic=ipi/detector-output-to-ipi-run-1/latency/av-1/ack bytes=181 forwarded=1
1783000456.920886 publish topic=ipi/detector-output-to-ipi-run-1/latency/av-1/request bytes=343 forwarded=1
1783000456.921513 publish topic=ipi/detector-output-to-ipi-run-1/latency/av-1/ack bytes=181 forwarded=1
1783000457.151011 publish topic=ipi/detector-output-to-ipi-run-1/latency/av-1/request bytes=343 forwarded=1
1783000457.151691 publish topic=ipi/detector-output-to-ipi-run-1/latency/av-1/ack bytes=181 forwarded=1
1783000457.381320 publish topic=ipi/detector-output-to-ipi-run-1/latency/av-1/request bytes=343 forwarded=1
1783000457.381945 publish topic=ipi/detector-output-to-ipi-run-1/latency/av-1/ack bytes=181 forwarded=1
1783000457.611331 publish topic=ipi/detector-output-to-ipi-run-1/latency/av-1/request bytes=343 forwarded=1
1783000457.611928 publish topic=ipi/detector-output-to-ipi-run-1/latency/av-1/ack bytes=181 forwarded=1
1783000457.841918 publish topic=ipi/detector-output-to-ipi-run-1/latency/av-1/request bytes=343 forwarded=1
1783000457.842545 publish topic=ipi/detector-output-to-ipi-run-1/latency/av-1/ack bytes=181 forwarded=1
1783000458.062332 publish topic=ipi/detector-output-to-ipi-run-1/latency/av-1/request bytes=343 forwarded=1
1783000458.062969 publish topic=ipi/detector-output-to-ipi-run-1/latency/av-1/ack bytes=181 forwarded=1
1783000458.282470 publish topic=ipi/detector-output-to-ipi-run-1/latency/av-1/request bytes=343 forwarded=1
1783000458.283107 publish topic=ipi/detector-output-to-ipi-run-1/latency/av-1/ack bytes=181 forwarded=1
1783000458.502888 publish topic=ipi/detector-output-to-ipi-run-1/latency/av-1/request bytes=343 forwarded=1
1783000458.503524 publish topic=ipi/detector-output-to-ipi-run-1/latency/av-1/ack bytes=181 forwarded=1
1783000458.723071 publish topic=ipi/detector-output-to-ipi-run-1/latency/av-1/request bytes=343 forwarded=1
1783000458.723700 publish topic=ipi/detector-output-to-ipi-run-1/latency/av-1/ack bytes=181 forwarded=1
1783000458.953551 publish topic=ipi/detector-output-to-ipi-run-1/latency/av-1/request bytes=343 forwarded=1
1783000458.954180 publish topic=ipi/detector-output-to-ipi-run-1/latency/av-1/ack bytes=181 forwarded=1
1783000459.173692 publish topic=ipi/detector-output-to-ipi-run-1/latency/av-1/request bytes=343 forwarded=1
1783000459.174303 publish topic=ipi/detector-output-to-ipi-run-1/latency/av-1/ack bytes=181 forwarded=1
1783000459.394149 publish topic=ipi/detector-output-to-ipi-run-1/latency/av-1/request bytes=343 forwarded=1
1783000459.394781 publish topic=ipi/detector-output-to-ipi-run-1/latency/av-1/ack bytes=181 forwarded=1
1783000459.614446 publish topic=ipi/detector-output-to-ipi-run-1/latency/av-1/request bytes=343 forwarded=1
1783000459.615165 publish topic=ipi/detector-output-to-ipi-run-1/latency/av-1/ack bytes=181 forwarded=1
1783000459.834772 publish topic=ipi/detector-output-to-ipi-run-1/latency/av-1/request bytes=343 forwarded=1
1783000459.835388 publish topic=ipi/detector-output-to-ipi-run-1/latency/av-1/ack bytes=181 forwarded=1
1783000460.055093 publish topic=ipi/detector-output-to-ipi-run-1/latency/av-1/request bytes=343 forwarded=1
1783000460.055770 publish topic=ipi/detector-output-to-ipi-run-1/latency/av-1/ack bytes=181 forwarded=1
1783000460.285431 publish topic=ipi/detector-output-to-ipi-run-1/latency/av-1/request bytes=343 forwarded=1
1783000460.286062 publish topic=ipi/detector-output-to-ipi-run-1/latency/av-1/ack bytes=181 forwarded=1
1783000460.505772 publish topic=ipi/detector-output-to-ipi-run-1/latency/av-1/request bytes=343 forwarded=1
1783000460.506392 publish topic=ipi/detector-output-to-ipi-run-1/latency/av-1/ack bytes=181 forwarded=1
1783000460.725978 publish topic=ipi/detector-output-to-ipi-run-1/latency/av-1/request bytes=343 forwarded=1
1783000460.726610 publish topic=ipi/detector-output-to-ipi-run-1/latency/av-1/ack bytes=181 forwarded=1
1783000460.956371 publish topic=ipi/detector-output-to-ipi-run-1/latency/av-1/request bytes=343 forwarded=1
1783000460.957034 publish topic=ipi/detector-output-to-ipi-run-1/latency/av-1/ack bytes=181 forwarded=1
1783000461.186550 publish topic=ipi/detector-output-to-ipi-run-1/latency/av-1/request bytes=343 forwarded=1
1783000461.187176 publish topic=ipi/detector-output-to-ipi-run-1/latency/av-1/ack bytes=181 forwarded=1
1783000461.406770 publish topic=ipi/detector-output-to-ipi-run-1/latency/av-1/request bytes=343 forwarded=1
1783000461.407167 publish topic=ipi/detector-output-to-ipi-run-1/latency/av-1/ack bytes=181 forwarded=1
1783000461.637142 publish topic=ipi/detector-output-to-ipi-run-1/latency/av-1/request bytes=343 forwarded=1
1783000461.637805 publish topic=ipi/detector-output-to-ipi-run-1/latency/av-1/ack bytes=181 forwarded=1
1783000461.867751 publish topic=ipi/detector-output-to-ipi-run-1/latency/av-1/request bytes=343 forwarded=1
1783000461.868387 publish topic=ipi/detector-output-to-ipi-run-1/latency/av-1/ack bytes=181 forwarded=1
1783000462.108196 publish topic=ipi/detector-output-to-ipi-run-1/latency/av-1/request bytes=343 forwarded=1
1783000462.108850 publish topic=ipi/detector-output-to-ipi-run-1/latency/av-1/ack bytes=181 forwarded=1
1783000462.348434 publish topic=ipi/detector-output-to-ipi-run-1/latency/av-1/request bytes=343 forwarded=1
1783000462.349095 publish topic=ipi/detector-output-to-ipi-run-1/latency/av-1/ack bytes=181 forwarded=1
1783000462.588897 publish topic=ipi/detector-output-to-ipi-run-1/latency/av-1/request bytes=343 forwarded=1
1783000462.589530 publish topic=ipi/detector-output-to-ipi-run-1/latency/av-1/ack bytes=181 forwarded=1
1783000462.829187 publish topic=ipi/detector-output-to-ipi-run-1/latency/av-1/request bytes=343 forwarded=1
1783000462.829813 publish topic=ipi/detector-output-to-ipi-run-1/latency/av-1/ack bytes=181 forwarded=1
1783000463.059673 publish topic=ipi/detector-output-to-ipi-run-1/latency/av-1/request bytes=343 forwarded=1
1783000463.060283 publish topic=ipi/detector-output-to-ipi-run-1/latency/av-1/ack bytes=181 forwarded=1
1783000463.290410 publish topic=ipi/detector-output-to-ipi-run-1/latency/av-1/request bytes=343 forwarded=1
1783000463.291034 publish topic=ipi/detector-output-to-ipi-run-1/latency/av-1/ack bytes=181 forwarded=1
1783000463.520583 publish topic=ipi/detector-output-to-ipi-run-1/latency/av-1/request bytes=343 forwarded=1
1783000463.521213 publish topic=ipi/detector-output-to-ipi-run-1/latency/av-1/ack bytes=181 forwarded=1
1783000463.741080 publish topic=ipi/detector-output-to-ipi-run-1/latency/av-1/request bytes=343 forwarded=1
1783000463.741705 publish topic=ipi/detector-output-to-ipi-run-1/latency/av-1/ack bytes=181 forwarded=1
1783000463.971294 publish topic=ipi/detector-output-to-ipi-run-1/latency/av-1/request bytes=343 forwarded=1
1783000463.971915 publish topic=ipi/detector-output-to-ipi-run-1/latency/av-1/ack bytes=181 forwarded=1
1783000464.201748 publish topic=ipi/detector-output-to-ipi-run-1/latency/av-1/request bytes=343 forwarded=1
1783000464.202405 publish topic=ipi/detector-output-to-ipi-run-1/latency/av-1/ack bytes=181 forwarded=1
1783000464.421948 publish topic=ipi/detector-output-to-ipi-run-1/latency/av-1/request bytes=343 forwarded=1
1783000464.422587 publish topic=ipi/detector-output-to-ipi-run-1/latency/av-1/ack bytes=181 forwarded=1
1783000464.642175 publish topic=ipi/detector-output-to-ipi-run-1/latency/av-1/request bytes=343 forwarded=1
1783000464.642793 publish topic=ipi/detector-output-to-ipi-run-1/latency/av-1/ack bytes=181 forwarded=1
1783000464.862655 publish topic=ipi/detector-output-to-ipi-run-1/latency/av-1/request bytes=343 forwarded=1
1783000464.863283 publish topic=ipi/detector-output-to-ipi-run-1/latency/av-1/ack bytes=181 forwarded=1
1783000465.082868 publish topic=ipi/detector-output-to-ipi-run-1/latency/av-1/request bytes=343 forwarded=1
1783000465.083485 publish topic=ipi/detector-output-to-ipi-run-1/latency/av-1/ack bytes=181 forwarded=1
1783000465.303212 publish topic=ipi/detector-output-to-ipi-run-1/latency/av-1/request bytes=343 forwarded=1
1783000465.303830 publish topic=ipi/detector-output-to-ipi-run-1/latency/av-1/ack bytes=181 forwarded=1
1783000465.543343 publish topic=ipi/detector-output-to-ipi-run-1/latency/av-1/request bytes=343 forwarded=1
1783000465.543985 publish topic=ipi/detector-output-to-ipi-run-1/latency/av-1/ack bytes=181 forwarded=1
1783000465.763967 publish topic=ipi/detector-output-to-ipi-run-1/latency/av-1/request bytes=343 forwarded=1
1783000465.764593 publish topic=ipi/detector-output-to-ipi-run-1/latency/av-1/ack bytes=181 forwarded=1
1783000465.984245 publish topic=ipi/detector-output-to-ipi-run-1/latency/av-1/request bytes=343 forwarded=1
1783000465.984875 publish topic=ipi/detector-output-to-ipi-run-1/latency/av-1/ack bytes=181 forwarded=1
1783000466.204414 publish topic=ipi/detector-output-to-ipi-run-1/latency/av-1/request bytes=343 forwarded=1
1783000466.205083 publish topic=ipi/detector-output-to-ipi-run-1/latency/av-1/ack bytes=181 forwarded=1
1783000466.434659 publish topic=ipi/detector-output-to-ipi-run-1/latency/av-1/request bytes=343 forwarded=1
1783000466.435282 publish topic=ipi/detector-output-to-ipi-run-1/latency/av-1/ack bytes=181 forwarded=1
1783000466.655183 publish topic=ipi/detector-output-to-ipi-run-1/latency/av-1/request bytes=343 forwarded=1
1783000466.655859 publish topic=ipi/detector-output-to-ipi-run-1/latency/av-1/ack bytes=181 forwarded=1
1783000466.875365 publish topic=ipi/detector-output-to-ipi-run-1/latency/av-1/request bytes=343 forwarded=1
1783000466.875997 publish topic=ipi/detector-output-to-ipi-run-1/latency/av-1/ack bytes=181 forwarded=1
1783000467.095442 publish topic=ipi/detector-output-to-ipi-run-1/latency/av-1/request bytes=343 forwarded=1
1783000467.096076 publish topic=ipi/detector-output-to-ipi-run-1/latency/av-1/ack bytes=181 forwarded=1
1783000467.325855 publish topic=ipi/detector-output-to-ipi-run-1/latency/av-1/request bytes=343 forwarded=1
1783000467.326487 publish topic=ipi/detector-output-to-ipi-run-1/latency/av-1/ack bytes=181 forwarded=1
1783000467.546072 publish topic=ipi/detector-output-to-ipi-run-1/latency/av-1/request bytes=343 forwarded=1
1783000467.546704 publish topic=ipi/detector-output-to-ipi-run-1/latency/av-1/ack bytes=181 forwarded=1
1783000467.776473 publish topic=ipi/detector-output-to-ipi-run-1/latency/av-1/request bytes=343 forwarded=1
1783000467.777073 publish topic=ipi/detector-output-to-ipi-run-1/latency/av-1/ack bytes=181 forwarded=1
1783000467.996577 publish topic=ipi/detector-output-to-ipi-run-1/latency/av-1/request bytes=343 forwarded=1
1783000467.997240 publish topic=ipi/detector-output-to-ipi-run-1/latency/av-1/ack bytes=181 forwarded=1
1783000468.236889 publish topic=ipi/detector-output-to-ipi-run-1/latency/av-1/request bytes=343 forwarded=1
1783000468.237504 publish topic=ipi/detector-output-to-ipi-run-1/latency/av-1/ack bytes=181 forwarded=1
1783000468.467381 publish topic=ipi/detector-output-to-ipi-run-1/latency/av-1/request bytes=343 forwarded=1
1783000468.468006 publish topic=ipi/detector-output-to-ipi-run-1/latency/av-1/ack bytes=181 forwarded=1
1783000468.707597 publish topic=ipi/detector-output-to-ipi-run-1/latency/av-1/request bytes=343 forwarded=1
1783000468.708217 publish topic=ipi/detector-output-to-ipi-run-1/latency/av-1/ack bytes=181 forwarded=1
1783000468.938077 publish topic=ipi/detector-output-to-ipi-run-1/latency/av-1/request bytes=343 forwarded=1
1783000468.938702 publish topic=ipi/detector-output-to-ipi-run-1/latency/av-1/ack bytes=181 forwarded=1
1783000469.168315 publish topic=ipi/detector-output-to-ipi-run-1/latency/av-1/request bytes=343 forwarded=1
1783000469.168964 publish topic=ipi/detector-output-to-ipi-run-1/latency/av-1/ack bytes=181 forwarded=1
1783000469.408573 publish topic=ipi/detector-output-to-ipi-run-1/latency/av-1/request bytes=343 forwarded=1
1783000469.409212 publish topic=ipi/detector-output-to-ipi-run-1/latency/av-1/ack bytes=181 forwarded=1
1783000469.628861 publish topic=ipi/detector-output-to-ipi-run-1/latency/av-1/request bytes=343 forwarded=1
1783000469.629492 publish topic=ipi/detector-output-to-ipi-run-1/latency/av-1/ack bytes=181 forwarded=1
1783000469.859313 publish topic=ipi/detector-output-to-ipi-run-1/latency/av-1/request bytes=343 forwarded=1
1783000469.859942 publish topic=ipi/detector-output-to-ipi-run-1/latency/av-1/ack bytes=181 forwarded=1
1783000470.089661 publish topic=ipi/detector-output-to-ipi-run-1/latency/av-1/request bytes=343 forwarded=1
1783000470.090313 publish topic=ipi/detector-output-to-ipi-run-1/latency/av-1/ack bytes=181 forwarded=1
1783000470.320128 publish topic=ipi/detector-output-to-ipi-run-1/latency/av-1/request bytes=343 forwarded=1
1783000470.320786 publish topic=ipi/detector-output-to-ipi-run-1/latency/av-1/ack bytes=181 forwarded=1
1783000470.550202 publish topic=ipi/detector-output-to-ipi-run-1/latency/av-1/request bytes=343 forwarded=1
1783000470.550874 publish topic=ipi/detector-output-to-ipi-run-1/latency/av-1/ack bytes=181 forwarded=1
1783000470.780518 publish topic=ipi/detector-output-to-ipi-run-1/latency/av-1/request bytes=343 forwarded=1
1783000470.781164 publish topic=ipi/detector-output-to-ipi-run-1/latency/av-1/ack bytes=181 forwarded=1
1783000471.020752 publish topic=ipi/detector-output-to-ipi-run-1/latency/av-1/request bytes=343 forwarded=1
1783000471.021365 publish topic=ipi/detector-output-to-ipi-run-1/latency/av-1/ack bytes=181 forwarded=1
1783000471.250906 publish topic=ipi/detector-output-to-ipi-run-1/latency/av-1/request bytes=343 forwarded=1
1783000471.251537 publish topic=ipi/detector-output-to-ipi-run-1/latency/av-1/ack bytes=181 forwarded=1
1783000471.481190 publish topic=ipi/detector-output-to-ipi-run-1/latency/av-1/request bytes=343 forwarded=1
1783000471.481818 publish topic=ipi/detector-output-to-ipi-run-1/latency/av-1/ack bytes=181 forwarded=1
1783000471.711568 publish topic=ipi/detector-output-to-ipi-run-1/latency/av-1/request bytes=343 forwarded=1
1783000471.712183 publish topic=ipi/detector-output-to-ipi-run-1/latency/av-1/ack bytes=181 forwarded=1
1783000471.931861 publish topic=ipi/detector-output-to-ipi-run-1/latency/av-1/request bytes=343 forwarded=1
1783000471.932500 publish topic=ipi/detector-output-to-ipi-run-1/latency/av-1/ack bytes=181 forwarded=1
1783000472.162100 publish topic=ipi/detector-output-to-ipi-run-1/latency/av-1/request bytes=343 forwarded=1
1783000472.162723 publish topic=ipi/detector-output-to-ipi-run-1/latency/av-1/ack bytes=181 forwarded=1
1783000472.392456 publish topic=ipi/detector-output-to-ipi-run-1/latency/av-1/request bytes=343 forwarded=1
1783000472.393114 publish topic=ipi/detector-output-to-ipi-run-1/latency/av-1/ack bytes=181 forwarded=1
1783000472.622668 publish topic=ipi/detector-output-to-ipi-run-1/latency/av-1/request bytes=343 forwarded=1
1783000472.623293 publish topic=ipi/detector-output-to-ipi-run-1/latency/av-1/ack bytes=181 forwarded=1
1783000472.842880 publish topic=ipi/detector-output-to-ipi-run-1/latency/av-1/request bytes=343 forwarded=1
1783000472.843512 publish topic=ipi/detector-output-to-ipi-run-1/latency/av-1/ack bytes=181 forwarded=1
1783000473.063147 publish topic=ipi/detector-output-to-ipi-run-1/latency/av-1/request bytes=343 forwarded=1
1783000473.063801 publish topic=ipi/detector-output-to-ipi-run-1/latency/av-1/ack bytes=181 forwarded=1
1783000473.283445 publish topic=ipi/detector-output-to-ipi-run-1/latency/av-1/request bytes=343 forwarded=1
1783000473.284073 publish topic=ipi/detector-output-to-ipi-run-1/latency/av-1/ack bytes=181 forwarded=1
1783000473.503408 publish topic=ipi/detector-output-to-ipi-run-1/latency/av-1/request bytes=343 forwarded=1
1783000473.504031 publish topic=ipi/detector-output-to-ipi-run-1/latency/av-1/ack bytes=181 forwarded=1
1783000473.723938 publish topic=ipi/detector-output-to-ipi-run-1/latency/av-1/request bytes=343 forwarded=1
1783000473.724551 publish topic=ipi/detector-output-to-ipi-run-1/latency/av-1/ack bytes=181 forwarded=1
1783000473.944048 publish topic=ipi/detector-output-to-ipi-run-1/latency/av-1/request bytes=343 forwarded=1
1783000473.944711 publish topic=ipi/detector-output-to-ipi-run-1/latency/av-1/ack bytes=181 forwarded=1
1783000474.164237 publish topic=ipi/detector-output-to-ipi-run-1/latency/av-1/request bytes=343 forwarded=1
1783000474.164894 publish topic=ipi/detector-output-to-ipi-run-1/latency/av-1/ack bytes=181 forwarded=1
1783000474.384500 publish topic=ipi/detector-output-to-ipi-run-1/latency/av-1/request bytes=343 forwarded=1
1783000474.385146 publish topic=ipi/detector-output-to-ipi-run-1/latency/av-1/ack bytes=181 forwarded=1
1783000474.614576 publish topic=ipi/detector-output-to-ipi-run-1/latency/av-1/request bytes=343 forwarded=1
1783000474.615197 publish topic=ipi/detector-output-to-ipi-run-1/latency/av-1/ack bytes=181 forwarded=1
1783000474.855101 publish topic=ipi/detector-output-to-ipi-run-1/latency/av-1/request bytes=343 forwarded=1
1783000474.855738 publish topic=ipi/detector-output-to-ipi-run-1/latency/av-1/ack bytes=181 forwarded=1
1783000475.085304 publish topic=ipi/detector-output-to-ipi-run-1/latency/av-1/request bytes=343 forwarded=1
1783000475.085931 publish topic=ipi/detector-output-to-ipi-run-1/latency/av-1/ack bytes=181 forwarded=1
1783000475.325874 publish topic=ipi/detector-output-to-ipi-run-1/latency/av-1/request bytes=343 forwarded=1
1783000475.326504 publish topic=ipi/detector-output-to-ipi-run-1/latency/av-1/ack bytes=181 forwarded=1
1783000475.566278 publish topic=ipi/detector-output-to-ipi-run-1/latency/av-1/request bytes=343 forwarded=1
1783000475.566964 publish topic=ipi/detector-output-to-ipi-run-1/latency/av-1/ack bytes=181 forwarded=1
1783000475.806444 publish topic=ipi/detector-output-to-ipi-run-1/latency/av-1/request bytes=343 forwarded=1
1783000475.807076 publish topic=ipi/detector-output-to-ipi-run-1/latency/av-1/ack bytes=181 forwarded=1
1783000476.036810 publish topic=ipi/detector-output-to-ipi-run-1/latency/av-1/request bytes=343 forwarded=1
1783000476.037440 publish topic=ipi/detector-output-to-ipi-run-1/latency/av-1/ack bytes=181 forwarded=1
1783000476.267189 publish topic=ipi/detector-output-to-ipi-run-1/latency/av-1/request bytes=343 forwarded=1
1783000476.267822 publish topic=ipi/detector-output-to-ipi-run-1/latency/av-1/ack bytes=181 forwarded=1
1783000476.497386 publish topic=ipi/detector-output-to-ipi-run-1/latency/av-1/request bytes=343 forwarded=1
1783000476.498014 publish topic=ipi/detector-output-to-ipi-run-1/latency/av-1/ack bytes=181 forwarded=1
1783000476.717643 publish topic=ipi/detector-output-to-ipi-run-1/latency/av-1/request bytes=343 forwarded=1
1783000476.718273 publish topic=ipi/detector-output-to-ipi-run-1/latency/av-1/ack bytes=181 forwarded=1
1783000476.937852 publish topic=ipi/detector-output-to-ipi-run-1/latency/av-1/request bytes=343 forwarded=1
1783000476.938484 publish topic=ipi/detector-output-to-ipi-run-1/latency/av-1/ack bytes=181 forwarded=1
1783000477.157903 publish topic=ipi/detector-output-to-ipi-run-1/latency/av-1/request bytes=343 forwarded=1
1783000477.158553 publish topic=ipi/detector-output-to-ipi-run-1/latency/av-1/ack bytes=181 forwarded=1
1783000477.398401 publish topic=ipi/detector-output-to-ipi-run-1/latency/av-1/request bytes=343 forwarded=1
1783000477.399041 publish topic=ipi/detector-output-to-ipi-run-1/latency/av-1/ack bytes=181 forwarded=1
1783000477.628512 publish topic=ipi/detector-output-to-ipi-run-1/latency/av-1/request bytes=343 forwarded=1
1783000477.629163 publish topic=ipi/detector-output-to-ipi-run-1/latency/av-1/ack bytes=181 forwarded=1
1783000477.868744 publish topic=ipi/detector-output-to-ipi-run-1/latency/av-1/request bytes=343 forwarded=1
1783000477.869380 publish topic=ipi/detector-output-to-ipi-run-1/latency/av-1/ack bytes=181 forwarded=1
1783000478.109052 publish topic=ipi/detector-output-to-ipi-run-1/latency/av-1/request bytes=343 forwarded=1
1783000478.109673 publish topic=ipi/detector-output-to-ipi-run-1/latency/av-1/ack bytes=181 forwarded=1
1783000478.339342 publish topic=ipi/detector-output-to-ipi-run-1/latency/av-1/request bytes=343 forwarded=1
1783000478.339967 publish topic=ipi/detector-output-to-ipi-run-1/latency/av-1/ack bytes=181 forwarded=1
1783000478.569486 publish topic=ipi/detector-output-to-ipi-run-1/latency/av-1/request bytes=343 forwarded=1
1783000478.570188 publish topic=ipi/detector-output-to-ipi-run-1/latency/av-1/ack bytes=181 forwarded=1
1783000478.799704 publish topic=ipi/detector-output-to-ipi-run-1/latency/av-1/request bytes=343 forwarded=1
1783000478.800339 publish topic=ipi/detector-output-to-ipi-run-1/latency/av-1/ack bytes=181 forwarded=1
1783000479.029695 publish topic=ipi/detector-output-to-ipi-run-1/latency/av-1/request bytes=343 forwarded=1
1783000479.030309 publish topic=ipi/detector-output-to-ipi-run-1/latency/av-1/ack bytes=181 forwarded=1
1783000479.260248 publish topic=ipi/detector-output-to-ipi-run-1/latency/av-1/request bytes=343 forwarded=1
1783000479.260905 publish topic=ipi/detector-output-to-ipi-run-1/latency/av-1/ack bytes=181 forwarded=1
1783000479.490279 publish topic=ipi/detector-output-to-ipi-run-1/latency/av-1/request bytes=343 forwarded=1
1783000479.490911 publish topic=ipi/detector-output-to-ipi-run-1/latency/av-1/ack bytes=181 forwarded=1
1783000479.720625 publish topic=ipi/detector-output-to-ipi-run-1/latency/av-1/request bytes=343 forwarded=1
1783000479.721279 publish topic=ipi/detector-output-to-ipi-run-1/latency/av-1/ack bytes=181 forwarded=1
1783000479.940878 publish topic=ipi/detector-output-to-ipi-run-1/latency/av-1/request bytes=343 forwarded=1
1783000479.941504 publish topic=ipi/detector-output-to-ipi-run-1/latency/av-1/ack bytes=181 forwarded=1
1783000480.161266 publish topic=ipi/detector-output-to-ipi-run-1/latency/av-1/request bytes=343 forwarded=1
1783000480.161884 publish topic=ipi/detector-output-to-ipi-run-1/latency/av-1/ack bytes=181 forwarded=1
1783000480.391498 publish topic=ipi/detector-output-to-ipi-run-1/latency/av-1/request bytes=343 forwarded=1
1783000480.392107 publish topic=ipi/detector-output-to-ipi-run-1/latency/av-1/ack bytes=181 forwarded=1
1783000480.611772 publish topic=ipi/detector-output-to-ipi-run-1/latency/av-1/request bytes=343 forwarded=1
1783000480.612405 publish topic=ipi/detector-output-to-ipi-run-1/latency/av-1/ack bytes=181 forwarded=1
1783000480.851861 publish topic=ipi/detector-output-to-ipi-run-1/latency/av-1/request bytes=343 forwarded=1
1783000480.852493 publish topic=ipi/detector-output-to-ipi-run-1/latency/av-1/ack bytes=181 forwarded=1
1783000481.092140 publish topic=ipi/detector-output-to-ipi-run-1/latency/av-1/request bytes=343 forwarded=1
1783000481.092811 publish topic=ipi/detector-output-to-ipi-run-1/latency/av-1/ack bytes=181 forwarded=1
1783000481.312535 publish topic=ipi/detector-output-to-ipi-run-1/latency/av-1/request bytes=343 forwarded=1
1783000481.313207 publish topic=ipi/detector-output-to-ipi-run-1/latency/av-1/ack bytes=181 forwarded=1
1783000481.552552 publish topic=ipi/detector-output-to-ipi-run-1/latency/av-1/request bytes=343 forwarded=1
1783000481.553211 publish topic=ipi/detector-output-to-ipi-run-1/latency/av-1/ack bytes=181 forwarded=1
1783000481.783036 publish topic=ipi/detector-output-to-ipi-run-1/latency/av-1/request bytes=343 forwarded=1
1783000481.783655 publish topic=ipi/detector-output-to-ipi-run-1/latency/av-1/ack bytes=181 forwarded=1
1783000482.023438 publish topic=ipi/detector-output-to-ipi-run-1/latency/av-1/request bytes=343 forwarded=1
1783000482.024106 publish topic=ipi/detector-output-to-ipi-run-1/latency/av-1/ack bytes=181 forwarded=1
1783000482.263749 publish topic=ipi/detector-output-to-ipi-run-1/latency/av-1/request bytes=343 forwarded=1
1783000482.264367 publish topic=ipi/detector-output-to-ipi-run-1/latency/av-1/ack bytes=181 forwarded=1
1783000482.503908 publish topic=ipi/detector-output-to-ipi-run-1/latency/av-1/request bytes=343 forwarded=1
1783000482.504535 publish topic=ipi/detector-output-to-ipi-run-1/latency/av-1/ack bytes=181 forwarded=1
1783000482.724462 publish topic=ipi/detector-output-to-ipi-run-1/latency/av-1/request bytes=343 forwarded=1
1783000482.725124 publish topic=ipi/detector-output-to-ipi-run-1/latency/av-1/ack bytes=181 forwarded=1
1783000482.944492 publish topic=ipi/detector-output-to-ipi-run-1/latency/av-1/request bytes=343 forwarded=1
1783000482.945134 publish topic=ipi/detector-output-to-ipi-run-1/latency/av-1/ack bytes=181 forwarded=1
1783000483.164539 publish topic=ipi/detector-output-to-ipi-run-1/latency/av-1/request bytes=343 forwarded=1
1783000483.165187 publish topic=ipi/detector-output-to-ipi-run-1/latency/av-1/ack bytes=181 forwarded=1
1783000483.384872 publish topic=ipi/detector-output-to-ipi-run-1/latency/av-1/request bytes=343 forwarded=1
1783000483.385496 publish topic=ipi/detector-output-to-ipi-run-1/latency/av-1/ack bytes=181 forwarded=1
1783000483.615246 publish topic=ipi/detector-output-to-ipi-run-1/latency/av-1/request bytes=343 forwarded=1
1783000483.615874 publish topic=ipi/detector-output-to-ipi-run-1/latency/av-1/ack bytes=181 forwarded=1
1783000483.845630 publish topic=ipi/detector-output-to-ipi-run-1/latency/av-1/request bytes=343 forwarded=1
1783000483.846260 publish topic=ipi/detector-output-to-ipi-run-1/latency/av-1/ack bytes=181 forwarded=1
1783000484.075833 publish topic=ipi/detector-output-to-ipi-run-1/latency/av-1/request bytes=343 forwarded=1
1783000484.076443 publish topic=ipi/detector-output-to-ipi-run-1/latency/av-1/ack bytes=181 forwarded=1
1783000484.306234 publish topic=ipi/detector-output-to-ipi-run-1/latency/av-1/request bytes=343 forwarded=1
1783000484.306867 publish topic=ipi/detector-output-to-ipi-run-1/latency/av-1/ack bytes=181 forwarded=1
1783000484.526380 publish topic=ipi/detector-output-to-ipi-run-1/latency/av-1/request bytes=343 forwarded=1
1783000484.526969 publish topic=ipi/detector-output-to-ipi-run-1/latency/av-1/ack bytes=181 forwarded=1
1783000484.746609 publish topic=ipi/detector-output-to-ipi-run-1/latency/av-1/request bytes=343 forwarded=1
1783000484.747252 publish topic=ipi/detector-output-to-ipi-run-1/latency/av-1/ack bytes=181 forwarded=1
1783000484.966812 publish topic=ipi/detector-output-to-ipi-run-1/latency/av-1/request bytes=343 forwarded=1
1783000484.967442 publish topic=ipi/detector-output-to-ipi-run-1/latency/av-1/ack bytes=181 forwarded=1
1783000485.187121 publish topic=ipi/detector-output-to-ipi-run-1/latency/av-1/request bytes=343 forwarded=1
1783000485.187775 publish topic=ipi/detector-output-to-ipi-run-1/latency/av-1/ack bytes=181 forwarded=1
1783000485.407298 publish topic=ipi/detector-output-to-ipi-run-1/latency/av-1/request bytes=343 forwarded=1
1783000485.407935 publish topic=ipi/detector-output-to-ipi-run-1/latency/av-1/ack bytes=181 forwarded=1
1783000485.627655 publish topic=ipi/detector-output-to-ipi-run-1/latency/av-1/request bytes=343 forwarded=1
1783000485.628284 publish topic=ipi/detector-output-to-ipi-run-1/latency/av-1/ack bytes=181 forwarded=1
1783000485.847944 publish topic=ipi/detector-output-to-ipi-run-1/latency/av-1/request bytes=343 forwarded=1
1783000485.848570 publish topic=ipi/detector-output-to-ipi-run-1/latency/av-1/ack bytes=181 forwarded=1
1783000486.068150 publish topic=ipi/detector-output-to-ipi-run-1/latency/av-1/request bytes=343 forwarded=1
1783000486.068816 publish topic=ipi/detector-output-to-ipi-run-1/latency/av-1/ack bytes=181 forwarded=1
1783000486.288453 publish topic=ipi/detector-output-to-ipi-run-1/latency/av-1/request bytes=343 forwarded=1
1783000486.289118 publish topic=ipi/detector-output-to-ipi-run-1/latency/av-1/ack bytes=181 forwarded=1
1783000486.508568 publish topic=ipi/detector-output-to-ipi-run-1/latency/av-1/request bytes=343 forwarded=1
1783000486.509239 publish topic=ipi/detector-output-to-ipi-run-1/latency/av-1/ack bytes=181 forwarded=1
1783000486.729046 publish topic=ipi/detector-output-to-ipi-run-1/latency/av-1/request bytes=343 forwarded=1
1783000486.729673 publish topic=ipi/detector-output-to-ipi-run-1/latency/av-1/ack bytes=181 forwarded=1
1783000486.959384 publish topic=ipi/detector-output-to-ipi-run-1/latency/av-1/request bytes=343 forwarded=1
1783000486.960043 publish topic=ipi/detector-output-to-ipi-run-1/latency/av-1/ack bytes=181 forwarded=1
1783000487.189368 publish topic=ipi/detector-output-to-ipi-run-1/latency/av-1/request bytes=343 forwarded=1
1783000487.189976 publish topic=ipi/detector-output-to-ipi-run-1/latency/av-1/ack bytes=181 forwarded=1
1783000487.419744 publish topic=ipi/detector-output-to-ipi-run-1/latency/av-1/request bytes=343 forwarded=1
1783000487.420360 publish topic=ipi/detector-output-to-ipi-run-1/latency/av-1/ack bytes=181 forwarded=1
1783000487.670064 publish topic=ipi/detector-output-to-ipi-run-1/latency/av-1/request bytes=343 forwarded=1
1783000487.670667 publish topic=ipi/detector-output-to-ipi-run-1/latency/av-1/ack bytes=181 forwarded=1
1783000487.900400 publish topic=ipi/detector-output-to-ipi-run-1/latency/av-1/request bytes=343 forwarded=1
1783000487.901064 publish topic=ipi/detector-output-to-ipi-run-1/latency/av-1/ack bytes=181 forwarded=1
1783000488.130659 publish topic=ipi/detector-output-to-ipi-run-1/latency/av-1/request bytes=343 forwarded=1
1783000488.131277 publish topic=ipi/detector-output-to-ipi-run-1/latency/av-1/ack bytes=181 forwarded=1
1783000488.371475 publish topic=ipi/detector-output-to-ipi-run-1/latency/av-1/request bytes=343 forwarded=1
1783000488.372087 publish topic=ipi/detector-output-to-ipi-run-1/latency/av-1/ack bytes=181 forwarded=1
1783000488.601737 publish topic=ipi/detector-output-to-ipi-run-1/latency/av-1/request bytes=343 forwarded=1
1783000488.602338 publish topic=ipi/detector-output-to-ipi-run-1/latency/av-1/ack bytes=181 forwarded=1
1783000488.892071 publish topic=ipi/detector-output-to-ipi-run-1/latency/av-1/request bytes=343 forwarded=1
1783000488.892731 publish topic=ipi/detector-output-to-ipi-run-1/latency/av-1/ack bytes=181 forwarded=1
1783000489.152475 publish topic=ipi/detector-output-to-ipi-run-1/latency/av-1/request bytes=343 forwarded=1
1783000489.153100 publish topic=ipi/detector-output-to-ipi-run-1/latency/av-1/ack bytes=181 forwarded=1
1783000489.382754 publish topic=ipi/detector-output-to-ipi-run-1/latency/av-1/request bytes=343 forwarded=1
1783000489.383354 publish topic=ipi/detector-output-to-ipi-run-1/latency/av-1/ack bytes=181 forwarded=1
1783000489.613133 publish topic=ipi/detector-output-to-ipi-run-1/latency/av-1/request bytes=343 forwarded=1
1783000489.613736 publish topic=ipi/detector-output-to-ipi-run-1/latency/av-1/ack bytes=181 forwarded=1
1783000489.853650 publish topic=ipi/detector-output-to-ipi-run-1/latency/av-1/request bytes=343 forwarded=1
1783000489.854277 publish topic=ipi/detector-output-to-ipi-run-1/latency/av-1/ack bytes=181 forwarded=1
1783000490.084015 publish topic=ipi/detector-output-to-ipi-run-1/latency/av-1/request bytes=343 forwarded=1
1783000490.084707 publish topic=ipi/detector-output-to-ipi-run-1/latency/av-1/ack bytes=181 forwarded=1
1783000490.304397 publish topic=ipi/detector-output-to-ipi-run-1/latency/av-1/request bytes=343 forwarded=1
1783000490.305036 publish topic=ipi/detector-output-to-ipi-run-1/latency/av-1/ack bytes=181 forwarded=1
1783000490.524570 publish topic=ipi/detector-output-to-ipi-run-1/latency/av-1/request bytes=343 forwarded=1
1783000490.525240 publish topic=ipi/detector-output-to-ipi-run-1/latency/av-1/ack bytes=181 forwarded=1
1783000490.744637 publish topic=ipi/detector-output-to-ipi-run-1/latency/av-1/request bytes=343 forwarded=1
1783000490.745265 publish topic=ipi/detector-output-to-ipi-run-1/latency/av-1/ack bytes=181 forwarded=1
1783000490.965124 publish topic=ipi/detector-output-to-ipi-run-1/latency/av-1/request bytes=343 forwarded=1
1783000490.965706 publish topic=ipi/detector-output-to-ipi-run-1/latency/av-1/ack bytes=181 forwarded=1
1783000491.185457 publish topic=ipi/detector-output-to-ipi-run-1/latency/av-1/request bytes=343 forwarded=1
1783000491.186055 publish topic=ipi/detector-output-to-ipi-run-1/latency/av-1/ack bytes=181 forwarded=1
1783000491.405800 publish topic=ipi/detector-output-to-ipi-run-1/latency/av-1/request bytes=343 forwarded=1
1783000491.406393 publish topic=ipi/detector-output-to-ipi-run-1/latency/av-1/ack bytes=181 forwarded=1
1783000491.636005 publish topic=ipi/detector-output-to-ipi-run-1/latency/av-1/request bytes=343 forwarded=1
1783000491.636581 publish topic=ipi/detector-output-to-ipi-run-1/latency/av-1/ack bytes=181 forwarded=1
1783000491.866291 publish topic=ipi/detector-output-to-ipi-run-1/latency/av-1/request bytes=343 forwarded=1
1783000491.866871 publish topic=ipi/detector-output-to-ipi-run-1/latency/av-1/ack bytes=181 forwarded=1
1783000492.126607 publish topic=ipi/detector-output-to-ipi-run-1/latency/av-1/request bytes=343 forwarded=1
1783000492.127279 publish topic=ipi/detector-output-to-ipi-run-1/latency/av-1/ack bytes=181 forwarded=1
1783000492.387226 publish topic=ipi/detector-output-to-ipi-run-1/latency/av-1/request bytes=343 forwarded=1
1783000492.387815 publish topic=ipi/detector-output-to-ipi-run-1/latency/av-1/ack bytes=181 forwarded=1
1783000492.637582 publish topic=ipi/detector-output-to-ipi-run-1/latency/av-1/request bytes=343 forwarded=1
1783000492.638275 publish topic=ipi/detector-output-to-ipi-run-1/latency/av-1/ack bytes=181 forwarded=1
1783000492.857937 publish topic=ipi/detector-output-to-ipi-run-1/latency/av-1/request bytes=343 forwarded=1
1783000492.858520 publish topic=ipi/detector-output-to-ipi-run-1/latency/av-1/ack bytes=181 forwarded=1
1783000493.088299 publish topic=ipi/detector-output-to-ipi-run-1/latency/av-1/request bytes=343 forwarded=1
1783000493.088969 publish topic=ipi/detector-output-to-ipi-run-1/latency/av-1/ack bytes=181 forwarded=1
1783000493.318744 publish topic=ipi/detector-output-to-ipi-run-1/latency/av-1/request bytes=343 forwarded=1
1783000493.319322 publish topic=ipi/detector-output-to-ipi-run-1/latency/av-1/ack bytes=181 forwarded=1
1783000493.538945 publish topic=ipi/detector-output-to-ipi-run-1/latency/av-1/request bytes=343 forwarded=1
1783000493.539532 publish topic=ipi/detector-output-to-ipi-run-1/latency/av-1/ack bytes=181 forwarded=1
1783000493.769349 publish topic=ipi/detector-output-to-ipi-run-1/latency/av-1/request bytes=343 forwarded=1
1783000493.769938 publish topic=ipi/detector-output-to-ipi-run-1/latency/av-1/ack bytes=181 forwarded=1
1783000493.999714 publish topic=ipi/detector-output-to-ipi-run-1/latency/av-1/request bytes=343 forwarded=1
1783000494.000309 publish topic=ipi/detector-output-to-ipi-run-1/latency/av-1/ack bytes=181 forwarded=1
1783000494.229974 publish topic=ipi/detector-output-to-ipi-run-1/latency/av-1/request bytes=343 forwarded=1
1783000494.230561 publish topic=ipi/detector-output-to-ipi-run-1/latency/av-1/ack bytes=181 forwarded=1
1783000494.460288 publish topic=ipi/detector-output-to-ipi-run-1/latency/av-1/request bytes=343 forwarded=1
1783000494.460955 publish topic=ipi/detector-output-to-ipi-run-1/latency/av-1/ack bytes=181 forwarded=1
1783000494.690390 publish topic=ipi/detector-output-to-ipi-run-1/latency/av-1/request bytes=343 forwarded=1
1783000494.690969 publish topic=ipi/detector-output-to-ipi-run-1/latency/av-1/ack bytes=181 forwarded=1
1783000494.930771 publish topic=ipi/detector-output-to-ipi-run-1/latency/av-1/request bytes=343 forwarded=1
1783000494.931380 publish topic=ipi/detector-output-to-ipi-run-1/latency/av-1/ack bytes=181 forwarded=1
1783000495.181314 publish topic=ipi/detector-output-to-ipi-run-1/latency/av-1/request bytes=343 forwarded=1
1783000495.181900 publish topic=ipi/detector-output-to-ipi-run-1/latency/av-1/ack bytes=181 forwarded=1
1783000495.441782 publish topic=ipi/detector-output-to-ipi-run-1/latency/av-1/request bytes=343 forwarded=1
1783000495.442366 publish topic=ipi/detector-output-to-ipi-run-1/latency/av-1/ack bytes=181 forwarded=1
1783000495.702207 publish topic=ipi/detector-output-to-ipi-run-1/latency/av-1/request bytes=343 forwarded=1
1783000495.702798 publish topic=ipi/detector-output-to-ipi-run-1/latency/av-1/ack bytes=181 forwarded=1
1783000495.962603 publish topic=ipi/detector-output-to-ipi-run-1/latency/av-1/request bytes=343 forwarded=1
1783000495.963192 publish topic=ipi/detector-output-to-ipi-run-1/latency/av-1/ack bytes=181 forwarded=1
1783000496.223202 publish topic=ipi/detector-output-to-ipi-run-1/latency/av-1/request bytes=343 forwarded=1
1783000496.223802 publish topic=ipi/detector-output-to-ipi-run-1/latency/av-1/ack bytes=181 forwarded=1
1783000496.463545 publish topic=ipi/detector-output-to-ipi-run-1/latency/av-1/request bytes=343 forwarded=1
1783000496.464140 publish topic=ipi/detector-output-to-ipi-run-1/latency/av-1/ack bytes=181 forwarded=1
1783000496.713886 publish topic=ipi/detector-output-to-ipi-run-1/latency/av-1/request bytes=343 forwarded=1
1783000496.714479 publish topic=ipi/detector-output-to-ipi-run-1/latency/av-1/ack bytes=181 forwarded=1
1783000496.934263 publish topic=ipi/detector-output-to-ipi-run-1/latency/av-1/request bytes=343 forwarded=1
1783000496.934842 publish topic=ipi/detector-output-to-ipi-run-1/latency/av-1/ack bytes=181 forwarded=1
1783000497.164520 publish topic=ipi/detector-output-to-ipi-run-1/latency/av-1/request bytes=343 forwarded=1
1783000497.165138 publish topic=ipi/detector-output-to-ipi-run-1/latency/av-1/ack bytes=181 forwarded=1
1783000497.395032 publish topic=ipi/detector-output-to-ipi-run-1/latency/av-1/request bytes=343 forwarded=1
1783000497.395630 publish topic=ipi/detector-output-to-ipi-run-1/latency/av-1/ack bytes=181 forwarded=1
1783000497.615380 publish topic=ipi/detector-output-to-ipi-run-1/latency/av-1/request bytes=343 forwarded=1
1783000497.616055 publish topic=ipi/detector-output-to-ipi-run-1/latency/av-1/ack bytes=181 forwarded=1
1783000497.845502 publish topic=ipi/detector-output-to-ipi-run-1/latency/av-1/request bytes=343 forwarded=1
1783000497.846094 publish topic=ipi/detector-output-to-ipi-run-1/latency/av-1/ack bytes=181 forwarded=1
1783000498.076021 publish topic=ipi/detector-output-to-ipi-run-1/latency/av-1/request bytes=343 forwarded=1
1783000498.076724 publish topic=ipi/detector-output-to-ipi-run-1/latency/av-1/ack bytes=181 forwarded=1
1783000498.306325 publish topic=ipi/detector-output-to-ipi-run-1/latency/av-1/request bytes=343 forwarded=1
1783000498.306921 publish topic=ipi/detector-output-to-ipi-run-1/latency/av-1/ack bytes=181 forwarded=1
1783000498.526527 publish topic=ipi/detector-output-to-ipi-run-1/latency/av-1/request bytes=343 forwarded=1
1783000498.527120 publish topic=ipi/detector-output-to-ipi-run-1/latency/av-1/ack bytes=181 forwarded=1
1783000498.756612 publish topic=ipi/detector-output-to-ipi-run-1/latency/av-1/request bytes=343 forwarded=1
1783000498.757245 publish topic=ipi/detector-output-to-ipi-run-1/latency/av-1/ack bytes=181 forwarded=1
1783000498.976948 publish topic=ipi/detector-output-to-ipi-run-1/latency/av-1/request bytes=343 forwarded=1
1783000498.977551 publish topic=ipi/detector-output-to-ipi-run-1/latency/av-1/ack bytes=181 forwarded=1
1783000499.197266 publish topic=ipi/detector-output-to-ipi-run-1/latency/av-1/request bytes=343 forwarded=1
1783000499.197846 publish topic=ipi/detector-output-to-ipi-run-1/latency/av-1/ack bytes=181 forwarded=1
1783000499.417737 publish topic=ipi/detector-output-to-ipi-run-1/latency/av-1/request bytes=343 forwarded=1
1783000499.418323 publish topic=ipi/detector-output-to-ipi-run-1/latency/av-1/ack bytes=181 forwarded=1
1783000499.647883 publish topic=ipi/detector-output-to-ipi-run-1/latency/av-1/request bytes=343 forwarded=1
1783000499.648462 publish topic=ipi/detector-output-to-ipi-run-1/latency/av-1/ack bytes=181 forwarded=1
1783000499.868304 publish topic=ipi/detector-output-to-ipi-run-1/latency/av-1/request bytes=343 forwarded=1
1783000499.868934 publish topic=ipi/detector-output-to-ipi-run-1/latency/av-1/ack bytes=181 forwarded=1
1783000500.088411 publish topic=ipi/detector-output-to-ipi-run-1/latency/av-1/request bytes=343 forwarded=1
1783000500.089046 publish topic=ipi/detector-output-to-ipi-run-1/latency/av-1/ack bytes=181 forwarded=1
1783000500.308910 publish topic=ipi/detector-output-to-ipi-run-1/latency/av-1/request bytes=343 forwarded=1
1783000500.309504 publish topic=ipi/detector-output-to-ipi-run-1/latency/av-1/ack bytes=181 forwarded=1
1783000500.539236 publish topic=ipi/detector-output-to-ipi-run-1/latency/av-1/request bytes=343 forwarded=1
1783000500.539928 publish topic=ipi/detector-output-to-ipi-run-1/latency/av-1/ack bytes=181 forwarded=1
1783000500.769590 publish topic=ipi/detector-output-to-ipi-run-1/latency/av-1/request bytes=343 forwarded=1
1783000500.770180 publish topic=ipi/detector-output-to-ipi-run-1/latency/av-1/ack bytes=181 forwarded=1
1783000500.989666 publish topic=ipi/detector-output-to-ipi-run-1/latency/av-1/request bytes=343 forwarded=1
1783000500.990240 publish topic=ipi/detector-output-to-ipi-run-1/latency/av-1/ack bytes=181 forwarded=1
1783000501.220077 publish topic=ipi/detector-output-to-ipi-run-1/latency/av-1/request bytes=343 forwarded=1
1783000501.220694 publish topic=ipi/detector-output-to-ipi-run-1/latency/av-1/ack bytes=181 forwarded=1
1783000501.450109 publish topic=ipi/detector-output-to-ipi-run-1/latency/av-1/request bytes=343 forwarded=1
1783000501.450706 publish topic=ipi/detector-output-to-ipi-run-1/latency/av-1/ack bytes=181 forwarded=1
1783000501.670586 publish topic=ipi/detector-output-to-ipi-run-1/latency/av-1/request bytes=343 forwarded=1
1783000501.671170 publish topic=ipi/detector-output-to-ipi-run-1/latency/av-1/ack bytes=181 forwarded=1
1783000501.891032 publish topic=ipi/detector-output-to-ipi-run-1/latency/av-1/request bytes=343 forwarded=1
1783000501.891625 publish topic=ipi/detector-output-to-ipi-run-1/latency/av-1/ack bytes=181 forwarded=1
1783000502.111341 publish topic=ipi/detector-output-to-ipi-run-1/latency/av-1/request bytes=343 forwarded=1
1783000502.111930 publish topic=ipi/detector-output-to-ipi-run-1/latency/av-1/ack bytes=181 forwarded=1
1783000502.331698 publish topic=ipi/detector-output-to-ipi-run-1/latency/av-1/request bytes=343 forwarded=1
1783000502.332294 publish topic=ipi/detector-output-to-ipi-run-1/latency/av-1/ack bytes=181 forwarded=1
1783000502.562061 publish topic=ipi/detector-output-to-ipi-run-1/latency/av-1/request bytes=343 forwarded=1
1783000502.562650 publish topic=ipi/detector-output-to-ipi-run-1/latency/av-1/ack bytes=181 forwarded=1
1783000502.792291 publish topic=ipi/detector-output-to-ipi-run-1/latency/av-1/request bytes=343 forwarded=1
1783000502.792908 publish topic=ipi/detector-output-to-ipi-run-1/latency/av-1/ack bytes=181 forwarded=1
1783000503.022915 publish topic=ipi/detector-output-to-ipi-run-1/latency/av-1/request bytes=343 forwarded=1
1783000503.023579 publish topic=ipi/detector-output-to-ipi-run-1/latency/av-1/ack bytes=181 forwarded=1
1783000503.253055 publish topic=ipi/detector-output-to-ipi-run-1/latency/av-1/request bytes=343 forwarded=1
1783000503.253669 publish topic=ipi/detector-output-to-ipi-run-1/latency/av-1/ack bytes=181 forwarded=1
1783000503.503501 publish topic=ipi/detector-output-to-ipi-run-1/latency/av-1/request bytes=343 forwarded=1
1783000503.504130 publish topic=ipi/detector-output-to-ipi-run-1/latency/av-1/ack bytes=181 forwarded=1
1783000503.723942 publish topic=ipi/detector-output-to-ipi-run-1/latency/av-1/request bytes=343 forwarded=1
1783000503.724569 publish topic=ipi/detector-output-to-ipi-run-1/latency/av-1/ack bytes=181 forwarded=1
1783000503.944069 publish topic=ipi/detector-output-to-ipi-run-1/latency/av-1/request bytes=343 forwarded=1
1783000503.944709 publish topic=ipi/detector-output-to-ipi-run-1/latency/av-1/ack bytes=181 forwarded=1
1783000504.164446 publish topic=ipi/detector-output-to-ipi-run-1/latency/av-1/request bytes=343 forwarded=1
1783000504.165091 publish topic=ipi/detector-output-to-ipi-run-1/latency/av-1/ack bytes=181 forwarded=1
1783000504.404635 publish topic=ipi/detector-output-to-ipi-run-1/latency/av-1/request bytes=343 forwarded=1
1783000504.405273 publish topic=ipi/detector-output-to-ipi-run-1/latency/av-1/ack bytes=181 forwarded=1
1783000504.624995 publish topic=ipi/detector-output-to-ipi-run-1/latency/av-1/request bytes=343 forwarded=1
1783000504.625618 publish topic=ipi/detector-output-to-ipi-run-1/latency/av-1/ack bytes=181 forwarded=1
1783000504.845243 publish topic=ipi/detector-output-to-ipi-run-1/latency/av-1/request bytes=343 forwarded=1
1783000504.845872 publish topic=ipi/detector-output-to-ipi-run-1/latency/av-1/ack bytes=181 forwarded=1
1783000505.065445 publish topic=ipi/detector-output-to-ipi-run-1/latency/av-1/request bytes=343 forwarded=1
1783000505.066133 publish topic=ipi/detector-output-to-ipi-run-1/latency/av-1/ack bytes=181 forwarded=1
1783000505.285984 publish topic=ipi/detector-output-to-ipi-run-1/latency/av-1/request bytes=343 forwarded=1
1783000505.286594 publish topic=ipi/detector-output-to-ipi-run-1/latency/av-1/ack bytes=181 forwarded=1
1783000505.506120 publish topic=ipi/detector-output-to-ipi-run-1/latency/av-1/request bytes=343 forwarded=1
1783000505.506745 publish topic=ipi/detector-output-to-ipi-run-1/latency/av-1/ack bytes=181 forwarded=1
1783000505.736418 publish topic=ipi/detector-output-to-ipi-run-1/latency/av-1/request bytes=343 forwarded=1
1783000505.737071 publish topic=ipi/detector-output-to-ipi-run-1/latency/av-1/ack bytes=181 forwarded=1
1783000505.976532 publish topic=ipi/detector-output-to-ipi-run-1/latency/av-1/request bytes=343 forwarded=1
1783000505.977181 publish topic=ipi/detector-output-to-ipi-run-1/latency/av-1/ack bytes=181 forwarded=1
1783000506.196928 publish topic=ipi/detector-output-to-ipi-run-1/latency/av-1/request bytes=343 forwarded=1
1783000506.197551 publish topic=ipi/detector-output-to-ipi-run-1/latency/av-1/ack bytes=181 forwarded=1
1783000506.417331 publish topic=ipi/detector-output-to-ipi-run-1/latency/av-1/request bytes=343 forwarded=1
1783000506.417954 publish topic=ipi/detector-output-to-ipi-run-1/latency/av-1/ack bytes=181 forwarded=1
1783000506.647621 publish topic=ipi/detector-output-to-ipi-run-1/latency/av-1/request bytes=343 forwarded=1
1783000506.648262 publish topic=ipi/detector-output-to-ipi-run-1/latency/av-1/ack bytes=181 forwarded=1
1783000506.867929 publish topic=ipi/detector-output-to-ipi-run-1/latency/av-1/request bytes=343 forwarded=1
1783000506.868562 publish topic=ipi/detector-output-to-ipi-run-1/latency/av-1/ack bytes=181 forwarded=1
1783000507.088153 publish topic=ipi/detector-output-to-ipi-run-1/latency/av-1/request bytes=343 forwarded=1
1783000507.088811 publish topic=ipi/detector-output-to-ipi-run-1/latency/av-1/ack bytes=181 forwarded=1
1783000507.308411 publish topic=ipi/detector-output-to-ipi-run-1/latency/av-1/request bytes=343 forwarded=1
1783000507.309103 publish topic=ipi/detector-output-to-ipi-run-1/latency/av-1/ack bytes=181 forwarded=1
1783000507.528696 publish topic=ipi/detector-output-to-ipi-run-1/latency/av-1/request bytes=343 forwarded=1
1783000507.529341 publish topic=ipi/detector-output-to-ipi-run-1/latency/av-1/ack bytes=181 forwarded=1
1783000507.759054 publish topic=ipi/detector-output-to-ipi-run-1/latency/av-1/request bytes=343 forwarded=1
1783000507.759726 publish topic=ipi/detector-output-to-ipi-run-1/latency/av-1/ack bytes=181 forwarded=1
1783000507.979472 publish topic=ipi/detector-output-to-ipi-run-1/latency/av-1/request bytes=343 forwarded=1
1783000507.980143 publish topic=ipi/detector-output-to-ipi-run-1/latency/av-1/ack bytes=181 forwarded=1
1783000508.209916 publish topic=ipi/detector-output-to-ipi-run-1/latency/av-1/request bytes=343 forwarded=1
1783000508.210581 publish topic=ipi/detector-output-to-ipi-run-1/latency/av-1/ack bytes=181 forwarded=1
1783000508.440053 publish topic=ipi/detector-output-to-ipi-run-1/latency/av-1/request bytes=343 forwarded=1
1783000508.440755 publish topic=ipi/detector-output-to-ipi-run-1/latency/av-1/ack bytes=181 forwarded=1
1783000508.670478 publish topic=ipi/detector-output-to-ipi-run-1/latency/av-1/request bytes=343 forwarded=1
1783000508.671112 publish topic=ipi/detector-output-to-ipi-run-1/latency/av-1/ack bytes=181 forwarded=1
1783000508.900920 publish topic=ipi/detector-output-to-ipi-run-1/latency/av-1/request bytes=343 forwarded=1
1783000508.901559 publish topic=ipi/detector-output-to-ipi-run-1/latency/av-1/ack bytes=181 forwarded=1
1783000509.131061 publish topic=ipi/detector-output-to-ipi-run-1/latency/av-1/request bytes=343 forwarded=1
1783000509.131697 publish topic=ipi/detector-output-to-ipi-run-1/latency/av-1/ack bytes=181 forwarded=1
1783000509.381656 publish topic=ipi/detector-output-to-ipi-run-1/latency/av-1/request bytes=343 forwarded=1
1783000509.382284 publish topic=ipi/detector-output-to-ipi-run-1/latency/av-1/ack bytes=181 forwarded=1
1783000509.612312 publish topic=ipi/detector-output-to-ipi-run-1/latency/av-1/request bytes=343 forwarded=1
1783000509.612977 publish topic=ipi/detector-output-to-ipi-run-1/latency/av-1/ack bytes=181 forwarded=1
1783000509.862502 publish topic=ipi/detector-output-to-ipi-run-1/latency/av-1/request bytes=343 forwarded=1
1783000509.863140 publish topic=ipi/detector-output-to-ipi-run-1/latency/av-1/ack bytes=181 forwarded=1
1783000510.102931 publish topic=ipi/detector-output-to-ipi-run-1/latency/av-1/request bytes=343 forwarded=1
1783000510.103565 publish topic=ipi/detector-output-to-ipi-run-1/latency/av-1/ack bytes=181 forwarded=1
1783000510.323305 publish topic=ipi/detector-output-to-ipi-run-1/latency/av-1/request bytes=343 forwarded=1
1783000510.323959 publish topic=ipi/detector-output-to-ipi-run-1/latency/av-1/ack bytes=181 forwarded=1
1783000510.543448 publish topic=ipi/detector-output-to-ipi-run-1/latency/av-1/request bytes=343 forwarded=1
1783000510.544090 publish topic=ipi/detector-output-to-ipi-run-1/latency/av-1/ack bytes=181 forwarded=1
1783000510.763942 publish topic=ipi/detector-output-to-ipi-run-1/latency/av-1/request bytes=343 forwarded=1
1783000510.764566 publish topic=ipi/detector-output-to-ipi-run-1/latency/av-1/ack bytes=181 forwarded=1
1783000510.984065 publish topic=ipi/detector-output-to-ipi-run-1/latency/av-1/request bytes=343 forwarded=1
1783000510.984738 publish topic=ipi/detector-output-to-ipi-run-1/latency/av-1/ack bytes=181 forwarded=1
1783000511.204394 publish topic=ipi/detector-output-to-ipi-run-1/latency/av-1/request bytes=343 forwarded=1
1783000511.205090 publish topic=ipi/detector-output-to-ipi-run-1/latency/av-1/ack bytes=181 forwarded=1
1783000511.434881 publish topic=ipi/detector-output-to-ipi-run-1/latency/av-1/request bytes=343 forwarded=1
1783000511.435525 publish topic=ipi/detector-output-to-ipi-run-1/latency/av-1/ack bytes=181 forwarded=1
1783000511.665043 publish topic=ipi/detector-output-to-ipi-run-1/latency/av-1/request bytes=343 forwarded=1
1783000511.665661 publish topic=ipi/detector-output-to-ipi-run-1/latency/av-1/ack bytes=181 forwarded=1
1783000511.895441 publish topic=ipi/detector-output-to-ipi-run-1/latency/av-1/request bytes=343 forwarded=1
1783000511.896116 publish topic=ipi/detector-output-to-ipi-run-1/latency/av-1/ack bytes=181 forwarded=1
1783000512.125619 publish topic=ipi/detector-output-to-ipi-run-1/latency/av-1/request bytes=343 forwarded=1
1783000512.126258 publish topic=ipi/detector-output-to-ipi-run-1/latency/av-1/ack bytes=181 forwarded=1
1783000512.356166 publish topic=ipi/detector-output-to-ipi-run-1/latency/av-1/request bytes=343 forwarded=1
1783000512.356834 publish topic=ipi/detector-output-to-ipi-run-1/latency/av-1/ack bytes=181 forwarded=1
1783000512.576190 publish topic=ipi/detector-output-to-ipi-run-1/latency/av-1/request bytes=343 forwarded=1
1783000512.576836 publish topic=ipi/detector-output-to-ipi-run-1/latency/av-1/ack bytes=181 forwarded=1
1783000512.796567 publish topic=ipi/detector-output-to-ipi-run-1/latency/av-1/request bytes=343 forwarded=1
1783000512.797194 publish topic=ipi/detector-output-to-ipi-run-1/latency/av-1/ack bytes=181 forwarded=1
1783000513.016890 publish topic=ipi/detector-output-to-ipi-run-1/latency/av-1/request bytes=343 forwarded=1
1783000513.017515 publish topic=ipi/detector-output-to-ipi-run-1/latency/av-1/ack bytes=181 forwarded=1
1783000513.237006 publish topic=ipi/detector-output-to-ipi-run-1/latency/av-1/request bytes=343 forwarded=1
1783000513.237628 publish topic=ipi/detector-output-to-ipi-run-1/latency/av-1/ack bytes=181 forwarded=1
1783000513.457269 publish topic=ipi/detector-output-to-ipi-run-1/latency/av-1/request bytes=343 forwarded=1
1783000513.457912 publish topic=ipi/detector-output-to-ipi-run-1/latency/av-1/ack bytes=181 forwarded=1
1783000513.677803 publish topic=ipi/detector-output-to-ipi-run-1/latency/av-1/request bytes=343 forwarded=1
1783000513.678446 publish topic=ipi/detector-output-to-ipi-run-1/latency/av-1/ack bytes=181 forwarded=1
1783000513.918113 publish topic=ipi/detector-output-to-ipi-run-1/latency/av-1/request bytes=343 forwarded=1
1783000513.918751 publish topic=ipi/detector-output-to-ipi-run-1/latency/av-1/ack bytes=181 forwarded=1
1783000514.138264 publish topic=ipi/detector-output-to-ipi-run-1/latency/av-1/request bytes=343 forwarded=1
1783000514.138896 publish topic=ipi/detector-output-to-ipi-run-1/latency/av-1/ack bytes=181 forwarded=1
1783000514.358578 publish topic=ipi/detector-output-to-ipi-run-1/latency/av-1/request bytes=343 forwarded=1
1783000514.359215 publish topic=ipi/detector-output-to-ipi-run-1/latency/av-1/ack bytes=181 forwarded=1
1783000514.588938 publish topic=ipi/detector-output-to-ipi-run-1/latency/av-1/request bytes=343 forwarded=1
1783000514.589583 publish topic=ipi/detector-output-to-ipi-run-1/latency/av-1/ack bytes=181 forwarded=1
1783000514.819382 publish topic=ipi/detector-output-to-ipi-run-1/latency/av-1/request bytes=343 forwarded=1
1783000514.820016 publish topic=ipi/detector-output-to-ipi-run-1/latency/av-1/ack bytes=181 forwarded=1
1783000515.049431 publish topic=ipi/detector-output-to-ipi-run-1/latency/av-1/request bytes=343 forwarded=1
1783000515.050044 publish topic=ipi/detector-output-to-ipi-run-1/latency/av-1/ack bytes=181 forwarded=1
1783000515.279934 publish topic=ipi/detector-output-to-ipi-run-1/latency/av-1/request bytes=343 forwarded=1
1783000515.280573 publish topic=ipi/detector-output-to-ipi-run-1/latency/av-1/ack bytes=181 forwarded=1
1783000515.530056 publish topic=ipi/detector-output-to-ipi-run-1/latency/av-1/request bytes=343 forwarded=1
1783000515.530705 publish topic=ipi/detector-output-to-ipi-run-1/latency/av-1/ack bytes=181 forwarded=1
1783000515.770649 publish topic=ipi/detector-output-to-ipi-run-1/latency/av-1/request bytes=343 forwarded=1
1783000515.771287 publish topic=ipi/detector-output-to-ipi-run-1/latency/av-1/ack bytes=181 forwarded=1
1783000516.020974 publish topic=ipi/detector-output-to-ipi-run-1/latency/av-1/request bytes=343 forwarded=1
1783000516.021594 publish topic=ipi/detector-output-to-ipi-run-1/latency/av-1/ack bytes=181 forwarded=1
1783000516.251674 publish topic=ipi/detector-output-to-ipi-run-1/latency/av-1/request bytes=343 forwarded=1
1783000516.252312 publish topic=ipi/detector-output-to-ipi-run-1/latency/av-1/ack bytes=181 forwarded=1
1783000516.491924 publish topic=ipi/detector-output-to-ipi-run-1/latency/av-1/request bytes=343 forwarded=1
1783000516.492548 publish topic=ipi/detector-output-to-ipi-run-1/latency/av-1/ack bytes=181 forwarded=1
1783000516.732369 publish topic=ipi/detector-output-to-ipi-run-1/latency/av-1/request bytes=343 forwarded=1
1783000516.733045 publish topic=ipi/detector-output-to-ipi-run-1/latency/av-1/ack bytes=181 forwarded=1
1783000516.992623 publish topic=ipi/detector-output-to-ipi-run-1/latency/av-1/request bytes=343 forwarded=1
1783000516.993282 publish topic=ipi/detector-output-to-ipi-run-1/latency/av-1/ack bytes=181 forwarded=1
1783000517.213074 publish topic=ipi/detector-output-to-ipi-run-1/latency/av-1/request bytes=343 forwarded=1
1783000517.213714 publish topic=ipi/detector-output-to-ipi-run-1/latency/av-1/ack bytes=181 forwarded=1
1783000517.433361 publish topic=ipi/detector-output-to-ipi-run-1/latency/av-1/request bytes=343 forwarded=1
1783000517.434006 publish topic=ipi/detector-output-to-ipi-run-1/latency/av-1/ack bytes=181 forwarded=1
1783000517.653658 publish topic=ipi/detector-output-to-ipi-run-1/latency/av-1/request bytes=343 forwarded=1
1783000517.654297 publish topic=ipi/detector-output-to-ipi-run-1/latency/av-1/ack bytes=181 forwarded=1
1783000517.883972 publish topic=ipi/detector-output-to-ipi-run-1/latency/av-1/request bytes=343 forwarded=1
1783000517.884598 publish topic=ipi/detector-output-to-ipi-run-1/latency/av-1/ack bytes=181 forwarded=1
1783000518.104174 publish topic=ipi/detector-output-to-ipi-run-1/latency/av-1/request bytes=343 forwarded=1
1783000518.104847 publish topic=ipi/detector-output-to-ipi-run-1/latency/av-1/ack bytes=181 forwarded=1
1783000518.324858 publish topic=ipi/detector-output-to-ipi-run-1/latency/av-1/request bytes=343 forwarded=1
1783000518.325479 publish topic=ipi/detector-output-to-ipi-run-1/latency/av-1/ack bytes=181 forwarded=1
1783000518.544939 publish topic=ipi/detector-output-to-ipi-run-1/latency/av-1/request bytes=343 forwarded=1
1783000518.545581 publish topic=ipi/detector-output-to-ipi-run-1/latency/av-1/ack bytes=181 forwarded=1
1783000518.765173 publish topic=ipi/detector-output-to-ipi-run-1/latency/av-1/request bytes=343 forwarded=1
1783000518.765810 publish topic=ipi/detector-output-to-ipi-run-1/latency/av-1/ack bytes=181 forwarded=1
1783000518.995554 publish topic=ipi/detector-output-to-ipi-run-1/latency/av-1/request bytes=343 forwarded=1
1783000518.996201 publish topic=ipi/detector-output-to-ipi-run-1/latency/av-1/ack bytes=181 forwarded=1
1783000519.215775 publish topic=ipi/detector-output-to-ipi-run-1/latency/av-1/request bytes=343 forwarded=1
1783000519.216453 publish topic=ipi/detector-output-to-ipi-run-1/latency/av-1/ack bytes=181 forwarded=1
1783000519.445898 publish topic=ipi/detector-output-to-ipi-run-1/latency/av-1/request bytes=343 forwarded=1
1783000519.446537 publish topic=ipi/detector-output-to-ipi-run-1/latency/av-1/ack bytes=181 forwarded=1
1783000519.666422 publish topic=ipi/detector-output-to-ipi-run-1/latency/av-1/request bytes=343 forwarded=1
1783000519.667067 publish topic=ipi/detector-output-to-ipi-run-1/latency/av-1/ack bytes=181 forwarded=1
1783000519.896919 publish topic=ipi/detector-output-to-ipi-run-1/latency/av-1/request bytes=343 forwarded=1
1783000519.897585 publish topic=ipi/detector-output-to-ipi-run-1/latency/av-1/ack bytes=181 forwarded=1
1783000520.126837 publish topic=ipi/detector-output-to-ipi-run-1/latency/av-1/request bytes=343 forwarded=1
1783000520.127463 publish topic=ipi/detector-output-to-ipi-run-1/latency/av-1/ack bytes=181 forwarded=1
1783000520.347284 publish topic=ipi/detector-output-to-ipi-run-1/latency/av-1/request bytes=343 forwarded=1
1783000520.347915 publish topic=ipi/detector-output-to-ipi-run-1/latency/av-1/ack bytes=181 forwarded=1
1783000520.567682 publish topic=ipi/detector-output-to-ipi-run-1/latency/av-1/request bytes=343 forwarded=1
1783000520.568313 publish topic=ipi/detector-output-to-ipi-run-1/latency/av-1/ack bytes=181 forwarded=1
1783000520.787856 publish topic=ipi/detector-output-to-ipi-run-1/latency/av-1/request bytes=343 forwarded=1
1783000520.788485 publish topic=ipi/detector-output-to-ipi-run-1/latency/av-1/ack bytes=181 forwarded=1
1783000521.007986 publish topic=ipi/detector-output-to-ipi-run-1/latency/av-1/request bytes=343 forwarded=1
1783000521.008629 publish topic=ipi/detector-output-to-ipi-run-1/latency/av-1/ack bytes=181 forwarded=1
1783000521.228170 publish topic=ipi/detector-output-to-ipi-run-1/latency/av-1/request bytes=343 forwarded=1
1783000521.228892 publish topic=ipi/detector-output-to-ipi-run-1/latency/av-1/ack bytes=181 forwarded=1
1783000521.448599 publish topic=ipi/detector-output-to-ipi-run-1/latency/av-1/request bytes=343 forwarded=1
1783000521.449265 publish topic=ipi/detector-output-to-ipi-run-1/latency/av-1/ack bytes=181 forwarded=1
1783000521.679003 publish topic=ipi/detector-output-to-ipi-run-1/latency/av-1/request bytes=343 forwarded=1
1783000521.679636 publish topic=ipi/detector-output-to-ipi-run-1/latency/av-1/ack bytes=181 forwarded=1
1783000521.899558 publish topic=ipi/detector-output-to-ipi-run-1/latency/av-1/request bytes=343 forwarded=1
1783000521.900198 publish topic=ipi/detector-output-to-ipi-run-1/latency/av-1/ack bytes=181 forwarded=1
1783000522.119858 publish topic=ipi/detector-output-to-ipi-run-1/latency/av-1/request bytes=343 forwarded=1
1783000522.120485 publish topic=ipi/detector-output-to-ipi-run-1/latency/av-1/ack bytes=181 forwarded=1
1783000522.350216 publish topic=ipi/detector-output-to-ipi-run-1/latency/av-1/request bytes=343 forwarded=1
1783000522.350846 publish topic=ipi/detector-output-to-ipi-run-1/latency/av-1/ack bytes=181 forwarded=1
1783000522.580937 publish topic=ipi/detector-output-to-ipi-run-1/latency/av-1/request bytes=343 forwarded=1
1783000522.581579 publish topic=ipi/detector-output-to-ipi-run-1/latency/av-1/ack bytes=181 forwarded=1
1783000522.821626 publish topic=ipi/detector-output-to-ipi-run-1/latency/av-1/request bytes=343 forwarded=1
1783000522.822260 publish topic=ipi/detector-output-to-ipi-run-1/latency/av-1/ack bytes=181 forwarded=1
1783000523.052244 publish topic=ipi/detector-output-to-ipi-run-1/latency/av-1/request bytes=343 forwarded=1
1783000523.052898 publish topic=ipi/detector-output-to-ipi-run-1/latency/av-1/ack bytes=181 forwarded=1
1783000523.312589 publish topic=ipi/detector-output-to-ipi-run-1/latency/av-1/request bytes=343 forwarded=1
1783000523.313235 publish topic=ipi/detector-output-to-ipi-run-1/latency/av-1/ack bytes=181 forwarded=1
1783000523.553140 publish topic=ipi/detector-output-to-ipi-run-1/latency/av-1/request bytes=343 forwarded=1
1783000523.553774 publish topic=ipi/detector-output-to-ipi-run-1/latency/av-1/ack bytes=181 forwarded=1
1783000523.773880 publish topic=ipi/detector-output-to-ipi-run-1/latency/av-1/request bytes=343 forwarded=1
1783000523.774504 publish topic=ipi/detector-output-to-ipi-run-1/latency/av-1/ack bytes=181 forwarded=1
1783000523.994193 publish topic=ipi/detector-output-to-ipi-run-1/latency/av-1/request bytes=343 forwarded=1
1783000523.994825 publish topic=ipi/detector-output-to-ipi-run-1/latency/av-1/ack bytes=181 forwarded=1
1783000524.214734 publish topic=ipi/detector-output-to-ipi-run-1/latency/av-1/request bytes=343 forwarded=1
1783000524.215360 publish topic=ipi/detector-output-to-ipi-run-1/latency/av-1/ack bytes=181 forwarded=1
1783000524.435178 publish topic=ipi/detector-output-to-ipi-run-1/latency/av-1/request bytes=343 forwarded=1
1783000524.435838 publish topic=ipi/detector-output-to-ipi-run-1/latency/av-1/ack bytes=181 forwarded=1
1783000524.655555 publish topic=ipi/detector-output-to-ipi-run-1/latency/av-1/request bytes=343 forwarded=1
1783000524.656192 publish topic=ipi/detector-output-to-ipi-run-1/latency/av-1/ack bytes=181 forwarded=1
1783000524.875859 publish topic=ipi/detector-output-to-ipi-run-1/latency/av-1/request bytes=343 forwarded=1
1783000524.876482 publish topic=ipi/detector-output-to-ipi-run-1/latency/av-1/ack bytes=181 forwarded=1
1783000525.106253 publish topic=ipi/detector-output-to-ipi-run-1/latency/av-1/request bytes=343 forwarded=1
1783000525.106885 publish topic=ipi/detector-output-to-ipi-run-1/latency/av-1/ack bytes=181 forwarded=1
1783000525.326795 publish topic=ipi/detector-output-to-ipi-run-1/latency/av-1/request bytes=343 forwarded=1
1783000525.327429 publish topic=ipi/detector-output-to-ipi-run-1/latency/av-1/ack bytes=181 forwarded=1
1783000525.577207 publish topic=ipi/detector-output-to-ipi-run-1/latency/av-1/request bytes=343 forwarded=1
1783000525.577819 publish topic=ipi/detector-output-to-ipi-run-1/latency/av-1/ack bytes=181 forwarded=1
1783000525.797823 publish topic=ipi/detector-output-to-ipi-run-1/latency/av-1/request bytes=343 forwarded=1
1783000525.798458 publish topic=ipi/detector-output-to-ipi-run-1/latency/av-1/ack bytes=181 forwarded=1
1783000526.028273 publish topic=ipi/detector-output-to-ipi-run-1/latency/av-1/request bytes=343 forwarded=1
1783000526.028909 publish topic=ipi/detector-output-to-ipi-run-1/latency/av-1/ack bytes=181 forwarded=1
1783000526.248606 publish topic=ipi/detector-output-to-ipi-run-1/latency/av-1/request bytes=343 forwarded=1
1783000526.249272 publish topic=ipi/detector-output-to-ipi-run-1/latency/av-1/ack bytes=181 forwarded=1
1783000526.479101 publish topic=ipi/detector-output-to-ipi-run-1/latency/av-1/request bytes=343 forwarded=1
1783000526.479782 publish topic=ipi/detector-output-to-ipi-run-1/latency/av-1/ack bytes=181 forwarded=1
1783000526.699649 publish topic=ipi/detector-output-to-ipi-run-1/latency/av-1/request bytes=343 forwarded=1
1783000526.700282 publish topic=ipi/detector-output-to-ipi-run-1/latency/av-1/ack bytes=181 forwarded=1
1783000526.930107 publish topic=ipi/detector-output-to-ipi-run-1/latency/av-1/request bytes=343 forwarded=1
1783000526.930749 publish topic=ipi/detector-output-to-ipi-run-1/latency/av-1/ack bytes=181 forwarded=1
1783000527.160292 publish topic=ipi/detector-output-to-ipi-run-1/latency/av-1/request bytes=343 forwarded=1
1783000527.160952 publish topic=ipi/detector-output-to-ipi-run-1/latency/av-1/ack bytes=181 forwarded=1
1783000527.391016 publish topic=ipi/detector-output-to-ipi-run-1/latency/av-1/request bytes=343 forwarded=1
1783000527.391652 publish topic=ipi/detector-output-to-ipi-run-1/latency/av-1/ack bytes=181 forwarded=1
1783000527.621217 publish topic=ipi/detector-output-to-ipi-run-1/latency/av-1/request bytes=343 forwarded=1
1783000527.621858 publish topic=ipi/detector-output-to-ipi-run-1/latency/av-1/ack bytes=181 forwarded=1
1783000527.841763 publish topic=ipi/detector-output-to-ipi-run-1/latency/av-1/request bytes=343 forwarded=1
1783000527.842393 publish topic=ipi/detector-output-to-ipi-run-1/latency/av-1/ack bytes=181 forwarded=1
1783000528.062260 publish topic=ipi/detector-output-to-ipi-run-1/latency/av-1/request bytes=343 forwarded=1
1783000528.062892 publish topic=ipi/detector-output-to-ipi-run-1/latency/av-1/ack bytes=181 forwarded=1
1783000528.292995 publish topic=ipi/detector-output-to-ipi-run-1/latency/av-1/request bytes=343 forwarded=1
1783000528.293637 publish topic=ipi/detector-output-to-ipi-run-1/latency/av-1/ack bytes=181 forwarded=1
1783000528.523358 publish topic=ipi/detector-output-to-ipi-run-1/latency/av-1/request bytes=343 forwarded=1
1783000528.524009 publish topic=ipi/detector-output-to-ipi-run-1/latency/av-1/ack bytes=181 forwarded=1
1783000528.844081 publish topic=ipi/detector-output-to-ipi-run-1/latency/av-1/request bytes=343 forwarded=1
1783000528.844734 publish topic=ipi/detector-output-to-ipi-run-1/latency/av-1/ack bytes=181 forwarded=1
1783000529.104802 publish topic=ipi/detector-output-to-ipi-run-1/latency/av-1/request bytes=343 forwarded=1
1783000529.105442 publish topic=ipi/detector-output-to-ipi-run-1/latency/av-1/ack bytes=181 forwarded=1
1783000529.325274 publish topic=ipi/detector-output-to-ipi-run-1/latency/av-1/request bytes=343 forwarded=1
1783000529.325912 publish topic=ipi/detector-output-to-ipi-run-1/latency/av-1/ack bytes=181 forwarded=1
1783000529.615922 publish topic=ipi/detector-output-to-ipi-run-1/latency/av-1/request bytes=343 forwarded=1
1783000529.616552 publish topic=ipi/detector-output-to-ipi-run-1/latency/av-1/ack bytes=181 forwarded=1
1783000529.856464 publish topic=ipi/detector-output-to-ipi-run-1/latency/av-1/request bytes=343 forwarded=1
1783000529.857131 publish topic=ipi/detector-output-to-ipi-run-1/latency/av-1/ack bytes=181 forwarded=1
1783000530.106859 publish topic=ipi/detector-output-to-ipi-run-1/latency/av-1/request bytes=343 forwarded=1
1783000530.107504 publish topic=ipi/detector-output-to-ipi-run-1/latency/av-1/ack bytes=181 forwarded=1
1783000530.357172 publish topic=ipi/detector-output-to-ipi-run-1/latency/av-1/request bytes=343 forwarded=1
1783000530.357813 publish topic=ipi/detector-output-to-ipi-run-1/latency/av-1/ack bytes=181 forwarded=1
1783000530.587588 publish topic=ipi/detector-output-to-ipi-run-1/latency/av-1/request bytes=343 forwarded=1
1783000530.588286 publish topic=ipi/detector-output-to-ipi-run-1/latency/av-1/ack bytes=181 forwarded=1
1783000530.838090 publish topic=ipi/detector-output-to-ipi-run-1/latency/av-1/request bytes=343 forwarded=1
1783000530.838736 publish topic=ipi/detector-output-to-ipi-run-1/latency/av-1/ack bytes=181 forwarded=1
1783000531.078256 publish topic=ipi/detector-output-to-ipi-run-1/latency/av-1/request bytes=343 forwarded=1
1783000531.078972 publish topic=ipi/detector-output-to-ipi-run-1/latency/av-1/ack bytes=181 forwarded=1
1783000531.328700 publish topic=ipi/detector-output-to-ipi-run-1/latency/av-1/request bytes=343 forwarded=1
1783000531.329346 publish topic=ipi/detector-output-to-ipi-run-1/latency/av-1/ack bytes=181 forwarded=1
1783000531.559149 publish topic=ipi/detector-output-to-ipi-run-1/latency/av-1/request bytes=343 forwarded=1
1783000531.559782 publish topic=ipi/detector-output-to-ipi-run-1/latency/av-1/ack bytes=181 forwarded=1
1783000531.789570 publish topic=ipi/detector-output-to-ipi-run-1/latency/av-1/request bytes=343 forwarded=1
1783000531.790201 publish topic=ipi/detector-output-to-ipi-run-1/latency/av-1/ack bytes=181 forwarded=1
1783000532.019836 publish topic=ipi/detector-output-to-ipi-run-1/latency/av-1/request bytes=343 forwarded=1
1783000532.020476 publish topic=ipi/detector-output-to-ipi-run-1/latency/av-1/ack bytes=181 forwarded=1
1783000532.240217 publish topic=ipi/detector-output-to-ipi-run-1/latency/av-1/request bytes=343 forwarded=1
1783000532.240870 publish topic=ipi/detector-output-to-ipi-run-1/latency/av-1/ack bytes=181 forwarded=1
1783000532.470435 publish topic=ipi/detector-output-to-ipi-run-1/latency/av-1/request bytes=343 forwarded=1
1783000532.471068 publish topic=ipi/detector-output-to-ipi-run-1/latency/av-1/ack bytes=181 forwarded=1
1783000532.690835 publish topic=ipi/detector-output-to-ipi-run-1/latency/av-1/request bytes=343 forwarded=1
1783000532.691463 publish topic=ipi/detector-output-to-ipi-run-1/latency/av-1/ack bytes=181 forwarded=1
1783000532.921012 publish topic=ipi/detector-output-to-ipi-run-1/latency/av-1/request bytes=343 forwarded=1
1783000532.921644 publish topic=ipi/detector-output-to-ipi-run-1/latency/av-1/ack bytes=181 forwarded=1
1783000533.151285 publish topic=ipi/detector-output-to-ipi-run-1/latency/av-1/request bytes=343 forwarded=1
1783000533.151918 publish topic=ipi/detector-output-to-ipi-run-1/latency/av-1/ack bytes=181 forwarded=1
1783000533.381720 publish topic=ipi/detector-output-to-ipi-run-1/latency/av-1/request bytes=343 forwarded=1
1783000533.382380 publish topic=ipi/detector-output-to-ipi-run-1/latency/av-1/ack bytes=181 forwarded=1
1783000533.611896 publish topic=ipi/detector-output-to-ipi-run-1/latency/av-1/request bytes=343 forwarded=1
1783000533.612529 publish topic=ipi/detector-output-to-ipi-run-1/latency/av-1/ack bytes=181 forwarded=1
1783000533.832067 publish topic=ipi/detector-output-to-ipi-run-1/latency/av-1/request bytes=343 forwarded=1
1783000533.832742 publish topic=ipi/detector-output-to-ipi-run-1/latency/av-1/ack bytes=181 forwarded=1
1783000534.062398 publish topic=ipi/detector-output-to-ipi-run-1/latency/av-1/request bytes=343 forwarded=1
1783000534.063080 publish topic=ipi/detector-output-to-ipi-run-1/latency/av-1/ack bytes=181 forwarded=1
1783000534.282787 publish topic=ipi/detector-output-to-ipi-run-1/latency/av-1/request bytes=343 forwarded=1
1783000534.283426 publish topic=ipi/detector-output-to-ipi-run-1/latency/av-1/ack bytes=181 forwarded=1
1783000534.503148 publish topic=ipi/detector-output-to-ipi-run-1/latency/av-1/request bytes=343 forwarded=1
1783000534.503795 publish topic=ipi/detector-output-to-ipi-run-1/latency/av-1/ack bytes=181 forwarded=1
1783000534.723271 publish topic=ipi/detector-output-to-ipi-run-1/latency/av-1/request bytes=343 forwarded=1
1783000534.723916 publish topic=ipi/detector-output-to-ipi-run-1/latency/av-1/ack bytes=181 forwarded=1
1783000534.943558 publish topic=ipi/detector-output-to-ipi-run-1/latency/av-1/request bytes=343 forwarded=1
1783000534.944190 publish topic=ipi/detector-output-to-ipi-run-1/latency/av-1/ack bytes=181 forwarded=1
1783000535.163806 publish topic=ipi/detector-output-to-ipi-run-1/latency/av-1/request bytes=343 forwarded=1
1783000535.164429 publish topic=ipi/detector-output-to-ipi-run-1/latency/av-1/ack bytes=181 forwarded=1
1783000535.384041 publish topic=ipi/detector-output-to-ipi-run-1/latency/av-1/request bytes=343 forwarded=1
1783000535.384713 publish topic=ipi/detector-output-to-ipi-run-1/latency/av-1/ack bytes=181 forwarded=1
1783000535.614337 publish topic=ipi/detector-output-to-ipi-run-1/latency/av-1/request bytes=343 forwarded=1
1783000535.614992 publish topic=ipi/detector-output-to-ipi-run-1/latency/av-1/ack bytes=181 forwarded=1
1783000535.844784 publish topic=ipi/detector-output-to-ipi-run-1/latency/av-1/request bytes=343 forwarded=1
1783000535.845402 publish topic=ipi/detector-output-to-ipi-run-1/latency/av-1/ack bytes=181 forwarded=1
1783000536.074711 publish topic=ipi/detector-output-to-ipi-run-1/latency/av-1/request bytes=343 forwarded=1
1783000536.075319 publish topic=ipi/detector-output-to-ipi-run-1/latency/av-1/ack bytes=181 forwarded=1
1783000536.305325 publish topic=ipi/detector-output-to-ipi-run-1/latency/av-1/request bytes=343 forwarded=1
1783000536.305932 publish topic=ipi/detector-output-to-ipi-run-1/latency/av-1/ack bytes=181 forwarded=1
1783000536.525595 publish topic=ipi/detector-output-to-ipi-run-1/latency/av-1/request bytes=343 forwarded=1
1783000536.526232 publish topic=ipi/detector-output-to-ipi-run-1/latency/av-1/ack bytes=181 forwarded=1
1783000536.745756 publish topic=ipi/detector-output-to-ipi-run-1/latency/av-1/request bytes=343 forwarded=1
1783000536.746347 publish topic=ipi/detector-output-to-ipi-run-1/latency/av-1/ack bytes=181 forwarded=1
1783000536.986090 publish topic=ipi/detector-output-to-ipi-run-1/latency/av-1/request bytes=343 forwarded=1
1783000536.986706 publish topic=ipi/detector-output-to-ipi-run-1/latency/av-1/ack bytes=181 forwarded=1
1783000537.216375 publish topic=ipi/detector-output-to-ipi-run-1/latency/av-1/request bytes=343 forwarded=1
1783000537.217063 publish topic=ipi/detector-output-to-ipi-run-1/latency/av-1/ack bytes=181 forwarded=1
1783000537.446912 publish topic=ipi/detector-output-to-ipi-run-1/latency/av-1/request bytes=343 forwarded=1
1783000537.447532 publish topic=ipi/detector-output-to-ipi-run-1/latency/av-1/ack bytes=181 forwarded=1
1783000537.677377 publish topic=ipi/detector-output-to-ipi-run-1/latency/av-1/request bytes=343 forwarded=1
1783000537.678015 publish topic=ipi/detector-output-to-ipi-run-1/latency/av-1/ack bytes=181 forwarded=1
1783000537.907862 publish topic=ipi/detector-output-to-ipi-run-1/latency/av-1/request bytes=343 forwarded=1
1783000537.908471 publish topic=ipi/detector-output-to-ipi-run-1/latency/av-1/ack bytes=181 forwarded=1
1783000538.168476 publish topic=ipi/detector-output-to-ipi-run-1/latency/av-1/request bytes=343 forwarded=1
1783000538.169118 publish topic=ipi/detector-output-to-ipi-run-1/latency/av-1/ack bytes=181 forwarded=1
1783000538.399030 publish topic=ipi/detector-output-to-ipi-run-1/latency/av-1/request bytes=343 forwarded=1
1783000538.399644 publish topic=ipi/detector-output-to-ipi-run-1/latency/av-1/ack bytes=181 forwarded=1
1783000538.629355 publish topic=ipi/detector-output-to-ipi-run-1/latency/av-1/request bytes=343 forwarded=1
1783000538.629963 publish topic=ipi/detector-output-to-ipi-run-1/latency/av-1/ack bytes=181 forwarded=1
1783000538.859709 publish topic=ipi/detector-output-to-ipi-run-1/latency/av-1/request bytes=343 forwarded=1
1783000538.860300 publish topic=ipi/detector-output-to-ipi-run-1/latency/av-1/ack bytes=181 forwarded=1
1783000539.090558 publish topic=ipi/detector-output-to-ipi-run-1/latency/av-1/request bytes=343 forwarded=1
1783000539.091173 publish topic=ipi/detector-output-to-ipi-run-1/latency/av-1/ack bytes=181 forwarded=1
1783000539.321059 publish topic=ipi/detector-output-to-ipi-run-1/latency/av-1/request bytes=343 forwarded=1
1783000539.321668 publish topic=ipi/detector-output-to-ipi-run-1/latency/av-1/ack bytes=181 forwarded=1
1783000539.551283 publish topic=ipi/detector-output-to-ipi-run-1/latency/av-1/request bytes=343 forwarded=1
1783000539.551898 publish topic=ipi/detector-output-to-ipi-run-1/latency/av-1/ack bytes=181 forwarded=1
1783000539.781846 publish topic=ipi/detector-output-to-ipi-run-1/latency/av-1/request bytes=343 forwarded=1
1783000539.782480 publish topic=ipi/detector-output-to-ipi-run-1/latency/av-1/ack bytes=181 forwarded=1
1783000540.002100 publish topic=ipi/detector-output-to-ipi-run-1/latency/av-1/request bytes=343 forwarded=1
1783000540.002716 publish topic=ipi/detector-output-to-ipi-run-1/latency/av-1/ack bytes=181 forwarded=1
1783000540.222445 publish topic=ipi/detector-output-to-ipi-run-1/latency/av-1/request bytes=343 forwarded=1
1783000540.223057 publish topic=ipi/detector-output-to-ipi-run-1/latency/av-1/ack bytes=181 forwarded=1
1783000540.443119 publish topic=ipi/detector-output-to-ipi-run-1/latency/av-1/request bytes=343 forwarded=1
1783000540.443717 publish topic=ipi/detector-output-to-ipi-run-1/latency/av-1/ack bytes=181 forwarded=1
1783000540.663257 publish topic=ipi/detector-output-to-ipi-run-1/latency/av-1/request bytes=343 forwarded=1
1783000540.663865 publish topic=ipi/detector-output-to-ipi-run-1/latency/av-1/ack bytes=181 forwarded=1
1783000540.883942 publish topic=ipi/detector-output-to-ipi-run-1/latency/av-1/request bytes=343 forwarded=1
1783000540.884568 publish topic=ipi/detector-output-to-ipi-run-1/latency/av-1/ack bytes=181 forwarded=1
1783000541.104324 publish topic=ipi/detector-output-to-ipi-run-1/latency/av-1/request bytes=343 forwarded=1
1783000541.104970 publish topic=ipi/detector-output-to-ipi-run-1/latency/av-1/ack bytes=181 forwarded=1
1783000541.324881 publish topic=ipi/detector-output-to-ipi-run-1/latency/av-1/request bytes=343 forwarded=1
1783000541.325524 publish topic=ipi/detector-output-to-ipi-run-1/latency/av-1/ack bytes=181 forwarded=1
1783000541.545111 publish topic=ipi/detector-output-to-ipi-run-1/latency/av-1/request bytes=343 forwarded=1
1783000541.545729 publish topic=ipi/detector-output-to-ipi-run-1/latency/av-1/ack bytes=181 forwarded=1
1783000541.765448 publish topic=ipi/detector-output-to-ipi-run-1/latency/av-1/request bytes=343 forwarded=1
1783000541.766067 publish topic=ipi/detector-output-to-ipi-run-1/latency/av-1/ack bytes=181 forwarded=1
1783000541.995926 publish topic=ipi/detector-output-to-ipi-run-1/latency/av-1/request bytes=343 forwarded=1
1783000541.996537 publish topic=ipi/detector-output-to-ipi-run-1/latency/av-1/ack bytes=181 forwarded=1
1783000542.216410 publish topic=ipi/detector-output-to-ipi-run-1/latency/av-1/request bytes=343 forwarded=1
1783000542.217054 publish topic=ipi/detector-output-to-ipi-run-1/latency/av-1/ack bytes=181 forwarded=1
1783000542.446807 publish topic=ipi/detector-output-to-ipi-run-1/latency/av-1/request bytes=343 forwarded=1
1783000542.447445 publish topic=ipi/detector-output-to-ipi-run-1/latency/av-1/ack bytes=181 forwarded=1
1783000542.667464 publish topic=ipi/detector-output-to-ipi-run-1/latency/av-1/request bytes=343 forwarded=1
1783000542.668080 publish topic=ipi/detector-output-to-ipi-run-1/latency/av-1/ack bytes=181 forwarded=1
1783000542.887720 publish topic=ipi/detector-output-to-ipi-run-1/latency/av-1/request bytes=343 forwarded=1
1783000542.888340 publish topic=ipi/detector-output-to-ipi-run-1/latency/av-1/ack bytes=181 forwarded=1
1783000543.107939 publish topic=ipi/detector-output-to-ipi-run-1/latency/av-1/request bytes=343 forwarded=1
1783000543.108575 publish topic=ipi/detector-output-to-ipi-run-1/latency/av-1/ack bytes=181 forwarded=1
1783000543.328467 publish topic=ipi/detector-output-to-ipi-run-1/latency/av-1/request bytes=343 forwarded=1
1783000543.329129 publish topic=ipi/detector-output-to-ipi-run-1/latency/av-1/ack bytes=181 forwarded=1
1783000543.558995 publish topic=ipi/detector-output-to-ipi-run-1/latency/av-1/request bytes=343 forwarded=1
1783000543.559617 publish topic=ipi/detector-output-to-ipi-run-1/latency/av-1/ack bytes=181 forwarded=1
1783000543.809579 publish topic=ipi/detector-output-to-ipi-run-1/latency/av-1/request bytes=343 forwarded=1
1783000543.810179 publish topic=ipi/detector-output-to-ipi-run-1/latency/av-1/ack bytes=181 forwarded=1
1783000544.050050 publish topic=ipi/detector-output-to-ipi-run-1/latency/av-1/request bytes=343 forwarded=1
1783000544.050681 publish topic=ipi/detector-output-to-ipi-run-1/latency/av-1/ack bytes=181 forwarded=1
1783000544.290846 publish topic=ipi/detector-output-to-ipi-run-1/latency/av-1/request bytes=343 forwarded=1
1783000544.291484 publish topic=ipi/detector-output-to-ipi-run-1/latency/av-1/ack bytes=181 forwarded=1
1783000544.531321 publish topic=ipi/detector-output-to-ipi-run-1/latency/av-1/request bytes=343 forwarded=1
1783000544.531940 publish topic=ipi/detector-output-to-ipi-run-1/latency/av-1/ack bytes=181 forwarded=1
1783000544.781961 publish topic=ipi/detector-output-to-ipi-run-1/latency/av-1/request bytes=343 forwarded=1
1783000544.782592 publish topic=ipi/detector-output-to-ipi-run-1/latency/av-1/ack bytes=181 forwarded=1
1783000545.032319 publish topic=ipi/detector-output-to-ipi-run-1/latency/av-1/request bytes=343 forwarded=1
1783000545.032977 publish topic=ipi/detector-output-to-ipi-run-1/latency/av-1/ack bytes=181 forwarded=1
1783000545.273176 publish topic=ipi/detector-output-to-ipi-run-1/latency/av-1/request bytes=343 forwarded=1
1783000545.273797 publish topic=ipi/detector-output-to-ipi-run-1/latency/av-1/ack bytes=181 forwarded=1
1783000545.493467 publish topic=ipi/detector-output-to-ipi-run-1/latency/av-1/request bytes=343 forwarded=1
1783000545.494092 publish topic=ipi/detector-output-to-ipi-run-1/latency/av-1/ack bytes=181 forwarded=1
1783000545.713823 publish topic=ipi/detector-output-to-ipi-run-1/latency/av-1/request bytes=343 forwarded=1
1783000545.714468 publish topic=ipi/detector-output-to-ipi-run-1/latency/av-1/ack bytes=181 forwarded=1
1783000545.933960 publish topic=ipi/detector-output-to-ipi-run-1/latency/av-1/request bytes=343 forwarded=1
1783000545.934585 publish topic=ipi/detector-output-to-ipi-run-1/latency/av-1/ack bytes=181 forwarded=1
1783000546.154379 publish topic=ipi/detector-output-to-ipi-run-1/latency/av-1/request bytes=343 forwarded=1
1783000546.154999 publish topic=ipi/detector-output-to-ipi-run-1/latency/av-1/ack bytes=181 forwarded=1
1783000546.374580 publish topic=ipi/detector-output-to-ipi-run-1/latency/av-1/request bytes=343 forwarded=1
1783000546.375178 publish topic=ipi/detector-output-to-ipi-run-1/latency/av-1/ack bytes=181 forwarded=1
1783000546.594962 publish topic=ipi/detector-output-to-ipi-run-1/latency/av-1/request bytes=343 forwarded=1
1783000546.595592 publish topic=ipi/detector-output-to-ipi-run-1/latency/av-1/ack bytes=181 forwarded=1
1783000546.825092 publish topic=ipi/detector-output-to-ipi-run-1/latency/av-1/request bytes=343 forwarded=1
1783000546.825690 publish topic=ipi/detector-output-to-ipi-run-1/latency/av-1/ack bytes=181 forwarded=1
1783000547.045477 publish topic=ipi/detector-output-to-ipi-run-1/latency/av-1/request bytes=343 forwarded=1
1783000547.046100 publish topic=ipi/detector-output-to-ipi-run-1/latency/av-1/ack bytes=181 forwarded=1
1783000547.265909 publish topic=ipi/detector-output-to-ipi-run-1/latency/av-1/request bytes=343 forwarded=1
1783000547.266544 publish topic=ipi/detector-output-to-ipi-run-1/latency/av-1/ack bytes=181 forwarded=1
1783000547.486097 publish topic=ipi/detector-output-to-ipi-run-1/latency/av-1/request bytes=343 forwarded=1
1783000547.486734 publish topic=ipi/detector-output-to-ipi-run-1/latency/av-1/ack bytes=181 forwarded=1
1783000547.716351 publish topic=ipi/detector-output-to-ipi-run-1/latency/av-1/request bytes=343 forwarded=1
1783000547.717040 publish topic=ipi/detector-output-to-ipi-run-1/latency/av-1/ack bytes=181 forwarded=1
1783000547.936708 publish topic=ipi/detector-output-to-ipi-run-1/latency/av-1/request bytes=343 forwarded=1
1783000547.937332 publish topic=ipi/detector-output-to-ipi-run-1/latency/av-1/ack bytes=181 forwarded=1
1783000548.156963 publish topic=ipi/detector-output-to-ipi-run-1/latency/av-1/request bytes=343 forwarded=1
1783000548.157595 publish topic=ipi/detector-output-to-ipi-run-1/latency/av-1/ack bytes=181 forwarded=1
1783000548.377078 publish topic=ipi/detector-output-to-ipi-run-1/latency/av-1/request bytes=343 forwarded=1
1783000548.377710 publish topic=ipi/detector-output-to-ipi-run-1/latency/av-1/ack bytes=181 forwarded=1
1783000548.607567 publish topic=ipi/detector-output-to-ipi-run-1/latency/av-1/request bytes=343 forwarded=1
1783000548.608199 publish topic=ipi/detector-output-to-ipi-run-1/latency/av-1/ack bytes=181 forwarded=1
1783000548.827754 publish topic=ipi/detector-output-to-ipi-run-1/latency/av-1/request bytes=343 forwarded=1
1783000548.828359 publish topic=ipi/detector-output-to-ipi-run-1/latency/av-1/ack bytes=181 forwarded=1
1783000549.047987 publish topic=ipi/detector-output-to-ipi-run-1/latency/av-1/request bytes=343 forwarded=1
1783000549.048635 publish topic=ipi/detector-output-to-ipi-run-1/latency/av-1/ack bytes=181 forwarded=1
1783000549.278462 publish topic=ipi/detector-output-to-ipi-run-1/latency/av-1/request bytes=343 forwarded=1
1783000549.279083 publish topic=ipi/detector-output-to-ipi-run-1/latency/av-1/ack bytes=181 forwarded=1
1783000549.498515 publish topic=ipi/detector-output-to-ipi-run-1/latency/av-1/request bytes=343 forwarded=1
1783000549.499147 publish topic=ipi/detector-output-to-ipi-run-1/latency/av-1/ack bytes=181 forwarded=1
1783000549.718906 publish topic=ipi/detector-output-to-ipi-run-1/latency/av-1/request bytes=343 forwarded=1
1783000549.719570 publish topic=ipi/detector-output-to-ipi-run-1/latency/av-1/ack bytes=181 forwarded=1
1783000549.939115 publish topic=ipi/detector-output-to-ipi-run-1/latency/av-1/request bytes=343 forwarded=1
1783000549.939738 publish topic=ipi/detector-output-to-ipi-run-1/latency/av-1/ack bytes=181 forwarded=1
1783000550.179488 publish topic=ipi/detector-output-to-ipi-run-1/latency/av-1/request bytes=343 forwarded=1
1783000550.180114 publish topic=ipi/detector-output-to-ipi-run-1/latency/av-1/ack bytes=181 forwarded=1
1783000550.409896 publish topic=ipi/detector-output-to-ipi-run-1/latency/av-1/request bytes=343 forwarded=1
1783000550.410562 publish topic=ipi/detector-output-to-ipi-run-1/latency/av-1/ack bytes=181 forwarded=1
1783000550.660187 publish topic=ipi/detector-output-to-ipi-run-1/latency/av-1/request bytes=343 forwarded=1
1783000550.660859 publish topic=ipi/detector-output-to-ipi-run-1/latency/av-1/ack bytes=181 forwarded=1
1783000550.930748 publish topic=ipi/detector-output-to-ipi-run-1/latency/av-1/request bytes=343 forwarded=1
1783000550.931409 publish topic=ipi/detector-output-to-ipi-run-1/latency/av-1/ack bytes=181 forwarded=1
1783000551.181209 publish topic=ipi/detector-output-to-ipi-run-1/latency/av-1/request bytes=343 forwarded=1
1783000551.181834 publish topic=ipi/detector-output-to-ipi-run-1/latency/av-1/ack bytes=181 forwarded=1
1783000551.421506 publish topic=ipi/detector-output-to-ipi-run-1/latency/av-1/request bytes=343 forwarded=1
1783000551.422187 publish topic=ipi/detector-output-to-ipi-run-1/latency/av-1/ack bytes=181 forwarded=1
1783000551.651985 publish topic=ipi/detector-output-to-ipi-run-1/latency/av-1/request bytes=343 forwarded=1
1783000551.652628 publish topic=ipi/detector-output-to-ipi-run-1/latency/av-1/ack bytes=181 forwarded=1
1783000551.882238 publish topic=ipi/detector-output-to-ipi-run-1/latency/av-1/request bytes=343 forwarded=1
1783000551.882829 publish topic=ipi/detector-output-to-ipi-run-1/latency/av-1/ack bytes=181 forwarded=1
1783000552.122846 publish topic=ipi/detector-output-to-ipi-run-1/latency/av-1/request bytes=343 forwarded=1
1783000552.123478 publish topic=ipi/detector-output-to-ipi-run-1/latency/av-1/ack bytes=181 forwarded=1
1783000552.343213 publish topic=ipi/detector-output-to-ipi-run-1/latency/av-1/request bytes=343 forwarded=1
1783000552.343828 publish topic=ipi/detector-output-to-ipi-run-1/latency/av-1/ack bytes=181 forwarded=1
1783000552.563464 publish topic=ipi/detector-output-to-ipi-run-1/latency/av-1/request bytes=343 forwarded=1
1783000552.564113 publish topic=ipi/detector-output-to-ipi-run-1/latency/av-1/ack bytes=181 forwarded=1
1783000552.783811 publish topic=ipi/detector-output-to-ipi-run-1/latency/av-1/request bytes=343 forwarded=1
1783000552.784488 publish topic=ipi/detector-output-to-ipi-run-1/latency/av-1/ack bytes=181 forwarded=1
1783000553.003970 publish topic=ipi/detector-output-to-ipi-run-1/latency/av-1/request bytes=343 forwarded=1
1783000553.004592 publish topic=ipi/detector-output-to-ipi-run-1/latency/av-1/ack bytes=181 forwarded=1
1783000553.234252 publish topic=ipi/detector-output-to-ipi-run-1/latency/av-1/request bytes=343 forwarded=1
1783000553.234866 publish topic=ipi/detector-output-to-ipi-run-1/latency/av-1/ack bytes=181 forwarded=1
1783000553.454525 publish topic=ipi/detector-output-to-ipi-run-1/latency/av-1/request bytes=343 forwarded=1
1783000553.455228 publish topic=ipi/detector-output-to-ipi-run-1/latency/av-1/ack bytes=181 forwarded=1
1783000553.674925 publish topic=ipi/detector-output-to-ipi-run-1/latency/av-1/request bytes=343 forwarded=1
1783000553.675590 publish topic=ipi/detector-output-to-ipi-run-1/latency/av-1/ack bytes=181 forwarded=1
1783000553.894988 publish topic=ipi/detector-output-to-ipi-run-1/latency/av-1/request bytes=343 forwarded=1
1783000553.895622 publish topic=ipi/detector-output-to-ipi-run-1/latency/av-1/ack bytes=181 forwarded=1
1783000554.125366 publish topic=ipi/detector-output-to-ipi-run-1/latency/av-1/request bytes=343 forwarded=1
1783000554.126010 publish topic=ipi/detector-output-to-ipi-run-1/latency/av-1/ack bytes=181 forwarded=1
1783000554.355818 publish topic=ipi/detector-output-to-ipi-run-1/latency/av-1/request bytes=343 forwarded=1
1783000554.356424 publish topic=ipi/detector-output-to-ipi-run-1/latency/av-1/ack bytes=181 forwarded=1
1783000554.576208 publish topic=ipi/detector-output-to-ipi-run-1/latency/av-1/request bytes=343 forwarded=1
1783000554.576868 publish topic=ipi/detector-output-to-ipi-run-1/latency/av-1/ack bytes=181 forwarded=1
1783000554.796644 publish topic=ipi/detector-output-to-ipi-run-1/latency/av-1/request bytes=343 forwarded=1
1783000554.797288 publish topic=ipi/detector-output-to-ipi-run-1/latency/av-1/ack bytes=181 forwarded=1
1783000555.016702 publish topic=ipi/detector-output-to-ipi-run-1/latency/av-1/request bytes=343 forwarded=1
1783000555.017310 publish topic=ipi/detector-output-to-ipi-run-1/latency/av-1/ack bytes=181 forwarded=1
1783000555.247025 publish topic=ipi/detector-output-to-ipi-run-1/latency/av-1/request bytes=343 forwarded=1
1783000555.247630 publish topic=ipi/detector-output-to-ipi-run-1/latency/av-1/ack bytes=181 forwarded=1
1783000555.467478 publish topic=ipi/detector-output-to-ipi-run-1/latency/av-1/request bytes=343 forwarded=1
1783000555.468117 publish topic=ipi/detector-output-to-ipi-run-1/latency/av-1/ack bytes=181 forwarded=1
1783000555.687681 publish topic=ipi/detector-output-to-ipi-run-1/latency/av-1/request bytes=343 forwarded=1
1783000555.688337 publish topic=ipi/detector-output-to-ipi-run-1/latency/av-1/ack bytes=181 forwarded=1
1783000555.917897 publish topic=ipi/detector-output-to-ipi-run-1/latency/av-1/request bytes=343 forwarded=1
1783000555.918553 publish topic=ipi/detector-output-to-ipi-run-1/latency/av-1/ack bytes=181 forwarded=1
1783000556.158288 publish topic=ipi/detector-output-to-ipi-run-1/latency/av-1/request bytes=343 forwarded=1
1783000556.158911 publish topic=ipi/detector-output-to-ipi-run-1/latency/av-1/ack bytes=181 forwarded=1
1783000556.378601 publish topic=ipi/detector-output-to-ipi-run-1/latency/av-1/request bytes=343 forwarded=1
1783000556.379240 publish topic=ipi/detector-output-to-ipi-run-1/latency/av-1/ack bytes=181 forwarded=1
1783000556.608976 publish topic=ipi/detector-output-to-ipi-run-1/latency/av-1/request bytes=343 forwarded=1
1783000556.609393 publish topic=ipi/detector-output-to-ipi-run-1/latency/av-1/ack bytes=181 forwarded=1
1783000556.829155 publish topic=ipi/detector-output-to-ipi-run-1/latency/av-1/request bytes=343 forwarded=1
1783000556.829801 publish topic=ipi/detector-output-to-ipi-run-1/latency/av-1/ack bytes=181 forwarded=1
1783000557.059692 publish topic=ipi/detector-output-to-ipi-run-1/latency/av-1/request bytes=343 forwarded=1
1783000557.060298 publish topic=ipi/detector-output-to-ipi-run-1/latency/av-1/ack bytes=181 forwarded=1
1783000557.289991 publish topic=ipi/detector-output-to-ipi-run-1/latency/av-1/request bytes=343 forwarded=1
1783000557.290636 publish topic=ipi/detector-output-to-ipi-run-1/latency/av-1/ack bytes=181 forwarded=1
1783000557.530338 publish topic=ipi/detector-output-to-ipi-run-1/latency/av-1/request bytes=343 forwarded=1
1783000557.530972 publish topic=ipi/detector-output-to-ipi-run-1/latency/av-1/ack bytes=181 forwarded=1
1783000557.770842 publish topic=ipi/detector-output-to-ipi-run-1/latency/av-1/request bytes=343 forwarded=1
1783000557.771453 publish topic=ipi/detector-output-to-ipi-run-1/latency/av-1/ack bytes=181 forwarded=1
1783000558.011365 publish topic=ipi/detector-output-to-ipi-run-1/latency/av-1/request bytes=343 forwarded=1
1783000558.011958 publish topic=ipi/detector-output-to-ipi-run-1/latency/av-1/ack bytes=181 forwarded=1
1783000558.261755 publish topic=ipi/detector-output-to-ipi-run-1/latency/av-1/request bytes=343 forwarded=1
1783000558.262347 publish topic=ipi/detector-output-to-ipi-run-1/latency/av-1/ack bytes=181 forwarded=1
1783000558.532379 publish topic=ipi/detector-output-to-ipi-run-1/latency/av-1/request bytes=343 forwarded=1
1783000558.533053 publish topic=ipi/detector-output-to-ipi-run-1/latency/av-1/ack bytes=181 forwarded=1
1783000558.782828 publish topic=ipi/detector-output-to-ipi-run-1/latency/av-1/request bytes=343 forwarded=1
1783000558.783467 publish topic=ipi/detector-output-to-ipi-run-1/latency/av-1/ack bytes=181 forwarded=1
1783000559.003161 publish topic=ipi/detector-output-to-ipi-run-1/latency/av-1/request bytes=343 forwarded=1
1783000559.003842 publish topic=ipi/detector-output-to-ipi-run-1/latency/av-1/ack bytes=181 forwarded=1
1783000559.223397 publish topic=ipi/detector-output-to-ipi-run-1/latency/av-1/request bytes=343 forwarded=1
1783000559.224039 publish topic=ipi/detector-output-to-ipi-run-1/latency/av-1/ack bytes=181 forwarded=1
1783000559.443823 publish topic=ipi/detector-output-to-ipi-run-1/latency/av-1/request bytes=343 forwarded=1
1783000559.444453 publish topic=ipi/detector-output-to-ipi-run-1/latency/av-1/ack bytes=181 forwarded=1
1783000559.664200 publish topic=ipi/detector-output-to-ipi-run-1/latency/av-1/request bytes=343 forwarded=1
1783000559.664833 publish topic=ipi/detector-output-to-ipi-run-1/latency/av-1/ack bytes=181 forwarded=1
1783000559.884302 publish topic=ipi/detector-output-to-ipi-run-1/latency/av-1/request bytes=343 forwarded=1
1783000559.884965 publish topic=ipi/detector-output-to-ipi-run-1/latency/av-1/ack bytes=181 forwarded=1
1783000560.104539 publish topic=ipi/detector-output-to-ipi-run-1/latency/av-1/request bytes=343 forwarded=1
1783000560.105211 publish topic=ipi/detector-output-to-ipi-run-1/latency/av-1/ack bytes=181 forwarded=1
1783000560.325088 publish topic=ipi/detector-output-to-ipi-run-1/latency/av-1/request bytes=343 forwarded=1
1783000560.325722 publish topic=ipi/detector-output-to-ipi-run-1/latency/av-1/ack bytes=181 forwarded=1
1783000560.545467 publish topic=ipi/detector-output-to-ipi-run-1/latency/av-1/request bytes=343 forwarded=1
1783000560.546110 publish topic=ipi/detector-output-to-ipi-run-1/latency/av-1/ack bytes=181 forwarded=1
1783000560.765746 publish topic=ipi/detector-output-to-ipi-run-1/latency/av-1/request bytes=343 forwarded=1
1783000560.766349 publish topic=ipi/detector-output-to-ipi-run-1/latency/av-1/ack bytes=181 forwarded=1
1783000560.986052 publish topic=ipi/detector-output-to-ipi-run-1/latency/av-1/request bytes=343 forwarded=1
1783000560.986690 publish topic=ipi/detector-output-to-ipi-run-1/latency/av-1/ack bytes=181 forwarded=1
1783000561.206455 publish topic=ipi/detector-output-to-ipi-run-1/latency/av-1/request bytes=343 forwarded=1
1783000561.207093 publish topic=ipi/detector-output-to-ipi-run-1/latency/av-1/ack bytes=181 forwarded=1
1783000561.426749 publish topic=ipi/detector-output-to-ipi-run-1/latency/av-1/request bytes=343 forwarded=1
1783000561.427392 publish topic=ipi/detector-output-to-ipi-run-1/latency/av-1/ack bytes=181 forwarded=1
1783000561.666871 publish topic=ipi/detector-output-to-ipi-run-1/latency/av-1/request bytes=343 forwarded=1
1783000561.667515 publish topic=ipi/detector-output-to-ipi-run-1/latency/av-1/ack bytes=181 forwarded=1
1783000561.897211 publish topic=ipi/detector-output-to-ipi-run-1/latency/av-1/request bytes=343 forwarded=1
1783000561.897841 publish topic=ipi/detector-output-to-ipi-run-1/latency/av-1/ack bytes=181 forwarded=1
1783000562.127777 publish topic=ipi/detector-output-to-ipi-run-1/latency/av-1/request bytes=343 forwarded=1
1783000562.128405 publish topic=ipi/detector-output-to-ipi-run-1/latency/av-1/ack bytes=181 forwarded=1
1783000562.348005 publish topic=ipi/detector-output-to-ipi-run-1/latency/av-1/request bytes=343 forwarded=1
1783000562.348651 publish topic=ipi/detector-output-to-ipi-run-1/latency/av-1/ack bytes=181 forwarded=1
1783000562.568280 publish topic=ipi/detector-output-to-ipi-run-1/latency/av-1/request bytes=343 forwarded=1
1783000562.568998 publish topic=ipi/detector-output-to-ipi-run-1/latency/av-1/ack bytes=181 forwarded=1
1783000562.798624 publish topic=ipi/detector-output-to-ipi-run-1/latency/av-1/request bytes=343 forwarded=1
1783000562.799225 publish topic=ipi/detector-output-to-ipi-run-1/latency/av-1/ack bytes=181 forwarded=1
1783000563.018937 publish topic=ipi/detector-output-to-ipi-run-1/latency/av-1/request bytes=343 forwarded=1
1783000563.019544 publish topic=ipi/detector-output-to-ipi-run-1/latency/av-1/ack bytes=181 forwarded=1
1783000563.239180 publish topic=ipi/detector-output-to-ipi-run-1/latency/av-1/request bytes=343 forwarded=1
1783000563.239503 publish topic=ipi/detector-output-to-ipi-run-1/latency/av-1/ack bytes=181 forwarded=1
1783000563.469773 publish topic=ipi/detector-output-to-ipi-run-1/latency/av-1/request bytes=343 forwarded=1
1783000563.470406 publish topic=ipi/detector-output-to-ipi-run-1/latency/av-1/ack bytes=181 forwarded=1
1783000563.700016 publish topic=ipi/detector-output-to-ipi-run-1/latency/av-1/request bytes=343 forwarded=1
1783000563.700652 publish topic=ipi/detector-output-to-ipi-run-1/latency/av-1/ack bytes=181 forwarded=1
1783000563.940445 publish topic=ipi/detector-output-to-ipi-run-1/latency/av-1/request bytes=343 forwarded=1
1783000563.941092 publish topic=ipi/detector-output-to-ipi-run-1/latency/av-1/ack bytes=181 forwarded=1
1783000564.170600 publish topic=ipi/detector-output-to-ipi-run-1/latency/av-1/request bytes=343 forwarded=1
1783000564.170994 publish topic=ipi/detector-output-to-ipi-run-1/latency/av-1/ack bytes=181 forwarded=1
1783000564.391170 publish topic=ipi/detector-output-to-ipi-run-1/latency/av-1/request bytes=343 forwarded=1
1783000564.391817 publish topic=ipi/detector-output-to-ipi-run-1/latency/av-1/ack bytes=181 forwarded=1
1783000564.651644 publish topic=ipi/detector-output-to-ipi-run-1/latency/av-1/request bytes=343 forwarded=1
1783000564.652275 publish topic=ipi/detector-output-to-ipi-run-1/latency/av-1/ack bytes=181 forwarded=1
1783000564.912093 publish topic=ipi/detector-output-to-ipi-run-1/latency/av-1/request bytes=343 forwarded=1
1783000564.912729 publish topic=ipi/detector-output-to-ipi-run-1/latency/av-1/ack bytes=181 forwarded=1
1783000565.152530 publish topic=ipi/detector-output-to-ipi-run-1/latency/av-1/request bytes=343 forwarded=1
1783000565.153155 publish topic=ipi/detector-output-to-ipi-run-1/latency/av-1/ack bytes=181 forwarded=1
1783000565.393136 publish topic=ipi/detector-output-to-ipi-run-1/latency/av-1/request bytes=343 forwarded=1
1783000565.393754 publish topic=ipi/detector-output-to-ipi-run-1/latency/av-1/ack bytes=181 forwarded=1
1783000565.653589 publish topic=ipi/detector-output-to-ipi-run-1/latency/av-1/request bytes=343 forwarded=1
1783000565.654225 publish topic=ipi/detector-output-to-ipi-run-1/latency/av-1/ack bytes=181 forwarded=1
1783000565.903883 publish topic=ipi/detector-output-to-ipi-run-1/latency/av-1/request bytes=343 forwarded=1
1783000565.904521 publish topic=ipi/detector-output-to-ipi-run-1/latency/av-1/ack bytes=181 forwarded=1
1783000566.134446 publish topic=ipi/detector-output-to-ipi-run-1/latency/av-1/request bytes=343 forwarded=1
1783000566.135158 publish topic=ipi/detector-output-to-ipi-run-1/latency/av-1/ack bytes=181 forwarded=1
1783000566.364845 publish topic=ipi/detector-output-to-ipi-run-1/latency/av-1/request bytes=343 forwarded=1
1783000566.365434 publish topic=ipi/detector-output-to-ipi-run-1/latency/av-1/ack bytes=181 forwarded=1
1783000566.595274 publish topic=ipi/detector-output-to-ipi-run-1/latency/av-1/request bytes=343 forwarded=1
1783000566.595939 publish topic=ipi/detector-output-to-ipi-run-1/latency/av-1/ack bytes=181 forwarded=1
1783000566.815506 publish topic=ipi/detector-output-to-ipi-run-1/latency/av-1/request bytes=343 forwarded=1
1783000566.816142 publish topic=ipi/detector-output-to-ipi-run-1/latency/av-1/ack bytes=181 forwarded=1
1783000567.045746 publish topic=ipi/detector-output-to-ipi-run-1/latency/av-1/request bytes=343 forwarded=1
1783000567.046352 publish topic=ipi/detector-output-to-ipi-run-1/latency/av-1/ack bytes=181 forwarded=1
1783000567.266126 publish topic=ipi/detector-output-to-ipi-run-1/latency/av-1/request bytes=343 forwarded=1
1783000567.266760 publish topic=ipi/detector-output-to-ipi-run-1/latency/av-1/ack bytes=181 forwarded=1
1783000567.486563 publish topic=ipi/detector-output-to-ipi-run-1/latency/av-1/request bytes=343 forwarded=1
1783000567.487187 publish topic=ipi/detector-output-to-ipi-run-1/latency/av-1/ack bytes=181 forwarded=1
1783000567.716645 publish topic=ipi/detector-output-to-ipi-run-1/latency/av-1/request bytes=343 forwarded=1
1783000567.717290 publish topic=ipi/detector-output-to-ipi-run-1/latency/av-1/ack bytes=181 forwarded=1
1783000567.947123 publish topic=ipi/detector-output-to-ipi-run-1/latency/av-1/request bytes=343 forwarded=1
1783000567.947726 publish topic=ipi/detector-output-to-ipi-run-1/latency/av-1/ack bytes=181 forwarded=1
1783000568.177338 publish topic=ipi/detector-output-to-ipi-run-1/latency/av-1/request bytes=343 forwarded=1
1783000568.177966 publish topic=ipi/detector-output-to-ipi-run-1/latency/av-1/ack bytes=181 forwarded=1
1783000568.407948 publish topic=ipi/detector-output-to-ipi-run-1/latency/av-1/request bytes=343 forwarded=1
1783000568.408582 publish topic=ipi/detector-output-to-ipi-run-1/latency/av-1/ack bytes=181 forwarded=1
1783000568.637964 publish topic=ipi/detector-output-to-ipi-run-1/latency/av-1/request bytes=343 forwarded=1
1783000568.638602 publish topic=ipi/detector-output-to-ipi-run-1/latency/av-1/ack bytes=181 forwarded=1
1783000568.868768 publish topic=ipi/detector-output-to-ipi-run-1/latency/av-1/request bytes=343 forwarded=1
1783000568.869401 publish topic=ipi/detector-output-to-ipi-run-1/latency/av-1/ack bytes=181 forwarded=1
1783000569.098973 publish topic=ipi/detector-output-to-ipi-run-1/latency/av-1/request bytes=343 forwarded=1
1783000569.099607 publish topic=ipi/detector-output-to-ipi-run-1/latency/av-1/ack bytes=181 forwarded=1
1783000569.329552 publish topic=ipi/detector-output-to-ipi-run-1/latency/av-1/request bytes=343 forwarded=1
1783000569.330232 publish topic=ipi/detector-output-to-ipi-run-1/latency/av-1/ack bytes=181 forwarded=1
1783000569.559733 publish topic=ipi/detector-output-to-ipi-run-1/latency/av-1/request bytes=343 forwarded=1
1783000569.560339 publish topic=ipi/detector-output-to-ipi-run-1/latency/av-1/ack bytes=181 forwarded=1
1783000569.799948 publish topic=ipi/detector-output-to-ipi-run-1/latency/av-1/request bytes=343 forwarded=1
1783000569.800236 publish topic=ipi/detector-output-to-ipi-run-1/latency/av-1/ack bytes=181 forwarded=1
1783000570.020808 publish topic=ipi/detector-output-to-ipi-run-1/latency/av-1/request bytes=343 forwarded=1
1783000570.021408 publish topic=ipi/detector-output-to-ipi-run-1/latency/av-1/ack bytes=181 forwarded=1
1783000570.260861 publish topic=ipi/detector-output-to-ipi-run-1/latency/av-1/request bytes=343 forwarded=1
1783000570.261502 publish topic=ipi/detector-output-to-ipi-run-1/latency/av-1/ack bytes=181 forwarded=1
1783000570.491330 publish topic=ipi/detector-output-to-ipi-run-1/latency/av-1/request bytes=343 forwarded=1
1783000570.491978 publish topic=ipi/detector-output-to-ipi-run-1/latency/av-1/ack bytes=181 forwarded=1
1783000570.711700 publish topic=ipi/detector-output-to-ipi-run-1/latency/av-1/request bytes=343 forwarded=1
1783000570.712306 publish topic=ipi/detector-output-to-ipi-run-1/latency/av-1/ack bytes=181 forwarded=1
1783000570.941741 publish topic=ipi/detector-output-to-ipi-run-1/latency/av-1/request bytes=343 forwarded=1
1783000570.942373 publish topic=ipi/detector-output-to-ipi-run-1/latency/av-1/ack bytes=181 forwarded=1
1783000571.171976 publish topic=ipi/detector-output-to-ipi-run-1/latency/av-1/request bytes=343 forwarded=1
1783000571.172589 publish topic=ipi/detector-output-to-ipi-run-1/latency/av-1/ack bytes=181 forwarded=1
1783000571.402255 publish topic=ipi/detector-output-to-ipi-run-1/latency/av-1/request bytes=343 forwarded=1
1783000571.402882 publish topic=ipi/detector-output-to-ipi-run-1/latency/av-1/ack bytes=181 forwarded=1
1783000571.632434 publish topic=ipi/detector-output-to-ipi-run-1/latency/av-1/request bytes=343 forwarded=1
1783000571.633069 publish topic=ipi/detector-output-to-ipi-run-1/latency/av-1/ack bytes=181 forwarded=1
1783000571.872996 publish topic=ipi/detector-output-to-ipi-run-1/latency/av-1/request bytes=343 forwarded=1
1783000571.873613 publish topic=ipi/detector-output-to-ipi-run-1/latency/av-1/ack bytes=181 forwarded=1
1783000572.123337 publish topic=ipi/detector-output-to-ipi-run-1/latency/av-1/request bytes=343 forwarded=1
1783000572.123969 publish topic=ipi/detector-output-to-ipi-run-1/latency/av-1/ack bytes=181 forwarded=1
1783000572.353646 publish topic=ipi/detector-output-to-ipi-run-1/latency/av-1/request bytes=343 forwarded=1
1783000572.354264 publish topic=ipi/detector-output-to-ipi-run-1/latency/av-1/ack bytes=181 forwarded=1
1783000572.594227 publish topic=ipi/detector-output-to-ipi-run-1/latency/av-1/request bytes=343 forwarded=1
1783000572.594922 publish topic=ipi/detector-output-to-ipi-run-1/latency/av-1/ack bytes=181 forwarded=1
1783000572.854564 publish topic=ipi/detector-output-to-ipi-run-1/latency/av-1/request bytes=343 forwarded=1
1783000572.855169 publish topic=ipi/detector-output-to-ipi-run-1/latency/av-1/ack bytes=181 forwarded=1
1783000573.084998 publish topic=ipi/detector-output-to-ipi-run-1/latency/av-1/request bytes=343 forwarded=1
1783000573.085681 publish topic=ipi/detector-output-to-ipi-run-1/latency/av-1/ack bytes=181 forwarded=1
1783000573.305253 publish topic=ipi/detector-output-to-ipi-run-1/latency/av-1/request bytes=343 forwarded=1
1783000573.305881 publish topic=ipi/detector-output-to-ipi-run-1/latency/av-1/ack bytes=181 forwarded=1
1783000573.535331 publish topic=ipi/detector-output-to-ipi-run-1/latency/av-1/request bytes=343 forwarded=1
1783000573.535959 publish topic=ipi/detector-output-to-ipi-run-1/latency/av-1/ack bytes=181 forwarded=1
1783000573.765575 publish topic=ipi/detector-output-to-ipi-run-1/latency/av-1/request bytes=343 forwarded=1
1783000573.766206 publish topic=ipi/detector-output-to-ipi-run-1/latency/av-1/ack bytes=181 forwarded=1
1783000573.985981 publish topic=ipi/detector-output-to-ipi-run-1/latency/av-1/request bytes=343 forwarded=1
1783000573.986620 publish topic=ipi/detector-output-to-ipi-run-1/latency/av-1/ack bytes=181 forwarded=1
1783000574.226310 publish topic=ipi/detector-output-to-ipi-run-1/latency/av-1/request bytes=343 forwarded=1
1783000574.226947 publish topic=ipi/detector-output-to-ipi-run-1/latency/av-1/ack bytes=181 forwarded=1
1783000574.456580 publish topic=ipi/detector-output-to-ipi-run-1/latency/av-1/request bytes=343 forwarded=1
1783000574.457252 publish topic=ipi/detector-output-to-ipi-run-1/latency/av-1/ack bytes=181 forwarded=1
1783000574.687036 publish topic=ipi/detector-output-to-ipi-run-1/latency/av-1/request bytes=343 forwarded=1
1783000574.687678 publish topic=ipi/detector-output-to-ipi-run-1/latency/av-1/ack bytes=181 forwarded=1
1783000574.907282 publish topic=ipi/detector-output-to-ipi-run-1/latency/av-1/request bytes=343 forwarded=1
1783000574.907916 publish topic=ipi/detector-output-to-ipi-run-1/latency/av-1/ack bytes=181 forwarded=1
1783000575.127474 publish topic=ipi/detector-output-to-ipi-run-1/latency/av-1/request bytes=343 forwarded=1
1783000575.128108 publish topic=ipi/detector-output-to-ipi-run-1/latency/av-1/ack bytes=181 forwarded=1
1783000575.347690 publish topic=ipi/detector-output-to-ipi-run-1/latency/av-1/request bytes=343 forwarded=1
1783000575.348337 publish topic=ipi/detector-output-to-ipi-run-1/latency/av-1/ack bytes=181 forwarded=1
1783000575.578050 publish topic=ipi/detector-output-to-ipi-run-1/latency/av-1/request bytes=343 forwarded=1
1783000575.578677 publish topic=ipi/detector-output-to-ipi-run-1/latency/av-1/ack bytes=181 forwarded=1
1783000575.808523 publish topic=ipi/detector-output-to-ipi-run-1/latency/av-1/request bytes=343 forwarded=1
1783000575.809166 publish topic=ipi/detector-output-to-ipi-run-1/latency/av-1/ack bytes=181 forwarded=1
1783000576.038659 publish topic=ipi/detector-output-to-ipi-run-1/latency/av-1/request bytes=343 forwarded=1
1783000576.039295 publish topic=ipi/detector-output-to-ipi-run-1/latency/av-1/ack bytes=181 forwarded=1
1783000576.259083 publish topic=ipi/detector-output-to-ipi-run-1/latency/av-1/request bytes=343 forwarded=1
1783000576.259717 publish topic=ipi/detector-output-to-ipi-run-1/latency/av-1/ack bytes=181 forwarded=1
1783000576.489441 publish topic=ipi/detector-output-to-ipi-run-1/latency/av-1/request bytes=343 forwarded=1
1783000576.490075 publish topic=ipi/detector-output-to-ipi-run-1/latency/av-1/ack bytes=181 forwarded=1
1783000576.719670 publish topic=ipi/detector-output-to-ipi-run-1/latency/av-1/request bytes=343 forwarded=1
1783000576.720294 publish topic=ipi/detector-output-to-ipi-run-1/latency/av-1/ack bytes=181 forwarded=1
1783000576.949903 publish topic=ipi/detector-output-to-ipi-run-1/latency/av-1/request bytes=343 forwarded=1
1783000576.950544 publish topic=ipi/detector-output-to-ipi-run-1/latency/av-1/ack bytes=181 forwarded=1
1783000577.180260 publish topic=ipi/detector-output-to-ipi-run-1/latency/av-1/request bytes=343 forwarded=1
1783000577.180870 publish topic=ipi/detector-output-to-ipi-run-1/latency/av-1/ack bytes=181 forwarded=1
1783000577.410454 publish topic=ipi/detector-output-to-ipi-run-1/latency/av-1/request bytes=343 forwarded=1
1783000577.411096 publish topic=ipi/detector-output-to-ipi-run-1/latency/av-1/ack bytes=181 forwarded=1
1783000577.640773 publish topic=ipi/detector-output-to-ipi-run-1/latency/av-1/request bytes=343 forwarded=1
1783000577.641404 publish topic=ipi/detector-output-to-ipi-run-1/latency/av-1/ack bytes=181 forwarded=1
1783000577.861088 publish topic=ipi/detector-output-to-ipi-run-1/latency/av-1/request bytes=343 forwarded=1
1783000577.861732 publish topic=ipi/detector-output-to-ipi-run-1/latency/av-1/ack bytes=181 forwarded=1
1783000578.091123 publish topic=ipi/detector-output-to-ipi-run-1/latency/av-1/request bytes=343 forwarded=1
1783000578.091756 publish topic=ipi/detector-output-to-ipi-run-1/latency/av-1/ack bytes=181 forwarded=1
1783000578.321761 publish topic=ipi/detector-output-to-ipi-run-1/latency/av-1/request bytes=343 forwarded=1
1783000578.322391 publish topic=ipi/detector-output-to-ipi-run-1/latency/av-1/ack bytes=181 forwarded=1
1783000578.551890 publish topic=ipi/detector-output-to-ipi-run-1/latency/av-1/request bytes=343 forwarded=1
1783000578.552505 publish topic=ipi/detector-output-to-ipi-run-1/latency/av-1/ack bytes=181 forwarded=1
1783000578.782333 publish topic=ipi/detector-output-to-ipi-run-1/latency/av-1/request bytes=343 forwarded=1
1783000578.782962 publish topic=ipi/detector-output-to-ipi-run-1/latency/av-1/ack bytes=181 forwarded=1
1783000579.022611 publish topic=ipi/detector-output-to-ipi-run-1/latency/av-1/request bytes=343 forwarded=1
1783000579.023256 publish topic=ipi/detector-output-to-ipi-run-1/latency/av-1/ack bytes=181 forwarded=1
1783000579.273141 publish topic=ipi/detector-output-to-ipi-run-1/latency/av-1/request bytes=343 forwarded=1
1783000579.273772 publish topic=ipi/detector-output-to-ipi-run-1/latency/av-1/ack bytes=181 forwarded=1
1783000579.513455 publish topic=ipi/detector-output-to-ipi-run-1/latency/av-1/request bytes=343 forwarded=1
1783000579.514082 publish topic=ipi/detector-output-to-ipi-run-1/latency/av-1/ack bytes=181 forwarded=1
1783000579.743829 publish topic=ipi/detector-output-to-ipi-run-1/latency/av-1/request bytes=343 forwarded=1
1783000579.744467 publish topic=ipi/detector-output-to-ipi-run-1/latency/av-1/ack bytes=181 forwarded=1
1783000579.964291 publish topic=ipi/detector-output-to-ipi-run-1/latency/av-1/request bytes=343 forwarded=1
1783000579.964952 publish topic=ipi/detector-output-to-ipi-run-1/latency/av-1/ack bytes=181 forwarded=1
1783000580.184438 publish topic=ipi/detector-output-to-ipi-run-1/latency/av-1/request bytes=343 forwarded=1
1783000580.185108 publish topic=ipi/detector-output-to-ipi-run-1/latency/av-1/ack bytes=181 forwarded=1
1783000580.414868 publish topic=ipi/detector-output-to-ipi-run-1/latency/av-1/request bytes=343 forwarded=1
1783000580.415502 publish topic=ipi/detector-output-to-ipi-run-1/latency/av-1/ack bytes=181 forwarded=1
1783000580.635089 publish topic=ipi/detector-output-to-ipi-run-1/latency/av-1/request bytes=343 forwarded=1
1783000580.635775 publish topic=ipi/detector-output-to-ipi-run-1/latency/av-1/ack bytes=181 forwarded=1
1783000580.855443 publish topic=ipi/detector-output-to-ipi-run-1/latency/av-1/request bytes=343 forwarded=1
1783000580.856127 publish topic=ipi/detector-output-to-ipi-run-1/latency/av-1/ack bytes=181 forwarded=1
1783000581.075645 publish topic=ipi/detector-output-to-ipi-run-1/latency/av-1/request bytes=343 forwarded=1
1783000581.076338 publish topic=ipi/detector-output-to-ipi-run-1/latency/av-1/ack bytes=181 forwarded=1
1783000581.295753 publish topic=ipi/detector-output-to-ipi-run-1/latency/av-1/request bytes=343 forwarded=1
1783000581.296389 publish topic=ipi/detector-output-to-ipi-run-1/latency/av-1/ack bytes=181 forwarded=1
1783000581.515907 publish topic=ipi/detector-output-to-ipi-run-1/latency/av-1/request bytes=343 forwarded=1
1783000581.516529 publish topic=ipi/detector-output-to-ipi-run-1/latency/av-1/ack bytes=181 forwarded=1
1783000581.736267 publish topic=ipi/detector-output-to-ipi-run-1/latency/av-1/request bytes=343 forwarded=1
1783000581.736882 publish topic=ipi/detector-output-to-ipi-run-1/latency/av-1/ack bytes=181 forwarded=1
1783000581.956560 publish topic=ipi/detector-output-to-ipi-run-1/latency/av-1/request bytes=343 forwarded=1
1783000581.957207 publish topic=ipi/detector-output-to-ipi-run-1/latency/av-1/ack bytes=181 forwarded=1
1783000582.186403 publish topic=ipi/detector-output-to-ipi-run-1/latency/av-1/request bytes=343 forwarded=1
1783000582.186664 publish topic=ipi/detector-output-to-ipi-run-1/latency/av-1/ack bytes=181 forwarded=1
1783000582.407137 publish topic=ipi/detector-output-to-ipi-run-1/latency/av-1/request bytes=343 forwarded=1
1783000582.407790 publish topic=ipi/detector-output-to-ipi-run-1/latency/av-1/ack bytes=181 forwarded=1
1783000582.627240 publish topic=ipi/detector-output-to-ipi-run-1/latency/av-1/request bytes=343 forwarded=1
1783000582.627871 publish topic=ipi/detector-output-to-ipi-run-1/latency/av-1/ack bytes=181 forwarded=1
1783000582.847708 publish topic=ipi/detector-output-to-ipi-run-1/latency/av-1/request bytes=343 forwarded=1
1783000582.848354 publish topic=ipi/detector-output-to-ipi-run-1/latency/av-1/ack bytes=181 forwarded=1
1783000583.067927 publish topic=ipi/detector-output-to-ipi-run-1/latency/av-1/request bytes=343 forwarded=1
1783000583.068647 publish topic=ipi/detector-output-to-ipi-run-1/latency/av-1/ack bytes=181 forwarded=1
1783000583.288058 publish topic=ipi/detector-output-to-ipi-run-1/latency/av-1/request bytes=343 forwarded=1
1783000583.288733 publish topic=ipi/detector-output-to-ipi-run-1/latency/av-1/ack bytes=181 forwarded=1
1783000583.508446 publish topic=ipi/detector-output-to-ipi-run-1/latency/av-1/request bytes=343 forwarded=1
1783000583.509155 publish topic=ipi/detector-output-to-ipi-run-1/latency/av-1/ack bytes=181 forwarded=1
1783000583.728650 publish topic=ipi/detector-output-to-ipi-run-1/latency/av-1/request bytes=343 forwarded=1
1783000583.729326 publish topic=ipi/detector-output-to-ipi-run-1/latency/av-1/ack bytes=181 forwarded=1
1783000583.949134 publish topic=ipi/detector-output-to-ipi-run-1/latency/av-1/request bytes=343 forwarded=1
1783000583.949775 publish topic=ipi/detector-output-to-ipi-run-1/latency/av-1/ack bytes=181 forwarded=1
1783000584.169147 publish topic=ipi/detector-output-to-ipi-run-1/latency/av-1/request bytes=343 forwarded=1
1783000584.169788 publish topic=ipi/detector-output-to-ipi-run-1/latency/av-1/ack bytes=181 forwarded=1
1783000584.389577 publish topic=ipi/detector-output-to-ipi-run-1/latency/av-1/request bytes=343 forwarded=1
1783000584.390216 publish topic=ipi/detector-output-to-ipi-run-1/latency/av-1/ack bytes=181 forwarded=1
1783000584.619876 publish topic=ipi/detector-output-to-ipi-run-1/latency/av-1/request bytes=343 forwarded=1
1783000584.620508 publish topic=ipi/detector-output-to-ipi-run-1/latency/av-1/ack bytes=181 forwarded=1
1783000585.070659 publish topic=ipi/detector-output-to-ipi-run-1/latency/av-1/request bytes=343 forwarded=1
1783000585.071303 publish topic=ipi/detector-output-to-ipi-run-1/latency/av-1/ack bytes=181 forwarded=1
1783000585.301164 publish topic=ipi/detector-output-to-ipi-run-1/latency/av-1/request bytes=343 forwarded=1
1783000585.301807 publish topic=ipi/detector-output-to-ipi-run-1/latency/av-1/ack bytes=181 forwarded=1
1783000585.621632 publish topic=ipi/detector-output-to-ipi-run-1/latency/av-1/request bytes=343 forwarded=1
1783000585.622276 publish topic=ipi/detector-output-to-ipi-run-1/latency/av-1/ack bytes=181 forwarded=1
1783000585.911908 publish topic=ipi/detector-output-to-ipi-run-1/latency/av-1/request bytes=343 forwarded=1
1783000585.912557 publish topic=ipi/detector-output-to-ipi-run-1/latency/av-1/ack bytes=181 forwarded=1
1783000586.132401 publish topic=ipi/detector-output-to-ipi-run-1/latency/av-1/request bytes=343 forwarded=1
1783000586.133067 publish topic=ipi/detector-output-to-ipi-run-1/latency/av-1/ack bytes=181 forwarded=1
1783000586.352836 publish topic=ipi/detector-output-to-ipi-run-1/latency/av-1/request bytes=343 forwarded=1
1783000586.353471 publish topic=ipi/detector-output-to-ipi-run-1/latency/av-1/ack bytes=181 forwarded=1
1783000586.583328 publish topic=ipi/detector-output-to-ipi-run-1/latency/av-1/request bytes=343 forwarded=1
1783000586.583976 publish topic=ipi/detector-output-to-ipi-run-1/latency/av-1/ack bytes=181 forwarded=1
1783000586.803586 publish topic=ipi/detector-output-to-ipi-run-1/latency/av-1/request bytes=343 forwarded=1
1783000586.804229 publish topic=ipi/detector-output-to-ipi-run-1/latency/av-1/ack bytes=181 forwarded=1
1783000587.023841 publish topic=ipi/detector-output-to-ipi-run-1/latency/av-1/request bytes=343 forwarded=1
1783000587.024482 publish topic=ipi/detector-output-to-ipi-run-1/latency/av-1/ack bytes=181 forwarded=1
1783000587.244021 publish topic=ipi/detector-output-to-ipi-run-1/latency/av-1/request bytes=343 forwarded=1
1783000587.244659 publish topic=ipi/detector-output-to-ipi-run-1/latency/av-1/ack bytes=181 forwarded=1
1783000587.474427 publish topic=ipi/detector-output-to-ipi-run-1/latency/av-1/request bytes=343 forwarded=1
1783000587.475074 publish topic=ipi/detector-output-to-ipi-run-1/latency/av-1/ack bytes=181 forwarded=1
1783000587.694769 publish topic=ipi/detector-output-to-ipi-run-1/latency/av-1/request bytes=343 forwarded=1
1783000587.695406 publish topic=ipi/detector-output-to-ipi-run-1/latency/av-1/ack bytes=181 forwarded=1
1783000587.914946 publish topic=ipi/detector-output-to-ipi-run-1/latency/av-1/request bytes=343 forwarded=1
1783000587.915591 publish topic=ipi/detector-output-to-ipi-run-1/latency/av-1/ack bytes=181 forwarded=1
1783000588.135234 publish topic=ipi/detector-output-to-ipi-run-1/latency/av-1/request bytes=343 forwarded=1
1783000588.135876 publish topic=ipi/detector-output-to-ipi-run-1/latency/av-1/ack bytes=181 forwarded=1
1783000588.355520 publish topic=ipi/detector-output-to-ipi-run-1/latency/av-1/request bytes=343 forwarded=1
1783000588.356158 publish topic=ipi/detector-output-to-ipi-run-1/latency/av-1/ack bytes=181 forwarded=1
1783000588.585759 publish topic=ipi/detector-output-to-ipi-run-1/latency/av-1/request bytes=343 forwarded=1
1783000588.586397 publish topic=ipi/detector-output-to-ipi-run-1/latency/av-1/ack bytes=181 forwarded=1
1783000588.806217 publish topic=ipi/detector-output-to-ipi-run-1/latency/av-1/request bytes=343 forwarded=1
1783000588.806855 publish topic=ipi/detector-output-to-ipi-run-1/latency/av-1/ack bytes=181 forwarded=1
1783000589.026384 publish topic=ipi/detector-output-to-ipi-run-1/latency/av-1/request bytes=343 forwarded=1
1783000589.027006 publish topic=ipi/detector-output-to-ipi-run-1/latency/av-1/ack bytes=181 forwarded=1
1783000589.246669 publish topic=ipi/detector-output-to-ipi-run-1/latency/av-1/request bytes=343 forwarded=1
1783000589.247293 publish topic=ipi/detector-output-to-ipi-run-1/latency/av-1/ack bytes=181 forwarded=1
1783000589.467000 publish topic=ipi/detector-output-to-ipi-run-1/latency/av-1/request bytes=343 forwarded=1
1783000589.467625 publish topic=ipi/detector-output-to-ipi-run-1/latency/av-1/ack bytes=181 forwarded=1
1783000589.687281 publish topic=ipi/detector-output-to-ipi-run-1/latency/av-1/request bytes=343 forwarded=1
1783000589.687904 publish topic=ipi/detector-output-to-ipi-run-1/latency/av-1/ack bytes=181 forwarded=1
1783000589.907525 publish topic=ipi/detector-output-to-ipi-run-1/latency/av-1/request bytes=343 forwarded=1
1783000589.908164 publish topic=ipi/detector-output-to-ipi-run-1/latency/av-1/ack bytes=181 forwarded=1
1783000590.137960 publish topic=ipi/detector-output-to-ipi-run-1/latency/av-1/request bytes=343 forwarded=1
1783000590.138595 publish topic=ipi/detector-output-to-ipi-run-1/latency/av-1/ack bytes=181 forwarded=1
1783000590.358318 publish topic=ipi/detector-output-to-ipi-run-1/latency/av-1/request bytes=343 forwarded=1
1783000590.358947 publish topic=ipi/detector-output-to-ipi-run-1/latency/av-1/ack bytes=181 forwarded=1
1783000590.588824 publish topic=ipi/detector-output-to-ipi-run-1/latency/av-1/request bytes=343 forwarded=1
1783000590.589465 publish topic=ipi/detector-output-to-ipi-run-1/latency/av-1/ack bytes=181 forwarded=1
1783000590.809004 publish topic=ipi/detector-output-to-ipi-run-1/latency/av-1/request bytes=343 forwarded=1
1783000590.809637 publish topic=ipi/detector-output-to-ipi-run-1/latency/av-1/ack bytes=181 forwarded=1
1783000591.039180 publish topic=ipi/detector-output-to-ipi-run-1/latency/av-1/request bytes=343 forwarded=1
1783000591.039799 publish topic=ipi/detector-output-to-ipi-run-1/latency/av-1/ack bytes=181 forwarded=1
1783000591.269513 publish topic=ipi/detector-output-to-ipi-run-1/latency/av-1/request bytes=343 forwarded=1
1783000591.270144 publish topic=ipi/detector-output-to-ipi-run-1/latency/av-1/ack bytes=181 forwarded=1
1783000591.489784 publish topic=ipi/detector-output-to-ipi-run-1/latency/av-1/request bytes=343 forwarded=1
1783000591.490440 publish topic=ipi/detector-output-to-ipi-run-1/latency/av-1/ack bytes=181 forwarded=1
1783000591.720053 publish topic=ipi/detector-output-to-ipi-run-1/latency/av-1/request bytes=343 forwarded=1
1783000591.720704 publish topic=ipi/detector-output-to-ipi-run-1/latency/av-1/ack bytes=181 forwarded=1
1783000591.960435 publish topic=ipi/detector-output-to-ipi-run-1/latency/av-1/request bytes=343 forwarded=1
1783000591.961093 publish topic=ipi/detector-output-to-ipi-run-1/latency/av-1/ack bytes=181 forwarded=1
1783000592.200939 publish topic=ipi/detector-output-to-ipi-run-1/latency/av-1/request bytes=343 forwarded=1
1783000592.201568 publish topic=ipi/detector-output-to-ipi-run-1/latency/av-1/ack bytes=181 forwarded=1
1783000592.441546 publish topic=ipi/detector-output-to-ipi-run-1/latency/av-1/request bytes=343 forwarded=1
1783000592.442177 publish topic=ipi/detector-output-to-ipi-run-1/latency/av-1/ack bytes=181 forwarded=1
1783000592.681901 publish topic=ipi/detector-output-to-ipi-run-1/latency/av-1/request bytes=343 forwarded=1
1783000592.682524 publish topic=ipi/detector-output-to-ipi-run-1/latency/av-1/ack bytes=181 forwarded=1
1783000592.912186 publish topic=ipi/detector-output-to-ipi-run-1/latency/av-1/request bytes=343 forwarded=1
1783000592.912846 publish topic=ipi/detector-output-to-ipi-run-1/latency/av-1/ack bytes=181 forwarded=1
1783000593.132610 publish topic=ipi/detector-output-to-ipi-run-1/latency/av-1/request bytes=343 forwarded=1
1783000593.133262 publish topic=ipi/detector-output-to-ipi-run-1/latency/av-1/ack bytes=181 forwarded=1
1783000593.352882 publish topic=ipi/detector-output-to-ipi-run-1/latency/av-1/request bytes=343 forwarded=1
1783000593.353512 publish topic=ipi/detector-output-to-ipi-run-1/latency/av-1/ack bytes=181 forwarded=1
1783000593.583093 publish topic=ipi/detector-output-to-ipi-run-1/latency/av-1/request bytes=343 forwarded=1
1783000593.583734 publish topic=ipi/detector-output-to-ipi-run-1/latency/av-1/ack bytes=181 forwarded=1
1783000593.803358 publish topic=ipi/detector-output-to-ipi-run-1/latency/av-1/request bytes=343 forwarded=1
1783000593.803991 publish topic=ipi/detector-output-to-ipi-run-1/latency/av-1/ack bytes=181 forwarded=1
1783000594.023742 publish topic=ipi/detector-output-to-ipi-run-1/latency/av-1/request bytes=343 forwarded=1
1783000594.024366 publish topic=ipi/detector-output-to-ipi-run-1/latency/av-1/ack bytes=181 forwarded=1
1783000594.263998 publish topic=ipi/detector-output-to-ipi-run-1/latency/av-1/request bytes=343 forwarded=1
1783000594.264628 publish topic=ipi/detector-output-to-ipi-run-1/latency/av-1/ack bytes=181 forwarded=1
1783000594.494350 publish topic=ipi/detector-output-to-ipi-run-1/latency/av-1/request bytes=343 forwarded=1
1783000594.494990 publish topic=ipi/detector-output-to-ipi-run-1/latency/av-1/ack bytes=181 forwarded=1
1783000594.714719 publish topic=ipi/detector-output-to-ipi-run-1/latency/av-1/request bytes=343 forwarded=1
1783000594.715355 publish topic=ipi/detector-output-to-ipi-run-1/latency/av-1/ack bytes=181 forwarded=1
1783000594.934818 publish topic=ipi/detector-output-to-ipi-run-1/latency/av-1/request bytes=343 forwarded=1
1783000594.935455 publish topic=ipi/detector-output-to-ipi-run-1/latency/av-1/ack bytes=181 forwarded=1
1783000595.155112 publish topic=ipi/detector-output-to-ipi-run-1/latency/av-1/request bytes=343 forwarded=1
1783000595.155746 publish topic=ipi/detector-output-to-ipi-run-1/latency/av-1/ack bytes=181 forwarded=1
1783000595.375533 publish topic=ipi/detector-output-to-ipi-run-1/latency/av-1/request bytes=343 forwarded=1
1783000595.376166 publish topic=ipi/detector-output-to-ipi-run-1/latency/av-1/ack bytes=181 forwarded=1
1783000595.595656 publish topic=ipi/detector-output-to-ipi-run-1/latency/av-1/request bytes=343 forwarded=1
1783000595.596296 publish topic=ipi/detector-output-to-ipi-run-1/latency/av-1/ack bytes=181 forwarded=1
1783000595.825957 publish topic=ipi/detector-output-to-ipi-run-1/latency/av-1/request bytes=343 forwarded=1
1783000595.826585 publish topic=ipi/detector-output-to-ipi-run-1/latency/av-1/ack bytes=181 forwarded=1
1783000596.056231 publish topic=ipi/detector-output-to-ipi-run-1/latency/av-1/request bytes=343 forwarded=1
1783000596.056888 publish topic=ipi/detector-output-to-ipi-run-1/latency/av-1/ack bytes=181 forwarded=1
1783000596.286836 publish topic=ipi/detector-output-to-ipi-run-1/latency/av-1/request bytes=343 forwarded=1
1783000596.287467 publish topic=ipi/detector-output-to-ipi-run-1/latency/av-1/ack bytes=181 forwarded=1
1783000596.516823 publish topic=ipi/detector-output-to-ipi-run-1/latency/av-1/request bytes=343 forwarded=1
1783000596.517455 publish topic=ipi/detector-output-to-ipi-run-1/latency/av-1/ack bytes=181 forwarded=1
1783000596.737217 publish topic=ipi/detector-output-to-ipi-run-1/latency/av-1/request bytes=343 forwarded=1
1783000596.737877 publish topic=ipi/detector-output-to-ipi-run-1/latency/av-1/ack bytes=181 forwarded=1
1783000596.957501 publish topic=ipi/detector-output-to-ipi-run-1/latency/av-1/request bytes=343 forwarded=1
1783000596.958120 publish topic=ipi/detector-output-to-ipi-run-1/latency/av-1/ack bytes=181 forwarded=1
1783000597.177733 publish topic=ipi/detector-output-to-ipi-run-1/latency/av-1/request bytes=343 forwarded=1
1783000597.178367 publish topic=ipi/detector-output-to-ipi-run-1/latency/av-1/ack bytes=181 forwarded=1
1783000597.398184 publish topic=ipi/detector-output-to-ipi-run-1/latency/av-1/request bytes=343 forwarded=1
1783000597.398821 publish topic=ipi/detector-output-to-ipi-run-1/latency/av-1/ack bytes=181 forwarded=1
1783000597.618612 publish topic=ipi/detector-output-to-ipi-run-1/latency/av-1/request bytes=343 forwarded=1
1783000597.619251 publish topic=ipi/detector-output-to-ipi-run-1/latency/av-1/ack bytes=181 forwarded=1
1783000597.848851 publish topic=ipi/detector-output-to-ipi-run-1/latency/av-1/request bytes=343 forwarded=1
1783000597.849484 publish topic=ipi/detector-output-to-ipi-run-1/latency/av-1/ack bytes=181 forwarded=1
1783000598.079179 publish topic=ipi/detector-output-to-ipi-run-1/latency/av-1/request bytes=343 forwarded=1
1783000598.079818 publish topic=ipi/detector-output-to-ipi-run-1/latency/av-1/ack bytes=181 forwarded=1
1783000598.319629 publish topic=ipi/detector-output-to-ipi-run-1/latency/av-1/request bytes=343 forwarded=1
1783000598.320260 publish topic=ipi/detector-output-to-ipi-run-1/latency/av-1/ack bytes=181 forwarded=1
1783000598.559975 publish topic=ipi/detector-output-to-ipi-run-1/latency/av-1/request bytes=343 forwarded=1
1783000598.560614 publish topic=ipi/detector-output-to-ipi-run-1/latency/av-1/ack bytes=181 forwarded=1
1783000598.790334 publish topic=ipi/detector-output-to-ipi-run-1/latency/av-1/request bytes=343 forwarded=1
1783000598.790959 publish topic=ipi/detector-output-to-ipi-run-1/latency/av-1/ack bytes=181 forwarded=1
1783000599.020877 publish topic=ipi/detector-output-to-ipi-run-1/latency/av-1/request bytes=343 forwarded=1
1783000599.021497 publish topic=ipi/detector-output-to-ipi-run-1/latency/av-1/ack bytes=181 forwarded=1
1783000599.261343 publish topic=ipi/detector-output-to-ipi-run-1/latency/av-1/request bytes=343 forwarded=1
1783000599.261975 publish topic=ipi/detector-output-to-ipi-run-1/latency/av-1/ack bytes=181 forwarded=1
1783000599.491796 publish topic=ipi/detector-output-to-ipi-run-1/latency/av-1/request bytes=343 forwarded=1
1783000599.492431 publish topic=ipi/detector-output-to-ipi-run-1/latency/av-1/ack bytes=181 forwarded=1
1783000599.721958 publish topic=ipi/detector-output-to-ipi-run-1/latency/av-1/request bytes=343 forwarded=1
1783000599.722584 publish topic=ipi/detector-output-to-ipi-run-1/latency/av-1/ack bytes=181 forwarded=1
1783000599.942372 publish topic=ipi/detector-output-to-ipi-run-1/latency/av-1/request bytes=343 forwarded=1
1783000599.943010 publish topic=ipi/detector-output-to-ipi-run-1/latency/av-1/ack bytes=181 forwarded=1
1783000600.162483 publish topic=ipi/detector-output-to-ipi-run-1/latency/av-1/request bytes=343 forwarded=1
1783000600.163123 publish topic=ipi/detector-output-to-ipi-run-1/latency/av-1/ack bytes=181 forwarded=1
1783000600.382889 publish topic=ipi/detector-output-to-ipi-run-1/latency/av-1/request bytes=343 forwarded=1
1783000600.383524 publish topic=ipi/detector-output-to-ipi-run-1/latency/av-1/ack bytes=181 forwarded=1
1783000600.603248 publish topic=ipi/detector-output-to-ipi-run-1/latency/av-1/request bytes=343 forwarded=1
1783000600.603872 publish topic=ipi/detector-output-to-ipi-run-1/latency/av-1/ack bytes=181 forwarded=1
1783000600.823452 publish topic=ipi/detector-output-to-ipi-run-1/latency/av-1/request bytes=343 forwarded=1
1783000600.824095 publish topic=ipi/detector-output-to-ipi-run-1/latency/av-1/ack bytes=181 forwarded=1
1783000601.043628 publish topic=ipi/detector-output-to-ipi-run-1/latency/av-1/request bytes=343 forwarded=1
1783000601.044287 publish topic=ipi/detector-output-to-ipi-run-1/latency/av-1/ack bytes=181 forwarded=1
1783000601.263983 publish topic=ipi/detector-output-to-ipi-run-1/latency/av-1/request bytes=343 forwarded=1
1783000601.264612 publish topic=ipi/detector-output-to-ipi-run-1/latency/av-1/ack bytes=181 forwarded=1
1783000601.483990 publish topic=ipi/detector-output-to-ipi-run-1/latency/av-1/request bytes=343 forwarded=1
1783000601.484614 publish topic=ipi/detector-output-to-ipi-run-1/latency/av-1/ack bytes=181 forwarded=1
1783000601.704149 publish topic=ipi/detector-output-to-ipi-run-1/latency/av-1/request bytes=343 forwarded=1
1783000601.704799 publish topic=ipi/detector-output-to-ipi-run-1/latency/av-1/ack bytes=181 forwarded=1
1783000601.934519 publish topic=ipi/detector-output-to-ipi-run-1/latency/av-1/request bytes=343 forwarded=1
1783000601.935152 publish topic=ipi/detector-output-to-ipi-run-1/latency/av-1/ack bytes=181 forwarded=1
1783000602.154809 publish topic=ipi/detector-output-to-ipi-run-1/latency/av-1/request bytes=343 forwarded=1
1783000602.155450 publish topic=ipi/detector-output-to-ipi-run-1/latency/av-1/ack bytes=181 forwarded=1
1783000602.374833 publish topic=ipi/detector-output-to-ipi-run-1/latency/av-1/request bytes=343 forwarded=1
1783000602.375464 publish topic=ipi/detector-output-to-ipi-run-1/latency/av-1/ack bytes=181 forwarded=1
1783000602.604964 publish topic=ipi/detector-output-to-ipi-run-1/latency/av-1/request bytes=343 forwarded=1
1783000602.605596 publish topic=ipi/detector-output-to-ipi-run-1/latency/av-1/ack bytes=181 forwarded=1
1783000602.835469 publish topic=ipi/detector-output-to-ipi-run-1/latency/av-1/request bytes=343 forwarded=1
1783000602.836104 publish topic=ipi/detector-output-to-ipi-run-1/latency/av-1/ack bytes=181 forwarded=1
1783000603.065598 publish topic=ipi/detector-output-to-ipi-run-1/latency/av-1/request bytes=343 forwarded=1
1783000603.066230 publish topic=ipi/detector-output-to-ipi-run-1/latency/av-1/ack bytes=181 forwarded=1
1783000603.296114 publish topic=ipi/detector-output-to-ipi-run-1/latency/av-1/request bytes=343 forwarded=1
1783000603.296792 publish topic=ipi/detector-output-to-ipi-run-1/latency/av-1/ack bytes=181 forwarded=1
1783000603.516202 publish topic=ipi/detector-output-to-ipi-run-1/latency/av-1/request bytes=343 forwarded=1
1783000603.516850 publish topic=ipi/detector-output-to-ipi-run-1/latency/av-1/ack bytes=181 forwarded=1
1783000603.746270 publish topic=ipi/detector-output-to-ipi-run-1/latency/av-1/request bytes=343 forwarded=1
1783000603.746913 publish topic=ipi/detector-output-to-ipi-run-1/latency/av-1/ack bytes=181 forwarded=1
1783000603.966308 publish topic=ipi/detector-output-to-ipi-run-1/latency/av-1/request bytes=343 forwarded=1
1783000603.966943 publish topic=ipi/detector-output-to-ipi-run-1/latency/av-1/ack bytes=181 forwarded=1
1783000604.186636 publish topic=ipi/detector-output-to-ipi-run-1/latency/av-1/request bytes=343 forwarded=1
1783000604.187273 publish topic=ipi/detector-output-to-ipi-run-1/latency/av-1/ack bytes=181 forwarded=1
1783000604.416835 publish topic=ipi/detector-output-to-ipi-run-1/latency/av-1/request bytes=343 forwarded=1
1783000604.417501 publish topic=ipi/detector-output-to-ipi-run-1/latency/av-1/ack bytes=181 forwarded=1
1783000604.667223 publish topic=ipi/detector-output-to-ipi-run-1/latency/av-1/request bytes=343 forwarded=1
1783000604.667847 publish topic=ipi/detector-output-to-ipi-run-1/latency/av-1/ack bytes=181 forwarded=1
1783000604.907366 publish topic=ipi/detector-output-to-ipi-run-1/latency/av-1/request bytes=343 forwarded=1
1783000604.907990 publish topic=ipi/detector-output-to-ipi-run-1/latency/av-1/ack bytes=181 forwarded=1
1783000605.147478 publish topic=ipi/detector-output-to-ipi-run-1/latency/av-1/request bytes=343 forwarded=1
1783000605.148095 publish topic=ipi/detector-output-to-ipi-run-1/latency/av-1/ack bytes=181 forwarded=1
1783000605.387779 publish topic=ipi/detector-output-to-ipi-run-1/latency/av-1/request bytes=343 forwarded=1
1783000605.388436 publish topic=ipi/detector-output-to-ipi-run-1/latency/av-1/ack bytes=181 forwarded=1
1783000605.618296 publish topic=ipi/detector-output-to-ipi-run-1/latency/av-1/request bytes=343 forwarded=1
1783000605.618939 publish topic=ipi/detector-output-to-ipi-run-1/latency/av-1/ack bytes=181 forwarded=1
1783000605.848300 publish topic=ipi/detector-output-to-ipi-run-1/latency/av-1/request bytes=343 forwarded=1
1783000605.848939 publish topic=ipi/detector-output-to-ipi-run-1/latency/av-1/ack bytes=181 forwarded=1
1783000606.088493 publish topic=ipi/detector-output-to-ipi-run-1/latency/av-1/request bytes=343 forwarded=1
1783000606.089120 publish topic=ipi/detector-output-to-ipi-run-1/latency/av-1/ack bytes=181 forwarded=1
1783000606.328769 publish topic=ipi/detector-output-to-ipi-run-1/latency/av-1/request bytes=343 forwarded=1
1783000606.329391 publish topic=ipi/detector-output-to-ipi-run-1/latency/av-1/ack bytes=181 forwarded=1
1783000606.569194 publish topic=ipi/detector-output-to-ipi-run-1/latency/av-1/request bytes=343 forwarded=1
1783000606.569816 publish topic=ipi/detector-output-to-ipi-run-1/latency/av-1/ack bytes=181 forwarded=1
1783000606.799542 publish topic=ipi/detector-output-to-ipi-run-1/latency/av-1/request bytes=343 forwarded=1
1783000606.800169 publish topic=ipi/detector-output-to-ipi-run-1/latency/av-1/ack bytes=181 forwarded=1
1783000607.029665 publish topic=ipi/detector-output-to-ipi-run-1/latency/av-1/request bytes=343 forwarded=1
1783000607.030284 publish topic=ipi/detector-output-to-ipi-run-1/latency/av-1/ack bytes=181 forwarded=1
1783000607.249974 publish topic=ipi/detector-output-to-ipi-run-1/latency/av-1/request bytes=343 forwarded=1
1783000607.250592 publish topic=ipi/detector-output-to-ipi-run-1/latency/av-1/ack bytes=181 forwarded=1
1783000607.480050 publish topic=ipi/detector-output-to-ipi-run-1/latency/av-1/request bytes=343 forwarded=1
1783000607.480656 publish topic=ipi/detector-output-to-ipi-run-1/latency/av-1/ack bytes=181 forwarded=1
1783000607.700441 publish topic=ipi/detector-output-to-ipi-run-1/latency/av-1/request bytes=343 forwarded=1
1783000607.701087 publish topic=ipi/detector-output-to-ipi-run-1/latency/av-1/ack bytes=181 forwarded=1
1783000607.930559 publish topic=ipi/detector-output-to-ipi-run-1/latency/av-1/request bytes=343 forwarded=1
1783000607.931177 publish topic=ipi/detector-output-to-ipi-run-1/latency/av-1/ack bytes=181 forwarded=1
1783000608.160661 publish topic=ipi/detector-output-to-ipi-run-1/latency/av-1/request bytes=343 forwarded=1
1783000608.161312 publish topic=ipi/detector-output-to-ipi-run-1/latency/av-1/ack bytes=181 forwarded=1
1783000608.410787 publish topic=ipi/detector-output-to-ipi-run-1/latency/av-1/request bytes=343 forwarded=1
1783000608.411400 publish topic=ipi/detector-output-to-ipi-run-1/latency/av-1/ack bytes=181 forwarded=1
1783000608.640921 publish topic=ipi/detector-output-to-ipi-run-1/latency/av-1/request bytes=343 forwarded=1
1783000608.641539 publish topic=ipi/detector-output-to-ipi-run-1/latency/av-1/ack bytes=181 forwarded=1
1783000608.871337 publish topic=ipi/detector-output-to-ipi-run-1/latency/av-1/request bytes=343 forwarded=1
1783000608.871976 publish topic=ipi/detector-output-to-ipi-run-1/latency/av-1/ack bytes=181 forwarded=1
1783000609.101292 publish topic=ipi/detector-output-to-ipi-run-1/latency/av-1/request bytes=343 forwarded=1
1783000609.101912 publish topic=ipi/detector-output-to-ipi-run-1/latency/av-1/ack bytes=181 forwarded=1
1783000609.331674 publish topic=ipi/detector-output-to-ipi-run-1/latency/av-1/request bytes=343 forwarded=1
1783000609.332347 publish topic=ipi/detector-output-to-ipi-run-1/latency/av-1/ack bytes=181 forwarded=1
1783000609.562046 publish topic=ipi/detector-output-to-ipi-run-1/latency/av-1/request bytes=343 forwarded=1
1783000609.562673 publish topic=ipi/detector-output-to-ipi-run-1/latency/av-1/ack bytes=181 forwarded=1
1783000609.782232 publish topic=ipi/detector-output-to-ipi-run-1/latency/av-1/request bytes=343 forwarded=1
1783000609.782847 publish topic=ipi/detector-output-to-ipi-run-1/latency/av-1/ack bytes=181 forwarded=1
1783000610.012504 publish topic=ipi/detector-output-to-ipi-run-1/latency/av-1/request bytes=343 forwarded=1
1783000610.013129 publish topic=ipi/detector-output-to-ipi-run-1/latency/av-1/ack bytes=181 forwarded=1
1783000610.242833 publish topic=ipi/detector-output-to-ipi-run-1/latency/av-1/request bytes=343 forwarded=1
1783000610.243463 publish topic=ipi/detector-output-to-ipi-run-1/latency/av-1/ack bytes=181 forwarded=1
1783000610.473096 publish topic=ipi/detector-output-to-ipi-run-1/latency/av-1/request bytes=343 forwarded=1
1783000610.473711 publish topic=ipi/detector-output-to-ipi-run-1/latency/av-1/ack bytes=181 forwarded=1
1783000610.693394 publish topic=ipi/detector-output-to-ipi-run-1/latency/av-1/request bytes=343 forwarded=1
1783000610.694016 publish topic=ipi/detector-output-to-ipi-run-1/latency/av-1/ack bytes=181 forwarded=1
1783000610.913645 publish topic=ipi/detector-output-to-ipi-run-1/latency/av-1/request bytes=343 forwarded=1
1783000610.914283 publish topic=ipi/detector-output-to-ipi-run-1/latency/av-1/ack bytes=181 forwarded=1
1783000611.133943 publish topic=ipi/detector-output-to-ipi-run-1/latency/av-1/request bytes=343 forwarded=1
1783000611.134561 publish topic=ipi/detector-output-to-ipi-run-1/latency/av-1/ack bytes=181 forwarded=1
1783000611.354260 publish topic=ipi/detector-output-to-ipi-run-1/latency/av-1/request bytes=343 forwarded=1
1783000611.354878 publish topic=ipi/detector-output-to-ipi-run-1/latency/av-1/ack bytes=181 forwarded=1
1783000611.574319 publish topic=ipi/detector-output-to-ipi-run-1/latency/av-1/request bytes=343 forwarded=1
1783000611.574935 publish topic=ipi/detector-output-to-ipi-run-1/latency/av-1/ack bytes=181 forwarded=1
1783000611.804792 publish topic=ipi/detector-output-to-ipi-run-1/latency/av-1/request bytes=343 forwarded=1
1783000611.805496 publish topic=ipi/detector-output-to-ipi-run-1/latency/av-1/ack bytes=181 forwarded=1
1783000612.034993 publish topic=ipi/detector-output-to-ipi-run-1/latency/av-1/request bytes=343 forwarded=1
1783000612.035612 publish topic=ipi/detector-output-to-ipi-run-1/latency/av-1/ack bytes=181 forwarded=1
1783000612.275608 publish topic=ipi/detector-output-to-ipi-run-1/latency/av-1/request bytes=343 forwarded=1
1783000612.276219 publish topic=ipi/detector-output-to-ipi-run-1/latency/av-1/ack bytes=181 forwarded=1
1783000612.506085 publish topic=ipi/detector-output-to-ipi-run-1/latency/av-1/request bytes=343 forwarded=1
1783000612.506710 publish topic=ipi/detector-output-to-ipi-run-1/latency/av-1/ack bytes=181 forwarded=1
1783000612.746398 publish topic=ipi/detector-output-to-ipi-run-1/latency/av-1/request bytes=343 forwarded=1
1783000612.747009 publish topic=ipi/detector-output-to-ipi-run-1/latency/av-1/ack bytes=181 forwarded=1
1783000612.986998 publish topic=ipi/detector-output-to-ipi-run-1/latency/av-1/request bytes=343 forwarded=1
1783000612.987617 publish topic=ipi/detector-output-to-ipi-run-1/latency/av-1/ack bytes=181 forwarded=1
1783000613.207341 publish topic=ipi/detector-output-to-ipi-run-1/latency/av-1/request bytes=343 forwarded=1
1783000613.208018 publish topic=ipi/detector-output-to-ipi-run-1/latency/av-1/ack bytes=181 forwarded=1
1783000613.437584 publish topic=ipi/detector-output-to-ipi-run-1/latency/av-1/request bytes=343 forwarded=1
1783000613.438203 publish topic=ipi/detector-output-to-ipi-run-1/latency/av-1/ack bytes=181 forwarded=1
1783000613.667735 publish topic=ipi/detector-output-to-ipi-run-1/latency/av-1/request bytes=343 forwarded=1
1783000613.668354 publish topic=ipi/detector-output-to-ipi-run-1/latency/av-1/ack bytes=181 forwarded=1
1783000613.888022 publish topic=ipi/detector-output-to-ipi-run-1/latency/av-1/request bytes=343 forwarded=1
1783000613.888638 publish topic=ipi/detector-output-to-ipi-run-1/latency/av-1/ack bytes=181 forwarded=1
1783000614.118410 publish topic=ipi/detector-output-to-ipi-run-1/latency/av-1/request bytes=343 forwarded=1
1783000614.119032 publish topic=ipi/detector-output-to-ipi-run-1/latency/av-1/ack bytes=181 forwarded=1
1783000614.348943 publish topic=ipi/detector-output-to-ipi-run-1/latency/av-1/request bytes=343 forwarded=1
1783000614.349594 publish topic=ipi/detector-output-to-ipi-run-1/latency/av-1/ack bytes=181 forwarded=1
1783000614.578971 publish topic=ipi/detector-output-to-ipi-run-1/latency/av-1/request bytes=343 forwarded=1
1783000614.579596 publish topic=ipi/detector-output-to-ipi-run-1/latency/av-1/ack bytes=181 forwarded=1
1783000614.799322 publish topic=ipi/detector-output-to-ipi-run-1/latency/av-1/request bytes=343 forwarded=1
1783000614.799932 publish topic=ipi/detector-output-to-ipi-run-1/latency/av-1/ack bytes=181 forwarded=1
1783000615.029598 publish topic=ipi/detector-output-to-ipi-run-1/latency/av-1/request bytes=343 forwarded=1
1783000615.030228 publish topic=ipi/detector-output-to-ipi-run-1/latency/av-1/ack bytes=181 forwarded=1
1783000615.259935 publish topic=ipi/detector-output-to-ipi-run-1/latency/av-1/request bytes=343 forwarded=1
1783000615.260587 publish topic=ipi/detector-output-to-ipi-run-1/latency/av-1/ack bytes=181 forwarded=1
1783000615.490265 publish topic=ipi/detector-output-to-ipi-run-1/latency/av-1/request bytes=343 forwarded=1
1783000615.490887 publish topic=ipi/detector-output-to-ipi-run-1/latency/av-1/ack bytes=181 forwarded=1
1783000615.720524 publish topic=ipi/detector-output-to-ipi-run-1/latency/av-1/request bytes=343 forwarded=1
1783000615.721166 publish topic=ipi/detector-output-to-ipi-run-1/latency/av-1/ack bytes=181 forwarded=1
1783000615.950853 publish topic=ipi/detector-output-to-ipi-run-1/latency/av-1/request bytes=343 forwarded=1
1783000615.951476 publish topic=ipi/detector-output-to-ipi-run-1/latency/av-1/ack bytes=181 forwarded=1
1783000616.170937 publish topic=ipi/detector-output-to-ipi-run-1/latency/av-1/request bytes=343 forwarded=1
1783000616.171564 publish topic=ipi/detector-output-to-ipi-run-1/latency/av-1/ack bytes=181 forwarded=1
1783000616.411357 publish topic=ipi/detector-output-to-ipi-run-1/latency/av-1/request bytes=343 forwarded=1
1783000616.411980 publish topic=ipi/detector-output-to-ipi-run-1/latency/av-1/ack bytes=181 forwarded=1
1783000616.641571 publish topic=ipi/detector-output-to-ipi-run-1/latency/av-1/request bytes=343 forwarded=1
1783000616.642191 publish topic=ipi/detector-output-to-ipi-run-1/latency/av-1/ack bytes=181 forwarded=1
1783000616.872005 publish topic=ipi/detector-output-to-ipi-run-1/latency/av-1/request bytes=343 forwarded=1
1783000616.872624 publish topic=ipi/detector-output-to-ipi-run-1/latency/av-1/ack bytes=181 forwarded=1
1783000617.102279 publish topic=ipi/detector-output-to-ipi-run-1/latency/av-1/request bytes=343 forwarded=1
1783000617.102913 publish topic=ipi/detector-output-to-ipi-run-1/latency/av-1/ack bytes=181 forwarded=1
1783000617.332528 publish topic=ipi/detector-output-to-ipi-run-1/latency/av-1/request bytes=343 forwarded=1
1783000617.333157 publish topic=ipi/detector-output-to-ipi-run-1/latency/av-1/ack bytes=181 forwarded=1
1783000617.552888 publish topic=ipi/detector-output-to-ipi-run-1/latency/av-1/request bytes=343 forwarded=1
1783000617.553517 publish topic=ipi/detector-output-to-ipi-run-1/latency/av-1/ack bytes=181 forwarded=1
1783000617.773057 publish topic=ipi/detector-output-to-ipi-run-1/latency/av-1/request bytes=343 forwarded=1
1783000617.773671 publish topic=ipi/detector-output-to-ipi-run-1/latency/av-1/ack bytes=181 forwarded=1
1783000617.993244 publish topic=ipi/detector-output-to-ipi-run-1/latency/av-1/request bytes=343 forwarded=1
1783000617.993859 publish topic=ipi/detector-output-to-ipi-run-1/latency/av-1/ack bytes=181 forwarded=1
1783000618.233473 publish topic=ipi/detector-output-to-ipi-run-1/latency/av-1/request bytes=343 forwarded=1
1783000618.234129 publish topic=ipi/detector-output-to-ipi-run-1/latency/av-1/ack bytes=181 forwarded=1
1783000618.484213 publish topic=ipi/detector-output-to-ipi-run-1/latency/av-1/request bytes=343 forwarded=1
1783000618.484887 publish topic=ipi/detector-output-to-ipi-run-1/latency/av-1/ack bytes=181 forwarded=1
1783000618.734538 publish topic=ipi/detector-output-to-ipi-run-1/latency/av-1/request bytes=343 forwarded=1
1783000618.735204 publish topic=ipi/detector-output-to-ipi-run-1/latency/av-1/ack bytes=181 forwarded=1
1783000618.965135 publish topic=ipi/detector-output-to-ipi-run-1/latency/av-1/request bytes=343 forwarded=1
1783000618.965774 publish topic=ipi/detector-output-to-ipi-run-1/latency/av-1/ack bytes=181 forwarded=1
1783000619.205329 publish topic=ipi/detector-output-to-ipi-run-1/latency/av-1/request bytes=343 forwarded=1
1783000619.205948 publish topic=ipi/detector-output-to-ipi-run-1/latency/av-1/ack bytes=181 forwarded=1
1783000619.456023 publish topic=ipi/detector-output-to-ipi-run-1/latency/av-1/request bytes=343 forwarded=1
1783000619.456647 publish topic=ipi/detector-output-to-ipi-run-1/latency/av-1/ack bytes=181 forwarded=1
1783000619.716369 publish topic=ipi/detector-output-to-ipi-run-1/latency/av-1/request bytes=343 forwarded=1
1783000619.717007 publish topic=ipi/detector-output-to-ipi-run-1/latency/av-1/ack bytes=181 forwarded=1
1783000619.956810 publish topic=ipi/detector-output-to-ipi-run-1/latency/av-1/request bytes=343 forwarded=1
1783000619.957428 publish topic=ipi/detector-output-to-ipi-run-1/latency/av-1/ack bytes=181 forwarded=1
1783000620.187029 publish topic=ipi/detector-output-to-ipi-run-1/latency/av-1/request bytes=343 forwarded=1
1783000620.187656 publish topic=ipi/detector-output-to-ipi-run-1/latency/av-1/ack bytes=181 forwarded=1
1783000620.417549 publish topic=ipi/detector-output-to-ipi-run-1/latency/av-1/request bytes=343 forwarded=1
1783000620.418180 publish topic=ipi/detector-output-to-ipi-run-1/latency/av-1/ack bytes=181 forwarded=1
1783000620.647707 publish topic=ipi/detector-output-to-ipi-run-1/latency/av-1/request bytes=343 forwarded=1
1783000620.648324 publish topic=ipi/detector-output-to-ipi-run-1/latency/av-1/ack bytes=181 forwarded=1
1783000620.868215 publish topic=ipi/detector-output-to-ipi-run-1/latency/av-1/request bytes=343 forwarded=1
1783000620.868864 publish topic=ipi/detector-output-to-ipi-run-1/latency/av-1/ack bytes=181 forwarded=1
1783000621.088172 publish topic=ipi/detector-output-to-ipi-run-1/latency/av-1/request bytes=343 forwarded=1
1783000621.088786 publish topic=ipi/detector-output-to-ipi-run-1/latency/av-1/ack bytes=181 forwarded=1
1783000621.308866 publish topic=ipi/detector-output-to-ipi-run-1/latency/av-1/request bytes=343 forwarded=1
1783000621.309491 publish topic=ipi/detector-output-to-ipi-run-1/latency/av-1/ack bytes=181 forwarded=1
1783000621.539057 publish topic=ipi/detector-output-to-ipi-run-1/latency/av-1/request bytes=343 forwarded=1
1783000621.539686 publish topic=ipi/detector-output-to-ipi-run-1/latency/av-1/ack bytes=181 forwarded=1
1783000621.759388 publish topic=ipi/detector-output-to-ipi-run-1/latency/av-1/request bytes=343 forwarded=1
1783000621.760080 publish topic=ipi/detector-output-to-ipi-run-1/latency/av-1/ack bytes=181 forwarded=1
1783000621.989578 publish topic=ipi/detector-output-to-ipi-run-1/latency/av-1/request bytes=343 forwarded=1
1783000621.990213 publish topic=ipi/detector-output-to-ipi-run-1/latency/av-1/ack bytes=181 forwarded=1
1783000622.219884 publish topic=ipi/detector-output-to-ipi-run-1/latency/av-1/request bytes=343 forwarded=1
1783000622.220533 publish topic=ipi/detector-output-to-ipi-run-1/latency/av-1/ack bytes=181 forwarded=1
1783000622.440016 publish topic=ipi/detector-output-to-ipi-run-1/latency/av-1/request bytes=343 forwarded=1
1783000622.440644 publish topic=ipi/detector-output-to-ipi-run-1/latency/av-1/ack bytes=181 forwarded=1
1783000622.670604 publish topic=ipi/detector-output-to-ipi-run-1/latency/av-1/request bytes=343 forwarded=1
1783000622.671226 publish topic=ipi/detector-output-to-ipi-run-1/latency/av-1/ack bytes=181 forwarded=1
1783000622.900955 publish topic=ipi/detector-output-to-ipi-run-1/latency/av-1/request bytes=343 forwarded=1
1783000622.901574 publish topic=ipi/detector-output-to-ipi-run-1/latency/av-1/ack bytes=181 forwarded=1
1783000623.131211 publish topic=ipi/detector-output-to-ipi-run-1/latency/av-1/request bytes=343 forwarded=1
1783000623.131833 publish topic=ipi/detector-output-to-ipi-run-1/latency/av-1/ack bytes=181 forwarded=1
1783000623.361332 publish topic=ipi/detector-output-to-ipi-run-1/latency/av-1/request bytes=343 forwarded=1
1783000623.361964 publish topic=ipi/detector-output-to-ipi-run-1/latency/av-1/ack bytes=181 forwarded=1
1783000623.591681 publish topic=ipi/detector-output-to-ipi-run-1/latency/av-1/request bytes=343 forwarded=1
1783000623.592307 publish topic=ipi/detector-output-to-ipi-run-1/latency/av-1/ack bytes=181 forwarded=1
1783000623.822047 publish topic=ipi/detector-output-to-ipi-run-1/latency/av-1/request bytes=343 forwarded=1
1783000623.822669 publish topic=ipi/detector-output-to-ipi-run-1/latency/av-1/ack bytes=181 forwarded=1
1783000624.042452 publish topic=ipi/detector-output-to-ipi-run-1/latency/av-1/request bytes=343 forwarded=1
1783000624.043080 publish topic=ipi/detector-output-to-ipi-run-1/latency/av-1/ack bytes=181 forwarded=1
1783000624.262770 publish topic=ipi/detector-output-to-ipi-run-1/latency/av-1/request bytes=343 forwarded=1
1783000624.263416 publish topic=ipi/detector-output-to-ipi-run-1/latency/av-1/ack bytes=181 forwarded=1
1783000624.483021 publish topic=ipi/detector-output-to-ipi-run-1/latency/av-1/request bytes=343 forwarded=1
1783000624.483644 publish topic=ipi/detector-output-to-ipi-run-1/latency/av-1/ack bytes=181 forwarded=1
1783000624.703274 publish topic=ipi/detector-output-to-ipi-run-1/latency/av-1/request bytes=343 forwarded=1
1783000624.703892 publish topic=ipi/detector-output-to-ipi-run-1/latency/av-1/ack bytes=181 forwarded=1
1783000624.923552 publish topic=ipi/detector-output-to-ipi-run-1/latency/av-1/request bytes=343 forwarded=1
1783000624.924176 publish topic=ipi/detector-output-to-ipi-run-1/latency/av-1/ack bytes=181 forwarded=1
1783000625.154048 publish topic=ipi/detector-output-to-ipi-run-1/latency/av-1/request bytes=343 forwarded=1
1783000625.154676 publish topic=ipi/detector-output-to-ipi-run-1/latency/av-1/ack bytes=181 forwarded=1
1783000625.384276 publish topic=ipi/detector-output-to-ipi-run-1/latency/av-1/request bytes=343 forwarded=1
1783000625.384913 publish topic=ipi/detector-output-to-ipi-run-1/latency/av-1/ack bytes=181 forwarded=1
1783000625.614752 publish topic=ipi/detector-output-to-ipi-run-1/latency/av-1/request bytes=343 forwarded=1
1783000625.615367 publish topic=ipi/detector-output-to-ipi-run-1/latency/av-1/ack bytes=181 forwarded=1
1783000625.855146 publish topic=ipi/detector-output-to-ipi-run-1/latency/av-1/request bytes=343 forwarded=1
1783000625.855766 publish topic=ipi/detector-output-to-ipi-run-1/latency/av-1/ack bytes=181 forwarded=1
1783000626.115505 publish topic=ipi/detector-output-to-ipi-run-1/latency/av-1/request bytes=343 forwarded=1
1783000626.116129 publish topic=ipi/detector-output-to-ipi-run-1/latency/av-1/ack bytes=181 forwarded=1
1783000626.346132 publish topic=ipi/detector-output-to-ipi-run-1/latency/av-1/request bytes=343 forwarded=1
1783000626.346740 publish topic=ipi/detector-output-to-ipi-run-1/latency/av-1/ack bytes=181 forwarded=1
1783000626.576226 publish topic=ipi/detector-output-to-ipi-run-1/latency/av-1/request bytes=343 forwarded=1
1783000626.576927 publish topic=ipi/detector-output-to-ipi-run-1/latency/av-1/ack bytes=181 forwarded=1
1783000626.796827 publish topic=ipi/detector-output-to-ipi-run-1/latency/av-1/request bytes=343 forwarded=1
1783000626.797543 publish topic=ipi/detector-output-to-ipi-run-1/latency/av-1/ack bytes=181 forwarded=1
1783000627.017104 publish topic=ipi/detector-output-to-ipi-run-1/latency/av-1/request bytes=343 forwarded=1
1783000627.017756 publish topic=ipi/detector-output-to-ipi-run-1/latency/av-1/ack bytes=181 forwarded=1
1783000627.237307 publish topic=ipi/detector-output-to-ipi-run-1/latency/av-1/request bytes=343 forwarded=1
1783000627.237962 publish topic=ipi/detector-output-to-ipi-run-1/latency/av-1/ack bytes=181 forwarded=1
1783000627.457556 publish topic=ipi/detector-output-to-ipi-run-1/latency/av-1/request bytes=343 forwarded=1
1783000627.458219 publish topic=ipi/detector-output-to-ipi-run-1/latency/av-1/ack bytes=181 forwarded=1
1783000627.677901 publish topic=ipi/detector-output-to-ipi-run-1/latency/av-1/request bytes=343 forwarded=1
1783000627.678556 publish topic=ipi/detector-output-to-ipi-run-1/latency/av-1/ack bytes=181 forwarded=1
1783000627.908404 publish topic=ipi/detector-output-to-ipi-run-1/latency/av-1/request bytes=343 forwarded=1
1783000627.909079 publish topic=ipi/detector-output-to-ipi-run-1/latency/av-1/ack bytes=181 forwarded=1
1783000628.138634 publish topic=ipi/detector-output-to-ipi-run-1/latency/av-1/request bytes=343 forwarded=1
1783000628.139290 publish topic=ipi/detector-output-to-ipi-run-1/latency/av-1/ack bytes=181 forwarded=1
1783000628.369021 publish topic=ipi/detector-output-to-ipi-run-1/latency/av-1/request bytes=343 forwarded=1
1783000628.369682 publish topic=ipi/detector-output-to-ipi-run-1/latency/av-1/ack bytes=181 forwarded=1
1783000628.589222 publish topic=ipi/detector-output-to-ipi-run-1/latency/av-1/request bytes=343 forwarded=1
1783000628.589875 publish topic=ipi/detector-output-to-ipi-run-1/latency/av-1/ack bytes=181 forwarded=1
1783000628.819546 publish topic=ipi/detector-output-to-ipi-run-1/latency/av-1/request bytes=343 forwarded=1
1783000628.820210 publish topic=ipi/detector-output-to-ipi-run-1/latency/av-1/ack bytes=181 forwarded=1
1783000629.049911 publish topic=ipi/detector-output-to-ipi-run-1/latency/av-1/request bytes=343 forwarded=1
1783000629.050569 publish topic=ipi/detector-output-to-ipi-run-1/latency/av-1/ack bytes=181 forwarded=1
1783000629.280367 publish topic=ipi/detector-output-to-ipi-run-1/latency/av-1/request bytes=343 forwarded=1
1783000629.281119 publish topic=ipi/detector-output-to-ipi-run-1/latency/av-1/ack bytes=181 forwarded=1
1783000629.510491 publish topic=ipi/detector-output-to-ipi-run-1/latency/av-1/request bytes=343 forwarded=1
1783000629.511177 publish topic=ipi/detector-output-to-ipi-run-1/latency/av-1/ack bytes=181 forwarded=1
1783000629.740858 publish topic=ipi/detector-output-to-ipi-run-1/latency/av-1/request bytes=343 forwarded=1
1783000629.741537 publish topic=ipi/detector-output-to-ipi-run-1/latency/av-1/ack bytes=181 forwarded=1
1783000629.971244 publish topic=ipi/detector-output-to-ipi-run-1/latency/av-1/request bytes=343 forwarded=1
1783000629.971845 publish topic=ipi/detector-output-to-ipi-run-1/latency/av-1/ack bytes=181 forwarded=1
1783000630.221497 publish topic=ipi/detector-output-to-ipi-run-1/latency/av-1/request bytes=343 forwarded=1
1783000630.222122 publish topic=ipi/detector-output-to-ipi-run-1/latency/av-1/ack bytes=181 forwarded=1
1783000630.452255 publish topic=ipi/detector-output-to-ipi-run-1/latency/av-1/request bytes=343 forwarded=1
1783000630.452860 publish topic=ipi/detector-output-to-ipi-run-1/latency/av-1/ack bytes=181 forwarded=1
1783000630.682483 publish topic=ipi/detector-output-to-ipi-run-1/latency/av-1/request bytes=343 forwarded=1
1783000630.683116 publish topic=ipi/detector-output-to-ipi-run-1/latency/av-1/ack bytes=181 forwarded=1
1783000630.902674 publish topic=ipi/detector-output-to-ipi-run-1/latency/av-1/request bytes=343 forwarded=1
1783000630.903157 publish topic=ipi/detector-output-to-ipi-run-1/latency/av-1/ack bytes=181 forwarded=1
1783000631.122967 publish topic=ipi/detector-output-to-ipi-run-1/latency/av-1/request bytes=343 forwarded=1
1783000631.123605 publish topic=ipi/detector-output-to-ipi-run-1/latency/av-1/ack bytes=181 forwarded=1
1783000631.343277 publish topic=ipi/detector-output-to-ipi-run-1/latency/av-1/request bytes=343 forwarded=1
1783000631.343899 publish topic=ipi/detector-output-to-ipi-run-1/latency/av-1/ack bytes=181 forwarded=1
1783000631.583600 publish topic=ipi/detector-output-to-ipi-run-1/latency/av-1/request bytes=343 forwarded=1
1783000631.584226 publish topic=ipi/detector-output-to-ipi-run-1/latency/av-1/ack bytes=181 forwarded=1
1783000631.813934 publish topic=ipi/detector-output-to-ipi-run-1/latency/av-1/request bytes=343 forwarded=1
1783000631.814607 publish topic=ipi/detector-output-to-ipi-run-1/latency/av-1/ack bytes=181 forwarded=1
1783000632.044433 publish topic=ipi/detector-output-to-ipi-run-1/latency/av-1/request bytes=343 forwarded=1
1783000632.045088 publish topic=ipi/detector-output-to-ipi-run-1/latency/av-1/ack bytes=181 forwarded=1
1783000632.274699 publish topic=ipi/detector-output-to-ipi-run-1/latency/av-1/request bytes=343 forwarded=1
1783000632.275315 publish topic=ipi/detector-output-to-ipi-run-1/latency/av-1/ack bytes=181 forwarded=1
1783000632.495116 publish topic=ipi/detector-output-to-ipi-run-1/latency/av-1/request bytes=343 forwarded=1
1783000632.495733 publish topic=ipi/detector-output-to-ipi-run-1/latency/av-1/ack bytes=181 forwarded=1
1783000632.745506 publish topic=ipi/detector-output-to-ipi-run-1/latency/av-1/request bytes=343 forwarded=1
1783000632.746136 publish topic=ipi/detector-output-to-ipi-run-1/latency/av-1/ack bytes=181 forwarded=1
1783000632.966045 publish topic=ipi/detector-output-to-ipi-run-1/latency/av-1/request bytes=343 forwarded=1
1783000632.966676 publish topic=ipi/detector-output-to-ipi-run-1/latency/av-1/ack bytes=181 forwarded=1
1783000633.186281 publish topic=ipi/detector-output-to-ipi-run-1/latency/av-1/request bytes=343 forwarded=1
1783000633.186915 publish topic=ipi/detector-output-to-ipi-run-1/latency/av-1/ack bytes=181 forwarded=1
1783000633.406586 publish topic=ipi/detector-output-to-ipi-run-1/latency/av-1/request bytes=343 forwarded=1
1783000633.407214 publish topic=ipi/detector-output-to-ipi-run-1/latency/av-1/ack bytes=181 forwarded=1
1783000633.626941 publish topic=ipi/detector-output-to-ipi-run-1/latency/av-1/request bytes=343 forwarded=1
1783000633.627570 publish topic=ipi/detector-output-to-ipi-run-1/latency/av-1/ack bytes=181 forwarded=1
1783000633.857229 publish topic=ipi/detector-output-to-ipi-run-1/latency/av-1/request bytes=343 forwarded=1
1783000633.857850 publish topic=ipi/detector-output-to-ipi-run-1/latency/av-1/ack bytes=181 forwarded=1
1783000634.097550 publish topic=ipi/detector-output-to-ipi-run-1/latency/av-1/request bytes=343 forwarded=1
1783000634.098180 publish topic=ipi/detector-output-to-ipi-run-1/latency/av-1/ack bytes=181 forwarded=1
1783000634.357956 publish topic=ipi/detector-output-to-ipi-run-1/latency/av-1/request bytes=343 forwarded=1
1783000634.358579 publish topic=ipi/detector-output-to-ipi-run-1/latency/av-1/ack bytes=181 forwarded=1
1783000634.608721 publish topic=ipi/detector-output-to-ipi-run-1/latency/av-1/request bytes=343 forwarded=1
1783000634.609330 publish topic=ipi/detector-output-to-ipi-run-1/latency/av-1/ack bytes=181 forwarded=1
1783000634.848905 publish topic=ipi/detector-output-to-ipi-run-1/latency/av-1/request bytes=343 forwarded=1
1783000634.849534 publish topic=ipi/detector-output-to-ipi-run-1/latency/av-1/ack bytes=181 forwarded=1
1783000635.069391 publish topic=ipi/detector-output-to-ipi-run-1/latency/av-1/request bytes=343 forwarded=1
1783000635.070003 publish topic=ipi/detector-output-to-ipi-run-1/latency/av-1/ack bytes=181 forwarded=1
1783000635.299572 publish topic=ipi/detector-output-to-ipi-run-1/latency/av-1/request bytes=343 forwarded=1
1783000635.300280 publish topic=ipi/detector-output-to-ipi-run-1/latency/av-1/ack bytes=181 forwarded=1
1783000635.520158 publish topic=ipi/detector-output-to-ipi-run-1/latency/av-1/request bytes=343 forwarded=1
1783000635.520817 publish topic=ipi/detector-output-to-ipi-run-1/latency/av-1/ack bytes=181 forwarded=1
1783000635.760247 publish topic=ipi/detector-output-to-ipi-run-1/latency/av-1/request bytes=343 forwarded=1
1783000635.760891 publish topic=ipi/detector-output-to-ipi-run-1/latency/av-1/ack bytes=181 forwarded=1
1783000636.000617 publish topic=ipi/detector-output-to-ipi-run-1/latency/av-1/request bytes=343 forwarded=1
1783000636.001259 publish topic=ipi/detector-output-to-ipi-run-1/latency/av-1/ack bytes=181 forwarded=1
1783000636.231095 publish topic=ipi/detector-output-to-ipi-run-1/latency/av-1/request bytes=343 forwarded=1
1783000636.231738 publish topic=ipi/detector-output-to-ipi-run-1/latency/av-1/ack bytes=181 forwarded=1
1783000636.451281 publish topic=ipi/detector-output-to-ipi-run-1/latency/av-1/request bytes=343 forwarded=1
1783000636.451895 publish topic=ipi/detector-output-to-ipi-run-1/latency/av-1/ack bytes=181 forwarded=1
1783000636.681525 publish topic=ipi/detector-output-to-ipi-run-1/latency/av-1/request bytes=343 forwarded=1
1783000636.682140 publish topic=ipi/detector-output-to-ipi-run-1/latency/av-1/ack bytes=181 forwarded=1
1783000636.911899 publish topic=ipi/detector-output-to-ipi-run-1/latency/av-1/request bytes=343 forwarded=1
1783000636.912527 publish topic=ipi/detector-output-to-ipi-run-1/latency/av-1/ack bytes=181 forwarded=1
1783000637.142203 publish topic=ipi/detector-output-to-ipi-run-1/latency/av-1/request bytes=343 forwarded=1
1783000637.142824 publish topic=ipi/detector-output-to-ipi-run-1/latency/av-1/ack bytes=181 forwarded=1
1783000637.372469 publish topic=ipi/detector-output-to-ipi-run-1/latency/av-1/request bytes=343 forwarded=1
1783000637.373129 publish topic=ipi/detector-output-to-ipi-run-1/latency/av-1/ack bytes=181 forwarded=1
1783000637.592807 publish topic=ipi/detector-output-to-ipi-run-1/latency/av-1/request bytes=343 forwarded=1
1783000637.593434 publish topic=ipi/detector-output-to-ipi-run-1/latency/av-1/ack bytes=181 forwarded=1
1783000637.813124 publish topic=ipi/detector-output-to-ipi-run-1/latency/av-1/request bytes=343 forwarded=1
1783000637.813844 publish topic=ipi/detector-output-to-ipi-run-1/latency/av-1/ack bytes=181 forwarded=1
1783000638.033282 publish topic=ipi/detector-output-to-ipi-run-1/latency/av-1/request bytes=343 forwarded=1
1783000638.033917 publish topic=ipi/detector-output-to-ipi-run-1/latency/av-1/ack bytes=181 forwarded=1
1783000638.263783 publish topic=ipi/detector-output-to-ipi-run-1/latency/av-1/request bytes=343 forwarded=1
1783000638.264410 publish topic=ipi/detector-output-to-ipi-run-1/latency/av-1/ack bytes=181 forwarded=1
1783000638.484196 publish topic=ipi/detector-output-to-ipi-run-1/latency/av-1/request bytes=343 forwarded=1
1783000638.484843 publish topic=ipi/detector-output-to-ipi-run-1/latency/av-1/ack bytes=181 forwarded=1
1783000638.714486 publish topic=ipi/detector-output-to-ipi-run-1/latency/av-1/request bytes=343 forwarded=1
1783000638.715115 publish topic=ipi/detector-output-to-ipi-run-1/latency/av-1/ack bytes=181 forwarded=1
1783000638.944910 publish topic=ipi/detector-output-to-ipi-run-1/latency/av-1/request bytes=343 forwarded=1
1783000638.945515 publish topic=ipi/detector-output-to-ipi-run-1/latency/av-1/ack bytes=181 forwarded=1
1783000639.175459 publish topic=ipi/detector-output-to-ipi-run-1/latency/av-1/request bytes=343 forwarded=1
1783000639.176084 publish topic=ipi/detector-output-to-ipi-run-1/latency/av-1/ack bytes=181 forwarded=1
1783000639.415884 publish topic=ipi/detector-output-to-ipi-run-1/latency/av-1/request bytes=343 forwarded=1
1783000639.416458 publish topic=ipi/detector-output-to-ipi-run-1/latency/av-1/ack bytes=181 forwarded=1
1783000639.636196 publish topic=ipi/detector-output-to-ipi-run-1/latency/av-1/request bytes=343 forwarded=1
1783000639.636850 publish topic=ipi/detector-output-to-ipi-run-1/latency/av-1/ack bytes=181 forwarded=1
1783000639.856713 publish topic=ipi/detector-output-to-ipi-run-1/latency/av-1/request bytes=343 forwarded=1
1783000639.857306 publish topic=ipi/detector-output-to-ipi-run-1/latency/av-1/ack bytes=181 forwarded=1
1783000640.086995 publish topic=ipi/detector-output-to-ipi-run-1/latency/av-1/request bytes=343 forwarded=1
1783000640.087588 publish topic=ipi/detector-output-to-ipi-run-1/latency/av-1/ack bytes=181 forwarded=1
1783000640.317424 publish topic=ipi/detector-output-to-ipi-run-1/latency/av-1/request bytes=343 forwarded=1
1783000640.318033 publish topic=ipi/detector-output-to-ipi-run-1/latency/av-1/ack bytes=181 forwarded=1
1783000640.537503 publish topic=ipi/detector-output-to-ipi-run-1/latency/av-1/request bytes=343 forwarded=1
1783000640.538121 publish topic=ipi/detector-output-to-ipi-run-1/latency/av-1/ack bytes=181 forwarded=1
1783000640.757960 publish topic=ipi/detector-output-to-ipi-run-1/latency/av-1/request bytes=343 forwarded=1
1783000640.758591 publish topic=ipi/detector-output-to-ipi-run-1/latency/av-1/ack bytes=181 forwarded=1
1783000640.978147 publish topic=ipi/detector-output-to-ipi-run-1/latency/av-1/request bytes=343 forwarded=1
1783000640.978751 publish topic=ipi/detector-output-to-ipi-run-1/latency/av-1/ack bytes=181 forwarded=1
1783000641.198621 publish topic=ipi/detector-output-to-ipi-run-1/latency/av-1/request bytes=343 forwarded=1
1783000641.199216 publish topic=ipi/detector-output-to-ipi-run-1/latency/av-1/ack bytes=181 forwarded=1
1783000641.428890 publish topic=ipi/detector-output-to-ipi-run-1/latency/av-1/request bytes=343 forwarded=1
1783000641.429524 publish topic=ipi/detector-output-to-ipi-run-1/latency/av-1/ack bytes=181 forwarded=1
1783000641.659044 publish topic=ipi/detector-output-to-ipi-run-1/latency/av-1/request bytes=343 forwarded=1
1783000641.659665 publish topic=ipi/detector-output-to-ipi-run-1/latency/av-1/ack bytes=181 forwarded=1
1783000641.879601 publish topic=ipi/detector-output-to-ipi-run-1/latency/av-1/request bytes=343 forwarded=1
1783000641.880210 publish topic=ipi/detector-output-to-ipi-run-1/latency/av-1/ack bytes=181 forwarded=1
1783000642.099974 publish topic=ipi/detector-output-to-ipi-run-1/latency/av-1/request bytes=343 forwarded=1
1783000642.100586 publish topic=ipi/detector-output-to-ipi-run-1/latency/av-1/ack bytes=181 forwarded=1
1783000642.330305 publish topic=ipi/detector-output-to-ipi-run-1/latency/av-1/request bytes=343 forwarded=1
1783000642.330897 publish topic=ipi/detector-output-to-ipi-run-1/latency/av-1/ack bytes=181 forwarded=1
1783000642.560432 publish topic=ipi/detector-output-to-ipi-run-1/latency/av-1/request bytes=343 forwarded=1
1783000642.561090 publish topic=ipi/detector-output-to-ipi-run-1/latency/av-1/ack bytes=181 forwarded=1
1783000642.790797 publish topic=ipi/detector-output-to-ipi-run-1/latency/av-1/request bytes=343 forwarded=1
1783000642.791445 publish topic=ipi/detector-output-to-ipi-run-1/latency/av-1/ack bytes=181 forwarded=1
1783000643.021159 publish topic=ipi/detector-output-to-ipi-run-1/latency/av-1/request bytes=343 forwarded=1
1783000643.021765 publish topic=ipi/detector-output-to-ipi-run-1/latency/av-1/ack bytes=181 forwarded=1
1783000643.251285 publish topic=ipi/detector-output-to-ipi-run-1/latency/av-1/request bytes=343 forwarded=1
1783000643.251923 publish topic=ipi/detector-output-to-ipi-run-1/latency/av-1/ack bytes=181 forwarded=1
1783000643.481815 publish topic=ipi/detector-output-to-ipi-run-1/latency/av-1/request bytes=343 forwarded=1
1783000643.482402 publish topic=ipi/detector-output-to-ipi-run-1/latency/av-1/ack bytes=181 forwarded=1
1783000643.712162 publish topic=ipi/detector-output-to-ipi-run-1/latency/av-1/request bytes=343 forwarded=1
1783000643.712795 publish topic=ipi/detector-output-to-ipi-run-1/latency/av-1/ack bytes=181 forwarded=1
1783000643.942410 publish topic=ipi/detector-output-to-ipi-run-1/latency/av-1/request bytes=343 forwarded=1
1783000643.943027 publish topic=ipi/detector-output-to-ipi-run-1/latency/av-1/ack bytes=181 forwarded=1
1783000644.162631 publish topic=ipi/detector-output-to-ipi-run-1/latency/av-1/request bytes=343 forwarded=1
1783000644.163218 publish topic=ipi/detector-output-to-ipi-run-1/latency/av-1/ack bytes=181 forwarded=1
1783000644.382924 publish topic=ipi/detector-output-to-ipi-run-1/latency/av-1/request bytes=343 forwarded=1
1783000644.383516 publish topic=ipi/detector-output-to-ipi-run-1/latency/av-1/ack bytes=181 forwarded=1
1783000644.613040 publish topic=ipi/detector-output-to-ipi-run-1/latency/av-1/request bytes=344 forwarded=1
1783000644.613617 publish topic=ipi/detector-output-to-ipi-run-1/latency/av-1/ack bytes=181 forwarded=1
1783000644.633222 close ('10.120.121.36', 48044) disconnect
1783000645.251987 close ('127.0.0.1', 38426) closed
