threaded mqtt broker listening on 0.0.0.0:1883
1783001770.915151 accept ('10.120.121.36', 44114)
1783001770.916568 close ('10.120.121.36', 44114) closed
1783001771.558551 accept ('127.0.0.1', 49248)
1783001771.560010 subscribe ('127.0.0.1', 49248) ipi/detector-output-to-ipi-run-1/latency/av-1/request
1783001773.619235 accept ('10.120.121.36', 44122)
1783001773.659063 subscribe ('10.120.121.36', 44122) ipi/detector-output-to-ipi-run-1/latency/av-1/ack
1783001773.809630 publish topic=ipi/detector-output-to-ipi-run-1/latency/av-1/request bytes=24328 forwarded=1
1783001773.810440 publish topic=ipi/detector-output-to-ipi-run-1/latency/av-1/ack bytes=232 forwarded=1
1783001774.140283 publish topic=ipi/detector-output-to-ipi-run-1/latency/av-1/request bytes=24328 forwarded=1
1783001774.141071 publish topic=ipi/detector-output-to-ipi-run-1/latency/av-1/ack bytes=232 forwarded=1
1783001774.490729 publish topic=ipi/detector-output-to-ipi-run-1/latency/av-1/request bytes=24328 forwarded=1
1783001774.491419 publish topic=ipi/detector-output-to-ipi-run-1/latency/av-1/ack bytes=232 forwarded=1
1783001774.861502 publish topic=ipi/detector-output-to-ipi-run-1/latency/av-1/request bytes=24328 forwarded=1
1783001774.862204 publish topic=ipi/detector-output-to-ipi-run-1/latency/av-1/ack bytes=232 forwarded=1
1783001775.151855 publish topic=ipi/detector-output-to-ipi-run-1/latency/av-1/request bytes=24328 forwarded=1
1783001775.152559 publish topic=ipi/detector-output-to-ipi-run-1/latency/av-1/ack bytes=232 forwarded=1
1783001775.442409 publish topic=ipi/detector-output-to-ipi-run-1/latency/av-1/request bytes=24328 forwarded=1
1783001775.443101 publish topic=ipi/detector-output-to-ipi-run-1/latency/av-1/ack bytes=232 forwarded=1
1783001775.732868 publish topic=ipi/detector-output-to-ipi-run-1/latency/av-1/request bytes=24328 forwarded=1
1783001775.733593 publish topic=ipi/detector-output-to-ipi-run-1/latency/av-1/ack bytes=232 forwarded=1
1783001776.023034 publish topic=ipi/detector-output-to-ipi-run-1/latency/av-1/request bytes=24328 forwarded=1
1783001776.023726 publish topic=ipi/detector-output-to-ipi-run-1/latency/av-1/ack bytes=232 forwarded=1
1783001776.323651 publish topic=ipi/detector-output-to-ipi-run-1/latency/av-1/request bytes=24328 forwarded=1
1783001776.324322 publish topic=ipi/detector-output-to-ipi-run-1/latency/av-1/ack bytes=232 forwarded=1
1783001776.613941 publish topic=ipi/detector-output-to-ipi-run-1/latency/av-1/request bytes=24330 forwarded=1
1783001776.614680 publish topic=ipi/detector-output-to-ipi-run-1/latency/av-1/ack bytes=233 forwarded=1
1783001776.914410 publish topic=ipi/detector-output-to-ipi-run-1/latency/av-1/request bytes=24330 forwarded=1
1783001776.915090 publish topic=ipi/detector-output-to-ipi-run-1/latency/av-1/ack bytes=233 forwarded=1
1783001777.214933 publish topic=ipi/detector-output-to-ipi-run-1/latency/av-1/request bytes=24330 forwarded=1
1783001777.215615 publish topic=ipi/detector-output-to-ipi-run-1/latency/av-1/ack bytes=233 forwarded=1
1783001777.515387 publish topic=ipi/detector-output-to-ipi-run-1/latency/av-1/request bytes=24330 forwarded=1
1783001777.516075 publish topic=ipi/detector-output-to-ipi-run-1/latency/av-1/ack bytes=233 forwarded=1
1783001777.805967 publish topic=ipi/detector-output-to-ipi-run-1/latency/av-1/request bytes=24330 forwarded=1
1783001777.806651 publish topic=ipi/detector-output-to-ipi-run-1/latency/av-1/ack bytes=233 forwarded=1
1783001778.106452 publish topic=ipi/detector-output-to-ipi-run-1/latency/av-1/request bytes=24330 forwarded=1
1783001778.107120 publish topic=ipi/detector-output-to-ipi-run-1/latency/av-1/ack bytes=233 forwarded=1
1783001778.416838 publish topic=ipi/detector-output-to-ipi-run-1/latency/av-1/request bytes=24330 forwarded=1
1783001778.417506 publish topic=ipi/detector-output-to-ipi-run-1/latency/av-1/ack bytes=233 forwarded=1
1783001778.707372 publish topic=ipi/detector-output-to-ipi-run-1/latency/av-1/request bytes=24330 forwarded=1
1783001778.708049 publish topic=ipi/detector-output-to-ipi-run-1/latency/av-1/ack bytes=233 forwarded=1
1783001778.997767 publish topic=ipi/detector-output-to-ipi-run-1/latency/av-1/request bytes=24330 forwarded=1
1783001778.998449 publish topic=ipi/detector-output-to-ipi-run-1/latency/av-1/ack bytes=233 forwarded=1
1783001779.318336 publish topic=ipi/detector-output-to-ipi-run-1/latency/av-1/request bytes=24330 forwarded=1
1783001779.319042 publish topic=ipi/detector-output-to-ipi-run-1/latency/av-1/ack bytes=233 forwarded=1
1783001779.628723 publish topic=ipi/detector-output-to-ipi-run-1/latency/av-1/request bytes=24330 forwarded=1
1783001779.629394 publish topic=ipi/detector-output-to-ipi-run-1/latency/av-1/ack bytes=233 forwarded=1
1783001779.939045 publish topic=ipi/detector-output-to-ipi-run-1/latency/av-1/request bytes=24330 forwarded=1
1783001779.939729 publish topic=ipi/detector-output-to-ipi-run-1/latency/av-1/ack bytes=233 forwarded=1
1783001780.249706 publish topic=ipi/detector-output-to-ipi-run-1/latency/av-1/request bytes=24330 forwarded=1
1783001780.250377 publish topic=ipi/detector-output-to-ipi-run-1/latency/av-1/ack bytes=233 forwarded=1
1783001780.630272 publish topic=ipi/detector-output-to-ipi-run-1/latency/av-1/request bytes=24330 forwarded=1
1783001780.630954 publish topic=ipi/detector-output-to-ipi-run-1/latency/av-1/ack bytes=233 forwarded=1
1783001780.970968 publish topic=ipi/detector-output-to-ipi-run-1/latency/av-1/request bytes=24330 forwarded=1
1783001780.971687 publish topic=ipi/detector-output-to-ipi-run-1/latency/av-1/ack bytes=233 forwarded=1
1783001781.321693 publish topic=ipi/detector-output-to-ipi-run-1/latency/av-1/request bytes=24330 forwarded=1
1783001781.322424 publish topic=ipi/detector-output-to-ipi-run-1/latency/av-1/ack bytes=233 forwarded=1
1783001781.662135 publish topic=ipi/detector-output-to-ipi-run-1/latency/av-1/request bytes=24330 forwarded=1
1783001781.662863 publish topic=ipi/detector-output-to-ipi-run-1/latency/av-1/ack bytes=233 forwarded=1
1783001781.952612 publish topic=ipi/detector-output-to-ipi-run-1/latency/av-1/request bytes=24330 forwarded=1
1783001781.953310 publish topic=ipi/detector-output-to-ipi-run-1/latency/av-1/ack bytes=233 forwarded=1
1783001782.263018 publish topic=ipi/detector-output-to-ipi-run-1/latency/av-1/request bytes=24330 forwarded=1
1783001782.263709 publish topic=ipi/detector-output-to-ipi-run-1/latency/av-1/ack bytes=233 forwarded=1
1783001782.593390 publish topic=ipi/detector-output-to-ipi-run-1/latency/av-1/request bytes=24330 forwarded=1
1783001782.594084 publish topic=ipi/detector-output-to-ipi-run-1/latency/av-1/ack bytes=233 forwarded=1
1783001782.903996 publish topic=ipi/detector-output-to-ipi-run-1/latency/av-1/request bytes=24330 forwarded=1
1783001782.904711 publish topic=ipi/detector-output-to-ipi-run-1/latency/av-1/ack bytes=233 forwarded=1
1783001783.204616 publish topic=ipi/detector-output-to-ipi-run-1/latency/av-1/request bytes=24330 forwarded=1
1783001783.205333 publish topic=ipi/detector-output-to-ipi-run-1/latency/av-1/ack bytes=233 forwarded=1
1783001783.494793 publish topic=ipi/detector-output-to-ipi-run-1/latency/av-1/request bytes=24330 forwarded=1
1783001783.495483 publish topic=ipi/detector-output-to-ipi-run-1/latency/av-1/ack bytes=233 forwarded=1
1783001783.795237 publish topic=ipi/detector-output-to-ipi-run-1/latency/av-1/request bytes=24330 forwarded=1
1783001783.795928 publish topic=ipi/detector-output-to-ipi-run-1/latency/av-1/ack bytes=233 forwarded=1
1783001784.085514 publish topic=ipi/detector-output-to-ipi-run-1/latency/av-1/request bytes=24330 forwarded=1
1783001784.086133 publish topic=ipi/detector-output-to-ipi-run-1/latency/av-1/ack bytes=233 forwarded=1
1783001784.366272 publish topic=ipi/detector-output-to-ipi-run-1/latency/av-1/request bytes=24330 forwarded=1
1783001784.366920 publish topic=ipi/detector-output-to-ipi-run-1/latency/av-1/ack bytes=233 forwarded=1
1783001784.656606 publish topic=ipi/detector-output-to-ipi-run-1/latency/av-1/request bytes=24330 forwarded=1
1783001784.657324 publish topic=ipi/detector-output-to-ipi-run-1/latency/av-1/ack bytes=233 forwarded=1
1783001784.966733 publish topic=ipi/detector-output-to-ipi-run-1/latency/av-1/request bytes=24330 forwarded=1
1783001784.967404 publish topic=ipi/detector-output-to-ipi-run-1/latency/av-1/ack bytes=233 forwarded=1
1783001785.267336 publish topic=ipi/detector-output-to-ipi-run-1/latency/av-1/request bytes=24330 forwarded=1
1783001785.267996 publish topic=ipi/detector-output-to-ipi-run-1/latency/av-1/ack bytes=233 forwarded=1
1783001785.587991 publish topic=ipi/detector-output-to-ipi-run-1/latency/av-1/request bytes=24330 forwarded=1
1783001785.588652 publish topic=ipi/detector-output-to-ipi-run-1/latency/av-1/ack bytes=233 forwarded=1
1783001785.898298 publish topic=ipi/detector-output-to-ipi-run-1/latency/av-1/request bytes=24330 forwarded=1
1783001785.898972 publish topic=ipi/detector-output-to-ipi-run-1/latency/av-1/ack bytes=233 forwarded=1
1783001786.188701 publish topic=ipi/detector-output-to-ipi-run-1/latency/av-1/request bytes=24330 forwarded=1
1783001786.189415 publish topic=ipi/detector-output-to-ipi-run-1/latency/av-1/ack bytes=233 forwarded=1
1783001786.489191 publish topic=ipi/detector-output-to-ipi-run-1/latency/av-1/request bytes=24330 forwarded=1
1783001786.489867 publish topic=ipi/detector-output-to-ipi-run-1/latency/av-1/ack bytes=233 forwarded=1
1783001786.809492 publish topic=ipi/detector-output-to-ipi-run-1/latency/av-1/request bytes=24330 forwarded=1
1783001786.810167 publish topic=ipi/detector-output-to-ipi-run-1/latency/av-1/ack bytes=233 forwarded=1
1783001787.139963 publish topic=ipi/detector-output-to-ipi-run-1/latency/av-1/request bytes=24330 forwarded=1
1783001787.140620 publish topic=ipi/detector-output-to-ipi-run-1/latency/av-1/ack bytes=233 forwarded=1
1783001787.500741 publish topic=ipi/detector-output-to-ipi-run-1/latency/av-1/request bytes=24330 forwarded=1
1783001787.501431 publish topic=ipi/detector-output-to-ipi-run-1/latency/av-1/ack bytes=233 forwarded=1
1783001787.851031 publish topic=ipi/detector-output-to-ipi-run-1/latency/av-1/request bytes=24330 forwarded=1
1783001787.851701 publish topic=ipi/detector-output-to-ipi-run-1/latency/av-1/ack bytes=233 forwarded=1
1783001788.221747 publish topic=ipi/detector-output-to-ipi-run-1/latency/av-1/request bytes=24330 forwarded=1
1783001788.222463 publish topic=ipi/detector-output-to-ipi-run-1/latency/av-1/ack bytes=233 forwarded=1
1783001788.592388 publish topic=ipi/detector-output-to-ipi-run-1/latency/av-1/request bytes=24330 forwarded=1
1783001788.593112 publish topic=ipi/detector-output-to-ipi-run-1/latency/av-1/ack bytes=233 forwarded=1
1783001788.962958 publish topic=ipi/detector-output-to-ipi-run-1/latency/av-1/request bytes=24330 forwarded=1
1783001788.963625 publish topic=ipi/detector-output-to-ipi-run-1/latency/av-1/ack bytes=233 forwarded=1
1783001789.283467 publish topic=ipi/detector-output-to-ipi-run-1/latency/av-1/request bytes=24330 forwarded=1
1783001789.284126 publish topic=ipi/detector-output-to-ipi-run-1/latency/av-1/ack bytes=233 forwarded=1
1783001789.583780 publish topic=ipi/detector-output-to-ipi-run-1/latency/av-1/request bytes=24330 forwarded=1
1783001789.584468 publish topic=ipi/detector-output-to-ipi-run-1/latency/av-1/ack bytes=233 forwarded=1
1783001789.883977 publish topic=ipi/detector-output-to-ipi-run-1/latency/av-1/request bytes=24330 forwarded=1
1783001789.884700 publish topic=ipi/detector-output-to-ipi-run-1/latency/av-1/ack bytes=233 forwarded=1
1783001790.184265 publish topic=ipi/detector-output-to-ipi-run-1/latency/av-1/request bytes=24330 forwarded=1
1783001790.185010 publish topic=ipi/detector-output-to-ipi-run-1/latency/av-1/ack bytes=233 forwarded=1
1783001790.474964 publish topic=ipi/detector-output-to-ipi-run-1/latency/av-1/request bytes=24330 forwarded=1
1783001790.475653 publish topic=ipi/detector-output-to-ipi-run-1/latency/av-1/ack bytes=233 forwarded=1
1783001790.775248 publish topic=ipi/detector-output-to-ipi-run-1/latency/av-1/request bytes=24330 forwarded=1
1783001790.775929 publish topic=ipi/detector-output-to-ipi-run-1/latency/av-1/ack bytes=233 forwarded=1
1783001791.085400 publish topic=ipi/detector-output-to-ipi-run-1/latency/av-1/request bytes=24330 forwarded=1
1783001791.086098 publish topic=ipi/detector-output-to-ipi-run-1/latency/av-1/ack bytes=233 forwarded=1
1783001791.375860 publish topic=ipi/detector-output-to-ipi-run-1/latency/av-1/request bytes=24330 forwarded=1
1783001791.376540 publish topic=ipi/detector-output-to-ipi-run-1/latency/av-1/ack bytes=233 forwarded=1
1783001791.676369 publish topic=ipi/detector-output-to-ipi-run-1/latency/av-1/request bytes=24330 forwarded=1
1783001791.677080 publish topic=ipi/detector-output-to-ipi-run-1/latency/av-1/ack bytes=233 forwarded=1
1783001791.986765 publish topic=ipi/detector-output-to-ipi-run-1/latency/av-1/request bytes=24330 forwarded=1
1783001791.987455 publish topic=ipi/detector-output-to-ipi-run-1/latency/av-1/ack bytes=233 forwarded=1
1783001792.306987 publish topic=ipi/detector-output-to-ipi-run-1/latency/av-1/request bytes=24330 forwarded=1
1783001792.307668 publish topic=ipi/detector-output-to-ipi-run-1/latency/av-1/ack bytes=233 forwarded=1
1783001792.597222 publish topic=ipi/detector-output-to-ipi-run-1/latency/av-1/request bytes=24330 forwarded=1
1783001792.597879 publish topic=ipi/detector-output-to-ipi-run-1/latency/av-1/ack bytes=233 forwarded=1
1783001792.897605 publish topic=ipi/detector-output-to-ipi-run-1/latency/av-1/request bytes=24330 forwarded=1
1783001792.898279 publish topic=ipi/detector-output-to-ipi-run-1/latency/av-1/ack bytes=233 forwarded=1
1783001793.208100 publish topic=ipi/detector-output-to-ipi-run-1/latency/av-1/request bytes=24330 forwarded=1
1783001793.208809 publish topic=ipi/detector-output-to-ipi-run-1/latency/av-1/ack bytes=233 forwarded=1
1783001793.518592 publish topic=ipi/detector-output-to-ipi-run-1/latency/av-1/request bytes=24330 forwarded=1
1783001793.519270 publish topic=ipi/detector-output-to-ipi-run-1/latency/av-1/ack bytes=233 forwarded=1
1783001793.818981 publish topic=ipi/detector-output-to-ipi-run-1/latency/av-1/request bytes=24330 forwarded=1
1783001793.819654 publish topic=ipi/detector-output-to-ipi-run-1/latency/av-1/ack bytes=233 forwarded=1
1783001794.119392 publish topic=ipi/detector-output-to-ipi-run-1/latency/av-1/request bytes=24330 forwarded=1
1783001794.120110 publish topic=ipi/detector-output-to-ipi-run-1/latency/av-1/ack bytes=233 forwarded=1
1783001794.429765 publish topic=ipi/detector-output-to-ipi-run-1/latency/av-1/request bytes=24330 forwarded=1
1783001794.430433 publish topic=ipi/detector-output-to-ipi-run-1/latency/av-1/ack bytes=233 forwarded=1
1783001794.730151 publish topic=ipi/detector-output-to-ipi-run-1/latency/av-1/request bytes=24330 forwarded=1
1783001794.730831 publish topic=ipi/detector-output-to-ipi-run-1/latency/av-1/ack bytes=233 forwarded=1
1783001795.060625 publish topic=ipi/detector-output-to-ipi-run-1/latency/av-1/request bytes=24330 forwarded=1
1783001795.061352 publish topic=ipi/detector-output-to-ipi-run-1/latency/av-1/ack bytes=233 forwarded=1
1783001795.391315 publish topic=ipi/detector-output-to-ipi-run-1/latency/av-1/request bytes=24330 forwarded=1
1783001795.392004 publish topic=ipi/detector-output-to-ipi-run-1/latency/av-1/ack bytes=233 forwarded=1
1783001795.741786 publish topic=ipi/detector-output-to-ipi-run-1/latency/av-1/request bytes=24330 forwarded=1
1783001795.742470 publish topic=ipi/detector-output-to-ipi-run-1/latency/av-1/ack bytes=233 forwarded=1
1783001796.092283 publish topic=ipi/detector-output-to-ipi-run-1/latency/av-1/request bytes=24330 forwarded=1
1783001796.093033 publish topic=ipi/detector-output-to-ipi-run-1/latency/av-1/ack bytes=233 forwarded=1
1783001796.422702 publish topic=ipi/detector-output-to-ipi-run-1/latency/av-1/request bytes=24330 forwarded=1
1783001796.423386 publish topic=ipi/detector-output-to-ipi-run-1/latency/av-1/ack bytes=233 forwarded=1
1783001796.723155 publish topic=ipi/detector-output-to-ipi-run-1/latency/av-1/request bytes=24330 forwarded=1
1783001796.723898 publish topic=ipi/detector-output-to-ipi-run-1/latency/av-1/ack bytes=233 forwarded=1
1783001797.023402 publish topic=ipi/detector-output-to-ipi-run-1/latency/av-1/request bytes=24330 forwarded=1
1783001797.024116 publish topic=ipi/detector-output-to-ipi-run-1/latency/av-1/ack bytes=233 forwarded=1
1783001797.344001 publish topic=ipi/detector-output-to-ipi-run-1/latency/av-1/request bytes=24330 forwarded=1
1783001797.344744 publish topic=ipi/detector-output-to-ipi-run-1/latency/av-1/ack bytes=233 forwarded=1
1783001797.674089 publish topic=ipi/detector-output-to-ipi-run-1/latency/av-1/request bytes=24330 forwarded=1
1783001797.674805 publish topic=ipi/detector-output-to-ipi-run-1/latency/av-1/ack bytes=233 forwarded=1
1783001797.964623 publish topic=ipi/detector-output-to-ipi-run-1/latency/av-1/request bytes=24330 forwarded=1
1783001797.965338 publish topic=ipi/detector-output-to-ipi-run-1/latency/av-1/ack bytes=233 forwarded=1
1783001798.265090 publish topic=ipi/detector-output-to-ipi-run-1/latency/av-1/request bytes=24330 forwarded=1
1783001798.265841 publish topic=ipi/detector-output-to-ipi-run-1/latency/av-1/ack bytes=233 forwarded=1
1783001798.565283 publish topic=ipi/detector-output-to-ipi-run-1/latency/av-1/request bytes=24330 forwarded=1
1783001798.565964 publish topic=ipi/detector-output-to-ipi-run-1/latency/av-1/ack bytes=233 forwarded=1
1783001798.855930 publish topic=ipi/detector-output-to-ipi-run-1/latency/av-1/request bytes=24330 forwarded=1
1783001798.856611 publish topic=ipi/detector-output-to-ipi-run-1/latency/av-1/ack bytes=233 forwarded=1
1783001799.146076 publish topic=ipi/detector-output-to-ipi-run-1/latency/av-1/request bytes=24330 forwarded=1
1783001799.146747 publish topic=ipi/detector-output-to-ipi-run-1/latency/av-1/ack bytes=233 forwarded=1
1783001799.446579 publish topic=ipi/detector-output-to-ipi-run-1/latency/av-1/request bytes=24330 forwarded=1
1783001799.447282 publish topic=ipi/detector-output-to-ipi-run-1/latency/av-1/ack bytes=233 forwarded=1
1783001799.747022 publish topic=ipi/detector-output-to-ipi-run-1/latency/av-1/request bytes=24330 forwarded=1
1783001799.747749 publish topic=ipi/detector-output-to-ipi-run-1/latency/av-1/ack bytes=233 forwarded=1
1783001800.067590 publish topic=ipi/detector-output-to-ipi-run-1/latency/av-1/request bytes=24330 forwarded=1
1783001800.068275 publish topic=ipi/detector-output-to-ipi-run-1/latency/av-1/ack bytes=233 forwarded=1
1783001800.378073 publish topic=ipi/detector-output-to-ipi-run-1/latency/av-1/request bytes=24330 forwarded=1
1783001800.378751 publish topic=ipi/detector-output-to-ipi-run-1/latency/av-1/ack bytes=233 forwarded=1
1783001800.658252 publish topic=ipi/detector-output-to-ipi-run-1/latency/av-1/request bytes=24330 forwarded=1
1783001800.658915 publish topic=ipi/detector-output-to-ipi-run-1/latency/av-1/ack bytes=233 forwarded=1
1783001800.948776 publish topic=ipi/detector-output-to-ipi-run-1/latency/av-1/request bytes=24330 forwarded=1
1783001800.949447 publish topic=ipi/detector-output-to-ipi-run-1/latency/av-1/ack bytes=233 forwarded=1
1783001801.259050 publish topic=ipi/detector-output-to-ipi-run-1/latency/av-1/request bytes=24330 forwarded=1
1783001801.259721 publish topic=ipi/detector-output-to-ipi-run-1/latency/av-1/ack bytes=233 forwarded=1
1783001801.579515 publish topic=ipi/detector-output-to-ipi-run-1/latency/av-1/request bytes=24330 forwarded=1
1783001801.580188 publish topic=ipi/detector-output-to-ipi-run-1/latency/av-1/ack bytes=233 forwarded=1
1783001801.900013 publish topic=ipi/detector-output-to-ipi-run-1/latency/av-1/request bytes=24330 forwarded=1
1783001801.900729 publish topic=ipi/detector-output-to-ipi-run-1/latency/av-1/ack bytes=233 forwarded=1
1783001802.230410 publish topic=ipi/detector-output-to-ipi-run-1/latency/av-1/request bytes=24330 forwarded=1
1783001802.231089 publish topic=ipi/detector-output-to-ipi-run-1/latency/av-1/ack bytes=233 forwarded=1
1783001802.571188 publish topic=ipi/detector-output-to-ipi-run-1/latency/av-1/request bytes=24330 forwarded=1
1783001802.571849 publish topic=ipi/detector-output-to-ipi-run-1/latency/av-1/ack bytes=233 forwarded=1
1783001802.931536 publish topic=ipi/detector-output-to-ipi-run-1/latency/av-1/request bytes=24330 forwarded=1
1783001802.932194 publish topic=ipi/detector-output-to-ipi-run-1/latency/av-1/ack bytes=233 forwarded=1
1783001803.291985 publish topic=ipi/detector-output-to-ipi-run-1/latency/av-1/request bytes=24330 forwarded=1
1783001803.292718 publish topic=ipi/detector-output-to-ipi-run-1/latency/av-1/ack bytes=233 forwarded=1
1783001803.652519 publish topic=ipi/detector-output-to-ipi-run-1/latency/av-1/request bytes=24330 forwarded=1
1783001803.653194 publish topic=ipi/detector-output-to-ipi-run-1/latency/av-1/ack bytes=233 forwarded=1
1783001804.062885 publish topic=ipi/detector-output-to-ipi-run-1/latency/av-1/request bytes=24330 forwarded=1
1783001804.063536 publish topic=ipi/detector-output-to-ipi-run-1/latency/av-1/ack bytes=233 forwarded=1
1783001804.453238 publish topic=ipi/detector-output-to-ipi-run-1/latency/av-1/request bytes=24330 forwarded=1
1783001804.453890 publish topic=ipi/detector-output-to-ipi-run-1/latency/av-1/ack bytes=233 forwarded=1
1783001804.783941 publish topic=ipi/detector-output-to-ipi-run-1/latency/av-1/request bytes=24330 forwarded=1
1783001804.784716 publish topic=ipi/detector-output-to-ipi-run-1/latency/av-1/ack bytes=233 forwarded=1
1783001805.104147 publish topic=ipi/detector-output-to-ipi-run-1/latency/av-1/request bytes=24332 forwarded=1
1783001805.104841 publish topic=ipi/detector-output-to-ipi-run-1/latency/av-1/ack bytes=234 forwarded=1
1783001805.414353 publish topic=ipi/detector-output-to-ipi-run-1/latency/av-1/request bytes=24332 forwarded=1
1783001805.414996 publish topic=ipi/detector-output-to-ipi-run-1/latency/av-1/ack bytes=234 forwarded=1
1783001805.714820 publish topic=ipi/detector-output-to-ipi-run-1/latency/av-1/request bytes=24332 forwarded=1
1783001805.715478 publish topic=ipi/detector-output-to-ipi-run-1/latency/av-1/ack bytes=234 forwarded=1
1783001806.015150 publish topic=ipi/detector-output-to-ipi-run-1/latency/av-1/request bytes=24332 forwarded=1
1783001806.015790 publish topic=ipi/detector-output-to-ipi-run-1/latency/av-1/ack bytes=234 forwarded=1
1783001806.315385 publish topic=ipi/detector-output-to-ipi-run-1/latency/av-1/request bytes=24332 forwarded=1
1783001806.316038 publish topic=ipi/detector-output-to-ipi-run-1/latency/av-1/ack bytes=234 forwarded=1
1783001806.605704 publish topic=ipi/detector-output-to-ipi-run-1/latency/av-1/request bytes=24332 forwarded=1
1783001806.606369 publish topic=ipi/detector-output-to-ipi-run-1/latency/av-1/ack bytes=234 forwarded=1
1783001806.895881 publish topic=ipi/detector-output-to-ipi-run-1/latency/av-1/request bytes=24332 forwarded=1
1783001806.896534 publish topic=ipi/detector-output-to-ipi-run-1/latency/av-1/ack bytes=234 forwarded=1
1783001807.196054 publish topic=ipi/detector-output-to-ipi-run-1/latency/av-1/request bytes=24332 forwarded=1
1783001807.196733 publish topic=ipi/detector-output-to-ipi-run-1/latency/av-1/ack bytes=234 forwarded=1
1783001807.546271 publish topic=ipi/detector-output-to-ipi-run-1/latency/av-1/request bytes=24332 forwarded=1
1783001807.546943 publish topic=ipi/detector-output-to-ipi-run-1/latency/av-1/ack bytes=234 forwarded=1
1783001807.876794 publish topic=ipi/detector-output-to-ipi-run-1/latency/av-1/request bytes=24332 forwarded=1
1783001807.877444 publish topic=ipi/detector-output-to-ipi-run-1/latency/av-1/ack bytes=234 forwarded=1
1783001808.197130 publish topic=ipi/detector-output-to-ipi-run-1/latency/av-1/request bytes=24332 forwarded=1
1783001808.197897 publish topic=ipi/detector-output-to-ipi-run-1/latency/av-1/ack bytes=234 forwarded=1
1783001808.627601 publish topic=ipi/detector-output-to-ipi-run-1/latency/av-1/request bytes=24332 forwarded=1
1783001808.628260 publish topic=ipi/detector-output-to-ipi-run-1/latency/av-1/ack bytes=234 forwarded=1
1783001808.968019 publish topic=ipi/detector-output-to-ipi-run-1/latency/av-1/request bytes=24332 forwarded=1
1783001808.968703 publish topic=ipi/detector-output-to-ipi-run-1/latency/av-1/ack bytes=234 forwarded=1
1783001809.268446 publish topic=ipi/detector-output-to-ipi-run-1/latency/av-1/request bytes=24332 forwarded=1
1783001809.269126 publish topic=ipi/detector-output-to-ipi-run-1/latency/av-1/ack bytes=234 forwarded=1
1783001809.628645 publish topic=ipi/detector-output-to-ipi-run-1/latency/av-1/request bytes=24332 forwarded=1
1783001809.629325 publish topic=ipi/detector-output-to-ipi-run-1/latency/av-1/ack bytes=234 forwarded=1
1783001809.999380 publish topic=ipi/detector-output-to-ipi-run-1/latency/av-1/request bytes=24332 forwarded=1
1783001810.000027 publish topic=ipi/detector-output-to-ipi-run-1/latency/av-1/ack bytes=234 forwarded=1
1783001810.399970 publish topic=ipi/detector-output-to-ipi-run-1/latency/av-1/request bytes=24332 forwarded=1
1783001810.400617 publish topic=ipi/detector-output-to-ipi-run-1/latency/av-1/ack bytes=234 forwarded=1
1783001810.780649 publish topic=ipi/detector-output-to-ipi-run-1/latency/av-1/request bytes=24332 forwarded=1
1783001810.781313 publish topic=ipi/detector-output-to-ipi-run-1/latency/av-1/ack bytes=234 forwarded=1
1783001811.161043 publish topic=ipi/detector-output-to-ipi-run-1/latency/av-1/request bytes=24332 forwarded=1
1783001811.161671 publish topic=ipi/detector-output-to-ipi-run-1/latency/av-1/ack bytes=234 forwarded=1
1783001811.561929 publish topic=ipi/detector-output-to-ipi-run-1/latency/av-1/request bytes=24332 forwarded=1
1783001811.562588 publish topic=ipi/detector-output-to-ipi-run-1/latency/av-1/ack bytes=234 forwarded=1
1783001811.942554 publish topic=ipi/detector-output-to-ipi-run-1/latency/av-1/request bytes=24332 forwarded=1
1783001811.943209 publish topic=ipi/detector-output-to-ipi-run-1/latency/av-1/ack bytes=234 forwarded=1
1783001812.313195 publish topic=ipi/detector-output-to-ipi-run-1/latency/av-1/request bytes=24332 forwarded=1
1783001812.313848 publish topic=ipi/detector-output-to-ipi-run-1/latency/av-1/ack bytes=234 forwarded=1
1783001812.683699 publish topic=ipi/detector-output-to-ipi-run-1/latency/av-1/request bytes=24332 forwarded=1
1783001812.684338 publish topic=ipi/detector-output-to-ipi-run-1/latency/av-1/ack bytes=234 forwarded=1
1783001812.994175 publish topic=ipi/detector-output-to-ipi-run-1/latency/av-1/request bytes=24332 forwarded=1
1783001812.994815 publish topic=ipi/detector-output-to-ipi-run-1/latency/av-1/ack bytes=234 forwarded=1
1783001813.284761 publish topic=ipi/detector-output-to-ipi-run-1/latency/av-1/request bytes=24332 forwarded=1
1783001813.285470 publish topic=ipi/detector-output-to-ipi-run-1/latency/av-1/ack bytes=234 forwarded=1
1783001813.575309 publish topic=ipi/detector-output-to-ipi-run-1/latency/av-1/request bytes=24332 forwarded=1
1783001813.575953 publish topic=ipi/detector-output-to-ipi-run-1/latency/av-1/ack bytes=234 forwarded=1
1783001813.875773 publish topic=ipi/detector-output-to-ipi-run-1/latency/av-1/request bytes=24332 forwarded=1
1783001813.876415 publish topic=ipi/detector-output-to-ipi-run-1/latency/av-1/ack bytes=234 forwarded=1
1783001814.206014 publish topic=ipi/detector-output-to-ipi-run-1/latency/av-1/request bytes=24332 forwarded=1
1783001814.206660 publish topic=ipi/detector-output-to-ipi-run-1/latency/av-1/ack bytes=234 forwarded=1
1783001814.496648 publish topic=ipi/detector-output-to-ipi-run-1/latency/av-1/request bytes=24332 forwarded=1
1783001814.497326 publish topic=ipi/detector-output-to-ipi-run-1/latency/av-1/ack bytes=234 forwarded=1
1783001814.787001 publish topic=ipi/detector-output-to-ipi-run-1/latency/av-1/request bytes=24332 forwarded=1
1783001814.787679 publish topic=ipi/detector-output-to-ipi-run-1/latency/av-1/ack bytes=234 forwarded=1
1783001815.087350 publish topic=ipi/detector-output-to-ipi-run-1/latency/av-1/request bytes=24332 forwarded=1
1783001815.088012 publish topic=ipi/detector-output-to-ipi-run-1/latency/av-1/ack bytes=234 forwarded=1
1783001815.377693 publish topic=ipi/detector-output-to-ipi-run-1/latency/av-1/request bytes=24332 forwarded=1
1783001815.378340 publish topic=ipi/detector-output-to-ipi-run-1/latency/av-1/ack bytes=234 forwarded=1
1783001815.688160 publish topic=ipi/detector-output-to-ipi-run-1/latency/av-1/request bytes=24332 forwarded=1
1783001815.688846 publish topic=ipi/detector-output-to-ipi-run-1/latency/av-1/ack bytes=234 forwarded=1
1783001815.978628 publish topic=ipi/detector-output-to-ipi-run-1/latency/av-1/request bytes=24332 forwarded=1
1783001815.979266 publish topic=ipi/detector-output-to-ipi-run-1/latency/av-1/ack bytes=234 forwarded=1
1783001816.289073 publish topic=ipi/detector-output-to-ipi-run-1/latency/av-1/request bytes=24332 forwarded=1
1783001816.289724 publish topic=ipi/detector-output-to-ipi-run-1/latency/av-1/ack bytes=234 forwarded=1
1783001816.579507 publish topic=ipi/detector-output-to-ipi-run-1/latency/av-1/request bytes=24332 forwarded=1
1783001816.580142 publish topic=ipi/detector-output-to-ipi-run-1/latency/av-1/ack bytes=234 forwarded=1
1783001816.899962 publish topic=ipi/detector-output-to-ipi-run-1/latency/av-1/request bytes=24332 forwarded=1
1783001816.900603 publish topic=ipi/detector-output-to-ipi-run-1/latency/av-1/ack bytes=234 forwarded=1
1783001817.200258 publish topic=ipi/detector-output-to-ipi-run-1/latency/av-1/request bytes=24332 forwarded=1
1783001817.200935 publish topic=ipi/detector-output-to-ipi-run-1/latency/av-1/ack bytes=234 forwarded=1
1783001817.500697 publish topic=ipi/detector-output-to-ipi-run-1/latency/av-1/request bytes=24332 forwarded=1
1783001817.501355 publish topic=ipi/detector-output-to-ipi-run-1/latency/av-1/ack bytes=234 forwarded=1
1783001817.811188 publish topic=ipi/detector-output-to-ipi-run-1/latency/av-1/request bytes=24332 forwarded=1
1783001817.811877 publish topic=ipi/detector-output-to-ipi-run-1/latency/av-1/ack bytes=234 forwarded=1
1783001818.161785 publish topic=ipi/detector-output-to-ipi-run-1/latency/av-1/request bytes=24332 forwarded=1
1783001818.162443 publish topic=ipi/detector-output-to-ipi-run-1/latency/av-1/ack bytes=234 forwarded=1
1783001818.502276 publish topic=ipi/detector-output-to-ipi-run-1/latency/av-1/request bytes=24332 forwarded=1
1783001818.502920 publish topic=ipi/detector-output-to-ipi-run-1/latency/av-1/ack bytes=234 forwarded=1
1783001818.842772 publish topic=ipi/detector-output-to-ipi-run-1/latency/av-1/request bytes=24332 forwarded=1
1783001818.843489 publish topic=ipi/detector-output-to-ipi-run-1/latency/av-1/ack bytes=234 forwarded=1
1783001819.163342 publish topic=ipi/detector-output-to-ipi-run-1/latency/av-1/request bytes=24332 forwarded=1
1783001819.163979 publish topic=ipi/detector-output-to-ipi-run-1/latency/av-1/ack bytes=234 forwarded=1
1783001819.564043 publish topic=ipi/detector-output-to-ipi-run-1/latency/av-1/request bytes=24332 forwarded=1
1783001819.564723 publish topic=ipi/detector-output-to-ipi-run-1/latency/av-1/ack bytes=234 forwarded=1
1783001819.914673 publish topic=ipi/detector-output-to-ipi-run-1/latency/av-1/request bytes=24332 forwarded=1
1783001819.915335 publish topic=ipi/detector-output-to-ipi-run-1/latency/av-1/ack bytes=234 forwarded=1
1783001820.235153 publish topic=ipi/detector-output-to-ipi-run-1/latency/av-1/request bytes=24332 forwarded=1
1783001820.235820 publish topic=ipi/detector-output-to-ipi-run-1/latency/av-1/ack bytes=234 forwarded=1
1783001820.535779 publish topic=ipi/detector-output-to-ipi-run-1/latency/av-1/request bytes=24332 forwarded=1
1783001820.536426 publish topic=ipi/detector-output-to-ipi-run-1/latency/av-1/ack bytes=234 forwarded=1
1783001820.836071 publish topic=ipi/detector-output-to-ipi-run-1/latency/av-1/request bytes=24332 forwarded=1
1783001820.836763 publish topic=ipi/detector-output-to-ipi-run-1/latency/av-1/ack bytes=234 forwarded=1
1783001821.136426 publish topic=ipi/detector-output-to-ipi-run-1/latency/av-1/request bytes=24332 forwarded=1
1783001821.137104 publish topic=ipi/detector-output-to-ipi-run-1/latency/av-1/ack bytes=234 forwarded=1
1783001821.446766 publish topic=ipi/detector-output-to-ipi-run-1/latency/av-1/request bytes=24332 forwarded=1
1783001821.447460 publish topic=ipi/detector-output-to-ipi-run-1/latency/av-1/ack bytes=234 forwarded=1
1783001821.767015 publish topic=ipi/detector-output-to-ipi-run-1/latency/av-1/request bytes=24332 forwarded=1
1783001821.767668 publish topic=ipi/detector-output-to-ipi-run-1/latency/av-1/ack bytes=234 forwarded=1
1783001822.107486 publish topic=ipi/detector-output-to-ipi-run-1/latency/av-1/request bytes=24332 forwarded=1
1783001822.108129 publish topic=ipi/detector-output-to-ipi-run-1/latency/av-1/ack bytes=234 forwarded=1
1783001822.407932 publish topic=ipi/detector-output-to-ipi-run-1/latency/av-1/request bytes=24332 forwarded=1
1783001822.408638 publish topic=ipi/detector-output-to-ipi-run-1/latency/av-1/ack bytes=234 forwarded=1
1783001822.738292 publish topic=ipi/detector-output-to-ipi-run-1/latency/av-1/request bytes=24332 forwarded=1
1783001822.738945 publish topic=ipi/detector-output-to-ipi-run-1/latency/av-1/ack bytes=234 forwarded=1
1783001823.068761 publish topic=ipi/detector-output-to-ipi-run-1/latency/av-1/request bytes=24332 forwarded=1
1783001823.069438 publish topic=ipi/detector-output-to-ipi-run-1/latency/av-1/ack bytes=234 forwarded=1
1783001823.409159 publish topic=ipi/detector-output-to-ipi-run-1/latency/av-1/request bytes=24332 forwarded=1
1783001823.409846 publish topic=ipi/detector-output-to-ipi-run-1/latency/av-1/ack bytes=234 forwarded=1
1783001823.719779 publish topic=ipi/detector-output-to-ipi-run-1/latency/av-1/request bytes=24332 forwarded=1
1783001823.720468 publish topic=ipi/detector-output-to-ipi-run-1/latency/av-1/ack bytes=234 forwarded=1
1783001824.040061 publish topic=ipi/detector-output-to-ipi-run-1/latency/av-1/request bytes=24332 forwarded=1
1783001824.040794 publish topic=ipi/detector-output-to-ipi-run-1/latency/av-1/ack bytes=234 forwarded=1
1783001824.370600 publish topic=ipi/detector-output-to-ipi-run-1/latency/av-1/request bytes=24332 forwarded=1
1783001824.371290 publish topic=ipi/detector-output-to-ipi-run-1/latency/av-1/ack bytes=234 forwarded=1
1783001824.691041 publish topic=ipi/detector-output-to-ipi-run-1/latency/av-1/request bytes=24332 forwarded=1
1783001824.691721 publish topic=ipi/detector-output-to-ipi-run-1/latency/av-1/ack bytes=234 forwarded=1
1783001825.011425 publish topic=ipi/detector-output-to-ipi-run-1/latency/av-1/request bytes=24332 forwarded=1
1783001825.012111 publish topic=ipi/detector-output-to-ipi-run-1/latency/av-1/ack bytes=234 forwarded=1
1783001825.331972 publish topic=ipi/detector-output-to-ipi-run-1/latency/av-1/request bytes=24332 forwarded=1
1783001825.332659 publish topic=ipi/detector-output-to-ipi-run-1/latency/av-1/ack bytes=234 forwarded=1
1783001825.642432 publish topic=ipi/detector-output-to-ipi-run-1/latency/av-1/request bytes=24332 forwarded=1
1783001825.643111 publish topic=ipi/detector-output-to-ipi-run-1/latency/av-1/ack bytes=234 forwarded=1
1783001825.972917 publish topic=ipi/detector-output-to-ipi-run-1/latency/av-1/request bytes=24332 forwarded=1
1783001825.973600 publish topic=ipi/detector-output-to-ipi-run-1/latency/av-1/ack bytes=234 forwarded=1
1783001826.313283 publish topic=ipi/detector-output-to-ipi-run-1/latency/av-1/request bytes=24332 forwarded=1
1783001826.313964 publish topic=ipi/detector-output-to-ipi-run-1/latency/av-1/ack bytes=234 forwarded=1
1783001826.663979 publish topic=ipi/detector-output-to-ipi-run-1/latency/av-1/request bytes=24332 forwarded=1
1783001826.664659 publish topic=ipi/detector-output-to-ipi-run-1/latency/av-1/ack bytes=234 forwarded=1
1783001827.004502 publish topic=ipi/detector-output-to-ipi-run-1/latency/av-1/request bytes=24332 forwarded=1
1783001827.005260 publish topic=ipi/detector-output-to-ipi-run-1/latency/av-1/ack bytes=234 forwarded=1
1783001827.355211 publish topic=ipi/detector-output-to-ipi-run-1/latency/av-1/request bytes=24332 forwarded=1
1783001827.355861 publish topic=ipi/detector-output-to-ipi-run-1/latency/av-1/ack bytes=234 forwarded=1
1783001827.645595 publish topic=ipi/detector-output-to-ipi-run-1/latency/av-1/request bytes=24332 forwarded=1
1783001827.646239 publish topic=ipi/detector-output-to-ipi-run-1/latency/av-1/ack bytes=234 forwarded=1
1783001827.935935 publish topic=ipi/detector-output-to-ipi-run-1/latency/av-1/request bytes=24332 forwarded=1
1783001827.936582 publish topic=ipi/detector-output-to-ipi-run-1/latency/av-1/ack bytes=234 forwarded=1
1783001828.236524 publish topic=ipi/detector-output-to-ipi-run-1/latency/av-1/request bytes=24332 forwarded=1
1783001828.237177 publish topic=ipi/detector-output-to-ipi-run-1/latency/av-1/ack bytes=234 forwarded=1
1783001828.526958 publish topic=ipi/detector-output-to-ipi-run-1/latency/av-1/request bytes=24332 forwarded=1
1783001828.527724 publish topic=ipi/detector-output-to-ipi-run-1/latency/av-1/ack bytes=234 forwarded=1
1783001828.837041 publish topic=ipi/detector-output-to-ipi-run-1/latency/av-1/request bytes=24332 forwarded=1
1783001828.837682 publish topic=ipi/detector-output-to-ipi-run-1/latency/av-1/ack bytes=234 forwarded=1
1783001829.127530 publish topic=ipi/detector-output-to-ipi-run-1/latency/av-1/request bytes=24332 forwarded=1
1783001829.128168 publish topic=ipi/detector-output-to-ipi-run-1/latency/av-1/ack bytes=234 forwarded=1
1783001829.417994 publish topic=ipi/detector-output-to-ipi-run-1/latency/av-1/request bytes=24332 forwarded=1
1783001829.418638 publish topic=ipi/detector-output-to-ipi-run-1/latency/av-1/ack bytes=234 forwarded=1
1783001829.698240 publish topic=ipi/detector-output-to-ipi-run-1/latency/av-1/request bytes=24332 forwarded=1
1783001829.698889 publish topic=ipi/detector-output-to-ipi-run-1/latency/av-1/ack bytes=234 forwarded=1
1783001829.988693 publish topic=ipi/detector-output-to-ipi-run-1/latency/av-1/request bytes=24332 forwarded=1
1783001829.989351 publish topic=ipi/detector-output-to-ipi-run-1/latency/av-1/ack bytes=234 forwarded=1
1783001830.299129 publish topic=ipi/detector-output-to-ipi-run-1/latency/av-1/request bytes=24332 forwarded=1
1783001830.299774 publish topic=ipi/detector-output-to-ipi-run-1/latency/av-1/ack bytes=234 forwarded=1
1783001830.589525 publish topic=ipi/detector-output-to-ipi-run-1/latency/av-1/request bytes=24332 forwarded=1
1783001830.590165 publish topic=ipi/detector-output-to-ipi-run-1/latency/av-1/ack bytes=234 forwarded=1
1783001830.889679 publish topic=ipi/detector-output-to-ipi-run-1/latency/av-1/request bytes=24332 forwarded=1
1783001830.890035 publish topic=ipi/detector-output-to-ipi-run-1/latency/av-1/ack bytes=234 forwarded=1
1783001831.200278 publish topic=ipi/detector-output-to-ipi-run-1/latency/av-1/request bytes=24332 forwarded=1
1783001831.201064 publish topic=ipi/detector-output-to-ipi-run-1/latency/av-1/ack bytes=234 forwarded=1
1783001831.490664 publish topic=ipi/detector-output-to-ipi-run-1/latency/av-1/request bytes=24332 forwarded=1
1783001831.491335 publish topic=ipi/detector-output-to-ipi-run-1/latency/av-1/ack bytes=234 forwarded=1
1783001831.801222 publish topic=ipi/detector-output-to-ipi-run-1/latency/av-1/request bytes=24332 forwarded=1
1783001831.801892 publish topic=ipi/detector-output-to-ipi-run-1/latency/av-1/ack bytes=234 forwarded=1
1783001832.121582 publish topic=ipi/detector-output-to-ipi-run-1/latency/av-1/request bytes=24332 forwarded=1
1783001832.122251 publish topic=ipi/detector-output-to-ipi-run-1/latency/av-1/ack bytes=234 forwarded=1
1783001832.422032 publish topic=ipi/detector-output-to-ipi-run-1/latency/av-1/request bytes=24332 forwarded=1
1783001832.422699 publish topic=ipi/detector-output-to-ipi-run-1/latency/av-1/ack bytes=234 forwarded=1
1783001832.762408 publish topic=ipi/detector-output-to-ipi-run-1/latency/av-1/request bytes=24332 forwarded=1
1783001832.763098 publish topic=ipi/detector-output-to-ipi-run-1/latency/av-1/ack bytes=234 forwarded=1
1783001833.092941 publish topic=ipi/detector-output-to-ipi-run-1/latency/av-1/request bytes=24332 forwarded=1
1783001833.093629 publish topic=ipi/detector-output-to-ipi-run-1/latency/av-1/ack bytes=234 forwarded=1
1783001833.403472 publish topic=ipi/detector-output-to-ipi-run-1/latency/av-1/request bytes=24332 forwarded=1
1783001833.404219 publish topic=ipi/detector-output-to-ipi-run-1/latency/av-1/ack bytes=234 forwarded=1
1783001833.713906 publish topic=ipi/detector-output-to-ipi-run-1/latency/av-1/request bytes=24332 forwarded=1
1783001833.714592 publish topic=ipi/detector-output-to-ipi-run-1/latency/av-1/ack bytes=234 forwarded=1
1783001834.034502 publish topic=ipi/detector-output-to-ipi-run-1/latency/av-1/request bytes=24332 forwarded=1
1783001834.035179 publish topic=ipi/detector-output-to-ipi-run-1/latency/av-1/ack bytes=234 forwarded=1
1783001834.375093 publish topic=ipi/detector-output-to-ipi-run-1/latency/av-1/request bytes=24332 forwarded=1
1783001834.375797 publish topic=ipi/detector-output-to-ipi-run-1/latency/av-1/ack bytes=234 forwarded=1
1783001834.675657 publish topic=ipi/detector-output-to-ipi-run-1/latency/av-1/request bytes=24332 forwarded=1
1783001834.676340 publish topic=ipi/detector-output-to-ipi-run-1/latency/av-1/ack bytes=234 forwarded=1
1783001834.965838 publish topic=ipi/detector-output-to-ipi-run-1/latency/av-1/request bytes=24332 forwarded=1
1783001834.966522 publish topic=ipi/detector-output-to-ipi-run-1/latency/av-1/ack bytes=234 forwarded=1
1783001835.266273 publish topic=ipi/detector-output-to-ipi-run-1/latency/av-1/request bytes=24332 forwarded=1
1783001835.266966 publish topic=ipi/detector-output-to-ipi-run-1/latency/av-1/ack bytes=234 forwarded=1
1783001835.546588 publish topic=ipi/detector-output-to-ipi-run-1/latency/av-1/request bytes=24332 forwarded=1
1783001835.547300 publish topic=ipi/detector-output-to-ipi-run-1/latency/av-1/ack bytes=234 forwarded=1
1783001835.836933 publish topic=ipi/detector-output-to-ipi-run-1/latency/av-1/request bytes=24332 forwarded=1
1783001835.837601 publish topic=ipi/detector-output-to-ipi-run-1/latency/av-1/ack bytes=234 forwarded=1
1783001836.147462 publish topic=ipi/detector-output-to-ipi-run-1/latency/av-1/request bytes=24332 forwarded=1
1783001836.148149 publish topic=ipi/detector-output-to-ipi-run-1/latency/av-1/ack bytes=234 forwarded=1
1783001836.437766 publish topic=ipi/detector-output-to-ipi-run-1/latency/av-1/request bytes=24332 forwarded=1
1783001836.438415 publish topic=ipi/detector-output-to-ipi-run-1/latency/av-1/ack bytes=234 forwarded=1
1783001836.728020 publish topic=ipi/detector-output-to-ipi-run-1/latency/av-1/request bytes=24332 forwarded=1
1783001836.728737 publish topic=ipi/detector-output-to-ipi-run-1/latency/av-1/ack bytes=234 forwarded=1
1783001837.028323 publish topic=ipi/detector-output-to-ipi-run-1/latency/av-1/request bytes=24332 forwarded=1
1783001837.029071 publish topic=ipi/detector-output-to-ipi-run-1/latency/av-1/ack bytes=234 forwarded=1
1783001837.318922 publish topic=ipi/detector-output-to-ipi-run-1/latency/av-1/request bytes=24332 forwarded=1
1783001837.319598 publish topic=ipi/detector-output-to-ipi-run-1/latency/av-1/ack bytes=234 forwarded=1
1783001837.609072 publish topic=ipi/detector-output-to-ipi-run-1/latency/av-1/request bytes=24332 forwarded=1
1783001837.609790 publish topic=ipi/detector-output-to-ipi-run-1/latency/av-1/ack bytes=234 forwarded=1
1783001837.899708 publish topic=ipi/detector-output-to-ipi-run-1/latency/av-1/request bytes=24332 forwarded=1
1783001837.900393 publish topic=ipi/detector-output-to-ipi-run-1/latency/av-1/ack bytes=234 forwarded=1
1783001838.200026 publish topic=ipi/detector-output-to-ipi-run-1/latency/av-1/request bytes=24332 forwarded=1
1783001838.200728 publish topic=ipi/detector-output-to-ipi-run-1/latency/av-1/ack bytes=234 forwarded=1
1783001838.500495 publish topic=ipi/detector-output-to-ipi-run-1/latency/av-1/request bytes=24332 forwarded=1
1783001838.501180 publish topic=ipi/detector-output-to-ipi-run-1/latency/av-1/ack bytes=234 forwarded=1
1783001838.790609 publish topic=ipi/detector-output-to-ipi-run-1/latency/av-1/request bytes=24332 forwarded=1
1783001838.791276 publish topic=ipi/detector-output-to-ipi-run-1/latency/av-1/ack bytes=234 forwarded=1
1783001839.100929 publish topic=ipi/detector-output-to-ipi-run-1/latency/av-1/request bytes=24332 forwarded=1
1783001839.101598 publish topic=ipi/detector-output-to-ipi-run-1/latency/av-1/ack bytes=234 forwarded=1
1783001839.421502 publish topic=ipi/detector-output-to-ipi-run-1/latency/av-1/request bytes=24332 forwarded=1
1783001839.422174 publish topic=ipi/detector-output-to-ipi-run-1/latency/av-1/ack bytes=234 forwarded=1
1783001839.732029 publish topic=ipi/detector-output-to-ipi-run-1/latency/av-1/request bytes=24332 forwarded=1
1783001839.732789 publish topic=ipi/detector-output-to-ipi-run-1/latency/av-1/ack bytes=234 forwarded=1
1783001840.032444 publish topic=ipi/detector-output-to-ipi-run-1/latency/av-1/request bytes=24332 forwarded=1
1783001840.033054 publish topic=ipi/detector-output-to-ipi-run-1/latency/av-1/ack bytes=234 forwarded=1
1783001840.373043 publish topic=ipi/detector-output-to-ipi-run-1/latency/av-1/request bytes=24332 forwarded=1
1783001840.373706 publish topic=ipi/detector-output-to-ipi-run-1/latency/av-1/ack bytes=234 forwarded=1
1783001840.723709 publish topic=ipi/detector-output-to-ipi-run-1/latency/av-1/request bytes=24332 forwarded=1
1783001840.724438 publish topic=ipi/detector-output-to-ipi-run-1/latency/av-1/ack bytes=234 forwarded=1
1783001841.104243 publish topic=ipi/detector-output-to-ipi-run-1/latency/av-1/request bytes=24332 forwarded=1
1783001841.104944 publish topic=ipi/detector-output-to-ipi-run-1/latency/av-1/ack bytes=234 forwarded=1
1783001841.475035 publish topic=ipi/detector-output-to-ipi-run-1/latency/av-1/request bytes=24332 forwarded=1
1783001841.475703 publish topic=ipi/detector-output-to-ipi-run-1/latency/av-1/ack bytes=234 forwarded=1
1783001841.805373 publish topic=ipi/detector-output-to-ipi-run-1/latency/av-1/request bytes=24332 forwarded=1
1783001841.806020 publish topic=ipi/detector-output-to-ipi-run-1/latency/av-1/ack bytes=234 forwarded=1
1783001842.135982 publish topic=ipi/detector-output-to-ipi-run-1/latency/av-1/request bytes=24332 forwarded=1
1783001842.136693 publish topic=ipi/detector-output-to-ipi-run-1/latency/av-1/ack bytes=234 forwarded=1
1783001842.436620 publish topic=ipi/detector-output-to-ipi-run-1/latency/av-1/request bytes=24332 forwarded=1
1783001842.437324 publish topic=ipi/detector-output-to-ipi-run-1/latency/av-1/ack bytes=234 forwarded=1
1783001842.736610 publish topic=ipi/detector-output-to-ipi-run-1/latency/av-1/request bytes=24332 forwarded=1
1783001842.736902 publish topic=ipi/detector-output-to-ipi-run-1/latency/av-1/ack bytes=234 forwarded=1
1783001843.037197 publish topic=ipi/detector-output-to-ipi-run-1/latency/av-1/request bytes=24332 forwarded=1
1783001843.037864 publish topic=ipi/detector-output-to-ipi-run-1/latency/av-1/ack bytes=234 forwarded=1
1783001843.357694 publish topic=ipi/detector-output-to-ipi-run-1/latency/av-1/request bytes=24332 forwarded=1
1783001843.358439 publish topic=ipi/detector-output-to-ipi-run-1/latency/av-1/ack bytes=234 forwarded=1
1783001843.648126 publish topic=ipi/detector-output-to-ipi-run-1/latency/av-1/request bytes=24332 forwarded=1
1783001843.648826 publish topic=ipi/detector-output-to-ipi-run-1/latency/av-1/ack bytes=234 forwarded=1
1783001843.938485 publish topic=ipi/detector-output-to-ipi-run-1/latency/av-1/request bytes=24332 forwarded=1
1783001843.939151 publish topic=ipi/detector-output-to-ipi-run-1/latency/av-1/ack bytes=234 forwarded=1
1783001844.248985 publish topic=ipi/detector-output-to-ipi-run-1/latency/av-1/request bytes=24332 forwarded=1
1783001844.249659 publish topic=ipi/detector-output-to-ipi-run-1/latency/av-1/ack bytes=234 forwarded=1
1783001844.579325 publish topic=ipi/detector-output-to-ipi-run-1/latency/av-1/request bytes=24332 forwarded=1
1783001844.579989 publish topic=ipi/detector-output-to-ipi-run-1/latency/av-1/ack bytes=234 forwarded=1
1783001844.879788 publish topic=ipi/detector-output-to-ipi-run-1/latency/av-1/request bytes=24332 forwarded=1
1783001844.880554 publish topic=ipi/detector-output-to-ipi-run-1/latency/av-1/ack bytes=234 forwarded=1
1783001845.180237 publish topic=ipi/detector-output-to-ipi-run-1/latency/av-1/request bytes=24332 forwarded=1
1783001845.180902 publish topic=ipi/detector-output-to-ipi-run-1/latency/av-1/ack bytes=234 forwarded=1
1783001845.610825 publish topic=ipi/detector-output-to-ipi-run-1/latency/av-1/request bytes=24332 forwarded=1
1783001845.611504 publish topic=ipi/detector-output-to-ipi-run-1/latency/av-1/ack bytes=234 forwarded=1
1783001845.971373 publish topic=ipi/detector-output-to-ipi-run-1/latency/av-1/request bytes=24332 forwarded=1
1783001845.972049 publish topic=ipi/detector-output-to-ipi-run-1/latency/av-1/ack bytes=234 forwarded=1
1783001846.261858 publish topic=ipi/detector-output-to-ipi-run-1/latency/av-1/request bytes=24332 forwarded=1
1783001846.262522 publish topic=ipi/detector-output-to-ipi-run-1/latency/av-1/ack bytes=234 forwarded=1
1783001846.582229 publish topic=ipi/detector-output-to-ipi-run-1/latency/av-1/request bytes=24332 forwarded=1
1783001846.582901 publish topic=ipi/detector-output-to-ipi-run-1/latency/av-1/ack bytes=234 forwarded=1
1783001846.912703 publish topic=ipi/detector-output-to-ipi-run-1/latency/av-1/request bytes=24332 forwarded=1
1783001846.913382 publish topic=ipi/detector-output-to-ipi-run-1/latency/av-1/ack bytes=234 forwarded=1
1783001847.273296 publish topic=ipi/detector-output-to-ipi-run-1/latency/av-1/request bytes=24332 forwarded=1
1783001847.273971 publish topic=ipi/detector-output-to-ipi-run-1/latency/av-1/ack bytes=234 forwarded=1
1783001847.563633 publish topic=ipi/detector-output-to-ipi-run-1/latency/av-1/request bytes=24332 forwarded=1
1783001847.564308 publish topic=ipi/detector-output-to-ipi-run-1/latency/av-1/ack bytes=234 forwarded=1
1783001847.863930 publish topic=ipi/detector-output-to-ipi-run-1/latency/av-1/request bytes=24332 forwarded=1
1783001847.864596 publish topic=ipi/detector-output-to-ipi-run-1/latency/av-1/ack bytes=234 forwarded=1
1783001848.204643 publish topic=ipi/detector-output-to-ipi-run-1/latency/av-1/request bytes=24332 forwarded=1
1783001848.205339 publish topic=ipi/detector-output-to-ipi-run-1/latency/av-1/ack bytes=234 forwarded=1
1783001848.535317 publish topic=ipi/detector-output-to-ipi-run-1/latency/av-1/request bytes=24332 forwarded=1
1783001848.535980 publish topic=ipi/detector-output-to-ipi-run-1/latency/av-1/ack bytes=234 forwarded=1
1783001848.875766 publish topic=ipi/detector-output-to-ipi-run-1/latency/av-1/request bytes=24332 forwarded=1
1783001848.876431 publish topic=ipi/detector-output-to-ipi-run-1/latency/av-1/ack bytes=234 forwarded=1
1783001849.216277 publish topic=ipi/detector-output-to-ipi-run-1/latency/av-1/request bytes=24332 forwarded=1
1783001849.216935 publish topic=ipi/detector-output-to-ipi-run-1/latency/av-1/ack bytes=234 forwarded=1
1783001849.506527 publish topic=ipi/detector-output-to-ipi-run-1/latency/av-1/request bytes=24332 forwarded=1
1783001849.507189 publish topic=ipi/detector-output-to-ipi-run-1/latency/av-1/ack bytes=234 forwarded=1
1783001849.807157 publish topic=ipi/detector-output-to-ipi-run-1/latency/av-1/request bytes=24332 forwarded=1
1783001849.807828 publish topic=ipi/detector-output-to-ipi-run-1/latency/av-1/ack bytes=234 forwarded=1
1783001850.087628 publish topic=ipi/detector-output-to-ipi-run-1/latency/av-1/request bytes=24332 forwarded=1
1783001850.088297 publish topic=ipi/detector-output-to-ipi-run-1/latency/av-1/ack bytes=234 forwarded=1
1783001850.387897 publish topic=ipi/detector-output-to-ipi-run-1/latency/av-1/request bytes=24332 forwarded=1
1783001850.388565 publish topic=ipi/detector-output-to-ipi-run-1/latency/av-1/ack bytes=234 forwarded=1
1783001850.678268 publish topic=ipi/detector-output-to-ipi-run-1/latency/av-1/request bytes=24332 forwarded=1
1783001850.678927 publish topic=ipi/detector-output-to-ipi-run-1/latency/av-1/ack bytes=234 forwarded=1
1783001850.968718 publish topic=ipi/detector-output-to-ipi-run-1/latency/av-1/request bytes=24332 forwarded=1
1783001850.969412 publish topic=ipi/detector-output-to-ipi-run-1/latency/av-1/ack bytes=234 forwarded=1
1783001851.299137 publish topic=ipi/detector-output-to-ipi-run-1/latency/av-1/request bytes=24332 forwarded=1
1783001851.299817 publish topic=ipi/detector-output-to-ipi-run-1/latency/av-1/ack bytes=234 forwarded=1
1783001851.599416 publish topic=ipi/detector-output-to-ipi-run-1/latency/av-1/request bytes=24332 forwarded=1
1783001851.600079 publish topic=ipi/detector-output-to-ipi-run-1/latency/av-1/ack bytes=234 forwarded=1
1783001851.889799 publish topic=ipi/detector-output-to-ipi-run-1/latency/av-1/request bytes=24332 forwarded=1
1783001851.890459 publish topic=ipi/detector-output-to-ipi-run-1/latency/av-1/ack bytes=234 forwarded=1
1783001852.190340 publish topic=ipi/detector-output-to-ipi-run-1/latency/av-1/request bytes=24332 forwarded=1
1783001852.191009 publish topic=ipi/detector-output-to-ipi-run-1/latency/av-1/ack bytes=234 forwarded=1
1783001852.480848 publish topic=ipi/detector-output-to-ipi-run-1/latency/av-1/request bytes=24332 forwarded=1
1783001852.481556 publish topic=ipi/detector-output-to-ipi-run-1/latency/av-1/ack bytes=234 forwarded=1
1783001852.781175 publish topic=ipi/detector-output-to-ipi-run-1/latency/av-1/request bytes=24332 forwarded=1
1783001852.781840 publish topic=ipi/detector-output-to-ipi-run-1/latency/av-1/ack bytes=234 forwarded=1
1783001853.081423 publish topic=ipi/detector-output-to-ipi-run-1/latency/av-1/request bytes=24332 forwarded=1
1783001853.082098 publish topic=ipi/detector-output-to-ipi-run-1/latency/av-1/ack bytes=234 forwarded=1
1783001853.382017 publish topic=ipi/detector-output-to-ipi-run-1/latency/av-1/request bytes=24332 forwarded=1
1783001853.382684 publish topic=ipi/detector-output-to-ipi-run-1/latency/av-1/ack bytes=234 forwarded=1
1783001853.722206 publish topic=ipi/detector-output-to-ipi-run-1/latency/av-1/request bytes=24332 forwarded=1
1783001853.722892 publish topic=ipi/detector-output-to-ipi-run-1/latency/av-1/ack bytes=234 forwarded=1
1783001854.042880 publish topic=ipi/detector-output-to-ipi-run-1/latency/av-1/request bytes=24332 forwarded=1
1783001854.043580 publish topic=ipi/detector-output-to-ipi-run-1/latency/av-1/ack bytes=234 forwarded=1
1783001854.403303 publish topic=ipi/detector-output-to-ipi-run-1/latency/av-1/request bytes=24332 forwarded=1
1783001854.403968 publish topic=ipi/detector-output-to-ipi-run-1/latency/av-1/ack bytes=234 forwarded=1
1783001854.794001 publish topic=ipi/detector-output-to-ipi-run-1/latency/av-1/request bytes=24332 forwarded=1
1783001854.794675 publish topic=ipi/detector-output-to-ipi-run-1/latency/av-1/ack bytes=234 forwarded=1
1783001855.204859 publish topic=ipi/detector-output-to-ipi-run-1/latency/av-1/request bytes=24332 forwarded=1
1783001855.205546 publish topic=ipi/detector-output-to-ipi-run-1/latency/av-1/ack bytes=234 forwarded=1
1783001855.595523 publish topic=ipi/detector-output-to-ipi-run-1/latency/av-1/request bytes=24332 forwarded=1
1783001855.596189 publish topic=ipi/detector-output-to-ipi-run-1/latency/av-1/ack bytes=234 forwarded=1
1783001855.956020 publish topic=ipi/detector-output-to-ipi-run-1/latency/av-1/request bytes=24332 forwarded=1
1783001855.956705 publish topic=ipi/detector-output-to-ipi-run-1/latency/av-1/ack bytes=234 forwarded=1
1783001856.276733 publish topic=ipi/detector-output-to-ipi-run-1/latency/av-1/request bytes=24332 forwarded=1
1783001856.277377 publish topic=ipi/detector-output-to-ipi-run-1/latency/av-1/ack bytes=234 forwarded=1
1783001856.677147 publish topic=ipi/detector-output-to-ipi-run-1/latency/av-1/request bytes=24332 forwarded=1
1783001856.677808 publish topic=ipi/detector-output-to-ipi-run-1/latency/av-1/ack bytes=234 forwarded=1
1783001857.067637 publish topic=ipi/detector-output-to-ipi-run-1/latency/av-1/request bytes=24332 forwarded=1
1783001857.068297 publish topic=ipi/detector-output-to-ipi-run-1/latency/av-1/ack bytes=234 forwarded=1
1783001857.408437 publish topic=ipi/detector-output-to-ipi-run-1/latency/av-1/request bytes=24332 forwarded=1
1783001857.409127 publish topic=ipi/detector-output-to-ipi-run-1/latency/av-1/ack bytes=234 forwarded=1
1783001857.718767 publish topic=ipi/detector-output-to-ipi-run-1/latency/av-1/request bytes=24332 forwarded=1
1783001857.719438 publish topic=ipi/detector-output-to-ipi-run-1/latency/av-1/ack bytes=234 forwarded=1
1783001858.039251 publish topic=ipi/detector-output-to-ipi-run-1/latency/av-1/request bytes=24332 forwarded=1
1783001858.039947 publish topic=ipi/detector-output-to-ipi-run-1/latency/av-1/ack bytes=234 forwarded=1
1783001858.339681 publish topic=ipi/detector-output-to-ipi-run-1/latency/av-1/request bytes=24332 forwarded=1
1783001858.340343 publish topic=ipi/detector-output-to-ipi-run-1/latency/av-1/ack bytes=234 forwarded=1
1783001858.650066 publish topic=ipi/detector-output-to-ipi-run-1/latency/av-1/request bytes=24332 forwarded=1
1783001858.650733 publish topic=ipi/detector-output-to-ipi-run-1/latency/av-1/ack bytes=234 forwarded=1
1783001858.950409 publish topic=ipi/detector-output-to-ipi-run-1/latency/av-1/request bytes=24332 forwarded=1
1783001858.951071 publish topic=ipi/detector-output-to-ipi-run-1/latency/av-1/ack bytes=234 forwarded=1
1783001859.240825 publish topic=ipi/detector-output-to-ipi-run-1/latency/av-1/request bytes=24332 forwarded=1
1783001859.241470 publish topic=ipi/detector-output-to-ipi-run-1/latency/av-1/ack bytes=234 forwarded=1
1783001859.541123 publish topic=ipi/detector-output-to-ipi-run-1/latency/av-1/request bytes=24332 forwarded=1
1783001859.541885 publish topic=ipi/detector-output-to-ipi-run-1/latency/av-1/ack bytes=234 forwarded=1
1783001859.841630 publish topic=ipi/detector-output-to-ipi-run-1/latency/av-1/request bytes=24332 forwarded=1
1783001859.842314 publish topic=ipi/detector-output-to-ipi-run-1/latency/av-1/ack bytes=234 forwarded=1
1783001860.151881 publish topic=ipi/detector-output-to-ipi-run-1/latency/av-1/request bytes=24332 forwarded=1
1783001860.152560 publish topic=ipi/detector-output-to-ipi-run-1/latency/av-1/ack bytes=234 forwarded=1
1783001860.462212 publish topic=ipi/detector-output-to-ipi-run-1/latency/av-1/request bytes=24332 forwarded=1
1783001860.462877 publish topic=ipi/detector-output-to-ipi-run-1/latency/av-1/ack bytes=234 forwarded=1
1783001860.762826 publish topic=ipi/detector-output-to-ipi-run-1/latency/av-1/request bytes=24332 forwarded=1
1783001860.763511 publish topic=ipi/detector-output-to-ipi-run-1/latency/av-1/ack bytes=234 forwarded=1
1783001861.073153 publish topic=ipi/detector-output-to-ipi-run-1/latency/av-1/request bytes=24332 forwarded=1
1783001861.073852 publish topic=ipi/detector-output-to-ipi-run-1/latency/av-1/ack bytes=234 forwarded=1
1783001861.383208 publish topic=ipi/detector-output-to-ipi-run-1/latency/av-1/request bytes=24332 forwarded=1
1783001861.383463 publish topic=ipi/detector-output-to-ipi-run-1/latency/av-1/ack bytes=234 forwarded=1
1783001861.704050 publish topic=ipi/detector-output-to-ipi-run-1/latency/av-1/request bytes=24332 forwarded=1
1783001861.704768 publish topic=ipi/detector-output-to-ipi-run-1/latency/av-1/ack bytes=234 forwarded=1
1783001862.004352 publish topic=ipi/detector-output-to-ipi-run-1/latency/av-1/request bytes=24332 forwarded=1
1783001862.005073 publish topic=ipi/detector-output-to-ipi-run-1/latency/av-1/ack bytes=234 forwarded=1
1783001862.294995 publish topic=ipi/detector-output-to-ipi-run-1/latency/av-1/request bytes=24332 forwarded=1
1783001862.295686 publish topic=ipi/detector-output-to-ipi-run-1/latency/av-1/ack bytes=234 forwarded=1
1783001862.615319 publish topic=ipi/detector-output-to-ipi-run-1/latency/av-1/request bytes=24332 forwarded=1
1783001862.616063 publish topic=ipi/detector-output-to-ipi-run-1/latency/av-1/ack bytes=234 forwarded=1
1783001862.965724 publish topic=ipi/detector-output-to-ipi-run-1/latency/av-1/request bytes=24332 forwarded=1
1783001862.966399 publish topic=ipi/detector-output-to-ipi-run-1/latency/av-1/ack bytes=234 forwarded=1
1783001863.286225 publish topic=ipi/detector-output-to-ipi-run-1/latency/av-1/request bytes=24332 forwarded=1
1783001863.286907 publish topic=ipi/detector-output-to-ipi-run-1/latency/av-1/ack bytes=234 forwarded=1
1783001863.647015 publish topic=ipi/detector-output-to-ipi-run-1/latency/av-1/request bytes=24332 forwarded=1
1783001863.647750 publish topic=ipi/detector-output-to-ipi-run-1/latency/av-1/ack bytes=234 forwarded=1
1783001864.007380 publish topic=ipi/detector-output-to-ipi-run-1/latency/av-1/request bytes=24332 forwarded=1
1783001864.008075 publish topic=ipi/detector-output-to-ipi-run-1/latency/av-1/ack bytes=234 forwarded=1
1783001864.398066 publish topic=ipi/detector-output-to-ipi-run-1/latency/av-1/request bytes=24332 forwarded=1
1783001864.398737 publish topic=ipi/detector-output-to-ipi-run-1/latency/av-1/ack bytes=234 forwarded=1
1783001864.778661 publish topic=ipi/detector-output-to-ipi-run-1/latency/av-1/request bytes=24332 forwarded=1
1783001864.779333 publish topic=ipi/detector-output-to-ipi-run-1/latency/av-1/ack bytes=234 forwarded=1
1783001865.109165 publish topic=ipi/detector-output-to-ipi-run-1/latency/av-1/request bytes=24332 forwarded=1
1783001865.109833 publish topic=ipi/detector-output-to-ipi-run-1/latency/av-1/ack bytes=234 forwarded=1
1783001865.389868 publish topic=ipi/detector-output-to-ipi-run-1/latency/av-1/request bytes=24332 forwarded=1
1783001865.390542 publish topic=ipi/detector-output-to-ipi-run-1/latency/av-1/ack bytes=234 forwarded=1
1783001865.680027 publish topic=ipi/detector-output-to-ipi-run-1/latency/av-1/request bytes=24332 forwarded=1
1783001865.680733 publish topic=ipi/detector-output-to-ipi-run-1/latency/av-1/ack bytes=234 forwarded=1
1783001865.960197 publish topic=ipi/detector-output-to-ipi-run-1/latency/av-1/request bytes=24332 forwarded=1
1783001865.960878 publish topic=ipi/detector-output-to-ipi-run-1/latency/av-1/ack bytes=234 forwarded=1
1783001866.240864 publish topic=ipi/detector-output-to-ipi-run-1/latency/av-1/request bytes=24332 forwarded=1
1783001866.241566 publish topic=ipi/detector-output-to-ipi-run-1/latency/av-1/ack bytes=234 forwarded=1
1783001866.561304 publish topic=ipi/detector-output-to-ipi-run-1/latency/av-1/request bytes=24332 forwarded=1
1783001866.561994 publish topic=ipi/detector-output-to-ipi-run-1/latency/av-1/ack bytes=234 forwarded=1
1783001866.881781 publish topic=ipi/detector-output-to-ipi-run-1/latency/av-1/request bytes=24332 forwarded=1
1783001866.882466 publish topic=ipi/detector-output-to-ipi-run-1/latency/av-1/ack bytes=234 forwarded=1
1783001867.172639 publish topic=ipi/detector-output-to-ipi-run-1/latency/av-1/request bytes=24332 forwarded=1
1783001867.173356 publish topic=ipi/detector-output-to-ipi-run-1/latency/av-1/ack bytes=234 forwarded=1
1783001867.473097 publish topic=ipi/detector-output-to-ipi-run-1/latency/av-1/request bytes=24332 forwarded=1
1783001867.473780 publish topic=ipi/detector-output-to-ipi-run-1/latency/av-1/ack bytes=234 forwarded=1
1783001867.783693 publish topic=ipi/detector-output-to-ipi-run-1/latency/av-1/request bytes=24332 forwarded=1
1783001867.784352 publish topic=ipi/detector-output-to-ipi-run-1/latency/av-1/ack bytes=234 forwarded=1
1783001868.064638 publish topic=ipi/detector-output-to-ipi-run-1/latency/av-1/request bytes=24332 forwarded=1
1783001868.065303 publish topic=ipi/detector-output-to-ipi-run-1/latency/av-1/ack bytes=234 forwarded=1
1783001868.375358 publish topic=ipi/detector-output-to-ipi-run-1/latency/av-1/request bytes=24332 forwarded=1
1783001868.375995 publish topic=ipi/detector-output-to-ipi-run-1/latency/av-1/ack bytes=234 forwarded=1
1783001868.655979 publish topic=ipi/detector-output-to-ipi-run-1/latency/av-1/request bytes=24332 forwarded=1
1783001868.656650 publish topic=ipi/detector-output-to-ipi-run-1/latency/av-1/ack bytes=234 forwarded=1
1783001868.946453 publish topic=ipi/detector-output-to-ipi-run-1/latency/av-1/request bytes=24332 forwarded=1
1783001868.947176 publish topic=ipi/detector-output-to-ipi-run-1/latency/av-1/ack bytes=234 forwarded=1
1783001869.257421 publish topic=ipi/detector-output-to-ipi-run-1/latency/av-1/request bytes=24332 forwarded=1
1783001869.258069 publish topic=ipi/detector-output-to-ipi-run-1/latency/av-1/ack bytes=234 forwarded=1
1783001869.567926 publish topic=ipi/detector-output-to-ipi-run-1/latency/av-1/request bytes=24332 forwarded=1
1783001869.568574 publish topic=ipi/detector-output-to-ipi-run-1/latency/av-1/ack bytes=234 forwarded=1
1783001869.888752 publish topic=ipi/detector-output-to-ipi-run-1/latency/av-1/request bytes=24332 forwarded=1
1783001869.889409 publish topic=ipi/detector-output-to-ipi-run-1/latency/av-1/ack bytes=234 forwarded=1
1783001870.219620 publish topic=ipi/detector-output-to-ipi-run-1/latency/av-1/request bytes=24332 forwarded=1
1783001870.220279 publish topic=ipi/detector-output-to-ipi-run-1/latency/av-1/ack bytes=234 forwarded=1
1783001870.580548 publish topic=ipi/detector-output-to-ipi-run-1/latency/av-1/request bytes=24332 forwarded=1
1783001870.581221 publish topic=ipi/detector-output-to-ipi-run-1/latency/av-1/ack bytes=234 forwarded=1
1783001870.971418 publish topic=ipi/detector-output-to-ipi-run-1/latency/av-1/request bytes=24332 forwarded=1
1783001870.972078 publish topic=ipi/detector-output-to-ipi-run-1/latency/av-1/ack bytes=234 forwarded=1
1783001871.302280 publish topic=ipi/detector-output-to-ipi-run-1/latency/av-1/request bytes=24332 forwarded=1
1783001871.302946 publish topic=ipi/detector-output-to-ipi-run-1/latency/av-1/ack bytes=234 forwarded=1
1783001871.623191 publish topic=ipi/detector-output-to-ipi-run-1/latency/av-1/request bytes=24332 forwarded=1
1783001871.623908 publish topic=ipi/detector-output-to-ipi-run-1/latency/av-1/ack bytes=234 forwarded=1
1783001871.973881 publish topic=ipi/detector-output-to-ipi-run-1/latency/av-1/request bytes=24332 forwarded=1
1783001871.974577 publish topic=ipi/detector-output-to-ipi-run-1/latency/av-1/ack bytes=234 forwarded=1
1783001872.294897 publish topic=ipi/detector-output-to-ipi-run-1/latency/av-1/request bytes=24332 forwarded=1
1783001872.295578 publish topic=ipi/detector-output-to-ipi-run-1/latency/av-1/ack bytes=234 forwarded=1
1783001872.615349 publish topic=ipi/detector-output-to-ipi-run-1/latency/av-1/request bytes=24332 forwarded=1
1783001872.615665 publish topic=ipi/detector-output-to-ipi-run-1/latency/av-1/ack bytes=234 forwarded=1
1783001872.916184 publish topic=ipi/detector-output-to-ipi-run-1/latency/av-1/request bytes=24332 forwarded=1
1783001872.916887 publish topic=ipi/detector-output-to-ipi-run-1/latency/av-1/ack bytes=234 forwarded=1
1783001873.206795 publish topic=ipi/detector-output-to-ipi-run-1/latency/av-1/request bytes=24332 forwarded=1
1783001873.207501 publish topic=ipi/detector-output-to-ipi-run-1/latency/av-1/ack bytes=234 forwarded=1
1783001873.517118 publish topic=ipi/detector-output-to-ipi-run-1/latency/av-1/request bytes=24332 forwarded=1
1783001873.517797 publish topic=ipi/detector-output-to-ipi-run-1/latency/av-1/ack bytes=234 forwarded=1
1783001873.807688 publish topic=ipi/detector-output-to-ipi-run-1/latency/av-1/request bytes=24332 forwarded=1
1783001873.808366 publish topic=ipi/detector-output-to-ipi-run-1/latency/av-1/ack bytes=234 forwarded=1
1783001874.107952 publish topic=ipi/detector-output-to-ipi-run-1/latency/av-1/request bytes=24332 forwarded=1
1783001874.108630 publish topic=ipi/detector-output-to-ipi-run-1/latency/av-1/ack bytes=234 forwarded=1
1783001874.418494 publish topic=ipi/detector-output-to-ipi-run-1/latency/av-1/request bytes=24332 forwarded=1
1783001874.419175 publish topic=ipi/detector-output-to-ipi-run-1/latency/av-1/ack bytes=234 forwarded=1
1783001874.728945 publish topic=ipi/detector-output-to-ipi-run-1/latency/av-1/request bytes=24332 forwarded=1
1783001874.729627 publish topic=ipi/detector-output-to-ipi-run-1/latency/av-1/ack bytes=234 forwarded=1
1783001875.059330 publish topic=ipi/detector-output-to-ipi-run-1/latency/av-1/request bytes=24332 forwarded=1
1783001875.060015 publish topic=ipi/detector-output-to-ipi-run-1/latency/av-1/ack bytes=234 forwarded=1
1783001875.359748 publish topic=ipi/detector-output-to-ipi-run-1/latency/av-1/request bytes=24332 forwarded=1
1783001875.360424 publish topic=ipi/detector-output-to-ipi-run-1/latency/av-1/ack bytes=234 forwarded=1
1783001875.660020 publish topic=ipi/detector-output-to-ipi-run-1/latency/av-1/request bytes=24332 forwarded=1
1783001875.660717 publish topic=ipi/detector-output-to-ipi-run-1/latency/av-1/ack bytes=234 forwarded=1
1783001875.950703 publish topic=ipi/detector-output-to-ipi-run-1/latency/av-1/request bytes=24332 forwarded=1
1783001875.951392 publish topic=ipi/detector-output-to-ipi-run-1/latency/av-1/ack bytes=234 forwarded=1
1783001876.270976 publish topic=ipi/detector-output-to-ipi-run-1/latency/av-1/request bytes=24332 forwarded=1
1783001876.271740 publish topic=ipi/detector-output-to-ipi-run-1/latency/av-1/ack bytes=234 forwarded=1
1783001876.571616 publish topic=ipi/detector-output-to-ipi-run-1/latency/av-1/request bytes=24332 forwarded=1
1783001876.572325 publish topic=ipi/detector-output-to-ipi-run-1/latency/av-1/ack bytes=234 forwarded=1
1783001876.881728 publish topic=ipi/detector-output-to-ipi-run-1/latency/av-1/request bytes=24332 forwarded=1
1783001876.882457 publish topic=ipi/detector-output-to-ipi-run-1/latency/av-1/ack bytes=234 forwarded=1
1783001877.182261 publish topic=ipi/detector-output-to-ipi-run-1/latency/av-1/request bytes=24332 forwarded=1
1783001877.182981 publish topic=ipi/detector-output-to-ipi-run-1/latency/av-1/ack bytes=234 forwarded=1
1783001877.522722 publish topic=ipi/detector-output-to-ipi-run-1/latency/av-1/request bytes=24332 forwarded=1
1783001877.523446 publish topic=ipi/detector-output-to-ipi-run-1/latency/av-1/ack bytes=234 forwarded=1
1783001877.873174 publish topic=ipi/detector-output-to-ipi-run-1/latency/av-1/request bytes=24332 forwarded=1
1783001877.873847 publish topic=ipi/detector-output-to-ipi-run-1/latency/av-1/ack bytes=234 forwarded=1
1783001878.213869 publish topic=ipi/detector-output-to-ipi-run-1/latency/av-1/request bytes=24332 forwarded=1
1783001878.214544 publish topic=ipi/detector-output-to-ipi-run-1/latency/av-1/ack bytes=234 forwarded=1
1783001878.614784 publish topic=ipi/detector-output-to-ipi-run-1/latency/av-1/request bytes=24332 forwarded=1
1783001878.615462 publish topic=ipi/detector-output-to-ipi-run-1/latency/av-1/ack bytes=234 forwarded=1
1783001878.955244 publish topic=ipi/detector-output-to-ipi-run-1/latency/av-1/request bytes=24332 forwarded=1
1783001878.955919 publish topic=ipi/detector-output-to-ipi-run-1/latency/av-1/ack bytes=234 forwarded=1
1783001879.315856 publish topic=ipi/detector-output-to-ipi-run-1/latency/av-1/request bytes=24332 forwarded=1
1783001879.316526 publish topic=ipi/detector-output-to-ipi-run-1/latency/av-1/ack bytes=234 forwarded=1
1783001879.696568 publish topic=ipi/detector-output-to-ipi-run-1/latency/av-1/request bytes=24332 forwarded=1
1783001879.697279 publish topic=ipi/detector-output-to-ipi-run-1/latency/av-1/ack bytes=234 forwarded=1
1783001879.996892 publish topic=ipi/detector-output-to-ipi-run-1/latency/av-1/request bytes=24332 forwarded=1
1783001879.997566 publish topic=ipi/detector-output-to-ipi-run-1/latency/av-1/ack bytes=234 forwarded=1
1783001880.287549 publish topic=ipi/detector-output-to-ipi-run-1/latency/av-1/request bytes=24332 forwarded=1
1783001880.288225 publish topic=ipi/detector-output-to-ipi-run-1/latency/av-1/ack bytes=234 forwarded=1
1783001880.587691 publish topic=ipi/detector-output-to-ipi-run-1/latency/av-1/request bytes=24332 forwarded=1
1783001880.588363 publish topic=ipi/detector-output-to-ipi-run-1/latency/av-1/ack bytes=234 forwarded=1
1783001880.898174 publish topic=ipi/detector-output-to-ipi-run-1/latency/av-1/request bytes=24332 forwarded=1
1783001880.898829 publish topic=ipi/detector-output-to-ipi-run-1/latency/av-1/ack bytes=234 forwarded=1
1783001881.218697 publish topic=ipi/detector-output-to-ipi-run-1/latency/av-1/request bytes=24332 forwarded=1
1783001881.219325 publish topic=ipi/detector-output-to-ipi-run-1/latency/av-1/ack bytes=234 forwarded=1
1783001881.528955 publish topic=ipi/detector-output-to-ipi-run-1/latency/av-1/request bytes=24332 forwarded=1
1783001881.529607 publish topic=ipi/detector-output-to-ipi-run-1/latency/av-1/ack bytes=234 forwarded=1
1783001881.829542 publish topic=ipi/detector-output-to-ipi-run-1/latency/av-1/request bytes=24332 forwarded=1
1783001881.830199 publish topic=ipi/detector-output-to-ipi-run-1/latency/av-1/ack bytes=234 forwarded=1
1783001882.139939 publish topic=ipi/detector-output-to-ipi-run-1/latency/av-1/request bytes=24332 forwarded=1
1783001882.140598 publish topic=ipi/detector-output-to-ipi-run-1/latency/av-1/ack bytes=234 forwarded=1
1783001882.470322 publish topic=ipi/detector-output-to-ipi-run-1/latency/av-1/request bytes=24332 forwarded=1
1783001882.470995 publish topic=ipi/detector-output-to-ipi-run-1/latency/av-1/ack bytes=234 forwarded=1
1783001882.770808 publish topic=ipi/detector-output-to-ipi-run-1/latency/av-1/request bytes=24332 forwarded=1
1783001882.771472 publish topic=ipi/detector-output-to-ipi-run-1/latency/av-1/ack bytes=234 forwarded=1
1783001883.061160 publish topic=ipi/detector-output-to-ipi-run-1/latency/av-1/request bytes=24332 forwarded=1
1783001883.061805 publish topic=ipi/detector-output-to-ipi-run-1/latency/av-1/ack bytes=234 forwarded=1
1783001883.351805 publish topic=ipi/detector-output-to-ipi-run-1/latency/av-1/request bytes=24332 forwarded=1
1783001883.352448 publish topic=ipi/detector-output-to-ipi-run-1/latency/av-1/ack bytes=234 forwarded=1
1783001883.652158 publish topic=ipi/detector-output-to-ipi-run-1/latency/av-1/request bytes=24332 forwarded=1
1783001883.652859 publish topic=ipi/detector-output-to-ipi-run-1/latency/av-1/ack bytes=234 forwarded=1
1783001883.972409 publish topic=ipi/detector-output-to-ipi-run-1/latency/av-1/request bytes=24332 forwarded=1
1783001883.973142 publish topic=ipi/detector-output-to-ipi-run-1/latency/av-1/ack bytes=234 forwarded=1
1783001884.282991 publish topic=ipi/detector-output-to-ipi-run-1/latency/av-1/request bytes=24332 forwarded=1
1783001884.283650 publish topic=ipi/detector-output-to-ipi-run-1/latency/av-1/ack bytes=234 forwarded=1
1783001884.583223 publish topic=ipi/detector-output-to-ipi-run-1/latency/av-1/request bytes=24332 forwarded=1
1783001884.583502 publish topic=ipi/detector-output-to-ipi-run-1/latency/av-1/ack bytes=234 forwarded=1
1783001884.883749 publish topic=ipi/detector-output-to-ipi-run-1/latency/av-1/request bytes=24332 forwarded=1
1783001884.884396 publish topic=ipi/detector-output-to-ipi-run-1/latency/av-1/ack bytes=234 forwarded=1
1783001885.264296 publish topic=ipi/detector-output-to-ipi-run-1/latency/av-1/request bytes=24332 forwarded=1
1783001885.264981 publish topic=ipi/detector-output-to-ipi-run-1/latency/av-1/ack bytes=234 forwarded=1
1783001885.634880 publish topic=ipi/detector-output-to-ipi-run-1/latency/av-1/request bytes=24332 forwarded=1
1783001885.635538 publish topic=ipi/detector-output-to-ipi-run-1/latency/av-1/ack bytes=234 forwarded=1
1783001885.985491 publish topic=ipi/detector-output-to-ipi-run-1/latency/av-1/request bytes=24332 forwarded=1
1783001885.986145 publish topic=ipi/detector-output-to-ipi-run-1/latency/av-1/ack bytes=234 forwarded=1
1783001886.366153 publish topic=ipi/detector-output-to-ipi-run-1/latency/av-1/request bytes=24332 forwarded=1
1783001886.366829 publish topic=ipi/detector-output-to-ipi-run-1/latency/av-1/ack bytes=234 forwarded=1
1783001886.706877 publish topic=ipi/detector-output-to-ipi-run-1/latency/av-1/request bytes=24332 forwarded=1
1783001886.707547 publish topic=ipi/detector-output-to-ipi-run-1/latency/av-1/ack bytes=234 forwarded=1
1783001887.087415 publish topic=ipi/detector-output-to-ipi-run-1/latency/av-1/request bytes=24332 forwarded=1
1783001887.088098 publish topic=ipi/detector-output-to-ipi-run-1/latency/av-1/ack bytes=234 forwarded=1
1783001887.397962 publish topic=ipi/detector-output-to-ipi-run-1/latency/av-1/request bytes=24332 forwarded=1
1783001887.398632 publish topic=ipi/detector-output-to-ipi-run-1/latency/av-1/ack bytes=234 forwarded=1
1783001887.708240 publish topic=ipi/detector-output-to-ipi-run-1/latency/av-1/request bytes=24332 forwarded=1
1783001887.708949 publish topic=ipi/detector-output-to-ipi-run-1/latency/av-1/ack bytes=234 forwarded=1
1783001887.998867 publish topic=ipi/detector-output-to-ipi-run-1/latency/av-1/request bytes=24332 forwarded=1
1783001887.999532 publish topic=ipi/detector-output-to-ipi-run-1/latency/av-1/ack bytes=234 forwarded=1
1783001888.339374 publish topic=ipi/detector-output-to-ipi-run-1/latency/av-1/request bytes=24332 forwarded=1
1783001888.340043 publish topic=ipi/detector-output-to-ipi-run-1/latency/av-1/ack bytes=234 forwarded=1
1783001888.639538 publish topic=ipi/detector-output-to-ipi-run-1/latency/av-1/request bytes=24332 forwarded=1
1783001888.640224 publish topic=ipi/detector-output-to-ipi-run-1/latency/av-1/ack bytes=234 forwarded=1
1783001888.939963 publish topic=ipi/detector-output-to-ipi-run-1/latency/av-1/request bytes=24332 forwarded=1
1783001888.940643 publish topic=ipi/detector-output-to-ipi-run-1/latency/av-1/ack bytes=234 forwarded=1
1783001889.240200 publish topic=ipi/detector-output-to-ipi-run-1/latency/av-1/request bytes=24332 forwarded=1
1783001889.240920 publish topic=ipi/detector-output-to-ipi-run-1/latency/av-1/ack bytes=234 forwarded=1
1783001889.540944 publish topic=ipi/detector-output-to-ipi-run-1/latency/av-1/request bytes=24332 forwarded=1
1783001889.541675 publish topic=ipi/detector-output-to-ipi-run-1/latency/av-1/ack bytes=234 forwarded=1
1783001889.851205 publish topic=ipi/detector-output-to-ipi-run-1/latency/av-1/request bytes=24332 forwarded=1
1783001889.851881 publish topic=ipi/detector-output-to-ipi-run-1/latency/av-1/ack bytes=234 forwarded=1
1783001890.171625 publish topic=ipi/detector-output-to-ipi-run-1/latency/av-1/request bytes=24332 forwarded=1
1783001890.172246 publish topic=ipi/detector-output-to-ipi-run-1/latency/av-1/ack bytes=234 forwarded=1
1783001890.492101 publish topic=ipi/detector-output-to-ipi-run-1/latency/av-1/request bytes=24332 forwarded=1
1783001890.492833 publish topic=ipi/detector-output-to-ipi-run-1/latency/av-1/ack bytes=234 forwarded=1
1783001890.802559 publish topic=ipi/detector-output-to-ipi-run-1/latency/av-1/request bytes=24332 forwarded=1
1783001890.803238 publish topic=ipi/detector-output-to-ipi-run-1/latency/av-1/ack bytes=234 forwarded=1
1783001891.143026 publish topic=ipi/detector-output-to-ipi-run-1/latency/av-1/request bytes=24332 forwarded=1
1783001891.143688 publish topic=ipi/detector-output-to-ipi-run-1/latency/av-1/ack bytes=234 forwarded=1
1783001891.453172 publish topic=ipi/detector-output-to-ipi-run-1/latency/av-1/request bytes=24332 forwarded=1
1783001891.453777 publish topic=ipi/detector-output-to-ipi-run-1/latency/av-1/ack bytes=234 forwarded=1
1783001891.753761 publish topic=ipi/detector-output-to-ipi-run-1/latency/av-1/request bytes=24332 forwarded=1
1783001891.754427 publish topic=ipi/detector-output-to-ipi-run-1/latency/av-1/ack bytes=234 forwarded=1
1783001892.124379 publish topic=ipi/detector-output-to-ipi-run-1/latency/av-1/request bytes=24332 forwarded=1
1783001892.125086 publish topic=ipi/detector-output-to-ipi-run-1/latency/av-1/ack bytes=234 forwarded=1
1783001892.484873 publish topic=ipi/detector-output-to-ipi-run-1/latency/av-1/request bytes=24332 forwarded=1
1783001892.485532 publish topic=ipi/detector-output-to-ipi-run-1/latency/av-1/ack bytes=234 forwarded=1
1783001892.835679 publish topic=ipi/detector-output-to-ipi-run-1/latency/av-1/request bytes=24332 forwarded=1
1783001892.836357 publish topic=ipi/detector-output-to-ipi-run-1/latency/av-1/ack bytes=234 forwarded=1
1783001893.256131 publish topic=ipi/detector-output-to-ipi-run-1/latency/av-1/request bytes=24332 forwarded=1
1783001893.256823 publish topic=ipi/detector-output-to-ipi-run-1/latency/av-1/ack bytes=234 forwarded=1
1783001893.596999 publish topic=ipi/detector-output-to-ipi-run-1/latency/av-1/request bytes=24332 forwarded=1
1783001893.597667 publish topic=ipi/detector-output-to-ipi-run-1/latency/av-1/ack bytes=234 forwarded=1
1783001893.937507 publish topic=ipi/detector-output-to-ipi-run-1/latency/av-1/request bytes=24332 forwarded=1
1783001893.938190 publish topic=ipi/detector-output-to-ipi-run-1/latency/av-1/ack bytes=234 forwarded=1
1783001894.287895 publish topic=ipi/detector-output-to-ipi-run-1/latency/av-1/request bytes=24332 forwarded=1
1783001894.288570 publish topic=ipi/detector-output-to-ipi-run-1/latency/av-1/ack bytes=234 forwarded=1
1783001894.618636 publish topic=ipi/detector-output-to-ipi-run-1/latency/av-1/request bytes=24332 forwarded=1
1783001894.619415 publish topic=ipi/detector-output-to-ipi-run-1/latency/av-1/ack bytes=234 forwarded=1
1783001894.908968 publish topic=ipi/detector-output-to-ipi-run-1/latency/av-1/request bytes=24332 forwarded=1
1783001894.909660 publish topic=ipi/detector-output-to-ipi-run-1/latency/av-1/ack bytes=234 forwarded=1
1783001895.209155 publish topic=ipi/detector-output-to-ipi-run-1/latency/av-1/request bytes=24332 forwarded=1
1783001895.209819 publish topic=ipi/detector-output-to-ipi-run-1/latency/av-1/ack bytes=234 forwarded=1
1783001895.539759 publish topic=ipi/detector-output-to-ipi-run-1/latency/av-1/request bytes=24332 forwarded=1
1783001895.540440 publish topic=ipi/detector-output-to-ipi-run-1/latency/av-1/ack bytes=234 forwarded=1
1783001895.870517 publish topic=ipi/detector-output-to-ipi-run-1/latency/av-1/request bytes=24332 forwarded=1
1783001895.871207 publish topic=ipi/detector-output-to-ipi-run-1/latency/av-1/ack bytes=234 forwarded=1
1783001896.230990 publish topic=ipi/detector-output-to-ipi-run-1/latency/av-1/request bytes=24332 forwarded=1
1783001896.231700 publish topic=ipi/detector-output-to-ipi-run-1/latency/av-1/ack bytes=234 forwarded=1
1783001896.571712 publish topic=ipi/detector-output-to-ipi-run-1/latency/av-1/request bytes=24332 forwarded=1
1783001896.572397 publish topic=ipi/detector-output-to-ipi-run-1/latency/av-1/ack bytes=234 forwarded=1
1783001896.902127 publish topic=ipi/detector-output-to-ipi-run-1/latency/av-1/request bytes=24332 forwarded=1
1783001896.902823 publish topic=ipi/detector-output-to-ipi-run-1/latency/av-1/ack bytes=234 forwarded=1
1783001897.252768 publish topic=ipi/detector-output-to-ipi-run-1/latency/av-1/request bytes=24332 forwarded=1
1783001897.253456 publish topic=ipi/detector-output-to-ipi-run-1/latency/av-1/ack bytes=234 forwarded=1
1783001897.653184 publish topic=ipi/detector-output-to-ipi-run-1/latency/av-1/request bytes=24332 forwarded=1
1783001897.653939 publish topic=ipi/detector-output-to-ipi-run-1/latency/av-1/ack bytes=234 forwarded=1
1783001897.943897 publish topic=ipi/detector-output-to-ipi-run-1/latency/av-1/request bytes=24332 forwarded=1
1783001897.944589 publish topic=ipi/detector-output-to-ipi-run-1/latency/av-1/ack bytes=234 forwarded=1
1783001898.244437 publish topic=ipi/detector-output-to-ipi-run-1/latency/av-1/request bytes=24332 forwarded=1
1783001898.245149 publish topic=ipi/detector-output-to-ipi-run-1/latency/av-1/ack bytes=234 forwarded=1
1783001898.534688 publish topic=ipi/detector-output-to-ipi-run-1/latency/av-1/request bytes=24332 forwarded=1
1783001898.535375 publish topic=ipi/detector-output-to-ipi-run-1/latency/av-1/ack bytes=234 forwarded=1
1783001898.835294 publish topic=ipi/detector-output-to-ipi-run-1/latency/av-1/request bytes=24332 forwarded=1
1783001898.835986 publish topic=ipi/detector-output-to-ipi-run-1/latency/av-1/ack bytes=234 forwarded=1
1783001899.135557 publish topic=ipi/detector-output-to-ipi-run-1/latency/av-1/request bytes=24332 forwarded=1
1783001899.136255 publish topic=ipi/detector-output-to-ipi-run-1/latency/av-1/ack bytes=234 forwarded=1
1783001899.425828 publish topic=ipi/detector-output-to-ipi-run-1/latency/av-1/request bytes=24332 forwarded=1
1783001899.426518 publish topic=ipi/detector-output-to-ipi-run-1/latency/av-1/ack bytes=234 forwarded=1
1783001899.746185 publish topic=ipi/detector-output-to-ipi-run-1/latency/av-1/request bytes=24332 forwarded=1
1783001899.746933 publish topic=ipi/detector-output-to-ipi-run-1/latency/av-1/ack bytes=234 forwarded=1
1783001900.036744 publish topic=ipi/detector-output-to-ipi-run-1/latency/av-1/request bytes=24332 forwarded=1
1783001900.037418 publish topic=ipi/detector-output-to-ipi-run-1/latency/av-1/ack bytes=234 forwarded=1
1783001900.367184 publish topic=ipi/detector-output-to-ipi-run-1/latency/av-1/request bytes=24332 forwarded=1
1783001900.367853 publish topic=ipi/detector-output-to-ipi-run-1/latency/av-1/ack bytes=234 forwarded=1
1783001900.687658 publish topic=ipi/detector-output-to-ipi-run-1/latency/av-1/request bytes=24332 forwarded=1
1783001900.688375 publish topic=ipi/detector-output-to-ipi-run-1/latency/av-1/ack bytes=234 forwarded=1
1783001900.988193 publish topic=ipi/detector-output-to-ipi-run-1/latency/av-1/request bytes=24332 forwarded=1
1783001900.988870 publish topic=ipi/detector-output-to-ipi-run-1/latency/av-1/ack bytes=234 forwarded=1
1783001901.288580 publish topic=ipi/detector-output-to-ipi-run-1/latency/av-1/request bytes=24332 forwarded=1
1783001901.289319 publish topic=ipi/detector-output-to-ipi-run-1/latency/av-1/ack bytes=234 forwarded=1
1783001901.578832 publish topic=ipi/detector-output-to-ipi-run-1/latency/av-1/request bytes=24332 forwarded=1
1783001901.579519 publish topic=ipi/detector-output-to-ipi-run-1/latency/av-1/ack bytes=234 forwarded=1
1783001901.879418 publish topic=ipi/detector-output-to-ipi-run-1/latency/av-1/request bytes=24332 forwarded=1
1783001901.880128 publish topic=ipi/detector-output-to-ipi-run-1/latency/av-1/ack bytes=234 forwarded=1
1783001902.179803 publish topic=ipi/detector-output-to-ipi-run-1/latency/av-1/request bytes=24332 forwarded=1
1783001902.180498 publish topic=ipi/detector-output-to-ipi-run-1/latency/av-1/ack bytes=234 forwarded=1
1783001902.480093 publish topic=ipi/detector-output-to-ipi-run-1/latency/av-1/request bytes=24332 forwarded=1
1783001902.480829 publish topic=ipi/detector-output-to-ipi-run-1/latency/av-1/ack bytes=234 forwarded=1
1783001902.800445 publish topic=ipi/detector-output-to-ipi-run-1/latency/av-1/request bytes=24332 forwarded=1
1783001902.801158 publish topic=ipi/detector-output-to-ipi-run-1/latency/av-1/ack bytes=234 forwarded=1
1783001903.131093 publish topic=ipi/detector-output-to-ipi-run-1/latency/av-1/request bytes=24332 forwarded=1
1783001903.131798 publish topic=ipi/detector-output-to-ipi-run-1/latency/av-1/ack bytes=234 forwarded=1
1783001903.441601 publish topic=ipi/detector-output-to-ipi-run-1/latency/av-1/request bytes=24332 forwarded=1
1783001903.442298 publish topic=ipi/detector-output-to-ipi-run-1/latency/av-1/ack bytes=234 forwarded=1
1783001903.802118 publish topic=ipi/detector-output-to-ipi-run-1/latency/av-1/request bytes=24332 forwarded=1
1783001903.802816 publish topic=ipi/detector-output-to-ipi-run-1/latency/av-1/ack bytes=234 forwarded=1
1783001904.152640 publish topic=ipi/detector-output-to-ipi-run-1/latency/av-1/request bytes=24332 forwarded=1
1783001904.153375 publish topic=ipi/detector-output-to-ipi-run-1/latency/av-1/ack bytes=234 forwarded=1
1783001904.523331 publish topic=ipi/detector-output-to-ipi-run-1/latency/av-1/request bytes=24332 forwarded=1
1783001904.524029 publish topic=ipi/detector-output-to-ipi-run-1/latency/av-1/ack bytes=234 forwarded=1
1783001904.823624 publish topic=ipi/detector-output-to-ipi-run-1/latency/av-1/request bytes=24332 forwarded=1
1783001904.824326 publish topic=ipi/detector-output-to-ipi-run-1/latency/av-1/ack bytes=234 forwarded=1
1783001905.134186 publish topic=ipi/detector-output-to-ipi-run-1/latency/av-1/request bytes=24332 forwarded=1
1783001905.134882 publish topic=ipi/detector-output-to-ipi-run-1/latency/av-1/ack bytes=234 forwarded=1
1783001905.444732 publish topic=ipi/detector-output-to-ipi-run-1/latency/av-1/request bytes=24332 forwarded=1
1783001905.445408 publish topic=ipi/detector-output-to-ipi-run-1/latency/av-1/ack bytes=234 forwarded=1
1783001905.835264 publish topic=ipi/detector-output-to-ipi-run-1/latency/av-1/request bytes=24332 forwarded=1
1783001905.835963 publish topic=ipi/detector-output-to-ipi-run-1/latency/av-1/ack bytes=234 forwarded=1
1783001906.115749 publish topic=ipi/detector-output-to-ipi-run-1/latency/av-1/request bytes=24332 forwarded=1
1783001906.116441 publish topic=ipi/detector-output-to-ipi-run-1/latency/av-1/ack bytes=234 forwarded=1
1783001906.396140 publish topic=ipi/detector-output-to-ipi-run-1/latency/av-1/request bytes=24332 forwarded=1
1783001906.396874 publish topic=ipi/detector-output-to-ipi-run-1/latency/av-1/ack bytes=234 forwarded=1
1783001906.696645 publish topic=ipi/detector-output-to-ipi-run-1/latency/av-1/request bytes=24332 forwarded=1
1783001906.697408 publish topic=ipi/detector-output-to-ipi-run-1/latency/av-1/ack bytes=234 forwarded=1
1783001906.996914 publish topic=ipi/detector-output-to-ipi-run-1/latency/av-1/request bytes=24332 forwarded=1
1783001906.997637 publish topic=ipi/detector-output-to-ipi-run-1/latency/av-1/ack bytes=234 forwarded=1
1783001907.297162 publish topic=ipi/detector-output-to-ipi-run-1/latency/av-1/request bytes=24332 forwarded=1
1783001907.297898 publish topic=ipi/detector-output-to-ipi-run-1/latency/av-1/ack bytes=234 forwarded=1
1783001907.597805 publish topic=ipi/detector-output-to-ipi-run-1/latency/av-1/request bytes=24332 forwarded=1
1783001907.598494 publish topic=ipi/detector-output-to-ipi-run-1/latency/av-1/ack bytes=234 forwarded=1
1783001907.887904 publish topic=ipi/detector-output-to-ipi-run-1/latency/av-1/request bytes=24332 forwarded=1
1783001907.888633 publish topic=ipi/detector-output-to-ipi-run-1/latency/av-1/ack bytes=234 forwarded=1
1783001908.178363 publish topic=ipi/detector-output-to-ipi-run-1/latency/av-1/request bytes=24332 forwarded=1
1783001908.179080 publish topic=ipi/detector-output-to-ipi-run-1/latency/av-1/ack bytes=234 forwarded=1
1783001908.488983 publish topic=ipi/detector-output-to-ipi-run-1/latency/av-1/request bytes=24332 forwarded=1
1783001908.489704 publish topic=ipi/detector-output-to-ipi-run-1/latency/av-1/ack bytes=234 forwarded=1
1783001908.809126 publish topic=ipi/detector-output-to-ipi-run-1/latency/av-1/request bytes=24332 forwarded=1
1783001908.809844 publish topic=ipi/detector-output-to-ipi-run-1/latency/av-1/ack bytes=234 forwarded=1
1783001909.139484 publish topic=ipi/detector-output-to-ipi-run-1/latency/av-1/request bytes=24332 forwarded=1
1783001909.140216 publish topic=ipi/detector-output-to-ipi-run-1/latency/av-1/ack bytes=234 forwarded=1
1783001909.469987 publish topic=ipi/detector-output-to-ipi-run-1/latency/av-1/request bytes=24332 forwarded=1
1783001909.470751 publish topic=ipi/detector-output-to-ipi-run-1/latency/av-1/ack bytes=234 forwarded=1
1783001909.790739 publish topic=ipi/detector-output-to-ipi-run-1/latency/av-1/request bytes=24332 forwarded=1
1783001909.791432 publish topic=ipi/detector-output-to-ipi-run-1/latency/av-1/ack bytes=234 forwarded=1
1783001910.091159 publish topic=ipi/detector-output-to-ipi-run-1/latency/av-1/request bytes=24332 forwarded=1
1783001910.091836 publish topic=ipi/detector-output-to-ipi-run-1/latency/av-1/ack bytes=234 forwarded=1
1783001910.441531 publish topic=ipi/detector-output-to-ipi-run-1/latency/av-1/request bytes=24332 forwarded=1
1783001910.442206 publish topic=ipi/detector-output-to-ipi-run-1/latency/av-1/ack bytes=234 forwarded=1
1783001910.801991 publish topic=ipi/detector-output-to-ipi-run-1/latency/av-1/request bytes=24332 forwarded=1
1783001910.802686 publish topic=ipi/detector-output-to-ipi-run-1/latency/av-1/ack bytes=234 forwarded=1
1783001911.122821 publish topic=ipi/detector-output-to-ipi-run-1/latency/av-1/request bytes=24332 forwarded=1
1783001911.123505 publish topic=ipi/detector-output-to-ipi-run-1/latency/av-1/ack bytes=234 forwarded=1
1783001911.453209 publish topic=ipi/detector-output-to-ipi-run-1/latency/av-1/request bytes=24332 forwarded=1
1783001911.453940 publish topic=ipi/detector-output-to-ipi-run-1/latency/av-1/ack bytes=234 forwarded=1
1783001911.763722 publish topic=ipi/detector-output-to-ipi-run-1/latency/av-1/request bytes=24332 forwarded=1
1783001911.764447 publish topic=ipi/detector-output-to-ipi-run-1/latency/av-1/ack bytes=234 forwarded=1
1783001912.064323 publish topic=ipi/detector-output-to-ipi-run-1/latency/av-1/request bytes=24332 forwarded=1
1783001912.065063 publish topic=ipi/detector-output-to-ipi-run-1/latency/av-1/ack bytes=234 forwarded=1
1783001912.374614 publish topic=ipi/detector-output-to-ipi-run-1/latency/av-1/request bytes=24332 forwarded=1
1783001912.375301 publish topic=ipi/detector-output-to-ipi-run-1/latency/av-1/ack bytes=234 forwarded=1
1783001912.695021 publish topic=ipi/detector-output-to-ipi-run-1/latency/av-1/request bytes=24332 forwarded=1
1783001912.695711 publish topic=ipi/detector-output-to-ipi-run-1/latency/av-1/ack bytes=234 forwarded=1
1783001913.015672 publish topic=ipi/detector-output-to-ipi-run-1/latency/av-1/request bytes=24332 forwarded=1
1783001913.016395 publish topic=ipi/detector-output-to-ipi-run-1/latency/av-1/ack bytes=234 forwarded=1
1783001913.325889 publish topic=ipi/detector-output-to-ipi-run-1/latency/av-1/request bytes=24332 forwarded=1
1783001913.326578 publish topic=ipi/detector-output-to-ipi-run-1/latency/av-1/ack bytes=234 forwarded=1
1783001913.616323 publish topic=ipi/detector-output-to-ipi-run-1/latency/av-1/request bytes=24332 forwarded=1
1783001913.617059 publish topic=ipi/detector-output-to-ipi-run-1/latency/av-1/ack bytes=234 forwarded=1
1783001913.916574 publish topic=ipi/detector-output-to-ipi-run-1/latency/av-1/request bytes=24332 forwarded=1
1783001913.917273 publish topic=ipi/detector-output-to-ipi-run-1/latency/av-1/ack bytes=234 forwarded=1
1783001914.227079 publish topic=ipi/detector-output-to-ipi-run-1/latency/av-1/request bytes=24332 forwarded=1
1783001914.227757 publish topic=ipi/detector-output-to-ipi-run-1/latency/av-1/ack bytes=234 forwarded=1
1783001914.517695 publish topic=ipi/detector-output-to-ipi-run-1/latency/av-1/request bytes=24332 forwarded=1
1783001914.518373 publish topic=ipi/detector-output-to-ipi-run-1/latency/av-1/ack bytes=234 forwarded=1
1783001914.838011 publish topic=ipi/detector-output-to-ipi-run-1/latency/av-1/request bytes=24332 forwarded=1
1783001914.838696 publish topic=ipi/detector-output-to-ipi-run-1/latency/av-1/ack bytes=234 forwarded=1
1783001915.128066 publish topic=ipi/detector-output-to-ipi-run-1/latency/av-1/request bytes=24332 forwarded=1
1783001915.128776 publish topic=ipi/detector-output-to-ipi-run-1/latency/av-1/ack bytes=234 forwarded=1
1783001915.438514 publish topic=ipi/detector-output-to-ipi-run-1/latency/av-1/request bytes=24332 forwarded=1
1783001915.439252 publish topic=ipi/detector-output-to-ipi-run-1/latency/av-1/ack bytes=234 forwarded=1
1783001915.739078 publish topic=ipi/detector-output-to-ipi-run-1/latency/av-1/request bytes=24332 forwarded=1
1783001915.739757 publish topic=ipi/detector-output-to-ipi-run-1/latency/av-1/ack bytes=234 forwarded=1
1783001916.029528 publish topic=ipi/detector-output-to-ipi-run-1/latency/av-1/request bytes=24332 forwarded=1
1783001916.030213 publish topic=ipi/detector-output-to-ipi-run-1/latency/av-1/ack bytes=234 forwarded=1
1783001916.329520 publish topic=ipi/detector-output-to-ipi-run-1/latency/av-1/request bytes=24332 forwarded=1
1783001916.330207 publish topic=ipi/detector-output-to-ipi-run-1/latency/av-1/ack bytes=234 forwarded=1
1783001916.630080 publish topic=ipi/detector-output-to-ipi-run-1/latency/av-1/request bytes=24332 forwarded=1
1783001916.630811 publish topic=ipi/detector-output-to-ipi-run-1/latency/av-1/ack bytes=234 forwarded=1
1783001916.920560 publish topic=ipi/detector-output-to-ipi-run-1/latency/av-1/request bytes=24332 forwarded=1
1783001916.921306 publish topic=ipi/detector-output-to-ipi-run-1/latency/av-1/ack bytes=234 forwarded=1
1783001917.261143 publish topic=ipi/detector-output-to-ipi-run-1/latency/av-1/request bytes=24332 forwarded=1
1783001917.261863 publish topic=ipi/detector-output-to-ipi-run-1/latency/av-1/ack bytes=234 forwarded=1
1783001917.591417 publish topic=ipi/detector-output-to-ipi-run-1/latency/av-1/request bytes=24332 forwarded=1
1783001917.592160 publish topic=ipi/detector-output-to-ipi-run-1/latency/av-1/ack bytes=234 forwarded=1
1783001917.911909 publish topic=ipi/detector-output-to-ipi-run-1/latency/av-1/request bytes=24332 forwarded=1
1783001917.912609 publish topic=ipi/detector-output-to-ipi-run-1/latency/av-1/ack bytes=234 forwarded=1
1783001918.222511 publish topic=ipi/detector-output-to-ipi-run-1/latency/av-1/request bytes=24332 forwarded=1
1783001918.223198 publish topic=ipi/detector-output-to-ipi-run-1/latency/av-1/ack bytes=234 forwarded=1
1783001918.513127 publish topic=ipi/detector-output-to-ipi-run-1/latency/av-1/request bytes=24332 forwarded=1
1783001918.513817 publish topic=ipi/detector-output-to-ipi-run-1/latency/av-1/ack bytes=234 forwarded=1
1783001918.793372 publish topic=ipi/detector-output-to-ipi-run-1/latency/av-1/request bytes=24332 forwarded=1
1783001918.794063 publish topic=ipi/detector-output-to-ipi-run-1/latency/av-1/ack bytes=234 forwarded=1
1783001919.093504 publish topic=ipi/detector-output-to-ipi-run-1/latency/av-1/request bytes=24332 forwarded=1
1783001919.094181 publish topic=ipi/detector-output-to-ipi-run-1/latency/av-1/ack bytes=234 forwarded=1
1783001919.383858 publish topic=ipi/detector-output-to-ipi-run-1/latency/av-1/request bytes=24332 forwarded=1
1783001919.384552 publish topic=ipi/detector-output-to-ipi-run-1/latency/av-1/ack bytes=234 forwarded=1
1783001919.664323 publish topic=ipi/detector-output-to-ipi-run-1/latency/av-1/request bytes=24332 forwarded=1
1783001919.665079 publish topic=ipi/detector-output-to-ipi-run-1/latency/av-1/ack bytes=234 forwarded=1
1783001919.994549 publish topic=ipi/detector-output-to-ipi-run-1/latency/av-1/request bytes=24332 forwarded=1
1783001919.995257 publish topic=ipi/detector-output-to-ipi-run-1/latency/av-1/ack bytes=234 forwarded=1
1783001920.285089 publish topic=ipi/detector-output-to-ipi-run-1/latency/av-1/request bytes=24332 forwarded=1
1783001920.285759 publish topic=ipi/detector-output-to-ipi-run-1/latency/av-1/ack bytes=234 forwarded=1
1783001920.585308 publish topic=ipi/detector-output-to-ipi-run-1/latency/av-1/request bytes=24332 forwarded=1
1783001920.585974 publish topic=ipi/detector-output-to-ipi-run-1/latency/av-1/ack bytes=234 forwarded=1
1783001920.925837 publish topic=ipi/detector-output-to-ipi-run-1/latency/av-1/request bytes=24332 forwarded=1
1783001920.926520 publish topic=ipi/detector-output-to-ipi-run-1/latency/av-1/ack bytes=234 forwarded=1
1783001921.196303 publish topic=ipi/detector-output-to-ipi-run-1/latency/av-1/request bytes=24332 forwarded=1
1783001921.197026 publish topic=ipi/detector-output-to-ipi-run-1/latency/av-1/ack bytes=234 forwarded=1
1783001921.506153 publish topic=ipi/detector-output-to-ipi-run-1/latency/av-1/request bytes=24332 forwarded=1
1783001921.506399 publish topic=ipi/detector-output-to-ipi-run-1/latency/av-1/ack bytes=234 forwarded=1
1783001921.786991 publish topic=ipi/detector-output-to-ipi-run-1/latency/av-1/request bytes=24332 forwarded=1
1783001921.787670 publish topic=ipi/detector-output-to-ipi-run-1/latency/av-1/ack bytes=234 forwarded=1
1783001922.077227 publish topic=ipi/detector-output-to-ipi-run-1/latency/av-1/request bytes=24332 forwarded=1
1783001922.077908 publish topic=ipi/detector-output-to-ipi-run-1/latency/av-1/ack bytes=234 forwarded=1
1783001922.387602 publish topic=ipi/detector-output-to-ipi-run-1/latency/av-1/request bytes=24332 forwarded=1
1783001922.388293 publish topic=ipi/detector-output-to-ipi-run-1/latency/av-1/ack bytes=234 forwarded=1
1783001922.688103 publish topic=ipi/detector-output-to-ipi-run-1/latency/av-1/request bytes=24332 forwarded=1
1783001922.688802 publish topic=ipi/detector-output-to-ipi-run-1/latency/av-1/ack bytes=234 forwarded=1
1783001922.988245 publish topic=ipi/detector-output-to-ipi-run-1/latency/av-1/request bytes=24332 forwarded=1
1783001922.988916 publish topic=ipi/detector-output-to-ipi-run-1/latency/av-1/ack bytes=234 forwarded=1
1783001923.298645 publish topic=ipi/detector-output-to-ipi-run-1/latency/av-1/request bytes=24332 forwarded=1
1783001923.299335 publish topic=ipi/detector-output-to-ipi-run-1/latency/av-1/ack bytes=234 forwarded=1
1783001923.599222 publish topic=ipi/detector-output-to-ipi-run-1/latency/av-1/request bytes=24332 forwarded=1
1783001923.599910 publish topic=ipi/detector-output-to-ipi-run-1/latency/av-1/ack bytes=234 forwarded=1
1783001923.879536 publish topic=ipi/detector-output-to-ipi-run-1/latency/av-1/request bytes=24332 forwarded=1
1783001923.880208 publish topic=ipi/detector-output-to-ipi-run-1/latency/av-1/ack bytes=234 forwarded=1
1783001924.199896 publish topic=ipi/detector-output-to-ipi-run-1/latency/av-1/request bytes=24332 forwarded=1
1783001924.200569 publish topic=ipi/detector-output-to-ipi-run-1/latency/av-1/ack bytes=234 forwarded=1
1783001924.550519 publish topic=ipi/detector-output-to-ipi-run-1/latency/av-1/request bytes=24332 forwarded=1
1783001924.551203 publish topic=ipi/detector-output-to-ipi-run-1/latency/av-1/ack bytes=234 forwarded=1
1783001924.881099 publish topic=ipi/detector-output-to-ipi-run-1/latency/av-1/request bytes=24332 forwarded=1
1783001924.881811 publish topic=ipi/detector-output-to-ipi-run-1/latency/av-1/ack bytes=234 forwarded=1
1783001925.211462 publish topic=ipi/detector-output-to-ipi-run-1/latency/av-1/request bytes=24332 forwarded=1
1783001925.212155 publish topic=ipi/detector-output-to-ipi-run-1/latency/av-1/ack bytes=234 forwarded=1
1783001925.601980 publish topic=ipi/detector-output-to-ipi-run-1/latency/av-1/request bytes=24332 forwarded=1
1783001925.602668 publish topic=ipi/detector-output-to-ipi-run-1/latency/av-1/ack bytes=234 forwarded=1
1783001925.982567 publish topic=ipi/detector-output-to-ipi-run-1/latency/av-1/request bytes=24332 forwarded=1
1783001925.983246 publish topic=ipi/detector-output-to-ipi-run-1/latency/av-1/ack bytes=234 forwarded=1
1783001926.313100 publish topic=ipi/detector-output-to-ipi-run-1/latency/av-1/request bytes=24332 forwarded=1
1783001926.313796 publish topic=ipi/detector-output-to-ipi-run-1/latency/av-1/ack bytes=234 forwarded=1
1783001926.603645 publish topic=ipi/detector-output-to-ipi-run-1/latency/av-1/request bytes=24332 forwarded=1
1783001926.604324 publish topic=ipi/detector-output-to-ipi-run-1/latency/av-1/ack bytes=234 forwarded=1
1783001926.893897 publish topic=ipi/detector-output-to-ipi-run-1/latency/av-1/request bytes=24332 forwarded=1
1783001926.894576 publish topic=ipi/detector-output-to-ipi-run-1/latency/av-1/ack bytes=234 forwarded=1
1783001927.184407 publish topic=ipi/detector-output-to-ipi-run-1/latency/av-1/request bytes=24332 forwarded=1
1783001927.185112 publish topic=ipi/detector-output-to-ipi-run-1/latency/av-1/ack bytes=234 forwarded=1
1783001927.464563 publish topic=ipi/detector-output-to-ipi-run-1/latency/av-1/request bytes=24332 forwarded=1
1783001927.465277 publish topic=ipi/detector-output-to-ipi-run-1/latency/av-1/ack bytes=234 forwarded=1
1783001927.765074 publish topic=ipi/detector-output-to-ipi-run-1/latency/av-1/request bytes=24332 forwarded=1
1783001927.765757 publish topic=ipi/detector-output-to-ipi-run-1/latency/av-1/ack bytes=234 forwarded=1
1783001928.095389 publish topic=ipi/detector-output-to-ipi-run-1/latency/av-1/request bytes=24332 forwarded=1
1783001928.096074 publish topic=ipi/detector-output-to-ipi-run-1/latency/av-1/ack bytes=234 forwarded=1
1783001928.395600 publish topic=ipi/detector-output-to-ipi-run-1/latency/av-1/request bytes=24332 forwarded=1
1783001928.396288 publish topic=ipi/detector-output-to-ipi-run-1/latency/av-1/ack bytes=234 forwarded=1
1783001928.706158 publish topic=ipi/detector-output-to-ipi-run-1/latency/av-1/request bytes=24332 forwarded=1
1783001928.706838 publish topic=ipi/detector-output-to-ipi-run-1/latency/av-1/ack bytes=234 forwarded=1
1783001929.006553 publish topic=ipi/detector-output-to-ipi-run-1/latency/av-1/request bytes=24332 forwarded=1
1783001929.007221 publish topic=ipi/detector-output-to-ipi-run-1/latency/av-1/ack bytes=234 forwarded=1
1783001929.327003 publish topic=ipi/detector-output-to-ipi-run-1/latency/av-1/request bytes=24332 forwarded=1
1783001929.327658 publish topic=ipi/detector-output-to-ipi-run-1/latency/av-1/ack bytes=234 forwarded=1
1783001929.657224 publish topic=ipi/detector-output-to-ipi-run-1/latency/av-1/request bytes=24332 forwarded=1
1783001929.657878 publish topic=ipi/detector-output-to-ipi-run-1/latency/av-1/ack bytes=234 forwarded=1
1783001929.997743 publish topic=ipi/detector-output-to-ipi-run-1/latency/av-1/request bytes=24332 forwarded=1
1783001929.998390 publish topic=ipi/detector-output-to-ipi-run-1/latency/av-1/ack bytes=234 forwarded=1
1783001930.508394 publish topic=ipi/detector-output-to-ipi-run-1/latency/av-1/request bytes=24332 forwarded=1
1783001930.509100 publish topic=ipi/detector-output-to-ipi-run-1/latency/av-1/ack bytes=234 forwarded=1
1783001930.799257 publish topic=ipi/detector-output-to-ipi-run-1/latency/av-1/request bytes=24332 forwarded=1
1783001930.799947 publish topic=ipi/detector-output-to-ipi-run-1/latency/av-1/ack bytes=234 forwarded=1
1783001931.149642 publish topic=ipi/detector-output-to-ipi-run-1/latency/av-1/request bytes=24332 forwarded=1
1783001931.150306 publish topic=ipi/detector-output-to-ipi-run-1/latency/av-1/ack bytes=234 forwarded=1
1783001931.510599 publish topic=ipi/detector-output-to-ipi-run-1/latency/av-1/request bytes=24332 forwarded=1
1783001931.511262 publish topic=ipi/detector-output-to-ipi-run-1/latency/av-1/ack bytes=234 forwarded=1
1783001931.841274 publish topic=ipi/detector-output-to-ipi-run-1/latency/av-1/request bytes=24332 forwarded=1
1783001931.841946 publish topic=ipi/detector-output-to-ipi-run-1/latency/av-1/ack bytes=234 forwarded=1
1783001932.231731 publish topic=ipi/detector-output-to-ipi-run-1/latency/av-1/request bytes=24332 forwarded=1
1783001932.232408 publish topic=ipi/detector-output-to-ipi-run-1/latency/av-1/ack bytes=234 forwarded=1
1783001932.612658 publish topic=ipi/detector-output-to-ipi-run-1/latency/av-1/request bytes=24332 forwarded=1
1783001932.613368 publish topic=ipi/detector-output-to-ipi-run-1/latency/av-1/ack bytes=234 forwarded=1
1783001933.003406 publish topic=ipi/detector-output-to-ipi-run-1/latency/av-1/request bytes=24332 forwarded=1
1783001933.004079 publish topic=ipi/detector-output-to-ipi-run-1/latency/av-1/ack bytes=234 forwarded=1
1783001933.364266 publish topic=ipi/detector-output-to-ipi-run-1/latency/av-1/request bytes=24332 forwarded=1
1783001933.364984 publish topic=ipi/detector-output-to-ipi-run-1/latency/av-1/ack bytes=234 forwarded=1
1783001933.714981 publish topic=ipi/detector-output-to-ipi-run-1/latency/av-1/request bytes=24332 forwarded=1
1783001933.715665 publish topic=ipi/detector-output-to-ipi-run-1/latency/av-1/ack bytes=234 forwarded=1
1783001934.065610 publish topic=ipi/detector-output-to-ipi-run-1/latency/av-1/request bytes=24332 forwarded=1
1783001934.066290 publish topic=ipi/detector-output-to-ipi-run-1/latency/av-1/ack bytes=234 forwarded=1
1783001934.406206 publish topic=ipi/detector-output-to-ipi-run-1/latency/av-1/request bytes=24332 forwarded=1
1783001934.406890 publish topic=ipi/detector-output-to-ipi-run-1/latency/av-1/ack bytes=234 forwarded=1
1783001934.726910 publish topic=ipi/detector-output-to-ipi-run-1/latency/av-1/request bytes=24332 forwarded=1
1783001934.727650 publish topic=ipi/detector-output-to-ipi-run-1/latency/av-1/ack bytes=234 forwarded=1
1783001935.037177 publish topic=ipi/detector-output-to-ipi-run-1/latency/av-1/request bytes=24332 forwarded=1
1783001935.037903 publish topic=ipi/detector-output-to-ipi-run-1/latency/av-1/ack bytes=234 forwarded=1
1783001935.337713 publish topic=ipi/detector-output-to-ipi-run-1/latency/av-1/request bytes=24332 forwarded=1
1783001935.338432 publish topic=ipi/detector-output-to-ipi-run-1/latency/av-1/ack bytes=234 forwarded=1
1783001935.638303 publish topic=ipi/detector-output-to-ipi-run-1/latency/av-1/request bytes=24332 forwarded=1
1783001935.638995 publish topic=ipi/detector-output-to-ipi-run-1/latency/av-1/ack bytes=234 forwarded=1
1783001935.938799 publish topic=ipi/detector-output-to-ipi-run-1/latency/av-1/request bytes=24332 forwarded=1
1783001935.939489 publish topic=ipi/detector-output-to-ipi-run-1/latency/av-1/ack bytes=234 forwarded=1
1783001936.229146 publish topic=ipi/detector-output-to-ipi-run-1/latency/av-1/request bytes=24332 forwarded=1
1783001936.229841 publish topic=ipi/detector-output-to-ipi-run-1/latency/av-1/ack bytes=234 forwarded=1
1783001936.529641 publish topic=ipi/detector-output-to-ipi-run-1/latency/av-1/request bytes=24332 forwarded=1
1783001936.530343 publish topic=ipi/detector-output-to-ipi-run-1/latency/av-1/ack bytes=234 forwarded=1
1783001936.850359 publish topic=ipi/detector-output-to-ipi-run-1/latency/av-1/request bytes=24332 forwarded=1
1783001936.851078 publish topic=ipi/detector-output-to-ipi-run-1/latency/av-1/ack bytes=234 forwarded=1
1783001937.200732 publish topic=ipi/detector-output-to-ipi-run-1/latency/av-1/request bytes=24332 forwarded=1
1783001937.201421 publish topic=ipi/detector-output-to-ipi-run-1/latency/av-1/ack bytes=234 forwarded=1
1783001937.521356 publish topic=ipi/detector-output-to-ipi-run-1/latency/av-1/request bytes=24332 forwarded=1
1783001937.522042 publish topic=ipi/detector-output-to-ipi-run-1/latency/av-1/ack bytes=234 forwarded=1
1783001937.791732 publish topic=ipi/detector-output-to-ipi-run-1/latency/av-1/request bytes=24332 forwarded=1
1783001937.792409 publish topic=ipi/detector-output-to-ipi-run-1/latency/av-1/ack bytes=234 forwarded=1
1783001938.072115 publish topic=ipi/detector-output-to-ipi-run-1/latency/av-1/request bytes=24332 forwarded=1
1783001938.072838 publish topic=ipi/detector-output-to-ipi-run-1/latency/av-1/ack bytes=234 forwarded=1
1783001938.433168 publish topic=ipi/detector-output-to-ipi-run-1/latency/av-1/request bytes=24332 forwarded=1
1783001938.433841 publish topic=ipi/detector-output-to-ipi-run-1/latency/av-1/ack bytes=234 forwarded=1
1783001938.733585 publish topic=ipi/detector-output-to-ipi-run-1/latency/av-1/request bytes=24332 forwarded=1
1783001938.734268 publish topic=ipi/detector-output-to-ipi-run-1/latency/av-1/ack bytes=234 forwarded=1
1783001939.034184 publish topic=ipi/detector-output-to-ipi-run-1/latency/av-1/request bytes=24332 forwarded=1
1783001939.034866 publish topic=ipi/detector-output-to-ipi-run-1/latency/av-1/ack bytes=234 forwarded=1
1783001939.364492 publish topic=ipi/detector-output-to-ipi-run-1/latency/av-1/request bytes=24332 forwarded=1
1783001939.365189 publish topic=ipi/detector-output-to-ipi-run-1/latency/av-1/ack bytes=234 forwarded=1
1783001939.685143 publish topic=ipi/detector-output-to-ipi-run-1/latency/av-1/request bytes=24332 forwarded=1
1783001939.685838 publish topic=ipi/detector-output-to-ipi-run-1/latency/av-1/ack bytes=234 forwarded=1
1783001940.035793 publish topic=ipi/detector-output-to-ipi-run-1/latency/av-1/request bytes=24332 forwarded=1
1783001940.036475 publish topic=ipi/detector-output-to-ipi-run-1/latency/av-1/ack bytes=234 forwarded=1
1783001940.406590 publish topic=ipi/detector-output-to-ipi-run-1/latency/av-1/request bytes=24332 forwarded=1
1783001940.407275 publish topic=ipi/detector-output-to-ipi-run-1/latency/av-1/ack bytes=234 forwarded=1
1783001940.777290 publish topic=ipi/detector-output-to-ipi-run-1/latency/av-1/request bytes=24332 forwarded=1
1783001940.777962 publish topic=ipi/detector-output-to-ipi-run-1/latency/av-1/ack bytes=234 forwarded=1
1783001941.148145 publish topic=ipi/detector-output-to-ipi-run-1/latency/av-1/request bytes=24332 forwarded=1
1783001941.148860 publish topic=ipi/detector-output-to-ipi-run-1/latency/av-1/ack bytes=234 forwarded=1
1783001941.488714 publish topic=ipi/detector-output-to-ipi-run-1/latency/av-1/request bytes=24332 forwarded=1
1783001941.489427 publish topic=ipi/detector-output-to-ipi-run-1/latency/av-1/ack bytes=234 forwarded=1
1783001941.779299 publish topic=ipi/detector-output-to-ipi-run-1/latency/av-1/request bytes=24332 forwarded=1
1783001941.780017 publish topic=ipi/detector-output-to-ipi-run-1/latency/av-1/ack bytes=234 forwarded=1
1783001942.089706 publish topic=ipi/detector-output-to-ipi-run-1/latency/av-1/request bytes=24332 forwarded=1
1783001942.090423 publish topic=ipi/detector-output-to-ipi-run-1/latency/av-1/ack bytes=234 forwarded=1
1783001942.420148 publish topic=ipi/detector-output-to-ipi-run-1/latency/av-1/request bytes=24332 forwarded=1
1783001942.420872 publish topic=ipi/detector-output-to-ipi-run-1/latency/av-1/ack bytes=234 forwarded=1
1783001942.720713 publish topic=ipi/detector-output-to-ipi-run-1/latency/av-1/request bytes=24332 forwarded=1
1783001942.721474 publish topic=ipi/detector-output-to-ipi-run-1/latency/av-1/ack bytes=234 forwarded=1
1783001943.021181 publish topic=ipi/detector-output-to-ipi-run-1/latency/av-1/request bytes=24332 forwarded=1
1783001943.021923 publish topic=ipi/detector-output-to-ipi-run-1/latency/av-1/ack bytes=234 forwarded=1
1783001943.311586 publish topic=ipi/detector-output-to-ipi-run-1/latency/av-1/request bytes=24332 forwarded=1
1783001943.312269 publish topic=ipi/detector-output-to-ipi-run-1/latency/av-1/ack bytes=234 forwarded=1
1783001943.642004 publish topic=ipi/detector-output-to-ipi-run-1/latency/av-1/request bytes=24332 forwarded=1
1783001943.642692 publish topic=ipi/detector-output-to-ipi-run-1/latency/av-1/ack bytes=234 forwarded=1
1783001943.962493 publish topic=ipi/detector-output-to-ipi-run-1/latency/av-1/request bytes=24332 forwarded=1
1783001943.963230 publish topic=ipi/detector-output-to-ipi-run-1/latency/av-1/ack bytes=234 forwarded=1
1783001944.292926 publish topic=ipi/detector-output-to-ipi-run-1/latency/av-1/request bytes=24332 forwarded=1
1783001944.293657 publish topic=ipi/detector-output-to-ipi-run-1/latency/av-1/ack bytes=234 forwarded=1
1783001944.623433 publish topic=ipi/detector-output-to-ipi-run-1/latency/av-1/request bytes=24332 forwarded=1
1783001944.624152 publish topic=ipi/detector-output-to-ipi-run-1/latency/av-1/ack bytes=234 forwarded=1
1783001944.953752 publish topic=ipi/detector-output-to-ipi-run-1/latency/av-1/request bytes=24332 forwarded=1
1783001944.954412 publish topic=ipi/detector-output-to-ipi-run-1/latency/av-1/ack bytes=234 forwarded=1
1783001945.284357 publish topic=ipi/detector-output-to-ipi-run-1/latency/av-1/request bytes=24332 forwarded=1
1783001945.285113 publish topic=ipi/detector-output-to-ipi-run-1/latency/av-1/ack bytes=234 forwarded=1
1783001945.594892 publish topic=ipi/detector-output-to-ipi-run-1/latency/av-1/request bytes=24332 forwarded=1
1783001945.595577 publish topic=ipi/detector-output-to-ipi-run-1/latency/av-1/ack bytes=234 forwarded=1
1783001945.905405 publish topic=ipi/detector-output-to-ipi-run-1/latency/av-1/request bytes=24332 forwarded=1
1783001945.906084 publish topic=ipi/detector-output-to-ipi-run-1/latency/av-1/ack bytes=234 forwarded=1
1783001946.215839 publish topic=ipi/detector-output-to-ipi-run-1/latency/av-1/request bytes=24332 forwarded=1
1783001946.216496 publish topic=ipi/detector-output-to-ipi-run-1/latency/av-1/ack bytes=234 forwarded=1
1783001946.536052 publish topic=ipi/detector-output-to-ipi-run-1/latency/av-1/request bytes=24332 forwarded=1
1783001946.536748 publish topic=ipi/detector-output-to-ipi-run-1/latency/av-1/ack bytes=234 forwarded=1
1783001946.876909 publish topic=ipi/detector-output-to-ipi-run-1/latency/av-1/request bytes=24332 forwarded=1
1783001946.877566 publish topic=ipi/detector-output-to-ipi-run-1/latency/av-1/ack bytes=234 forwarded=1
1783001947.237429 publish topic=ipi/detector-output-to-ipi-run-1/latency/av-1/request bytes=24332 forwarded=1
1783001947.238122 publish topic=ipi/detector-output-to-ipi-run-1/latency/av-1/ack bytes=234 forwarded=1
1783001947.578323 publish topic=ipi/detector-output-to-ipi-run-1/latency/av-1/request bytes=24332 forwarded=1
1783001947.578969 publish topic=ipi/detector-output-to-ipi-run-1/latency/av-1/ack bytes=234 forwarded=1
1783001947.908882 publish topic=ipi/detector-output-to-ipi-run-1/latency/av-1/request bytes=24332 forwarded=1
1783001947.909543 publish topic=ipi/detector-output-to-ipi-run-1/latency/av-1/ack bytes=234 forwarded=1
1783001948.319595 publish topic=ipi/detector-output-to-ipi-run-1/latency/av-1/request bytes=24332 forwarded=1
1783001948.320280 publish topic=ipi/detector-output-to-ipi-run-1/latency/av-1/ack bytes=234 forwarded=1
1783001948.700399 publish topic=ipi/detector-output-to-ipi-run-1/latency/av-1/request bytes=24332 forwarded=1
1783001948.701107 publish topic=ipi/detector-output-to-ipi-run-1/latency/av-1/ack bytes=234 forwarded=1
1783001949.080968 publish topic=ipi/detector-output-to-ipi-run-1/latency/av-1/request bytes=24332 forwarded=1
1783001949.081694 publish topic=ipi/detector-output-to-ipi-run-1/latency/av-1/ack bytes=234 forwarded=1
1783001949.401618 publish topic=ipi/detector-output-to-ipi-run-1/latency/av-1/request bytes=24332 forwarded=1
1783001949.402334 publish topic=ipi/detector-output-to-ipi-run-1/latency/av-1/ack bytes=234 forwarded=1
1783001949.722244 publish topic=ipi/detector-output-to-ipi-run-1/latency/av-1/request bytes=24332 forwarded=1
1783001949.722972 publish topic=ipi/detector-output-to-ipi-run-1/latency/av-1/ack bytes=234 forwarded=1
1783001950.042527 publish topic=ipi/detector-output-to-ipi-run-1/latency/av-1/request bytes=24332 forwarded=1
1783001950.043246 publish topic=ipi/detector-output-to-ipi-run-1/latency/av-1/ack bytes=234 forwarded=1
1783001950.353150 publish topic=ipi/detector-output-to-ipi-run-1/latency/av-1/request bytes=24332 forwarded=1
1783001950.353870 publish topic=ipi/detector-output-to-ipi-run-1/latency/av-1/ack bytes=234 forwarded=1
1783001950.673722 publish topic=ipi/detector-output-to-ipi-run-1/latency/av-1/request bytes=24332 forwarded=1
1783001950.674450 publish topic=ipi/detector-output-to-ipi-run-1/latency/av-1/ack bytes=234 forwarded=1
1783001950.974183 publish topic=ipi/detector-output-to-ipi-run-1/latency/av-1/request bytes=24332 forwarded=1
1783001950.974845 publish topic=ipi/detector-output-to-ipi-run-1/latency/av-1/ack bytes=234 forwarded=1
1783001951.274747 publish topic=ipi/detector-output-to-ipi-run-1/latency/av-1/request bytes=24332 forwarded=1
1783001951.275431 publish topic=ipi/detector-output-to-ipi-run-1/latency/av-1/ack bytes=234 forwarded=1
1783001951.575354 publish topic=ipi/detector-output-to-ipi-run-1/latency/av-1/request bytes=24332 forwarded=1
1783001951.576044 publish topic=ipi/detector-output-to-ipi-run-1/latency/av-1/ack bytes=234 forwarded=1
1783001951.885760 publish topic=ipi/detector-output-to-ipi-run-1/latency/av-1/request bytes=24332 forwarded=1
1783001951.886451 publish topic=ipi/detector-output-to-ipi-run-1/latency/av-1/ack bytes=234 forwarded=1
1783001952.166138 publish topic=ipi/detector-output-to-ipi-run-1/latency/av-1/request bytes=24332 forwarded=1
1783001952.166911 publish topic=ipi/detector-output-to-ipi-run-1/latency/av-1/ack bytes=234 forwarded=1
1783001952.466686 publish topic=ipi/detector-output-to-ipi-run-1/latency/av-1/request bytes=24332 forwarded=1
1783001952.467358 publish topic=ipi/detector-output-to-ipi-run-1/latency/av-1/ack bytes=234 forwarded=1
1783001952.767243 publish topic=ipi/detector-output-to-ipi-run-1/latency/av-1/request bytes=24332 forwarded=1
1783001952.767945 publish topic=ipi/detector-output-to-ipi-run-1/latency/av-1/ack bytes=234 forwarded=1
1783001953.077569 publish topic=ipi/detector-output-to-ipi-run-1/latency/av-1/request bytes=24332 forwarded=1
1783001953.078264 publish topic=ipi/detector-output-to-ipi-run-1/latency/av-1/ack bytes=234 forwarded=1
1783001953.378012 publish topic=ipi/detector-output-to-ipi-run-1/latency/av-1/request bytes=24332 forwarded=1
1783001953.378698 publish topic=ipi/detector-output-to-ipi-run-1/latency/av-1/ack bytes=234 forwarded=1
1783001953.698716 publish topic=ipi/detector-output-to-ipi-run-1/latency/av-1/request bytes=24332 forwarded=1
1783001953.699418 publish topic=ipi/detector-output-to-ipi-run-1/latency/av-1/ack bytes=234 forwarded=1
1783001954.019264 publish topic=ipi/detector-output-to-ipi-run-1/latency/av-1/request bytes=24332 forwarded=1
1783001954.019953 publish topic=ipi/detector-output-to-ipi-run-1/latency/av-1/ack bytes=234 forwarded=1
1783001954.399989 publish topic=ipi/detector-output-to-ipi-run-1/latency/av-1/request bytes=24332 forwarded=1
1783001954.400708 publish topic=ipi/detector-output-to-ipi-run-1/latency/av-1/ack bytes=234 forwarded=1
1783001954.770561 publish topic=ipi/detector-output-to-ipi-run-1/latency/av-1/request bytes=24332 forwarded=1
1783001954.771298 publish topic=ipi/detector-output-to-ipi-run-1/latency/av-1/ack bytes=234 forwarded=1
1783001955.111299 publish topic=ipi/detector-output-to-ipi-run-1/latency/av-1/request bytes=24332 forwarded=1
1783001955.111960 publish topic=ipi/detector-output-to-ipi-run-1/latency/av-1/ack bytes=234 forwarded=1
1783001955.441748 publish topic=ipi/detector-output-to-ipi-run-1/latency/av-1/request bytes=24332 forwarded=1
1783001955.442466 publish topic=ipi/detector-output-to-ipi-run-1/latency/av-1/ack bytes=234 forwarded=1
1783001955.762480 publish topic=ipi/detector-output-to-ipi-run-1/latency/av-1/request bytes=24332 forwarded=1
1783001955.763175 publish topic=ipi/detector-output-to-ipi-run-1/latency/av-1/ack bytes=234 forwarded=1
1783001956.153151 publish topic=ipi/detector-output-to-ipi-run-1/latency/av-1/request bytes=24332 forwarded=1
1783001956.153813 publish topic=ipi/detector-output-to-ipi-run-1/latency/av-1/ack bytes=234 forwarded=1
1783001956.473826 publish topic=ipi/detector-output-to-ipi-run-1/latency/av-1/request bytes=24332 forwarded=1
1783001956.474491 publish topic=ipi/detector-output-to-ipi-run-1/latency/av-1/ack bytes=234 forwarded=1
1783001956.764451 publish topic=ipi/detector-output-to-ipi-run-1/latency/av-1/request bytes=24332 forwarded=1
1783001956.765146 publish topic=ipi/detector-output-to-ipi-run-1/latency/av-1/ack bytes=234 forwarded=1
1783001957.064730 publish topic=ipi/detector-output-to-ipi-run-1/latency/av-1/request bytes=24332 forwarded=1
1783001957.065400 publish topic=ipi/detector-output-to-ipi-run-1/latency/av-1/ack bytes=234 forwarded=1
1783001957.385425 publish topic=ipi/detector-output-to-ipi-run-1/latency/av-1/request bytes=24332 forwarded=1
1783001957.386088 publish topic=ipi/detector-output-to-ipi-run-1/latency/av-1/ack bytes=234 forwarded=1
1783001957.705950 publish topic=ipi/detector-output-to-ipi-run-1/latency/av-1/request bytes=24332 forwarded=1
1783001957.706610 publish topic=ipi/detector-output-to-ipi-run-1/latency/av-1/ack bytes=234 forwarded=1
1783001958.006380 publish topic=ipi/detector-output-to-ipi-run-1/latency/av-1/request bytes=24332 forwarded=1
1783001958.007036 publish topic=ipi/detector-output-to-ipi-run-1/latency/av-1/ack bytes=234 forwarded=1
1783001958.296631 publish topic=ipi/detector-output-to-ipi-run-1/latency/av-1/request bytes=24332 forwarded=1
1783001958.297336 publish topic=ipi/detector-output-to-ipi-run-1/latency/av-1/ack bytes=234 forwarded=1
1783001958.607255 publish topic=ipi/detector-output-to-ipi-run-1/latency/av-1/request bytes=24332 forwarded=1
1783001958.607920 publish topic=ipi/detector-output-to-ipi-run-1/latency/av-1/ack bytes=234 forwarded=1
1783001958.917691 publish topic=ipi/detector-output-to-ipi-run-1/latency/av-1/request bytes=24332 forwarded=1
1783001958.918348 publish topic=ipi/detector-output-to-ipi-run-1/latency/av-1/ack bytes=234 forwarded=1
1783001959.218342 publish topic=ipi/detector-output-to-ipi-run-1/latency/av-1/request bytes=24332 forwarded=1
1783001959.219010 publish topic=ipi/detector-output-to-ipi-run-1/latency/av-1/ack bytes=234 forwarded=1
1783001959.518516 publish topic=ipi/detector-output-to-ipi-run-1/latency/av-1/request bytes=24332 forwarded=1
1783001959.519178 publish topic=ipi/detector-output-to-ipi-run-1/latency/av-1/ack bytes=234 forwarded=1
1783001959.819197 publish topic=ipi/detector-output-to-ipi-run-1/latency/av-1/request bytes=24332 forwarded=1
1783001959.819860 publish topic=ipi/detector-output-to-ipi-run-1/latency/av-1/ack bytes=234 forwarded=1
1783001960.129523 publish topic=ipi/detector-output-to-ipi-run-1/latency/av-1/request bytes=24332 forwarded=1
1783001960.130198 publish topic=ipi/detector-output-to-ipi-run-1/latency/av-1/ack bytes=234 forwarded=1
1783001960.450356 publish topic=ipi/detector-output-to-ipi-run-1/latency/av-1/request bytes=24332 forwarded=1
1783001960.451019 publish topic=ipi/detector-output-to-ipi-run-1/latency/av-1/ack bytes=234 forwarded=1
1783001960.770820 publish topic=ipi/detector-output-to-ipi-run-1/latency/av-1/request bytes=24332 forwarded=1
1783001960.771503 publish topic=ipi/detector-output-to-ipi-run-1/latency/av-1/ack bytes=234 forwarded=1
1783001961.131371 publish topic=ipi/detector-output-to-ipi-run-1/latency/av-1/request bytes=24332 forwarded=1
1783001961.132035 publish topic=ipi/detector-output-to-ipi-run-1/latency/av-1/ack bytes=234 forwarded=1
1783001961.492072 publish topic=ipi/detector-output-to-ipi-run-1/latency/av-1/request bytes=24332 forwarded=1
1783001961.492810 publish topic=ipi/detector-output-to-ipi-run-1/latency/av-1/ack bytes=234 forwarded=1
1783001961.842615 publish topic=ipi/detector-output-to-ipi-run-1/latency/av-1/request bytes=24332 forwarded=1
1783001961.843286 publish topic=ipi/detector-output-to-ipi-run-1/latency/av-1/ack bytes=234 forwarded=1
1783001962.213065 publish topic=ipi/detector-output-to-ipi-run-1/latency/av-1/request bytes=24332 forwarded=1
1783001962.213753 publish topic=ipi/detector-output-to-ipi-run-1/latency/av-1/ack bytes=234 forwarded=1
1783001962.563904 publish topic=ipi/detector-output-to-ipi-run-1/latency/av-1/request bytes=24332 forwarded=1
1783001962.564565 publish topic=ipi/detector-output-to-ipi-run-1/latency/av-1/ack bytes=234 forwarded=1
1783001962.914285 publish topic=ipi/detector-output-to-ipi-run-1/latency/av-1/request bytes=24332 forwarded=1
1783001962.914953 publish topic=ipi/detector-output-to-ipi-run-1/latency/av-1/ack bytes=234 forwarded=1
1783001963.265085 publish topic=ipi/detector-output-to-ipi-run-1/latency/av-1/request bytes=24332 forwarded=1
1783001963.265768 publish topic=ipi/detector-output-to-ipi-run-1/latency/av-1/ack bytes=234 forwarded=1
1783001963.555805 publish topic=ipi/detector-output-to-ipi-run-1/latency/av-1/request bytes=24332 forwarded=1
1783001963.556465 publish topic=ipi/detector-output-to-ipi-run-1/latency/av-1/ack bytes=234 forwarded=1
1783001963.876143 publish topic=ipi/detector-output-to-ipi-run-1/latency/av-1/request bytes=24332 forwarded=1
1783001963.876859 publish topic=ipi/detector-output-to-ipi-run-1/latency/av-1/ack bytes=234 forwarded=1
1783001964.176655 publish topic=ipi/detector-output-to-ipi-run-1/latency/av-1/request bytes=24332 forwarded=1
1783001964.177344 publish topic=ipi/detector-output-to-ipi-run-1/latency/av-1/ack bytes=234 forwarded=1
1783001964.486967 publish topic=ipi/detector-output-to-ipi-run-1/latency/av-1/request bytes=24332 forwarded=1
1783001964.487628 publish topic=ipi/detector-output-to-ipi-run-1/latency/av-1/ack bytes=234 forwarded=1
1783001964.787499 publish topic=ipi/detector-output-to-ipi-run-1/latency/av-1/request bytes=24332 forwarded=1
1783001964.788167 publish topic=ipi/detector-output-to-ipi-run-1/latency/av-1/ack bytes=234 forwarded=1
1783001965.117719 publish topic=ipi/detector-output-to-ipi-run-1/latency/av-1/request bytes=24332 forwarded=1
1783001965.118372 publish topic=ipi/detector-output-to-ipi-run-1/latency/av-1/ack bytes=234 forwarded=1
1783001965.448214 publish topic=ipi/detector-output-to-ipi-run-1/latency/av-1/request bytes=24332 forwarded=1
1783001965.448908 publish topic=ipi/detector-output-to-ipi-run-1/latency/av-1/ack bytes=234 forwarded=1
1783001965.778891 publish topic=ipi/detector-output-to-ipi-run-1/latency/av-1/request bytes=24332 forwarded=1
1783001965.779553 publish topic=ipi/detector-output-to-ipi-run-1/latency/av-1/ack bytes=234 forwarded=1
1783001966.079341 publish topic=ipi/detector-output-to-ipi-run-1/latency/av-1/request bytes=24332 forwarded=1
1783001966.079996 publish topic=ipi/detector-output-to-ipi-run-1/latency/av-1/ack bytes=234 forwarded=1
1783001966.379849 publish topic=ipi/detector-output-to-ipi-run-1/latency/av-1/request bytes=24332 forwarded=1
1783001966.380506 publish topic=ipi/detector-output-to-ipi-run-1/latency/av-1/ack bytes=234 forwarded=1
1783001966.670097 publish topic=ipi/detector-output-to-ipi-run-1/latency/av-1/request bytes=24332 forwarded=1
1783001966.670828 publish topic=ipi/detector-output-to-ipi-run-1/latency/av-1/ack bytes=234 forwarded=1
1783001966.970690 publish topic=ipi/detector-output-to-ipi-run-1/latency/av-1/request bytes=24332 forwarded=1
1783001966.971358 publish topic=ipi/detector-output-to-ipi-run-1/latency/av-1/ack bytes=234 forwarded=1
1783001967.271121 publish topic=ipi/detector-output-to-ipi-run-1/latency/av-1/request bytes=24332 forwarded=1
1783001967.271777 publish topic=ipi/detector-output-to-ipi-run-1/latency/av-1/ack bytes=234 forwarded=1
1783001967.601492 publish topic=ipi/detector-output-to-ipi-run-1/latency/av-1/request bytes=24332 forwarded=1
1783001967.602157 publish topic=ipi/detector-output-to-ipi-run-1/latency/av-1/ack bytes=234 forwarded=1
1783001967.911965 publish topic=ipi/detector-output-to-ipi-run-1/latency/av-1/request bytes=24332 forwarded=1
1783001967.912632 publish topic=ipi/detector-output-to-ipi-run-1/latency/av-1/ack bytes=234 forwarded=1
1783001968.212721 publish topic=ipi/detector-output-to-ipi-run-1/latency/av-1/request bytes=24332 forwarded=1
1783001968.213368 publish topic=ipi/detector-output-to-ipi-run-1/latency/av-1/ack bytes=234 forwarded=1
1783001968.523139 publish topic=ipi/detector-output-to-ipi-run-1/latency/av-1/request bytes=24332 forwarded=1
1783001968.523803 publish topic=ipi/detector-output-to-ipi-run-1/latency/av-1/ack bytes=234 forwarded=1
1783001968.883682 publish topic=ipi/detector-output-to-ipi-run-1/latency/av-1/request bytes=24332 forwarded=1
1783001968.884338 publish topic=ipi/detector-output-to-ipi-run-1/latency/av-1/ack bytes=234 forwarded=1
1783001969.254327 publish topic=ipi/detector-output-to-ipi-run-1/latency/av-1/request bytes=24332 forwarded=1
1783001969.254996 publish topic=ipi/detector-output-to-ipi-run-1/latency/av-1/ack bytes=234 forwarded=1
1783001969.625138 publish topic=ipi/detector-output-to-ipi-run-1/latency/av-1/request bytes=24332 forwarded=1
1783001969.625796 publish topic=ipi/detector-output-to-ipi-run-1/latency/av-1/ack bytes=234 forwarded=1
1783001970.005679 publish topic=ipi/detector-output-to-ipi-run-1/latency/av-1/request bytes=24332 forwarded=1
1783001970.006344 publish topic=ipi/detector-output-to-ipi-run-1/latency/av-1/ack bytes=234 forwarded=1
1783001970.376484 publish topic=ipi/detector-output-to-ipi-run-1/latency/av-1/request bytes=24332 forwarded=1
1783001970.377159 publish topic=ipi/detector-output-to-ipi-run-1/latency/av-1/ack bytes=234 forwarded=1
1783001970.746827 publish topic=ipi/detector-output-to-ipi-run-1/latency/av-1/request bytes=24332 forwarded=1
1783001970.747474 publish topic=ipi/detector-output-to-ipi-run-1/latency/av-1/ack bytes=234 forwarded=1
1783001971.107650 publish topic=ipi/detector-output-to-ipi-run-1/latency/av-1/request bytes=24332 forwarded=1
1783001971.108310 publish topic=ipi/detector-output-to-ipi-run-1/latency/av-1/ack bytes=234 forwarded=1
1783001971.528248 publish topic=ipi/detector-output-to-ipi-run-1/latency/av-1/request bytes=24332 forwarded=1
1783001971.529005 publish topic=ipi/detector-output-to-ipi-run-1/latency/av-1/ack bytes=234 forwarded=1
1783001971.889178 publish topic=ipi/detector-output-to-ipi-run-1/latency/av-1/request bytes=24332 forwarded=1
1783001971.889865 publish topic=ipi/detector-output-to-ipi-run-1/latency/av-1/ack bytes=234 forwarded=1
1783001972.219754 publish topic=ipi/detector-output-to-ipi-run-1/latency/av-1/request bytes=24332 forwarded=1
1783001972.220421 publish topic=ipi/detector-output-to-ipi-run-1/latency/av-1/ack bytes=234 forwarded=1
1783001972.620479 publish topic=ipi/detector-output-to-ipi-run-1/latency/av-1/request bytes=24332 forwarded=1
1783001972.621159 publish topic=ipi/detector-output-to-ipi-run-1/latency/av-1/ack bytes=234 forwarded=1
1783001972.910943 publish topic=ipi/detector-output-to-ipi-run-1/latency/av-1/request bytes=24332 forwarded=1
1783001972.911615 publish topic=ipi/detector-output-to-ipi-run-1/latency/av-1/ack bytes=234 forwarded=1
1783001973.211397 publish topic=ipi/detector-output-to-ipi-run-1/latency/av-1/request bytes=24332 forwarded=1
1783001973.212053 publish topic=ipi/detector-output-to-ipi-run-1/latency/av-1/ack bytes=234 forwarded=1
1783001973.491776 publish topic=ipi/detector-output-to-ipi-run-1/latency/av-1/request bytes=24332 forwarded=1
1783001973.492427 publish topic=ipi/detector-output-to-ipi-run-1/latency/av-1/ack bytes=234 forwarded=1
1783001973.802222 publish topic=ipi/detector-output-to-ipi-run-1/latency/av-1/request bytes=24332 forwarded=1
1783001973.802901 publish topic=ipi/detector-output-to-ipi-run-1/latency/av-1/ack bytes=234 forwarded=1
1783001974.173045 publish topic=ipi/detector-output-to-ipi-run-1/latency/av-1/request bytes=24332 forwarded=1
1783001974.173701 publish topic=ipi/detector-output-to-ipi-run-1/latency/av-1/ack bytes=234 forwarded=1
1783001974.473359 publish topic=ipi/detector-output-to-ipi-run-1/latency/av-1/request bytes=24332 forwarded=1
1783001974.474041 publish topic=ipi/detector-output-to-ipi-run-1/latency/av-1/ack bytes=234 forwarded=1
1783001974.774015 publish topic=ipi/detector-output-to-ipi-run-1/latency/av-1/request bytes=24332 forwarded=1
1783001974.774690 publish topic=ipi/detector-output-to-ipi-run-1/latency/av-1/ack bytes=234 forwarded=1
1783001975.074517 publish topic=ipi/detector-output-to-ipi-run-1/latency/av-1/request bytes=24332 forwarded=1
1783001975.075155 publish topic=ipi/detector-output-to-ipi-run-1/latency/av-1/ack bytes=234 forwarded=1
1783001975.374946 publish topic=ipi/detector-output-to-ipi-run-1/latency/av-1/request bytes=24332 forwarded=1
1783001975.375666 publish topic=ipi/detector-output-to-ipi-run-1/latency/av-1/ack bytes=234 forwarded=1
1783001975.685531 publish topic=ipi/detector-output-to-ipi-run-1/latency/av-1/request bytes=24332 forwarded=1
1783001975.686193 publish topic=ipi/detector-output-to-ipi-run-1/latency/av-1/ack bytes=234 forwarded=1
1783001976.006058 publish topic=ipi/detector-output-to-ipi-run-1/latency/av-1/request bytes=24332 forwarded=1
1783001976.006726 publish topic=ipi/detector-output-to-ipi-run-1/latency/av-1/ack bytes=234 forwarded=1
1783001976.326469 publish topic=ipi/detector-output-to-ipi-run-1/latency/av-1/request bytes=24332 forwarded=1
1783001976.327141 publish topic=ipi/detector-output-to-ipi-run-1/latency/av-1/ack bytes=234 forwarded=1
1783001976.616729 publish topic=ipi/detector-output-to-ipi-run-1/latency/av-1/request bytes=24332 forwarded=1
1783001976.617412 publish topic=ipi/detector-output-to-ipi-run-1/latency/av-1/ack bytes=234 forwarded=1
1783001976.927228 publish topic=ipi/detector-output-to-ipi-run-1/latency/av-1/request bytes=24332 forwarded=1
1783001976.927898 publish topic=ipi/detector-output-to-ipi-run-1/latency/av-1/ack bytes=234 forwarded=1
1783001977.237665 publish topic=ipi/detector-output-to-ipi-run-1/latency/av-1/request bytes=24332 forwarded=1
1783001977.238339 publish topic=ipi/detector-output-to-ipi-run-1/latency/av-1/ack bytes=234 forwarded=1
1783001977.547953 publish topic=ipi/detector-output-to-ipi-run-1/latency/av-1/request bytes=24332 forwarded=1
1783001977.548711 publish topic=ipi/detector-output-to-ipi-run-1/latency/av-1/ack bytes=234 forwarded=1
1783001977.868506 publish topic=ipi/detector-output-to-ipi-run-1/latency/av-1/request bytes=24332 forwarded=1
1783001977.869220 publish topic=ipi/detector-output-to-ipi-run-1/latency/av-1/ack bytes=234 forwarded=1
1783001978.189170 publish topic=ipi/detector-output-to-ipi-run-1/latency/av-1/request bytes=24332 forwarded=1
1783001978.189878 publish topic=ipi/detector-output-to-ipi-run-1/latency/av-1/ack bytes=234 forwarded=1
1783001978.549681 publish topic=ipi/detector-output-to-ipi-run-1/latency/av-1/request bytes=24332 forwarded=1
1783001978.550362 publish topic=ipi/detector-output-to-ipi-run-1/latency/av-1/ack bytes=234 forwarded=1
1783001978.900401 publish topic=ipi/detector-output-to-ipi-run-1/latency/av-1/request bytes=24332 forwarded=1
1783001978.901073 publish topic=ipi/detector-output-to-ipi-run-1/latency/av-1/ack bytes=234 forwarded=1
1783001979.240818 publish topic=ipi/detector-output-to-ipi-run-1/latency/av-1/request bytes=24332 forwarded=1
1783001979.241494 publish topic=ipi/detector-output-to-ipi-run-1/latency/av-1/ack bytes=234 forwarded=1
1783001979.631308 publish topic=ipi/detector-output-to-ipi-run-1/latency/av-1/request bytes=24332 forwarded=1
1783001979.631956 publish topic=ipi/detector-output-to-ipi-run-1/latency/av-1/ack bytes=234 forwarded=1
1783001979.951774 publish topic=ipi/detector-output-to-ipi-run-1/latency/av-1/request bytes=24332 forwarded=1
1783001979.952450 publish topic=ipi/detector-output-to-ipi-run-1/latency/av-1/ack bytes=234 forwarded=1
1783001980.252016 publish topic=ipi/detector-output-to-ipi-run-1/latency/av-1/request bytes=24332 forwarded=1
1783001980.252726 publish topic=ipi/detector-output-to-ipi-run-1/latency/av-1/ack bytes=234 forwarded=1
1783001980.552361 publish topic=ipi/detector-output-to-ipi-run-1/latency/av-1/request bytes=24332 forwarded=1
1783001980.553013 publish topic=ipi/detector-output-to-ipi-run-1/latency/av-1/ack bytes=234 forwarded=1
1783001980.872848 publish topic=ipi/detector-output-to-ipi-run-1/latency/av-1/request bytes=24332 forwarded=1
1783001980.873493 publish topic=ipi/detector-output-to-ipi-run-1/latency/av-1/ack bytes=234 forwarded=1
1783001981.183064 publish topic=ipi/detector-output-to-ipi-run-1/latency/av-1/request bytes=24332 forwarded=1
1783001981.183732 publish topic=ipi/detector-output-to-ipi-run-1/latency/av-1/ack bytes=234 forwarded=1
1783001981.483561 publish topic=ipi/detector-output-to-ipi-run-1/latency/av-1/request bytes=24332 forwarded=1
1783001981.484198 publish topic=ipi/detector-output-to-ipi-run-1/latency/av-1/ack bytes=234 forwarded=1
1783001981.773848 publish topic=ipi/detector-output-to-ipi-run-1/latency/av-1/request bytes=24332 forwarded=1
1783001981.774505 publish topic=ipi/detector-output-to-ipi-run-1/latency/av-1/ack bytes=234 forwarded=1
1783001982.073982 publish topic=ipi/detector-output-to-ipi-run-1/latency/av-1/request bytes=24332 forwarded=1
1783001982.074702 publish topic=ipi/detector-output-to-ipi-run-1/latency/av-1/ack bytes=234 forwarded=1
1783001982.394536 publish topic=ipi/detector-output-to-ipi-run-1/latency/av-1/request bytes=24332 forwarded=1
1783001982.395243 publish topic=ipi/detector-output-to-ipi-run-1/latency/av-1/ack bytes=234 forwarded=1
1783001982.694739 publish topic=ipi/detector-output-to-ipi-run-1/latency/av-1/request bytes=24332 forwarded=1
1783001982.695429 publish topic=ipi/detector-output-to-ipi-run-1/latency/av-1/ack bytes=234 forwarded=1
1783001982.984941 publish topic=ipi/detector-output-to-ipi-run-1/latency/av-1/request bytes=24332 forwarded=1
1783001982.985662 publish topic=ipi/detector-output-to-ipi-run-1/latency/av-1/ack bytes=234 forwarded=1
1783001983.285248 publish topic=ipi/detector-output-to-ipi-run-1/latency/av-1/request bytes=24332 forwarded=1
1783001983.285960 publish topic=ipi/detector-output-to-ipi-run-1/latency/av-1/ack bytes=234 forwarded=1
1783001983.615623 publish topic=ipi/detector-output-to-ipi-run-1/latency/av-1/request bytes=24332 forwarded=1
1783001983.616341 publish topic=ipi/detector-output-to-ipi-run-1/latency/av-1/ack bytes=234 forwarded=1
1783001983.926069 publish topic=ipi/detector-output-to-ipi-run-1/latency/av-1/request bytes=24332 forwarded=1
1783001983.926760 publish topic=ipi/detector-output-to-ipi-run-1/latency/av-1/ack bytes=234 forwarded=1
1783001984.246258 publish topic=ipi/detector-output-to-ipi-run-1/latency/av-1/request bytes=24332 forwarded=1
1783001984.246951 publish topic=ipi/detector-output-to-ipi-run-1/latency/av-1/ack bytes=234 forwarded=1
1783001984.556706 publish topic=ipi/detector-output-to-ipi-run-1/latency/av-1/request bytes=24332 forwarded=1
1783001984.557436 publish topic=ipi/detector-output-to-ipi-run-1/latency/av-1/ack bytes=234 forwarded=1
1783001984.897176 publish topic=ipi/detector-output-to-ipi-run-1/latency/av-1/request bytes=24332 forwarded=1
1783001984.897856 publish topic=ipi/detector-output-to-ipi-run-1/latency/av-1/ack bytes=234 forwarded=1
1783001985.257431 publish topic=ipi/detector-output-to-ipi-run-1/latency/av-1/request bytes=24332 forwarded=1
1783001985.258126 publish topic=ipi/detector-output-to-ipi-run-1/latency/av-1/ack bytes=234 forwarded=1
1783001985.567944 publish topic=ipi/detector-output-to-ipi-run-1/latency/av-1/request bytes=24332 forwarded=1
1783001985.568750 publish topic=ipi/detector-output-to-ipi-run-1/latency/av-1/ack bytes=234 forwarded=1
1783001985.928185 publish topic=ipi/detector-output-to-ipi-run-1/latency/av-1/request bytes=24332 forwarded=1
1783001985.928919 publish topic=ipi/detector-output-to-ipi-run-1/latency/av-1/ack bytes=234 forwarded=1
1783001986.318911 publish topic=ipi/detector-output-to-ipi-run-1/latency/av-1/request bytes=24332 forwarded=1
1783001986.319649 publish topic=ipi/detector-output-to-ipi-run-1/latency/av-1/ack bytes=234 forwarded=1
1783001986.659313 publish topic=ipi/detector-output-to-ipi-run-1/latency/av-1/request bytes=24332 forwarded=1
1783001986.660041 publish topic=ipi/detector-output-to-ipi-run-1/latency/av-1/ack bytes=234 forwarded=1
1783001986.949580 publish topic=ipi/detector-output-to-ipi-run-1/latency/av-1/request bytes=24332 forwarded=1
1783001986.950301 publish topic=ipi/detector-output-to-ipi-run-1/latency/av-1/ack bytes=234 forwarded=1
1783001987.240109 publish topic=ipi/detector-output-to-ipi-run-1/latency/av-1/request bytes=24332 forwarded=1
1783001987.240847 publish topic=ipi/detector-output-to-ipi-run-1/latency/av-1/ack bytes=234 forwarded=1
1783001987.550520 publish topic=ipi/detector-output-to-ipi-run-1/latency/av-1/request bytes=24332 forwarded=1
1783001987.551222 publish topic=ipi/detector-output-to-ipi-run-1/latency/av-1/ack bytes=234 forwarded=1
1783001987.860939 publish topic=ipi/detector-output-to-ipi-run-1/latency/av-1/request bytes=24332 forwarded=1
1783001987.861598 publish topic=ipi/detector-output-to-ipi-run-1/latency/av-1/ack bytes=234 forwarded=1
1783001988.161125 publish topic=ipi/detector-output-to-ipi-run-1/latency/av-1/request bytes=24332 forwarded=1
1783001988.161777 publish topic=ipi/detector-output-to-ipi-run-1/latency/av-1/ack bytes=234 forwarded=1
1783001988.461292 publish topic=ipi/detector-output-to-ipi-run-1/latency/av-1/request bytes=24332 forwarded=1
1783001988.461987 publish topic=ipi/detector-output-to-ipi-run-1/latency/av-1/ack bytes=234 forwarded=1
1783001988.771825 publish topic=ipi/detector-output-to-ipi-run-1/latency/av-1/request bytes=24332 forwarded=1
1783001988.772490 publish topic=ipi/detector-output-to-ipi-run-1/latency/av-1/ack bytes=234 forwarded=1
1783001989.071861 publish topic=ipi/detector-output-to-ipi-run-1/latency/av-1/request bytes=24332 forwarded=1
1783001989.072510 publish topic=ipi/detector-output-to-ipi-run-1/latency/av-1/ack bytes=234 forwarded=1
1783001989.392382 publish topic=ipi/detector-output-to-ipi-run-1/latency/av-1/request bytes=24332 forwarded=1
1783001989.393100 publish topic=ipi/detector-output-to-ipi-run-1/latency/av-1/ack bytes=234 forwarded=1
1783001989.702730 publish topic=ipi/detector-output-to-ipi-run-1/latency/av-1/request bytes=24332 forwarded=1
1783001989.703362 publish topic=ipi/detector-output-to-ipi-run-1/latency/av-1/ack bytes=234 forwarded=1
1783001990.013191 publish topic=ipi/detector-output-to-ipi-run-1/latency/av-1/request bytes=24332 forwarded=1
1783001990.013830 publish topic=ipi/detector-output-to-ipi-run-1/latency/av-1/ack bytes=234 forwarded=1
1783001990.323519 publish topic=ipi/detector-output-to-ipi-run-1/latency/av-1/request bytes=24332 forwarded=1
1783001990.324225 publish topic=ipi/detector-output-to-ipi-run-1/latency/av-1/ack bytes=234 forwarded=1
1783001990.654268 publish topic=ipi/detector-output-to-ipi-run-1/latency/av-1/request bytes=24332 forwarded=1
1783001990.654991 publish topic=ipi/detector-output-to-ipi-run-1/latency/av-1/ack bytes=234 forwarded=1
1783001990.964610 publish topic=ipi/detector-output-to-ipi-run-1/latency/av-1/request bytes=24332 forwarded=1
1783001990.965327 publish topic=ipi/detector-output-to-ipi-run-1/latency/av-1/ack bytes=234 forwarded=1
1783001991.275102 publish topic=ipi/detector-output-to-ipi-run-1/latency/av-1/request bytes=24332 forwarded=1
1783001991.275786 publish topic=ipi/detector-output-to-ipi-run-1/latency/av-1/ack bytes=234 forwarded=1
1783001991.575556 publish topic=ipi/detector-output-to-ipi-run-1/latency/av-1/request bytes=24332 forwarded=1
1783001991.576233 publish topic=ipi/detector-output-to-ipi-run-1/latency/av-1/ack bytes=234 forwarded=1
1783001991.916181 publish topic=ipi/detector-output-to-ipi-run-1/latency/av-1/request bytes=24332 forwarded=1
1783001991.916914 publish topic=ipi/detector-output-to-ipi-run-1/latency/av-1/ack bytes=234 forwarded=1
1783001992.266568 publish topic=ipi/detector-output-to-ipi-run-1/latency/av-1/request bytes=24332 forwarded=1
1783001992.267293 publish topic=ipi/detector-output-to-ipi-run-1/latency/av-1/ack bytes=234 forwarded=1
1783001992.627200 publish topic=ipi/detector-output-to-ipi-run-1/latency/av-1/request bytes=24332 forwarded=1
1783001992.627936 publish topic=ipi/detector-output-to-ipi-run-1/latency/av-1/ack bytes=234 forwarded=1
1783001993.028015 publish topic=ipi/detector-output-to-ipi-run-1/latency/av-1/request bytes=24332 forwarded=1
1783001993.028765 publish topic=ipi/detector-output-to-ipi-run-1/latency/av-1/ack bytes=234 forwarded=1
1783001993.398675 publish topic=ipi/detector-output-to-ipi-run-1/latency/av-1/request bytes=24332 forwarded=1
1783001993.399382 publish topic=ipi/detector-output-to-ipi-run-1/latency/av-1/ack bytes=234 forwarded=1
1783001993.739225 publish topic=ipi/detector-output-to-ipi-run-1/latency/av-1/request bytes=24332 forwarded=1
1783001993.739906 publish topic=ipi/detector-output-to-ipi-run-1/latency/av-1/ack bytes=234 forwarded=1
1783001994.059784 publish topic=ipi/detector-output-to-ipi-run-1/latency/av-1/request bytes=24332 forwarded=1
1783001994.060441 publish topic=ipi/detector-output-to-ipi-run-1/latency/av-1/ack bytes=234 forwarded=1
1783001994.380251 publish topic=ipi/detector-output-to-ipi-run-1/latency/av-1/request bytes=24332 forwarded=1
1783001994.381002 publish topic=ipi/detector-output-to-ipi-run-1/latency/av-1/ack bytes=234 forwarded=1
1783001994.710639 publish topic=ipi/detector-output-to-ipi-run-1/latency/av-1/request bytes=24332 forwarded=1
1783001994.711369 publish topic=ipi/detector-output-to-ipi-run-1/latency/av-1/ack bytes=234 forwarded=1
1783001995.021089 publish topic=ipi/detector-output-to-ipi-run-1/latency/av-1/request bytes=24332 forwarded=1
1783001995.021792 publish topic=ipi/detector-output-to-ipi-run-1/latency/av-1/ack bytes=234 forwarded=1
1783001995.321553 publish topic=ipi/detector-output-to-ipi-run-1/latency/av-1/request bytes=24332 forwarded=1
1783001995.322262 publish topic=ipi/detector-output-to-ipi-run-1/latency/av-1/ack bytes=234 forwarded=1
1783001995.671787 publish topic=ipi/detector-output-to-ipi-run-1/latency/av-1/request bytes=24332 forwarded=1
1783001995.672462 publish topic=ipi/detector-output-to-ipi-run-1/latency/av-1/ack bytes=234 forwarded=1
1783001996.022398 publish topic=ipi/detector-output-to-ipi-run-1/latency/av-1/request bytes=24332 forwarded=1
1783001996.023064 publish topic=ipi/detector-output-to-ipi-run-1/latency/av-1/ack bytes=234 forwarded=1
1783001996.322737 publish topic=ipi/detector-output-to-ipi-run-1/latency/av-1/request bytes=24332 forwarded=1
1783001996.323457 publish topic=ipi/detector-output-to-ipi-run-1/latency/av-1/ack bytes=234 forwarded=1
1783001996.642926 publish topic=ipi/detector-output-to-ipi-run-1/latency/av-1/request bytes=24332 forwarded=1
1783001996.643644 publish topic=ipi/detector-output-to-ipi-run-1/latency/av-1/ack bytes=234 forwarded=1
1783001996.973365 publish topic=ipi/detector-output-to-ipi-run-1/latency/av-1/request bytes=24332 forwarded=1
1783001996.974088 publish topic=ipi/detector-output-to-ipi-run-1/latency/av-1/ack bytes=234 forwarded=1
1783001997.264020 publish topic=ipi/detector-output-to-ipi-run-1/latency/av-1/request bytes=24332 forwarded=1
1783001997.264788 publish topic=ipi/detector-output-to-ipi-run-1/latency/av-1/ack bytes=234 forwarded=1
1783001997.574300 publish topic=ipi/detector-output-to-ipi-run-1/latency/av-1/request bytes=24332 forwarded=1
1783001997.575038 publish topic=ipi/detector-output-to-ipi-run-1/latency/av-1/ack bytes=234 forwarded=1
1783001997.874413 publish topic=ipi/detector-output-to-ipi-run-1/latency/av-1/request bytes=24332 forwarded=1
1783001997.875121 publish topic=ipi/detector-output-to-ipi-run-1/latency/av-1/ack bytes=234 forwarded=1
1783001998.195139 publish topic=ipi/detector-output-to-ipi-run-1/latency/av-1/request bytes=24332 forwarded=1
1783001998.195862 publish topic=ipi/detector-output-to-ipi-run-1/latency/av-1/ack bytes=234 forwarded=1
1783001998.495443 publish topic=ipi/detector-output-to-ipi-run-1/latency/av-1/request bytes=24332 forwarded=1
1783001998.496158 publish topic=ipi/detector-output-to-ipi-run-1/latency/av-1/ack bytes=234 forwarded=1
1783001998.815715 publish topic=ipi/detector-output-to-ipi-run-1/latency/av-1/request bytes=24332 forwarded=1
1783001998.816426 publish topic=ipi/detector-output-to-ipi-run-1/latency/av-1/ack bytes=234 forwarded=1
1783001999.196421 publish topic=ipi/detector-output-to-ipi-run-1/latency/av-1/request bytes=24332 forwarded=1
1783001999.197174 publish topic=ipi/detector-output-to-ipi-run-1/latency/av-1/ack bytes=234 forwarded=1
1783001999.536976 publish topic=ipi/detector-output-to-ipi-run-1/latency/av-1/request bytes=24332 forwarded=1
1783001999.537634 publish topic=ipi/detector-output-to-ipi-run-1/latency/av-1/ack bytes=234 forwarded=1
1783001999.877358 publish topic=ipi/detector-output-to-ipi-run-1/latency/av-1/request bytes=24332 forwarded=1
1783001999.878042 publish topic=ipi/detector-output-to-ipi-run-1/latency/av-1/ack bytes=234 forwarded=1
1783002000.268226 publish topic=ipi/detector-output-to-ipi-run-1/latency/av-1/request bytes=24332 forwarded=1
1783002000.268913 publish topic=ipi/detector-output-to-ipi-run-1/latency/av-1/ack bytes=234 forwarded=1
1783002000.588486 publish topic=ipi/detector-output-to-ipi-run-1/latency/av-1/request bytes=24332 forwarded=1
1783002000.589170 publish topic=ipi/detector-output-to-ipi-run-1/latency/av-1/ack bytes=234 forwarded=1
1783002000.939093 publish topic=ipi/detector-output-to-ipi-run-1/latency/av-1/request bytes=24332 forwarded=1
1783002000.939797 publish topic=ipi/detector-output-to-ipi-run-1/latency/av-1/ack bytes=234 forwarded=1
1783002001.229616 publish topic=ipi/detector-output-to-ipi-run-1/latency/av-1/request bytes=24332 forwarded=1
1783002001.230324 publish topic=ipi/detector-output-to-ipi-run-1/latency/av-1/ack bytes=234 forwarded=1
1783002001.530004 publish topic=ipi/detector-output-to-ipi-run-1/latency/av-1/request bytes=24332 forwarded=1
1783002001.530685 publish topic=ipi/detector-output-to-ipi-run-1/latency/av-1/ack bytes=234 forwarded=1
1783002001.830370 publish topic=ipi/detector-output-to-ipi-run-1/latency/av-1/request bytes=24332 forwarded=1
1783002001.831033 publish topic=ipi/detector-output-to-ipi-run-1/latency/av-1/ack bytes=234 forwarded=1
1783002002.140804 publish topic=ipi/detector-output-to-ipi-run-1/latency/av-1/request bytes=24332 forwarded=1
1783002002.141466 publish topic=ipi/detector-output-to-ipi-run-1/latency/av-1/ack bytes=234 forwarded=1
1783002002.451241 publish topic=ipi/detector-output-to-ipi-run-1/latency/av-1/request bytes=24332 forwarded=1
1783002002.451924 publish topic=ipi/detector-output-to-ipi-run-1/latency/av-1/ack bytes=234 forwarded=1
1783002002.751705 publish topic=ipi/detector-output-to-ipi-run-1/latency/av-1/request bytes=24332 forwarded=1
1783002002.752398 publish topic=ipi/detector-output-to-ipi-run-1/latency/av-1/ack bytes=234 forwarded=1
1783002003.081937 publish topic=ipi/detector-output-to-ipi-run-1/latency/av-1/request bytes=24332 forwarded=1
1783002003.082620 publish topic=ipi/detector-output-to-ipi-run-1/latency/av-1/ack bytes=234 forwarded=1
1783002003.402506 publish topic=ipi/detector-output-to-ipi-run-1/latency/av-1/request bytes=24332 forwarded=1
1783002003.403191 publish topic=ipi/detector-output-to-ipi-run-1/latency/av-1/ack bytes=234 forwarded=1
1783002003.702684 publish topic=ipi/detector-output-to-ipi-run-1/latency/av-1/request bytes=24332 forwarded=1
1783002003.703370 publish topic=ipi/detector-output-to-ipi-run-1/latency/av-1/ack bytes=234 forwarded=1
1783002004.043300 publish topic=ipi/detector-output-to-ipi-run-1/latency/av-1/request bytes=24332 forwarded=1
1783002004.043973 publish topic=ipi/detector-output-to-ipi-run-1/latency/av-1/ack bytes=234 forwarded=1
1783002004.373849 publish topic=ipi/detector-output-to-ipi-run-1/latency/av-1/request bytes=24332 forwarded=1
1783002004.374533 publish topic=ipi/detector-output-to-ipi-run-1/latency/av-1/ack bytes=234 forwarded=1
1783002004.664120 publish topic=ipi/detector-output-to-ipi-run-1/latency/av-1/request bytes=24332 forwarded=1
1783002004.664828 publish topic=ipi/detector-output-to-ipi-run-1/latency/av-1/ack bytes=234 forwarded=1
1783002005.004748 publish topic=ipi/detector-output-to-ipi-run-1/latency/av-1/request bytes=24332 forwarded=1
1783002005.005425 publish topic=ipi/detector-output-to-ipi-run-1/latency/av-1/ack bytes=234 forwarded=1
1783002005.315178 publish topic=ipi/detector-output-to-ipi-run-1/latency/av-1/request bytes=24332 forwarded=1
1783002005.315863 publish topic=ipi/detector-output-to-ipi-run-1/latency/av-1/ack bytes=234 forwarded=1
1783002005.615401 publish topic=ipi/detector-output-to-ipi-run-1/latency/av-1/request bytes=24332 forwarded=1
1783002005.616112 publish topic=ipi/detector-output-to-ipi-run-1/latency/av-1/ack bytes=234 forwarded=1
1783002005.935801 publish topic=ipi/detector-output-to-ipi-run-1/latency/av-1/request bytes=24332 forwarded=1
1783002005.936485 publish topic=ipi/detector-output-to-ipi-run-1/latency/av-1/ack bytes=234 forwarded=1
1783002006.306568 publish topic=ipi/detector-output-to-ipi-run-1/latency/av-1/request bytes=24332 forwarded=1
1783002006.307257 publish topic=ipi/detector-output-to-ipi-run-1/latency/av-1/ack bytes=234 forwarded=1
1783002006.636887 publish topic=ipi/detector-output-to-ipi-run-1/latency/av-1/request bytes=24332 forwarded=1
1783002006.637563 publish topic=ipi/detector-output-to-ipi-run-1/latency/av-1/ack bytes=234 forwarded=1
1783002006.967274 publish topic=ipi/detector-output-to-ipi-run-1/latency/av-1/request bytes=24332 forwarded=1
1783002006.967926 publish topic=ipi/detector-output-to-ipi-run-1/latency/av-1/ack bytes=234 forwarded=1
1783002007.307915 publish topic=ipi/detector-output-to-ipi-run-1/latency/av-1/request bytes=24332 forwarded=1
1783002007.308621 publish topic=ipi/detector-output-to-ipi-run-1/latency/av-1/ack bytes=234 forwarded=1
1783002007.658314 publish topic=ipi/detector-output-to-ipi-run-1/latency/av-1/request bytes=24332 forwarded=1
1783002007.659040 publish topic=ipi/detector-output-to-ipi-run-1/latency/av-1/ack bytes=234 forwarded=1
1783002007.998988 publish topic=ipi/detector-output-to-ipi-run-1/latency/av-1/request bytes=24332 forwarded=1
1783002007.999670 publish topic=ipi/detector-output-to-ipi-run-1/latency/av-1/ack bytes=234 forwarded=1
1783002008.289485 publish topic=ipi/detector-output-to-ipi-run-1/latency/av-1/request bytes=24332 forwarded=1
1783002008.290135 publish topic=ipi/detector-output-to-ipi-run-1/latency/av-1/ack bytes=234 forwarded=1
1783002008.599872 publish topic=ipi/detector-output-to-ipi-run-1/latency/av-1/request bytes=24332 forwarded=1
1783002008.600535 publish topic=ipi/detector-output-to-ipi-run-1/latency/av-1/ack bytes=234 forwarded=1
1783002008.899988 publish topic=ipi/detector-output-to-ipi-run-1/latency/av-1/request bytes=24332 forwarded=1
1783002008.900649 publish topic=ipi/detector-output-to-ipi-run-1/latency/av-1/ack bytes=234 forwarded=1
1783002009.190423 publish topic=ipi/detector-output-to-ipi-run-1/latency/av-1/request bytes=24332 forwarded=1
1783002009.191145 publish topic=ipi/detector-output-to-ipi-run-1/latency/av-1/ack bytes=234 forwarded=1
1783002009.500921 publish topic=ipi/detector-output-to-ipi-run-1/latency/av-1/request bytes=24332 forwarded=1
1783002009.501634 publish topic=ipi/detector-output-to-ipi-run-1/latency/av-1/ack bytes=234 forwarded=1
1783002009.831037 publish topic=ipi/detector-output-to-ipi-run-1/latency/av-1/request bytes=24332 forwarded=1
1783002009.831745 publish topic=ipi/detector-output-to-ipi-run-1/latency/av-1/ack bytes=234 forwarded=1
1783002010.141710 publish topic=ipi/detector-output-to-ipi-run-1/latency/av-1/request bytes=24332 forwarded=1
1783002010.142430 publish topic=ipi/detector-output-to-ipi-run-1/latency/av-1/ack bytes=234 forwarded=1
1783002010.462016 publish topic=ipi/detector-output-to-ipi-run-1/latency/av-1/request bytes=24332 forwarded=1
1783002010.462724 publish topic=ipi/detector-output-to-ipi-run-1/latency/av-1/ack bytes=234 forwarded=1
1783002010.782403 publish topic=ipi/detector-output-to-ipi-run-1/latency/av-1/request bytes=24332 forwarded=1
1783002010.783121 publish topic=ipi/detector-output-to-ipi-run-1/latency/av-1/ack bytes=234 forwarded=1
1783002011.102833 publish topic=ipi/detector-output-to-ipi-run-1/latency/av-1/request bytes=24332 forwarded=1
1783002011.103550 publish topic=ipi/detector-output-to-ipi-run-1/latency/av-1/ack bytes=234 forwarded=1
1783002011.453174 publish topic=ipi/detector-output-to-ipi-run-1/latency/av-1/request bytes=24332 forwarded=1
1783002011.453893 publish topic=ipi/detector-output-to-ipi-run-1/latency/av-1/ack bytes=234 forwarded=1
1783002011.753590 publish topic=ipi/detector-output-to-ipi-run-1/latency/av-1/request bytes=24332 forwarded=1
1783002011.754295 publish topic=ipi/detector-output-to-ipi-run-1/latency/av-1/ack bytes=234 forwarded=1
1783002012.044421 publish topic=ipi/detector-output-to-ipi-run-1/latency/av-1/request bytes=24332 forwarded=1
1783002012.045148 publish topic=ipi/detector-output-to-ipi-run-1/latency/av-1/ack bytes=234 forwarded=1
1783002012.334822 publish topic=ipi/detector-output-to-ipi-run-1/latency/av-1/request bytes=24332 forwarded=1
1783002012.335607 publish topic=ipi/detector-output-to-ipi-run-1/latency/av-1/ack bytes=234 forwarded=1
1783002012.625401 publish topic=ipi/detector-output-to-ipi-run-1/latency/av-1/request bytes=24332 forwarded=1
1783002012.626114 publish topic=ipi/detector-output-to-ipi-run-1/latency/av-1/ack bytes=234 forwarded=1
1783002012.955683 publish topic=ipi/detector-output-to-ipi-run-1/latency/av-1/request bytes=24332 forwarded=1
1783002012.956403 publish topic=ipi/detector-output-to-ipi-run-1/latency/av-1/ack bytes=234 forwarded=1
1783002013.316450 publish topic=ipi/detector-output-to-ipi-run-1/latency/av-1/request bytes=24332 forwarded=1
1783002013.317174 publish topic=ipi/detector-output-to-ipi-run-1/latency/av-1/ack bytes=234 forwarded=1
1783002013.697000 publish topic=ipi/detector-output-to-ipi-run-1/latency/av-1/request bytes=24332 forwarded=1
1783002013.697713 publish topic=ipi/detector-output-to-ipi-run-1/latency/av-1/ack bytes=234 forwarded=1
1783002014.087591 publish topic=ipi/detector-output-to-ipi-run-1/latency/av-1/request bytes=24332 forwarded=1
1783002014.088208 publish topic=ipi/detector-output-to-ipi-run-1/latency/av-1/ack bytes=234 forwarded=1
1783002014.428185 publish topic=ipi/detector-output-to-ipi-run-1/latency/av-1/request bytes=24332 forwarded=1
1783002014.428906 publish topic=ipi/detector-output-to-ipi-run-1/latency/av-1/ack bytes=234 forwarded=1
1783002014.778707 publish topic=ipi/detector-output-to-ipi-run-1/latency/av-1/request bytes=24332 forwarded=1
1783002014.779441 publish topic=ipi/detector-output-to-ipi-run-1/latency/av-1/ack bytes=234 forwarded=1
1783002015.149763 publish topic=ipi/detector-output-to-ipi-run-1/latency/av-1/request bytes=24332 forwarded=1
1783002015.150441 publish topic=ipi/detector-output-to-ipi-run-1/latency/av-1/ack bytes=234 forwarded=1
1783002015.439896 publish topic=ipi/detector-output-to-ipi-run-1/latency/av-1/request bytes=24332 forwarded=1
1783002015.440582 publish topic=ipi/detector-output-to-ipi-run-1/latency/av-1/ack bytes=234 forwarded=1
1783002015.740409 publish topic=ipi/detector-output-to-ipi-run-1/latency/av-1/request bytes=24332 forwarded=1
1783002015.741115 publish topic=ipi/detector-output-to-ipi-run-1/latency/av-1/ack bytes=234 forwarded=1
1783002016.081031 publish topic=ipi/detector-output-to-ipi-run-1/latency/av-1/request bytes=24332 forwarded=1
1783002016.081686 publish topic=ipi/detector-output-to-ipi-run-1/latency/av-1/ack bytes=234 forwarded=1
1783002016.371578 publish topic=ipi/detector-output-to-ipi-run-1/latency/av-1/request bytes=24332 forwarded=1
1783002016.372256 publish topic=ipi/detector-output-to-ipi-run-1/latency/av-1/ack bytes=234 forwarded=1
1783002016.662024 publish topic=ipi/detector-output-to-ipi-run-1/latency/av-1/request bytes=24332 forwarded=1
1783002016.662680 publish topic=ipi/detector-output-to-ipi-run-1/latency/av-1/ack bytes=234 forwarded=1
1783002016.992348 publish topic=ipi/detector-output-to-ipi-run-1/latency/av-1/request bytes=24332 forwarded=1
1783002016.993075 publish topic=ipi/detector-output-to-ipi-run-1/latency/av-1/ack bytes=234 forwarded=1
1783002017.282918 publish topic=ipi/detector-output-to-ipi-run-1/latency/av-1/request bytes=24332 forwarded=1
1783002017.283576 publish topic=ipi/detector-output-to-ipi-run-1/latency/av-1/ack bytes=234 forwarded=1
1783002017.583149 publish topic=ipi/detector-output-to-ipi-run-1/latency/av-1/request bytes=24332 forwarded=1
1783002017.583803 publish topic=ipi/detector-output-to-ipi-run-1/latency/av-1/ack bytes=234 forwarded=1
1783002017.883623 publish topic=ipi/detector-output-to-ipi-run-1/latency/av-1/request bytes=24332 forwarded=1
1783002017.884299 publish topic=ipi/detector-output-to-ipi-run-1/latency/av-1/ack bytes=234 forwarded=1
1783002018.194150 publish topic=ipi/detector-output-to-ipi-run-1/latency/av-1/request bytes=24332 forwarded=1
1783002018.194815 publish topic=ipi/detector-output-to-ipi-run-1/latency/av-1/ack bytes=234 forwarded=1
1783002018.504583 publish topic=ipi/detector-output-to-ipi-run-1/latency/av-1/request bytes=24332 forwarded=1
1783002018.505317 publish topic=ipi/detector-output-to-ipi-run-1/latency/av-1/ack bytes=234 forwarded=1
1783002018.794905 publish topic=ipi/detector-output-to-ipi-run-1/latency/av-1/request bytes=24332 forwarded=1
1783002018.795660 publish topic=ipi/detector-output-to-ipi-run-1/latency/av-1/ack bytes=234 forwarded=1
1783002019.125410 publish topic=ipi/detector-output-to-ipi-run-1/latency/av-1/request bytes=24332 forwarded=1
1783002019.126055 publish topic=ipi/detector-output-to-ipi-run-1/latency/av-1/ack bytes=234 forwarded=1
1783002019.436032 publish topic=ipi/detector-output-to-ipi-run-1/latency/av-1/request bytes=24332 forwarded=1
1783002019.436715 publish topic=ipi/detector-output-to-ipi-run-1/latency/av-1/ack bytes=234 forwarded=1
1783002019.726415 publish topic=ipi/detector-output-to-ipi-run-1/latency/av-1/request bytes=24332 forwarded=1
1783002019.727048 publish topic=ipi/detector-output-to-ipi-run-1/latency/av-1/ack bytes=234 forwarded=1
1783002020.006744 publish topic=ipi/detector-output-to-ipi-run-1/latency/av-1/request bytes=24332 forwarded=1
1783002020.007398 publish topic=ipi/detector-output-to-ipi-run-1/latency/av-1/ack bytes=234 forwarded=1
1783002020.327245 publish topic=ipi/detector-output-to-ipi-run-1/latency/av-1/request bytes=24332 forwarded=1
1783002020.327980 publish topic=ipi/detector-output-to-ipi-run-1/latency/av-1/ack bytes=234 forwarded=1
1783002020.687942 publish topic=ipi/detector-output-to-ipi-run-1/latency/av-1/request bytes=24332 forwarded=1
1783002020.688661 publish topic=ipi/detector-output-to-ipi-run-1/latency/av-1/ack bytes=234 forwarded=1
1783002021.028535 publish topic=ipi/detector-output-to-ipi-run-1/latency/av-1/request bytes=24332 forwarded=1
1783002021.029238 publish topic=ipi/detector-output-to-ipi-run-1/latency/av-1/ack bytes=234 forwarded=1
1783002021.399030 publish topic=ipi/detector-output-to-ipi-run-1/latency/av-1/request bytes=24332 forwarded=1
1783002021.399712 publish topic=ipi/detector-output-to-ipi-run-1/latency/av-1/ack bytes=234 forwarded=1
1783002021.769781 publish topic=ipi/detector-output-to-ipi-run-1/latency/av-1/request bytes=24332 forwarded=1
1783002021.770463 publish topic=ipi/detector-output-to-ipi-run-1/latency/av-1/ack bytes=234 forwarded=1
1783002022.100497 publish topic=ipi/detector-output-to-ipi-run-1/latency/av-1/request bytes=24332 forwarded=1
1783002022.101186 publish topic=ipi/detector-output-to-ipi-run-1/latency/av-1/ack bytes=234 forwarded=1
1783002022.410976 publish topic=ipi/detector-output-to-ipi-run-1/latency/av-1/request bytes=24332 forwarded=1
1783002022.411656 publish topic=ipi/detector-output-to-ipi-run-1/latency/av-1/ack bytes=234 forwarded=1
1783002022.721145 publish topic=ipi/detector-output-to-ipi-run-1/latency/av-1/request bytes=24332 forwarded=1
1783002022.721377 publish topic=ipi/detector-output-to-ipi-run-1/latency/av-1/ack bytes=234 forwarded=1
1783002023.042105 publish topic=ipi/detector-output-to-ipi-run-1/latency/av-1/request bytes=24332 forwarded=1
1783002023.042790 publish topic=ipi/detector-output-to-ipi-run-1/latency/av-1/ack bytes=234 forwarded=1
1783002023.342520 publish topic=ipi/detector-output-to-ipi-run-1/latency/av-1/request bytes=24332 forwarded=1
1783002023.343205 publish topic=ipi/detector-output-to-ipi-run-1/latency/av-1/ack bytes=234 forwarded=1
1783002023.662908 publish topic=ipi/detector-output-to-ipi-run-1/latency/av-1/request bytes=24332 forwarded=1
1783002023.663594 publish topic=ipi/detector-output-to-ipi-run-1/latency/av-1/ack bytes=234 forwarded=1
1783002023.943489 publish topic=ipi/detector-output-to-ipi-run-1/latency/av-1/request bytes=24332 forwarded=1
1783002023.944174 publish topic=ipi/detector-output-to-ipi-run-1/latency/av-1/ack bytes=234 forwarded=1
1783002024.243816 publish topic=ipi/detector-output-to-ipi-run-1/latency/av-1/request bytes=24332 forwarded=1
1783002024.244486 publish topic=ipi/detector-output-to-ipi-run-1/latency/av-1/ack bytes=234 forwarded=1
1783002024.544398 publish topic=ipi/detector-output-to-ipi-run-1/latency/av-1/request bytes=24332 forwarded=1
1783002024.545116 publish topic=ipi/detector-output-to-ipi-run-1/latency/av-1/ack bytes=234 forwarded=1
1783002024.844758 publish topic=ipi/detector-output-to-ipi-run-1/latency/av-1/request bytes=24332 forwarded=1
1783002024.845426 publish topic=ipi/detector-output-to-ipi-run-1/latency/av-1/ack bytes=234 forwarded=1
1783002025.145123 publish topic=ipi/detector-output-to-ipi-run-1/latency/av-1/request bytes=24332 forwarded=1
1783002025.145813 publish topic=ipi/detector-output-to-ipi-run-1/latency/av-1/ack bytes=234 forwarded=1
1783002025.515850 publish topic=ipi/detector-output-to-ipi-run-1/latency/av-1/request bytes=24332 forwarded=1
1783002025.516537 publish topic=ipi/detector-output-to-ipi-run-1/latency/av-1/ack bytes=234 forwarded=1
1783002025.816112 publish topic=ipi/detector-output-to-ipi-run-1/latency/av-1/request bytes=24332 forwarded=1
1783002025.816828 publish topic=ipi/detector-output-to-ipi-run-1/latency/av-1/ack bytes=234 forwarded=1
1783002026.106650 publish topic=ipi/detector-output-to-ipi-run-1/latency/av-1/request bytes=24332 forwarded=1
1783002026.107340 publish topic=ipi/detector-output-to-ipi-run-1/latency/av-1/ack bytes=234 forwarded=1
1783002026.427045 publish topic=ipi/detector-output-to-ipi-run-1/latency/av-1/request bytes=24332 forwarded=1
1783002026.427757 publish topic=ipi/detector-output-to-ipi-run-1/latency/av-1/ack bytes=234 forwarded=1
1783002026.727429 publish topic=ipi/detector-output-to-ipi-run-1/latency/av-1/request bytes=24332 forwarded=1
1783002026.728076 publish topic=ipi/detector-output-to-ipi-run-1/latency/av-1/ack bytes=234 forwarded=1
1783002027.017939 publish topic=ipi/detector-output-to-ipi-run-1/latency/av-1/request bytes=24332 forwarded=1
1783002027.018582 publish topic=ipi/detector-output-to-ipi-run-1/latency/av-1/ack bytes=234 forwarded=1
1783002027.318400 publish topic=ipi/detector-output-to-ipi-run-1/latency/av-1/request bytes=24332 forwarded=1
1783002027.319057 publish topic=ipi/detector-output-to-ipi-run-1/latency/av-1/ack bytes=234 forwarded=1
1783002027.648923 publish topic=ipi/detector-output-to-ipi-run-1/latency/av-1/request bytes=24332 forwarded=1
1783002027.649568 publish topic=ipi/detector-output-to-ipi-run-1/latency/av-1/ack bytes=234 forwarded=1
1783002027.989298 publish topic=ipi/detector-output-to-ipi-run-1/latency/av-1/request bytes=24332 forwarded=1
1783002027.989984 publish topic=ipi/detector-output-to-ipi-run-1/latency/av-1/ack bytes=234 forwarded=1
1783002028.330013 publish topic=ipi/detector-output-to-ipi-run-1/latency/av-1/request bytes=24332 forwarded=1
1783002028.330684 publish topic=ipi/detector-output-to-ipi-run-1/latency/av-1/ack bytes=234 forwarded=1
1783002028.710717 publish topic=ipi/detector-output-to-ipi-run-1/latency/av-1/request bytes=24332 forwarded=1
1783002028.711403 publish topic=ipi/detector-output-to-ipi-run-1/latency/av-1/ack bytes=234 forwarded=1
1783002029.061268 publish topic=ipi/detector-output-to-ipi-run-1/latency/av-1/request bytes=24332 forwarded=1
1783002029.061930 publish topic=ipi/detector-output-to-ipi-run-1/latency/av-1/ack bytes=234 forwarded=1
1783002029.371897 publish topic=ipi/detector-output-to-ipi-run-1/latency/av-1/request bytes=24332 forwarded=1
1783002029.372552 publish topic=ipi/detector-output-to-ipi-run-1/latency/av-1/ack bytes=234 forwarded=1
1783002029.662277 publish topic=ipi/detector-output-to-ipi-run-1/latency/av-1/request bytes=24332 forwarded=1
1783002029.662936 publish topic=ipi/detector-output-to-ipi-run-1/latency/av-1/ack bytes=234 forwarded=1
1783002029.972781 publish topic=ipi/detector-output-to-ipi-run-1/latency/av-1/request bytes=24332 forwarded=1
1783002029.973453 publish topic=ipi/detector-output-to-ipi-run-1/latency/av-1/ack bytes=234 forwarded=1
1783002030.293149 publish topic=ipi/detector-output-to-ipi-run-1/latency/av-1/request bytes=24332 forwarded=1
1783002030.293850 publish topic=ipi/detector-output-to-ipi-run-1/latency/av-1/ack bytes=234 forwarded=1
1783002030.593723 publish topic=ipi/detector-output-to-ipi-run-1/latency/av-1/request bytes=24332 forwarded=1
1783002030.594419 publish topic=ipi/detector-output-to-ipi-run-1/latency/av-1/ack bytes=234 forwarded=1
1783002030.894024 publish topic=ipi/detector-output-to-ipi-run-1/latency/av-1/request bytes=24332 forwarded=1
1783002030.894724 publish topic=ipi/detector-output-to-ipi-run-1/latency/av-1/ack bytes=234 forwarded=1
1783002031.204393 publish topic=ipi/detector-output-to-ipi-run-1/latency/av-1/request bytes=24332 forwarded=1
1783002031.205096 publish topic=ipi/detector-output-to-ipi-run-1/latency/av-1/ack bytes=234 forwarded=1
1783002031.494902 publish topic=ipi/detector-output-to-ipi-run-1/latency/av-1/request bytes=24332 forwarded=1
1783002031.495627 publish topic=ipi/detector-output-to-ipi-run-1/latency/av-1/ack bytes=234 forwarded=1
1783002031.785173 publish topic=ipi/detector-output-to-ipi-run-1/latency/av-1/request bytes=24332 forwarded=1
1783002031.785909 publish topic=ipi/detector-output-to-ipi-run-1/latency/av-1/ack bytes=234 forwarded=1
1783002032.105667 publish topic=ipi/detector-output-to-ipi-run-1/latency/av-1/request bytes=24332 forwarded=1
1783002032.106416 publish topic=ipi/detector-output-to-ipi-run-1/latency/av-1/ack bytes=234 forwarded=1
1783002032.406088 publish topic=ipi/detector-output-to-ipi-run-1/latency/av-1/request bytes=24332 forwarded=1
1783002032.406816 publish topic=ipi/detector-output-to-ipi-run-1/latency/av-1/ack bytes=234 forwarded=1
1783002032.696404 publish topic=ipi/detector-output-to-ipi-run-1/latency/av-1/request bytes=24332 forwarded=1
1783002032.697120 publish topic=ipi/detector-output-to-ipi-run-1/latency/av-1/ack bytes=234 forwarded=1
1783002032.996878 publish topic=ipi/detector-output-to-ipi-run-1/latency/av-1/request bytes=24332 forwarded=1
1783002032.997571 publish topic=ipi/detector-output-to-ipi-run-1/latency/av-1/ack bytes=234 forwarded=1
1783002033.297257 publish topic=ipi/detector-output-to-ipi-run-1/latency/av-1/request bytes=24332 forwarded=1
1783002033.297955 publish topic=ipi/detector-output-to-ipi-run-1/latency/av-1/ack bytes=234 forwarded=1
1783002033.587593 publish topic=ipi/detector-output-to-ipi-run-1/latency/av-1/request bytes=24332 forwarded=1
1783002033.588282 publish topic=ipi/detector-output-to-ipi-run-1/latency/av-1/ack bytes=234 forwarded=1
1783002033.888135 publish topic=ipi/detector-output-to-ipi-run-1/latency/av-1/request bytes=24332 forwarded=1
1783002033.888866 publish topic=ipi/detector-output-to-ipi-run-1/latency/av-1/ack bytes=234 forwarded=1
1783002034.198467 publish topic=ipi/detector-output-to-ipi-run-1/latency/av-1/request bytes=24332 forwarded=1
1783002034.199197 publish topic=ipi/detector-output-to-ipi-run-1/latency/av-1/ack bytes=234 forwarded=1
1783002034.579157 publish topic=ipi/detector-output-to-ipi-run-1/latency/av-1/request bytes=24332 forwarded=1
1783002034.579867 publish topic=ipi/detector-output-to-ipi-run-1/latency/av-1/ack bytes=234 forwarded=1
1783002034.969889 publish topic=ipi/detector-output-to-ipi-run-1/latency/av-1/request bytes=24332 forwarded=1
1783002034.970577 publish topic=ipi/detector-output-to-ipi-run-1/latency/av-1/ack bytes=234 forwarded=1
1783002035.270523 publish topic=ipi/detector-output-to-ipi-run-1/latency/av-1/request bytes=24332 forwarded=1
1783002035.271197 publish topic=ipi/detector-output-to-ipi-run-1/latency/av-1/ack bytes=234 forwarded=1
1783002035.660993 publish topic=ipi/detector-output-to-ipi-run-1/latency/av-1/request bytes=24332 forwarded=1
1783002035.661717 publish topic=ipi/detector-output-to-ipi-run-1/latency/av-1/ack bytes=234 forwarded=1
1783002036.051602 publish topic=ipi/detector-output-to-ipi-run-1/latency/av-1/request bytes=24332 forwarded=1
1783002036.052284 publish topic=ipi/detector-output-to-ipi-run-1/latency/av-1/ack bytes=234 forwarded=1
1783002036.422394 publish topic=ipi/detector-output-to-ipi-run-1/latency/av-1/request bytes=24332 forwarded=1
1783002036.423076 publish topic=ipi/detector-output-to-ipi-run-1/latency/av-1/ack bytes=234 forwarded=1
1783002036.742673 publish topic=ipi/detector-output-to-ipi-run-1/latency/av-1/request bytes=24332 forwarded=1
1783002036.743355 publish topic=ipi/detector-output-to-ipi-run-1/latency/av-1/ack bytes=234 forwarded=1
1783002037.063053 publish topic=ipi/detector-output-to-ipi-run-1/latency/av-1/request bytes=24332 forwarded=1
1783002037.063753 publish topic=ipi/detector-output-to-ipi-run-1/latency/av-1/ack bytes=234 forwarded=1
1783002037.373754 publish topic=ipi/detector-output-to-ipi-run-1/latency/av-1/request bytes=24332 forwarded=1
1783002037.374458 publish topic=ipi/detector-output-to-ipi-run-1/latency/av-1/ack bytes=234 forwarded=1
1783002037.684180 publish topic=ipi/detector-output-to-ipi-run-1/latency/av-1/request bytes=24332 forwarded=1
1783002037.684896 publish topic=ipi/detector-output-to-ipi-run-1/latency/av-1/ack bytes=234 forwarded=1
1783002038.014663 publish topic=ipi/detector-output-to-ipi-run-1/latency/av-1/request bytes=24332 forwarded=1
1783002038.015312 publish topic=ipi/detector-output-to-ipi-run-1/latency/av-1/ack bytes=234 forwarded=1
1783002038.344941 publish topic=ipi/detector-output-to-ipi-run-1/latency/av-1/request bytes=24332 forwarded=1
1783002038.345595 publish topic=ipi/detector-output-to-ipi-run-1/latency/av-1/ack bytes=234 forwarded=1
1783002038.655447 publish topic=ipi/detector-output-to-ipi-run-1/latency/av-1/request bytes=24332 forwarded=1
1783002038.656124 publish topic=ipi/detector-output-to-ipi-run-1/latency/av-1/ack bytes=234 forwarded=1
1783002038.965788 publish topic=ipi/detector-output-to-ipi-run-1/latency/av-1/request bytes=24332 forwarded=1
1783002038.966462 publish topic=ipi/detector-output-to-ipi-run-1/latency/av-1/ack bytes=234 forwarded=1
1783002039.276428 publish topic=ipi/detector-output-to-ipi-run-1/latency/av-1/request bytes=24332 forwarded=1
1783002039.277116 publish topic=ipi/detector-output-to-ipi-run-1/latency/av-1/ack bytes=234 forwarded=1
1783002039.566741 publish topic=ipi/detector-output-to-ipi-run-1/latency/av-1/request bytes=24332 forwarded=1
1783002039.567392 publish topic=ipi/detector-output-to-ipi-run-1/latency/av-1/ack bytes=234 forwarded=1
1783002039.847024 publish topic=ipi/detector-output-to-ipi-run-1/latency/av-1/request bytes=24332 forwarded=1
1783002039.847708 publish topic=ipi/detector-output-to-ipi-run-1/latency/av-1/ack bytes=234 forwarded=1
1783002040.137505 publish topic=ipi/detector-output-to-ipi-run-1/latency/av-1/request bytes=24332 forwarded=1
1783002040.138194 publish topic=ipi/detector-output-to-ipi-run-1/latency/av-1/ack bytes=234 forwarded=1
1783002040.438063 publish topic=ipi/detector-output-to-ipi-run-1/latency/av-1/request bytes=24332 forwarded=1
1783002040.438718 publish topic=ipi/detector-output-to-ipi-run-1/latency/av-1/ack bytes=234 forwarded=1
1783002040.768434 publish topic=ipi/detector-output-to-ipi-run-1/latency/av-1/request bytes=24332 forwarded=1
1783002040.769166 publish topic=ipi/detector-output-to-ipi-run-1/latency/av-1/ack bytes=234 forwarded=1
1783002041.108992 publish topic=ipi/detector-output-to-ipi-run-1/latency/av-1/request bytes=24332 forwarded=1
1783002041.109688 publish topic=ipi/detector-output-to-ipi-run-1/latency/av-1/ack bytes=234 forwarded=1
1783002041.409126 publish topic=ipi/detector-output-to-ipi-run-1/latency/av-1/request bytes=24332 forwarded=1
1783002041.409810 publish topic=ipi/detector-output-to-ipi-run-1/latency/av-1/ack bytes=234 forwarded=1
1783002041.709894 publish topic=ipi/detector-output-to-ipi-run-1/latency/av-1/request bytes=24332 forwarded=1
1783002041.710615 publish topic=ipi/detector-output-to-ipi-run-1/latency/av-1/ack bytes=234 forwarded=1
1783002042.100524 publish topic=ipi/detector-output-to-ipi-run-1/latency/av-1/request bytes=24332 forwarded=1
1783002042.101237 publish topic=ipi/detector-output-to-ipi-run-1/latency/av-1/ack bytes=234 forwarded=1
1783002042.481085 publish topic=ipi/detector-output-to-ipi-run-1/latency/av-1/request bytes=24332 forwarded=1
1783002042.481772 publish topic=ipi/detector-output-to-ipi-run-1/latency/av-1/ack bytes=234 forwarded=1
1783002042.871861 publish topic=ipi/detector-output-to-ipi-run-1/latency/av-1/request bytes=24332 forwarded=1
1783002042.872512 publish topic=ipi/detector-output-to-ipi-run-1/latency/av-1/ack bytes=234 forwarded=1
1783002043.252339 publish topic=ipi/detector-output-to-ipi-run-1/latency/av-1/request bytes=24332 forwarded=1
1783002043.253014 publish topic=ipi/detector-output-to-ipi-run-1/latency/av-1/ack bytes=234 forwarded=1
1783002043.622997 publish topic=ipi/detector-output-to-ipi-run-1/latency/av-1/request bytes=24332 forwarded=1
1783002043.623632 publish topic=ipi/detector-output-to-ipi-run-1/latency/av-1/ack bytes=234 forwarded=1
1783002043.933590 publish topic=ipi/detector-output-to-ipi-run-1/latency/av-1/request bytes=24332 forwarded=1
1783002043.934236 publish topic=ipi/detector-output-to-ipi-run-1/latency/av-1/ack bytes=234 forwarded=1
1783002044.284424 publish topic=ipi/detector-output-to-ipi-run-1/latency/av-1/request bytes=24332 forwarded=1
1783002044.285106 publish topic=ipi/detector-output-to-ipi-run-1/latency/av-1/ack bytes=234 forwarded=1
1783002044.614892 publish topic=ipi/detector-output-to-ipi-run-1/latency/av-1/request bytes=24332 forwarded=1
1783002044.615560 publish topic=ipi/detector-output-to-ipi-run-1/latency/av-1/ack bytes=234 forwarded=1
1783002044.945182 publish topic=ipi/detector-output-to-ipi-run-1/latency/av-1/request bytes=24332 forwarded=1
1783002044.945817 publish topic=ipi/detector-output-to-ipi-run-1/latency/av-1/ack bytes=234 forwarded=1
1783002045.285742 publish topic=ipi/detector-output-to-ipi-run-1/latency/av-1/request bytes=24332 forwarded=1
1783002045.286382 publish topic=ipi/detector-output-to-ipi-run-1/latency/av-1/ack bytes=234 forwarded=1
1783002045.616229 publish topic=ipi/detector-output-to-ipi-run-1/latency/av-1/request bytes=24332 forwarded=1
1783002045.616904 publish topic=ipi/detector-output-to-ipi-run-1/latency/av-1/ack bytes=234 forwarded=1
1783002045.906740 publish topic=ipi/detector-output-to-ipi-run-1/latency/av-1/request bytes=24332 forwarded=1
1783002045.907459 publish topic=ipi/detector-output-to-ipi-run-1/latency/av-1/ack bytes=234 forwarded=1
1783002046.207018 publish topic=ipi/detector-output-to-ipi-run-1/latency/av-1/request bytes=24332 forwarded=1
1783002046.207675 publish topic=ipi/detector-output-to-ipi-run-1/latency/av-1/ack bytes=234 forwarded=1
1783002046.507406 publish topic=ipi/detector-output-to-ipi-run-1/latency/av-1/request bytes=24332 forwarded=1
1783002046.508141 publish topic=ipi/detector-output-to-ipi-run-1/latency/av-1/ack bytes=234 forwarded=1
1783002046.797868 publish topic=ipi/detector-output-to-ipi-run-1/latency/av-1/request bytes=24332 forwarded=1
1783002046.798553 publish topic=ipi/detector-output-to-ipi-run-1/latency/av-1/ack bytes=234 forwarded=1
1783002047.088263 publish topic=ipi/detector-output-to-ipi-run-1/latency/av-1/request bytes=24332 forwarded=1
1783002047.088917 publish topic=ipi/detector-output-to-ipi-run-1/latency/av-1/ack bytes=234 forwarded=1
1783002047.408602 publish topic=ipi/detector-output-to-ipi-run-1/latency/av-1/request bytes=24332 forwarded=1
1783002047.409323 publish topic=ipi/detector-output-to-ipi-run-1/latency/av-1/ack bytes=234 forwarded=1
1783002047.759145 publish topic=ipi/detector-output-to-ipi-run-1/latency/av-1/request bytes=24332 forwarded=1
1783002047.759835 publish topic=ipi/detector-output-to-ipi-run-1/latency/av-1/ack bytes=234 forwarded=1
1783002048.120013 publish topic=ipi/detector-output-to-ipi-run-1/latency/av-1/request bytes=24332 forwarded=1
1783002048.120704 publish topic=ipi/detector-output-to-ipi-run-1/latency/av-1/ack bytes=234 forwarded=1
1783002048.420414 publish topic=ipi/detector-output-to-ipi-run-1/latency/av-1/request bytes=24332 forwarded=1
1783002048.421134 publish topic=ipi/detector-output-to-ipi-run-1/latency/av-1/ack bytes=234 forwarded=1
1783002048.720890 publish topic=ipi/detector-output-to-ipi-run-1/latency/av-1/request bytes=24332 forwarded=1
1783002048.721539 publish topic=ipi/detector-output-to-ipi-run-1/latency/av-1/ack bytes=234 forwarded=1
1783002049.071371 publish topic=ipi/detector-output-to-ipi-run-1/latency/av-1/request bytes=24332 forwarded=1
1783002049.072108 publish topic=ipi/detector-output-to-ipi-run-1/latency/av-1/ack bytes=234 forwarded=1
1783002049.431895 publish topic=ipi/detector-output-to-ipi-run-1/latency/av-1/request bytes=24332 forwarded=1
1783002049.432590 publish topic=ipi/detector-output-to-ipi-run-1/latency/av-1/ack bytes=234 forwarded=1
1783002049.762392 publish topic=ipi/detector-output-to-ipi-run-1/latency/av-1/request bytes=24332 forwarded=1
1783002049.763063 publish topic=ipi/detector-output-to-ipi-run-1/latency/av-1/ack bytes=234 forwarded=1
1783002050.093111 publish topic=ipi/detector-output-to-ipi-run-1/latency/av-1/request bytes=24332 forwarded=1
1783002050.093759 publish topic=ipi/detector-output-to-ipi-run-1/latency/av-1/ack bytes=234 forwarded=1
1783002050.443772 publish topic=ipi/detector-output-to-ipi-run-1/latency/av-1/request bytes=24332 forwarded=1
1783002050.444422 publish topic=ipi/detector-output-to-ipi-run-1/latency/av-1/ack bytes=234 forwarded=1
1783002050.744148 publish topic=ipi/detector-output-to-ipi-run-1/latency/av-1/request bytes=24332 forwarded=1
1783002050.744823 publish topic=ipi/detector-output-to-ipi-run-1/latency/av-1/ack bytes=234 forwarded=1
1783002051.034624 publish topic=ipi/detector-output-to-ipi-run-1/latency/av-1/request bytes=24332 forwarded=1
1783002051.035284 publish topic=ipi/detector-output-to-ipi-run-1/latency/av-1/ack bytes=234 forwarded=1
1783002051.335039 publish topic=ipi/detector-output-to-ipi-run-1/latency/av-1/request bytes=24332 forwarded=1
1783002051.335687 publish topic=ipi/detector-output-to-ipi-run-1/latency/av-1/ack bytes=234 forwarded=1
1783002051.645241 publish topic=ipi/detector-output-to-ipi-run-1/latency/av-1/request bytes=24332 forwarded=1
1783002051.645792 publish topic=ipi/detector-output-to-ipi-run-1/latency/av-1/ack bytes=234 forwarded=1
1783002051.926070 publish topic=ipi/detector-output-to-ipi-run-1/latency/av-1/request bytes=24332 forwarded=1
1783002051.926750 publish topic=ipi/detector-output-to-ipi-run-1/latency/av-1/ack bytes=234 forwarded=1
1783002052.206382 publish topic=ipi/detector-output-to-ipi-run-1/latency/av-1/request bytes=24332 forwarded=1
1783002052.207101 publish topic=ipi/detector-output-to-ipi-run-1/latency/av-1/ack bytes=234 forwarded=1
1783002052.486675 publish topic=ipi/detector-output-to-ipi-run-1/latency/av-1/request bytes=24332 forwarded=1
1783002052.487362 publish topic=ipi/detector-output-to-ipi-run-1/latency/av-1/ack bytes=234 forwarded=1
1783002052.776993 publish topic=ipi/detector-output-to-ipi-run-1/latency/av-1/request bytes=24332 forwarded=1
1783002052.777671 publish topic=ipi/detector-output-to-ipi-run-1/latency/av-1/ack bytes=234 forwarded=1
1783002053.057292 publish topic=ipi/detector-output-to-ipi-run-1/latency/av-1/request bytes=24332 forwarded=1
1783002053.057968 publish topic=ipi/detector-output-to-ipi-run-1/latency/av-1/ack bytes=234 forwarded=1
1783002053.347874 publish topic=ipi/detector-output-to-ipi-run-1/latency/av-1/request bytes=24332 forwarded=1
1783002053.348556 publish topic=ipi/detector-output-to-ipi-run-1/latency/av-1/ack bytes=234 forwarded=1
1783002053.647951 publish topic=ipi/detector-output-to-ipi-run-1/latency/av-1/request bytes=24332 forwarded=1
1783002053.648633 publish topic=ipi/detector-output-to-ipi-run-1/latency/av-1/ack bytes=234 forwarded=1
1783002053.948630 publish topic=ipi/detector-output-to-ipi-run-1/latency/av-1/request bytes=24332 forwarded=1
1783002053.949332 publish topic=ipi/detector-output-to-ipi-run-1/latency/av-1/ack bytes=234 forwarded=1
1783002054.248816 publish topic=ipi/detector-output-to-ipi-run-1/latency/av-1/request bytes=24332 forwarded=1
1783002054.249510 publish topic=ipi/detector-output-to-ipi-run-1/latency/av-1/ack bytes=234 forwarded=1
1783002054.549319 publish topic=ipi/detector-output-to-ipi-run-1/latency/av-1/request bytes=24332 forwarded=1
1783002054.549993 publish topic=ipi/detector-output-to-ipi-run-1/latency/av-1/ack bytes=234 forwarded=1
1783002054.839876 publish topic=ipi/detector-output-to-ipi-run-1/latency/av-1/request bytes=24332 forwarded=1
1783002054.840544 publish topic=ipi/detector-output-to-ipi-run-1/latency/av-1/ack bytes=234 forwarded=1
1783002055.140342 publish topic=ipi/detector-output-to-ipi-run-1/latency/av-1/request bytes=24332 forwarded=1
1783002055.141077 publish topic=ipi/detector-output-to-ipi-run-1/latency/av-1/ack bytes=234 forwarded=1
1783002055.450673 publish topic=ipi/detector-output-to-ipi-run-1/latency/av-1/request bytes=24332 forwarded=1
1783002055.451369 publish topic=ipi/detector-output-to-ipi-run-1/latency/av-1/ack bytes=234 forwarded=1
1783002055.761152 publish topic=ipi/detector-output-to-ipi-run-1/latency/av-1/request bytes=24332 forwarded=1
1783002055.761879 publish topic=ipi/detector-output-to-ipi-run-1/latency/av-1/ack bytes=234 forwarded=1
1783002056.121744 publish topic=ipi/detector-output-to-ipi-run-1/latency/av-1/request bytes=24332 forwarded=1
1783002056.122430 publish topic=ipi/detector-output-to-ipi-run-1/latency/av-1/ack bytes=234 forwarded=1
1783002056.492330 publish topic=ipi/detector-output-to-ipi-run-1/latency/av-1/request bytes=24332 forwarded=1
1783002056.493057 publish topic=ipi/detector-output-to-ipi-run-1/latency/av-1/ack bytes=234 forwarded=1
1783002056.842818 publish topic=ipi/detector-output-to-ipi-run-1/latency/av-1/request bytes=24332 forwarded=1
1783002056.843497 publish topic=ipi/detector-output-to-ipi-run-1/latency/av-1/ack bytes=234 forwarded=1
1783002057.173210 publish topic=ipi/detector-output-to-ipi-run-1/latency/av-1/request bytes=24332 forwarded=1
1783002057.173894 publish topic=ipi/detector-output-to-ipi-run-1/latency/av-1/ack bytes=234 forwarded=1
1783002057.513990 publish topic=ipi/detector-output-to-ipi-run-1/latency/av-1/request bytes=24332 forwarded=1
1783002057.514665 publish topic=ipi/detector-output-to-ipi-run-1/latency/av-1/ack bytes=234 forwarded=1
1783002057.814548 publish topic=ipi/detector-output-to-ipi-run-1/latency/av-1/request bytes=24332 forwarded=1
1783002057.815214 publish topic=ipi/detector-output-to-ipi-run-1/latency/av-1/ack bytes=234 forwarded=1
1783002058.104896 publish topic=ipi/detector-output-to-ipi-run-1/latency/av-1/request bytes=24332 forwarded=1
1783002058.105581 publish topic=ipi/detector-output-to-ipi-run-1/latency/av-1/ack bytes=234 forwarded=1
1783002058.395251 publish topic=ipi/detector-output-to-ipi-run-1/latency/av-1/request bytes=24332 forwarded=1
1783002058.395935 publish topic=ipi/detector-output-to-ipi-run-1/latency/av-1/ack bytes=234 forwarded=1
1783002058.695593 publish topic=ipi/detector-output-to-ipi-run-1/latency/av-1/request bytes=24332 forwarded=1
1783002058.696279 publish topic=ipi/detector-output-to-ipi-run-1/latency/av-1/ack bytes=234 forwarded=1
1783002058.995982 publish topic=ipi/detector-output-to-ipi-run-1/latency/av-1/request bytes=24332 forwarded=1
1783002058.996645 publish topic=ipi/detector-output-to-ipi-run-1/latency/av-1/ack bytes=234 forwarded=1
1783002059.286536 publish topic=ipi/detector-output-to-ipi-run-1/latency/av-1/request bytes=24332 forwarded=1
1783002059.287186 publish topic=ipi/detector-output-to-ipi-run-1/latency/av-1/ack bytes=234 forwarded=1
1783002059.596811 publish topic=ipi/detector-output-to-ipi-run-1/latency/av-1/request bytes=24332 forwarded=1
1783002059.597476 publish topic=ipi/detector-output-to-ipi-run-1/latency/av-1/ack bytes=234 forwarded=1
1783002059.897384 publish topic=ipi/detector-output-to-ipi-run-1/latency/av-1/request bytes=24332 forwarded=1
1783002059.898081 publish topic=ipi/detector-output-to-ipi-run-1/latency/av-1/ack bytes=234 forwarded=1
1783002060.197869 publish topic=ipi/detector-output-to-ipi-run-1/latency/av-1/request bytes=24332 forwarded=1
1783002060.198579 publish topic=ipi/detector-output-to-ipi-run-1/latency/av-1/ack bytes=234 forwarded=1
1783002060.488046 publish topic=ipi/detector-output-to-ipi-run-1/latency/av-1/request bytes=24332 forwarded=1
1783002060.488770 publish topic=ipi/detector-output-to-ipi-run-1/latency/av-1/ack bytes=234 forwarded=1
1783002060.778553 publish topic=ipi/detector-output-to-ipi-run-1/latency/av-1/request bytes=24332 forwarded=1
1783002060.779221 publish topic=ipi/detector-output-to-ipi-run-1/latency/av-1/ack bytes=234 forwarded=1
1783002061.099125 publish topic=ipi/detector-output-to-ipi-run-1/latency/av-1/request bytes=24332 forwarded=1
1783002061.099805 publish topic=ipi/detector-output-to-ipi-run-1/latency/av-1/ack bytes=234 forwarded=1
1783002061.459729 publish topic=ipi/detector-output-to-ipi-run-1/latency/av-1/request bytes=24332 forwarded=1
1783002061.460387 publish topic=ipi/detector-output-to-ipi-run-1/latency/av-1/ack bytes=234 forwarded=1
1783002061.770217 publish topic=ipi/detector-output-to-ipi-run-1/latency/av-1/request bytes=24332 forwarded=1
1783002061.770905 publish topic=ipi/detector-output-to-ipi-run-1/latency/av-1/ack bytes=234 forwarded=1
1783002062.090529 publish topic=ipi/detector-output-to-ipi-run-1/latency/av-1/request bytes=24332 forwarded=1
1783002062.091208 publish topic=ipi/detector-output-to-ipi-run-1/latency/av-1/ack bytes=234 forwarded=1
1783002062.400915 publish topic=ipi/detector-output-to-ipi-run-1/latency/av-1/request bytes=24332 forwarded=1
1783002062.401579 publish topic=ipi/detector-output-to-ipi-run-1/latency/av-1/ack bytes=234 forwarded=1
1783002062.691363 publish topic=ipi/detector-output-to-ipi-run-1/latency/av-1/request bytes=24332 forwarded=1
1783002062.692053 publish topic=ipi/detector-output-to-ipi-run-1/latency/av-1/ack bytes=234 forwarded=1
1783002063.012035 publish topic=ipi/detector-output-to-ipi-run-1/latency/av-1/request bytes=24332 forwarded=1
1783002063.012743 publish topic=ipi/detector-output-to-ipi-run-1/latency/av-1/ack bytes=234 forwarded=1
1783002063.322539 publish topic=ipi/detector-output-to-ipi-run-1/latency/av-1/request bytes=24332 forwarded=1
1783002063.323223 publish topic=ipi/detector-output-to-ipi-run-1/latency/av-1/ack bytes=234 forwarded=1
1783002063.642918 publish topic=ipi/detector-output-to-ipi-run-1/latency/av-1/request bytes=24332 forwarded=1
1783002063.643607 publish topic=ipi/detector-output-to-ipi-run-1/latency/av-1/ack bytes=234 forwarded=1
1783002063.943491 publish topic=ipi/detector-output-to-ipi-run-1/latency/av-1/request bytes=24332 forwarded=1
1783002063.944177 publish topic=ipi/detector-output-to-ipi-run-1/latency/av-1/ack bytes=234 forwarded=1
1783002064.244107 publish topic=ipi/detector-output-to-ipi-run-1/latency/av-1/request bytes=24332 forwarded=1
1783002064.244807 publish topic=ipi/detector-output-to-ipi-run-1/latency/av-1/ack bytes=234 forwarded=1
1783002064.534476 publish topic=ipi/detector-output-to-ipi-run-1/latency/av-1/request bytes=24332 forwarded=1
1783002064.535132 publish topic=ipi/detector-output-to-ipi-run-1/latency/av-1/ack bytes=234 forwarded=1
1783002064.834771 publish topic=ipi/detector-output-to-ipi-run-1/latency/av-1/request bytes=24332 forwarded=1
1783002064.835492 publish topic=ipi/detector-output-to-ipi-run-1/latency/av-1/ack bytes=234 forwarded=1
1783002065.145171 publish topic=ipi/detector-output-to-ipi-run-1/latency/av-1/request bytes=24332 forwarded=1
1783002065.145839 publish topic=ipi/detector-output-to-ipi-run-1/latency/av-1/ack bytes=234 forwarded=1
1783002065.445768 publish topic=ipi/detector-output-to-ipi-run-1/latency/av-1/request bytes=24332 forwarded=1
1783002065.446420 publish topic=ipi/detector-output-to-ipi-run-1/latency/av-1/ack bytes=234 forwarded=1
1783002065.786017 publish topic=ipi/detector-output-to-ipi-run-1/latency/av-1/request bytes=24332 forwarded=1
1783002065.786703 publish topic=ipi/detector-output-to-ipi-run-1/latency/av-1/ack bytes=234 forwarded=1
1783002066.106690 publish topic=ipi/detector-output-to-ipi-run-1/latency/av-1/request bytes=24332 forwarded=1
1783002066.107387 publish topic=ipi/detector-output-to-ipi-run-1/latency/av-1/ack bytes=234 forwarded=1
1783002066.417092 publish topic=ipi/detector-output-to-ipi-run-1/latency/av-1/request bytes=24332 forwarded=1
1783002066.417782 publish topic=ipi/detector-output-to-ipi-run-1/latency/av-1/ack bytes=234 forwarded=1
1783002066.717500 publish topic=ipi/detector-output-to-ipi-run-1/latency/av-1/request bytes=24332 forwarded=1
1783002066.718191 publish topic=ipi/detector-output-to-ipi-run-1/latency/av-1/ack bytes=234 forwarded=1
1783002067.017730 publish topic=ipi/detector-output-to-ipi-run-1/latency/av-1/request bytes=24332 forwarded=1
1783002067.018419 publish topic=ipi/detector-output-to-ipi-run-1/latency/av-1/ack bytes=234 forwarded=1
1783002067.318295 publish topic=ipi/detector-output-to-ipi-run-1/latency/av-1/request bytes=24332 forwarded=1
1783002067.318982 publish topic=ipi/detector-output-to-ipi-run-1/latency/av-1/ack bytes=234 forwarded=1
1783002067.618714 publish topic=ipi/detector-output-to-ipi-run-1/latency/av-1/request bytes=24332 forwarded=1
1783002067.619402 publish topic=ipi/detector-output-to-ipi-run-1/latency/av-1/ack bytes=234 forwarded=1
1783002067.969092 publish topic=ipi/detector-output-to-ipi-run-1/latency/av-1/request bytes=24332 forwarded=1
1783002067.969769 publish topic=ipi/detector-output-to-ipi-run-1/latency/av-1/ack bytes=234 forwarded=1
1783002068.289775 publish topic=ipi/detector-output-to-ipi-run-1/latency/av-1/request bytes=24332 forwarded=1
1783002068.290460 publish topic=ipi/detector-output-to-ipi-run-1/latency/av-1/ack bytes=234 forwarded=1
1783002068.580162 publish topic=ipi/detector-output-to-ipi-run-1/latency/av-1/request bytes=24332 forwarded=1
1783002068.580871 publish topic=ipi/detector-output-to-ipi-run-1/latency/av-1/ack bytes=234 forwarded=1
1783002068.860444 publish topic=ipi/detector-output-to-ipi-run-1/latency/av-1/request bytes=24332 forwarded=1
1783002068.861155 publish topic=ipi/detector-output-to-ipi-run-1/latency/av-1/ack bytes=234 forwarded=1
1783002069.190924 publish topic=ipi/detector-output-to-ipi-run-1/latency/av-1/request bytes=24332 forwarded=1
1783002069.191611 publish topic=ipi/detector-output-to-ipi-run-1/latency/av-1/ack bytes=234 forwarded=1
1783002069.601806 publish topic=ipi/detector-output-to-ipi-run-1/latency/av-1/request bytes=24332 forwarded=1
1783002069.602486 publish topic=ipi/detector-output-to-ipi-run-1/latency/av-1/ack bytes=234 forwarded=1
1783002070.012318 publish topic=ipi/detector-output-to-ipi-run-1/latency/av-1/request bytes=24332 forwarded=1
1783002070.013032 publish topic=ipi/detector-output-to-ipi-run-1/latency/av-1/ack bytes=234 forwarded=1
1783002070.433154 publish topic=ipi/detector-output-to-ipi-run-1/latency/av-1/request bytes=24332 forwarded=1
1783002070.433836 publish topic=ipi/detector-output-to-ipi-run-1/latency/av-1/ack bytes=234 forwarded=1
1783002070.773759 publish topic=ipi/detector-output-to-ipi-run-1/latency/av-1/request bytes=24332 forwarded=1
1783002070.774449 publish topic=ipi/detector-output-to-ipi-run-1/latency/av-1/ack bytes=234 forwarded=1
1783002071.154379 publish topic=ipi/detector-output-to-ipi-run-1/latency/av-1/request bytes=24332 forwarded=1
1783002071.155065 publish topic=ipi/detector-output-to-ipi-run-1/latency/av-1/ack bytes=234 forwarded=1
1783002071.485014 publish topic=ipi/detector-output-to-ipi-run-1/latency/av-1/request bytes=24332 forwarded=1
1783002071.485723 publish topic=ipi/detector-output-to-ipi-run-1/latency/av-1/ack bytes=234 forwarded=1
1783002071.795416 publish topic=ipi/detector-output-to-ipi-run-1/latency/av-1/request bytes=24332 forwarded=1
1783002071.796096 publish topic=ipi/detector-output-to-ipi-run-1/latency/av-1/ack bytes=234 forwarded=1
1783002072.096113 publish topic=ipi/detector-output-to-ipi-run-1/latency/av-1/request bytes=24332 forwarded=1
1783002072.096828 publish topic=ipi/detector-output-to-ipi-run-1/latency/av-1/ack bytes=234 forwarded=1
1783002072.386576 publish topic=ipi/detector-output-to-ipi-run-1/latency/av-1/request bytes=24332 forwarded=1
1783002072.387249 publish topic=ipi/detector-output-to-ipi-run-1/latency/av-1/ack bytes=234 forwarded=1
1783002072.686672 publish topic=ipi/detector-output-to-ipi-run-1/latency/av-1/request bytes=24332 forwarded=1
1783002072.687355 publish topic=ipi/detector-output-to-ipi-run-1/latency/av-1/ack bytes=234 forwarded=1
1783002072.976959 publish topic=ipi/detector-output-to-ipi-run-1/latency/av-1/request bytes=24332 forwarded=1
1783002072.977632 publish topic=ipi/detector-output-to-ipi-run-1/latency/av-1/ack bytes=234 forwarded=1
1783002073.287607 publish topic=ipi/detector-output-to-ipi-run-1/latency/av-1/request bytes=24332 forwarded=1
1783002073.288282 publish topic=ipi/detector-output-to-ipi-run-1/latency/av-1/ack bytes=234 forwarded=1
1783002073.628036 publish topic=ipi/detector-output-to-ipi-run-1/latency/av-1/request bytes=24332 forwarded=1
1783002073.628743 publish topic=ipi/detector-output-to-ipi-run-1/latency/av-1/ack bytes=234 forwarded=1
1783002073.958269 publish topic=ipi/detector-output-to-ipi-run-1/latency/av-1/request bytes=24332 forwarded=1
1783002073.958952 publish topic=ipi/detector-output-to-ipi-run-1/latency/av-1/ack bytes=234 forwarded=1
1783002074.309130 publish topic=ipi/detector-output-to-ipi-run-1/latency/av-1/request bytes=24332 forwarded=1
1783002074.309817 publish topic=ipi/detector-output-to-ipi-run-1/latency/av-1/ack bytes=234 forwarded=1
1783002074.649679 publish topic=ipi/detector-output-to-ipi-run-1/latency/av-1/request bytes=24332 forwarded=1
1783002074.650355 publish topic=ipi/detector-output-to-ipi-run-1/latency/av-1/ack bytes=234 forwarded=1
1783002074.950051 publish topic=ipi/detector-output-to-ipi-run-1/latency/av-1/request bytes=24332 forwarded=1
1783002074.950714 publish topic=ipi/detector-output-to-ipi-run-1/latency/av-1/ack bytes=234 forwarded=1
1783002075.260496 publish topic=ipi/detector-output-to-ipi-run-1/latency/av-1/request bytes=24332 forwarded=1
1783002075.261178 publish topic=ipi/detector-output-to-ipi-run-1/latency/av-1/ack bytes=234 forwarded=1
1783002075.581017 publish topic=ipi/detector-output-to-ipi-run-1/latency/av-1/request bytes=24332 forwarded=1
1783002075.581692 publish topic=ipi/detector-output-to-ipi-run-1/latency/av-1/ack bytes=234 forwarded=1
1783002075.891469 publish topic=ipi/detector-output-to-ipi-run-1/latency/av-1/request bytes=24332 forwarded=1
1783002075.892141 publish topic=ipi/detector-output-to-ipi-run-1/latency/av-1/ack bytes=234 forwarded=1
1783002076.191823 publish topic=ipi/detector-output-to-ipi-run-1/latency/av-1/request bytes=24332 forwarded=1
1783002076.192495 publish topic=ipi/detector-output-to-ipi-run-1/latency/av-1/ack bytes=234 forwarded=1
1783002076.522350 publish topic=ipi/detector-output-to-ipi-run-1/latency/av-1/request bytes=24332 forwarded=1
1783002076.523075 publish topic=ipi/detector-output-to-ipi-run-1/latency/av-1/ack bytes=234 forwarded=1
1783002076.952984 publish topic=ipi/detector-output-to-ipi-run-1/latency/av-1/request bytes=24332 forwarded=1
1783002076.953644 publish topic=ipi/detector-output-to-ipi-run-1/latency/av-1/ack bytes=234 forwarded=1
1783002077.323850 publish topic=ipi/detector-output-to-ipi-run-1/latency/av-1/request bytes=24332 forwarded=1
1783002077.324499 publish topic=ipi/detector-output-to-ipi-run-1/latency/av-1/ack bytes=234 forwarded=1
1783002077.724396 publish topic=ipi/detector-output-to-ipi-run-1/latency/av-1/request bytes=24332 forwarded=1
1783002077.725034 publish topic=ipi/detector-output-to-ipi-run-1/latency/av-1/ack bytes=234 forwarded=1
1783002078.035021 publish topic=ipi/detector-output-to-ipi-run-1/latency/av-1/request bytes=24332 forwarded=1
1783002078.035695 publish topic=ipi/detector-output-to-ipi-run-1/latency/av-1/ack bytes=234 forwarded=1
1783002078.335826 publish topic=ipi/detector-output-to-ipi-run-1/latency/av-1/request bytes=24332 forwarded=1
1783002078.336476 publish topic=ipi/detector-output-to-ipi-run-1/latency/av-1/ack bytes=234 forwarded=1
1783002078.646217 publish topic=ipi/detector-output-to-ipi-run-1/latency/av-1/request bytes=24332 forwarded=1
1783002078.646874 publish topic=ipi/detector-output-to-ipi-run-1/latency/av-1/ack bytes=234 forwarded=1
1783002078.966635 publish topic=ipi/detector-output-to-ipi-run-1/latency/av-1/request bytes=24332 forwarded=1
1783002078.967290 publish topic=ipi/detector-output-to-ipi-run-1/latency/av-1/ack bytes=234 forwarded=1
1783002079.297149 publish topic=ipi/detector-output-to-ipi-run-1/latency/av-1/request bytes=24332 forwarded=1
1783002079.297852 publish topic=ipi/detector-output-to-ipi-run-1/latency/av-1/ack bytes=234 forwarded=1
1783002079.667960 publish topic=ipi/detector-output-to-ipi-run-1/latency/av-1/request bytes=24332 forwarded=1
1783002079.668638 publish topic=ipi/detector-output-to-ipi-run-1/latency/av-1/ack bytes=234 forwarded=1
1783002080.058434 publish topic=ipi/detector-output-to-ipi-run-1/latency/av-1/request bytes=24332 forwarded=1
1783002080.059115 publish topic=ipi/detector-output-to-ipi-run-1/latency/av-1/ack bytes=234 forwarded=1
1783002080.429277 publish topic=ipi/detector-output-to-ipi-run-1/latency/av-1/request bytes=24332 forwarded=1
1783002080.429960 publish topic=ipi/detector-output-to-ipi-run-1/latency/av-1/ack bytes=234 forwarded=1
1783002080.769823 publish topic=ipi/detector-output-to-ipi-run-1/latency/av-1/request bytes=24332 forwarded=1
1783002080.770502 publish topic=ipi/detector-output-to-ipi-run-1/latency/av-1/ack bytes=234 forwarded=1
1783002081.100433 publish topic=ipi/detector-output-to-ipi-run-1/latency/av-1/request bytes=24332 forwarded=1
1783002081.101151 publish topic=ipi/detector-output-to-ipi-run-1/latency/av-1/ack bytes=234 forwarded=1
1783002081.461149 publish topic=ipi/detector-output-to-ipi-run-1/latency/av-1/request bytes=24332 forwarded=1
1783002081.461836 publish topic=ipi/detector-output-to-ipi-run-1/latency/av-1/ack bytes=234 forwarded=1
1783002081.831833 publish topic=ipi/detector-output-to-ipi-run-1/latency/av-1/request bytes=24332 forwarded=1
1783002081.832524 publish topic=ipi/detector-output-to-ipi-run-1/latency/av-1/ack bytes=234 forwarded=1
1783002082.212497 publish topic=ipi/detector-output-to-ipi-run-1/latency/av-1/request bytes=24332 forwarded=1
1783002082.213186 publish topic=ipi/detector-output-to-ipi-run-1/latency/av-1/ack bytes=234 forwarded=1
1783002082.503028 publish topic=ipi/detector-output-to-ipi-run-1/latency/av-1/request bytes=24332 forwarded=1
1783002082.503665 publish topic=ipi/detector-output-to-ipi-run-1/latency/av-1/ack bytes=234 forwarded=1
1783002082.803350 publish topic=ipi/detector-output-to-ipi-run-1/latency/av-1/request bytes=24332 forwarded=1
1783002082.803796 publish topic=ipi/detector-output-to-ipi-run-1/latency/av-1/ack bytes=234 forwarded=1
1783002083.093756 publish topic=ipi/detector-output-to-ipi-run-1/latency/av-1/request bytes=24332 forwarded=1
1783002083.094446 publish topic=ipi/detector-output-to-ipi-run-1/latency/av-1/ack bytes=234 forwarded=1
1783002083.394210 publish topic=ipi/detector-output-to-ipi-run-1/latency/av-1/request bytes=24332 forwarded=1
1783002083.394883 publish topic=ipi/detector-output-to-ipi-run-1/latency/av-1/ack bytes=234 forwarded=1
1783002083.714728 publish topic=ipi/detector-output-to-ipi-run-1/latency/av-1/request bytes=24332 forwarded=1
1783002083.715383 publish topic=ipi/detector-output-to-ipi-run-1/latency/av-1/ack bytes=234 forwarded=1
1783002084.045095 publish topic=ipi/detector-output-to-ipi-run-1/latency/av-1/request bytes=24332 forwarded=1
1783002084.045749 publish topic=ipi/detector-output-to-ipi-run-1/latency/av-1/ack bytes=234 forwarded=1
1783002084.375856 publish topic=ipi/detector-output-to-ipi-run-1/latency/av-1/request bytes=24332 forwarded=1
1783002084.376537 publish topic=ipi/detector-output-to-ipi-run-1/latency/av-1/ack bytes=234 forwarded=1
1783002084.676272 publish topic=ipi/detector-output-to-ipi-run-1/latency/av-1/request bytes=24332 forwarded=1
1783002084.676992 publish topic=ipi/detector-output-to-ipi-run-1/latency/av-1/ack bytes=234 forwarded=1
1783002084.976724 publish topic=ipi/detector-output-to-ipi-run-1/latency/av-1/request bytes=24332 forwarded=1
1783002084.977405 publish topic=ipi/detector-output-to-ipi-run-1/latency/av-1/ack bytes=234 forwarded=1
1783002085.267216 publish topic=ipi/detector-output-to-ipi-run-1/latency/av-1/request bytes=24332 forwarded=1
1783002085.267898 publish topic=ipi/detector-output-to-ipi-run-1/latency/av-1/ack bytes=234 forwarded=1
1783002085.757780 publish topic=ipi/detector-output-to-ipi-run-1/latency/av-1/request bytes=24332 forwarded=1
1783002085.758464 publish topic=ipi/detector-output-to-ipi-run-1/latency/av-1/ack bytes=234 forwarded=1
1783002086.088155 publish topic=ipi/detector-output-to-ipi-run-1/latency/av-1/request bytes=24332 forwarded=1
1783002086.088871 publish topic=ipi/detector-output-to-ipi-run-1/latency/av-1/ack bytes=234 forwarded=1
1783002086.398650 publish topic=ipi/detector-output-to-ipi-run-1/latency/av-1/request bytes=24332 forwarded=1
1783002086.399331 publish topic=ipi/detector-output-to-ipi-run-1/latency/av-1/ack bytes=234 forwarded=1
1783002086.689388 publish topic=ipi/detector-output-to-ipi-run-1/latency/av-1/request bytes=24332 forwarded=1
1783002086.690061 publish topic=ipi/detector-output-to-ipi-run-1/latency/av-1/ack bytes=234 forwarded=1
1783002086.989919 publish topic=ipi/detector-output-to-ipi-run-1/latency/av-1/request bytes=24332 forwarded=1
1783002086.990613 publish topic=ipi/detector-output-to-ipi-run-1/latency/av-1/ack bytes=234 forwarded=1
1783002087.350389 publish topic=ipi/detector-output-to-ipi-run-1/latency/av-1/request bytes=24332 forwarded=1
1783002087.351081 publish topic=ipi/detector-output-to-ipi-run-1/latency/av-1/ack bytes=234 forwarded=1
1783002087.691161 publish topic=ipi/detector-output-to-ipi-run-1/latency/av-1/request bytes=24332 forwarded=1
1783002087.691845 publish topic=ipi/detector-output-to-ipi-run-1/latency/av-1/ack bytes=234 forwarded=1
1783002088.041837 publish topic=ipi/detector-output-to-ipi-run-1/latency/av-1/request bytes=24332 forwarded=1
1783002088.042391 publish topic=ipi/detector-output-to-ipi-run-1/latency/av-1/ack bytes=234 forwarded=1
1783002088.432545 publish topic=ipi/detector-output-to-ipi-run-1/latency/av-1/request bytes=24332 forwarded=1
1783002088.433255 publish topic=ipi/detector-output-to-ipi-run-1/latency/av-1/ack bytes=234 forwarded=1
1783002088.823130 publish topic=ipi/detector-output-to-ipi-run-1/latency/av-1/request bytes=24332 forwarded=1
1783002088.823829 publish topic=ipi/detector-output-to-ipi-run-1/latency/av-1/ack bytes=234 forwarded=1
1783002089.163883 publish topic=ipi/detector-output-to-ipi-run-1/latency/av-1/request bytes=24332 forwarded=1
1783002089.164566 publish topic=ipi/detector-output-to-ipi-run-1/latency/av-1/ack bytes=234 forwarded=1
1783002089.464077 publish topic=ipi/detector-output-to-ipi-run-1/latency/av-1/request bytes=24332 forwarded=1
1783002089.464788 publish topic=ipi/detector-output-to-ipi-run-1/latency/av-1/ack bytes=234 forwarded=1
1783002089.784484 publish topic=ipi/detector-output-to-ipi-run-1/latency/av-1/request bytes=24332 forwarded=1
1783002089.785194 publish topic=ipi/detector-output-to-ipi-run-1/latency/av-1/ack bytes=234 forwarded=1
1783002090.115048 publish topic=ipi/detector-output-to-ipi-run-1/latency/av-1/request bytes=24332 forwarded=1
1783002090.115751 publish topic=ipi/detector-output-to-ipi-run-1/latency/av-1/ack bytes=234 forwarded=1
1783002090.415878 publish topic=ipi/detector-output-to-ipi-run-1/latency/av-1/request bytes=24332 forwarded=1
1783002090.416562 publish topic=ipi/detector-output-to-ipi-run-1/latency/av-1/ack bytes=234 forwarded=1
1783002090.726328 publish topic=ipi/detector-output-to-ipi-run-1/latency/av-1/request bytes=24332 forwarded=1
1783002090.726997 publish topic=ipi/detector-output-to-ipi-run-1/latency/av-1/ack bytes=234 forwarded=1
1783002091.036380 publish topic=ipi/detector-output-to-ipi-run-1/latency/av-1/request bytes=24332 forwarded=1
1783002091.037086 publish topic=ipi/detector-output-to-ipi-run-1/latency/av-1/ack bytes=234 forwarded=1
1783002091.327149 publish topic=ipi/detector-output-to-ipi-run-1/latency/av-1/request bytes=24332 forwarded=1
1783002091.327818 publish topic=ipi/detector-output-to-ipi-run-1/latency/av-1/ack bytes=234 forwarded=1
1783002091.607503 publish topic=ipi/detector-output-to-ipi-run-1/latency/av-1/request bytes=24332 forwarded=1
1783002091.608208 publish topic=ipi/detector-output-to-ipi-run-1/latency/av-1/ack bytes=234 forwarded=1
1783002091.897837 publish topic=ipi/detector-output-to-ipi-run-1/latency/av-1/request bytes=24332 forwarded=1
1783002091.898515 publish topic=ipi/detector-output-to-ipi-run-1/latency/av-1/ack bytes=234 forwarded=1
1783002092.208314 publish topic=ipi/detector-output-to-ipi-run-1/latency/av-1/request bytes=24332 forwarded=1
1783002092.209019 publish topic=ipi/detector-output-to-ipi-run-1/latency/av-1/ack bytes=234 forwarded=1
1783002092.488617 publish topic=ipi/detector-output-to-ipi-run-1/latency/av-1/request bytes=24332 forwarded=1
1783002092.489344 publish topic=ipi/detector-output-to-ipi-run-1/latency/av-1/ack bytes=234 forwarded=1
1783002092.789083 publish topic=ipi/detector-output-to-ipi-run-1/latency/av-1/request bytes=24332 forwarded=1
1783002092.789763 publish topic=ipi/detector-output-to-ipi-run-1/latency/av-1/ack bytes=234 forwarded=1
1783002093.089598 publish topic=ipi/detector-output-to-ipi-run-1/latency/av-1/request bytes=24332 forwarded=1
1783002093.090267 publish topic=ipi/detector-output-to-ipi-run-1/latency/av-1/ack bytes=234 forwarded=1
1783002093.390167 publish topic=ipi/detector-output-to-ipi-run-1/latency/av-1/request bytes=24332 forwarded=1
1783002093.390846 publish topic=ipi/detector-output-to-ipi-run-1/latency/av-1/ack bytes=234 forwarded=1
1783002093.680410 publish topic=ipi/detector-output-to-ipi-run-1/latency/av-1/request bytes=24332 forwarded=1
1783002093.681116 publish topic=ipi/detector-output-to-ipi-run-1/latency/av-1/ack bytes=234 forwarded=1
1783002093.960806 publish topic=ipi/detector-output-to-ipi-run-1/latency/av-1/request bytes=24332 forwarded=1
1783002093.961493 publish topic=ipi/detector-output-to-ipi-run-1/latency/av-1/ack bytes=234 forwarded=1
1783002094.351569 publish topic=ipi/detector-output-to-ipi-run-1/latency/av-1/request bytes=24334 forwarded=1
1783002094.352246 publish topic=ipi/detector-output-to-ipi-run-1/latency/av-1/ack bytes=235 forwarded=1
1783002094.411792 close ('10.120.121.36', 44122) disconnect
1783002095.120036 close ('127.0.0.1', 49248) closed
