threaded mqtt broker listening on 0.0.0.0:1883
1783350325.036819 accept ('10.120.121.16', 35732)
1783350325.038377 close ('10.120.121.16', 35732) closed
1783350325.633268 accept ('127.0.0.1', 49498)
1783350325.634577 subscribe ('127.0.0.1', 49498) ipi/detector-output-to-ipi-weak-signal-run-1/latency/av-1/request
1783350327.689635 accept ('10.120.121.16', 35744)
1783350327.709368 subscribe ('10.120.121.16', 35744) ipi/detector-output-to-ipi-weak-signal-run-1/latency/av-1/ack
1783350327.779502 publish topic=ipi/detector-output-to-ipi-weak-signal-run-1/latency/av-1/request bytes=4499 forwarded=1
1783350327.780215 publish topic=ipi/detector-output-to-ipi-weak-signal-run-1/latency/av-1/ack bytes=231 forwarded=1
1783350328.039972 publish topic=ipi/detector-output-to-ipi-weak-signal-run-1/latency/av-1/request bytes=4499 forwarded=1
1783350328.040714 publish topic=ipi/detector-output-to-ipi-weak-signal-run-1/latency/av-1/ack bytes=231 forwarded=1
1783350328.300124 publish topic=ipi/detector-output-to-ipi-weak-signal-run-1/latency/av-1/request bytes=4499 forwarded=1
1783350328.300778 publish topic=ipi/detector-output-to-ipi-weak-signal-run-1/latency/av-1/ack bytes=231 forwarded=1
1783350328.560547 publish topic=ipi/detector-output-to-ipi-weak-signal-run-1/latency/av-1/request bytes=4499 forwarded=1
1783350328.561204 publish topic=ipi/detector-output-to-ipi-weak-signal-run-1/latency/av-1/ack bytes=231 forwarded=1
1783350328.820739 publish topic=ipi/detector-output-to-ipi-weak-signal-run-1/latency/av-1/request bytes=4499 forwarded=1
1783350328.821457 publish topic=ipi/detector-output-to-ipi-weak-signal-run-1/latency/av-1/ack bytes=231 forwarded=1
1783350329.081174 publish topic=ipi/detector-output-to-ipi-weak-signal-run-1/latency/av-1/request bytes=4499 forwarded=1
1783350329.081902 publish topic=ipi/detector-output-to-ipi-weak-signal-run-1/latency/av-1/ack bytes=231 forwarded=1
1783350329.341149 publish topic=ipi/detector-output-to-ipi-weak-signal-run-1/latency/av-1/request bytes=4499 forwarded=1
1783350329.341454 publish topic=ipi/detector-output-to-ipi-weak-signal-run-1/latency/av-1/ack bytes=231 forwarded=1
1783350329.611604 publish topic=ipi/detector-output-to-ipi-weak-signal-run-1/latency/av-1/request bytes=4499 forwarded=1
1783350329.612323 publish topic=ipi/detector-output-to-ipi-weak-signal-run-1/latency/av-1/ack bytes=231 forwarded=1
1783350329.871974 publish topic=ipi/detector-output-to-ipi-weak-signal-run-1/latency/av-1/request bytes=4499 forwarded=1
1783350329.872698 publish topic=ipi/detector-output-to-ipi-weak-signal-run-1/latency/av-1/ack bytes=231 forwarded=1
1783350330.132137 publish topic=ipi/detector-output-to-ipi-weak-signal-run-1/latency/av-1/request bytes=4501 forwarded=1
1783350330.132894 publish topic=ipi/detector-output-to-ipi-weak-signal-run-1/latency/av-1/ack bytes=232 forwarded=1
1783350330.392526 publish topic=ipi/detector-output-to-ipi-weak-signal-run-1/latency/av-1/request bytes=4501 forwarded=1
1783350330.393223 publish topic=ipi/detector-output-to-ipi-weak-signal-run-1/latency/av-1/ack bytes=232 forwarded=1
1783350330.642705 publish topic=ipi/detector-output-to-ipi-weak-signal-run-1/latency/av-1/request bytes=4501 forwarded=1
1783350330.643393 publish topic=ipi/detector-output-to-ipi-weak-signal-run-1/latency/av-1/ack bytes=232 forwarded=1
1783350330.893075 publish topic=ipi/detector-output-to-ipi-weak-signal-run-1/latency/av-1/request bytes=4501 forwarded=1
1783350330.893773 publish topic=ipi/detector-output-to-ipi-weak-signal-run-1/latency/av-1/ack bytes=232 forwarded=1
1783350331.143314 publish topic=ipi/detector-output-to-ipi-weak-signal-run-1/latency/av-1/request bytes=4501 forwarded=1
1783350331.143965 publish topic=ipi/detector-output-to-ipi-weak-signal-run-1/latency/av-1/ack bytes=232 forwarded=1
1783350331.393390 publish topic=ipi/detector-output-to-ipi-weak-signal-run-1/latency/av-1/request bytes=4501 forwarded=1
1783350331.394118 publish topic=ipi/detector-output-to-ipi-weak-signal-run-1/latency/av-1/ack bytes=232 forwarded=1
1783350331.643922 publish topic=ipi/detector-output-to-ipi-weak-signal-run-1/latency/av-1/request bytes=4501 forwarded=1
1783350331.644651 publish topic=ipi/detector-output-to-ipi-weak-signal-run-1/latency/av-1/ack bytes=232 forwarded=1
1783350331.904044 publish topic=ipi/detector-output-to-ipi-weak-signal-run-1/latency/av-1/request bytes=4501 forwarded=1
1783350331.904733 publish topic=ipi/detector-output-to-ipi-weak-signal-run-1/latency/av-1/ack bytes=232 forwarded=1
1783350332.154371 publish topic=ipi/detector-output-to-ipi-weak-signal-run-1/latency/av-1/request bytes=4501 forwarded=1
1783350332.155043 publish topic=ipi/detector-output-to-ipi-weak-signal-run-1/latency/av-1/ack bytes=232 forwarded=1
1783350332.424465 publish topic=ipi/detector-output-to-ipi-weak-signal-run-1/latency/av-1/request bytes=4501 forwarded=1
1783350332.425171 publish topic=ipi/detector-output-to-ipi-weak-signal-run-1/latency/av-1/ack bytes=232 forwarded=1
1783350332.694858 publish topic=ipi/detector-output-to-ipi-weak-signal-run-1/latency/av-1/request bytes=4501 forwarded=1
1783350332.695579 publish topic=ipi/detector-output-to-ipi-weak-signal-run-1/latency/av-1/ack bytes=232 forwarded=1
1783350332.945197 publish topic=ipi/detector-output-to-ipi-weak-signal-run-1/latency/av-1/request bytes=4501 forwarded=1
1783350332.945910 publish topic=ipi/detector-output-to-ipi-weak-signal-run-1/latency/av-1/ack bytes=232 forwarded=1
1783350333.205528 publish topic=ipi/detector-output-to-ipi-weak-signal-run-1/latency/av-1/request bytes=4501 forwarded=1
1783350333.206169 publish topic=ipi/detector-output-to-ipi-weak-signal-run-1/latency/av-1/ack bytes=232 forwarded=1
1783350333.465645 publish topic=ipi/detector-output-to-ipi-weak-signal-run-1/latency/av-1/request bytes=4501 forwarded=1
1783350333.466294 publish topic=ipi/detector-output-to-ipi-weak-signal-run-1/latency/av-1/ack bytes=232 forwarded=1
1783350333.715971 publish topic=ipi/detector-output-to-ipi-weak-signal-run-1/latency/av-1/request bytes=4501 forwarded=1
1783350333.716651 publish topic=ipi/detector-output-to-ipi-weak-signal-run-1/latency/av-1/ack bytes=232 forwarded=1
1783350333.976405 publish topic=ipi/detector-output-to-ipi-weak-signal-run-1/latency/av-1/request bytes=4501 forwarded=1
1783350333.977120 publish topic=ipi/detector-output-to-ipi-weak-signal-run-1/latency/av-1/ack bytes=232 forwarded=1
1783350334.236854 publish topic=ipi/detector-output-to-ipi-weak-signal-run-1/latency/av-1/request bytes=4501 forwarded=1
1783350334.237567 publish topic=ipi/detector-output-to-ipi-weak-signal-run-1/latency/av-1/ack bytes=232 forwarded=1
1783350334.496985 publish topic=ipi/detector-output-to-ipi-weak-signal-run-1/latency/av-1/request bytes=4501 forwarded=1
1783350334.497704 publish topic=ipi/detector-output-to-ipi-weak-signal-run-1/latency/av-1/ack bytes=232 forwarded=1
1783350334.747126 publish topic=ipi/detector-output-to-ipi-weak-signal-run-1/latency/av-1/request bytes=4501 forwarded=1
1783350334.747841 publish topic=ipi/detector-output-to-ipi-weak-signal-run-1/latency/av-1/ack bytes=232 forwarded=1
1783350335.007531 publish topic=ipi/detector-output-to-ipi-weak-signal-run-1/latency/av-1/request bytes=4501 forwarded=1
1783350335.008189 publish topic=ipi/detector-output-to-ipi-weak-signal-run-1/latency/av-1/ack bytes=232 forwarded=1
1783350335.257794 publish topic=ipi/detector-output-to-ipi-weak-signal-run-1/latency/av-1/request bytes=4501 forwarded=1
1783350335.258431 publish topic=ipi/detector-output-to-ipi-weak-signal-run-1/latency/av-1/ack bytes=232 forwarded=1
1783350335.508179 publish topic=ipi/detector-output-to-ipi-weak-signal-run-1/latency/av-1/request bytes=4501 forwarded=1
1783350335.508816 publish topic=ipi/detector-output-to-ipi-weak-signal-run-1/latency/av-1/ack bytes=232 forwarded=1
1783350335.758254 publish topic=ipi/detector-output-to-ipi-weak-signal-run-1/latency/av-1/request bytes=4501 forwarded=1
1783350335.759042 publish topic=ipi/detector-output-to-ipi-weak-signal-run-1/latency/av-1/ack bytes=232 forwarded=1
1783350335.998421 publish topic=ipi/detector-output-to-ipi-weak-signal-run-1/latency/av-1/request bytes=4501 forwarded=1
1783350335.999133 publish topic=ipi/detector-output-to-ipi-weak-signal-run-1/latency/av-1/ack bytes=232 forwarded=1
1783350336.289041 publish topic=ipi/detector-output-to-ipi-weak-signal-run-1/latency/av-1/request bytes=4501 forwarded=1
1783350336.289756 publish topic=ipi/detector-output-to-ipi-weak-signal-run-1/latency/av-1/ack bytes=232 forwarded=1
1783350336.569497 publish topic=ipi/detector-output-to-ipi-weak-signal-run-1/latency/av-1/request bytes=4501 forwarded=1
1783350336.570102 publish topic=ipi/detector-output-to-ipi-weak-signal-run-1/latency/av-1/ack bytes=232 forwarded=1
1783350336.860240 publish topic=ipi/detector-output-to-ipi-weak-signal-run-1/latency/av-1/request bytes=4501 forwarded=1
1783350336.860942 publish topic=ipi/detector-output-to-ipi-weak-signal-run-1/latency/av-1/ack bytes=232 forwarded=1
1783350337.160783 publish topic=ipi/detector-output-to-ipi-weak-signal-run-1/latency/av-1/request bytes=4501 forwarded=1
1783350337.161426 publish topic=ipi/detector-output-to-ipi-weak-signal-run-1/latency/av-1/ack bytes=232 forwarded=1
1783350337.491233 publish topic=ipi/detector-output-to-ipi-weak-signal-run-1/latency/av-1/request bytes=4501 forwarded=1
1783350337.491838 publish topic=ipi/detector-output-to-ipi-weak-signal-run-1/latency/av-1/ack bytes=232 forwarded=1
1783350337.761807 publish topic=ipi/detector-output-to-ipi-weak-signal-run-1/latency/av-1/request bytes=4501 forwarded=1
1783350337.762440 publish topic=ipi/detector-output-to-ipi-weak-signal-run-1/latency/av-1/ack bytes=232 forwarded=1
1783350338.062253 publish topic=ipi/detector-output-to-ipi-weak-signal-run-1/latency/av-1/request bytes=4501 forwarded=1
1783350338.062908 publish topic=ipi/detector-output-to-ipi-weak-signal-run-1/latency/av-1/ack bytes=232 forwarded=1
1783350338.402689 publish topic=ipi/detector-output-to-ipi-weak-signal-run-1/latency/av-1/request bytes=4501 forwarded=1
1783350338.403268 publish topic=ipi/detector-output-to-ipi-weak-signal-run-1/latency/av-1/ack bytes=232 forwarded=1
1783350338.652947 publish topic=ipi/detector-output-to-ipi-weak-signal-run-1/latency/av-1/request bytes=4501 forwarded=1
1783350338.653613 publish topic=ipi/detector-output-to-ipi-weak-signal-run-1/latency/av-1/ack bytes=232 forwarded=1
1783350338.913499 publish topic=ipi/detector-output-to-ipi-weak-signal-run-1/latency/av-1/request bytes=4501 forwarded=1
1783350338.914147 publish topic=ipi/detector-output-to-ipi-weak-signal-run-1/latency/av-1/ack bytes=232 forwarded=1
1783350339.174058 publish topic=ipi/detector-output-to-ipi-weak-signal-run-1/latency/av-1/request bytes=4501 forwarded=1
1783350339.174768 publish topic=ipi/detector-output-to-ipi-weak-signal-run-1/latency/av-1/ack bytes=232 forwarded=1
1783350339.434163 publish topic=ipi/detector-output-to-ipi-weak-signal-run-1/latency/av-1/request bytes=4501 forwarded=1
1783350339.434862 publish topic=ipi/detector-output-to-ipi-weak-signal-run-1/latency/av-1/ack bytes=232 forwarded=1
1783350339.704556 publish topic=ipi/detector-output-to-ipi-weak-signal-run-1/latency/av-1/request bytes=4501 forwarded=1
1783350339.705191 publish topic=ipi/detector-output-to-ipi-weak-signal-run-1/latency/av-1/ack bytes=232 forwarded=1
1783350339.994773 publish topic=ipi/detector-output-to-ipi-weak-signal-run-1/latency/av-1/request bytes=4501 forwarded=1
1783350339.995367 publish topic=ipi/detector-output-to-ipi-weak-signal-run-1/latency/av-1/ack bytes=232 forwarded=1
1783350340.255116 publish topic=ipi/detector-output-to-ipi-weak-signal-run-1/latency/av-1/request bytes=4501 forwarded=1
1783350340.255723 publish topic=ipi/detector-output-to-ipi-weak-signal-run-1/latency/av-1/ack bytes=232 forwarded=1
1783350340.535366 publish topic=ipi/detector-output-to-ipi-weak-signal-run-1/latency/av-1/request bytes=4501 forwarded=1
1783350340.536016 publish topic=ipi/detector-output-to-ipi-weak-signal-run-1/latency/av-1/ack bytes=232 forwarded=1
1783350340.795892 publish topic=ipi/detector-output-to-ipi-weak-signal-run-1/latency/av-1/request bytes=4501 forwarded=1
1783350340.796591 publish topic=ipi/detector-output-to-ipi-weak-signal-run-1/latency/av-1/ack bytes=232 forwarded=1
1783350341.066173 publish topic=ipi/detector-output-to-ipi-weak-signal-run-1/latency/av-1/request bytes=4501 forwarded=1
1783350341.066851 publish topic=ipi/detector-output-to-ipi-weak-signal-run-1/latency/av-1/ack bytes=232 forwarded=1
1783350341.326678 publish topic=ipi/detector-output-to-ipi-weak-signal-run-1/latency/av-1/request bytes=4501 forwarded=1
1783350341.327394 publish topic=ipi/detector-output-to-ipi-weak-signal-run-1/latency/av-1/ack bytes=232 forwarded=1
1783350341.586699 publish topic=ipi/detector-output-to-ipi-weak-signal-run-1/latency/av-1/request bytes=4501 forwarded=1
1783350341.587321 publish topic=ipi/detector-output-to-ipi-weak-signal-run-1/latency/av-1/ack bytes=232 forwarded=1
1783350341.847067 publish topic=ipi/detector-output-to-ipi-weak-signal-run-1/latency/av-1/request bytes=4501 forwarded=1
1783350341.847669 publish topic=ipi/detector-output-to-ipi-weak-signal-run-1/latency/av-1/ack bytes=232 forwarded=1
1783350342.107413 publish topic=ipi/detector-output-to-ipi-weak-signal-run-1/latency/av-1/request bytes=4501 forwarded=1
1783350342.108102 publish topic=ipi/detector-output-to-ipi-weak-signal-run-1/latency/av-1/ack bytes=232 forwarded=1
1783350342.357663 publish topic=ipi/detector-output-to-ipi-weak-signal-run-1/latency/av-1/request bytes=4501 forwarded=1
1783350342.358315 publish topic=ipi/detector-output-to-ipi-weak-signal-run-1/latency/av-1/ack bytes=232 forwarded=1
1783350342.607986 publish topic=ipi/detector-output-to-ipi-weak-signal-run-1/latency/av-1/request bytes=4501 forwarded=1
1783350342.608597 publish topic=ipi/detector-output-to-ipi-weak-signal-run-1/latency/av-1/ack bytes=232 forwarded=1
1783350342.858231 publish topic=ipi/detector-output-to-ipi-weak-signal-run-1/latency/av-1/request bytes=4501 forwarded=1
1783350342.858932 publish topic=ipi/detector-output-to-ipi-weak-signal-run-1/latency/av-1/ack bytes=232 forwarded=1
1783350343.118623 publish topic=ipi/detector-output-to-ipi-weak-signal-run-1/latency/av-1/request bytes=4501 forwarded=1
1783350343.119264 publish topic=ipi/detector-output-to-ipi-weak-signal-run-1/latency/av-1/ack bytes=232 forwarded=1
1783350343.368911 publish topic=ipi/detector-output-to-ipi-weak-signal-run-1/latency/av-1/request bytes=4501 forwarded=1
1783350343.369570 publish topic=ipi/detector-output-to-ipi-weak-signal-run-1/latency/av-1/ack bytes=232 forwarded=1
1783350343.659610 publish topic=ipi/detector-output-to-ipi-weak-signal-run-1/latency/av-1/request bytes=4501 forwarded=1
1783350343.660229 publish topic=ipi/detector-output-to-ipi-weak-signal-run-1/latency/av-1/ack bytes=232 forwarded=1
1783350343.909598 publish topic=ipi/detector-output-to-ipi-weak-signal-run-1/latency/av-1/request bytes=4501 forwarded=1
1783350343.910322 publish topic=ipi/detector-output-to-ipi-weak-signal-run-1/latency/av-1/ack bytes=232 forwarded=1
1783350344.160037 publish topic=ipi/detector-output-to-ipi-weak-signal-run-1/latency/av-1/request bytes=4501 forwarded=1
1783350344.160670 publish topic=ipi/detector-output-to-ipi-weak-signal-run-1/latency/av-1/ack bytes=232 forwarded=1
1783350344.410233 publish topic=ipi/detector-output-to-ipi-weak-signal-run-1/latency/av-1/request bytes=4501 forwarded=1
1783350344.410845 publish topic=ipi/detector-output-to-ipi-weak-signal-run-1/latency/av-1/ack bytes=232 forwarded=1
1783350344.660793 publish topic=ipi/detector-output-to-ipi-weak-signal-run-1/latency/av-1/request bytes=4501 forwarded=1
1783350344.661436 publish topic=ipi/detector-output-to-ipi-weak-signal-run-1/latency/av-1/ack bytes=232 forwarded=1
1783350344.910907 publish topic=ipi/detector-output-to-ipi-weak-signal-run-1/latency/av-1/request bytes=4501 forwarded=1
1783350344.911528 publish topic=ipi/detector-output-to-ipi-weak-signal-run-1/latency/av-1/ack bytes=232 forwarded=1
1783350345.171113 publish topic=ipi/detector-output-to-ipi-weak-signal-run-1/latency/av-1/request bytes=4501 forwarded=1
1783350345.171731 publish topic=ipi/detector-output-to-ipi-weak-signal-run-1/latency/av-1/ack bytes=232 forwarded=1
1783350345.431547 publish topic=ipi/detector-output-to-ipi-weak-signal-run-1/latency/av-1/request bytes=4501 forwarded=1
1783350345.432245 publish topic=ipi/detector-output-to-ipi-weak-signal-run-1/latency/av-1/ack bytes=232 forwarded=1
1783350345.681810 publish topic=ipi/detector-output-to-ipi-weak-signal-run-1/latency/av-1/request bytes=4501 forwarded=1
1783350345.682628 publish topic=ipi/detector-output-to-ipi-weak-signal-run-1/latency/av-1/ack bytes=232 forwarded=1
1783350345.932284 publish topic=ipi/detector-output-to-ipi-weak-signal-run-1/latency/av-1/request bytes=4501 forwarded=1
1783350345.932965 publish topic=ipi/detector-output-to-ipi-weak-signal-run-1/latency/av-1/ack bytes=232 forwarded=1
1783350346.192578 publish topic=ipi/detector-output-to-ipi-weak-signal-run-1/latency/av-1/request bytes=4501 forwarded=1
1783350346.193308 publish topic=ipi/detector-output-to-ipi-weak-signal-run-1/latency/av-1/ack bytes=232 forwarded=1
1783350346.442819 publish topic=ipi/detector-output-to-ipi-weak-signal-run-1/latency/av-1/request bytes=4501 forwarded=1
1783350346.443541 publish topic=ipi/detector-output-to-ipi-weak-signal-run-1/latency/av-1/ack bytes=232 forwarded=1
1783350346.693018 publish topic=ipi/detector-output-to-ipi-weak-signal-run-1/latency/av-1/request bytes=4501 forwarded=1
1783350346.693692 publish topic=ipi/detector-output-to-ipi-weak-signal-run-1/latency/av-1/ack bytes=232 forwarded=1
1783350346.943286 publish topic=ipi/detector-output-to-ipi-weak-signal-run-1/latency/av-1/request bytes=4501 forwarded=1
1783350346.944011 publish topic=ipi/detector-output-to-ipi-weak-signal-run-1/latency/av-1/ack bytes=232 forwarded=1
1783350347.193702 publish topic=ipi/detector-output-to-ipi-weak-signal-run-1/latency/av-1/request bytes=4501 forwarded=1
1783350347.194425 publish topic=ipi/detector-output-to-ipi-weak-signal-run-1/latency/av-1/ack bytes=232 forwarded=1
1783350347.443991 publish topic=ipi/detector-output-to-ipi-weak-signal-run-1/latency/av-1/request bytes=4501 forwarded=1
1783350347.444657 publish topic=ipi/detector-output-to-ipi-weak-signal-run-1/latency/av-1/ack bytes=232 forwarded=1
1783350347.704306 publish topic=ipi/detector-output-to-ipi-weak-signal-run-1/latency/av-1/request bytes=4501 forwarded=1
1783350347.704964 publish topic=ipi/detector-output-to-ipi-weak-signal-run-1/latency/av-1/ack bytes=232 forwarded=1
1783350347.964558 publish topic=ipi/detector-output-to-ipi-weak-signal-run-1/latency/av-1/request bytes=4501 forwarded=1
1783350347.965276 publish topic=ipi/detector-output-to-ipi-weak-signal-run-1/latency/av-1/ack bytes=232 forwarded=1
1783350348.224997 publish topic=ipi/detector-output-to-ipi-weak-signal-run-1/latency/av-1/request bytes=4501 forwarded=1
1783350348.225655 publish topic=ipi/detector-output-to-ipi-weak-signal-run-1/latency/av-1/ack bytes=232 forwarded=1
1783350348.505275 publish topic=ipi/detector-output-to-ipi-weak-signal-run-1/latency/av-1/request bytes=4501 forwarded=1
1783350348.505988 publish topic=ipi/detector-output-to-ipi-weak-signal-run-1/latency/av-1/ack bytes=232 forwarded=1
1783350348.785856 publish topic=ipi/detector-output-to-ipi-weak-signal-run-1/latency/av-1/request bytes=4501 forwarded=1
1783350348.786529 publish topic=ipi/detector-output-to-ipi-weak-signal-run-1/latency/av-1/ack bytes=232 forwarded=1
1783350349.116400 publish topic=ipi/detector-output-to-ipi-weak-signal-run-1/latency/av-1/request bytes=4501 forwarded=1
1783350349.117000 publish topic=ipi/detector-output-to-ipi-weak-signal-run-1/latency/av-1/ack bytes=232 forwarded=1
1783350349.446983 publish topic=ipi/detector-output-to-ipi-weak-signal-run-1/latency/av-1/request bytes=4501 forwarded=1
1783350349.447601 publish topic=ipi/detector-output-to-ipi-weak-signal-run-1/latency/av-1/ack bytes=232 forwarded=1
1783350349.747530 publish topic=ipi/detector-output-to-ipi-weak-signal-run-1/latency/av-1/request bytes=4501 forwarded=1
1783350349.748239 publish topic=ipi/detector-output-to-ipi-weak-signal-run-1/latency/av-1/ack bytes=232 forwarded=1
1783350349.997998 publish topic=ipi/detector-output-to-ipi-weak-signal-run-1/latency/av-1/request bytes=4501 forwarded=1
1783350349.998753 publish topic=ipi/detector-output-to-ipi-weak-signal-run-1/latency/av-1/ack bytes=232 forwarded=1
1783350350.268449 publish topic=ipi/detector-output-to-ipi-weak-signal-run-1/latency/av-1/request bytes=4501 forwarded=1
1783350350.269147 publish topic=ipi/detector-output-to-ipi-weak-signal-run-1/latency/av-1/ack bytes=232 forwarded=1
1783350350.548940 publish topic=ipi/detector-output-to-ipi-weak-signal-run-1/latency/av-1/request bytes=4501 forwarded=1
1783350350.549654 publish topic=ipi/detector-output-to-ipi-weak-signal-run-1/latency/av-1/ack bytes=232 forwarded=1
1783350350.829551 publish topic=ipi/detector-output-to-ipi-weak-signal-run-1/latency/av-1/request bytes=4501 forwarded=1
1783350350.830295 publish topic=ipi/detector-output-to-ipi-weak-signal-run-1/latency/av-1/ack bytes=232 forwarded=1
1783350351.109987 publish topic=ipi/detector-output-to-ipi-weak-signal-run-1/latency/av-1/request bytes=4501 forwarded=1
1783350351.110738 publish topic=ipi/detector-output-to-ipi-weak-signal-run-1/latency/av-1/ack bytes=232 forwarded=1
1783350351.369931 publish topic=ipi/detector-output-to-ipi-weak-signal-run-1/latency/av-1/request bytes=4501 forwarded=1
1783350351.370671 publish topic=ipi/detector-output-to-ipi-weak-signal-run-1/latency/av-1/ack bytes=232 forwarded=1
1783350351.620583 publish topic=ipi/detector-output-to-ipi-weak-signal-run-1/latency/av-1/request bytes=4501 forwarded=1
1783350351.621334 publish topic=ipi/detector-output-to-ipi-weak-signal-run-1/latency/av-1/ack bytes=232 forwarded=1
1783350351.880910 publish topic=ipi/detector-output-to-ipi-weak-signal-run-1/latency/av-1/request bytes=4501 forwarded=1
1783350351.881658 publish topic=ipi/detector-output-to-ipi-weak-signal-run-1/latency/av-1/ack bytes=232 forwarded=1
1783350352.131026 publish topic=ipi/detector-output-to-ipi-weak-signal-run-1/latency/av-1/request bytes=4501 forwarded=1
1783350352.131714 publish topic=ipi/detector-output-to-ipi-weak-signal-run-1/latency/av-1/ack bytes=232 forwarded=1
1783350352.391429 publish topic=ipi/detector-output-to-ipi-weak-signal-run-1/latency/av-1/request bytes=4501 forwarded=1
1783350352.392136 publish topic=ipi/detector-output-to-ipi-weak-signal-run-1/latency/av-1/ack bytes=232 forwarded=1
1783350352.652009 publish topic=ipi/detector-output-to-ipi-weak-signal-run-1/latency/av-1/request bytes=4501 forwarded=1
1783350352.652719 publish topic=ipi/detector-output-to-ipi-weak-signal-run-1/latency/av-1/ack bytes=232 forwarded=1
1783350352.902194 publish topic=ipi/detector-output-to-ipi-weak-signal-run-1/latency/av-1/request bytes=4501 forwarded=1
1783350352.902864 publish topic=ipi/detector-output-to-ipi-weak-signal-run-1/latency/av-1/ack bytes=232 forwarded=1
1783350353.162340 publish topic=ipi/detector-output-to-ipi-weak-signal-run-1/latency/av-1/request bytes=4501 forwarded=1
1783350353.163015 publish topic=ipi/detector-output-to-ipi-weak-signal-run-1/latency/av-1/ack bytes=232 forwarded=1
1783350353.412586 publish topic=ipi/detector-output-to-ipi-weak-signal-run-1/latency/av-1/request bytes=4501 forwarded=1
1783350353.413263 publish topic=ipi/detector-output-to-ipi-weak-signal-run-1/latency/av-1/ack bytes=232 forwarded=1
1783350353.663081 publish topic=ipi/detector-output-to-ipi-weak-signal-run-1/latency/av-1/request bytes=4501 forwarded=1
1783350353.663718 publish topic=ipi/detector-output-to-ipi-weak-signal-run-1/latency/av-1/ack bytes=232 forwarded=1
1783350353.923531 publish topic=ipi/detector-output-to-ipi-weak-signal-run-1/latency/av-1/request bytes=4503 forwarded=1
1783350353.924166 publish topic=ipi/detector-output-to-ipi-weak-signal-run-1/latency/av-1/ack bytes=233 forwarded=1
1783350354.173910 publish topic=ipi/detector-output-to-ipi-weak-signal-run-1/latency/av-1/request bytes=4503 forwarded=1
1783350354.174578 publish topic=ipi/detector-output-to-ipi-weak-signal-run-1/latency/av-1/ack bytes=233 forwarded=1
1783350354.424017 publish topic=ipi/detector-output-to-ipi-weak-signal-run-1/latency/av-1/request bytes=4503 forwarded=1
1783350354.424665 publish topic=ipi/detector-output-to-ipi-weak-signal-run-1/latency/av-1/ack bytes=233 forwarded=1
1783350354.684584 publish topic=ipi/detector-output-to-ipi-weak-signal-run-1/latency/av-1/request bytes=4503 forwarded=1
1783350354.685222 publish topic=ipi/detector-output-to-ipi-weak-signal-run-1/latency/av-1/ack bytes=233 forwarded=1
1783350354.934868 publish topic=ipi/detector-output-to-ipi-weak-signal-run-1/latency/av-1/request bytes=4503 forwarded=1
1783350354.935566 publish topic=ipi/detector-output-to-ipi-weak-signal-run-1/latency/av-1/ack bytes=233 forwarded=1
1783350355.205063 publish topic=ipi/detector-output-to-ipi-weak-signal-run-1/latency/av-1/request bytes=4503 forwarded=1
1783350355.205776 publish topic=ipi/detector-output-to-ipi-weak-signal-run-1/latency/av-1/ack bytes=233 forwarded=1
1783350355.475495 publish topic=ipi/detector-output-to-ipi-weak-signal-run-1/latency/av-1/request bytes=4503 forwarded=1
1783350355.475865 publish topic=ipi/detector-output-to-ipi-weak-signal-run-1/latency/av-1/ack bytes=233 forwarded=1
1783350355.726026 publish topic=ipi/detector-output-to-ipi-weak-signal-run-1/latency/av-1/request bytes=4503 forwarded=1
1783350355.726688 publish topic=ipi/detector-output-to-ipi-weak-signal-run-1/latency/av-1/ack bytes=233 forwarded=1
1783350355.986331 publish topic=ipi/detector-output-to-ipi-weak-signal-run-1/latency/av-1/request bytes=4503 forwarded=1
1783350355.987074 publish topic=ipi/detector-output-to-ipi-weak-signal-run-1/latency/av-1/ack bytes=233 forwarded=1
1783350356.256533 publish topic=ipi/detector-output-to-ipi-weak-signal-run-1/latency/av-1/request bytes=4503 forwarded=1
1783350356.257119 publish topic=ipi/detector-output-to-ipi-weak-signal-run-1/latency/av-1/ack bytes=233 forwarded=1
1783350356.516904 publish topic=ipi/detector-output-to-ipi-weak-signal-run-1/latency/av-1/request bytes=4503 forwarded=1
1783350356.517598 publish topic=ipi/detector-output-to-ipi-weak-signal-run-1/latency/av-1/ack bytes=233 forwarded=1
1783350356.777295 publish topic=ipi/detector-output-to-ipi-weak-signal-run-1/latency/av-1/request bytes=4503 forwarded=1
1783350356.777941 publish topic=ipi/detector-output-to-ipi-weak-signal-run-1/latency/av-1/ack bytes=233 forwarded=1
1783350357.027740 publish topic=ipi/detector-output-to-ipi-weak-signal-run-1/latency/av-1/request bytes=4503 forwarded=1
1783350357.028378 publish topic=ipi/detector-output-to-ipi-weak-signal-run-1/latency/av-1/ack bytes=233 forwarded=1
1783350357.288062 publish topic=ipi/detector-output-to-ipi-weak-signal-run-1/latency/av-1/request bytes=4503 forwarded=1
1783350357.288703 publish topic=ipi/detector-output-to-ipi-weak-signal-run-1/latency/av-1/ack bytes=233 forwarded=1
1783350357.548462 publish topic=ipi/detector-output-to-ipi-weak-signal-run-1/latency/av-1/request bytes=4503 forwarded=1
1783350357.549211 publish topic=ipi/detector-output-to-ipi-weak-signal-run-1/latency/av-1/ack bytes=233 forwarded=1
1783350357.808914 publish topic=ipi/detector-output-to-ipi-weak-signal-run-1/latency/av-1/request bytes=4503 forwarded=1
1783350357.809582 publish topic=ipi/detector-output-to-ipi-weak-signal-run-1/latency/av-1/ack bytes=233 forwarded=1
1783350358.089138 publish topic=ipi/detector-output-to-ipi-weak-signal-run-1/latency/av-1/request bytes=4503 forwarded=1
1783350358.089777 publish topic=ipi/detector-output-to-ipi-weak-signal-run-1/latency/av-1/ack bytes=233 forwarded=1
1783350358.339398 publish topic=ipi/detector-output-to-ipi-weak-signal-run-1/latency/av-1/request bytes=4503 forwarded=1
1783350358.340029 publish topic=ipi/detector-output-to-ipi-weak-signal-run-1/latency/av-1/ack bytes=233 forwarded=1
1783350358.599792 publish topic=ipi/detector-output-to-ipi-weak-signal-run-1/latency/av-1/request bytes=4503 forwarded=1
1783350358.600466 publish topic=ipi/detector-output-to-ipi-weak-signal-run-1/latency/av-1/ack bytes=233 forwarded=1
1783350358.870070 publish topic=ipi/detector-output-to-ipi-weak-signal-run-1/latency/av-1/request bytes=4503 forwarded=1
1783350358.870730 publish topic=ipi/detector-output-to-ipi-weak-signal-run-1/latency/av-1/ack bytes=233 forwarded=1
1783350359.140541 publish topic=ipi/detector-output-to-ipi-weak-signal-run-1/latency/av-1/request bytes=4503 forwarded=1
1783350359.141182 publish topic=ipi/detector-output-to-ipi-weak-signal-run-1/latency/av-1/ack bytes=233 forwarded=1
1783350359.400713 publish topic=ipi/detector-output-to-ipi-weak-signal-run-1/latency/av-1/request bytes=4503 forwarded=1
1783350359.401433 publish topic=ipi/detector-output-to-ipi-weak-signal-run-1/latency/av-1/ack bytes=233 forwarded=1
1783350359.671264 publish topic=ipi/detector-output-to-ipi-weak-signal-run-1/latency/av-1/request bytes=4503 forwarded=1
1783350359.671926 publish topic=ipi/detector-output-to-ipi-weak-signal-run-1/latency/av-1/ack bytes=233 forwarded=1
1783350359.931672 publish topic=ipi/detector-output-to-ipi-weak-signal-run-1/latency/av-1/request bytes=4503 forwarded=1
1783350359.932313 publish topic=ipi/detector-output-to-ipi-weak-signal-run-1/latency/av-1/ack bytes=233 forwarded=1
1783350360.192130 publish topic=ipi/detector-output-to-ipi-weak-signal-run-1/latency/av-1/request bytes=4503 forwarded=1
1783350360.192836 publish topic=ipi/detector-output-to-ipi-weak-signal-run-1/latency/av-1/ack bytes=233 forwarded=1
1783350360.452283 publish topic=ipi/detector-output-to-ipi-weak-signal-run-1/latency/av-1/request bytes=4503 forwarded=1
1783350360.452966 publish topic=ipi/detector-output-to-ipi-weak-signal-run-1/latency/av-1/ack bytes=233 forwarded=1
1783350360.702413 publish topic=ipi/detector-output-to-ipi-weak-signal-run-1/latency/av-1/request bytes=4503 forwarded=1
1783350360.703095 publish topic=ipi/detector-output-to-ipi-weak-signal-run-1/latency/av-1/ack bytes=233 forwarded=1
1783350360.952763 publish topic=ipi/detector-output-to-ipi-weak-signal-run-1/latency/av-1/request bytes=4503 forwarded=1
1783350360.953426 publish topic=ipi/detector-output-to-ipi-weak-signal-run-1/latency/av-1/ack bytes=233 forwarded=1
1783350361.253155 publish topic=ipi/detector-output-to-ipi-weak-signal-run-1/latency/av-1/request bytes=4503 forwarded=1
1783350361.253828 publish topic=ipi/detector-output-to-ipi-weak-signal-run-1/latency/av-1/ack bytes=233 forwarded=1
1783350361.564044 publish topic=ipi/detector-output-to-ipi-weak-signal-run-1/latency/av-1/request bytes=4503 forwarded=1
1783350361.564696 publish topic=ipi/detector-output-to-ipi-weak-signal-run-1/latency/av-1/ack bytes=233 forwarded=1
1783350361.874582 publish topic=ipi/detector-output-to-ipi-weak-signal-run-1/latency/av-1/request bytes=4503 forwarded=1
1783350361.875247 publish topic=ipi/detector-output-to-ipi-weak-signal-run-1/latency/av-1/ack bytes=233 forwarded=1
1783350362.184882 publish topic=ipi/detector-output-to-ipi-weak-signal-run-1/latency/av-1/request bytes=4503 forwarded=1
1783350362.185650 publish topic=ipi/detector-output-to-ipi-weak-signal-run-1/latency/av-1/ack bytes=233 forwarded=1
1783350362.465723 publish topic=ipi/detector-output-to-ipi-weak-signal-run-1/latency/av-1/request bytes=4503 forwarded=1
1783350362.466429 publish topic=ipi/detector-output-to-ipi-weak-signal-run-1/latency/av-1/ack bytes=233 forwarded=1
1783350362.746196 publish topic=ipi/detector-output-to-ipi-weak-signal-run-1/latency/av-1/request bytes=4503 forwarded=1
1783350362.746940 publish topic=ipi/detector-output-to-ipi-weak-signal-run-1/latency/av-1/ack bytes=233 forwarded=1
1783350363.036723 publish topic=ipi/detector-output-to-ipi-weak-signal-run-1/latency/av-1/request bytes=4503 forwarded=1
1783350363.037362 publish topic=ipi/detector-output-to-ipi-weak-signal-run-1/latency/av-1/ack bytes=233 forwarded=1
1783350363.347341 publish topic=ipi/detector-output-to-ipi-weak-signal-run-1/latency/av-1/request bytes=4503 forwarded=1
1783350363.347991 publish topic=ipi/detector-output-to-ipi-weak-signal-run-1/latency/av-1/ack bytes=233 forwarded=1
1783350363.597689 publish topic=ipi/detector-output-to-ipi-weak-signal-run-1/latency/av-1/request bytes=4503 forwarded=1
1783350363.598303 publish topic=ipi/detector-output-to-ipi-weak-signal-run-1/latency/av-1/ack bytes=233 forwarded=1
1783350363.878262 publish topic=ipi/detector-output-to-ipi-weak-signal-run-1/latency/av-1/request bytes=4503 forwarded=1
1783350363.878896 publish topic=ipi/detector-output-to-ipi-weak-signal-run-1/latency/av-1/ack bytes=233 forwarded=1
1783350364.128582 publish topic=ipi/detector-output-to-ipi-weak-signal-run-1/latency/av-1/request bytes=4503 forwarded=1
1783350364.129164 publish topic=ipi/detector-output-to-ipi-weak-signal-run-1/latency/av-1/ack bytes=233 forwarded=1
1783350364.388805 publish topic=ipi/detector-output-to-ipi-weak-signal-run-1/latency/av-1/request bytes=4503 forwarded=1
1783350364.389500 publish topic=ipi/detector-output-to-ipi-weak-signal-run-1/latency/av-1/ack bytes=233 forwarded=1
1783350364.649335 publish topic=ipi/detector-output-to-ipi-weak-signal-run-1/latency/av-1/request bytes=4503 forwarded=1
1783350364.650065 publish topic=ipi/detector-output-to-ipi-weak-signal-run-1/latency/av-1/ack bytes=233 forwarded=1
1783350364.899837 publish topic=ipi/detector-output-to-ipi-weak-signal-run-1/latency/av-1/request bytes=4503 forwarded=1
1783350364.900477 publish topic=ipi/detector-output-to-ipi-weak-signal-run-1/latency/av-1/ack bytes=233 forwarded=1
1783350365.150046 publish topic=ipi/detector-output-to-ipi-weak-signal-run-1/latency/av-1/request bytes=4503 forwarded=1
1783350365.150705 publish topic=ipi/detector-output-to-ipi-weak-signal-run-1/latency/av-1/ack bytes=233 forwarded=1
1783350365.410244 publish topic=ipi/detector-output-to-ipi-weak-signal-run-1/latency/av-1/request bytes=4503 forwarded=1
1783350365.410905 publish topic=ipi/detector-output-to-ipi-weak-signal-run-1/latency/av-1/ack bytes=233 forwarded=1
1783350365.680666 publish topic=ipi/detector-output-to-ipi-weak-signal-run-1/latency/av-1/request bytes=4503 forwarded=1
1783350365.681314 publish topic=ipi/detector-output-to-ipi-weak-signal-run-1/latency/av-1/ack bytes=233 forwarded=1
1783350365.940883 publish topic=ipi/detector-output-to-ipi-weak-signal-run-1/latency/av-1/request bytes=4503 forwarded=1
1783350365.941563 publish topic=ipi/detector-output-to-ipi-weak-signal-run-1/latency/av-1/ack bytes=233 forwarded=1
1783350366.201090 publish topic=ipi/detector-output-to-ipi-weak-signal-run-1/latency/av-1/request bytes=4503 forwarded=1
1783350366.201809 publish topic=ipi/detector-output-to-ipi-weak-signal-run-1/latency/av-1/ack bytes=233 forwarded=1
1783350366.451514 publish topic=ipi/detector-output-to-ipi-weak-signal-run-1/latency/av-1/request bytes=4503 forwarded=1
1783350366.452324 publish topic=ipi/detector-output-to-ipi-weak-signal-run-1/latency/av-1/ack bytes=233 forwarded=1
1783350366.711664 publish topic=ipi/detector-output-to-ipi-weak-signal-run-1/latency/av-1/request bytes=4503 forwarded=1
1783350366.712349 publish topic=ipi/detector-output-to-ipi-weak-signal-run-1/latency/av-1/ack bytes=233 forwarded=1
1783350366.962108 publish topic=ipi/detector-output-to-ipi-weak-signal-run-1/latency/av-1/request bytes=4503 forwarded=1
1783350366.962809 publish topic=ipi/detector-output-to-ipi-weak-signal-run-1/latency/av-1/ack bytes=233 forwarded=1
1783350367.212383 publish topic=ipi/detector-output-to-ipi-weak-signal-run-1/latency/av-1/request bytes=4503 forwarded=1
1783350367.213143 publish topic=ipi/detector-output-to-ipi-weak-signal-run-1/latency/av-1/ack bytes=233 forwarded=1
1783350367.462615 publish topic=ipi/detector-output-to-ipi-weak-signal-run-1/latency/av-1/request bytes=4503 forwarded=1
1783350367.463289 publish topic=ipi/detector-output-to-ipi-weak-signal-run-1/latency/av-1/ack bytes=233 forwarded=1
1783350367.712759 publish topic=ipi/detector-output-to-ipi-weak-signal-run-1/latency/av-1/request bytes=4503 forwarded=1
1783350367.713444 publish topic=ipi/detector-output-to-ipi-weak-signal-run-1/latency/av-1/ack bytes=233 forwarded=1
1783350367.963566 publish topic=ipi/detector-output-to-ipi-weak-signal-run-1/latency/av-1/request bytes=4503 forwarded=1
1783350367.964243 publish topic=ipi/detector-output-to-ipi-weak-signal-run-1/latency/av-1/ack bytes=233 forwarded=1
1783350368.213695 publish topic=ipi/detector-output-to-ipi-weak-signal-run-1/latency/av-1/request bytes=4503 forwarded=1
1783350368.214370 publish topic=ipi/detector-output-to-ipi-weak-signal-run-1/latency/av-1/ack bytes=233 forwarded=1
1783350368.474113 publish topic=ipi/detector-output-to-ipi-weak-signal-run-1/latency/av-1/request bytes=4503 forwarded=1
1783350368.474774 publish topic=ipi/detector-output-to-ipi-weak-signal-run-1/latency/av-1/ack bytes=233 forwarded=1
1783350368.734608 publish topic=ipi/detector-output-to-ipi-weak-signal-run-1/latency/av-1/request bytes=4503 forwarded=1
1783350368.735294 publish topic=ipi/detector-output-to-ipi-weak-signal-run-1/latency/av-1/ack bytes=233 forwarded=1
1783350368.984820 publish topic=ipi/detector-output-to-ipi-weak-signal-run-1/latency/av-1/request bytes=4503 forwarded=1
1783350368.985514 publish topic=ipi/detector-output-to-ipi-weak-signal-run-1/latency/av-1/ack bytes=233 forwarded=1
1783350369.245427 publish topic=ipi/detector-output-to-ipi-weak-signal-run-1/latency/av-1/request bytes=4503 forwarded=1
1783350369.246131 publish topic=ipi/detector-output-to-ipi-weak-signal-run-1/latency/av-1/ack bytes=233 forwarded=1
1783350369.505881 publish topic=ipi/detector-output-to-ipi-weak-signal-run-1/latency/av-1/request bytes=4503 forwarded=1
1783350369.506625 publish topic=ipi/detector-output-to-ipi-weak-signal-run-1/latency/av-1/ack bytes=233 forwarded=1
1783350369.766116 publish topic=ipi/detector-output-to-ipi-weak-signal-run-1/latency/av-1/request bytes=4503 forwarded=1
1783350369.766911 publish topic=ipi/detector-output-to-ipi-weak-signal-run-1/latency/av-1/ack bytes=233 forwarded=1
1783350370.026494 publish topic=ipi/detector-output-to-ipi-weak-signal-run-1/latency/av-1/request bytes=4503 forwarded=1
1783350370.027227 publish topic=ipi/detector-output-to-ipi-weak-signal-run-1/latency/av-1/ack bytes=233 forwarded=1
1783350370.286906 publish topic=ipi/detector-output-to-ipi-weak-signal-run-1/latency/av-1/request bytes=4503 forwarded=1
1783350370.287595 publish topic=ipi/detector-output-to-ipi-weak-signal-run-1/latency/av-1/ack bytes=233 forwarded=1
1783350370.547201 publish topic=ipi/detector-output-to-ipi-weak-signal-run-1/latency/av-1/request bytes=4503 forwarded=1
1783350370.547880 publish topic=ipi/detector-output-to-ipi-weak-signal-run-1/latency/av-1/ack bytes=233 forwarded=1
1783350370.807954 publish topic=ipi/detector-output-to-ipi-weak-signal-run-1/latency/av-1/request bytes=4503 forwarded=1
1783350370.808600 publish topic=ipi/detector-output-to-ipi-weak-signal-run-1/latency/av-1/ack bytes=233 forwarded=1
1783350371.058226 publish topic=ipi/detector-output-to-ipi-weak-signal-run-1/latency/av-1/request bytes=4503 forwarded=1
1783350371.058885 publish topic=ipi/detector-output-to-ipi-weak-signal-run-1/latency/av-1/ack bytes=233 forwarded=1
1783350371.298665 publish topic=ipi/detector-output-to-ipi-weak-signal-run-1/latency/av-1/request bytes=4503 forwarded=1
1783350371.299297 publish topic=ipi/detector-output-to-ipi-weak-signal-run-1/latency/av-1/ack bytes=233 forwarded=1
1783350371.558799 publish topic=ipi/detector-output-to-ipi-weak-signal-run-1/latency/av-1/request bytes=4503 forwarded=1
1783350371.559520 publish topic=ipi/detector-output-to-ipi-weak-signal-run-1/latency/av-1/ack bytes=233 forwarded=1
1783350371.829251 publish topic=ipi/detector-output-to-ipi-weak-signal-run-1/latency/av-1/request bytes=4503 forwarded=1
1783350371.829900 publish topic=ipi/detector-output-to-ipi-weak-signal-run-1/latency/av-1/ack bytes=233 forwarded=1
1783350372.099839 publish topic=ipi/detector-output-to-ipi-weak-signal-run-1/latency/av-1/request bytes=4503 forwarded=1
1783350372.100516 publish topic=ipi/detector-output-to-ipi-weak-signal-run-1/latency/av-1/ack bytes=233 forwarded=1
1783350372.350253 publish topic=ipi/detector-output-to-ipi-weak-signal-run-1/latency/av-1/request bytes=4503 forwarded=1
1783350372.350931 publish topic=ipi/detector-output-to-ipi-weak-signal-run-1/latency/av-1/ack bytes=233 forwarded=1
1783350372.610674 publish topic=ipi/detector-output-to-ipi-weak-signal-run-1/latency/av-1/request bytes=4503 forwarded=1
1783350372.611448 publish topic=ipi/detector-output-to-ipi-weak-signal-run-1/latency/av-1/ack bytes=233 forwarded=1
1783350372.871040 publish topic=ipi/detector-output-to-ipi-weak-signal-run-1/latency/av-1/request bytes=4503 forwarded=1
1783350372.871681 publish topic=ipi/detector-output-to-ipi-weak-signal-run-1/latency/av-1/ack bytes=233 forwarded=1
1783350373.131469 publish topic=ipi/detector-output-to-ipi-weak-signal-run-1/latency/av-1/request bytes=4503 forwarded=1
1783350373.132126 publish topic=ipi/detector-output-to-ipi-weak-signal-run-1/latency/av-1/ack bytes=233 forwarded=1
1783350373.391577 publish topic=ipi/detector-output-to-ipi-weak-signal-run-1/latency/av-1/request bytes=4503 forwarded=1
1783350373.392243 publish topic=ipi/detector-output-to-ipi-weak-signal-run-1/latency/av-1/ack bytes=233 forwarded=1
1783350373.652429 publish topic=ipi/detector-output-to-ipi-weak-signal-run-1/latency/av-1/request bytes=4503 forwarded=1
1783350373.653079 publish topic=ipi/detector-output-to-ipi-weak-signal-run-1/latency/av-1/ack bytes=233 forwarded=1
1783350373.942693 publish topic=ipi/detector-output-to-ipi-weak-signal-run-1/latency/av-1/request bytes=4503 forwarded=1
1783350373.943316 publish topic=ipi/detector-output-to-ipi-weak-signal-run-1/latency/av-1/ack bytes=233 forwarded=1
1783350374.313720 publish topic=ipi/detector-output-to-ipi-weak-signal-run-1/latency/av-1/request bytes=4503 forwarded=1
1783350374.314336 publish topic=ipi/detector-output-to-ipi-weak-signal-run-1/latency/av-1/ack bytes=233 forwarded=1
1783350374.614053 publish topic=ipi/detector-output-to-ipi-weak-signal-run-1/latency/av-1/request bytes=4503 forwarded=1
1783350374.614757 publish topic=ipi/detector-output-to-ipi-weak-signal-run-1/latency/av-1/ack bytes=233 forwarded=1
1783350374.914731 publish topic=ipi/detector-output-to-ipi-weak-signal-run-1/latency/av-1/request bytes=4503 forwarded=1
1783350374.915355 publish topic=ipi/detector-output-to-ipi-weak-signal-run-1/latency/av-1/ack bytes=233 forwarded=1
1783350375.205174 publish topic=ipi/detector-output-to-ipi-weak-signal-run-1/latency/av-1/request bytes=4503 forwarded=1
1783350375.205871 publish topic=ipi/detector-output-to-ipi-weak-signal-run-1/latency/av-1/ack bytes=233 forwarded=1
1783350375.476099 publish topic=ipi/detector-output-to-ipi-weak-signal-run-1/latency/av-1/request bytes=4503 forwarded=1
1783350375.476870 publish topic=ipi/detector-output-to-ipi-weak-signal-run-1/latency/av-1/ack bytes=233 forwarded=1
1783350375.746627 publish topic=ipi/detector-output-to-ipi-weak-signal-run-1/latency/av-1/request bytes=4503 forwarded=1
1783350375.747252 publish topic=ipi/detector-output-to-ipi-weak-signal-run-1/latency/av-1/ack bytes=233 forwarded=1
1783350376.027239 publish topic=ipi/detector-output-to-ipi-weak-signal-run-1/latency/av-1/request bytes=4503 forwarded=1
1783350376.027878 publish topic=ipi/detector-output-to-ipi-weak-signal-run-1/latency/av-1/ack bytes=233 forwarded=1
1783350376.287555 publish topic=ipi/detector-output-to-ipi-weak-signal-run-1/latency/av-1/request bytes=4503 forwarded=1
1783350376.288213 publish topic=ipi/detector-output-to-ipi-weak-signal-run-1/latency/av-1/ack bytes=233 forwarded=1
1783350376.538079 publish topic=ipi/detector-output-to-ipi-weak-signal-run-1/latency/av-1/request bytes=4503 forwarded=1
1783350376.538759 publish topic=ipi/detector-output-to-ipi-weak-signal-run-1/latency/av-1/ack bytes=233 forwarded=1
1783350376.788631 publish topic=ipi/detector-output-to-ipi-weak-signal-run-1/latency/av-1/request bytes=4503 forwarded=1
1783350376.789319 publish topic=ipi/detector-output-to-ipi-weak-signal-run-1/latency/av-1/ack bytes=233 forwarded=1
1783350377.038945 publish topic=ipi/detector-output-to-ipi-weak-signal-run-1/latency/av-1/request bytes=4503 forwarded=1
1783350377.039629 publish topic=ipi/detector-output-to-ipi-weak-signal-run-1/latency/av-1/ack bytes=233 forwarded=1
1783350377.289312 publish topic=ipi/detector-output-to-ipi-weak-signal-run-1/latency/av-1/request bytes=4503 forwarded=1
1783350377.290008 publish topic=ipi/detector-output-to-ipi-weak-signal-run-1/latency/av-1/ack bytes=233 forwarded=1
1783350377.549752 publish topic=ipi/detector-output-to-ipi-weak-signal-run-1/latency/av-1/request bytes=4503 forwarded=1
1783350377.550390 publish topic=ipi/detector-output-to-ipi-weak-signal-run-1/latency/av-1/ack bytes=233 forwarded=1
1783350377.810129 publish topic=ipi/detector-output-to-ipi-weak-signal-run-1/latency/av-1/request bytes=4503 forwarded=1
1783350377.810828 publish topic=ipi/detector-output-to-ipi-weak-signal-run-1/latency/av-1/ack bytes=233 forwarded=1
1783350378.070613 publish topic=ipi/detector-output-to-ipi-weak-signal-run-1/latency/av-1/request bytes=4503 forwarded=1
1783350378.071226 publish topic=ipi/detector-output-to-ipi-weak-signal-run-1/latency/av-1/ack bytes=233 forwarded=1
1783350378.421517 publish topic=ipi/detector-output-to-ipi-weak-signal-run-1/latency/av-1/request bytes=4503 forwarded=1
1783350378.422291 publish topic=ipi/detector-output-to-ipi-weak-signal-run-1/latency/av-1/ack bytes=233 forwarded=1
1783350378.671759 publish topic=ipi/detector-output-to-ipi-weak-signal-run-1/latency/av-1/request bytes=4503 forwarded=1
1783350378.672545 publish topic=ipi/detector-output-to-ipi-weak-signal-run-1/latency/av-1/ack bytes=233 forwarded=1
1783350378.922295 publish topic=ipi/detector-output-to-ipi-weak-signal-run-1/latency/av-1/request bytes=4503 forwarded=1
1783350378.923044 publish topic=ipi/detector-output-to-ipi-weak-signal-run-1/latency/av-1/ack bytes=233 forwarded=1
1783350379.172590 publish topic=ipi/detector-output-to-ipi-weak-signal-run-1/latency/av-1/request bytes=4503 forwarded=1
1783350379.173323 publish topic=ipi/detector-output-to-ipi-weak-signal-run-1/latency/av-1/ack bytes=233 forwarded=1
1783350379.433239 publish topic=ipi/detector-output-to-ipi-weak-signal-run-1/latency/av-1/request bytes=4503 forwarded=1
1783350379.433957 publish topic=ipi/detector-output-to-ipi-weak-signal-run-1/latency/av-1/ack bytes=233 forwarded=1
1783350379.693515 publish topic=ipi/detector-output-to-ipi-weak-signal-run-1/latency/av-1/request bytes=4503 forwarded=1
1783350379.694239 publish topic=ipi/detector-output-to-ipi-weak-signal-run-1/latency/av-1/ack bytes=233 forwarded=1
1783350379.943815 publish topic=ipi/detector-output-to-ipi-weak-signal-run-1/latency/av-1/request bytes=4503 forwarded=1
1783350379.944529 publish topic=ipi/detector-output-to-ipi-weak-signal-run-1/latency/av-1/ack bytes=233 forwarded=1
1783350380.204178 publish topic=ipi/detector-output-to-ipi-weak-signal-run-1/latency/av-1/request bytes=4503 forwarded=1
1783350380.204927 publish topic=ipi/detector-output-to-ipi-weak-signal-run-1/latency/av-1/ack bytes=233 forwarded=1
1783350380.464144 publish topic=ipi/detector-output-to-ipi-weak-signal-run-1/latency/av-1/request bytes=4503 forwarded=1
1783350380.464878 publish topic=ipi/detector-output-to-ipi-weak-signal-run-1/latency/av-1/ack bytes=233 forwarded=1
1783350380.724618 publish topic=ipi/detector-output-to-ipi-weak-signal-run-1/latency/av-1/request bytes=4503 forwarded=1
1783350380.725327 publish topic=ipi/detector-output-to-ipi-weak-signal-run-1/latency/av-1/ack bytes=233 forwarded=1
1783350380.984749 publish topic=ipi/detector-output-to-ipi-weak-signal-run-1/latency/av-1/request bytes=4503 forwarded=1
1783350380.985490 publish topic=ipi/detector-output-to-ipi-weak-signal-run-1/latency/av-1/ack bytes=233 forwarded=1
1783350381.245089 publish topic=ipi/detector-output-to-ipi-weak-signal-run-1/latency/av-1/request bytes=4503 forwarded=1
1783350381.245760 publish topic=ipi/detector-output-to-ipi-weak-signal-run-1/latency/av-1/ack bytes=233 forwarded=1
1783350381.525624 publish topic=ipi/detector-output-to-ipi-weak-signal-run-1/latency/av-1/request bytes=4503 forwarded=1
1783350381.526345 publish topic=ipi/detector-output-to-ipi-weak-signal-run-1/latency/av-1/ack bytes=233 forwarded=1
1783350381.785901 publish topic=ipi/detector-output-to-ipi-weak-signal-run-1/latency/av-1/request bytes=4503 forwarded=1
1783350381.786685 publish topic=ipi/detector-output-to-ipi-weak-signal-run-1/latency/av-1/ack bytes=233 forwarded=1
1783350382.046293 publish topic=ipi/detector-output-to-ipi-weak-signal-run-1/latency/av-1/request bytes=4503 forwarded=1
1783350382.047090 publish topic=ipi/detector-output-to-ipi-weak-signal-run-1/latency/av-1/ack bytes=233 forwarded=1
1783350382.306640 publish topic=ipi/detector-output-to-ipi-weak-signal-run-1/latency/av-1/request bytes=4503 forwarded=1
1783350382.307374 publish topic=ipi/detector-output-to-ipi-weak-signal-run-1/latency/av-1/ack bytes=233 forwarded=1
1783350382.556603 publish topic=ipi/detector-output-to-ipi-weak-signal-run-1/latency/av-1/request bytes=4503 forwarded=1
1783350382.557355 publish topic=ipi/detector-output-to-ipi-weak-signal-run-1/latency/av-1/ack bytes=233 forwarded=1
1783350382.817033 publish topic=ipi/detector-output-to-ipi-weak-signal-run-1/latency/av-1/request bytes=4503 forwarded=1
1783350382.817797 publish topic=ipi/detector-output-to-ipi-weak-signal-run-1/latency/av-1/ack bytes=233 forwarded=1
1783350383.077584 publish topic=ipi/detector-output-to-ipi-weak-signal-run-1/latency/av-1/request bytes=4503 forwarded=1
1783350383.078323 publish topic=ipi/detector-output-to-ipi-weak-signal-run-1/latency/av-1/ack bytes=233 forwarded=1
1783350383.327885 publish topic=ipi/detector-output-to-ipi-weak-signal-run-1/latency/av-1/request bytes=4503 forwarded=1
1783350383.328632 publish topic=ipi/detector-output-to-ipi-weak-signal-run-1/latency/av-1/ack bytes=233 forwarded=1
1783350383.578156 publish topic=ipi/detector-output-to-ipi-weak-signal-run-1/latency/av-1/request bytes=4503 forwarded=1
1783350383.578946 publish topic=ipi/detector-output-to-ipi-weak-signal-run-1/latency/av-1/ack bytes=233 forwarded=1
1783350383.838226 publish topic=ipi/detector-output-to-ipi-weak-signal-run-1/latency/av-1/request bytes=4503 forwarded=1
1783350383.839017 publish topic=ipi/detector-output-to-ipi-weak-signal-run-1/latency/av-1/ack bytes=233 forwarded=1
1783350384.078496 publish topic=ipi/detector-output-to-ipi-weak-signal-run-1/latency/av-1/request bytes=4503 forwarded=1
1783350384.079237 publish topic=ipi/detector-output-to-ipi-weak-signal-run-1/latency/av-1/ack bytes=233 forwarded=1
1783350384.328810 publish topic=ipi/detector-output-to-ipi-weak-signal-run-1/latency/av-1/request bytes=4503 forwarded=1
1783350384.329541 publish topic=ipi/detector-output-to-ipi-weak-signal-run-1/latency/av-1/ack bytes=233 forwarded=1
1783350384.589171 publish topic=ipi/detector-output-to-ipi-weak-signal-run-1/latency/av-1/request bytes=4503 forwarded=1
1783350384.589927 publish topic=ipi/detector-output-to-ipi-weak-signal-run-1/latency/av-1/ack bytes=233 forwarded=1
1783350384.839527 publish topic=ipi/detector-output-to-ipi-weak-signal-run-1/latency/av-1/request bytes=4503 forwarded=1
1783350384.840255 publish topic=ipi/detector-output-to-ipi-weak-signal-run-1/latency/av-1/ack bytes=233 forwarded=1
1783350385.089814 publish topic=ipi/detector-output-to-ipi-weak-signal-run-1/latency/av-1/request bytes=4503 forwarded=1
1783350385.090632 publish topic=ipi/detector-output-to-ipi-weak-signal-run-1/latency/av-1/ack bytes=233 forwarded=1
1783350385.350134 publish topic=ipi/detector-output-to-ipi-weak-signal-run-1/latency/av-1/request bytes=4503 forwarded=1
1783350385.350925 publish topic=ipi/detector-output-to-ipi-weak-signal-run-1/latency/av-1/ack bytes=233 forwarded=1
1783350385.600339 publish topic=ipi/detector-output-to-ipi-weak-signal-run-1/latency/av-1/request bytes=4503 forwarded=1
1783350385.601094 publish topic=ipi/detector-output-to-ipi-weak-signal-run-1/latency/av-1/ack bytes=233 forwarded=1
1783350385.860569 publish topic=ipi/detector-output-to-ipi-weak-signal-run-1/latency/av-1/request bytes=4503 forwarded=1
1783350385.861305 publish topic=ipi/detector-output-to-ipi-weak-signal-run-1/latency/av-1/ack bytes=233 forwarded=1
1783350386.120784 publish topic=ipi/detector-output-to-ipi-weak-signal-run-1/latency/av-1/request bytes=4503 forwarded=1
1783350386.121478 publish topic=ipi/detector-output-to-ipi-weak-signal-run-1/latency/av-1/ack bytes=233 forwarded=1
1783350386.371250 publish topic=ipi/detector-output-to-ipi-weak-signal-run-1/latency/av-1/request bytes=4503 forwarded=1
1783350386.371896 publish topic=ipi/detector-output-to-ipi-weak-signal-run-1/latency/av-1/ack bytes=233 forwarded=1
1783350386.641809 publish topic=ipi/detector-output-to-ipi-weak-signal-run-1/latency/av-1/request bytes=4503 forwarded=1
1783350386.642473 publish topic=ipi/detector-output-to-ipi-weak-signal-run-1/latency/av-1/ack bytes=233 forwarded=1
1783350386.912242 publish topic=ipi/detector-output-to-ipi-weak-signal-run-1/latency/av-1/request bytes=4503 forwarded=1
1783350386.912937 publish topic=ipi/detector-output-to-ipi-weak-signal-run-1/latency/av-1/ack bytes=233 forwarded=1
1783350387.182611 publish topic=ipi/detector-output-to-ipi-weak-signal-run-1/latency/av-1/request bytes=4503 forwarded=1
1783350387.183282 publish topic=ipi/detector-output-to-ipi-weak-signal-run-1/latency/av-1/ack bytes=233 forwarded=1
1783350387.453001 publish topic=ipi/detector-output-to-ipi-weak-signal-run-1/latency/av-1/request bytes=4503 forwarded=1
1783350387.453630 publish topic=ipi/detector-output-to-ipi-weak-signal-run-1/latency/av-1/ack bytes=233 forwarded=1
1783350387.743485 publish topic=ipi/detector-output-to-ipi-weak-signal-run-1/latency/av-1/request bytes=4503 forwarded=1
1783350387.744171 publish topic=ipi/detector-output-to-ipi-weak-signal-run-1/latency/av-1/ack bytes=233 forwarded=1
1783350388.044132 publish topic=ipi/detector-output-to-ipi-weak-signal-run-1/latency/av-1/request bytes=4503 forwarded=1
1783350388.044754 publish topic=ipi/detector-output-to-ipi-weak-signal-run-1/latency/av-1/ack bytes=233 forwarded=1
1783350388.324500 publish topic=ipi/detector-output-to-ipi-weak-signal-run-1/latency/av-1/request bytes=4503 forwarded=1
1783350388.325121 publish topic=ipi/detector-output-to-ipi-weak-signal-run-1/latency/av-1/ack bytes=233 forwarded=1
1783350388.574957 publish topic=ipi/detector-output-to-ipi-weak-signal-run-1/latency/av-1/request bytes=4503 forwarded=1
1783350388.575577 publish topic=ipi/detector-output-to-ipi-weak-signal-run-1/latency/av-1/ack bytes=233 forwarded=1
1783350388.825272 publish topic=ipi/detector-output-to-ipi-weak-signal-run-1/latency/av-1/request bytes=4503 forwarded=1
1783350388.826095 publish topic=ipi/detector-output-to-ipi-weak-signal-run-1/latency/av-1/ack bytes=233 forwarded=1
1783350389.095533 publish topic=ipi/detector-output-to-ipi-weak-signal-run-1/latency/av-1/request bytes=4503 forwarded=1
1783350389.096114 publish topic=ipi/detector-output-to-ipi-weak-signal-run-1/latency/av-1/ack bytes=233 forwarded=1
1783350389.356041 publish topic=ipi/detector-output-to-ipi-weak-signal-run-1/latency/av-1/request bytes=4503 forwarded=1
1783350389.356654 publish topic=ipi/detector-output-to-ipi-weak-signal-run-1/latency/av-1/ack bytes=233 forwarded=1
1783350389.616314 publish topic=ipi/detector-output-to-ipi-weak-signal-run-1/latency/av-1/request bytes=4503 forwarded=1
1783350389.616920 publish topic=ipi/detector-output-to-ipi-weak-signal-run-1/latency/av-1/ack bytes=233 forwarded=1
1783350389.876665 publish topic=ipi/detector-output-to-ipi-weak-signal-run-1/latency/av-1/request bytes=4503 forwarded=1
1783350389.877343 publish topic=ipi/detector-output-to-ipi-weak-signal-run-1/latency/av-1/ack bytes=233 forwarded=1
1783350390.136933 publish topic=ipi/detector-output-to-ipi-weak-signal-run-1/latency/av-1/request bytes=4503 forwarded=1
1783350390.137543 publish topic=ipi/detector-output-to-ipi-weak-signal-run-1/latency/av-1/ack bytes=233 forwarded=1
1783350390.387116 publish topic=ipi/detector-output-to-ipi-weak-signal-run-1/latency/av-1/request bytes=4503 forwarded=1
1783350390.387760 publish topic=ipi/detector-output-to-ipi-weak-signal-run-1/latency/av-1/ack bytes=233 forwarded=1
1783350390.647383 publish topic=ipi/detector-output-to-ipi-weak-signal-run-1/latency/av-1/request bytes=4503 forwarded=1
1783350390.648060 publish topic=ipi/detector-output-to-ipi-weak-signal-run-1/latency/av-1/ack bytes=233 forwarded=1
1783350390.907940 publish topic=ipi/detector-output-to-ipi-weak-signal-run-1/latency/av-1/request bytes=4503 forwarded=1
1783350390.908614 publish topic=ipi/detector-output-to-ipi-weak-signal-run-1/latency/av-1/ack bytes=233 forwarded=1
1783350391.168163 publish topic=ipi/detector-output-to-ipi-weak-signal-run-1/latency/av-1/request bytes=4503 forwarded=1
1783350391.168926 publish topic=ipi/detector-output-to-ipi-weak-signal-run-1/latency/av-1/ack bytes=233 forwarded=1
1783350391.428375 publish topic=ipi/detector-output-to-ipi-weak-signal-run-1/latency/av-1/request bytes=4503 forwarded=1
1783350391.429073 publish topic=ipi/detector-output-to-ipi-weak-signal-run-1/latency/av-1/ack bytes=233 forwarded=1
1783350391.688688 publish topic=ipi/detector-output-to-ipi-weak-signal-run-1/latency/av-1/request bytes=4503 forwarded=1
1783350391.689373 publish topic=ipi/detector-output-to-ipi-weak-signal-run-1/latency/av-1/ack bytes=233 forwarded=1
1783350391.949089 publish topic=ipi/detector-output-to-ipi-weak-signal-run-1/latency/av-1/request bytes=4503 forwarded=1
1783350391.949847 publish topic=ipi/detector-output-to-ipi-weak-signal-run-1/latency/av-1/ack bytes=233 forwarded=1
1783350392.219240 publish topic=ipi/detector-output-to-ipi-weak-signal-run-1/latency/av-1/request bytes=4503 forwarded=1
1783350392.219965 publish topic=ipi/detector-output-to-ipi-weak-signal-run-1/latency/av-1/ack bytes=233 forwarded=1
1783350392.499696 publish topic=ipi/detector-output-to-ipi-weak-signal-run-1/latency/av-1/request bytes=4503 forwarded=1
1783350392.500451 publish topic=ipi/detector-output-to-ipi-weak-signal-run-1/latency/av-1/ack bytes=233 forwarded=1
1783350392.750103 publish topic=ipi/detector-output-to-ipi-weak-signal-run-1/latency/av-1/request bytes=4503 forwarded=1
1783350392.750869 publish topic=ipi/detector-output-to-ipi-weak-signal-run-1/latency/av-1/ack bytes=233 forwarded=1
1783350393.000266 publish topic=ipi/detector-output-to-ipi-weak-signal-run-1/latency/av-1/request bytes=4503 forwarded=1
1783350393.000937 publish topic=ipi/detector-output-to-ipi-weak-signal-run-1/latency/av-1/ack bytes=233 forwarded=1
1783350393.250400 publish topic=ipi/detector-output-to-ipi-weak-signal-run-1/latency/av-1/request bytes=4503 forwarded=1
1783350393.251108 publish topic=ipi/detector-output-to-ipi-weak-signal-run-1/latency/av-1/ack bytes=233 forwarded=1
1783350393.500785 publish topic=ipi/detector-output-to-ipi-weak-signal-run-1/latency/av-1/request bytes=4503 forwarded=1
1783350393.501505 publish topic=ipi/detector-output-to-ipi-weak-signal-run-1/latency/av-1/ack bytes=233 forwarded=1
1783350393.781270 publish topic=ipi/detector-output-to-ipi-weak-signal-run-1/latency/av-1/request bytes=4503 forwarded=1
1783350393.781982 publish topic=ipi/detector-output-to-ipi-weak-signal-run-1/latency/av-1/ack bytes=233 forwarded=1
1783350394.041691 publish topic=ipi/detector-output-to-ipi-weak-signal-run-1/latency/av-1/request bytes=4503 forwarded=1
1783350394.042423 publish topic=ipi/detector-output-to-ipi-weak-signal-run-1/latency/av-1/ack bytes=233 forwarded=1
1783350394.301893 publish topic=ipi/detector-output-to-ipi-weak-signal-run-1/latency/av-1/request bytes=4503 forwarded=1
1783350394.302663 publish topic=ipi/detector-output-to-ipi-weak-signal-run-1/latency/av-1/ack bytes=233 forwarded=1
1783350394.552148 publish topic=ipi/detector-output-to-ipi-weak-signal-run-1/latency/av-1/request bytes=4503 forwarded=1
1783350394.552860 publish topic=ipi/detector-output-to-ipi-weak-signal-run-1/latency/av-1/ack bytes=233 forwarded=1
1783350394.802370 publish topic=ipi/detector-output-to-ipi-weak-signal-run-1/latency/av-1/request bytes=4503 forwarded=1
1783350394.803231 publish topic=ipi/detector-output-to-ipi-weak-signal-run-1/latency/av-1/ack bytes=233 forwarded=1
1783350395.062627 publish topic=ipi/detector-output-to-ipi-weak-signal-run-1/latency/av-1/request bytes=4503 forwarded=1
1783350395.063344 publish topic=ipi/detector-output-to-ipi-weak-signal-run-1/latency/av-1/ack bytes=233 forwarded=1
1783350395.322915 publish topic=ipi/detector-output-to-ipi-weak-signal-run-1/latency/av-1/request bytes=4503 forwarded=1
1783350395.323610 publish topic=ipi/detector-output-to-ipi-weak-signal-run-1/latency/av-1/ack bytes=233 forwarded=1
1783350395.563303 publish topic=ipi/detector-output-to-ipi-weak-signal-run-1/latency/av-1/request bytes=4503 forwarded=1
1783350395.564015 publish topic=ipi/detector-output-to-ipi-weak-signal-run-1/latency/av-1/ack bytes=233 forwarded=1
1783350395.813635 publish topic=ipi/detector-output-to-ipi-weak-signal-run-1/latency/av-1/request bytes=4503 forwarded=1
1783350395.814347 publish topic=ipi/detector-output-to-ipi-weak-signal-run-1/latency/av-1/ack bytes=233 forwarded=1
1783350396.064025 publish topic=ipi/detector-output-to-ipi-weak-signal-run-1/latency/av-1/request bytes=4503 forwarded=1
1783350396.064738 publish topic=ipi/detector-output-to-ipi-weak-signal-run-1/latency/av-1/ack bytes=233 forwarded=1
1783350396.314221 publish topic=ipi/detector-output-to-ipi-weak-signal-run-1/latency/av-1/request bytes=4503 forwarded=1
1783350396.314893 publish topic=ipi/detector-output-to-ipi-weak-signal-run-1/latency/av-1/ack bytes=233 forwarded=1
1783350396.564516 publish topic=ipi/detector-output-to-ipi-weak-signal-run-1/latency/av-1/request bytes=4503 forwarded=1
1783350396.565162 publish topic=ipi/detector-output-to-ipi-weak-signal-run-1/latency/av-1/ack bytes=233 forwarded=1
1783350396.814784 publish topic=ipi/detector-output-to-ipi-weak-signal-run-1/latency/av-1/request bytes=4503 forwarded=1
1783350396.815421 publish topic=ipi/detector-output-to-ipi-weak-signal-run-1/latency/av-1/ack bytes=233 forwarded=1
1783350397.085125 publish topic=ipi/detector-output-to-ipi-weak-signal-run-1/latency/av-1/request bytes=4503 forwarded=1
1783350397.085884 publish topic=ipi/detector-output-to-ipi-weak-signal-run-1/latency/av-1/ack bytes=233 forwarded=1
1783350397.335432 publish topic=ipi/detector-output-to-ipi-weak-signal-run-1/latency/av-1/request bytes=4503 forwarded=1
1783350397.336195 publish topic=ipi/detector-output-to-ipi-weak-signal-run-1/latency/av-1/ack bytes=233 forwarded=1
1783350397.595742 publish topic=ipi/detector-output-to-ipi-weak-signal-run-1/latency/av-1/request bytes=4503 forwarded=1
1783350397.596410 publish topic=ipi/detector-output-to-ipi-weak-signal-run-1/latency/av-1/ack bytes=233 forwarded=1
1783350397.846053 publish topic=ipi/detector-output-to-ipi-weak-signal-run-1/latency/av-1/request bytes=4503 forwarded=1
1783350397.846842 publish topic=ipi/detector-output-to-ipi-weak-signal-run-1/latency/av-1/ack bytes=233 forwarded=1
1783350398.096112 publish topic=ipi/detector-output-to-ipi-weak-signal-run-1/latency/av-1/request bytes=4503 forwarded=1
1783350398.096800 publish topic=ipi/detector-output-to-ipi-weak-signal-run-1/latency/av-1/ack bytes=233 forwarded=1
1783350398.356568 publish topic=ipi/detector-output-to-ipi-weak-signal-run-1/latency/av-1/request bytes=4503 forwarded=1
1783350398.357185 publish topic=ipi/detector-output-to-ipi-weak-signal-run-1/latency/av-1/ack bytes=233 forwarded=1
1783350398.626990 publish topic=ipi/detector-output-to-ipi-weak-signal-run-1/latency/av-1/request bytes=4503 forwarded=1
1783350398.627608 publish topic=ipi/detector-output-to-ipi-weak-signal-run-1/latency/av-1/ack bytes=233 forwarded=1
1783350398.907581 publish topic=ipi/detector-output-to-ipi-weak-signal-run-1/latency/av-1/request bytes=4503 forwarded=1
1783350398.908291 publish topic=ipi/detector-output-to-ipi-weak-signal-run-1/latency/av-1/ack bytes=233 forwarded=1
1783350399.157820 publish topic=ipi/detector-output-to-ipi-weak-signal-run-1/latency/av-1/request bytes=4503 forwarded=1
1783350399.158611 publish topic=ipi/detector-output-to-ipi-weak-signal-run-1/latency/av-1/ack bytes=233 forwarded=1
1783350399.428173 publish topic=ipi/detector-output-to-ipi-weak-signal-run-1/latency/av-1/request bytes=4503 forwarded=1
1783350399.428807 publish topic=ipi/detector-output-to-ipi-weak-signal-run-1/latency/av-1/ack bytes=233 forwarded=1
1783350399.728684 publish topic=ipi/detector-output-to-ipi-weak-signal-run-1/latency/av-1/request bytes=4503 forwarded=1
1783350399.729327 publish topic=ipi/detector-output-to-ipi-weak-signal-run-1/latency/av-1/ack bytes=233 forwarded=1
1783350400.029675 publish topic=ipi/detector-output-to-ipi-weak-signal-run-1/latency/av-1/request bytes=4503 forwarded=1
1783350400.030382 publish topic=ipi/detector-output-to-ipi-weak-signal-run-1/latency/av-1/ack bytes=233 forwarded=1
1783350400.310400 publish topic=ipi/detector-output-to-ipi-weak-signal-run-1/latency/av-1/request bytes=4503 forwarded=1
1783350400.311131 publish topic=ipi/detector-output-to-ipi-weak-signal-run-1/latency/av-1/ack bytes=233 forwarded=1
1783350400.570956 publish topic=ipi/detector-output-to-ipi-weak-signal-run-1/latency/av-1/request bytes=4503 forwarded=1
1783350400.571599 publish topic=ipi/detector-output-to-ipi-weak-signal-run-1/latency/av-1/ack bytes=233 forwarded=1
1783350400.821733 publish topic=ipi/detector-output-to-ipi-weak-signal-run-1/latency/av-1/request bytes=4503 forwarded=1
1783350400.822370 publish topic=ipi/detector-output-to-ipi-weak-signal-run-1/latency/av-1/ack bytes=233 forwarded=1
1783350401.071986 publish topic=ipi/detector-output-to-ipi-weak-signal-run-1/latency/av-1/request bytes=4503 forwarded=1
1783350401.072598 publish topic=ipi/detector-output-to-ipi-weak-signal-run-1/latency/av-1/ack bytes=233 forwarded=1
1783350401.322503 publish topic=ipi/detector-output-to-ipi-weak-signal-run-1/latency/av-1/request bytes=4503 forwarded=1
1783350401.323147 publish topic=ipi/detector-output-to-ipi-weak-signal-run-1/latency/av-1/ack bytes=233 forwarded=1
1783350401.572989 publish topic=ipi/detector-output-to-ipi-weak-signal-run-1/latency/av-1/request bytes=4503 forwarded=1
1783350401.573615 publish topic=ipi/detector-output-to-ipi-weak-signal-run-1/latency/av-1/ack bytes=233 forwarded=1
1783350401.823562 publish topic=ipi/detector-output-to-ipi-weak-signal-run-1/latency/av-1/request bytes=4503 forwarded=1
1783350401.824268 publish topic=ipi/detector-output-to-ipi-weak-signal-run-1/latency/av-1/ack bytes=233 forwarded=1
1783350402.083966 publish topic=ipi/detector-output-to-ipi-weak-signal-run-1/latency/av-1/request bytes=4503 forwarded=1
1783350402.084626 publish topic=ipi/detector-output-to-ipi-weak-signal-run-1/latency/av-1/ack bytes=233 forwarded=1
1783350402.354367 publish topic=ipi/detector-output-to-ipi-weak-signal-run-1/latency/av-1/request bytes=4503 forwarded=1
1783350402.355029 publish topic=ipi/detector-output-to-ipi-weak-signal-run-1/latency/av-1/ack bytes=233 forwarded=1
1783350402.604874 publish topic=ipi/detector-output-to-ipi-weak-signal-run-1/latency/av-1/request bytes=4503 forwarded=1
1783350402.605501 publish topic=ipi/detector-output-to-ipi-weak-signal-run-1/latency/av-1/ack bytes=233 forwarded=1
1783350402.865571 publish topic=ipi/detector-output-to-ipi-weak-signal-run-1/latency/av-1/request bytes=4503 forwarded=1
1783350402.866224 publish topic=ipi/detector-output-to-ipi-weak-signal-run-1/latency/av-1/ack bytes=233 forwarded=1
1783350403.125823 publish topic=ipi/detector-output-to-ipi-weak-signal-run-1/latency/av-1/request bytes=4503 forwarded=1
1783350403.126510 publish topic=ipi/detector-output-to-ipi-weak-signal-run-1/latency/av-1/ack bytes=233 forwarded=1
1783350403.376534 publish topic=ipi/detector-output-to-ipi-weak-signal-run-1/latency/av-1/request bytes=4503 forwarded=1
1783350403.377251 publish topic=ipi/detector-output-to-ipi-weak-signal-run-1/latency/av-1/ack bytes=233 forwarded=1
1783350403.636815 publish topic=ipi/detector-output-to-ipi-weak-signal-run-1/latency/av-1/request bytes=4503 forwarded=1
1783350403.637509 publish topic=ipi/detector-output-to-ipi-weak-signal-run-1/latency/av-1/ack bytes=233 forwarded=1
1783350403.887456 publish topic=ipi/detector-output-to-ipi-weak-signal-run-1/latency/av-1/request bytes=4503 forwarded=1
1783350403.888155 publish topic=ipi/detector-output-to-ipi-weak-signal-run-1/latency/av-1/ack bytes=233 forwarded=1
1783350404.137649 publish topic=ipi/detector-output-to-ipi-weak-signal-run-1/latency/av-1/request bytes=4503 forwarded=1
1783350404.138376 publish topic=ipi/detector-output-to-ipi-weak-signal-run-1/latency/av-1/ack bytes=233 forwarded=1
1783350404.388434 publish topic=ipi/detector-output-to-ipi-weak-signal-run-1/latency/av-1/request bytes=4503 forwarded=1
1783350404.389096 publish topic=ipi/detector-output-to-ipi-weak-signal-run-1/latency/av-1/ack bytes=233 forwarded=1
1783350404.648282 publish topic=ipi/detector-output-to-ipi-weak-signal-run-1/latency/av-1/request bytes=4503 forwarded=1
1783350404.648572 publish topic=ipi/detector-output-to-ipi-weak-signal-run-1/latency/av-1/ack bytes=233 forwarded=1
1783350404.899254 publish topic=ipi/detector-output-to-ipi-weak-signal-run-1/latency/av-1/request bytes=4503 forwarded=1
1783350404.899551 publish topic=ipi/detector-output-to-ipi-weak-signal-run-1/latency/av-1/ack bytes=233 forwarded=1
1783350405.149942 publish topic=ipi/detector-output-to-ipi-weak-signal-run-1/latency/av-1/request bytes=4503 forwarded=1
1783350405.150690 publish topic=ipi/detector-output-to-ipi-weak-signal-run-1/latency/av-1/ack bytes=233 forwarded=1
1783350405.400111 publish topic=ipi/detector-output-to-ipi-weak-signal-run-1/latency/av-1/request bytes=4503 forwarded=1
1783350405.400822 publish topic=ipi/detector-output-to-ipi-weak-signal-run-1/latency/av-1/ack bytes=233 forwarded=1
1783350405.640646 publish topic=ipi/detector-output-to-ipi-weak-signal-run-1/latency/av-1/request bytes=4503 forwarded=1
1783350405.641353 publish topic=ipi/detector-output-to-ipi-weak-signal-run-1/latency/av-1/ack bytes=233 forwarded=1
1783350405.911362 publish topic=ipi/detector-output-to-ipi-weak-signal-run-1/latency/av-1/request bytes=4503 forwarded=1
1783350405.912060 publish topic=ipi/detector-output-to-ipi-weak-signal-run-1/latency/av-1/ack bytes=233 forwarded=1
1783350406.171886 publish topic=ipi/detector-output-to-ipi-weak-signal-run-1/latency/av-1/request bytes=4503 forwarded=1
1783350406.172588 publish topic=ipi/detector-output-to-ipi-weak-signal-run-1/latency/av-1/ack bytes=233 forwarded=1
1783350406.432189 publish topic=ipi/detector-output-to-ipi-weak-signal-run-1/latency/av-1/request bytes=4503 forwarded=1
1783350406.432897 publish topic=ipi/detector-output-to-ipi-weak-signal-run-1/latency/av-1/ack bytes=233 forwarded=1
1783350406.682580 publish topic=ipi/detector-output-to-ipi-weak-signal-run-1/latency/av-1/request bytes=4503 forwarded=1
1783350406.683306 publish topic=ipi/detector-output-to-ipi-weak-signal-run-1/latency/av-1/ack bytes=233 forwarded=1
1783350406.933226 publish topic=ipi/detector-output-to-ipi-weak-signal-run-1/latency/av-1/request bytes=4503 forwarded=1
1783350406.933923 publish topic=ipi/detector-output-to-ipi-weak-signal-run-1/latency/av-1/ack bytes=233 forwarded=1
1783350407.183711 publish topic=ipi/detector-output-to-ipi-weak-signal-run-1/latency/av-1/request bytes=4503 forwarded=1
1783350407.184426 publish topic=ipi/detector-output-to-ipi-weak-signal-run-1/latency/av-1/ack bytes=233 forwarded=1
1783350407.434010 publish topic=ipi/detector-output-to-ipi-weak-signal-run-1/latency/av-1/request bytes=4503 forwarded=1
1783350407.434755 publish topic=ipi/detector-output-to-ipi-weak-signal-run-1/latency/av-1/ack bytes=233 forwarded=1
1783350407.704561 publish topic=ipi/detector-output-to-ipi-weak-signal-run-1/latency/av-1/request bytes=4503 forwarded=1
1783350407.705274 publish topic=ipi/detector-output-to-ipi-weak-signal-run-1/latency/av-1/ack bytes=233 forwarded=1
1783350407.965023 publish topic=ipi/detector-output-to-ipi-weak-signal-run-1/latency/av-1/request bytes=4503 forwarded=1
1783350407.965729 publish topic=ipi/detector-output-to-ipi-weak-signal-run-1/latency/av-1/ack bytes=233 forwarded=1
1783350408.215382 publish topic=ipi/detector-output-to-ipi-weak-signal-run-1/latency/av-1/request bytes=4503 forwarded=1
1783350408.216079 publish topic=ipi/detector-output-to-ipi-weak-signal-run-1/latency/av-1/ack bytes=233 forwarded=1
1783350408.465742 publish topic=ipi/detector-output-to-ipi-weak-signal-run-1/latency/av-1/request bytes=4503 forwarded=1
1783350408.466505 publish topic=ipi/detector-output-to-ipi-weak-signal-run-1/latency/av-1/ack bytes=233 forwarded=1
1783350408.726064 publish topic=ipi/detector-output-to-ipi-weak-signal-run-1/latency/av-1/request bytes=4503 forwarded=1
1783350408.726802 publish topic=ipi/detector-output-to-ipi-weak-signal-run-1/latency/av-1/ack bytes=233 forwarded=1
1783350408.976509 publish topic=ipi/detector-output-to-ipi-weak-signal-run-1/latency/av-1/request bytes=4503 forwarded=1
1783350408.977269 publish topic=ipi/detector-output-to-ipi-weak-signal-run-1/latency/av-1/ack bytes=233 forwarded=1
1783350409.236773 publish topic=ipi/detector-output-to-ipi-weak-signal-run-1/latency/av-1/request bytes=4503 forwarded=1
1783350409.237488 publish topic=ipi/detector-output-to-ipi-weak-signal-run-1/latency/av-1/ack bytes=233 forwarded=1
1783350409.497036 publish topic=ipi/detector-output-to-ipi-weak-signal-run-1/latency/av-1/request bytes=4503 forwarded=1
1783350409.497742 publish topic=ipi/detector-output-to-ipi-weak-signal-run-1/latency/av-1/ack bytes=233 forwarded=1
1783350409.757449 publish topic=ipi/detector-output-to-ipi-weak-signal-run-1/latency/av-1/request bytes=4503 forwarded=1
1783350409.758167 publish topic=ipi/detector-output-to-ipi-weak-signal-run-1/latency/av-1/ack bytes=233 forwarded=1
1783350410.007814 publish topic=ipi/detector-output-to-ipi-weak-signal-run-1/latency/av-1/request bytes=4503 forwarded=1
1783350410.008530 publish topic=ipi/detector-output-to-ipi-weak-signal-run-1/latency/av-1/ack bytes=233 forwarded=1
1783350410.268152 publish topic=ipi/detector-output-to-ipi-weak-signal-run-1/latency/av-1/request bytes=4503 forwarded=1
1783350410.268801 publish topic=ipi/detector-output-to-ipi-weak-signal-run-1/latency/av-1/ack bytes=233 forwarded=1
1783350410.528429 publish topic=ipi/detector-output-to-ipi-weak-signal-run-1/latency/av-1/request bytes=4503 forwarded=1
1783350410.529012 publish topic=ipi/detector-output-to-ipi-weak-signal-run-1/latency/av-1/ack bytes=233 forwarded=1
1783350410.788857 publish topic=ipi/detector-output-to-ipi-weak-signal-run-1/latency/av-1/request bytes=4503 forwarded=1
1783350410.789543 publish topic=ipi/detector-output-to-ipi-weak-signal-run-1/latency/av-1/ack bytes=233 forwarded=1
1783350411.059321 publish topic=ipi/detector-output-to-ipi-weak-signal-run-1/latency/av-1/request bytes=4503 forwarded=1
1783350411.060001 publish topic=ipi/detector-output-to-ipi-weak-signal-run-1/latency/av-1/ack bytes=233 forwarded=1
1783350411.359768 publish topic=ipi/detector-output-to-ipi-weak-signal-run-1/latency/av-1/request bytes=4503 forwarded=1
1783350411.360454 publish topic=ipi/detector-output-to-ipi-weak-signal-run-1/latency/av-1/ack bytes=233 forwarded=1
1783350411.620178 publish topic=ipi/detector-output-to-ipi-weak-signal-run-1/latency/av-1/request bytes=4503 forwarded=1
1783350411.620874 publish topic=ipi/detector-output-to-ipi-weak-signal-run-1/latency/av-1/ack bytes=233 forwarded=1
1783350411.860703 publish topic=ipi/detector-output-to-ipi-weak-signal-run-1/latency/av-1/request bytes=4503 forwarded=1
1783350411.861403 publish topic=ipi/detector-output-to-ipi-weak-signal-run-1/latency/av-1/ack bytes=233 forwarded=1
1783350412.131280 publish topic=ipi/detector-output-to-ipi-weak-signal-run-1/latency/av-1/request bytes=4503 forwarded=1
1783350412.131932 publish topic=ipi/detector-output-to-ipi-weak-signal-run-1/latency/av-1/ack bytes=233 forwarded=1
1783350412.421632 publish topic=ipi/detector-output-to-ipi-weak-signal-run-1/latency/av-1/request bytes=4503 forwarded=1
1783350412.422295 publish topic=ipi/detector-output-to-ipi-weak-signal-run-1/latency/av-1/ack bytes=233 forwarded=1
1783350412.712095 publish topic=ipi/detector-output-to-ipi-weak-signal-run-1/latency/av-1/request bytes=4503 forwarded=1
1783350412.712765 publish topic=ipi/detector-output-to-ipi-weak-signal-run-1/latency/av-1/ack bytes=233 forwarded=1
1783350412.972769 publish topic=ipi/detector-output-to-ipi-weak-signal-run-1/latency/av-1/request bytes=4503 forwarded=1
1783350412.973444 publish topic=ipi/detector-output-to-ipi-weak-signal-run-1/latency/av-1/ack bytes=233 forwarded=1
1783350413.233202 publish topic=ipi/detector-output-to-ipi-weak-signal-run-1/latency/av-1/request bytes=4503 forwarded=1
1783350413.233854 publish topic=ipi/detector-output-to-ipi-weak-signal-run-1/latency/av-1/ack bytes=233 forwarded=1
1783350413.473478 publish topic=ipi/detector-output-to-ipi-weak-signal-run-1/latency/av-1/request bytes=4503 forwarded=1
1783350413.474145 publish topic=ipi/detector-output-to-ipi-weak-signal-run-1/latency/av-1/ack bytes=233 forwarded=1
1783350413.723688 publish topic=ipi/detector-output-to-ipi-weak-signal-run-1/latency/av-1/request bytes=4503 forwarded=1
1783350413.724389 publish topic=ipi/detector-output-to-ipi-weak-signal-run-1/latency/av-1/ack bytes=233 forwarded=1
1783350413.974091 publish topic=ipi/detector-output-to-ipi-weak-signal-run-1/latency/av-1/request bytes=4503 forwarded=1
1783350413.974846 publish topic=ipi/detector-output-to-ipi-weak-signal-run-1/latency/av-1/ack bytes=233 forwarded=1
1783350414.224109 publish topic=ipi/detector-output-to-ipi-weak-signal-run-1/latency/av-1/request bytes=4503 forwarded=1
1783350414.224834 publish topic=ipi/detector-output-to-ipi-weak-signal-run-1/latency/av-1/ack bytes=233 forwarded=1
1783350414.474662 publish topic=ipi/detector-output-to-ipi-weak-signal-run-1/latency/av-1/request bytes=4503 forwarded=1
1783350414.475365 publish topic=ipi/detector-output-to-ipi-weak-signal-run-1/latency/av-1/ack bytes=233 forwarded=1
1783350414.724925 publish topic=ipi/detector-output-to-ipi-weak-signal-run-1/latency/av-1/request bytes=4503 forwarded=1
1783350414.725596 publish topic=ipi/detector-output-to-ipi-weak-signal-run-1/latency/av-1/ack bytes=233 forwarded=1
1783350414.965250 publish topic=ipi/detector-output-to-ipi-weak-signal-run-1/latency/av-1/request bytes=4503 forwarded=1
1783350414.965954 publish topic=ipi/detector-output-to-ipi-weak-signal-run-1/latency/av-1/ack bytes=233 forwarded=1
1783350415.225365 publish topic=ipi/detector-output-to-ipi-weak-signal-run-1/latency/av-1/request bytes=4503 forwarded=1
1783350415.226003 publish topic=ipi/detector-output-to-ipi-weak-signal-run-1/latency/av-1/ack bytes=233 forwarded=1
1783350415.485643 publish topic=ipi/detector-output-to-ipi-weak-signal-run-1/latency/av-1/request bytes=4503 forwarded=1
1783350415.485850 publish topic=ipi/detector-output-to-ipi-weak-signal-run-1/latency/av-1/ack bytes=233 forwarded=1
1783350415.736023 publish topic=ipi/detector-output-to-ipi-weak-signal-run-1/latency/av-1/request bytes=4503 forwarded=1
1783350415.736686 publish topic=ipi/detector-output-to-ipi-weak-signal-run-1/latency/av-1/ack bytes=233 forwarded=1
1783350415.996358 publish topic=ipi/detector-output-to-ipi-weak-signal-run-1/latency/av-1/request bytes=4503 forwarded=1
1783350415.997050 publish topic=ipi/detector-output-to-ipi-weak-signal-run-1/latency/av-1/ack bytes=233 forwarded=1
1783350416.256573 publish topic=ipi/detector-output-to-ipi-weak-signal-run-1/latency/av-1/request bytes=4503 forwarded=1
1783350416.257262 publish topic=ipi/detector-output-to-ipi-weak-signal-run-1/latency/av-1/ack bytes=233 forwarded=1
1783350416.516613 publish topic=ipi/detector-output-to-ipi-weak-signal-run-1/latency/av-1/request bytes=4503 forwarded=1
1783350416.517332 publish topic=ipi/detector-output-to-ipi-weak-signal-run-1/latency/av-1/ack bytes=233 forwarded=1
1783350416.776993 publish topic=ipi/detector-output-to-ipi-weak-signal-run-1/latency/av-1/request bytes=4503 forwarded=1
1783350416.777698 publish topic=ipi/detector-output-to-ipi-weak-signal-run-1/latency/av-1/ack bytes=233 forwarded=1
1783350417.027121 publish topic=ipi/detector-output-to-ipi-weak-signal-run-1/latency/av-1/request bytes=4503 forwarded=1
1783350417.027784 publish topic=ipi/detector-output-to-ipi-weak-signal-run-1/latency/av-1/ack bytes=233 forwarded=1
1783350417.277288 publish topic=ipi/detector-output-to-ipi-weak-signal-run-1/latency/av-1/request bytes=4503 forwarded=1
1783350417.277954 publish topic=ipi/detector-output-to-ipi-weak-signal-run-1/latency/av-1/ack bytes=233 forwarded=1
1783350417.537575 publish topic=ipi/detector-output-to-ipi-weak-signal-run-1/latency/av-1/request bytes=4503 forwarded=1
1783350417.538241 publish topic=ipi/detector-output-to-ipi-weak-signal-run-1/latency/av-1/ack bytes=233 forwarded=1
1783350417.797771 publish topic=ipi/detector-output-to-ipi-weak-signal-run-1/latency/av-1/request bytes=4503 forwarded=1
1783350417.798561 publish topic=ipi/detector-output-to-ipi-weak-signal-run-1/latency/av-1/ack bytes=233 forwarded=1
1783350418.057966 publish topic=ipi/detector-output-to-ipi-weak-signal-run-1/latency/av-1/request bytes=4503 forwarded=1
1783350418.058688 publish topic=ipi/detector-output-to-ipi-weak-signal-run-1/latency/av-1/ack bytes=233 forwarded=1
1783350418.308317 publish topic=ipi/detector-output-to-ipi-weak-signal-run-1/latency/av-1/request bytes=4503 forwarded=1
1783350418.309027 publish topic=ipi/detector-output-to-ipi-weak-signal-run-1/latency/av-1/ack bytes=233 forwarded=1
1783350418.568422 publish topic=ipi/detector-output-to-ipi-weak-signal-run-1/latency/av-1/request bytes=4503 forwarded=1
1783350418.569177 publish topic=ipi/detector-output-to-ipi-weak-signal-run-1/latency/av-1/ack bytes=233 forwarded=1
1783350418.828862 publish topic=ipi/detector-output-to-ipi-weak-signal-run-1/latency/av-1/request bytes=4503 forwarded=1
1783350418.829578 publish topic=ipi/detector-output-to-ipi-weak-signal-run-1/latency/av-1/ack bytes=233 forwarded=1
1783350419.088799 publish topic=ipi/detector-output-to-ipi-weak-signal-run-1/latency/av-1/request bytes=4503 forwarded=1
1783350419.089490 publish topic=ipi/detector-output-to-ipi-weak-signal-run-1/latency/av-1/ack bytes=233 forwarded=1
1783350419.349364 publish topic=ipi/detector-output-to-ipi-weak-signal-run-1/latency/av-1/request bytes=4503 forwarded=1
1783350419.350132 publish topic=ipi/detector-output-to-ipi-weak-signal-run-1/latency/av-1/ack bytes=233 forwarded=1
1783350419.619282 publish topic=ipi/detector-output-to-ipi-weak-signal-run-1/latency/av-1/request bytes=4503 forwarded=1
1783350419.620021 publish topic=ipi/detector-output-to-ipi-weak-signal-run-1/latency/av-1/ack bytes=233 forwarded=1
1783350419.869762 publish topic=ipi/detector-output-to-ipi-weak-signal-run-1/latency/av-1/request bytes=4503 forwarded=1
1783350419.870520 publish topic=ipi/detector-output-to-ipi-weak-signal-run-1/latency/av-1/ack bytes=233 forwarded=1
1783350420.129941 publish topic=ipi/detector-output-to-ipi-weak-signal-run-1/latency/av-1/request bytes=4503 forwarded=1
1783350420.130681 publish topic=ipi/detector-output-to-ipi-weak-signal-run-1/latency/av-1/ack bytes=233 forwarded=1
1783350420.379976 publish topic=ipi/detector-output-to-ipi-weak-signal-run-1/latency/av-1/request bytes=4503 forwarded=1
1783350420.380652 publish topic=ipi/detector-output-to-ipi-weak-signal-run-1/latency/av-1/ack bytes=233 forwarded=1
1783350420.630306 publish topic=ipi/detector-output-to-ipi-weak-signal-run-1/latency/av-1/request bytes=4503 forwarded=1
1783350420.631032 publish topic=ipi/detector-output-to-ipi-weak-signal-run-1/latency/av-1/ack bytes=233 forwarded=1
1783350420.890627 publish topic=ipi/detector-output-to-ipi-weak-signal-run-1/latency/av-1/request bytes=4503 forwarded=1
1783350420.891346 publish topic=ipi/detector-output-to-ipi-weak-signal-run-1/latency/av-1/ack bytes=233 forwarded=1
1783350421.140573 publish topic=ipi/detector-output-to-ipi-weak-signal-run-1/latency/av-1/request bytes=4503 forwarded=1
1783350421.141302 publish topic=ipi/detector-output-to-ipi-weak-signal-run-1/latency/av-1/ack bytes=233 forwarded=1
1783350421.390770 publish topic=ipi/detector-output-to-ipi-weak-signal-run-1/latency/av-1/request bytes=4503 forwarded=1
1783350421.391507 publish topic=ipi/detector-output-to-ipi-weak-signal-run-1/latency/av-1/ack bytes=233 forwarded=1
1783350421.641118 publish topic=ipi/detector-output-to-ipi-weak-signal-run-1/latency/av-1/request bytes=4503 forwarded=1
1783350421.641896 publish topic=ipi/detector-output-to-ipi-weak-signal-run-1/latency/av-1/ack bytes=233 forwarded=1
1783350421.891287 publish topic=ipi/detector-output-to-ipi-weak-signal-run-1/latency/av-1/request bytes=4503 forwarded=1
1783350421.892047 publish topic=ipi/detector-output-to-ipi-weak-signal-run-1/latency/av-1/ack bytes=233 forwarded=1
1783350422.141495 publish topic=ipi/detector-output-to-ipi-weak-signal-run-1/latency/av-1/request bytes=4503 forwarded=1
1783350422.142266 publish topic=ipi/detector-output-to-ipi-weak-signal-run-1/latency/av-1/ack bytes=233 forwarded=1
1783350422.391707 publish topic=ipi/detector-output-to-ipi-weak-signal-run-1/latency/av-1/request bytes=4503 forwarded=1
1783350422.392470 publish topic=ipi/detector-output-to-ipi-weak-signal-run-1/latency/av-1/ack bytes=233 forwarded=1
1783350422.641975 publish topic=ipi/detector-output-to-ipi-weak-signal-run-1/latency/av-1/request bytes=4503 forwarded=1
1783350422.642759 publish topic=ipi/detector-output-to-ipi-weak-signal-run-1/latency/av-1/ack bytes=233 forwarded=1
1783350422.892294 publish topic=ipi/detector-output-to-ipi-weak-signal-run-1/latency/av-1/request bytes=4503 forwarded=1
1783350422.893058 publish topic=ipi/detector-output-to-ipi-weak-signal-run-1/latency/av-1/ack bytes=233 forwarded=1
1783350423.152273 publish topic=ipi/detector-output-to-ipi-weak-signal-run-1/latency/av-1/request bytes=4503 forwarded=1
1783350423.153051 publish topic=ipi/detector-output-to-ipi-weak-signal-run-1/latency/av-1/ack bytes=233 forwarded=1
1783350423.442437 publish topic=ipi/detector-output-to-ipi-weak-signal-run-1/latency/av-1/request bytes=4503 forwarded=1
1783350423.443225 publish topic=ipi/detector-output-to-ipi-weak-signal-run-1/latency/av-1/ack bytes=233 forwarded=1
1783350423.702951 publish topic=ipi/detector-output-to-ipi-weak-signal-run-1/latency/av-1/request bytes=4503 forwarded=1
1783350423.703680 publish topic=ipi/detector-output-to-ipi-weak-signal-run-1/latency/av-1/ack bytes=233 forwarded=1
1783350423.983310 publish topic=ipi/detector-output-to-ipi-weak-signal-run-1/latency/av-1/request bytes=4503 forwarded=1
1783350423.984146 publish topic=ipi/detector-output-to-ipi-weak-signal-run-1/latency/av-1/ack bytes=233 forwarded=1
1783350424.263734 publish topic=ipi/detector-output-to-ipi-weak-signal-run-1/latency/av-1/request bytes=4503 forwarded=1
1783350424.264508 publish topic=ipi/detector-output-to-ipi-weak-signal-run-1/latency/av-1/ack bytes=233 forwarded=1
1783350424.523939 publish topic=ipi/detector-output-to-ipi-weak-signal-run-1/latency/av-1/request bytes=4503 forwarded=1
1783350424.524632 publish topic=ipi/detector-output-to-ipi-weak-signal-run-1/latency/av-1/ack bytes=233 forwarded=1
1783350424.774329 publish topic=ipi/detector-output-to-ipi-weak-signal-run-1/latency/av-1/request bytes=4503 forwarded=1
1783350424.775071 publish topic=ipi/detector-output-to-ipi-weak-signal-run-1/latency/av-1/ack bytes=233 forwarded=1
1783350425.034778 publish topic=ipi/detector-output-to-ipi-weak-signal-run-1/latency/av-1/request bytes=4503 forwarded=1
1783350425.035477 publish topic=ipi/detector-output-to-ipi-weak-signal-run-1/latency/av-1/ack bytes=233 forwarded=1
1783350425.335019 publish topic=ipi/detector-output-to-ipi-weak-signal-run-1/latency/av-1/request bytes=4503 forwarded=1
1783350425.335797 publish topic=ipi/detector-output-to-ipi-weak-signal-run-1/latency/av-1/ack bytes=233 forwarded=1
1783350425.585490 publish topic=ipi/detector-output-to-ipi-weak-signal-run-1/latency/av-1/request bytes=4503 forwarded=1
1783350425.586308 publish topic=ipi/detector-output-to-ipi-weak-signal-run-1/latency/av-1/ack bytes=233 forwarded=1
1783350425.845692 publish topic=ipi/detector-output-to-ipi-weak-signal-run-1/latency/av-1/request bytes=4503 forwarded=1
1783350425.846405 publish topic=ipi/detector-output-to-ipi-weak-signal-run-1/latency/av-1/ack bytes=233 forwarded=1
1783350426.105497 publish topic=ipi/detector-output-to-ipi-weak-signal-run-1/latency/av-1/request bytes=4503 forwarded=1
1783350426.105724 publish topic=ipi/detector-output-to-ipi-weak-signal-run-1/latency/av-1/ack bytes=233 forwarded=1
1783350426.366151 publish topic=ipi/detector-output-to-ipi-weak-signal-run-1/latency/av-1/request bytes=4503 forwarded=1
1783350426.366883 publish topic=ipi/detector-output-to-ipi-weak-signal-run-1/latency/av-1/ack bytes=233 forwarded=1
1783350426.626322 publish topic=ipi/detector-output-to-ipi-weak-signal-run-1/latency/av-1/request bytes=4503 forwarded=1
1783350426.627044 publish topic=ipi/detector-output-to-ipi-weak-signal-run-1/latency/av-1/ack bytes=233 forwarded=1
1783350426.886289 publish topic=ipi/detector-output-to-ipi-weak-signal-run-1/latency/av-1/request bytes=4503 forwarded=1
1783350426.886995 publish topic=ipi/detector-output-to-ipi-weak-signal-run-1/latency/av-1/ack bytes=233 forwarded=1
1783350427.146668 publish topic=ipi/detector-output-to-ipi-weak-signal-run-1/latency/av-1/request bytes=4503 forwarded=1
1783350427.147401 publish topic=ipi/detector-output-to-ipi-weak-signal-run-1/latency/av-1/ack bytes=233 forwarded=1
1783350427.397036 publish topic=ipi/detector-output-to-ipi-weak-signal-run-1/latency/av-1/request bytes=4503 forwarded=1
1783350427.397834 publish topic=ipi/detector-output-to-ipi-weak-signal-run-1/latency/av-1/ack bytes=233 forwarded=1
1783350427.647175 publish topic=ipi/detector-output-to-ipi-weak-signal-run-1/latency/av-1/request bytes=4503 forwarded=1
1783350427.647914 publish topic=ipi/detector-output-to-ipi-weak-signal-run-1/latency/av-1/ack bytes=233 forwarded=1
1783350427.897259 publish topic=ipi/detector-output-to-ipi-weak-signal-run-1/latency/av-1/request bytes=4503 forwarded=1
1783350427.897984 publish topic=ipi/detector-output-to-ipi-weak-signal-run-1/latency/av-1/ack bytes=233 forwarded=1
1783350428.147585 publish topic=ipi/detector-output-to-ipi-weak-signal-run-1/latency/av-1/request bytes=4503 forwarded=1
1783350428.148321 publish topic=ipi/detector-output-to-ipi-weak-signal-run-1/latency/av-1/ack bytes=233 forwarded=1
1783350428.397801 publish topic=ipi/detector-output-to-ipi-weak-signal-run-1/latency/av-1/request bytes=4503 forwarded=1
1783350428.398582 publish topic=ipi/detector-output-to-ipi-weak-signal-run-1/latency/av-1/ack bytes=233 forwarded=1
1783350428.648021 publish topic=ipi/detector-output-to-ipi-weak-signal-run-1/latency/av-1/request bytes=4503 forwarded=1
1783350428.648710 publish topic=ipi/detector-output-to-ipi-weak-signal-run-1/latency/av-1/ack bytes=233 forwarded=1
1783350428.898413 publish topic=ipi/detector-output-to-ipi-weak-signal-run-1/latency/av-1/request bytes=4503 forwarded=1
1783350428.899188 publish topic=ipi/detector-output-to-ipi-weak-signal-run-1/latency/av-1/ack bytes=233 forwarded=1
1783350429.148578 publish topic=ipi/detector-output-to-ipi-weak-signal-run-1/latency/av-1/request bytes=4503 forwarded=1
1783350429.149339 publish topic=ipi/detector-output-to-ipi-weak-signal-run-1/latency/av-1/ack bytes=233 forwarded=1
1783350429.398856 publish topic=ipi/detector-output-to-ipi-weak-signal-run-1/latency/av-1/request bytes=4503 forwarded=1
1783350429.399575 publish topic=ipi/detector-output-to-ipi-weak-signal-run-1/latency/av-1/ack bytes=233 forwarded=1
1783350429.649395 publish topic=ipi/detector-output-to-ipi-weak-signal-run-1/latency/av-1/request bytes=4503 forwarded=1
1783350429.650120 publish topic=ipi/detector-output-to-ipi-weak-signal-run-1/latency/av-1/ack bytes=233 forwarded=1
1783350429.899567 publish topic=ipi/detector-output-to-ipi-weak-signal-run-1/latency/av-1/request bytes=4503 forwarded=1
1783350429.900300 publish topic=ipi/detector-output-to-ipi-weak-signal-run-1/latency/av-1/ack bytes=233 forwarded=1
1783350430.149953 publish topic=ipi/detector-output-to-ipi-weak-signal-run-1/latency/av-1/request bytes=4503 forwarded=1
1783350430.150674 publish topic=ipi/detector-output-to-ipi-weak-signal-run-1/latency/av-1/ack bytes=233 forwarded=1
1783350430.400248 publish topic=ipi/detector-output-to-ipi-weak-signal-run-1/latency/av-1/request bytes=4503 forwarded=1
1783350430.400971 publish topic=ipi/detector-output-to-ipi-weak-signal-run-1/latency/av-1/ack bytes=233 forwarded=1
1783350430.650553 publish topic=ipi/detector-output-to-ipi-weak-signal-run-1/latency/av-1/request bytes=4503 forwarded=1
1783350430.651296 publish topic=ipi/detector-output-to-ipi-weak-signal-run-1/latency/av-1/ack bytes=233 forwarded=1
1783350430.890733 publish topic=ipi/detector-output-to-ipi-weak-signal-run-1/latency/av-1/request bytes=4503 forwarded=1
1783350430.891446 publish topic=ipi/detector-output-to-ipi-weak-signal-run-1/latency/av-1/ack bytes=233 forwarded=1
1783350431.141082 publish topic=ipi/detector-output-to-ipi-weak-signal-run-1/latency/av-1/request bytes=4503 forwarded=1
1783350431.141795 publish topic=ipi/detector-output-to-ipi-weak-signal-run-1/latency/av-1/ack bytes=233 forwarded=1
1783350431.391207 publish topic=ipi/detector-output-to-ipi-weak-signal-run-1/latency/av-1/request bytes=4503 forwarded=1
1783350431.391922 publish topic=ipi/detector-output-to-ipi-weak-signal-run-1/latency/av-1/ack bytes=233 forwarded=1
1783350431.631706 publish topic=ipi/detector-output-to-ipi-weak-signal-run-1/latency/av-1/request bytes=4503 forwarded=1
1783350431.632417 publish topic=ipi/detector-output-to-ipi-weak-signal-run-1/latency/av-1/ack bytes=233 forwarded=1
1783350431.872149 publish topic=ipi/detector-output-to-ipi-weak-signal-run-1/latency/av-1/request bytes=4503 forwarded=1
1783350431.872869 publish topic=ipi/detector-output-to-ipi-weak-signal-run-1/latency/av-1/ack bytes=233 forwarded=1
1783350432.112484 publish topic=ipi/detector-output-to-ipi-weak-signal-run-1/latency/av-1/request bytes=4503 forwarded=1
1783350432.113269 publish topic=ipi/detector-output-to-ipi-weak-signal-run-1/latency/av-1/ack bytes=233 forwarded=1
1783350432.362767 publish topic=ipi/detector-output-to-ipi-weak-signal-run-1/latency/av-1/request bytes=4503 forwarded=1
1783350432.363480 publish topic=ipi/detector-output-to-ipi-weak-signal-run-1/latency/av-1/ack bytes=233 forwarded=1
1783350432.622941 publish topic=ipi/detector-output-to-ipi-weak-signal-run-1/latency/av-1/request bytes=4503 forwarded=1
1783350432.623727 publish topic=ipi/detector-output-to-ipi-weak-signal-run-1/latency/av-1/ack bytes=233 forwarded=1
1783350432.873333 publish topic=ipi/detector-output-to-ipi-weak-signal-run-1/latency/av-1/request bytes=4503 forwarded=1
1783350432.874062 publish topic=ipi/detector-output-to-ipi-weak-signal-run-1/latency/av-1/ack bytes=233 forwarded=1
1783350433.123743 publish topic=ipi/detector-output-to-ipi-weak-signal-run-1/latency/av-1/request bytes=4503 forwarded=1
1783350433.124467 publish topic=ipi/detector-output-to-ipi-weak-signal-run-1/latency/av-1/ack bytes=233 forwarded=1
1783350433.363748 publish topic=ipi/detector-output-to-ipi-weak-signal-run-1/latency/av-1/request bytes=4503 forwarded=1
1783350433.364445 publish topic=ipi/detector-output-to-ipi-weak-signal-run-1/latency/av-1/ack bytes=233 forwarded=1
1783350433.614198 publish topic=ipi/detector-output-to-ipi-weak-signal-run-1/latency/av-1/request bytes=4503 forwarded=1
1783350433.614939 publish topic=ipi/detector-output-to-ipi-weak-signal-run-1/latency/av-1/ack bytes=233 forwarded=1
1783350433.864539 publish topic=ipi/detector-output-to-ipi-weak-signal-run-1/latency/av-1/request bytes=4503 forwarded=1
1783350433.865255 publish topic=ipi/detector-output-to-ipi-weak-signal-run-1/latency/av-1/ack bytes=233 forwarded=1
1783350434.124846 publish topic=ipi/detector-output-to-ipi-weak-signal-run-1/latency/av-1/request bytes=4503 forwarded=1
1783350434.125509 publish topic=ipi/detector-output-to-ipi-weak-signal-run-1/latency/av-1/ack bytes=233 forwarded=1
1783350434.385077 publish topic=ipi/detector-output-to-ipi-weak-signal-run-1/latency/av-1/request bytes=4503 forwarded=1
1783350434.385906 publish topic=ipi/detector-output-to-ipi-weak-signal-run-1/latency/av-1/ack bytes=233 forwarded=1
1783350434.635370 publish topic=ipi/detector-output-to-ipi-weak-signal-run-1/latency/av-1/request bytes=4503 forwarded=1
1783350434.636179 publish topic=ipi/detector-output-to-ipi-weak-signal-run-1/latency/av-1/ack bytes=233 forwarded=1
1783350434.885765 publish topic=ipi/detector-output-to-ipi-weak-signal-run-1/latency/av-1/request bytes=4503 forwarded=1
1783350434.886565 publish topic=ipi/detector-output-to-ipi-weak-signal-run-1/latency/av-1/ack bytes=233 forwarded=1
1783350435.156066 publish topic=ipi/detector-output-to-ipi-weak-signal-run-1/latency/av-1/request bytes=4503 forwarded=1
1783350435.156836 publish topic=ipi/detector-output-to-ipi-weak-signal-run-1/latency/av-1/ack bytes=233 forwarded=1
1783350435.476650 publish topic=ipi/detector-output-to-ipi-weak-signal-run-1/latency/av-1/request bytes=4503 forwarded=1
1783350435.477441 publish topic=ipi/detector-output-to-ipi-weak-signal-run-1/latency/av-1/ack bytes=233 forwarded=1
1783350435.777134 publish topic=ipi/detector-output-to-ipi-weak-signal-run-1/latency/av-1/request bytes=4503 forwarded=1
1783350435.777844 publish topic=ipi/detector-output-to-ipi-weak-signal-run-1/latency/av-1/ack bytes=233 forwarded=1
1783350436.077626 publish topic=ipi/detector-output-to-ipi-weak-signal-run-1/latency/av-1/request bytes=4503 forwarded=1
1783350436.078330 publish topic=ipi/detector-output-to-ipi-weak-signal-run-1/latency/av-1/ack bytes=233 forwarded=1
1783350436.408366 publish topic=ipi/detector-output-to-ipi-weak-signal-run-1/latency/av-1/request bytes=4503 forwarded=1
1783350436.409076 publish topic=ipi/detector-output-to-ipi-weak-signal-run-1/latency/av-1/ack bytes=233 forwarded=1
1783350436.718843 publish topic=ipi/detector-output-to-ipi-weak-signal-run-1/latency/av-1/request bytes=4503 forwarded=1
1783350436.719607 publish topic=ipi/detector-output-to-ipi-weak-signal-run-1/latency/av-1/ack bytes=233 forwarded=1
1783350437.059347 publish topic=ipi/detector-output-to-ipi-weak-signal-run-1/latency/av-1/request bytes=4503 forwarded=1
1783350437.060024 publish topic=ipi/detector-output-to-ipi-weak-signal-run-1/latency/av-1/ack bytes=233 forwarded=1
1783350437.389875 publish topic=ipi/detector-output-to-ipi-weak-signal-run-1/latency/av-1/request bytes=4503 forwarded=1
1783350437.390650 publish topic=ipi/detector-output-to-ipi-weak-signal-run-1/latency/av-1/ack bytes=233 forwarded=1
1783350437.730671 publish topic=ipi/detector-output-to-ipi-weak-signal-run-1/latency/av-1/request bytes=4503 forwarded=1
1783350437.731385 publish topic=ipi/detector-output-to-ipi-weak-signal-run-1/latency/av-1/ack bytes=233 forwarded=1
1783350438.101052 publish topic=ipi/detector-output-to-ipi-weak-signal-run-1/latency/av-1/request bytes=4503 forwarded=1
1783350438.101773 publish topic=ipi/detector-output-to-ipi-weak-signal-run-1/latency/av-1/ack bytes=233 forwarded=1
1783350439.042655 publish topic=ipi/detector-output-to-ipi-weak-signal-run-1/latency/av-1/request bytes=4503 forwarded=1
1783350439.043372 publish topic=ipi/detector-output-to-ipi-weak-signal-run-1/latency/av-1/ack bytes=233 forwarded=1
1783350439.283020 publish topic=ipi/detector-output-to-ipi-weak-signal-run-1/latency/av-1/request bytes=4503 forwarded=1
1783350439.283756 publish topic=ipi/detector-output-to-ipi-weak-signal-run-1/latency/av-1/ack bytes=233 forwarded=1
1783350439.523368 publish topic=ipi/detector-output-to-ipi-weak-signal-run-1/latency/av-1/request bytes=4503 forwarded=1
1783350439.524083 publish topic=ipi/detector-output-to-ipi-weak-signal-run-1/latency/av-1/ack bytes=233 forwarded=1
1783350439.763675 publish topic=ipi/detector-output-to-ipi-weak-signal-run-1/latency/av-1/request bytes=4503 forwarded=1
1783350439.764385 publish topic=ipi/detector-output-to-ipi-weak-signal-run-1/latency/av-1/ack bytes=233 forwarded=1
1783350440.004063 publish topic=ipi/detector-output-to-ipi-weak-signal-run-1/latency/av-1/request bytes=4503 forwarded=1
1783350440.004780 publish topic=ipi/detector-output-to-ipi-weak-signal-run-1/latency/av-1/ack bytes=233 forwarded=1
1783350440.264367 publish topic=ipi/detector-output-to-ipi-weak-signal-run-1/latency/av-1/request bytes=4503 forwarded=1
1783350440.265043 publish topic=ipi/detector-output-to-ipi-weak-signal-run-1/latency/av-1/ack bytes=233 forwarded=1
1783350440.524551 publish topic=ipi/detector-output-to-ipi-weak-signal-run-1/latency/av-1/request bytes=4503 forwarded=1
1783350440.525258 publish topic=ipi/detector-output-to-ipi-weak-signal-run-1/latency/av-1/ack bytes=233 forwarded=1
1783350440.785027 publish topic=ipi/detector-output-to-ipi-weak-signal-run-1/latency/av-1/request bytes=4503 forwarded=1
1783350440.785830 publish topic=ipi/detector-output-to-ipi-weak-signal-run-1/latency/av-1/ack bytes=233 forwarded=1
1783350441.045367 publish topic=ipi/detector-output-to-ipi-weak-signal-run-1/latency/av-1/request bytes=4503 forwarded=1
1783350441.046070 publish topic=ipi/detector-output-to-ipi-weak-signal-run-1/latency/av-1/ack bytes=233 forwarded=1
1783350441.295674 publish topic=ipi/detector-output-to-ipi-weak-signal-run-1/latency/av-1/request bytes=4503 forwarded=1
1783350441.296370 publish topic=ipi/detector-output-to-ipi-weak-signal-run-1/latency/av-1/ack bytes=233 forwarded=1
1783350441.555938 publish topic=ipi/detector-output-to-ipi-weak-signal-run-1/latency/av-1/request bytes=4503 forwarded=1
1783350441.556633 publish topic=ipi/detector-output-to-ipi-weak-signal-run-1/latency/av-1/ack bytes=233 forwarded=1
1783350441.816294 publish topic=ipi/detector-output-to-ipi-weak-signal-run-1/latency/av-1/request bytes=4503 forwarded=1
1783350441.816998 publish topic=ipi/detector-output-to-ipi-weak-signal-run-1/latency/av-1/ack bytes=233 forwarded=1
1783350442.066636 publish topic=ipi/detector-output-to-ipi-weak-signal-run-1/latency/av-1/request bytes=4503 forwarded=1
1783350442.067425 publish topic=ipi/detector-output-to-ipi-weak-signal-run-1/latency/av-1/ack bytes=233 forwarded=1
1783350442.326870 publish topic=ipi/detector-output-to-ipi-weak-signal-run-1/latency/av-1/request bytes=4503 forwarded=1
1783350442.327570 publish topic=ipi/detector-output-to-ipi-weak-signal-run-1/latency/av-1/ack bytes=233 forwarded=1
1783350442.567410 publish topic=ipi/detector-output-to-ipi-weak-signal-run-1/latency/av-1/request bytes=4503 forwarded=1
1783350442.568112 publish topic=ipi/detector-output-to-ipi-weak-signal-run-1/latency/av-1/ack bytes=233 forwarded=1
1783350442.827605 publish topic=ipi/detector-output-to-ipi-weak-signal-run-1/latency/av-1/request bytes=4503 forwarded=1
1783350442.828318 publish topic=ipi/detector-output-to-ipi-weak-signal-run-1/latency/av-1/ack bytes=233 forwarded=1
1783350443.078110 publish topic=ipi/detector-output-to-ipi-weak-signal-run-1/latency/av-1/request bytes=4503 forwarded=1
1783350443.078848 publish topic=ipi/detector-output-to-ipi-weak-signal-run-1/latency/av-1/ack bytes=233 forwarded=1
1783350443.338153 publish topic=ipi/detector-output-to-ipi-weak-signal-run-1/latency/av-1/request bytes=4503 forwarded=1
1783350443.338913 publish topic=ipi/detector-output-to-ipi-weak-signal-run-1/latency/av-1/ack bytes=233 forwarded=1
1783350443.588667 publish topic=ipi/detector-output-to-ipi-weak-signal-run-1/latency/av-1/request bytes=4503 forwarded=1
1783350443.589369 publish topic=ipi/detector-output-to-ipi-weak-signal-run-1/latency/av-1/ack bytes=233 forwarded=1
1783350443.838965 publish topic=ipi/detector-output-to-ipi-weak-signal-run-1/latency/av-1/request bytes=4503 forwarded=1
1783350443.839672 publish topic=ipi/detector-output-to-ipi-weak-signal-run-1/latency/av-1/ack bytes=233 forwarded=1
1783350444.099276 publish topic=ipi/detector-output-to-ipi-weak-signal-run-1/latency/av-1/request bytes=4503 forwarded=1
1783350444.099978 publish topic=ipi/detector-output-to-ipi-weak-signal-run-1/latency/av-1/ack bytes=233 forwarded=1
1783350444.349597 publish topic=ipi/detector-output-to-ipi-weak-signal-run-1/latency/av-1/request bytes=4503 forwarded=1
1783350444.350308 publish topic=ipi/detector-output-to-ipi-weak-signal-run-1/latency/av-1/ack bytes=233 forwarded=1
1783350444.599817 publish topic=ipi/detector-output-to-ipi-weak-signal-run-1/latency/av-1/request bytes=4503 forwarded=1
1783350444.600533 publish topic=ipi/detector-output-to-ipi-weak-signal-run-1/latency/av-1/ack bytes=233 forwarded=1
1783350444.850373 publish topic=ipi/detector-output-to-ipi-weak-signal-run-1/latency/av-1/request bytes=4503 forwarded=1
1783350444.851123 publish topic=ipi/detector-output-to-ipi-weak-signal-run-1/latency/av-1/ack bytes=233 forwarded=1
1783350445.110568 publish topic=ipi/detector-output-to-ipi-weak-signal-run-1/latency/av-1/request bytes=4503 forwarded=1
1783350445.111287 publish topic=ipi/detector-output-to-ipi-weak-signal-run-1/latency/av-1/ack bytes=233 forwarded=1
1783350445.361104 publish topic=ipi/detector-output-to-ipi-weak-signal-run-1/latency/av-1/request bytes=4503 forwarded=1
1783350445.361805 publish topic=ipi/detector-output-to-ipi-weak-signal-run-1/latency/av-1/ack bytes=233 forwarded=1
1783350445.611236 publish topic=ipi/detector-output-to-ipi-weak-signal-run-1/latency/av-1/request bytes=4503 forwarded=1
1783350445.611948 publish topic=ipi/detector-output-to-ipi-weak-signal-run-1/latency/av-1/ack bytes=233 forwarded=1
1783350445.861506 publish topic=ipi/detector-output-to-ipi-weak-signal-run-1/latency/av-1/request bytes=4503 forwarded=1
1783350445.862242 publish topic=ipi/detector-output-to-ipi-weak-signal-run-1/latency/av-1/ack bytes=233 forwarded=1
1783350446.111873 publish topic=ipi/detector-output-to-ipi-weak-signal-run-1/latency/av-1/request bytes=4503 forwarded=1
1783350446.112642 publish topic=ipi/detector-output-to-ipi-weak-signal-run-1/latency/av-1/ack bytes=233 forwarded=1
1783350446.362329 publish topic=ipi/detector-output-to-ipi-weak-signal-run-1/latency/av-1/request bytes=4503 forwarded=1
1783350446.363079 publish topic=ipi/detector-output-to-ipi-weak-signal-run-1/latency/av-1/ack bytes=233 forwarded=1
1783350446.622484 publish topic=ipi/detector-output-to-ipi-weak-signal-run-1/latency/av-1/request bytes=4503 forwarded=1
1783350446.623196 publish topic=ipi/detector-output-to-ipi-weak-signal-run-1/latency/av-1/ack bytes=233 forwarded=1
1783350446.872961 publish topic=ipi/detector-output-to-ipi-weak-signal-run-1/latency/av-1/request bytes=4503 forwarded=1
1783350446.873682 publish topic=ipi/detector-output-to-ipi-weak-signal-run-1/latency/av-1/ack bytes=233 forwarded=1
1783350447.123067 publish topic=ipi/detector-output-to-ipi-weak-signal-run-1/latency/av-1/request bytes=4503 forwarded=1
1783350447.123778 publish topic=ipi/detector-output-to-ipi-weak-signal-run-1/latency/av-1/ack bytes=233 forwarded=1
1783350447.373437 publish topic=ipi/detector-output-to-ipi-weak-signal-run-1/latency/av-1/request bytes=4503 forwarded=1
1783350447.374141 publish topic=ipi/detector-output-to-ipi-weak-signal-run-1/latency/av-1/ack bytes=233 forwarded=1
1783350447.613996 publish topic=ipi/detector-output-to-ipi-weak-signal-run-1/latency/av-1/request bytes=4503 forwarded=1
1783350447.614707 publish topic=ipi/detector-output-to-ipi-weak-signal-run-1/latency/av-1/ack bytes=233 forwarded=1
1783350447.854237 publish topic=ipi/detector-output-to-ipi-weak-signal-run-1/latency/av-1/request bytes=4503 forwarded=1
1783350447.855035 publish topic=ipi/detector-output-to-ipi-weak-signal-run-1/latency/av-1/ack bytes=233 forwarded=1
1783350448.094363 publish topic=ipi/detector-output-to-ipi-weak-signal-run-1/latency/av-1/request bytes=4503 forwarded=1
1783350448.095040 publish topic=ipi/detector-output-to-ipi-weak-signal-run-1/latency/av-1/ack bytes=233 forwarded=1
1783350448.344391 publish topic=ipi/detector-output-to-ipi-weak-signal-run-1/latency/av-1/request bytes=4503 forwarded=1
1783350448.345154 publish topic=ipi/detector-output-to-ipi-weak-signal-run-1/latency/av-1/ack bytes=233 forwarded=1
1783350448.604868 publish topic=ipi/detector-output-to-ipi-weak-signal-run-1/latency/av-1/request bytes=4503 forwarded=1
1783350448.605608 publish topic=ipi/detector-output-to-ipi-weak-signal-run-1/latency/av-1/ack bytes=233 forwarded=1
1783350448.855180 publish topic=ipi/detector-output-to-ipi-weak-signal-run-1/latency/av-1/request bytes=4503 forwarded=1
1783350448.855945 publish topic=ipi/detector-output-to-ipi-weak-signal-run-1/latency/av-1/ack bytes=233 forwarded=1
1783350449.115643 publish topic=ipi/detector-output-to-ipi-weak-signal-run-1/latency/av-1/request bytes=4503 forwarded=1
1783350449.116382 publish topic=ipi/detector-output-to-ipi-weak-signal-run-1/latency/av-1/ack bytes=233 forwarded=1
1783350449.395887 publish topic=ipi/detector-output-to-ipi-weak-signal-run-1/latency/av-1/request bytes=4503 forwarded=1
1783350449.396644 publish topic=ipi/detector-output-to-ipi-weak-signal-run-1/latency/av-1/ack bytes=233 forwarded=1
1783350449.676527 publish topic=ipi/detector-output-to-ipi-weak-signal-run-1/latency/av-1/request bytes=4503 forwarded=1
1783350449.677272 publish topic=ipi/detector-output-to-ipi-weak-signal-run-1/latency/av-1/ack bytes=233 forwarded=1
1783350449.936839 publish topic=ipi/detector-output-to-ipi-weak-signal-run-1/latency/av-1/request bytes=4503 forwarded=1
1783350449.937501 publish topic=ipi/detector-output-to-ipi-weak-signal-run-1/latency/av-1/ack bytes=233 forwarded=1
1783350450.217246 publish topic=ipi/detector-output-to-ipi-weak-signal-run-1/latency/av-1/request bytes=4503 forwarded=1
1783350450.217975 publish topic=ipi/detector-output-to-ipi-weak-signal-run-1/latency/av-1/ack bytes=233 forwarded=1
1783350450.467597 publish topic=ipi/detector-output-to-ipi-weak-signal-run-1/latency/av-1/request bytes=4503 forwarded=1
1783350450.468315 publish topic=ipi/detector-output-to-ipi-weak-signal-run-1/latency/av-1/ack bytes=233 forwarded=1
1783350450.748110 publish topic=ipi/detector-output-to-ipi-weak-signal-run-1/latency/av-1/request bytes=4503 forwarded=1
1783350450.748935 publish topic=ipi/detector-output-to-ipi-weak-signal-run-1/latency/av-1/ack bytes=233 forwarded=1
1783350450.998513 publish topic=ipi/detector-output-to-ipi-weak-signal-run-1/latency/av-1/request bytes=4503 forwarded=1
1783350450.999269 publish topic=ipi/detector-output-to-ipi-weak-signal-run-1/latency/av-1/ack bytes=233 forwarded=1
1783350451.248591 publish topic=ipi/detector-output-to-ipi-weak-signal-run-1/latency/av-1/request bytes=4503 forwarded=1
1783350451.249359 publish topic=ipi/detector-output-to-ipi-weak-signal-run-1/latency/av-1/ack bytes=233 forwarded=1
1783350451.498985 publish topic=ipi/detector-output-to-ipi-weak-signal-run-1/latency/av-1/request bytes=4503 forwarded=1
1783350451.499681 publish topic=ipi/detector-output-to-ipi-weak-signal-run-1/latency/av-1/ack bytes=233 forwarded=1
1783350451.759215 publish topic=ipi/detector-output-to-ipi-weak-signal-run-1/latency/av-1/request bytes=4503 forwarded=1
1783350451.759941 publish topic=ipi/detector-output-to-ipi-weak-signal-run-1/latency/av-1/ack bytes=233 forwarded=1
1783350452.019428 publish topic=ipi/detector-output-to-ipi-weak-signal-run-1/latency/av-1/request bytes=4503 forwarded=1
1783350452.020155 publish topic=ipi/detector-output-to-ipi-weak-signal-run-1/latency/av-1/ack bytes=233 forwarded=1
1783350452.279657 publish topic=ipi/detector-output-to-ipi-weak-signal-run-1/latency/av-1/request bytes=4503 forwarded=1
1783350452.280386 publish topic=ipi/detector-output-to-ipi-weak-signal-run-1/latency/av-1/ack bytes=233 forwarded=1
1783350452.540138 publish topic=ipi/detector-output-to-ipi-weak-signal-run-1/latency/av-1/request bytes=4503 forwarded=1
1783350452.540860 publish topic=ipi/detector-output-to-ipi-weak-signal-run-1/latency/av-1/ack bytes=233 forwarded=1
1783350452.790585 publish topic=ipi/detector-output-to-ipi-weak-signal-run-1/latency/av-1/request bytes=4503 forwarded=1
1783350452.791291 publish topic=ipi/detector-output-to-ipi-weak-signal-run-1/latency/av-1/ack bytes=233 forwarded=1
1783350453.050673 publish topic=ipi/detector-output-to-ipi-weak-signal-run-1/latency/av-1/request bytes=4503 forwarded=1
1783350453.051402 publish topic=ipi/detector-output-to-ipi-weak-signal-run-1/latency/av-1/ack bytes=233 forwarded=1
1783350453.301106 publish topic=ipi/detector-output-to-ipi-weak-signal-run-1/latency/av-1/request bytes=4503 forwarded=1
1783350453.301818 publish topic=ipi/detector-output-to-ipi-weak-signal-run-1/latency/av-1/ack bytes=233 forwarded=1
1783350453.561178 publish topic=ipi/detector-output-to-ipi-weak-signal-run-1/latency/av-1/request bytes=4503 forwarded=1
1783350453.561885 publish topic=ipi/detector-output-to-ipi-weak-signal-run-1/latency/av-1/ack bytes=233 forwarded=1
1783350453.821470 publish topic=ipi/detector-output-to-ipi-weak-signal-run-1/latency/av-1/request bytes=4503 forwarded=1
1783350453.822200 publish topic=ipi/detector-output-to-ipi-weak-signal-run-1/latency/av-1/ack bytes=233 forwarded=1
1783350454.061618 publish topic=ipi/detector-output-to-ipi-weak-signal-run-1/latency/av-1/request bytes=4503 forwarded=1
1783350454.062295 publish topic=ipi/detector-output-to-ipi-weak-signal-run-1/latency/av-1/ack bytes=233 forwarded=1
1783350454.312015 publish topic=ipi/detector-output-to-ipi-weak-signal-run-1/latency/av-1/request bytes=4503 forwarded=1
1783350454.312718 publish topic=ipi/detector-output-to-ipi-weak-signal-run-1/latency/av-1/ack bytes=233 forwarded=1
1783350454.552319 publish topic=ipi/detector-output-to-ipi-weak-signal-run-1/latency/av-1/request bytes=4503 forwarded=1
1783350454.553136 publish topic=ipi/detector-output-to-ipi-weak-signal-run-1/latency/av-1/ack bytes=233 forwarded=1
1783350454.792503 publish topic=ipi/detector-output-to-ipi-weak-signal-run-1/latency/av-1/request bytes=4503 forwarded=1
1783350454.793243 publish topic=ipi/detector-output-to-ipi-weak-signal-run-1/latency/av-1/ack bytes=233 forwarded=1
1783350455.042975 publish topic=ipi/detector-output-to-ipi-weak-signal-run-1/latency/av-1/request bytes=4503 forwarded=1
1783350455.043695 publish topic=ipi/detector-output-to-ipi-weak-signal-run-1/latency/av-1/ack bytes=233 forwarded=1
1783350455.302999 publish topic=ipi/detector-output-to-ipi-weak-signal-run-1/latency/av-1/request bytes=4503 forwarded=1
1783350455.303834 publish topic=ipi/detector-output-to-ipi-weak-signal-run-1/latency/av-1/ack bytes=233 forwarded=1
1783350455.563228 publish topic=ipi/detector-output-to-ipi-weak-signal-run-1/latency/av-1/request bytes=4503 forwarded=1
1783350455.563961 publish topic=ipi/detector-output-to-ipi-weak-signal-run-1/latency/av-1/ack bytes=233 forwarded=1
1783350455.803442 publish topic=ipi/detector-output-to-ipi-weak-signal-run-1/latency/av-1/request bytes=4503 forwarded=1
1783350455.804142 publish topic=ipi/detector-output-to-ipi-weak-signal-run-1/latency/av-1/ack bytes=233 forwarded=1
1783350456.053893 publish topic=ipi/detector-output-to-ipi-weak-signal-run-1/latency/av-1/request bytes=4503 forwarded=1
1783350456.054621 publish topic=ipi/detector-output-to-ipi-weak-signal-run-1/latency/av-1/ack bytes=233 forwarded=1
1783350456.304224 publish topic=ipi/detector-output-to-ipi-weak-signal-run-1/latency/av-1/request bytes=4503 forwarded=1
1783350456.304927 publish topic=ipi/detector-output-to-ipi-weak-signal-run-1/latency/av-1/ack bytes=233 forwarded=1
1783350456.554600 publish topic=ipi/detector-output-to-ipi-weak-signal-run-1/latency/av-1/request bytes=4503 forwarded=1
1783350456.555282 publish topic=ipi/detector-output-to-ipi-weak-signal-run-1/latency/av-1/ack bytes=233 forwarded=1
1783350456.804858 publish topic=ipi/detector-output-to-ipi-weak-signal-run-1/latency/av-1/request bytes=4503 forwarded=1
1783350456.805593 publish topic=ipi/detector-output-to-ipi-weak-signal-run-1/latency/av-1/ack bytes=233 forwarded=1
1783350457.065016 publish topic=ipi/detector-output-to-ipi-weak-signal-run-1/latency/av-1/request bytes=4503 forwarded=1
1783350457.065723 publish topic=ipi/detector-output-to-ipi-weak-signal-run-1/latency/av-1/ack bytes=233 forwarded=1
1783350457.325263 publish topic=ipi/detector-output-to-ipi-weak-signal-run-1/latency/av-1/request bytes=4503 forwarded=1
1783350457.325968 publish topic=ipi/detector-output-to-ipi-weak-signal-run-1/latency/av-1/ack bytes=233 forwarded=1
1783350457.575589 publish topic=ipi/detector-output-to-ipi-weak-signal-run-1/latency/av-1/request bytes=4503 forwarded=1
1783350457.576360 publish topic=ipi/detector-output-to-ipi-weak-signal-run-1/latency/av-1/ack bytes=233 forwarded=1
1783350457.835926 publish topic=ipi/detector-output-to-ipi-weak-signal-run-1/latency/av-1/request bytes=4503 forwarded=1
1783350457.836688 publish topic=ipi/detector-output-to-ipi-weak-signal-run-1/latency/av-1/ack bytes=233 forwarded=1
1783350458.096061 publish topic=ipi/detector-output-to-ipi-weak-signal-run-1/latency/av-1/request bytes=4503 forwarded=1
1783350458.096760 publish topic=ipi/detector-output-to-ipi-weak-signal-run-1/latency/av-1/ack bytes=233 forwarded=1
1783350458.366569 publish topic=ipi/detector-output-to-ipi-weak-signal-run-1/latency/av-1/request bytes=4503 forwarded=1
1783350458.367303 publish topic=ipi/detector-output-to-ipi-weak-signal-run-1/latency/av-1/ack bytes=233 forwarded=1
1783350458.626761 publish topic=ipi/detector-output-to-ipi-weak-signal-run-1/latency/av-1/request bytes=4503 forwarded=1
1783350458.627473 publish topic=ipi/detector-output-to-ipi-weak-signal-run-1/latency/av-1/ack bytes=233 forwarded=1
1783350458.886894 publish topic=ipi/detector-output-to-ipi-weak-signal-run-1/latency/av-1/request bytes=4503 forwarded=1
1783350458.887566 publish topic=ipi/detector-output-to-ipi-weak-signal-run-1/latency/av-1/ack bytes=233 forwarded=1
1783350459.137249 publish topic=ipi/detector-output-to-ipi-weak-signal-run-1/latency/av-1/request bytes=4503 forwarded=1
1783350459.137966 publish topic=ipi/detector-output-to-ipi-weak-signal-run-1/latency/av-1/ack bytes=233 forwarded=1
1783350459.387631 publish topic=ipi/detector-output-to-ipi-weak-signal-run-1/latency/av-1/request bytes=4503 forwarded=1
1783350459.388338 publish topic=ipi/detector-output-to-ipi-weak-signal-run-1/latency/av-1/ack bytes=233 forwarded=1
1783350459.637795 publish topic=ipi/detector-output-to-ipi-weak-signal-run-1/latency/av-1/request bytes=4503 forwarded=1
1783350459.638561 publish topic=ipi/detector-output-to-ipi-weak-signal-run-1/latency/av-1/ack bytes=233 forwarded=1
1783350459.898154 publish topic=ipi/detector-output-to-ipi-weak-signal-run-1/latency/av-1/request bytes=4503 forwarded=1
1783350459.898973 publish topic=ipi/detector-output-to-ipi-weak-signal-run-1/latency/av-1/ack bytes=233 forwarded=1
1783350460.148220 publish topic=ipi/detector-output-to-ipi-weak-signal-run-1/latency/av-1/request bytes=4503 forwarded=1
1783350460.148941 publish topic=ipi/detector-output-to-ipi-weak-signal-run-1/latency/av-1/ack bytes=233 forwarded=1
1783350460.398379 publish topic=ipi/detector-output-to-ipi-weak-signal-run-1/latency/av-1/request bytes=4503 forwarded=1
1783350460.399099 publish topic=ipi/detector-output-to-ipi-weak-signal-run-1/latency/av-1/ack bytes=233 forwarded=1
1783350460.648966 publish topic=ipi/detector-output-to-ipi-weak-signal-run-1/latency/av-1/request bytes=4503 forwarded=1
1783350460.649671 publish topic=ipi/detector-output-to-ipi-weak-signal-run-1/latency/av-1/ack bytes=233 forwarded=1
1783350460.909034 publish topic=ipi/detector-output-to-ipi-weak-signal-run-1/latency/av-1/request bytes=4503 forwarded=1
1783350460.909802 publish topic=ipi/detector-output-to-ipi-weak-signal-run-1/latency/av-1/ack bytes=233 forwarded=1
1783350461.159297 publish topic=ipi/detector-output-to-ipi-weak-signal-run-1/latency/av-1/request bytes=4503 forwarded=1
1783350461.160002 publish topic=ipi/detector-output-to-ipi-weak-signal-run-1/latency/av-1/ack bytes=233 forwarded=1
1783350461.409608 publish topic=ipi/detector-output-to-ipi-weak-signal-run-1/latency/av-1/request bytes=4503 forwarded=1
1783350461.410333 publish topic=ipi/detector-output-to-ipi-weak-signal-run-1/latency/av-1/ack bytes=233 forwarded=1
1783350461.669729 publish topic=ipi/detector-output-to-ipi-weak-signal-run-1/latency/av-1/request bytes=4503 forwarded=1
1783350461.670488 publish topic=ipi/detector-output-to-ipi-weak-signal-run-1/latency/av-1/ack bytes=233 forwarded=1
1783350461.929694 publish topic=ipi/detector-output-to-ipi-weak-signal-run-1/latency/av-1/request bytes=4503 forwarded=1
1783350461.929944 publish topic=ipi/detector-output-to-ipi-weak-signal-run-1/latency/av-1/ack bytes=233 forwarded=1
1783350462.180373 publish topic=ipi/detector-output-to-ipi-weak-signal-run-1/latency/av-1/request bytes=4503 forwarded=1
1783350462.181127 publish topic=ipi/detector-output-to-ipi-weak-signal-run-1/latency/av-1/ack bytes=233 forwarded=1
1783350462.430683 publish topic=ipi/detector-output-to-ipi-weak-signal-run-1/latency/av-1/request bytes=4503 forwarded=1
1783350462.431399 publish topic=ipi/detector-output-to-ipi-weak-signal-run-1/latency/av-1/ack bytes=233 forwarded=1
1783350462.680722 publish topic=ipi/detector-output-to-ipi-weak-signal-run-1/latency/av-1/request bytes=4503 forwarded=1
1783350462.681436 publish topic=ipi/detector-output-to-ipi-weak-signal-run-1/latency/av-1/ack bytes=233 forwarded=1
1783350462.931001 publish topic=ipi/detector-output-to-ipi-weak-signal-run-1/latency/av-1/request bytes=4503 forwarded=1
1783350462.931703 publish topic=ipi/detector-output-to-ipi-weak-signal-run-1/latency/av-1/ack bytes=233 forwarded=1
1783350463.181426 publish topic=ipi/detector-output-to-ipi-weak-signal-run-1/latency/av-1/request bytes=4503 forwarded=1
1783350463.182125 publish topic=ipi/detector-output-to-ipi-weak-signal-run-1/latency/av-1/ack bytes=233 forwarded=1
1783350463.421790 publish topic=ipi/detector-output-to-ipi-weak-signal-run-1/latency/av-1/request bytes=4503 forwarded=1
1783350463.422553 publish topic=ipi/detector-output-to-ipi-weak-signal-run-1/latency/av-1/ack bytes=233 forwarded=1
1783350463.671932 publish topic=ipi/detector-output-to-ipi-weak-signal-run-1/latency/av-1/request bytes=4503 forwarded=1
1783350463.672657 publish topic=ipi/detector-output-to-ipi-weak-signal-run-1/latency/av-1/ack bytes=233 forwarded=1
1783350463.962365 publish topic=ipi/detector-output-to-ipi-weak-signal-run-1/latency/av-1/request bytes=4503 forwarded=1
1783350463.963160 publish topic=ipi/detector-output-to-ipi-weak-signal-run-1/latency/av-1/ack bytes=233 forwarded=1
1783350464.252812 publish topic=ipi/detector-output-to-ipi-weak-signal-run-1/latency/av-1/request bytes=4503 forwarded=1
1783350464.253484 publish topic=ipi/detector-output-to-ipi-weak-signal-run-1/latency/av-1/ack bytes=233 forwarded=1
1783350464.493223 publish topic=ipi/detector-output-to-ipi-weak-signal-run-1/latency/av-1/request bytes=4503 forwarded=1
1783350464.493928 publish topic=ipi/detector-output-to-ipi-weak-signal-run-1/latency/av-1/ack bytes=233 forwarded=1
1783350464.754030 publish topic=ipi/detector-output-to-ipi-weak-signal-run-1/latency/av-1/request bytes=4503 forwarded=1
1783350464.754793 publish topic=ipi/detector-output-to-ipi-weak-signal-run-1/latency/av-1/ack bytes=233 forwarded=1
1783350465.034301 publish topic=ipi/detector-output-to-ipi-weak-signal-run-1/latency/av-1/request bytes=4503 forwarded=1
1783350465.035008 publish topic=ipi/detector-output-to-ipi-weak-signal-run-1/latency/av-1/ack bytes=233 forwarded=1
1783350465.294807 publish topic=ipi/detector-output-to-ipi-weak-signal-run-1/latency/av-1/request bytes=4503 forwarded=1
1783350465.295502 publish topic=ipi/detector-output-to-ipi-weak-signal-run-1/latency/av-1/ack bytes=233 forwarded=1
1783350465.575242 publish topic=ipi/detector-output-to-ipi-weak-signal-run-1/latency/av-1/request bytes=4503 forwarded=1
1783350465.575922 publish topic=ipi/detector-output-to-ipi-weak-signal-run-1/latency/av-1/ack bytes=233 forwarded=1
1783350465.845849 publish topic=ipi/detector-output-to-ipi-weak-signal-run-1/latency/av-1/request bytes=4503 forwarded=1
1783350465.846588 publish topic=ipi/detector-output-to-ipi-weak-signal-run-1/latency/av-1/ack bytes=233 forwarded=1
1783350466.105993 publish topic=ipi/detector-output-to-ipi-weak-signal-run-1/latency/av-1/request bytes=4503 forwarded=1
1783350466.106761 publish topic=ipi/detector-output-to-ipi-weak-signal-run-1/latency/av-1/ack bytes=233 forwarded=1
1783350466.366600 publish topic=ipi/detector-output-to-ipi-weak-signal-run-1/latency/av-1/request bytes=4503 forwarded=1
1783350466.367288 publish topic=ipi/detector-output-to-ipi-weak-signal-run-1/latency/av-1/ack bytes=233 forwarded=1
1783350466.627039 publish topic=ipi/detector-output-to-ipi-weak-signal-run-1/latency/av-1/request bytes=4503 forwarded=1
1783350466.627693 publish topic=ipi/detector-output-to-ipi-weak-signal-run-1/latency/av-1/ack bytes=233 forwarded=1
1783350466.877082 publish topic=ipi/detector-output-to-ipi-weak-signal-run-1/latency/av-1/request bytes=4503 forwarded=1
1783350466.877764 publish topic=ipi/detector-output-to-ipi-weak-signal-run-1/latency/av-1/ack bytes=233 forwarded=1
1783350467.127628 publish topic=ipi/detector-output-to-ipi-weak-signal-run-1/latency/av-1/request bytes=4503 forwarded=1
1783350467.128319 publish topic=ipi/detector-output-to-ipi-weak-signal-run-1/latency/av-1/ack bytes=233 forwarded=1
1783350467.377522 publish topic=ipi/detector-output-to-ipi-weak-signal-run-1/latency/av-1/request bytes=4503 forwarded=1
1783350467.378219 publish topic=ipi/detector-output-to-ipi-weak-signal-run-1/latency/av-1/ack bytes=233 forwarded=1
1783350467.627865 publish topic=ipi/detector-output-to-ipi-weak-signal-run-1/latency/av-1/request bytes=4503 forwarded=1
1783350467.628508 publish topic=ipi/detector-output-to-ipi-weak-signal-run-1/latency/av-1/ack bytes=233 forwarded=1
1783350467.878571 publish topic=ipi/detector-output-to-ipi-weak-signal-run-1/latency/av-1/request bytes=4503 forwarded=1
1783350467.879326 publish topic=ipi/detector-output-to-ipi-weak-signal-run-1/latency/av-1/ack bytes=233 forwarded=1
1783350468.128716 publish topic=ipi/detector-output-to-ipi-weak-signal-run-1/latency/av-1/request bytes=4503 forwarded=1
1783350468.129418 publish topic=ipi/detector-output-to-ipi-weak-signal-run-1/latency/av-1/ack bytes=233 forwarded=1
1783350468.378916 publish topic=ipi/detector-output-to-ipi-weak-signal-run-1/latency/av-1/request bytes=4503 forwarded=1
1783350468.379598 publish topic=ipi/detector-output-to-ipi-weak-signal-run-1/latency/av-1/ack bytes=233 forwarded=1
1783350468.629118 publish topic=ipi/detector-output-to-ipi-weak-signal-run-1/latency/av-1/request bytes=4503 forwarded=1
1783350468.629780 publish topic=ipi/detector-output-to-ipi-weak-signal-run-1/latency/av-1/ack bytes=233 forwarded=1
1783350468.869513 publish topic=ipi/detector-output-to-ipi-weak-signal-run-1/latency/av-1/request bytes=4503 forwarded=1
1783350468.870191 publish topic=ipi/detector-output-to-ipi-weak-signal-run-1/latency/av-1/ack bytes=233 forwarded=1
1783350469.129711 publish topic=ipi/detector-output-to-ipi-weak-signal-run-1/latency/av-1/request bytes=4503 forwarded=1
1783350469.130399 publish topic=ipi/detector-output-to-ipi-weak-signal-run-1/latency/av-1/ack bytes=233 forwarded=1
1783350469.380079 publish topic=ipi/detector-output-to-ipi-weak-signal-run-1/latency/av-1/request bytes=4503 forwarded=1
1783350469.380773 publish topic=ipi/detector-output-to-ipi-weak-signal-run-1/latency/av-1/ack bytes=233 forwarded=1
1783350469.630388 publish topic=ipi/detector-output-to-ipi-weak-signal-run-1/latency/av-1/request bytes=4503 forwarded=1
1783350469.631137 publish topic=ipi/detector-output-to-ipi-weak-signal-run-1/latency/av-1/ack bytes=233 forwarded=1
1783350469.880665 publish topic=ipi/detector-output-to-ipi-weak-signal-run-1/latency/av-1/request bytes=4503 forwarded=1
1783350469.881359 publish topic=ipi/detector-output-to-ipi-weak-signal-run-1/latency/av-1/ack bytes=233 forwarded=1
1783350470.130922 publish topic=ipi/detector-output-to-ipi-weak-signal-run-1/latency/av-1/request bytes=4503 forwarded=1
1783350470.131614 publish topic=ipi/detector-output-to-ipi-weak-signal-run-1/latency/av-1/ack bytes=233 forwarded=1
1783350470.381428 publish topic=ipi/detector-output-to-ipi-weak-signal-run-1/latency/av-1/request bytes=4503 forwarded=1
1783350470.382099 publish topic=ipi/detector-output-to-ipi-weak-signal-run-1/latency/av-1/ack bytes=233 forwarded=1
1783350470.631442 publish topic=ipi/detector-output-to-ipi-weak-signal-run-1/latency/av-1/request bytes=4503 forwarded=1
1783350470.632119 publish topic=ipi/detector-output-to-ipi-weak-signal-run-1/latency/av-1/ack bytes=233 forwarded=1
1783350470.891912 publish topic=ipi/detector-output-to-ipi-weak-signal-run-1/latency/av-1/request bytes=4503 forwarded=1
1783350470.892603 publish topic=ipi/detector-output-to-ipi-weak-signal-run-1/latency/av-1/ack bytes=233 forwarded=1
1783350471.142258 publish topic=ipi/detector-output-to-ipi-weak-signal-run-1/latency/av-1/request bytes=4503 forwarded=1
1783350471.142986 publish topic=ipi/detector-output-to-ipi-weak-signal-run-1/latency/av-1/ack bytes=233 forwarded=1
1783350471.392404 publish topic=ipi/detector-output-to-ipi-weak-signal-run-1/latency/av-1/request bytes=4503 forwarded=1
1783350471.393089 publish topic=ipi/detector-output-to-ipi-weak-signal-run-1/latency/av-1/ack bytes=233 forwarded=1
1783350471.642666 publish topic=ipi/detector-output-to-ipi-weak-signal-run-1/latency/av-1/request bytes=4503 forwarded=1
1783350471.643424 publish topic=ipi/detector-output-to-ipi-weak-signal-run-1/latency/av-1/ack bytes=233 forwarded=1
1783350471.903076 publish topic=ipi/detector-output-to-ipi-weak-signal-run-1/latency/av-1/request bytes=4503 forwarded=1
1783350471.903792 publish topic=ipi/detector-output-to-ipi-weak-signal-run-1/latency/av-1/ack bytes=233 forwarded=1
1783350472.153170 publish topic=ipi/detector-output-to-ipi-weak-signal-run-1/latency/av-1/request bytes=4503 forwarded=1
1783350472.153891 publish topic=ipi/detector-output-to-ipi-weak-signal-run-1/latency/av-1/ack bytes=233 forwarded=1
1783350472.403743 publish topic=ipi/detector-output-to-ipi-weak-signal-run-1/latency/av-1/request bytes=4503 forwarded=1
1783350472.404450 publish topic=ipi/detector-output-to-ipi-weak-signal-run-1/latency/av-1/ack bytes=233 forwarded=1
1783350472.663928 publish topic=ipi/detector-output-to-ipi-weak-signal-run-1/latency/av-1/request bytes=4503 forwarded=1
1783350472.664655 publish topic=ipi/detector-output-to-ipi-weak-signal-run-1/latency/av-1/ack bytes=233 forwarded=1
1783350472.924311 publish topic=ipi/detector-output-to-ipi-weak-signal-run-1/latency/av-1/request bytes=4503 forwarded=1
1783350472.925018 publish topic=ipi/detector-output-to-ipi-weak-signal-run-1/latency/av-1/ack bytes=233 forwarded=1
1783350473.174628 publish topic=ipi/detector-output-to-ipi-weak-signal-run-1/latency/av-1/request bytes=4503 forwarded=1
1783350473.175336 publish topic=ipi/detector-output-to-ipi-weak-signal-run-1/latency/av-1/ack bytes=233 forwarded=1
1783350473.434970 publish topic=ipi/detector-output-to-ipi-weak-signal-run-1/latency/av-1/request bytes=4503 forwarded=1
1783350473.435684 publish topic=ipi/detector-output-to-ipi-weak-signal-run-1/latency/av-1/ack bytes=233 forwarded=1
1783350473.675117 publish topic=ipi/detector-output-to-ipi-weak-signal-run-1/latency/av-1/request bytes=4503 forwarded=1
1783350473.675826 publish topic=ipi/detector-output-to-ipi-weak-signal-run-1/latency/av-1/ack bytes=233 forwarded=1
1783350473.935455 publish topic=ipi/detector-output-to-ipi-weak-signal-run-1/latency/av-1/request bytes=4503 forwarded=1
1783350473.936263 publish topic=ipi/detector-output-to-ipi-weak-signal-run-1/latency/av-1/ack bytes=233 forwarded=1
1783350474.195659 publish topic=ipi/detector-output-to-ipi-weak-signal-run-1/latency/av-1/request bytes=4503 forwarded=1
1783350474.196356 publish topic=ipi/detector-output-to-ipi-weak-signal-run-1/latency/av-1/ack bytes=233 forwarded=1
1783350474.446248 publish topic=ipi/detector-output-to-ipi-weak-signal-run-1/latency/av-1/request bytes=4503 forwarded=1
1783350474.446961 publish topic=ipi/detector-output-to-ipi-weak-signal-run-1/latency/av-1/ack bytes=233 forwarded=1
1783350474.706476 publish topic=ipi/detector-output-to-ipi-weak-signal-run-1/latency/av-1/request bytes=4503 forwarded=1
1783350474.707207 publish topic=ipi/detector-output-to-ipi-weak-signal-run-1/latency/av-1/ack bytes=233 forwarded=1
1783350474.966862 publish topic=ipi/detector-output-to-ipi-weak-signal-run-1/latency/av-1/request bytes=4503 forwarded=1
1783350474.967580 publish topic=ipi/detector-output-to-ipi-weak-signal-run-1/latency/av-1/ack bytes=233 forwarded=1
1783350475.227066 publish topic=ipi/detector-output-to-ipi-weak-signal-run-1/latency/av-1/request bytes=4503 forwarded=1
1783350475.227852 publish topic=ipi/detector-output-to-ipi-weak-signal-run-1/latency/av-1/ack bytes=233 forwarded=1
1783350475.477350 publish topic=ipi/detector-output-to-ipi-weak-signal-run-1/latency/av-1/request bytes=4503 forwarded=1
1783350475.478069 publish topic=ipi/detector-output-to-ipi-weak-signal-run-1/latency/av-1/ack bytes=233 forwarded=1
1783350475.717759 publish topic=ipi/detector-output-to-ipi-weak-signal-run-1/latency/av-1/request bytes=4503 forwarded=1
1783350475.718495 publish topic=ipi/detector-output-to-ipi-weak-signal-run-1/latency/av-1/ack bytes=233 forwarded=1
1783350475.968170 publish topic=ipi/detector-output-to-ipi-weak-signal-run-1/latency/av-1/request bytes=4503 forwarded=1
1783350475.968912 publish topic=ipi/detector-output-to-ipi-weak-signal-run-1/latency/av-1/ack bytes=233 forwarded=1
1783350476.248394 publish topic=ipi/detector-output-to-ipi-weak-signal-run-1/latency/av-1/request bytes=4503 forwarded=1
1783350476.249107 publish topic=ipi/detector-output-to-ipi-weak-signal-run-1/latency/av-1/ack bytes=233 forwarded=1
1783350476.538941 publish topic=ipi/detector-output-to-ipi-weak-signal-run-1/latency/av-1/request bytes=4503 forwarded=1
1783350476.539631 publish topic=ipi/detector-output-to-ipi-weak-signal-run-1/latency/av-1/ack bytes=233 forwarded=1
1783350476.819595 publish topic=ipi/detector-output-to-ipi-weak-signal-run-1/latency/av-1/request bytes=4503 forwarded=1
1783350476.820299 publish topic=ipi/detector-output-to-ipi-weak-signal-run-1/latency/av-1/ack bytes=233 forwarded=1
1783350477.080067 publish topic=ipi/detector-output-to-ipi-weak-signal-run-1/latency/av-1/request bytes=4503 forwarded=1
1783350477.080786 publish topic=ipi/detector-output-to-ipi-weak-signal-run-1/latency/av-1/ack bytes=233 forwarded=1
1783350477.350529 publish topic=ipi/detector-output-to-ipi-weak-signal-run-1/latency/av-1/request bytes=4503 forwarded=1
1783350477.351299 publish topic=ipi/detector-output-to-ipi-weak-signal-run-1/latency/av-1/ack bytes=233 forwarded=1
1783350477.630868 publish topic=ipi/detector-output-to-ipi-weak-signal-run-1/latency/av-1/request bytes=4503 forwarded=1
1783350477.631551 publish topic=ipi/detector-output-to-ipi-weak-signal-run-1/latency/av-1/ack bytes=233 forwarded=1
1783350477.891632 publish topic=ipi/detector-output-to-ipi-weak-signal-run-1/latency/av-1/request bytes=4503 forwarded=1
1783350477.892341 publish topic=ipi/detector-output-to-ipi-weak-signal-run-1/latency/av-1/ack bytes=233 forwarded=1
1783350478.141767 publish topic=ipi/detector-output-to-ipi-weak-signal-run-1/latency/av-1/request bytes=4503 forwarded=1
1783350478.142522 publish topic=ipi/detector-output-to-ipi-weak-signal-run-1/latency/av-1/ack bytes=233 forwarded=1
1783350478.401953 publish topic=ipi/detector-output-to-ipi-weak-signal-run-1/latency/av-1/request bytes=4503 forwarded=1
1783350478.402689 publish topic=ipi/detector-output-to-ipi-weak-signal-run-1/latency/av-1/ack bytes=233 forwarded=1
1783350478.652543 publish topic=ipi/detector-output-to-ipi-weak-signal-run-1/latency/av-1/request bytes=4503 forwarded=1
1783350478.653223 publish topic=ipi/detector-output-to-ipi-weak-signal-run-1/latency/av-1/ack bytes=233 forwarded=1
1783350478.912583 publish topic=ipi/detector-output-to-ipi-weak-signal-run-1/latency/av-1/request bytes=4503 forwarded=1
1783350478.913256 publish topic=ipi/detector-output-to-ipi-weak-signal-run-1/latency/av-1/ack bytes=233 forwarded=1
1783350479.163046 publish topic=ipi/detector-output-to-ipi-weak-signal-run-1/latency/av-1/request bytes=4503 forwarded=1
1783350479.163754 publish topic=ipi/detector-output-to-ipi-weak-signal-run-1/latency/av-1/ack bytes=233 forwarded=1
1783350479.403328 publish topic=ipi/detector-output-to-ipi-weak-signal-run-1/latency/av-1/request bytes=4503 forwarded=1
1783350479.404040 publish topic=ipi/detector-output-to-ipi-weak-signal-run-1/latency/av-1/ack bytes=233 forwarded=1
1783350479.653661 publish topic=ipi/detector-output-to-ipi-weak-signal-run-1/latency/av-1/request bytes=4503 forwarded=1
1783350479.654374 publish topic=ipi/detector-output-to-ipi-weak-signal-run-1/latency/av-1/ack bytes=233 forwarded=1
1783350479.903862 publish topic=ipi/detector-output-to-ipi-weak-signal-run-1/latency/av-1/request bytes=4503 forwarded=1
1783350479.904575 publish topic=ipi/detector-output-to-ipi-weak-signal-run-1/latency/av-1/ack bytes=233 forwarded=1
1783350480.154040 publish topic=ipi/detector-output-to-ipi-weak-signal-run-1/latency/av-1/request bytes=4503 forwarded=1
1783350480.154782 publish topic=ipi/detector-output-to-ipi-weak-signal-run-1/latency/av-1/ack bytes=233 forwarded=1
1783350480.394611 publish topic=ipi/detector-output-to-ipi-weak-signal-run-1/latency/av-1/request bytes=4503 forwarded=1
1783350480.395330 publish topic=ipi/detector-output-to-ipi-weak-signal-run-1/latency/av-1/ack bytes=233 forwarded=1
1783350480.644690 publish topic=ipi/detector-output-to-ipi-weak-signal-run-1/latency/av-1/request bytes=4503 forwarded=1
1783350480.645380 publish topic=ipi/detector-output-to-ipi-weak-signal-run-1/latency/av-1/ack bytes=233 forwarded=1
1783350480.895062 publish topic=ipi/detector-output-to-ipi-weak-signal-run-1/latency/av-1/request bytes=4503 forwarded=1
1783350480.895780 publish topic=ipi/detector-output-to-ipi-weak-signal-run-1/latency/av-1/ack bytes=233 forwarded=1
1783350481.145462 publish topic=ipi/detector-output-to-ipi-weak-signal-run-1/latency/av-1/request bytes=4503 forwarded=1
1783350481.146239 publish topic=ipi/detector-output-to-ipi-weak-signal-run-1/latency/av-1/ack bytes=233 forwarded=1
1783350481.415787 publish topic=ipi/detector-output-to-ipi-weak-signal-run-1/latency/av-1/request bytes=4503 forwarded=1
1783350481.416511 publish topic=ipi/detector-output-to-ipi-weak-signal-run-1/latency/av-1/ack bytes=233 forwarded=1
1783350481.676021 publish topic=ipi/detector-output-to-ipi-weak-signal-run-1/latency/av-1/request bytes=4503 forwarded=1
1783350481.676717 publish topic=ipi/detector-output-to-ipi-weak-signal-run-1/latency/av-1/ack bytes=233 forwarded=1
1783350481.936367 publish topic=ipi/detector-output-to-ipi-weak-signal-run-1/latency/av-1/request bytes=4503 forwarded=1
1783350481.937070 publish topic=ipi/detector-output-to-ipi-weak-signal-run-1/latency/av-1/ack bytes=233 forwarded=1
1783350482.176838 publish topic=ipi/detector-output-to-ipi-weak-signal-run-1/latency/av-1/request bytes=4503 forwarded=1
1783350482.177541 publish topic=ipi/detector-output-to-ipi-weak-signal-run-1/latency/av-1/ack bytes=233 forwarded=1
1783350482.427347 publish topic=ipi/detector-output-to-ipi-weak-signal-run-1/latency/av-1/request bytes=4503 forwarded=1
1783350482.428078 publish topic=ipi/detector-output-to-ipi-weak-signal-run-1/latency/av-1/ack bytes=233 forwarded=1
1783350482.687287 publish topic=ipi/detector-output-to-ipi-weak-signal-run-1/latency/av-1/request bytes=4503 forwarded=1
1783350482.688007 publish topic=ipi/detector-output-to-ipi-weak-signal-run-1/latency/av-1/ack bytes=233 forwarded=1
1783350482.937899 publish topic=ipi/detector-output-to-ipi-weak-signal-run-1/latency/av-1/request bytes=4503 forwarded=1
1783350482.938656 publish topic=ipi/detector-output-to-ipi-weak-signal-run-1/latency/av-1/ack bytes=233 forwarded=1
1783350483.198189 publish topic=ipi/detector-output-to-ipi-weak-signal-run-1/latency/av-1/request bytes=4503 forwarded=1
1783350483.198948 publish topic=ipi/detector-output-to-ipi-weak-signal-run-1/latency/av-1/ack bytes=233 forwarded=1
1783350483.458511 publish topic=ipi/detector-output-to-ipi-weak-signal-run-1/latency/av-1/request bytes=4503 forwarded=1
1783350483.459304 publish topic=ipi/detector-output-to-ipi-weak-signal-run-1/latency/av-1/ack bytes=233 forwarded=1
1783350483.708771 publish topic=ipi/detector-output-to-ipi-weak-signal-run-1/latency/av-1/request bytes=4503 forwarded=1
1783350483.709463 publish topic=ipi/detector-output-to-ipi-weak-signal-run-1/latency/av-1/ack bytes=233 forwarded=1
1783350483.969143 publish topic=ipi/detector-output-to-ipi-weak-signal-run-1/latency/av-1/request bytes=4503 forwarded=1
1783350483.969881 publish topic=ipi/detector-output-to-ipi-weak-signal-run-1/latency/av-1/ack bytes=233 forwarded=1
1783350484.219271 publish topic=ipi/detector-output-to-ipi-weak-signal-run-1/latency/av-1/request bytes=4503 forwarded=1
1783350484.219959 publish topic=ipi/detector-output-to-ipi-weak-signal-run-1/latency/av-1/ack bytes=233 forwarded=1
1783350484.469774 publish topic=ipi/detector-output-to-ipi-weak-signal-run-1/latency/av-1/request bytes=4503 forwarded=1
1783350484.470479 publish topic=ipi/detector-output-to-ipi-weak-signal-run-1/latency/av-1/ack bytes=233 forwarded=1
1783350484.729947 publish topic=ipi/detector-output-to-ipi-weak-signal-run-1/latency/av-1/request bytes=4503 forwarded=1
1783350484.730672 publish topic=ipi/detector-output-to-ipi-weak-signal-run-1/latency/av-1/ack bytes=233 forwarded=1
1783350484.990381 publish topic=ipi/detector-output-to-ipi-weak-signal-run-1/latency/av-1/request bytes=4503 forwarded=1
1783350484.991101 publish topic=ipi/detector-output-to-ipi-weak-signal-run-1/latency/av-1/ack bytes=233 forwarded=1
1783350485.250663 publish topic=ipi/detector-output-to-ipi-weak-signal-run-1/latency/av-1/request bytes=4503 forwarded=1
1783350485.251343 publish topic=ipi/detector-output-to-ipi-weak-signal-run-1/latency/av-1/ack bytes=233 forwarded=1
1783350485.500851 publish topic=ipi/detector-output-to-ipi-weak-signal-run-1/latency/av-1/request bytes=4503 forwarded=1
1783350485.501490 publish topic=ipi/detector-output-to-ipi-weak-signal-run-1/latency/av-1/ack bytes=233 forwarded=1
1783350485.751296 publish topic=ipi/detector-output-to-ipi-weak-signal-run-1/latency/av-1/request bytes=4503 forwarded=1
1783350485.752145 publish topic=ipi/detector-output-to-ipi-weak-signal-run-1/latency/av-1/ack bytes=233 forwarded=1
1783350486.011670 publish topic=ipi/detector-output-to-ipi-weak-signal-run-1/latency/av-1/request bytes=4503 forwarded=1
1783350486.012382 publish topic=ipi/detector-output-to-ipi-weak-signal-run-1/latency/av-1/ack bytes=233 forwarded=1
1783350486.262094 publish topic=ipi/detector-output-to-ipi-weak-signal-run-1/latency/av-1/request bytes=4503 forwarded=1
1783350486.262784 publish topic=ipi/detector-output-to-ipi-weak-signal-run-1/latency/av-1/ack bytes=233 forwarded=1
1783350486.512342 publish topic=ipi/detector-output-to-ipi-weak-signal-run-1/latency/av-1/request bytes=4503 forwarded=1
1783350486.513054 publish topic=ipi/detector-output-to-ipi-weak-signal-run-1/latency/av-1/ack bytes=233 forwarded=1
1783350486.792513 publish topic=ipi/detector-output-to-ipi-weak-signal-run-1/latency/av-1/request bytes=4503 forwarded=1
1783350486.793218 publish topic=ipi/detector-output-to-ipi-weak-signal-run-1/latency/av-1/ack bytes=233 forwarded=1
1783350487.143200 publish topic=ipi/detector-output-to-ipi-weak-signal-run-1/latency/av-1/request bytes=4503 forwarded=1
1783350487.143906 publish topic=ipi/detector-output-to-ipi-weak-signal-run-1/latency/av-1/ack bytes=233 forwarded=1
1783350487.433368 publish topic=ipi/detector-output-to-ipi-weak-signal-run-1/latency/av-1/request bytes=4503 forwarded=1
1783350487.434050 publish topic=ipi/detector-output-to-ipi-weak-signal-run-1/latency/av-1/ack bytes=233 forwarded=1
1783350487.683919 publish topic=ipi/detector-output-to-ipi-weak-signal-run-1/latency/av-1/request bytes=4503 forwarded=1
1783350487.684594 publish topic=ipi/detector-output-to-ipi-weak-signal-run-1/latency/av-1/ack bytes=233 forwarded=1
1783350487.974341 publish topic=ipi/detector-output-to-ipi-weak-signal-run-1/latency/av-1/request bytes=4503 forwarded=1
1783350487.975084 publish topic=ipi/detector-output-to-ipi-weak-signal-run-1/latency/av-1/ack bytes=233 forwarded=1
1783350488.284795 publish topic=ipi/detector-output-to-ipi-weak-signal-run-1/latency/av-1/request bytes=4503 forwarded=1
1783350488.285501 publish topic=ipi/detector-output-to-ipi-weak-signal-run-1/latency/av-1/ack bytes=233 forwarded=1
1783350488.535267 publish topic=ipi/detector-output-to-ipi-weak-signal-run-1/latency/av-1/request bytes=4503 forwarded=1
1783350488.536040 publish topic=ipi/detector-output-to-ipi-weak-signal-run-1/latency/av-1/ack bytes=233 forwarded=1
1783350488.805794 publish topic=ipi/detector-output-to-ipi-weak-signal-run-1/latency/av-1/request bytes=4503 forwarded=1
1783350488.806563 publish topic=ipi/detector-output-to-ipi-weak-signal-run-1/latency/av-1/ack bytes=233 forwarded=1
1783350489.146505 publish topic=ipi/detector-output-to-ipi-weak-signal-run-1/latency/av-1/request bytes=4503 forwarded=1
1783350489.147303 publish topic=ipi/detector-output-to-ipi-weak-signal-run-1/latency/av-1/ack bytes=233 forwarded=1
1783350489.426990 publish topic=ipi/detector-output-to-ipi-weak-signal-run-1/latency/av-1/request bytes=4503 forwarded=1
1783350489.427703 publish topic=ipi/detector-output-to-ipi-weak-signal-run-1/latency/av-1/ack bytes=233 forwarded=1
1783350489.697481 publish topic=ipi/detector-output-to-ipi-weak-signal-run-1/latency/av-1/request bytes=4503 forwarded=1
1783350489.698193 publish topic=ipi/detector-output-to-ipi-weak-signal-run-1/latency/av-1/ack bytes=233 forwarded=1
1783350489.978209 publish topic=ipi/detector-output-to-ipi-weak-signal-run-1/latency/av-1/request bytes=4503 forwarded=1
1783350489.979007 publish topic=ipi/detector-output-to-ipi-weak-signal-run-1/latency/av-1/ack bytes=233 forwarded=1
1783350490.268498 publish topic=ipi/detector-output-to-ipi-weak-signal-run-1/latency/av-1/request bytes=4503 forwarded=1
1783350490.269237 publish topic=ipi/detector-output-to-ipi-weak-signal-run-1/latency/av-1/ack bytes=233 forwarded=1
1783350490.508910 publish topic=ipi/detector-output-to-ipi-weak-signal-run-1/latency/av-1/request bytes=4503 forwarded=1
1783350490.509590 publish topic=ipi/detector-output-to-ipi-weak-signal-run-1/latency/av-1/ack bytes=233 forwarded=1
1783350490.759322 publish topic=ipi/detector-output-to-ipi-weak-signal-run-1/latency/av-1/request bytes=4503 forwarded=1
1783350490.760051 publish topic=ipi/detector-output-to-ipi-weak-signal-run-1/latency/av-1/ack bytes=233 forwarded=1
1783350491.009576 publish topic=ipi/detector-output-to-ipi-weak-signal-run-1/latency/av-1/request bytes=4503 forwarded=1
1783350491.010278 publish topic=ipi/detector-output-to-ipi-weak-signal-run-1/latency/av-1/ack bytes=233 forwarded=1
1783350491.260097 publish topic=ipi/detector-output-to-ipi-weak-signal-run-1/latency/av-1/request bytes=4503 forwarded=1
1783350491.260799 publish topic=ipi/detector-output-to-ipi-weak-signal-run-1/latency/av-1/ack bytes=233 forwarded=1
1783350491.510498 publish topic=ipi/detector-output-to-ipi-weak-signal-run-1/latency/av-1/request bytes=4503 forwarded=1
1783350491.511226 publish topic=ipi/detector-output-to-ipi-weak-signal-run-1/latency/av-1/ack bytes=233 forwarded=1
1783350491.770729 publish topic=ipi/detector-output-to-ipi-weak-signal-run-1/latency/av-1/request bytes=4503 forwarded=1
1783350491.771423 publish topic=ipi/detector-output-to-ipi-weak-signal-run-1/latency/av-1/ack bytes=233 forwarded=1
1783350492.021410 publish topic=ipi/detector-output-to-ipi-weak-signal-run-1/latency/av-1/request bytes=4503 forwarded=1
1783350492.022118 publish topic=ipi/detector-output-to-ipi-weak-signal-run-1/latency/av-1/ack bytes=233 forwarded=1
1783350492.271577 publish topic=ipi/detector-output-to-ipi-weak-signal-run-1/latency/av-1/request bytes=4503 forwarded=1
1783350492.272318 publish topic=ipi/detector-output-to-ipi-weak-signal-run-1/latency/av-1/ack bytes=233 forwarded=1
1783350492.531851 publish topic=ipi/detector-output-to-ipi-weak-signal-run-1/latency/av-1/request bytes=4503 forwarded=1
1783350492.532555 publish topic=ipi/detector-output-to-ipi-weak-signal-run-1/latency/av-1/ack bytes=233 forwarded=1
1783350492.792310 publish topic=ipi/detector-output-to-ipi-weak-signal-run-1/latency/av-1/request bytes=4503 forwarded=1
1783350492.793021 publish topic=ipi/detector-output-to-ipi-weak-signal-run-1/latency/av-1/ack bytes=233 forwarded=1
1783350493.032469 publish topic=ipi/detector-output-to-ipi-weak-signal-run-1/latency/av-1/request bytes=4503 forwarded=1
1783350493.033171 publish topic=ipi/detector-output-to-ipi-weak-signal-run-1/latency/av-1/ack bytes=233 forwarded=1
1783350493.292847 publish topic=ipi/detector-output-to-ipi-weak-signal-run-1/latency/av-1/request bytes=4503 forwarded=1
1783350493.293556 publish topic=ipi/detector-output-to-ipi-weak-signal-run-1/latency/av-1/ack bytes=233 forwarded=1
1783350493.543124 publish topic=ipi/detector-output-to-ipi-weak-signal-run-1/latency/av-1/request bytes=4503 forwarded=1
1783350493.543844 publish topic=ipi/detector-output-to-ipi-weak-signal-run-1/latency/av-1/ack bytes=233 forwarded=1
1783350493.793498 publish topic=ipi/detector-output-to-ipi-weak-signal-run-1/latency/av-1/request bytes=4503 forwarded=1
1783350493.794228 publish topic=ipi/detector-output-to-ipi-weak-signal-run-1/latency/av-1/ack bytes=233 forwarded=1
1783350494.053770 publish topic=ipi/detector-output-to-ipi-weak-signal-run-1/latency/av-1/request bytes=4503 forwarded=1
1783350494.054473 publish topic=ipi/detector-output-to-ipi-weak-signal-run-1/latency/av-1/ack bytes=233 forwarded=1
1783350494.314090 publish topic=ipi/detector-output-to-ipi-weak-signal-run-1/latency/av-1/request bytes=4503 forwarded=1
1783350494.314871 publish topic=ipi/detector-output-to-ipi-weak-signal-run-1/latency/av-1/ack bytes=233 forwarded=1
1783350494.574570 publish topic=ipi/detector-output-to-ipi-weak-signal-run-1/latency/av-1/request bytes=4503 forwarded=1
1783350494.575274 publish topic=ipi/detector-output-to-ipi-weak-signal-run-1/latency/av-1/ack bytes=233 forwarded=1
1783350494.824866 publish topic=ipi/detector-output-to-ipi-weak-signal-run-1/latency/av-1/request bytes=4503 forwarded=1
1783350494.825559 publish topic=ipi/detector-output-to-ipi-weak-signal-run-1/latency/av-1/ack bytes=233 forwarded=1
1783350495.085144 publish topic=ipi/detector-output-to-ipi-weak-signal-run-1/latency/av-1/request bytes=4503 forwarded=1
1783350495.085859 publish topic=ipi/detector-output-to-ipi-weak-signal-run-1/latency/av-1/ack bytes=233 forwarded=1
1783350495.325449 publish topic=ipi/detector-output-to-ipi-weak-signal-run-1/latency/av-1/request bytes=4503 forwarded=1
1783350495.326116 publish topic=ipi/detector-output-to-ipi-weak-signal-run-1/latency/av-1/ack bytes=233 forwarded=1
1783350495.585755 publish topic=ipi/detector-output-to-ipi-weak-signal-run-1/latency/av-1/request bytes=4503 forwarded=1
1783350495.586536 publish topic=ipi/detector-output-to-ipi-weak-signal-run-1/latency/av-1/ack bytes=233 forwarded=1
1783350495.836207 publish topic=ipi/detector-output-to-ipi-weak-signal-run-1/latency/av-1/request bytes=4503 forwarded=1
1783350495.836913 publish topic=ipi/detector-output-to-ipi-weak-signal-run-1/latency/av-1/ack bytes=233 forwarded=1
1783350496.086341 publish topic=ipi/detector-output-to-ipi-weak-signal-run-1/latency/av-1/request bytes=4503 forwarded=1
1783350496.087028 publish topic=ipi/detector-output-to-ipi-weak-signal-run-1/latency/av-1/ack bytes=233 forwarded=1
1783350496.326779 publish topic=ipi/detector-output-to-ipi-weak-signal-run-1/latency/av-1/request bytes=4503 forwarded=1
1783350496.327436 publish topic=ipi/detector-output-to-ipi-weak-signal-run-1/latency/av-1/ack bytes=233 forwarded=1
1783350496.577019 publish topic=ipi/detector-output-to-ipi-weak-signal-run-1/latency/av-1/request bytes=4503 forwarded=1
1783350496.577731 publish topic=ipi/detector-output-to-ipi-weak-signal-run-1/latency/av-1/ack bytes=233 forwarded=1
1783350496.817478 publish topic=ipi/detector-output-to-ipi-weak-signal-run-1/latency/av-1/request bytes=4503 forwarded=1
1783350496.818187 publish topic=ipi/detector-output-to-ipi-weak-signal-run-1/latency/av-1/ack bytes=233 forwarded=1
1783350497.068007 publish topic=ipi/detector-output-to-ipi-weak-signal-run-1/latency/av-1/request bytes=4503 forwarded=1
1783350497.068736 publish topic=ipi/detector-output-to-ipi-weak-signal-run-1/latency/av-1/ack bytes=233 forwarded=1
1783350497.318341 publish topic=ipi/detector-output-to-ipi-weak-signal-run-1/latency/av-1/request bytes=4503 forwarded=1
1783350497.319170 publish topic=ipi/detector-output-to-ipi-weak-signal-run-1/latency/av-1/ack bytes=233 forwarded=1
1783350497.568455 publish topic=ipi/detector-output-to-ipi-weak-signal-run-1/latency/av-1/request bytes=4503 forwarded=1
1783350497.569261 publish topic=ipi/detector-output-to-ipi-weak-signal-run-1/latency/av-1/ack bytes=233 forwarded=1
1783350497.828823 publish topic=ipi/detector-output-to-ipi-weak-signal-run-1/latency/av-1/request bytes=4503 forwarded=1
1783350497.829531 publish topic=ipi/detector-output-to-ipi-weak-signal-run-1/latency/av-1/ack bytes=233 forwarded=1
1783350498.089388 publish topic=ipi/detector-output-to-ipi-weak-signal-run-1/latency/av-1/request bytes=4503 forwarded=1
1783350498.090111 publish topic=ipi/detector-output-to-ipi-weak-signal-run-1/latency/av-1/ack bytes=233 forwarded=1
1783350498.349759 publish topic=ipi/detector-output-to-ipi-weak-signal-run-1/latency/av-1/request bytes=4503 forwarded=1
1783350498.350538 publish topic=ipi/detector-output-to-ipi-weak-signal-run-1/latency/av-1/ack bytes=233 forwarded=1
1783350498.600375 publish topic=ipi/detector-output-to-ipi-weak-signal-run-1/latency/av-1/request bytes=4503 forwarded=1
1783350498.601096 publish topic=ipi/detector-output-to-ipi-weak-signal-run-1/latency/av-1/ack bytes=233 forwarded=1
1783350498.850771 publish topic=ipi/detector-output-to-ipi-weak-signal-run-1/latency/av-1/request bytes=4503 forwarded=1
1783350498.851483 publish topic=ipi/detector-output-to-ipi-weak-signal-run-1/latency/av-1/ack bytes=233 forwarded=1
1783350499.101019 publish topic=ipi/detector-output-to-ipi-weak-signal-run-1/latency/av-1/request bytes=4503 forwarded=1
1783350499.101798 publish topic=ipi/detector-output-to-ipi-weak-signal-run-1/latency/av-1/ack bytes=233 forwarded=1
1783350499.341278 publish topic=ipi/detector-output-to-ipi-weak-signal-run-1/latency/av-1/request bytes=4503 forwarded=1
1783350499.342003 publish topic=ipi/detector-output-to-ipi-weak-signal-run-1/latency/av-1/ack bytes=233 forwarded=1
1783350499.601557 publish topic=ipi/detector-output-to-ipi-weak-signal-run-1/latency/av-1/request bytes=4503 forwarded=1
1783350499.602338 publish topic=ipi/detector-output-to-ipi-weak-signal-run-1/latency/av-1/ack bytes=233 forwarded=1
1783350499.851941 publish topic=ipi/detector-output-to-ipi-weak-signal-run-1/latency/av-1/request bytes=4503 forwarded=1
1783350499.852656 publish topic=ipi/detector-output-to-ipi-weak-signal-run-1/latency/av-1/ack bytes=233 forwarded=1
1783350500.092226 publish topic=ipi/detector-output-to-ipi-weak-signal-run-1/latency/av-1/request bytes=4503 forwarded=1
1783350500.092947 publish topic=ipi/detector-output-to-ipi-weak-signal-run-1/latency/av-1/ack bytes=233 forwarded=1
1783350500.332510 publish topic=ipi/detector-output-to-ipi-weak-signal-run-1/latency/av-1/request bytes=4503 forwarded=1
1783350500.333214 publish topic=ipi/detector-output-to-ipi-weak-signal-run-1/latency/av-1/ack bytes=233 forwarded=1
1783350500.572907 publish topic=ipi/detector-output-to-ipi-weak-signal-run-1/latency/av-1/request bytes=4503 forwarded=1
1783350500.573608 publish topic=ipi/detector-output-to-ipi-weak-signal-run-1/latency/av-1/ack bytes=233 forwarded=1
1783350500.853222 publish topic=ipi/detector-output-to-ipi-weak-signal-run-1/latency/av-1/request bytes=4503 forwarded=1
1783350500.853932 publish topic=ipi/detector-output-to-ipi-weak-signal-run-1/latency/av-1/ack bytes=233 forwarded=1
1783350501.133877 publish topic=ipi/detector-output-to-ipi-weak-signal-run-1/latency/av-1/request bytes=4503 forwarded=1
1783350501.134642 publish topic=ipi/detector-output-to-ipi-weak-signal-run-1/latency/av-1/ack bytes=233 forwarded=1
1783350501.394524 publish topic=ipi/detector-output-to-ipi-weak-signal-run-1/latency/av-1/request bytes=4503 forwarded=1
1783350501.395239 publish topic=ipi/detector-output-to-ipi-weak-signal-run-1/latency/av-1/ack bytes=233 forwarded=1
1783350501.654964 publish topic=ipi/detector-output-to-ipi-weak-signal-run-1/latency/av-1/request bytes=4503 forwarded=1
1783350501.655682 publish topic=ipi/detector-output-to-ipi-weak-signal-run-1/latency/av-1/ack bytes=233 forwarded=1
1783350501.965739 publish topic=ipi/detector-output-to-ipi-weak-signal-run-1/latency/av-1/request bytes=4503 forwarded=1
1783350501.966487 publish topic=ipi/detector-output-to-ipi-weak-signal-run-1/latency/av-1/ack bytes=233 forwarded=1
1783350502.266287 publish topic=ipi/detector-output-to-ipi-weak-signal-run-1/latency/av-1/request bytes=4503 forwarded=1
1783350502.267012 publish topic=ipi/detector-output-to-ipi-weak-signal-run-1/latency/av-1/ack bytes=233 forwarded=1
1783350502.516512 publish topic=ipi/detector-output-to-ipi-weak-signal-run-1/latency/av-1/request bytes=4503 forwarded=1
1783350502.517240 publish topic=ipi/detector-output-to-ipi-weak-signal-run-1/latency/av-1/ack bytes=233 forwarded=1
1783350502.767197 publish topic=ipi/detector-output-to-ipi-weak-signal-run-1/latency/av-1/request bytes=4503 forwarded=1
1783350502.767901 publish topic=ipi/detector-output-to-ipi-weak-signal-run-1/latency/av-1/ack bytes=233 forwarded=1
1783350503.037419 publish topic=ipi/detector-output-to-ipi-weak-signal-run-1/latency/av-1/request bytes=4503 forwarded=1
1783350503.038167 publish topic=ipi/detector-output-to-ipi-weak-signal-run-1/latency/av-1/ack bytes=233 forwarded=1
1783350503.297827 publish topic=ipi/detector-output-to-ipi-weak-signal-run-1/latency/av-1/request bytes=4503 forwarded=1
1783350503.298565 publish topic=ipi/detector-output-to-ipi-weak-signal-run-1/latency/av-1/ack bytes=233 forwarded=1
1783350503.558314 publish topic=ipi/detector-output-to-ipi-weak-signal-run-1/latency/av-1/request bytes=4503 forwarded=1
1783350503.559034 publish topic=ipi/detector-output-to-ipi-weak-signal-run-1/latency/av-1/ack bytes=233 forwarded=1
1783350503.818629 publish topic=ipi/detector-output-to-ipi-weak-signal-run-1/latency/av-1/request bytes=4503 forwarded=1
1783350503.819378 publish topic=ipi/detector-output-to-ipi-weak-signal-run-1/latency/av-1/ack bytes=233 forwarded=1
1783350504.078921 publish topic=ipi/detector-output-to-ipi-weak-signal-run-1/latency/av-1/request bytes=4503 forwarded=1
1783350504.079642 publish topic=ipi/detector-output-to-ipi-weak-signal-run-1/latency/av-1/ack bytes=233 forwarded=1
1783350504.339572 publish topic=ipi/detector-output-to-ipi-weak-signal-run-1/latency/av-1/request bytes=4503 forwarded=1
1783350504.340276 publish topic=ipi/detector-output-to-ipi-weak-signal-run-1/latency/av-1/ack bytes=233 forwarded=1
1783350504.599782 publish topic=ipi/detector-output-to-ipi-weak-signal-run-1/latency/av-1/request bytes=4503 forwarded=1
1783350504.600561 publish topic=ipi/detector-output-to-ipi-weak-signal-run-1/latency/av-1/ack bytes=233 forwarded=1
1783350504.860025 publish topic=ipi/detector-output-to-ipi-weak-signal-run-1/latency/av-1/request bytes=4503 forwarded=1
1783350504.860730 publish topic=ipi/detector-output-to-ipi-weak-signal-run-1/latency/av-1/ack bytes=233 forwarded=1
1783350505.110304 publish topic=ipi/detector-output-to-ipi-weak-signal-run-1/latency/av-1/request bytes=4503 forwarded=1
1783350505.111027 publish topic=ipi/detector-output-to-ipi-weak-signal-run-1/latency/av-1/ack bytes=233 forwarded=1
1783350505.350969 publish topic=ipi/detector-output-to-ipi-weak-signal-run-1/latency/av-1/request bytes=4503 forwarded=1
1783350505.351681 publish topic=ipi/detector-output-to-ipi-weak-signal-run-1/latency/av-1/ack bytes=233 forwarded=1
1783350505.601259 publish topic=ipi/detector-output-to-ipi-weak-signal-run-1/latency/av-1/request bytes=4503 forwarded=1
1783350505.601815 publish topic=ipi/detector-output-to-ipi-weak-signal-run-1/latency/av-1/ack bytes=233 forwarded=1
1783350505.851492 publish topic=ipi/detector-output-to-ipi-weak-signal-run-1/latency/av-1/request bytes=4503 forwarded=1
1783350505.852247 publish topic=ipi/detector-output-to-ipi-weak-signal-run-1/latency/av-1/ack bytes=233 forwarded=1
1783350506.111861 publish topic=ipi/detector-output-to-ipi-weak-signal-run-1/latency/av-1/request bytes=4503 forwarded=1
1783350506.112579 publish topic=ipi/detector-output-to-ipi-weak-signal-run-1/latency/av-1/ack bytes=233 forwarded=1
1783350506.362245 publish topic=ipi/detector-output-to-ipi-weak-signal-run-1/latency/av-1/request bytes=4503 forwarded=1
1783350506.362998 publish topic=ipi/detector-output-to-ipi-weak-signal-run-1/latency/av-1/ack bytes=233 forwarded=1
1783350506.612444 publish topic=ipi/detector-output-to-ipi-weak-signal-run-1/latency/av-1/request bytes=4503 forwarded=1
1783350506.613166 publish topic=ipi/detector-output-to-ipi-weak-signal-run-1/latency/av-1/ack bytes=233 forwarded=1
1783350506.862713 publish topic=ipi/detector-output-to-ipi-weak-signal-run-1/latency/av-1/request bytes=4503 forwarded=1
1783350506.863444 publish topic=ipi/detector-output-to-ipi-weak-signal-run-1/latency/av-1/ack bytes=233 forwarded=1
1783350507.113274 publish topic=ipi/detector-output-to-ipi-weak-signal-run-1/latency/av-1/request bytes=4503 forwarded=1
1783350507.113975 publish topic=ipi/detector-output-to-ipi-weak-signal-run-1/latency/av-1/ack bytes=233 forwarded=1
1783350507.363374 publish topic=ipi/detector-output-to-ipi-weak-signal-run-1/latency/av-1/request bytes=4503 forwarded=1
1783350507.364098 publish topic=ipi/detector-output-to-ipi-weak-signal-run-1/latency/av-1/ack bytes=233 forwarded=1
1783350507.613712 publish topic=ipi/detector-output-to-ipi-weak-signal-run-1/latency/av-1/request bytes=4503 forwarded=1
1783350507.614431 publish topic=ipi/detector-output-to-ipi-weak-signal-run-1/latency/av-1/ack bytes=233 forwarded=1
1783350507.874176 publish topic=ipi/detector-output-to-ipi-weak-signal-run-1/latency/av-1/request bytes=4503 forwarded=1
1783350507.874916 publish topic=ipi/detector-output-to-ipi-weak-signal-run-1/latency/av-1/ack bytes=233 forwarded=1
1783350508.114479 publish topic=ipi/detector-output-to-ipi-weak-signal-run-1/latency/av-1/request bytes=4503 forwarded=1
1783350508.115243 publish topic=ipi/detector-output-to-ipi-weak-signal-run-1/latency/av-1/ack bytes=233 forwarded=1
1783350508.374832 publish topic=ipi/detector-output-to-ipi-weak-signal-run-1/latency/av-1/request bytes=4503 forwarded=1
1783350508.375550 publish topic=ipi/detector-output-to-ipi-weak-signal-run-1/latency/av-1/ack bytes=233 forwarded=1
1783350508.645341 publish topic=ipi/detector-output-to-ipi-weak-signal-run-1/latency/av-1/request bytes=4503 forwarded=1
1783350508.646050 publish topic=ipi/detector-output-to-ipi-weak-signal-run-1/latency/av-1/ack bytes=233 forwarded=1
1783350508.885528 publish topic=ipi/detector-output-to-ipi-weak-signal-run-1/latency/av-1/request bytes=4503 forwarded=1
1783350508.886333 publish topic=ipi/detector-output-to-ipi-weak-signal-run-1/latency/av-1/ack bytes=233 forwarded=1
1783350509.145796 publish topic=ipi/detector-output-to-ipi-weak-signal-run-1/latency/av-1/request bytes=4503 forwarded=1
1783350509.146556 publish topic=ipi/detector-output-to-ipi-weak-signal-run-1/latency/av-1/ack bytes=233 forwarded=1
1783350509.396111 publish topic=ipi/detector-output-to-ipi-weak-signal-run-1/latency/av-1/request bytes=4503 forwarded=1
1783350509.396835 publish topic=ipi/detector-output-to-ipi-weak-signal-run-1/latency/av-1/ack bytes=233 forwarded=1
1783350509.636354 publish topic=ipi/detector-output-to-ipi-weak-signal-run-1/latency/av-1/request bytes=4503 forwarded=1
1783350509.637063 publish topic=ipi/detector-output-to-ipi-weak-signal-run-1/latency/av-1/ack bytes=233 forwarded=1
1783350509.886863 publish topic=ipi/detector-output-to-ipi-weak-signal-run-1/latency/av-1/request bytes=4503 forwarded=1
1783350509.887572 publish topic=ipi/detector-output-to-ipi-weak-signal-run-1/latency/av-1/ack bytes=233 forwarded=1
1783350510.137428 publish topic=ipi/detector-output-to-ipi-weak-signal-run-1/latency/av-1/request bytes=4503 forwarded=1
1783350510.138152 publish topic=ipi/detector-output-to-ipi-weak-signal-run-1/latency/av-1/ack bytes=233 forwarded=1
1783350510.387630 publish topic=ipi/detector-output-to-ipi-weak-signal-run-1/latency/av-1/request bytes=4503 forwarded=1
1783350510.388354 publish topic=ipi/detector-output-to-ipi-weak-signal-run-1/latency/av-1/ack bytes=233 forwarded=1
1783350510.637824 publish topic=ipi/detector-output-to-ipi-weak-signal-run-1/latency/av-1/request bytes=4503 forwarded=1
1783350510.638612 publish topic=ipi/detector-output-to-ipi-weak-signal-run-1/latency/av-1/ack bytes=233 forwarded=1
1783350510.878134 publish topic=ipi/detector-output-to-ipi-weak-signal-run-1/latency/av-1/request bytes=4503 forwarded=1
1783350510.878882 publish topic=ipi/detector-output-to-ipi-weak-signal-run-1/latency/av-1/ack bytes=233 forwarded=1
1783350511.128510 publish topic=ipi/detector-output-to-ipi-weak-signal-run-1/latency/av-1/request bytes=4503 forwarded=1
1783350511.129251 publish topic=ipi/detector-output-to-ipi-weak-signal-run-1/latency/av-1/ack bytes=233 forwarded=1
1783350511.388916 publish topic=ipi/detector-output-to-ipi-weak-signal-run-1/latency/av-1/request bytes=4503 forwarded=1
1783350511.389632 publish topic=ipi/detector-output-to-ipi-weak-signal-run-1/latency/av-1/ack bytes=233 forwarded=1
1783350511.639232 publish topic=ipi/detector-output-to-ipi-weak-signal-run-1/latency/av-1/request bytes=4503 forwarded=1
1783350511.639957 publish topic=ipi/detector-output-to-ipi-weak-signal-run-1/latency/av-1/ack bytes=233 forwarded=1
1783350511.889450 publish topic=ipi/detector-output-to-ipi-weak-signal-run-1/latency/av-1/request bytes=4503 forwarded=1
1783350511.890139 publish topic=ipi/detector-output-to-ipi-weak-signal-run-1/latency/av-1/ack bytes=233 forwarded=1
1783350512.139801 publish topic=ipi/detector-output-to-ipi-weak-signal-run-1/latency/av-1/request bytes=4503 forwarded=1
1783350512.140189 publish topic=ipi/detector-output-to-ipi-weak-signal-run-1/latency/av-1/ack bytes=233 forwarded=1
1783350512.390314 publish topic=ipi/detector-output-to-ipi-weak-signal-run-1/latency/av-1/request bytes=4503 forwarded=1
1783350512.391060 publish topic=ipi/detector-output-to-ipi-weak-signal-run-1/latency/av-1/ack bytes=233 forwarded=1
1783350512.650425 publish topic=ipi/detector-output-to-ipi-weak-signal-run-1/latency/av-1/request bytes=4503 forwarded=1
1783350512.651193 publish topic=ipi/detector-output-to-ipi-weak-signal-run-1/latency/av-1/ack bytes=233 forwarded=1
1783350512.900843 publish topic=ipi/detector-output-to-ipi-weak-signal-run-1/latency/av-1/request bytes=4503 forwarded=1
1783350512.901579 publish topic=ipi/detector-output-to-ipi-weak-signal-run-1/latency/av-1/ack bytes=233 forwarded=1
1783350513.191355 publish topic=ipi/detector-output-to-ipi-weak-signal-run-1/latency/av-1/request bytes=4503 forwarded=1
1783350513.192040 publish topic=ipi/detector-output-to-ipi-weak-signal-run-1/latency/av-1/ack bytes=233 forwarded=1
1783350513.471876 publish topic=ipi/detector-output-to-ipi-weak-signal-run-1/latency/av-1/request bytes=4503 forwarded=1
1783350513.472593 publish topic=ipi/detector-output-to-ipi-weak-signal-run-1/latency/av-1/ack bytes=233 forwarded=1
1783350513.782404 publish topic=ipi/detector-output-to-ipi-weak-signal-run-1/latency/av-1/request bytes=4503 forwarded=1
1783350513.783148 publish topic=ipi/detector-output-to-ipi-weak-signal-run-1/latency/av-1/ack bytes=233 forwarded=1
1783350514.103135 publish topic=ipi/detector-output-to-ipi-weak-signal-run-1/latency/av-1/request bytes=4503 forwarded=1
1783350514.103875 publish topic=ipi/detector-output-to-ipi-weak-signal-run-1/latency/av-1/ack bytes=233 forwarded=1
1783350514.383689 publish topic=ipi/detector-output-to-ipi-weak-signal-run-1/latency/av-1/request bytes=4503 forwarded=1
1783350514.384448 publish topic=ipi/detector-output-to-ipi-weak-signal-run-1/latency/av-1/ack bytes=233 forwarded=1
1783350514.643849 publish topic=ipi/detector-output-to-ipi-weak-signal-run-1/latency/av-1/request bytes=4503 forwarded=1
1783350514.644579 publish topic=ipi/detector-output-to-ipi-weak-signal-run-1/latency/av-1/ack bytes=233 forwarded=1
1783350514.914411 publish topic=ipi/detector-output-to-ipi-weak-signal-run-1/latency/av-1/request bytes=4503 forwarded=1
1783350514.915250 publish topic=ipi/detector-output-to-ipi-weak-signal-run-1/latency/av-1/ack bytes=233 forwarded=1
1783350515.174847 publish topic=ipi/detector-output-to-ipi-weak-signal-run-1/latency/av-1/request bytes=4503 forwarded=1
1783350515.175527 publish topic=ipi/detector-output-to-ipi-weak-signal-run-1/latency/av-1/ack bytes=233 forwarded=1
1783350515.435354 publish topic=ipi/detector-output-to-ipi-weak-signal-run-1/latency/av-1/request bytes=4503 forwarded=1
1783350515.436065 publish topic=ipi/detector-output-to-ipi-weak-signal-run-1/latency/av-1/ack bytes=233 forwarded=1
1783350515.705650 publish topic=ipi/detector-output-to-ipi-weak-signal-run-1/latency/av-1/request bytes=4503 forwarded=1
1783350515.706330 publish topic=ipi/detector-output-to-ipi-weak-signal-run-1/latency/av-1/ack bytes=233 forwarded=1
1783350515.976054 publish topic=ipi/detector-output-to-ipi-weak-signal-run-1/latency/av-1/request bytes=4503 forwarded=1
1783350515.976827 publish topic=ipi/detector-output-to-ipi-weak-signal-run-1/latency/av-1/ack bytes=233 forwarded=1
1783350516.236237 publish topic=ipi/detector-output-to-ipi-weak-signal-run-1/latency/av-1/request bytes=4503 forwarded=1
1783350516.236904 publish topic=ipi/detector-output-to-ipi-weak-signal-run-1/latency/av-1/ack bytes=233 forwarded=1
1783350516.496512 publish topic=ipi/detector-output-to-ipi-weak-signal-run-1/latency/av-1/request bytes=4503 forwarded=1
1783350516.497172 publish topic=ipi/detector-output-to-ipi-weak-signal-run-1/latency/av-1/ack bytes=233 forwarded=1
1783350516.746916 publish topic=ipi/detector-output-to-ipi-weak-signal-run-1/latency/av-1/request bytes=4503 forwarded=1
1783350516.747579 publish topic=ipi/detector-output-to-ipi-weak-signal-run-1/latency/av-1/ack bytes=233 forwarded=1
1783350517.007379 publish topic=ipi/detector-output-to-ipi-weak-signal-run-1/latency/av-1/request bytes=4503 forwarded=1
1783350517.008055 publish topic=ipi/detector-output-to-ipi-weak-signal-run-1/latency/av-1/ack bytes=233 forwarded=1
1783350517.267603 publish topic=ipi/detector-output-to-ipi-weak-signal-run-1/latency/av-1/request bytes=4503 forwarded=1
1783350517.268280 publish topic=ipi/detector-output-to-ipi-weak-signal-run-1/latency/av-1/ack bytes=233 forwarded=1
1783350517.517974 publish topic=ipi/detector-output-to-ipi-weak-signal-run-1/latency/av-1/request bytes=4503 forwarded=1
1783350517.518701 publish topic=ipi/detector-output-to-ipi-weak-signal-run-1/latency/av-1/ack bytes=233 forwarded=1
1783350517.768137 publish topic=ipi/detector-output-to-ipi-weak-signal-run-1/latency/av-1/request bytes=4503 forwarded=1
1783350517.768980 publish topic=ipi/detector-output-to-ipi-weak-signal-run-1/latency/av-1/ack bytes=233 forwarded=1
1783350518.018676 publish topic=ipi/detector-output-to-ipi-weak-signal-run-1/latency/av-1/request bytes=4503 forwarded=1
1783350518.019434 publish topic=ipi/detector-output-to-ipi-weak-signal-run-1/latency/av-1/ack bytes=233 forwarded=1
1783350518.278926 publish topic=ipi/detector-output-to-ipi-weak-signal-run-1/latency/av-1/request bytes=4503 forwarded=1
1783350518.279643 publish topic=ipi/detector-output-to-ipi-weak-signal-run-1/latency/av-1/ack bytes=233 forwarded=1
1783350518.539087 publish topic=ipi/detector-output-to-ipi-weak-signal-run-1/latency/av-1/request bytes=4503 forwarded=1
1783350518.539778 publish topic=ipi/detector-output-to-ipi-weak-signal-run-1/latency/av-1/ack bytes=233 forwarded=1
1783350518.799633 publish topic=ipi/detector-output-to-ipi-weak-signal-run-1/latency/av-1/request bytes=4503 forwarded=1
1783350518.800339 publish topic=ipi/detector-output-to-ipi-weak-signal-run-1/latency/av-1/ack bytes=233 forwarded=1
1783350519.049955 publish topic=ipi/detector-output-to-ipi-weak-signal-run-1/latency/av-1/request bytes=4503 forwarded=1
1783350519.050731 publish topic=ipi/detector-output-to-ipi-weak-signal-run-1/latency/av-1/ack bytes=233 forwarded=1
1783350519.310317 publish topic=ipi/detector-output-to-ipi-weak-signal-run-1/latency/av-1/request bytes=4503 forwarded=1
1783350519.311039 publish topic=ipi/detector-output-to-ipi-weak-signal-run-1/latency/av-1/ack bytes=233 forwarded=1
1783350519.570673 publish topic=ipi/detector-output-to-ipi-weak-signal-run-1/latency/av-1/request bytes=4503 forwarded=1
1783350519.571344 publish topic=ipi/detector-output-to-ipi-weak-signal-run-1/latency/av-1/ack bytes=233 forwarded=1
1783350519.830943 publish topic=ipi/detector-output-to-ipi-weak-signal-run-1/latency/av-1/request bytes=4503 forwarded=1
1783350519.831671 publish topic=ipi/detector-output-to-ipi-weak-signal-run-1/latency/av-1/ack bytes=233 forwarded=1
1783350520.101174 publish topic=ipi/detector-output-to-ipi-weak-signal-run-1/latency/av-1/request bytes=4503 forwarded=1
1783350520.101971 publish topic=ipi/detector-output-to-ipi-weak-signal-run-1/latency/av-1/ack bytes=233 forwarded=1
1783350520.341506 publish topic=ipi/detector-output-to-ipi-weak-signal-run-1/latency/av-1/request bytes=4503 forwarded=1
1783350520.342184 publish topic=ipi/detector-output-to-ipi-weak-signal-run-1/latency/av-1/ack bytes=233 forwarded=1
1783350520.581839 publish topic=ipi/detector-output-to-ipi-weak-signal-run-1/latency/av-1/request bytes=4503 forwarded=1
1783350520.582554 publish topic=ipi/detector-output-to-ipi-weak-signal-run-1/latency/av-1/ack bytes=233 forwarded=1
1783350520.832133 publish topic=ipi/detector-output-to-ipi-weak-signal-run-1/latency/av-1/request bytes=4503 forwarded=1
1783350520.832823 publish topic=ipi/detector-output-to-ipi-weak-signal-run-1/latency/av-1/ack bytes=233 forwarded=1
1783350521.092375 publish topic=ipi/detector-output-to-ipi-weak-signal-run-1/latency/av-1/request bytes=4503 forwarded=1
1783350521.093048 publish topic=ipi/detector-output-to-ipi-weak-signal-run-1/latency/av-1/ack bytes=233 forwarded=1
1783350521.362714 publish topic=ipi/detector-output-to-ipi-weak-signal-run-1/latency/av-1/request bytes=4503 forwarded=1
1783350521.363362 publish topic=ipi/detector-output-to-ipi-weak-signal-run-1/latency/av-1/ack bytes=233 forwarded=1
1783350521.622991 publish topic=ipi/detector-output-to-ipi-weak-signal-run-1/latency/av-1/request bytes=4503 forwarded=1
1783350521.623658 publish topic=ipi/detector-output-to-ipi-weak-signal-run-1/latency/av-1/ack bytes=233 forwarded=1
1783350521.883225 publish topic=ipi/detector-output-to-ipi-weak-signal-run-1/latency/av-1/request bytes=4503 forwarded=1
1783350521.883910 publish topic=ipi/detector-output-to-ipi-weak-signal-run-1/latency/av-1/ack bytes=233 forwarded=1
1783350522.133734 publish topic=ipi/detector-output-to-ipi-weak-signal-run-1/latency/av-1/request bytes=4503 forwarded=1
1783350522.134400 publish topic=ipi/detector-output-to-ipi-weak-signal-run-1/latency/av-1/ack bytes=233 forwarded=1
1783350522.393957 publish topic=ipi/detector-output-to-ipi-weak-signal-run-1/latency/av-1/request bytes=4503 forwarded=1
1783350522.394657 publish topic=ipi/detector-output-to-ipi-weak-signal-run-1/latency/av-1/ack bytes=233 forwarded=1
1783350522.644188 publish topic=ipi/detector-output-to-ipi-weak-signal-run-1/latency/av-1/request bytes=4503 forwarded=1
1783350522.644885 publish topic=ipi/detector-output-to-ipi-weak-signal-run-1/latency/av-1/ack bytes=233 forwarded=1
1783350522.914397 publish topic=ipi/detector-output-to-ipi-weak-signal-run-1/latency/av-1/request bytes=4503 forwarded=1
1783350522.915107 publish topic=ipi/detector-output-to-ipi-weak-signal-run-1/latency/av-1/ack bytes=233 forwarded=1
1783350523.174852 publish topic=ipi/detector-output-to-ipi-weak-signal-run-1/latency/av-1/request bytes=4503 forwarded=1
1783350523.175475 publish topic=ipi/detector-output-to-ipi-weak-signal-run-1/latency/av-1/ack bytes=233 forwarded=1
1783350523.425138 publish topic=ipi/detector-output-to-ipi-weak-signal-run-1/latency/av-1/request bytes=4503 forwarded=1
1783350523.425801 publish topic=ipi/detector-output-to-ipi-weak-signal-run-1/latency/av-1/ack bytes=233 forwarded=1
1783350523.675685 publish topic=ipi/detector-output-to-ipi-weak-signal-run-1/latency/av-1/request bytes=4503 forwarded=1
1783350523.676360 publish topic=ipi/detector-output-to-ipi-weak-signal-run-1/latency/av-1/ack bytes=233 forwarded=1
1783350523.935712 publish topic=ipi/detector-output-to-ipi-weak-signal-run-1/latency/av-1/request bytes=4503 forwarded=1
1783350523.936397 publish topic=ipi/detector-output-to-ipi-weak-signal-run-1/latency/av-1/ack bytes=233 forwarded=1
1783350524.195993 publish topic=ipi/detector-output-to-ipi-weak-signal-run-1/latency/av-1/request bytes=4503 forwarded=1
1783350524.196709 publish topic=ipi/detector-output-to-ipi-weak-signal-run-1/latency/av-1/ack bytes=233 forwarded=1
1783350524.456229 publish topic=ipi/detector-output-to-ipi-weak-signal-run-1/latency/av-1/request bytes=4503 forwarded=1
1783350524.456889 publish topic=ipi/detector-output-to-ipi-weak-signal-run-1/latency/av-1/ack bytes=233 forwarded=1
1783350524.706673 publish topic=ipi/detector-output-to-ipi-weak-signal-run-1/latency/av-1/request bytes=4503 forwarded=1
1783350524.707377 publish topic=ipi/detector-output-to-ipi-weak-signal-run-1/latency/av-1/ack bytes=233 forwarded=1
1783350524.967012 publish topic=ipi/detector-output-to-ipi-weak-signal-run-1/latency/av-1/request bytes=4503 forwarded=1
1783350524.967728 publish topic=ipi/detector-output-to-ipi-weak-signal-run-1/latency/av-1/ack bytes=233 forwarded=1
1783350525.227566 publish topic=ipi/detector-output-to-ipi-weak-signal-run-1/latency/av-1/request bytes=4503 forwarded=1
1783350525.228285 publish topic=ipi/detector-output-to-ipi-weak-signal-run-1/latency/av-1/ack bytes=233 forwarded=1
1783350525.508159 publish topic=ipi/detector-output-to-ipi-weak-signal-run-1/latency/av-1/request bytes=4503 forwarded=1
1783350525.508874 publish topic=ipi/detector-output-to-ipi-weak-signal-run-1/latency/av-1/ack bytes=233 forwarded=1
1783350525.798815 publish topic=ipi/detector-output-to-ipi-weak-signal-run-1/latency/av-1/request bytes=4503 forwarded=1
1783350525.799522 publish topic=ipi/detector-output-to-ipi-weak-signal-run-1/latency/av-1/ack bytes=233 forwarded=1
1783350526.069329 publish topic=ipi/detector-output-to-ipi-weak-signal-run-1/latency/av-1/request bytes=4503 forwarded=1
1783350526.070067 publish topic=ipi/detector-output-to-ipi-weak-signal-run-1/latency/av-1/ack bytes=233 forwarded=1
1783350526.359735 publish topic=ipi/detector-output-to-ipi-weak-signal-run-1/latency/av-1/request bytes=4503 forwarded=1
1783350526.360464 publish topic=ipi/detector-output-to-ipi-weak-signal-run-1/latency/av-1/ack bytes=233 forwarded=1
1783350526.650145 publish topic=ipi/detector-output-to-ipi-weak-signal-run-1/latency/av-1/request bytes=4503 forwarded=1
1783350526.650973 publish topic=ipi/detector-output-to-ipi-weak-signal-run-1/latency/av-1/ack bytes=233 forwarded=1
1783350526.930846 publish topic=ipi/detector-output-to-ipi-weak-signal-run-1/latency/av-1/request bytes=4503 forwarded=1
1783350526.931549 publish topic=ipi/detector-output-to-ipi-weak-signal-run-1/latency/av-1/ack bytes=233 forwarded=1
1783350527.171116 publish topic=ipi/detector-output-to-ipi-weak-signal-run-1/latency/av-1/request bytes=4503 forwarded=1
1783350527.171751 publish topic=ipi/detector-output-to-ipi-weak-signal-run-1/latency/av-1/ack bytes=233 forwarded=1
1783350527.421592 publish topic=ipi/detector-output-to-ipi-weak-signal-run-1/latency/av-1/request bytes=4503 forwarded=1
1783350527.422258 publish topic=ipi/detector-output-to-ipi-weak-signal-run-1/latency/av-1/ack bytes=233 forwarded=1
1783350527.671980 publish topic=ipi/detector-output-to-ipi-weak-signal-run-1/latency/av-1/request bytes=4503 forwarded=1
1783350527.672648 publish topic=ipi/detector-output-to-ipi-weak-signal-run-1/latency/av-1/ack bytes=233 forwarded=1
1783350527.922292 publish topic=ipi/detector-output-to-ipi-weak-signal-run-1/latency/av-1/request bytes=4503 forwarded=1
1783350527.922987 publish topic=ipi/detector-output-to-ipi-weak-signal-run-1/latency/av-1/ack bytes=233 forwarded=1
1783350528.172583 publish topic=ipi/detector-output-to-ipi-weak-signal-run-1/latency/av-1/request bytes=4503 forwarded=1
1783350528.173320 publish topic=ipi/detector-output-to-ipi-weak-signal-run-1/latency/av-1/ack bytes=233 forwarded=1
1783350528.422738 publish topic=ipi/detector-output-to-ipi-weak-signal-run-1/latency/av-1/request bytes=4503 forwarded=1
1783350528.423401 publish topic=ipi/detector-output-to-ipi-weak-signal-run-1/latency/av-1/ack bytes=233 forwarded=1
1783350528.673211 publish topic=ipi/detector-output-to-ipi-weak-signal-run-1/latency/av-1/request bytes=4503 forwarded=1
1783350528.673909 publish topic=ipi/detector-output-to-ipi-weak-signal-run-1/latency/av-1/ack bytes=233 forwarded=1
1783350528.913613 publish topic=ipi/detector-output-to-ipi-weak-signal-run-1/latency/av-1/request bytes=4503 forwarded=1
1783350528.914321 publish topic=ipi/detector-output-to-ipi-weak-signal-run-1/latency/av-1/ack bytes=233 forwarded=1
1783350529.173749 publish topic=ipi/detector-output-to-ipi-weak-signal-run-1/latency/av-1/request bytes=4503 forwarded=1
1783350529.174490 publish topic=ipi/detector-output-to-ipi-weak-signal-run-1/latency/av-1/ack bytes=233 forwarded=1
1783350529.424181 publish topic=ipi/detector-output-to-ipi-weak-signal-run-1/latency/av-1/request bytes=4503 forwarded=1
1783350529.424878 publish topic=ipi/detector-output-to-ipi-weak-signal-run-1/latency/av-1/ack bytes=233 forwarded=1
1783350529.674599 publish topic=ipi/detector-output-to-ipi-weak-signal-run-1/latency/av-1/request bytes=4503 forwarded=1
1783350529.675341 publish topic=ipi/detector-output-to-ipi-weak-signal-run-1/latency/av-1/ack bytes=233 forwarded=1
1783350529.914923 publish topic=ipi/detector-output-to-ipi-weak-signal-run-1/latency/av-1/request bytes=4503 forwarded=1
1783350529.915597 publish topic=ipi/detector-output-to-ipi-weak-signal-run-1/latency/av-1/ack bytes=233 forwarded=1
1783350530.175230 publish topic=ipi/detector-output-to-ipi-weak-signal-run-1/latency/av-1/request bytes=4503 forwarded=1
1783350530.175863 publish topic=ipi/detector-output-to-ipi-weak-signal-run-1/latency/av-1/ack bytes=233 forwarded=1
1783350530.435597 publish topic=ipi/detector-output-to-ipi-weak-signal-run-1/latency/av-1/request bytes=4503 forwarded=1
1783350530.436334 publish topic=ipi/detector-output-to-ipi-weak-signal-run-1/latency/av-1/ack bytes=233 forwarded=1
1783350530.675982 publish topic=ipi/detector-output-to-ipi-weak-signal-run-1/latency/av-1/request bytes=4503 forwarded=1
1783350530.676647 publish topic=ipi/detector-output-to-ipi-weak-signal-run-1/latency/av-1/ack bytes=233 forwarded=1
1783350530.926517 publish topic=ipi/detector-output-to-ipi-weak-signal-run-1/latency/av-1/request bytes=4503 forwarded=1
1783350530.927324 publish topic=ipi/detector-output-to-ipi-weak-signal-run-1/latency/av-1/ack bytes=233 forwarded=1
1783350531.186630 publish topic=ipi/detector-output-to-ipi-weak-signal-run-1/latency/av-1/request bytes=4503 forwarded=1
1783350531.187299 publish topic=ipi/detector-output-to-ipi-weak-signal-run-1/latency/av-1/ack bytes=233 forwarded=1
1783350531.436830 publish topic=ipi/detector-output-to-ipi-weak-signal-run-1/latency/av-1/request bytes=4503 forwarded=1
1783350531.437500 publish topic=ipi/detector-output-to-ipi-weak-signal-run-1/latency/av-1/ack bytes=233 forwarded=1
1783350531.697196 publish topic=ipi/detector-output-to-ipi-weak-signal-run-1/latency/av-1/request bytes=4503 forwarded=1
1783350531.697904 publish topic=ipi/detector-output-to-ipi-weak-signal-run-1/latency/av-1/ack bytes=233 forwarded=1
1783350531.947887 publish topic=ipi/detector-output-to-ipi-weak-signal-run-1/latency/av-1/request bytes=4503 forwarded=1
1783350531.948591 publish topic=ipi/detector-output-to-ipi-weak-signal-run-1/latency/av-1/ack bytes=233 forwarded=1
1783350532.198144 publish topic=ipi/detector-output-to-ipi-weak-signal-run-1/latency/av-1/request bytes=4503 forwarded=1
1783350532.198905 publish topic=ipi/detector-output-to-ipi-weak-signal-run-1/latency/av-1/ack bytes=233 forwarded=1
1783350532.448101 publish topic=ipi/detector-output-to-ipi-weak-signal-run-1/latency/av-1/request bytes=4503 forwarded=1
1783350532.448741 publish topic=ipi/detector-output-to-ipi-weak-signal-run-1/latency/av-1/ack bytes=233 forwarded=1
1783350532.698720 publish topic=ipi/detector-output-to-ipi-weak-signal-run-1/latency/av-1/request bytes=4503 forwarded=1
1783350532.699477 publish topic=ipi/detector-output-to-ipi-weak-signal-run-1/latency/av-1/ack bytes=233 forwarded=1
1783350532.949012 publish topic=ipi/detector-output-to-ipi-weak-signal-run-1/latency/av-1/request bytes=4503 forwarded=1
1783350532.949688 publish topic=ipi/detector-output-to-ipi-weak-signal-run-1/latency/av-1/ack bytes=233 forwarded=1
1783350533.199564 publish topic=ipi/detector-output-to-ipi-weak-signal-run-1/latency/av-1/request bytes=4503 forwarded=1
1783350533.200248 publish topic=ipi/detector-output-to-ipi-weak-signal-run-1/latency/av-1/ack bytes=233 forwarded=1
1783350533.459768 publish topic=ipi/detector-output-to-ipi-weak-signal-run-1/latency/av-1/request bytes=4503 forwarded=1
1783350533.460427 publish topic=ipi/detector-output-to-ipi-weak-signal-run-1/latency/av-1/ack bytes=233 forwarded=1
1783350533.710045 publish topic=ipi/detector-output-to-ipi-weak-signal-run-1/latency/av-1/request bytes=4503 forwarded=1
1783350533.710802 publish topic=ipi/detector-output-to-ipi-weak-signal-run-1/latency/av-1/ack bytes=233 forwarded=1
1783350533.960584 publish topic=ipi/detector-output-to-ipi-weak-signal-run-1/latency/av-1/request bytes=4503 forwarded=1
1783350533.961255 publish topic=ipi/detector-output-to-ipi-weak-signal-run-1/latency/av-1/ack bytes=233 forwarded=1
1783350534.211140 publish topic=ipi/detector-output-to-ipi-weak-signal-run-1/latency/av-1/request bytes=4503 forwarded=1
1783350534.211826 publish topic=ipi/detector-output-to-ipi-weak-signal-run-1/latency/av-1/ack bytes=233 forwarded=1
1783350534.461249 publish topic=ipi/detector-output-to-ipi-weak-signal-run-1/latency/av-1/request bytes=4503 forwarded=1
1783350534.461953 publish topic=ipi/detector-output-to-ipi-weak-signal-run-1/latency/av-1/ack bytes=233 forwarded=1
1783350534.711730 publish topic=ipi/detector-output-to-ipi-weak-signal-run-1/latency/av-1/request bytes=4503 forwarded=1
1783350534.712401 publish topic=ipi/detector-output-to-ipi-weak-signal-run-1/latency/av-1/ack bytes=233 forwarded=1
1783350534.962095 publish topic=ipi/detector-output-to-ipi-weak-signal-run-1/latency/av-1/request bytes=4503 forwarded=1
1783350534.962812 publish topic=ipi/detector-output-to-ipi-weak-signal-run-1/latency/av-1/ack bytes=233 forwarded=1
1783350535.202173 publish topic=ipi/detector-output-to-ipi-weak-signal-run-1/latency/av-1/request bytes=4503 forwarded=1
1783350535.202882 publish topic=ipi/detector-output-to-ipi-weak-signal-run-1/latency/av-1/ack bytes=233 forwarded=1
1783350535.452503 publish topic=ipi/detector-output-to-ipi-weak-signal-run-1/latency/av-1/request bytes=4503 forwarded=1
1783350535.453151 publish topic=ipi/detector-output-to-ipi-weak-signal-run-1/latency/av-1/ack bytes=233 forwarded=1
1783350535.692945 publish topic=ipi/detector-output-to-ipi-weak-signal-run-1/latency/av-1/request bytes=4503 forwarded=1
1783350535.693726 publish topic=ipi/detector-output-to-ipi-weak-signal-run-1/latency/av-1/ack bytes=233 forwarded=1
1783350535.933503 publish topic=ipi/detector-output-to-ipi-weak-signal-run-1/latency/av-1/request bytes=4503 forwarded=1
1783350535.934170 publish topic=ipi/detector-output-to-ipi-weak-signal-run-1/latency/av-1/ack bytes=233 forwarded=1
1783350536.183631 publish topic=ipi/detector-output-to-ipi-weak-signal-run-1/latency/av-1/request bytes=4503 forwarded=1
1783350536.184307 publish topic=ipi/detector-output-to-ipi-weak-signal-run-1/latency/av-1/ack bytes=233 forwarded=1
1783350536.443930 publish topic=ipi/detector-output-to-ipi-weak-signal-run-1/latency/av-1/request bytes=4503 forwarded=1
1783350536.444598 publish topic=ipi/detector-output-to-ipi-weak-signal-run-1/latency/av-1/ack bytes=233 forwarded=1
1783350536.704162 publish topic=ipi/detector-output-to-ipi-weak-signal-run-1/latency/av-1/request bytes=4503 forwarded=1
1783350536.704840 publish topic=ipi/detector-output-to-ipi-weak-signal-run-1/latency/av-1/ack bytes=233 forwarded=1
1783350536.954724 publish topic=ipi/detector-output-to-ipi-weak-signal-run-1/latency/av-1/request bytes=4503 forwarded=1
1783350536.955388 publish topic=ipi/detector-output-to-ipi-weak-signal-run-1/latency/av-1/ack bytes=233 forwarded=1
1783350537.214761 publish topic=ipi/detector-output-to-ipi-weak-signal-run-1/latency/av-1/request bytes=4503 forwarded=1
1783350537.215467 publish topic=ipi/detector-output-to-ipi-weak-signal-run-1/latency/av-1/ack bytes=233 forwarded=1
1783350537.465454 publish topic=ipi/detector-output-to-ipi-weak-signal-run-1/latency/av-1/request bytes=4503 forwarded=1
1783350537.466138 publish topic=ipi/detector-output-to-ipi-weak-signal-run-1/latency/av-1/ack bytes=233 forwarded=1
1783350537.705798 publish topic=ipi/detector-output-to-ipi-weak-signal-run-1/latency/av-1/request bytes=4503 forwarded=1
1783350537.706493 publish topic=ipi/detector-output-to-ipi-weak-signal-run-1/latency/av-1/ack bytes=233 forwarded=1
1783350537.966316 publish topic=ipi/detector-output-to-ipi-weak-signal-run-1/latency/av-1/request bytes=4503 forwarded=1
1783350537.967020 publish topic=ipi/detector-output-to-ipi-weak-signal-run-1/latency/av-1/ack bytes=233 forwarded=1
1783350538.226743 publish topic=ipi/detector-output-to-ipi-weak-signal-run-1/latency/av-1/request bytes=4503 forwarded=1
1783350538.227394 publish topic=ipi/detector-output-to-ipi-weak-signal-run-1/latency/av-1/ack bytes=233 forwarded=1
1783350538.497281 publish topic=ipi/detector-output-to-ipi-weak-signal-run-1/latency/av-1/request bytes=4503 forwarded=1
1783350538.497953 publish topic=ipi/detector-output-to-ipi-weak-signal-run-1/latency/av-1/ack bytes=233 forwarded=1
1783350538.777781 publish topic=ipi/detector-output-to-ipi-weak-signal-run-1/latency/av-1/request bytes=4503 forwarded=1
1783350538.778491 publish topic=ipi/detector-output-to-ipi-weak-signal-run-1/latency/av-1/ack bytes=233 forwarded=1
1783350539.027978 publish topic=ipi/detector-output-to-ipi-weak-signal-run-1/latency/av-1/request bytes=4503 forwarded=1
1783350539.028599 publish topic=ipi/detector-output-to-ipi-weak-signal-run-1/latency/av-1/ack bytes=233 forwarded=1
1783350539.288807 publish topic=ipi/detector-output-to-ipi-weak-signal-run-1/latency/av-1/request bytes=4503 forwarded=1
1783350539.289531 publish topic=ipi/detector-output-to-ipi-weak-signal-run-1/latency/av-1/ack bytes=233 forwarded=1
1783350539.529281 publish topic=ipi/detector-output-to-ipi-weak-signal-run-1/latency/av-1/request bytes=4503 forwarded=1
1783350539.529953 publish topic=ipi/detector-output-to-ipi-weak-signal-run-1/latency/av-1/ack bytes=233 forwarded=1
1783350539.779158 publish topic=ipi/detector-output-to-ipi-weak-signal-run-1/latency/av-1/request bytes=4503 forwarded=1
1783350539.779831 publish topic=ipi/detector-output-to-ipi-weak-signal-run-1/latency/av-1/ack bytes=233 forwarded=1
1783350540.029652 publish topic=ipi/detector-output-to-ipi-weak-signal-run-1/latency/av-1/request bytes=4503 forwarded=1
1783350540.030289 publish topic=ipi/detector-output-to-ipi-weak-signal-run-1/latency/av-1/ack bytes=233 forwarded=1
1783350540.290030 publish topic=ipi/detector-output-to-ipi-weak-signal-run-1/latency/av-1/request bytes=4503 forwarded=1
1783350540.290718 publish topic=ipi/detector-output-to-ipi-weak-signal-run-1/latency/av-1/ack bytes=233 forwarded=1
1783350540.540325 publish topic=ipi/detector-output-to-ipi-weak-signal-run-1/latency/av-1/request bytes=4503 forwarded=1
1783350540.541001 publish topic=ipi/detector-output-to-ipi-weak-signal-run-1/latency/av-1/ack bytes=233 forwarded=1
1783350540.790725 publish topic=ipi/detector-output-to-ipi-weak-signal-run-1/latency/av-1/request bytes=4503 forwarded=1
1783350540.791393 publish topic=ipi/detector-output-to-ipi-weak-signal-run-1/latency/av-1/ack bytes=233 forwarded=1
1783350541.050978 publish topic=ipi/detector-output-to-ipi-weak-signal-run-1/latency/av-1/request bytes=4503 forwarded=1
1783350541.051667 publish topic=ipi/detector-output-to-ipi-weak-signal-run-1/latency/av-1/ack bytes=233 forwarded=1
1783350541.301316 publish topic=ipi/detector-output-to-ipi-weak-signal-run-1/latency/av-1/request bytes=4503 forwarded=1
1783350541.302079 publish topic=ipi/detector-output-to-ipi-weak-signal-run-1/latency/av-1/ack bytes=233 forwarded=1
1783350541.541866 publish topic=ipi/detector-output-to-ipi-weak-signal-run-1/latency/av-1/request bytes=4503 forwarded=1
1783350541.542599 publish topic=ipi/detector-output-to-ipi-weak-signal-run-1/latency/av-1/ack bytes=233 forwarded=1
1783350541.782053 publish topic=ipi/detector-output-to-ipi-weak-signal-run-1/latency/av-1/request bytes=4503 forwarded=1
1783350541.782788 publish topic=ipi/detector-output-to-ipi-weak-signal-run-1/latency/av-1/ack bytes=233 forwarded=1
1783350542.022177 publish topic=ipi/detector-output-to-ipi-weak-signal-run-1/latency/av-1/request bytes=4503 forwarded=1
1783350542.022969 publish topic=ipi/detector-output-to-ipi-weak-signal-run-1/latency/av-1/ack bytes=233 forwarded=1
1783350542.262846 publish topic=ipi/detector-output-to-ipi-weak-signal-run-1/latency/av-1/request bytes=4503 forwarded=1
1783350542.263545 publish topic=ipi/detector-output-to-ipi-weak-signal-run-1/latency/av-1/ack bytes=233 forwarded=1
1783350542.513041 publish topic=ipi/detector-output-to-ipi-weak-signal-run-1/latency/av-1/request bytes=4503 forwarded=1
1783350542.513745 publish topic=ipi/detector-output-to-ipi-weak-signal-run-1/latency/av-1/ack bytes=233 forwarded=1
1783350542.763429 publish topic=ipi/detector-output-to-ipi-weak-signal-run-1/latency/av-1/request bytes=4503 forwarded=1
1783350542.764220 publish topic=ipi/detector-output-to-ipi-weak-signal-run-1/latency/av-1/ack bytes=233 forwarded=1
1783350543.003562 publish topic=ipi/detector-output-to-ipi-weak-signal-run-1/latency/av-1/request bytes=4503 forwarded=1
1783350543.004204 publish topic=ipi/detector-output-to-ipi-weak-signal-run-1/latency/av-1/ack bytes=233 forwarded=1
1783350543.243945 publish topic=ipi/detector-output-to-ipi-weak-signal-run-1/latency/av-1/request bytes=4503 forwarded=1
1783350543.244610 publish topic=ipi/detector-output-to-ipi-weak-signal-run-1/latency/av-1/ack bytes=233 forwarded=1
1783350543.484406 publish topic=ipi/detector-output-to-ipi-weak-signal-run-1/latency/av-1/request bytes=4503 forwarded=1
1783350543.485089 publish topic=ipi/detector-output-to-ipi-weak-signal-run-1/latency/av-1/ack bytes=233 forwarded=1
1783350543.734671 publish topic=ipi/detector-output-to-ipi-weak-signal-run-1/latency/av-1/request bytes=4503 forwarded=1
1783350543.735312 publish topic=ipi/detector-output-to-ipi-weak-signal-run-1/latency/av-1/ack bytes=233 forwarded=1
1783350543.985281 publish topic=ipi/detector-output-to-ipi-weak-signal-run-1/latency/av-1/request bytes=4503 forwarded=1
1783350543.985971 publish topic=ipi/detector-output-to-ipi-weak-signal-run-1/latency/av-1/ack bytes=233 forwarded=1
1783350544.245708 publish topic=ipi/detector-output-to-ipi-weak-signal-run-1/latency/av-1/request bytes=4503 forwarded=1
1783350544.246387 publish topic=ipi/detector-output-to-ipi-weak-signal-run-1/latency/av-1/ack bytes=233 forwarded=1
1783350544.496365 publish topic=ipi/detector-output-to-ipi-weak-signal-run-1/latency/av-1/request bytes=4503 forwarded=1
1783350544.497037 publish topic=ipi/detector-output-to-ipi-weak-signal-run-1/latency/av-1/ack bytes=233 forwarded=1
1783350544.756810 publish topic=ipi/detector-output-to-ipi-weak-signal-run-1/latency/av-1/request bytes=4503 forwarded=1
1783350544.757486 publish topic=ipi/detector-output-to-ipi-weak-signal-run-1/latency/av-1/ack bytes=233 forwarded=1
1783350545.007595 publish topic=ipi/detector-output-to-ipi-weak-signal-run-1/latency/av-1/request bytes=4503 forwarded=1
1783350545.008258 publish topic=ipi/detector-output-to-ipi-weak-signal-run-1/latency/av-1/ack bytes=233 forwarded=1
1783350545.258204 publish topic=ipi/detector-output-to-ipi-weak-signal-run-1/latency/av-1/request bytes=4503 forwarded=1
1783350545.258906 publish topic=ipi/detector-output-to-ipi-weak-signal-run-1/latency/av-1/ack bytes=233 forwarded=1
1783350545.518641 publish topic=ipi/detector-output-to-ipi-weak-signal-run-1/latency/av-1/request bytes=4503 forwarded=1
1783350545.519354 publish topic=ipi/detector-output-to-ipi-weak-signal-run-1/latency/av-1/ack bytes=233 forwarded=1
1783350545.769139 publish topic=ipi/detector-output-to-ipi-weak-signal-run-1/latency/av-1/request bytes=4503 forwarded=1
1783350545.769905 publish topic=ipi/detector-output-to-ipi-weak-signal-run-1/latency/av-1/ack bytes=233 forwarded=1
1783350546.029848 publish topic=ipi/detector-output-to-ipi-weak-signal-run-1/latency/av-1/request bytes=4503 forwarded=1
1783350546.030593 publish topic=ipi/detector-output-to-ipi-weak-signal-run-1/latency/av-1/ack bytes=233 forwarded=1
1783350547.182285 publish topic=ipi/detector-output-to-ipi-weak-signal-run-1/latency/av-1/request bytes=4503 forwarded=1
1783350547.183036 publish topic=ipi/detector-output-to-ipi-weak-signal-run-1/latency/av-1/ack bytes=233 forwarded=1
1783350547.452829 publish topic=ipi/detector-output-to-ipi-weak-signal-run-1/latency/av-1/request bytes=4503 forwarded=1
1783350547.453480 publish topic=ipi/detector-output-to-ipi-weak-signal-run-1/latency/av-1/ack bytes=233 forwarded=1
1783350547.693548 publish topic=ipi/detector-output-to-ipi-weak-signal-run-1/latency/av-1/request bytes=4503 forwarded=1
1783350547.694235 publish topic=ipi/detector-output-to-ipi-weak-signal-run-1/latency/av-1/ack bytes=233 forwarded=1
1783350547.943969 publish topic=ipi/detector-output-to-ipi-weak-signal-run-1/latency/av-1/request bytes=4503 forwarded=1
1783350547.944662 publish topic=ipi/detector-output-to-ipi-weak-signal-run-1/latency/av-1/ack bytes=233 forwarded=1
1783350548.204415 publish topic=ipi/detector-output-to-ipi-weak-signal-run-1/latency/av-1/request bytes=4503 forwarded=1
1783350548.205130 publish topic=ipi/detector-output-to-ipi-weak-signal-run-1/latency/av-1/ack bytes=233 forwarded=1
1783350548.455126 publish topic=ipi/detector-output-to-ipi-weak-signal-run-1/latency/av-1/request bytes=4503 forwarded=1
1783350548.455764 publish topic=ipi/detector-output-to-ipi-weak-signal-run-1/latency/av-1/ack bytes=233 forwarded=1
1783350548.695595 publish topic=ipi/detector-output-to-ipi-weak-signal-run-1/latency/av-1/request bytes=4503 forwarded=1
1783350548.696281 publish topic=ipi/detector-output-to-ipi-weak-signal-run-1/latency/av-1/ack bytes=233 forwarded=1
1783350548.946235 publish topic=ipi/detector-output-to-ipi-weak-signal-run-1/latency/av-1/request bytes=4503 forwarded=1
1783350548.946955 publish topic=ipi/detector-output-to-ipi-weak-signal-run-1/latency/av-1/ack bytes=233 forwarded=1
1783350549.226913 publish topic=ipi/detector-output-to-ipi-weak-signal-run-1/latency/av-1/request bytes=4503 forwarded=1
1783350549.227616 publish topic=ipi/detector-output-to-ipi-weak-signal-run-1/latency/av-1/ack bytes=233 forwarded=1
1783350549.517702 publish topic=ipi/detector-output-to-ipi-weak-signal-run-1/latency/av-1/request bytes=4503 forwarded=1
1783350549.518425 publish topic=ipi/detector-output-to-ipi-weak-signal-run-1/latency/av-1/ack bytes=233 forwarded=1
1783350549.768240 publish topic=ipi/detector-output-to-ipi-weak-signal-run-1/latency/av-1/request bytes=4503 forwarded=1
1783350549.768991 publish topic=ipi/detector-output-to-ipi-weak-signal-run-1/latency/av-1/ack bytes=233 forwarded=1
1783350550.029236 publish topic=ipi/detector-output-to-ipi-weak-signal-run-1/latency/av-1/request bytes=4503 forwarded=1
1783350550.029943 publish topic=ipi/detector-output-to-ipi-weak-signal-run-1/latency/av-1/ack bytes=233 forwarded=1
1783350550.319918 publish topic=ipi/detector-output-to-ipi-weak-signal-run-1/latency/av-1/request bytes=4503 forwarded=1
1783350550.320625 publish topic=ipi/detector-output-to-ipi-weak-signal-run-1/latency/av-1/ack bytes=233 forwarded=1
1783350550.600597 publish topic=ipi/detector-output-to-ipi-weak-signal-run-1/latency/av-1/request bytes=4503 forwarded=1
1783350550.601252 publish topic=ipi/detector-output-to-ipi-weak-signal-run-1/latency/av-1/ack bytes=233 forwarded=1
1783350550.891014 publish topic=ipi/detector-output-to-ipi-weak-signal-run-1/latency/av-1/request bytes=4503 forwarded=1
1783350550.891726 publish topic=ipi/detector-output-to-ipi-weak-signal-run-1/latency/av-1/ack bytes=233 forwarded=1
1783350551.141591 publish topic=ipi/detector-output-to-ipi-weak-signal-run-1/latency/av-1/request bytes=4503 forwarded=1
1783350551.142334 publish topic=ipi/detector-output-to-ipi-weak-signal-run-1/latency/av-1/ack bytes=233 forwarded=1
1783350551.391923 publish topic=ipi/detector-output-to-ipi-weak-signal-run-1/latency/av-1/request bytes=4503 forwarded=1
1783350551.392615 publish topic=ipi/detector-output-to-ipi-weak-signal-run-1/latency/av-1/ack bytes=233 forwarded=1
1783350551.652290 publish topic=ipi/detector-output-to-ipi-weak-signal-run-1/latency/av-1/request bytes=4503 forwarded=1
1783350551.653009 publish topic=ipi/detector-output-to-ipi-weak-signal-run-1/latency/av-1/ack bytes=233 forwarded=1
1783350551.912626 publish topic=ipi/detector-output-to-ipi-weak-signal-run-1/latency/av-1/request bytes=4503 forwarded=1
1783350551.913328 publish topic=ipi/detector-output-to-ipi-weak-signal-run-1/latency/av-1/ack bytes=233 forwarded=1
1783350552.162756 publish topic=ipi/detector-output-to-ipi-weak-signal-run-1/latency/av-1/request bytes=4503 forwarded=1
1783350552.163467 publish topic=ipi/detector-output-to-ipi-weak-signal-run-1/latency/av-1/ack bytes=233 forwarded=1
1783350552.413276 publish topic=ipi/detector-output-to-ipi-weak-signal-run-1/latency/av-1/request bytes=4503 forwarded=1
1783350552.413982 publish topic=ipi/detector-output-to-ipi-weak-signal-run-1/latency/av-1/ack bytes=233 forwarded=1
1783350552.663387 publish topic=ipi/detector-output-to-ipi-weak-signal-run-1/latency/av-1/request bytes=4503 forwarded=1
1783350552.664116 publish topic=ipi/detector-output-to-ipi-weak-signal-run-1/latency/av-1/ack bytes=233 forwarded=1
1783350552.923779 publish topic=ipi/detector-output-to-ipi-weak-signal-run-1/latency/av-1/request bytes=4503 forwarded=1
1783350552.924479 publish topic=ipi/detector-output-to-ipi-weak-signal-run-1/latency/av-1/ack bytes=233 forwarded=1
1783350553.184168 publish topic=ipi/detector-output-to-ipi-weak-signal-run-1/latency/av-1/request bytes=4503 forwarded=1
1783350553.184888 publish topic=ipi/detector-output-to-ipi-weak-signal-run-1/latency/av-1/ack bytes=233 forwarded=1
1783350553.444321 publish topic=ipi/detector-output-to-ipi-weak-signal-run-1/latency/av-1/request bytes=4503 forwarded=1
1783350553.444976 publish topic=ipi/detector-output-to-ipi-weak-signal-run-1/latency/av-1/ack bytes=233 forwarded=1
1783350553.704769 publish topic=ipi/detector-output-to-ipi-weak-signal-run-1/latency/av-1/request bytes=4503 forwarded=1
1783350553.705451 publish topic=ipi/detector-output-to-ipi-weak-signal-run-1/latency/av-1/ack bytes=233 forwarded=1
1783350553.945174 publish topic=ipi/detector-output-to-ipi-weak-signal-run-1/latency/av-1/request bytes=4503 forwarded=1
1783350553.945867 publish topic=ipi/detector-output-to-ipi-weak-signal-run-1/latency/av-1/ack bytes=233 forwarded=1
1783350554.195255 publish topic=ipi/detector-output-to-ipi-weak-signal-run-1/latency/av-1/request bytes=4503 forwarded=1
1783350554.195959 publish topic=ipi/detector-output-to-ipi-weak-signal-run-1/latency/av-1/ack bytes=233 forwarded=1
1783350554.445642 publish topic=ipi/detector-output-to-ipi-weak-signal-run-1/latency/av-1/request bytes=4503 forwarded=1
1783350554.446419 publish topic=ipi/detector-output-to-ipi-weak-signal-run-1/latency/av-1/ack bytes=233 forwarded=1
1783350554.706011 publish topic=ipi/detector-output-to-ipi-weak-signal-run-1/latency/av-1/request bytes=4503 forwarded=1
1783350554.706795 publish topic=ipi/detector-output-to-ipi-weak-signal-run-1/latency/av-1/ack bytes=233 forwarded=1
1783350554.966302 publish topic=ipi/detector-output-to-ipi-weak-signal-run-1/latency/av-1/request bytes=4503 forwarded=1
1783350554.967015 publish topic=ipi/detector-output-to-ipi-weak-signal-run-1/latency/av-1/ack bytes=233 forwarded=1
1783350555.226736 publish topic=ipi/detector-output-to-ipi-weak-signal-run-1/latency/av-1/request bytes=4503 forwarded=1
1783350555.227434 publish topic=ipi/detector-output-to-ipi-weak-signal-run-1/latency/av-1/ack bytes=233 forwarded=1
1783350555.476754 publish topic=ipi/detector-output-to-ipi-weak-signal-run-1/latency/av-1/request bytes=4503 forwarded=1
1783350555.477450 publish topic=ipi/detector-output-to-ipi-weak-signal-run-1/latency/av-1/ack bytes=233 forwarded=1
1783350555.727087 publish topic=ipi/detector-output-to-ipi-weak-signal-run-1/latency/av-1/request bytes=4503 forwarded=1
1783350555.727739 publish topic=ipi/detector-output-to-ipi-weak-signal-run-1/latency/av-1/ack bytes=233 forwarded=1
1783350555.987461 publish topic=ipi/detector-output-to-ipi-weak-signal-run-1/latency/av-1/request bytes=4503 forwarded=1
1783350555.988034 publish topic=ipi/detector-output-to-ipi-weak-signal-run-1/latency/av-1/ack bytes=233 forwarded=1
1783350556.237858 publish topic=ipi/detector-output-to-ipi-weak-signal-run-1/latency/av-1/request bytes=4503 forwarded=1
1783350556.238678 publish topic=ipi/detector-output-to-ipi-weak-signal-run-1/latency/av-1/ack bytes=233 forwarded=1
1783350556.488022 publish topic=ipi/detector-output-to-ipi-weak-signal-run-1/latency/av-1/request bytes=4503 forwarded=1
1783350556.488739 publish topic=ipi/detector-output-to-ipi-weak-signal-run-1/latency/av-1/ack bytes=233 forwarded=1
1783350556.738564 publish topic=ipi/detector-output-to-ipi-weak-signal-run-1/latency/av-1/request bytes=4503 forwarded=1
1783350556.739276 publish topic=ipi/detector-output-to-ipi-weak-signal-run-1/latency/av-1/ack bytes=233 forwarded=1
1783350556.998817 publish topic=ipi/detector-output-to-ipi-weak-signal-run-1/latency/av-1/request bytes=4503 forwarded=1
1783350556.999518 publish topic=ipi/detector-output-to-ipi-weak-signal-run-1/latency/av-1/ack bytes=233 forwarded=1
1783350557.249199 publish topic=ipi/detector-output-to-ipi-weak-signal-run-1/latency/av-1/request bytes=4503 forwarded=1
1783350557.249912 publish topic=ipi/detector-output-to-ipi-weak-signal-run-1/latency/av-1/ack bytes=233 forwarded=1
1783350557.509607 publish topic=ipi/detector-output-to-ipi-weak-signal-run-1/latency/av-1/request bytes=4503 forwarded=1
1783350557.510362 publish topic=ipi/detector-output-to-ipi-weak-signal-run-1/latency/av-1/ack bytes=233 forwarded=1
1783350557.769647 publish topic=ipi/detector-output-to-ipi-weak-signal-run-1/latency/av-1/request bytes=4503 forwarded=1
1783350557.770311 publish topic=ipi/detector-output-to-ipi-weak-signal-run-1/latency/av-1/ack bytes=233 forwarded=1
1783350558.020387 publish topic=ipi/detector-output-to-ipi-weak-signal-run-1/latency/av-1/request bytes=4503 forwarded=1
1783350558.021044 publish topic=ipi/detector-output-to-ipi-weak-signal-run-1/latency/av-1/ack bytes=233 forwarded=1
1783350558.330728 publish topic=ipi/detector-output-to-ipi-weak-signal-run-1/latency/av-1/request bytes=4503 forwarded=1
1783350558.331399 publish topic=ipi/detector-output-to-ipi-weak-signal-run-1/latency/av-1/ack bytes=233 forwarded=1
1783350558.581171 publish topic=ipi/detector-output-to-ipi-weak-signal-run-1/latency/av-1/request bytes=4503 forwarded=1
1783350558.581838 publish topic=ipi/detector-output-to-ipi-weak-signal-run-1/latency/av-1/ack bytes=233 forwarded=1
1783350558.831439 publish topic=ipi/detector-output-to-ipi-weak-signal-run-1/latency/av-1/request bytes=4503 forwarded=1
1783350558.832120 publish topic=ipi/detector-output-to-ipi-weak-signal-run-1/latency/av-1/ack bytes=233 forwarded=1
1783350559.081726 publish topic=ipi/detector-output-to-ipi-weak-signal-run-1/latency/av-1/request bytes=4503 forwarded=1
1783350559.082412 publish topic=ipi/detector-output-to-ipi-weak-signal-run-1/latency/av-1/ack bytes=233 forwarded=1
1783350559.342176 publish topic=ipi/detector-output-to-ipi-weak-signal-run-1/latency/av-1/request bytes=4503 forwarded=1
1783350559.342937 publish topic=ipi/detector-output-to-ipi-weak-signal-run-1/latency/av-1/ack bytes=233 forwarded=1
1783350559.622430 publish topic=ipi/detector-output-to-ipi-weak-signal-run-1/latency/av-1/request bytes=4503 forwarded=1
1783350559.623150 publish topic=ipi/detector-output-to-ipi-weak-signal-run-1/latency/av-1/ack bytes=233 forwarded=1
1783350560.033013 publish topic=ipi/detector-output-to-ipi-weak-signal-run-1/latency/av-1/request bytes=4503 forwarded=1
1783350560.033691 publish topic=ipi/detector-output-to-ipi-weak-signal-run-1/latency/av-1/ack bytes=233 forwarded=1
1783350560.283112 publish topic=ipi/detector-output-to-ipi-weak-signal-run-1/latency/av-1/request bytes=4503 forwarded=1
1783350560.283778 publish topic=ipi/detector-output-to-ipi-weak-signal-run-1/latency/av-1/ack bytes=233 forwarded=1
1783350560.543609 publish topic=ipi/detector-output-to-ipi-weak-signal-run-1/latency/av-1/request bytes=4503 forwarded=1
1783350560.544360 publish topic=ipi/detector-output-to-ipi-weak-signal-run-1/latency/av-1/ack bytes=233 forwarded=1
1783350560.804098 publish topic=ipi/detector-output-to-ipi-weak-signal-run-1/latency/av-1/request bytes=4503 forwarded=1
1783350560.804770 publish topic=ipi/detector-output-to-ipi-weak-signal-run-1/latency/av-1/ack bytes=233 forwarded=1
1783350561.114583 publish topic=ipi/detector-output-to-ipi-weak-signal-run-1/latency/av-1/request bytes=4503 forwarded=1
1783350561.115344 publish topic=ipi/detector-output-to-ipi-weak-signal-run-1/latency/av-1/ack bytes=233 forwarded=1
1783350561.385351 publish topic=ipi/detector-output-to-ipi-weak-signal-run-1/latency/av-1/request bytes=4503 forwarded=1
1783350561.386150 publish topic=ipi/detector-output-to-ipi-weak-signal-run-1/latency/av-1/ack bytes=233 forwarded=1
1783350561.695765 publish topic=ipi/detector-output-to-ipi-weak-signal-run-1/latency/av-1/request bytes=4503 forwarded=1
1783350561.696498 publish topic=ipi/detector-output-to-ipi-weak-signal-run-1/latency/av-1/ack bytes=233 forwarded=1
1783350562.006577 publish topic=ipi/detector-output-to-ipi-weak-signal-run-1/latency/av-1/request bytes=4503 forwarded=1
1783350562.007294 publish topic=ipi/detector-output-to-ipi-weak-signal-run-1/latency/av-1/ack bytes=233 forwarded=1
1783350562.306823 publish topic=ipi/detector-output-to-ipi-weak-signal-run-1/latency/av-1/request bytes=4503 forwarded=1
1783350562.307519 publish topic=ipi/detector-output-to-ipi-weak-signal-run-1/latency/av-1/ack bytes=233 forwarded=1
1783350562.577552 publish topic=ipi/detector-output-to-ipi-weak-signal-run-1/latency/av-1/request bytes=4503 forwarded=1
1783350562.578287 publish topic=ipi/detector-output-to-ipi-weak-signal-run-1/latency/av-1/ack bytes=233 forwarded=1
1783350562.818011 publish topic=ipi/detector-output-to-ipi-weak-signal-run-1/latency/av-1/request bytes=4503 forwarded=1
1783350562.818822 publish topic=ipi/detector-output-to-ipi-weak-signal-run-1/latency/av-1/ack bytes=233 forwarded=1
1783350563.088425 publish topic=ipi/detector-output-to-ipi-weak-signal-run-1/latency/av-1/request bytes=4503 forwarded=1
1783350563.089154 publish topic=ipi/detector-output-to-ipi-weak-signal-run-1/latency/av-1/ack bytes=233 forwarded=1
1783350563.368977 publish topic=ipi/detector-output-to-ipi-weak-signal-run-1/latency/av-1/request bytes=4503 forwarded=1
1783350563.369730 publish topic=ipi/detector-output-to-ipi-weak-signal-run-1/latency/av-1/ack bytes=233 forwarded=1
1783350563.629463 publish topic=ipi/detector-output-to-ipi-weak-signal-run-1/latency/av-1/request bytes=4503 forwarded=1
1783350563.630198 publish topic=ipi/detector-output-to-ipi-weak-signal-run-1/latency/av-1/ack bytes=233 forwarded=1
1783350563.880097 publish topic=ipi/detector-output-to-ipi-weak-signal-run-1/latency/av-1/request bytes=4503 forwarded=1
1783350563.880835 publish topic=ipi/detector-output-to-ipi-weak-signal-run-1/latency/av-1/ack bytes=233 forwarded=1
1783350564.130154 publish topic=ipi/detector-output-to-ipi-weak-signal-run-1/latency/av-1/request bytes=4503 forwarded=1
1783350564.130894 publish topic=ipi/detector-output-to-ipi-weak-signal-run-1/latency/av-1/ack bytes=233 forwarded=1
1783350564.370626 publish topic=ipi/detector-output-to-ipi-weak-signal-run-1/latency/av-1/request bytes=4503 forwarded=1
1783350564.371306 publish topic=ipi/detector-output-to-ipi-weak-signal-run-1/latency/av-1/ack bytes=233 forwarded=1
1783350564.610969 publish topic=ipi/detector-output-to-ipi-weak-signal-run-1/latency/av-1/request bytes=4503 forwarded=1
1783350564.611690 publish topic=ipi/detector-output-to-ipi-weak-signal-run-1/latency/av-1/ack bytes=233 forwarded=1
1783350564.861342 publish topic=ipi/detector-output-to-ipi-weak-signal-run-1/latency/av-1/request bytes=4503 forwarded=1
1783350564.862089 publish topic=ipi/detector-output-to-ipi-weak-signal-run-1/latency/av-1/ack bytes=233 forwarded=1
1783350565.111724 publish topic=ipi/detector-output-to-ipi-weak-signal-run-1/latency/av-1/request bytes=4503 forwarded=1
1783350565.112417 publish topic=ipi/detector-output-to-ipi-weak-signal-run-1/latency/av-1/ack bytes=233 forwarded=1
1783350565.372152 publish topic=ipi/detector-output-to-ipi-weak-signal-run-1/latency/av-1/request bytes=4503 forwarded=1
1783350565.372898 publish topic=ipi/detector-output-to-ipi-weak-signal-run-1/latency/av-1/ack bytes=233 forwarded=1
1783350565.632348 publish topic=ipi/detector-output-to-ipi-weak-signal-run-1/latency/av-1/request bytes=4503 forwarded=1
1783350565.632648 publish topic=ipi/detector-output-to-ipi-weak-signal-run-1/latency/av-1/ack bytes=233 forwarded=1
1783350565.882655 publish topic=ipi/detector-output-to-ipi-weak-signal-run-1/latency/av-1/request bytes=4503 forwarded=1
1783350565.883349 publish topic=ipi/detector-output-to-ipi-weak-signal-run-1/latency/av-1/ack bytes=233 forwarded=1
1783350566.143103 publish topic=ipi/detector-output-to-ipi-weak-signal-run-1/latency/av-1/request bytes=4503 forwarded=1
1783350566.143812 publish topic=ipi/detector-output-to-ipi-weak-signal-run-1/latency/av-1/ack bytes=233 forwarded=1
1783350566.403543 publish topic=ipi/detector-output-to-ipi-weak-signal-run-1/latency/av-1/request bytes=4503 forwarded=1
1783350566.404271 publish topic=ipi/detector-output-to-ipi-weak-signal-run-1/latency/av-1/ack bytes=233 forwarded=1
1783350566.663948 publish topic=ipi/detector-output-to-ipi-weak-signal-run-1/latency/av-1/request bytes=4503 forwarded=1
1783350566.664718 publish topic=ipi/detector-output-to-ipi-weak-signal-run-1/latency/av-1/ack bytes=233 forwarded=1
1783350566.924337 publish topic=ipi/detector-output-to-ipi-weak-signal-run-1/latency/av-1/request bytes=4503 forwarded=1
1783350566.925065 publish topic=ipi/detector-output-to-ipi-weak-signal-run-1/latency/av-1/ack bytes=233 forwarded=1
1783350567.174585 publish topic=ipi/detector-output-to-ipi-weak-signal-run-1/latency/av-1/request bytes=4503 forwarded=1
1783350567.175320 publish topic=ipi/detector-output-to-ipi-weak-signal-run-1/latency/av-1/ack bytes=233 forwarded=1
1783350567.425194 publish topic=ipi/detector-output-to-ipi-weak-signal-run-1/latency/av-1/request bytes=4503 forwarded=1
1783350567.425983 publish topic=ipi/detector-output-to-ipi-weak-signal-run-1/latency/av-1/ack bytes=233 forwarded=1
1783350567.675375 publish topic=ipi/detector-output-to-ipi-weak-signal-run-1/latency/av-1/request bytes=4503 forwarded=1
1783350567.676101 publish topic=ipi/detector-output-to-ipi-weak-signal-run-1/latency/av-1/ack bytes=233 forwarded=1
1783350567.935515 publish topic=ipi/detector-output-to-ipi-weak-signal-run-1/latency/av-1/request bytes=4503 forwarded=1
1783350567.936257 publish topic=ipi/detector-output-to-ipi-weak-signal-run-1/latency/av-1/ack bytes=233 forwarded=1
1783350568.186058 publish topic=ipi/detector-output-to-ipi-weak-signal-run-1/latency/av-1/request bytes=4503 forwarded=1
1783350568.186790 publish topic=ipi/detector-output-to-ipi-weak-signal-run-1/latency/av-1/ack bytes=233 forwarded=1
1783350568.436199 publish topic=ipi/detector-output-to-ipi-weak-signal-run-1/latency/av-1/request bytes=4503 forwarded=1
1783350568.436835 publish topic=ipi/detector-output-to-ipi-weak-signal-run-1/latency/av-1/ack bytes=233 forwarded=1
1783350568.686723 publish topic=ipi/detector-output-to-ipi-weak-signal-run-1/latency/av-1/request bytes=4503 forwarded=1
1783350568.687402 publish topic=ipi/detector-output-to-ipi-weak-signal-run-1/latency/av-1/ack bytes=233 forwarded=1
1783350568.937156 publish topic=ipi/detector-output-to-ipi-weak-signal-run-1/latency/av-1/request bytes=4503 forwarded=1
1783350568.937822 publish topic=ipi/detector-output-to-ipi-weak-signal-run-1/latency/av-1/ack bytes=233 forwarded=1
1783350569.187613 publish topic=ipi/detector-output-to-ipi-weak-signal-run-1/latency/av-1/request bytes=4503 forwarded=1
1783350569.188279 publish topic=ipi/detector-output-to-ipi-weak-signal-run-1/latency/av-1/ack bytes=233 forwarded=1
1783350569.437847 publish topic=ipi/detector-output-to-ipi-weak-signal-run-1/latency/av-1/request bytes=4503 forwarded=1
1783350569.438542 publish topic=ipi/detector-output-to-ipi-weak-signal-run-1/latency/av-1/ack bytes=233 forwarded=1
1783350569.688354 publish topic=ipi/detector-output-to-ipi-weak-signal-run-1/latency/av-1/request bytes=4503 forwarded=1
1783350569.689012 publish topic=ipi/detector-output-to-ipi-weak-signal-run-1/latency/av-1/ack bytes=233 forwarded=1
1783350569.938674 publish topic=ipi/detector-output-to-ipi-weak-signal-run-1/latency/av-1/request bytes=4503 forwarded=1
1783350569.939331 publish topic=ipi/detector-output-to-ipi-weak-signal-run-1/latency/av-1/ack bytes=233 forwarded=1
1783350570.188818 publish topic=ipi/detector-output-to-ipi-weak-signal-run-1/latency/av-1/request bytes=4503 forwarded=1
1783350570.189499 publish topic=ipi/detector-output-to-ipi-weak-signal-run-1/latency/av-1/ack bytes=233 forwarded=1
1783350570.449323 publish topic=ipi/detector-output-to-ipi-weak-signal-run-1/latency/av-1/request bytes=4503 forwarded=1
1783350570.449996 publish topic=ipi/detector-output-to-ipi-weak-signal-run-1/latency/av-1/ack bytes=233 forwarded=1
1783350570.699877 publish topic=ipi/detector-output-to-ipi-weak-signal-run-1/latency/av-1/request bytes=4503 forwarded=1
1783350570.700550 publish topic=ipi/detector-output-to-ipi-weak-signal-run-1/latency/av-1/ack bytes=233 forwarded=1
1783350570.960192 publish topic=ipi/detector-output-to-ipi-weak-signal-run-1/latency/av-1/request bytes=4503 forwarded=1
1783350570.960857 publish topic=ipi/detector-output-to-ipi-weak-signal-run-1/latency/av-1/ack bytes=233 forwarded=1
1783350571.210617 publish topic=ipi/detector-output-to-ipi-weak-signal-run-1/latency/av-1/request bytes=4503 forwarded=1
1783350571.211280 publish topic=ipi/detector-output-to-ipi-weak-signal-run-1/latency/av-1/ack bytes=233 forwarded=1
1783350571.460851 publish topic=ipi/detector-output-to-ipi-weak-signal-run-1/latency/av-1/request bytes=4503 forwarded=1
1783350571.461568 publish topic=ipi/detector-output-to-ipi-weak-signal-run-1/latency/av-1/ack bytes=233 forwarded=1
1783350571.711121 publish topic=ipi/detector-output-to-ipi-weak-signal-run-1/latency/av-1/request bytes=4503 forwarded=1
1783350571.711783 publish topic=ipi/detector-output-to-ipi-weak-signal-run-1/latency/av-1/ack bytes=233 forwarded=1
1783350571.961513 publish topic=ipi/detector-output-to-ipi-weak-signal-run-1/latency/av-1/request bytes=4503 forwarded=1
1783350571.962181 publish topic=ipi/detector-output-to-ipi-weak-signal-run-1/latency/av-1/ack bytes=233 forwarded=1
1783350572.221928 publish topic=ipi/detector-output-to-ipi-weak-signal-run-1/latency/av-1/request bytes=4503 forwarded=1
1783350572.222642 publish topic=ipi/detector-output-to-ipi-weak-signal-run-1/latency/av-1/ack bytes=233 forwarded=1
1783350572.472311 publish topic=ipi/detector-output-to-ipi-weak-signal-run-1/latency/av-1/request bytes=4503 forwarded=1
1783350572.472984 publish topic=ipi/detector-output-to-ipi-weak-signal-run-1/latency/av-1/ack bytes=233 forwarded=1
1783350572.722843 publish topic=ipi/detector-output-to-ipi-weak-signal-run-1/latency/av-1/request bytes=4503 forwarded=1
1783350572.723465 publish topic=ipi/detector-output-to-ipi-weak-signal-run-1/latency/av-1/ack bytes=233 forwarded=1
1783350572.973078 publish topic=ipi/detector-output-to-ipi-weak-signal-run-1/latency/av-1/request bytes=4503 forwarded=1
1783350572.973749 publish topic=ipi/detector-output-to-ipi-weak-signal-run-1/latency/av-1/ack bytes=233 forwarded=1
1783350573.233901 publish topic=ipi/detector-output-to-ipi-weak-signal-run-1/latency/av-1/request bytes=4503 forwarded=1
1783350573.234654 publish topic=ipi/detector-output-to-ipi-weak-signal-run-1/latency/av-1/ack bytes=233 forwarded=1
1783350573.554308 publish topic=ipi/detector-output-to-ipi-weak-signal-run-1/latency/av-1/request bytes=4503 forwarded=1
1783350573.554996 publish topic=ipi/detector-output-to-ipi-weak-signal-run-1/latency/av-1/ack bytes=233 forwarded=1
1783350573.854759 publish topic=ipi/detector-output-to-ipi-weak-signal-run-1/latency/av-1/request bytes=4503 forwarded=1
1783350573.855422 publish topic=ipi/detector-output-to-ipi-weak-signal-run-1/latency/av-1/ack bytes=233 forwarded=1
1783350574.155602 publish topic=ipi/detector-output-to-ipi-weak-signal-run-1/latency/av-1/request bytes=4503 forwarded=1
1783350574.156262 publish topic=ipi/detector-output-to-ipi-weak-signal-run-1/latency/av-1/ack bytes=233 forwarded=1
1783350574.435844 publish topic=ipi/detector-output-to-ipi-weak-signal-run-1/latency/av-1/request bytes=4503 forwarded=1
1783350574.436507 publish topic=ipi/detector-output-to-ipi-weak-signal-run-1/latency/av-1/ack bytes=233 forwarded=1
1783350574.706383 publish topic=ipi/detector-output-to-ipi-weak-signal-run-1/latency/av-1/request bytes=4503 forwarded=1
1783350574.707048 publish topic=ipi/detector-output-to-ipi-weak-signal-run-1/latency/av-1/ack bytes=233 forwarded=1
1783350574.987153 publish topic=ipi/detector-output-to-ipi-weak-signal-run-1/latency/av-1/request bytes=4503 forwarded=1
1783350574.987788 publish topic=ipi/detector-output-to-ipi-weak-signal-run-1/latency/av-1/ack bytes=233 forwarded=1
1783350575.307684 publish topic=ipi/detector-output-to-ipi-weak-signal-run-1/latency/av-1/request bytes=4503 forwarded=1
1783350575.308308 publish topic=ipi/detector-output-to-ipi-weak-signal-run-1/latency/av-1/ack bytes=233 forwarded=1
1783350575.578132 publish topic=ipi/detector-output-to-ipi-weak-signal-run-1/latency/av-1/request bytes=4503 forwarded=1
1783350575.578807 publish topic=ipi/detector-output-to-ipi-weak-signal-run-1/latency/av-1/ack bytes=233 forwarded=1
1783350575.838925 publish topic=ipi/detector-output-to-ipi-weak-signal-run-1/latency/av-1/request bytes=4503 forwarded=1
1783350575.839578 publish topic=ipi/detector-output-to-ipi-weak-signal-run-1/latency/av-1/ack bytes=233 forwarded=1
1783350576.089288 publish topic=ipi/detector-output-to-ipi-weak-signal-run-1/latency/av-1/request bytes=4503 forwarded=1
1783350576.089959 publish topic=ipi/detector-output-to-ipi-weak-signal-run-1/latency/av-1/ack bytes=233 forwarded=1
1783350576.339491 publish topic=ipi/detector-output-to-ipi-weak-signal-run-1/latency/av-1/request bytes=4503 forwarded=1
1783350576.340166 publish topic=ipi/detector-output-to-ipi-weak-signal-run-1/latency/av-1/ack bytes=233 forwarded=1
1783350576.589776 publish topic=ipi/detector-output-to-ipi-weak-signal-run-1/latency/av-1/request bytes=4503 forwarded=1
1783350576.590505 publish topic=ipi/detector-output-to-ipi-weak-signal-run-1/latency/av-1/ack bytes=233 forwarded=1
1783350576.840118 publish topic=ipi/detector-output-to-ipi-weak-signal-run-1/latency/av-1/request bytes=4503 forwarded=1
1783350576.840856 publish topic=ipi/detector-output-to-ipi-weak-signal-run-1/latency/av-1/ack bytes=233 forwarded=1
1783350577.090492 publish topic=ipi/detector-output-to-ipi-weak-signal-run-1/latency/av-1/request bytes=4503 forwarded=1
1783350577.091205 publish topic=ipi/detector-output-to-ipi-weak-signal-run-1/latency/av-1/ack bytes=233 forwarded=1
1783350577.340631 publish topic=ipi/detector-output-to-ipi-weak-signal-run-1/latency/av-1/request bytes=4503 forwarded=1
1783350577.341371 publish topic=ipi/detector-output-to-ipi-weak-signal-run-1/latency/av-1/ack bytes=233 forwarded=1
1783350577.580843 publish topic=ipi/detector-output-to-ipi-weak-signal-run-1/latency/av-1/request bytes=4503 forwarded=1
1783350577.581502 publish topic=ipi/detector-output-to-ipi-weak-signal-run-1/latency/av-1/ack bytes=233 forwarded=1
1783350577.830992 publish topic=ipi/detector-output-to-ipi-weak-signal-run-1/latency/av-1/request bytes=4503 forwarded=1
1783350577.831672 publish topic=ipi/detector-output-to-ipi-weak-signal-run-1/latency/av-1/ack bytes=233 forwarded=1
1783350578.081390 publish topic=ipi/detector-output-to-ipi-weak-signal-run-1/latency/av-1/request bytes=4503 forwarded=1
1783350578.082071 publish topic=ipi/detector-output-to-ipi-weak-signal-run-1/latency/av-1/ack bytes=233 forwarded=1
1783350578.331757 publish topic=ipi/detector-output-to-ipi-weak-signal-run-1/latency/av-1/request bytes=4503 forwarded=1
1783350578.332446 publish topic=ipi/detector-output-to-ipi-weak-signal-run-1/latency/av-1/ack bytes=233 forwarded=1
1783350578.591845 publish topic=ipi/detector-output-to-ipi-weak-signal-run-1/latency/av-1/request bytes=4503 forwarded=1
1783350578.592507 publish topic=ipi/detector-output-to-ipi-weak-signal-run-1/latency/av-1/ack bytes=233 forwarded=1
1783350578.841995 publish topic=ipi/detector-output-to-ipi-weak-signal-run-1/latency/av-1/request bytes=4503 forwarded=1
1783350578.842653 publish topic=ipi/detector-output-to-ipi-weak-signal-run-1/latency/av-1/ack bytes=233 forwarded=1
1783350579.092254 publish topic=ipi/detector-output-to-ipi-weak-signal-run-1/latency/av-1/request bytes=4503 forwarded=1
1783350579.093016 publish topic=ipi/detector-output-to-ipi-weak-signal-run-1/latency/av-1/ack bytes=233 forwarded=1
1783350579.342718 publish topic=ipi/detector-output-to-ipi-weak-signal-run-1/latency/av-1/request bytes=4503 forwarded=1
1783350579.343425 publish topic=ipi/detector-output-to-ipi-weak-signal-run-1/latency/av-1/ack bytes=233 forwarded=1
1783350579.602839 publish topic=ipi/detector-output-to-ipi-weak-signal-run-1/latency/av-1/request bytes=4503 forwarded=1
1783350579.603519 publish topic=ipi/detector-output-to-ipi-weak-signal-run-1/latency/av-1/ack bytes=233 forwarded=1
1783350579.853198 publish topic=ipi/detector-output-to-ipi-weak-signal-run-1/latency/av-1/request bytes=4503 forwarded=1
1783350579.853892 publish topic=ipi/detector-output-to-ipi-weak-signal-run-1/latency/av-1/ack bytes=233 forwarded=1
1783350580.113380 publish topic=ipi/detector-output-to-ipi-weak-signal-run-1/latency/av-1/request bytes=4503 forwarded=1
1783350580.114084 publish topic=ipi/detector-output-to-ipi-weak-signal-run-1/latency/av-1/ack bytes=233 forwarded=1
1783350580.353927 publish topic=ipi/detector-output-to-ipi-weak-signal-run-1/latency/av-1/request bytes=4503 forwarded=1
1783350580.354677 publish topic=ipi/detector-output-to-ipi-weak-signal-run-1/latency/av-1/ack bytes=233 forwarded=1
1783350580.604124 publish topic=ipi/detector-output-to-ipi-weak-signal-run-1/latency/av-1/request bytes=4503 forwarded=1
1783350580.604848 publish topic=ipi/detector-output-to-ipi-weak-signal-run-1/latency/av-1/ack bytes=233 forwarded=1
1783350580.864403 publish topic=ipi/detector-output-to-ipi-weak-signal-run-1/latency/av-1/request bytes=4503 forwarded=1
1783350580.865172 publish topic=ipi/detector-output-to-ipi-weak-signal-run-1/latency/av-1/ack bytes=233 forwarded=1
1783350581.114689 publish topic=ipi/detector-output-to-ipi-weak-signal-run-1/latency/av-1/request bytes=4503 forwarded=1
1783350581.115409 publish topic=ipi/detector-output-to-ipi-weak-signal-run-1/latency/av-1/ack bytes=233 forwarded=1
1783350581.364914 publish topic=ipi/detector-output-to-ipi-weak-signal-run-1/latency/av-1/request bytes=4503 forwarded=1
1783350581.365622 publish topic=ipi/detector-output-to-ipi-weak-signal-run-1/latency/av-1/ack bytes=233 forwarded=1
1783350581.614979 publish topic=ipi/detector-output-to-ipi-weak-signal-run-1/latency/av-1/request bytes=4503 forwarded=1
1783350581.615686 publish topic=ipi/detector-output-to-ipi-weak-signal-run-1/latency/av-1/ack bytes=233 forwarded=1
1783350581.875683 publish topic=ipi/detector-output-to-ipi-weak-signal-run-1/latency/av-1/request bytes=4503 forwarded=1
1783350581.876410 publish topic=ipi/detector-output-to-ipi-weak-signal-run-1/latency/av-1/ack bytes=233 forwarded=1
1783350582.125794 publish topic=ipi/detector-output-to-ipi-weak-signal-run-1/latency/av-1/request bytes=4503 forwarded=1
1783350582.126546 publish topic=ipi/detector-output-to-ipi-weak-signal-run-1/latency/av-1/ack bytes=233 forwarded=1
1783350582.386106 publish topic=ipi/detector-output-to-ipi-weak-signal-run-1/latency/av-1/request bytes=4503 forwarded=1
1783350582.386844 publish topic=ipi/detector-output-to-ipi-weak-signal-run-1/latency/av-1/ack bytes=233 forwarded=1
1783350582.646274 publish topic=ipi/detector-output-to-ipi-weak-signal-run-1/latency/av-1/request bytes=4503 forwarded=1
1783350582.646983 publish topic=ipi/detector-output-to-ipi-weak-signal-run-1/latency/av-1/ack bytes=233 forwarded=1
1783350582.896578 publish topic=ipi/detector-output-to-ipi-weak-signal-run-1/latency/av-1/request bytes=4503 forwarded=1
1783350582.897294 publish topic=ipi/detector-output-to-ipi-weak-signal-run-1/latency/av-1/ack bytes=233 forwarded=1
1783350583.156670 publish topic=ipi/detector-output-to-ipi-weak-signal-run-1/latency/av-1/request bytes=4503 forwarded=1
1783350583.157363 publish topic=ipi/detector-output-to-ipi-weak-signal-run-1/latency/av-1/ack bytes=233 forwarded=1
1783350583.407185 publish topic=ipi/detector-output-to-ipi-weak-signal-run-1/latency/av-1/request bytes=4503 forwarded=1
1783350583.407894 publish topic=ipi/detector-output-to-ipi-weak-signal-run-1/latency/av-1/ack bytes=233 forwarded=1
1783350583.667272 publish topic=ipi/detector-output-to-ipi-weak-signal-run-1/latency/av-1/request bytes=4503 forwarded=1
1783350583.667997 publish topic=ipi/detector-output-to-ipi-weak-signal-run-1/latency/av-1/ack bytes=233 forwarded=1
1783350583.917740 publish topic=ipi/detector-output-to-ipi-weak-signal-run-1/latency/av-1/request bytes=4503 forwarded=1
1783350583.918436 publish topic=ipi/detector-output-to-ipi-weak-signal-run-1/latency/av-1/ack bytes=233 forwarded=1
1783350584.167742 publish topic=ipi/detector-output-to-ipi-weak-signal-run-1/latency/av-1/request bytes=4503 forwarded=1
1783350584.168518 publish topic=ipi/detector-output-to-ipi-weak-signal-run-1/latency/av-1/ack bytes=233 forwarded=1
1783350584.418045 publish topic=ipi/detector-output-to-ipi-weak-signal-run-1/latency/av-1/request bytes=4503 forwarded=1
1783350584.418852 publish topic=ipi/detector-output-to-ipi-weak-signal-run-1/latency/av-1/ack bytes=233 forwarded=1
1783350584.668548 publish topic=ipi/detector-output-to-ipi-weak-signal-run-1/latency/av-1/request bytes=4503 forwarded=1
1783350584.669329 publish topic=ipi/detector-output-to-ipi-weak-signal-run-1/latency/av-1/ack bytes=233 forwarded=1
1783350584.918552 publish topic=ipi/detector-output-to-ipi-weak-signal-run-1/latency/av-1/request bytes=4503 forwarded=1
1783350584.919286 publish topic=ipi/detector-output-to-ipi-weak-signal-run-1/latency/av-1/ack bytes=233 forwarded=1
1783350585.178737 publish topic=ipi/detector-output-to-ipi-weak-signal-run-1/latency/av-1/request bytes=4503 forwarded=1
1783350585.179462 publish topic=ipi/detector-output-to-ipi-weak-signal-run-1/latency/av-1/ack bytes=233 forwarded=1
1783350585.439097 publish topic=ipi/detector-output-to-ipi-weak-signal-run-1/latency/av-1/request bytes=4503 forwarded=1
1783350585.439809 publish topic=ipi/detector-output-to-ipi-weak-signal-run-1/latency/av-1/ack bytes=233 forwarded=1
1783350585.679243 publish topic=ipi/detector-output-to-ipi-weak-signal-run-1/latency/av-1/request bytes=4503 forwarded=1
1783350585.679945 publish topic=ipi/detector-output-to-ipi-weak-signal-run-1/latency/av-1/ack bytes=233 forwarded=1
1783350585.929765 publish topic=ipi/detector-output-to-ipi-weak-signal-run-1/latency/av-1/request bytes=4503 forwarded=1
1783350585.930504 publish topic=ipi/detector-output-to-ipi-weak-signal-run-1/latency/av-1/ack bytes=233 forwarded=1
1783350586.210229 publish topic=ipi/detector-output-to-ipi-weak-signal-run-1/latency/av-1/request bytes=4503 forwarded=1
1783350586.210944 publish topic=ipi/detector-output-to-ipi-weak-signal-run-1/latency/av-1/ack bytes=233 forwarded=1
1783350586.470618 publish topic=ipi/detector-output-to-ipi-weak-signal-run-1/latency/av-1/request bytes=4503 forwarded=1
1783350586.471311 publish topic=ipi/detector-output-to-ipi-weak-signal-run-1/latency/av-1/ack bytes=233 forwarded=1
1783350586.740882 publish topic=ipi/detector-output-to-ipi-weak-signal-run-1/latency/av-1/request bytes=4503 forwarded=1
1783350586.741583 publish topic=ipi/detector-output-to-ipi-weak-signal-run-1/latency/av-1/ack bytes=233 forwarded=1
1783350587.021537 publish topic=ipi/detector-output-to-ipi-weak-signal-run-1/latency/av-1/request bytes=4503 forwarded=1
1783350587.022257 publish topic=ipi/detector-output-to-ipi-weak-signal-run-1/latency/av-1/ack bytes=233 forwarded=1
1783350587.311813 publish topic=ipi/detector-output-to-ipi-weak-signal-run-1/latency/av-1/request bytes=4503 forwarded=1
1783350587.312522 publish topic=ipi/detector-output-to-ipi-weak-signal-run-1/latency/av-1/ack bytes=233 forwarded=1
1783350587.592246 publish topic=ipi/detector-output-to-ipi-weak-signal-run-1/latency/av-1/request bytes=4503 forwarded=1
1783350587.592949 publish topic=ipi/detector-output-to-ipi-weak-signal-run-1/latency/av-1/ack bytes=233 forwarded=1
1783350587.872923 publish topic=ipi/detector-output-to-ipi-weak-signal-run-1/latency/av-1/request bytes=4503 forwarded=1
1783350587.873662 publish topic=ipi/detector-output-to-ipi-weak-signal-run-1/latency/av-1/ack bytes=233 forwarded=1
1783350588.143365 publish topic=ipi/detector-output-to-ipi-weak-signal-run-1/latency/av-1/request bytes=4503 forwarded=1
1783350588.144063 publish topic=ipi/detector-output-to-ipi-weak-signal-run-1/latency/av-1/ack bytes=233 forwarded=1
1783350588.403777 publish topic=ipi/detector-output-to-ipi-weak-signal-run-1/latency/av-1/request bytes=4503 forwarded=1
1783350588.404473 publish topic=ipi/detector-output-to-ipi-weak-signal-run-1/latency/av-1/ack bytes=233 forwarded=1
1783350588.664433 publish topic=ipi/detector-output-to-ipi-weak-signal-run-1/latency/av-1/request bytes=4503 forwarded=1
1783350588.665129 publish topic=ipi/detector-output-to-ipi-weak-signal-run-1/latency/av-1/ack bytes=233 forwarded=1
1783350588.924652 publish topic=ipi/detector-output-to-ipi-weak-signal-run-1/latency/av-1/request bytes=4505 forwarded=1
1783350588.925372 publish topic=ipi/detector-output-to-ipi-weak-signal-run-1/latency/av-1/ack bytes=234 forwarded=1
1783350588.944643 close ('10.120.121.16', 35744) disconnect
1783350589.621873 close ('127.0.0.1', 49498) closed
