threaded mqtt broker listening on 0.0.0.0:1883
1783349588.677667 accept ('10.120.121.16', 50664)
1783349588.679328 close ('10.120.121.16', 50664) closed
1783349589.295338 accept ('127.0.0.1', 46556)
1783349589.296606 subscribe ('127.0.0.1', 46556) ipi/detector-output-to-ipi-weak-signal-run-1/latency/av-1/request
1783349591.350674 accept ('10.120.121.16', 50680)
1783349591.380406 subscribe ('10.120.121.16', 50680) ipi/detector-output-to-ipi-weak-signal-run-1/latency/av-1/ack
1783349591.410358 publish topic=ipi/detector-output-to-ipi-weak-signal-run-1/latency/av-1/request bytes=386 forwarded=1
1783349591.411114 publish topic=ipi/detector-output-to-ipi-weak-signal-run-1/latency/av-1/ack bytes=181 forwarded=1
1783349591.630917 publish topic=ipi/detector-output-to-ipi-weak-signal-run-1/latency/av-1/request bytes=386 forwarded=1
1783349591.631674 publish topic=ipi/detector-output-to-ipi-weak-signal-run-1/latency/av-1/ack bytes=181 forwarded=1
1783349591.850985 publish topic=ipi/detector-output-to-ipi-weak-signal-run-1/latency/av-1/request bytes=386 forwarded=1
1783349591.851724 publish topic=ipi/detector-output-to-ipi-weak-signal-run-1/latency/av-1/ack bytes=181 forwarded=1
1783349592.071355 publish topic=ipi/detector-output-to-ipi-weak-signal-run-1/latency/av-1/request bytes=386 forwarded=1
1783349592.072080 publish topic=ipi/detector-output-to-ipi-weak-signal-run-1/latency/av-1/ack bytes=181 forwarded=1
1783349592.301542 publish topic=ipi/detector-output-to-ipi-weak-signal-run-1/latency/av-1/request bytes=386 forwarded=1
1783349592.302321 publish topic=ipi/detector-output-to-ipi-weak-signal-run-1/latency/av-1/ack bytes=181 forwarded=1
1783349592.531817 publish topic=ipi/detector-output-to-ipi-weak-signal-run-1/latency/av-1/request bytes=386 forwarded=1
1783349592.532537 publish topic=ipi/detector-output-to-ipi-weak-signal-run-1/latency/av-1/ack bytes=181 forwarded=1
1783349592.752046 publish topic=ipi/detector-output-to-ipi-weak-signal-run-1/latency/av-1/request bytes=386 forwarded=1
1783349592.752703 publish topic=ipi/detector-output-to-ipi-weak-signal-run-1/latency/av-1/ack bytes=181 forwarded=1
1783349592.992416 publish topic=ipi/detector-output-to-ipi-weak-signal-run-1/latency/av-1/request bytes=386 forwarded=1
1783349592.993114 publish topic=ipi/detector-output-to-ipi-weak-signal-run-1/latency/av-1/ack bytes=181 forwarded=1
1783349593.212526 publish topic=ipi/detector-output-to-ipi-weak-signal-run-1/latency/av-1/request bytes=386 forwarded=1
1783349593.213194 publish topic=ipi/detector-output-to-ipi-weak-signal-run-1/latency/av-1/ack bytes=181 forwarded=1
1783349593.442893 publish topic=ipi/detector-output-to-ipi-weak-signal-run-1/latency/av-1/request bytes=387 forwarded=1
1783349593.443576 publish topic=ipi/detector-output-to-ipi-weak-signal-run-1/latency/av-1/ack bytes=181 forwarded=1
1783349593.662983 publish topic=ipi/detector-output-to-ipi-weak-signal-run-1/latency/av-1/request bytes=387 forwarded=1
1783349593.663653 publish topic=ipi/detector-output-to-ipi-weak-signal-run-1/latency/av-1/ack bytes=181 forwarded=1
1783349593.883269 publish topic=ipi/detector-output-to-ipi-weak-signal-run-1/latency/av-1/request bytes=387 forwarded=1
1783349593.883933 publish topic=ipi/detector-output-to-ipi-weak-signal-run-1/latency/av-1/ack bytes=181 forwarded=1
1783349594.113590 publish topic=ipi/detector-output-to-ipi-weak-signal-run-1/latency/av-1/request bytes=387 forwarded=1
1783349594.114269 publish topic=ipi/detector-output-to-ipi-weak-signal-run-1/latency/av-1/ack bytes=181 forwarded=1
1783349594.333868 publish topic=ipi/detector-output-to-ipi-weak-signal-run-1/latency/av-1/request bytes=387 forwarded=1
1783349594.334582 publish topic=ipi/detector-output-to-ipi-weak-signal-run-1/latency/av-1/ack bytes=181 forwarded=1
1783349594.574266 publish topic=ipi/detector-output-to-ipi-weak-signal-run-1/latency/av-1/request bytes=387 forwarded=1
1783349594.574979 publish topic=ipi/detector-output-to-ipi-weak-signal-run-1/latency/av-1/ack bytes=181 forwarded=1
1783349594.814473 publish topic=ipi/detector-output-to-ipi-weak-signal-run-1/latency/av-1/request bytes=387 forwarded=1
1783349594.815129 publish topic=ipi/detector-output-to-ipi-weak-signal-run-1/latency/av-1/ack bytes=181 forwarded=1
1783349595.044780 publish topic=ipi/detector-output-to-ipi-weak-signal-run-1/latency/av-1/request bytes=387 forwarded=1
1783349595.045444 publish topic=ipi/detector-output-to-ipi-weak-signal-run-1/latency/av-1/ack bytes=181 forwarded=1
1783349595.275229 publish topic=ipi/detector-output-to-ipi-weak-signal-run-1/latency/av-1/request bytes=387 forwarded=1
1783349595.275898 publish topic=ipi/detector-output-to-ipi-weak-signal-run-1/latency/av-1/ack bytes=181 forwarded=1
1783349595.505307 publish topic=ipi/detector-output-to-ipi-weak-signal-run-1/latency/av-1/request bytes=387 forwarded=1
1783349595.505971 publish topic=ipi/detector-output-to-ipi-weak-signal-run-1/latency/av-1/ack bytes=181 forwarded=1
1783349595.745579 publish topic=ipi/detector-output-to-ipi-weak-signal-run-1/latency/av-1/request bytes=387 forwarded=1
1783349595.746247 publish topic=ipi/detector-output-to-ipi-weak-signal-run-1/latency/av-1/ack bytes=181 forwarded=1
1783349595.975805 publish topic=ipi/detector-output-to-ipi-weak-signal-run-1/latency/av-1/request bytes=387 forwarded=1
1783349595.976470 publish topic=ipi/detector-output-to-ipi-weak-signal-run-1/latency/av-1/ack bytes=181 forwarded=1
1783349596.216100 publish topic=ipi/detector-output-to-ipi-weak-signal-run-1/latency/av-1/request bytes=387 forwarded=1
1783349596.216770 publish topic=ipi/detector-output-to-ipi-weak-signal-run-1/latency/av-1/ack bytes=181 forwarded=1
1783349596.456502 publish topic=ipi/detector-output-to-ipi-weak-signal-run-1/latency/av-1/request bytes=387 forwarded=1
1783349596.457169 publish topic=ipi/detector-output-to-ipi-weak-signal-run-1/latency/av-1/ack bytes=181 forwarded=1
1783349596.686633 publish topic=ipi/detector-output-to-ipi-weak-signal-run-1/latency/av-1/request bytes=387 forwarded=1
1783349596.687292 publish topic=ipi/detector-output-to-ipi-weak-signal-run-1/latency/av-1/ack bytes=181 forwarded=1
1783349596.917084 publish topic=ipi/detector-output-to-ipi-weak-signal-run-1/latency/av-1/request bytes=387 forwarded=1
1783349596.917749 publish topic=ipi/detector-output-to-ipi-weak-signal-run-1/latency/av-1/ack bytes=181 forwarded=1
1783349597.147259 publish topic=ipi/detector-output-to-ipi-weak-signal-run-1/latency/av-1/request bytes=387 forwarded=1
1783349597.147911 publish topic=ipi/detector-output-to-ipi-weak-signal-run-1/latency/av-1/ack bytes=181 forwarded=1
1783349597.387425 publish topic=ipi/detector-output-to-ipi-weak-signal-run-1/latency/av-1/request bytes=387 forwarded=1
1783349597.388193 publish topic=ipi/detector-output-to-ipi-weak-signal-run-1/latency/av-1/ack bytes=181 forwarded=1
1783349597.607739 publish topic=ipi/detector-output-to-ipi-weak-signal-run-1/latency/av-1/request bytes=387 forwarded=1
1783349597.608426 publish topic=ipi/detector-output-to-ipi-weak-signal-run-1/latency/av-1/ack bytes=181 forwarded=1
1783349597.827951 publish topic=ipi/detector-output-to-ipi-weak-signal-run-1/latency/av-1/request bytes=387 forwarded=1
1783349597.828616 publish topic=ipi/detector-output-to-ipi-weak-signal-run-1/latency/av-1/ack bytes=181 forwarded=1
1783349598.048450 publish topic=ipi/detector-output-to-ipi-weak-signal-run-1/latency/av-1/request bytes=387 forwarded=1
1783349598.049141 publish topic=ipi/detector-output-to-ipi-weak-signal-run-1/latency/av-1/ack bytes=181 forwarded=1
1783349598.288877 publish topic=ipi/detector-output-to-ipi-weak-signal-run-1/latency/av-1/request bytes=387 forwarded=1
1783349598.289593 publish topic=ipi/detector-output-to-ipi-weak-signal-run-1/latency/av-1/ack bytes=181 forwarded=1
1783349598.509047 publish topic=ipi/detector-output-to-ipi-weak-signal-run-1/latency/av-1/request bytes=387 forwarded=1
1783349598.509734 publish topic=ipi/detector-output-to-ipi-weak-signal-run-1/latency/av-1/ack bytes=181 forwarded=1
1783349598.729440 publish topic=ipi/detector-output-to-ipi-weak-signal-run-1/latency/av-1/request bytes=387 forwarded=1
1783349598.730163 publish topic=ipi/detector-output-to-ipi-weak-signal-run-1/latency/av-1/ack bytes=181 forwarded=1
1783349598.949600 publish topic=ipi/detector-output-to-ipi-weak-signal-run-1/latency/av-1/request bytes=387 forwarded=1
1783349598.950286 publish topic=ipi/detector-output-to-ipi-weak-signal-run-1/latency/av-1/ack bytes=181 forwarded=1
1783349599.169865 publish topic=ipi/detector-output-to-ipi-weak-signal-run-1/latency/av-1/request bytes=387 forwarded=1
1783349599.170635 publish topic=ipi/detector-output-to-ipi-weak-signal-run-1/latency/av-1/ack bytes=181 forwarded=1
1783349599.399962 publish topic=ipi/detector-output-to-ipi-weak-signal-run-1/latency/av-1/request bytes=387 forwarded=1
1783349599.400692 publish topic=ipi/detector-output-to-ipi-weak-signal-run-1/latency/av-1/ack bytes=181 forwarded=1
1783349599.620584 publish topic=ipi/detector-output-to-ipi-weak-signal-run-1/latency/av-1/request bytes=387 forwarded=1
1783349599.621277 publish topic=ipi/detector-output-to-ipi-weak-signal-run-1/latency/av-1/ack bytes=181 forwarded=1
1783349599.850594 publish topic=ipi/detector-output-to-ipi-weak-signal-run-1/latency/av-1/request bytes=387 forwarded=1
1783349599.851309 publish topic=ipi/detector-output-to-ipi-weak-signal-run-1/latency/av-1/ack bytes=181 forwarded=1
1783349600.070946 publish topic=ipi/detector-output-to-ipi-weak-signal-run-1/latency/av-1/request bytes=387 forwarded=1
1783349600.071643 publish topic=ipi/detector-output-to-ipi-weak-signal-run-1/latency/av-1/ack bytes=181 forwarded=1
1783349600.291296 publish topic=ipi/detector-output-to-ipi-weak-signal-run-1/latency/av-1/request bytes=387 forwarded=1
1783349600.292010 publish topic=ipi/detector-output-to-ipi-weak-signal-run-1/latency/av-1/ack bytes=181 forwarded=1
1783349600.511579 publish topic=ipi/detector-output-to-ipi-weak-signal-run-1/latency/av-1/request bytes=387 forwarded=1
1783349600.512286 publish topic=ipi/detector-output-to-ipi-weak-signal-run-1/latency/av-1/ack bytes=181 forwarded=1
1783349600.731809 publish topic=ipi/detector-output-to-ipi-weak-signal-run-1/latency/av-1/request bytes=387 forwarded=1
1783349600.732499 publish topic=ipi/detector-output-to-ipi-weak-signal-run-1/latency/av-1/ack bytes=181 forwarded=1
1783349600.952206 publish topic=ipi/detector-output-to-ipi-weak-signal-run-1/latency/av-1/request bytes=387 forwarded=1
1783349600.953003 publish topic=ipi/detector-output-to-ipi-weak-signal-run-1/latency/av-1/ack bytes=181 forwarded=1
1783349601.192459 publish topic=ipi/detector-output-to-ipi-weak-signal-run-1/latency/av-1/request bytes=387 forwarded=1
1783349601.193150 publish topic=ipi/detector-output-to-ipi-weak-signal-run-1/latency/av-1/ack bytes=181 forwarded=1
1783349601.412747 publish topic=ipi/detector-output-to-ipi-weak-signal-run-1/latency/av-1/request bytes=387 forwarded=1
1783349601.413453 publish topic=ipi/detector-output-to-ipi-weak-signal-run-1/latency/av-1/ack bytes=181 forwarded=1
1783349601.633053 publish topic=ipi/detector-output-to-ipi-weak-signal-run-1/latency/av-1/request bytes=387 forwarded=1
1783349601.633754 publish topic=ipi/detector-output-to-ipi-weak-signal-run-1/latency/av-1/ack bytes=181 forwarded=1
1783349601.853239 publish topic=ipi/detector-output-to-ipi-weak-signal-run-1/latency/av-1/request bytes=387 forwarded=1
1783349601.853956 publish topic=ipi/detector-output-to-ipi-weak-signal-run-1/latency/av-1/ack bytes=181 forwarded=1
1783349602.073484 publish topic=ipi/detector-output-to-ipi-weak-signal-run-1/latency/av-1/request bytes=387 forwarded=1
1783349602.074192 publish topic=ipi/detector-output-to-ipi-weak-signal-run-1/latency/av-1/ack bytes=181 forwarded=1
1783349602.293858 publish topic=ipi/detector-output-to-ipi-weak-signal-run-1/latency/av-1/request bytes=387 forwarded=1
1783349602.294596 publish topic=ipi/detector-output-to-ipi-weak-signal-run-1/latency/av-1/ack bytes=181 forwarded=1
1783349602.534167 publish topic=ipi/detector-output-to-ipi-weak-signal-run-1/latency/av-1/request bytes=387 forwarded=1
1783349602.534906 publish topic=ipi/detector-output-to-ipi-weak-signal-run-1/latency/av-1/ack bytes=181 forwarded=1
1783349602.764537 publish topic=ipi/detector-output-to-ipi-weak-signal-run-1/latency/av-1/request bytes=387 forwarded=1
1783349602.765301 publish topic=ipi/detector-output-to-ipi-weak-signal-run-1/latency/av-1/ack bytes=181 forwarded=1
1783349602.994669 publish topic=ipi/detector-output-to-ipi-weak-signal-run-1/latency/av-1/request bytes=387 forwarded=1
1783349602.995403 publish topic=ipi/detector-output-to-ipi-weak-signal-run-1/latency/av-1/ack bytes=181 forwarded=1
1783349603.234823 publish topic=ipi/detector-output-to-ipi-weak-signal-run-1/latency/av-1/request bytes=387 forwarded=1
1783349603.235601 publish topic=ipi/detector-output-to-ipi-weak-signal-run-1/latency/av-1/ack bytes=181 forwarded=1
1783349603.475133 publish topic=ipi/detector-output-to-ipi-weak-signal-run-1/latency/av-1/request bytes=387 forwarded=1
1783349603.475866 publish topic=ipi/detector-output-to-ipi-weak-signal-run-1/latency/av-1/ack bytes=181 forwarded=1
1783349603.715481 publish topic=ipi/detector-output-to-ipi-weak-signal-run-1/latency/av-1/request bytes=387 forwarded=1
1783349603.716222 publish topic=ipi/detector-output-to-ipi-weak-signal-run-1/latency/av-1/ack bytes=181 forwarded=1
1783349603.955857 publish topic=ipi/detector-output-to-ipi-weak-signal-run-1/latency/av-1/request bytes=387 forwarded=1
1783349603.956587 publish topic=ipi/detector-output-to-ipi-weak-signal-run-1/latency/av-1/ack bytes=181 forwarded=1
1783349604.196221 publish topic=ipi/detector-output-to-ipi-weak-signal-run-1/latency/av-1/request bytes=387 forwarded=1
1783349604.196970 publish topic=ipi/detector-output-to-ipi-weak-signal-run-1/latency/av-1/ack bytes=181 forwarded=1
1783349604.436501 publish topic=ipi/detector-output-to-ipi-weak-signal-run-1/latency/av-1/request bytes=387 forwarded=1
1783349604.437265 publish topic=ipi/detector-output-to-ipi-weak-signal-run-1/latency/av-1/ack bytes=181 forwarded=1
1783349604.676838 publish topic=ipi/detector-output-to-ipi-weak-signal-run-1/latency/av-1/request bytes=387 forwarded=1
1783349604.677586 publish topic=ipi/detector-output-to-ipi-weak-signal-run-1/latency/av-1/ack bytes=181 forwarded=1
1783349604.916986 publish topic=ipi/detector-output-to-ipi-weak-signal-run-1/latency/av-1/request bytes=387 forwarded=1
1783349604.917707 publish topic=ipi/detector-output-to-ipi-weak-signal-run-1/latency/av-1/ack bytes=181 forwarded=1
1783349605.147245 publish topic=ipi/detector-output-to-ipi-weak-signal-run-1/latency/av-1/request bytes=387 forwarded=1
1783349605.147997 publish topic=ipi/detector-output-to-ipi-weak-signal-run-1/latency/av-1/ack bytes=181 forwarded=1
1783349605.377524 publish topic=ipi/detector-output-to-ipi-weak-signal-run-1/latency/av-1/request bytes=387 forwarded=1
1783349605.378263 publish topic=ipi/detector-output-to-ipi-weak-signal-run-1/latency/av-1/ack bytes=181 forwarded=1
1783349605.607738 publish topic=ipi/detector-output-to-ipi-weak-signal-run-1/latency/av-1/request bytes=387 forwarded=1
1783349605.608463 publish topic=ipi/detector-output-to-ipi-weak-signal-run-1/latency/av-1/ack bytes=181 forwarded=1
1783349605.838160 publish topic=ipi/detector-output-to-ipi-weak-signal-run-1/latency/av-1/request bytes=387 forwarded=1
1783349605.838932 publish topic=ipi/detector-output-to-ipi-weak-signal-run-1/latency/av-1/ack bytes=181 forwarded=1
1783349606.068417 publish topic=ipi/detector-output-to-ipi-weak-signal-run-1/latency/av-1/request bytes=387 forwarded=1
1783349606.069177 publish topic=ipi/detector-output-to-ipi-weak-signal-run-1/latency/av-1/ack bytes=181 forwarded=1
1783349606.288689 publish topic=ipi/detector-output-to-ipi-weak-signal-run-1/latency/av-1/request bytes=387 forwarded=1
1783349606.289431 publish topic=ipi/detector-output-to-ipi-weak-signal-run-1/latency/av-1/ack bytes=181 forwarded=1
1783349606.508958 publish topic=ipi/detector-output-to-ipi-weak-signal-run-1/latency/av-1/request bytes=387 forwarded=1
1783349606.509717 publish topic=ipi/detector-output-to-ipi-weak-signal-run-1/latency/av-1/ack bytes=181 forwarded=1
1783349606.729269 publish topic=ipi/detector-output-to-ipi-weak-signal-run-1/latency/av-1/request bytes=387 forwarded=1
1783349606.730045 publish topic=ipi/detector-output-to-ipi-weak-signal-run-1/latency/av-1/ack bytes=181 forwarded=1
1783349606.949445 publish topic=ipi/detector-output-to-ipi-weak-signal-run-1/latency/av-1/request bytes=387 forwarded=1
1783349606.950153 publish topic=ipi/detector-output-to-ipi-weak-signal-run-1/latency/av-1/ack bytes=181 forwarded=1
1783349607.179730 publish topic=ipi/detector-output-to-ipi-weak-signal-run-1/latency/av-1/request bytes=387 forwarded=1
1783349607.180442 publish topic=ipi/detector-output-to-ipi-weak-signal-run-1/latency/av-1/ack bytes=181 forwarded=1
1783349607.410053 publish topic=ipi/detector-output-to-ipi-weak-signal-run-1/latency/av-1/request bytes=387 forwarded=1
1783349607.410805 publish topic=ipi/detector-output-to-ipi-weak-signal-run-1/latency/av-1/ack bytes=181 forwarded=1
1783349607.630280 publish topic=ipi/detector-output-to-ipi-weak-signal-run-1/latency/av-1/request bytes=387 forwarded=1
1783349607.630984 publish topic=ipi/detector-output-to-ipi-weak-signal-run-1/latency/av-1/ack bytes=181 forwarded=1
1783349607.850485 publish topic=ipi/detector-output-to-ipi-weak-signal-run-1/latency/av-1/request bytes=387 forwarded=1
1783349607.851202 publish topic=ipi/detector-output-to-ipi-weak-signal-run-1/latency/av-1/ack bytes=181 forwarded=1
1783349608.070880 publish topic=ipi/detector-output-to-ipi-weak-signal-run-1/latency/av-1/request bytes=387 forwarded=1
1783349608.071571 publish topic=ipi/detector-output-to-ipi-weak-signal-run-1/latency/av-1/ack bytes=181 forwarded=1
1783349608.290977 publish topic=ipi/detector-output-to-ipi-weak-signal-run-1/latency/av-1/request bytes=387 forwarded=1
1783349608.291686 publish topic=ipi/detector-output-to-ipi-weak-signal-run-1/latency/av-1/ack bytes=181 forwarded=1
1783349608.511242 publish topic=ipi/detector-output-to-ipi-weak-signal-run-1/latency/av-1/request bytes=387 forwarded=1
1783349608.511952 publish topic=ipi/detector-output-to-ipi-weak-signal-run-1/latency/av-1/ack bytes=181 forwarded=1
1783349608.731446 publish topic=ipi/detector-output-to-ipi-weak-signal-run-1/latency/av-1/request bytes=387 forwarded=1
1783349608.732137 publish topic=ipi/detector-output-to-ipi-weak-signal-run-1/latency/av-1/ack bytes=181 forwarded=1
1783349608.951690 publish topic=ipi/detector-output-to-ipi-weak-signal-run-1/latency/av-1/request bytes=387 forwarded=1
1783349608.952390 publish topic=ipi/detector-output-to-ipi-weak-signal-run-1/latency/av-1/ack bytes=181 forwarded=1
1783349609.172111 publish topic=ipi/detector-output-to-ipi-weak-signal-run-1/latency/av-1/request bytes=387 forwarded=1
1783349609.172805 publish topic=ipi/detector-output-to-ipi-weak-signal-run-1/latency/av-1/ack bytes=181 forwarded=1
1783349609.392318 publish topic=ipi/detector-output-to-ipi-weak-signal-run-1/latency/av-1/request bytes=387 forwarded=1
1783349609.393048 publish topic=ipi/detector-output-to-ipi-weak-signal-run-1/latency/av-1/ack bytes=181 forwarded=1
1783349609.612620 publish topic=ipi/detector-output-to-ipi-weak-signal-run-1/latency/av-1/request bytes=387 forwarded=1
1783349609.613275 publish topic=ipi/detector-output-to-ipi-weak-signal-run-1/latency/av-1/ack bytes=181 forwarded=1
1783349609.832868 publish topic=ipi/detector-output-to-ipi-weak-signal-run-1/latency/av-1/request bytes=387 forwarded=1
1783349609.833622 publish topic=ipi/detector-output-to-ipi-weak-signal-run-1/latency/av-1/ack bytes=181 forwarded=1
1783349610.073343 publish topic=ipi/detector-output-to-ipi-weak-signal-run-1/latency/av-1/request bytes=387 forwarded=1
1783349610.074157 publish topic=ipi/detector-output-to-ipi-weak-signal-run-1/latency/av-1/ack bytes=181 forwarded=1
1783349610.293593 publish topic=ipi/detector-output-to-ipi-weak-signal-run-1/latency/av-1/request bytes=387 forwarded=1
1783349610.294336 publish topic=ipi/detector-output-to-ipi-weak-signal-run-1/latency/av-1/ack bytes=181 forwarded=1
1783349610.513553 publish topic=ipi/detector-output-to-ipi-weak-signal-run-1/latency/av-1/request bytes=387 forwarded=1
1783349610.514286 publish topic=ipi/detector-output-to-ipi-weak-signal-run-1/latency/av-1/ack bytes=181 forwarded=1
1783349610.754080 publish topic=ipi/detector-output-to-ipi-weak-signal-run-1/latency/av-1/request bytes=387 forwarded=1
1783349610.754885 publish topic=ipi/detector-output-to-ipi-weak-signal-run-1/latency/av-1/ack bytes=181 forwarded=1
1783349610.994271 publish topic=ipi/detector-output-to-ipi-weak-signal-run-1/latency/av-1/request bytes=387 forwarded=1
1783349610.995053 publish topic=ipi/detector-output-to-ipi-weak-signal-run-1/latency/av-1/ack bytes=181 forwarded=1
1783349611.234475 publish topic=ipi/detector-output-to-ipi-weak-signal-run-1/latency/av-1/request bytes=387 forwarded=1
1783349611.235264 publish topic=ipi/detector-output-to-ipi-weak-signal-run-1/latency/av-1/ack bytes=181 forwarded=1
1783349611.454879 publish topic=ipi/detector-output-to-ipi-weak-signal-run-1/latency/av-1/request bytes=387 forwarded=1
1783349611.455678 publish topic=ipi/detector-output-to-ipi-weak-signal-run-1/latency/av-1/ack bytes=181 forwarded=1
1783349611.695161 publish topic=ipi/detector-output-to-ipi-weak-signal-run-1/latency/av-1/request bytes=387 forwarded=1
1783349611.695924 publish topic=ipi/detector-output-to-ipi-weak-signal-run-1/latency/av-1/ack bytes=181 forwarded=1
1783349611.935407 publish topic=ipi/detector-output-to-ipi-weak-signal-run-1/latency/av-1/request bytes=387 forwarded=1
1783349611.936205 publish topic=ipi/detector-output-to-ipi-weak-signal-run-1/latency/av-1/ack bytes=181 forwarded=1
1783349612.175904 publish topic=ipi/detector-output-to-ipi-weak-signal-run-1/latency/av-1/request bytes=387 forwarded=1
1783349612.176669 publish topic=ipi/detector-output-to-ipi-weak-signal-run-1/latency/av-1/ack bytes=181 forwarded=1
1783349612.415921 publish topic=ipi/detector-output-to-ipi-weak-signal-run-1/latency/av-1/request bytes=387 forwarded=1
1783349612.416656 publish topic=ipi/detector-output-to-ipi-weak-signal-run-1/latency/av-1/ack bytes=181 forwarded=1
1783349612.646355 publish topic=ipi/detector-output-to-ipi-weak-signal-run-1/latency/av-1/request bytes=387 forwarded=1
1783349612.647139 publish topic=ipi/detector-output-to-ipi-weak-signal-run-1/latency/av-1/ack bytes=181 forwarded=1
1783349612.876847 publish topic=ipi/detector-output-to-ipi-weak-signal-run-1/latency/av-1/request bytes=387 forwarded=1
1783349612.877592 publish topic=ipi/detector-output-to-ipi-weak-signal-run-1/latency/av-1/ack bytes=181 forwarded=1
1783349613.116996 publish topic=ipi/detector-output-to-ipi-weak-signal-run-1/latency/av-1/request bytes=387 forwarded=1
1783349613.117728 publish topic=ipi/detector-output-to-ipi-weak-signal-run-1/latency/av-1/ack bytes=181 forwarded=1
1783349613.347122 publish topic=ipi/detector-output-to-ipi-weak-signal-run-1/latency/av-1/request bytes=387 forwarded=1
1783349613.347866 publish topic=ipi/detector-output-to-ipi-weak-signal-run-1/latency/av-1/ack bytes=181 forwarded=1
1783349613.577619 publish topic=ipi/detector-output-to-ipi-weak-signal-run-1/latency/av-1/request bytes=387 forwarded=1
1783349613.578364 publish topic=ipi/detector-output-to-ipi-weak-signal-run-1/latency/av-1/ack bytes=181 forwarded=1
1783349613.807853 publish topic=ipi/detector-output-to-ipi-weak-signal-run-1/latency/av-1/request bytes=387 forwarded=1
1783349613.808594 publish topic=ipi/detector-output-to-ipi-weak-signal-run-1/latency/av-1/ack bytes=181 forwarded=1
1783349614.028096 publish topic=ipi/detector-output-to-ipi-weak-signal-run-1/latency/av-1/request bytes=388 forwarded=1
1783349614.028856 publish topic=ipi/detector-output-to-ipi-weak-signal-run-1/latency/av-1/ack bytes=181 forwarded=1
1783349614.248278 publish topic=ipi/detector-output-to-ipi-weak-signal-run-1/latency/av-1/request bytes=388 forwarded=1
1783349614.248981 publish topic=ipi/detector-output-to-ipi-weak-signal-run-1/latency/av-1/ack bytes=181 forwarded=1
1783349614.468595 publish topic=ipi/detector-output-to-ipi-weak-signal-run-1/latency/av-1/request bytes=388 forwarded=1
1783349614.469385 publish topic=ipi/detector-output-to-ipi-weak-signal-run-1/latency/av-1/ack bytes=181 forwarded=1
1783349614.688930 publish topic=ipi/detector-output-to-ipi-weak-signal-run-1/latency/av-1/request bytes=388 forwarded=1
1783349614.689668 publish topic=ipi/detector-output-to-ipi-weak-signal-run-1/latency/av-1/ack bytes=181 forwarded=1
1783349614.909101 publish topic=ipi/detector-output-to-ipi-weak-signal-run-1/latency/av-1/request bytes=388 forwarded=1
1783349614.909832 publish topic=ipi/detector-output-to-ipi-weak-signal-run-1/latency/av-1/ack bytes=181 forwarded=1
1783349615.129350 publish topic=ipi/detector-output-to-ipi-weak-signal-run-1/latency/av-1/request bytes=388 forwarded=1
1783349615.130110 publish topic=ipi/detector-output-to-ipi-weak-signal-run-1/latency/av-1/ack bytes=181 forwarded=1
1783349615.349610 publish topic=ipi/detector-output-to-ipi-weak-signal-run-1/latency/av-1/request bytes=388 forwarded=1
1783349615.350348 publish topic=ipi/detector-output-to-ipi-weak-signal-run-1/latency/av-1/ack bytes=181 forwarded=1
1783349615.569735 publish topic=ipi/detector-output-to-ipi-weak-signal-run-1/latency/av-1/request bytes=388 forwarded=1
1783349615.570521 publish topic=ipi/detector-output-to-ipi-weak-signal-run-1/latency/av-1/ack bytes=181 forwarded=1
1783349615.800063 publish topic=ipi/detector-output-to-ipi-weak-signal-run-1/latency/av-1/request bytes=388 forwarded=1
1783349615.800791 publish topic=ipi/detector-output-to-ipi-weak-signal-run-1/latency/av-1/ack bytes=181 forwarded=1
1783349616.040210 publish topic=ipi/detector-output-to-ipi-weak-signal-run-1/latency/av-1/request bytes=388 forwarded=1
1783349616.040967 publish topic=ipi/detector-output-to-ipi-weak-signal-run-1/latency/av-1/ack bytes=181 forwarded=1
1783349616.310906 publish topic=ipi/detector-output-to-ipi-weak-signal-run-1/latency/av-1/request bytes=388 forwarded=1
1783349616.311664 publish topic=ipi/detector-output-to-ipi-weak-signal-run-1/latency/av-1/ack bytes=181 forwarded=1
1783349616.591208 publish topic=ipi/detector-output-to-ipi-weak-signal-run-1/latency/av-1/request bytes=388 forwarded=1
1783349616.591962 publish topic=ipi/detector-output-to-ipi-weak-signal-run-1/latency/av-1/ack bytes=181 forwarded=1
1783349616.871908 publish topic=ipi/detector-output-to-ipi-weak-signal-run-1/latency/av-1/request bytes=388 forwarded=1
1783349616.872667 publish topic=ipi/detector-output-to-ipi-weak-signal-run-1/latency/av-1/ack bytes=181 forwarded=1
1783349617.142296 publish topic=ipi/detector-output-to-ipi-weak-signal-run-1/latency/av-1/request bytes=388 forwarded=1
1783349617.143034 publish topic=ipi/detector-output-to-ipi-weak-signal-run-1/latency/av-1/ack bytes=181 forwarded=1
1783349617.372619 publish topic=ipi/detector-output-to-ipi-weak-signal-run-1/latency/av-1/request bytes=388 forwarded=1
1783349617.373375 publish topic=ipi/detector-output-to-ipi-weak-signal-run-1/latency/av-1/ack bytes=181 forwarded=1
1783349617.633089 publish topic=ipi/detector-output-to-ipi-weak-signal-run-1/latency/av-1/request bytes=388 forwarded=1
1783349617.633836 publish topic=ipi/detector-output-to-ipi-weak-signal-run-1/latency/av-1/ack bytes=181 forwarded=1
1783349617.883417 publish topic=ipi/detector-output-to-ipi-weak-signal-run-1/latency/av-1/request bytes=388 forwarded=1
1783349617.884079 publish topic=ipi/detector-output-to-ipi-weak-signal-run-1/latency/av-1/ack bytes=181 forwarded=1
1783349618.113729 publish topic=ipi/detector-output-to-ipi-weak-signal-run-1/latency/av-1/request bytes=388 forwarded=1
1783349618.114406 publish topic=ipi/detector-output-to-ipi-weak-signal-run-1/latency/av-1/ack bytes=181 forwarded=1
1783349618.353930 publish topic=ipi/detector-output-to-ipi-weak-signal-run-1/latency/av-1/request bytes=388 forwarded=1
1783349618.354651 publish topic=ipi/detector-output-to-ipi-weak-signal-run-1/latency/av-1/ack bytes=181 forwarded=1
1783349618.594158 publish topic=ipi/detector-output-to-ipi-weak-signal-run-1/latency/av-1/request bytes=388 forwarded=1
1783349618.594896 publish topic=ipi/detector-output-to-ipi-weak-signal-run-1/latency/av-1/ack bytes=181 forwarded=1
1783349618.834496 publish topic=ipi/detector-output-to-ipi-weak-signal-run-1/latency/av-1/request bytes=388 forwarded=1
1783349618.835124 publish topic=ipi/detector-output-to-ipi-weak-signal-run-1/latency/av-1/ack bytes=181 forwarded=1
1783349619.074678 publish topic=ipi/detector-output-to-ipi-weak-signal-run-1/latency/av-1/request bytes=388 forwarded=1
1783349619.075381 publish topic=ipi/detector-output-to-ipi-weak-signal-run-1/latency/av-1/ack bytes=181 forwarded=1
1783349619.314905 publish topic=ipi/detector-output-to-ipi-weak-signal-run-1/latency/av-1/request bytes=388 forwarded=1
1783349619.315657 publish topic=ipi/detector-output-to-ipi-weak-signal-run-1/latency/av-1/ack bytes=181 forwarded=1
1783349619.555251 publish topic=ipi/detector-output-to-ipi-weak-signal-run-1/latency/av-1/request bytes=388 forwarded=1
1783349619.555993 publish topic=ipi/detector-output-to-ipi-weak-signal-run-1/latency/av-1/ack bytes=181 forwarded=1
1783349619.795408 publish topic=ipi/detector-output-to-ipi-weak-signal-run-1/latency/av-1/request bytes=388 forwarded=1
1783349619.796153 publish topic=ipi/detector-output-to-ipi-weak-signal-run-1/latency/av-1/ack bytes=181 forwarded=1
1783349620.035711 publish topic=ipi/detector-output-to-ipi-weak-signal-run-1/latency/av-1/request bytes=388 forwarded=1
1783349620.036432 publish topic=ipi/detector-output-to-ipi-weak-signal-run-1/latency/av-1/ack bytes=181 forwarded=1
1783349620.275997 publish topic=ipi/detector-output-to-ipi-weak-signal-run-1/latency/av-1/request bytes=388 forwarded=1
1783349620.276675 publish topic=ipi/detector-output-to-ipi-weak-signal-run-1/latency/av-1/ack bytes=181 forwarded=1
1783349620.516293 publish topic=ipi/detector-output-to-ipi-weak-signal-run-1/latency/av-1/request bytes=388 forwarded=1
1783349620.516964 publish topic=ipi/detector-output-to-ipi-weak-signal-run-1/latency/av-1/ack bytes=181 forwarded=1
1783349620.756740 publish topic=ipi/detector-output-to-ipi-weak-signal-run-1/latency/av-1/request bytes=388 forwarded=1
1783349620.757434 publish topic=ipi/detector-output-to-ipi-weak-signal-run-1/latency/av-1/ack bytes=181 forwarded=1
1783349620.996835 publish topic=ipi/detector-output-to-ipi-weak-signal-run-1/latency/av-1/request bytes=388 forwarded=1
1783349620.997534 publish topic=ipi/detector-output-to-ipi-weak-signal-run-1/latency/av-1/ack bytes=181 forwarded=1
1783349621.226988 publish topic=ipi/detector-output-to-ipi-weak-signal-run-1/latency/av-1/request bytes=388 forwarded=1
1783349621.227727 publish topic=ipi/detector-output-to-ipi-weak-signal-run-1/latency/av-1/ack bytes=181 forwarded=1
1783349621.457390 publish topic=ipi/detector-output-to-ipi-weak-signal-run-1/latency/av-1/request bytes=388 forwarded=1
1783349621.458098 publish topic=ipi/detector-output-to-ipi-weak-signal-run-1/latency/av-1/ack bytes=181 forwarded=1
1783349621.687481 publish topic=ipi/detector-output-to-ipi-weak-signal-run-1/latency/av-1/request bytes=388 forwarded=1
1783349621.688179 publish topic=ipi/detector-output-to-ipi-weak-signal-run-1/latency/av-1/ack bytes=181 forwarded=1
1783349621.907847 publish topic=ipi/detector-output-to-ipi-weak-signal-run-1/latency/av-1/request bytes=388 forwarded=1
1783349621.908541 publish topic=ipi/detector-output-to-ipi-weak-signal-run-1/latency/av-1/ack bytes=181 forwarded=1
1783349622.128137 publish topic=ipi/detector-output-to-ipi-weak-signal-run-1/latency/av-1/request bytes=388 forwarded=1
1783349622.128839 publish topic=ipi/detector-output-to-ipi-weak-signal-run-1/latency/av-1/ack bytes=181 forwarded=1
1783349622.348394 publish topic=ipi/detector-output-to-ipi-weak-signal-run-1/latency/av-1/request bytes=388 forwarded=1
1783349622.349100 publish topic=ipi/detector-output-to-ipi-weak-signal-run-1/latency/av-1/ack bytes=181 forwarded=1
1783349622.568475 publish topic=ipi/detector-output-to-ipi-weak-signal-run-1/latency/av-1/request bytes=388 forwarded=1
1783349622.569146 publish topic=ipi/detector-output-to-ipi-weak-signal-run-1/latency/av-1/ack bytes=181 forwarded=1
1783349622.788794 publish topic=ipi/detector-output-to-ipi-weak-signal-run-1/latency/av-1/request bytes=388 forwarded=1
1783349622.789464 publish topic=ipi/detector-output-to-ipi-weak-signal-run-1/latency/av-1/ack bytes=181 forwarded=1
1783349623.008972 publish topic=ipi/detector-output-to-ipi-weak-signal-run-1/latency/av-1/request bytes=388 forwarded=1
1783349623.009654 publish topic=ipi/detector-output-to-ipi-weak-signal-run-1/latency/av-1/ack bytes=181 forwarded=1
1783349623.239184 publish topic=ipi/detector-output-to-ipi-weak-signal-run-1/latency/av-1/request bytes=388 forwarded=1
1783349623.239893 publish topic=ipi/detector-output-to-ipi-weak-signal-run-1/latency/av-1/ack bytes=181 forwarded=1
1783349623.469486 publish topic=ipi/detector-output-to-ipi-weak-signal-run-1/latency/av-1/request bytes=388 forwarded=1
1783349623.470189 publish topic=ipi/detector-output-to-ipi-weak-signal-run-1/latency/av-1/ack bytes=181 forwarded=1
1783349623.689756 publish topic=ipi/detector-output-to-ipi-weak-signal-run-1/latency/av-1/request bytes=388 forwarded=1
1783349623.690525 publish topic=ipi/detector-output-to-ipi-weak-signal-run-1/latency/av-1/ack bytes=181 forwarded=1
1783349623.910146 publish topic=ipi/detector-output-to-ipi-weak-signal-run-1/latency/av-1/request bytes=388 forwarded=1
1783349623.910871 publish topic=ipi/detector-output-to-ipi-weak-signal-run-1/latency/av-1/ack bytes=181 forwarded=1
1783349624.130204 publish topic=ipi/detector-output-to-ipi-weak-signal-run-1/latency/av-1/request bytes=388 forwarded=1
1783349624.130947 publish topic=ipi/detector-output-to-ipi-weak-signal-run-1/latency/av-1/ack bytes=181 forwarded=1
1783349624.350528 publish topic=ipi/detector-output-to-ipi-weak-signal-run-1/latency/av-1/request bytes=388 forwarded=1
1783349624.351235 publish topic=ipi/detector-output-to-ipi-weak-signal-run-1/latency/av-1/ack bytes=181 forwarded=1
1783349624.570753 publish topic=ipi/detector-output-to-ipi-weak-signal-run-1/latency/av-1/request bytes=388 forwarded=1
1783349624.571450 publish topic=ipi/detector-output-to-ipi-weak-signal-run-1/latency/av-1/ack bytes=181 forwarded=1
1783349624.790870 publish topic=ipi/detector-output-to-ipi-weak-signal-run-1/latency/av-1/request bytes=388 forwarded=1
1783349624.791577 publish topic=ipi/detector-output-to-ipi-weak-signal-run-1/latency/av-1/ack bytes=181 forwarded=1
1783349625.011080 publish topic=ipi/detector-output-to-ipi-weak-signal-run-1/latency/av-1/request bytes=388 forwarded=1
1783349625.011778 publish topic=ipi/detector-output-to-ipi-weak-signal-run-1/latency/av-1/ack bytes=181 forwarded=1
1783349625.231456 publish topic=ipi/detector-output-to-ipi-weak-signal-run-1/latency/av-1/request bytes=388 forwarded=1
1783349625.232122 publish topic=ipi/detector-output-to-ipi-weak-signal-run-1/latency/av-1/ack bytes=181 forwarded=1
1783349625.451771 publish topic=ipi/detector-output-to-ipi-weak-signal-run-1/latency/av-1/request bytes=388 forwarded=1
1783349625.452458 publish topic=ipi/detector-output-to-ipi-weak-signal-run-1/latency/av-1/ack bytes=181 forwarded=1
1783349625.671805 publish topic=ipi/detector-output-to-ipi-weak-signal-run-1/latency/av-1/request bytes=388 forwarded=1
1783349625.672446 publish topic=ipi/detector-output-to-ipi-weak-signal-run-1/latency/av-1/ack bytes=181 forwarded=1
1783349625.902154 publish topic=ipi/detector-output-to-ipi-weak-signal-run-1/latency/av-1/request bytes=388 forwarded=1
1783349625.903003 publish topic=ipi/detector-output-to-ipi-weak-signal-run-1/latency/av-1/ack bytes=181 forwarded=1
1783349626.132452 publish topic=ipi/detector-output-to-ipi-weak-signal-run-1/latency/av-1/request bytes=388 forwarded=1
1783349626.133193 publish topic=ipi/detector-output-to-ipi-weak-signal-run-1/latency/av-1/ack bytes=181 forwarded=1
1783349626.352688 publish topic=ipi/detector-output-to-ipi-weak-signal-run-1/latency/av-1/request bytes=388 forwarded=1
1783349626.353415 publish topic=ipi/detector-output-to-ipi-weak-signal-run-1/latency/av-1/ack bytes=181 forwarded=1
1783349626.582850 publish topic=ipi/detector-output-to-ipi-weak-signal-run-1/latency/av-1/request bytes=388 forwarded=1
1783349626.583650 publish topic=ipi/detector-output-to-ipi-weak-signal-run-1/latency/av-1/ack bytes=181 forwarded=1
1783349626.803066 publish topic=ipi/detector-output-to-ipi-weak-signal-run-1/latency/av-1/request bytes=388 forwarded=1
1783349626.803769 publish topic=ipi/detector-output-to-ipi-weak-signal-run-1/latency/av-1/ack bytes=181 forwarded=1
1783349627.033418 publish topic=ipi/detector-output-to-ipi-weak-signal-run-1/latency/av-1/request bytes=388 forwarded=1
1783349627.034149 publish topic=ipi/detector-output-to-ipi-weak-signal-run-1/latency/av-1/ack bytes=181 forwarded=1
1783349627.273713 publish topic=ipi/detector-output-to-ipi-weak-signal-run-1/latency/av-1/request bytes=388 forwarded=1
1783349627.274493 publish topic=ipi/detector-output-to-ipi-weak-signal-run-1/latency/av-1/ack bytes=181 forwarded=1
1783349627.513863 publish topic=ipi/detector-output-to-ipi-weak-signal-run-1/latency/av-1/request bytes=388 forwarded=1
1783349627.514635 publish topic=ipi/detector-output-to-ipi-weak-signal-run-1/latency/av-1/ack bytes=181 forwarded=1
1783349627.754139 publish topic=ipi/detector-output-to-ipi-weak-signal-run-1/latency/av-1/request bytes=388 forwarded=1
1783349627.754924 publish topic=ipi/detector-output-to-ipi-weak-signal-run-1/latency/av-1/ack bytes=181 forwarded=1
1783349627.994539 publish topic=ipi/detector-output-to-ipi-weak-signal-run-1/latency/av-1/request bytes=388 forwarded=1
1783349627.995272 publish topic=ipi/detector-output-to-ipi-weak-signal-run-1/latency/av-1/ack bytes=181 forwarded=1
1783349628.234735 publish topic=ipi/detector-output-to-ipi-weak-signal-run-1/latency/av-1/request bytes=388 forwarded=1
1783349628.235472 publish topic=ipi/detector-output-to-ipi-weak-signal-run-1/latency/av-1/ack bytes=181 forwarded=1
1783349628.465026 publish topic=ipi/detector-output-to-ipi-weak-signal-run-1/latency/av-1/request bytes=388 forwarded=1
1783349628.465758 publish topic=ipi/detector-output-to-ipi-weak-signal-run-1/latency/av-1/ack bytes=181 forwarded=1
1783349628.695161 publish topic=ipi/detector-output-to-ipi-weak-signal-run-1/latency/av-1/request bytes=388 forwarded=1
1783349628.695883 publish topic=ipi/detector-output-to-ipi-weak-signal-run-1/latency/av-1/ack bytes=181 forwarded=1
1783349628.935532 publish topic=ipi/detector-output-to-ipi-weak-signal-run-1/latency/av-1/request bytes=388 forwarded=1
1783349628.936304 publish topic=ipi/detector-output-to-ipi-weak-signal-run-1/latency/av-1/ack bytes=181 forwarded=1
1783349629.175861 publish topic=ipi/detector-output-to-ipi-weak-signal-run-1/latency/av-1/request bytes=388 forwarded=1
1783349629.176617 publish topic=ipi/detector-output-to-ipi-weak-signal-run-1/latency/av-1/ack bytes=181 forwarded=1
1783349629.416062 publish topic=ipi/detector-output-to-ipi-weak-signal-run-1/latency/av-1/request bytes=388 forwarded=1
1783349629.416832 publish topic=ipi/detector-output-to-ipi-weak-signal-run-1/latency/av-1/ack bytes=181 forwarded=1
1783349629.656321 publish topic=ipi/detector-output-to-ipi-weak-signal-run-1/latency/av-1/request bytes=388 forwarded=1
1783349629.657021 publish topic=ipi/detector-output-to-ipi-weak-signal-run-1/latency/av-1/ack bytes=181 forwarded=1
1783349629.896727 publish topic=ipi/detector-output-to-ipi-weak-signal-run-1/latency/av-1/request bytes=388 forwarded=1
1783349629.897478 publish topic=ipi/detector-output-to-ipi-weak-signal-run-1/latency/av-1/ack bytes=181 forwarded=1
1783349630.126878 publish topic=ipi/detector-output-to-ipi-weak-signal-run-1/latency/av-1/request bytes=388 forwarded=1
1783349630.127685 publish topic=ipi/detector-output-to-ipi-weak-signal-run-1/latency/av-1/ack bytes=181 forwarded=1
1783349630.357119 publish topic=ipi/detector-output-to-ipi-weak-signal-run-1/latency/av-1/request bytes=388 forwarded=1
1783349630.357871 publish topic=ipi/detector-output-to-ipi-weak-signal-run-1/latency/av-1/ack bytes=181 forwarded=1
1783349630.587475 publish topic=ipi/detector-output-to-ipi-weak-signal-run-1/latency/av-1/request bytes=388 forwarded=1
1783349630.588203 publish topic=ipi/detector-output-to-ipi-weak-signal-run-1/latency/av-1/ack bytes=181 forwarded=1
1783349630.807513 publish topic=ipi/detector-output-to-ipi-weak-signal-run-1/latency/av-1/request bytes=388 forwarded=1
1783349630.808224 publish topic=ipi/detector-output-to-ipi-weak-signal-run-1/latency/av-1/ack bytes=181 forwarded=1
1783349631.037970 publish topic=ipi/detector-output-to-ipi-weak-signal-run-1/latency/av-1/request bytes=388 forwarded=1
1783349631.038724 publish topic=ipi/detector-output-to-ipi-weak-signal-run-1/latency/av-1/ack bytes=181 forwarded=1
1783349631.328429 publish topic=ipi/detector-output-to-ipi-weak-signal-run-1/latency/av-1/request bytes=388 forwarded=1
1783349631.329246 publish topic=ipi/detector-output-to-ipi-weak-signal-run-1/latency/av-1/ack bytes=181 forwarded=1
1783349631.588964 publish topic=ipi/detector-output-to-ipi-weak-signal-run-1/latency/av-1/request bytes=388 forwarded=1
1783349631.589719 publish topic=ipi/detector-output-to-ipi-weak-signal-run-1/latency/av-1/ack bytes=181 forwarded=1
1783349631.849339 publish topic=ipi/detector-output-to-ipi-weak-signal-run-1/latency/av-1/request bytes=388 forwarded=1
1783349631.850136 publish topic=ipi/detector-output-to-ipi-weak-signal-run-1/latency/av-1/ack bytes=181 forwarded=1
1783349632.089612 publish topic=ipi/detector-output-to-ipi-weak-signal-run-1/latency/av-1/request bytes=388 forwarded=1
1783349632.090309 publish topic=ipi/detector-output-to-ipi-weak-signal-run-1/latency/av-1/ack bytes=181 forwarded=1
1783349632.350243 publish topic=ipi/detector-output-to-ipi-weak-signal-run-1/latency/av-1/request bytes=388 forwarded=1
1783349632.350916 publish topic=ipi/detector-output-to-ipi-weak-signal-run-1/latency/av-1/ack bytes=181 forwarded=1
1783349632.650882 publish topic=ipi/detector-output-to-ipi-weak-signal-run-1/latency/av-1/request bytes=388 forwarded=1
1783349632.651577 publish topic=ipi/detector-output-to-ipi-weak-signal-run-1/latency/av-1/ack bytes=181 forwarded=1
1783349632.911168 publish topic=ipi/detector-output-to-ipi-weak-signal-run-1/latency/av-1/request bytes=388 forwarded=1
1783349632.911855 publish topic=ipi/detector-output-to-ipi-weak-signal-run-1/latency/av-1/ack bytes=181 forwarded=1
1783349633.131579 publish topic=ipi/detector-output-to-ipi-weak-signal-run-1/latency/av-1/request bytes=388 forwarded=1
1783349633.132274 publish topic=ipi/detector-output-to-ipi-weak-signal-run-1/latency/av-1/ack bytes=181 forwarded=1
1783349633.352001 publish topic=ipi/detector-output-to-ipi-weak-signal-run-1/latency/av-1/request bytes=388 forwarded=1
1783349633.352721 publish topic=ipi/detector-output-to-ipi-weak-signal-run-1/latency/av-1/ack bytes=181 forwarded=1
1783349633.572383 publish topic=ipi/detector-output-to-ipi-weak-signal-run-1/latency/av-1/request bytes=388 forwarded=1
1783349633.573081 publish topic=ipi/detector-output-to-ipi-weak-signal-run-1/latency/av-1/ack bytes=181 forwarded=1
1783349633.802532 publish topic=ipi/detector-output-to-ipi-weak-signal-run-1/latency/av-1/request bytes=388 forwarded=1
1783349633.803429 publish topic=ipi/detector-output-to-ipi-weak-signal-run-1/latency/av-1/ack bytes=181 forwarded=1
1783349634.022841 publish topic=ipi/detector-output-to-ipi-weak-signal-run-1/latency/av-1/request bytes=388 forwarded=1
1783349634.023548 publish topic=ipi/detector-output-to-ipi-weak-signal-run-1/latency/av-1/ack bytes=181 forwarded=1
1783349634.252754 publish topic=ipi/detector-output-to-ipi-weak-signal-run-1/latency/av-1/request bytes=388 forwarded=1
1783349634.253433 publish topic=ipi/detector-output-to-ipi-weak-signal-run-1/latency/av-1/ack bytes=181 forwarded=1
1783349634.473260 publish topic=ipi/detector-output-to-ipi-weak-signal-run-1/latency/av-1/request bytes=388 forwarded=1
1783349634.473967 publish topic=ipi/detector-output-to-ipi-weak-signal-run-1/latency/av-1/ack bytes=181 forwarded=1
1783349634.693526 publish topic=ipi/detector-output-to-ipi-weak-signal-run-1/latency/av-1/request bytes=388 forwarded=1
1783349634.694202 publish topic=ipi/detector-output-to-ipi-weak-signal-run-1/latency/av-1/ack bytes=181 forwarded=1
1783349634.913881 publish topic=ipi/detector-output-to-ipi-weak-signal-run-1/latency/av-1/request bytes=388 forwarded=1
1783349634.914609 publish topic=ipi/detector-output-to-ipi-weak-signal-run-1/latency/av-1/ack bytes=181 forwarded=1
1783349635.154114 publish topic=ipi/detector-output-to-ipi-weak-signal-run-1/latency/av-1/request bytes=388 forwarded=1
1783349635.154883 publish topic=ipi/detector-output-to-ipi-weak-signal-run-1/latency/av-1/ack bytes=181 forwarded=1
1783349635.394274 publish topic=ipi/detector-output-to-ipi-weak-signal-run-1/latency/av-1/request bytes=388 forwarded=1
1783349635.394972 publish topic=ipi/detector-output-to-ipi-weak-signal-run-1/latency/av-1/ack bytes=181 forwarded=1
1783349635.634576 publish topic=ipi/detector-output-to-ipi-weak-signal-run-1/latency/av-1/request bytes=388 forwarded=1
1783349635.635288 publish topic=ipi/detector-output-to-ipi-weak-signal-run-1/latency/av-1/ack bytes=181 forwarded=1
1783349635.864875 publish topic=ipi/detector-output-to-ipi-weak-signal-run-1/latency/av-1/request bytes=388 forwarded=1
1783349635.865578 publish topic=ipi/detector-output-to-ipi-weak-signal-run-1/latency/av-1/ack bytes=181 forwarded=1
1783349636.094951 publish topic=ipi/detector-output-to-ipi-weak-signal-run-1/latency/av-1/request bytes=388 forwarded=1
1783349636.095654 publish topic=ipi/detector-output-to-ipi-weak-signal-run-1/latency/av-1/ack bytes=181 forwarded=1
1783349636.335308 publish topic=ipi/detector-output-to-ipi-weak-signal-run-1/latency/av-1/request bytes=388 forwarded=1
1783349636.336035 publish topic=ipi/detector-output-to-ipi-weak-signal-run-1/latency/av-1/ack bytes=181 forwarded=1
1783349636.565657 publish topic=ipi/detector-output-to-ipi-weak-signal-run-1/latency/av-1/request bytes=388 forwarded=1
1783349636.566378 publish topic=ipi/detector-output-to-ipi-weak-signal-run-1/latency/av-1/ack bytes=181 forwarded=1
1783349636.795954 publish topic=ipi/detector-output-to-ipi-weak-signal-run-1/latency/av-1/request bytes=388 forwarded=1
1783349636.796661 publish topic=ipi/detector-output-to-ipi-weak-signal-run-1/latency/av-1/ack bytes=181 forwarded=1
1783349637.026194 publish topic=ipi/detector-output-to-ipi-weak-signal-run-1/latency/av-1/request bytes=388 forwarded=1
1783349637.026944 publish topic=ipi/detector-output-to-ipi-weak-signal-run-1/latency/av-1/ack bytes=181 forwarded=1
1783349637.266525 publish topic=ipi/detector-output-to-ipi-weak-signal-run-1/latency/av-1/request bytes=388 forwarded=1
1783349637.267252 publish topic=ipi/detector-output-to-ipi-weak-signal-run-1/latency/av-1/ack bytes=181 forwarded=1
1783349637.496716 publish topic=ipi/detector-output-to-ipi-weak-signal-run-1/latency/av-1/request bytes=388 forwarded=1
1783349637.497450 publish topic=ipi/detector-output-to-ipi-weak-signal-run-1/latency/av-1/ack bytes=181 forwarded=1
1783349637.727045 publish topic=ipi/detector-output-to-ipi-weak-signal-run-1/latency/av-1/request bytes=388 forwarded=1
1783349637.727761 publish topic=ipi/detector-output-to-ipi-weak-signal-run-1/latency/av-1/ack bytes=181 forwarded=1
1783349637.957143 publish topic=ipi/detector-output-to-ipi-weak-signal-run-1/latency/av-1/request bytes=388 forwarded=1
1783349637.957806 publish topic=ipi/detector-output-to-ipi-weak-signal-run-1/latency/av-1/ack bytes=181 forwarded=1
1783349638.177660 publish topic=ipi/detector-output-to-ipi-weak-signal-run-1/latency/av-1/request bytes=388 forwarded=1
1783349638.178378 publish topic=ipi/detector-output-to-ipi-weak-signal-run-1/latency/av-1/ack bytes=181 forwarded=1
1783349638.407751 publish topic=ipi/detector-output-to-ipi-weak-signal-run-1/latency/av-1/request bytes=388 forwarded=1
1783349638.408477 publish topic=ipi/detector-output-to-ipi-weak-signal-run-1/latency/av-1/ack bytes=181 forwarded=1
1783349638.628151 publish topic=ipi/detector-output-to-ipi-weak-signal-run-1/latency/av-1/request bytes=388 forwarded=1
1783349638.628865 publish topic=ipi/detector-output-to-ipi-weak-signal-run-1/latency/av-1/ack bytes=181 forwarded=1
1783349638.848169 publish topic=ipi/detector-output-to-ipi-weak-signal-run-1/latency/av-1/request bytes=388 forwarded=1
1783349638.848818 publish topic=ipi/detector-output-to-ipi-weak-signal-run-1/latency/av-1/ack bytes=181 forwarded=1
1783349639.078624 publish topic=ipi/detector-output-to-ipi-weak-signal-run-1/latency/av-1/request bytes=388 forwarded=1
1783349639.079332 publish topic=ipi/detector-output-to-ipi-weak-signal-run-1/latency/av-1/ack bytes=181 forwarded=1
1783349639.308837 publish topic=ipi/detector-output-to-ipi-weak-signal-run-1/latency/av-1/request bytes=388 forwarded=1
1783349639.309570 publish topic=ipi/detector-output-to-ipi-weak-signal-run-1/latency/av-1/ack bytes=181 forwarded=1
1783349639.528959 publish topic=ipi/detector-output-to-ipi-weak-signal-run-1/latency/av-1/request bytes=388 forwarded=1
1783349639.529721 publish topic=ipi/detector-output-to-ipi-weak-signal-run-1/latency/av-1/ack bytes=181 forwarded=1
1783349639.759399 publish topic=ipi/detector-output-to-ipi-weak-signal-run-1/latency/av-1/request bytes=388 forwarded=1
1783349639.760079 publish topic=ipi/detector-output-to-ipi-weak-signal-run-1/latency/av-1/ack bytes=181 forwarded=1
1783349639.979518 publish topic=ipi/detector-output-to-ipi-weak-signal-run-1/latency/av-1/request bytes=388 forwarded=1
1783349639.980232 publish topic=ipi/detector-output-to-ipi-weak-signal-run-1/latency/av-1/ack bytes=181 forwarded=1
1783349640.199656 publish topic=ipi/detector-output-to-ipi-weak-signal-run-1/latency/av-1/request bytes=388 forwarded=1
1783349640.200357 publish topic=ipi/detector-output-to-ipi-weak-signal-run-1/latency/av-1/ack bytes=181 forwarded=1
1783349640.419940 publish topic=ipi/detector-output-to-ipi-weak-signal-run-1/latency/av-1/request bytes=388 forwarded=1
1783349640.420638 publish topic=ipi/detector-output-to-ipi-weak-signal-run-1/latency/av-1/ack bytes=181 forwarded=1
1783349640.650172 publish topic=ipi/detector-output-to-ipi-weak-signal-run-1/latency/av-1/request bytes=388 forwarded=1
1783349640.650920 publish topic=ipi/detector-output-to-ipi-weak-signal-run-1/latency/av-1/ack bytes=181 forwarded=1
1783349640.880646 publish topic=ipi/detector-output-to-ipi-weak-signal-run-1/latency/av-1/request bytes=388 forwarded=1
1783349640.881346 publish topic=ipi/detector-output-to-ipi-weak-signal-run-1/latency/av-1/ack bytes=181 forwarded=1
1783349641.110906 publish topic=ipi/detector-output-to-ipi-weak-signal-run-1/latency/av-1/request bytes=388 forwarded=1
1783349641.111633 publish topic=ipi/detector-output-to-ipi-weak-signal-run-1/latency/av-1/ack bytes=181 forwarded=1
1783349641.330966 publish topic=ipi/detector-output-to-ipi-weak-signal-run-1/latency/av-1/request bytes=388 forwarded=1
1783349641.331673 publish topic=ipi/detector-output-to-ipi-weak-signal-run-1/latency/av-1/ack bytes=181 forwarded=1
1783349641.551139 publish topic=ipi/detector-output-to-ipi-weak-signal-run-1/latency/av-1/request bytes=388 forwarded=1
1783349641.551841 publish topic=ipi/detector-output-to-ipi-weak-signal-run-1/latency/av-1/ack bytes=181 forwarded=1
1783349641.771366 publish topic=ipi/detector-output-to-ipi-weak-signal-run-1/latency/av-1/request bytes=388 forwarded=1
1783349641.772051 publish topic=ipi/detector-output-to-ipi-weak-signal-run-1/latency/av-1/ack bytes=181 forwarded=1
1783349641.991962 publish topic=ipi/detector-output-to-ipi-weak-signal-run-1/latency/av-1/request bytes=388 forwarded=1
1783349641.992689 publish topic=ipi/detector-output-to-ipi-weak-signal-run-1/latency/av-1/ack bytes=181 forwarded=1
1783349642.212164 publish topic=ipi/detector-output-to-ipi-weak-signal-run-1/latency/av-1/request bytes=388 forwarded=1
1783349642.212883 publish topic=ipi/detector-output-to-ipi-weak-signal-run-1/latency/av-1/ack bytes=181 forwarded=1
1783349642.432435 publish topic=ipi/detector-output-to-ipi-weak-signal-run-1/latency/av-1/request bytes=388 forwarded=1
1783349642.433201 publish topic=ipi/detector-output-to-ipi-weak-signal-run-1/latency/av-1/ack bytes=181 forwarded=1
1783349642.652688 publish topic=ipi/detector-output-to-ipi-weak-signal-run-1/latency/av-1/request bytes=388 forwarded=1
1783349642.653503 publish topic=ipi/detector-output-to-ipi-weak-signal-run-1/latency/av-1/ack bytes=181 forwarded=1
1783349642.882910 publish topic=ipi/detector-output-to-ipi-weak-signal-run-1/latency/av-1/request bytes=388 forwarded=1
1783349642.883579 publish topic=ipi/detector-output-to-ipi-weak-signal-run-1/latency/av-1/ack bytes=181 forwarded=1
1783349643.113290 publish topic=ipi/detector-output-to-ipi-weak-signal-run-1/latency/av-1/request bytes=388 forwarded=1
1783349643.113950 publish topic=ipi/detector-output-to-ipi-weak-signal-run-1/latency/av-1/ack bytes=181 forwarded=1
1783349643.333314 publish topic=ipi/detector-output-to-ipi-weak-signal-run-1/latency/av-1/request bytes=388 forwarded=1
1783349643.333981 publish topic=ipi/detector-output-to-ipi-weak-signal-run-1/latency/av-1/ack bytes=181 forwarded=1
1783349643.553578 publish topic=ipi/detector-output-to-ipi-weak-signal-run-1/latency/av-1/request bytes=388 forwarded=1
1783349643.554289 publish topic=ipi/detector-output-to-ipi-weak-signal-run-1/latency/av-1/ack bytes=181 forwarded=1
1783349643.793959 publish topic=ipi/detector-output-to-ipi-weak-signal-run-1/latency/av-1/request bytes=388 forwarded=1
1783349643.794689 publish topic=ipi/detector-output-to-ipi-weak-signal-run-1/latency/av-1/ack bytes=181 forwarded=1
1783349644.034190 publish topic=ipi/detector-output-to-ipi-weak-signal-run-1/latency/av-1/request bytes=388 forwarded=1
1783349644.034933 publish topic=ipi/detector-output-to-ipi-weak-signal-run-1/latency/av-1/ack bytes=181 forwarded=1
1783349644.274481 publish topic=ipi/detector-output-to-ipi-weak-signal-run-1/latency/av-1/request bytes=388 forwarded=1
1783349644.275191 publish topic=ipi/detector-output-to-ipi-weak-signal-run-1/latency/av-1/ack bytes=181 forwarded=1
1783349644.514868 publish topic=ipi/detector-output-to-ipi-weak-signal-run-1/latency/av-1/request bytes=388 forwarded=1
1783349644.515571 publish topic=ipi/detector-output-to-ipi-weak-signal-run-1/latency/av-1/ack bytes=181 forwarded=1
1783349644.745058 publish topic=ipi/detector-output-to-ipi-weak-signal-run-1/latency/av-1/request bytes=388 forwarded=1
1783349644.745843 publish topic=ipi/detector-output-to-ipi-weak-signal-run-1/latency/av-1/ack bytes=181 forwarded=1
1783349644.975435 publish topic=ipi/detector-output-to-ipi-weak-signal-run-1/latency/av-1/request bytes=388 forwarded=1
1783349644.976151 publish topic=ipi/detector-output-to-ipi-weak-signal-run-1/latency/av-1/ack bytes=181 forwarded=1
1783349645.215742 publish topic=ipi/detector-output-to-ipi-weak-signal-run-1/latency/av-1/request bytes=388 forwarded=1
1783349645.216439 publish topic=ipi/detector-output-to-ipi-weak-signal-run-1/latency/av-1/ack bytes=181 forwarded=1
1783349645.435880 publish topic=ipi/detector-output-to-ipi-weak-signal-run-1/latency/av-1/request bytes=388 forwarded=1
1783349645.436558 publish topic=ipi/detector-output-to-ipi-weak-signal-run-1/latency/av-1/ack bytes=181 forwarded=1
1783349645.676323 publish topic=ipi/detector-output-to-ipi-weak-signal-run-1/latency/av-1/request bytes=388 forwarded=1
1783349645.677017 publish topic=ipi/detector-output-to-ipi-weak-signal-run-1/latency/av-1/ack bytes=181 forwarded=1
1783349645.916453 publish topic=ipi/detector-output-to-ipi-weak-signal-run-1/latency/av-1/request bytes=388 forwarded=1
1783349645.917153 publish topic=ipi/detector-output-to-ipi-weak-signal-run-1/latency/av-1/ack bytes=181 forwarded=1
1783349646.156767 publish topic=ipi/detector-output-to-ipi-weak-signal-run-1/latency/av-1/request bytes=388 forwarded=1
1783349646.157470 publish topic=ipi/detector-output-to-ipi-weak-signal-run-1/latency/av-1/ack bytes=181 forwarded=1
1783349646.387173 publish topic=ipi/detector-output-to-ipi-weak-signal-run-1/latency/av-1/request bytes=388 forwarded=1
1783349646.387826 publish topic=ipi/detector-output-to-ipi-weak-signal-run-1/latency/av-1/ack bytes=181 forwarded=1
1783349646.657516 publish topic=ipi/detector-output-to-ipi-weak-signal-run-1/latency/av-1/request bytes=388 forwarded=1
1783349646.658180 publish topic=ipi/detector-output-to-ipi-weak-signal-run-1/latency/av-1/ack bytes=181 forwarded=1
1783349646.908209 publish topic=ipi/detector-output-to-ipi-weak-signal-run-1/latency/av-1/request bytes=388 forwarded=1
1783349646.908910 publish topic=ipi/detector-output-to-ipi-weak-signal-run-1/latency/av-1/ack bytes=181 forwarded=1
1783349647.168598 publish topic=ipi/detector-output-to-ipi-weak-signal-run-1/latency/av-1/request bytes=388 forwarded=1
1783349647.169350 publish topic=ipi/detector-output-to-ipi-weak-signal-run-1/latency/av-1/ack bytes=181 forwarded=1
1783349647.418756 publish topic=ipi/detector-output-to-ipi-weak-signal-run-1/latency/av-1/request bytes=388 forwarded=1
1783349647.419455 publish topic=ipi/detector-output-to-ipi-weak-signal-run-1/latency/av-1/ack bytes=181 forwarded=1
1783349647.729283 publish topic=ipi/detector-output-to-ipi-weak-signal-run-1/latency/av-1/request bytes=388 forwarded=1
1783349647.729988 publish topic=ipi/detector-output-to-ipi-weak-signal-run-1/latency/av-1/ack bytes=181 forwarded=1
1783349648.019807 publish topic=ipi/detector-output-to-ipi-weak-signal-run-1/latency/av-1/request bytes=388 forwarded=1
1783349648.020491 publish topic=ipi/detector-output-to-ipi-weak-signal-run-1/latency/av-1/ack bytes=181 forwarded=1
1783349648.240160 publish topic=ipi/detector-output-to-ipi-weak-signal-run-1/latency/av-1/request bytes=388 forwarded=1
1783349648.240842 publish topic=ipi/detector-output-to-ipi-weak-signal-run-1/latency/av-1/ack bytes=181 forwarded=1
1783349648.470432 publish topic=ipi/detector-output-to-ipi-weak-signal-run-1/latency/av-1/request bytes=388 forwarded=1
1783349648.471191 publish topic=ipi/detector-output-to-ipi-weak-signal-run-1/latency/av-1/ack bytes=181 forwarded=1
1783349648.700700 publish topic=ipi/detector-output-to-ipi-weak-signal-run-1/latency/av-1/request bytes=388 forwarded=1
1783349648.701411 publish topic=ipi/detector-output-to-ipi-weak-signal-run-1/latency/av-1/ack bytes=181 forwarded=1
1783349648.930848 publish topic=ipi/detector-output-to-ipi-weak-signal-run-1/latency/av-1/request bytes=388 forwarded=1
1783349648.931545 publish topic=ipi/detector-output-to-ipi-weak-signal-run-1/latency/av-1/ack bytes=181 forwarded=1
1783349649.150958 publish topic=ipi/detector-output-to-ipi-weak-signal-run-1/latency/av-1/request bytes=388 forwarded=1
1783349649.151308 publish topic=ipi/detector-output-to-ipi-weak-signal-run-1/latency/av-1/ack bytes=181 forwarded=1
1783349649.381273 publish topic=ipi/detector-output-to-ipi-weak-signal-run-1/latency/av-1/request bytes=388 forwarded=1
1783349649.381955 publish topic=ipi/detector-output-to-ipi-weak-signal-run-1/latency/av-1/ack bytes=181 forwarded=1
1783349649.611415 publish topic=ipi/detector-output-to-ipi-weak-signal-run-1/latency/av-1/request bytes=388 forwarded=1
1783349649.612098 publish topic=ipi/detector-output-to-ipi-weak-signal-run-1/latency/av-1/ack bytes=181 forwarded=1
1783349649.831697 publish topic=ipi/detector-output-to-ipi-weak-signal-run-1/latency/av-1/request bytes=388 forwarded=1
1783349649.832423 publish topic=ipi/detector-output-to-ipi-weak-signal-run-1/latency/av-1/ack bytes=181 forwarded=1
1783349650.061962 publish topic=ipi/detector-output-to-ipi-weak-signal-run-1/latency/av-1/request bytes=388 forwarded=1
1783349650.062787 publish topic=ipi/detector-output-to-ipi-weak-signal-run-1/latency/av-1/ack bytes=181 forwarded=1
1783349650.282027 publish topic=ipi/detector-output-to-ipi-weak-signal-run-1/latency/av-1/request bytes=388 forwarded=1
1783349650.282753 publish topic=ipi/detector-output-to-ipi-weak-signal-run-1/latency/av-1/ack bytes=181 forwarded=1
1783349650.512409 publish topic=ipi/detector-output-to-ipi-weak-signal-run-1/latency/av-1/request bytes=388 forwarded=1
1783349650.513119 publish topic=ipi/detector-output-to-ipi-weak-signal-run-1/latency/av-1/ack bytes=181 forwarded=1
1783349650.732528 publish topic=ipi/detector-output-to-ipi-weak-signal-run-1/latency/av-1/request bytes=388 forwarded=1
1783349650.733229 publish topic=ipi/detector-output-to-ipi-weak-signal-run-1/latency/av-1/ack bytes=181 forwarded=1
1783349650.962659 publish topic=ipi/detector-output-to-ipi-weak-signal-run-1/latency/av-1/request bytes=388 forwarded=1
1783349650.963371 publish topic=ipi/detector-output-to-ipi-weak-signal-run-1/latency/av-1/ack bytes=181 forwarded=1
1783349651.192911 publish topic=ipi/detector-output-to-ipi-weak-signal-run-1/latency/av-1/request bytes=388 forwarded=1
1783349651.193630 publish topic=ipi/detector-output-to-ipi-weak-signal-run-1/latency/av-1/ack bytes=181 forwarded=1
1783349651.413086 publish topic=ipi/detector-output-to-ipi-weak-signal-run-1/latency/av-1/request bytes=388 forwarded=1
1783349651.413801 publish topic=ipi/detector-output-to-ipi-weak-signal-run-1/latency/av-1/ack bytes=181 forwarded=1
1783349651.643126 publish topic=ipi/detector-output-to-ipi-weak-signal-run-1/latency/av-1/request bytes=388 forwarded=1
1783349651.643826 publish topic=ipi/detector-output-to-ipi-weak-signal-run-1/latency/av-1/ack bytes=181 forwarded=1
1783349651.863497 publish topic=ipi/detector-output-to-ipi-weak-signal-run-1/latency/av-1/request bytes=388 forwarded=1
1783349651.864194 publish topic=ipi/detector-output-to-ipi-weak-signal-run-1/latency/av-1/ack bytes=181 forwarded=1
1783349652.093821 publish topic=ipi/detector-output-to-ipi-weak-signal-run-1/latency/av-1/request bytes=388 forwarded=1
1783349652.094612 publish topic=ipi/detector-output-to-ipi-weak-signal-run-1/latency/av-1/ack bytes=181 forwarded=1
1783349652.333980 publish topic=ipi/detector-output-to-ipi-weak-signal-run-1/latency/av-1/request bytes=388 forwarded=1
1783349652.334785 publish topic=ipi/detector-output-to-ipi-weak-signal-run-1/latency/av-1/ack bytes=181 forwarded=1
1783349652.574253 publish topic=ipi/detector-output-to-ipi-weak-signal-run-1/latency/av-1/request bytes=388 forwarded=1
1783349652.574974 publish topic=ipi/detector-output-to-ipi-weak-signal-run-1/latency/av-1/ack bytes=181 forwarded=1
1783349652.814543 publish topic=ipi/detector-output-to-ipi-weak-signal-run-1/latency/av-1/request bytes=388 forwarded=1
1783349652.815263 publish topic=ipi/detector-output-to-ipi-weak-signal-run-1/latency/av-1/ack bytes=181 forwarded=1
1783349653.054650 publish topic=ipi/detector-output-to-ipi-weak-signal-run-1/latency/av-1/request bytes=388 forwarded=1
1783349653.055313 publish topic=ipi/detector-output-to-ipi-weak-signal-run-1/latency/av-1/ack bytes=181 forwarded=1
1783349653.285039 publish topic=ipi/detector-output-to-ipi-weak-signal-run-1/latency/av-1/request bytes=388 forwarded=1
1783349653.285810 publish topic=ipi/detector-output-to-ipi-weak-signal-run-1/latency/av-1/ack bytes=181 forwarded=1
1783349653.515043 publish topic=ipi/detector-output-to-ipi-weak-signal-run-1/latency/av-1/request bytes=388 forwarded=1
1783349653.515742 publish topic=ipi/detector-output-to-ipi-weak-signal-run-1/latency/av-1/ack bytes=181 forwarded=1
1783349653.755456 publish topic=ipi/detector-output-to-ipi-weak-signal-run-1/latency/av-1/request bytes=388 forwarded=1
1783349653.756147 publish topic=ipi/detector-output-to-ipi-weak-signal-run-1/latency/av-1/ack bytes=181 forwarded=1
1783349653.995518 publish topic=ipi/detector-output-to-ipi-weak-signal-run-1/latency/av-1/request bytes=388 forwarded=1
1783349653.996375 publish topic=ipi/detector-output-to-ipi-weak-signal-run-1/latency/av-1/ack bytes=181 forwarded=1
1783349654.235703 publish topic=ipi/detector-output-to-ipi-weak-signal-run-1/latency/av-1/request bytes=388 forwarded=1
1783349654.236431 publish topic=ipi/detector-output-to-ipi-weak-signal-run-1/latency/av-1/ack bytes=181 forwarded=1
1783349654.466053 publish topic=ipi/detector-output-to-ipi-weak-signal-run-1/latency/av-1/request bytes=388 forwarded=1
1783349654.466797 publish topic=ipi/detector-output-to-ipi-weak-signal-run-1/latency/av-1/ack bytes=181 forwarded=1
1783349654.696460 publish topic=ipi/detector-output-to-ipi-weak-signal-run-1/latency/av-1/request bytes=388 forwarded=1
1783349654.697159 publish topic=ipi/detector-output-to-ipi-weak-signal-run-1/latency/av-1/ack bytes=181 forwarded=1
1783349654.936563 publish topic=ipi/detector-output-to-ipi-weak-signal-run-1/latency/av-1/request bytes=388 forwarded=1
1783349654.937313 publish topic=ipi/detector-output-to-ipi-weak-signal-run-1/latency/av-1/ack bytes=181 forwarded=1
1783349655.166788 publish topic=ipi/detector-output-to-ipi-weak-signal-run-1/latency/av-1/request bytes=388 forwarded=1
1783349655.167478 publish topic=ipi/detector-output-to-ipi-weak-signal-run-1/latency/av-1/ack bytes=181 forwarded=1
1783349655.397154 publish topic=ipi/detector-output-to-ipi-weak-signal-run-1/latency/av-1/request bytes=388 forwarded=1
1783349655.397851 publish topic=ipi/detector-output-to-ipi-weak-signal-run-1/latency/av-1/ack bytes=181 forwarded=1
1783349655.617343 publish topic=ipi/detector-output-to-ipi-weak-signal-run-1/latency/av-1/request bytes=388 forwarded=1
1783349655.618037 publish topic=ipi/detector-output-to-ipi-weak-signal-run-1/latency/av-1/ack bytes=181 forwarded=1
1783349655.847574 publish topic=ipi/detector-output-to-ipi-weak-signal-run-1/latency/av-1/request bytes=388 forwarded=1
1783349655.848267 publish topic=ipi/detector-output-to-ipi-weak-signal-run-1/latency/av-1/ack bytes=181 forwarded=1
1783349656.067894 publish topic=ipi/detector-output-to-ipi-weak-signal-run-1/latency/av-1/request bytes=388 forwarded=1
1783349656.068565 publish topic=ipi/detector-output-to-ipi-weak-signal-run-1/latency/av-1/ack bytes=181 forwarded=1
1783349656.288047 publish topic=ipi/detector-output-to-ipi-weak-signal-run-1/latency/av-1/request bytes=388 forwarded=1
1783349656.288766 publish topic=ipi/detector-output-to-ipi-weak-signal-run-1/latency/av-1/ack bytes=181 forwarded=1
1783349656.508079 publish topic=ipi/detector-output-to-ipi-weak-signal-run-1/latency/av-1/request bytes=388 forwarded=1
1783349656.508728 publish topic=ipi/detector-output-to-ipi-weak-signal-run-1/latency/av-1/ack bytes=181 forwarded=1
1783349656.728410 publish topic=ipi/detector-output-to-ipi-weak-signal-run-1/latency/av-1/request bytes=388 forwarded=1
1783349656.729102 publish topic=ipi/detector-output-to-ipi-weak-signal-run-1/latency/av-1/ack bytes=181 forwarded=1
1783349656.948480 publish topic=ipi/detector-output-to-ipi-weak-signal-run-1/latency/av-1/request bytes=388 forwarded=1
1783349656.949187 publish topic=ipi/detector-output-to-ipi-weak-signal-run-1/latency/av-1/ack bytes=181 forwarded=1
1783349657.168786 publish topic=ipi/detector-output-to-ipi-weak-signal-run-1/latency/av-1/request bytes=388 forwarded=1
1783349657.169555 publish topic=ipi/detector-output-to-ipi-weak-signal-run-1/latency/av-1/ack bytes=181 forwarded=1
1783349657.388857 publish topic=ipi/detector-output-to-ipi-weak-signal-run-1/latency/av-1/request bytes=388 forwarded=1
1783349657.389565 publish topic=ipi/detector-output-to-ipi-weak-signal-run-1/latency/av-1/ack bytes=181 forwarded=1
1783349657.609225 publish topic=ipi/detector-output-to-ipi-weak-signal-run-1/latency/av-1/request bytes=388 forwarded=1
1783349657.609932 publish topic=ipi/detector-output-to-ipi-weak-signal-run-1/latency/av-1/ack bytes=181 forwarded=1
1783349657.829401 publish topic=ipi/detector-output-to-ipi-weak-signal-run-1/latency/av-1/request bytes=388 forwarded=1
1783349657.830112 publish topic=ipi/detector-output-to-ipi-weak-signal-run-1/latency/av-1/ack bytes=181 forwarded=1
1783349658.069387 publish topic=ipi/detector-output-to-ipi-weak-signal-run-1/latency/av-1/request bytes=388 forwarded=1
1783349658.070154 publish topic=ipi/detector-output-to-ipi-weak-signal-run-1/latency/av-1/ack bytes=181 forwarded=1
1783349658.409987 publish topic=ipi/detector-output-to-ipi-weak-signal-run-1/latency/av-1/request bytes=388 forwarded=1
1783349658.410719 publish topic=ipi/detector-output-to-ipi-weak-signal-run-1/latency/av-1/ack bytes=181 forwarded=1
1783349658.760552 publish topic=ipi/detector-output-to-ipi-weak-signal-run-1/latency/av-1/request bytes=388 forwarded=1
1783349658.761258 publish topic=ipi/detector-output-to-ipi-weak-signal-run-1/latency/av-1/ack bytes=181 forwarded=1
1783349658.990920 publish topic=ipi/detector-output-to-ipi-weak-signal-run-1/latency/av-1/request bytes=388 forwarded=1
1783349658.991605 publish topic=ipi/detector-output-to-ipi-weak-signal-run-1/latency/av-1/ack bytes=181 forwarded=1
1783349659.231386 publish topic=ipi/detector-output-to-ipi-weak-signal-run-1/latency/av-1/request bytes=388 forwarded=1
1783349659.232074 publish topic=ipi/detector-output-to-ipi-weak-signal-run-1/latency/av-1/ack bytes=181 forwarded=1
1783349659.471896 publish topic=ipi/detector-output-to-ipi-weak-signal-run-1/latency/av-1/request bytes=388 forwarded=1
1783349659.472599 publish topic=ipi/detector-output-to-ipi-weak-signal-run-1/latency/av-1/ack bytes=181 forwarded=1
1783349659.732081 publish topic=ipi/detector-output-to-ipi-weak-signal-run-1/latency/av-1/request bytes=388 forwarded=1
1783349659.732774 publish topic=ipi/detector-output-to-ipi-weak-signal-run-1/latency/av-1/ack bytes=181 forwarded=1
1783349660.012537 publish topic=ipi/detector-output-to-ipi-weak-signal-run-1/latency/av-1/request bytes=388 forwarded=1
1783349660.013237 publish topic=ipi/detector-output-to-ipi-weak-signal-run-1/latency/av-1/ack bytes=181 forwarded=1
1783349660.242966 publish topic=ipi/detector-output-to-ipi-weak-signal-run-1/latency/av-1/request bytes=388 forwarded=1
1783349660.243646 publish topic=ipi/detector-output-to-ipi-weak-signal-run-1/latency/av-1/ack bytes=181 forwarded=1
1783349660.473318 publish topic=ipi/detector-output-to-ipi-weak-signal-run-1/latency/av-1/request bytes=388 forwarded=1
1783349660.474014 publish topic=ipi/detector-output-to-ipi-weak-signal-run-1/latency/av-1/ack bytes=181 forwarded=1
1783349660.703667 publish topic=ipi/detector-output-to-ipi-weak-signal-run-1/latency/av-1/request bytes=388 forwarded=1
1783349660.704356 publish topic=ipi/detector-output-to-ipi-weak-signal-run-1/latency/av-1/ack bytes=181 forwarded=1
1783349660.933873 publish topic=ipi/detector-output-to-ipi-weak-signal-run-1/latency/av-1/request bytes=388 forwarded=1
1783349660.934608 publish topic=ipi/detector-output-to-ipi-weak-signal-run-1/latency/av-1/ack bytes=181 forwarded=1
1783349661.174260 publish topic=ipi/detector-output-to-ipi-weak-signal-run-1/latency/av-1/request bytes=388 forwarded=1
1783349661.174985 publish topic=ipi/detector-output-to-ipi-weak-signal-run-1/latency/av-1/ack bytes=181 forwarded=1
1783349661.414493 publish topic=ipi/detector-output-to-ipi-weak-signal-run-1/latency/av-1/request bytes=388 forwarded=1
1783349661.415179 publish topic=ipi/detector-output-to-ipi-weak-signal-run-1/latency/av-1/ack bytes=181 forwarded=1
1783349661.654649 publish topic=ipi/detector-output-to-ipi-weak-signal-run-1/latency/av-1/request bytes=388 forwarded=1
1783349661.655294 publish topic=ipi/detector-output-to-ipi-weak-signal-run-1/latency/av-1/ack bytes=181 forwarded=1
1783349661.894775 publish topic=ipi/detector-output-to-ipi-weak-signal-run-1/latency/av-1/request bytes=388 forwarded=1
1783349661.895099 publish topic=ipi/detector-output-to-ipi-weak-signal-run-1/latency/av-1/ack bytes=181 forwarded=1
1783349662.135294 publish topic=ipi/detector-output-to-ipi-weak-signal-run-1/latency/av-1/request bytes=388 forwarded=1
1783349662.135985 publish topic=ipi/detector-output-to-ipi-weak-signal-run-1/latency/av-1/ack bytes=181 forwarded=1
1783349662.375674 publish topic=ipi/detector-output-to-ipi-weak-signal-run-1/latency/av-1/request bytes=388 forwarded=1
1783349662.376388 publish topic=ipi/detector-output-to-ipi-weak-signal-run-1/latency/av-1/ack bytes=181 forwarded=1
1783349662.615910 publish topic=ipi/detector-output-to-ipi-weak-signal-run-1/latency/av-1/request bytes=388 forwarded=1
1783349662.616606 publish topic=ipi/detector-output-to-ipi-weak-signal-run-1/latency/av-1/ack bytes=181 forwarded=1
1783349662.856311 publish topic=ipi/detector-output-to-ipi-weak-signal-run-1/latency/av-1/request bytes=388 forwarded=1
1783349662.857012 publish topic=ipi/detector-output-to-ipi-weak-signal-run-1/latency/av-1/ack bytes=181 forwarded=1
1783349663.096505 publish topic=ipi/detector-output-to-ipi-weak-signal-run-1/latency/av-1/request bytes=388 forwarded=1
1783349663.097231 publish topic=ipi/detector-output-to-ipi-weak-signal-run-1/latency/av-1/ack bytes=181 forwarded=1
1783349663.326785 publish topic=ipi/detector-output-to-ipi-weak-signal-run-1/latency/av-1/request bytes=388 forwarded=1
1783349663.327478 publish topic=ipi/detector-output-to-ipi-weak-signal-run-1/latency/av-1/ack bytes=181 forwarded=1
1783349663.557307 publish topic=ipi/detector-output-to-ipi-weak-signal-run-1/latency/av-1/request bytes=388 forwarded=1
1783349663.558009 publish topic=ipi/detector-output-to-ipi-weak-signal-run-1/latency/av-1/ack bytes=181 forwarded=1
1783349663.777476 publish topic=ipi/detector-output-to-ipi-weak-signal-run-1/latency/av-1/request bytes=388 forwarded=1
1783349663.778172 publish topic=ipi/detector-output-to-ipi-weak-signal-run-1/latency/av-1/ack bytes=181 forwarded=1
1783349663.997746 publish topic=ipi/detector-output-to-ipi-weak-signal-run-1/latency/av-1/request bytes=388 forwarded=1
1783349663.998434 publish topic=ipi/detector-output-to-ipi-weak-signal-run-1/latency/av-1/ack bytes=181 forwarded=1
1783349664.217988 publish topic=ipi/detector-output-to-ipi-weak-signal-run-1/latency/av-1/request bytes=388 forwarded=1
1783349664.218774 publish topic=ipi/detector-output-to-ipi-weak-signal-run-1/latency/av-1/ack bytes=181 forwarded=1
1783349664.448230 publish topic=ipi/detector-output-to-ipi-weak-signal-run-1/latency/av-1/request bytes=388 forwarded=1
1783349664.448944 publish topic=ipi/detector-output-to-ipi-weak-signal-run-1/latency/av-1/ack bytes=181 forwarded=1
1783349664.668601 publish topic=ipi/detector-output-to-ipi-weak-signal-run-1/latency/av-1/request bytes=388 forwarded=1
1783349664.669308 publish topic=ipi/detector-output-to-ipi-weak-signal-run-1/latency/av-1/ack bytes=181 forwarded=1
1783349664.888766 publish topic=ipi/detector-output-to-ipi-weak-signal-run-1/latency/av-1/request bytes=388 forwarded=1
1783349664.889453 publish topic=ipi/detector-output-to-ipi-weak-signal-run-1/latency/av-1/ack bytes=181 forwarded=1
1783349665.108986 publish topic=ipi/detector-output-to-ipi-weak-signal-run-1/latency/av-1/request bytes=388 forwarded=1
1783349665.109687 publish topic=ipi/detector-output-to-ipi-weak-signal-run-1/latency/av-1/ack bytes=181 forwarded=1
1783349665.329394 publish topic=ipi/detector-output-to-ipi-weak-signal-run-1/latency/av-1/request bytes=388 forwarded=1
1783349665.330119 publish topic=ipi/detector-output-to-ipi-weak-signal-run-1/latency/av-1/ack bytes=181 forwarded=1
1783349665.549584 publish topic=ipi/detector-output-to-ipi-weak-signal-run-1/latency/av-1/request bytes=388 forwarded=1
1783349665.550283 publish topic=ipi/detector-output-to-ipi-weak-signal-run-1/latency/av-1/ack bytes=181 forwarded=1
1783349665.769686 publish topic=ipi/detector-output-to-ipi-weak-signal-run-1/latency/av-1/request bytes=388 forwarded=1
1783349665.770395 publish topic=ipi/detector-output-to-ipi-weak-signal-run-1/latency/av-1/ack bytes=181 forwarded=1
1783349665.990025 publish topic=ipi/detector-output-to-ipi-weak-signal-run-1/latency/av-1/request bytes=388 forwarded=1
1783349665.990747 publish topic=ipi/detector-output-to-ipi-weak-signal-run-1/latency/av-1/ack bytes=181 forwarded=1
1783349666.210220 publish topic=ipi/detector-output-to-ipi-weak-signal-run-1/latency/av-1/request bytes=388 forwarded=1
1783349666.210946 publish topic=ipi/detector-output-to-ipi-weak-signal-run-1/latency/av-1/ack bytes=181 forwarded=1
1783349666.430618 publish topic=ipi/detector-output-to-ipi-weak-signal-run-1/latency/av-1/request bytes=388 forwarded=1
1783349666.431312 publish topic=ipi/detector-output-to-ipi-weak-signal-run-1/latency/av-1/ack bytes=181 forwarded=1
1783349666.650880 publish topic=ipi/detector-output-to-ipi-weak-signal-run-1/latency/av-1/request bytes=388 forwarded=1
1783349666.651562 publish topic=ipi/detector-output-to-ipi-weak-signal-run-1/latency/av-1/ack bytes=181 forwarded=1
1783349666.871002 publish topic=ipi/detector-output-to-ipi-weak-signal-run-1/latency/av-1/request bytes=388 forwarded=1
1783349666.871715 publish topic=ipi/detector-output-to-ipi-weak-signal-run-1/latency/av-1/ack bytes=181 forwarded=1
1783349667.091465 publish topic=ipi/detector-output-to-ipi-weak-signal-run-1/latency/av-1/request bytes=388 forwarded=1
1783349667.092139 publish topic=ipi/detector-output-to-ipi-weak-signal-run-1/latency/av-1/ack bytes=181 forwarded=1
1783349667.311635 publish topic=ipi/detector-output-to-ipi-weak-signal-run-1/latency/av-1/request bytes=388 forwarded=1
1783349667.312008 publish topic=ipi/detector-output-to-ipi-weak-signal-run-1/latency/av-1/ack bytes=181 forwarded=1
1783349667.531986 publish topic=ipi/detector-output-to-ipi-weak-signal-run-1/latency/av-1/request bytes=388 forwarded=1
1783349667.532691 publish topic=ipi/detector-output-to-ipi-weak-signal-run-1/latency/av-1/ack bytes=181 forwarded=1
1783349667.752305 publish topic=ipi/detector-output-to-ipi-weak-signal-run-1/latency/av-1/request bytes=388 forwarded=1
1783349667.753022 publish topic=ipi/detector-output-to-ipi-weak-signal-run-1/latency/av-1/ack bytes=181 forwarded=1
1783349667.972343 publish topic=ipi/detector-output-to-ipi-weak-signal-run-1/latency/av-1/request bytes=388 forwarded=1
1783349667.973034 publish topic=ipi/detector-output-to-ipi-weak-signal-run-1/latency/av-1/ack bytes=181 forwarded=1
1783349668.192734 publish topic=ipi/detector-output-to-ipi-weak-signal-run-1/latency/av-1/request bytes=388 forwarded=1
1783349668.193434 publish topic=ipi/detector-output-to-ipi-weak-signal-run-1/latency/av-1/ack bytes=181 forwarded=1
1783349668.413137 publish topic=ipi/detector-output-to-ipi-weak-signal-run-1/latency/av-1/request bytes=388 forwarded=1
1783349668.413844 publish topic=ipi/detector-output-to-ipi-weak-signal-run-1/latency/av-1/ack bytes=181 forwarded=1
1783349668.633302 publish topic=ipi/detector-output-to-ipi-weak-signal-run-1/latency/av-1/request bytes=388 forwarded=1
1783349668.634070 publish topic=ipi/detector-output-to-ipi-weak-signal-run-1/latency/av-1/ack bytes=181 forwarded=1
1783349668.873376 publish topic=ipi/detector-output-to-ipi-weak-signal-run-1/latency/av-1/request bytes=388 forwarded=1
1783349668.874068 publish topic=ipi/detector-output-to-ipi-weak-signal-run-1/latency/av-1/ack bytes=181 forwarded=1
1783349669.113700 publish topic=ipi/detector-output-to-ipi-weak-signal-run-1/latency/av-1/request bytes=388 forwarded=1
1783349669.114400 publish topic=ipi/detector-output-to-ipi-weak-signal-run-1/latency/av-1/ack bytes=181 forwarded=1
1783349669.353959 publish topic=ipi/detector-output-to-ipi-weak-signal-run-1/latency/av-1/request bytes=388 forwarded=1
1783349669.354628 publish topic=ipi/detector-output-to-ipi-weak-signal-run-1/latency/av-1/ack bytes=181 forwarded=1
1783349669.594494 publish topic=ipi/detector-output-to-ipi-weak-signal-run-1/latency/av-1/request bytes=388 forwarded=1
1783349669.595174 publish topic=ipi/detector-output-to-ipi-weak-signal-run-1/latency/av-1/ack bytes=181 forwarded=1
1783349669.834759 publish topic=ipi/detector-output-to-ipi-weak-signal-run-1/latency/av-1/request bytes=388 forwarded=1
1783349669.835534 publish topic=ipi/detector-output-to-ipi-weak-signal-run-1/latency/av-1/ack bytes=181 forwarded=1
1783349670.074954 publish topic=ipi/detector-output-to-ipi-weak-signal-run-1/latency/av-1/request bytes=388 forwarded=1
1783349670.075591 publish topic=ipi/detector-output-to-ipi-weak-signal-run-1/latency/av-1/ack bytes=181 forwarded=1
1783349670.315296 publish topic=ipi/detector-output-to-ipi-weak-signal-run-1/latency/av-1/request bytes=388 forwarded=1
1783349670.316013 publish topic=ipi/detector-output-to-ipi-weak-signal-run-1/latency/av-1/ack bytes=181 forwarded=1
1783349670.555645 publish topic=ipi/detector-output-to-ipi-weak-signal-run-1/latency/av-1/request bytes=388 forwarded=1
1783349670.556346 publish topic=ipi/detector-output-to-ipi-weak-signal-run-1/latency/av-1/ack bytes=181 forwarded=1
1783349670.826201 publish topic=ipi/detector-output-to-ipi-weak-signal-run-1/latency/av-1/request bytes=388 forwarded=1
1783349670.826912 publish topic=ipi/detector-output-to-ipi-weak-signal-run-1/latency/av-1/ack bytes=181 forwarded=1
1783349671.106613 publish topic=ipi/detector-output-to-ipi-weak-signal-run-1/latency/av-1/request bytes=388 forwarded=1
1783349671.107247 publish topic=ipi/detector-output-to-ipi-weak-signal-run-1/latency/av-1/ack bytes=181 forwarded=1
1783349671.377172 publish topic=ipi/detector-output-to-ipi-weak-signal-run-1/latency/av-1/request bytes=388 forwarded=1
1783349671.377886 publish topic=ipi/detector-output-to-ipi-weak-signal-run-1/latency/av-1/ack bytes=181 forwarded=1
1783349671.627531 publish topic=ipi/detector-output-to-ipi-weak-signal-run-1/latency/av-1/request bytes=388 forwarded=1
1783349671.628169 publish topic=ipi/detector-output-to-ipi-weak-signal-run-1/latency/av-1/ack bytes=181 forwarded=1
1783349671.868100 publish topic=ipi/detector-output-to-ipi-weak-signal-run-1/latency/av-1/request bytes=388 forwarded=1
1783349671.868796 publish topic=ipi/detector-output-to-ipi-weak-signal-run-1/latency/av-1/ack bytes=181 forwarded=1
1783349672.138397 publish topic=ipi/detector-output-to-ipi-weak-signal-run-1/latency/av-1/request bytes=388 forwarded=1
1783349672.139095 publish topic=ipi/detector-output-to-ipi-weak-signal-run-1/latency/av-1/ack bytes=181 forwarded=1
1783349672.368845 publish topic=ipi/detector-output-to-ipi-weak-signal-run-1/latency/av-1/request bytes=388 forwarded=1
1783349672.369483 publish topic=ipi/detector-output-to-ipi-weak-signal-run-1/latency/av-1/ack bytes=181 forwarded=1
1783349672.589274 publish topic=ipi/detector-output-to-ipi-weak-signal-run-1/latency/av-1/request bytes=388 forwarded=1
1783349672.589944 publish topic=ipi/detector-output-to-ipi-weak-signal-run-1/latency/av-1/ack bytes=181 forwarded=1
1783349672.809523 publish topic=ipi/detector-output-to-ipi-weak-signal-run-1/latency/av-1/request bytes=388 forwarded=1
1783349672.810240 publish topic=ipi/detector-output-to-ipi-weak-signal-run-1/latency/av-1/ack bytes=181 forwarded=1
1783349673.029779 publish topic=ipi/detector-output-to-ipi-weak-signal-run-1/latency/av-1/request bytes=388 forwarded=1
1783349673.030486 publish topic=ipi/detector-output-to-ipi-weak-signal-run-1/latency/av-1/ack bytes=181 forwarded=1
1783349673.249890 publish topic=ipi/detector-output-to-ipi-weak-signal-run-1/latency/av-1/request bytes=388 forwarded=1
1783349673.250595 publish topic=ipi/detector-output-to-ipi-weak-signal-run-1/latency/av-1/ack bytes=181 forwarded=1
1783349673.469965 publish topic=ipi/detector-output-to-ipi-weak-signal-run-1/latency/av-1/request bytes=388 forwarded=1
1783349673.470709 publish topic=ipi/detector-output-to-ipi-weak-signal-run-1/latency/av-1/ack bytes=181 forwarded=1
1783349673.710479 publish topic=ipi/detector-output-to-ipi-weak-signal-run-1/latency/av-1/request bytes=388 forwarded=1
1783349673.711155 publish topic=ipi/detector-output-to-ipi-weak-signal-run-1/latency/av-1/ack bytes=181 forwarded=1
1783349673.930592 publish topic=ipi/detector-output-to-ipi-weak-signal-run-1/latency/av-1/request bytes=388 forwarded=1
1783349673.931246 publish topic=ipi/detector-output-to-ipi-weak-signal-run-1/latency/av-1/ack bytes=181 forwarded=1
1783349674.151117 publish topic=ipi/detector-output-to-ipi-weak-signal-run-1/latency/av-1/request bytes=388 forwarded=1
1783349674.151784 publish topic=ipi/detector-output-to-ipi-weak-signal-run-1/latency/av-1/ack bytes=181 forwarded=1
1783349674.371108 publish topic=ipi/detector-output-to-ipi-weak-signal-run-1/latency/av-1/request bytes=388 forwarded=1
1783349674.371750 publish topic=ipi/detector-output-to-ipi-weak-signal-run-1/latency/av-1/ack bytes=181 forwarded=1
1783349674.601557 publish topic=ipi/detector-output-to-ipi-weak-signal-run-1/latency/av-1/request bytes=388 forwarded=1
1783349674.602228 publish topic=ipi/detector-output-to-ipi-weak-signal-run-1/latency/av-1/ack bytes=181 forwarded=1
1783349674.822021 publish topic=ipi/detector-output-to-ipi-weak-signal-run-1/latency/av-1/request bytes=388 forwarded=1
1783349674.822737 publish topic=ipi/detector-output-to-ipi-weak-signal-run-1/latency/av-1/ack bytes=181 forwarded=1
1783349675.052115 publish topic=ipi/detector-output-to-ipi-weak-signal-run-1/latency/av-1/request bytes=388 forwarded=1
1783349675.052810 publish topic=ipi/detector-output-to-ipi-weak-signal-run-1/latency/av-1/ack bytes=181 forwarded=1
1783349675.272366 publish topic=ipi/detector-output-to-ipi-weak-signal-run-1/latency/av-1/request bytes=388 forwarded=1
1783349675.273126 publish topic=ipi/detector-output-to-ipi-weak-signal-run-1/latency/av-1/ack bytes=181 forwarded=1
1783349675.492630 publish topic=ipi/detector-output-to-ipi-weak-signal-run-1/latency/av-1/request bytes=388 forwarded=1
1783349675.493284 publish topic=ipi/detector-output-to-ipi-weak-signal-run-1/latency/av-1/ack bytes=181 forwarded=1
1783349675.712882 publish topic=ipi/detector-output-to-ipi-weak-signal-run-1/latency/av-1/request bytes=388 forwarded=1
1783349675.713608 publish topic=ipi/detector-output-to-ipi-weak-signal-run-1/latency/av-1/ack bytes=181 forwarded=1
1783349675.932923 publish topic=ipi/detector-output-to-ipi-weak-signal-run-1/latency/av-1/request bytes=388 forwarded=1
1783349675.933589 publish topic=ipi/detector-output-to-ipi-weak-signal-run-1/latency/av-1/ack bytes=181 forwarded=1
1783349676.153338 publish topic=ipi/detector-output-to-ipi-weak-signal-run-1/latency/av-1/request bytes=388 forwarded=1
1783349676.154044 publish topic=ipi/detector-output-to-ipi-weak-signal-run-1/latency/av-1/ack bytes=181 forwarded=1
1783349676.393684 publish topic=ipi/detector-output-to-ipi-weak-signal-run-1/latency/av-1/request bytes=388 forwarded=1
1783349676.394388 publish topic=ipi/detector-output-to-ipi-weak-signal-run-1/latency/av-1/ack bytes=181 forwarded=1
1783349676.633899 publish topic=ipi/detector-output-to-ipi-weak-signal-run-1/latency/av-1/request bytes=388 forwarded=1
1783349676.634634 publish topic=ipi/detector-output-to-ipi-weak-signal-run-1/latency/av-1/ack bytes=181 forwarded=1
1783349676.874222 publish topic=ipi/detector-output-to-ipi-weak-signal-run-1/latency/av-1/request bytes=388 forwarded=1
1783349676.874944 publish topic=ipi/detector-output-to-ipi-weak-signal-run-1/latency/av-1/ack bytes=181 forwarded=1
1783349677.114411 publish topic=ipi/detector-output-to-ipi-weak-signal-run-1/latency/av-1/request bytes=388 forwarded=1
1783349677.115142 publish topic=ipi/detector-output-to-ipi-weak-signal-run-1/latency/av-1/ack bytes=181 forwarded=1
1783349677.344801 publish topic=ipi/detector-output-to-ipi-weak-signal-run-1/latency/av-1/request bytes=388 forwarded=1
1783349677.345506 publish topic=ipi/detector-output-to-ipi-weak-signal-run-1/latency/av-1/ack bytes=181 forwarded=1
1783349677.574907 publish topic=ipi/detector-output-to-ipi-weak-signal-run-1/latency/av-1/request bytes=388 forwarded=1
1783349677.575594 publish topic=ipi/detector-output-to-ipi-weak-signal-run-1/latency/av-1/ack bytes=181 forwarded=1
1783349677.815360 publish topic=ipi/detector-output-to-ipi-weak-signal-run-1/latency/av-1/request bytes=388 forwarded=1
1783349677.816062 publish topic=ipi/detector-output-to-ipi-weak-signal-run-1/latency/av-1/ack bytes=181 forwarded=1
1783349678.055661 publish topic=ipi/detector-output-to-ipi-weak-signal-run-1/latency/av-1/request bytes=388 forwarded=1
1783349678.056361 publish topic=ipi/detector-output-to-ipi-weak-signal-run-1/latency/av-1/ack bytes=181 forwarded=1
1783349678.296044 publish topic=ipi/detector-output-to-ipi-weak-signal-run-1/latency/av-1/request bytes=388 forwarded=1
1783349678.296753 publish topic=ipi/detector-output-to-ipi-weak-signal-run-1/latency/av-1/ack bytes=181 forwarded=1
1783349678.526355 publish topic=ipi/detector-output-to-ipi-weak-signal-run-1/latency/av-1/request bytes=388 forwarded=1
1783349678.527104 publish topic=ipi/detector-output-to-ipi-weak-signal-run-1/latency/av-1/ack bytes=181 forwarded=1
1783349678.766514 publish topic=ipi/detector-output-to-ipi-weak-signal-run-1/latency/av-1/request bytes=388 forwarded=1
1783349678.767210 publish topic=ipi/detector-output-to-ipi-weak-signal-run-1/latency/av-1/ack bytes=181 forwarded=1
1783349678.996949 publish topic=ipi/detector-output-to-ipi-weak-signal-run-1/latency/av-1/request bytes=388 forwarded=1
1783349678.997647 publish topic=ipi/detector-output-to-ipi-weak-signal-run-1/latency/av-1/ack bytes=181 forwarded=1
1783349679.227228 publish topic=ipi/detector-output-to-ipi-weak-signal-run-1/latency/av-1/request bytes=388 forwarded=1
1783349679.227975 publish topic=ipi/detector-output-to-ipi-weak-signal-run-1/latency/av-1/ack bytes=181 forwarded=1
1783349679.457243 publish topic=ipi/detector-output-to-ipi-weak-signal-run-1/latency/av-1/request bytes=388 forwarded=1
1783349679.457950 publish topic=ipi/detector-output-to-ipi-weak-signal-run-1/latency/av-1/ack bytes=181 forwarded=1
1783349679.687519 publish topic=ipi/detector-output-to-ipi-weak-signal-run-1/latency/av-1/request bytes=388 forwarded=1
1783349679.688220 publish topic=ipi/detector-output-to-ipi-weak-signal-run-1/latency/av-1/ack bytes=181 forwarded=1
1783349679.907828 publish topic=ipi/detector-output-to-ipi-weak-signal-run-1/latency/av-1/request bytes=388 forwarded=1
1783349679.908524 publish topic=ipi/detector-output-to-ipi-weak-signal-run-1/latency/av-1/ack bytes=181 forwarded=1
1783349680.128109 publish topic=ipi/detector-output-to-ipi-weak-signal-run-1/latency/av-1/request bytes=388 forwarded=1
1783349680.128782 publish topic=ipi/detector-output-to-ipi-weak-signal-run-1/latency/av-1/ack bytes=181 forwarded=1
1783349680.348285 publish topic=ipi/detector-output-to-ipi-weak-signal-run-1/latency/av-1/request bytes=388 forwarded=1
1783349680.348941 publish topic=ipi/detector-output-to-ipi-weak-signal-run-1/latency/av-1/ack bytes=181 forwarded=1
1783349680.578676 publish topic=ipi/detector-output-to-ipi-weak-signal-run-1/latency/av-1/request bytes=388 forwarded=1
1783349680.579366 publish topic=ipi/detector-output-to-ipi-weak-signal-run-1/latency/av-1/ack bytes=181 forwarded=1
1783349680.808886 publish topic=ipi/detector-output-to-ipi-weak-signal-run-1/latency/av-1/request bytes=388 forwarded=1
1783349680.809601 publish topic=ipi/detector-output-to-ipi-weak-signal-run-1/latency/av-1/ack bytes=181 forwarded=1
1783349681.038968 publish topic=ipi/detector-output-to-ipi-weak-signal-run-1/latency/av-1/request bytes=388 forwarded=1
1783349681.039662 publish topic=ipi/detector-output-to-ipi-weak-signal-run-1/latency/av-1/ack bytes=181 forwarded=1
1783349681.269428 publish topic=ipi/detector-output-to-ipi-weak-signal-run-1/latency/av-1/request bytes=388 forwarded=1
1783349681.270170 publish topic=ipi/detector-output-to-ipi-weak-signal-run-1/latency/av-1/ack bytes=181 forwarded=1
1783349681.499557 publish topic=ipi/detector-output-to-ipi-weak-signal-run-1/latency/av-1/request bytes=388 forwarded=1
1783349681.500222 publish topic=ipi/detector-output-to-ipi-weak-signal-run-1/latency/av-1/ack bytes=181 forwarded=1
1783349681.729834 publish topic=ipi/detector-output-to-ipi-weak-signal-run-1/latency/av-1/request bytes=388 forwarded=1
1783349681.730586 publish topic=ipi/detector-output-to-ipi-weak-signal-run-1/latency/av-1/ack bytes=181 forwarded=1
1783349681.960078 publish topic=ipi/detector-output-to-ipi-weak-signal-run-1/latency/av-1/request bytes=388 forwarded=1
1783349681.960787 publish topic=ipi/detector-output-to-ipi-weak-signal-run-1/latency/av-1/ack bytes=181 forwarded=1
1783349682.190374 publish topic=ipi/detector-output-to-ipi-weak-signal-run-1/latency/av-1/request bytes=388 forwarded=1
1783349682.191110 publish topic=ipi/detector-output-to-ipi-weak-signal-run-1/latency/av-1/ack bytes=181 forwarded=1
1783349682.470612 publish topic=ipi/detector-output-to-ipi-weak-signal-run-1/latency/av-1/request bytes=388 forwarded=1
1783349682.471282 publish topic=ipi/detector-output-to-ipi-weak-signal-run-1/latency/av-1/ack bytes=181 forwarded=1
1783349682.780978 publish topic=ipi/detector-output-to-ipi-weak-signal-run-1/latency/av-1/request bytes=388 forwarded=1
1783349682.781644 publish topic=ipi/detector-output-to-ipi-weak-signal-run-1/latency/av-1/ack bytes=181 forwarded=1
1783349683.081700 publish topic=ipi/detector-output-to-ipi-weak-signal-run-1/latency/av-1/request bytes=388 forwarded=1
1783349683.082398 publish topic=ipi/detector-output-to-ipi-weak-signal-run-1/latency/av-1/ack bytes=181 forwarded=1
1783349683.362199 publish topic=ipi/detector-output-to-ipi-weak-signal-run-1/latency/av-1/request bytes=388 forwarded=1
1783349683.363001 publish topic=ipi/detector-output-to-ipi-weak-signal-run-1/latency/av-1/ack bytes=181 forwarded=1
1783349683.582566 publish topic=ipi/detector-output-to-ipi-weak-signal-run-1/latency/av-1/request bytes=388 forwarded=1
1783349683.583257 publish topic=ipi/detector-output-to-ipi-weak-signal-run-1/latency/av-1/ack bytes=181 forwarded=1
1783349683.842962 publish topic=ipi/detector-output-to-ipi-weak-signal-run-1/latency/av-1/request bytes=388 forwarded=1
1783349683.843672 publish topic=ipi/detector-output-to-ipi-weak-signal-run-1/latency/av-1/ack bytes=181 forwarded=1
1783349684.103482 publish topic=ipi/detector-output-to-ipi-weak-signal-run-1/latency/av-1/request bytes=388 forwarded=1
1783349684.104192 publish topic=ipi/detector-output-to-ipi-weak-signal-run-1/latency/av-1/ack bytes=181 forwarded=1
1783349684.383896 publish topic=ipi/detector-output-to-ipi-weak-signal-run-1/latency/av-1/request bytes=388 forwarded=1
1783349684.384603 publish topic=ipi/detector-output-to-ipi-weak-signal-run-1/latency/av-1/ack bytes=181 forwarded=1
1783349684.664383 publish topic=ipi/detector-output-to-ipi-weak-signal-run-1/latency/av-1/request bytes=388 forwarded=1
1783349684.665083 publish topic=ipi/detector-output-to-ipi-weak-signal-run-1/latency/av-1/ack bytes=181 forwarded=1
1783349684.894923 publish topic=ipi/detector-output-to-ipi-weak-signal-run-1/latency/av-1/request bytes=388 forwarded=1
1783349684.895645 publish topic=ipi/detector-output-to-ipi-weak-signal-run-1/latency/av-1/ack bytes=181 forwarded=1
1783349685.125222 publish topic=ipi/detector-output-to-ipi-weak-signal-run-1/latency/av-1/request bytes=388 forwarded=1
1783349685.125972 publish topic=ipi/detector-output-to-ipi-weak-signal-run-1/latency/av-1/ack bytes=181 forwarded=1
1783349685.355381 publish topic=ipi/detector-output-to-ipi-weak-signal-run-1/latency/av-1/request bytes=388 forwarded=1
1783349685.356094 publish topic=ipi/detector-output-to-ipi-weak-signal-run-1/latency/av-1/ack bytes=181 forwarded=1
1783349685.585747 publish topic=ipi/detector-output-to-ipi-weak-signal-run-1/latency/av-1/request bytes=388 forwarded=1
1783349685.586486 publish topic=ipi/detector-output-to-ipi-weak-signal-run-1/latency/av-1/ack bytes=181 forwarded=1
1783349685.816056 publish topic=ipi/detector-output-to-ipi-weak-signal-run-1/latency/av-1/request bytes=388 forwarded=1
1783349685.816789 publish topic=ipi/detector-output-to-ipi-weak-signal-run-1/latency/av-1/ack bytes=181 forwarded=1
1783349686.056304 publish topic=ipi/detector-output-to-ipi-weak-signal-run-1/latency/av-1/request bytes=388 forwarded=1
1783349686.056965 publish topic=ipi/detector-output-to-ipi-weak-signal-run-1/latency/av-1/ack bytes=181 forwarded=1
1783349686.276562 publish topic=ipi/detector-output-to-ipi-weak-signal-run-1/latency/av-1/request bytes=388 forwarded=1
1783349686.277253 publish topic=ipi/detector-output-to-ipi-weak-signal-run-1/latency/av-1/ack bytes=181 forwarded=1
1783349686.506908 publish topic=ipi/detector-output-to-ipi-weak-signal-run-1/latency/av-1/request bytes=388 forwarded=1
1783349686.507569 publish topic=ipi/detector-output-to-ipi-weak-signal-run-1/latency/av-1/ack bytes=181 forwarded=1
1783349686.727198 publish topic=ipi/detector-output-to-ipi-weak-signal-run-1/latency/av-1/request bytes=388 forwarded=1
1783349686.727888 publish topic=ipi/detector-output-to-ipi-weak-signal-run-1/latency/av-1/ack bytes=181 forwarded=1
1783349686.947402 publish topic=ipi/detector-output-to-ipi-weak-signal-run-1/latency/av-1/request bytes=388 forwarded=1
1783349686.948118 publish topic=ipi/detector-output-to-ipi-weak-signal-run-1/latency/av-1/ack bytes=181 forwarded=1
1783349687.167937 publish topic=ipi/detector-output-to-ipi-weak-signal-run-1/latency/av-1/request bytes=388 forwarded=1
1783349687.168649 publish topic=ipi/detector-output-to-ipi-weak-signal-run-1/latency/av-1/ack bytes=181 forwarded=1
1783349687.388015 publish topic=ipi/detector-output-to-ipi-weak-signal-run-1/latency/av-1/request bytes=388 forwarded=1
1783349687.388750 publish topic=ipi/detector-output-to-ipi-weak-signal-run-1/latency/av-1/ack bytes=181 forwarded=1
1783349687.617999 publish topic=ipi/detector-output-to-ipi-weak-signal-run-1/latency/av-1/request bytes=388 forwarded=1
1783349687.618715 publish topic=ipi/detector-output-to-ipi-weak-signal-run-1/latency/av-1/ack bytes=181 forwarded=1
1783349687.838611 publish topic=ipi/detector-output-to-ipi-weak-signal-run-1/latency/av-1/request bytes=388 forwarded=1
1783349687.839299 publish topic=ipi/detector-output-to-ipi-weak-signal-run-1/latency/av-1/ack bytes=181 forwarded=1
1783349688.068715 publish topic=ipi/detector-output-to-ipi-weak-signal-run-1/latency/av-1/request bytes=388 forwarded=1
1783349688.069421 publish topic=ipi/detector-output-to-ipi-weak-signal-run-1/latency/av-1/ack bytes=181 forwarded=1
1783349688.288956 publish topic=ipi/detector-output-to-ipi-weak-signal-run-1/latency/av-1/request bytes=388 forwarded=1
1783349688.289650 publish topic=ipi/detector-output-to-ipi-weak-signal-run-1/latency/av-1/ack bytes=181 forwarded=1
1783349688.509125 publish topic=ipi/detector-output-to-ipi-weak-signal-run-1/latency/av-1/request bytes=388 forwarded=1
1783349688.509785 publish topic=ipi/detector-output-to-ipi-weak-signal-run-1/latency/av-1/ack bytes=181 forwarded=1
1783349688.749561 publish topic=ipi/detector-output-to-ipi-weak-signal-run-1/latency/av-1/request bytes=388 forwarded=1
1783349688.750254 publish topic=ipi/detector-output-to-ipi-weak-signal-run-1/latency/av-1/ack bytes=181 forwarded=1
1783349688.969692 publish topic=ipi/detector-output-to-ipi-weak-signal-run-1/latency/av-1/request bytes=388 forwarded=1
1783349688.970363 publish topic=ipi/detector-output-to-ipi-weak-signal-run-1/latency/av-1/ack bytes=181 forwarded=1
1783349689.210080 publish topic=ipi/detector-output-to-ipi-weak-signal-run-1/latency/av-1/request bytes=388 forwarded=1
1783349689.210783 publish topic=ipi/detector-output-to-ipi-weak-signal-run-1/latency/av-1/ack bytes=181 forwarded=1
1783349689.430121 publish topic=ipi/detector-output-to-ipi-weak-signal-run-1/latency/av-1/request bytes=388 forwarded=1
1783349689.430846 publish topic=ipi/detector-output-to-ipi-weak-signal-run-1/latency/av-1/ack bytes=181 forwarded=1
1783349689.650594 publish topic=ipi/detector-output-to-ipi-weak-signal-run-1/latency/av-1/request bytes=388 forwarded=1
1783349689.651297 publish topic=ipi/detector-output-to-ipi-weak-signal-run-1/latency/av-1/ack bytes=181 forwarded=1
1783349689.870849 publish topic=ipi/detector-output-to-ipi-weak-signal-run-1/latency/av-1/request bytes=388 forwarded=1
1783349689.871541 publish topic=ipi/detector-output-to-ipi-weak-signal-run-1/latency/av-1/ack bytes=181 forwarded=1
1783349690.090954 publish topic=ipi/detector-output-to-ipi-weak-signal-run-1/latency/av-1/request bytes=388 forwarded=1
1783349690.091665 publish topic=ipi/detector-output-to-ipi-weak-signal-run-1/latency/av-1/ack bytes=181 forwarded=1
1783349690.311151 publish topic=ipi/detector-output-to-ipi-weak-signal-run-1/latency/av-1/request bytes=388 forwarded=1
1783349690.311837 publish topic=ipi/detector-output-to-ipi-weak-signal-run-1/latency/av-1/ack bytes=181 forwarded=1
1783349690.531509 publish topic=ipi/detector-output-to-ipi-weak-signal-run-1/latency/av-1/request bytes=388 forwarded=1
1783349690.532219 publish topic=ipi/detector-output-to-ipi-weak-signal-run-1/latency/av-1/ack bytes=181 forwarded=1
1783349690.751752 publish topic=ipi/detector-output-to-ipi-weak-signal-run-1/latency/av-1/request bytes=388 forwarded=1
1783349690.752448 publish topic=ipi/detector-output-to-ipi-weak-signal-run-1/latency/av-1/ack bytes=181 forwarded=1
1783349690.971950 publish topic=ipi/detector-output-to-ipi-weak-signal-run-1/latency/av-1/request bytes=388 forwarded=1
1783349690.972647 publish topic=ipi/detector-output-to-ipi-weak-signal-run-1/latency/av-1/ack bytes=181 forwarded=1
1783349691.212272 publish topic=ipi/detector-output-to-ipi-weak-signal-run-1/latency/av-1/request bytes=388 forwarded=1
1783349691.212934 publish topic=ipi/detector-output-to-ipi-weak-signal-run-1/latency/av-1/ack bytes=181 forwarded=1
1783349691.432629 publish topic=ipi/detector-output-to-ipi-weak-signal-run-1/latency/av-1/request bytes=388 forwarded=1
1783349691.433317 publish topic=ipi/detector-output-to-ipi-weak-signal-run-1/latency/av-1/ack bytes=181 forwarded=1
1783349691.652708 publish topic=ipi/detector-output-to-ipi-weak-signal-run-1/latency/av-1/request bytes=388 forwarded=1
1783349691.653395 publish topic=ipi/detector-output-to-ipi-weak-signal-run-1/latency/av-1/ack bytes=181 forwarded=1
1783349691.893125 publish topic=ipi/detector-output-to-ipi-weak-signal-run-1/latency/av-1/request bytes=388 forwarded=1
1783349691.893831 publish topic=ipi/detector-output-to-ipi-weak-signal-run-1/latency/av-1/ack bytes=181 forwarded=1
1783349692.133431 publish topic=ipi/detector-output-to-ipi-weak-signal-run-1/latency/av-1/request bytes=388 forwarded=1
1783349692.134128 publish topic=ipi/detector-output-to-ipi-weak-signal-run-1/latency/av-1/ack bytes=181 forwarded=1
1783349692.373625 publish topic=ipi/detector-output-to-ipi-weak-signal-run-1/latency/av-1/request bytes=388 forwarded=1
1783349692.374327 publish topic=ipi/detector-output-to-ipi-weak-signal-run-1/latency/av-1/ack bytes=181 forwarded=1
1783349692.613832 publish topic=ipi/detector-output-to-ipi-weak-signal-run-1/latency/av-1/request bytes=388 forwarded=1
1783349692.614556 publish topic=ipi/detector-output-to-ipi-weak-signal-run-1/latency/av-1/ack bytes=181 forwarded=1
1783349692.854056 publish topic=ipi/detector-output-to-ipi-weak-signal-run-1/latency/av-1/request bytes=388 forwarded=1
1783349692.854740 publish topic=ipi/detector-output-to-ipi-weak-signal-run-1/latency/av-1/ack bytes=181 forwarded=1
1783349693.084500 publish topic=ipi/detector-output-to-ipi-weak-signal-run-1/latency/av-1/request bytes=388 forwarded=1
1783349693.085194 publish topic=ipi/detector-output-to-ipi-weak-signal-run-1/latency/av-1/ack bytes=181 forwarded=1
1783349693.314723 publish topic=ipi/detector-output-to-ipi-weak-signal-run-1/latency/av-1/request bytes=388 forwarded=1
1783349693.315426 publish topic=ipi/detector-output-to-ipi-weak-signal-run-1/latency/av-1/ack bytes=181 forwarded=1
1783349693.554899 publish topic=ipi/detector-output-to-ipi-weak-signal-run-1/latency/av-1/request bytes=388 forwarded=1
1783349693.555598 publish topic=ipi/detector-output-to-ipi-weak-signal-run-1/latency/av-1/ack bytes=181 forwarded=1
1783349693.794984 publish topic=ipi/detector-output-to-ipi-weak-signal-run-1/latency/av-1/request bytes=388 forwarded=1
1783349693.795760 publish topic=ipi/detector-output-to-ipi-weak-signal-run-1/latency/av-1/ack bytes=181 forwarded=1
1783349694.035525 publish topic=ipi/detector-output-to-ipi-weak-signal-run-1/latency/av-1/request bytes=388 forwarded=1
1783349694.036340 publish topic=ipi/detector-output-to-ipi-weak-signal-run-1/latency/av-1/ack bytes=181 forwarded=1
1783349694.275571 publish topic=ipi/detector-output-to-ipi-weak-signal-run-1/latency/av-1/request bytes=388 forwarded=1
1783349694.276267 publish topic=ipi/detector-output-to-ipi-weak-signal-run-1/latency/av-1/ack bytes=181 forwarded=1
1783349694.506046 publish topic=ipi/detector-output-to-ipi-weak-signal-run-1/latency/av-1/request bytes=388 forwarded=1
1783349694.506837 publish topic=ipi/detector-output-to-ipi-weak-signal-run-1/latency/av-1/ack bytes=181 forwarded=1
1783349694.736209 publish topic=ipi/detector-output-to-ipi-weak-signal-run-1/latency/av-1/request bytes=388 forwarded=1
1783349694.736893 publish topic=ipi/detector-output-to-ipi-weak-signal-run-1/latency/av-1/ack bytes=181 forwarded=1
1783349694.966733 publish topic=ipi/detector-output-to-ipi-weak-signal-run-1/latency/av-1/request bytes=388 forwarded=1
1783349694.967448 publish topic=ipi/detector-output-to-ipi-weak-signal-run-1/latency/av-1/ack bytes=181 forwarded=1
1783349695.196810 publish topic=ipi/detector-output-to-ipi-weak-signal-run-1/latency/av-1/request bytes=388 forwarded=1
1783349695.197468 publish topic=ipi/detector-output-to-ipi-weak-signal-run-1/latency/av-1/ack bytes=181 forwarded=1
1783349695.426970 publish topic=ipi/detector-output-to-ipi-weak-signal-run-1/latency/av-1/request bytes=388 forwarded=1
1783349695.427653 publish topic=ipi/detector-output-to-ipi-weak-signal-run-1/latency/av-1/ack bytes=181 forwarded=1
1783349695.647347 publish topic=ipi/detector-output-to-ipi-weak-signal-run-1/latency/av-1/request bytes=388 forwarded=1
1783349695.648046 publish topic=ipi/detector-output-to-ipi-weak-signal-run-1/latency/av-1/ack bytes=181 forwarded=1
1783349695.877584 publish topic=ipi/detector-output-to-ipi-weak-signal-run-1/latency/av-1/request bytes=388 forwarded=1
1783349695.878273 publish topic=ipi/detector-output-to-ipi-weak-signal-run-1/latency/av-1/ack bytes=181 forwarded=1
1783349696.147825 publish topic=ipi/detector-output-to-ipi-weak-signal-run-1/latency/av-1/request bytes=388 forwarded=1
1783349696.148540 publish topic=ipi/detector-output-to-ipi-weak-signal-run-1/latency/av-1/ack bytes=181 forwarded=1
1783349696.438147 publish topic=ipi/detector-output-to-ipi-weak-signal-run-1/latency/av-1/request bytes=388 forwarded=1
1783349696.438869 publish topic=ipi/detector-output-to-ipi-weak-signal-run-1/latency/av-1/ack bytes=181 forwarded=1
1783349696.728750 publish topic=ipi/detector-output-to-ipi-weak-signal-run-1/latency/av-1/request bytes=388 forwarded=1
1783349696.729451 publish topic=ipi/detector-output-to-ipi-weak-signal-run-1/latency/av-1/ack bytes=181 forwarded=1
1783349697.059226 publish topic=ipi/detector-output-to-ipi-weak-signal-run-1/latency/av-1/request bytes=388 forwarded=1
1783349697.059883 publish topic=ipi/detector-output-to-ipi-weak-signal-run-1/latency/av-1/ack bytes=181 forwarded=1
1783349697.319505 publish topic=ipi/detector-output-to-ipi-weak-signal-run-1/latency/av-1/request bytes=388 forwarded=1
1783349697.320231 publish topic=ipi/detector-output-to-ipi-weak-signal-run-1/latency/av-1/ack bytes=181 forwarded=1
1783349697.580071 publish topic=ipi/detector-output-to-ipi-weak-signal-run-1/latency/av-1/request bytes=388 forwarded=1
1783349697.580731 publish topic=ipi/detector-output-to-ipi-weak-signal-run-1/latency/av-1/ack bytes=181 forwarded=1
1783349697.810367 publish topic=ipi/detector-output-to-ipi-weak-signal-run-1/latency/av-1/request bytes=388 forwarded=1
1783349697.811099 publish topic=ipi/detector-output-to-ipi-weak-signal-run-1/latency/av-1/ack bytes=181 forwarded=1
1783349698.040903 publish topic=ipi/detector-output-to-ipi-weak-signal-run-1/latency/av-1/request bytes=388 forwarded=1
1783349698.041592 publish topic=ipi/detector-output-to-ipi-weak-signal-run-1/latency/av-1/ack bytes=181 forwarded=1
1783349698.261221 publish topic=ipi/detector-output-to-ipi-weak-signal-run-1/latency/av-1/request bytes=388 forwarded=1
1783349698.261912 publish topic=ipi/detector-output-to-ipi-weak-signal-run-1/latency/av-1/ack bytes=181 forwarded=1
1783349698.491411 publish topic=ipi/detector-output-to-ipi-weak-signal-run-1/latency/av-1/request bytes=388 forwarded=1
1783349698.492136 publish topic=ipi/detector-output-to-ipi-weak-signal-run-1/latency/av-1/ack bytes=181 forwarded=1
1783349698.741724 publish topic=ipi/detector-output-to-ipi-weak-signal-run-1/latency/av-1/request bytes=388 forwarded=1
1783349698.742445 publish topic=ipi/detector-output-to-ipi-weak-signal-run-1/latency/av-1/ack bytes=181 forwarded=1
1783349698.972072 publish topic=ipi/detector-output-to-ipi-weak-signal-run-1/latency/av-1/request bytes=388 forwarded=1
1783349698.972797 publish topic=ipi/detector-output-to-ipi-weak-signal-run-1/latency/av-1/ack bytes=181 forwarded=1
1783349699.192119 publish topic=ipi/detector-output-to-ipi-weak-signal-run-1/latency/av-1/request bytes=388 forwarded=1
1783349699.192700 publish topic=ipi/detector-output-to-ipi-weak-signal-run-1/latency/av-1/ack bytes=181 forwarded=1
1783349699.412613 publish topic=ipi/detector-output-to-ipi-weak-signal-run-1/latency/av-1/request bytes=388 forwarded=1
1783349699.413288 publish topic=ipi/detector-output-to-ipi-weak-signal-run-1/latency/av-1/ack bytes=181 forwarded=1
1783349699.632713 publish topic=ipi/detector-output-to-ipi-weak-signal-run-1/latency/av-1/request bytes=388 forwarded=1
1783349699.633381 publish topic=ipi/detector-output-to-ipi-weak-signal-run-1/latency/av-1/ack bytes=181 forwarded=1
1783349699.853032 publish topic=ipi/detector-output-to-ipi-weak-signal-run-1/latency/av-1/request bytes=388 forwarded=1
1783349699.853703 publish topic=ipi/detector-output-to-ipi-weak-signal-run-1/latency/av-1/ack bytes=181 forwarded=1
1783349700.083210 publish topic=ipi/detector-output-to-ipi-weak-signal-run-1/latency/av-1/request bytes=388 forwarded=1
1783349700.083883 publish topic=ipi/detector-output-to-ipi-weak-signal-run-1/latency/av-1/ack bytes=181 forwarded=1
1783349700.313441 publish topic=ipi/detector-output-to-ipi-weak-signal-run-1/latency/av-1/request bytes=388 forwarded=1
1783349700.314154 publish topic=ipi/detector-output-to-ipi-weak-signal-run-1/latency/av-1/ack bytes=181 forwarded=1
1783349700.543785 publish topic=ipi/detector-output-to-ipi-weak-signal-run-1/latency/av-1/request bytes=388 forwarded=1
1783349700.544461 publish topic=ipi/detector-output-to-ipi-weak-signal-run-1/latency/av-1/ack bytes=181 forwarded=1
1783349700.773899 publish topic=ipi/detector-output-to-ipi-weak-signal-run-1/latency/av-1/request bytes=388 forwarded=1
1783349700.774577 publish topic=ipi/detector-output-to-ipi-weak-signal-run-1/latency/av-1/ack bytes=181 forwarded=1
1783349701.004280 publish topic=ipi/detector-output-to-ipi-weak-signal-run-1/latency/av-1/request bytes=388 forwarded=1
1783349701.004975 publish topic=ipi/detector-output-to-ipi-weak-signal-run-1/latency/av-1/ack bytes=181 forwarded=1
1783349701.234674 publish topic=ipi/detector-output-to-ipi-weak-signal-run-1/latency/av-1/request bytes=388 forwarded=1
1783349701.235348 publish topic=ipi/detector-output-to-ipi-weak-signal-run-1/latency/av-1/ack bytes=181 forwarded=1
1783349701.474933 publish topic=ipi/detector-output-to-ipi-weak-signal-run-1/latency/av-1/request bytes=388 forwarded=1
1783349701.475618 publish topic=ipi/detector-output-to-ipi-weak-signal-run-1/latency/av-1/ack bytes=181 forwarded=1
1783349701.705249 publish topic=ipi/detector-output-to-ipi-weak-signal-run-1/latency/av-1/request bytes=388 forwarded=1
1783349701.705949 publish topic=ipi/detector-output-to-ipi-weak-signal-run-1/latency/av-1/ack bytes=181 forwarded=1
1783349701.935349 publish topic=ipi/detector-output-to-ipi-weak-signal-run-1/latency/av-1/request bytes=388 forwarded=1
1783349701.936085 publish topic=ipi/detector-output-to-ipi-weak-signal-run-1/latency/av-1/ack bytes=181 forwarded=1
1783349702.165513 publish topic=ipi/detector-output-to-ipi-weak-signal-run-1/latency/av-1/request bytes=388 forwarded=1
1783349702.166197 publish topic=ipi/detector-output-to-ipi-weak-signal-run-1/latency/av-1/ack bytes=181 forwarded=1
1783349702.395745 publish topic=ipi/detector-output-to-ipi-weak-signal-run-1/latency/av-1/request bytes=388 forwarded=1
1783349702.396441 publish topic=ipi/detector-output-to-ipi-weak-signal-run-1/latency/av-1/ack bytes=181 forwarded=1
1783349702.625915 publish topic=ipi/detector-output-to-ipi-weak-signal-run-1/latency/av-1/request bytes=388 forwarded=1
1783349702.626609 publish topic=ipi/detector-output-to-ipi-weak-signal-run-1/latency/av-1/ack bytes=181 forwarded=1
1783349702.856431 publish topic=ipi/detector-output-to-ipi-weak-signal-run-1/latency/av-1/request bytes=388 forwarded=1
1783349702.857139 publish topic=ipi/detector-output-to-ipi-weak-signal-run-1/latency/av-1/ack bytes=181 forwarded=1
1783349703.086445 publish topic=ipi/detector-output-to-ipi-weak-signal-run-1/latency/av-1/request bytes=388 forwarded=1
1783349703.087138 publish topic=ipi/detector-output-to-ipi-weak-signal-run-1/latency/av-1/ack bytes=181 forwarded=1
1783349703.316854 publish topic=ipi/detector-output-to-ipi-weak-signal-run-1/latency/av-1/request bytes=388 forwarded=1
1783349703.317564 publish topic=ipi/detector-output-to-ipi-weak-signal-run-1/latency/av-1/ack bytes=181 forwarded=1
1783349703.537186 publish topic=ipi/detector-output-to-ipi-weak-signal-run-1/latency/av-1/request bytes=388 forwarded=1
1783349703.537876 publish topic=ipi/detector-output-to-ipi-weak-signal-run-1/latency/av-1/ack bytes=181 forwarded=1
1783349703.767298 publish topic=ipi/detector-output-to-ipi-weak-signal-run-1/latency/av-1/request bytes=388 forwarded=1
1783349703.768001 publish topic=ipi/detector-output-to-ipi-weak-signal-run-1/latency/av-1/ack bytes=181 forwarded=1
1783349703.987574 publish topic=ipi/detector-output-to-ipi-weak-signal-run-1/latency/av-1/request bytes=388 forwarded=1
1783349703.988264 publish topic=ipi/detector-output-to-ipi-weak-signal-run-1/latency/av-1/ack bytes=181 forwarded=1
1783349704.217787 publish topic=ipi/detector-output-to-ipi-weak-signal-run-1/latency/av-1/request bytes=388 forwarded=1
1783349704.218547 publish topic=ipi/detector-output-to-ipi-weak-signal-run-1/latency/av-1/ack bytes=181 forwarded=1
1783349704.437907 publish topic=ipi/detector-output-to-ipi-weak-signal-run-1/latency/av-1/request bytes=388 forwarded=1
1783349704.438630 publish topic=ipi/detector-output-to-ipi-weak-signal-run-1/latency/av-1/ack bytes=181 forwarded=1
1783349704.668172 publish topic=ipi/detector-output-to-ipi-weak-signal-run-1/latency/av-1/request bytes=388 forwarded=1
1783349704.668897 publish topic=ipi/detector-output-to-ipi-weak-signal-run-1/latency/av-1/ack bytes=181 forwarded=1
1783349704.888355 publish topic=ipi/detector-output-to-ipi-weak-signal-run-1/latency/av-1/request bytes=388 forwarded=1
1783349704.889035 publish topic=ipi/detector-output-to-ipi-weak-signal-run-1/latency/av-1/ack bytes=181 forwarded=1
1783349705.108647 publish topic=ipi/detector-output-to-ipi-weak-signal-run-1/latency/av-1/request bytes=388 forwarded=1
1783349705.109338 publish topic=ipi/detector-output-to-ipi-weak-signal-run-1/latency/av-1/ack bytes=181 forwarded=1
1783349705.328762 publish topic=ipi/detector-output-to-ipi-weak-signal-run-1/latency/av-1/request bytes=388 forwarded=1
1783349705.329449 publish topic=ipi/detector-output-to-ipi-weak-signal-run-1/latency/av-1/ack bytes=181 forwarded=1
1783349705.549139 publish topic=ipi/detector-output-to-ipi-weak-signal-run-1/latency/av-1/request bytes=388 forwarded=1
1783349705.549841 publish topic=ipi/detector-output-to-ipi-weak-signal-run-1/latency/av-1/ack bytes=181 forwarded=1
1783349705.769137 publish topic=ipi/detector-output-to-ipi-weak-signal-run-1/latency/av-1/request bytes=388 forwarded=1
1783349705.769871 publish topic=ipi/detector-output-to-ipi-weak-signal-run-1/latency/av-1/ack bytes=181 forwarded=1
1783349705.989422 publish topic=ipi/detector-output-to-ipi-weak-signal-run-1/latency/av-1/request bytes=388 forwarded=1
1783349705.990136 publish topic=ipi/detector-output-to-ipi-weak-signal-run-1/latency/av-1/ack bytes=181 forwarded=1
1783349706.209579 publish topic=ipi/detector-output-to-ipi-weak-signal-run-1/latency/av-1/request bytes=388 forwarded=1
1783349706.210362 publish topic=ipi/detector-output-to-ipi-weak-signal-run-1/latency/av-1/ack bytes=181 forwarded=1
1783349706.429794 publish topic=ipi/detector-output-to-ipi-weak-signal-run-1/latency/av-1/request bytes=388 forwarded=1
1783349706.430532 publish topic=ipi/detector-output-to-ipi-weak-signal-run-1/latency/av-1/ack bytes=181 forwarded=1
1783349706.650012 publish topic=ipi/detector-output-to-ipi-weak-signal-run-1/latency/av-1/request bytes=388 forwarded=1
1783349706.650712 publish topic=ipi/detector-output-to-ipi-weak-signal-run-1/latency/av-1/ack bytes=181 forwarded=1
1783349706.870254 publish topic=ipi/detector-output-to-ipi-weak-signal-run-1/latency/av-1/request bytes=388 forwarded=1
1783349706.870981 publish topic=ipi/detector-output-to-ipi-weak-signal-run-1/latency/av-1/ack bytes=181 forwarded=1
1783349707.090410 publish topic=ipi/detector-output-to-ipi-weak-signal-run-1/latency/av-1/request bytes=388 forwarded=1
1783349707.091138 publish topic=ipi/detector-output-to-ipi-weak-signal-run-1/latency/av-1/ack bytes=181 forwarded=1
1783349707.310812 publish topic=ipi/detector-output-to-ipi-weak-signal-run-1/latency/av-1/request bytes=388 forwarded=1
1783349707.311535 publish topic=ipi/detector-output-to-ipi-weak-signal-run-1/latency/av-1/ack bytes=181 forwarded=1
1783349707.530932 publish topic=ipi/detector-output-to-ipi-weak-signal-run-1/latency/av-1/request bytes=388 forwarded=1
1783349707.531623 publish topic=ipi/detector-output-to-ipi-weak-signal-run-1/latency/av-1/ack bytes=181 forwarded=1
1783349707.751043 publish topic=ipi/detector-output-to-ipi-weak-signal-run-1/latency/av-1/request bytes=388 forwarded=1
1783349707.751743 publish topic=ipi/detector-output-to-ipi-weak-signal-run-1/latency/av-1/ack bytes=181 forwarded=1
1783349707.971532 publish topic=ipi/detector-output-to-ipi-weak-signal-run-1/latency/av-1/request bytes=388 forwarded=1
1783349707.972215 publish topic=ipi/detector-output-to-ipi-weak-signal-run-1/latency/av-1/ack bytes=181 forwarded=1
1783349708.191483 publish topic=ipi/detector-output-to-ipi-weak-signal-run-1/latency/av-1/request bytes=388 forwarded=1
1783349708.192136 publish topic=ipi/detector-output-to-ipi-weak-signal-run-1/latency/av-1/ack bytes=181 forwarded=1
1783349708.451887 publish topic=ipi/detector-output-to-ipi-weak-signal-run-1/latency/av-1/request bytes=388 forwarded=1
1783349708.452690 publish topic=ipi/detector-output-to-ipi-weak-signal-run-1/latency/av-1/ack bytes=181 forwarded=1
1783349708.722351 publish topic=ipi/detector-output-to-ipi-weak-signal-run-1/latency/av-1/request bytes=388 forwarded=1
1783349708.723082 publish topic=ipi/detector-output-to-ipi-weak-signal-run-1/latency/av-1/ack bytes=181 forwarded=1
1783349708.972883 publish topic=ipi/detector-output-to-ipi-weak-signal-run-1/latency/av-1/request bytes=388 forwarded=1
1783349708.973576 publish topic=ipi/detector-output-to-ipi-weak-signal-run-1/latency/av-1/ack bytes=181 forwarded=1
1783349709.243269 publish topic=ipi/detector-output-to-ipi-weak-signal-run-1/latency/av-1/request bytes=388 forwarded=1
1783349709.243965 publish topic=ipi/detector-output-to-ipi-weak-signal-run-1/latency/av-1/ack bytes=181 forwarded=1
1783349709.483438 publish topic=ipi/detector-output-to-ipi-weak-signal-run-1/latency/av-1/request bytes=388 forwarded=1
1783349709.484093 publish topic=ipi/detector-output-to-ipi-weak-signal-run-1/latency/av-1/ack bytes=181 forwarded=1
1783349709.734123 publish topic=ipi/detector-output-to-ipi-weak-signal-run-1/latency/av-1/request bytes=388 forwarded=1
1783349709.734876 publish topic=ipi/detector-output-to-ipi-weak-signal-run-1/latency/av-1/ack bytes=181 forwarded=1
1783349709.984615 publish topic=ipi/detector-output-to-ipi-weak-signal-run-1/latency/av-1/request bytes=388 forwarded=1
1783349709.985368 publish topic=ipi/detector-output-to-ipi-weak-signal-run-1/latency/av-1/ack bytes=181 forwarded=1
1783349710.214967 publish topic=ipi/detector-output-to-ipi-weak-signal-run-1/latency/av-1/request bytes=388 forwarded=1
1783349710.215671 publish topic=ipi/detector-output-to-ipi-weak-signal-run-1/latency/av-1/ack bytes=181 forwarded=1
1783349710.455282 publish topic=ipi/detector-output-to-ipi-weak-signal-run-1/latency/av-1/request bytes=388 forwarded=1
1783349710.455984 publish topic=ipi/detector-output-to-ipi-weak-signal-run-1/latency/av-1/ack bytes=181 forwarded=1
1783349710.695616 publish topic=ipi/detector-output-to-ipi-weak-signal-run-1/latency/av-1/request bytes=388 forwarded=1
1783349710.696304 publish topic=ipi/detector-output-to-ipi-weak-signal-run-1/latency/av-1/ack bytes=181 forwarded=1
1783349710.915761 publish topic=ipi/detector-output-to-ipi-weak-signal-run-1/latency/av-1/request bytes=388 forwarded=1
1783349710.916409 publish topic=ipi/detector-output-to-ipi-weak-signal-run-1/latency/av-1/ack bytes=181 forwarded=1
1783349711.146036 publish topic=ipi/detector-output-to-ipi-weak-signal-run-1/latency/av-1/request bytes=388 forwarded=1
1783349711.146738 publish topic=ipi/detector-output-to-ipi-weak-signal-run-1/latency/av-1/ack bytes=181 forwarded=1
1783349711.376460 publish topic=ipi/detector-output-to-ipi-weak-signal-run-1/latency/av-1/request bytes=388 forwarded=1
1783349711.377184 publish topic=ipi/detector-output-to-ipi-weak-signal-run-1/latency/av-1/ack bytes=181 forwarded=1
1783349711.606619 publish topic=ipi/detector-output-to-ipi-weak-signal-run-1/latency/av-1/request bytes=388 forwarded=1
1783349711.607301 publish topic=ipi/detector-output-to-ipi-weak-signal-run-1/latency/av-1/ack bytes=181 forwarded=1
1783349711.826915 publish topic=ipi/detector-output-to-ipi-weak-signal-run-1/latency/av-1/request bytes=388 forwarded=1
1783349711.827599 publish topic=ipi/detector-output-to-ipi-weak-signal-run-1/latency/av-1/ack bytes=181 forwarded=1
1783349712.047086 publish topic=ipi/detector-output-to-ipi-weak-signal-run-1/latency/av-1/request bytes=388 forwarded=1
1783349712.047747 publish topic=ipi/detector-output-to-ipi-weak-signal-run-1/latency/av-1/ack bytes=181 forwarded=1
1783349712.267448 publish topic=ipi/detector-output-to-ipi-weak-signal-run-1/latency/av-1/request bytes=388 forwarded=1
1783349712.268159 publish topic=ipi/detector-output-to-ipi-weak-signal-run-1/latency/av-1/ack bytes=181 forwarded=1
1783349712.487388 publish topic=ipi/detector-output-to-ipi-weak-signal-run-1/latency/av-1/request bytes=388 forwarded=1
1783349712.488062 publish topic=ipi/detector-output-to-ipi-weak-signal-run-1/latency/av-1/ack bytes=181 forwarded=1
1783349712.707760 publish topic=ipi/detector-output-to-ipi-weak-signal-run-1/latency/av-1/request bytes=388 forwarded=1
1783349712.708443 publish topic=ipi/detector-output-to-ipi-weak-signal-run-1/latency/av-1/ack bytes=181 forwarded=1
1783349712.928110 publish topic=ipi/detector-output-to-ipi-weak-signal-run-1/latency/av-1/request bytes=388 forwarded=1
1783349712.928764 publish topic=ipi/detector-output-to-ipi-weak-signal-run-1/latency/av-1/ack bytes=181 forwarded=1
1783349713.148269 publish topic=ipi/detector-output-to-ipi-weak-signal-run-1/latency/av-1/request bytes=388 forwarded=1
1783349713.148969 publish topic=ipi/detector-output-to-ipi-weak-signal-run-1/latency/av-1/ack bytes=181 forwarded=1
1783349713.368564 publish topic=ipi/detector-output-to-ipi-weak-signal-run-1/latency/av-1/request bytes=388 forwarded=1
1783349713.369317 publish topic=ipi/detector-output-to-ipi-weak-signal-run-1/latency/av-1/ack bytes=181 forwarded=1
1783349713.588744 publish topic=ipi/detector-output-to-ipi-weak-signal-run-1/latency/av-1/request bytes=388 forwarded=1
1783349713.589438 publish topic=ipi/detector-output-to-ipi-weak-signal-run-1/latency/av-1/ack bytes=181 forwarded=1
1783349713.809026 publish topic=ipi/detector-output-to-ipi-weak-signal-run-1/latency/av-1/request bytes=388 forwarded=1
1783349713.809733 publish topic=ipi/detector-output-to-ipi-weak-signal-run-1/latency/av-1/ack bytes=181 forwarded=1
1783349714.029224 publish topic=ipi/detector-output-to-ipi-weak-signal-run-1/latency/av-1/request bytes=388 forwarded=1
1783349714.029932 publish topic=ipi/detector-output-to-ipi-weak-signal-run-1/latency/av-1/ack bytes=181 forwarded=1
1783349714.249237 publish topic=ipi/detector-output-to-ipi-weak-signal-run-1/latency/av-1/request bytes=388 forwarded=1
1783349714.249928 publish topic=ipi/detector-output-to-ipi-weak-signal-run-1/latency/av-1/ack bytes=181 forwarded=1
1783349714.469686 publish topic=ipi/detector-output-to-ipi-weak-signal-run-1/latency/av-1/request bytes=388 forwarded=1
1783349714.470488 publish topic=ipi/detector-output-to-ipi-weak-signal-run-1/latency/av-1/ack bytes=181 forwarded=1
1783349714.689759 publish topic=ipi/detector-output-to-ipi-weak-signal-run-1/latency/av-1/request bytes=388 forwarded=1
1783349714.690535 publish topic=ipi/detector-output-to-ipi-weak-signal-run-1/latency/av-1/ack bytes=181 forwarded=1
1783349714.909990 publish topic=ipi/detector-output-to-ipi-weak-signal-run-1/latency/av-1/request bytes=388 forwarded=1
1783349714.910719 publish topic=ipi/detector-output-to-ipi-weak-signal-run-1/latency/av-1/ack bytes=181 forwarded=1
1783349715.130438 publish topic=ipi/detector-output-to-ipi-weak-signal-run-1/latency/av-1/request bytes=388 forwarded=1
1783349715.131209 publish topic=ipi/detector-output-to-ipi-weak-signal-run-1/latency/av-1/ack bytes=181 forwarded=1
1783349715.350722 publish topic=ipi/detector-output-to-ipi-weak-signal-run-1/latency/av-1/request bytes=388 forwarded=1
1783349715.351396 publish topic=ipi/detector-output-to-ipi-weak-signal-run-1/latency/av-1/ack bytes=181 forwarded=1
1783349715.570944 publish topic=ipi/detector-output-to-ipi-weak-signal-run-1/latency/av-1/request bytes=388 forwarded=1
1783349715.571638 publish topic=ipi/detector-output-to-ipi-weak-signal-run-1/latency/av-1/ack bytes=181 forwarded=1
1783349715.791028 publish topic=ipi/detector-output-to-ipi-weak-signal-run-1/latency/av-1/request bytes=388 forwarded=1
1783349715.791700 publish topic=ipi/detector-output-to-ipi-weak-signal-run-1/latency/av-1/ack bytes=181 forwarded=1
1783349716.011502 publish topic=ipi/detector-output-to-ipi-weak-signal-run-1/latency/av-1/request bytes=388 forwarded=1
1783349716.012177 publish topic=ipi/detector-output-to-ipi-weak-signal-run-1/latency/av-1/ack bytes=181 forwarded=1
1783349716.231596 publish topic=ipi/detector-output-to-ipi-weak-signal-run-1/latency/av-1/request bytes=388 forwarded=1
1783349716.232283 publish topic=ipi/detector-output-to-ipi-weak-signal-run-1/latency/av-1/ack bytes=181 forwarded=1
1783349716.461912 publish topic=ipi/detector-output-to-ipi-weak-signal-run-1/latency/av-1/request bytes=388 forwarded=1
1783349716.462588 publish topic=ipi/detector-output-to-ipi-weak-signal-run-1/latency/av-1/ack bytes=181 forwarded=1
1783349716.692148 publish topic=ipi/detector-output-to-ipi-weak-signal-run-1/latency/av-1/request bytes=388 forwarded=1
1783349716.692869 publish topic=ipi/detector-output-to-ipi-weak-signal-run-1/latency/av-1/ack bytes=181 forwarded=1
1783349716.912336 publish topic=ipi/detector-output-to-ipi-weak-signal-run-1/latency/av-1/request bytes=388 forwarded=1
1783349716.913020 publish topic=ipi/detector-output-to-ipi-weak-signal-run-1/latency/av-1/ack bytes=181 forwarded=1
1783349717.132587 publish topic=ipi/detector-output-to-ipi-weak-signal-run-1/latency/av-1/request bytes=388 forwarded=1
1783349717.133298 publish topic=ipi/detector-output-to-ipi-weak-signal-run-1/latency/av-1/ack bytes=181 forwarded=1
1783349717.372827 publish topic=ipi/detector-output-to-ipi-weak-signal-run-1/latency/av-1/request bytes=388 forwarded=1
1783349717.373535 publish topic=ipi/detector-output-to-ipi-weak-signal-run-1/latency/av-1/ack bytes=181 forwarded=1
1783349717.613150 publish topic=ipi/detector-output-to-ipi-weak-signal-run-1/latency/av-1/request bytes=388 forwarded=1
1783349717.613869 publish topic=ipi/detector-output-to-ipi-weak-signal-run-1/latency/av-1/ack bytes=181 forwarded=1
1783349717.853453 publish topic=ipi/detector-output-to-ipi-weak-signal-run-1/latency/av-1/request bytes=388 forwarded=1
1783349717.854200 publish topic=ipi/detector-output-to-ipi-weak-signal-run-1/latency/av-1/ack bytes=181 forwarded=1
1783349718.093657 publish topic=ipi/detector-output-to-ipi-weak-signal-run-1/latency/av-1/request bytes=388 forwarded=1
1783349718.094323 publish topic=ipi/detector-output-to-ipi-weak-signal-run-1/latency/av-1/ack bytes=181 forwarded=1
1783349718.373919 publish topic=ipi/detector-output-to-ipi-weak-signal-run-1/latency/av-1/request bytes=388 forwarded=1
1783349718.374645 publish topic=ipi/detector-output-to-ipi-weak-signal-run-1/latency/av-1/ack bytes=181 forwarded=1
1783349718.614479 publish topic=ipi/detector-output-to-ipi-weak-signal-run-1/latency/av-1/request bytes=388 forwarded=1
1783349718.615218 publish topic=ipi/detector-output-to-ipi-weak-signal-run-1/latency/av-1/ack bytes=181 forwarded=1
1783349718.854790 publish topic=ipi/detector-output-to-ipi-weak-signal-run-1/latency/av-1/request bytes=388 forwarded=1
1783349718.855494 publish topic=ipi/detector-output-to-ipi-weak-signal-run-1/latency/av-1/ack bytes=181 forwarded=1
1783349719.094861 publish topic=ipi/detector-output-to-ipi-weak-signal-run-1/latency/av-1/request bytes=388 forwarded=1
1783349719.095561 publish topic=ipi/detector-output-to-ipi-weak-signal-run-1/latency/av-1/ack bytes=181 forwarded=1
1783349719.335247 publish topic=ipi/detector-output-to-ipi-weak-signal-run-1/latency/av-1/request bytes=388 forwarded=1
1783349719.335972 publish topic=ipi/detector-output-to-ipi-weak-signal-run-1/latency/av-1/ack bytes=181 forwarded=1
1783349719.575652 publish topic=ipi/detector-output-to-ipi-weak-signal-run-1/latency/av-1/request bytes=388 forwarded=1
1783349719.576344 publish topic=ipi/detector-output-to-ipi-weak-signal-run-1/latency/av-1/ack bytes=181 forwarded=1
1783349719.805866 publish topic=ipi/detector-output-to-ipi-weak-signal-run-1/latency/av-1/request bytes=388 forwarded=1
1783349719.806589 publish topic=ipi/detector-output-to-ipi-weak-signal-run-1/latency/av-1/ack bytes=181 forwarded=1
1783349720.036070 publish topic=ipi/detector-output-to-ipi-weak-signal-run-1/latency/av-1/request bytes=388 forwarded=1
1783349720.036849 publish topic=ipi/detector-output-to-ipi-weak-signal-run-1/latency/av-1/ack bytes=181 forwarded=1
1783349720.266377 publish topic=ipi/detector-output-to-ipi-weak-signal-run-1/latency/av-1/request bytes=388 forwarded=1
1783349720.267132 publish topic=ipi/detector-output-to-ipi-weak-signal-run-1/latency/av-1/ack bytes=181 forwarded=1
1783349720.526630 publish topic=ipi/detector-output-to-ipi-weak-signal-run-1/latency/av-1/request bytes=388 forwarded=1
1783349720.527336 publish topic=ipi/detector-output-to-ipi-weak-signal-run-1/latency/av-1/ack bytes=181 forwarded=1
1783349720.797167 publish topic=ipi/detector-output-to-ipi-weak-signal-run-1/latency/av-1/request bytes=388 forwarded=1
1783349720.797893 publish topic=ipi/detector-output-to-ipi-weak-signal-run-1/latency/av-1/ack bytes=181 forwarded=1
1783349721.077600 publish topic=ipi/detector-output-to-ipi-weak-signal-run-1/latency/av-1/request bytes=388 forwarded=1
1783349721.078354 publish topic=ipi/detector-output-to-ipi-weak-signal-run-1/latency/av-1/ack bytes=181 forwarded=1
1783349721.367948 publish topic=ipi/detector-output-to-ipi-weak-signal-run-1/latency/av-1/request bytes=388 forwarded=1
1783349721.368706 publish topic=ipi/detector-output-to-ipi-weak-signal-run-1/latency/av-1/ack bytes=181 forwarded=1
1783349721.638501 publish topic=ipi/detector-output-to-ipi-weak-signal-run-1/latency/av-1/request bytes=388 forwarded=1
1783349721.639230 publish topic=ipi/detector-output-to-ipi-weak-signal-run-1/latency/av-1/ack bytes=181 forwarded=1
1783349721.888726 publish topic=ipi/detector-output-to-ipi-weak-signal-run-1/latency/av-1/request bytes=388 forwarded=1
1783349721.889452 publish topic=ipi/detector-output-to-ipi-weak-signal-run-1/latency/av-1/ack bytes=181 forwarded=1
1783349722.149344 publish topic=ipi/detector-output-to-ipi-weak-signal-run-1/latency/av-1/request bytes=388 forwarded=1
1783349722.150171 publish topic=ipi/detector-output-to-ipi-weak-signal-run-1/latency/av-1/ack bytes=181 forwarded=1
1783349722.419596 publish topic=ipi/detector-output-to-ipi-weak-signal-run-1/latency/av-1/request bytes=388 forwarded=1
1783349722.420338 publish topic=ipi/detector-output-to-ipi-weak-signal-run-1/latency/av-1/ack bytes=181 forwarded=1
1783349722.660105 publish topic=ipi/detector-output-to-ipi-weak-signal-run-1/latency/av-1/request bytes=388 forwarded=1
1783349722.660830 publish topic=ipi/detector-output-to-ipi-weak-signal-run-1/latency/av-1/ack bytes=181 forwarded=1
1783349722.890356 publish topic=ipi/detector-output-to-ipi-weak-signal-run-1/latency/av-1/request bytes=388 forwarded=1
1783349722.891088 publish topic=ipi/detector-output-to-ipi-weak-signal-run-1/latency/av-1/ack bytes=181 forwarded=1
1783349723.110929 publish topic=ipi/detector-output-to-ipi-weak-signal-run-1/latency/av-1/request bytes=388 forwarded=1
1783349723.111660 publish topic=ipi/detector-output-to-ipi-weak-signal-run-1/latency/av-1/ack bytes=181 forwarded=1
1783349723.350972 publish topic=ipi/detector-output-to-ipi-weak-signal-run-1/latency/av-1/request bytes=388 forwarded=1
1783349723.351752 publish topic=ipi/detector-output-to-ipi-weak-signal-run-1/latency/av-1/ack bytes=181 forwarded=1
1783349723.571229 publish topic=ipi/detector-output-to-ipi-weak-signal-run-1/latency/av-1/request bytes=388 forwarded=1
1783349723.571945 publish topic=ipi/detector-output-to-ipi-weak-signal-run-1/latency/av-1/ack bytes=181 forwarded=1
1783349723.791624 publish topic=ipi/detector-output-to-ipi-weak-signal-run-1/latency/av-1/request bytes=388 forwarded=1
1783349723.792322 publish topic=ipi/detector-output-to-ipi-weak-signal-run-1/latency/av-1/ack bytes=181 forwarded=1
1783349724.011737 publish topic=ipi/detector-output-to-ipi-weak-signal-run-1/latency/av-1/request bytes=388 forwarded=1
1783349724.012442 publish topic=ipi/detector-output-to-ipi-weak-signal-run-1/latency/av-1/ack bytes=181 forwarded=1
1783349724.232089 publish topic=ipi/detector-output-to-ipi-weak-signal-run-1/latency/av-1/request bytes=388 forwarded=1
1783349724.232792 publish topic=ipi/detector-output-to-ipi-weak-signal-run-1/latency/av-1/ack bytes=181 forwarded=1
1783349724.452337 publish topic=ipi/detector-output-to-ipi-weak-signal-run-1/latency/av-1/request bytes=388 forwarded=1
1783349724.453184 publish topic=ipi/detector-output-to-ipi-weak-signal-run-1/latency/av-1/ack bytes=181 forwarded=1
1783349724.672529 publish topic=ipi/detector-output-to-ipi-weak-signal-run-1/latency/av-1/request bytes=388 forwarded=1
1783349724.672941 publish topic=ipi/detector-output-to-ipi-weak-signal-run-1/latency/av-1/ack bytes=181 forwarded=1
1783349724.892801 publish topic=ipi/detector-output-to-ipi-weak-signal-run-1/latency/av-1/request bytes=388 forwarded=1
1783349724.893447 publish topic=ipi/detector-output-to-ipi-weak-signal-run-1/latency/av-1/ack bytes=181 forwarded=1
1783349725.133005 publish topic=ipi/detector-output-to-ipi-weak-signal-run-1/latency/av-1/request bytes=388 forwarded=1
1783349725.133789 publish topic=ipi/detector-output-to-ipi-weak-signal-run-1/latency/av-1/ack bytes=181 forwarded=1
1783349725.373279 publish topic=ipi/detector-output-to-ipi-weak-signal-run-1/latency/av-1/request bytes=388 forwarded=1
1783349725.374016 publish topic=ipi/detector-output-to-ipi-weak-signal-run-1/latency/av-1/ack bytes=181 forwarded=1
1783349725.593390 publish topic=ipi/detector-output-to-ipi-weak-signal-run-1/latency/av-1/request bytes=388 forwarded=1
1783349725.594042 publish topic=ipi/detector-output-to-ipi-weak-signal-run-1/latency/av-1/ack bytes=181 forwarded=1
1783349725.833964 publish topic=ipi/detector-output-to-ipi-weak-signal-run-1/latency/av-1/request bytes=388 forwarded=1
1783349725.834665 publish topic=ipi/detector-output-to-ipi-weak-signal-run-1/latency/av-1/ack bytes=181 forwarded=1
1783349726.054049 publish topic=ipi/detector-output-to-ipi-weak-signal-run-1/latency/av-1/request bytes=388 forwarded=1
1783349726.054832 publish topic=ipi/detector-output-to-ipi-weak-signal-run-1/latency/av-1/ack bytes=181 forwarded=1
1783349726.294346 publish topic=ipi/detector-output-to-ipi-weak-signal-run-1/latency/av-1/request bytes=388 forwarded=1
1783349726.295041 publish topic=ipi/detector-output-to-ipi-weak-signal-run-1/latency/av-1/ack bytes=181 forwarded=1
1783349726.534696 publish topic=ipi/detector-output-to-ipi-weak-signal-run-1/latency/av-1/request bytes=388 forwarded=1
1783349726.535407 publish topic=ipi/detector-output-to-ipi-weak-signal-run-1/latency/av-1/ack bytes=181 forwarded=1
1783349726.774875 publish topic=ipi/detector-output-to-ipi-weak-signal-run-1/latency/av-1/request bytes=388 forwarded=1
1783349726.775580 publish topic=ipi/detector-output-to-ipi-weak-signal-run-1/latency/av-1/ack bytes=181 forwarded=1
1783349727.015086 publish topic=ipi/detector-output-to-ipi-weak-signal-run-1/latency/av-1/request bytes=388 forwarded=1
1783349727.015819 publish topic=ipi/detector-output-to-ipi-weak-signal-run-1/latency/av-1/ack bytes=181 forwarded=1
1783349727.255152 publish topic=ipi/detector-output-to-ipi-weak-signal-run-1/latency/av-1/request bytes=388 forwarded=1
1783349727.255900 publish topic=ipi/detector-output-to-ipi-weak-signal-run-1/latency/av-1/ack bytes=181 forwarded=1
1783349727.495550 publish topic=ipi/detector-output-to-ipi-weak-signal-run-1/latency/av-1/request bytes=388 forwarded=1
1783349727.496289 publish topic=ipi/detector-output-to-ipi-weak-signal-run-1/latency/av-1/ack bytes=181 forwarded=1
1783349727.735550 publish topic=ipi/detector-output-to-ipi-weak-signal-run-1/latency/av-1/request bytes=388 forwarded=1
1783349727.736259 publish topic=ipi/detector-output-to-ipi-weak-signal-run-1/latency/av-1/ack bytes=181 forwarded=1
1783349727.975958 publish topic=ipi/detector-output-to-ipi-weak-signal-run-1/latency/av-1/request bytes=388 forwarded=1
1783349727.976722 publish topic=ipi/detector-output-to-ipi-weak-signal-run-1/latency/av-1/ack bytes=181 forwarded=1
1783349728.216206 publish topic=ipi/detector-output-to-ipi-weak-signal-run-1/latency/av-1/request bytes=388 forwarded=1
1783349728.216908 publish topic=ipi/detector-output-to-ipi-weak-signal-run-1/latency/av-1/ack bytes=181 forwarded=1
1783349728.446230 publish topic=ipi/detector-output-to-ipi-weak-signal-run-1/latency/av-1/request bytes=388 forwarded=1
1783349728.446995 publish topic=ipi/detector-output-to-ipi-weak-signal-run-1/latency/av-1/ack bytes=181 forwarded=1
1783349728.676458 publish topic=ipi/detector-output-to-ipi-weak-signal-run-1/latency/av-1/request bytes=388 forwarded=1
1783349728.677196 publish topic=ipi/detector-output-to-ipi-weak-signal-run-1/latency/av-1/ack bytes=181 forwarded=1
1783349728.906757 publish topic=ipi/detector-output-to-ipi-weak-signal-run-1/latency/av-1/request bytes=388 forwarded=1
1783349728.907494 publish topic=ipi/detector-output-to-ipi-weak-signal-run-1/latency/av-1/ack bytes=181 forwarded=1
1783349729.126709 publish topic=ipi/detector-output-to-ipi-weak-signal-run-1/latency/av-1/request bytes=388 forwarded=1
1783349729.127393 publish topic=ipi/detector-output-to-ipi-weak-signal-run-1/latency/av-1/ack bytes=181 forwarded=1
1783349729.346854 publish topic=ipi/detector-output-to-ipi-weak-signal-run-1/latency/av-1/request bytes=388 forwarded=1
1783349729.347583 publish topic=ipi/detector-output-to-ipi-weak-signal-run-1/latency/av-1/ack bytes=181 forwarded=1
1783349729.566960 publish topic=ipi/detector-output-to-ipi-weak-signal-run-1/latency/av-1/request bytes=388 forwarded=1
1783349729.567714 publish topic=ipi/detector-output-to-ipi-weak-signal-run-1/latency/av-1/ack bytes=181 forwarded=1
1783349729.797216 publish topic=ipi/detector-output-to-ipi-weak-signal-run-1/latency/av-1/request bytes=388 forwarded=1
1783349729.797951 publish topic=ipi/detector-output-to-ipi-weak-signal-run-1/latency/av-1/ack bytes=181 forwarded=1
1783349730.027449 publish topic=ipi/detector-output-to-ipi-weak-signal-run-1/latency/av-1/request bytes=388 forwarded=1
1783349730.028183 publish topic=ipi/detector-output-to-ipi-weak-signal-run-1/latency/av-1/ack bytes=181 forwarded=1
1783349730.247491 publish topic=ipi/detector-output-to-ipi-weak-signal-run-1/latency/av-1/request bytes=388 forwarded=1
1783349730.248225 publish topic=ipi/detector-output-to-ipi-weak-signal-run-1/latency/av-1/ack bytes=181 forwarded=1
1783349730.467916 publish topic=ipi/detector-output-to-ipi-weak-signal-run-1/latency/av-1/request bytes=388 forwarded=1
1783349730.468723 publish topic=ipi/detector-output-to-ipi-weak-signal-run-1/latency/av-1/ack bytes=181 forwarded=1
1783349730.688051 publish topic=ipi/detector-output-to-ipi-weak-signal-run-1/latency/av-1/request bytes=388 forwarded=1
1783349730.688800 publish topic=ipi/detector-output-to-ipi-weak-signal-run-1/latency/av-1/ack bytes=181 forwarded=1
1783349730.908268 publish topic=ipi/detector-output-to-ipi-weak-signal-run-1/latency/av-1/request bytes=388 forwarded=1
1783349730.908999 publish topic=ipi/detector-output-to-ipi-weak-signal-run-1/latency/av-1/ack bytes=181 forwarded=1
1783349731.128504 publish topic=ipi/detector-output-to-ipi-weak-signal-run-1/latency/av-1/request bytes=388 forwarded=1
1783349731.129246 publish topic=ipi/detector-output-to-ipi-weak-signal-run-1/latency/av-1/ack bytes=181 forwarded=1
1783349731.348657 publish topic=ipi/detector-output-to-ipi-weak-signal-run-1/latency/av-1/request bytes=388 forwarded=1
1783349731.349400 publish topic=ipi/detector-output-to-ipi-weak-signal-run-1/latency/av-1/ack bytes=181 forwarded=1
1783349731.568815 publish topic=ipi/detector-output-to-ipi-weak-signal-run-1/latency/av-1/request bytes=388 forwarded=1
1783349731.569528 publish topic=ipi/detector-output-to-ipi-weak-signal-run-1/latency/av-1/ack bytes=181 forwarded=1
1783349731.789021 publish topic=ipi/detector-output-to-ipi-weak-signal-run-1/latency/av-1/request bytes=388 forwarded=1
1783349731.789758 publish topic=ipi/detector-output-to-ipi-weak-signal-run-1/latency/av-1/ack bytes=181 forwarded=1
1783349732.009090 publish topic=ipi/detector-output-to-ipi-weak-signal-run-1/latency/av-1/request bytes=388 forwarded=1
1783349732.009892 publish topic=ipi/detector-output-to-ipi-weak-signal-run-1/latency/av-1/ack bytes=181 forwarded=1
1783349732.229289 publish topic=ipi/detector-output-to-ipi-weak-signal-run-1/latency/av-1/request bytes=388 forwarded=1
1783349732.230007 publish topic=ipi/detector-output-to-ipi-weak-signal-run-1/latency/av-1/ack bytes=181 forwarded=1
1783349732.469445 publish topic=ipi/detector-output-to-ipi-weak-signal-run-1/latency/av-1/request bytes=388 forwarded=1
1783349732.470180 publish topic=ipi/detector-output-to-ipi-weak-signal-run-1/latency/av-1/ack bytes=181 forwarded=1
1783349732.689861 publish topic=ipi/detector-output-to-ipi-weak-signal-run-1/latency/av-1/request bytes=388 forwarded=1
1783349732.690629 publish topic=ipi/detector-output-to-ipi-weak-signal-run-1/latency/av-1/ack bytes=181 forwarded=1
1783349732.930106 publish topic=ipi/detector-output-to-ipi-weak-signal-run-1/latency/av-1/request bytes=388 forwarded=1
1783349732.930890 publish topic=ipi/detector-output-to-ipi-weak-signal-run-1/latency/av-1/ack bytes=181 forwarded=1
1783349733.170314 publish topic=ipi/detector-output-to-ipi-weak-signal-run-1/latency/av-1/request bytes=388 forwarded=1
1783349733.171169 publish topic=ipi/detector-output-to-ipi-weak-signal-run-1/latency/av-1/ack bytes=181 forwarded=1
1783349733.430746 publish topic=ipi/detector-output-to-ipi-weak-signal-run-1/latency/av-1/request bytes=388 forwarded=1
1783349733.431471 publish topic=ipi/detector-output-to-ipi-weak-signal-run-1/latency/av-1/ack bytes=181 forwarded=1
1783349733.671038 publish topic=ipi/detector-output-to-ipi-weak-signal-run-1/latency/av-1/request bytes=388 forwarded=1
1783349733.671780 publish topic=ipi/detector-output-to-ipi-weak-signal-run-1/latency/av-1/ack bytes=181 forwarded=1
1783349733.931391 publish topic=ipi/detector-output-to-ipi-weak-signal-run-1/latency/av-1/request bytes=388 forwarded=1
1783349733.932107 publish topic=ipi/detector-output-to-ipi-weak-signal-run-1/latency/av-1/ack bytes=181 forwarded=1
1783349734.191921 publish topic=ipi/detector-output-to-ipi-weak-signal-run-1/latency/av-1/request bytes=388 forwarded=1
1783349734.192670 publish topic=ipi/detector-output-to-ipi-weak-signal-run-1/latency/av-1/ack bytes=181 forwarded=1
1783349734.442297 publish topic=ipi/detector-output-to-ipi-weak-signal-run-1/latency/av-1/request bytes=388 forwarded=1
1783349734.443033 publish topic=ipi/detector-output-to-ipi-weak-signal-run-1/latency/av-1/ack bytes=181 forwarded=1
1783349734.782740 publish topic=ipi/detector-output-to-ipi-weak-signal-run-1/latency/av-1/request bytes=388 forwarded=1
1783349734.783474 publish topic=ipi/detector-output-to-ipi-weak-signal-run-1/latency/av-1/ack bytes=181 forwarded=1
1783349735.012993 publish topic=ipi/detector-output-to-ipi-weak-signal-run-1/latency/av-1/request bytes=388 forwarded=1
1783349735.013724 publish topic=ipi/detector-output-to-ipi-weak-signal-run-1/latency/av-1/ack bytes=181 forwarded=1
1783349735.243176 publish topic=ipi/detector-output-to-ipi-weak-signal-run-1/latency/av-1/request bytes=388 forwarded=1
1783349735.243936 publish topic=ipi/detector-output-to-ipi-weak-signal-run-1/latency/av-1/ack bytes=181 forwarded=1
1783349735.473327 publish topic=ipi/detector-output-to-ipi-weak-signal-run-1/latency/av-1/request bytes=388 forwarded=1
1783349735.474120 publish topic=ipi/detector-output-to-ipi-weak-signal-run-1/latency/av-1/ack bytes=181 forwarded=1
1783349735.693532 publish topic=ipi/detector-output-to-ipi-weak-signal-run-1/latency/av-1/request bytes=388 forwarded=1
1783349735.694273 publish topic=ipi/detector-output-to-ipi-weak-signal-run-1/latency/av-1/ack bytes=181 forwarded=1
1783349735.913992 publish topic=ipi/detector-output-to-ipi-weak-signal-run-1/latency/av-1/request bytes=388 forwarded=1
1783349735.914740 publish topic=ipi/detector-output-to-ipi-weak-signal-run-1/latency/av-1/ack bytes=181 forwarded=1
1783349736.134252 publish topic=ipi/detector-output-to-ipi-weak-signal-run-1/latency/av-1/request bytes=388 forwarded=1
1783349736.134994 publish topic=ipi/detector-output-to-ipi-weak-signal-run-1/latency/av-1/ack bytes=181 forwarded=1
1783349736.374416 publish topic=ipi/detector-output-to-ipi-weak-signal-run-1/latency/av-1/request bytes=388 forwarded=1
1783349736.375185 publish topic=ipi/detector-output-to-ipi-weak-signal-run-1/latency/av-1/ack bytes=181 forwarded=1
1783349736.604547 publish topic=ipi/detector-output-to-ipi-weak-signal-run-1/latency/av-1/request bytes=388 forwarded=1
1783349736.605323 publish topic=ipi/detector-output-to-ipi-weak-signal-run-1/latency/av-1/ack bytes=181 forwarded=1
1783349736.834679 publish topic=ipi/detector-output-to-ipi-weak-signal-run-1/latency/av-1/request bytes=388 forwarded=1
1783349736.835446 publish topic=ipi/detector-output-to-ipi-weak-signal-run-1/latency/av-1/ack bytes=181 forwarded=1
1783349737.065010 publish topic=ipi/detector-output-to-ipi-weak-signal-run-1/latency/av-1/request bytes=388 forwarded=1
1783349737.065773 publish topic=ipi/detector-output-to-ipi-weak-signal-run-1/latency/av-1/ack bytes=181 forwarded=1
1783349737.295124 publish topic=ipi/detector-output-to-ipi-weak-signal-run-1/latency/av-1/request bytes=388 forwarded=1
1783349737.295843 publish topic=ipi/detector-output-to-ipi-weak-signal-run-1/latency/av-1/ack bytes=181 forwarded=1
1783349737.535690 publish topic=ipi/detector-output-to-ipi-weak-signal-run-1/latency/av-1/request bytes=388 forwarded=1
1783349737.536437 publish topic=ipi/detector-output-to-ipi-weak-signal-run-1/latency/av-1/ack bytes=181 forwarded=1
1783349737.766022 publish topic=ipi/detector-output-to-ipi-weak-signal-run-1/latency/av-1/request bytes=388 forwarded=1
1783349737.766742 publish topic=ipi/detector-output-to-ipi-weak-signal-run-1/latency/av-1/ack bytes=181 forwarded=1
1783349738.006168 publish topic=ipi/detector-output-to-ipi-weak-signal-run-1/latency/av-1/request bytes=388 forwarded=1
1783349738.006894 publish topic=ipi/detector-output-to-ipi-weak-signal-run-1/latency/av-1/ack bytes=181 forwarded=1
1783349738.226277 publish topic=ipi/detector-output-to-ipi-weak-signal-run-1/latency/av-1/request bytes=388 forwarded=1
1783349738.226975 publish topic=ipi/detector-output-to-ipi-weak-signal-run-1/latency/av-1/ack bytes=181 forwarded=1
1783349738.446751 publish topic=ipi/detector-output-to-ipi-weak-signal-run-1/latency/av-1/request bytes=388 forwarded=1
1783349738.447449 publish topic=ipi/detector-output-to-ipi-weak-signal-run-1/latency/av-1/ack bytes=181 forwarded=1
1783349738.666929 publish topic=ipi/detector-output-to-ipi-weak-signal-run-1/latency/av-1/request bytes=388 forwarded=1
1783349738.667614 publish topic=ipi/detector-output-to-ipi-weak-signal-run-1/latency/av-1/ack bytes=181 forwarded=1
1783349738.887028 publish topic=ipi/detector-output-to-ipi-weak-signal-run-1/latency/av-1/request bytes=388 forwarded=1
1783349738.887745 publish topic=ipi/detector-output-to-ipi-weak-signal-run-1/latency/av-1/ack bytes=181 forwarded=1
1783349739.117375 publish topic=ipi/detector-output-to-ipi-weak-signal-run-1/latency/av-1/request bytes=388 forwarded=1
1783349739.118133 publish topic=ipi/detector-output-to-ipi-weak-signal-run-1/latency/av-1/ack bytes=181 forwarded=1
1783349739.347524 publish topic=ipi/detector-output-to-ipi-weak-signal-run-1/latency/av-1/request bytes=388 forwarded=1
1783349739.348261 publish topic=ipi/detector-output-to-ipi-weak-signal-run-1/latency/av-1/ack bytes=181 forwarded=1
1783349739.567883 publish topic=ipi/detector-output-to-ipi-weak-signal-run-1/latency/av-1/request bytes=388 forwarded=1
1783349739.568615 publish topic=ipi/detector-output-to-ipi-weak-signal-run-1/latency/av-1/ack bytes=181 forwarded=1
1783349739.787978 publish topic=ipi/detector-output-to-ipi-weak-signal-run-1/latency/av-1/request bytes=388 forwarded=1
1783349739.788747 publish topic=ipi/detector-output-to-ipi-weak-signal-run-1/latency/av-1/ack bytes=181 forwarded=1
1783349740.008304 publish topic=ipi/detector-output-to-ipi-weak-signal-run-1/latency/av-1/request bytes=388 forwarded=1
1783349740.009037 publish topic=ipi/detector-output-to-ipi-weak-signal-run-1/latency/av-1/ack bytes=181 forwarded=1
1783349740.228585 publish topic=ipi/detector-output-to-ipi-weak-signal-run-1/latency/av-1/request bytes=388 forwarded=1
1783349740.229323 publish topic=ipi/detector-output-to-ipi-weak-signal-run-1/latency/av-1/ack bytes=181 forwarded=1
1783349740.468897 publish topic=ipi/detector-output-to-ipi-weak-signal-run-1/latency/av-1/request bytes=388 forwarded=1
1783349740.469648 publish topic=ipi/detector-output-to-ipi-weak-signal-run-1/latency/av-1/ack bytes=181 forwarded=1
1783349740.699074 publish topic=ipi/detector-output-to-ipi-weak-signal-run-1/latency/av-1/request bytes=388 forwarded=1
1783349740.699838 publish topic=ipi/detector-output-to-ipi-weak-signal-run-1/latency/av-1/ack bytes=181 forwarded=1
1783349740.919302 publish topic=ipi/detector-output-to-ipi-weak-signal-run-1/latency/av-1/request bytes=388 forwarded=1
1783349740.920053 publish topic=ipi/detector-output-to-ipi-weak-signal-run-1/latency/av-1/ack bytes=181 forwarded=1
1783349741.139562 publish topic=ipi/detector-output-to-ipi-weak-signal-run-1/latency/av-1/request bytes=388 forwarded=1
1783349741.140295 publish topic=ipi/detector-output-to-ipi-weak-signal-run-1/latency/av-1/ack bytes=181 forwarded=1
1783349741.369847 publish topic=ipi/detector-output-to-ipi-weak-signal-run-1/latency/av-1/request bytes=388 forwarded=1
1783349741.370645 publish topic=ipi/detector-output-to-ipi-weak-signal-run-1/latency/av-1/ack bytes=181 forwarded=1
1783349741.590092 publish topic=ipi/detector-output-to-ipi-weak-signal-run-1/latency/av-1/request bytes=388 forwarded=1
1783349741.590880 publish topic=ipi/detector-output-to-ipi-weak-signal-run-1/latency/av-1/ack bytes=181 forwarded=1
1783349741.810338 publish topic=ipi/detector-output-to-ipi-weak-signal-run-1/latency/av-1/request bytes=388 forwarded=1
1783349741.811105 publish topic=ipi/detector-output-to-ipi-weak-signal-run-1/latency/av-1/ack bytes=181 forwarded=1
1783349742.040902 publish topic=ipi/detector-output-to-ipi-weak-signal-run-1/latency/av-1/request bytes=388 forwarded=1
1783349742.041634 publish topic=ipi/detector-output-to-ipi-weak-signal-run-1/latency/av-1/ack bytes=181 forwarded=1
1783349742.261090 publish topic=ipi/detector-output-to-ipi-weak-signal-run-1/latency/av-1/request bytes=388 forwarded=1
1783349742.261826 publish topic=ipi/detector-output-to-ipi-weak-signal-run-1/latency/av-1/ack bytes=181 forwarded=1
1783349742.481393 publish topic=ipi/detector-output-to-ipi-weak-signal-run-1/latency/av-1/request bytes=388 forwarded=1
1783349742.482208 publish topic=ipi/detector-output-to-ipi-weak-signal-run-1/latency/av-1/ack bytes=181 forwarded=1
1783349742.701546 publish topic=ipi/detector-output-to-ipi-weak-signal-run-1/latency/av-1/request bytes=388 forwarded=1
1783349742.702293 publish topic=ipi/detector-output-to-ipi-weak-signal-run-1/latency/av-1/ack bytes=181 forwarded=1
1783349742.941948 publish topic=ipi/detector-output-to-ipi-weak-signal-run-1/latency/av-1/request bytes=388 forwarded=1
1783349742.942701 publish topic=ipi/detector-output-to-ipi-weak-signal-run-1/latency/av-1/ack bytes=181 forwarded=1
1783349743.172031 publish topic=ipi/detector-output-to-ipi-weak-signal-run-1/latency/av-1/request bytes=388 forwarded=1
1783349743.172822 publish topic=ipi/detector-output-to-ipi-weak-signal-run-1/latency/av-1/ack bytes=181 forwarded=1
1783349743.392429 publish topic=ipi/detector-output-to-ipi-weak-signal-run-1/latency/av-1/request bytes=388 forwarded=1
1783349743.393162 publish topic=ipi/detector-output-to-ipi-weak-signal-run-1/latency/av-1/ack bytes=181 forwarded=1
1783349743.612772 publish topic=ipi/detector-output-to-ipi-weak-signal-run-1/latency/av-1/request bytes=388 forwarded=1
1783349743.613610 publish topic=ipi/detector-output-to-ipi-weak-signal-run-1/latency/av-1/ack bytes=181 forwarded=1
1783349743.852733 publish topic=ipi/detector-output-to-ipi-weak-signal-run-1/latency/av-1/request bytes=388 forwarded=1
1783349743.853452 publish topic=ipi/detector-output-to-ipi-weak-signal-run-1/latency/av-1/ack bytes=181 forwarded=1
1783349744.073237 publish topic=ipi/detector-output-to-ipi-weak-signal-run-1/latency/av-1/request bytes=388 forwarded=1
1783349744.073937 publish topic=ipi/detector-output-to-ipi-weak-signal-run-1/latency/av-1/ack bytes=181 forwarded=1
1783349744.313271 publish topic=ipi/detector-output-to-ipi-weak-signal-run-1/latency/av-1/request bytes=388 forwarded=1
1783349744.313994 publish topic=ipi/detector-output-to-ipi-weak-signal-run-1/latency/av-1/ack bytes=181 forwarded=1
1783349744.553680 publish topic=ipi/detector-output-to-ipi-weak-signal-run-1/latency/av-1/request bytes=388 forwarded=1
1783349744.554378 publish topic=ipi/detector-output-to-ipi-weak-signal-run-1/latency/av-1/ack bytes=181 forwarded=1
1783349744.793748 publish topic=ipi/detector-output-to-ipi-weak-signal-run-1/latency/av-1/request bytes=388 forwarded=1
1783349744.794492 publish topic=ipi/detector-output-to-ipi-weak-signal-run-1/latency/av-1/ack bytes=181 forwarded=1
1783349745.034232 publish topic=ipi/detector-output-to-ipi-weak-signal-run-1/latency/av-1/request bytes=388 forwarded=1
1783349745.034955 publish topic=ipi/detector-output-to-ipi-weak-signal-run-1/latency/av-1/ack bytes=181 forwarded=1
1783349745.274566 publish topic=ipi/detector-output-to-ipi-weak-signal-run-1/latency/av-1/request bytes=388 forwarded=1
1783349745.275269 publish topic=ipi/detector-output-to-ipi-weak-signal-run-1/latency/av-1/ack bytes=181 forwarded=1
1783349745.514767 publish topic=ipi/detector-output-to-ipi-weak-signal-run-1/latency/av-1/request bytes=388 forwarded=1
1783349745.515467 publish topic=ipi/detector-output-to-ipi-weak-signal-run-1/latency/av-1/ack bytes=181 forwarded=1
1783349745.755126 publish topic=ipi/detector-output-to-ipi-weak-signal-run-1/latency/av-1/request bytes=388 forwarded=1
1783349745.755812 publish topic=ipi/detector-output-to-ipi-weak-signal-run-1/latency/av-1/ack bytes=181 forwarded=1
1783349745.975478 publish topic=ipi/detector-output-to-ipi-weak-signal-run-1/latency/av-1/request bytes=388 forwarded=1
1783349745.976168 publish topic=ipi/detector-output-to-ipi-weak-signal-run-1/latency/av-1/ack bytes=181 forwarded=1
1783349746.235609 publish topic=ipi/detector-output-to-ipi-weak-signal-run-1/latency/av-1/request bytes=388 forwarded=1
1783349746.236326 publish topic=ipi/detector-output-to-ipi-weak-signal-run-1/latency/av-1/ack bytes=181 forwarded=1
1783349746.476109 publish topic=ipi/detector-output-to-ipi-weak-signal-run-1/latency/av-1/request bytes=388 forwarded=1
1783349746.476807 publish topic=ipi/detector-output-to-ipi-weak-signal-run-1/latency/av-1/ack bytes=181 forwarded=1
1783349746.726736 publish topic=ipi/detector-output-to-ipi-weak-signal-run-1/latency/av-1/request bytes=388 forwarded=1
1783349746.727428 publish topic=ipi/detector-output-to-ipi-weak-signal-run-1/latency/av-1/ack bytes=181 forwarded=1
1783349746.986845 publish topic=ipi/detector-output-to-ipi-weak-signal-run-1/latency/av-1/request bytes=388 forwarded=1
1783349746.987545 publish topic=ipi/detector-output-to-ipi-weak-signal-run-1/latency/av-1/ack bytes=181 forwarded=1
1783349747.237367 publish topic=ipi/detector-output-to-ipi-weak-signal-run-1/latency/av-1/request bytes=388 forwarded=1
1783349747.238090 publish topic=ipi/detector-output-to-ipi-weak-signal-run-1/latency/av-1/ack bytes=181 forwarded=1
1783349747.488065 publish topic=ipi/detector-output-to-ipi-weak-signal-run-1/latency/av-1/request bytes=388 forwarded=1
1783349747.488764 publish topic=ipi/detector-output-to-ipi-weak-signal-run-1/latency/av-1/ack bytes=181 forwarded=1
1783349747.728400 publish topic=ipi/detector-output-to-ipi-weak-signal-run-1/latency/av-1/request bytes=388 forwarded=1
1783349747.729093 publish topic=ipi/detector-output-to-ipi-weak-signal-run-1/latency/av-1/ack bytes=181 forwarded=1
1783349747.968824 publish topic=ipi/detector-output-to-ipi-weak-signal-run-1/latency/av-1/request bytes=388 forwarded=1
1783349747.969488 publish topic=ipi/detector-output-to-ipi-weak-signal-run-1/latency/av-1/ack bytes=181 forwarded=1
1783349748.188756 publish topic=ipi/detector-output-to-ipi-weak-signal-run-1/latency/av-1/request bytes=388 forwarded=1
1783349748.189417 publish topic=ipi/detector-output-to-ipi-weak-signal-run-1/latency/av-1/ack bytes=181 forwarded=1
1783349748.409215 publish topic=ipi/detector-output-to-ipi-weak-signal-run-1/latency/av-1/request bytes=388 forwarded=1
1783349748.409974 publish topic=ipi/detector-output-to-ipi-weak-signal-run-1/latency/av-1/ack bytes=181 forwarded=1
1783349748.629462 publish topic=ipi/detector-output-to-ipi-weak-signal-run-1/latency/av-1/request bytes=388 forwarded=1
1783349748.630170 publish topic=ipi/detector-output-to-ipi-weak-signal-run-1/latency/av-1/ack bytes=181 forwarded=1
1783349748.849768 publish topic=ipi/detector-output-to-ipi-weak-signal-run-1/latency/av-1/request bytes=388 forwarded=1
1783349748.850510 publish topic=ipi/detector-output-to-ipi-weak-signal-run-1/latency/av-1/ack bytes=181 forwarded=1
1783349749.069890 publish topic=ipi/detector-output-to-ipi-weak-signal-run-1/latency/av-1/request bytes=388 forwarded=1
1783349749.070643 publish topic=ipi/detector-output-to-ipi-weak-signal-run-1/latency/av-1/ack bytes=181 forwarded=1
1783349749.290230 publish topic=ipi/detector-output-to-ipi-weak-signal-run-1/latency/av-1/request bytes=388 forwarded=1
1783349749.290962 publish topic=ipi/detector-output-to-ipi-weak-signal-run-1/latency/av-1/ack bytes=181 forwarded=1
1783349749.510282 publish topic=ipi/detector-output-to-ipi-weak-signal-run-1/latency/av-1/request bytes=388 forwarded=1
1783349749.510999 publish topic=ipi/detector-output-to-ipi-weak-signal-run-1/latency/av-1/ack bytes=181 forwarded=1
1783349749.730684 publish topic=ipi/detector-output-to-ipi-weak-signal-run-1/latency/av-1/request bytes=388 forwarded=1
1783349749.731386 publish topic=ipi/detector-output-to-ipi-weak-signal-run-1/latency/av-1/ack bytes=181 forwarded=1
1783349749.950908 publish topic=ipi/detector-output-to-ipi-weak-signal-run-1/latency/av-1/request bytes=388 forwarded=1
1783349749.951606 publish topic=ipi/detector-output-to-ipi-weak-signal-run-1/latency/av-1/ack bytes=181 forwarded=1
1783349750.171062 publish topic=ipi/detector-output-to-ipi-weak-signal-run-1/latency/av-1/request bytes=388 forwarded=1
1783349750.171704 publish topic=ipi/detector-output-to-ipi-weak-signal-run-1/latency/av-1/ack bytes=181 forwarded=1
1783349750.391465 publish topic=ipi/detector-output-to-ipi-weak-signal-run-1/latency/av-1/request bytes=388 forwarded=1
1783349750.392160 publish topic=ipi/detector-output-to-ipi-weak-signal-run-1/latency/av-1/ack bytes=181 forwarded=1
1783349750.611637 publish topic=ipi/detector-output-to-ipi-weak-signal-run-1/latency/av-1/request bytes=388 forwarded=1
1783349750.612340 publish topic=ipi/detector-output-to-ipi-weak-signal-run-1/latency/av-1/ack bytes=181 forwarded=1
1783349750.831939 publish topic=ipi/detector-output-to-ipi-weak-signal-run-1/latency/av-1/request bytes=388 forwarded=1
1783349750.832644 publish topic=ipi/detector-output-to-ipi-weak-signal-run-1/latency/av-1/ack bytes=181 forwarded=1
1783349751.052137 publish topic=ipi/detector-output-to-ipi-weak-signal-run-1/latency/av-1/request bytes=388 forwarded=1
1783349751.052888 publish topic=ipi/detector-output-to-ipi-weak-signal-run-1/latency/av-1/ack bytes=181 forwarded=1
1783349751.272443 publish topic=ipi/detector-output-to-ipi-weak-signal-run-1/latency/av-1/request bytes=388 forwarded=1
1783349751.273125 publish topic=ipi/detector-output-to-ipi-weak-signal-run-1/latency/av-1/ack bytes=181 forwarded=1
1783349751.492739 publish topic=ipi/detector-output-to-ipi-weak-signal-run-1/latency/av-1/request bytes=388 forwarded=1
1783349751.493440 publish topic=ipi/detector-output-to-ipi-weak-signal-run-1/latency/av-1/ack bytes=181 forwarded=1
1783349751.733003 publish topic=ipi/detector-output-to-ipi-weak-signal-run-1/latency/av-1/request bytes=388 forwarded=1
1783349751.733709 publish topic=ipi/detector-output-to-ipi-weak-signal-run-1/latency/av-1/ack bytes=181 forwarded=1
1783349751.963203 publish topic=ipi/detector-output-to-ipi-weak-signal-run-1/latency/av-1/request bytes=388 forwarded=1
1783349751.963886 publish topic=ipi/detector-output-to-ipi-weak-signal-run-1/latency/av-1/ack bytes=181 forwarded=1
1783349752.193549 publish topic=ipi/detector-output-to-ipi-weak-signal-run-1/latency/av-1/request bytes=388 forwarded=1
1783349752.194267 publish topic=ipi/detector-output-to-ipi-weak-signal-run-1/latency/av-1/ack bytes=181 forwarded=1
1783349752.423702 publish topic=ipi/detector-output-to-ipi-weak-signal-run-1/latency/av-1/request bytes=388 forwarded=1
1783349752.424447 publish topic=ipi/detector-output-to-ipi-weak-signal-run-1/latency/av-1/ack bytes=181 forwarded=1
1783349752.653986 publish topic=ipi/detector-output-to-ipi-weak-signal-run-1/latency/av-1/request bytes=388 forwarded=1
1783349752.654703 publish topic=ipi/detector-output-to-ipi-weak-signal-run-1/latency/av-1/ack bytes=181 forwarded=1
1783349752.894280 publish topic=ipi/detector-output-to-ipi-weak-signal-run-1/latency/av-1/request bytes=388 forwarded=1
1783349752.894961 publish topic=ipi/detector-output-to-ipi-weak-signal-run-1/latency/av-1/ack bytes=181 forwarded=1
1783349753.134529 publish topic=ipi/detector-output-to-ipi-weak-signal-run-1/latency/av-1/request bytes=388 forwarded=1
1783349753.135308 publish topic=ipi/detector-output-to-ipi-weak-signal-run-1/latency/av-1/ack bytes=181 forwarded=1
1783349753.374789 publish topic=ipi/detector-output-to-ipi-weak-signal-run-1/latency/av-1/request bytes=388 forwarded=1
1783349753.375485 publish topic=ipi/detector-output-to-ipi-weak-signal-run-1/latency/av-1/ack bytes=181 forwarded=1
1783349753.614902 publish topic=ipi/detector-output-to-ipi-weak-signal-run-1/latency/av-1/request bytes=388 forwarded=1
1783349753.615613 publish topic=ipi/detector-output-to-ipi-weak-signal-run-1/latency/av-1/ack bytes=181 forwarded=1
1783349753.855282 publish topic=ipi/detector-output-to-ipi-weak-signal-run-1/latency/av-1/request bytes=388 forwarded=1
1783349753.855964 publish topic=ipi/detector-output-to-ipi-weak-signal-run-1/latency/av-1/ack bytes=181 forwarded=1
1783349754.095636 publish topic=ipi/detector-output-to-ipi-weak-signal-run-1/latency/av-1/request bytes=388 forwarded=1
1783349754.096309 publish topic=ipi/detector-output-to-ipi-weak-signal-run-1/latency/av-1/ack bytes=181 forwarded=1
1783349754.335756 publish topic=ipi/detector-output-to-ipi-weak-signal-run-1/latency/av-1/request bytes=388 forwarded=1
1783349754.336326 publish topic=ipi/detector-output-to-ipi-weak-signal-run-1/latency/av-1/ack bytes=181 forwarded=1
1783349754.576225 publish topic=ipi/detector-output-to-ipi-weak-signal-run-1/latency/av-1/request bytes=388 forwarded=1
1783349754.576913 publish topic=ipi/detector-output-to-ipi-weak-signal-run-1/latency/av-1/ack bytes=181 forwarded=1
1783349754.806498 publish topic=ipi/detector-output-to-ipi-weak-signal-run-1/latency/av-1/request bytes=388 forwarded=1
1783349754.807164 publish topic=ipi/detector-output-to-ipi-weak-signal-run-1/latency/av-1/ack bytes=181 forwarded=1
1783349755.026570 publish topic=ipi/detector-output-to-ipi-weak-signal-run-1/latency/av-1/request bytes=388 forwarded=1
1783349755.027212 publish topic=ipi/detector-output-to-ipi-weak-signal-run-1/latency/av-1/ack bytes=181 forwarded=1
1783349755.246884 publish topic=ipi/detector-output-to-ipi-weak-signal-run-1/latency/av-1/request bytes=388 forwarded=1
1783349755.247487 publish topic=ipi/detector-output-to-ipi-weak-signal-run-1/latency/av-1/ack bytes=181 forwarded=1
1783349755.466992 publish topic=ipi/detector-output-to-ipi-weak-signal-run-1/latency/av-1/request bytes=388 forwarded=1
1783349755.467610 publish topic=ipi/detector-output-to-ipi-weak-signal-run-1/latency/av-1/ack bytes=181 forwarded=1
1783349755.687528 publish topic=ipi/detector-output-to-ipi-weak-signal-run-1/latency/av-1/request bytes=388 forwarded=1
1783349755.688208 publish topic=ipi/detector-output-to-ipi-weak-signal-run-1/latency/av-1/ack bytes=181 forwarded=1
1783349755.907494 publish topic=ipi/detector-output-to-ipi-weak-signal-run-1/latency/av-1/request bytes=388 forwarded=1
1783349755.908105 publish topic=ipi/detector-output-to-ipi-weak-signal-run-1/latency/av-1/ack bytes=181 forwarded=1
1783349756.127952 publish topic=ipi/detector-output-to-ipi-weak-signal-run-1/latency/av-1/request bytes=388 forwarded=1
1783349756.128646 publish topic=ipi/detector-output-to-ipi-weak-signal-run-1/latency/av-1/ack bytes=181 forwarded=1
1783349756.348245 publish topic=ipi/detector-output-to-ipi-weak-signal-run-1/latency/av-1/request bytes=388 forwarded=1
1783349756.348996 publish topic=ipi/detector-output-to-ipi-weak-signal-run-1/latency/av-1/ack bytes=181 forwarded=1
1783349756.568367 publish topic=ipi/detector-output-to-ipi-weak-signal-run-1/latency/av-1/request bytes=388 forwarded=1
1783349756.569076 publish topic=ipi/detector-output-to-ipi-weak-signal-run-1/latency/av-1/ack bytes=181 forwarded=1
1783349756.788648 publish topic=ipi/detector-output-to-ipi-weak-signal-run-1/latency/av-1/request bytes=388 forwarded=1
1783349756.789358 publish topic=ipi/detector-output-to-ipi-weak-signal-run-1/latency/av-1/ack bytes=181 forwarded=1
1783349757.008918 publish topic=ipi/detector-output-to-ipi-weak-signal-run-1/latency/av-1/request bytes=388 forwarded=1
1783349757.009615 publish topic=ipi/detector-output-to-ipi-weak-signal-run-1/latency/av-1/ack bytes=181 forwarded=1
1783349757.229180 publish topic=ipi/detector-output-to-ipi-weak-signal-run-1/latency/av-1/request bytes=388 forwarded=1
1783349757.229873 publish topic=ipi/detector-output-to-ipi-weak-signal-run-1/latency/av-1/ack bytes=181 forwarded=1
1783349757.459351 publish topic=ipi/detector-output-to-ipi-weak-signal-run-1/latency/av-1/request bytes=388 forwarded=1
1783349757.460040 publish topic=ipi/detector-output-to-ipi-weak-signal-run-1/latency/av-1/ack bytes=181 forwarded=1
1783349757.719448 publish topic=ipi/detector-output-to-ipi-weak-signal-run-1/latency/av-1/request bytes=388 forwarded=1
1783349757.720111 publish topic=ipi/detector-output-to-ipi-weak-signal-run-1/latency/av-1/ack bytes=181 forwarded=1
1783349758.060128 publish topic=ipi/detector-output-to-ipi-weak-signal-run-1/latency/av-1/request bytes=388 forwarded=1
1783349758.060864 publish topic=ipi/detector-output-to-ipi-weak-signal-run-1/latency/av-1/ack bytes=181 forwarded=1
1783349758.330709 publish topic=ipi/detector-output-to-ipi-weak-signal-run-1/latency/av-1/request bytes=388 forwarded=1
1783349758.331412 publish topic=ipi/detector-output-to-ipi-weak-signal-run-1/latency/av-1/ack bytes=181 forwarded=1
1783349758.570943 publish topic=ipi/detector-output-to-ipi-weak-signal-run-1/latency/av-1/request bytes=388 forwarded=1
1783349758.571581 publish topic=ipi/detector-output-to-ipi-weak-signal-run-1/latency/av-1/ack bytes=181 forwarded=1
1783349758.841647 publish topic=ipi/detector-output-to-ipi-weak-signal-run-1/latency/av-1/request bytes=388 forwarded=1
1783349758.842324 publish topic=ipi/detector-output-to-ipi-weak-signal-run-1/latency/av-1/ack bytes=181 forwarded=1
1783349759.081831 publish topic=ipi/detector-output-to-ipi-weak-signal-run-1/latency/av-1/request bytes=388 forwarded=1
1783349759.082534 publish topic=ipi/detector-output-to-ipi-weak-signal-run-1/latency/av-1/ack bytes=181 forwarded=1
1783349759.332381 publish topic=ipi/detector-output-to-ipi-weak-signal-run-1/latency/av-1/request bytes=388 forwarded=1
1783349759.333060 publish topic=ipi/detector-output-to-ipi-weak-signal-run-1/latency/av-1/ack bytes=181 forwarded=1
1783349759.572851 publish topic=ipi/detector-output-to-ipi-weak-signal-run-1/latency/av-1/request bytes=388 forwarded=1
1783349759.573511 publish topic=ipi/detector-output-to-ipi-weak-signal-run-1/latency/av-1/ack bytes=181 forwarded=1
1783349759.843238 publish topic=ipi/detector-output-to-ipi-weak-signal-run-1/latency/av-1/request bytes=388 forwarded=1
1783349759.843905 publish topic=ipi/detector-output-to-ipi-weak-signal-run-1/latency/av-1/ack bytes=181 forwarded=1
1783349760.073628 publish topic=ipi/detector-output-to-ipi-weak-signal-run-1/latency/av-1/request bytes=388 forwarded=1
1783349760.074301 publish topic=ipi/detector-output-to-ipi-weak-signal-run-1/latency/av-1/ack bytes=181 forwarded=1
1783349760.313725 publish topic=ipi/detector-output-to-ipi-weak-signal-run-1/latency/av-1/request bytes=388 forwarded=1
1783349760.314413 publish topic=ipi/detector-output-to-ipi-weak-signal-run-1/latency/av-1/ack bytes=181 forwarded=1
1783349760.554133 publish topic=ipi/detector-output-to-ipi-weak-signal-run-1/latency/av-1/request bytes=388 forwarded=1
1783349760.554866 publish topic=ipi/detector-output-to-ipi-weak-signal-run-1/latency/av-1/ack bytes=181 forwarded=1
1783349760.794231 publish topic=ipi/detector-output-to-ipi-weak-signal-run-1/latency/av-1/request bytes=388 forwarded=1
1783349760.794944 publish topic=ipi/detector-output-to-ipi-weak-signal-run-1/latency/av-1/ack bytes=181 forwarded=1
1783349761.034652 publish topic=ipi/detector-output-to-ipi-weak-signal-run-1/latency/av-1/request bytes=388 forwarded=1
1783349761.035383 publish topic=ipi/detector-output-to-ipi-weak-signal-run-1/latency/av-1/ack bytes=181 forwarded=1
1783349761.274824 publish topic=ipi/detector-output-to-ipi-weak-signal-run-1/latency/av-1/request bytes=388 forwarded=1
1783349761.275531 publish topic=ipi/detector-output-to-ipi-weak-signal-run-1/latency/av-1/ack bytes=181 forwarded=1
1783349761.495047 publish topic=ipi/detector-output-to-ipi-weak-signal-run-1/latency/av-1/request bytes=388 forwarded=1
1783349761.495745 publish topic=ipi/detector-output-to-ipi-weak-signal-run-1/latency/av-1/ack bytes=181 forwarded=1
1783349761.735362 publish topic=ipi/detector-output-to-ipi-weak-signal-run-1/latency/av-1/request bytes=388 forwarded=1
1783349761.736113 publish topic=ipi/detector-output-to-ipi-weak-signal-run-1/latency/av-1/ack bytes=181 forwarded=1
1783349761.975735 publish topic=ipi/detector-output-to-ipi-weak-signal-run-1/latency/av-1/request bytes=388 forwarded=1
1783349761.976400 publish topic=ipi/detector-output-to-ipi-weak-signal-run-1/latency/av-1/ack bytes=181 forwarded=1
1783349762.215932 publish topic=ipi/detector-output-to-ipi-weak-signal-run-1/latency/av-1/request bytes=388 forwarded=1
1783349762.216599 publish topic=ipi/detector-output-to-ipi-weak-signal-run-1/latency/av-1/ack bytes=181 forwarded=1
1783349762.436142 publish topic=ipi/detector-output-to-ipi-weak-signal-run-1/latency/av-1/request bytes=388 forwarded=1
1783349762.436862 publish topic=ipi/detector-output-to-ipi-weak-signal-run-1/latency/av-1/ack bytes=181 forwarded=1
1783349762.666275 publish topic=ipi/detector-output-to-ipi-weak-signal-run-1/latency/av-1/request bytes=388 forwarded=1
1783349762.666981 publish topic=ipi/detector-output-to-ipi-weak-signal-run-1/latency/av-1/ack bytes=181 forwarded=1
1783349762.886722 publish topic=ipi/detector-output-to-ipi-weak-signal-run-1/latency/av-1/request bytes=388 forwarded=1
1783349762.887409 publish topic=ipi/detector-output-to-ipi-weak-signal-run-1/latency/av-1/ack bytes=181 forwarded=1
1783349763.106852 publish topic=ipi/detector-output-to-ipi-weak-signal-run-1/latency/av-1/request bytes=388 forwarded=1
1783349763.107541 publish topic=ipi/detector-output-to-ipi-weak-signal-run-1/latency/av-1/ack bytes=181 forwarded=1
1783349763.337097 publish topic=ipi/detector-output-to-ipi-weak-signal-run-1/latency/av-1/request bytes=388 forwarded=1
1783349763.337780 publish topic=ipi/detector-output-to-ipi-weak-signal-run-1/latency/av-1/ack bytes=181 forwarded=1
1783349763.567226 publish topic=ipi/detector-output-to-ipi-weak-signal-run-1/latency/av-1/request bytes=388 forwarded=1
1783349763.567912 publish topic=ipi/detector-output-to-ipi-weak-signal-run-1/latency/av-1/ack bytes=181 forwarded=1
1783349763.797413 publish topic=ipi/detector-output-to-ipi-weak-signal-run-1/latency/av-1/request bytes=388 forwarded=1
1783349763.798095 publish topic=ipi/detector-output-to-ipi-weak-signal-run-1/latency/av-1/ack bytes=181 forwarded=1
1783349764.017784 publish topic=ipi/detector-output-to-ipi-weak-signal-run-1/latency/av-1/request bytes=388 forwarded=1
1783349764.018515 publish topic=ipi/detector-output-to-ipi-weak-signal-run-1/latency/av-1/ack bytes=181 forwarded=1
1783349764.237917 publish topic=ipi/detector-output-to-ipi-weak-signal-run-1/latency/av-1/request bytes=388 forwarded=1
1783349764.238647 publish topic=ipi/detector-output-to-ipi-weak-signal-run-1/latency/av-1/ack bytes=181 forwarded=1
1783349764.458128 publish topic=ipi/detector-output-to-ipi-weak-signal-run-1/latency/av-1/request bytes=388 forwarded=1
1783349764.458868 publish topic=ipi/detector-output-to-ipi-weak-signal-run-1/latency/av-1/ack bytes=181 forwarded=1
1783349764.678561 publish topic=ipi/detector-output-to-ipi-weak-signal-run-1/latency/av-1/request bytes=388 forwarded=1
1783349764.679243 publish topic=ipi/detector-output-to-ipi-weak-signal-run-1/latency/av-1/ack bytes=181 forwarded=1
1783349764.908593 publish topic=ipi/detector-output-to-ipi-weak-signal-run-1/latency/av-1/request bytes=388 forwarded=1
1783349764.909288 publish topic=ipi/detector-output-to-ipi-weak-signal-run-1/latency/av-1/ack bytes=181 forwarded=1
1783349765.138945 publish topic=ipi/detector-output-to-ipi-weak-signal-run-1/latency/av-1/request bytes=388 forwarded=1
1783349765.139626 publish topic=ipi/detector-output-to-ipi-weak-signal-run-1/latency/av-1/ack bytes=181 forwarded=1
1783349765.359276 publish topic=ipi/detector-output-to-ipi-weak-signal-run-1/latency/av-1/request bytes=388 forwarded=1
1783349765.359969 publish topic=ipi/detector-output-to-ipi-weak-signal-run-1/latency/av-1/ack bytes=181 forwarded=1
1783349765.579384 publish topic=ipi/detector-output-to-ipi-weak-signal-run-1/latency/av-1/request bytes=388 forwarded=1
1783349765.580092 publish topic=ipi/detector-output-to-ipi-weak-signal-run-1/latency/av-1/ack bytes=181 forwarded=1
1783349765.809803 publish topic=ipi/detector-output-to-ipi-weak-signal-run-1/latency/av-1/request bytes=388 forwarded=1
1783349765.810532 publish topic=ipi/detector-output-to-ipi-weak-signal-run-1/latency/av-1/ack bytes=181 forwarded=1
1783349766.039992 publish topic=ipi/detector-output-to-ipi-weak-signal-run-1/latency/av-1/request bytes=388 forwarded=1
1783349766.040684 publish topic=ipi/detector-output-to-ipi-weak-signal-run-1/latency/av-1/ack bytes=181 forwarded=1
1783349766.270283 publish topic=ipi/detector-output-to-ipi-weak-signal-run-1/latency/av-1/request bytes=388 forwarded=1
1783349766.270986 publish topic=ipi/detector-output-to-ipi-weak-signal-run-1/latency/av-1/ack bytes=181 forwarded=1
1783349766.490496 publish topic=ipi/detector-output-to-ipi-weak-signal-run-1/latency/av-1/request bytes=388 forwarded=1
1783349766.491221 publish topic=ipi/detector-output-to-ipi-weak-signal-run-1/latency/av-1/ack bytes=181 forwarded=1
1783349766.710691 publish topic=ipi/detector-output-to-ipi-weak-signal-run-1/latency/av-1/request bytes=388 forwarded=1
1783349766.711385 publish topic=ipi/detector-output-to-ipi-weak-signal-run-1/latency/av-1/ack bytes=181 forwarded=1
1783349766.930911 publish topic=ipi/detector-output-to-ipi-weak-signal-run-1/latency/av-1/request bytes=388 forwarded=1
1783349766.931597 publish topic=ipi/detector-output-to-ipi-weak-signal-run-1/latency/av-1/ack bytes=181 forwarded=1
1783349767.150998 publish topic=ipi/detector-output-to-ipi-weak-signal-run-1/latency/av-1/request bytes=388 forwarded=1
1783349767.151690 publish topic=ipi/detector-output-to-ipi-weak-signal-run-1/latency/av-1/ack bytes=181 forwarded=1
1783349767.381461 publish topic=ipi/detector-output-to-ipi-weak-signal-run-1/latency/av-1/request bytes=388 forwarded=1
1783349767.382144 publish topic=ipi/detector-output-to-ipi-weak-signal-run-1/latency/av-1/ack bytes=181 forwarded=1
1783349767.611649 publish topic=ipi/detector-output-to-ipi-weak-signal-run-1/latency/av-1/request bytes=388 forwarded=1
1783349767.612356 publish topic=ipi/detector-output-to-ipi-weak-signal-run-1/latency/av-1/ack bytes=181 forwarded=1
1783349767.831792 publish topic=ipi/detector-output-to-ipi-weak-signal-run-1/latency/av-1/request bytes=388 forwarded=1
1783349767.832489 publish topic=ipi/detector-output-to-ipi-weak-signal-run-1/latency/av-1/ack bytes=181 forwarded=1
1783349768.052127 publish topic=ipi/detector-output-to-ipi-weak-signal-run-1/latency/av-1/request bytes=388 forwarded=1
1783349768.052855 publish topic=ipi/detector-output-to-ipi-weak-signal-run-1/latency/av-1/ack bytes=181 forwarded=1
1783349768.282402 publish topic=ipi/detector-output-to-ipi-weak-signal-run-1/latency/av-1/request bytes=388 forwarded=1
1783349768.283114 publish topic=ipi/detector-output-to-ipi-weak-signal-run-1/latency/av-1/ack bytes=181 forwarded=1
1783349768.512602 publish topic=ipi/detector-output-to-ipi-weak-signal-run-1/latency/av-1/request bytes=388 forwarded=1
1783349768.513356 publish topic=ipi/detector-output-to-ipi-weak-signal-run-1/latency/av-1/ack bytes=181 forwarded=1
1783349768.732625 publish topic=ipi/detector-output-to-ipi-weak-signal-run-1/latency/av-1/request bytes=388 forwarded=1
1783349768.733284 publish topic=ipi/detector-output-to-ipi-weak-signal-run-1/latency/av-1/ack bytes=181 forwarded=1
1783349768.962908 publish topic=ipi/detector-output-to-ipi-weak-signal-run-1/latency/av-1/request bytes=388 forwarded=1
1783349768.963608 publish topic=ipi/detector-output-to-ipi-weak-signal-run-1/latency/av-1/ack bytes=181 forwarded=1
1783349769.193310 publish topic=ipi/detector-output-to-ipi-weak-signal-run-1/latency/av-1/request bytes=388 forwarded=1
1783349769.193990 publish topic=ipi/detector-output-to-ipi-weak-signal-run-1/latency/av-1/ack bytes=181 forwarded=1
1783349769.433494 publish topic=ipi/detector-output-to-ipi-weak-signal-run-1/latency/av-1/request bytes=388 forwarded=1
1783349769.434175 publish topic=ipi/detector-output-to-ipi-weak-signal-run-1/latency/av-1/ack bytes=181 forwarded=1
1783349769.673505 publish topic=ipi/detector-output-to-ipi-weak-signal-run-1/latency/av-1/request bytes=388 forwarded=1
1783349769.674196 publish topic=ipi/detector-output-to-ipi-weak-signal-run-1/latency/av-1/ack bytes=181 forwarded=1
1783349769.964052 publish topic=ipi/detector-output-to-ipi-weak-signal-run-1/latency/av-1/request bytes=388 forwarded=1
1783349769.964773 publish topic=ipi/detector-output-to-ipi-weak-signal-run-1/latency/av-1/ack bytes=181 forwarded=1
1783349770.264304 publish topic=ipi/detector-output-to-ipi-weak-signal-run-1/latency/av-1/request bytes=388 forwarded=1
1783349770.264987 publish topic=ipi/detector-output-to-ipi-weak-signal-run-1/latency/av-1/ack bytes=181 forwarded=1
1783349770.544982 publish topic=ipi/detector-output-to-ipi-weak-signal-run-1/latency/av-1/request bytes=388 forwarded=1
1783349770.545690 publish topic=ipi/detector-output-to-ipi-weak-signal-run-1/latency/av-1/ack bytes=181 forwarded=1
1783349770.805570 publish topic=ipi/detector-output-to-ipi-weak-signal-run-1/latency/av-1/request bytes=388 forwarded=1
1783349770.806265 publish topic=ipi/detector-output-to-ipi-weak-signal-run-1/latency/av-1/ack bytes=181 forwarded=1
1783349771.065920 publish topic=ipi/detector-output-to-ipi-weak-signal-run-1/latency/av-1/request bytes=388 forwarded=1
1783349771.066661 publish topic=ipi/detector-output-to-ipi-weak-signal-run-1/latency/av-1/ack bytes=181 forwarded=1
1783349771.366422 publish topic=ipi/detector-output-to-ipi-weak-signal-run-1/latency/av-1/request bytes=388 forwarded=1
1783349771.367136 publish topic=ipi/detector-output-to-ipi-weak-signal-run-1/latency/av-1/ack bytes=181 forwarded=1
1783349771.636746 publish topic=ipi/detector-output-to-ipi-weak-signal-run-1/latency/av-1/request bytes=388 forwarded=1
1783349771.637424 publish topic=ipi/detector-output-to-ipi-weak-signal-run-1/latency/av-1/ack bytes=181 forwarded=1
1783349771.927503 publish topic=ipi/detector-output-to-ipi-weak-signal-run-1/latency/av-1/request bytes=388 forwarded=1
1783349771.928186 publish topic=ipi/detector-output-to-ipi-weak-signal-run-1/latency/av-1/ack bytes=181 forwarded=1
1783349772.217841 publish topic=ipi/detector-output-to-ipi-weak-signal-run-1/latency/av-1/request bytes=388 forwarded=1
1783349772.218571 publish topic=ipi/detector-output-to-ipi-weak-signal-run-1/latency/av-1/ack bytes=181 forwarded=1
1783349772.498493 publish topic=ipi/detector-output-to-ipi-weak-signal-run-1/latency/av-1/request bytes=388 forwarded=1
1783349772.499191 publish topic=ipi/detector-output-to-ipi-weak-signal-run-1/latency/av-1/ack bytes=181 forwarded=1
1783349772.728705 publish topic=ipi/detector-output-to-ipi-weak-signal-run-1/latency/av-1/request bytes=388 forwarded=1
1783349772.729416 publish topic=ipi/detector-output-to-ipi-weak-signal-run-1/latency/av-1/ack bytes=181 forwarded=1
1783349772.949036 publish topic=ipi/detector-output-to-ipi-weak-signal-run-1/latency/av-1/request bytes=388 forwarded=1
1783349772.949684 publish topic=ipi/detector-output-to-ipi-weak-signal-run-1/latency/av-1/ack bytes=181 forwarded=1
1783349773.189073 publish topic=ipi/detector-output-to-ipi-weak-signal-run-1/latency/av-1/request bytes=388 forwarded=1
1783349773.189782 publish topic=ipi/detector-output-to-ipi-weak-signal-run-1/latency/av-1/ack bytes=181 forwarded=1
1783349773.409443 publish topic=ipi/detector-output-to-ipi-weak-signal-run-1/latency/av-1/request bytes=388 forwarded=1
1783349773.410148 publish topic=ipi/detector-output-to-ipi-weak-signal-run-1/latency/av-1/ack bytes=181 forwarded=1
1783349773.629586 publish topic=ipi/detector-output-to-ipi-weak-signal-run-1/latency/av-1/request bytes=388 forwarded=1
1783349773.630298 publish topic=ipi/detector-output-to-ipi-weak-signal-run-1/latency/av-1/ack bytes=181 forwarded=1
1783349773.859954 publish topic=ipi/detector-output-to-ipi-weak-signal-run-1/latency/av-1/request bytes=388 forwarded=1
1783349773.860742 publish topic=ipi/detector-output-to-ipi-weak-signal-run-1/latency/av-1/ack bytes=181 forwarded=1
1783349774.090037 publish topic=ipi/detector-output-to-ipi-weak-signal-run-1/latency/av-1/request bytes=388 forwarded=1
1783349774.090748 publish topic=ipi/detector-output-to-ipi-weak-signal-run-1/latency/av-1/ack bytes=181 forwarded=1
1783349774.310257 publish topic=ipi/detector-output-to-ipi-weak-signal-run-1/latency/av-1/request bytes=388 forwarded=1
1783349774.310981 publish topic=ipi/detector-output-to-ipi-weak-signal-run-1/latency/av-1/ack bytes=181 forwarded=1
1783349774.530622 publish topic=ipi/detector-output-to-ipi-weak-signal-run-1/latency/av-1/request bytes=388 forwarded=1
1783349774.531321 publish topic=ipi/detector-output-to-ipi-weak-signal-run-1/latency/av-1/ack bytes=181 forwarded=1
1783349774.750825 publish topic=ipi/detector-output-to-ipi-weak-signal-run-1/latency/av-1/request bytes=388 forwarded=1
1783349774.751532 publish topic=ipi/detector-output-to-ipi-weak-signal-run-1/latency/av-1/ack bytes=181 forwarded=1
1783349774.981068 publish topic=ipi/detector-output-to-ipi-weak-signal-run-1/latency/av-1/request bytes=388 forwarded=1
1783349774.981761 publish topic=ipi/detector-output-to-ipi-weak-signal-run-1/latency/av-1/ack bytes=181 forwarded=1
1783349775.211468 publish topic=ipi/detector-output-to-ipi-weak-signal-run-1/latency/av-1/request bytes=388 forwarded=1
1783349775.212169 publish topic=ipi/detector-output-to-ipi-weak-signal-run-1/latency/av-1/ack bytes=181 forwarded=1
1783349775.431555 publish topic=ipi/detector-output-to-ipi-weak-signal-run-1/latency/av-1/request bytes=388 forwarded=1
1783349775.432264 publish topic=ipi/detector-output-to-ipi-weak-signal-run-1/latency/av-1/ack bytes=181 forwarded=1
1783349775.661817 publish topic=ipi/detector-output-to-ipi-weak-signal-run-1/latency/av-1/request bytes=388 forwarded=1
1783349775.662549 publish topic=ipi/detector-output-to-ipi-weak-signal-run-1/latency/av-1/ack bytes=181 forwarded=1
1783349775.892253 publish topic=ipi/detector-output-to-ipi-weak-signal-run-1/latency/av-1/request bytes=388 forwarded=1
1783349775.892926 publish topic=ipi/detector-output-to-ipi-weak-signal-run-1/latency/av-1/ack bytes=181 forwarded=1
1783349776.132396 publish topic=ipi/detector-output-to-ipi-weak-signal-run-1/latency/av-1/request bytes=388 forwarded=1
1783349776.133071 publish topic=ipi/detector-output-to-ipi-weak-signal-run-1/latency/av-1/ack bytes=181 forwarded=1
1783349776.362665 publish topic=ipi/detector-output-to-ipi-weak-signal-run-1/latency/av-1/request bytes=388 forwarded=1
1783349776.363343 publish topic=ipi/detector-output-to-ipi-weak-signal-run-1/latency/av-1/ack bytes=181 forwarded=1
1783349776.592819 publish topic=ipi/detector-output-to-ipi-weak-signal-run-1/latency/av-1/request bytes=388 forwarded=1
1783349776.593507 publish topic=ipi/detector-output-to-ipi-weak-signal-run-1/latency/av-1/ack bytes=181 forwarded=1
1783349776.813258 publish topic=ipi/detector-output-to-ipi-weak-signal-run-1/latency/av-1/request bytes=388 forwarded=1
1783349776.813982 publish topic=ipi/detector-output-to-ipi-weak-signal-run-1/latency/av-1/ack bytes=181 forwarded=1
1783349777.053313 publish topic=ipi/detector-output-to-ipi-weak-signal-run-1/latency/av-1/request bytes=388 forwarded=1
1783349777.053985 publish topic=ipi/detector-output-to-ipi-weak-signal-run-1/latency/av-1/ack bytes=181 forwarded=1
1783349777.293534 publish topic=ipi/detector-output-to-ipi-weak-signal-run-1/latency/av-1/request bytes=388 forwarded=1
1783349777.294180 publish topic=ipi/detector-output-to-ipi-weak-signal-run-1/latency/av-1/ack bytes=181 forwarded=1
1783349777.513948 publish topic=ipi/detector-output-to-ipi-weak-signal-run-1/latency/av-1/request bytes=388 forwarded=1
1783349777.514654 publish topic=ipi/detector-output-to-ipi-weak-signal-run-1/latency/av-1/ack bytes=181 forwarded=1
1783349777.754177 publish topic=ipi/detector-output-to-ipi-weak-signal-run-1/latency/av-1/request bytes=388 forwarded=1
1783349777.754901 publish topic=ipi/detector-output-to-ipi-weak-signal-run-1/latency/av-1/ack bytes=181 forwarded=1
1783349777.984409 publish topic=ipi/detector-output-to-ipi-weak-signal-run-1/latency/av-1/request bytes=388 forwarded=1
1783349777.985168 publish topic=ipi/detector-output-to-ipi-weak-signal-run-1/latency/av-1/ack bytes=181 forwarded=1
1783349778.314647 publish topic=ipi/detector-output-to-ipi-weak-signal-run-1/latency/av-1/request bytes=388 forwarded=1
1783349778.315108 publish topic=ipi/detector-output-to-ipi-weak-signal-run-1/latency/av-1/ack bytes=181 forwarded=1
1783349778.655251 publish topic=ipi/detector-output-to-ipi-weak-signal-run-1/latency/av-1/request bytes=388 forwarded=1
1783349778.655993 publish topic=ipi/detector-output-to-ipi-weak-signal-run-1/latency/av-1/ack bytes=181 forwarded=1
1783349778.895736 publish topic=ipi/detector-output-to-ipi-weak-signal-run-1/latency/av-1/request bytes=388 forwarded=1
1783349778.896438 publish topic=ipi/detector-output-to-ipi-weak-signal-run-1/latency/av-1/ack bytes=181 forwarded=1
1783349779.125974 publish topic=ipi/detector-output-to-ipi-weak-signal-run-1/latency/av-1/request bytes=388 forwarded=1
1783349779.126698 publish topic=ipi/detector-output-to-ipi-weak-signal-run-1/latency/av-1/ack bytes=181 forwarded=1
1783349779.356386 publish topic=ipi/detector-output-to-ipi-weak-signal-run-1/latency/av-1/request bytes=388 forwarded=1
1783349779.357079 publish topic=ipi/detector-output-to-ipi-weak-signal-run-1/latency/av-1/ack bytes=181 forwarded=1
1783349779.586535 publish topic=ipi/detector-output-to-ipi-weak-signal-run-1/latency/av-1/request bytes=388 forwarded=1
1783349779.587279 publish topic=ipi/detector-output-to-ipi-weak-signal-run-1/latency/av-1/ack bytes=181 forwarded=1
1783349779.806778 publish topic=ipi/detector-output-to-ipi-weak-signal-run-1/latency/av-1/request bytes=388 forwarded=1
1783349779.807464 publish topic=ipi/detector-output-to-ipi-weak-signal-run-1/latency/av-1/ack bytes=181 forwarded=1
1783349780.026989 publish topic=ipi/detector-output-to-ipi-weak-signal-run-1/latency/av-1/request bytes=388 forwarded=1
1783349780.027687 publish topic=ipi/detector-output-to-ipi-weak-signal-run-1/latency/av-1/ack bytes=181 forwarded=1
1783349780.247354 publish topic=ipi/detector-output-to-ipi-weak-signal-run-1/latency/av-1/request bytes=388 forwarded=1
1783349780.248045 publish topic=ipi/detector-output-to-ipi-weak-signal-run-1/latency/av-1/ack bytes=181 forwarded=1
1783349780.477645 publish topic=ipi/detector-output-to-ipi-weak-signal-run-1/latency/av-1/request bytes=388 forwarded=1
1783349780.478428 publish topic=ipi/detector-output-to-ipi-weak-signal-run-1/latency/av-1/ack bytes=181 forwarded=1
1783349780.697768 publish topic=ipi/detector-output-to-ipi-weak-signal-run-1/latency/av-1/request bytes=388 forwarded=1
1783349780.698524 publish topic=ipi/detector-output-to-ipi-weak-signal-run-1/latency/av-1/ack bytes=181 forwarded=1
1783349780.928021 publish topic=ipi/detector-output-to-ipi-weak-signal-run-1/latency/av-1/request bytes=388 forwarded=1
1783349780.928709 publish topic=ipi/detector-output-to-ipi-weak-signal-run-1/latency/av-1/ack bytes=181 forwarded=1
1783349781.148042 publish topic=ipi/detector-output-to-ipi-weak-signal-run-1/latency/av-1/request bytes=388 forwarded=1
1783349781.148691 publish topic=ipi/detector-output-to-ipi-weak-signal-run-1/latency/av-1/ack bytes=181 forwarded=1
1783349781.368445 publish topic=ipi/detector-output-to-ipi-weak-signal-run-1/latency/av-1/request bytes=388 forwarded=1
1783349781.369174 publish topic=ipi/detector-output-to-ipi-weak-signal-run-1/latency/av-1/ack bytes=181 forwarded=1
1783349781.608643 publish topic=ipi/detector-output-to-ipi-weak-signal-run-1/latency/av-1/request bytes=388 forwarded=1
1783349781.609407 publish topic=ipi/detector-output-to-ipi-weak-signal-run-1/latency/av-1/ack bytes=181 forwarded=1
1783349781.828847 publish topic=ipi/detector-output-to-ipi-weak-signal-run-1/latency/av-1/request bytes=388 forwarded=1
1783349781.829538 publish topic=ipi/detector-output-to-ipi-weak-signal-run-1/latency/av-1/ack bytes=181 forwarded=1
1783349782.059189 publish topic=ipi/detector-output-to-ipi-weak-signal-run-1/latency/av-1/request bytes=388 forwarded=1
1783349782.059877 publish topic=ipi/detector-output-to-ipi-weak-signal-run-1/latency/av-1/ack bytes=181 forwarded=1
1783349782.289273 publish topic=ipi/detector-output-to-ipi-weak-signal-run-1/latency/av-1/request bytes=388 forwarded=1
1783349782.289991 publish topic=ipi/detector-output-to-ipi-weak-signal-run-1/latency/av-1/ack bytes=181 forwarded=1
1783349782.779954 publish topic=ipi/detector-output-to-ipi-weak-signal-run-1/latency/av-1/request bytes=388 forwarded=1
1783349782.780653 publish topic=ipi/detector-output-to-ipi-weak-signal-run-1/latency/av-1/ack bytes=181 forwarded=1
1783349783.000209 publish topic=ipi/detector-output-to-ipi-weak-signal-run-1/latency/av-1/request bytes=388 forwarded=1
1783349783.000912 publish topic=ipi/detector-output-to-ipi-weak-signal-run-1/latency/av-1/ack bytes=181 forwarded=1
1783349783.230488 publish topic=ipi/detector-output-to-ipi-weak-signal-run-1/latency/av-1/request bytes=388 forwarded=1
1783349783.231208 publish topic=ipi/detector-output-to-ipi-weak-signal-run-1/latency/av-1/ack bytes=181 forwarded=1
1783349783.450860 publish topic=ipi/detector-output-to-ipi-weak-signal-run-1/latency/av-1/request bytes=388 forwarded=1
1783349783.451545 publish topic=ipi/detector-output-to-ipi-weak-signal-run-1/latency/av-1/ack bytes=181 forwarded=1
1783349783.670948 publish topic=ipi/detector-output-to-ipi-weak-signal-run-1/latency/av-1/request bytes=388 forwarded=1
1783349783.671643 publish topic=ipi/detector-output-to-ipi-weak-signal-run-1/latency/av-1/ack bytes=181 forwarded=1
1783349783.891277 publish topic=ipi/detector-output-to-ipi-weak-signal-run-1/latency/av-1/request bytes=388 forwarded=1
1783349783.892082 publish topic=ipi/detector-output-to-ipi-weak-signal-run-1/latency/av-1/ack bytes=181 forwarded=1
1783349784.121897 publish topic=ipi/detector-output-to-ipi-weak-signal-run-1/latency/av-1/request bytes=388 forwarded=1
1783349784.122618 publish topic=ipi/detector-output-to-ipi-weak-signal-run-1/latency/av-1/ack bytes=181 forwarded=1
1783349784.351931 publish topic=ipi/detector-output-to-ipi-weak-signal-run-1/latency/av-1/request bytes=388 forwarded=1
1783349784.352633 publish topic=ipi/detector-output-to-ipi-weak-signal-run-1/latency/av-1/ack bytes=181 forwarded=1
1783349784.572161 publish topic=ipi/detector-output-to-ipi-weak-signal-run-1/latency/av-1/request bytes=388 forwarded=1
1783349784.572866 publish topic=ipi/detector-output-to-ipi-weak-signal-run-1/latency/av-1/ack bytes=181 forwarded=1
1783349784.792483 publish topic=ipi/detector-output-to-ipi-weak-signal-run-1/latency/av-1/request bytes=388 forwarded=1
1783349784.793145 publish topic=ipi/detector-output-to-ipi-weak-signal-run-1/latency/av-1/ack bytes=181 forwarded=1
1783349785.012686 publish topic=ipi/detector-output-to-ipi-weak-signal-run-1/latency/av-1/request bytes=388 forwarded=1
1783349785.013438 publish topic=ipi/detector-output-to-ipi-weak-signal-run-1/latency/av-1/ack bytes=181 forwarded=1
1783349785.252815 publish topic=ipi/detector-output-to-ipi-weak-signal-run-1/latency/av-1/request bytes=388 forwarded=1
1783349785.253533 publish topic=ipi/detector-output-to-ipi-weak-signal-run-1/latency/av-1/ack bytes=181 forwarded=1
1783349785.493251 publish topic=ipi/detector-output-to-ipi-weak-signal-run-1/latency/av-1/request bytes=388 forwarded=1
1783349785.493966 publish topic=ipi/detector-output-to-ipi-weak-signal-run-1/latency/av-1/ack bytes=181 forwarded=1
1783349785.733742 publish topic=ipi/detector-output-to-ipi-weak-signal-run-1/latency/av-1/request bytes=388 forwarded=1
1783349785.734511 publish topic=ipi/detector-output-to-ipi-weak-signal-run-1/latency/av-1/ack bytes=181 forwarded=1
1783349785.953849 publish topic=ipi/detector-output-to-ipi-weak-signal-run-1/latency/av-1/request bytes=388 forwarded=1
1783349785.954640 publish topic=ipi/detector-output-to-ipi-weak-signal-run-1/latency/av-1/ack bytes=181 forwarded=1
1783349786.234278 publish topic=ipi/detector-output-to-ipi-weak-signal-run-1/latency/av-1/request bytes=388 forwarded=1
1783349786.235094 publish topic=ipi/detector-output-to-ipi-weak-signal-run-1/latency/av-1/ack bytes=181 forwarded=1
1783349786.474665 publish topic=ipi/detector-output-to-ipi-weak-signal-run-1/latency/av-1/request bytes=388 forwarded=1
1783349786.475355 publish topic=ipi/detector-output-to-ipi-weak-signal-run-1/latency/av-1/ack bytes=181 forwarded=1
1783349786.745308 publish topic=ipi/detector-output-to-ipi-weak-signal-run-1/latency/av-1/request bytes=388 forwarded=1
1783349786.746048 publish topic=ipi/detector-output-to-ipi-weak-signal-run-1/latency/av-1/ack bytes=181 forwarded=1
1783349787.005681 publish topic=ipi/detector-output-to-ipi-weak-signal-run-1/latency/av-1/request bytes=388 forwarded=1
1783349787.006390 publish topic=ipi/detector-output-to-ipi-weak-signal-run-1/latency/av-1/ack bytes=181 forwarded=1
1783349787.306269 publish topic=ipi/detector-output-to-ipi-weak-signal-run-1/latency/av-1/request bytes=388 forwarded=1
1783349787.306999 publish topic=ipi/detector-output-to-ipi-weak-signal-run-1/latency/av-1/ack bytes=181 forwarded=1
1783349787.556514 publish topic=ipi/detector-output-to-ipi-weak-signal-run-1/latency/av-1/request bytes=388 forwarded=1
1783349787.557243 publish topic=ipi/detector-output-to-ipi-weak-signal-run-1/latency/av-1/ack bytes=181 forwarded=1
1783349787.806971 publish topic=ipi/detector-output-to-ipi-weak-signal-run-1/latency/av-1/request bytes=388 forwarded=1
1783349787.807705 publish topic=ipi/detector-output-to-ipi-weak-signal-run-1/latency/av-1/ack bytes=181 forwarded=1
1783349788.037464 publish topic=ipi/detector-output-to-ipi-weak-signal-run-1/latency/av-1/request bytes=388 forwarded=1
1783349788.038234 publish topic=ipi/detector-output-to-ipi-weak-signal-run-1/latency/av-1/ack bytes=181 forwarded=1
1783349788.267797 publish topic=ipi/detector-output-to-ipi-weak-signal-run-1/latency/av-1/request bytes=388 forwarded=1
1783349788.268507 publish topic=ipi/detector-output-to-ipi-weak-signal-run-1/latency/av-1/ack bytes=181 forwarded=1
1783349788.488046 publish topic=ipi/detector-output-to-ipi-weak-signal-run-1/latency/av-1/request bytes=388 forwarded=1
1783349788.488763 publish topic=ipi/detector-output-to-ipi-weak-signal-run-1/latency/av-1/ack bytes=181 forwarded=1
1783349788.708283 publish topic=ipi/detector-output-to-ipi-weak-signal-run-1/latency/av-1/request bytes=388 forwarded=1
1783349788.708984 publish topic=ipi/detector-output-to-ipi-weak-signal-run-1/latency/av-1/ack bytes=181 forwarded=1
1783349788.938535 publish topic=ipi/detector-output-to-ipi-weak-signal-run-1/latency/av-1/request bytes=388 forwarded=1
1783349788.939252 publish topic=ipi/detector-output-to-ipi-weak-signal-run-1/latency/av-1/ack bytes=181 forwarded=1
1783349789.168725 publish topic=ipi/detector-output-to-ipi-weak-signal-run-1/latency/av-1/request bytes=388 forwarded=1
1783349789.169423 publish topic=ipi/detector-output-to-ipi-weak-signal-run-1/latency/av-1/ack bytes=181 forwarded=1
1783349789.389062 publish topic=ipi/detector-output-to-ipi-weak-signal-run-1/latency/av-1/request bytes=388 forwarded=1
1783349789.389728 publish topic=ipi/detector-output-to-ipi-weak-signal-run-1/latency/av-1/ack bytes=181 forwarded=1
1783349789.609271 publish topic=ipi/detector-output-to-ipi-weak-signal-run-1/latency/av-1/request bytes=388 forwarded=1
1783349789.609951 publish topic=ipi/detector-output-to-ipi-weak-signal-run-1/latency/av-1/ack bytes=181 forwarded=1
1783349789.829559 publish topic=ipi/detector-output-to-ipi-weak-signal-run-1/latency/av-1/request bytes=388 forwarded=1
1783349789.830286 publish topic=ipi/detector-output-to-ipi-weak-signal-run-1/latency/av-1/ack bytes=181 forwarded=1
1783349790.059895 publish topic=ipi/detector-output-to-ipi-weak-signal-run-1/latency/av-1/request bytes=388 forwarded=1
1783349790.060560 publish topic=ipi/detector-output-to-ipi-weak-signal-run-1/latency/av-1/ack bytes=181 forwarded=1
1783349790.289829 publish topic=ipi/detector-output-to-ipi-weak-signal-run-1/latency/av-1/request bytes=388 forwarded=1
1783349790.290489 publish topic=ipi/detector-output-to-ipi-weak-signal-run-1/latency/av-1/ack bytes=181 forwarded=1
1783349790.510186 publish topic=ipi/detector-output-to-ipi-weak-signal-run-1/latency/av-1/request bytes=388 forwarded=1
1783349790.510857 publish topic=ipi/detector-output-to-ipi-weak-signal-run-1/latency/av-1/ack bytes=181 forwarded=1
1783349790.730443 publish topic=ipi/detector-output-to-ipi-weak-signal-run-1/latency/av-1/request bytes=388 forwarded=1
1783349790.731176 publish topic=ipi/detector-output-to-ipi-weak-signal-run-1/latency/av-1/ack bytes=181 forwarded=1
1783349790.950554 publish topic=ipi/detector-output-to-ipi-weak-signal-run-1/latency/av-1/request bytes=388 forwarded=1
1783349790.951284 publish topic=ipi/detector-output-to-ipi-weak-signal-run-1/latency/av-1/ack bytes=181 forwarded=1
1783349791.170913 publish topic=ipi/detector-output-to-ipi-weak-signal-run-1/latency/av-1/request bytes=388 forwarded=1
1783349791.171648 publish topic=ipi/detector-output-to-ipi-weak-signal-run-1/latency/av-1/ack bytes=181 forwarded=1
1783349791.411010 publish topic=ipi/detector-output-to-ipi-weak-signal-run-1/latency/av-1/request bytes=388 forwarded=1
1783349791.411743 publish topic=ipi/detector-output-to-ipi-weak-signal-run-1/latency/av-1/ack bytes=181 forwarded=1
1783349791.631418 publish topic=ipi/detector-output-to-ipi-weak-signal-run-1/latency/av-1/request bytes=388 forwarded=1
1783349791.632147 publish topic=ipi/detector-output-to-ipi-weak-signal-run-1/latency/av-1/ack bytes=181 forwarded=1
1783349791.851638 publish topic=ipi/detector-output-to-ipi-weak-signal-run-1/latency/av-1/request bytes=388 forwarded=1
1783349791.852395 publish topic=ipi/detector-output-to-ipi-weak-signal-run-1/latency/av-1/ack bytes=181 forwarded=1
1783349792.071716 publish topic=ipi/detector-output-to-ipi-weak-signal-run-1/latency/av-1/request bytes=388 forwarded=1
1783349792.072446 publish topic=ipi/detector-output-to-ipi-weak-signal-run-1/latency/av-1/ack bytes=181 forwarded=1
1783349792.301944 publish topic=ipi/detector-output-to-ipi-weak-signal-run-1/latency/av-1/request bytes=388 forwarded=1
1783349792.302701 publish topic=ipi/detector-output-to-ipi-weak-signal-run-1/latency/av-1/ack bytes=181 forwarded=1
1783349792.532118 publish topic=ipi/detector-output-to-ipi-weak-signal-run-1/latency/av-1/request bytes=388 forwarded=1
1783349792.532870 publish topic=ipi/detector-output-to-ipi-weak-signal-run-1/latency/av-1/ack bytes=181 forwarded=1
1783349792.752424 publish topic=ipi/detector-output-to-ipi-weak-signal-run-1/latency/av-1/request bytes=388 forwarded=1
1783349792.753201 publish topic=ipi/detector-output-to-ipi-weak-signal-run-1/latency/av-1/ack bytes=181 forwarded=1
1783349792.992831 publish topic=ipi/detector-output-to-ipi-weak-signal-run-1/latency/av-1/request bytes=388 forwarded=1
1783349792.993563 publish topic=ipi/detector-output-to-ipi-weak-signal-run-1/latency/av-1/ack bytes=181 forwarded=1
1783349793.233120 publish topic=ipi/detector-output-to-ipi-weak-signal-run-1/latency/av-1/request bytes=388 forwarded=1
1783349793.233858 publish topic=ipi/detector-output-to-ipi-weak-signal-run-1/latency/av-1/ack bytes=181 forwarded=1
1783349793.473330 publish topic=ipi/detector-output-to-ipi-weak-signal-run-1/latency/av-1/request bytes=388 forwarded=1
1783349793.474082 publish topic=ipi/detector-output-to-ipi-weak-signal-run-1/latency/av-1/ack bytes=181 forwarded=1
1783349793.713465 publish topic=ipi/detector-output-to-ipi-weak-signal-run-1/latency/av-1/request bytes=388 forwarded=1
1783349793.714187 publish topic=ipi/detector-output-to-ipi-weak-signal-run-1/latency/av-1/ack bytes=181 forwarded=1
1783349793.953750 publish topic=ipi/detector-output-to-ipi-weak-signal-run-1/latency/av-1/request bytes=388 forwarded=1
1783349793.954519 publish topic=ipi/detector-output-to-ipi-weak-signal-run-1/latency/av-1/ack bytes=181 forwarded=1
1783349794.193958 publish topic=ipi/detector-output-to-ipi-weak-signal-run-1/latency/av-1/request bytes=388 forwarded=1
1783349794.194729 publish topic=ipi/detector-output-to-ipi-weak-signal-run-1/latency/av-1/ack bytes=181 forwarded=1
1783349794.424215 publish topic=ipi/detector-output-to-ipi-weak-signal-run-1/latency/av-1/request bytes=388 forwarded=1
1783349794.424896 publish topic=ipi/detector-output-to-ipi-weak-signal-run-1/latency/av-1/ack bytes=181 forwarded=1
1783349794.654482 publish topic=ipi/detector-output-to-ipi-weak-signal-run-1/latency/av-1/request bytes=388 forwarded=1
1783349794.655185 publish topic=ipi/detector-output-to-ipi-weak-signal-run-1/latency/av-1/ack bytes=181 forwarded=1
1783349794.894743 publish topic=ipi/detector-output-to-ipi-weak-signal-run-1/latency/av-1/request bytes=388 forwarded=1
1783349794.895458 publish topic=ipi/detector-output-to-ipi-weak-signal-run-1/latency/av-1/ack bytes=181 forwarded=1
1783349795.134968 publish topic=ipi/detector-output-to-ipi-weak-signal-run-1/latency/av-1/request bytes=388 forwarded=1
1783349795.135713 publish topic=ipi/detector-output-to-ipi-weak-signal-run-1/latency/av-1/ack bytes=181 forwarded=1
1783349795.365370 publish topic=ipi/detector-output-to-ipi-weak-signal-run-1/latency/av-1/request bytes=388 forwarded=1
1783349795.366075 publish topic=ipi/detector-output-to-ipi-weak-signal-run-1/latency/av-1/ack bytes=181 forwarded=1
1783349795.595377 publish topic=ipi/detector-output-to-ipi-weak-signal-run-1/latency/av-1/request bytes=388 forwarded=1
1783349795.596147 publish topic=ipi/detector-output-to-ipi-weak-signal-run-1/latency/av-1/ack bytes=181 forwarded=1
1783349795.835641 publish topic=ipi/detector-output-to-ipi-weak-signal-run-1/latency/av-1/request bytes=388 forwarded=1
1783349795.836366 publish topic=ipi/detector-output-to-ipi-weak-signal-run-1/latency/av-1/ack bytes=181 forwarded=1
1783349796.056058 publish topic=ipi/detector-output-to-ipi-weak-signal-run-1/latency/av-1/request bytes=388 forwarded=1
1783349796.056747 publish topic=ipi/detector-output-to-ipi-weak-signal-run-1/latency/av-1/ack bytes=181 forwarded=1
1783349796.286216 publish topic=ipi/detector-output-to-ipi-weak-signal-run-1/latency/av-1/request bytes=388 forwarded=1
1783349796.286997 publish topic=ipi/detector-output-to-ipi-weak-signal-run-1/latency/av-1/ack bytes=181 forwarded=1
1783349796.506418 publish topic=ipi/detector-output-to-ipi-weak-signal-run-1/latency/av-1/request bytes=388 forwarded=1
1783349796.507124 publish topic=ipi/detector-output-to-ipi-weak-signal-run-1/latency/av-1/ack bytes=181 forwarded=1
1783349796.726437 publish topic=ipi/detector-output-to-ipi-weak-signal-run-1/latency/av-1/request bytes=388 forwarded=1
1783349796.727193 publish topic=ipi/detector-output-to-ipi-weak-signal-run-1/latency/av-1/ack bytes=181 forwarded=1
1783349796.946689 publish topic=ipi/detector-output-to-ipi-weak-signal-run-1/latency/av-1/request bytes=388 forwarded=1
1783349796.947357 publish topic=ipi/detector-output-to-ipi-weak-signal-run-1/latency/av-1/ack bytes=181 forwarded=1
1783349797.166856 publish topic=ipi/detector-output-to-ipi-weak-signal-run-1/latency/av-1/request bytes=388 forwarded=1
1783349797.167546 publish topic=ipi/detector-output-to-ipi-weak-signal-run-1/latency/av-1/ack bytes=181 forwarded=1
1783349797.397142 publish topic=ipi/detector-output-to-ipi-weak-signal-run-1/latency/av-1/request bytes=388 forwarded=1
1783349797.397853 publish topic=ipi/detector-output-to-ipi-weak-signal-run-1/latency/av-1/ack bytes=181 forwarded=1
1783349797.617383 publish topic=ipi/detector-output-to-ipi-weak-signal-run-1/latency/av-1/request bytes=388 forwarded=1
1783349797.618056 publish topic=ipi/detector-output-to-ipi-weak-signal-run-1/latency/av-1/ack bytes=181 forwarded=1
1783349797.847661 publish topic=ipi/detector-output-to-ipi-weak-signal-run-1/latency/av-1/request bytes=388 forwarded=1
1783349797.848422 publish topic=ipi/detector-output-to-ipi-weak-signal-run-1/latency/av-1/ack bytes=181 forwarded=1
1783349798.117921 publish topic=ipi/detector-output-to-ipi-weak-signal-run-1/latency/av-1/request bytes=388 forwarded=1
1783349798.118634 publish topic=ipi/detector-output-to-ipi-weak-signal-run-1/latency/av-1/ack bytes=181 forwarded=1
1783349798.398221 publish topic=ipi/detector-output-to-ipi-weak-signal-run-1/latency/av-1/request bytes=388 forwarded=1
1783349798.399007 publish topic=ipi/detector-output-to-ipi-weak-signal-run-1/latency/av-1/ack bytes=181 forwarded=1
1783349798.638730 publish topic=ipi/detector-output-to-ipi-weak-signal-run-1/latency/av-1/request bytes=388 forwarded=1
1783349798.639404 publish topic=ipi/detector-output-to-ipi-weak-signal-run-1/latency/av-1/ack bytes=181 forwarded=1
1783349798.919106 publish topic=ipi/detector-output-to-ipi-weak-signal-run-1/latency/av-1/request bytes=388 forwarded=1
1783349798.919818 publish topic=ipi/detector-output-to-ipi-weak-signal-run-1/latency/av-1/ack bytes=181 forwarded=1
1783349799.189527 publish topic=ipi/detector-output-to-ipi-weak-signal-run-1/latency/av-1/request bytes=388 forwarded=1
1783349799.190212 publish topic=ipi/detector-output-to-ipi-weak-signal-run-1/latency/av-1/ack bytes=181 forwarded=1
1783349799.470044 publish topic=ipi/detector-output-to-ipi-weak-signal-run-1/latency/av-1/request bytes=388 forwarded=1
1783349799.470825 publish topic=ipi/detector-output-to-ipi-weak-signal-run-1/latency/av-1/ack bytes=181 forwarded=1
1783349799.690300 publish topic=ipi/detector-output-to-ipi-weak-signal-run-1/latency/av-1/request bytes=388 forwarded=1
1783349799.691005 publish topic=ipi/detector-output-to-ipi-weak-signal-run-1/latency/av-1/ack bytes=181 forwarded=1
1783349799.970782 publish topic=ipi/detector-output-to-ipi-weak-signal-run-1/latency/av-1/request bytes=388 forwarded=1
1783349799.971433 publish topic=ipi/detector-output-to-ipi-weak-signal-run-1/latency/av-1/ack bytes=181 forwarded=1
1783349800.241284 publish topic=ipi/detector-output-to-ipi-weak-signal-run-1/latency/av-1/request bytes=388 forwarded=1
1783349800.241956 publish topic=ipi/detector-output-to-ipi-weak-signal-run-1/latency/av-1/ack bytes=181 forwarded=1
1783349800.471411 publish topic=ipi/detector-output-to-ipi-weak-signal-run-1/latency/av-1/request bytes=388 forwarded=1
1783349800.472136 publish topic=ipi/detector-output-to-ipi-weak-signal-run-1/latency/av-1/ack bytes=181 forwarded=1
1783349800.691913 publish topic=ipi/detector-output-to-ipi-weak-signal-run-1/latency/av-1/request bytes=388 forwarded=1
1783349800.692617 publish topic=ipi/detector-output-to-ipi-weak-signal-run-1/latency/av-1/ack bytes=181 forwarded=1
1783349800.912074 publish topic=ipi/detector-output-to-ipi-weak-signal-run-1/latency/av-1/request bytes=388 forwarded=1
1783349800.912745 publish topic=ipi/detector-output-to-ipi-weak-signal-run-1/latency/av-1/ack bytes=181 forwarded=1
1783349801.132340 publish topic=ipi/detector-output-to-ipi-weak-signal-run-1/latency/av-1/request bytes=388 forwarded=1
1783349801.133030 publish topic=ipi/detector-output-to-ipi-weak-signal-run-1/latency/av-1/ack bytes=181 forwarded=1
1783349801.372587 publish topic=ipi/detector-output-to-ipi-weak-signal-run-1/latency/av-1/request bytes=388 forwarded=1
1783349801.373350 publish topic=ipi/detector-output-to-ipi-weak-signal-run-1/latency/av-1/ack bytes=181 forwarded=1
1783349801.602675 publish topic=ipi/detector-output-to-ipi-weak-signal-run-1/latency/av-1/request bytes=388 forwarded=1
1783349801.603394 publish topic=ipi/detector-output-to-ipi-weak-signal-run-1/latency/av-1/ack bytes=181 forwarded=1
1783349801.832966 publish topic=ipi/detector-output-to-ipi-weak-signal-run-1/latency/av-1/request bytes=388 forwarded=1
1783349801.833649 publish topic=ipi/detector-output-to-ipi-weak-signal-run-1/latency/av-1/ack bytes=181 forwarded=1
1783349802.073406 publish topic=ipi/detector-output-to-ipi-weak-signal-run-1/latency/av-1/request bytes=388 forwarded=1
1783349802.074117 publish topic=ipi/detector-output-to-ipi-weak-signal-run-1/latency/av-1/ack bytes=181 forwarded=1
1783349802.313647 publish topic=ipi/detector-output-to-ipi-weak-signal-run-1/latency/av-1/request bytes=388 forwarded=1
1783349802.314350 publish topic=ipi/detector-output-to-ipi-weak-signal-run-1/latency/av-1/ack bytes=181 forwarded=1
1783349802.553639 publish topic=ipi/detector-output-to-ipi-weak-signal-run-1/latency/av-1/request bytes=388 forwarded=1
1783349802.554322 publish topic=ipi/detector-output-to-ipi-weak-signal-run-1/latency/av-1/ack bytes=181 forwarded=1
1783349802.794083 publish topic=ipi/detector-output-to-ipi-weak-signal-run-1/latency/av-1/request bytes=388 forwarded=1
1783349802.794822 publish topic=ipi/detector-output-to-ipi-weak-signal-run-1/latency/av-1/ack bytes=181 forwarded=1
1783349803.034424 publish topic=ipi/detector-output-to-ipi-weak-signal-run-1/latency/av-1/request bytes=388 forwarded=1
1783349803.035142 publish topic=ipi/detector-output-to-ipi-weak-signal-run-1/latency/av-1/ack bytes=181 forwarded=1
1783349803.274422 publish topic=ipi/detector-output-to-ipi-weak-signal-run-1/latency/av-1/request bytes=388 forwarded=1
1783349803.275140 publish topic=ipi/detector-output-to-ipi-weak-signal-run-1/latency/av-1/ack bytes=181 forwarded=1
1783349803.514858 publish topic=ipi/detector-output-to-ipi-weak-signal-run-1/latency/av-1/request bytes=388 forwarded=1
1783349803.515567 publish topic=ipi/detector-output-to-ipi-weak-signal-run-1/latency/av-1/ack bytes=181 forwarded=1
1783349803.755060 publish topic=ipi/detector-output-to-ipi-weak-signal-run-1/latency/av-1/request bytes=388 forwarded=1
1783349803.755807 publish topic=ipi/detector-output-to-ipi-weak-signal-run-1/latency/av-1/ack bytes=181 forwarded=1
1783349803.995295 publish topic=ipi/detector-output-to-ipi-weak-signal-run-1/latency/av-1/request bytes=388 forwarded=1
1783349803.996069 publish topic=ipi/detector-output-to-ipi-weak-signal-run-1/latency/av-1/ack bytes=181 forwarded=1
1783349804.235595 publish topic=ipi/detector-output-to-ipi-weak-signal-run-1/latency/av-1/request bytes=388 forwarded=1
1783349804.236355 publish topic=ipi/detector-output-to-ipi-weak-signal-run-1/latency/av-1/ack bytes=181 forwarded=1
1783349804.465810 publish topic=ipi/detector-output-to-ipi-weak-signal-run-1/latency/av-1/request bytes=388 forwarded=1
1783349804.466568 publish topic=ipi/detector-output-to-ipi-weak-signal-run-1/latency/av-1/ack bytes=181 forwarded=1
1783349804.696022 publish topic=ipi/detector-output-to-ipi-weak-signal-run-1/latency/av-1/request bytes=388 forwarded=1
1783349804.696714 publish topic=ipi/detector-output-to-ipi-weak-signal-run-1/latency/av-1/ack bytes=181 forwarded=1
1783349804.926203 publish topic=ipi/detector-output-to-ipi-weak-signal-run-1/latency/av-1/request bytes=388 forwarded=1
1783349804.926918 publish topic=ipi/detector-output-to-ipi-weak-signal-run-1/latency/av-1/ack bytes=181 forwarded=1
1783349805.146492 publish topic=ipi/detector-output-to-ipi-weak-signal-run-1/latency/av-1/request bytes=388 forwarded=1
1783349805.147302 publish topic=ipi/detector-output-to-ipi-weak-signal-run-1/latency/av-1/ack bytes=181 forwarded=1
1783349805.366671 publish topic=ipi/detector-output-to-ipi-weak-signal-run-1/latency/av-1/request bytes=388 forwarded=1
1783349805.367371 publish topic=ipi/detector-output-to-ipi-weak-signal-run-1/latency/av-1/ack bytes=181 forwarded=1
1783349805.586748 publish topic=ipi/detector-output-to-ipi-weak-signal-run-1/latency/av-1/request bytes=388 forwarded=1
1783349805.587361 publish topic=ipi/detector-output-to-ipi-weak-signal-run-1/latency/av-1/ack bytes=181 forwarded=1
1783349805.807037 publish topic=ipi/detector-output-to-ipi-weak-signal-run-1/latency/av-1/request bytes=388 forwarded=1
1783349805.807768 publish topic=ipi/detector-output-to-ipi-weak-signal-run-1/latency/av-1/ack bytes=181 forwarded=1
1783349806.027290 publish topic=ipi/detector-output-to-ipi-weak-signal-run-1/latency/av-1/request bytes=388 forwarded=1
1783349806.028042 publish topic=ipi/detector-output-to-ipi-weak-signal-run-1/latency/av-1/ack bytes=181 forwarded=1
1783349806.247676 publish topic=ipi/detector-output-to-ipi-weak-signal-run-1/latency/av-1/request bytes=388 forwarded=1
1783349806.248378 publish topic=ipi/detector-output-to-ipi-weak-signal-run-1/latency/av-1/ack bytes=181 forwarded=1
1783349806.467774 publish topic=ipi/detector-output-to-ipi-weak-signal-run-1/latency/av-1/request bytes=388 forwarded=1
1783349806.468477 publish topic=ipi/detector-output-to-ipi-weak-signal-run-1/latency/av-1/ack bytes=181 forwarded=1
1783349806.687922 publish topic=ipi/detector-output-to-ipi-weak-signal-run-1/latency/av-1/request bytes=388 forwarded=1
1783349806.688607 publish topic=ipi/detector-output-to-ipi-weak-signal-run-1/latency/av-1/ack bytes=181 forwarded=1
1783349806.908242 publish topic=ipi/detector-output-to-ipi-weak-signal-run-1/latency/av-1/request bytes=388 forwarded=1
1783349806.908951 publish topic=ipi/detector-output-to-ipi-weak-signal-run-1/latency/av-1/ack bytes=181 forwarded=1
1783349807.128495 publish topic=ipi/detector-output-to-ipi-weak-signal-run-1/latency/av-1/request bytes=388 forwarded=1
1783349807.129239 publish topic=ipi/detector-output-to-ipi-weak-signal-run-1/latency/av-1/ack bytes=181 forwarded=1
1783349807.348783 publish topic=ipi/detector-output-to-ipi-weak-signal-run-1/latency/av-1/request bytes=388 forwarded=1
1783349807.349470 publish topic=ipi/detector-output-to-ipi-weak-signal-run-1/latency/av-1/ack bytes=181 forwarded=1
1783349807.568721 publish topic=ipi/detector-output-to-ipi-weak-signal-run-1/latency/av-1/request bytes=388 forwarded=1
1783349807.569518 publish topic=ipi/detector-output-to-ipi-weak-signal-run-1/latency/av-1/ack bytes=181 forwarded=1
1783349807.789108 publish topic=ipi/detector-output-to-ipi-weak-signal-run-1/latency/av-1/request bytes=388 forwarded=1
1783349807.789763 publish topic=ipi/detector-output-to-ipi-weak-signal-run-1/latency/av-1/ack bytes=181 forwarded=1
1783349808.009173 publish topic=ipi/detector-output-to-ipi-weak-signal-run-1/latency/av-1/request bytes=388 forwarded=1
1783349808.009846 publish topic=ipi/detector-output-to-ipi-weak-signal-run-1/latency/av-1/ack bytes=181 forwarded=1
1783349808.229536 publish topic=ipi/detector-output-to-ipi-weak-signal-run-1/latency/av-1/request bytes=388 forwarded=1
1783349808.230232 publish topic=ipi/detector-output-to-ipi-weak-signal-run-1/latency/av-1/ack bytes=181 forwarded=1
1783349808.449834 publish topic=ipi/detector-output-to-ipi-weak-signal-run-1/latency/av-1/request bytes=388 forwarded=1
1783349808.450565 publish topic=ipi/detector-output-to-ipi-weak-signal-run-1/latency/av-1/ack bytes=181 forwarded=1
1783349808.669596 publish topic=ipi/detector-output-to-ipi-weak-signal-run-1/latency/av-1/request bytes=388 forwarded=1
1783349808.670256 publish topic=ipi/detector-output-to-ipi-weak-signal-run-1/latency/av-1/ack bytes=181 forwarded=1
1783349808.900181 publish topic=ipi/detector-output-to-ipi-weak-signal-run-1/latency/av-1/request bytes=388 forwarded=1
1783349808.900842 publish topic=ipi/detector-output-to-ipi-weak-signal-run-1/latency/av-1/ack bytes=181 forwarded=1
1783349809.130326 publish topic=ipi/detector-output-to-ipi-weak-signal-run-1/latency/av-1/request bytes=388 forwarded=1
1783349809.131025 publish topic=ipi/detector-output-to-ipi-weak-signal-run-1/latency/av-1/ack bytes=181 forwarded=1
1783349809.350684 publish topic=ipi/detector-output-to-ipi-weak-signal-run-1/latency/av-1/request bytes=388 forwarded=1
1783349809.351361 publish topic=ipi/detector-output-to-ipi-weak-signal-run-1/latency/av-1/ack bytes=181 forwarded=1
1783349809.570733 publish topic=ipi/detector-output-to-ipi-weak-signal-run-1/latency/av-1/request bytes=388 forwarded=1
1783349809.571343 publish topic=ipi/detector-output-to-ipi-weak-signal-run-1/latency/av-1/ack bytes=181 forwarded=1
1783349809.790944 publish topic=ipi/detector-output-to-ipi-weak-signal-run-1/latency/av-1/request bytes=388 forwarded=1
1783349809.791620 publish topic=ipi/detector-output-to-ipi-weak-signal-run-1/latency/av-1/ack bytes=181 forwarded=1
1783349810.011140 publish topic=ipi/detector-output-to-ipi-weak-signal-run-1/latency/av-1/request bytes=388 forwarded=1
1783349810.011817 publish topic=ipi/detector-output-to-ipi-weak-signal-run-1/latency/av-1/ack bytes=181 forwarded=1
1783349810.231437 publish topic=ipi/detector-output-to-ipi-weak-signal-run-1/latency/av-1/request bytes=388 forwarded=1
1783349810.232103 publish topic=ipi/detector-output-to-ipi-weak-signal-run-1/latency/av-1/ack bytes=181 forwarded=1
1783349810.471539 publish topic=ipi/detector-output-to-ipi-weak-signal-run-1/latency/av-1/request bytes=388 forwarded=1
1783349810.472219 publish topic=ipi/detector-output-to-ipi-weak-signal-run-1/latency/av-1/ack bytes=181 forwarded=1
1783349810.721841 publish topic=ipi/detector-output-to-ipi-weak-signal-run-1/latency/av-1/request bytes=388 forwarded=1
1783349810.722543 publish topic=ipi/detector-output-to-ipi-weak-signal-run-1/latency/av-1/ack bytes=181 forwarded=1
1783349810.962339 publish topic=ipi/detector-output-to-ipi-weak-signal-run-1/latency/av-1/request bytes=388 forwarded=1
1783349810.963041 publish topic=ipi/detector-output-to-ipi-weak-signal-run-1/latency/av-1/ack bytes=181 forwarded=1
1783349811.232588 publish topic=ipi/detector-output-to-ipi-weak-signal-run-1/latency/av-1/request bytes=388 forwarded=1
1783349811.233252 publish topic=ipi/detector-output-to-ipi-weak-signal-run-1/latency/av-1/ack bytes=181 forwarded=1
1783349811.473138 publish topic=ipi/detector-output-to-ipi-weak-signal-run-1/latency/av-1/request bytes=388 forwarded=1
1783349811.473820 publish topic=ipi/detector-output-to-ipi-weak-signal-run-1/latency/av-1/ack bytes=181 forwarded=1
1783349811.723422 publish topic=ipi/detector-output-to-ipi-weak-signal-run-1/latency/av-1/request bytes=388 forwarded=1
1783349811.724099 publish topic=ipi/detector-output-to-ipi-weak-signal-run-1/latency/av-1/ack bytes=181 forwarded=1
1783349812.003767 publish topic=ipi/detector-output-to-ipi-weak-signal-run-1/latency/av-1/request bytes=388 forwarded=1
1783349812.004403 publish topic=ipi/detector-output-to-ipi-weak-signal-run-1/latency/av-1/ack bytes=181 forwarded=1
1783349812.254351 publish topic=ipi/detector-output-to-ipi-weak-signal-run-1/latency/av-1/request bytes=388 forwarded=1
1783349812.255050 publish topic=ipi/detector-output-to-ipi-weak-signal-run-1/latency/av-1/ack bytes=181 forwarded=1
1783349812.494783 publish topic=ipi/detector-output-to-ipi-weak-signal-run-1/latency/av-1/request bytes=388 forwarded=1
1783349812.495452 publish topic=ipi/detector-output-to-ipi-weak-signal-run-1/latency/av-1/ack bytes=181 forwarded=1
1783349812.724812 publish topic=ipi/detector-output-to-ipi-weak-signal-run-1/latency/av-1/request bytes=388 forwarded=1
1783349812.725426 publish topic=ipi/detector-output-to-ipi-weak-signal-run-1/latency/av-1/ack bytes=181 forwarded=1
1783349812.955062 publish topic=ipi/detector-output-to-ipi-weak-signal-run-1/latency/av-1/request bytes=388 forwarded=1
1783349812.955759 publish topic=ipi/detector-output-to-ipi-weak-signal-run-1/latency/av-1/ack bytes=181 forwarded=1
1783349813.195387 publish topic=ipi/detector-output-to-ipi-weak-signal-run-1/latency/av-1/request bytes=388 forwarded=1
1783349813.196053 publish topic=ipi/detector-output-to-ipi-weak-signal-run-1/latency/av-1/ack bytes=181 forwarded=1
1783349813.435636 publish topic=ipi/detector-output-to-ipi-weak-signal-run-1/latency/av-1/request bytes=388 forwarded=1
1783349813.436294 publish topic=ipi/detector-output-to-ipi-weak-signal-run-1/latency/av-1/ack bytes=181 forwarded=1
1783349813.655782 publish topic=ipi/detector-output-to-ipi-weak-signal-run-1/latency/av-1/request bytes=388 forwarded=1
1783349813.656448 publish topic=ipi/detector-output-to-ipi-weak-signal-run-1/latency/av-1/ack bytes=181 forwarded=1
1783349813.875972 publish topic=ipi/detector-output-to-ipi-weak-signal-run-1/latency/av-1/request bytes=388 forwarded=1
1783349813.876665 publish topic=ipi/detector-output-to-ipi-weak-signal-run-1/latency/av-1/ack bytes=181 forwarded=1
1783349814.096257 publish topic=ipi/detector-output-to-ipi-weak-signal-run-1/latency/av-1/request bytes=388 forwarded=1
1783349814.096934 publish topic=ipi/detector-output-to-ipi-weak-signal-run-1/latency/av-1/ack bytes=181 forwarded=1
1783349814.326475 publish topic=ipi/detector-output-to-ipi-weak-signal-run-1/latency/av-1/request bytes=388 forwarded=1
1783349814.327150 publish topic=ipi/detector-output-to-ipi-weak-signal-run-1/latency/av-1/ack bytes=181 forwarded=1
1783349814.546716 publish topic=ipi/detector-output-to-ipi-weak-signal-run-1/latency/av-1/request bytes=388 forwarded=1
1783349814.547394 publish topic=ipi/detector-output-to-ipi-weak-signal-run-1/latency/av-1/ack bytes=181 forwarded=1
1783349814.766943 publish topic=ipi/detector-output-to-ipi-weak-signal-run-1/latency/av-1/request bytes=388 forwarded=1
1783349814.767663 publish topic=ipi/detector-output-to-ipi-weak-signal-run-1/latency/av-1/ack bytes=181 forwarded=1
1783349814.987027 publish topic=ipi/detector-output-to-ipi-weak-signal-run-1/latency/av-1/request bytes=388 forwarded=1
1783349814.987711 publish topic=ipi/detector-output-to-ipi-weak-signal-run-1/latency/av-1/ack bytes=181 forwarded=1
1783349815.207294 publish topic=ipi/detector-output-to-ipi-weak-signal-run-1/latency/av-1/request bytes=388 forwarded=1
1783349815.207965 publish topic=ipi/detector-output-to-ipi-weak-signal-run-1/latency/av-1/ack bytes=181 forwarded=1
1783349815.427481 publish topic=ipi/detector-output-to-ipi-weak-signal-run-1/latency/av-1/request bytes=388 forwarded=1
1783349815.428118 publish topic=ipi/detector-output-to-ipi-weak-signal-run-1/latency/av-1/ack bytes=181 forwarded=1
1783349815.647750 publish topic=ipi/detector-output-to-ipi-weak-signal-run-1/latency/av-1/request bytes=388 forwarded=1
1783349815.648421 publish topic=ipi/detector-output-to-ipi-weak-signal-run-1/latency/av-1/ack bytes=181 forwarded=1
1783349815.867879 publish topic=ipi/detector-output-to-ipi-weak-signal-run-1/latency/av-1/request bytes=388 forwarded=1
1783349815.868647 publish topic=ipi/detector-output-to-ipi-weak-signal-run-1/latency/av-1/ack bytes=181 forwarded=1
1783349816.088364 publish topic=ipi/detector-output-to-ipi-weak-signal-run-1/latency/av-1/request bytes=388 forwarded=1
1783349816.089093 publish topic=ipi/detector-output-to-ipi-weak-signal-run-1/latency/av-1/ack bytes=181 forwarded=1
1783349816.308341 publish topic=ipi/detector-output-to-ipi-weak-signal-run-1/latency/av-1/request bytes=388 forwarded=1
1783349816.309033 publish topic=ipi/detector-output-to-ipi-weak-signal-run-1/latency/av-1/ack bytes=181 forwarded=1
1783349816.528671 publish topic=ipi/detector-output-to-ipi-weak-signal-run-1/latency/av-1/request bytes=388 forwarded=1
1783349816.529355 publish topic=ipi/detector-output-to-ipi-weak-signal-run-1/latency/av-1/ack bytes=181 forwarded=1
1783349816.748940 publish topic=ipi/detector-output-to-ipi-weak-signal-run-1/latency/av-1/request bytes=388 forwarded=1
1783349816.749624 publish topic=ipi/detector-output-to-ipi-weak-signal-run-1/latency/av-1/ack bytes=181 forwarded=1
1783349816.969143 publish topic=ipi/detector-output-to-ipi-weak-signal-run-1/latency/av-1/request bytes=388 forwarded=1
1783349816.969843 publish topic=ipi/detector-output-to-ipi-weak-signal-run-1/latency/av-1/ack bytes=181 forwarded=1
1783349817.189368 publish topic=ipi/detector-output-to-ipi-weak-signal-run-1/latency/av-1/request bytes=388 forwarded=1
1783349817.190058 publish topic=ipi/detector-output-to-ipi-weak-signal-run-1/latency/av-1/ack bytes=181 forwarded=1
1783349817.409494 publish topic=ipi/detector-output-to-ipi-weak-signal-run-1/latency/av-1/request bytes=388 forwarded=1
1783349817.410190 publish topic=ipi/detector-output-to-ipi-weak-signal-run-1/latency/av-1/ack bytes=181 forwarded=1
1783349817.629767 publish topic=ipi/detector-output-to-ipi-weak-signal-run-1/latency/av-1/request bytes=388 forwarded=1
1783349817.630493 publish topic=ipi/detector-output-to-ipi-weak-signal-run-1/latency/av-1/ack bytes=181 forwarded=1
1783349817.849991 publish topic=ipi/detector-output-to-ipi-weak-signal-run-1/latency/av-1/request bytes=388 forwarded=1
1783349817.850793 publish topic=ipi/detector-output-to-ipi-weak-signal-run-1/latency/av-1/ack bytes=181 forwarded=1
1783349818.070012 publish topic=ipi/detector-output-to-ipi-weak-signal-run-1/latency/av-1/request bytes=388 forwarded=1
1783349818.070719 publish topic=ipi/detector-output-to-ipi-weak-signal-run-1/latency/av-1/ack bytes=181 forwarded=1
1783349818.290433 publish topic=ipi/detector-output-to-ipi-weak-signal-run-1/latency/av-1/request bytes=388 forwarded=1
1783349818.291165 publish topic=ipi/detector-output-to-ipi-weak-signal-run-1/latency/av-1/ack bytes=181 forwarded=1
1783349818.510645 publish topic=ipi/detector-output-to-ipi-weak-signal-run-1/latency/av-1/request bytes=388 forwarded=1
1783349818.511343 publish topic=ipi/detector-output-to-ipi-weak-signal-run-1/latency/av-1/ack bytes=181 forwarded=1
1783349818.730802 publish topic=ipi/detector-output-to-ipi-weak-signal-run-1/latency/av-1/request bytes=388 forwarded=1
1783349818.731484 publish topic=ipi/detector-output-to-ipi-weak-signal-run-1/latency/av-1/ack bytes=181 forwarded=1
1783349818.950960 publish topic=ipi/detector-output-to-ipi-weak-signal-run-1/latency/av-1/request bytes=388 forwarded=1
1783349818.951658 publish topic=ipi/detector-output-to-ipi-weak-signal-run-1/latency/av-1/ack bytes=181 forwarded=1
1783349819.171339 publish topic=ipi/detector-output-to-ipi-weak-signal-run-1/latency/av-1/request bytes=388 forwarded=1
1783349819.172051 publish topic=ipi/detector-output-to-ipi-weak-signal-run-1/latency/av-1/ack bytes=181 forwarded=1
1783349819.391402 publish topic=ipi/detector-output-to-ipi-weak-signal-run-1/latency/av-1/request bytes=388 forwarded=1
1783349819.392083 publish topic=ipi/detector-output-to-ipi-weak-signal-run-1/latency/av-1/ack bytes=181 forwarded=1
1783349819.611818 publish topic=ipi/detector-output-to-ipi-weak-signal-run-1/latency/av-1/request bytes=388 forwarded=1
1783349819.612499 publish topic=ipi/detector-output-to-ipi-weak-signal-run-1/latency/av-1/ack bytes=181 forwarded=1
1783349819.831903 publish topic=ipi/detector-output-to-ipi-weak-signal-run-1/latency/av-1/request bytes=388 forwarded=1
1783349819.832582 publish topic=ipi/detector-output-to-ipi-weak-signal-run-1/latency/av-1/ack bytes=181 forwarded=1
1783349820.052096 publish topic=ipi/detector-output-to-ipi-weak-signal-run-1/latency/av-1/request bytes=388 forwarded=1
1783349820.052814 publish topic=ipi/detector-output-to-ipi-weak-signal-run-1/latency/av-1/ack bytes=181 forwarded=1
1783349820.292350 publish topic=ipi/detector-output-to-ipi-weak-signal-run-1/latency/av-1/request bytes=388 forwarded=1
1783349820.293048 publish topic=ipi/detector-output-to-ipi-weak-signal-run-1/latency/av-1/ack bytes=181 forwarded=1
1783349820.522751 publish topic=ipi/detector-output-to-ipi-weak-signal-run-1/latency/av-1/request bytes=388 forwarded=1
1783349820.523479 publish topic=ipi/detector-output-to-ipi-weak-signal-run-1/latency/av-1/ack bytes=181 forwarded=1
1783349820.752863 publish topic=ipi/detector-output-to-ipi-weak-signal-run-1/latency/av-1/request bytes=388 forwarded=1
1783349820.753542 publish topic=ipi/detector-output-to-ipi-weak-signal-run-1/latency/av-1/ack bytes=181 forwarded=1
1783349820.983414 publish topic=ipi/detector-output-to-ipi-weak-signal-run-1/latency/av-1/request bytes=388 forwarded=1
1783349820.984101 publish topic=ipi/detector-output-to-ipi-weak-signal-run-1/latency/av-1/ack bytes=181 forwarded=1
1783349821.213524 publish topic=ipi/detector-output-to-ipi-weak-signal-run-1/latency/av-1/request bytes=388 forwarded=1
1783349821.214235 publish topic=ipi/detector-output-to-ipi-weak-signal-run-1/latency/av-1/ack bytes=181 forwarded=1
1783349821.453767 publish topic=ipi/detector-output-to-ipi-weak-signal-run-1/latency/av-1/request bytes=388 forwarded=1
1783349821.454484 publish topic=ipi/detector-output-to-ipi-weak-signal-run-1/latency/av-1/ack bytes=181 forwarded=1
1783349821.694000 publish topic=ipi/detector-output-to-ipi-weak-signal-run-1/latency/av-1/request bytes=388 forwarded=1
1783349821.694757 publish topic=ipi/detector-output-to-ipi-weak-signal-run-1/latency/av-1/ack bytes=181 forwarded=1
1783349821.934269 publish topic=ipi/detector-output-to-ipi-weak-signal-run-1/latency/av-1/request bytes=388 forwarded=1
1783349821.934977 publish topic=ipi/detector-output-to-ipi-weak-signal-run-1/latency/av-1/ack bytes=181 forwarded=1
1783349822.174562 publish topic=ipi/detector-output-to-ipi-weak-signal-run-1/latency/av-1/request bytes=388 forwarded=1
1783349822.175250 publish topic=ipi/detector-output-to-ipi-weak-signal-run-1/latency/av-1/ack bytes=181 forwarded=1
1783349822.404707 publish topic=ipi/detector-output-to-ipi-weak-signal-run-1/latency/av-1/request bytes=388 forwarded=1
1783349822.405394 publish topic=ipi/detector-output-to-ipi-weak-signal-run-1/latency/av-1/ack bytes=181 forwarded=1
1783349822.654994 publish topic=ipi/detector-output-to-ipi-weak-signal-run-1/latency/av-1/request bytes=388 forwarded=1
1783349822.655685 publish topic=ipi/detector-output-to-ipi-weak-signal-run-1/latency/av-1/ack bytes=181 forwarded=1
1783349822.915570 publish topic=ipi/detector-output-to-ipi-weak-signal-run-1/latency/av-1/request bytes=388 forwarded=1
1783349822.916326 publish topic=ipi/detector-output-to-ipi-weak-signal-run-1/latency/av-1/ack bytes=181 forwarded=1
1783349823.165854 publish topic=ipi/detector-output-to-ipi-weak-signal-run-1/latency/av-1/request bytes=388 forwarded=1
1783349823.166586 publish topic=ipi/detector-output-to-ipi-weak-signal-run-1/latency/av-1/ack bytes=181 forwarded=1
1783349823.416050 publish topic=ipi/detector-output-to-ipi-weak-signal-run-1/latency/av-1/request bytes=388 forwarded=1
1783349823.416730 publish topic=ipi/detector-output-to-ipi-weak-signal-run-1/latency/av-1/ack bytes=181 forwarded=1
1783349823.676894 publish topic=ipi/detector-output-to-ipi-weak-signal-run-1/latency/av-1/request bytes=388 forwarded=1
1783349823.677584 publish topic=ipi/detector-output-to-ipi-weak-signal-run-1/latency/av-1/ack bytes=181 forwarded=1
1783349823.926910 publish topic=ipi/detector-output-to-ipi-weak-signal-run-1/latency/av-1/request bytes=388 forwarded=1
1783349823.927591 publish topic=ipi/detector-output-to-ipi-weak-signal-run-1/latency/av-1/ack bytes=181 forwarded=1
1783349824.177619 publish topic=ipi/detector-output-to-ipi-weak-signal-run-1/latency/av-1/request bytes=388 forwarded=1
1783349824.178309 publish topic=ipi/detector-output-to-ipi-weak-signal-run-1/latency/av-1/ack bytes=181 forwarded=1
1783349824.407811 publish topic=ipi/detector-output-to-ipi-weak-signal-run-1/latency/av-1/request bytes=388 forwarded=1
1783349824.408525 publish topic=ipi/detector-output-to-ipi-weak-signal-run-1/latency/av-1/ack bytes=181 forwarded=1
1783349824.627978 publish topic=ipi/detector-output-to-ipi-weak-signal-run-1/latency/av-1/request bytes=389 forwarded=1
1783349824.628666 publish topic=ipi/detector-output-to-ipi-weak-signal-run-1/latency/av-1/ack bytes=181 forwarded=1
1783349824.648046 close ('10.120.121.16', 50680) disconnect
1783349825.286638 close ('127.0.0.1', 46556) closed
