threaded mqtt broker listening on 0.0.0.0:1883
1783350073.098045 accept ('10.120.121.16', 52974)
1783350073.099705 close ('10.120.121.16', 52974) closed
1783350073.754125 accept ('127.0.0.1', 37108)
1783350073.755453 subscribe ('127.0.0.1', 37108) ipi/detector-output-to-ipi-weak-signal-run-1/latency/av-1/request
1783350075.810677 accept ('10.120.121.16', 52986)
1783350075.830415 subscribe ('10.120.121.16', 52986) ipi/detector-output-to-ipi-weak-signal-run-1/latency/av-1/ack
1783350075.860706 publish topic=ipi/detector-output-to-ipi-weak-signal-run-1/latency/av-1/request bytes=1427 forwarded=1
1783350075.861375 publish topic=ipi/detector-output-to-ipi-weak-signal-run-1/latency/av-1/ack bytes=231 forwarded=1
1783350076.100931 publish topic=ipi/detector-output-to-ipi-weak-signal-run-1/latency/av-1/request bytes=1427 forwarded=1
1783350076.101651 publish topic=ipi/detector-output-to-ipi-weak-signal-run-1/latency/av-1/ack bytes=231 forwarded=1
1783350076.341258 publish topic=ipi/detector-output-to-ipi-weak-signal-run-1/latency/av-1/request bytes=1427 forwarded=1
1783350076.341952 publish topic=ipi/detector-output-to-ipi-weak-signal-run-1/latency/av-1/ack bytes=231 forwarded=1
1783350076.581467 publish topic=ipi/detector-output-to-ipi-weak-signal-run-1/latency/av-1/request bytes=1427 forwarded=1
1783350076.582197 publish topic=ipi/detector-output-to-ipi-weak-signal-run-1/latency/av-1/ack bytes=231 forwarded=1
1783350076.831687 publish topic=ipi/detector-output-to-ipi-weak-signal-run-1/latency/av-1/request bytes=1427 forwarded=1
1783350076.832402 publish topic=ipi/detector-output-to-ipi-weak-signal-run-1/latency/av-1/ack bytes=231 forwarded=1
1783350077.072183 publish topic=ipi/detector-output-to-ipi-weak-signal-run-1/latency/av-1/request bytes=1427 forwarded=1
1783350077.072899 publish topic=ipi/detector-output-to-ipi-weak-signal-run-1/latency/av-1/ack bytes=231 forwarded=1
1783350077.312351 publish topic=ipi/detector-output-to-ipi-weak-signal-run-1/latency/av-1/request bytes=1427 forwarded=1
1783350077.313053 publish topic=ipi/detector-output-to-ipi-weak-signal-run-1/latency/av-1/ack bytes=231 forwarded=1
1783350077.552527 publish topic=ipi/detector-output-to-ipi-weak-signal-run-1/latency/av-1/request bytes=1427 forwarded=1
1783350077.553274 publish topic=ipi/detector-output-to-ipi-weak-signal-run-1/latency/av-1/ack bytes=231 forwarded=1
1783350077.813022 publish topic=ipi/detector-output-to-ipi-weak-signal-run-1/latency/av-1/request bytes=1427 forwarded=1
1783350077.813732 publish topic=ipi/detector-output-to-ipi-weak-signal-run-1/latency/av-1/ack bytes=231 forwarded=1
1783350078.053350 publish topic=ipi/detector-output-to-ipi-weak-signal-run-1/latency/av-1/request bytes=1429 forwarded=1
1783350078.054028 publish topic=ipi/detector-output-to-ipi-weak-signal-run-1/latency/av-1/ack bytes=232 forwarded=1
1783350078.434097 publish topic=ipi/detector-output-to-ipi-weak-signal-run-1/latency/av-1/request bytes=1429 forwarded=1
1783350078.434723 publish topic=ipi/detector-output-to-ipi-weak-signal-run-1/latency/av-1/ack bytes=232 forwarded=1
1783350078.764708 publish topic=ipi/detector-output-to-ipi-weak-signal-run-1/latency/av-1/request bytes=1429 forwarded=1
1783350078.765376 publish topic=ipi/detector-output-to-ipi-weak-signal-run-1/latency/av-1/ack bytes=232 forwarded=1
1783350079.055080 publish topic=ipi/detector-output-to-ipi-weak-signal-run-1/latency/av-1/request bytes=1429 forwarded=1
1783350079.055788 publish topic=ipi/detector-output-to-ipi-weak-signal-run-1/latency/av-1/ack bytes=232 forwarded=1
1783350079.425860 publish topic=ipi/detector-output-to-ipi-weak-signal-run-1/latency/av-1/request bytes=1429 forwarded=1
1783350079.426517 publish topic=ipi/detector-output-to-ipi-weak-signal-run-1/latency/av-1/ack bytes=232 forwarded=1
1783350079.716280 publish topic=ipi/detector-output-to-ipi-weak-signal-run-1/latency/av-1/request bytes=1429 forwarded=1
1783350079.716894 publish topic=ipi/detector-output-to-ipi-weak-signal-run-1/latency/av-1/ack bytes=232 forwarded=1
1783350080.006949 publish topic=ipi/detector-output-to-ipi-weak-signal-run-1/latency/av-1/request bytes=1429 forwarded=1
1783350080.007566 publish topic=ipi/detector-output-to-ipi-weak-signal-run-1/latency/av-1/ack bytes=232 forwarded=1
1783350080.247368 publish topic=ipi/detector-output-to-ipi-weak-signal-run-1/latency/av-1/request bytes=1429 forwarded=1
1783350080.248072 publish topic=ipi/detector-output-to-ipi-weak-signal-run-1/latency/av-1/ack bytes=232 forwarded=1
1783350080.498075 publish topic=ipi/detector-output-to-ipi-weak-signal-run-1/latency/av-1/request bytes=1429 forwarded=1
1783350080.498806 publish topic=ipi/detector-output-to-ipi-weak-signal-run-1/latency/av-1/ack bytes=232 forwarded=1
1783350080.728311 publish topic=ipi/detector-output-to-ipi-weak-signal-run-1/latency/av-1/request bytes=1429 forwarded=1
1783350080.728999 publish topic=ipi/detector-output-to-ipi-weak-signal-run-1/latency/av-1/ack bytes=232 forwarded=1
1783350080.968789 publish topic=ipi/detector-output-to-ipi-weak-signal-run-1/latency/av-1/request bytes=1429 forwarded=1
1783350080.969630 publish topic=ipi/detector-output-to-ipi-weak-signal-run-1/latency/av-1/ack bytes=232 forwarded=1
1783350081.209047 publish topic=ipi/detector-output-to-ipi-weak-signal-run-1/latency/av-1/request bytes=1429 forwarded=1
1783350081.209742 publish topic=ipi/detector-output-to-ipi-weak-signal-run-1/latency/av-1/ack bytes=232 forwarded=1
1783350081.459034 publish topic=ipi/detector-output-to-ipi-weak-signal-run-1/latency/av-1/request bytes=1429 forwarded=1
1783350081.459681 publish topic=ipi/detector-output-to-ipi-weak-signal-run-1/latency/av-1/ack bytes=232 forwarded=1
1783350081.709472 publish topic=ipi/detector-output-to-ipi-weak-signal-run-1/latency/av-1/request bytes=1429 forwarded=1
1783350081.710101 publish topic=ipi/detector-output-to-ipi-weak-signal-run-1/latency/av-1/ack bytes=232 forwarded=1
1783350081.950040 publish topic=ipi/detector-output-to-ipi-weak-signal-run-1/latency/av-1/request bytes=1429 forwarded=1
1783350081.950713 publish topic=ipi/detector-output-to-ipi-weak-signal-run-1/latency/av-1/ack bytes=232 forwarded=1
1783350082.190264 publish topic=ipi/detector-output-to-ipi-weak-signal-run-1/latency/av-1/request bytes=1429 forwarded=1
1783350082.190950 publish topic=ipi/detector-output-to-ipi-weak-signal-run-1/latency/av-1/ack bytes=232 forwarded=1
1783350082.430392 publish topic=ipi/detector-output-to-ipi-weak-signal-run-1/latency/av-1/request bytes=1429 forwarded=1
1783350082.431053 publish topic=ipi/detector-output-to-ipi-weak-signal-run-1/latency/av-1/ack bytes=232 forwarded=1
1783350082.670851 publish topic=ipi/detector-output-to-ipi-weak-signal-run-1/latency/av-1/request bytes=1429 forwarded=1
1783350082.671499 publish topic=ipi/detector-output-to-ipi-weak-signal-run-1/latency/av-1/ack bytes=232 forwarded=1
1783350082.910986 publish topic=ipi/detector-output-to-ipi-weak-signal-run-1/latency/av-1/request bytes=1429 forwarded=1
1783350082.911610 publish topic=ipi/detector-output-to-ipi-weak-signal-run-1/latency/av-1/ack bytes=232 forwarded=1
1783350083.141148 publish topic=ipi/detector-output-to-ipi-weak-signal-run-1/latency/av-1/request bytes=1429 forwarded=1
1783350083.141783 publish topic=ipi/detector-output-to-ipi-weak-signal-run-1/latency/av-1/ack bytes=232 forwarded=1
1783350083.381833 publish topic=ipi/detector-output-to-ipi-weak-signal-run-1/latency/av-1/request bytes=1429 forwarded=1
1783350083.382485 publish topic=ipi/detector-output-to-ipi-weak-signal-run-1/latency/av-1/ack bytes=232 forwarded=1
1783350083.622051 publish topic=ipi/detector-output-to-ipi-weak-signal-run-1/latency/av-1/request bytes=1429 forwarded=1
1783350083.622813 publish topic=ipi/detector-output-to-ipi-weak-signal-run-1/latency/av-1/ack bytes=232 forwarded=1
1783350083.862686 publish topic=ipi/detector-output-to-ipi-weak-signal-run-1/latency/av-1/request bytes=1429 forwarded=1
1783350083.863406 publish topic=ipi/detector-output-to-ipi-weak-signal-run-1/latency/av-1/ack bytes=232 forwarded=1
1783350084.102789 publish topic=ipi/detector-output-to-ipi-weak-signal-run-1/latency/av-1/request bytes=1429 forwarded=1
1783350084.103462 publish topic=ipi/detector-output-to-ipi-weak-signal-run-1/latency/av-1/ack bytes=232 forwarded=1
1783350084.343273 publish topic=ipi/detector-output-to-ipi-weak-signal-run-1/latency/av-1/request bytes=1429 forwarded=1
1783350084.343965 publish topic=ipi/detector-output-to-ipi-weak-signal-run-1/latency/av-1/ack bytes=232 forwarded=1
1783350084.583505 publish topic=ipi/detector-output-to-ipi-weak-signal-run-1/latency/av-1/request bytes=1429 forwarded=1
1783350084.584233 publish topic=ipi/detector-output-to-ipi-weak-signal-run-1/latency/av-1/ack bytes=232 forwarded=1
1783350084.823731 publish topic=ipi/detector-output-to-ipi-weak-signal-run-1/latency/av-1/request bytes=1429 forwarded=1
1783350084.824425 publish topic=ipi/detector-output-to-ipi-weak-signal-run-1/latency/av-1/ack bytes=232 forwarded=1
1783350085.064076 publish topic=ipi/detector-output-to-ipi-weak-signal-run-1/latency/av-1/request bytes=1429 forwarded=1
1783350085.064836 publish topic=ipi/detector-output-to-ipi-weak-signal-run-1/latency/av-1/ack bytes=232 forwarded=1
1783350085.304459 publish topic=ipi/detector-output-to-ipi-weak-signal-run-1/latency/av-1/request bytes=1429 forwarded=1
1783350085.304971 publish topic=ipi/detector-output-to-ipi-weak-signal-run-1/latency/av-1/ack bytes=232 forwarded=1
1783350085.534857 publish topic=ipi/detector-output-to-ipi-weak-signal-run-1/latency/av-1/request bytes=1429 forwarded=1
1783350085.535589 publish topic=ipi/detector-output-to-ipi-weak-signal-run-1/latency/av-1/ack bytes=232 forwarded=1
1783350085.765257 publish topic=ipi/detector-output-to-ipi-weak-signal-run-1/latency/av-1/request bytes=1429 forwarded=1
1783350085.765938 publish topic=ipi/detector-output-to-ipi-weak-signal-run-1/latency/av-1/ack bytes=232 forwarded=1
1783350085.995183 publish topic=ipi/detector-output-to-ipi-weak-signal-run-1/latency/av-1/request bytes=1429 forwarded=1
1783350085.995837 publish topic=ipi/detector-output-to-ipi-weak-signal-run-1/latency/av-1/ack bytes=232 forwarded=1
1783350086.235481 publish topic=ipi/detector-output-to-ipi-weak-signal-run-1/latency/av-1/request bytes=1429 forwarded=1
1783350086.236158 publish topic=ipi/detector-output-to-ipi-weak-signal-run-1/latency/av-1/ack bytes=232 forwarded=1
1783350086.465794 publish topic=ipi/detector-output-to-ipi-weak-signal-run-1/latency/av-1/request bytes=1429 forwarded=1
1783350086.466535 publish topic=ipi/detector-output-to-ipi-weak-signal-run-1/latency/av-1/ack bytes=232 forwarded=1
1783350086.696048 publish topic=ipi/detector-output-to-ipi-weak-signal-run-1/latency/av-1/request bytes=1429 forwarded=1
1783350086.696716 publish topic=ipi/detector-output-to-ipi-weak-signal-run-1/latency/av-1/ack bytes=232 forwarded=1
1783350086.926623 publish topic=ipi/detector-output-to-ipi-weak-signal-run-1/latency/av-1/request bytes=1429 forwarded=1
1783350086.927316 publish topic=ipi/detector-output-to-ipi-weak-signal-run-1/latency/av-1/ack bytes=232 forwarded=1
1783350087.166709 publish topic=ipi/detector-output-to-ipi-weak-signal-run-1/latency/av-1/request bytes=1429 forwarded=1
1783350087.167406 publish topic=ipi/detector-output-to-ipi-weak-signal-run-1/latency/av-1/ack bytes=232 forwarded=1
1783350087.397136 publish topic=ipi/detector-output-to-ipi-weak-signal-run-1/latency/av-1/request bytes=1429 forwarded=1
1783350087.397888 publish topic=ipi/detector-output-to-ipi-weak-signal-run-1/latency/av-1/ack bytes=232 forwarded=1
1783350087.647337 publish topic=ipi/detector-output-to-ipi-weak-signal-run-1/latency/av-1/request bytes=1429 forwarded=1
1783350087.648026 publish topic=ipi/detector-output-to-ipi-weak-signal-run-1/latency/av-1/ack bytes=232 forwarded=1
1783350087.877765 publish topic=ipi/detector-output-to-ipi-weak-signal-run-1/latency/av-1/request bytes=1429 forwarded=1
1783350087.878496 publish topic=ipi/detector-output-to-ipi-weak-signal-run-1/latency/av-1/ack bytes=232 forwarded=1
1783350088.117928 publish topic=ipi/detector-output-to-ipi-weak-signal-run-1/latency/av-1/request bytes=1429 forwarded=1
1783350088.118669 publish topic=ipi/detector-output-to-ipi-weak-signal-run-1/latency/av-1/ack bytes=232 forwarded=1
1783350088.358484 publish topic=ipi/detector-output-to-ipi-weak-signal-run-1/latency/av-1/request bytes=1429 forwarded=1
1783350088.359184 publish topic=ipi/detector-output-to-ipi-weak-signal-run-1/latency/av-1/ack bytes=232 forwarded=1
1783350088.598685 publish topic=ipi/detector-output-to-ipi-weak-signal-run-1/latency/av-1/request bytes=1429 forwarded=1
1783350088.599478 publish topic=ipi/detector-output-to-ipi-weak-signal-run-1/latency/av-1/ack bytes=232 forwarded=1
1783350088.838830 publish topic=ipi/detector-output-to-ipi-weak-signal-run-1/latency/av-1/request bytes=1429 forwarded=1
1783350088.839547 publish topic=ipi/detector-output-to-ipi-weak-signal-run-1/latency/av-1/ack bytes=232 forwarded=1
1783350089.079287 publish topic=ipi/detector-output-to-ipi-weak-signal-run-1/latency/av-1/request bytes=1429 forwarded=1
1783350089.079981 publish topic=ipi/detector-output-to-ipi-weak-signal-run-1/latency/av-1/ack bytes=232 forwarded=1
1783350089.319632 publish topic=ipi/detector-output-to-ipi-weak-signal-run-1/latency/av-1/request bytes=1429 forwarded=1
1783350089.320322 publish topic=ipi/detector-output-to-ipi-weak-signal-run-1/latency/av-1/ack bytes=232 forwarded=1
1783350089.559969 publish topic=ipi/detector-output-to-ipi-weak-signal-run-1/latency/av-1/request bytes=1429 forwarded=1
1783350089.560662 publish topic=ipi/detector-output-to-ipi-weak-signal-run-1/latency/av-1/ack bytes=232 forwarded=1
1783350089.800295 publish topic=ipi/detector-output-to-ipi-weak-signal-run-1/latency/av-1/request bytes=1429 forwarded=1
1783350089.800974 publish topic=ipi/detector-output-to-ipi-weak-signal-run-1/latency/av-1/ack bytes=232 forwarded=1
1783350090.040465 publish topic=ipi/detector-output-to-ipi-weak-signal-run-1/latency/av-1/request bytes=1429 forwarded=1
1783350090.041151 publish topic=ipi/detector-output-to-ipi-weak-signal-run-1/latency/av-1/ack bytes=232 forwarded=1
1783350090.280797 publish topic=ipi/detector-output-to-ipi-weak-signal-run-1/latency/av-1/request bytes=1429 forwarded=1
1783350090.281487 publish topic=ipi/detector-output-to-ipi-weak-signal-run-1/latency/av-1/ack bytes=232 forwarded=1
1783350090.531078 publish topic=ipi/detector-output-to-ipi-weak-signal-run-1/latency/av-1/request bytes=1429 forwarded=1
1783350090.531771 publish topic=ipi/detector-output-to-ipi-weak-signal-run-1/latency/av-1/ack bytes=232 forwarded=1
1783350090.771507 publish topic=ipi/detector-output-to-ipi-weak-signal-run-1/latency/av-1/request bytes=1429 forwarded=1
1783350090.772216 publish topic=ipi/detector-output-to-ipi-weak-signal-run-1/latency/av-1/ack bytes=232 forwarded=1
1783350091.042005 publish topic=ipi/detector-output-to-ipi-weak-signal-run-1/latency/av-1/request bytes=1429 forwarded=1
1783350091.042718 publish topic=ipi/detector-output-to-ipi-weak-signal-run-1/latency/av-1/ack bytes=232 forwarded=1
1783350091.322679 publish topic=ipi/detector-output-to-ipi-weak-signal-run-1/latency/av-1/request bytes=1429 forwarded=1
1783350091.323382 publish topic=ipi/detector-output-to-ipi-weak-signal-run-1/latency/av-1/ack bytes=232 forwarded=1
1783350091.593124 publish topic=ipi/detector-output-to-ipi-weak-signal-run-1/latency/av-1/request bytes=1429 forwarded=1
1783350091.593804 publish topic=ipi/detector-output-to-ipi-weak-signal-run-1/latency/av-1/ack bytes=232 forwarded=1
1783350091.863867 publish topic=ipi/detector-output-to-ipi-weak-signal-run-1/latency/av-1/request bytes=1429 forwarded=1
1783350091.864496 publish topic=ipi/detector-output-to-ipi-weak-signal-run-1/latency/av-1/ack bytes=232 forwarded=1
1783350092.114190 publish topic=ipi/detector-output-to-ipi-weak-signal-run-1/latency/av-1/request bytes=1429 forwarded=1
1783350092.114941 publish topic=ipi/detector-output-to-ipi-weak-signal-run-1/latency/av-1/ack bytes=232 forwarded=1
1783350092.384644 publish topic=ipi/detector-output-to-ipi-weak-signal-run-1/latency/av-1/request bytes=1429 forwarded=1
1783350092.385375 publish topic=ipi/detector-output-to-ipi-weak-signal-run-1/latency/av-1/ack bytes=232 forwarded=1
1783350092.624962 publish topic=ipi/detector-output-to-ipi-weak-signal-run-1/latency/av-1/request bytes=1429 forwarded=1
1783350092.625545 publish topic=ipi/detector-output-to-ipi-weak-signal-run-1/latency/av-1/ack bytes=232 forwarded=1
1783350092.855386 publish topic=ipi/detector-output-to-ipi-weak-signal-run-1/latency/av-1/request bytes=1429 forwarded=1
1783350092.856013 publish topic=ipi/detector-output-to-ipi-weak-signal-run-1/latency/av-1/ack bytes=232 forwarded=1
1783350093.095589 publish topic=ipi/detector-output-to-ipi-weak-signal-run-1/latency/av-1/request bytes=1429 forwarded=1
1783350093.096209 publish topic=ipi/detector-output-to-ipi-weak-signal-run-1/latency/av-1/ack bytes=232 forwarded=1
1783350093.335653 publish topic=ipi/detector-output-to-ipi-weak-signal-run-1/latency/av-1/request bytes=1429 forwarded=1
1783350093.336297 publish topic=ipi/detector-output-to-ipi-weak-signal-run-1/latency/av-1/ack bytes=232 forwarded=1
1783350093.576180 publish topic=ipi/detector-output-to-ipi-weak-signal-run-1/latency/av-1/request bytes=1429 forwarded=1
1783350093.576876 publish topic=ipi/detector-output-to-ipi-weak-signal-run-1/latency/av-1/ack bytes=232 forwarded=1
1783350093.806603 publish topic=ipi/detector-output-to-ipi-weak-signal-run-1/latency/av-1/request bytes=1429 forwarded=1
1783350093.807221 publish topic=ipi/detector-output-to-ipi-weak-signal-run-1/latency/av-1/ack bytes=232 forwarded=1
1783350094.036998 publish topic=ipi/detector-output-to-ipi-weak-signal-run-1/latency/av-1/request bytes=1429 forwarded=1
1783350094.037597 publish topic=ipi/detector-output-to-ipi-weak-signal-run-1/latency/av-1/ack bytes=232 forwarded=1
1783350094.277199 publish topic=ipi/detector-output-to-ipi-weak-signal-run-1/latency/av-1/request bytes=1429 forwarded=1
1783350094.277797 publish topic=ipi/detector-output-to-ipi-weak-signal-run-1/latency/av-1/ack bytes=232 forwarded=1
1783350094.517164 publish topic=ipi/detector-output-to-ipi-weak-signal-run-1/latency/av-1/request bytes=1429 forwarded=1
1783350094.517821 publish topic=ipi/detector-output-to-ipi-weak-signal-run-1/latency/av-1/ack bytes=232 forwarded=1
1783350094.747870 publish topic=ipi/detector-output-to-ipi-weak-signal-run-1/latency/av-1/request bytes=1429 forwarded=1
1783350094.748543 publish topic=ipi/detector-output-to-ipi-weak-signal-run-1/latency/av-1/ack bytes=232 forwarded=1
1783350094.988034 publish topic=ipi/detector-output-to-ipi-weak-signal-run-1/latency/av-1/request bytes=1429 forwarded=1
1783350094.988641 publish topic=ipi/detector-output-to-ipi-weak-signal-run-1/latency/av-1/ack bytes=232 forwarded=1
1783350095.228437 publish topic=ipi/detector-output-to-ipi-weak-signal-run-1/latency/av-1/request bytes=1429 forwarded=1
1783350095.228699 publish topic=ipi/detector-output-to-ipi-weak-signal-run-1/latency/av-1/ack bytes=232 forwarded=1
1783350095.478700 publish topic=ipi/detector-output-to-ipi-weak-signal-run-1/latency/av-1/request bytes=1429 forwarded=1
1783350095.479407 publish topic=ipi/detector-output-to-ipi-weak-signal-run-1/latency/av-1/ack bytes=232 forwarded=1
1783350095.719001 publish topic=ipi/detector-output-to-ipi-weak-signal-run-1/latency/av-1/request bytes=1429 forwarded=1
1783350095.719621 publish topic=ipi/detector-output-to-ipi-weak-signal-run-1/latency/av-1/ack bytes=232 forwarded=1
1783350095.959353 publish topic=ipi/detector-output-to-ipi-weak-signal-run-1/latency/av-1/request bytes=1429 forwarded=1
1783350095.959948 publish topic=ipi/detector-output-to-ipi-weak-signal-run-1/latency/av-1/ack bytes=232 forwarded=1
1783350096.199623 publish topic=ipi/detector-output-to-ipi-weak-signal-run-1/latency/av-1/request bytes=1429 forwarded=1
1783350096.200215 publish topic=ipi/detector-output-to-ipi-weak-signal-run-1/latency/av-1/ack bytes=232 forwarded=1
1783350096.439779 publish topic=ipi/detector-output-to-ipi-weak-signal-run-1/latency/av-1/request bytes=1429 forwarded=1
1783350096.440373 publish topic=ipi/detector-output-to-ipi-weak-signal-run-1/latency/av-1/ack bytes=232 forwarded=1
1783350096.680228 publish topic=ipi/detector-output-to-ipi-weak-signal-run-1/latency/av-1/request bytes=1429 forwarded=1
1783350096.680884 publish topic=ipi/detector-output-to-ipi-weak-signal-run-1/latency/av-1/ack bytes=232 forwarded=1
1783350096.920570 publish topic=ipi/detector-output-to-ipi-weak-signal-run-1/latency/av-1/request bytes=1429 forwarded=1
1783350096.921166 publish topic=ipi/detector-output-to-ipi-weak-signal-run-1/latency/av-1/ack bytes=232 forwarded=1
1783350097.160769 publish topic=ipi/detector-output-to-ipi-weak-signal-run-1/latency/av-1/request bytes=1429 forwarded=1
1783350097.161368 publish topic=ipi/detector-output-to-ipi-weak-signal-run-1/latency/av-1/ack bytes=232 forwarded=1
1783350097.410989 publish topic=ipi/detector-output-to-ipi-weak-signal-run-1/latency/av-1/request bytes=1429 forwarded=1
1783350097.411552 publish topic=ipi/detector-output-to-ipi-weak-signal-run-1/latency/av-1/ack bytes=232 forwarded=1
1783350097.651251 publish topic=ipi/detector-output-to-ipi-weak-signal-run-1/latency/av-1/request bytes=1429 forwarded=1
1783350097.651847 publish topic=ipi/detector-output-to-ipi-weak-signal-run-1/latency/av-1/ack bytes=232 forwarded=1
1783350097.891626 publish topic=ipi/detector-output-to-ipi-weak-signal-run-1/latency/av-1/request bytes=1429 forwarded=1
1783350097.892221 publish topic=ipi/detector-output-to-ipi-weak-signal-run-1/latency/av-1/ack bytes=232 forwarded=1
1783350098.131673 publish topic=ipi/detector-output-to-ipi-weak-signal-run-1/latency/av-1/request bytes=1429 forwarded=1
1783350098.132229 publish topic=ipi/detector-output-to-ipi-weak-signal-run-1/latency/av-1/ack bytes=232 forwarded=1
1783350098.382142 publish topic=ipi/detector-output-to-ipi-weak-signal-run-1/latency/av-1/request bytes=1429 forwarded=1
1783350098.382807 publish topic=ipi/detector-output-to-ipi-weak-signal-run-1/latency/av-1/ack bytes=232 forwarded=1
1783350098.612420 publish topic=ipi/detector-output-to-ipi-weak-signal-run-1/latency/av-1/request bytes=1429 forwarded=1
1783350098.613019 publish topic=ipi/detector-output-to-ipi-weak-signal-run-1/latency/av-1/ack bytes=232 forwarded=1
1783350098.852642 publish topic=ipi/detector-output-to-ipi-weak-signal-run-1/latency/av-1/request bytes=1429 forwarded=1
1783350098.853275 publish topic=ipi/detector-output-to-ipi-weak-signal-run-1/latency/av-1/ack bytes=232 forwarded=1
1783350099.093040 publish topic=ipi/detector-output-to-ipi-weak-signal-run-1/latency/av-1/request bytes=1429 forwarded=1
1783350099.093636 publish topic=ipi/detector-output-to-ipi-weak-signal-run-1/latency/av-1/ack bytes=232 forwarded=1
1783350099.333282 publish topic=ipi/detector-output-to-ipi-weak-signal-run-1/latency/av-1/request bytes=1429 forwarded=1
1783350099.333869 publish topic=ipi/detector-output-to-ipi-weak-signal-run-1/latency/av-1/ack bytes=232 forwarded=1
1783350099.573369 publish topic=ipi/detector-output-to-ipi-weak-signal-run-1/latency/av-1/request bytes=1429 forwarded=1
1783350099.573973 publish topic=ipi/detector-output-to-ipi-weak-signal-run-1/latency/av-1/ack bytes=232 forwarded=1
1783350099.813864 publish topic=ipi/detector-output-to-ipi-weak-signal-run-1/latency/av-1/request bytes=1429 forwarded=1
1783350099.814481 publish topic=ipi/detector-output-to-ipi-weak-signal-run-1/latency/av-1/ack bytes=232 forwarded=1
1783350100.054119 publish topic=ipi/detector-output-to-ipi-weak-signal-run-1/latency/av-1/request bytes=1429 forwarded=1
1783350100.054778 publish topic=ipi/detector-output-to-ipi-weak-signal-run-1/latency/av-1/ack bytes=232 forwarded=1
1783350100.294044 publish topic=ipi/detector-output-to-ipi-weak-signal-run-1/latency/av-1/request bytes=1431 forwarded=1
1783350100.294671 publish topic=ipi/detector-output-to-ipi-weak-signal-run-1/latency/av-1/ack bytes=233 forwarded=1
1783350100.524669 publish topic=ipi/detector-output-to-ipi-weak-signal-run-1/latency/av-1/request bytes=1431 forwarded=1
1783350100.525260 publish topic=ipi/detector-output-to-ipi-weak-signal-run-1/latency/av-1/ack bytes=233 forwarded=1
1783350100.764757 publish topic=ipi/detector-output-to-ipi-weak-signal-run-1/latency/av-1/request bytes=1431 forwarded=1
1783350100.765352 publish topic=ipi/detector-output-to-ipi-weak-signal-run-1/latency/av-1/ack bytes=233 forwarded=1
1783350100.995014 publish topic=ipi/detector-output-to-ipi-weak-signal-run-1/latency/av-1/request bytes=1431 forwarded=1
1783350100.995634 publish topic=ipi/detector-output-to-ipi-weak-signal-run-1/latency/av-1/ack bytes=233 forwarded=1
1783350101.235106 publish topic=ipi/detector-output-to-ipi-weak-signal-run-1/latency/av-1/request bytes=1431 forwarded=1
1783350101.235740 publish topic=ipi/detector-output-to-ipi-weak-signal-run-1/latency/av-1/ack bytes=233 forwarded=1
1783350101.465884 publish topic=ipi/detector-output-to-ipi-weak-signal-run-1/latency/av-1/request bytes=1431 forwarded=1
1783350101.466583 publish topic=ipi/detector-output-to-ipi-weak-signal-run-1/latency/av-1/ack bytes=233 forwarded=1
1783350101.695907 publish topic=ipi/detector-output-to-ipi-weak-signal-run-1/latency/av-1/request bytes=1431 forwarded=1
1783350101.696481 publish topic=ipi/detector-output-to-ipi-weak-signal-run-1/latency/av-1/ack bytes=233 forwarded=1
1783350101.936211 publish topic=ipi/detector-output-to-ipi-weak-signal-run-1/latency/av-1/request bytes=1431 forwarded=1
1783350101.936808 publish topic=ipi/detector-output-to-ipi-weak-signal-run-1/latency/av-1/ack bytes=233 forwarded=1
1783350102.166598 publish topic=ipi/detector-output-to-ipi-weak-signal-run-1/latency/av-1/request bytes=1431 forwarded=1
1783350102.167197 publish topic=ipi/detector-output-to-ipi-weak-signal-run-1/latency/av-1/ack bytes=233 forwarded=1
1783350102.396885 publish topic=ipi/detector-output-to-ipi-weak-signal-run-1/latency/av-1/request bytes=1431 forwarded=1
1783350102.397479 publish topic=ipi/detector-output-to-ipi-weak-signal-run-1/latency/av-1/ack bytes=233 forwarded=1
1783350102.626972 publish topic=ipi/detector-output-to-ipi-weak-signal-run-1/latency/av-1/request bytes=1431 forwarded=1
1783350102.627566 publish topic=ipi/detector-output-to-ipi-weak-signal-run-1/latency/av-1/ack bytes=233 forwarded=1
1783350102.887518 publish topic=ipi/detector-output-to-ipi-weak-signal-run-1/latency/av-1/request bytes=1431 forwarded=1
1783350102.888113 publish topic=ipi/detector-output-to-ipi-weak-signal-run-1/latency/av-1/ack bytes=233 forwarded=1
1783350103.148047 publish topic=ipi/detector-output-to-ipi-weak-signal-run-1/latency/av-1/request bytes=1431 forwarded=1
1783350103.148638 publish topic=ipi/detector-output-to-ipi-weak-signal-run-1/latency/av-1/ack bytes=233 forwarded=1
1783350103.428586 publish topic=ipi/detector-output-to-ipi-weak-signal-run-1/latency/av-1/request bytes=1431 forwarded=1
1783350103.429243 publish topic=ipi/detector-output-to-ipi-weak-signal-run-1/latency/av-1/ack bytes=233 forwarded=1
1783350103.689090 publish topic=ipi/detector-output-to-ipi-weak-signal-run-1/latency/av-1/request bytes=1431 forwarded=1
1783350103.689785 publish topic=ipi/detector-output-to-ipi-weak-signal-run-1/latency/av-1/ack bytes=233 forwarded=1
1783350103.939424 publish topic=ipi/detector-output-to-ipi-weak-signal-run-1/latency/av-1/request bytes=1431 forwarded=1
1783350103.940034 publish topic=ipi/detector-output-to-ipi-weak-signal-run-1/latency/av-1/ack bytes=233 forwarded=1
1783350104.190003 publish topic=ipi/detector-output-to-ipi-weak-signal-run-1/latency/av-1/request bytes=1431 forwarded=1
1783350104.190658 publish topic=ipi/detector-output-to-ipi-weak-signal-run-1/latency/av-1/ack bytes=233 forwarded=1
1783350104.430497 publish topic=ipi/detector-output-to-ipi-weak-signal-run-1/latency/av-1/request bytes=1431 forwarded=1
1783350104.431111 publish topic=ipi/detector-output-to-ipi-weak-signal-run-1/latency/av-1/ack bytes=233 forwarded=1
1783350104.670618 publish topic=ipi/detector-output-to-ipi-weak-signal-run-1/latency/av-1/request bytes=1431 forwarded=1
1783350104.671216 publish topic=ipi/detector-output-to-ipi-weak-signal-run-1/latency/av-1/ack bytes=233 forwarded=1
1783350104.911105 publish topic=ipi/detector-output-to-ipi-weak-signal-run-1/latency/av-1/request bytes=1431 forwarded=1
1783350104.911724 publish topic=ipi/detector-output-to-ipi-weak-signal-run-1/latency/av-1/ack bytes=233 forwarded=1
1783350105.151340 publish topic=ipi/detector-output-to-ipi-weak-signal-run-1/latency/av-1/request bytes=1431 forwarded=1
1783350105.151983 publish topic=ipi/detector-output-to-ipi-weak-signal-run-1/latency/av-1/ack bytes=233 forwarded=1
1783350105.391334 publish topic=ipi/detector-output-to-ipi-weak-signal-run-1/latency/av-1/request bytes=1431 forwarded=1
1783350105.391934 publish topic=ipi/detector-output-to-ipi-weak-signal-run-1/latency/av-1/ack bytes=233 forwarded=1
1783350105.631924 publish topic=ipi/detector-output-to-ipi-weak-signal-run-1/latency/av-1/request bytes=1431 forwarded=1
1783350105.632545 publish topic=ipi/detector-output-to-ipi-weak-signal-run-1/latency/av-1/ack bytes=233 forwarded=1
1783350105.872090 publish topic=ipi/detector-output-to-ipi-weak-signal-run-1/latency/av-1/request bytes=1431 forwarded=1
1783350105.872767 publish topic=ipi/detector-output-to-ipi-weak-signal-run-1/latency/av-1/ack bytes=233 forwarded=1
1783350106.122344 publish topic=ipi/detector-output-to-ipi-weak-signal-run-1/latency/av-1/request bytes=1431 forwarded=1
1783350106.123009 publish topic=ipi/detector-output-to-ipi-weak-signal-run-1/latency/av-1/ack bytes=233 forwarded=1
1783350106.372698 publish topic=ipi/detector-output-to-ipi-weak-signal-run-1/latency/av-1/request bytes=1431 forwarded=1
1783350106.373315 publish topic=ipi/detector-output-to-ipi-weak-signal-run-1/latency/av-1/ack bytes=233 forwarded=1
1783350106.613008 publish topic=ipi/detector-output-to-ipi-weak-signal-run-1/latency/av-1/request bytes=1431 forwarded=1
1783350106.613631 publish topic=ipi/detector-output-to-ipi-weak-signal-run-1/latency/av-1/ack bytes=233 forwarded=1
1783350106.853443 publish topic=ipi/detector-output-to-ipi-weak-signal-run-1/latency/av-1/request bytes=1431 forwarded=1
1783350106.854062 publish topic=ipi/detector-output-to-ipi-weak-signal-run-1/latency/av-1/ack bytes=233 forwarded=1
1783350107.093669 publish topic=ipi/detector-output-to-ipi-weak-signal-run-1/latency/av-1/request bytes=1431 forwarded=1
1783350107.094288 publish topic=ipi/detector-output-to-ipi-weak-signal-run-1/latency/av-1/ack bytes=233 forwarded=1
1783350107.333972 publish topic=ipi/detector-output-to-ipi-weak-signal-run-1/latency/av-1/request bytes=1431 forwarded=1
1783350107.334656 publish topic=ipi/detector-output-to-ipi-weak-signal-run-1/latency/av-1/ack bytes=233 forwarded=1
1783350107.564422 publish topic=ipi/detector-output-to-ipi-weak-signal-run-1/latency/av-1/request bytes=1431 forwarded=1
1783350107.565062 publish topic=ipi/detector-output-to-ipi-weak-signal-run-1/latency/av-1/ack bytes=233 forwarded=1
1783350107.804610 publish topic=ipi/detector-output-to-ipi-weak-signal-run-1/latency/av-1/request bytes=1431 forwarded=1
1783350107.805311 publish topic=ipi/detector-output-to-ipi-weak-signal-run-1/latency/av-1/ack bytes=233 forwarded=1
1783350108.034624 publish topic=ipi/detector-output-to-ipi-weak-signal-run-1/latency/av-1/request bytes=1431 forwarded=1
1783350108.035226 publish topic=ipi/detector-output-to-ipi-weak-signal-run-1/latency/av-1/ack bytes=233 forwarded=1
1783350108.264971 publish topic=ipi/detector-output-to-ipi-weak-signal-run-1/latency/av-1/request bytes=1431 forwarded=1
1783350108.265550 publish topic=ipi/detector-output-to-ipi-weak-signal-run-1/latency/av-1/ack bytes=233 forwarded=1
1783350108.505311 publish topic=ipi/detector-output-to-ipi-weak-signal-run-1/latency/av-1/request bytes=1431 forwarded=1
1783350108.505991 publish topic=ipi/detector-output-to-ipi-weak-signal-run-1/latency/av-1/ack bytes=233 forwarded=1
1783350108.735582 publish topic=ipi/detector-output-to-ipi-weak-signal-run-1/latency/av-1/request bytes=1431 forwarded=1
1783350108.736270 publish topic=ipi/detector-output-to-ipi-weak-signal-run-1/latency/av-1/ack bytes=233 forwarded=1
1783350108.965841 publish topic=ipi/detector-output-to-ipi-weak-signal-run-1/latency/av-1/request bytes=1431 forwarded=1
1783350108.966500 publish topic=ipi/detector-output-to-ipi-weak-signal-run-1/latency/av-1/ack bytes=233 forwarded=1
1783350109.196035 publish topic=ipi/detector-output-to-ipi-weak-signal-run-1/latency/av-1/request bytes=1431 forwarded=1
1783350109.196713 publish topic=ipi/detector-output-to-ipi-weak-signal-run-1/latency/av-1/ack bytes=233 forwarded=1
1783350109.426341 publish topic=ipi/detector-output-to-ipi-weak-signal-run-1/latency/av-1/request bytes=1431 forwarded=1
1783350109.426996 publish topic=ipi/detector-output-to-ipi-weak-signal-run-1/latency/av-1/ack bytes=233 forwarded=1
1783350109.666408 publish topic=ipi/detector-output-to-ipi-weak-signal-run-1/latency/av-1/request bytes=1431 forwarded=1
1783350109.667053 publish topic=ipi/detector-output-to-ipi-weak-signal-run-1/latency/av-1/ack bytes=233 forwarded=1
1783350109.897032 publish topic=ipi/detector-output-to-ipi-weak-signal-run-1/latency/av-1/request bytes=1431 forwarded=1
1783350109.897671 publish topic=ipi/detector-output-to-ipi-weak-signal-run-1/latency/av-1/ack bytes=233 forwarded=1
1783350110.127123 publish topic=ipi/detector-output-to-ipi-weak-signal-run-1/latency/av-1/request bytes=1431 forwarded=1
1783350110.127731 publish topic=ipi/detector-output-to-ipi-weak-signal-run-1/latency/av-1/ack bytes=233 forwarded=1
1783350110.357531 publish topic=ipi/detector-output-to-ipi-weak-signal-run-1/latency/av-1/request bytes=1431 forwarded=1
1783350110.358128 publish topic=ipi/detector-output-to-ipi-weak-signal-run-1/latency/av-1/ack bytes=233 forwarded=1
1783350110.597734 publish topic=ipi/detector-output-to-ipi-weak-signal-run-1/latency/av-1/request bytes=1431 forwarded=1
1783350110.598328 publish topic=ipi/detector-output-to-ipi-weak-signal-run-1/latency/av-1/ack bytes=233 forwarded=1
1783350110.838090 publish topic=ipi/detector-output-to-ipi-weak-signal-run-1/latency/av-1/request bytes=1431 forwarded=1
1783350110.838724 publish topic=ipi/detector-output-to-ipi-weak-signal-run-1/latency/av-1/ack bytes=233 forwarded=1
1783350111.088476 publish topic=ipi/detector-output-to-ipi-weak-signal-run-1/latency/av-1/request bytes=1431 forwarded=1
1783350111.089123 publish topic=ipi/detector-output-to-ipi-weak-signal-run-1/latency/av-1/ack bytes=233 forwarded=1
1783350111.328723 publish topic=ipi/detector-output-to-ipi-weak-signal-run-1/latency/av-1/request bytes=1431 forwarded=1
1783350111.329390 publish topic=ipi/detector-output-to-ipi-weak-signal-run-1/latency/av-1/ack bytes=233 forwarded=1
1783350111.568869 publish topic=ipi/detector-output-to-ipi-weak-signal-run-1/latency/av-1/request bytes=1431 forwarded=1
1783350111.569536 publish topic=ipi/detector-output-to-ipi-weak-signal-run-1/latency/av-1/ack bytes=233 forwarded=1
1783350111.809153 publish topic=ipi/detector-output-to-ipi-weak-signal-run-1/latency/av-1/request bytes=1431 forwarded=1
1783350111.809844 publish topic=ipi/detector-output-to-ipi-weak-signal-run-1/latency/av-1/ack bytes=233 forwarded=1
1783350112.049631 publish topic=ipi/detector-output-to-ipi-weak-signal-run-1/latency/av-1/request bytes=1431 forwarded=1
1783350112.050332 publish topic=ipi/detector-output-to-ipi-weak-signal-run-1/latency/av-1/ack bytes=233 forwarded=1
1783350112.289792 publish topic=ipi/detector-output-to-ipi-weak-signal-run-1/latency/av-1/request bytes=1431 forwarded=1
1783350112.290542 publish topic=ipi/detector-output-to-ipi-weak-signal-run-1/latency/av-1/ack bytes=233 forwarded=1
1783350112.530055 publish topic=ipi/detector-output-to-ipi-weak-signal-run-1/latency/av-1/request bytes=1431 forwarded=1
1783350112.530795 publish topic=ipi/detector-output-to-ipi-weak-signal-run-1/latency/av-1/ack bytes=233 forwarded=1
1783350112.770330 publish topic=ipi/detector-output-to-ipi-weak-signal-run-1/latency/av-1/request bytes=1431 forwarded=1
1783350112.771054 publish topic=ipi/detector-output-to-ipi-weak-signal-run-1/latency/av-1/ack bytes=233 forwarded=1
1783350113.010650 publish topic=ipi/detector-output-to-ipi-weak-signal-run-1/latency/av-1/request bytes=1431 forwarded=1
1783350113.011345 publish topic=ipi/detector-output-to-ipi-weak-signal-run-1/latency/av-1/ack bytes=233 forwarded=1
1783350113.250947 publish topic=ipi/detector-output-to-ipi-weak-signal-run-1/latency/av-1/request bytes=1431 forwarded=1
1783350113.251716 publish topic=ipi/detector-output-to-ipi-weak-signal-run-1/latency/av-1/ack bytes=233 forwarded=1
1783350113.491134 publish topic=ipi/detector-output-to-ipi-weak-signal-run-1/latency/av-1/request bytes=1431 forwarded=1
1783350113.491848 publish topic=ipi/detector-output-to-ipi-weak-signal-run-1/latency/av-1/ack bytes=233 forwarded=1
1783350113.731379 publish topic=ipi/detector-output-to-ipi-weak-signal-run-1/latency/av-1/request bytes=1431 forwarded=1
1783350113.732113 publish topic=ipi/detector-output-to-ipi-weak-signal-run-1/latency/av-1/ack bytes=233 forwarded=1
1783350113.971732 publish topic=ipi/detector-output-to-ipi-weak-signal-run-1/latency/av-1/request bytes=1431 forwarded=1
1783350113.972415 publish topic=ipi/detector-output-to-ipi-weak-signal-run-1/latency/av-1/ack bytes=233 forwarded=1
1783350114.212024 publish topic=ipi/detector-output-to-ipi-weak-signal-run-1/latency/av-1/request bytes=1431 forwarded=1
1783350114.212764 publish topic=ipi/detector-output-to-ipi-weak-signal-run-1/latency/av-1/ack bytes=233 forwarded=1
1783350114.472368 publish topic=ipi/detector-output-to-ipi-weak-signal-run-1/latency/av-1/request bytes=1431 forwarded=1
1783350114.473058 publish topic=ipi/detector-output-to-ipi-weak-signal-run-1/latency/av-1/ack bytes=233 forwarded=1
1783350114.712922 publish topic=ipi/detector-output-to-ipi-weak-signal-run-1/latency/av-1/request bytes=1431 forwarded=1
1783350114.713621 publish topic=ipi/detector-output-to-ipi-weak-signal-run-1/latency/av-1/ack bytes=233 forwarded=1
1783350114.993251 publish topic=ipi/detector-output-to-ipi-weak-signal-run-1/latency/av-1/request bytes=1431 forwarded=1
1783350114.993962 publish topic=ipi/detector-output-to-ipi-weak-signal-run-1/latency/av-1/ack bytes=233 forwarded=1
1783350115.283826 publish topic=ipi/detector-output-to-ipi-weak-signal-run-1/latency/av-1/request bytes=1431 forwarded=1
1783350115.284527 publish topic=ipi/detector-output-to-ipi-weak-signal-run-1/latency/av-1/ack bytes=233 forwarded=1
1783350115.564259 publish topic=ipi/detector-output-to-ipi-weak-signal-run-1/latency/av-1/request bytes=1431 forwarded=1
1783350115.564949 publish topic=ipi/detector-output-to-ipi-weak-signal-run-1/latency/av-1/ack bytes=233 forwarded=1
1783350115.804643 publish topic=ipi/detector-output-to-ipi-weak-signal-run-1/latency/av-1/request bytes=1431 forwarded=1
1783350115.805309 publish topic=ipi/detector-output-to-ipi-weak-signal-run-1/latency/av-1/ack bytes=233 forwarded=1
1783350116.045006 publish topic=ipi/detector-output-to-ipi-weak-signal-run-1/latency/av-1/request bytes=1431 forwarded=1
1783350116.045630 publish topic=ipi/detector-output-to-ipi-weak-signal-run-1/latency/av-1/ack bytes=233 forwarded=1
1783350116.285405 publish topic=ipi/detector-output-to-ipi-weak-signal-run-1/latency/av-1/request bytes=1431 forwarded=1
1783350116.286126 publish topic=ipi/detector-output-to-ipi-weak-signal-run-1/latency/av-1/ack bytes=233 forwarded=1
1783350116.535673 publish topic=ipi/detector-output-to-ipi-weak-signal-run-1/latency/av-1/request bytes=1431 forwarded=1
1783350116.536435 publish topic=ipi/detector-output-to-ipi-weak-signal-run-1/latency/av-1/ack bytes=233 forwarded=1
1783350116.776117 publish topic=ipi/detector-output-to-ipi-weak-signal-run-1/latency/av-1/request bytes=1431 forwarded=1
1783350116.776814 publish topic=ipi/detector-output-to-ipi-weak-signal-run-1/latency/av-1/ack bytes=233 forwarded=1
1783350116.996561 publish topic=ipi/detector-output-to-ipi-weak-signal-run-1/latency/av-1/request bytes=1431 forwarded=1
1783350116.997205 publish topic=ipi/detector-output-to-ipi-weak-signal-run-1/latency/av-1/ack bytes=233 forwarded=1
1783350117.226788 publish topic=ipi/detector-output-to-ipi-weak-signal-run-1/latency/av-1/request bytes=1431 forwarded=1
1783350117.227414 publish topic=ipi/detector-output-to-ipi-weak-signal-run-1/latency/av-1/ack bytes=233 forwarded=1
1783350117.466990 publish topic=ipi/detector-output-to-ipi-weak-signal-run-1/latency/av-1/request bytes=1431 forwarded=1
1783350117.467687 publish topic=ipi/detector-output-to-ipi-weak-signal-run-1/latency/av-1/ack bytes=233 forwarded=1
1783350117.707247 publish topic=ipi/detector-output-to-ipi-weak-signal-run-1/latency/av-1/request bytes=1431 forwarded=1
1783350117.707947 publish topic=ipi/detector-output-to-ipi-weak-signal-run-1/latency/av-1/ack bytes=233 forwarded=1
1783350117.947719 publish topic=ipi/detector-output-to-ipi-weak-signal-run-1/latency/av-1/request bytes=1431 forwarded=1
1783350117.948439 publish topic=ipi/detector-output-to-ipi-weak-signal-run-1/latency/av-1/ack bytes=233 forwarded=1
1783350118.187981 publish topic=ipi/detector-output-to-ipi-weak-signal-run-1/latency/av-1/request bytes=1431 forwarded=1
1783350118.188677 publish topic=ipi/detector-output-to-ipi-weak-signal-run-1/latency/av-1/ack bytes=233 forwarded=1
1783350118.428238 publish topic=ipi/detector-output-to-ipi-weak-signal-run-1/latency/av-1/request bytes=1431 forwarded=1
1783350118.428990 publish topic=ipi/detector-output-to-ipi-weak-signal-run-1/latency/av-1/ack bytes=233 forwarded=1
1783350118.668667 publish topic=ipi/detector-output-to-ipi-weak-signal-run-1/latency/av-1/request bytes=1431 forwarded=1
1783350118.669491 publish topic=ipi/detector-output-to-ipi-weak-signal-run-1/latency/av-1/ack bytes=233 forwarded=1
1783350118.908898 publish topic=ipi/detector-output-to-ipi-weak-signal-run-1/latency/av-1/request bytes=1431 forwarded=1
1783350118.909601 publish topic=ipi/detector-output-to-ipi-weak-signal-run-1/latency/av-1/ack bytes=233 forwarded=1
1783350119.149158 publish topic=ipi/detector-output-to-ipi-weak-signal-run-1/latency/av-1/request bytes=1431 forwarded=1
1783350119.149850 publish topic=ipi/detector-output-to-ipi-weak-signal-run-1/latency/av-1/ack bytes=233 forwarded=1
1783350119.389508 publish topic=ipi/detector-output-to-ipi-weak-signal-run-1/latency/av-1/request bytes=1431 forwarded=1
1783350119.390201 publish topic=ipi/detector-output-to-ipi-weak-signal-run-1/latency/av-1/ack bytes=233 forwarded=1
1783350119.629896 publish topic=ipi/detector-output-to-ipi-weak-signal-run-1/latency/av-1/request bytes=1431 forwarded=1
1783350119.630656 publish topic=ipi/detector-output-to-ipi-weak-signal-run-1/latency/av-1/ack bytes=233 forwarded=1
1783350119.870152 publish topic=ipi/detector-output-to-ipi-weak-signal-run-1/latency/av-1/request bytes=1431 forwarded=1
1783350119.870888 publish topic=ipi/detector-output-to-ipi-weak-signal-run-1/latency/av-1/ack bytes=233 forwarded=1
1783350120.120335 publish topic=ipi/detector-output-to-ipi-weak-signal-run-1/latency/av-1/request bytes=1431 forwarded=1
1783350120.121022 publish topic=ipi/detector-output-to-ipi-weak-signal-run-1/latency/av-1/ack bytes=233 forwarded=1
1783350120.350734 publish topic=ipi/detector-output-to-ipi-weak-signal-run-1/latency/av-1/request bytes=1431 forwarded=1
1783350120.351468 publish topic=ipi/detector-output-to-ipi-weak-signal-run-1/latency/av-1/ack bytes=233 forwarded=1
1783350120.590997 publish topic=ipi/detector-output-to-ipi-weak-signal-run-1/latency/av-1/request bytes=1431 forwarded=1
1783350120.591683 publish topic=ipi/detector-output-to-ipi-weak-signal-run-1/latency/av-1/ack bytes=233 forwarded=1
1783350120.831122 publish topic=ipi/detector-output-to-ipi-weak-signal-run-1/latency/av-1/request bytes=1431 forwarded=1
1783350120.831774 publish topic=ipi/detector-output-to-ipi-weak-signal-run-1/latency/av-1/ack bytes=233 forwarded=1
1783350121.071740 publish topic=ipi/detector-output-to-ipi-weak-signal-run-1/latency/av-1/request bytes=1431 forwarded=1
1783350121.072426 publish topic=ipi/detector-output-to-ipi-weak-signal-run-1/latency/av-1/ack bytes=233 forwarded=1
1783350121.311997 publish topic=ipi/detector-output-to-ipi-weak-signal-run-1/latency/av-1/request bytes=1431 forwarded=1
1783350121.312682 publish topic=ipi/detector-output-to-ipi-weak-signal-run-1/latency/av-1/ack bytes=233 forwarded=1
1783350121.552064 publish topic=ipi/detector-output-to-ipi-weak-signal-run-1/latency/av-1/request bytes=1431 forwarded=1
1783350121.552811 publish topic=ipi/detector-output-to-ipi-weak-signal-run-1/latency/av-1/ack bytes=233 forwarded=1
1783350121.792438 publish topic=ipi/detector-output-to-ipi-weak-signal-run-1/latency/av-1/request bytes=1431 forwarded=1
1783350121.793087 publish topic=ipi/detector-output-to-ipi-weak-signal-run-1/latency/av-1/ack bytes=233 forwarded=1
1783350122.032809 publish topic=ipi/detector-output-to-ipi-weak-signal-run-1/latency/av-1/request bytes=1431 forwarded=1
1783350122.033561 publish topic=ipi/detector-output-to-ipi-weak-signal-run-1/latency/av-1/ack bytes=233 forwarded=1
1783350122.272981 publish topic=ipi/detector-output-to-ipi-weak-signal-run-1/latency/av-1/request bytes=1431 forwarded=1
1783350122.273670 publish topic=ipi/detector-output-to-ipi-weak-signal-run-1/latency/av-1/ack bytes=233 forwarded=1
1783350122.513136 publish topic=ipi/detector-output-to-ipi-weak-signal-run-1/latency/av-1/request bytes=1431 forwarded=1
1783350122.513827 publish topic=ipi/detector-output-to-ipi-weak-signal-run-1/latency/av-1/ack bytes=233 forwarded=1
1783350122.753374 publish topic=ipi/detector-output-to-ipi-weak-signal-run-1/latency/av-1/request bytes=1431 forwarded=1
1783350122.754067 publish topic=ipi/detector-output-to-ipi-weak-signal-run-1/latency/av-1/ack bytes=233 forwarded=1
1783350122.993904 publish topic=ipi/detector-output-to-ipi-weak-signal-run-1/latency/av-1/request bytes=1431 forwarded=1
1783350122.994654 publish topic=ipi/detector-output-to-ipi-weak-signal-run-1/latency/av-1/ack bytes=233 forwarded=1
1783350123.234305 publish topic=ipi/detector-output-to-ipi-weak-signal-run-1/latency/av-1/request bytes=1431 forwarded=1
1783350123.235013 publish topic=ipi/detector-output-to-ipi-weak-signal-run-1/latency/av-1/ack bytes=233 forwarded=1
1783350123.464415 publish topic=ipi/detector-output-to-ipi-weak-signal-run-1/latency/av-1/request bytes=1431 forwarded=1
1783350123.465103 publish topic=ipi/detector-output-to-ipi-weak-signal-run-1/latency/av-1/ack bytes=233 forwarded=1
1783350123.694554 publish topic=ipi/detector-output-to-ipi-weak-signal-run-1/latency/av-1/request bytes=1431 forwarded=1
1783350123.695254 publish topic=ipi/detector-output-to-ipi-weak-signal-run-1/latency/av-1/ack bytes=233 forwarded=1
1783350123.934603 publish topic=ipi/detector-output-to-ipi-weak-signal-run-1/latency/av-1/request bytes=1431 forwarded=1
1783350123.935284 publish topic=ipi/detector-output-to-ipi-weak-signal-run-1/latency/av-1/ack bytes=233 forwarded=1
1783350124.165278 publish topic=ipi/detector-output-to-ipi-weak-signal-run-1/latency/av-1/request bytes=1431 forwarded=1
1783350124.165973 publish topic=ipi/detector-output-to-ipi-weak-signal-run-1/latency/av-1/ack bytes=233 forwarded=1
1783350124.405184 publish topic=ipi/detector-output-to-ipi-weak-signal-run-1/latency/av-1/request bytes=1431 forwarded=1
1783350124.405785 publish topic=ipi/detector-output-to-ipi-weak-signal-run-1/latency/av-1/ack bytes=233 forwarded=1
1783350124.635615 publish topic=ipi/detector-output-to-ipi-weak-signal-run-1/latency/av-1/request bytes=1431 forwarded=1
1783350124.636379 publish topic=ipi/detector-output-to-ipi-weak-signal-run-1/latency/av-1/ack bytes=233 forwarded=1
1783350124.866139 publish topic=ipi/detector-output-to-ipi-weak-signal-run-1/latency/av-1/request bytes=1431 forwarded=1
1783350124.866894 publish topic=ipi/detector-output-to-ipi-weak-signal-run-1/latency/av-1/ack bytes=233 forwarded=1
1783350125.096238 publish topic=ipi/detector-output-to-ipi-weak-signal-run-1/latency/av-1/request bytes=1431 forwarded=1
1783350125.096855 publish topic=ipi/detector-output-to-ipi-weak-signal-run-1/latency/av-1/ack bytes=233 forwarded=1
1783350125.336672 publish topic=ipi/detector-output-to-ipi-weak-signal-run-1/latency/av-1/request bytes=1431 forwarded=1
1783350125.337313 publish topic=ipi/detector-output-to-ipi-weak-signal-run-1/latency/av-1/ack bytes=233 forwarded=1
1783350125.576874 publish topic=ipi/detector-output-to-ipi-weak-signal-run-1/latency/av-1/request bytes=1431 forwarded=1
1783350125.577509 publish topic=ipi/detector-output-to-ipi-weak-signal-run-1/latency/av-1/ack bytes=233 forwarded=1
1783350125.817276 publish topic=ipi/detector-output-to-ipi-weak-signal-run-1/latency/av-1/request bytes=1431 forwarded=1
1783350125.817911 publish topic=ipi/detector-output-to-ipi-weak-signal-run-1/latency/av-1/ack bytes=233 forwarded=1
1783350126.057148 publish topic=ipi/detector-output-to-ipi-weak-signal-run-1/latency/av-1/request bytes=1431 forwarded=1
1783350126.057836 publish topic=ipi/detector-output-to-ipi-weak-signal-run-1/latency/av-1/ack bytes=233 forwarded=1
1783350126.327664 publish topic=ipi/detector-output-to-ipi-weak-signal-run-1/latency/av-1/request bytes=1431 forwarded=1
1783350126.328362 publish topic=ipi/detector-output-to-ipi-weak-signal-run-1/latency/av-1/ack bytes=233 forwarded=1
1783350126.608168 publish topic=ipi/detector-output-to-ipi-weak-signal-run-1/latency/av-1/request bytes=1431 forwarded=1
1783350126.608872 publish topic=ipi/detector-output-to-ipi-weak-signal-run-1/latency/av-1/ack bytes=233 forwarded=1
1783350126.878740 publish topic=ipi/detector-output-to-ipi-weak-signal-run-1/latency/av-1/request bytes=1431 forwarded=1
1783350126.879370 publish topic=ipi/detector-output-to-ipi-weak-signal-run-1/latency/av-1/ack bytes=233 forwarded=1
1783350127.118840 publish topic=ipi/detector-output-to-ipi-weak-signal-run-1/latency/av-1/request bytes=1431 forwarded=1
1783350127.119517 publish topic=ipi/detector-output-to-ipi-weak-signal-run-1/latency/av-1/ack bytes=233 forwarded=1
1783350127.369296 publish topic=ipi/detector-output-to-ipi-weak-signal-run-1/latency/av-1/request bytes=1431 forwarded=1
1783350127.369941 publish topic=ipi/detector-output-to-ipi-weak-signal-run-1/latency/av-1/ack bytes=233 forwarded=1
1783350127.599948 publish topic=ipi/detector-output-to-ipi-weak-signal-run-1/latency/av-1/request bytes=1431 forwarded=1
1783350127.600576 publish topic=ipi/detector-output-to-ipi-weak-signal-run-1/latency/av-1/ack bytes=233 forwarded=1
1783350127.830421 publish topic=ipi/detector-output-to-ipi-weak-signal-run-1/latency/av-1/request bytes=1431 forwarded=1
1783350127.831081 publish topic=ipi/detector-output-to-ipi-weak-signal-run-1/latency/av-1/ack bytes=233 forwarded=1
1783350128.080685 publish topic=ipi/detector-output-to-ipi-weak-signal-run-1/latency/av-1/request bytes=1431 forwarded=1
1783350128.081376 publish topic=ipi/detector-output-to-ipi-weak-signal-run-1/latency/av-1/ack bytes=233 forwarded=1
1783350128.320899 publish topic=ipi/detector-output-to-ipi-weak-signal-run-1/latency/av-1/request bytes=1431 forwarded=1
1783350128.321627 publish topic=ipi/detector-output-to-ipi-weak-signal-run-1/latency/av-1/ack bytes=233 forwarded=1
1783350128.561211 publish topic=ipi/detector-output-to-ipi-weak-signal-run-1/latency/av-1/request bytes=1431 forwarded=1
1783350128.561833 publish topic=ipi/detector-output-to-ipi-weak-signal-run-1/latency/av-1/ack bytes=233 forwarded=1
1783350128.801510 publish topic=ipi/detector-output-to-ipi-weak-signal-run-1/latency/av-1/request bytes=1431 forwarded=1
1783350128.802213 publish topic=ipi/detector-output-to-ipi-weak-signal-run-1/latency/av-1/ack bytes=233 forwarded=1
1783350129.041818 publish topic=ipi/detector-output-to-ipi-weak-signal-run-1/latency/av-1/request bytes=1431 forwarded=1
1783350129.042543 publish topic=ipi/detector-output-to-ipi-weak-signal-run-1/latency/av-1/ack bytes=233 forwarded=1
1783350129.282075 publish topic=ipi/detector-output-to-ipi-weak-signal-run-1/latency/av-1/request bytes=1431 forwarded=1
1783350129.282807 publish topic=ipi/detector-output-to-ipi-weak-signal-run-1/latency/av-1/ack bytes=233 forwarded=1
1783350129.522243 publish topic=ipi/detector-output-to-ipi-weak-signal-run-1/latency/av-1/request bytes=1431 forwarded=1
1783350129.522920 publish topic=ipi/detector-output-to-ipi-weak-signal-run-1/latency/av-1/ack bytes=233 forwarded=1
1783350129.762546 publish topic=ipi/detector-output-to-ipi-weak-signal-run-1/latency/av-1/request bytes=1431 forwarded=1
1783350129.763198 publish topic=ipi/detector-output-to-ipi-weak-signal-run-1/latency/av-1/ack bytes=233 forwarded=1
1783350130.002766 publish topic=ipi/detector-output-to-ipi-weak-signal-run-1/latency/av-1/request bytes=1431 forwarded=1
1783350130.003496 publish topic=ipi/detector-output-to-ipi-weak-signal-run-1/latency/av-1/ack bytes=233 forwarded=1
1783350130.242910 publish topic=ipi/detector-output-to-ipi-weak-signal-run-1/latency/av-1/request bytes=1431 forwarded=1
1783350130.243584 publish topic=ipi/detector-output-to-ipi-weak-signal-run-1/latency/av-1/ack bytes=233 forwarded=1
1783350130.483356 publish topic=ipi/detector-output-to-ipi-weak-signal-run-1/latency/av-1/request bytes=1431 forwarded=1
1783350130.484066 publish topic=ipi/detector-output-to-ipi-weak-signal-run-1/latency/av-1/ack bytes=233 forwarded=1
1783350130.723528 publish topic=ipi/detector-output-to-ipi-weak-signal-run-1/latency/av-1/request bytes=1431 forwarded=1
1783350130.724161 publish topic=ipi/detector-output-to-ipi-weak-signal-run-1/latency/av-1/ack bytes=233 forwarded=1
1783350130.963879 publish topic=ipi/detector-output-to-ipi-weak-signal-run-1/latency/av-1/request bytes=1431 forwarded=1
1783350130.964578 publish topic=ipi/detector-output-to-ipi-weak-signal-run-1/latency/av-1/ack bytes=233 forwarded=1
1783350131.204261 publish topic=ipi/detector-output-to-ipi-weak-signal-run-1/latency/av-1/request bytes=1431 forwarded=1
1783350131.204947 publish topic=ipi/detector-output-to-ipi-weak-signal-run-1/latency/av-1/ack bytes=233 forwarded=1
1783350131.434391 publish topic=ipi/detector-output-to-ipi-weak-signal-run-1/latency/av-1/request bytes=1431 forwarded=1
1783350131.435082 publish topic=ipi/detector-output-to-ipi-weak-signal-run-1/latency/av-1/ack bytes=233 forwarded=1
1783350131.674350 publish topic=ipi/detector-output-to-ipi-weak-signal-run-1/latency/av-1/request bytes=1431 forwarded=1
1783350131.674969 publish topic=ipi/detector-output-to-ipi-weak-signal-run-1/latency/av-1/ack bytes=233 forwarded=1
1783350131.904991 publish topic=ipi/detector-output-to-ipi-weak-signal-run-1/latency/av-1/request bytes=1431 forwarded=1
1783350131.905618 publish topic=ipi/detector-output-to-ipi-weak-signal-run-1/latency/av-1/ack bytes=233 forwarded=1
1783350132.134889 publish topic=ipi/detector-output-to-ipi-weak-signal-run-1/latency/av-1/request bytes=1431 forwarded=1
1783350132.135570 publish topic=ipi/detector-output-to-ipi-weak-signal-run-1/latency/av-1/ack bytes=233 forwarded=1
1783350132.375299 publish topic=ipi/detector-output-to-ipi-weak-signal-run-1/latency/av-1/request bytes=1431 forwarded=1
1783350132.375927 publish topic=ipi/detector-output-to-ipi-weak-signal-run-1/latency/av-1/ack bytes=233 forwarded=1
1783350132.615593 publish topic=ipi/detector-output-to-ipi-weak-signal-run-1/latency/av-1/request bytes=1431 forwarded=1
1783350132.616215 publish topic=ipi/detector-output-to-ipi-weak-signal-run-1/latency/av-1/ack bytes=233 forwarded=1
1783350132.845997 publish topic=ipi/detector-output-to-ipi-weak-signal-run-1/latency/av-1/request bytes=1431 forwarded=1
1783350132.846745 publish topic=ipi/detector-output-to-ipi-weak-signal-run-1/latency/av-1/ack bytes=233 forwarded=1
1783350133.095890 publish topic=ipi/detector-output-to-ipi-weak-signal-run-1/latency/av-1/request bytes=1431 forwarded=1
1783350133.096491 publish topic=ipi/detector-output-to-ipi-weak-signal-run-1/latency/av-1/ack bytes=233 forwarded=1
1783350133.336193 publish topic=ipi/detector-output-to-ipi-weak-signal-run-1/latency/av-1/request bytes=1431 forwarded=1
1783350133.336869 publish topic=ipi/detector-output-to-ipi-weak-signal-run-1/latency/av-1/ack bytes=233 forwarded=1
1783350133.576420 publish topic=ipi/detector-output-to-ipi-weak-signal-run-1/latency/av-1/request bytes=1431 forwarded=1
1783350133.576692 publish topic=ipi/detector-output-to-ipi-weak-signal-run-1/latency/av-1/ack bytes=233 forwarded=1
1783350133.816865 publish topic=ipi/detector-output-to-ipi-weak-signal-run-1/latency/av-1/request bytes=1431 forwarded=1
1783350133.817627 publish topic=ipi/detector-output-to-ipi-weak-signal-run-1/latency/av-1/ack bytes=233 forwarded=1
1783350134.067188 publish topic=ipi/detector-output-to-ipi-weak-signal-run-1/latency/av-1/request bytes=1431 forwarded=1
1783350134.067895 publish topic=ipi/detector-output-to-ipi-weak-signal-run-1/latency/av-1/ack bytes=233 forwarded=1
1783350134.307554 publish topic=ipi/detector-output-to-ipi-weak-signal-run-1/latency/av-1/request bytes=1431 forwarded=1
1783350134.308247 publish topic=ipi/detector-output-to-ipi-weak-signal-run-1/latency/av-1/ack bytes=233 forwarded=1
1783350134.547853 publish topic=ipi/detector-output-to-ipi-weak-signal-run-1/latency/av-1/request bytes=1431 forwarded=1
1783350134.548495 publish topic=ipi/detector-output-to-ipi-weak-signal-run-1/latency/av-1/ack bytes=233 forwarded=1
1783350134.798072 publish topic=ipi/detector-output-to-ipi-weak-signal-run-1/latency/av-1/request bytes=1431 forwarded=1
1783350134.798730 publish topic=ipi/detector-output-to-ipi-weak-signal-run-1/latency/av-1/ack bytes=233 forwarded=1
1783350135.028390 publish topic=ipi/detector-output-to-ipi-weak-signal-run-1/latency/av-1/request bytes=1431 forwarded=1
1783350135.029067 publish topic=ipi/detector-output-to-ipi-weak-signal-run-1/latency/av-1/ack bytes=233 forwarded=1
1783350135.268758 publish topic=ipi/detector-output-to-ipi-weak-signal-run-1/latency/av-1/request bytes=1431 forwarded=1
1783350135.269470 publish topic=ipi/detector-output-to-ipi-weak-signal-run-1/latency/av-1/ack bytes=233 forwarded=1
1783350135.509078 publish topic=ipi/detector-output-to-ipi-weak-signal-run-1/latency/av-1/request bytes=1431 forwarded=1
1783350135.509767 publish topic=ipi/detector-output-to-ipi-weak-signal-run-1/latency/av-1/ack bytes=233 forwarded=1
1783350135.749339 publish topic=ipi/detector-output-to-ipi-weak-signal-run-1/latency/av-1/request bytes=1431 forwarded=1
1783350135.750037 publish topic=ipi/detector-output-to-ipi-weak-signal-run-1/latency/av-1/ack bytes=233 forwarded=1
1783350135.989532 publish topic=ipi/detector-output-to-ipi-weak-signal-run-1/latency/av-1/request bytes=1431 forwarded=1
1783350135.990254 publish topic=ipi/detector-output-to-ipi-weak-signal-run-1/latency/av-1/ack bytes=233 forwarded=1
1783350136.229856 publish topic=ipi/detector-output-to-ipi-weak-signal-run-1/latency/av-1/request bytes=1431 forwarded=1
1783350136.230585 publish topic=ipi/detector-output-to-ipi-weak-signal-run-1/latency/av-1/ack bytes=233 forwarded=1
1783350136.469953 publish topic=ipi/detector-output-to-ipi-weak-signal-run-1/latency/av-1/request bytes=1431 forwarded=1
1783350136.470676 publish topic=ipi/detector-output-to-ipi-weak-signal-run-1/latency/av-1/ack bytes=233 forwarded=1
1783350136.710299 publish topic=ipi/detector-output-to-ipi-weak-signal-run-1/latency/av-1/request bytes=1431 forwarded=1
1783350136.711076 publish topic=ipi/detector-output-to-ipi-weak-signal-run-1/latency/av-1/ack bytes=233 forwarded=1
1783350136.950604 publish topic=ipi/detector-output-to-ipi-weak-signal-run-1/latency/av-1/request bytes=1431 forwarded=1
1783350136.951302 publish topic=ipi/detector-output-to-ipi-weak-signal-run-1/latency/av-1/ack bytes=233 forwarded=1
1783350137.190703 publish topic=ipi/detector-output-to-ipi-weak-signal-run-1/latency/av-1/request bytes=1431 forwarded=1
1783350137.191404 publish topic=ipi/detector-output-to-ipi-weak-signal-run-1/latency/av-1/ack bytes=233 forwarded=1
1783350137.431047 publish topic=ipi/detector-output-to-ipi-weak-signal-run-1/latency/av-1/request bytes=1431 forwarded=1
1783350137.431739 publish topic=ipi/detector-output-to-ipi-weak-signal-run-1/latency/av-1/ack bytes=233 forwarded=1
1783350137.671352 publish topic=ipi/detector-output-to-ipi-weak-signal-run-1/latency/av-1/request bytes=1431 forwarded=1
1783350137.672072 publish topic=ipi/detector-output-to-ipi-weak-signal-run-1/latency/av-1/ack bytes=233 forwarded=1
1783350137.911815 publish topic=ipi/detector-output-to-ipi-weak-signal-run-1/latency/av-1/request bytes=1431 forwarded=1
1783350137.912505 publish topic=ipi/detector-output-to-ipi-weak-signal-run-1/latency/av-1/ack bytes=233 forwarded=1
1783350138.201924 publish topic=ipi/detector-output-to-ipi-weak-signal-run-1/latency/av-1/request bytes=1431 forwarded=1
1783350138.202672 publish topic=ipi/detector-output-to-ipi-weak-signal-run-1/latency/av-1/ack bytes=233 forwarded=1
1783350138.442421 publish topic=ipi/detector-output-to-ipi-weak-signal-run-1/latency/av-1/request bytes=1431 forwarded=1
1783350138.443177 publish topic=ipi/detector-output-to-ipi-weak-signal-run-1/latency/av-1/ack bytes=233 forwarded=1
1783350138.682601 publish topic=ipi/detector-output-to-ipi-weak-signal-run-1/latency/av-1/request bytes=1431 forwarded=1
1783350138.683227 publish topic=ipi/detector-output-to-ipi-weak-signal-run-1/latency/av-1/ack bytes=233 forwarded=1
1783350138.922982 publish topic=ipi/detector-output-to-ipi-weak-signal-run-1/latency/av-1/request bytes=1431 forwarded=1
1783350138.923691 publish topic=ipi/detector-output-to-ipi-weak-signal-run-1/latency/av-1/ack bytes=233 forwarded=1
1783350139.153179 publish topic=ipi/detector-output-to-ipi-weak-signal-run-1/latency/av-1/request bytes=1431 forwarded=1
1783350139.153865 publish topic=ipi/detector-output-to-ipi-weak-signal-run-1/latency/av-1/ack bytes=233 forwarded=1
1783350139.393235 publish topic=ipi/detector-output-to-ipi-weak-signal-run-1/latency/av-1/request bytes=1431 forwarded=1
1783350139.393848 publish topic=ipi/detector-output-to-ipi-weak-signal-run-1/latency/av-1/ack bytes=233 forwarded=1
1783350139.623785 publish topic=ipi/detector-output-to-ipi-weak-signal-run-1/latency/av-1/request bytes=1431 forwarded=1
1783350139.624410 publish topic=ipi/detector-output-to-ipi-weak-signal-run-1/latency/av-1/ack bytes=233 forwarded=1
1783350139.864165 publish topic=ipi/detector-output-to-ipi-weak-signal-run-1/latency/av-1/request bytes=1431 forwarded=1
1783350139.864860 publish topic=ipi/detector-output-to-ipi-weak-signal-run-1/latency/av-1/ack bytes=233 forwarded=1
1783350140.104433 publish topic=ipi/detector-output-to-ipi-weak-signal-run-1/latency/av-1/request bytes=1431 forwarded=1
1783350140.105062 publish topic=ipi/detector-output-to-ipi-weak-signal-run-1/latency/av-1/ack bytes=233 forwarded=1
1783350140.334704 publish topic=ipi/detector-output-to-ipi-weak-signal-run-1/latency/av-1/request bytes=1431 forwarded=1
1783350140.335459 publish topic=ipi/detector-output-to-ipi-weak-signal-run-1/latency/av-1/ack bytes=233 forwarded=1
1783350140.564700 publish topic=ipi/detector-output-to-ipi-weak-signal-run-1/latency/av-1/request bytes=1431 forwarded=1
1783350140.565290 publish topic=ipi/detector-output-to-ipi-weak-signal-run-1/latency/av-1/ack bytes=233 forwarded=1
1783350140.795049 publish topic=ipi/detector-output-to-ipi-weak-signal-run-1/latency/av-1/request bytes=1431 forwarded=1
1783350140.795671 publish topic=ipi/detector-output-to-ipi-weak-signal-run-1/latency/av-1/ack bytes=233 forwarded=1
1783350141.095407 publish topic=ipi/detector-output-to-ipi-weak-signal-run-1/latency/av-1/request bytes=1431 forwarded=1
1783350141.095999 publish topic=ipi/detector-output-to-ipi-weak-signal-run-1/latency/av-1/ack bytes=233 forwarded=1
1783350141.325960 publish topic=ipi/detector-output-to-ipi-weak-signal-run-1/latency/av-1/request bytes=1431 forwarded=1
1783350141.326675 publish topic=ipi/detector-output-to-ipi-weak-signal-run-1/latency/av-1/ack bytes=233 forwarded=1
1783350141.576359 publish topic=ipi/detector-output-to-ipi-weak-signal-run-1/latency/av-1/request bytes=1431 forwarded=1
1783350141.576992 publish topic=ipi/detector-output-to-ipi-weak-signal-run-1/latency/av-1/ack bytes=233 forwarded=1
1783350141.816770 publish topic=ipi/detector-output-to-ipi-weak-signal-run-1/latency/av-1/request bytes=1431 forwarded=1
1783350141.817384 publish topic=ipi/detector-output-to-ipi-weak-signal-run-1/latency/av-1/ack bytes=233 forwarded=1
1783350142.067030 publish topic=ipi/detector-output-to-ipi-weak-signal-run-1/latency/av-1/request bytes=1431 forwarded=1
1783350142.067733 publish topic=ipi/detector-output-to-ipi-weak-signal-run-1/latency/av-1/ack bytes=233 forwarded=1
1783350142.327734 publish topic=ipi/detector-output-to-ipi-weak-signal-run-1/latency/av-1/request bytes=1431 forwarded=1
1783350142.328420 publish topic=ipi/detector-output-to-ipi-weak-signal-run-1/latency/av-1/ack bytes=233 forwarded=1
1783350142.598128 publish topic=ipi/detector-output-to-ipi-weak-signal-run-1/latency/av-1/request bytes=1431 forwarded=1
1783350142.598783 publish topic=ipi/detector-output-to-ipi-weak-signal-run-1/latency/av-1/ack bytes=233 forwarded=1
1783350142.848619 publish topic=ipi/detector-output-to-ipi-weak-signal-run-1/latency/av-1/request bytes=1431 forwarded=1
1783350142.849252 publish topic=ipi/detector-output-to-ipi-weak-signal-run-1/latency/av-1/ack bytes=233 forwarded=1
1783350143.088717 publish topic=ipi/detector-output-to-ipi-weak-signal-run-1/latency/av-1/request bytes=1431 forwarded=1
1783350143.089310 publish topic=ipi/detector-output-to-ipi-weak-signal-run-1/latency/av-1/ack bytes=233 forwarded=1
1783350143.329179 publish topic=ipi/detector-output-to-ipi-weak-signal-run-1/latency/av-1/request bytes=1431 forwarded=1
1783350143.329838 publish topic=ipi/detector-output-to-ipi-weak-signal-run-1/latency/av-1/ack bytes=233 forwarded=1
1783350143.569142 publish topic=ipi/detector-output-to-ipi-weak-signal-run-1/latency/av-1/request bytes=1431 forwarded=1
1783350143.569802 publish topic=ipi/detector-output-to-ipi-weak-signal-run-1/latency/av-1/ack bytes=233 forwarded=1
1783350143.809589 publish topic=ipi/detector-output-to-ipi-weak-signal-run-1/latency/av-1/request bytes=1431 forwarded=1
1783350143.810189 publish topic=ipi/detector-output-to-ipi-weak-signal-run-1/latency/av-1/ack bytes=233 forwarded=1
1783350144.049866 publish topic=ipi/detector-output-to-ipi-weak-signal-run-1/latency/av-1/request bytes=1431 forwarded=1
1783350144.050609 publish topic=ipi/detector-output-to-ipi-weak-signal-run-1/latency/av-1/ack bytes=233 forwarded=1
1783350144.290011 publish topic=ipi/detector-output-to-ipi-weak-signal-run-1/latency/av-1/request bytes=1431 forwarded=1
1783350144.290682 publish topic=ipi/detector-output-to-ipi-weak-signal-run-1/latency/av-1/ack bytes=233 forwarded=1
1783350144.530282 publish topic=ipi/detector-output-to-ipi-weak-signal-run-1/latency/av-1/request bytes=1431 forwarded=1
1783350144.530918 publish topic=ipi/detector-output-to-ipi-weak-signal-run-1/latency/av-1/ack bytes=233 forwarded=1
1783350144.770671 publish topic=ipi/detector-output-to-ipi-weak-signal-run-1/latency/av-1/request bytes=1431 forwarded=1
1783350144.771360 publish topic=ipi/detector-output-to-ipi-weak-signal-run-1/latency/av-1/ack bytes=233 forwarded=1
1783350145.010993 publish topic=ipi/detector-output-to-ipi-weak-signal-run-1/latency/av-1/request bytes=1431 forwarded=1
1783350145.011744 publish topic=ipi/detector-output-to-ipi-weak-signal-run-1/latency/av-1/ack bytes=233 forwarded=1
1783350145.250906 publish topic=ipi/detector-output-to-ipi-weak-signal-run-1/latency/av-1/request bytes=1431 forwarded=1
1783350145.251570 publish topic=ipi/detector-output-to-ipi-weak-signal-run-1/latency/av-1/ack bytes=233 forwarded=1
1783350145.491278 publish topic=ipi/detector-output-to-ipi-weak-signal-run-1/latency/av-1/request bytes=1431 forwarded=1
1783350145.491964 publish topic=ipi/detector-output-to-ipi-weak-signal-run-1/latency/av-1/ack bytes=233 forwarded=1
1783350145.741494 publish topic=ipi/detector-output-to-ipi-weak-signal-run-1/latency/av-1/request bytes=1431 forwarded=1
1783350145.742181 publish topic=ipi/detector-output-to-ipi-weak-signal-run-1/latency/av-1/ack bytes=233 forwarded=1
1783350145.981866 publish topic=ipi/detector-output-to-ipi-weak-signal-run-1/latency/av-1/request bytes=1431 forwarded=1
1783350145.982610 publish topic=ipi/detector-output-to-ipi-weak-signal-run-1/latency/av-1/ack bytes=233 forwarded=1
1783350146.222260 publish topic=ipi/detector-output-to-ipi-weak-signal-run-1/latency/av-1/request bytes=1431 forwarded=1
1783350146.222979 publish topic=ipi/detector-output-to-ipi-weak-signal-run-1/latency/av-1/ack bytes=233 forwarded=1
1783350146.462388 publish topic=ipi/detector-output-to-ipi-weak-signal-run-1/latency/av-1/request bytes=1431 forwarded=1
1783350146.463107 publish topic=ipi/detector-output-to-ipi-weak-signal-run-1/latency/av-1/ack bytes=233 forwarded=1
1783350146.702563 publish topic=ipi/detector-output-to-ipi-weak-signal-run-1/latency/av-1/request bytes=1431 forwarded=1
1783350146.703155 publish topic=ipi/detector-output-to-ipi-weak-signal-run-1/latency/av-1/ack bytes=233 forwarded=1
1783350146.942985 publish topic=ipi/detector-output-to-ipi-weak-signal-run-1/latency/av-1/request bytes=1431 forwarded=1
1783350146.943638 publish topic=ipi/detector-output-to-ipi-weak-signal-run-1/latency/av-1/ack bytes=233 forwarded=1
1783350147.183414 publish topic=ipi/detector-output-to-ipi-weak-signal-run-1/latency/av-1/request bytes=1431 forwarded=1
1783350147.184138 publish topic=ipi/detector-output-to-ipi-weak-signal-run-1/latency/av-1/ack bytes=233 forwarded=1
1783350147.423629 publish topic=ipi/detector-output-to-ipi-weak-signal-run-1/latency/av-1/request bytes=1431 forwarded=1
1783350147.424247 publish topic=ipi/detector-output-to-ipi-weak-signal-run-1/latency/av-1/ack bytes=233 forwarded=1
1783350147.663719 publish topic=ipi/detector-output-to-ipi-weak-signal-run-1/latency/av-1/request bytes=1431 forwarded=1
1783350147.664349 publish topic=ipi/detector-output-to-ipi-weak-signal-run-1/latency/av-1/ack bytes=233 forwarded=1
1783350147.894149 publish topic=ipi/detector-output-to-ipi-weak-signal-run-1/latency/av-1/request bytes=1431 forwarded=1
1783350147.894878 publish topic=ipi/detector-output-to-ipi-weak-signal-run-1/latency/av-1/ack bytes=233 forwarded=1
1783350148.134604 publish topic=ipi/detector-output-to-ipi-weak-signal-run-1/latency/av-1/request bytes=1431 forwarded=1
1783350148.135325 publish topic=ipi/detector-output-to-ipi-weak-signal-run-1/latency/av-1/ack bytes=233 forwarded=1
1783350148.364612 publish topic=ipi/detector-output-to-ipi-weak-signal-run-1/latency/av-1/request bytes=1431 forwarded=1
1783350148.365312 publish topic=ipi/detector-output-to-ipi-weak-signal-run-1/latency/av-1/ack bytes=233 forwarded=1
1783350148.604968 publish topic=ipi/detector-output-to-ipi-weak-signal-run-1/latency/av-1/request bytes=1431 forwarded=1
1783350148.605662 publish topic=ipi/detector-output-to-ipi-weak-signal-run-1/latency/av-1/ack bytes=233 forwarded=1
1783350148.845101 publish topic=ipi/detector-output-to-ipi-weak-signal-run-1/latency/av-1/request bytes=1431 forwarded=1
1783350148.845791 publish topic=ipi/detector-output-to-ipi-weak-signal-run-1/latency/av-1/ack bytes=233 forwarded=1
1783350149.085313 publish topic=ipi/detector-output-to-ipi-weak-signal-run-1/latency/av-1/request bytes=1431 forwarded=1
1783350149.086046 publish topic=ipi/detector-output-to-ipi-weak-signal-run-1/latency/av-1/ack bytes=233 forwarded=1
1783350149.325869 publish topic=ipi/detector-output-to-ipi-weak-signal-run-1/latency/av-1/request bytes=1431 forwarded=1
1783350149.326586 publish topic=ipi/detector-output-to-ipi-weak-signal-run-1/latency/av-1/ack bytes=233 forwarded=1
1783350149.565905 publish topic=ipi/detector-output-to-ipi-weak-signal-run-1/latency/av-1/request bytes=1431 forwarded=1
1783350149.566584 publish topic=ipi/detector-output-to-ipi-weak-signal-run-1/latency/av-1/ack bytes=233 forwarded=1
1783350149.806040 publish topic=ipi/detector-output-to-ipi-weak-signal-run-1/latency/av-1/request bytes=1431 forwarded=1
1783350149.806804 publish topic=ipi/detector-output-to-ipi-weak-signal-run-1/latency/av-1/ack bytes=233 forwarded=1
1783350150.026398 publish topic=ipi/detector-output-to-ipi-weak-signal-run-1/latency/av-1/request bytes=1431 forwarded=1
1783350150.027121 publish topic=ipi/detector-output-to-ipi-weak-signal-run-1/latency/av-1/ack bytes=233 forwarded=1
1783350150.266719 publish topic=ipi/detector-output-to-ipi-weak-signal-run-1/latency/av-1/request bytes=1431 forwarded=1
1783350150.267411 publish topic=ipi/detector-output-to-ipi-weak-signal-run-1/latency/av-1/ack bytes=233 forwarded=1
1783350150.506828 publish topic=ipi/detector-output-to-ipi-weak-signal-run-1/latency/av-1/request bytes=1431 forwarded=1
1783350150.507452 publish topic=ipi/detector-output-to-ipi-weak-signal-run-1/latency/av-1/ack bytes=233 forwarded=1
1783350150.747336 publish topic=ipi/detector-output-to-ipi-weak-signal-run-1/latency/av-1/request bytes=1431 forwarded=1
1783350150.747977 publish topic=ipi/detector-output-to-ipi-weak-signal-run-1/latency/av-1/ack bytes=233 forwarded=1
1783350150.987558 publish topic=ipi/detector-output-to-ipi-weak-signal-run-1/latency/av-1/request bytes=1431 forwarded=1
1783350150.988179 publish topic=ipi/detector-output-to-ipi-weak-signal-run-1/latency/av-1/ack bytes=233 forwarded=1
1783350151.227616 publish topic=ipi/detector-output-to-ipi-weak-signal-run-1/latency/av-1/request bytes=1431 forwarded=1
1783350151.228219 publish topic=ipi/detector-output-to-ipi-weak-signal-run-1/latency/av-1/ack bytes=233 forwarded=1
1783350151.477852 publish topic=ipi/detector-output-to-ipi-weak-signal-run-1/latency/av-1/request bytes=1431 forwarded=1
1783350151.478595 publish topic=ipi/detector-output-to-ipi-weak-signal-run-1/latency/av-1/ack bytes=233 forwarded=1
1783350151.708367 publish topic=ipi/detector-output-to-ipi-weak-signal-run-1/latency/av-1/request bytes=1431 forwarded=1
1783350151.709055 publish topic=ipi/detector-output-to-ipi-weak-signal-run-1/latency/av-1/ack bytes=233 forwarded=1
1783350151.948681 publish topic=ipi/detector-output-to-ipi-weak-signal-run-1/latency/av-1/request bytes=1431 forwarded=1
1783350151.949306 publish topic=ipi/detector-output-to-ipi-weak-signal-run-1/latency/av-1/ack bytes=233 forwarded=1
1783350152.189079 publish topic=ipi/detector-output-to-ipi-weak-signal-run-1/latency/av-1/request bytes=1431 forwarded=1
1783350152.189778 publish topic=ipi/detector-output-to-ipi-weak-signal-run-1/latency/av-1/ack bytes=233 forwarded=1
1783350152.429176 publish topic=ipi/detector-output-to-ipi-weak-signal-run-1/latency/av-1/request bytes=1431 forwarded=1
1783350152.429804 publish topic=ipi/detector-output-to-ipi-weak-signal-run-1/latency/av-1/ack bytes=233 forwarded=1
1783350152.709132 publish topic=ipi/detector-output-to-ipi-weak-signal-run-1/latency/av-1/request bytes=1431 forwarded=1
1783350152.709833 publish topic=ipi/detector-output-to-ipi-weak-signal-run-1/latency/av-1/ack bytes=233 forwarded=1
1783350153.020143 publish topic=ipi/detector-output-to-ipi-weak-signal-run-1/latency/av-1/request bytes=1431 forwarded=1
1783350153.020838 publish topic=ipi/detector-output-to-ipi-weak-signal-run-1/latency/av-1/ack bytes=233 forwarded=1
1783350153.300246 publish topic=ipi/detector-output-to-ipi-weak-signal-run-1/latency/av-1/request bytes=1431 forwarded=1
1783350153.300937 publish topic=ipi/detector-output-to-ipi-weak-signal-run-1/latency/av-1/ack bytes=233 forwarded=1
1783350153.550812 publish topic=ipi/detector-output-to-ipi-weak-signal-run-1/latency/av-1/request bytes=1431 forwarded=1
1783350153.551454 publish topic=ipi/detector-output-to-ipi-weak-signal-run-1/latency/av-1/ack bytes=233 forwarded=1
1783350153.831140 publish topic=ipi/detector-output-to-ipi-weak-signal-run-1/latency/av-1/request bytes=1431 forwarded=1
1783350153.831759 publish topic=ipi/detector-output-to-ipi-weak-signal-run-1/latency/av-1/ack bytes=233 forwarded=1
1783350154.061796 publish topic=ipi/detector-output-to-ipi-weak-signal-run-1/latency/av-1/request bytes=1431 forwarded=1
1783350154.062527 publish topic=ipi/detector-output-to-ipi-weak-signal-run-1/latency/av-1/ack bytes=233 forwarded=1
1783350154.302127 publish topic=ipi/detector-output-to-ipi-weak-signal-run-1/latency/av-1/request bytes=1431 forwarded=1
1783350154.302827 publish topic=ipi/detector-output-to-ipi-weak-signal-run-1/latency/av-1/ack bytes=233 forwarded=1
1783350154.572377 publish topic=ipi/detector-output-to-ipi-weak-signal-run-1/latency/av-1/request bytes=1431 forwarded=1
1783350154.573074 publish topic=ipi/detector-output-to-ipi-weak-signal-run-1/latency/av-1/ack bytes=233 forwarded=1
1783350154.823007 publish topic=ipi/detector-output-to-ipi-weak-signal-run-1/latency/av-1/request bytes=1431 forwarded=1
1783350154.823643 publish topic=ipi/detector-output-to-ipi-weak-signal-run-1/latency/av-1/ack bytes=233 forwarded=1
1783350155.063540 publish topic=ipi/detector-output-to-ipi-weak-signal-run-1/latency/av-1/request bytes=1431 forwarded=1
1783350155.064284 publish topic=ipi/detector-output-to-ipi-weak-signal-run-1/latency/av-1/ack bytes=233 forwarded=1
1783350155.303641 publish topic=ipi/detector-output-to-ipi-weak-signal-run-1/latency/av-1/request bytes=1431 forwarded=1
1783350155.304336 publish topic=ipi/detector-output-to-ipi-weak-signal-run-1/latency/av-1/ack bytes=233 forwarded=1
1783350155.533857 publish topic=ipi/detector-output-to-ipi-weak-signal-run-1/latency/av-1/request bytes=1431 forwarded=1
1783350155.534488 publish topic=ipi/detector-output-to-ipi-weak-signal-run-1/latency/av-1/ack bytes=233 forwarded=1
1783350155.784192 publish topic=ipi/detector-output-to-ipi-weak-signal-run-1/latency/av-1/request bytes=1431 forwarded=1
1783350155.784897 publish topic=ipi/detector-output-to-ipi-weak-signal-run-1/latency/av-1/ack bytes=233 forwarded=1
1783350156.024511 publish topic=ipi/detector-output-to-ipi-weak-signal-run-1/latency/av-1/request bytes=1431 forwarded=1
1783350156.025204 publish topic=ipi/detector-output-to-ipi-weak-signal-run-1/latency/av-1/ack bytes=233 forwarded=1
1783350156.264849 publish topic=ipi/detector-output-to-ipi-weak-signal-run-1/latency/av-1/request bytes=1431 forwarded=1
1783350156.265543 publish topic=ipi/detector-output-to-ipi-weak-signal-run-1/latency/av-1/ack bytes=233 forwarded=1
1783350156.494991 publish topic=ipi/detector-output-to-ipi-weak-signal-run-1/latency/av-1/request bytes=1431 forwarded=1
1783350156.495618 publish topic=ipi/detector-output-to-ipi-weak-signal-run-1/latency/av-1/ack bytes=233 forwarded=1
1783350156.725205 publish topic=ipi/detector-output-to-ipi-weak-signal-run-1/latency/av-1/request bytes=1431 forwarded=1
1783350156.725854 publish topic=ipi/detector-output-to-ipi-weak-signal-run-1/latency/av-1/ack bytes=233 forwarded=1
1783350156.965533 publish topic=ipi/detector-output-to-ipi-weak-signal-run-1/latency/av-1/request bytes=1431 forwarded=1
1783350156.966162 publish topic=ipi/detector-output-to-ipi-weak-signal-run-1/latency/av-1/ack bytes=233 forwarded=1
1783350157.195683 publish topic=ipi/detector-output-to-ipi-weak-signal-run-1/latency/av-1/request bytes=1431 forwarded=1
1783350157.196389 publish topic=ipi/detector-output-to-ipi-weak-signal-run-1/latency/av-1/ack bytes=233 forwarded=1
1783350157.435813 publish topic=ipi/detector-output-to-ipi-weak-signal-run-1/latency/av-1/request bytes=1431 forwarded=1
1783350157.436453 publish topic=ipi/detector-output-to-ipi-weak-signal-run-1/latency/av-1/ack bytes=233 forwarded=1
1783350157.666392 publish topic=ipi/detector-output-to-ipi-weak-signal-run-1/latency/av-1/request bytes=1431 forwarded=1
1783350157.667048 publish topic=ipi/detector-output-to-ipi-weak-signal-run-1/latency/av-1/ack bytes=233 forwarded=1
1783350157.916353 publish topic=ipi/detector-output-to-ipi-weak-signal-run-1/latency/av-1/request bytes=1431 forwarded=1
1783350157.916980 publish topic=ipi/detector-output-to-ipi-weak-signal-run-1/latency/av-1/ack bytes=233 forwarded=1
1783350158.146825 publish topic=ipi/detector-output-to-ipi-weak-signal-run-1/latency/av-1/request bytes=1431 forwarded=1
1783350158.147459 publish topic=ipi/detector-output-to-ipi-weak-signal-run-1/latency/av-1/ack bytes=233 forwarded=1
1783350158.387009 publish topic=ipi/detector-output-to-ipi-weak-signal-run-1/latency/av-1/request bytes=1431 forwarded=1
1783350158.387647 publish topic=ipi/detector-output-to-ipi-weak-signal-run-1/latency/av-1/ack bytes=233 forwarded=1
1783350158.637331 publish topic=ipi/detector-output-to-ipi-weak-signal-run-1/latency/av-1/request bytes=1431 forwarded=1
1783350158.637976 publish topic=ipi/detector-output-to-ipi-weak-signal-run-1/latency/av-1/ack bytes=233 forwarded=1
1783350158.877534 publish topic=ipi/detector-output-to-ipi-weak-signal-run-1/latency/av-1/request bytes=1431 forwarded=1
1783350158.878235 publish topic=ipi/detector-output-to-ipi-weak-signal-run-1/latency/av-1/ack bytes=233 forwarded=1
1783350159.117907 publish topic=ipi/detector-output-to-ipi-weak-signal-run-1/latency/av-1/request bytes=1431 forwarded=1
1783350159.118587 publish topic=ipi/detector-output-to-ipi-weak-signal-run-1/latency/av-1/ack bytes=233 forwarded=1
1783350159.358172 publish topic=ipi/detector-output-to-ipi-weak-signal-run-1/latency/av-1/request bytes=1431 forwarded=1
1783350159.358942 publish topic=ipi/detector-output-to-ipi-weak-signal-run-1/latency/av-1/ack bytes=233 forwarded=1
1783350159.598341 publish topic=ipi/detector-output-to-ipi-weak-signal-run-1/latency/av-1/request bytes=1431 forwarded=1
1783350159.599032 publish topic=ipi/detector-output-to-ipi-weak-signal-run-1/latency/av-1/ack bytes=233 forwarded=1
1783350159.838700 publish topic=ipi/detector-output-to-ipi-weak-signal-run-1/latency/av-1/request bytes=1431 forwarded=1
1783350159.839375 publish topic=ipi/detector-output-to-ipi-weak-signal-run-1/latency/av-1/ack bytes=233 forwarded=1
1783350160.078981 publish topic=ipi/detector-output-to-ipi-weak-signal-run-1/latency/av-1/request bytes=1431 forwarded=1
1783350160.079637 publish topic=ipi/detector-output-to-ipi-weak-signal-run-1/latency/av-1/ack bytes=233 forwarded=1
1783350160.319304 publish topic=ipi/detector-output-to-ipi-weak-signal-run-1/latency/av-1/request bytes=1431 forwarded=1
1783350160.320040 publish topic=ipi/detector-output-to-ipi-weak-signal-run-1/latency/av-1/ack bytes=233 forwarded=1
1783350160.559719 publish topic=ipi/detector-output-to-ipi-weak-signal-run-1/latency/av-1/request bytes=1431 forwarded=1
1783350160.560420 publish topic=ipi/detector-output-to-ipi-weak-signal-run-1/latency/av-1/ack bytes=233 forwarded=1
1783350160.799692 publish topic=ipi/detector-output-to-ipi-weak-signal-run-1/latency/av-1/request bytes=1431 forwarded=1
1783350160.800354 publish topic=ipi/detector-output-to-ipi-weak-signal-run-1/latency/av-1/ack bytes=233 forwarded=1
1783350161.040227 publish topic=ipi/detector-output-to-ipi-weak-signal-run-1/latency/av-1/request bytes=1431 forwarded=1
1783350161.040925 publish topic=ipi/detector-output-to-ipi-weak-signal-run-1/latency/av-1/ack bytes=233 forwarded=1
1783350161.280763 publish topic=ipi/detector-output-to-ipi-weak-signal-run-1/latency/av-1/request bytes=1431 forwarded=1
1783350161.281492 publish topic=ipi/detector-output-to-ipi-weak-signal-run-1/latency/av-1/ack bytes=233 forwarded=1
1783350161.520647 publish topic=ipi/detector-output-to-ipi-weak-signal-run-1/latency/av-1/request bytes=1431 forwarded=1
1783350161.521320 publish topic=ipi/detector-output-to-ipi-weak-signal-run-1/latency/av-1/ack bytes=233 forwarded=1
1783350161.761269 publish topic=ipi/detector-output-to-ipi-weak-signal-run-1/latency/av-1/request bytes=1431 forwarded=1
1783350161.761969 publish topic=ipi/detector-output-to-ipi-weak-signal-run-1/latency/av-1/ack bytes=233 forwarded=1
1783350162.001621 publish topic=ipi/detector-output-to-ipi-weak-signal-run-1/latency/av-1/request bytes=1431 forwarded=1
1783350162.002332 publish topic=ipi/detector-output-to-ipi-weak-signal-run-1/latency/av-1/ack bytes=233 forwarded=1
1783350162.241841 publish topic=ipi/detector-output-to-ipi-weak-signal-run-1/latency/av-1/request bytes=1431 forwarded=1
1783350162.242542 publish topic=ipi/detector-output-to-ipi-weak-signal-run-1/latency/av-1/ack bytes=233 forwarded=1
1783350162.482233 publish topic=ipi/detector-output-to-ipi-weak-signal-run-1/latency/av-1/request bytes=1431 forwarded=1
1783350162.482993 publish topic=ipi/detector-output-to-ipi-weak-signal-run-1/latency/av-1/ack bytes=233 forwarded=1
1783350162.722507 publish topic=ipi/detector-output-to-ipi-weak-signal-run-1/latency/av-1/request bytes=1431 forwarded=1
1783350162.723206 publish topic=ipi/detector-output-to-ipi-weak-signal-run-1/latency/av-1/ack bytes=233 forwarded=1
1783350162.962955 publish topic=ipi/detector-output-to-ipi-weak-signal-run-1/latency/av-1/request bytes=1431 forwarded=1
1783350162.963584 publish topic=ipi/detector-output-to-ipi-weak-signal-run-1/latency/av-1/ack bytes=233 forwarded=1
1783350163.203093 publish topic=ipi/detector-output-to-ipi-weak-signal-run-1/latency/av-1/request bytes=1431 forwarded=1
1783350163.203857 publish topic=ipi/detector-output-to-ipi-weak-signal-run-1/latency/av-1/ack bytes=233 forwarded=1
1783350163.443477 publish topic=ipi/detector-output-to-ipi-weak-signal-run-1/latency/av-1/request bytes=1431 forwarded=1
1783350163.444137 publish topic=ipi/detector-output-to-ipi-weak-signal-run-1/latency/av-1/ack bytes=233 forwarded=1
1783350163.683986 publish topic=ipi/detector-output-to-ipi-weak-signal-run-1/latency/av-1/request bytes=1431 forwarded=1
1783350163.684696 publish topic=ipi/detector-output-to-ipi-weak-signal-run-1/latency/av-1/ack bytes=233 forwarded=1
1783350163.914162 publish topic=ipi/detector-output-to-ipi-weak-signal-run-1/latency/av-1/request bytes=1431 forwarded=1
1783350163.914905 publish topic=ipi/detector-output-to-ipi-weak-signal-run-1/latency/av-1/ack bytes=233 forwarded=1
1783350164.144658 publish topic=ipi/detector-output-to-ipi-weak-signal-run-1/latency/av-1/request bytes=1431 forwarded=1
1783350164.145365 publish topic=ipi/detector-output-to-ipi-weak-signal-run-1/latency/av-1/ack bytes=233 forwarded=1
1783350164.374649 publish topic=ipi/detector-output-to-ipi-weak-signal-run-1/latency/av-1/request bytes=1431 forwarded=1
1783350164.375350 publish topic=ipi/detector-output-to-ipi-weak-signal-run-1/latency/av-1/ack bytes=233 forwarded=1
1783350164.614891 publish topic=ipi/detector-output-to-ipi-weak-signal-run-1/latency/av-1/request bytes=1431 forwarded=1
1783350164.615589 publish topic=ipi/detector-output-to-ipi-weak-signal-run-1/latency/av-1/ack bytes=233 forwarded=1
1783350164.875374 publish topic=ipi/detector-output-to-ipi-weak-signal-run-1/latency/av-1/request bytes=1431 forwarded=1
1783350164.876075 publish topic=ipi/detector-output-to-ipi-weak-signal-run-1/latency/av-1/ack bytes=233 forwarded=1
1783350165.145894 publish topic=ipi/detector-output-to-ipi-weak-signal-run-1/latency/av-1/request bytes=1431 forwarded=1
1783350165.146572 publish topic=ipi/detector-output-to-ipi-weak-signal-run-1/latency/av-1/ack bytes=233 forwarded=1
1783350165.396403 publish topic=ipi/detector-output-to-ipi-weak-signal-run-1/latency/av-1/request bytes=1431 forwarded=1
1783350165.397103 publish topic=ipi/detector-output-to-ipi-weak-signal-run-1/latency/av-1/ack bytes=233 forwarded=1
1783350165.626760 publish topic=ipi/detector-output-to-ipi-weak-signal-run-1/latency/av-1/request bytes=1431 forwarded=1
1783350165.627456 publish topic=ipi/detector-output-to-ipi-weak-signal-run-1/latency/av-1/ack bytes=233 forwarded=1
1783350165.907414 publish topic=ipi/detector-output-to-ipi-weak-signal-run-1/latency/av-1/request bytes=1431 forwarded=1
1783350165.908047 publish topic=ipi/detector-output-to-ipi-weak-signal-run-1/latency/av-1/ack bytes=233 forwarded=1
1783350166.197857 publish topic=ipi/detector-output-to-ipi-weak-signal-run-1/latency/av-1/request bytes=1431 forwarded=1
1783350166.198509 publish topic=ipi/detector-output-to-ipi-weak-signal-run-1/latency/av-1/ack bytes=233 forwarded=1
1783350166.448426 publish topic=ipi/detector-output-to-ipi-weak-signal-run-1/latency/av-1/request bytes=1431 forwarded=1
1783350166.449134 publish topic=ipi/detector-output-to-ipi-weak-signal-run-1/latency/av-1/ack bytes=233 forwarded=1
1783350166.678700 publish topic=ipi/detector-output-to-ipi-weak-signal-run-1/latency/av-1/request bytes=1431 forwarded=1
1783350166.679422 publish topic=ipi/detector-output-to-ipi-weak-signal-run-1/latency/av-1/ack bytes=233 forwarded=1
1783350166.919273 publish topic=ipi/detector-output-to-ipi-weak-signal-run-1/latency/av-1/request bytes=1431 forwarded=1
1783350166.919969 publish topic=ipi/detector-output-to-ipi-weak-signal-run-1/latency/av-1/ack bytes=233 forwarded=1
1783350167.169556 publish topic=ipi/detector-output-to-ipi-weak-signal-run-1/latency/av-1/request bytes=1431 forwarded=1
1783350167.170233 publish topic=ipi/detector-output-to-ipi-weak-signal-run-1/latency/av-1/ack bytes=233 forwarded=1
1783350167.409836 publish topic=ipi/detector-output-to-ipi-weak-signal-run-1/latency/av-1/request bytes=1431 forwarded=1
1783350167.410540 publish topic=ipi/detector-output-to-ipi-weak-signal-run-1/latency/av-1/ack bytes=233 forwarded=1
1783350167.650300 publish topic=ipi/detector-output-to-ipi-weak-signal-run-1/latency/av-1/request bytes=1431 forwarded=1
1783350167.650984 publish topic=ipi/detector-output-to-ipi-weak-signal-run-1/latency/av-1/ack bytes=233 forwarded=1
1783350167.890694 publish topic=ipi/detector-output-to-ipi-weak-signal-run-1/latency/av-1/request bytes=1431 forwarded=1
1783350167.891315 publish topic=ipi/detector-output-to-ipi-weak-signal-run-1/latency/av-1/ack bytes=233 forwarded=1
1783350168.130997 publish topic=ipi/detector-output-to-ipi-weak-signal-run-1/latency/av-1/request bytes=1431 forwarded=1
1783350168.131634 publish topic=ipi/detector-output-to-ipi-weak-signal-run-1/latency/av-1/ack bytes=233 forwarded=1
1783350168.371160 publish topic=ipi/detector-output-to-ipi-weak-signal-run-1/latency/av-1/request bytes=1431 forwarded=1
1783350168.371758 publish topic=ipi/detector-output-to-ipi-weak-signal-run-1/latency/av-1/ack bytes=233 forwarded=1
1783350168.611752 publish topic=ipi/detector-output-to-ipi-weak-signal-run-1/latency/av-1/request bytes=1431 forwarded=1
1783350168.612452 publish topic=ipi/detector-output-to-ipi-weak-signal-run-1/latency/av-1/ack bytes=233 forwarded=1
1783350168.852011 publish topic=ipi/detector-output-to-ipi-weak-signal-run-1/latency/av-1/request bytes=1431 forwarded=1
1783350168.852727 publish topic=ipi/detector-output-to-ipi-weak-signal-run-1/latency/av-1/ack bytes=233 forwarded=1
1783350169.092170 publish topic=ipi/detector-output-to-ipi-weak-signal-run-1/latency/av-1/request bytes=1431 forwarded=1
1783350169.092877 publish topic=ipi/detector-output-to-ipi-weak-signal-run-1/latency/av-1/ack bytes=233 forwarded=1
1783350169.332611 publish topic=ipi/detector-output-to-ipi-weak-signal-run-1/latency/av-1/request bytes=1431 forwarded=1
1783350169.333251 publish topic=ipi/detector-output-to-ipi-weak-signal-run-1/latency/av-1/ack bytes=233 forwarded=1
1783350169.572869 publish topic=ipi/detector-output-to-ipi-weak-signal-run-1/latency/av-1/request bytes=1431 forwarded=1
1783350169.573573 publish topic=ipi/detector-output-to-ipi-weak-signal-run-1/latency/av-1/ack bytes=233 forwarded=1
1783350169.813273 publish topic=ipi/detector-output-to-ipi-weak-signal-run-1/latency/av-1/request bytes=1431 forwarded=1
1783350169.813983 publish topic=ipi/detector-output-to-ipi-weak-signal-run-1/latency/av-1/ack bytes=233 forwarded=1
1783350170.053487 publish topic=ipi/detector-output-to-ipi-weak-signal-run-1/latency/av-1/request bytes=1431 forwarded=1
1783350170.054153 publish topic=ipi/detector-output-to-ipi-weak-signal-run-1/latency/av-1/ack bytes=233 forwarded=1
1783350170.293871 publish topic=ipi/detector-output-to-ipi-weak-signal-run-1/latency/av-1/request bytes=1431 forwarded=1
1783350170.294595 publish topic=ipi/detector-output-to-ipi-weak-signal-run-1/latency/av-1/ack bytes=233 forwarded=1
1783350170.524275 publish topic=ipi/detector-output-to-ipi-weak-signal-run-1/latency/av-1/request bytes=1431 forwarded=1
1783350170.524972 publish topic=ipi/detector-output-to-ipi-weak-signal-run-1/latency/av-1/ack bytes=233 forwarded=1
1783350170.754342 publish topic=ipi/detector-output-to-ipi-weak-signal-run-1/latency/av-1/request bytes=1431 forwarded=1
1783350170.755052 publish topic=ipi/detector-output-to-ipi-weak-signal-run-1/latency/av-1/ack bytes=233 forwarded=1
1783350170.994734 publish topic=ipi/detector-output-to-ipi-weak-signal-run-1/latency/av-1/request bytes=1431 forwarded=1
1783350170.995340 publish topic=ipi/detector-output-to-ipi-weak-signal-run-1/latency/av-1/ack bytes=233 forwarded=1
1783350171.234862 publish topic=ipi/detector-output-to-ipi-weak-signal-run-1/latency/av-1/request bytes=1431 forwarded=1
1783350171.235534 publish topic=ipi/detector-output-to-ipi-weak-signal-run-1/latency/av-1/ack bytes=233 forwarded=1
1783350171.465427 publish topic=ipi/detector-output-to-ipi-weak-signal-run-1/latency/av-1/request bytes=1431 forwarded=1
1783350171.466100 publish topic=ipi/detector-output-to-ipi-weak-signal-run-1/latency/av-1/ack bytes=233 forwarded=1
1783350171.705699 publish topic=ipi/detector-output-to-ipi-weak-signal-run-1/latency/av-1/request bytes=1431 forwarded=1
1783350171.706373 publish topic=ipi/detector-output-to-ipi-weak-signal-run-1/latency/av-1/ack bytes=233 forwarded=1
1783350171.956051 publish topic=ipi/detector-output-to-ipi-weak-signal-run-1/latency/av-1/request bytes=1431 forwarded=1
1783350171.956811 publish topic=ipi/detector-output-to-ipi-weak-signal-run-1/latency/av-1/ack bytes=233 forwarded=1
1783350172.196088 publish topic=ipi/detector-output-to-ipi-weak-signal-run-1/latency/av-1/request bytes=1431 forwarded=1
1783350172.196759 publish topic=ipi/detector-output-to-ipi-weak-signal-run-1/latency/av-1/ack bytes=233 forwarded=1
1783350172.426701 publish topic=ipi/detector-output-to-ipi-weak-signal-run-1/latency/av-1/request bytes=1431 forwarded=1
1783350172.427376 publish topic=ipi/detector-output-to-ipi-weak-signal-run-1/latency/av-1/ack bytes=233 forwarded=1
1783350172.666926 publish topic=ipi/detector-output-to-ipi-weak-signal-run-1/latency/av-1/request bytes=1431 forwarded=1
1783350172.667604 publish topic=ipi/detector-output-to-ipi-weak-signal-run-1/latency/av-1/ack bytes=233 forwarded=1
1783350172.906957 publish topic=ipi/detector-output-to-ipi-weak-signal-run-1/latency/av-1/request bytes=1431 forwarded=1
1783350172.907630 publish topic=ipi/detector-output-to-ipi-weak-signal-run-1/latency/av-1/ack bytes=233 forwarded=1
1783350173.157324 publish topic=ipi/detector-output-to-ipi-weak-signal-run-1/latency/av-1/request bytes=1431 forwarded=1
1783350173.157990 publish topic=ipi/detector-output-to-ipi-weak-signal-run-1/latency/av-1/ack bytes=233 forwarded=1
1783350173.397741 publish topic=ipi/detector-output-to-ipi-weak-signal-run-1/latency/av-1/request bytes=1431 forwarded=1
1783350173.398355 publish topic=ipi/detector-output-to-ipi-weak-signal-run-1/latency/av-1/ack bytes=233 forwarded=1
1783350173.637870 publish topic=ipi/detector-output-to-ipi-weak-signal-run-1/latency/av-1/request bytes=1431 forwarded=1
1783350173.638534 publish topic=ipi/detector-output-to-ipi-weak-signal-run-1/latency/av-1/ack bytes=233 forwarded=1
1783350173.878154 publish topic=ipi/detector-output-to-ipi-weak-signal-run-1/latency/av-1/request bytes=1431 forwarded=1
1783350173.878874 publish topic=ipi/detector-output-to-ipi-weak-signal-run-1/latency/av-1/ack bytes=233 forwarded=1
1783350174.118571 publish topic=ipi/detector-output-to-ipi-weak-signal-run-1/latency/av-1/request bytes=1431 forwarded=1
1783350174.119279 publish topic=ipi/detector-output-to-ipi-weak-signal-run-1/latency/av-1/ack bytes=233 forwarded=1
1783350174.358892 publish topic=ipi/detector-output-to-ipi-weak-signal-run-1/latency/av-1/request bytes=1431 forwarded=1
1783350174.359594 publish topic=ipi/detector-output-to-ipi-weak-signal-run-1/latency/av-1/ack bytes=233 forwarded=1
1783350174.598986 publish topic=ipi/detector-output-to-ipi-weak-signal-run-1/latency/av-1/request bytes=1431 forwarded=1
1783350174.599674 publish topic=ipi/detector-output-to-ipi-weak-signal-run-1/latency/av-1/ack bytes=233 forwarded=1
1783350174.839238 publish topic=ipi/detector-output-to-ipi-weak-signal-run-1/latency/av-1/request bytes=1431 forwarded=1
1783350174.839911 publish topic=ipi/detector-output-to-ipi-weak-signal-run-1/latency/av-1/ack bytes=233 forwarded=1
1783350175.079727 publish topic=ipi/detector-output-to-ipi-weak-signal-run-1/latency/av-1/request bytes=1431 forwarded=1
1783350175.080330 publish topic=ipi/detector-output-to-ipi-weak-signal-run-1/latency/av-1/ack bytes=233 forwarded=1
1783350175.319831 publish topic=ipi/detector-output-to-ipi-weak-signal-run-1/latency/av-1/request bytes=1431 forwarded=1
1783350175.320517 publish topic=ipi/detector-output-to-ipi-weak-signal-run-1/latency/av-1/ack bytes=233 forwarded=1
1783350175.560176 publish topic=ipi/detector-output-to-ipi-weak-signal-run-1/latency/av-1/request bytes=1431 forwarded=1
1783350175.560862 publish topic=ipi/detector-output-to-ipi-weak-signal-run-1/latency/av-1/ack bytes=233 forwarded=1
1783350175.800417 publish topic=ipi/detector-output-to-ipi-weak-signal-run-1/latency/av-1/request bytes=1431 forwarded=1
1783350175.801108 publish topic=ipi/detector-output-to-ipi-weak-signal-run-1/latency/av-1/ack bytes=233 forwarded=1
1783350176.040828 publish topic=ipi/detector-output-to-ipi-weak-signal-run-1/latency/av-1/request bytes=1431 forwarded=1
1783350176.041523 publish topic=ipi/detector-output-to-ipi-weak-signal-run-1/latency/av-1/ack bytes=233 forwarded=1
1783350176.280940 publish topic=ipi/detector-output-to-ipi-weak-signal-run-1/latency/av-1/request bytes=1431 forwarded=1
1783350176.281647 publish topic=ipi/detector-output-to-ipi-weak-signal-run-1/latency/av-1/ack bytes=233 forwarded=1
1783350176.521047 publish topic=ipi/detector-output-to-ipi-weak-signal-run-1/latency/av-1/request bytes=1431 forwarded=1
1783350176.521686 publish topic=ipi/detector-output-to-ipi-weak-signal-run-1/latency/av-1/ack bytes=233 forwarded=1
1783350176.761338 publish topic=ipi/detector-output-to-ipi-weak-signal-run-1/latency/av-1/request bytes=1431 forwarded=1
1783350176.762021 publish topic=ipi/detector-output-to-ipi-weak-signal-run-1/latency/av-1/ack bytes=233 forwarded=1
1783350177.001621 publish topic=ipi/detector-output-to-ipi-weak-signal-run-1/latency/av-1/request bytes=1431 forwarded=1
1783350177.002333 publish topic=ipi/detector-output-to-ipi-weak-signal-run-1/latency/av-1/ack bytes=233 forwarded=1
1783350177.241994 publish topic=ipi/detector-output-to-ipi-weak-signal-run-1/latency/av-1/request bytes=1431 forwarded=1
1783350177.242655 publish topic=ipi/detector-output-to-ipi-weak-signal-run-1/latency/av-1/ack bytes=233 forwarded=1
1783350177.482076 publish topic=ipi/detector-output-to-ipi-weak-signal-run-1/latency/av-1/request bytes=1431 forwarded=1
1783350177.482918 publish topic=ipi/detector-output-to-ipi-weak-signal-run-1/latency/av-1/ack bytes=233 forwarded=1
1783350177.722492 publish topic=ipi/detector-output-to-ipi-weak-signal-run-1/latency/av-1/request bytes=1431 forwarded=1
1783350177.723211 publish topic=ipi/detector-output-to-ipi-weak-signal-run-1/latency/av-1/ack bytes=233 forwarded=1
1783350177.962602 publish topic=ipi/detector-output-to-ipi-weak-signal-run-1/latency/av-1/request bytes=1431 forwarded=1
1783350177.963320 publish topic=ipi/detector-output-to-ipi-weak-signal-run-1/latency/av-1/ack bytes=233 forwarded=1
1783350178.202875 publish topic=ipi/detector-output-to-ipi-weak-signal-run-1/latency/av-1/request bytes=1431 forwarded=1
1783350178.203599 publish topic=ipi/detector-output-to-ipi-weak-signal-run-1/latency/av-1/ack bytes=233 forwarded=1
1783350178.443066 publish topic=ipi/detector-output-to-ipi-weak-signal-run-1/latency/av-1/request bytes=1431 forwarded=1
1783350178.443757 publish topic=ipi/detector-output-to-ipi-weak-signal-run-1/latency/av-1/ack bytes=233 forwarded=1
1783350178.683524 publish topic=ipi/detector-output-to-ipi-weak-signal-run-1/latency/av-1/request bytes=1431 forwarded=1
1783350178.684244 publish topic=ipi/detector-output-to-ipi-weak-signal-run-1/latency/av-1/ack bytes=233 forwarded=1
1783350178.923678 publish topic=ipi/detector-output-to-ipi-weak-signal-run-1/latency/av-1/request bytes=1431 forwarded=1
1783350178.924341 publish topic=ipi/detector-output-to-ipi-weak-signal-run-1/latency/av-1/ack bytes=233 forwarded=1
1783350179.164068 publish topic=ipi/detector-output-to-ipi-weak-signal-run-1/latency/av-1/request bytes=1431 forwarded=1
1783350179.164760 publish topic=ipi/detector-output-to-ipi-weak-signal-run-1/latency/av-1/ack bytes=233 forwarded=1
1783350179.404362 publish topic=ipi/detector-output-to-ipi-weak-signal-run-1/latency/av-1/request bytes=1431 forwarded=1
1783350179.405060 publish topic=ipi/detector-output-to-ipi-weak-signal-run-1/latency/av-1/ack bytes=233 forwarded=1
1783350179.634407 publish topic=ipi/detector-output-to-ipi-weak-signal-run-1/latency/av-1/request bytes=1431 forwarded=1
1783350179.635138 publish topic=ipi/detector-output-to-ipi-weak-signal-run-1/latency/av-1/ack bytes=233 forwarded=1
1783350179.874931 publish topic=ipi/detector-output-to-ipi-weak-signal-run-1/latency/av-1/request bytes=1431 forwarded=1
1783350179.875632 publish topic=ipi/detector-output-to-ipi-weak-signal-run-1/latency/av-1/ack bytes=233 forwarded=1
1783350180.114900 publish topic=ipi/detector-output-to-ipi-weak-signal-run-1/latency/av-1/request bytes=1431 forwarded=1
1783350180.115598 publish topic=ipi/detector-output-to-ipi-weak-signal-run-1/latency/av-1/ack bytes=233 forwarded=1
1783350180.345408 publish topic=ipi/detector-output-to-ipi-weak-signal-run-1/latency/av-1/request bytes=1431 forwarded=1
1783350180.346106 publish topic=ipi/detector-output-to-ipi-weak-signal-run-1/latency/av-1/ack bytes=233 forwarded=1
1783350180.585616 publish topic=ipi/detector-output-to-ipi-weak-signal-run-1/latency/av-1/request bytes=1431 forwarded=1
1783350180.586293 publish topic=ipi/detector-output-to-ipi-weak-signal-run-1/latency/av-1/ack bytes=233 forwarded=1
1783350180.825841 publish topic=ipi/detector-output-to-ipi-weak-signal-run-1/latency/av-1/request bytes=1431 forwarded=1
1783350180.826605 publish topic=ipi/detector-output-to-ipi-weak-signal-run-1/latency/av-1/ack bytes=233 forwarded=1
1783350181.066090 publish topic=ipi/detector-output-to-ipi-weak-signal-run-1/latency/av-1/request bytes=1431 forwarded=1
1783350181.066816 publish topic=ipi/detector-output-to-ipi-weak-signal-run-1/latency/av-1/ack bytes=233 forwarded=1
1783350181.296242 publish topic=ipi/detector-output-to-ipi-weak-signal-run-1/latency/av-1/request bytes=1431 forwarded=1
1783350181.296932 publish topic=ipi/detector-output-to-ipi-weak-signal-run-1/latency/av-1/ack bytes=233 forwarded=1
1783350181.576897 publish topic=ipi/detector-output-to-ipi-weak-signal-run-1/latency/av-1/request bytes=1431 forwarded=1
1783350181.577619 publish topic=ipi/detector-output-to-ipi-weak-signal-run-1/latency/av-1/ack bytes=233 forwarded=1
1783350181.857373 publish topic=ipi/detector-output-to-ipi-weak-signal-run-1/latency/av-1/request bytes=1431 forwarded=1
1783350181.858073 publish topic=ipi/detector-output-to-ipi-weak-signal-run-1/latency/av-1/ack bytes=233 forwarded=1
1783350182.117895 publish topic=ipi/detector-output-to-ipi-weak-signal-run-1/latency/av-1/request bytes=1431 forwarded=1
1783350182.118625 publish topic=ipi/detector-output-to-ipi-weak-signal-run-1/latency/av-1/ack bytes=233 forwarded=1
1783350182.348170 publish topic=ipi/detector-output-to-ipi-weak-signal-run-1/latency/av-1/request bytes=1431 forwarded=1
1783350182.348882 publish topic=ipi/detector-output-to-ipi-weak-signal-run-1/latency/av-1/ack bytes=233 forwarded=1
1783350182.588584 publish topic=ipi/detector-output-to-ipi-weak-signal-run-1/latency/av-1/request bytes=1431 forwarded=1
1783350182.589296 publish topic=ipi/detector-output-to-ipi-weak-signal-run-1/latency/av-1/ack bytes=233 forwarded=1
1783350182.829024 publish topic=ipi/detector-output-to-ipi-weak-signal-run-1/latency/av-1/request bytes=1431 forwarded=1
1783350182.829722 publish topic=ipi/detector-output-to-ipi-weak-signal-run-1/latency/av-1/ack bytes=233 forwarded=1
1783350183.059106 publish topic=ipi/detector-output-to-ipi-weak-signal-run-1/latency/av-1/request bytes=1431 forwarded=1
1783350183.059858 publish topic=ipi/detector-output-to-ipi-weak-signal-run-1/latency/av-1/ack bytes=233 forwarded=1
1783350183.299471 publish topic=ipi/detector-output-to-ipi-weak-signal-run-1/latency/av-1/request bytes=1431 forwarded=1
1783350183.300166 publish topic=ipi/detector-output-to-ipi-weak-signal-run-1/latency/av-1/ack bytes=233 forwarded=1
1783350183.539629 publish topic=ipi/detector-output-to-ipi-weak-signal-run-1/latency/av-1/request bytes=1431 forwarded=1
1783350183.540337 publish topic=ipi/detector-output-to-ipi-weak-signal-run-1/latency/av-1/ack bytes=233 forwarded=1
1783350183.779885 publish topic=ipi/detector-output-to-ipi-weak-signal-run-1/latency/av-1/request bytes=1431 forwarded=1
1783350183.780591 publish topic=ipi/detector-output-to-ipi-weak-signal-run-1/latency/av-1/ack bytes=233 forwarded=1
1783350184.020216 publish topic=ipi/detector-output-to-ipi-weak-signal-run-1/latency/av-1/request bytes=1431 forwarded=1
1783350184.020982 publish topic=ipi/detector-output-to-ipi-weak-signal-run-1/latency/av-1/ack bytes=233 forwarded=1
1783350184.260591 publish topic=ipi/detector-output-to-ipi-weak-signal-run-1/latency/av-1/request bytes=1431 forwarded=1
1783350184.261231 publish topic=ipi/detector-output-to-ipi-weak-signal-run-1/latency/av-1/ack bytes=233 forwarded=1
1783350184.500922 publish topic=ipi/detector-output-to-ipi-weak-signal-run-1/latency/av-1/request bytes=1431 forwarded=1
1783350184.501565 publish topic=ipi/detector-output-to-ipi-weak-signal-run-1/latency/av-1/ack bytes=233 forwarded=1
1783350184.741002 publish topic=ipi/detector-output-to-ipi-weak-signal-run-1/latency/av-1/request bytes=1431 forwarded=1
1783350184.741642 publish topic=ipi/detector-output-to-ipi-weak-signal-run-1/latency/av-1/ack bytes=233 forwarded=1
1783350184.981345 publish topic=ipi/detector-output-to-ipi-weak-signal-run-1/latency/av-1/request bytes=1431 forwarded=1
1783350184.981984 publish topic=ipi/detector-output-to-ipi-weak-signal-run-1/latency/av-1/ack bytes=233 forwarded=1
1783350185.221344 publish topic=ipi/detector-output-to-ipi-weak-signal-run-1/latency/av-1/request bytes=1431 forwarded=1
1783350185.221970 publish topic=ipi/detector-output-to-ipi-weak-signal-run-1/latency/av-1/ack bytes=233 forwarded=1
1783350185.461974 publish topic=ipi/detector-output-to-ipi-weak-signal-run-1/latency/av-1/request bytes=1431 forwarded=1
1783350185.462704 publish topic=ipi/detector-output-to-ipi-weak-signal-run-1/latency/av-1/ack bytes=233 forwarded=1
1783350185.702145 publish topic=ipi/detector-output-to-ipi-weak-signal-run-1/latency/av-1/request bytes=1431 forwarded=1
1783350185.702935 publish topic=ipi/detector-output-to-ipi-weak-signal-run-1/latency/av-1/ack bytes=233 forwarded=1
1783350185.941993 publish topic=ipi/detector-output-to-ipi-weak-signal-run-1/latency/av-1/request bytes=1431 forwarded=1
1783350185.942207 publish topic=ipi/detector-output-to-ipi-weak-signal-run-1/latency/av-1/ack bytes=233 forwarded=1
1783350186.172840 publish topic=ipi/detector-output-to-ipi-weak-signal-run-1/latency/av-1/request bytes=1431 forwarded=1
1783350186.173489 publish topic=ipi/detector-output-to-ipi-weak-signal-run-1/latency/av-1/ack bytes=233 forwarded=1
1783350186.412995 publish topic=ipi/detector-output-to-ipi-weak-signal-run-1/latency/av-1/request bytes=1431 forwarded=1
1783350186.413620 publish topic=ipi/detector-output-to-ipi-weak-signal-run-1/latency/av-1/ack bytes=233 forwarded=1
1783350186.653221 publish topic=ipi/detector-output-to-ipi-weak-signal-run-1/latency/av-1/request bytes=1431 forwarded=1
1783350186.653912 publish topic=ipi/detector-output-to-ipi-weak-signal-run-1/latency/av-1/ack bytes=233 forwarded=1
1783350186.893691 publish topic=ipi/detector-output-to-ipi-weak-signal-run-1/latency/av-1/request bytes=1431 forwarded=1
1783350186.894391 publish topic=ipi/detector-output-to-ipi-weak-signal-run-1/latency/av-1/ack bytes=233 forwarded=1
1783350187.123705 publish topic=ipi/detector-output-to-ipi-weak-signal-run-1/latency/av-1/request bytes=1431 forwarded=1
1783350187.124331 publish topic=ipi/detector-output-to-ipi-weak-signal-run-1/latency/av-1/ack bytes=233 forwarded=1
1783350187.364153 publish topic=ipi/detector-output-to-ipi-weak-signal-run-1/latency/av-1/request bytes=1431 forwarded=1
1783350187.364785 publish topic=ipi/detector-output-to-ipi-weak-signal-run-1/latency/av-1/ack bytes=233 forwarded=1
1783350187.604371 publish topic=ipi/detector-output-to-ipi-weak-signal-run-1/latency/av-1/request bytes=1431 forwarded=1
1783350187.605067 publish topic=ipi/detector-output-to-ipi-weak-signal-run-1/latency/av-1/ack bytes=233 forwarded=1
1783350187.844792 publish topic=ipi/detector-output-to-ipi-weak-signal-run-1/latency/av-1/request bytes=1431 forwarded=1
1783350187.845397 publish topic=ipi/detector-output-to-ipi-weak-signal-run-1/latency/av-1/ack bytes=233 forwarded=1
1783350188.084862 publish topic=ipi/detector-output-to-ipi-weak-signal-run-1/latency/av-1/request bytes=1431 forwarded=1
1783350188.085677 publish topic=ipi/detector-output-to-ipi-weak-signal-run-1/latency/av-1/ack bytes=233 forwarded=1
1783350188.324998 publish topic=ipi/detector-output-to-ipi-weak-signal-run-1/latency/av-1/request bytes=1431 forwarded=1
1783350188.325676 publish topic=ipi/detector-output-to-ipi-weak-signal-run-1/latency/av-1/ack bytes=233 forwarded=1
1783350188.565414 publish topic=ipi/detector-output-to-ipi-weak-signal-run-1/latency/av-1/request bytes=1431 forwarded=1
1783350188.566151 publish topic=ipi/detector-output-to-ipi-weak-signal-run-1/latency/av-1/ack bytes=233 forwarded=1
1783350188.805577 publish topic=ipi/detector-output-to-ipi-weak-signal-run-1/latency/av-1/request bytes=1431 forwarded=1
1783350188.806248 publish topic=ipi/detector-output-to-ipi-weak-signal-run-1/latency/av-1/ack bytes=233 forwarded=1
1783350189.045912 publish topic=ipi/detector-output-to-ipi-weak-signal-run-1/latency/av-1/request bytes=1431 forwarded=1
1783350189.046610 publish topic=ipi/detector-output-to-ipi-weak-signal-run-1/latency/av-1/ack bytes=233 forwarded=1
1783350189.296163 publish topic=ipi/detector-output-to-ipi-weak-signal-run-1/latency/av-1/request bytes=1431 forwarded=1
1783350189.296826 publish topic=ipi/detector-output-to-ipi-weak-signal-run-1/latency/av-1/ack bytes=233 forwarded=1
1783350189.866685 publish topic=ipi/detector-output-to-ipi-weak-signal-run-1/latency/av-1/request bytes=1431 forwarded=1
1783350189.867349 publish topic=ipi/detector-output-to-ipi-weak-signal-run-1/latency/av-1/ack bytes=233 forwarded=1
1783350190.097012 publish topic=ipi/detector-output-to-ipi-weak-signal-run-1/latency/av-1/request bytes=1431 forwarded=1
1783350190.097689 publish topic=ipi/detector-output-to-ipi-weak-signal-run-1/latency/av-1/ack bytes=233 forwarded=1
1783350190.347008 publish topic=ipi/detector-output-to-ipi-weak-signal-run-1/latency/av-1/request bytes=1431 forwarded=1
1783350190.347667 publish topic=ipi/detector-output-to-ipi-weak-signal-run-1/latency/av-1/ack bytes=233 forwarded=1
1783350190.587267 publish topic=ipi/detector-output-to-ipi-weak-signal-run-1/latency/av-1/request bytes=1431 forwarded=1
1783350190.588007 publish topic=ipi/detector-output-to-ipi-weak-signal-run-1/latency/av-1/ack bytes=233 forwarded=1
1783350190.837577 publish topic=ipi/detector-output-to-ipi-weak-signal-run-1/latency/av-1/request bytes=1431 forwarded=1
1783350190.838269 publish topic=ipi/detector-output-to-ipi-weak-signal-run-1/latency/av-1/ack bytes=233 forwarded=1
1783350191.087851 publish topic=ipi/detector-output-to-ipi-weak-signal-run-1/latency/av-1/request bytes=1431 forwarded=1
1783350191.088510 publish topic=ipi/detector-output-to-ipi-weak-signal-run-1/latency/av-1/ack bytes=233 forwarded=1
1783350191.338367 publish topic=ipi/detector-output-to-ipi-weak-signal-run-1/latency/av-1/request bytes=1431 forwarded=1
1783350191.339042 publish topic=ipi/detector-output-to-ipi-weak-signal-run-1/latency/av-1/ack bytes=233 forwarded=1
1783350191.578531 publish topic=ipi/detector-output-to-ipi-weak-signal-run-1/latency/av-1/request bytes=1431 forwarded=1
1783350191.579228 publish topic=ipi/detector-output-to-ipi-weak-signal-run-1/latency/av-1/ack bytes=233 forwarded=1
1783350191.818677 publish topic=ipi/detector-output-to-ipi-weak-signal-run-1/latency/av-1/request bytes=1431 forwarded=1
1783350191.819415 publish topic=ipi/detector-output-to-ipi-weak-signal-run-1/latency/av-1/ack bytes=233 forwarded=1
1783350192.058947 publish topic=ipi/detector-output-to-ipi-weak-signal-run-1/latency/av-1/request bytes=1431 forwarded=1
1783350192.059644 publish topic=ipi/detector-output-to-ipi-weak-signal-run-1/latency/av-1/ack bytes=233 forwarded=1
1783350192.299330 publish topic=ipi/detector-output-to-ipi-weak-signal-run-1/latency/av-1/request bytes=1431 forwarded=1
1783350192.300038 publish topic=ipi/detector-output-to-ipi-weak-signal-run-1/latency/av-1/ack bytes=233 forwarded=1
1783350192.539584 publish topic=ipi/detector-output-to-ipi-weak-signal-run-1/latency/av-1/request bytes=1431 forwarded=1
1783350192.540290 publish topic=ipi/detector-output-to-ipi-weak-signal-run-1/latency/av-1/ack bytes=233 forwarded=1
1783350192.809858 publish topic=ipi/detector-output-to-ipi-weak-signal-run-1/latency/av-1/request bytes=1431 forwarded=1
1783350192.810585 publish topic=ipi/detector-output-to-ipi-weak-signal-run-1/latency/av-1/ack bytes=233 forwarded=1
1783350193.070199 publish topic=ipi/detector-output-to-ipi-weak-signal-run-1/latency/av-1/request bytes=1431 forwarded=1
1783350193.070885 publish topic=ipi/detector-output-to-ipi-weak-signal-run-1/latency/av-1/ack bytes=233 forwarded=1
1783350193.360827 publish topic=ipi/detector-output-to-ipi-weak-signal-run-1/latency/av-1/request bytes=1431 forwarded=1
1783350193.361519 publish topic=ipi/detector-output-to-ipi-weak-signal-run-1/latency/av-1/ack bytes=233 forwarded=1
1783350193.641025 publish topic=ipi/detector-output-to-ipi-weak-signal-run-1/latency/av-1/request bytes=1431 forwarded=1
1783350193.641393 publish topic=ipi/detector-output-to-ipi-weak-signal-run-1/latency/av-1/ack bytes=233 forwarded=1
1783350193.881835 publish topic=ipi/detector-output-to-ipi-weak-signal-run-1/latency/av-1/request bytes=1431 forwarded=1
1783350193.882619 publish topic=ipi/detector-output-to-ipi-weak-signal-run-1/latency/av-1/ack bytes=233 forwarded=1
1783350194.152346 publish topic=ipi/detector-output-to-ipi-weak-signal-run-1/latency/av-1/request bytes=1431 forwarded=1
1783350194.153113 publish topic=ipi/detector-output-to-ipi-weak-signal-run-1/latency/av-1/ack bytes=233 forwarded=1
1783350194.402647 publish topic=ipi/detector-output-to-ipi-weak-signal-run-1/latency/av-1/request bytes=1431 forwarded=1
1783350194.403403 publish topic=ipi/detector-output-to-ipi-weak-signal-run-1/latency/av-1/ack bytes=233 forwarded=1
1783350194.642906 publish topic=ipi/detector-output-to-ipi-weak-signal-run-1/latency/av-1/request bytes=1431 forwarded=1
1783350194.643581 publish topic=ipi/detector-output-to-ipi-weak-signal-run-1/latency/av-1/ack bytes=233 forwarded=1
1783350194.883399 publish topic=ipi/detector-output-to-ipi-weak-signal-run-1/latency/av-1/request bytes=1431 forwarded=1
1783350194.884087 publish topic=ipi/detector-output-to-ipi-weak-signal-run-1/latency/av-1/ack bytes=233 forwarded=1
1783350195.113824 publish topic=ipi/detector-output-to-ipi-weak-signal-run-1/latency/av-1/request bytes=1431 forwarded=1
1783350195.114491 publish topic=ipi/detector-output-to-ipi-weak-signal-run-1/latency/av-1/ack bytes=233 forwarded=1
1783350195.343873 publish topic=ipi/detector-output-to-ipi-weak-signal-run-1/latency/av-1/request bytes=1431 forwarded=1
1783350195.344487 publish topic=ipi/detector-output-to-ipi-weak-signal-run-1/latency/av-1/ack bytes=233 forwarded=1
1783350195.564311 publish topic=ipi/detector-output-to-ipi-weak-signal-run-1/latency/av-1/request bytes=1431 forwarded=1
1783350195.565015 publish topic=ipi/detector-output-to-ipi-weak-signal-run-1/latency/av-1/ack bytes=233 forwarded=1
1783350195.794574 publish topic=ipi/detector-output-to-ipi-weak-signal-run-1/latency/av-1/request bytes=1431 forwarded=1
1783350195.795310 publish topic=ipi/detector-output-to-ipi-weak-signal-run-1/latency/av-1/ack bytes=233 forwarded=1
1783350196.024768 publish topic=ipi/detector-output-to-ipi-weak-signal-run-1/latency/av-1/request bytes=1431 forwarded=1
1783350196.025517 publish topic=ipi/detector-output-to-ipi-weak-signal-run-1/latency/av-1/ack bytes=233 forwarded=1
1783350196.264933 publish topic=ipi/detector-output-to-ipi-weak-signal-run-1/latency/av-1/request bytes=1431 forwarded=1
1783350196.265635 publish topic=ipi/detector-output-to-ipi-weak-signal-run-1/latency/av-1/ack bytes=233 forwarded=1
1783350196.505100 publish topic=ipi/detector-output-to-ipi-weak-signal-run-1/latency/av-1/request bytes=1431 forwarded=1
1783350196.505803 publish topic=ipi/detector-output-to-ipi-weak-signal-run-1/latency/av-1/ack bytes=233 forwarded=1
1783350196.745533 publish topic=ipi/detector-output-to-ipi-weak-signal-run-1/latency/av-1/request bytes=1431 forwarded=1
1783350196.746232 publish topic=ipi/detector-output-to-ipi-weak-signal-run-1/latency/av-1/ack bytes=233 forwarded=1
1783350196.985710 publish topic=ipi/detector-output-to-ipi-weak-signal-run-1/latency/av-1/request bytes=1431 forwarded=1
1783350196.986390 publish topic=ipi/detector-output-to-ipi-weak-signal-run-1/latency/av-1/ack bytes=233 forwarded=1
1783350197.226059 publish topic=ipi/detector-output-to-ipi-weak-signal-run-1/latency/av-1/request bytes=1431 forwarded=1
1783350197.226680 publish topic=ipi/detector-output-to-ipi-weak-signal-run-1/latency/av-1/ack bytes=233 forwarded=1
1783350197.456356 publish topic=ipi/detector-output-to-ipi-weak-signal-run-1/latency/av-1/request bytes=1431 forwarded=1
1783350197.457049 publish topic=ipi/detector-output-to-ipi-weak-signal-run-1/latency/av-1/ack bytes=233 forwarded=1
1783350197.686406 publish topic=ipi/detector-output-to-ipi-weak-signal-run-1/latency/av-1/request bytes=1431 forwarded=1
1783350197.687122 publish topic=ipi/detector-output-to-ipi-weak-signal-run-1/latency/av-1/ack bytes=233 forwarded=1
1783350197.926586 publish topic=ipi/detector-output-to-ipi-weak-signal-run-1/latency/av-1/request bytes=1431 forwarded=1
1783350197.927175 publish topic=ipi/detector-output-to-ipi-weak-signal-run-1/latency/av-1/ack bytes=233 forwarded=1
1783350198.227032 publish topic=ipi/detector-output-to-ipi-weak-signal-run-1/latency/av-1/request bytes=1431 forwarded=1
1783350198.227673 publish topic=ipi/detector-output-to-ipi-weak-signal-run-1/latency/av-1/ack bytes=233 forwarded=1
1783350198.467462 publish topic=ipi/detector-output-to-ipi-weak-signal-run-1/latency/av-1/request bytes=1431 forwarded=1
1783350198.468163 publish topic=ipi/detector-output-to-ipi-weak-signal-run-1/latency/av-1/ack bytes=233 forwarded=1
1783350198.717633 publish topic=ipi/detector-output-to-ipi-weak-signal-run-1/latency/av-1/request bytes=1431 forwarded=1
1783350198.718324 publish topic=ipi/detector-output-to-ipi-weak-signal-run-1/latency/av-1/ack bytes=233 forwarded=1
1783350198.947992 publish topic=ipi/detector-output-to-ipi-weak-signal-run-1/latency/av-1/request bytes=1431 forwarded=1
1783350198.948624 publish topic=ipi/detector-output-to-ipi-weak-signal-run-1/latency/av-1/ack bytes=233 forwarded=1
1783350199.188451 publish topic=ipi/detector-output-to-ipi-weak-signal-run-1/latency/av-1/request bytes=1431 forwarded=1
1783350199.189196 publish topic=ipi/detector-output-to-ipi-weak-signal-run-1/latency/av-1/ack bytes=233 forwarded=1
1783350199.428667 publish topic=ipi/detector-output-to-ipi-weak-signal-run-1/latency/av-1/request bytes=1431 forwarded=1
1783350199.429446 publish topic=ipi/detector-output-to-ipi-weak-signal-run-1/latency/av-1/ack bytes=233 forwarded=1
1783350199.668850 publish topic=ipi/detector-output-to-ipi-weak-signal-run-1/latency/av-1/request bytes=1431 forwarded=1
1783350199.669608 publish topic=ipi/detector-output-to-ipi-weak-signal-run-1/latency/av-1/ack bytes=233 forwarded=1
1783350199.909212 publish topic=ipi/detector-output-to-ipi-weak-signal-run-1/latency/av-1/request bytes=1431 forwarded=1
1783350199.909914 publish topic=ipi/detector-output-to-ipi-weak-signal-run-1/latency/av-1/ack bytes=233 forwarded=1
1783350200.149471 publish topic=ipi/detector-output-to-ipi-weak-signal-run-1/latency/av-1/request bytes=1431 forwarded=1
1783350200.150195 publish topic=ipi/detector-output-to-ipi-weak-signal-run-1/latency/av-1/ack bytes=233 forwarded=1
1783350200.389681 publish topic=ipi/detector-output-to-ipi-weak-signal-run-1/latency/av-1/request bytes=1431 forwarded=1
1783350200.390368 publish topic=ipi/detector-output-to-ipi-weak-signal-run-1/latency/av-1/ack bytes=233 forwarded=1
1783350200.630061 publish topic=ipi/detector-output-to-ipi-weak-signal-run-1/latency/av-1/request bytes=1431 forwarded=1
1783350200.630785 publish topic=ipi/detector-output-to-ipi-weak-signal-run-1/latency/av-1/ack bytes=233 forwarded=1
1783350200.870186 publish topic=ipi/detector-output-to-ipi-weak-signal-run-1/latency/av-1/request bytes=1431 forwarded=1
1783350200.870931 publish topic=ipi/detector-output-to-ipi-weak-signal-run-1/latency/av-1/ack bytes=233 forwarded=1
1783350201.110651 publish topic=ipi/detector-output-to-ipi-weak-signal-run-1/latency/av-1/request bytes=1431 forwarded=1
1783350201.111360 publish topic=ipi/detector-output-to-ipi-weak-signal-run-1/latency/av-1/ack bytes=233 forwarded=1
1783350201.350765 publish topic=ipi/detector-output-to-ipi-weak-signal-run-1/latency/av-1/request bytes=1431 forwarded=1
1783350201.351429 publish topic=ipi/detector-output-to-ipi-weak-signal-run-1/latency/av-1/ack bytes=233 forwarded=1
1783350201.591184 publish topic=ipi/detector-output-to-ipi-weak-signal-run-1/latency/av-1/request bytes=1431 forwarded=1
1783350201.591874 publish topic=ipi/detector-output-to-ipi-weak-signal-run-1/latency/av-1/ack bytes=233 forwarded=1
1783350201.831346 publish topic=ipi/detector-output-to-ipi-weak-signal-run-1/latency/av-1/request bytes=1431 forwarded=1
1783350201.832109 publish topic=ipi/detector-output-to-ipi-weak-signal-run-1/latency/av-1/ack bytes=233 forwarded=1
1783350202.071587 publish topic=ipi/detector-output-to-ipi-weak-signal-run-1/latency/av-1/request bytes=1431 forwarded=1
1783350202.072296 publish topic=ipi/detector-output-to-ipi-weak-signal-run-1/latency/av-1/ack bytes=233 forwarded=1
1783350202.312092 publish topic=ipi/detector-output-to-ipi-weak-signal-run-1/latency/av-1/request bytes=1431 forwarded=1
1783350202.312799 publish topic=ipi/detector-output-to-ipi-weak-signal-run-1/latency/av-1/ack bytes=233 forwarded=1
1783350202.552011 publish topic=ipi/detector-output-to-ipi-weak-signal-run-1/latency/av-1/request bytes=1431 forwarded=1
1783350202.552792 publish topic=ipi/detector-output-to-ipi-weak-signal-run-1/latency/av-1/ack bytes=233 forwarded=1
1783350202.792647 publish topic=ipi/detector-output-to-ipi-weak-signal-run-1/latency/av-1/request bytes=1431 forwarded=1
1783350202.793361 publish topic=ipi/detector-output-to-ipi-weak-signal-run-1/latency/av-1/ack bytes=233 forwarded=1
1783350203.032779 publish topic=ipi/detector-output-to-ipi-weak-signal-run-1/latency/av-1/request bytes=1431 forwarded=1
1783350203.033471 publish topic=ipi/detector-output-to-ipi-weak-signal-run-1/latency/av-1/ack bytes=233 forwarded=1
1783350203.272914 publish topic=ipi/detector-output-to-ipi-weak-signal-run-1/latency/av-1/request bytes=1431 forwarded=1
1783350203.273641 publish topic=ipi/detector-output-to-ipi-weak-signal-run-1/latency/av-1/ack bytes=233 forwarded=1
1783350203.503103 publish topic=ipi/detector-output-to-ipi-weak-signal-run-1/latency/av-1/request bytes=1431 forwarded=1
1783350203.503780 publish topic=ipi/detector-output-to-ipi-weak-signal-run-1/latency/av-1/ack bytes=233 forwarded=1
1783350203.733525 publish topic=ipi/detector-output-to-ipi-weak-signal-run-1/latency/av-1/request bytes=1431 forwarded=1
1783350203.734254 publish topic=ipi/detector-output-to-ipi-weak-signal-run-1/latency/av-1/ack bytes=233 forwarded=1
1783350203.973641 publish topic=ipi/detector-output-to-ipi-weak-signal-run-1/latency/av-1/request bytes=1431 forwarded=1
1783350203.974407 publish topic=ipi/detector-output-to-ipi-weak-signal-run-1/latency/av-1/ack bytes=233 forwarded=1
1783350204.204054 publish topic=ipi/detector-output-to-ipi-weak-signal-run-1/latency/av-1/request bytes=1431 forwarded=1
1783350204.204846 publish topic=ipi/detector-output-to-ipi-weak-signal-run-1/latency/av-1/ack bytes=233 forwarded=1
1783350204.444489 publish topic=ipi/detector-output-to-ipi-weak-signal-run-1/latency/av-1/request bytes=1431 forwarded=1
1783350204.445230 publish topic=ipi/detector-output-to-ipi-weak-signal-run-1/latency/av-1/ack bytes=233 forwarded=1
1783350204.694410 publish topic=ipi/detector-output-to-ipi-weak-signal-run-1/latency/av-1/request bytes=1431 forwarded=1
1783350204.695168 publish topic=ipi/detector-output-to-ipi-weak-signal-run-1/latency/av-1/ack bytes=233 forwarded=1
1783350204.944960 publish topic=ipi/detector-output-to-ipi-weak-signal-run-1/latency/av-1/request bytes=1431 forwarded=1
1783350204.945700 publish topic=ipi/detector-output-to-ipi-weak-signal-run-1/latency/av-1/ack bytes=233 forwarded=1
1783350205.225286 publish topic=ipi/detector-output-to-ipi-weak-signal-run-1/latency/av-1/request bytes=1431 forwarded=1
1783350205.226021 publish topic=ipi/detector-output-to-ipi-weak-signal-run-1/latency/av-1/ack bytes=233 forwarded=1
1783350205.475852 publish topic=ipi/detector-output-to-ipi-weak-signal-run-1/latency/av-1/request bytes=1431 forwarded=1
1783350205.476595 publish topic=ipi/detector-output-to-ipi-weak-signal-run-1/latency/av-1/ack bytes=233 forwarded=1
1783350205.736320 publish topic=ipi/detector-output-to-ipi-weak-signal-run-1/latency/av-1/request bytes=1431 forwarded=1
1783350205.737028 publish topic=ipi/detector-output-to-ipi-weak-signal-run-1/latency/av-1/ack bytes=233 forwarded=1
1783350206.006731 publish topic=ipi/detector-output-to-ipi-weak-signal-run-1/latency/av-1/request bytes=1431 forwarded=1
1783350206.007424 publish topic=ipi/detector-output-to-ipi-weak-signal-run-1/latency/av-1/ack bytes=233 forwarded=1
1783350206.247000 publish topic=ipi/detector-output-to-ipi-weak-signal-run-1/latency/av-1/request bytes=1431 forwarded=1
1783350206.247715 publish topic=ipi/detector-output-to-ipi-weak-signal-run-1/latency/av-1/ack bytes=233 forwarded=1
1783350206.517504 publish topic=ipi/detector-output-to-ipi-weak-signal-run-1/latency/av-1/request bytes=1431 forwarded=1
1783350206.518206 publish topic=ipi/detector-output-to-ipi-weak-signal-run-1/latency/av-1/ack bytes=233 forwarded=1
1783350206.808149 publish topic=ipi/detector-output-to-ipi-weak-signal-run-1/latency/av-1/request bytes=1431 forwarded=1
1783350206.808863 publish topic=ipi/detector-output-to-ipi-weak-signal-run-1/latency/av-1/ack bytes=233 forwarded=1
1783350207.038715 publish topic=ipi/detector-output-to-ipi-weak-signal-run-1/latency/av-1/request bytes=1431 forwarded=1
1783350207.039440 publish topic=ipi/detector-output-to-ipi-weak-signal-run-1/latency/av-1/ack bytes=233 forwarded=1
1783350207.278798 publish topic=ipi/detector-output-to-ipi-weak-signal-run-1/latency/av-1/request bytes=1431 forwarded=1
1783350207.279566 publish topic=ipi/detector-output-to-ipi-weak-signal-run-1/latency/av-1/ack bytes=233 forwarded=1
1783350207.518984 publish topic=ipi/detector-output-to-ipi-weak-signal-run-1/latency/av-1/request bytes=1431 forwarded=1
1783350207.519758 publish topic=ipi/detector-output-to-ipi-weak-signal-run-1/latency/av-1/ack bytes=233 forwarded=1
1783350207.759265 publish topic=ipi/detector-output-to-ipi-weak-signal-run-1/latency/av-1/request bytes=1431 forwarded=1
1783350207.759964 publish topic=ipi/detector-output-to-ipi-weak-signal-run-1/latency/av-1/ack bytes=233 forwarded=1
1783350207.999758 publish topic=ipi/detector-output-to-ipi-weak-signal-run-1/latency/av-1/request bytes=1431 forwarded=1
1783350208.000473 publish topic=ipi/detector-output-to-ipi-weak-signal-run-1/latency/av-1/ack bytes=233 forwarded=1
1783350208.250191 publish topic=ipi/detector-output-to-ipi-weak-signal-run-1/latency/av-1/request bytes=1431 forwarded=1
1783350208.250917 publish topic=ipi/detector-output-to-ipi-weak-signal-run-1/latency/av-1/ack bytes=233 forwarded=1
1783350208.490274 publish topic=ipi/detector-output-to-ipi-weak-signal-run-1/latency/av-1/request bytes=1431 forwarded=1
1783350208.490988 publish topic=ipi/detector-output-to-ipi-weak-signal-run-1/latency/av-1/ack bytes=233 forwarded=1
1783350208.730592 publish topic=ipi/detector-output-to-ipi-weak-signal-run-1/latency/av-1/request bytes=1431 forwarded=1
1783350208.731328 publish topic=ipi/detector-output-to-ipi-weak-signal-run-1/latency/av-1/ack bytes=233 forwarded=1
1783350208.981083 publish topic=ipi/detector-output-to-ipi-weak-signal-run-1/latency/av-1/request bytes=1431 forwarded=1
1783350208.981792 publish topic=ipi/detector-output-to-ipi-weak-signal-run-1/latency/av-1/ack bytes=233 forwarded=1
1783350209.221368 publish topic=ipi/detector-output-to-ipi-weak-signal-run-1/latency/av-1/request bytes=1431 forwarded=1
1783350209.222132 publish topic=ipi/detector-output-to-ipi-weak-signal-run-1/latency/av-1/ack bytes=233 forwarded=1
1783350209.461844 publish topic=ipi/detector-output-to-ipi-weak-signal-run-1/latency/av-1/request bytes=1431 forwarded=1
1783350209.462595 publish topic=ipi/detector-output-to-ipi-weak-signal-run-1/latency/av-1/ack bytes=233 forwarded=1
1783350209.702020 publish topic=ipi/detector-output-to-ipi-weak-signal-run-1/latency/av-1/request bytes=1431 forwarded=1
1783350209.702742 publish topic=ipi/detector-output-to-ipi-weak-signal-run-1/latency/av-1/ack bytes=233 forwarded=1
1783350209.942448 publish topic=ipi/detector-output-to-ipi-weak-signal-run-1/latency/av-1/request bytes=1431 forwarded=1
1783350209.943096 publish topic=ipi/detector-output-to-ipi-weak-signal-run-1/latency/av-1/ack bytes=233 forwarded=1
1783350210.182659 publish topic=ipi/detector-output-to-ipi-weak-signal-run-1/latency/av-1/request bytes=1431 forwarded=1
1783350210.183342 publish topic=ipi/detector-output-to-ipi-weak-signal-run-1/latency/av-1/ack bytes=233 forwarded=1
1783350210.422999 publish topic=ipi/detector-output-to-ipi-weak-signal-run-1/latency/av-1/request bytes=1431 forwarded=1
1783350210.423703 publish topic=ipi/detector-output-to-ipi-weak-signal-run-1/latency/av-1/ack bytes=233 forwarded=1
1783350210.663379 publish topic=ipi/detector-output-to-ipi-weak-signal-run-1/latency/av-1/request bytes=1431 forwarded=1
1783350210.664009 publish topic=ipi/detector-output-to-ipi-weak-signal-run-1/latency/av-1/ack bytes=233 forwarded=1
1783350210.893438 publish topic=ipi/detector-output-to-ipi-weak-signal-run-1/latency/av-1/request bytes=1431 forwarded=1
1783350210.893799 publish topic=ipi/detector-output-to-ipi-weak-signal-run-1/latency/av-1/ack bytes=233 forwarded=1
1783350211.133777 publish topic=ipi/detector-output-to-ipi-weak-signal-run-1/latency/av-1/request bytes=1431 forwarded=1
1783350211.134539 publish topic=ipi/detector-output-to-ipi-weak-signal-run-1/latency/av-1/ack bytes=233 forwarded=1
1783350211.364253 publish topic=ipi/detector-output-to-ipi-weak-signal-run-1/latency/av-1/request bytes=1431 forwarded=1
1783350211.364960 publish topic=ipi/detector-output-to-ipi-weak-signal-run-1/latency/av-1/ack bytes=233 forwarded=1
1783350211.594493 publish topic=ipi/detector-output-to-ipi-weak-signal-run-1/latency/av-1/request bytes=1431 forwarded=1
1783350211.595118 publish topic=ipi/detector-output-to-ipi-weak-signal-run-1/latency/av-1/ack bytes=233 forwarded=1
1783350211.834594 publish topic=ipi/detector-output-to-ipi-weak-signal-run-1/latency/av-1/request bytes=1431 forwarded=1
1783350211.835250 publish topic=ipi/detector-output-to-ipi-weak-signal-run-1/latency/av-1/ack bytes=233 forwarded=1
1783350212.064933 publish topic=ipi/detector-output-to-ipi-weak-signal-run-1/latency/av-1/request bytes=1431 forwarded=1
1783350212.065547 publish topic=ipi/detector-output-to-ipi-weak-signal-run-1/latency/av-1/ack bytes=233 forwarded=1
1783350212.295250 publish topic=ipi/detector-output-to-ipi-weak-signal-run-1/latency/av-1/request bytes=1431 forwarded=1
1783350212.295940 publish topic=ipi/detector-output-to-ipi-weak-signal-run-1/latency/av-1/ack bytes=233 forwarded=1
1783350212.535178 publish topic=ipi/detector-output-to-ipi-weak-signal-run-1/latency/av-1/request bytes=1431 forwarded=1
1783350212.535788 publish topic=ipi/detector-output-to-ipi-weak-signal-run-1/latency/av-1/ack bytes=233 forwarded=1
1783350212.775820 publish topic=ipi/detector-output-to-ipi-weak-signal-run-1/latency/av-1/request bytes=1431 forwarded=1
1783350212.776427 publish topic=ipi/detector-output-to-ipi-weak-signal-run-1/latency/av-1/ack bytes=233 forwarded=1
1783350213.006245 publish topic=ipi/detector-output-to-ipi-weak-signal-run-1/latency/av-1/request bytes=1431 forwarded=1
1783350213.006898 publish topic=ipi/detector-output-to-ipi-weak-signal-run-1/latency/av-1/ack bytes=233 forwarded=1
1783350213.246627 publish topic=ipi/detector-output-to-ipi-weak-signal-run-1/latency/av-1/request bytes=1431 forwarded=1
1783350213.247273 publish topic=ipi/detector-output-to-ipi-weak-signal-run-1/latency/av-1/ack bytes=233 forwarded=1
1783350213.496934 publish topic=ipi/detector-output-to-ipi-weak-signal-run-1/latency/av-1/request bytes=1431 forwarded=1
1783350213.497559 publish topic=ipi/detector-output-to-ipi-weak-signal-run-1/latency/av-1/ack bytes=233 forwarded=1
1783350213.736959 publish topic=ipi/detector-output-to-ipi-weak-signal-run-1/latency/av-1/request bytes=1431 forwarded=1
1783350213.737623 publish topic=ipi/detector-output-to-ipi-weak-signal-run-1/latency/av-1/ack bytes=233 forwarded=1
1783350213.987318 publish topic=ipi/detector-output-to-ipi-weak-signal-run-1/latency/av-1/request bytes=1431 forwarded=1
1783350213.987949 publish topic=ipi/detector-output-to-ipi-weak-signal-run-1/latency/av-1/ack bytes=233 forwarded=1
1783350214.227836 publish topic=ipi/detector-output-to-ipi-weak-signal-run-1/latency/av-1/request bytes=1431 forwarded=1
1783350214.228483 publish topic=ipi/detector-output-to-ipi-weak-signal-run-1/latency/av-1/ack bytes=233 forwarded=1
1783350214.478163 publish topic=ipi/detector-output-to-ipi-weak-signal-run-1/latency/av-1/request bytes=1431 forwarded=1
1783350214.478832 publish topic=ipi/detector-output-to-ipi-weak-signal-run-1/latency/av-1/ack bytes=233 forwarded=1
1783350214.728328 publish topic=ipi/detector-output-to-ipi-weak-signal-run-1/latency/av-1/request bytes=1431 forwarded=1
1783350214.728958 publish topic=ipi/detector-output-to-ipi-weak-signal-run-1/latency/av-1/ack bytes=233 forwarded=1
1783350214.968863 publish topic=ipi/detector-output-to-ipi-weak-signal-run-1/latency/av-1/request bytes=1431 forwarded=1
1783350214.969548 publish topic=ipi/detector-output-to-ipi-weak-signal-run-1/latency/av-1/ack bytes=233 forwarded=1
1783350215.209179 publish topic=ipi/detector-output-to-ipi-weak-signal-run-1/latency/av-1/request bytes=1431 forwarded=1
1783350215.209817 publish topic=ipi/detector-output-to-ipi-weak-signal-run-1/latency/av-1/ack bytes=233 forwarded=1
1783350215.449386 publish topic=ipi/detector-output-to-ipi-weak-signal-run-1/latency/av-1/request bytes=1431 forwarded=1
1783350215.450065 publish topic=ipi/detector-output-to-ipi-weak-signal-run-1/latency/av-1/ack bytes=233 forwarded=1
1783350215.689761 publish topic=ipi/detector-output-to-ipi-weak-signal-run-1/latency/av-1/request bytes=1431 forwarded=1
1783350215.690400 publish topic=ipi/detector-output-to-ipi-weak-signal-run-1/latency/av-1/ack bytes=233 forwarded=1
1783350215.930139 publish topic=ipi/detector-output-to-ipi-weak-signal-run-1/latency/av-1/request bytes=1431 forwarded=1
1783350215.930840 publish topic=ipi/detector-output-to-ipi-weak-signal-run-1/latency/av-1/ack bytes=233 forwarded=1
1783350216.170080 publish topic=ipi/detector-output-to-ipi-weak-signal-run-1/latency/av-1/request bytes=1431 forwarded=1
1783350216.170380 publish topic=ipi/detector-output-to-ipi-weak-signal-run-1/latency/av-1/ack bytes=233 forwarded=1
1783350216.410881 publish topic=ipi/detector-output-to-ipi-weak-signal-run-1/latency/av-1/request bytes=1431 forwarded=1
1783350216.411508 publish topic=ipi/detector-output-to-ipi-weak-signal-run-1/latency/av-1/ack bytes=233 forwarded=1
1783350216.650954 publish topic=ipi/detector-output-to-ipi-weak-signal-run-1/latency/av-1/request bytes=1431 forwarded=1
1783350216.651628 publish topic=ipi/detector-output-to-ipi-weak-signal-run-1/latency/av-1/ack bytes=233 forwarded=1
1783350216.891220 publish topic=ipi/detector-output-to-ipi-weak-signal-run-1/latency/av-1/request bytes=1431 forwarded=1
1783350216.891850 publish topic=ipi/detector-output-to-ipi-weak-signal-run-1/latency/av-1/ack bytes=233 forwarded=1
1783350217.131720 publish topic=ipi/detector-output-to-ipi-weak-signal-run-1/latency/av-1/request bytes=1431 forwarded=1
1783350217.132349 publish topic=ipi/detector-output-to-ipi-weak-signal-run-1/latency/av-1/ack bytes=233 forwarded=1
1783350217.371987 publish topic=ipi/detector-output-to-ipi-weak-signal-run-1/latency/av-1/request bytes=1431 forwarded=1
1783350217.372633 publish topic=ipi/detector-output-to-ipi-weak-signal-run-1/latency/av-1/ack bytes=233 forwarded=1
1783350217.612350 publish topic=ipi/detector-output-to-ipi-weak-signal-run-1/latency/av-1/request bytes=1431 forwarded=1
1783350217.613064 publish topic=ipi/detector-output-to-ipi-weak-signal-run-1/latency/av-1/ack bytes=233 forwarded=1
1783350217.852577 publish topic=ipi/detector-output-to-ipi-weak-signal-run-1/latency/av-1/request bytes=1431 forwarded=1
1783350217.853254 publish topic=ipi/detector-output-to-ipi-weak-signal-run-1/latency/av-1/ack bytes=233 forwarded=1
1783350218.092882 publish topic=ipi/detector-output-to-ipi-weak-signal-run-1/latency/av-1/request bytes=1431 forwarded=1
1783350218.093576 publish topic=ipi/detector-output-to-ipi-weak-signal-run-1/latency/av-1/ack bytes=233 forwarded=1
1783350218.333132 publish topic=ipi/detector-output-to-ipi-weak-signal-run-1/latency/av-1/request bytes=1431 forwarded=1
1783350218.333826 publish topic=ipi/detector-output-to-ipi-weak-signal-run-1/latency/av-1/ack bytes=233 forwarded=1
1783350218.573629 publish topic=ipi/detector-output-to-ipi-weak-signal-run-1/latency/av-1/request bytes=1431 forwarded=1
1783350218.574258 publish topic=ipi/detector-output-to-ipi-weak-signal-run-1/latency/av-1/ack bytes=233 forwarded=1
1783350218.813924 publish topic=ipi/detector-output-to-ipi-weak-signal-run-1/latency/av-1/request bytes=1431 forwarded=1
1783350218.814605 publish topic=ipi/detector-output-to-ipi-weak-signal-run-1/latency/av-1/ack bytes=233 forwarded=1
1783350219.054281 publish topic=ipi/detector-output-to-ipi-weak-signal-run-1/latency/av-1/request bytes=1431 forwarded=1
1783350219.054918 publish topic=ipi/detector-output-to-ipi-weak-signal-run-1/latency/av-1/ack bytes=233 forwarded=1
1783350219.284609 publish topic=ipi/detector-output-to-ipi-weak-signal-run-1/latency/av-1/request bytes=1431 forwarded=1
1783350219.285413 publish topic=ipi/detector-output-to-ipi-weak-signal-run-1/latency/av-1/ack bytes=233 forwarded=1
1783350219.524789 publish topic=ipi/detector-output-to-ipi-weak-signal-run-1/latency/av-1/request bytes=1431 forwarded=1
1783350219.525491 publish topic=ipi/detector-output-to-ipi-weak-signal-run-1/latency/av-1/ack bytes=233 forwarded=1
1783350219.764961 publish topic=ipi/detector-output-to-ipi-weak-signal-run-1/latency/av-1/request bytes=1431 forwarded=1
1783350219.765651 publish topic=ipi/detector-output-to-ipi-weak-signal-run-1/latency/av-1/ack bytes=233 forwarded=1
1783350219.995299 publish topic=ipi/detector-output-to-ipi-weak-signal-run-1/latency/av-1/request bytes=1431 forwarded=1
1783350219.996004 publish topic=ipi/detector-output-to-ipi-weak-signal-run-1/latency/av-1/ack bytes=233 forwarded=1
1783350220.235321 publish topic=ipi/detector-output-to-ipi-weak-signal-run-1/latency/av-1/request bytes=1431 forwarded=1
1783350220.236059 publish topic=ipi/detector-output-to-ipi-weak-signal-run-1/latency/av-1/ack bytes=233 forwarded=1
1783350220.465908 publish topic=ipi/detector-output-to-ipi-weak-signal-run-1/latency/av-1/request bytes=1431 forwarded=1
1783350220.466663 publish topic=ipi/detector-output-to-ipi-weak-signal-run-1/latency/av-1/ack bytes=233 forwarded=1
1783350220.716069 publish topic=ipi/detector-output-to-ipi-weak-signal-run-1/latency/av-1/request bytes=1431 forwarded=1
1783350220.716765 publish topic=ipi/detector-output-to-ipi-weak-signal-run-1/latency/av-1/ack bytes=233 forwarded=1
1783350220.966340 publish topic=ipi/detector-output-to-ipi-weak-signal-run-1/latency/av-1/request bytes=1431 forwarded=1
1783350220.967112 publish topic=ipi/detector-output-to-ipi-weak-signal-run-1/latency/av-1/ack bytes=233 forwarded=1
1783350221.216790 publish topic=ipi/detector-output-to-ipi-weak-signal-run-1/latency/av-1/request bytes=1431 forwarded=1
1783350221.217505 publish topic=ipi/detector-output-to-ipi-weak-signal-run-1/latency/av-1/ack bytes=233 forwarded=1
1783350221.497413 publish topic=ipi/detector-output-to-ipi-weak-signal-run-1/latency/av-1/request bytes=1431 forwarded=1
1783350221.498151 publish topic=ipi/detector-output-to-ipi-weak-signal-run-1/latency/av-1/ack bytes=233 forwarded=1
1783350221.768072 publish topic=ipi/detector-output-to-ipi-weak-signal-run-1/latency/av-1/request bytes=1431 forwarded=1
1783350221.768898 publish topic=ipi/detector-output-to-ipi-weak-signal-run-1/latency/av-1/ack bytes=233 forwarded=1
1783350222.038356 publish topic=ipi/detector-output-to-ipi-weak-signal-run-1/latency/av-1/request bytes=1431 forwarded=1
1783350222.039089 publish topic=ipi/detector-output-to-ipi-weak-signal-run-1/latency/av-1/ack bytes=233 forwarded=1
1783350222.308927 publish topic=ipi/detector-output-to-ipi-weak-signal-run-1/latency/av-1/request bytes=1431 forwarded=1
1783350222.309643 publish topic=ipi/detector-output-to-ipi-weak-signal-run-1/latency/av-1/ack bytes=233 forwarded=1
1783350222.599606 publish topic=ipi/detector-output-to-ipi-weak-signal-run-1/latency/av-1/request bytes=1431 forwarded=1
1783350222.600308 publish topic=ipi/detector-output-to-ipi-weak-signal-run-1/latency/av-1/ack bytes=233 forwarded=1
1783350222.879931 publish topic=ipi/detector-output-to-ipi-weak-signal-run-1/latency/av-1/request bytes=1431 forwarded=1
1783350222.880622 publish topic=ipi/detector-output-to-ipi-weak-signal-run-1/latency/av-1/ack bytes=233 forwarded=1
1783350223.120413 publish topic=ipi/detector-output-to-ipi-weak-signal-run-1/latency/av-1/request bytes=1431 forwarded=1
1783350223.121109 publish topic=ipi/detector-output-to-ipi-weak-signal-run-1/latency/av-1/ack bytes=233 forwarded=1
1783350223.360904 publish topic=ipi/detector-output-to-ipi-weak-signal-run-1/latency/av-1/request bytes=1431 forwarded=1
1783350223.361626 publish topic=ipi/detector-output-to-ipi-weak-signal-run-1/latency/av-1/ack bytes=233 forwarded=1
1783350223.601012 publish topic=ipi/detector-output-to-ipi-weak-signal-run-1/latency/av-1/request bytes=1431 forwarded=1
1783350223.601650 publish topic=ipi/detector-output-to-ipi-weak-signal-run-1/latency/av-1/ack bytes=233 forwarded=1
1783350223.841439 publish topic=ipi/detector-output-to-ipi-weak-signal-run-1/latency/av-1/request bytes=1431 forwarded=1
1783350223.842138 publish topic=ipi/detector-output-to-ipi-weak-signal-run-1/latency/av-1/ack bytes=233 forwarded=1
1783350224.081842 publish topic=ipi/detector-output-to-ipi-weak-signal-run-1/latency/av-1/request bytes=1431 forwarded=1
1783350224.082606 publish topic=ipi/detector-output-to-ipi-weak-signal-run-1/latency/av-1/ack bytes=233 forwarded=1
1783350224.322106 publish topic=ipi/detector-output-to-ipi-weak-signal-run-1/latency/av-1/request bytes=1431 forwarded=1
1783350224.322912 publish topic=ipi/detector-output-to-ipi-weak-signal-run-1/latency/av-1/ack bytes=233 forwarded=1
1783350224.562258 publish topic=ipi/detector-output-to-ipi-weak-signal-run-1/latency/av-1/request bytes=1431 forwarded=1
1783350224.562984 publish topic=ipi/detector-output-to-ipi-weak-signal-run-1/latency/av-1/ack bytes=233 forwarded=1
1783350224.802625 publish topic=ipi/detector-output-to-ipi-weak-signal-run-1/latency/av-1/request bytes=1431 forwarded=1
1783350224.803307 publish topic=ipi/detector-output-to-ipi-weak-signal-run-1/latency/av-1/ack bytes=233 forwarded=1
1783350225.042759 publish topic=ipi/detector-output-to-ipi-weak-signal-run-1/latency/av-1/request bytes=1431 forwarded=1
1783350225.043421 publish topic=ipi/detector-output-to-ipi-weak-signal-run-1/latency/av-1/ack bytes=233 forwarded=1
1783350225.273056 publish topic=ipi/detector-output-to-ipi-weak-signal-run-1/latency/av-1/request bytes=1431 forwarded=1
1783350225.273757 publish topic=ipi/detector-output-to-ipi-weak-signal-run-1/latency/av-1/ack bytes=233 forwarded=1
1783350225.513464 publish topic=ipi/detector-output-to-ipi-weak-signal-run-1/latency/av-1/request bytes=1431 forwarded=1
1783350225.514185 publish topic=ipi/detector-output-to-ipi-weak-signal-run-1/latency/av-1/ack bytes=233 forwarded=1
1783350225.753633 publish topic=ipi/detector-output-to-ipi-weak-signal-run-1/latency/av-1/request bytes=1431 forwarded=1
1783350225.754345 publish topic=ipi/detector-output-to-ipi-weak-signal-run-1/latency/av-1/ack bytes=233 forwarded=1
1783350225.993875 publish topic=ipi/detector-output-to-ipi-weak-signal-run-1/latency/av-1/request bytes=1431 forwarded=1
1783350225.994671 publish topic=ipi/detector-output-to-ipi-weak-signal-run-1/latency/av-1/ack bytes=233 forwarded=1
1783350226.224320 publish topic=ipi/detector-output-to-ipi-weak-signal-run-1/latency/av-1/request bytes=1431 forwarded=1
1783350226.225136 publish topic=ipi/detector-output-to-ipi-weak-signal-run-1/latency/av-1/ack bytes=233 forwarded=1
1783350226.464634 publish topic=ipi/detector-output-to-ipi-weak-signal-run-1/latency/av-1/request bytes=1431 forwarded=1
1783350226.465376 publish topic=ipi/detector-output-to-ipi-weak-signal-run-1/latency/av-1/ack bytes=233 forwarded=1
1783350226.704941 publish topic=ipi/detector-output-to-ipi-weak-signal-run-1/latency/av-1/request bytes=1431 forwarded=1
1783350226.705606 publish topic=ipi/detector-output-to-ipi-weak-signal-run-1/latency/av-1/ack bytes=233 forwarded=1
1783350226.945039 publish topic=ipi/detector-output-to-ipi-weak-signal-run-1/latency/av-1/request bytes=1431 forwarded=1
1783350226.945792 publish topic=ipi/detector-output-to-ipi-weak-signal-run-1/latency/av-1/ack bytes=233 forwarded=1
1783350227.175146 publish topic=ipi/detector-output-to-ipi-weak-signal-run-1/latency/av-1/request bytes=1431 forwarded=1
1783350227.175886 publish topic=ipi/detector-output-to-ipi-weak-signal-run-1/latency/av-1/ack bytes=233 forwarded=1
1783350227.405727 publish topic=ipi/detector-output-to-ipi-weak-signal-run-1/latency/av-1/request bytes=1431 forwarded=1
1783350227.406392 publish topic=ipi/detector-output-to-ipi-weak-signal-run-1/latency/av-1/ack bytes=233 forwarded=1
1783350227.646127 publish topic=ipi/detector-output-to-ipi-weak-signal-run-1/latency/av-1/request bytes=1431 forwarded=1
1783350227.646915 publish topic=ipi/detector-output-to-ipi-weak-signal-run-1/latency/av-1/ack bytes=233 forwarded=1
1783350227.896373 publish topic=ipi/detector-output-to-ipi-weak-signal-run-1/latency/av-1/request bytes=1431 forwarded=1
1783350227.897102 publish topic=ipi/detector-output-to-ipi-weak-signal-run-1/latency/av-1/ack bytes=233 forwarded=1
1783350228.136576 publish topic=ipi/detector-output-to-ipi-weak-signal-run-1/latency/av-1/request bytes=1431 forwarded=1
1783350228.137290 publish topic=ipi/detector-output-to-ipi-weak-signal-run-1/latency/av-1/ack bytes=233 forwarded=1
1783350228.377037 publish topic=ipi/detector-output-to-ipi-weak-signal-run-1/latency/av-1/request bytes=1431 forwarded=1
1783350228.377799 publish topic=ipi/detector-output-to-ipi-weak-signal-run-1/latency/av-1/ack bytes=233 forwarded=1
1783350228.607280 publish topic=ipi/detector-output-to-ipi-weak-signal-run-1/latency/av-1/request bytes=1431 forwarded=1
1783350228.607938 publish topic=ipi/detector-output-to-ipi-weak-signal-run-1/latency/av-1/ack bytes=233 forwarded=1
1783350228.857666 publish topic=ipi/detector-output-to-ipi-weak-signal-run-1/latency/av-1/request bytes=1431 forwarded=1
1783350228.858416 publish topic=ipi/detector-output-to-ipi-weak-signal-run-1/latency/av-1/ack bytes=233 forwarded=1
1783350229.107882 publish topic=ipi/detector-output-to-ipi-weak-signal-run-1/latency/av-1/request bytes=1431 forwarded=1
1783350229.108674 publish topic=ipi/detector-output-to-ipi-weak-signal-run-1/latency/av-1/ack bytes=233 forwarded=1
1783350229.348063 publish topic=ipi/detector-output-to-ipi-weak-signal-run-1/latency/av-1/request bytes=1431 forwarded=1
1783350229.348719 publish topic=ipi/detector-output-to-ipi-weak-signal-run-1/latency/av-1/ack bytes=233 forwarded=1
1783350229.588398 publish topic=ipi/detector-output-to-ipi-weak-signal-run-1/latency/av-1/request bytes=1431 forwarded=1
1783350229.589020 publish topic=ipi/detector-output-to-ipi-weak-signal-run-1/latency/av-1/ack bytes=233 forwarded=1
1783350229.828825 publish topic=ipi/detector-output-to-ipi-weak-signal-run-1/latency/av-1/request bytes=1431 forwarded=1
1783350229.829448 publish topic=ipi/detector-output-to-ipi-weak-signal-run-1/latency/av-1/ack bytes=233 forwarded=1
1783350230.068963 publish topic=ipi/detector-output-to-ipi-weak-signal-run-1/latency/av-1/request bytes=1431 forwarded=1
1783350230.069596 publish topic=ipi/detector-output-to-ipi-weak-signal-run-1/latency/av-1/ack bytes=233 forwarded=1
1783350230.309348 publish topic=ipi/detector-output-to-ipi-weak-signal-run-1/latency/av-1/request bytes=1431 forwarded=1
1783350230.310036 publish topic=ipi/detector-output-to-ipi-weak-signal-run-1/latency/av-1/ack bytes=233 forwarded=1
1783350230.559796 publish topic=ipi/detector-output-to-ipi-weak-signal-run-1/latency/av-1/request bytes=1431 forwarded=1
1783350230.560418 publish topic=ipi/detector-output-to-ipi-weak-signal-run-1/latency/av-1/ack bytes=233 forwarded=1
1783350230.800051 publish topic=ipi/detector-output-to-ipi-weak-signal-run-1/latency/av-1/request bytes=1431 forwarded=1
1783350230.800743 publish topic=ipi/detector-output-to-ipi-weak-signal-run-1/latency/av-1/ack bytes=233 forwarded=1
1783350231.040301 publish topic=ipi/detector-output-to-ipi-weak-signal-run-1/latency/av-1/request bytes=1431 forwarded=1
1783350231.040972 publish topic=ipi/detector-output-to-ipi-weak-signal-run-1/latency/av-1/ack bytes=233 forwarded=1
1783350231.280536 publish topic=ipi/detector-output-to-ipi-weak-signal-run-1/latency/av-1/request bytes=1431 forwarded=1
1783350231.281157 publish topic=ipi/detector-output-to-ipi-weak-signal-run-1/latency/av-1/ack bytes=233 forwarded=1
1783350231.520869 publish topic=ipi/detector-output-to-ipi-weak-signal-run-1/latency/av-1/request bytes=1431 forwarded=1
1783350231.521491 publish topic=ipi/detector-output-to-ipi-weak-signal-run-1/latency/av-1/ack bytes=233 forwarded=1
1783350231.760995 publish topic=ipi/detector-output-to-ipi-weak-signal-run-1/latency/av-1/request bytes=1431 forwarded=1
1783350231.761621 publish topic=ipi/detector-output-to-ipi-weak-signal-run-1/latency/av-1/ack bytes=233 forwarded=1
1783350232.011605 publish topic=ipi/detector-output-to-ipi-weak-signal-run-1/latency/av-1/request bytes=1431 forwarded=1
1783350232.012223 publish topic=ipi/detector-output-to-ipi-weak-signal-run-1/latency/av-1/ack bytes=233 forwarded=1
1783350232.251860 publish topic=ipi/detector-output-to-ipi-weak-signal-run-1/latency/av-1/request bytes=1431 forwarded=1
1783350232.252534 publish topic=ipi/detector-output-to-ipi-weak-signal-run-1/latency/av-1/ack bytes=233 forwarded=1
1783350232.492199 publish topic=ipi/detector-output-to-ipi-weak-signal-run-1/latency/av-1/request bytes=1431 forwarded=1
1783350232.492831 publish topic=ipi/detector-output-to-ipi-weak-signal-run-1/latency/av-1/ack bytes=233 forwarded=1
1783350232.732682 publish topic=ipi/detector-output-to-ipi-weak-signal-run-1/latency/av-1/request bytes=1431 forwarded=1
1783350232.733309 publish topic=ipi/detector-output-to-ipi-weak-signal-run-1/latency/av-1/ack bytes=233 forwarded=1
1783350232.972982 publish topic=ipi/detector-output-to-ipi-weak-signal-run-1/latency/av-1/request bytes=1431 forwarded=1
1783350232.973649 publish topic=ipi/detector-output-to-ipi-weak-signal-run-1/latency/av-1/ack bytes=233 forwarded=1
1783350233.232930 publish topic=ipi/detector-output-to-ipi-weak-signal-run-1/latency/av-1/request bytes=1431 forwarded=1
1783350233.233613 publish topic=ipi/detector-output-to-ipi-weak-signal-run-1/latency/av-1/ack bytes=233 forwarded=1
1783350233.483213 publish topic=ipi/detector-output-to-ipi-weak-signal-run-1/latency/av-1/request bytes=1431 forwarded=1
1783350233.483893 publish topic=ipi/detector-output-to-ipi-weak-signal-run-1/latency/av-1/ack bytes=233 forwarded=1
1783350233.783808 publish topic=ipi/detector-output-to-ipi-weak-signal-run-1/latency/av-1/request bytes=1431 forwarded=1
1783350233.784472 publish topic=ipi/detector-output-to-ipi-weak-signal-run-1/latency/av-1/ack bytes=233 forwarded=1
1783350234.064501 publish topic=ipi/detector-output-to-ipi-weak-signal-run-1/latency/av-1/request bytes=1431 forwarded=1
1783350234.065233 publish topic=ipi/detector-output-to-ipi-weak-signal-run-1/latency/av-1/ack bytes=233 forwarded=1
1783350234.365036 publish topic=ipi/detector-output-to-ipi-weak-signal-run-1/latency/av-1/request bytes=1431 forwarded=1
1783350234.365706 publish topic=ipi/detector-output-to-ipi-weak-signal-run-1/latency/av-1/ack bytes=233 forwarded=1
1783350234.665222 publish topic=ipi/detector-output-to-ipi-weak-signal-run-1/latency/av-1/request bytes=1431 forwarded=1
1783350234.665869 publish topic=ipi/detector-output-to-ipi-weak-signal-run-1/latency/av-1/ack bytes=233 forwarded=1
1783350234.966179 publish topic=ipi/detector-output-to-ipi-weak-signal-run-1/latency/av-1/request bytes=1431 forwarded=1
1783350234.966835 publish topic=ipi/detector-output-to-ipi-weak-signal-run-1/latency/av-1/ack bytes=233 forwarded=1
1783350235.246578 publish topic=ipi/detector-output-to-ipi-weak-signal-run-1/latency/av-1/request bytes=1431 forwarded=1
1783350235.247368 publish topic=ipi/detector-output-to-ipi-weak-signal-run-1/latency/av-1/ack bytes=233 forwarded=1
1783350235.516893 publish topic=ipi/detector-output-to-ipi-weak-signal-run-1/latency/av-1/request bytes=1431 forwarded=1
1783350235.517523 publish topic=ipi/detector-output-to-ipi-weak-signal-run-1/latency/av-1/ack bytes=233 forwarded=1
1783350235.757148 publish topic=ipi/detector-output-to-ipi-weak-signal-run-1/latency/av-1/request bytes=1431 forwarded=1
1783350235.757836 publish topic=ipi/detector-output-to-ipi-weak-signal-run-1/latency/av-1/ack bytes=233 forwarded=1
1783350235.997553 publish topic=ipi/detector-output-to-ipi-weak-signal-run-1/latency/av-1/request bytes=1431 forwarded=1
1783350235.998142 publish topic=ipi/detector-output-to-ipi-weak-signal-run-1/latency/av-1/ack bytes=233 forwarded=1
1783350236.237931 publish topic=ipi/detector-output-to-ipi-weak-signal-run-1/latency/av-1/request bytes=1431 forwarded=1
1783350236.238649 publish topic=ipi/detector-output-to-ipi-weak-signal-run-1/latency/av-1/ack bytes=233 forwarded=1
1783350236.478107 publish topic=ipi/detector-output-to-ipi-weak-signal-run-1/latency/av-1/request bytes=1431 forwarded=1
1783350236.478733 publish topic=ipi/detector-output-to-ipi-weak-signal-run-1/latency/av-1/ack bytes=233 forwarded=1
1783350236.718684 publish topic=ipi/detector-output-to-ipi-weak-signal-run-1/latency/av-1/request bytes=1431 forwarded=1
1783350236.719320 publish topic=ipi/detector-output-to-ipi-weak-signal-run-1/latency/av-1/ack bytes=233 forwarded=1
1783350236.958830 publish topic=ipi/detector-output-to-ipi-weak-signal-run-1/latency/av-1/request bytes=1431 forwarded=1
1783350236.959450 publish topic=ipi/detector-output-to-ipi-weak-signal-run-1/latency/av-1/ack bytes=233 forwarded=1
1783350237.188990 publish topic=ipi/detector-output-to-ipi-weak-signal-run-1/latency/av-1/request bytes=1431 forwarded=1
1783350237.189592 publish topic=ipi/detector-output-to-ipi-weak-signal-run-1/latency/av-1/ack bytes=233 forwarded=1
1783350237.429476 publish topic=ipi/detector-output-to-ipi-weak-signal-run-1/latency/av-1/request bytes=1431 forwarded=1
1783350237.430236 publish topic=ipi/detector-output-to-ipi-weak-signal-run-1/latency/av-1/ack bytes=233 forwarded=1
1783350237.669803 publish topic=ipi/detector-output-to-ipi-weak-signal-run-1/latency/av-1/request bytes=1431 forwarded=1
1783350237.670412 publish topic=ipi/detector-output-to-ipi-weak-signal-run-1/latency/av-1/ack bytes=233 forwarded=1
1783350237.909986 publish topic=ipi/detector-output-to-ipi-weak-signal-run-1/latency/av-1/request bytes=1431 forwarded=1
1783350237.910614 publish topic=ipi/detector-output-to-ipi-weak-signal-run-1/latency/av-1/ack bytes=233 forwarded=1
1783350238.150362 publish topic=ipi/detector-output-to-ipi-weak-signal-run-1/latency/av-1/request bytes=1431 forwarded=1
1783350238.151019 publish topic=ipi/detector-output-to-ipi-weak-signal-run-1/latency/av-1/ack bytes=233 forwarded=1
1783350238.390752 publish topic=ipi/detector-output-to-ipi-weak-signal-run-1/latency/av-1/request bytes=1431 forwarded=1
1783350238.391349 publish topic=ipi/detector-output-to-ipi-weak-signal-run-1/latency/av-1/ack bytes=233 forwarded=1
1783350238.630834 publish topic=ipi/detector-output-to-ipi-weak-signal-run-1/latency/av-1/request bytes=1431 forwarded=1
1783350238.631411 publish topic=ipi/detector-output-to-ipi-weak-signal-run-1/latency/av-1/ack bytes=233 forwarded=1
1783350238.871248 publish topic=ipi/detector-output-to-ipi-weak-signal-run-1/latency/av-1/request bytes=1431 forwarded=1
1783350238.871844 publish topic=ipi/detector-output-to-ipi-weak-signal-run-1/latency/av-1/ack bytes=233 forwarded=1
1783350239.121742 publish topic=ipi/detector-output-to-ipi-weak-signal-run-1/latency/av-1/request bytes=1431 forwarded=1
1783350239.122348 publish topic=ipi/detector-output-to-ipi-weak-signal-run-1/latency/av-1/ack bytes=233 forwarded=1
1783350239.361886 publish topic=ipi/detector-output-to-ipi-weak-signal-run-1/latency/av-1/request bytes=1431 forwarded=1
1783350239.362543 publish topic=ipi/detector-output-to-ipi-weak-signal-run-1/latency/av-1/ack bytes=233 forwarded=1
1783350239.602183 publish topic=ipi/detector-output-to-ipi-weak-signal-run-1/latency/av-1/request bytes=1431 forwarded=1
1783350239.603040 publish topic=ipi/detector-output-to-ipi-weak-signal-run-1/latency/av-1/ack bytes=233 forwarded=1
1783350239.842579 publish topic=ipi/detector-output-to-ipi-weak-signal-run-1/latency/av-1/request bytes=1431 forwarded=1
1783350239.843293 publish topic=ipi/detector-output-to-ipi-weak-signal-run-1/latency/av-1/ack bytes=233 forwarded=1
1783350240.082929 publish topic=ipi/detector-output-to-ipi-weak-signal-run-1/latency/av-1/request bytes=1431 forwarded=1
1783350240.083590 publish topic=ipi/detector-output-to-ipi-weak-signal-run-1/latency/av-1/ack bytes=233 forwarded=1
1783350240.313016 publish topic=ipi/detector-output-to-ipi-weak-signal-run-1/latency/av-1/request bytes=1431 forwarded=1
1783350240.313682 publish topic=ipi/detector-output-to-ipi-weak-signal-run-1/latency/av-1/ack bytes=233 forwarded=1
1783350240.543406 publish topic=ipi/detector-output-to-ipi-weak-signal-run-1/latency/av-1/request bytes=1431 forwarded=1
1783350240.544091 publish topic=ipi/detector-output-to-ipi-weak-signal-run-1/latency/av-1/ack bytes=233 forwarded=1
1783350240.773827 publish topic=ipi/detector-output-to-ipi-weak-signal-run-1/latency/av-1/request bytes=1431 forwarded=1
1783350240.774632 publish topic=ipi/detector-output-to-ipi-weak-signal-run-1/latency/av-1/ack bytes=233 forwarded=1
1783350241.003782 publish topic=ipi/detector-output-to-ipi-weak-signal-run-1/latency/av-1/request bytes=1431 forwarded=1
1783350241.004444 publish topic=ipi/detector-output-to-ipi-weak-signal-run-1/latency/av-1/ack bytes=233 forwarded=1
1783350241.234168 publish topic=ipi/detector-output-to-ipi-weak-signal-run-1/latency/av-1/request bytes=1431 forwarded=1
1783350241.234887 publish topic=ipi/detector-output-to-ipi-weak-signal-run-1/latency/av-1/ack bytes=233 forwarded=1
1783350241.464237 publish topic=ipi/detector-output-to-ipi-weak-signal-run-1/latency/av-1/request bytes=1431 forwarded=1
1783350241.464919 publish topic=ipi/detector-output-to-ipi-weak-signal-run-1/latency/av-1/ack bytes=233 forwarded=1
1783350241.694714 publish topic=ipi/detector-output-to-ipi-weak-signal-run-1/latency/av-1/request bytes=1431 forwarded=1
1783350241.695442 publish topic=ipi/detector-output-to-ipi-weak-signal-run-1/latency/av-1/ack bytes=233 forwarded=1
1783350241.934830 publish topic=ipi/detector-output-to-ipi-weak-signal-run-1/latency/av-1/request bytes=1431 forwarded=1
1783350241.935582 publish topic=ipi/detector-output-to-ipi-weak-signal-run-1/latency/av-1/ack bytes=233 forwarded=1
1783350242.164946 publish topic=ipi/detector-output-to-ipi-weak-signal-run-1/latency/av-1/request bytes=1431 forwarded=1
1783350242.165638 publish topic=ipi/detector-output-to-ipi-weak-signal-run-1/latency/av-1/ack bytes=233 forwarded=1
1783350242.395322 publish topic=ipi/detector-output-to-ipi-weak-signal-run-1/latency/av-1/request bytes=1431 forwarded=1
1783350242.396014 publish topic=ipi/detector-output-to-ipi-weak-signal-run-1/latency/av-1/ack bytes=233 forwarded=1
1783350242.625578 publish topic=ipi/detector-output-to-ipi-weak-signal-run-1/latency/av-1/request bytes=1431 forwarded=1
1783350242.626273 publish topic=ipi/detector-output-to-ipi-weak-signal-run-1/latency/av-1/ack bytes=233 forwarded=1
1783350242.866033 publish topic=ipi/detector-output-to-ipi-weak-signal-run-1/latency/av-1/request bytes=1431 forwarded=1
1783350242.866755 publish topic=ipi/detector-output-to-ipi-weak-signal-run-1/latency/av-1/ack bytes=233 forwarded=1
1783350243.096168 publish topic=ipi/detector-output-to-ipi-weak-signal-run-1/latency/av-1/request bytes=1431 forwarded=1
1783350243.096847 publish topic=ipi/detector-output-to-ipi-weak-signal-run-1/latency/av-1/ack bytes=233 forwarded=1
1783350243.346531 publish topic=ipi/detector-output-to-ipi-weak-signal-run-1/latency/av-1/request bytes=1431 forwarded=1
1783350243.347282 publish topic=ipi/detector-output-to-ipi-weak-signal-run-1/latency/av-1/ack bytes=233 forwarded=1
1783350243.586693 publish topic=ipi/detector-output-to-ipi-weak-signal-run-1/latency/av-1/request bytes=1431 forwarded=1
1783350243.587380 publish topic=ipi/detector-output-to-ipi-weak-signal-run-1/latency/av-1/ack bytes=233 forwarded=1
1783350243.826993 publish topic=ipi/detector-output-to-ipi-weak-signal-run-1/latency/av-1/request bytes=1431 forwarded=1
1783350243.827655 publish topic=ipi/detector-output-to-ipi-weak-signal-run-1/latency/av-1/ack bytes=233 forwarded=1
1783350244.067097 publish topic=ipi/detector-output-to-ipi-weak-signal-run-1/latency/av-1/request bytes=1431 forwarded=1
1783350244.067712 publish topic=ipi/detector-output-to-ipi-weak-signal-run-1/latency/av-1/ack bytes=233 forwarded=1
1783350244.307538 publish topic=ipi/detector-output-to-ipi-weak-signal-run-1/latency/av-1/request bytes=1431 forwarded=1
1783350244.308237 publish topic=ipi/detector-output-to-ipi-weak-signal-run-1/latency/av-1/ack bytes=233 forwarded=1
1783350244.537557 publish topic=ipi/detector-output-to-ipi-weak-signal-run-1/latency/av-1/request bytes=1431 forwarded=1
1783350244.538234 publish topic=ipi/detector-output-to-ipi-weak-signal-run-1/latency/av-1/ack bytes=233 forwarded=1
1783350244.787738 publish topic=ipi/detector-output-to-ipi-weak-signal-run-1/latency/av-1/request bytes=1431 forwarded=1
1783350244.788425 publish topic=ipi/detector-output-to-ipi-weak-signal-run-1/latency/av-1/ack bytes=233 forwarded=1
1783350245.018420 publish topic=ipi/detector-output-to-ipi-weak-signal-run-1/latency/av-1/request bytes=1431 forwarded=1
1783350245.019073 publish topic=ipi/detector-output-to-ipi-weak-signal-run-1/latency/av-1/ack bytes=233 forwarded=1
1783350245.248591 publish topic=ipi/detector-output-to-ipi-weak-signal-run-1/latency/av-1/request bytes=1431 forwarded=1
1783350245.249231 publish topic=ipi/detector-output-to-ipi-weak-signal-run-1/latency/av-1/ack bytes=233 forwarded=1
1783350245.488774 publish topic=ipi/detector-output-to-ipi-weak-signal-run-1/latency/av-1/request bytes=1431 forwarded=1
1783350245.489413 publish topic=ipi/detector-output-to-ipi-weak-signal-run-1/latency/av-1/ack bytes=233 forwarded=1
1783350245.718904 publish topic=ipi/detector-output-to-ipi-weak-signal-run-1/latency/av-1/request bytes=1431 forwarded=1
1783350245.719604 publish topic=ipi/detector-output-to-ipi-weak-signal-run-1/latency/av-1/ack bytes=233 forwarded=1
1783350245.969182 publish topic=ipi/detector-output-to-ipi-weak-signal-run-1/latency/av-1/request bytes=1431 forwarded=1
1783350245.969428 publish topic=ipi/detector-output-to-ipi-weak-signal-run-1/latency/av-1/ack bytes=233 forwarded=1
1783350246.210008 publish topic=ipi/detector-output-to-ipi-weak-signal-run-1/latency/av-1/request bytes=1431 forwarded=1
1783350246.210786 publish topic=ipi/detector-output-to-ipi-weak-signal-run-1/latency/av-1/ack bytes=233 forwarded=1
1783350246.450281 publish topic=ipi/detector-output-to-ipi-weak-signal-run-1/latency/av-1/request bytes=1431 forwarded=1
1783350246.451000 publish topic=ipi/detector-output-to-ipi-weak-signal-run-1/latency/av-1/ack bytes=233 forwarded=1
1783350246.690699 publish topic=ipi/detector-output-to-ipi-weak-signal-run-1/latency/av-1/request bytes=1431 forwarded=1
1783350246.691420 publish topic=ipi/detector-output-to-ipi-weak-signal-run-1/latency/av-1/ack bytes=233 forwarded=1
1783350246.941024 publish topic=ipi/detector-output-to-ipi-weak-signal-run-1/latency/av-1/request bytes=1431 forwarded=1
1783350246.941735 publish topic=ipi/detector-output-to-ipi-weak-signal-run-1/latency/av-1/ack bytes=233 forwarded=1
1783350247.201436 publish topic=ipi/detector-output-to-ipi-weak-signal-run-1/latency/av-1/request bytes=1431 forwarded=1
1783350247.202048 publish topic=ipi/detector-output-to-ipi-weak-signal-run-1/latency/av-1/ack bytes=233 forwarded=1
1783350247.442277 publish topic=ipi/detector-output-to-ipi-weak-signal-run-1/latency/av-1/request bytes=1431 forwarded=1
1783350247.442958 publish topic=ipi/detector-output-to-ipi-weak-signal-run-1/latency/av-1/ack bytes=233 forwarded=1
1783350247.682376 publish topic=ipi/detector-output-to-ipi-weak-signal-run-1/latency/av-1/request bytes=1431 forwarded=1
1783350247.683126 publish topic=ipi/detector-output-to-ipi-weak-signal-run-1/latency/av-1/ack bytes=233 forwarded=1
1783350247.912665 publish topic=ipi/detector-output-to-ipi-weak-signal-run-1/latency/av-1/request bytes=1431 forwarded=1
1783350247.913375 publish topic=ipi/detector-output-to-ipi-weak-signal-run-1/latency/av-1/ack bytes=233 forwarded=1
1783350248.152828 publish topic=ipi/detector-output-to-ipi-weak-signal-run-1/latency/av-1/request bytes=1431 forwarded=1
1783350248.153451 publish topic=ipi/detector-output-to-ipi-weak-signal-run-1/latency/av-1/ack bytes=233 forwarded=1
1783350248.393226 publish topic=ipi/detector-output-to-ipi-weak-signal-run-1/latency/av-1/request bytes=1431 forwarded=1
1783350248.393858 publish topic=ipi/detector-output-to-ipi-weak-signal-run-1/latency/av-1/ack bytes=233 forwarded=1
1783350248.633520 publish topic=ipi/detector-output-to-ipi-weak-signal-run-1/latency/av-1/request bytes=1431 forwarded=1
1783350248.634154 publish topic=ipi/detector-output-to-ipi-weak-signal-run-1/latency/av-1/ack bytes=233 forwarded=1
1783350248.863615 publish topic=ipi/detector-output-to-ipi-weak-signal-run-1/latency/av-1/request bytes=1431 forwarded=1
1783350248.864278 publish topic=ipi/detector-output-to-ipi-weak-signal-run-1/latency/av-1/ack bytes=233 forwarded=1
1783350249.094013 publish topic=ipi/detector-output-to-ipi-weak-signal-run-1/latency/av-1/request bytes=1431 forwarded=1
1783350249.094690 publish topic=ipi/detector-output-to-ipi-weak-signal-run-1/latency/av-1/ack bytes=233 forwarded=1
1783350249.324062 publish topic=ipi/detector-output-to-ipi-weak-signal-run-1/latency/av-1/request bytes=1431 forwarded=1
1783350249.324636 publish topic=ipi/detector-output-to-ipi-weak-signal-run-1/latency/av-1/ack bytes=233 forwarded=1
1783350249.564628 publish topic=ipi/detector-output-to-ipi-weak-signal-run-1/latency/av-1/request bytes=1431 forwarded=1
1783350249.565301 publish topic=ipi/detector-output-to-ipi-weak-signal-run-1/latency/av-1/ack bytes=233 forwarded=1
1783350249.794570 publish topic=ipi/detector-output-to-ipi-weak-signal-run-1/latency/av-1/request bytes=1431 forwarded=1
1783350249.795208 publish topic=ipi/detector-output-to-ipi-weak-signal-run-1/latency/av-1/ack bytes=233 forwarded=1
1783350250.044963 publish topic=ipi/detector-output-to-ipi-weak-signal-run-1/latency/av-1/request bytes=1431 forwarded=1
1783350250.045535 publish topic=ipi/detector-output-to-ipi-weak-signal-run-1/latency/av-1/ack bytes=233 forwarded=1
1783350250.275144 publish topic=ipi/detector-output-to-ipi-weak-signal-run-1/latency/av-1/request bytes=1431 forwarded=1
1783350250.275746 publish topic=ipi/detector-output-to-ipi-weak-signal-run-1/latency/av-1/ack bytes=233 forwarded=1
1783350250.505572 publish topic=ipi/detector-output-to-ipi-weak-signal-run-1/latency/av-1/request bytes=1431 forwarded=1
1783350250.506187 publish topic=ipi/detector-output-to-ipi-weak-signal-run-1/latency/av-1/ack bytes=233 forwarded=1
1783350250.735712 publish topic=ipi/detector-output-to-ipi-weak-signal-run-1/latency/av-1/request bytes=1431 forwarded=1
1783350250.736333 publish topic=ipi/detector-output-to-ipi-weak-signal-run-1/latency/av-1/ack bytes=233 forwarded=1
1783350250.966164 publish topic=ipi/detector-output-to-ipi-weak-signal-run-1/latency/av-1/request bytes=1431 forwarded=1
1783350250.966954 publish topic=ipi/detector-output-to-ipi-weak-signal-run-1/latency/av-1/ack bytes=233 forwarded=1
1783350251.206407 publish topic=ipi/detector-output-to-ipi-weak-signal-run-1/latency/av-1/request bytes=1431 forwarded=1
1783350251.207088 publish topic=ipi/detector-output-to-ipi-weak-signal-run-1/latency/av-1/ack bytes=233 forwarded=1
1783350251.446420 publish topic=ipi/detector-output-to-ipi-weak-signal-run-1/latency/av-1/request bytes=1431 forwarded=1
1783350251.447064 publish topic=ipi/detector-output-to-ipi-weak-signal-run-1/latency/av-1/ack bytes=233 forwarded=1
1783350251.686628 publish topic=ipi/detector-output-to-ipi-weak-signal-run-1/latency/av-1/request bytes=1431 forwarded=1
1783350251.687210 publish topic=ipi/detector-output-to-ipi-weak-signal-run-1/latency/av-1/ack bytes=233 forwarded=1
1783350251.927056 publish topic=ipi/detector-output-to-ipi-weak-signal-run-1/latency/av-1/request bytes=1431 forwarded=1
1783350251.927666 publish topic=ipi/detector-output-to-ipi-weak-signal-run-1/latency/av-1/ack bytes=233 forwarded=1
1783350252.167368 publish topic=ipi/detector-output-to-ipi-weak-signal-run-1/latency/av-1/request bytes=1431 forwarded=1
1783350252.167973 publish topic=ipi/detector-output-to-ipi-weak-signal-run-1/latency/av-1/ack bytes=233 forwarded=1
1783350252.407624 publish topic=ipi/detector-output-to-ipi-weak-signal-run-1/latency/av-1/request bytes=1431 forwarded=1
1783350252.408226 publish topic=ipi/detector-output-to-ipi-weak-signal-run-1/latency/av-1/ack bytes=233 forwarded=1
1783350252.647935 publish topic=ipi/detector-output-to-ipi-weak-signal-run-1/latency/av-1/request bytes=1431 forwarded=1
1783350252.648607 publish topic=ipi/detector-output-to-ipi-weak-signal-run-1/latency/av-1/ack bytes=233 forwarded=1
1783350252.888002 publish topic=ipi/detector-output-to-ipi-weak-signal-run-1/latency/av-1/request bytes=1431 forwarded=1
1783350252.888725 publish topic=ipi/detector-output-to-ipi-weak-signal-run-1/latency/av-1/ack bytes=233 forwarded=1
1783350253.128425 publish topic=ipi/detector-output-to-ipi-weak-signal-run-1/latency/av-1/request bytes=1431 forwarded=1
1783350253.129104 publish topic=ipi/detector-output-to-ipi-weak-signal-run-1/latency/av-1/ack bytes=233 forwarded=1
1783350253.368655 publish topic=ipi/detector-output-to-ipi-weak-signal-run-1/latency/av-1/request bytes=1431 forwarded=1
1783350253.369265 publish topic=ipi/detector-output-to-ipi-weak-signal-run-1/latency/av-1/ack bytes=233 forwarded=1
1783350253.608939 publish topic=ipi/detector-output-to-ipi-weak-signal-run-1/latency/av-1/request bytes=1431 forwarded=1
1783350253.609634 publish topic=ipi/detector-output-to-ipi-weak-signal-run-1/latency/av-1/ack bytes=233 forwarded=1
1783350253.849289 publish topic=ipi/detector-output-to-ipi-weak-signal-run-1/latency/av-1/request bytes=1431 forwarded=1
1783350253.849978 publish topic=ipi/detector-output-to-ipi-weak-signal-run-1/latency/av-1/ack bytes=233 forwarded=1
1783350254.089557 publish topic=ipi/detector-output-to-ipi-weak-signal-run-1/latency/av-1/request bytes=1431 forwarded=1
1783350254.090201 publish topic=ipi/detector-output-to-ipi-weak-signal-run-1/latency/av-1/ack bytes=233 forwarded=1
1783350254.329718 publish topic=ipi/detector-output-to-ipi-weak-signal-run-1/latency/av-1/request bytes=1431 forwarded=1
1783350254.330281 publish topic=ipi/detector-output-to-ipi-weak-signal-run-1/latency/av-1/ack bytes=233 forwarded=1
1783350254.569914 publish topic=ipi/detector-output-to-ipi-weak-signal-run-1/latency/av-1/request bytes=1431 forwarded=1
1783350254.570611 publish topic=ipi/detector-output-to-ipi-weak-signal-run-1/latency/av-1/ack bytes=233 forwarded=1
1783350254.810304 publish topic=ipi/detector-output-to-ipi-weak-signal-run-1/latency/av-1/request bytes=1431 forwarded=1
1783350254.811052 publish topic=ipi/detector-output-to-ipi-weak-signal-run-1/latency/av-1/ack bytes=233 forwarded=1
1783350255.050495 publish topic=ipi/detector-output-to-ipi-weak-signal-run-1/latency/av-1/request bytes=1431 forwarded=1
1783350255.051203 publish topic=ipi/detector-output-to-ipi-weak-signal-run-1/latency/av-1/ack bytes=233 forwarded=1
1783350255.290778 publish topic=ipi/detector-output-to-ipi-weak-signal-run-1/latency/av-1/request bytes=1431 forwarded=1
1783350255.291442 publish topic=ipi/detector-output-to-ipi-weak-signal-run-1/latency/av-1/ack bytes=233 forwarded=1
1783350255.531037 publish topic=ipi/detector-output-to-ipi-weak-signal-run-1/latency/av-1/request bytes=1431 forwarded=1
1783350255.531747 publish topic=ipi/detector-output-to-ipi-weak-signal-run-1/latency/av-1/ack bytes=233 forwarded=1
1783350255.771342 publish topic=ipi/detector-output-to-ipi-weak-signal-run-1/latency/av-1/request bytes=1431 forwarded=1
1783350255.772015 publish topic=ipi/detector-output-to-ipi-weak-signal-run-1/latency/av-1/ack bytes=233 forwarded=1
1783350256.011767 publish topic=ipi/detector-output-to-ipi-weak-signal-run-1/latency/av-1/request bytes=1431 forwarded=1
1783350256.012456 publish topic=ipi/detector-output-to-ipi-weak-signal-run-1/latency/av-1/ack bytes=233 forwarded=1
1783350256.251888 publish topic=ipi/detector-output-to-ipi-weak-signal-run-1/latency/av-1/request bytes=1431 forwarded=1
1783350256.252625 publish topic=ipi/detector-output-to-ipi-weak-signal-run-1/latency/av-1/ack bytes=233 forwarded=1
1783350256.492177 publish topic=ipi/detector-output-to-ipi-weak-signal-run-1/latency/av-1/request bytes=1431 forwarded=1
1783350256.492870 publish topic=ipi/detector-output-to-ipi-weak-signal-run-1/latency/av-1/ack bytes=233 forwarded=1
1783350256.732420 publish topic=ipi/detector-output-to-ipi-weak-signal-run-1/latency/av-1/request bytes=1431 forwarded=1
1783350256.733088 publish topic=ipi/detector-output-to-ipi-weak-signal-run-1/latency/av-1/ack bytes=233 forwarded=1
1783350256.972759 publish topic=ipi/detector-output-to-ipi-weak-signal-run-1/latency/av-1/request bytes=1431 forwarded=1
1783350256.973477 publish topic=ipi/detector-output-to-ipi-weak-signal-run-1/latency/av-1/ack bytes=233 forwarded=1
1783350257.213148 publish topic=ipi/detector-output-to-ipi-weak-signal-run-1/latency/av-1/request bytes=1431 forwarded=1
1783350257.213830 publish topic=ipi/detector-output-to-ipi-weak-signal-run-1/latency/av-1/ack bytes=233 forwarded=1
1783350257.453188 publish topic=ipi/detector-output-to-ipi-weak-signal-run-1/latency/av-1/request bytes=1431 forwarded=1
1783350257.453920 publish topic=ipi/detector-output-to-ipi-weak-signal-run-1/latency/av-1/ack bytes=233 forwarded=1
1783350257.703590 publish topic=ipi/detector-output-to-ipi-weak-signal-run-1/latency/av-1/request bytes=1431 forwarded=1
1783350257.704283 publish topic=ipi/detector-output-to-ipi-weak-signal-run-1/latency/av-1/ack bytes=233 forwarded=1
1783350257.954136 publish topic=ipi/detector-output-to-ipi-weak-signal-run-1/latency/av-1/request bytes=1431 forwarded=1
1783350257.954860 publish topic=ipi/detector-output-to-ipi-weak-signal-run-1/latency/av-1/ack bytes=233 forwarded=1
1783350258.304806 publish topic=ipi/detector-output-to-ipi-weak-signal-run-1/latency/av-1/request bytes=1431 forwarded=1
1783350258.305429 publish topic=ipi/detector-output-to-ipi-weak-signal-run-1/latency/av-1/ack bytes=233 forwarded=1
1783350258.635294 publish topic=ipi/detector-output-to-ipi-weak-signal-run-1/latency/av-1/request bytes=1431 forwarded=1
1783350258.635967 publish topic=ipi/detector-output-to-ipi-weak-signal-run-1/latency/av-1/ack bytes=233 forwarded=1
1783350258.875708 publish topic=ipi/detector-output-to-ipi-weak-signal-run-1/latency/av-1/request bytes=1431 forwarded=1
1783350258.876331 publish topic=ipi/detector-output-to-ipi-weak-signal-run-1/latency/av-1/ack bytes=233 forwarded=1
1783350259.146321 publish topic=ipi/detector-output-to-ipi-weak-signal-run-1/latency/av-1/request bytes=1431 forwarded=1
1783350259.146941 publish topic=ipi/detector-output-to-ipi-weak-signal-run-1/latency/av-1/ack bytes=233 forwarded=1
1783350259.396593 publish topic=ipi/detector-output-to-ipi-weak-signal-run-1/latency/av-1/request bytes=1431 forwarded=1
1783350259.397231 publish topic=ipi/detector-output-to-ipi-weak-signal-run-1/latency/av-1/ack bytes=233 forwarded=1
1783350259.647004 publish topic=ipi/detector-output-to-ipi-weak-signal-run-1/latency/av-1/request bytes=1431 forwarded=1
1783350259.647627 publish topic=ipi/detector-output-to-ipi-weak-signal-run-1/latency/av-1/ack bytes=233 forwarded=1
1783350259.897089 publish topic=ipi/detector-output-to-ipi-weak-signal-run-1/latency/av-1/request bytes=1431 forwarded=1
1783350259.897711 publish topic=ipi/detector-output-to-ipi-weak-signal-run-1/latency/av-1/ack bytes=233 forwarded=1
1783350260.127574 publish topic=ipi/detector-output-to-ipi-weak-signal-run-1/latency/av-1/request bytes=1431 forwarded=1
1783350260.128274 publish topic=ipi/detector-output-to-ipi-weak-signal-run-1/latency/av-1/ack bytes=233 forwarded=1
1783350260.367971 publish topic=ipi/detector-output-to-ipi-weak-signal-run-1/latency/av-1/request bytes=1431 forwarded=1
1783350260.368595 publish topic=ipi/detector-output-to-ipi-weak-signal-run-1/latency/av-1/ack bytes=233 forwarded=1
1783350260.608060 publish topic=ipi/detector-output-to-ipi-weak-signal-run-1/latency/av-1/request bytes=1431 forwarded=1
1783350260.608687 publish topic=ipi/detector-output-to-ipi-weak-signal-run-1/latency/av-1/ack bytes=233 forwarded=1
1783350260.848542 publish topic=ipi/detector-output-to-ipi-weak-signal-run-1/latency/av-1/request bytes=1431 forwarded=1
1783350260.849242 publish topic=ipi/detector-output-to-ipi-weak-signal-run-1/latency/av-1/ack bytes=233 forwarded=1
1783350261.088659 publish topic=ipi/detector-output-to-ipi-weak-signal-run-1/latency/av-1/request bytes=1431 forwarded=1
1783350261.089290 publish topic=ipi/detector-output-to-ipi-weak-signal-run-1/latency/av-1/ack bytes=233 forwarded=1
1783350261.328908 publish topic=ipi/detector-output-to-ipi-weak-signal-run-1/latency/av-1/request bytes=1431 forwarded=1
1783350261.329522 publish topic=ipi/detector-output-to-ipi-weak-signal-run-1/latency/av-1/ack bytes=233 forwarded=1
1783350261.569332 publish topic=ipi/detector-output-to-ipi-weak-signal-run-1/latency/av-1/request bytes=1431 forwarded=1
1783350261.570086 publish topic=ipi/detector-output-to-ipi-weak-signal-run-1/latency/av-1/ack bytes=233 forwarded=1
1783350261.809579 publish topic=ipi/detector-output-to-ipi-weak-signal-run-1/latency/av-1/request bytes=1431 forwarded=1
1783350261.810213 publish topic=ipi/detector-output-to-ipi-weak-signal-run-1/latency/av-1/ack bytes=233 forwarded=1
1783350262.049801 publish topic=ipi/detector-output-to-ipi-weak-signal-run-1/latency/av-1/request bytes=1431 forwarded=1
1783350262.050503 publish topic=ipi/detector-output-to-ipi-weak-signal-run-1/latency/av-1/ack bytes=233 forwarded=1
1783350262.289996 publish topic=ipi/detector-output-to-ipi-weak-signal-run-1/latency/av-1/request bytes=1431 forwarded=1
1783350262.290713 publish topic=ipi/detector-output-to-ipi-weak-signal-run-1/latency/av-1/ack bytes=233 forwarded=1
1783350262.530287 publish topic=ipi/detector-output-to-ipi-weak-signal-run-1/latency/av-1/request bytes=1431 forwarded=1
1783350262.530917 publish topic=ipi/detector-output-to-ipi-weak-signal-run-1/latency/av-1/ack bytes=233 forwarded=1
1783350262.770603 publish topic=ipi/detector-output-to-ipi-weak-signal-run-1/latency/av-1/request bytes=1431 forwarded=1
1783350262.771231 publish topic=ipi/detector-output-to-ipi-weak-signal-run-1/latency/av-1/ack bytes=233 forwarded=1
1783350263.011020 publish topic=ipi/detector-output-to-ipi-weak-signal-run-1/latency/av-1/request bytes=1431 forwarded=1
1783350263.011642 publish topic=ipi/detector-output-to-ipi-weak-signal-run-1/latency/av-1/ack bytes=233 forwarded=1
1783350263.251068 publish topic=ipi/detector-output-to-ipi-weak-signal-run-1/latency/av-1/request bytes=1431 forwarded=1
1783350263.251693 publish topic=ipi/detector-output-to-ipi-weak-signal-run-1/latency/av-1/ack bytes=233 forwarded=1
1783350263.491386 publish topic=ipi/detector-output-to-ipi-weak-signal-run-1/latency/av-1/request bytes=1431 forwarded=1
1783350263.492009 publish topic=ipi/detector-output-to-ipi-weak-signal-run-1/latency/av-1/ack bytes=233 forwarded=1
1783350263.741409 publish topic=ipi/detector-output-to-ipi-weak-signal-run-1/latency/av-1/request bytes=1431 forwarded=1
1783350263.742011 publish topic=ipi/detector-output-to-ipi-weak-signal-run-1/latency/av-1/ack bytes=233 forwarded=1
1783350263.981932 publish topic=ipi/detector-output-to-ipi-weak-signal-run-1/latency/av-1/request bytes=1431 forwarded=1
1783350263.982575 publish topic=ipi/detector-output-to-ipi-weak-signal-run-1/latency/av-1/ack bytes=233 forwarded=1
1783350264.222253 publish topic=ipi/detector-output-to-ipi-weak-signal-run-1/latency/av-1/request bytes=1431 forwarded=1
1783350264.222898 publish topic=ipi/detector-output-to-ipi-weak-signal-run-1/latency/av-1/ack bytes=233 forwarded=1
1783350264.462591 publish topic=ipi/detector-output-to-ipi-weak-signal-run-1/latency/av-1/request bytes=1431 forwarded=1
1783350264.463185 publish topic=ipi/detector-output-to-ipi-weak-signal-run-1/latency/av-1/ack bytes=233 forwarded=1
1783350264.702835 publish topic=ipi/detector-output-to-ipi-weak-signal-run-1/latency/av-1/request bytes=1431 forwarded=1
1783350264.703511 publish topic=ipi/detector-output-to-ipi-weak-signal-run-1/latency/av-1/ack bytes=233 forwarded=1
1783350264.943007 publish topic=ipi/detector-output-to-ipi-weak-signal-run-1/latency/av-1/request bytes=1431 forwarded=1
1783350264.943624 publish topic=ipi/detector-output-to-ipi-weak-signal-run-1/latency/av-1/ack bytes=233 forwarded=1
1783350265.183166 publish topic=ipi/detector-output-to-ipi-weak-signal-run-1/latency/av-1/request bytes=1431 forwarded=1
1783350265.183480 publish topic=ipi/detector-output-to-ipi-weak-signal-run-1/latency/av-1/ack bytes=233 forwarded=1
1783350265.413634 publish topic=ipi/detector-output-to-ipi-weak-signal-run-1/latency/av-1/request bytes=1431 forwarded=1
1783350265.414338 publish topic=ipi/detector-output-to-ipi-weak-signal-run-1/latency/av-1/ack bytes=233 forwarded=1
1783350265.643727 publish topic=ipi/detector-output-to-ipi-weak-signal-run-1/latency/av-1/request bytes=1431 forwarded=1
1783350265.644413 publish topic=ipi/detector-output-to-ipi-weak-signal-run-1/latency/av-1/ack bytes=233 forwarded=1
1783350265.874083 publish topic=ipi/detector-output-to-ipi-weak-signal-run-1/latency/av-1/request bytes=1431 forwarded=1
1783350265.874761 publish topic=ipi/detector-output-to-ipi-weak-signal-run-1/latency/av-1/ack bytes=233 forwarded=1
1783350266.104181 publish topic=ipi/detector-output-to-ipi-weak-signal-run-1/latency/av-1/request bytes=1431 forwarded=1
1783350266.104755 publish topic=ipi/detector-output-to-ipi-weak-signal-run-1/latency/av-1/ack bytes=233 forwarded=1
1783350266.344547 publish topic=ipi/detector-output-to-ipi-weak-signal-run-1/latency/av-1/request bytes=1431 forwarded=1
1783350266.345127 publish topic=ipi/detector-output-to-ipi-weak-signal-run-1/latency/av-1/ack bytes=233 forwarded=1
1783350266.574902 publish topic=ipi/detector-output-to-ipi-weak-signal-run-1/latency/av-1/request bytes=1431 forwarded=1
1783350266.575544 publish topic=ipi/detector-output-to-ipi-weak-signal-run-1/latency/av-1/ack bytes=233 forwarded=1
1783350266.805061 publish topic=ipi/detector-output-to-ipi-weak-signal-run-1/latency/av-1/request bytes=1431 forwarded=1
1783350266.805733 publish topic=ipi/detector-output-to-ipi-weak-signal-run-1/latency/av-1/ack bytes=233 forwarded=1
1783350267.035156 publish topic=ipi/detector-output-to-ipi-weak-signal-run-1/latency/av-1/request bytes=1431 forwarded=1
1783350267.035917 publish topic=ipi/detector-output-to-ipi-weak-signal-run-1/latency/av-1/ack bytes=233 forwarded=1
1783350267.265623 publish topic=ipi/detector-output-to-ipi-weak-signal-run-1/latency/av-1/request bytes=1431 forwarded=1
1783350267.266286 publish topic=ipi/detector-output-to-ipi-weak-signal-run-1/latency/av-1/ack bytes=233 forwarded=1
1783350267.505596 publish topic=ipi/detector-output-to-ipi-weak-signal-run-1/latency/av-1/request bytes=1431 forwarded=1
1783350267.506269 publish topic=ipi/detector-output-to-ipi-weak-signal-run-1/latency/av-1/ack bytes=233 forwarded=1
1783350267.746081 publish topic=ipi/detector-output-to-ipi-weak-signal-run-1/latency/av-1/request bytes=1431 forwarded=1
1783350267.746922 publish topic=ipi/detector-output-to-ipi-weak-signal-run-1/latency/av-1/ack bytes=233 forwarded=1
1783350267.986256 publish topic=ipi/detector-output-to-ipi-weak-signal-run-1/latency/av-1/request bytes=1431 forwarded=1
1783350267.986960 publish topic=ipi/detector-output-to-ipi-weak-signal-run-1/latency/av-1/ack bytes=233 forwarded=1
1783350268.226402 publish topic=ipi/detector-output-to-ipi-weak-signal-run-1/latency/av-1/request bytes=1431 forwarded=1
1783350268.227088 publish topic=ipi/detector-output-to-ipi-weak-signal-run-1/latency/av-1/ack bytes=233 forwarded=1
1783350268.466939 publish topic=ipi/detector-output-to-ipi-weak-signal-run-1/latency/av-1/request bytes=1431 forwarded=1
1783350268.467589 publish topic=ipi/detector-output-to-ipi-weak-signal-run-1/latency/av-1/ack bytes=233 forwarded=1
1783350268.706980 publish topic=ipi/detector-output-to-ipi-weak-signal-run-1/latency/av-1/request bytes=1431 forwarded=1
1783350268.707671 publish topic=ipi/detector-output-to-ipi-weak-signal-run-1/latency/av-1/ack bytes=233 forwarded=1
1783350268.947354 publish topic=ipi/detector-output-to-ipi-weak-signal-run-1/latency/av-1/request bytes=1431 forwarded=1
1783350268.948020 publish topic=ipi/detector-output-to-ipi-weak-signal-run-1/latency/av-1/ack bytes=233 forwarded=1
1783350269.197634 publish topic=ipi/detector-output-to-ipi-weak-signal-run-1/latency/av-1/request bytes=1431 forwarded=1
1783350269.198273 publish topic=ipi/detector-output-to-ipi-weak-signal-run-1/latency/av-1/ack bytes=233 forwarded=1
1783350269.427976 publish topic=ipi/detector-output-to-ipi-weak-signal-run-1/latency/av-1/request bytes=1431 forwarded=1
1783350269.428676 publish topic=ipi/detector-output-to-ipi-weak-signal-run-1/latency/av-1/ack bytes=233 forwarded=1
1783350269.668105 publish topic=ipi/detector-output-to-ipi-weak-signal-run-1/latency/av-1/request bytes=1431 forwarded=1
1783350269.668740 publish topic=ipi/detector-output-to-ipi-weak-signal-run-1/latency/av-1/ack bytes=233 forwarded=1
1783350269.908461 publish topic=ipi/detector-output-to-ipi-weak-signal-run-1/latency/av-1/request bytes=1431 forwarded=1
1783350269.909091 publish topic=ipi/detector-output-to-ipi-weak-signal-run-1/latency/av-1/ack bytes=233 forwarded=1
1783350270.148860 publish topic=ipi/detector-output-to-ipi-weak-signal-run-1/latency/av-1/request bytes=1431 forwarded=1
1783350270.149593 publish topic=ipi/detector-output-to-ipi-weak-signal-run-1/latency/av-1/ack bytes=233 forwarded=1
1783350270.388963 publish topic=ipi/detector-output-to-ipi-weak-signal-run-1/latency/av-1/request bytes=1431 forwarded=1
1783350270.389663 publish topic=ipi/detector-output-to-ipi-weak-signal-run-1/latency/av-1/ack bytes=233 forwarded=1
1783350270.629168 publish topic=ipi/detector-output-to-ipi-weak-signal-run-1/latency/av-1/request bytes=1431 forwarded=1
1783350270.629876 publish topic=ipi/detector-output-to-ipi-weak-signal-run-1/latency/av-1/ack bytes=233 forwarded=1
1783350270.869342 publish topic=ipi/detector-output-to-ipi-weak-signal-run-1/latency/av-1/request bytes=1431 forwarded=1
1783350270.870049 publish topic=ipi/detector-output-to-ipi-weak-signal-run-1/latency/av-1/ack bytes=233 forwarded=1
1783350271.109545 publish topic=ipi/detector-output-to-ipi-weak-signal-run-1/latency/av-1/request bytes=1431 forwarded=1
1783350271.110210 publish topic=ipi/detector-output-to-ipi-weak-signal-run-1/latency/av-1/ack bytes=233 forwarded=1
1783350271.390231 publish topic=ipi/detector-output-to-ipi-weak-signal-run-1/latency/av-1/request bytes=1431 forwarded=1
1783350271.390936 publish topic=ipi/detector-output-to-ipi-weak-signal-run-1/latency/av-1/ack bytes=233 forwarded=1
1783350271.640658 publish topic=ipi/detector-output-to-ipi-weak-signal-run-1/latency/av-1/request bytes=1431 forwarded=1
1783350271.641315 publish topic=ipi/detector-output-to-ipi-weak-signal-run-1/latency/av-1/ack bytes=233 forwarded=1
1783350271.890879 publish topic=ipi/detector-output-to-ipi-weak-signal-run-1/latency/av-1/request bytes=1431 forwarded=1
1783350271.891651 publish topic=ipi/detector-output-to-ipi-weak-signal-run-1/latency/av-1/ack bytes=233 forwarded=1
1783350272.151520 publish topic=ipi/detector-output-to-ipi-weak-signal-run-1/latency/av-1/request bytes=1431 forwarded=1
1783350272.152183 publish topic=ipi/detector-output-to-ipi-weak-signal-run-1/latency/av-1/ack bytes=233 forwarded=1
1783350272.391915 publish topic=ipi/detector-output-to-ipi-weak-signal-run-1/latency/av-1/request bytes=1431 forwarded=1
1783350272.392586 publish topic=ipi/detector-output-to-ipi-weak-signal-run-1/latency/av-1/ack bytes=233 forwarded=1
1783350272.682369 publish topic=ipi/detector-output-to-ipi-weak-signal-run-1/latency/av-1/request bytes=1431 forwarded=1
1783350272.683073 publish topic=ipi/detector-output-to-ipi-weak-signal-run-1/latency/av-1/ack bytes=233 forwarded=1
1783350272.972921 publish topic=ipi/detector-output-to-ipi-weak-signal-run-1/latency/av-1/request bytes=1431 forwarded=1
1783350272.973589 publish topic=ipi/detector-output-to-ipi-weak-signal-run-1/latency/av-1/ack bytes=233 forwarded=1
1783350273.203124 publish topic=ipi/detector-output-to-ipi-weak-signal-run-1/latency/av-1/request bytes=1431 forwarded=1
1783350273.203770 publish topic=ipi/detector-output-to-ipi-weak-signal-run-1/latency/av-1/ack bytes=233 forwarded=1
1783350273.443369 publish topic=ipi/detector-output-to-ipi-weak-signal-run-1/latency/av-1/request bytes=1431 forwarded=1
1783350273.444011 publish topic=ipi/detector-output-to-ipi-weak-signal-run-1/latency/av-1/ack bytes=233 forwarded=1
1783350273.673588 publish topic=ipi/detector-output-to-ipi-weak-signal-run-1/latency/av-1/request bytes=1431 forwarded=1
1783350273.674389 publish topic=ipi/detector-output-to-ipi-weak-signal-run-1/latency/av-1/ack bytes=233 forwarded=1
1783350273.903862 publish topic=ipi/detector-output-to-ipi-weak-signal-run-1/latency/av-1/request bytes=1431 forwarded=1
1783350273.904555 publish topic=ipi/detector-output-to-ipi-weak-signal-run-1/latency/av-1/ack bytes=233 forwarded=1
1783350274.134091 publish topic=ipi/detector-output-to-ipi-weak-signal-run-1/latency/av-1/request bytes=1431 forwarded=1
1783350274.134782 publish topic=ipi/detector-output-to-ipi-weak-signal-run-1/latency/av-1/ack bytes=233 forwarded=1
1783350274.364222 publish topic=ipi/detector-output-to-ipi-weak-signal-run-1/latency/av-1/request bytes=1431 forwarded=1
1783350274.364861 publish topic=ipi/detector-output-to-ipi-weak-signal-run-1/latency/av-1/ack bytes=233 forwarded=1
1783350274.594307 publish topic=ipi/detector-output-to-ipi-weak-signal-run-1/latency/av-1/request bytes=1431 forwarded=1
1783350274.594955 publish topic=ipi/detector-output-to-ipi-weak-signal-run-1/latency/av-1/ack bytes=233 forwarded=1
1783350274.824751 publish topic=ipi/detector-output-to-ipi-weak-signal-run-1/latency/av-1/request bytes=1431 forwarded=1
1783350274.825388 publish topic=ipi/detector-output-to-ipi-weak-signal-run-1/latency/av-1/ack bytes=233 forwarded=1
1783350275.044895 publish topic=ipi/detector-output-to-ipi-weak-signal-run-1/latency/av-1/request bytes=1431 forwarded=1
1783350275.045572 publish topic=ipi/detector-output-to-ipi-weak-signal-run-1/latency/av-1/ack bytes=233 forwarded=1
1783350275.285057 publish topic=ipi/detector-output-to-ipi-weak-signal-run-1/latency/av-1/request bytes=1431 forwarded=1
1783350275.285800 publish topic=ipi/detector-output-to-ipi-weak-signal-run-1/latency/av-1/ack bytes=233 forwarded=1
1783350275.525482 publish topic=ipi/detector-output-to-ipi-weak-signal-run-1/latency/av-1/request bytes=1431 forwarded=1
1783350275.526169 publish topic=ipi/detector-output-to-ipi-weak-signal-run-1/latency/av-1/ack bytes=233 forwarded=1
1783350275.765543 publish topic=ipi/detector-output-to-ipi-weak-signal-run-1/latency/av-1/request bytes=1431 forwarded=1
1783350275.766191 publish topic=ipi/detector-output-to-ipi-weak-signal-run-1/latency/av-1/ack bytes=233 forwarded=1
1783350275.995932 publish topic=ipi/detector-output-to-ipi-weak-signal-run-1/latency/av-1/request bytes=1431 forwarded=1
1783350275.996614 publish topic=ipi/detector-output-to-ipi-weak-signal-run-1/latency/av-1/ack bytes=233 forwarded=1
1783350276.246232 publish topic=ipi/detector-output-to-ipi-weak-signal-run-1/latency/av-1/request bytes=1431 forwarded=1
1783350276.246897 publish topic=ipi/detector-output-to-ipi-weak-signal-run-1/latency/av-1/ack bytes=233 forwarded=1
1783350276.486207 publish topic=ipi/detector-output-to-ipi-weak-signal-run-1/latency/av-1/request bytes=1431 forwarded=1
1783350276.486884 publish topic=ipi/detector-output-to-ipi-weak-signal-run-1/latency/av-1/ack bytes=233 forwarded=1
1783350276.726569 publish topic=ipi/detector-output-to-ipi-weak-signal-run-1/latency/av-1/request bytes=1431 forwarded=1
1783350276.727144 publish topic=ipi/detector-output-to-ipi-weak-signal-run-1/latency/av-1/ack bytes=233 forwarded=1
1783350276.966989 publish topic=ipi/detector-output-to-ipi-weak-signal-run-1/latency/av-1/request bytes=1431 forwarded=1
1783350276.967630 publish topic=ipi/detector-output-to-ipi-weak-signal-run-1/latency/av-1/ack bytes=233 forwarded=1
1783350277.207292 publish topic=ipi/detector-output-to-ipi-weak-signal-run-1/latency/av-1/request bytes=1431 forwarded=1
1783350277.207932 publish topic=ipi/detector-output-to-ipi-weak-signal-run-1/latency/av-1/ack bytes=233 forwarded=1
1783350277.447417 publish topic=ipi/detector-output-to-ipi-weak-signal-run-1/latency/av-1/request bytes=1431 forwarded=1
1783350277.447970 publish topic=ipi/detector-output-to-ipi-weak-signal-run-1/latency/av-1/ack bytes=233 forwarded=1
1783350277.687826 publish topic=ipi/detector-output-to-ipi-weak-signal-run-1/latency/av-1/request bytes=1431 forwarded=1
1783350277.688406 publish topic=ipi/detector-output-to-ipi-weak-signal-run-1/latency/av-1/ack bytes=233 forwarded=1
1783350277.928007 publish topic=ipi/detector-output-to-ipi-weak-signal-run-1/latency/av-1/request bytes=1431 forwarded=1
1783350277.928579 publish topic=ipi/detector-output-to-ipi-weak-signal-run-1/latency/av-1/ack bytes=233 forwarded=1
1783350278.168092 publish topic=ipi/detector-output-to-ipi-weak-signal-run-1/latency/av-1/request bytes=1431 forwarded=1
1783350278.168676 publish topic=ipi/detector-output-to-ipi-weak-signal-run-1/latency/av-1/ack bytes=233 forwarded=1
1783350278.408452 publish topic=ipi/detector-output-to-ipi-weak-signal-run-1/latency/av-1/request bytes=1431 forwarded=1
1783350278.409094 publish topic=ipi/detector-output-to-ipi-weak-signal-run-1/latency/av-1/ack bytes=233 forwarded=1
1783350278.648777 publish topic=ipi/detector-output-to-ipi-weak-signal-run-1/latency/av-1/request bytes=1431 forwarded=1
1783350278.649459 publish topic=ipi/detector-output-to-ipi-weak-signal-run-1/latency/av-1/ack bytes=233 forwarded=1
1783350278.888879 publish topic=ipi/detector-output-to-ipi-weak-signal-run-1/latency/av-1/request bytes=1431 forwarded=1
1783350278.889484 publish topic=ipi/detector-output-to-ipi-weak-signal-run-1/latency/av-1/ack bytes=233 forwarded=1
1783350279.129054 publish topic=ipi/detector-output-to-ipi-weak-signal-run-1/latency/av-1/request bytes=1431 forwarded=1
1783350279.129720 publish topic=ipi/detector-output-to-ipi-weak-signal-run-1/latency/av-1/ack bytes=233 forwarded=1
1783350279.369265 publish topic=ipi/detector-output-to-ipi-weak-signal-run-1/latency/av-1/request bytes=1431 forwarded=1
1783350279.369853 publish topic=ipi/detector-output-to-ipi-weak-signal-run-1/latency/av-1/ack bytes=233 forwarded=1
1783350279.599390 publish topic=ipi/detector-output-to-ipi-weak-signal-run-1/latency/av-1/request bytes=1431 forwarded=1
1783350279.599956 publish topic=ipi/detector-output-to-ipi-weak-signal-run-1/latency/av-1/ack bytes=233 forwarded=1
1783350279.839895 publish topic=ipi/detector-output-to-ipi-weak-signal-run-1/latency/av-1/request bytes=1431 forwarded=1
1783350279.840479 publish topic=ipi/detector-output-to-ipi-weak-signal-run-1/latency/av-1/ack bytes=233 forwarded=1
1783350280.080038 publish topic=ipi/detector-output-to-ipi-weak-signal-run-1/latency/av-1/request bytes=1431 forwarded=1
1783350280.080628 publish topic=ipi/detector-output-to-ipi-weak-signal-run-1/latency/av-1/ack bytes=233 forwarded=1
1783350280.320313 publish topic=ipi/detector-output-to-ipi-weak-signal-run-1/latency/av-1/request bytes=1431 forwarded=1
1783350280.320967 publish topic=ipi/detector-output-to-ipi-weak-signal-run-1/latency/av-1/ack bytes=233 forwarded=1
1783350280.560724 publish topic=ipi/detector-output-to-ipi-weak-signal-run-1/latency/av-1/request bytes=1431 forwarded=1
1783350280.561321 publish topic=ipi/detector-output-to-ipi-weak-signal-run-1/latency/av-1/ack bytes=233 forwarded=1
1783350280.800978 publish topic=ipi/detector-output-to-ipi-weak-signal-run-1/latency/av-1/request bytes=1431 forwarded=1
1783350280.801594 publish topic=ipi/detector-output-to-ipi-weak-signal-run-1/latency/av-1/ack bytes=233 forwarded=1
1783350281.041131 publish topic=ipi/detector-output-to-ipi-weak-signal-run-1/latency/av-1/request bytes=1431 forwarded=1
1783350281.041723 publish topic=ipi/detector-output-to-ipi-weak-signal-run-1/latency/av-1/ack bytes=233 forwarded=1
1783350281.281470 publish topic=ipi/detector-output-to-ipi-weak-signal-run-1/latency/av-1/request bytes=1431 forwarded=1
1783350281.282132 publish topic=ipi/detector-output-to-ipi-weak-signal-run-1/latency/av-1/ack bytes=233 forwarded=1
1783350281.521502 publish topic=ipi/detector-output-to-ipi-weak-signal-run-1/latency/av-1/request bytes=1431 forwarded=1
1783350281.522121 publish topic=ipi/detector-output-to-ipi-weak-signal-run-1/latency/av-1/ack bytes=233 forwarded=1
1783350281.761687 publish topic=ipi/detector-output-to-ipi-weak-signal-run-1/latency/av-1/request bytes=1431 forwarded=1
1783350281.762296 publish topic=ipi/detector-output-to-ipi-weak-signal-run-1/latency/av-1/ack bytes=233 forwarded=1
1783350282.002014 publish topic=ipi/detector-output-to-ipi-weak-signal-run-1/latency/av-1/request bytes=1431 forwarded=1
1783350282.002745 publish topic=ipi/detector-output-to-ipi-weak-signal-run-1/latency/av-1/ack bytes=233 forwarded=1
1783350282.242268 publish topic=ipi/detector-output-to-ipi-weak-signal-run-1/latency/av-1/request bytes=1431 forwarded=1
1783350282.242953 publish topic=ipi/detector-output-to-ipi-weak-signal-run-1/latency/av-1/ack bytes=233 forwarded=1
1783350282.482567 publish topic=ipi/detector-output-to-ipi-weak-signal-run-1/latency/av-1/request bytes=1431 forwarded=1
1783350282.483226 publish topic=ipi/detector-output-to-ipi-weak-signal-run-1/latency/av-1/ack bytes=233 forwarded=1
1783350282.712718 publish topic=ipi/detector-output-to-ipi-weak-signal-run-1/latency/av-1/request bytes=1431 forwarded=1
1783350282.713314 publish topic=ipi/detector-output-to-ipi-weak-signal-run-1/latency/av-1/ack bytes=233 forwarded=1
1783350282.953158 publish topic=ipi/detector-output-to-ipi-weak-signal-run-1/latency/av-1/request bytes=1431 forwarded=1
1783350282.953753 publish topic=ipi/detector-output-to-ipi-weak-signal-run-1/latency/av-1/ack bytes=233 forwarded=1
1783350283.203085 publish topic=ipi/detector-output-to-ipi-weak-signal-run-1/latency/av-1/request bytes=1431 forwarded=1
1783350283.203670 publish topic=ipi/detector-output-to-ipi-weak-signal-run-1/latency/av-1/ack bytes=233 forwarded=1
1783350283.473583 publish topic=ipi/detector-output-to-ipi-weak-signal-run-1/latency/av-1/request bytes=1431 forwarded=1
1783350283.474187 publish topic=ipi/detector-output-to-ipi-weak-signal-run-1/latency/av-1/ack bytes=233 forwarded=1
1783350283.773994 publish topic=ipi/detector-output-to-ipi-weak-signal-run-1/latency/av-1/request bytes=1431 forwarded=1
1783350283.774629 publish topic=ipi/detector-output-to-ipi-weak-signal-run-1/latency/av-1/ack bytes=233 forwarded=1
1783350284.054544 publish topic=ipi/detector-output-to-ipi-weak-signal-run-1/latency/av-1/request bytes=1431 forwarded=1
1783350284.055181 publish topic=ipi/detector-output-to-ipi-weak-signal-run-1/latency/av-1/ack bytes=233 forwarded=1
1783350284.334908 publish topic=ipi/detector-output-to-ipi-weak-signal-run-1/latency/av-1/request bytes=1431 forwarded=1
1783350284.335542 publish topic=ipi/detector-output-to-ipi-weak-signal-run-1/latency/av-1/ack bytes=233 forwarded=1
1783350284.605475 publish topic=ipi/detector-output-to-ipi-weak-signal-run-1/latency/av-1/request bytes=1431 forwarded=1
1783350284.606117 publish topic=ipi/detector-output-to-ipi-weak-signal-run-1/latency/av-1/ack bytes=233 forwarded=1
1783350284.885835 publish topic=ipi/detector-output-to-ipi-weak-signal-run-1/latency/av-1/request bytes=1431 forwarded=1
1783350284.886433 publish topic=ipi/detector-output-to-ipi-weak-signal-run-1/latency/av-1/ack bytes=233 forwarded=1
1783350285.206655 publish topic=ipi/detector-output-to-ipi-weak-signal-run-1/latency/av-1/request bytes=1431 forwarded=1
1783350285.207282 publish topic=ipi/detector-output-to-ipi-weak-signal-run-1/latency/av-1/ack bytes=233 forwarded=1
1783350285.517037 publish topic=ipi/detector-output-to-ipi-weak-signal-run-1/latency/av-1/request bytes=1431 forwarded=1
1783350285.517680 publish topic=ipi/detector-output-to-ipi-weak-signal-run-1/latency/av-1/ack bytes=233 forwarded=1
1783350285.757515 publish topic=ipi/detector-output-to-ipi-weak-signal-run-1/latency/av-1/request bytes=1431 forwarded=1
1783350285.758153 publish topic=ipi/detector-output-to-ipi-weak-signal-run-1/latency/av-1/ack bytes=233 forwarded=1
1783350285.997580 publish topic=ipi/detector-output-to-ipi-weak-signal-run-1/latency/av-1/request bytes=1431 forwarded=1
1783350285.998201 publish topic=ipi/detector-output-to-ipi-weak-signal-run-1/latency/av-1/ack bytes=233 forwarded=1
1783350286.238202 publish topic=ipi/detector-output-to-ipi-weak-signal-run-1/latency/av-1/request bytes=1431 forwarded=1
1783350286.238926 publish topic=ipi/detector-output-to-ipi-weak-signal-run-1/latency/av-1/ack bytes=233 forwarded=1
1783350286.478426 publish topic=ipi/detector-output-to-ipi-weak-signal-run-1/latency/av-1/request bytes=1431 forwarded=1
1783350286.479166 publish topic=ipi/detector-output-to-ipi-weak-signal-run-1/latency/av-1/ack bytes=233 forwarded=1
1783350286.708826 publish topic=ipi/detector-output-to-ipi-weak-signal-run-1/latency/av-1/request bytes=1431 forwarded=1
1783350286.709451 publish topic=ipi/detector-output-to-ipi-weak-signal-run-1/latency/av-1/ack bytes=233 forwarded=1
1783350286.949067 publish topic=ipi/detector-output-to-ipi-weak-signal-run-1/latency/av-1/request bytes=1431 forwarded=1
1783350286.949691 publish topic=ipi/detector-output-to-ipi-weak-signal-run-1/latency/av-1/ack bytes=233 forwarded=1
1783350287.179231 publish topic=ipi/detector-output-to-ipi-weak-signal-run-1/latency/av-1/request bytes=1431 forwarded=1
1783350287.179862 publish topic=ipi/detector-output-to-ipi-weak-signal-run-1/latency/av-1/ack bytes=233 forwarded=1
1783350287.419558 publish topic=ipi/detector-output-to-ipi-weak-signal-run-1/latency/av-1/request bytes=1431 forwarded=1
1783350287.420283 publish topic=ipi/detector-output-to-ipi-weak-signal-run-1/latency/av-1/ack bytes=233 forwarded=1
1783350287.659894 publish topic=ipi/detector-output-to-ipi-weak-signal-run-1/latency/av-1/request bytes=1431 forwarded=1
1783350287.660515 publish topic=ipi/detector-output-to-ipi-weak-signal-run-1/latency/av-1/ack bytes=233 forwarded=1
1783350287.900089 publish topic=ipi/detector-output-to-ipi-weak-signal-run-1/latency/av-1/request bytes=1431 forwarded=1
1783350287.900727 publish topic=ipi/detector-output-to-ipi-weak-signal-run-1/latency/av-1/ack bytes=233 forwarded=1
1783350288.140573 publish topic=ipi/detector-output-to-ipi-weak-signal-run-1/latency/av-1/request bytes=1431 forwarded=1
1783350288.141199 publish topic=ipi/detector-output-to-ipi-weak-signal-run-1/latency/av-1/ack bytes=233 forwarded=1
1783350288.380773 publish topic=ipi/detector-output-to-ipi-weak-signal-run-1/latency/av-1/request bytes=1431 forwarded=1
1783350288.381475 publish topic=ipi/detector-output-to-ipi-weak-signal-run-1/latency/av-1/ack bytes=233 forwarded=1
1783350288.620733 publish topic=ipi/detector-output-to-ipi-weak-signal-run-1/latency/av-1/request bytes=1431 forwarded=1
1783350288.621342 publish topic=ipi/detector-output-to-ipi-weak-signal-run-1/latency/av-1/ack bytes=233 forwarded=1
1783350288.861371 publish topic=ipi/detector-output-to-ipi-weak-signal-run-1/latency/av-1/request bytes=1431 forwarded=1
1783350288.861997 publish topic=ipi/detector-output-to-ipi-weak-signal-run-1/latency/av-1/ack bytes=233 forwarded=1
1783350289.101608 publish topic=ipi/detector-output-to-ipi-weak-signal-run-1/latency/av-1/request bytes=1431 forwarded=1
1783350289.102263 publish topic=ipi/detector-output-to-ipi-weak-signal-run-1/latency/av-1/ack bytes=233 forwarded=1
1783350289.341869 publish topic=ipi/detector-output-to-ipi-weak-signal-run-1/latency/av-1/request bytes=1431 forwarded=1
1783350289.342527 publish topic=ipi/detector-output-to-ipi-weak-signal-run-1/latency/av-1/ack bytes=233 forwarded=1
1783350289.581963 publish topic=ipi/detector-output-to-ipi-weak-signal-run-1/latency/av-1/request bytes=1431 forwarded=1
1783350289.582630 publish topic=ipi/detector-output-to-ipi-weak-signal-run-1/latency/av-1/ack bytes=233 forwarded=1
1783350289.832278 publish topic=ipi/detector-output-to-ipi-weak-signal-run-1/latency/av-1/request bytes=1431 forwarded=1
1783350289.833034 publish topic=ipi/detector-output-to-ipi-weak-signal-run-1/latency/av-1/ack bytes=233 forwarded=1
1783350290.072740 publish topic=ipi/detector-output-to-ipi-weak-signal-run-1/latency/av-1/request bytes=1431 forwarded=1
1783350290.073497 publish topic=ipi/detector-output-to-ipi-weak-signal-run-1/latency/av-1/ack bytes=233 forwarded=1
1783350290.312864 publish topic=ipi/detector-output-to-ipi-weak-signal-run-1/latency/av-1/request bytes=1431 forwarded=1
1783350290.313629 publish topic=ipi/detector-output-to-ipi-weak-signal-run-1/latency/av-1/ack bytes=233 forwarded=1
1783350290.552801 publish topic=ipi/detector-output-to-ipi-weak-signal-run-1/latency/av-1/request bytes=1431 forwarded=1
1783350290.553524 publish topic=ipi/detector-output-to-ipi-weak-signal-run-1/latency/av-1/ack bytes=233 forwarded=1
1783350290.793563 publish topic=ipi/detector-output-to-ipi-weak-signal-run-1/latency/av-1/request bytes=1431 forwarded=1
1783350290.794224 publish topic=ipi/detector-output-to-ipi-weak-signal-run-1/latency/av-1/ack bytes=233 forwarded=1
1783350291.033609 publish topic=ipi/detector-output-to-ipi-weak-signal-run-1/latency/av-1/request bytes=1431 forwarded=1
1783350291.034326 publish topic=ipi/detector-output-to-ipi-weak-signal-run-1/latency/av-1/ack bytes=233 forwarded=1
1783350291.273966 publish topic=ipi/detector-output-to-ipi-weak-signal-run-1/latency/av-1/request bytes=1431 forwarded=1
1783350291.274714 publish topic=ipi/detector-output-to-ipi-weak-signal-run-1/latency/av-1/ack bytes=233 forwarded=1
1783350291.514243 publish topic=ipi/detector-output-to-ipi-weak-signal-run-1/latency/av-1/request bytes=1431 forwarded=1
1783350291.515016 publish topic=ipi/detector-output-to-ipi-weak-signal-run-1/latency/av-1/ack bytes=233 forwarded=1
1783350291.744415 publish topic=ipi/detector-output-to-ipi-weak-signal-run-1/latency/av-1/request bytes=1431 forwarded=1
1783350291.745089 publish topic=ipi/detector-output-to-ipi-weak-signal-run-1/latency/av-1/ack bytes=233 forwarded=1
1783350291.984728 publish topic=ipi/detector-output-to-ipi-weak-signal-run-1/latency/av-1/request bytes=1431 forwarded=1
1783350291.985368 publish topic=ipi/detector-output-to-ipi-weak-signal-run-1/latency/av-1/ack bytes=233 forwarded=1
1783350292.214961 publish topic=ipi/detector-output-to-ipi-weak-signal-run-1/latency/av-1/request bytes=1431 forwarded=1
1783350292.215693 publish topic=ipi/detector-output-to-ipi-weak-signal-run-1/latency/av-1/ack bytes=233 forwarded=1
1783350292.455179 publish topic=ipi/detector-output-to-ipi-weak-signal-run-1/latency/av-1/request bytes=1431 forwarded=1
1783350292.455897 publish topic=ipi/detector-output-to-ipi-weak-signal-run-1/latency/av-1/ack bytes=233 forwarded=1
1783350292.695581 publish topic=ipi/detector-output-to-ipi-weak-signal-run-1/latency/av-1/request bytes=1431 forwarded=1
1783350292.696256 publish topic=ipi/detector-output-to-ipi-weak-signal-run-1/latency/av-1/ack bytes=233 forwarded=1
1783350292.945938 publish topic=ipi/detector-output-to-ipi-weak-signal-run-1/latency/av-1/request bytes=1431 forwarded=1
1783350292.946602 publish topic=ipi/detector-output-to-ipi-weak-signal-run-1/latency/av-1/ack bytes=233 forwarded=1
1783350293.196121 publish topic=ipi/detector-output-to-ipi-weak-signal-run-1/latency/av-1/request bytes=1431 forwarded=1
1783350293.196855 publish topic=ipi/detector-output-to-ipi-weak-signal-run-1/latency/av-1/ack bytes=233 forwarded=1
1783350293.446426 publish topic=ipi/detector-output-to-ipi-weak-signal-run-1/latency/av-1/request bytes=1431 forwarded=1
1783350293.447083 publish topic=ipi/detector-output-to-ipi-weak-signal-run-1/latency/av-1/ack bytes=233 forwarded=1
1783350293.696810 publish topic=ipi/detector-output-to-ipi-weak-signal-run-1/latency/av-1/request bytes=1431 forwarded=1
1783350293.697450 publish topic=ipi/detector-output-to-ipi-weak-signal-run-1/latency/av-1/ack bytes=233 forwarded=1
1783350293.936919 publish topic=ipi/detector-output-to-ipi-weak-signal-run-1/latency/av-1/request bytes=1431 forwarded=1
1783350293.937553 publish topic=ipi/detector-output-to-ipi-weak-signal-run-1/latency/av-1/ack bytes=233 forwarded=1
1783350294.177006 publish topic=ipi/detector-output-to-ipi-weak-signal-run-1/latency/av-1/request bytes=1431 forwarded=1
1783350294.177662 publish topic=ipi/detector-output-to-ipi-weak-signal-run-1/latency/av-1/ack bytes=233 forwarded=1
1783350294.427445 publish topic=ipi/detector-output-to-ipi-weak-signal-run-1/latency/av-1/request bytes=1431 forwarded=1
1783350294.428087 publish topic=ipi/detector-output-to-ipi-weak-signal-run-1/latency/av-1/ack bytes=233 forwarded=1
1783350294.667841 publish topic=ipi/detector-output-to-ipi-weak-signal-run-1/latency/av-1/request bytes=1431 forwarded=1
1783350294.668496 publish topic=ipi/detector-output-to-ipi-weak-signal-run-1/latency/av-1/ack bytes=233 forwarded=1
1783350294.908125 publish topic=ipi/detector-output-to-ipi-weak-signal-run-1/latency/av-1/request bytes=1431 forwarded=1
1783350294.908772 publish topic=ipi/detector-output-to-ipi-weak-signal-run-1/latency/av-1/ack bytes=233 forwarded=1
1783350295.148440 publish topic=ipi/detector-output-to-ipi-weak-signal-run-1/latency/av-1/request bytes=1431 forwarded=1
1783350295.149073 publish topic=ipi/detector-output-to-ipi-weak-signal-run-1/latency/av-1/ack bytes=233 forwarded=1
1783350295.388590 publish topic=ipi/detector-output-to-ipi-weak-signal-run-1/latency/av-1/request bytes=1431 forwarded=1
1783350295.389192 publish topic=ipi/detector-output-to-ipi-weak-signal-run-1/latency/av-1/ack bytes=233 forwarded=1
1783350295.629040 publish topic=ipi/detector-output-to-ipi-weak-signal-run-1/latency/av-1/request bytes=1431 forwarded=1
1783350295.629674 publish topic=ipi/detector-output-to-ipi-weak-signal-run-1/latency/av-1/ack bytes=233 forwarded=1
1783350295.858968 publish topic=ipi/detector-output-to-ipi-weak-signal-run-1/latency/av-1/request bytes=1431 forwarded=1
1783350295.859590 publish topic=ipi/detector-output-to-ipi-weak-signal-run-1/latency/av-1/ack bytes=233 forwarded=1
1783350296.119475 publish topic=ipi/detector-output-to-ipi-weak-signal-run-1/latency/av-1/request bytes=1431 forwarded=1
1783350296.120188 publish topic=ipi/detector-output-to-ipi-weak-signal-run-1/latency/av-1/ack bytes=233 forwarded=1
1783350296.380145 publish topic=ipi/detector-output-to-ipi-weak-signal-run-1/latency/av-1/request bytes=1431 forwarded=1
1783350296.380745 publish topic=ipi/detector-output-to-ipi-weak-signal-run-1/latency/av-1/ack bytes=233 forwarded=1
1783350296.660473 publish topic=ipi/detector-output-to-ipi-weak-signal-run-1/latency/av-1/request bytes=1431 forwarded=1
1783350296.661156 publish topic=ipi/detector-output-to-ipi-weak-signal-run-1/latency/av-1/ack bytes=233 forwarded=1
1783350296.960997 publish topic=ipi/detector-output-to-ipi-weak-signal-run-1/latency/av-1/request bytes=1431 forwarded=1
1783350296.961611 publish topic=ipi/detector-output-to-ipi-weak-signal-run-1/latency/av-1/ack bytes=233 forwarded=1
1783350297.241774 publish topic=ipi/detector-output-to-ipi-weak-signal-run-1/latency/av-1/request bytes=1431 forwarded=1
1783350297.242384 publish topic=ipi/detector-output-to-ipi-weak-signal-run-1/latency/av-1/ack bytes=233 forwarded=1
1783350297.491940 publish topic=ipi/detector-output-to-ipi-weak-signal-run-1/latency/av-1/request bytes=1431 forwarded=1
1783350297.492542 publish topic=ipi/detector-output-to-ipi-weak-signal-run-1/latency/av-1/ack bytes=233 forwarded=1
1783350297.752357 publish topic=ipi/detector-output-to-ipi-weak-signal-run-1/latency/av-1/request bytes=1431 forwarded=1
1783350297.753016 publish topic=ipi/detector-output-to-ipi-weak-signal-run-1/latency/av-1/ack bytes=233 forwarded=1
1783350298.002685 publish topic=ipi/detector-output-to-ipi-weak-signal-run-1/latency/av-1/request bytes=1431 forwarded=1
1783350298.003345 publish topic=ipi/detector-output-to-ipi-weak-signal-run-1/latency/av-1/ack bytes=233 forwarded=1
1783350298.233271 publish topic=ipi/detector-output-to-ipi-weak-signal-run-1/latency/av-1/request bytes=1431 forwarded=1
1783350298.233903 publish topic=ipi/detector-output-to-ipi-weak-signal-run-1/latency/av-1/ack bytes=233 forwarded=1
1783350298.473116 publish topic=ipi/detector-output-to-ipi-weak-signal-run-1/latency/av-1/request bytes=1431 forwarded=1
1783350298.473760 publish topic=ipi/detector-output-to-ipi-weak-signal-run-1/latency/av-1/ack bytes=233 forwarded=1
1783350298.713627 publish topic=ipi/detector-output-to-ipi-weak-signal-run-1/latency/av-1/request bytes=1431 forwarded=1
1783350298.714324 publish topic=ipi/detector-output-to-ipi-weak-signal-run-1/latency/av-1/ack bytes=233 forwarded=1
1783350298.954046 publish topic=ipi/detector-output-to-ipi-weak-signal-run-1/latency/av-1/request bytes=1431 forwarded=1
1783350298.954697 publish topic=ipi/detector-output-to-ipi-weak-signal-run-1/latency/av-1/ack bytes=233 forwarded=1
1783350299.184119 publish topic=ipi/detector-output-to-ipi-weak-signal-run-1/latency/av-1/request bytes=1431 forwarded=1
1783350299.184719 publish topic=ipi/detector-output-to-ipi-weak-signal-run-1/latency/av-1/ack bytes=233 forwarded=1
1783350299.424345 publish topic=ipi/detector-output-to-ipi-weak-signal-run-1/latency/av-1/request bytes=1431 forwarded=1
1783350299.424932 publish topic=ipi/detector-output-to-ipi-weak-signal-run-1/latency/av-1/ack bytes=233 forwarded=1
1783350299.664681 publish topic=ipi/detector-output-to-ipi-weak-signal-run-1/latency/av-1/request bytes=1431 forwarded=1
1783350299.665277 publish topic=ipi/detector-output-to-ipi-weak-signal-run-1/latency/av-1/ack bytes=233 forwarded=1
1783350299.894912 publish topic=ipi/detector-output-to-ipi-weak-signal-run-1/latency/av-1/request bytes=1431 forwarded=1
1783350299.895512 publish topic=ipi/detector-output-to-ipi-weak-signal-run-1/latency/av-1/ack bytes=233 forwarded=1
1783350300.134988 publish topic=ipi/detector-output-to-ipi-weak-signal-run-1/latency/av-1/request bytes=1431 forwarded=1
1783350300.135602 publish topic=ipi/detector-output-to-ipi-weak-signal-run-1/latency/av-1/ack bytes=233 forwarded=1
1783350300.375519 publish topic=ipi/detector-output-to-ipi-weak-signal-run-1/latency/av-1/request bytes=1431 forwarded=1
1783350300.376119 publish topic=ipi/detector-output-to-ipi-weak-signal-run-1/latency/av-1/ack bytes=233 forwarded=1
1783350300.625513 publish topic=ipi/detector-output-to-ipi-weak-signal-run-1/latency/av-1/request bytes=1431 forwarded=1
1783350300.626112 publish topic=ipi/detector-output-to-ipi-weak-signal-run-1/latency/av-1/ack bytes=233 forwarded=1
1783350300.866092 publish topic=ipi/detector-output-to-ipi-weak-signal-run-1/latency/av-1/request bytes=1431 forwarded=1
1783350300.866760 publish topic=ipi/detector-output-to-ipi-weak-signal-run-1/latency/av-1/ack bytes=233 forwarded=1
1783350301.116374 publish topic=ipi/detector-output-to-ipi-weak-signal-run-1/latency/av-1/request bytes=1431 forwarded=1
1783350301.117002 publish topic=ipi/detector-output-to-ipi-weak-signal-run-1/latency/av-1/ack bytes=233 forwarded=1
1783350301.356521 publish topic=ipi/detector-output-to-ipi-weak-signal-run-1/latency/av-1/request bytes=1431 forwarded=1
1783350301.357224 publish topic=ipi/detector-output-to-ipi-weak-signal-run-1/latency/av-1/ack bytes=233 forwarded=1
1783350301.596743 publish topic=ipi/detector-output-to-ipi-weak-signal-run-1/latency/av-1/request bytes=1431 forwarded=1
1783350301.597386 publish topic=ipi/detector-output-to-ipi-weak-signal-run-1/latency/av-1/ack bytes=233 forwarded=1
1783350301.827045 publish topic=ipi/detector-output-to-ipi-weak-signal-run-1/latency/av-1/request bytes=1431 forwarded=1
1783350301.827665 publish topic=ipi/detector-output-to-ipi-weak-signal-run-1/latency/av-1/ack bytes=233 forwarded=1
1783350302.057462 publish topic=ipi/detector-output-to-ipi-weak-signal-run-1/latency/av-1/request bytes=1431 forwarded=1
1783350302.058096 publish topic=ipi/detector-output-to-ipi-weak-signal-run-1/latency/av-1/ack bytes=233 forwarded=1
1783350302.287609 publish topic=ipi/detector-output-to-ipi-weak-signal-run-1/latency/av-1/request bytes=1431 forwarded=1
1783350302.288181 publish topic=ipi/detector-output-to-ipi-weak-signal-run-1/latency/av-1/ack bytes=233 forwarded=1
1783350302.517970 publish topic=ipi/detector-output-to-ipi-weak-signal-run-1/latency/av-1/request bytes=1431 forwarded=1
1783350302.518680 publish topic=ipi/detector-output-to-ipi-weak-signal-run-1/latency/av-1/ack bytes=233 forwarded=1
1783350302.748334 publish topic=ipi/detector-output-to-ipi-weak-signal-run-1/latency/av-1/request bytes=1431 forwarded=1
1783350302.748973 publish topic=ipi/detector-output-to-ipi-weak-signal-run-1/latency/av-1/ack bytes=233 forwarded=1
1783350302.978602 publish topic=ipi/detector-output-to-ipi-weak-signal-run-1/latency/av-1/request bytes=1431 forwarded=1
1783350302.979319 publish topic=ipi/detector-output-to-ipi-weak-signal-run-1/latency/av-1/ack bytes=233 forwarded=1
1783350303.218766 publish topic=ipi/detector-output-to-ipi-weak-signal-run-1/latency/av-1/request bytes=1431 forwarded=1
1783350303.219380 publish topic=ipi/detector-output-to-ipi-weak-signal-run-1/latency/av-1/ack bytes=233 forwarded=1
1783350303.458991 publish topic=ipi/detector-output-to-ipi-weak-signal-run-1/latency/av-1/request bytes=1431 forwarded=1
1783350303.459600 publish topic=ipi/detector-output-to-ipi-weak-signal-run-1/latency/av-1/ack bytes=233 forwarded=1
1783350303.699447 publish topic=ipi/detector-output-to-ipi-weak-signal-run-1/latency/av-1/request bytes=1431 forwarded=1
1783350303.700063 publish topic=ipi/detector-output-to-ipi-weak-signal-run-1/latency/av-1/ack bytes=233 forwarded=1
1783350303.929754 publish topic=ipi/detector-output-to-ipi-weak-signal-run-1/latency/av-1/request bytes=1431 forwarded=1
1783350303.930362 publish topic=ipi/detector-output-to-ipi-weak-signal-run-1/latency/av-1/ack bytes=233 forwarded=1
1783350304.169659 publish topic=ipi/detector-output-to-ipi-weak-signal-run-1/latency/av-1/request bytes=1431 forwarded=1
1783350304.170259 publish topic=ipi/detector-output-to-ipi-weak-signal-run-1/latency/av-1/ack bytes=233 forwarded=1
1783350304.410229 publish topic=ipi/detector-output-to-ipi-weak-signal-run-1/latency/av-1/request bytes=1431 forwarded=1
1783350304.410950 publish topic=ipi/detector-output-to-ipi-weak-signal-run-1/latency/av-1/ack bytes=233 forwarded=1
1783350304.650495 publish topic=ipi/detector-output-to-ipi-weak-signal-run-1/latency/av-1/request bytes=1431 forwarded=1
1783350304.651177 publish topic=ipi/detector-output-to-ipi-weak-signal-run-1/latency/av-1/ack bytes=233 forwarded=1
1783350304.890705 publish topic=ipi/detector-output-to-ipi-weak-signal-run-1/latency/av-1/request bytes=1431 forwarded=1
1783350304.891321 publish topic=ipi/detector-output-to-ipi-weak-signal-run-1/latency/av-1/ack bytes=233 forwarded=1
1783350305.130965 publish topic=ipi/detector-output-to-ipi-weak-signal-run-1/latency/av-1/request bytes=1431 forwarded=1
1783350305.131714 publish topic=ipi/detector-output-to-ipi-weak-signal-run-1/latency/av-1/ack bytes=233 forwarded=1
1783350305.381395 publish topic=ipi/detector-output-to-ipi-weak-signal-run-1/latency/av-1/request bytes=1431 forwarded=1
1783350305.381998 publish topic=ipi/detector-output-to-ipi-weak-signal-run-1/latency/av-1/ack bytes=233 forwarded=1
1783350305.621601 publish topic=ipi/detector-output-to-ipi-weak-signal-run-1/latency/av-1/request bytes=1431 forwarded=1
1783350305.622285 publish topic=ipi/detector-output-to-ipi-weak-signal-run-1/latency/av-1/ack bytes=233 forwarded=1
1783350305.851735 publish topic=ipi/detector-output-to-ipi-weak-signal-run-1/latency/av-1/request bytes=1431 forwarded=1
1783350305.852547 publish topic=ipi/detector-output-to-ipi-weak-signal-run-1/latency/av-1/ack bytes=233 forwarded=1
1783350306.091985 publish topic=ipi/detector-output-to-ipi-weak-signal-run-1/latency/av-1/request bytes=1431 forwarded=1
1783350306.092407 publish topic=ipi/detector-output-to-ipi-weak-signal-run-1/latency/av-1/ack bytes=233 forwarded=1
1783350306.332378 publish topic=ipi/detector-output-to-ipi-weak-signal-run-1/latency/av-1/request bytes=1431 forwarded=1
1783350306.333181 publish topic=ipi/detector-output-to-ipi-weak-signal-run-1/latency/av-1/ack bytes=233 forwarded=1
1783350306.622725 publish topic=ipi/detector-output-to-ipi-weak-signal-run-1/latency/av-1/request bytes=1431 forwarded=1
1783350306.623431 publish topic=ipi/detector-output-to-ipi-weak-signal-run-1/latency/av-1/ack bytes=233 forwarded=1
1783350306.862884 publish topic=ipi/detector-output-to-ipi-weak-signal-run-1/latency/av-1/request bytes=1431 forwarded=1
1783350306.863530 publish topic=ipi/detector-output-to-ipi-weak-signal-run-1/latency/av-1/ack bytes=233 forwarded=1
1783350307.103198 publish topic=ipi/detector-output-to-ipi-weak-signal-run-1/latency/av-1/request bytes=1431 forwarded=1
1783350307.103880 publish topic=ipi/detector-output-to-ipi-weak-signal-run-1/latency/av-1/ack bytes=233 forwarded=1
1783350307.333419 publish topic=ipi/detector-output-to-ipi-weak-signal-run-1/latency/av-1/request bytes=1431 forwarded=1
1783350307.334116 publish topic=ipi/detector-output-to-ipi-weak-signal-run-1/latency/av-1/ack bytes=233 forwarded=1
1783350307.573529 publish topic=ipi/detector-output-to-ipi-weak-signal-run-1/latency/av-1/request bytes=1431 forwarded=1
1783350307.574167 publish topic=ipi/detector-output-to-ipi-weak-signal-run-1/latency/av-1/ack bytes=233 forwarded=1
1783350307.804042 publish topic=ipi/detector-output-to-ipi-weak-signal-run-1/latency/av-1/request bytes=1431 forwarded=1
1783350307.804776 publish topic=ipi/detector-output-to-ipi-weak-signal-run-1/latency/av-1/ack bytes=233 forwarded=1
1783350308.044204 publish topic=ipi/detector-output-to-ipi-weak-signal-run-1/latency/av-1/request bytes=1431 forwarded=1
1783350308.044894 publish topic=ipi/detector-output-to-ipi-weak-signal-run-1/latency/av-1/ack bytes=233 forwarded=1
1783350308.334663 publish topic=ipi/detector-output-to-ipi-weak-signal-run-1/latency/av-1/request bytes=1431 forwarded=1
1783350308.335425 publish topic=ipi/detector-output-to-ipi-weak-signal-run-1/latency/av-1/ack bytes=233 forwarded=1
1783350308.625021 publish topic=ipi/detector-output-to-ipi-weak-signal-run-1/latency/av-1/request bytes=1431 forwarded=1
1783350308.625768 publish topic=ipi/detector-output-to-ipi-weak-signal-run-1/latency/av-1/ack bytes=233 forwarded=1
1783350308.895498 publish topic=ipi/detector-output-to-ipi-weak-signal-run-1/latency/av-1/request bytes=1431 forwarded=1
1783350308.895926 publish topic=ipi/detector-output-to-ipi-weak-signal-run-1/latency/av-1/ack bytes=233 forwarded=1
1783350309.176162 publish topic=ipi/detector-output-to-ipi-weak-signal-run-1/latency/av-1/request bytes=1431 forwarded=1
1783350309.176995 publish topic=ipi/detector-output-to-ipi-weak-signal-run-1/latency/av-1/ack bytes=233 forwarded=1
1783350309.436630 publish topic=ipi/detector-output-to-ipi-weak-signal-run-1/latency/av-1/request bytes=1431 forwarded=1
1783350309.437331 publish topic=ipi/detector-output-to-ipi-weak-signal-run-1/latency/av-1/ack bytes=233 forwarded=1
1783350309.686961 publish topic=ipi/detector-output-to-ipi-weak-signal-run-1/latency/av-1/request bytes=1431 forwarded=1
1783350309.687705 publish topic=ipi/detector-output-to-ipi-weak-signal-run-1/latency/av-1/ack bytes=233 forwarded=1
1783350309.957632 publish topic=ipi/detector-output-to-ipi-weak-signal-run-1/latency/av-1/request bytes=1431 forwarded=1
1783350309.958386 publish topic=ipi/detector-output-to-ipi-weak-signal-run-1/latency/av-1/ack bytes=233 forwarded=1
1783350310.227875 publish topic=ipi/detector-output-to-ipi-weak-signal-run-1/latency/av-1/request bytes=1431 forwarded=1
1783350310.228615 publish topic=ipi/detector-output-to-ipi-weak-signal-run-1/latency/av-1/ack bytes=233 forwarded=1
1783350310.468494 publish topic=ipi/detector-output-to-ipi-weak-signal-run-1/latency/av-1/request bytes=1431 forwarded=1
1783350310.469247 publish topic=ipi/detector-output-to-ipi-weak-signal-run-1/latency/av-1/ack bytes=233 forwarded=1
1783350310.708844 publish topic=ipi/detector-output-to-ipi-weak-signal-run-1/latency/av-1/request bytes=1431 forwarded=1
1783350310.709584 publish topic=ipi/detector-output-to-ipi-weak-signal-run-1/latency/av-1/ack bytes=233 forwarded=1
1783350310.949216 publish topic=ipi/detector-output-to-ipi-weak-signal-run-1/latency/av-1/request bytes=1431 forwarded=1
1783350310.950037 publish topic=ipi/detector-output-to-ipi-weak-signal-run-1/latency/av-1/ack bytes=233 forwarded=1
1783350311.189427 publish topic=ipi/detector-output-to-ipi-weak-signal-run-1/latency/av-1/request bytes=1431 forwarded=1
1783350311.190170 publish topic=ipi/detector-output-to-ipi-weak-signal-run-1/latency/av-1/ack bytes=233 forwarded=1
1783350311.429722 publish topic=ipi/detector-output-to-ipi-weak-signal-run-1/latency/av-1/request bytes=1431 forwarded=1
1783350311.430494 publish topic=ipi/detector-output-to-ipi-weak-signal-run-1/latency/av-1/ack bytes=233 forwarded=1
1783350311.669976 publish topic=ipi/detector-output-to-ipi-weak-signal-run-1/latency/av-1/request bytes=1431 forwarded=1
1783350311.670753 publish topic=ipi/detector-output-to-ipi-weak-signal-run-1/latency/av-1/ack bytes=233 forwarded=1
1783350311.910342 publish topic=ipi/detector-output-to-ipi-weak-signal-run-1/latency/av-1/request bytes=1431 forwarded=1
1783350311.911095 publish topic=ipi/detector-output-to-ipi-weak-signal-run-1/latency/av-1/ack bytes=233 forwarded=1
1783350312.150308 publish topic=ipi/detector-output-to-ipi-weak-signal-run-1/latency/av-1/request bytes=1431 forwarded=1
1783350312.150959 publish topic=ipi/detector-output-to-ipi-weak-signal-run-1/latency/av-1/ack bytes=233 forwarded=1
1783350312.390806 publish topic=ipi/detector-output-to-ipi-weak-signal-run-1/latency/av-1/request bytes=1431 forwarded=1
1783350312.391552 publish topic=ipi/detector-output-to-ipi-weak-signal-run-1/latency/av-1/ack bytes=233 forwarded=1
1783350312.630990 publish topic=ipi/detector-output-to-ipi-weak-signal-run-1/latency/av-1/request bytes=1431 forwarded=1
1783350312.631739 publish topic=ipi/detector-output-to-ipi-weak-signal-run-1/latency/av-1/ack bytes=233 forwarded=1
1783350312.871443 publish topic=ipi/detector-output-to-ipi-weak-signal-run-1/latency/av-1/request bytes=1431 forwarded=1
1783350312.872203 publish topic=ipi/detector-output-to-ipi-weak-signal-run-1/latency/av-1/ack bytes=233 forwarded=1
1783350313.111559 publish topic=ipi/detector-output-to-ipi-weak-signal-run-1/latency/av-1/request bytes=1431 forwarded=1
1783350313.112310 publish topic=ipi/detector-output-to-ipi-weak-signal-run-1/latency/av-1/ack bytes=233 forwarded=1
1783350313.351767 publish topic=ipi/detector-output-to-ipi-weak-signal-run-1/latency/av-1/request bytes=1431 forwarded=1
1783350313.352582 publish topic=ipi/detector-output-to-ipi-weak-signal-run-1/latency/av-1/ack bytes=233 forwarded=1
1783350313.592136 publish topic=ipi/detector-output-to-ipi-weak-signal-run-1/latency/av-1/request bytes=1431 forwarded=1
1783350313.592889 publish topic=ipi/detector-output-to-ipi-weak-signal-run-1/latency/av-1/ack bytes=233 forwarded=1
1783350313.832595 publish topic=ipi/detector-output-to-ipi-weak-signal-run-1/latency/av-1/request bytes=1431 forwarded=1
1783350313.833294 publish topic=ipi/detector-output-to-ipi-weak-signal-run-1/latency/av-1/ack bytes=233 forwarded=1
1783350314.072796 publish topic=ipi/detector-output-to-ipi-weak-signal-run-1/latency/av-1/request bytes=1431 forwarded=1
1783350314.073466 publish topic=ipi/detector-output-to-ipi-weak-signal-run-1/latency/av-1/ack bytes=233 forwarded=1
1783350314.312772 publish topic=ipi/detector-output-to-ipi-weak-signal-run-1/latency/av-1/request bytes=1431 forwarded=1
1783350314.313459 publish topic=ipi/detector-output-to-ipi-weak-signal-run-1/latency/av-1/ack bytes=233 forwarded=1
1783350314.553046 publish topic=ipi/detector-output-to-ipi-weak-signal-run-1/latency/av-1/request bytes=1431 forwarded=1
1783350314.553662 publish topic=ipi/detector-output-to-ipi-weak-signal-run-1/latency/av-1/ack bytes=233 forwarded=1
1783350314.793472 publish topic=ipi/detector-output-to-ipi-weak-signal-run-1/latency/av-1/request bytes=1431 forwarded=1
1783350314.794151 publish topic=ipi/detector-output-to-ipi-weak-signal-run-1/latency/av-1/ack bytes=233 forwarded=1
1783350315.023751 publish topic=ipi/detector-output-to-ipi-weak-signal-run-1/latency/av-1/request bytes=1431 forwarded=1
1783350315.024415 publish topic=ipi/detector-output-to-ipi-weak-signal-run-1/latency/av-1/ack bytes=233 forwarded=1
1783350315.264131 publish topic=ipi/detector-output-to-ipi-weak-signal-run-1/latency/av-1/request bytes=1431 forwarded=1
1783350315.264788 publish topic=ipi/detector-output-to-ipi-weak-signal-run-1/latency/av-1/ack bytes=233 forwarded=1
1783350315.494506 publish topic=ipi/detector-output-to-ipi-weak-signal-run-1/latency/av-1/request bytes=1431 forwarded=1
1783350315.495121 publish topic=ipi/detector-output-to-ipi-weak-signal-run-1/latency/av-1/ack bytes=233 forwarded=1
1783350315.724700 publish topic=ipi/detector-output-to-ipi-weak-signal-run-1/latency/av-1/request bytes=1431 forwarded=1
1783350315.725379 publish topic=ipi/detector-output-to-ipi-weak-signal-run-1/latency/av-1/ack bytes=233 forwarded=1
1783350315.964841 publish topic=ipi/detector-output-to-ipi-weak-signal-run-1/latency/av-1/request bytes=1431 forwarded=1
1783350315.965499 publish topic=ipi/detector-output-to-ipi-weak-signal-run-1/latency/av-1/ack bytes=233 forwarded=1
1783350316.204988 publish topic=ipi/detector-output-to-ipi-weak-signal-run-1/latency/av-1/request bytes=1431 forwarded=1
1783350316.205678 publish topic=ipi/detector-output-to-ipi-weak-signal-run-1/latency/av-1/ack bytes=233 forwarded=1
1783350316.445530 publish topic=ipi/detector-output-to-ipi-weak-signal-run-1/latency/av-1/request bytes=1431 forwarded=1
1783350316.446158 publish topic=ipi/detector-output-to-ipi-weak-signal-run-1/latency/av-1/ack bytes=233 forwarded=1
1783350316.685569 publish topic=ipi/detector-output-to-ipi-weak-signal-run-1/latency/av-1/request bytes=1431 forwarded=1
1783350316.686296 publish topic=ipi/detector-output-to-ipi-weak-signal-run-1/latency/av-1/ack bytes=233 forwarded=1
1783350316.936047 publish topic=ipi/detector-output-to-ipi-weak-signal-run-1/latency/av-1/request bytes=1431 forwarded=1
1783350316.936752 publish topic=ipi/detector-output-to-ipi-weak-signal-run-1/latency/av-1/ack bytes=233 forwarded=1
1783350317.176363 publish topic=ipi/detector-output-to-ipi-weak-signal-run-1/latency/av-1/request bytes=1431 forwarded=1
1783350317.176995 publish topic=ipi/detector-output-to-ipi-weak-signal-run-1/latency/av-1/ack bytes=233 forwarded=1
1783350317.426528 publish topic=ipi/detector-output-to-ipi-weak-signal-run-1/latency/av-1/request bytes=1431 forwarded=1
1783350317.427163 publish topic=ipi/detector-output-to-ipi-weak-signal-run-1/latency/av-1/ack bytes=233 forwarded=1
1783350317.666940 publish topic=ipi/detector-output-to-ipi-weak-signal-run-1/latency/av-1/request bytes=1431 forwarded=1
1783350317.667630 publish topic=ipi/detector-output-to-ipi-weak-signal-run-1/latency/av-1/ack bytes=233 forwarded=1
1783350317.917084 publish topic=ipi/detector-output-to-ipi-weak-signal-run-1/latency/av-1/request bytes=1431 forwarded=1
1783350317.917783 publish topic=ipi/detector-output-to-ipi-weak-signal-run-1/latency/av-1/ack bytes=233 forwarded=1
1783350318.167521 publish topic=ipi/detector-output-to-ipi-weak-signal-run-1/latency/av-1/request bytes=1431 forwarded=1
1783350318.168165 publish topic=ipi/detector-output-to-ipi-weak-signal-run-1/latency/av-1/ack bytes=233 forwarded=1
1783350318.468022 publish topic=ipi/detector-output-to-ipi-weak-signal-run-1/latency/av-1/request bytes=1431 forwarded=1
1783350318.468706 publish topic=ipi/detector-output-to-ipi-weak-signal-run-1/latency/av-1/ack bytes=233 forwarded=1
1783350318.708290 publish topic=ipi/detector-output-to-ipi-weak-signal-run-1/latency/av-1/request bytes=1431 forwarded=1
1783350318.708955 publish topic=ipi/detector-output-to-ipi-weak-signal-run-1/latency/av-1/ack bytes=233 forwarded=1
1783350318.948880 publish topic=ipi/detector-output-to-ipi-weak-signal-run-1/latency/av-1/request bytes=1431 forwarded=1
1783350318.949570 publish topic=ipi/detector-output-to-ipi-weak-signal-run-1/latency/av-1/ack bytes=233 forwarded=1
1783350319.188988 publish topic=ipi/detector-output-to-ipi-weak-signal-run-1/latency/av-1/request bytes=1431 forwarded=1
1783350319.189611 publish topic=ipi/detector-output-to-ipi-weak-signal-run-1/latency/av-1/ack bytes=233 forwarded=1
1783350319.428809 publish topic=ipi/detector-output-to-ipi-weak-signal-run-1/latency/av-1/request bytes=1433 forwarded=1
1783350319.429416 publish topic=ipi/detector-output-to-ipi-weak-signal-run-1/latency/av-1/ack bytes=234 forwarded=1
1783350319.458980 close ('10.120.121.16', 52986) disconnect
1783350320.096526 close ('127.0.0.1', 37108) closed
