threaded mqtt broker listening on 0.0.0.0:1883
1783351783.710022 accept ('10.120.121.16', 48724)
1783351783.711714 close ('10.120.121.16', 48724) closed
1783351784.339278 accept ('127.0.0.1', 38208)
1783351784.340706 subscribe ('127.0.0.1', 38208) ipi/detector-output-to-ipi-weak-signal-run-1/latency/av-1/request
1783351786.393215 accept ('10.120.121.16', 48732)
1783351786.533327 subscribe ('10.120.121.16', 48732) ipi/detector-output-to-ipi-weak-signal-run-1/latency/av-1/ack
1783351787.204685 publish topic=ipi/detector-output-to-ipi-weak-signal-run-1/latency/av-1/request bytes=25429 forwarded=1
1783351787.205632 publish topic=ipi/detector-output-to-ipi-weak-signal-run-1/latency/av-1/ack bytes=232 forwarded=1
1783351788.146196 publish topic=ipi/detector-output-to-ipi-weak-signal-run-1/latency/av-1/request bytes=25429 forwarded=1
1783351788.147036 publish topic=ipi/detector-output-to-ipi-weak-signal-run-1/latency/av-1/ack bytes=232 forwarded=1
1783351788.456735 publish topic=ipi/detector-output-to-ipi-weak-signal-run-1/latency/av-1/request bytes=25429 forwarded=1
1783351788.457471 publish topic=ipi/detector-output-to-ipi-weak-signal-run-1/latency/av-1/ack bytes=232 forwarded=1
1783351788.787296 publish topic=ipi/detector-output-to-ipi-weak-signal-run-1/latency/av-1/request bytes=25429 forwarded=1
1783351788.788071 publish topic=ipi/detector-output-to-ipi-weak-signal-run-1/latency/av-1/ack bytes=232 forwarded=1
1783351789.157720 publish topic=ipi/detector-output-to-ipi-weak-signal-run-1/latency/av-1/request bytes=25429 forwarded=1
1783351789.158509 publish topic=ipi/detector-output-to-ipi-weak-signal-run-1/latency/av-1/ack bytes=232 forwarded=1
1783351789.488076 publish topic=ipi/detector-output-to-ipi-weak-signal-run-1/latency/av-1/request bytes=25429 forwarded=1
1783351789.488748 publish topic=ipi/detector-output-to-ipi-weak-signal-run-1/latency/av-1/ack bytes=232 forwarded=1
1783351789.928718 publish topic=ipi/detector-output-to-ipi-weak-signal-run-1/latency/av-1/request bytes=25429 forwarded=1
1783351789.929492 publish topic=ipi/detector-output-to-ipi-weak-signal-run-1/latency/av-1/ack bytes=232 forwarded=1
1783351790.389541 publish topic=ipi/detector-output-to-ipi-weak-signal-run-1/latency/av-1/request bytes=25429 forwarded=1
1783351790.390303 publish topic=ipi/detector-output-to-ipi-weak-signal-run-1/latency/av-1/ack bytes=232 forwarded=1
1783351790.830503 publish topic=ipi/detector-output-to-ipi-weak-signal-run-1/latency/av-1/request bytes=25429 forwarded=1
1783351790.831295 publish topic=ipi/detector-output-to-ipi-weak-signal-run-1/latency/av-1/ack bytes=232 forwarded=1
1783351791.261320 publish topic=ipi/detector-output-to-ipi-weak-signal-run-1/latency/av-1/request bytes=25431 forwarded=1
1783351791.262094 publish topic=ipi/detector-output-to-ipi-weak-signal-run-1/latency/av-1/ack bytes=233 forwarded=1
1783351791.712104 publish topic=ipi/detector-output-to-ipi-weak-signal-run-1/latency/av-1/request bytes=25431 forwarded=1
1783351791.712847 publish topic=ipi/detector-output-to-ipi-weak-signal-run-1/latency/av-1/ack bytes=233 forwarded=1
1783351792.192847 publish topic=ipi/detector-output-to-ipi-weak-signal-run-1/latency/av-1/request bytes=25431 forwarded=1
1783351792.193668 publish topic=ipi/detector-output-to-ipi-weak-signal-run-1/latency/av-1/ack bytes=233 forwarded=1
1783351792.623609 publish topic=ipi/detector-output-to-ipi-weak-signal-run-1/latency/av-1/request bytes=25431 forwarded=1
1783351792.624350 publish topic=ipi/detector-output-to-ipi-weak-signal-run-1/latency/av-1/ack bytes=233 forwarded=1
1783351792.984215 publish topic=ipi/detector-output-to-ipi-weak-signal-run-1/latency/av-1/request bytes=25431 forwarded=1
1783351792.984963 publish topic=ipi/detector-output-to-ipi-weak-signal-run-1/latency/av-1/ack bytes=233 forwarded=1
1783351793.314674 publish topic=ipi/detector-output-to-ipi-weak-signal-run-1/latency/av-1/request bytes=25431 forwarded=1
1783351793.315412 publish topic=ipi/detector-output-to-ipi-weak-signal-run-1/latency/av-1/ack bytes=233 forwarded=1
1783351793.664990 publish topic=ipi/detector-output-to-ipi-weak-signal-run-1/latency/av-1/request bytes=25431 forwarded=1
1783351793.665728 publish topic=ipi/detector-output-to-ipi-weak-signal-run-1/latency/av-1/ack bytes=233 forwarded=1
1783351793.995458 publish topic=ipi/detector-output-to-ipi-weak-signal-run-1/latency/av-1/request bytes=25431 forwarded=1
1783351793.996180 publish topic=ipi/detector-output-to-ipi-weak-signal-run-1/latency/av-1/ack bytes=233 forwarded=1
1783351794.416034 publish topic=ipi/detector-output-to-ipi-weak-signal-run-1/latency/av-1/request bytes=25431 forwarded=1
1783351794.416776 publish topic=ipi/detector-output-to-ipi-weak-signal-run-1/latency/av-1/ack bytes=233 forwarded=1
1783351794.826547 publish topic=ipi/detector-output-to-ipi-weak-signal-run-1/latency/av-1/request bytes=25431 forwarded=1
1783351794.827288 publish topic=ipi/detector-output-to-ipi-weak-signal-run-1/latency/av-1/ack bytes=233 forwarded=1
1783351795.227000 publish topic=ipi/detector-output-to-ipi-weak-signal-run-1/latency/av-1/request bytes=25431 forwarded=1
1783351795.227787 publish topic=ipi/detector-output-to-ipi-weak-signal-run-1/latency/av-1/ack bytes=233 forwarded=1
1783351795.657592 publish topic=ipi/detector-output-to-ipi-weak-signal-run-1/latency/av-1/request bytes=25431 forwarded=1
1783351795.658348 publish topic=ipi/detector-output-to-ipi-weak-signal-run-1/latency/av-1/ack bytes=233 forwarded=1
1783351796.058134 publish topic=ipi/detector-output-to-ipi-weak-signal-run-1/latency/av-1/request bytes=25431 forwarded=1
1783351796.058907 publish topic=ipi/detector-output-to-ipi-weak-signal-run-1/latency/av-1/ack bytes=233 forwarded=1
1783351796.438699 publish topic=ipi/detector-output-to-ipi-weak-signal-run-1/latency/av-1/request bytes=25431 forwarded=1
1783351796.439501 publish topic=ipi/detector-output-to-ipi-weak-signal-run-1/latency/av-1/ack bytes=233 forwarded=1
1783351796.798947 publish topic=ipi/detector-output-to-ipi-weak-signal-run-1/latency/av-1/request bytes=25431 forwarded=1
1783351796.799693 publish topic=ipi/detector-output-to-ipi-weak-signal-run-1/latency/av-1/ack bytes=233 forwarded=1
1783351797.179616 publish topic=ipi/detector-output-to-ipi-weak-signal-run-1/latency/av-1/request bytes=25431 forwarded=1
1783351797.180408 publish topic=ipi/detector-output-to-ipi-weak-signal-run-1/latency/av-1/ack bytes=233 forwarded=1
1783351797.570181 publish topic=ipi/detector-output-to-ipi-weak-signal-run-1/latency/av-1/request bytes=25431 forwarded=1
1783351797.570946 publish topic=ipi/detector-output-to-ipi-weak-signal-run-1/latency/av-1/ack bytes=233 forwarded=1
1783351797.930893 publish topic=ipi/detector-output-to-ipi-weak-signal-run-1/latency/av-1/request bytes=25431 forwarded=1
1783351797.931620 publish topic=ipi/detector-output-to-ipi-weak-signal-run-1/latency/av-1/ack bytes=233 forwarded=1
1783351798.321324 publish topic=ipi/detector-output-to-ipi-weak-signal-run-1/latency/av-1/request bytes=25431 forwarded=1
1783351798.321994 publish topic=ipi/detector-output-to-ipi-weak-signal-run-1/latency/av-1/ack bytes=233 forwarded=1
1783351798.692079 publish topic=ipi/detector-output-to-ipi-weak-signal-run-1/latency/av-1/request bytes=25431 forwarded=1
1783351798.692841 publish topic=ipi/detector-output-to-ipi-weak-signal-run-1/latency/av-1/ack bytes=233 forwarded=1
1783351799.052424 publish topic=ipi/detector-output-to-ipi-weak-signal-run-1/latency/av-1/request bytes=25431 forwarded=1
1783351799.053126 publish topic=ipi/detector-output-to-ipi-weak-signal-run-1/latency/av-1/ack bytes=233 forwarded=1
1783351799.402915 publish topic=ipi/detector-output-to-ipi-weak-signal-run-1/latency/av-1/request bytes=25431 forwarded=1
1783351799.403740 publish topic=ipi/detector-output-to-ipi-weak-signal-run-1/latency/av-1/ack bytes=233 forwarded=1
1783351799.803600 publish topic=ipi/detector-output-to-ipi-weak-signal-run-1/latency/av-1/request bytes=25431 forwarded=1
1783351799.804341 publish topic=ipi/detector-output-to-ipi-weak-signal-run-1/latency/av-1/ack bytes=233 forwarded=1
1783351800.193964 publish topic=ipi/detector-output-to-ipi-weak-signal-run-1/latency/av-1/request bytes=25431 forwarded=1
1783351800.194718 publish topic=ipi/detector-output-to-ipi-weak-signal-run-1/latency/av-1/ack bytes=233 forwarded=1
1783351800.534439 publish topic=ipi/detector-output-to-ipi-weak-signal-run-1/latency/av-1/request bytes=25431 forwarded=1
1783351800.535230 publish topic=ipi/detector-output-to-ipi-weak-signal-run-1/latency/av-1/ack bytes=233 forwarded=1
1783351800.874691 publish topic=ipi/detector-output-to-ipi-weak-signal-run-1/latency/av-1/request bytes=25431 forwarded=1
1783351800.875439 publish topic=ipi/detector-output-to-ipi-weak-signal-run-1/latency/av-1/ack bytes=233 forwarded=1
1783351801.235113 publish topic=ipi/detector-output-to-ipi-weak-signal-run-1/latency/av-1/request bytes=25431 forwarded=1
1783351801.235901 publish topic=ipi/detector-output-to-ipi-weak-signal-run-1/latency/av-1/ack bytes=233 forwarded=1
1783351801.605751 publish topic=ipi/detector-output-to-ipi-weak-signal-run-1/latency/av-1/request bytes=25431 forwarded=1
1783351801.606561 publish topic=ipi/detector-output-to-ipi-weak-signal-run-1/latency/av-1/ack bytes=233 forwarded=1
1783351801.966349 publish topic=ipi/detector-output-to-ipi-weak-signal-run-1/latency/av-1/request bytes=25431 forwarded=1
1783351801.967125 publish topic=ipi/detector-output-to-ipi-weak-signal-run-1/latency/av-1/ack bytes=233 forwarded=1
1783351802.306597 publish topic=ipi/detector-output-to-ipi-weak-signal-run-1/latency/av-1/request bytes=25431 forwarded=1
1783351802.307313 publish topic=ipi/detector-output-to-ipi-weak-signal-run-1/latency/av-1/ack bytes=233 forwarded=1
1783351802.667284 publish topic=ipi/detector-output-to-ipi-weak-signal-run-1/latency/av-1/request bytes=25431 forwarded=1
1783351802.667999 publish topic=ipi/detector-output-to-ipi-weak-signal-run-1/latency/av-1/ack bytes=233 forwarded=1
1783351802.997772 publish topic=ipi/detector-output-to-ipi-weak-signal-run-1/latency/av-1/request bytes=25431 forwarded=1
1783351802.998523 publish topic=ipi/detector-output-to-ipi-weak-signal-run-1/latency/av-1/ack bytes=233 forwarded=1
1783351803.338078 publish topic=ipi/detector-output-to-ipi-weak-signal-run-1/latency/av-1/request bytes=25431 forwarded=1
1783351803.338775 publish topic=ipi/detector-output-to-ipi-weak-signal-run-1/latency/av-1/ack bytes=233 forwarded=1
1783351803.668568 publish topic=ipi/detector-output-to-ipi-weak-signal-run-1/latency/av-1/request bytes=25431 forwarded=1
1783351803.669312 publish topic=ipi/detector-output-to-ipi-weak-signal-run-1/latency/av-1/ack bytes=233 forwarded=1
1783351804.018854 publish topic=ipi/detector-output-to-ipi-weak-signal-run-1/latency/av-1/request bytes=25431 forwarded=1
1783351804.019602 publish topic=ipi/detector-output-to-ipi-weak-signal-run-1/latency/av-1/ack bytes=233 forwarded=1
1783351804.369244 publish topic=ipi/detector-output-to-ipi-weak-signal-run-1/latency/av-1/request bytes=25431 forwarded=1
1783351804.369942 publish topic=ipi/detector-output-to-ipi-weak-signal-run-1/latency/av-1/ack bytes=233 forwarded=1
1783351804.729864 publish topic=ipi/detector-output-to-ipi-weak-signal-run-1/latency/av-1/request bytes=25431 forwarded=1
1783351804.730682 publish topic=ipi/detector-output-to-ipi-weak-signal-run-1/latency/av-1/ack bytes=233 forwarded=1
1783351805.080544 publish topic=ipi/detector-output-to-ipi-weak-signal-run-1/latency/av-1/request bytes=25431 forwarded=1
1783351805.081275 publish topic=ipi/detector-output-to-ipi-weak-signal-run-1/latency/av-1/ack bytes=233 forwarded=1
1783351805.430912 publish topic=ipi/detector-output-to-ipi-weak-signal-run-1/latency/av-1/request bytes=25431 forwarded=1
1783351805.431627 publish topic=ipi/detector-output-to-ipi-weak-signal-run-1/latency/av-1/ack bytes=233 forwarded=1
1783351805.781323 publish topic=ipi/detector-output-to-ipi-weak-signal-run-1/latency/av-1/request bytes=25431 forwarded=1
1783351805.782054 publish topic=ipi/detector-output-to-ipi-weak-signal-run-1/latency/av-1/ack bytes=233 forwarded=1
1783351806.392182 publish topic=ipi/detector-output-to-ipi-weak-signal-run-1/latency/av-1/request bytes=25431 forwarded=1
1783351806.392902 publish topic=ipi/detector-output-to-ipi-weak-signal-run-1/latency/av-1/ack bytes=233 forwarded=1
1783351806.873212 publish topic=ipi/detector-output-to-ipi-weak-signal-run-1/latency/av-1/request bytes=25431 forwarded=1
1783351806.873932 publish topic=ipi/detector-output-to-ipi-weak-signal-run-1/latency/av-1/ack bytes=233 forwarded=1
1783351807.303832 publish topic=ipi/detector-output-to-ipi-weak-signal-run-1/latency/av-1/request bytes=25431 forwarded=1
1783351807.304544 publish topic=ipi/detector-output-to-ipi-weak-signal-run-1/latency/av-1/ack bytes=233 forwarded=1
1783351807.734722 publish topic=ipi/detector-output-to-ipi-weak-signal-run-1/latency/av-1/request bytes=25431 forwarded=1
1783351807.735609 publish topic=ipi/detector-output-to-ipi-weak-signal-run-1/latency/av-1/ack bytes=233 forwarded=1
1783351808.215454 publish topic=ipi/detector-output-to-ipi-weak-signal-run-1/latency/av-1/request bytes=25431 forwarded=1
1783351808.216188 publish topic=ipi/detector-output-to-ipi-weak-signal-run-1/latency/av-1/ack bytes=233 forwarded=1
1783351808.626051 publish topic=ipi/detector-output-to-ipi-weak-signal-run-1/latency/av-1/request bytes=25431 forwarded=1
1783351808.626857 publish topic=ipi/detector-output-to-ipi-weak-signal-run-1/latency/av-1/ack bytes=233 forwarded=1
1783351809.046952 publish topic=ipi/detector-output-to-ipi-weak-signal-run-1/latency/av-1/request bytes=25431 forwarded=1
1783351809.047715 publish topic=ipi/detector-output-to-ipi-weak-signal-run-1/latency/av-1/ack bytes=233 forwarded=1
1783351809.417567 publish topic=ipi/detector-output-to-ipi-weak-signal-run-1/latency/av-1/request bytes=25431 forwarded=1
1783351809.418284 publish topic=ipi/detector-output-to-ipi-weak-signal-run-1/latency/av-1/ack bytes=233 forwarded=1
1783351809.827986 publish topic=ipi/detector-output-to-ipi-weak-signal-run-1/latency/av-1/request bytes=25431 forwarded=1
1783351809.828699 publish topic=ipi/detector-output-to-ipi-weak-signal-run-1/latency/av-1/ack bytes=233 forwarded=1
1783351810.188214 publish topic=ipi/detector-output-to-ipi-weak-signal-run-1/latency/av-1/request bytes=25431 forwarded=1
1783351810.189027 publish topic=ipi/detector-output-to-ipi-weak-signal-run-1/latency/av-1/ack bytes=233 forwarded=1
1783351810.508708 publish topic=ipi/detector-output-to-ipi-weak-signal-run-1/latency/av-1/request bytes=25431 forwarded=1
1783351810.509449 publish topic=ipi/detector-output-to-ipi-weak-signal-run-1/latency/av-1/ack bytes=233 forwarded=1
1783351810.839278 publish topic=ipi/detector-output-to-ipi-weak-signal-run-1/latency/av-1/request bytes=25431 forwarded=1
1783351810.840068 publish topic=ipi/detector-output-to-ipi-weak-signal-run-1/latency/av-1/ack bytes=233 forwarded=1
1783351811.179597 publish topic=ipi/detector-output-to-ipi-weak-signal-run-1/latency/av-1/request bytes=25431 forwarded=1
1783351811.180276 publish topic=ipi/detector-output-to-ipi-weak-signal-run-1/latency/av-1/ack bytes=233 forwarded=1
1783351811.509929 publish topic=ipi/detector-output-to-ipi-weak-signal-run-1/latency/av-1/request bytes=25431 forwarded=1
1783351811.510688 publish topic=ipi/detector-output-to-ipi-weak-signal-run-1/latency/av-1/ack bytes=233 forwarded=1
1783351811.850678 publish topic=ipi/detector-output-to-ipi-weak-signal-run-1/latency/av-1/request bytes=25431 forwarded=1
1783351811.851437 publish topic=ipi/detector-output-to-ipi-weak-signal-run-1/latency/av-1/ack bytes=233 forwarded=1
1783351812.221343 publish topic=ipi/detector-output-to-ipi-weak-signal-run-1/latency/av-1/request bytes=25431 forwarded=1
1783351812.222079 publish topic=ipi/detector-output-to-ipi-weak-signal-run-1/latency/av-1/ack bytes=233 forwarded=1
1783351812.601786 publish topic=ipi/detector-output-to-ipi-weak-signal-run-1/latency/av-1/request bytes=25431 forwarded=1
1783351812.602599 publish topic=ipi/detector-output-to-ipi-weak-signal-run-1/latency/av-1/ack bytes=233 forwarded=1
1783351812.942327 publish topic=ipi/detector-output-to-ipi-weak-signal-run-1/latency/av-1/request bytes=25431 forwarded=1
1783351812.943068 publish topic=ipi/detector-output-to-ipi-weak-signal-run-1/latency/av-1/ack bytes=233 forwarded=1
1783351813.282681 publish topic=ipi/detector-output-to-ipi-weak-signal-run-1/latency/av-1/request bytes=25431 forwarded=1
1783351813.283414 publish topic=ipi/detector-output-to-ipi-weak-signal-run-1/latency/av-1/ack bytes=233 forwarded=1
1783351813.633073 publish topic=ipi/detector-output-to-ipi-weak-signal-run-1/latency/av-1/request bytes=25431 forwarded=1
1783351813.633616 publish topic=ipi/detector-output-to-ipi-weak-signal-run-1/latency/av-1/ack bytes=233 forwarded=1
1783351813.993720 publish topic=ipi/detector-output-to-ipi-weak-signal-run-1/latency/av-1/request bytes=25431 forwarded=1
1783351813.994498 publish topic=ipi/detector-output-to-ipi-weak-signal-run-1/latency/av-1/ack bytes=233 forwarded=1
1783351814.324304 publish topic=ipi/detector-output-to-ipi-weak-signal-run-1/latency/av-1/request bytes=25431 forwarded=1
1783351814.325033 publish topic=ipi/detector-output-to-ipi-weak-signal-run-1/latency/av-1/ack bytes=233 forwarded=1
1783351814.664565 publish topic=ipi/detector-output-to-ipi-weak-signal-run-1/latency/av-1/request bytes=25431 forwarded=1
1783351814.665309 publish topic=ipi/detector-output-to-ipi-weak-signal-run-1/latency/av-1/ack bytes=233 forwarded=1
1783351814.975101 publish topic=ipi/detector-output-to-ipi-weak-signal-run-1/latency/av-1/request bytes=25431 forwarded=1
1783351814.975844 publish topic=ipi/detector-output-to-ipi-weak-signal-run-1/latency/av-1/ack bytes=233 forwarded=1
1783351815.325555 publish topic=ipi/detector-output-to-ipi-weak-signal-run-1/latency/av-1/request bytes=25431 forwarded=1
1783351815.326303 publish topic=ipi/detector-output-to-ipi-weak-signal-run-1/latency/av-1/ack bytes=233 forwarded=1
1783351815.675837 publish topic=ipi/detector-output-to-ipi-weak-signal-run-1/latency/av-1/request bytes=25431 forwarded=1
1783351815.676596 publish topic=ipi/detector-output-to-ipi-weak-signal-run-1/latency/av-1/ack bytes=233 forwarded=1
1783351816.026320 publish topic=ipi/detector-output-to-ipi-weak-signal-run-1/latency/av-1/request bytes=25431 forwarded=1
1783351816.026965 publish topic=ipi/detector-output-to-ipi-weak-signal-run-1/latency/av-1/ack bytes=233 forwarded=1
1783351816.386954 publish topic=ipi/detector-output-to-ipi-weak-signal-run-1/latency/av-1/request bytes=25431 forwarded=1
1783351816.387688 publish topic=ipi/detector-output-to-ipi-weak-signal-run-1/latency/av-1/ack bytes=233 forwarded=1
1783351816.747293 publish topic=ipi/detector-output-to-ipi-weak-signal-run-1/latency/av-1/request bytes=25431 forwarded=1
1783351816.747988 publish topic=ipi/detector-output-to-ipi-weak-signal-run-1/latency/av-1/ack bytes=233 forwarded=1
1783351817.067774 publish topic=ipi/detector-output-to-ipi-weak-signal-run-1/latency/av-1/request bytes=25431 forwarded=1
1783351817.068550 publish topic=ipi/detector-output-to-ipi-weak-signal-run-1/latency/av-1/ack bytes=233 forwarded=1
1783351817.398279 publish topic=ipi/detector-output-to-ipi-weak-signal-run-1/latency/av-1/request bytes=25431 forwarded=1
1783351817.398963 publish topic=ipi/detector-output-to-ipi-weak-signal-run-1/latency/av-1/ack bytes=233 forwarded=1
1783351817.768723 publish topic=ipi/detector-output-to-ipi-weak-signal-run-1/latency/av-1/request bytes=25431 forwarded=1
1783351817.769549 publish topic=ipi/detector-output-to-ipi-weak-signal-run-1/latency/av-1/ack bytes=233 forwarded=1
1783351818.079171 publish topic=ipi/detector-output-to-ipi-weak-signal-run-1/latency/av-1/request bytes=25431 forwarded=1
1783351818.079992 publish topic=ipi/detector-output-to-ipi-weak-signal-run-1/latency/av-1/ack bytes=233 forwarded=1
1783351818.469601 publish topic=ipi/detector-output-to-ipi-weak-signal-run-1/latency/av-1/request bytes=25431 forwarded=1
1783351818.470287 publish topic=ipi/detector-output-to-ipi-weak-signal-run-1/latency/av-1/ack bytes=233 forwarded=1
1783351818.840416 publish topic=ipi/detector-output-to-ipi-weak-signal-run-1/latency/av-1/request bytes=25431 forwarded=1
1783351818.841158 publish topic=ipi/detector-output-to-ipi-weak-signal-run-1/latency/av-1/ack bytes=233 forwarded=1
1783351819.200894 publish topic=ipi/detector-output-to-ipi-weak-signal-run-1/latency/av-1/request bytes=25431 forwarded=1
1783351819.201609 publish topic=ipi/detector-output-to-ipi-weak-signal-run-1/latency/av-1/ack bytes=233 forwarded=1
1783351819.551323 publish topic=ipi/detector-output-to-ipi-weak-signal-run-1/latency/av-1/request bytes=25431 forwarded=1
1783351819.552067 publish topic=ipi/detector-output-to-ipi-weak-signal-run-1/latency/av-1/ack bytes=233 forwarded=1
1783351819.901978 publish topic=ipi/detector-output-to-ipi-weak-signal-run-1/latency/av-1/request bytes=25431 forwarded=1
1783351819.902934 publish topic=ipi/detector-output-to-ipi-weak-signal-run-1/latency/av-1/ack bytes=233 forwarded=1
1783351820.222124 publish topic=ipi/detector-output-to-ipi-weak-signal-run-1/latency/av-1/request bytes=25431 forwarded=1
1783351820.222947 publish topic=ipi/detector-output-to-ipi-weak-signal-run-1/latency/av-1/ack bytes=233 forwarded=1
1783351820.532572 publish topic=ipi/detector-output-to-ipi-weak-signal-run-1/latency/av-1/request bytes=25431 forwarded=1
1783351820.533312 publish topic=ipi/detector-output-to-ipi-weak-signal-run-1/latency/av-1/ack bytes=233 forwarded=1
1783351820.882922 publish topic=ipi/detector-output-to-ipi-weak-signal-run-1/latency/av-1/request bytes=25431 forwarded=1
1783351820.883657 publish topic=ipi/detector-output-to-ipi-weak-signal-run-1/latency/av-1/ack bytes=233 forwarded=1
1783351821.373888 publish topic=ipi/detector-output-to-ipi-weak-signal-run-1/latency/av-1/request bytes=25431 forwarded=1
1783351821.374673 publish topic=ipi/detector-output-to-ipi-weak-signal-run-1/latency/av-1/ack bytes=233 forwarded=1
1783351821.744526 publish topic=ipi/detector-output-to-ipi-weak-signal-run-1/latency/av-1/request bytes=25431 forwarded=1
1783351821.745268 publish topic=ipi/detector-output-to-ipi-weak-signal-run-1/latency/av-1/ack bytes=233 forwarded=1
1783351822.074926 publish topic=ipi/detector-output-to-ipi-weak-signal-run-1/latency/av-1/request bytes=25431 forwarded=1
1783351822.075665 publish topic=ipi/detector-output-to-ipi-weak-signal-run-1/latency/av-1/ack bytes=233 forwarded=1
1783351822.445581 publish topic=ipi/detector-output-to-ipi-weak-signal-run-1/latency/av-1/request bytes=25431 forwarded=1
1783351822.446338 publish topic=ipi/detector-output-to-ipi-weak-signal-run-1/latency/av-1/ack bytes=233 forwarded=1
1783351822.876512 publish topic=ipi/detector-output-to-ipi-weak-signal-run-1/latency/av-1/request bytes=25431 forwarded=1
1783351822.877199 publish topic=ipi/detector-output-to-ipi-weak-signal-run-1/latency/av-1/ack bytes=233 forwarded=1
1783351823.267141 publish topic=ipi/detector-output-to-ipi-weak-signal-run-1/latency/av-1/request bytes=25431 forwarded=1
1783351823.267889 publish topic=ipi/detector-output-to-ipi-weak-signal-run-1/latency/av-1/ack bytes=233 forwarded=1
1783351823.607681 publish topic=ipi/detector-output-to-ipi-weak-signal-run-1/latency/av-1/request bytes=25431 forwarded=1
1783351823.608375 publish topic=ipi/detector-output-to-ipi-weak-signal-run-1/latency/av-1/ack bytes=233 forwarded=1
1783351823.988236 publish topic=ipi/detector-output-to-ipi-weak-signal-run-1/latency/av-1/request bytes=25431 forwarded=1
1783351823.988994 publish topic=ipi/detector-output-to-ipi-weak-signal-run-1/latency/av-1/ack bytes=233 forwarded=1
1783351824.348877 publish topic=ipi/detector-output-to-ipi-weak-signal-run-1/latency/av-1/request bytes=25431 forwarded=1
1783351824.349631 publish topic=ipi/detector-output-to-ipi-weak-signal-run-1/latency/av-1/ack bytes=233 forwarded=1
1783351824.709050 publish topic=ipi/detector-output-to-ipi-weak-signal-run-1/latency/av-1/request bytes=25433 forwarded=1
1783351824.709773 publish topic=ipi/detector-output-to-ipi-weak-signal-run-1/latency/av-1/ack bytes=234 forwarded=1
1783351825.059631 publish topic=ipi/detector-output-to-ipi-weak-signal-run-1/latency/av-1/request bytes=25433 forwarded=1
1783351825.060426 publish topic=ipi/detector-output-to-ipi-weak-signal-run-1/latency/av-1/ack bytes=234 forwarded=1
1783351825.390023 publish topic=ipi/detector-output-to-ipi-weak-signal-run-1/latency/av-1/request bytes=25433 forwarded=1
1783351825.390877 publish topic=ipi/detector-output-to-ipi-weak-signal-run-1/latency/av-1/ack bytes=234 forwarded=1
1783351825.720480 publish topic=ipi/detector-output-to-ipi-weak-signal-run-1/latency/av-1/request bytes=25433 forwarded=1
1783351825.721287 publish topic=ipi/detector-output-to-ipi-weak-signal-run-1/latency/av-1/ack bytes=234 forwarded=1
1783351826.101266 publish topic=ipi/detector-output-to-ipi-weak-signal-run-1/latency/av-1/request bytes=25433 forwarded=1
1783351826.101965 publish topic=ipi/detector-output-to-ipi-weak-signal-run-1/latency/av-1/ack bytes=234 forwarded=1
1783351826.471531 publish topic=ipi/detector-output-to-ipi-weak-signal-run-1/latency/av-1/request bytes=25433 forwarded=1
1783351826.472255 publish topic=ipi/detector-output-to-ipi-weak-signal-run-1/latency/av-1/ack bytes=234 forwarded=1
1783351826.802033 publish topic=ipi/detector-output-to-ipi-weak-signal-run-1/latency/av-1/request bytes=25433 forwarded=1
1783351826.802883 publish topic=ipi/detector-output-to-ipi-weak-signal-run-1/latency/av-1/ack bytes=234 forwarded=1
1783351827.122428 publish topic=ipi/detector-output-to-ipi-weak-signal-run-1/latency/av-1/request bytes=25433 forwarded=1
1783351827.123259 publish topic=ipi/detector-output-to-ipi-weak-signal-run-1/latency/av-1/ack bytes=234 forwarded=1
1783351827.442764 publish topic=ipi/detector-output-to-ipi-weak-signal-run-1/latency/av-1/request bytes=25433 forwarded=1
1783351827.443533 publish topic=ipi/detector-output-to-ipi-weak-signal-run-1/latency/av-1/ack bytes=234 forwarded=1
1783351827.773266 publish topic=ipi/detector-output-to-ipi-weak-signal-run-1/latency/av-1/request bytes=25433 forwarded=1
1783351827.774050 publish topic=ipi/detector-output-to-ipi-weak-signal-run-1/latency/av-1/ack bytes=234 forwarded=1
1783351828.063592 publish topic=ipi/detector-output-to-ipi-weak-signal-run-1/latency/av-1/request bytes=25433 forwarded=1
1783351828.064343 publish topic=ipi/detector-output-to-ipi-weak-signal-run-1/latency/av-1/ack bytes=234 forwarded=1
1783351828.354017 publish topic=ipi/detector-output-to-ipi-weak-signal-run-1/latency/av-1/request bytes=25433 forwarded=1
1783351828.354856 publish topic=ipi/detector-output-to-ipi-weak-signal-run-1/latency/av-1/ack bytes=234 forwarded=1
1783351828.654395 publish topic=ipi/detector-output-to-ipi-weak-signal-run-1/latency/av-1/request bytes=25433 forwarded=1
1783351828.655203 publish topic=ipi/detector-output-to-ipi-weak-signal-run-1/latency/av-1/ack bytes=234 forwarded=1
1783351828.974961 publish topic=ipi/detector-output-to-ipi-weak-signal-run-1/latency/av-1/request bytes=25433 forwarded=1
1783351828.975756 publish topic=ipi/detector-output-to-ipi-weak-signal-run-1/latency/av-1/ack bytes=234 forwarded=1
1783351829.295121 publish topic=ipi/detector-output-to-ipi-weak-signal-run-1/latency/av-1/request bytes=25433 forwarded=1
1783351829.295879 publish topic=ipi/detector-output-to-ipi-weak-signal-run-1/latency/av-1/ack bytes=234 forwarded=1
1783351829.605679 publish topic=ipi/detector-output-to-ipi-weak-signal-run-1/latency/av-1/request bytes=25433 forwarded=1
1783351829.606558 publish topic=ipi/detector-output-to-ipi-weak-signal-run-1/latency/av-1/ack bytes=234 forwarded=1
1783351829.895979 publish topic=ipi/detector-output-to-ipi-weak-signal-run-1/latency/av-1/request bytes=25433 forwarded=1
1783351829.896778 publish topic=ipi/detector-output-to-ipi-weak-signal-run-1/latency/av-1/ack bytes=234 forwarded=1
1783351830.216469 publish topic=ipi/detector-output-to-ipi-weak-signal-run-1/latency/av-1/request bytes=25433 forwarded=1
1783351830.217268 publish topic=ipi/detector-output-to-ipi-weak-signal-run-1/latency/av-1/ack bytes=234 forwarded=1
1783351830.506908 publish topic=ipi/detector-output-to-ipi-weak-signal-run-1/latency/av-1/request bytes=25433 forwarded=1
1783351830.507704 publish topic=ipi/detector-output-to-ipi-weak-signal-run-1/latency/av-1/ack bytes=234 forwarded=1
1783351830.827595 publish topic=ipi/detector-output-to-ipi-weak-signal-run-1/latency/av-1/request bytes=25433 forwarded=1
1783351830.828454 publish topic=ipi/detector-output-to-ipi-weak-signal-run-1/latency/av-1/ack bytes=234 forwarded=1
1783351831.168022 publish topic=ipi/detector-output-to-ipi-weak-signal-run-1/latency/av-1/request bytes=25433 forwarded=1
1783351831.168845 publish topic=ipi/detector-output-to-ipi-weak-signal-run-1/latency/av-1/ack bytes=234 forwarded=1
1783351831.598650 publish topic=ipi/detector-output-to-ipi-weak-signal-run-1/latency/av-1/request bytes=25433 forwarded=1
1783351831.599493 publish topic=ipi/detector-output-to-ipi-weak-signal-run-1/latency/av-1/ack bytes=234 forwarded=1
1783351832.059633 publish topic=ipi/detector-output-to-ipi-weak-signal-run-1/latency/av-1/request bytes=25433 forwarded=1
1783351832.060375 publish topic=ipi/detector-output-to-ipi-weak-signal-run-1/latency/av-1/ack bytes=234 forwarded=1
1783351832.470208 publish topic=ipi/detector-output-to-ipi-weak-signal-run-1/latency/av-1/request bytes=25433 forwarded=1
1783351832.470992 publish topic=ipi/detector-output-to-ipi-weak-signal-run-1/latency/av-1/ack bytes=234 forwarded=1
1783351832.820825 publish topic=ipi/detector-output-to-ipi-weak-signal-run-1/latency/av-1/request bytes=25433 forwarded=1
1783351832.821563 publish topic=ipi/detector-output-to-ipi-weak-signal-run-1/latency/av-1/ack bytes=234 forwarded=1
1783351833.131099 publish topic=ipi/detector-output-to-ipi-weak-signal-run-1/latency/av-1/request bytes=25433 forwarded=1
1783351833.131790 publish topic=ipi/detector-output-to-ipi-weak-signal-run-1/latency/av-1/ack bytes=234 forwarded=1
1783351833.461490 publish topic=ipi/detector-output-to-ipi-weak-signal-run-1/latency/av-1/request bytes=25433 forwarded=1
1783351833.462214 publish topic=ipi/detector-output-to-ipi-weak-signal-run-1/latency/av-1/ack bytes=234 forwarded=1
1783351833.781911 publish topic=ipi/detector-output-to-ipi-weak-signal-run-1/latency/av-1/request bytes=25433 forwarded=1
1783351833.782691 publish topic=ipi/detector-output-to-ipi-weak-signal-run-1/latency/av-1/ack bytes=234 forwarded=1
1783351834.212800 publish topic=ipi/detector-output-to-ipi-weak-signal-run-1/latency/av-1/request bytes=25433 forwarded=1
1783351834.213538 publish topic=ipi/detector-output-to-ipi-weak-signal-run-1/latency/av-1/ack bytes=234 forwarded=1
1783351834.693756 publish topic=ipi/detector-output-to-ipi-weak-signal-run-1/latency/av-1/request bytes=25433 forwarded=1
1783351834.694511 publish topic=ipi/detector-output-to-ipi-weak-signal-run-1/latency/av-1/ack bytes=234 forwarded=1
1783351835.114350 publish topic=ipi/detector-output-to-ipi-weak-signal-run-1/latency/av-1/request bytes=25433 forwarded=1
1783351835.115118 publish topic=ipi/detector-output-to-ipi-weak-signal-run-1/latency/av-1/ack bytes=234 forwarded=1
1783351835.565152 publish topic=ipi/detector-output-to-ipi-weak-signal-run-1/latency/av-1/request bytes=25433 forwarded=1
1783351835.565923 publish topic=ipi/detector-output-to-ipi-weak-signal-run-1/latency/av-1/ack bytes=234 forwarded=1
1783351835.945864 publish topic=ipi/detector-output-to-ipi-weak-signal-run-1/latency/av-1/request bytes=25433 forwarded=1
1783351835.946659 publish topic=ipi/detector-output-to-ipi-weak-signal-run-1/latency/av-1/ack bytes=234 forwarded=1
1783351836.276395 publish topic=ipi/detector-output-to-ipi-weak-signal-run-1/latency/av-1/request bytes=25433 forwarded=1
1783351836.276722 publish topic=ipi/detector-output-to-ipi-weak-signal-run-1/latency/av-1/ack bytes=234 forwarded=1
1783351836.597064 publish topic=ipi/detector-output-to-ipi-weak-signal-run-1/latency/av-1/request bytes=25433 forwarded=1
1783351836.597792 publish topic=ipi/detector-output-to-ipi-weak-signal-run-1/latency/av-1/ack bytes=234 forwarded=1
1783351836.967461 publish topic=ipi/detector-output-to-ipi-weak-signal-run-1/latency/av-1/request bytes=25433 forwarded=1
1783351836.968187 publish topic=ipi/detector-output-to-ipi-weak-signal-run-1/latency/av-1/ack bytes=234 forwarded=1
1783351837.277906 publish topic=ipi/detector-output-to-ipi-weak-signal-run-1/latency/av-1/request bytes=25433 forwarded=1
1783351837.278668 publish topic=ipi/detector-output-to-ipi-weak-signal-run-1/latency/av-1/ack bytes=234 forwarded=1
1783351837.618249 publish topic=ipi/detector-output-to-ipi-weak-signal-run-1/latency/av-1/request bytes=25433 forwarded=1
1783351837.619033 publish topic=ipi/detector-output-to-ipi-weak-signal-run-1/latency/av-1/ack bytes=234 forwarded=1
1783351837.968793 publish topic=ipi/detector-output-to-ipi-weak-signal-run-1/latency/av-1/request bytes=25433 forwarded=1
1783351837.969532 publish topic=ipi/detector-output-to-ipi-weak-signal-run-1/latency/av-1/ack bytes=234 forwarded=1
1783351838.309260 publish topic=ipi/detector-output-to-ipi-weak-signal-run-1/latency/av-1/request bytes=25433 forwarded=1
1783351838.310026 publish topic=ipi/detector-output-to-ipi-weak-signal-run-1/latency/av-1/ack bytes=234 forwarded=1
1783351838.639682 publish topic=ipi/detector-output-to-ipi-weak-signal-run-1/latency/av-1/request bytes=25433 forwarded=1
1783351838.640431 publish topic=ipi/detector-output-to-ipi-weak-signal-run-1/latency/av-1/ack bytes=234 forwarded=1
1783351839.020055 publish topic=ipi/detector-output-to-ipi-weak-signal-run-1/latency/av-1/request bytes=25433 forwarded=1
1783351839.020765 publish topic=ipi/detector-output-to-ipi-weak-signal-run-1/latency/av-1/ack bytes=234 forwarded=1
1783351839.370715 publish topic=ipi/detector-output-to-ipi-weak-signal-run-1/latency/av-1/request bytes=25433 forwarded=1
1783351839.371490 publish topic=ipi/detector-output-to-ipi-weak-signal-run-1/latency/av-1/ack bytes=234 forwarded=1
1783351839.710943 publish topic=ipi/detector-output-to-ipi-weak-signal-run-1/latency/av-1/request bytes=25433 forwarded=1
1783351839.711693 publish topic=ipi/detector-output-to-ipi-weak-signal-run-1/latency/av-1/ack bytes=234 forwarded=1
1783351840.001633 publish topic=ipi/detector-output-to-ipi-weak-signal-run-1/latency/av-1/request bytes=25433 forwarded=1
1783351840.002526 publish topic=ipi/detector-output-to-ipi-weak-signal-run-1/latency/av-1/ack bytes=234 forwarded=1
1783351840.301823 publish topic=ipi/detector-output-to-ipi-weak-signal-run-1/latency/av-1/request bytes=25433 forwarded=1
1783351840.302946 publish topic=ipi/detector-output-to-ipi-weak-signal-run-1/latency/av-1/ack bytes=234 forwarded=1
1783351840.612254 publish topic=ipi/detector-output-to-ipi-weak-signal-run-1/latency/av-1/request bytes=25433 forwarded=1
1783351840.613029 publish topic=ipi/detector-output-to-ipi-weak-signal-run-1/latency/av-1/ack bytes=234 forwarded=1
1783351840.942643 publish topic=ipi/detector-output-to-ipi-weak-signal-run-1/latency/av-1/request bytes=25433 forwarded=1
1783351840.943401 publish topic=ipi/detector-output-to-ipi-weak-signal-run-1/latency/av-1/ack bytes=234 forwarded=1
1783351841.243003 publish topic=ipi/detector-output-to-ipi-weak-signal-run-1/latency/av-1/request bytes=25433 forwarded=1
1783351841.243749 publish topic=ipi/detector-output-to-ipi-weak-signal-run-1/latency/av-1/ack bytes=234 forwarded=1
1783351841.553530 publish topic=ipi/detector-output-to-ipi-weak-signal-run-1/latency/av-1/request bytes=25433 forwarded=1
1783351841.554231 publish topic=ipi/detector-output-to-ipi-weak-signal-run-1/latency/av-1/ack bytes=234 forwarded=1
1783351841.883775 publish topic=ipi/detector-output-to-ipi-weak-signal-run-1/latency/av-1/request bytes=25433 forwarded=1
1783351841.884516 publish topic=ipi/detector-output-to-ipi-weak-signal-run-1/latency/av-1/ack bytes=234 forwarded=1
1783351842.234340 publish topic=ipi/detector-output-to-ipi-weak-signal-run-1/latency/av-1/request bytes=25433 forwarded=1
1783351842.235192 publish topic=ipi/detector-output-to-ipi-weak-signal-run-1/latency/av-1/ack bytes=234 forwarded=1
1783351842.554892 publish topic=ipi/detector-output-to-ipi-weak-signal-run-1/latency/av-1/request bytes=25433 forwarded=1
1783351842.555636 publish topic=ipi/detector-output-to-ipi-weak-signal-run-1/latency/av-1/ack bytes=234 forwarded=1
1783351842.895163 publish topic=ipi/detector-output-to-ipi-weak-signal-run-1/latency/av-1/request bytes=25433 forwarded=1
1783351842.895918 publish topic=ipi/detector-output-to-ipi-weak-signal-run-1/latency/av-1/ack bytes=234 forwarded=1
1783351843.245798 publish topic=ipi/detector-output-to-ipi-weak-signal-run-1/latency/av-1/request bytes=25433 forwarded=1
1783351843.246577 publish topic=ipi/detector-output-to-ipi-weak-signal-run-1/latency/av-1/ack bytes=234 forwarded=1
1783351843.606003 publish topic=ipi/detector-output-to-ipi-weak-signal-run-1/latency/av-1/request bytes=25433 forwarded=1
1783351843.606780 publish topic=ipi/detector-output-to-ipi-weak-signal-run-1/latency/av-1/ack bytes=234 forwarded=1
1783351843.956731 publish topic=ipi/detector-output-to-ipi-weak-signal-run-1/latency/av-1/request bytes=25433 forwarded=1
1783351843.957470 publish topic=ipi/detector-output-to-ipi-weak-signal-run-1/latency/av-1/ack bytes=234 forwarded=1
1783351844.317129 publish topic=ipi/detector-output-to-ipi-weak-signal-run-1/latency/av-1/request bytes=25433 forwarded=1
1783351844.317894 publish topic=ipi/detector-output-to-ipi-weak-signal-run-1/latency/av-1/ack bytes=234 forwarded=1
1783351844.657814 publish topic=ipi/detector-output-to-ipi-weak-signal-run-1/latency/av-1/request bytes=25433 forwarded=1
1783351844.658628 publish topic=ipi/detector-output-to-ipi-weak-signal-run-1/latency/av-1/ack bytes=234 forwarded=1
1783351844.997934 publish topic=ipi/detector-output-to-ipi-weak-signal-run-1/latency/av-1/request bytes=25433 forwarded=1
1783351844.998721 publish topic=ipi/detector-output-to-ipi-weak-signal-run-1/latency/av-1/ack bytes=234 forwarded=1
1783351845.338547 publish topic=ipi/detector-output-to-ipi-weak-signal-run-1/latency/av-1/request bytes=25433 forwarded=1
1783351845.339300 publish topic=ipi/detector-output-to-ipi-weak-signal-run-1/latency/av-1/ack bytes=234 forwarded=1
1783351845.688876 publish topic=ipi/detector-output-to-ipi-weak-signal-run-1/latency/av-1/request bytes=25433 forwarded=1
1783351845.689649 publish topic=ipi/detector-output-to-ipi-weak-signal-run-1/latency/av-1/ack bytes=234 forwarded=1
1783351846.019269 publish topic=ipi/detector-output-to-ipi-weak-signal-run-1/latency/av-1/request bytes=25433 forwarded=1
1783351846.019950 publish topic=ipi/detector-output-to-ipi-weak-signal-run-1/latency/av-1/ack bytes=234 forwarded=1
1783351846.419877 publish topic=ipi/detector-output-to-ipi-weak-signal-run-1/latency/av-1/request bytes=25433 forwarded=1
1783351846.420566 publish topic=ipi/detector-output-to-ipi-weak-signal-run-1/latency/av-1/ack bytes=234 forwarded=1
1783351846.840804 publish topic=ipi/detector-output-to-ipi-weak-signal-run-1/latency/av-1/request bytes=25433 forwarded=1
1783351846.841562 publish topic=ipi/detector-output-to-ipi-weak-signal-run-1/latency/av-1/ack bytes=234 forwarded=1
1783351847.331623 publish topic=ipi/detector-output-to-ipi-weak-signal-run-1/latency/av-1/request bytes=25433 forwarded=1
1783351847.332382 publish topic=ipi/detector-output-to-ipi-weak-signal-run-1/latency/av-1/ack bytes=234 forwarded=1
1783351847.772347 publish topic=ipi/detector-output-to-ipi-weak-signal-run-1/latency/av-1/request bytes=25433 forwarded=1
1783351847.773071 publish topic=ipi/detector-output-to-ipi-weak-signal-run-1/latency/av-1/ack bytes=234 forwarded=1
1783351848.192976 publish topic=ipi/detector-output-to-ipi-weak-signal-run-1/latency/av-1/request bytes=25433 forwarded=1
1783351848.193691 publish topic=ipi/detector-output-to-ipi-weak-signal-run-1/latency/av-1/ack bytes=234 forwarded=1
1783351848.533746 publish topic=ipi/detector-output-to-ipi-weak-signal-run-1/latency/av-1/request bytes=25433 forwarded=1
1783351848.534506 publish topic=ipi/detector-output-to-ipi-weak-signal-run-1/latency/av-1/ack bytes=234 forwarded=1
1783351848.873998 publish topic=ipi/detector-output-to-ipi-weak-signal-run-1/latency/av-1/request bytes=25433 forwarded=1
1783351848.874719 publish topic=ipi/detector-output-to-ipi-weak-signal-run-1/latency/av-1/ack bytes=234 forwarded=1
1783351849.204583 publish topic=ipi/detector-output-to-ipi-weak-signal-run-1/latency/av-1/request bytes=25433 forwarded=1
1783351849.205292 publish topic=ipi/detector-output-to-ipi-weak-signal-run-1/latency/av-1/ack bytes=234 forwarded=1
1783351849.554918 publish topic=ipi/detector-output-to-ipi-weak-signal-run-1/latency/av-1/request bytes=25433 forwarded=1
1783351849.555659 publish topic=ipi/detector-output-to-ipi-weak-signal-run-1/latency/av-1/ack bytes=234 forwarded=1
1783351849.885338 publish topic=ipi/detector-output-to-ipi-weak-signal-run-1/latency/av-1/request bytes=25433 forwarded=1
1783351849.886128 publish topic=ipi/detector-output-to-ipi-weak-signal-run-1/latency/av-1/ack bytes=234 forwarded=1
1783351850.225814 publish topic=ipi/detector-output-to-ipi-weak-signal-run-1/latency/av-1/request bytes=25433 forwarded=1
1783351850.226564 publish topic=ipi/detector-output-to-ipi-weak-signal-run-1/latency/av-1/ack bytes=234 forwarded=1
1783351850.536335 publish topic=ipi/detector-output-to-ipi-weak-signal-run-1/latency/av-1/request bytes=25433 forwarded=1
1783351850.537083 publish topic=ipi/detector-output-to-ipi-weak-signal-run-1/latency/av-1/ack bytes=234 forwarded=1
1783351850.866917 publish topic=ipi/detector-output-to-ipi-weak-signal-run-1/latency/av-1/request bytes=25433 forwarded=1
1783351850.867660 publish topic=ipi/detector-output-to-ipi-weak-signal-run-1/latency/av-1/ack bytes=234 forwarded=1
1783351851.227434 publish topic=ipi/detector-output-to-ipi-weak-signal-run-1/latency/av-1/request bytes=25433 forwarded=1
1783351851.228171 publish topic=ipi/detector-output-to-ipi-weak-signal-run-1/latency/av-1/ack bytes=234 forwarded=1
1783351851.567631 publish topic=ipi/detector-output-to-ipi-weak-signal-run-1/latency/av-1/request bytes=25433 forwarded=1
1783351851.568355 publish topic=ipi/detector-output-to-ipi-weak-signal-run-1/latency/av-1/ack bytes=234 forwarded=1
1783351851.897918 publish topic=ipi/detector-output-to-ipi-weak-signal-run-1/latency/av-1/request bytes=25433 forwarded=1
1783351851.898691 publish topic=ipi/detector-output-to-ipi-weak-signal-run-1/latency/av-1/ack bytes=234 forwarded=1
1783351852.248605 publish topic=ipi/detector-output-to-ipi-weak-signal-run-1/latency/av-1/request bytes=25433 forwarded=1
1783351852.249360 publish topic=ipi/detector-output-to-ipi-weak-signal-run-1/latency/av-1/ack bytes=234 forwarded=1
1783351852.568733 publish topic=ipi/detector-output-to-ipi-weak-signal-run-1/latency/av-1/request bytes=25433 forwarded=1
1783351852.569566 publish topic=ipi/detector-output-to-ipi-weak-signal-run-1/latency/av-1/ack bytes=234 forwarded=1
1783351852.899317 publish topic=ipi/detector-output-to-ipi-weak-signal-run-1/latency/av-1/request bytes=25433 forwarded=1
1783351852.900061 publish topic=ipi/detector-output-to-ipi-weak-signal-run-1/latency/av-1/ack bytes=234 forwarded=1
1783351853.249981 publish topic=ipi/detector-output-to-ipi-weak-signal-run-1/latency/av-1/request bytes=25433 forwarded=1
1783351853.250775 publish topic=ipi/detector-output-to-ipi-weak-signal-run-1/latency/av-1/ack bytes=234 forwarded=1
1783351853.580207 publish topic=ipi/detector-output-to-ipi-weak-signal-run-1/latency/av-1/request bytes=25433 forwarded=1
1783351853.580924 publish topic=ipi/detector-output-to-ipi-weak-signal-run-1/latency/av-1/ack bytes=234 forwarded=1
1783351853.890714 publish topic=ipi/detector-output-to-ipi-weak-signal-run-1/latency/av-1/request bytes=25433 forwarded=1
1783351853.891469 publish topic=ipi/detector-output-to-ipi-weak-signal-run-1/latency/av-1/ack bytes=234 forwarded=1
1783351854.201266 publish topic=ipi/detector-output-to-ipi-weak-signal-run-1/latency/av-1/request bytes=25433 forwarded=1
1783351854.202100 publish topic=ipi/detector-output-to-ipi-weak-signal-run-1/latency/av-1/ack bytes=234 forwarded=1
1783351854.521681 publish topic=ipi/detector-output-to-ipi-weak-signal-run-1/latency/av-1/request bytes=25433 forwarded=1
1783351854.522419 publish topic=ipi/detector-output-to-ipi-weak-signal-run-1/latency/av-1/ack bytes=234 forwarded=1
1783351854.892199 publish topic=ipi/detector-output-to-ipi-weak-signal-run-1/latency/av-1/request bytes=25433 forwarded=1
1783351854.892915 publish topic=ipi/detector-output-to-ipi-weak-signal-run-1/latency/av-1/ack bytes=234 forwarded=1
1783351855.252410 publish topic=ipi/detector-output-to-ipi-weak-signal-run-1/latency/av-1/request bytes=25433 forwarded=1
1783351855.253131 publish topic=ipi/detector-output-to-ipi-weak-signal-run-1/latency/av-1/ack bytes=234 forwarded=1
1783351855.582980 publish topic=ipi/detector-output-to-ipi-weak-signal-run-1/latency/av-1/request bytes=25433 forwarded=1
1783351855.583740 publish topic=ipi/detector-output-to-ipi-weak-signal-run-1/latency/av-1/ack bytes=234 forwarded=1
1783351855.943577 publish topic=ipi/detector-output-to-ipi-weak-signal-run-1/latency/av-1/request bytes=25433 forwarded=1
1783351855.944383 publish topic=ipi/detector-output-to-ipi-weak-signal-run-1/latency/av-1/ack bytes=234 forwarded=1
1783351856.313942 publish topic=ipi/detector-output-to-ipi-weak-signal-run-1/latency/av-1/request bytes=25433 forwarded=1
1783351856.314722 publish topic=ipi/detector-output-to-ipi-weak-signal-run-1/latency/av-1/ack bytes=234 forwarded=1
1783351856.644392 publish topic=ipi/detector-output-to-ipi-weak-signal-run-1/latency/av-1/request bytes=25433 forwarded=1
1783351856.645134 publish topic=ipi/detector-output-to-ipi-weak-signal-run-1/latency/av-1/ack bytes=234 forwarded=1
1783351856.964747 publish topic=ipi/detector-output-to-ipi-weak-signal-run-1/latency/av-1/request bytes=25433 forwarded=1
1783351856.965501 publish topic=ipi/detector-output-to-ipi-weak-signal-run-1/latency/av-1/ack bytes=234 forwarded=1
1783351857.335189 publish topic=ipi/detector-output-to-ipi-weak-signal-run-1/latency/av-1/request bytes=25433 forwarded=1
1783351857.335968 publish topic=ipi/detector-output-to-ipi-weak-signal-run-1/latency/av-1/ack bytes=234 forwarded=1
1783351857.655654 publish topic=ipi/detector-output-to-ipi-weak-signal-run-1/latency/av-1/request bytes=25433 forwarded=1
1783351857.656419 publish topic=ipi/detector-output-to-ipi-weak-signal-run-1/latency/av-1/ack bytes=234 forwarded=1
1783351857.995879 publish topic=ipi/detector-output-to-ipi-weak-signal-run-1/latency/av-1/request bytes=25433 forwarded=1
1783351857.996592 publish topic=ipi/detector-output-to-ipi-weak-signal-run-1/latency/av-1/ack bytes=234 forwarded=1
1783351858.336610 publish topic=ipi/detector-output-to-ipi-weak-signal-run-1/latency/av-1/request bytes=25433 forwarded=1
1783351858.337438 publish topic=ipi/detector-output-to-ipi-weak-signal-run-1/latency/av-1/ack bytes=234 forwarded=1
1783351858.706878 publish topic=ipi/detector-output-to-ipi-weak-signal-run-1/latency/av-1/request bytes=25433 forwarded=1
1783351858.707582 publish topic=ipi/detector-output-to-ipi-weak-signal-run-1/latency/av-1/ack bytes=234 forwarded=1
1783351859.047495 publish topic=ipi/detector-output-to-ipi-weak-signal-run-1/latency/av-1/request bytes=25433 forwarded=1
1783351859.048234 publish topic=ipi/detector-output-to-ipi-weak-signal-run-1/latency/av-1/ack bytes=234 forwarded=1
1783351859.418080 publish topic=ipi/detector-output-to-ipi-weak-signal-run-1/latency/av-1/request bytes=25433 forwarded=1
1783351859.418897 publish topic=ipi/detector-output-to-ipi-weak-signal-run-1/latency/av-1/ack bytes=234 forwarded=1
1783351859.748539 publish topic=ipi/detector-output-to-ipi-weak-signal-run-1/latency/av-1/request bytes=25433 forwarded=1
1783351859.749300 publish topic=ipi/detector-output-to-ipi-weak-signal-run-1/latency/av-1/ack bytes=234 forwarded=1
1783351860.078941 publish topic=ipi/detector-output-to-ipi-weak-signal-run-1/latency/av-1/request bytes=25433 forwarded=1
1783351860.079696 publish topic=ipi/detector-output-to-ipi-weak-signal-run-1/latency/av-1/ack bytes=234 forwarded=1
1783351860.419284 publish topic=ipi/detector-output-to-ipi-weak-signal-run-1/latency/av-1/request bytes=25433 forwarded=1
1783351860.420142 publish topic=ipi/detector-output-to-ipi-weak-signal-run-1/latency/av-1/ack bytes=234 forwarded=1
1783351860.779872 publish topic=ipi/detector-output-to-ipi-weak-signal-run-1/latency/av-1/request bytes=25433 forwarded=1
1783351860.780622 publish topic=ipi/detector-output-to-ipi-weak-signal-run-1/latency/av-1/ack bytes=234 forwarded=1
1783351861.701317 publish topic=ipi/detector-output-to-ipi-weak-signal-run-1/latency/av-1/request bytes=25433 forwarded=1
1783351861.702048 publish topic=ipi/detector-output-to-ipi-weak-signal-run-1/latency/av-1/ack bytes=234 forwarded=1
1783351862.412406 publish topic=ipi/detector-output-to-ipi-weak-signal-run-1/latency/av-1/request bytes=25433 forwarded=1
1783351862.413215 publish topic=ipi/detector-output-to-ipi-weak-signal-run-1/latency/av-1/ack bytes=234 forwarded=1
1783351863.093668 publish topic=ipi/detector-output-to-ipi-weak-signal-run-1/latency/av-1/request bytes=25433 forwarded=1
1783351863.094433 publish topic=ipi/detector-output-to-ipi-weak-signal-run-1/latency/av-1/ack bytes=234 forwarded=1
1783351863.644636 publish topic=ipi/detector-output-to-ipi-weak-signal-run-1/latency/av-1/request bytes=25433 forwarded=1
1783351863.645367 publish topic=ipi/detector-output-to-ipi-weak-signal-run-1/latency/av-1/ack bytes=234 forwarded=1
1783351864.015219 publish topic=ipi/detector-output-to-ipi-weak-signal-run-1/latency/av-1/request bytes=25433 forwarded=1
1783351864.015854 publish topic=ipi/detector-output-to-ipi-weak-signal-run-1/latency/av-1/ack bytes=234 forwarded=1
1783351864.435747 publish topic=ipi/detector-output-to-ipi-weak-signal-run-1/latency/av-1/request bytes=25433 forwarded=1
1783351864.436427 publish topic=ipi/detector-output-to-ipi-weak-signal-run-1/latency/av-1/ack bytes=234 forwarded=1
1783351864.916904 publish topic=ipi/detector-output-to-ipi-weak-signal-run-1/latency/av-1/request bytes=25433 forwarded=1
1783351864.917653 publish topic=ipi/detector-output-to-ipi-weak-signal-run-1/latency/av-1/ack bytes=234 forwarded=1
1783351865.888365 publish topic=ipi/detector-output-to-ipi-weak-signal-run-1/latency/av-1/request bytes=25433 forwarded=1
1783351865.889110 publish topic=ipi/detector-output-to-ipi-weak-signal-run-1/latency/av-1/ack bytes=234 forwarded=1
1783351866.559548 publish topic=ipi/detector-output-to-ipi-weak-signal-run-1/latency/av-1/request bytes=25433 forwarded=1
1783351866.560285 publish topic=ipi/detector-output-to-ipi-weak-signal-run-1/latency/av-1/ack bytes=234 forwarded=1
1783351867.070485 publish topic=ipi/detector-output-to-ipi-weak-signal-run-1/latency/av-1/request bytes=25433 forwarded=1
1783351867.071236 publish topic=ipi/detector-output-to-ipi-weak-signal-run-1/latency/av-1/ack bytes=234 forwarded=1
1783351867.420826 publish topic=ipi/detector-output-to-ipi-weak-signal-run-1/latency/av-1/request bytes=25433 forwarded=1
1783351867.421498 publish topic=ipi/detector-output-to-ipi-weak-signal-run-1/latency/av-1/ack bytes=234 forwarded=1
1783351867.741423 publish topic=ipi/detector-output-to-ipi-weak-signal-run-1/latency/av-1/request bytes=25433 forwarded=1
1783351867.742105 publish topic=ipi/detector-output-to-ipi-weak-signal-run-1/latency/av-1/ack bytes=234 forwarded=1
1783351868.072010 publish topic=ipi/detector-output-to-ipi-weak-signal-run-1/latency/av-1/request bytes=25433 forwarded=1
1783351868.072758 publish topic=ipi/detector-output-to-ipi-weak-signal-run-1/latency/av-1/ack bytes=234 forwarded=1
1783351868.432067 publish topic=ipi/detector-output-to-ipi-weak-signal-run-1/latency/av-1/request bytes=25433 forwarded=1
1783351868.432697 publish topic=ipi/detector-output-to-ipi-weak-signal-run-1/latency/av-1/ack bytes=234 forwarded=1
1783351868.782707 publish topic=ipi/detector-output-to-ipi-weak-signal-run-1/latency/av-1/request bytes=25433 forwarded=1
1783351868.783447 publish topic=ipi/detector-output-to-ipi-weak-signal-run-1/latency/av-1/ack bytes=234 forwarded=1
1783351869.143067 publish topic=ipi/detector-output-to-ipi-weak-signal-run-1/latency/av-1/request bytes=25433 forwarded=1
1783351869.143766 publish topic=ipi/detector-output-to-ipi-weak-signal-run-1/latency/av-1/ack bytes=234 forwarded=1
1783351869.503520 publish topic=ipi/detector-output-to-ipi-weak-signal-run-1/latency/av-1/request bytes=25433 forwarded=1
1783351869.504278 publish topic=ipi/detector-output-to-ipi-weak-signal-run-1/latency/av-1/ack bytes=234 forwarded=1
1783351869.883957 publish topic=ipi/detector-output-to-ipi-weak-signal-run-1/latency/av-1/request bytes=25433 forwarded=1
1783351869.884694 publish topic=ipi/detector-output-to-ipi-weak-signal-run-1/latency/av-1/ack bytes=234 forwarded=1
1783351870.234746 publish topic=ipi/detector-output-to-ipi-weak-signal-run-1/latency/av-1/request bytes=25433 forwarded=1
1783351870.235492 publish topic=ipi/detector-output-to-ipi-weak-signal-run-1/latency/av-1/ack bytes=234 forwarded=1
1783351870.605009 publish topic=ipi/detector-output-to-ipi-weak-signal-run-1/latency/av-1/request bytes=25433 forwarded=1
1783351870.605707 publish topic=ipi/detector-output-to-ipi-weak-signal-run-1/latency/av-1/ack bytes=234 forwarded=1
1783351870.965497 publish topic=ipi/detector-output-to-ipi-weak-signal-run-1/latency/av-1/request bytes=25433 forwarded=1
1783351870.966249 publish topic=ipi/detector-output-to-ipi-weak-signal-run-1/latency/av-1/ack bytes=234 forwarded=1
1783351871.316042 publish topic=ipi/detector-output-to-ipi-weak-signal-run-1/latency/av-1/request bytes=25433 forwarded=1
1783351871.316759 publish topic=ipi/detector-output-to-ipi-weak-signal-run-1/latency/av-1/ack bytes=234 forwarded=1
1783351871.666510 publish topic=ipi/detector-output-to-ipi-weak-signal-run-1/latency/av-1/request bytes=25433 forwarded=1
1783351871.667214 publish topic=ipi/detector-output-to-ipi-weak-signal-run-1/latency/av-1/ack bytes=234 forwarded=1
1783351872.017062 publish topic=ipi/detector-output-to-ipi-weak-signal-run-1/latency/av-1/request bytes=25433 forwarded=1
1783351872.017878 publish topic=ipi/detector-output-to-ipi-weak-signal-run-1/latency/av-1/ack bytes=234 forwarded=1
1783351872.357336 publish topic=ipi/detector-output-to-ipi-weak-signal-run-1/latency/av-1/request bytes=25433 forwarded=1
1783351872.358044 publish topic=ipi/detector-output-to-ipi-weak-signal-run-1/latency/av-1/ack bytes=234 forwarded=1
1783351872.728194 publish topic=ipi/detector-output-to-ipi-weak-signal-run-1/latency/av-1/request bytes=25433 forwarded=1
1783351872.728916 publish topic=ipi/detector-output-to-ipi-weak-signal-run-1/latency/av-1/ack bytes=234 forwarded=1
1783351873.368966 publish topic=ipi/detector-output-to-ipi-weak-signal-run-1/latency/av-1/request bytes=25433 forwarded=1
1783351873.369661 publish topic=ipi/detector-output-to-ipi-weak-signal-run-1/latency/av-1/ack bytes=234 forwarded=1
1783351873.819924 publish topic=ipi/detector-output-to-ipi-weak-signal-run-1/latency/av-1/request bytes=25433 forwarded=1
1783351873.820596 publish topic=ipi/detector-output-to-ipi-weak-signal-run-1/latency/av-1/ack bytes=234 forwarded=1
1783351874.280715 publish topic=ipi/detector-output-to-ipi-weak-signal-run-1/latency/av-1/request bytes=25433 forwarded=1
1783351874.281421 publish topic=ipi/detector-output-to-ipi-weak-signal-run-1/latency/av-1/ack bytes=234 forwarded=1
1783351874.661452 publish topic=ipi/detector-output-to-ipi-weak-signal-run-1/latency/av-1/request bytes=25433 forwarded=1
1783351874.662164 publish topic=ipi/detector-output-to-ipi-weak-signal-run-1/latency/av-1/ack bytes=234 forwarded=1
1783351874.982003 publish topic=ipi/detector-output-to-ipi-weak-signal-run-1/latency/av-1/request bytes=25433 forwarded=1
1783351874.982831 publish topic=ipi/detector-output-to-ipi-weak-signal-run-1/latency/av-1/ack bytes=234 forwarded=1
1783351875.302355 publish topic=ipi/detector-output-to-ipi-weak-signal-run-1/latency/av-1/request bytes=25433 forwarded=1
1783351875.303102 publish topic=ipi/detector-output-to-ipi-weak-signal-run-1/latency/av-1/ack bytes=234 forwarded=1
1783351875.652547 publish topic=ipi/detector-output-to-ipi-weak-signal-run-1/latency/av-1/request bytes=25433 forwarded=1
1783351875.653224 publish topic=ipi/detector-output-to-ipi-weak-signal-run-1/latency/av-1/ack bytes=234 forwarded=1
1783351875.982981 publish topic=ipi/detector-output-to-ipi-weak-signal-run-1/latency/av-1/request bytes=25433 forwarded=1
1783351875.983735 publish topic=ipi/detector-output-to-ipi-weak-signal-run-1/latency/av-1/ack bytes=234 forwarded=1
1783351876.293533 publish topic=ipi/detector-output-to-ipi-weak-signal-run-1/latency/av-1/request bytes=25433 forwarded=1
1783351876.294262 publish topic=ipi/detector-output-to-ipi-weak-signal-run-1/latency/av-1/ack bytes=234 forwarded=1
1783351876.643866 publish topic=ipi/detector-output-to-ipi-weak-signal-run-1/latency/av-1/request bytes=25433 forwarded=1
1783351876.644612 publish topic=ipi/detector-output-to-ipi-weak-signal-run-1/latency/av-1/ack bytes=234 forwarded=1
1783351877.014593 publish topic=ipi/detector-output-to-ipi-weak-signal-run-1/latency/av-1/request bytes=25433 forwarded=1
1783351877.015330 publish topic=ipi/detector-output-to-ipi-weak-signal-run-1/latency/av-1/ack bytes=234 forwarded=1
1783351877.374899 publish topic=ipi/detector-output-to-ipi-weak-signal-run-1/latency/av-1/request bytes=25433 forwarded=1
1783351877.375640 publish topic=ipi/detector-output-to-ipi-weak-signal-run-1/latency/av-1/ack bytes=234 forwarded=1
1783351877.725450 publish topic=ipi/detector-output-to-ipi-weak-signal-run-1/latency/av-1/request bytes=25433 forwarded=1
1783351877.726192 publish topic=ipi/detector-output-to-ipi-weak-signal-run-1/latency/av-1/ack bytes=234 forwarded=1
1783351878.075907 publish topic=ipi/detector-output-to-ipi-weak-signal-run-1/latency/av-1/request bytes=25433 forwarded=1
1783351878.076646 publish topic=ipi/detector-output-to-ipi-weak-signal-run-1/latency/av-1/ack bytes=234 forwarded=1
1783351878.726940 publish topic=ipi/detector-output-to-ipi-weak-signal-run-1/latency/av-1/request bytes=25433 forwarded=1
1783351878.727751 publish topic=ipi/detector-output-to-ipi-weak-signal-run-1/latency/av-1/ack bytes=234 forwarded=1
1783351879.067468 publish topic=ipi/detector-output-to-ipi-weak-signal-run-1/latency/av-1/request bytes=25433 forwarded=1
1783351879.068211 publish topic=ipi/detector-output-to-ipi-weak-signal-run-1/latency/av-1/ack bytes=234 forwarded=1
1783351879.407912 publish topic=ipi/detector-output-to-ipi-weak-signal-run-1/latency/av-1/request bytes=25433 forwarded=1
1783351879.408677 publish topic=ipi/detector-output-to-ipi-weak-signal-run-1/latency/av-1/ack bytes=234 forwarded=1
1783351879.748252 publish topic=ipi/detector-output-to-ipi-weak-signal-run-1/latency/av-1/request bytes=25433 forwarded=1
1783351879.748990 publish topic=ipi/detector-output-to-ipi-weak-signal-run-1/latency/av-1/ack bytes=234 forwarded=1
1783351880.088893 publish topic=ipi/detector-output-to-ipi-weak-signal-run-1/latency/av-1/request bytes=25433 forwarded=1
1783351880.089630 publish topic=ipi/detector-output-to-ipi-weak-signal-run-1/latency/av-1/ack bytes=234 forwarded=1
1783351880.439274 publish topic=ipi/detector-output-to-ipi-weak-signal-run-1/latency/av-1/request bytes=25433 forwarded=1
1783351880.440118 publish topic=ipi/detector-output-to-ipi-weak-signal-run-1/latency/av-1/ack bytes=234 forwarded=1
1783351880.789588 publish topic=ipi/detector-output-to-ipi-weak-signal-run-1/latency/av-1/request bytes=25433 forwarded=1
1783351880.790342 publish topic=ipi/detector-output-to-ipi-weak-signal-run-1/latency/av-1/ack bytes=234 forwarded=1
1783351881.360671 publish topic=ipi/detector-output-to-ipi-weak-signal-run-1/latency/av-1/request bytes=25433 forwarded=1
1783351881.361405 publish topic=ipi/detector-output-to-ipi-weak-signal-run-1/latency/av-1/ack bytes=234 forwarded=1
1783351881.951672 publish topic=ipi/detector-output-to-ipi-weak-signal-run-1/latency/av-1/request bytes=25433 forwarded=1
1783351881.952406 publish topic=ipi/detector-output-to-ipi-weak-signal-run-1/latency/av-1/ack bytes=234 forwarded=1
1783351882.342303 publish topic=ipi/detector-output-to-ipi-weak-signal-run-1/latency/av-1/request bytes=25433 forwarded=1
1783351882.343030 publish topic=ipi/detector-output-to-ipi-weak-signal-run-1/latency/av-1/ack bytes=234 forwarded=1
1783351882.773190 publish topic=ipi/detector-output-to-ipi-weak-signal-run-1/latency/av-1/request bytes=25433 forwarded=1
1783351882.773920 publish topic=ipi/detector-output-to-ipi-weak-signal-run-1/latency/av-1/ack bytes=234 forwarded=1
1783351883.193793 publish topic=ipi/detector-output-to-ipi-weak-signal-run-1/latency/av-1/request bytes=25433 forwarded=1
1783351883.194567 publish topic=ipi/detector-output-to-ipi-weak-signal-run-1/latency/av-1/ack bytes=234 forwarded=1
1783351883.724795 publish topic=ipi/detector-output-to-ipi-weak-signal-run-1/latency/av-1/request bytes=25433 forwarded=1
1783351883.725504 publish topic=ipi/detector-output-to-ipi-weak-signal-run-1/latency/av-1/ack bytes=234 forwarded=1
1783351884.125527 publish topic=ipi/detector-output-to-ipi-weak-signal-run-1/latency/av-1/request bytes=25433 forwarded=1
1783351884.126295 publish topic=ipi/detector-output-to-ipi-weak-signal-run-1/latency/av-1/ack bytes=234 forwarded=1
1783351884.496174 publish topic=ipi/detector-output-to-ipi-weak-signal-run-1/latency/av-1/request bytes=25433 forwarded=1
1783351884.496874 publish topic=ipi/detector-output-to-ipi-weak-signal-run-1/latency/av-1/ack bytes=234 forwarded=1
1783351884.876562 publish topic=ipi/detector-output-to-ipi-weak-signal-run-1/latency/av-1/request bytes=25433 forwarded=1
1783351884.877329 publish topic=ipi/detector-output-to-ipi-weak-signal-run-1/latency/av-1/ack bytes=234 forwarded=1
1783351885.227219 publish topic=ipi/detector-output-to-ipi-weak-signal-run-1/latency/av-1/request bytes=25433 forwarded=1
1783351885.227855 publish topic=ipi/detector-output-to-ipi-weak-signal-run-1/latency/av-1/ack bytes=234 forwarded=1
1783351885.577479 publish topic=ipi/detector-output-to-ipi-weak-signal-run-1/latency/av-1/request bytes=25433 forwarded=1
1783351885.578116 publish topic=ipi/detector-output-to-ipi-weak-signal-run-1/latency/av-1/ack bytes=234 forwarded=1
1783351886.008170 publish topic=ipi/detector-output-to-ipi-weak-signal-run-1/latency/av-1/request bytes=25433 forwarded=1
1783351886.008890 publish topic=ipi/detector-output-to-ipi-weak-signal-run-1/latency/av-1/ack bytes=234 forwarded=1
1783351886.489038 publish topic=ipi/detector-output-to-ipi-weak-signal-run-1/latency/av-1/request bytes=25433 forwarded=1
1783351886.489757 publish topic=ipi/detector-output-to-ipi-weak-signal-run-1/latency/av-1/ack bytes=234 forwarded=1
1783351886.939712 publish topic=ipi/detector-output-to-ipi-weak-signal-run-1/latency/av-1/request bytes=25433 forwarded=1
1783351886.940422 publish topic=ipi/detector-output-to-ipi-weak-signal-run-1/latency/av-1/ack bytes=234 forwarded=1
1783351887.370707 publish topic=ipi/detector-output-to-ipi-weak-signal-run-1/latency/av-1/request bytes=25433 forwarded=1
1783351887.371417 publish topic=ipi/detector-output-to-ipi-weak-signal-run-1/latency/av-1/ack bytes=234 forwarded=1
1783351887.811322 publish topic=ipi/detector-output-to-ipi-weak-signal-run-1/latency/av-1/request bytes=25433 forwarded=1
1783351887.812059 publish topic=ipi/detector-output-to-ipi-weak-signal-run-1/latency/av-1/ack bytes=234 forwarded=1
1783351888.242011 publish topic=ipi/detector-output-to-ipi-weak-signal-run-1/latency/av-1/request bytes=25433 forwarded=1
1783351888.242785 publish topic=ipi/detector-output-to-ipi-weak-signal-run-1/latency/av-1/ack bytes=234 forwarded=1
1783351888.572782 publish topic=ipi/detector-output-to-ipi-weak-signal-run-1/latency/av-1/request bytes=25433 forwarded=1
1783351888.573575 publish topic=ipi/detector-output-to-ipi-weak-signal-run-1/latency/av-1/ack bytes=234 forwarded=1
1783351888.893117 publish topic=ipi/detector-output-to-ipi-weak-signal-run-1/latency/av-1/request bytes=25433 forwarded=1
1783351888.893827 publish topic=ipi/detector-output-to-ipi-weak-signal-run-1/latency/av-1/ack bytes=234 forwarded=1
1783351889.223544 publish topic=ipi/detector-output-to-ipi-weak-signal-run-1/latency/av-1/request bytes=25433 forwarded=1
1783351889.224268 publish topic=ipi/detector-output-to-ipi-weak-signal-run-1/latency/av-1/ack bytes=234 forwarded=1
1783351889.563580 publish topic=ipi/detector-output-to-ipi-weak-signal-run-1/latency/av-1/request bytes=25433 forwarded=1
1783351889.564309 publish topic=ipi/detector-output-to-ipi-weak-signal-run-1/latency/av-1/ack bytes=234 forwarded=1
1783351889.873994 publish topic=ipi/detector-output-to-ipi-weak-signal-run-1/latency/av-1/request bytes=25433 forwarded=1
1783351889.874746 publish topic=ipi/detector-output-to-ipi-weak-signal-run-1/latency/av-1/ack bytes=234 forwarded=1
1783351890.194176 publish topic=ipi/detector-output-to-ipi-weak-signal-run-1/latency/av-1/request bytes=25433 forwarded=1
1783351890.194942 publish topic=ipi/detector-output-to-ipi-weak-signal-run-1/latency/av-1/ack bytes=234 forwarded=1
1783351890.554581 publish topic=ipi/detector-output-to-ipi-weak-signal-run-1/latency/av-1/request bytes=25433 forwarded=1
1783351890.555322 publish topic=ipi/detector-output-to-ipi-weak-signal-run-1/latency/av-1/ack bytes=234 forwarded=1
1783351890.884921 publish topic=ipi/detector-output-to-ipi-weak-signal-run-1/latency/av-1/request bytes=25433 forwarded=1
1783351890.885724 publish topic=ipi/detector-output-to-ipi-weak-signal-run-1/latency/av-1/ack bytes=234 forwarded=1
1783351891.175059 publish topic=ipi/detector-output-to-ipi-weak-signal-run-1/latency/av-1/request bytes=25433 forwarded=1
1783351891.175824 publish topic=ipi/detector-output-to-ipi-weak-signal-run-1/latency/av-1/ack bytes=234 forwarded=1
1783351891.475420 publish topic=ipi/detector-output-to-ipi-weak-signal-run-1/latency/av-1/request bytes=25433 forwarded=1
1783351891.476158 publish topic=ipi/detector-output-to-ipi-weak-signal-run-1/latency/av-1/ack bytes=234 forwarded=1
1783351891.805757 publish topic=ipi/detector-output-to-ipi-weak-signal-run-1/latency/av-1/request bytes=25433 forwarded=1
1783351891.806614 publish topic=ipi/detector-output-to-ipi-weak-signal-run-1/latency/av-1/ack bytes=234 forwarded=1
1783351892.156125 publish topic=ipi/detector-output-to-ipi-weak-signal-run-1/latency/av-1/request bytes=25433 forwarded=1
1783351892.156892 publish topic=ipi/detector-output-to-ipi-weak-signal-run-1/latency/av-1/ack bytes=234 forwarded=1
1783351892.456460 publish topic=ipi/detector-output-to-ipi-weak-signal-run-1/latency/av-1/request bytes=25433 forwarded=1
1783351892.457139 publish topic=ipi/detector-output-to-ipi-weak-signal-run-1/latency/av-1/ack bytes=234 forwarded=1
1783351892.776746 publish topic=ipi/detector-output-to-ipi-weak-signal-run-1/latency/av-1/request bytes=25433 forwarded=1
1783351892.777483 publish topic=ipi/detector-output-to-ipi-weak-signal-run-1/latency/av-1/ack bytes=234 forwarded=1
1783351893.106975 publish topic=ipi/detector-output-to-ipi-weak-signal-run-1/latency/av-1/request bytes=25433 forwarded=1
1783351893.107725 publish topic=ipi/detector-output-to-ipi-weak-signal-run-1/latency/av-1/ack bytes=234 forwarded=1
1783351893.407044 publish topic=ipi/detector-output-to-ipi-weak-signal-run-1/latency/av-1/request bytes=25433 forwarded=1
1783351893.407682 publish topic=ipi/detector-output-to-ipi-weak-signal-run-1/latency/av-1/ack bytes=234 forwarded=1
1783351893.737431 publish topic=ipi/detector-output-to-ipi-weak-signal-run-1/latency/av-1/request bytes=25433 forwarded=1
1783351893.738095 publish topic=ipi/detector-output-to-ipi-weak-signal-run-1/latency/av-1/ack bytes=234 forwarded=1
1783351894.057818 publish topic=ipi/detector-output-to-ipi-weak-signal-run-1/latency/av-1/request bytes=25433 forwarded=1
1783351894.058619 publish topic=ipi/detector-output-to-ipi-weak-signal-run-1/latency/av-1/ack bytes=234 forwarded=1
1783351894.417904 publish topic=ipi/detector-output-to-ipi-weak-signal-run-1/latency/av-1/request bytes=25433 forwarded=1
1783351894.418613 publish topic=ipi/detector-output-to-ipi-weak-signal-run-1/latency/av-1/ack bytes=234 forwarded=1
1783351894.748333 publish topic=ipi/detector-output-to-ipi-weak-signal-run-1/latency/av-1/request bytes=25433 forwarded=1
1783351894.749072 publish topic=ipi/detector-output-to-ipi-weak-signal-run-1/latency/av-1/ack bytes=234 forwarded=1
1783351895.068784 publish topic=ipi/detector-output-to-ipi-weak-signal-run-1/latency/av-1/request bytes=25433 forwarded=1
1783351895.069557 publish topic=ipi/detector-output-to-ipi-weak-signal-run-1/latency/av-1/ack bytes=234 forwarded=1
1783351895.389019 publish topic=ipi/detector-output-to-ipi-weak-signal-run-1/latency/av-1/request bytes=25433 forwarded=1
1783351895.389774 publish topic=ipi/detector-output-to-ipi-weak-signal-run-1/latency/av-1/ack bytes=234 forwarded=1
1783351895.709106 publish topic=ipi/detector-output-to-ipi-weak-signal-run-1/latency/av-1/request bytes=25433 forwarded=1
1783351895.709948 publish topic=ipi/detector-output-to-ipi-weak-signal-run-1/latency/av-1/ack bytes=234 forwarded=1
1783351896.029414 publish topic=ipi/detector-output-to-ipi-weak-signal-run-1/latency/av-1/request bytes=25433 forwarded=1
1783351896.030154 publish topic=ipi/detector-output-to-ipi-weak-signal-run-1/latency/av-1/ack bytes=234 forwarded=1
1783351896.379720 publish topic=ipi/detector-output-to-ipi-weak-signal-run-1/latency/av-1/request bytes=25433 forwarded=1
1783351896.380425 publish topic=ipi/detector-output-to-ipi-weak-signal-run-1/latency/av-1/ack bytes=234 forwarded=1
1783351896.760340 publish topic=ipi/detector-output-to-ipi-weak-signal-run-1/latency/av-1/request bytes=25433 forwarded=1
1783351896.761057 publish topic=ipi/detector-output-to-ipi-weak-signal-run-1/latency/av-1/ack bytes=234 forwarded=1
1783351897.100656 publish topic=ipi/detector-output-to-ipi-weak-signal-run-1/latency/av-1/request bytes=25433 forwarded=1
1783351897.101381 publish topic=ipi/detector-output-to-ipi-weak-signal-run-1/latency/av-1/ack bytes=234 forwarded=1
1783351897.420788 publish topic=ipi/detector-output-to-ipi-weak-signal-run-1/latency/av-1/request bytes=25433 forwarded=1
1783351897.421559 publish topic=ipi/detector-output-to-ipi-weak-signal-run-1/latency/av-1/ack bytes=234 forwarded=1
1783351897.761434 publish topic=ipi/detector-output-to-ipi-weak-signal-run-1/latency/av-1/request bytes=25433 forwarded=1
1783351897.762147 publish topic=ipi/detector-output-to-ipi-weak-signal-run-1/latency/av-1/ack bytes=234 forwarded=1
1783351898.101926 publish topic=ipi/detector-output-to-ipi-weak-signal-run-1/latency/av-1/request bytes=25433 forwarded=1
1783351898.102759 publish topic=ipi/detector-output-to-ipi-weak-signal-run-1/latency/av-1/ack bytes=234 forwarded=1
1783351898.442372 publish topic=ipi/detector-output-to-ipi-weak-signal-run-1/latency/av-1/request bytes=25433 forwarded=1
1783351898.443143 publish topic=ipi/detector-output-to-ipi-weak-signal-run-1/latency/av-1/ack bytes=234 forwarded=1
1783351898.822847 publish topic=ipi/detector-output-to-ipi-weak-signal-run-1/latency/av-1/request bytes=25433 forwarded=1
1783351898.823585 publish topic=ipi/detector-output-to-ipi-weak-signal-run-1/latency/av-1/ack bytes=234 forwarded=1
1783351899.193335 publish topic=ipi/detector-output-to-ipi-weak-signal-run-1/latency/av-1/request bytes=25433 forwarded=1
1783351899.194005 publish topic=ipi/detector-output-to-ipi-weak-signal-run-1/latency/av-1/ack bytes=234 forwarded=1
1783351899.543694 publish topic=ipi/detector-output-to-ipi-weak-signal-run-1/latency/av-1/request bytes=25433 forwarded=1
1783351899.544410 publish topic=ipi/detector-output-to-ipi-weak-signal-run-1/latency/av-1/ack bytes=234 forwarded=1
1783351899.924393 publish topic=ipi/detector-output-to-ipi-weak-signal-run-1/latency/av-1/request bytes=25433 forwarded=1
1783351899.925133 publish topic=ipi/detector-output-to-ipi-weak-signal-run-1/latency/av-1/ack bytes=234 forwarded=1
1783351900.274901 publish topic=ipi/detector-output-to-ipi-weak-signal-run-1/latency/av-1/request bytes=25433 forwarded=1
1783351900.275668 publish topic=ipi/detector-output-to-ipi-weak-signal-run-1/latency/av-1/ack bytes=234 forwarded=1
1783351900.645352 publish topic=ipi/detector-output-to-ipi-weak-signal-run-1/latency/av-1/request bytes=25433 forwarded=1
1783351900.646096 publish topic=ipi/detector-output-to-ipi-weak-signal-run-1/latency/av-1/ack bytes=234 forwarded=1
1783351900.995778 publish topic=ipi/detector-output-to-ipi-weak-signal-run-1/latency/av-1/request bytes=25433 forwarded=1
1783351900.996555 publish topic=ipi/detector-output-to-ipi-weak-signal-run-1/latency/av-1/ack bytes=234 forwarded=1
1783351901.977358 publish topic=ipi/detector-output-to-ipi-weak-signal-run-1/latency/av-1/request bytes=25433 forwarded=1
1783351901.978144 publish topic=ipi/detector-output-to-ipi-weak-signal-run-1/latency/av-1/ack bytes=234 forwarded=1
1783351902.838836 publish topic=ipi/detector-output-to-ipi-weak-signal-run-1/latency/av-1/request bytes=25433 forwarded=1
1783351902.839499 publish topic=ipi/detector-output-to-ipi-weak-signal-run-1/latency/av-1/ack bytes=234 forwarded=1
1783351903.730560 publish topic=ipi/detector-output-to-ipi-weak-signal-run-1/latency/av-1/request bytes=25433 forwarded=1
1783351903.731296 publish topic=ipi/detector-output-to-ipi-weak-signal-run-1/latency/av-1/ack bytes=234 forwarded=1
1783351904.081064 publish topic=ipi/detector-output-to-ipi-weak-signal-run-1/latency/av-1/request bytes=25433 forwarded=1
1783351904.081773 publish topic=ipi/detector-output-to-ipi-weak-signal-run-1/latency/av-1/ack bytes=234 forwarded=1
1783351904.421694 publish topic=ipi/detector-output-to-ipi-weak-signal-run-1/latency/av-1/request bytes=25433 forwarded=1
1783351904.422414 publish topic=ipi/detector-output-to-ipi-weak-signal-run-1/latency/av-1/ack bytes=234 forwarded=1
1783351904.802233 publish topic=ipi/detector-output-to-ipi-weak-signal-run-1/latency/av-1/request bytes=25433 forwarded=1
1783351904.803022 publish topic=ipi/detector-output-to-ipi-weak-signal-run-1/latency/av-1/ack bytes=234 forwarded=1
1783351905.132402 publish topic=ipi/detector-output-to-ipi-weak-signal-run-1/latency/av-1/request bytes=25433 forwarded=1
1783351905.133103 publish topic=ipi/detector-output-to-ipi-weak-signal-run-1/latency/av-1/ack bytes=234 forwarded=1
1783351905.462662 publish topic=ipi/detector-output-to-ipi-weak-signal-run-1/latency/av-1/request bytes=25433 forwarded=1
1783351905.463403 publish topic=ipi/detector-output-to-ipi-weak-signal-run-1/latency/av-1/ack bytes=234 forwarded=1
1783351905.812842 publish topic=ipi/detector-output-to-ipi-weak-signal-run-1/latency/av-1/request bytes=25433 forwarded=1
1783351905.813586 publish topic=ipi/detector-output-to-ipi-weak-signal-run-1/latency/av-1/ack bytes=234 forwarded=1
1783351906.202937 publish topic=ipi/detector-output-to-ipi-weak-signal-run-1/latency/av-1/request bytes=25433 forwarded=1
1783351906.203714 publish topic=ipi/detector-output-to-ipi-weak-signal-run-1/latency/av-1/ack bytes=234 forwarded=1
1783351906.653039 publish topic=ipi/detector-output-to-ipi-weak-signal-run-1/latency/av-1/request bytes=25433 forwarded=1
1783351906.653750 publish topic=ipi/detector-output-to-ipi-weak-signal-run-1/latency/av-1/ack bytes=234 forwarded=1
1783351907.013416 publish topic=ipi/detector-output-to-ipi-weak-signal-run-1/latency/av-1/request bytes=25433 forwarded=1
1783351907.014175 publish topic=ipi/detector-output-to-ipi-weak-signal-run-1/latency/av-1/ack bytes=234 forwarded=1
1783351907.363650 publish topic=ipi/detector-output-to-ipi-weak-signal-run-1/latency/av-1/request bytes=25433 forwarded=1
1783351907.364400 publish topic=ipi/detector-output-to-ipi-weak-signal-run-1/latency/av-1/ack bytes=234 forwarded=1
1783351907.773773 publish topic=ipi/detector-output-to-ipi-weak-signal-run-1/latency/av-1/request bytes=25433 forwarded=1
1783351907.774549 publish topic=ipi/detector-output-to-ipi-weak-signal-run-1/latency/av-1/ack bytes=234 forwarded=1
1783351908.113799 publish topic=ipi/detector-output-to-ipi-weak-signal-run-1/latency/av-1/request bytes=25433 forwarded=1
1783351908.114596 publish topic=ipi/detector-output-to-ipi-weak-signal-run-1/latency/av-1/ack bytes=234 forwarded=1
1783351908.464017 publish topic=ipi/detector-output-to-ipi-weak-signal-run-1/latency/av-1/request bytes=25433 forwarded=1
1783351908.464682 publish topic=ipi/detector-output-to-ipi-weak-signal-run-1/latency/av-1/ack bytes=234 forwarded=1
1783351908.794016 publish topic=ipi/detector-output-to-ipi-weak-signal-run-1/latency/av-1/request bytes=25433 forwarded=1
1783351908.794788 publish topic=ipi/detector-output-to-ipi-weak-signal-run-1/latency/av-1/ack bytes=234 forwarded=1
1783351909.154090 publish topic=ipi/detector-output-to-ipi-weak-signal-run-1/latency/av-1/request bytes=25433 forwarded=1
1783351909.154843 publish topic=ipi/detector-output-to-ipi-weak-signal-run-1/latency/av-1/ack bytes=234 forwarded=1
1783351909.474440 publish topic=ipi/detector-output-to-ipi-weak-signal-run-1/latency/av-1/request bytes=25433 forwarded=1
1783351909.475193 publish topic=ipi/detector-output-to-ipi-weak-signal-run-1/latency/av-1/ack bytes=234 forwarded=1
1783351909.834628 publish topic=ipi/detector-output-to-ipi-weak-signal-run-1/latency/av-1/request bytes=25433 forwarded=1
1783351909.835425 publish topic=ipi/detector-output-to-ipi-weak-signal-run-1/latency/av-1/ack bytes=234 forwarded=1
1783351910.164777 publish topic=ipi/detector-output-to-ipi-weak-signal-run-1/latency/av-1/request bytes=25433 forwarded=1
1783351910.165526 publish topic=ipi/detector-output-to-ipi-weak-signal-run-1/latency/av-1/ack bytes=234 forwarded=1
1783351910.534788 publish topic=ipi/detector-output-to-ipi-weak-signal-run-1/latency/av-1/request bytes=25433 forwarded=1
1783351910.535609 publish topic=ipi/detector-output-to-ipi-weak-signal-run-1/latency/av-1/ack bytes=234 forwarded=1
1783351910.945102 publish topic=ipi/detector-output-to-ipi-weak-signal-run-1/latency/av-1/request bytes=25433 forwarded=1
1783351910.945875 publish topic=ipi/detector-output-to-ipi-weak-signal-run-1/latency/av-1/ack bytes=234 forwarded=1
1783351911.255391 publish topic=ipi/detector-output-to-ipi-weak-signal-run-1/latency/av-1/request bytes=25433 forwarded=1
1783351911.256099 publish topic=ipi/detector-output-to-ipi-weak-signal-run-1/latency/av-1/ack bytes=234 forwarded=1
1783351911.616168 publish topic=ipi/detector-output-to-ipi-weak-signal-run-1/latency/av-1/request bytes=25433 forwarded=1
1783351911.616897 publish topic=ipi/detector-output-to-ipi-weak-signal-run-1/latency/av-1/ack bytes=234 forwarded=1
1783351911.956544 publish topic=ipi/detector-output-to-ipi-weak-signal-run-1/latency/av-1/request bytes=25433 forwarded=1
1783351911.957257 publish topic=ipi/detector-output-to-ipi-weak-signal-run-1/latency/av-1/ack bytes=234 forwarded=1
1783351912.297153 publish topic=ipi/detector-output-to-ipi-weak-signal-run-1/latency/av-1/request bytes=25433 forwarded=1
1783351912.297918 publish topic=ipi/detector-output-to-ipi-weak-signal-run-1/latency/av-1/ack bytes=234 forwarded=1
1783351912.657399 publish topic=ipi/detector-output-to-ipi-weak-signal-run-1/latency/av-1/request bytes=25433 forwarded=1
1783351912.658147 publish topic=ipi/detector-output-to-ipi-weak-signal-run-1/latency/av-1/ack bytes=234 forwarded=1
1783351912.987954 publish topic=ipi/detector-output-to-ipi-weak-signal-run-1/latency/av-1/request bytes=25433 forwarded=1
1783351912.988692 publish topic=ipi/detector-output-to-ipi-weak-signal-run-1/latency/av-1/ack bytes=234 forwarded=1
1783351913.318420 publish topic=ipi/detector-output-to-ipi-weak-signal-run-1/latency/av-1/request bytes=25433 forwarded=1
1783351913.319406 publish topic=ipi/detector-output-to-ipi-weak-signal-run-1/latency/av-1/ack bytes=234 forwarded=1
1783351913.658762 publish topic=ipi/detector-output-to-ipi-weak-signal-run-1/latency/av-1/request bytes=25433 forwarded=1
1783351913.659506 publish topic=ipi/detector-output-to-ipi-weak-signal-run-1/latency/av-1/ack bytes=234 forwarded=1
1783351913.999302 publish topic=ipi/detector-output-to-ipi-weak-signal-run-1/latency/av-1/request bytes=25433 forwarded=1
1783351914.000041 publish topic=ipi/detector-output-to-ipi-weak-signal-run-1/latency/av-1/ack bytes=234 forwarded=1
1783351914.480075 publish topic=ipi/detector-output-to-ipi-weak-signal-run-1/latency/av-1/request bytes=25433 forwarded=1
1783351914.480779 publish topic=ipi/detector-output-to-ipi-weak-signal-run-1/latency/av-1/ack bytes=234 forwarded=1
1783351914.961082 publish topic=ipi/detector-output-to-ipi-weak-signal-run-1/latency/av-1/request bytes=25433 forwarded=1
1783351914.961841 publish topic=ipi/detector-output-to-ipi-weak-signal-run-1/latency/av-1/ack bytes=234 forwarded=1
1783351915.762509 publish topic=ipi/detector-output-to-ipi-weak-signal-run-1/latency/av-1/request bytes=25433 forwarded=1
1783351915.763367 publish topic=ipi/detector-output-to-ipi-weak-signal-run-1/latency/av-1/ack bytes=234 forwarded=1
1783351916.173016 publish topic=ipi/detector-output-to-ipi-weak-signal-run-1/latency/av-1/request bytes=25433 forwarded=1
1783351916.173746 publish topic=ipi/detector-output-to-ipi-weak-signal-run-1/latency/av-1/ack bytes=234 forwarded=1
1783351916.653808 publish topic=ipi/detector-output-to-ipi-weak-signal-run-1/latency/av-1/request bytes=25433 forwarded=1
1783351916.654599 publish topic=ipi/detector-output-to-ipi-weak-signal-run-1/latency/av-1/ack bytes=234 forwarded=1
1783351917.004558 publish topic=ipi/detector-output-to-ipi-weak-signal-run-1/latency/av-1/request bytes=25433 forwarded=1
1783351917.005301 publish topic=ipi/detector-output-to-ipi-weak-signal-run-1/latency/av-1/ack bytes=234 forwarded=1
1783351917.344915 publish topic=ipi/detector-output-to-ipi-weak-signal-run-1/latency/av-1/request bytes=25433 forwarded=1
1783351917.345625 publish topic=ipi/detector-output-to-ipi-weak-signal-run-1/latency/av-1/ack bytes=234 forwarded=1
1783351917.655231 publish topic=ipi/detector-output-to-ipi-weak-signal-run-1/latency/av-1/request bytes=25433 forwarded=1
1783351917.655985 publish topic=ipi/detector-output-to-ipi-weak-signal-run-1/latency/av-1/ack bytes=234 forwarded=1
1783351917.975657 publish topic=ipi/detector-output-to-ipi-weak-signal-run-1/latency/av-1/request bytes=25433 forwarded=1
1783351917.976372 publish topic=ipi/detector-output-to-ipi-weak-signal-run-1/latency/av-1/ack bytes=234 forwarded=1
1783351918.326230 publish topic=ipi/detector-output-to-ipi-weak-signal-run-1/latency/av-1/request bytes=25433 forwarded=1
1783351918.327047 publish topic=ipi/detector-output-to-ipi-weak-signal-run-1/latency/av-1/ack bytes=234 forwarded=1
1783351918.606584 publish topic=ipi/detector-output-to-ipi-weak-signal-run-1/latency/av-1/request bytes=25433 forwarded=1
1783351918.607332 publish topic=ipi/detector-output-to-ipi-weak-signal-run-1/latency/av-1/ack bytes=234 forwarded=1
1783351918.906809 publish topic=ipi/detector-output-to-ipi-weak-signal-run-1/latency/av-1/request bytes=25433 forwarded=1
1783351918.907513 publish topic=ipi/detector-output-to-ipi-weak-signal-run-1/latency/av-1/ack bytes=234 forwarded=1
1783351919.227319 publish topic=ipi/detector-output-to-ipi-weak-signal-run-1/latency/av-1/request bytes=25433 forwarded=1
1783351919.228069 publish topic=ipi/detector-output-to-ipi-weak-signal-run-1/latency/av-1/ack bytes=234 forwarded=1
1783351919.547843 publish topic=ipi/detector-output-to-ipi-weak-signal-run-1/latency/av-1/request bytes=25433 forwarded=1
1783351919.548553 publish topic=ipi/detector-output-to-ipi-weak-signal-run-1/latency/av-1/ack bytes=234 forwarded=1
1783351919.878133 publish topic=ipi/detector-output-to-ipi-weak-signal-run-1/latency/av-1/request bytes=25433 forwarded=1
1783351919.878897 publish topic=ipi/detector-output-to-ipi-weak-signal-run-1/latency/av-1/ack bytes=234 forwarded=1
1783351920.188470 publish topic=ipi/detector-output-to-ipi-weak-signal-run-1/latency/av-1/request bytes=25433 forwarded=1
1783351920.189174 publish topic=ipi/detector-output-to-ipi-weak-signal-run-1/latency/av-1/ack bytes=234 forwarded=1
1783351920.508943 publish topic=ipi/detector-output-to-ipi-weak-signal-run-1/latency/av-1/request bytes=25433 forwarded=1
1783351920.509648 publish topic=ipi/detector-output-to-ipi-weak-signal-run-1/latency/av-1/ack bytes=234 forwarded=1
1783351920.869318 publish topic=ipi/detector-output-to-ipi-weak-signal-run-1/latency/av-1/request bytes=25433 forwarded=1
1783351920.870066 publish topic=ipi/detector-output-to-ipi-weak-signal-run-1/latency/av-1/ack bytes=234 forwarded=1
1783351921.209868 publish topic=ipi/detector-output-to-ipi-weak-signal-run-1/latency/av-1/request bytes=25433 forwarded=1
1783351921.210618 publish topic=ipi/detector-output-to-ipi-weak-signal-run-1/latency/av-1/ack bytes=234 forwarded=1
1783351921.560271 publish topic=ipi/detector-output-to-ipi-weak-signal-run-1/latency/av-1/request bytes=25433 forwarded=1
1783351921.561041 publish topic=ipi/detector-output-to-ipi-weak-signal-run-1/latency/av-1/ack bytes=234 forwarded=1
1783351921.900752 publish topic=ipi/detector-output-to-ipi-weak-signal-run-1/latency/av-1/request bytes=25433 forwarded=1
1783351921.901521 publish topic=ipi/detector-output-to-ipi-weak-signal-run-1/latency/av-1/ack bytes=234 forwarded=1
1783351922.261181 publish topic=ipi/detector-output-to-ipi-weak-signal-run-1/latency/av-1/request bytes=25433 forwarded=1
1783351922.261923 publish topic=ipi/detector-output-to-ipi-weak-signal-run-1/latency/av-1/ack bytes=234 forwarded=1
1783351922.631732 publish topic=ipi/detector-output-to-ipi-weak-signal-run-1/latency/av-1/request bytes=25433 forwarded=1
1783351922.632498 publish topic=ipi/detector-output-to-ipi-weak-signal-run-1/latency/av-1/ack bytes=234 forwarded=1
1783351922.992229 publish topic=ipi/detector-output-to-ipi-weak-signal-run-1/latency/av-1/request bytes=25433 forwarded=1
1783351922.993044 publish topic=ipi/detector-output-to-ipi-weak-signal-run-1/latency/av-1/ack bytes=234 forwarded=1
1783351923.322340 publish topic=ipi/detector-output-to-ipi-weak-signal-run-1/latency/av-1/request bytes=25433 forwarded=1
1783351923.323097 publish topic=ipi/detector-output-to-ipi-weak-signal-run-1/latency/av-1/ack bytes=234 forwarded=1
1783351923.682755 publish topic=ipi/detector-output-to-ipi-weak-signal-run-1/latency/av-1/request bytes=25433 forwarded=1
1783351923.683371 publish topic=ipi/detector-output-to-ipi-weak-signal-run-1/latency/av-1/ack bytes=234 forwarded=1
1783351924.043553 publish topic=ipi/detector-output-to-ipi-weak-signal-run-1/latency/av-1/request bytes=25433 forwarded=1
1783351924.044299 publish topic=ipi/detector-output-to-ipi-weak-signal-run-1/latency/av-1/ack bytes=234 forwarded=1
1783351924.373822 publish topic=ipi/detector-output-to-ipi-weak-signal-run-1/latency/av-1/request bytes=25433 forwarded=1
1783351924.374606 publish topic=ipi/detector-output-to-ipi-weak-signal-run-1/latency/av-1/ack bytes=234 forwarded=1
1783351924.693964 publish topic=ipi/detector-output-to-ipi-weak-signal-run-1/latency/av-1/request bytes=25433 forwarded=1
1783351924.694657 publish topic=ipi/detector-output-to-ipi-weak-signal-run-1/latency/av-1/ack bytes=234 forwarded=1
1783351925.004634 publish topic=ipi/detector-output-to-ipi-weak-signal-run-1/latency/av-1/request bytes=25433 forwarded=1
1783351925.005313 publish topic=ipi/detector-output-to-ipi-weak-signal-run-1/latency/av-1/ack bytes=234 forwarded=1
1783351925.345326 publish topic=ipi/detector-output-to-ipi-weak-signal-run-1/latency/av-1/request bytes=25433 forwarded=1
1783351925.346119 publish topic=ipi/detector-output-to-ipi-weak-signal-run-1/latency/av-1/ack bytes=234 forwarded=1
1783351925.655479 publish topic=ipi/detector-output-to-ipi-weak-signal-run-1/latency/av-1/request bytes=25433 forwarded=1
1783351925.656197 publish topic=ipi/detector-output-to-ipi-weak-signal-run-1/latency/av-1/ack bytes=234 forwarded=1
1783351925.985738 publish topic=ipi/detector-output-to-ipi-weak-signal-run-1/latency/av-1/request bytes=25433 forwarded=1
1783351925.986518 publish topic=ipi/detector-output-to-ipi-weak-signal-run-1/latency/av-1/ack bytes=234 forwarded=1
1783351926.316450 publish topic=ipi/detector-output-to-ipi-weak-signal-run-1/latency/av-1/request bytes=25433 forwarded=1
1783351926.317194 publish topic=ipi/detector-output-to-ipi-weak-signal-run-1/latency/av-1/ack bytes=234 forwarded=1
1783351926.656770 publish topic=ipi/detector-output-to-ipi-weak-signal-run-1/latency/av-1/request bytes=25433 forwarded=1
1783351926.657509 publish topic=ipi/detector-output-to-ipi-weak-signal-run-1/latency/av-1/ack bytes=234 forwarded=1
1783351927.097353 publish topic=ipi/detector-output-to-ipi-weak-signal-run-1/latency/av-1/request bytes=25433 forwarded=1
1783351927.098140 publish topic=ipi/detector-output-to-ipi-weak-signal-run-1/latency/av-1/ack bytes=234 forwarded=1
1783351927.548153 publish topic=ipi/detector-output-to-ipi-weak-signal-run-1/latency/av-1/request bytes=25433 forwarded=1
1783351927.548900 publish topic=ipi/detector-output-to-ipi-weak-signal-run-1/latency/av-1/ack bytes=234 forwarded=1
1783351927.989129 publish topic=ipi/detector-output-to-ipi-weak-signal-run-1/latency/av-1/request bytes=25433 forwarded=1
1783351927.989796 publish topic=ipi/detector-output-to-ipi-weak-signal-run-1/latency/av-1/ack bytes=234 forwarded=1
1783351928.790283 publish topic=ipi/detector-output-to-ipi-weak-signal-run-1/latency/av-1/request bytes=25433 forwarded=1
1783351928.791056 publish topic=ipi/detector-output-to-ipi-weak-signal-run-1/latency/av-1/ack bytes=234 forwarded=1
1783351929.250952 publish topic=ipi/detector-output-to-ipi-weak-signal-run-1/latency/av-1/request bytes=25433 forwarded=1
1783351929.251666 publish topic=ipi/detector-output-to-ipi-weak-signal-run-1/latency/av-1/ack bytes=234 forwarded=1
1783351929.611701 publish topic=ipi/detector-output-to-ipi-weak-signal-run-1/latency/av-1/request bytes=25433 forwarded=1
1783351929.612444 publish topic=ipi/detector-output-to-ipi-weak-signal-run-1/latency/av-1/ack bytes=234 forwarded=1
1783351929.952152 publish topic=ipi/detector-output-to-ipi-weak-signal-run-1/latency/av-1/request bytes=25433 forwarded=1
1783351929.952922 publish topic=ipi/detector-output-to-ipi-weak-signal-run-1/latency/av-1/ack bytes=234 forwarded=1
1783351930.292516 publish topic=ipi/detector-output-to-ipi-weak-signal-run-1/latency/av-1/request bytes=25433 forwarded=1
1783351930.293265 publish topic=ipi/detector-output-to-ipi-weak-signal-run-1/latency/av-1/ack bytes=234 forwarded=1
1783351930.602790 publish topic=ipi/detector-output-to-ipi-weak-signal-run-1/latency/av-1/request bytes=25433 forwarded=1
1783351930.603518 publish topic=ipi/detector-output-to-ipi-weak-signal-run-1/latency/av-1/ack bytes=234 forwarded=1
1783351930.933276 publish topic=ipi/detector-output-to-ipi-weak-signal-run-1/latency/av-1/request bytes=25433 forwarded=1
1783351930.934026 publish topic=ipi/detector-output-to-ipi-weak-signal-run-1/latency/av-1/ack bytes=234 forwarded=1
1783351931.273508 publish topic=ipi/detector-output-to-ipi-weak-signal-run-1/latency/av-1/request bytes=25433 forwarded=1
1783351931.274263 publish topic=ipi/detector-output-to-ipi-weak-signal-run-1/latency/av-1/ack bytes=234 forwarded=1
1783351931.593864 publish topic=ipi/detector-output-to-ipi-weak-signal-run-1/latency/av-1/request bytes=25433 forwarded=1
1783351931.594652 publish topic=ipi/detector-output-to-ipi-weak-signal-run-1/latency/av-1/ack bytes=234 forwarded=1
1783351931.894361 publish topic=ipi/detector-output-to-ipi-weak-signal-run-1/latency/av-1/request bytes=25433 forwarded=1
1783351931.895201 publish topic=ipi/detector-output-to-ipi-weak-signal-run-1/latency/av-1/ack bytes=234 forwarded=1
1783351932.214740 publish topic=ipi/detector-output-to-ipi-weak-signal-run-1/latency/av-1/request bytes=25433 forwarded=1
1783351932.215482 publish topic=ipi/detector-output-to-ipi-weak-signal-run-1/latency/av-1/ack bytes=234 forwarded=1
1783351932.534996 publish topic=ipi/detector-output-to-ipi-weak-signal-run-1/latency/av-1/request bytes=25433 forwarded=1
1783351932.535683 publish topic=ipi/detector-output-to-ipi-weak-signal-run-1/latency/av-1/ack bytes=234 forwarded=1
1783351932.875650 publish topic=ipi/detector-output-to-ipi-weak-signal-run-1/latency/av-1/request bytes=25433 forwarded=1
1783351932.876328 publish topic=ipi/detector-output-to-ipi-weak-signal-run-1/latency/av-1/ack bytes=234 forwarded=1
1783351933.226063 publish topic=ipi/detector-output-to-ipi-weak-signal-run-1/latency/av-1/request bytes=25433 forwarded=1
1783351933.226855 publish topic=ipi/detector-output-to-ipi-weak-signal-run-1/latency/av-1/ack bytes=234 forwarded=1
1783351933.576519 publish topic=ipi/detector-output-to-ipi-weak-signal-run-1/latency/av-1/request bytes=25433 forwarded=1
1783351933.577208 publish topic=ipi/detector-output-to-ipi-weak-signal-run-1/latency/av-1/ack bytes=234 forwarded=1
1783351933.936999 publish topic=ipi/detector-output-to-ipi-weak-signal-run-1/latency/av-1/request bytes=25433 forwarded=1
1783351933.937647 publish topic=ipi/detector-output-to-ipi-weak-signal-run-1/latency/av-1/ack bytes=234 forwarded=1
1783351934.277180 publish topic=ipi/detector-output-to-ipi-weak-signal-run-1/latency/av-1/request bytes=25433 forwarded=1
1783351934.277690 publish topic=ipi/detector-output-to-ipi-weak-signal-run-1/latency/av-1/ack bytes=234 forwarded=1
1783351934.587682 publish topic=ipi/detector-output-to-ipi-weak-signal-run-1/latency/av-1/request bytes=25433 forwarded=1
1783351934.588393 publish topic=ipi/detector-output-to-ipi-weak-signal-run-1/latency/av-1/ack bytes=234 forwarded=1
1783351934.958023 publish topic=ipi/detector-output-to-ipi-weak-signal-run-1/latency/av-1/request bytes=25433 forwarded=1
1783351934.958717 publish topic=ipi/detector-output-to-ipi-weak-signal-run-1/latency/av-1/ack bytes=234 forwarded=1
1783351935.298550 publish topic=ipi/detector-output-to-ipi-weak-signal-run-1/latency/av-1/request bytes=25433 forwarded=1
1783351935.299298 publish topic=ipi/detector-output-to-ipi-weak-signal-run-1/latency/av-1/ack bytes=234 forwarded=1
1783351935.649218 publish topic=ipi/detector-output-to-ipi-weak-signal-run-1/latency/av-1/request bytes=25433 forwarded=1
1783351935.649882 publish topic=ipi/detector-output-to-ipi-weak-signal-run-1/latency/av-1/ack bytes=234 forwarded=1
1783351935.979574 publish topic=ipi/detector-output-to-ipi-weak-signal-run-1/latency/av-1/request bytes=25433 forwarded=1
1783351935.980213 publish topic=ipi/detector-output-to-ipi-weak-signal-run-1/latency/av-1/ack bytes=234 forwarded=1
1783351936.340266 publish topic=ipi/detector-output-to-ipi-weak-signal-run-1/latency/av-1/request bytes=25433 forwarded=1
1783351936.341030 publish topic=ipi/detector-output-to-ipi-weak-signal-run-1/latency/av-1/ack bytes=234 forwarded=1
1783351936.690566 publish topic=ipi/detector-output-to-ipi-weak-signal-run-1/latency/av-1/request bytes=25433 forwarded=1
1783351936.691266 publish topic=ipi/detector-output-to-ipi-weak-signal-run-1/latency/av-1/ack bytes=234 forwarded=1
1783351937.000997 publish topic=ipi/detector-output-to-ipi-weak-signal-run-1/latency/av-1/request bytes=25433 forwarded=1
1783351937.001675 publish topic=ipi/detector-output-to-ipi-weak-signal-run-1/latency/av-1/ack bytes=234 forwarded=1
1783351937.301570 publish topic=ipi/detector-output-to-ipi-weak-signal-run-1/latency/av-1/request bytes=25433 forwarded=1
1783351937.302348 publish topic=ipi/detector-output-to-ipi-weak-signal-run-1/latency/av-1/ack bytes=234 forwarded=1
1783351937.631802 publish topic=ipi/detector-output-to-ipi-weak-signal-run-1/latency/av-1/request bytes=25433 forwarded=1
1783351937.632623 publish topic=ipi/detector-output-to-ipi-weak-signal-run-1/latency/av-1/ack bytes=234 forwarded=1
1783351937.982561 publish topic=ipi/detector-output-to-ipi-weak-signal-run-1/latency/av-1/request bytes=25433 forwarded=1
1783351937.983369 publish topic=ipi/detector-output-to-ipi-weak-signal-run-1/latency/av-1/ack bytes=234 forwarded=1
1783351938.433059 publish topic=ipi/detector-output-to-ipi-weak-signal-run-1/latency/av-1/request bytes=25433 forwarded=1
1783351938.433813 publish topic=ipi/detector-output-to-ipi-weak-signal-run-1/latency/av-1/ack bytes=234 forwarded=1
1783351938.803707 publish topic=ipi/detector-output-to-ipi-weak-signal-run-1/latency/av-1/request bytes=25433 forwarded=1
1783351938.804436 publish topic=ipi/detector-output-to-ipi-weak-signal-run-1/latency/av-1/ack bytes=234 forwarded=1
1783351939.164237 publish topic=ipi/detector-output-to-ipi-weak-signal-run-1/latency/av-1/request bytes=25433 forwarded=1
1783351939.164977 publish topic=ipi/detector-output-to-ipi-weak-signal-run-1/latency/av-1/ack bytes=234 forwarded=1
1783351939.554838 publish topic=ipi/detector-output-to-ipi-weak-signal-run-1/latency/av-1/request bytes=25433 forwarded=1
1783351939.555581 publish topic=ipi/detector-output-to-ipi-weak-signal-run-1/latency/av-1/ack bytes=234 forwarded=1
1783351939.925424 publish topic=ipi/detector-output-to-ipi-weak-signal-run-1/latency/av-1/request bytes=25433 forwarded=1
1783351939.926167 publish topic=ipi/detector-output-to-ipi-weak-signal-run-1/latency/av-1/ack bytes=234 forwarded=1
1783351940.335875 publish topic=ipi/detector-output-to-ipi-weak-signal-run-1/latency/av-1/request bytes=25433 forwarded=1
1783351940.336605 publish topic=ipi/detector-output-to-ipi-weak-signal-run-1/latency/av-1/ack bytes=234 forwarded=1
1783351940.736781 publish topic=ipi/detector-output-to-ipi-weak-signal-run-1/latency/av-1/request bytes=25433 forwarded=1
1783351940.737484 publish topic=ipi/detector-output-to-ipi-weak-signal-run-1/latency/av-1/ack bytes=234 forwarded=1
1783351941.147257 publish topic=ipi/detector-output-to-ipi-weak-signal-run-1/latency/av-1/request bytes=25433 forwarded=1
1783351941.148017 publish topic=ipi/detector-output-to-ipi-weak-signal-run-1/latency/av-1/ack bytes=234 forwarded=1
1783351941.578191 publish topic=ipi/detector-output-to-ipi-weak-signal-run-1/latency/av-1/request bytes=25433 forwarded=1
1783351941.578974 publish topic=ipi/detector-output-to-ipi-weak-signal-run-1/latency/av-1/ack bytes=234 forwarded=1
1783351942.058940 publish topic=ipi/detector-output-to-ipi-weak-signal-run-1/latency/av-1/request bytes=25433 forwarded=1
1783351942.059733 publish topic=ipi/detector-output-to-ipi-weak-signal-run-1/latency/av-1/ack bytes=234 forwarded=1
1783351942.399308 publish topic=ipi/detector-output-to-ipi-weak-signal-run-1/latency/av-1/request bytes=25433 forwarded=1
1783351942.400080 publish topic=ipi/detector-output-to-ipi-weak-signal-run-1/latency/av-1/ack bytes=234 forwarded=1
1783351942.749779 publish topic=ipi/detector-output-to-ipi-weak-signal-run-1/latency/av-1/request bytes=25433 forwarded=1
1783351942.750556 publish topic=ipi/detector-output-to-ipi-weak-signal-run-1/latency/av-1/ack bytes=234 forwarded=1
1783351943.100345 publish topic=ipi/detector-output-to-ipi-weak-signal-run-1/latency/av-1/request bytes=25433 forwarded=1
1783351943.101047 publish topic=ipi/detector-output-to-ipi-weak-signal-run-1/latency/av-1/ack bytes=234 forwarded=1
1783351943.440934 publish topic=ipi/detector-output-to-ipi-weak-signal-run-1/latency/av-1/request bytes=25433 forwarded=1
1783351943.441722 publish topic=ipi/detector-output-to-ipi-weak-signal-run-1/latency/av-1/ack bytes=234 forwarded=1
1783351943.821401 publish topic=ipi/detector-output-to-ipi-weak-signal-run-1/latency/av-1/request bytes=25433 forwarded=1
1783351943.822124 publish topic=ipi/detector-output-to-ipi-weak-signal-run-1/latency/av-1/ack bytes=234 forwarded=1
1783351944.201636 publish topic=ipi/detector-output-to-ipi-weak-signal-run-1/latency/av-1/request bytes=25433 forwarded=1
1783351944.202432 publish topic=ipi/detector-output-to-ipi-weak-signal-run-1/latency/av-1/ack bytes=234 forwarded=1
1783351944.542404 publish topic=ipi/detector-output-to-ipi-weak-signal-run-1/latency/av-1/request bytes=25433 forwarded=1
1783351944.543128 publish topic=ipi/detector-output-to-ipi-weak-signal-run-1/latency/av-1/ack bytes=234 forwarded=1
1783351944.892742 publish topic=ipi/detector-output-to-ipi-weak-signal-run-1/latency/av-1/request bytes=25433 forwarded=1
1783351944.893559 publish topic=ipi/detector-output-to-ipi-weak-signal-run-1/latency/av-1/ack bytes=234 forwarded=1
1783351945.233422 publish topic=ipi/detector-output-to-ipi-weak-signal-run-1/latency/av-1/request bytes=25433 forwarded=1
1783351945.234137 publish topic=ipi/detector-output-to-ipi-weak-signal-run-1/latency/av-1/ack bytes=234 forwarded=1
1783351945.563839 publish topic=ipi/detector-output-to-ipi-weak-signal-run-1/latency/av-1/request bytes=25433 forwarded=1
1783351945.564619 publish topic=ipi/detector-output-to-ipi-weak-signal-run-1/latency/av-1/ack bytes=234 forwarded=1
1783351945.924105 publish topic=ipi/detector-output-to-ipi-weak-signal-run-1/latency/av-1/request bytes=25433 forwarded=1
1783351945.924907 publish topic=ipi/detector-output-to-ipi-weak-signal-run-1/latency/av-1/ack bytes=234 forwarded=1
1783351946.274515 publish topic=ipi/detector-output-to-ipi-weak-signal-run-1/latency/av-1/request bytes=25433 forwarded=1
1783351946.275321 publish topic=ipi/detector-output-to-ipi-weak-signal-run-1/latency/av-1/ack bytes=234 forwarded=1
1783351946.625205 publish topic=ipi/detector-output-to-ipi-weak-signal-run-1/latency/av-1/request bytes=25433 forwarded=1
1783351946.625914 publish topic=ipi/detector-output-to-ipi-weak-signal-run-1/latency/av-1/ack bytes=234 forwarded=1
1783351946.945387 publish topic=ipi/detector-output-to-ipi-weak-signal-run-1/latency/av-1/request bytes=25433 forwarded=1
1783351946.946133 publish topic=ipi/detector-output-to-ipi-weak-signal-run-1/latency/av-1/ack bytes=234 forwarded=1
1783351947.285603 publish topic=ipi/detector-output-to-ipi-weak-signal-run-1/latency/av-1/request bytes=25433 forwarded=1
1783351947.286388 publish topic=ipi/detector-output-to-ipi-weak-signal-run-1/latency/av-1/ack bytes=234 forwarded=1
1783351947.606410 publish topic=ipi/detector-output-to-ipi-weak-signal-run-1/latency/av-1/request bytes=25433 forwarded=1
1783351947.607256 publish topic=ipi/detector-output-to-ipi-weak-signal-run-1/latency/av-1/ack bytes=234 forwarded=1
1783351947.906841 publish topic=ipi/detector-output-to-ipi-weak-signal-run-1/latency/av-1/request bytes=25433 forwarded=1
1783351947.907674 publish topic=ipi/detector-output-to-ipi-weak-signal-run-1/latency/av-1/ack bytes=234 forwarded=1
1783351948.257263 publish topic=ipi/detector-output-to-ipi-weak-signal-run-1/latency/av-1/request bytes=25433 forwarded=1
1783351948.257989 publish topic=ipi/detector-output-to-ipi-weak-signal-run-1/latency/av-1/ack bytes=234 forwarded=1
1783351948.597517 publish topic=ipi/detector-output-to-ipi-weak-signal-run-1/latency/av-1/request bytes=25433 forwarded=1
1783351948.598312 publish topic=ipi/detector-output-to-ipi-weak-signal-run-1/latency/av-1/ack bytes=234 forwarded=1
1783351948.927776 publish topic=ipi/detector-output-to-ipi-weak-signal-run-1/latency/av-1/request bytes=25433 forwarded=1
1783351948.928580 publish topic=ipi/detector-output-to-ipi-weak-signal-run-1/latency/av-1/ack bytes=234 forwarded=1
1783351949.258591 publish topic=ipi/detector-output-to-ipi-weak-signal-run-1/latency/av-1/request bytes=25433 forwarded=1
1783351949.259327 publish topic=ipi/detector-output-to-ipi-weak-signal-run-1/latency/av-1/ack bytes=234 forwarded=1
1783351949.598764 publish topic=ipi/detector-output-to-ipi-weak-signal-run-1/latency/av-1/request bytes=25433 forwarded=1
1783351949.599550 publish topic=ipi/detector-output-to-ipi-weak-signal-run-1/latency/av-1/ack bytes=234 forwarded=1
1783351949.979341 publish topic=ipi/detector-output-to-ipi-weak-signal-run-1/latency/av-1/request bytes=25433 forwarded=1
1783351949.980092 publish topic=ipi/detector-output-to-ipi-weak-signal-run-1/latency/av-1/ack bytes=234 forwarded=1
1783351950.359866 publish topic=ipi/detector-output-to-ipi-weak-signal-run-1/latency/av-1/request bytes=25433 forwarded=1
1783351950.360650 publish topic=ipi/detector-output-to-ipi-weak-signal-run-1/latency/av-1/ack bytes=234 forwarded=1
1783351950.720247 publish topic=ipi/detector-output-to-ipi-weak-signal-run-1/latency/av-1/request bytes=25433 forwarded=1
1783351950.721033 publish topic=ipi/detector-output-to-ipi-weak-signal-run-1/latency/av-1/ack bytes=234 forwarded=1
1783351951.040796 publish topic=ipi/detector-output-to-ipi-weak-signal-run-1/latency/av-1/request bytes=25433 forwarded=1
1783351951.041577 publish topic=ipi/detector-output-to-ipi-weak-signal-run-1/latency/av-1/ack bytes=234 forwarded=1
1783351951.380990 publish topic=ipi/detector-output-to-ipi-weak-signal-run-1/latency/av-1/request bytes=25433 forwarded=1
1783351951.381813 publish topic=ipi/detector-output-to-ipi-weak-signal-run-1/latency/av-1/ack bytes=234 forwarded=1
1783351951.731521 publish topic=ipi/detector-output-to-ipi-weak-signal-run-1/latency/av-1/request bytes=25433 forwarded=1
1783351951.732261 publish topic=ipi/detector-output-to-ipi-weak-signal-run-1/latency/av-1/ack bytes=234 forwarded=1
1783351952.182003 publish topic=ipi/detector-output-to-ipi-weak-signal-run-1/latency/av-1/request bytes=25433 forwarded=1
1783351952.182834 publish topic=ipi/detector-output-to-ipi-weak-signal-run-1/latency/av-1/ack bytes=234 forwarded=1
1783351953.123780 publish topic=ipi/detector-output-to-ipi-weak-signal-run-1/latency/av-1/request bytes=25433 forwarded=1
1783351953.124516 publish topic=ipi/detector-output-to-ipi-weak-signal-run-1/latency/av-1/ack bytes=234 forwarded=1
1783351953.734992 publish topic=ipi/detector-output-to-ipi-weak-signal-run-1/latency/av-1/request bytes=25433 forwarded=1
1783351953.735785 publish topic=ipi/detector-output-to-ipi-weak-signal-run-1/latency/av-1/ack bytes=234 forwarded=1
1783351954.165640 publish topic=ipi/detector-output-to-ipi-weak-signal-run-1/latency/av-1/request bytes=25433 forwarded=1
1783351954.166394 publish topic=ipi/detector-output-to-ipi-weak-signal-run-1/latency/av-1/ack bytes=234 forwarded=1
1783351954.596301 publish topic=ipi/detector-output-to-ipi-weak-signal-run-1/latency/av-1/request bytes=25433 forwarded=1
1783351954.597041 publish topic=ipi/detector-output-to-ipi-weak-signal-run-1/latency/av-1/ack bytes=234 forwarded=1
1783351955.107362 publish topic=ipi/detector-output-to-ipi-weak-signal-run-1/latency/av-1/request bytes=25433 forwarded=1
1783351955.108078 publish topic=ipi/detector-output-to-ipi-weak-signal-run-1/latency/av-1/ack bytes=234 forwarded=1
1783351955.467870 publish topic=ipi/detector-output-to-ipi-weak-signal-run-1/latency/av-1/request bytes=25433 forwarded=1
1783351955.468644 publish topic=ipi/detector-output-to-ipi-weak-signal-run-1/latency/av-1/ack bytes=234 forwarded=1
1783351956.099084 publish topic=ipi/detector-output-to-ipi-weak-signal-run-1/latency/av-1/request bytes=25433 forwarded=1
1783351956.099816 publish topic=ipi/detector-output-to-ipi-weak-signal-run-1/latency/av-1/ack bytes=234 forwarded=1
1783351956.589774 publish topic=ipi/detector-output-to-ipi-weak-signal-run-1/latency/av-1/request bytes=25433 forwarded=1
1783351956.590442 publish topic=ipi/detector-output-to-ipi-weak-signal-run-1/latency/av-1/ack bytes=234 forwarded=1
1783351957.060705 publish topic=ipi/detector-output-to-ipi-weak-signal-run-1/latency/av-1/request bytes=25433 forwarded=1
1783351957.061429 publish topic=ipi/detector-output-to-ipi-weak-signal-run-1/latency/av-1/ack bytes=234 forwarded=1
1783351957.541645 publish topic=ipi/detector-output-to-ipi-weak-signal-run-1/latency/av-1/request bytes=25433 forwarded=1
1783351957.542314 publish topic=ipi/detector-output-to-ipi-weak-signal-run-1/latency/av-1/ack bytes=234 forwarded=1
1783351958.032675 publish topic=ipi/detector-output-to-ipi-weak-signal-run-1/latency/av-1/request bytes=25433 forwarded=1
1783351958.033313 publish topic=ipi/detector-output-to-ipi-weak-signal-run-1/latency/av-1/ack bytes=234 forwarded=1
1783351959.044334 publish topic=ipi/detector-output-to-ipi-weak-signal-run-1/latency/av-1/request bytes=25433 forwarded=1
1783351959.045107 publish topic=ipi/detector-output-to-ipi-weak-signal-run-1/latency/av-1/ack bytes=234 forwarded=1
1783351959.424886 publish topic=ipi/detector-output-to-ipi-weak-signal-run-1/latency/av-1/request bytes=25433 forwarded=1
1783351959.425555 publish topic=ipi/detector-output-to-ipi-weak-signal-run-1/latency/av-1/ack bytes=234 forwarded=1
1783351959.785280 publish topic=ipi/detector-output-to-ipi-weak-signal-run-1/latency/av-1/request bytes=25433 forwarded=1
1783351959.786088 publish topic=ipi/detector-output-to-ipi-weak-signal-run-1/latency/av-1/ack bytes=234 forwarded=1
1783351960.216050 publish topic=ipi/detector-output-to-ipi-weak-signal-run-1/latency/av-1/request bytes=25433 forwarded=1
1783351960.216765 publish topic=ipi/detector-output-to-ipi-weak-signal-run-1/latency/av-1/ack bytes=234 forwarded=1
1783351960.576540 publish topic=ipi/detector-output-to-ipi-weak-signal-run-1/latency/av-1/request bytes=25433 forwarded=1
1783351960.577227 publish topic=ipi/detector-output-to-ipi-weak-signal-run-1/latency/av-1/ack bytes=234 forwarded=1
1783351960.966913 publish topic=ipi/detector-output-to-ipi-weak-signal-run-1/latency/av-1/request bytes=25433 forwarded=1
1783351960.967601 publish topic=ipi/detector-output-to-ipi-weak-signal-run-1/latency/av-1/ack bytes=234 forwarded=1
1783351961.387581 publish topic=ipi/detector-output-to-ipi-weak-signal-run-1/latency/av-1/request bytes=25433 forwarded=1
1783351961.388333 publish topic=ipi/detector-output-to-ipi-weak-signal-run-1/latency/av-1/ack bytes=234 forwarded=1
1783351961.718269 publish topic=ipi/detector-output-to-ipi-weak-signal-run-1/latency/av-1/request bytes=25433 forwarded=1
1783351961.719057 publish topic=ipi/detector-output-to-ipi-weak-signal-run-1/latency/av-1/ack bytes=234 forwarded=1
1783351962.078731 publish topic=ipi/detector-output-to-ipi-weak-signal-run-1/latency/av-1/request bytes=25433 forwarded=1
1783351962.079477 publish topic=ipi/detector-output-to-ipi-weak-signal-run-1/latency/av-1/ack bytes=234 forwarded=1
1783351962.469188 publish topic=ipi/detector-output-to-ipi-weak-signal-run-1/latency/av-1/request bytes=25433 forwarded=1
1783351962.469931 publish topic=ipi/detector-output-to-ipi-weak-signal-run-1/latency/av-1/ack bytes=234 forwarded=1
1783351962.829587 publish topic=ipi/detector-output-to-ipi-weak-signal-run-1/latency/av-1/request bytes=25433 forwarded=1
1783351962.830344 publish topic=ipi/detector-output-to-ipi-weak-signal-run-1/latency/av-1/ack bytes=234 forwarded=1
1783351963.220296 publish topic=ipi/detector-output-to-ipi-weak-signal-run-1/latency/av-1/request bytes=25433 forwarded=1
1783351963.220972 publish topic=ipi/detector-output-to-ipi-weak-signal-run-1/latency/av-1/ack bytes=234 forwarded=1
1783351963.600992 publish topic=ipi/detector-output-to-ipi-weak-signal-run-1/latency/av-1/request bytes=25433 forwarded=1
1783351963.601737 publish topic=ipi/detector-output-to-ipi-weak-signal-run-1/latency/av-1/ack bytes=234 forwarded=1
1783351963.991554 publish topic=ipi/detector-output-to-ipi-weak-signal-run-1/latency/av-1/request bytes=25433 forwarded=1
1783351963.992288 publish topic=ipi/detector-output-to-ipi-weak-signal-run-1/latency/av-1/ack bytes=234 forwarded=1
1783351964.351701 publish topic=ipi/detector-output-to-ipi-weak-signal-run-1/latency/av-1/request bytes=25433 forwarded=1
1783351964.352465 publish topic=ipi/detector-output-to-ipi-weak-signal-run-1/latency/av-1/ack bytes=234 forwarded=1
1783351964.692296 publish topic=ipi/detector-output-to-ipi-weak-signal-run-1/latency/av-1/request bytes=25433 forwarded=1
1783351964.693044 publish topic=ipi/detector-output-to-ipi-weak-signal-run-1/latency/av-1/ack bytes=234 forwarded=1
1783351965.032654 publish topic=ipi/detector-output-to-ipi-weak-signal-run-1/latency/av-1/request bytes=25433 forwarded=1
1783351965.033469 publish topic=ipi/detector-output-to-ipi-weak-signal-run-1/latency/av-1/ack bytes=234 forwarded=1
1783351965.383214 publish topic=ipi/detector-output-to-ipi-weak-signal-run-1/latency/av-1/request bytes=25433 forwarded=1
1783351965.383890 publish topic=ipi/detector-output-to-ipi-weak-signal-run-1/latency/av-1/ack bytes=234 forwarded=1
1783351965.703677 publish topic=ipi/detector-output-to-ipi-weak-signal-run-1/latency/av-1/request bytes=25433 forwarded=1
1783351965.704462 publish topic=ipi/detector-output-to-ipi-weak-signal-run-1/latency/av-1/ack bytes=234 forwarded=1
1783351966.034210 publish topic=ipi/detector-output-to-ipi-weak-signal-run-1/latency/av-1/request bytes=25433 forwarded=1
1783351966.035027 publish topic=ipi/detector-output-to-ipi-weak-signal-run-1/latency/av-1/ack bytes=234 forwarded=1
1783351966.374535 publish topic=ipi/detector-output-to-ipi-weak-signal-run-1/latency/av-1/request bytes=25433 forwarded=1
1783351966.375325 publish topic=ipi/detector-output-to-ipi-weak-signal-run-1/latency/av-1/ack bytes=234 forwarded=1
1783351966.695105 publish topic=ipi/detector-output-to-ipi-weak-signal-run-1/latency/av-1/request bytes=25433 forwarded=1
1783351966.695908 publish topic=ipi/detector-output-to-ipi-weak-signal-run-1/latency/av-1/ack bytes=234 forwarded=1
1783351967.005668 publish topic=ipi/detector-output-to-ipi-weak-signal-run-1/latency/av-1/request bytes=25433 forwarded=1
1783351967.006405 publish topic=ipi/detector-output-to-ipi-weak-signal-run-1/latency/av-1/ack bytes=234 forwarded=1
1783351967.326061 publish topic=ipi/detector-output-to-ipi-weak-signal-run-1/latency/av-1/request bytes=25433 forwarded=1
1783351967.326838 publish topic=ipi/detector-output-to-ipi-weak-signal-run-1/latency/av-1/ack bytes=234 forwarded=1
1783351967.636398 publish topic=ipi/detector-output-to-ipi-weak-signal-run-1/latency/av-1/request bytes=25433 forwarded=1
1783351967.637083 publish topic=ipi/detector-output-to-ipi-weak-signal-run-1/latency/av-1/ack bytes=234 forwarded=1
1783351967.956908 publish topic=ipi/detector-output-to-ipi-weak-signal-run-1/latency/av-1/request bytes=25433 forwarded=1
1783351967.957681 publish topic=ipi/detector-output-to-ipi-weak-signal-run-1/latency/av-1/ack bytes=234 forwarded=1
1783351968.277247 publish topic=ipi/detector-output-to-ipi-weak-signal-run-1/latency/av-1/request bytes=25433 forwarded=1
1783351968.277979 publish topic=ipi/detector-output-to-ipi-weak-signal-run-1/latency/av-1/ack bytes=234 forwarded=1
1783351968.617722 publish topic=ipi/detector-output-to-ipi-weak-signal-run-1/latency/av-1/request bytes=25433 forwarded=1
1783351968.618528 publish topic=ipi/detector-output-to-ipi-weak-signal-run-1/latency/av-1/ack bytes=234 forwarded=1
1783351968.998520 publish topic=ipi/detector-output-to-ipi-weak-signal-run-1/latency/av-1/request bytes=25433 forwarded=1
1783351968.999266 publish topic=ipi/detector-output-to-ipi-weak-signal-run-1/latency/av-1/ack bytes=234 forwarded=1
1783351969.379018 publish topic=ipi/detector-output-to-ipi-weak-signal-run-1/latency/av-1/request bytes=25433 forwarded=1
1783351969.379650 publish topic=ipi/detector-output-to-ipi-weak-signal-run-1/latency/av-1/ack bytes=234 forwarded=1
1783351969.749383 publish topic=ipi/detector-output-to-ipi-weak-signal-run-1/latency/av-1/request bytes=25433 forwarded=1
1783351969.750130 publish topic=ipi/detector-output-to-ipi-weak-signal-run-1/latency/av-1/ack bytes=234 forwarded=1
1783351970.129792 publish topic=ipi/detector-output-to-ipi-weak-signal-run-1/latency/av-1/request bytes=25433 forwarded=1
1783351970.130555 publish topic=ipi/detector-output-to-ipi-weak-signal-run-1/latency/av-1/ack bytes=234 forwarded=1
1783351970.470065 publish topic=ipi/detector-output-to-ipi-weak-signal-run-1/latency/av-1/request bytes=25433 forwarded=1
1783351970.470863 publish topic=ipi/detector-output-to-ipi-weak-signal-run-1/latency/av-1/ack bytes=234 forwarded=1
1783351970.810445 publish topic=ipi/detector-output-to-ipi-weak-signal-run-1/latency/av-1/request bytes=25433 forwarded=1
1783351970.811164 publish topic=ipi/detector-output-to-ipi-weak-signal-run-1/latency/av-1/ack bytes=234 forwarded=1
1783351971.150962 publish topic=ipi/detector-output-to-ipi-weak-signal-run-1/latency/av-1/request bytes=25433 forwarded=1
1783351971.151708 publish topic=ipi/detector-output-to-ipi-weak-signal-run-1/latency/av-1/ack bytes=234 forwarded=1
1783351971.541263 publish topic=ipi/detector-output-to-ipi-weak-signal-run-1/latency/av-1/request bytes=25433 forwarded=1
1783351971.541991 publish topic=ipi/detector-output-to-ipi-weak-signal-run-1/latency/av-1/ack bytes=234 forwarded=1
1783351971.982108 publish topic=ipi/detector-output-to-ipi-weak-signal-run-1/latency/av-1/request bytes=25433 forwarded=1
1783351971.982874 publish topic=ipi/detector-output-to-ipi-weak-signal-run-1/latency/av-1/ack bytes=234 forwarded=1
1783351972.432748 publish topic=ipi/detector-output-to-ipi-weak-signal-run-1/latency/av-1/request bytes=25433 forwarded=1
1783351972.433424 publish topic=ipi/detector-output-to-ipi-weak-signal-run-1/latency/av-1/ack bytes=234 forwarded=1
1783351972.773242 publish topic=ipi/detector-output-to-ipi-weak-signal-run-1/latency/av-1/request bytes=25433 forwarded=1
1783351972.773968 publish topic=ipi/detector-output-to-ipi-weak-signal-run-1/latency/av-1/ack bytes=234 forwarded=1
1783351973.284031 publish topic=ipi/detector-output-to-ipi-weak-signal-run-1/latency/av-1/request bytes=25433 forwarded=1
1783351973.284680 publish topic=ipi/detector-output-to-ipi-weak-signal-run-1/latency/av-1/ack bytes=234 forwarded=1
1783351974.084991 publish topic=ipi/detector-output-to-ipi-weak-signal-run-1/latency/av-1/request bytes=25433 forwarded=1
1783351974.085674 publish topic=ipi/detector-output-to-ipi-weak-signal-run-1/latency/av-1/ack bytes=234 forwarded=1
1783351974.455752 publish topic=ipi/detector-output-to-ipi-weak-signal-run-1/latency/av-1/request bytes=25433 forwarded=1
1783351974.456504 publish topic=ipi/detector-output-to-ipi-weak-signal-run-1/latency/av-1/ack bytes=234 forwarded=1
1783351974.836148 publish topic=ipi/detector-output-to-ipi-weak-signal-run-1/latency/av-1/request bytes=25433 forwarded=1
1783351974.836879 publish topic=ipi/detector-output-to-ipi-weak-signal-run-1/latency/av-1/ack bytes=234 forwarded=1
1783351975.196608 publish topic=ipi/detector-output-to-ipi-weak-signal-run-1/latency/av-1/request bytes=25433 forwarded=1
1783351975.197352 publish topic=ipi/detector-output-to-ipi-weak-signal-run-1/latency/av-1/ack bytes=234 forwarded=1
1783351975.646924 publish topic=ipi/detector-output-to-ipi-weak-signal-run-1/latency/av-1/request bytes=25433 forwarded=1
1783351975.647577 publish topic=ipi/detector-output-to-ipi-weak-signal-run-1/latency/av-1/ack bytes=234 forwarded=1
1783351976.037762 publish topic=ipi/detector-output-to-ipi-weak-signal-run-1/latency/av-1/request bytes=25433 forwarded=1
1783351976.038545 publish topic=ipi/detector-output-to-ipi-weak-signal-run-1/latency/av-1/ack bytes=234 forwarded=1
1783351976.398291 publish topic=ipi/detector-output-to-ipi-weak-signal-run-1/latency/av-1/request bytes=25433 forwarded=1
1783351976.398994 publish topic=ipi/detector-output-to-ipi-weak-signal-run-1/latency/av-1/ack bytes=234 forwarded=1
1783351976.859215 publish topic=ipi/detector-output-to-ipi-weak-signal-run-1/latency/av-1/request bytes=25433 forwarded=1
1783351976.859950 publish topic=ipi/detector-output-to-ipi-weak-signal-run-1/latency/av-1/ack bytes=234 forwarded=1
1783351977.730331 publish topic=ipi/detector-output-to-ipi-weak-signal-run-1/latency/av-1/request bytes=25433 forwarded=1
1783351977.731050 publish topic=ipi/detector-output-to-ipi-weak-signal-run-1/latency/av-1/ack bytes=234 forwarded=1
1783351978.060739 publish topic=ipi/detector-output-to-ipi-weak-signal-run-1/latency/av-1/request bytes=25433 forwarded=1
1783351978.061331 publish topic=ipi/detector-output-to-ipi-weak-signal-run-1/latency/av-1/ack bytes=234 forwarded=1
1783351978.341136 publish topic=ipi/detector-output-to-ipi-weak-signal-run-1/latency/av-1/request bytes=25433 forwarded=1
1783351978.341852 publish topic=ipi/detector-output-to-ipi-weak-signal-run-1/latency/av-1/ack bytes=234 forwarded=1
1783351978.651280 publish topic=ipi/detector-output-to-ipi-weak-signal-run-1/latency/av-1/request bytes=25433 forwarded=1
1783351978.651910 publish topic=ipi/detector-output-to-ipi-weak-signal-run-1/latency/av-1/ack bytes=234 forwarded=1
1783351978.991824 publish topic=ipi/detector-output-to-ipi-weak-signal-run-1/latency/av-1/request bytes=25433 forwarded=1
1783351978.992532 publish topic=ipi/detector-output-to-ipi-weak-signal-run-1/latency/av-1/ack bytes=234 forwarded=1
1783351979.342215 publish topic=ipi/detector-output-to-ipi-weak-signal-run-1/latency/av-1/request bytes=25433 forwarded=1
1783351979.342960 publish topic=ipi/detector-output-to-ipi-weak-signal-run-1/latency/av-1/ack bytes=234 forwarded=1
1783351979.702594 publish topic=ipi/detector-output-to-ipi-weak-signal-run-1/latency/av-1/request bytes=25433 forwarded=1
1783351979.703296 publish topic=ipi/detector-output-to-ipi-weak-signal-run-1/latency/av-1/ack bytes=234 forwarded=1
1783351980.033121 publish topic=ipi/detector-output-to-ipi-weak-signal-run-1/latency/av-1/request bytes=25433 forwarded=1
1783351980.033840 publish topic=ipi/detector-output-to-ipi-weak-signal-run-1/latency/av-1/ack bytes=234 forwarded=1
1783351980.373474 publish topic=ipi/detector-output-to-ipi-weak-signal-run-1/latency/av-1/request bytes=25433 forwarded=1
1783351980.374227 publish topic=ipi/detector-output-to-ipi-weak-signal-run-1/latency/av-1/ack bytes=234 forwarded=1
1783351980.753788 publish topic=ipi/detector-output-to-ipi-weak-signal-run-1/latency/av-1/request bytes=25433 forwarded=1
1783351980.754559 publish topic=ipi/detector-output-to-ipi-weak-signal-run-1/latency/av-1/ack bytes=234 forwarded=1
1783351981.114163 publish topic=ipi/detector-output-to-ipi-weak-signal-run-1/latency/av-1/request bytes=25433 forwarded=1
1783351981.114878 publish topic=ipi/detector-output-to-ipi-weak-signal-run-1/latency/av-1/ack bytes=234 forwarded=1
1783351981.474514 publish topic=ipi/detector-output-to-ipi-weak-signal-run-1/latency/av-1/request bytes=25433 forwarded=1
1783351981.475198 publish topic=ipi/detector-output-to-ipi-weak-signal-run-1/latency/av-1/ack bytes=234 forwarded=1
1783351981.834870 publish topic=ipi/detector-output-to-ipi-weak-signal-run-1/latency/av-1/request bytes=25433 forwarded=1
1783351981.835672 publish topic=ipi/detector-output-to-ipi-weak-signal-run-1/latency/av-1/ack bytes=234 forwarded=1
1783351982.195385 publish topic=ipi/detector-output-to-ipi-weak-signal-run-1/latency/av-1/request bytes=25433 forwarded=1
1783351982.196111 publish topic=ipi/detector-output-to-ipi-weak-signal-run-1/latency/av-1/ack bytes=234 forwarded=1
1783351982.545905 publish topic=ipi/detector-output-to-ipi-weak-signal-run-1/latency/av-1/request bytes=25433 forwarded=1
1783351982.546623 publish topic=ipi/detector-output-to-ipi-weak-signal-run-1/latency/av-1/ack bytes=234 forwarded=1
1783351982.946316 publish topic=ipi/detector-output-to-ipi-weak-signal-run-1/latency/av-1/request bytes=25433 forwarded=1
1783351982.947103 publish topic=ipi/detector-output-to-ipi-weak-signal-run-1/latency/av-1/ack bytes=234 forwarded=1
1783351983.316791 publish topic=ipi/detector-output-to-ipi-weak-signal-run-1/latency/av-1/request bytes=25433 forwarded=1
1783351983.317433 publish topic=ipi/detector-output-to-ipi-weak-signal-run-1/latency/av-1/ack bytes=234 forwarded=1
1783351983.797230 publish topic=ipi/detector-output-to-ipi-weak-signal-run-1/latency/av-1/request bytes=25433 forwarded=1
1783351983.797832 publish topic=ipi/detector-output-to-ipi-weak-signal-run-1/latency/av-1/ack bytes=234 forwarded=1
1783351984.177755 publish topic=ipi/detector-output-to-ipi-weak-signal-run-1/latency/av-1/request bytes=25433 forwarded=1
1783351984.178574 publish topic=ipi/detector-output-to-ipi-weak-signal-run-1/latency/av-1/ack bytes=234 forwarded=1
1783351984.568359 publish topic=ipi/detector-output-to-ipi-weak-signal-run-1/latency/av-1/request bytes=25433 forwarded=1
1783351984.569039 publish topic=ipi/detector-output-to-ipi-weak-signal-run-1/latency/av-1/ack bytes=234 forwarded=1
1783351984.958913 publish topic=ipi/detector-output-to-ipi-weak-signal-run-1/latency/av-1/request bytes=25433 forwarded=1
1783351984.959585 publish topic=ipi/detector-output-to-ipi-weak-signal-run-1/latency/av-1/ack bytes=234 forwarded=1
1783351985.309251 publish topic=ipi/detector-output-to-ipi-weak-signal-run-1/latency/av-1/request bytes=25433 forwarded=1
1783351985.310005 publish topic=ipi/detector-output-to-ipi-weak-signal-run-1/latency/av-1/ack bytes=234 forwarded=1
1783351985.649719 publish topic=ipi/detector-output-to-ipi-weak-signal-run-1/latency/av-1/request bytes=25433 forwarded=1
1783351985.650397 publish topic=ipi/detector-output-to-ipi-weak-signal-run-1/latency/av-1/ack bytes=234 forwarded=1
1783351985.980639 publish topic=ipi/detector-output-to-ipi-weak-signal-run-1/latency/av-1/request bytes=25433 forwarded=1
1783351985.981379 publish topic=ipi/detector-output-to-ipi-weak-signal-run-1/latency/av-1/ack bytes=234 forwarded=1
1783351986.361026 publish topic=ipi/detector-output-to-ipi-weak-signal-run-1/latency/av-1/request bytes=25433 forwarded=1
1783351986.361728 publish topic=ipi/detector-output-to-ipi-weak-signal-run-1/latency/av-1/ack bytes=234 forwarded=1
1783351986.711552 publish topic=ipi/detector-output-to-ipi-weak-signal-run-1/latency/av-1/request bytes=25433 forwarded=1
1783351986.712285 publish topic=ipi/detector-output-to-ipi-weak-signal-run-1/latency/av-1/ack bytes=234 forwarded=1
1783351987.042155 publish topic=ipi/detector-output-to-ipi-weak-signal-run-1/latency/av-1/request bytes=25433 forwarded=1
1783351987.042937 publish topic=ipi/detector-output-to-ipi-weak-signal-run-1/latency/av-1/ack bytes=234 forwarded=1
1783351987.773494 publish topic=ipi/detector-output-to-ipi-weak-signal-run-1/latency/av-1/request bytes=25433 forwarded=1
1783351987.774277 publish topic=ipi/detector-output-to-ipi-weak-signal-run-1/latency/av-1/ack bytes=234 forwarded=1
1783351988.124017 publish topic=ipi/detector-output-to-ipi-weak-signal-run-1/latency/av-1/request bytes=25433 forwarded=1
1783351988.124766 publish topic=ipi/detector-output-to-ipi-weak-signal-run-1/latency/av-1/ack bytes=234 forwarded=1
1783351988.444906 publish topic=ipi/detector-output-to-ipi-weak-signal-run-1/latency/av-1/request bytes=25433 forwarded=1
1783351988.445692 publish topic=ipi/detector-output-to-ipi-weak-signal-run-1/latency/av-1/ack bytes=234 forwarded=1
1783351988.845605 publish topic=ipi/detector-output-to-ipi-weak-signal-run-1/latency/av-1/request bytes=25433 forwarded=1
1783351988.846356 publish topic=ipi/detector-output-to-ipi-weak-signal-run-1/latency/av-1/ack bytes=234 forwarded=1
1783351989.346672 publish topic=ipi/detector-output-to-ipi-weak-signal-run-1/latency/av-1/request bytes=25433 forwarded=1
1783351989.347402 publish topic=ipi/detector-output-to-ipi-weak-signal-run-1/latency/av-1/ack bytes=234 forwarded=1
1783351989.807470 publish topic=ipi/detector-output-to-ipi-weak-signal-run-1/latency/av-1/request bytes=25433 forwarded=1
1783351989.808223 publish topic=ipi/detector-output-to-ipi-weak-signal-run-1/latency/av-1/ack bytes=234 forwarded=1
1783351990.208539 publish topic=ipi/detector-output-to-ipi-weak-signal-run-1/latency/av-1/request bytes=25433 forwarded=1
1783351990.209210 publish topic=ipi/detector-output-to-ipi-weak-signal-run-1/latency/av-1/ack bytes=234 forwarded=1
1783351990.669590 publish topic=ipi/detector-output-to-ipi-weak-signal-run-1/latency/av-1/request bytes=25433 forwarded=1
1783351990.670340 publish topic=ipi/detector-output-to-ipi-weak-signal-run-1/latency/av-1/ack bytes=234 forwarded=1
1783351991.000232 publish topic=ipi/detector-output-to-ipi-weak-signal-run-1/latency/av-1/request bytes=25433 forwarded=1
1783351991.000922 publish topic=ipi/detector-output-to-ipi-weak-signal-run-1/latency/av-1/ack bytes=234 forwarded=1
1783351991.340586 publish topic=ipi/detector-output-to-ipi-weak-signal-run-1/latency/av-1/request bytes=25433 forwarded=1
1783351991.341261 publish topic=ipi/detector-output-to-ipi-weak-signal-run-1/latency/av-1/ack bytes=234 forwarded=1
1783351991.671136 publish topic=ipi/detector-output-to-ipi-weak-signal-run-1/latency/av-1/request bytes=25433 forwarded=1
1783351991.671875 publish topic=ipi/detector-output-to-ipi-weak-signal-run-1/latency/av-1/ack bytes=234 forwarded=1
1783351992.011872 publish topic=ipi/detector-output-to-ipi-weak-signal-run-1/latency/av-1/request bytes=25433 forwarded=1
1783351992.012615 publish topic=ipi/detector-output-to-ipi-weak-signal-run-1/latency/av-1/ack bytes=234 forwarded=1
1783351992.332472 publish topic=ipi/detector-output-to-ipi-weak-signal-run-1/latency/av-1/request bytes=25433 forwarded=1
1783351992.333222 publish topic=ipi/detector-output-to-ipi-weak-signal-run-1/latency/av-1/ack bytes=234 forwarded=1
1783351992.652720 publish topic=ipi/detector-output-to-ipi-weak-signal-run-1/latency/av-1/request bytes=25433 forwarded=1
1783351992.653432 publish topic=ipi/detector-output-to-ipi-weak-signal-run-1/latency/av-1/ack bytes=234 forwarded=1
1783351992.993267 publish topic=ipi/detector-output-to-ipi-weak-signal-run-1/latency/av-1/request bytes=25433 forwarded=1
1783351992.993929 publish topic=ipi/detector-output-to-ipi-weak-signal-run-1/latency/av-1/ack bytes=234 forwarded=1
1783351993.304037 publish topic=ipi/detector-output-to-ipi-weak-signal-run-1/latency/av-1/request bytes=25433 forwarded=1
1783351993.304901 publish topic=ipi/detector-output-to-ipi-weak-signal-run-1/latency/av-1/ack bytes=234 forwarded=1
1783351993.644649 publish topic=ipi/detector-output-to-ipi-weak-signal-run-1/latency/av-1/request bytes=25433 forwarded=1
1783351993.645348 publish topic=ipi/detector-output-to-ipi-weak-signal-run-1/latency/av-1/ack bytes=234 forwarded=1
1783351993.985115 publish topic=ipi/detector-output-to-ipi-weak-signal-run-1/latency/av-1/request bytes=25433 forwarded=1
1783351993.985871 publish topic=ipi/detector-output-to-ipi-weak-signal-run-1/latency/av-1/ack bytes=234 forwarded=1
1783351994.355825 publish topic=ipi/detector-output-to-ipi-weak-signal-run-1/latency/av-1/request bytes=25433 forwarded=1
1783351994.356585 publish topic=ipi/detector-output-to-ipi-weak-signal-run-1/latency/av-1/ack bytes=234 forwarded=1
1783351994.706317 publish topic=ipi/detector-output-to-ipi-weak-signal-run-1/latency/av-1/request bytes=25433 forwarded=1
1783351994.707129 publish topic=ipi/detector-output-to-ipi-weak-signal-run-1/latency/av-1/ack bytes=234 forwarded=1
1783351995.056949 publish topic=ipi/detector-output-to-ipi-weak-signal-run-1/latency/av-1/request bytes=25433 forwarded=1
1783351995.057693 publish topic=ipi/detector-output-to-ipi-weak-signal-run-1/latency/av-1/ack bytes=234 forwarded=1
1783351995.387314 publish topic=ipi/detector-output-to-ipi-weak-signal-run-1/latency/av-1/request bytes=25433 forwarded=1
1783351995.388068 publish topic=ipi/detector-output-to-ipi-weak-signal-run-1/latency/av-1/ack bytes=234 forwarded=1
1783351995.747611 publish topic=ipi/detector-output-to-ipi-weak-signal-run-1/latency/av-1/request bytes=25433 forwarded=1
1783351995.748351 publish topic=ipi/detector-output-to-ipi-weak-signal-run-1/latency/av-1/ack bytes=234 forwarded=1
1783351996.098311 publish topic=ipi/detector-output-to-ipi-weak-signal-run-1/latency/av-1/request bytes=25433 forwarded=1
1783351996.099072 publish topic=ipi/detector-output-to-ipi-weak-signal-run-1/latency/av-1/ack bytes=234 forwarded=1
1783351996.438724 publish topic=ipi/detector-output-to-ipi-weak-signal-run-1/latency/av-1/request bytes=25433 forwarded=1
1783351996.439435 publish topic=ipi/detector-output-to-ipi-weak-signal-run-1/latency/av-1/ack bytes=234 forwarded=1
1783351996.799125 publish topic=ipi/detector-output-to-ipi-weak-signal-run-1/latency/av-1/request bytes=25433 forwarded=1
1783351996.799836 publish topic=ipi/detector-output-to-ipi-weak-signal-run-1/latency/av-1/ack bytes=234 forwarded=1
1783351997.189596 publish topic=ipi/detector-output-to-ipi-weak-signal-run-1/latency/av-1/request bytes=25433 forwarded=1
1783351997.190315 publish topic=ipi/detector-output-to-ipi-weak-signal-run-1/latency/av-1/ack bytes=234 forwarded=1
1783351997.620098 publish topic=ipi/detector-output-to-ipi-weak-signal-run-1/latency/av-1/request bytes=25433 forwarded=1
1783351997.620798 publish topic=ipi/detector-output-to-ipi-weak-signal-run-1/latency/av-1/ack bytes=234 forwarded=1
1783351997.980880 publish topic=ipi/detector-output-to-ipi-weak-signal-run-1/latency/av-1/request bytes=25433 forwarded=1
1783351997.981576 publish topic=ipi/detector-output-to-ipi-weak-signal-run-1/latency/av-1/ack bytes=234 forwarded=1
1783351998.601672 publish topic=ipi/detector-output-to-ipi-weak-signal-run-1/latency/av-1/request bytes=25433 forwarded=1
1783351998.602388 publish topic=ipi/detector-output-to-ipi-weak-signal-run-1/latency/av-1/ack bytes=234 forwarded=1
1783351998.972337 publish topic=ipi/detector-output-to-ipi-weak-signal-run-1/latency/av-1/request bytes=25433 forwarded=1
1783351998.973092 publish topic=ipi/detector-output-to-ipi-weak-signal-run-1/latency/av-1/ack bytes=234 forwarded=1
1783351999.332770 publish topic=ipi/detector-output-to-ipi-weak-signal-run-1/latency/av-1/request bytes=25433 forwarded=1
1783351999.333514 publish topic=ipi/detector-output-to-ipi-weak-signal-run-1/latency/av-1/ack bytes=234 forwarded=1
1783351999.713326 publish topic=ipi/detector-output-to-ipi-weak-signal-run-1/latency/av-1/request bytes=25433 forwarded=1
1783351999.714057 publish topic=ipi/detector-output-to-ipi-weak-signal-run-1/latency/av-1/ack bytes=234 forwarded=1
1783352000.123844 publish topic=ipi/detector-output-to-ipi-weak-signal-run-1/latency/av-1/request bytes=25433 forwarded=1
1783352000.124585 publish topic=ipi/detector-output-to-ipi-weak-signal-run-1/latency/av-1/ack bytes=234 forwarded=1
1783352000.504499 publish topic=ipi/detector-output-to-ipi-weak-signal-run-1/latency/av-1/request bytes=25433 forwarded=1
1783352000.505168 publish topic=ipi/detector-output-to-ipi-weak-signal-run-1/latency/av-1/ack bytes=234 forwarded=1
1783352001.596179 publish topic=ipi/detector-output-to-ipi-weak-signal-run-1/latency/av-1/request bytes=25433 forwarded=1
1783352001.596962 publish topic=ipi/detector-output-to-ipi-weak-signal-run-1/latency/av-1/ack bytes=234 forwarded=1
1783352002.097070 publish topic=ipi/detector-output-to-ipi-weak-signal-run-1/latency/av-1/request bytes=25433 forwarded=1
1783352002.097753 publish topic=ipi/detector-output-to-ipi-weak-signal-run-1/latency/av-1/ack bytes=234 forwarded=1
1783352002.738132 publish topic=ipi/detector-output-to-ipi-weak-signal-run-1/latency/av-1/request bytes=25433 forwarded=1
1783352002.738830 publish topic=ipi/detector-output-to-ipi-weak-signal-run-1/latency/av-1/ack bytes=234 forwarded=1
1783352003.118706 publish topic=ipi/detector-output-to-ipi-weak-signal-run-1/latency/av-1/request bytes=25433 forwarded=1
1783352003.119503 publish topic=ipi/detector-output-to-ipi-weak-signal-run-1/latency/av-1/ack bytes=234 forwarded=1
1783352003.549300 publish topic=ipi/detector-output-to-ipi-weak-signal-run-1/latency/av-1/request bytes=25433 forwarded=1
1783352003.550066 publish topic=ipi/detector-output-to-ipi-weak-signal-run-1/latency/av-1/ack bytes=234 forwarded=1
1783352003.919590 publish topic=ipi/detector-output-to-ipi-weak-signal-run-1/latency/av-1/request bytes=25433 forwarded=1
1783352003.920313 publish topic=ipi/detector-output-to-ipi-weak-signal-run-1/latency/av-1/ack bytes=234 forwarded=1
1783352004.270333 publish topic=ipi/detector-output-to-ipi-weak-signal-run-1/latency/av-1/request bytes=25433 forwarded=1
1783352004.271094 publish topic=ipi/detector-output-to-ipi-weak-signal-run-1/latency/av-1/ack bytes=234 forwarded=1
1783352004.610698 publish topic=ipi/detector-output-to-ipi-weak-signal-run-1/latency/av-1/request bytes=25433 forwarded=1
1783352004.611418 publish topic=ipi/detector-output-to-ipi-weak-signal-run-1/latency/av-1/ack bytes=234 forwarded=1
1783352004.961181 publish topic=ipi/detector-output-to-ipi-weak-signal-run-1/latency/av-1/request bytes=25433 forwarded=1
1783352004.961859 publish topic=ipi/detector-output-to-ipi-weak-signal-run-1/latency/av-1/ack bytes=234 forwarded=1
1783352005.291568 publish topic=ipi/detector-output-to-ipi-weak-signal-run-1/latency/av-1/request bytes=25433 forwarded=1
1783352005.292307 publish topic=ipi/detector-output-to-ipi-weak-signal-run-1/latency/av-1/ack bytes=234 forwarded=1
1783352005.632407 publish topic=ipi/detector-output-to-ipi-weak-signal-run-1/latency/av-1/request bytes=25433 forwarded=1
1783352005.633084 publish topic=ipi/detector-output-to-ipi-weak-signal-run-1/latency/av-1/ack bytes=234 forwarded=1
1783352005.982536 publish topic=ipi/detector-output-to-ipi-weak-signal-run-1/latency/av-1/request bytes=25433 forwarded=1
1783352005.983155 publish topic=ipi/detector-output-to-ipi-weak-signal-run-1/latency/av-1/ack bytes=234 forwarded=1
1783352006.333216 publish topic=ipi/detector-output-to-ipi-weak-signal-run-1/latency/av-1/request bytes=25433 forwarded=1
1783352006.333970 publish topic=ipi/detector-output-to-ipi-weak-signal-run-1/latency/av-1/ack bytes=234 forwarded=1
1783352006.683629 publish topic=ipi/detector-output-to-ipi-weak-signal-run-1/latency/av-1/request bytes=25433 forwarded=1
1783352006.684375 publish topic=ipi/detector-output-to-ipi-weak-signal-run-1/latency/av-1/ack bytes=234 forwarded=1
1783352007.053952 publish topic=ipi/detector-output-to-ipi-weak-signal-run-1/latency/av-1/request bytes=25433 forwarded=1
1783352007.054722 publish topic=ipi/detector-output-to-ipi-weak-signal-run-1/latency/av-1/ack bytes=234 forwarded=1
1783352007.394669 publish topic=ipi/detector-output-to-ipi-weak-signal-run-1/latency/av-1/request bytes=25433 forwarded=1
1783352007.395417 publish topic=ipi/detector-output-to-ipi-weak-signal-run-1/latency/av-1/ack bytes=234 forwarded=1
1783352007.725049 publish topic=ipi/detector-output-to-ipi-weak-signal-run-1/latency/av-1/request bytes=25433 forwarded=1
1783352007.725802 publish topic=ipi/detector-output-to-ipi-weak-signal-run-1/latency/av-1/ack bytes=234 forwarded=1
1783352008.085462 publish topic=ipi/detector-output-to-ipi-weak-signal-run-1/latency/av-1/request bytes=25433 forwarded=1
1783352008.086159 publish topic=ipi/detector-output-to-ipi-weak-signal-run-1/latency/av-1/ack bytes=234 forwarded=1
1783352008.436046 publish topic=ipi/detector-output-to-ipi-weak-signal-run-1/latency/av-1/request bytes=25433 forwarded=1
1783352008.436713 publish topic=ipi/detector-output-to-ipi-weak-signal-run-1/latency/av-1/ack bytes=234 forwarded=1
1783352008.786655 publish topic=ipi/detector-output-to-ipi-weak-signal-run-1/latency/av-1/request bytes=25433 forwarded=1
1783352008.787331 publish topic=ipi/detector-output-to-ipi-weak-signal-run-1/latency/av-1/ack bytes=234 forwarded=1
1783352009.117009 publish topic=ipi/detector-output-to-ipi-weak-signal-run-1/latency/av-1/request bytes=25433 forwarded=1
1783352009.117723 publish topic=ipi/detector-output-to-ipi-weak-signal-run-1/latency/av-1/ack bytes=234 forwarded=1
1783352009.457477 publish topic=ipi/detector-output-to-ipi-weak-signal-run-1/latency/av-1/request bytes=25433 forwarded=1
1783352009.458271 publish topic=ipi/detector-output-to-ipi-weak-signal-run-1/latency/av-1/ack bytes=234 forwarded=1
1783352009.807793 publish topic=ipi/detector-output-to-ipi-weak-signal-run-1/latency/av-1/request bytes=25433 forwarded=1
1783352009.808581 publish topic=ipi/detector-output-to-ipi-weak-signal-run-1/latency/av-1/ack bytes=234 forwarded=1
1783352010.168454 publish topic=ipi/detector-output-to-ipi-weak-signal-run-1/latency/av-1/request bytes=25433 forwarded=1
1783352010.169222 publish topic=ipi/detector-output-to-ipi-weak-signal-run-1/latency/av-1/ack bytes=234 forwarded=1
1783352010.538948 publish topic=ipi/detector-output-to-ipi-weak-signal-run-1/latency/av-1/request bytes=25433 forwarded=1
1783352010.539613 publish topic=ipi/detector-output-to-ipi-weak-signal-run-1/latency/av-1/ack bytes=234 forwarded=1
1783352010.899442 publish topic=ipi/detector-output-to-ipi-weak-signal-run-1/latency/av-1/request bytes=25433 forwarded=1
1783352010.899986 publish topic=ipi/detector-output-to-ipi-weak-signal-run-1/latency/av-1/ack bytes=234 forwarded=1
1783352011.290137 publish topic=ipi/detector-output-to-ipi-weak-signal-run-1/latency/av-1/request bytes=25433 forwarded=1
1783352011.290844 publish topic=ipi/detector-output-to-ipi-weak-signal-run-1/latency/av-1/ack bytes=234 forwarded=1
1783352011.630650 publish topic=ipi/detector-output-to-ipi-weak-signal-run-1/latency/av-1/request bytes=25433 forwarded=1
1783352011.631314 publish topic=ipi/detector-output-to-ipi-weak-signal-run-1/latency/av-1/ack bytes=234 forwarded=1
1783352011.991103 publish topic=ipi/detector-output-to-ipi-weak-signal-run-1/latency/av-1/request bytes=25433 forwarded=1
1783352011.991766 publish topic=ipi/detector-output-to-ipi-weak-signal-run-1/latency/av-1/ack bytes=234 forwarded=1
1783352012.401710 publish topic=ipi/detector-output-to-ipi-weak-signal-run-1/latency/av-1/request bytes=25433 forwarded=1
1783352012.402402 publish topic=ipi/detector-output-to-ipi-weak-signal-run-1/latency/av-1/ack bytes=234 forwarded=1
1783352012.792323 publish topic=ipi/detector-output-to-ipi-weak-signal-run-1/latency/av-1/request bytes=25433 forwarded=1
1783352012.793066 publish topic=ipi/detector-output-to-ipi-weak-signal-run-1/latency/av-1/ack bytes=234 forwarded=1
1783352013.703517 publish topic=ipi/detector-output-to-ipi-weak-signal-run-1/latency/av-1/request bytes=25433 forwarded=1
1783352013.704320 publish topic=ipi/detector-output-to-ipi-weak-signal-run-1/latency/av-1/ack bytes=234 forwarded=1
1783352014.234540 publish topic=ipi/detector-output-to-ipi-weak-signal-run-1/latency/av-1/request bytes=25433 forwarded=1
1783352014.235219 publish topic=ipi/detector-output-to-ipi-weak-signal-run-1/latency/av-1/ack bytes=234 forwarded=1
1783352014.735596 publish topic=ipi/detector-output-to-ipi-weak-signal-run-1/latency/av-1/request bytes=25433 forwarded=1
1783352014.736386 publish topic=ipi/detector-output-to-ipi-weak-signal-run-1/latency/av-1/ack bytes=234 forwarded=1
1783352015.206439 publish topic=ipi/detector-output-to-ipi-weak-signal-run-1/latency/av-1/request bytes=25433 forwarded=1
1783352015.207248 publish topic=ipi/detector-output-to-ipi-weak-signal-run-1/latency/av-1/ack bytes=234 forwarded=1
1783352015.837440 publish topic=ipi/detector-output-to-ipi-weak-signal-run-1/latency/av-1/request bytes=25433 forwarded=1
1783352015.838098 publish topic=ipi/detector-output-to-ipi-weak-signal-run-1/latency/av-1/ack bytes=234 forwarded=1
1783352016.298195 publish topic=ipi/detector-output-to-ipi-weak-signal-run-1/latency/av-1/request bytes=25433 forwarded=1
1783352016.298952 publish topic=ipi/detector-output-to-ipi-weak-signal-run-1/latency/av-1/ack bytes=234 forwarded=1
1783352016.648769 publish topic=ipi/detector-output-to-ipi-weak-signal-run-1/latency/av-1/request bytes=25433 forwarded=1
1783352016.649623 publish topic=ipi/detector-output-to-ipi-weak-signal-run-1/latency/av-1/ack bytes=234 forwarded=1
1783352017.119841 publish topic=ipi/detector-output-to-ipi-weak-signal-run-1/latency/av-1/request bytes=25433 forwarded=1
1783352017.120525 publish topic=ipi/detector-output-to-ipi-weak-signal-run-1/latency/av-1/ack bytes=234 forwarded=1
1783352017.570668 publish topic=ipi/detector-output-to-ipi-weak-signal-run-1/latency/av-1/request bytes=25433 forwarded=1
1783352017.571411 publish topic=ipi/detector-output-to-ipi-weak-signal-run-1/latency/av-1/ack bytes=234 forwarded=1
1783352018.232093 publish topic=ipi/detector-output-to-ipi-weak-signal-run-1/latency/av-1/request bytes=25433 forwarded=1
1783352018.232882 publish topic=ipi/detector-output-to-ipi-weak-signal-run-1/latency/av-1/ack bytes=234 forwarded=1
1783352018.692811 publish topic=ipi/detector-output-to-ipi-weak-signal-run-1/latency/av-1/request bytes=25433 forwarded=1
1783352018.693552 publish topic=ipi/detector-output-to-ipi-weak-signal-run-1/latency/av-1/ack bytes=234 forwarded=1
1783352019.143903 publish topic=ipi/detector-output-to-ipi-weak-signal-run-1/latency/av-1/request bytes=25433 forwarded=1
1783352019.144588 publish topic=ipi/detector-output-to-ipi-weak-signal-run-1/latency/av-1/ack bytes=234 forwarded=1
1783352019.444640 publish topic=ipi/detector-output-to-ipi-weak-signal-run-1/latency/av-1/request bytes=25433 forwarded=1
1783352019.445390 publish topic=ipi/detector-output-to-ipi-weak-signal-run-1/latency/av-1/ack bytes=234 forwarded=1
1783352019.805035 publish topic=ipi/detector-output-to-ipi-weak-signal-run-1/latency/av-1/request bytes=25433 forwarded=1
1783352019.805775 publish topic=ipi/detector-output-to-ipi-weak-signal-run-1/latency/av-1/ack bytes=234 forwarded=1
1783352020.155575 publish topic=ipi/detector-output-to-ipi-weak-signal-run-1/latency/av-1/request bytes=25433 forwarded=1
1783352020.156317 publish topic=ipi/detector-output-to-ipi-weak-signal-run-1/latency/av-1/ack bytes=234 forwarded=1
1783352020.446071 publish topic=ipi/detector-output-to-ipi-weak-signal-run-1/latency/av-1/request bytes=25433 forwarded=1
1783352020.446848 publish topic=ipi/detector-output-to-ipi-weak-signal-run-1/latency/av-1/ack bytes=234 forwarded=1
1783352020.776581 publish topic=ipi/detector-output-to-ipi-weak-signal-run-1/latency/av-1/request bytes=25433 forwarded=1
1783352020.777280 publish topic=ipi/detector-output-to-ipi-weak-signal-run-1/latency/av-1/ack bytes=234 forwarded=1
1783352021.097142 publish topic=ipi/detector-output-to-ipi-weak-signal-run-1/latency/av-1/request bytes=25433 forwarded=1
1783352021.097879 publish topic=ipi/detector-output-to-ipi-weak-signal-run-1/latency/av-1/ack bytes=234 forwarded=1
1783352021.437677 publish topic=ipi/detector-output-to-ipi-weak-signal-run-1/latency/av-1/request bytes=25433 forwarded=1
1783352021.438512 publish topic=ipi/detector-output-to-ipi-weak-signal-run-1/latency/av-1/ack bytes=234 forwarded=1
1783352021.818501 publish topic=ipi/detector-output-to-ipi-weak-signal-run-1/latency/av-1/request bytes=25433 forwarded=1
1783352021.819312 publish topic=ipi/detector-output-to-ipi-weak-signal-run-1/latency/av-1/ack bytes=234 forwarded=1
1783352022.168959 publish topic=ipi/detector-output-to-ipi-weak-signal-run-1/latency/av-1/request bytes=25433 forwarded=1
1783352022.169762 publish topic=ipi/detector-output-to-ipi-weak-signal-run-1/latency/av-1/ack bytes=234 forwarded=1
1783352022.519594 publish topic=ipi/detector-output-to-ipi-weak-signal-run-1/latency/av-1/request bytes=25433 forwarded=1
1783352022.520302 publish topic=ipi/detector-output-to-ipi-weak-signal-run-1/latency/av-1/ack bytes=234 forwarded=1
1783352022.860343 publish topic=ipi/detector-output-to-ipi-weak-signal-run-1/latency/av-1/request bytes=25433 forwarded=1
1783352022.861062 publish topic=ipi/detector-output-to-ipi-weak-signal-run-1/latency/av-1/ack bytes=234 forwarded=1
1783352023.210807 publish topic=ipi/detector-output-to-ipi-weak-signal-run-1/latency/av-1/request bytes=25433 forwarded=1
1783352023.211534 publish topic=ipi/detector-output-to-ipi-weak-signal-run-1/latency/av-1/ack bytes=234 forwarded=1
1783352023.611518 publish topic=ipi/detector-output-to-ipi-weak-signal-run-1/latency/av-1/request bytes=25433 forwarded=1
1783352023.612252 publish topic=ipi/detector-output-to-ipi-weak-signal-run-1/latency/av-1/ack bytes=234 forwarded=1
1783352023.962089 publish topic=ipi/detector-output-to-ipi-weak-signal-run-1/latency/av-1/request bytes=25433 forwarded=1
1783352023.962939 publish topic=ipi/detector-output-to-ipi-weak-signal-run-1/latency/av-1/ack bytes=234 forwarded=1
1783352024.322753 publish topic=ipi/detector-output-to-ipi-weak-signal-run-1/latency/av-1/request bytes=25433 forwarded=1
1783352024.323413 publish topic=ipi/detector-output-to-ipi-weak-signal-run-1/latency/av-1/ack bytes=234 forwarded=1
1783352024.663202 publish topic=ipi/detector-output-to-ipi-weak-signal-run-1/latency/av-1/request bytes=25433 forwarded=1
1783352024.663941 publish topic=ipi/detector-output-to-ipi-weak-signal-run-1/latency/av-1/ack bytes=234 forwarded=1
1783352025.013848 publish topic=ipi/detector-output-to-ipi-weak-signal-run-1/latency/av-1/request bytes=25433 forwarded=1
1783352025.014613 publish topic=ipi/detector-output-to-ipi-weak-signal-run-1/latency/av-1/ack bytes=234 forwarded=1
1783352025.354340 publish topic=ipi/detector-output-to-ipi-weak-signal-run-1/latency/av-1/request bytes=25433 forwarded=1
1783352025.355194 publish topic=ipi/detector-output-to-ipi-weak-signal-run-1/latency/av-1/ack bytes=234 forwarded=1
1783352025.694977 publish topic=ipi/detector-output-to-ipi-weak-signal-run-1/latency/av-1/request bytes=25433 forwarded=1
1783352025.695773 publish topic=ipi/detector-output-to-ipi-weak-signal-run-1/latency/av-1/ack bytes=234 forwarded=1
1783352026.035592 publish topic=ipi/detector-output-to-ipi-weak-signal-run-1/latency/av-1/request bytes=25433 forwarded=1
1783352026.036291 publish topic=ipi/detector-output-to-ipi-weak-signal-run-1/latency/av-1/ack bytes=234 forwarded=1
1783352026.336066 publish topic=ipi/detector-output-to-ipi-weak-signal-run-1/latency/av-1/request bytes=25433 forwarded=1
1783352026.336871 publish topic=ipi/detector-output-to-ipi-weak-signal-run-1/latency/av-1/ack bytes=234 forwarded=1
1783352026.626285 publish topic=ipi/detector-output-to-ipi-weak-signal-run-1/latency/av-1/request bytes=25433 forwarded=1
1783352026.626981 publish topic=ipi/detector-output-to-ipi-weak-signal-run-1/latency/av-1/ack bytes=234 forwarded=1
1783352026.956760 publish topic=ipi/detector-output-to-ipi-weak-signal-run-1/latency/av-1/request bytes=25433 forwarded=1
1783352026.957467 publish topic=ipi/detector-output-to-ipi-weak-signal-run-1/latency/av-1/ack bytes=234 forwarded=1
1783352027.297634 publish topic=ipi/detector-output-to-ipi-weak-signal-run-1/latency/av-1/request bytes=25433 forwarded=1
1783352027.298345 publish topic=ipi/detector-output-to-ipi-weak-signal-run-1/latency/av-1/ack bytes=234 forwarded=1
1783352027.648211 publish topic=ipi/detector-output-to-ipi-weak-signal-run-1/latency/av-1/request bytes=25433 forwarded=1
1783352027.649003 publish topic=ipi/detector-output-to-ipi-weak-signal-run-1/latency/av-1/ack bytes=234 forwarded=1
1783352028.028830 publish topic=ipi/detector-output-to-ipi-weak-signal-run-1/latency/av-1/request bytes=25433 forwarded=1
1783352028.029562 publish topic=ipi/detector-output-to-ipi-weak-signal-run-1/latency/av-1/ack bytes=234 forwarded=1
1783352028.379489 publish topic=ipi/detector-output-to-ipi-weak-signal-run-1/latency/av-1/request bytes=25433 forwarded=1
1783352028.380217 publish topic=ipi/detector-output-to-ipi-weak-signal-run-1/latency/av-1/ack bytes=234 forwarded=1
1783352028.770095 publish topic=ipi/detector-output-to-ipi-weak-signal-run-1/latency/av-1/request bytes=25433 forwarded=1
1783352028.770818 publish topic=ipi/detector-output-to-ipi-weak-signal-run-1/latency/av-1/ack bytes=234 forwarded=1
1783352029.180715 publish topic=ipi/detector-output-to-ipi-weak-signal-run-1/latency/av-1/request bytes=25433 forwarded=1
1783352029.181435 publish topic=ipi/detector-output-to-ipi-weak-signal-run-1/latency/av-1/ack bytes=234 forwarded=1
1783352029.671423 publish topic=ipi/detector-output-to-ipi-weak-signal-run-1/latency/av-1/request bytes=25433 forwarded=1
1783352029.672073 publish topic=ipi/detector-output-to-ipi-weak-signal-run-1/latency/av-1/ack bytes=234 forwarded=1
1783352030.262542 publish topic=ipi/detector-output-to-ipi-weak-signal-run-1/latency/av-1/request bytes=25433 forwarded=1
1783352030.263267 publish topic=ipi/detector-output-to-ipi-weak-signal-run-1/latency/av-1/ack bytes=234 forwarded=1
1783352030.743369 publish topic=ipi/detector-output-to-ipi-weak-signal-run-1/latency/av-1/request bytes=25433 forwarded=1
1783352030.744100 publish topic=ipi/detector-output-to-ipi-weak-signal-run-1/latency/av-1/ack bytes=234 forwarded=1
1783352031.805294 publish topic=ipi/detector-output-to-ipi-weak-signal-run-1/latency/av-1/request bytes=25433 forwarded=1
1783352031.806023 publish topic=ipi/detector-output-to-ipi-weak-signal-run-1/latency/av-1/ack bytes=234 forwarded=1
1783352032.186004 publish topic=ipi/detector-output-to-ipi-weak-signal-run-1/latency/av-1/request bytes=25433 forwarded=1
1783352032.186780 publish topic=ipi/detector-output-to-ipi-weak-signal-run-1/latency/av-1/ack bytes=234 forwarded=1
1783352032.556515 publish topic=ipi/detector-output-to-ipi-weak-signal-run-1/latency/av-1/request bytes=25433 forwarded=1
1783352032.557222 publish topic=ipi/detector-output-to-ipi-weak-signal-run-1/latency/av-1/ack bytes=234 forwarded=1
1783352032.896911 publish topic=ipi/detector-output-to-ipi-weak-signal-run-1/latency/av-1/request bytes=25433 forwarded=1
1783352032.897579 publish topic=ipi/detector-output-to-ipi-weak-signal-run-1/latency/av-1/ack bytes=234 forwarded=1
1783352033.237235 publish topic=ipi/detector-output-to-ipi-weak-signal-run-1/latency/av-1/request bytes=25433 forwarded=1
1783352033.237931 publish topic=ipi/detector-output-to-ipi-weak-signal-run-1/latency/av-1/ack bytes=234 forwarded=1
1783352033.577598 publish topic=ipi/detector-output-to-ipi-weak-signal-run-1/latency/av-1/request bytes=25433 forwarded=1
1783352033.578239 publish topic=ipi/detector-output-to-ipi-weak-signal-run-1/latency/av-1/ack bytes=234 forwarded=1
1783352033.898138 publish topic=ipi/detector-output-to-ipi-weak-signal-run-1/latency/av-1/request bytes=25433 forwarded=1
1783352033.898822 publish topic=ipi/detector-output-to-ipi-weak-signal-run-1/latency/av-1/ack bytes=234 forwarded=1
1783352034.258272 publish topic=ipi/detector-output-to-ipi-weak-signal-run-1/latency/av-1/request bytes=25433 forwarded=1
1783352034.258992 publish topic=ipi/detector-output-to-ipi-weak-signal-run-1/latency/av-1/ack bytes=234 forwarded=1
1783352034.588496 publish topic=ipi/detector-output-to-ipi-weak-signal-run-1/latency/av-1/request bytes=25433 forwarded=1
1783352034.589202 publish topic=ipi/detector-output-to-ipi-weak-signal-run-1/latency/av-1/ack bytes=234 forwarded=1
1783352034.949264 publish topic=ipi/detector-output-to-ipi-weak-signal-run-1/latency/av-1/request bytes=25433 forwarded=1
1783352034.949960 publish topic=ipi/detector-output-to-ipi-weak-signal-run-1/latency/av-1/ack bytes=234 forwarded=1
1783352035.319574 publish topic=ipi/detector-output-to-ipi-weak-signal-run-1/latency/av-1/request bytes=25433 forwarded=1
1783352035.320267 publish topic=ipi/detector-output-to-ipi-weak-signal-run-1/latency/av-1/ack bytes=234 forwarded=1
1783352035.659866 publish topic=ipi/detector-output-to-ipi-weak-signal-run-1/latency/av-1/request bytes=25433 forwarded=1
1783352035.660536 publish topic=ipi/detector-output-to-ipi-weak-signal-run-1/latency/av-1/ack bytes=234 forwarded=1
1783352035.990383 publish topic=ipi/detector-output-to-ipi-weak-signal-run-1/latency/av-1/request bytes=25433 forwarded=1
1783352035.991150 publish topic=ipi/detector-output-to-ipi-weak-signal-run-1/latency/av-1/ack bytes=234 forwarded=1
1783352036.420707 publish topic=ipi/detector-output-to-ipi-weak-signal-run-1/latency/av-1/request bytes=25433 forwarded=1
1783352036.421372 publish topic=ipi/detector-output-to-ipi-weak-signal-run-1/latency/av-1/ack bytes=234 forwarded=1
1783352036.740979 publish topic=ipi/detector-output-to-ipi-weak-signal-run-1/latency/av-1/request bytes=25433 forwarded=1
1783352036.741642 publish topic=ipi/detector-output-to-ipi-weak-signal-run-1/latency/av-1/ack bytes=234 forwarded=1
1783352037.081567 publish topic=ipi/detector-output-to-ipi-weak-signal-run-1/latency/av-1/request bytes=25433 forwarded=1
1783352037.082258 publish topic=ipi/detector-output-to-ipi-weak-signal-run-1/latency/av-1/ack bytes=234 forwarded=1
1783352037.421786 publish topic=ipi/detector-output-to-ipi-weak-signal-run-1/latency/av-1/request bytes=25433 forwarded=1
1783352037.422476 publish topic=ipi/detector-output-to-ipi-weak-signal-run-1/latency/av-1/ack bytes=234 forwarded=1
1783352037.782232 publish topic=ipi/detector-output-to-ipi-weak-signal-run-1/latency/av-1/request bytes=25433 forwarded=1
1783352037.782940 publish topic=ipi/detector-output-to-ipi-weak-signal-run-1/latency/av-1/ack bytes=234 forwarded=1
1783352038.112544 publish topic=ipi/detector-output-to-ipi-weak-signal-run-1/latency/av-1/request bytes=25433 forwarded=1
1783352038.113247 publish topic=ipi/detector-output-to-ipi-weak-signal-run-1/latency/av-1/ack bytes=234 forwarded=1
1783352038.512796 publish topic=ipi/detector-output-to-ipi-weak-signal-run-1/latency/av-1/request bytes=25433 forwarded=1
1783352038.513482 publish topic=ipi/detector-output-to-ipi-weak-signal-run-1/latency/av-1/ack bytes=234 forwarded=1
1783352038.863488 publish topic=ipi/detector-output-to-ipi-weak-signal-run-1/latency/av-1/request bytes=25433 forwarded=1
1783352038.864227 publish topic=ipi/detector-output-to-ipi-weak-signal-run-1/latency/av-1/ack bytes=234 forwarded=1
1783352039.243673 publish topic=ipi/detector-output-to-ipi-weak-signal-run-1/latency/av-1/request bytes=25433 forwarded=1
1783352039.244420 publish topic=ipi/detector-output-to-ipi-weak-signal-run-1/latency/av-1/ack bytes=234 forwarded=1
1783352039.674287 publish topic=ipi/detector-output-to-ipi-weak-signal-run-1/latency/av-1/request bytes=25433 forwarded=1
1783352039.674972 publish topic=ipi/detector-output-to-ipi-weak-signal-run-1/latency/av-1/ack bytes=234 forwarded=1
1783352040.044628 publish topic=ipi/detector-output-to-ipi-weak-signal-run-1/latency/av-1/request bytes=25433 forwarded=1
1783352040.045260 publish topic=ipi/detector-output-to-ipi-weak-signal-run-1/latency/av-1/ack bytes=234 forwarded=1
1783352040.465004 publish topic=ipi/detector-output-to-ipi-weak-signal-run-1/latency/av-1/request bytes=25433 forwarded=1
1783352040.465731 publish topic=ipi/detector-output-to-ipi-weak-signal-run-1/latency/av-1/ack bytes=234 forwarded=1
1783352040.845528 publish topic=ipi/detector-output-to-ipi-weak-signal-run-1/latency/av-1/request bytes=25433 forwarded=1
1783352040.846247 publish topic=ipi/detector-output-to-ipi-weak-signal-run-1/latency/av-1/ack bytes=234 forwarded=1
1783352041.235862 publish topic=ipi/detector-output-to-ipi-weak-signal-run-1/latency/av-1/request bytes=25433 forwarded=1
1783352041.236564 publish topic=ipi/detector-output-to-ipi-weak-signal-run-1/latency/av-1/ack bytes=234 forwarded=1
1783352041.636010 publish topic=ipi/detector-output-to-ipi-weak-signal-run-1/latency/av-1/request bytes=25433 forwarded=1
1783352041.636720 publish topic=ipi/detector-output-to-ipi-weak-signal-run-1/latency/av-1/ack bytes=234 forwarded=1
1783352042.026717 publish topic=ipi/detector-output-to-ipi-weak-signal-run-1/latency/av-1/request bytes=25433 forwarded=1
1783352042.027432 publish topic=ipi/detector-output-to-ipi-weak-signal-run-1/latency/av-1/ack bytes=234 forwarded=1
1783352042.387005 publish topic=ipi/detector-output-to-ipi-weak-signal-run-1/latency/av-1/request bytes=25433 forwarded=1
1783352042.387708 publish topic=ipi/detector-output-to-ipi-weak-signal-run-1/latency/av-1/ack bytes=234 forwarded=1
1783352042.717355 publish topic=ipi/detector-output-to-ipi-weak-signal-run-1/latency/av-1/request bytes=25433 forwarded=1
1783352042.718052 publish topic=ipi/detector-output-to-ipi-weak-signal-run-1/latency/av-1/ack bytes=234 forwarded=1
1783352043.067759 publish topic=ipi/detector-output-to-ipi-weak-signal-run-1/latency/av-1/request bytes=25433 forwarded=1
1783352043.068415 publish topic=ipi/detector-output-to-ipi-weak-signal-run-1/latency/av-1/ack bytes=234 forwarded=1
1783352043.428070 publish topic=ipi/detector-output-to-ipi-weak-signal-run-1/latency/av-1/request bytes=25433 forwarded=1
1783352043.428701 publish topic=ipi/detector-output-to-ipi-weak-signal-run-1/latency/av-1/ack bytes=234 forwarded=1
1783352043.758521 publish topic=ipi/detector-output-to-ipi-weak-signal-run-1/latency/av-1/request bytes=25433 forwarded=1
1783352043.759273 publish topic=ipi/detector-output-to-ipi-weak-signal-run-1/latency/av-1/ack bytes=234 forwarded=1
1783352044.098982 publish topic=ipi/detector-output-to-ipi-weak-signal-run-1/latency/av-1/request bytes=25433 forwarded=1
1783352044.099691 publish topic=ipi/detector-output-to-ipi-weak-signal-run-1/latency/av-1/ack bytes=234 forwarded=1
1783352044.459366 publish topic=ipi/detector-output-to-ipi-weak-signal-run-1/latency/av-1/request bytes=25433 forwarded=1
1783352044.460068 publish topic=ipi/detector-output-to-ipi-weak-signal-run-1/latency/av-1/ack bytes=234 forwarded=1
1783352044.780001 publish topic=ipi/detector-output-to-ipi-weak-signal-run-1/latency/av-1/request bytes=25433 forwarded=1
1783352044.780723 publish topic=ipi/detector-output-to-ipi-weak-signal-run-1/latency/av-1/ack bytes=234 forwarded=1
1783352045.110374 publish topic=ipi/detector-output-to-ipi-weak-signal-run-1/latency/av-1/request bytes=25433 forwarded=1
1783352045.111101 publish topic=ipi/detector-output-to-ipi-weak-signal-run-1/latency/av-1/ack bytes=234 forwarded=1
1783352045.440637 publish topic=ipi/detector-output-to-ipi-weak-signal-run-1/latency/av-1/request bytes=25433 forwarded=1
1783352045.441375 publish topic=ipi/detector-output-to-ipi-weak-signal-run-1/latency/av-1/ack bytes=234 forwarded=1
1783352045.760940 publish topic=ipi/detector-output-to-ipi-weak-signal-run-1/latency/av-1/request bytes=25433 forwarded=1
1783352045.761609 publish topic=ipi/detector-output-to-ipi-weak-signal-run-1/latency/av-1/ack bytes=234 forwarded=1
1783352046.211550 publish topic=ipi/detector-output-to-ipi-weak-signal-run-1/latency/av-1/request bytes=25433 forwarded=1
1783352046.212232 publish topic=ipi/detector-output-to-ipi-weak-signal-run-1/latency/av-1/ack bytes=234 forwarded=1
1783352046.642260 publish topic=ipi/detector-output-to-ipi-weak-signal-run-1/latency/av-1/request bytes=25433 forwarded=1
1783352046.643037 publish topic=ipi/detector-output-to-ipi-weak-signal-run-1/latency/av-1/ack bytes=234 forwarded=1
1783352047.133239 publish topic=ipi/detector-output-to-ipi-weak-signal-run-1/latency/av-1/request bytes=25433 forwarded=1
1783352047.134016 publish topic=ipi/detector-output-to-ipi-weak-signal-run-1/latency/av-1/ack bytes=234 forwarded=1
1783352047.573851 publish topic=ipi/detector-output-to-ipi-weak-signal-run-1/latency/av-1/request bytes=25433 forwarded=1
1783352047.574607 publish topic=ipi/detector-output-to-ipi-weak-signal-run-1/latency/av-1/ack bytes=234 forwarded=1
1783352048.024857 publish topic=ipi/detector-output-to-ipi-weak-signal-run-1/latency/av-1/request bytes=25433 forwarded=1
1783352048.025655 publish topic=ipi/detector-output-to-ipi-weak-signal-run-1/latency/av-1/ack bytes=234 forwarded=1
1783352048.936334 publish topic=ipi/detector-output-to-ipi-weak-signal-run-1/latency/av-1/request bytes=25433 forwarded=1
1783352048.936991 publish topic=ipi/detector-output-to-ipi-weak-signal-run-1/latency/av-1/ack bytes=234 forwarded=1
1783352049.366949 publish topic=ipi/detector-output-to-ipi-weak-signal-run-1/latency/av-1/request bytes=25433 forwarded=1
1783352049.367664 publish topic=ipi/detector-output-to-ipi-weak-signal-run-1/latency/av-1/ack bytes=234 forwarded=1
1783352049.727641 publish topic=ipi/detector-output-to-ipi-weak-signal-run-1/latency/av-1/request bytes=25433 forwarded=1
1783352049.728343 publish topic=ipi/detector-output-to-ipi-weak-signal-run-1/latency/av-1/ack bytes=234 forwarded=1
1783352050.088012 publish topic=ipi/detector-output-to-ipi-weak-signal-run-1/latency/av-1/request bytes=25433 forwarded=1
1783352050.088701 publish topic=ipi/detector-output-to-ipi-weak-signal-run-1/latency/av-1/ack bytes=234 forwarded=1
1783352050.468692 publish topic=ipi/detector-output-to-ipi-weak-signal-run-1/latency/av-1/request bytes=25433 forwarded=1
1783352050.469563 publish topic=ipi/detector-output-to-ipi-weak-signal-run-1/latency/av-1/ack bytes=234 forwarded=1
1783352050.859286 publish topic=ipi/detector-output-to-ipi-weak-signal-run-1/latency/av-1/request bytes=25433 forwarded=1
1783352050.860023 publish topic=ipi/detector-output-to-ipi-weak-signal-run-1/latency/av-1/ack bytes=234 forwarded=1
1783352051.229703 publish topic=ipi/detector-output-to-ipi-weak-signal-run-1/latency/av-1/request bytes=25433 forwarded=1
1783352051.230489 publish topic=ipi/detector-output-to-ipi-weak-signal-run-1/latency/av-1/ack bytes=234 forwarded=1
1783352051.540414 publish topic=ipi/detector-output-to-ipi-weak-signal-run-1/latency/av-1/request bytes=25433 forwarded=1
1783352051.541162 publish topic=ipi/detector-output-to-ipi-weak-signal-run-1/latency/av-1/ack bytes=234 forwarded=1
1783352051.870853 publish topic=ipi/detector-output-to-ipi-weak-signal-run-1/latency/av-1/request bytes=25433 forwarded=1
1783352051.871551 publish topic=ipi/detector-output-to-ipi-weak-signal-run-1/latency/av-1/ack bytes=234 forwarded=1
1783352052.261478 publish topic=ipi/detector-output-to-ipi-weak-signal-run-1/latency/av-1/request bytes=25433 forwarded=1
1783352052.262218 publish topic=ipi/detector-output-to-ipi-weak-signal-run-1/latency/av-1/ack bytes=234 forwarded=1
1783352052.652073 publish topic=ipi/detector-output-to-ipi-weak-signal-run-1/latency/av-1/request bytes=25433 forwarded=1
1783352052.652741 publish topic=ipi/detector-output-to-ipi-weak-signal-run-1/latency/av-1/ack bytes=234 forwarded=1
1783352053.042811 publish topic=ipi/detector-output-to-ipi-weak-signal-run-1/latency/av-1/request bytes=25433 forwarded=1
1783352053.043492 publish topic=ipi/detector-output-to-ipi-weak-signal-run-1/latency/av-1/ack bytes=234 forwarded=1
1783352053.453207 publish topic=ipi/detector-output-to-ipi-weak-signal-run-1/latency/av-1/request bytes=25433 forwarded=1
1783352053.454025 publish topic=ipi/detector-output-to-ipi-weak-signal-run-1/latency/av-1/ack bytes=234 forwarded=1
1783352053.834163 publish topic=ipi/detector-output-to-ipi-weak-signal-run-1/latency/av-1/request bytes=25433 forwarded=1
1783352053.834910 publish topic=ipi/detector-output-to-ipi-weak-signal-run-1/latency/av-1/ack bytes=234 forwarded=1
1783352054.264574 publish topic=ipi/detector-output-to-ipi-weak-signal-run-1/latency/av-1/request bytes=25433 forwarded=1
1783352054.265287 publish topic=ipi/detector-output-to-ipi-weak-signal-run-1/latency/av-1/ack bytes=234 forwarded=1
1783352054.755335 publish topic=ipi/detector-output-to-ipi-weak-signal-run-1/latency/av-1/request bytes=25433 forwarded=1
1783352054.756003 publish topic=ipi/detector-output-to-ipi-weak-signal-run-1/latency/av-1/ack bytes=234 forwarded=1
1783352055.155976 publish topic=ipi/detector-output-to-ipi-weak-signal-run-1/latency/av-1/request bytes=25433 forwarded=1
1783352055.156680 publish topic=ipi/detector-output-to-ipi-weak-signal-run-1/latency/av-1/ack bytes=234 forwarded=1
1783352055.516532 publish topic=ipi/detector-output-to-ipi-weak-signal-run-1/latency/av-1/request bytes=25433 forwarded=1
1783352055.517241 publish topic=ipi/detector-output-to-ipi-weak-signal-run-1/latency/av-1/ack bytes=234 forwarded=1
1783352055.927125 publish topic=ipi/detector-output-to-ipi-weak-signal-run-1/latency/av-1/request bytes=25433 forwarded=1
1783352055.927777 publish topic=ipi/detector-output-to-ipi-weak-signal-run-1/latency/av-1/ack bytes=234 forwarded=1
1783352056.307672 publish topic=ipi/detector-output-to-ipi-weak-signal-run-1/latency/av-1/request bytes=25433 forwarded=1
1783352056.308407 publish topic=ipi/detector-output-to-ipi-weak-signal-run-1/latency/av-1/ack bytes=234 forwarded=1
1783352056.678550 publish topic=ipi/detector-output-to-ipi-weak-signal-run-1/latency/av-1/request bytes=25433 forwarded=1
1783352056.679268 publish topic=ipi/detector-output-to-ipi-weak-signal-run-1/latency/av-1/ack bytes=234 forwarded=1
1783352057.058951 publish topic=ipi/detector-output-to-ipi-weak-signal-run-1/latency/av-1/request bytes=25433 forwarded=1
1783352057.059652 publish topic=ipi/detector-output-to-ipi-weak-signal-run-1/latency/av-1/ack bytes=234 forwarded=1
1783352057.459472 publish topic=ipi/detector-output-to-ipi-weak-signal-run-1/latency/av-1/request bytes=25433 forwarded=1
1783352057.460074 publish topic=ipi/detector-output-to-ipi-weak-signal-run-1/latency/av-1/ack bytes=234 forwarded=1
1783352057.810059 publish topic=ipi/detector-output-to-ipi-weak-signal-run-1/latency/av-1/request bytes=25433 forwarded=1
1783352057.810723 publish topic=ipi/detector-output-to-ipi-weak-signal-run-1/latency/av-1/ack bytes=234 forwarded=1
1783352058.160434 publish topic=ipi/detector-output-to-ipi-weak-signal-run-1/latency/av-1/request bytes=25433 forwarded=1
1783352058.161157 publish topic=ipi/detector-output-to-ipi-weak-signal-run-1/latency/av-1/ack bytes=234 forwarded=1
1783352058.571144 publish topic=ipi/detector-output-to-ipi-weak-signal-run-1/latency/av-1/request bytes=25433 forwarded=1
1783352058.571814 publish topic=ipi/detector-output-to-ipi-weak-signal-run-1/latency/av-1/ack bytes=234 forwarded=1
1783352058.931722 publish topic=ipi/detector-output-to-ipi-weak-signal-run-1/latency/av-1/request bytes=25433 forwarded=1
1783352058.932429 publish topic=ipi/detector-output-to-ipi-weak-signal-run-1/latency/av-1/ack bytes=234 forwarded=1
1783352059.412649 publish topic=ipi/detector-output-to-ipi-weak-signal-run-1/latency/av-1/request bytes=25433 forwarded=1
1783352059.413276 publish topic=ipi/detector-output-to-ipi-weak-signal-run-1/latency/av-1/ack bytes=234 forwarded=1
1783352059.873620 publish topic=ipi/detector-output-to-ipi-weak-signal-run-1/latency/av-1/request bytes=25433 forwarded=1
1783352059.874262 publish topic=ipi/detector-output-to-ipi-weak-signal-run-1/latency/av-1/ack bytes=234 forwarded=1
1783352060.765182 publish topic=ipi/detector-output-to-ipi-weak-signal-run-1/latency/av-1/request bytes=25433 forwarded=1
1783352060.765906 publish topic=ipi/detector-output-to-ipi-weak-signal-run-1/latency/av-1/ack bytes=234 forwarded=1
1783352061.206263 publish topic=ipi/detector-output-to-ipi-weak-signal-run-1/latency/av-1/request bytes=25433 forwarded=1
1783352061.206994 publish topic=ipi/detector-output-to-ipi-weak-signal-run-1/latency/av-1/ack bytes=234 forwarded=1
1783352061.816994 publish topic=ipi/detector-output-to-ipi-weak-signal-run-1/latency/av-1/request bytes=25433 forwarded=1
1783352061.817279 publish topic=ipi/detector-output-to-ipi-weak-signal-run-1/latency/av-1/ack bytes=234 forwarded=1
1783352062.268137 publish topic=ipi/detector-output-to-ipi-weak-signal-run-1/latency/av-1/request bytes=25433 forwarded=1
1783352062.268974 publish topic=ipi/detector-output-to-ipi-weak-signal-run-1/latency/av-1/ack bytes=234 forwarded=1
1783352062.618856 publish topic=ipi/detector-output-to-ipi-weak-signal-run-1/latency/av-1/request bytes=25433 forwarded=1
1783352062.619608 publish topic=ipi/detector-output-to-ipi-weak-signal-run-1/latency/av-1/ack bytes=234 forwarded=1
1783352062.979216 publish topic=ipi/detector-output-to-ipi-weak-signal-run-1/latency/av-1/request bytes=25433 forwarded=1
1783352062.979938 publish topic=ipi/detector-output-to-ipi-weak-signal-run-1/latency/av-1/ack bytes=234 forwarded=1
1783352063.349890 publish topic=ipi/detector-output-to-ipi-weak-signal-run-1/latency/av-1/request bytes=25433 forwarded=1
1783352063.350563 publish topic=ipi/detector-output-to-ipi-weak-signal-run-1/latency/av-1/ack bytes=234 forwarded=1
1783352063.700525 publish topic=ipi/detector-output-to-ipi-weak-signal-run-1/latency/av-1/request bytes=25433 forwarded=1
1783352063.701226 publish topic=ipi/detector-output-to-ipi-weak-signal-run-1/latency/av-1/ack bytes=234 forwarded=1
1783352064.060979 publish topic=ipi/detector-output-to-ipi-weak-signal-run-1/latency/av-1/request bytes=25433 forwarded=1
1783352064.061627 publish topic=ipi/detector-output-to-ipi-weak-signal-run-1/latency/av-1/ack bytes=234 forwarded=1
1783352064.391618 publish topic=ipi/detector-output-to-ipi-weak-signal-run-1/latency/av-1/request bytes=25433 forwarded=1
1783352064.392328 publish topic=ipi/detector-output-to-ipi-weak-signal-run-1/latency/av-1/ack bytes=234 forwarded=1
1783352064.731886 publish topic=ipi/detector-output-to-ipi-weak-signal-run-1/latency/av-1/request bytes=25433 forwarded=1
1783352064.732613 publish topic=ipi/detector-output-to-ipi-weak-signal-run-1/latency/av-1/ack bytes=234 forwarded=1
1783352065.082433 publish topic=ipi/detector-output-to-ipi-weak-signal-run-1/latency/av-1/request bytes=25433 forwarded=1
1783352065.083131 publish topic=ipi/detector-output-to-ipi-weak-signal-run-1/latency/av-1/ack bytes=234 forwarded=1
1783352065.422941 publish topic=ipi/detector-output-to-ipi-weak-signal-run-1/latency/av-1/request bytes=25433 forwarded=1
1783352065.423706 publish topic=ipi/detector-output-to-ipi-weak-signal-run-1/latency/av-1/ack bytes=234 forwarded=1
1783352065.783279 publish topic=ipi/detector-output-to-ipi-weak-signal-run-1/latency/av-1/request bytes=25433 forwarded=1
1783352065.783978 publish topic=ipi/detector-output-to-ipi-weak-signal-run-1/latency/av-1/ack bytes=234 forwarded=1
1783352066.133684 publish topic=ipi/detector-output-to-ipi-weak-signal-run-1/latency/av-1/request bytes=25433 forwarded=1
1783352066.134309 publish topic=ipi/detector-output-to-ipi-weak-signal-run-1/latency/av-1/ack bytes=234 forwarded=1
1783352066.484012 publish topic=ipi/detector-output-to-ipi-weak-signal-run-1/latency/av-1/request bytes=25433 forwarded=1
1783352066.484675 publish topic=ipi/detector-output-to-ipi-weak-signal-run-1/latency/av-1/ack bytes=234 forwarded=1
1783352066.824724 publish topic=ipi/detector-output-to-ipi-weak-signal-run-1/latency/av-1/request bytes=25433 forwarded=1
1783352066.825435 publish topic=ipi/detector-output-to-ipi-weak-signal-run-1/latency/av-1/ack bytes=234 forwarded=1
1783352067.145109 publish topic=ipi/detector-output-to-ipi-weak-signal-run-1/latency/av-1/request bytes=25433 forwarded=1
1783352067.145863 publish topic=ipi/detector-output-to-ipi-weak-signal-run-1/latency/av-1/ack bytes=234 forwarded=1
1783352067.505511 publish topic=ipi/detector-output-to-ipi-weak-signal-run-1/latency/av-1/request bytes=25433 forwarded=1
1783352067.506222 publish topic=ipi/detector-output-to-ipi-weak-signal-run-1/latency/av-1/ack bytes=234 forwarded=1
1783352067.866024 publish topic=ipi/detector-output-to-ipi-weak-signal-run-1/latency/av-1/request bytes=25433 forwarded=1
1783352067.866683 publish topic=ipi/detector-output-to-ipi-weak-signal-run-1/latency/av-1/ack bytes=234 forwarded=1
1783352068.226544 publish topic=ipi/detector-output-to-ipi-weak-signal-run-1/latency/av-1/request bytes=25433 forwarded=1
1783352068.227182 publish topic=ipi/detector-output-to-ipi-weak-signal-run-1/latency/av-1/ack bytes=234 forwarded=1
1783352068.566783 publish topic=ipi/detector-output-to-ipi-weak-signal-run-1/latency/av-1/request bytes=25433 forwarded=1
1783352068.567485 publish topic=ipi/detector-output-to-ipi-weak-signal-run-1/latency/av-1/ack bytes=234 forwarded=1
1783352068.927107 publish topic=ipi/detector-output-to-ipi-weak-signal-run-1/latency/av-1/request bytes=25433 forwarded=1
1783352068.927808 publish topic=ipi/detector-output-to-ipi-weak-signal-run-1/latency/av-1/ack bytes=234 forwarded=1
1783352069.317665 publish topic=ipi/detector-output-to-ipi-weak-signal-run-1/latency/av-1/request bytes=25433 forwarded=1
1783352069.318415 publish topic=ipi/detector-output-to-ipi-weak-signal-run-1/latency/av-1/ack bytes=234 forwarded=1
1783352069.658068 publish topic=ipi/detector-output-to-ipi-weak-signal-run-1/latency/av-1/request bytes=25433 forwarded=1
1783352069.658859 publish topic=ipi/detector-output-to-ipi-weak-signal-run-1/latency/av-1/ack bytes=234 forwarded=1
1783352070.018484 publish topic=ipi/detector-output-to-ipi-weak-signal-run-1/latency/av-1/request bytes=25433 forwarded=1
1783352070.019403 publish topic=ipi/detector-output-to-ipi-weak-signal-run-1/latency/av-1/ack bytes=234 forwarded=1
1783352070.378937 publish topic=ipi/detector-output-to-ipi-weak-signal-run-1/latency/av-1/request bytes=25433 forwarded=1
1783352070.379714 publish topic=ipi/detector-output-to-ipi-weak-signal-run-1/latency/av-1/ack bytes=234 forwarded=1
1783352070.719341 publish topic=ipi/detector-output-to-ipi-weak-signal-run-1/latency/av-1/request bytes=25433 forwarded=1
1783352070.720042 publish topic=ipi/detector-output-to-ipi-weak-signal-run-1/latency/av-1/ack bytes=234 forwarded=1
1783352071.079752 publish topic=ipi/detector-output-to-ipi-weak-signal-run-1/latency/av-1/request bytes=25433 forwarded=1
1783352071.080434 publish topic=ipi/detector-output-to-ipi-weak-signal-run-1/latency/av-1/ack bytes=234 forwarded=1
1783352071.420238 publish topic=ipi/detector-output-to-ipi-weak-signal-run-1/latency/av-1/request bytes=25433 forwarded=1
1783352071.420933 publish topic=ipi/detector-output-to-ipi-weak-signal-run-1/latency/av-1/ack bytes=234 forwarded=1
1783352071.830807 publish topic=ipi/detector-output-to-ipi-weak-signal-run-1/latency/av-1/request bytes=25433 forwarded=1
1783352071.831523 publish topic=ipi/detector-output-to-ipi-weak-signal-run-1/latency/av-1/ack bytes=234 forwarded=1
1783352072.211336 publish topic=ipi/detector-output-to-ipi-weak-signal-run-1/latency/av-1/request bytes=25433 forwarded=1
1783352072.212057 publish topic=ipi/detector-output-to-ipi-weak-signal-run-1/latency/av-1/ack bytes=234 forwarded=1
1783352073.072348 publish topic=ipi/detector-output-to-ipi-weak-signal-run-1/latency/av-1/request bytes=25433 forwarded=1
1783352073.072978 publish topic=ipi/detector-output-to-ipi-weak-signal-run-1/latency/av-1/ack bytes=234 forwarded=1
1783352073.462962 publish topic=ipi/detector-output-to-ipi-weak-signal-run-1/latency/av-1/request bytes=25433 forwarded=1
1783352073.463594 publish topic=ipi/detector-output-to-ipi-weak-signal-run-1/latency/av-1/ack bytes=234 forwarded=1
1783352074.344189 publish topic=ipi/detector-output-to-ipi-weak-signal-run-1/latency/av-1/request bytes=25433 forwarded=1
1783352074.344845 publish topic=ipi/detector-output-to-ipi-weak-signal-run-1/latency/av-1/ack bytes=234 forwarded=1
1783352074.874892 publish topic=ipi/detector-output-to-ipi-weak-signal-run-1/latency/av-1/request bytes=25433 forwarded=1
1783352074.875582 publish topic=ipi/detector-output-to-ipi-weak-signal-run-1/latency/av-1/ack bytes=234 forwarded=1
1783352075.496065 publish topic=ipi/detector-output-to-ipi-weak-signal-run-1/latency/av-1/request bytes=25433 forwarded=1
1783352075.496702 publish topic=ipi/detector-output-to-ipi-weak-signal-run-1/latency/av-1/ack bytes=234 forwarded=1
1783352075.976951 publish topic=ipi/detector-output-to-ipi-weak-signal-run-1/latency/av-1/request bytes=25433 forwarded=1
1783352075.977582 publish topic=ipi/detector-output-to-ipi-weak-signal-run-1/latency/av-1/ack bytes=234 forwarded=1
1783352076.367498 publish topic=ipi/detector-output-to-ipi-weak-signal-run-1/latency/av-1/request bytes=25433 forwarded=1
1783352076.368279 publish topic=ipi/detector-output-to-ipi-weak-signal-run-1/latency/av-1/ack bytes=234 forwarded=1
1783352076.868307 publish topic=ipi/detector-output-to-ipi-weak-signal-run-1/latency/av-1/request bytes=25433 forwarded=1
1783352076.869072 publish topic=ipi/detector-output-to-ipi-weak-signal-run-1/latency/av-1/ack bytes=234 forwarded=1
1783352077.338907 publish topic=ipi/detector-output-to-ipi-weak-signal-run-1/latency/av-1/request bytes=25433 forwarded=1
1783352077.339596 publish topic=ipi/detector-output-to-ipi-weak-signal-run-1/latency/av-1/ack bytes=234 forwarded=1
1783352077.729628 publish topic=ipi/detector-output-to-ipi-weak-signal-run-1/latency/av-1/request bytes=25433 forwarded=1
1783352077.730314 publish topic=ipi/detector-output-to-ipi-weak-signal-run-1/latency/av-1/ack bytes=234 forwarded=1
1783352078.050074 publish topic=ipi/detector-output-to-ipi-weak-signal-run-1/latency/av-1/request bytes=25433 forwarded=1
1783352078.050861 publish topic=ipi/detector-output-to-ipi-weak-signal-run-1/latency/av-1/ack bytes=234 forwarded=1
1783352078.420686 publish topic=ipi/detector-output-to-ipi-weak-signal-run-1/latency/av-1/request bytes=25433 forwarded=1
1783352078.421414 publish topic=ipi/detector-output-to-ipi-weak-signal-run-1/latency/av-1/ack bytes=234 forwarded=1
1783352078.760719 publish topic=ipi/detector-output-to-ipi-weak-signal-run-1/latency/av-1/request bytes=25433 forwarded=1
1783352078.760961 publish topic=ipi/detector-output-to-ipi-weak-signal-run-1/latency/av-1/ack bytes=234 forwarded=1
1783352079.141454 publish topic=ipi/detector-output-to-ipi-weak-signal-run-1/latency/av-1/request bytes=25433 forwarded=1
1783352079.142168 publish topic=ipi/detector-output-to-ipi-weak-signal-run-1/latency/av-1/ack bytes=234 forwarded=1
1783352079.491976 publish topic=ipi/detector-output-to-ipi-weak-signal-run-1/latency/av-1/request bytes=25433 forwarded=1
1783352079.492701 publish topic=ipi/detector-output-to-ipi-weak-signal-run-1/latency/av-1/ack bytes=234 forwarded=1
1783352079.842479 publish topic=ipi/detector-output-to-ipi-weak-signal-run-1/latency/av-1/request bytes=25433 forwarded=1
1783352079.843206 publish topic=ipi/detector-output-to-ipi-weak-signal-run-1/latency/av-1/ack bytes=234 forwarded=1
1783352080.162743 publish topic=ipi/detector-output-to-ipi-weak-signal-run-1/latency/av-1/request bytes=25433 forwarded=1
1783352080.163376 publish topic=ipi/detector-output-to-ipi-weak-signal-run-1/latency/av-1/ack bytes=234 forwarded=1
1783352080.503204 publish topic=ipi/detector-output-to-ipi-weak-signal-run-1/latency/av-1/request bytes=25433 forwarded=1
1783352080.503936 publish topic=ipi/detector-output-to-ipi-weak-signal-run-1/latency/av-1/ack bytes=234 forwarded=1
1783352080.903581 publish topic=ipi/detector-output-to-ipi-weak-signal-run-1/latency/av-1/request bytes=25433 forwarded=1
1783352080.904285 publish topic=ipi/detector-output-to-ipi-weak-signal-run-1/latency/av-1/ack bytes=234 forwarded=1
1783352081.344332 publish topic=ipi/detector-output-to-ipi-weak-signal-run-1/latency/av-1/request bytes=25433 forwarded=1
1783352081.345006 publish topic=ipi/detector-output-to-ipi-weak-signal-run-1/latency/av-1/ack bytes=234 forwarded=1
1783352081.745150 publish topic=ipi/detector-output-to-ipi-weak-signal-run-1/latency/av-1/request bytes=25433 forwarded=1
1783352081.745804 publish topic=ipi/detector-output-to-ipi-weak-signal-run-1/latency/av-1/ack bytes=234 forwarded=1
1783352082.125579 publish topic=ipi/detector-output-to-ipi-weak-signal-run-1/latency/av-1/request bytes=25433 forwarded=1
1783352082.126239 publish topic=ipi/detector-output-to-ipi-weak-signal-run-1/latency/av-1/ack bytes=234 forwarded=1
1783352082.525911 publish topic=ipi/detector-output-to-ipi-weak-signal-run-1/latency/av-1/request bytes=25433 forwarded=1
1783352082.526584 publish topic=ipi/detector-output-to-ipi-weak-signal-run-1/latency/av-1/ack bytes=234 forwarded=1
1783352082.946712 publish topic=ipi/detector-output-to-ipi-weak-signal-run-1/latency/av-1/request bytes=25433 forwarded=1
1783352082.947346 publish topic=ipi/detector-output-to-ipi-weak-signal-run-1/latency/av-1/ack bytes=234 forwarded=1
1783352083.337270 publish topic=ipi/detector-output-to-ipi-weak-signal-run-1/latency/av-1/request bytes=25433 forwarded=1
1783352083.337929 publish topic=ipi/detector-output-to-ipi-weak-signal-run-1/latency/av-1/ack bytes=234 forwarded=1
1783352083.657628 publish topic=ipi/detector-output-to-ipi-weak-signal-run-1/latency/av-1/request bytes=25433 forwarded=1
1783352083.658268 publish topic=ipi/detector-output-to-ipi-weak-signal-run-1/latency/av-1/ack bytes=234 forwarded=1
1783352084.018411 publish topic=ipi/detector-output-to-ipi-weak-signal-run-1/latency/av-1/request bytes=25433 forwarded=1
1783352084.019243 publish topic=ipi/detector-output-to-ipi-weak-signal-run-1/latency/av-1/ack bytes=234 forwarded=1
1783352084.378591 publish topic=ipi/detector-output-to-ipi-weak-signal-run-1/latency/av-1/request bytes=25433 forwarded=1
1783352084.378966 publish topic=ipi/detector-output-to-ipi-weak-signal-run-1/latency/av-1/ack bytes=234 forwarded=1
1783352084.789445 publish topic=ipi/detector-output-to-ipi-weak-signal-run-1/latency/av-1/request bytes=25433 forwarded=1
1783352084.790188 publish topic=ipi/detector-output-to-ipi-weak-signal-run-1/latency/av-1/ack bytes=234 forwarded=1
1783352085.119833 publish topic=ipi/detector-output-to-ipi-weak-signal-run-1/latency/av-1/request bytes=25433 forwarded=1
1783352085.120573 publish topic=ipi/detector-output-to-ipi-weak-signal-run-1/latency/av-1/ack bytes=234 forwarded=1
1783352085.470193 publish topic=ipi/detector-output-to-ipi-weak-signal-run-1/latency/av-1/request bytes=25433 forwarded=1
1783352085.471006 publish topic=ipi/detector-output-to-ipi-weak-signal-run-1/latency/av-1/ack bytes=234 forwarded=1
1783352085.810879 publish topic=ipi/detector-output-to-ipi-weak-signal-run-1/latency/av-1/request bytes=25433 forwarded=1
1783352085.811620 publish topic=ipi/detector-output-to-ipi-weak-signal-run-1/latency/av-1/ack bytes=234 forwarded=1
1783352086.181545 publish topic=ipi/detector-output-to-ipi-weak-signal-run-1/latency/av-1/request bytes=25433 forwarded=1
1783352086.182312 publish topic=ipi/detector-output-to-ipi-weak-signal-run-1/latency/av-1/ack bytes=234 forwarded=1
1783352086.521814 publish topic=ipi/detector-output-to-ipi-weak-signal-run-1/latency/av-1/request bytes=25433 forwarded=1
1783352086.522598 publish topic=ipi/detector-output-to-ipi-weak-signal-run-1/latency/av-1/ack bytes=234 forwarded=1
1783352086.882431 publish topic=ipi/detector-output-to-ipi-weak-signal-run-1/latency/av-1/request bytes=25433 forwarded=1
1783352086.883151 publish topic=ipi/detector-output-to-ipi-weak-signal-run-1/latency/av-1/ack bytes=234 forwarded=1
1783352087.202600 publish topic=ipi/detector-output-to-ipi-weak-signal-run-1/latency/av-1/request bytes=25433 forwarded=1
1783352087.203300 publish topic=ipi/detector-output-to-ipi-weak-signal-run-1/latency/av-1/ack bytes=234 forwarded=1
1783352087.502875 publish topic=ipi/detector-output-to-ipi-weak-signal-run-1/latency/av-1/request bytes=25433 forwarded=1
1783352087.503623 publish topic=ipi/detector-output-to-ipi-weak-signal-run-1/latency/av-1/ack bytes=234 forwarded=1
1783352087.843409 publish topic=ipi/detector-output-to-ipi-weak-signal-run-1/latency/av-1/request bytes=25433 forwarded=1
1783352087.844182 publish topic=ipi/detector-output-to-ipi-weak-signal-run-1/latency/av-1/ack bytes=234 forwarded=1
1783352088.194170 publish topic=ipi/detector-output-to-ipi-weak-signal-run-1/latency/av-1/request bytes=25433 forwarded=1
1783352088.194876 publish topic=ipi/detector-output-to-ipi-weak-signal-run-1/latency/av-1/ack bytes=234 forwarded=1
1783352088.564377 publish topic=ipi/detector-output-to-ipi-weak-signal-run-1/latency/av-1/request bytes=25433 forwarded=1
1783352088.565044 publish topic=ipi/detector-output-to-ipi-weak-signal-run-1/latency/av-1/ack bytes=234 forwarded=1
1783352088.995074 publish topic=ipi/detector-output-to-ipi-weak-signal-run-1/latency/av-1/request bytes=25433 forwarded=1
1783352088.995800 publish topic=ipi/detector-output-to-ipi-weak-signal-run-1/latency/av-1/ack bytes=234 forwarded=1
1783352089.415651 publish topic=ipi/detector-output-to-ipi-weak-signal-run-1/latency/av-1/request bytes=25433 forwarded=1
1783352089.416388 publish topic=ipi/detector-output-to-ipi-weak-signal-run-1/latency/av-1/ack bytes=234 forwarded=1
1783352089.856793 publish topic=ipi/detector-output-to-ipi-weak-signal-run-1/latency/av-1/request bytes=25433 forwarded=1
1783352089.857534 publish topic=ipi/detector-output-to-ipi-weak-signal-run-1/latency/av-1/ack bytes=234 forwarded=1
1783352090.317493 publish topic=ipi/detector-output-to-ipi-weak-signal-run-1/latency/av-1/request bytes=25433 forwarded=1
1783352090.318243 publish topic=ipi/detector-output-to-ipi-weak-signal-run-1/latency/av-1/ack bytes=234 forwarded=1
1783352090.808351 publish topic=ipi/detector-output-to-ipi-weak-signal-run-1/latency/av-1/request bytes=25433 forwarded=1
1783352090.809083 publish topic=ipi/detector-output-to-ipi-weak-signal-run-1/latency/av-1/ack bytes=234 forwarded=1
1783352091.218991 publish topic=ipi/detector-output-to-ipi-weak-signal-run-1/latency/av-1/request bytes=25433 forwarded=1
1783352091.219726 publish topic=ipi/detector-output-to-ipi-weak-signal-run-1/latency/av-1/ack bytes=234 forwarded=1
1783352091.579681 publish topic=ipi/detector-output-to-ipi-weak-signal-run-1/latency/av-1/request bytes=25433 forwarded=1
1783352091.580356 publish topic=ipi/detector-output-to-ipi-weak-signal-run-1/latency/av-1/ack bytes=234 forwarded=1
1783352091.900185 publish topic=ipi/detector-output-to-ipi-weak-signal-run-1/latency/av-1/request bytes=25433 forwarded=1
1783352091.900842 publish topic=ipi/detector-output-to-ipi-weak-signal-run-1/latency/av-1/ack bytes=234 forwarded=1
1783352092.240789 publish topic=ipi/detector-output-to-ipi-weak-signal-run-1/latency/av-1/request bytes=25433 forwarded=1
1783352092.241455 publish topic=ipi/detector-output-to-ipi-weak-signal-run-1/latency/av-1/ack bytes=234 forwarded=1
1783352092.570912 publish topic=ipi/detector-output-to-ipi-weak-signal-run-1/latency/av-1/request bytes=25433 forwarded=1
1783352092.571607 publish topic=ipi/detector-output-to-ipi-weak-signal-run-1/latency/av-1/ack bytes=234 forwarded=1
1783352092.931638 publish topic=ipi/detector-output-to-ipi-weak-signal-run-1/latency/av-1/request bytes=25433 forwarded=1
1783352092.932370 publish topic=ipi/detector-output-to-ipi-weak-signal-run-1/latency/av-1/ack bytes=234 forwarded=1
1783352093.261909 publish topic=ipi/detector-output-to-ipi-weak-signal-run-1/latency/av-1/request bytes=25433 forwarded=1
1783352093.262668 publish topic=ipi/detector-output-to-ipi-weak-signal-run-1/latency/av-1/ack bytes=234 forwarded=1
1783352093.592288 publish topic=ipi/detector-output-to-ipi-weak-signal-run-1/latency/av-1/request bytes=25433 forwarded=1
1783352093.593052 publish topic=ipi/detector-output-to-ipi-weak-signal-run-1/latency/av-1/ack bytes=234 forwarded=1
1783352093.922769 publish topic=ipi/detector-output-to-ipi-weak-signal-run-1/latency/av-1/request bytes=25433 forwarded=1
1783352093.923518 publish topic=ipi/detector-output-to-ipi-weak-signal-run-1/latency/av-1/ack bytes=234 forwarded=1
1783352094.273143 publish topic=ipi/detector-output-to-ipi-weak-signal-run-1/latency/av-1/request bytes=25433 forwarded=1
1783352094.273889 publish topic=ipi/detector-output-to-ipi-weak-signal-run-1/latency/av-1/ack bytes=234 forwarded=1
1783352094.613582 publish topic=ipi/detector-output-to-ipi-weak-signal-run-1/latency/av-1/request bytes=25433 forwarded=1
1783352094.614324 publish topic=ipi/detector-output-to-ipi-weak-signal-run-1/latency/av-1/ack bytes=234 forwarded=1
1783352094.974318 publish topic=ipi/detector-output-to-ipi-weak-signal-run-1/latency/av-1/request bytes=25433 forwarded=1
1783352094.975044 publish topic=ipi/detector-output-to-ipi-weak-signal-run-1/latency/av-1/ack bytes=234 forwarded=1
1783352095.324444 publish topic=ipi/detector-output-to-ipi-weak-signal-run-1/latency/av-1/request bytes=25433 forwarded=1
1783352095.325108 publish topic=ipi/detector-output-to-ipi-weak-signal-run-1/latency/av-1/ack bytes=234 forwarded=1
1783352095.705037 publish topic=ipi/detector-output-to-ipi-weak-signal-run-1/latency/av-1/request bytes=25433 forwarded=1
1783352095.705768 publish topic=ipi/detector-output-to-ipi-weak-signal-run-1/latency/av-1/ack bytes=234 forwarded=1
1783352096.075586 publish topic=ipi/detector-output-to-ipi-weak-signal-run-1/latency/av-1/request bytes=25433 forwarded=1
1783352096.076312 publish topic=ipi/detector-output-to-ipi-weak-signal-run-1/latency/av-1/ack bytes=234 forwarded=1
1783352096.405799 publish topic=ipi/detector-output-to-ipi-weak-signal-run-1/latency/av-1/request bytes=25433 forwarded=1
1783352096.406630 publish topic=ipi/detector-output-to-ipi-weak-signal-run-1/latency/av-1/ack bytes=234 forwarded=1
1783352096.736462 publish topic=ipi/detector-output-to-ipi-weak-signal-run-1/latency/av-1/request bytes=25433 forwarded=1
1783352096.737259 publish topic=ipi/detector-output-to-ipi-weak-signal-run-1/latency/av-1/ack bytes=234 forwarded=1
1783352097.056941 publish topic=ipi/detector-output-to-ipi-weak-signal-run-1/latency/av-1/request bytes=25433 forwarded=1
1783352097.057665 publish topic=ipi/detector-output-to-ipi-weak-signal-run-1/latency/av-1/ack bytes=234 forwarded=1
1783352097.407023 publish topic=ipi/detector-output-to-ipi-weak-signal-run-1/latency/av-1/request bytes=25433 forwarded=1
1783352097.407758 publish topic=ipi/detector-output-to-ipi-weak-signal-run-1/latency/av-1/ack bytes=234 forwarded=1
1783352097.727541 publish topic=ipi/detector-output-to-ipi-weak-signal-run-1/latency/av-1/request bytes=25433 forwarded=1
1783352097.728238 publish topic=ipi/detector-output-to-ipi-weak-signal-run-1/latency/av-1/ack bytes=234 forwarded=1
1783352098.057962 publish topic=ipi/detector-output-to-ipi-weak-signal-run-1/latency/av-1/request bytes=25433 forwarded=1
1783352098.058747 publish topic=ipi/detector-output-to-ipi-weak-signal-run-1/latency/av-1/ack bytes=234 forwarded=1
1783352098.398383 publish topic=ipi/detector-output-to-ipi-weak-signal-run-1/latency/av-1/request bytes=25433 forwarded=1
1783352098.399148 publish topic=ipi/detector-output-to-ipi-weak-signal-run-1/latency/av-1/ack bytes=234 forwarded=1
1783352098.728666 publish topic=ipi/detector-output-to-ipi-weak-signal-run-1/latency/av-1/request bytes=25433 forwarded=1
1783352098.729353 publish topic=ipi/detector-output-to-ipi-weak-signal-run-1/latency/av-1/ack bytes=234 forwarded=1
1783352099.069307 publish topic=ipi/detector-output-to-ipi-weak-signal-run-1/latency/av-1/request bytes=25433 forwarded=1
1783352099.070024 publish topic=ipi/detector-output-to-ipi-weak-signal-run-1/latency/av-1/ack bytes=234 forwarded=1
1783352099.429584 publish topic=ipi/detector-output-to-ipi-weak-signal-run-1/latency/av-1/request bytes=25433 forwarded=1
1783352099.430366 publish topic=ipi/detector-output-to-ipi-weak-signal-run-1/latency/av-1/ack bytes=234 forwarded=1
1783352099.779863 publish topic=ipi/detector-output-to-ipi-weak-signal-run-1/latency/av-1/request bytes=25433 forwarded=1
1783352099.780627 publish topic=ipi/detector-output-to-ipi-weak-signal-run-1/latency/av-1/ack bytes=234 forwarded=1
1783352100.120329 publish topic=ipi/detector-output-to-ipi-weak-signal-run-1/latency/av-1/request bytes=25433 forwarded=1
1783352100.120879 publish topic=ipi/detector-output-to-ipi-weak-signal-run-1/latency/av-1/ack bytes=234 forwarded=1
1783352100.450707 publish topic=ipi/detector-output-to-ipi-weak-signal-run-1/latency/av-1/request bytes=25433 forwarded=1
1783352100.451334 publish topic=ipi/detector-output-to-ipi-weak-signal-run-1/latency/av-1/ack bytes=234 forwarded=1
1783352100.811383 publish topic=ipi/detector-output-to-ipi-weak-signal-run-1/latency/av-1/request bytes=25433 forwarded=1
1783352100.812123 publish topic=ipi/detector-output-to-ipi-weak-signal-run-1/latency/av-1/ack bytes=234 forwarded=1
1783352101.121643 publish topic=ipi/detector-output-to-ipi-weak-signal-run-1/latency/av-1/request bytes=25433 forwarded=1
1783352101.122307 publish topic=ipi/detector-output-to-ipi-weak-signal-run-1/latency/av-1/ack bytes=234 forwarded=1
1783352101.461937 publish topic=ipi/detector-output-to-ipi-weak-signal-run-1/latency/av-1/request bytes=25433 forwarded=1
1783352101.462624 publish topic=ipi/detector-output-to-ipi-weak-signal-run-1/latency/av-1/ack bytes=234 forwarded=1
1783352101.862544 publish topic=ipi/detector-output-to-ipi-weak-signal-run-1/latency/av-1/request bytes=25433 forwarded=1
1783352101.863291 publish topic=ipi/detector-output-to-ipi-weak-signal-run-1/latency/av-1/ack bytes=234 forwarded=1
1783352102.283090 publish topic=ipi/detector-output-to-ipi-weak-signal-run-1/latency/av-1/request bytes=25433 forwarded=1
1783352102.283752 publish topic=ipi/detector-output-to-ipi-weak-signal-run-1/latency/av-1/ack bytes=234 forwarded=1
1783352103.354937 publish topic=ipi/detector-output-to-ipi-weak-signal-run-1/latency/av-1/request bytes=25433 forwarded=1
1783352103.355746 publish topic=ipi/detector-output-to-ipi-weak-signal-run-1/latency/av-1/ack bytes=234 forwarded=1
1783352103.815701 publish topic=ipi/detector-output-to-ipi-weak-signal-run-1/latency/av-1/request bytes=25433 forwarded=1
1783352103.816427 publish topic=ipi/detector-output-to-ipi-weak-signal-run-1/latency/av-1/ack bytes=234 forwarded=1
1783352104.246267 publish topic=ipi/detector-output-to-ipi-weak-signal-run-1/latency/av-1/request bytes=25433 forwarded=1
1783352104.247017 publish topic=ipi/detector-output-to-ipi-weak-signal-run-1/latency/av-1/ack bytes=234 forwarded=1
1783352104.566723 publish topic=ipi/detector-output-to-ipi-weak-signal-run-1/latency/av-1/request bytes=25433 forwarded=1
1783352104.567471 publish topic=ipi/detector-output-to-ipi-weak-signal-run-1/latency/av-1/ack bytes=234 forwarded=1
1783352104.907087 publish topic=ipi/detector-output-to-ipi-weak-signal-run-1/latency/av-1/request bytes=25433 forwarded=1
1783352104.907842 publish topic=ipi/detector-output-to-ipi-weak-signal-run-1/latency/av-1/ack bytes=234 forwarded=1
1783352105.257464 publish topic=ipi/detector-output-to-ipi-weak-signal-run-1/latency/av-1/request bytes=25433 forwarded=1
1783352105.258211 publish topic=ipi/detector-output-to-ipi-weak-signal-run-1/latency/av-1/ack bytes=234 forwarded=1
1783352105.577711 publish topic=ipi/detector-output-to-ipi-weak-signal-run-1/latency/av-1/request bytes=25433 forwarded=1
1783352105.578410 publish topic=ipi/detector-output-to-ipi-weak-signal-run-1/latency/av-1/ack bytes=234 forwarded=1
1783352105.928520 publish topic=ipi/detector-output-to-ipi-weak-signal-run-1/latency/av-1/request bytes=25433 forwarded=1
1783352105.929271 publish topic=ipi/detector-output-to-ipi-weak-signal-run-1/latency/av-1/ack bytes=234 forwarded=1
1783352106.278544 publish topic=ipi/detector-output-to-ipi-weak-signal-run-1/latency/av-1/request bytes=25433 forwarded=1
1783352106.279263 publish topic=ipi/detector-output-to-ipi-weak-signal-run-1/latency/av-1/ack bytes=234 forwarded=1
1783352106.619221 publish topic=ipi/detector-output-to-ipi-weak-signal-run-1/latency/av-1/request bytes=25433 forwarded=1
1783352106.619898 publish topic=ipi/detector-output-to-ipi-weak-signal-run-1/latency/av-1/ack bytes=234 forwarded=1
1783352106.989472 publish topic=ipi/detector-output-to-ipi-weak-signal-run-1/latency/av-1/request bytes=25433 forwarded=1
1783352106.990180 publish topic=ipi/detector-output-to-ipi-weak-signal-run-1/latency/av-1/ack bytes=234 forwarded=1
1783352107.339603 publish topic=ipi/detector-output-to-ipi-weak-signal-run-1/latency/av-1/request bytes=25433 forwarded=1
1783352107.339833 publish topic=ipi/detector-output-to-ipi-weak-signal-run-1/latency/av-1/ack bytes=234 forwarded=1
1783352107.710418 publish topic=ipi/detector-output-to-ipi-weak-signal-run-1/latency/av-1/request bytes=25433 forwarded=1
1783352107.711107 publish topic=ipi/detector-output-to-ipi-weak-signal-run-1/latency/av-1/ack bytes=234 forwarded=1
1783352108.080959 publish topic=ipi/detector-output-to-ipi-weak-signal-run-1/latency/av-1/request bytes=25433 forwarded=1
1783352108.081694 publish topic=ipi/detector-output-to-ipi-weak-signal-run-1/latency/av-1/ack bytes=234 forwarded=1
1783352108.411180 publish topic=ipi/detector-output-to-ipi-weak-signal-run-1/latency/av-1/request bytes=25433 forwarded=1
1783352108.411926 publish topic=ipi/detector-output-to-ipi-weak-signal-run-1/latency/av-1/ack bytes=234 forwarded=1
1783352108.751506 publish topic=ipi/detector-output-to-ipi-weak-signal-run-1/latency/av-1/request bytes=25433 forwarded=1
1783352108.752283 publish topic=ipi/detector-output-to-ipi-weak-signal-run-1/latency/av-1/ack bytes=234 forwarded=1
1783352109.072038 publish topic=ipi/detector-output-to-ipi-weak-signal-run-1/latency/av-1/request bytes=25433 forwarded=1
1783352109.072780 publish topic=ipi/detector-output-to-ipi-weak-signal-run-1/latency/av-1/ack bytes=234 forwarded=1
1783352109.412489 publish topic=ipi/detector-output-to-ipi-weak-signal-run-1/latency/av-1/request bytes=25433 forwarded=1
1783352109.413154 publish topic=ipi/detector-output-to-ipi-weak-signal-run-1/latency/av-1/ack bytes=234 forwarded=1
1783352109.792923 publish topic=ipi/detector-output-to-ipi-weak-signal-run-1/latency/av-1/request bytes=25433 forwarded=1
1783352109.793598 publish topic=ipi/detector-output-to-ipi-weak-signal-run-1/latency/av-1/ack bytes=234 forwarded=1
1783352110.133132 publish topic=ipi/detector-output-to-ipi-weak-signal-run-1/latency/av-1/request bytes=25433 forwarded=1
1783352110.133853 publish topic=ipi/detector-output-to-ipi-weak-signal-run-1/latency/av-1/ack bytes=234 forwarded=1
1783352110.453379 publish topic=ipi/detector-output-to-ipi-weak-signal-run-1/latency/av-1/request bytes=25433 forwarded=1
1783352110.454051 publish topic=ipi/detector-output-to-ipi-weak-signal-run-1/latency/av-1/ack bytes=234 forwarded=1
1783352110.823902 publish topic=ipi/detector-output-to-ipi-weak-signal-run-1/latency/av-1/request bytes=25433 forwarded=1
1783352110.824572 publish topic=ipi/detector-output-to-ipi-weak-signal-run-1/latency/av-1/ack bytes=234 forwarded=1
1783352111.164291 publish topic=ipi/detector-output-to-ipi-weak-signal-run-1/latency/av-1/request bytes=25433 forwarded=1
1783352111.165046 publish topic=ipi/detector-output-to-ipi-weak-signal-run-1/latency/av-1/ack bytes=234 forwarded=1
1783352111.544824 publish topic=ipi/detector-output-to-ipi-weak-signal-run-1/latency/av-1/request bytes=25433 forwarded=1
1783352111.545504 publish topic=ipi/detector-output-to-ipi-weak-signal-run-1/latency/av-1/ack bytes=234 forwarded=1
1783352111.875096 publish topic=ipi/detector-output-to-ipi-weak-signal-run-1/latency/av-1/request bytes=25433 forwarded=1
1783352111.875794 publish topic=ipi/detector-output-to-ipi-weak-signal-run-1/latency/av-1/ack bytes=234 forwarded=1
1783352112.185419 publish topic=ipi/detector-output-to-ipi-weak-signal-run-1/latency/av-1/request bytes=25433 forwarded=1
1783352112.186175 publish topic=ipi/detector-output-to-ipi-weak-signal-run-1/latency/av-1/ack bytes=234 forwarded=1
1783352112.535779 publish topic=ipi/detector-output-to-ipi-weak-signal-run-1/latency/av-1/request bytes=25433 forwarded=1
1783352112.536490 publish topic=ipi/detector-output-to-ipi-weak-signal-run-1/latency/av-1/ack bytes=234 forwarded=1
1783352112.876479 publish topic=ipi/detector-output-to-ipi-weak-signal-run-1/latency/av-1/request bytes=25433 forwarded=1
1783352112.877148 publish topic=ipi/detector-output-to-ipi-weak-signal-run-1/latency/av-1/ack bytes=234 forwarded=1
1783352113.236869 publish topic=ipi/detector-output-to-ipi-weak-signal-run-1/latency/av-1/request bytes=25433 forwarded=1
1783352113.237608 publish topic=ipi/detector-output-to-ipi-weak-signal-run-1/latency/av-1/ack bytes=234 forwarded=1
1783352113.617342 publish topic=ipi/detector-output-to-ipi-weak-signal-run-1/latency/av-1/request bytes=25433 forwarded=1
1783352113.618081 publish topic=ipi/detector-output-to-ipi-weak-signal-run-1/latency/av-1/ack bytes=234 forwarded=1
1783352113.997477 publish topic=ipi/detector-output-to-ipi-weak-signal-run-1/latency/av-1/request bytes=25433 forwarded=1
1783352113.997797 publish topic=ipi/detector-output-to-ipi-weak-signal-run-1/latency/av-1/ack bytes=234 forwarded=1
1783352114.398018 publish topic=ipi/detector-output-to-ipi-weak-signal-run-1/latency/av-1/request bytes=25433 forwarded=1
1783352114.398373 publish topic=ipi/detector-output-to-ipi-weak-signal-run-1/latency/av-1/ack bytes=234 forwarded=1
1783352114.738666 publish topic=ipi/detector-output-to-ipi-weak-signal-run-1/latency/av-1/request bytes=25433 forwarded=1
1783352114.739404 publish topic=ipi/detector-output-to-ipi-weak-signal-run-1/latency/av-1/ack bytes=234 forwarded=1
1783352115.089321 publish topic=ipi/detector-output-to-ipi-weak-signal-run-1/latency/av-1/request bytes=25433 forwarded=1
1783352115.090064 publish topic=ipi/detector-output-to-ipi-weak-signal-run-1/latency/av-1/ack bytes=234 forwarded=1
1783352115.449763 publish topic=ipi/detector-output-to-ipi-weak-signal-run-1/latency/av-1/request bytes=25433 forwarded=1
1783352115.450475 publish topic=ipi/detector-output-to-ipi-weak-signal-run-1/latency/av-1/ack bytes=234 forwarded=1
1783352115.830378 publish topic=ipi/detector-output-to-ipi-weak-signal-run-1/latency/av-1/request bytes=25433 forwarded=1
1783352115.831069 publish topic=ipi/detector-output-to-ipi-weak-signal-run-1/latency/av-1/ack bytes=234 forwarded=1
1783352116.421127 publish topic=ipi/detector-output-to-ipi-weak-signal-run-1/latency/av-1/request bytes=25433 forwarded=1
1783352116.421874 publish topic=ipi/detector-output-to-ipi-weak-signal-run-1/latency/av-1/ack bytes=234 forwarded=1
1783352117.272624 publish topic=ipi/detector-output-to-ipi-weak-signal-run-1/latency/av-1/request bytes=25433 forwarded=1
1783352117.273382 publish topic=ipi/detector-output-to-ipi-weak-signal-run-1/latency/av-1/ack bytes=234 forwarded=1
1783352117.713180 publish topic=ipi/detector-output-to-ipi-weak-signal-run-1/latency/av-1/request bytes=25433 forwarded=1
1783352117.713960 publish topic=ipi/detector-output-to-ipi-weak-signal-run-1/latency/av-1/ack bytes=234 forwarded=1
1783352118.094160 publish topic=ipi/detector-output-to-ipi-weak-signal-run-1/latency/av-1/request bytes=25433 forwarded=1
1783352118.094935 publish topic=ipi/detector-output-to-ipi-weak-signal-run-1/latency/av-1/ack bytes=234 forwarded=1
1783352118.905317 publish topic=ipi/detector-output-to-ipi-weak-signal-run-1/latency/av-1/request bytes=25433 forwarded=1
1783352118.906087 publish topic=ipi/detector-output-to-ipi-weak-signal-run-1/latency/av-1/ack bytes=234 forwarded=1
1783352119.296268 publish topic=ipi/detector-output-to-ipi-weak-signal-run-1/latency/av-1/request bytes=25433 forwarded=1
1783352119.297024 publish topic=ipi/detector-output-to-ipi-weak-signal-run-1/latency/av-1/ack bytes=234 forwarded=1
1783352119.646599 publish topic=ipi/detector-output-to-ipi-weak-signal-run-1/latency/av-1/request bytes=25433 forwarded=1
1783352119.647309 publish topic=ipi/detector-output-to-ipi-weak-signal-run-1/latency/av-1/ack bytes=234 forwarded=1
1783352120.007054 publish topic=ipi/detector-output-to-ipi-weak-signal-run-1/latency/av-1/request bytes=25433 forwarded=1
1783352120.007723 publish topic=ipi/detector-output-to-ipi-weak-signal-run-1/latency/av-1/ack bytes=234 forwarded=1
1783352120.367414 publish topic=ipi/detector-output-to-ipi-weak-signal-run-1/latency/av-1/request bytes=25433 forwarded=1
1783352120.368170 publish topic=ipi/detector-output-to-ipi-weak-signal-run-1/latency/av-1/ack bytes=234 forwarded=1
1783352120.728060 publish topic=ipi/detector-output-to-ipi-weak-signal-run-1/latency/av-1/request bytes=25433 forwarded=1
1783352120.728734 publish topic=ipi/detector-output-to-ipi-weak-signal-run-1/latency/av-1/ack bytes=234 forwarded=1
1783352121.088498 publish topic=ipi/detector-output-to-ipi-weak-signal-run-1/latency/av-1/request bytes=25433 forwarded=1
1783352121.089192 publish topic=ipi/detector-output-to-ipi-weak-signal-run-1/latency/av-1/ack bytes=234 forwarded=1
1783352121.438912 publish topic=ipi/detector-output-to-ipi-weak-signal-run-1/latency/av-1/request bytes=25433 forwarded=1
1783352121.439594 publish topic=ipi/detector-output-to-ipi-weak-signal-run-1/latency/av-1/ack bytes=234 forwarded=1
1783352121.789451 publish topic=ipi/detector-output-to-ipi-weak-signal-run-1/latency/av-1/request bytes=25433 forwarded=1
1783352121.790126 publish topic=ipi/detector-output-to-ipi-weak-signal-run-1/latency/av-1/ack bytes=234 forwarded=1
1783352122.190126 publish topic=ipi/detector-output-to-ipi-weak-signal-run-1/latency/av-1/request bytes=25433 forwarded=1
1783352122.190954 publish topic=ipi/detector-output-to-ipi-weak-signal-run-1/latency/av-1/ack bytes=234 forwarded=1
1783352122.550743 publish topic=ipi/detector-output-to-ipi-weak-signal-run-1/latency/av-1/request bytes=25433 forwarded=1
1783352122.551451 publish topic=ipi/detector-output-to-ipi-weak-signal-run-1/latency/av-1/ack bytes=234 forwarded=1
1783352122.901250 publish topic=ipi/detector-output-to-ipi-weak-signal-run-1/latency/av-1/request bytes=25433 forwarded=1
1783352122.902000 publish topic=ipi/detector-output-to-ipi-weak-signal-run-1/latency/av-1/ack bytes=234 forwarded=1
1783352123.221584 publish topic=ipi/detector-output-to-ipi-weak-signal-run-1/latency/av-1/request bytes=25433 forwarded=1
1783352123.222334 publish topic=ipi/detector-output-to-ipi-weak-signal-run-1/latency/av-1/ack bytes=234 forwarded=1
1783352123.581926 publish topic=ipi/detector-output-to-ipi-weak-signal-run-1/latency/av-1/request bytes=25433 forwarded=1
1783352123.582640 publish topic=ipi/detector-output-to-ipi-weak-signal-run-1/latency/av-1/ack bytes=234 forwarded=1
1783352123.922571 publish topic=ipi/detector-output-to-ipi-weak-signal-run-1/latency/av-1/request bytes=25433 forwarded=1
1783352123.923244 publish topic=ipi/detector-output-to-ipi-weak-signal-run-1/latency/av-1/ack bytes=234 forwarded=1
1783352124.262951 publish topic=ipi/detector-output-to-ipi-weak-signal-run-1/latency/av-1/request bytes=25433 forwarded=1
1783352124.263687 publish topic=ipi/detector-output-to-ipi-weak-signal-run-1/latency/av-1/ack bytes=234 forwarded=1
1783352124.543114 publish topic=ipi/detector-output-to-ipi-weak-signal-run-1/latency/av-1/request bytes=25433 forwarded=1
1783352124.543856 publish topic=ipi/detector-output-to-ipi-weak-signal-run-1/latency/av-1/ack bytes=234 forwarded=1
1783352124.853427 publish topic=ipi/detector-output-to-ipi-weak-signal-run-1/latency/av-1/request bytes=25433 forwarded=1
1783352124.853812 publish topic=ipi/detector-output-to-ipi-weak-signal-run-1/latency/av-1/ack bytes=234 forwarded=1
1783352125.244105 publish topic=ipi/detector-output-to-ipi-weak-signal-run-1/latency/av-1/request bytes=25433 forwarded=1
1783352125.244924 publish topic=ipi/detector-output-to-ipi-weak-signal-run-1/latency/av-1/ack bytes=234 forwarded=1
1783352125.634726 publish topic=ipi/detector-output-to-ipi-weak-signal-run-1/latency/av-1/request bytes=25433 forwarded=1
1783352125.635534 publish topic=ipi/detector-output-to-ipi-weak-signal-run-1/latency/av-1/ack bytes=234 forwarded=1
1783352125.965099 publish topic=ipi/detector-output-to-ipi-weak-signal-run-1/latency/av-1/request bytes=25433 forwarded=1
1783352125.965856 publish topic=ipi/detector-output-to-ipi-weak-signal-run-1/latency/av-1/ack bytes=234 forwarded=1
1783352126.305346 publish topic=ipi/detector-output-to-ipi-weak-signal-run-1/latency/av-1/request bytes=25433 forwarded=1
1783352126.306098 publish topic=ipi/detector-output-to-ipi-weak-signal-run-1/latency/av-1/ack bytes=234 forwarded=1
1783352126.676034 publish topic=ipi/detector-output-to-ipi-weak-signal-run-1/latency/av-1/request bytes=25433 forwarded=1
1783352126.676793 publish topic=ipi/detector-output-to-ipi-weak-signal-run-1/latency/av-1/ack bytes=234 forwarded=1
1783352127.016346 publish topic=ipi/detector-output-to-ipi-weak-signal-run-1/latency/av-1/request bytes=25433 forwarded=1
1783352127.017071 publish topic=ipi/detector-output-to-ipi-weak-signal-run-1/latency/av-1/ack bytes=234 forwarded=1
1783352127.426760 publish topic=ipi/detector-output-to-ipi-weak-signal-run-1/latency/av-1/request bytes=25433 forwarded=1
1783352127.427487 publish topic=ipi/detector-output-to-ipi-weak-signal-run-1/latency/av-1/ack bytes=234 forwarded=1
1783352127.777519 publish topic=ipi/detector-output-to-ipi-weak-signal-run-1/latency/av-1/request bytes=25433 forwarded=1
1783352127.778219 publish topic=ipi/detector-output-to-ipi-weak-signal-run-1/latency/av-1/ack bytes=234 forwarded=1
1783352128.097788 publish topic=ipi/detector-output-to-ipi-weak-signal-run-1/latency/av-1/request bytes=25433 forwarded=1
1783352128.098623 publish topic=ipi/detector-output-to-ipi-weak-signal-run-1/latency/av-1/ack bytes=234 forwarded=1
1783352128.418380 publish topic=ipi/detector-output-to-ipi-weak-signal-run-1/latency/av-1/request bytes=25433 forwarded=1
1783352128.419113 publish topic=ipi/detector-output-to-ipi-weak-signal-run-1/latency/av-1/ack bytes=234 forwarded=1
1783352128.728669 publish topic=ipi/detector-output-to-ipi-weak-signal-run-1/latency/av-1/request bytes=25433 forwarded=1
1783352128.729388 publish topic=ipi/detector-output-to-ipi-weak-signal-run-1/latency/av-1/ack bytes=234 forwarded=1
1783352129.079013 publish topic=ipi/detector-output-to-ipi-weak-signal-run-1/latency/av-1/request bytes=25433 forwarded=1
1783352129.079720 publish topic=ipi/detector-output-to-ipi-weak-signal-run-1/latency/av-1/ack bytes=234 forwarded=1
1783352129.439522 publish topic=ipi/detector-output-to-ipi-weak-signal-run-1/latency/av-1/request bytes=25433 forwarded=1
1783352129.440153 publish topic=ipi/detector-output-to-ipi-weak-signal-run-1/latency/av-1/ack bytes=234 forwarded=1
1783352129.820151 publish topic=ipi/detector-output-to-ipi-weak-signal-run-1/latency/av-1/request bytes=25433 forwarded=1
1783352129.820739 publish topic=ipi/detector-output-to-ipi-weak-signal-run-1/latency/av-1/ack bytes=234 forwarded=1
1783352130.150625 publish topic=ipi/detector-output-to-ipi-weak-signal-run-1/latency/av-1/request bytes=25433 forwarded=1
1783352130.151322 publish topic=ipi/detector-output-to-ipi-weak-signal-run-1/latency/av-1/ack bytes=234 forwarded=1
1783352130.461025 publish topic=ipi/detector-output-to-ipi-weak-signal-run-1/latency/av-1/request bytes=25433 forwarded=1
1783352130.461758 publish topic=ipi/detector-output-to-ipi-weak-signal-run-1/latency/av-1/ack bytes=234 forwarded=1
1783352130.791440 publish topic=ipi/detector-output-to-ipi-weak-signal-run-1/latency/av-1/request bytes=25433 forwarded=1
1783352130.792107 publish topic=ipi/detector-output-to-ipi-weak-signal-run-1/latency/av-1/ack bytes=234 forwarded=1
1783352131.181797 publish topic=ipi/detector-output-to-ipi-weak-signal-run-1/latency/av-1/request bytes=25433 forwarded=1
1783352131.182493 publish topic=ipi/detector-output-to-ipi-weak-signal-run-1/latency/av-1/ack bytes=234 forwarded=1
1783352131.652667 publish topic=ipi/detector-output-to-ipi-weak-signal-run-1/latency/av-1/request bytes=25433 forwarded=1
1783352131.653362 publish topic=ipi/detector-output-to-ipi-weak-signal-run-1/latency/av-1/ack bytes=234 forwarded=1
1783352132.053328 publish topic=ipi/detector-output-to-ipi-weak-signal-run-1/latency/av-1/request bytes=25433 forwarded=1
1783352132.054103 publish topic=ipi/detector-output-to-ipi-weak-signal-run-1/latency/av-1/ack bytes=234 forwarded=1
1783352132.433973 publish topic=ipi/detector-output-to-ipi-weak-signal-run-1/latency/av-1/request bytes=25433 forwarded=1
1783352132.434659 publish topic=ipi/detector-output-to-ipi-weak-signal-run-1/latency/av-1/ack bytes=234 forwarded=1
1783352132.764545 publish topic=ipi/detector-output-to-ipi-weak-signal-run-1/latency/av-1/request bytes=25433 forwarded=1
1783352132.765335 publish topic=ipi/detector-output-to-ipi-weak-signal-run-1/latency/av-1/ack bytes=234 forwarded=1
1783352133.235195 publish topic=ipi/detector-output-to-ipi-weak-signal-run-1/latency/av-1/request bytes=25433 forwarded=1
1783352133.235928 publish topic=ipi/detector-output-to-ipi-weak-signal-run-1/latency/av-1/ack bytes=234 forwarded=1
1783352134.106569 publish topic=ipi/detector-output-to-ipi-weak-signal-run-1/latency/av-1/request bytes=25433 forwarded=1
1783352134.107250 publish topic=ipi/detector-output-to-ipi-weak-signal-run-1/latency/av-1/ack bytes=234 forwarded=1
1783352134.477034 publish topic=ipi/detector-output-to-ipi-weak-signal-run-1/latency/av-1/request bytes=25433 forwarded=1
1783352134.477814 publish topic=ipi/detector-output-to-ipi-weak-signal-run-1/latency/av-1/ack bytes=234 forwarded=1
1783352134.867650 publish topic=ipi/detector-output-to-ipi-weak-signal-run-1/latency/av-1/request bytes=25433 forwarded=1
1783352134.868337 publish topic=ipi/detector-output-to-ipi-weak-signal-run-1/latency/av-1/ack bytes=234 forwarded=1
1783352135.248229 publish topic=ipi/detector-output-to-ipi-weak-signal-run-1/latency/av-1/request bytes=25433 forwarded=1
1783352135.248999 publish topic=ipi/detector-output-to-ipi-weak-signal-run-1/latency/av-1/ack bytes=234 forwarded=1
1783352135.628808 publish topic=ipi/detector-output-to-ipi-weak-signal-run-1/latency/av-1/request bytes=25433 forwarded=1
1783352135.629491 publish topic=ipi/detector-output-to-ipi-weak-signal-run-1/latency/av-1/ack bytes=234 forwarded=1
1783352135.969028 publish topic=ipi/detector-output-to-ipi-weak-signal-run-1/latency/av-1/request bytes=25433 forwarded=1
1783352135.969713 publish topic=ipi/detector-output-to-ipi-weak-signal-run-1/latency/av-1/ack bytes=234 forwarded=1
1783352136.309605 publish topic=ipi/detector-output-to-ipi-weak-signal-run-1/latency/av-1/request bytes=25433 forwarded=1
1783352136.310283 publish topic=ipi/detector-output-to-ipi-weak-signal-run-1/latency/av-1/ack bytes=234 forwarded=1
1783352136.669801 publish topic=ipi/detector-output-to-ipi-weak-signal-run-1/latency/av-1/request bytes=25433 forwarded=1
1783352136.670490 publish topic=ipi/detector-output-to-ipi-weak-signal-run-1/latency/av-1/ack bytes=234 forwarded=1
1783352137.070568 publish topic=ipi/detector-output-to-ipi-weak-signal-run-1/latency/av-1/request bytes=25433 forwarded=1
1783352137.071233 publish topic=ipi/detector-output-to-ipi-weak-signal-run-1/latency/av-1/ack bytes=234 forwarded=1
1783352137.410964 publish topic=ipi/detector-output-to-ipi-weak-signal-run-1/latency/av-1/request bytes=25433 forwarded=1
1783352137.411619 publish topic=ipi/detector-output-to-ipi-weak-signal-run-1/latency/av-1/ack bytes=234 forwarded=1
1783352137.741265 publish topic=ipi/detector-output-to-ipi-weak-signal-run-1/latency/av-1/request bytes=25433 forwarded=1
1783352137.741915 publish topic=ipi/detector-output-to-ipi-weak-signal-run-1/latency/av-1/ack bytes=234 forwarded=1
1783352138.101867 publish topic=ipi/detector-output-to-ipi-weak-signal-run-1/latency/av-1/request bytes=25433 forwarded=1
1783352138.102599 publish topic=ipi/detector-output-to-ipi-weak-signal-run-1/latency/av-1/ack bytes=234 forwarded=1
1783352138.472249 publish topic=ipi/detector-output-to-ipi-weak-signal-run-1/latency/av-1/request bytes=25433 forwarded=1
1783352138.472910 publish topic=ipi/detector-output-to-ipi-weak-signal-run-1/latency/av-1/ack bytes=234 forwarded=1
1783352138.862889 publish topic=ipi/detector-output-to-ipi-weak-signal-run-1/latency/av-1/request bytes=25433 forwarded=1
1783352138.863564 publish topic=ipi/detector-output-to-ipi-weak-signal-run-1/latency/av-1/ack bytes=234 forwarded=1
1783352139.253141 publish topic=ipi/detector-output-to-ipi-weak-signal-run-1/latency/av-1/request bytes=25433 forwarded=1
1783352139.253813 publish topic=ipi/detector-output-to-ipi-weak-signal-run-1/latency/av-1/ack bytes=234 forwarded=1
1783352139.663933 publish topic=ipi/detector-output-to-ipi-weak-signal-run-1/latency/av-1/request bytes=25433 forwarded=1
1783352139.664682 publish topic=ipi/detector-output-to-ipi-weak-signal-run-1/latency/av-1/ack bytes=234 forwarded=1
1783352140.034327 publish topic=ipi/detector-output-to-ipi-weak-signal-run-1/latency/av-1/request bytes=25433 forwarded=1
1783352140.035159 publish topic=ipi/detector-output-to-ipi-weak-signal-run-1/latency/av-1/ack bytes=234 forwarded=1
1783352140.374850 publish topic=ipi/detector-output-to-ipi-weak-signal-run-1/latency/av-1/request bytes=25433 forwarded=1
1783352140.375619 publish topic=ipi/detector-output-to-ipi-weak-signal-run-1/latency/av-1/ack bytes=234 forwarded=1
1783352140.735184 publish topic=ipi/detector-output-to-ipi-weak-signal-run-1/latency/av-1/request bytes=25433 forwarded=1
1783352140.736032 publish topic=ipi/detector-output-to-ipi-weak-signal-run-1/latency/av-1/ack bytes=234 forwarded=1
1783352141.095617 publish topic=ipi/detector-output-to-ipi-weak-signal-run-1/latency/av-1/request bytes=25433 forwarded=1
1783352141.096370 publish topic=ipi/detector-output-to-ipi-weak-signal-run-1/latency/av-1/ack bytes=234 forwarded=1
1783352141.476318 publish topic=ipi/detector-output-to-ipi-weak-signal-run-1/latency/av-1/request bytes=25433 forwarded=1
1783352141.477078 publish topic=ipi/detector-output-to-ipi-weak-signal-run-1/latency/av-1/ack bytes=234 forwarded=1
1783352141.816626 publish topic=ipi/detector-output-to-ipi-weak-signal-run-1/latency/av-1/request bytes=25433 forwarded=1
1783352141.817375 publish topic=ipi/detector-output-to-ipi-weak-signal-run-1/latency/av-1/ack bytes=234 forwarded=1
1783352142.187024 publish topic=ipi/detector-output-to-ipi-weak-signal-run-1/latency/av-1/request bytes=25433 forwarded=1
1783352142.187773 publish topic=ipi/detector-output-to-ipi-weak-signal-run-1/latency/av-1/ack bytes=234 forwarded=1
1783352142.537474 publish topic=ipi/detector-output-to-ipi-weak-signal-run-1/latency/av-1/request bytes=25433 forwarded=1
1783352142.538204 publish topic=ipi/detector-output-to-ipi-weak-signal-run-1/latency/av-1/ack bytes=234 forwarded=1
1783352142.918016 publish topic=ipi/detector-output-to-ipi-weak-signal-run-1/latency/av-1/request bytes=25433 forwarded=1
1783352142.918890 publish topic=ipi/detector-output-to-ipi-weak-signal-run-1/latency/av-1/ack bytes=234 forwarded=1
1783352143.288576 publish topic=ipi/detector-output-to-ipi-weak-signal-run-1/latency/av-1/request bytes=25433 forwarded=1
1783352143.289321 publish topic=ipi/detector-output-to-ipi-weak-signal-run-1/latency/av-1/ack bytes=234 forwarded=1
1783352143.658828 publish topic=ipi/detector-output-to-ipi-weak-signal-run-1/latency/av-1/request bytes=25433 forwarded=1
1783352143.659617 publish topic=ipi/detector-output-to-ipi-weak-signal-run-1/latency/av-1/ack bytes=234 forwarded=1
1783352144.099539 publish topic=ipi/detector-output-to-ipi-weak-signal-run-1/latency/av-1/request bytes=25433 forwarded=1
1783352144.100304 publish topic=ipi/detector-output-to-ipi-weak-signal-run-1/latency/av-1/ack bytes=234 forwarded=1
1783352144.500261 publish topic=ipi/detector-output-to-ipi-weak-signal-run-1/latency/av-1/request bytes=25433 forwarded=1
1783352144.500988 publish topic=ipi/detector-output-to-ipi-weak-signal-run-1/latency/av-1/ack bytes=234 forwarded=1
1783352144.981387 publish topic=ipi/detector-output-to-ipi-weak-signal-run-1/latency/av-1/request bytes=25433 forwarded=1
1783352144.982184 publish topic=ipi/detector-output-to-ipi-weak-signal-run-1/latency/av-1/ack bytes=234 forwarded=1
1783352145.612244 publish topic=ipi/detector-output-to-ipi-weak-signal-run-1/latency/av-1/request bytes=25433 forwarded=1
1783352145.613022 publish topic=ipi/detector-output-to-ipi-weak-signal-run-1/latency/av-1/ack bytes=234 forwarded=1
1783352146.373492 publish topic=ipi/detector-output-to-ipi-weak-signal-run-1/latency/av-1/request bytes=25433 forwarded=1
1783352146.374216 publish topic=ipi/detector-output-to-ipi-weak-signal-run-1/latency/av-1/ack bytes=234 forwarded=1
1783352147.034759 publish topic=ipi/detector-output-to-ipi-weak-signal-run-1/latency/av-1/request bytes=25433 forwarded=1
1783352147.035501 publish topic=ipi/detector-output-to-ipi-weak-signal-run-1/latency/av-1/ack bytes=234 forwarded=1
1783352147.846136 publish topic=ipi/detector-output-to-ipi-weak-signal-run-1/latency/av-1/request bytes=25433 forwarded=1
1783352147.846880 publish topic=ipi/detector-output-to-ipi-weak-signal-run-1/latency/av-1/ack bytes=234 forwarded=1
1783352148.306693 publish topic=ipi/detector-output-to-ipi-weak-signal-run-1/latency/av-1/request bytes=25433 forwarded=1
1783352148.307388 publish topic=ipi/detector-output-to-ipi-weak-signal-run-1/latency/av-1/ack bytes=234 forwarded=1
1783352148.777367 publish topic=ipi/detector-output-to-ipi-weak-signal-run-1/latency/av-1/request bytes=25433 forwarded=1
1783352148.778092 publish topic=ipi/detector-output-to-ipi-weak-signal-run-1/latency/av-1/ack bytes=234 forwarded=1
1783352149.237876 publish topic=ipi/detector-output-to-ipi-weak-signal-run-1/latency/av-1/request bytes=25433 forwarded=1
1783352149.238631 publish topic=ipi/detector-output-to-ipi-weak-signal-run-1/latency/av-1/ack bytes=234 forwarded=1
1783352149.638428 publish topic=ipi/detector-output-to-ipi-weak-signal-run-1/latency/av-1/request bytes=25433 forwarded=1
1783352149.639209 publish topic=ipi/detector-output-to-ipi-weak-signal-run-1/latency/av-1/ack bytes=234 forwarded=1
1783352150.078842 publish topic=ipi/detector-output-to-ipi-weak-signal-run-1/latency/av-1/request bytes=25433 forwarded=1
1783352150.079580 publish topic=ipi/detector-output-to-ipi-weak-signal-run-1/latency/av-1/ack bytes=234 forwarded=1
1783352150.509634 publish topic=ipi/detector-output-to-ipi-weak-signal-run-1/latency/av-1/request bytes=25433 forwarded=1
1783352150.510373 publish topic=ipi/detector-output-to-ipi-weak-signal-run-1/latency/av-1/ack bytes=234 forwarded=1
1783352150.900151 publish topic=ipi/detector-output-to-ipi-weak-signal-run-1/latency/av-1/request bytes=25433 forwarded=1
1783352150.900939 publish topic=ipi/detector-output-to-ipi-weak-signal-run-1/latency/av-1/ack bytes=234 forwarded=1
1783352151.340615 publish topic=ipi/detector-output-to-ipi-weak-signal-run-1/latency/av-1/request bytes=25433 forwarded=1
1783352151.341285 publish topic=ipi/detector-output-to-ipi-weak-signal-run-1/latency/av-1/ack bytes=234 forwarded=1
1783352151.741014 publish topic=ipi/detector-output-to-ipi-weak-signal-run-1/latency/av-1/request bytes=25433 forwarded=1
1783352151.741690 publish topic=ipi/detector-output-to-ipi-weak-signal-run-1/latency/av-1/ack bytes=234 forwarded=1
1783352152.141490 publish topic=ipi/detector-output-to-ipi-weak-signal-run-1/latency/av-1/request bytes=25433 forwarded=1
1783352152.142190 publish topic=ipi/detector-output-to-ipi-weak-signal-run-1/latency/av-1/ack bytes=234 forwarded=1
1783352152.742310 publish topic=ipi/detector-output-to-ipi-weak-signal-run-1/latency/av-1/request bytes=25433 forwarded=1
1783352152.743024 publish topic=ipi/detector-output-to-ipi-weak-signal-run-1/latency/av-1/ack bytes=234 forwarded=1
1783352153.213080 publish topic=ipi/detector-output-to-ipi-weak-signal-run-1/latency/av-1/request bytes=25433 forwarded=1
1783352153.213789 publish topic=ipi/detector-output-to-ipi-weak-signal-run-1/latency/av-1/ack bytes=234 forwarded=1
1783352153.573503 publish topic=ipi/detector-output-to-ipi-weak-signal-run-1/latency/av-1/request bytes=25433 forwarded=1
1783352153.574246 publish topic=ipi/detector-output-to-ipi-weak-signal-run-1/latency/av-1/ack bytes=234 forwarded=1
1783352153.944156 publish topic=ipi/detector-output-to-ipi-weak-signal-run-1/latency/av-1/request bytes=25433 forwarded=1
1783352153.944829 publish topic=ipi/detector-output-to-ipi-weak-signal-run-1/latency/av-1/ack bytes=234 forwarded=1
1783352154.294698 publish topic=ipi/detector-output-to-ipi-weak-signal-run-1/latency/av-1/request bytes=25433 forwarded=1
1783352154.295378 publish topic=ipi/detector-output-to-ipi-weak-signal-run-1/latency/av-1/ack bytes=234 forwarded=1
1783352154.674947 publish topic=ipi/detector-output-to-ipi-weak-signal-run-1/latency/av-1/request bytes=25433 forwarded=1
1783352154.675608 publish topic=ipi/detector-output-to-ipi-weak-signal-run-1/latency/av-1/ack bytes=234 forwarded=1
1783352155.115585 publish topic=ipi/detector-output-to-ipi-weak-signal-run-1/latency/av-1/request bytes=25433 forwarded=1
1783352155.116219 publish topic=ipi/detector-output-to-ipi-weak-signal-run-1/latency/av-1/ack bytes=234 forwarded=1
1783352155.516211 publish topic=ipi/detector-output-to-ipi-weak-signal-run-1/latency/av-1/request bytes=25433 forwarded=1
1783352155.516909 publish topic=ipi/detector-output-to-ipi-weak-signal-run-1/latency/av-1/ack bytes=234 forwarded=1
1783352155.916708 publish topic=ipi/detector-output-to-ipi-weak-signal-run-1/latency/av-1/request bytes=25433 forwarded=1
1783352155.917486 publish topic=ipi/detector-output-to-ipi-weak-signal-run-1/latency/av-1/ack bytes=234 forwarded=1
1783352156.277267 publish topic=ipi/detector-output-to-ipi-weak-signal-run-1/latency/av-1/request bytes=25433 forwarded=1
1783352156.277978 publish topic=ipi/detector-output-to-ipi-weak-signal-run-1/latency/av-1/ack bytes=234 forwarded=1
1783352156.657952 publish topic=ipi/detector-output-to-ipi-weak-signal-run-1/latency/av-1/request bytes=25433 forwarded=1
1783352156.658726 publish topic=ipi/detector-output-to-ipi-weak-signal-run-1/latency/av-1/ack bytes=234 forwarded=1
1783352157.018329 publish topic=ipi/detector-output-to-ipi-weak-signal-run-1/latency/av-1/request bytes=25433 forwarded=1
1783352157.019095 publish topic=ipi/detector-output-to-ipi-weak-signal-run-1/latency/av-1/ack bytes=234 forwarded=1
1783352157.378716 publish topic=ipi/detector-output-to-ipi-weak-signal-run-1/latency/av-1/request bytes=25433 forwarded=1
1783352157.379451 publish topic=ipi/detector-output-to-ipi-weak-signal-run-1/latency/av-1/ack bytes=234 forwarded=1
1783352157.809500 publish topic=ipi/detector-output-to-ipi-weak-signal-run-1/latency/av-1/request bytes=25433 forwarded=1
1783352157.810246 publish topic=ipi/detector-output-to-ipi-weak-signal-run-1/latency/av-1/ack bytes=234 forwarded=1
1783352158.230035 publish topic=ipi/detector-output-to-ipi-weak-signal-run-1/latency/av-1/request bytes=25433 forwarded=1
1783352158.230708 publish topic=ipi/detector-output-to-ipi-weak-signal-run-1/latency/av-1/ack bytes=234 forwarded=1
1783352158.680755 publish topic=ipi/detector-output-to-ipi-weak-signal-run-1/latency/av-1/request bytes=25433 forwarded=1
1783352158.681429 publish topic=ipi/detector-output-to-ipi-weak-signal-run-1/latency/av-1/ack bytes=234 forwarded=1
1783352159.111627 publish topic=ipi/detector-output-to-ipi-weak-signal-run-1/latency/av-1/request bytes=25433 forwarded=1
1783352159.112369 publish topic=ipi/detector-output-to-ipi-weak-signal-run-1/latency/av-1/ack bytes=234 forwarded=1
1783352159.492204 publish topic=ipi/detector-output-to-ipi-weak-signal-run-1/latency/av-1/request bytes=25433 forwarded=1
1783352159.492953 publish topic=ipi/detector-output-to-ipi-weak-signal-run-1/latency/av-1/ack bytes=234 forwarded=1
1783352159.882889 publish topic=ipi/detector-output-to-ipi-weak-signal-run-1/latency/av-1/request bytes=25433 forwarded=1
1783352159.883631 publish topic=ipi/detector-output-to-ipi-weak-signal-run-1/latency/av-1/ack bytes=234 forwarded=1
1783352160.343623 publish topic=ipi/detector-output-to-ipi-weak-signal-run-1/latency/av-1/request bytes=25433 forwarded=1
1783352160.344373 publish topic=ipi/detector-output-to-ipi-weak-signal-run-1/latency/av-1/ack bytes=234 forwarded=1
1783352160.704294 publish topic=ipi/detector-output-to-ipi-weak-signal-run-1/latency/av-1/request bytes=25433 forwarded=1
1783352160.705003 publish topic=ipi/detector-output-to-ipi-weak-signal-run-1/latency/av-1/ack bytes=234 forwarded=1
1783352161.044672 publish topic=ipi/detector-output-to-ipi-weak-signal-run-1/latency/av-1/request bytes=25433 forwarded=1
1783352161.045405 publish topic=ipi/detector-output-to-ipi-weak-signal-run-1/latency/av-1/ack bytes=234 forwarded=1
1783352161.385258 publish topic=ipi/detector-output-to-ipi-weak-signal-run-1/latency/av-1/request bytes=25433 forwarded=1
1783352161.386101 publish topic=ipi/detector-output-to-ipi-weak-signal-run-1/latency/av-1/ack bytes=234 forwarded=1
1783352161.735404 publish topic=ipi/detector-output-to-ipi-weak-signal-run-1/latency/av-1/request bytes=25433 forwarded=1
1783352161.736104 publish topic=ipi/detector-output-to-ipi-weak-signal-run-1/latency/av-1/ack bytes=234 forwarded=1
1783352162.096096 publish topic=ipi/detector-output-to-ipi-weak-signal-run-1/latency/av-1/request bytes=25433 forwarded=1
1783352162.096788 publish topic=ipi/detector-output-to-ipi-weak-signal-run-1/latency/av-1/ack bytes=234 forwarded=1
1783352162.476700 publish topic=ipi/detector-output-to-ipi-weak-signal-run-1/latency/av-1/request bytes=25433 forwarded=1
1783352162.477437 publish topic=ipi/detector-output-to-ipi-weak-signal-run-1/latency/av-1/ack bytes=234 forwarded=1
1783352162.837077 publish topic=ipi/detector-output-to-ipi-weak-signal-run-1/latency/av-1/request bytes=25433 forwarded=1
1783352162.837882 publish topic=ipi/detector-output-to-ipi-weak-signal-run-1/latency/av-1/ack bytes=234 forwarded=1
1783352163.177417 publish topic=ipi/detector-output-to-ipi-weak-signal-run-1/latency/av-1/request bytes=25433 forwarded=1
1783352163.178089 publish topic=ipi/detector-output-to-ipi-weak-signal-run-1/latency/av-1/ack bytes=234 forwarded=1
1783352163.537911 publish topic=ipi/detector-output-to-ipi-weak-signal-run-1/latency/av-1/request bytes=25433 forwarded=1
1783352163.538669 publish topic=ipi/detector-output-to-ipi-weak-signal-run-1/latency/av-1/ack bytes=234 forwarded=1
1783352163.878481 publish topic=ipi/detector-output-to-ipi-weak-signal-run-1/latency/av-1/request bytes=25433 forwarded=1
1783352163.879182 publish topic=ipi/detector-output-to-ipi-weak-signal-run-1/latency/av-1/ack bytes=234 forwarded=1
1783352164.238749 publish topic=ipi/detector-output-to-ipi-weak-signal-run-1/latency/av-1/request bytes=25433 forwarded=1
1783352164.239487 publish topic=ipi/detector-output-to-ipi-weak-signal-run-1/latency/av-1/ack bytes=234 forwarded=1
1783352164.619281 publish topic=ipi/detector-output-to-ipi-weak-signal-run-1/latency/av-1/request bytes=25433 forwarded=1
1783352164.620035 publish topic=ipi/detector-output-to-ipi-weak-signal-run-1/latency/av-1/ack bytes=234 forwarded=1
1783352164.989835 publish topic=ipi/detector-output-to-ipi-weak-signal-run-1/latency/av-1/request bytes=25433 forwarded=1
1783352164.990553 publish topic=ipi/detector-output-to-ipi-weak-signal-run-1/latency/av-1/ack bytes=234 forwarded=1
1783352165.350344 publish topic=ipi/detector-output-to-ipi-weak-signal-run-1/latency/av-1/request bytes=25433 forwarded=1
1783352165.351192 publish topic=ipi/detector-output-to-ipi-weak-signal-run-1/latency/av-1/ack bytes=234 forwarded=1
1783352165.710685 publish topic=ipi/detector-output-to-ipi-weak-signal-run-1/latency/av-1/request bytes=25433 forwarded=1
1783352165.711427 publish topic=ipi/detector-output-to-ipi-weak-signal-run-1/latency/av-1/ack bytes=234 forwarded=1
1783352166.081171 publish topic=ipi/detector-output-to-ipi-weak-signal-run-1/latency/av-1/request bytes=25433 forwarded=1
1783352166.081841 publish topic=ipi/detector-output-to-ipi-weak-signal-run-1/latency/av-1/ack bytes=234 forwarded=1
1783352166.431602 publish topic=ipi/detector-output-to-ipi-weak-signal-run-1/latency/av-1/request bytes=25433 forwarded=1
1783352166.432355 publish topic=ipi/detector-output-to-ipi-weak-signal-run-1/latency/av-1/ack bytes=234 forwarded=1
1783352166.792345 publish topic=ipi/detector-output-to-ipi-weak-signal-run-1/latency/av-1/request bytes=25433 forwarded=1
1783352166.793112 publish topic=ipi/detector-output-to-ipi-weak-signal-run-1/latency/av-1/ack bytes=234 forwarded=1
1783352167.152529 publish topic=ipi/detector-output-to-ipi-weak-signal-run-1/latency/av-1/request bytes=25433 forwarded=1
1783352167.153243 publish topic=ipi/detector-output-to-ipi-weak-signal-run-1/latency/av-1/ack bytes=234 forwarded=1
1783352167.522998 publish topic=ipi/detector-output-to-ipi-weak-signal-run-1/latency/av-1/request bytes=25433 forwarded=1
1783352167.523768 publish topic=ipi/detector-output-to-ipi-weak-signal-run-1/latency/av-1/ack bytes=234 forwarded=1
1783352167.833567 publish topic=ipi/detector-output-to-ipi-weak-signal-run-1/latency/av-1/request bytes=25433 forwarded=1
1783352167.834242 publish topic=ipi/detector-output-to-ipi-weak-signal-run-1/latency/av-1/ack bytes=234 forwarded=1
1783352168.184077 publish topic=ipi/detector-output-to-ipi-weak-signal-run-1/latency/av-1/request bytes=25433 forwarded=1
1783352168.184830 publish topic=ipi/detector-output-to-ipi-weak-signal-run-1/latency/av-1/ack bytes=234 forwarded=1
1783352168.544368 publish topic=ipi/detector-output-to-ipi-weak-signal-run-1/latency/av-1/request bytes=25433 forwarded=1
1783352168.545101 publish topic=ipi/detector-output-to-ipi-weak-signal-run-1/latency/av-1/ack bytes=234 forwarded=1
1783352168.884733 publish topic=ipi/detector-output-to-ipi-weak-signal-run-1/latency/av-1/request bytes=25433 forwarded=1
1783352168.885110 publish topic=ipi/detector-output-to-ipi-weak-signal-run-1/latency/av-1/ack bytes=234 forwarded=1
1783352169.225440 publish topic=ipi/detector-output-to-ipi-weak-signal-run-1/latency/av-1/request bytes=25433 forwarded=1
1783352169.226129 publish topic=ipi/detector-output-to-ipi-weak-signal-run-1/latency/av-1/ack bytes=234 forwarded=1
1783352169.585746 publish topic=ipi/detector-output-to-ipi-weak-signal-run-1/latency/av-1/request bytes=25433 forwarded=1
1783352169.586576 publish topic=ipi/detector-output-to-ipi-weak-signal-run-1/latency/av-1/ack bytes=234 forwarded=1
1783352169.925997 publish topic=ipi/detector-output-to-ipi-weak-signal-run-1/latency/av-1/request bytes=25433 forwarded=1
1783352169.926639 publish topic=ipi/detector-output-to-ipi-weak-signal-run-1/latency/av-1/ack bytes=234 forwarded=1
1783352170.286433 publish topic=ipi/detector-output-to-ipi-weak-signal-run-1/latency/av-1/request bytes=25433 forwarded=1
1783352170.287130 publish topic=ipi/detector-output-to-ipi-weak-signal-run-1/latency/av-1/ack bytes=234 forwarded=1
1783352170.606925 publish topic=ipi/detector-output-to-ipi-weak-signal-run-1/latency/av-1/request bytes=25433 forwarded=1
1783352170.607659 publish topic=ipi/detector-output-to-ipi-weak-signal-run-1/latency/av-1/ack bytes=234 forwarded=1
1783352170.937339 publish topic=ipi/detector-output-to-ipi-weak-signal-run-1/latency/av-1/request bytes=25433 forwarded=1
1783352170.938021 publish topic=ipi/detector-output-to-ipi-weak-signal-run-1/latency/av-1/ack bytes=234 forwarded=1
1783352171.278053 publish topic=ipi/detector-output-to-ipi-weak-signal-run-1/latency/av-1/request bytes=25433 forwarded=1
1783352171.278790 publish topic=ipi/detector-output-to-ipi-weak-signal-run-1/latency/av-1/ack bytes=234 forwarded=1
1783352171.628411 publish topic=ipi/detector-output-to-ipi-weak-signal-run-1/latency/av-1/request bytes=25435 forwarded=1
1783352171.629152 publish topic=ipi/detector-output-to-ipi-weak-signal-run-1/latency/av-1/ack bytes=235 forwarded=1
1783352171.658349 close ('10.120.121.16', 48732) disconnect
1783352172.346227 close ('127.0.0.1', 38208) closed
