threaded mqtt broker listening on <private-ip>:1883
1786042831.796242 accept ('<private-ip>', 52612)
1786042831.805941 close ('<private-ip>', 52612) closed
1786042832.416872 accept ('<private-ip>', 46374)
1786042832.418218 subscribe ('<private-ip>', 46374) ipi/airspan-followup-c2-rep1/latency/veh-001/request
1786042942.036548 accept ('<private-ip>', 50316)
1786042942.066604 subscribe ('<private-ip>', 50316) ipi/airspan-followup-c2-rep1/latency/veh-001/ack
1786042942.186652 publish topic=ipi/airspan-followup-c2-rep1/latency/veh-001/request bytes=24293 forwarded=1
1786042942.186934 publish topic=ipi/airspan-followup-c2-rep1/latency/veh-001/ack bytes=238 forwarded=1
1786042942.497259 publish topic=ipi/airspan-followup-c2-rep1/latency/veh-001/request bytes=24293 forwarded=1
1786042942.497509 publish topic=ipi/airspan-followup-c2-rep1/latency/veh-001/ack bytes=238 forwarded=1
1786042942.798415 publish topic=ipi/airspan-followup-c2-rep1/latency/veh-001/request bytes=24293 forwarded=1
1786042942.799114 publish topic=ipi/airspan-followup-c2-rep1/latency/veh-001/ack bytes=238 forwarded=1
1786042943.128922 publish topic=ipi/airspan-followup-c2-rep1/latency/veh-001/request bytes=24293 forwarded=1
1786042943.129385 publish topic=ipi/airspan-followup-c2-rep1/latency/veh-001/ack bytes=238 forwarded=1
1786042943.439831 publish topic=ipi/airspan-followup-c2-rep1/latency/veh-001/request bytes=24293 forwarded=1
1786042943.440506 publish topic=ipi/airspan-followup-c2-rep1/latency/veh-001/ack bytes=238 forwarded=1
1786042943.750353 publish topic=ipi/airspan-followup-c2-rep1/latency/veh-001/request bytes=24293 forwarded=1
1786042943.751026 publish topic=ipi/airspan-followup-c2-rep1/latency/veh-001/ack bytes=238 forwarded=1
1786042944.071057 publish topic=ipi/airspan-followup-c2-rep1/latency/veh-001/request bytes=24293 forwarded=1
1786042944.071728 publish topic=ipi/airspan-followup-c2-rep1/latency/veh-001/ack bytes=238 forwarded=1
1786042944.391639 publish topic=ipi/airspan-followup-c2-rep1/latency/veh-001/request bytes=24293 forwarded=1
1786042944.393278 publish topic=ipi/airspan-followup-c2-rep1/latency/veh-001/ack bytes=238 forwarded=1
1786042944.712445 publish topic=ipi/airspan-followup-c2-rep1/latency/veh-001/request bytes=24293 forwarded=1
1786042944.713123 publish topic=ipi/airspan-followup-c2-rep1/latency/veh-001/ack bytes=238 forwarded=1
1786042945.033221 publish topic=ipi/airspan-followup-c2-rep1/latency/veh-001/request bytes=24295 forwarded=1
1786042945.033855 publish topic=ipi/airspan-followup-c2-rep1/latency/veh-001/ack bytes=239 forwarded=1
1786042945.343683 publish topic=ipi/airspan-followup-c2-rep1/latency/veh-001/request bytes=24295 forwarded=1
1786042945.344357 publish topic=ipi/airspan-followup-c2-rep1/latency/veh-001/ack bytes=239 forwarded=1
1786042945.654508 publish topic=ipi/airspan-followup-c2-rep1/latency/veh-001/request bytes=24295 forwarded=1
1786042945.655228 publish topic=ipi/airspan-followup-c2-rep1/latency/veh-001/ack bytes=239 forwarded=1
1786042945.985123 publish topic=ipi/airspan-followup-c2-rep1/latency/veh-001/request bytes=24295 forwarded=1
1786042945.985599 publish topic=ipi/airspan-followup-c2-rep1/latency/veh-001/ack bytes=239 forwarded=1
1786042946.295808 publish topic=ipi/airspan-followup-c2-rep1/latency/veh-001/request bytes=24295 forwarded=1
1786042946.296491 publish topic=ipi/airspan-followup-c2-rep1/latency/veh-001/ack bytes=239 forwarded=1
1786042946.626515 publish topic=ipi/airspan-followup-c2-rep1/latency/veh-001/request bytes=24295 forwarded=1
1786042946.627155 publish topic=ipi/airspan-followup-c2-rep1/latency/veh-001/ack bytes=239 forwarded=1
1786042946.926922 publish topic=ipi/airspan-followup-c2-rep1/latency/veh-001/request bytes=24295 forwarded=1
1786042946.927546 publish topic=ipi/airspan-followup-c2-rep1/latency/veh-001/ack bytes=239 forwarded=1
1786042947.217297 publish topic=ipi/airspan-followup-c2-rep1/latency/veh-001/request bytes=24295 forwarded=1
1786042947.217935 publish topic=ipi/airspan-followup-c2-rep1/latency/veh-001/ack bytes=239 forwarded=1
1786042947.517784 publish topic=ipi/airspan-followup-c2-rep1/latency/veh-001/request bytes=24295 forwarded=1
1786042947.518062 publish topic=ipi/airspan-followup-c2-rep1/latency/veh-001/ack bytes=239 forwarded=1
1786042947.838115 publish topic=ipi/airspan-followup-c2-rep1/latency/veh-001/request bytes=24295 forwarded=1
1786042947.838356 publish topic=ipi/airspan-followup-c2-rep1/latency/veh-001/ack bytes=239 forwarded=1
1786042948.148701 publish topic=ipi/airspan-followup-c2-rep1/latency/veh-001/request bytes=24295 forwarded=1
1786042948.149467 publish topic=ipi/airspan-followup-c2-rep1/latency/veh-001/ack bytes=239 forwarded=1
1786042948.449353 publish topic=ipi/airspan-followup-c2-rep1/latency/veh-001/request bytes=24295 forwarded=1
1786042948.450026 publish topic=ipi/airspan-followup-c2-rep1/latency/veh-001/ack bytes=239 forwarded=1
1786042948.759598 publish topic=ipi/airspan-followup-c2-rep1/latency/veh-001/request bytes=24295 forwarded=1
1786042948.760256 publish topic=ipi/airspan-followup-c2-rep1/latency/veh-001/ack bytes=239 forwarded=1
1786042949.090277 publish topic=ipi/airspan-followup-c2-rep1/latency/veh-001/request bytes=24295 forwarded=1
1786042949.090980 publish topic=ipi/airspan-followup-c2-rep1/latency/veh-001/ack bytes=239 forwarded=1
1786042949.461084 publish topic=ipi/airspan-followup-c2-rep1/latency/veh-001/request bytes=24295 forwarded=1
1786042949.461806 publish topic=ipi/airspan-followup-c2-rep1/latency/veh-001/ack bytes=239 forwarded=1
1786042949.831337 publish topic=ipi/airspan-followup-c2-rep1/latency/veh-001/request bytes=24295 forwarded=1
1786042949.832025 publish topic=ipi/airspan-followup-c2-rep1/latency/veh-001/ack bytes=239 forwarded=1
1786042950.572345 publish topic=ipi/airspan-followup-c2-rep1/latency/veh-001/request bytes=24295 forwarded=1
1786042950.573034 publish topic=ipi/airspan-followup-c2-rep1/latency/veh-001/ack bytes=239 forwarded=1
1786042950.882851 publish topic=ipi/airspan-followup-c2-rep1/latency/veh-001/request bytes=24295 forwarded=1
1786042950.883560 publish topic=ipi/airspan-followup-c2-rep1/latency/veh-001/ack bytes=239 forwarded=1
1786042951.193365 publish topic=ipi/airspan-followup-c2-rep1/latency/veh-001/request bytes=24295 forwarded=1
1786042951.193871 publish topic=ipi/airspan-followup-c2-rep1/latency/veh-001/ack bytes=239 forwarded=1
1786042951.483902 publish topic=ipi/airspan-followup-c2-rep1/latency/veh-001/request bytes=24295 forwarded=1
1786042951.484685 publish topic=ipi/airspan-followup-c2-rep1/latency/veh-001/ack bytes=239 forwarded=1
1786042951.784297 publish topic=ipi/airspan-followup-c2-rep1/latency/veh-001/request bytes=24295 forwarded=1
1786042951.785024 publish topic=ipi/airspan-followup-c2-rep1/latency/veh-001/ack bytes=239 forwarded=1
1786042952.144618 publish topic=ipi/airspan-followup-c2-rep1/latency/veh-001/request bytes=24295 forwarded=1
1786042952.144975 publish topic=ipi/airspan-followup-c2-rep1/latency/veh-001/ack bytes=239 forwarded=1
1786042952.445301 publish topic=ipi/airspan-followup-c2-rep1/latency/veh-001/request bytes=24295 forwarded=1
1786042952.445965 publish topic=ipi/airspan-followup-c2-rep1/latency/veh-001/ack bytes=239 forwarded=1
1786042952.745469 publish topic=ipi/airspan-followup-c2-rep1/latency/veh-001/request bytes=24295 forwarded=1
1786042952.745736 publish topic=ipi/airspan-followup-c2-rep1/latency/veh-001/ack bytes=239 forwarded=1
1786042953.055843 publish topic=ipi/airspan-followup-c2-rep1/latency/veh-001/request bytes=24295 forwarded=1
1786042953.056136 publish topic=ipi/airspan-followup-c2-rep1/latency/veh-001/ack bytes=239 forwarded=1
1786042953.506823 publish topic=ipi/airspan-followup-c2-rep1/latency/veh-001/request bytes=24295 forwarded=1
1786042953.507472 publish topic=ipi/airspan-followup-c2-rep1/latency/veh-001/ack bytes=239 forwarded=1
1786042954.127857 publish topic=ipi/airspan-followup-c2-rep1/latency/veh-001/request bytes=24295 forwarded=1
1786042954.128201 publish topic=ipi/airspan-followup-c2-rep1/latency/veh-001/ack bytes=239 forwarded=1
1786042954.468414 publish topic=ipi/airspan-followup-c2-rep1/latency/veh-001/request bytes=24295 forwarded=1
1786042954.468789 publish topic=ipi/airspan-followup-c2-rep1/latency/veh-001/ack bytes=239 forwarded=1
1786042954.808928 publish topic=ipi/airspan-followup-c2-rep1/latency/veh-001/request bytes=24295 forwarded=1
1786042954.809568 publish topic=ipi/airspan-followup-c2-rep1/latency/veh-001/ack bytes=239 forwarded=1
1786042955.129453 publish topic=ipi/airspan-followup-c2-rep1/latency/veh-001/request bytes=24295 forwarded=1
1786042955.130121 publish topic=ipi/airspan-followup-c2-rep1/latency/veh-001/ack bytes=239 forwarded=1
1786042955.450263 publish topic=ipi/airspan-followup-c2-rep1/latency/veh-001/request bytes=24295 forwarded=1
1786042955.450926 publish topic=ipi/airspan-followup-c2-rep1/latency/veh-001/ack bytes=239 forwarded=1
1786042955.750573 publish topic=ipi/airspan-followup-c2-rep1/latency/veh-001/request bytes=24295 forwarded=1
1786042955.751252 publish topic=ipi/airspan-followup-c2-rep1/latency/veh-001/ack bytes=239 forwarded=1
1786042956.100950 publish topic=ipi/airspan-followup-c2-rep1/latency/veh-001/request bytes=24295 forwarded=1
1786042956.101351 publish topic=ipi/airspan-followup-c2-rep1/latency/veh-001/ack bytes=239 forwarded=1
1786042956.421585 publish topic=ipi/airspan-followup-c2-rep1/latency/veh-001/request bytes=24295 forwarded=1
1786042956.422262 publish topic=ipi/airspan-followup-c2-rep1/latency/veh-001/ack bytes=239 forwarded=1
1786042956.742074 publish topic=ipi/airspan-followup-c2-rep1/latency/veh-001/request bytes=24295 forwarded=1
1786042956.742768 publish topic=ipi/airspan-followup-c2-rep1/latency/veh-001/ack bytes=239 forwarded=1
1786042957.062619 publish topic=ipi/airspan-followup-c2-rep1/latency/veh-001/request bytes=24295 forwarded=1
1786042957.063324 publish topic=ipi/airspan-followup-c2-rep1/latency/veh-001/ack bytes=239 forwarded=1
1786042957.362950 publish topic=ipi/airspan-followup-c2-rep1/latency/veh-001/request bytes=24295 forwarded=1
1786042957.363647 publish topic=ipi/airspan-followup-c2-rep1/latency/veh-001/ack bytes=239 forwarded=1
1786042957.673352 publish topic=ipi/airspan-followup-c2-rep1/latency/veh-001/request bytes=24295 forwarded=1
1786042957.674044 publish topic=ipi/airspan-followup-c2-rep1/latency/veh-001/ack bytes=239 forwarded=1
1786042957.983898 publish topic=ipi/airspan-followup-c2-rep1/latency/veh-001/request bytes=24295 forwarded=1
1786042957.984515 publish topic=ipi/airspan-followup-c2-rep1/latency/veh-001/ack bytes=239 forwarded=1
1786042958.334169 publish topic=ipi/airspan-followup-c2-rep1/latency/veh-001/request bytes=24295 forwarded=1
1786042958.334669 publish topic=ipi/airspan-followup-c2-rep1/latency/veh-001/ack bytes=239 forwarded=1
1786042958.705075 publish topic=ipi/airspan-followup-c2-rep1/latency/veh-001/request bytes=24295 forwarded=1
1786042958.705790 publish topic=ipi/airspan-followup-c2-rep1/latency/veh-001/ack bytes=239 forwarded=1
1786042959.055462 publish topic=ipi/airspan-followup-c2-rep1/latency/veh-001/request bytes=24295 forwarded=1
1786042959.056155 publish topic=ipi/airspan-followup-c2-rep1/latency/veh-001/ack bytes=239 forwarded=1
1786042959.395963 publish topic=ipi/airspan-followup-c2-rep1/latency/veh-001/request bytes=24295 forwarded=1
1786042959.396592 publish topic=ipi/airspan-followup-c2-rep1/latency/veh-001/ack bytes=239 forwarded=1
1786042959.706622 publish topic=ipi/airspan-followup-c2-rep1/latency/veh-001/request bytes=24295 forwarded=1
1786042959.707319 publish topic=ipi/airspan-followup-c2-rep1/latency/veh-001/ack bytes=239 forwarded=1
1786042960.016763 publish topic=ipi/airspan-followup-c2-rep1/latency/veh-001/request bytes=24295 forwarded=1
1786042960.017440 publish topic=ipi/airspan-followup-c2-rep1/latency/veh-001/ack bytes=239 forwarded=1
1786042960.327504 publish topic=ipi/airspan-followup-c2-rep1/latency/veh-001/request bytes=24295 forwarded=1
1786042960.328208 publish topic=ipi/airspan-followup-c2-rep1/latency/veh-001/ack bytes=239 forwarded=1
1786042960.647941 publish topic=ipi/airspan-followup-c2-rep1/latency/veh-001/request bytes=24295 forwarded=1
1786042960.648324 publish topic=ipi/airspan-followup-c2-rep1/latency/veh-001/ack bytes=239 forwarded=1
1786042960.968340 publish topic=ipi/airspan-followup-c2-rep1/latency/veh-001/request bytes=24295 forwarded=1
1786042960.969072 publish topic=ipi/airspan-followup-c2-rep1/latency/veh-001/ack bytes=239 forwarded=1
1786042961.269063 publish topic=ipi/airspan-followup-c2-rep1/latency/veh-001/request bytes=24295 forwarded=1
1786042961.269759 publish topic=ipi/airspan-followup-c2-rep1/latency/veh-001/ack bytes=239 forwarded=1
1786042961.569438 publish topic=ipi/airspan-followup-c2-rep1/latency/veh-001/request bytes=24295 forwarded=1
1786042961.570076 publish topic=ipi/airspan-followup-c2-rep1/latency/veh-001/ack bytes=239 forwarded=1
1786042961.899785 publish topic=ipi/airspan-followup-c2-rep1/latency/veh-001/request bytes=24295 forwarded=1
1786042961.900078 publish topic=ipi/airspan-followup-c2-rep1/latency/veh-001/ack bytes=239 forwarded=1
1786042962.220502 publish topic=ipi/airspan-followup-c2-rep1/latency/veh-001/request bytes=24295 forwarded=1
1786042962.221210 publish topic=ipi/airspan-followup-c2-rep1/latency/veh-001/ack bytes=239 forwarded=1
1786042962.520662 publish topic=ipi/airspan-followup-c2-rep1/latency/veh-001/request bytes=24295 forwarded=1
1786042962.521403 publish topic=ipi/airspan-followup-c2-rep1/latency/veh-001/ack bytes=239 forwarded=1
1786042962.821120 publish topic=ipi/airspan-followup-c2-rep1/latency/veh-001/request bytes=24295 forwarded=1
1786042962.821789 publish topic=ipi/airspan-followup-c2-rep1/latency/veh-001/ack bytes=239 forwarded=1
1786042963.141716 publish topic=ipi/airspan-followup-c2-rep1/latency/veh-001/request bytes=24295 forwarded=1
1786042963.142403 publish topic=ipi/airspan-followup-c2-rep1/latency/veh-001/ack bytes=239 forwarded=1
1786042963.482105 publish topic=ipi/airspan-followup-c2-rep1/latency/veh-001/request bytes=24295 forwarded=1
1786042963.482481 publish topic=ipi/airspan-followup-c2-rep1/latency/veh-001/ack bytes=239 forwarded=1
1786042963.782793 publish topic=ipi/airspan-followup-c2-rep1/latency/veh-001/request bytes=24295 forwarded=1
1786042963.783440 publish topic=ipi/airspan-followup-c2-rep1/latency/veh-001/ack bytes=239 forwarded=1
1786042964.093131 publish topic=ipi/airspan-followup-c2-rep1/latency/veh-001/request bytes=24295 forwarded=1
1786042964.093791 publish topic=ipi/airspan-followup-c2-rep1/latency/veh-001/ack bytes=239 forwarded=1
1786042964.413247 publish topic=ipi/airspan-followup-c2-rep1/latency/veh-001/request bytes=24295 forwarded=1
1786042964.413521 publish topic=ipi/airspan-followup-c2-rep1/latency/veh-001/ack bytes=239 forwarded=1
1786042964.724151 publish topic=ipi/airspan-followup-c2-rep1/latency/veh-001/request bytes=24295 forwarded=1
1786042964.724838 publish topic=ipi/airspan-followup-c2-rep1/latency/veh-001/ack bytes=239 forwarded=1
1786042965.024475 publish topic=ipi/airspan-followup-c2-rep1/latency/veh-001/request bytes=24295 forwarded=1
1786042965.025140 publish topic=ipi/airspan-followup-c2-rep1/latency/veh-001/ack bytes=239 forwarded=1
1786042965.405093 publish topic=ipi/airspan-followup-c2-rep1/latency/veh-001/request bytes=24295 forwarded=1
1786042965.405770 publish topic=ipi/airspan-followup-c2-rep1/latency/veh-001/ack bytes=239 forwarded=1
1786042965.765448 publish topic=ipi/airspan-followup-c2-rep1/latency/veh-001/request bytes=24295 forwarded=1
1786042965.765679 publish topic=ipi/airspan-followup-c2-rep1/latency/veh-001/ack bytes=239 forwarded=1
1786042966.086150 publish topic=ipi/airspan-followup-c2-rep1/latency/veh-001/request bytes=24295 forwarded=1
1786042966.086826 publish topic=ipi/airspan-followup-c2-rep1/latency/veh-001/ack bytes=239 forwarded=1
1786042966.416551 publish topic=ipi/airspan-followup-c2-rep1/latency/veh-001/request bytes=24295 forwarded=1
1786042966.417308 publish topic=ipi/airspan-followup-c2-rep1/latency/veh-001/ack bytes=239 forwarded=1
1786042966.746807 publish topic=ipi/airspan-followup-c2-rep1/latency/veh-001/request bytes=24295 forwarded=1
1786042966.747131 publish topic=ipi/airspan-followup-c2-rep1/latency/veh-001/ack bytes=239 forwarded=1
1786042967.057602 publish topic=ipi/airspan-followup-c2-rep1/latency/veh-001/request bytes=24295 forwarded=1
1786042967.058412 publish topic=ipi/airspan-followup-c2-rep1/latency/veh-001/ack bytes=239 forwarded=1
1786042967.407912 publish topic=ipi/airspan-followup-c2-rep1/latency/veh-001/request bytes=24295 forwarded=1
1786042967.408232 publish topic=ipi/airspan-followup-c2-rep1/latency/veh-001/ack bytes=239 forwarded=1
1786042967.728556 publish topic=ipi/airspan-followup-c2-rep1/latency/veh-001/request bytes=24295 forwarded=1
1786042967.729385 publish topic=ipi/airspan-followup-c2-rep1/latency/veh-001/ack bytes=239 forwarded=1
1786042968.058922 publish topic=ipi/airspan-followup-c2-rep1/latency/veh-001/request bytes=24295 forwarded=1
1786042968.059575 publish topic=ipi/airspan-followup-c2-rep1/latency/veh-001/ack bytes=239 forwarded=1
1786042968.409784 publish topic=ipi/airspan-followup-c2-rep1/latency/veh-001/request bytes=24295 forwarded=1
1786042968.410454 publish topic=ipi/airspan-followup-c2-rep1/latency/veh-001/ack bytes=239 forwarded=1
1786042968.720030 publish topic=ipi/airspan-followup-c2-rep1/latency/veh-001/request bytes=24295 forwarded=1
1786042968.720339 publish topic=ipi/airspan-followup-c2-rep1/latency/veh-001/ack bytes=239 forwarded=1
1786042969.030546 publish topic=ipi/airspan-followup-c2-rep1/latency/veh-001/request bytes=24295 forwarded=1
1786042969.031220 publish topic=ipi/airspan-followup-c2-rep1/latency/veh-001/ack bytes=239 forwarded=1
1786042969.341111 publish topic=ipi/airspan-followup-c2-rep1/latency/veh-001/request bytes=24295 forwarded=1
1786042969.341704 publish topic=ipi/airspan-followup-c2-rep1/latency/veh-001/ack bytes=239 forwarded=1
1786042969.671263 publish topic=ipi/airspan-followup-c2-rep1/latency/veh-001/request bytes=24295 forwarded=1
1786042969.671511 publish topic=ipi/airspan-followup-c2-rep1/latency/veh-001/ack bytes=239 forwarded=1
1786042970.012240 publish topic=ipi/airspan-followup-c2-rep1/latency/veh-001/request bytes=24295 forwarded=1
1786042970.012945 publish topic=ipi/airspan-followup-c2-rep1/latency/veh-001/ack bytes=239 forwarded=1
1786042970.342636 publish topic=ipi/airspan-followup-c2-rep1/latency/veh-001/request bytes=24295 forwarded=1
1786042970.343277 publish topic=ipi/airspan-followup-c2-rep1/latency/veh-001/ack bytes=239 forwarded=1
1786042970.672940 publish topic=ipi/airspan-followup-c2-rep1/latency/veh-001/request bytes=24295 forwarded=1
1786042970.673683 publish topic=ipi/airspan-followup-c2-rep1/latency/veh-001/ack bytes=239 forwarded=1
1786042971.023585 publish topic=ipi/airspan-followup-c2-rep1/latency/veh-001/request bytes=24295 forwarded=1
1786042971.024217 publish topic=ipi/airspan-followup-c2-rep1/latency/veh-001/ack bytes=239 forwarded=1
1786042971.364021 publish topic=ipi/airspan-followup-c2-rep1/latency/veh-001/request bytes=24295 forwarded=1
1786042971.364527 publish topic=ipi/airspan-followup-c2-rep1/latency/veh-001/ack bytes=239 forwarded=1
1786042971.724593 publish topic=ipi/airspan-followup-c2-rep1/latency/veh-001/request bytes=24295 forwarded=1
1786042971.724975 publish topic=ipi/airspan-followup-c2-rep1/latency/veh-001/ack bytes=239 forwarded=1
1786042972.045192 publish topic=ipi/airspan-followup-c2-rep1/latency/veh-001/request bytes=24295 forwarded=1
1786042972.045982 publish topic=ipi/airspan-followup-c2-rep1/latency/veh-001/ack bytes=239 forwarded=1
1786042972.345836 publish topic=ipi/airspan-followup-c2-rep1/latency/veh-001/request bytes=24295 forwarded=1
1786042972.346607 publish topic=ipi/airspan-followup-c2-rep1/latency/veh-001/ack bytes=239 forwarded=1
1786042972.656242 publish topic=ipi/airspan-followup-c2-rep1/latency/veh-001/request bytes=24295 forwarded=1
1786042972.656944 publish topic=ipi/airspan-followup-c2-rep1/latency/veh-001/ack bytes=239 forwarded=1
1786042972.966644 publish topic=ipi/airspan-followup-c2-rep1/latency/veh-001/request bytes=24295 forwarded=1
1786042972.967373 publish topic=ipi/airspan-followup-c2-rep1/latency/veh-001/ack bytes=239 forwarded=1
1786042973.287299 publish topic=ipi/airspan-followup-c2-rep1/latency/veh-001/request bytes=24295 forwarded=1
1786042973.287969 publish topic=ipi/airspan-followup-c2-rep1/latency/veh-001/ack bytes=239 forwarded=1
1786042973.597415 publish topic=ipi/airspan-followup-c2-rep1/latency/veh-001/request bytes=24295 forwarded=1
1786042973.597787 publish topic=ipi/airspan-followup-c2-rep1/latency/veh-001/ack bytes=239 forwarded=1
1786042973.907996 publish topic=ipi/airspan-followup-c2-rep1/latency/veh-001/request bytes=24295 forwarded=1
1786042973.908285 publish topic=ipi/airspan-followup-c2-rep1/latency/veh-001/ack bytes=239 forwarded=1
1786042974.248635 publish topic=ipi/airspan-followup-c2-rep1/latency/veh-001/request bytes=24295 forwarded=1
1786042974.249339 publish topic=ipi/airspan-followup-c2-rep1/latency/veh-001/ack bytes=239 forwarded=1
1786042974.569125 publish topic=ipi/airspan-followup-c2-rep1/latency/veh-001/request bytes=24295 forwarded=1
1786042974.569782 publish topic=ipi/airspan-followup-c2-rep1/latency/veh-001/ack bytes=239 forwarded=1
1786042974.909606 publish topic=ipi/airspan-followup-c2-rep1/latency/veh-001/request bytes=24297 forwarded=1
1786042974.909927 publish topic=ipi/airspan-followup-c2-rep1/latency/veh-001/ack bytes=240 forwarded=1
1786042975.209929 publish topic=ipi/airspan-followup-c2-rep1/latency/veh-001/request bytes=24297 forwarded=1
1786042975.210289 publish topic=ipi/airspan-followup-c2-rep1/latency/veh-001/ack bytes=240 forwarded=1
1786042975.510796 publish topic=ipi/airspan-followup-c2-rep1/latency/veh-001/request bytes=24297 forwarded=1
1786042975.511438 publish topic=ipi/airspan-followup-c2-rep1/latency/veh-001/ack bytes=240 forwarded=1
1786042975.811233 publish topic=ipi/airspan-followup-c2-rep1/latency/veh-001/request bytes=24297 forwarded=1
1786042975.811938 publish topic=ipi/airspan-followup-c2-rep1/latency/veh-001/ack bytes=240 forwarded=1
1786042976.101320 publish topic=ipi/airspan-followup-c2-rep1/latency/veh-001/request bytes=24297 forwarded=1
1786042976.101614 publish topic=ipi/airspan-followup-c2-rep1/latency/veh-001/ack bytes=240 forwarded=1
1786042976.421948 publish topic=ipi/airspan-followup-c2-rep1/latency/veh-001/request bytes=24297 forwarded=1
1786042976.422415 publish topic=ipi/airspan-followup-c2-rep1/latency/veh-001/ack bytes=240 forwarded=1
1786042976.782903 publish topic=ipi/airspan-followup-c2-rep1/latency/veh-001/request bytes=24297 forwarded=1
1786042976.783574 publish topic=ipi/airspan-followup-c2-rep1/latency/veh-001/ack bytes=240 forwarded=1
1786042977.103245 publish topic=ipi/airspan-followup-c2-rep1/latency/veh-001/request bytes=24297 forwarded=1
1786042977.103900 publish topic=ipi/airspan-followup-c2-rep1/latency/veh-001/ack bytes=240 forwarded=1
1786042977.433672 publish topic=ipi/airspan-followup-c2-rep1/latency/veh-001/request bytes=24297 forwarded=1
1786042977.434347 publish topic=ipi/airspan-followup-c2-rep1/latency/veh-001/ack bytes=240 forwarded=1
1786042977.764121 publish topic=ipi/airspan-followup-c2-rep1/latency/veh-001/request bytes=24297 forwarded=1
1786042977.764798 publish topic=ipi/airspan-followup-c2-rep1/latency/veh-001/ack bytes=240 forwarded=1
1786042978.104421 publish topic=ipi/airspan-followup-c2-rep1/latency/veh-001/request bytes=24297 forwarded=1
1786042978.104748 publish topic=ipi/airspan-followup-c2-rep1/latency/veh-001/ack bytes=240 forwarded=1
1786042978.455217 publish topic=ipi/airspan-followup-c2-rep1/latency/veh-001/request bytes=24297 forwarded=1
1786042978.455843 publish topic=ipi/airspan-followup-c2-rep1/latency/veh-001/ack bytes=240 forwarded=1
1786042978.785509 publish topic=ipi/airspan-followup-c2-rep1/latency/veh-001/request bytes=24297 forwarded=1
1786042978.786174 publish topic=ipi/airspan-followup-c2-rep1/latency/veh-001/ack bytes=240 forwarded=1
1786042979.085903 publish topic=ipi/airspan-followup-c2-rep1/latency/veh-001/request bytes=24297 forwarded=1
1786042979.086212 publish topic=ipi/airspan-followup-c2-rep1/latency/veh-001/ack bytes=240 forwarded=1
1786042979.396816 publish topic=ipi/airspan-followup-c2-rep1/latency/veh-001/request bytes=24297 forwarded=1
1786042979.397485 publish topic=ipi/airspan-followup-c2-rep1/latency/veh-001/ack bytes=240 forwarded=1
1786042979.787199 publish topic=ipi/airspan-followup-c2-rep1/latency/veh-001/request bytes=24297 forwarded=1
1786042979.787495 publish topic=ipi/airspan-followup-c2-rep1/latency/veh-001/ack bytes=240 forwarded=1
1786042980.128042 publish topic=ipi/airspan-followup-c2-rep1/latency/veh-001/request bytes=24297 forwarded=1
1786042980.128779 publish topic=ipi/airspan-followup-c2-rep1/latency/veh-001/ack bytes=240 forwarded=1
1786042980.448731 publish topic=ipi/airspan-followup-c2-rep1/latency/veh-001/request bytes=24297 forwarded=1
1786042980.449422 publish topic=ipi/airspan-followup-c2-rep1/latency/veh-001/ack bytes=240 forwarded=1
1786042980.769106 publish topic=ipi/airspan-followup-c2-rep1/latency/veh-001/request bytes=24297 forwarded=1
1786042980.769794 publish topic=ipi/airspan-followup-c2-rep1/latency/veh-001/ack bytes=240 forwarded=1
1786042981.109312 publish topic=ipi/airspan-followup-c2-rep1/latency/veh-001/request bytes=24297 forwarded=1
1786042981.109953 publish topic=ipi/airspan-followup-c2-rep1/latency/veh-001/ack bytes=240 forwarded=1
1786042981.459936 publish topic=ipi/airspan-followup-c2-rep1/latency/veh-001/request bytes=24297 forwarded=1
1786042981.460688 publish topic=ipi/airspan-followup-c2-rep1/latency/veh-001/ack bytes=240 forwarded=1
1786042981.810338 publish topic=ipi/airspan-followup-c2-rep1/latency/veh-001/request bytes=24297 forwarded=1
1786042981.810970 publish topic=ipi/airspan-followup-c2-rep1/latency/veh-001/ack bytes=240 forwarded=1
1786042982.151009 publish topic=ipi/airspan-followup-c2-rep1/latency/veh-001/request bytes=24297 forwarded=1
1786042982.151647 publish topic=ipi/airspan-followup-c2-rep1/latency/veh-001/ack bytes=240 forwarded=1
1786042982.461632 publish topic=ipi/airspan-followup-c2-rep1/latency/veh-001/request bytes=24297 forwarded=1
1786042982.462291 publish topic=ipi/airspan-followup-c2-rep1/latency/veh-001/ack bytes=240 forwarded=1
1786042982.752060 publish topic=ipi/airspan-followup-c2-rep1/latency/veh-001/request bytes=24297 forwarded=1
1786042982.752492 publish topic=ipi/airspan-followup-c2-rep1/latency/veh-001/ack bytes=240 forwarded=1
1786042983.072067 publish topic=ipi/airspan-followup-c2-rep1/latency/veh-001/request bytes=24297 forwarded=1
1786042983.072581 publish topic=ipi/airspan-followup-c2-rep1/latency/veh-001/ack bytes=240 forwarded=1
1786042983.382645 publish topic=ipi/airspan-followup-c2-rep1/latency/veh-001/request bytes=24297 forwarded=1
1786042983.382941 publish topic=ipi/airspan-followup-c2-rep1/latency/veh-001/ack bytes=240 forwarded=1
1786042983.693146 publish topic=ipi/airspan-followup-c2-rep1/latency/veh-001/request bytes=24297 forwarded=1
1786042983.693861 publish topic=ipi/airspan-followup-c2-rep1/latency/veh-001/ack bytes=240 forwarded=1
1786042984.003940 publish topic=ipi/airspan-followup-c2-rep1/latency/veh-001/request bytes=24297 forwarded=1
1786042984.004647 publish topic=ipi/airspan-followup-c2-rep1/latency/veh-001/ack bytes=240 forwarded=1
1786042984.334436 publish topic=ipi/airspan-followup-c2-rep1/latency/veh-001/request bytes=24297 forwarded=1
1786042984.335106 publish topic=ipi/airspan-followup-c2-rep1/latency/veh-001/ack bytes=240 forwarded=1
1786042984.674764 publish topic=ipi/airspan-followup-c2-rep1/latency/veh-001/request bytes=24297 forwarded=1
1786042984.675455 publish topic=ipi/airspan-followup-c2-rep1/latency/veh-001/ack bytes=240 forwarded=1
1786042984.985225 publish topic=ipi/airspan-followup-c2-rep1/latency/veh-001/request bytes=24297 forwarded=1
1786042984.985916 publish topic=ipi/airspan-followup-c2-rep1/latency/veh-001/ack bytes=240 forwarded=1
1786042985.345930 publish topic=ipi/airspan-followup-c2-rep1/latency/veh-001/request bytes=24297 forwarded=1
1786042985.346616 publish topic=ipi/airspan-followup-c2-rep1/latency/veh-001/ack bytes=240 forwarded=1
1786042985.686263 publish topic=ipi/airspan-followup-c2-rep1/latency/veh-001/request bytes=24297 forwarded=1
1786042985.686994 publish topic=ipi/airspan-followup-c2-rep1/latency/veh-001/ack bytes=240 forwarded=1
1786042986.016625 publish topic=ipi/airspan-followup-c2-rep1/latency/veh-001/request bytes=24297 forwarded=1
1786042986.016970 publish topic=ipi/airspan-followup-c2-rep1/latency/veh-001/ack bytes=240 forwarded=1
1786042986.367518 publish topic=ipi/airspan-followup-c2-rep1/latency/veh-001/request bytes=24297 forwarded=1
1786042986.368217 publish topic=ipi/airspan-followup-c2-rep1/latency/veh-001/ack bytes=240 forwarded=1
1786042986.697989 publish topic=ipi/airspan-followup-c2-rep1/latency/veh-001/request bytes=24297 forwarded=1
1786042986.698696 publish topic=ipi/airspan-followup-c2-rep1/latency/veh-001/ack bytes=240 forwarded=1
1786042987.018505 publish topic=ipi/airspan-followup-c2-rep1/latency/veh-001/request bytes=24297 forwarded=1
1786042987.019207 publish topic=ipi/airspan-followup-c2-rep1/latency/veh-001/ack bytes=240 forwarded=1
1786042987.339062 publish topic=ipi/airspan-followup-c2-rep1/latency/veh-001/request bytes=24297 forwarded=1
1786042987.339765 publish topic=ipi/airspan-followup-c2-rep1/latency/veh-001/ack bytes=240 forwarded=1
1786042987.649286 publish topic=ipi/airspan-followup-c2-rep1/latency/veh-001/request bytes=24297 forwarded=1
1786042987.649947 publish topic=ipi/airspan-followup-c2-rep1/latency/veh-001/ack bytes=240 forwarded=1
1786042987.959897 publish topic=ipi/airspan-followup-c2-rep1/latency/veh-001/request bytes=24297 forwarded=1
1786042987.960567 publish topic=ipi/airspan-followup-c2-rep1/latency/veh-001/ack bytes=240 forwarded=1
1786042988.260188 publish topic=ipi/airspan-followup-c2-rep1/latency/veh-001/request bytes=24297 forwarded=1
1786042988.260485 publish topic=ipi/airspan-followup-c2-rep1/latency/veh-001/ack bytes=240 forwarded=1
1786042988.570366 publish topic=ipi/airspan-followup-c2-rep1/latency/veh-001/request bytes=24297 forwarded=1
1786042988.570667 publish topic=ipi/airspan-followup-c2-rep1/latency/veh-001/ack bytes=240 forwarded=1
1786042988.871036 publish topic=ipi/airspan-followup-c2-rep1/latency/veh-001/request bytes=24297 forwarded=1
1786042988.871690 publish topic=ipi/airspan-followup-c2-rep1/latency/veh-001/ack bytes=240 forwarded=1
1786042989.171271 publish topic=ipi/airspan-followup-c2-rep1/latency/veh-001/request bytes=24297 forwarded=1
1786042989.171896 publish topic=ipi/airspan-followup-c2-rep1/latency/veh-001/ack bytes=240 forwarded=1
1786042989.491821 publish topic=ipi/airspan-followup-c2-rep1/latency/veh-001/request bytes=24297 forwarded=1
1786042989.492463 publish topic=ipi/airspan-followup-c2-rep1/latency/veh-001/ack bytes=240 forwarded=1
1786042989.832395 publish topic=ipi/airspan-followup-c2-rep1/latency/veh-001/request bytes=24297 forwarded=1
1786042989.833086 publish topic=ipi/airspan-followup-c2-rep1/latency/veh-001/ack bytes=240 forwarded=1
1786042990.162611 publish topic=ipi/airspan-followup-c2-rep1/latency/veh-001/request bytes=24297 forwarded=1
1786042990.163170 publish topic=ipi/airspan-followup-c2-rep1/latency/veh-001/ack bytes=240 forwarded=1
1786042990.493102 publish topic=ipi/airspan-followup-c2-rep1/latency/veh-001/request bytes=24297 forwarded=1
1786042990.493472 publish topic=ipi/airspan-followup-c2-rep1/latency/veh-001/ack bytes=240 forwarded=1
1786042990.833811 publish topic=ipi/airspan-followup-c2-rep1/latency/veh-001/request bytes=24297 forwarded=1
1786042990.834487 publish topic=ipi/airspan-followup-c2-rep1/latency/veh-001/ack bytes=240 forwarded=1
1786042991.144254 publish topic=ipi/airspan-followup-c2-rep1/latency/veh-001/request bytes=24297 forwarded=1
1786042991.144977 publish topic=ipi/airspan-followup-c2-rep1/latency/veh-001/ack bytes=240 forwarded=1
1786042991.464740 publish topic=ipi/airspan-followup-c2-rep1/latency/veh-001/request bytes=24297 forwarded=1
1786042991.465398 publish topic=ipi/airspan-followup-c2-rep1/latency/veh-001/ack bytes=240 forwarded=1
1786042991.774937 publish topic=ipi/airspan-followup-c2-rep1/latency/veh-001/request bytes=24297 forwarded=1
1786042991.775578 publish topic=ipi/airspan-followup-c2-rep1/latency/veh-001/ack bytes=240 forwarded=1
1786042992.085285 publish topic=ipi/airspan-followup-c2-rep1/latency/veh-001/request bytes=24297 forwarded=1
1786042992.085536 publish topic=ipi/airspan-followup-c2-rep1/latency/veh-001/ack bytes=240 forwarded=1
1786042992.405997 publish topic=ipi/airspan-followup-c2-rep1/latency/veh-001/request bytes=24297 forwarded=1
1786042992.406654 publish topic=ipi/airspan-followup-c2-rep1/latency/veh-001/ack bytes=240 forwarded=1
1786042992.736094 publish topic=ipi/airspan-followup-c2-rep1/latency/veh-001/request bytes=24297 forwarded=1
1786042992.736467 publish topic=ipi/airspan-followup-c2-rep1/latency/veh-001/ack bytes=240 forwarded=1
1786042993.056560 publish topic=ipi/airspan-followup-c2-rep1/latency/veh-001/request bytes=24297 forwarded=1
1786042993.057295 publish topic=ipi/airspan-followup-c2-rep1/latency/veh-001/ack bytes=240 forwarded=1
1786042993.357180 publish topic=ipi/airspan-followup-c2-rep1/latency/veh-001/request bytes=24297 forwarded=1
1786042993.357636 publish topic=ipi/airspan-followup-c2-rep1/latency/veh-001/ack bytes=240 forwarded=1
1786042993.687777 publish topic=ipi/airspan-followup-c2-rep1/latency/veh-001/request bytes=24297 forwarded=1
1786042993.688431 publish topic=ipi/airspan-followup-c2-rep1/latency/veh-001/ack bytes=240 forwarded=1
1786042993.998003 publish topic=ipi/airspan-followup-c2-rep1/latency/veh-001/request bytes=24297 forwarded=1
1786042993.998680 publish topic=ipi/airspan-followup-c2-rep1/latency/veh-001/ack bytes=240 forwarded=1
1786042994.318424 publish topic=ipi/airspan-followup-c2-rep1/latency/veh-001/request bytes=24297 forwarded=1
1786042994.319072 publish topic=ipi/airspan-followup-c2-rep1/latency/veh-001/ack bytes=240 forwarded=1
1786042994.639036 publish topic=ipi/airspan-followup-c2-rep1/latency/veh-001/request bytes=24297 forwarded=1
1786042994.639687 publish topic=ipi/airspan-followup-c2-rep1/latency/veh-001/ack bytes=240 forwarded=1
1786042994.969303 publish topic=ipi/airspan-followup-c2-rep1/latency/veh-001/request bytes=24297 forwarded=1
1786042994.969958 publish topic=ipi/airspan-followup-c2-rep1/latency/veh-001/ack bytes=240 forwarded=1
1786042995.289827 publish topic=ipi/airspan-followup-c2-rep1/latency/veh-001/request bytes=24297 forwarded=1
1786042995.290055 publish topic=ipi/airspan-followup-c2-rep1/latency/veh-001/ack bytes=240 forwarded=1
1786042995.610075 publish topic=ipi/airspan-followup-c2-rep1/latency/veh-001/request bytes=24297 forwarded=1
1786042995.610280 publish topic=ipi/airspan-followup-c2-rep1/latency/veh-001/ack bytes=240 forwarded=1
1786042995.950738 publish topic=ipi/airspan-followup-c2-rep1/latency/veh-001/request bytes=24297 forwarded=1
1786042995.951351 publish topic=ipi/airspan-followup-c2-rep1/latency/veh-001/ack bytes=240 forwarded=1
1786042996.281227 publish topic=ipi/airspan-followup-c2-rep1/latency/veh-001/request bytes=24297 forwarded=1
1786042996.282722 publish topic=ipi/airspan-followup-c2-rep1/latency/veh-001/ack bytes=240 forwarded=1
1786042996.581685 publish topic=ipi/airspan-followup-c2-rep1/latency/veh-001/request bytes=24297 forwarded=1
1786042996.582346 publish topic=ipi/airspan-followup-c2-rep1/latency/veh-001/ack bytes=240 forwarded=1
1786042996.892139 publish topic=ipi/airspan-followup-c2-rep1/latency/veh-001/request bytes=24297 forwarded=1
1786042996.892822 publish topic=ipi/airspan-followup-c2-rep1/latency/veh-001/ack bytes=240 forwarded=1
1786042997.202384 publish topic=ipi/airspan-followup-c2-rep1/latency/veh-001/request bytes=24297 forwarded=1
1786042997.203010 publish topic=ipi/airspan-followup-c2-rep1/latency/veh-001/ack bytes=240 forwarded=1
1786042997.512840 publish topic=ipi/airspan-followup-c2-rep1/latency/veh-001/request bytes=24297 forwarded=1
1786042997.513475 publish topic=ipi/airspan-followup-c2-rep1/latency/veh-001/ack bytes=240 forwarded=1
1786042997.833135 publish topic=ipi/airspan-followup-c2-rep1/latency/veh-001/request bytes=24297 forwarded=1
1786042997.833429 publish topic=ipi/airspan-followup-c2-rep1/latency/veh-001/ack bytes=240 forwarded=1
1786042998.163516 publish topic=ipi/airspan-followup-c2-rep1/latency/veh-001/request bytes=24297 forwarded=1
1786042998.164127 publish topic=ipi/airspan-followup-c2-rep1/latency/veh-001/ack bytes=240 forwarded=1
1786042998.484298 publish topic=ipi/airspan-followup-c2-rep1/latency/veh-001/request bytes=24297 forwarded=1
1786042998.484978 publish topic=ipi/airspan-followup-c2-rep1/latency/veh-001/ack bytes=240 forwarded=1
1786042998.794774 publish topic=ipi/airspan-followup-c2-rep1/latency/veh-001/request bytes=24297 forwarded=1
1786042998.795421 publish topic=ipi/airspan-followup-c2-rep1/latency/veh-001/ack bytes=240 forwarded=1
1786042999.135004 publish topic=ipi/airspan-followup-c2-rep1/latency/veh-001/request bytes=24297 forwarded=1
1786042999.135632 publish topic=ipi/airspan-followup-c2-rep1/latency/veh-001/ack bytes=240 forwarded=1
1786042999.465340 publish topic=ipi/airspan-followup-c2-rep1/latency/veh-001/request bytes=24297 forwarded=1
1786042999.465732 publish topic=ipi/airspan-followup-c2-rep1/latency/veh-001/ack bytes=240 forwarded=1
1786042999.766086 publish topic=ipi/airspan-followup-c2-rep1/latency/veh-001/request bytes=24297 forwarded=1
1786042999.766474 publish topic=ipi/airspan-followup-c2-rep1/latency/veh-001/ack bytes=240 forwarded=1
1786043000.106491 publish topic=ipi/airspan-followup-c2-rep1/latency/veh-001/request bytes=24297 forwarded=1
1786043000.106793 publish topic=ipi/airspan-followup-c2-rep1/latency/veh-001/ack bytes=240 forwarded=1
1786043000.436831 publish topic=ipi/airspan-followup-c2-rep1/latency/veh-001/request bytes=24297 forwarded=1
1786043000.437481 publish topic=ipi/airspan-followup-c2-rep1/latency/veh-001/ack bytes=240 forwarded=1
1786043000.767411 publish topic=ipi/airspan-followup-c2-rep1/latency/veh-001/request bytes=24297 forwarded=1
1786043000.767967 publish topic=ipi/airspan-followup-c2-rep1/latency/veh-001/ack bytes=240 forwarded=1
1786043001.107664 publish topic=ipi/airspan-followup-c2-rep1/latency/veh-001/request bytes=24297 forwarded=1
1786043001.107949 publish topic=ipi/airspan-followup-c2-rep1/latency/veh-001/ack bytes=240 forwarded=1
1786043001.448677 publish topic=ipi/airspan-followup-c2-rep1/latency/veh-001/request bytes=24297 forwarded=1
1786043001.449341 publish topic=ipi/airspan-followup-c2-rep1/latency/veh-001/ack bytes=240 forwarded=1
1786043001.819290 publish topic=ipi/airspan-followup-c2-rep1/latency/veh-001/request bytes=24297 forwarded=1
1786043001.819940 publish topic=ipi/airspan-followup-c2-rep1/latency/veh-001/ack bytes=240 forwarded=1
1786043002.149697 publish topic=ipi/airspan-followup-c2-rep1/latency/veh-001/request bytes=24297 forwarded=1
1786043002.150374 publish topic=ipi/airspan-followup-c2-rep1/latency/veh-001/ack bytes=240 forwarded=1
1786043002.500414 publish topic=ipi/airspan-followup-c2-rep1/latency/veh-001/request bytes=24297 forwarded=1
1786043002.501084 publish topic=ipi/airspan-followup-c2-rep1/latency/veh-001/ack bytes=240 forwarded=1
1786043002.830512 publish topic=ipi/airspan-followup-c2-rep1/latency/veh-001/request bytes=24297 forwarded=1
1786043002.830977 publish topic=ipi/airspan-followup-c2-rep1/latency/veh-001/ack bytes=240 forwarded=1
1786043003.150872 publish topic=ipi/airspan-followup-c2-rep1/latency/veh-001/request bytes=24297 forwarded=1
1786043003.151077 publish topic=ipi/airspan-followup-c2-rep1/latency/veh-001/ack bytes=240 forwarded=1
1786043003.461777 publish topic=ipi/airspan-followup-c2-rep1/latency/veh-001/request bytes=24297 forwarded=1
1786043003.462440 publish topic=ipi/airspan-followup-c2-rep1/latency/veh-001/ack bytes=240 forwarded=1
1786043003.792326 publish topic=ipi/airspan-followup-c2-rep1/latency/veh-001/request bytes=24297 forwarded=1
1786043003.793028 publish topic=ipi/airspan-followup-c2-rep1/latency/veh-001/ack bytes=240 forwarded=1
1786043004.122371 publish topic=ipi/airspan-followup-c2-rep1/latency/veh-001/request bytes=24297 forwarded=1
1786043004.122699 publish topic=ipi/airspan-followup-c2-rep1/latency/veh-001/ack bytes=240 forwarded=1
1786043004.442994 publish topic=ipi/airspan-followup-c2-rep1/latency/veh-001/request bytes=24297 forwarded=1
1786043004.443697 publish topic=ipi/airspan-followup-c2-rep1/latency/veh-001/ack bytes=240 forwarded=1
1786043004.753356 publish topic=ipi/airspan-followup-c2-rep1/latency/veh-001/request bytes=24297 forwarded=1
1786043004.754029 publish topic=ipi/airspan-followup-c2-rep1/latency/veh-001/ack bytes=240 forwarded=1
1786043005.103477 publish topic=ipi/airspan-followup-c2-rep1/latency/veh-001/request bytes=24297 forwarded=1
1786043005.103940 publish topic=ipi/airspan-followup-c2-rep1/latency/veh-001/ack bytes=240 forwarded=1
1786043005.414125 publish topic=ipi/airspan-followup-c2-rep1/latency/veh-001/request bytes=24297 forwarded=1
1786043005.414773 publish topic=ipi/airspan-followup-c2-rep1/latency/veh-001/ack bytes=240 forwarded=1
1786043005.724344 publish topic=ipi/airspan-followup-c2-rep1/latency/veh-001/request bytes=24297 forwarded=1
1786043005.724845 publish topic=ipi/airspan-followup-c2-rep1/latency/veh-001/ack bytes=240 forwarded=1
1786043006.054681 publish topic=ipi/airspan-followup-c2-rep1/latency/veh-001/request bytes=24297 forwarded=1
1786043006.054996 publish topic=ipi/airspan-followup-c2-rep1/latency/veh-001/ack bytes=240 forwarded=1
1786043006.365385 publish topic=ipi/airspan-followup-c2-rep1/latency/veh-001/request bytes=24297 forwarded=1
1786043006.366066 publish topic=ipi/airspan-followup-c2-rep1/latency/veh-001/ack bytes=240 forwarded=1
1786043006.685918 publish topic=ipi/airspan-followup-c2-rep1/latency/veh-001/request bytes=24297 forwarded=1
1786043006.686587 publish topic=ipi/airspan-followup-c2-rep1/latency/veh-001/ack bytes=240 forwarded=1
1786043007.006386 publish topic=ipi/airspan-followup-c2-rep1/latency/veh-001/request bytes=24297 forwarded=1
1786043007.007085 publish topic=ipi/airspan-followup-c2-rep1/latency/veh-001/ack bytes=240 forwarded=1
1786043007.346759 publish topic=ipi/airspan-followup-c2-rep1/latency/veh-001/request bytes=24297 forwarded=1
1786043007.347452 publish topic=ipi/airspan-followup-c2-rep1/latency/veh-001/ack bytes=240 forwarded=1
1786043007.687111 publish topic=ipi/airspan-followup-c2-rep1/latency/veh-001/request bytes=24297 forwarded=1
1786043007.687811 publish topic=ipi/airspan-followup-c2-rep1/latency/veh-001/ack bytes=240 forwarded=1
1786043008.007256 publish topic=ipi/airspan-followup-c2-rep1/latency/veh-001/request bytes=24297 forwarded=1
1786043008.007522 publish topic=ipi/airspan-followup-c2-rep1/latency/veh-001/ack bytes=240 forwarded=1
1786043008.347628 publish topic=ipi/airspan-followup-c2-rep1/latency/veh-001/request bytes=24297 forwarded=1
1786043008.347852 publish topic=ipi/airspan-followup-c2-rep1/latency/veh-001/ack bytes=240 forwarded=1
1786043008.708218 publish topic=ipi/airspan-followup-c2-rep1/latency/veh-001/request bytes=24297 forwarded=1
1786043008.709012 publish topic=ipi/airspan-followup-c2-rep1/latency/veh-001/ack bytes=240 forwarded=1
1786043009.088700 publish topic=ipi/airspan-followup-c2-rep1/latency/veh-001/request bytes=24297 forwarded=1
1786043009.089327 publish topic=ipi/airspan-followup-c2-rep1/latency/veh-001/ack bytes=240 forwarded=1
1786043009.459775 publish topic=ipi/airspan-followup-c2-rep1/latency/veh-001/request bytes=24297 forwarded=1
1786043009.460477 publish topic=ipi/airspan-followup-c2-rep1/latency/veh-001/ack bytes=240 forwarded=1
1786043009.860126 publish topic=ipi/airspan-followup-c2-rep1/latency/veh-001/request bytes=24297 forwarded=1
1786043009.860776 publish topic=ipi/airspan-followup-c2-rep1/latency/veh-001/ack bytes=240 forwarded=1
1786043010.250697 publish topic=ipi/airspan-followup-c2-rep1/latency/veh-001/request bytes=24297 forwarded=1
1786043010.251069 publish topic=ipi/airspan-followup-c2-rep1/latency/veh-001/ack bytes=240 forwarded=1
1786043010.571399 publish topic=ipi/airspan-followup-c2-rep1/latency/veh-001/request bytes=24297 forwarded=1
1786043010.572063 publish topic=ipi/airspan-followup-c2-rep1/latency/veh-001/ack bytes=240 forwarded=1
1786043010.911501 publish topic=ipi/airspan-followup-c2-rep1/latency/veh-001/request bytes=24297 forwarded=1
1786043010.912028 publish topic=ipi/airspan-followup-c2-rep1/latency/veh-001/ack bytes=240 forwarded=1
1786043011.221852 publish topic=ipi/airspan-followup-c2-rep1/latency/veh-001/request bytes=24297 forwarded=1
1786043011.222511 publish topic=ipi/airspan-followup-c2-rep1/latency/veh-001/ack bytes=240 forwarded=1
1786043011.542267 publish topic=ipi/airspan-followup-c2-rep1/latency/veh-001/request bytes=24297 forwarded=1
1786043011.543012 publish topic=ipi/airspan-followup-c2-rep1/latency/veh-001/ack bytes=240 forwarded=1
1786043011.862630 publish topic=ipi/airspan-followup-c2-rep1/latency/veh-001/request bytes=24297 forwarded=1
1786043011.863313 publish topic=ipi/airspan-followup-c2-rep1/latency/veh-001/ack bytes=240 forwarded=1
1786043012.192768 publish topic=ipi/airspan-followup-c2-rep1/latency/veh-001/request bytes=24297 forwarded=1
1786043012.193242 publish topic=ipi/airspan-followup-c2-rep1/latency/veh-001/ack bytes=240 forwarded=1
1786043012.513192 publish topic=ipi/airspan-followup-c2-rep1/latency/veh-001/request bytes=24297 forwarded=1
1786043012.513483 publish topic=ipi/airspan-followup-c2-rep1/latency/veh-001/ack bytes=240 forwarded=1
1786043012.864023 publish topic=ipi/airspan-followup-c2-rep1/latency/veh-001/request bytes=24297 forwarded=1
1786043012.864749 publish topic=ipi/airspan-followup-c2-rep1/latency/veh-001/ack bytes=240 forwarded=1
1786043013.204688 publish topic=ipi/airspan-followup-c2-rep1/latency/veh-001/request bytes=24297 forwarded=1
1786043013.205284 publish topic=ipi/airspan-followup-c2-rep1/latency/veh-001/ack bytes=240 forwarded=1
1786043013.685080 publish topic=ipi/airspan-followup-c2-rep1/latency/veh-001/request bytes=24297 forwarded=1
1786043013.685430 publish topic=ipi/airspan-followup-c2-rep1/latency/veh-001/ack bytes=240 forwarded=1
1786043014.126143 publish topic=ipi/airspan-followup-c2-rep1/latency/veh-001/request bytes=24297 forwarded=1
1786043014.126840 publish topic=ipi/airspan-followup-c2-rep1/latency/veh-001/ack bytes=240 forwarded=1
1786043014.456514 publish topic=ipi/airspan-followup-c2-rep1/latency/veh-001/request bytes=24297 forwarded=1
1786043014.457201 publish topic=ipi/airspan-followup-c2-rep1/latency/veh-001/ack bytes=240 forwarded=1
1786043014.756651 publish topic=ipi/airspan-followup-c2-rep1/latency/veh-001/request bytes=24297 forwarded=1
1786043014.756916 publish topic=ipi/airspan-followup-c2-rep1/latency/veh-001/ack bytes=240 forwarded=1
1786043015.067310 publish topic=ipi/airspan-followup-c2-rep1/latency/veh-001/request bytes=24297 forwarded=1
1786043015.067984 publish topic=ipi/airspan-followup-c2-rep1/latency/veh-001/ack bytes=240 forwarded=1
1786043015.387791 publish topic=ipi/airspan-followup-c2-rep1/latency/veh-001/request bytes=24297 forwarded=1
1786043015.388258 publish topic=ipi/airspan-followup-c2-rep1/latency/veh-001/ack bytes=240 forwarded=1
1786043015.728517 publish topic=ipi/airspan-followup-c2-rep1/latency/veh-001/request bytes=24297 forwarded=1
1786043015.729254 publish topic=ipi/airspan-followup-c2-rep1/latency/veh-001/ack bytes=240 forwarded=1
1786043016.048840 publish topic=ipi/airspan-followup-c2-rep1/latency/veh-001/request bytes=24297 forwarded=1
1786043016.049521 publish topic=ipi/airspan-followup-c2-rep1/latency/veh-001/ack bytes=240 forwarded=1
1786043016.349181 publish topic=ipi/airspan-followup-c2-rep1/latency/veh-001/request bytes=24297 forwarded=1
1786043016.349932 publish topic=ipi/airspan-followup-c2-rep1/latency/veh-001/ack bytes=240 forwarded=1
1786043016.669782 publish topic=ipi/airspan-followup-c2-rep1/latency/veh-001/request bytes=24297 forwarded=1
1786043016.670467 publish topic=ipi/airspan-followup-c2-rep1/latency/veh-001/ack bytes=240 forwarded=1
1786043016.990028 publish topic=ipi/airspan-followup-c2-rep1/latency/veh-001/request bytes=24297 forwarded=1
1786043016.990708 publish topic=ipi/airspan-followup-c2-rep1/latency/veh-001/ack bytes=240 forwarded=1
1786043017.320514 publish topic=ipi/airspan-followup-c2-rep1/latency/veh-001/request bytes=24297 forwarded=1
1786043017.321286 publish topic=ipi/airspan-followup-c2-rep1/latency/veh-001/ack bytes=240 forwarded=1
1786043017.641010 publish topic=ipi/airspan-followup-c2-rep1/latency/veh-001/request bytes=24297 forwarded=1
1786043017.641553 publish topic=ipi/airspan-followup-c2-rep1/latency/veh-001/ack bytes=240 forwarded=1
1786043017.961454 publish topic=ipi/airspan-followup-c2-rep1/latency/veh-001/request bytes=24297 forwarded=1
1786043017.962128 publish topic=ipi/airspan-followup-c2-rep1/latency/veh-001/ack bytes=240 forwarded=1
1786043018.322705 publish topic=ipi/airspan-followup-c2-rep1/latency/veh-001/request bytes=24297 forwarded=1
1786043018.323403 publish topic=ipi/airspan-followup-c2-rep1/latency/veh-001/ack bytes=240 forwarded=1
1786043018.672386 publish topic=ipi/airspan-followup-c2-rep1/latency/veh-001/request bytes=24297 forwarded=1
1786043018.672759 publish topic=ipi/airspan-followup-c2-rep1/latency/veh-001/ack bytes=240 forwarded=1
1786043019.003049 publish topic=ipi/airspan-followup-c2-rep1/latency/veh-001/request bytes=24297 forwarded=1
1786043019.003653 publish topic=ipi/airspan-followup-c2-rep1/latency/veh-001/ack bytes=240 forwarded=1
1786043019.333561 publish topic=ipi/airspan-followup-c2-rep1/latency/veh-001/request bytes=24297 forwarded=1
1786043019.335055 publish topic=ipi/airspan-followup-c2-rep1/latency/veh-001/ack bytes=240 forwarded=1
1786043019.674043 publish topic=ipi/airspan-followup-c2-rep1/latency/veh-001/request bytes=24297 forwarded=1
1786043019.674701 publish topic=ipi/airspan-followup-c2-rep1/latency/veh-001/ack bytes=240 forwarded=1
1786043019.994712 publish topic=ipi/airspan-followup-c2-rep1/latency/veh-001/request bytes=24297 forwarded=1
1786043019.995391 publish topic=ipi/airspan-followup-c2-rep1/latency/veh-001/ack bytes=240 forwarded=1
1786043020.355322 publish topic=ipi/airspan-followup-c2-rep1/latency/veh-001/request bytes=24297 forwarded=1
1786043020.356009 publish topic=ipi/airspan-followup-c2-rep1/latency/veh-001/ack bytes=240 forwarded=1
1786043020.695463 publish topic=ipi/airspan-followup-c2-rep1/latency/veh-001/request bytes=24297 forwarded=1
1786043020.696108 publish topic=ipi/airspan-followup-c2-rep1/latency/veh-001/ack bytes=240 forwarded=1
1786043021.006058 publish topic=ipi/airspan-followup-c2-rep1/latency/veh-001/request bytes=24297 forwarded=1
1786043021.006461 publish topic=ipi/airspan-followup-c2-rep1/latency/veh-001/ack bytes=240 forwarded=1
1786043021.326370 publish topic=ipi/airspan-followup-c2-rep1/latency/veh-001/request bytes=24297 forwarded=1
1786043021.327019 publish topic=ipi/airspan-followup-c2-rep1/latency/veh-001/ack bytes=240 forwarded=1
1786043021.646911 publish topic=ipi/airspan-followup-c2-rep1/latency/veh-001/request bytes=24297 forwarded=1
1786043021.647547 publish topic=ipi/airspan-followup-c2-rep1/latency/veh-001/ack bytes=240 forwarded=1
1786043021.957230 publish topic=ipi/airspan-followup-c2-rep1/latency/veh-001/request bytes=24297 forwarded=1
1786043021.957901 publish topic=ipi/airspan-followup-c2-rep1/latency/veh-001/ack bytes=240 forwarded=1
1786043022.307845 publish topic=ipi/airspan-followup-c2-rep1/latency/veh-001/request bytes=24297 forwarded=1
1786043022.308490 publish topic=ipi/airspan-followup-c2-rep1/latency/veh-001/ack bytes=240 forwarded=1
1786043022.648184 publish topic=ipi/airspan-followup-c2-rep1/latency/veh-001/request bytes=24297 forwarded=1
1786043022.648973 publish topic=ipi/airspan-followup-c2-rep1/latency/veh-001/ack bytes=240 forwarded=1
1786043022.979119 publish topic=ipi/airspan-followup-c2-rep1/latency/veh-001/request bytes=24297 forwarded=1
1786043022.979783 publish topic=ipi/airspan-followup-c2-rep1/latency/veh-001/ack bytes=240 forwarded=1
1786043023.309266 publish topic=ipi/airspan-followup-c2-rep1/latency/veh-001/request bytes=24297 forwarded=1
1786043023.309914 publish topic=ipi/airspan-followup-c2-rep1/latency/veh-001/ack bytes=240 forwarded=1
1786043023.629876 publish topic=ipi/airspan-followup-c2-rep1/latency/veh-001/request bytes=24297 forwarded=1
1786043023.630551 publish topic=ipi/airspan-followup-c2-rep1/latency/veh-001/ack bytes=240 forwarded=1
1786043023.970355 publish topic=ipi/airspan-followup-c2-rep1/latency/veh-001/request bytes=24297 forwarded=1
1786043023.970773 publish topic=ipi/airspan-followup-c2-rep1/latency/veh-001/ack bytes=240 forwarded=1
1786043024.320775 publish topic=ipi/airspan-followup-c2-rep1/latency/veh-001/request bytes=24297 forwarded=1
1786043024.321607 publish topic=ipi/airspan-followup-c2-rep1/latency/veh-001/ack bytes=240 forwarded=1
1786043024.651172 publish topic=ipi/airspan-followup-c2-rep1/latency/veh-001/request bytes=24297 forwarded=1
1786043024.651886 publish topic=ipi/airspan-followup-c2-rep1/latency/veh-001/ack bytes=240 forwarded=1
1786043024.981751 publish topic=ipi/airspan-followup-c2-rep1/latency/veh-001/request bytes=24297 forwarded=1
1786043024.982057 publish topic=ipi/airspan-followup-c2-rep1/latency/veh-001/ack bytes=240 forwarded=1
1786043025.312122 publish topic=ipi/airspan-followup-c2-rep1/latency/veh-001/request bytes=24297 forwarded=1
1786043025.312403 publish topic=ipi/airspan-followup-c2-rep1/latency/veh-001/ack bytes=240 forwarded=1
1786043025.662677 publish topic=ipi/airspan-followup-c2-rep1/latency/veh-001/request bytes=24297 forwarded=1
1786043025.663082 publish topic=ipi/airspan-followup-c2-rep1/latency/veh-001/ack bytes=240 forwarded=1
1786043026.003404 publish topic=ipi/airspan-followup-c2-rep1/latency/veh-001/request bytes=24297 forwarded=1
1786043026.004046 publish topic=ipi/airspan-followup-c2-rep1/latency/veh-001/ack bytes=240 forwarded=1
1786043026.343964 publish topic=ipi/airspan-followup-c2-rep1/latency/veh-001/request bytes=24297 forwarded=1
1786043026.344681 publish topic=ipi/airspan-followup-c2-rep1/latency/veh-001/ack bytes=240 forwarded=1
1786043026.664443 publish topic=ipi/airspan-followup-c2-rep1/latency/veh-001/request bytes=24297 forwarded=1
1786043026.665066 publish topic=ipi/airspan-followup-c2-rep1/latency/veh-001/ack bytes=240 forwarded=1
1786043027.024868 publish topic=ipi/airspan-followup-c2-rep1/latency/veh-001/request bytes=24297 forwarded=1
1786043027.025155 publish topic=ipi/airspan-followup-c2-rep1/latency/veh-001/ack bytes=240 forwarded=1
1786043027.345422 publish topic=ipi/airspan-followup-c2-rep1/latency/veh-001/request bytes=24297 forwarded=1
1786043027.346096 publish topic=ipi/airspan-followup-c2-rep1/latency/veh-001/ack bytes=240 forwarded=1
1786043027.665879 publish topic=ipi/airspan-followup-c2-rep1/latency/veh-001/request bytes=24297 forwarded=1
1786043027.666581 publish topic=ipi/airspan-followup-c2-rep1/latency/veh-001/ack bytes=240 forwarded=1
1786043028.006394 publish topic=ipi/airspan-followup-c2-rep1/latency/veh-001/request bytes=24297 forwarded=1
1786043028.007071 publish topic=ipi/airspan-followup-c2-rep1/latency/veh-001/ack bytes=240 forwarded=1
1786043028.326901 publish topic=ipi/airspan-followup-c2-rep1/latency/veh-001/request bytes=24297 forwarded=1
1786043028.327594 publish topic=ipi/airspan-followup-c2-rep1/latency/veh-001/ack bytes=240 forwarded=1
1786043028.626988 publish topic=ipi/airspan-followup-c2-rep1/latency/veh-001/request bytes=24297 forwarded=1
1786043028.627764 publish topic=ipi/airspan-followup-c2-rep1/latency/veh-001/ack bytes=240 forwarded=1
1786043028.947481 publish topic=ipi/airspan-followup-c2-rep1/latency/veh-001/request bytes=24297 forwarded=1
1786043028.947787 publish topic=ipi/airspan-followup-c2-rep1/latency/veh-001/ack bytes=240 forwarded=1
1786043029.268330 publish topic=ipi/airspan-followup-c2-rep1/latency/veh-001/request bytes=24297 forwarded=1
1786043029.269057 publish topic=ipi/airspan-followup-c2-rep1/latency/veh-001/ack bytes=240 forwarded=1
1786043029.608715 publish topic=ipi/airspan-followup-c2-rep1/latency/veh-001/request bytes=24297 forwarded=1
1786043029.609404 publish topic=ipi/airspan-followup-c2-rep1/latency/veh-001/ack bytes=240 forwarded=1
1786043029.939067 publish topic=ipi/airspan-followup-c2-rep1/latency/veh-001/request bytes=24297 forwarded=1
1786043029.939673 publish topic=ipi/airspan-followup-c2-rep1/latency/veh-001/ack bytes=240 forwarded=1
1786043030.279785 publish topic=ipi/airspan-followup-c2-rep1/latency/veh-001/request bytes=24297 forwarded=1
1786043030.280541 publish topic=ipi/airspan-followup-c2-rep1/latency/veh-001/ack bytes=240 forwarded=1
1786043030.609998 publish topic=ipi/airspan-followup-c2-rep1/latency/veh-001/request bytes=24297 forwarded=1
1786043030.610345 publish topic=ipi/airspan-followup-c2-rep1/latency/veh-001/ack bytes=240 forwarded=1
1786043030.930419 publish topic=ipi/airspan-followup-c2-rep1/latency/veh-001/request bytes=24297 forwarded=1
1786043030.930703 publish topic=ipi/airspan-followup-c2-rep1/latency/veh-001/ack bytes=240 forwarded=1
1786043031.240976 publish topic=ipi/airspan-followup-c2-rep1/latency/veh-001/request bytes=24297 forwarded=1
1786043031.241576 publish topic=ipi/airspan-followup-c2-rep1/latency/veh-001/ack bytes=240 forwarded=1
1786043031.581561 publish topic=ipi/airspan-followup-c2-rep1/latency/veh-001/request bytes=24297 forwarded=1
1786043031.582228 publish topic=ipi/airspan-followup-c2-rep1/latency/veh-001/ack bytes=240 forwarded=1
1786043031.912046 publish topic=ipi/airspan-followup-c2-rep1/latency/veh-001/request bytes=24297 forwarded=1
1786043031.912776 publish topic=ipi/airspan-followup-c2-rep1/latency/veh-001/ack bytes=240 forwarded=1
1786043032.232475 publish topic=ipi/airspan-followup-c2-rep1/latency/veh-001/request bytes=24297 forwarded=1
1786043032.232796 publish topic=ipi/airspan-followup-c2-rep1/latency/veh-001/ack bytes=240 forwarded=1
1786043032.563001 publish topic=ipi/airspan-followup-c2-rep1/latency/veh-001/request bytes=24297 forwarded=1
1786043032.563672 publish topic=ipi/airspan-followup-c2-rep1/latency/veh-001/ack bytes=240 forwarded=1
1786043032.903314 publish topic=ipi/airspan-followup-c2-rep1/latency/veh-001/request bytes=24297 forwarded=1
1786043032.904101 publish topic=ipi/airspan-followup-c2-rep1/latency/veh-001/ack bytes=240 forwarded=1
1786043033.233867 publish topic=ipi/airspan-followup-c2-rep1/latency/veh-001/request bytes=24297 forwarded=1
1786043033.234504 publish topic=ipi/airspan-followup-c2-rep1/latency/veh-001/ack bytes=240 forwarded=1
1786043033.584555 publish topic=ipi/airspan-followup-c2-rep1/latency/veh-001/request bytes=24297 forwarded=1
1786043033.585240 publish topic=ipi/airspan-followup-c2-rep1/latency/veh-001/ack bytes=240 forwarded=1
1786043033.964968 publish topic=ipi/airspan-followup-c2-rep1/latency/veh-001/request bytes=24297 forwarded=1
1786043033.965620 publish topic=ipi/airspan-followup-c2-rep1/latency/veh-001/ack bytes=240 forwarded=1
1786043034.315674 publish topic=ipi/airspan-followup-c2-rep1/latency/veh-001/request bytes=24297 forwarded=1
1786043034.316345 publish topic=ipi/airspan-followup-c2-rep1/latency/veh-001/ack bytes=240 forwarded=1
1786043034.625876 publish topic=ipi/airspan-followup-c2-rep1/latency/veh-001/request bytes=24297 forwarded=1
1786043034.626537 publish topic=ipi/airspan-followup-c2-rep1/latency/veh-001/ack bytes=240 forwarded=1
1786043034.946615 publish topic=ipi/airspan-followup-c2-rep1/latency/veh-001/request bytes=24297 forwarded=1
1786043034.947326 publish topic=ipi/airspan-followup-c2-rep1/latency/veh-001/ack bytes=240 forwarded=1
1786043035.267059 publish topic=ipi/airspan-followup-c2-rep1/latency/veh-001/request bytes=24297 forwarded=1
1786043035.267722 publish topic=ipi/airspan-followup-c2-rep1/latency/veh-001/ack bytes=240 forwarded=1
1786043035.597145 publish topic=ipi/airspan-followup-c2-rep1/latency/veh-001/request bytes=24297 forwarded=1
1786043035.597464 publish topic=ipi/airspan-followup-c2-rep1/latency/veh-001/ack bytes=240 forwarded=1
1786043035.927853 publish topic=ipi/airspan-followup-c2-rep1/latency/veh-001/request bytes=24297 forwarded=1
1786043035.928520 publish topic=ipi/airspan-followup-c2-rep1/latency/veh-001/ack bytes=240 forwarded=1
1786043036.258258 publish topic=ipi/airspan-followup-c2-rep1/latency/veh-001/request bytes=24297 forwarded=1
1786043036.258944 publish topic=ipi/airspan-followup-c2-rep1/latency/veh-001/ack bytes=240 forwarded=1
1786043036.588845 publish topic=ipi/airspan-followup-c2-rep1/latency/veh-001/request bytes=24297 forwarded=1
1786043036.589543 publish topic=ipi/airspan-followup-c2-rep1/latency/veh-001/ack bytes=240 forwarded=1
1786043036.949462 publish topic=ipi/airspan-followup-c2-rep1/latency/veh-001/request bytes=24297 forwarded=1
1786043036.950131 publish topic=ipi/airspan-followup-c2-rep1/latency/veh-001/ack bytes=240 forwarded=1
1786043037.289581 publish topic=ipi/airspan-followup-c2-rep1/latency/veh-001/request bytes=24297 forwarded=1
1786043037.289885 publish topic=ipi/airspan-followup-c2-rep1/latency/veh-001/ack bytes=240 forwarded=1
1786043037.630103 publish topic=ipi/airspan-followup-c2-rep1/latency/veh-001/request bytes=24297 forwarded=1
1786043037.630350 publish topic=ipi/airspan-followup-c2-rep1/latency/veh-001/ack bytes=240 forwarded=1
1786043037.970708 publish topic=ipi/airspan-followup-c2-rep1/latency/veh-001/request bytes=24297 forwarded=1
1786043037.971398 publish topic=ipi/airspan-followup-c2-rep1/latency/veh-001/ack bytes=240 forwarded=1
1786043038.291084 publish topic=ipi/airspan-followup-c2-rep1/latency/veh-001/request bytes=24297 forwarded=1
1786043038.291745 publish topic=ipi/airspan-followup-c2-rep1/latency/veh-001/ack bytes=240 forwarded=1
1786043038.601508 publish topic=ipi/airspan-followup-c2-rep1/latency/veh-001/request bytes=24297 forwarded=1
1786043038.602188 publish topic=ipi/airspan-followup-c2-rep1/latency/veh-001/ack bytes=240 forwarded=1
1786043038.902068 publish topic=ipi/airspan-followup-c2-rep1/latency/veh-001/request bytes=24297 forwarded=1
1786043038.902800 publish topic=ipi/airspan-followup-c2-rep1/latency/veh-001/ack bytes=240 forwarded=1
1786043039.232660 publish topic=ipi/airspan-followup-c2-rep1/latency/veh-001/request bytes=24297 forwarded=1
1786043039.233365 publish topic=ipi/airspan-followup-c2-rep1/latency/veh-001/ack bytes=240 forwarded=1
1786043039.583053 publish topic=ipi/airspan-followup-c2-rep1/latency/veh-001/request bytes=24297 forwarded=1
1786043039.583467 publish topic=ipi/airspan-followup-c2-rep1/latency/veh-001/ack bytes=240 forwarded=1
1786043039.903353 publish topic=ipi/airspan-followup-c2-rep1/latency/veh-001/request bytes=24297 forwarded=1
1786043039.903823 publish topic=ipi/airspan-followup-c2-rep1/latency/veh-001/ack bytes=240 forwarded=1
1786043040.224197 publish topic=ipi/airspan-followup-c2-rep1/latency/veh-001/request bytes=24297 forwarded=1
1786043040.224893 publish topic=ipi/airspan-followup-c2-rep1/latency/veh-001/ack bytes=240 forwarded=1
1786043040.554784 publish topic=ipi/airspan-followup-c2-rep1/latency/veh-001/request bytes=24297 forwarded=1
1786043040.555438 publish topic=ipi/airspan-followup-c2-rep1/latency/veh-001/ack bytes=240 forwarded=1
1786043040.865047 publish topic=ipi/airspan-followup-c2-rep1/latency/veh-001/request bytes=24297 forwarded=1
1786043040.865653 publish topic=ipi/airspan-followup-c2-rep1/latency/veh-001/ack bytes=240 forwarded=1
1786043041.165168 publish topic=ipi/airspan-followup-c2-rep1/latency/veh-001/request bytes=24297 forwarded=1
1786043041.165442 publish topic=ipi/airspan-followup-c2-rep1/latency/veh-001/ack bytes=240 forwarded=1
1786043041.495811 publish topic=ipi/airspan-followup-c2-rep1/latency/veh-001/request bytes=24297 forwarded=1
1786043041.496506 publish topic=ipi/airspan-followup-c2-rep1/latency/veh-001/ack bytes=240 forwarded=1
1786043041.816111 publish topic=ipi/airspan-followup-c2-rep1/latency/veh-001/request bytes=24297 forwarded=1
1786043041.816425 publish topic=ipi/airspan-followup-c2-rep1/latency/veh-001/ack bytes=240 forwarded=1
1786043042.147021 publish topic=ipi/airspan-followup-c2-rep1/latency/veh-001/request bytes=24297 forwarded=1
1786043042.147683 publish topic=ipi/airspan-followup-c2-rep1/latency/veh-001/ack bytes=240 forwarded=1
1786043042.477340 publish topic=ipi/airspan-followup-c2-rep1/latency/veh-001/request bytes=24297 forwarded=1
1786043042.477988 publish topic=ipi/airspan-followup-c2-rep1/latency/veh-001/ack bytes=240 forwarded=1
1786043042.817824 publish topic=ipi/airspan-followup-c2-rep1/latency/veh-001/request bytes=24297 forwarded=1
1786043042.818469 publish topic=ipi/airspan-followup-c2-rep1/latency/veh-001/ack bytes=240 forwarded=1
1786043043.148416 publish topic=ipi/airspan-followup-c2-rep1/latency/veh-001/request bytes=24297 forwarded=1
1786043043.149215 publish topic=ipi/airspan-followup-c2-rep1/latency/veh-001/ack bytes=240 forwarded=1
1786043043.458719 publish topic=ipi/airspan-followup-c2-rep1/latency/veh-001/request bytes=24297 forwarded=1
1786043043.459368 publish topic=ipi/airspan-followup-c2-rep1/latency/veh-001/ack bytes=240 forwarded=1
1786043043.779372 publish topic=ipi/airspan-followup-c2-rep1/latency/veh-001/request bytes=24297 forwarded=1
1786043043.780005 publish topic=ipi/airspan-followup-c2-rep1/latency/veh-001/ack bytes=240 forwarded=1
1786043044.109773 publish topic=ipi/airspan-followup-c2-rep1/latency/veh-001/request bytes=24297 forwarded=1
1786043044.110241 publish topic=ipi/airspan-followup-c2-rep1/latency/veh-001/ack bytes=240 forwarded=1
1786043044.430441 publish topic=ipi/airspan-followup-c2-rep1/latency/veh-001/request bytes=24297 forwarded=1
1786043044.431096 publish topic=ipi/airspan-followup-c2-rep1/latency/veh-001/ack bytes=240 forwarded=1
1786043044.770601 publish topic=ipi/airspan-followup-c2-rep1/latency/veh-001/request bytes=24297 forwarded=1
1786043044.771242 publish topic=ipi/airspan-followup-c2-rep1/latency/veh-001/ack bytes=240 forwarded=1
1786043045.111332 publish topic=ipi/airspan-followup-c2-rep1/latency/veh-001/request bytes=24297 forwarded=1
1786043045.111991 publish topic=ipi/airspan-followup-c2-rep1/latency/veh-001/ack bytes=240 forwarded=1
1786043045.421895 publish topic=ipi/airspan-followup-c2-rep1/latency/veh-001/request bytes=24297 forwarded=1
1786043045.422610 publish topic=ipi/airspan-followup-c2-rep1/latency/veh-001/ack bytes=240 forwarded=1
1786043045.732227 publish topic=ipi/airspan-followup-c2-rep1/latency/veh-001/request bytes=24297 forwarded=1
1786043045.733064 publish topic=ipi/airspan-followup-c2-rep1/latency/veh-001/ack bytes=240 forwarded=1
1786043046.062562 publish topic=ipi/airspan-followup-c2-rep1/latency/veh-001/request bytes=24297 forwarded=1
1786043046.063222 publish topic=ipi/airspan-followup-c2-rep1/latency/veh-001/ack bytes=240 forwarded=1
1786043046.383124 publish topic=ipi/airspan-followup-c2-rep1/latency/veh-001/request bytes=24297 forwarded=1
1786043046.383559 publish topic=ipi/airspan-followup-c2-rep1/latency/veh-001/ack bytes=240 forwarded=1
1786043046.693548 publish topic=ipi/airspan-followup-c2-rep1/latency/veh-001/request bytes=24297 forwarded=1
1786043046.694213 publish topic=ipi/airspan-followup-c2-rep1/latency/veh-001/ack bytes=240 forwarded=1
1786043047.044085 publish topic=ipi/airspan-followup-c2-rep1/latency/veh-001/request bytes=24297 forwarded=1
1786043047.044882 publish topic=ipi/airspan-followup-c2-rep1/latency/veh-001/ack bytes=240 forwarded=1
1786043047.384458 publish topic=ipi/airspan-followup-c2-rep1/latency/veh-001/request bytes=24297 forwarded=1
1786043047.385132 publish topic=ipi/airspan-followup-c2-rep1/latency/veh-001/ack bytes=240 forwarded=1
1786043047.705204 publish topic=ipi/airspan-followup-c2-rep1/latency/veh-001/request bytes=24297 forwarded=1
1786043047.705843 publish topic=ipi/airspan-followup-c2-rep1/latency/veh-001/ack bytes=240 forwarded=1
1786043048.015317 publish topic=ipi/airspan-followup-c2-rep1/latency/veh-001/request bytes=24297 forwarded=1
1786043048.015941 publish topic=ipi/airspan-followup-c2-rep1/latency/veh-001/ack bytes=240 forwarded=1
1786043048.325799 publish topic=ipi/airspan-followup-c2-rep1/latency/veh-001/request bytes=24297 forwarded=1
1786043048.326439 publish topic=ipi/airspan-followup-c2-rep1/latency/veh-001/ack bytes=240 forwarded=1
1786043048.646149 publish topic=ipi/airspan-followup-c2-rep1/latency/veh-001/request bytes=24297 forwarded=1
1786043048.646490 publish topic=ipi/airspan-followup-c2-rep1/latency/veh-001/ack bytes=240 forwarded=1
1786043048.976753 publish topic=ipi/airspan-followup-c2-rep1/latency/veh-001/request bytes=24297 forwarded=1
1786043048.977406 publish topic=ipi/airspan-followup-c2-rep1/latency/veh-001/ack bytes=240 forwarded=1
1786043049.287248 publish topic=ipi/airspan-followup-c2-rep1/latency/veh-001/request bytes=24297 forwarded=1
1786043049.287935 publish topic=ipi/airspan-followup-c2-rep1/latency/veh-001/ack bytes=240 forwarded=1
1786043049.607659 publish topic=ipi/airspan-followup-c2-rep1/latency/veh-001/request bytes=24297 forwarded=1
1786043049.607969 publish topic=ipi/airspan-followup-c2-rep1/latency/veh-001/ack bytes=240 forwarded=1
1786043049.938134 publish topic=ipi/airspan-followup-c2-rep1/latency/veh-001/request bytes=24297 forwarded=1
1786043049.938711 publish topic=ipi/airspan-followup-c2-rep1/latency/veh-001/ack bytes=240 forwarded=1
1786043050.268593 publish topic=ipi/airspan-followup-c2-rep1/latency/veh-001/request bytes=24297 forwarded=1
1786043050.269290 publish topic=ipi/airspan-followup-c2-rep1/latency/veh-001/ack bytes=240 forwarded=1
1786043050.589382 publish topic=ipi/airspan-followup-c2-rep1/latency/veh-001/request bytes=24297 forwarded=1
1786043050.590075 publish topic=ipi/airspan-followup-c2-rep1/latency/veh-001/ack bytes=240 forwarded=1
1786043050.909396 publish topic=ipi/airspan-followup-c2-rep1/latency/veh-001/request bytes=24297 forwarded=1
1786043050.909739 publish topic=ipi/airspan-followup-c2-rep1/latency/veh-001/ack bytes=240 forwarded=1
1786043051.250270 publish topic=ipi/airspan-followup-c2-rep1/latency/veh-001/request bytes=24297 forwarded=1
1786043051.250976 publish topic=ipi/airspan-followup-c2-rep1/latency/veh-001/ack bytes=240 forwarded=1
1786043051.640898 publish topic=ipi/airspan-followup-c2-rep1/latency/veh-001/request bytes=24297 forwarded=1
1786043051.641604 publish topic=ipi/airspan-followup-c2-rep1/latency/veh-001/ack bytes=240 forwarded=1
1786043051.971428 publish topic=ipi/airspan-followup-c2-rep1/latency/veh-001/request bytes=24297 forwarded=1
1786043051.971737 publish topic=ipi/airspan-followup-c2-rep1/latency/veh-001/ack bytes=240 forwarded=1
1786043052.281702 publish topic=ipi/airspan-followup-c2-rep1/latency/veh-001/request bytes=24297 forwarded=1
1786043052.282407 publish topic=ipi/airspan-followup-c2-rep1/latency/veh-001/ack bytes=240 forwarded=1
1786043052.622282 publish topic=ipi/airspan-followup-c2-rep1/latency/veh-001/request bytes=24297 forwarded=1
1786043052.622990 publish topic=ipi/airspan-followup-c2-rep1/latency/veh-001/ack bytes=240 forwarded=1
1786043052.952794 publish topic=ipi/airspan-followup-c2-rep1/latency/veh-001/request bytes=24297 forwarded=1
1786043052.953497 publish topic=ipi/airspan-followup-c2-rep1/latency/veh-001/ack bytes=240 forwarded=1
1786043053.283254 publish topic=ipi/airspan-followup-c2-rep1/latency/veh-001/request bytes=24297 forwarded=1
1786043053.283970 publish topic=ipi/airspan-followup-c2-rep1/latency/veh-001/ack bytes=240 forwarded=1
1786043053.613575 publish topic=ipi/airspan-followup-c2-rep1/latency/veh-001/request bytes=24297 forwarded=1
1786043053.614317 publish topic=ipi/airspan-followup-c2-rep1/latency/veh-001/ack bytes=240 forwarded=1
1786043053.954020 publish topic=ipi/airspan-followup-c2-rep1/latency/veh-001/request bytes=24297 forwarded=1
1786043053.954689 publish topic=ipi/airspan-followup-c2-rep1/latency/veh-001/ack bytes=240 forwarded=1
1786043054.274504 publish topic=ipi/airspan-followup-c2-rep1/latency/veh-001/request bytes=24297 forwarded=1
1786043054.275173 publish topic=ipi/airspan-followup-c2-rep1/latency/veh-001/ack bytes=240 forwarded=1
1786043054.605016 publish topic=ipi/airspan-followup-c2-rep1/latency/veh-001/request bytes=24297 forwarded=1
1786043054.605769 publish topic=ipi/airspan-followup-c2-rep1/latency/veh-001/ack bytes=240 forwarded=1
1786043054.935437 publish topic=ipi/airspan-followup-c2-rep1/latency/veh-001/request bytes=24297 forwarded=1
1786043054.936159 publish topic=ipi/airspan-followup-c2-rep1/latency/veh-001/ack bytes=240 forwarded=1
1786043055.255939 publish topic=ipi/airspan-followup-c2-rep1/latency/veh-001/request bytes=24297 forwarded=1
1786043055.256651 publish topic=ipi/airspan-followup-c2-rep1/latency/veh-001/ack bytes=240 forwarded=1
1786043055.586627 publish topic=ipi/airspan-followup-c2-rep1/latency/veh-001/request bytes=24297 forwarded=1
1786043055.587330 publish topic=ipi/airspan-followup-c2-rep1/latency/veh-001/ack bytes=240 forwarded=1
1786043055.926956 publish topic=ipi/airspan-followup-c2-rep1/latency/veh-001/request bytes=24297 forwarded=1
1786043055.927260 publish topic=ipi/airspan-followup-c2-rep1/latency/veh-001/ack bytes=240 forwarded=1
1786043056.237425 publish topic=ipi/airspan-followup-c2-rep1/latency/veh-001/request bytes=24297 forwarded=1
1786043056.237998 publish topic=ipi/airspan-followup-c2-rep1/latency/veh-001/ack bytes=240 forwarded=1
1786043056.547711 publish topic=ipi/airspan-followup-c2-rep1/latency/veh-001/request bytes=24297 forwarded=1
1786043056.548633 publish topic=ipi/airspan-followup-c2-rep1/latency/veh-001/ack bytes=240 forwarded=1
1786043056.868378 publish topic=ipi/airspan-followup-c2-rep1/latency/veh-001/request bytes=24297 forwarded=1
1786043056.869090 publish topic=ipi/airspan-followup-c2-rep1/latency/veh-001/ack bytes=240 forwarded=1
1786043057.178593 publish topic=ipi/airspan-followup-c2-rep1/latency/veh-001/request bytes=24297 forwarded=1
1786043057.179290 publish topic=ipi/airspan-followup-c2-rep1/latency/veh-001/ack bytes=240 forwarded=1
1786043057.499342 publish topic=ipi/airspan-followup-c2-rep1/latency/veh-001/request bytes=24297 forwarded=1
1786043057.500034 publish topic=ipi/airspan-followup-c2-rep1/latency/veh-001/ack bytes=240 forwarded=1
1786043057.799957 publish topic=ipi/airspan-followup-c2-rep1/latency/veh-001/request bytes=24297 forwarded=1
1786043057.800665 publish topic=ipi/airspan-followup-c2-rep1/latency/veh-001/ack bytes=240 forwarded=1
1786043058.130014 publish topic=ipi/airspan-followup-c2-rep1/latency/veh-001/request bytes=24297 forwarded=1
1786043058.130354 publish topic=ipi/airspan-followup-c2-rep1/latency/veh-001/ack bytes=240 forwarded=1
1786043058.430934 publish topic=ipi/airspan-followup-c2-rep1/latency/veh-001/request bytes=24297 forwarded=1
1786043058.431637 publish topic=ipi/airspan-followup-c2-rep1/latency/veh-001/ack bytes=240 forwarded=1
1786043058.741101 publish topic=ipi/airspan-followup-c2-rep1/latency/veh-001/request bytes=24297 forwarded=1
1786043058.741400 publish topic=ipi/airspan-followup-c2-rep1/latency/veh-001/ack bytes=240 forwarded=1
1786043059.051400 publish topic=ipi/airspan-followup-c2-rep1/latency/veh-001/request bytes=24297 forwarded=1
1786043059.051843 publish topic=ipi/airspan-followup-c2-rep1/latency/veh-001/ack bytes=240 forwarded=1
1786043059.362247 publish topic=ipi/airspan-followup-c2-rep1/latency/veh-001/request bytes=24297 forwarded=1
1786043059.362922 publish topic=ipi/airspan-followup-c2-rep1/latency/veh-001/ack bytes=240 forwarded=1
1786043059.702798 publish topic=ipi/airspan-followup-c2-rep1/latency/veh-001/request bytes=24297 forwarded=1
1786043059.703479 publish topic=ipi/airspan-followup-c2-rep1/latency/veh-001/ack bytes=240 forwarded=1
1786043060.043308 publish topic=ipi/airspan-followup-c2-rep1/latency/veh-001/request bytes=24297 forwarded=1
1786043060.044019 publish topic=ipi/airspan-followup-c2-rep1/latency/veh-001/ack bytes=240 forwarded=1
1786043060.383567 publish topic=ipi/airspan-followup-c2-rep1/latency/veh-001/request bytes=24297 forwarded=1
1786043060.384087 publish topic=ipi/airspan-followup-c2-rep1/latency/veh-001/ack bytes=240 forwarded=1
1786043060.714086 publish topic=ipi/airspan-followup-c2-rep1/latency/veh-001/request bytes=24297 forwarded=1
1786043060.714767 publish topic=ipi/airspan-followup-c2-rep1/latency/veh-001/ack bytes=240 forwarded=1
1786043061.034542 publish topic=ipi/airspan-followup-c2-rep1/latency/veh-001/request bytes=24297 forwarded=1
1786043061.035214 publish topic=ipi/airspan-followup-c2-rep1/latency/veh-001/ack bytes=240 forwarded=1
1786043061.345161 publish topic=ipi/airspan-followup-c2-rep1/latency/veh-001/request bytes=24297 forwarded=1
1786043061.345871 publish topic=ipi/airspan-followup-c2-rep1/latency/veh-001/ack bytes=240 forwarded=1
1786043061.645607 publish topic=ipi/airspan-followup-c2-rep1/latency/veh-001/request bytes=24297 forwarded=1
1786043061.646319 publish topic=ipi/airspan-followup-c2-rep1/latency/veh-001/ack bytes=240 forwarded=1
1786043061.976027 publish topic=ipi/airspan-followup-c2-rep1/latency/veh-001/request bytes=24297 forwarded=1
1786043061.976794 publish topic=ipi/airspan-followup-c2-rep1/latency/veh-001/ack bytes=240 forwarded=1
1786043062.276560 publish topic=ipi/airspan-followup-c2-rep1/latency/veh-001/request bytes=24297 forwarded=1
1786043062.277295 publish topic=ipi/airspan-followup-c2-rep1/latency/veh-001/ack bytes=240 forwarded=1
1786043062.587028 publish topic=ipi/airspan-followup-c2-rep1/latency/veh-001/request bytes=24297 forwarded=1
1786043062.587731 publish topic=ipi/airspan-followup-c2-rep1/latency/veh-001/ack bytes=240 forwarded=1
1786043062.897292 publish topic=ipi/airspan-followup-c2-rep1/latency/veh-001/request bytes=24297 forwarded=1
1786043062.897694 publish topic=ipi/airspan-followup-c2-rep1/latency/veh-001/ack bytes=240 forwarded=1
1786043063.217847 publish topic=ipi/airspan-followup-c2-rep1/latency/veh-001/request bytes=24297 forwarded=1
1786043063.218451 publish topic=ipi/airspan-followup-c2-rep1/latency/veh-001/ack bytes=240 forwarded=1
1786043063.558246 publish topic=ipi/airspan-followup-c2-rep1/latency/veh-001/request bytes=24297 forwarded=1
1786043063.558903 publish topic=ipi/airspan-followup-c2-rep1/latency/veh-001/ack bytes=240 forwarded=1
1786043063.868744 publish topic=ipi/airspan-followup-c2-rep1/latency/veh-001/request bytes=24297 forwarded=1
1786043063.869336 publish topic=ipi/airspan-followup-c2-rep1/latency/veh-001/ack bytes=240 forwarded=1
1786043064.189215 publish topic=ipi/airspan-followup-c2-rep1/latency/veh-001/request bytes=24297 forwarded=1
1786043064.189687 publish topic=ipi/airspan-followup-c2-rep1/latency/veh-001/ack bytes=240 forwarded=1
1786043064.509811 publish topic=ipi/airspan-followup-c2-rep1/latency/veh-001/request bytes=24297 forwarded=1
1786043064.510446 publish topic=ipi/airspan-followup-c2-rep1/latency/veh-001/ack bytes=240 forwarded=1
1786043064.820305 publish topic=ipi/airspan-followup-c2-rep1/latency/veh-001/request bytes=24297 forwarded=1
1786043064.820999 publish topic=ipi/airspan-followup-c2-rep1/latency/veh-001/ack bytes=240 forwarded=1
1786043065.160354 publish topic=ipi/airspan-followup-c2-rep1/latency/veh-001/request bytes=24297 forwarded=1
1786043065.160589 publish topic=ipi/airspan-followup-c2-rep1/latency/veh-001/ack bytes=240 forwarded=1
1786043065.491014 publish topic=ipi/airspan-followup-c2-rep1/latency/veh-001/request bytes=24297 forwarded=1
1786043065.491695 publish topic=ipi/airspan-followup-c2-rep1/latency/veh-001/ack bytes=240 forwarded=1
1786043065.801481 publish topic=ipi/airspan-followup-c2-rep1/latency/veh-001/request bytes=24297 forwarded=1
1786043065.802187 publish topic=ipi/airspan-followup-c2-rep1/latency/veh-001/ack bytes=240 forwarded=1
1786043066.101738 publish topic=ipi/airspan-followup-c2-rep1/latency/veh-001/request bytes=24297 forwarded=1
1786043066.102106 publish topic=ipi/airspan-followup-c2-rep1/latency/veh-001/ack bytes=240 forwarded=1
1786043066.402676 publish topic=ipi/airspan-followup-c2-rep1/latency/veh-001/request bytes=24297 forwarded=1
1786043066.403309 publish topic=ipi/airspan-followup-c2-rep1/latency/veh-001/ack bytes=240 forwarded=1
1786043066.702884 publish topic=ipi/airspan-followup-c2-rep1/latency/veh-001/request bytes=24297 forwarded=1
1786043066.703560 publish topic=ipi/airspan-followup-c2-rep1/latency/veh-001/ack bytes=240 forwarded=1
1786043067.033303 publish topic=ipi/airspan-followup-c2-rep1/latency/veh-001/request bytes=24297 forwarded=1
1786043067.034008 publish topic=ipi/airspan-followup-c2-rep1/latency/veh-001/ack bytes=240 forwarded=1
1786043067.343659 publish topic=ipi/airspan-followup-c2-rep1/latency/veh-001/request bytes=24297 forwarded=1
1786043067.344330 publish topic=ipi/airspan-followup-c2-rep1/latency/veh-001/ack bytes=240 forwarded=1
1786043067.664330 publish topic=ipi/airspan-followup-c2-rep1/latency/veh-001/request bytes=24297 forwarded=1
1786043067.665056 publish topic=ipi/airspan-followup-c2-rep1/latency/veh-001/ack bytes=240 forwarded=1
1786043068.054624 publish topic=ipi/airspan-followup-c2-rep1/latency/veh-001/request bytes=24297 forwarded=1
1786043068.054969 publish topic=ipi/airspan-followup-c2-rep1/latency/veh-001/ack bytes=240 forwarded=1
1786043068.395231 publish topic=ipi/airspan-followup-c2-rep1/latency/veh-001/request bytes=24297 forwarded=1
1786043068.395555 publish topic=ipi/airspan-followup-c2-rep1/latency/veh-001/ack bytes=240 forwarded=1
1786043068.735782 publish topic=ipi/airspan-followup-c2-rep1/latency/veh-001/request bytes=24297 forwarded=1
1786043068.736526 publish topic=ipi/airspan-followup-c2-rep1/latency/veh-001/ack bytes=240 forwarded=1
1786043069.066262 publish topic=ipi/airspan-followup-c2-rep1/latency/veh-001/request bytes=24297 forwarded=1
1786043069.067014 publish topic=ipi/airspan-followup-c2-rep1/latency/veh-001/ack bytes=240 forwarded=1
1786043069.386874 publish topic=ipi/airspan-followup-c2-rep1/latency/veh-001/request bytes=24297 forwarded=1
1786043069.387639 publish topic=ipi/airspan-followup-c2-rep1/latency/veh-001/ack bytes=240 forwarded=1
1786043069.707448 publish topic=ipi/airspan-followup-c2-rep1/latency/veh-001/request bytes=24297 forwarded=1
1786043069.708147 publish topic=ipi/airspan-followup-c2-rep1/latency/veh-001/ack bytes=240 forwarded=1
1786043070.027682 publish topic=ipi/airspan-followup-c2-rep1/latency/veh-001/request bytes=24297 forwarded=1
1786043070.028295 publish topic=ipi/airspan-followup-c2-rep1/latency/veh-001/ack bytes=240 forwarded=1
1786043070.368455 publish topic=ipi/airspan-followup-c2-rep1/latency/veh-001/request bytes=24297 forwarded=1
1786043070.369185 publish topic=ipi/airspan-followup-c2-rep1/latency/veh-001/ack bytes=240 forwarded=1
1786043070.708946 publish topic=ipi/airspan-followup-c2-rep1/latency/veh-001/request bytes=24297 forwarded=1
1786043070.709568 publish topic=ipi/airspan-followup-c2-rep1/latency/veh-001/ack bytes=240 forwarded=1
1786043071.049452 publish topic=ipi/airspan-followup-c2-rep1/latency/veh-001/request bytes=24297 forwarded=1
1786043071.050077 publish topic=ipi/airspan-followup-c2-rep1/latency/veh-001/ack bytes=240 forwarded=1
1786043071.379980 publish topic=ipi/airspan-followup-c2-rep1/latency/veh-001/request bytes=24297 forwarded=1
1786043071.380631 publish topic=ipi/airspan-followup-c2-rep1/latency/veh-001/ack bytes=240 forwarded=1
1786043071.690543 publish topic=ipi/airspan-followup-c2-rep1/latency/veh-001/request bytes=24297 forwarded=1
1786043071.691255 publish topic=ipi/airspan-followup-c2-rep1/latency/veh-001/ack bytes=240 forwarded=1
1786043072.021127 publish topic=ipi/airspan-followup-c2-rep1/latency/veh-001/request bytes=24297 forwarded=1
1786043072.021788 publish topic=ipi/airspan-followup-c2-rep1/latency/veh-001/ack bytes=240 forwarded=1
1786043072.341522 publish topic=ipi/airspan-followup-c2-rep1/latency/veh-001/request bytes=24297 forwarded=1
1786043072.342190 publish topic=ipi/airspan-followup-c2-rep1/latency/veh-001/ack bytes=240 forwarded=1
1786043072.662091 publish topic=ipi/airspan-followup-c2-rep1/latency/veh-001/request bytes=24297 forwarded=1
1786043072.662748 publish topic=ipi/airspan-followup-c2-rep1/latency/veh-001/ack bytes=240 forwarded=1
1786043072.982133 publish topic=ipi/airspan-followup-c2-rep1/latency/veh-001/request bytes=24297 forwarded=1
1786043072.982750 publish topic=ipi/airspan-followup-c2-rep1/latency/veh-001/ack bytes=240 forwarded=1
1786043073.382686 publish topic=ipi/airspan-followup-c2-rep1/latency/veh-001/request bytes=24297 forwarded=1
1786043073.383402 publish topic=ipi/airspan-followup-c2-rep1/latency/veh-001/ack bytes=240 forwarded=1
1786043074.184312 publish topic=ipi/airspan-followup-c2-rep1/latency/veh-001/request bytes=24297 forwarded=1
1786043074.184731 publish topic=ipi/airspan-followup-c2-rep1/latency/veh-001/ack bytes=240 forwarded=1
1786043074.524798 publish topic=ipi/airspan-followup-c2-rep1/latency/veh-001/request bytes=24297 forwarded=1
1786043074.525466 publish topic=ipi/airspan-followup-c2-rep1/latency/veh-001/ack bytes=240 forwarded=1
1786043074.865259 publish topic=ipi/airspan-followup-c2-rep1/latency/veh-001/request bytes=24297 forwarded=1
1786043074.865891 publish topic=ipi/airspan-followup-c2-rep1/latency/veh-001/ack bytes=240 forwarded=1
1786043075.205966 publish topic=ipi/airspan-followup-c2-rep1/latency/veh-001/request bytes=24297 forwarded=1
1786043075.206473 publish topic=ipi/airspan-followup-c2-rep1/latency/veh-001/ack bytes=240 forwarded=1
1786043075.546370 publish topic=ipi/airspan-followup-c2-rep1/latency/veh-001/request bytes=24297 forwarded=1
1786043075.546716 publish topic=ipi/airspan-followup-c2-rep1/latency/veh-001/ack bytes=240 forwarded=1
1786043075.886954 publish topic=ipi/airspan-followup-c2-rep1/latency/veh-001/request bytes=24297 forwarded=1
1786043075.887656 publish topic=ipi/airspan-followup-c2-rep1/latency/veh-001/ack bytes=240 forwarded=1
1786043076.227158 publish topic=ipi/airspan-followup-c2-rep1/latency/veh-001/request bytes=24297 forwarded=1
1786043076.227384 publish topic=ipi/airspan-followup-c2-rep1/latency/veh-001/ack bytes=240 forwarded=1
1786043076.577983 publish topic=ipi/airspan-followup-c2-rep1/latency/veh-001/request bytes=24297 forwarded=1
1786043076.578640 publish topic=ipi/airspan-followup-c2-rep1/latency/veh-001/ack bytes=240 forwarded=1
1786043076.918605 publish topic=ipi/airspan-followup-c2-rep1/latency/veh-001/request bytes=24297 forwarded=1
1786043076.919282 publish topic=ipi/airspan-followup-c2-rep1/latency/veh-001/ack bytes=240 forwarded=1
1786043077.268970 publish topic=ipi/airspan-followup-c2-rep1/latency/veh-001/request bytes=24297 forwarded=1
1786043077.269744 publish topic=ipi/airspan-followup-c2-rep1/latency/veh-001/ack bytes=240 forwarded=1
1786043077.619249 publish topic=ipi/airspan-followup-c2-rep1/latency/veh-001/request bytes=24297 forwarded=1
1786043077.619756 publish topic=ipi/airspan-followup-c2-rep1/latency/veh-001/ack bytes=240 forwarded=1
1786043077.950005 publish topic=ipi/airspan-followup-c2-rep1/latency/veh-001/request bytes=24297 forwarded=1
1786043077.950447 publish topic=ipi/airspan-followup-c2-rep1/latency/veh-001/ack bytes=240 forwarded=1
1786043078.270672 publish topic=ipi/airspan-followup-c2-rep1/latency/veh-001/request bytes=24297 forwarded=1
1786043078.271415 publish topic=ipi/airspan-followup-c2-rep1/latency/veh-001/ack bytes=240 forwarded=1
1786043078.611177 publish topic=ipi/airspan-followup-c2-rep1/latency/veh-001/request bytes=24297 forwarded=1
1786043078.611844 publish topic=ipi/airspan-followup-c2-rep1/latency/veh-001/ack bytes=240 forwarded=1
1786043078.931523 publish topic=ipi/airspan-followup-c2-rep1/latency/veh-001/request bytes=24297 forwarded=1
1786043078.932192 publish topic=ipi/airspan-followup-c2-rep1/latency/veh-001/ack bytes=240 forwarded=1
1786043079.261844 publish topic=ipi/airspan-followup-c2-rep1/latency/veh-001/request bytes=24297 forwarded=1
1786043079.262529 publish topic=ipi/airspan-followup-c2-rep1/latency/veh-001/ack bytes=240 forwarded=1
1786043079.662746 publish topic=ipi/airspan-followup-c2-rep1/latency/veh-001/request bytes=24297 forwarded=1
1786043079.663414 publish topic=ipi/airspan-followup-c2-rep1/latency/veh-001/ack bytes=240 forwarded=1
1786043080.013150 publish topic=ipi/airspan-followup-c2-rep1/latency/veh-001/request bytes=24297 forwarded=1
1786043080.013824 publish topic=ipi/airspan-followup-c2-rep1/latency/veh-001/ack bytes=240 forwarded=1
1786043080.353617 publish topic=ipi/airspan-followup-c2-rep1/latency/veh-001/request bytes=24297 forwarded=1
1786043080.354258 publish topic=ipi/airspan-followup-c2-rep1/latency/veh-001/ack bytes=240 forwarded=1
1786043080.694040 publish topic=ipi/airspan-followup-c2-rep1/latency/veh-001/request bytes=24297 forwarded=1
1786043080.694299 publish topic=ipi/airspan-followup-c2-rep1/latency/veh-001/ack bytes=240 forwarded=1
1786043081.044499 publish topic=ipi/airspan-followup-c2-rep1/latency/veh-001/request bytes=24297 forwarded=1
1786043081.045130 publish topic=ipi/airspan-followup-c2-rep1/latency/veh-001/ack bytes=240 forwarded=1
1786043081.365299 publish topic=ipi/airspan-followup-c2-rep1/latency/veh-001/request bytes=24297 forwarded=1
1786043081.366085 publish topic=ipi/airspan-followup-c2-rep1/latency/veh-001/ack bytes=240 forwarded=1
1786043081.685645 publish topic=ipi/airspan-followup-c2-rep1/latency/veh-001/request bytes=24297 forwarded=1
1786043081.686303 publish topic=ipi/airspan-followup-c2-rep1/latency/veh-001/ack bytes=240 forwarded=1
1786043082.005964 publish topic=ipi/airspan-followup-c2-rep1/latency/veh-001/request bytes=24297 forwarded=1
1786043082.006189 publish topic=ipi/airspan-followup-c2-rep1/latency/veh-001/ack bytes=240 forwarded=1
1786043082.346560 publish topic=ipi/airspan-followup-c2-rep1/latency/veh-001/request bytes=24297 forwarded=1
1786043082.347199 publish topic=ipi/airspan-followup-c2-rep1/latency/veh-001/ack bytes=240 forwarded=1
1786043082.667264 publish topic=ipi/airspan-followup-c2-rep1/latency/veh-001/request bytes=24297 forwarded=1
1786043082.667935 publish topic=ipi/airspan-followup-c2-rep1/latency/veh-001/ack bytes=240 forwarded=1
1786043082.987327 publish topic=ipi/airspan-followup-c2-rep1/latency/veh-001/request bytes=24297 forwarded=1
1786043082.987684 publish topic=ipi/airspan-followup-c2-rep1/latency/veh-001/ack bytes=240 forwarded=1
1786043083.338056 publish topic=ipi/airspan-followup-c2-rep1/latency/veh-001/request bytes=24297 forwarded=1
1786043083.338732 publish topic=ipi/airspan-followup-c2-rep1/latency/veh-001/ack bytes=240 forwarded=1
1786043083.698338 publish topic=ipi/airspan-followup-c2-rep1/latency/veh-001/request bytes=24297 forwarded=1
1786043083.698997 publish topic=ipi/airspan-followup-c2-rep1/latency/veh-001/ack bytes=240 forwarded=1
1786043084.029061 publish topic=ipi/airspan-followup-c2-rep1/latency/veh-001/request bytes=24297 forwarded=1
1786043084.029771 publish topic=ipi/airspan-followup-c2-rep1/latency/veh-001/ack bytes=240 forwarded=1
1786043084.359571 publish topic=ipi/airspan-followup-c2-rep1/latency/veh-001/request bytes=24297 forwarded=1
1786043084.360278 publish topic=ipi/airspan-followup-c2-rep1/latency/veh-001/ack bytes=240 forwarded=1
1786043084.679817 publish topic=ipi/airspan-followup-c2-rep1/latency/veh-001/request bytes=24297 forwarded=1
1786043084.680281 publish topic=ipi/airspan-followup-c2-rep1/latency/veh-001/ack bytes=240 forwarded=1
1786043085.030673 publish topic=ipi/airspan-followup-c2-rep1/latency/veh-001/request bytes=24297 forwarded=1
1786043085.031333 publish topic=ipi/airspan-followup-c2-rep1/latency/veh-001/ack bytes=240 forwarded=1
1786043085.371071 publish topic=ipi/airspan-followup-c2-rep1/latency/veh-001/request bytes=24297 forwarded=1
1786043085.371742 publish topic=ipi/airspan-followup-c2-rep1/latency/veh-001/ack bytes=240 forwarded=1
1786043085.691388 publish topic=ipi/airspan-followup-c2-rep1/latency/veh-001/request bytes=24297 forwarded=1
1786043085.691627 publish topic=ipi/airspan-followup-c2-rep1/latency/veh-001/ack bytes=240 forwarded=1
1786043086.022201 publish topic=ipi/airspan-followup-c2-rep1/latency/veh-001/request bytes=24297 forwarded=1
1786043086.022866 publish topic=ipi/airspan-followup-c2-rep1/latency/veh-001/ack bytes=240 forwarded=1
1786043086.342286 publish topic=ipi/airspan-followup-c2-rep1/latency/veh-001/request bytes=24297 forwarded=1
1786043086.342583 publish topic=ipi/airspan-followup-c2-rep1/latency/veh-001/ack bytes=240 forwarded=1
1786043086.683187 publish topic=ipi/airspan-followup-c2-rep1/latency/veh-001/request bytes=24297 forwarded=1
1786043086.683852 publish topic=ipi/airspan-followup-c2-rep1/latency/veh-001/ack bytes=240 forwarded=1
1786043087.023835 publish topic=ipi/airspan-followup-c2-rep1/latency/veh-001/request bytes=24297 forwarded=1
1786043087.024493 publish topic=ipi/airspan-followup-c2-rep1/latency/veh-001/ack bytes=240 forwarded=1
1786043087.354462 publish topic=ipi/airspan-followup-c2-rep1/latency/veh-001/request bytes=24297 forwarded=1
1786043087.355117 publish topic=ipi/airspan-followup-c2-rep1/latency/veh-001/ack bytes=240 forwarded=1
1786043087.694610 publish topic=ipi/airspan-followup-c2-rep1/latency/veh-001/request bytes=24297 forwarded=1
1786043087.695305 publish topic=ipi/airspan-followup-c2-rep1/latency/veh-001/ack bytes=240 forwarded=1
1786043088.035481 publish topic=ipi/airspan-followup-c2-rep1/latency/veh-001/request bytes=24297 forwarded=1
1786043088.035826 publish topic=ipi/airspan-followup-c2-rep1/latency/veh-001/ack bytes=240 forwarded=1
1786043088.355955 publish topic=ipi/airspan-followup-c2-rep1/latency/veh-001/request bytes=24297 forwarded=1
1786043088.356634 publish topic=ipi/airspan-followup-c2-rep1/latency/veh-001/ack bytes=240 forwarded=1
1786043088.646358 publish topic=ipi/airspan-followup-c2-rep1/latency/veh-001/request bytes=24297 forwarded=1
1786043088.646744 publish topic=ipi/airspan-followup-c2-rep1/latency/veh-001/ack bytes=240 forwarded=1
1786043088.966846 publish topic=ipi/airspan-followup-c2-rep1/latency/veh-001/request bytes=24297 forwarded=1
1786043088.967503 publish topic=ipi/airspan-followup-c2-rep1/latency/veh-001/ack bytes=240 forwarded=1
1786043089.287255 publish topic=ipi/airspan-followup-c2-rep1/latency/veh-001/request bytes=24297 forwarded=1
1786043089.287905 publish topic=ipi/airspan-followup-c2-rep1/latency/veh-001/ack bytes=240 forwarded=1
1786043089.597983 publish topic=ipi/airspan-followup-c2-rep1/latency/veh-001/request bytes=24297 forwarded=1
1786043089.598637 publish topic=ipi/airspan-followup-c2-rep1/latency/veh-001/ack bytes=240 forwarded=1
1786043089.928264 publish topic=ipi/airspan-followup-c2-rep1/latency/veh-001/request bytes=24297 forwarded=1
1786043089.929039 publish topic=ipi/airspan-followup-c2-rep1/latency/veh-001/ack bytes=240 forwarded=1
1786043090.258849 publish topic=ipi/airspan-followup-c2-rep1/latency/veh-001/request bytes=24297 forwarded=1
1786043090.259512 publish topic=ipi/airspan-followup-c2-rep1/latency/veh-001/ack bytes=240 forwarded=1
1786043090.579182 publish topic=ipi/airspan-followup-c2-rep1/latency/veh-001/request bytes=24297 forwarded=1
1786043090.579848 publish topic=ipi/airspan-followup-c2-rep1/latency/veh-001/ack bytes=240 forwarded=1
1786043090.929845 publish topic=ipi/airspan-followup-c2-rep1/latency/veh-001/request bytes=24297 forwarded=1
1786043090.930168 publish topic=ipi/airspan-followup-c2-rep1/latency/veh-001/ack bytes=240 forwarded=1
1786043091.250447 publish topic=ipi/airspan-followup-c2-rep1/latency/veh-001/request bytes=24297 forwarded=1
1786043091.251149 publish topic=ipi/airspan-followup-c2-rep1/latency/veh-001/ack bytes=240 forwarded=1
1786043091.570580 publish topic=ipi/airspan-followup-c2-rep1/latency/veh-001/request bytes=24297 forwarded=1
1786043091.571229 publish topic=ipi/airspan-followup-c2-rep1/latency/veh-001/ack bytes=240 forwarded=1
1786043091.890908 publish topic=ipi/airspan-followup-c2-rep1/latency/veh-001/request bytes=24297 forwarded=1
1786043091.891187 publish topic=ipi/airspan-followup-c2-rep1/latency/veh-001/ack bytes=240 forwarded=1
1786043092.251633 publish topic=ipi/airspan-followup-c2-rep1/latency/veh-001/request bytes=24297 forwarded=1
1786043092.252243 publish topic=ipi/airspan-followup-c2-rep1/latency/veh-001/ack bytes=240 forwarded=1
1786043092.612192 publish topic=ipi/airspan-followup-c2-rep1/latency/veh-001/request bytes=24297 forwarded=1
1786043092.612487 publish topic=ipi/airspan-followup-c2-rep1/latency/veh-001/ack bytes=240 forwarded=1
1786043093.003075 publish topic=ipi/airspan-followup-c2-rep1/latency/veh-001/request bytes=24297 forwarded=1
1786043093.003750 publish topic=ipi/airspan-followup-c2-rep1/latency/veh-001/ack bytes=240 forwarded=1
1786043093.323734 publish topic=ipi/airspan-followup-c2-rep1/latency/veh-001/request bytes=24297 forwarded=1
1786043093.324466 publish topic=ipi/airspan-followup-c2-rep1/latency/veh-001/ack bytes=240 forwarded=1
1786043093.674114 publish topic=ipi/airspan-followup-c2-rep1/latency/veh-001/request bytes=24297 forwarded=1
1786043093.674371 publish topic=ipi/airspan-followup-c2-rep1/latency/veh-001/ack bytes=240 forwarded=1
1786043093.984811 publish topic=ipi/airspan-followup-c2-rep1/latency/veh-001/request bytes=24297 forwarded=1
1786043093.985437 publish topic=ipi/airspan-followup-c2-rep1/latency/veh-001/ack bytes=240 forwarded=1
1786043094.305254 publish topic=ipi/airspan-followup-c2-rep1/latency/veh-001/request bytes=24297 forwarded=1
1786043094.305711 publish topic=ipi/airspan-followup-c2-rep1/latency/veh-001/ack bytes=240 forwarded=1
1786043094.625792 publish topic=ipi/airspan-followup-c2-rep1/latency/veh-001/request bytes=24297 forwarded=1
1786043094.626384 publish topic=ipi/airspan-followup-c2-rep1/latency/veh-001/ack bytes=240 forwarded=1
1786043094.956347 publish topic=ipi/airspan-followup-c2-rep1/latency/veh-001/request bytes=24297 forwarded=1
1786043094.957084 publish topic=ipi/airspan-followup-c2-rep1/latency/veh-001/ack bytes=240 forwarded=1
1786043095.286847 publish topic=ipi/airspan-followup-c2-rep1/latency/veh-001/request bytes=24297 forwarded=1
1786043095.287497 publish topic=ipi/airspan-followup-c2-rep1/latency/veh-001/ack bytes=240 forwarded=1
1786043095.607088 publish topic=ipi/airspan-followup-c2-rep1/latency/veh-001/request bytes=24297 forwarded=1
1786043095.607707 publish topic=ipi/airspan-followup-c2-rep1/latency/veh-001/ack bytes=240 forwarded=1
1786043095.947519 publish topic=ipi/airspan-followup-c2-rep1/latency/veh-001/request bytes=24297 forwarded=1
1786043095.948119 publish topic=ipi/airspan-followup-c2-rep1/latency/veh-001/ack bytes=240 forwarded=1
1786043096.288441 publish topic=ipi/airspan-followup-c2-rep1/latency/veh-001/request bytes=24297 forwarded=1
1786043096.289118 publish topic=ipi/airspan-followup-c2-rep1/latency/veh-001/ack bytes=240 forwarded=1
1786043096.628887 publish topic=ipi/airspan-followup-c2-rep1/latency/veh-001/request bytes=24297 forwarded=1
1786043096.629610 publish topic=ipi/airspan-followup-c2-rep1/latency/veh-001/ack bytes=240 forwarded=1
1786043096.969375 publish topic=ipi/airspan-followup-c2-rep1/latency/veh-001/request bytes=24297 forwarded=1
1786043096.970030 publish topic=ipi/airspan-followup-c2-rep1/latency/veh-001/ack bytes=240 forwarded=1
1786043097.309917 publish topic=ipi/airspan-followup-c2-rep1/latency/veh-001/request bytes=24297 forwarded=1
1786043097.310562 publish topic=ipi/airspan-followup-c2-rep1/latency/veh-001/ack bytes=240 forwarded=1
1786043097.659914 publish topic=ipi/airspan-followup-c2-rep1/latency/veh-001/request bytes=24297 forwarded=1
1786043097.660157 publish topic=ipi/airspan-followup-c2-rep1/latency/veh-001/ack bytes=240 forwarded=1
1786043097.980774 publish topic=ipi/airspan-followup-c2-rep1/latency/veh-001/request bytes=24297 forwarded=1
1786043097.981439 publish topic=ipi/airspan-followup-c2-rep1/latency/veh-001/ack bytes=240 forwarded=1
1786043098.321129 publish topic=ipi/airspan-followup-c2-rep1/latency/veh-001/request bytes=24297 forwarded=1
1786043098.321887 publish topic=ipi/airspan-followup-c2-rep1/latency/veh-001/ack bytes=240 forwarded=1
1786043098.651471 publish topic=ipi/airspan-followup-c2-rep1/latency/veh-001/request bytes=24297 forwarded=1
1786043098.651806 publish topic=ipi/airspan-followup-c2-rep1/latency/veh-001/ack bytes=240 forwarded=1
1786043098.972164 publish topic=ipi/airspan-followup-c2-rep1/latency/veh-001/request bytes=24297 forwarded=1
1786043098.972845 publish topic=ipi/airspan-followup-c2-rep1/latency/veh-001/ack bytes=240 forwarded=1
1786043099.282748 publish topic=ipi/airspan-followup-c2-rep1/latency/veh-001/request bytes=24297 forwarded=1
1786043099.283420 publish topic=ipi/airspan-followup-c2-rep1/latency/veh-001/ack bytes=240 forwarded=1
1786043099.613092 publish topic=ipi/airspan-followup-c2-rep1/latency/veh-001/request bytes=24297 forwarded=1
1786043099.613796 publish topic=ipi/airspan-followup-c2-rep1/latency/veh-001/ack bytes=240 forwarded=1
1786043099.943687 publish topic=ipi/airspan-followup-c2-rep1/latency/veh-001/request bytes=24297 forwarded=1
1786043099.944357 publish topic=ipi/airspan-followup-c2-rep1/latency/veh-001/ack bytes=240 forwarded=1
1786043100.304031 publish topic=ipi/airspan-followup-c2-rep1/latency/veh-001/request bytes=24297 forwarded=1
1786043100.304751 publish topic=ipi/airspan-followup-c2-rep1/latency/veh-001/ack bytes=240 forwarded=1
1786043100.634516 publish topic=ipi/airspan-followup-c2-rep1/latency/veh-001/request bytes=24297 forwarded=1
1786043100.635186 publish topic=ipi/airspan-followup-c2-rep1/latency/veh-001/ack bytes=240 forwarded=1
1786043100.965120 publish topic=ipi/airspan-followup-c2-rep1/latency/veh-001/request bytes=24297 forwarded=1
1786043100.965791 publish topic=ipi/airspan-followup-c2-rep1/latency/veh-001/ack bytes=240 forwarded=1
1786043101.295593 publish topic=ipi/airspan-followup-c2-rep1/latency/veh-001/request bytes=24297 forwarded=1
1786043101.296227 publish topic=ipi/airspan-followup-c2-rep1/latency/veh-001/ack bytes=240 forwarded=1
1786043101.616013 publish topic=ipi/airspan-followup-c2-rep1/latency/veh-001/request bytes=24297 forwarded=1
1786043101.616313 publish topic=ipi/airspan-followup-c2-rep1/latency/veh-001/ack bytes=240 forwarded=1
1786043101.926654 publish topic=ipi/airspan-followup-c2-rep1/latency/veh-001/request bytes=24297 forwarded=1
1786043101.927311 publish topic=ipi/airspan-followup-c2-rep1/latency/veh-001/ack bytes=240 forwarded=1
1786043102.246943 publish topic=ipi/airspan-followup-c2-rep1/latency/veh-001/request bytes=24297 forwarded=1
1786043102.247240 publish topic=ipi/airspan-followup-c2-rep1/latency/veh-001/ack bytes=240 forwarded=1
1786043102.587532 publish topic=ipi/airspan-followup-c2-rep1/latency/veh-001/request bytes=24297 forwarded=1
1786043102.588269 publish topic=ipi/airspan-followup-c2-rep1/latency/veh-001/ack bytes=240 forwarded=1
1786043102.917845 publish topic=ipi/airspan-followup-c2-rep1/latency/veh-001/request bytes=24297 forwarded=1
1786043102.918471 publish topic=ipi/airspan-followup-c2-rep1/latency/veh-001/ack bytes=240 forwarded=1
1786043103.268769 publish topic=ipi/airspan-followup-c2-rep1/latency/veh-001/request bytes=24297 forwarded=1
1786043103.269486 publish topic=ipi/airspan-followup-c2-rep1/latency/veh-001/ack bytes=240 forwarded=1
1786043103.609278 publish topic=ipi/airspan-followup-c2-rep1/latency/veh-001/request bytes=24297 forwarded=1
1786043103.609945 publish topic=ipi/airspan-followup-c2-rep1/latency/veh-001/ack bytes=240 forwarded=1
1786043103.939690 publish topic=ipi/airspan-followup-c2-rep1/latency/veh-001/request bytes=24297 forwarded=1
1786043103.940259 publish topic=ipi/airspan-followup-c2-rep1/latency/veh-001/ack bytes=240 forwarded=1
1786043104.269966 publish topic=ipi/airspan-followup-c2-rep1/latency/veh-001/request bytes=24297 forwarded=1
1786043104.270636 publish topic=ipi/airspan-followup-c2-rep1/latency/veh-001/ack bytes=240 forwarded=1
1786043104.580521 publish topic=ipi/airspan-followup-c2-rep1/latency/veh-001/request bytes=24297 forwarded=1
1786043104.581213 publish topic=ipi/airspan-followup-c2-rep1/latency/veh-001/ack bytes=240 forwarded=1
1786043104.910998 publish topic=ipi/airspan-followup-c2-rep1/latency/veh-001/request bytes=24297 forwarded=1
1786043104.911914 publish topic=ipi/airspan-followup-c2-rep1/latency/veh-001/ack bytes=240 forwarded=1
1786043105.221422 publish topic=ipi/airspan-followup-c2-rep1/latency/veh-001/request bytes=24297 forwarded=1
1786043105.222098 publish topic=ipi/airspan-followup-c2-rep1/latency/veh-001/ack bytes=240 forwarded=1
1786043105.541901 publish topic=ipi/airspan-followup-c2-rep1/latency/veh-001/request bytes=24297 forwarded=1
1786043105.542574 publish topic=ipi/airspan-followup-c2-rep1/latency/veh-001/ack bytes=240 forwarded=1
1786043105.882234 publish topic=ipi/airspan-followup-c2-rep1/latency/veh-001/request bytes=24297 forwarded=1
1786043105.882904 publish topic=ipi/airspan-followup-c2-rep1/latency/veh-001/ack bytes=240 forwarded=1
1786043106.202599 publish topic=ipi/airspan-followup-c2-rep1/latency/veh-001/request bytes=24297 forwarded=1
1786043106.202975 publish topic=ipi/airspan-followup-c2-rep1/latency/veh-001/ack bytes=240 forwarded=1
1786043106.533103 publish topic=ipi/airspan-followup-c2-rep1/latency/veh-001/request bytes=24297 forwarded=1
1786043106.533782 publish topic=ipi/airspan-followup-c2-rep1/latency/veh-001/ack bytes=240 forwarded=1
1786043106.863700 publish topic=ipi/airspan-followup-c2-rep1/latency/veh-001/request bytes=24297 forwarded=1
1786043106.864367 publish topic=ipi/airspan-followup-c2-rep1/latency/veh-001/ack bytes=240 forwarded=1
1786043107.204185 publish topic=ipi/airspan-followup-c2-rep1/latency/veh-001/request bytes=24297 forwarded=1
1786043107.204834 publish topic=ipi/airspan-followup-c2-rep1/latency/veh-001/ack bytes=240 forwarded=1
1786043107.274388 close ('<private-ip>', 50316) disconnect
