threaded mqtt broker listening on <private-ip>:1883
1786053614.491032 accept ('<private-ip>', 44174)
1786053614.491649 close ('<private-ip>', 44174) closed
1786053615.057181 accept ('<private-ip>', 55674)
1786053615.057940 subscribe ('<private-ip>', 55674) ipi/airspan-followup-c1-rep1/latency/veh-001/request
1786053741.778012 accept ('<private-ip>', 35354)
1786053741.797704 subscribe ('<private-ip>', 35354) ipi/airspan-followup-c1-rep1/latency/veh-001/ack
1786053741.817903 publish topic=ipi/airspan-followup-c1-rep1/latency/veh-001/request bytes=1353 forwarded=1
1786053741.818556 publish topic=ipi/airspan-followup-c1-rep1/latency/veh-001/ack bytes=237 forwarded=1
1786053742.048026 publish topic=ipi/airspan-followup-c1-rep1/latency/veh-001/request bytes=1353 forwarded=1
1786053742.048481 publish topic=ipi/airspan-followup-c1-rep1/latency/veh-001/ack bytes=237 forwarded=1
1786053742.278402 publish topic=ipi/airspan-followup-c1-rep1/latency/veh-001/request bytes=1353 forwarded=1
1786053742.279004 publish topic=ipi/airspan-followup-c1-rep1/latency/veh-001/ack bytes=237 forwarded=1
1786053742.498906 publish topic=ipi/airspan-followup-c1-rep1/latency/veh-001/request bytes=1353 forwarded=1
1786053742.499557 publish topic=ipi/airspan-followup-c1-rep1/latency/veh-001/ack bytes=237 forwarded=1
1786053742.719286 publish topic=ipi/airspan-followup-c1-rep1/latency/veh-001/request bytes=1353 forwarded=1
1786053742.719923 publish topic=ipi/airspan-followup-c1-rep1/latency/veh-001/ack bytes=237 forwarded=1
1786053742.939547 publish topic=ipi/airspan-followup-c1-rep1/latency/veh-001/request bytes=1353 forwarded=1
1786053742.940157 publish topic=ipi/airspan-followup-c1-rep1/latency/veh-001/ack bytes=237 forwarded=1
1786053743.170137 publish topic=ipi/airspan-followup-c1-rep1/latency/veh-001/request bytes=1353 forwarded=1
1786053743.170785 publish topic=ipi/airspan-followup-c1-rep1/latency/veh-001/ack bytes=237 forwarded=1
1786053743.400339 publish topic=ipi/airspan-followup-c1-rep1/latency/veh-001/request bytes=1353 forwarded=1
1786053743.400968 publish topic=ipi/airspan-followup-c1-rep1/latency/veh-001/ack bytes=237 forwarded=1
1786053743.620853 publish topic=ipi/airspan-followup-c1-rep1/latency/veh-001/request bytes=1353 forwarded=1
1786053743.621488 publish topic=ipi/airspan-followup-c1-rep1/latency/veh-001/ack bytes=237 forwarded=1
1786053743.851199 publish topic=ipi/airspan-followup-c1-rep1/latency/veh-001/request bytes=1355 forwarded=1
1786053743.851733 publish topic=ipi/airspan-followup-c1-rep1/latency/veh-001/ack bytes=238 forwarded=1
1786053744.081646 publish topic=ipi/airspan-followup-c1-rep1/latency/veh-001/request bytes=1355 forwarded=1
1786053744.082078 publish topic=ipi/airspan-followup-c1-rep1/latency/veh-001/ack bytes=238 forwarded=1
1786053744.312285 publish topic=ipi/airspan-followup-c1-rep1/latency/veh-001/request bytes=1355 forwarded=1
1786053744.312964 publish topic=ipi/airspan-followup-c1-rep1/latency/veh-001/ack bytes=238 forwarded=1
1786053744.532587 publish topic=ipi/airspan-followup-c1-rep1/latency/veh-001/request bytes=1355 forwarded=1
1786053744.533266 publish topic=ipi/airspan-followup-c1-rep1/latency/veh-001/ack bytes=238 forwarded=1
1786053744.753142 publish topic=ipi/airspan-followup-c1-rep1/latency/veh-001/request bytes=1355 forwarded=1
1786053744.753782 publish topic=ipi/airspan-followup-c1-rep1/latency/veh-001/ack bytes=238 forwarded=1
1786053744.983160 publish topic=ipi/airspan-followup-c1-rep1/latency/veh-001/request bytes=1355 forwarded=1
1786053744.983440 publish topic=ipi/airspan-followup-c1-rep1/latency/veh-001/ack bytes=238 forwarded=1
1786053745.213473 publish topic=ipi/airspan-followup-c1-rep1/latency/veh-001/request bytes=1355 forwarded=1
1786053745.214106 publish topic=ipi/airspan-followup-c1-rep1/latency/veh-001/ack bytes=238 forwarded=1
1786053745.443741 publish topic=ipi/airspan-followup-c1-rep1/latency/veh-001/request bytes=1355 forwarded=1
1786053745.444093 publish topic=ipi/airspan-followup-c1-rep1/latency/veh-001/ack bytes=238 forwarded=1
1786053745.674376 publish topic=ipi/airspan-followup-c1-rep1/latency/veh-001/request bytes=1355 forwarded=1
1786053745.675020 publish topic=ipi/airspan-followup-c1-rep1/latency/veh-001/ack bytes=238 forwarded=1
1786053745.904728 publish topic=ipi/airspan-followup-c1-rep1/latency/veh-001/request bytes=1355 forwarded=1
1786053745.905333 publish topic=ipi/airspan-followup-c1-rep1/latency/veh-001/ack bytes=238 forwarded=1
1786053746.134944 publish topic=ipi/airspan-followup-c1-rep1/latency/veh-001/request bytes=1355 forwarded=1
1786053746.136144 publish topic=ipi/airspan-followup-c1-rep1/latency/veh-001/ack bytes=238 forwarded=1
1786053746.365657 publish topic=ipi/airspan-followup-c1-rep1/latency/veh-001/request bytes=1355 forwarded=1
1786053746.366291 publish topic=ipi/airspan-followup-c1-rep1/latency/veh-001/ack bytes=238 forwarded=1
1786053746.585977 publish topic=ipi/airspan-followup-c1-rep1/latency/veh-001/request bytes=1355 forwarded=1
1786053746.586628 publish topic=ipi/airspan-followup-c1-rep1/latency/veh-001/ack bytes=238 forwarded=1
1786053746.816110 publish topic=ipi/airspan-followup-c1-rep1/latency/veh-001/request bytes=1355 forwarded=1
1786053746.817590 publish topic=ipi/airspan-followup-c1-rep1/latency/veh-001/ack bytes=238 forwarded=1
1786053747.046749 publish topic=ipi/airspan-followup-c1-rep1/latency/veh-001/request bytes=1355 forwarded=1
1786053747.047459 publish topic=ipi/airspan-followup-c1-rep1/latency/veh-001/ack bytes=238 forwarded=1
1786053747.277074 publish topic=ipi/airspan-followup-c1-rep1/latency/veh-001/request bytes=1355 forwarded=1
1786053747.277612 publish topic=ipi/airspan-followup-c1-rep1/latency/veh-001/ack bytes=238 forwarded=1
1786053747.507267 publish topic=ipi/airspan-followup-c1-rep1/latency/veh-001/request bytes=1355 forwarded=1
1786053747.507923 publish topic=ipi/airspan-followup-c1-rep1/latency/veh-001/ack bytes=238 forwarded=1
1786053747.737528 publish topic=ipi/airspan-followup-c1-rep1/latency/veh-001/request bytes=1355 forwarded=1
1786053747.738125 publish topic=ipi/airspan-followup-c1-rep1/latency/veh-001/ack bytes=238 forwarded=1
1786053747.967927 publish topic=ipi/airspan-followup-c1-rep1/latency/veh-001/request bytes=1355 forwarded=1
1786053747.968200 publish topic=ipi/airspan-followup-c1-rep1/latency/veh-001/ack bytes=238 forwarded=1
1786053748.188450 publish topic=ipi/airspan-followup-c1-rep1/latency/veh-001/request bytes=1355 forwarded=1
1786053748.189141 publish topic=ipi/airspan-followup-c1-rep1/latency/veh-001/ack bytes=238 forwarded=1
1786053748.418766 publish topic=ipi/airspan-followup-c1-rep1/latency/veh-001/request bytes=1355 forwarded=1
1786053748.419378 publish topic=ipi/airspan-followup-c1-rep1/latency/veh-001/ack bytes=238 forwarded=1
1786053748.659181 publish topic=ipi/airspan-followup-c1-rep1/latency/veh-001/request bytes=1355 forwarded=1
1786053748.659823 publish topic=ipi/airspan-followup-c1-rep1/latency/veh-001/ack bytes=238 forwarded=1
1786053748.889294 publish topic=ipi/airspan-followup-c1-rep1/latency/veh-001/request bytes=1355 forwarded=1
1786053748.889597 publish topic=ipi/airspan-followup-c1-rep1/latency/veh-001/ack bytes=238 forwarded=1
1786053749.130057 publish topic=ipi/airspan-followup-c1-rep1/latency/veh-001/request bytes=1355 forwarded=1
1786053749.130726 publish topic=ipi/airspan-followup-c1-rep1/latency/veh-001/ack bytes=238 forwarded=1
1786053749.360436 publish topic=ipi/airspan-followup-c1-rep1/latency/veh-001/request bytes=1355 forwarded=1
1786053749.361095 publish topic=ipi/airspan-followup-c1-rep1/latency/veh-001/ack bytes=238 forwarded=1
1786053749.590831 publish topic=ipi/airspan-followup-c1-rep1/latency/veh-001/request bytes=1355 forwarded=1
1786053749.591504 publish topic=ipi/airspan-followup-c1-rep1/latency/veh-001/ack bytes=238 forwarded=1
1786053749.821187 publish topic=ipi/airspan-followup-c1-rep1/latency/veh-001/request bytes=1355 forwarded=1
1786053749.821833 publish topic=ipi/airspan-followup-c1-rep1/latency/veh-001/ack bytes=238 forwarded=1
1786053750.051727 publish topic=ipi/airspan-followup-c1-rep1/latency/veh-001/request bytes=1355 forwarded=1
1786053750.052377 publish topic=ipi/airspan-followup-c1-rep1/latency/veh-001/ack bytes=238 forwarded=1
1786053750.282215 publish topic=ipi/airspan-followup-c1-rep1/latency/veh-001/request bytes=1355 forwarded=1
1786053750.282846 publish topic=ipi/airspan-followup-c1-rep1/latency/veh-001/ack bytes=238 forwarded=1
1786053750.502362 publish topic=ipi/airspan-followup-c1-rep1/latency/veh-001/request bytes=1355 forwarded=1
1786053750.502968 publish topic=ipi/airspan-followup-c1-rep1/latency/veh-001/ack bytes=238 forwarded=1
1786053750.732745 publish topic=ipi/airspan-followup-c1-rep1/latency/veh-001/request bytes=1355 forwarded=1
1786053750.733309 publish topic=ipi/airspan-followup-c1-rep1/latency/veh-001/ack bytes=238 forwarded=1
1786053750.963098 publish topic=ipi/airspan-followup-c1-rep1/latency/veh-001/request bytes=1355 forwarded=1
1786053750.963428 publish topic=ipi/airspan-followup-c1-rep1/latency/veh-001/ack bytes=238 forwarded=1
1786053751.183191 publish topic=ipi/airspan-followup-c1-rep1/latency/veh-001/request bytes=1355 forwarded=1
1786053751.183552 publish topic=ipi/airspan-followup-c1-rep1/latency/veh-001/ack bytes=238 forwarded=1
1786053751.423632 publish topic=ipi/airspan-followup-c1-rep1/latency/veh-001/request bytes=1355 forwarded=1
1786053751.423959 publish topic=ipi/airspan-followup-c1-rep1/latency/veh-001/ack bytes=238 forwarded=1
1786053751.654155 publish topic=ipi/airspan-followup-c1-rep1/latency/veh-001/request bytes=1355 forwarded=1
1786053751.654782 publish topic=ipi/airspan-followup-c1-rep1/latency/veh-001/ack bytes=238 forwarded=1
1786053751.894825 publish topic=ipi/airspan-followup-c1-rep1/latency/veh-001/request bytes=1355 forwarded=1
1786053751.895478 publish topic=ipi/airspan-followup-c1-rep1/latency/veh-001/ack bytes=238 forwarded=1
1786053752.125011 publish topic=ipi/airspan-followup-c1-rep1/latency/veh-001/request bytes=1355 forwarded=1
1786053752.125651 publish topic=ipi/airspan-followup-c1-rep1/latency/veh-001/ack bytes=238 forwarded=1
1786053752.365238 publish topic=ipi/airspan-followup-c1-rep1/latency/veh-001/request bytes=1355 forwarded=1
1786053752.365863 publish topic=ipi/airspan-followup-c1-rep1/latency/veh-001/ack bytes=238 forwarded=1
1786053752.595890 publish topic=ipi/airspan-followup-c1-rep1/latency/veh-001/request bytes=1355 forwarded=1
1786053752.596531 publish topic=ipi/airspan-followup-c1-rep1/latency/veh-001/ack bytes=238 forwarded=1
1786053752.825944 publish topic=ipi/airspan-followup-c1-rep1/latency/veh-001/request bytes=1355 forwarded=1
1786053752.826215 publish topic=ipi/airspan-followup-c1-rep1/latency/veh-001/ack bytes=238 forwarded=1
1786053753.056440 publish topic=ipi/airspan-followup-c1-rep1/latency/veh-001/request bytes=1355 forwarded=1
1786053753.056722 publish topic=ipi/airspan-followup-c1-rep1/latency/veh-001/ack bytes=238 forwarded=1
1786053753.287021 publish topic=ipi/airspan-followup-c1-rep1/latency/veh-001/request bytes=1355 forwarded=1
1786053753.287671 publish topic=ipi/airspan-followup-c1-rep1/latency/veh-001/ack bytes=238 forwarded=1
1786053753.516941 publish topic=ipi/airspan-followup-c1-rep1/latency/veh-001/request bytes=1355 forwarded=1
1786053753.517279 publish topic=ipi/airspan-followup-c1-rep1/latency/veh-001/ack bytes=238 forwarded=1
1786053753.747704 publish topic=ipi/airspan-followup-c1-rep1/latency/veh-001/request bytes=1355 forwarded=1
1786053753.748315 publish topic=ipi/airspan-followup-c1-rep1/latency/veh-001/ack bytes=238 forwarded=1
1786053753.977650 publish topic=ipi/airspan-followup-c1-rep1/latency/veh-001/request bytes=1355 forwarded=1
1786053753.977937 publish topic=ipi/airspan-followup-c1-rep1/latency/veh-001/ack bytes=238 forwarded=1
1786053754.198321 publish topic=ipi/airspan-followup-c1-rep1/latency/veh-001/request bytes=1355 forwarded=1
1786053754.198559 publish topic=ipi/airspan-followup-c1-rep1/latency/veh-001/ack bytes=238 forwarded=1
1786053754.428485 publish topic=ipi/airspan-followup-c1-rep1/latency/veh-001/request bytes=1355 forwarded=1
1786053754.428742 publish topic=ipi/airspan-followup-c1-rep1/latency/veh-001/ack bytes=238 forwarded=1
1786053754.658804 publish topic=ipi/airspan-followup-c1-rep1/latency/veh-001/request bytes=1355 forwarded=1
1786053754.659020 publish topic=ipi/airspan-followup-c1-rep1/latency/veh-001/ack bytes=238 forwarded=1
1786053754.889311 publish topic=ipi/airspan-followup-c1-rep1/latency/veh-001/request bytes=1355 forwarded=1
1786053754.889983 publish topic=ipi/airspan-followup-c1-rep1/latency/veh-001/ack bytes=238 forwarded=1
1786053755.119519 publish topic=ipi/airspan-followup-c1-rep1/latency/veh-001/request bytes=1355 forwarded=1
1786053755.119873 publish topic=ipi/airspan-followup-c1-rep1/latency/veh-001/ack bytes=238 forwarded=1
1786053755.349987 publish topic=ipi/airspan-followup-c1-rep1/latency/veh-001/request bytes=1355 forwarded=1
1786053755.350626 publish topic=ipi/airspan-followup-c1-rep1/latency/veh-001/ack bytes=238 forwarded=1
1786053755.570496 publish topic=ipi/airspan-followup-c1-rep1/latency/veh-001/request bytes=1355 forwarded=1
1786053755.571146 publish topic=ipi/airspan-followup-c1-rep1/latency/veh-001/ack bytes=238 forwarded=1
1786053755.800706 publish topic=ipi/airspan-followup-c1-rep1/latency/veh-001/request bytes=1355 forwarded=1
1786053755.801326 publish topic=ipi/airspan-followup-c1-rep1/latency/veh-001/ack bytes=238 forwarded=1
1786053756.041124 publish topic=ipi/airspan-followup-c1-rep1/latency/veh-001/request bytes=1355 forwarded=1
1786053756.041819 publish topic=ipi/airspan-followup-c1-rep1/latency/veh-001/ack bytes=238 forwarded=1
1786053756.271843 publish topic=ipi/airspan-followup-c1-rep1/latency/veh-001/request bytes=1355 forwarded=1
1786053756.272530 publish topic=ipi/airspan-followup-c1-rep1/latency/veh-001/ack bytes=238 forwarded=1
1786053756.511949 publish topic=ipi/airspan-followup-c1-rep1/latency/veh-001/request bytes=1355 forwarded=1
1786053756.512279 publish topic=ipi/airspan-followup-c1-rep1/latency/veh-001/ack bytes=238 forwarded=1
1786053756.732165 publish topic=ipi/airspan-followup-c1-rep1/latency/veh-001/request bytes=1355 forwarded=1
1786053756.732492 publish topic=ipi/airspan-followup-c1-rep1/latency/veh-001/ack bytes=238 forwarded=1
1786053756.962630 publish topic=ipi/airspan-followup-c1-rep1/latency/veh-001/request bytes=1355 forwarded=1
1786053756.963284 publish topic=ipi/airspan-followup-c1-rep1/latency/veh-001/ack bytes=238 forwarded=1
1786053757.192951 publish topic=ipi/airspan-followup-c1-rep1/latency/veh-001/request bytes=1355 forwarded=1
1786053757.193600 publish topic=ipi/airspan-followup-c1-rep1/latency/veh-001/ack bytes=238 forwarded=1
1786053757.423520 publish topic=ipi/airspan-followup-c1-rep1/latency/veh-001/request bytes=1355 forwarded=1
1786053757.424179 publish topic=ipi/airspan-followup-c1-rep1/latency/veh-001/ack bytes=238 forwarded=1
1786053757.653765 publish topic=ipi/airspan-followup-c1-rep1/latency/veh-001/request bytes=1355 forwarded=1
1786053757.654425 publish topic=ipi/airspan-followup-c1-rep1/latency/veh-001/ack bytes=238 forwarded=1
1786053757.884017 publish topic=ipi/airspan-followup-c1-rep1/latency/veh-001/request bytes=1355 forwarded=1
1786053757.884356 publish topic=ipi/airspan-followup-c1-rep1/latency/veh-001/ack bytes=238 forwarded=1
1786053758.124691 publish topic=ipi/airspan-followup-c1-rep1/latency/veh-001/request bytes=1355 forwarded=1
1786053758.125048 publish topic=ipi/airspan-followup-c1-rep1/latency/veh-001/ack bytes=238 forwarded=1
1786053758.355168 publish topic=ipi/airspan-followup-c1-rep1/latency/veh-001/request bytes=1355 forwarded=1
1786053758.355808 publish topic=ipi/airspan-followup-c1-rep1/latency/veh-001/ack bytes=238 forwarded=1
1786053758.575487 publish topic=ipi/airspan-followup-c1-rep1/latency/veh-001/request bytes=1355 forwarded=1
1786053758.576132 publish topic=ipi/airspan-followup-c1-rep1/latency/veh-001/ack bytes=238 forwarded=1
1786053758.805540 publish topic=ipi/airspan-followup-c1-rep1/latency/veh-001/request bytes=1355 forwarded=1
1786053758.805827 publish topic=ipi/airspan-followup-c1-rep1/latency/veh-001/ack bytes=238 forwarded=1
1786053759.035968 publish topic=ipi/airspan-followup-c1-rep1/latency/veh-001/request bytes=1355 forwarded=1
1786053759.036206 publish topic=ipi/airspan-followup-c1-rep1/latency/veh-001/ack bytes=238 forwarded=1
1786053759.256905 publish topic=ipi/airspan-followup-c1-rep1/latency/veh-001/request bytes=1355 forwarded=1
1786053759.257553 publish topic=ipi/airspan-followup-c1-rep1/latency/veh-001/ack bytes=238 forwarded=1
1786053759.487020 publish topic=ipi/airspan-followup-c1-rep1/latency/veh-001/request bytes=1355 forwarded=1
1786053759.487666 publish topic=ipi/airspan-followup-c1-rep1/latency/veh-001/ack bytes=238 forwarded=1
1786053759.707196 publish topic=ipi/airspan-followup-c1-rep1/latency/veh-001/request bytes=1355 forwarded=1
1786053759.707765 publish topic=ipi/airspan-followup-c1-rep1/latency/veh-001/ack bytes=238 forwarded=1
1786053759.927852 publish topic=ipi/airspan-followup-c1-rep1/latency/veh-001/request bytes=1355 forwarded=1
1786053759.928459 publish topic=ipi/airspan-followup-c1-rep1/latency/veh-001/ack bytes=238 forwarded=1
1786053760.157946 publish topic=ipi/airspan-followup-c1-rep1/latency/veh-001/request bytes=1355 forwarded=1
1786053760.158286 publish topic=ipi/airspan-followup-c1-rep1/latency/veh-001/ack bytes=238 forwarded=1
1786053760.388565 publish topic=ipi/airspan-followup-c1-rep1/latency/veh-001/request bytes=1355 forwarded=1
1786053760.389318 publish topic=ipi/airspan-followup-c1-rep1/latency/veh-001/ack bytes=238 forwarded=1
1786053760.618933 publish topic=ipi/airspan-followup-c1-rep1/latency/veh-001/request bytes=1355 forwarded=1
1786053760.619599 publish topic=ipi/airspan-followup-c1-rep1/latency/veh-001/ack bytes=238 forwarded=1
1786053760.849306 publish topic=ipi/airspan-followup-c1-rep1/latency/veh-001/request bytes=1355 forwarded=1
1786053760.849905 publish topic=ipi/airspan-followup-c1-rep1/latency/veh-001/ack bytes=238 forwarded=1
1786053761.069654 publish topic=ipi/airspan-followup-c1-rep1/latency/veh-001/request bytes=1355 forwarded=1
1786053761.070281 publish topic=ipi/airspan-followup-c1-rep1/latency/veh-001/ack bytes=238 forwarded=1
1786053761.289909 publish topic=ipi/airspan-followup-c1-rep1/latency/veh-001/request bytes=1355 forwarded=1
1786053761.290526 publish topic=ipi/airspan-followup-c1-rep1/latency/veh-001/ack bytes=238 forwarded=1
1786053761.530585 publish topic=ipi/airspan-followup-c1-rep1/latency/veh-001/request bytes=1355 forwarded=1
1786053761.531199 publish topic=ipi/airspan-followup-c1-rep1/latency/veh-001/ack bytes=238 forwarded=1
1786053761.760914 publish topic=ipi/airspan-followup-c1-rep1/latency/veh-001/request bytes=1355 forwarded=1
1786053761.761576 publish topic=ipi/airspan-followup-c1-rep1/latency/veh-001/ack bytes=238 forwarded=1
1786053761.991112 publish topic=ipi/airspan-followup-c1-rep1/latency/veh-001/request bytes=1355 forwarded=1
1786053761.991438 publish topic=ipi/airspan-followup-c1-rep1/latency/veh-001/ack bytes=238 forwarded=1
1786053762.241611 publish topic=ipi/airspan-followup-c1-rep1/latency/veh-001/request bytes=1355 forwarded=1
1786053762.242212 publish topic=ipi/airspan-followup-c1-rep1/latency/veh-001/ack bytes=238 forwarded=1
1786053762.472308 publish topic=ipi/airspan-followup-c1-rep1/latency/veh-001/request bytes=1355 forwarded=1
1786053762.472998 publish topic=ipi/airspan-followup-c1-rep1/latency/veh-001/ack bytes=238 forwarded=1
1786053762.702199 publish topic=ipi/airspan-followup-c1-rep1/latency/veh-001/request bytes=1355 forwarded=1
1786053762.702840 publish topic=ipi/airspan-followup-c1-rep1/latency/veh-001/ack bytes=238 forwarded=1
1786053762.932324 publish topic=ipi/airspan-followup-c1-rep1/latency/veh-001/request bytes=1355 forwarded=1
1786053762.932696 publish topic=ipi/airspan-followup-c1-rep1/latency/veh-001/ack bytes=238 forwarded=1
1786053763.152901 publish topic=ipi/airspan-followup-c1-rep1/latency/veh-001/request bytes=1355 forwarded=1
1786053763.153396 publish topic=ipi/airspan-followup-c1-rep1/latency/veh-001/ack bytes=238 forwarded=1
1786053763.383245 publish topic=ipi/airspan-followup-c1-rep1/latency/veh-001/request bytes=1355 forwarded=1
1786053763.383523 publish topic=ipi/airspan-followup-c1-rep1/latency/veh-001/ack bytes=238 forwarded=1
1786053763.613709 publish topic=ipi/airspan-followup-c1-rep1/latency/veh-001/request bytes=1355 forwarded=1
1786053763.614334 publish topic=ipi/airspan-followup-c1-rep1/latency/veh-001/ack bytes=238 forwarded=1
1786053763.834250 publish topic=ipi/airspan-followup-c1-rep1/latency/veh-001/request bytes=1355 forwarded=1
1786053763.834882 publish topic=ipi/airspan-followup-c1-rep1/latency/veh-001/ack bytes=238 forwarded=1
1786053764.064439 publish topic=ipi/airspan-followup-c1-rep1/latency/veh-001/request bytes=1355 forwarded=1
1786053764.065136 publish topic=ipi/airspan-followup-c1-rep1/latency/veh-001/ack bytes=238 forwarded=1
1786053764.295028 publish topic=ipi/airspan-followup-c1-rep1/latency/veh-001/request bytes=1355 forwarded=1
1786053764.295673 publish topic=ipi/airspan-followup-c1-rep1/latency/veh-001/ack bytes=238 forwarded=1
1786053764.525360 publish topic=ipi/airspan-followup-c1-rep1/latency/veh-001/request bytes=1357 forwarded=1
1786053764.525999 publish topic=ipi/airspan-followup-c1-rep1/latency/veh-001/ack bytes=239 forwarded=1
1786053764.755945 publish topic=ipi/airspan-followup-c1-rep1/latency/veh-001/request bytes=1357 forwarded=1
1786053764.756590 publish topic=ipi/airspan-followup-c1-rep1/latency/veh-001/ack bytes=239 forwarded=1
1786053764.976033 publish topic=ipi/airspan-followup-c1-rep1/latency/veh-001/request bytes=1357 forwarded=1
1786053764.976546 publish topic=ipi/airspan-followup-c1-rep1/latency/veh-001/ack bytes=239 forwarded=1
1786053765.206269 publish topic=ipi/airspan-followup-c1-rep1/latency/veh-001/request bytes=1357 forwarded=1
1786053765.206608 publish topic=ipi/airspan-followup-c1-rep1/latency/veh-001/ack bytes=239 forwarded=1
1786053765.427011 publish topic=ipi/airspan-followup-c1-rep1/latency/veh-001/request bytes=1357 forwarded=1
1786053765.427646 publish topic=ipi/airspan-followup-c1-rep1/latency/veh-001/ack bytes=239 forwarded=1
1786053765.657547 publish topic=ipi/airspan-followup-c1-rep1/latency/veh-001/request bytes=1357 forwarded=1
1786053765.658177 publish topic=ipi/airspan-followup-c1-rep1/latency/veh-001/ack bytes=239 forwarded=1
1786053765.877970 publish topic=ipi/airspan-followup-c1-rep1/latency/veh-001/request bytes=1357 forwarded=1
1786053765.878623 publish topic=ipi/airspan-followup-c1-rep1/latency/veh-001/ack bytes=239 forwarded=1
1786053766.108028 publish topic=ipi/airspan-followup-c1-rep1/latency/veh-001/request bytes=1357 forwarded=1
1786053766.108718 publish topic=ipi/airspan-followup-c1-rep1/latency/veh-001/ack bytes=239 forwarded=1
1786053766.338347 publish topic=ipi/airspan-followup-c1-rep1/latency/veh-001/request bytes=1357 forwarded=1
1786053766.338716 publish topic=ipi/airspan-followup-c1-rep1/latency/veh-001/ack bytes=239 forwarded=1
1786053766.579000 publish topic=ipi/airspan-followup-c1-rep1/latency/veh-001/request bytes=1357 forwarded=1
1786053766.579653 publish topic=ipi/airspan-followup-c1-rep1/latency/veh-001/ack bytes=239 forwarded=1
1786053766.809246 publish topic=ipi/airspan-followup-c1-rep1/latency/veh-001/request bytes=1357 forwarded=1
1786053766.809850 publish topic=ipi/airspan-followup-c1-rep1/latency/veh-001/ack bytes=239 forwarded=1
1786053767.039469 publish topic=ipi/airspan-followup-c1-rep1/latency/veh-001/request bytes=1357 forwarded=1
1786053767.039909 publish topic=ipi/airspan-followup-c1-rep1/latency/veh-001/ack bytes=239 forwarded=1
1786053767.270149 publish topic=ipi/airspan-followup-c1-rep1/latency/veh-001/request bytes=1357 forwarded=1
1786053767.270751 publish topic=ipi/airspan-followup-c1-rep1/latency/veh-001/ack bytes=239 forwarded=1
1786053767.510171 publish topic=ipi/airspan-followup-c1-rep1/latency/veh-001/request bytes=1357 forwarded=1
1786053767.510501 publish topic=ipi/airspan-followup-c1-rep1/latency/veh-001/ack bytes=239 forwarded=1
1786053767.740938 publish topic=ipi/airspan-followup-c1-rep1/latency/veh-001/request bytes=1357 forwarded=1
1786053767.741584 publish topic=ipi/airspan-followup-c1-rep1/latency/veh-001/ack bytes=239 forwarded=1
1786053767.971031 publish topic=ipi/airspan-followup-c1-rep1/latency/veh-001/request bytes=1357 forwarded=1
1786053767.971430 publish topic=ipi/airspan-followup-c1-rep1/latency/veh-001/ack bytes=239 forwarded=1
1786053768.201669 publish topic=ipi/airspan-followup-c1-rep1/latency/veh-001/request bytes=1357 forwarded=1
1786053768.202322 publish topic=ipi/airspan-followup-c1-rep1/latency/veh-001/ack bytes=239 forwarded=1
1786053768.432013 publish topic=ipi/airspan-followup-c1-rep1/latency/veh-001/request bytes=1357 forwarded=1
1786053768.432757 publish topic=ipi/airspan-followup-c1-rep1/latency/veh-001/ack bytes=239 forwarded=1
1786053768.672642 publish topic=ipi/airspan-followup-c1-rep1/latency/veh-001/request bytes=1357 forwarded=1
1786053768.672904 publish topic=ipi/airspan-followup-c1-rep1/latency/veh-001/ack bytes=239 forwarded=1
1786053768.902861 publish topic=ipi/airspan-followup-c1-rep1/latency/veh-001/request bytes=1357 forwarded=1
1786053768.903446 publish topic=ipi/airspan-followup-c1-rep1/latency/veh-001/ack bytes=239 forwarded=1
1786053769.133068 publish topic=ipi/airspan-followup-c1-rep1/latency/veh-001/request bytes=1357 forwarded=1
1786053769.133404 publish topic=ipi/airspan-followup-c1-rep1/latency/veh-001/ack bytes=239 forwarded=1
1786053769.353463 publish topic=ipi/airspan-followup-c1-rep1/latency/veh-001/request bytes=1357 forwarded=1
1786053769.354058 publish topic=ipi/airspan-followup-c1-rep1/latency/veh-001/ack bytes=239 forwarded=1
1786053769.573680 publish topic=ipi/airspan-followup-c1-rep1/latency/veh-001/request bytes=1357 forwarded=1
1786053769.573912 publish topic=ipi/airspan-followup-c1-rep1/latency/veh-001/ack bytes=239 forwarded=1
1786053769.804442 publish topic=ipi/airspan-followup-c1-rep1/latency/veh-001/request bytes=1357 forwarded=1
1786053769.805055 publish topic=ipi/airspan-followup-c1-rep1/latency/veh-001/ack bytes=239 forwarded=1
1786053770.025000 publish topic=ipi/airspan-followup-c1-rep1/latency/veh-001/request bytes=1357 forwarded=1
1786053770.025630 publish topic=ipi/airspan-followup-c1-rep1/latency/veh-001/ack bytes=239 forwarded=1
1786053770.255054 publish topic=ipi/airspan-followup-c1-rep1/latency/veh-001/request bytes=1357 forwarded=1
1786053770.255305 publish topic=ipi/airspan-followup-c1-rep1/latency/veh-001/ack bytes=239 forwarded=1
1786053770.495627 publish topic=ipi/airspan-followup-c1-rep1/latency/veh-001/request bytes=1357 forwarded=1
1786053770.496260 publish topic=ipi/airspan-followup-c1-rep1/latency/veh-001/ack bytes=239 forwarded=1
1786053770.725920 publish topic=ipi/airspan-followup-c1-rep1/latency/veh-001/request bytes=1357 forwarded=1
1786053770.726546 publish topic=ipi/airspan-followup-c1-rep1/latency/veh-001/ack bytes=239 forwarded=1
1786053770.946221 publish topic=ipi/airspan-followup-c1-rep1/latency/veh-001/request bytes=1357 forwarded=1
1786053770.946977 publish topic=ipi/airspan-followup-c1-rep1/latency/veh-001/ack bytes=239 forwarded=1
1786053771.176755 publish topic=ipi/airspan-followup-c1-rep1/latency/veh-001/request bytes=1357 forwarded=1
1786053771.177552 publish topic=ipi/airspan-followup-c1-rep1/latency/veh-001/ack bytes=239 forwarded=1
1786053771.406944 publish topic=ipi/airspan-followup-c1-rep1/latency/veh-001/request bytes=1357 forwarded=1
1786053771.407573 publish topic=ipi/airspan-followup-c1-rep1/latency/veh-001/ack bytes=239 forwarded=1
1786053771.626915 publish topic=ipi/airspan-followup-c1-rep1/latency/veh-001/request bytes=1357 forwarded=1
1786053771.627168 publish topic=ipi/airspan-followup-c1-rep1/latency/veh-001/ack bytes=239 forwarded=1
1786053771.847361 publish topic=ipi/airspan-followup-c1-rep1/latency/veh-001/request bytes=1357 forwarded=1
1786053771.847626 publish topic=ipi/airspan-followup-c1-rep1/latency/veh-001/ack bytes=239 forwarded=1
1786053772.078022 publish topic=ipi/airspan-followup-c1-rep1/latency/veh-001/request bytes=1357 forwarded=1
1786053772.078664 publish topic=ipi/airspan-followup-c1-rep1/latency/veh-001/ack bytes=239 forwarded=1
1786053772.298459 publish topic=ipi/airspan-followup-c1-rep1/latency/veh-001/request bytes=1357 forwarded=1
1786053772.299077 publish topic=ipi/airspan-followup-c1-rep1/latency/veh-001/ack bytes=239 forwarded=1
1786053772.518604 publish topic=ipi/airspan-followup-c1-rep1/latency/veh-001/request bytes=1357 forwarded=1
1786053772.519318 publish topic=ipi/airspan-followup-c1-rep1/latency/veh-001/ack bytes=239 forwarded=1
1786053772.739009 publish topic=ipi/airspan-followup-c1-rep1/latency/veh-001/request bytes=1357 forwarded=1
1786053772.739648 publish topic=ipi/airspan-followup-c1-rep1/latency/veh-001/ack bytes=239 forwarded=1
1786053772.969101 publish topic=ipi/airspan-followup-c1-rep1/latency/veh-001/request bytes=1357 forwarded=1
1786053772.969342 publish topic=ipi/airspan-followup-c1-rep1/latency/veh-001/ack bytes=239 forwarded=1
1786053773.199844 publish topic=ipi/airspan-followup-c1-rep1/latency/veh-001/request bytes=1357 forwarded=1
1786053773.200465 publish topic=ipi/airspan-followup-c1-rep1/latency/veh-001/ack bytes=239 forwarded=1
1786053773.429936 publish topic=ipi/airspan-followup-c1-rep1/latency/veh-001/request bytes=1357 forwarded=1
1786053773.430576 publish topic=ipi/airspan-followup-c1-rep1/latency/veh-001/ack bytes=239 forwarded=1
1786053773.670500 publish topic=ipi/airspan-followup-c1-rep1/latency/veh-001/request bytes=1357 forwarded=1
1786053773.671072 publish topic=ipi/airspan-followup-c1-rep1/latency/veh-001/ack bytes=239 forwarded=1
1786053773.910694 publish topic=ipi/airspan-followup-c1-rep1/latency/veh-001/request bytes=1357 forwarded=1
1786053773.910913 publish topic=ipi/airspan-followup-c1-rep1/latency/veh-001/ack bytes=239 forwarded=1
1786053774.141133 publish topic=ipi/airspan-followup-c1-rep1/latency/veh-001/request bytes=1357 forwarded=1
1786053774.141426 publish topic=ipi/airspan-followup-c1-rep1/latency/veh-001/ack bytes=239 forwarded=1
1786053774.371920 publish topic=ipi/airspan-followup-c1-rep1/latency/veh-001/request bytes=1357 forwarded=1
1786053774.372570 publish topic=ipi/airspan-followup-c1-rep1/latency/veh-001/ack bytes=239 forwarded=1
1786053774.602188 publish topic=ipi/airspan-followup-c1-rep1/latency/veh-001/request bytes=1357 forwarded=1
1786053774.602828 publish topic=ipi/airspan-followup-c1-rep1/latency/veh-001/ack bytes=239 forwarded=1
1786053774.822521 publish topic=ipi/airspan-followup-c1-rep1/latency/veh-001/request bytes=1357 forwarded=1
1786053774.822964 publish topic=ipi/airspan-followup-c1-rep1/latency/veh-001/ack bytes=239 forwarded=1
1786053775.042699 publish topic=ipi/airspan-followup-c1-rep1/latency/veh-001/request bytes=1357 forwarded=1
1786053775.043334 publish topic=ipi/airspan-followup-c1-rep1/latency/veh-001/ack bytes=239 forwarded=1
1786053775.262825 publish topic=ipi/airspan-followup-c1-rep1/latency/veh-001/request bytes=1357 forwarded=1
1786053775.263298 publish topic=ipi/airspan-followup-c1-rep1/latency/veh-001/ack bytes=239 forwarded=1
1786053775.483679 publish topic=ipi/airspan-followup-c1-rep1/latency/veh-001/request bytes=1357 forwarded=1
1786053775.484327 publish topic=ipi/airspan-followup-c1-rep1/latency/veh-001/ack bytes=239 forwarded=1
1786053775.714167 publish topic=ipi/airspan-followup-c1-rep1/latency/veh-001/request bytes=1357 forwarded=1
1786053775.714822 publish topic=ipi/airspan-followup-c1-rep1/latency/veh-001/ack bytes=239 forwarded=1
1786053775.944079 publish topic=ipi/airspan-followup-c1-rep1/latency/veh-001/request bytes=1357 forwarded=1
1786053775.944691 publish topic=ipi/airspan-followup-c1-rep1/latency/veh-001/ack bytes=239 forwarded=1
1786053776.174520 publish topic=ipi/airspan-followup-c1-rep1/latency/veh-001/request bytes=1357 forwarded=1
1786053776.175109 publish topic=ipi/airspan-followup-c1-rep1/latency/veh-001/ack bytes=239 forwarded=1
1786053776.415091 publish topic=ipi/airspan-followup-c1-rep1/latency/veh-001/request bytes=1357 forwarded=1
1786053776.415414 publish topic=ipi/airspan-followup-c1-rep1/latency/veh-001/ack bytes=239 forwarded=1
1786053776.645404 publish topic=ipi/airspan-followup-c1-rep1/latency/veh-001/request bytes=1357 forwarded=1
1786053776.645697 publish topic=ipi/airspan-followup-c1-rep1/latency/veh-001/ack bytes=239 forwarded=1
1786053776.865962 publish topic=ipi/airspan-followup-c1-rep1/latency/veh-001/request bytes=1357 forwarded=1
1786053776.866591 publish topic=ipi/airspan-followup-c1-rep1/latency/veh-001/ack bytes=239 forwarded=1
1786053777.106378 publish topic=ipi/airspan-followup-c1-rep1/latency/veh-001/request bytes=1357 forwarded=1
1786053777.107014 publish topic=ipi/airspan-followup-c1-rep1/latency/veh-001/ack bytes=239 forwarded=1
1786053777.326563 publish topic=ipi/airspan-followup-c1-rep1/latency/veh-001/request bytes=1357 forwarded=1
1786053777.327035 publish topic=ipi/airspan-followup-c1-rep1/latency/veh-001/ack bytes=239 forwarded=1
1786053777.557028 publish topic=ipi/airspan-followup-c1-rep1/latency/veh-001/request bytes=1357 forwarded=1
1786053777.557524 publish topic=ipi/airspan-followup-c1-rep1/latency/veh-001/ack bytes=239 forwarded=1
1786053777.787577 publish topic=ipi/airspan-followup-c1-rep1/latency/veh-001/request bytes=1357 forwarded=1
1786053777.788229 publish topic=ipi/airspan-followup-c1-rep1/latency/veh-001/ack bytes=239 forwarded=1
1786053778.017812 publish topic=ipi/airspan-followup-c1-rep1/latency/veh-001/request bytes=1357 forwarded=1
1786053778.018507 publish topic=ipi/airspan-followup-c1-rep1/latency/veh-001/ack bytes=239 forwarded=1
1786053778.248389 publish topic=ipi/airspan-followup-c1-rep1/latency/veh-001/request bytes=1357 forwarded=1
1786053778.249143 publish topic=ipi/airspan-followup-c1-rep1/latency/veh-001/ack bytes=239 forwarded=1
1786053778.468815 publish topic=ipi/airspan-followup-c1-rep1/latency/veh-001/request bytes=1357 forwarded=1
1786053778.469457 publish topic=ipi/airspan-followup-c1-rep1/latency/veh-001/ack bytes=239 forwarded=1
1786053778.708815 publish topic=ipi/airspan-followup-c1-rep1/latency/veh-001/request bytes=1357 forwarded=1
1786053778.709439 publish topic=ipi/airspan-followup-c1-rep1/latency/veh-001/ack bytes=239 forwarded=1
1786053778.939126 publish topic=ipi/airspan-followup-c1-rep1/latency/veh-001/request bytes=1357 forwarded=1
1786053778.939786 publish topic=ipi/airspan-followup-c1-rep1/latency/veh-001/ack bytes=239 forwarded=1
1786053779.169348 publish topic=ipi/airspan-followup-c1-rep1/latency/veh-001/request bytes=1357 forwarded=1
1786053779.169654 publish topic=ipi/airspan-followup-c1-rep1/latency/veh-001/ack bytes=239 forwarded=1
1786053779.399994 publish topic=ipi/airspan-followup-c1-rep1/latency/veh-001/request bytes=1357 forwarded=1
1786053779.400776 publish topic=ipi/airspan-followup-c1-rep1/latency/veh-001/ack bytes=239 forwarded=1
1786053779.620267 publish topic=ipi/airspan-followup-c1-rep1/latency/veh-001/request bytes=1357 forwarded=1
1786053779.620925 publish topic=ipi/airspan-followup-c1-rep1/latency/veh-001/ack bytes=239 forwarded=1
1786053779.850649 publish topic=ipi/airspan-followup-c1-rep1/latency/veh-001/request bytes=1357 forwarded=1
1786053779.851318 publish topic=ipi/airspan-followup-c1-rep1/latency/veh-001/ack bytes=239 forwarded=1
1786053780.091204 publish topic=ipi/airspan-followup-c1-rep1/latency/veh-001/request bytes=1357 forwarded=1
1786053780.091841 publish topic=ipi/airspan-followup-c1-rep1/latency/veh-001/ack bytes=239 forwarded=1
1786053780.321554 publish topic=ipi/airspan-followup-c1-rep1/latency/veh-001/request bytes=1357 forwarded=1
1786053780.321822 publish topic=ipi/airspan-followup-c1-rep1/latency/veh-001/ack bytes=239 forwarded=1
1786053780.551980 publish topic=ipi/airspan-followup-c1-rep1/latency/veh-001/request bytes=1357 forwarded=1
1786053780.552762 publish topic=ipi/airspan-followup-c1-rep1/latency/veh-001/ack bytes=239 forwarded=1
1786053780.772003 publish topic=ipi/airspan-followup-c1-rep1/latency/veh-001/request bytes=1357 forwarded=1
1786053780.772270 publish topic=ipi/airspan-followup-c1-rep1/latency/veh-001/ack bytes=239 forwarded=1
1786053781.002783 publish topic=ipi/airspan-followup-c1-rep1/latency/veh-001/request bytes=1357 forwarded=1
1786053781.003423 publish topic=ipi/airspan-followup-c1-rep1/latency/veh-001/ack bytes=239 forwarded=1
1786053781.232975 publish topic=ipi/airspan-followup-c1-rep1/latency/veh-001/request bytes=1357 forwarded=1
1786053781.233613 publish topic=ipi/airspan-followup-c1-rep1/latency/veh-001/ack bytes=239 forwarded=1
1786053781.463274 publish topic=ipi/airspan-followup-c1-rep1/latency/veh-001/request bytes=1357 forwarded=1
1786053781.463656 publish topic=ipi/airspan-followup-c1-rep1/latency/veh-001/ack bytes=239 forwarded=1
1786053781.693844 publish topic=ipi/airspan-followup-c1-rep1/latency/veh-001/request bytes=1357 forwarded=1
1786053781.694497 publish topic=ipi/airspan-followup-c1-rep1/latency/veh-001/ack bytes=239 forwarded=1
1786053781.914225 publish topic=ipi/airspan-followup-c1-rep1/latency/veh-001/request bytes=1357 forwarded=1
1786053781.914852 publish topic=ipi/airspan-followup-c1-rep1/latency/veh-001/ack bytes=239 forwarded=1
1786053782.134713 publish topic=ipi/airspan-followup-c1-rep1/latency/veh-001/request bytes=1357 forwarded=1
1786053782.135363 publish topic=ipi/airspan-followup-c1-rep1/latency/veh-001/ack bytes=239 forwarded=1
1786053782.354567 publish topic=ipi/airspan-followup-c1-rep1/latency/veh-001/request bytes=1357 forwarded=1
1786053782.354780 publish topic=ipi/airspan-followup-c1-rep1/latency/veh-001/ack bytes=239 forwarded=1
1786053782.585161 publish topic=ipi/airspan-followup-c1-rep1/latency/veh-001/request bytes=1357 forwarded=1
1786053782.585794 publish topic=ipi/airspan-followup-c1-rep1/latency/veh-001/ack bytes=239 forwarded=1
1786053782.815867 publish topic=ipi/airspan-followup-c1-rep1/latency/veh-001/request bytes=1357 forwarded=1
1786053782.816493 publish topic=ipi/airspan-followup-c1-rep1/latency/veh-001/ack bytes=239 forwarded=1
1786053783.046051 publish topic=ipi/airspan-followup-c1-rep1/latency/veh-001/request bytes=1357 forwarded=1
1786053783.046634 publish topic=ipi/airspan-followup-c1-rep1/latency/veh-001/ack bytes=239 forwarded=1
1786053783.276650 publish topic=ipi/airspan-followup-c1-rep1/latency/veh-001/request bytes=1357 forwarded=1
1786053783.277298 publish topic=ipi/airspan-followup-c1-rep1/latency/veh-001/ack bytes=239 forwarded=1
1786053783.506710 publish topic=ipi/airspan-followup-c1-rep1/latency/veh-001/request bytes=1357 forwarded=1
1786053783.507311 publish topic=ipi/airspan-followup-c1-rep1/latency/veh-001/ack bytes=239 forwarded=1
1786053783.737003 publish topic=ipi/airspan-followup-c1-rep1/latency/veh-001/request bytes=1357 forwarded=1
1786053783.737588 publish topic=ipi/airspan-followup-c1-rep1/latency/veh-001/ack bytes=239 forwarded=1
1786053783.977511 publish topic=ipi/airspan-followup-c1-rep1/latency/veh-001/request bytes=1357 forwarded=1
1786053783.977980 publish topic=ipi/airspan-followup-c1-rep1/latency/veh-001/ack bytes=239 forwarded=1
1786053784.197702 publish topic=ipi/airspan-followup-c1-rep1/latency/veh-001/request bytes=1357 forwarded=1
1786053784.198036 publish topic=ipi/airspan-followup-c1-rep1/latency/veh-001/ack bytes=239 forwarded=1
1786053784.418006 publish topic=ipi/airspan-followup-c1-rep1/latency/veh-001/request bytes=1357 forwarded=1
1786053784.418855 publish topic=ipi/airspan-followup-c1-rep1/latency/veh-001/ack bytes=239 forwarded=1
1786053784.638480 publish topic=ipi/airspan-followup-c1-rep1/latency/veh-001/request bytes=1357 forwarded=1
1786053784.639117 publish topic=ipi/airspan-followup-c1-rep1/latency/veh-001/ack bytes=239 forwarded=1
1786053784.858462 publish topic=ipi/airspan-followup-c1-rep1/latency/veh-001/request bytes=1357 forwarded=1
1786053784.858677 publish topic=ipi/airspan-followup-c1-rep1/latency/veh-001/ack bytes=239 forwarded=1
1786053785.078926 publish topic=ipi/airspan-followup-c1-rep1/latency/veh-001/request bytes=1357 forwarded=1
1786053785.079185 publish topic=ipi/airspan-followup-c1-rep1/latency/veh-001/ack bytes=239 forwarded=1
1786053785.309609 publish topic=ipi/airspan-followup-c1-rep1/latency/veh-001/request bytes=1357 forwarded=1
1786053785.310200 publish topic=ipi/airspan-followup-c1-rep1/latency/veh-001/ack bytes=239 forwarded=1
1786053785.529855 publish topic=ipi/airspan-followup-c1-rep1/latency/veh-001/request bytes=1357 forwarded=1
1786053785.530543 publish topic=ipi/airspan-followup-c1-rep1/latency/veh-001/ack bytes=239 forwarded=1
1786053785.770172 publish topic=ipi/airspan-followup-c1-rep1/latency/veh-001/request bytes=1357 forwarded=1
1786053785.770855 publish topic=ipi/airspan-followup-c1-rep1/latency/veh-001/ack bytes=239 forwarded=1
1786053786.000674 publish topic=ipi/airspan-followup-c1-rep1/latency/veh-001/request bytes=1357 forwarded=1
1786053786.001326 publish topic=ipi/airspan-followup-c1-rep1/latency/veh-001/ack bytes=239 forwarded=1
1786053786.220990 publish topic=ipi/airspan-followup-c1-rep1/latency/veh-001/request bytes=1357 forwarded=1
1786053786.221616 publish topic=ipi/airspan-followup-c1-rep1/latency/veh-001/ack bytes=239 forwarded=1
1786053786.451336 publish topic=ipi/airspan-followup-c1-rep1/latency/veh-001/request bytes=1357 forwarded=1
1786053786.452080 publish topic=ipi/airspan-followup-c1-rep1/latency/veh-001/ack bytes=239 forwarded=1
1786053786.681833 publish topic=ipi/airspan-followup-c1-rep1/latency/veh-001/request bytes=1357 forwarded=1
1786053786.682497 publish topic=ipi/airspan-followup-c1-rep1/latency/veh-001/ack bytes=239 forwarded=1
1786053786.911986 publish topic=ipi/airspan-followup-c1-rep1/latency/veh-001/request bytes=1357 forwarded=1
1786053786.912708 publish topic=ipi/airspan-followup-c1-rep1/latency/veh-001/ack bytes=239 forwarded=1
1786053787.142504 publish topic=ipi/airspan-followup-c1-rep1/latency/veh-001/request bytes=1357 forwarded=1
1786053787.143199 publish topic=ipi/airspan-followup-c1-rep1/latency/veh-001/ack bytes=239 forwarded=1
1786053787.372799 publish topic=ipi/airspan-followup-c1-rep1/latency/veh-001/request bytes=1357 forwarded=1
1786053787.373504 publish topic=ipi/airspan-followup-c1-rep1/latency/veh-001/ack bytes=239 forwarded=1
1786053787.592895 publish topic=ipi/airspan-followup-c1-rep1/latency/veh-001/request bytes=1357 forwarded=1
1786053787.593335 publish topic=ipi/airspan-followup-c1-rep1/latency/veh-001/ack bytes=239 forwarded=1
1786053787.813275 publish topic=ipi/airspan-followup-c1-rep1/latency/veh-001/request bytes=1357 forwarded=1
1786053787.813925 publish topic=ipi/airspan-followup-c1-rep1/latency/veh-001/ack bytes=239 forwarded=1
1786053788.053770 publish topic=ipi/airspan-followup-c1-rep1/latency/veh-001/request bytes=1357 forwarded=1
1786053788.054457 publish topic=ipi/airspan-followup-c1-rep1/latency/veh-001/ack bytes=239 forwarded=1
1786053788.294415 publish topic=ipi/airspan-followup-c1-rep1/latency/veh-001/request bytes=1357 forwarded=1
1786053788.295105 publish topic=ipi/airspan-followup-c1-rep1/latency/veh-001/ack bytes=239 forwarded=1
1786053788.524429 publish topic=ipi/airspan-followup-c1-rep1/latency/veh-001/request bytes=1357 forwarded=1
1786053788.525110 publish topic=ipi/airspan-followup-c1-rep1/latency/veh-001/ack bytes=239 forwarded=1
1786053788.754362 publish topic=ipi/airspan-followup-c1-rep1/latency/veh-001/request bytes=1357 forwarded=1
1786053788.754573 publish topic=ipi/airspan-followup-c1-rep1/latency/veh-001/ack bytes=239 forwarded=1
1786053788.984952 publish topic=ipi/airspan-followup-c1-rep1/latency/veh-001/request bytes=1357 forwarded=1
1786053788.985275 publish topic=ipi/airspan-followup-c1-rep1/latency/veh-001/ack bytes=239 forwarded=1
1786053789.205107 publish topic=ipi/airspan-followup-c1-rep1/latency/veh-001/request bytes=1357 forwarded=1
1786053789.205364 publish topic=ipi/airspan-followup-c1-rep1/latency/veh-001/ack bytes=239 forwarded=1
1786053789.435810 publish topic=ipi/airspan-followup-c1-rep1/latency/veh-001/request bytes=1357 forwarded=1
1786053789.436440 publish topic=ipi/airspan-followup-c1-rep1/latency/veh-001/ack bytes=239 forwarded=1
1786053789.666279 publish topic=ipi/airspan-followup-c1-rep1/latency/veh-001/request bytes=1357 forwarded=1
1786053789.666996 publish topic=ipi/airspan-followup-c1-rep1/latency/veh-001/ack bytes=239 forwarded=1
1786053789.896411 publish topic=ipi/airspan-followup-c1-rep1/latency/veh-001/request bytes=1357 forwarded=1
1786053789.896648 publish topic=ipi/airspan-followup-c1-rep1/latency/veh-001/ack bytes=239 forwarded=1
1786053790.126741 publish topic=ipi/airspan-followup-c1-rep1/latency/veh-001/request bytes=1357 forwarded=1
1786053790.126965 publish topic=ipi/airspan-followup-c1-rep1/latency/veh-001/ack bytes=239 forwarded=1
1786053790.347245 publish topic=ipi/airspan-followup-c1-rep1/latency/veh-001/request bytes=1357 forwarded=1
1786053790.347899 publish topic=ipi/airspan-followup-c1-rep1/latency/veh-001/ack bytes=239 forwarded=1
1786053790.567517 publish topic=ipi/airspan-followup-c1-rep1/latency/veh-001/request bytes=1357 forwarded=1
1786053790.568220 publish topic=ipi/airspan-followup-c1-rep1/latency/veh-001/ack bytes=239 forwarded=1
1786053790.798162 publish topic=ipi/airspan-followup-c1-rep1/latency/veh-001/request bytes=1357 forwarded=1
1786053790.798839 publish topic=ipi/airspan-followup-c1-rep1/latency/veh-001/ack bytes=239 forwarded=1
1786053791.028315 publish topic=ipi/airspan-followup-c1-rep1/latency/veh-001/request bytes=1357 forwarded=1
1786053791.028982 publish topic=ipi/airspan-followup-c1-rep1/latency/veh-001/ack bytes=239 forwarded=1
1786053791.258767 publish topic=ipi/airspan-followup-c1-rep1/latency/veh-001/request bytes=1357 forwarded=1
1786053791.259441 publish topic=ipi/airspan-followup-c1-rep1/latency/veh-001/ack bytes=239 forwarded=1
1786053791.478932 publish topic=ipi/airspan-followup-c1-rep1/latency/veh-001/request bytes=1357 forwarded=1
1786053791.479619 publish topic=ipi/airspan-followup-c1-rep1/latency/veh-001/ack bytes=239 forwarded=1
1786053791.709581 publish topic=ipi/airspan-followup-c1-rep1/latency/veh-001/request bytes=1357 forwarded=1
1786053791.710244 publish topic=ipi/airspan-followup-c1-rep1/latency/veh-001/ack bytes=239 forwarded=1
1786053791.929827 publish topic=ipi/airspan-followup-c1-rep1/latency/veh-001/request bytes=1357 forwarded=1
1786053791.930488 publish topic=ipi/airspan-followup-c1-rep1/latency/veh-001/ack bytes=239 forwarded=1
1786053792.160121 publish topic=ipi/airspan-followup-c1-rep1/latency/veh-001/request bytes=1357 forwarded=1
1786053792.160792 publish topic=ipi/airspan-followup-c1-rep1/latency/veh-001/ack bytes=239 forwarded=1
1786053792.390666 publish topic=ipi/airspan-followup-c1-rep1/latency/veh-001/request bytes=1357 forwarded=1
1786053792.391350 publish topic=ipi/airspan-followup-c1-rep1/latency/veh-001/ack bytes=239 forwarded=1
1786053792.620805 publish topic=ipi/airspan-followup-c1-rep1/latency/veh-001/request bytes=1357 forwarded=1
1786053792.621373 publish topic=ipi/airspan-followup-c1-rep1/latency/veh-001/ack bytes=239 forwarded=1
1786053792.841085 publish topic=ipi/airspan-followup-c1-rep1/latency/veh-001/request bytes=1357 forwarded=1
1786053792.841637 publish topic=ipi/airspan-followup-c1-rep1/latency/veh-001/ack bytes=239 forwarded=1
1786053793.071574 publish topic=ipi/airspan-followup-c1-rep1/latency/veh-001/request bytes=1357 forwarded=1
1786053793.072213 publish topic=ipi/airspan-followup-c1-rep1/latency/veh-001/ack bytes=239 forwarded=1
1786053793.301785 publish topic=ipi/airspan-followup-c1-rep1/latency/veh-001/request bytes=1357 forwarded=1
1786053793.302432 publish topic=ipi/airspan-followup-c1-rep1/latency/veh-001/ack bytes=239 forwarded=1
1786053793.542356 publish topic=ipi/airspan-followup-c1-rep1/latency/veh-001/request bytes=1357 forwarded=1
1786053793.543039 publish topic=ipi/airspan-followup-c1-rep1/latency/veh-001/ack bytes=239 forwarded=1
1786053793.762567 publish topic=ipi/airspan-followup-c1-rep1/latency/veh-001/request bytes=1357 forwarded=1
1786053793.763221 publish topic=ipi/airspan-followup-c1-rep1/latency/veh-001/ack bytes=239 forwarded=1
1786053793.992755 publish topic=ipi/airspan-followup-c1-rep1/latency/veh-001/request bytes=1357 forwarded=1
1786053793.993174 publish topic=ipi/airspan-followup-c1-rep1/latency/veh-001/ack bytes=239 forwarded=1
1786053794.213081 publish topic=ipi/airspan-followup-c1-rep1/latency/veh-001/request bytes=1357 forwarded=1
1786053794.213713 publish topic=ipi/airspan-followup-c1-rep1/latency/veh-001/ack bytes=239 forwarded=1
1786053794.433495 publish topic=ipi/airspan-followup-c1-rep1/latency/veh-001/request bytes=1357 forwarded=1
1786053794.434121 publish topic=ipi/airspan-followup-c1-rep1/latency/veh-001/ack bytes=239 forwarded=1
1786053794.663879 publish topic=ipi/airspan-followup-c1-rep1/latency/veh-001/request bytes=1357 forwarded=1
1786053794.664515 publish topic=ipi/airspan-followup-c1-rep1/latency/veh-001/ack bytes=239 forwarded=1
1786053794.883983 publish topic=ipi/airspan-followup-c1-rep1/latency/veh-001/request bytes=1357 forwarded=1
1786053794.884289 publish topic=ipi/airspan-followup-c1-rep1/latency/veh-001/ack bytes=239 forwarded=1
1786053795.104235 publish topic=ipi/airspan-followup-c1-rep1/latency/veh-001/request bytes=1357 forwarded=1
1786053795.104489 publish topic=ipi/airspan-followup-c1-rep1/latency/veh-001/ack bytes=239 forwarded=1
1786053795.324986 publish topic=ipi/airspan-followup-c1-rep1/latency/veh-001/request bytes=1357 forwarded=1
1786053795.325656 publish topic=ipi/airspan-followup-c1-rep1/latency/veh-001/ack bytes=239 forwarded=1
1786053795.555186 publish topic=ipi/airspan-followup-c1-rep1/latency/veh-001/request bytes=1357 forwarded=1
1786053795.555863 publish topic=ipi/airspan-followup-c1-rep1/latency/veh-001/ack bytes=239 forwarded=1
1786053795.785669 publish topic=ipi/airspan-followup-c1-rep1/latency/veh-001/request bytes=1357 forwarded=1
1786053795.786353 publish topic=ipi/airspan-followup-c1-rep1/latency/veh-001/ack bytes=239 forwarded=1
1786053796.015540 publish topic=ipi/airspan-followup-c1-rep1/latency/veh-001/request bytes=1357 forwarded=1
1786053796.015782 publish topic=ipi/airspan-followup-c1-rep1/latency/veh-001/ack bytes=239 forwarded=1
1786053796.246262 publish topic=ipi/airspan-followup-c1-rep1/latency/veh-001/request bytes=1357 forwarded=1
1786053796.246906 publish topic=ipi/airspan-followup-c1-rep1/latency/veh-001/ack bytes=239 forwarded=1
1786053796.476753 publish topic=ipi/airspan-followup-c1-rep1/latency/veh-001/request bytes=1357 forwarded=1
1786053796.477385 publish topic=ipi/airspan-followup-c1-rep1/latency/veh-001/ack bytes=239 forwarded=1
1786053796.696819 publish topic=ipi/airspan-followup-c1-rep1/latency/veh-001/request bytes=1357 forwarded=1
1786053796.697429 publish topic=ipi/airspan-followup-c1-rep1/latency/veh-001/ack bytes=239 forwarded=1
1786053796.917168 publish topic=ipi/airspan-followup-c1-rep1/latency/veh-001/request bytes=1357 forwarded=1
1786053796.917832 publish topic=ipi/airspan-followup-c1-rep1/latency/veh-001/ack bytes=239 forwarded=1
1786053797.147686 publish topic=ipi/airspan-followup-c1-rep1/latency/veh-001/request bytes=1357 forwarded=1
1786053797.148143 publish topic=ipi/airspan-followup-c1-rep1/latency/veh-001/ack bytes=239 forwarded=1
1786053797.368200 publish topic=ipi/airspan-followup-c1-rep1/latency/veh-001/request bytes=1357 forwarded=1
1786053797.368900 publish topic=ipi/airspan-followup-c1-rep1/latency/veh-001/ack bytes=239 forwarded=1
1786053797.598417 publish topic=ipi/airspan-followup-c1-rep1/latency/veh-001/request bytes=1357 forwarded=1
1786053797.598749 publish topic=ipi/airspan-followup-c1-rep1/latency/veh-001/ack bytes=239 forwarded=1
1786053797.828904 publish topic=ipi/airspan-followup-c1-rep1/latency/veh-001/request bytes=1357 forwarded=1
1786053797.829594 publish topic=ipi/airspan-followup-c1-rep1/latency/veh-001/ack bytes=239 forwarded=1
1786053798.059284 publish topic=ipi/airspan-followup-c1-rep1/latency/veh-001/request bytes=1357 forwarded=1
1786053798.059973 publish topic=ipi/airspan-followup-c1-rep1/latency/veh-001/ack bytes=239 forwarded=1
1786053798.279391 publish topic=ipi/airspan-followup-c1-rep1/latency/veh-001/request bytes=1357 forwarded=1
1786053798.279708 publish topic=ipi/airspan-followup-c1-rep1/latency/veh-001/ack bytes=239 forwarded=1
1786053798.509997 publish topic=ipi/airspan-followup-c1-rep1/latency/veh-001/request bytes=1357 forwarded=1
1786053798.510651 publish topic=ipi/airspan-followup-c1-rep1/latency/veh-001/ack bytes=239 forwarded=1
1786053798.750002 publish topic=ipi/airspan-followup-c1-rep1/latency/veh-001/request bytes=1357 forwarded=1
1786053798.750270 publish topic=ipi/airspan-followup-c1-rep1/latency/veh-001/ack bytes=239 forwarded=1
1786053798.980815 publish topic=ipi/airspan-followup-c1-rep1/latency/veh-001/request bytes=1357 forwarded=1
1786053798.981476 publish topic=ipi/airspan-followup-c1-rep1/latency/veh-001/ack bytes=239 forwarded=1
1786053799.200871 publish topic=ipi/airspan-followup-c1-rep1/latency/veh-001/request bytes=1357 forwarded=1
1786053799.201195 publish topic=ipi/airspan-followup-c1-rep1/latency/veh-001/ack bytes=239 forwarded=1
1786053799.431190 publish topic=ipi/airspan-followup-c1-rep1/latency/veh-001/request bytes=1357 forwarded=1
1786053799.431594 publish topic=ipi/airspan-followup-c1-rep1/latency/veh-001/ack bytes=239 forwarded=1
1786053799.661897 publish topic=ipi/airspan-followup-c1-rep1/latency/veh-001/request bytes=1357 forwarded=1
1786053799.662528 publish topic=ipi/airspan-followup-c1-rep1/latency/veh-001/ack bytes=239 forwarded=1
1786053799.892302 publish topic=ipi/airspan-followup-c1-rep1/latency/veh-001/request bytes=1357 forwarded=1
1786053799.893003 publish topic=ipi/airspan-followup-c1-rep1/latency/veh-001/ack bytes=239 forwarded=1
1786053800.122196 publish topic=ipi/airspan-followup-c1-rep1/latency/veh-001/request bytes=1357 forwarded=1
1786053800.122425 publish topic=ipi/airspan-followup-c1-rep1/latency/veh-001/ack bytes=239 forwarded=1
1786053800.342615 publish topic=ipi/airspan-followup-c1-rep1/latency/veh-001/request bytes=1357 forwarded=1
1786053800.342887 publish topic=ipi/airspan-followup-c1-rep1/latency/veh-001/ack bytes=239 forwarded=1
1786053800.583521 publish topic=ipi/airspan-followup-c1-rep1/latency/veh-001/request bytes=1357 forwarded=1
1786053800.584146 publish topic=ipi/airspan-followup-c1-rep1/latency/veh-001/ack bytes=239 forwarded=1
1786053800.823709 publish topic=ipi/airspan-followup-c1-rep1/latency/veh-001/request bytes=1357 forwarded=1
1786053800.824391 publish topic=ipi/airspan-followup-c1-rep1/latency/veh-001/ack bytes=239 forwarded=1
1786053801.053776 publish topic=ipi/airspan-followup-c1-rep1/latency/veh-001/request bytes=1357 forwarded=1
1786053801.054407 publish topic=ipi/airspan-followup-c1-rep1/latency/veh-001/ack bytes=239 forwarded=1
1786053801.274232 publish topic=ipi/airspan-followup-c1-rep1/latency/veh-001/request bytes=1357 forwarded=1
1786053801.274899 publish topic=ipi/airspan-followup-c1-rep1/latency/veh-001/ack bytes=239 forwarded=1
1786053801.504896 publish topic=ipi/airspan-followup-c1-rep1/latency/veh-001/request bytes=1357 forwarded=1
1786053801.505541 publish topic=ipi/airspan-followup-c1-rep1/latency/veh-001/ack bytes=239 forwarded=1
1786053801.735319 publish topic=ipi/airspan-followup-c1-rep1/latency/veh-001/request bytes=1357 forwarded=1
1786053801.735953 publish topic=ipi/airspan-followup-c1-rep1/latency/veh-001/ack bytes=239 forwarded=1
1786053801.965359 publish topic=ipi/airspan-followup-c1-rep1/latency/veh-001/request bytes=1357 forwarded=1
1786053801.966002 publish topic=ipi/airspan-followup-c1-rep1/latency/veh-001/ack bytes=239 forwarded=1
1786053802.195766 publish topic=ipi/airspan-followup-c1-rep1/latency/veh-001/request bytes=1357 forwarded=1
1786053802.196057 publish topic=ipi/airspan-followup-c1-rep1/latency/veh-001/ack bytes=239 forwarded=1
1786053802.436735 publish topic=ipi/airspan-followup-c1-rep1/latency/veh-001/request bytes=1357 forwarded=1
1786053802.437375 publish topic=ipi/airspan-followup-c1-rep1/latency/veh-001/ack bytes=239 forwarded=1
1786053802.676801 publish topic=ipi/airspan-followup-c1-rep1/latency/veh-001/request bytes=1357 forwarded=1
1786053802.677440 publish topic=ipi/airspan-followup-c1-rep1/latency/veh-001/ack bytes=239 forwarded=1
1786053802.907053 publish topic=ipi/airspan-followup-c1-rep1/latency/veh-001/request bytes=1357 forwarded=1
1786053802.907705 publish topic=ipi/airspan-followup-c1-rep1/latency/veh-001/ack bytes=239 forwarded=1
1786053803.137578 publish topic=ipi/airspan-followup-c1-rep1/latency/veh-001/request bytes=1357 forwarded=1
1786053803.138227 publish topic=ipi/airspan-followup-c1-rep1/latency/veh-001/ack bytes=239 forwarded=1
1786053803.367857 publish topic=ipi/airspan-followup-c1-rep1/latency/veh-001/request bytes=1357 forwarded=1
1786053803.368242 publish topic=ipi/airspan-followup-c1-rep1/latency/veh-001/ack bytes=239 forwarded=1
1786053803.588398 publish topic=ipi/airspan-followup-c1-rep1/latency/veh-001/request bytes=1357 forwarded=1
1786053803.589063 publish topic=ipi/airspan-followup-c1-rep1/latency/veh-001/ack bytes=239 forwarded=1
1786053803.818687 publish topic=ipi/airspan-followup-c1-rep1/latency/veh-001/request bytes=1357 forwarded=1
1786053803.819346 publish topic=ipi/airspan-followup-c1-rep1/latency/veh-001/ack bytes=239 forwarded=1
1786053804.049112 publish topic=ipi/airspan-followup-c1-rep1/latency/veh-001/request bytes=1357 forwarded=1
1786053804.049755 publish topic=ipi/airspan-followup-c1-rep1/latency/veh-001/ack bytes=239 forwarded=1
1786053804.269599 publish topic=ipi/airspan-followup-c1-rep1/latency/veh-001/request bytes=1357 forwarded=1
1786053804.270248 publish topic=ipi/airspan-followup-c1-rep1/latency/veh-001/ack bytes=239 forwarded=1
1786053804.489692 publish topic=ipi/airspan-followup-c1-rep1/latency/veh-001/request bytes=1357 forwarded=1
1786053804.490042 publish topic=ipi/airspan-followup-c1-rep1/latency/veh-001/ack bytes=239 forwarded=1
1786053804.710112 publish topic=ipi/airspan-followup-c1-rep1/latency/veh-001/request bytes=1357 forwarded=1
1786053804.710705 publish topic=ipi/airspan-followup-c1-rep1/latency/veh-001/ack bytes=239 forwarded=1
1786053804.940324 publish topic=ipi/airspan-followup-c1-rep1/latency/veh-001/request bytes=1357 forwarded=1
1786053804.940532 publish topic=ipi/airspan-followup-c1-rep1/latency/veh-001/ack bytes=239 forwarded=1
1786053805.171016 publish topic=ipi/airspan-followup-c1-rep1/latency/veh-001/request bytes=1357 forwarded=1
1786053805.171614 publish topic=ipi/airspan-followup-c1-rep1/latency/veh-001/ack bytes=239 forwarded=1
1786053805.401264 publish topic=ipi/airspan-followup-c1-rep1/latency/veh-001/request bytes=1357 forwarded=1
1786053805.401851 publish topic=ipi/airspan-followup-c1-rep1/latency/veh-001/ack bytes=239 forwarded=1
1786053805.631733 publish topic=ipi/airspan-followup-c1-rep1/latency/veh-001/request bytes=1357 forwarded=1
1786053805.632076 publish topic=ipi/airspan-followup-c1-rep1/latency/veh-001/ack bytes=239 forwarded=1
1786053805.862311 publish topic=ipi/airspan-followup-c1-rep1/latency/veh-001/request bytes=1357 forwarded=1
1786053805.862936 publish topic=ipi/airspan-followup-c1-rep1/latency/veh-001/ack bytes=239 forwarded=1
1786053806.082539 publish topic=ipi/airspan-followup-c1-rep1/latency/veh-001/request bytes=1357 forwarded=1
1786053806.083157 publish topic=ipi/airspan-followup-c1-rep1/latency/veh-001/ack bytes=239 forwarded=1
1786053806.302754 publish topic=ipi/airspan-followup-c1-rep1/latency/veh-001/request bytes=1357 forwarded=1
1786053806.303352 publish topic=ipi/airspan-followup-c1-rep1/latency/veh-001/ack bytes=239 forwarded=1
1786053806.523490 publish topic=ipi/airspan-followup-c1-rep1/latency/veh-001/request bytes=1357 forwarded=1
1786053806.524137 publish topic=ipi/airspan-followup-c1-rep1/latency/veh-001/ack bytes=239 forwarded=1
1786053806.753975 publish topic=ipi/airspan-followup-c1-rep1/latency/veh-001/request bytes=1357 forwarded=1
1786053806.754601 publish topic=ipi/airspan-followup-c1-rep1/latency/veh-001/ack bytes=239 forwarded=1
1786053806.974181 publish topic=ipi/airspan-followup-c1-rep1/latency/veh-001/request bytes=1357 forwarded=1
1786053806.974827 publish topic=ipi/airspan-followup-c1-rep1/latency/veh-001/ack bytes=239 forwarded=1
1786053807.204504 publish topic=ipi/airspan-followup-c1-rep1/latency/veh-001/request bytes=1357 forwarded=1
1786053807.205200 publish topic=ipi/airspan-followup-c1-rep1/latency/veh-001/ack bytes=239 forwarded=1
1786053807.444797 publish topic=ipi/airspan-followup-c1-rep1/latency/veh-001/request bytes=1357 forwarded=1
1786053807.445419 publish topic=ipi/airspan-followup-c1-rep1/latency/veh-001/ack bytes=239 forwarded=1
1786053807.685129 publish topic=ipi/airspan-followup-c1-rep1/latency/veh-001/request bytes=1357 forwarded=1
1786053807.685758 publish topic=ipi/airspan-followup-c1-rep1/latency/veh-001/ack bytes=239 forwarded=1
1786053807.915632 publish topic=ipi/airspan-followup-c1-rep1/latency/veh-001/request bytes=1357 forwarded=1
1786053807.916257 publish topic=ipi/airspan-followup-c1-rep1/latency/veh-001/ack bytes=239 forwarded=1
1786053808.155924 publish topic=ipi/airspan-followup-c1-rep1/latency/veh-001/request bytes=1357 forwarded=1
1786053808.156684 publish topic=ipi/airspan-followup-c1-rep1/latency/veh-001/ack bytes=239 forwarded=1
1786053808.386396 publish topic=ipi/airspan-followup-c1-rep1/latency/veh-001/request bytes=1357 forwarded=1
1786053808.386979 publish topic=ipi/airspan-followup-c1-rep1/latency/veh-001/ack bytes=239 forwarded=1
1786053808.616846 publish topic=ipi/airspan-followup-c1-rep1/latency/veh-001/request bytes=1357 forwarded=1
1786053808.617570 publish topic=ipi/airspan-followup-c1-rep1/latency/veh-001/ack bytes=239 forwarded=1
1786053808.847190 publish topic=ipi/airspan-followup-c1-rep1/latency/veh-001/request bytes=1357 forwarded=1
1786053808.847790 publish topic=ipi/airspan-followup-c1-rep1/latency/veh-001/ack bytes=239 forwarded=1
1786053809.067562 publish topic=ipi/airspan-followup-c1-rep1/latency/veh-001/request bytes=1357 forwarded=1
1786053809.068191 publish topic=ipi/airspan-followup-c1-rep1/latency/veh-001/ack bytes=239 forwarded=1
1786053809.307782 publish topic=ipi/airspan-followup-c1-rep1/latency/veh-001/request bytes=1357 forwarded=1
1786053809.308353 publish topic=ipi/airspan-followup-c1-rep1/latency/veh-001/ack bytes=239 forwarded=1
1786053809.538128 publish topic=ipi/airspan-followup-c1-rep1/latency/veh-001/request bytes=1357 forwarded=1
1786053809.538419 publish topic=ipi/airspan-followup-c1-rep1/latency/veh-001/ack bytes=239 forwarded=1
1786053809.758647 publish topic=ipi/airspan-followup-c1-rep1/latency/veh-001/request bytes=1357 forwarded=1
1786053809.759260 publish topic=ipi/airspan-followup-c1-rep1/latency/veh-001/ack bytes=239 forwarded=1
1786053809.978792 publish topic=ipi/airspan-followup-c1-rep1/latency/veh-001/request bytes=1357 forwarded=1
1786053809.979240 publish topic=ipi/airspan-followup-c1-rep1/latency/veh-001/ack bytes=239 forwarded=1
1786053810.209439 publish topic=ipi/airspan-followup-c1-rep1/latency/veh-001/request bytes=1357 forwarded=1
1786053810.210093 publish topic=ipi/airspan-followup-c1-rep1/latency/veh-001/ack bytes=239 forwarded=1
1786053810.439692 publish topic=ipi/airspan-followup-c1-rep1/latency/veh-001/request bytes=1357 forwarded=1
1786053810.440340 publish topic=ipi/airspan-followup-c1-rep1/latency/veh-001/ack bytes=239 forwarded=1
1786053810.670034 publish topic=ipi/airspan-followup-c1-rep1/latency/veh-001/request bytes=1357 forwarded=1
1786053810.670320 publish topic=ipi/airspan-followup-c1-rep1/latency/veh-001/ack bytes=239 forwarded=1
1786053810.900507 publish topic=ipi/airspan-followup-c1-rep1/latency/veh-001/request bytes=1357 forwarded=1
1786053810.901162 publish topic=ipi/airspan-followup-c1-rep1/latency/veh-001/ack bytes=239 forwarded=1
1786053811.130966 publish topic=ipi/airspan-followup-c1-rep1/latency/veh-001/request bytes=1357 forwarded=1
1786053811.131606 publish topic=ipi/airspan-followup-c1-rep1/latency/veh-001/ack bytes=239 forwarded=1
1786053811.361246 publish topic=ipi/airspan-followup-c1-rep1/latency/veh-001/request bytes=1357 forwarded=1
1786053811.361928 publish topic=ipi/airspan-followup-c1-rep1/latency/veh-001/ack bytes=239 forwarded=1
1786053811.591766 publish topic=ipi/airspan-followup-c1-rep1/latency/veh-001/request bytes=1357 forwarded=1
1786053811.592397 publish topic=ipi/airspan-followup-c1-rep1/latency/veh-001/ack bytes=239 forwarded=1
1786053811.822076 publish topic=ipi/airspan-followup-c1-rep1/latency/veh-001/request bytes=1357 forwarded=1
1786053811.822715 publish topic=ipi/airspan-followup-c1-rep1/latency/veh-001/ack bytes=239 forwarded=1
1786053812.042586 publish topic=ipi/airspan-followup-c1-rep1/latency/veh-001/request bytes=1357 forwarded=1
1786053812.043220 publish topic=ipi/airspan-followup-c1-rep1/latency/veh-001/ack bytes=239 forwarded=1
1786053812.262660 publish topic=ipi/airspan-followup-c1-rep1/latency/veh-001/request bytes=1357 forwarded=1
1786053812.263292 publish topic=ipi/airspan-followup-c1-rep1/latency/veh-001/ack bytes=239 forwarded=1
1786053812.483295 publish topic=ipi/airspan-followup-c1-rep1/latency/veh-001/request bytes=1357 forwarded=1
1786053812.483902 publish topic=ipi/airspan-followup-c1-rep1/latency/veh-001/ack bytes=239 forwarded=1
1786053812.713758 publish topic=ipi/airspan-followup-c1-rep1/latency/veh-001/request bytes=1357 forwarded=1
1786053812.714150 publish topic=ipi/airspan-followup-c1-rep1/latency/veh-001/ack bytes=239 forwarded=1
1786053812.943771 publish topic=ipi/airspan-followup-c1-rep1/latency/veh-001/request bytes=1357 forwarded=1
1786053812.944402 publish topic=ipi/airspan-followup-c1-rep1/latency/veh-001/ack bytes=239 forwarded=1
1786053813.184531 publish topic=ipi/airspan-followup-c1-rep1/latency/veh-001/request bytes=1357 forwarded=1
1786053813.185169 publish topic=ipi/airspan-followup-c1-rep1/latency/veh-001/ack bytes=239 forwarded=1
1786053813.434731 publish topic=ipi/airspan-followup-c1-rep1/latency/veh-001/request bytes=1357 forwarded=1
1786053813.435048 publish topic=ipi/airspan-followup-c1-rep1/latency/veh-001/ack bytes=239 forwarded=1
1786053813.655262 publish topic=ipi/airspan-followup-c1-rep1/latency/veh-001/request bytes=1357 forwarded=1
1786053813.655891 publish topic=ipi/airspan-followup-c1-rep1/latency/veh-001/ack bytes=239 forwarded=1
1786053813.885592 publish topic=ipi/airspan-followup-c1-rep1/latency/veh-001/request bytes=1357 forwarded=1
1786053813.886218 publish topic=ipi/airspan-followup-c1-rep1/latency/veh-001/ack bytes=239 forwarded=1
1786053814.115729 publish topic=ipi/airspan-followup-c1-rep1/latency/veh-001/request bytes=1357 forwarded=1
1786053814.116302 publish topic=ipi/airspan-followup-c1-rep1/latency/veh-001/ack bytes=239 forwarded=1
1786053814.345950 publish topic=ipi/airspan-followup-c1-rep1/latency/veh-001/request bytes=1357 forwarded=1
1786053814.346168 publish topic=ipi/airspan-followup-c1-rep1/latency/veh-001/ack bytes=239 forwarded=1
1786053814.576318 publish topic=ipi/airspan-followup-c1-rep1/latency/veh-001/request bytes=1357 forwarded=1
1786053814.576593 publish topic=ipi/airspan-followup-c1-rep1/latency/veh-001/ack bytes=239 forwarded=1
1786053814.806661 publish topic=ipi/airspan-followup-c1-rep1/latency/veh-001/request bytes=1357 forwarded=1
1786053814.807270 publish topic=ipi/airspan-followup-c1-rep1/latency/veh-001/ack bytes=239 forwarded=1
1786053815.027101 publish topic=ipi/airspan-followup-c1-rep1/latency/veh-001/request bytes=1357 forwarded=1
1786053815.027661 publish topic=ipi/airspan-followup-c1-rep1/latency/veh-001/ack bytes=239 forwarded=1
1786053815.247347 publish topic=ipi/airspan-followup-c1-rep1/latency/veh-001/request bytes=1357 forwarded=1
1786053815.247939 publish topic=ipi/airspan-followup-c1-rep1/latency/veh-001/ack bytes=239 forwarded=1
1786053815.467746 publish topic=ipi/airspan-followup-c1-rep1/latency/veh-001/request bytes=1357 forwarded=1
1786053815.468142 publish topic=ipi/airspan-followup-c1-rep1/latency/veh-001/ack bytes=239 forwarded=1
1786053815.697798 publish topic=ipi/airspan-followup-c1-rep1/latency/veh-001/request bytes=1357 forwarded=1
1786053815.698099 publish topic=ipi/airspan-followup-c1-rep1/latency/veh-001/ack bytes=239 forwarded=1
1786053815.918345 publish topic=ipi/airspan-followup-c1-rep1/latency/veh-001/request bytes=1357 forwarded=1
1786053815.918992 publish topic=ipi/airspan-followup-c1-rep1/latency/veh-001/ack bytes=239 forwarded=1
1786053816.148462 publish topic=ipi/airspan-followup-c1-rep1/latency/veh-001/request bytes=1357 forwarded=1
1786053816.148788 publish topic=ipi/airspan-followup-c1-rep1/latency/veh-001/ack bytes=239 forwarded=1
1786053816.368752 publish topic=ipi/airspan-followup-c1-rep1/latency/veh-001/request bytes=1357 forwarded=1
1786053816.368985 publish topic=ipi/airspan-followup-c1-rep1/latency/veh-001/ack bytes=239 forwarded=1
1786053816.599597 publish topic=ipi/airspan-followup-c1-rep1/latency/veh-001/request bytes=1357 forwarded=1
1786053816.600228 publish topic=ipi/airspan-followup-c1-rep1/latency/veh-001/ack bytes=239 forwarded=1
1786053816.829441 publish topic=ipi/airspan-followup-c1-rep1/latency/veh-001/request bytes=1357 forwarded=1
1786053816.830001 publish topic=ipi/airspan-followup-c1-rep1/latency/veh-001/ack bytes=239 forwarded=1
1786053817.050070 publish topic=ipi/airspan-followup-c1-rep1/latency/veh-001/request bytes=1357 forwarded=1
1786053817.050696 publish topic=ipi/airspan-followup-c1-rep1/latency/veh-001/ack bytes=239 forwarded=1
1786053817.280317 publish topic=ipi/airspan-followup-c1-rep1/latency/veh-001/request bytes=1357 forwarded=1
1786053817.280658 publish topic=ipi/airspan-followup-c1-rep1/latency/veh-001/ack bytes=239 forwarded=1
1786053817.500686 publish topic=ipi/airspan-followup-c1-rep1/latency/veh-001/request bytes=1357 forwarded=1
1786053817.501322 publish topic=ipi/airspan-followup-c1-rep1/latency/veh-001/ack bytes=239 forwarded=1
1786053817.730738 publish topic=ipi/airspan-followup-c1-rep1/latency/veh-001/request bytes=1357 forwarded=1
1786053817.731385 publish topic=ipi/airspan-followup-c1-rep1/latency/veh-001/ack bytes=239 forwarded=1
1786053817.961068 publish topic=ipi/airspan-followup-c1-rep1/latency/veh-001/request bytes=1357 forwarded=1
1786053817.961726 publish topic=ipi/airspan-followup-c1-rep1/latency/veh-001/ack bytes=239 forwarded=1
1786053818.191322 publish topic=ipi/airspan-followup-c1-rep1/latency/veh-001/request bytes=1357 forwarded=1
1786053818.191918 publish topic=ipi/airspan-followup-c1-rep1/latency/veh-001/ack bytes=239 forwarded=1
1786053818.421851 publish topic=ipi/airspan-followup-c1-rep1/latency/veh-001/request bytes=1357 forwarded=1
1786053818.422483 publish topic=ipi/airspan-followup-c1-rep1/latency/veh-001/ack bytes=239 forwarded=1
1786053818.652196 publish topic=ipi/airspan-followup-c1-rep1/latency/veh-001/request bytes=1357 forwarded=1
1786053818.652899 publish topic=ipi/airspan-followup-c1-rep1/latency/veh-001/ack bytes=239 forwarded=1
1786053818.882175 publish topic=ipi/airspan-followup-c1-rep1/latency/veh-001/request bytes=1357 forwarded=1
1786053818.882473 publish topic=ipi/airspan-followup-c1-rep1/latency/veh-001/ack bytes=239 forwarded=1
1786053819.102540 publish topic=ipi/airspan-followup-c1-rep1/latency/veh-001/request bytes=1357 forwarded=1
1786053819.103162 publish topic=ipi/airspan-followup-c1-rep1/latency/veh-001/ack bytes=239 forwarded=1
1786053819.343280 publish topic=ipi/airspan-followup-c1-rep1/latency/veh-001/request bytes=1357 forwarded=1
1786053819.343924 publish topic=ipi/airspan-followup-c1-rep1/latency/veh-001/ack bytes=239 forwarded=1
1786053819.563415 publish topic=ipi/airspan-followup-c1-rep1/latency/veh-001/request bytes=1357 forwarded=1
1786053819.564064 publish topic=ipi/airspan-followup-c1-rep1/latency/veh-001/ack bytes=239 forwarded=1
1786053819.793741 publish topic=ipi/airspan-followup-c1-rep1/latency/veh-001/request bytes=1357 forwarded=1
1786053819.794380 publish topic=ipi/airspan-followup-c1-rep1/latency/veh-001/ack bytes=239 forwarded=1
1786053820.013818 publish topic=ipi/airspan-followup-c1-rep1/latency/veh-001/request bytes=1357 forwarded=1
1786053820.014059 publish topic=ipi/airspan-followup-c1-rep1/latency/veh-001/ack bytes=239 forwarded=1
1786053820.244388 publish topic=ipi/airspan-followup-c1-rep1/latency/veh-001/request bytes=1357 forwarded=1
1786053820.244994 publish topic=ipi/airspan-followup-c1-rep1/latency/veh-001/ack bytes=239 forwarded=1
1786053820.464735 publish topic=ipi/airspan-followup-c1-rep1/latency/veh-001/request bytes=1357 forwarded=1
1786053820.465360 publish topic=ipi/airspan-followup-c1-rep1/latency/veh-001/ack bytes=239 forwarded=1
1786053820.705160 publish topic=ipi/airspan-followup-c1-rep1/latency/veh-001/request bytes=1357 forwarded=1
1786053820.705754 publish topic=ipi/airspan-followup-c1-rep1/latency/veh-001/ack bytes=239 forwarded=1
1786053820.935430 publish topic=ipi/airspan-followup-c1-rep1/latency/veh-001/request bytes=1357 forwarded=1
1786053820.936043 publish topic=ipi/airspan-followup-c1-rep1/latency/veh-001/ack bytes=239 forwarded=1
1786053821.165458 publish topic=ipi/airspan-followup-c1-rep1/latency/veh-001/request bytes=1357 forwarded=1
1786053821.166067 publish topic=ipi/airspan-followup-c1-rep1/latency/veh-001/ack bytes=239 forwarded=1
1786053821.415832 publish topic=ipi/airspan-followup-c1-rep1/latency/veh-001/request bytes=1357 forwarded=1
1786053821.416405 publish topic=ipi/airspan-followup-c1-rep1/latency/veh-001/ack bytes=239 forwarded=1
1786053821.635959 publish topic=ipi/airspan-followup-c1-rep1/latency/veh-001/request bytes=1357 forwarded=1
1786053821.636173 publish topic=ipi/airspan-followup-c1-rep1/latency/veh-001/ack bytes=239 forwarded=1
1786053821.866416 publish topic=ipi/airspan-followup-c1-rep1/latency/veh-001/request bytes=1357 forwarded=1
1786053821.867058 publish topic=ipi/airspan-followup-c1-rep1/latency/veh-001/ack bytes=239 forwarded=1
1786053822.096905 publish topic=ipi/airspan-followup-c1-rep1/latency/veh-001/request bytes=1357 forwarded=1
1786053822.097539 publish topic=ipi/airspan-followup-c1-rep1/latency/veh-001/ack bytes=239 forwarded=1
1786053822.317199 publish topic=ipi/airspan-followup-c1-rep1/latency/veh-001/request bytes=1357 forwarded=1
1786053822.317518 publish topic=ipi/airspan-followup-c1-rep1/latency/veh-001/ack bytes=239 forwarded=1
1786053822.547583 publish topic=ipi/airspan-followup-c1-rep1/latency/veh-001/request bytes=1357 forwarded=1
1786053822.548211 publish topic=ipi/airspan-followup-c1-rep1/latency/veh-001/ack bytes=239 forwarded=1
1786053822.777921 publish topic=ipi/airspan-followup-c1-rep1/latency/veh-001/request bytes=1357 forwarded=1
1786053822.778553 publish topic=ipi/airspan-followup-c1-rep1/latency/veh-001/ack bytes=239 forwarded=1
1786053823.008306 publish topic=ipi/airspan-followup-c1-rep1/latency/veh-001/request bytes=1357 forwarded=1
1786053823.009070 publish topic=ipi/airspan-followup-c1-rep1/latency/veh-001/ack bytes=239 forwarded=1
1786053823.238585 publish topic=ipi/airspan-followup-c1-rep1/latency/veh-001/request bytes=1357 forwarded=1
1786053823.239223 publish topic=ipi/airspan-followup-c1-rep1/latency/veh-001/ack bytes=239 forwarded=1
1786053823.468658 publish topic=ipi/airspan-followup-c1-rep1/latency/veh-001/request bytes=1357 forwarded=1
1786053823.469294 publish topic=ipi/airspan-followup-c1-rep1/latency/veh-001/ack bytes=239 forwarded=1
1786053823.698944 publish topic=ipi/airspan-followup-c1-rep1/latency/veh-001/request bytes=1357 forwarded=1
1786053823.699620 publish topic=ipi/airspan-followup-c1-rep1/latency/veh-001/ack bytes=239 forwarded=1
1786053823.929390 publish topic=ipi/airspan-followup-c1-rep1/latency/veh-001/request bytes=1357 forwarded=1
1786053823.930071 publish topic=ipi/airspan-followup-c1-rep1/latency/veh-001/ack bytes=239 forwarded=1
1786053824.149708 publish topic=ipi/airspan-followup-c1-rep1/latency/veh-001/request bytes=1357 forwarded=1
1786053824.150347 publish topic=ipi/airspan-followup-c1-rep1/latency/veh-001/ack bytes=239 forwarded=1
1786053824.380377 publish topic=ipi/airspan-followup-c1-rep1/latency/veh-001/request bytes=1357 forwarded=1
1786053824.381029 publish topic=ipi/airspan-followup-c1-rep1/latency/veh-001/ack bytes=239 forwarded=1
1786053824.610426 publish topic=ipi/airspan-followup-c1-rep1/latency/veh-001/request bytes=1357 forwarded=1
1786053824.611065 publish topic=ipi/airspan-followup-c1-rep1/latency/veh-001/ack bytes=239 forwarded=1
1786053824.840863 publish topic=ipi/airspan-followup-c1-rep1/latency/veh-001/request bytes=1357 forwarded=1
1786053824.841495 publish topic=ipi/airspan-followup-c1-rep1/latency/veh-001/ack bytes=239 forwarded=1
1786053825.070976 publish topic=ipi/airspan-followup-c1-rep1/latency/veh-001/request bytes=1357 forwarded=1
1786053825.071599 publish topic=ipi/airspan-followup-c1-rep1/latency/veh-001/ack bytes=239 forwarded=1
1786053825.301381 publish topic=ipi/airspan-followup-c1-rep1/latency/veh-001/request bytes=1357 forwarded=1
1786053825.302176 publish topic=ipi/airspan-followup-c1-rep1/latency/veh-001/ack bytes=239 forwarded=1
1786053825.531905 publish topic=ipi/airspan-followup-c1-rep1/latency/veh-001/request bytes=1357 forwarded=1
1786053825.532539 publish topic=ipi/airspan-followup-c1-rep1/latency/veh-001/ack bytes=239 forwarded=1
1786053825.762247 publish topic=ipi/airspan-followup-c1-rep1/latency/veh-001/request bytes=1357 forwarded=1
1786053825.762878 publish topic=ipi/airspan-followup-c1-rep1/latency/veh-001/ack bytes=239 forwarded=1
1786053825.982366 publish topic=ipi/airspan-followup-c1-rep1/latency/veh-001/request bytes=1357 forwarded=1
1786053825.982839 publish topic=ipi/airspan-followup-c1-rep1/latency/veh-001/ack bytes=239 forwarded=1
1786053826.202727 publish topic=ipi/airspan-followup-c1-rep1/latency/veh-001/request bytes=1357 forwarded=1
1786053826.203317 publish topic=ipi/airspan-followup-c1-rep1/latency/veh-001/ack bytes=239 forwarded=1
1786053826.423183 publish topic=ipi/airspan-followup-c1-rep1/latency/veh-001/request bytes=1357 forwarded=1
1786053826.423828 publish topic=ipi/airspan-followup-c1-rep1/latency/veh-001/ack bytes=239 forwarded=1
1786053826.643422 publish topic=ipi/airspan-followup-c1-rep1/latency/veh-001/request bytes=1357 forwarded=1
1786053826.644129 publish topic=ipi/airspan-followup-c1-rep1/latency/veh-001/ack bytes=239 forwarded=1
1786053826.883553 publish topic=ipi/airspan-followup-c1-rep1/latency/veh-001/request bytes=1357 forwarded=1
1786053826.883807 publish topic=ipi/airspan-followup-c1-rep1/latency/veh-001/ack bytes=239 forwarded=1
1786053827.114079 publish topic=ipi/airspan-followup-c1-rep1/latency/veh-001/request bytes=1357 forwarded=1
1786053827.114320 publish topic=ipi/airspan-followup-c1-rep1/latency/veh-001/ack bytes=239 forwarded=1
1786053827.334520 publish topic=ipi/airspan-followup-c1-rep1/latency/veh-001/request bytes=1357 forwarded=1
1786053827.335178 publish topic=ipi/airspan-followup-c1-rep1/latency/veh-001/ack bytes=239 forwarded=1
1786053827.564888 publish topic=ipi/airspan-followup-c1-rep1/latency/veh-001/request bytes=1357 forwarded=1
1786053827.565465 publish topic=ipi/airspan-followup-c1-rep1/latency/veh-001/ack bytes=239 forwarded=1
1786053827.795441 publish topic=ipi/airspan-followup-c1-rep1/latency/veh-001/request bytes=1357 forwarded=1
1786053827.796094 publish topic=ipi/airspan-followup-c1-rep1/latency/veh-001/ack bytes=239 forwarded=1
1786053828.035795 publish topic=ipi/airspan-followup-c1-rep1/latency/veh-001/request bytes=1357 forwarded=1
1786053828.036451 publish topic=ipi/airspan-followup-c1-rep1/latency/veh-001/ack bytes=239 forwarded=1
1786053828.266638 publish topic=ipi/airspan-followup-c1-rep1/latency/veh-001/request bytes=1357 forwarded=1
1786053828.267308 publish topic=ipi/airspan-followup-c1-rep1/latency/veh-001/ack bytes=239 forwarded=1
1786053828.486509 publish topic=ipi/airspan-followup-c1-rep1/latency/veh-001/request bytes=1357 forwarded=1
1786053828.487223 publish topic=ipi/airspan-followup-c1-rep1/latency/veh-001/ack bytes=239 forwarded=1
1786053828.716809 publish topic=ipi/airspan-followup-c1-rep1/latency/veh-001/request bytes=1357 forwarded=1
1786053828.717449 publish topic=ipi/airspan-followup-c1-rep1/latency/veh-001/ack bytes=239 forwarded=1
1786053828.947018 publish topic=ipi/airspan-followup-c1-rep1/latency/veh-001/request bytes=1357 forwarded=1
1786053828.947695 publish topic=ipi/airspan-followup-c1-rep1/latency/veh-001/ack bytes=239 forwarded=1
1786053829.177559 publish topic=ipi/airspan-followup-c1-rep1/latency/veh-001/request bytes=1357 forwarded=1
1786053829.178183 publish topic=ipi/airspan-followup-c1-rep1/latency/veh-001/ack bytes=239 forwarded=1
1786053829.397913 publish topic=ipi/airspan-followup-c1-rep1/latency/veh-001/request bytes=1357 forwarded=1
1786053829.398564 publish topic=ipi/airspan-followup-c1-rep1/latency/veh-001/ack bytes=239 forwarded=1
1786053829.617930 publish topic=ipi/airspan-followup-c1-rep1/latency/veh-001/request bytes=1357 forwarded=1
1786053829.618163 publish topic=ipi/airspan-followup-c1-rep1/latency/veh-001/ack bytes=239 forwarded=1
1786053829.848660 publish topic=ipi/airspan-followup-c1-rep1/latency/veh-001/request bytes=1357 forwarded=1
1786053829.849271 publish topic=ipi/airspan-followup-c1-rep1/latency/veh-001/ack bytes=239 forwarded=1
1786053830.068885 publish topic=ipi/airspan-followup-c1-rep1/latency/veh-001/request bytes=1357 forwarded=1
1786053830.069500 publish topic=ipi/airspan-followup-c1-rep1/latency/veh-001/ack bytes=239 forwarded=1
1786053830.299484 publish topic=ipi/airspan-followup-c1-rep1/latency/veh-001/request bytes=1357 forwarded=1
1786053830.300100 publish topic=ipi/airspan-followup-c1-rep1/latency/veh-001/ack bytes=239 forwarded=1
1786053830.529716 publish topic=ipi/airspan-followup-c1-rep1/latency/veh-001/request bytes=1357 forwarded=1
1786053830.530382 publish topic=ipi/airspan-followup-c1-rep1/latency/veh-001/ack bytes=239 forwarded=1
1786053830.769772 publish topic=ipi/airspan-followup-c1-rep1/latency/veh-001/request bytes=1357 forwarded=1
1786053830.770398 publish topic=ipi/airspan-followup-c1-rep1/latency/veh-001/ack bytes=239 forwarded=1
1786053830.999665 publish topic=ipi/airspan-followup-c1-rep1/latency/veh-001/request bytes=1357 forwarded=1
1786053831.000468 publish topic=ipi/airspan-followup-c1-rep1/latency/veh-001/ack bytes=239 forwarded=1
1786053831.230090 publish topic=ipi/airspan-followup-c1-rep1/latency/veh-001/request bytes=1357 forwarded=1
1786053831.230759 publish topic=ipi/airspan-followup-c1-rep1/latency/veh-001/ack bytes=239 forwarded=1
1786053831.450168 publish topic=ipi/airspan-followup-c1-rep1/latency/veh-001/request bytes=1357 forwarded=1
1786053831.450854 publish topic=ipi/airspan-followup-c1-rep1/latency/veh-001/ack bytes=239 forwarded=1
1786053831.680315 publish topic=ipi/airspan-followup-c1-rep1/latency/veh-001/request bytes=1357 forwarded=1
1786053831.681007 publish topic=ipi/airspan-followup-c1-rep1/latency/veh-001/ack bytes=239 forwarded=1
1786053831.910370 publish topic=ipi/airspan-followup-c1-rep1/latency/veh-001/request bytes=1357 forwarded=1
1786053831.910708 publish topic=ipi/airspan-followup-c1-rep1/latency/veh-001/ack bytes=239 forwarded=1
1786053832.130262 publish topic=ipi/airspan-followup-c1-rep1/latency/veh-001/request bytes=1357 forwarded=1
1786053832.130952 publish topic=ipi/airspan-followup-c1-rep1/latency/veh-001/ack bytes=239 forwarded=1
1786053832.360680 publish topic=ipi/airspan-followup-c1-rep1/latency/veh-001/request bytes=1357 forwarded=1
1786053832.361311 publish topic=ipi/airspan-followup-c1-rep1/latency/veh-001/ack bytes=239 forwarded=1
1786053832.590813 publish topic=ipi/airspan-followup-c1-rep1/latency/veh-001/request bytes=1357 forwarded=1
1786053832.591456 publish topic=ipi/airspan-followup-c1-rep1/latency/veh-001/ack bytes=239 forwarded=1
1786053832.820808 publish topic=ipi/airspan-followup-c1-rep1/latency/veh-001/request bytes=1357 forwarded=1
1786053832.821411 publish topic=ipi/airspan-followup-c1-rep1/latency/veh-001/ack bytes=239 forwarded=1
1786053833.050927 publish topic=ipi/airspan-followup-c1-rep1/latency/veh-001/request bytes=1357 forwarded=1
1786053833.051310 publish topic=ipi/airspan-followup-c1-rep1/latency/veh-001/ack bytes=239 forwarded=1
1786053833.281143 publish topic=ipi/airspan-followup-c1-rep1/latency/veh-001/request bytes=1357 forwarded=1
1786053833.281773 publish topic=ipi/airspan-followup-c1-rep1/latency/veh-001/ack bytes=239 forwarded=1
1786053833.511209 publish topic=ipi/airspan-followup-c1-rep1/latency/veh-001/request bytes=1357 forwarded=1
1786053833.511838 publish topic=ipi/airspan-followup-c1-rep1/latency/veh-001/ack bytes=239 forwarded=1
1786053833.741560 publish topic=ipi/airspan-followup-c1-rep1/latency/veh-001/request bytes=1357 forwarded=1
1786053833.742194 publish topic=ipi/airspan-followup-c1-rep1/latency/veh-001/ack bytes=239 forwarded=1
1786053833.971552 publish topic=ipi/airspan-followup-c1-rep1/latency/veh-001/request bytes=1357 forwarded=1
1786053833.972046 publish topic=ipi/airspan-followup-c1-rep1/latency/veh-001/ack bytes=239 forwarded=1
1786053834.211789 publish topic=ipi/airspan-followup-c1-rep1/latency/veh-001/request bytes=1357 forwarded=1
1786053834.212464 publish topic=ipi/airspan-followup-c1-rep1/latency/veh-001/ack bytes=239 forwarded=1
1786053834.452071 publish topic=ipi/airspan-followup-c1-rep1/latency/veh-001/request bytes=1357 forwarded=1
1786053834.452796 publish topic=ipi/airspan-followup-c1-rep1/latency/veh-001/ack bytes=239 forwarded=1
1786053834.671932 publish topic=ipi/airspan-followup-c1-rep1/latency/veh-001/request bytes=1357 forwarded=1
1786053834.672639 publish topic=ipi/airspan-followup-c1-rep1/latency/veh-001/ack bytes=239 forwarded=1
1786053834.892141 publish topic=ipi/airspan-followup-c1-rep1/latency/veh-001/request bytes=1357 forwarded=1
1786053834.892795 publish topic=ipi/airspan-followup-c1-rep1/latency/veh-001/ack bytes=239 forwarded=1
1786053835.112056 publish topic=ipi/airspan-followup-c1-rep1/latency/veh-001/request bytes=1357 forwarded=1
1786053835.112422 publish topic=ipi/airspan-followup-c1-rep1/latency/veh-001/ack bytes=239 forwarded=1
1786053835.332696 publish topic=ipi/airspan-followup-c1-rep1/latency/veh-001/request bytes=1357 forwarded=1
1786053835.333342 publish topic=ipi/airspan-followup-c1-rep1/latency/veh-001/ack bytes=239 forwarded=1
1786053835.562728 publish topic=ipi/airspan-followup-c1-rep1/latency/veh-001/request bytes=1357 forwarded=1
1786053835.563356 publish topic=ipi/airspan-followup-c1-rep1/latency/veh-001/ack bytes=239 forwarded=1
1786053835.782719 publish topic=ipi/airspan-followup-c1-rep1/latency/veh-001/request bytes=1357 forwarded=1
1786053835.783358 publish topic=ipi/airspan-followup-c1-rep1/latency/veh-001/ack bytes=239 forwarded=1
1786053836.012617 publish topic=ipi/airspan-followup-c1-rep1/latency/veh-001/request bytes=1357 forwarded=1
1786053836.012791 publish topic=ipi/airspan-followup-c1-rep1/latency/veh-001/ack bytes=239 forwarded=1
1786053836.243118 publish topic=ipi/airspan-followup-c1-rep1/latency/veh-001/request bytes=1357 forwarded=1
1786053836.243763 publish topic=ipi/airspan-followup-c1-rep1/latency/veh-001/ack bytes=239 forwarded=1
1786053836.473275 publish topic=ipi/airspan-followup-c1-rep1/latency/veh-001/request bytes=1357 forwarded=1
1786053836.473942 publish topic=ipi/airspan-followup-c1-rep1/latency/veh-001/ack bytes=239 forwarded=1
1786053836.693324 publish topic=ipi/airspan-followup-c1-rep1/latency/veh-001/request bytes=1357 forwarded=1
1786053836.693964 publish topic=ipi/airspan-followup-c1-rep1/latency/veh-001/ack bytes=239 forwarded=1
1786053836.923497 publish topic=ipi/airspan-followup-c1-rep1/latency/veh-001/request bytes=1357 forwarded=1
1786053836.924113 publish topic=ipi/airspan-followup-c1-rep1/latency/veh-001/ack bytes=239 forwarded=1
1786053837.153716 publish topic=ipi/airspan-followup-c1-rep1/latency/veh-001/request bytes=1357 forwarded=1
1786053837.154346 publish topic=ipi/airspan-followup-c1-rep1/latency/veh-001/ack bytes=239 forwarded=1
1786053837.393693 publish topic=ipi/airspan-followup-c1-rep1/latency/veh-001/request bytes=1357 forwarded=1
1786053837.394352 publish topic=ipi/airspan-followup-c1-rep1/latency/veh-001/ack bytes=239 forwarded=1
1786053837.623911 publish topic=ipi/airspan-followup-c1-rep1/latency/veh-001/request bytes=1357 forwarded=1
1786053837.624559 publish topic=ipi/airspan-followup-c1-rep1/latency/veh-001/ack bytes=239 forwarded=1
1786053837.864161 publish topic=ipi/airspan-followup-c1-rep1/latency/veh-001/request bytes=1357 forwarded=1
1786053837.864791 publish topic=ipi/airspan-followup-c1-rep1/latency/veh-001/ack bytes=239 forwarded=1
1786053838.094536 publish topic=ipi/airspan-followup-c1-rep1/latency/veh-001/request bytes=1357 forwarded=1
1786053838.094832 publish topic=ipi/airspan-followup-c1-rep1/latency/veh-001/ack bytes=239 forwarded=1
1786053838.315293 publish topic=ipi/airspan-followup-c1-rep1/latency/veh-001/request bytes=1357 forwarded=1
1786053838.315946 publish topic=ipi/airspan-followup-c1-rep1/latency/veh-001/ack bytes=239 forwarded=1
1786053838.545660 publish topic=ipi/airspan-followup-c1-rep1/latency/veh-001/request bytes=1357 forwarded=1
1786053838.546297 publish topic=ipi/airspan-followup-c1-rep1/latency/veh-001/ack bytes=239 forwarded=1
1786053838.775726 publish topic=ipi/airspan-followup-c1-rep1/latency/veh-001/request bytes=1357 forwarded=1
1786053838.776313 publish topic=ipi/airspan-followup-c1-rep1/latency/veh-001/ack bytes=239 forwarded=1
1786053839.016333 publish topic=ipi/airspan-followup-c1-rep1/latency/veh-001/request bytes=1357 forwarded=1
1786053839.016970 publish topic=ipi/airspan-followup-c1-rep1/latency/veh-001/ack bytes=239 forwarded=1
1786053839.246681 publish topic=ipi/airspan-followup-c1-rep1/latency/veh-001/request bytes=1357 forwarded=1
1786053839.247272 publish topic=ipi/airspan-followup-c1-rep1/latency/veh-001/ack bytes=239 forwarded=1
1786053839.477042 publish topic=ipi/airspan-followup-c1-rep1/latency/veh-001/request bytes=1357 forwarded=1
1786053839.477645 publish topic=ipi/airspan-followup-c1-rep1/latency/veh-001/ack bytes=239 forwarded=1
1786053839.707215 publish topic=ipi/airspan-followup-c1-rep1/latency/veh-001/request bytes=1357 forwarded=1
1786053839.707718 publish topic=ipi/airspan-followup-c1-rep1/latency/veh-001/ack bytes=239 forwarded=1
1786053839.937578 publish topic=ipi/airspan-followup-c1-rep1/latency/veh-001/request bytes=1357 forwarded=1
1786053839.938186 publish topic=ipi/airspan-followup-c1-rep1/latency/veh-001/ack bytes=239 forwarded=1
1786053840.167961 publish topic=ipi/airspan-followup-c1-rep1/latency/veh-001/request bytes=1357 forwarded=1
1786053840.168586 publish topic=ipi/airspan-followup-c1-rep1/latency/veh-001/ack bytes=239 forwarded=1
1786053840.398495 publish topic=ipi/airspan-followup-c1-rep1/latency/veh-001/request bytes=1357 forwarded=1
1786053840.399167 publish topic=ipi/airspan-followup-c1-rep1/latency/veh-001/ack bytes=239 forwarded=1
1786053840.628798 publish topic=ipi/airspan-followup-c1-rep1/latency/veh-001/request bytes=1357 forwarded=1
1786053840.629469 publish topic=ipi/airspan-followup-c1-rep1/latency/veh-001/ack bytes=239 forwarded=1
1786053840.858814 publish topic=ipi/airspan-followup-c1-rep1/latency/veh-001/request bytes=1357 forwarded=1
1786053840.859058 publish topic=ipi/airspan-followup-c1-rep1/latency/veh-001/ack bytes=239 forwarded=1
1786053841.089313 publish topic=ipi/airspan-followup-c1-rep1/latency/veh-001/request bytes=1357 forwarded=1
1786053841.089575 publish topic=ipi/airspan-followup-c1-rep1/latency/veh-001/ack bytes=239 forwarded=1
1786053841.319980 publish topic=ipi/airspan-followup-c1-rep1/latency/veh-001/request bytes=1357 forwarded=1
1786053841.320648 publish topic=ipi/airspan-followup-c1-rep1/latency/veh-001/ack bytes=239 forwarded=1
1786053841.550292 publish topic=ipi/airspan-followup-c1-rep1/latency/veh-001/request bytes=1357 forwarded=1
1786053841.550967 publish topic=ipi/airspan-followup-c1-rep1/latency/veh-001/ack bytes=239 forwarded=1
1786053841.770706 publish topic=ipi/airspan-followup-c1-rep1/latency/veh-001/request bytes=1357 forwarded=1
1786053841.771340 publish topic=ipi/airspan-followup-c1-rep1/latency/veh-001/ack bytes=239 forwarded=1
1786053842.000984 publish topic=ipi/airspan-followup-c1-rep1/latency/veh-001/request bytes=1357 forwarded=1
1786053842.001282 publish topic=ipi/airspan-followup-c1-rep1/latency/veh-001/ack bytes=239 forwarded=1
1786053842.241224 publish topic=ipi/airspan-followup-c1-rep1/latency/veh-001/request bytes=1357 forwarded=1
1786053842.241437 publish topic=ipi/airspan-followup-c1-rep1/latency/veh-001/ack bytes=239 forwarded=1
1786053842.471937 publish topic=ipi/airspan-followup-c1-rep1/latency/veh-001/request bytes=1357 forwarded=1
1786053842.472637 publish topic=ipi/airspan-followup-c1-rep1/latency/veh-001/ack bytes=239 forwarded=1
1786053842.692255 publish topic=ipi/airspan-followup-c1-rep1/latency/veh-001/request bytes=1357 forwarded=1
1786053842.692939 publish topic=ipi/airspan-followup-c1-rep1/latency/veh-001/ack bytes=239 forwarded=1
1786053842.912538 publish topic=ipi/airspan-followup-c1-rep1/latency/veh-001/request bytes=1357 forwarded=1
1786053842.913229 publish topic=ipi/airspan-followup-c1-rep1/latency/veh-001/ack bytes=239 forwarded=1
1786053843.132609 publish topic=ipi/airspan-followup-c1-rep1/latency/veh-001/request bytes=1357 forwarded=1
1786053843.132969 publish topic=ipi/airspan-followup-c1-rep1/latency/veh-001/ack bytes=239 forwarded=1
1786053843.363380 publish topic=ipi/airspan-followup-c1-rep1/latency/veh-001/request bytes=1357 forwarded=1
1786053843.363991 publish topic=ipi/airspan-followup-c1-rep1/latency/veh-001/ack bytes=239 forwarded=1
1786053843.603737 publish topic=ipi/airspan-followup-c1-rep1/latency/veh-001/request bytes=1357 forwarded=1
1786053843.604394 publish topic=ipi/airspan-followup-c1-rep1/latency/veh-001/ack bytes=239 forwarded=1
1786053843.834069 publish topic=ipi/airspan-followup-c1-rep1/latency/veh-001/request bytes=1357 forwarded=1
1786053843.834693 publish topic=ipi/airspan-followup-c1-rep1/latency/veh-001/ack bytes=239 forwarded=1
1786053844.064487 publish topic=ipi/airspan-followup-c1-rep1/latency/veh-001/request bytes=1357 forwarded=1
1786053844.065118 publish topic=ipi/airspan-followup-c1-rep1/latency/veh-001/ack bytes=239 forwarded=1
1786053844.294874 publish topic=ipi/airspan-followup-c1-rep1/latency/veh-001/request bytes=1357 forwarded=1
1786053844.295509 publish topic=ipi/airspan-followup-c1-rep1/latency/veh-001/ack bytes=239 forwarded=1
1786053844.525153 publish topic=ipi/airspan-followup-c1-rep1/latency/veh-001/request bytes=1357 forwarded=1
1786053844.525779 publish topic=ipi/airspan-followup-c1-rep1/latency/veh-001/ack bytes=239 forwarded=1
1786053844.745045 publish topic=ipi/airspan-followup-c1-rep1/latency/veh-001/request bytes=1357 forwarded=1
1786053844.745443 publish topic=ipi/airspan-followup-c1-rep1/latency/veh-001/ack bytes=239 forwarded=1
1786053844.975689 publish topic=ipi/airspan-followup-c1-rep1/latency/veh-001/request bytes=1357 forwarded=1
1786053844.976143 publish topic=ipi/airspan-followup-c1-rep1/latency/veh-001/ack bytes=239 forwarded=1
1786053845.206006 publish topic=ipi/airspan-followup-c1-rep1/latency/veh-001/request bytes=1357 forwarded=1
1786053845.206662 publish topic=ipi/airspan-followup-c1-rep1/latency/veh-001/ack bytes=239 forwarded=1
1786053845.426721 publish topic=ipi/airspan-followup-c1-rep1/latency/veh-001/request bytes=1357 forwarded=1
1786053845.427325 publish topic=ipi/airspan-followup-c1-rep1/latency/veh-001/ack bytes=239 forwarded=1
1786053845.667131 publish topic=ipi/airspan-followup-c1-rep1/latency/veh-001/request bytes=1357 forwarded=1
1786053845.667749 publish topic=ipi/airspan-followup-c1-rep1/latency/veh-001/ack bytes=239 forwarded=1
1786053845.897133 publish topic=ipi/airspan-followup-c1-rep1/latency/veh-001/request bytes=1357 forwarded=1
1786053845.897445 publish topic=ipi/airspan-followup-c1-rep1/latency/veh-001/ack bytes=239 forwarded=1
1786053846.127498 publish topic=ipi/airspan-followup-c1-rep1/latency/veh-001/request bytes=1357 forwarded=1
1786053846.128085 publish topic=ipi/airspan-followup-c1-rep1/latency/veh-001/ack bytes=239 forwarded=1
1786053846.357981 publish topic=ipi/airspan-followup-c1-rep1/latency/veh-001/request bytes=1357 forwarded=1
1786053846.358631 publish topic=ipi/airspan-followup-c1-rep1/latency/veh-001/ack bytes=239 forwarded=1
1786053846.588216 publish topic=ipi/airspan-followup-c1-rep1/latency/veh-001/request bytes=1357 forwarded=1
1786053846.588850 publish topic=ipi/airspan-followup-c1-rep1/latency/veh-001/ack bytes=239 forwarded=1
1786053846.808754 publish topic=ipi/airspan-followup-c1-rep1/latency/veh-001/request bytes=1357 forwarded=1
1786053846.809382 publish topic=ipi/airspan-followup-c1-rep1/latency/veh-001/ack bytes=239 forwarded=1
1786053847.039007 publish topic=ipi/airspan-followup-c1-rep1/latency/veh-001/request bytes=1357 forwarded=1
1786053847.039630 publish topic=ipi/airspan-followup-c1-rep1/latency/veh-001/ack bytes=239 forwarded=1
1786053847.269156 publish topic=ipi/airspan-followup-c1-rep1/latency/veh-001/request bytes=1357 forwarded=1
1786053847.269769 publish topic=ipi/airspan-followup-c1-rep1/latency/veh-001/ack bytes=239 forwarded=1
1786053847.499328 publish topic=ipi/airspan-followup-c1-rep1/latency/veh-001/request bytes=1357 forwarded=1
1786053847.499614 publish topic=ipi/airspan-followup-c1-rep1/latency/veh-001/ack bytes=239 forwarded=1
1786053847.730026 publish topic=ipi/airspan-followup-c1-rep1/latency/veh-001/request bytes=1357 forwarded=1
1786053847.730665 publish topic=ipi/airspan-followup-c1-rep1/latency/veh-001/ack bytes=239 forwarded=1
1786053847.960006 publish topic=ipi/airspan-followup-c1-rep1/latency/veh-001/request bytes=1357 forwarded=1
1786053847.960248 publish topic=ipi/airspan-followup-c1-rep1/latency/veh-001/ack bytes=239 forwarded=1
1786053848.190605 publish topic=ipi/airspan-followup-c1-rep1/latency/veh-001/request bytes=1357 forwarded=1
1786053848.191025 publish topic=ipi/airspan-followup-c1-rep1/latency/veh-001/ack bytes=239 forwarded=1
1786053848.420884 publish topic=ipi/airspan-followup-c1-rep1/latency/veh-001/request bytes=1357 forwarded=1
1786053848.421498 publish topic=ipi/airspan-followup-c1-rep1/latency/veh-001/ack bytes=239 forwarded=1
1786053848.651069 publish topic=ipi/airspan-followup-c1-rep1/latency/veh-001/request bytes=1357 forwarded=1
1786053848.651515 publish topic=ipi/airspan-followup-c1-rep1/latency/veh-001/ack bytes=239 forwarded=1
1786053848.881685 publish topic=ipi/airspan-followup-c1-rep1/latency/veh-001/request bytes=1357 forwarded=1
1786053848.882330 publish topic=ipi/airspan-followup-c1-rep1/latency/veh-001/ack bytes=239 forwarded=1
1786053849.112149 publish topic=ipi/airspan-followup-c1-rep1/latency/veh-001/request bytes=1357 forwarded=1
1786053849.112881 publish topic=ipi/airspan-followup-c1-rep1/latency/veh-001/ack bytes=239 forwarded=1
1786053849.342413 publish topic=ipi/airspan-followup-c1-rep1/latency/veh-001/request bytes=1357 forwarded=1
1786053849.343047 publish topic=ipi/airspan-followup-c1-rep1/latency/veh-001/ack bytes=239 forwarded=1
1786053849.572527 publish topic=ipi/airspan-followup-c1-rep1/latency/veh-001/request bytes=1357 forwarded=1
1786053849.572768 publish topic=ipi/airspan-followup-c1-rep1/latency/veh-001/ack bytes=239 forwarded=1
1786053849.803069 publish topic=ipi/airspan-followup-c1-rep1/latency/veh-001/request bytes=1357 forwarded=1
1786053849.803736 publish topic=ipi/airspan-followup-c1-rep1/latency/veh-001/ack bytes=239 forwarded=1
1786053850.023372 publish topic=ipi/airspan-followup-c1-rep1/latency/veh-001/request bytes=1357 forwarded=1
1786053850.024010 publish topic=ipi/airspan-followup-c1-rep1/latency/veh-001/ack bytes=239 forwarded=1
1786053850.263850 publish topic=ipi/airspan-followup-c1-rep1/latency/veh-001/request bytes=1357 forwarded=1
1786053850.264126 publish topic=ipi/airspan-followup-c1-rep1/latency/veh-001/ack bytes=239 forwarded=1
1786053850.504069 publish topic=ipi/airspan-followup-c1-rep1/latency/veh-001/request bytes=1357 forwarded=1
1786053850.504821 publish topic=ipi/airspan-followup-c1-rep1/latency/veh-001/ack bytes=239 forwarded=1
1786053850.734331 publish topic=ipi/airspan-followup-c1-rep1/latency/veh-001/request bytes=1357 forwarded=1
1786053850.734965 publish topic=ipi/airspan-followup-c1-rep1/latency/veh-001/ack bytes=239 forwarded=1
1786053850.964552 publish topic=ipi/airspan-followup-c1-rep1/latency/veh-001/request bytes=1357 forwarded=1
1786053850.964869 publish topic=ipi/airspan-followup-c1-rep1/latency/veh-001/ack bytes=239 forwarded=1
1786053851.205094 publish topic=ipi/airspan-followup-c1-rep1/latency/veh-001/request bytes=1357 forwarded=1
1786053851.205734 publish topic=ipi/airspan-followup-c1-rep1/latency/veh-001/ack bytes=239 forwarded=1
1786053851.435255 publish topic=ipi/airspan-followup-c1-rep1/latency/veh-001/request bytes=1357 forwarded=1
1786053851.435863 publish topic=ipi/airspan-followup-c1-rep1/latency/veh-001/ack bytes=239 forwarded=1
1786053851.665772 publish topic=ipi/airspan-followup-c1-rep1/latency/veh-001/request bytes=1357 forwarded=1
1786053851.666430 publish topic=ipi/airspan-followup-c1-rep1/latency/veh-001/ack bytes=239 forwarded=1
1786053851.885819 publish topic=ipi/airspan-followup-c1-rep1/latency/veh-001/request bytes=1357 forwarded=1
1786053851.886485 publish topic=ipi/airspan-followup-c1-rep1/latency/veh-001/ack bytes=239 forwarded=1
1786053852.116203 publish topic=ipi/airspan-followup-c1-rep1/latency/veh-001/request bytes=1357 forwarded=1
1786053852.117008 publish topic=ipi/airspan-followup-c1-rep1/latency/veh-001/ack bytes=239 forwarded=1
1786053852.346605 publish topic=ipi/airspan-followup-c1-rep1/latency/veh-001/request bytes=1357 forwarded=1
1786053852.347219 publish topic=ipi/airspan-followup-c1-rep1/latency/veh-001/ack bytes=239 forwarded=1
1786053852.567168 publish topic=ipi/airspan-followup-c1-rep1/latency/veh-001/request bytes=1357 forwarded=1
1786053852.567809 publish topic=ipi/airspan-followup-c1-rep1/latency/veh-001/ack bytes=239 forwarded=1
1786053852.797436 publish topic=ipi/airspan-followup-c1-rep1/latency/veh-001/request bytes=1357 forwarded=1
1786053852.798060 publish topic=ipi/airspan-followup-c1-rep1/latency/veh-001/ack bytes=239 forwarded=1
1786053853.037517 publish topic=ipi/airspan-followup-c1-rep1/latency/veh-001/request bytes=1357 forwarded=1
1786053853.037852 publish topic=ipi/airspan-followup-c1-rep1/latency/veh-001/ack bytes=239 forwarded=1
1786053853.258167 publish topic=ipi/airspan-followup-c1-rep1/latency/veh-001/request bytes=1357 forwarded=1
1786053853.258589 publish topic=ipi/airspan-followup-c1-rep1/latency/veh-001/ack bytes=239 forwarded=1
1786053853.488502 publish topic=ipi/airspan-followup-c1-rep1/latency/veh-001/request bytes=1357 forwarded=1
1786053853.489201 publish topic=ipi/airspan-followup-c1-rep1/latency/veh-001/ack bytes=239 forwarded=1
1786053853.718555 publish topic=ipi/airspan-followup-c1-rep1/latency/veh-001/request bytes=1357 forwarded=1
1786053853.719216 publish topic=ipi/airspan-followup-c1-rep1/latency/veh-001/ack bytes=239 forwarded=1
1786053853.938686 publish topic=ipi/airspan-followup-c1-rep1/latency/veh-001/request bytes=1357 forwarded=1
1786053853.938949 publish topic=ipi/airspan-followup-c1-rep1/latency/veh-001/ack bytes=239 forwarded=1
1786053854.179089 publish topic=ipi/airspan-followup-c1-rep1/latency/veh-001/request bytes=1357 forwarded=1
1786053854.179446 publish topic=ipi/airspan-followup-c1-rep1/latency/veh-001/ack bytes=239 forwarded=1
1786053854.409697 publish topic=ipi/airspan-followup-c1-rep1/latency/veh-001/request bytes=1357 forwarded=1
1786053854.410329 publish topic=ipi/airspan-followup-c1-rep1/latency/veh-001/ack bytes=239 forwarded=1
1786053854.639920 publish topic=ipi/airspan-followup-c1-rep1/latency/veh-001/request bytes=1357 forwarded=1
1786053854.640322 publish topic=ipi/airspan-followup-c1-rep1/latency/veh-001/ack bytes=239 forwarded=1
1786053854.870354 publish topic=ipi/airspan-followup-c1-rep1/latency/veh-001/request bytes=1357 forwarded=1
1786053854.871012 publish topic=ipi/airspan-followup-c1-rep1/latency/veh-001/ack bytes=239 forwarded=1
1786053855.100688 publish topic=ipi/airspan-followup-c1-rep1/latency/veh-001/request bytes=1357 forwarded=1
1786053855.101298 publish topic=ipi/airspan-followup-c1-rep1/latency/veh-001/ack bytes=239 forwarded=1
1786053855.320812 publish topic=ipi/airspan-followup-c1-rep1/latency/veh-001/request bytes=1357 forwarded=1
1786053855.321335 publish topic=ipi/airspan-followup-c1-rep1/latency/veh-001/ack bytes=239 forwarded=1
1786053855.541218 publish topic=ipi/airspan-followup-c1-rep1/latency/veh-001/request bytes=1357 forwarded=1
1786053855.541951 publish topic=ipi/airspan-followup-c1-rep1/latency/veh-001/ack bytes=239 forwarded=1
1786053855.781830 publish topic=ipi/airspan-followup-c1-rep1/latency/veh-001/request bytes=1357 forwarded=1
1786053855.782509 publish topic=ipi/airspan-followup-c1-rep1/latency/veh-001/ack bytes=239 forwarded=1
1786053856.011912 publish topic=ipi/airspan-followup-c1-rep1/latency/veh-001/request bytes=1357 forwarded=1
1786053856.012552 publish topic=ipi/airspan-followup-c1-rep1/latency/veh-001/ack bytes=239 forwarded=1
1786053856.031979 close ('<private-ip>', 35354) disconnect
