threaded mqtt broker listening on 0.0.0.0:1883
1786024180.320574 accept ('<car-5g-host>', 58562)
1786024180.322002 close ('<car-5g-host>', 58562) closed
1786024180.971430 accept ('127.0.0.1', 44250)
1786024180.972948 subscribe ('127.0.0.1', 44250) ipi/airspan-followup-c2-rep2/latency/veh-001/request
1786024341.817808 accept ('<car-5g-host>', 44272)
1786024341.837626 subscribe ('<car-5g-host>', 44272) ipi/airspan-followup-c2-rep2/latency/veh-001/ack
1786024341.897718 publish topic=ipi/airspan-followup-c2-rep2/latency/veh-001/request bytes=24283 forwarded=1
1786024341.899315 publish topic=ipi/airspan-followup-c2-rep2/latency/veh-001/ack bytes=238 forwarded=1
1786024342.148201 publish topic=ipi/airspan-followup-c2-rep2/latency/veh-001/request bytes=24283 forwarded=1
1786024342.148589 publish topic=ipi/airspan-followup-c2-rep2/latency/veh-001/ack bytes=238 forwarded=1
1786024342.398520 publish topic=ipi/airspan-followup-c2-rep2/latency/veh-001/request bytes=24283 forwarded=1
1786024342.399194 publish topic=ipi/airspan-followup-c2-rep2/latency/veh-001/ack bytes=238 forwarded=1
1786024342.648552 publish topic=ipi/airspan-followup-c2-rep2/latency/veh-001/request bytes=24283 forwarded=1
1786024342.648833 publish topic=ipi/airspan-followup-c2-rep2/latency/veh-001/ack bytes=238 forwarded=1
1786024342.899180 publish topic=ipi/airspan-followup-c2-rep2/latency/veh-001/request bytes=24283 forwarded=1
1786024342.899852 publish topic=ipi/airspan-followup-c2-rep2/latency/veh-001/ack bytes=238 forwarded=1
1786024343.149787 publish topic=ipi/airspan-followup-c2-rep2/latency/veh-001/request bytes=24283 forwarded=1
1786024343.150454 publish topic=ipi/airspan-followup-c2-rep2/latency/veh-001/ack bytes=238 forwarded=1
1786024343.400233 publish topic=ipi/airspan-followup-c2-rep2/latency/veh-001/request bytes=24283 forwarded=1
1786024343.400989 publish topic=ipi/airspan-followup-c2-rep2/latency/veh-001/ack bytes=238 forwarded=1
1786024343.650455 publish topic=ipi/airspan-followup-c2-rep2/latency/veh-001/request bytes=24283 forwarded=1
1786024343.651114 publish topic=ipi/airspan-followup-c2-rep2/latency/veh-001/ack bytes=238 forwarded=1
1786024343.900921 publish topic=ipi/airspan-followup-c2-rep2/latency/veh-001/request bytes=24283 forwarded=1
1786024343.901557 publish topic=ipi/airspan-followup-c2-rep2/latency/veh-001/ack bytes=238 forwarded=1
1786024344.151304 publish topic=ipi/airspan-followup-c2-rep2/latency/veh-001/request bytes=24285 forwarded=1
1786024344.151976 publish topic=ipi/airspan-followup-c2-rep2/latency/veh-001/ack bytes=239 forwarded=1
1786024344.401388 publish topic=ipi/airspan-followup-c2-rep2/latency/veh-001/request bytes=24285 forwarded=1
1786024344.401680 publish topic=ipi/airspan-followup-c2-rep2/latency/veh-001/ack bytes=239 forwarded=1
1786024344.652145 publish topic=ipi/airspan-followup-c2-rep2/latency/veh-001/request bytes=24285 forwarded=1
1786024344.652797 publish topic=ipi/airspan-followup-c2-rep2/latency/veh-001/ack bytes=239 forwarded=1
1786024344.902178 publish topic=ipi/airspan-followup-c2-rep2/latency/veh-001/request bytes=24285 forwarded=1
1786024344.902503 publish topic=ipi/airspan-followup-c2-rep2/latency/veh-001/ack bytes=239 forwarded=1
1786024345.152718 publish topic=ipi/airspan-followup-c2-rep2/latency/veh-001/request bytes=24285 forwarded=1
1786024345.153364 publish topic=ipi/airspan-followup-c2-rep2/latency/veh-001/ack bytes=239 forwarded=1
1786024345.402769 publish topic=ipi/airspan-followup-c2-rep2/latency/veh-001/request bytes=24285 forwarded=1
1786024345.403085 publish topic=ipi/airspan-followup-c2-rep2/latency/veh-001/ack bytes=239 forwarded=1
1786024345.653578 publish topic=ipi/airspan-followup-c2-rep2/latency/veh-001/request bytes=24285 forwarded=1
1786024345.654298 publish topic=ipi/airspan-followup-c2-rep2/latency/veh-001/ack bytes=239 forwarded=1
1786024345.903773 publish topic=ipi/airspan-followup-c2-rep2/latency/veh-001/request bytes=24285 forwarded=1
1786024345.904418 publish topic=ipi/airspan-followup-c2-rep2/latency/veh-001/ack bytes=239 forwarded=1
1786024346.153990 publish topic=ipi/airspan-followup-c2-rep2/latency/veh-001/request bytes=24285 forwarded=1
1786024346.154668 publish topic=ipi/airspan-followup-c2-rep2/latency/veh-001/ack bytes=239 forwarded=1
1786024346.404444 publish topic=ipi/airspan-followup-c2-rep2/latency/veh-001/request bytes=24285 forwarded=1
1786024346.405128 publish topic=ipi/airspan-followup-c2-rep2/latency/veh-001/ack bytes=239 forwarded=1
1786024346.654628 publish topic=ipi/airspan-followup-c2-rep2/latency/veh-001/request bytes=24285 forwarded=1
1786024346.655282 publish topic=ipi/airspan-followup-c2-rep2/latency/veh-001/ack bytes=239 forwarded=1
1786024346.904979 publish topic=ipi/airspan-followup-c2-rep2/latency/veh-001/request bytes=24285 forwarded=1
1786024346.905650 publish topic=ipi/airspan-followup-c2-rep2/latency/veh-001/ack bytes=239 forwarded=1
1786024347.155594 publish topic=ipi/airspan-followup-c2-rep2/latency/veh-001/request bytes=24285 forwarded=1
1786024347.155944 publish topic=ipi/airspan-followup-c2-rep2/latency/veh-001/ack bytes=239 forwarded=1
1786024347.405704 publish topic=ipi/airspan-followup-c2-rep2/latency/veh-001/request bytes=24285 forwarded=1
1786024347.406371 publish topic=ipi/airspan-followup-c2-rep2/latency/veh-001/ack bytes=239 forwarded=1
1786024347.655690 publish topic=ipi/airspan-followup-c2-rep2/latency/veh-001/request bytes=24285 forwarded=1
1786024347.656147 publish topic=ipi/airspan-followup-c2-rep2/latency/veh-001/ack bytes=239 forwarded=1
1786024347.916207 publish topic=ipi/airspan-followup-c2-rep2/latency/veh-001/request bytes=24285 forwarded=1
1786024347.916952 publish topic=ipi/airspan-followup-c2-rep2/latency/veh-001/ack bytes=239 forwarded=1
1786024348.166555 publish topic=ipi/airspan-followup-c2-rep2/latency/veh-001/request bytes=24285 forwarded=1
1786024348.166832 publish topic=ipi/airspan-followup-c2-rep2/latency/veh-001/ack bytes=239 forwarded=1
1786024348.417032 publish topic=ipi/airspan-followup-c2-rep2/latency/veh-001/request bytes=24285 forwarded=1
1786024348.417717 publish topic=ipi/airspan-followup-c2-rep2/latency/veh-001/ack bytes=239 forwarded=1
1786024348.667131 publish topic=ipi/airspan-followup-c2-rep2/latency/veh-001/request bytes=24285 forwarded=1
1786024348.667817 publish topic=ipi/airspan-followup-c2-rep2/latency/veh-001/ack bytes=239 forwarded=1
1786024348.917193 publish topic=ipi/airspan-followup-c2-rep2/latency/veh-001/request bytes=24285 forwarded=1
1786024348.917854 publish topic=ipi/airspan-followup-c2-rep2/latency/veh-001/ack bytes=239 forwarded=1
1786024349.177685 publish topic=ipi/airspan-followup-c2-rep2/latency/veh-001/request bytes=24285 forwarded=1
1786024349.178395 publish topic=ipi/airspan-followup-c2-rep2/latency/veh-001/ack bytes=239 forwarded=1
1786024349.428054 publish topic=ipi/airspan-followup-c2-rep2/latency/veh-001/request bytes=24285 forwarded=1
1786024349.428754 publish topic=ipi/airspan-followup-c2-rep2/latency/veh-001/ack bytes=239 forwarded=1
1786024349.698315 publish topic=ipi/airspan-followup-c2-rep2/latency/veh-001/request bytes=24285 forwarded=1
1786024349.698978 publish topic=ipi/airspan-followup-c2-rep2/latency/veh-001/ack bytes=239 forwarded=1
1786024349.948455 publish topic=ipi/airspan-followup-c2-rep2/latency/veh-001/request bytes=24285 forwarded=1
1786024349.949080 publish topic=ipi/airspan-followup-c2-rep2/latency/veh-001/ack bytes=239 forwarded=1
1786024350.199050 publish topic=ipi/airspan-followup-c2-rep2/latency/veh-001/request bytes=24285 forwarded=1
1786024350.199702 publish topic=ipi/airspan-followup-c2-rep2/latency/veh-001/ack bytes=239 forwarded=1
1786024350.459142 publish topic=ipi/airspan-followup-c2-rep2/latency/veh-001/request bytes=24285 forwarded=1
1786024350.459785 publish topic=ipi/airspan-followup-c2-rep2/latency/veh-001/ack bytes=239 forwarded=1
1786024350.719880 publish topic=ipi/airspan-followup-c2-rep2/latency/veh-001/request bytes=24285 forwarded=1
1786024350.720558 publish topic=ipi/airspan-followup-c2-rep2/latency/veh-001/ack bytes=239 forwarded=1
1786024350.980024 publish topic=ipi/airspan-followup-c2-rep2/latency/veh-001/request bytes=24285 forwarded=1
1786024350.980746 publish topic=ipi/airspan-followup-c2-rep2/latency/veh-001/ack bytes=239 forwarded=1
1786024351.230296 publish topic=ipi/airspan-followup-c2-rep2/latency/veh-001/request bytes=24285 forwarded=1
1786024351.230979 publish topic=ipi/airspan-followup-c2-rep2/latency/veh-001/ack bytes=239 forwarded=1
1786024351.490589 publish topic=ipi/airspan-followup-c2-rep2/latency/veh-001/request bytes=24285 forwarded=1
1786024351.491289 publish topic=ipi/airspan-followup-c2-rep2/latency/veh-001/ack bytes=239 forwarded=1
1786024351.741032 publish topic=ipi/airspan-followup-c2-rep2/latency/veh-001/request bytes=24285 forwarded=1
1786024351.741661 publish topic=ipi/airspan-followup-c2-rep2/latency/veh-001/ack bytes=239 forwarded=1
1786024351.991167 publish topic=ipi/airspan-followup-c2-rep2/latency/veh-001/request bytes=24285 forwarded=1
1786024351.991846 publish topic=ipi/airspan-followup-c2-rep2/latency/veh-001/ack bytes=239 forwarded=1
1786024352.241750 publish topic=ipi/airspan-followup-c2-rep2/latency/veh-001/request bytes=24285 forwarded=1
1786024352.242447 publish topic=ipi/airspan-followup-c2-rep2/latency/veh-001/ack bytes=239 forwarded=1
1786024352.501951 publish topic=ipi/airspan-followup-c2-rep2/latency/veh-001/request bytes=24285 forwarded=1
1786024352.502392 publish topic=ipi/airspan-followup-c2-rep2/latency/veh-001/ack bytes=239 forwarded=1
1786024352.762066 publish topic=ipi/airspan-followup-c2-rep2/latency/veh-001/request bytes=24285 forwarded=1
1786024352.762313 publish topic=ipi/airspan-followup-c2-rep2/latency/veh-001/ack bytes=239 forwarded=1
1786024353.022453 publish topic=ipi/airspan-followup-c2-rep2/latency/veh-001/request bytes=24285 forwarded=1
1786024353.023115 publish topic=ipi/airspan-followup-c2-rep2/latency/veh-001/ack bytes=239 forwarded=1
1786024353.262995 publish topic=ipi/airspan-followup-c2-rep2/latency/veh-001/request bytes=24285 forwarded=1
1786024353.263641 publish topic=ipi/airspan-followup-c2-rep2/latency/veh-001/ack bytes=239 forwarded=1
1786024353.513227 publish topic=ipi/airspan-followup-c2-rep2/latency/veh-001/request bytes=24285 forwarded=1
1786024353.513868 publish topic=ipi/airspan-followup-c2-rep2/latency/veh-001/ack bytes=239 forwarded=1
1786024353.763555 publish topic=ipi/airspan-followup-c2-rep2/latency/veh-001/request bytes=24285 forwarded=1
1786024353.763923 publish topic=ipi/airspan-followup-c2-rep2/latency/veh-001/ack bytes=239 forwarded=1
1786024354.013969 publish topic=ipi/airspan-followup-c2-rep2/latency/veh-001/request bytes=24285 forwarded=1
1786024354.014623 publish topic=ipi/airspan-followup-c2-rep2/latency/veh-001/ack bytes=239 forwarded=1
1786024354.264190 publish topic=ipi/airspan-followup-c2-rep2/latency/veh-001/request bytes=24285 forwarded=1
1786024354.264915 publish topic=ipi/airspan-followup-c2-rep2/latency/veh-001/ack bytes=239 forwarded=1
1786024354.514593 publish topic=ipi/airspan-followup-c2-rep2/latency/veh-001/request bytes=24285 forwarded=1
1786024354.515280 publish topic=ipi/airspan-followup-c2-rep2/latency/veh-001/ack bytes=239 forwarded=1
1786024354.765009 publish topic=ipi/airspan-followup-c2-rep2/latency/veh-001/request bytes=24285 forwarded=1
1786024354.765689 publish topic=ipi/airspan-followup-c2-rep2/latency/veh-001/ack bytes=239 forwarded=1
1786024355.015070 publish topic=ipi/airspan-followup-c2-rep2/latency/veh-001/request bytes=24285 forwarded=1
1786024355.015414 publish topic=ipi/airspan-followup-c2-rep2/latency/veh-001/ack bytes=239 forwarded=1
1786024355.275360 publish topic=ipi/airspan-followup-c2-rep2/latency/veh-001/request bytes=24285 forwarded=1
1786024355.276108 publish topic=ipi/airspan-followup-c2-rep2/latency/veh-001/ack bytes=239 forwarded=1
1786024355.525582 publish topic=ipi/airspan-followup-c2-rep2/latency/veh-001/request bytes=24285 forwarded=1
1786024355.525916 publish topic=ipi/airspan-followup-c2-rep2/latency/veh-001/ack bytes=239 forwarded=1
1786024355.776171 publish topic=ipi/airspan-followup-c2-rep2/latency/veh-001/request bytes=24285 forwarded=1
1786024355.776778 publish topic=ipi/airspan-followup-c2-rep2/latency/veh-001/ack bytes=239 forwarded=1
1786024356.036443 publish topic=ipi/airspan-followup-c2-rep2/latency/veh-001/request bytes=24285 forwarded=1
1786024356.037133 publish topic=ipi/airspan-followup-c2-rep2/latency/veh-001/ack bytes=239 forwarded=1
1786024356.286890 publish topic=ipi/airspan-followup-c2-rep2/latency/veh-001/request bytes=24285 forwarded=1
1786024356.287570 publish topic=ipi/airspan-followup-c2-rep2/latency/veh-001/ack bytes=239 forwarded=1
1786024356.537238 publish topic=ipi/airspan-followup-c2-rep2/latency/veh-001/request bytes=24285 forwarded=1
1786024356.537920 publish topic=ipi/airspan-followup-c2-rep2/latency/veh-001/ack bytes=239 forwarded=1
1786024356.787418 publish topic=ipi/airspan-followup-c2-rep2/latency/veh-001/request bytes=24285 forwarded=1
1786024356.788099 publish topic=ipi/airspan-followup-c2-rep2/latency/veh-001/ack bytes=239 forwarded=1
1786024357.047665 publish topic=ipi/airspan-followup-c2-rep2/latency/veh-001/request bytes=24285 forwarded=1
1786024357.048415 publish topic=ipi/airspan-followup-c2-rep2/latency/veh-001/ack bytes=239 forwarded=1
1786024357.298544 publish topic=ipi/airspan-followup-c2-rep2/latency/veh-001/request bytes=24285 forwarded=1
1786024357.298959 publish topic=ipi/airspan-followup-c2-rep2/latency/veh-001/ack bytes=239 forwarded=1
1786024357.558506 publish topic=ipi/airspan-followup-c2-rep2/latency/veh-001/request bytes=24285 forwarded=1
1786024357.559159 publish topic=ipi/airspan-followup-c2-rep2/latency/veh-001/ack bytes=239 forwarded=1
1786024357.808593 publish topic=ipi/airspan-followup-c2-rep2/latency/veh-001/request bytes=24285 forwarded=1
1786024357.808852 publish topic=ipi/airspan-followup-c2-rep2/latency/veh-001/ack bytes=239 forwarded=1
1786024358.069147 publish topic=ipi/airspan-followup-c2-rep2/latency/veh-001/request bytes=24285 forwarded=1
1786024358.069797 publish topic=ipi/airspan-followup-c2-rep2/latency/veh-001/ack bytes=239 forwarded=1
1786024358.319318 publish topic=ipi/airspan-followup-c2-rep2/latency/veh-001/request bytes=24285 forwarded=1
1786024358.319592 publish topic=ipi/airspan-followup-c2-rep2/latency/veh-001/ack bytes=239 forwarded=1
1786024358.569963 publish topic=ipi/airspan-followup-c2-rep2/latency/veh-001/request bytes=24285 forwarded=1
1786024358.570641 publish topic=ipi/airspan-followup-c2-rep2/latency/veh-001/ack bytes=239 forwarded=1
1786024358.840228 publish topic=ipi/airspan-followup-c2-rep2/latency/veh-001/request bytes=24285 forwarded=1
1786024358.840517 publish topic=ipi/airspan-followup-c2-rep2/latency/veh-001/ack bytes=239 forwarded=1
1786024359.100586 publish topic=ipi/airspan-followup-c2-rep2/latency/veh-001/request bytes=24285 forwarded=1
1786024359.101226 publish topic=ipi/airspan-followup-c2-rep2/latency/veh-001/ack bytes=239 forwarded=1
1786024359.341095 publish topic=ipi/airspan-followup-c2-rep2/latency/veh-001/request bytes=24285 forwarded=1
1786024359.341758 publish topic=ipi/airspan-followup-c2-rep2/latency/veh-001/ack bytes=239 forwarded=1
1786024359.581386 publish topic=ipi/airspan-followup-c2-rep2/latency/veh-001/request bytes=24285 forwarded=1
1786024359.582044 publish topic=ipi/airspan-followup-c2-rep2/latency/veh-001/ack bytes=239 forwarded=1
1786024359.841686 publish topic=ipi/airspan-followup-c2-rep2/latency/veh-001/request bytes=24285 forwarded=1
1786024359.842298 publish topic=ipi/airspan-followup-c2-rep2/latency/veh-001/ack bytes=239 forwarded=1
1786024360.092190 publish topic=ipi/airspan-followup-c2-rep2/latency/veh-001/request bytes=24285 forwarded=1
1786024360.092861 publish topic=ipi/airspan-followup-c2-rep2/latency/veh-001/ack bytes=239 forwarded=1
1786024360.342556 publish topic=ipi/airspan-followup-c2-rep2/latency/veh-001/request bytes=24285 forwarded=1
1786024360.343218 publish topic=ipi/airspan-followup-c2-rep2/latency/veh-001/ack bytes=239 forwarded=1
1786024360.592604 publish topic=ipi/airspan-followup-c2-rep2/latency/veh-001/request bytes=24285 forwarded=1
1786024360.592858 publish topic=ipi/airspan-followup-c2-rep2/latency/veh-001/ack bytes=239 forwarded=1
1786024360.843276 publish topic=ipi/airspan-followup-c2-rep2/latency/veh-001/request bytes=24285 forwarded=1
1786024360.843922 publish topic=ipi/airspan-followup-c2-rep2/latency/veh-001/ack bytes=239 forwarded=1
1786024361.093475 publish topic=ipi/airspan-followup-c2-rep2/latency/veh-001/request bytes=24285 forwarded=1
1786024361.094087 publish topic=ipi/airspan-followup-c2-rep2/latency/veh-001/ack bytes=239 forwarded=1
1786024361.344094 publish topic=ipi/airspan-followup-c2-rep2/latency/veh-001/request bytes=24285 forwarded=1
1786024361.344754 publish topic=ipi/airspan-followup-c2-rep2/latency/veh-001/ack bytes=239 forwarded=1
1786024361.594366 publish topic=ipi/airspan-followup-c2-rep2/latency/veh-001/request bytes=24285 forwarded=1
1786024361.594633 publish topic=ipi/airspan-followup-c2-rep2/latency/veh-001/ack bytes=239 forwarded=1
1786024361.854634 publish topic=ipi/airspan-followup-c2-rep2/latency/veh-001/request bytes=24285 forwarded=1
1786024361.855318 publish topic=ipi/airspan-followup-c2-rep2/latency/veh-001/ack bytes=239 forwarded=1
1786024362.104906 publish topic=ipi/airspan-followup-c2-rep2/latency/veh-001/request bytes=24285 forwarded=1
1786024362.105572 publish topic=ipi/airspan-followup-c2-rep2/latency/veh-001/ack bytes=239 forwarded=1
1786024362.355163 publish topic=ipi/airspan-followup-c2-rep2/latency/veh-001/request bytes=24285 forwarded=1
1786024362.355798 publish topic=ipi/airspan-followup-c2-rep2/latency/veh-001/ack bytes=239 forwarded=1
1786024362.605759 publish topic=ipi/airspan-followup-c2-rep2/latency/veh-001/request bytes=24285 forwarded=1
1786024362.606426 publish topic=ipi/airspan-followup-c2-rep2/latency/veh-001/ack bytes=239 forwarded=1
1786024362.866025 publish topic=ipi/airspan-followup-c2-rep2/latency/veh-001/request bytes=24285 forwarded=1
1786024362.866620 publish topic=ipi/airspan-followup-c2-rep2/latency/veh-001/ack bytes=239 forwarded=1
1786024363.116078 publish topic=ipi/airspan-followup-c2-rep2/latency/veh-001/request bytes=24285 forwarded=1
1786024363.116376 publish topic=ipi/airspan-followup-c2-rep2/latency/veh-001/ack bytes=239 forwarded=1
1786024363.366348 publish topic=ipi/airspan-followup-c2-rep2/latency/veh-001/request bytes=24285 forwarded=1
1786024363.366606 publish topic=ipi/airspan-followup-c2-rep2/latency/veh-001/ack bytes=239 forwarded=1
1786024363.626849 publish topic=ipi/airspan-followup-c2-rep2/latency/veh-001/request bytes=24285 forwarded=1
1786024363.627558 publish topic=ipi/airspan-followup-c2-rep2/latency/veh-001/ack bytes=239 forwarded=1
1786024363.887219 publish topic=ipi/airspan-followup-c2-rep2/latency/veh-001/request bytes=24285 forwarded=1
1786024363.887875 publish topic=ipi/airspan-followup-c2-rep2/latency/veh-001/ack bytes=239 forwarded=1
1786024364.137579 publish topic=ipi/airspan-followup-c2-rep2/latency/veh-001/request bytes=24285 forwarded=1
1786024364.138257 publish topic=ipi/airspan-followup-c2-rep2/latency/veh-001/ack bytes=239 forwarded=1
1786024364.397835 publish topic=ipi/airspan-followup-c2-rep2/latency/veh-001/request bytes=24285 forwarded=1
1786024364.398497 publish topic=ipi/airspan-followup-c2-rep2/latency/veh-001/ack bytes=239 forwarded=1
1786024364.658379 publish topic=ipi/airspan-followup-c2-rep2/latency/veh-001/request bytes=24285 forwarded=1
1786024364.659029 publish topic=ipi/airspan-followup-c2-rep2/latency/veh-001/ack bytes=239 forwarded=1
1786024364.918626 publish topic=ipi/airspan-followup-c2-rep2/latency/veh-001/request bytes=24285 forwarded=1
1786024364.919306 publish topic=ipi/airspan-followup-c2-rep2/latency/veh-001/ack bytes=239 forwarded=1
1786024365.179197 publish topic=ipi/airspan-followup-c2-rep2/latency/veh-001/request bytes=24285 forwarded=1
1786024365.179883 publish topic=ipi/airspan-followup-c2-rep2/latency/veh-001/ack bytes=239 forwarded=1
1786024365.429431 publish topic=ipi/airspan-followup-c2-rep2/latency/veh-001/request bytes=24285 forwarded=1
1786024365.429734 publish topic=ipi/airspan-followup-c2-rep2/latency/veh-001/ack bytes=239 forwarded=1
1786024365.679513 publish topic=ipi/airspan-followup-c2-rep2/latency/veh-001/request bytes=24285 forwarded=1
1786024365.680192 publish topic=ipi/airspan-followup-c2-rep2/latency/veh-001/ack bytes=239 forwarded=1
1786024365.939982 publish topic=ipi/airspan-followup-c2-rep2/latency/veh-001/request bytes=24285 forwarded=1
1786024365.940716 publish topic=ipi/airspan-followup-c2-rep2/latency/veh-001/ack bytes=239 forwarded=1
1786024366.200150 publish topic=ipi/airspan-followup-c2-rep2/latency/veh-001/request bytes=24285 forwarded=1
1786024366.200439 publish topic=ipi/airspan-followup-c2-rep2/latency/veh-001/ack bytes=239 forwarded=1
1786024366.450325 publish topic=ipi/airspan-followup-c2-rep2/latency/veh-001/request bytes=24285 forwarded=1
1786024366.450961 publish topic=ipi/airspan-followup-c2-rep2/latency/veh-001/ack bytes=239 forwarded=1
1786024366.700630 publish topic=ipi/airspan-followup-c2-rep2/latency/veh-001/request bytes=24285 forwarded=1
1786024366.700907 publish topic=ipi/airspan-followup-c2-rep2/latency/veh-001/ack bytes=239 forwarded=1
1786024366.951337 publish topic=ipi/airspan-followup-c2-rep2/latency/veh-001/request bytes=24287 forwarded=1
1786024366.952053 publish topic=ipi/airspan-followup-c2-rep2/latency/veh-001/ack bytes=240 forwarded=1
1786024367.201417 publish topic=ipi/airspan-followup-c2-rep2/latency/veh-001/request bytes=24287 forwarded=1
1786024367.201905 publish topic=ipi/airspan-followup-c2-rep2/latency/veh-001/ack bytes=240 forwarded=1
1786024367.441689 publish topic=ipi/airspan-followup-c2-rep2/latency/veh-001/request bytes=24287 forwarded=1
1786024367.442441 publish topic=ipi/airspan-followup-c2-rep2/latency/veh-001/ack bytes=240 forwarded=1
1786024367.692166 publish topic=ipi/airspan-followup-c2-rep2/latency/veh-001/request bytes=24287 forwarded=1
1786024367.692928 publish topic=ipi/airspan-followup-c2-rep2/latency/veh-001/ack bytes=240 forwarded=1
1786024367.942476 publish topic=ipi/airspan-followup-c2-rep2/latency/veh-001/request bytes=24287 forwarded=1
1786024367.943189 publish topic=ipi/airspan-followup-c2-rep2/latency/veh-001/ack bytes=240 forwarded=1
1786024368.193364 publish topic=ipi/airspan-followup-c2-rep2/latency/veh-001/request bytes=24287 forwarded=1
1786024368.194124 publish topic=ipi/airspan-followup-c2-rep2/latency/veh-001/ack bytes=240 forwarded=1
1786024368.443188 publish topic=ipi/airspan-followup-c2-rep2/latency/veh-001/request bytes=24287 forwarded=1
1786024368.443777 publish topic=ipi/airspan-followup-c2-rep2/latency/veh-001/ack bytes=240 forwarded=1
1786024368.703609 publish topic=ipi/airspan-followup-c2-rep2/latency/veh-001/request bytes=24287 forwarded=1
1786024368.704375 publish topic=ipi/airspan-followup-c2-rep2/latency/veh-001/ack bytes=240 forwarded=1
1786024368.953615 publish topic=ipi/airspan-followup-c2-rep2/latency/veh-001/request bytes=24287 forwarded=1
1786024368.954154 publish topic=ipi/airspan-followup-c2-rep2/latency/veh-001/ack bytes=240 forwarded=1
1786024369.214183 publish topic=ipi/airspan-followup-c2-rep2/latency/veh-001/request bytes=24287 forwarded=1
1786024369.214897 publish topic=ipi/airspan-followup-c2-rep2/latency/veh-001/ack bytes=240 forwarded=1
1786024369.464315 publish topic=ipi/airspan-followup-c2-rep2/latency/veh-001/request bytes=24287 forwarded=1
1786024369.465031 publish topic=ipi/airspan-followup-c2-rep2/latency/veh-001/ack bytes=240 forwarded=1
1786024369.714651 publish topic=ipi/airspan-followup-c2-rep2/latency/veh-001/request bytes=24287 forwarded=1
1786024369.715324 publish topic=ipi/airspan-followup-c2-rep2/latency/veh-001/ack bytes=240 forwarded=1
1786024369.965380 publish topic=ipi/airspan-followup-c2-rep2/latency/veh-001/request bytes=24287 forwarded=1
1786024369.966049 publish topic=ipi/airspan-followup-c2-rep2/latency/veh-001/ack bytes=240 forwarded=1
1786024370.225682 publish topic=ipi/airspan-followup-c2-rep2/latency/veh-001/request bytes=24287 forwarded=1
1786024370.226416 publish topic=ipi/airspan-followup-c2-rep2/latency/veh-001/ack bytes=240 forwarded=1
1786024370.475790 publish topic=ipi/airspan-followup-c2-rep2/latency/veh-001/request bytes=24287 forwarded=1
1786024370.476484 publish topic=ipi/airspan-followup-c2-rep2/latency/veh-001/ack bytes=240 forwarded=1
1786024370.725780 publish topic=ipi/airspan-followup-c2-rep2/latency/veh-001/request bytes=24287 forwarded=1
1786024370.726429 publish topic=ipi/airspan-followup-c2-rep2/latency/veh-001/ack bytes=240 forwarded=1
1786024370.986241 publish topic=ipi/airspan-followup-c2-rep2/latency/veh-001/request bytes=24287 forwarded=1
1786024370.986906 publish topic=ipi/airspan-followup-c2-rep2/latency/veh-001/ack bytes=240 forwarded=1
1786024371.236575 publish topic=ipi/airspan-followup-c2-rep2/latency/veh-001/request bytes=24287 forwarded=1
1786024371.236915 publish topic=ipi/airspan-followup-c2-rep2/latency/veh-001/ack bytes=240 forwarded=1
1786024371.497021 publish topic=ipi/airspan-followup-c2-rep2/latency/veh-001/request bytes=24287 forwarded=1
1786024371.497851 publish topic=ipi/airspan-followup-c2-rep2/latency/veh-001/ack bytes=240 forwarded=1
1786024371.747066 publish topic=ipi/airspan-followup-c2-rep2/latency/veh-001/request bytes=24287 forwarded=1
1786024371.747781 publish topic=ipi/airspan-followup-c2-rep2/latency/veh-001/ack bytes=240 forwarded=1
1786024372.017744 publish topic=ipi/airspan-followup-c2-rep2/latency/veh-001/request bytes=24287 forwarded=1
1786024372.018488 publish topic=ipi/airspan-followup-c2-rep2/latency/veh-001/ack bytes=240 forwarded=1
1786024372.277922 publish topic=ipi/airspan-followup-c2-rep2/latency/veh-001/request bytes=24287 forwarded=1
1786024372.278617 publish topic=ipi/airspan-followup-c2-rep2/latency/veh-001/ack bytes=240 forwarded=1
1786024372.538081 publish topic=ipi/airspan-followup-c2-rep2/latency/veh-001/request bytes=24287 forwarded=1
1786024372.538736 publish topic=ipi/airspan-followup-c2-rep2/latency/veh-001/ack bytes=240 forwarded=1
1786024372.798263 publish topic=ipi/airspan-followup-c2-rep2/latency/veh-001/request bytes=24287 forwarded=1
1786024372.798606 publish topic=ipi/airspan-followup-c2-rep2/latency/veh-001/ack bytes=240 forwarded=1
1786024373.058915 publish topic=ipi/airspan-followup-c2-rep2/latency/veh-001/request bytes=24287 forwarded=1
1786024373.059597 publish topic=ipi/airspan-followup-c2-rep2/latency/veh-001/ack bytes=240 forwarded=1
1786024373.319395 publish topic=ipi/airspan-followup-c2-rep2/latency/veh-001/request bytes=24287 forwarded=1
1786024373.320099 publish topic=ipi/airspan-followup-c2-rep2/latency/veh-001/ack bytes=240 forwarded=1
1786024373.579437 publish topic=ipi/airspan-followup-c2-rep2/latency/veh-001/request bytes=24287 forwarded=1
1786024373.580110 publish topic=ipi/airspan-followup-c2-rep2/latency/veh-001/ack bytes=240 forwarded=1
1786024373.830101 publish topic=ipi/airspan-followup-c2-rep2/latency/veh-001/request bytes=24287 forwarded=1
1786024373.830818 publish topic=ipi/airspan-followup-c2-rep2/latency/veh-001/ack bytes=240 forwarded=1
1786024374.080160 publish topic=ipi/airspan-followup-c2-rep2/latency/veh-001/request bytes=24287 forwarded=1
1786024374.080867 publish topic=ipi/airspan-followup-c2-rep2/latency/veh-001/ack bytes=240 forwarded=1
1786024374.340547 publish topic=ipi/airspan-followup-c2-rep2/latency/veh-001/request bytes=24287 forwarded=1
1786024374.341293 publish topic=ipi/airspan-followup-c2-rep2/latency/veh-001/ack bytes=240 forwarded=1
1786024374.590814 publish topic=ipi/airspan-followup-c2-rep2/latency/veh-001/request bytes=24287 forwarded=1
1786024374.591218 publish topic=ipi/airspan-followup-c2-rep2/latency/veh-001/ack bytes=240 forwarded=1
1786024374.841410 publish topic=ipi/airspan-followup-c2-rep2/latency/veh-001/request bytes=24287 forwarded=1
1786024374.842109 publish topic=ipi/airspan-followup-c2-rep2/latency/veh-001/ack bytes=240 forwarded=1
1786024375.081605 publish topic=ipi/airspan-followup-c2-rep2/latency/veh-001/request bytes=24287 forwarded=1
1786024375.082236 publish topic=ipi/airspan-followup-c2-rep2/latency/veh-001/ack bytes=240 forwarded=1
1786024375.332186 publish topic=ipi/airspan-followup-c2-rep2/latency/veh-001/request bytes=24287 forwarded=1
1786024375.332577 publish topic=ipi/airspan-followup-c2-rep2/latency/veh-001/ack bytes=240 forwarded=1
1786024375.591973 publish topic=ipi/airspan-followup-c2-rep2/latency/veh-001/request bytes=24287 forwarded=1
1786024375.592582 publish topic=ipi/airspan-followup-c2-rep2/latency/veh-001/ack bytes=240 forwarded=1
1786024375.852520 publish topic=ipi/airspan-followup-c2-rep2/latency/veh-001/request bytes=24287 forwarded=1
1786024375.853207 publish topic=ipi/airspan-followup-c2-rep2/latency/veh-001/ack bytes=240 forwarded=1
1786024376.122950 publish topic=ipi/airspan-followup-c2-rep2/latency/veh-001/request bytes=24287 forwarded=1
1786024376.123702 publish topic=ipi/airspan-followup-c2-rep2/latency/veh-001/ack bytes=240 forwarded=1
1786024376.372993 publish topic=ipi/airspan-followup-c2-rep2/latency/veh-001/request bytes=24287 forwarded=1
1786024376.373611 publish topic=ipi/airspan-followup-c2-rep2/latency/veh-001/ack bytes=240 forwarded=1
1786024376.623670 publish topic=ipi/airspan-followup-c2-rep2/latency/veh-001/request bytes=24287 forwarded=1
1786024376.624339 publish topic=ipi/airspan-followup-c2-rep2/latency/veh-001/ack bytes=240 forwarded=1
1786024376.873665 publish topic=ipi/airspan-followup-c2-rep2/latency/veh-001/request bytes=24287 forwarded=1
1786024376.873957 publish topic=ipi/airspan-followup-c2-rep2/latency/veh-001/ack bytes=240 forwarded=1
1786024377.134403 publish topic=ipi/airspan-followup-c2-rep2/latency/veh-001/request bytes=24287 forwarded=1
1786024377.135084 publish topic=ipi/airspan-followup-c2-rep2/latency/veh-001/ack bytes=240 forwarded=1
1786024377.384454 publish topic=ipi/airspan-followup-c2-rep2/latency/veh-001/request bytes=24287 forwarded=1
1786024377.384776 publish topic=ipi/airspan-followup-c2-rep2/latency/veh-001/ack bytes=240 forwarded=1
1786024377.635046 publish topic=ipi/airspan-followup-c2-rep2/latency/veh-001/request bytes=24287 forwarded=1
1786024377.635715 publish topic=ipi/airspan-followup-c2-rep2/latency/veh-001/ack bytes=240 forwarded=1
1786024377.885397 publish topic=ipi/airspan-followup-c2-rep2/latency/veh-001/request bytes=24287 forwarded=1
1786024377.886058 publish topic=ipi/airspan-followup-c2-rep2/latency/veh-001/ack bytes=240 forwarded=1
1786024378.145730 publish topic=ipi/airspan-followup-c2-rep2/latency/veh-001/request bytes=24287 forwarded=1
1786024378.146389 publish topic=ipi/airspan-followup-c2-rep2/latency/veh-001/ack bytes=240 forwarded=1
1786024378.395931 publish topic=ipi/airspan-followup-c2-rep2/latency/veh-001/request bytes=24287 forwarded=1
1786024378.396654 publish topic=ipi/airspan-followup-c2-rep2/latency/veh-001/ack bytes=240 forwarded=1
1786024378.646034 publish topic=ipi/airspan-followup-c2-rep2/latency/veh-001/request bytes=24287 forwarded=1
1786024378.646724 publish topic=ipi/airspan-followup-c2-rep2/latency/veh-001/ack bytes=240 forwarded=1
1786024378.896439 publish topic=ipi/airspan-followup-c2-rep2/latency/veh-001/request bytes=24287 forwarded=1
1786024378.897182 publish topic=ipi/airspan-followup-c2-rep2/latency/veh-001/ack bytes=240 forwarded=1
1786024379.156831 publish topic=ipi/airspan-followup-c2-rep2/latency/veh-001/request bytes=24287 forwarded=1
1786024379.157523 publish topic=ipi/airspan-followup-c2-rep2/latency/veh-001/ack bytes=240 forwarded=1
1786024379.407112 publish topic=ipi/airspan-followup-c2-rep2/latency/veh-001/request bytes=24287 forwarded=1
1786024379.407776 publish topic=ipi/airspan-followup-c2-rep2/latency/veh-001/ack bytes=240 forwarded=1
1786024379.657154 publish topic=ipi/airspan-followup-c2-rep2/latency/veh-001/request bytes=24287 forwarded=1
1786024379.657543 publish topic=ipi/airspan-followup-c2-rep2/latency/veh-001/ack bytes=240 forwarded=1
1786024379.917527 publish topic=ipi/airspan-followup-c2-rep2/latency/veh-001/request bytes=24287 forwarded=1
1786024379.918200 publish topic=ipi/airspan-followup-c2-rep2/latency/veh-001/ack bytes=240 forwarded=1
1786024380.168183 publish topic=ipi/airspan-followup-c2-rep2/latency/veh-001/request bytes=24287 forwarded=1
1786024380.168965 publish topic=ipi/airspan-followup-c2-rep2/latency/veh-001/ack bytes=240 forwarded=1
1786024380.418453 publish topic=ipi/airspan-followup-c2-rep2/latency/veh-001/request bytes=24287 forwarded=1
1786024380.419115 publish topic=ipi/airspan-followup-c2-rep2/latency/veh-001/ack bytes=240 forwarded=1
1786024380.668779 publish topic=ipi/airspan-followup-c2-rep2/latency/veh-001/request bytes=24287 forwarded=1
1786024380.669464 publish topic=ipi/airspan-followup-c2-rep2/latency/veh-001/ack bytes=240 forwarded=1
1786024380.918884 publish topic=ipi/airspan-followup-c2-rep2/latency/veh-001/request bytes=24287 forwarded=1
1786024380.919623 publish topic=ipi/airspan-followup-c2-rep2/latency/veh-001/ack bytes=240 forwarded=1
1786024381.179380 publish topic=ipi/airspan-followup-c2-rep2/latency/veh-001/request bytes=24287 forwarded=1
1786024381.180069 publish topic=ipi/airspan-followup-c2-rep2/latency/veh-001/ack bytes=240 forwarded=1
1786024381.439615 publish topic=ipi/airspan-followup-c2-rep2/latency/veh-001/request bytes=24287 forwarded=1
1786024381.440310 publish topic=ipi/airspan-followup-c2-rep2/latency/veh-001/ack bytes=240 forwarded=1
1786024381.690102 publish topic=ipi/airspan-followup-c2-rep2/latency/veh-001/request bytes=24287 forwarded=1
1786024381.690735 publish topic=ipi/airspan-followup-c2-rep2/latency/veh-001/ack bytes=240 forwarded=1
1786024381.950164 publish topic=ipi/airspan-followup-c2-rep2/latency/veh-001/request bytes=24287 forwarded=1
1786024381.950510 publish topic=ipi/airspan-followup-c2-rep2/latency/veh-001/ack bytes=240 forwarded=1
1786024382.210833 publish topic=ipi/airspan-followup-c2-rep2/latency/veh-001/request bytes=24287 forwarded=1
1786024382.211530 publish topic=ipi/airspan-followup-c2-rep2/latency/veh-001/ack bytes=240 forwarded=1
1786024382.460951 publish topic=ipi/airspan-followup-c2-rep2/latency/veh-001/request bytes=24287 forwarded=1
1786024382.461229 publish topic=ipi/airspan-followup-c2-rep2/latency/veh-001/ack bytes=240 forwarded=1
1786024382.711268 publish topic=ipi/airspan-followup-c2-rep2/latency/veh-001/request bytes=24287 forwarded=1
1786024382.711516 publish topic=ipi/airspan-followup-c2-rep2/latency/veh-001/ack bytes=240 forwarded=1
1786024382.951801 publish topic=ipi/airspan-followup-c2-rep2/latency/veh-001/request bytes=24287 forwarded=1
1786024382.952472 publish topic=ipi/airspan-followup-c2-rep2/latency/veh-001/ack bytes=240 forwarded=1
1786024383.212079 publish topic=ipi/airspan-followup-c2-rep2/latency/veh-001/request bytes=24287 forwarded=1
1786024383.212806 publish topic=ipi/airspan-followup-c2-rep2/latency/veh-001/ack bytes=240 forwarded=1
1786024383.462322 publish topic=ipi/airspan-followup-c2-rep2/latency/veh-001/request bytes=24287 forwarded=1
1786024383.463014 publish topic=ipi/airspan-followup-c2-rep2/latency/veh-001/ack bytes=240 forwarded=1
1786024383.712546 publish topic=ipi/airspan-followup-c2-rep2/latency/veh-001/request bytes=24287 forwarded=1
1786024383.712849 publish topic=ipi/airspan-followup-c2-rep2/latency/veh-001/ack bytes=240 forwarded=1
1786024383.963338 publish topic=ipi/airspan-followup-c2-rep2/latency/veh-001/request bytes=24287 forwarded=1
1786024383.964022 publish topic=ipi/airspan-followup-c2-rep2/latency/veh-001/ack bytes=240 forwarded=1
1786024384.213356 publish topic=ipi/airspan-followup-c2-rep2/latency/veh-001/request bytes=24287 forwarded=1
1786024384.213797 publish topic=ipi/airspan-followup-c2-rep2/latency/veh-001/ack bytes=240 forwarded=1
1786024384.464162 publish topic=ipi/airspan-followup-c2-rep2/latency/veh-001/request bytes=24287 forwarded=1
1786024384.464803 publish topic=ipi/airspan-followup-c2-rep2/latency/veh-001/ack bytes=240 forwarded=1
1786024384.713796 publish topic=ipi/airspan-followup-c2-rep2/latency/veh-001/request bytes=24287 forwarded=1
1786024384.714458 publish topic=ipi/airspan-followup-c2-rep2/latency/veh-001/ack bytes=240 forwarded=1
1786024384.964419 publish topic=ipi/airspan-followup-c2-rep2/latency/veh-001/request bytes=24287 forwarded=1
1786024384.965086 publish topic=ipi/airspan-followup-c2-rep2/latency/veh-001/ack bytes=240 forwarded=1
1786024385.224870 publish topic=ipi/airspan-followup-c2-rep2/latency/veh-001/request bytes=24287 forwarded=1
1786024385.225665 publish topic=ipi/airspan-followup-c2-rep2/latency/veh-001/ack bytes=240 forwarded=1
1786024385.474966 publish topic=ipi/airspan-followup-c2-rep2/latency/veh-001/request bytes=24287 forwarded=1
1786024385.475619 publish topic=ipi/airspan-followup-c2-rep2/latency/veh-001/ack bytes=240 forwarded=1
1786024385.725539 publish topic=ipi/airspan-followup-c2-rep2/latency/veh-001/request bytes=24287 forwarded=1
1786024385.726204 publish topic=ipi/airspan-followup-c2-rep2/latency/veh-001/ack bytes=240 forwarded=1
1786024385.985787 publish topic=ipi/airspan-followup-c2-rep2/latency/veh-001/request bytes=24287 forwarded=1
1786024385.986471 publish topic=ipi/airspan-followup-c2-rep2/latency/veh-001/ack bytes=240 forwarded=1
1786024386.236138 publish topic=ipi/airspan-followup-c2-rep2/latency/veh-001/request bytes=24287 forwarded=1
1786024386.236747 publish topic=ipi/airspan-followup-c2-rep2/latency/veh-001/ack bytes=240 forwarded=1
1786024386.486247 publish topic=ipi/airspan-followup-c2-rep2/latency/veh-001/request bytes=24287 forwarded=1
1786024386.486809 publish topic=ipi/airspan-followup-c2-rep2/latency/veh-001/ack bytes=240 forwarded=1
1786024386.746578 publish topic=ipi/airspan-followup-c2-rep2/latency/veh-001/request bytes=24287 forwarded=1
1786024386.747184 publish topic=ipi/airspan-followup-c2-rep2/latency/veh-001/ack bytes=240 forwarded=1
1786024386.996844 publish topic=ipi/airspan-followup-c2-rep2/latency/veh-001/request bytes=24287 forwarded=1
1786024386.997490 publish topic=ipi/airspan-followup-c2-rep2/latency/veh-001/ack bytes=240 forwarded=1
1786024387.247355 publish topic=ipi/airspan-followup-c2-rep2/latency/veh-001/request bytes=24287 forwarded=1
1786024387.247977 publish topic=ipi/airspan-followup-c2-rep2/latency/veh-001/ack bytes=240 forwarded=1
1786024387.507793 publish topic=ipi/airspan-followup-c2-rep2/latency/veh-001/request bytes=24287 forwarded=1
1786024387.508475 publish topic=ipi/airspan-followup-c2-rep2/latency/veh-001/ack bytes=240 forwarded=1
1786024387.757975 publish topic=ipi/airspan-followup-c2-rep2/latency/veh-001/request bytes=24287 forwarded=1
1786024387.758663 publish topic=ipi/airspan-followup-c2-rep2/latency/veh-001/ack bytes=240 forwarded=1
1786024388.008282 publish topic=ipi/airspan-followup-c2-rep2/latency/veh-001/request bytes=24287 forwarded=1
1786024388.008997 publish topic=ipi/airspan-followup-c2-rep2/latency/veh-001/ack bytes=240 forwarded=1
1786024388.268471 publish topic=ipi/airspan-followup-c2-rep2/latency/veh-001/request bytes=24287 forwarded=1
1786024388.269108 publish topic=ipi/airspan-followup-c2-rep2/latency/veh-001/ack bytes=240 forwarded=1
1786024388.528967 publish topic=ipi/airspan-followup-c2-rep2/latency/veh-001/request bytes=24287 forwarded=1
1786024388.529655 publish topic=ipi/airspan-followup-c2-rep2/latency/veh-001/ack bytes=240 forwarded=1
1786024388.779403 publish topic=ipi/airspan-followup-c2-rep2/latency/veh-001/request bytes=24287 forwarded=1
1786024388.779979 publish topic=ipi/airspan-followup-c2-rep2/latency/veh-001/ack bytes=240 forwarded=1
1786024389.039583 publish topic=ipi/airspan-followup-c2-rep2/latency/veh-001/request bytes=24287 forwarded=1
1786024389.040219 publish topic=ipi/airspan-followup-c2-rep2/latency/veh-001/ack bytes=240 forwarded=1
1786024389.289926 publish topic=ipi/airspan-followup-c2-rep2/latency/veh-001/request bytes=24287 forwarded=1
1786024389.290540 publish topic=ipi/airspan-followup-c2-rep2/latency/veh-001/ack bytes=240 forwarded=1
1786024389.540362 publish topic=ipi/airspan-followup-c2-rep2/latency/veh-001/request bytes=24287 forwarded=1
1786024389.541072 publish topic=ipi/airspan-followup-c2-rep2/latency/veh-001/ack bytes=240 forwarded=1
1786024389.800435 publish topic=ipi/airspan-followup-c2-rep2/latency/veh-001/request bytes=24287 forwarded=1
1786024389.800751 publish topic=ipi/airspan-followup-c2-rep2/latency/veh-001/ack bytes=240 forwarded=1
1786024390.040991 publish topic=ipi/airspan-followup-c2-rep2/latency/veh-001/request bytes=24287 forwarded=1
1786024390.041666 publish topic=ipi/airspan-followup-c2-rep2/latency/veh-001/ack bytes=240 forwarded=1
1786024390.281276 publish topic=ipi/airspan-followup-c2-rep2/latency/veh-001/request bytes=24287 forwarded=1
1786024390.281950 publish topic=ipi/airspan-followup-c2-rep2/latency/veh-001/ack bytes=240 forwarded=1
1786024390.521871 publish topic=ipi/airspan-followup-c2-rep2/latency/veh-001/request bytes=24287 forwarded=1
1786024390.522537 publish topic=ipi/airspan-followup-c2-rep2/latency/veh-001/ack bytes=240 forwarded=1
1786024390.771944 publish topic=ipi/airspan-followup-c2-rep2/latency/veh-001/request bytes=24287 forwarded=1
1786024390.772455 publish topic=ipi/airspan-followup-c2-rep2/latency/veh-001/ack bytes=240 forwarded=1
1786024391.022303 publish topic=ipi/airspan-followup-c2-rep2/latency/veh-001/request bytes=24287 forwarded=1
1786024391.022996 publish topic=ipi/airspan-followup-c2-rep2/latency/veh-001/ack bytes=240 forwarded=1
1786024391.272903 publish topic=ipi/airspan-followup-c2-rep2/latency/veh-001/request bytes=24287 forwarded=1
1786024391.273546 publish topic=ipi/airspan-followup-c2-rep2/latency/veh-001/ack bytes=240 forwarded=1
1786024391.532897 publish topic=ipi/airspan-followup-c2-rep2/latency/veh-001/request bytes=24287 forwarded=1
1786024391.533314 publish topic=ipi/airspan-followup-c2-rep2/latency/veh-001/ack bytes=240 forwarded=1
1786024391.783368 publish topic=ipi/airspan-followup-c2-rep2/latency/veh-001/request bytes=24287 forwarded=1
1786024391.784054 publish topic=ipi/airspan-followup-c2-rep2/latency/veh-001/ack bytes=240 forwarded=1
1786024392.033330 publish topic=ipi/airspan-followup-c2-rep2/latency/veh-001/request bytes=24287 forwarded=1
1786024392.033625 publish topic=ipi/airspan-followup-c2-rep2/latency/veh-001/ack bytes=240 forwarded=1
1786024392.284180 publish topic=ipi/airspan-followup-c2-rep2/latency/veh-001/request bytes=24287 forwarded=1
1786024392.284817 publish topic=ipi/airspan-followup-c2-rep2/latency/veh-001/ack bytes=240 forwarded=1
1786024392.534108 publish topic=ipi/airspan-followup-c2-rep2/latency/veh-001/request bytes=24287 forwarded=1
1786024392.535045 publish topic=ipi/airspan-followup-c2-rep2/latency/veh-001/ack bytes=240 forwarded=1
1786024392.784503 publish topic=ipi/airspan-followup-c2-rep2/latency/veh-001/request bytes=24287 forwarded=1
1786024392.785030 publish topic=ipi/airspan-followup-c2-rep2/latency/veh-001/ack bytes=240 forwarded=1
1786024393.034850 publish topic=ipi/airspan-followup-c2-rep2/latency/veh-001/request bytes=24287 forwarded=1
1786024393.035084 publish topic=ipi/airspan-followup-c2-rep2/latency/veh-001/ack bytes=240 forwarded=1
1786024393.285336 publish topic=ipi/airspan-followup-c2-rep2/latency/veh-001/request bytes=24287 forwarded=1
1786024393.285841 publish topic=ipi/airspan-followup-c2-rep2/latency/veh-001/ack bytes=240 forwarded=1
1786024393.535599 publish topic=ipi/airspan-followup-c2-rep2/latency/veh-001/request bytes=24287 forwarded=1
1786024393.536282 publish topic=ipi/airspan-followup-c2-rep2/latency/veh-001/ack bytes=240 forwarded=1
1786024393.786112 publish topic=ipi/airspan-followup-c2-rep2/latency/veh-001/request bytes=24287 forwarded=1
1786024393.786797 publish topic=ipi/airspan-followup-c2-rep2/latency/veh-001/ack bytes=240 forwarded=1
1786024394.036202 publish topic=ipi/airspan-followup-c2-rep2/latency/veh-001/request bytes=24287 forwarded=1
1786024394.036923 publish topic=ipi/airspan-followup-c2-rep2/latency/veh-001/ack bytes=240 forwarded=1
1786024394.286509 publish topic=ipi/airspan-followup-c2-rep2/latency/veh-001/request bytes=24287 forwarded=1
1786024394.287254 publish topic=ipi/airspan-followup-c2-rep2/latency/veh-001/ack bytes=240 forwarded=1
1786024394.547148 publish topic=ipi/airspan-followup-c2-rep2/latency/veh-001/request bytes=24287 forwarded=1
1786024394.547831 publish topic=ipi/airspan-followup-c2-rep2/latency/veh-001/ack bytes=240 forwarded=1
1786024394.807053 publish topic=ipi/airspan-followup-c2-rep2/latency/veh-001/request bytes=24287 forwarded=1
1786024394.807318 publish topic=ipi/airspan-followup-c2-rep2/latency/veh-001/ack bytes=240 forwarded=1
1786024395.067733 publish topic=ipi/airspan-followup-c2-rep2/latency/veh-001/request bytes=24287 forwarded=1
1786024395.068641 publish topic=ipi/airspan-followup-c2-rep2/latency/veh-001/ack bytes=240 forwarded=1
1786024395.327901 publish topic=ipi/airspan-followup-c2-rep2/latency/veh-001/request bytes=24287 forwarded=1
1786024395.328656 publish topic=ipi/airspan-followup-c2-rep2/latency/veh-001/ack bytes=240 forwarded=1
1786024395.578374 publish topic=ipi/airspan-followup-c2-rep2/latency/veh-001/request bytes=24287 forwarded=1
1786024395.579041 publish topic=ipi/airspan-followup-c2-rep2/latency/veh-001/ack bytes=240 forwarded=1
1786024395.838883 publish topic=ipi/airspan-followup-c2-rep2/latency/veh-001/request bytes=24287 forwarded=1
1786024395.839567 publish topic=ipi/airspan-followup-c2-rep2/latency/veh-001/ack bytes=240 forwarded=1
1786024396.099194 publish topic=ipi/airspan-followup-c2-rep2/latency/veh-001/request bytes=24287 forwarded=1
1786024396.099857 publish topic=ipi/airspan-followup-c2-rep2/latency/veh-001/ack bytes=240 forwarded=1
1786024396.359751 publish topic=ipi/airspan-followup-c2-rep2/latency/veh-001/request bytes=24287 forwarded=1
1786024396.360437 publish topic=ipi/airspan-followup-c2-rep2/latency/veh-001/ack bytes=240 forwarded=1
1786024396.609851 publish topic=ipi/airspan-followup-c2-rep2/latency/veh-001/request bytes=24287 forwarded=1
1786024396.610525 publish topic=ipi/airspan-followup-c2-rep2/latency/veh-001/ack bytes=240 forwarded=1
1786024396.860189 publish topic=ipi/airspan-followup-c2-rep2/latency/veh-001/request bytes=24287 forwarded=1
1786024396.860905 publish topic=ipi/airspan-followup-c2-rep2/latency/veh-001/ack bytes=240 forwarded=1
1786024397.110157 publish topic=ipi/airspan-followup-c2-rep2/latency/veh-001/request bytes=24287 forwarded=1
1786024397.110395 publish topic=ipi/airspan-followup-c2-rep2/latency/veh-001/ack bytes=240 forwarded=1
1786024397.361113 publish topic=ipi/airspan-followup-c2-rep2/latency/veh-001/request bytes=24287 forwarded=1
1786024397.361758 publish topic=ipi/airspan-followup-c2-rep2/latency/veh-001/ack bytes=240 forwarded=1
1786024397.601012 publish topic=ipi/airspan-followup-c2-rep2/latency/veh-001/request bytes=24287 forwarded=1
1786024397.601606 publish topic=ipi/airspan-followup-c2-rep2/latency/veh-001/ack bytes=240 forwarded=1
1786024397.841491 publish topic=ipi/airspan-followup-c2-rep2/latency/veh-001/request bytes=24287 forwarded=1
1786024397.842139 publish topic=ipi/airspan-followup-c2-rep2/latency/veh-001/ack bytes=240 forwarded=1
1786024398.092046 publish topic=ipi/airspan-followup-c2-rep2/latency/veh-001/request bytes=24287 forwarded=1
1786024398.092781 publish topic=ipi/airspan-followup-c2-rep2/latency/veh-001/ack bytes=240 forwarded=1
1786024398.342614 publish topic=ipi/airspan-followup-c2-rep2/latency/veh-001/request bytes=24287 forwarded=1
1786024398.343254 publish topic=ipi/airspan-followup-c2-rep2/latency/veh-001/ack bytes=240 forwarded=1
1786024398.592757 publish topic=ipi/airspan-followup-c2-rep2/latency/veh-001/request bytes=24287 forwarded=1
1786024398.593422 publish topic=ipi/airspan-followup-c2-rep2/latency/veh-001/ack bytes=240 forwarded=1
1786024398.852810 publish topic=ipi/airspan-followup-c2-rep2/latency/veh-001/request bytes=24287 forwarded=1
1786024398.853540 publish topic=ipi/airspan-followup-c2-rep2/latency/veh-001/ack bytes=240 forwarded=1
1786024399.113553 publish topic=ipi/airspan-followup-c2-rep2/latency/veh-001/request bytes=24287 forwarded=1
1786024399.114212 publish topic=ipi/airspan-followup-c2-rep2/latency/veh-001/ack bytes=240 forwarded=1
1786024399.373775 publish topic=ipi/airspan-followup-c2-rep2/latency/veh-001/request bytes=24287 forwarded=1
1786024399.374169 publish topic=ipi/airspan-followup-c2-rep2/latency/veh-001/ack bytes=240 forwarded=1
1786024399.634145 publish topic=ipi/airspan-followup-c2-rep2/latency/veh-001/request bytes=24287 forwarded=1
1786024399.634786 publish topic=ipi/airspan-followup-c2-rep2/latency/veh-001/ack bytes=240 forwarded=1
1786024399.904153 publish topic=ipi/airspan-followup-c2-rep2/latency/veh-001/request bytes=24287 forwarded=1
1786024399.904409 publish topic=ipi/airspan-followup-c2-rep2/latency/veh-001/ack bytes=240 forwarded=1
1786024400.165065 publish topic=ipi/airspan-followup-c2-rep2/latency/veh-001/request bytes=24287 forwarded=1
1786024400.165716 publish topic=ipi/airspan-followup-c2-rep2/latency/veh-001/ack bytes=240 forwarded=1
1786024400.424975 publish topic=ipi/airspan-followup-c2-rep2/latency/veh-001/request bytes=24287 forwarded=1
1786024400.425291 publish topic=ipi/airspan-followup-c2-rep2/latency/veh-001/ack bytes=240 forwarded=1
1786024400.675500 publish topic=ipi/airspan-followup-c2-rep2/latency/veh-001/request bytes=24287 forwarded=1
1786024400.676173 publish topic=ipi/airspan-followup-c2-rep2/latency/veh-001/ack bytes=240 forwarded=1
1786024400.926155 publish topic=ipi/airspan-followup-c2-rep2/latency/veh-001/request bytes=24287 forwarded=1
1786024400.926824 publish topic=ipi/airspan-followup-c2-rep2/latency/veh-001/ack bytes=240 forwarded=1
1786024401.166285 publish topic=ipi/airspan-followup-c2-rep2/latency/veh-001/request bytes=24287 forwarded=1
1786024401.166934 publish topic=ipi/airspan-followup-c2-rep2/latency/veh-001/ack bytes=240 forwarded=1
1786024401.416771 publish topic=ipi/airspan-followup-c2-rep2/latency/veh-001/request bytes=24287 forwarded=1
1786024401.417432 publish topic=ipi/airspan-followup-c2-rep2/latency/veh-001/ack bytes=240 forwarded=1
1786024401.666958 publish topic=ipi/airspan-followup-c2-rep2/latency/veh-001/request bytes=24287 forwarded=1
1786024401.667577 publish topic=ipi/airspan-followup-c2-rep2/latency/veh-001/ack bytes=240 forwarded=1
1786024401.937183 publish topic=ipi/airspan-followup-c2-rep2/latency/veh-001/request bytes=24287 forwarded=1
1786024401.937836 publish topic=ipi/airspan-followup-c2-rep2/latency/veh-001/ack bytes=240 forwarded=1
1786024402.217719 publish topic=ipi/airspan-followup-c2-rep2/latency/veh-001/request bytes=24287 forwarded=1
1786024402.218412 publish topic=ipi/airspan-followup-c2-rep2/latency/veh-001/ack bytes=240 forwarded=1
1786024402.467981 publish topic=ipi/airspan-followup-c2-rep2/latency/veh-001/request bytes=24287 forwarded=1
1786024402.468683 publish topic=ipi/airspan-followup-c2-rep2/latency/veh-001/ack bytes=240 forwarded=1
1786024402.718046 publish topic=ipi/airspan-followup-c2-rep2/latency/veh-001/request bytes=24287 forwarded=1
1786024402.718367 publish topic=ipi/airspan-followup-c2-rep2/latency/veh-001/ack bytes=240 forwarded=1
1786024402.978697 publish topic=ipi/airspan-followup-c2-rep2/latency/veh-001/request bytes=24287 forwarded=1
1786024402.979338 publish topic=ipi/airspan-followup-c2-rep2/latency/veh-001/ack bytes=240 forwarded=1
1786024403.228932 publish topic=ipi/airspan-followup-c2-rep2/latency/veh-001/request bytes=24287 forwarded=1
1786024403.229573 publish topic=ipi/airspan-followup-c2-rep2/latency/veh-001/ack bytes=240 forwarded=1
1786024403.479427 publish topic=ipi/airspan-followup-c2-rep2/latency/veh-001/request bytes=24287 forwarded=1
1786024403.480072 publish topic=ipi/airspan-followup-c2-rep2/latency/veh-001/ack bytes=240 forwarded=1
1786024403.729994 publish topic=ipi/airspan-followup-c2-rep2/latency/veh-001/request bytes=24287 forwarded=1
1786024403.730714 publish topic=ipi/airspan-followup-c2-rep2/latency/veh-001/ack bytes=240 forwarded=1
1786024403.990366 publish topic=ipi/airspan-followup-c2-rep2/latency/veh-001/request bytes=24287 forwarded=1
1786024403.991054 publish topic=ipi/airspan-followup-c2-rep2/latency/veh-001/ack bytes=240 forwarded=1
1786024404.240294 publish topic=ipi/airspan-followup-c2-rep2/latency/veh-001/request bytes=24287 forwarded=1
1786024404.240516 publish topic=ipi/airspan-followup-c2-rep2/latency/veh-001/ack bytes=240 forwarded=1
1786024404.490889 publish topic=ipi/airspan-followup-c2-rep2/latency/veh-001/request bytes=24287 forwarded=1
1786024404.491507 publish topic=ipi/airspan-followup-c2-rep2/latency/veh-001/ack bytes=240 forwarded=1
1786024404.750992 publish topic=ipi/airspan-followup-c2-rep2/latency/veh-001/request bytes=24287 forwarded=1
1786024404.751719 publish topic=ipi/airspan-followup-c2-rep2/latency/veh-001/ack bytes=240 forwarded=1
1786024404.991721 publish topic=ipi/airspan-followup-c2-rep2/latency/veh-001/request bytes=24287 forwarded=1
1786024404.992415 publish topic=ipi/airspan-followup-c2-rep2/latency/veh-001/ack bytes=240 forwarded=1
1786024405.241798 publish topic=ipi/airspan-followup-c2-rep2/latency/veh-001/request bytes=24287 forwarded=1
1786024405.242434 publish topic=ipi/airspan-followup-c2-rep2/latency/veh-001/ack bytes=240 forwarded=1
1786024405.502089 publish topic=ipi/airspan-followup-c2-rep2/latency/veh-001/request bytes=24287 forwarded=1
1786024405.502490 publish topic=ipi/airspan-followup-c2-rep2/latency/veh-001/ack bytes=240 forwarded=1
1786024405.762470 publish topic=ipi/airspan-followup-c2-rep2/latency/veh-001/request bytes=24287 forwarded=1
1786024405.763121 publish topic=ipi/airspan-followup-c2-rep2/latency/veh-001/ack bytes=240 forwarded=1
1786024406.032771 publish topic=ipi/airspan-followup-c2-rep2/latency/veh-001/request bytes=24287 forwarded=1
1786024406.033159 publish topic=ipi/airspan-followup-c2-rep2/latency/veh-001/ack bytes=240 forwarded=1
1786024406.303197 publish topic=ipi/airspan-followup-c2-rep2/latency/veh-001/request bytes=24287 forwarded=1
1786024406.303849 publish topic=ipi/airspan-followup-c2-rep2/latency/veh-001/ack bytes=240 forwarded=1
1786024406.583531 publish topic=ipi/airspan-followup-c2-rep2/latency/veh-001/request bytes=24287 forwarded=1
1786024406.584176 publish topic=ipi/airspan-followup-c2-rep2/latency/veh-001/ack bytes=240 forwarded=1
1786024406.864030 publish topic=ipi/airspan-followup-c2-rep2/latency/veh-001/request bytes=24287 forwarded=1
1786024406.864734 publish topic=ipi/airspan-followup-c2-rep2/latency/veh-001/ack bytes=240 forwarded=1
1786024407.124570 publish topic=ipi/airspan-followup-c2-rep2/latency/veh-001/request bytes=24287 forwarded=1
1786024407.125279 publish topic=ipi/airspan-followup-c2-rep2/latency/veh-001/ack bytes=240 forwarded=1
1786024407.394657 publish topic=ipi/airspan-followup-c2-rep2/latency/veh-001/request bytes=24287 forwarded=1
1786024407.395322 publish topic=ipi/airspan-followup-c2-rep2/latency/veh-001/ack bytes=240 forwarded=1
1786024407.645391 publish topic=ipi/airspan-followup-c2-rep2/latency/veh-001/request bytes=24287 forwarded=1
1786024407.646056 publish topic=ipi/airspan-followup-c2-rep2/latency/veh-001/ack bytes=240 forwarded=1
1786024407.895542 publish topic=ipi/airspan-followup-c2-rep2/latency/veh-001/request bytes=24287 forwarded=1
1786024407.896163 publish topic=ipi/airspan-followup-c2-rep2/latency/veh-001/ack bytes=240 forwarded=1
1786024408.155945 publish topic=ipi/airspan-followup-c2-rep2/latency/veh-001/request bytes=24287 forwarded=1
1786024408.156567 publish topic=ipi/airspan-followup-c2-rep2/latency/veh-001/ack bytes=240 forwarded=1
1786024408.406152 publish topic=ipi/airspan-followup-c2-rep2/latency/veh-001/request bytes=24287 forwarded=1
1786024408.406760 publish topic=ipi/airspan-followup-c2-rep2/latency/veh-001/ack bytes=240 forwarded=1
1786024408.656821 publish topic=ipi/airspan-followup-c2-rep2/latency/veh-001/request bytes=24287 forwarded=1
1786024408.657439 publish topic=ipi/airspan-followup-c2-rep2/latency/veh-001/ack bytes=240 forwarded=1
1786024408.916951 publish topic=ipi/airspan-followup-c2-rep2/latency/veh-001/request bytes=24287 forwarded=1
1786024408.917587 publish topic=ipi/airspan-followup-c2-rep2/latency/veh-001/ack bytes=240 forwarded=1
1786024409.167173 publish topic=ipi/airspan-followup-c2-rep2/latency/veh-001/request bytes=24287 forwarded=1
1786024409.167819 publish topic=ipi/airspan-followup-c2-rep2/latency/veh-001/ack bytes=240 forwarded=1
1786024409.417418 publish topic=ipi/airspan-followup-c2-rep2/latency/veh-001/request bytes=24287 forwarded=1
1786024409.417745 publish topic=ipi/airspan-followup-c2-rep2/latency/veh-001/ack bytes=240 forwarded=1
1786024409.678234 publish topic=ipi/airspan-followup-c2-rep2/latency/veh-001/request bytes=24287 forwarded=1
1786024409.678997 publish topic=ipi/airspan-followup-c2-rep2/latency/veh-001/ack bytes=240 forwarded=1
1786024409.928137 publish topic=ipi/airspan-followup-c2-rep2/latency/veh-001/request bytes=24287 forwarded=1
1786024409.928627 publish topic=ipi/airspan-followup-c2-rep2/latency/veh-001/ack bytes=240 forwarded=1
1786024410.188738 publish topic=ipi/airspan-followup-c2-rep2/latency/veh-001/request bytes=24287 forwarded=1
1786024410.189408 publish topic=ipi/airspan-followup-c2-rep2/latency/veh-001/ack bytes=240 forwarded=1
1786024410.448766 publish topic=ipi/airspan-followup-c2-rep2/latency/veh-001/request bytes=24287 forwarded=1
1786024410.449117 publish topic=ipi/airspan-followup-c2-rep2/latency/veh-001/ack bytes=240 forwarded=1
1786024410.709430 publish topic=ipi/airspan-followup-c2-rep2/latency/veh-001/request bytes=24287 forwarded=1
1786024410.710097 publish topic=ipi/airspan-followup-c2-rep2/latency/veh-001/ack bytes=240 forwarded=1
1786024410.979627 publish topic=ipi/airspan-followup-c2-rep2/latency/veh-001/request bytes=24287 forwarded=1
1786024410.980329 publish topic=ipi/airspan-followup-c2-rep2/latency/veh-001/ack bytes=240 forwarded=1
1786024411.240000 publish topic=ipi/airspan-followup-c2-rep2/latency/veh-001/request bytes=24287 forwarded=1
1786024411.240712 publish topic=ipi/airspan-followup-c2-rep2/latency/veh-001/ack bytes=240 forwarded=1
1786024411.500175 publish topic=ipi/airspan-followup-c2-rep2/latency/veh-001/request bytes=24287 forwarded=1
1786024411.500903 publish topic=ipi/airspan-followup-c2-rep2/latency/veh-001/ack bytes=240 forwarded=1
1786024411.760403 publish topic=ipi/airspan-followup-c2-rep2/latency/veh-001/request bytes=24287 forwarded=1
1786024411.761098 publish topic=ipi/airspan-followup-c2-rep2/latency/veh-001/ack bytes=240 forwarded=1
1786024412.010587 publish topic=ipi/airspan-followup-c2-rep2/latency/veh-001/request bytes=24287 forwarded=1
1786024412.010911 publish topic=ipi/airspan-followup-c2-rep2/latency/veh-001/ack bytes=240 forwarded=1
1786024412.251462 publish topic=ipi/airspan-followup-c2-rep2/latency/veh-001/request bytes=24287 forwarded=1
1786024412.252185 publish topic=ipi/airspan-followup-c2-rep2/latency/veh-001/ack bytes=240 forwarded=1
1786024412.501590 publish topic=ipi/airspan-followup-c2-rep2/latency/veh-001/request bytes=24287 forwarded=1
1786024412.502261 publish topic=ipi/airspan-followup-c2-rep2/latency/veh-001/ack bytes=240 forwarded=1
1786024412.751817 publish topic=ipi/airspan-followup-c2-rep2/latency/veh-001/request bytes=24287 forwarded=1
1786024412.752188 publish topic=ipi/airspan-followup-c2-rep2/latency/veh-001/ack bytes=240 forwarded=1
1786024413.002318 publish topic=ipi/airspan-followup-c2-rep2/latency/veh-001/request bytes=24287 forwarded=1
1786024413.003031 publish topic=ipi/airspan-followup-c2-rep2/latency/veh-001/ack bytes=240 forwarded=1
1786024413.262830 publish topic=ipi/airspan-followup-c2-rep2/latency/veh-001/request bytes=24287 forwarded=1
1786024413.263523 publish topic=ipi/airspan-followup-c2-rep2/latency/veh-001/ack bytes=240 forwarded=1
1786024413.523139 publish topic=ipi/airspan-followup-c2-rep2/latency/veh-001/request bytes=24287 forwarded=1
1786024413.523803 publish topic=ipi/airspan-followup-c2-rep2/latency/veh-001/ack bytes=240 forwarded=1
1786024413.773344 publish topic=ipi/airspan-followup-c2-rep2/latency/veh-001/request bytes=24287 forwarded=1
1786024413.773754 publish topic=ipi/airspan-followup-c2-rep2/latency/veh-001/ack bytes=240 forwarded=1
1786024414.023906 publish topic=ipi/airspan-followup-c2-rep2/latency/veh-001/request bytes=24287 forwarded=1
1786024414.024575 publish topic=ipi/airspan-followup-c2-rep2/latency/veh-001/ack bytes=240 forwarded=1
1786024414.274509 publish topic=ipi/airspan-followup-c2-rep2/latency/veh-001/request bytes=24287 forwarded=1
1786024414.275142 publish topic=ipi/airspan-followup-c2-rep2/latency/veh-001/ack bytes=240 forwarded=1
1786024414.524630 publish topic=ipi/airspan-followup-c2-rep2/latency/veh-001/request bytes=24287 forwarded=1
1786024414.525231 publish topic=ipi/airspan-followup-c2-rep2/latency/veh-001/ack bytes=240 forwarded=1
1786024414.775108 publish topic=ipi/airspan-followup-c2-rep2/latency/veh-001/request bytes=24287 forwarded=1
1786024414.775758 publish topic=ipi/airspan-followup-c2-rep2/latency/veh-001/ack bytes=240 forwarded=1
1786024415.025367 publish topic=ipi/airspan-followup-c2-rep2/latency/veh-001/request bytes=24287 forwarded=1
1786024415.025767 publish topic=ipi/airspan-followup-c2-rep2/latency/veh-001/ack bytes=240 forwarded=1
1786024415.275719 publish topic=ipi/airspan-followup-c2-rep2/latency/veh-001/request bytes=24287 forwarded=1
1786024415.276529 publish topic=ipi/airspan-followup-c2-rep2/latency/veh-001/ack bytes=240 forwarded=1
1786024415.515988 publish topic=ipi/airspan-followup-c2-rep2/latency/veh-001/request bytes=24287 forwarded=1
1786024415.516648 publish topic=ipi/airspan-followup-c2-rep2/latency/veh-001/ack bytes=240 forwarded=1
1786024415.766214 publish topic=ipi/airspan-followup-c2-rep2/latency/veh-001/request bytes=24287 forwarded=1
1786024415.766689 publish topic=ipi/airspan-followup-c2-rep2/latency/veh-001/ack bytes=240 forwarded=1
1786024416.016452 publish topic=ipi/airspan-followup-c2-rep2/latency/veh-001/request bytes=24287 forwarded=1
1786024416.017109 publish topic=ipi/airspan-followup-c2-rep2/latency/veh-001/ack bytes=240 forwarded=1
1786024416.276783 publish topic=ipi/airspan-followup-c2-rep2/latency/veh-001/request bytes=24287 forwarded=1
1786024416.277423 publish topic=ipi/airspan-followup-c2-rep2/latency/veh-001/ack bytes=240 forwarded=1
1786024416.527075 publish topic=ipi/airspan-followup-c2-rep2/latency/veh-001/request bytes=24287 forwarded=1
1786024416.527773 publish topic=ipi/airspan-followup-c2-rep2/latency/veh-001/ack bytes=240 forwarded=1
1786024416.777418 publish topic=ipi/airspan-followup-c2-rep2/latency/veh-001/request bytes=24287 forwarded=1
1786024416.778001 publish topic=ipi/airspan-followup-c2-rep2/latency/veh-001/ack bytes=240 forwarded=1
1786024417.047966 publish topic=ipi/airspan-followup-c2-rep2/latency/veh-001/request bytes=24287 forwarded=1
1786024417.048681 publish topic=ipi/airspan-followup-c2-rep2/latency/veh-001/ack bytes=240 forwarded=1
1786024417.308072 publish topic=ipi/airspan-followup-c2-rep2/latency/veh-001/request bytes=24287 forwarded=1
1786024417.308773 publish topic=ipi/airspan-followup-c2-rep2/latency/veh-001/ack bytes=240 forwarded=1
1786024417.568686 publish topic=ipi/airspan-followup-c2-rep2/latency/veh-001/request bytes=24287 forwarded=1
1786024417.569341 publish topic=ipi/airspan-followup-c2-rep2/latency/veh-001/ack bytes=240 forwarded=1
1786024417.818723 publish topic=ipi/airspan-followup-c2-rep2/latency/veh-001/request bytes=24287 forwarded=1
1786024417.819026 publish topic=ipi/airspan-followup-c2-rep2/latency/veh-001/ack bytes=240 forwarded=1
1786024418.069005 publish topic=ipi/airspan-followup-c2-rep2/latency/veh-001/request bytes=24287 forwarded=1
1786024418.069644 publish topic=ipi/airspan-followup-c2-rep2/latency/veh-001/ack bytes=240 forwarded=1
1786024418.329285 publish topic=ipi/airspan-followup-c2-rep2/latency/veh-001/request bytes=24287 forwarded=1
1786024418.329505 publish topic=ipi/airspan-followup-c2-rep2/latency/veh-001/ack bytes=240 forwarded=1
1786024418.589819 publish topic=ipi/airspan-followup-c2-rep2/latency/veh-001/request bytes=24287 forwarded=1
1786024418.590480 publish topic=ipi/airspan-followup-c2-rep2/latency/veh-001/ack bytes=240 forwarded=1
1786024418.840275 publish topic=ipi/airspan-followup-c2-rep2/latency/veh-001/request bytes=24287 forwarded=1
1786024418.841013 publish topic=ipi/airspan-followup-c2-rep2/latency/veh-001/ack bytes=240 forwarded=1
1786024419.090561 publish topic=ipi/airspan-followup-c2-rep2/latency/veh-001/request bytes=24287 forwarded=1
1786024419.091282 publish topic=ipi/airspan-followup-c2-rep2/latency/veh-001/ack bytes=240 forwarded=1
1786024419.341071 publish topic=ipi/airspan-followup-c2-rep2/latency/veh-001/request bytes=24287 forwarded=1
1786024419.341791 publish topic=ipi/airspan-followup-c2-rep2/latency/veh-001/ack bytes=240 forwarded=1
1786024419.601289 publish topic=ipi/airspan-followup-c2-rep2/latency/veh-001/request bytes=24287 forwarded=1
1786024419.601989 publish topic=ipi/airspan-followup-c2-rep2/latency/veh-001/ack bytes=240 forwarded=1
1786024419.861356 publish topic=ipi/airspan-followup-c2-rep2/latency/veh-001/request bytes=24287 forwarded=1
1786024419.862029 publish topic=ipi/airspan-followup-c2-rep2/latency/veh-001/ack bytes=240 forwarded=1
1786024420.101831 publish topic=ipi/airspan-followup-c2-rep2/latency/veh-001/request bytes=24287 forwarded=1
1786024420.102172 publish topic=ipi/airspan-followup-c2-rep2/latency/veh-001/ack bytes=240 forwarded=1
1786024420.362491 publish topic=ipi/airspan-followup-c2-rep2/latency/veh-001/request bytes=24287 forwarded=1
1786024420.363141 publish topic=ipi/airspan-followup-c2-rep2/latency/veh-001/ack bytes=240 forwarded=1
1786024420.612265 publish topic=ipi/airspan-followup-c2-rep2/latency/veh-001/request bytes=24287 forwarded=1
1786024420.612509 publish topic=ipi/airspan-followup-c2-rep2/latency/veh-001/ack bytes=240 forwarded=1
1786024420.873077 publish topic=ipi/airspan-followup-c2-rep2/latency/veh-001/request bytes=24287 forwarded=1
1786024420.873822 publish topic=ipi/airspan-followup-c2-rep2/latency/veh-001/ack bytes=240 forwarded=1
1786024421.123346 publish topic=ipi/airspan-followup-c2-rep2/latency/veh-001/request bytes=24287 forwarded=1
1786024421.124024 publish topic=ipi/airspan-followup-c2-rep2/latency/veh-001/ack bytes=240 forwarded=1
1786024421.373851 publish topic=ipi/airspan-followup-c2-rep2/latency/veh-001/request bytes=24287 forwarded=1
1786024421.374520 publish topic=ipi/airspan-followup-c2-rep2/latency/veh-001/ack bytes=240 forwarded=1
1786024421.624065 publish topic=ipi/airspan-followup-c2-rep2/latency/veh-001/request bytes=24287 forwarded=1
1786024421.624819 publish topic=ipi/airspan-followup-c2-rep2/latency/veh-001/ack bytes=240 forwarded=1
1786024421.874444 publish topic=ipi/airspan-followup-c2-rep2/latency/veh-001/request bytes=24287 forwarded=1
1786024421.875124 publish topic=ipi/airspan-followup-c2-rep2/latency/veh-001/ack bytes=240 forwarded=1
1786024422.134885 publish topic=ipi/airspan-followup-c2-rep2/latency/veh-001/request bytes=24287 forwarded=1
1786024422.135553 publish topic=ipi/airspan-followup-c2-rep2/latency/veh-001/ack bytes=240 forwarded=1
1786024422.385059 publish topic=ipi/airspan-followup-c2-rep2/latency/veh-001/request bytes=24287 forwarded=1
1786024422.385645 publish topic=ipi/airspan-followup-c2-rep2/latency/veh-001/ack bytes=240 forwarded=1
1786024422.645583 publish topic=ipi/airspan-followup-c2-rep2/latency/veh-001/request bytes=24287 forwarded=1
1786024422.646325 publish topic=ipi/airspan-followup-c2-rep2/latency/veh-001/ack bytes=240 forwarded=1
1786024422.895533 publish topic=ipi/airspan-followup-c2-rep2/latency/veh-001/request bytes=24287 forwarded=1
1786024422.895816 publish topic=ipi/airspan-followup-c2-rep2/latency/veh-001/ack bytes=240 forwarded=1
1786024423.146271 publish topic=ipi/airspan-followup-c2-rep2/latency/veh-001/request bytes=24287 forwarded=1
1786024423.146667 publish topic=ipi/airspan-followup-c2-rep2/latency/veh-001/ack bytes=240 forwarded=1
1786024423.396814 publish topic=ipi/airspan-followup-c2-rep2/latency/veh-001/request bytes=24287 forwarded=1
1786024423.397502 publish topic=ipi/airspan-followup-c2-rep2/latency/veh-001/ack bytes=240 forwarded=1
1786024423.657261 publish topic=ipi/airspan-followup-c2-rep2/latency/veh-001/request bytes=24287 forwarded=1
1786024423.657920 publish topic=ipi/airspan-followup-c2-rep2/latency/veh-001/ack bytes=240 forwarded=1
1786024423.917331 publish topic=ipi/airspan-followup-c2-rep2/latency/veh-001/request bytes=24287 forwarded=1
1786024423.917615 publish topic=ipi/airspan-followup-c2-rep2/latency/veh-001/ack bytes=240 forwarded=1
1786024424.177934 publish topic=ipi/airspan-followup-c2-rep2/latency/veh-001/request bytes=24287 forwarded=1
1786024424.178593 publish topic=ipi/airspan-followup-c2-rep2/latency/veh-001/ack bytes=240 forwarded=1
1786024424.438309 publish topic=ipi/airspan-followup-c2-rep2/latency/veh-001/request bytes=24287 forwarded=1
1786024424.438982 publish topic=ipi/airspan-followup-c2-rep2/latency/veh-001/ack bytes=240 forwarded=1
1786024424.688567 publish topic=ipi/airspan-followup-c2-rep2/latency/veh-001/request bytes=24287 forwarded=1
1786024424.689255 publish topic=ipi/airspan-followup-c2-rep2/latency/veh-001/ack bytes=240 forwarded=1
1786024424.938907 publish topic=ipi/airspan-followup-c2-rep2/latency/veh-001/request bytes=24287 forwarded=1
1786024424.939580 publish topic=ipi/airspan-followup-c2-rep2/latency/veh-001/ack bytes=240 forwarded=1
1786024425.199181 publish topic=ipi/airspan-followup-c2-rep2/latency/veh-001/request bytes=24287 forwarded=1
1786024425.199878 publish topic=ipi/airspan-followup-c2-rep2/latency/veh-001/ack bytes=240 forwarded=1
1786024425.459464 publish topic=ipi/airspan-followup-c2-rep2/latency/veh-001/request bytes=24287 forwarded=1
1786024425.460088 publish topic=ipi/airspan-followup-c2-rep2/latency/veh-001/ack bytes=240 forwarded=1
1786024425.719824 publish topic=ipi/airspan-followup-c2-rep2/latency/veh-001/request bytes=24287 forwarded=1
1786024425.720059 publish topic=ipi/airspan-followup-c2-rep2/latency/veh-001/ack bytes=240 forwarded=1
1786024425.970596 publish topic=ipi/airspan-followup-c2-rep2/latency/veh-001/request bytes=24287 forwarded=1
1786024425.971373 publish topic=ipi/airspan-followup-c2-rep2/latency/veh-001/ack bytes=240 forwarded=1
1786024426.210815 publish topic=ipi/airspan-followup-c2-rep2/latency/veh-001/request bytes=24287 forwarded=1
1786024426.211101 publish topic=ipi/airspan-followup-c2-rep2/latency/veh-001/ack bytes=240 forwarded=1
1786024426.461242 publish topic=ipi/airspan-followup-c2-rep2/latency/veh-001/request bytes=24287 forwarded=1
1786024426.461925 publish topic=ipi/airspan-followup-c2-rep2/latency/veh-001/ack bytes=240 forwarded=1
1786024426.711588 publish topic=ipi/airspan-followup-c2-rep2/latency/veh-001/request bytes=24287 forwarded=1
1786024426.712273 publish topic=ipi/airspan-followup-c2-rep2/latency/veh-001/ack bytes=240 forwarded=1
1786024426.951702 publish topic=ipi/airspan-followup-c2-rep2/latency/veh-001/request bytes=24287 forwarded=1
1786024426.952301 publish topic=ipi/airspan-followup-c2-rep2/latency/veh-001/ack bytes=240 forwarded=1
1786024427.212427 publish topic=ipi/airspan-followup-c2-rep2/latency/veh-001/request bytes=24287 forwarded=1
1786024427.213062 publish topic=ipi/airspan-followup-c2-rep2/latency/veh-001/ack bytes=240 forwarded=1
1786024427.472803 publish topic=ipi/airspan-followup-c2-rep2/latency/veh-001/request bytes=24287 forwarded=1
1786024427.473480 publish topic=ipi/airspan-followup-c2-rep2/latency/veh-001/ack bytes=240 forwarded=1
1786024427.723024 publish topic=ipi/airspan-followup-c2-rep2/latency/veh-001/request bytes=24287 forwarded=1
1786024427.723718 publish topic=ipi/airspan-followup-c2-rep2/latency/veh-001/ack bytes=240 forwarded=1
1786024427.983053 publish topic=ipi/airspan-followup-c2-rep2/latency/veh-001/request bytes=24287 forwarded=1
1786024427.983294 publish topic=ipi/airspan-followup-c2-rep2/latency/veh-001/ack bytes=240 forwarded=1
1786024428.243930 publish topic=ipi/airspan-followup-c2-rep2/latency/veh-001/request bytes=24287 forwarded=1
1786024428.244631 publish topic=ipi/airspan-followup-c2-rep2/latency/veh-001/ack bytes=240 forwarded=1
1786024428.484238 publish topic=ipi/airspan-followup-c2-rep2/latency/veh-001/request bytes=24287 forwarded=1
1786024428.484612 publish topic=ipi/airspan-followup-c2-rep2/latency/veh-001/ack bytes=240 forwarded=1
1786024428.734454 publish topic=ipi/airspan-followup-c2-rep2/latency/veh-001/request bytes=24287 forwarded=1
1786024428.734818 publish topic=ipi/airspan-followup-c2-rep2/latency/veh-001/ack bytes=240 forwarded=1
1786024428.984965 publish topic=ipi/airspan-followup-c2-rep2/latency/veh-001/request bytes=24287 forwarded=1
1786024428.985721 publish topic=ipi/airspan-followup-c2-rep2/latency/veh-001/ack bytes=240 forwarded=1
1786024429.245575 publish topic=ipi/airspan-followup-c2-rep2/latency/veh-001/request bytes=24287 forwarded=1
1786024429.246227 publish topic=ipi/airspan-followup-c2-rep2/latency/veh-001/ack bytes=240 forwarded=1
1786024429.495772 publish topic=ipi/airspan-followup-c2-rep2/latency/veh-001/request bytes=24287 forwarded=1
1786024429.496434 publish topic=ipi/airspan-followup-c2-rep2/latency/veh-001/ack bytes=240 forwarded=1
1786024429.746201 publish topic=ipi/airspan-followup-c2-rep2/latency/veh-001/request bytes=24287 forwarded=1
1786024429.746795 publish topic=ipi/airspan-followup-c2-rep2/latency/veh-001/ack bytes=240 forwarded=1
1786024430.006749 publish topic=ipi/airspan-followup-c2-rep2/latency/veh-001/request bytes=24287 forwarded=1
1786024430.007439 publish topic=ipi/airspan-followup-c2-rep2/latency/veh-001/ack bytes=240 forwarded=1
1786024430.256916 publish topic=ipi/airspan-followup-c2-rep2/latency/veh-001/request bytes=24287 forwarded=1
1786024430.257574 publish topic=ipi/airspan-followup-c2-rep2/latency/veh-001/ack bytes=240 forwarded=1
1786024430.507462 publish topic=ipi/airspan-followup-c2-rep2/latency/veh-001/request bytes=24287 forwarded=1
1786024430.508143 publish topic=ipi/airspan-followup-c2-rep2/latency/veh-001/ack bytes=240 forwarded=1
1786024430.757218 publish topic=ipi/airspan-followup-c2-rep2/latency/veh-001/request bytes=24287 forwarded=1
1786024430.757447 publish topic=ipi/airspan-followup-c2-rep2/latency/veh-001/ack bytes=240 forwarded=1
1786024431.007595 publish topic=ipi/airspan-followup-c2-rep2/latency/veh-001/request bytes=24287 forwarded=1
1786024431.007852 publish topic=ipi/airspan-followup-c2-rep2/latency/veh-001/ack bytes=240 forwarded=1
1786024431.258469 publish topic=ipi/airspan-followup-c2-rep2/latency/veh-001/request bytes=24287 forwarded=1
1786024431.259149 publish topic=ipi/airspan-followup-c2-rep2/latency/veh-001/ack bytes=240 forwarded=1
1786024431.508579 publish topic=ipi/airspan-followup-c2-rep2/latency/veh-001/request bytes=24287 forwarded=1
1786024431.509033 publish topic=ipi/airspan-followup-c2-rep2/latency/veh-001/ack bytes=240 forwarded=1
1786024431.758878 publish topic=ipi/airspan-followup-c2-rep2/latency/veh-001/request bytes=24287 forwarded=1
1786024431.759233 publish topic=ipi/airspan-followup-c2-rep2/latency/veh-001/ack bytes=240 forwarded=1
1786024432.009417 publish topic=ipi/airspan-followup-c2-rep2/latency/veh-001/request bytes=24287 forwarded=1
1786024432.010115 publish topic=ipi/airspan-followup-c2-rep2/latency/veh-001/ack bytes=240 forwarded=1
1786024432.269750 publish topic=ipi/airspan-followup-c2-rep2/latency/veh-001/request bytes=24287 forwarded=1
1786024432.270475 publish topic=ipi/airspan-followup-c2-rep2/latency/veh-001/ack bytes=240 forwarded=1
1786024432.529891 publish topic=ipi/airspan-followup-c2-rep2/latency/veh-001/request bytes=24287 forwarded=1
1786024432.531297 publish topic=ipi/airspan-followup-c2-rep2/latency/veh-001/ack bytes=240 forwarded=1
1786024432.780568 publish topic=ipi/airspan-followup-c2-rep2/latency/veh-001/request bytes=24287 forwarded=1
1786024432.781061 publish topic=ipi/airspan-followup-c2-rep2/latency/veh-001/ack bytes=240 forwarded=1
1786024433.040560 publish topic=ipi/airspan-followup-c2-rep2/latency/veh-001/request bytes=24287 forwarded=1
1786024433.041055 publish topic=ipi/airspan-followup-c2-rep2/latency/veh-001/ack bytes=240 forwarded=1
1786024433.280994 publish topic=ipi/airspan-followup-c2-rep2/latency/veh-001/request bytes=24287 forwarded=1
1786024433.281631 publish topic=ipi/airspan-followup-c2-rep2/latency/veh-001/ack bytes=240 forwarded=1
1786024433.541217 publish topic=ipi/airspan-followup-c2-rep2/latency/veh-001/request bytes=24287 forwarded=1
1786024433.541880 publish topic=ipi/airspan-followup-c2-rep2/latency/veh-001/ack bytes=240 forwarded=1
1786024433.781746 publish topic=ipi/airspan-followup-c2-rep2/latency/veh-001/request bytes=24287 forwarded=1
1786024433.782254 publish topic=ipi/airspan-followup-c2-rep2/latency/veh-001/ack bytes=240 forwarded=1
1786024434.032293 publish topic=ipi/airspan-followup-c2-rep2/latency/veh-001/request bytes=24287 forwarded=1
1786024434.033057 publish topic=ipi/airspan-followup-c2-rep2/latency/veh-001/ack bytes=240 forwarded=1
1786024434.282973 publish topic=ipi/airspan-followup-c2-rep2/latency/veh-001/request bytes=24287 forwarded=1
1786024434.283684 publish topic=ipi/airspan-followup-c2-rep2/latency/veh-001/ack bytes=240 forwarded=1
1786024434.532851 publish topic=ipi/airspan-followup-c2-rep2/latency/veh-001/request bytes=24287 forwarded=1
1786024434.533500 publish topic=ipi/airspan-followup-c2-rep2/latency/veh-001/ack bytes=240 forwarded=1
1786024434.783250 publish topic=ipi/airspan-followup-c2-rep2/latency/veh-001/request bytes=24287 forwarded=1
1786024434.783906 publish topic=ipi/airspan-followup-c2-rep2/latency/veh-001/ack bytes=240 forwarded=1
1786024435.033587 publish topic=ipi/airspan-followup-c2-rep2/latency/veh-001/request bytes=24287 forwarded=1
1786024435.034207 publish topic=ipi/airspan-followup-c2-rep2/latency/veh-001/ack bytes=240 forwarded=1
1786024435.283755 publish topic=ipi/airspan-followup-c2-rep2/latency/veh-001/request bytes=24287 forwarded=1
1786024435.284349 publish topic=ipi/airspan-followup-c2-rep2/latency/veh-001/ack bytes=240 forwarded=1
1786024435.534410 publish topic=ipi/airspan-followup-c2-rep2/latency/veh-001/request bytes=24287 forwarded=1
1786024435.535080 publish topic=ipi/airspan-followup-c2-rep2/latency/veh-001/ack bytes=240 forwarded=1
1786024435.784782 publish topic=ipi/airspan-followup-c2-rep2/latency/veh-001/request bytes=24287 forwarded=1
1786024435.785276 publish topic=ipi/airspan-followup-c2-rep2/latency/veh-001/ack bytes=240 forwarded=1
1786024436.044891 publish topic=ipi/airspan-followup-c2-rep2/latency/veh-001/request bytes=24287 forwarded=1
1786024436.045530 publish topic=ipi/airspan-followup-c2-rep2/latency/veh-001/ack bytes=240 forwarded=1
1786024436.305313 publish topic=ipi/airspan-followup-c2-rep2/latency/veh-001/request bytes=24287 forwarded=1
1786024436.306039 publish topic=ipi/airspan-followup-c2-rep2/latency/veh-001/ack bytes=240 forwarded=1
1786024436.555860 publish topic=ipi/airspan-followup-c2-rep2/latency/veh-001/request bytes=24287 forwarded=1
1786024436.556572 publish topic=ipi/airspan-followup-c2-rep2/latency/veh-001/ack bytes=240 forwarded=1
1786024436.816073 publish topic=ipi/airspan-followup-c2-rep2/latency/veh-001/request bytes=24287 forwarded=1
1786024436.816798 publish topic=ipi/airspan-followup-c2-rep2/latency/veh-001/ack bytes=240 forwarded=1
1786024437.066209 publish topic=ipi/airspan-followup-c2-rep2/latency/veh-001/request bytes=24287 forwarded=1
1786024437.066848 publish topic=ipi/airspan-followup-c2-rep2/latency/veh-001/ack bytes=240 forwarded=1
1786024437.316858 publish topic=ipi/airspan-followup-c2-rep2/latency/veh-001/request bytes=24287 forwarded=1
1786024437.317526 publish topic=ipi/airspan-followup-c2-rep2/latency/veh-001/ack bytes=240 forwarded=1
1786024437.576833 publish topic=ipi/airspan-followup-c2-rep2/latency/veh-001/request bytes=24287 forwarded=1
1786024437.577219 publish topic=ipi/airspan-followup-c2-rep2/latency/veh-001/ack bytes=240 forwarded=1
1786024437.837547 publish topic=ipi/airspan-followup-c2-rep2/latency/veh-001/request bytes=24287 forwarded=1
1786024437.838044 publish topic=ipi/airspan-followup-c2-rep2/latency/veh-001/ack bytes=240 forwarded=1
1786024438.097651 publish topic=ipi/airspan-followup-c2-rep2/latency/veh-001/request bytes=24287 forwarded=1
1786024438.098325 publish topic=ipi/airspan-followup-c2-rep2/latency/veh-001/ack bytes=240 forwarded=1
1786024438.358370 publish topic=ipi/airspan-followup-c2-rep2/latency/veh-001/request bytes=24287 forwarded=1
1786024438.359059 publish topic=ipi/airspan-followup-c2-rep2/latency/veh-001/ack bytes=240 forwarded=1
1786024438.608484 publish topic=ipi/airspan-followup-c2-rep2/latency/veh-001/request bytes=24287 forwarded=1
1786024438.609141 publish topic=ipi/airspan-followup-c2-rep2/latency/veh-001/ack bytes=240 forwarded=1
1786024438.868710 publish topic=ipi/airspan-followup-c2-rep2/latency/veh-001/request bytes=24287 forwarded=1
1786024438.869195 publish topic=ipi/airspan-followup-c2-rep2/latency/veh-001/ack bytes=240 forwarded=1
1786024439.129473 publish topic=ipi/airspan-followup-c2-rep2/latency/veh-001/request bytes=24287 forwarded=1
1786024439.130192 publish topic=ipi/airspan-followup-c2-rep2/latency/veh-001/ack bytes=240 forwarded=1
1786024439.389681 publish topic=ipi/airspan-followup-c2-rep2/latency/veh-001/request bytes=24287 forwarded=1
1786024439.390376 publish topic=ipi/airspan-followup-c2-rep2/latency/veh-001/ack bytes=240 forwarded=1
1786024439.650053 publish topic=ipi/airspan-followup-c2-rep2/latency/veh-001/request bytes=24287 forwarded=1
1786024439.650735 publish topic=ipi/airspan-followup-c2-rep2/latency/veh-001/ack bytes=240 forwarded=1
1786024439.900465 publish topic=ipi/airspan-followup-c2-rep2/latency/veh-001/request bytes=24287 forwarded=1
1786024439.901221 publish topic=ipi/airspan-followup-c2-rep2/latency/veh-001/ack bytes=240 forwarded=1
1786024440.150931 publish topic=ipi/airspan-followup-c2-rep2/latency/veh-001/request bytes=24287 forwarded=1
1786024440.151650 publish topic=ipi/airspan-followup-c2-rep2/latency/veh-001/ack bytes=240 forwarded=1
1786024440.400862 publish topic=ipi/airspan-followup-c2-rep2/latency/veh-001/request bytes=24287 forwarded=1
1786024440.401204 publish topic=ipi/airspan-followup-c2-rep2/latency/veh-001/ack bytes=240 forwarded=1
1786024440.651637 publish topic=ipi/airspan-followup-c2-rep2/latency/veh-001/request bytes=24287 forwarded=1
1786024440.652399 publish topic=ipi/airspan-followup-c2-rep2/latency/veh-001/ack bytes=240 forwarded=1
1786024440.891562 publish topic=ipi/airspan-followup-c2-rep2/latency/veh-001/request bytes=24287 forwarded=1
1786024440.892227 publish topic=ipi/airspan-followup-c2-rep2/latency/veh-001/ack bytes=240 forwarded=1
1786024441.142015 publish topic=ipi/airspan-followup-c2-rep2/latency/veh-001/request bytes=24287 forwarded=1
1786024441.142726 publish topic=ipi/airspan-followup-c2-rep2/latency/veh-001/ack bytes=240 forwarded=1
1786024441.392579 publish topic=ipi/airspan-followup-c2-rep2/latency/veh-001/request bytes=24287 forwarded=1
1786024441.393326 publish topic=ipi/airspan-followup-c2-rep2/latency/veh-001/ack bytes=240 forwarded=1
1786024441.642699 publish topic=ipi/airspan-followup-c2-rep2/latency/veh-001/request bytes=24287 forwarded=1
1786024441.643372 publish topic=ipi/airspan-followup-c2-rep2/latency/veh-001/ack bytes=240 forwarded=1
1786024441.893263 publish topic=ipi/airspan-followup-c2-rep2/latency/veh-001/request bytes=24287 forwarded=1
1786024441.893921 publish topic=ipi/airspan-followup-c2-rep2/latency/veh-001/ack bytes=240 forwarded=1
1786024442.143505 publish topic=ipi/airspan-followup-c2-rep2/latency/veh-001/request bytes=24287 forwarded=1
1786024442.143826 publish topic=ipi/airspan-followup-c2-rep2/latency/veh-001/ack bytes=240 forwarded=1
1786024442.393904 publish topic=ipi/airspan-followup-c2-rep2/latency/veh-001/request bytes=24287 forwarded=1
1786024442.394214 publish topic=ipi/airspan-followup-c2-rep2/latency/veh-001/ack bytes=240 forwarded=1
1786024442.644125 publish topic=ipi/airspan-followup-c2-rep2/latency/veh-001/request bytes=24287 forwarded=1
1786024442.644368 publish topic=ipi/airspan-followup-c2-rep2/latency/veh-001/ack bytes=240 forwarded=1
1786024442.894935 publish topic=ipi/airspan-followup-c2-rep2/latency/veh-001/request bytes=24287 forwarded=1
1786024442.895720 publish topic=ipi/airspan-followup-c2-rep2/latency/veh-001/ack bytes=240 forwarded=1
1786024443.144984 publish topic=ipi/airspan-followup-c2-rep2/latency/veh-001/request bytes=24287 forwarded=1
1786024443.145642 publish topic=ipi/airspan-followup-c2-rep2/latency/veh-001/ack bytes=240 forwarded=1
1786024443.395686 publish topic=ipi/airspan-followup-c2-rep2/latency/veh-001/request bytes=24287 forwarded=1
1786024443.396402 publish topic=ipi/airspan-followup-c2-rep2/latency/veh-001/ack bytes=240 forwarded=1
1786024443.645782 publish topic=ipi/airspan-followup-c2-rep2/latency/veh-001/request bytes=24287 forwarded=1
1786024443.646520 publish topic=ipi/airspan-followup-c2-rep2/latency/veh-001/ack bytes=240 forwarded=1
1786024443.896313 publish topic=ipi/airspan-followup-c2-rep2/latency/veh-001/request bytes=24287 forwarded=1
1786024443.897003 publish topic=ipi/airspan-followup-c2-rep2/latency/veh-001/ack bytes=240 forwarded=1
1786024444.146611 publish topic=ipi/airspan-followup-c2-rep2/latency/veh-001/request bytes=24287 forwarded=1
1786024444.147328 publish topic=ipi/airspan-followup-c2-rep2/latency/veh-001/ack bytes=240 forwarded=1
1786024444.397171 publish topic=ipi/airspan-followup-c2-rep2/latency/veh-001/request bytes=24287 forwarded=1
1786024444.397895 publish topic=ipi/airspan-followup-c2-rep2/latency/veh-001/ack bytes=240 forwarded=1
1786024444.647569 publish topic=ipi/airspan-followup-c2-rep2/latency/veh-001/request bytes=24287 forwarded=1
1786024444.648269 publish topic=ipi/airspan-followup-c2-rep2/latency/veh-001/ack bytes=240 forwarded=1
1786024444.897390 publish topic=ipi/airspan-followup-c2-rep2/latency/veh-001/request bytes=24287 forwarded=1
1786024444.897607 publish topic=ipi/airspan-followup-c2-rep2/latency/veh-001/ack bytes=240 forwarded=1
1786024445.158299 publish topic=ipi/airspan-followup-c2-rep2/latency/veh-001/request bytes=24287 forwarded=1
1786024445.159029 publish topic=ipi/airspan-followup-c2-rep2/latency/veh-001/ack bytes=240 forwarded=1
1786024445.418561 publish topic=ipi/airspan-followup-c2-rep2/latency/veh-001/request bytes=24287 forwarded=1
1786024445.419191 publish topic=ipi/airspan-followup-c2-rep2/latency/veh-001/ack bytes=240 forwarded=1
1786024445.669108 publish topic=ipi/airspan-followup-c2-rep2/latency/veh-001/request bytes=24287 forwarded=1
1786024445.669840 publish topic=ipi/airspan-followup-c2-rep2/latency/veh-001/ack bytes=240 forwarded=1
1786024445.919576 publish topic=ipi/airspan-followup-c2-rep2/latency/veh-001/request bytes=24287 forwarded=1
1786024445.920251 publish topic=ipi/airspan-followup-c2-rep2/latency/veh-001/ack bytes=240 forwarded=1
1786024446.169677 publish topic=ipi/airspan-followup-c2-rep2/latency/veh-001/request bytes=24287 forwarded=1
1786024446.170346 publish topic=ipi/airspan-followup-c2-rep2/latency/veh-001/ack bytes=240 forwarded=1
1786024446.420231 publish topic=ipi/airspan-followup-c2-rep2/latency/veh-001/request bytes=24287 forwarded=1
1786024446.420950 publish topic=ipi/airspan-followup-c2-rep2/latency/veh-001/ack bytes=240 forwarded=1
1786024446.680253 publish topic=ipi/airspan-followup-c2-rep2/latency/veh-001/request bytes=24287 forwarded=1
1786024446.680972 publish topic=ipi/airspan-followup-c2-rep2/latency/veh-001/ack bytes=240 forwarded=1
1786024446.921153 publish topic=ipi/airspan-followup-c2-rep2/latency/veh-001/request bytes=24287 forwarded=1
1786024446.921826 publish topic=ipi/airspan-followup-c2-rep2/latency/veh-001/ack bytes=240 forwarded=1
1786024447.161000 publish topic=ipi/airspan-followup-c2-rep2/latency/veh-001/request bytes=24287 forwarded=1
1786024447.161361 publish topic=ipi/airspan-followup-c2-rep2/latency/veh-001/ack bytes=240 forwarded=1
1786024447.411550 publish topic=ipi/airspan-followup-c2-rep2/latency/veh-001/request bytes=24287 forwarded=1
1786024447.412243 publish topic=ipi/airspan-followup-c2-rep2/latency/veh-001/ack bytes=240 forwarded=1
1786024447.662215 publish topic=ipi/airspan-followup-c2-rep2/latency/veh-001/request bytes=24287 forwarded=1
1786024447.662880 publish topic=ipi/airspan-followup-c2-rep2/latency/veh-001/ack bytes=240 forwarded=1
1786024447.912386 publish topic=ipi/airspan-followup-c2-rep2/latency/veh-001/request bytes=24287 forwarded=1
1786024447.913139 publish topic=ipi/airspan-followup-c2-rep2/latency/veh-001/ack bytes=240 forwarded=1
1786024448.162682 publish topic=ipi/airspan-followup-c2-rep2/latency/veh-001/request bytes=24287 forwarded=1
1786024448.163312 publish topic=ipi/airspan-followup-c2-rep2/latency/veh-001/ack bytes=240 forwarded=1
1786024448.413113 publish topic=ipi/airspan-followup-c2-rep2/latency/veh-001/request bytes=24287 forwarded=1
1786024448.413789 publish topic=ipi/airspan-followup-c2-rep2/latency/veh-001/ack bytes=240 forwarded=1
1786024448.663780 publish topic=ipi/airspan-followup-c2-rep2/latency/veh-001/request bytes=24287 forwarded=1
1786024448.664459 publish topic=ipi/airspan-followup-c2-rep2/latency/veh-001/ack bytes=240 forwarded=1
1786024448.913632 publish topic=ipi/airspan-followup-c2-rep2/latency/veh-001/request bytes=24287 forwarded=1
1786024448.913972 publish topic=ipi/airspan-followup-c2-rep2/latency/veh-001/ack bytes=240 forwarded=1
1786024449.164182 publish topic=ipi/airspan-followup-c2-rep2/latency/veh-001/request bytes=24287 forwarded=1
1786024449.164957 publish topic=ipi/airspan-followup-c2-rep2/latency/veh-001/ack bytes=240 forwarded=1
1786024449.424387 publish topic=ipi/airspan-followup-c2-rep2/latency/veh-001/request bytes=24287 forwarded=1
1786024449.425081 publish topic=ipi/airspan-followup-c2-rep2/latency/veh-001/ack bytes=240 forwarded=1
1786024449.675148 publish topic=ipi/airspan-followup-c2-rep2/latency/veh-001/request bytes=24287 forwarded=1
1786024449.675822 publish topic=ipi/airspan-followup-c2-rep2/latency/veh-001/ack bytes=240 forwarded=1
1786024449.925366 publish topic=ipi/airspan-followup-c2-rep2/latency/veh-001/request bytes=24287 forwarded=1
1786024449.925630 publish topic=ipi/airspan-followup-c2-rep2/latency/veh-001/ack bytes=240 forwarded=1
1786024450.175573 publish topic=ipi/airspan-followup-c2-rep2/latency/veh-001/request bytes=24287 forwarded=1
1786024450.176267 publish topic=ipi/airspan-followup-c2-rep2/latency/veh-001/ack bytes=240 forwarded=1
1786024450.426075 publish topic=ipi/airspan-followup-c2-rep2/latency/veh-001/request bytes=24287 forwarded=1
1786024450.426738 publish topic=ipi/airspan-followup-c2-rep2/latency/veh-001/ack bytes=240 forwarded=1
1786024450.686707 publish topic=ipi/airspan-followup-c2-rep2/latency/veh-001/request bytes=24287 forwarded=1
1786024450.687429 publish topic=ipi/airspan-followup-c2-rep2/latency/veh-001/ack bytes=240 forwarded=1
1786024450.936528 publish topic=ipi/airspan-followup-c2-rep2/latency/veh-001/request bytes=24287 forwarded=1
1786024450.936773 publish topic=ipi/airspan-followup-c2-rep2/latency/veh-001/ack bytes=240 forwarded=1
1786024451.187298 publish topic=ipi/airspan-followup-c2-rep2/latency/veh-001/request bytes=24287 forwarded=1
1786024451.188015 publish topic=ipi/airspan-followup-c2-rep2/latency/veh-001/ack bytes=240 forwarded=1
1786024451.437737 publish topic=ipi/airspan-followup-c2-rep2/latency/veh-001/request bytes=24287 forwarded=1
1786024451.438450 publish topic=ipi/airspan-followup-c2-rep2/latency/veh-001/ack bytes=240 forwarded=1
1786024451.698005 publish topic=ipi/airspan-followup-c2-rep2/latency/veh-001/request bytes=24287 forwarded=1
1786024451.698714 publish topic=ipi/airspan-followup-c2-rep2/latency/veh-001/ack bytes=240 forwarded=1
1786024451.948644 publish topic=ipi/airspan-followup-c2-rep2/latency/veh-001/request bytes=24287 forwarded=1
1786024451.949312 publish topic=ipi/airspan-followup-c2-rep2/latency/veh-001/ack bytes=240 forwarded=1
1786024452.208630 publish topic=ipi/airspan-followup-c2-rep2/latency/veh-001/request bytes=24287 forwarded=1
1786024452.208916 publish topic=ipi/airspan-followup-c2-rep2/latency/veh-001/ack bytes=240 forwarded=1
1786024452.469211 publish topic=ipi/airspan-followup-c2-rep2/latency/veh-001/request bytes=24287 forwarded=1
1786024452.469879 publish topic=ipi/airspan-followup-c2-rep2/latency/veh-001/ack bytes=240 forwarded=1
1786024452.729461 publish topic=ipi/airspan-followup-c2-rep2/latency/veh-001/request bytes=24287 forwarded=1
1786024452.729841 publish topic=ipi/airspan-followup-c2-rep2/latency/veh-001/ack bytes=240 forwarded=1
1786024452.980008 publish topic=ipi/airspan-followup-c2-rep2/latency/veh-001/request bytes=24287 forwarded=1
1786024452.980746 publish topic=ipi/airspan-followup-c2-rep2/latency/veh-001/ack bytes=240 forwarded=1
1786024453.240634 publish topic=ipi/airspan-followup-c2-rep2/latency/veh-001/request bytes=24287 forwarded=1
1786024453.241339 publish topic=ipi/airspan-followup-c2-rep2/latency/veh-001/ack bytes=240 forwarded=1
1786024453.500733 publish topic=ipi/airspan-followup-c2-rep2/latency/veh-001/request bytes=24287 forwarded=1
1786024453.501403 publish topic=ipi/airspan-followup-c2-rep2/latency/veh-001/ack bytes=240 forwarded=1
1786024453.740891 publish topic=ipi/airspan-followup-c2-rep2/latency/veh-001/request bytes=24287 forwarded=1
1786024453.741131 publish topic=ipi/airspan-followup-c2-rep2/latency/veh-001/ack bytes=240 forwarded=1
1786024453.991489 publish topic=ipi/airspan-followup-c2-rep2/latency/veh-001/request bytes=24287 forwarded=1
1786024453.992132 publish topic=ipi/airspan-followup-c2-rep2/latency/veh-001/ack bytes=240 forwarded=1
1786024454.231881 publish topic=ipi/airspan-followup-c2-rep2/latency/veh-001/request bytes=24287 forwarded=1
1786024454.232554 publish topic=ipi/airspan-followup-c2-rep2/latency/veh-001/ack bytes=240 forwarded=1
1786024454.492196 publish topic=ipi/airspan-followup-c2-rep2/latency/veh-001/request bytes=24287 forwarded=1
1786024454.492593 publish topic=ipi/airspan-followup-c2-rep2/latency/veh-001/ack bytes=240 forwarded=1
1786024454.752249 publish topic=ipi/airspan-followup-c2-rep2/latency/veh-001/request bytes=24287 forwarded=1
1786024454.752487 publish topic=ipi/airspan-followup-c2-rep2/latency/veh-001/ack bytes=240 forwarded=1
1786024455.002726 publish topic=ipi/airspan-followup-c2-rep2/latency/veh-001/request bytes=24287 forwarded=1
1786024455.002983 publish topic=ipi/airspan-followup-c2-rep2/latency/veh-001/ack bytes=240 forwarded=1
1786024455.273284 publish topic=ipi/airspan-followup-c2-rep2/latency/veh-001/request bytes=24287 forwarded=1
1786024455.273952 publish topic=ipi/airspan-followup-c2-rep2/latency/veh-001/ack bytes=240 forwarded=1
1786024455.533698 publish topic=ipi/airspan-followup-c2-rep2/latency/veh-001/request bytes=24287 forwarded=1
1786024455.534363 publish topic=ipi/airspan-followup-c2-rep2/latency/veh-001/ack bytes=240 forwarded=1
1786024455.794039 publish topic=ipi/airspan-followup-c2-rep2/latency/veh-001/request bytes=24287 forwarded=1
1786024455.794614 publish topic=ipi/airspan-followup-c2-rep2/latency/veh-001/ack bytes=240 forwarded=1
1786024456.064774 publish topic=ipi/airspan-followup-c2-rep2/latency/veh-001/request bytes=24287 forwarded=1
1786024456.065449 publish topic=ipi/airspan-followup-c2-rep2/latency/veh-001/ack bytes=240 forwarded=1
1786024456.325137 publish topic=ipi/airspan-followup-c2-rep2/latency/veh-001/request bytes=24287 forwarded=1
1786024456.325815 publish topic=ipi/airspan-followup-c2-rep2/latency/veh-001/ack bytes=240 forwarded=1
1786024456.575233 publish topic=ipi/airspan-followup-c2-rep2/latency/veh-001/request bytes=24287 forwarded=1
1786024456.575493 publish topic=ipi/airspan-followup-c2-rep2/latency/veh-001/ack bytes=240 forwarded=1
1786024456.825488 publish topic=ipi/airspan-followup-c2-rep2/latency/veh-001/request bytes=24287 forwarded=1
1786024456.825716 publish topic=ipi/airspan-followup-c2-rep2/latency/veh-001/ack bytes=240 forwarded=1
1786024457.076034 publish topic=ipi/airspan-followup-c2-rep2/latency/veh-001/request bytes=24287 forwarded=1
1786024457.076761 publish topic=ipi/airspan-followup-c2-rep2/latency/veh-001/ack bytes=240 forwarded=1
1786024457.326464 publish topic=ipi/airspan-followup-c2-rep2/latency/veh-001/request bytes=24287 forwarded=1
1786024457.327155 publish topic=ipi/airspan-followup-c2-rep2/latency/veh-001/ack bytes=240 forwarded=1
1786024457.576849 publish topic=ipi/airspan-followup-c2-rep2/latency/veh-001/request bytes=24287 forwarded=1
1786024457.577595 publish topic=ipi/airspan-followup-c2-rep2/latency/veh-001/ack bytes=240 forwarded=1
1786024457.826849 publish topic=ipi/airspan-followup-c2-rep2/latency/veh-001/request bytes=24287 forwarded=1
1786024457.827108 publish topic=ipi/airspan-followup-c2-rep2/latency/veh-001/ack bytes=240 forwarded=1
1786024458.077554 publish topic=ipi/airspan-followup-c2-rep2/latency/veh-001/request bytes=24287 forwarded=1
1786024458.078264 publish topic=ipi/airspan-followup-c2-rep2/latency/veh-001/ack bytes=240 forwarded=1
1786024458.327598 publish topic=ipi/airspan-followup-c2-rep2/latency/veh-001/request bytes=24287 forwarded=1
1786024458.328273 publish topic=ipi/airspan-followup-c2-rep2/latency/veh-001/ack bytes=240 forwarded=1
1786024458.578335 publish topic=ipi/airspan-followup-c2-rep2/latency/veh-001/request bytes=24287 forwarded=1
1786024458.579003 publish topic=ipi/airspan-followup-c2-rep2/latency/veh-001/ack bytes=240 forwarded=1
1786024458.838408 publish topic=ipi/airspan-followup-c2-rep2/latency/veh-001/request bytes=24287 forwarded=1
1786024458.839086 publish topic=ipi/airspan-followup-c2-rep2/latency/veh-001/ack bytes=240 forwarded=1
1786024459.098951 publish topic=ipi/airspan-followup-c2-rep2/latency/veh-001/request bytes=24287 forwarded=1
1786024459.099640 publish topic=ipi/airspan-followup-c2-rep2/latency/veh-001/ack bytes=240 forwarded=1
1786024459.359522 publish topic=ipi/airspan-followup-c2-rep2/latency/veh-001/request bytes=24287 forwarded=1
1786024459.360207 publish topic=ipi/airspan-followup-c2-rep2/latency/veh-001/ack bytes=240 forwarded=1
1786024459.619525 publish topic=ipi/airspan-followup-c2-rep2/latency/veh-001/request bytes=24287 forwarded=1
1786024459.620195 publish topic=ipi/airspan-followup-c2-rep2/latency/veh-001/ack bytes=240 forwarded=1
1786024459.880189 publish topic=ipi/airspan-followup-c2-rep2/latency/veh-001/request bytes=24287 forwarded=1
1786024459.880907 publish topic=ipi/airspan-followup-c2-rep2/latency/veh-001/ack bytes=240 forwarded=1
1786024460.130453 publish topic=ipi/airspan-followup-c2-rep2/latency/veh-001/request bytes=24287 forwarded=1
1786024460.131138 publish topic=ipi/airspan-followup-c2-rep2/latency/veh-001/ack bytes=240 forwarded=1
1786024460.380961 publish topic=ipi/airspan-followup-c2-rep2/latency/veh-001/request bytes=24287 forwarded=1
1786024460.381630 publish topic=ipi/airspan-followup-c2-rep2/latency/veh-001/ack bytes=240 forwarded=1
1786024460.631056 publish topic=ipi/airspan-followup-c2-rep2/latency/veh-001/request bytes=24287 forwarded=1
1786024460.631450 publish topic=ipi/airspan-followup-c2-rep2/latency/veh-001/ack bytes=240 forwarded=1
1786024460.891464 publish topic=ipi/airspan-followup-c2-rep2/latency/veh-001/request bytes=24287 forwarded=1
1786024460.892136 publish topic=ipi/airspan-followup-c2-rep2/latency/veh-001/ack bytes=240 forwarded=1
1786024461.141792 publish topic=ipi/airspan-followup-c2-rep2/latency/veh-001/request bytes=24287 forwarded=1
1786024461.142471 publish topic=ipi/airspan-followup-c2-rep2/latency/veh-001/ack bytes=240 forwarded=1
1786024461.392121 publish topic=ipi/airspan-followup-c2-rep2/latency/veh-001/request bytes=24287 forwarded=1
1786024461.392745 publish topic=ipi/airspan-followup-c2-rep2/latency/veh-001/ack bytes=240 forwarded=1
1786024461.642778 publish topic=ipi/airspan-followup-c2-rep2/latency/veh-001/request bytes=24287 forwarded=1
1786024461.643415 publish topic=ipi/airspan-followup-c2-rep2/latency/veh-001/ack bytes=240 forwarded=1
1786024461.893037 publish topic=ipi/airspan-followup-c2-rep2/latency/veh-001/request bytes=24287 forwarded=1
1786024461.893679 publish topic=ipi/airspan-followup-c2-rep2/latency/veh-001/ack bytes=240 forwarded=1
1786024462.153104 publish topic=ipi/airspan-followup-c2-rep2/latency/veh-001/request bytes=24287 forwarded=1
1786024462.153743 publish topic=ipi/airspan-followup-c2-rep2/latency/veh-001/ack bytes=240 forwarded=1
1786024462.403576 publish topic=ipi/airspan-followup-c2-rep2/latency/veh-001/request bytes=24287 forwarded=1
1786024462.404331 publish topic=ipi/airspan-followup-c2-rep2/latency/veh-001/ack bytes=240 forwarded=1
1786024462.653867 publish topic=ipi/airspan-followup-c2-rep2/latency/veh-001/request bytes=24287 forwarded=1
1786024462.654568 publish topic=ipi/airspan-followup-c2-rep2/latency/veh-001/ack bytes=240 forwarded=1
1786024462.904199 publish topic=ipi/airspan-followup-c2-rep2/latency/veh-001/request bytes=24287 forwarded=1
1786024462.904515 publish topic=ipi/airspan-followup-c2-rep2/latency/veh-001/ack bytes=240 forwarded=1
1786024463.154372 publish topic=ipi/airspan-followup-c2-rep2/latency/veh-001/request bytes=24287 forwarded=1
1786024463.155010 publish topic=ipi/airspan-followup-c2-rep2/latency/veh-001/ack bytes=240 forwarded=1
1786024463.405615 publish topic=ipi/airspan-followup-c2-rep2/latency/veh-001/request bytes=24287 forwarded=1
1786024463.406316 publish topic=ipi/airspan-followup-c2-rep2/latency/veh-001/ack bytes=240 forwarded=1
1786024463.665285 publish topic=ipi/airspan-followup-c2-rep2/latency/veh-001/request bytes=24287 forwarded=1
1786024463.665980 publish topic=ipi/airspan-followup-c2-rep2/latency/veh-001/ack bytes=240 forwarded=1
1786024463.915630 publish topic=ipi/airspan-followup-c2-rep2/latency/veh-001/request bytes=24287 forwarded=1
1786024463.916251 publish topic=ipi/airspan-followup-c2-rep2/latency/veh-001/ack bytes=240 forwarded=1
1786024464.166086 publish topic=ipi/airspan-followup-c2-rep2/latency/veh-001/request bytes=24287 forwarded=1
1786024464.166746 publish topic=ipi/airspan-followup-c2-rep2/latency/veh-001/ack bytes=240 forwarded=1
1786024464.416543 publish topic=ipi/airspan-followup-c2-rep2/latency/veh-001/request bytes=24287 forwarded=1
1786024464.417207 publish topic=ipi/airspan-followup-c2-rep2/latency/veh-001/ack bytes=240 forwarded=1
1786024464.666545 publish topic=ipi/airspan-followup-c2-rep2/latency/veh-001/request bytes=24287 forwarded=1
1786024464.667189 publish topic=ipi/airspan-followup-c2-rep2/latency/veh-001/ack bytes=240 forwarded=1
1786024464.917042 publish topic=ipi/airspan-followup-c2-rep2/latency/veh-001/request bytes=24287 forwarded=1
1786024464.917693 publish topic=ipi/airspan-followup-c2-rep2/latency/veh-001/ack bytes=240 forwarded=1
1786024465.167192 publish topic=ipi/airspan-followup-c2-rep2/latency/veh-001/request bytes=24287 forwarded=1
1786024465.167497 publish topic=ipi/airspan-followup-c2-rep2/latency/veh-001/ack bytes=240 forwarded=1
1786024465.417557 publish topic=ipi/airspan-followup-c2-rep2/latency/veh-001/request bytes=24287 forwarded=1
1786024465.418177 publish topic=ipi/airspan-followup-c2-rep2/latency/veh-001/ack bytes=240 forwarded=1
1786024465.678037 publish topic=ipi/airspan-followup-c2-rep2/latency/veh-001/request bytes=24287 forwarded=1
1786024465.678691 publish topic=ipi/airspan-followup-c2-rep2/latency/veh-001/ack bytes=240 forwarded=1
1786024465.928530 publish topic=ipi/airspan-followup-c2-rep2/latency/veh-001/request bytes=24287 forwarded=1
1786024465.929182 publish topic=ipi/airspan-followup-c2-rep2/latency/veh-001/ack bytes=240 forwarded=1
1786024466.178621 publish topic=ipi/airspan-followup-c2-rep2/latency/veh-001/request bytes=24287 forwarded=1
1786024466.178912 publish topic=ipi/airspan-followup-c2-rep2/latency/veh-001/ack bytes=240 forwarded=1
1786024466.438932 publish topic=ipi/airspan-followup-c2-rep2/latency/veh-001/request bytes=24287 forwarded=1
1786024466.439525 publish topic=ipi/airspan-followup-c2-rep2/latency/veh-001/ack bytes=240 forwarded=1
1786024466.699422 publish topic=ipi/airspan-followup-c2-rep2/latency/veh-001/request bytes=24287 forwarded=1
1786024466.699705 publish topic=ipi/airspan-followup-c2-rep2/latency/veh-001/ack bytes=240 forwarded=1
1786024466.949805 publish topic=ipi/airspan-followup-c2-rep2/latency/veh-001/request bytes=24287 forwarded=1
1786024466.950465 publish topic=ipi/airspan-followup-c2-rep2/latency/veh-001/ack bytes=240 forwarded=1
1786024467.220305 publish topic=ipi/airspan-followup-c2-rep2/latency/veh-001/request bytes=24287 forwarded=1
1786024467.221068 publish topic=ipi/airspan-followup-c2-rep2/latency/veh-001/ack bytes=240 forwarded=1
1786024467.480660 publish topic=ipi/airspan-followup-c2-rep2/latency/veh-001/request bytes=24287 forwarded=1
1786024467.481633 publish topic=ipi/airspan-followup-c2-rep2/latency/veh-001/ack bytes=240 forwarded=1
1786024467.730999 publish topic=ipi/airspan-followup-c2-rep2/latency/veh-001/request bytes=24287 forwarded=1
1786024467.731749 publish topic=ipi/airspan-followup-c2-rep2/latency/veh-001/ack bytes=240 forwarded=1
1786024467.971213 publish topic=ipi/airspan-followup-c2-rep2/latency/veh-001/request bytes=24287 forwarded=1
1786024467.971882 publish topic=ipi/airspan-followup-c2-rep2/latency/veh-001/ack bytes=240 forwarded=1
1786024468.211686 publish topic=ipi/airspan-followup-c2-rep2/latency/veh-001/request bytes=24287 forwarded=1
1786024468.212330 publish topic=ipi/airspan-followup-c2-rep2/latency/veh-001/ack bytes=240 forwarded=1
1786024468.452138 publish topic=ipi/airspan-followup-c2-rep2/latency/veh-001/request bytes=24287 forwarded=1
1786024468.452849 publish topic=ipi/airspan-followup-c2-rep2/latency/veh-001/ack bytes=240 forwarded=1
1786024468.482332 close ('<car-5g-host>', 44272) disconnect
