emitter_role,emit_time_ns,run_id,condition_id,condition_label,service_type,transport,av_id,obu_id,rsu_id,request_id,session_id,intersection_id,source_id,sequence,network_load_level,qos_profile,mobility_state,clock_sync_state,accepted,service_success,vehicle_outcome_name,vehicle_outcome_value,vehicle_outcome_unit,frame_type,payload_bytes,client_send_ns,server_receive_ns,server_send_ns,client_receive_ns,rtt_ms,uplink_ms,server_ms,downlink_ms,detail
5g-receiver,1786032134822335929,edge4av-real-20260806-airspan-followup-run-1,c4-rep2-mqtt,airspan-followup-70-20-10,guided-planning,mqtt,,veh-003,rsu-1,c4-rep2-mqtt-veh-003-1,ipi-session-1,airspan-followup-c4-rep2,veh-003,1,100-clients,default,stationary,unsynced,true,true,payload_bytes,1024,bytes,IPI-CooperativeService,1097,1786032308645776410,1786032134822298830,1786032134822335929,,,,,,"CooperativeService{guidedPlanning, status=request, vehicleId=0x7665682d303033, requestedHorizonMs=2500, confidence=100, planning.waypoints=1, offloadTaskId=probe-1, offloadPayload=1024 bytes}"
5g-receiver,1786032135184052037,edge4av-real-20260806-airspan-followup-run-1,c4-rep2-mqtt,airspan-followup-70-20-10,guided-planning,mqtt,,veh-003,rsu-1,c4-rep2-mqtt-veh-003-2,ipi-session-1,airspan-followup-c4-rep2,veh-003,2,100-clients,default,stationary,unsynced,true,true,payload_bytes,1024,bytes,IPI-CooperativeService,1097,1786032308977777395,1786032135183978659,1786032135184052037,,,,,,"CooperativeService{guidedPlanning, status=request, vehicleId=0x7665682d303033, requestedHorizonMs=2500, confidence=100, planning.waypoints=1, offloadTaskId=probe-2, offloadPayload=1024 bytes}"
5g-receiver,1786032135545101783,edge4av-real-20260806-airspan-followup-run-1,c4-rep2-mqtt,airspan-followup-70-20-10,guided-planning,mqtt,,veh-003,rsu-1,c4-rep2-mqtt-veh-003-3,ipi-session-1,airspan-followup-c4-rep2,veh-003,3,100-clients,default,stationary,unsynced,true,true,payload_bytes,1024,bytes,IPI-CooperativeService,1097,1786032309337647303,1786032135545028419,1786032135545101783,,,,,,"CooperativeService{guidedPlanning, status=request, vehicleId=0x7665682d303033, requestedHorizonMs=2500, confidence=100, planning.waypoints=1, offloadTaskId=probe-3, offloadPayload=1024 bytes}"
5g-receiver,1786032136206647856,edge4av-real-20260806-airspan-followup-run-1,c4-rep2-mqtt,airspan-followup-70-20-10,guided-planning,mqtt,,veh-003,rsu-1,c4-rep2-mqtt-veh-003-4,ipi-session-1,airspan-followup-c4-rep2,veh-003,4,100-clients,default,stationary,unsynced,true,true,payload_bytes,1024,bytes,IPI-CooperativeService,1097,1786032309699646410,1786032136206599577,1786032136206647856,,,,,,"CooperativeService{guidedPlanning, status=request, vehicleId=0x7665682d303033, requestedHorizonMs=2500, confidence=100, planning.waypoints=1, offloadTaskId=probe-4, offloadPayload=1024 bytes}"
5g-receiver,1786032136566217616,edge4av-real-20260806-airspan-followup-run-1,c4-rep2-mqtt,airspan-followup-70-20-10,guided-planning,mqtt,,veh-003,rsu-1,c4-rep2-mqtt-veh-003-5,ipi-session-1,airspan-followup-c4-rep2,veh-003,5,100-clients,default,stationary,unsynced,true,true,payload_bytes,1024,bytes,IPI-CooperativeService,1097,1786032310359858791,1786032136566196435,1786032136566217616,,,,,,"CooperativeService{guidedPlanning, status=request, vehicleId=0x7665682d303033, requestedHorizonMs=2500, confidence=100, planning.waypoints=1, offloadTaskId=probe-5, offloadPayload=1024 bytes}"
5g-receiver,1786032136937429833,edge4av-real-20260806-airspan-followup-run-1,c4-rep2-mqtt,airspan-followup-70-20-10,guided-planning,mqtt,,veh-003,rsu-1,c4-rep2-mqtt-veh-003-6,ipi-session-1,airspan-followup-c4-rep2,veh-003,6,100-clients,default,stationary,unsynced,true,true,payload_bytes,1024,bytes,IPI-CooperativeService,1097,1786032310719744692,1786032136937386393,1786032136937429833,,,,,,"CooperativeService{guidedPlanning, status=request, vehicleId=0x7665682d303033, requestedHorizonMs=2500, confidence=100, planning.waypoints=1, offloadTaskId=probe-6, offloadPayload=1024 bytes}"
5g-receiver,1786032137297571203,edge4av-real-20260806-airspan-followup-run-1,c4-rep2-mqtt,airspan-followup-70-20-10,guided-planning,mqtt,,veh-003,rsu-1,c4-rep2-mqtt-veh-003-7,ipi-session-1,airspan-followup-c4-rep2,veh-003,7,100-clients,default,stationary,unsynced,true,true,payload_bytes,1024,bytes,IPI-CooperativeService,1097,1786032311090981805,1786032137297503111,1786032137297571203,,,,,,"CooperativeService{guidedPlanning, status=request, vehicleId=0x7665682d303033, requestedHorizonMs=2500, confidence=100, planning.waypoints=1, offloadTaskId=probe-7, offloadPayload=1024 bytes}"
5g-receiver,1786032137657860614,edge4av-real-20260806-airspan-followup-run-1,c4-rep2-mqtt,airspan-followup-70-20-10,guided-planning,mqtt,,veh-003,rsu-1,c4-rep2-mqtt-veh-003-8,ipi-session-1,airspan-followup-c4-rep2,veh-003,8,100-clients,default,stationary,unsynced,true,true,payload_bytes,1024,bytes,IPI-CooperativeService,1097,1786032311450914753,1786032137657838706,1786032137657860614,,,,,,"CooperativeService{guidedPlanning, status=request, vehicleId=0x7665682d303033, requestedHorizonMs=2500, confidence=100, planning.waypoints=1, offloadTaskId=probe-8, offloadPayload=1024 bytes}"
5g-receiver,1786032137989851232,edge4av-real-20260806-airspan-followup-run-1,c4-rep2-mqtt,airspan-followup-70-20-10,guided-planning,mqtt,,veh-003,rsu-1,c4-rep2-mqtt-veh-003-9,ipi-session-1,airspan-followup-c4-rep2,veh-003,9,100-clients,default,stationary,unsynced,true,true,payload_bytes,1024,bytes,IPI-CooperativeService,1097,1786032311818694617,1786032137989798228,1786032137989851232,,,,,,"CooperativeService{guidedPlanning, status=request, vehicleId=0x7665682d303033, requestedHorizonMs=2500, confidence=100, planning.waypoints=1, offloadTaskId=probe-9, offloadPayload=1024 bytes}"
5g-receiver,1786032138258886990,edge4av-real-20260806-airspan-followup-run-1,c4-rep2-mqtt,airspan-followup-70-20-10,guided-planning,mqtt,,veh-003,rsu-1,c4-rep2-mqtt-veh-003-10,ipi-session-1,airspan-followup-c4-rep2,veh-003,10,100-clients,default,stationary,unsynced,true,true,payload_bytes,1024,bytes,IPI-CooperativeService,1098,1786032312141340539,1786032138258871654,1786032138258886990,,,,,,"CooperativeService{guidedPlanning, status=request, vehicleId=0x7665682d303033, requestedHorizonMs=2500, confidence=100, planning.waypoints=1, offloadTaskId=probe-10, offloadPayload=1024 bytes}"
5g-receiver,1786032138579287872,edge4av-real-20260806-airspan-followup-run-1,c4-rep2-mqtt,airspan-followup-70-20-10,guided-planning,mqtt,,veh-003,rsu-1,c4-rep2-mqtt-veh-003-11,ipi-session-1,airspan-followup-c4-rep2,veh-003,11,100-clients,default,stationary,unsynced,true,true,payload_bytes,1024,bytes,IPI-CooperativeService,1098,1786032312413735244,1786032138579219075,1786032138579287872,,,,,,"CooperativeService{guidedPlanning, status=request, vehicleId=0x7665682d303033, requestedHorizonMs=2500, confidence=100, planning.waypoints=1, offloadTaskId=probe-11, offloadPayload=1024 bytes}"
5g-receiver,1786032138911962937,edge4av-real-20260806-airspan-followup-run-1,c4-rep2-mqtt,airspan-followup-70-20-10,guided-planning,mqtt,,veh-003,rsu-1,c4-rep2-mqtt-veh-003-12,ipi-session-1,airspan-followup-c4-rep2,veh-003,12,100-clients,default,stationary,unsynced,true,true,payload_bytes,1024,bytes,IPI-CooperativeService,1098,1786032312733633051,1786032138911919417,1786032138911962937,,,,,,"CooperativeService{guidedPlanning, status=request, vehicleId=0x7665682d303033, requestedHorizonMs=2500, confidence=100, planning.waypoints=1, offloadTaskId=probe-12, offloadPayload=1024 bytes}"
5g-receiver,1786032139211112721,edge4av-real-20260806-airspan-followup-run-1,c4-rep2-mqtt,airspan-followup-70-20-10,guided-planning,mqtt,,veh-003,rsu-1,c4-rep2-mqtt-veh-003-13,ipi-session-1,airspan-followup-c4-rep2,veh-003,13,100-clients,default,stationary,unsynced,true,true,payload_bytes,1024,bytes,IPI-CooperativeService,1098,1786032313067674344,1786032139211081081,1786032139211112721,,,,,,"CooperativeService{guidedPlanning, status=request, vehicleId=0x7665682d303033, requestedHorizonMs=2500, confidence=100, planning.waypoints=1, offloadTaskId=probe-13, offloadPayload=1024 bytes}"
5g-receiver,1786032139573830631,edge4av-real-20260806-airspan-followup-run-1,c4-rep2-mqtt,airspan-followup-70-20-10,guided-planning,mqtt,,veh-003,rsu-1,c4-rep2-mqtt-veh-003-14,ipi-session-1,airspan-followup-c4-rep2,veh-003,14,100-clients,default,stationary,unsynced,true,true,payload_bytes,1024,bytes,IPI-CooperativeService,1098,1786032313365625915,1786032139573766073,1786032139573830631,,,,,,"CooperativeService{guidedPlanning, status=request, vehicleId=0x7665682d303033, requestedHorizonMs=2500, confidence=100, planning.waypoints=1, offloadTaskId=probe-14, offloadPayload=1024 bytes}"
5g-receiver,1786032139881684758,edge4av-real-20260806-airspan-followup-run-1,c4-rep2-mqtt,airspan-followup-70-20-10,guided-planning,mqtt,,veh-003,rsu-1,c4-rep2-mqtt-veh-003-15,ipi-session-1,airspan-followup-c4-rep2,veh-003,15,100-clients,default,stationary,unsynced,true,true,payload_bytes,1024,bytes,IPI-CooperativeService,1098,1786032313731747147,1786032139881672559,1786032139881684758,,,,,,"CooperativeService{guidedPlanning, status=request, vehicleId=0x7665682d303033, requestedHorizonMs=2500, confidence=100, planning.waypoints=1, offloadTaskId=probe-15, offloadPayload=1024 bytes}"
5g-receiver,1786032140202923858,edge4av-real-20260806-airspan-followup-run-1,c4-rep2-mqtt,airspan-followup-70-20-10,guided-planning,mqtt,,veh-003,rsu-1,c4-rep2-mqtt-veh-003-16,ipi-session-1,airspan-followup-c4-rep2,veh-003,16,100-clients,default,stationary,unsynced,true,true,payload_bytes,1024,bytes,IPI-CooperativeService,1098,1786032314039678455,1786032140202879599,1786032140202923858,,,,,,"CooperativeService{guidedPlanning, status=request, vehicleId=0x7665682d303033, requestedHorizonMs=2500, confidence=100, planning.waypoints=1, offloadTaskId=probe-16, offloadPayload=1024 bytes}"
5g-receiver,1786032140503253871,edge4av-real-20260806-airspan-followup-run-1,c4-rep2-mqtt,airspan-followup-70-20-10,guided-planning,mqtt,,veh-003,rsu-1,c4-rep2-mqtt-veh-003-17,ipi-session-1,airspan-followup-c4-rep2,veh-003,17,100-clients,default,stationary,unsynced,true,true,payload_bytes,1024,bytes,IPI-CooperativeService,1098,1786032314359826597,1786032140503230588,1786032140503253871,,,,,,"CooperativeService{guidedPlanning, status=request, vehicleId=0x7665682d303033, requestedHorizonMs=2500, confidence=100, planning.waypoints=1, offloadTaskId=probe-17, offloadPayload=1024 bytes}"
5g-receiver,1786032140833921758,edge4av-real-20260806-airspan-followup-run-1,c4-rep2-mqtt,airspan-followup-70-20-10,guided-planning,mqtt,,veh-003,rsu-1,c4-rep2-mqtt-veh-003-18,ipi-session-1,airspan-followup-c4-rep2,veh-003,18,100-clients,default,stationary,unsynced,true,true,payload_bytes,1024,bytes,IPI-CooperativeService,1098,1786032314657959913,1786032140833877543,1786032140833921758,,,,,,"CooperativeService{guidedPlanning, status=request, vehicleId=0x7665682d303033, requestedHorizonMs=2500, confidence=100, planning.waypoints=1, offloadTaskId=probe-18, offloadPayload=1024 bytes}"
5g-receiver,1786032141194433038,edge4av-real-20260806-airspan-followup-run-1,c4-rep2-mqtt,airspan-followup-70-20-10,guided-planning,mqtt,,veh-003,rsu-1,c4-rep2-mqtt-veh-003-19,ipi-session-1,airspan-followup-c4-rep2,veh-003,19,100-clients,default,stationary,unsynced,true,true,payload_bytes,1024,bytes,IPI-CooperativeService,1098,1786032314992035730,1786032141194378553,1786032141194433038,,,,,,"CooperativeService{guidedPlanning, status=request, vehicleId=0x7665682d303033, requestedHorizonMs=2500, confidence=100, planning.waypoints=1, offloadTaskId=probe-19, offloadPayload=1024 bytes}"
5g-receiver,1786032141564577838,edge4av-real-20260806-airspan-followup-run-1,c4-rep2-mqtt,airspan-followup-70-20-10,guided-planning,mqtt,,veh-003,rsu-1,c4-rep2-mqtt-veh-003-20,ipi-session-1,airspan-followup-c4-rep2,veh-003,20,100-clients,default,stationary,unsynced,true,true,payload_bytes,1024,bytes,IPI-CooperativeService,1098,1786032315350401085,1786032141564548649,1786032141564577838,,,,,,"CooperativeService{guidedPlanning, status=request, vehicleId=0x7665682d303033, requestedHorizonMs=2500, confidence=100, planning.waypoints=1, offloadTaskId=probe-20, offloadPayload=1024 bytes}"
5g-receiver,1786032141935985739,edge4av-real-20260806-airspan-followup-run-1,c4-rep2-mqtt,airspan-followup-70-20-10,guided-planning,mqtt,,veh-003,rsu-1,c4-rep2-mqtt-veh-003-21,ipi-session-1,airspan-followup-c4-rep2,veh-003,21,100-clients,default,stationary,unsynced,true,true,payload_bytes,1024,bytes,IPI-CooperativeService,1098,1786032315721842756,1786032141935941612,1786032141935985739,,,,,,"CooperativeService{guidedPlanning, status=request, vehicleId=0x7665682d303033, requestedHorizonMs=2500, confidence=100, planning.waypoints=1, offloadTaskId=probe-21, offloadPayload=1024 bytes}"
5g-receiver,1786032142296298646,edge4av-real-20260806-airspan-followup-run-1,c4-rep2-mqtt,airspan-followup-70-20-10,guided-planning,mqtt,,veh-003,rsu-1,c4-rep2-mqtt-veh-003-22,ipi-session-1,airspan-followup-c4-rep2,veh-003,22,100-clients,default,stationary,unsynced,true,true,payload_bytes,1024,bytes,IPI-CooperativeService,1098,1786032316101664785,1786032142296276770,1786032142296298646,,,,,,"CooperativeService{guidedPlanning, status=request, vehicleId=0x7665682d303033, requestedHorizonMs=2500, confidence=100, planning.waypoints=1, offloadTaskId=probe-22, offloadPayload=1024 bytes}"
5g-receiver,1786032142667302650,edge4av-real-20260806-airspan-followup-run-1,c4-rep2-mqtt,airspan-followup-70-20-10,guided-planning,mqtt,,veh-003,rsu-1,c4-rep2-mqtt-veh-003-23,ipi-session-1,airspan-followup-c4-rep2,veh-003,23,100-clients,default,stationary,unsynced,true,true,payload_bytes,1024,bytes,IPI-CooperativeService,1098,1786032316455831667,1786032142667259092,1786032142667302650,,,,,,"CooperativeService{guidedPlanning, status=request, vehicleId=0x7665682d303033, requestedHorizonMs=2500, confidence=100, planning.waypoints=1, offloadTaskId=probe-23, offloadPayload=1024 bytes}"
5g-receiver,1786032143028433647,edge4av-real-20260806-airspan-followup-run-1,c4-rep2-mqtt,airspan-followup-70-20-10,guided-planning,mqtt,,veh-003,rsu-1,c4-rep2-mqtt-veh-003-24,ipi-session-1,airspan-followup-c4-rep2,veh-003,24,100-clients,default,stationary,unsynced,true,true,payload_bytes,1024,bytes,IPI-CooperativeService,1098,1786032316825823174,1786032143028358018,1786032143028433647,,,,,,"CooperativeService{guidedPlanning, status=request, vehicleId=0x7665682d303033, requestedHorizonMs=2500, confidence=100, planning.waypoints=1, offloadTaskId=probe-24, offloadPayload=1024 bytes}"
5g-receiver,1786032143398391844,edge4av-real-20260806-airspan-followup-run-1,c4-rep2-mqtt,airspan-followup-70-20-10,guided-planning,mqtt,,veh-003,rsu-1,c4-rep2-mqtt-veh-003-25,ipi-session-1,airspan-followup-c4-rep2,veh-003,25,100-clients,default,stationary,unsynced,true,true,payload_bytes,1024,bytes,IPI-CooperativeService,1098,1786032317183820072,1786032143398372298,1786032143398391844,,,,,,"CooperativeService{guidedPlanning, status=request, vehicleId=0x7665682d303033, requestedHorizonMs=2500, confidence=100, planning.waypoints=1, offloadTaskId=probe-25, offloadPayload=1024 bytes}"
5g-receiver,1786032143780800037,edge4av-real-20260806-airspan-followup-run-1,c4-rep2-mqtt,airspan-followup-70-20-10,guided-planning,mqtt,,veh-003,rsu-1,c4-rep2-mqtt-veh-003-26,ipi-session-1,airspan-followup-c4-rep2,veh-003,26,100-clients,default,stationary,unsynced,true,true,payload_bytes,1024,bytes,IPI-CooperativeService,1098,1786032317553930067,1786032143780754785,1786032143780800037,,,,,,"CooperativeService{guidedPlanning, status=request, vehicleId=0x7665682d303033, requestedHorizonMs=2500, confidence=100, planning.waypoints=1, offloadTaskId=probe-26, offloadPayload=1024 bytes}"
5g-receiver,1786032144161025000,edge4av-real-20260806-airspan-followup-run-1,c4-rep2-mqtt,airspan-followup-70-20-10,guided-planning,mqtt,,veh-003,rsu-1,c4-rep2-mqtt-veh-003-27,ipi-session-1,airspan-followup-c4-rep2,veh-003,27,100-clients,default,stationary,unsynced,true,true,payload_bytes,1024,bytes,IPI-CooperativeService,1098,1786032317939673246,1786032144160967134,1786032144161025000,,,,,,"CooperativeService{guidedPlanning, status=request, vehicleId=0x7665682d303033, requestedHorizonMs=2500, confidence=100, planning.waypoints=1, offloadTaskId=probe-27, offloadPayload=1024 bytes}"
5g-receiver,1786032144481927372,edge4av-real-20260806-airspan-followup-run-1,c4-rep2-mqtt,airspan-followup-70-20-10,guided-planning,mqtt,,veh-003,rsu-1,c4-rep2-mqtt-veh-003-28,ipi-session-1,airspan-followup-c4-rep2,veh-003,28,100-clients,default,stationary,unsynced,true,true,payload_bytes,1024,bytes,IPI-CooperativeService,1098,1786032318319647704,1786032144481882485,1786032144481927372,,,,,,"CooperativeService{guidedPlanning, status=request, vehicleId=0x7665682d303033, requestedHorizonMs=2500, confidence=100, planning.waypoints=1, offloadTaskId=probe-28, offloadPayload=1024 bytes}"
5g-receiver,1786032144821120793,edge4av-real-20260806-airspan-followup-run-1,c4-rep2-mqtt,airspan-followup-70-20-10,guided-planning,mqtt,,veh-003,rsu-1,c4-rep2-mqtt-veh-003-29,ipi-session-1,airspan-followup-c4-rep2,veh-003,29,100-clients,default,stationary,unsynced,true,true,payload_bytes,1024,bytes,IPI-CooperativeService,1098,1786032318637728000,1786032144821061008,1786032144821120793,,,,,,"CooperativeService{guidedPlanning, status=request, vehicleId=0x7665682d303033, requestedHorizonMs=2500, confidence=100, planning.waypoints=1, offloadTaskId=probe-29, offloadPayload=1024 bytes}"
5g-receiver,1786032145192078279,edge4av-real-20260806-airspan-followup-run-1,c4-rep2-mqtt,airspan-followup-70-20-10,guided-planning,mqtt,,veh-003,rsu-1,c4-rep2-mqtt-veh-003-30,ipi-session-1,airspan-followup-c4-rep2,veh-003,30,100-clients,default,stationary,unsynced,true,true,payload_bytes,1024,bytes,IPI-CooperativeService,1098,1786032318981850546,1786032145192021595,1786032145192078279,,,,,,"CooperativeService{guidedPlanning, status=request, vehicleId=0x7665682d303033, requestedHorizonMs=2500, confidence=100, planning.waypoints=1, offloadTaskId=probe-30, offloadPayload=1024 bytes}"
5g-receiver,1786032145552737183,edge4av-real-20260806-airspan-followup-run-1,c4-rep2-mqtt,airspan-followup-70-20-10,guided-planning,mqtt,,veh-003,rsu-1,c4-rep2-mqtt-veh-003-31,ipi-session-1,airspan-followup-c4-rep2,veh-003,31,100-clients,default,stationary,unsynced,true,true,payload_bytes,1024,bytes,IPI-CooperativeService,1098,1786032319351763098,1786032145552685741,1786032145552737183,,,,,,"CooperativeService{guidedPlanning, status=request, vehicleId=0x7665682d303033, requestedHorizonMs=2500, confidence=100, planning.waypoints=1, offloadTaskId=probe-31, offloadPayload=1024 bytes}"
5g-receiver,1786032145913174609,edge4av-real-20260806-airspan-followup-run-1,c4-rep2-mqtt,airspan-followup-70-20-10,guided-planning,mqtt,,veh-003,rsu-1,c4-rep2-mqtt-veh-003-32,ipi-session-1,airspan-followup-c4-rep2,veh-003,32,100-clients,default,stationary,unsynced,true,true,payload_bytes,1024,bytes,IPI-CooperativeService,1098,1786032319707768195,1786032145913130305,1786032145913174609,,,,,,"CooperativeService{guidedPlanning, status=request, vehicleId=0x7665682d303033, requestedHorizonMs=2500, confidence=100, planning.waypoints=1, offloadTaskId=probe-32, offloadPayload=1024 bytes}"
5g-receiver,1786032146283982347,edge4av-real-20260806-airspan-followup-run-1,c4-rep2-mqtt,airspan-followup-70-20-10,guided-planning,mqtt,,veh-003,rsu-1,c4-rep2-mqtt-veh-003-33,ipi-session-1,airspan-followup-c4-rep2,veh-003,33,100-clients,default,stationary,unsynced,true,true,payload_bytes,1024,bytes,IPI-CooperativeService,1098,1786032320069803336,1786032146283929182,1786032146283982347,,,,,,"CooperativeService{guidedPlanning, status=request, vehicleId=0x7665682d303033, requestedHorizonMs=2500, confidence=100, planning.waypoints=1, offloadTaskId=probe-33, offloadPayload=1024 bytes}"
5g-receiver,1786032146634927245,edge4av-real-20260806-airspan-followup-run-1,c4-rep2-mqtt,airspan-followup-70-20-10,guided-planning,mqtt,,veh-003,rsu-1,c4-rep2-mqtt-veh-003-34,ipi-session-1,airspan-followup-c4-rep2,veh-003,34,100-clients,default,stationary,unsynced,true,true,payload_bytes,1024,bytes,IPI-CooperativeService,1098,1786032320437344744,1786032146634882735,1786032146634927245,,,,,,"CooperativeService{guidedPlanning, status=request, vehicleId=0x7665682d303033, requestedHorizonMs=2500, confidence=100, planning.waypoints=1, offloadTaskId=probe-34, offloadPayload=1024 bytes}"
5g-receiver,1786032146964338732,edge4av-real-20260806-airspan-followup-run-1,c4-rep2-mqtt,airspan-followup-70-20-10,guided-planning,mqtt,,veh-003,rsu-1,c4-rep2-mqtt-veh-003-35,ipi-session-1,airspan-followup-c4-rep2,veh-003,35,100-clients,default,stationary,unsynced,true,true,payload_bytes,1024,bytes,IPI-CooperativeService,1098,1786032320795643655,1786032146964306878,1786032146964338732,,,,,,"CooperativeService{guidedPlanning, status=request, vehicleId=0x7665682d303033, requestedHorizonMs=2500, confidence=100, planning.waypoints=1, offloadTaskId=probe-35, offloadPayload=1024 bytes}"
5g-receiver,1786032147334554528,edge4av-real-20260806-airspan-followup-run-1,c4-rep2-mqtt,airspan-followup-70-20-10,guided-planning,mqtt,,veh-003,rsu-1,c4-rep2-mqtt-veh-003-36,ipi-session-1,airspan-followup-c4-rep2,veh-003,36,100-clients,default,stationary,unsynced,true,true,payload_bytes,1024,bytes,IPI-CooperativeService,1098,1786032321116337048,1786032147334530582,1786032147334554528,,,,,,"CooperativeService{guidedPlanning, status=request, vehicleId=0x7665682d303033, requestedHorizonMs=2500, confidence=100, planning.waypoints=1, offloadTaskId=probe-36, offloadPayload=1024 bytes}"
5g-receiver,1786032147705481283,edge4av-real-20260806-airspan-followup-run-1,c4-rep2-mqtt,airspan-followup-70-20-10,guided-planning,mqtt,,veh-003,rsu-1,c4-rep2-mqtt-veh-003-37,ipi-session-1,airspan-followup-c4-rep2,veh-003,37,100-clients,default,stationary,unsynced,true,true,payload_bytes,1024,bytes,IPI-CooperativeService,1098,1786032321491588329,1786032147705437063,1786032147705481283,,,,,,"CooperativeService{guidedPlanning, status=request, vehicleId=0x7665682d303033, requestedHorizonMs=2500, confidence=100, planning.waypoints=1, offloadTaskId=probe-37, offloadPayload=1024 bytes}"
5g-receiver,1786032148036276575,edge4av-real-20260806-airspan-followup-run-1,c4-rep2-mqtt,airspan-followup-70-20-10,guided-planning,mqtt,,veh-003,rsu-1,c4-rep2-mqtt-veh-003-38,ipi-session-1,airspan-followup-c4-rep2,veh-003,38,100-clients,default,stationary,unsynced,true,true,payload_bytes,1024,bytes,IPI-CooperativeService,1098,1786032321861679526,1786032148036211583,1786032148036276575,,,,,,"CooperativeService{guidedPlanning, status=request, vehicleId=0x7665682d303033, requestedHorizonMs=2500, confidence=100, planning.waypoints=1, offloadTaskId=probe-38, offloadPayload=1024 bytes}"
5g-receiver,1786032148377913713,edge4av-real-20260806-airspan-followup-run-1,c4-rep2-mqtt,airspan-followup-70-20-10,guided-planning,mqtt,,veh-003,rsu-1,c4-rep2-mqtt-veh-003-39,ipi-session-1,airspan-followup-c4-rep2,veh-003,39,100-clients,default,stationary,unsynced,true,true,payload_bytes,1024,bytes,IPI-CooperativeService,1098,1786032322191826103,1786032148377869546,1786032148377913713,,,,,,"CooperativeService{guidedPlanning, status=request, vehicleId=0x7665682d303033, requestedHorizonMs=2500, confidence=100, planning.waypoints=1, offloadTaskId=probe-39, offloadPayload=1024 bytes}"
5g-receiver,1786032148707752719,edge4av-real-20260806-airspan-followup-run-1,c4-rep2-mqtt,airspan-followup-70-20-10,guided-planning,mqtt,,veh-003,rsu-1,c4-rep2-mqtt-veh-003-40,ipi-session-1,airspan-followup-c4-rep2,veh-003,40,100-clients,default,stationary,unsynced,true,true,payload_bytes,1024,bytes,IPI-CooperativeService,1098,1786032322534650722,1786032148707708189,1786032148707752719,,,,,,"CooperativeService{guidedPlanning, status=request, vehicleId=0x7665682d303033, requestedHorizonMs=2500, confidence=100, planning.waypoints=1, offloadTaskId=probe-40, offloadPayload=1024 bytes}"
5g-receiver,1786032149048183527,edge4av-real-20260806-airspan-followup-run-1,c4-rep2-mqtt,airspan-followup-70-20-10,guided-planning,mqtt,,veh-003,rsu-1,c4-rep2-mqtt-veh-003-41,ipi-session-1,airspan-followup-c4-rep2,veh-003,41,100-clients,default,stationary,unsynced,true,true,payload_bytes,1024,bytes,IPI-CooperativeService,1098,1786032322861734606,1786032149048127021,1786032149048183527,,,,,,"CooperativeService{guidedPlanning, status=request, vehicleId=0x7665682d303033, requestedHorizonMs=2500, confidence=100, planning.waypoints=1, offloadTaskId=probe-41, offloadPayload=1024 bytes}"
5g-receiver,1786032149419000485,edge4av-real-20260806-airspan-followup-run-1,c4-rep2-mqtt,airspan-followup-70-20-10,guided-planning,mqtt,,veh-003,rsu-1,c4-rep2-mqtt-veh-003-42,ipi-session-1,airspan-followup-c4-rep2,veh-003,42,100-clients,default,stationary,unsynced,true,true,payload_bytes,1024,bytes,IPI-CooperativeService,1098,1786032323207632027,1786032149418947940,1786032149419000485,,,,,,"CooperativeService{guidedPlanning, status=request, vehicleId=0x7665682d303033, requestedHorizonMs=2500, confidence=100, planning.waypoints=1, offloadTaskId=probe-42, offloadPayload=1024 bytes}"
5g-receiver,1786032149739330842,edge4av-real-20260806-airspan-followup-run-1,c4-rep2-mqtt,airspan-followup-70-20-10,guided-planning,mqtt,,veh-003,rsu-1,c4-rep2-mqtt-veh-003-43,ipi-session-1,airspan-followup-c4-rep2,veh-003,43,100-clients,default,stationary,unsynced,true,true,payload_bytes,1024,bytes,IPI-CooperativeService,1098,1786032323575734385,1786032149739278393,1786032149739330842,,,,,,"CooperativeService{guidedPlanning, status=request, vehicleId=0x7665682d303033, requestedHorizonMs=2500, confidence=100, planning.waypoints=1, offloadTaskId=probe-43, offloadPayload=1024 bytes}"
5g-receiver,1786032150421921299,edge4av-real-20260806-airspan-followup-run-1,c4-rep2-mqtt,airspan-followup-70-20-10,guided-planning,mqtt,,veh-003,rsu-1,c4-rep2-mqtt-veh-003-44,ipi-session-1,airspan-followup-c4-rep2,veh-003,44,100-clients,default,stationary,unsynced,true,true,payload_bytes,1024,bytes,IPI-CooperativeService,1098,1786032323893963861,1786032150421859731,1786032150421921299,,,,,,"CooperativeService{guidedPlanning, status=request, vehicleId=0x7665682d303033, requestedHorizonMs=2500, confidence=100, planning.waypoints=1, offloadTaskId=probe-44, offloadPayload=1024 bytes}"
5g-receiver,1786032150742919342,edge4av-real-20260806-airspan-followup-run-1,c4-rep2-mqtt,airspan-followup-70-20-10,guided-planning,mqtt,,veh-003,rsu-1,c4-rep2-mqtt-veh-003-45,ipi-session-1,airspan-followup-c4-rep2,veh-003,45,100-clients,default,stationary,unsynced,true,true,payload_bytes,1024,bytes,IPI-CooperativeService,1098,1786032324579636416,1786032150742864494,1786032150742919342,,,,,,"CooperativeService{guidedPlanning, status=request, vehicleId=0x7665682d303033, requestedHorizonMs=2500, confidence=100, planning.waypoints=1, offloadTaskId=probe-45, offloadPayload=1024 bytes}"
5g-receiver,1786032151122521373,edge4av-real-20260806-airspan-followup-run-1,c4-rep2-mqtt,airspan-followup-70-20-10,guided-planning,mqtt,,veh-003,rsu-1,c4-rep2-mqtt-veh-003-46,ipi-session-1,airspan-followup-c4-rep2,veh-003,46,100-clients,default,stationary,unsynced,true,true,payload_bytes,1024,bytes,IPI-CooperativeService,1098,1786032324897906266,1786032151122453333,1786032151122521373,,,,,,"CooperativeService{guidedPlanning, status=request, vehicleId=0x7665682d303033, requestedHorizonMs=2500, confidence=100, planning.waypoints=1, offloadTaskId=probe-46, offloadPayload=1024 bytes}"
5g-receiver,1786032151501986020,edge4av-real-20260806-airspan-followup-run-1,c4-rep2-mqtt,airspan-followup-70-20-10,guided-planning,mqtt,,veh-003,rsu-1,c4-rep2-mqtt-veh-003-47,ipi-session-1,airspan-followup-c4-rep2,veh-003,47,100-clients,default,stationary,unsynced,true,true,payload_bytes,1024,bytes,IPI-CooperativeService,1098,1786032325277860417,1786032151501947284,1786032151501986020,,,,,,"CooperativeService{guidedPlanning, status=request, vehicleId=0x7665682d303033, requestedHorizonMs=2500, confidence=100, planning.waypoints=1, offloadTaskId=probe-47, offloadPayload=1024 bytes}"
5g-receiver,1786032151872371527,edge4av-real-20260806-airspan-followup-run-1,c4-rep2-mqtt,airspan-followup-70-20-10,guided-planning,mqtt,,veh-003,rsu-1,c4-rep2-mqtt-veh-003-48,ipi-session-1,airspan-followup-c4-rep2,veh-003,48,100-clients,default,stationary,unsynced,true,true,payload_bytes,1024,bytes,IPI-CooperativeService,1098,1786032325659980145,1786032151872352177,1786032151872371527,,,,,,"CooperativeService{guidedPlanning, status=request, vehicleId=0x7665682d303033, requestedHorizonMs=2500, confidence=100, planning.waypoints=1, offloadTaskId=probe-48, offloadPayload=1024 bytes}"
5g-receiver,1786032152233738766,edge4av-real-20260806-airspan-followup-run-1,c4-rep2-mqtt,airspan-followup-70-20-10,guided-planning,mqtt,,veh-003,rsu-1,c4-rep2-mqtt-veh-003-49,ipi-session-1,airspan-followup-c4-rep2,veh-003,49,100-clients,default,stationary,unsynced,true,true,payload_bytes,1024,bytes,IPI-CooperativeService,1098,1786032326027743688,1786032152233720894,1786032152233738766,,,,,,"CooperativeService{guidedPlanning, status=request, vehicleId=0x7665682d303033, requestedHorizonMs=2500, confidence=100, planning.waypoints=1, offloadTaskId=probe-49, offloadPayload=1024 bytes}"
5g-receiver,1786032152603830816,edge4av-real-20260806-airspan-followup-run-1,c4-rep2-mqtt,airspan-followup-70-20-10,guided-planning,mqtt,,veh-003,rsu-1,c4-rep2-mqtt-veh-003-50,ipi-session-1,airspan-followup-c4-rep2,veh-003,50,100-clients,default,stationary,unsynced,true,true,payload_bytes,1024,bytes,IPI-CooperativeService,1098,1786032326387664606,1786032152603815861,1786032152603830816,,,,,,"CooperativeService{guidedPlanning, status=request, vehicleId=0x7665682d303033, requestedHorizonMs=2500, confidence=100, planning.waypoints=1, offloadTaskId=probe-50, offloadPayload=1024 bytes}"
5g-receiver,1786032152965123277,edge4av-real-20260806-airspan-followup-run-1,c4-rep2-mqtt,airspan-followup-70-20-10,guided-planning,mqtt,,veh-003,rsu-1,c4-rep2-mqtt-veh-003-51,ipi-session-1,airspan-followup-c4-rep2,veh-003,51,100-clients,default,stationary,unsynced,true,true,payload_bytes,1024,bytes,IPI-CooperativeService,1098,1786032326759814010,1786032152965055477,1786032152965123277,,,,,,"CooperativeService{guidedPlanning, status=request, vehicleId=0x7665682d303033, requestedHorizonMs=2500, confidence=100, planning.waypoints=1, offloadTaskId=probe-51, offloadPayload=1024 bytes}"
5g-receiver,1786032153335718659,edge4av-real-20260806-airspan-followup-run-1,c4-rep2-mqtt,airspan-followup-70-20-10,guided-planning,mqtt,,veh-003,rsu-1,c4-rep2-mqtt-veh-003-52,ipi-session-1,airspan-followup-c4-rep2,veh-003,52,100-clients,default,stationary,unsynced,true,true,payload_bytes,1024,bytes,IPI-CooperativeService,1098,1786032327125703897,1786032153335675135,1786032153335718659,,,,,,"CooperativeService{guidedPlanning, status=request, vehicleId=0x7665682d303033, requestedHorizonMs=2500, confidence=100, planning.waypoints=1, offloadTaskId=probe-52, offloadPayload=1024 bytes}"
5g-receiver,1786032153706370411,edge4av-real-20260806-airspan-followup-run-1,c4-rep2-mqtt,airspan-followup-70-20-10,guided-planning,mqtt,,veh-003,rsu-1,c4-rep2-mqtt-veh-003-53,ipi-session-1,airspan-followup-c4-rep2,veh-003,53,100-clients,default,stationary,unsynced,true,true,payload_bytes,1024,bytes,IPI-CooperativeService,1098,1786032327497257238,1786032153706311666,1786032153706370411,,,,,,"CooperativeService{guidedPlanning, status=request, vehicleId=0x7665682d303033, requestedHorizonMs=2500, confidence=100, planning.waypoints=1, offloadTaskId=probe-53, offloadPayload=1024 bytes}"
5g-receiver,1786032154075971108,edge4av-real-20260806-airspan-followup-run-1,c4-rep2-mqtt,airspan-followup-70-20-10,guided-planning,mqtt,,veh-003,rsu-1,c4-rep2-mqtt-veh-003-54,ipi-session-1,airspan-followup-c4-rep2,veh-003,54,100-clients,default,stationary,unsynced,true,true,payload_bytes,1024,bytes,IPI-CooperativeService,1098,1786032327863883853,1786032154075941278,1786032154075971108,,,,,,"CooperativeService{guidedPlanning, status=request, vehicleId=0x7665682d303033, requestedHorizonMs=2500, confidence=100, planning.waypoints=1, offloadTaskId=probe-54, offloadPayload=1024 bytes}"
5g-receiver,1786032154447722856,edge4av-real-20260806-airspan-followup-run-1,c4-rep2-mqtt,airspan-followup-70-20-10,guided-planning,mqtt,,veh-003,rsu-1,c4-rep2-mqtt-veh-003-55,ipi-session-1,airspan-followup-c4-rep2,veh-003,55,100-clients,default,stationary,unsynced,true,true,payload_bytes,1024,bytes,IPI-CooperativeService,1098,1786032328236110884,1786032154447678365,1786032154447722856,,,,,,"CooperativeService{guidedPlanning, status=request, vehicleId=0x7665682d303033, requestedHorizonMs=2500, confidence=100, planning.waypoints=1, offloadTaskId=probe-55, offloadPayload=1024 bytes}"
5g-receiver,1786032154778563749,edge4av-real-20260806-airspan-followup-run-1,c4-rep2-mqtt,airspan-followup-70-20-10,guided-planning,mqtt,,veh-003,rsu-1,c4-rep2-mqtt-veh-003-56,ipi-session-1,airspan-followup-c4-rep2,veh-003,56,100-clients,default,stationary,unsynced,true,true,payload_bytes,1024,bytes,IPI-CooperativeService,1098,1786032328600908984,1786032154778495541,1786032154778563749,,,,,,"CooperativeService{guidedPlanning, status=request, vehicleId=0x7665682d303033, requestedHorizonMs=2500, confidence=100, planning.waypoints=1, offloadTaskId=probe-56, offloadPayload=1024 bytes}"
5g-receiver,1786032155159343735,edge4av-real-20260806-airspan-followup-run-1,c4-rep2-mqtt,airspan-followup-70-20-10,guided-planning,mqtt,,veh-003,rsu-1,c4-rep2-mqtt-veh-003-57,ipi-session-1,airspan-followup-c4-rep2,veh-003,57,100-clients,default,stationary,unsynced,true,true,payload_bytes,1024,bytes,IPI-CooperativeService,1098,1786032328935811667,1786032155159285427,1786032155159343735,,,,,,"CooperativeService{guidedPlanning, status=request, vehicleId=0x7665682d303033, requestedHorizonMs=2500, confidence=100, planning.waypoints=1, offloadTaskId=probe-57, offloadPayload=1024 bytes}"
5g-receiver,1786032155530134335,edge4av-real-20260806-airspan-followup-run-1,c4-rep2-mqtt,airspan-followup-70-20-10,guided-planning,mqtt,,veh-003,rsu-1,c4-rep2-mqtt-veh-003-58,ipi-session-1,airspan-followup-c4-rep2,veh-003,58,100-clients,default,stationary,unsynced,true,true,payload_bytes,1024,bytes,IPI-CooperativeService,1098,1786032329315816031,1786032155530075033,1786032155530134335,,,,,,"CooperativeService{guidedPlanning, status=request, vehicleId=0x7665682d303033, requestedHorizonMs=2500, confidence=100, planning.waypoints=1, offloadTaskId=probe-58, offloadPayload=1024 bytes}"
5g-receiver,1786032156271586024,edge4av-real-20260806-airspan-followup-run-1,c4-rep2-mqtt,airspan-followup-70-20-10,guided-planning,mqtt,,veh-003,rsu-1,c4-rep2-mqtt-veh-003-59,ipi-session-1,airspan-followup-c4-rep2,veh-003,59,100-clients,default,stationary,unsynced,true,true,payload_bytes,1024,bytes,IPI-CooperativeService,1098,1786032329685738658,1786032156271527959,1786032156271586024,,,,,,"CooperativeService{guidedPlanning, status=request, vehicleId=0x7665682d303033, requestedHorizonMs=2500, confidence=100, planning.waypoints=1, offloadTaskId=probe-59, offloadPayload=1024 bytes}"
5g-receiver,1786032156620453695,edge4av-real-20260806-airspan-followup-run-1,c4-rep2-mqtt,airspan-followup-70-20-10,guided-planning,mqtt,,veh-003,rsu-1,c4-rep2-mqtt-veh-003-60,ipi-session-1,airspan-followup-c4-rep2,veh-003,60,100-clients,default,stationary,unsynced,true,true,payload_bytes,1024,bytes,IPI-CooperativeService,1098,1786032330429782548,1786032156620388232,1786032156620453695,,,,,,"CooperativeService{guidedPlanning, status=request, vehicleId=0x7665682d303033, requestedHorizonMs=2500, confidence=100, planning.waypoints=1, offloadTaskId=probe-60, offloadPayload=1024 bytes}"
5g-receiver,1786032156980689751,edge4av-real-20260806-airspan-followup-run-1,c4-rep2-mqtt,airspan-followup-70-20-10,guided-planning,mqtt,,veh-003,rsu-1,c4-rep2-mqtt-veh-003-61,ipi-session-1,airspan-followup-c4-rep2,veh-003,61,100-clients,default,stationary,unsynced,true,true,payload_bytes,1024,bytes,IPI-CooperativeService,1098,1786032330775342747,1786032156980667319,1786032156980689751,,,,,,"CooperativeService{guidedPlanning, status=request, vehicleId=0x7665682d303033, requestedHorizonMs=2500, confidence=100, planning.waypoints=1, offloadTaskId=probe-61, offloadPayload=1024 bytes}"
5g-receiver,1786032157352209069,edge4av-real-20260806-airspan-followup-run-1,c4-rep2-mqtt,airspan-followup-70-20-10,guided-planning,mqtt,,veh-003,rsu-1,c4-rep2-mqtt-veh-003-62,ipi-session-1,airspan-followup-c4-rep2,veh-003,62,100-clients,default,stationary,unsynced,true,true,payload_bytes,1024,bytes,IPI-CooperativeService,1098,1786032331136927745,1786032157352152870,1786032157352209069,,,,,,"CooperativeService{guidedPlanning, status=request, vehicleId=0x7665682d303033, requestedHorizonMs=2500, confidence=100, planning.waypoints=1, offloadTaskId=probe-62, offloadPayload=1024 bytes}"
5g-receiver,1786032157723123858,edge4av-real-20260806-airspan-followup-run-1,c4-rep2-mqtt,airspan-followup-70-20-10,guided-planning,mqtt,,veh-003,rsu-1,c4-rep2-mqtt-veh-003-63,ipi-session-1,airspan-followup-c4-rep2,veh-003,63,100-clients,default,stationary,unsynced,true,true,payload_bytes,1024,bytes,IPI-CooperativeService,1098,1786032331511717055,1786032157723078903,1786032157723123858,,,,,,"CooperativeService{guidedPlanning, status=request, vehicleId=0x7665682d303033, requestedHorizonMs=2500, confidence=100, planning.waypoints=1, offloadTaskId=probe-63, offloadPayload=1024 bytes}"
5g-receiver,1786032158103547175,edge4av-real-20260806-airspan-followup-run-1,c4-rep2-mqtt,airspan-followup-70-20-10,guided-planning,mqtt,,veh-003,rsu-1,c4-rep2-mqtt-veh-003-64,ipi-session-1,airspan-followup-c4-rep2,veh-003,64,100-clients,default,stationary,unsynced,true,true,payload_bytes,1024,bytes,IPI-CooperativeService,1098,1786032331879838163,1786032158103492386,1786032158103547175,,,,,,"CooperativeService{guidedPlanning, status=request, vehicleId=0x7665682d303033, requestedHorizonMs=2500, confidence=100, planning.waypoints=1, offloadTaskId=probe-64, offloadPayload=1024 bytes}"
5g-receiver,1786032158434007560,edge4av-real-20260806-airspan-followup-run-1,c4-rep2-mqtt,airspan-followup-70-20-10,guided-planning,mqtt,,veh-003,rsu-1,c4-rep2-mqtt-veh-003-65,ipi-session-1,airspan-followup-c4-rep2,veh-003,65,100-clients,default,stationary,unsynced,true,true,payload_bytes,1024,bytes,IPI-CooperativeService,1098,1786032332256754742,1786032158433936857,1786032158434007560,,,,,,"CooperativeService{guidedPlanning, status=request, vehicleId=0x7665682d303033, requestedHorizonMs=2500, confidence=100, planning.waypoints=1, offloadTaskId=probe-65, offloadPayload=1024 bytes}"
5g-receiver,1786032158774748078,edge4av-real-20260806-airspan-followup-run-1,c4-rep2-mqtt,airspan-followup-70-20-10,guided-planning,mqtt,,veh-003,rsu-1,c4-rep2-mqtt-veh-003-66,ipi-session-1,airspan-followup-c4-rep2,veh-003,66,100-clients,default,stationary,unsynced,true,true,payload_bytes,1024,bytes,IPI-CooperativeService,1098,1786032332586846290,1786032158774679767,1786032158774748078,,,,,,"CooperativeService{guidedPlanning, status=request, vehicleId=0x7665682d303033, requestedHorizonMs=2500, confidence=100, planning.waypoints=1, offloadTaskId=probe-66, offloadPayload=1024 bytes}"
5g-receiver,1786032159145097797,edge4av-real-20260806-airspan-followup-run-1,c4-rep2-mqtt,airspan-followup-70-20-10,guided-planning,mqtt,,veh-003,rsu-1,c4-rep2-mqtt-veh-003-67,ipi-session-1,airspan-followup-c4-rep2,veh-003,67,100-clients,default,stationary,unsynced,true,true,payload_bytes,1024,bytes,IPI-CooperativeService,1098,1786032332935718745,1786032159145054451,1786032159145097797,,,,,,"CooperativeService{guidedPlanning, status=request, vehicleId=0x7665682d303033, requestedHorizonMs=2500, confidence=100, planning.waypoints=1, offloadTaskId=probe-67, offloadPayload=1024 bytes}"
5g-receiver,1786032159475471432,edge4av-real-20260806-airspan-followup-run-1,c4-rep2-mqtt,airspan-followup-70-20-10,guided-planning,mqtt,,veh-003,rsu-1,c4-rep2-mqtt-veh-003-68,ipi-session-1,airspan-followup-c4-rep2,veh-003,68,100-clients,default,stationary,unsynced,true,true,payload_bytes,1024,bytes,IPI-CooperativeService,1098,1786032333299792527,1786032159475450965,1786032159475471432,,,,,,"CooperativeService{guidedPlanning, status=request, vehicleId=0x7665682d303033, requestedHorizonMs=2500, confidence=100, planning.waypoints=1, offloadTaskId=probe-68, offloadPayload=1024 bytes}"
5g-receiver,1786032159826106128,edge4av-real-20260806-airspan-followup-run-1,c4-rep2-mqtt,airspan-followup-70-20-10,guided-planning,mqtt,,veh-003,rsu-1,c4-rep2-mqtt-veh-003-69,ipi-session-1,airspan-followup-c4-rep2,veh-003,69,100-clients,default,stationary,unsynced,true,true,payload_bytes,1024,bytes,IPI-CooperativeService,1098,1786032333633789754,1786032159826061564,1786032159826106128,,,,,,"CooperativeService{guidedPlanning, status=request, vehicleId=0x7665682d303033, requestedHorizonMs=2500, confidence=100, planning.waypoints=1, offloadTaskId=probe-69, offloadPayload=1024 bytes}"
5g-receiver,1786032160167161249,edge4av-real-20260806-airspan-followup-run-1,c4-rep2-mqtt,airspan-followup-70-20-10,guided-planning,mqtt,,veh-003,rsu-1,c4-rep2-mqtt-veh-003-70,ipi-session-1,airspan-followup-c4-rep2,veh-003,70,100-clients,default,stationary,unsynced,true,true,payload_bytes,1024,bytes,IPI-CooperativeService,1098,1786032333981779963,1786032160167117050,1786032160167161249,,,,,,"CooperativeService{guidedPlanning, status=request, vehicleId=0x7665682d303033, requestedHorizonMs=2500, confidence=100, planning.waypoints=1, offloadTaskId=probe-70, offloadPayload=1024 bytes}"
5g-receiver,1786032160507739584,edge4av-real-20260806-airspan-followup-run-1,c4-rep2-mqtt,airspan-followup-70-20-10,guided-planning,mqtt,,veh-003,rsu-1,c4-rep2-mqtt-veh-003-71,ipi-session-1,airspan-followup-c4-rep2,veh-003,71,100-clients,default,stationary,unsynced,true,true,payload_bytes,1024,bytes,IPI-CooperativeService,1098,1786032334321886707,1786032160507684397,1786032160507739584,,,,,,"CooperativeService{guidedPlanning, status=request, vehicleId=0x7665682d303033, requestedHorizonMs=2500, confidence=100, planning.waypoints=1, offloadTaskId=probe-71, offloadPayload=1024 bytes}"
5g-receiver,1786032160888534343,edge4av-real-20260806-airspan-followup-run-1,c4-rep2-mqtt,airspan-followup-70-20-10,guided-planning,mqtt,,veh-003,rsu-1,c4-rep2-mqtt-veh-003-72,ipi-session-1,airspan-followup-c4-rep2,veh-003,72,100-clients,default,stationary,unsynced,true,true,payload_bytes,1024,bytes,IPI-CooperativeService,1098,1786032334665903886,1786032160888481674,1786032160888534343,,,,,,"CooperativeService{guidedPlanning, status=request, vehicleId=0x7665682d303033, requestedHorizonMs=2500, confidence=100, planning.waypoints=1, offloadTaskId=probe-72, offloadPayload=1024 bytes}"
5g-receiver,1786032161180017583,edge4av-real-20260806-airspan-followup-run-1,c4-rep2-mqtt,airspan-followup-70-20-10,guided-planning,mqtt,,veh-003,rsu-1,c4-rep2-mqtt-veh-003-73,ipi-session-1,airspan-followup-c4-rep2,veh-003,73,100-clients,default,stationary,unsynced,true,true,payload_bytes,1024,bytes,IPI-CooperativeService,1098,1786032335047855576,1786032161179990428,1786032161180017583,,,,,,"CooperativeService{guidedPlanning, status=request, vehicleId=0x7665682d303033, requestedHorizonMs=2500, confidence=100, planning.waypoints=1, offloadTaskId=probe-73, offloadPayload=1024 bytes}"
5g-receiver,1786032161470424943,edge4av-real-20260806-airspan-followup-run-1,c4-rep2-mqtt,airspan-followup-70-20-10,guided-planning,mqtt,,veh-003,rsu-1,c4-rep2-mqtt-veh-003-74,ipi-session-1,airspan-followup-c4-rep2,veh-003,74,100-clients,default,stationary,unsynced,true,true,payload_bytes,1024,bytes,IPI-CooperativeService,1098,1786032335333852515,1786032161470380070,1786032161470424943,,,,,,"CooperativeService{guidedPlanning, status=request, vehicleId=0x7665682d303033, requestedHorizonMs=2500, confidence=100, planning.waypoints=1, offloadTaskId=probe-74, offloadPayload=1024 bytes}"
5g-receiver,1786032161809369819,edge4av-real-20260806-airspan-followup-run-1,c4-rep2-mqtt,airspan-followup-70-20-10,guided-planning,mqtt,,veh-003,rsu-1,c4-rep2-mqtt-veh-003-75,ipi-session-1,airspan-followup-c4-rep2,veh-003,75,100-clients,default,stationary,unsynced,true,true,payload_bytes,1024,bytes,IPI-CooperativeService,1098,1786032335637888561,1786032161809353141,1786032161809369819,,,,,,"CooperativeService{guidedPlanning, status=request, vehicleId=0x7665682d303033, requestedHorizonMs=2500, confidence=100, planning.waypoints=1, offloadTaskId=probe-75, offloadPayload=1024 bytes}"
5g-receiver,1786032162161440159,edge4av-real-20260806-airspan-followup-run-1,c4-rep2-mqtt,airspan-followup-70-20-10,guided-planning,mqtt,,veh-003,rsu-1,c4-rep2-mqtt-veh-003-76,ipi-session-1,airspan-followup-c4-rep2,veh-003,76,100-clients,default,stationary,unsynced,true,true,payload_bytes,1024,bytes,IPI-CooperativeService,1098,1786032335973827593,1786032162161372653,1786032162161440159,,,,,,"CooperativeService{guidedPlanning, status=request, vehicleId=0x7665682d303033, requestedHorizonMs=2500, confidence=100, planning.waypoints=1, offloadTaskId=probe-76, offloadPayload=1024 bytes}"
5g-receiver,1786032162523177735,edge4av-real-20260806-airspan-followup-run-1,c4-rep2-mqtt,airspan-followup-70-20-10,guided-planning,mqtt,,veh-003,rsu-1,c4-rep2-mqtt-veh-003-77,ipi-session-1,airspan-followup-c4-rep2,veh-003,77,100-clients,default,stationary,unsynced,true,true,payload_bytes,1024,bytes,IPI-CooperativeService,1098,1786032336319876209,1786032162523133555,1786032162523177735,,,,,,"CooperativeService{guidedPlanning, status=request, vehicleId=0x7665682d303033, requestedHorizonMs=2500, confidence=100, planning.waypoints=1, offloadTaskId=probe-77, offloadPayload=1024 bytes}"
5g-receiver,1786032162881691777,edge4av-real-20260806-airspan-followup-run-1,c4-rep2-mqtt,airspan-followup-70-20-10,guided-planning,mqtt,,veh-003,rsu-1,c4-rep2-mqtt-veh-003-78,ipi-session-1,airspan-followup-c4-rep2,veh-003,78,100-clients,default,stationary,unsynced,true,true,payload_bytes,1024,bytes,IPI-CooperativeService,1098,1786032336679727779,1786032162881658185,1786032162881691777,,,,,,"CooperativeService{guidedPlanning, status=request, vehicleId=0x7665682d303033, requestedHorizonMs=2500, confidence=100, planning.waypoints=1, offloadTaskId=probe-78, offloadPayload=1024 bytes}"
5g-receiver,1786032163252209103,edge4av-real-20260806-airspan-followup-run-1,c4-rep2-mqtt,airspan-followup-70-20-10,guided-planning,mqtt,,veh-003,rsu-1,c4-rep2-mqtt-veh-003-79,ipi-session-1,airspan-followup-c4-rep2,veh-003,79,100-clients,default,stationary,unsynced,true,true,payload_bytes,1024,bytes,IPI-CooperativeService,1098,1786032337037883186,1786032163252193697,1786032163252209103,,,,,,"CooperativeService{guidedPlanning, status=request, vehicleId=0x7665682d303033, requestedHorizonMs=2500, confidence=100, planning.waypoints=1, offloadTaskId=probe-79, offloadPayload=1024 bytes}"
5g-receiver,1786032163542695633,edge4av-real-20260806-airspan-followup-run-1,c4-rep2-mqtt,airspan-followup-70-20-10,guided-planning,mqtt,,veh-003,rsu-1,c4-rep2-mqtt-veh-003-80,ipi-session-1,airspan-followup-c4-rep2,veh-003,80,100-clients,default,stationary,unsynced,true,true,payload_bytes,1024,bytes,IPI-CooperativeService,1098,1786032337409858086,1786032163542678251,1786032163542695633,,,,,,"CooperativeService{guidedPlanning, status=request, vehicleId=0x7665682d303033, requestedHorizonMs=2500, confidence=100, planning.waypoints=1, offloadTaskId=probe-80, offloadPayload=1024 bytes}"
5g-receiver,1786032163845894951,edge4av-real-20260806-airspan-followup-run-1,c4-rep2-mqtt,airspan-followup-70-20-10,guided-planning,mqtt,,veh-003,rsu-1,c4-rep2-mqtt-veh-003-81,ipi-session-1,airspan-followup-c4-rep2,veh-003,81,100-clients,default,stationary,unsynced,true,true,payload_bytes,1024,bytes,IPI-CooperativeService,1098,1786032337697807491,1786032163845850010,1786032163845894951,,,,,,"CooperativeService{guidedPlanning, status=request, vehicleId=0x7665682d303033, requestedHorizonMs=2500, confidence=100, planning.waypoints=1, offloadTaskId=probe-81, offloadPayload=1024 bytes}"
5g-receiver,1786032164193414008,edge4av-real-20260806-airspan-followup-run-1,c4-rep2-mqtt,airspan-followup-70-20-10,guided-planning,mqtt,,veh-003,rsu-1,c4-rep2-mqtt-veh-003-82,ipi-session-1,airspan-followup-c4-rep2,veh-003,82,100-clients,default,stationary,unsynced,true,true,payload_bytes,1024,bytes,IPI-CooperativeService,1098,1786032338009915696,1786032164193400303,1786032164193414008,,,,,,"CooperativeService{guidedPlanning, status=request, vehicleId=0x7665682d303033, requestedHorizonMs=2500, confidence=100, planning.waypoints=1, offloadTaskId=probe-82, offloadPayload=1024 bytes}"
5g-receiver,1786032164494363967,edge4av-real-20260806-airspan-followup-run-1,c4-rep2-mqtt,airspan-followup-70-20-10,guided-planning,mqtt,,veh-003,rsu-1,c4-rep2-mqtt-veh-003-83,ipi-session-1,airspan-followup-c4-rep2,veh-003,83,100-clients,default,stationary,unsynced,true,true,payload_bytes,1024,bytes,IPI-CooperativeService,1098,1786032338347910571,1786032164494339980,1786032164494363967,,,,,,"CooperativeService{guidedPlanning, status=request, vehicleId=0x7665682d303033, requestedHorizonMs=2500, confidence=100, planning.waypoints=1, offloadTaskId=probe-83, offloadPayload=1024 bytes}"
5g-receiver,1786032164817983267,edge4av-real-20260806-airspan-followup-run-1,c4-rep2-mqtt,airspan-followup-70-20-10,guided-planning,mqtt,,veh-003,rsu-1,c4-rep2-mqtt-veh-003-84,ipi-session-1,airspan-followup-c4-rep2,veh-003,84,100-clients,default,stationary,unsynced,true,true,payload_bytes,1024,bytes,IPI-CooperativeService,1098,1786032338653713058,1786032164817938975,1786032164817983267,,,,,,"CooperativeService{guidedPlanning, status=request, vehicleId=0x7665682d303033, requestedHorizonMs=2500, confidence=100, planning.waypoints=1, offloadTaskId=probe-84, offloadPayload=1024 bytes}"
5g-receiver,1786032165115428429,edge4av-real-20260806-airspan-followup-run-1,c4-rep2-mqtt,airspan-followup-70-20-10,guided-planning,mqtt,,veh-003,rsu-1,c4-rep2-mqtt-veh-003-85,ipi-session-1,airspan-followup-c4-rep2,veh-003,85,100-clients,default,stationary,unsynced,true,true,payload_bytes,1024,bytes,IPI-CooperativeService,1098,1786032338975754015,1786032165115373772,1786032165115428429,,,,,,"CooperativeService{guidedPlanning, status=request, vehicleId=0x7665682d303033, requestedHorizonMs=2500, confidence=100, planning.waypoints=1, offloadTaskId=probe-85, offloadPayload=1024 bytes}"
5g-receiver,1786032165418865066,edge4av-real-20260806-airspan-followup-run-1,c4-rep2-mqtt,airspan-followup-70-20-10,guided-planning,mqtt,,veh-003,rsu-1,c4-rep2-mqtt-veh-003-86,ipi-session-1,airspan-followup-c4-rep2,veh-003,86,100-clients,default,stationary,unsynced,true,true,payload_bytes,1024,bytes,IPI-CooperativeService,1098,1786032339269888576,1786032165418820940,1786032165418865066,,,,,,"CooperativeService{guidedPlanning, status=request, vehicleId=0x7665682d303033, requestedHorizonMs=2500, confidence=100, planning.waypoints=1, offloadTaskId=probe-86, offloadPayload=1024 bytes}"
5g-receiver,1786032165706279550,edge4av-real-20260806-airspan-followup-run-1,c4-rep2-mqtt,airspan-followup-70-20-10,guided-planning,mqtt,,veh-003,rsu-1,c4-rep2-mqtt-veh-003-87,ipi-session-1,airspan-followup-c4-rep2,veh-003,87,100-clients,default,stationary,unsynced,true,true,payload_bytes,1024,bytes,IPI-CooperativeService,1098,1786032339573685882,1786032165706236150,1786032165706279550,,,,,,"CooperativeService{guidedPlanning, status=request, vehicleId=0x7665682d303033, requestedHorizonMs=2500, confidence=100, planning.waypoints=1, offloadTaskId=probe-87, offloadPayload=1024 bytes}"
5g-receiver,1786032166038129800,edge4av-real-20260806-airspan-followup-run-1,c4-rep2-mqtt,airspan-followup-70-20-10,guided-planning,mqtt,,veh-003,rsu-1,c4-rep2-mqtt-veh-003-88,ipi-session-1,airspan-followup-c4-rep2,veh-003,88,100-clients,default,stationary,unsynced,true,true,payload_bytes,1024,bytes,IPI-CooperativeService,1098,1786032339861802485,1786032166038084998,1786032166038129800,,,,,,"CooperativeService{guidedPlanning, status=request, vehicleId=0x7665682d303033, requestedHorizonMs=2500, confidence=100, planning.waypoints=1, offloadTaskId=probe-88, offloadPayload=1024 bytes}"
5g-receiver,1786032166377273287,edge4av-real-20260806-airspan-followup-run-1,c4-rep2-mqtt,airspan-followup-70-20-10,guided-planning,mqtt,,veh-003,rsu-1,c4-rep2-mqtt-veh-003-89,ipi-session-1,airspan-followup-c4-rep2,veh-003,89,100-clients,default,stationary,unsynced,true,true,payload_bytes,1024,bytes,IPI-CooperativeService,1098,1786032340193938256,1786032166377257426,1786032166377273287,,,,,,"CooperativeService{guidedPlanning, status=request, vehicleId=0x7665682d303033, requestedHorizonMs=2500, confidence=100, planning.waypoints=1, offloadTaskId=probe-89, offloadPayload=1024 bytes}"
5g-receiver,1786032166758905709,edge4av-real-20260806-airspan-followup-run-1,c4-rep2-mqtt,airspan-followup-70-20-10,guided-planning,mqtt,,veh-003,rsu-1,c4-rep2-mqtt-veh-003-90,ipi-session-1,airspan-followup-c4-rep2,veh-003,90,100-clients,default,stationary,unsynced,true,true,payload_bytes,1024,bytes,IPI-CooperativeService,1098,1786032340531786562,1786032166758860598,1786032166758905709,,,,,,"CooperativeService{guidedPlanning, status=request, vehicleId=0x7665682d303033, requestedHorizonMs=2500, confidence=100, planning.waypoints=1, offloadTaskId=probe-90, offloadPayload=1024 bytes}"
5g-receiver,1786032167120187139,edge4av-real-20260806-airspan-followup-run-1,c4-rep2-mqtt,airspan-followup-70-20-10,guided-planning,mqtt,,veh-003,rsu-1,c4-rep2-mqtt-veh-003-91,ipi-session-1,airspan-followup-c4-rep2,veh-003,91,100-clients,default,stationary,unsynced,true,true,payload_bytes,1024,bytes,IPI-CooperativeService,1098,1786032340918826576,1786032167120142794,1786032167120187139,,,,,,"CooperativeService{guidedPlanning, status=request, vehicleId=0x7665682d303033, requestedHorizonMs=2500, confidence=100, planning.waypoints=1, offloadTaskId=probe-91, offloadPayload=1024 bytes}"
5g-receiver,1786032167479685129,edge4av-real-20260806-airspan-followup-run-1,c4-rep2-mqtt,airspan-followup-70-20-10,guided-planning,mqtt,,veh-003,rsu-1,c4-rep2-mqtt-veh-003-92,ipi-session-1,airspan-followup-c4-rep2,veh-003,92,100-clients,default,stationary,unsynced,true,true,payload_bytes,1024,bytes,IPI-CooperativeService,1098,1786032341279733025,1786032167479663292,1786032167479685129,,,,,,"CooperativeService{guidedPlanning, status=request, vehicleId=0x7665682d303033, requestedHorizonMs=2500, confidence=100, planning.waypoints=1, offloadTaskId=probe-92, offloadPayload=1024 bytes}"
5g-receiver,1786032168171498446,edge4av-real-20260806-airspan-followup-run-1,c4-rep2-mqtt,airspan-followup-70-20-10,guided-planning,mqtt,,veh-003,rsu-1,c4-rep2-mqtt-veh-003-93,ipi-session-1,airspan-followup-c4-rep2,veh-003,93,100-clients,default,stationary,unsynced,true,true,payload_bytes,1024,bytes,IPI-CooperativeService,1098,1786032341635761306,1786032168171468446,1786032168171498446,,,,,,"CooperativeService{guidedPlanning, status=request, vehicleId=0x7665682d303033, requestedHorizonMs=2500, confidence=100, planning.waypoints=1, offloadTaskId=probe-93, offloadPayload=1024 bytes}"
5g-receiver,1786032168862518810,edge4av-real-20260806-airspan-followup-run-1,c4-rep2-mqtt,airspan-followup-70-20-10,guided-planning,mqtt,,veh-003,rsu-1,c4-rep2-mqtt-veh-003-94,ipi-session-1,airspan-followup-c4-rep2,veh-003,94,100-clients,default,stationary,unsynced,true,true,payload_bytes,1024,bytes,IPI-CooperativeService,1098,1786032342329824253,1786032168862475068,1786032168862518810,,,,,,"CooperativeService{guidedPlanning, status=request, vehicleId=0x7665682d303033, requestedHorizonMs=2500, confidence=100, planning.waypoints=1, offloadTaskId=probe-94, offloadPayload=1024 bytes}"
5g-receiver,1786032169203297944,edge4av-real-20260806-airspan-followup-run-1,c4-rep2-mqtt,airspan-followup-70-20-10,guided-planning,mqtt,,veh-003,rsu-1,c4-rep2-mqtt-veh-003-95,ipi-session-1,airspan-followup-c4-rep2,veh-003,95,100-clients,default,stationary,unsynced,true,true,payload_bytes,1024,bytes,IPI-CooperativeService,1098,1786032343017888666,1786032169203266583,1786032169203297944,,,,,,"CooperativeService{guidedPlanning, status=request, vehicleId=0x7665682d303033, requestedHorizonMs=2500, confidence=100, planning.waypoints=1, offloadTaskId=probe-95, offloadPayload=1024 bytes}"
5g-receiver,1786032169572915638,edge4av-real-20260806-airspan-followup-run-1,c4-rep2-mqtt,airspan-followup-70-20-10,guided-planning,mqtt,,veh-003,rsu-1,c4-rep2-mqtt-veh-003-96,ipi-session-1,airspan-followup-c4-rep2,veh-003,96,100-clients,default,stationary,unsynced,true,true,payload_bytes,1024,bytes,IPI-CooperativeService,1098,1786032343357877204,1786032169572900560,1786032169572915638,,,,,,"CooperativeService{guidedPlanning, status=request, vehicleId=0x7665682d303033, requestedHorizonMs=2500, confidence=100, planning.waypoints=1, offloadTaskId=probe-96, offloadPayload=1024 bytes}"
5g-receiver,1786032169945931870,edge4av-real-20260806-airspan-followup-run-1,c4-rep2-mqtt,airspan-followup-70-20-10,guided-planning,mqtt,,veh-003,rsu-1,c4-rep2-mqtt-veh-003-97,ipi-session-1,airspan-followup-c4-rep2,veh-003,97,100-clients,default,stationary,unsynced,true,true,payload_bytes,1024,bytes,IPI-CooperativeService,1098,1786032343731748380,1786032169945888338,1786032169945931870,,,,,,"CooperativeService{guidedPlanning, status=request, vehicleId=0x7665682d303033, requestedHorizonMs=2500, confidence=100, planning.waypoints=1, offloadTaskId=probe-97, offloadPayload=1024 bytes}"
5g-receiver,1786032170315257564,edge4av-real-20260806-airspan-followup-run-1,c4-rep2-mqtt,airspan-followup-70-20-10,guided-planning,mqtt,,veh-003,rsu-1,c4-rep2-mqtt-veh-003-98,ipi-session-1,airspan-followup-c4-rep2,veh-003,98,100-clients,default,stationary,unsynced,true,true,payload_bytes,1024,bytes,IPI-CooperativeService,1098,1786032344103707604,1786032170315213240,1786032170315257564,,,,,,"CooperativeService{guidedPlanning, status=request, vehicleId=0x7665682d303033, requestedHorizonMs=2500, confidence=100, planning.waypoints=1, offloadTaskId=probe-98, offloadPayload=1024 bytes}"
5g-receiver,1786032170685419509,edge4av-real-20260806-airspan-followup-run-1,c4-rep2-mqtt,airspan-followup-70-20-10,guided-planning,mqtt,,veh-003,rsu-1,c4-rep2-mqtt-veh-003-99,ipi-session-1,airspan-followup-c4-rep2,veh-003,99,100-clients,default,stationary,unsynced,true,true,payload_bytes,1024,bytes,IPI-CooperativeService,1098,1786032344469951916,1786032170685349862,1786032170685419509,,,,,,"CooperativeService{guidedPlanning, status=request, vehicleId=0x7665682d303033, requestedHorizonMs=2500, confidence=100, planning.waypoints=1, offloadTaskId=probe-99, offloadPayload=1024 bytes}"
5g-receiver,1786032171045595065,edge4av-real-20260806-airspan-followup-run-1,c4-rep2-mqtt,airspan-followup-70-20-10,guided-planning,mqtt,,veh-003,rsu-1,c4-rep2-mqtt-veh-003-100,ipi-session-1,airspan-followup-c4-rep2,veh-003,100,100-clients,default,stationary,unsynced,true,true,payload_bytes,1024,bytes,IPI-CooperativeService,1099,1786032344837936528,1786032171045558891,1786032171045595065,,,,,,"CooperativeService{guidedPlanning, status=request, vehicleId=0x7665682d303033, requestedHorizonMs=2500, confidence=100, planning.waypoints=1, offloadTaskId=probe-100, offloadPayload=1024 bytes}"
5g-receiver,1786032171416262370,edge4av-real-20260806-airspan-followup-run-1,c4-rep2-mqtt,airspan-followup-70-20-10,guided-planning,mqtt,,veh-003,rsu-1,c4-rep2-mqtt-veh-003-101,ipi-session-1,airspan-followup-c4-rep2,veh-003,101,100-clients,default,stationary,unsynced,true,true,payload_bytes,1024,bytes,IPI-CooperativeService,1099,1786032345203959308,1786032171416218076,1786032171416262370,,,,,,"CooperativeService{guidedPlanning, status=request, vehicleId=0x7665682d303033, requestedHorizonMs=2500, confidence=100, planning.waypoints=1, offloadTaskId=probe-101, offloadPayload=1024 bytes}"
5g-receiver,1786032171797956826,edge4av-real-20260806-airspan-followup-run-1,c4-rep2-mqtt,airspan-followup-70-20-10,guided-planning,mqtt,,veh-003,rsu-1,c4-rep2-mqtt-veh-003-102,ipi-session-1,airspan-followup-c4-rep2,veh-003,102,100-clients,default,stationary,unsynced,true,true,payload_bytes,1024,bytes,IPI-CooperativeService,1099,1786032345575883480,1786032171797911734,1786032171797956826,,,,,,"CooperativeService{guidedPlanning, status=request, vehicleId=0x7665682d303033, requestedHorizonMs=2500, confidence=100, planning.waypoints=1, offloadTaskId=probe-102, offloadPayload=1024 bytes}"
5g-receiver,1786032172167312380,edge4av-real-20260806-airspan-followup-run-1,c4-rep2-mqtt,airspan-followup-70-20-10,guided-planning,mqtt,,veh-003,rsu-1,c4-rep2-mqtt-veh-003-103,ipi-session-1,airspan-followup-c4-rep2,veh-003,103,100-clients,default,stationary,unsynced,true,true,payload_bytes,1024,bytes,IPI-CooperativeService,1099,1786032345951481694,1786032172167287618,1786032172167312380,,,,,,"CooperativeService{guidedPlanning, status=request, vehicleId=0x7665682d303033, requestedHorizonMs=2500, confidence=100, planning.waypoints=1, offloadTaskId=probe-103, offloadPayload=1024 bytes}"
5g-receiver,1786032172539679174,edge4av-real-20260806-airspan-followup-run-1,c4-rep2-mqtt,airspan-followup-70-20-10,guided-planning,mqtt,,veh-003,rsu-1,c4-rep2-mqtt-veh-003-104,ipi-session-1,airspan-followup-c4-rep2,veh-003,104,100-clients,default,stationary,unsynced,true,true,payload_bytes,1024,bytes,IPI-CooperativeService,1099,1786032346321927537,1786032172539635130,1786032172539679174,,,,,,"CooperativeService{guidedPlanning, status=request, vehicleId=0x7665682d303033, requestedHorizonMs=2500, confidence=100, planning.waypoints=1, offloadTaskId=probe-104, offloadPayload=1024 bytes}"
5g-receiver,1786032172859135274,edge4av-real-20260806-airspan-followup-run-1,c4-rep2-mqtt,airspan-followup-70-20-10,guided-planning,mqtt,,veh-003,rsu-1,c4-rep2-mqtt-veh-003-105,ipi-session-1,airspan-followup-c4-rep2,veh-003,105,100-clients,default,stationary,unsynced,true,true,payload_bytes,1024,bytes,IPI-CooperativeService,1099,1786032346691946687,1786032172859081123,1786032172859135274,,,,,,"CooperativeService{guidedPlanning, status=request, vehicleId=0x7665682d303033, requestedHorizonMs=2500, confidence=100, planning.waypoints=1, offloadTaskId=probe-105, offloadPayload=1024 bytes}"
5g-receiver,1786032173171479939,edge4av-real-20260806-airspan-followup-run-1,c4-rep2-mqtt,airspan-followup-70-20-10,guided-planning,mqtt,,veh-003,rsu-1,c4-rep2-mqtt-veh-003-106,ipi-session-1,airspan-followup-c4-rep2,veh-003,106,100-clients,default,stationary,unsynced,true,true,payload_bytes,1024,bytes,IPI-CooperativeService,1099,1786032347019977209,1786032173171420317,1786032173171479939,,,,,,"CooperativeService{guidedPlanning, status=request, vehicleId=0x7665682d303033, requestedHorizonMs=2500, confidence=100, planning.waypoints=1, offloadTaskId=probe-106, offloadPayload=1024 bytes}"
5g-receiver,1786032173489912601,edge4av-real-20260806-airspan-followup-run-1,c4-rep2-mqtt,airspan-followup-70-20-10,guided-planning,mqtt,,veh-003,rsu-1,c4-rep2-mqtt-veh-003-107,ipi-session-1,airspan-followup-c4-rep2,veh-003,107,100-clients,default,stationary,unsynced,true,true,payload_bytes,1024,bytes,IPI-CooperativeService,1099,1786032347329819924,1786032173489868007,1786032173489912601,,,,,,"CooperativeService{guidedPlanning, status=request, vehicleId=0x7665682d303033, requestedHorizonMs=2500, confidence=100, planning.waypoints=1, offloadTaskId=probe-107, offloadPayload=1024 bytes}"
5g-receiver,1786032173820403281,edge4av-real-20260806-airspan-followup-run-1,c4-rep2-mqtt,airspan-followup-70-20-10,guided-planning,mqtt,,veh-003,rsu-1,c4-rep2-mqtt-veh-003-108,ipi-session-1,airspan-followup-c4-rep2,veh-003,108,100-clients,default,stationary,unsynced,true,true,payload_bytes,1024,bytes,IPI-CooperativeService,1099,1786032347647887357,1786032173820381508,1786032173820403281,,,,,,"CooperativeService{guidedPlanning, status=request, vehicleId=0x7665682d303033, requestedHorizonMs=2500, confidence=100, planning.waypoints=1, offloadTaskId=probe-108, offloadPayload=1024 bytes}"
5g-receiver,1786032174201090117,edge4av-real-20260806-airspan-followup-run-1,c4-rep2-mqtt,airspan-followup-70-20-10,guided-planning,mqtt,,veh-003,rsu-1,c4-rep2-mqtt-veh-003-109,ipi-session-1,airspan-followup-c4-rep2,veh-003,109,100-clients,default,stationary,unsynced,true,true,payload_bytes,1024,bytes,IPI-CooperativeService,1099,1786032347979769244,1786032174201046230,1786032174201090117,,,,,,"CooperativeService{guidedPlanning, status=request, vehicleId=0x7665682d303033, requestedHorizonMs=2500, confidence=100, planning.waypoints=1, offloadTaskId=probe-109, offloadPayload=1024 bytes}"
5g-receiver,1786032176035316517,edge4av-real-20260806-airspan-followup-run-1,c4-rep2-mqtt,airspan-followup-70-20-10,guided-planning,mqtt,,veh-003,rsu-1,c4-rep2-mqtt-veh-003-110,ipi-session-1,airspan-followup-c4-rep2,veh-003,110,100-clients,default,stationary,unsynced,true,true,payload_bytes,1024,bytes,IPI-CooperativeService,1099,1786032348355756088,1786032176035243449,1786032176035316517,,,,,,"CooperativeService{guidedPlanning, status=request, vehicleId=0x7665682d303033, requestedHorizonMs=2500, confidence=100, planning.waypoints=1, offloadTaskId=probe-110, offloadPayload=1024 bytes}"
5g-receiver,1786032176384906040,edge4av-real-20260806-airspan-followup-run-1,c4-rep2-mqtt,airspan-followup-70-20-10,guided-planning,mqtt,,veh-003,rsu-1,c4-rep2-mqtt-veh-003-111,ipi-session-1,airspan-followup-c4-rep2,veh-003,111,100-clients,default,stationary,unsynced,true,true,payload_bytes,1024,bytes,IPI-CooperativeService,1099,1786032350191818160,1786032176384862599,1786032176384906040,,,,,,"CooperativeService{guidedPlanning, status=request, vehicleId=0x7665682d303033, requestedHorizonMs=2500, confidence=100, planning.waypoints=1, offloadTaskId=probe-111, offloadPayload=1024 bytes}"
5g-receiver,1786032176756809345,edge4av-real-20260806-airspan-followup-run-1,c4-rep2-mqtt,airspan-followup-70-20-10,guided-planning,mqtt,,veh-003,rsu-1,c4-rep2-mqtt-veh-003-112,ipi-session-1,airspan-followup-c4-rep2,veh-003,112,100-clients,default,stationary,unsynced,true,true,payload_bytes,1024,bytes,IPI-CooperativeService,1099,1786032350542015781,1786032176756764934,1786032176756809345,,,,,,"CooperativeService{guidedPlanning, status=request, vehicleId=0x7665682d303033, requestedHorizonMs=2500, confidence=100, planning.waypoints=1, offloadTaskId=probe-112, offloadPayload=1024 bytes}"
5g-receiver,1786032177096874661,edge4av-real-20260806-airspan-followup-run-1,c4-rep2-mqtt,airspan-followup-70-20-10,guided-planning,mqtt,,veh-003,rsu-1,c4-rep2-mqtt-veh-003-113,ipi-session-1,airspan-followup-c4-rep2,veh-003,113,100-clients,default,stationary,unsynced,true,true,payload_bytes,1024,bytes,IPI-CooperativeService,1099,1786032350913866451,1786032177096820607,1786032177096874661,,,,,,"CooperativeService{guidedPlanning, status=request, vehicleId=0x7665682d303033, requestedHorizonMs=2500, confidence=100, planning.waypoints=1, offloadTaskId=probe-113, offloadPayload=1024 bytes}"
5g-receiver,1786032177467628116,edge4av-real-20260806-airspan-followup-run-1,c4-rep2-mqtt,airspan-followup-70-20-10,guided-planning,mqtt,,veh-003,rsu-1,c4-rep2-mqtt-veh-003-114,ipi-session-1,airspan-followup-c4-rep2,veh-003,114,100-clients,default,stationary,unsynced,true,true,payload_bytes,1024,bytes,IPI-CooperativeService,1099,1786032351253048840,1786032177467583033,1786032177467628116,,,,,,"CooperativeService{guidedPlanning, status=request, vehicleId=0x7665682d303033, requestedHorizonMs=2500, confidence=100, planning.waypoints=1, offloadTaskId=probe-114, offloadPayload=1024 bytes}"
5g-receiver,1786032177827113592,edge4av-real-20260806-airspan-followup-run-1,c4-rep2-mqtt,airspan-followup-70-20-10,guided-planning,mqtt,,veh-003,rsu-1,c4-rep2-mqtt-veh-003-115,ipi-session-1,airspan-followup-c4-rep2,veh-003,115,100-clients,default,stationary,unsynced,true,true,payload_bytes,1024,bytes,IPI-CooperativeService,1099,1786032351623816196,1786032177827090667,1786032177827113592,,,,,,"CooperativeService{guidedPlanning, status=request, vehicleId=0x7665682d303033, requestedHorizonMs=2500, confidence=100, planning.waypoints=1, offloadTaskId=probe-115, offloadPayload=1024 bytes}"
5g-receiver,1786032178199239016,edge4av-real-20260806-airspan-followup-run-1,c4-rep2-mqtt,airspan-followup-70-20-10,guided-planning,mqtt,,veh-003,rsu-1,c4-rep2-mqtt-veh-003-116,ipi-session-1,airspan-followup-c4-rep2,veh-003,116,100-clients,default,stationary,unsynced,true,true,payload_bytes,1024,bytes,IPI-CooperativeService,1099,1786032351981827848,1786032178199194284,1786032178199239016,,,,,,"CooperativeService{guidedPlanning, status=request, vehicleId=0x7665682d303033, requestedHorizonMs=2500, confidence=100, planning.waypoints=1, offloadTaskId=probe-116, offloadPayload=1024 bytes}"
5g-receiver,1786032178588793773,edge4av-real-20260806-airspan-followup-run-1,c4-rep2-mqtt,airspan-followup-70-20-10,guided-planning,mqtt,,veh-003,rsu-1,c4-rep2-mqtt-veh-003-117,ipi-session-1,airspan-followup-c4-rep2,veh-003,117,100-clients,default,stationary,unsynced,true,true,payload_bytes,1024,bytes,IPI-CooperativeService,1099,1786032352358063685,1786032178588749867,1786032178588793773,,,,,,"CooperativeService{guidedPlanning, status=request, vehicleId=0x7665682d303033, requestedHorizonMs=2500, confidence=100, planning.waypoints=1, offloadTaskId=probe-117, offloadPayload=1024 bytes}"
5g-receiver,1786032178958962793,edge4av-real-20260806-airspan-followup-run-1,c4-rep2-mqtt,airspan-followup-70-20-10,guided-planning,mqtt,,veh-003,rsu-1,c4-rep2-mqtt-veh-003-118,ipi-session-1,airspan-followup-c4-rep2,veh-003,118,100-clients,default,stationary,unsynced,true,true,payload_bytes,1024,bytes,IPI-CooperativeService,1099,1786032352742940394,1786032178958945722,1786032178958962793,,,,,,"CooperativeService{guidedPlanning, status=request, vehicleId=0x7665682d303033, requestedHorizonMs=2500, confidence=100, planning.waypoints=1, offloadTaskId=probe-118, offloadPayload=1024 bytes}"
5g-receiver,1786032179301126649,edge4av-real-20260806-airspan-followup-run-1,c4-rep2-mqtt,airspan-followup-70-20-10,guided-planning,mqtt,,veh-003,rsu-1,c4-rep2-mqtt-veh-003-119,ipi-session-1,airspan-followup-c4-rep2,veh-003,119,100-clients,default,stationary,unsynced,true,true,payload_bytes,1024,bytes,IPI-CooperativeService,1099,1786032353113996799,1786032179301067643,1786032179301126649,,,,,,"CooperativeService{guidedPlanning, status=request, vehicleId=0x7665682d303033, requestedHorizonMs=2500, confidence=100, planning.waypoints=1, offloadTaskId=probe-119, offloadPayload=1024 bytes}"
5g-receiver,1786032179681325537,edge4av-real-20260806-airspan-followup-run-1,c4-rep2-mqtt,airspan-followup-70-20-10,guided-planning,mqtt,,veh-003,rsu-1,c4-rep2-mqtt-veh-003-120,ipi-session-1,airspan-followup-c4-rep2,veh-003,120,100-clients,default,stationary,unsynced,true,true,payload_bytes,1024,bytes,IPI-CooperativeService,1099,1786032353467959554,1786032179681280389,1786032179681325537,,,,,,"CooperativeService{guidedPlanning, status=request, vehicleId=0x7665682d303033, requestedHorizonMs=2500, confidence=100, planning.waypoints=1, offloadTaskId=probe-120, offloadPayload=1024 bytes}"
5g-receiver,1786032180050504263,edge4av-real-20260806-airspan-followup-run-1,c4-rep2-mqtt,airspan-followup-70-20-10,guided-planning,mqtt,,veh-003,rsu-1,c4-rep2-mqtt-veh-003-121,ipi-session-1,airspan-followup-c4-rep2,veh-003,121,100-clients,default,stationary,unsynced,true,true,payload_bytes,1024,bytes,IPI-CooperativeService,1099,1786032353841367359,1786032180050434622,1786032180050504263,,,,,,"CooperativeService{guidedPlanning, status=request, vehicleId=0x7665682d303033, requestedHorizonMs=2500, confidence=100, planning.waypoints=1, offloadTaskId=probe-121, offloadPayload=1024 bytes}"
5g-receiver,1786032180411947193,edge4av-real-20260806-airspan-followup-run-1,c4-rep2-mqtt,airspan-followup-70-20-10,guided-planning,mqtt,,veh-003,rsu-1,c4-rep2-mqtt-veh-003-122,ipi-session-1,airspan-followup-c4-rep2,veh-003,122,100-clients,default,stationary,unsynced,true,true,payload_bytes,1024,bytes,IPI-CooperativeService,1099,1786032354211879085,1786032180411892485,1786032180411947193,,,,,,"CooperativeService{guidedPlanning, status=request, vehicleId=0x7665682d303033, requestedHorizonMs=2500, confidence=100, planning.waypoints=1, offloadTaskId=probe-122, offloadPayload=1024 bytes}"
5g-receiver,1786032180791853971,edge4av-real-20260806-airspan-followup-run-1,c4-rep2-mqtt,airspan-followup-70-20-10,guided-planning,mqtt,,veh-003,rsu-1,c4-rep2-mqtt-veh-003-123,ipi-session-1,airspan-followup-c4-rep2,veh-003,123,100-clients,default,stationary,unsynced,true,true,payload_bytes,1024,bytes,IPI-CooperativeService,1099,1786032354574079396,1786032180791787336,1786032180791853971,,,,,,"CooperativeService{guidedPlanning, status=request, vehicleId=0x7665682d303033, requestedHorizonMs=2500, confidence=100, planning.waypoints=1, offloadTaskId=probe-123, offloadPayload=1024 bytes}"
5g-receiver,1786032181172499052,edge4av-real-20260806-airspan-followup-run-1,c4-rep2-mqtt,airspan-followup-70-20-10,guided-planning,mqtt,,veh-003,rsu-1,c4-rep2-mqtt-veh-003-124,ipi-session-1,airspan-followup-c4-rep2,veh-003,124,100-clients,default,stationary,unsynced,true,true,payload_bytes,1024,bytes,IPI-CooperativeService,1099,1786032354947982649,1786032181172440653,1786032181172499052,,,,,,"CooperativeService{guidedPlanning, status=request, vehicleId=0x7665682d303033, requestedHorizonMs=2500, confidence=100, planning.waypoints=1, offloadTaskId=probe-124, offloadPayload=1024 bytes}"
5g-receiver,1786032181553499706,edge4av-real-20260806-airspan-followup-run-1,c4-rep2-mqtt,airspan-followup-70-20-10,guided-planning,mqtt,,veh-003,rsu-1,c4-rep2-mqtt-veh-003-125,ipi-session-1,airspan-followup-c4-rep2,veh-003,125,100-clients,default,stationary,unsynced,true,true,payload_bytes,1024,bytes,IPI-CooperativeService,1099,1786032355328177774,1786032181553442338,1786032181553499706,,,,,,"CooperativeService{guidedPlanning, status=request, vehicleId=0x7665682d303033, requestedHorizonMs=2500, confidence=100, planning.waypoints=1, offloadTaskId=probe-125, offloadPayload=1024 bytes}"
5g-receiver,1786032182304587324,edge4av-real-20260806-airspan-followup-run-1,c4-rep2-mqtt,airspan-followup-70-20-10,guided-planning,mqtt,,veh-003,rsu-1,c4-rep2-mqtt-veh-003-126,ipi-session-1,airspan-followup-c4-rep2,veh-003,126,100-clients,default,stationary,unsynced,true,true,payload_bytes,1024,bytes,IPI-CooperativeService,1099,1786032355709911045,1786032182304528400,1786032182304587324,,,,,,"CooperativeService{guidedPlanning, status=request, vehicleId=0x7665682d303033, requestedHorizonMs=2500, confidence=100, planning.waypoints=1, offloadTaskId=probe-126, offloadPayload=1024 bytes}"
5g-receiver,1786032182674331297,edge4av-real-20260806-airspan-followup-run-1,c4-rep2-mqtt,airspan-followup-70-20-10,guided-planning,mqtt,,veh-003,rsu-1,c4-rep2-mqtt-veh-003-127,ipi-session-1,airspan-followup-c4-rep2,veh-003,127,100-clients,default,stationary,unsynced,true,true,payload_bytes,1024,bytes,IPI-CooperativeService,1099,1786032356467840777,1786032182674263681,1786032182674331297,,,,,,"CooperativeService{guidedPlanning, status=request, vehicleId=0x7665682d303033, requestedHorizonMs=2500, confidence=100, planning.waypoints=1, offloadTaskId=probe-127, offloadPayload=1024 bytes}"
5g-receiver,1786032183025340742,edge4av-real-20260806-airspan-followup-run-1,c4-rep2-mqtt,airspan-followup-70-20-10,guided-planning,mqtt,,veh-003,rsu-1,c4-rep2-mqtt-veh-003-128,ipi-session-1,airspan-followup-c4-rep2,veh-003,128,100-clients,default,stationary,unsynced,true,true,payload_bytes,1024,bytes,IPI-CooperativeService,1099,1786032356831922673,1786032183025296687,1786032183025340742,,,,,,"CooperativeService{guidedPlanning, status=request, vehicleId=0x7665682d303033, requestedHorizonMs=2500, confidence=100, planning.waypoints=1, offloadTaskId=probe-128, offloadPayload=1024 bytes}"
5g-receiver,1786032183335866099,edge4av-real-20260806-airspan-followup-run-1,c4-rep2-mqtt,airspan-followup-70-20-10,guided-planning,mqtt,,veh-003,rsu-1,c4-rep2-mqtt-veh-003-129,ipi-session-1,airspan-followup-c4-rep2,veh-003,129,100-clients,default,stationary,unsynced,true,true,payload_bytes,1024,bytes,IPI-CooperativeService,1099,1786032357191952111,1786032183335814735,1786032183335866099,,,,,,"CooperativeService{guidedPlanning, status=request, vehicleId=0x7665682d303033, requestedHorizonMs=2500, confidence=100, planning.waypoints=1, offloadTaskId=probe-129, offloadPayload=1024 bytes}"
5g-receiver,1786032183645620027,edge4av-real-20260806-airspan-followup-run-1,c4-rep2-mqtt,airspan-followup-70-20-10,guided-planning,mqtt,,veh-003,rsu-1,c4-rep2-mqtt-veh-003-130,ipi-session-1,airspan-followup-c4-rep2,veh-003,130,100-clients,default,stationary,unsynced,true,true,payload_bytes,1024,bytes,IPI-CooperativeService,1099,1786032357489938747,1786032183645598263,1786032183645620027,,,,,,"CooperativeService{guidedPlanning, status=request, vehicleId=0x7665682d303033, requestedHorizonMs=2500, confidence=100, planning.waypoints=1, offloadTaskId=probe-130, offloadPayload=1024 bytes}"
5g-receiver,1786032183967739929,edge4av-real-20260806-airspan-followup-run-1,c4-rep2-mqtt,airspan-followup-70-20-10,guided-planning,mqtt,,veh-003,rsu-1,c4-rep2-mqtt-veh-003-131,ipi-session-1,airspan-followup-c4-rep2,veh-003,131,100-clients,default,stationary,unsynced,true,true,payload_bytes,1024,bytes,IPI-CooperativeService,1099,1786032357799941066,1786032183967680960,1786032183967739929,,,,,,"CooperativeService{guidedPlanning, status=request, vehicleId=0x7665682d303033, requestedHorizonMs=2500, confidence=100, planning.waypoints=1, offloadTaskId=probe-131, offloadPayload=1024 bytes}"
5g-receiver,1786032184327133459,edge4av-real-20260806-airspan-followup-run-1,c4-rep2-mqtt,airspan-followup-70-20-10,guided-planning,mqtt,,veh-003,rsu-1,c4-rep2-mqtt-veh-003-132,ipi-session-1,airspan-followup-c4-rep2,veh-003,132,100-clients,default,stationary,unsynced,true,true,payload_bytes,1024,bytes,IPI-CooperativeService,1099,1786032358121995212,1786032184327059584,1786032184327133459,,,,,,"CooperativeService{guidedPlanning, status=request, vehicleId=0x7665682d303033, requestedHorizonMs=2500, confidence=100, planning.waypoints=1, offloadTaskId=probe-132, offloadPayload=1024 bytes}"
5g-receiver,1786032184657733766,edge4av-real-20260806-airspan-followup-run-1,c4-rep2-mqtt,airspan-followup-70-20-10,guided-planning,mqtt,,veh-003,rsu-1,c4-rep2-mqtt-veh-003-133,ipi-session-1,airspan-followup-c4-rep2,veh-003,133,100-clients,default,stationary,unsynced,true,true,payload_bytes,1024,bytes,IPI-CooperativeService,1099,1786032358481008006,1786032184657694298,1786032184657733766,,,,,,"CooperativeService{guidedPlanning, status=request, vehicleId=0x7665682d303033, requestedHorizonMs=2500, confidence=100, planning.waypoints=1, offloadTaskId=probe-133, offloadPayload=1024 bytes}"
5g-receiver,1786032184998269682,edge4av-real-20260806-airspan-followup-run-1,c4-rep2-mqtt,airspan-followup-70-20-10,guided-planning,mqtt,,veh-003,rsu-1,c4-rep2-mqtt-veh-003-134,ipi-session-1,airspan-followup-c4-rep2,veh-003,134,100-clients,default,stationary,unsynced,true,true,payload_bytes,1024,bytes,IPI-CooperativeService,1099,1786032358816020019,1786032184998213998,1786032184998269682,,,,,,"CooperativeService{guidedPlanning, status=request, vehicleId=0x7665682d303033, requestedHorizonMs=2500, confidence=100, planning.waypoints=1, offloadTaskId=probe-134, offloadPayload=1024 bytes}"
5g-receiver,1786032185308030650,edge4av-real-20260806-airspan-followup-run-1,c4-rep2-mqtt,airspan-followup-70-20-10,guided-planning,mqtt,,veh-003,rsu-1,c4-rep2-mqtt-veh-003-135,ipi-session-1,airspan-followup-c4-rep2,veh-003,135,100-clients,default,stationary,unsynced,true,true,payload_bytes,1024,bytes,IPI-CooperativeService,1099,1786032359152256654,1786032185308010158,1786032185308030650,,,,,,"CooperativeService{guidedPlanning, status=request, vehicleId=0x7665682d303033, requestedHorizonMs=2500, confidence=100, planning.waypoints=1, offloadTaskId=probe-135, offloadPayload=1024 bytes}"
5g-receiver,1786032185649574469,edge4av-real-20260806-airspan-followup-run-1,c4-rep2-mqtt,airspan-followup-70-20-10,guided-planning,mqtt,,veh-003,rsu-1,c4-rep2-mqtt-veh-003-136,ipi-session-1,airspan-followup-c4-rep2,veh-003,136,100-clients,default,stationary,unsynced,true,true,payload_bytes,1024,bytes,IPI-CooperativeService,1099,1786032359464045484,1786032185649528229,1786032185649574469,,,,,,"CooperativeService{guidedPlanning, status=request, vehicleId=0x7665682d303033, requestedHorizonMs=2500, confidence=100, planning.waypoints=1, offloadTaskId=probe-136, offloadPayload=1024 bytes}"
5g-receiver,1786032186019096821,edge4av-real-20260806-airspan-followup-run-1,c4-rep2-mqtt,airspan-followup-70-20-10,guided-planning,mqtt,,veh-003,rsu-1,c4-rep2-mqtt-veh-003-137,ipi-session-1,airspan-followup-c4-rep2,veh-003,137,100-clients,default,stationary,unsynced,true,true,payload_bytes,1024,bytes,IPI-CooperativeService,1099,1786032359804179528,1786032186019082261,1786032186019096821,,,,,,"CooperativeService{guidedPlanning, status=request, vehicleId=0x7665682d303033, requestedHorizonMs=2500, confidence=100, planning.waypoints=1, offloadTaskId=probe-137, offloadPayload=1024 bytes}"
5g-receiver,1786032186360208316,edge4av-real-20260806-airspan-followup-run-1,c4-rep2-mqtt,airspan-followup-70-20-10,guided-planning,mqtt,,veh-003,rsu-1,c4-rep2-mqtt-veh-003-138,ipi-session-1,airspan-followup-c4-rep2,veh-003,138,100-clients,default,stationary,unsynced,true,true,payload_bytes,1024,bytes,IPI-CooperativeService,1099,1786032360171944266,1786032186360190355,1786032186360208316,,,,,,"CooperativeService{guidedPlanning, status=request, vehicleId=0x7665682d303033, requestedHorizonMs=2500, confidence=100, planning.waypoints=1, offloadTaskId=probe-138, offloadPayload=1024 bytes}"
5g-receiver,1786032187063327210,edge4av-real-20260806-airspan-followup-run-1,c4-rep2-mqtt,airspan-followup-70-20-10,guided-planning,mqtt,,veh-003,rsu-1,c4-rep2-mqtt-veh-003-139,ipi-session-1,airspan-followup-c4-rep2,veh-003,139,100-clients,default,stationary,unsynced,true,true,payload_bytes,1024,bytes,IPI-CooperativeService,1099,1786032360514006605,1786032187063270739,1786032187063327210,,,,,,"CooperativeService{guidedPlanning, status=request, vehicleId=0x7665682d303033, requestedHorizonMs=2500, confidence=100, planning.waypoints=1, offloadTaskId=probe-139, offloadPayload=1024 bytes}"
5g-receiver,1786032187403526428,edge4av-real-20260806-airspan-followup-run-1,c4-rep2-mqtt,airspan-followup-70-20-10,guided-planning,mqtt,,veh-003,rsu-1,c4-rep2-mqtt-veh-003-140,ipi-session-1,airspan-followup-c4-rep2,veh-003,140,100-clients,default,stationary,unsynced,true,true,payload_bytes,1024,bytes,IPI-CooperativeService,1099,1786032361217924257,1786032187403464990,1786032187403526428,,,,,,"CooperativeService{guidedPlanning, status=request, vehicleId=0x7665682d303033, requestedHorizonMs=2500, confidence=100, planning.waypoints=1, offloadTaskId=probe-140, offloadPayload=1024 bytes}"
5g-receiver,1786032187782720011,edge4av-real-20260806-airspan-followup-run-1,c4-rep2-mqtt,airspan-followup-70-20-10,guided-planning,mqtt,,veh-003,rsu-1,c4-rep2-mqtt-veh-003-141,ipi-session-1,airspan-followup-c4-rep2,veh-003,141,100-clients,default,stationary,unsynced,true,true,payload_bytes,1024,bytes,IPI-CooperativeService,1099,1786032361561792255,1786032187782668364,1786032187782720011,,,,,,"CooperativeService{guidedPlanning, status=request, vehicleId=0x7665682d303033, requestedHorizonMs=2500, confidence=100, planning.waypoints=1, offloadTaskId=probe-141, offloadPayload=1024 bytes}"
5g-receiver,1786032188153734469,edge4av-real-20260806-airspan-followup-run-1,c4-rep2-mqtt,airspan-followup-70-20-10,guided-planning,mqtt,,veh-003,rsu-1,c4-rep2-mqtt-veh-003-142,ipi-session-1,airspan-followup-c4-rep2,veh-003,142,100-clients,default,stationary,unsynced,true,true,payload_bytes,1024,bytes,IPI-CooperativeService,1099,1786032361936040154,1786032188153672419,1786032188153734469,,,,,,"CooperativeService{guidedPlanning, status=request, vehicleId=0x7665682d303033, requestedHorizonMs=2500, confidence=100, planning.waypoints=1, offloadTaskId=probe-142, offloadPayload=1024 bytes}"
5g-receiver,1786032188503551743,edge4av-real-20260806-airspan-followup-run-1,c4-rep2-mqtt,airspan-followup-70-20-10,guided-planning,mqtt,,veh-003,rsu-1,c4-rep2-mqtt-veh-003-143,ipi-session-1,airspan-followup-c4-rep2,veh-003,143,100-clients,default,stationary,unsynced,true,true,payload_bytes,1024,bytes,IPI-CooperativeService,1099,1786032362308066713,1786032188503520368,1786032188503551743,,,,,,"CooperativeService{guidedPlanning, status=request, vehicleId=0x7665682d303033, requestedHorizonMs=2500, confidence=100, planning.waypoints=1, offloadTaskId=probe-143, offloadPayload=1024 bytes}"
5g-receiver,1786032188834471490,edge4av-real-20260806-airspan-followup-run-1,c4-rep2-mqtt,airspan-followup-70-20-10,guided-planning,mqtt,,veh-003,rsu-1,c4-rep2-mqtt-veh-003-144,ipi-session-1,airspan-followup-c4-rep2,veh-003,144,100-clients,default,stationary,unsynced,true,true,payload_bytes,1024,bytes,IPI-CooperativeService,1099,1786032362664396583,1786032188834425361,1786032188834471490,,,,,,"CooperativeService{guidedPlanning, status=request, vehicleId=0x7665682d303033, requestedHorizonMs=2500, confidence=100, planning.waypoints=1, offloadTaskId=probe-144, offloadPayload=1024 bytes}"
5g-receiver,1786032189204641696,edge4av-real-20260806-airspan-followup-run-1,c4-rep2-mqtt,airspan-followup-70-20-10,guided-planning,mqtt,,veh-003,rsu-1,c4-rep2-mqtt-veh-003-145,ipi-session-1,airspan-followup-c4-rep2,veh-003,145,100-clients,default,stationary,unsynced,true,true,payload_bytes,1024,bytes,IPI-CooperativeService,1099,1786032362993850729,1786032189204622509,1786032189204641696,,,,,,"CooperativeService{guidedPlanning, status=request, vehicleId=0x7665682d303033, requestedHorizonMs=2500, confidence=100, planning.waypoints=1, offloadTaskId=probe-145, offloadPayload=1024 bytes}"
5g-receiver,1786032189927011675,edge4av-real-20260806-airspan-followup-run-1,c4-rep2-mqtt,airspan-followup-70-20-10,guided-planning,mqtt,,veh-003,rsu-1,c4-rep2-mqtt-veh-003-146,ipi-session-1,airspan-followup-c4-rep2,veh-003,146,100-clients,default,stationary,unsynced,true,true,payload_bytes,1024,bytes,IPI-CooperativeService,1099,1786032363367907421,1786032189926966845,1786032189927011675,,,,,,"CooperativeService{guidedPlanning, status=request, vehicleId=0x7665682d303033, requestedHorizonMs=2500, confidence=100, planning.waypoints=1, offloadTaskId=probe-146, offloadPayload=1024 bytes}"
5g-receiver,1786032190298597206,edge4av-real-20260806-airspan-followup-run-1,c4-rep2-mqtt,airspan-followup-70-20-10,guided-planning,mqtt,,veh-003,rsu-1,c4-rep2-mqtt-veh-003-147,ipi-session-1,airspan-followup-c4-rep2,veh-003,147,100-clients,default,stationary,unsynced,true,true,payload_bytes,1024,bytes,IPI-CooperativeService,1099,1786032364082147385,1786032190298541700,1786032190298597206,,,,,,"CooperativeService{guidedPlanning, status=request, vehicleId=0x7665682d303033, requestedHorizonMs=2500, confidence=100, planning.waypoints=1, offloadTaskId=probe-147, offloadPayload=1024 bytes}"
5g-receiver,1786032190657793919,edge4av-real-20260806-airspan-followup-run-1,c4-rep2-mqtt,airspan-followup-70-20-10,guided-planning,mqtt,,veh-003,rsu-1,c4-rep2-mqtt-veh-003-148,ipi-session-1,airspan-followup-c4-rep2,veh-003,148,100-clients,default,stationary,unsynced,true,true,payload_bytes,1024,bytes,IPI-CooperativeService,1099,1786032364455814925,1786032190657767917,1786032190657793919,,,,,,"CooperativeService{guidedPlanning, status=request, vehicleId=0x7665682d303033, requestedHorizonMs=2500, confidence=100, planning.waypoints=1, offloadTaskId=probe-148, offloadPayload=1024 bytes}"
5g-receiver,1786032191048268062,edge4av-real-20260806-airspan-followup-run-1,c4-rep2-mqtt,airspan-followup-70-20-10,guided-planning,mqtt,,veh-003,rsu-1,c4-rep2-mqtt-veh-003-149,ipi-session-1,airspan-followup-c4-rep2,veh-003,149,100-clients,default,stationary,unsynced,true,true,payload_bytes,1024,bytes,IPI-CooperativeService,1099,1786032364811841989,1786032191048209095,1786032191048268062,,,,,,"CooperativeService{guidedPlanning, status=request, vehicleId=0x7665682d303033, requestedHorizonMs=2500, confidence=100, planning.waypoints=1, offloadTaskId=probe-149, offloadPayload=1024 bytes}"
5g-receiver,1786032191421208736,edge4av-real-20260806-airspan-followup-run-1,c4-rep2-mqtt,airspan-followup-70-20-10,guided-planning,mqtt,,veh-003,rsu-1,c4-rep2-mqtt-veh-003-150,ipi-session-1,airspan-followup-c4-rep2,veh-003,150,100-clients,default,stationary,unsynced,true,true,payload_bytes,1024,bytes,IPI-CooperativeService,1099,1786032365200971615,1786032191421147740,1786032191421208736,,,,,,"CooperativeService{guidedPlanning, status=request, vehicleId=0x7665682d303033, requestedHorizonMs=2500, confidence=100, planning.waypoints=1, offloadTaskId=probe-150, offloadPayload=1024 bytes}"
5g-receiver,1786032191799680797,edge4av-real-20260806-airspan-followup-run-1,c4-rep2-mqtt,airspan-followup-70-20-10,guided-planning,mqtt,,veh-003,rsu-1,c4-rep2-mqtt-veh-003-151,ipi-session-1,airspan-followup-c4-rep2,veh-003,151,100-clients,default,stationary,unsynced,true,true,payload_bytes,1024,bytes,IPI-CooperativeService,1099,1786032365577868443,1786032191799618346,1786032191799680797,,,,,,"CooperativeService{guidedPlanning, status=request, vehicleId=0x7665682d303033, requestedHorizonMs=2500, confidence=100, planning.waypoints=1, offloadTaskId=probe-151, offloadPayload=1024 bytes}"
5g-receiver,1786032192181106990,edge4av-real-20260806-airspan-followup-run-1,c4-rep2-mqtt,airspan-followup-70-20-10,guided-planning,mqtt,,veh-003,rsu-1,c4-rep2-mqtt-veh-003-152,ipi-session-1,airspan-followup-c4-rep2,veh-003,152,100-clients,default,stationary,unsynced,true,true,payload_bytes,1024,bytes,IPI-CooperativeService,1099,1786032365953855605,1786032192181050262,1786032192181106990,,,,,,"CooperativeService{guidedPlanning, status=request, vehicleId=0x7665682d303033, requestedHorizonMs=2500, confidence=100, planning.waypoints=1, offloadTaskId=probe-152, offloadPayload=1024 bytes}"
5g-receiver,1786032192511395682,edge4av-real-20260806-airspan-followup-run-1,c4-rep2-mqtt,airspan-followup-70-20-10,guided-planning,mqtt,,veh-003,rsu-1,c4-rep2-mqtt-veh-003-153,ipi-session-1,airspan-followup-c4-rep2,veh-003,153,100-clients,default,stationary,unsynced,true,true,payload_bytes,1024,bytes,IPI-CooperativeService,1099,1786032366340008247,1786032192511352169,1786032192511395682,,,,,,"CooperativeService{guidedPlanning, status=request, vehicleId=0x7665682d303033, requestedHorizonMs=2500, confidence=100, planning.waypoints=1, offloadTaskId=probe-153, offloadPayload=1024 bytes}"
5g-receiver,1786032192842545354,edge4av-real-20260806-airspan-followup-run-1,c4-rep2-mqtt,airspan-followup-70-20-10,guided-planning,mqtt,,veh-003,rsu-1,c4-rep2-mqtt-veh-003-154,ipi-session-1,airspan-followup-c4-rep2,veh-003,154,100-clients,default,stationary,unsynced,true,true,payload_bytes,1024,bytes,IPI-CooperativeService,1099,1786032366666160988,1786032192842478429,1786032192842545354,,,,,,"CooperativeService{guidedPlanning, status=request, vehicleId=0x7665682d303033, requestedHorizonMs=2500, confidence=100, planning.waypoints=1, offloadTaskId=probe-154, offloadPayload=1024 bytes}"
5g-receiver,1786032193202251356,edge4av-real-20260806-airspan-followup-run-1,c4-rep2-mqtt,airspan-followup-70-20-10,guided-planning,mqtt,,veh-003,rsu-1,c4-rep2-mqtt-veh-003-155,ipi-session-1,airspan-followup-c4-rep2,veh-003,155,100-clients,default,stationary,unsynced,true,true,payload_bytes,1024,bytes,IPI-CooperativeService,1099,1786032366999956825,1786032193202233989,1786032193202251356,,,,,,"CooperativeService{guidedPlanning, status=request, vehicleId=0x7665682d303033, requestedHorizonMs=2500, confidence=100, planning.waypoints=1, offloadTaskId=probe-155, offloadPayload=1024 bytes}"
5g-receiver,1786032193525568809,edge4av-real-20260806-airspan-followup-run-1,c4-rep2-mqtt,airspan-followup-70-20-10,guided-planning,mqtt,,veh-003,rsu-1,c4-rep2-mqtt-veh-003-156,ipi-session-1,airspan-followup-c4-rep2,veh-003,156,100-clients,default,stationary,unsynced,true,true,payload_bytes,1024,bytes,IPI-CooperativeService,1099,1786032367355976782,1786032193525524854,1786032193525568809,,,,,,"CooperativeService{guidedPlanning, status=request, vehicleId=0x7665682d303033, requestedHorizonMs=2500, confidence=100, planning.waypoints=1, offloadTaskId=probe-156, offloadPayload=1024 bytes}"
5g-receiver,1786032193874029531,edge4av-real-20260806-airspan-followup-run-1,c4-rep2-mqtt,airspan-followup-70-20-10,guided-planning,mqtt,,veh-003,rsu-1,c4-rep2-mqtt-veh-003-157,ipi-session-1,airspan-followup-c4-rep2,veh-003,157,100-clients,default,stationary,unsynced,true,true,payload_bytes,1024,bytes,IPI-CooperativeService,1099,1786032367679960578,1786032193873978831,1786032193874029531,,,,,,"CooperativeService{guidedPlanning, status=request, vehicleId=0x7665682d303033, requestedHorizonMs=2500, confidence=100, planning.waypoints=1, offloadTaskId=probe-157, offloadPayload=1024 bytes}"
5g-receiver,1786032194254306191,edge4av-real-20260806-airspan-followup-run-1,c4-rep2-mqtt,airspan-followup-70-20-10,guided-planning,mqtt,,veh-003,rsu-1,c4-rep2-mqtt-veh-003-158,ipi-session-1,airspan-followup-c4-rep2,veh-003,158,100-clients,default,stationary,unsynced,true,true,payload_bytes,1024,bytes,IPI-CooperativeService,1099,1786032368027960609,1786032194254284670,1786032194254306191,,,,,,"CooperativeService{guidedPlanning, status=request, vehicleId=0x7665682d303033, requestedHorizonMs=2500, confidence=100, planning.waypoints=1, offloadTaskId=probe-158, offloadPayload=1024 bytes}"
5g-receiver,1786032194615798514,edge4av-real-20260806-airspan-followup-run-1,c4-rep2-mqtt,airspan-followup-70-20-10,guided-planning,mqtt,,veh-003,rsu-1,c4-rep2-mqtt-veh-003-159,ipi-session-1,airspan-followup-c4-rep2,veh-003,159,100-clients,default,stationary,unsynced,true,true,payload_bytes,1024,bytes,IPI-CooperativeService,1099,1786032368411949451,1786032194615742198,1786032194615798514,,,,,,"CooperativeService{guidedPlanning, status=request, vehicleId=0x7665682d303033, requestedHorizonMs=2500, confidence=100, planning.waypoints=1, offloadTaskId=probe-159, offloadPayload=1024 bytes}"
5g-receiver,1786032194995965998,edge4av-real-20260806-airspan-followup-run-1,c4-rep2-mqtt,airspan-followup-70-20-10,guided-planning,mqtt,,veh-003,rsu-1,c4-rep2-mqtt-veh-003-160,ipi-session-1,airspan-followup-c4-rep2,veh-003,160,100-clients,default,stationary,unsynced,true,true,payload_bytes,1024,bytes,IPI-CooperativeService,1099,1786032368769995014,1786032194995918270,1786032194995965998,,,,,,"CooperativeService{guidedPlanning, status=request, vehicleId=0x7665682d303033, requestedHorizonMs=2500, confidence=100, planning.waypoints=1, offloadTaskId=probe-160, offloadPayload=1024 bytes}"
5g-receiver,1786032195356589280,edge4av-real-20260806-airspan-followup-run-1,c4-rep2-mqtt,airspan-followup-70-20-10,guided-planning,mqtt,,veh-003,rsu-1,c4-rep2-mqtt-veh-003-161,ipi-session-1,airspan-followup-c4-rep2,veh-003,161,100-clients,default,stationary,unsynced,true,true,payload_bytes,1024,bytes,IPI-CooperativeService,1099,1786032369155954388,1786032195356533428,1786032195356589280,,,,,,"CooperativeService{guidedPlanning, status=request, vehicleId=0x7665682d303033, requestedHorizonMs=2500, confidence=100, planning.waypoints=1, offloadTaskId=probe-161, offloadPayload=1024 bytes}"
5g-receiver,1786032195697734592,edge4av-real-20260806-airspan-followup-run-1,c4-rep2-mqtt,airspan-followup-70-20-10,guided-planning,mqtt,,veh-003,rsu-1,c4-rep2-mqtt-veh-003-162,ipi-session-1,airspan-followup-c4-rep2,veh-003,162,100-clients,default,stationary,unsynced,true,true,payload_bytes,1024,bytes,IPI-CooperativeService,1099,1786032369512026131,1786032195697676173,1786032195697734592,,,,,,"CooperativeService{guidedPlanning, status=request, vehicleId=0x7665682d303033, requestedHorizonMs=2500, confidence=100, planning.waypoints=1, offloadTaskId=probe-162, offloadPayload=1024 bytes}"
5g-receiver,1786032196047624395,edge4av-real-20260806-airspan-followup-run-1,c4-rep2-mqtt,airspan-followup-70-20-10,guided-planning,mqtt,,veh-003,rsu-1,c4-rep2-mqtt-veh-003-163,ipi-session-1,airspan-followup-c4-rep2,veh-003,163,100-clients,default,stationary,unsynced,true,true,payload_bytes,1024,bytes,IPI-CooperativeService,1099,1786032369852047383,1786032196047593140,1786032196047624395,,,,,,"CooperativeService{guidedPlanning, status=request, vehicleId=0x7665682d303033, requestedHorizonMs=2500, confidence=100, planning.waypoints=1, offloadTaskId=probe-163, offloadPayload=1024 bytes}"
5g-receiver,1786032196418991981,edge4av-real-20260806-airspan-followup-run-1,c4-rep2-mqtt,airspan-followup-70-20-10,guided-planning,mqtt,,veh-003,rsu-1,c4-rep2-mqtt-veh-003-164,ipi-session-1,airspan-followup-c4-rep2,veh-003,164,100-clients,default,stationary,unsynced,true,true,payload_bytes,1024,bytes,IPI-CooperativeService,1099,1786032370202245079,1786032196418931580,1786032196418991981,,,,,,"CooperativeService{guidedPlanning, status=request, vehicleId=0x7665682d303033, requestedHorizonMs=2500, confidence=100, planning.waypoints=1, offloadTaskId=probe-164, offloadPayload=1024 bytes}"
5g-receiver,1786032196769806161,edge4av-real-20260806-airspan-followup-run-1,c4-rep2-mqtt,airspan-followup-70-20-10,guided-planning,mqtt,,veh-003,rsu-1,c4-rep2-mqtt-veh-003-165,ipi-session-1,airspan-followup-c4-rep2,veh-003,165,100-clients,default,stationary,unsynced,true,true,payload_bytes,1024,bytes,IPI-CooperativeService,1099,1786032370571869494,1786032196769762093,1786032196769806161,,,,,,"CooperativeService{guidedPlanning, status=request, vehicleId=0x7665682d303033, requestedHorizonMs=2500, confidence=100, planning.waypoints=1, offloadTaskId=probe-165, offloadPayload=1024 bytes}"
5g-receiver,1786032197141707494,edge4av-real-20260806-airspan-followup-run-1,c4-rep2-mqtt,airspan-followup-70-20-10,guided-planning,mqtt,,veh-003,rsu-1,c4-rep2-mqtt-veh-003-166,ipi-session-1,airspan-followup-c4-rep2,veh-003,166,100-clients,default,stationary,unsynced,true,true,payload_bytes,1024,bytes,IPI-CooperativeService,1099,1786032370929341414,1786032197141662926,1786032197141707494,,,,,,"CooperativeService{guidedPlanning, status=request, vehicleId=0x7665682d303033, requestedHorizonMs=2500, confidence=100, planning.waypoints=1, offloadTaskId=probe-166, offloadPayload=1024 bytes}"
5g-receiver,1786032197491458048,edge4av-real-20260806-airspan-followup-run-1,c4-rep2-mqtt,airspan-followup-70-20-10,guided-planning,mqtt,,veh-003,rsu-1,c4-rep2-mqtt-veh-003-167,ipi-session-1,airspan-followup-c4-rep2,veh-003,167,100-clients,default,stationary,unsynced,true,true,payload_bytes,1024,bytes,IPI-CooperativeService,1099,1786032371295877682,1786032197491395816,1786032197491458048,,,,,,"CooperativeService{guidedPlanning, status=request, vehicleId=0x7665682d303033, requestedHorizonMs=2500, confidence=100, planning.waypoints=1, offloadTaskId=probe-167, offloadPayload=1024 bytes}"
5g-receiver,1786032197820972166,edge4av-real-20260806-airspan-followup-run-1,c4-rep2-mqtt,airspan-followup-70-20-10,guided-planning,mqtt,,veh-003,rsu-1,c4-rep2-mqtt-veh-003-168,ipi-session-1,airspan-followup-c4-rep2,veh-003,168,100-clients,default,stationary,unsynced,true,true,payload_bytes,1024,bytes,IPI-CooperativeService,1099,1786032371645894583,1786032197820956572,1786032197820972166,,,,,,"CooperativeService{guidedPlanning, status=request, vehicleId=0x7665682d303033, requestedHorizonMs=2500, confidence=100, planning.waypoints=1, offloadTaskId=probe-168, offloadPayload=1024 bytes}"
5g-receiver,1786032198144684055,edge4av-real-20260806-airspan-followup-run-1,c4-rep2-mqtt,airspan-followup-70-20-10,guided-planning,mqtt,,veh-003,rsu-1,c4-rep2-mqtt-veh-003-169,ipi-session-1,airspan-followup-c4-rep2,veh-003,169,100-clients,default,stationary,unsynced,true,true,payload_bytes,1024,bytes,IPI-CooperativeService,1099,1786032371971883611,1786032198144639652,1786032198144684055,,,,,,"CooperativeService{guidedPlanning, status=request, vehicleId=0x7665682d303033, requestedHorizonMs=2500, confidence=100, planning.waypoints=1, offloadTaskId=probe-169, offloadPayload=1024 bytes}"
5g-receiver,1786032198462471534,edge4av-real-20260806-airspan-followup-run-1,c4-rep2-mqtt,airspan-followup-70-20-10,guided-planning,mqtt,,veh-003,rsu-1,c4-rep2-mqtt-veh-003-170,ipi-session-1,airspan-followup-c4-rep2,veh-003,170,100-clients,default,stationary,unsynced,true,true,payload_bytes,1024,bytes,IPI-CooperativeService,1099,1786032372298179523,1786032198462426074,1786032198462471534,,,,,,"CooperativeService{guidedPlanning, status=request, vehicleId=0x7665682d303033, requestedHorizonMs=2500, confidence=100, planning.waypoints=1, offloadTaskId=probe-170, offloadPayload=1024 bytes}"
5g-receiver,1786032198772854043,edge4av-real-20260806-airspan-followup-run-1,c4-rep2-mqtt,airspan-followup-70-20-10,guided-planning,mqtt,,veh-003,rsu-1,c4-rep2-mqtt-veh-003-171,ipi-session-1,airspan-followup-c4-rep2,veh-003,171,100-clients,default,stationary,unsynced,true,true,payload_bytes,1024,bytes,IPI-CooperativeService,1099,1786032372619843939,1786032198772810039,1786032198772854043,,,,,,"CooperativeService{guidedPlanning, status=request, vehicleId=0x7665682d303033, requestedHorizonMs=2500, confidence=100, planning.waypoints=1, offloadTaskId=probe-171, offloadPayload=1024 bytes}"
5g-receiver,1786032199106122856,edge4av-real-20260806-airspan-followup-run-1,c4-rep2-mqtt,airspan-followup-70-20-10,guided-planning,mqtt,,veh-003,rsu-1,c4-rep2-mqtt-veh-003-172,ipi-session-1,airspan-followup-c4-rep2,veh-003,172,100-clients,default,stationary,unsynced,true,true,payload_bytes,1024,bytes,IPI-CooperativeService,1099,1786032372925994220,1786032199106078584,1786032199106122856,,,,,,"CooperativeService{guidedPlanning, status=request, vehicleId=0x7665682d303033, requestedHorizonMs=2500, confidence=100, planning.waypoints=1, offloadTaskId=probe-172, offloadPayload=1024 bytes}"
5g-receiver,1786032199844820389,edge4av-real-20260806-airspan-followup-run-1,c4-rep2-mqtt,airspan-followup-70-20-10,guided-planning,mqtt,,veh-003,rsu-1,c4-rep2-mqtt-veh-003-173,ipi-session-1,airspan-followup-c4-rep2,veh-003,173,100-clients,default,stationary,unsynced,true,true,payload_bytes,1024,bytes,IPI-CooperativeService,1099,1786032373272372428,1786032199844793805,1786032199844820389,,,,,,"CooperativeService{guidedPlanning, status=request, vehicleId=0x7665682d303033, requestedHorizonMs=2500, confidence=100, planning.waypoints=1, offloadTaskId=probe-173, offloadPayload=1024 bytes}"
5g-receiver,1786032200215495931,edge4av-real-20260806-airspan-followup-run-1,c4-rep2-mqtt,airspan-followup-70-20-10,guided-planning,mqtt,,veh-003,rsu-1,c4-rep2-mqtt-veh-003-174,ipi-session-1,airspan-followup-c4-rep2,veh-003,174,100-clients,default,stationary,unsynced,true,true,payload_bytes,1024,bytes,IPI-CooperativeService,1099,1786032374000138650,1786032200215462646,1786032200215495931,,,,,,"CooperativeService{guidedPlanning, status=request, vehicleId=0x7665682d303033, requestedHorizonMs=2500, confidence=100, planning.waypoints=1, offloadTaskId=probe-174, offloadPayload=1024 bytes}"
5g-receiver,1786032200587099384,edge4av-real-20260806-airspan-followup-run-1,c4-rep2-mqtt,airspan-followup-70-20-10,guided-planning,mqtt,,veh-003,rsu-1,c4-rep2-mqtt-veh-003-175,ipi-session-1,airspan-followup-c4-rep2,veh-003,175,100-clients,default,stationary,unsynced,true,true,payload_bytes,1024,bytes,IPI-CooperativeService,1099,1786032374378036320,1786032200587044722,1786032200587099384,,,,,,"CooperativeService{guidedPlanning, status=request, vehicleId=0x7665682d303033, requestedHorizonMs=2500, confidence=100, planning.waypoints=1, offloadTaskId=probe-175, offloadPayload=1024 bytes}"
5g-receiver,1786032200956858772,edge4av-real-20260806-airspan-followup-run-1,c4-rep2-mqtt,airspan-followup-70-20-10,guided-planning,mqtt,,veh-003,rsu-1,c4-rep2-mqtt-veh-003-176,ipi-session-1,airspan-followup-c4-rep2,veh-003,176,100-clients,default,stationary,unsynced,true,true,payload_bytes,1024,bytes,IPI-CooperativeService,1099,1786032374745964633,1786032200956843597,1786032200956858772,,,,,,"CooperativeService{guidedPlanning, status=request, vehicleId=0x7665682d303033, requestedHorizonMs=2500, confidence=100, planning.waypoints=1, offloadTaskId=probe-176, offloadPayload=1024 bytes}"
5g-receiver,1786032201328111239,edge4av-real-20260806-airspan-followup-run-1,c4-rep2-mqtt,airspan-followup-70-20-10,guided-planning,mqtt,,veh-003,rsu-1,c4-rep2-mqtt-veh-003-177,ipi-session-1,airspan-followup-c4-rep2,veh-003,177,100-clients,default,stationary,unsynced,true,true,payload_bytes,1024,bytes,IPI-CooperativeService,1099,1786032375112001949,1786032201328067500,1786032201328111239,,,,,,"CooperativeService{guidedPlanning, status=request, vehicleId=0x7665682d303033, requestedHorizonMs=2500, confidence=100, planning.waypoints=1, offloadTaskId=probe-177, offloadPayload=1024 bytes}"
5g-receiver,1786032201699016804,edge4av-real-20260806-airspan-followup-run-1,c4-rep2-mqtt,airspan-followup-70-20-10,guided-planning,mqtt,,veh-003,rsu-1,c4-rep2-mqtt-veh-003-178,ipi-session-1,airspan-followup-c4-rep2,veh-003,178,100-clients,default,stationary,unsynced,true,true,payload_bytes,1024,bytes,IPI-CooperativeService,1099,1786032375482045450,1786032201698972298,1786032201699016804,,,,,,"CooperativeService{guidedPlanning, status=request, vehicleId=0x7665682d303033, requestedHorizonMs=2500, confidence=100, planning.waypoints=1, offloadTaskId=probe-178, offloadPayload=1024 bytes}"
5g-receiver,1786032202060908248,edge4av-real-20260806-airspan-followup-run-1,c4-rep2-mqtt,airspan-followup-70-20-10,guided-planning,mqtt,,veh-003,rsu-1,c4-rep2-mqtt-veh-003-179,ipi-session-1,airspan-followup-c4-rep2,veh-003,179,100-clients,default,stationary,unsynced,true,true,payload_bytes,1024,bytes,IPI-CooperativeService,1099,1786032375853964780,1786032202060863954,1786032202060908248,,,,,,"CooperativeService{guidedPlanning, status=request, vehicleId=0x7665682d303033, requestedHorizonMs=2500, confidence=100, planning.waypoints=1, offloadTaskId=probe-179, offloadPayload=1024 bytes}"
5g-receiver,1786032202420080908,edge4av-real-20260806-airspan-followup-run-1,c4-rep2-mqtt,airspan-followup-70-20-10,guided-planning,mqtt,,veh-003,rsu-1,c4-rep2-mqtt-veh-003-180,ipi-session-1,airspan-followup-c4-rep2,veh-003,180,100-clients,default,stationary,unsynced,true,true,payload_bytes,1024,bytes,IPI-CooperativeService,1099,1786032376217948979,1786032202420026427,1786032202420080908,,,,,,"CooperativeService{guidedPlanning, status=request, vehicleId=0x7665682d303033, requestedHorizonMs=2500, confidence=100, planning.waypoints=1, offloadTaskId=probe-180, offloadPayload=1024 bytes}"
5g-receiver,1786032202761888948,edge4av-real-20260806-airspan-followup-run-1,c4-rep2-mqtt,airspan-followup-70-20-10,guided-planning,mqtt,,veh-003,rsu-1,c4-rep2-mqtt-veh-003-181,ipi-session-1,airspan-followup-c4-rep2,veh-003,181,100-clients,default,stationary,unsynced,true,true,payload_bytes,1024,bytes,IPI-CooperativeService,1099,1786032376578060192,1786032202761845244,1786032202761888948,,,,,,"CooperativeService{guidedPlanning, status=request, vehicleId=0x7665682d303033, requestedHorizonMs=2500, confidence=100, planning.waypoints=1, offloadTaskId=probe-181, offloadPayload=1024 bytes}"
5g-receiver,1786032203101875922,edge4av-real-20260806-airspan-followup-run-1,c4-rep2-mqtt,airspan-followup-70-20-10,guided-planning,mqtt,,veh-003,rsu-1,c4-rep2-mqtt-veh-003-182,ipi-session-1,airspan-followup-c4-rep2,veh-003,182,100-clients,default,stationary,unsynced,true,true,payload_bytes,1024,bytes,IPI-CooperativeService,1099,1786032376920048745,1786032203101830692,1786032203101875922,,,,,,"CooperativeService{guidedPlanning, status=request, vehicleId=0x7665682d303033, requestedHorizonMs=2500, confidence=100, planning.waypoints=1, offloadTaskId=probe-182, offloadPayload=1024 bytes}"
5g-receiver,1786032203431696373,edge4av-real-20260806-airspan-followup-run-1,c4-rep2-mqtt,airspan-followup-70-20-10,guided-planning,mqtt,,veh-003,rsu-1,c4-rep2-mqtt-veh-003-183,ipi-session-1,airspan-followup-c4-rep2,veh-003,183,100-clients,default,stationary,unsynced,true,true,payload_bytes,1024,bytes,IPI-CooperativeService,1099,1786032377259969455,1786032203431651951,1786032203431696373,,,,,,"CooperativeService{guidedPlanning, status=request, vehicleId=0x7665682d303033, requestedHorizonMs=2500, confidence=100, planning.waypoints=1, offloadTaskId=probe-183, offloadPayload=1024 bytes}"
5g-receiver,1786032203812555241,edge4av-real-20260806-airspan-followup-run-1,c4-rep2-mqtt,airspan-followup-70-20-10,guided-planning,mqtt,,veh-003,rsu-1,c4-rep2-mqtt-veh-003-184,ipi-session-1,airspan-followup-c4-rep2,veh-003,184,100-clients,default,stationary,unsynced,true,true,payload_bytes,1024,bytes,IPI-CooperativeService,1099,1786032377588028160,1786032203812497341,1786032203812555241,,,,,,"CooperativeService{guidedPlanning, status=request, vehicleId=0x7665682d303033, requestedHorizonMs=2500, confidence=100, planning.waypoints=1, offloadTaskId=probe-184, offloadPayload=1024 bytes}"
5g-receiver,1786032204195667538,edge4av-real-20260806-airspan-followup-run-1,c4-rep2-mqtt,airspan-followup-70-20-10,guided-planning,mqtt,,veh-003,rsu-1,c4-rep2-mqtt-veh-003-185,ipi-session-1,airspan-followup-c4-rep2,veh-003,185,100-clients,default,stationary,unsynced,true,true,payload_bytes,1024,bytes,IPI-CooperativeService,1099,1786032377970123974,1786032204195614609,1786032204195667538,,,,,,"CooperativeService{guidedPlanning, status=request, vehicleId=0x7665682d303033, requestedHorizonMs=2500, confidence=100, planning.waypoints=1, offloadTaskId=probe-185, offloadPayload=1024 bytes}"
5g-receiver,1786032204566606703,edge4av-real-20260806-airspan-followup-run-1,c4-rep2-mqtt,airspan-followup-70-20-10,guided-planning,mqtt,,veh-003,rsu-1,c4-rep2-mqtt-veh-003-186,ipi-session-1,airspan-followup-c4-rep2,veh-003,186,100-clients,default,stationary,unsynced,true,true,payload_bytes,1024,bytes,IPI-CooperativeService,1099,1786032378352056047,1786032204566562762,1786032204566606703,,,,,,"CooperativeService{guidedPlanning, status=request, vehicleId=0x7665682d303033, requestedHorizonMs=2500, confidence=100, planning.waypoints=1, offloadTaskId=probe-186, offloadPayload=1024 bytes}"
5g-receiver,1786032204924554725,edge4av-real-20260806-airspan-followup-run-1,c4-rep2-mqtt,airspan-followup-70-20-10,guided-planning,mqtt,,veh-003,rsu-1,c4-rep2-mqtt-veh-003-187,ipi-session-1,airspan-followup-c4-rep2,veh-003,187,100-clients,default,stationary,unsynced,true,true,payload_bytes,1024,bytes,IPI-CooperativeService,1099,1786032378724090761,1786032204924535723,1786032204924554725,,,,,,"CooperativeService{guidedPlanning, status=request, vehicleId=0x7665682d303033, requestedHorizonMs=2500, confidence=100, planning.waypoints=1, offloadTaskId=probe-187, offloadPayload=1024 bytes}"
5g-receiver,1786032205275042914,edge4av-real-20260806-airspan-followup-run-1,c4-rep2-mqtt,airspan-followup-70-20-10,guided-planning,mqtt,,veh-003,rsu-1,c4-rep2-mqtt-veh-003-188,ipi-session-1,airspan-followup-c4-rep2,veh-003,188,100-clients,default,stationary,unsynced,true,true,payload_bytes,1024,bytes,IPI-CooperativeService,1099,1786032379078001289,1786032205275025544,1786032205275042914,,,,,,"CooperativeService{guidedPlanning, status=request, vehicleId=0x7665682d303033, requestedHorizonMs=2500, confidence=100, planning.waypoints=1, offloadTaskId=probe-188, offloadPayload=1024 bytes}"
5g-receiver,1786032205657602644,edge4av-real-20260806-airspan-followup-run-1,c4-rep2-mqtt,airspan-followup-70-20-10,guided-planning,mqtt,,veh-003,rsu-1,c4-rep2-mqtt-veh-003-189,ipi-session-1,airspan-followup-c4-rep2,veh-003,189,100-clients,default,stationary,unsynced,true,true,payload_bytes,1024,bytes,IPI-CooperativeService,1099,1786032379438048381,1786032205657533602,1786032205657602644,,,,,,"CooperativeService{guidedPlanning, status=request, vehicleId=0x7665682d303033, requestedHorizonMs=2500, confidence=100, planning.waypoints=1, offloadTaskId=probe-189, offloadPayload=1024 bytes}"
5g-receiver,1786032206036587572,edge4av-real-20260806-airspan-followup-run-1,c4-rep2-mqtt,airspan-followup-70-20-10,guided-planning,mqtt,,veh-003,rsu-1,c4-rep2-mqtt-veh-003-190,ipi-session-1,airspan-followup-c4-rep2,veh-003,190,100-clients,default,stationary,unsynced,true,true,payload_bytes,1024,bytes,IPI-CooperativeService,1099,1786032379815969920,1786032206036562682,1786032206036587572,,,,,,"CooperativeService{guidedPlanning, status=request, vehicleId=0x7665682d303033, requestedHorizonMs=2500, confidence=100, planning.waypoints=1, offloadTaskId=probe-190, offloadPayload=1024 bytes}"
5g-receiver,1786032206396987046,edge4av-real-20260806-airspan-followup-run-1,c4-rep2-mqtt,airspan-followup-70-20-10,guided-planning,mqtt,,veh-003,rsu-1,c4-rep2-mqtt-veh-003-191,ipi-session-1,airspan-followup-c4-rep2,veh-003,191,100-clients,default,stationary,unsynced,true,true,payload_bytes,1024,bytes,IPI-CooperativeService,1099,1786032380196030213,1786032206396963299,1786032206396987046,,,,,,"CooperativeService{guidedPlanning, status=request, vehicleId=0x7665682d303033, requestedHorizonMs=2500, confidence=100, planning.waypoints=1, offloadTaskId=probe-191, offloadPayload=1024 bytes}"
5g-receiver,1786032206727883404,edge4av-real-20260806-airspan-followup-run-1,c4-rep2-mqtt,airspan-followup-70-20-10,guided-planning,mqtt,,veh-003,rsu-1,c4-rep2-mqtt-veh-003-192,ipi-session-1,airspan-followup-c4-rep2,veh-003,192,100-clients,default,stationary,unsynced,true,true,payload_bytes,1024,bytes,IPI-CooperativeService,1099,1786032380552041732,1786032206727839428,1786032206727883404,,,,,,"CooperativeService{guidedPlanning, status=request, vehicleId=0x7665682d303033, requestedHorizonMs=2500, confidence=100, planning.waypoints=1, offloadTaskId=probe-192, offloadPayload=1024 bytes}"
5g-receiver,1786032207047966160,edge4av-real-20260806-airspan-followup-run-1,c4-rep2-mqtt,airspan-followup-70-20-10,guided-planning,mqtt,,veh-003,rsu-1,c4-rep2-mqtt-veh-003-193,ipi-session-1,airspan-followup-c4-rep2,veh-003,193,100-clients,default,stationary,unsynced,true,true,payload_bytes,1024,bytes,IPI-CooperativeService,1099,1786032380884088030,1786032207047950381,1786032207047966160,,,,,,"CooperativeService{guidedPlanning, status=request, vehicleId=0x7665682d303033, requestedHorizonMs=2500, confidence=100, planning.waypoints=1, offloadTaskId=probe-193, offloadPayload=1024 bytes}"
5g-receiver,1786032207409602148,edge4av-real-20260806-airspan-followup-run-1,c4-rep2-mqtt,airspan-followup-70-20-10,guided-planning,mqtt,,veh-003,rsu-1,c4-rep2-mqtt-veh-003-194,ipi-session-1,airspan-followup-c4-rep2,veh-003,194,100-clients,default,stationary,unsynced,true,true,payload_bytes,1024,bytes,IPI-CooperativeService,1099,1786032381206225439,1786032207409558056,1786032207409602148,,,,,,"CooperativeService{guidedPlanning, status=request, vehicleId=0x7665682d303033, requestedHorizonMs=2500, confidence=100, planning.waypoints=1, offloadTaskId=probe-194, offloadPayload=1024 bytes}"
5g-receiver,1786032207782099523,edge4av-real-20260806-airspan-followup-run-1,c4-rep2-mqtt,airspan-followup-70-20-10,guided-planning,mqtt,,veh-003,rsu-1,c4-rep2-mqtt-veh-003-195,ipi-session-1,airspan-followup-c4-rep2,veh-003,195,100-clients,default,stationary,unsynced,true,true,payload_bytes,1024,bytes,IPI-CooperativeService,1099,1786032381566061960,1786032207782054634,1786032207782099523,,,,,,"CooperativeService{guidedPlanning, status=request, vehicleId=0x7665682d303033, requestedHorizonMs=2500, confidence=100, planning.waypoints=1, offloadTaskId=probe-195, offloadPayload=1024 bytes}"
5g-receiver,1786032208140228470,edge4av-real-20260806-airspan-followup-run-1,c4-rep2-mqtt,airspan-followup-70-20-10,guided-planning,mqtt,,veh-003,rsu-1,c4-rep2-mqtt-veh-003-196,ipi-session-1,airspan-followup-c4-rep2,veh-003,196,100-clients,default,stationary,unsynced,true,true,payload_bytes,1024,bytes,IPI-CooperativeService,1099,1786032381933969601,1786032208140208406,1786032208140228470,,,,,,"CooperativeService{guidedPlanning, status=request, vehicleId=0x7665682d303033, requestedHorizonMs=2500, confidence=100, planning.waypoints=1, offloadTaskId=probe-196, offloadPayload=1024 bytes}"
5g-receiver,1786032208511190509,edge4av-real-20260806-airspan-followup-run-1,c4-rep2-mqtt,airspan-followup-70-20-10,guided-planning,mqtt,,veh-003,rsu-1,c4-rep2-mqtt-veh-003-197,ipi-session-1,airspan-followup-c4-rep2,veh-003,197,100-clients,default,stationary,unsynced,true,true,payload_bytes,1024,bytes,IPI-CooperativeService,1099,1786032382297875331,1786032208511141661,1786032208511190509,,,,,,"CooperativeService{guidedPlanning, status=request, vehicleId=0x7665682d303033, requestedHorizonMs=2500, confidence=100, planning.waypoints=1, offloadTaskId=probe-197, offloadPayload=1024 bytes}"
5g-receiver,1786032208881783179,edge4av-real-20260806-airspan-followup-run-1,c4-rep2-mqtt,airspan-followup-70-20-10,guided-planning,mqtt,,veh-003,rsu-1,c4-rep2-mqtt-veh-003-198,ipi-session-1,airspan-followup-c4-rep2,veh-003,198,100-clients,default,stationary,unsynced,true,true,payload_bytes,1024,bytes,IPI-CooperativeService,1099,1786032382666050714,1786032208881734273,1786032208881783179,,,,,,"CooperativeService{guidedPlanning, status=request, vehicleId=0x7665682d303033, requestedHorizonMs=2500, confidence=100, planning.waypoints=1, offloadTaskId=probe-198, offloadPayload=1024 bytes}"
5g-receiver,1786032209242088857,edge4av-real-20260806-airspan-followup-run-1,c4-rep2-mqtt,airspan-followup-70-20-10,guided-planning,mqtt,,veh-003,rsu-1,c4-rep2-mqtt-veh-003-199,ipi-session-1,airspan-followup-c4-rep2,veh-003,199,100-clients,default,stationary,unsynced,true,true,payload_bytes,1024,bytes,IPI-CooperativeService,1099,1786032383035921789,1786032209242043151,1786032209242088857,,,,,,"CooperativeService{guidedPlanning, status=request, vehicleId=0x7665682d303033, requestedHorizonMs=2500, confidence=100, planning.waypoints=1, offloadTaskId=probe-199, offloadPayload=1024 bytes}"
5g-receiver,1786032209623873194,edge4av-real-20260806-airspan-followup-run-1,c4-rep2-mqtt,airspan-followup-70-20-10,guided-planning,mqtt,,veh-003,rsu-1,c4-rep2-mqtt-veh-003-200,ipi-session-1,airspan-followup-c4-rep2,veh-003,200,100-clients,default,stationary,unsynced,true,true,payload_bytes,1024,bytes,IPI-CooperativeService,1099,1786032383402006390,1786032209623800276,1786032209623873194,,,,,,"CooperativeService{guidedPlanning, status=request, vehicleId=0x7665682d303033, requestedHorizonMs=2500, confidence=100, planning.waypoints=1, offloadTaskId=probe-200, offloadPayload=1024 bytes}"
5g-receiver,1786032209994203942,edge4av-real-20260806-airspan-followup-run-1,c4-rep2-mqtt,airspan-followup-70-20-10,guided-planning,mqtt,,veh-003,rsu-1,c4-rep2-mqtt-veh-003-201,ipi-session-1,airspan-followup-c4-rep2,veh-003,201,100-clients,default,stationary,unsynced,true,true,payload_bytes,1024,bytes,IPI-CooperativeService,1099,1786032383784067546,1786032209994160379,1786032209994203942,,,,,,"CooperativeService{guidedPlanning, status=request, vehicleId=0x7665682d303033, requestedHorizonMs=2500, confidence=100, planning.waypoints=1, offloadTaskId=probe-201, offloadPayload=1024 bytes}"
5g-receiver,1786032210355146406,edge4av-real-20260806-airspan-followup-run-1,c4-rep2-mqtt,airspan-followup-70-20-10,guided-planning,mqtt,,veh-003,rsu-1,c4-rep2-mqtt-veh-003-202,ipi-session-1,airspan-followup-c4-rep2,veh-003,202,100-clients,default,stationary,unsynced,true,true,payload_bytes,1024,bytes,IPI-CooperativeService,1099,1786032384149196761,1786032210355090062,1786032210355146406,,,,,,"CooperativeService{guidedPlanning, status=request, vehicleId=0x7665682d303033, requestedHorizonMs=2500, confidence=100, planning.waypoints=1, offloadTaskId=probe-202, offloadPayload=1024 bytes}"
5g-receiver,1786032210696144727,edge4av-real-20260806-airspan-followup-run-1,c4-rep2-mqtt,airspan-followup-70-20-10,guided-planning,mqtt,,veh-003,rsu-1,c4-rep2-mqtt-veh-003-203,ipi-session-1,airspan-followup-c4-rep2,veh-003,203,100-clients,default,stationary,unsynced,true,true,payload_bytes,1024,bytes,IPI-CooperativeService,1099,1786032384512030960,1786032210696092632,1786032210696144727,,,,,,"CooperativeService{guidedPlanning, status=request, vehicleId=0x7665682d303033, requestedHorizonMs=2500, confidence=100, planning.waypoints=1, offloadTaskId=probe-203, offloadPayload=1024 bytes}"
5g-receiver,1786032211015439151,edge4av-real-20260806-airspan-followup-run-1,c4-rep2-mqtt,airspan-followup-70-20-10,guided-planning,mqtt,,veh-003,rsu-1,c4-rep2-mqtt-veh-003-204,ipi-session-1,airspan-followup-c4-rep2,veh-003,204,100-clients,default,stationary,unsynced,true,true,payload_bytes,1024,bytes,IPI-CooperativeService,1099,1786032384850493581,1786032211015420120,1786032211015439151,,,,,,"CooperativeService{guidedPlanning, status=request, vehicleId=0x7665682d303033, requestedHorizonMs=2500, confidence=100, planning.waypoints=1, offloadTaskId=probe-204, offloadPayload=1024 bytes}"
5g-receiver,1786032211356340807,edge4av-real-20260806-airspan-followup-run-1,c4-rep2-mqtt,airspan-followup-70-20-10,guided-planning,mqtt,,veh-003,rsu-1,c4-rep2-mqtt-veh-003-205,ipi-session-1,airspan-followup-c4-rep2,veh-003,205,100-clients,default,stationary,unsynced,true,true,payload_bytes,1024,bytes,IPI-CooperativeService,1099,1786032385174207249,1786032211356270089,1786032211356340807,,,,,,"CooperativeService{guidedPlanning, status=request, vehicleId=0x7665682d303033, requestedHorizonMs=2500, confidence=100, planning.waypoints=1, offloadTaskId=probe-205, offloadPayload=1024 bytes}"
5g-receiver,1786032211706578397,edge4av-real-20260806-airspan-followup-run-1,c4-rep2-mqtt,airspan-followup-70-20-10,guided-planning,mqtt,,veh-003,rsu-1,c4-rep2-mqtt-veh-003-206,ipi-session-1,airspan-followup-c4-rep2,veh-003,206,100-clients,default,stationary,unsynced,true,true,payload_bytes,1024,bytes,IPI-CooperativeService,1099,1786032385512209731,1786032211706522953,1786032211706578397,,,,,,"CooperativeService{guidedPlanning, status=request, vehicleId=0x7665682d303033, requestedHorizonMs=2500, confidence=100, planning.waypoints=1, offloadTaskId=probe-206, offloadPayload=1024 bytes}"
5g-receiver,1786032212066542809,edge4av-real-20260806-airspan-followup-run-1,c4-rep2-mqtt,airspan-followup-70-20-10,guided-planning,mqtt,,veh-003,rsu-1,c4-rep2-mqtt-veh-003-207,ipi-session-1,airspan-followup-c4-rep2,veh-003,207,100-clients,default,stationary,unsynced,true,true,payload_bytes,1024,bytes,IPI-CooperativeService,1099,1786032385864364795,1786032212066525261,1786032212066542809,,,,,,"CooperativeService{guidedPlanning, status=request, vehicleId=0x7665682d303033, requestedHorizonMs=2500, confidence=100, planning.waypoints=1, offloadTaskId=probe-207, offloadPayload=1024 bytes}"
5g-receiver,1786032212419927279,edge4av-real-20260806-airspan-followup-run-1,c4-rep2-mqtt,airspan-followup-70-20-10,guided-planning,mqtt,,veh-003,rsu-1,c4-rep2-mqtt-veh-003-208,ipi-session-1,airspan-followup-c4-rep2,veh-003,208,100-clients,default,stationary,unsynced,true,true,payload_bytes,1024,bytes,IPI-CooperativeService,1099,1786032386222087063,1786032212419841651,1786032212419927279,,,,,,"CooperativeService{guidedPlanning, status=request, vehicleId=0x7665682d303033, requestedHorizonMs=2500, confidence=100, planning.waypoints=1, offloadTaskId=probe-208, offloadPayload=1024 bytes}"
5g-receiver,1786032212748278870,edge4av-real-20260806-airspan-followup-run-1,c4-rep2-mqtt,airspan-followup-70-20-10,guided-planning,mqtt,,veh-003,rsu-1,c4-rep2-mqtt-veh-003-209,ipi-session-1,airspan-followup-c4-rep2,veh-003,209,100-clients,default,stationary,unsynced,true,true,payload_bytes,1024,bytes,IPI-CooperativeService,1099,1786032386576207435,1786032212748234656,1786032212748278870,,,,,,"CooperativeService{guidedPlanning, status=request, vehicleId=0x7665682d303033, requestedHorizonMs=2500, confidence=100, planning.waypoints=1, offloadTaskId=probe-209, offloadPayload=1024 bytes}"
5g-receiver,1786032213079978736,edge4av-real-20260806-airspan-followup-run-1,c4-rep2-mqtt,airspan-followup-70-20-10,guided-planning,mqtt,,veh-003,rsu-1,c4-rep2-mqtt-veh-003-210,ipi-session-1,airspan-followup-c4-rep2,veh-003,210,100-clients,default,stationary,unsynced,true,true,payload_bytes,1024,bytes,IPI-CooperativeService,1099,1786032386901463485,1786032213079916796,1786032213079978736,,,,,,"CooperativeService{guidedPlanning, status=request, vehicleId=0x7665682d303033, requestedHorizonMs=2500, confidence=100, planning.waypoints=1, offloadTaskId=probe-210, offloadPayload=1024 bytes}"
5g-receiver,1786032213419628625,edge4av-real-20260806-airspan-followup-run-1,c4-rep2-mqtt,airspan-followup-70-20-10,guided-planning,mqtt,,veh-003,rsu-1,c4-rep2-mqtt-veh-003-211,ipi-session-1,airspan-followup-c4-rep2,veh-003,211,100-clients,default,stationary,unsynced,true,true,payload_bytes,1024,bytes,IPI-CooperativeService,1099,1786032387240059646,1786032213419561900,1786032213419628625,,,,,,"CooperativeService{guidedPlanning, status=request, vehicleId=0x7665682d303033, requestedHorizonMs=2500, confidence=100, planning.waypoints=1, offloadTaskId=probe-211, offloadPayload=1024 bytes}"
5g-receiver,1786032213799365552,edge4av-real-20260806-airspan-followup-run-1,c4-rep2-mqtt,airspan-followup-70-20-10,guided-planning,mqtt,,veh-003,rsu-1,c4-rep2-mqtt-veh-003-212,ipi-session-1,airspan-followup-c4-rep2,veh-003,212,100-clients,default,stationary,unsynced,true,true,payload_bytes,1024,bytes,IPI-CooperativeService,1099,1786032387576088342,1786032213799328906,1786032213799365552,,,,,,"CooperativeService{guidedPlanning, status=request, vehicleId=0x7665682d303033, requestedHorizonMs=2500, confidence=100, planning.waypoints=1, offloadTaskId=probe-212, offloadPayload=1024 bytes}"
5g-receiver,1786032214531051156,edge4av-real-20260806-airspan-followup-run-1,c4-rep2-mqtt,airspan-followup-70-20-10,guided-planning,mqtt,,veh-003,rsu-1,c4-rep2-mqtt-veh-003-213,ipi-session-1,airspan-followup-c4-rep2,veh-003,213,100-clients,default,stationary,unsynced,true,true,payload_bytes,1024,bytes,IPI-CooperativeService,1099,1786032387955082801,1786032214530994182,1786032214531051156,,,,,,"CooperativeService{guidedPlanning, status=request, vehicleId=0x7665682d303033, requestedHorizonMs=2500, confidence=100, planning.waypoints=1, offloadTaskId=probe-213, offloadPayload=1024 bytes}"
5g-receiver,1786032214902886519,edge4av-real-20260806-airspan-followup-run-1,c4-rep2-mqtt,airspan-followup-70-20-10,guided-planning,mqtt,,veh-003,rsu-1,c4-rep2-mqtt-veh-003-214,ipi-session-1,airspan-followup-c4-rep2,veh-003,214,100-clients,default,stationary,unsynced,true,true,payload_bytes,1024,bytes,IPI-CooperativeService,1099,1786032388686207865,1786032214902830265,1786032214902886519,,,,,,"CooperativeService{guidedPlanning, status=request, vehicleId=0x7665682d303033, requestedHorizonMs=2500, confidence=100, planning.waypoints=1, offloadTaskId=probe-214, offloadPayload=1024 bytes}"
5g-receiver,1786032215273026880,edge4av-real-20260806-airspan-followup-run-1,c4-rep2-mqtt,airspan-followup-70-20-10,guided-planning,mqtt,,veh-003,rsu-1,c4-rep2-mqtt-veh-003-215,ipi-session-1,airspan-followup-c4-rep2,veh-003,215,100-clients,default,stationary,unsynced,true,true,payload_bytes,1024,bytes,IPI-CooperativeService,1099,1786032389070089989,1786032215272980823,1786032215273026880,,,,,,"CooperativeService{guidedPlanning, status=request, vehicleId=0x7665682d303033, requestedHorizonMs=2500, confidence=100, planning.waypoints=1, offloadTaskId=probe-215, offloadPayload=1024 bytes}"
5g-receiver,1786032215612838198,edge4av-real-20260806-airspan-followup-run-1,c4-rep2-mqtt,airspan-followup-70-20-10,guided-planning,mqtt,,veh-003,rsu-1,c4-rep2-mqtt-veh-003-216,ipi-session-1,airspan-followup-c4-rep2,veh-003,216,100-clients,default,stationary,unsynced,true,true,payload_bytes,1024,bytes,IPI-CooperativeService,1099,1786032389432227043,1786032215612794615,1786032215612838198,,,,,,"CooperativeService{guidedPlanning, status=request, vehicleId=0x7665682d303033, requestedHorizonMs=2500, confidence=100, planning.waypoints=1, offloadTaskId=probe-216, offloadPayload=1024 bytes}"
5g-receiver,1786032215963914525,edge4av-real-20260806-airspan-followup-run-1,c4-rep2-mqtt,airspan-followup-70-20-10,guided-planning,mqtt,,veh-003,rsu-1,c4-rep2-mqtt-veh-003-217,ipi-session-1,airspan-followup-c4-rep2,veh-003,217,100-clients,default,stationary,unsynced,true,true,payload_bytes,1024,bytes,IPI-CooperativeService,1099,1786032389767970596,1786032215963870405,1786032215963914525,,,,,,"CooperativeService{guidedPlanning, status=request, vehicleId=0x7665682d303033, requestedHorizonMs=2500, confidence=100, planning.waypoints=1, offloadTaskId=probe-217, offloadPayload=1024 bytes}"
5g-receiver,1786032216313878598,edge4av-real-20260806-airspan-followup-run-1,c4-rep2-mqtt,airspan-followup-70-20-10,guided-planning,mqtt,,veh-003,rsu-1,c4-rep2-mqtt-veh-003-218,ipi-session-1,airspan-followup-c4-rep2,veh-003,218,100-clients,default,stationary,unsynced,true,true,payload_bytes,1024,bytes,IPI-CooperativeService,1099,1786032390117351418,1786032216313858739,1786032216313878598,,,,,,"CooperativeService{guidedPlanning, status=request, vehicleId=0x7665682d303033, requestedHorizonMs=2500, confidence=100, planning.waypoints=1, offloadTaskId=probe-218, offloadPayload=1024 bytes}"
5g-receiver,1786032216684353758,edge4av-real-20260806-airspan-followup-run-1,c4-rep2-mqtt,airspan-followup-70-20-10,guided-planning,mqtt,,veh-003,rsu-1,c4-rep2-mqtt-veh-003-219,ipi-session-1,airspan-followup-c4-rep2,veh-003,219,100-clients,default,stationary,unsynced,true,true,payload_bytes,1024,bytes,IPI-CooperativeService,1099,1786032390468017435,1786032216684336770,1786032216684353758,,,,,,"CooperativeService{guidedPlanning, status=request, vehicleId=0x7665682d303033, requestedHorizonMs=2500, confidence=100, planning.waypoints=1, offloadTaskId=probe-219, offloadPayload=1024 bytes}"
5g-receiver,1786032217055963587,edge4av-real-20260806-airspan-followup-run-1,c4-rep2-mqtt,airspan-followup-70-20-10,guided-planning,mqtt,,veh-003,rsu-1,c4-rep2-mqtt-veh-003-220,ipi-session-1,airspan-followup-c4-rep2,veh-003,220,100-clients,default,stationary,unsynced,true,true,payload_bytes,1024,bytes,IPI-CooperativeService,1099,1786032390844147890,1786032217055919931,1786032217055963587,,,,,,"CooperativeService{guidedPlanning, status=request, vehicleId=0x7665682d303033, requestedHorizonMs=2500, confidence=100, planning.waypoints=1, offloadTaskId=probe-220, offloadPayload=1024 bytes}"
5g-receiver,1786032217425709563,edge4av-real-20260806-airspan-followup-run-1,c4-rep2-mqtt,airspan-followup-70-20-10,guided-planning,mqtt,,veh-003,rsu-1,c4-rep2-mqtt-veh-003-221,ipi-session-1,airspan-followup-c4-rep2,veh-003,221,100-clients,default,stationary,unsynced,true,true,payload_bytes,1024,bytes,IPI-CooperativeService,1099,1786032391213310506,1786032217425664250,1786032217425709563,,,,,,"CooperativeService{guidedPlanning, status=request, vehicleId=0x7665682d303033, requestedHorizonMs=2500, confidence=100, planning.waypoints=1, offloadTaskId=probe-221, offloadPayload=1024 bytes}"
5g-receiver,1786032218138094831,edge4av-real-20260806-airspan-followup-run-1,c4-rep2-mqtt,airspan-followup-70-20-10,guided-planning,mqtt,,veh-003,rsu-1,c4-rep2-mqtt-veh-003-222,ipi-session-1,airspan-followup-c4-rep2,veh-003,222,100-clients,default,stationary,unsynced,true,true,payload_bytes,1024,bytes,IPI-CooperativeService,1099,1786032391578074163,1786032218138021244,1786032218138094831,,,,,,"CooperativeService{guidedPlanning, status=request, vehicleId=0x7665682d303033, requestedHorizonMs=2500, confidence=100, planning.waypoints=1, offloadTaskId=probe-222, offloadPayload=1024 bytes}"
5g-receiver,1786032218447222391,edge4av-real-20260806-airspan-followup-run-1,c4-rep2-mqtt,airspan-followup-70-20-10,guided-planning,mqtt,,veh-003,rsu-1,c4-rep2-mqtt-veh-003-223,ipi-session-1,airspan-followup-c4-rep2,veh-003,223,100-clients,default,stationary,unsynced,true,true,payload_bytes,1024,bytes,IPI-CooperativeService,1099,1786032392292107123,1786032218447205369,1786032218447222391,,,,,,"CooperativeService{guidedPlanning, status=request, vehicleId=0x7665682d303033, requestedHorizonMs=2500, confidence=100, planning.waypoints=1, offloadTaskId=probe-223, offloadPayload=1024 bytes}"
5g-receiver,1786032218780540344,edge4av-real-20260806-airspan-followup-run-1,c4-rep2-mqtt,airspan-followup-70-20-10,guided-planning,mqtt,,veh-003,rsu-1,c4-rep2-mqtt-veh-003-224,ipi-session-1,airspan-followup-c4-rep2,veh-003,224,100-clients,default,stationary,unsynced,true,true,payload_bytes,1024,bytes,IPI-CooperativeService,1099,1786032392604122504,1786032218780481626,1786032218780540344,,,,,,"CooperativeService{guidedPlanning, status=request, vehicleId=0x7665682d303033, requestedHorizonMs=2500, confidence=100, planning.waypoints=1, offloadTaskId=probe-224, offloadPayload=1024 bytes}"
5g-receiver,1786032219150212983,edge4av-real-20260806-airspan-followup-run-1,c4-rep2-mqtt,airspan-followup-70-20-10,guided-planning,mqtt,,veh-003,rsu-1,c4-rep2-mqtt-veh-003-225,ipi-session-1,airspan-followup-c4-rep2,veh-003,225,100-clients,default,stationary,unsynced,true,true,payload_bytes,1024,bytes,IPI-CooperativeService,1099,1786032392934083806,1786032219150169124,1786032219150212983,,,,,,"CooperativeService{guidedPlanning, status=request, vehicleId=0x7665682d303033, requestedHorizonMs=2500, confidence=100, planning.waypoints=1, offloadTaskId=probe-225, offloadPayload=1024 bytes}"
5g-receiver,1786032219882534715,edge4av-real-20260806-airspan-followup-run-1,c4-rep2-mqtt,airspan-followup-70-20-10,guided-planning,mqtt,,veh-003,rsu-1,c4-rep2-mqtt-veh-003-226,ipi-session-1,airspan-followup-c4-rep2,veh-003,226,100-clients,default,stationary,unsynced,true,true,payload_bytes,1024,bytes,IPI-CooperativeService,1099,1786032393304295147,1786032219882491075,1786032219882534715,,,,,,"CooperativeService{guidedPlanning, status=request, vehicleId=0x7665682d303033, requestedHorizonMs=2500, confidence=100, planning.waypoints=1, offloadTaskId=probe-226, offloadPayload=1024 bytes}"
5g-receiver,1786032220270856533,edge4av-real-20260806-airspan-followup-run-1,c4-rep2-mqtt,airspan-followup-70-20-10,guided-planning,mqtt,,veh-003,rsu-1,c4-rep2-mqtt-veh-003-227,ipi-session-1,airspan-followup-c4-rep2,veh-003,227,100-clients,default,stationary,unsynced,true,true,payload_bytes,1024,bytes,IPI-CooperativeService,1099,1786032394042076636,1786032220270814844,1786032220270856533,,,,,,"CooperativeService{guidedPlanning, status=request, vehicleId=0x7665682d303033, requestedHorizonMs=2500, confidence=100, planning.waypoints=1, offloadTaskId=probe-227, offloadPayload=1024 bytes}"
5g-receiver,1786032220611893592,edge4av-real-20260806-airspan-followup-run-1,c4-rep2-mqtt,airspan-followup-70-20-10,guided-planning,mqtt,,veh-003,rsu-1,c4-rep2-mqtt-veh-003-228,ipi-session-1,airspan-followup-c4-rep2,veh-003,228,100-clients,default,stationary,unsynced,true,true,payload_bytes,1024,bytes,IPI-CooperativeService,1099,1786032394423983339,1786032220611817023,1786032220611893592,,,,,,"CooperativeService{guidedPlanning, status=request, vehicleId=0x7665682d303033, requestedHorizonMs=2500, confidence=100, planning.waypoints=1, offloadTaskId=probe-228, offloadPayload=1024 bytes}"
5g-receiver,1786032220971940951,edge4av-real-20260806-airspan-followup-run-1,c4-rep2-mqtt,airspan-followup-70-20-10,guided-planning,mqtt,,veh-003,rsu-1,c4-rep2-mqtt-veh-003-229,ipi-session-1,airspan-followup-c4-rep2,veh-003,229,100-clients,default,stationary,unsynced,true,true,payload_bytes,1024,bytes,IPI-CooperativeService,1099,1786032394772157524,1786032220971909948,1786032220971940951,,,,,,"CooperativeService{guidedPlanning, status=request, vehicleId=0x7665682d303033, requestedHorizonMs=2500, confidence=100, planning.waypoints=1, offloadTaskId=probe-229, offloadPayload=1024 bytes}"
5g-receiver,1786032221342415042,edge4av-real-20260806-airspan-followup-run-1,c4-rep2-mqtt,airspan-followup-70-20-10,guided-planning,mqtt,,veh-003,rsu-1,c4-rep2-mqtt-veh-003-230,ipi-session-1,airspan-followup-c4-rep2,veh-003,230,100-clients,default,stationary,unsynced,true,true,payload_bytes,1024,bytes,IPI-CooperativeService,1099,1786032395125330293,1786032221342401441,1786032221342415042,,,,,,"CooperativeService{guidedPlanning, status=request, vehicleId=0x7665682d303033, requestedHorizonMs=2500, confidence=100, planning.waypoints=1, offloadTaskId=probe-230, offloadPayload=1024 bytes}"
5g-receiver,1786032221685152269,edge4av-real-20260806-airspan-followup-run-1,c4-rep2-mqtt,airspan-followup-70-20-10,guided-planning,mqtt,,veh-003,rsu-1,c4-rep2-mqtt-veh-003-231,ipi-session-1,airspan-followup-c4-rep2,veh-003,231,100-clients,default,stationary,unsynced,true,true,payload_bytes,1024,bytes,IPI-CooperativeService,1099,1786032395500151522,1786032221685108719,1786032221685152269,,,,,,"CooperativeService{guidedPlanning, status=request, vehicleId=0x7665682d303033, requestedHorizonMs=2500, confidence=100, planning.waypoints=1, offloadTaskId=probe-231, offloadPayload=1024 bytes}"
5g-receiver,1786032222044367853,edge4av-real-20260806-airspan-followup-run-1,c4-rep2-mqtt,airspan-followup-70-20-10,guided-planning,mqtt,,veh-003,rsu-1,c4-rep2-mqtt-veh-003-232,ipi-session-1,airspan-followup-c4-rep2,veh-003,232,100-clients,default,stationary,unsynced,true,true,payload_bytes,1024,bytes,IPI-CooperativeService,1099,1786032395842066979,1786032222044303351,1786032222044367853,,,,,,"CooperativeService{guidedPlanning, status=request, vehicleId=0x7665682d303033, requestedHorizonMs=2500, confidence=100, planning.waypoints=1, offloadTaskId=probe-232, offloadPayload=1024 bytes}"
5g-receiver,1786032222393972081,edge4av-real-20260806-airspan-followup-run-1,c4-rep2-mqtt,airspan-followup-70-20-10,guided-planning,mqtt,,veh-003,rsu-1,c4-rep2-mqtt-veh-003-233,ipi-session-1,airspan-followup-c4-rep2,veh-003,233,100-clients,default,stationary,unsynced,true,true,payload_bytes,1024,bytes,IPI-CooperativeService,1099,1786032396200259144,1786032222393958295,1786032222393972081,,,,,,"CooperativeService{guidedPlanning, status=request, vehicleId=0x7665682d303033, requestedHorizonMs=2500, confidence=100, planning.waypoints=1, offloadTaskId=probe-233, offloadPayload=1024 bytes}"
5g-receiver,1786032222745975303,edge4av-real-20260806-airspan-followup-run-1,c4-rep2-mqtt,airspan-followup-70-20-10,guided-planning,mqtt,,veh-003,rsu-1,c4-rep2-mqtt-veh-003-234,ipi-session-1,airspan-followup-c4-rep2,veh-003,234,100-clients,default,stationary,unsynced,true,true,payload_bytes,1024,bytes,IPI-CooperativeService,1099,1786032396550185830,1786032222745927446,1786032222745975303,,,,,,"CooperativeService{guidedPlanning, status=request, vehicleId=0x7665682d303033, requestedHorizonMs=2500, confidence=100, planning.waypoints=1, offloadTaskId=probe-234, offloadPayload=1024 bytes}"
5g-receiver,1786032223116562309,edge4av-real-20260806-airspan-followup-run-1,c4-rep2-mqtt,airspan-followup-70-20-10,guided-planning,mqtt,,veh-003,rsu-1,c4-rep2-mqtt-veh-003-235,ipi-session-1,airspan-followup-c4-rep2,veh-003,235,100-clients,default,stationary,unsynced,true,true,payload_bytes,1024,bytes,IPI-CooperativeService,1099,1786032396902005235,1786032223116495173,1786032223116562309,,,,,,"CooperativeService{guidedPlanning, status=request, vehicleId=0x7665682d303033, requestedHorizonMs=2500, confidence=100, planning.waypoints=1, offloadTaskId=probe-235, offloadPayload=1024 bytes}"
5g-receiver,1786032223486233414,edge4av-real-20260806-airspan-followup-run-1,c4-rep2-mqtt,airspan-followup-70-20-10,guided-planning,mqtt,,veh-003,rsu-1,c4-rep2-mqtt-veh-003-236,ipi-session-1,airspan-followup-c4-rep2,veh-003,236,100-clients,default,stationary,unsynced,true,true,payload_bytes,1024,bytes,IPI-CooperativeService,1099,1786032397269896999,1786032223486196470,1786032223486233414,,,,,,"CooperativeService{guidedPlanning, status=request, vehicleId=0x7665682d303033, requestedHorizonMs=2500, confidence=100, planning.waypoints=1, offloadTaskId=probe-236, offloadPayload=1024 bytes}"
5g-receiver,1786032223856415252,edge4av-real-20260806-airspan-followup-run-1,c4-rep2-mqtt,airspan-followup-70-20-10,guided-planning,mqtt,,veh-003,rsu-1,c4-rep2-mqtt-veh-003-237,ipi-session-1,airspan-followup-c4-rep2,veh-003,237,100-clients,default,stationary,unsynced,true,true,payload_bytes,1024,bytes,IPI-CooperativeService,1099,1786032397640079073,1786032223856395535,1786032223856415252,,,,,,"CooperativeService{guidedPlanning, status=request, vehicleId=0x7665682d303033, requestedHorizonMs=2500, confidence=100, planning.waypoints=1, offloadTaskId=probe-237, offloadPayload=1024 bytes}"
5g-receiver,1786032224216972478,edge4av-real-20260806-airspan-followup-run-1,c4-rep2-mqtt,airspan-followup-70-20-10,guided-planning,mqtt,,veh-003,rsu-1,c4-rep2-mqtt-veh-003-238,ipi-session-1,airspan-followup-c4-rep2,veh-003,238,100-clients,default,stationary,unsynced,true,true,payload_bytes,1024,bytes,IPI-CooperativeService,1099,1786032398009882691,1786032224216941104,1786032224216972478,,,,,,"CooperativeService{guidedPlanning, status=request, vehicleId=0x7665682d303033, requestedHorizonMs=2500, confidence=100, planning.waypoints=1, offloadTaskId=probe-238, offloadPayload=1024 bytes}"
5g-receiver,1786032224608220296,edge4av-real-20260806-airspan-followup-run-1,c4-rep2-mqtt,airspan-followup-70-20-10,guided-planning,mqtt,,veh-003,rsu-1,c4-rep2-mqtt-veh-003-239,ipi-session-1,airspan-followup-c4-rep2,veh-003,239,100-clients,default,stationary,unsynced,true,true,payload_bytes,1024,bytes,IPI-CooperativeService,1099,1786032398382122441,1786032224608161527,1786032224608220296,,,,,,"CooperativeService{guidedPlanning, status=request, vehicleId=0x7665682d303033, requestedHorizonMs=2500, confidence=100, planning.waypoints=1, offloadTaskId=probe-239, offloadPayload=1024 bytes}"
5g-receiver,1786032224989467258,edge4av-real-20260806-airspan-followup-run-1,c4-rep2-mqtt,airspan-followup-70-20-10,guided-planning,mqtt,,veh-003,rsu-1,c4-rep2-mqtt-veh-003-240,ipi-session-1,airspan-followup-c4-rep2,veh-003,240,100-clients,default,stationary,unsynced,true,true,payload_bytes,1024,bytes,IPI-CooperativeService,1099,1786032398770166545,1786032224989408513,1786032224989467258,,,,,,"CooperativeService{guidedPlanning, status=request, vehicleId=0x7665682d303033, requestedHorizonMs=2500, confidence=100, planning.waypoints=1, offloadTaskId=probe-240, offloadPayload=1024 bytes}"
5g-receiver,1786032225720877694,edge4av-real-20260806-airspan-followup-run-1,c4-rep2-mqtt,airspan-followup-70-20-10,guided-planning,mqtt,,veh-003,rsu-1,c4-rep2-mqtt-veh-003-241,ipi-session-1,airspan-followup-c4-rep2,veh-003,241,100-clients,default,stationary,unsynced,true,true,payload_bytes,1024,bytes,IPI-CooperativeService,1099,1786032399146158818,1786032225720833210,1786032225720877694,,,,,,"CooperativeService{guidedPlanning, status=request, vehicleId=0x7665682d303033, requestedHorizonMs=2500, confidence=100, planning.waypoints=1, offloadTaskId=probe-241, offloadPayload=1024 bytes}"
5g-receiver,1786032226081365338,edge4av-real-20260806-airspan-followup-run-1,c4-rep2-mqtt,airspan-followup-70-20-10,guided-planning,mqtt,,veh-003,rsu-1,c4-rep2-mqtt-veh-003-242,ipi-session-1,airspan-followup-c4-rep2,veh-003,242,100-clients,default,stationary,unsynced,true,true,payload_bytes,1024,bytes,IPI-CooperativeService,1099,1786032399880104097,1786032226081313327,1786032226081365338,,,,,,"CooperativeService{guidedPlanning, status=request, vehicleId=0x7665682d303033, requestedHorizonMs=2500, confidence=100, planning.waypoints=1, offloadTaskId=probe-242, offloadPayload=1024 bytes}"
5g-receiver,1786032226461994495,edge4av-real-20260806-airspan-followup-run-1,c4-rep2-mqtt,airspan-followup-70-20-10,guided-planning,mqtt,,veh-003,rsu-1,c4-rep2-mqtt-veh-003-243,ipi-session-1,airspan-followup-c4-rep2,veh-003,243,100-clients,default,stationary,unsynced,true,true,payload_bytes,1024,bytes,IPI-CooperativeService,1099,1786032400236368953,1786032226461934132,1786032226461994495,,,,,,"CooperativeService{guidedPlanning, status=request, vehicleId=0x7665682d303033, requestedHorizonMs=2500, confidence=100, planning.waypoints=1, offloadTaskId=probe-243, offloadPayload=1024 bytes}"
5g-receiver,1786032226852522298,edge4av-real-20260806-airspan-followup-run-1,c4-rep2-mqtt,airspan-followup-70-20-10,guided-planning,mqtt,,veh-003,rsu-1,c4-rep2-mqtt-veh-003-244,ipi-session-1,airspan-followup-c4-rep2,veh-003,244,100-clients,default,stationary,unsynced,true,true,payload_bytes,1024,bytes,IPI-CooperativeService,1099,1786032400628247990,1786032226852451734,1786032226852522298,,,,,,"CooperativeService{guidedPlanning, status=request, vehicleId=0x7665682d303033, requestedHorizonMs=2500, confidence=100, planning.waypoints=1, offloadTaskId=probe-244, offloadPayload=1024 bytes}"
5g-receiver,1786032227222931872,edge4av-real-20260806-airspan-followup-run-1,c4-rep2-mqtt,airspan-followup-70-20-10,guided-planning,mqtt,,veh-003,rsu-1,c4-rep2-mqtt-veh-003-245,ipi-session-1,airspan-followup-c4-rep2,veh-003,245,100-clients,default,stationary,unsynced,true,true,payload_bytes,1024,bytes,IPI-CooperativeService,1099,1786032401006208464,1786032227222905792,1786032227222931872,,,,,,"CooperativeService{guidedPlanning, status=request, vehicleId=0x7665682d303033, requestedHorizonMs=2500, confidence=100, planning.waypoints=1, offloadTaskId=probe-245, offloadPayload=1024 bytes}"
5g-receiver,1786032227594560684,edge4av-real-20260806-airspan-followup-run-1,c4-rep2-mqtt,airspan-followup-70-20-10,guided-planning,mqtt,,veh-003,rsu-1,c4-rep2-mqtt-veh-003-246,ipi-session-1,airspan-followup-c4-rep2,veh-003,246,100-clients,default,stationary,unsynced,true,true,payload_bytes,1024,bytes,IPI-CooperativeService,1099,1786032401378137150,1786032227594516360,1786032227594560684,,,,,,"CooperativeService{guidedPlanning, status=request, vehicleId=0x7665682d303033, requestedHorizonMs=2500, confidence=100, planning.waypoints=1, offloadTaskId=probe-246, offloadPayload=1024 bytes}"
5g-receiver,1786032227974153439,edge4av-real-20260806-airspan-followup-run-1,c4-rep2-mqtt,airspan-followup-70-20-10,guided-planning,mqtt,,veh-003,rsu-1,c4-rep2-mqtt-veh-003-247,ipi-session-1,airspan-followup-c4-rep2,veh-003,247,100-clients,default,stationary,unsynced,true,true,payload_bytes,1024,bytes,IPI-CooperativeService,1099,1786032401754148704,1786032227974102947,1786032227974153439,,,,,,"CooperativeService{guidedPlanning, status=request, vehicleId=0x7665682d303033, requestedHorizonMs=2500, confidence=100, planning.waypoints=1, offloadTaskId=probe-247, offloadPayload=1024 bytes}"
5g-receiver,1786032228336132748,edge4av-real-20260806-airspan-followup-run-1,c4-rep2-mqtt,airspan-followup-70-20-10,guided-planning,mqtt,,veh-003,rsu-1,c4-rep2-mqtt-veh-003-248,ipi-session-1,airspan-followup-c4-rep2,veh-003,248,100-clients,default,stationary,unsynced,true,true,payload_bytes,1024,bytes,IPI-CooperativeService,1099,1786032402128143014,1786032228336088325,1786032228336132748,,,,,,"CooperativeService{guidedPlanning, status=request, vehicleId=0x7665682d303033, requestedHorizonMs=2500, confidence=100, planning.waypoints=1, offloadTaskId=probe-248, offloadPayload=1024 bytes}"
5g-receiver,1786032228715973788,edge4av-real-20260806-airspan-followup-run-1,c4-rep2-mqtt,airspan-followup-70-20-10,guided-planning,mqtt,,veh-003,rsu-1,c4-rep2-mqtt-veh-003-249,ipi-session-1,airspan-followup-c4-rep2,veh-003,249,100-clients,default,stationary,unsynced,true,true,payload_bytes,1024,bytes,IPI-CooperativeService,1099,1786032402492118225,1786032228715954088,1786032228715973788,,,,,,"CooperativeService{guidedPlanning, status=request, vehicleId=0x7665682d303033, requestedHorizonMs=2500, confidence=100, planning.waypoints=1, offloadTaskId=probe-249, offloadPayload=1024 bytes}"
5g-receiver,1786032229086496240,edge4av-real-20260806-airspan-followup-run-1,c4-rep2-mqtt,airspan-followup-70-20-10,guided-planning,mqtt,,veh-003,rsu-1,c4-rep2-mqtt-veh-003-250,ipi-session-1,airspan-followup-c4-rep2,veh-003,250,100-clients,default,stationary,unsynced,true,true,payload_bytes,1024,bytes,IPI-CooperativeService,1099,1786032402872149665,1786032229086452701,1786032229086496240,,,,,,"CooperativeService{guidedPlanning, status=request, vehicleId=0x7665682d303033, requestedHorizonMs=2500, confidence=100, planning.waypoints=1, offloadTaskId=probe-250, offloadPayload=1024 bytes}"
5g-receiver,1786032229457989397,edge4av-real-20260806-airspan-followup-run-1,c4-rep2-mqtt,airspan-followup-70-20-10,guided-planning,mqtt,,veh-003,rsu-1,c4-rep2-mqtt-veh-003-251,ipi-session-1,airspan-followup-c4-rep2,veh-003,251,100-clients,default,stationary,unsynced,true,true,payload_bytes,1024,bytes,IPI-CooperativeService,1099,1786032403242602625,1786032229457945088,1786032229457989397,,,,,,"CooperativeService{guidedPlanning, status=request, vehicleId=0x7665682d303033, requestedHorizonMs=2500, confidence=100, planning.waypoints=1, offloadTaskId=probe-251, offloadPayload=1024 bytes}"
5g-receiver,1786032229848141546,edge4av-real-20260806-airspan-followup-run-1,c4-rep2-mqtt,airspan-followup-70-20-10,guided-planning,mqtt,,veh-003,rsu-1,c4-rep2-mqtt-veh-003-252,ipi-session-1,airspan-followup-c4-rep2,veh-003,252,100-clients,default,stationary,unsynced,true,true,payload_bytes,1024,bytes,IPI-CooperativeService,1099,1786032403616153020,1786032229848086897,1786032229848141546,,,,,,"CooperativeService{guidedPlanning, status=request, vehicleId=0x7665682d303033, requestedHorizonMs=2500, confidence=100, planning.waypoints=1, offloadTaskId=probe-252, offloadPayload=1024 bytes}"
5g-receiver,1786032230229141830,edge4av-real-20260806-airspan-followup-run-1,c4-rep2-mqtt,airspan-followup-70-20-10,guided-planning,mqtt,,veh-003,rsu-1,c4-rep2-mqtt-veh-003-253,ipi-session-1,airspan-followup-c4-rep2,veh-003,253,100-clients,default,stationary,unsynced,true,true,payload_bytes,1024,bytes,IPI-CooperativeService,1099,1786032404004184755,1786032230229097456,1786032230229141830,,,,,,"CooperativeService{guidedPlanning, status=request, vehicleId=0x7665682d303033, requestedHorizonMs=2500, confidence=100, planning.waypoints=1, offloadTaskId=probe-253, offloadPayload=1024 bytes}"
5g-receiver,1786032230589104758,edge4av-real-20260806-airspan-followup-run-1,c4-rep2-mqtt,airspan-followup-70-20-10,guided-planning,mqtt,,veh-003,rsu-1,c4-rep2-mqtt-veh-003-254,ipi-session-1,airspan-followup-c4-rep2,veh-003,254,100-clients,default,stationary,unsynced,true,true,payload_bytes,1024,bytes,IPI-CooperativeService,1099,1786032404386122850,1786032230589036086,1786032230589104758,,,,,,"CooperativeService{guidedPlanning, status=request, vehicleId=0x7665682d303033, requestedHorizonMs=2500, confidence=100, planning.waypoints=1, offloadTaskId=probe-254, offloadPayload=1024 bytes}"
5g-receiver,1786032230969072170,edge4av-real-20260806-airspan-followup-run-1,c4-rep2-mqtt,airspan-followup-70-20-10,guided-planning,mqtt,,veh-003,rsu-1,c4-rep2-mqtt-veh-003-255,ipi-session-1,airspan-followup-c4-rep2,veh-003,255,100-clients,default,stationary,unsynced,true,true,payload_bytes,1024,bytes,IPI-CooperativeService,1099,1786032404744283697,1786032230969054657,1786032230969072170,,,,,,"CooperativeService{guidedPlanning, status=request, vehicleId=0x7665682d303033, requestedHorizonMs=2500, confidence=100, planning.waypoints=1, offloadTaskId=probe-255, offloadPayload=1024 bytes}"
5g-receiver,1786032231340245487,edge4av-real-20260806-airspan-followup-run-1,c4-rep2-mqtt,airspan-followup-70-20-10,guided-planning,mqtt,,veh-003,rsu-1,c4-rep2-mqtt-veh-003-256,ipi-session-1,airspan-followup-c4-rep2,veh-003,256,100-clients,default,stationary,unsynced,true,true,payload_bytes,1024,bytes,IPI-CooperativeService,1099,1786032405122177985,1786032231340190905,1786032231340245487,,,,,,"CooperativeService{guidedPlanning, status=request, vehicleId=0x7665682d303033, requestedHorizonMs=2500, confidence=100, planning.waypoints=1, offloadTaskId=probe-256, offloadPayload=1024 bytes}"
5g-receiver,1786032231711650394,edge4av-real-20260806-airspan-followup-run-1,c4-rep2-mqtt,airspan-followup-70-20-10,guided-planning,mqtt,,veh-003,rsu-1,c4-rep2-mqtt-veh-003-257,ipi-session-1,airspan-followup-c4-rep2,veh-003,257,100-clients,default,stationary,unsynced,true,true,payload_bytes,1024,bytes,IPI-CooperativeService,1099,1786032405492217430,1786032231711588795,1786032231711650394,,,,,,"CooperativeService{guidedPlanning, status=request, vehicleId=0x7665682d303033, requestedHorizonMs=2500, confidence=100, planning.waypoints=1, offloadTaskId=probe-257, offloadPayload=1024 bytes}"
5g-receiver,1786032232081000144,edge4av-real-20260806-airspan-followup-run-1,c4-rep2-mqtt,airspan-followup-70-20-10,guided-planning,mqtt,,veh-003,rsu-1,c4-rep2-mqtt-veh-003-258,ipi-session-1,airspan-followup-c4-rep2,veh-003,258,100-clients,default,stationary,unsynced,true,true,payload_bytes,1024,bytes,IPI-CooperativeService,1099,1786032405866087922,1786032232080987669,1786032232081000144,,,,,,"CooperativeService{guidedPlanning, status=request, vehicleId=0x7665682d303033, requestedHorizonMs=2500, confidence=100, planning.waypoints=1, offloadTaskId=probe-258, offloadPayload=1024 bytes}"
5g-receiver,1786032232443084477,edge4av-real-20260806-airspan-followup-run-1,c4-rep2-mqtt,airspan-followup-70-20-10,guided-planning,mqtt,,veh-003,rsu-1,c4-rep2-mqtt-veh-003-259,ipi-session-1,airspan-followup-c4-rep2,veh-003,259,100-clients,default,stationary,unsynced,true,true,payload_bytes,1024,bytes,IPI-CooperativeService,1099,1786032406236329907,1786032232443023036,1786032232443084477,,,,,,"CooperativeService{guidedPlanning, status=request, vehicleId=0x7665682d303033, requestedHorizonMs=2500, confidence=100, planning.waypoints=1, offloadTaskId=probe-259, offloadPayload=1024 bytes}"
5g-receiver,1786032232822814610,edge4av-real-20260806-airspan-followup-run-1,c4-rep2-mqtt,airspan-followup-70-20-10,guided-planning,mqtt,,veh-003,rsu-1,c4-rep2-mqtt-veh-003-260,ipi-session-1,airspan-followup-c4-rep2,veh-003,260,100-clients,default,stationary,unsynced,true,true,payload_bytes,1024,bytes,IPI-CooperativeService,1099,1786032406598138623,1786032232822754113,1786032232822814610,,,,,,"CooperativeService{guidedPlanning, status=request, vehicleId=0x7665682d303033, requestedHorizonMs=2500, confidence=100, planning.waypoints=1, offloadTaskId=probe-260, offloadPayload=1024 bytes}"
5g-receiver,1786032233185423664,edge4av-real-20260806-airspan-followup-run-1,c4-rep2-mqtt,airspan-followup-70-20-10,guided-planning,mqtt,,veh-003,rsu-1,c4-rep2-mqtt-veh-003-261,ipi-session-1,airspan-followup-c4-rep2,veh-003,261,100-clients,default,stationary,unsynced,true,true,payload_bytes,1024,bytes,IPI-CooperativeService,1099,1786032406975879610,1786032233185356355,1786032233185423664,,,,,,"CooperativeService{guidedPlanning, status=request, vehicleId=0x7665682d303033, requestedHorizonMs=2500, confidence=100, planning.waypoints=1, offloadTaskId=probe-261, offloadPayload=1024 bytes}"
5g-receiver,1786032233564593163,edge4av-real-20260806-airspan-followup-run-1,c4-rep2-mqtt,airspan-followup-70-20-10,guided-planning,mqtt,,veh-003,rsu-1,c4-rep2-mqtt-veh-003-262,ipi-session-1,airspan-followup-c4-rep2,veh-003,262,100-clients,default,stationary,unsynced,true,true,payload_bytes,1024,bytes,IPI-CooperativeService,1099,1786032407344170753,1786032233564534405,1786032233564593163,,,,,,"CooperativeService{guidedPlanning, status=request, vehicleId=0x7665682d303033, requestedHorizonMs=2500, confidence=100, planning.waypoints=1, offloadTaskId=probe-262, offloadPayload=1024 bytes}"
5g-receiver,1786032233946280699,edge4av-real-20260806-airspan-followup-run-1,c4-rep2-mqtt,airspan-followup-70-20-10,guided-planning,mqtt,,veh-003,rsu-1,c4-rep2-mqtt-veh-003-263,ipi-session-1,airspan-followup-c4-rep2,veh-003,263,100-clients,default,stationary,unsynced,true,true,payload_bytes,1024,bytes,IPI-CooperativeService,1099,1786032407722111425,1786032233946222401,1786032233946280699,,,,,,"CooperativeService{guidedPlanning, status=request, vehicleId=0x7665682d303033, requestedHorizonMs=2500, confidence=100, planning.waypoints=1, offloadTaskId=probe-263, offloadPayload=1024 bytes}"
5g-receiver,1786032234325405611,edge4av-real-20260806-airspan-followup-run-1,c4-rep2-mqtt,airspan-followup-70-20-10,guided-planning,mqtt,,veh-003,rsu-1,c4-rep2-mqtt-veh-003-264,ipi-session-1,airspan-followup-c4-rep2,veh-003,264,100-clients,default,stationary,unsynced,true,true,payload_bytes,1024,bytes,IPI-CooperativeService,1099,1786032408104054367,1786032234325361666,1786032234325405611,,,,,,"CooperativeService{guidedPlanning, status=request, vehicleId=0x7665682d303033, requestedHorizonMs=2500, confidence=100, planning.waypoints=1, offloadTaskId=probe-264, offloadPayload=1024 bytes}"
5g-receiver,1786032234696214458,edge4av-real-20260806-airspan-followup-run-1,c4-rep2-mqtt,airspan-followup-70-20-10,guided-planning,mqtt,,veh-003,rsu-1,c4-rep2-mqtt-veh-003-265,ipi-session-1,airspan-followup-c4-rep2,veh-003,265,100-clients,default,stationary,unsynced,true,true,payload_bytes,1024,bytes,IPI-CooperativeService,1099,1786032408482284535,1786032234696146577,1786032234696214458,,,,,,"CooperativeService{guidedPlanning, status=request, vehicleId=0x7665682d303033, requestedHorizonMs=2500, confidence=100, planning.waypoints=1, offloadTaskId=probe-265, offloadPayload=1024 bytes}"
5g-receiver,1786032235076257018,edge4av-real-20260806-airspan-followup-run-1,c4-rep2-mqtt,airspan-followup-70-20-10,guided-planning,mqtt,,veh-003,rsu-1,c4-rep2-mqtt-veh-003-266,ipi-session-1,airspan-followup-c4-rep2,veh-003,266,100-clients,default,stationary,unsynced,true,true,payload_bytes,1024,bytes,IPI-CooperativeService,1099,1786032408856243947,1786032235076231865,1786032235076257018,,,,,,"CooperativeService{guidedPlanning, status=request, vehicleId=0x7665682d303033, requestedHorizonMs=2500, confidence=100, planning.waypoints=1, offloadTaskId=probe-266, offloadPayload=1024 bytes}"
5g-receiver,1786032235438880160,edge4av-real-20260806-airspan-followup-run-1,c4-rep2-mqtt,airspan-followup-70-20-10,guided-planning,mqtt,,veh-003,rsu-1,c4-rep2-mqtt-veh-003-267,ipi-session-1,airspan-followup-c4-rep2,veh-003,267,100-clients,default,stationary,unsynced,true,true,payload_bytes,1024,bytes,IPI-CooperativeService,1099,1786032409232265411,1786032235438836898,1786032235438880160,,,,,,"CooperativeService{guidedPlanning, status=request, vehicleId=0x7665682d303033, requestedHorizonMs=2500, confidence=100, planning.waypoints=1, offloadTaskId=probe-267, offloadPayload=1024 bytes}"
5g-receiver,1786032235769097151,edge4av-real-20260806-airspan-followup-run-1,c4-rep2-mqtt,airspan-followup-70-20-10,guided-planning,mqtt,,veh-003,rsu-1,c4-rep2-mqtt-veh-003-268,ipi-session-1,airspan-followup-c4-rep2,veh-003,268,100-clients,default,stationary,unsynced,true,true,payload_bytes,1024,bytes,IPI-CooperativeService,1099,1786032409598098238,1786032235769053081,1786032235769097151,,,,,,"CooperativeService{guidedPlanning, status=request, vehicleId=0x7665682d303033, requestedHorizonMs=2500, confidence=100, planning.waypoints=1, offloadTaskId=probe-268, offloadPayload=1024 bytes}"
5g-receiver,1786032236098400966,edge4av-real-20260806-airspan-followup-run-1,c4-rep2-mqtt,airspan-followup-70-20-10,guided-planning,mqtt,,veh-003,rsu-1,c4-rep2-mqtt-veh-003-269,ipi-session-1,airspan-followup-c4-rep2,veh-003,269,100-clients,default,stationary,unsynced,true,true,payload_bytes,1024,bytes,IPI-CooperativeService,1099,1786032409928213637,1786032236098383268,1786032236098400966,,,,,,"CooperativeService{guidedPlanning, status=request, vehicleId=0x7665682d303033, requestedHorizonMs=2500, confidence=100, planning.waypoints=1, offloadTaskId=probe-269, offloadPayload=1024 bytes}"
5g-receiver,1786032236440440057,edge4av-real-20260806-airspan-followup-run-1,c4-rep2-mqtt,airspan-followup-70-20-10,guided-planning,mqtt,,veh-003,rsu-1,c4-rep2-mqtt-veh-003-270,ipi-session-1,airspan-followup-c4-rep2,veh-003,270,100-clients,default,stationary,unsynced,true,true,payload_bytes,1024,bytes,IPI-CooperativeService,1099,1786032410264141049,1786032236440368873,1786032236440440057,,,,,,"CooperativeService{guidedPlanning, status=request, vehicleId=0x7665682d303033, requestedHorizonMs=2500, confidence=100, planning.waypoints=1, offloadTaskId=probe-270, offloadPayload=1024 bytes}"
5g-receiver,1786032236760700349,edge4av-real-20260806-airspan-followup-run-1,c4-rep2-mqtt,airspan-followup-70-20-10,guided-planning,mqtt,,veh-003,rsu-1,c4-rep2-mqtt-veh-003-271,ipi-session-1,airspan-followup-c4-rep2,veh-003,271,100-clients,default,stationary,unsynced,true,true,payload_bytes,1024,bytes,IPI-CooperativeService,1099,1786032410600219560,1786032236760655966,1786032236760700349,,,,,,"CooperativeService{guidedPlanning, status=request, vehicleId=0x7665682d303033, requestedHorizonMs=2500, confidence=100, planning.waypoints=1, offloadTaskId=probe-271, offloadPayload=1024 bytes}"
5g-receiver,1786032237120926155,edge4av-real-20260806-airspan-followup-run-1,c4-rep2-mqtt,airspan-followup-70-20-10,guided-planning,mqtt,,veh-003,rsu-1,c4-rep2-mqtt-veh-003-272,ipi-session-1,airspan-followup-c4-rep2,veh-003,272,100-clients,default,stationary,unsynced,true,true,payload_bytes,1024,bytes,IPI-CooperativeService,1099,1786032410916151027,1786032237120887810,1786032237120926155,,,,,,"CooperativeService{guidedPlanning, status=request, vehicleId=0x7665682d303033, requestedHorizonMs=2500, confidence=100, planning.waypoints=1, offloadTaskId=probe-272, offloadPayload=1024 bytes}"
5g-receiver,1786032237461191894,edge4av-real-20260806-airspan-followup-run-1,c4-rep2-mqtt,airspan-followup-70-20-10,guided-planning,mqtt,,veh-003,rsu-1,c4-rep2-mqtt-veh-003-273,ipi-session-1,airspan-followup-c4-rep2,veh-003,273,100-clients,default,stationary,unsynced,true,true,payload_bytes,1024,bytes,IPI-CooperativeService,1099,1786032411276244592,1786032237461130497,1786032237461191894,,,,,,"CooperativeService{guidedPlanning, status=request, vehicleId=0x7665682d303033, requestedHorizonMs=2500, confidence=100, planning.waypoints=1, offloadTaskId=probe-273, offloadPayload=1024 bytes}"
5g-receiver,1786032237841145193,edge4av-real-20260806-airspan-followup-run-1,c4-rep2-mqtt,airspan-followup-70-20-10,guided-planning,mqtt,,veh-003,rsu-1,c4-rep2-mqtt-veh-003-274,ipi-session-1,airspan-followup-c4-rep2,veh-003,274,100-clients,default,stationary,unsynced,true,true,payload_bytes,1024,bytes,IPI-CooperativeService,1099,1786032411618259874,1786032237841122084,1786032237841145193,,,,,,"CooperativeService{guidedPlanning, status=request, vehicleId=0x7665682d303033, requestedHorizonMs=2500, confidence=100, planning.waypoints=1, offloadTaskId=probe-274, offloadPayload=1024 bytes}"
5g-receiver,1786032238212102253,edge4av-real-20260806-airspan-followup-run-1,c4-rep2-mqtt,airspan-followup-70-20-10,guided-planning,mqtt,,veh-003,rsu-1,c4-rep2-mqtt-veh-003-275,ipi-session-1,airspan-followup-c4-rep2,veh-003,275,100-clients,default,stationary,unsynced,true,true,payload_bytes,1024,bytes,IPI-CooperativeService,1099,1786032411994198603,1786032238212069780,1786032238212102253,,,,,,"CooperativeService{guidedPlanning, status=request, vehicleId=0x7665682d303033, requestedHorizonMs=2500, confidence=100, planning.waypoints=1, offloadTaskId=probe-275, offloadPayload=1024 bytes}"
5g-receiver,1786032238584754647,edge4av-real-20260806-airspan-followup-run-1,c4-rep2-mqtt,airspan-followup-70-20-10,guided-planning,mqtt,,veh-003,rsu-1,c4-rep2-mqtt-veh-003-276,ipi-session-1,airspan-followup-c4-rep2,veh-003,276,100-clients,default,stationary,unsynced,true,true,payload_bytes,1024,bytes,IPI-CooperativeService,1099,1786032412370206828,1786032238584710518,1786032238584754647,,,,,,"CooperativeService{guidedPlanning, status=request, vehicleId=0x7665682d303033, requestedHorizonMs=2500, confidence=100, planning.waypoints=1, offloadTaskId=probe-276, offloadPayload=1024 bytes}"
5g-receiver,1786032238954572388,edge4av-real-20260806-airspan-followup-run-1,c4-rep2-mqtt,airspan-followup-70-20-10,guided-planning,mqtt,,veh-003,rsu-1,c4-rep2-mqtt-veh-003-277,ipi-session-1,airspan-followup-c4-rep2,veh-003,277,100-clients,default,stationary,unsynced,true,true,payload_bytes,1024,bytes,IPI-CooperativeService,1099,1786032412740340276,1786032238954532286,1786032238954572388,,,,,,"CooperativeService{guidedPlanning, status=request, vehicleId=0x7665682d303033, requestedHorizonMs=2500, confidence=100, planning.waypoints=1, offloadTaskId=probe-277, offloadPayload=1024 bytes}"
5g-receiver,1786032239326655780,edge4av-real-20260806-airspan-followup-run-1,c4-rep2-mqtt,airspan-followup-70-20-10,guided-planning,mqtt,,veh-003,rsu-1,c4-rep2-mqtt-veh-003-278,ipi-session-1,airspan-followup-c4-rep2,veh-003,278,100-clients,default,stationary,unsynced,true,true,payload_bytes,1024,bytes,IPI-CooperativeService,1099,1786032413108242103,1786032239326611901,1786032239326655780,,,,,,"CooperativeService{guidedPlanning, status=request, vehicleId=0x7665682d303033, requestedHorizonMs=2500, confidence=100, planning.waypoints=1, offloadTaskId=probe-278, offloadPayload=1024 bytes}"
5g-receiver,1786032239685299324,edge4av-real-20260806-airspan-followup-run-1,c4-rep2-mqtt,airspan-followup-70-20-10,guided-planning,mqtt,,veh-003,rsu-1,c4-rep2-mqtt-veh-003-279,ipi-session-1,airspan-followup-c4-rep2,veh-003,279,100-clients,default,stationary,unsynced,true,true,payload_bytes,1024,bytes,IPI-CooperativeService,1099,1786032413480198696,1786032239685244720,1786032239685299324,,,,,,"CooperativeService{guidedPlanning, status=request, vehicleId=0x7665682d303033, requestedHorizonMs=2500, confidence=100, planning.waypoints=1, offloadTaskId=probe-279, offloadPayload=1024 bytes}"
5g-receiver,1786032240065113160,edge4av-real-20260806-airspan-followup-run-1,c4-rep2-mqtt,airspan-followup-70-20-10,guided-planning,mqtt,,veh-003,rsu-1,c4-rep2-mqtt-veh-003-280,ipi-session-1,airspan-followup-c4-rep2,veh-003,280,100-clients,default,stationary,unsynced,true,true,payload_bytes,1024,bytes,IPI-CooperativeService,1099,1786032413842184663,1786032240065079890,1786032240065113160,,,,,,"CooperativeService{guidedPlanning, status=request, vehicleId=0x7665682d303033, requestedHorizonMs=2500, confidence=100, planning.waypoints=1, offloadTaskId=probe-280, offloadPayload=1024 bytes}"
5g-receiver,1786032240436426523,edge4av-real-20260806-airspan-followup-run-1,c4-rep2-mqtt,airspan-followup-70-20-10,guided-planning,mqtt,,veh-003,rsu-1,c4-rep2-mqtt-veh-003-281,ipi-session-1,airspan-followup-c4-rep2,veh-003,281,100-clients,default,stationary,unsynced,true,true,payload_bytes,1024,bytes,IPI-CooperativeService,1099,1786032414220100330,1786032240436360744,1786032240436426523,,,,,,"CooperativeService{guidedPlanning, status=request, vehicleId=0x7665682d303033, requestedHorizonMs=2500, confidence=100, planning.waypoints=1, offloadTaskId=probe-281, offloadPayload=1024 bytes}"
5g-receiver,1786032240817801224,edge4av-real-20260806-airspan-followup-run-1,c4-rep2-mqtt,airspan-followup-70-20-10,guided-planning,mqtt,,veh-003,rsu-1,c4-rep2-mqtt-veh-003-282,ipi-session-1,airspan-followup-c4-rep2,veh-003,282,100-clients,default,stationary,unsynced,true,true,payload_bytes,1024,bytes,IPI-CooperativeService,1099,1786032414594181322,1786032240817746760,1786032240817801224,,,,,,"CooperativeService{guidedPlanning, status=request, vehicleId=0x7665682d303033, requestedHorizonMs=2500, confidence=100, planning.waypoints=1, offloadTaskId=probe-282, offloadPayload=1024 bytes}"
5g-receiver,1786032241187870116,edge4av-real-20260806-airspan-followup-run-1,c4-rep2-mqtt,airspan-followup-70-20-10,guided-planning,mqtt,,veh-003,rsu-1,c4-rep2-mqtt-veh-003-283,ipi-session-1,airspan-followup-c4-rep2,veh-003,283,100-clients,default,stationary,unsynced,true,true,payload_bytes,1024,bytes,IPI-CooperativeService,1099,1786032414976121653,1786032241187826063,1786032241187870116,,,,,,"CooperativeService{guidedPlanning, status=request, vehicleId=0x7665682d303033, requestedHorizonMs=2500, confidence=100, planning.waypoints=1, offloadTaskId=probe-283, offloadPayload=1024 bytes}"
5g-receiver,1786032241542310518,edge4av-real-20260806-airspan-followup-run-1,c4-rep2-mqtt,airspan-followup-70-20-10,guided-planning,mqtt,,veh-003,rsu-1,c4-rep2-mqtt-veh-003-284,ipi-session-1,airspan-followup-c4-rep2,veh-003,284,100-clients,default,stationary,unsynced,true,true,payload_bytes,1024,bytes,IPI-CooperativeService,1099,1786032415342186405,1786032241542265972,1786032241542310518,,,,,,"CooperativeService{guidedPlanning, status=request, vehicleId=0x7665682d303033, requestedHorizonMs=2500, confidence=100, planning.waypoints=1, offloadTaskId=probe-284, offloadPayload=1024 bytes}"
5g-receiver,1786032241890991749,edge4av-real-20260806-airspan-followup-run-1,c4-rep2-mqtt,airspan-followup-70-20-10,guided-planning,mqtt,,veh-003,rsu-1,c4-rep2-mqtt-veh-003-285,ipi-session-1,airspan-followup-c4-rep2,veh-003,285,100-clients,default,stationary,unsynced,true,true,payload_bytes,1024,bytes,IPI-CooperativeService,1099,1786032415706244157,1786032241890947718,1786032241890991749,,,,,,"CooperativeService{guidedPlanning, status=request, vehicleId=0x7665682d303033, requestedHorizonMs=2500, confidence=100, planning.waypoints=1, offloadTaskId=probe-285, offloadPayload=1024 bytes}"
5g-receiver,1786032242229141029,edge4av-real-20260806-airspan-followup-run-1,c4-rep2-mqtt,airspan-followup-70-20-10,guided-planning,mqtt,,veh-003,rsu-1,c4-rep2-mqtt-veh-003-286,ipi-session-1,airspan-followup-c4-rep2,veh-003,286,100-clients,default,stationary,unsynced,true,true,payload_bytes,1024,bytes,IPI-CooperativeService,1099,1786032416044403577,1786032242229125907,1786032242229141029,,,,,,"CooperativeService{guidedPlanning, status=request, vehicleId=0x7665682d303033, requestedHorizonMs=2500, confidence=100, planning.waypoints=1, offloadTaskId=probe-286, offloadPayload=1024 bytes}"
5g-receiver,1786032242600176060,edge4av-real-20260806-airspan-followup-run-1,c4-rep2-mqtt,airspan-followup-70-20-10,guided-planning,mqtt,,veh-003,rsu-1,c4-rep2-mqtt-veh-003-287,ipi-session-1,airspan-followup-c4-rep2,veh-003,287,100-clients,default,stationary,unsynced,true,true,payload_bytes,1024,bytes,IPI-CooperativeService,1099,1786032416382466013,1786032242600120308,1786032242600176060,,,,,,"CooperativeService{guidedPlanning, status=request, vehicleId=0x7665682d303033, requestedHorizonMs=2500, confidence=100, planning.waypoints=1, offloadTaskId=probe-287, offloadPayload=1024 bytes}"
5g-receiver,1786032242980427465,edge4av-real-20260806-airspan-followup-run-1,c4-rep2-mqtt,airspan-followup-70-20-10,guided-planning,mqtt,,veh-003,rsu-1,c4-rep2-mqtt-veh-003-288,ipi-session-1,airspan-followup-c4-rep2,veh-003,288,100-clients,default,stationary,unsynced,true,true,payload_bytes,1024,bytes,IPI-CooperativeService,1099,1786032416761927136,1786032242980398854,1786032242980427465,,,,,,"CooperativeService{guidedPlanning, status=request, vehicleId=0x7665682d303033, requestedHorizonMs=2500, confidence=100, planning.waypoints=1, offloadTaskId=probe-288, offloadPayload=1024 bytes}"
5g-receiver,1786032243322529938,edge4av-real-20260806-airspan-followup-run-1,c4-rep2-mqtt,airspan-followup-70-20-10,guided-planning,mqtt,,veh-003,rsu-1,c4-rep2-mqtt-veh-003-289,ipi-session-1,airspan-followup-c4-rep2,veh-003,289,100-clients,default,stationary,unsynced,true,true,payload_bytes,1024,bytes,IPI-CooperativeService,1099,1786032417132321082,1786032243322482819,1786032243322529938,,,,,,"CooperativeService{guidedPlanning, status=request, vehicleId=0x7665682d303033, requestedHorizonMs=2500, confidence=100, planning.waypoints=1, offloadTaskId=probe-289, offloadPayload=1024 bytes}"
5g-receiver,1786032243641454600,edge4av-real-20260806-airspan-followup-run-1,c4-rep2-mqtt,airspan-followup-70-20-10,guided-planning,mqtt,,veh-003,rsu-1,c4-rep2-mqtt-veh-003-290,ipi-session-1,airspan-followup-c4-rep2,veh-003,290,100-clients,default,stationary,unsynced,true,true,payload_bytes,1024,bytes,IPI-CooperativeService,1099,1786032417480327846,1786032243641441371,1786032243641454600,,,,,,"CooperativeService{guidedPlanning, status=request, vehicleId=0x7665682d303033, requestedHorizonMs=2500, confidence=100, planning.waypoints=1, offloadTaskId=probe-290, offloadPayload=1024 bytes}"
5g-receiver,1786032244004016445,edge4av-real-20260806-airspan-followup-run-1,c4-rep2-mqtt,airspan-followup-70-20-10,guided-planning,mqtt,,veh-003,rsu-1,c4-rep2-mqtt-veh-003-291,ipi-session-1,airspan-followup-c4-rep2,veh-003,291,100-clients,default,stationary,unsynced,true,true,payload_bytes,1024,bytes,IPI-CooperativeService,1099,1786032417800109991,1786032244003951935,1786032244004016445,,,,,,"CooperativeService{guidedPlanning, status=request, vehicleId=0x7665682d303033, requestedHorizonMs=2500, confidence=100, planning.waypoints=1, offloadTaskId=probe-291, offloadPayload=1024 bytes}"
5g-receiver,1786032244353719048,edge4av-real-20260806-airspan-followup-run-1,c4-rep2-mqtt,airspan-followup-70-20-10,guided-planning,mqtt,,veh-003,rsu-1,c4-rep2-mqtt-veh-003-292,ipi-session-1,airspan-followup-c4-rep2,veh-003,292,100-clients,default,stationary,unsynced,true,true,payload_bytes,1024,bytes,IPI-CooperativeService,1099,1786032418158273883,1786032244353667167,1786032244353719048,,,,,,"CooperativeService{guidedPlanning, status=request, vehicleId=0x7665682d303033, requestedHorizonMs=2500, confidence=100, planning.waypoints=1, offloadTaskId=probe-292, offloadPayload=1024 bytes}"
5g-receiver,1786032244713740314,edge4av-real-20260806-airspan-followup-run-1,c4-rep2-mqtt,airspan-followup-70-20-10,guided-planning,mqtt,,veh-003,rsu-1,c4-rep2-mqtt-veh-003-293,ipi-session-1,airspan-followup-c4-rep2,veh-003,293,100-clients,default,stationary,unsynced,true,true,payload_bytes,1024,bytes,IPI-CooperativeService,1099,1786032418508179439,1786032244713718492,1786032244713740314,,,,,,"CooperativeService{guidedPlanning, status=request, vehicleId=0x7665682d303033, requestedHorizonMs=2500, confidence=100, planning.waypoints=1, offloadTaskId=probe-293, offloadPayload=1024 bytes}"
5g-receiver,1786032245086504886,edge4av-real-20260806-airspan-followup-run-1,c4-rep2-mqtt,airspan-followup-70-20-10,guided-planning,mqtt,,veh-003,rsu-1,c4-rep2-mqtt-veh-003-294,ipi-session-1,airspan-followup-c4-rep2,veh-003,294,100-clients,default,stationary,unsynced,true,true,payload_bytes,1024,bytes,IPI-CooperativeService,1099,1786032418870178701,1786032245086460327,1786032245086504886,,,,,,"CooperativeService{guidedPlanning, status=request, vehicleId=0x7665682d303033, requestedHorizonMs=2500, confidence=100, planning.waypoints=1, offloadTaskId=probe-294, offloadPayload=1024 bytes}"
5g-receiver,1786032245456528890,edge4av-real-20260806-airspan-followup-run-1,c4-rep2-mqtt,airspan-followup-70-20-10,guided-planning,mqtt,,veh-003,rsu-1,c4-rep2-mqtt-veh-003-295,ipi-session-1,airspan-followup-c4-rep2,veh-003,295,100-clients,default,stationary,unsynced,true,true,payload_bytes,1024,bytes,IPI-CooperativeService,1099,1786032419244229126,1786032245456464461,1786032245456528890,,,,,,"CooperativeService{guidedPlanning, status=request, vehicleId=0x7665682d303033, requestedHorizonMs=2500, confidence=100, planning.waypoints=1, offloadTaskId=probe-295, offloadPayload=1024 bytes}"
5g-receiver,1786032245825535588,edge4av-real-20260806-airspan-followup-run-1,c4-rep2-mqtt,airspan-followup-70-20-10,guided-planning,mqtt,,veh-003,rsu-1,c4-rep2-mqtt-veh-003-296,ipi-session-1,airspan-followup-c4-rep2,veh-003,296,100-clients,default,stationary,unsynced,true,true,payload_bytes,1024,bytes,IPI-CooperativeService,1099,1786032419612363596,1786032245825518716,1786032245825535588,,,,,,"CooperativeService{guidedPlanning, status=request, vehicleId=0x7665682d303033, requestedHorizonMs=2500, confidence=100, planning.waypoints=1, offloadTaskId=probe-296, offloadPayload=1024 bytes}"
5g-receiver,1786032246196050886,edge4av-real-20260806-airspan-followup-run-1,c4-rep2-mqtt,airspan-followup-70-20-10,guided-planning,mqtt,,veh-003,rsu-1,c4-rep2-mqtt-veh-003-297,ipi-session-1,airspan-followup-c4-rep2,veh-003,297,100-clients,default,stationary,unsynced,true,true,payload_bytes,1024,bytes,IPI-CooperativeService,1099,1786032419980324581,1786032246196019512,1786032246196050886,,,,,,"CooperativeService{guidedPlanning, status=request, vehicleId=0x7665682d303033, requestedHorizonMs=2500, confidence=100, planning.waypoints=1, offloadTaskId=probe-297, offloadPayload=1024 bytes}"
5g-receiver,1786032246947528817,edge4av-real-20260806-airspan-followup-run-1,c4-rep2-mqtt,airspan-followup-70-20-10,guided-planning,mqtt,,veh-003,rsu-1,c4-rep2-mqtt-veh-003-298,ipi-session-1,airspan-followup-c4-rep2,veh-003,298,100-clients,default,stationary,unsynced,true,true,payload_bytes,1024,bytes,IPI-CooperativeService,1099,1786032420358227828,1786032246947511835,1786032246947528817,,,,,,"CooperativeService{guidedPlanning, status=request, vehicleId=0x7665682d303033, requestedHorizonMs=2500, confidence=100, planning.waypoints=1, offloadTaskId=probe-298, offloadPayload=1024 bytes}"
5g-receiver,1786032247300101156,edge4av-real-20260806-airspan-followup-run-1,c4-rep2-mqtt,airspan-followup-70-20-10,guided-planning,mqtt,,veh-003,rsu-1,c4-rep2-mqtt-veh-003-299,ipi-session-1,airspan-followup-c4-rep2,veh-003,299,100-clients,default,stationary,unsynced,true,true,payload_bytes,1024,bytes,IPI-CooperativeService,1099,1786032421102163380,1786032247300044122,1786032247300101156,,,,,,"CooperativeService{guidedPlanning, status=request, vehicleId=0x7665682d303033, requestedHorizonMs=2500, confidence=100, planning.waypoints=1, offloadTaskId=probe-299, offloadPayload=1024 bytes}"
5g-receiver,1786032247640661820,edge4av-real-20260806-airspan-followup-run-1,c4-rep2-mqtt,airspan-followup-70-20-10,guided-planning,mqtt,,veh-003,rsu-1,c4-rep2-mqtt-veh-003-300,ipi-session-1,airspan-followup-c4-rep2,veh-003,300,100-clients,default,stationary,unsynced,true,true,payload_bytes,1024,bytes,IPI-CooperativeService,1099,1786032421454176804,1786032247640572869,1786032247640661820,,,,,,"CooperativeService{guidedPlanning, status=request, vehicleId=0x7665682d303033, requestedHorizonMs=2500, confidence=100, planning.waypoints=1, offloadTaskId=probe-300, offloadPayload=1024 bytes}"
5g-receiver,1786032247960840316,edge4av-real-20260806-airspan-followup-run-1,c4-rep2-mqtt,airspan-followup-70-20-10,guided-planning,mqtt,,veh-003,rsu-1,c4-rep2-mqtt-veh-003-301,ipi-session-1,airspan-followup-c4-rep2,veh-003,301,100-clients,default,stationary,unsynced,true,true,payload_bytes,1024,bytes,IPI-CooperativeService,1099,1786032421800233605,1786032247960796559,1786032247960840316,,,,,,"CooperativeService{guidedPlanning, status=request, vehicleId=0x7665682d303033, requestedHorizonMs=2500, confidence=100, planning.waypoints=1, offloadTaskId=probe-301, offloadPayload=1024 bytes}"
5g-receiver,1786032248300318865,edge4av-real-20260806-airspan-followup-run-1,c4-rep2-mqtt,airspan-followup-70-20-10,guided-planning,mqtt,,veh-003,rsu-1,c4-rep2-mqtt-veh-003-302,ipi-session-1,airspan-followup-c4-rep2,veh-003,302,100-clients,default,stationary,unsynced,true,true,payload_bytes,1024,bytes,IPI-CooperativeService,1099,1786032422118276438,1786032248300249930,1786032248300318865,,,,,,"CooperativeService{guidedPlanning, status=request, vehicleId=0x7665682d303033, requestedHorizonMs=2500, confidence=100, planning.waypoints=1, offloadTaskId=probe-302, offloadPayload=1024 bytes}"
5g-receiver,1786032248640581718,edge4av-real-20260806-airspan-followup-run-1,c4-rep2-mqtt,airspan-followup-70-20-10,guided-planning,mqtt,,veh-003,rsu-1,c4-rep2-mqtt-veh-003-303,ipi-session-1,airspan-followup-c4-rep2,veh-003,303,100-clients,default,stationary,unsynced,true,true,payload_bytes,1024,bytes,IPI-CooperativeService,1099,1786032422462297269,1786032248640565884,1786032248640581718,,,,,,"CooperativeService{guidedPlanning, status=request, vehicleId=0x7665682d303033, requestedHorizonMs=2500, confidence=100, planning.waypoints=1, offloadTaskId=probe-303, offloadPayload=1024 bytes}"
5g-receiver,1786032249011019367,edge4av-real-20260806-airspan-followup-run-1,c4-rep2-mqtt,airspan-followup-70-20-10,guided-planning,mqtt,,veh-003,rsu-1,c4-rep2-mqtt-veh-003-304,ipi-session-1,airspan-followup-c4-rep2,veh-003,304,100-clients,default,stationary,unsynced,true,true,payload_bytes,1024,bytes,IPI-CooperativeService,1099,1786032422794343455,1786032249010946806,1786032249011019367,,,,,,"CooperativeService{guidedPlanning, status=request, vehicleId=0x7665682d303033, requestedHorizonMs=2500, confidence=100, planning.waypoints=1, offloadTaskId=probe-304, offloadPayload=1024 bytes}"
5g-receiver,1786032249732328373,edge4av-real-20260806-airspan-followup-run-1,c4-rep2-mqtt,airspan-followup-70-20-10,guided-planning,mqtt,,veh-003,rsu-1,c4-rep2-mqtt-veh-003-305,ipi-session-1,airspan-followup-c4-rep2,veh-003,305,100-clients,default,stationary,unsynced,true,true,payload_bytes,1024,bytes,IPI-CooperativeService,1099,1786032423165695230,1786032249732269679,1786032249732328373,,,,,,"CooperativeService{guidedPlanning, status=request, vehicleId=0x7665682d303033, requestedHorizonMs=2500, confidence=100, planning.waypoints=1, offloadTaskId=probe-305, offloadPayload=1024 bytes}"
5g-receiver,1786032250093204431,edge4av-real-20260806-airspan-followup-run-1,c4-rep2-mqtt,airspan-followup-70-20-10,guided-planning,mqtt,,veh-003,rsu-1,c4-rep2-mqtt-veh-003-306,ipi-session-1,airspan-followup-c4-rep2,veh-003,306,100-clients,default,stationary,unsynced,true,true,payload_bytes,1024,bytes,IPI-CooperativeService,1099,1786032423888166652,1786032250093151074,1786032250093204431,,,,,,"CooperativeService{guidedPlanning, status=request, vehicleId=0x7665682d303033, requestedHorizonMs=2500, confidence=100, planning.waypoints=1, offloadTaskId=probe-306, offloadPayload=1024 bytes}"
5g-receiver,1786032250454219588,edge4av-real-20260806-airspan-followup-run-1,c4-rep2-mqtt,airspan-followup-70-20-10,guided-planning,mqtt,,veh-003,rsu-1,c4-rep2-mqtt-veh-003-307,ipi-session-1,airspan-followup-c4-rep2,veh-003,307,100-clients,default,stationary,unsynced,true,true,payload_bytes,1024,bytes,IPI-CooperativeService,1099,1786032424248217785,1786032250454175839,1786032250454219588,,,,,,"CooperativeService{guidedPlanning, status=request, vehicleId=0x7665682d303033, requestedHorizonMs=2500, confidence=100, planning.waypoints=1, offloadTaskId=probe-307, offloadPayload=1024 bytes}"
5g-receiver,1786032250785402187,edge4av-real-20260806-airspan-followup-run-1,c4-rep2-mqtt,airspan-followup-70-20-10,guided-planning,mqtt,,veh-003,rsu-1,c4-rep2-mqtt-veh-003-308,ipi-session-1,airspan-followup-c4-rep2,veh-003,308,100-clients,default,stationary,unsynced,true,true,payload_bytes,1024,bytes,IPI-CooperativeService,1099,1786032424606362682,1786032250785334821,1786032250785402187,,,,,,"CooperativeService{guidedPlanning, status=request, vehicleId=0x7665682d303033, requestedHorizonMs=2500, confidence=100, planning.waypoints=1, offloadTaskId=probe-308, offloadPayload=1024 bytes}"
5g-receiver,1786032251086160074,edge4av-real-20260806-airspan-followup-run-1,c4-rep2-mqtt,airspan-followup-70-20-10,guided-planning,mqtt,,veh-003,rsu-1,c4-rep2-mqtt-veh-003-309,ipi-session-1,airspan-followup-c4-rep2,veh-003,309,100-clients,default,stationary,unsynced,true,true,payload_bytes,1024,bytes,IPI-CooperativeService,1099,1786032424956340248,1786032251086115964,1786032251086160074,,,,,,"CooperativeService{guidedPlanning, status=request, vehicleId=0x7665682d303033, requestedHorizonMs=2500, confidence=100, planning.waypoints=1, offloadTaskId=probe-309, offloadPayload=1024 bytes}"
5g-receiver,1786032251385818845,edge4av-real-20260806-airspan-followup-run-1,c4-rep2-mqtt,airspan-followup-70-20-10,guided-planning,mqtt,,veh-003,rsu-1,c4-rep2-mqtt-veh-003-310,ipi-session-1,airspan-followup-c4-rep2,veh-003,310,100-clients,default,stationary,unsynced,true,true,payload_bytes,1024,bytes,IPI-CooperativeService,1099,1786032425244236747,1786032251385764995,1786032251385818845,,,,,,"CooperativeService{guidedPlanning, status=request, vehicleId=0x7665682d303033, requestedHorizonMs=2500, confidence=100, planning.waypoints=1, offloadTaskId=probe-310, offloadPayload=1024 bytes}"
5g-receiver,1786032251665902971,edge4av-real-20260806-airspan-followup-run-1,c4-rep2-mqtt,airspan-followup-70-20-10,guided-planning,mqtt,,veh-003,rsu-1,c4-rep2-mqtt-veh-003-311,ipi-session-1,airspan-followup-c4-rep2,veh-003,311,100-clients,default,stationary,unsynced,true,true,payload_bytes,1024,bytes,IPI-CooperativeService,1099,1786032425548295189,1786032251665873227,1786032251665902971,,,,,,"CooperativeService{guidedPlanning, status=request, vehicleId=0x7665682d303033, requestedHorizonMs=2500, confidence=100, planning.waypoints=1, offloadTaskId=probe-311, offloadPayload=1024 bytes}"
5g-receiver,1786032251938064380,edge4av-real-20260806-airspan-followup-run-1,c4-rep2-mqtt,airspan-followup-70-20-10,guided-planning,mqtt,,veh-003,rsu-1,c4-rep2-mqtt-veh-003-312,ipi-session-1,airspan-followup-c4-rep2,veh-003,312,100-clients,default,stationary,unsynced,true,true,payload_bytes,1024,bytes,IPI-CooperativeService,1099,1786032425820324997,1786032251938009323,1786032251938064380,,,,,,"CooperativeService{guidedPlanning, status=request, vehicleId=0x7665682d303033, requestedHorizonMs=2500, confidence=100, planning.waypoints=1, offloadTaskId=probe-312, offloadPayload=1024 bytes}"
5g-receiver,1786032252216496343,edge4av-real-20260806-airspan-followup-run-1,c4-rep2-mqtt,airspan-followup-70-20-10,guided-planning,mqtt,,veh-003,rsu-1,c4-rep2-mqtt-veh-003-313,ipi-session-1,airspan-followup-c4-rep2,veh-003,313,100-clients,default,stationary,unsynced,true,true,payload_bytes,1024,bytes,IPI-CooperativeService,1099,1786032426091608811,1786032252216470386,1786032252216496343,,,,,,"CooperativeService{guidedPlanning, status=request, vehicleId=0x7665682d303033, requestedHorizonMs=2500, confidence=100, planning.waypoints=1, offloadTaskId=probe-313, offloadPayload=1024 bytes}"
5g-receiver,1786032252497886497,edge4av-real-20260806-airspan-followup-run-1,c4-rep2-mqtt,airspan-followup-70-20-10,guided-planning,mqtt,,veh-003,rsu-1,c4-rep2-mqtt-veh-003-314,ipi-session-1,airspan-followup-c4-rep2,veh-003,314,100-clients,default,stationary,unsynced,true,true,payload_bytes,1024,bytes,IPI-CooperativeService,1099,1786032426372238255,1786032252497854705,1786032252497886497,,,,,,"CooperativeService{guidedPlanning, status=request, vehicleId=0x7665682d303033, requestedHorizonMs=2500, confidence=100, planning.waypoints=1, offloadTaskId=probe-314, offloadPayload=1024 bytes}"
5g-receiver,1786032252778704046,edge4av-real-20260806-airspan-followup-run-1,c4-rep2-mqtt,airspan-followup-70-20-10,guided-planning,mqtt,,veh-003,rsu-1,c4-rep2-mqtt-veh-003-315,ipi-session-1,airspan-followup-c4-rep2,veh-003,315,100-clients,default,stationary,unsynced,true,true,payload_bytes,1024,bytes,IPI-CooperativeService,1099,1786032426654403517,1786032252778659709,1786032252778704046,,,,,,"CooperativeService{guidedPlanning, status=request, vehicleId=0x7665682d303033, requestedHorizonMs=2500, confidence=100, planning.waypoints=1, offloadTaskId=probe-315, offloadPayload=1024 bytes}"
5g-receiver,1786032253118599569,edge4av-real-20260806-airspan-followup-run-1,c4-rep2-mqtt,airspan-followup-70-20-10,guided-planning,mqtt,,veh-003,rsu-1,c4-rep2-mqtt-veh-003-316,ipi-session-1,airspan-followup-c4-rep2,veh-003,316,100-clients,default,stationary,unsynced,true,true,payload_bytes,1024,bytes,IPI-CooperativeService,1099,1786032426931538108,1786032253118544901,1786032253118599569,,,,,,"CooperativeService{guidedPlanning, status=request, vehicleId=0x7665682d303033, requestedHorizonMs=2500, confidence=100, planning.waypoints=1, offloadTaskId=probe-316, offloadPayload=1024 bytes}"
5g-receiver,1786032253449088838,edge4av-real-20260806-airspan-followup-run-1,c4-rep2-mqtt,airspan-followup-70-20-10,guided-planning,mqtt,,veh-003,rsu-1,c4-rep2-mqtt-veh-003-317,ipi-session-1,airspan-followup-c4-rep2,veh-003,317,100-clients,default,stationary,unsynced,true,true,payload_bytes,1024,bytes,IPI-CooperativeService,1099,1786032427272521088,1786032253449044567,1786032253449088838,,,,,,"CooperativeService{guidedPlanning, status=request, vehicleId=0x7665682d303033, requestedHorizonMs=2500, confidence=100, planning.waypoints=1, offloadTaskId=probe-317, offloadPayload=1024 bytes}"
5g-receiver,1786032253769186427,edge4av-real-20260806-airspan-followup-run-1,c4-rep2-mqtt,airspan-followup-70-20-10,guided-planning,mqtt,,veh-003,rsu-1,c4-rep2-mqtt-veh-003-318,ipi-session-1,airspan-followup-c4-rep2,veh-003,318,100-clients,default,stationary,unsynced,true,true,payload_bytes,1024,bytes,IPI-CooperativeService,1099,1786032427604374145,1786032253769170377,1786032253769186427,,,,,,"CooperativeService{guidedPlanning, status=request, vehicleId=0x7665682d303033, requestedHorizonMs=2500, confidence=100, planning.waypoints=1, offloadTaskId=probe-318, offloadPayload=1024 bytes}"
5g-receiver,1786032254110430823,edge4av-real-20260806-airspan-followup-run-1,c4-rep2-mqtt,airspan-followup-70-20-10,guided-planning,mqtt,,veh-003,rsu-1,c4-rep2-mqtt-veh-003-319,ipi-session-1,airspan-followup-c4-rep2,veh-003,319,100-clients,default,stationary,unsynced,true,true,payload_bytes,1024,bytes,IPI-CooperativeService,1099,1786032427922283050,1786032254110374944,1786032254110430823,,,,,,"CooperativeService{guidedPlanning, status=request, vehicleId=0x7665682d303033, requestedHorizonMs=2500, confidence=100, planning.waypoints=1, offloadTaskId=probe-319, offloadPayload=1024 bytes}"
5g-receiver,1786032254400482804,edge4av-real-20260806-airspan-followup-run-1,c4-rep2-mqtt,airspan-followup-70-20-10,guided-planning,mqtt,,veh-003,rsu-1,c4-rep2-mqtt-veh-003-320,ipi-session-1,airspan-followup-c4-rep2,veh-003,320,100-clients,default,stationary,unsynced,true,true,payload_bytes,1024,bytes,IPI-CooperativeService,1099,1786032428268303940,1786032254400465333,1786032254400482804,,,,,,"CooperativeService{guidedPlanning, status=request, vehicleId=0x7665682d303033, requestedHorizonMs=2500, confidence=100, planning.waypoints=1, offloadTaskId=probe-320, offloadPayload=1024 bytes}"
5g-receiver,1786032254681553472,edge4av-real-20260806-airspan-followup-run-1,c4-rep2-mqtt,airspan-followup-70-20-10,guided-planning,mqtt,,veh-003,rsu-1,c4-rep2-mqtt-veh-003-321,ipi-session-1,airspan-followup-c4-rep2,veh-003,321,100-clients,default,stationary,unsynced,true,true,payload_bytes,1024,bytes,IPI-CooperativeService,1099,1786032428558194461,1786032254681527316,1786032254681553472,,,,,,"CooperativeService{guidedPlanning, status=request, vehicleId=0x7665682d303033, requestedHorizonMs=2500, confidence=100, planning.waypoints=1, offloadTaskId=probe-321, offloadPayload=1024 bytes}"
5g-receiver,1786032255011190872,edge4av-real-20260806-airspan-followup-run-1,c4-rep2-mqtt,airspan-followup-70-20-10,guided-planning,mqtt,,veh-003,rsu-1,c4-rep2-mqtt-veh-003-322,ipi-session-1,airspan-followup-c4-rep2,veh-003,322,100-clients,default,stationary,unsynced,true,true,payload_bytes,1024,bytes,IPI-CooperativeService,1099,1786032428838500958,1786032255011174270,1786032255011190872,,,,,,"CooperativeService{guidedPlanning, status=request, vehicleId=0x7665682d303033, requestedHorizonMs=2500, confidence=100, planning.waypoints=1, offloadTaskId=probe-322, offloadPayload=1024 bytes}"
5g-receiver,1786032255382490785,edge4av-real-20260806-airspan-followup-run-1,c4-rep2-mqtt,airspan-followup-70-20-10,guided-planning,mqtt,,veh-003,rsu-1,c4-rep2-mqtt-veh-003-323,ipi-session-1,airspan-followup-c4-rep2,veh-003,323,100-clients,default,stationary,unsynced,true,true,payload_bytes,1024,bytes,IPI-CooperativeService,1099,1786032429166284503,1786032255382466750,1786032255382490785,,,,,,"CooperativeService{guidedPlanning, status=request, vehicleId=0x7665682d303033, requestedHorizonMs=2500, confidence=100, planning.waypoints=1, offloadTaskId=probe-323, offloadPayload=1024 bytes}"
5g-receiver,1786032255704063052,edge4av-real-20260806-airspan-followup-run-1,c4-rep2-mqtt,airspan-followup-70-20-10,guided-planning,mqtt,,veh-003,rsu-1,c4-rep2-mqtt-veh-003-324,ipi-session-1,airspan-followup-c4-rep2,veh-003,324,100-clients,default,stationary,unsynced,true,true,payload_bytes,1024,bytes,IPI-CooperativeService,1099,1786032429540840326,1786032255703992759,1786032255704063052,,,,,,"CooperativeService{guidedPlanning, status=request, vehicleId=0x7665682d303033, requestedHorizonMs=2500, confidence=100, planning.waypoints=1, offloadTaskId=probe-324, offloadPayload=1024 bytes}"
5g-receiver,1786032255986642787,edge4av-real-20260806-airspan-followup-run-1,c4-rep2-mqtt,airspan-followup-70-20-10,guided-planning,mqtt,,veh-003,rsu-1,c4-rep2-mqtt-veh-003-325,ipi-session-1,airspan-followup-c4-rep2,veh-003,325,100-clients,default,stationary,unsynced,true,true,payload_bytes,1024,bytes,IPI-CooperativeService,1099,1786032429862248775,1786032255986598541,1786032255986642787,,,,,,"CooperativeService{guidedPlanning, status=request, vehicleId=0x7665682d303033, requestedHorizonMs=2500, confidence=100, planning.waypoints=1, offloadTaskId=probe-325, offloadPayload=1024 bytes}"
5g-receiver,1786032256263365966,edge4av-real-20260806-airspan-followup-run-1,c4-rep2-mqtt,airspan-followup-70-20-10,guided-planning,mqtt,,veh-003,rsu-1,c4-rep2-mqtt-veh-003-326,ipi-session-1,airspan-followup-c4-rep2,veh-003,326,100-clients,default,stationary,unsynced,true,true,payload_bytes,1024,bytes,IPI-CooperativeService,1099,1786032430144273179,1786032256263341825,1786032256263365966,,,,,,"CooperativeService{guidedPlanning, status=request, vehicleId=0x7665682d303033, requestedHorizonMs=2500, confidence=100, planning.waypoints=1, offloadTaskId=probe-326, offloadPayload=1024 bytes}"
5g-receiver,1786032256545284013,edge4av-real-20260806-airspan-followup-run-1,c4-rep2-mqtt,airspan-followup-70-20-10,guided-planning,mqtt,,veh-003,rsu-1,c4-rep2-mqtt-veh-003-327,ipi-session-1,airspan-followup-c4-rep2,veh-003,327,100-clients,default,stationary,unsynced,true,true,payload_bytes,1024,bytes,IPI-CooperativeService,1099,1786032430415908830,1786032256545239622,1786032256545284013,,,,,,"CooperativeService{guidedPlanning, status=request, vehicleId=0x7665682d303033, requestedHorizonMs=2500, confidence=100, planning.waypoints=1, offloadTaskId=probe-327, offloadPayload=1024 bytes}"
5g-receiver,1786032256875603919,edge4av-real-20260806-airspan-followup-run-1,c4-rep2-mqtt,airspan-followup-70-20-10,guided-planning,mqtt,,veh-003,rsu-1,c4-rep2-mqtt-veh-003-328,ipi-session-1,airspan-followup-c4-rep2,veh-003,328,100-clients,default,stationary,unsynced,true,true,payload_bytes,1024,bytes,IPI-CooperativeService,1099,1786032430698780844,1786032256875559943,1786032256875603919,,,,,,"CooperativeService{guidedPlanning, status=request, vehicleId=0x7665682d303033, requestedHorizonMs=2500, confidence=100, planning.waypoints=1, offloadTaskId=probe-328, offloadPayload=1024 bytes}"
5g-receiver,1786032257206594985,edge4av-real-20260806-airspan-followup-run-1,c4-rep2-mqtt,airspan-followup-70-20-10,guided-planning,mqtt,,veh-003,rsu-1,c4-rep2-mqtt-veh-003-329,ipi-session-1,airspan-followup-c4-rep2,veh-003,329,100-clients,default,stationary,unsynced,true,true,payload_bytes,1024,bytes,IPI-CooperativeService,1099,1786032431030026008,1786032257206553967,1786032257206594985,,,,,,"CooperativeService{guidedPlanning, status=request, vehicleId=0x7665682d303033, requestedHorizonMs=2500, confidence=100, planning.waypoints=1, offloadTaskId=probe-329, offloadPayload=1024 bytes}"
5g-receiver,1786032257567188053,edge4av-real-20260806-airspan-followup-run-1,c4-rep2-mqtt,airspan-followup-70-20-10,guided-planning,mqtt,,veh-003,rsu-1,c4-rep2-mqtt-veh-003-330,ipi-session-1,airspan-followup-c4-rep2,veh-003,330,100-clients,default,stationary,unsynced,true,true,payload_bytes,1024,bytes,IPI-CooperativeService,1099,1786032431360834690,1786032257567144618,1786032257567188053,,,,,,"CooperativeService{guidedPlanning, status=request, vehicleId=0x7665682d303033, requestedHorizonMs=2500, confidence=100, planning.waypoints=1, offloadTaskId=probe-330, offloadPayload=1024 bytes}"
5g-receiver,1786032257926941615,edge4av-real-20260806-airspan-followup-run-1,c4-rep2-mqtt,airspan-followup-70-20-10,guided-planning,mqtt,,veh-003,rsu-1,c4-rep2-mqtt-veh-003-331,ipi-session-1,airspan-followup-c4-rep2,veh-003,331,100-clients,default,stationary,unsynced,true,true,payload_bytes,1024,bytes,IPI-CooperativeService,1099,1786032431719871689,1786032257926908082,1786032257926941615,,,,,,"CooperativeService{guidedPlanning, status=request, vehicleId=0x7665682d303033, requestedHorizonMs=2500, confidence=100, planning.waypoints=1, offloadTaskId=probe-331, offloadPayload=1024 bytes}"
5g-receiver,1786032258297639897,edge4av-real-20260806-airspan-followup-run-1,c4-rep2-mqtt,airspan-followup-70-20-10,guided-planning,mqtt,,veh-003,rsu-1,c4-rep2-mqtt-veh-003-332,ipi-session-1,airspan-followup-c4-rep2,veh-003,332,100-clients,default,stationary,unsynced,true,true,payload_bytes,1024,bytes,IPI-CooperativeService,1099,1786032432080749169,1786032258297595329,1786032258297639897,,,,,,"CooperativeService{guidedPlanning, status=request, vehicleId=0x7665682d303033, requestedHorizonMs=2500, confidence=100, planning.waypoints=1, offloadTaskId=probe-332, offloadPayload=1024 bytes}"
5g-receiver,1786032258598513936,edge4av-real-20260806-airspan-followup-run-1,c4-rep2-mqtt,airspan-followup-70-20-10,guided-planning,mqtt,,veh-003,rsu-1,c4-rep2-mqtt-veh-003-333,ipi-session-1,airspan-followup-c4-rep2,veh-003,333,100-clients,default,stationary,unsynced,true,true,payload_bytes,1024,bytes,IPI-CooperativeService,1099,1786032432452240630,1786032258598477193,1786032258598513936,,,,,,"CooperativeService{guidedPlanning, status=request, vehicleId=0x7665682d303033, requestedHorizonMs=2500, confidence=100, planning.waypoints=1, offloadTaskId=probe-333, offloadPayload=1024 bytes}"
5g-receiver,1786032258848418847,edge4av-real-20260806-airspan-followup-run-1,c4-rep2-mqtt,airspan-followup-70-20-10,guided-planning,mqtt,,veh-003,rsu-1,c4-rep2-mqtt-veh-003-334,ipi-session-1,airspan-followup-c4-rep2,veh-003,334,100-clients,default,stationary,unsynced,true,true,payload_bytes,1024,bytes,IPI-CooperativeService,1099,1786032432750848101,1786032258848403029,1786032258848418847,,,,,,"CooperativeService{guidedPlanning, status=request, vehicleId=0x7665682d303033, requestedHorizonMs=2500, confidence=100, planning.waypoints=1, offloadTaskId=probe-334, offloadPayload=1024 bytes}"
5g-receiver,1786032259170073235,edge4av-real-20260806-airspan-followup-run-1,c4-rep2-mqtt,airspan-followup-70-20-10,guided-planning,mqtt,,veh-003,rsu-1,c4-rep2-mqtt-veh-003-335,ipi-session-1,airspan-followup-c4-rep2,veh-003,335,100-clients,default,stationary,unsynced,true,true,payload_bytes,1024,bytes,IPI-CooperativeService,1099,1786032433006460559,1786032259170017169,1786032259170073235,,,,,,"CooperativeService{guidedPlanning, status=request, vehicleId=0x7665682d303033, requestedHorizonMs=2500, confidence=100, planning.waypoints=1, offloadTaskId=probe-335, offloadPayload=1024 bytes}"
5g-receiver,1786032259470665121,edge4av-real-20260806-airspan-followup-run-1,c4-rep2-mqtt,airspan-followup-70-20-10,guided-planning,mqtt,,veh-003,rsu-1,c4-rep2-mqtt-veh-003-336,ipi-session-1,airspan-followup-c4-rep2,veh-003,336,100-clients,default,stationary,unsynced,true,true,payload_bytes,1024,bytes,IPI-CooperativeService,1099,1786032433322362361,1786032259470600507,1786032259470665121,,,,,,"CooperativeService{guidedPlanning, status=request, vehicleId=0x7665682d303033, requestedHorizonMs=2500, confidence=100, planning.waypoints=1, offloadTaskId=probe-336, offloadPayload=1024 bytes}"
5g-receiver,1786032259781318667,edge4av-real-20260806-airspan-followup-run-1,c4-rep2-mqtt,airspan-followup-70-20-10,guided-planning,mqtt,,veh-003,rsu-1,c4-rep2-mqtt-veh-003-337,ipi-session-1,airspan-followup-c4-rep2,veh-003,337,100-clients,default,stationary,unsynced,true,true,payload_bytes,1024,bytes,IPI-CooperativeService,1099,1786032433628348817,1786032259781259992,1786032259781318667,,,,,,"CooperativeService{guidedPlanning, status=request, vehicleId=0x7665682d303033, requestedHorizonMs=2500, confidence=100, planning.waypoints=1, offloadTaskId=probe-337, offloadPayload=1024 bytes}"
5g-receiver,1786032260140651931,edge4av-real-20260806-airspan-followup-run-1,c4-rep2-mqtt,airspan-followup-70-20-10,guided-planning,mqtt,,veh-003,rsu-1,c4-rep2-mqtt-veh-003-338,ipi-session-1,airspan-followup-c4-rep2,veh-003,338,100-clients,default,stationary,unsynced,true,true,payload_bytes,1024,bytes,IPI-CooperativeService,1099,1786032433936308885,1786032260140630703,1786032260140651931,,,,,,"CooperativeService{guidedPlanning, status=request, vehicleId=0x7665682d303033, requestedHorizonMs=2500, confidence=100, planning.waypoints=1, offloadTaskId=probe-338, offloadPayload=1024 bytes}"
5g-receiver,1786032260471134482,edge4av-real-20260806-airspan-followup-run-1,c4-rep2-mqtt,airspan-followup-70-20-10,guided-planning,mqtt,,veh-003,rsu-1,c4-rep2-mqtt-veh-003-339,ipi-session-1,airspan-followup-c4-rep2,veh-003,339,100-clients,default,stationary,unsynced,true,true,payload_bytes,1024,bytes,IPI-CooperativeService,1099,1786032434298360481,1786032260471073441,1786032260471134482,,,,,,"CooperativeService{guidedPlanning, status=request, vehicleId=0x7665682d303033, requestedHorizonMs=2500, confidence=100, planning.waypoints=1, offloadTaskId=probe-339, offloadPayload=1024 bytes}"
5g-receiver,1786032260822060492,edge4av-real-20260806-airspan-followup-run-1,c4-rep2-mqtt,airspan-followup-70-20-10,guided-planning,mqtt,,veh-003,rsu-1,c4-rep2-mqtt-veh-003-340,ipi-session-1,airspan-followup-c4-rep2,veh-003,340,100-clients,default,stationary,unsynced,true,true,payload_bytes,1024,bytes,IPI-CooperativeService,1099,1786032434626457753,1786032260822015580,1786032260822060492,,,,,,"CooperativeService{guidedPlanning, status=request, vehicleId=0x7665682d303033, requestedHorizonMs=2500, confidence=100, planning.waypoints=1, offloadTaskId=probe-340, offloadPayload=1024 bytes}"
5g-receiver,1786032261183268705,edge4av-real-20260806-airspan-followup-run-1,c4-rep2-mqtt,airspan-followup-70-20-10,guided-planning,mqtt,,veh-003,rsu-1,c4-rep2-mqtt-veh-003-341,ipi-session-1,airspan-followup-c4-rep2,veh-003,341,100-clients,default,stationary,unsynced,true,true,payload_bytes,1024,bytes,IPI-CooperativeService,1099,1786032434975311541,1786032261183203201,1786032261183268705,,,,,,"CooperativeService{guidedPlanning, status=request, vehicleId=0x7665682d303033, requestedHorizonMs=2500, confidence=100, planning.waypoints=1, offloadTaskId=probe-341, offloadPayload=1024 bytes}"
5g-receiver,1786032261535368071,edge4av-real-20260806-airspan-followup-run-1,c4-rep2-mqtt,airspan-followup-70-20-10,guided-planning,mqtt,,veh-003,rsu-1,c4-rep2-mqtt-veh-003-342,ipi-session-1,airspan-followup-c4-rep2,veh-003,342,100-clients,default,stationary,unsynced,true,true,payload_bytes,1024,bytes,IPI-CooperativeService,1099,1786032435342337124,1786032261535323764,1786032261535368071,,,,,,"CooperativeService{guidedPlanning, status=request, vehicleId=0x7665682d303033, requestedHorizonMs=2500, confidence=100, planning.waypoints=1, offloadTaskId=probe-342, offloadPayload=1024 bytes}"
5g-receiver,1786032261874291845,edge4av-real-20260806-airspan-followup-run-1,c4-rep2-mqtt,airspan-followup-70-20-10,guided-planning,mqtt,,veh-003,rsu-1,c4-rep2-mqtt-veh-003-343,ipi-session-1,airspan-followup-c4-rep2,veh-003,343,100-clients,default,stationary,unsynced,true,true,payload_bytes,1024,bytes,IPI-CooperativeService,1099,1786032435704937824,1786032261874238380,1786032261874291845,,,,,,"CooperativeService{guidedPlanning, status=request, vehicleId=0x7665682d303033, requestedHorizonMs=2500, confidence=100, planning.waypoints=1, offloadTaskId=probe-343, offloadPayload=1024 bytes}"
5g-receiver,1786032262234458998,edge4av-real-20260806-airspan-followup-run-1,c4-rep2-mqtt,airspan-followup-70-20-10,guided-planning,mqtt,,veh-003,rsu-1,c4-rep2-mqtt-veh-003-344,ipi-session-1,airspan-followup-c4-rep2,veh-003,344,100-clients,default,stationary,unsynced,true,true,payload_bytes,1024,bytes,IPI-CooperativeService,1099,1786032436032256815,1786032262234443194,1786032262234458998,,,,,,"CooperativeService{guidedPlanning, status=request, vehicleId=0x7665682d303033, requestedHorizonMs=2500, confidence=100, planning.waypoints=1, offloadTaskId=probe-344, offloadPayload=1024 bytes}"
5g-receiver,1786032262586359786,edge4av-real-20260806-airspan-followup-run-1,c4-rep2-mqtt,airspan-followup-70-20-10,guided-planning,mqtt,,veh-003,rsu-1,c4-rep2-mqtt-veh-003-345,ipi-session-1,airspan-followup-c4-rep2,veh-003,345,100-clients,default,stationary,unsynced,true,true,payload_bytes,1024,bytes,IPI-CooperativeService,1099,1786032436390497248,1786032262586315843,1786032262586359786,,,,,,"CooperativeService{guidedPlanning, status=request, vehicleId=0x7665682d303033, requestedHorizonMs=2500, confidence=100, planning.waypoints=1, offloadTaskId=probe-345, offloadPayload=1024 bytes}"
5g-receiver,1786032262955642826,edge4av-real-20260806-airspan-followup-run-1,c4-rep2-mqtt,airspan-followup-70-20-10,guided-planning,mqtt,,veh-003,rsu-1,c4-rep2-mqtt-veh-003-346,ipi-session-1,airspan-followup-c4-rep2,veh-003,346,100-clients,default,stationary,unsynced,true,true,payload_bytes,1024,bytes,IPI-CooperativeService,1099,1786032436742157665,1786032262955620577,1786032262955642826,,,,,,"CooperativeService{guidedPlanning, status=request, vehicleId=0x7665682d303033, requestedHorizonMs=2500, confidence=100, planning.waypoints=1, offloadTaskId=probe-346, offloadPayload=1024 bytes}"
5g-receiver,1786032263306791345,edge4av-real-20260806-airspan-followup-run-1,c4-rep2-mqtt,airspan-followup-70-20-10,guided-planning,mqtt,,veh-003,rsu-1,c4-rep2-mqtt-veh-003-347,ipi-session-1,airspan-followup-c4-rep2,veh-003,347,100-clients,default,stationary,unsynced,true,true,payload_bytes,1024,bytes,IPI-CooperativeService,1099,1786032437108417282,1786032263306747893,1786032263306791345,,,,,,"CooperativeService{guidedPlanning, status=request, vehicleId=0x7665682d303033, requestedHorizonMs=2500, confidence=100, planning.waypoints=1, offloadTaskId=probe-347, offloadPayload=1024 bytes}"
5g-receiver,1786032263677605953,edge4av-real-20260806-airspan-followup-run-1,c4-rep2-mqtt,airspan-followup-70-20-10,guided-planning,mqtt,,veh-003,rsu-1,c4-rep2-mqtt-veh-003-348,ipi-session-1,airspan-followup-c4-rep2,veh-003,348,100-clients,default,stationary,unsynced,true,true,payload_bytes,1024,bytes,IPI-CooperativeService,1099,1786032437462405088,1786032263677537626,1786032263677605953,,,,,,"CooperativeService{guidedPlanning, status=request, vehicleId=0x7665682d303033, requestedHorizonMs=2500, confidence=100, planning.waypoints=1, offloadTaskId=probe-348, offloadPayload=1024 bytes}"
5g-receiver,1786032264388941913,edge4av-real-20260806-airspan-followup-run-1,c4-rep2-mqtt,airspan-followup-70-20-10,guided-planning,mqtt,,veh-003,rsu-1,c4-rep2-mqtt-veh-003-349,ipi-session-1,airspan-followup-c4-rep2,veh-003,349,100-clients,default,stationary,unsynced,true,true,payload_bytes,1024,bytes,IPI-CooperativeService,1099,1786032437831000398,1786032264388897670,1786032264388941913,,,,,,"CooperativeService{guidedPlanning, status=request, vehicleId=0x7665682d303033, requestedHorizonMs=2500, confidence=100, planning.waypoints=1, offloadTaskId=probe-349, offloadPayload=1024 bytes}"
5g-receiver,1786032265111970145,edge4av-real-20260806-airspan-followup-run-1,c4-rep2-mqtt,airspan-followup-70-20-10,guided-planning,mqtt,,veh-003,rsu-1,c4-rep2-mqtt-veh-003-350,ipi-session-1,airspan-followup-c4-rep2,veh-003,350,100-clients,default,stationary,unsynced,true,true,payload_bytes,1024,bytes,IPI-CooperativeService,1099,1786032438546397807,1786032265111911665,1786032265111970145,,,,,,"CooperativeService{guidedPlanning, status=request, vehicleId=0x7665682d303033, requestedHorizonMs=2500, confidence=100, planning.waypoints=1, offloadTaskId=probe-350, offloadPayload=1024 bytes}"
5g-receiver,1786032265830635484,edge4av-real-20260806-airspan-followup-run-1,c4-rep2-mqtt,airspan-followup-70-20-10,guided-planning,mqtt,,veh-003,rsu-1,c4-rep2-mqtt-veh-003-351,ipi-session-1,airspan-followup-c4-rep2,veh-003,351,100-clients,default,stationary,unsynced,true,true,payload_bytes,1024,bytes,IPI-CooperativeService,1099,1786032439266853269,1786032265830621259,1786032265830635484,,,,,,"CooperativeService{guidedPlanning, status=request, vehicleId=0x7665682d303033, requestedHorizonMs=2500, confidence=100, planning.waypoints=1, offloadTaskId=probe-351, offloadPayload=1024 bytes}"
5g-receiver,1786032266203906751,edge4av-real-20260806-airspan-followup-run-1,c4-rep2-mqtt,airspan-followup-70-20-10,guided-planning,mqtt,,veh-003,rsu-1,c4-rep2-mqtt-veh-003-352,ipi-session-1,airspan-followup-c4-rep2,veh-003,352,100-clients,default,stationary,unsynced,true,true,payload_bytes,1024,bytes,IPI-CooperativeService,1099,1786032439986494632,1786032266203862389,1786032266203906751,,,,,,"CooperativeService{guidedPlanning, status=request, vehicleId=0x7665682d303033, requestedHorizonMs=2500, confidence=100, planning.waypoints=1, offloadTaskId=probe-352, offloadPayload=1024 bytes}"
5g-receiver,1786032266572678262,edge4av-real-20260806-airspan-followup-run-1,c4-rep2-mqtt,airspan-followup-70-20-10,guided-planning,mqtt,,veh-003,rsu-1,c4-rep2-mqtt-veh-003-353,ipi-session-1,airspan-followup-c4-rep2,veh-003,353,100-clients,default,stationary,unsynced,true,true,payload_bytes,1024,bytes,IPI-CooperativeService,1099,1786032440367184520,1786032266572579998,1786032266572678262,,,,,,"CooperativeService{guidedPlanning, status=request, vehicleId=0x7665682d303033, requestedHorizonMs=2500, confidence=100, planning.waypoints=1, offloadTaskId=probe-353, offloadPayload=1024 bytes}"
5g-receiver,1786032266944172263,edge4av-real-20260806-airspan-followup-run-1,c4-rep2-mqtt,airspan-followup-70-20-10,guided-planning,mqtt,,veh-003,rsu-1,c4-rep2-mqtt-veh-003-354,ipi-session-1,airspan-followup-c4-rep2,veh-003,354,100-clients,default,stationary,unsynced,true,true,payload_bytes,1024,bytes,IPI-CooperativeService,1099,1786032440726442026,1786032266944109231,1786032266944172263,,,,,,"CooperativeService{guidedPlanning, status=request, vehicleId=0x7665682d303033, requestedHorizonMs=2500, confidence=100, planning.waypoints=1, offloadTaskId=probe-354, offloadPayload=1024 bytes}"
5g-receiver,1786032267314620295,edge4av-real-20260806-airspan-followup-run-1,c4-rep2-mqtt,airspan-followup-70-20-10,guided-planning,mqtt,,veh-003,rsu-1,c4-rep2-mqtt-veh-003-355,ipi-session-1,airspan-followup-c4-rep2,veh-003,355,100-clients,default,stationary,unsynced,true,true,payload_bytes,1024,bytes,IPI-CooperativeService,1099,1786032441102399251,1786032267314574986,1786032267314620295,,,,,,"CooperativeService{guidedPlanning, status=request, vehicleId=0x7665682d303033, requestedHorizonMs=2500, confidence=100, planning.waypoints=1, offloadTaskId=probe-355, offloadPayload=1024 bytes}"
5g-receiver,1786032267686704094,edge4av-real-20260806-airspan-followup-run-1,c4-rep2-mqtt,airspan-followup-70-20-10,guided-planning,mqtt,,veh-003,rsu-1,c4-rep2-mqtt-veh-003-356,ipi-session-1,airspan-followup-c4-rep2,veh-003,356,100-clients,default,stationary,unsynced,true,true,payload_bytes,1024,bytes,IPI-CooperativeService,1099,1786032441468404519,1786032267686639783,1786032267686704094,,,,,,"CooperativeService{guidedPlanning, status=request, vehicleId=0x7665682d303033, requestedHorizonMs=2500, confidence=100, planning.waypoints=1, offloadTaskId=probe-356, offloadPayload=1024 bytes}"
5g-receiver,1786032268055529802,edge4av-real-20260806-airspan-followup-run-1,c4-rep2-mqtt,airspan-followup-70-20-10,guided-planning,mqtt,,veh-003,rsu-1,c4-rep2-mqtt-veh-003-357,ipi-session-1,airspan-followup-c4-rep2,veh-003,357,100-clients,default,stationary,unsynced,true,true,payload_bytes,1024,bytes,IPI-CooperativeService,1099,1786032441842485902,1786032268055474886,1786032268055529802,,,,,,"CooperativeService{guidedPlanning, status=request, vehicleId=0x7665682d303033, requestedHorizonMs=2500, confidence=100, planning.waypoints=1, offloadTaskId=probe-357, offloadPayload=1024 bytes}"
5g-receiver,1786032268416859377,edge4av-real-20260806-airspan-followup-run-1,c4-rep2-mqtt,airspan-followup-70-20-10,guided-planning,mqtt,,veh-003,rsu-1,c4-rep2-mqtt-veh-003-358,ipi-session-1,airspan-followup-c4-rep2,veh-003,358,100-clients,default,stationary,unsynced,true,true,payload_bytes,1024,bytes,IPI-CooperativeService,1099,1786032442210439235,1786032268416793384,1786032268416859377,,,,,,"CooperativeService{guidedPlanning, status=request, vehicleId=0x7665682d303033, requestedHorizonMs=2500, confidence=100, planning.waypoints=1, offloadTaskId=probe-358, offloadPayload=1024 bytes}"
5g-receiver,1786032268787298130,edge4av-real-20260806-airspan-followup-run-1,c4-rep2-mqtt,airspan-followup-70-20-10,guided-planning,mqtt,,veh-003,rsu-1,c4-rep2-mqtt-veh-003-359,ipi-session-1,airspan-followup-c4-rep2,veh-003,359,100-clients,default,stationary,unsynced,true,true,payload_bytes,1024,bytes,IPI-CooperativeService,1099,1786032442576262565,1786032268787259947,1786032268787298130,,,,,,"CooperativeService{guidedPlanning, status=request, vehicleId=0x7665682d303033, requestedHorizonMs=2500, confidence=100, planning.waypoints=1, offloadTaskId=probe-359, offloadPayload=1024 bytes}"
5g-receiver,1786032269158863584,edge4av-real-20260806-airspan-followup-run-1,c4-rep2-mqtt,airspan-followup-70-20-10,guided-planning,mqtt,,veh-003,rsu-1,c4-rep2-mqtt-veh-003-360,ipi-session-1,airspan-followup-c4-rep2,veh-003,360,100-clients,default,stationary,unsynced,true,true,payload_bytes,1024,bytes,IPI-CooperativeService,1099,1786032442944377785,1786032269158799266,1786032269158863584,,,,,,"CooperativeService{guidedPlanning, status=request, vehicleId=0x7665682d303033, requestedHorizonMs=2500, confidence=100, planning.waypoints=1, offloadTaskId=probe-360, offloadPayload=1024 bytes}"
5g-receiver,1786032269538636733,edge4av-real-20260806-airspan-followup-run-1,c4-rep2-mqtt,airspan-followup-70-20-10,guided-planning,mqtt,,veh-003,rsu-1,c4-rep2-mqtt-veh-003-361,ipi-session-1,airspan-followup-c4-rep2,veh-003,361,100-clients,default,stationary,unsynced,true,true,payload_bytes,1024,bytes,IPI-CooperativeService,1099,1786032443312365974,1786032269538582660,1786032269538636733,,,,,,"CooperativeService{guidedPlanning, status=request, vehicleId=0x7665682d303033, requestedHorizonMs=2500, confidence=100, planning.waypoints=1, offloadTaskId=probe-361, offloadPayload=1024 bytes}"
5g-receiver,1786032271401672674,edge4av-real-20260806-airspan-followup-run-1,c4-rep2-mqtt,airspan-followup-70-20-10,guided-planning,mqtt,,veh-003,rsu-1,c4-rep2-mqtt-veh-003-362,ipi-session-1,airspan-followup-c4-rep2,veh-003,362,100-clients,default,stationary,unsynced,true,true,payload_bytes,1024,bytes,IPI-CooperativeService,1099,1786032443692355798,1786032271401625188,1786032271401672674,,,,,,"CooperativeService{guidedPlanning, status=request, vehicleId=0x7665682d303033, requestedHorizonMs=2500, confidence=100, planning.waypoints=1, offloadTaskId=probe-362, offloadPayload=1024 bytes}"
5g-receiver,1786032271782095521,edge4av-real-20260806-airspan-followup-run-1,c4-rep2-mqtt,airspan-followup-70-20-10,guided-planning,mqtt,,veh-003,rsu-1,c4-rep2-mqtt-veh-003-363,ipi-session-1,airspan-followup-c4-rep2,veh-003,363,100-clients,default,stationary,unsynced,true,true,payload_bytes,1024,bytes,IPI-CooperativeService,1099,1786032445560335518,1786032271782051292,1786032271782095521,,,,,,"CooperativeService{guidedPlanning, status=request, vehicleId=0x7665682d303033, requestedHorizonMs=2500, confidence=100, planning.waypoints=1, offloadTaskId=probe-363, offloadPayload=1024 bytes}"
5g-receiver,1786032272162548927,edge4av-real-20260806-airspan-followup-run-1,c4-rep2-mqtt,airspan-followup-70-20-10,guided-planning,mqtt,,veh-003,rsu-1,c4-rep2-mqtt-veh-003-364,ipi-session-1,airspan-followup-c4-rep2,veh-003,364,100-clients,default,stationary,unsynced,true,true,payload_bytes,1024,bytes,IPI-CooperativeService,1099,1786032445941957875,1786032272162517389,1786032272162548927,,,,,,"CooperativeService{guidedPlanning, status=request, vehicleId=0x7665682d303033, requestedHorizonMs=2500, confidence=100, planning.waypoints=1, offloadTaskId=probe-364, offloadPayload=1024 bytes}"
5g-receiver,1786032272485174719,edge4av-real-20260806-airspan-followup-run-1,c4-rep2-mqtt,airspan-followup-70-20-10,guided-planning,mqtt,,veh-003,rsu-1,c4-rep2-mqtt-veh-003-365,ipi-session-1,airspan-followup-c4-rep2,veh-003,365,100-clients,default,stationary,unsynced,true,true,payload_bytes,1024,bytes,IPI-CooperativeService,1099,1786032446315418484,1786032272485129154,1786032272485174719,,,,,,"CooperativeService{guidedPlanning, status=request, vehicleId=0x7665682d303033, requestedHorizonMs=2500, confidence=100, planning.waypoints=1, offloadTaskId=probe-365, offloadPayload=1024 bytes}"
5g-receiver,1786032272864355427,edge4av-real-20260806-airspan-followup-run-1,c4-rep2-mqtt,airspan-followup-70-20-10,guided-planning,mqtt,,veh-003,rsu-1,c4-rep2-mqtt-veh-003-366,ipi-session-1,airspan-followup-c4-rep2,veh-003,366,100-clients,default,stationary,unsynced,true,true,payload_bytes,1024,bytes,IPI-CooperativeService,1099,1786032446642379180,1786032272864302282,1786032272864355427,,,,,,"CooperativeService{guidedPlanning, status=request, vehicleId=0x7665682d303033, requestedHorizonMs=2500, confidence=100, planning.waypoints=1, offloadTaskId=probe-366, offloadPayload=1024 bytes}"
5g-receiver,1786032273224965809,edge4av-real-20260806-airspan-followup-run-1,c4-rep2-mqtt,airspan-followup-70-20-10,guided-planning,mqtt,,veh-003,rsu-1,c4-rep2-mqtt-veh-003-367,ipi-session-1,airspan-followup-c4-rep2,veh-003,367,100-clients,default,stationary,unsynced,true,true,payload_bytes,1024,bytes,IPI-CooperativeService,1099,1786032447022441778,1786032273224940373,1786032273224965809,,,,,,"CooperativeService{guidedPlanning, status=request, vehicleId=0x7665682d303033, requestedHorizonMs=2500, confidence=100, planning.waypoints=1, offloadTaskId=probe-367, offloadPayload=1024 bytes}"
5g-receiver,1786032273595457682,edge4av-real-20260806-airspan-followup-run-1,c4-rep2-mqtt,airspan-followup-70-20-10,guided-planning,mqtt,,veh-003,rsu-1,c4-rep2-mqtt-veh-003-368,ipi-session-1,airspan-followup-c4-rep2,veh-003,368,100-clients,default,stationary,unsynced,true,true,payload_bytes,1024,bytes,IPI-CooperativeService,1099,1786032447380455787,1786032273595413016,1786032273595457682,,,,,,"CooperativeService{guidedPlanning, status=request, vehicleId=0x7665682d303033, requestedHorizonMs=2500, confidence=100, planning.waypoints=1, offloadTaskId=probe-368, offloadPayload=1024 bytes}"
5g-receiver,1786032273976426956,edge4av-real-20260806-airspan-followup-run-1,c4-rep2-mqtt,airspan-followup-70-20-10,guided-planning,mqtt,,veh-003,rsu-1,c4-rep2-mqtt-veh-003-369,ipi-session-1,airspan-followup-c4-rep2,veh-003,369,100-clients,default,stationary,unsynced,true,true,payload_bytes,1024,bytes,IPI-CooperativeService,1099,1786032447752396038,1786032273976354926,1786032273976426956,,,,,,"CooperativeService{guidedPlanning, status=request, vehicleId=0x7665682d303033, requestedHorizonMs=2500, confidence=100, planning.waypoints=1, offloadTaskId=probe-369, offloadPayload=1024 bytes}"
5g-receiver,1786032274320013201,edge4av-real-20260806-airspan-followup-run-1,c4-rep2-mqtt,airspan-followup-70-20-10,guided-planning,mqtt,,veh-003,rsu-1,c4-rep2-mqtt-veh-003-370,ipi-session-1,airspan-followup-c4-rep2,veh-003,370,100-clients,default,stationary,unsynced,true,true,payload_bytes,1024,bytes,IPI-CooperativeService,1099,1786032448130391912,1786032274319969239,1786032274320013201,,,,,,"CooperativeService{guidedPlanning, status=request, vehicleId=0x7665682d303033, requestedHorizonMs=2500, confidence=100, planning.waypoints=1, offloadTaskId=probe-370, offloadPayload=1024 bytes}"
5g-receiver,1786032275068087951,edge4av-real-20260806-airspan-followup-run-1,c4-rep2-mqtt,airspan-followup-70-20-10,guided-planning,mqtt,,veh-003,rsu-1,c4-rep2-mqtt-veh-003-371,ipi-session-1,airspan-followup-c4-rep2,veh-003,371,100-clients,default,stationary,unsynced,true,true,payload_bytes,1024,bytes,IPI-CooperativeService,1099,1786032448472571371,1786032275068030090,1786032275068087951,,,,,,"CooperativeService{guidedPlanning, status=request, vehicleId=0x7665682d303033, requestedHorizonMs=2500, confidence=100, planning.waypoints=1, offloadTaskId=probe-371, offloadPayload=1024 bytes}"
5g-receiver,1786032275418661124,edge4av-real-20260806-airspan-followup-run-1,c4-rep2-mqtt,airspan-followup-70-20-10,guided-planning,mqtt,,veh-003,rsu-1,c4-rep2-mqtt-veh-003-372,ipi-session-1,airspan-followup-c4-rep2,veh-003,372,100-clients,default,stationary,unsynced,true,true,payload_bytes,1024,bytes,IPI-CooperativeService,1099,1786032449222392761,1786032275418616721,1786032275418661124,,,,,,"CooperativeService{guidedPlanning, status=request, vehicleId=0x7665682d303033, requestedHorizonMs=2500, confidence=100, planning.waypoints=1, offloadTaskId=probe-372, offloadPayload=1024 bytes}"
5g-receiver,1786032275768880689,edge4av-real-20260806-airspan-followup-run-1,c4-rep2-mqtt,airspan-followup-70-20-10,guided-planning,mqtt,,veh-003,rsu-1,c4-rep2-mqtt-veh-003-373,ipi-session-1,airspan-followup-c4-rep2,veh-003,373,100-clients,default,stationary,unsynced,true,true,payload_bytes,1024,bytes,IPI-CooperativeService,1099,1786032449574348534,1786032275768853082,1786032275768880689,,,,,,"CooperativeService{guidedPlanning, status=request, vehicleId=0x7665682d303033, requestedHorizonMs=2500, confidence=100, planning.waypoints=1, offloadTaskId=probe-373, offloadPayload=1024 bytes}"
5g-receiver,1786032276149449424,edge4av-real-20260806-airspan-followup-run-1,c4-rep2-mqtt,airspan-followup-70-20-10,guided-planning,mqtt,,veh-003,rsu-1,c4-rep2-mqtt-veh-003-374,ipi-session-1,airspan-followup-c4-rep2,veh-003,374,100-clients,default,stationary,unsynced,true,true,payload_bytes,1024,bytes,IPI-CooperativeService,1099,1786032449924321467,1786032276149433727,1786032276149449424,,,,,,"CooperativeService{guidedPlanning, status=request, vehicleId=0x7665682d303033, requestedHorizonMs=2500, confidence=100, planning.waypoints=1, offloadTaskId=probe-374, offloadPayload=1024 bytes}"
5g-receiver,1786032276460878283,edge4av-real-20260806-airspan-followup-run-1,c4-rep2-mqtt,airspan-followup-70-20-10,guided-planning,mqtt,,veh-003,rsu-1,c4-rep2-mqtt-veh-003-375,ipi-session-1,airspan-followup-c4-rep2,veh-003,375,100-clients,default,stationary,unsynced,true,true,payload_bytes,1024,bytes,IPI-CooperativeService,1099,1786032450301334641,1786032276460807013,1786032276460878283,,,,,,"CooperativeService{guidedPlanning, status=request, vehicleId=0x7665682d303033, requestedHorizonMs=2500, confidence=100, planning.waypoints=1, offloadTaskId=probe-375, offloadPayload=1024 bytes}"
5g-receiver,1786032276781745190,edge4av-real-20260806-airspan-followup-run-1,c4-rep2-mqtt,airspan-followup-70-20-10,guided-planning,mqtt,,veh-003,rsu-1,c4-rep2-mqtt-veh-003-376,ipi-session-1,airspan-followup-c4-rep2,veh-003,376,100-clients,default,stationary,unsynced,true,true,payload_bytes,1024,bytes,IPI-CooperativeService,1099,1786032450616451249,1786032276781700806,1786032276781745190,,,,,,"CooperativeService{guidedPlanning, status=request, vehicleId=0x7665682d303033, requestedHorizonMs=2500, confidence=100, planning.waypoints=1, offloadTaskId=probe-376, offloadPayload=1024 bytes}"
5g-receiver,1786032277143489429,edge4av-real-20260806-airspan-followup-run-1,c4-rep2-mqtt,airspan-followup-70-20-10,guided-planning,mqtt,,veh-003,rsu-1,c4-rep2-mqtt-veh-003-377,ipi-session-1,airspan-followup-c4-rep2,veh-003,377,100-clients,default,stationary,unsynced,true,true,payload_bytes,1024,bytes,IPI-CooperativeService,1099,1786032450942376774,1786032277143427044,1786032277143489429,,,,,,"CooperativeService{guidedPlanning, status=request, vehicleId=0x7665682d303033, requestedHorizonMs=2500, confidence=100, planning.waypoints=1, offloadTaskId=probe-377, offloadPayload=1024 bytes}"
5g-receiver,1786032277473857227,edge4av-real-20260806-airspan-followup-run-1,c4-rep2-mqtt,airspan-followup-70-20-10,guided-planning,mqtt,,veh-003,rsu-1,c4-rep2-mqtt-veh-003-378,ipi-session-1,airspan-followup-c4-rep2,veh-003,378,100-clients,default,stationary,unsynced,true,true,payload_bytes,1024,bytes,IPI-CooperativeService,1099,1786032451300302932,1786032277473802247,1786032277473857227,,,,,,"CooperativeService{guidedPlanning, status=request, vehicleId=0x7665682d303033, requestedHorizonMs=2500, confidence=100, planning.waypoints=1, offloadTaskId=probe-378, offloadPayload=1024 bytes}"
5g-receiver,1786032277802380365,edge4av-real-20260806-airspan-followup-run-1,c4-rep2-mqtt,airspan-followup-70-20-10,guided-planning,mqtt,,veh-003,rsu-1,c4-rep2-mqtt-veh-003-379,ipi-session-1,airspan-followup-c4-rep2,veh-003,379,100-clients,default,stationary,unsynced,true,true,payload_bytes,1024,bytes,IPI-CooperativeService,1099,1786032451630456023,1786032277802360764,1786032277802380365,,,,,,"CooperativeService{guidedPlanning, status=request, vehicleId=0x7665682d303033, requestedHorizonMs=2500, confidence=100, planning.waypoints=1, offloadTaskId=probe-379, offloadPayload=1024 bytes}"
5g-receiver,1786032278183857192,edge4av-real-20260806-airspan-followup-run-1,c4-rep2-mqtt,airspan-followup-70-20-10,guided-planning,mqtt,,veh-003,rsu-1,c4-rep2-mqtt-veh-003-380,ipi-session-1,airspan-followup-c4-rep2,veh-003,380,100-clients,default,stationary,unsynced,true,true,payload_bytes,1024,bytes,IPI-CooperativeService,1099,1786032451960437242,1786032278183796697,1786032278183857192,,,,,,"CooperativeService{guidedPlanning, status=request, vehicleId=0x7665682d303033, requestedHorizonMs=2500, confidence=100, planning.waypoints=1, offloadTaskId=probe-380, offloadPayload=1024 bytes}"
5g-receiver,1786032278553697685,edge4av-real-20260806-airspan-followup-run-1,c4-rep2-mqtt,airspan-followup-70-20-10,guided-planning,mqtt,,veh-003,rsu-1,c4-rep2-mqtt-veh-003-381,ipi-session-1,airspan-followup-c4-rep2,veh-003,381,100-clients,default,stationary,unsynced,true,true,payload_bytes,1024,bytes,IPI-CooperativeService,1099,1786032452336592787,1786032278553653607,1786032278553697685,,,,,,"CooperativeService{guidedPlanning, status=request, vehicleId=0x7665682d303033, requestedHorizonMs=2500, confidence=100, planning.waypoints=1, offloadTaskId=probe-381, offloadPayload=1024 bytes}"
5g-receiver,1786032278906842819,edge4av-real-20260806-airspan-followup-run-1,c4-rep2-mqtt,airspan-followup-70-20-10,guided-planning,mqtt,,veh-003,rsu-1,c4-rep2-mqtt-veh-003-382,ipi-session-1,airspan-followup-c4-rep2,veh-003,382,100-clients,default,stationary,unsynced,true,true,payload_bytes,1024,bytes,IPI-CooperativeService,1099,1786032452708574177,1786032278906798563,1786032278906842819,,,,,,"CooperativeService{guidedPlanning, status=request, vehicleId=0x7665682d303033, requestedHorizonMs=2500, confidence=100, planning.waypoints=1, offloadTaskId=probe-382, offloadPayload=1024 bytes}"
5g-receiver,1786032279265420566,edge4av-real-20260806-airspan-followup-run-1,c4-rep2-mqtt,airspan-followup-70-20-10,guided-planning,mqtt,,veh-003,rsu-1,c4-rep2-mqtt-veh-003-383,ipi-session-1,airspan-followup-c4-rep2,veh-003,383,100-clients,default,stationary,unsynced,true,true,payload_bytes,1024,bytes,IPI-CooperativeService,1099,1786032453060393918,1786032279265403395,1786032279265420566,,,,,,"CooperativeService{guidedPlanning, status=request, vehicleId=0x7665682d303033, requestedHorizonMs=2500, confidence=100, planning.waypoints=1, offloadTaskId=probe-383, offloadPayload=1024 bytes}"
5g-receiver,1786032279636112222,edge4av-real-20260806-airspan-followup-run-1,c4-rep2-mqtt,airspan-followup-70-20-10,guided-planning,mqtt,,veh-003,rsu-1,c4-rep2-mqtt-veh-003-384,ipi-session-1,airspan-followup-c4-rep2,veh-003,384,100-clients,default,stationary,unsynced,true,true,payload_bytes,1024,bytes,IPI-CooperativeService,1099,1786032453426353172,1786032279636065588,1786032279636112222,,,,,,"CooperativeService{guidedPlanning, status=request, vehicleId=0x7665682d303033, requestedHorizonMs=2500, confidence=100, planning.waypoints=1, offloadTaskId=probe-384, offloadPayload=1024 bytes}"
5g-receiver,1786032279966607828,edge4av-real-20260806-airspan-followup-run-1,c4-rep2-mqtt,airspan-followup-70-20-10,guided-planning,mqtt,,veh-003,rsu-1,c4-rep2-mqtt-veh-003-385,ipi-session-1,airspan-followup-c4-rep2,veh-003,385,100-clients,default,stationary,unsynced,true,true,payload_bytes,1024,bytes,IPI-CooperativeService,1099,1786032453794344626,1786032279966563261,1786032279966607828,,,,,,"CooperativeService{guidedPlanning, status=request, vehicleId=0x7665682d303033, requestedHorizonMs=2500, confidence=100, planning.waypoints=1, offloadTaskId=probe-385, offloadPayload=1024 bytes}"
5g-receiver,1786032280306608888,edge4av-real-20260806-airspan-followup-run-1,c4-rep2-mqtt,airspan-followup-70-20-10,guided-planning,mqtt,,veh-003,rsu-1,c4-rep2-mqtt-veh-003-386,ipi-session-1,airspan-followup-c4-rep2,veh-003,386,100-clients,default,stationary,unsynced,true,true,payload_bytes,1024,bytes,IPI-CooperativeService,1099,1786032454120455984,1786032280306590809,1786032280306608888,,,,,,"CooperativeService{guidedPlanning, status=request, vehicleId=0x7665682d303033, requestedHorizonMs=2500, confidence=100, planning.waypoints=1, offloadTaskId=probe-386, offloadPayload=1024 bytes}"
5g-receiver,1786032280669799064,edge4av-real-20260806-airspan-followup-run-1,c4-rep2-mqtt,airspan-followup-70-20-10,guided-planning,mqtt,,veh-003,rsu-1,c4-rep2-mqtt-veh-003-387,ipi-session-1,airspan-followup-c4-rep2,veh-003,387,100-clients,default,stationary,unsynced,true,true,payload_bytes,1024,bytes,IPI-CooperativeService,1099,1786032454460838411,1786032280669755656,1786032280669799064,,,,,,"CooperativeService{guidedPlanning, status=request, vehicleId=0x7665682d303033, requestedHorizonMs=2500, confidence=100, planning.waypoints=1, offloadTaskId=probe-387, offloadPayload=1024 bytes}"
5g-receiver,1786032281039635012,edge4av-real-20260806-airspan-followup-run-1,c4-rep2-mqtt,airspan-followup-70-20-10,guided-planning,mqtt,,veh-003,rsu-1,c4-rep2-mqtt-veh-003-388,ipi-session-1,airspan-followup-c4-rep2,veh-003,388,100-clients,default,stationary,unsynced,true,true,payload_bytes,1024,bytes,IPI-CooperativeService,1099,1786032454824347811,1786032281039590513,1786032281039635012,,,,,,"CooperativeService{guidedPlanning, status=request, vehicleId=0x7665682d303033, requestedHorizonMs=2500, confidence=100, planning.waypoints=1, offloadTaskId=probe-388, offloadPayload=1024 bytes}"
5g-receiver,1786032281399893311,edge4av-real-20260806-airspan-followup-run-1,c4-rep2-mqtt,airspan-followup-70-20-10,guided-planning,mqtt,,veh-003,rsu-1,c4-rep2-mqtt-veh-003-389,ipi-session-1,airspan-followup-c4-rep2,veh-003,389,100-clients,default,stationary,unsynced,true,true,payload_bytes,1024,bytes,IPI-CooperativeService,1099,1786032455192671628,1786032281399848658,1786032281399893311,,,,,,"CooperativeService{guidedPlanning, status=request, vehicleId=0x7665682d303033, requestedHorizonMs=2500, confidence=100, planning.waypoints=1, offloadTaskId=probe-389, offloadPayload=1024 bytes}"
5g-receiver,1786032281761278395,edge4av-real-20260806-airspan-followup-run-1,c4-rep2-mqtt,airspan-followup-70-20-10,guided-planning,mqtt,,veh-003,rsu-1,c4-rep2-mqtt-veh-003-390,ipi-session-1,airspan-followup-c4-rep2,veh-003,390,100-clients,default,stationary,unsynced,true,true,payload_bytes,1024,bytes,IPI-CooperativeService,1099,1786032455552309169,1786032281761233588,1786032281761278395,,,,,,"CooperativeService{guidedPlanning, status=request, vehicleId=0x7665682d303033, requestedHorizonMs=2500, confidence=100, planning.waypoints=1, offloadTaskId=probe-390, offloadPayload=1024 bytes}"
5g-receiver,1786032282131529805,edge4av-real-20260806-airspan-followup-run-1,c4-rep2-mqtt,airspan-followup-70-20-10,guided-planning,mqtt,,veh-003,rsu-1,c4-rep2-mqtt-veh-003-391,ipi-session-1,airspan-followup-c4-rep2,veh-003,391,100-clients,default,stationary,unsynced,true,true,payload_bytes,1024,bytes,IPI-CooperativeService,1099,1786032455920441068,1786032282131485239,1786032282131529805,,,,,,"CooperativeService{guidedPlanning, status=request, vehicleId=0x7665682d303033, requestedHorizonMs=2500, confidence=100, planning.waypoints=1, offloadTaskId=probe-391, offloadPayload=1024 bytes}"
5g-receiver,1786032282511755289,edge4av-real-20260806-airspan-followup-run-1,c4-rep2-mqtt,airspan-followup-70-20-10,guided-planning,mqtt,,veh-003,rsu-1,c4-rep2-mqtt-veh-003-392,ipi-session-1,airspan-followup-c4-rep2,veh-003,392,100-clients,default,stationary,unsynced,true,true,payload_bytes,1024,bytes,IPI-CooperativeService,1099,1786032456285063188,1786032282511692854,1786032282511755289,,,,,,"CooperativeService{guidedPlanning, status=request, vehicleId=0x7665682d303033, requestedHorizonMs=2500, confidence=100, planning.waypoints=1, offloadTaskId=probe-392, offloadPayload=1024 bytes}"
5g-receiver,1786032283622500037,edge4av-real-20260806-airspan-followup-run-1,c4-rep2-mqtt,airspan-followup-70-20-10,guided-planning,mqtt,,veh-003,rsu-1,c4-rep2-mqtt-veh-003-393,ipi-session-1,airspan-followup-c4-rep2,veh-003,393,100-clients,default,stationary,unsynced,true,true,payload_bytes,1024,bytes,IPI-CooperativeService,1099,1786032456670450871,1786032283622481379,1786032283622500037,,,,,,"CooperativeService{guidedPlanning, status=request, vehicleId=0x7665682d303033, requestedHorizonMs=2500, confidence=100, planning.waypoints=1, offloadTaskId=probe-393, offloadPayload=1024 bytes}"
5g-receiver,1786032283985123834,edge4av-real-20260806-airspan-followup-run-1,c4-rep2-mqtt,airspan-followup-70-20-10,guided-planning,mqtt,,veh-003,rsu-1,c4-rep2-mqtt-veh-003-394,ipi-session-1,airspan-followup-c4-rep2,veh-003,394,100-clients,default,stationary,unsynced,true,true,payload_bytes,1024,bytes,IPI-CooperativeService,1099,1786032457775076572,1786032283985092821,1786032283985123834,,,,,,"CooperativeService{guidedPlanning, status=request, vehicleId=0x7665682d303033, requestedHorizonMs=2500, confidence=100, planning.waypoints=1, offloadTaskId=probe-394, offloadPayload=1024 bytes}"
5g-receiver,1786032284334495129,edge4av-real-20260806-airspan-followup-run-1,c4-rep2-mqtt,airspan-followup-70-20-10,guided-planning,mqtt,,veh-003,rsu-1,c4-rep2-mqtt-veh-003-395,ipi-session-1,airspan-followup-c4-rep2,veh-003,395,100-clients,default,stationary,unsynced,true,true,payload_bytes,1024,bytes,IPI-CooperativeService,1099,1786032458142447645,1786032284334451280,1786032284334495129,,,,,,"CooperativeService{guidedPlanning, status=request, vehicleId=0x7665682d303033, requestedHorizonMs=2500, confidence=100, planning.waypoints=1, offloadTaskId=probe-395, offloadPayload=1024 bytes}"
5g-receiver,1786032285075867587,edge4av-real-20260806-airspan-followup-run-1,c4-rep2-mqtt,airspan-followup-70-20-10,guided-planning,mqtt,,veh-003,rsu-1,c4-rep2-mqtt-veh-003-396,ipi-session-1,airspan-followup-c4-rep2,veh-003,396,100-clients,default,stationary,unsynced,true,true,payload_bytes,1024,bytes,IPI-CooperativeService,1099,1786032458488357648,1786032285075807457,1786032285075867587,,,,,,"CooperativeService{guidedPlanning, status=request, vehicleId=0x7665682d303033, requestedHorizonMs=2500, confidence=100, planning.waypoints=1, offloadTaskId=probe-396, offloadPayload=1024 bytes}"
5g-receiver,1786032285415588063,edge4av-real-20260806-airspan-followup-run-1,c4-rep2-mqtt,airspan-followup-70-20-10,guided-planning,mqtt,,veh-003,rsu-1,c4-rep2-mqtt-veh-003-397,ipi-session-1,airspan-followup-c4-rep2,veh-003,397,100-clients,default,stationary,unsynced,true,true,payload_bytes,1024,bytes,IPI-CooperativeService,1099,1786032459230541445,1786032285415569638,1786032285415588063,,,,,,"CooperativeService{guidedPlanning, status=request, vehicleId=0x7665682d303033, requestedHorizonMs=2500, confidence=100, planning.waypoints=1, offloadTaskId=probe-397, offloadPayload=1024 bytes}"
5g-receiver,1786032285786865538,edge4av-real-20260806-airspan-followup-run-1,c4-rep2-mqtt,airspan-followup-70-20-10,guided-planning,mqtt,,veh-003,rsu-1,c4-rep2-mqtt-veh-003-398,ipi-session-1,airspan-followup-c4-rep2,veh-003,398,100-clients,default,stationary,unsynced,true,true,payload_bytes,1024,bytes,IPI-CooperativeService,1099,1786032459570631371,1786032285786820908,1786032285786865538,,,,,,"CooperativeService{guidedPlanning, status=request, vehicleId=0x7665682d303033, requestedHorizonMs=2500, confidence=100, planning.waypoints=1, offloadTaskId=probe-398, offloadPayload=1024 bytes}"
5g-receiver,1786032286167437222,edge4av-real-20260806-airspan-followup-run-1,c4-rep2-mqtt,airspan-followup-70-20-10,guided-planning,mqtt,,veh-003,rsu-1,c4-rep2-mqtt-veh-003-399,ipi-session-1,airspan-followup-c4-rep2,veh-003,399,100-clients,default,stationary,unsynced,true,true,payload_bytes,1024,bytes,IPI-CooperativeService,1099,1786032459944407001,1786032286167381584,1786032286167437222,,,,,,"CooperativeService{guidedPlanning, status=request, vehicleId=0x7665682d303033, requestedHorizonMs=2500, confidence=100, planning.waypoints=1, offloadTaskId=probe-399, offloadPayload=1024 bytes}"
5g-receiver,1786032286517691888,edge4av-real-20260806-airspan-followup-run-1,c4-rep2-mqtt,airspan-followup-70-20-10,guided-planning,mqtt,,veh-003,rsu-1,c4-rep2-mqtt-veh-003-400,ipi-session-1,airspan-followup-c4-rep2,veh-003,400,100-clients,default,stationary,unsynced,true,true,payload_bytes,1024,bytes,IPI-CooperativeService,1099,1786032460322450871,1786032286517670868,1786032286517691888,,,,,,"CooperativeService{guidedPlanning, status=request, vehicleId=0x7665682d303033, requestedHorizonMs=2500, confidence=100, planning.waypoints=1, offloadTaskId=probe-400, offloadPayload=1024 bytes}"
5g-receiver,1786032286878437779,edge4av-real-20260806-airspan-followup-run-1,c4-rep2-mqtt,airspan-followup-70-20-10,guided-planning,mqtt,,veh-003,rsu-1,c4-rep2-mqtt-veh-003-401,ipi-session-1,airspan-followup-c4-rep2,veh-003,401,100-clients,default,stationary,unsynced,true,true,payload_bytes,1024,bytes,IPI-CooperativeService,1099,1786032460674539113,1786032286878408181,1786032286878437779,,,,,,"CooperativeService{guidedPlanning, status=request, vehicleId=0x7665682d303033, requestedHorizonMs=2500, confidence=100, planning.waypoints=1, offloadTaskId=probe-401, offloadPayload=1024 bytes}"
5g-receiver,1786032287248522143,edge4av-real-20260806-airspan-followup-run-1,c4-rep2-mqtt,airspan-followup-70-20-10,guided-planning,mqtt,,veh-003,rsu-1,c4-rep2-mqtt-veh-003-402,ipi-session-1,airspan-followup-c4-rep2,veh-003,402,100-clients,default,stationary,unsynced,true,true,payload_bytes,1024,bytes,IPI-CooperativeService,1099,1786032461032640179,1786032287248498496,1786032287248522143,,,,,,"CooperativeService{guidedPlanning, status=request, vehicleId=0x7665682d303033, requestedHorizonMs=2500, confidence=100, planning.waypoints=1, offloadTaskId=probe-402, offloadPayload=1024 bytes}"
5g-receiver,1786032287620562058,edge4av-real-20260806-airspan-followup-run-1,c4-rep2-mqtt,airspan-followup-70-20-10,guided-planning,mqtt,,veh-003,rsu-1,c4-rep2-mqtt-veh-003-403,ipi-session-1,airspan-followup-c4-rep2,veh-003,403,100-clients,default,stationary,unsynced,true,true,payload_bytes,1024,bytes,IPI-CooperativeService,1099,1786032461402519386,1786032287620507223,1786032287620562058,,,,,,"CooperativeService{guidedPlanning, status=request, vehicleId=0x7665682d303033, requestedHorizonMs=2500, confidence=100, planning.waypoints=1, offloadTaskId=probe-403, offloadPayload=1024 bytes}"
5g-receiver,1786032287951034769,edge4av-real-20260806-airspan-followup-run-1,c4-rep2-mqtt,airspan-followup-70-20-10,guided-planning,mqtt,,veh-003,rsu-1,c4-rep2-mqtt-veh-003-404,ipi-session-1,airspan-followup-c4-rep2,veh-003,404,100-clients,default,stationary,unsynced,true,true,payload_bytes,1024,bytes,IPI-CooperativeService,1099,1786032461780449695,1786032287950989280,1786032287951034769,,,,,,"CooperativeService{guidedPlanning, status=request, vehicleId=0x7665682d303033, requestedHorizonMs=2500, confidence=100, planning.waypoints=1, offloadTaskId=probe-404, offloadPayload=1024 bytes}"
5g-receiver,1786032288322204055,edge4av-real-20260806-airspan-followup-run-1,c4-rep2-mqtt,airspan-followup-70-20-10,guided-planning,mqtt,,veh-003,rsu-1,c4-rep2-mqtt-veh-003-405,ipi-session-1,airspan-followup-c4-rep2,veh-003,405,100-clients,default,stationary,unsynced,true,true,payload_bytes,1024,bytes,IPI-CooperativeService,1099,1786032462108651012,1786032288322146018,1786032288322204055,,,,,,"CooperativeService{guidedPlanning, status=request, vehicleId=0x7665682d303033, requestedHorizonMs=2500, confidence=100, planning.waypoints=1, offloadTaskId=probe-405, offloadPayload=1024 bytes}"
5g-receiver,1786032288671136832,edge4av-real-20260806-airspan-followup-run-1,c4-rep2-mqtt,airspan-followup-70-20-10,guided-planning,mqtt,,veh-003,rsu-1,c4-rep2-mqtt-veh-003-406,ipi-session-1,airspan-followup-c4-rep2,veh-003,406,100-clients,default,stationary,unsynced,true,true,payload_bytes,1024,bytes,IPI-CooperativeService,1099,1786032462482436146,1786032288671117731,1786032288671136832,,,,,,"CooperativeService{guidedPlanning, status=request, vehicleId=0x7665682d303033, requestedHorizonMs=2500, confidence=100, planning.waypoints=1, offloadTaskId=probe-406, offloadPayload=1024 bytes}"
5g-receiver,1786032289031797617,edge4av-real-20260806-airspan-followup-run-1,c4-rep2-mqtt,airspan-followup-70-20-10,guided-planning,mqtt,,veh-003,rsu-1,c4-rep2-mqtt-veh-003-407,ipi-session-1,airspan-followup-c4-rep2,veh-003,407,100-clients,default,stationary,unsynced,true,true,payload_bytes,1024,bytes,IPI-CooperativeService,1099,1786032462830473885,1786032289031743147,1786032289031797617,,,,,,"CooperativeService{guidedPlanning, status=request, vehicleId=0x7665682d303033, requestedHorizonMs=2500, confidence=100, planning.waypoints=1, offloadTaskId=probe-407, offloadPayload=1024 bytes}"
5g-receiver,1786032289403052649,edge4av-real-20260806-airspan-followup-run-1,c4-rep2-mqtt,airspan-followup-70-20-10,guided-planning,mqtt,,veh-003,rsu-1,c4-rep2-mqtt-veh-003-408,ipi-session-1,airspan-followup-c4-rep2,veh-003,408,100-clients,default,stationary,unsynced,true,true,payload_bytes,1024,bytes,IPI-CooperativeService,1099,1786032463186170253,1786032289403030072,1786032289403052649,,,,,,"CooperativeService{guidedPlanning, status=request, vehicleId=0x7665682d303033, requestedHorizonMs=2500, confidence=100, planning.waypoints=1, offloadTaskId=probe-408, offloadPayload=1024 bytes}"
5g-receiver,1786032289744090222,edge4av-real-20260806-airspan-followup-run-1,c4-rep2-mqtt,airspan-followup-70-20-10,guided-planning,mqtt,,veh-003,rsu-1,c4-rep2-mqtt-veh-003-409,ipi-session-1,airspan-followup-c4-rep2,veh-003,409,100-clients,default,stationary,unsynced,true,true,payload_bytes,1024,bytes,IPI-CooperativeService,1099,1786032463558562450,1786032289744045416,1786032289744090222,,,,,,"CooperativeService{guidedPlanning, status=request, vehicleId=0x7665682d303033, requestedHorizonMs=2500, confidence=100, planning.waypoints=1, offloadTaskId=probe-409, offloadPayload=1024 bytes}"
5g-receiver,1786032290064131775,edge4av-real-20260806-airspan-followup-run-1,c4-rep2-mqtt,airspan-followup-70-20-10,guided-planning,mqtt,,veh-003,rsu-1,c4-rep2-mqtt-veh-003-410,ipi-session-1,airspan-followup-c4-rep2,veh-003,410,100-clients,default,stationary,unsynced,true,true,payload_bytes,1024,bytes,IPI-CooperativeService,1099,1786032463900713524,1786032290064078241,1786032290064131775,,,,,,"CooperativeService{guidedPlanning, status=request, vehicleId=0x7665682d303033, requestedHorizonMs=2500, confidence=100, planning.waypoints=1, offloadTaskId=probe-410, offloadPayload=1024 bytes}"
5g-receiver,1786032290424273557,edge4av-real-20260806-airspan-followup-run-1,c4-rep2-mqtt,airspan-followup-70-20-10,guided-planning,mqtt,,veh-003,rsu-1,c4-rep2-mqtt-veh-003-411,ipi-session-1,airspan-followup-c4-rep2,veh-003,411,100-clients,default,stationary,unsynced,true,true,payload_bytes,1024,bytes,IPI-CooperativeService,1099,1786032464217021096,1786032290424241437,1786032290424273557,,,,,,"CooperativeService{guidedPlanning, status=request, vehicleId=0x7665682d303033, requestedHorizonMs=2500, confidence=100, planning.waypoints=1, offloadTaskId=probe-411, offloadPayload=1024 bytes}"
5g-receiver,1786032290756053333,edge4av-real-20260806-airspan-followup-run-1,c4-rep2-mqtt,airspan-followup-70-20-10,guided-planning,mqtt,,veh-003,rsu-1,c4-rep2-mqtt-veh-003-412,ipi-session-1,airspan-followup-c4-rep2,veh-003,412,100-clients,default,stationary,unsynced,true,true,payload_bytes,1024,bytes,IPI-CooperativeService,1099,1786032464582576024,1786032290755996610,1786032290756053333,,,,,,"CooperativeService{guidedPlanning, status=request, vehicleId=0x7665682d303033, requestedHorizonMs=2500, confidence=100, planning.waypoints=1, offloadTaskId=probe-412, offloadPayload=1024 bytes}"
5g-receiver,1786032291105531896,edge4av-real-20260806-airspan-followup-run-1,c4-rep2-mqtt,airspan-followup-70-20-10,guided-planning,mqtt,,veh-003,rsu-1,c4-rep2-mqtt-veh-003-413,ipi-session-1,airspan-followup-c4-rep2,veh-003,413,100-clients,default,stationary,unsynced,true,true,payload_bytes,1024,bytes,IPI-CooperativeService,1099,1786032464916539818,1786032291105504318,1786032291105531896,,,,,,"CooperativeService{guidedPlanning, status=request, vehicleId=0x7665682d303033, requestedHorizonMs=2500, confidence=100, planning.waypoints=1, offloadTaskId=probe-413, offloadPayload=1024 bytes}"
5g-receiver,1786032291486684080,edge4av-real-20260806-airspan-followup-run-1,c4-rep2-mqtt,airspan-followup-70-20-10,guided-planning,mqtt,,veh-003,rsu-1,c4-rep2-mqtt-veh-003-414,ipi-session-1,airspan-followup-c4-rep2,veh-003,414,100-clients,default,stationary,unsynced,true,true,payload_bytes,1024,bytes,IPI-CooperativeService,1099,1786032465264535846,1786032291486639350,1786032291486684080,,,,,,"CooperativeService{guidedPlanning, status=request, vehicleId=0x7665682d303033, requestedHorizonMs=2500, confidence=100, planning.waypoints=1, offloadTaskId=probe-414, offloadPayload=1024 bytes}"
5g-receiver,1786032291837188541,edge4av-real-20260806-airspan-followup-run-1,c4-rep2-mqtt,airspan-followup-70-20-10,guided-planning,mqtt,,veh-003,rsu-1,c4-rep2-mqtt-veh-003-415,ipi-session-1,airspan-followup-c4-rep2,veh-003,415,100-clients,default,stationary,unsynced,true,true,payload_bytes,1024,bytes,IPI-CooperativeService,1099,1786032465642571722,1786032291837138177,1786032291837188541,,,,,,"CooperativeService{guidedPlanning, status=request, vehicleId=0x7665682d303033, requestedHorizonMs=2500, confidence=100, planning.waypoints=1, offloadTaskId=probe-415, offloadPayload=1024 bytes}"
5g-receiver,1786032292207509950,edge4av-real-20260806-airspan-followup-run-1,c4-rep2-mqtt,airspan-followup-70-20-10,guided-planning,mqtt,,veh-003,rsu-1,c4-rep2-mqtt-veh-003-416,ipi-session-1,airspan-followup-c4-rep2,veh-003,416,100-clients,default,stationary,unsynced,true,true,payload_bytes,1024,bytes,IPI-CooperativeService,1099,1786032465991123093,1786032292207487499,1786032292207509950,,,,,,"CooperativeService{guidedPlanning, status=request, vehicleId=0x7665682d303033, requestedHorizonMs=2500, confidence=100, planning.waypoints=1, offloadTaskId=probe-416, offloadPayload=1024 bytes}"
5g-receiver,1786032292578938789,edge4av-real-20260806-airspan-followup-run-1,c4-rep2-mqtt,airspan-followup-70-20-10,guided-planning,mqtt,,veh-003,rsu-1,c4-rep2-mqtt-veh-003-417,ipi-session-1,airspan-followup-c4-rep2,veh-003,417,100-clients,default,stationary,unsynced,true,true,payload_bytes,1024,bytes,IPI-CooperativeService,1099,1786032466372531287,1786032292578874498,1786032292578938789,,,,,,"CooperativeService{guidedPlanning, status=request, vehicleId=0x7665682d303033, requestedHorizonMs=2500, confidence=100, planning.waypoints=1, offloadTaskId=probe-417, offloadPayload=1024 bytes}"
5g-receiver,1786032292919319020,edge4av-real-20260806-airspan-followup-run-1,c4-rep2-mqtt,airspan-followup-70-20-10,guided-planning,mqtt,,veh-003,rsu-1,c4-rep2-mqtt-veh-003-418,ipi-session-1,airspan-followup-c4-rep2,veh-003,418,100-clients,default,stationary,unsynced,true,true,payload_bytes,1024,bytes,IPI-CooperativeService,1099,1786032466732079803,1786032292919275313,1786032292919319020,,,,,,"CooperativeService{guidedPlanning, status=request, vehicleId=0x7665682d303033, requestedHorizonMs=2500, confidence=100, planning.waypoints=1, offloadTaskId=probe-418, offloadPayload=1024 bytes}"
5g-receiver,1786032293651073957,edge4av-real-20260806-airspan-followup-run-1,c4-rep2-mqtt,airspan-followup-70-20-10,guided-planning,mqtt,,veh-003,rsu-1,c4-rep2-mqtt-veh-003-419,ipi-session-1,airspan-followup-c4-rep2,veh-003,419,100-clients,default,stationary,unsynced,true,true,payload_bytes,1024,bytes,IPI-CooperativeService,1099,1786032467072523653,1786032293651029540,1786032293651073957,,,,,,"CooperativeService{guidedPlanning, status=request, vehicleId=0x7665682d303033, requestedHorizonMs=2500, confidence=100, planning.waypoints=1, offloadTaskId=probe-419, offloadPayload=1024 bytes}"
5g-receiver,1786032293989882989,edge4av-real-20260806-airspan-followup-run-1,c4-rep2-mqtt,airspan-followup-70-20-10,guided-planning,mqtt,,veh-003,rsu-1,c4-rep2-mqtt-veh-003-420,ipi-session-1,airspan-followup-c4-rep2,veh-003,420,100-clients,default,stationary,unsynced,true,true,payload_bytes,1024,bytes,IPI-CooperativeService,1099,1786032467804392546,1786032293989867091,1786032293989882989,,,,,,"CooperativeService{guidedPlanning, status=request, vehicleId=0x7665682d303033, requestedHorizonMs=2500, confidence=100, planning.waypoints=1, offloadTaskId=probe-420, offloadPayload=1024 bytes}"
5g-receiver,1786032294360989581,edge4av-real-20260806-airspan-followup-run-1,c4-rep2-mqtt,airspan-followup-70-20-10,guided-planning,mqtt,,veh-003,rsu-1,c4-rep2-mqtt-veh-003-421,ipi-session-1,airspan-followup-c4-rep2,veh-003,421,100-clients,default,stationary,unsynced,true,true,payload_bytes,1024,bytes,IPI-CooperativeService,1099,1786032468146438720,1786032294360945377,1786032294360989581,,,,,,"CooperativeService{guidedPlanning, status=request, vehicleId=0x7665682d303033, requestedHorizonMs=2500, confidence=100, planning.waypoints=1, offloadTaskId=probe-421, offloadPayload=1024 bytes}"
5g-receiver,1786032294722178604,edge4av-real-20260806-airspan-followup-run-1,c4-rep2-mqtt,airspan-followup-70-20-10,guided-planning,mqtt,,veh-003,rsu-1,c4-rep2-mqtt-veh-003-422,ipi-session-1,airspan-followup-c4-rep2,veh-003,422,100-clients,default,stationary,unsynced,true,true,payload_bytes,1024,bytes,IPI-CooperativeService,1099,1786032468514721109,1786032294722104887,1786032294722178604,,,,,,"CooperativeService{guidedPlanning, status=request, vehicleId=0x7665682d303033, requestedHorizonMs=2500, confidence=100, planning.waypoints=1, offloadTaskId=probe-422, offloadPayload=1024 bytes}"
5g-receiver,1786032295065242772,edge4av-real-20260806-airspan-followup-run-1,c4-rep2-mqtt,airspan-followup-70-20-10,guided-planning,mqtt,,veh-003,rsu-1,c4-rep2-mqtt-veh-003-423,ipi-session-1,airspan-followup-c4-rep2,veh-003,423,100-clients,default,stationary,unsynced,true,true,payload_bytes,1024,bytes,IPI-CooperativeService,1099,1786032468876701968,1786032295065199318,1786032295065242772,,,,,,"CooperativeService{guidedPlanning, status=request, vehicleId=0x7665682d303033, requestedHorizonMs=2500, confidence=100, planning.waypoints=1, offloadTaskId=probe-423, offloadPayload=1024 bytes}"
5g-receiver,1786032296935576143,edge4av-real-20260806-airspan-followup-run-1,c4-rep2-mqtt,airspan-followup-70-20-10,guided-planning,mqtt,,veh-003,rsu-1,c4-rep2-mqtt-veh-003-424,ipi-session-1,airspan-followup-c4-rep2,veh-003,424,100-clients,default,stationary,unsynced,true,true,payload_bytes,1024,bytes,IPI-CooperativeService,1099,1786032469220456901,1786032296935545262,1786032296935576143,,,,,,"CooperativeService{guidedPlanning, status=request, vehicleId=0x7665682d303033, requestedHorizonMs=2500, confidence=100, planning.waypoints=1, offloadTaskId=probe-424, offloadPayload=1024 bytes}"
5g-receiver,1786032297316406386,edge4av-real-20260806-airspan-followup-run-1,c4-rep2-mqtt,airspan-followup-70-20-10,guided-planning,mqtt,,veh-003,rsu-1,c4-rep2-mqtt-veh-003-425,ipi-session-1,airspan-followup-c4-rep2,veh-003,425,100-clients,default,stationary,unsynced,true,true,payload_bytes,1024,bytes,IPI-CooperativeService,1099,1786032471088743315,1786032297316362272,1786032297316406386,,,,,,"CooperativeService{guidedPlanning, status=request, vehicleId=0x7665682d303033, requestedHorizonMs=2500, confidence=100, planning.waypoints=1, offloadTaskId=probe-425, offloadPayload=1024 bytes}"
5g-receiver,1786032297656305497,edge4av-real-20260806-airspan-followup-run-1,c4-rep2-mqtt,airspan-followup-70-20-10,guided-planning,mqtt,,veh-003,rsu-1,c4-rep2-mqtt-veh-003-426,ipi-session-1,airspan-followup-c4-rep2,veh-003,426,100-clients,default,stationary,unsynced,true,true,payload_bytes,1024,bytes,IPI-CooperativeService,1099,1786032471470000861,1786032297656285902,1786032297656305497,,,,,,"CooperativeService{guidedPlanning, status=request, vehicleId=0x7665682d303033, requestedHorizonMs=2500, confidence=100, planning.waypoints=1, offloadTaskId=probe-426, offloadPayload=1024 bytes}"
5g-receiver,1786032298017565092,edge4av-real-20260806-airspan-followup-run-1,c4-rep2-mqtt,airspan-followup-70-20-10,guided-planning,mqtt,,veh-003,rsu-1,c4-rep2-mqtt-veh-003-427,ipi-session-1,airspan-followup-c4-rep2,veh-003,427,100-clients,default,stationary,unsynced,true,true,payload_bytes,1024,bytes,IPI-CooperativeService,1099,1786032471814523968,1786032298017547787,1786032298017565092,,,,,,"CooperativeService{guidedPlanning, status=request, vehicleId=0x7665682d303033, requestedHorizonMs=2500, confidence=100, planning.waypoints=1, offloadTaskId=probe-427, offloadPayload=1024 bytes}"
5g-receiver,1786032298387474845,edge4av-real-20260806-airspan-followup-run-1,c4-rep2-mqtt,airspan-followup-70-20-10,guided-planning,mqtt,,veh-003,rsu-1,c4-rep2-mqtt-veh-003-428,ipi-session-1,airspan-followup-c4-rep2,veh-003,428,100-clients,default,stationary,unsynced,true,true,payload_bytes,1024,bytes,IPI-CooperativeService,1099,1786032472170540675,1786032298387430188,1786032298387474845,,,,,,"CooperativeService{guidedPlanning, status=request, vehicleId=0x7665682d303033, requestedHorizonMs=2500, confidence=100, planning.waypoints=1, offloadTaskId=probe-428, offloadPayload=1024 bytes}"
5g-receiver,1786032298722177891,edge4av-real-20260806-airspan-followup-run-1,c4-rep2-mqtt,airspan-followup-70-20-10,guided-planning,mqtt,,veh-003,rsu-1,c4-rep2-mqtt-veh-003-429,ipi-session-1,airspan-followup-c4-rep2,veh-003,429,100-clients,default,stationary,unsynced,true,true,payload_bytes,1024,bytes,IPI-CooperativeService,1099,1786032472540913884,1786032298722127776,1786032298722177891,,,,,,"CooperativeService{guidedPlanning, status=request, vehicleId=0x7665682d303033, requestedHorizonMs=2500, confidence=100, planning.waypoints=1, offloadTaskId=probe-429, offloadPayload=1024 bytes}"
5g-receiver,1786032299101268482,edge4av-real-20260806-airspan-followup-run-1,c4-rep2-mqtt,airspan-followup-70-20-10,guided-planning,mqtt,,veh-003,rsu-1,c4-rep2-mqtt-veh-003-430,ipi-session-1,airspan-followup-c4-rep2,veh-003,430,100-clients,default,stationary,unsynced,true,true,payload_bytes,1024,bytes,IPI-CooperativeService,1099,1786032472874385221,1786032299101225105,1786032299101268482,,,,,,"CooperativeService{guidedPlanning, status=request, vehicleId=0x7665682d303033, requestedHorizonMs=2500, confidence=100, planning.waypoints=1, offloadTaskId=probe-430, offloadPayload=1024 bytes}"
5g-receiver,1786032299489736553,edge4av-real-20260806-airspan-followup-run-1,c4-rep2-mqtt,airspan-followup-70-20-10,guided-planning,mqtt,,veh-003,rsu-1,c4-rep2-mqtt-veh-003-431,ipi-session-1,airspan-followup-c4-rep2,veh-003,431,100-clients,default,stationary,unsynced,true,true,payload_bytes,1024,bytes,IPI-CooperativeService,1099,1786032473256579160,1786032299489681076,1786032299489736553,,,,,,"CooperativeService{guidedPlanning, status=request, vehicleId=0x7665682d303033, requestedHorizonMs=2500, confidence=100, planning.waypoints=1, offloadTaskId=probe-431, offloadPayload=1024 bytes}"
5g-receiver,1786032299871421734,edge4av-real-20260806-airspan-followup-run-1,c4-rep2-mqtt,airspan-followup-70-20-10,guided-planning,mqtt,,veh-003,rsu-1,c4-rep2-mqtt-veh-003-432,ipi-session-1,airspan-followup-c4-rep2,veh-003,432,100-clients,default,stationary,unsynced,true,true,payload_bytes,1024,bytes,IPI-CooperativeService,1099,1786032473646796288,1786032299871365568,1786032299871421734,,,,,,"CooperativeService{guidedPlanning, status=request, vehicleId=0x7665682d303033, requestedHorizonMs=2500, confidence=100, planning.waypoints=1, offloadTaskId=probe-432, offloadPayload=1024 bytes}"
5g-receiver,1786032300220820805,edge4av-real-20260806-airspan-followup-run-1,c4-rep2-mqtt,airspan-followup-70-20-10,guided-planning,mqtt,,veh-003,rsu-1,c4-rep2-mqtt-veh-003-433,ipi-session-1,airspan-followup-c4-rep2,veh-003,433,100-clients,default,stationary,unsynced,true,true,payload_bytes,1024,bytes,IPI-CooperativeService,1099,1786032474030592909,1786032300220806044,1786032300220820805,,,,,,"CooperativeService{guidedPlanning, status=request, vehicleId=0x7665682d303033, requestedHorizonMs=2500, confidence=100, planning.waypoints=1, offloadTaskId=probe-433, offloadPayload=1024 bytes}"
5g-receiver,1786032300561521626,edge4av-real-20260806-airspan-followup-run-1,c4-rep2-mqtt,airspan-followup-70-20-10,guided-planning,mqtt,,veh-003,rsu-1,c4-rep2-mqtt-veh-003-434,ipi-session-1,airspan-followup-c4-rep2,veh-003,434,100-clients,default,stationary,unsynced,true,true,payload_bytes,1024,bytes,IPI-CooperativeService,1099,1786032474374628291,1786032300561464380,1786032300561521626,,,,,,"CooperativeService{guidedPlanning, status=request, vehicleId=0x7665682d303033, requestedHorizonMs=2500, confidence=100, planning.waypoints=1, offloadTaskId=probe-434, offloadPayload=1024 bytes}"
5g-receiver,1786032300881957509,edge4av-real-20260806-airspan-followup-run-1,c4-rep2-mqtt,airspan-followup-70-20-10,guided-planning,mqtt,,veh-003,rsu-1,c4-rep2-mqtt-veh-003-435,ipi-session-1,airspan-followup-c4-rep2,veh-003,435,100-clients,default,stationary,unsynced,true,true,payload_bytes,1024,bytes,IPI-CooperativeService,1099,1786032474718523901,1786032300881900232,1786032300881957509,,,,,,"CooperativeService{guidedPlanning, status=request, vehicleId=0x7665682d303033, requestedHorizonMs=2500, confidence=100, planning.waypoints=1, offloadTaskId=probe-435, offloadPayload=1024 bytes}"
5g-receiver,1786032301233077347,edge4av-real-20260806-airspan-followup-run-1,c4-rep2-mqtt,airspan-followup-70-20-10,guided-planning,mqtt,,veh-003,rsu-1,c4-rep2-mqtt-veh-003-436,ipi-session-1,airspan-followup-c4-rep2,veh-003,436,100-clients,default,stationary,unsynced,true,true,payload_bytes,1024,bytes,IPI-CooperativeService,1099,1786032475042561121,1786032301233000570,1786032301233077347,,,,,,"CooperativeService{guidedPlanning, status=request, vehicleId=0x7665682d303033, requestedHorizonMs=2500, confidence=100, planning.waypoints=1, offloadTaskId=probe-436, offloadPayload=1024 bytes}"
5g-receiver,1786032301603890254,edge4av-real-20260806-airspan-followup-run-1,c4-rep2-mqtt,airspan-followup-70-20-10,guided-planning,mqtt,,veh-003,rsu-1,c4-rep2-mqtt-veh-003-437,ipi-session-1,airspan-followup-c4-rep2,veh-003,437,100-clients,default,stationary,unsynced,true,true,payload_bytes,1024,bytes,IPI-CooperativeService,1099,1786032475385941467,1786032301603818801,1786032301603890254,,,,,,"CooperativeService{guidedPlanning, status=request, vehicleId=0x7665682d303033, requestedHorizonMs=2500, confidence=100, planning.waypoints=1, offloadTaskId=probe-437, offloadPayload=1024 bytes}"
5g-receiver,1786032301983694530,edge4av-real-20260806-airspan-followup-run-1,c4-rep2-mqtt,airspan-followup-70-20-10,guided-planning,mqtt,,veh-003,rsu-1,c4-rep2-mqtt-veh-003-438,ipi-session-1,airspan-followup-c4-rep2,veh-003,438,100-clients,default,stationary,unsynced,true,true,payload_bytes,1024,bytes,IPI-CooperativeService,1099,1786032475769338047,1786032301983675499,1786032301983694530,,,,,,"CooperativeService{guidedPlanning, status=request, vehicleId=0x7665682d303033, requestedHorizonMs=2500, confidence=100, planning.waypoints=1, offloadTaskId=probe-438, offloadPayload=1024 bytes}"
5g-receiver,1786032302354252960,edge4av-real-20260806-airspan-followup-run-1,c4-rep2-mqtt,airspan-followup-70-20-10,guided-planning,mqtt,,veh-003,rsu-1,c4-rep2-mqtt-veh-003-439,ipi-session-1,airspan-followup-c4-rep2,veh-003,439,100-clients,default,stationary,unsynced,true,true,payload_bytes,1024,bytes,IPI-CooperativeService,1099,1786032476138459993,1786032302354208739,1786032302354252960,,,,,,"CooperativeService{guidedPlanning, status=request, vehicleId=0x7665682d303033, requestedHorizonMs=2500, confidence=100, planning.waypoints=1, offloadTaskId=probe-439, offloadPayload=1024 bytes}"
5g-receiver,1786032302726480819,edge4av-real-20260806-airspan-followup-run-1,c4-rep2-mqtt,airspan-followup-70-20-10,guided-planning,mqtt,,veh-003,rsu-1,c4-rep2-mqtt-veh-003-440,ipi-session-1,airspan-followup-c4-rep2,veh-003,440,100-clients,default,stationary,unsynced,true,true,payload_bytes,1024,bytes,IPI-CooperativeService,1099,1786032476506852465,1786032302726436636,1786032302726480819,,,,,,"CooperativeService{guidedPlanning, status=request, vehicleId=0x7665682d303033, requestedHorizonMs=2500, confidence=100, planning.waypoints=1, offloadTaskId=probe-440, offloadPayload=1024 bytes}"
5g-receiver,1786032303095849635,edge4av-real-20260806-airspan-followup-run-1,c4-rep2-mqtt,airspan-followup-70-20-10,guided-planning,mqtt,,veh-003,rsu-1,c4-rep2-mqtt-veh-003-441,ipi-session-1,airspan-followup-c4-rep2,veh-003,441,100-clients,default,stationary,unsynced,true,true,payload_bytes,1024,bytes,IPI-CooperativeService,1099,1786032476882566283,1786032303095799419,1786032303095849635,,,,,,"CooperativeService{guidedPlanning, status=request, vehicleId=0x7665682d303033, requestedHorizonMs=2500, confidence=100, planning.waypoints=1, offloadTaskId=probe-441, offloadPayload=1024 bytes}"
5g-receiver,1786032303436559461,edge4av-real-20260806-airspan-followup-run-1,c4-rep2-mqtt,airspan-followup-70-20-10,guided-planning,mqtt,,veh-003,rsu-1,c4-rep2-mqtt-veh-003-442,ipi-session-1,airspan-followup-c4-rep2,veh-003,442,100-clients,default,stationary,unsynced,true,true,payload_bytes,1024,bytes,IPI-CooperativeService,1099,1786032477249790183,1786032303436517628,1786032303436559461,,,,,,"CooperativeService{guidedPlanning, status=request, vehicleId=0x7665682d303033, requestedHorizonMs=2500, confidence=100, planning.waypoints=1, offloadTaskId=probe-442, offloadPayload=1024 bytes}"
5g-receiver,1786032303777138713,edge4av-real-20260806-airspan-followup-run-1,c4-rep2-mqtt,airspan-followup-70-20-10,guided-planning,mqtt,,veh-003,rsu-1,c4-rep2-mqtt-veh-003-443,ipi-session-1,airspan-followup-c4-rep2,veh-003,443,100-clients,default,stationary,unsynced,true,true,payload_bytes,1024,bytes,IPI-CooperativeService,1099,1786032477592782670,1786032303777079040,1786032303777138713,,,,,,"CooperativeService{guidedPlanning, status=request, vehicleId=0x7665682d303033, requestedHorizonMs=2500, confidence=100, planning.waypoints=1, offloadTaskId=probe-443, offloadPayload=1024 bytes}"
5g-receiver,1786032304139881490,edge4av-real-20260806-airspan-followup-run-1,c4-rep2-mqtt,airspan-followup-70-20-10,guided-planning,mqtt,,veh-003,rsu-1,c4-rep2-mqtt-veh-003-444,ipi-session-1,airspan-followup-c4-rep2,veh-003,444,100-clients,default,stationary,unsynced,true,true,payload_bytes,1024,bytes,IPI-CooperativeService,1099,1786032477932826573,1786032304139823152,1786032304139881490,,,,,,"CooperativeService{guidedPlanning, status=request, vehicleId=0x7665682d303033, requestedHorizonMs=2500, confidence=100, planning.waypoints=1, offloadTaskId=probe-444, offloadPayload=1024 bytes}"
5g-receiver,1786032304499322742,edge4av-real-20260806-airspan-followup-run-1,c4-rep2-mqtt,airspan-followup-70-20-10,guided-planning,mqtt,,veh-003,rsu-1,c4-rep2-mqtt-veh-003-445,ipi-session-1,airspan-followup-c4-rep2,veh-003,445,100-clients,default,stationary,unsynced,true,true,payload_bytes,1024,bytes,IPI-CooperativeService,1099,1786032478296746590,1786032304499277508,1786032304499322742,,,,,,"CooperativeService{guidedPlanning, status=request, vehicleId=0x7665682d303033, requestedHorizonMs=2500, confidence=100, planning.waypoints=1, offloadTaskId=probe-445, offloadPayload=1024 bytes}"
5g-receiver,1786032304859286155,edge4av-real-20260806-airspan-followup-run-1,c4-rep2-mqtt,airspan-followup-70-20-10,guided-planning,mqtt,,veh-003,rsu-1,c4-rep2-mqtt-veh-003-446,ipi-session-1,airspan-followup-c4-rep2,veh-003,446,100-clients,default,stationary,unsynced,true,true,payload_bytes,1024,bytes,IPI-CooperativeService,1099,1786032478656651055,1786032304859234185,1786032304859286155,,,,,,"CooperativeService{guidedPlanning, status=request, vehicleId=0x7665682d303033, requestedHorizonMs=2500, confidence=100, planning.waypoints=1, offloadTaskId=probe-446, offloadPayload=1024 bytes}"
5g-receiver,1786032305179283410,edge4av-real-20260806-airspan-followup-run-1,c4-rep2-mqtt,airspan-followup-70-20-10,guided-planning,mqtt,,veh-003,rsu-1,c4-rep2-mqtt-veh-003-447,ipi-session-1,airspan-followup-c4-rep2,veh-003,447,100-clients,default,stationary,unsynced,true,true,payload_bytes,1024,bytes,IPI-CooperativeService,1099,1786032479014919413,1786032305179244988,1786032305179283410,,,,,,"CooperativeService{guidedPlanning, status=request, vehicleId=0x7665682d303033, requestedHorizonMs=2500, confidence=100, planning.waypoints=1, offloadTaskId=probe-447, offloadPayload=1024 bytes}"
5g-receiver,1786032305521035548,edge4av-real-20260806-airspan-followup-run-1,c4-rep2-mqtt,airspan-followup-70-20-10,guided-planning,mqtt,,veh-003,rsu-1,c4-rep2-mqtt-veh-003-448,ipi-session-1,airspan-followup-c4-rep2,veh-003,448,100-clients,default,stationary,unsynced,true,true,payload_bytes,1024,bytes,IPI-CooperativeService,1099,1786032479336595990,1786032305520965633,1786032305521035548,,,,,,"CooperativeService{guidedPlanning, status=request, vehicleId=0x7665682d303033, requestedHorizonMs=2500, confidence=100, planning.waypoints=1, offloadTaskId=probe-448, offloadPayload=1024 bytes}"
5g-receiver,1786032305842509197,edge4av-real-20260806-airspan-followup-run-1,c4-rep2-mqtt,airspan-followup-70-20-10,guided-planning,mqtt,,veh-003,rsu-1,c4-rep2-mqtt-veh-003-449,ipi-session-1,airspan-followup-c4-rep2,veh-003,449,100-clients,default,stationary,unsynced,true,true,payload_bytes,1024,bytes,IPI-CooperativeService,1099,1786032479676569418,1786032305842464859,1786032305842509197,,,,,,"CooperativeService{guidedPlanning, status=request, vehicleId=0x7665682d303033, requestedHorizonMs=2500, confidence=100, planning.waypoints=1, offloadTaskId=probe-449, offloadPayload=1024 bytes}"
5g-receiver,1786032306152523031,edge4av-real-20260806-airspan-followup-run-1,c4-rep2-mqtt,airspan-followup-70-20-10,guided-planning,mqtt,,veh-003,rsu-1,c4-rep2-mqtt-veh-003-450,ipi-session-1,airspan-followup-c4-rep2,veh-003,450,100-clients,default,stationary,unsynced,true,true,payload_bytes,1024,bytes,IPI-CooperativeService,1099,1786032480004683118,1786032306152479022,1786032306152523031,,,,,,"CooperativeService{guidedPlanning, status=request, vehicleId=0x7665682d303033, requestedHorizonMs=2500, confidence=100, planning.waypoints=1, offloadTaskId=probe-450, offloadPayload=1024 bytes}"
5g-receiver,1786032306481954609,edge4av-real-20260806-airspan-followup-run-1,c4-rep2-mqtt,airspan-followup-70-20-10,guided-planning,mqtt,,veh-003,rsu-1,c4-rep2-mqtt-veh-003-451,ipi-session-1,airspan-followup-c4-rep2,veh-003,451,100-clients,default,stationary,unsynced,true,true,payload_bytes,1024,bytes,IPI-CooperativeService,1099,1786032480306663404,1786032306481909831,1786032306481954609,,,,,,"CooperativeService{guidedPlanning, status=request, vehicleId=0x7665682d303033, requestedHorizonMs=2500, confidence=100, planning.waypoints=1, offloadTaskId=probe-451, offloadPayload=1024 bytes}"
5g-receiver,1786032306852652722,edge4av-real-20260806-airspan-followup-run-1,c4-rep2-mqtt,airspan-followup-70-20-10,guided-planning,mqtt,,veh-003,rsu-1,c4-rep2-mqtt-veh-003-452,ipi-session-1,airspan-followup-c4-rep2,veh-003,452,100-clients,default,stationary,unsynced,true,true,payload_bytes,1024,bytes,IPI-CooperativeService,1099,1786032480640586641,1786032306852551753,1786032306852652722,,,,,,"CooperativeService{guidedPlanning, status=request, vehicleId=0x7665682d303033, requestedHorizonMs=2500, confidence=100, planning.waypoints=1, offloadTaskId=probe-452, offloadPayload=1024 bytes}"
5g-receiver,1786032307222239213,edge4av-real-20260806-airspan-followup-run-1,c4-rep2-mqtt,airspan-followup-70-20-10,guided-planning,mqtt,,veh-003,rsu-1,c4-rep2-mqtt-veh-003-453,ipi-session-1,airspan-followup-c4-rep2,veh-003,453,100-clients,default,stationary,unsynced,true,true,payload_bytes,1024,bytes,IPI-CooperativeService,1099,1786032481006417371,1786032307222221382,1786032307222239213,,,,,,"CooperativeService{guidedPlanning, status=request, vehicleId=0x7665682d303033, requestedHorizonMs=2500, confidence=100, planning.waypoints=1, offloadTaskId=probe-453, offloadPayload=1024 bytes}"
5g-receiver,1786032307563862442,edge4av-real-20260806-airspan-followup-run-1,c4-rep2-mqtt,airspan-followup-70-20-10,guided-planning,mqtt,,veh-003,rsu-1,c4-rep2-mqtt-veh-003-454,ipi-session-1,airspan-followup-c4-rep2,veh-003,454,100-clients,default,stationary,unsynced,true,true,payload_bytes,1024,bytes,IPI-CooperativeService,1099,1786032481375408762,1786032307563806870,1786032307563862442,,,,,,"CooperativeService{guidedPlanning, status=request, vehicleId=0x7665682d303033, requestedHorizonMs=2500, confidence=100, planning.waypoints=1, offloadTaskId=probe-454, offloadPayload=1024 bytes}"
5g-receiver,1786032307933772437,edge4av-real-20260806-airspan-followup-run-1,c4-rep2-mqtt,airspan-followup-70-20-10,guided-planning,mqtt,,veh-003,rsu-1,c4-rep2-mqtt-veh-003-455,ipi-session-1,airspan-followup-c4-rep2,veh-003,455,100-clients,default,stationary,unsynced,true,true,payload_bytes,1024,bytes,IPI-CooperativeService,1099,1786032481716589455,1786032307933749622,1786032307933772437,,,,,,"CooperativeService{guidedPlanning, status=request, vehicleId=0x7665682d303033, requestedHorizonMs=2500, confidence=100, planning.waypoints=1, offloadTaskId=probe-455, offloadPayload=1024 bytes}"
5g-receiver,1786032308284255716,edge4av-real-20260806-airspan-followup-run-1,c4-rep2-mqtt,airspan-followup-70-20-10,guided-planning,mqtt,,veh-003,rsu-1,c4-rep2-mqtt-veh-003-456,ipi-session-1,airspan-followup-c4-rep2,veh-003,456,100-clients,default,stationary,unsynced,true,true,payload_bytes,1024,bytes,IPI-CooperativeService,1099,1786032482088779173,1786032308284240788,1786032308284255716,,,,,,"CooperativeService{guidedPlanning, status=request, vehicleId=0x7665682d303033, requestedHorizonMs=2500, confidence=100, planning.waypoints=1, offloadTaskId=probe-456, offloadPayload=1024 bytes}"
5g-receiver,1786032308586009225,edge4av-real-20260806-airspan-followup-run-1,c4-rep2-mqtt,airspan-followup-70-20-10,guided-planning,mqtt,,veh-003,rsu-1,c4-rep2-mqtt-veh-003-457,ipi-session-1,airspan-followup-c4-rep2,veh-003,457,100-clients,default,stationary,unsynced,true,true,payload_bytes,1024,bytes,IPI-CooperativeService,1099,1786032482436608035,1786032308585965999,1786032308586009225,,,,,,"CooperativeService{guidedPlanning, status=request, vehicleId=0x7665682d303033, requestedHorizonMs=2500, confidence=100, planning.waypoints=1, offloadTaskId=probe-457, offloadPayload=1024 bytes}"
5g-receiver,1786032308876697683,edge4av-real-20260806-airspan-followup-run-1,c4-rep2-mqtt,airspan-followup-70-20-10,guided-planning,mqtt,,veh-003,rsu-1,c4-rep2-mqtt-veh-003-458,ipi-session-1,airspan-followup-c4-rep2,veh-003,458,100-clients,default,stationary,unsynced,true,true,payload_bytes,1024,bytes,IPI-CooperativeService,1099,1786032482742632367,1786032308876674434,1786032308876697683,,,,,,"CooperativeService{guidedPlanning, status=request, vehicleId=0x7665682d303033, requestedHorizonMs=2500, confidence=100, planning.waypoints=1, offloadTaskId=probe-458, offloadPayload=1024 bytes}"
5g-receiver,1786032309215986547,edge4av-real-20260806-airspan-followup-run-1,c4-rep2-mqtt,airspan-followup-70-20-10,guided-planning,mqtt,,veh-003,rsu-1,c4-rep2-mqtt-veh-003-459,ipi-session-1,airspan-followup-c4-rep2,veh-003,459,100-clients,default,stationary,unsynced,true,true,payload_bytes,1024,bytes,IPI-CooperativeService,1099,1786032483034698528,1786032309215967664,1786032309215986547,,,,,,"CooperativeService{guidedPlanning, status=request, vehicleId=0x7665682d303033, requestedHorizonMs=2500, confidence=100, planning.waypoints=1, offloadTaskId=probe-459, offloadPayload=1024 bytes}"
5g-receiver,1786032309577664238,edge4av-real-20260806-airspan-followup-run-1,c4-rep2-mqtt,airspan-followup-70-20-10,guided-planning,mqtt,,veh-003,rsu-1,c4-rep2-mqtt-veh-003-460,ipi-session-1,airspan-followup-c4-rep2,veh-003,460,100-clients,default,stationary,unsynced,true,true,payload_bytes,1024,bytes,IPI-CooperativeService,1099,1786032483370059206,1786032309577619970,1786032309577664238,,,,,,"CooperativeService{guidedPlanning, status=request, vehicleId=0x7665682d303033, requestedHorizonMs=2500, confidence=100, planning.waypoints=1, offloadTaskId=probe-460, offloadPayload=1024 bytes}"
5g-receiver,1786032309947040057,edge4av-real-20260806-airspan-followup-run-1,c4-rep2-mqtt,airspan-followup-70-20-10,guided-planning,mqtt,,veh-003,rsu-1,c4-rep2-mqtt-veh-003-461,ipi-session-1,airspan-followup-c4-rep2,veh-003,461,100-clients,default,stationary,unsynced,true,true,payload_bytes,1024,bytes,IPI-CooperativeService,1099,1786032483744842311,1786032309947016399,1786032309947040057,,,,,,"CooperativeService{guidedPlanning, status=request, vehicleId=0x7665682d303033, requestedHorizonMs=2500, confidence=100, planning.waypoints=1, offloadTaskId=probe-461, offloadPayload=1024 bytes}"
5g-receiver,1786032310308291870,edge4av-real-20260806-airspan-followup-run-1,c4-rep2-mqtt,airspan-followup-70-20-10,guided-planning,mqtt,,veh-003,rsu-1,c4-rep2-mqtt-veh-003-462,ipi-session-1,airspan-followup-c4-rep2,veh-003,462,100-clients,default,stationary,unsynced,true,true,payload_bytes,1024,bytes,IPI-CooperativeService,1099,1786032484100605617,1786032310308233590,1786032310308291870,,,,,,"CooperativeService{guidedPlanning, status=request, vehicleId=0x7665682d303033, requestedHorizonMs=2500, confidence=100, planning.waypoints=1, offloadTaskId=probe-462, offloadPayload=1024 bytes}"
5g-receiver,1786032310689067101,edge4av-real-20260806-airspan-followup-run-1,c4-rep2-mqtt,airspan-followup-70-20-10,guided-planning,mqtt,,veh-003,rsu-1,c4-rep2-mqtt-veh-003-463,ipi-session-1,airspan-followup-c4-rep2,veh-003,463,100-clients,default,stationary,unsynced,true,true,payload_bytes,1024,bytes,IPI-CooperativeService,1099,1786032484462449940,1786032310689010172,1786032310689067101,,,,,,"CooperativeService{guidedPlanning, status=request, vehicleId=0x7665682d303033, requestedHorizonMs=2500, confidence=100, planning.waypoints=1, offloadTaskId=probe-463, offloadPayload=1024 bytes}"
5g-receiver,1786032311069314898,edge4av-real-20260806-airspan-followup-run-1,c4-rep2-mqtt,airspan-followup-70-20-10,guided-planning,mqtt,,veh-003,rsu-1,c4-rep2-mqtt-veh-003-464,ipi-session-1,airspan-followup-c4-rep2,veh-003,464,100-clients,default,stationary,unsynced,true,true,payload_bytes,1024,bytes,IPI-CooperativeService,1099,1786032484842544330,1786032311069289242,1786032311069314898,,,,,,"CooperativeService{guidedPlanning, status=request, vehicleId=0x7665682d303033, requestedHorizonMs=2500, confidence=100, planning.waypoints=1, offloadTaskId=probe-464, offloadPayload=1024 bytes}"
5g-receiver,1786032311430395024,edge4av-real-20260806-airspan-followup-run-1,c4-rep2-mqtt,airspan-followup-70-20-10,guided-planning,mqtt,,veh-003,rsu-1,c4-rep2-mqtt-veh-003-465,ipi-session-1,airspan-followup-c4-rep2,veh-003,465,100-clients,default,stationary,unsynced,true,true,payload_bytes,1024,bytes,IPI-CooperativeService,1099,1786032485224535242,1786032311430341191,1786032311430395024,,,,,,"CooperativeService{guidedPlanning, status=request, vehicleId=0x7665682d303033, requestedHorizonMs=2500, confidence=100, planning.waypoints=1, offloadTaskId=probe-465, offloadPayload=1024 bytes}"
5g-receiver,1786032311790997812,edge4av-real-20260806-airspan-followup-run-1,c4-rep2-mqtt,airspan-followup-70-20-10,guided-planning,mqtt,,veh-003,rsu-1,c4-rep2-mqtt-veh-003-466,ipi-session-1,airspan-followup-c4-rep2,veh-003,466,100-clients,default,stationary,unsynced,true,true,payload_bytes,1024,bytes,IPI-CooperativeService,1099,1786032485588561200,1786032311790923165,1786032311790997812,,,,,,"CooperativeService{guidedPlanning, status=request, vehicleId=0x7665682d303033, requestedHorizonMs=2500, confidence=100, planning.waypoints=1, offloadTaskId=probe-466, offloadPayload=1024 bytes}"
5g-receiver,1786032312091783970,edge4av-real-20260806-airspan-followup-run-1,c4-rep2-mqtt,airspan-followup-70-20-10,guided-planning,mqtt,,veh-003,rsu-1,c4-rep2-mqtt-veh-003-467,ipi-session-1,airspan-followup-c4-rep2,veh-003,467,100-clients,default,stationary,unsynced,true,true,payload_bytes,1024,bytes,IPI-CooperativeService,1099,1786032485948653322,1786032312091719771,1786032312091783970,,,,,,"CooperativeService{guidedPlanning, status=request, vehicleId=0x7665682d303033, requestedHorizonMs=2500, confidence=100, planning.waypoints=1, offloadTaskId=probe-467, offloadPayload=1024 bytes}"
5g-receiver,1786032312422777030,edge4av-real-20260806-airspan-followup-run-1,c4-rep2-mqtt,airspan-followup-70-20-10,guided-planning,mqtt,,veh-003,rsu-1,c4-rep2-mqtt-veh-003-468,ipi-session-1,airspan-followup-c4-rep2,veh-003,468,100-clients,default,stationary,unsynced,true,true,payload_bytes,1024,bytes,IPI-CooperativeService,1099,1786032486246147823,1786032312422707415,1786032312422777030,,,,,,"CooperativeService{guidedPlanning, status=request, vehicleId=0x7665682d303033, requestedHorizonMs=2500, confidence=100, planning.waypoints=1, offloadTaskId=probe-468, offloadPayload=1024 bytes}"
5g-receiver,1786032312733130293,edge4av-real-20260806-airspan-followup-run-1,c4-rep2-mqtt,airspan-followup-70-20-10,guided-planning,mqtt,,veh-003,rsu-1,c4-rep2-mqtt-veh-003-469,ipi-session-1,airspan-followup-c4-rep2,veh-003,469,100-clients,default,stationary,unsynced,true,true,payload_bytes,1024,bytes,IPI-CooperativeService,1099,1786032486582660525,1786032312733086145,1786032312733130293,,,,,,"CooperativeService{guidedPlanning, status=request, vehicleId=0x7665682d303033, requestedHorizonMs=2500, confidence=100, planning.waypoints=1, offloadTaskId=probe-469, offloadPayload=1024 bytes}"
5g-receiver,1786032313063249846,edge4av-real-20260806-airspan-followup-run-1,c4-rep2-mqtt,airspan-followup-70-20-10,guided-planning,mqtt,,veh-003,rsu-1,c4-rep2-mqtt-veh-003-470,ipi-session-1,airspan-followup-c4-rep2,veh-003,470,100-clients,default,stationary,unsynced,true,true,payload_bytes,1024,bytes,IPI-CooperativeService,1099,1786032486890604913,1786032313063178624,1786032313063249846,,,,,,"CooperativeService{guidedPlanning, status=request, vehicleId=0x7665682d303033, requestedHorizonMs=2500, confidence=100, planning.waypoints=1, offloadTaskId=probe-470, offloadPayload=1024 bytes}"
5g-receiver,1786032313424165463,edge4av-real-20260806-airspan-followup-run-1,c4-rep2-mqtt,airspan-followup-70-20-10,guided-planning,mqtt,,veh-003,rsu-1,c4-rep2-mqtt-veh-003-471,ipi-session-1,airspan-followup-c4-rep2,veh-003,471,100-clients,default,stationary,unsynced,true,true,payload_bytes,1024,bytes,IPI-CooperativeService,1099,1786032487222617127,1786032313424142007,1786032313424165463,,,,,,"CooperativeService{guidedPlanning, status=request, vehicleId=0x7665682d303033, requestedHorizonMs=2500, confidence=100, planning.waypoints=1, offloadTaskId=probe-471, offloadPayload=1024 bytes}"
5g-receiver,1786032313704567377,edge4av-real-20260806-airspan-followup-run-1,c4-rep2-mqtt,airspan-followup-70-20-10,guided-planning,mqtt,,veh-003,rsu-1,c4-rep2-mqtt-veh-003-472,ipi-session-1,airspan-followup-c4-rep2,veh-003,472,100-clients,default,stationary,unsynced,true,true,payload_bytes,1024,bytes,IPI-CooperativeService,1099,1786032487582687832,1786032313704498589,1786032313704567377,,,,,,"CooperativeService{guidedPlanning, status=request, vehicleId=0x7665682d303033, requestedHorizonMs=2500, confidence=100, planning.waypoints=1, offloadTaskId=probe-472, offloadPayload=1024 bytes}"
5g-receiver,1786032314034977471,edge4av-real-20260806-airspan-followup-run-1,c4-rep2-mqtt,airspan-followup-70-20-10,guided-planning,mqtt,,veh-003,rsu-1,c4-rep2-mqtt-veh-003-473,ipi-session-1,airspan-followup-c4-rep2,veh-003,473,100-clients,default,stationary,unsynced,true,true,payload_bytes,1024,bytes,IPI-CooperativeService,1099,1786032487862742601,1786032314034922762,1786032314034977471,,,,,,"CooperativeService{guidedPlanning, status=request, vehicleId=0x7665682d303033, requestedHorizonMs=2500, confidence=100, planning.waypoints=1, offloadTaskId=probe-473, offloadPayload=1024 bytes}"
5g-receiver,1786032314365307389,edge4av-real-20260806-airspan-followup-run-1,c4-rep2-mqtt,airspan-followup-70-20-10,guided-planning,mqtt,,veh-003,rsu-1,c4-rep2-mqtt-veh-003-474,ipi-session-1,airspan-followup-c4-rep2,veh-003,474,100-clients,default,stationary,unsynced,true,true,payload_bytes,1024,bytes,IPI-CooperativeService,1099,1786032488192563461,1786032314365251826,1786032314365307389,,,,,,"CooperativeService{guidedPlanning, status=request, vehicleId=0x7665682d303033, requestedHorizonMs=2500, confidence=100, planning.waypoints=1, offloadTaskId=probe-474, offloadPayload=1024 bytes}"
5g-receiver,1786032314735761328,edge4av-real-20260806-airspan-followup-run-1,c4-rep2-mqtt,airspan-followup-70-20-10,guided-planning,mqtt,,veh-003,rsu-1,c4-rep2-mqtt-veh-003-475,ipi-session-1,airspan-followup-c4-rep2,veh-003,475,100-clients,default,stationary,unsynced,true,true,payload_bytes,1024,bytes,IPI-CooperativeService,1099,1786032488520747088,1786032314735717586,1786032314735761328,,,,,,"CooperativeService{guidedPlanning, status=request, vehicleId=0x7665682d303033, requestedHorizonMs=2500, confidence=100, planning.waypoints=1, offloadTaskId=probe-475, offloadPayload=1024 bytes}"
5g-receiver,1786032315086332223,edge4av-real-20260806-airspan-followup-run-1,c4-rep2-mqtt,airspan-followup-70-20-10,guided-planning,mqtt,,veh-003,rsu-1,c4-rep2-mqtt-veh-003-476,ipi-session-1,airspan-followup-c4-rep2,veh-003,476,100-clients,default,stationary,unsynced,true,true,payload_bytes,1024,bytes,IPI-CooperativeService,1099,1786032488894687803,1786032315086311597,1786032315086332223,,,,,,"CooperativeService{guidedPlanning, status=request, vehicleId=0x7665682d303033, requestedHorizonMs=2500, confidence=100, planning.waypoints=1, offloadTaskId=probe-476, offloadPayload=1024 bytes}"
5g-receiver,1786032315437423011,edge4av-real-20260806-airspan-followup-run-1,c4-rep2-mqtt,airspan-followup-70-20-10,guided-planning,mqtt,,veh-003,rsu-1,c4-rep2-mqtt-veh-003-477,ipi-session-1,airspan-followup-c4-rep2,veh-003,477,100-clients,default,stationary,unsynced,true,true,payload_bytes,1024,bytes,IPI-CooperativeService,1099,1786032489244777460,1786032315437378964,1786032315437423011,,,,,,"CooperativeService{guidedPlanning, status=request, vehicleId=0x7665682d303033, requestedHorizonMs=2500, confidence=100, planning.waypoints=1, offloadTaskId=probe-477, offloadPayload=1024 bytes}"
5g-receiver,1786032315808167862,edge4av-real-20260806-airspan-followup-run-1,c4-rep2-mqtt,airspan-followup-70-20-10,guided-planning,mqtt,,veh-003,rsu-1,c4-rep2-mqtt-veh-003-478,ipi-session-1,airspan-followup-c4-rep2,veh-003,478,100-clients,default,stationary,unsynced,true,true,payload_bytes,1024,bytes,IPI-CooperativeService,1099,1786032489592707322,1786032315808107307,1786032315808167862,,,,,,"CooperativeService{guidedPlanning, status=request, vehicleId=0x7665682d303033, requestedHorizonMs=2500, confidence=100, planning.waypoints=1, offloadTaskId=probe-478, offloadPayload=1024 bytes}"
5g-receiver,1786032316138384486,edge4av-real-20260806-airspan-followup-run-1,c4-rep2-mqtt,airspan-followup-70-20-10,guided-planning,mqtt,,veh-003,rsu-1,c4-rep2-mqtt-veh-003-479,ipi-session-1,airspan-followup-c4-rep2,veh-003,479,100-clients,default,stationary,unsynced,true,true,payload_bytes,1024,bytes,IPI-CooperativeService,1099,1786032489962779478,1786032316138340376,1786032316138384486,,,,,,"CooperativeService{guidedPlanning, status=request, vehicleId=0x7665682d303033, requestedHorizonMs=2500, confidence=100, planning.waypoints=1, offloadTaskId=probe-479, offloadPayload=1024 bytes}"
5g-receiver,1786032316489317888,edge4av-real-20260806-airspan-followup-run-1,c4-rep2-mqtt,airspan-followup-70-20-10,guided-planning,mqtt,,veh-003,rsu-1,c4-rep2-mqtt-veh-003-480,ipi-session-1,airspan-followup-c4-rep2,veh-003,480,100-clients,default,stationary,unsynced,true,true,payload_bytes,1024,bytes,IPI-CooperativeService,1099,1786032490292581848,1786032316489273825,1786032316489317888,,,,,,"CooperativeService{guidedPlanning, status=request, vehicleId=0x7665682d303033, requestedHorizonMs=2500, confidence=100, planning.waypoints=1, offloadTaskId=probe-480, offloadPayload=1024 bytes}"
5g-receiver,1786032316859713559,edge4av-real-20260806-airspan-followup-run-1,c4-rep2-mqtt,airspan-followup-70-20-10,guided-planning,mqtt,,veh-003,rsu-1,c4-rep2-mqtt-veh-003-481,ipi-session-1,airspan-followup-c4-rep2,veh-003,481,100-clients,default,stationary,unsynced,true,true,payload_bytes,1024,bytes,IPI-CooperativeService,1099,1786032490642622653,1786032316859691753,1786032316859713559,,,,,,"CooperativeService{guidedPlanning, status=request, vehicleId=0x7665682d303033, requestedHorizonMs=2500, confidence=100, planning.waypoints=1, offloadTaskId=probe-481, offloadPayload=1024 bytes}"
5g-receiver,1786032317591336976,edge4av-real-20260806-airspan-followup-run-1,c4-rep2-mqtt,airspan-followup-70-20-10,guided-planning,mqtt,,veh-003,rsu-1,c4-rep2-mqtt-veh-003-482,ipi-session-1,airspan-followup-c4-rep2,veh-003,482,100-clients,default,stationary,unsynced,true,true,payload_bytes,1024,bytes,IPI-CooperativeService,1099,1786032491012703391,1786032317591262709,1786032317591336976,,,,,,"CooperativeService{guidedPlanning, status=request, vehicleId=0x7665682d303033, requestedHorizonMs=2500, confidence=100, planning.waypoints=1, offloadTaskId=probe-482, offloadPayload=1024 bytes}"
5g-receiver,1786032317961139149,edge4av-real-20260806-airspan-followup-run-1,c4-rep2-mqtt,airspan-followup-70-20-10,guided-planning,mqtt,,veh-003,rsu-1,c4-rep2-mqtt-veh-003-483,ipi-session-1,airspan-followup-c4-rep2,veh-003,483,100-clients,default,stationary,unsynced,true,true,payload_bytes,1024,bytes,IPI-CooperativeService,1099,1786032491746694333,1786032317961125591,1786032317961139149,,,,,,"CooperativeService{guidedPlanning, status=request, vehicleId=0x7665682d303033, requestedHorizonMs=2500, confidence=100, planning.waypoints=1, offloadTaskId=probe-483, offloadPayload=1024 bytes}"
5g-receiver,1786032318332282742,edge4av-real-20260806-airspan-followup-run-1,c4-rep2-mqtt,airspan-followup-70-20-10,guided-planning,mqtt,,veh-003,rsu-1,c4-rep2-mqtt-veh-003-484,ipi-session-1,airspan-followup-c4-rep2,veh-003,484,100-clients,default,stationary,unsynced,true,true,payload_bytes,1024,bytes,IPI-CooperativeService,1099,1786032492114048817,1786032318332230582,1786032318332282742,,,,,,"CooperativeService{guidedPlanning, status=request, vehicleId=0x7665682d303033, requestedHorizonMs=2500, confidence=100, planning.waypoints=1, offloadTaskId=probe-484, offloadPayload=1024 bytes}"
5g-receiver,1786032318704512967,edge4av-real-20260806-airspan-followup-run-1,c4-rep2-mqtt,airspan-followup-70-20-10,guided-planning,mqtt,,veh-003,rsu-1,c4-rep2-mqtt-veh-003-485,ipi-session-1,airspan-followup-c4-rep2,veh-003,485,100-clients,default,stationary,unsynced,true,true,payload_bytes,1024,bytes,IPI-CooperativeService,1099,1786032492488639215,1786032318704445684,1786032318704512967,,,,,,"CooperativeService{guidedPlanning, status=request, vehicleId=0x7665682d303033, requestedHorizonMs=2500, confidence=100, planning.waypoints=1, offloadTaskId=probe-485, offloadPayload=1024 bytes}"
5g-receiver,1786032319054138870,edge4av-real-20260806-airspan-followup-run-1,c4-rep2-mqtt,airspan-followup-70-20-10,guided-planning,mqtt,,veh-003,rsu-1,c4-rep2-mqtt-veh-003-486,ipi-session-1,airspan-followup-c4-rep2,veh-003,486,100-clients,default,stationary,unsynced,true,true,payload_bytes,1024,bytes,IPI-CooperativeService,1099,1786032492868664873,1786032319054064990,1786032319054138870,,,,,,"CooperativeService{guidedPlanning, status=request, vehicleId=0x7665682d303033, requestedHorizonMs=2500, confidence=100, planning.waypoints=1, offloadTaskId=probe-486, offloadPayload=1024 bytes}"
5g-receiver,1786032319384677585,edge4av-real-20260806-airspan-followup-run-1,c4-rep2-mqtt,airspan-followup-70-20-10,guided-planning,mqtt,,veh-003,rsu-1,c4-rep2-mqtt-veh-003-487,ipi-session-1,airspan-followup-c4-rep2,veh-003,487,100-clients,default,stationary,unsynced,true,true,payload_bytes,1024,bytes,IPI-CooperativeService,1099,1786032493208676761,1786032319384591219,1786032319384677585,,,,,,"CooperativeService{guidedPlanning, status=request, vehicleId=0x7665682d303033, requestedHorizonMs=2500, confidence=100, planning.waypoints=1, offloadTaskId=probe-487, offloadPayload=1024 bytes}"
5g-receiver,1786032319744580779,edge4av-real-20260806-airspan-followup-run-1,c4-rep2-mqtt,airspan-followup-70-20-10,guided-planning,mqtt,,veh-003,rsu-1,c4-rep2-mqtt-veh-003-488,ipi-session-1,airspan-followup-c4-rep2,veh-003,488,100-clients,default,stationary,unsynced,true,true,payload_bytes,1024,bytes,IPI-CooperativeService,1099,1786032493538746711,1786032319744540824,1786032319744580779,,,,,,"CooperativeService{guidedPlanning, status=request, vehicleId=0x7665682d303033, requestedHorizonMs=2500, confidence=100, planning.waypoints=1, offloadTaskId=probe-488, offloadPayload=1024 bytes}"
5g-receiver,1786032320096742135,edge4av-real-20260806-airspan-followup-run-1,c4-rep2-mqtt,airspan-followup-70-20-10,guided-planning,mqtt,,veh-003,rsu-1,c4-rep2-mqtt-veh-003-489,ipi-session-1,airspan-followup-c4-rep2,veh-003,489,100-clients,default,stationary,unsynced,true,true,payload_bytes,1024,bytes,IPI-CooperativeService,1099,1786032493896379775,1786032320096683149,1786032320096742135,,,,,,"CooperativeService{guidedPlanning, status=request, vehicleId=0x7665682d303033, requestedHorizonMs=2500, confidence=100, planning.waypoints=1, offloadTaskId=probe-489, offloadPayload=1024 bytes}"
5g-receiver,1786032320456750433,edge4av-real-20260806-airspan-followup-run-1,c4-rep2-mqtt,airspan-followup-70-20-10,guided-planning,mqtt,,veh-003,rsu-1,c4-rep2-mqtt-veh-003-490,ipi-session-1,airspan-followup-c4-rep2,veh-003,490,100-clients,default,stationary,unsynced,true,true,payload_bytes,1024,bytes,IPI-CooperativeService,1099,1786032494254523034,1786032320456706390,1786032320456750433,,,,,,"CooperativeService{guidedPlanning, status=request, vehicleId=0x7665682d303033, requestedHorizonMs=2500, confidence=100, planning.waypoints=1, offloadTaskId=probe-490, offloadPayload=1024 bytes}"
5g-receiver,1786032320816205488,edge4av-real-20260806-airspan-followup-run-1,c4-rep2-mqtt,airspan-followup-70-20-10,guided-planning,mqtt,,veh-003,rsu-1,c4-rep2-mqtt-veh-003-491,ipi-session-1,airspan-followup-c4-rep2,veh-003,491,100-clients,default,stationary,unsynced,true,true,payload_bytes,1024,bytes,IPI-CooperativeService,1099,1786032494614601689,1786032320816182597,1786032320816205488,,,,,,"CooperativeService{guidedPlanning, status=request, vehicleId=0x7665682d303033, requestedHorizonMs=2500, confidence=100, planning.waypoints=1, offloadTaskId=probe-491, offloadPayload=1024 bytes}"
5g-receiver,1786032321127144488,edge4av-real-20260806-airspan-followup-run-1,c4-rep2-mqtt,airspan-followup-70-20-10,guided-planning,mqtt,,veh-003,rsu-1,c4-rep2-mqtt-veh-003-492,ipi-session-1,airspan-followup-c4-rep2,veh-003,492,100-clients,default,stationary,unsynced,true,true,payload_bytes,1024,bytes,IPI-CooperativeService,1099,1786032494976738217,1786032321127099905,1786032321127144488,,,,,,"CooperativeService{guidedPlanning, status=request, vehicleId=0x7665682d303033, requestedHorizonMs=2500, confidence=100, planning.waypoints=1, offloadTaskId=probe-492, offloadPayload=1024 bytes}"
5g-receiver,1786032321437813321,edge4av-real-20260806-airspan-followup-run-1,c4-rep2-mqtt,airspan-followup-70-20-10,guided-planning,mqtt,,veh-003,rsu-1,c4-rep2-mqtt-veh-003-493,ipi-session-1,airspan-followup-c4-rep2,veh-003,493,100-clients,default,stationary,unsynced,true,true,payload_bytes,1024,bytes,IPI-CooperativeService,1099,1786032495282545518,1786032321437799374,1786032321437813321,,,,,,"CooperativeService{guidedPlanning, status=request, vehicleId=0x7665682d303033, requestedHorizonMs=2500, confidence=100, planning.waypoints=1, offloadTaskId=probe-493, offloadPayload=1024 bytes}"
5g-receiver,1786032321739376108,edge4av-real-20260806-airspan-followup-run-1,c4-rep2-mqtt,airspan-followup-70-20-10,guided-planning,mqtt,,veh-003,rsu-1,c4-rep2-mqtt-veh-003-494,ipi-session-1,airspan-followup-c4-rep2,veh-003,494,100-clients,default,stationary,unsynced,true,true,payload_bytes,1024,bytes,IPI-CooperativeService,1099,1786032495595772220,1786032321739338537,1786032321739376108,,,,,,"CooperativeService{guidedPlanning, status=request, vehicleId=0x7665682d303033, requestedHorizonMs=2500, confidence=100, planning.waypoints=1, offloadTaskId=probe-494, offloadPayload=1024 bytes}"
5g-receiver,1786032322089033644,edge4av-real-20260806-airspan-followup-run-1,c4-rep2-mqtt,airspan-followup-70-20-10,guided-planning,mqtt,,veh-003,rsu-1,c4-rep2-mqtt-veh-003-495,ipi-session-1,airspan-followup-c4-rep2,veh-003,495,100-clients,default,stationary,unsynced,true,true,payload_bytes,1024,bytes,IPI-CooperativeService,1099,1786032495894671298,1786032322088988613,1786032322089033644,,,,,,"CooperativeService{guidedPlanning, status=request, vehicleId=0x7665682d303033, requestedHorizonMs=2500, confidence=100, planning.waypoints=1, offloadTaskId=probe-495, offloadPayload=1024 bytes}"
5g-receiver,1786032322450118452,edge4av-real-20260806-airspan-followup-run-1,c4-rep2-mqtt,airspan-followup-70-20-10,guided-planning,mqtt,,veh-003,rsu-1,c4-rep2-mqtt-veh-003-496,ipi-session-1,airspan-followup-c4-rep2,veh-003,496,100-clients,default,stationary,unsynced,true,true,payload_bytes,1024,bytes,IPI-CooperativeService,1099,1786032496242671253,1786032322450062823,1786032322450118452,,,,,,"CooperativeService{guidedPlanning, status=request, vehicleId=0x7665682d303033, requestedHorizonMs=2500, confidence=100, planning.waypoints=1, offloadTaskId=probe-496, offloadPayload=1024 bytes}"
5g-receiver,1786032322780295073,edge4av-real-20260806-airspan-followup-run-1,c4-rep2-mqtt,airspan-followup-70-20-10,guided-planning,mqtt,,veh-003,rsu-1,c4-rep2-mqtt-veh-003-497,ipi-session-1,airspan-followup-c4-rep2,veh-003,497,100-clients,default,stationary,unsynced,true,true,payload_bytes,1024,bytes,IPI-CooperativeService,1099,1786032496604669683,1786032322780226709,1786032322780295073,,,,,,"CooperativeService{guidedPlanning, status=request, vehicleId=0x7665682d303033, requestedHorizonMs=2500, confidence=100, planning.waypoints=1, offloadTaskId=probe-497, offloadPayload=1024 bytes}"
5g-receiver,1786032323112334219,edge4av-real-20260806-airspan-followup-run-1,c4-rep2-mqtt,airspan-followup-70-20-10,guided-planning,mqtt,,veh-003,rsu-1,c4-rep2-mqtt-veh-003-498,ipi-session-1,airspan-followup-c4-rep2,veh-003,498,100-clients,default,stationary,unsynced,true,true,payload_bytes,1024,bytes,IPI-CooperativeService,1099,1786032496942121037,1786032323112284334,1786032323112334219,,,,,,"CooperativeService{guidedPlanning, status=request, vehicleId=0x7665682d303033, requestedHorizonMs=2500, confidence=100, planning.waypoints=1, offloadTaskId=probe-498, offloadPayload=1024 bytes}"
5g-receiver,1786032323421739268,edge4av-real-20260806-airspan-followup-run-1,c4-rep2-mqtt,airspan-followup-70-20-10,guided-planning,mqtt,,veh-003,rsu-1,c4-rep2-mqtt-veh-003-499,ipi-session-1,airspan-followup-c4-rep2,veh-003,499,100-clients,default,stationary,unsynced,true,true,payload_bytes,1024,bytes,IPI-CooperativeService,1099,1786032497274556288,1786032323421701367,1786032323421739268,,,,,,"CooperativeService{guidedPlanning, status=request, vehicleId=0x7665682d303033, requestedHorizonMs=2500, confidence=100, planning.waypoints=1, offloadTaskId=probe-499, offloadPayload=1024 bytes}"
5g-receiver,1786032323682099062,edge4av-real-20260806-airspan-followup-run-1,c4-rep2-mqtt,airspan-followup-70-20-10,guided-planning,mqtt,,veh-003,rsu-1,c4-rep2-mqtt-veh-003-500,ipi-session-1,airspan-followup-c4-rep2,veh-003,500,100-clients,default,stationary,unsynced,true,true,payload_bytes,1024,bytes,IPI-CooperativeService,1099,1786032497578768711,1786032323682054509,1786032323682099062,,,,,,"CooperativeService{guidedPlanning, status=request, vehicleId=0x7665682d303033, requestedHorizonMs=2500, confidence=100, planning.waypoints=1, offloadTaskId=probe-500, offloadPayload=1024 bytes}"
