threaded mqtt broker listening on 0.0.0.0:1883
1787008165.782605 accept ('10.120.121.30', 47526)
1787008165.783958 close ('10.120.121.30', 47526) closed
1787008166.444662 accept ('127.0.0.1', 33866)
1787008166.445047 subscribe ('127.0.0.1', 33866) edge4av/airspan-tdd-downlink-location_3/raw-downlink/veh-001/request
1787008170.118852 accept ('10.120.121.30', 58706)
1787008170.148882 subscribe ('10.120.121.30', 58706) edge4av/airspan-tdd-downlink-location_3/raw-downlink/veh-001/response
1787008170.168752 publish topic=edge4av/airspan-tdd-downlink-location_3/raw-downlink/veh-001/request bytes=28 forwarded=1
1787008170.169506 publish topic=edge4av/airspan-tdd-downlink-location_3/raw-downlink/veh-001/response bytes=102432 forwarded=1
1787008170.459722 publish topic=edge4av/airspan-tdd-downlink-location_3/raw-downlink/veh-001/request bytes=28 forwarded=1
1787008170.461720 publish topic=edge4av/airspan-tdd-downlink-location_3/raw-downlink/veh-001/response bytes=102432 forwarded=1
1787008170.700040 publish topic=edge4av/airspan-tdd-downlink-location_3/raw-downlink/veh-001/request bytes=28 forwarded=1
1787008170.701721 publish topic=edge4av/airspan-tdd-downlink-location_3/raw-downlink/veh-001/response bytes=102432 forwarded=1
1787008170.940115 publish topic=edge4av/airspan-tdd-downlink-location_3/raw-downlink/veh-001/request bytes=28 forwarded=1
1787008170.940924 publish topic=edge4av/airspan-tdd-downlink-location_3/raw-downlink/veh-001/response bytes=102432 forwarded=1
1787008171.190554 publish topic=edge4av/airspan-tdd-downlink-location_3/raw-downlink/veh-001/request bytes=28 forwarded=1
1787008171.191579 publish topic=edge4av/airspan-tdd-downlink-location_3/raw-downlink/veh-001/response bytes=102432 forwarded=1
1787008171.440957 publish topic=edge4av/airspan-tdd-downlink-location_3/raw-downlink/veh-001/request bytes=28 forwarded=1
1787008171.442345 publish topic=edge4av/airspan-tdd-downlink-location_3/raw-downlink/veh-001/response bytes=102432 forwarded=1
1787008171.711664 publish topic=edge4av/airspan-tdd-downlink-location_3/raw-downlink/veh-001/request bytes=28 forwarded=1
1787008171.713151 publish topic=edge4av/airspan-tdd-downlink-location_3/raw-downlink/veh-001/response bytes=102432 forwarded=1
1787008171.961992 publish topic=edge4av/airspan-tdd-downlink-location_3/raw-downlink/veh-001/request bytes=28 forwarded=1
1787008171.963774 publish topic=edge4av/airspan-tdd-downlink-location_3/raw-downlink/veh-001/response bytes=102432 forwarded=1
1787008172.202275 publish topic=edge4av/airspan-tdd-downlink-location_3/raw-downlink/veh-001/request bytes=28 forwarded=1
1787008172.202965 publish topic=edge4av/airspan-tdd-downlink-location_3/raw-downlink/veh-001/response bytes=102432 forwarded=1
1787008172.472327 publish topic=edge4av/airspan-tdd-downlink-location_3/raw-downlink/veh-001/request bytes=28 forwarded=1
1787008172.473939 publish topic=edge4av/airspan-tdd-downlink-location_3/raw-downlink/veh-001/response bytes=102432 forwarded=1
1787008172.712957 publish topic=edge4av/airspan-tdd-downlink-location_3/raw-downlink/veh-001/request bytes=28 forwarded=1
1787008172.713883 publish topic=edge4av/airspan-tdd-downlink-location_3/raw-downlink/veh-001/response bytes=102432 forwarded=1
1787008172.973065 publish topic=edge4av/airspan-tdd-downlink-location_3/raw-downlink/veh-001/request bytes=28 forwarded=1
1787008172.974457 publish topic=edge4av/airspan-tdd-downlink-location_3/raw-downlink/veh-001/response bytes=102432 forwarded=1
1787008173.203291 publish topic=edge4av/airspan-tdd-downlink-location_3/raw-downlink/veh-001/request bytes=28 forwarded=1
1787008173.204099 publish topic=edge4av/airspan-tdd-downlink-location_3/raw-downlink/veh-001/response bytes=102432 forwarded=1
1787008173.433762 publish topic=edge4av/airspan-tdd-downlink-location_3/raw-downlink/veh-001/request bytes=28 forwarded=1
1787008173.435464 publish topic=edge4av/airspan-tdd-downlink-location_3/raw-downlink/veh-001/response bytes=102432 forwarded=1
1787008173.664104 publish topic=edge4av/airspan-tdd-downlink-location_3/raw-downlink/veh-001/request bytes=28 forwarded=1
1787008173.665646 publish topic=edge4av/airspan-tdd-downlink-location_3/raw-downlink/veh-001/response bytes=102432 forwarded=1
1787008173.894390 publish topic=edge4av/airspan-tdd-downlink-location_3/raw-downlink/veh-001/request bytes=28 forwarded=1
1787008173.896019 publish topic=edge4av/airspan-tdd-downlink-location_3/raw-downlink/veh-001/response bytes=102432 forwarded=1
1787008174.134662 publish topic=edge4av/airspan-tdd-downlink-location_3/raw-downlink/veh-001/request bytes=28 forwarded=1
1787008174.136139 publish topic=edge4av/airspan-tdd-downlink-location_3/raw-downlink/veh-001/response bytes=102432 forwarded=1
1787008174.364750 publish topic=edge4av/airspan-tdd-downlink-location_3/raw-downlink/veh-001/request bytes=28 forwarded=1
1787008174.366466 publish topic=edge4av/airspan-tdd-downlink-location_3/raw-downlink/veh-001/response bytes=102432 forwarded=1
1787008174.595376 publish topic=edge4av/airspan-tdd-downlink-location_3/raw-downlink/veh-001/request bytes=28 forwarded=1
1787008174.597135 publish topic=edge4av/airspan-tdd-downlink-location_3/raw-downlink/veh-001/response bytes=102432 forwarded=1
1787008174.855474 publish topic=edge4av/airspan-tdd-downlink-location_3/raw-downlink/veh-001/request bytes=28 forwarded=1
1787008174.857163 publish topic=edge4av/airspan-tdd-downlink-location_3/raw-downlink/veh-001/response bytes=102432 forwarded=1
1787008175.085705 publish topic=edge4av/airspan-tdd-downlink-location_3/raw-downlink/veh-001/request bytes=28 forwarded=1
1787008175.087294 publish topic=edge4av/airspan-tdd-downlink-location_3/raw-downlink/veh-001/response bytes=102432 forwarded=1
1787008175.316034 publish topic=edge4av/airspan-tdd-downlink-location_3/raw-downlink/veh-001/request bytes=28 forwarded=1
1787008175.317596 publish topic=edge4av/airspan-tdd-downlink-location_3/raw-downlink/veh-001/response bytes=102432 forwarded=1
1787008175.546016 publish topic=edge4av/airspan-tdd-downlink-location_3/raw-downlink/veh-001/request bytes=28 forwarded=1
1787008175.546604 publish topic=edge4av/airspan-tdd-downlink-location_3/raw-downlink/veh-001/response bytes=102432 forwarded=1
1787008175.776650 publish topic=edge4av/airspan-tdd-downlink-location_3/raw-downlink/veh-001/request bytes=28 forwarded=1
1787008175.778167 publish topic=edge4av/airspan-tdd-downlink-location_3/raw-downlink/veh-001/response bytes=102432 forwarded=1
1787008176.006808 publish topic=edge4av/airspan-tdd-downlink-location_3/raw-downlink/veh-001/request bytes=28 forwarded=1
1787008176.008734 publish topic=edge4av/airspan-tdd-downlink-location_3/raw-downlink/veh-001/response bytes=102432 forwarded=1
1787008176.237043 publish topic=edge4av/airspan-tdd-downlink-location_3/raw-downlink/veh-001/request bytes=28 forwarded=1
1787008176.238534 publish topic=edge4av/airspan-tdd-downlink-location_3/raw-downlink/veh-001/response bytes=102432 forwarded=1
1787008176.477207 publish topic=edge4av/airspan-tdd-downlink-location_3/raw-downlink/veh-001/request bytes=28 forwarded=1
1787008176.478797 publish topic=edge4av/airspan-tdd-downlink-location_3/raw-downlink/veh-001/response bytes=102432 forwarded=1
1787008176.717479 publish topic=edge4av/airspan-tdd-downlink-location_3/raw-downlink/veh-001/request bytes=28 forwarded=1
1787008176.718123 publish topic=edge4av/airspan-tdd-downlink-location_3/raw-downlink/veh-001/response bytes=102432 forwarded=1
1787008176.967618 publish topic=edge4av/airspan-tdd-downlink-location_3/raw-downlink/veh-001/request bytes=28 forwarded=1
1787008176.969056 publish topic=edge4av/airspan-tdd-downlink-location_3/raw-downlink/veh-001/response bytes=102432 forwarded=1
1787008177.207996 publish topic=edge4av/airspan-tdd-downlink-location_3/raw-downlink/veh-001/request bytes=28 forwarded=1
1787008177.208981 publish topic=edge4av/airspan-tdd-downlink-location_3/raw-downlink/veh-001/response bytes=102432 forwarded=1
1787008177.468068 publish topic=edge4av/airspan-tdd-downlink-location_3/raw-downlink/veh-001/request bytes=28 forwarded=1
1787008177.469739 publish topic=edge4av/airspan-tdd-downlink-location_3/raw-downlink/veh-001/response bytes=102432 forwarded=1
1787008177.708287 publish topic=edge4av/airspan-tdd-downlink-location_3/raw-downlink/veh-001/request bytes=28 forwarded=1
1787008177.709958 publish topic=edge4av/airspan-tdd-downlink-location_3/raw-downlink/veh-001/response bytes=102432 forwarded=1
1787008177.968470 publish topic=edge4av/airspan-tdd-downlink-location_3/raw-downlink/veh-001/request bytes=28 forwarded=1
1787008177.969962 publish topic=edge4av/airspan-tdd-downlink-location_3/raw-downlink/veh-001/response bytes=102432 forwarded=1
1787008178.208876 publish topic=edge4av/airspan-tdd-downlink-location_3/raw-downlink/veh-001/request bytes=28 forwarded=1
1787008178.210124 publish topic=edge4av/airspan-tdd-downlink-location_3/raw-downlink/veh-001/response bytes=102432 forwarded=1
1787008178.468819 publish topic=edge4av/airspan-tdd-downlink-location_3/raw-downlink/veh-001/request bytes=28 forwarded=1
1787008178.469568 publish topic=edge4av/airspan-tdd-downlink-location_3/raw-downlink/veh-001/response bytes=102432 forwarded=1
1787008178.709260 publish topic=edge4av/airspan-tdd-downlink-location_3/raw-downlink/veh-001/request bytes=28 forwarded=1
1787008178.710100 publish topic=edge4av/airspan-tdd-downlink-location_3/raw-downlink/veh-001/response bytes=102432 forwarded=1
1787008178.969254 publish topic=edge4av/airspan-tdd-downlink-location_3/raw-downlink/veh-001/request bytes=28 forwarded=1
1787008178.969949 publish topic=edge4av/airspan-tdd-downlink-location_3/raw-downlink/veh-001/response bytes=102432 forwarded=1
1787008179.239865 publish topic=edge4av/airspan-tdd-downlink-location_3/raw-downlink/veh-001/request bytes=28 forwarded=1
1787008179.241464 publish topic=edge4av/airspan-tdd-downlink-location_3/raw-downlink/veh-001/response bytes=102432 forwarded=1
1787008179.509771 publish topic=edge4av/airspan-tdd-downlink-location_3/raw-downlink/veh-001/request bytes=28 forwarded=1
1787008179.511388 publish topic=edge4av/airspan-tdd-downlink-location_3/raw-downlink/veh-001/response bytes=102432 forwarded=1
1787008179.749963 publish topic=edge4av/airspan-tdd-downlink-location_3/raw-downlink/veh-001/request bytes=28 forwarded=1
1787008179.751478 publish topic=edge4av/airspan-tdd-downlink-location_3/raw-downlink/veh-001/response bytes=102432 forwarded=1
1787008179.990441 publish topic=edge4av/airspan-tdd-downlink-location_3/raw-downlink/veh-001/request bytes=28 forwarded=1
1787008179.991082 publish topic=edge4av/airspan-tdd-downlink-location_3/raw-downlink/veh-001/response bytes=102432 forwarded=1
1787008180.250696 publish topic=edge4av/airspan-tdd-downlink-location_3/raw-downlink/veh-001/request bytes=28 forwarded=1
1787008180.252325 publish topic=edge4av/airspan-tdd-downlink-location_3/raw-downlink/veh-001/response bytes=102432 forwarded=1
1787008180.490904 publish topic=edge4av/airspan-tdd-downlink-location_3/raw-downlink/veh-001/request bytes=28 forwarded=1
1787008180.492574 publish topic=edge4av/airspan-tdd-downlink-location_3/raw-downlink/veh-001/response bytes=102432 forwarded=1
1787008180.751070 publish topic=edge4av/airspan-tdd-downlink-location_3/raw-downlink/veh-001/request bytes=28 forwarded=1
1787008180.752522 publish topic=edge4av/airspan-tdd-downlink-location_3/raw-downlink/veh-001/response bytes=102432 forwarded=1
1787008181.010981 publish topic=edge4av/airspan-tdd-downlink-location_3/raw-downlink/veh-001/request bytes=28 forwarded=1
1787008181.011476 publish topic=edge4av/airspan-tdd-downlink-location_3/raw-downlink/veh-001/response bytes=102432 forwarded=1
1787008181.261326 publish topic=edge4av/airspan-tdd-downlink-location_3/raw-downlink/veh-001/request bytes=28 forwarded=1
1787008181.262027 publish topic=edge4av/airspan-tdd-downlink-location_3/raw-downlink/veh-001/response bytes=102432 forwarded=1
1787008181.531961 publish topic=edge4av/airspan-tdd-downlink-location_3/raw-downlink/veh-001/request bytes=28 forwarded=1
1787008181.533797 publish topic=edge4av/airspan-tdd-downlink-location_3/raw-downlink/veh-001/response bytes=102432 forwarded=1
1787008181.771823 publish topic=edge4av/airspan-tdd-downlink-location_3/raw-downlink/veh-001/request bytes=28 forwarded=1
1787008181.773320 publish topic=edge4av/airspan-tdd-downlink-location_3/raw-downlink/veh-001/response bytes=102432 forwarded=1
1787008182.041954 publish topic=edge4av/airspan-tdd-downlink-location_3/raw-downlink/veh-001/request bytes=28 forwarded=1
1787008182.043561 publish topic=edge4av/airspan-tdd-downlink-location_3/raw-downlink/veh-001/response bytes=102432 forwarded=1
1787008182.282260 publish topic=edge4av/airspan-tdd-downlink-location_3/raw-downlink/veh-001/request bytes=28 forwarded=1
1787008182.283672 publish topic=edge4av/airspan-tdd-downlink-location_3/raw-downlink/veh-001/response bytes=102432 forwarded=1
1787008182.522428 publish topic=edge4av/airspan-tdd-downlink-location_3/raw-downlink/veh-001/request bytes=28 forwarded=1
1787008182.523917 publish topic=edge4av/airspan-tdd-downlink-location_3/raw-downlink/veh-001/response bytes=102432 forwarded=1
1787008182.762886 publish topic=edge4av/airspan-tdd-downlink-location_3/raw-downlink/veh-001/request bytes=28 forwarded=1
1787008182.764527 publish topic=edge4av/airspan-tdd-downlink-location_3/raw-downlink/veh-001/response bytes=102432 forwarded=1
1787008183.032913 publish topic=edge4av/airspan-tdd-downlink-location_3/raw-downlink/veh-001/request bytes=28 forwarded=1
1787008183.034324 publish topic=edge4av/airspan-tdd-downlink-location_3/raw-downlink/veh-001/response bytes=102432 forwarded=1
1787008183.283159 publish topic=edge4av/airspan-tdd-downlink-location_3/raw-downlink/veh-001/request bytes=28 forwarded=1
1787008183.284822 publish topic=edge4av/airspan-tdd-downlink-location_3/raw-downlink/veh-001/response bytes=102432 forwarded=1
1787008183.523298 publish topic=edge4av/airspan-tdd-downlink-location_3/raw-downlink/veh-001/request bytes=28 forwarded=1
1787008183.524753 publish topic=edge4av/airspan-tdd-downlink-location_3/raw-downlink/veh-001/response bytes=102432 forwarded=1
1787008183.753681 publish topic=edge4av/airspan-tdd-downlink-location_3/raw-downlink/veh-001/request bytes=28 forwarded=1
1787008183.755200 publish topic=edge4av/airspan-tdd-downlink-location_3/raw-downlink/veh-001/response bytes=102432 forwarded=1
1787008183.984027 publish topic=edge4av/airspan-tdd-downlink-location_3/raw-downlink/veh-001/request bytes=28 forwarded=1
1787008183.985507 publish topic=edge4av/airspan-tdd-downlink-location_3/raw-downlink/veh-001/response bytes=102432 forwarded=1
1787008184.234087 publish topic=edge4av/airspan-tdd-downlink-location_3/raw-downlink/veh-001/request bytes=28 forwarded=1
1787008184.235698 publish topic=edge4av/airspan-tdd-downlink-location_3/raw-downlink/veh-001/response bytes=102432 forwarded=1
1787008184.484039 publish topic=edge4av/airspan-tdd-downlink-location_3/raw-downlink/veh-001/request bytes=28 forwarded=1
1787008184.485632 publish topic=edge4av/airspan-tdd-downlink-location_3/raw-downlink/veh-001/response bytes=102432 forwarded=1
1787008184.714324 publish topic=edge4av/airspan-tdd-downlink-location_3/raw-downlink/veh-001/request bytes=28 forwarded=1
1787008184.715439 publish topic=edge4av/airspan-tdd-downlink-location_3/raw-downlink/veh-001/response bytes=102432 forwarded=1
1787008184.954720 publish topic=edge4av/airspan-tdd-downlink-location_3/raw-downlink/veh-001/request bytes=28 forwarded=1
1787008184.956167 publish topic=edge4av/airspan-tdd-downlink-location_3/raw-downlink/veh-001/response bytes=102432 forwarded=1
1787008185.204693 publish topic=edge4av/airspan-tdd-downlink-location_3/raw-downlink/veh-001/request bytes=28 forwarded=1
1787008185.205291 publish topic=edge4av/airspan-tdd-downlink-location_3/raw-downlink/veh-001/response bytes=102432 forwarded=1
1787008185.435450 publish topic=edge4av/airspan-tdd-downlink-location_3/raw-downlink/veh-001/request bytes=28 forwarded=1
1787008185.437153 publish topic=edge4av/airspan-tdd-downlink-location_3/raw-downlink/veh-001/response bytes=102432 forwarded=1
1787008185.665514 publish topic=edge4av/airspan-tdd-downlink-location_3/raw-downlink/veh-001/request bytes=28 forwarded=1
1787008185.667117 publish topic=edge4av/airspan-tdd-downlink-location_3/raw-downlink/veh-001/response bytes=102432 forwarded=1
1787008185.895730 publish topic=edge4av/airspan-tdd-downlink-location_3/raw-downlink/veh-001/request bytes=28 forwarded=1
1787008185.897460 publish topic=edge4av/airspan-tdd-downlink-location_3/raw-downlink/veh-001/response bytes=102432 forwarded=1
1787008186.126078 publish topic=edge4av/airspan-tdd-downlink-location_3/raw-downlink/veh-001/request bytes=28 forwarded=1
1787008186.127522 publish topic=edge4av/airspan-tdd-downlink-location_3/raw-downlink/veh-001/response bytes=102432 forwarded=1
1787008186.356143 publish topic=edge4av/airspan-tdd-downlink-location_3/raw-downlink/veh-001/request bytes=28 forwarded=1
1787008186.357239 publish topic=edge4av/airspan-tdd-downlink-location_3/raw-downlink/veh-001/response bytes=102432 forwarded=1
1787008186.596583 publish topic=edge4av/airspan-tdd-downlink-location_3/raw-downlink/veh-001/request bytes=28 forwarded=1
1787008186.597990 publish topic=edge4av/airspan-tdd-downlink-location_3/raw-downlink/veh-001/response bytes=102432 forwarded=1
1787008186.857071 publish topic=edge4av/airspan-tdd-downlink-location_3/raw-downlink/veh-001/request bytes=28 forwarded=1
1787008186.858714 publish topic=edge4av/airspan-tdd-downlink-location_3/raw-downlink/veh-001/response bytes=102432 forwarded=1
1787008187.097196 publish topic=edge4av/airspan-tdd-downlink-location_3/raw-downlink/veh-001/request bytes=28 forwarded=1
1787008187.098715 publish topic=edge4av/airspan-tdd-downlink-location_3/raw-downlink/veh-001/response bytes=102432 forwarded=1
1787008187.327467 publish topic=edge4av/airspan-tdd-downlink-location_3/raw-downlink/veh-001/request bytes=28 forwarded=1
1787008187.328016 publish topic=edge4av/airspan-tdd-downlink-location_3/raw-downlink/veh-001/response bytes=102432 forwarded=1
1787008187.567857 publish topic=edge4av/airspan-tdd-downlink-location_3/raw-downlink/veh-001/request bytes=28 forwarded=1
1787008187.568665 publish topic=edge4av/airspan-tdd-downlink-location_3/raw-downlink/veh-001/response bytes=102432 forwarded=1
1787008187.798302 publish topic=edge4av/airspan-tdd-downlink-location_3/raw-downlink/veh-001/request bytes=28 forwarded=1
1787008187.800111 publish topic=edge4av/airspan-tdd-downlink-location_3/raw-downlink/veh-001/response bytes=102432 forwarded=1
1787008188.038477 publish topic=edge4av/airspan-tdd-downlink-location_3/raw-downlink/veh-001/request bytes=28 forwarded=1
1787008188.039315 publish topic=edge4av/airspan-tdd-downlink-location_3/raw-downlink/veh-001/response bytes=102432 forwarded=1
1787008188.298854 publish topic=edge4av/airspan-tdd-downlink-location_3/raw-downlink/veh-001/request bytes=28 forwarded=1
1787008188.300497 publish topic=edge4av/airspan-tdd-downlink-location_3/raw-downlink/veh-001/response bytes=102432 forwarded=1
1787008188.569029 publish topic=edge4av/airspan-tdd-downlink-location_3/raw-downlink/veh-001/request bytes=28 forwarded=1
1787008188.570809 publish topic=edge4av/airspan-tdd-downlink-location_3/raw-downlink/veh-001/response bytes=102432 forwarded=1
1787008188.809508 publish topic=edge4av/airspan-tdd-downlink-location_3/raw-downlink/veh-001/request bytes=28 forwarded=1
1787008188.810942 publish topic=edge4av/airspan-tdd-downlink-location_3/raw-downlink/veh-001/response bytes=102432 forwarded=1
1787008189.049699 publish topic=edge4av/airspan-tdd-downlink-location_3/raw-downlink/veh-001/request bytes=28 forwarded=1
1787008189.051113 publish topic=edge4av/airspan-tdd-downlink-location_3/raw-downlink/veh-001/response bytes=102432 forwarded=1
1787008189.289963 publish topic=edge4av/airspan-tdd-downlink-location_3/raw-downlink/veh-001/request bytes=28 forwarded=1
1787008189.291408 publish topic=edge4av/airspan-tdd-downlink-location_3/raw-downlink/veh-001/response bytes=102432 forwarded=1
1787008189.550224 publish topic=edge4av/airspan-tdd-downlink-location_3/raw-downlink/veh-001/request bytes=28 forwarded=1
1787008189.551170 publish topic=edge4av/airspan-tdd-downlink-location_3/raw-downlink/veh-001/response bytes=102432 forwarded=1
1787008189.790460 publish topic=edge4av/airspan-tdd-downlink-location_3/raw-downlink/veh-001/request bytes=28 forwarded=1
1787008189.791183 publish topic=edge4av/airspan-tdd-downlink-location_3/raw-downlink/veh-001/response bytes=102432 forwarded=1
1787008190.040893 publish topic=edge4av/airspan-tdd-downlink-location_3/raw-downlink/veh-001/request bytes=28 forwarded=1
1787008190.042491 publish topic=edge4av/airspan-tdd-downlink-location_3/raw-downlink/veh-001/response bytes=102432 forwarded=1
1787008190.320926 publish topic=edge4av/airspan-tdd-downlink-location_3/raw-downlink/veh-001/request bytes=28 forwarded=1
1787008190.321738 publish topic=edge4av/airspan-tdd-downlink-location_3/raw-downlink/veh-001/response bytes=102432 forwarded=1
1787008190.591365 publish topic=edge4av/airspan-tdd-downlink-location_3/raw-downlink/veh-001/request bytes=28 forwarded=1
1787008190.592796 publish topic=edge4av/airspan-tdd-downlink-location_3/raw-downlink/veh-001/response bytes=102432 forwarded=1
1787008190.831769 publish topic=edge4av/airspan-tdd-downlink-location_3/raw-downlink/veh-001/request bytes=28 forwarded=1
1787008190.833488 publish topic=edge4av/airspan-tdd-downlink-location_3/raw-downlink/veh-001/response bytes=102432 forwarded=1
1787008191.072283 publish topic=edge4av/airspan-tdd-downlink-location_3/raw-downlink/veh-001/request bytes=28 forwarded=1
1787008191.073989 publish topic=edge4av/airspan-tdd-downlink-location_3/raw-downlink/veh-001/response bytes=102432 forwarded=1
1787008191.352195 publish topic=edge4av/airspan-tdd-downlink-location_3/raw-downlink/veh-001/request bytes=28 forwarded=1
1787008191.353370 publish topic=edge4av/airspan-tdd-downlink-location_3/raw-downlink/veh-001/response bytes=102432 forwarded=1
1787008191.602829 publish topic=edge4av/airspan-tdd-downlink-location_3/raw-downlink/veh-001/request bytes=28 forwarded=1
1787008191.604241 publish topic=edge4av/airspan-tdd-downlink-location_3/raw-downlink/veh-001/response bytes=102432 forwarded=1
1787008191.853157 publish topic=edge4av/airspan-tdd-downlink-location_3/raw-downlink/veh-001/request bytes=28 forwarded=1
1787008191.854610 publish topic=edge4av/airspan-tdd-downlink-location_3/raw-downlink/veh-001/response bytes=102432 forwarded=1
1787008192.083502 publish topic=edge4av/airspan-tdd-downlink-location_3/raw-downlink/veh-001/request bytes=28 forwarded=1
1787008192.084026 publish topic=edge4av/airspan-tdd-downlink-location_3/raw-downlink/veh-001/response bytes=102432 forwarded=1
1787008192.313909 publish topic=edge4av/airspan-tdd-downlink-location_3/raw-downlink/veh-001/request bytes=28 forwarded=1
1787008192.315578 publish topic=edge4av/airspan-tdd-downlink-location_3/raw-downlink/veh-001/response bytes=102432 forwarded=1
1787008192.544342 publish topic=edge4av/airspan-tdd-downlink-location_3/raw-downlink/veh-001/request bytes=28 forwarded=1
1787008192.545953 publish topic=edge4av/airspan-tdd-downlink-location_3/raw-downlink/veh-001/response bytes=102432 forwarded=1
1787008192.774311 publish topic=edge4av/airspan-tdd-downlink-location_3/raw-downlink/veh-001/request bytes=28 forwarded=1
1787008192.776987 publish topic=edge4av/airspan-tdd-downlink-location_3/raw-downlink/veh-001/response bytes=102432 forwarded=1
1787008193.004853 publish topic=edge4av/airspan-tdd-downlink-location_3/raw-downlink/veh-001/request bytes=28 forwarded=1
1787008193.006317 publish topic=edge4av/airspan-tdd-downlink-location_3/raw-downlink/veh-001/response bytes=102432 forwarded=1
1787008193.244969 publish topic=edge4av/airspan-tdd-downlink-location_3/raw-downlink/veh-001/request bytes=28 forwarded=1
1787008193.245631 publish topic=edge4av/airspan-tdd-downlink-location_3/raw-downlink/veh-001/response bytes=102432 forwarded=1
1787008193.495466 publish topic=edge4av/airspan-tdd-downlink-location_3/raw-downlink/veh-001/request bytes=28 forwarded=1
1787008193.497160 publish topic=edge4av/airspan-tdd-downlink-location_3/raw-downlink/veh-001/response bytes=102432 forwarded=1
1787008193.725686 publish topic=edge4av/airspan-tdd-downlink-location_3/raw-downlink/veh-001/request bytes=28 forwarded=1
1787008193.727378 publish topic=edge4av/airspan-tdd-downlink-location_3/raw-downlink/veh-001/response bytes=102432 forwarded=1
1787008193.956143 publish topic=edge4av/airspan-tdd-downlink-location_3/raw-downlink/veh-001/request bytes=28 forwarded=1
1787008193.957838 publish topic=edge4av/airspan-tdd-downlink-location_3/raw-downlink/veh-001/response bytes=102432 forwarded=1
1787008194.196281 publish topic=edge4av/airspan-tdd-downlink-location_3/raw-downlink/veh-001/request bytes=28 forwarded=1
1787008194.197738 publish topic=edge4av/airspan-tdd-downlink-location_3/raw-downlink/veh-001/response bytes=102432 forwarded=1
1787008194.436641 publish topic=edge4av/airspan-tdd-downlink-location_3/raw-downlink/veh-001/request bytes=28 forwarded=1
1787008194.438069 publish topic=edge4av/airspan-tdd-downlink-location_3/raw-downlink/veh-001/response bytes=102432 forwarded=1
1787008194.697015 publish topic=edge4av/airspan-tdd-downlink-location_3/raw-downlink/veh-001/request bytes=28 forwarded=1
1787008194.698484 publish topic=edge4av/airspan-tdd-downlink-location_3/raw-downlink/veh-001/response bytes=102432 forwarded=1
1787008194.937079 publish topic=edge4av/airspan-tdd-downlink-location_3/raw-downlink/veh-001/request bytes=28 forwarded=1
1787008194.937679 publish topic=edge4av/airspan-tdd-downlink-location_3/raw-downlink/veh-001/response bytes=102432 forwarded=1
1787008195.167593 publish topic=edge4av/airspan-tdd-downlink-location_3/raw-downlink/veh-001/request bytes=28 forwarded=1
1787008195.169207 publish topic=edge4av/airspan-tdd-downlink-location_3/raw-downlink/veh-001/response bytes=102432 forwarded=1
1787008195.407924 publish topic=edge4av/airspan-tdd-downlink-location_3/raw-downlink/veh-001/request bytes=28 forwarded=1
1787008195.409544 publish topic=edge4av/airspan-tdd-downlink-location_3/raw-downlink/veh-001/response bytes=102432 forwarded=1
1787008195.668244 publish topic=edge4av/airspan-tdd-downlink-location_3/raw-downlink/veh-001/request bytes=28 forwarded=1
1787008195.669906 publish topic=edge4av/airspan-tdd-downlink-location_3/raw-downlink/veh-001/response bytes=102432 forwarded=1
1787008195.898568 publish topic=edge4av/airspan-tdd-downlink-location_3/raw-downlink/veh-001/request bytes=28 forwarded=1
1787008195.899569 publish topic=edge4av/airspan-tdd-downlink-location_3/raw-downlink/veh-001/response bytes=102432 forwarded=1
1787008196.129103 publish topic=edge4av/airspan-tdd-downlink-location_3/raw-downlink/veh-001/request bytes=28 forwarded=1
1787008196.130838 publish topic=edge4av/airspan-tdd-downlink-location_3/raw-downlink/veh-001/response bytes=102432 forwarded=1
1787008196.369135 publish topic=edge4av/airspan-tdd-downlink-location_3/raw-downlink/veh-001/request bytes=28 forwarded=1
1787008196.370817 publish topic=edge4av/airspan-tdd-downlink-location_3/raw-downlink/veh-001/response bytes=102432 forwarded=1
1787008196.609410 publish topic=edge4av/airspan-tdd-downlink-location_3/raw-downlink/veh-001/request bytes=28 forwarded=1
1787008196.611095 publish topic=edge4av/airspan-tdd-downlink-location_3/raw-downlink/veh-001/response bytes=102432 forwarded=1
1787008196.849881 publish topic=edge4av/airspan-tdd-downlink-location_3/raw-downlink/veh-001/request bytes=28 forwarded=1
1787008196.851298 publish topic=edge4av/airspan-tdd-downlink-location_3/raw-downlink/veh-001/response bytes=102432 forwarded=1
1787008197.090042 publish topic=edge4av/airspan-tdd-downlink-location_3/raw-downlink/veh-001/request bytes=28 forwarded=1
1787008197.090719 publish topic=edge4av/airspan-tdd-downlink-location_3/raw-downlink/veh-001/response bytes=102432 forwarded=1
1787008197.340679 publish topic=edge4av/airspan-tdd-downlink-location_3/raw-downlink/veh-001/request bytes=28 forwarded=1
1787008197.342107 publish topic=edge4av/airspan-tdd-downlink-location_3/raw-downlink/veh-001/response bytes=102432 forwarded=1
1787008197.610919 publish topic=edge4av/airspan-tdd-downlink-location_3/raw-downlink/veh-001/request bytes=28 forwarded=1
1787008197.612694 publish topic=edge4av/airspan-tdd-downlink-location_3/raw-downlink/veh-001/response bytes=102432 forwarded=1
1787008197.891384 publish topic=edge4av/airspan-tdd-downlink-location_3/raw-downlink/veh-001/request bytes=28 forwarded=1
1787008197.892957 publish topic=edge4av/airspan-tdd-downlink-location_3/raw-downlink/veh-001/response bytes=102432 forwarded=1
1787008198.151547 publish topic=edge4av/airspan-tdd-downlink-location_3/raw-downlink/veh-001/request bytes=28 forwarded=1
1787008198.152555 publish topic=edge4av/airspan-tdd-downlink-location_3/raw-downlink/veh-001/response bytes=102432 forwarded=1
1787008198.401822 publish topic=edge4av/airspan-tdd-downlink-location_3/raw-downlink/veh-001/request bytes=28 forwarded=1
1787008198.402549 publish topic=edge4av/airspan-tdd-downlink-location_3/raw-downlink/veh-001/response bytes=102432 forwarded=1
1787008198.662365 publish topic=edge4av/airspan-tdd-downlink-location_3/raw-downlink/veh-001/request bytes=28 forwarded=1
1787008198.663868 publish topic=edge4av/airspan-tdd-downlink-location_3/raw-downlink/veh-001/response bytes=102432 forwarded=1
1787008198.902625 publish topic=edge4av/airspan-tdd-downlink-location_3/raw-downlink/veh-001/request bytes=28 forwarded=1
1787008198.904110 publish topic=edge4av/airspan-tdd-downlink-location_3/raw-downlink/veh-001/response bytes=102432 forwarded=1
1787008199.143202 publish topic=edge4av/airspan-tdd-downlink-location_3/raw-downlink/veh-001/request bytes=28 forwarded=1
1787008199.144907 publish topic=edge4av/airspan-tdd-downlink-location_3/raw-downlink/veh-001/response bytes=102432 forwarded=1
1787008199.403462 publish topic=edge4av/airspan-tdd-downlink-location_3/raw-downlink/veh-001/request bytes=28 forwarded=1
1787008199.405244 publish topic=edge4av/airspan-tdd-downlink-location_3/raw-downlink/veh-001/response bytes=102432 forwarded=1
1787008199.633731 publish topic=edge4av/airspan-tdd-downlink-location_3/raw-downlink/veh-001/request bytes=28 forwarded=1
1787008199.635269 publish topic=edge4av/airspan-tdd-downlink-location_3/raw-downlink/veh-001/response bytes=102432 forwarded=1
1787008199.863827 publish topic=edge4av/airspan-tdd-downlink-location_3/raw-downlink/veh-001/request bytes=28 forwarded=1
1787008199.864439 publish topic=edge4av/airspan-tdd-downlink-location_3/raw-downlink/veh-001/response bytes=102432 forwarded=1
1787008200.094200 publish topic=edge4av/airspan-tdd-downlink-location_3/raw-downlink/veh-001/request bytes=28 forwarded=1
1787008200.094902 publish topic=edge4av/airspan-tdd-downlink-location_3/raw-downlink/veh-001/response bytes=102432 forwarded=1
1787008200.324654 publish topic=edge4av/airspan-tdd-downlink-location_3/raw-downlink/veh-001/request bytes=28 forwarded=1
1787008200.326332 publish topic=edge4av/airspan-tdd-downlink-location_3/raw-downlink/veh-001/response bytes=102432 forwarded=1
1787008200.554840 publish topic=edge4av/airspan-tdd-downlink-location_3/raw-downlink/veh-001/request bytes=28 forwarded=1
1787008200.556347 publish topic=edge4av/airspan-tdd-downlink-location_3/raw-downlink/veh-001/response bytes=102432 forwarded=1
1787008200.785409 publish topic=edge4av/airspan-tdd-downlink-location_3/raw-downlink/veh-001/request bytes=28 forwarded=1
1787008200.787022 publish topic=edge4av/airspan-tdd-downlink-location_3/raw-downlink/veh-001/response bytes=102432 forwarded=1
1787008201.015498 publish topic=edge4av/airspan-tdd-downlink-location_3/raw-downlink/veh-001/request bytes=28 forwarded=1
1787008201.016977 publish topic=edge4av/airspan-tdd-downlink-location_3/raw-downlink/veh-001/response bytes=102432 forwarded=1
1787008201.245727 publish topic=edge4av/airspan-tdd-downlink-location_3/raw-downlink/veh-001/request bytes=28 forwarded=1
1787008201.246369 publish topic=edge4av/airspan-tdd-downlink-location_3/raw-downlink/veh-001/response bytes=102432 forwarded=1
1787008201.476137 publish topic=edge4av/airspan-tdd-downlink-location_3/raw-downlink/veh-001/request bytes=28 forwarded=1
1787008201.477807 publish topic=edge4av/airspan-tdd-downlink-location_3/raw-downlink/veh-001/response bytes=102432 forwarded=1
1787008201.716675 publish topic=edge4av/airspan-tdd-downlink-location_3/raw-downlink/veh-001/request bytes=28 forwarded=1
1787008201.718329 publish topic=edge4av/airspan-tdd-downlink-location_3/raw-downlink/veh-001/response bytes=102432 forwarded=1
1787008201.976933 publish topic=edge4av/airspan-tdd-downlink-location_3/raw-downlink/veh-001/request bytes=28 forwarded=1
1787008201.978743 publish topic=edge4av/airspan-tdd-downlink-location_3/raw-downlink/veh-001/response bytes=102432 forwarded=1
1787008202.206973 publish topic=edge4av/airspan-tdd-downlink-location_3/raw-downlink/veh-001/request bytes=28 forwarded=1
1787008202.207843 publish topic=edge4av/airspan-tdd-downlink-location_3/raw-downlink/veh-001/response bytes=102432 forwarded=1
1787008202.437453 publish topic=edge4av/airspan-tdd-downlink-location_3/raw-downlink/veh-001/request bytes=28 forwarded=1
1787008202.438129 publish topic=edge4av/airspan-tdd-downlink-location_3/raw-downlink/veh-001/response bytes=102432 forwarded=1
1787008202.667753 publish topic=edge4av/airspan-tdd-downlink-location_3/raw-downlink/veh-001/request bytes=28 forwarded=1
1787008202.669266 publish topic=edge4av/airspan-tdd-downlink-location_3/raw-downlink/veh-001/response bytes=102432 forwarded=1
1787008202.898365 publish topic=edge4av/airspan-tdd-downlink-location_3/raw-downlink/veh-001/request bytes=28 forwarded=1
1787008202.900082 publish topic=edge4av/airspan-tdd-downlink-location_3/raw-downlink/veh-001/response bytes=102432 forwarded=1
1787008203.128694 publish topic=edge4av/airspan-tdd-downlink-location_3/raw-downlink/veh-001/request bytes=28 forwarded=1
1787008203.130277 publish topic=edge4av/airspan-tdd-downlink-location_3/raw-downlink/veh-001/response bytes=102432 forwarded=1
1787008203.368897 publish topic=edge4av/airspan-tdd-downlink-location_3/raw-downlink/veh-001/request bytes=28 forwarded=1
1787008203.370568 publish topic=edge4av/airspan-tdd-downlink-location_3/raw-downlink/veh-001/response bytes=102432 forwarded=1
1787008203.629058 publish topic=edge4av/airspan-tdd-downlink-location_3/raw-downlink/veh-001/request bytes=28 forwarded=1
1787008203.630538 publish topic=edge4av/airspan-tdd-downlink-location_3/raw-downlink/veh-001/response bytes=102432 forwarded=1
1787008203.889598 publish topic=edge4av/airspan-tdd-downlink-location_3/raw-downlink/veh-001/request bytes=28 forwarded=1
1787008203.891253 publish topic=edge4av/airspan-tdd-downlink-location_3/raw-downlink/veh-001/response bytes=102432 forwarded=1
1787008204.129812 publish topic=edge4av/airspan-tdd-downlink-location_3/raw-downlink/veh-001/request bytes=28 forwarded=1
1787008204.130814 publish topic=edge4av/airspan-tdd-downlink-location_3/raw-downlink/veh-001/response bytes=102432 forwarded=1
1787008204.380348 publish topic=edge4av/airspan-tdd-downlink-location_3/raw-downlink/veh-001/request bytes=28 forwarded=1
1787008204.382087 publish topic=edge4av/airspan-tdd-downlink-location_3/raw-downlink/veh-001/response bytes=102432 forwarded=1
1787008204.620545 publish topic=edge4av/airspan-tdd-downlink-location_3/raw-downlink/veh-001/request bytes=28 forwarded=1
1787008204.622518 publish topic=edge4av/airspan-tdd-downlink-location_3/raw-downlink/veh-001/response bytes=102432 forwarded=1
1787008204.860821 publish topic=edge4av/airspan-tdd-downlink-location_3/raw-downlink/veh-001/request bytes=28 forwarded=1
1787008204.862275 publish topic=edge4av/airspan-tdd-downlink-location_3/raw-downlink/veh-001/response bytes=102432 forwarded=1
1787008205.101262 publish topic=edge4av/airspan-tdd-downlink-location_3/raw-downlink/veh-001/request bytes=28 forwarded=1
1787008205.102721 publish topic=edge4av/airspan-tdd-downlink-location_3/raw-downlink/veh-001/response bytes=102432 forwarded=1
1787008205.341714 publish topic=edge4av/airspan-tdd-downlink-location_3/raw-downlink/veh-001/request bytes=28 forwarded=1
1787008205.343187 publish topic=edge4av/airspan-tdd-downlink-location_3/raw-downlink/veh-001/response bytes=102432 forwarded=1
1787008205.581970 publish topic=edge4av/airspan-tdd-downlink-location_3/raw-downlink/veh-001/request bytes=28 forwarded=1
1787008205.582668 publish topic=edge4av/airspan-tdd-downlink-location_3/raw-downlink/veh-001/response bytes=102432 forwarded=1
1787008205.822080 publish topic=edge4av/airspan-tdd-downlink-location_3/raw-downlink/veh-001/request bytes=28 forwarded=1
1787008205.822765 publish topic=edge4av/airspan-tdd-downlink-location_3/raw-downlink/veh-001/response bytes=102432 forwarded=1
1787008206.062608 publish topic=edge4av/airspan-tdd-downlink-location_3/raw-downlink/veh-001/request bytes=28 forwarded=1
1787008206.064247 publish topic=edge4av/airspan-tdd-downlink-location_3/raw-downlink/veh-001/response bytes=102432 forwarded=1
1787008206.302837 publish topic=edge4av/airspan-tdd-downlink-location_3/raw-downlink/veh-001/request bytes=28 forwarded=1
1787008206.304305 publish topic=edge4av/airspan-tdd-downlink-location_3/raw-downlink/veh-001/response bytes=102432 forwarded=1
1787008206.553276 publish topic=edge4av/airspan-tdd-downlink-location_3/raw-downlink/veh-001/request bytes=28 forwarded=1
1787008206.554692 publish topic=edge4av/airspan-tdd-downlink-location_3/raw-downlink/veh-001/response bytes=102432 forwarded=1
1787008206.813720 publish topic=edge4av/airspan-tdd-downlink-location_3/raw-downlink/veh-001/request bytes=28 forwarded=1
1787008206.815390 publish topic=edge4av/airspan-tdd-downlink-location_3/raw-downlink/veh-001/response bytes=102432 forwarded=1
1787008207.043833 publish topic=edge4av/airspan-tdd-downlink-location_3/raw-downlink/veh-001/request bytes=28 forwarded=1
1787008207.044807 publish topic=edge4av/airspan-tdd-downlink-location_3/raw-downlink/veh-001/response bytes=102432 forwarded=1
1787008207.274274 publish topic=edge4av/airspan-tdd-downlink-location_3/raw-downlink/veh-001/request bytes=28 forwarded=1
1787008207.275948 publish topic=edge4av/airspan-tdd-downlink-location_3/raw-downlink/veh-001/response bytes=102432 forwarded=1
1787008207.504425 publish topic=edge4av/airspan-tdd-downlink-location_3/raw-downlink/veh-001/request bytes=28 forwarded=1
1787008207.505977 publish topic=edge4av/airspan-tdd-downlink-location_3/raw-downlink/veh-001/response bytes=102432 forwarded=1
1787008207.734674 publish topic=edge4av/airspan-tdd-downlink-location_3/raw-downlink/veh-001/request bytes=28 forwarded=1
1787008207.736175 publish topic=edge4av/airspan-tdd-downlink-location_3/raw-downlink/veh-001/response bytes=102432 forwarded=1
1787008207.964895 publish topic=edge4av/airspan-tdd-downlink-location_3/raw-downlink/veh-001/request bytes=28 forwarded=1
1787008207.966007 publish topic=edge4av/airspan-tdd-downlink-location_3/raw-downlink/veh-001/response bytes=102432 forwarded=1
1787008208.195299 publish topic=edge4av/airspan-tdd-downlink-location_3/raw-downlink/veh-001/request bytes=28 forwarded=1
1787008208.196326 publish topic=edge4av/airspan-tdd-downlink-location_3/raw-downlink/veh-001/response bytes=102432 forwarded=1
1787008208.425665 publish topic=edge4av/airspan-tdd-downlink-location_3/raw-downlink/veh-001/request bytes=28 forwarded=1
1787008208.427251 publish topic=edge4av/airspan-tdd-downlink-location_3/raw-downlink/veh-001/response bytes=102432 forwarded=1
1787008208.655777 publish topic=edge4av/airspan-tdd-downlink-location_3/raw-downlink/veh-001/request bytes=28 forwarded=1
1787008208.657375 publish topic=edge4av/airspan-tdd-downlink-location_3/raw-downlink/veh-001/response bytes=102432 forwarded=1
1787008208.886067 publish topic=edge4av/airspan-tdd-downlink-location_3/raw-downlink/veh-001/request bytes=28 forwarded=1
1787008208.887559 publish topic=edge4av/airspan-tdd-downlink-location_3/raw-downlink/veh-001/response bytes=102432 forwarded=1
1787008209.116424 publish topic=edge4av/airspan-tdd-downlink-location_3/raw-downlink/veh-001/request bytes=28 forwarded=1
1787008209.117912 publish topic=edge4av/airspan-tdd-downlink-location_3/raw-downlink/veh-001/response bytes=102432 forwarded=1
1787008209.356558 publish topic=edge4av/airspan-tdd-downlink-location_3/raw-downlink/veh-001/request bytes=28 forwarded=1
1787008209.358257 publish topic=edge4av/airspan-tdd-downlink-location_3/raw-downlink/veh-001/response bytes=102432 forwarded=1
1787008209.617128 publish topic=edge4av/airspan-tdd-downlink-location_3/raw-downlink/veh-001/request bytes=28 forwarded=1
1787008209.618812 publish topic=edge4av/airspan-tdd-downlink-location_3/raw-downlink/veh-001/response bytes=102432 forwarded=1
1787008209.847241 publish topic=edge4av/airspan-tdd-downlink-location_3/raw-downlink/veh-001/request bytes=28 forwarded=1
1787008209.848094 publish topic=edge4av/airspan-tdd-downlink-location_3/raw-downlink/veh-001/response bytes=102432 forwarded=1
1787008210.077846 publish topic=edge4av/airspan-tdd-downlink-location_3/raw-downlink/veh-001/request bytes=28 forwarded=1
1787008210.079308 publish topic=edge4av/airspan-tdd-downlink-location_3/raw-downlink/veh-001/response bytes=102432 forwarded=1
1787008210.308237 publish topic=edge4av/airspan-tdd-downlink-location_3/raw-downlink/veh-001/request bytes=28 forwarded=1
1787008210.309805 publish topic=edge4av/airspan-tdd-downlink-location_3/raw-downlink/veh-001/response bytes=102432 forwarded=1
1787008210.548397 publish topic=edge4av/airspan-tdd-downlink-location_3/raw-downlink/veh-001/request bytes=28 forwarded=1
1787008210.549956 publish topic=edge4av/airspan-tdd-downlink-location_3/raw-downlink/veh-001/response bytes=102432 forwarded=1
1787008210.828892 publish topic=edge4av/airspan-tdd-downlink-location_3/raw-downlink/veh-001/request bytes=28 forwarded=1
1787008210.830553 publish topic=edge4av/airspan-tdd-downlink-location_3/raw-downlink/veh-001/response bytes=102432 forwarded=1
1787008211.068767 publish topic=edge4av/airspan-tdd-downlink-location_3/raw-downlink/veh-001/request bytes=28 forwarded=1
1787008211.069394 publish topic=edge4av/airspan-tdd-downlink-location_3/raw-downlink/veh-001/response bytes=102432 forwarded=1
1787008211.329328 publish topic=edge4av/airspan-tdd-downlink-location_3/raw-downlink/veh-001/request bytes=28 forwarded=1
1787008211.331012 publish topic=edge4av/airspan-tdd-downlink-location_3/raw-downlink/veh-001/response bytes=102432 forwarded=1
1787008211.589378 publish topic=edge4av/airspan-tdd-downlink-location_3/raw-downlink/veh-001/request bytes=28 forwarded=1
1787008211.590167 publish topic=edge4av/airspan-tdd-downlink-location_3/raw-downlink/veh-001/response bytes=102432 forwarded=1
1787008211.840189 publish topic=edge4av/airspan-tdd-downlink-location_3/raw-downlink/veh-001/request bytes=28 forwarded=1
1787008211.841664 publish topic=edge4av/airspan-tdd-downlink-location_3/raw-downlink/veh-001/response bytes=102432 forwarded=1
1787008212.100120 publish topic=edge4av/airspan-tdd-downlink-location_3/raw-downlink/veh-001/request bytes=28 forwarded=1
1787008212.100726 publish topic=edge4av/airspan-tdd-downlink-location_3/raw-downlink/veh-001/response bytes=102432 forwarded=1
1787008212.340793 publish topic=edge4av/airspan-tdd-downlink-location_3/raw-downlink/veh-001/request bytes=28 forwarded=1
1787008212.342397 publish topic=edge4av/airspan-tdd-downlink-location_3/raw-downlink/veh-001/response bytes=102432 forwarded=1
1787008212.611149 publish topic=edge4av/airspan-tdd-downlink-location_3/raw-downlink/veh-001/request bytes=28 forwarded=1
1787008212.612832 publish topic=edge4av/airspan-tdd-downlink-location_3/raw-downlink/veh-001/response bytes=102432 forwarded=1
1787008212.851432 publish topic=edge4av/airspan-tdd-downlink-location_3/raw-downlink/veh-001/request bytes=28 forwarded=1
1787008212.852862 publish topic=edge4av/airspan-tdd-downlink-location_3/raw-downlink/veh-001/response bytes=102432 forwarded=1
1787008213.091606 publish topic=edge4av/airspan-tdd-downlink-location_3/raw-downlink/veh-001/request bytes=28 forwarded=1
1787008213.093208 publish topic=edge4av/airspan-tdd-downlink-location_3/raw-downlink/veh-001/response bytes=102432 forwarded=1
1787008213.362147 publish topic=edge4av/airspan-tdd-downlink-location_3/raw-downlink/veh-001/request bytes=28 forwarded=1
1787008213.363553 publish topic=edge4av/airspan-tdd-downlink-location_3/raw-downlink/veh-001/response bytes=102432 forwarded=1
1787008213.602045 publish topic=edge4av/airspan-tdd-downlink-location_3/raw-downlink/veh-001/request bytes=28 forwarded=1
1787008213.603720 publish topic=edge4av/airspan-tdd-downlink-location_3/raw-downlink/veh-001/response bytes=102432 forwarded=1
1787008213.842599 publish topic=edge4av/airspan-tdd-downlink-location_3/raw-downlink/veh-001/request bytes=28 forwarded=1
1787008213.843795 publish topic=edge4av/airspan-tdd-downlink-location_3/raw-downlink/veh-001/response bytes=102432 forwarded=1
1787008214.082965 publish topic=edge4av/airspan-tdd-downlink-location_3/raw-downlink/veh-001/request bytes=28 forwarded=1
1787008214.084561 publish topic=edge4av/airspan-tdd-downlink-location_3/raw-downlink/veh-001/response bytes=102432 forwarded=1
1787008214.323031 publish topic=edge4av/airspan-tdd-downlink-location_3/raw-downlink/veh-001/request bytes=28 forwarded=1
1787008214.324408 publish topic=edge4av/airspan-tdd-downlink-location_3/raw-downlink/veh-001/response bytes=102432 forwarded=1
1787008214.553504 publish topic=edge4av/airspan-tdd-downlink-location_3/raw-downlink/veh-001/request bytes=28 forwarded=1
1787008214.555094 publish topic=edge4av/airspan-tdd-downlink-location_3/raw-downlink/veh-001/response bytes=102432 forwarded=1
1787008214.783874 publish topic=edge4av/airspan-tdd-downlink-location_3/raw-downlink/veh-001/request bytes=28 forwarded=1
1787008214.785573 publish topic=edge4av/airspan-tdd-downlink-location_3/raw-downlink/veh-001/response bytes=102432 forwarded=1
1787008215.014052 publish topic=edge4av/airspan-tdd-downlink-location_3/raw-downlink/veh-001/request bytes=28 forwarded=1
1787008215.015709 publish topic=edge4av/airspan-tdd-downlink-location_3/raw-downlink/veh-001/response bytes=102432 forwarded=1
1787008215.244089 publish topic=edge4av/airspan-tdd-downlink-location_3/raw-downlink/veh-001/request bytes=28 forwarded=1
1787008215.246156 publish topic=edge4av/airspan-tdd-downlink-location_3/raw-downlink/veh-001/response bytes=102432 forwarded=1
1787008215.474455 publish topic=edge4av/airspan-tdd-downlink-location_3/raw-downlink/veh-001/request bytes=28 forwarded=1
1787008215.476008 publish topic=edge4av/airspan-tdd-downlink-location_3/raw-downlink/veh-001/response bytes=102432 forwarded=1
1787008215.714996 publish topic=edge4av/airspan-tdd-downlink-location_3/raw-downlink/veh-001/request bytes=28 forwarded=1
1787008215.716438 publish topic=edge4av/airspan-tdd-downlink-location_3/raw-downlink/veh-001/response bytes=102432 forwarded=1
1787008215.945014 publish topic=edge4av/airspan-tdd-downlink-location_3/raw-downlink/veh-001/request bytes=28 forwarded=1
1787008215.946814 publish topic=edge4av/airspan-tdd-downlink-location_3/raw-downlink/veh-001/response bytes=102432 forwarded=1
1787008216.175268 publish topic=edge4av/airspan-tdd-downlink-location_3/raw-downlink/veh-001/request bytes=28 forwarded=1
1787008216.176897 publish topic=edge4av/airspan-tdd-downlink-location_3/raw-downlink/veh-001/response bytes=102432 forwarded=1
1787008216.405425 publish topic=edge4av/airspan-tdd-downlink-location_3/raw-downlink/veh-001/request bytes=28 forwarded=1
1787008216.406223 publish topic=edge4av/airspan-tdd-downlink-location_3/raw-downlink/veh-001/response bytes=102432 forwarded=1
1787008216.635919 publish topic=edge4av/airspan-tdd-downlink-location_3/raw-downlink/veh-001/request bytes=28 forwarded=1
1787008216.637487 publish topic=edge4av/airspan-tdd-downlink-location_3/raw-downlink/veh-001/response bytes=102432 forwarded=1
1787008216.876017 publish topic=edge4av/airspan-tdd-downlink-location_3/raw-downlink/veh-001/request bytes=28 forwarded=1
1787008216.877516 publish topic=edge4av/airspan-tdd-downlink-location_3/raw-downlink/veh-001/response bytes=102432 forwarded=1
1787008217.106445 publish topic=edge4av/airspan-tdd-downlink-location_3/raw-downlink/veh-001/request bytes=28 forwarded=1
1787008217.107800 publish topic=edge4av/airspan-tdd-downlink-location_3/raw-downlink/veh-001/response bytes=102432 forwarded=1
1787008217.336797 publish topic=edge4av/airspan-tdd-downlink-location_3/raw-downlink/veh-001/request bytes=28 forwarded=1
1787008217.338450 publish topic=edge4av/airspan-tdd-downlink-location_3/raw-downlink/veh-001/response bytes=102432 forwarded=1
1787008217.577124 publish topic=edge4av/airspan-tdd-downlink-location_3/raw-downlink/veh-001/request bytes=28 forwarded=1
1787008217.578751 publish topic=edge4av/airspan-tdd-downlink-location_3/raw-downlink/veh-001/response bytes=102432 forwarded=1
1787008217.807409 publish topic=edge4av/airspan-tdd-downlink-location_3/raw-downlink/veh-001/request bytes=28 forwarded=1
1787008217.808072 publish topic=edge4av/airspan-tdd-downlink-location_3/raw-downlink/veh-001/response bytes=102432 forwarded=1
1787008218.047728 publish topic=edge4av/airspan-tdd-downlink-location_3/raw-downlink/veh-001/request bytes=28 forwarded=1
1787008218.049220 publish topic=edge4av/airspan-tdd-downlink-location_3/raw-downlink/veh-001/response bytes=102432 forwarded=1
1787008218.288283 publish topic=edge4av/airspan-tdd-downlink-location_3/raw-downlink/veh-001/request bytes=28 forwarded=1
1787008218.289780 publish topic=edge4av/airspan-tdd-downlink-location_3/raw-downlink/veh-001/response bytes=102432 forwarded=1
1787008218.528222 publish topic=edge4av/airspan-tdd-downlink-location_3/raw-downlink/veh-001/request bytes=28 forwarded=1
1787008218.529727 publish topic=edge4av/airspan-tdd-downlink-location_3/raw-downlink/veh-001/response bytes=102432 forwarded=1
1787008218.768884 publish topic=edge4av/airspan-tdd-downlink-location_3/raw-downlink/veh-001/request bytes=28 forwarded=1
1787008218.770519 publish topic=edge4av/airspan-tdd-downlink-location_3/raw-downlink/veh-001/response bytes=102432 forwarded=1
1787008219.008929 publish topic=edge4av/airspan-tdd-downlink-location_3/raw-downlink/veh-001/request bytes=28 forwarded=1
1787008219.009786 publish topic=edge4av/airspan-tdd-downlink-location_3/raw-downlink/veh-001/response bytes=102432 forwarded=1
1787008219.269222 publish topic=edge4av/airspan-tdd-downlink-location_3/raw-downlink/veh-001/request bytes=28 forwarded=1
1787008219.270803 publish topic=edge4av/airspan-tdd-downlink-location_3/raw-downlink/veh-001/response bytes=102432 forwarded=1
1787008219.509677 publish topic=edge4av/airspan-tdd-downlink-location_3/raw-downlink/veh-001/request bytes=28 forwarded=1
1787008219.511175 publish topic=edge4av/airspan-tdd-downlink-location_3/raw-downlink/veh-001/response bytes=102432 forwarded=1
1787008219.780115 publish topic=edge4av/airspan-tdd-downlink-location_3/raw-downlink/veh-001/request bytes=28 forwarded=1
1787008219.781576 publish topic=edge4av/airspan-tdd-downlink-location_3/raw-downlink/veh-001/response bytes=102432 forwarded=1
1787008220.020435 publish topic=edge4av/airspan-tdd-downlink-location_3/raw-downlink/veh-001/request bytes=28 forwarded=1
1787008220.022089 publish topic=edge4av/airspan-tdd-downlink-location_3/raw-downlink/veh-001/response bytes=102432 forwarded=1
1787008220.280791 publish topic=edge4av/airspan-tdd-downlink-location_3/raw-downlink/veh-001/request bytes=28 forwarded=1
1787008220.282430 publish topic=edge4av/airspan-tdd-downlink-location_3/raw-downlink/veh-001/response bytes=102432 forwarded=1
1787008220.520864 publish topic=edge4av/airspan-tdd-downlink-location_3/raw-downlink/veh-001/request bytes=28 forwarded=1
1787008220.522558 publish topic=edge4av/airspan-tdd-downlink-location_3/raw-downlink/veh-001/response bytes=102432 forwarded=1
1787008220.781146 publish topic=edge4av/airspan-tdd-downlink-location_3/raw-downlink/veh-001/request bytes=28 forwarded=1
1787008220.783596 publish topic=edge4av/airspan-tdd-downlink-location_3/raw-downlink/veh-001/response bytes=102432 forwarded=1
1787008221.051800 publish topic=edge4av/airspan-tdd-downlink-location_3/raw-downlink/veh-001/request bytes=28 forwarded=1
1787008221.053277 publish topic=edge4av/airspan-tdd-downlink-location_3/raw-downlink/veh-001/response bytes=102432 forwarded=1
1787008221.292130 publish topic=edge4av/airspan-tdd-downlink-location_3/raw-downlink/veh-001/request bytes=28 forwarded=1
1787008221.292917 publish topic=edge4av/airspan-tdd-downlink-location_3/raw-downlink/veh-001/response bytes=102432 forwarded=1
1787008221.542093 publish topic=edge4av/airspan-tdd-downlink-location_3/raw-downlink/veh-001/request bytes=28 forwarded=1
1787008221.544004 publish topic=edge4av/airspan-tdd-downlink-location_3/raw-downlink/veh-001/response bytes=102432 forwarded=1
1787008221.782573 publish topic=edge4av/airspan-tdd-downlink-location_3/raw-downlink/veh-001/request bytes=28 forwarded=1
1787008221.784158 publish topic=edge4av/airspan-tdd-downlink-location_3/raw-downlink/veh-001/response bytes=102432 forwarded=1
1787008222.032859 publish topic=edge4av/airspan-tdd-downlink-location_3/raw-downlink/veh-001/request bytes=28 forwarded=1
1787008222.034437 publish topic=edge4av/airspan-tdd-downlink-location_3/raw-downlink/veh-001/response bytes=102432 forwarded=1
1787008222.283485 publish topic=edge4av/airspan-tdd-downlink-location_3/raw-downlink/veh-001/request bytes=28 forwarded=1
1787008222.285001 publish topic=edge4av/airspan-tdd-downlink-location_3/raw-downlink/veh-001/response bytes=102432 forwarded=1
1787008222.533622 publish topic=edge4av/airspan-tdd-downlink-location_3/raw-downlink/veh-001/request bytes=28 forwarded=1
1787008222.535060 publish topic=edge4av/airspan-tdd-downlink-location_3/raw-downlink/veh-001/response bytes=102432 forwarded=1
1787008222.764127 publish topic=edge4av/airspan-tdd-downlink-location_3/raw-downlink/veh-001/request bytes=28 forwarded=1
1787008222.765892 publish topic=edge4av/airspan-tdd-downlink-location_3/raw-downlink/veh-001/response bytes=102432 forwarded=1
1787008222.994285 publish topic=edge4av/airspan-tdd-downlink-location_3/raw-downlink/veh-001/request bytes=28 forwarded=1
1787008222.995922 publish topic=edge4av/airspan-tdd-downlink-location_3/raw-downlink/veh-001/response bytes=102432 forwarded=1
1787008223.224677 publish topic=edge4av/airspan-tdd-downlink-location_3/raw-downlink/veh-001/request bytes=28 forwarded=1
1787008223.226354 publish topic=edge4av/airspan-tdd-downlink-location_3/raw-downlink/veh-001/response bytes=102432 forwarded=1
1787008223.454704 publish topic=edge4av/airspan-tdd-downlink-location_3/raw-downlink/veh-001/request bytes=28 forwarded=1
1787008223.456168 publish topic=edge4av/airspan-tdd-downlink-location_3/raw-downlink/veh-001/response bytes=102432 forwarded=1
1787008223.684852 publish topic=edge4av/airspan-tdd-downlink-location_3/raw-downlink/veh-001/request bytes=28 forwarded=1
1787008223.685786 publish topic=edge4av/airspan-tdd-downlink-location_3/raw-downlink/veh-001/response bytes=102432 forwarded=1
1787008223.915442 publish topic=edge4av/airspan-tdd-downlink-location_3/raw-downlink/veh-001/request bytes=28 forwarded=1
1787008223.916929 publish topic=edge4av/airspan-tdd-downlink-location_3/raw-downlink/veh-001/response bytes=102432 forwarded=1
1787008224.145676 publish topic=edge4av/airspan-tdd-downlink-location_3/raw-downlink/veh-001/request bytes=28 forwarded=1
1787008224.146713 publish topic=edge4av/airspan-tdd-downlink-location_3/raw-downlink/veh-001/response bytes=102432 forwarded=1
1787008224.385991 publish topic=edge4av/airspan-tdd-downlink-location_3/raw-downlink/veh-001/request bytes=28 forwarded=1
1787008224.386806 publish topic=edge4av/airspan-tdd-downlink-location_3/raw-downlink/veh-001/response bytes=102432 forwarded=1
1787008224.616151 publish topic=edge4av/airspan-tdd-downlink-location_3/raw-downlink/veh-001/request bytes=28 forwarded=1
1787008224.617920 publish topic=edge4av/airspan-tdd-downlink-location_3/raw-downlink/veh-001/response bytes=102432 forwarded=1
1787008224.846730 publish topic=edge4av/airspan-tdd-downlink-location_3/raw-downlink/veh-001/request bytes=28 forwarded=1
1787008224.848167 publish topic=edge4av/airspan-tdd-downlink-location_3/raw-downlink/veh-001/response bytes=102432 forwarded=1
1787008225.076746 publish topic=edge4av/airspan-tdd-downlink-location_3/raw-downlink/veh-001/request bytes=28 forwarded=1
1787008225.077878 publish topic=edge4av/airspan-tdd-downlink-location_3/raw-downlink/veh-001/response bytes=102432 forwarded=1
1787008225.307403 publish topic=edge4av/airspan-tdd-downlink-location_3/raw-downlink/veh-001/request bytes=28 forwarded=1
1787008225.309156 publish topic=edge4av/airspan-tdd-downlink-location_3/raw-downlink/veh-001/response bytes=102432 forwarded=1
1787008225.537576 publish topic=edge4av/airspan-tdd-downlink-location_3/raw-downlink/veh-001/request bytes=28 forwarded=1
1787008225.539316 publish topic=edge4av/airspan-tdd-downlink-location_3/raw-downlink/veh-001/response bytes=102432 forwarded=1
1787008225.767501 publish topic=edge4av/airspan-tdd-downlink-location_3/raw-downlink/veh-001/request bytes=28 forwarded=1
1787008225.768289 publish topic=edge4av/airspan-tdd-downlink-location_3/raw-downlink/veh-001/response bytes=102432 forwarded=1
1787008225.998016 publish topic=edge4av/airspan-tdd-downlink-location_3/raw-downlink/veh-001/request bytes=28 forwarded=1
1787008225.999683 publish topic=edge4av/airspan-tdd-downlink-location_3/raw-downlink/veh-001/response bytes=102432 forwarded=1
1787008226.228363 publish topic=edge4av/airspan-tdd-downlink-location_3/raw-downlink/veh-001/request bytes=28 forwarded=1
1787008226.229456 publish topic=edge4av/airspan-tdd-downlink-location_3/raw-downlink/veh-001/response bytes=102432 forwarded=1
1787008226.458759 publish topic=edge4av/airspan-tdd-downlink-location_3/raw-downlink/veh-001/request bytes=28 forwarded=1
1787008226.460240 publish topic=edge4av/airspan-tdd-downlink-location_3/raw-downlink/veh-001/response bytes=102432 forwarded=1
1787008226.699169 publish topic=edge4av/airspan-tdd-downlink-location_3/raw-downlink/veh-001/request bytes=28 forwarded=1
1787008226.700983 publish topic=edge4av/airspan-tdd-downlink-location_3/raw-downlink/veh-001/response bytes=102432 forwarded=1
1787008226.959313 publish topic=edge4av/airspan-tdd-downlink-location_3/raw-downlink/veh-001/request bytes=28 forwarded=1
1787008226.960272 publish topic=edge4av/airspan-tdd-downlink-location_3/raw-downlink/veh-001/response bytes=102432 forwarded=1
1787008227.199632 publish topic=edge4av/airspan-tdd-downlink-location_3/raw-downlink/veh-001/request bytes=28 forwarded=1
1787008227.200616 publish topic=edge4av/airspan-tdd-downlink-location_3/raw-downlink/veh-001/response bytes=102432 forwarded=1
1787008227.459723 publish topic=edge4av/airspan-tdd-downlink-location_3/raw-downlink/veh-001/request bytes=28 forwarded=1
1787008227.460369 publish topic=edge4av/airspan-tdd-downlink-location_3/raw-downlink/veh-001/response bytes=102432 forwarded=1
1787008227.700391 publish topic=edge4av/airspan-tdd-downlink-location_3/raw-downlink/veh-001/request bytes=28 forwarded=1
1787008227.701858 publish topic=edge4av/airspan-tdd-downlink-location_3/raw-downlink/veh-001/response bytes=102432 forwarded=1
1787008227.950517 publish topic=edge4av/airspan-tdd-downlink-location_3/raw-downlink/veh-001/request bytes=28 forwarded=1
1787008227.951037 publish topic=edge4av/airspan-tdd-downlink-location_3/raw-downlink/veh-001/response bytes=102432 forwarded=1
1787008228.210787 publish topic=edge4av/airspan-tdd-downlink-location_3/raw-downlink/veh-001/request bytes=28 forwarded=1
1787008228.212229 publish topic=edge4av/airspan-tdd-downlink-location_3/raw-downlink/veh-001/response bytes=102432 forwarded=1
1787008228.471090 publish topic=edge4av/airspan-tdd-downlink-location_3/raw-downlink/veh-001/request bytes=28 forwarded=1
1787008228.471630 publish topic=edge4av/airspan-tdd-downlink-location_3/raw-downlink/veh-001/response bytes=102432 forwarded=1
1787008228.711556 publish topic=edge4av/airspan-tdd-downlink-location_3/raw-downlink/veh-001/request bytes=28 forwarded=1
1787008228.713019 publish topic=edge4av/airspan-tdd-downlink-location_3/raw-downlink/veh-001/response bytes=102432 forwarded=1
1787008228.952154 publish topic=edge4av/airspan-tdd-downlink-location_3/raw-downlink/veh-001/request bytes=28 forwarded=1
1787008228.953671 publish topic=edge4av/airspan-tdd-downlink-location_3/raw-downlink/veh-001/response bytes=102432 forwarded=1
1787008229.222378 publish topic=edge4av/airspan-tdd-downlink-location_3/raw-downlink/veh-001/request bytes=28 forwarded=1
1787008229.223397 publish topic=edge4av/airspan-tdd-downlink-location_3/raw-downlink/veh-001/response bytes=102432 forwarded=1
1787008229.462858 publish topic=edge4av/airspan-tdd-downlink-location_3/raw-downlink/veh-001/request bytes=28 forwarded=1
1787008229.464580 publish topic=edge4av/airspan-tdd-downlink-location_3/raw-downlink/veh-001/response bytes=102432 forwarded=1
1787008229.722945 publish topic=edge4av/airspan-tdd-downlink-location_3/raw-downlink/veh-001/request bytes=28 forwarded=1
1787008229.723442 publish topic=edge4av/airspan-tdd-downlink-location_3/raw-downlink/veh-001/response bytes=102432 forwarded=1
1787008229.953139 publish topic=edge4av/airspan-tdd-downlink-location_3/raw-downlink/veh-001/request bytes=28 forwarded=1
1787008229.953716 publish topic=edge4av/airspan-tdd-downlink-location_3/raw-downlink/veh-001/response bytes=102432 forwarded=1
1787008230.183622 publish topic=edge4av/airspan-tdd-downlink-location_3/raw-downlink/veh-001/request bytes=28 forwarded=1
1787008230.184121 publish topic=edge4av/airspan-tdd-downlink-location_3/raw-downlink/veh-001/response bytes=102432 forwarded=1
1787008230.413728 publish topic=edge4av/airspan-tdd-downlink-location_3/raw-downlink/veh-001/request bytes=28 forwarded=1
1787008230.415200 publish topic=edge4av/airspan-tdd-downlink-location_3/raw-downlink/veh-001/response bytes=102432 forwarded=1
1787008230.644500 publish topic=edge4av/airspan-tdd-downlink-location_3/raw-downlink/veh-001/request bytes=28 forwarded=1
1787008230.646186 publish topic=edge4av/airspan-tdd-downlink-location_3/raw-downlink/veh-001/response bytes=102432 forwarded=1
1787008230.884767 publish topic=edge4av/airspan-tdd-downlink-location_3/raw-downlink/veh-001/request bytes=28 forwarded=1
1787008230.886512 publish topic=edge4av/airspan-tdd-downlink-location_3/raw-downlink/veh-001/response bytes=102432 forwarded=1
1787008231.114864 publish topic=edge4av/airspan-tdd-downlink-location_3/raw-downlink/veh-001/request bytes=28 forwarded=1
1787008231.116475 publish topic=edge4av/airspan-tdd-downlink-location_3/raw-downlink/veh-001/response bytes=102432 forwarded=1
1787008231.344915 publish topic=edge4av/airspan-tdd-downlink-location_3/raw-downlink/veh-001/request bytes=28 forwarded=1
1787008231.345598 publish topic=edge4av/airspan-tdd-downlink-location_3/raw-downlink/veh-001/response bytes=102432 forwarded=1
1787008231.595437 publish topic=edge4av/airspan-tdd-downlink-location_3/raw-downlink/veh-001/request bytes=28 forwarded=1
1787008231.596892 publish topic=edge4av/airspan-tdd-downlink-location_3/raw-downlink/veh-001/response bytes=102432 forwarded=1
1787008231.836467 publish topic=edge4av/airspan-tdd-downlink-location_3/raw-downlink/veh-001/request bytes=28 forwarded=1
1787008231.838120 publish topic=edge4av/airspan-tdd-downlink-location_3/raw-downlink/veh-001/response bytes=102432 forwarded=1
1787008232.066210 publish topic=edge4av/airspan-tdd-downlink-location_3/raw-downlink/veh-001/request bytes=28 forwarded=1
1787008232.066811 publish topic=edge4av/airspan-tdd-downlink-location_3/raw-downlink/veh-001/response bytes=102432 forwarded=1
1787008232.296463 publish topic=edge4av/airspan-tdd-downlink-location_3/raw-downlink/veh-001/request bytes=28 forwarded=1
1787008232.298114 publish topic=edge4av/airspan-tdd-downlink-location_3/raw-downlink/veh-001/response bytes=102432 forwarded=1
1787008232.536916 publish topic=edge4av/airspan-tdd-downlink-location_3/raw-downlink/veh-001/request bytes=28 forwarded=1
1787008232.538517 publish topic=edge4av/airspan-tdd-downlink-location_3/raw-downlink/veh-001/response bytes=102432 forwarded=1
1787008232.767379 publish topic=edge4av/airspan-tdd-downlink-location_3/raw-downlink/veh-001/request bytes=28 forwarded=1
1787008232.768871 publish topic=edge4av/airspan-tdd-downlink-location_3/raw-downlink/veh-001/response bytes=102432 forwarded=1
1787008233.007446 publish topic=edge4av/airspan-tdd-downlink-location_3/raw-downlink/veh-001/request bytes=28 forwarded=1
1787008233.009014 publish topic=edge4av/airspan-tdd-downlink-location_3/raw-downlink/veh-001/response bytes=102432 forwarded=1
1787008233.287932 publish topic=edge4av/airspan-tdd-downlink-location_3/raw-downlink/veh-001/request bytes=28 forwarded=1
1787008233.288638 publish topic=edge4av/airspan-tdd-downlink-location_3/raw-downlink/veh-001/response bytes=102432 forwarded=1
1787008233.558214 publish topic=edge4av/airspan-tdd-downlink-location_3/raw-downlink/veh-001/request bytes=28 forwarded=1
1787008233.559528 publish topic=edge4av/airspan-tdd-downlink-location_3/raw-downlink/veh-001/response bytes=102432 forwarded=1
1787008233.788655 publish topic=edge4av/airspan-tdd-downlink-location_3/raw-downlink/veh-001/request bytes=28 forwarded=1
1787008233.790327 publish topic=edge4av/airspan-tdd-downlink-location_3/raw-downlink/veh-001/response bytes=102432 forwarded=1
1787008234.018981 publish topic=edge4av/airspan-tdd-downlink-location_3/raw-downlink/veh-001/request bytes=28 forwarded=1
1787008234.020411 publish topic=edge4av/airspan-tdd-downlink-location_3/raw-downlink/veh-001/response bytes=102432 forwarded=1
1787008234.259288 publish topic=edge4av/airspan-tdd-downlink-location_3/raw-downlink/veh-001/request bytes=28 forwarded=1
1787008234.260890 publish topic=edge4av/airspan-tdd-downlink-location_3/raw-downlink/veh-001/response bytes=102432 forwarded=1
1787008234.519558 publish topic=edge4av/airspan-tdd-downlink-location_3/raw-downlink/veh-001/request bytes=28 forwarded=1
1787008234.520730 publish topic=edge4av/airspan-tdd-downlink-location_3/raw-downlink/veh-001/response bytes=102432 forwarded=1
1787008234.759791 publish topic=edge4av/airspan-tdd-downlink-location_3/raw-downlink/veh-001/request bytes=28 forwarded=1
1787008234.760763 publish topic=edge4av/airspan-tdd-downlink-location_3/raw-downlink/veh-001/response bytes=102432 forwarded=1
1787008235.010184 publish topic=edge4av/airspan-tdd-downlink-location_3/raw-downlink/veh-001/request bytes=28 forwarded=1
1787008235.011650 publish topic=edge4av/airspan-tdd-downlink-location_3/raw-downlink/veh-001/response bytes=102432 forwarded=1
1787008235.250589 publish topic=edge4av/airspan-tdd-downlink-location_3/raw-downlink/veh-001/request bytes=28 forwarded=1
1787008235.251691 publish topic=edge4av/airspan-tdd-downlink-location_3/raw-downlink/veh-001/response bytes=102432 forwarded=1
1787008235.490738 publish topic=edge4av/airspan-tdd-downlink-location_3/raw-downlink/veh-001/request bytes=28 forwarded=1
1787008235.492183 publish topic=edge4av/airspan-tdd-downlink-location_3/raw-downlink/veh-001/response bytes=102432 forwarded=1
1787008235.731321 publish topic=edge4av/airspan-tdd-downlink-location_3/raw-downlink/veh-001/request bytes=28 forwarded=1
1787008235.732811 publish topic=edge4av/airspan-tdd-downlink-location_3/raw-downlink/veh-001/response bytes=102432 forwarded=1
1787008235.971565 publish topic=edge4av/airspan-tdd-downlink-location_3/raw-downlink/veh-001/request bytes=28 forwarded=1
1787008235.973368 publish topic=edge4av/airspan-tdd-downlink-location_3/raw-downlink/veh-001/response bytes=102432 forwarded=1
1787008236.231847 publish topic=edge4av/airspan-tdd-downlink-location_3/raw-downlink/veh-001/request bytes=28 forwarded=1
1787008236.233648 publish topic=edge4av/airspan-tdd-downlink-location_3/raw-downlink/veh-001/response bytes=102432 forwarded=1
1787008236.481918 publish topic=edge4av/airspan-tdd-downlink-location_3/raw-downlink/veh-001/request bytes=28 forwarded=1
1787008236.482653 publish topic=edge4av/airspan-tdd-downlink-location_3/raw-downlink/veh-001/response bytes=102432 forwarded=1
1787008236.742605 publish topic=edge4av/airspan-tdd-downlink-location_3/raw-downlink/veh-001/request bytes=28 forwarded=1
1787008236.744072 publish topic=edge4av/airspan-tdd-downlink-location_3/raw-downlink/veh-001/response bytes=102432 forwarded=1
1787008236.982828 publish topic=edge4av/airspan-tdd-downlink-location_3/raw-downlink/veh-001/request bytes=28 forwarded=1
1787008236.984792 publish topic=edge4av/airspan-tdd-downlink-location_3/raw-downlink/veh-001/response bytes=102432 forwarded=1
1787008237.243234 publish topic=edge4av/airspan-tdd-downlink-location_3/raw-downlink/veh-001/request bytes=28 forwarded=1
1787008237.244761 publish topic=edge4av/airspan-tdd-downlink-location_3/raw-downlink/veh-001/response bytes=102432 forwarded=1
1787008237.473591 publish topic=edge4av/airspan-tdd-downlink-location_3/raw-downlink/veh-001/request bytes=28 forwarded=1
1787008237.475226 publish topic=edge4av/airspan-tdd-downlink-location_3/raw-downlink/veh-001/response bytes=102432 forwarded=1
1787008237.703814 publish topic=edge4av/airspan-tdd-downlink-location_3/raw-downlink/veh-001/request bytes=28 forwarded=1
1787008237.705364 publish topic=edge4av/airspan-tdd-downlink-location_3/raw-downlink/veh-001/response bytes=102432 forwarded=1
1787008237.944221 publish topic=edge4av/airspan-tdd-downlink-location_3/raw-downlink/veh-001/request bytes=28 forwarded=1
1787008237.945868 publish topic=edge4av/airspan-tdd-downlink-location_3/raw-downlink/veh-001/response bytes=102432 forwarded=1
1787008238.184301 publish topic=edge4av/airspan-tdd-downlink-location_3/raw-downlink/veh-001/request bytes=28 forwarded=1
1787008238.184895 publish topic=edge4av/airspan-tdd-downlink-location_3/raw-downlink/veh-001/response bytes=102432 forwarded=1
1787008238.424801 publish topic=edge4av/airspan-tdd-downlink-location_3/raw-downlink/veh-001/request bytes=28 forwarded=1
1787008238.426281 publish topic=edge4av/airspan-tdd-downlink-location_3/raw-downlink/veh-001/response bytes=102432 forwarded=1
1787008238.675220 publish topic=edge4av/airspan-tdd-downlink-location_3/raw-downlink/veh-001/request bytes=28 forwarded=1
1787008238.676956 publish topic=edge4av/airspan-tdd-downlink-location_3/raw-downlink/veh-001/response bytes=102432 forwarded=1
1787008238.905505 publish topic=edge4av/airspan-tdd-downlink-location_3/raw-downlink/veh-001/request bytes=28 forwarded=1
1787008238.907177 publish topic=edge4av/airspan-tdd-downlink-location_3/raw-downlink/veh-001/response bytes=102432 forwarded=1
1787008239.135865 publish topic=edge4av/airspan-tdd-downlink-location_3/raw-downlink/veh-001/request bytes=28 forwarded=1
1787008239.137607 publish topic=edge4av/airspan-tdd-downlink-location_3/raw-downlink/veh-001/response bytes=102432 forwarded=1
1787008239.365860 publish topic=edge4av/airspan-tdd-downlink-location_3/raw-downlink/veh-001/request bytes=28 forwarded=1
1787008239.366516 publish topic=edge4av/airspan-tdd-downlink-location_3/raw-downlink/veh-001/response bytes=102432 forwarded=1
1787008239.606575 publish topic=edge4av/airspan-tdd-downlink-location_3/raw-downlink/veh-001/request bytes=28 forwarded=1
1787008239.608060 publish topic=edge4av/airspan-tdd-downlink-location_3/raw-downlink/veh-001/response bytes=102432 forwarded=1
1787008239.836922 publish topic=edge4av/airspan-tdd-downlink-location_3/raw-downlink/veh-001/request bytes=28 forwarded=1
1787008239.838375 publish topic=edge4av/airspan-tdd-downlink-location_3/raw-downlink/veh-001/response bytes=102432 forwarded=1
1787008240.066767 publish topic=edge4av/airspan-tdd-downlink-location_3/raw-downlink/veh-001/request bytes=28 forwarded=1
1787008240.067347 publish topic=edge4av/airspan-tdd-downlink-location_3/raw-downlink/veh-001/response bytes=102432 forwarded=1
1787008240.297266 publish topic=edge4av/airspan-tdd-downlink-location_3/raw-downlink/veh-001/request bytes=28 forwarded=1
1787008240.298723 publish topic=edge4av/airspan-tdd-downlink-location_3/raw-downlink/veh-001/response bytes=102432 forwarded=1
1787008240.537400 publish topic=edge4av/airspan-tdd-downlink-location_3/raw-downlink/veh-001/request bytes=28 forwarded=1
1787008240.538145 publish topic=edge4av/airspan-tdd-downlink-location_3/raw-downlink/veh-001/response bytes=102432 forwarded=1
1787008240.808274 publish topic=edge4av/airspan-tdd-downlink-location_3/raw-downlink/veh-001/request bytes=28 forwarded=1
1787008240.809737 publish topic=edge4av/airspan-tdd-downlink-location_3/raw-downlink/veh-001/response bytes=102432 forwarded=1
1787008241.038070 publish topic=edge4av/airspan-tdd-downlink-location_3/raw-downlink/veh-001/request bytes=28 forwarded=1
1787008241.038563 publish topic=edge4av/airspan-tdd-downlink-location_3/raw-downlink/veh-001/response bytes=102432 forwarded=1
1787008241.288766 publish topic=edge4av/airspan-tdd-downlink-location_3/raw-downlink/veh-001/request bytes=28 forwarded=1
1787008241.290414 publish topic=edge4av/airspan-tdd-downlink-location_3/raw-downlink/veh-001/response bytes=102432 forwarded=1
1787008241.539140 publish topic=edge4av/airspan-tdd-downlink-location_3/raw-downlink/veh-001/request bytes=28 forwarded=1
1787008241.540943 publish topic=edge4av/airspan-tdd-downlink-location_3/raw-downlink/veh-001/response bytes=102432 forwarded=1
1787008241.779396 publish topic=edge4av/airspan-tdd-downlink-location_3/raw-downlink/veh-001/request bytes=28 forwarded=1
1787008241.781083 publish topic=edge4av/airspan-tdd-downlink-location_3/raw-downlink/veh-001/response bytes=102432 forwarded=1
1787008242.039588 publish topic=edge4av/airspan-tdd-downlink-location_3/raw-downlink/veh-001/request bytes=28 forwarded=1
1787008242.041052 publish topic=edge4av/airspan-tdd-downlink-location_3/raw-downlink/veh-001/response bytes=102432 forwarded=1
1787008242.270057 publish topic=edge4av/airspan-tdd-downlink-location_3/raw-downlink/veh-001/request bytes=28 forwarded=1
1787008242.271360 publish topic=edge4av/airspan-tdd-downlink-location_3/raw-downlink/veh-001/response bytes=102432 forwarded=1
1787008242.510213 publish topic=edge4av/airspan-tdd-downlink-location_3/raw-downlink/veh-001/request bytes=28 forwarded=1
1787008242.511207 publish topic=edge4av/airspan-tdd-downlink-location_3/raw-downlink/veh-001/response bytes=102432 forwarded=1
1787008242.760460 publish topic=edge4av/airspan-tdd-downlink-location_3/raw-downlink/veh-001/request bytes=28 forwarded=1
1787008242.761125 publish topic=edge4av/airspan-tdd-downlink-location_3/raw-downlink/veh-001/response bytes=102432 forwarded=1
1787008242.991200 publish topic=edge4av/airspan-tdd-downlink-location_3/raw-downlink/veh-001/request bytes=28 forwarded=1
1787008242.992814 publish topic=edge4av/airspan-tdd-downlink-location_3/raw-downlink/veh-001/response bytes=102432 forwarded=1
1787008243.261469 publish topic=edge4av/airspan-tdd-downlink-location_3/raw-downlink/veh-001/request bytes=28 forwarded=1
1787008243.263102 publish topic=edge4av/airspan-tdd-downlink-location_3/raw-downlink/veh-001/response bytes=102432 forwarded=1
1787008243.501505 publish topic=edge4av/airspan-tdd-downlink-location_3/raw-downlink/veh-001/request bytes=28 forwarded=1
1787008243.502938 publish topic=edge4av/airspan-tdd-downlink-location_3/raw-downlink/veh-001/response bytes=102432 forwarded=1
1787008243.782252 publish topic=edge4av/airspan-tdd-downlink-location_3/raw-downlink/veh-001/request bytes=28 forwarded=1
1787008243.783655 publish topic=edge4av/airspan-tdd-downlink-location_3/raw-downlink/veh-001/response bytes=102432 forwarded=1
1787008244.042887 publish topic=edge4av/airspan-tdd-downlink-location_3/raw-downlink/veh-001/request bytes=28 forwarded=1
1787008244.044627 publish topic=edge4av/airspan-tdd-downlink-location_3/raw-downlink/veh-001/response bytes=102432 forwarded=1
1787008244.283120 publish topic=edge4av/airspan-tdd-downlink-location_3/raw-downlink/veh-001/request bytes=28 forwarded=1
1787008244.284779 publish topic=edge4av/airspan-tdd-downlink-location_3/raw-downlink/veh-001/response bytes=102432 forwarded=1
1787008244.553226 publish topic=edge4av/airspan-tdd-downlink-location_3/raw-downlink/veh-001/request bytes=28 forwarded=1
1787008244.555083 publish topic=edge4av/airspan-tdd-downlink-location_3/raw-downlink/veh-001/response bytes=102432 forwarded=1
1787008244.793817 publish topic=edge4av/airspan-tdd-downlink-location_3/raw-downlink/veh-001/request bytes=28 forwarded=1
1787008244.795252 publish topic=edge4av/airspan-tdd-downlink-location_3/raw-downlink/veh-001/response bytes=102432 forwarded=1
1787008245.033941 publish topic=edge4av/airspan-tdd-downlink-location_3/raw-downlink/veh-001/request bytes=28 forwarded=1
1787008245.034465 publish topic=edge4av/airspan-tdd-downlink-location_3/raw-downlink/veh-001/response bytes=102432 forwarded=1
1787008245.274322 publish topic=edge4av/airspan-tdd-downlink-location_3/raw-downlink/veh-001/request bytes=28 forwarded=1
1787008245.275859 publish topic=edge4av/airspan-tdd-downlink-location_3/raw-downlink/veh-001/response bytes=102432 forwarded=1
1787008245.524645 publish topic=edge4av/airspan-tdd-downlink-location_3/raw-downlink/veh-001/request bytes=28 forwarded=1
1787008245.525988 publish topic=edge4av/airspan-tdd-downlink-location_3/raw-downlink/veh-001/response bytes=102432 forwarded=1
1787008245.755229 publish topic=edge4av/airspan-tdd-downlink-location_3/raw-downlink/veh-001/request bytes=28 forwarded=1
1787008245.756769 publish topic=edge4av/airspan-tdd-downlink-location_3/raw-downlink/veh-001/response bytes=102432 forwarded=1
1787008245.985262 publish topic=edge4av/airspan-tdd-downlink-location_3/raw-downlink/veh-001/request bytes=28 forwarded=1
1787008245.986933 publish topic=edge4av/airspan-tdd-downlink-location_3/raw-downlink/veh-001/response bytes=102432 forwarded=1
1787008246.215881 publish topic=edge4av/airspan-tdd-downlink-location_3/raw-downlink/veh-001/request bytes=28 forwarded=1
1787008246.217367 publish topic=edge4av/airspan-tdd-downlink-location_3/raw-downlink/veh-001/response bytes=102432 forwarded=1
1787008246.455760 publish topic=edge4av/airspan-tdd-downlink-location_3/raw-downlink/veh-001/request bytes=28 forwarded=1
1787008246.456439 publish topic=edge4av/airspan-tdd-downlink-location_3/raw-downlink/veh-001/response bytes=102432 forwarded=1
1787008246.696244 publish topic=edge4av/airspan-tdd-downlink-location_3/raw-downlink/veh-001/request bytes=28 forwarded=1
1787008246.696999 publish topic=edge4av/airspan-tdd-downlink-location_3/raw-downlink/veh-001/response bytes=102432 forwarded=1
1787008246.936635 publish topic=edge4av/airspan-tdd-downlink-location_3/raw-downlink/veh-001/request bytes=28 forwarded=1
1787008246.938418 publish topic=edge4av/airspan-tdd-downlink-location_3/raw-downlink/veh-001/response bytes=102432 forwarded=1
1787008247.196914 publish topic=edge4av/airspan-tdd-downlink-location_3/raw-downlink/veh-001/request bytes=28 forwarded=1
1787008247.197949 publish topic=edge4av/airspan-tdd-downlink-location_3/raw-downlink/veh-001/response bytes=102432 forwarded=1
1787008247.437292 publish topic=edge4av/airspan-tdd-downlink-location_3/raw-downlink/veh-001/request bytes=28 forwarded=1
1787008247.438216 publish topic=edge4av/airspan-tdd-downlink-location_3/raw-downlink/veh-001/response bytes=102432 forwarded=1
1787008247.667778 publish topic=edge4av/airspan-tdd-downlink-location_3/raw-downlink/veh-001/request bytes=28 forwarded=1
1787008247.668325 publish topic=edge4av/airspan-tdd-downlink-location_3/raw-downlink/veh-001/response bytes=102432 forwarded=1
1787008247.898181 publish topic=edge4av/airspan-tdd-downlink-location_3/raw-downlink/veh-001/request bytes=28 forwarded=1
1787008247.899132 publish topic=edge4av/airspan-tdd-downlink-location_3/raw-downlink/veh-001/response bytes=102432 forwarded=1
1787008248.148458 publish topic=edge4av/airspan-tdd-downlink-location_3/raw-downlink/veh-001/request bytes=28 forwarded=1
1787008248.150082 publish topic=edge4av/airspan-tdd-downlink-location_3/raw-downlink/veh-001/response bytes=102432 forwarded=1
1787008248.398751 publish topic=edge4av/airspan-tdd-downlink-location_3/raw-downlink/veh-001/request bytes=28 forwarded=1
1787008248.400448 publish topic=edge4av/airspan-tdd-downlink-location_3/raw-downlink/veh-001/response bytes=102432 forwarded=1
1787008248.639270 publish topic=edge4av/airspan-tdd-downlink-location_3/raw-downlink/veh-001/request bytes=28 forwarded=1
1787008248.640896 publish topic=edge4av/airspan-tdd-downlink-location_3/raw-downlink/veh-001/response bytes=102432 forwarded=1
1787008248.869360 publish topic=edge4av/airspan-tdd-downlink-location_3/raw-downlink/veh-001/request bytes=28 forwarded=1
1787008248.869955 publish topic=edge4av/airspan-tdd-downlink-location_3/raw-downlink/veh-001/response bytes=102432 forwarded=1
1787008249.109519 publish topic=edge4av/airspan-tdd-downlink-location_3/raw-downlink/veh-001/request bytes=28 forwarded=1
1787008249.109967 publish topic=edge4av/airspan-tdd-downlink-location_3/raw-downlink/veh-001/response bytes=102432 forwarded=1
1787008249.370316 publish topic=edge4av/airspan-tdd-downlink-location_3/raw-downlink/veh-001/request bytes=28 forwarded=1
1787008249.372037 publish topic=edge4av/airspan-tdd-downlink-location_3/raw-downlink/veh-001/response bytes=102432 forwarded=1
1787008249.610554 publish topic=edge4av/airspan-tdd-downlink-location_3/raw-downlink/veh-001/request bytes=28 forwarded=1
1787008249.611372 publish topic=edge4av/airspan-tdd-downlink-location_3/raw-downlink/veh-001/response bytes=102432 forwarded=1
1787008249.850848 publish topic=edge4av/airspan-tdd-downlink-location_3/raw-downlink/veh-001/request bytes=28 forwarded=1
1787008249.852754 publish topic=edge4av/airspan-tdd-downlink-location_3/raw-downlink/veh-001/response bytes=102432 forwarded=1
1787008250.091262 publish topic=edge4av/airspan-tdd-downlink-location_3/raw-downlink/veh-001/request bytes=28 forwarded=1
1787008250.093008 publish topic=edge4av/airspan-tdd-downlink-location_3/raw-downlink/veh-001/response bytes=102432 forwarded=1
1787008250.341589 publish topic=edge4av/airspan-tdd-downlink-location_3/raw-downlink/veh-001/request bytes=28 forwarded=1
1787008250.343081 publish topic=edge4av/airspan-tdd-downlink-location_3/raw-downlink/veh-001/response bytes=102432 forwarded=1
1787008250.602074 publish topic=edge4av/airspan-tdd-downlink-location_3/raw-downlink/veh-001/request bytes=28 forwarded=1
1787008250.603543 publish topic=edge4av/airspan-tdd-downlink-location_3/raw-downlink/veh-001/response bytes=102432 forwarded=1
1787008250.842278 publish topic=edge4av/airspan-tdd-downlink-location_3/raw-downlink/veh-001/request bytes=28 forwarded=1
1787008250.843983 publish topic=edge4av/airspan-tdd-downlink-location_3/raw-downlink/veh-001/response bytes=102432 forwarded=1
1787008251.102686 publish topic=edge4av/airspan-tdd-downlink-location_3/raw-downlink/veh-001/request bytes=28 forwarded=1
1787008251.104221 publish topic=edge4av/airspan-tdd-downlink-location_3/raw-downlink/veh-001/response bytes=102432 forwarded=1
1787008251.352889 publish topic=edge4av/airspan-tdd-downlink-location_3/raw-downlink/veh-001/request bytes=28 forwarded=1
1787008251.353641 publish topic=edge4av/airspan-tdd-downlink-location_3/raw-downlink/veh-001/response bytes=102432 forwarded=1
1787008251.613510 publish topic=edge4av/airspan-tdd-downlink-location_3/raw-downlink/veh-001/request bytes=28 forwarded=1
1787008251.614948 publish topic=edge4av/airspan-tdd-downlink-location_3/raw-downlink/veh-001/response bytes=102432 forwarded=1
1787008251.843898 publish topic=edge4av/airspan-tdd-downlink-location_3/raw-downlink/veh-001/request bytes=28 forwarded=1
1787008251.845407 publish topic=edge4av/airspan-tdd-downlink-location_3/raw-downlink/veh-001/response bytes=102432 forwarded=1
1787008252.074263 publish topic=edge4av/airspan-tdd-downlink-location_3/raw-downlink/veh-001/request bytes=28 forwarded=1
1787008252.075946 publish topic=edge4av/airspan-tdd-downlink-location_3/raw-downlink/veh-001/response bytes=102432 forwarded=1
1787008252.304701 publish topic=edge4av/airspan-tdd-downlink-location_3/raw-downlink/veh-001/request bytes=28 forwarded=1
1787008252.306558 publish topic=edge4av/airspan-tdd-downlink-location_3/raw-downlink/veh-001/response bytes=102432 forwarded=1
1787008252.554691 publish topic=edge4av/airspan-tdd-downlink-location_3/raw-downlink/veh-001/request bytes=28 forwarded=1
1787008252.556322 publish topic=edge4av/airspan-tdd-downlink-location_3/raw-downlink/veh-001/response bytes=102432 forwarded=1
1787008252.785167 publish topic=edge4av/airspan-tdd-downlink-location_3/raw-downlink/veh-001/request bytes=28 forwarded=1
1787008252.786599 publish topic=edge4av/airspan-tdd-downlink-location_3/raw-downlink/veh-001/response bytes=102432 forwarded=1
1787008253.015354 publish topic=edge4av/airspan-tdd-downlink-location_3/raw-downlink/veh-001/request bytes=28 forwarded=1
1787008253.017011 publish topic=edge4av/airspan-tdd-downlink-location_3/raw-downlink/veh-001/response bytes=102432 forwarded=1
1787008253.245875 publish topic=edge4av/airspan-tdd-downlink-location_3/raw-downlink/veh-001/request bytes=28 forwarded=1
1787008253.247346 publish topic=edge4av/airspan-tdd-downlink-location_3/raw-downlink/veh-001/response bytes=102432 forwarded=1
1787008253.476251 publish topic=edge4av/airspan-tdd-downlink-location_3/raw-downlink/veh-001/request bytes=28 forwarded=1
1787008253.477952 publish topic=edge4av/airspan-tdd-downlink-location_3/raw-downlink/veh-001/response bytes=102432 forwarded=1
1787008253.706400 publish topic=edge4av/airspan-tdd-downlink-location_3/raw-downlink/veh-001/request bytes=28 forwarded=1
1787008253.707391 publish topic=edge4av/airspan-tdd-downlink-location_3/raw-downlink/veh-001/response bytes=102432 forwarded=1
1787008253.946676 publish topic=edge4av/airspan-tdd-downlink-location_3/raw-downlink/veh-001/request bytes=28 forwarded=1
1787008253.948238 publish topic=edge4av/airspan-tdd-downlink-location_3/raw-downlink/veh-001/response bytes=102432 forwarded=1
1787008254.186801 publish topic=edge4av/airspan-tdd-downlink-location_3/raw-downlink/veh-001/request bytes=28 forwarded=1
1787008254.187627 publish topic=edge4av/airspan-tdd-downlink-location_3/raw-downlink/veh-001/response bytes=102432 forwarded=1
1787008254.417053 publish topic=edge4av/airspan-tdd-downlink-location_3/raw-downlink/veh-001/request bytes=28 forwarded=1
1787008254.417547 publish topic=edge4av/airspan-tdd-downlink-location_3/raw-downlink/veh-001/response bytes=102432 forwarded=1
1787008254.657961 publish topic=edge4av/airspan-tdd-downlink-location_3/raw-downlink/veh-001/request bytes=28 forwarded=1
1787008254.659678 publish topic=edge4av/airspan-tdd-downlink-location_3/raw-downlink/veh-001/response bytes=102432 forwarded=1
1787008254.928059 publish topic=edge4av/airspan-tdd-downlink-location_3/raw-downlink/veh-001/request bytes=28 forwarded=1
1787008254.929696 publish topic=edge4av/airspan-tdd-downlink-location_3/raw-downlink/veh-001/response bytes=102432 forwarded=1
1787008255.168390 publish topic=edge4av/airspan-tdd-downlink-location_3/raw-downlink/veh-001/request bytes=28 forwarded=1
1787008255.170048 publish topic=edge4av/airspan-tdd-downlink-location_3/raw-downlink/veh-001/response bytes=102432 forwarded=1
1787008255.408639 publish topic=edge4av/airspan-tdd-downlink-location_3/raw-downlink/veh-001/request bytes=28 forwarded=1
1787008255.409954 publish topic=edge4av/airspan-tdd-downlink-location_3/raw-downlink/veh-001/response bytes=102432 forwarded=1
1787008255.639271 publish topic=edge4av/airspan-tdd-downlink-location_3/raw-downlink/veh-001/request bytes=28 forwarded=1
1787008255.640823 publish topic=edge4av/airspan-tdd-downlink-location_3/raw-downlink/veh-001/response bytes=102432 forwarded=1
1787008255.899426 publish topic=edge4av/airspan-tdd-downlink-location_3/raw-downlink/veh-001/request bytes=28 forwarded=1
1787008255.901233 publish topic=edge4av/airspan-tdd-downlink-location_3/raw-downlink/veh-001/response bytes=102432 forwarded=1
1787008256.139864 publish topic=edge4av/airspan-tdd-downlink-location_3/raw-downlink/veh-001/request bytes=28 forwarded=1
1787008256.141591 publish topic=edge4av/airspan-tdd-downlink-location_3/raw-downlink/veh-001/response bytes=102432 forwarded=1
1787008256.390244 publish topic=edge4av/airspan-tdd-downlink-location_3/raw-downlink/veh-001/request bytes=28 forwarded=1
1787008256.391754 publish topic=edge4av/airspan-tdd-downlink-location_3/raw-downlink/veh-001/response bytes=102432 forwarded=1
1787008256.650516 publish topic=edge4av/airspan-tdd-downlink-location_3/raw-downlink/veh-001/request bytes=28 forwarded=1
1787008256.652188 publish topic=edge4av/airspan-tdd-downlink-location_3/raw-downlink/veh-001/response bytes=102432 forwarded=1
1787008256.890733 publish topic=edge4av/airspan-tdd-downlink-location_3/raw-downlink/veh-001/request bytes=28 forwarded=1
1787008256.891553 publish topic=edge4av/airspan-tdd-downlink-location_3/raw-downlink/veh-001/response bytes=102432 forwarded=1
1787008257.140928 publish topic=edge4av/airspan-tdd-downlink-location_3/raw-downlink/veh-001/request bytes=28 forwarded=1
1787008257.141647 publish topic=edge4av/airspan-tdd-downlink-location_3/raw-downlink/veh-001/response bytes=102432 forwarded=1
1787008257.381489 publish topic=edge4av/airspan-tdd-downlink-location_3/raw-downlink/veh-001/request bytes=28 forwarded=1
1787008257.383170 publish topic=edge4av/airspan-tdd-downlink-location_3/raw-downlink/veh-001/response bytes=102432 forwarded=1
1787008257.631665 publish topic=edge4av/airspan-tdd-downlink-location_3/raw-downlink/veh-001/request bytes=28 forwarded=1
1787008257.634384 publish topic=edge4av/airspan-tdd-downlink-location_3/raw-downlink/veh-001/response bytes=102432 forwarded=1
1787008257.912070 publish topic=edge4av/airspan-tdd-downlink-location_3/raw-downlink/veh-001/request bytes=28 forwarded=1
1787008257.913733 publish topic=edge4av/airspan-tdd-downlink-location_3/raw-downlink/veh-001/response bytes=102432 forwarded=1
1787008258.182526 publish topic=edge4av/airspan-tdd-downlink-location_3/raw-downlink/veh-001/request bytes=28 forwarded=1
1787008258.183562 publish topic=edge4av/airspan-tdd-downlink-location_3/raw-downlink/veh-001/response bytes=102432 forwarded=1
1787008258.423016 publish topic=edge4av/airspan-tdd-downlink-location_3/raw-downlink/veh-001/request bytes=28 forwarded=1
1787008258.424546 publish topic=edge4av/airspan-tdd-downlink-location_3/raw-downlink/veh-001/response bytes=102432 forwarded=1
1787008258.663135 publish topic=edge4av/airspan-tdd-downlink-location_3/raw-downlink/veh-001/request bytes=28 forwarded=1
1787008258.664711 publish topic=edge4av/airspan-tdd-downlink-location_3/raw-downlink/veh-001/response bytes=102432 forwarded=1
1787008258.893385 publish topic=edge4av/airspan-tdd-downlink-location_3/raw-downlink/veh-001/request bytes=28 forwarded=1
1787008258.895294 publish topic=edge4av/airspan-tdd-downlink-location_3/raw-downlink/veh-001/response bytes=102432 forwarded=1
1787008259.143637 publish topic=edge4av/airspan-tdd-downlink-location_3/raw-downlink/veh-001/request bytes=28 forwarded=1
1787008259.145218 publish topic=edge4av/airspan-tdd-downlink-location_3/raw-downlink/veh-001/response bytes=102432 forwarded=1
1787008259.383859 publish topic=edge4av/airspan-tdd-downlink-location_3/raw-downlink/veh-001/request bytes=28 forwarded=1
1787008259.384671 publish topic=edge4av/airspan-tdd-downlink-location_3/raw-downlink/veh-001/response bytes=102432 forwarded=1
1787008259.624439 publish topic=edge4av/airspan-tdd-downlink-location_3/raw-downlink/veh-001/request bytes=28 forwarded=1
1787008259.625949 publish topic=edge4av/airspan-tdd-downlink-location_3/raw-downlink/veh-001/response bytes=102432 forwarded=1
1787008259.874861 publish topic=edge4av/airspan-tdd-downlink-location_3/raw-downlink/veh-001/request bytes=28 forwarded=1
1787008259.876347 publish topic=edge4av/airspan-tdd-downlink-location_3/raw-downlink/veh-001/response bytes=102432 forwarded=1
1787008260.125030 publish topic=edge4av/airspan-tdd-downlink-location_3/raw-downlink/veh-001/request bytes=28 forwarded=1
1787008260.126499 publish topic=edge4av/airspan-tdd-downlink-location_3/raw-downlink/veh-001/response bytes=102432 forwarded=1
1787008260.365267 publish topic=edge4av/airspan-tdd-downlink-location_3/raw-downlink/veh-001/request bytes=28 forwarded=1
1787008260.367215 publish topic=edge4av/airspan-tdd-downlink-location_3/raw-downlink/veh-001/response bytes=102432 forwarded=1
1787008260.625749 publish topic=edge4av/airspan-tdd-downlink-location_3/raw-downlink/veh-001/request bytes=28 forwarded=1
1787008260.627452 publish topic=edge4av/airspan-tdd-downlink-location_3/raw-downlink/veh-001/response bytes=102432 forwarded=1
1787008260.855777 publish topic=edge4av/airspan-tdd-downlink-location_3/raw-downlink/veh-001/request bytes=28 forwarded=1
1787008260.857277 publish topic=edge4av/airspan-tdd-downlink-location_3/raw-downlink/veh-001/response bytes=102432 forwarded=1
1787008261.086335 publish topic=edge4av/airspan-tdd-downlink-location_3/raw-downlink/veh-001/request bytes=28 forwarded=1
1787008261.087438 publish topic=edge4av/airspan-tdd-downlink-location_3/raw-downlink/veh-001/response bytes=102432 forwarded=1
1787008261.316685 publish topic=edge4av/airspan-tdd-downlink-location_3/raw-downlink/veh-001/request bytes=28 forwarded=1
1787008261.318142 publish topic=edge4av/airspan-tdd-downlink-location_3/raw-downlink/veh-001/response bytes=102432 forwarded=1
1787008261.546905 publish topic=edge4av/airspan-tdd-downlink-location_3/raw-downlink/veh-001/request bytes=28 forwarded=1
1787008261.548682 publish topic=edge4av/airspan-tdd-downlink-location_3/raw-downlink/veh-001/response bytes=102432 forwarded=1
1787008261.797275 publish topic=edge4av/airspan-tdd-downlink-location_3/raw-downlink/veh-001/request bytes=28 forwarded=1
1787008261.799032 publish topic=edge4av/airspan-tdd-downlink-location_3/raw-downlink/veh-001/response bytes=102432 forwarded=1
1787008262.057656 publish topic=edge4av/airspan-tdd-downlink-location_3/raw-downlink/veh-001/request bytes=28 forwarded=1
1787008262.058303 publish topic=edge4av/airspan-tdd-downlink-location_3/raw-downlink/veh-001/response bytes=102432 forwarded=1
1787008262.298096 publish topic=edge4av/airspan-tdd-downlink-location_3/raw-downlink/veh-001/request bytes=28 forwarded=1
1787008262.299806 publish topic=edge4av/airspan-tdd-downlink-location_3/raw-downlink/veh-001/response bytes=102432 forwarded=1
1787008262.538265 publish topic=edge4av/airspan-tdd-downlink-location_3/raw-downlink/veh-001/request bytes=28 forwarded=1
1787008262.539761 publish topic=edge4av/airspan-tdd-downlink-location_3/raw-downlink/veh-001/response bytes=102432 forwarded=1
1787008262.778383 publish topic=edge4av/airspan-tdd-downlink-location_3/raw-downlink/veh-001/request bytes=28 forwarded=1
1787008262.779309 publish topic=edge4av/airspan-tdd-downlink-location_3/raw-downlink/veh-001/response bytes=102432 forwarded=1
1787008263.008928 publish topic=edge4av/airspan-tdd-downlink-location_3/raw-downlink/veh-001/request bytes=28 forwarded=1
1787008263.010865 publish topic=edge4av/airspan-tdd-downlink-location_3/raw-downlink/veh-001/response bytes=102432 forwarded=1
1787008263.248907 publish topic=edge4av/airspan-tdd-downlink-location_3/raw-downlink/veh-001/request bytes=28 forwarded=1
1787008263.249457 publish topic=edge4av/airspan-tdd-downlink-location_3/raw-downlink/veh-001/response bytes=102432 forwarded=1
1787008263.509534 publish topic=edge4av/airspan-tdd-downlink-location_3/raw-downlink/veh-001/request bytes=28 forwarded=1
1787008263.511046 publish topic=edge4av/airspan-tdd-downlink-location_3/raw-downlink/veh-001/response bytes=102432 forwarded=1
1787008263.760057 publish topic=edge4av/airspan-tdd-downlink-location_3/raw-downlink/veh-001/request bytes=28 forwarded=1
1787008263.761595 publish topic=edge4av/airspan-tdd-downlink-location_3/raw-downlink/veh-001/response bytes=102432 forwarded=1
1787008264.000345 publish topic=edge4av/airspan-tdd-downlink-location_3/raw-downlink/veh-001/request bytes=28 forwarded=1
1787008264.001884 publish topic=edge4av/airspan-tdd-downlink-location_3/raw-downlink/veh-001/response bytes=102432 forwarded=1
1787008264.270330 publish topic=edge4av/airspan-tdd-downlink-location_3/raw-downlink/veh-001/request bytes=28 forwarded=1
1787008264.271983 publish topic=edge4av/airspan-tdd-downlink-location_3/raw-downlink/veh-001/response bytes=102432 forwarded=1
1787008264.521018 publish topic=edge4av/airspan-tdd-downlink-location_3/raw-downlink/veh-001/request bytes=28 forwarded=1
1787008264.522703 publish topic=edge4av/airspan-tdd-downlink-location_3/raw-downlink/veh-001/response bytes=102432 forwarded=1
1787008264.771422 publish topic=edge4av/airspan-tdd-downlink-location_3/raw-downlink/veh-001/request bytes=28 forwarded=1
1787008264.773108 publish topic=edge4av/airspan-tdd-downlink-location_3/raw-downlink/veh-001/response bytes=102432 forwarded=1
1787008265.021473 publish topic=edge4av/airspan-tdd-downlink-location_3/raw-downlink/veh-001/request bytes=28 forwarded=1
1787008265.021969 publish topic=edge4av/airspan-tdd-downlink-location_3/raw-downlink/veh-001/response bytes=102432 forwarded=1
1787008265.272091 publish topic=edge4av/airspan-tdd-downlink-location_3/raw-downlink/veh-001/request bytes=28 forwarded=1
1787008265.273601 publish topic=edge4av/airspan-tdd-downlink-location_3/raw-downlink/veh-001/response bytes=102432 forwarded=1
1787008265.542249 publish topic=edge4av/airspan-tdd-downlink-location_3/raw-downlink/veh-001/request bytes=28 forwarded=1
1787008265.544173 publish topic=edge4av/airspan-tdd-downlink-location_3/raw-downlink/veh-001/response bytes=102432 forwarded=1
1787008265.782782 publish topic=edge4av/airspan-tdd-downlink-location_3/raw-downlink/veh-001/request bytes=28 forwarded=1
1787008265.784463 publish topic=edge4av/airspan-tdd-downlink-location_3/raw-downlink/veh-001/response bytes=102432 forwarded=1
1787008266.023241 publish topic=edge4av/airspan-tdd-downlink-location_3/raw-downlink/veh-001/request bytes=28 forwarded=1
1787008266.025008 publish topic=edge4av/airspan-tdd-downlink-location_3/raw-downlink/veh-001/response bytes=102432 forwarded=1
1787008266.283323 publish topic=edge4av/airspan-tdd-downlink-location_3/raw-downlink/veh-001/request bytes=28 forwarded=1
1787008266.283861 publish topic=edge4av/airspan-tdd-downlink-location_3/raw-downlink/veh-001/response bytes=102432 forwarded=1
1787008266.513890 publish topic=edge4av/airspan-tdd-downlink-location_3/raw-downlink/veh-001/request bytes=28 forwarded=1
1787008266.515379 publish topic=edge4av/airspan-tdd-downlink-location_3/raw-downlink/veh-001/response bytes=102432 forwarded=1
1787008266.743761 publish topic=edge4av/airspan-tdd-downlink-location_3/raw-downlink/veh-001/request bytes=28 forwarded=1
1787008266.744658 publish topic=edge4av/airspan-tdd-downlink-location_3/raw-downlink/veh-001/response bytes=102432 forwarded=1
1787008266.974223 publish topic=edge4av/airspan-tdd-downlink-location_3/raw-downlink/veh-001/request bytes=28 forwarded=1
1787008266.975950 publish topic=edge4av/airspan-tdd-downlink-location_3/raw-downlink/veh-001/response bytes=102432 forwarded=1
1787008267.204428 publish topic=edge4av/airspan-tdd-downlink-location_3/raw-downlink/veh-001/request bytes=28 forwarded=1
1787008267.204950 publish topic=edge4av/airspan-tdd-downlink-location_3/raw-downlink/veh-001/response bytes=102432 forwarded=1
1787008267.434991 publish topic=edge4av/airspan-tdd-downlink-location_3/raw-downlink/veh-001/request bytes=28 forwarded=1
1787008267.436752 publish topic=edge4av/airspan-tdd-downlink-location_3/raw-downlink/veh-001/response bytes=102432 forwarded=1
1787008267.705250 publish topic=edge4av/airspan-tdd-downlink-location_3/raw-downlink/veh-001/request bytes=28 forwarded=1
1787008267.706742 publish topic=edge4av/airspan-tdd-downlink-location_3/raw-downlink/veh-001/response bytes=102432 forwarded=1
1787008267.935279 publish topic=edge4av/airspan-tdd-downlink-location_3/raw-downlink/veh-001/request bytes=28 forwarded=1
1787008267.935900 publish topic=edge4av/airspan-tdd-downlink-location_3/raw-downlink/veh-001/response bytes=102432 forwarded=1
1787008268.165663 publish topic=edge4av/airspan-tdd-downlink-location_3/raw-downlink/veh-001/request bytes=28 forwarded=1
1787008268.167343 publish topic=edge4av/airspan-tdd-downlink-location_3/raw-downlink/veh-001/response bytes=102432 forwarded=1
1787008268.406089 publish topic=edge4av/airspan-tdd-downlink-location_3/raw-downlink/veh-001/request bytes=28 forwarded=1
1787008268.407928 publish topic=edge4av/airspan-tdd-downlink-location_3/raw-downlink/veh-001/response bytes=102432 forwarded=1
1787008268.676578 publish topic=edge4av/airspan-tdd-downlink-location_3/raw-downlink/veh-001/request bytes=28 forwarded=1
1787008268.678335 publish topic=edge4av/airspan-tdd-downlink-location_3/raw-downlink/veh-001/response bytes=102432 forwarded=1
1787008268.916775 publish topic=edge4av/airspan-tdd-downlink-location_3/raw-downlink/veh-001/request bytes=28 forwarded=1
1787008268.919304 publish topic=edge4av/airspan-tdd-downlink-location_3/raw-downlink/veh-001/response bytes=102432 forwarded=1
1787008269.157173 publish topic=edge4av/airspan-tdd-downlink-location_3/raw-downlink/veh-001/request bytes=28 forwarded=1
1787008269.158636 publish topic=edge4av/airspan-tdd-downlink-location_3/raw-downlink/veh-001/response bytes=102432 forwarded=1
1787008269.397377 publish topic=edge4av/airspan-tdd-downlink-location_3/raw-downlink/veh-001/request bytes=28 forwarded=1
1787008269.398882 publish topic=edge4av/airspan-tdd-downlink-location_3/raw-downlink/veh-001/response bytes=102432 forwarded=1
1787008269.637799 publish topic=edge4av/airspan-tdd-downlink-location_3/raw-downlink/veh-001/request bytes=28 forwarded=1
1787008269.638763 publish topic=edge4av/airspan-tdd-downlink-location_3/raw-downlink/veh-001/response bytes=102432 forwarded=1
1787008269.878006 publish topic=edge4av/airspan-tdd-downlink-location_3/raw-downlink/veh-001/request bytes=28 forwarded=1
1787008269.879548 publish topic=edge4av/airspan-tdd-downlink-location_3/raw-downlink/veh-001/response bytes=102432 forwarded=1
1787008270.118279 publish topic=edge4av/airspan-tdd-downlink-location_3/raw-downlink/veh-001/request bytes=28 forwarded=1
1787008270.119383 publish topic=edge4av/airspan-tdd-downlink-location_3/raw-downlink/veh-001/response bytes=102432 forwarded=1
1787008270.348614 publish topic=edge4av/airspan-tdd-downlink-location_3/raw-downlink/veh-001/request bytes=28 forwarded=1
1787008270.349168 publish topic=edge4av/airspan-tdd-downlink-location_3/raw-downlink/veh-001/response bytes=102432 forwarded=1
1787008270.589033 publish topic=edge4av/airspan-tdd-downlink-location_3/raw-downlink/veh-001/request bytes=28 forwarded=1
1787008270.589613 publish topic=edge4av/airspan-tdd-downlink-location_3/raw-downlink/veh-001/response bytes=102432 forwarded=1
1787008270.849440 publish topic=edge4av/airspan-tdd-downlink-location_3/raw-downlink/veh-001/request bytes=28 forwarded=1
1787008270.851163 publish topic=edge4av/airspan-tdd-downlink-location_3/raw-downlink/veh-001/response bytes=102432 forwarded=1
1787008271.089834 publish topic=edge4av/airspan-tdd-downlink-location_3/raw-downlink/veh-001/request bytes=28 forwarded=1
1787008271.091680 publish topic=edge4av/airspan-tdd-downlink-location_3/raw-downlink/veh-001/response bytes=102432 forwarded=1
1787008271.330104 publish topic=edge4av/airspan-tdd-downlink-location_3/raw-downlink/veh-001/request bytes=28 forwarded=1
1787008271.330872 publish topic=edge4av/airspan-tdd-downlink-location_3/raw-downlink/veh-001/response bytes=102432 forwarded=1
1787008271.570689 publish topic=edge4av/airspan-tdd-downlink-location_3/raw-downlink/veh-001/request bytes=28 forwarded=1
1787008271.572165 publish topic=edge4av/airspan-tdd-downlink-location_3/raw-downlink/veh-001/response bytes=102432 forwarded=1
1787008271.831072 publish topic=edge4av/airspan-tdd-downlink-location_3/raw-downlink/veh-001/request bytes=28 forwarded=1
1787008271.832562 publish topic=edge4av/airspan-tdd-downlink-location_3/raw-downlink/veh-001/response bytes=102432 forwarded=1
1787008272.071404 publish topic=edge4av/airspan-tdd-downlink-location_3/raw-downlink/veh-001/request bytes=28 forwarded=1
1787008272.072938 publish topic=edge4av/airspan-tdd-downlink-location_3/raw-downlink/veh-001/response bytes=102432 forwarded=1
1787008272.311494 publish topic=edge4av/airspan-tdd-downlink-location_3/raw-downlink/veh-001/request bytes=28 forwarded=1
1787008272.313162 publish topic=edge4av/airspan-tdd-downlink-location_3/raw-downlink/veh-001/response bytes=102432 forwarded=1
1787008272.551769 publish topic=edge4av/airspan-tdd-downlink-location_3/raw-downlink/veh-001/request bytes=28 forwarded=1
1787008272.553337 publish topic=edge4av/airspan-tdd-downlink-location_3/raw-downlink/veh-001/response bytes=102432 forwarded=1
1787008272.822402 publish topic=edge4av/airspan-tdd-downlink-location_3/raw-downlink/veh-001/request bytes=28 forwarded=1
1787008272.824058 publish topic=edge4av/airspan-tdd-downlink-location_3/raw-downlink/veh-001/response bytes=102432 forwarded=1
1787008273.092667 publish topic=edge4av/airspan-tdd-downlink-location_3/raw-downlink/veh-001/request bytes=28 forwarded=1
1787008273.094118 publish topic=edge4av/airspan-tdd-downlink-location_3/raw-downlink/veh-001/response bytes=102432 forwarded=1
1787008273.332837 publish topic=edge4av/airspan-tdd-downlink-location_3/raw-downlink/veh-001/request bytes=28 forwarded=1
1787008273.334447 publish topic=edge4av/airspan-tdd-downlink-location_3/raw-downlink/veh-001/response bytes=102432 forwarded=1
1787008273.593094 publish topic=edge4av/airspan-tdd-downlink-location_3/raw-downlink/veh-001/request bytes=28 forwarded=1
1787008273.594098 publish topic=edge4av/airspan-tdd-downlink-location_3/raw-downlink/veh-001/response bytes=102432 forwarded=1
1787008273.823708 publish topic=edge4av/airspan-tdd-downlink-location_3/raw-downlink/veh-001/request bytes=28 forwarded=1
1787008273.825464 publish topic=edge4av/airspan-tdd-downlink-location_3/raw-downlink/veh-001/response bytes=102432 forwarded=1
1787008274.054036 publish topic=edge4av/airspan-tdd-downlink-location_3/raw-downlink/veh-001/request bytes=28 forwarded=1
1787008274.055730 publish topic=edge4av/airspan-tdd-downlink-location_3/raw-downlink/veh-001/response bytes=102432 forwarded=1
1787008274.284208 publish topic=edge4av/airspan-tdd-downlink-location_3/raw-downlink/veh-001/request bytes=28 forwarded=1
1787008274.285702 publish topic=edge4av/airspan-tdd-downlink-location_3/raw-downlink/veh-001/response bytes=102432 forwarded=1
1787008274.524455 publish topic=edge4av/airspan-tdd-downlink-location_3/raw-downlink/veh-001/request bytes=28 forwarded=1
1787008274.525924 publish topic=edge4av/airspan-tdd-downlink-location_3/raw-downlink/veh-001/response bytes=102432 forwarded=1
1787008274.774521 publish topic=edge4av/airspan-tdd-downlink-location_3/raw-downlink/veh-001/request bytes=28 forwarded=1
1787008274.775062 publish topic=edge4av/airspan-tdd-downlink-location_3/raw-downlink/veh-001/response bytes=102432 forwarded=1
1787008275.024911 publish topic=edge4av/airspan-tdd-downlink-location_3/raw-downlink/veh-001/request bytes=28 forwarded=1
1787008275.026306 publish topic=edge4av/airspan-tdd-downlink-location_3/raw-downlink/veh-001/response bytes=102432 forwarded=1
1787008275.275331 publish topic=edge4av/airspan-tdd-downlink-location_3/raw-downlink/veh-001/request bytes=28 forwarded=1
1787008275.277057 publish topic=edge4av/airspan-tdd-downlink-location_3/raw-downlink/veh-001/response bytes=102432 forwarded=1
1787008275.535871 publish topic=edge4av/airspan-tdd-downlink-location_3/raw-downlink/veh-001/request bytes=28 forwarded=1
1787008275.537475 publish topic=edge4av/airspan-tdd-downlink-location_3/raw-downlink/veh-001/response bytes=102432 forwarded=1
1787008275.766197 publish topic=edge4av/airspan-tdd-downlink-location_3/raw-downlink/veh-001/request bytes=28 forwarded=1
1787008275.766953 publish topic=edge4av/airspan-tdd-downlink-location_3/raw-downlink/veh-001/response bytes=102432 forwarded=1
1787008275.996656 publish topic=edge4av/airspan-tdd-downlink-location_3/raw-downlink/veh-001/request bytes=28 forwarded=1
1787008275.998070 publish topic=edge4av/airspan-tdd-downlink-location_3/raw-downlink/veh-001/response bytes=102432 forwarded=1
1787008276.256980 publish topic=edge4av/airspan-tdd-downlink-location_3/raw-downlink/veh-001/request bytes=28 forwarded=1
1787008276.258658 publish topic=edge4av/airspan-tdd-downlink-location_3/raw-downlink/veh-001/response bytes=102432 forwarded=1
1787008276.527290 publish topic=edge4av/airspan-tdd-downlink-location_3/raw-downlink/veh-001/request bytes=28 forwarded=1
1787008276.528915 publish topic=edge4av/airspan-tdd-downlink-location_3/raw-downlink/veh-001/response bytes=102432 forwarded=1
1787008276.767618 publish topic=edge4av/airspan-tdd-downlink-location_3/raw-downlink/veh-001/request bytes=28 forwarded=1
1787008276.769269 publish topic=edge4av/airspan-tdd-downlink-location_3/raw-downlink/veh-001/response bytes=102432 forwarded=1
1787008277.007763 publish topic=edge4av/airspan-tdd-downlink-location_3/raw-downlink/veh-001/request bytes=28 forwarded=1
1787008277.008322 publish topic=edge4av/airspan-tdd-downlink-location_3/raw-downlink/veh-001/response bytes=102432 forwarded=1
1787008277.288258 publish topic=edge4av/airspan-tdd-downlink-location_3/raw-downlink/veh-001/request bytes=28 forwarded=1
1787008277.289753 publish topic=edge4av/airspan-tdd-downlink-location_3/raw-downlink/veh-001/response bytes=102432 forwarded=1
1787008277.558602 publish topic=edge4av/airspan-tdd-downlink-location_3/raw-downlink/veh-001/request bytes=28 forwarded=1
1787008277.559145 publish topic=edge4av/airspan-tdd-downlink-location_3/raw-downlink/veh-001/response bytes=102432 forwarded=1
1787008277.788997 publish topic=edge4av/airspan-tdd-downlink-location_3/raw-downlink/veh-001/request bytes=28 forwarded=1
1787008277.790677 publish topic=edge4av/airspan-tdd-downlink-location_3/raw-downlink/veh-001/response bytes=102432 forwarded=1
1787008278.029472 publish topic=edge4av/airspan-tdd-downlink-location_3/raw-downlink/veh-001/request bytes=28 forwarded=1
1787008278.030958 publish topic=edge4av/airspan-tdd-downlink-location_3/raw-downlink/veh-001/response bytes=102432 forwarded=1
1787008278.289599 publish topic=edge4av/airspan-tdd-downlink-location_3/raw-downlink/veh-001/request bytes=28 forwarded=1
1787008278.291349 publish topic=edge4av/airspan-tdd-downlink-location_3/raw-downlink/veh-001/response bytes=102432 forwarded=1
1787008278.530202 publish topic=edge4av/airspan-tdd-downlink-location_3/raw-downlink/veh-001/request bytes=28 forwarded=1
1787008278.531679 publish topic=edge4av/airspan-tdd-downlink-location_3/raw-downlink/veh-001/response bytes=102432 forwarded=1
1787008278.770414 publish topic=edge4av/airspan-tdd-downlink-location_3/raw-downlink/veh-001/request bytes=28 forwarded=1
1787008278.771919 publish topic=edge4av/airspan-tdd-downlink-location_3/raw-downlink/veh-001/response bytes=102432 forwarded=1
1787008279.010823 publish topic=edge4av/airspan-tdd-downlink-location_3/raw-downlink/veh-001/request bytes=28 forwarded=1
1787008279.012542 publish topic=edge4av/airspan-tdd-downlink-location_3/raw-downlink/veh-001/response bytes=102432 forwarded=1
1787008279.271367 publish topic=edge4av/airspan-tdd-downlink-location_3/raw-downlink/veh-001/request bytes=28 forwarded=1
1787008279.272342 publish topic=edge4av/airspan-tdd-downlink-location_3/raw-downlink/veh-001/response bytes=102432 forwarded=1
1787008279.511218 publish topic=edge4av/airspan-tdd-downlink-location_3/raw-downlink/veh-001/request bytes=28 forwarded=1
1787008279.512934 publish topic=edge4av/airspan-tdd-downlink-location_3/raw-downlink/veh-001/response bytes=102432 forwarded=1
1787008279.761799 publish topic=edge4av/airspan-tdd-downlink-location_3/raw-downlink/veh-001/request bytes=28 forwarded=1
1787008279.763308 publish topic=edge4av/airspan-tdd-downlink-location_3/raw-downlink/veh-001/response bytes=102432 forwarded=1
1787008280.021782 publish topic=edge4av/airspan-tdd-downlink-location_3/raw-downlink/veh-001/request bytes=28 forwarded=1
1787008280.023242 publish topic=edge4av/airspan-tdd-downlink-location_3/raw-downlink/veh-001/response bytes=102432 forwarded=1
1787008280.262408 publish topic=edge4av/airspan-tdd-downlink-location_3/raw-downlink/veh-001/request bytes=28 forwarded=1
1787008280.263916 publish topic=edge4av/airspan-tdd-downlink-location_3/raw-downlink/veh-001/response bytes=102432 forwarded=1
1787008280.502691 publish topic=edge4av/airspan-tdd-downlink-location_3/raw-downlink/veh-001/request bytes=28 forwarded=1
1787008280.504365 publish topic=edge4av/airspan-tdd-downlink-location_3/raw-downlink/veh-001/response bytes=102432 forwarded=1
1787008280.742870 publish topic=edge4av/airspan-tdd-downlink-location_3/raw-downlink/veh-001/request bytes=28 forwarded=1
1787008280.744586 publish topic=edge4av/airspan-tdd-downlink-location_3/raw-downlink/veh-001/response bytes=102432 forwarded=1
1787008280.983144 publish topic=edge4av/airspan-tdd-downlink-location_3/raw-downlink/veh-001/request bytes=28 forwarded=1
1787008280.983715 publish topic=edge4av/airspan-tdd-downlink-location_3/raw-downlink/veh-001/response bytes=102432 forwarded=1
1787008281.233504 publish topic=edge4av/airspan-tdd-downlink-location_3/raw-downlink/veh-001/request bytes=28 forwarded=1
1787008281.234861 publish topic=edge4av/airspan-tdd-downlink-location_3/raw-downlink/veh-001/response bytes=102432 forwarded=1
1787008281.503796 publish topic=edge4av/airspan-tdd-downlink-location_3/raw-downlink/veh-001/request bytes=28 forwarded=1
1787008281.506281 publish topic=edge4av/airspan-tdd-downlink-location_3/raw-downlink/veh-001/response bytes=102432 forwarded=1
1787008281.774287 publish topic=edge4av/airspan-tdd-downlink-location_3/raw-downlink/veh-001/request bytes=28 forwarded=1
1787008281.776034 publish topic=edge4av/airspan-tdd-downlink-location_3/raw-downlink/veh-001/response bytes=102432 forwarded=1
1787008282.014827 publish topic=edge4av/airspan-tdd-downlink-location_3/raw-downlink/veh-001/request bytes=28 forwarded=1
1787008282.016490 publish topic=edge4av/airspan-tdd-downlink-location_3/raw-downlink/veh-001/response bytes=102432 forwarded=1
1787008282.275020 publish topic=edge4av/airspan-tdd-downlink-location_3/raw-downlink/veh-001/request bytes=28 forwarded=1
1787008282.276731 publish topic=edge4av/airspan-tdd-downlink-location_3/raw-downlink/veh-001/response bytes=102432 forwarded=1
1787008282.515283 publish topic=edge4av/airspan-tdd-downlink-location_3/raw-downlink/veh-001/request bytes=28 forwarded=1
1787008282.516750 publish topic=edge4av/airspan-tdd-downlink-location_3/raw-downlink/veh-001/response bytes=102432 forwarded=1
1787008282.775904 publish topic=edge4av/airspan-tdd-downlink-location_3/raw-downlink/veh-001/request bytes=28 forwarded=1
1787008282.777411 publish topic=edge4av/airspan-tdd-downlink-location_3/raw-downlink/veh-001/response bytes=102432 forwarded=1
1787008283.006080 publish topic=edge4av/airspan-tdd-downlink-location_3/raw-downlink/veh-001/request bytes=28 forwarded=1
1787008283.007538 publish topic=edge4av/airspan-tdd-downlink-location_3/raw-downlink/veh-001/response bytes=102432 forwarded=1
1787008283.236070 publish topic=edge4av/airspan-tdd-downlink-location_3/raw-downlink/veh-001/request bytes=28 forwarded=1
1787008283.237023 publish topic=edge4av/airspan-tdd-downlink-location_3/raw-downlink/veh-001/response bytes=102432 forwarded=1
1787008283.466334 publish topic=edge4av/airspan-tdd-downlink-location_3/raw-downlink/veh-001/request bytes=28 forwarded=1
1787008283.467843 publish topic=edge4av/airspan-tdd-downlink-location_3/raw-downlink/veh-001/response bytes=102432 forwarded=1
1787008283.696903 publish topic=edge4av/airspan-tdd-downlink-location_3/raw-downlink/veh-001/request bytes=28 forwarded=1
1787008283.698544 publish topic=edge4av/airspan-tdd-downlink-location_3/raw-downlink/veh-001/response bytes=102432 forwarded=1
1787008283.937140 publish topic=edge4av/airspan-tdd-downlink-location_3/raw-downlink/veh-001/request bytes=28 forwarded=1
1787008283.938596 publish topic=edge4av/airspan-tdd-downlink-location_3/raw-downlink/veh-001/response bytes=102432 forwarded=1
1787008284.197471 publish topic=edge4av/airspan-tdd-downlink-location_3/raw-downlink/veh-001/request bytes=28 forwarded=1
1787008284.198358 publish topic=edge4av/airspan-tdd-downlink-location_3/raw-downlink/veh-001/response bytes=102432 forwarded=1
1787008284.467835 publish topic=edge4av/airspan-tdd-downlink-location_3/raw-downlink/veh-001/request bytes=28 forwarded=1
1787008284.469523 publish topic=edge4av/airspan-tdd-downlink-location_3/raw-downlink/veh-001/response bytes=102432 forwarded=1
1787008284.708167 publish topic=edge4av/airspan-tdd-downlink-location_3/raw-downlink/veh-001/request bytes=28 forwarded=1
1787008284.709817 publish topic=edge4av/airspan-tdd-downlink-location_3/raw-downlink/veh-001/response bytes=102432 forwarded=1
1787008284.948357 publish topic=edge4av/airspan-tdd-downlink-location_3/raw-downlink/veh-001/request bytes=28 forwarded=1
1787008284.949036 publish topic=edge4av/airspan-tdd-downlink-location_3/raw-downlink/veh-001/response bytes=102432 forwarded=1
1787008285.208953 publish topic=edge4av/airspan-tdd-downlink-location_3/raw-downlink/veh-001/request bytes=28 forwarded=1
1787008285.209823 publish topic=edge4av/airspan-tdd-downlink-location_3/raw-downlink/veh-001/response bytes=102432 forwarded=1
1787008285.449061 publish topic=edge4av/airspan-tdd-downlink-location_3/raw-downlink/veh-001/request bytes=28 forwarded=1
1787008285.450537 publish topic=edge4av/airspan-tdd-downlink-location_3/raw-downlink/veh-001/response bytes=102432 forwarded=1
1787008285.699703 publish topic=edge4av/airspan-tdd-downlink-location_3/raw-downlink/veh-001/request bytes=28 forwarded=1
1787008285.701211 publish topic=edge4av/airspan-tdd-downlink-location_3/raw-downlink/veh-001/response bytes=102432 forwarded=1
1787008285.969915 publish topic=edge4av/airspan-tdd-downlink-location_3/raw-downlink/veh-001/request bytes=28 forwarded=1
1787008285.971483 publish topic=edge4av/airspan-tdd-downlink-location_3/raw-downlink/veh-001/response bytes=102432 forwarded=1
1787008286.210205 publish topic=edge4av/airspan-tdd-downlink-location_3/raw-downlink/veh-001/request bytes=28 forwarded=1
1787008286.210798 publish topic=edge4av/airspan-tdd-downlink-location_3/raw-downlink/veh-001/response bytes=102432 forwarded=1
1787008286.470618 publish topic=edge4av/airspan-tdd-downlink-location_3/raw-downlink/veh-001/request bytes=28 forwarded=1
1787008286.472133 publish topic=edge4av/airspan-tdd-downlink-location_3/raw-downlink/veh-001/response bytes=102432 forwarded=1
1787008286.711097 publish topic=edge4av/airspan-tdd-downlink-location_3/raw-downlink/veh-001/request bytes=28 forwarded=1
1787008286.712557 publish topic=edge4av/airspan-tdd-downlink-location_3/raw-downlink/veh-001/response bytes=102432 forwarded=1
1787008286.971203 publish topic=edge4av/airspan-tdd-downlink-location_3/raw-downlink/veh-001/request bytes=28 forwarded=1
1787008286.972563 publish topic=edge4av/airspan-tdd-downlink-location_3/raw-downlink/veh-001/response bytes=102432 forwarded=1
1787008287.211500 publish topic=edge4av/airspan-tdd-downlink-location_3/raw-downlink/veh-001/request bytes=28 forwarded=1
1787008287.212903 publish topic=edge4av/airspan-tdd-downlink-location_3/raw-downlink/veh-001/response bytes=102432 forwarded=1
1787008287.472022 publish topic=edge4av/airspan-tdd-downlink-location_3/raw-downlink/veh-001/request bytes=28 forwarded=1
1787008287.473628 publish topic=edge4av/airspan-tdd-downlink-location_3/raw-downlink/veh-001/response bytes=102432 forwarded=1
1787008287.742545 publish topic=edge4av/airspan-tdd-downlink-location_3/raw-downlink/veh-001/request bytes=28 forwarded=1
1787008287.745369 publish topic=edge4av/airspan-tdd-downlink-location_3/raw-downlink/veh-001/response bytes=102432 forwarded=1
1787008288.012974 publish topic=edge4av/airspan-tdd-downlink-location_3/raw-downlink/veh-001/request bytes=28 forwarded=1
1787008288.014425 publish topic=edge4av/airspan-tdd-downlink-location_3/raw-downlink/veh-001/response bytes=102432 forwarded=1
1787008288.253244 publish topic=edge4av/airspan-tdd-downlink-location_3/raw-downlink/veh-001/request bytes=28 forwarded=1
1787008288.254718 publish topic=edge4av/airspan-tdd-downlink-location_3/raw-downlink/veh-001/response bytes=102432 forwarded=1
1787008288.503344 publish topic=edge4av/airspan-tdd-downlink-location_3/raw-downlink/veh-001/request bytes=28 forwarded=1
1787008288.503774 publish topic=edge4av/airspan-tdd-downlink-location_3/raw-downlink/veh-001/response bytes=102432 forwarded=1
1787008288.734021 publish topic=edge4av/airspan-tdd-downlink-location_3/raw-downlink/veh-001/request bytes=28 forwarded=1
1787008288.735826 publish topic=edge4av/airspan-tdd-downlink-location_3/raw-downlink/veh-001/response bytes=102432 forwarded=1
1787008288.983835 publish topic=edge4av/airspan-tdd-downlink-location_3/raw-downlink/veh-001/request bytes=28 forwarded=1
1787008288.984502 publish topic=edge4av/airspan-tdd-downlink-location_3/raw-downlink/veh-001/response bytes=102432 forwarded=1
1787008289.214409 publish topic=edge4av/airspan-tdd-downlink-location_3/raw-downlink/veh-001/request bytes=28 forwarded=1
1787008289.216047 publish topic=edge4av/airspan-tdd-downlink-location_3/raw-downlink/veh-001/response bytes=102432 forwarded=1
1787008289.444625 publish topic=edge4av/airspan-tdd-downlink-location_3/raw-downlink/veh-001/request bytes=28 forwarded=1
1787008289.446117 publish topic=edge4av/airspan-tdd-downlink-location_3/raw-downlink/veh-001/response bytes=102432 forwarded=1
1787008289.675107 publish topic=edge4av/airspan-tdd-downlink-location_3/raw-downlink/veh-001/request bytes=28 forwarded=1
1787008289.676575 publish topic=edge4av/airspan-tdd-downlink-location_3/raw-downlink/veh-001/response bytes=102432 forwarded=1
1787008289.935383 publish topic=edge4av/airspan-tdd-downlink-location_3/raw-downlink/veh-001/request bytes=28 forwarded=1
1787008289.937187 publish topic=edge4av/airspan-tdd-downlink-location_3/raw-downlink/veh-001/response bytes=102432 forwarded=1
1787008290.165526 publish topic=edge4av/airspan-tdd-downlink-location_3/raw-downlink/veh-001/request bytes=28 forwarded=1
1787008290.167283 publish topic=edge4av/airspan-tdd-downlink-location_3/raw-downlink/veh-001/response bytes=102432 forwarded=1
1787008290.396081 publish topic=edge4av/airspan-tdd-downlink-location_3/raw-downlink/veh-001/request bytes=28 forwarded=1
1787008290.397755 publish topic=edge4av/airspan-tdd-downlink-location_3/raw-downlink/veh-001/response bytes=102432 forwarded=1
1787008290.626040 publish topic=edge4av/airspan-tdd-downlink-location_3/raw-downlink/veh-001/request bytes=28 forwarded=1
1787008290.626618 publish topic=edge4av/airspan-tdd-downlink-location_3/raw-downlink/veh-001/response bytes=102432 forwarded=1
1787008290.856265 publish topic=edge4av/airspan-tdd-downlink-location_3/raw-downlink/veh-001/request bytes=28 forwarded=1
1787008290.856747 publish topic=edge4av/airspan-tdd-downlink-location_3/raw-downlink/veh-001/response bytes=102432 forwarded=1
1787008291.086682 publish topic=edge4av/airspan-tdd-downlink-location_3/raw-downlink/veh-001/request bytes=28 forwarded=1
1787008291.088320 publish topic=edge4av/airspan-tdd-downlink-location_3/raw-downlink/veh-001/response bytes=102432 forwarded=1
1787008291.337056 publish topic=edge4av/airspan-tdd-downlink-location_3/raw-downlink/veh-001/request bytes=28 forwarded=1
1787008291.338719 publish topic=edge4av/airspan-tdd-downlink-location_3/raw-downlink/veh-001/response bytes=102432 forwarded=1
1787008291.597554 publish topic=edge4av/airspan-tdd-downlink-location_3/raw-downlink/veh-001/request bytes=28 forwarded=1
1787008291.599083 publish topic=edge4av/airspan-tdd-downlink-location_3/raw-downlink/veh-001/response bytes=102432 forwarded=1
1787008291.857708 publish topic=edge4av/airspan-tdd-downlink-location_3/raw-downlink/veh-001/request bytes=28 forwarded=1
1787008291.859042 publish topic=edge4av/airspan-tdd-downlink-location_3/raw-downlink/veh-001/response bytes=102432 forwarded=1
1787008292.098261 publish topic=edge4av/airspan-tdd-downlink-location_3/raw-downlink/veh-001/request bytes=28 forwarded=1
1787008292.099760 publish topic=edge4av/airspan-tdd-downlink-location_3/raw-downlink/veh-001/response bytes=102432 forwarded=1
1787008292.328382 publish topic=edge4av/airspan-tdd-downlink-location_3/raw-downlink/veh-001/request bytes=28 forwarded=1
1787008292.329850 publish topic=edge4av/airspan-tdd-downlink-location_3/raw-downlink/veh-001/response bytes=102432 forwarded=1
1787008292.558776 publish topic=edge4av/airspan-tdd-downlink-location_3/raw-downlink/veh-001/request bytes=28 forwarded=1
1787008292.560438 publish topic=edge4av/airspan-tdd-downlink-location_3/raw-downlink/veh-001/response bytes=102432 forwarded=1
1787008292.799117 publish topic=edge4av/airspan-tdd-downlink-location_3/raw-downlink/veh-001/request bytes=28 forwarded=1
1787008292.800829 publish topic=edge4av/airspan-tdd-downlink-location_3/raw-downlink/veh-001/response bytes=102432 forwarded=1
1787008293.059642 publish topic=edge4av/airspan-tdd-downlink-location_3/raw-downlink/veh-001/request bytes=28 forwarded=1
1787008293.061400 publish topic=edge4av/airspan-tdd-downlink-location_3/raw-downlink/veh-001/response bytes=102432 forwarded=1
1787008293.299763 publish topic=edge4av/airspan-tdd-downlink-location_3/raw-downlink/veh-001/request bytes=28 forwarded=1
1787008293.301525 publish topic=edge4av/airspan-tdd-downlink-location_3/raw-downlink/veh-001/response bytes=102432 forwarded=1
1787008293.559970 publish topic=edge4av/airspan-tdd-downlink-location_3/raw-downlink/veh-001/request bytes=28 forwarded=1
1787008293.560445 publish topic=edge4av/airspan-tdd-downlink-location_3/raw-downlink/veh-001/response bytes=102432 forwarded=1
1787008293.800469 publish topic=edge4av/airspan-tdd-downlink-location_3/raw-downlink/veh-001/request bytes=28 forwarded=1
1787008293.801662 publish topic=edge4av/airspan-tdd-downlink-location_3/raw-downlink/veh-001/response bytes=102432 forwarded=1
1787008294.060711 publish topic=edge4av/airspan-tdd-downlink-location_3/raw-downlink/veh-001/request bytes=28 forwarded=1
1787008294.061505 publish topic=edge4av/airspan-tdd-downlink-location_3/raw-downlink/veh-001/response bytes=102432 forwarded=1
1787008294.301083 publish topic=edge4av/airspan-tdd-downlink-location_3/raw-downlink/veh-001/request bytes=28 forwarded=1
1787008294.302138 publish topic=edge4av/airspan-tdd-downlink-location_3/raw-downlink/veh-001/response bytes=102432 forwarded=1
1787008294.531540 publish topic=edge4av/airspan-tdd-downlink-location_3/raw-downlink/veh-001/request bytes=28 forwarded=1
1787008294.533602 publish topic=edge4av/airspan-tdd-downlink-location_3/raw-downlink/veh-001/response bytes=102432 forwarded=1
1787008294.782023 publish topic=edge4av/airspan-tdd-downlink-location_3/raw-downlink/veh-001/request bytes=28 forwarded=1
1787008294.783584 publish topic=edge4av/airspan-tdd-downlink-location_3/raw-downlink/veh-001/response bytes=102432 forwarded=1
1787008295.032342 publish topic=edge4av/airspan-tdd-downlink-location_3/raw-downlink/veh-001/request bytes=28 forwarded=1
1787008295.033933 publish topic=edge4av/airspan-tdd-downlink-location_3/raw-downlink/veh-001/response bytes=102432 forwarded=1
1787008295.272574 publish topic=edge4av/airspan-tdd-downlink-location_3/raw-downlink/veh-001/request bytes=28 forwarded=1
1787008295.274309 publish topic=edge4av/airspan-tdd-downlink-location_3/raw-downlink/veh-001/response bytes=102432 forwarded=1
1787008295.522829 publish topic=edge4av/airspan-tdd-downlink-location_3/raw-downlink/veh-001/request bytes=28 forwarded=1
1787008295.524552 publish topic=edge4av/airspan-tdd-downlink-location_3/raw-downlink/veh-001/response bytes=102432 forwarded=1
1787008295.773168 publish topic=edge4av/airspan-tdd-downlink-location_3/raw-downlink/veh-001/request bytes=28 forwarded=1
1787008295.773922 publish topic=edge4av/airspan-tdd-downlink-location_3/raw-downlink/veh-001/response bytes=102432 forwarded=1
1787008296.023624 publish topic=edge4av/airspan-tdd-downlink-location_3/raw-downlink/veh-001/request bytes=28 forwarded=1
1787008296.025251 publish topic=edge4av/airspan-tdd-downlink-location_3/raw-downlink/veh-001/response bytes=102432 forwarded=1
1787008296.284004 publish topic=edge4av/airspan-tdd-downlink-location_3/raw-downlink/veh-001/request bytes=28 forwarded=1
1787008296.285526 publish topic=edge4av/airspan-tdd-downlink-location_3/raw-downlink/veh-001/response bytes=102432 forwarded=1
1787008296.514413 publish topic=edge4av/airspan-tdd-downlink-location_3/raw-downlink/veh-001/request bytes=28 forwarded=1
1787008296.515969 publish topic=edge4av/airspan-tdd-downlink-location_3/raw-downlink/veh-001/response bytes=102432 forwarded=1
1787008296.744447 publish topic=edge4av/airspan-tdd-downlink-location_3/raw-downlink/veh-001/request bytes=28 forwarded=1
1787008296.745529 publish topic=edge4av/airspan-tdd-downlink-location_3/raw-downlink/veh-001/response bytes=102432 forwarded=1
1787008296.974926 publish topic=edge4av/airspan-tdd-downlink-location_3/raw-downlink/veh-001/request bytes=28 forwarded=1
1787008296.976442 publish topic=edge4av/airspan-tdd-downlink-location_3/raw-downlink/veh-001/response bytes=102432 forwarded=1
1787008297.204976 publish topic=edge4av/airspan-tdd-downlink-location_3/raw-downlink/veh-001/request bytes=28 forwarded=1
1787008297.205913 publish topic=edge4av/airspan-tdd-downlink-location_3/raw-downlink/veh-001/response bytes=102432 forwarded=1
1787008297.435168 publish topic=edge4av/airspan-tdd-downlink-location_3/raw-downlink/veh-001/request bytes=28 forwarded=1
1787008297.435983 publish topic=edge4av/airspan-tdd-downlink-location_3/raw-downlink/veh-001/response bytes=102432 forwarded=1
1787008297.665814 publish topic=edge4av/airspan-tdd-downlink-location_3/raw-downlink/veh-001/request bytes=28 forwarded=1
1787008297.667260 publish topic=edge4av/airspan-tdd-downlink-location_3/raw-downlink/veh-001/response bytes=102432 forwarded=1
1787008297.896119 publish topic=edge4av/airspan-tdd-downlink-location_3/raw-downlink/veh-001/request bytes=28 forwarded=1
1787008297.897884 publish topic=edge4av/airspan-tdd-downlink-location_3/raw-downlink/veh-001/response bytes=102432 forwarded=1
1787008298.126439 publish topic=edge4av/airspan-tdd-downlink-location_3/raw-downlink/veh-001/request bytes=28 forwarded=1
1787008298.128174 publish topic=edge4av/airspan-tdd-downlink-location_3/raw-downlink/veh-001/response bytes=102432 forwarded=1
1787008298.356838 publish topic=edge4av/airspan-tdd-downlink-location_3/raw-downlink/veh-001/request bytes=28 forwarded=1
1787008298.358708 publish topic=edge4av/airspan-tdd-downlink-location_3/raw-downlink/veh-001/response bytes=102432 forwarded=1
1787008298.597028 publish topic=edge4av/airspan-tdd-downlink-location_3/raw-downlink/veh-001/request bytes=28 forwarded=1
1787008298.597674 publish topic=edge4av/airspan-tdd-downlink-location_3/raw-downlink/veh-001/response bytes=102432 forwarded=1
1787008298.828175 publish topic=edge4av/airspan-tdd-downlink-location_3/raw-downlink/veh-001/request bytes=28 forwarded=1
1787008298.830350 publish topic=edge4av/airspan-tdd-downlink-location_3/raw-downlink/veh-001/response bytes=102432 forwarded=1
1787008299.067829 publish topic=edge4av/airspan-tdd-downlink-location_3/raw-downlink/veh-001/request bytes=28 forwarded=1
1787008299.069359 publish topic=edge4av/airspan-tdd-downlink-location_3/raw-downlink/veh-001/response bytes=102432 forwarded=1
1787008299.338029 publish topic=edge4av/airspan-tdd-downlink-location_3/raw-downlink/veh-001/request bytes=28 forwarded=1
1787008299.339835 publish topic=edge4av/airspan-tdd-downlink-location_3/raw-downlink/veh-001/response bytes=102432 forwarded=1
1787008299.578368 publish topic=edge4av/airspan-tdd-downlink-location_3/raw-downlink/veh-001/request bytes=28 forwarded=1
1787008299.579541 publish topic=edge4av/airspan-tdd-downlink-location_3/raw-downlink/veh-001/response bytes=102432 forwarded=1
1787008299.818716 publish topic=edge4av/airspan-tdd-downlink-location_3/raw-downlink/veh-001/request bytes=28 forwarded=1
1787008299.820335 publish topic=edge4av/airspan-tdd-downlink-location_3/raw-downlink/veh-001/response bytes=102432 forwarded=1
1787008300.089181 publish topic=edge4av/airspan-tdd-downlink-location_3/raw-downlink/veh-001/request bytes=28 forwarded=1
1787008300.090668 publish topic=edge4av/airspan-tdd-downlink-location_3/raw-downlink/veh-001/response bytes=102432 forwarded=1
1787008300.329341 publish topic=edge4av/airspan-tdd-downlink-location_3/raw-downlink/veh-001/request bytes=28 forwarded=1
1787008300.329970 publish topic=edge4av/airspan-tdd-downlink-location_3/raw-downlink/veh-001/response bytes=102432 forwarded=1
1787008300.579485 publish topic=edge4av/airspan-tdd-downlink-location_3/raw-downlink/veh-001/request bytes=28 forwarded=1
1787008300.580255 publish topic=edge4av/airspan-tdd-downlink-location_3/raw-downlink/veh-001/response bytes=102432 forwarded=1
1787008300.819934 publish topic=edge4av/airspan-tdd-downlink-location_3/raw-downlink/veh-001/request bytes=28 forwarded=1
1787008300.821650 publish topic=edge4av/airspan-tdd-downlink-location_3/raw-downlink/veh-001/response bytes=102432 forwarded=1
1787008301.080392 publish topic=edge4av/airspan-tdd-downlink-location_3/raw-downlink/veh-001/request bytes=28 forwarded=1
1787008301.082054 publish topic=edge4av/airspan-tdd-downlink-location_3/raw-downlink/veh-001/response bytes=102432 forwarded=1
1787008301.320482 publish topic=edge4av/airspan-tdd-downlink-location_3/raw-downlink/veh-001/request bytes=28 forwarded=1
1787008301.320932 publish topic=edge4av/airspan-tdd-downlink-location_3/raw-downlink/veh-001/response bytes=102432 forwarded=1
1787008301.561170 publish topic=edge4av/airspan-tdd-downlink-location_3/raw-downlink/veh-001/request bytes=28 forwarded=1
1787008301.562609 publish topic=edge4av/airspan-tdd-downlink-location_3/raw-downlink/veh-001/response bytes=102432 forwarded=1
1787008301.821527 publish topic=edge4av/airspan-tdd-downlink-location_3/raw-downlink/veh-001/request bytes=28 forwarded=1
1787008301.822968 publish topic=edge4av/airspan-tdd-downlink-location_3/raw-downlink/veh-001/response bytes=102432 forwarded=1
1787008302.081876 publish topic=edge4av/airspan-tdd-downlink-location_3/raw-downlink/veh-001/request bytes=28 forwarded=1
1787008302.083485 publish topic=edge4av/airspan-tdd-downlink-location_3/raw-downlink/veh-001/response bytes=102432 forwarded=1
1787008302.362055 publish topic=edge4av/airspan-tdd-downlink-location_3/raw-downlink/veh-001/request bytes=28 forwarded=1
1787008302.364362 publish topic=edge4av/airspan-tdd-downlink-location_3/raw-downlink/veh-001/response bytes=102432 forwarded=1
1787008302.602654 publish topic=edge4av/airspan-tdd-downlink-location_3/raw-downlink/veh-001/request bytes=28 forwarded=1
1787008302.603893 publish topic=edge4av/airspan-tdd-downlink-location_3/raw-downlink/veh-001/response bytes=102432 forwarded=1
1787008302.843176 publish topic=edge4av/airspan-tdd-downlink-location_3/raw-downlink/veh-001/request bytes=28 forwarded=1
1787008302.844676 publish topic=edge4av/airspan-tdd-downlink-location_3/raw-downlink/veh-001/response bytes=102432 forwarded=1
1787008303.083275 publish topic=edge4av/airspan-tdd-downlink-location_3/raw-downlink/veh-001/request bytes=28 forwarded=1
1787008303.083966 publish topic=edge4av/airspan-tdd-downlink-location_3/raw-downlink/veh-001/response bytes=102432 forwarded=1
1787008303.323500 publish topic=edge4av/airspan-tdd-downlink-location_3/raw-downlink/veh-001/request bytes=28 forwarded=1
1787008303.325210 publish topic=edge4av/airspan-tdd-downlink-location_3/raw-downlink/veh-001/response bytes=102432 forwarded=1
1787008303.553849 publish topic=edge4av/airspan-tdd-downlink-location_3/raw-downlink/veh-001/request bytes=28 forwarded=1
1787008303.555524 publish topic=edge4av/airspan-tdd-downlink-location_3/raw-downlink/veh-001/response bytes=102432 forwarded=1
1787008303.784274 publish topic=edge4av/airspan-tdd-downlink-location_3/raw-downlink/veh-001/request bytes=28 forwarded=1
1787008303.786023 publish topic=edge4av/airspan-tdd-downlink-location_3/raw-downlink/veh-001/response bytes=102432 forwarded=1
1787008304.014967 publish topic=edge4av/airspan-tdd-downlink-location_3/raw-downlink/veh-001/request bytes=28 forwarded=1
1787008304.016389 publish topic=edge4av/airspan-tdd-downlink-location_3/raw-downlink/veh-001/response bytes=102432 forwarded=1
1787008304.274800 publish topic=edge4av/airspan-tdd-downlink-location_3/raw-downlink/veh-001/request bytes=28 forwarded=1
1787008304.275461 publish topic=edge4av/airspan-tdd-downlink-location_3/raw-downlink/veh-001/response bytes=102432 forwarded=1
1787008304.504929 publish topic=edge4av/airspan-tdd-downlink-location_3/raw-downlink/veh-001/request bytes=28 forwarded=1
1787008304.506381 publish topic=edge4av/airspan-tdd-downlink-location_3/raw-downlink/veh-001/response bytes=102432 forwarded=1
1787008304.745126 publish topic=edge4av/airspan-tdd-downlink-location_3/raw-downlink/veh-001/request bytes=28 forwarded=1
1787008304.745712 publish topic=edge4av/airspan-tdd-downlink-location_3/raw-downlink/veh-001/response bytes=102432 forwarded=1
1787008305.005583 publish topic=edge4av/airspan-tdd-downlink-location_3/raw-downlink/veh-001/request bytes=28 forwarded=1
1787008305.007154 publish topic=edge4av/airspan-tdd-downlink-location_3/raw-downlink/veh-001/response bytes=102432 forwarded=1
1787008305.236097 publish topic=edge4av/airspan-tdd-downlink-location_3/raw-downlink/veh-001/request bytes=28 forwarded=1
1787008305.237756 publish topic=edge4av/airspan-tdd-downlink-location_3/raw-downlink/veh-001/response bytes=102432 forwarded=1
1787008305.466313 publish topic=edge4av/airspan-tdd-downlink-location_3/raw-downlink/veh-001/request bytes=28 forwarded=1
1787008305.467827 publish topic=edge4av/airspan-tdd-downlink-location_3/raw-downlink/veh-001/response bytes=102432 forwarded=1
1787008305.706625 publish topic=edge4av/airspan-tdd-downlink-location_3/raw-downlink/veh-001/request bytes=28 forwarded=1
1787008305.707424 publish topic=edge4av/airspan-tdd-downlink-location_3/raw-downlink/veh-001/response bytes=102432 forwarded=1
1787008305.936747 publish topic=edge4av/airspan-tdd-downlink-location_3/raw-downlink/veh-001/request bytes=28 forwarded=1
1787008305.937843 publish topic=edge4av/airspan-tdd-downlink-location_3/raw-downlink/veh-001/response bytes=102432 forwarded=1
1787008306.167098 publish topic=edge4av/airspan-tdd-downlink-location_3/raw-downlink/veh-001/request bytes=28 forwarded=1
1787008306.168806 publish topic=edge4av/airspan-tdd-downlink-location_3/raw-downlink/veh-001/response bytes=102432 forwarded=1
1787008306.417636 publish topic=edge4av/airspan-tdd-downlink-location_3/raw-downlink/veh-001/request bytes=28 forwarded=1
1787008306.418999 publish topic=edge4av/airspan-tdd-downlink-location_3/raw-downlink/veh-001/response bytes=102432 forwarded=1
1787008306.677777 publish topic=edge4av/airspan-tdd-downlink-location_3/raw-downlink/veh-001/request bytes=28 forwarded=1
1787008306.679313 publish topic=edge4av/airspan-tdd-downlink-location_3/raw-downlink/veh-001/response bytes=102432 forwarded=1
1787008306.918125 publish topic=edge4av/airspan-tdd-downlink-location_3/raw-downlink/veh-001/request bytes=28 forwarded=1
1787008306.919598 publish topic=edge4av/airspan-tdd-downlink-location_3/raw-downlink/veh-001/response bytes=102432 forwarded=1
1787008307.178116 publish topic=edge4av/airspan-tdd-downlink-location_3/raw-downlink/veh-001/request bytes=28 forwarded=1
1787008307.179108 publish topic=edge4av/airspan-tdd-downlink-location_3/raw-downlink/veh-001/response bytes=102432 forwarded=1
1787008307.418616 publish topic=edge4av/airspan-tdd-downlink-location_3/raw-downlink/veh-001/request bytes=28 forwarded=1
1787008307.420338 publish topic=edge4av/airspan-tdd-downlink-location_3/raw-downlink/veh-001/response bytes=102432 forwarded=1
1787008307.658770 publish topic=edge4av/airspan-tdd-downlink-location_3/raw-downlink/veh-001/request bytes=28 forwarded=1
1787008307.659363 publish topic=edge4av/airspan-tdd-downlink-location_3/raw-downlink/veh-001/response bytes=102432 forwarded=1
1787008307.889676 publish topic=edge4av/airspan-tdd-downlink-location_3/raw-downlink/veh-001/request bytes=28 forwarded=1
1787008307.891240 publish topic=edge4av/airspan-tdd-downlink-location_3/raw-downlink/veh-001/response bytes=102432 forwarded=1
1787008308.129410 publish topic=edge4av/airspan-tdd-downlink-location_3/raw-downlink/veh-001/request bytes=28 forwarded=1
1787008308.130411 publish topic=edge4av/airspan-tdd-downlink-location_3/raw-downlink/veh-001/response bytes=102432 forwarded=1
1787008308.359860 publish topic=edge4av/airspan-tdd-downlink-location_3/raw-downlink/veh-001/request bytes=28 forwarded=1
1787008308.361330 publish topic=edge4av/airspan-tdd-downlink-location_3/raw-downlink/veh-001/response bytes=102432 forwarded=1
1787008308.600063 publish topic=edge4av/airspan-tdd-downlink-location_3/raw-downlink/veh-001/request bytes=28 forwarded=1
1787008308.601294 publish topic=edge4av/airspan-tdd-downlink-location_3/raw-downlink/veh-001/response bytes=102432 forwarded=1
1787008308.860551 publish topic=edge4av/airspan-tdd-downlink-location_3/raw-downlink/veh-001/request bytes=28 forwarded=1
1787008308.862208 publish topic=edge4av/airspan-tdd-downlink-location_3/raw-downlink/veh-001/response bytes=102432 forwarded=1
1787008309.100894 publish topic=edge4av/airspan-tdd-downlink-location_3/raw-downlink/veh-001/request bytes=28 forwarded=1
1787008309.102516 publish topic=edge4av/airspan-tdd-downlink-location_3/raw-downlink/veh-001/response bytes=102432 forwarded=1
1787008309.351060 publish topic=edge4av/airspan-tdd-downlink-location_3/raw-downlink/veh-001/request bytes=28 forwarded=1
1787008309.351610 publish topic=edge4av/airspan-tdd-downlink-location_3/raw-downlink/veh-001/response bytes=102432 forwarded=1
1787008309.591539 publish topic=edge4av/airspan-tdd-downlink-location_3/raw-downlink/veh-001/request bytes=28 forwarded=1
1787008309.593656 publish topic=edge4av/airspan-tdd-downlink-location_3/raw-downlink/veh-001/response bytes=102432 forwarded=1
1787008309.831833 publish topic=edge4av/airspan-tdd-downlink-location_3/raw-downlink/veh-001/request bytes=28 forwarded=1
1787008309.833299 publish topic=edge4av/airspan-tdd-downlink-location_3/raw-downlink/veh-001/response bytes=102432 forwarded=1
1787008310.072173 publish topic=edge4av/airspan-tdd-downlink-location_3/raw-downlink/veh-001/request bytes=28 forwarded=1
1787008310.073857 publish topic=edge4av/airspan-tdd-downlink-location_3/raw-downlink/veh-001/response bytes=102432 forwarded=1
1787008310.312384 publish topic=edge4av/airspan-tdd-downlink-location_3/raw-downlink/veh-001/request bytes=28 forwarded=1
1787008310.314051 publish topic=edge4av/airspan-tdd-downlink-location_3/raw-downlink/veh-001/response bytes=102432 forwarded=1
1787008310.592846 publish topic=edge4av/airspan-tdd-downlink-location_3/raw-downlink/veh-001/request bytes=28 forwarded=1
1787008310.594451 publish topic=edge4av/airspan-tdd-downlink-location_3/raw-downlink/veh-001/response bytes=102432 forwarded=1
1787008310.833056 publish topic=edge4av/airspan-tdd-downlink-location_3/raw-downlink/veh-001/request bytes=28 forwarded=1
1787008310.834678 publish topic=edge4av/airspan-tdd-downlink-location_3/raw-downlink/veh-001/response bytes=102432 forwarded=1
1787008311.103592 publish topic=edge4av/airspan-tdd-downlink-location_3/raw-downlink/veh-001/request bytes=28 forwarded=1
1787008311.104362 publish topic=edge4av/airspan-tdd-downlink-location_3/raw-downlink/veh-001/response bytes=102432 forwarded=1
1787008311.333848 publish topic=edge4av/airspan-tdd-downlink-location_3/raw-downlink/veh-001/request bytes=28 forwarded=1
1787008311.335294 publish topic=edge4av/airspan-tdd-downlink-location_3/raw-downlink/veh-001/response bytes=102432 forwarded=1
1787008311.573970 publish topic=edge4av/airspan-tdd-downlink-location_3/raw-downlink/veh-001/request bytes=28 forwarded=1
1787008311.575375 publish topic=edge4av/airspan-tdd-downlink-location_3/raw-downlink/veh-001/response bytes=102432 forwarded=1
1787008311.854393 publish topic=edge4av/airspan-tdd-downlink-location_3/raw-downlink/veh-001/request bytes=28 forwarded=1
1787008311.856014 publish topic=edge4av/airspan-tdd-downlink-location_3/raw-downlink/veh-001/response bytes=102432 forwarded=1
1787008312.114299 publish topic=edge4av/airspan-tdd-downlink-location_3/raw-downlink/veh-001/request bytes=28 forwarded=1
1787008312.115087 publish topic=edge4av/airspan-tdd-downlink-location_3/raw-downlink/veh-001/response bytes=102432 forwarded=1
1787008312.375007 publish topic=edge4av/airspan-tdd-downlink-location_3/raw-downlink/veh-001/request bytes=28 forwarded=1
1787008312.376566 publish topic=edge4av/airspan-tdd-downlink-location_3/raw-downlink/veh-001/response bytes=102432 forwarded=1
1787008312.615024 publish topic=edge4av/airspan-tdd-downlink-location_3/raw-downlink/veh-001/request bytes=28 forwarded=1
1787008312.616471 publish topic=edge4av/airspan-tdd-downlink-location_3/raw-downlink/veh-001/response bytes=102432 forwarded=1
1787008312.885171 publish topic=edge4av/airspan-tdd-downlink-location_3/raw-downlink/veh-001/request bytes=28 forwarded=1
1787008312.885592 publish topic=edge4av/airspan-tdd-downlink-location_3/raw-downlink/veh-001/response bytes=102432 forwarded=1
1787008313.145489 publish topic=edge4av/airspan-tdd-downlink-location_3/raw-downlink/veh-001/request bytes=28 forwarded=1
1787008313.146190 publish topic=edge4av/airspan-tdd-downlink-location_3/raw-downlink/veh-001/response bytes=102432 forwarded=1
1787008313.406229 publish topic=edge4av/airspan-tdd-downlink-location_3/raw-downlink/veh-001/request bytes=28 forwarded=1
1787008313.407817 publish topic=edge4av/airspan-tdd-downlink-location_3/raw-downlink/veh-001/response bytes=102432 forwarded=1
1787008313.646538 publish topic=edge4av/airspan-tdd-downlink-location_3/raw-downlink/veh-001/request bytes=28 forwarded=1
1787008313.648182 publish topic=edge4av/airspan-tdd-downlink-location_3/raw-downlink/veh-001/response bytes=102432 forwarded=1
1787008313.886440 publish topic=edge4av/airspan-tdd-downlink-location_3/raw-downlink/veh-001/request bytes=28 forwarded=1
1787008313.887213 publish topic=edge4av/airspan-tdd-downlink-location_3/raw-downlink/veh-001/response bytes=102432 forwarded=1
1787008314.127036 publish topic=edge4av/airspan-tdd-downlink-location_3/raw-downlink/veh-001/request bytes=28 forwarded=1
1787008314.128484 publish topic=edge4av/airspan-tdd-downlink-location_3/raw-downlink/veh-001/response bytes=102432 forwarded=1
1787008314.397377 publish topic=edge4av/airspan-tdd-downlink-location_3/raw-downlink/veh-001/request bytes=28 forwarded=1
1787008314.398809 publish topic=edge4av/airspan-tdd-downlink-location_3/raw-downlink/veh-001/response bytes=102432 forwarded=1
1787008314.627597 publish topic=edge4av/airspan-tdd-downlink-location_3/raw-downlink/veh-001/request bytes=28 forwarded=1
1787008314.629273 publish topic=edge4av/airspan-tdd-downlink-location_3/raw-downlink/veh-001/response bytes=102432 forwarded=1
1787008314.858104 publish topic=edge4av/airspan-tdd-downlink-location_3/raw-downlink/veh-001/request bytes=28 forwarded=1
1787008314.859572 publish topic=edge4av/airspan-tdd-downlink-location_3/raw-downlink/veh-001/response bytes=102432 forwarded=1
1787008315.098309 publish topic=edge4av/airspan-tdd-downlink-location_3/raw-downlink/veh-001/request bytes=28 forwarded=1
1787008315.099468 publish topic=edge4av/airspan-tdd-downlink-location_3/raw-downlink/veh-001/response bytes=102432 forwarded=1
1787008315.338701 publish topic=edge4av/airspan-tdd-downlink-location_3/raw-downlink/veh-001/request bytes=28 forwarded=1
1787008315.340158 publish topic=edge4av/airspan-tdd-downlink-location_3/raw-downlink/veh-001/response bytes=102432 forwarded=1
1787008315.578618 publish topic=edge4av/airspan-tdd-downlink-location_3/raw-downlink/veh-001/request bytes=28 forwarded=1
1787008315.579237 publish topic=edge4av/airspan-tdd-downlink-location_3/raw-downlink/veh-001/response bytes=102432 forwarded=1
1787008315.839437 publish topic=edge4av/airspan-tdd-downlink-location_3/raw-downlink/veh-001/request bytes=28 forwarded=1
1787008315.841112 publish topic=edge4av/airspan-tdd-downlink-location_3/raw-downlink/veh-001/response bytes=102432 forwarded=1
1787008316.079610 publish topic=edge4av/airspan-tdd-downlink-location_3/raw-downlink/veh-001/request bytes=28 forwarded=1
1787008316.081309 publish topic=edge4av/airspan-tdd-downlink-location_3/raw-downlink/veh-001/response bytes=102432 forwarded=1
1787008316.340072 publish topic=edge4av/airspan-tdd-downlink-location_3/raw-downlink/veh-001/request bytes=28 forwarded=1
1787008316.341807 publish topic=edge4av/airspan-tdd-downlink-location_3/raw-downlink/veh-001/response bytes=102432 forwarded=1
1787008316.580227 publish topic=edge4av/airspan-tdd-downlink-location_3/raw-downlink/veh-001/request bytes=28 forwarded=1
1787008316.581773 publish topic=edge4av/airspan-tdd-downlink-location_3/raw-downlink/veh-001/response bytes=102432 forwarded=1
1787008316.850810 publish topic=edge4av/airspan-tdd-downlink-location_3/raw-downlink/veh-001/request bytes=28 forwarded=1
1787008316.852638 publish topic=edge4av/airspan-tdd-downlink-location_3/raw-downlink/veh-001/response bytes=102432 forwarded=1
1787008317.090727 publish topic=edge4av/airspan-tdd-downlink-location_3/raw-downlink/veh-001/request bytes=28 forwarded=1
1787008317.092200 publish topic=edge4av/airspan-tdd-downlink-location_3/raw-downlink/veh-001/response bytes=102432 forwarded=1
1787008317.331099 publish topic=edge4av/airspan-tdd-downlink-location_3/raw-downlink/veh-001/request bytes=28 forwarded=1
1787008317.332177 publish topic=edge4av/airspan-tdd-downlink-location_3/raw-downlink/veh-001/response bytes=102432 forwarded=1
1787008317.591602 publish topic=edge4av/airspan-tdd-downlink-location_3/raw-downlink/veh-001/request bytes=28 forwarded=1
1787008317.593145 publish topic=edge4av/airspan-tdd-downlink-location_3/raw-downlink/veh-001/response bytes=102432 forwarded=1
1787008317.851680 publish topic=edge4av/airspan-tdd-downlink-location_3/raw-downlink/veh-001/request bytes=28 forwarded=1
1787008317.852322 publish topic=edge4av/airspan-tdd-downlink-location_3/raw-downlink/veh-001/response bytes=102432 forwarded=1
1787008318.092294 publish topic=edge4av/airspan-tdd-downlink-location_3/raw-downlink/veh-001/request bytes=28 forwarded=1
1787008318.093857 publish topic=edge4av/airspan-tdd-downlink-location_3/raw-downlink/veh-001/response bytes=102432 forwarded=1
1787008318.332819 publish topic=edge4av/airspan-tdd-downlink-location_3/raw-downlink/veh-001/request bytes=28 forwarded=1
1787008318.334306 publish topic=edge4av/airspan-tdd-downlink-location_3/raw-downlink/veh-001/response bytes=102432 forwarded=1
1787008318.603067 publish topic=edge4av/airspan-tdd-downlink-location_3/raw-downlink/veh-001/request bytes=28 forwarded=1
1787008318.604832 publish topic=edge4av/airspan-tdd-downlink-location_3/raw-downlink/veh-001/response bytes=102432 forwarded=1
1787008318.853150 publish topic=edge4av/airspan-tdd-downlink-location_3/raw-downlink/veh-001/request bytes=28 forwarded=1
1787008318.853973 publish topic=edge4av/airspan-tdd-downlink-location_3/raw-downlink/veh-001/response bytes=102432 forwarded=1
1787008319.083806 publish topic=edge4av/airspan-tdd-downlink-location_3/raw-downlink/veh-001/request bytes=28 forwarded=1
1787008319.084683 publish topic=edge4av/airspan-tdd-downlink-location_3/raw-downlink/veh-001/response bytes=102432 forwarded=1
1787008319.324189 publish topic=edge4av/airspan-tdd-downlink-location_3/raw-downlink/veh-001/request bytes=28 forwarded=1
1787008319.325715 publish topic=edge4av/airspan-tdd-downlink-location_3/raw-downlink/veh-001/response bytes=102432 forwarded=1
1787008319.574154 publish topic=edge4av/airspan-tdd-downlink-location_3/raw-downlink/veh-001/request bytes=28 forwarded=1
1787008319.575007 publish topic=edge4av/airspan-tdd-downlink-location_3/raw-downlink/veh-001/response bytes=102432 forwarded=1
1787008319.824796 publish topic=edge4av/airspan-tdd-downlink-location_3/raw-downlink/veh-001/request bytes=28 forwarded=1
1787008319.826282 publish topic=edge4av/airspan-tdd-downlink-location_3/raw-downlink/veh-001/response bytes=102432 forwarded=1
1787008320.064943 publish topic=edge4av/airspan-tdd-downlink-location_3/raw-downlink/veh-001/request bytes=28 forwarded=1
1787008320.065761 publish topic=edge4av/airspan-tdd-downlink-location_3/raw-downlink/veh-001/response bytes=102432 forwarded=1
1787008320.295460 publish topic=edge4av/airspan-tdd-downlink-location_3/raw-downlink/veh-001/request bytes=28 forwarded=1
1787008320.297023 publish topic=edge4av/airspan-tdd-downlink-location_3/raw-downlink/veh-001/response bytes=102432 forwarded=1
1787008320.575538 publish topic=edge4av/airspan-tdd-downlink-location_3/raw-downlink/veh-001/request bytes=28 forwarded=1
1787008320.576375 publish topic=edge4av/airspan-tdd-downlink-location_3/raw-downlink/veh-001/response bytes=102432 forwarded=1
1787008320.846239 publish topic=edge4av/airspan-tdd-downlink-location_3/raw-downlink/veh-001/request bytes=28 forwarded=1
1787008320.847718 publish topic=edge4av/airspan-tdd-downlink-location_3/raw-downlink/veh-001/response bytes=102432 forwarded=1
1787008321.086534 publish topic=edge4av/airspan-tdd-downlink-location_3/raw-downlink/veh-001/request bytes=28 forwarded=1
1787008321.088048 publish topic=edge4av/airspan-tdd-downlink-location_3/raw-downlink/veh-001/response bytes=102432 forwarded=1
1787008321.346596 publish topic=edge4av/airspan-tdd-downlink-location_3/raw-downlink/veh-001/request bytes=28 forwarded=1
1787008321.347401 publish topic=edge4av/airspan-tdd-downlink-location_3/raw-downlink/veh-001/response bytes=102432 forwarded=1
1787008321.577085 publish topic=edge4av/airspan-tdd-downlink-location_3/raw-downlink/veh-001/request bytes=28 forwarded=1
1787008321.578767 publish topic=edge4av/airspan-tdd-downlink-location_3/raw-downlink/veh-001/response bytes=102432 forwarded=1
1787008321.817519 publish topic=edge4av/airspan-tdd-downlink-location_3/raw-downlink/veh-001/request bytes=28 forwarded=1
1787008321.819232 publish topic=edge4av/airspan-tdd-downlink-location_3/raw-downlink/veh-001/response bytes=102432 forwarded=1
1787008322.057756 publish topic=edge4av/airspan-tdd-downlink-location_3/raw-downlink/veh-001/request bytes=28 forwarded=1
1787008322.059226 publish topic=edge4av/airspan-tdd-downlink-location_3/raw-downlink/veh-001/response bytes=102432 forwarded=1
1787008322.318240 publish topic=edge4av/airspan-tdd-downlink-location_3/raw-downlink/veh-001/request bytes=28 forwarded=1
1787008322.319712 publish topic=edge4av/airspan-tdd-downlink-location_3/raw-downlink/veh-001/response bytes=102432 forwarded=1
1787008322.548102 publish topic=edge4av/airspan-tdd-downlink-location_3/raw-downlink/veh-001/request bytes=28 forwarded=1
1787008322.548594 publish topic=edge4av/airspan-tdd-downlink-location_3/raw-downlink/veh-001/response bytes=102432 forwarded=1
1787008322.778794 publish topic=edge4av/airspan-tdd-downlink-location_3/raw-downlink/veh-001/request bytes=28 forwarded=1
1787008322.780482 publish topic=edge4av/airspan-tdd-downlink-location_3/raw-downlink/veh-001/response bytes=102432 forwarded=1
1787008323.019061 publish topic=edge4av/airspan-tdd-downlink-location_3/raw-downlink/veh-001/request bytes=28 forwarded=1
1787008323.020575 publish topic=edge4av/airspan-tdd-downlink-location_3/raw-downlink/veh-001/response bytes=102432 forwarded=1
1787008323.249284 publish topic=edge4av/airspan-tdd-downlink-location_3/raw-downlink/veh-001/request bytes=28 forwarded=1
1787008323.250896 publish topic=edge4av/airspan-tdd-downlink-location_3/raw-downlink/veh-001/response bytes=102432 forwarded=1
1787008323.479479 publish topic=edge4av/airspan-tdd-downlink-location_3/raw-downlink/veh-001/request bytes=28 forwarded=1
1787008323.479959 publish topic=edge4av/airspan-tdd-downlink-location_3/raw-downlink/veh-001/response bytes=102432 forwarded=1
1787008323.720105 publish topic=edge4av/airspan-tdd-downlink-location_3/raw-downlink/veh-001/request bytes=28 forwarded=1
1787008323.721612 publish topic=edge4av/airspan-tdd-downlink-location_3/raw-downlink/veh-001/response bytes=102432 forwarded=1
1787008323.980748 publish topic=edge4av/airspan-tdd-downlink-location_3/raw-downlink/veh-001/request bytes=28 forwarded=1
1787008323.982489 publish topic=edge4av/airspan-tdd-downlink-location_3/raw-downlink/veh-001/response bytes=102432 forwarded=1
1787008324.220881 publish topic=edge4av/airspan-tdd-downlink-location_3/raw-downlink/veh-001/request bytes=28 forwarded=1
1787008324.221692 publish topic=edge4av/airspan-tdd-downlink-location_3/raw-downlink/veh-001/response bytes=102432 forwarded=1
1787008324.481167 publish topic=edge4av/airspan-tdd-downlink-location_3/raw-downlink/veh-001/request bytes=28 forwarded=1
1787008324.482857 publish topic=edge4av/airspan-tdd-downlink-location_3/raw-downlink/veh-001/response bytes=102432 forwarded=1
1787008324.721694 publish topic=edge4av/airspan-tdd-downlink-location_3/raw-downlink/veh-001/request bytes=28 forwarded=1
1787008324.723155 publish topic=edge4av/airspan-tdd-downlink-location_3/raw-downlink/veh-001/response bytes=102432 forwarded=1
1787008324.961966 publish topic=edge4av/airspan-tdd-downlink-location_3/raw-downlink/veh-001/request bytes=28 forwarded=1
1787008324.963053 publish topic=edge4av/airspan-tdd-downlink-location_3/raw-downlink/veh-001/response bytes=102432 forwarded=1
1787008325.212375 publish topic=edge4av/airspan-tdd-downlink-location_3/raw-downlink/veh-001/request bytes=28 forwarded=1
1787008325.213259 publish topic=edge4av/airspan-tdd-downlink-location_3/raw-downlink/veh-001/response bytes=102432 forwarded=1
1787008325.462712 publish topic=edge4av/airspan-tdd-downlink-location_3/raw-downlink/veh-001/request bytes=28 forwarded=1
1787008325.464624 publish topic=edge4av/airspan-tdd-downlink-location_3/raw-downlink/veh-001/response bytes=102432 forwarded=1
1787008325.733054 publish topic=edge4av/airspan-tdd-downlink-location_3/raw-downlink/veh-001/request bytes=28 forwarded=1
1787008325.734576 publish topic=edge4av/airspan-tdd-downlink-location_3/raw-downlink/veh-001/response bytes=102432 forwarded=1
1787008325.963511 publish topic=edge4av/airspan-tdd-downlink-location_3/raw-downlink/veh-001/request bytes=28 forwarded=1
1787008325.965271 publish topic=edge4av/airspan-tdd-downlink-location_3/raw-downlink/veh-001/response bytes=102432 forwarded=1
1787008326.193753 publish topic=edge4av/airspan-tdd-downlink-location_3/raw-downlink/veh-001/request bytes=28 forwarded=1
1787008326.194830 publish topic=edge4av/airspan-tdd-downlink-location_3/raw-downlink/veh-001/response bytes=102432 forwarded=1
1787008326.423934 publish topic=edge4av/airspan-tdd-downlink-location_3/raw-downlink/veh-001/request bytes=28 forwarded=1
1787008326.425028 publish topic=edge4av/airspan-tdd-downlink-location_3/raw-downlink/veh-001/response bytes=102432 forwarded=1
1787008326.654500 publish topic=edge4av/airspan-tdd-downlink-location_3/raw-downlink/veh-001/request bytes=28 forwarded=1
1787008326.656178 publish topic=edge4av/airspan-tdd-downlink-location_3/raw-downlink/veh-001/response bytes=102432 forwarded=1
1787008326.894787 publish topic=edge4av/airspan-tdd-downlink-location_3/raw-downlink/veh-001/request bytes=28 forwarded=1
1787008326.896471 publish topic=edge4av/airspan-tdd-downlink-location_3/raw-downlink/veh-001/response bytes=102432 forwarded=1
1787008327.135733 publish topic=edge4av/airspan-tdd-downlink-location_3/raw-downlink/veh-001/request bytes=28 forwarded=1
1787008327.137509 publish topic=edge4av/airspan-tdd-downlink-location_3/raw-downlink/veh-001/response bytes=102432 forwarded=1
1787008327.395472 publish topic=edge4av/airspan-tdd-downlink-location_3/raw-downlink/veh-001/request bytes=28 forwarded=1
1787008327.396967 publish topic=edge4av/airspan-tdd-downlink-location_3/raw-downlink/veh-001/response bytes=102432 forwarded=1
1787008327.635958 publish topic=edge4av/airspan-tdd-downlink-location_3/raw-downlink/veh-001/request bytes=28 forwarded=1
1787008327.636762 publish topic=edge4av/airspan-tdd-downlink-location_3/raw-downlink/veh-001/response bytes=102432 forwarded=1
1787008327.865985 publish topic=edge4av/airspan-tdd-downlink-location_3/raw-downlink/veh-001/request bytes=28 forwarded=1
1787008327.867464 publish topic=edge4av/airspan-tdd-downlink-location_3/raw-downlink/veh-001/response bytes=102432 forwarded=1
1787008328.096580 publish topic=edge4av/airspan-tdd-downlink-location_3/raw-downlink/veh-001/request bytes=28 forwarded=1
1787008328.098264 publish topic=edge4av/airspan-tdd-downlink-location_3/raw-downlink/veh-001/response bytes=102432 forwarded=1
1787008328.336768 publish topic=edge4av/airspan-tdd-downlink-location_3/raw-downlink/veh-001/request bytes=28 forwarded=1
1787008328.338278 publish topic=edge4av/airspan-tdd-downlink-location_3/raw-downlink/veh-001/response bytes=102432 forwarded=1
1787008328.576864 publish topic=edge4av/airspan-tdd-downlink-location_3/raw-downlink/veh-001/request bytes=28 forwarded=1
1787008328.578423 publish topic=edge4av/airspan-tdd-downlink-location_3/raw-downlink/veh-001/response bytes=102432 forwarded=1
1787008328.807239 publish topic=edge4av/airspan-tdd-downlink-location_3/raw-downlink/veh-001/request bytes=28 forwarded=1
1787008328.807677 publish topic=edge4av/airspan-tdd-downlink-location_3/raw-downlink/veh-001/response bytes=102432 forwarded=1
1787008329.037727 publish topic=edge4av/airspan-tdd-downlink-location_3/raw-downlink/veh-001/request bytes=28 forwarded=1
1787008329.039165 publish topic=edge4av/airspan-tdd-downlink-location_3/raw-downlink/veh-001/response bytes=102432 forwarded=1
1787008329.277815 publish topic=edge4av/airspan-tdd-downlink-location_3/raw-downlink/veh-001/request bytes=28 forwarded=1
1787008329.278522 publish topic=edge4av/airspan-tdd-downlink-location_3/raw-downlink/veh-001/response bytes=102432 forwarded=1
1787008329.518558 publish topic=edge4av/airspan-tdd-downlink-location_3/raw-downlink/veh-001/request bytes=28 forwarded=1
1787008329.520193 publish topic=edge4av/airspan-tdd-downlink-location_3/raw-downlink/veh-001/response bytes=102432 forwarded=1
1787008329.778954 publish topic=edge4av/airspan-tdd-downlink-location_3/raw-downlink/veh-001/request bytes=28 forwarded=1
1787008329.780670 publish topic=edge4av/airspan-tdd-downlink-location_3/raw-downlink/veh-001/response bytes=102432 forwarded=1
1787008330.029079 publish topic=edge4av/airspan-tdd-downlink-location_3/raw-downlink/veh-001/request bytes=28 forwarded=1
1787008330.030506 publish topic=edge4av/airspan-tdd-downlink-location_3/raw-downlink/veh-001/response bytes=102432 forwarded=1
1787008330.269633 publish topic=edge4av/airspan-tdd-downlink-location_3/raw-downlink/veh-001/request bytes=28 forwarded=1
1787008330.271061 publish topic=edge4av/airspan-tdd-downlink-location_3/raw-downlink/veh-001/response bytes=102432 forwarded=1
1787008330.540031 publish topic=edge4av/airspan-tdd-downlink-location_3/raw-downlink/veh-001/request bytes=28 forwarded=1
1787008330.541467 publish topic=edge4av/airspan-tdd-downlink-location_3/raw-downlink/veh-001/response bytes=102432 forwarded=1
1787008330.770364 publish topic=edge4av/airspan-tdd-downlink-location_3/raw-downlink/veh-001/request bytes=28 forwarded=1
1787008330.772105 publish topic=edge4av/airspan-tdd-downlink-location_3/raw-downlink/veh-001/response bytes=102432 forwarded=1
1787008331.000491 publish topic=edge4av/airspan-tdd-downlink-location_3/raw-downlink/veh-001/request bytes=28 forwarded=1
1787008331.001552 publish topic=edge4av/airspan-tdd-downlink-location_3/raw-downlink/veh-001/response bytes=102432 forwarded=1
1787008331.240975 publish topic=edge4av/airspan-tdd-downlink-location_3/raw-downlink/veh-001/request bytes=28 forwarded=1
1787008331.242634 publish topic=edge4av/airspan-tdd-downlink-location_3/raw-downlink/veh-001/response bytes=102432 forwarded=1
1787008331.481405 publish topic=edge4av/airspan-tdd-downlink-location_3/raw-downlink/veh-001/request bytes=28 forwarded=1
1787008331.482952 publish topic=edge4av/airspan-tdd-downlink-location_3/raw-downlink/veh-001/response bytes=102432 forwarded=1
1787008331.721895 publish topic=edge4av/airspan-tdd-downlink-location_3/raw-downlink/veh-001/request bytes=28 forwarded=1
1787008331.723361 publish topic=edge4av/airspan-tdd-downlink-location_3/raw-downlink/veh-001/response bytes=102432 forwarded=1
1787008331.962178 publish topic=edge4av/airspan-tdd-downlink-location_3/raw-downlink/veh-001/request bytes=28 forwarded=1
1787008331.963965 publish topic=edge4av/airspan-tdd-downlink-location_3/raw-downlink/veh-001/response bytes=102432 forwarded=1
1787008332.202573 publish topic=edge4av/airspan-tdd-downlink-location_3/raw-downlink/veh-001/request bytes=28 forwarded=1
1787008332.203293 publish topic=edge4av/airspan-tdd-downlink-location_3/raw-downlink/veh-001/response bytes=102432 forwarded=1
1787008332.442780 publish topic=edge4av/airspan-tdd-downlink-location_3/raw-downlink/veh-001/request bytes=28 forwarded=1
1787008332.444413 publish topic=edge4av/airspan-tdd-downlink-location_3/raw-downlink/veh-001/response bytes=102432 forwarded=1
1787008332.692992 publish topic=edge4av/airspan-tdd-downlink-location_3/raw-downlink/veh-001/request bytes=28 forwarded=1
1787008332.694393 publish topic=edge4av/airspan-tdd-downlink-location_3/raw-downlink/veh-001/response bytes=102432 forwarded=1
1787008332.963596 publish topic=edge4av/airspan-tdd-downlink-location_3/raw-downlink/veh-001/request bytes=28 forwarded=1
1787008332.965151 publish topic=edge4av/airspan-tdd-downlink-location_3/raw-downlink/veh-001/response bytes=102432 forwarded=1
1787008333.193874 publish topic=edge4av/airspan-tdd-downlink-location_3/raw-downlink/veh-001/request bytes=28 forwarded=1
1787008333.194775 publish topic=edge4av/airspan-tdd-downlink-location_3/raw-downlink/veh-001/response bytes=102432 forwarded=1
1787008333.424113 publish topic=edge4av/airspan-tdd-downlink-location_3/raw-downlink/veh-001/request bytes=28 forwarded=1
1787008333.425782 publish topic=edge4av/airspan-tdd-downlink-location_3/raw-downlink/veh-001/response bytes=102432 forwarded=1
1787008333.654306 publish topic=edge4av/airspan-tdd-downlink-location_3/raw-downlink/veh-001/request bytes=28 forwarded=1
1787008333.655838 publish topic=edge4av/airspan-tdd-downlink-location_3/raw-downlink/veh-001/response bytes=102432 forwarded=1
1787008333.894574 publish topic=edge4av/airspan-tdd-downlink-location_3/raw-downlink/veh-001/request bytes=28 forwarded=1
1787008333.895303 publish topic=edge4av/airspan-tdd-downlink-location_3/raw-downlink/veh-001/response bytes=102432 forwarded=1
1787008334.135173 publish topic=edge4av/airspan-tdd-downlink-location_3/raw-downlink/veh-001/request bytes=28 forwarded=1
1787008334.136643 publish topic=edge4av/airspan-tdd-downlink-location_3/raw-downlink/veh-001/response bytes=102432 forwarded=1
1787008334.385553 publish topic=edge4av/airspan-tdd-downlink-location_3/raw-downlink/veh-001/request bytes=28 forwarded=1
1787008334.386997 publish topic=edge4av/airspan-tdd-downlink-location_3/raw-downlink/veh-001/response bytes=102432 forwarded=1
1787008334.615812 publish topic=edge4av/airspan-tdd-downlink-location_3/raw-downlink/veh-001/request bytes=28 forwarded=1
1787008334.617542 publish topic=edge4av/airspan-tdd-downlink-location_3/raw-downlink/veh-001/response bytes=102432 forwarded=1
1787008334.846134 publish topic=edge4av/airspan-tdd-downlink-location_3/raw-downlink/veh-001/request bytes=28 forwarded=1
1787008334.847743 publish topic=edge4av/airspan-tdd-downlink-location_3/raw-downlink/veh-001/response bytes=102432 forwarded=1
1787008335.076236 publish topic=edge4av/airspan-tdd-downlink-location_3/raw-downlink/veh-001/request bytes=28 forwarded=1
1787008335.076780 publish topic=edge4av/airspan-tdd-downlink-location_3/raw-downlink/veh-001/response bytes=102432 forwarded=1
1787008335.306730 publish topic=edge4av/airspan-tdd-downlink-location_3/raw-downlink/veh-001/request bytes=28 forwarded=1
1787008335.308141 publish topic=edge4av/airspan-tdd-downlink-location_3/raw-downlink/veh-001/response bytes=102432 forwarded=1
1787008335.547014 publish topic=edge4av/airspan-tdd-downlink-location_3/raw-downlink/veh-001/request bytes=28 forwarded=1
1787008335.548713 publish topic=edge4av/airspan-tdd-downlink-location_3/raw-downlink/veh-001/response bytes=102432 forwarded=1
1787008335.807482 publish topic=edge4av/airspan-tdd-downlink-location_3/raw-downlink/veh-001/request bytes=28 forwarded=1
1787008335.808949 publish topic=edge4av/airspan-tdd-downlink-location_3/raw-downlink/veh-001/response bytes=102432 forwarded=1
1787008336.047447 publish topic=edge4av/airspan-tdd-downlink-location_3/raw-downlink/veh-001/request bytes=28 forwarded=1
1787008336.049146 publish topic=edge4av/airspan-tdd-downlink-location_3/raw-downlink/veh-001/response bytes=102432 forwarded=1
1787008336.317854 publish topic=edge4av/airspan-tdd-downlink-location_3/raw-downlink/veh-001/request bytes=28 forwarded=1
1787008336.319466 publish topic=edge4av/airspan-tdd-downlink-location_3/raw-downlink/veh-001/response bytes=102432 forwarded=1
1787008336.558462 publish topic=edge4av/airspan-tdd-downlink-location_3/raw-downlink/veh-001/request bytes=28 forwarded=1
1787008336.560124 publish topic=edge4av/airspan-tdd-downlink-location_3/raw-downlink/veh-001/response bytes=102432 forwarded=1
1787008336.788500 publish topic=edge4av/airspan-tdd-downlink-location_3/raw-downlink/veh-001/request bytes=28 forwarded=1
1787008336.788921 publish topic=edge4av/airspan-tdd-downlink-location_3/raw-downlink/veh-001/response bytes=102432 forwarded=1
1787008337.039166 publish topic=edge4av/airspan-tdd-downlink-location_3/raw-downlink/veh-001/request bytes=28 forwarded=1
1787008337.040684 publish topic=edge4av/airspan-tdd-downlink-location_3/raw-downlink/veh-001/response bytes=102432 forwarded=1
1787008337.309020 publish topic=edge4av/airspan-tdd-downlink-location_3/raw-downlink/veh-001/request bytes=28 forwarded=1
1787008337.309676 publish topic=edge4av/airspan-tdd-downlink-location_3/raw-downlink/veh-001/response bytes=102432 forwarded=1
1787008337.559711 publish topic=edge4av/airspan-tdd-downlink-location_3/raw-downlink/veh-001/request bytes=28 forwarded=1
1787008337.561380 publish topic=edge4av/airspan-tdd-downlink-location_3/raw-downlink/veh-001/response bytes=102432 forwarded=1
1787008337.810012 publish topic=edge4av/airspan-tdd-downlink-location_3/raw-downlink/veh-001/request bytes=28 forwarded=1
1787008337.811682 publish topic=edge4av/airspan-tdd-downlink-location_3/raw-downlink/veh-001/response bytes=102432 forwarded=1
1787008338.070357 publish topic=edge4av/airspan-tdd-downlink-location_3/raw-downlink/veh-001/request bytes=28 forwarded=1
1787008338.071556 publish topic=edge4av/airspan-tdd-downlink-location_3/raw-downlink/veh-001/response bytes=102432 forwarded=1
1787008338.320899 publish topic=edge4av/airspan-tdd-downlink-location_3/raw-downlink/veh-001/request bytes=28 forwarded=1
1787008338.322345 publish topic=edge4av/airspan-tdd-downlink-location_3/raw-downlink/veh-001/response bytes=102432 forwarded=1
1787008338.581048 publish topic=edge4av/airspan-tdd-downlink-location_3/raw-downlink/veh-001/request bytes=28 forwarded=1
1787008338.583626 publish topic=edge4av/airspan-tdd-downlink-location_3/raw-downlink/veh-001/response bytes=102432 forwarded=1
1787008338.811576 publish topic=edge4av/airspan-tdd-downlink-location_3/raw-downlink/veh-001/request bytes=28 forwarded=1
1787008338.813421 publish topic=edge4av/airspan-tdd-downlink-location_3/raw-downlink/veh-001/response bytes=102432 forwarded=1
1787008339.051826 publish topic=edge4av/airspan-tdd-downlink-location_3/raw-downlink/veh-001/request bytes=28 forwarded=1
1787008339.052519 publish topic=edge4av/airspan-tdd-downlink-location_3/raw-downlink/veh-001/response bytes=102432 forwarded=1
1787008339.312737 publish topic=edge4av/airspan-tdd-downlink-location_3/raw-downlink/veh-001/request bytes=28 forwarded=1
1787008339.314507 publish topic=edge4av/airspan-tdd-downlink-location_3/raw-downlink/veh-001/response bytes=102432 forwarded=1
1787008339.582457 publish topic=edge4av/airspan-tdd-downlink-location_3/raw-downlink/veh-001/request bytes=28 forwarded=1
1787008339.583928 publish topic=edge4av/airspan-tdd-downlink-location_3/raw-downlink/veh-001/response bytes=102432 forwarded=1
1787008339.853098 publish topic=edge4av/airspan-tdd-downlink-location_3/raw-downlink/veh-001/request bytes=28 forwarded=1
1787008339.854545 publish topic=edge4av/airspan-tdd-downlink-location_3/raw-downlink/veh-001/response bytes=102432 forwarded=1
1787008340.093194 publish topic=edge4av/airspan-tdd-downlink-location_3/raw-downlink/veh-001/request bytes=28 forwarded=1
1787008340.094886 publish topic=edge4av/airspan-tdd-downlink-location_3/raw-downlink/veh-001/response bytes=102432 forwarded=1
1787008340.353386 publish topic=edge4av/airspan-tdd-downlink-location_3/raw-downlink/veh-001/request bytes=28 forwarded=1
1787008340.355041 publish topic=edge4av/airspan-tdd-downlink-location_3/raw-downlink/veh-001/response bytes=102432 forwarded=1
1787008340.583855 publish topic=edge4av/airspan-tdd-downlink-location_3/raw-downlink/veh-001/request bytes=28 forwarded=1
1787008340.585588 publish topic=edge4av/airspan-tdd-downlink-location_3/raw-downlink/veh-001/response bytes=102432 forwarded=1
1787008340.824333 publish topic=edge4av/airspan-tdd-downlink-location_3/raw-downlink/veh-001/request bytes=28 forwarded=1
1787008340.825782 publish topic=edge4av/airspan-tdd-downlink-location_3/raw-downlink/veh-001/response bytes=102432 forwarded=1
1787008341.084491 publish topic=edge4av/airspan-tdd-downlink-location_3/raw-downlink/veh-001/request bytes=28 forwarded=1
1787008341.085961 publish topic=edge4av/airspan-tdd-downlink-location_3/raw-downlink/veh-001/response bytes=102432 forwarded=1
1787008341.334638 publish topic=edge4av/airspan-tdd-downlink-location_3/raw-downlink/veh-001/request bytes=28 forwarded=1
1787008341.335299 publish topic=edge4av/airspan-tdd-downlink-location_3/raw-downlink/veh-001/response bytes=102432 forwarded=1
1787008341.605237 publish topic=edge4av/airspan-tdd-downlink-location_3/raw-downlink/veh-001/request bytes=28 forwarded=1
1787008341.606983 publish topic=edge4av/airspan-tdd-downlink-location_3/raw-downlink/veh-001/response bytes=102432 forwarded=1
1787008341.845266 publish topic=edge4av/airspan-tdd-downlink-location_3/raw-downlink/veh-001/request bytes=28 forwarded=1
1787008341.846138 publish topic=edge4av/airspan-tdd-downlink-location_3/raw-downlink/veh-001/response bytes=102432 forwarded=1
1787008342.075825 publish topic=edge4av/airspan-tdd-downlink-location_3/raw-downlink/veh-001/request bytes=28 forwarded=1
1787008342.077555 publish topic=edge4av/airspan-tdd-downlink-location_3/raw-downlink/veh-001/response bytes=102432 forwarded=1
1787008342.306154 publish topic=edge4av/airspan-tdd-downlink-location_3/raw-downlink/veh-001/request bytes=28 forwarded=1
1787008342.307551 publish topic=edge4av/airspan-tdd-downlink-location_3/raw-downlink/veh-001/response bytes=102432 forwarded=1
1787008342.546240 publish topic=edge4av/airspan-tdd-downlink-location_3/raw-downlink/veh-001/request bytes=28 forwarded=1
1787008342.547256 publish topic=edge4av/airspan-tdd-downlink-location_3/raw-downlink/veh-001/response bytes=102432 forwarded=1
1787008342.776657 publish topic=edge4av/airspan-tdd-downlink-location_3/raw-downlink/veh-001/request bytes=28 forwarded=1
1787008342.778294 publish topic=edge4av/airspan-tdd-downlink-location_3/raw-downlink/veh-001/response bytes=102432 forwarded=1
1787008343.006879 publish topic=edge4av/airspan-tdd-downlink-location_3/raw-downlink/veh-001/request bytes=28 forwarded=1
1787008343.008489 publish topic=edge4av/airspan-tdd-downlink-location_3/raw-downlink/veh-001/response bytes=102432 forwarded=1
1787008343.237370 publish topic=edge4av/airspan-tdd-downlink-location_3/raw-downlink/veh-001/request bytes=28 forwarded=1
1787008343.238651 publish topic=edge4av/airspan-tdd-downlink-location_3/raw-downlink/veh-001/response bytes=102432 forwarded=1
1787008343.477816 publish topic=edge4av/airspan-tdd-downlink-location_3/raw-downlink/veh-001/request bytes=28 forwarded=1
1787008343.479285 publish topic=edge4av/airspan-tdd-downlink-location_3/raw-downlink/veh-001/response bytes=102432 forwarded=1
1787008343.737940 publish topic=edge4av/airspan-tdd-downlink-location_3/raw-downlink/veh-001/request bytes=28 forwarded=1
1787008343.739362 publish topic=edge4av/airspan-tdd-downlink-location_3/raw-downlink/veh-001/response bytes=102432 forwarded=1
1787008343.968175 publish topic=edge4av/airspan-tdd-downlink-location_3/raw-downlink/veh-001/request bytes=28 forwarded=1
1787008343.968958 publish topic=edge4av/airspan-tdd-downlink-location_3/raw-downlink/veh-001/response bytes=102432 forwarded=1
1787008344.208505 publish topic=edge4av/airspan-tdd-downlink-location_3/raw-downlink/veh-001/request bytes=28 forwarded=1
1787008344.209250 publish topic=edge4av/airspan-tdd-downlink-location_3/raw-downlink/veh-001/response bytes=102432 forwarded=1
1787008344.438872 publish topic=edge4av/airspan-tdd-downlink-location_3/raw-downlink/veh-001/request bytes=28 forwarded=1
1787008344.440388 publish topic=edge4av/airspan-tdd-downlink-location_3/raw-downlink/veh-001/response bytes=102432 forwarded=1
1787008344.679330 publish topic=edge4av/airspan-tdd-downlink-location_3/raw-downlink/veh-001/request bytes=28 forwarded=1
1787008344.680360 publish topic=edge4av/airspan-tdd-downlink-location_3/raw-downlink/veh-001/response bytes=102432 forwarded=1
1787008344.929545 publish topic=edge4av/airspan-tdd-downlink-location_3/raw-downlink/veh-001/request bytes=28 forwarded=1
1787008344.931040 publish topic=edge4av/airspan-tdd-downlink-location_3/raw-downlink/veh-001/response bytes=102432 forwarded=1
1787008345.159828 publish topic=edge4av/airspan-tdd-downlink-location_3/raw-downlink/veh-001/request bytes=28 forwarded=1
1787008345.161364 publish topic=edge4av/airspan-tdd-downlink-location_3/raw-downlink/veh-001/response bytes=102432 forwarded=1
1787008345.420415 publish topic=edge4av/airspan-tdd-downlink-location_3/raw-downlink/veh-001/request bytes=28 forwarded=1
1787008345.422187 publish topic=edge4av/airspan-tdd-downlink-location_3/raw-downlink/veh-001/response bytes=102432 forwarded=1
1787008345.660507 publish topic=edge4av/airspan-tdd-downlink-location_3/raw-downlink/veh-001/request bytes=28 forwarded=1
1787008345.663577 publish topic=edge4av/airspan-tdd-downlink-location_3/raw-downlink/veh-001/response bytes=102432 forwarded=1
1787008345.920877 publish topic=edge4av/airspan-tdd-downlink-location_3/raw-downlink/veh-001/request bytes=28 forwarded=1
1787008345.921594 publish topic=edge4av/airspan-tdd-downlink-location_3/raw-downlink/veh-001/response bytes=102432 forwarded=1
1787008346.161334 publish topic=edge4av/airspan-tdd-downlink-location_3/raw-downlink/veh-001/request bytes=28 forwarded=1
1787008346.162726 publish topic=edge4av/airspan-tdd-downlink-location_3/raw-downlink/veh-001/response bytes=102432 forwarded=1
1787008346.401936 publish topic=edge4av/airspan-tdd-downlink-location_3/raw-downlink/veh-001/request bytes=28 forwarded=1
1787008346.403915 publish topic=edge4av/airspan-tdd-downlink-location_3/raw-downlink/veh-001/response bytes=102432 forwarded=1
1787008346.652119 publish topic=edge4av/airspan-tdd-downlink-location_3/raw-downlink/veh-001/request bytes=28 forwarded=1
1787008346.653590 publish topic=edge4av/airspan-tdd-downlink-location_3/raw-downlink/veh-001/response bytes=102432 forwarded=1
1787008346.922372 publish topic=edge4av/airspan-tdd-downlink-location_3/raw-downlink/veh-001/request bytes=28 forwarded=1
1787008346.924045 publish topic=edge4av/airspan-tdd-downlink-location_3/raw-downlink/veh-001/response bytes=102432 forwarded=1
1787008347.172843 publish topic=edge4av/airspan-tdd-downlink-location_3/raw-downlink/veh-001/request bytes=28 forwarded=1
1787008347.174356 publish topic=edge4av/airspan-tdd-downlink-location_3/raw-downlink/veh-001/response bytes=102432 forwarded=1
1787008347.413236 publish topic=edge4av/airspan-tdd-downlink-location_3/raw-downlink/veh-001/request bytes=28 forwarded=1
1787008347.414870 publish topic=edge4av/airspan-tdd-downlink-location_3/raw-downlink/veh-001/response bytes=102432 forwarded=1
1787008347.653301 publish topic=edge4av/airspan-tdd-downlink-location_3/raw-downlink/veh-001/request bytes=28 forwarded=1
1787008347.653968 publish topic=edge4av/airspan-tdd-downlink-location_3/raw-downlink/veh-001/response bytes=102432 forwarded=1
1787008347.903648 publish topic=edge4av/airspan-tdd-downlink-location_3/raw-downlink/veh-001/request bytes=28 forwarded=1
1787008347.905119 publish topic=edge4av/airspan-tdd-downlink-location_3/raw-downlink/veh-001/response bytes=102432 forwarded=1
1787008348.154222 publish topic=edge4av/airspan-tdd-downlink-location_3/raw-downlink/veh-001/request bytes=28 forwarded=1
1787008348.156271 publish topic=edge4av/airspan-tdd-downlink-location_3/raw-downlink/veh-001/response bytes=102432 forwarded=1
1787008348.384881 publish topic=edge4av/airspan-tdd-downlink-location_3/raw-downlink/veh-001/request bytes=28 forwarded=1
1787008348.386587 publish topic=edge4av/airspan-tdd-downlink-location_3/raw-downlink/veh-001/response bytes=102432 forwarded=1
1787008348.614739 publish topic=edge4av/airspan-tdd-downlink-location_3/raw-downlink/veh-001/request bytes=28 forwarded=1
1787008348.615656 publish topic=edge4av/airspan-tdd-downlink-location_3/raw-downlink/veh-001/response bytes=102432 forwarded=1
1787008348.844950 publish topic=edge4av/airspan-tdd-downlink-location_3/raw-downlink/veh-001/request bytes=28 forwarded=1
1787008348.845834 publish topic=edge4av/airspan-tdd-downlink-location_3/raw-downlink/veh-001/response bytes=102432 forwarded=1
1787008349.095160 publish topic=edge4av/airspan-tdd-downlink-location_3/raw-downlink/veh-001/request bytes=28 forwarded=1
1787008349.096667 publish topic=edge4av/airspan-tdd-downlink-location_3/raw-downlink/veh-001/response bytes=102432 forwarded=1
1787008349.355653 publish topic=edge4av/airspan-tdd-downlink-location_3/raw-downlink/veh-001/request bytes=28 forwarded=1
1787008349.357209 publish topic=edge4av/airspan-tdd-downlink-location_3/raw-downlink/veh-001/response bytes=102432 forwarded=1
1787008349.615903 publish topic=edge4av/airspan-tdd-downlink-location_3/raw-downlink/veh-001/request bytes=28 forwarded=1
1787008349.617208 publish topic=edge4av/airspan-tdd-downlink-location_3/raw-downlink/veh-001/response bytes=102432 forwarded=1
1787008349.846683 publish topic=edge4av/airspan-tdd-downlink-location_3/raw-downlink/veh-001/request bytes=28 forwarded=1
1787008349.848231 publish topic=edge4av/airspan-tdd-downlink-location_3/raw-downlink/veh-001/response bytes=102432 forwarded=1
1787008350.086623 publish topic=edge4av/airspan-tdd-downlink-location_3/raw-downlink/veh-001/request bytes=28 forwarded=1
1787008350.088168 publish topic=edge4av/airspan-tdd-downlink-location_3/raw-downlink/veh-001/response bytes=102432 forwarded=1
1787008350.326691 publish topic=edge4av/airspan-tdd-downlink-location_3/raw-downlink/veh-001/request bytes=28 forwarded=1
1787008350.327171 publish topic=edge4av/airspan-tdd-downlink-location_3/raw-downlink/veh-001/response bytes=102432 forwarded=1
1787008350.577344 publish topic=edge4av/airspan-tdd-downlink-location_3/raw-downlink/veh-001/request bytes=28 forwarded=1
1787008350.578791 publish topic=edge4av/airspan-tdd-downlink-location_3/raw-downlink/veh-001/response bytes=102432 forwarded=1
1787008350.837722 publish topic=edge4av/airspan-tdd-downlink-location_3/raw-downlink/veh-001/request bytes=28 forwarded=1
1787008350.839438 publish topic=edge4av/airspan-tdd-downlink-location_3/raw-downlink/veh-001/response bytes=102432 forwarded=1
1787008351.077938 publish topic=edge4av/airspan-tdd-downlink-location_3/raw-downlink/veh-001/request bytes=28 forwarded=1
1787008351.078840 publish topic=edge4av/airspan-tdd-downlink-location_3/raw-downlink/veh-001/response bytes=102432 forwarded=1
1787008351.338296 publish topic=edge4av/airspan-tdd-downlink-location_3/raw-downlink/veh-001/request bytes=28 forwarded=1
1787008351.339918 publish topic=edge4av/airspan-tdd-downlink-location_3/raw-downlink/veh-001/response bytes=102432 forwarded=1
1787008351.578627 publish topic=edge4av/airspan-tdd-downlink-location_3/raw-downlink/veh-001/request bytes=28 forwarded=1
1787008351.580063 publish topic=edge4av/airspan-tdd-downlink-location_3/raw-downlink/veh-001/response bytes=102432 forwarded=1
1787008351.809042 publish topic=edge4av/airspan-tdd-downlink-location_3/raw-downlink/veh-001/request bytes=28 forwarded=1
1787008351.810526 publish topic=edge4av/airspan-tdd-downlink-location_3/raw-downlink/veh-001/response bytes=102432 forwarded=1
1787008352.038984 publish topic=edge4av/airspan-tdd-downlink-location_3/raw-downlink/veh-001/request bytes=28 forwarded=1
1787008352.039482 publish topic=edge4av/airspan-tdd-downlink-location_3/raw-downlink/veh-001/response bytes=102432 forwarded=1
1787008352.269268 publish topic=edge4av/airspan-tdd-downlink-location_3/raw-downlink/veh-001/request bytes=28 forwarded=1
1787008352.269846 publish topic=edge4av/airspan-tdd-downlink-location_3/raw-downlink/veh-001/response bytes=102432 forwarded=1
1787008352.509942 publish topic=edge4av/airspan-tdd-downlink-location_3/raw-downlink/veh-001/request bytes=28 forwarded=1
1787008352.511442 publish topic=edge4av/airspan-tdd-downlink-location_3/raw-downlink/veh-001/response bytes=102432 forwarded=1
1787008352.769891 publish topic=edge4av/airspan-tdd-downlink-location_3/raw-downlink/veh-001/request bytes=28 forwarded=1
1787008352.770536 publish topic=edge4av/airspan-tdd-downlink-location_3/raw-downlink/veh-001/response bytes=102432 forwarded=1
1787008353.010504 publish topic=edge4av/airspan-tdd-downlink-location_3/raw-downlink/veh-001/request bytes=28 forwarded=1
1787008353.011950 publish topic=edge4av/airspan-tdd-downlink-location_3/raw-downlink/veh-001/response bytes=102432 forwarded=1
1787008353.270827 publish topic=edge4av/airspan-tdd-downlink-location_3/raw-downlink/veh-001/request bytes=28 forwarded=1
1787008353.272302 publish topic=edge4av/airspan-tdd-downlink-location_3/raw-downlink/veh-001/response bytes=102432 forwarded=1
1787008353.511200 publish topic=edge4av/airspan-tdd-downlink-location_3/raw-downlink/veh-001/request bytes=28 forwarded=1
1787008353.512936 publish topic=edge4av/airspan-tdd-downlink-location_3/raw-downlink/veh-001/response bytes=102432 forwarded=1
1787008353.771653 publish topic=edge4av/airspan-tdd-downlink-location_3/raw-downlink/veh-001/request bytes=28 forwarded=1
1787008353.773463 publish topic=edge4av/airspan-tdd-downlink-location_3/raw-downlink/veh-001/response bytes=102432 forwarded=1
1787008354.032044 publish topic=edge4av/airspan-tdd-downlink-location_3/raw-downlink/veh-001/request bytes=28 forwarded=1
1787008354.033768 publish topic=edge4av/airspan-tdd-downlink-location_3/raw-downlink/veh-001/response bytes=102432 forwarded=1
1787008354.272178 publish topic=edge4av/airspan-tdd-downlink-location_3/raw-downlink/veh-001/request bytes=28 forwarded=1
1787008354.273757 publish topic=edge4av/airspan-tdd-downlink-location_3/raw-downlink/veh-001/response bytes=102432 forwarded=1
1787008354.512190 publish topic=edge4av/airspan-tdd-downlink-location_3/raw-downlink/veh-001/request bytes=28 forwarded=1
1787008354.512777 publish topic=edge4av/airspan-tdd-downlink-location_3/raw-downlink/veh-001/response bytes=102432 forwarded=1
1787008354.752857 publish topic=edge4av/airspan-tdd-downlink-location_3/raw-downlink/veh-001/request bytes=28 forwarded=1
1787008354.754572 publish topic=edge4av/airspan-tdd-downlink-location_3/raw-downlink/veh-001/response bytes=102432 forwarded=1
1787008355.013327 publish topic=edge4av/airspan-tdd-downlink-location_3/raw-downlink/veh-001/request bytes=28 forwarded=1
1787008355.015013 publish topic=edge4av/airspan-tdd-downlink-location_3/raw-downlink/veh-001/response bytes=102432 forwarded=1
1787008355.253393 publish topic=edge4av/airspan-tdd-downlink-location_3/raw-downlink/veh-001/request bytes=28 forwarded=1
1787008355.254870 publish topic=edge4av/airspan-tdd-downlink-location_3/raw-downlink/veh-001/response bytes=102432 forwarded=1
1787008355.534090 publish topic=edge4av/airspan-tdd-downlink-location_3/raw-downlink/veh-001/request bytes=28 forwarded=1
1787008355.535736 publish topic=edge4av/airspan-tdd-downlink-location_3/raw-downlink/veh-001/response bytes=102432 forwarded=1
1787008355.784354 publish topic=edge4av/airspan-tdd-downlink-location_3/raw-downlink/veh-001/request bytes=28 forwarded=1
1787008355.785852 publish topic=edge4av/airspan-tdd-downlink-location_3/raw-downlink/veh-001/response bytes=102432 forwarded=1
1787008356.014342 publish topic=edge4av/airspan-tdd-downlink-location_3/raw-downlink/veh-001/request bytes=28 forwarded=1
1787008356.016024 publish topic=edge4av/airspan-tdd-downlink-location_3/raw-downlink/veh-001/response bytes=102432 forwarded=1
1787008356.244736 publish topic=edge4av/airspan-tdd-downlink-location_3/raw-downlink/veh-001/request bytes=28 forwarded=1
1787008356.246456 publish topic=edge4av/airspan-tdd-downlink-location_3/raw-downlink/veh-001/response bytes=102432 forwarded=1
1787008356.474898 publish topic=edge4av/airspan-tdd-downlink-location_3/raw-downlink/veh-001/request bytes=28 forwarded=1
1787008356.476527 publish topic=edge4av/airspan-tdd-downlink-location_3/raw-downlink/veh-001/response bytes=102432 forwarded=1
1787008356.715162 publish topic=edge4av/airspan-tdd-downlink-location_3/raw-downlink/veh-001/request bytes=28 forwarded=1
1787008356.716835 publish topic=edge4av/airspan-tdd-downlink-location_3/raw-downlink/veh-001/response bytes=102432 forwarded=1
1787008356.975376 publish topic=edge4av/airspan-tdd-downlink-location_3/raw-downlink/veh-001/request bytes=28 forwarded=1
1787008356.976780 publish topic=edge4av/airspan-tdd-downlink-location_3/raw-downlink/veh-001/response bytes=102432 forwarded=1
1787008357.236007 publish topic=edge4av/airspan-tdd-downlink-location_3/raw-downlink/veh-001/request bytes=28 forwarded=1
1787008357.237552 publish topic=edge4av/airspan-tdd-downlink-location_3/raw-downlink/veh-001/response bytes=102432 forwarded=1
1787008357.465946 publish topic=edge4av/airspan-tdd-downlink-location_3/raw-downlink/veh-001/request bytes=28 forwarded=1
1787008357.467312 publish topic=edge4av/airspan-tdd-downlink-location_3/raw-downlink/veh-001/response bytes=102432 forwarded=1
1787008357.696331 publish topic=edge4av/airspan-tdd-downlink-location_3/raw-downlink/veh-001/request bytes=28 forwarded=1
1787008357.697588 publish topic=edge4av/airspan-tdd-downlink-location_3/raw-downlink/veh-001/response bytes=102432 forwarded=1
1787008357.926427 publish topic=edge4av/airspan-tdd-downlink-location_3/raw-downlink/veh-001/request bytes=28 forwarded=1
1787008357.927041 publish topic=edge4av/airspan-tdd-downlink-location_3/raw-downlink/veh-001/response bytes=102432 forwarded=1
1787008358.156744 publish topic=edge4av/airspan-tdd-downlink-location_3/raw-downlink/veh-001/request bytes=28 forwarded=1
1787008358.158670 publish topic=edge4av/airspan-tdd-downlink-location_3/raw-downlink/veh-001/response bytes=102432 forwarded=1
1787008358.406990 publish topic=edge4av/airspan-tdd-downlink-location_3/raw-downlink/veh-001/request bytes=28 forwarded=1
1787008358.408428 publish topic=edge4av/airspan-tdd-downlink-location_3/raw-downlink/veh-001/response bytes=102432 forwarded=1
1787008358.657550 publish topic=edge4av/airspan-tdd-downlink-location_3/raw-downlink/veh-001/request bytes=28 forwarded=1
1787008358.659001 publish topic=edge4av/airspan-tdd-downlink-location_3/raw-downlink/veh-001/response bytes=102432 forwarded=1
1787008358.917763 publish topic=edge4av/airspan-tdd-downlink-location_3/raw-downlink/veh-001/request bytes=28 forwarded=1
1787008358.919467 publish topic=edge4av/airspan-tdd-downlink-location_3/raw-downlink/veh-001/response bytes=102432 forwarded=1
1787008359.158173 publish topic=edge4av/airspan-tdd-downlink-location_3/raw-downlink/veh-001/request bytes=28 forwarded=1
1787008359.159884 publish topic=edge4av/airspan-tdd-downlink-location_3/raw-downlink/veh-001/response bytes=102432 forwarded=1
1787008359.418270 publish topic=edge4av/airspan-tdd-downlink-location_3/raw-downlink/veh-001/request bytes=28 forwarded=1
1787008359.420196 publish topic=edge4av/airspan-tdd-downlink-location_3/raw-downlink/veh-001/response bytes=102432 forwarded=1
1787008359.658480 publish topic=edge4av/airspan-tdd-downlink-location_3/raw-downlink/veh-001/request bytes=28 forwarded=1
1787008359.659208 publish topic=edge4av/airspan-tdd-downlink-location_3/raw-downlink/veh-001/response bytes=102432 forwarded=1
1787008359.898921 publish topic=edge4av/airspan-tdd-downlink-location_3/raw-downlink/veh-001/request bytes=28 forwarded=1
1787008359.900560 publish topic=edge4av/airspan-tdd-downlink-location_3/raw-downlink/veh-001/response bytes=102432 forwarded=1
1787008360.149315 publish topic=edge4av/airspan-tdd-downlink-location_3/raw-downlink/veh-001/request bytes=28 forwarded=1
1787008360.150830 publish topic=edge4av/airspan-tdd-downlink-location_3/raw-downlink/veh-001/response bytes=102432 forwarded=1
1787008360.379760 publish topic=edge4av/airspan-tdd-downlink-location_3/raw-downlink/veh-001/request bytes=28 forwarded=1
1787008360.381404 publish topic=edge4av/airspan-tdd-downlink-location_3/raw-downlink/veh-001/response bytes=102432 forwarded=1
1787008360.629854 publish topic=edge4av/airspan-tdd-downlink-location_3/raw-downlink/veh-001/request bytes=28 forwarded=1
1787008360.630446 publish topic=edge4av/airspan-tdd-downlink-location_3/raw-downlink/veh-001/response bytes=102432 forwarded=1
1787008360.900120 publish topic=edge4av/airspan-tdd-downlink-location_3/raw-downlink/veh-001/request bytes=28 forwarded=1
1787008360.901496 publish topic=edge4av/airspan-tdd-downlink-location_3/raw-downlink/veh-001/response bytes=102432 forwarded=1
1787008361.140557 publish topic=edge4av/airspan-tdd-downlink-location_3/raw-downlink/veh-001/request bytes=28 forwarded=1
1787008361.142123 publish topic=edge4av/airspan-tdd-downlink-location_3/raw-downlink/veh-001/response bytes=102432 forwarded=1
1787008361.390693 publish topic=edge4av/airspan-tdd-downlink-location_3/raw-downlink/veh-001/request bytes=28 forwarded=1
1787008361.391165 publish topic=edge4av/airspan-tdd-downlink-location_3/raw-downlink/veh-001/response bytes=102432 forwarded=1
1787008361.631245 publish topic=edge4av/airspan-tdd-downlink-location_3/raw-downlink/veh-001/request bytes=28 forwarded=1
1787008361.632253 publish topic=edge4av/airspan-tdd-downlink-location_3/raw-downlink/veh-001/response bytes=102432 forwarded=1
1787008361.871404 publish topic=edge4av/airspan-tdd-downlink-location_3/raw-downlink/veh-001/request bytes=28 forwarded=1
1787008361.872334 publish topic=edge4av/airspan-tdd-downlink-location_3/raw-downlink/veh-001/response bytes=102432 forwarded=1
1787008362.111653 publish topic=edge4av/airspan-tdd-downlink-location_3/raw-downlink/veh-001/request bytes=28 forwarded=1
1787008362.113397 publish topic=edge4av/airspan-tdd-downlink-location_3/raw-downlink/veh-001/response bytes=102432 forwarded=1
1787008362.362211 publish topic=edge4av/airspan-tdd-downlink-location_3/raw-downlink/veh-001/request bytes=28 forwarded=1
1787008362.363616 publish topic=edge4av/airspan-tdd-downlink-location_3/raw-downlink/veh-001/response bytes=102432 forwarded=1
1787008362.612537 publish topic=edge4av/airspan-tdd-downlink-location_3/raw-downlink/veh-001/request bytes=28 forwarded=1
1787008362.614087 publish topic=edge4av/airspan-tdd-downlink-location_3/raw-downlink/veh-001/response bytes=102432 forwarded=1
1787008362.852861 publish topic=edge4av/airspan-tdd-downlink-location_3/raw-downlink/veh-001/request bytes=28 forwarded=1
1787008362.854288 publish topic=edge4av/airspan-tdd-downlink-location_3/raw-downlink/veh-001/response bytes=102432 forwarded=1
1787008363.103147 publish topic=edge4av/airspan-tdd-downlink-location_3/raw-downlink/veh-001/request bytes=28 forwarded=1
1787008363.104457 publish topic=edge4av/airspan-tdd-downlink-location_3/raw-downlink/veh-001/response bytes=102432 forwarded=1
1787008363.343279 publish topic=edge4av/airspan-tdd-downlink-location_3/raw-downlink/veh-001/request bytes=28 forwarded=1
1787008363.344825 publish topic=edge4av/airspan-tdd-downlink-location_3/raw-downlink/veh-001/response bytes=102432 forwarded=1
1787008363.603662 publish topic=edge4av/airspan-tdd-downlink-location_3/raw-downlink/veh-001/request bytes=28 forwarded=1
1787008363.604722 publish topic=edge4av/airspan-tdd-downlink-location_3/raw-downlink/veh-001/response bytes=102432 forwarded=1
1787008363.834083 publish topic=edge4av/airspan-tdd-downlink-location_3/raw-downlink/veh-001/request bytes=28 forwarded=1
1787008363.835562 publish topic=edge4av/airspan-tdd-downlink-location_3/raw-downlink/veh-001/response bytes=102432 forwarded=1
1787008364.064515 publish topic=edge4av/airspan-tdd-downlink-location_3/raw-downlink/veh-001/request bytes=28 forwarded=1
1787008364.066116 publish topic=edge4av/airspan-tdd-downlink-location_3/raw-downlink/veh-001/response bytes=102432 forwarded=1
1787008364.304855 publish topic=edge4av/airspan-tdd-downlink-location_3/raw-downlink/veh-001/request bytes=28 forwarded=1
1787008364.306562 publish topic=edge4av/airspan-tdd-downlink-location_3/raw-downlink/veh-001/response bytes=102432 forwarded=1
1787008364.545120 publish topic=edge4av/airspan-tdd-downlink-location_3/raw-downlink/veh-001/request bytes=28 forwarded=1
1787008364.546810 publish topic=edge4av/airspan-tdd-downlink-location_3/raw-downlink/veh-001/response bytes=102432 forwarded=1
1787008364.805508 publish topic=edge4av/airspan-tdd-downlink-location_3/raw-downlink/veh-001/request bytes=28 forwarded=1
1787008364.806794 publish topic=edge4av/airspan-tdd-downlink-location_3/raw-downlink/veh-001/response bytes=102432 forwarded=1
1787008365.035714 publish topic=edge4av/airspan-tdd-downlink-location_3/raw-downlink/veh-001/request bytes=28 forwarded=1
1787008365.036414 publish topic=edge4av/airspan-tdd-downlink-location_3/raw-downlink/veh-001/response bytes=102432 forwarded=1
1787008365.266017 publish topic=edge4av/airspan-tdd-downlink-location_3/raw-downlink/veh-001/request bytes=28 forwarded=1
1787008365.267454 publish topic=edge4av/airspan-tdd-downlink-location_3/raw-downlink/veh-001/response bytes=102432 forwarded=1
1787008365.496107 publish topic=edge4av/airspan-tdd-downlink-location_3/raw-downlink/veh-001/request bytes=28 forwarded=1
1787008365.497678 publish topic=edge4av/airspan-tdd-downlink-location_3/raw-downlink/veh-001/response bytes=102432 forwarded=1
1787008365.726577 publish topic=edge4av/airspan-tdd-downlink-location_3/raw-downlink/veh-001/request bytes=28 forwarded=1
1787008365.728238 publish topic=edge4av/airspan-tdd-downlink-location_3/raw-downlink/veh-001/response bytes=102432 forwarded=1
1787008365.956904 publish topic=edge4av/airspan-tdd-downlink-location_3/raw-downlink/veh-001/request bytes=28 forwarded=1
1787008365.958397 publish topic=edge4av/airspan-tdd-downlink-location_3/raw-downlink/veh-001/response bytes=102432 forwarded=1
1787008366.206952 publish topic=edge4av/airspan-tdd-downlink-location_3/raw-downlink/veh-001/request bytes=28 forwarded=1
1787008366.207517 publish topic=edge4av/airspan-tdd-downlink-location_3/raw-downlink/veh-001/response bytes=102432 forwarded=1
1787008366.467191 publish topic=edge4av/airspan-tdd-downlink-location_3/raw-downlink/veh-001/request bytes=28 forwarded=1
1787008366.467747 publish topic=edge4av/airspan-tdd-downlink-location_3/raw-downlink/veh-001/response bytes=102432 forwarded=1
1787008366.697774 publish topic=edge4av/airspan-tdd-downlink-location_3/raw-downlink/veh-001/request bytes=28 forwarded=1
1787008366.699195 publish topic=edge4av/airspan-tdd-downlink-location_3/raw-downlink/veh-001/response bytes=102432 forwarded=1
1787008366.927870 publish topic=edge4av/airspan-tdd-downlink-location_3/raw-downlink/veh-001/request bytes=28 forwarded=1
1787008366.928564 publish topic=edge4av/airspan-tdd-downlink-location_3/raw-downlink/veh-001/response bytes=102432 forwarded=1
1787008367.158445 publish topic=edge4av/airspan-tdd-downlink-location_3/raw-downlink/veh-001/request bytes=28 forwarded=1
1787008367.160008 publish topic=edge4av/airspan-tdd-downlink-location_3/raw-downlink/veh-001/response bytes=102432 forwarded=1
1787008367.388995 publish topic=edge4av/airspan-tdd-downlink-location_3/raw-downlink/veh-001/request bytes=28 forwarded=1
1787008367.390703 publish topic=edge4av/airspan-tdd-downlink-location_3/raw-downlink/veh-001/response bytes=102432 forwarded=1
1787008367.638927 publish topic=edge4av/airspan-tdd-downlink-location_3/raw-downlink/veh-001/request bytes=28 forwarded=1
1787008367.639416 publish topic=edge4av/airspan-tdd-downlink-location_3/raw-downlink/veh-001/response bytes=102432 forwarded=1
1787008367.909485 publish topic=edge4av/airspan-tdd-downlink-location_3/raw-downlink/veh-001/request bytes=28 forwarded=1
1787008367.910970 publish topic=edge4av/airspan-tdd-downlink-location_3/raw-downlink/veh-001/response bytes=102432 forwarded=1
1787008368.149513 publish topic=edge4av/airspan-tdd-downlink-location_3/raw-downlink/veh-001/request bytes=28 forwarded=1
1787008368.150332 publish topic=edge4av/airspan-tdd-downlink-location_3/raw-downlink/veh-001/response bytes=102432 forwarded=1
1787008368.400027 publish topic=edge4av/airspan-tdd-downlink-location_3/raw-downlink/veh-001/request bytes=28 forwarded=1
1787008368.401733 publish topic=edge4av/airspan-tdd-downlink-location_3/raw-downlink/veh-001/response bytes=102432 forwarded=1
1787008368.640266 publish topic=edge4av/airspan-tdd-downlink-location_3/raw-downlink/veh-001/request bytes=28 forwarded=1
1787008368.641778 publish topic=edge4av/airspan-tdd-downlink-location_3/raw-downlink/veh-001/response bytes=102432 forwarded=1
1787008368.870656 publish topic=edge4av/airspan-tdd-downlink-location_3/raw-downlink/veh-001/request bytes=28 forwarded=1
1787008368.872256 publish topic=edge4av/airspan-tdd-downlink-location_3/raw-downlink/veh-001/response bytes=102432 forwarded=1
1787008369.111272 publish topic=edge4av/airspan-tdd-downlink-location_3/raw-downlink/veh-001/request bytes=28 forwarded=1
1787008369.113187 publish topic=edge4av/airspan-tdd-downlink-location_3/raw-downlink/veh-001/response bytes=102432 forwarded=1
1787008369.361173 publish topic=edge4av/airspan-tdd-downlink-location_3/raw-downlink/veh-001/request bytes=28 forwarded=1
1787008369.362130 publish topic=edge4av/airspan-tdd-downlink-location_3/raw-downlink/veh-001/response bytes=102432 forwarded=1
1787008369.621688 publish topic=edge4av/airspan-tdd-downlink-location_3/raw-downlink/veh-001/request bytes=28 forwarded=1
1787008369.623359 publish topic=edge4av/airspan-tdd-downlink-location_3/raw-downlink/veh-001/response bytes=102432 forwarded=1
1787008369.861966 publish topic=edge4av/airspan-tdd-downlink-location_3/raw-downlink/veh-001/request bytes=28 forwarded=1
1787008369.862910 publish topic=edge4av/airspan-tdd-downlink-location_3/raw-downlink/veh-001/response bytes=102432 forwarded=1
1787008370.112525 publish topic=edge4av/airspan-tdd-downlink-location_3/raw-downlink/veh-001/request bytes=28 forwarded=1
1787008370.114196 publish topic=edge4av/airspan-tdd-downlink-location_3/raw-downlink/veh-001/response bytes=102432 forwarded=1
1787008370.352801 publish topic=edge4av/airspan-tdd-downlink-location_3/raw-downlink/veh-001/request bytes=28 forwarded=1
1787008370.354221 publish topic=edge4av/airspan-tdd-downlink-location_3/raw-downlink/veh-001/response bytes=102432 forwarded=1
1787008370.593042 publish topic=edge4av/airspan-tdd-downlink-location_3/raw-downlink/veh-001/request bytes=28 forwarded=1
1787008370.594475 publish topic=edge4av/airspan-tdd-downlink-location_3/raw-downlink/veh-001/response bytes=102432 forwarded=1
1787008370.833506 publish topic=edge4av/airspan-tdd-downlink-location_3/raw-downlink/veh-001/request bytes=28 forwarded=1
1787008370.834981 publish topic=edge4av/airspan-tdd-downlink-location_3/raw-downlink/veh-001/response bytes=102432 forwarded=1
1787008371.073688 publish topic=edge4av/airspan-tdd-downlink-location_3/raw-downlink/veh-001/request bytes=28 forwarded=1
1787008371.074857 publish topic=edge4av/airspan-tdd-downlink-location_3/raw-downlink/veh-001/response bytes=102432 forwarded=1
1787008371.304020 publish topic=edge4av/airspan-tdd-downlink-location_3/raw-downlink/veh-001/request bytes=28 forwarded=1
1787008371.305549 publish topic=edge4av/airspan-tdd-downlink-location_3/raw-downlink/veh-001/response bytes=102432 forwarded=1
1787008371.533961 publish topic=edge4av/airspan-tdd-downlink-location_3/raw-downlink/veh-001/request bytes=28 forwarded=1
1787008371.534533 publish topic=edge4av/airspan-tdd-downlink-location_3/raw-downlink/veh-001/response bytes=102432 forwarded=1
1787008371.764737 publish topic=edge4av/airspan-tdd-downlink-location_3/raw-downlink/veh-001/request bytes=28 forwarded=1
1787008371.766209 publish topic=edge4av/airspan-tdd-downlink-location_3/raw-downlink/veh-001/response bytes=102432 forwarded=1
1787008371.994935 publish topic=edge4av/airspan-tdd-downlink-location_3/raw-downlink/veh-001/request bytes=28 forwarded=1
1787008371.996380 publish topic=edge4av/airspan-tdd-downlink-location_3/raw-downlink/veh-001/response bytes=102432 forwarded=1
1787008372.225160 publish topic=edge4av/airspan-tdd-downlink-location_3/raw-downlink/veh-001/request bytes=28 forwarded=1
1787008372.226553 publish topic=edge4av/airspan-tdd-downlink-location_3/raw-downlink/veh-001/response bytes=102432 forwarded=1
1787008372.465371 publish topic=edge4av/airspan-tdd-downlink-location_3/raw-downlink/veh-001/request bytes=28 forwarded=1
1787008372.466993 publish topic=edge4av/airspan-tdd-downlink-location_3/raw-downlink/veh-001/response bytes=102432 forwarded=1
1787008372.725803 publish topic=edge4av/airspan-tdd-downlink-location_3/raw-downlink/veh-001/request bytes=28 forwarded=1
1787008372.726641 publish topic=edge4av/airspan-tdd-downlink-location_3/raw-downlink/veh-001/response bytes=102432 forwarded=1
1787008372.956019 publish topic=edge4av/airspan-tdd-downlink-location_3/raw-downlink/veh-001/request bytes=28 forwarded=1
1787008372.957487 publish topic=edge4av/airspan-tdd-downlink-location_3/raw-downlink/veh-001/response bytes=102432 forwarded=1
1787008373.196531 publish topic=edge4av/airspan-tdd-downlink-location_3/raw-downlink/veh-001/request bytes=28 forwarded=1
1787008373.197436 publish topic=edge4av/airspan-tdd-downlink-location_3/raw-downlink/veh-001/response bytes=102432 forwarded=1
1787008373.426798 publish topic=edge4av/airspan-tdd-downlink-location_3/raw-downlink/veh-001/request bytes=28 forwarded=1
1787008373.428252 publish topic=edge4av/airspan-tdd-downlink-location_3/raw-downlink/veh-001/response bytes=102432 forwarded=1
1787008373.666939 publish topic=edge4av/airspan-tdd-downlink-location_3/raw-downlink/veh-001/request bytes=28 forwarded=1
1787008373.668648 publish topic=edge4av/airspan-tdd-downlink-location_3/raw-downlink/veh-001/response bytes=102432 forwarded=1
1787008373.907423 publish topic=edge4av/airspan-tdd-downlink-location_3/raw-downlink/veh-001/request bytes=28 forwarded=1
1787008373.908947 publish topic=edge4av/airspan-tdd-downlink-location_3/raw-downlink/veh-001/response bytes=102432 forwarded=1
1787008374.137494 publish topic=edge4av/airspan-tdd-downlink-location_3/raw-downlink/veh-001/request bytes=28 forwarded=1
1787008374.139866 publish topic=edge4av/airspan-tdd-downlink-location_3/raw-downlink/veh-001/response bytes=102432 forwarded=1
1787008374.367847 publish topic=edge4av/airspan-tdd-downlink-location_3/raw-downlink/veh-001/request bytes=28 forwarded=1
1787008374.370158 publish topic=edge4av/airspan-tdd-downlink-location_3/raw-downlink/veh-001/response bytes=102432 forwarded=1
1787008374.598207 publish topic=edge4av/airspan-tdd-downlink-location_3/raw-downlink/veh-001/request bytes=28 forwarded=1
1787008374.599643 publish topic=edge4av/airspan-tdd-downlink-location_3/raw-downlink/veh-001/response bytes=102432 forwarded=1
1787008374.828816 publish topic=edge4av/airspan-tdd-downlink-location_3/raw-downlink/veh-001/request bytes=28 forwarded=1
1787008374.830501 publish topic=edge4av/airspan-tdd-downlink-location_3/raw-downlink/veh-001/response bytes=102432 forwarded=1
1787008375.059005 publish topic=edge4av/airspan-tdd-downlink-location_3/raw-downlink/veh-001/request bytes=28 forwarded=1
1787008375.060701 publish topic=edge4av/airspan-tdd-downlink-location_3/raw-downlink/veh-001/response bytes=102432 forwarded=1
1787008375.299144 publish topic=edge4av/airspan-tdd-downlink-location_3/raw-downlink/veh-001/request bytes=28 forwarded=1
1787008375.300879 publish topic=edge4av/airspan-tdd-downlink-location_3/raw-downlink/veh-001/response bytes=102432 forwarded=1
1787008375.549264 publish topic=edge4av/airspan-tdd-downlink-location_3/raw-downlink/veh-001/request bytes=28 forwarded=1
1787008375.550111 publish topic=edge4av/airspan-tdd-downlink-location_3/raw-downlink/veh-001/response bytes=102432 forwarded=1
1787008375.809985 publish topic=edge4av/airspan-tdd-downlink-location_3/raw-downlink/veh-001/request bytes=28 forwarded=1
1787008375.811428 publish topic=edge4av/airspan-tdd-downlink-location_3/raw-downlink/veh-001/response bytes=102432 forwarded=1
1787008376.070149 publish topic=edge4av/airspan-tdd-downlink-location_3/raw-downlink/veh-001/request bytes=28 forwarded=1
1787008376.071642 publish topic=edge4av/airspan-tdd-downlink-location_3/raw-downlink/veh-001/response bytes=102432 forwarded=1
1787008376.310312 publish topic=edge4av/airspan-tdd-downlink-location_3/raw-downlink/veh-001/request bytes=28 forwarded=1
1787008376.311979 publish topic=edge4av/airspan-tdd-downlink-location_3/raw-downlink/veh-001/response bytes=102432 forwarded=1
1787008376.570691 publish topic=edge4av/airspan-tdd-downlink-location_3/raw-downlink/veh-001/request bytes=28 forwarded=1
1787008376.572237 publish topic=edge4av/airspan-tdd-downlink-location_3/raw-downlink/veh-001/response bytes=102432 forwarded=1
1787008376.810663 publish topic=edge4av/airspan-tdd-downlink-location_3/raw-downlink/veh-001/request bytes=28 forwarded=1
1787008376.811199 publish topic=edge4av/airspan-tdd-downlink-location_3/raw-downlink/veh-001/response bytes=102432 forwarded=1
1787008377.071591 publish topic=edge4av/airspan-tdd-downlink-location_3/raw-downlink/veh-001/request bytes=28 forwarded=1
1787008377.073102 publish topic=edge4av/airspan-tdd-downlink-location_3/raw-downlink/veh-001/response bytes=102432 forwarded=1
1787008377.321439 publish topic=edge4av/airspan-tdd-downlink-location_3/raw-downlink/veh-001/request bytes=28 forwarded=1
1787008377.322394 publish topic=edge4av/airspan-tdd-downlink-location_3/raw-downlink/veh-001/response bytes=102432 forwarded=1
1787008377.582185 publish topic=edge4av/airspan-tdd-downlink-location_3/raw-downlink/veh-001/request bytes=28 forwarded=1
1787008377.583921 publish topic=edge4av/airspan-tdd-downlink-location_3/raw-downlink/veh-001/response bytes=102432 forwarded=1
1787008377.822387 publish topic=edge4av/airspan-tdd-downlink-location_3/raw-downlink/veh-001/request bytes=28 forwarded=1
1787008377.824270 publish topic=edge4av/airspan-tdd-downlink-location_3/raw-downlink/veh-001/response bytes=102432 forwarded=1
1787008378.082695 publish topic=edge4av/airspan-tdd-downlink-location_3/raw-downlink/veh-001/request bytes=28 forwarded=1
1787008378.084588 publish topic=edge4av/airspan-tdd-downlink-location_3/raw-downlink/veh-001/response bytes=102432 forwarded=1
1787008378.322985 publish topic=edge4av/airspan-tdd-downlink-location_3/raw-downlink/veh-001/request bytes=28 forwarded=1
1787008378.324742 publish topic=edge4av/airspan-tdd-downlink-location_3/raw-downlink/veh-001/response bytes=102432 forwarded=1
1787008378.563397 publish topic=edge4av/airspan-tdd-downlink-location_3/raw-downlink/veh-001/request bytes=28 forwarded=1
1787008378.564903 publish topic=edge4av/airspan-tdd-downlink-location_3/raw-downlink/veh-001/response bytes=102432 forwarded=1
1787008378.793377 publish topic=edge4av/airspan-tdd-downlink-location_3/raw-downlink/veh-001/request bytes=28 forwarded=1
1787008378.794132 publish topic=edge4av/airspan-tdd-downlink-location_3/raw-downlink/veh-001/response bytes=102432 forwarded=1
1787008379.043804 publish topic=edge4av/airspan-tdd-downlink-location_3/raw-downlink/veh-001/request bytes=28 forwarded=1
1787008379.044595 publish topic=edge4av/airspan-tdd-downlink-location_3/raw-downlink/veh-001/response bytes=102432 forwarded=1
1787008379.294310 publish topic=edge4av/airspan-tdd-downlink-location_3/raw-downlink/veh-001/request bytes=28 forwarded=1
1787008379.295815 publish topic=edge4av/airspan-tdd-downlink-location_3/raw-downlink/veh-001/response bytes=102432 forwarded=1
1787008379.525144 publish topic=edge4av/airspan-tdd-downlink-location_3/raw-downlink/veh-001/request bytes=28 forwarded=1
1787008379.526930 publish topic=edge4av/airspan-tdd-downlink-location_3/raw-downlink/veh-001/response bytes=102432 forwarded=1
1787008379.755020 publish topic=edge4av/airspan-tdd-downlink-location_3/raw-downlink/veh-001/request bytes=28 forwarded=1
1787008379.756448 publish topic=edge4av/airspan-tdd-downlink-location_3/raw-downlink/veh-001/response bytes=102432 forwarded=1
1787008379.984918 publish topic=edge4av/airspan-tdd-downlink-location_3/raw-downlink/veh-001/request bytes=28 forwarded=1
1787008379.985483 publish topic=edge4av/airspan-tdd-downlink-location_3/raw-downlink/veh-001/response bytes=102432 forwarded=1
1787008380.215344 publish topic=edge4av/airspan-tdd-downlink-location_3/raw-downlink/veh-001/request bytes=28 forwarded=1
1787008380.216051 publish topic=edge4av/airspan-tdd-downlink-location_3/raw-downlink/veh-001/response bytes=102432 forwarded=1
1787008380.445441 publish topic=edge4av/airspan-tdd-downlink-location_3/raw-downlink/veh-001/request bytes=28 forwarded=1
1787008380.446012 publish topic=edge4av/airspan-tdd-downlink-location_3/raw-downlink/veh-001/response bytes=102432 forwarded=1
1787008380.706213 publish topic=edge4av/airspan-tdd-downlink-location_3/raw-downlink/veh-001/request bytes=28 forwarded=1
1787008380.707997 publish topic=edge4av/airspan-tdd-downlink-location_3/raw-downlink/veh-001/response bytes=102432 forwarded=1
1787008380.966616 publish topic=edge4av/airspan-tdd-downlink-location_3/raw-downlink/veh-001/request bytes=28 forwarded=1
1787008380.968019 publish topic=edge4av/airspan-tdd-downlink-location_3/raw-downlink/veh-001/response bytes=102432 forwarded=1
1787008381.196872 publish topic=edge4av/airspan-tdd-downlink-location_3/raw-downlink/veh-001/request bytes=28 forwarded=1
1787008381.197710 publish topic=edge4av/airspan-tdd-downlink-location_3/raw-downlink/veh-001/response bytes=102432 forwarded=1
1787008381.427287 publish topic=edge4av/airspan-tdd-downlink-location_3/raw-downlink/veh-001/request bytes=28 forwarded=1
1787008381.428770 publish topic=edge4av/airspan-tdd-downlink-location_3/raw-downlink/veh-001/response bytes=102432 forwarded=1
1787008381.667197 publish topic=edge4av/airspan-tdd-downlink-location_3/raw-downlink/veh-001/request bytes=28 forwarded=1
1787008381.668802 publish topic=edge4av/airspan-tdd-downlink-location_3/raw-downlink/veh-001/response bytes=102432 forwarded=1
1787008381.917661 publish topic=edge4av/airspan-tdd-downlink-location_3/raw-downlink/veh-001/request bytes=28 forwarded=1
1787008381.918350 publish topic=edge4av/airspan-tdd-downlink-location_3/raw-downlink/veh-001/response bytes=102432 forwarded=1
1787008382.178056 publish topic=edge4av/airspan-tdd-downlink-location_3/raw-downlink/veh-001/request bytes=28 forwarded=1
1787008382.179875 publish topic=edge4av/airspan-tdd-downlink-location_3/raw-downlink/veh-001/response bytes=102432 forwarded=1
1787008382.418312 publish topic=edge4av/airspan-tdd-downlink-location_3/raw-downlink/veh-001/request bytes=28 forwarded=1
1787008382.419356 publish topic=edge4av/airspan-tdd-downlink-location_3/raw-downlink/veh-001/response bytes=102432 forwarded=1
1787008382.658759 publish topic=edge4av/airspan-tdd-downlink-location_3/raw-downlink/veh-001/request bytes=28 forwarded=1
1787008382.659677 publish topic=edge4av/airspan-tdd-downlink-location_3/raw-downlink/veh-001/response bytes=102432 forwarded=1
1787008382.899060 publish topic=edge4av/airspan-tdd-downlink-location_3/raw-downlink/veh-001/request bytes=28 forwarded=1
1787008382.900781 publish topic=edge4av/airspan-tdd-downlink-location_3/raw-downlink/veh-001/response bytes=102432 forwarded=1
1787008383.159382 publish topic=edge4av/airspan-tdd-downlink-location_3/raw-downlink/veh-001/request bytes=28 forwarded=1
1787008383.161054 publish topic=edge4av/airspan-tdd-downlink-location_3/raw-downlink/veh-001/response bytes=102432 forwarded=1
1787008383.409493 publish topic=edge4av/airspan-tdd-downlink-location_3/raw-downlink/veh-001/request bytes=28 forwarded=1
1787008383.410120 publish topic=edge4av/airspan-tdd-downlink-location_3/raw-downlink/veh-001/response bytes=102432 forwarded=1
1787008383.639762 publish topic=edge4av/airspan-tdd-downlink-location_3/raw-downlink/veh-001/request bytes=28 forwarded=1
1787008383.640766 publish topic=edge4av/airspan-tdd-downlink-location_3/raw-downlink/veh-001/response bytes=102432 forwarded=1
1787008383.890194 publish topic=edge4av/airspan-tdd-downlink-location_3/raw-downlink/veh-001/request bytes=28 forwarded=1
1787008383.891934 publish topic=edge4av/airspan-tdd-downlink-location_3/raw-downlink/veh-001/response bytes=102432 forwarded=1
1787008384.160515 publish topic=edge4av/airspan-tdd-downlink-location_3/raw-downlink/veh-001/request bytes=28 forwarded=1
1787008384.161976 publish topic=edge4av/airspan-tdd-downlink-location_3/raw-downlink/veh-001/response bytes=102432 forwarded=1
1787008384.421057 publish topic=edge4av/airspan-tdd-downlink-location_3/raw-downlink/veh-001/request bytes=28 forwarded=1
1787008384.422818 publish topic=edge4av/airspan-tdd-downlink-location_3/raw-downlink/veh-001/response bytes=102432 forwarded=1
1787008384.661476 publish topic=edge4av/airspan-tdd-downlink-location_3/raw-downlink/veh-001/request bytes=28 forwarded=1
1787008384.662939 publish topic=edge4av/airspan-tdd-downlink-location_3/raw-downlink/veh-001/response bytes=102432 forwarded=1
1787008384.901665 publish topic=edge4av/airspan-tdd-downlink-location_3/raw-downlink/veh-001/request bytes=28 forwarded=1
1787008384.903251 publish topic=edge4av/airspan-tdd-downlink-location_3/raw-downlink/veh-001/response bytes=102432 forwarded=1
1787008385.141968 publish topic=edge4av/airspan-tdd-downlink-location_3/raw-downlink/veh-001/request bytes=28 forwarded=1
1787008385.143381 publish topic=edge4av/airspan-tdd-downlink-location_3/raw-downlink/veh-001/response bytes=102432 forwarded=1
1787008385.402166 publish topic=edge4av/airspan-tdd-downlink-location_3/raw-downlink/veh-001/request bytes=28 forwarded=1
1787008385.402918 publish topic=edge4av/airspan-tdd-downlink-location_3/raw-downlink/veh-001/response bytes=102432 forwarded=1
1787008385.642892 publish topic=edge4av/airspan-tdd-downlink-location_3/raw-downlink/veh-001/request bytes=28 forwarded=1
1787008385.644552 publish topic=edge4av/airspan-tdd-downlink-location_3/raw-downlink/veh-001/response bytes=102432 forwarded=1
1787008385.912918 publish topic=edge4av/airspan-tdd-downlink-location_3/raw-downlink/veh-001/request bytes=28 forwarded=1
1787008385.913670 publish topic=edge4av/airspan-tdd-downlink-location_3/raw-downlink/veh-001/response bytes=102432 forwarded=1
1787008386.153315 publish topic=edge4av/airspan-tdd-downlink-location_3/raw-downlink/veh-001/request bytes=28 forwarded=1
1787008386.154872 publish topic=edge4av/airspan-tdd-downlink-location_3/raw-downlink/veh-001/response bytes=102432 forwarded=1
1787008386.383925 publish topic=edge4av/airspan-tdd-downlink-location_3/raw-downlink/veh-001/request bytes=28 forwarded=1
1787008386.385384 publish topic=edge4av/airspan-tdd-downlink-location_3/raw-downlink/veh-001/response bytes=102432 forwarded=1
1787008386.614130 publish topic=edge4av/airspan-tdd-downlink-location_3/raw-downlink/veh-001/request bytes=28 forwarded=1
1787008386.615540 publish topic=edge4av/airspan-tdd-downlink-location_3/raw-downlink/veh-001/response bytes=102432 forwarded=1
1787008386.844254 publish topic=edge4av/airspan-tdd-downlink-location_3/raw-downlink/veh-001/request bytes=28 forwarded=1
1787008386.845696 publish topic=edge4av/airspan-tdd-downlink-location_3/raw-downlink/veh-001/response bytes=102432 forwarded=1
1787008387.074465 publish topic=edge4av/airspan-tdd-downlink-location_3/raw-downlink/veh-001/request bytes=28 forwarded=1
1787008387.075118 publish topic=edge4av/airspan-tdd-downlink-location_3/raw-downlink/veh-001/response bytes=102432 forwarded=1
1787008387.314841 publish topic=edge4av/airspan-tdd-downlink-location_3/raw-downlink/veh-001/request bytes=28 forwarded=1
1787008387.316403 publish topic=edge4av/airspan-tdd-downlink-location_3/raw-downlink/veh-001/response bytes=102432 forwarded=1
1787008387.545452 publish topic=edge4av/airspan-tdd-downlink-location_3/raw-downlink/veh-001/request bytes=28 forwarded=1
1787008387.547286 publish topic=edge4av/airspan-tdd-downlink-location_3/raw-downlink/veh-001/response bytes=102432 forwarded=1
1787008387.795938 publish topic=edge4av/airspan-tdd-downlink-location_3/raw-downlink/veh-001/request bytes=28 forwarded=1
1787008387.797422 publish topic=edge4av/airspan-tdd-downlink-location_3/raw-downlink/veh-001/response bytes=102432 forwarded=1
1787008388.076073 publish topic=edge4av/airspan-tdd-downlink-location_3/raw-downlink/veh-001/request bytes=28 forwarded=1
1787008388.077535 publish topic=edge4av/airspan-tdd-downlink-location_3/raw-downlink/veh-001/response bytes=102432 forwarded=1
1787008388.346586 publish topic=edge4av/airspan-tdd-downlink-location_3/raw-downlink/veh-001/request bytes=28 forwarded=1
1787008388.348466 publish topic=edge4av/airspan-tdd-downlink-location_3/raw-downlink/veh-001/response bytes=102432 forwarded=1
1787008388.586768 publish topic=edge4av/airspan-tdd-downlink-location_3/raw-downlink/veh-001/request bytes=28 forwarded=1
1787008388.588363 publish topic=edge4av/airspan-tdd-downlink-location_3/raw-downlink/veh-001/response bytes=102432 forwarded=1
1787008388.837083 publish topic=edge4av/airspan-tdd-downlink-location_3/raw-downlink/veh-001/request bytes=28 forwarded=1
1787008388.838766 publish topic=edge4av/airspan-tdd-downlink-location_3/raw-downlink/veh-001/response bytes=102432 forwarded=1
1787008389.067314 publish topic=edge4av/airspan-tdd-downlink-location_3/raw-downlink/veh-001/request bytes=28 forwarded=1
1787008389.068804 publish topic=edge4av/airspan-tdd-downlink-location_3/raw-downlink/veh-001/response bytes=102432 forwarded=1
1787008389.307756 publish topic=edge4av/airspan-tdd-downlink-location_3/raw-downlink/veh-001/request bytes=28 forwarded=1
1787008389.309282 publish topic=edge4av/airspan-tdd-downlink-location_3/raw-downlink/veh-001/response bytes=102432 forwarded=1
1787008389.568254 publish topic=edge4av/airspan-tdd-downlink-location_3/raw-downlink/veh-001/request bytes=28 forwarded=1
1787008389.569740 publish topic=edge4av/airspan-tdd-downlink-location_3/raw-downlink/veh-001/response bytes=102432 forwarded=1
1787008389.808683 publish topic=edge4av/airspan-tdd-downlink-location_3/raw-downlink/veh-001/request bytes=28 forwarded=1
1787008389.810396 publish topic=edge4av/airspan-tdd-downlink-location_3/raw-downlink/veh-001/response bytes=102432 forwarded=1
1787008390.068899 publish topic=edge4av/airspan-tdd-downlink-location_3/raw-downlink/veh-001/request bytes=28 forwarded=1
1787008390.070354 publish topic=edge4av/airspan-tdd-downlink-location_3/raw-downlink/veh-001/response bytes=102432 forwarded=1
1787008390.299017 publish topic=edge4av/airspan-tdd-downlink-location_3/raw-downlink/veh-001/request bytes=28 forwarded=1
1787008390.300679 publish topic=edge4av/airspan-tdd-downlink-location_3/raw-downlink/veh-001/response bytes=102432 forwarded=1
1787008390.549683 publish topic=edge4av/airspan-tdd-downlink-location_3/raw-downlink/veh-001/request bytes=28 forwarded=1
1787008390.551130 publish topic=edge4av/airspan-tdd-downlink-location_3/raw-downlink/veh-001/response bytes=102432 forwarded=1
1787008390.779692 publish topic=edge4av/airspan-tdd-downlink-location_3/raw-downlink/veh-001/request bytes=28 forwarded=1
1787008390.780280 publish topic=edge4av/airspan-tdd-downlink-location_3/raw-downlink/veh-001/response bytes=102432 forwarded=1
1787008391.020022 publish topic=edge4av/airspan-tdd-downlink-location_3/raw-downlink/veh-001/request bytes=28 forwarded=1
1787008391.020769 publish topic=edge4av/airspan-tdd-downlink-location_3/raw-downlink/veh-001/response bytes=102432 forwarded=1
1787008391.260458 publish topic=edge4av/airspan-tdd-downlink-location_3/raw-downlink/veh-001/request bytes=28 forwarded=1
1787008391.262091 publish topic=edge4av/airspan-tdd-downlink-location_3/raw-downlink/veh-001/response bytes=102432 forwarded=1
1787008391.500838 publish topic=edge4av/airspan-tdd-downlink-location_3/raw-downlink/veh-001/request bytes=28 forwarded=1
1787008391.502107 publish topic=edge4av/airspan-tdd-downlink-location_3/raw-downlink/veh-001/response bytes=102432 forwarded=1
1787008391.751276 publish topic=edge4av/airspan-tdd-downlink-location_3/raw-downlink/veh-001/request bytes=28 forwarded=1
1787008391.752776 publish topic=edge4av/airspan-tdd-downlink-location_3/raw-downlink/veh-001/response bytes=102432 forwarded=1
1787008392.031958 publish topic=edge4av/airspan-tdd-downlink-location_3/raw-downlink/veh-001/request bytes=28 forwarded=1
1787008392.033424 publish topic=edge4av/airspan-tdd-downlink-location_3/raw-downlink/veh-001/response bytes=102432 forwarded=1
1787008392.272176 publish topic=edge4av/airspan-tdd-downlink-location_3/raw-downlink/veh-001/request bytes=28 forwarded=1
1787008392.273688 publish topic=edge4av/airspan-tdd-downlink-location_3/raw-downlink/veh-001/response bytes=102432 forwarded=1
1787008392.532383 publish topic=edge4av/airspan-tdd-downlink-location_3/raw-downlink/veh-001/request bytes=28 forwarded=1
1787008392.534452 publish topic=edge4av/airspan-tdd-downlink-location_3/raw-downlink/veh-001/response bytes=102432 forwarded=1
1787008392.782962 publish topic=edge4av/airspan-tdd-downlink-location_3/raw-downlink/veh-001/request bytes=28 forwarded=1
1787008392.783811 publish topic=edge4av/airspan-tdd-downlink-location_3/raw-downlink/veh-001/response bytes=102432 forwarded=1
1787008393.023408 publish topic=edge4av/airspan-tdd-downlink-location_3/raw-downlink/veh-001/request bytes=28 forwarded=1
1787008393.025034 publish topic=edge4av/airspan-tdd-downlink-location_3/raw-downlink/veh-001/response bytes=102432 forwarded=1
1787008393.273427 publish topic=edge4av/airspan-tdd-downlink-location_3/raw-downlink/veh-001/request bytes=28 forwarded=1
1787008393.273864 publish topic=edge4av/airspan-tdd-downlink-location_3/raw-downlink/veh-001/response bytes=102432 forwarded=1
1787008393.503897 publish topic=edge4av/airspan-tdd-downlink-location_3/raw-downlink/veh-001/request bytes=28 forwarded=1
1787008393.505425 publish topic=edge4av/airspan-tdd-downlink-location_3/raw-downlink/veh-001/response bytes=102432 forwarded=1
1787008393.734282 publish topic=edge4av/airspan-tdd-downlink-location_3/raw-downlink/veh-001/request bytes=28 forwarded=1
1787008393.736174 publish topic=edge4av/airspan-tdd-downlink-location_3/raw-downlink/veh-001/response bytes=102432 forwarded=1
1787008393.964572 publish topic=edge4av/airspan-tdd-downlink-location_3/raw-downlink/veh-001/request bytes=28 forwarded=1
1787008393.966288 publish topic=edge4av/airspan-tdd-downlink-location_3/raw-downlink/veh-001/response bytes=102432 forwarded=1
1787008394.194761 publish topic=edge4av/airspan-tdd-downlink-location_3/raw-downlink/veh-001/request bytes=28 forwarded=1
1787008394.195752 publish topic=edge4av/airspan-tdd-downlink-location_3/raw-downlink/veh-001/response bytes=102432 forwarded=1
1787008394.435287 publish topic=edge4av/airspan-tdd-downlink-location_3/raw-downlink/veh-001/request bytes=28 forwarded=1
1787008394.435886 publish topic=edge4av/airspan-tdd-downlink-location_3/raw-downlink/veh-001/response bytes=102432 forwarded=1
1787008394.665714 publish topic=edge4av/airspan-tdd-downlink-location_3/raw-downlink/veh-001/request bytes=28 forwarded=1
1787008394.667269 publish topic=edge4av/airspan-tdd-downlink-location_3/raw-downlink/veh-001/response bytes=102432 forwarded=1
1787008394.895982 publish topic=edge4av/airspan-tdd-downlink-location_3/raw-downlink/veh-001/request bytes=28 forwarded=1
1787008394.897508 publish topic=edge4av/airspan-tdd-downlink-location_3/raw-downlink/veh-001/response bytes=102432 forwarded=1
1787008395.126307 publish topic=edge4av/airspan-tdd-downlink-location_3/raw-downlink/veh-001/request bytes=28 forwarded=1
1787008395.128007 publish topic=edge4av/airspan-tdd-downlink-location_3/raw-downlink/veh-001/response bytes=102432 forwarded=1
1787008395.356552 publish topic=edge4av/airspan-tdd-downlink-location_3/raw-downlink/veh-001/request bytes=28 forwarded=1
1787008395.358095 publish topic=edge4av/airspan-tdd-downlink-location_3/raw-downlink/veh-001/response bytes=102432 forwarded=1
1787008395.586668 publish topic=edge4av/airspan-tdd-downlink-location_3/raw-downlink/veh-001/request bytes=28 forwarded=1
1787008395.587513 publish topic=edge4av/airspan-tdd-downlink-location_3/raw-downlink/veh-001/response bytes=102432 forwarded=1
1787008395.836962 publish topic=edge4av/airspan-tdd-downlink-location_3/raw-downlink/veh-001/request bytes=28 forwarded=1
1787008395.838359 publish topic=edge4av/airspan-tdd-downlink-location_3/raw-downlink/veh-001/response bytes=102432 forwarded=1
1787008396.107517 publish topic=edge4av/airspan-tdd-downlink-location_3/raw-downlink/veh-001/request bytes=28 forwarded=1
1787008396.109137 publish topic=edge4av/airspan-tdd-downlink-location_3/raw-downlink/veh-001/response bytes=102432 forwarded=1
1787008396.347973 publish topic=edge4av/airspan-tdd-downlink-location_3/raw-downlink/veh-001/request bytes=28 forwarded=1
1787008396.349753 publish topic=edge4av/airspan-tdd-downlink-location_3/raw-downlink/veh-001/response bytes=102432 forwarded=1
1787008396.617984 publish topic=edge4av/airspan-tdd-downlink-location_3/raw-downlink/veh-001/request bytes=28 forwarded=1
1787008396.619900 publish topic=edge4av/airspan-tdd-downlink-location_3/raw-downlink/veh-001/response bytes=102432 forwarded=1
1787008396.858498 publish topic=edge4av/airspan-tdd-downlink-location_3/raw-downlink/veh-001/request bytes=28 forwarded=1
1787008396.860362 publish topic=edge4av/airspan-tdd-downlink-location_3/raw-downlink/veh-001/response bytes=102432 forwarded=1
1787008397.118888 publish topic=edge4av/airspan-tdd-downlink-location_3/raw-downlink/veh-001/request bytes=28 forwarded=1
1787008397.120424 publish topic=edge4av/airspan-tdd-downlink-location_3/raw-downlink/veh-001/response bytes=102432 forwarded=1
1787008397.348846 publish topic=edge4av/airspan-tdd-downlink-location_3/raw-downlink/veh-001/request bytes=28 forwarded=1
1787008397.349296 publish topic=edge4av/airspan-tdd-downlink-location_3/raw-downlink/veh-001/response bytes=102432 forwarded=1
1787008397.590277 publish topic=edge4av/airspan-tdd-downlink-location_3/raw-downlink/veh-001/request bytes=28 forwarded=1
1787008397.592073 publish topic=edge4av/airspan-tdd-downlink-location_3/raw-downlink/veh-001/response bytes=102432 forwarded=1
1787008397.849563 publish topic=edge4av/airspan-tdd-downlink-location_3/raw-downlink/veh-001/request bytes=28 forwarded=1
1787008397.850301 publish topic=edge4av/airspan-tdd-downlink-location_3/raw-downlink/veh-001/response bytes=102432 forwarded=1
1787008398.090025 publish topic=edge4av/airspan-tdd-downlink-location_3/raw-downlink/veh-001/request bytes=28 forwarded=1
1787008398.090590 publish topic=edge4av/airspan-tdd-downlink-location_3/raw-downlink/veh-001/response bytes=102432 forwarded=1
1787008398.340514 publish topic=edge4av/airspan-tdd-downlink-location_3/raw-downlink/veh-001/request bytes=28 forwarded=1
1787008398.342179 publish topic=edge4av/airspan-tdd-downlink-location_3/raw-downlink/veh-001/response bytes=102432 forwarded=1
1787008398.571060 publish topic=edge4av/airspan-tdd-downlink-location_3/raw-downlink/veh-001/request bytes=28 forwarded=1
1787008398.572562 publish topic=edge4av/airspan-tdd-downlink-location_3/raw-downlink/veh-001/response bytes=102432 forwarded=1
1787008398.811536 publish topic=edge4av/airspan-tdd-downlink-location_3/raw-downlink/veh-001/request bytes=28 forwarded=1
1787008398.813010 publish topic=edge4av/airspan-tdd-downlink-location_3/raw-downlink/veh-001/response bytes=102432 forwarded=1
1787008399.071645 publish topic=edge4av/airspan-tdd-downlink-location_3/raw-downlink/veh-001/request bytes=28 forwarded=1
1787008399.073378 publish topic=edge4av/airspan-tdd-downlink-location_3/raw-downlink/veh-001/response bytes=102432 forwarded=1
1787008399.311914 publish topic=edge4av/airspan-tdd-downlink-location_3/raw-downlink/veh-001/request bytes=28 forwarded=1
1787008399.313591 publish topic=edge4av/airspan-tdd-downlink-location_3/raw-downlink/veh-001/response bytes=102432 forwarded=1
1787008399.552112 publish topic=edge4av/airspan-tdd-downlink-location_3/raw-downlink/veh-001/request bytes=28 forwarded=1
1787008399.553135 publish topic=edge4av/airspan-tdd-downlink-location_3/raw-downlink/veh-001/response bytes=102432 forwarded=1
1787008399.812658 publish topic=edge4av/airspan-tdd-downlink-location_3/raw-downlink/veh-001/request bytes=28 forwarded=1
1787008399.814099 publish topic=edge4av/airspan-tdd-downlink-location_3/raw-downlink/veh-001/response bytes=102432 forwarded=1
1787008400.053044 publish topic=edge4av/airspan-tdd-downlink-location_3/raw-downlink/veh-001/request bytes=28 forwarded=1
1787008400.054564 publish topic=edge4av/airspan-tdd-downlink-location_3/raw-downlink/veh-001/response bytes=102432 forwarded=1
1787008400.303523 publish topic=edge4av/airspan-tdd-downlink-location_3/raw-downlink/veh-001/request bytes=28 forwarded=1
1787008400.304967 publish topic=edge4av/airspan-tdd-downlink-location_3/raw-downlink/veh-001/response bytes=102432 forwarded=1
1787008400.553622 publish topic=edge4av/airspan-tdd-downlink-location_3/raw-downlink/veh-001/request bytes=28 forwarded=1
1787008400.556112 publish topic=edge4av/airspan-tdd-downlink-location_3/raw-downlink/veh-001/response bytes=102432 forwarded=1
1787008400.794260 publish topic=edge4av/airspan-tdd-downlink-location_3/raw-downlink/veh-001/request bytes=28 forwarded=1
1787008400.795777 publish topic=edge4av/airspan-tdd-downlink-location_3/raw-downlink/veh-001/response bytes=102432 forwarded=1
1787008401.044656 publish topic=edge4av/airspan-tdd-downlink-location_3/raw-downlink/veh-001/request bytes=28 forwarded=1
1787008401.046268 publish topic=edge4av/airspan-tdd-downlink-location_3/raw-downlink/veh-001/response bytes=102432 forwarded=1
1787008401.284651 publish topic=edge4av/airspan-tdd-downlink-location_3/raw-downlink/veh-001/request bytes=28 forwarded=1
1787008401.285172 publish topic=edge4av/airspan-tdd-downlink-location_3/raw-downlink/veh-001/response bytes=102432 forwarded=1
1787008401.545164 publish topic=edge4av/airspan-tdd-downlink-location_3/raw-downlink/veh-001/request bytes=28 forwarded=1
1787008401.546617 publish topic=edge4av/airspan-tdd-downlink-location_3/raw-downlink/veh-001/response bytes=102432 forwarded=1
1787008401.775504 publish topic=edge4av/airspan-tdd-downlink-location_3/raw-downlink/veh-001/request bytes=28 forwarded=1
1787008401.777283 publish topic=edge4av/airspan-tdd-downlink-location_3/raw-downlink/veh-001/response bytes=102432 forwarded=1
1787008402.005872 publish topic=edge4av/airspan-tdd-downlink-location_3/raw-downlink/veh-001/request bytes=28 forwarded=1
1787008402.007682 publish topic=edge4av/airspan-tdd-downlink-location_3/raw-downlink/veh-001/response bytes=102432 forwarded=1
1787008402.236223 publish topic=edge4av/airspan-tdd-downlink-location_3/raw-downlink/veh-001/request bytes=28 forwarded=1
1787008402.237892 publish topic=edge4av/airspan-tdd-downlink-location_3/raw-downlink/veh-001/response bytes=102432 forwarded=1
1787008402.466141 publish topic=edge4av/airspan-tdd-downlink-location_3/raw-downlink/veh-001/request bytes=28 forwarded=1
1787008402.466632 publish topic=edge4av/airspan-tdd-downlink-location_3/raw-downlink/veh-001/response bytes=102432 forwarded=1
1787008402.696650 publish topic=edge4av/airspan-tdd-downlink-location_3/raw-downlink/veh-001/request bytes=28 forwarded=1
1787008402.698071 publish topic=edge4av/airspan-tdd-downlink-location_3/raw-downlink/veh-001/response bytes=102432 forwarded=1
1787008402.936820 publish topic=edge4av/airspan-tdd-downlink-location_3/raw-downlink/veh-001/request bytes=28 forwarded=1
1787008402.938306 publish topic=edge4av/airspan-tdd-downlink-location_3/raw-downlink/veh-001/response bytes=102432 forwarded=1
1787008403.187353 publish topic=edge4av/airspan-tdd-downlink-location_3/raw-downlink/veh-001/request bytes=28 forwarded=1
1787008403.188328 publish topic=edge4av/airspan-tdd-downlink-location_3/raw-downlink/veh-001/response bytes=102432 forwarded=1
1787008403.447741 publish topic=edge4av/airspan-tdd-downlink-location_3/raw-downlink/veh-001/request bytes=28 forwarded=1
1787008403.449316 publish topic=edge4av/airspan-tdd-downlink-location_3/raw-downlink/veh-001/response bytes=102432 forwarded=1
1787008403.688104 publish topic=edge4av/airspan-tdd-downlink-location_3/raw-downlink/veh-001/request bytes=28 forwarded=1
1787008403.689764 publish topic=edge4av/airspan-tdd-downlink-location_3/raw-downlink/veh-001/response bytes=102432 forwarded=1
1787008403.928700 publish topic=edge4av/airspan-tdd-downlink-location_3/raw-downlink/veh-001/request bytes=28 forwarded=1
1787008403.930166 publish topic=edge4av/airspan-tdd-downlink-location_3/raw-downlink/veh-001/response bytes=102432 forwarded=1
1787008404.178750 publish topic=edge4av/airspan-tdd-downlink-location_3/raw-downlink/veh-001/request bytes=28 forwarded=1
1787008404.179277 publish topic=edge4av/airspan-tdd-downlink-location_3/raw-downlink/veh-001/response bytes=102432 forwarded=1
1787008404.419256 publish topic=edge4av/airspan-tdd-downlink-location_3/raw-downlink/veh-001/request bytes=28 forwarded=1
1787008404.421081 publish topic=edge4av/airspan-tdd-downlink-location_3/raw-downlink/veh-001/response bytes=102432 forwarded=1
1787008404.679429 publish topic=edge4av/airspan-tdd-downlink-location_3/raw-downlink/veh-001/request bytes=28 forwarded=1
1787008404.681250 publish topic=edge4av/airspan-tdd-downlink-location_3/raw-downlink/veh-001/response bytes=102432 forwarded=1
1787008404.919855 publish topic=edge4av/airspan-tdd-downlink-location_3/raw-downlink/veh-001/request bytes=28 forwarded=1
1787008404.921602 publish topic=edge4av/airspan-tdd-downlink-location_3/raw-downlink/veh-001/response bytes=102432 forwarded=1
1787008405.160104 publish topic=edge4av/airspan-tdd-downlink-location_3/raw-downlink/veh-001/request bytes=28 forwarded=1
1787008405.161829 publish topic=edge4av/airspan-tdd-downlink-location_3/raw-downlink/veh-001/response bytes=102432 forwarded=1
1787008405.420661 publish topic=edge4av/airspan-tdd-downlink-location_3/raw-downlink/veh-001/request bytes=28 forwarded=1
1787008405.422143 publish topic=edge4av/airspan-tdd-downlink-location_3/raw-downlink/veh-001/response bytes=102432 forwarded=1
1787008405.661060 publish topic=edge4av/airspan-tdd-downlink-location_3/raw-downlink/veh-001/request bytes=28 forwarded=1
1787008405.662657 publish topic=edge4av/airspan-tdd-downlink-location_3/raw-downlink/veh-001/response bytes=102432 forwarded=1
1787008405.900922 publish topic=edge4av/airspan-tdd-downlink-location_3/raw-downlink/veh-001/request bytes=28 forwarded=1
1787008405.901618 publish topic=edge4av/airspan-tdd-downlink-location_3/raw-downlink/veh-001/response bytes=102432 forwarded=1
1787008406.141615 publish topic=edge4av/airspan-tdd-downlink-location_3/raw-downlink/veh-001/request bytes=28 forwarded=1
1787008406.143173 publish topic=edge4av/airspan-tdd-downlink-location_3/raw-downlink/veh-001/response bytes=102432 forwarded=1
1787008406.381704 publish topic=edge4av/airspan-tdd-downlink-location_3/raw-downlink/veh-001/request bytes=28 forwarded=1
1787008406.383363 publish topic=edge4av/airspan-tdd-downlink-location_3/raw-downlink/veh-001/response bytes=102432 forwarded=1
1787008406.612885 publish topic=edge4av/airspan-tdd-downlink-location_3/raw-downlink/veh-001/request bytes=28 forwarded=1
1787008406.614440 publish topic=edge4av/airspan-tdd-downlink-location_3/raw-downlink/veh-001/response bytes=102432 forwarded=1
1787008406.852460 publish topic=edge4av/airspan-tdd-downlink-location_3/raw-downlink/veh-001/request bytes=28 forwarded=1
1787008406.853964 publish topic=edge4av/airspan-tdd-downlink-location_3/raw-downlink/veh-001/response bytes=102432 forwarded=1
1787008407.093024 publish topic=edge4av/airspan-tdd-downlink-location_3/raw-downlink/veh-001/request bytes=28 forwarded=1
1787008407.094783 publish topic=edge4av/airspan-tdd-downlink-location_3/raw-downlink/veh-001/response bytes=102432 forwarded=1
1787008407.343415 publish topic=edge4av/airspan-tdd-downlink-location_3/raw-downlink/veh-001/request bytes=28 forwarded=1
1787008407.345107 publish topic=edge4av/airspan-tdd-downlink-location_3/raw-downlink/veh-001/response bytes=102432 forwarded=1
1787008407.583389 publish topic=edge4av/airspan-tdd-downlink-location_3/raw-downlink/veh-001/request bytes=28 forwarded=1
1787008407.584240 publish topic=edge4av/airspan-tdd-downlink-location_3/raw-downlink/veh-001/response bytes=102432 forwarded=1
1787008407.854167 publish topic=edge4av/airspan-tdd-downlink-location_3/raw-downlink/veh-001/request bytes=28 forwarded=1
1787008407.855644 publish topic=edge4av/airspan-tdd-downlink-location_3/raw-downlink/veh-001/response bytes=102432 forwarded=1
1787008408.094311 publish topic=edge4av/airspan-tdd-downlink-location_3/raw-downlink/veh-001/request bytes=28 forwarded=1
1787008408.095889 publish topic=edge4av/airspan-tdd-downlink-location_3/raw-downlink/veh-001/response bytes=102432 forwarded=1
1787008408.354871 publish topic=edge4av/airspan-tdd-downlink-location_3/raw-downlink/veh-001/request bytes=28 forwarded=1
1787008408.356377 publish topic=edge4av/airspan-tdd-downlink-location_3/raw-downlink/veh-001/response bytes=102432 forwarded=1
1787008408.584744 publish topic=edge4av/airspan-tdd-downlink-location_3/raw-downlink/veh-001/request bytes=28 forwarded=1
1787008408.585274 publish topic=edge4av/airspan-tdd-downlink-location_3/raw-downlink/veh-001/response bytes=102432 forwarded=1
1787008408.815129 publish topic=edge4av/airspan-tdd-downlink-location_3/raw-downlink/veh-001/request bytes=28 forwarded=1
1787008408.815798 publish topic=edge4av/airspan-tdd-downlink-location_3/raw-downlink/veh-001/response bytes=102432 forwarded=1
1787008409.045871 publish topic=edge4av/airspan-tdd-downlink-location_3/raw-downlink/veh-001/request bytes=28 forwarded=1
1787008409.047587 publish topic=edge4av/airspan-tdd-downlink-location_3/raw-downlink/veh-001/response bytes=102432 forwarded=1
1787008409.286088 publish topic=edge4av/airspan-tdd-downlink-location_3/raw-downlink/veh-001/request bytes=28 forwarded=1
1787008409.287694 publish topic=edge4av/airspan-tdd-downlink-location_3/raw-downlink/veh-001/response bytes=102432 forwarded=1
1787008409.526352 publish topic=edge4av/airspan-tdd-downlink-location_3/raw-downlink/veh-001/request bytes=28 forwarded=1
1787008409.527806 publish topic=edge4av/airspan-tdd-downlink-location_3/raw-downlink/veh-001/response bytes=102432 forwarded=1
1787008409.787035 publish topic=edge4av/airspan-tdd-downlink-location_3/raw-downlink/veh-001/request bytes=28 forwarded=1
1787008409.788765 publish topic=edge4av/airspan-tdd-downlink-location_3/raw-downlink/veh-001/response bytes=102432 forwarded=1
1787008410.037220 publish topic=edge4av/airspan-tdd-downlink-location_3/raw-downlink/veh-001/request bytes=28 forwarded=1
1787008410.038851 publish topic=edge4av/airspan-tdd-downlink-location_3/raw-downlink/veh-001/response bytes=102432 forwarded=1
1787008410.277303 publish topic=edge4av/airspan-tdd-downlink-location_3/raw-downlink/veh-001/request bytes=28 forwarded=1
1787008410.278973 publish topic=edge4av/airspan-tdd-downlink-location_3/raw-downlink/veh-001/response bytes=102432 forwarded=1
1787008410.537634 publish topic=edge4av/airspan-tdd-downlink-location_3/raw-downlink/veh-001/request bytes=28 forwarded=1
1787008410.539097 publish topic=edge4av/airspan-tdd-downlink-location_3/raw-downlink/veh-001/response bytes=102432 forwarded=1
1787008410.778160 publish topic=edge4av/airspan-tdd-downlink-location_3/raw-downlink/veh-001/request bytes=28 forwarded=1
1787008410.779733 publish topic=edge4av/airspan-tdd-downlink-location_3/raw-downlink/veh-001/response bytes=102432 forwarded=1
1787008411.038700 publish topic=edge4av/airspan-tdd-downlink-location_3/raw-downlink/veh-001/request bytes=28 forwarded=1
1787008411.040112 publish topic=edge4av/airspan-tdd-downlink-location_3/raw-downlink/veh-001/response bytes=102432 forwarded=1
1787008411.268890 publish topic=edge4av/airspan-tdd-downlink-location_3/raw-downlink/veh-001/request bytes=28 forwarded=1
1787008411.270571 publish topic=edge4av/airspan-tdd-downlink-location_3/raw-downlink/veh-001/response bytes=102432 forwarded=1
1787008411.519238 publish topic=edge4av/airspan-tdd-downlink-location_3/raw-downlink/veh-001/request bytes=28 forwarded=1
1787008411.520837 publish topic=edge4av/airspan-tdd-downlink-location_3/raw-downlink/veh-001/response bytes=102432 forwarded=1
1787008411.779841 publish topic=edge4av/airspan-tdd-downlink-location_3/raw-downlink/veh-001/request bytes=28 forwarded=1
1787008411.780468 publish topic=edge4av/airspan-tdd-downlink-location_3/raw-downlink/veh-001/response bytes=102432 forwarded=1
1787008412.009825 publish topic=edge4av/airspan-tdd-downlink-location_3/raw-downlink/veh-001/request bytes=28 forwarded=1
1787008412.011183 publish topic=edge4av/airspan-tdd-downlink-location_3/raw-downlink/veh-001/response bytes=102432 forwarded=1
1787008412.300701 publish topic=edge4av/airspan-tdd-downlink-location_3/raw-downlink/veh-001/request bytes=28 forwarded=1
1787008412.302127 publish topic=edge4av/airspan-tdd-downlink-location_3/raw-downlink/veh-001/response bytes=102432 forwarded=1
1787008412.590829 publish topic=edge4av/airspan-tdd-downlink-location_3/raw-downlink/veh-001/request bytes=28 forwarded=1
1787008412.592511 publish topic=edge4av/airspan-tdd-downlink-location_3/raw-downlink/veh-001/response bytes=102432 forwarded=1
1787008412.851424 publish topic=edge4av/airspan-tdd-downlink-location_3/raw-downlink/veh-001/request bytes=28 forwarded=1
1787008412.853123 publish topic=edge4av/airspan-tdd-downlink-location_3/raw-downlink/veh-001/response bytes=102432 forwarded=1
1787008413.091475 publish topic=edge4av/airspan-tdd-downlink-location_3/raw-downlink/veh-001/request bytes=28 forwarded=1
1787008413.091997 publish topic=edge4av/airspan-tdd-downlink-location_3/raw-downlink/veh-001/response bytes=102432 forwarded=1
1787008413.351898 publish topic=edge4av/airspan-tdd-downlink-location_3/raw-downlink/veh-001/request bytes=28 forwarded=1
1787008413.353051 publish topic=edge4av/airspan-tdd-downlink-location_3/raw-downlink/veh-001/response bytes=102432 forwarded=1
1787008413.592201 publish topic=edge4av/airspan-tdd-downlink-location_3/raw-downlink/veh-001/request bytes=28 forwarded=1
1787008413.592782 publish topic=edge4av/airspan-tdd-downlink-location_3/raw-downlink/veh-001/response bytes=102432 forwarded=1
1787008413.832685 publish topic=edge4av/airspan-tdd-downlink-location_3/raw-downlink/veh-001/request bytes=28 forwarded=1
1787008413.833088 publish topic=edge4av/airspan-tdd-downlink-location_3/raw-downlink/veh-001/response bytes=102432 forwarded=1
1787008414.093304 publish topic=edge4av/airspan-tdd-downlink-location_3/raw-downlink/veh-001/request bytes=28 forwarded=1
1787008414.095045 publish topic=edge4av/airspan-tdd-downlink-location_3/raw-downlink/veh-001/response bytes=102432 forwarded=1
1787008414.133352 close ('10.120.121.30', 58706) disconnect
