emitter_role,emit_time_ns,run_id,condition_id,condition_label,service_type,transport,av_id,obu_id,rsu_id,request_id,session_id,intersection_id,source_id,sequence,network_load_level,qos_profile,mobility_state,clock_sync_state,accepted,service_success,vehicle_outcome_name,vehicle_outcome_value,vehicle_outcome_unit,frame_type,payload_bytes,client_send_ns,server_receive_ns,server_send_ns,client_receive_ns,rtt_ms,uplink_ms,server_ms,downlink_ms,detail
5g-udp-sender,1786031408866138717,edge4av-real-20260806-airspan-followup-run-1,c4-rep1-udp,airspan-followup-70-20-10,guided-planning,udp,veh-024,veh-024,rsu-1,c4-rep1-udp-veh-024-1,ipi-session-1,airspan-followup-c4-rep1,veh-024,1,100-clients,default,stationary,unsynced,true,true,payload_bytes,1024,bytes,IPI-CooperativeService,1101,1786031408803862536,1786031234907048618,1786031234907074089,1786031408866138717,62.276,,0.025,173959.065,"CooperativeService{guidedPlanning, status=request, vehicleId=0x7665682d303234, requestedHorizonMs=2500, confidence=100, planning.waypoints=1, offloadTaskId=udp-probe-1, offloadPayload=1024 bytes}"
5g-udp-sender,1786031409152189095,edge4av-real-20260806-airspan-followup-run-1,c4-rep1-udp,airspan-followup-70-20-10,guided-planning,udp,veh-024,veh-024,rsu-1,c4-rep1-udp-veh-024-2,ipi-session-1,airspan-followup-c4-rep1,veh-024,2,100-clients,default,stationary,unsynced,true,true,payload_bytes,1024,bytes,IPI-CooperativeService,1101,1786031409066305744,1786031235197477206,1786031235197502640,1786031409152189095,85.883,,0.025,173954.686,"CooperativeService{guidedPlanning, status=request, vehicleId=0x7665682d303234, requestedHorizonMs=2500, confidence=100, planning.waypoints=1, offloadTaskId=udp-probe-2, offloadPayload=1024 bytes}"
5g-udp-sender,1786031409430477358,edge4av-real-20260806-airspan-followup-run-1,c4-rep1-udp,airspan-followup-70-20-10,guided-planning,udp,veh-024,veh-024,rsu-1,c4-rep1-udp-veh-024-3,ipi-session-1,airspan-followup-c4-rep1,veh-024,3,100-clients,default,stationary,unsynced,true,true,payload_bytes,1024,bytes,IPI-CooperativeService,1101,1786031409352375639,1786031235477269525,1786031235477313643,1786031409430477358,78.102,,0.044,173953.164,"CooperativeService{guidedPlanning, status=request, vehicleId=0x7665682d303234, requestedHorizonMs=2500, confidence=100, planning.waypoints=1, offloadTaskId=udp-probe-3, offloadPayload=1024 bytes}"
5g-udp-sender,1786031409718364641,edge4av-real-20260806-airspan-followup-run-1,c4-rep1-udp,airspan-followup-70-20-10,guided-planning,udp,veh-024,veh-024,rsu-1,c4-rep1-udp-veh-024-4,ipi-session-1,airspan-followup-c4-rep1,veh-024,4,100-clients,default,stationary,unsynced,true,true,payload_bytes,1024,bytes,IPI-CooperativeService,1101,1786031409630627535,1786031235758379398,1786031235758409518,1786031409718364641,87.737,,0.030,173959.955,"CooperativeService{guidedPlanning, status=request, vehicleId=0x7665682d303234, requestedHorizonMs=2500, confidence=100, planning.waypoints=1, offloadTaskId=udp-probe-4, offloadPayload=1024 bytes}"
5g-udp-sender,1786031410014117042,edge4av-real-20260806-airspan-followup-run-1,c4-rep1-udp,airspan-followup-70-20-10,guided-planning,udp,veh-024,veh-024,rsu-1,c4-rep1-udp-veh-024-5,ipi-session-1,airspan-followup-c4-rep1,veh-024,5,100-clients,default,stationary,unsynced,true,true,payload_bytes,1024,bytes,IPI-CooperativeService,1101,1786031409918627018,1786031236059269630,1786031236059305722,1786031410014117042,95.490,,0.036,173954.811,"CooperativeService{guidedPlanning, status=request, vehicleId=0x7665682d303234, requestedHorizonMs=2500, confidence=100, planning.waypoints=1, offloadTaskId=udp-probe-5, offloadPayload=1024 bytes}"
5g-udp-sender,1786031410380982212,edge4av-real-20260806-airspan-followup-run-1,c4-rep1-udp,airspan-followup-70-20-10,guided-planning,udp,veh-024,veh-024,rsu-1,c4-rep1-udp-veh-024-6,ipi-session-1,airspan-followup-c4-rep1,veh-024,6,100-clients,default,stationary,unsynced,true,true,payload_bytes,1024,bytes,IPI-CooperativeService,1101,1786031410214317159,1786031236428717882,1786031236428744169,1786031410380982212,166.665,,0.026,173952.238,"CooperativeService{guidedPlanning, status=request, vehicleId=0x7665682d303234, requestedHorizonMs=2500, confidence=100, planning.waypoints=1, offloadTaskId=udp-probe-6, offloadPayload=1024 bytes}"
5g-udp-sender,1786031410713404152,edge4av-real-20260806-airspan-followup-run-1,c4-rep1-udp,airspan-followup-70-20-10,guided-planning,udp,veh-024,veh-024,rsu-1,c4-rep1-udp-veh-024-7,ipi-session-1,airspan-followup-c4-rep1,veh-024,7,100-clients,default,stationary,unsynced,true,true,payload_bytes,1024,bytes,IPI-CooperativeService,1101,1786031410581193476,1786031236759967732,1786031236759995372,1786031410713404152,132.211,,0.028,173953.409,"CooperativeService{guidedPlanning, status=request, vehicleId=0x7665682d303234, requestedHorizonMs=2500, confidence=100, planning.waypoints=1, offloadTaskId=udp-probe-7, offloadPayload=1024 bytes}"
5g-udp-sender,1786031411024966551,edge4av-real-20260806-airspan-followup-run-1,c4-rep1-udp,airspan-followup-70-20-10,guided-planning,udp,veh-024,veh-024,rsu-1,c4-rep1-udp-veh-024-8,ipi-session-1,airspan-followup-c4-rep1,veh-024,8,100-clients,default,stationary,unsynced,true,true,payload_bytes,1024,bytes,IPI-CooperativeService,1101,1786031410913601302,1786031237070391988,1786031237070417147,1786031411024966551,111.365,,0.025,173954.549,"CooperativeService{guidedPlanning, status=request, vehicleId=0x7665682d303234, requestedHorizonMs=2500, confidence=100, planning.waypoints=1, offloadTaskId=udp-probe-8, offloadPayload=1024 bytes}"
5g-udp-sender,1786031411336192056,edge4av-real-20260806-airspan-followup-run-1,c4-rep1-udp,airspan-followup-70-20-10,guided-planning,udp,veh-024,veh-024,rsu-1,c4-rep1-udp-veh-024-9,ipi-session-1,airspan-followup-c4-rep1,veh-024,9,100-clients,default,stationary,unsynced,true,true,payload_bytes,1024,bytes,IPI-CooperativeService,1101,1786031411225131884,1786031237380380592,1786031237380433125,1786031411336192056,111.060,,0.053,173955.759,"CooperativeService{guidedPlanning, status=request, vehicleId=0x7665682d303234, requestedHorizonMs=2500, confidence=100, planning.waypoints=1, offloadTaskId=udp-probe-9, offloadPayload=1024 bytes}"
5g-udp-sender,1786031411616276032,edge4av-real-20260806-airspan-followup-run-1,c4-rep1-udp,airspan-followup-70-20-10,guided-planning,udp,veh-024,veh-024,rsu-1,c4-rep1-udp-veh-024-10,ipi-session-1,airspan-followup-c4-rep1,veh-024,10,100-clients,default,stationary,unsynced,true,true,payload_bytes,1024,bytes,IPI-CooperativeService,1102,1786031411536358256,1786031237661499651,1786031237661524103,1786031411616276032,79.918,,0.024,173954.752,"CooperativeService{guidedPlanning, status=request, vehicleId=0x7665682d303234, requestedHorizonMs=2500, confidence=100, planning.waypoints=1, offloadTaskId=udp-probe-10, offloadPayload=1024 bytes}"
5g-udp-sender,1786031411905083662,edge4av-real-20260806-airspan-followup-run-1,c4-rep1-udp,airspan-followup-70-20-10,guided-planning,udp,veh-024,veh-024,rsu-1,c4-rep1-udp-veh-024-11,ipi-session-1,airspan-followup-c4-rep1,veh-024,11,100-clients,default,stationary,unsynced,true,true,payload_bytes,1024,bytes,IPI-CooperativeService,1102,1786031411816442601,1786031237951419273,1786031237951471902,1786031411905083662,88.641,,0.053,173953.612,"CooperativeService{guidedPlanning, status=request, vehicleId=0x7665682d303234, requestedHorizonMs=2500, confidence=100, planning.waypoints=1, offloadTaskId=udp-probe-11, offloadPayload=1024 bytes}"
5g-udp-sender,1786031412195481884,edge4av-real-20260806-airspan-followup-run-1,c4-rep1-udp,airspan-followup-70-20-10,guided-planning,udp,veh-024,veh-024,rsu-1,c4-rep1-udp-veh-024-12,ipi-session-1,airspan-followup-c4-rep1,veh-024,12,100-clients,default,stationary,unsynced,true,true,payload_bytes,1024,bytes,IPI-CooperativeService,1102,1786031412105244404,1786031238241821676,1786031238241871858,1786031412195481884,90.237,,0.050,173953.610,"CooperativeService{guidedPlanning, status=request, vehicleId=0x7665682d303234, requestedHorizonMs=2500, confidence=100, planning.waypoints=1, offloadTaskId=udp-probe-12, offloadPayload=1024 bytes}"
5g-udp-sender,1786031412530370705,edge4av-real-20260806-airspan-followup-run-1,c4-rep1-udp,airspan-followup-70-20-10,guided-planning,udp,veh-024,veh-024,rsu-1,c4-rep1-udp-veh-024-13,ipi-session-1,airspan-followup-c4-rep1,veh-024,13,100-clients,default,stationary,unsynced,true,true,payload_bytes,1024,bytes,IPI-CooperativeService,1102,1786031412395643865,1786031238572458150,1786031238572470223,1786031412530370705,134.727,,0.012,173957.900,"CooperativeService{guidedPlanning, status=request, vehicleId=0x7665682d303234, requestedHorizonMs=2500, confidence=100, planning.waypoints=1, offloadTaskId=udp-probe-13, offloadPayload=1024 bytes}"
5g-udp-sender,1786031412818153887,edge4av-real-20260806-airspan-followup-run-1,c4-rep1-udp,airspan-followup-70-20-10,guided-planning,udp,veh-024,veh-024,rsu-1,c4-rep1-udp-veh-024-14,ipi-session-1,airspan-followup-c4-rep1,veh-024,14,100-clients,default,stationary,unsynced,true,true,payload_bytes,1024,bytes,IPI-CooperativeService,1102,1786031412730641535,1786031238862450402,1786031238862491654,1786031412818153887,87.512,,0.041,173955.662,"CooperativeService{guidedPlanning, status=request, vehicleId=0x7665682d303234, requestedHorizonMs=2500, confidence=100, planning.waypoints=1, offloadTaskId=udp-probe-14, offloadPayload=1024 bytes}"
5g-udp-sender,1786031413112211012,edge4av-real-20260806-airspan-followup-run-1,c4-rep1-udp,airspan-followup-70-20-10,guided-planning,udp,veh-024,veh-024,rsu-1,c4-rep1-udp-veh-024-15,ipi-session-1,airspan-followup-c4-rep1,veh-024,15,100-clients,default,stationary,unsynced,true,true,payload_bytes,1024,bytes,IPI-CooperativeService,1102,1786031413018338466,1786031239153286981,1786031239153299272,1786031413112211012,93.873,,0.012,173958.912,"CooperativeService{guidedPlanning, status=request, vehicleId=0x7665682d303234, requestedHorizonMs=2500, confidence=100, planning.waypoints=1, offloadTaskId=udp-probe-15, offloadPayload=1024 bytes}"
5g-udp-sender,1786031413400179965,edge4av-real-20260806-airspan-followup-run-1,c4-rep1-udp,airspan-followup-70-20-10,guided-planning,udp,veh-024,veh-024,rsu-1,c4-rep1-udp-veh-024-16,ipi-session-1,airspan-followup-c4-rep1,veh-024,16,100-clients,default,stationary,unsynced,true,true,payload_bytes,1024,bytes,IPI-CooperativeService,1102,1786031413312410594,1786031239444138103,1786031239444173590,1786031413400179965,87.769,,0.035,173956.006,"CooperativeService{guidedPlanning, status=request, vehicleId=0x7665682d303234, requestedHorizonMs=2500, confidence=100, planning.waypoints=1, offloadTaskId=udp-probe-16, offloadPayload=1024 bytes}"
5g-udp-sender,1786031413680247234,edge4av-real-20260806-airspan-followup-run-1,c4-rep1-udp,airspan-followup-70-20-10,guided-planning,udp,veh-024,veh-024,rsu-1,c4-rep1-udp-veh-024-17,ipi-session-1,airspan-followup-c4-rep1,veh-024,17,100-clients,default,stationary,unsynced,true,true,payload_bytes,1024,bytes,IPI-CooperativeService,1102,1786031413600346250,1786031239724099675,1786031239724131695,1786031413680247234,79.901,,0.032,173956.116,"CooperativeService{guidedPlanning, status=request, vehicleId=0x7665682d303234, requestedHorizonMs=2500, confidence=100, planning.waypoints=1, offloadTaskId=udp-probe-17, offloadPayload=1024 bytes}"
5g-udp-sender,1786031413950385188,edge4av-real-20260806-airspan-followup-run-1,c4-rep1-udp,airspan-followup-70-20-10,guided-planning,udp,veh-024,veh-024,rsu-1,c4-rep1-udp-veh-024-18,ipi-session-1,airspan-followup-c4-rep1,veh-024,18,100-clients,default,stationary,unsynced,true,true,payload_bytes,1024,bytes,IPI-CooperativeService,1102,1786031413880399166,1786031239994407280,1786031239994458891,1786031413950385188,69.986,,0.052,173955.926,"CooperativeService{guidedPlanning, status=request, vehicleId=0x7665682d303234, requestedHorizonMs=2500, confidence=100, planning.waypoints=1, offloadTaskId=udp-probe-18, offloadPayload=1024 bytes}"
5g-udp-sender,1786031414224265559,edge4av-real-20260806-airspan-followup-run-1,c4-rep1-udp,airspan-followup-70-20-10,guided-planning,udp,veh-024,veh-024,rsu-1,c4-rep1-udp-veh-024-19,ipi-session-1,airspan-followup-c4-rep1,veh-024,19,100-clients,default,stationary,unsynced,true,true,payload_bytes,1024,bytes,IPI-CooperativeService,1102,1786031414150607170,1786031240265090555,1786031240265118575,1786031414224265559,73.658,,0.028,173959.147,"CooperativeService{guidedPlanning, status=request, vehicleId=0x7665682d303234, requestedHorizonMs=2500, confidence=100, planning.waypoints=1, offloadTaskId=udp-probe-19, offloadPayload=1024 bytes}"
5g-udp-sender,1786031414510288667,edge4av-real-20260806-airspan-followup-run-1,c4-rep1-udp,airspan-followup-70-20-10,guided-planning,udp,veh-024,veh-024,rsu-1,c4-rep1-udp-veh-024-20,ipi-session-1,airspan-followup-c4-rep1,veh-024,20,100-clients,default,stationary,unsynced,true,true,payload_bytes,1024,bytes,IPI-CooperativeService,1102,1786031414424456580,1786031240555423620,1786031240555475067,1786031414510288667,85.832,,0.051,173954.814,"CooperativeService{guidedPlanning, status=request, vehicleId=0x7665682d303234, requestedHorizonMs=2500, confidence=100, planning.waypoints=1, offloadTaskId=udp-probe-20, offloadPayload=1024 bytes}"
5g-udp-sender,1786031414820307693,edge4av-real-20260806-airspan-followup-run-1,c4-rep1-udp,airspan-followup-70-20-10,guided-planning,udp,veh-024,veh-024,rsu-1,c4-rep1-udp-veh-024-21,ipi-session-1,airspan-followup-c4-rep1,veh-024,21,100-clients,default,stationary,unsynced,true,true,payload_bytes,1024,bytes,IPI-CooperativeService,1102,1786031414710449601,1786031240865622207,1786031240865673320,1786031414820307693,109.858,,0.051,173954.634,"CooperativeService{guidedPlanning, status=request, vehicleId=0x7665682d303234, requestedHorizonMs=2500, confidence=100, planning.waypoints=1, offloadTaskId=udp-probe-21, offloadPayload=1024 bytes}"
5g-udp-sender,1786031415180184002,edge4av-real-20260806-airspan-followup-run-1,c4-rep1-udp,airspan-followup-70-20-10,guided-planning,udp,veh-024,veh-024,rsu-1,c4-rep1-udp-veh-024-22,ipi-session-1,airspan-followup-c4-rep1,veh-024,22,100-clients,default,stationary,unsynced,true,true,payload_bytes,1024,bytes,IPI-CooperativeService,1102,1786031415020530764,1786031241226115870,1786031241226143920,1786031415180184002,159.653,,0.028,173954.040,"CooperativeService{guidedPlanning, status=request, vehicleId=0x7665682d303234, requestedHorizonMs=2500, confidence=100, planning.waypoints=1, offloadTaskId=udp-probe-22, offloadPayload=1024 bytes}"
5g-udp-sender,1786031415462220111,edge4av-real-20260806-airspan-followup-run-1,c4-rep1-udp,airspan-followup-70-20-10,guided-planning,udp,veh-024,veh-024,rsu-1,c4-rep1-udp-veh-024-23,ipi-session-1,airspan-followup-c4-rep1,veh-024,23,100-clients,default,stationary,unsynced,true,true,payload_bytes,1024,bytes,IPI-CooperativeService,1102,1786031415380375276,1786031241497373570,1786031241497398298,1786031415462220111,81.845,,0.025,173964.822,"CooperativeService{guidedPlanning, status=request, vehicleId=0x7665682d303234, requestedHorizonMs=2500, confidence=100, planning.waypoints=1, offloadTaskId=udp-probe-23, offloadPayload=1024 bytes}"
5g-udp-sender,1786031415820402298,edge4av-real-20260806-airspan-followup-run-1,c4-rep1-udp,airspan-followup-70-20-10,guided-planning,udp,veh-024,veh-024,rsu-1,c4-rep1-udp-veh-024-24,ipi-session-1,airspan-followup-c4-rep1,veh-024,24,100-clients,default,stationary,unsynced,true,true,payload_bytes,1024,bytes,IPI-CooperativeService,1102,1786031415662405049,1786031241867363792,1786031241867395058,1786031415820402298,157.997,,0.031,173953.007,"CooperativeService{guidedPlanning, status=request, vehicleId=0x7665682d303234, requestedHorizonMs=2500, confidence=100, planning.waypoints=1, offloadTaskId=udp-probe-24, offloadPayload=1024 bytes}"
5g-udp-sender,1786031416154298315,edge4av-real-20260806-airspan-followup-run-1,c4-rep1-udp,airspan-followup-70-20-10,guided-planning,udp,veh-024,veh-024,rsu-1,c4-rep1-udp-veh-024-25,ipi-session-1,airspan-followup-c4-rep1,veh-024,25,100-clients,default,stationary,unsynced,true,true,payload_bytes,1024,bytes,IPI-CooperativeService,1102,1786031416020609889,1786031242197763182,1786031242197816366,1786031416154298315,133.688,,0.053,173956.482,"CooperativeService{guidedPlanning, status=request, vehicleId=0x7665682d303234, requestedHorizonMs=2500, confidence=100, planning.waypoints=1, offloadTaskId=udp-probe-25, offloadPayload=1024 bytes}"
5g-udp-sender,1786031416466224361,edge4av-real-20260806-airspan-followup-run-1,c4-rep1-udp,airspan-followup-70-20-10,guided-planning,udp,veh-024,veh-024,rsu-1,c4-rep1-udp-veh-024-26,ipi-session-1,airspan-followup-c4-rep1,veh-024,26,100-clients,default,stationary,unsynced,true,true,payload_bytes,1024,bytes,IPI-CooperativeService,1102,1786031416354450059,1786031242508741809,1786031242508773570,1786031416466224361,111.774,,0.032,173957.451,"CooperativeService{guidedPlanning, status=request, vehicleId=0x7665682d303234, requestedHorizonMs=2500, confidence=100, planning.waypoints=1, offloadTaskId=udp-probe-26, offloadPayload=1024 bytes}"
5g-udp-sender,1786031416758380612,edge4av-real-20260806-airspan-followup-run-1,c4-rep1-udp,airspan-followup-70-20-10,guided-planning,udp,veh-024,veh-024,rsu-1,c4-rep1-udp-veh-024-27,ipi-session-1,airspan-followup-c4-rep1,veh-024,27,100-clients,default,stationary,unsynced,true,true,payload_bytes,1024,bytes,IPI-CooperativeService,1102,1786031416666383784,1786031242799067505,1786031242799093959,1786031416758380612,91.997,,0.026,173959.287,"CooperativeService{guidedPlanning, status=request, vehicleId=0x7665682d303234, requestedHorizonMs=2500, confidence=100, planning.waypoints=1, offloadTaskId=udp-probe-27, offloadPayload=1024 bytes}"
5g-udp-sender,1786031417004154261,edge4av-real-20260806-airspan-followup-run-1,c4-rep1-udp,airspan-followup-70-20-10,guided-planning,udp,veh-024,veh-024,rsu-1,c4-rep1-udp-veh-024-28,ipi-session-1,airspan-followup-c4-rep1,veh-024,28,100-clients,default,stationary,unsynced,true,true,payload_bytes,1024,bytes,IPI-CooperativeService,1102,1786031416958539485,1786031243049261223,1786031243049291291,1786031417004154261,45.615,,0.030,173954.863,"CooperativeService{guidedPlanning, status=request, vehicleId=0x7665682d303234, requestedHorizonMs=2500, confidence=100, planning.waypoints=1, offloadTaskId=udp-probe-28, offloadPayload=1024 bytes}"
5g-udp-sender,1786031417240279460,edge4av-real-20260806-airspan-followup-run-1,c4-rep1-udp,airspan-followup-70-20-10,guided-planning,udp,veh-024,veh-024,rsu-1,c4-rep1-udp-veh-024-29,ipi-session-1,airspan-followup-c4-rep1,veh-024,29,100-clients,default,stationary,unsynced,true,true,payload_bytes,1024,bytes,IPI-CooperativeService,1102,1786031417204301067,1786031243279527361,1786031243279536269,1786031417240279460,35.978,,0.009,173960.743,"CooperativeService{guidedPlanning, status=request, vehicleId=0x7665682d303234, requestedHorizonMs=2500, confidence=100, planning.waypoints=1, offloadTaskId=udp-probe-29, offloadPayload=1024 bytes}"
5g-udp-sender,1786031417484396707,edge4av-real-20260806-airspan-followup-run-1,c4-rep1-udp,airspan-followup-70-20-10,guided-planning,udp,veh-024,veh-024,rsu-1,c4-rep1-udp-veh-024-30,ipi-session-1,airspan-followup-c4-rep1,veh-024,30,100-clients,default,stationary,unsynced,true,true,payload_bytes,1024,bytes,IPI-CooperativeService,1102,1786031417440454167,1786031243529563378,1786031243529583174,1786031417484396707,43.943,,0.020,173954.814,"CooperativeService{guidedPlanning, status=request, vehicleId=0x7665682d303234, requestedHorizonMs=2500, confidence=100, planning.waypoints=1, offloadTaskId=udp-probe-30, offloadPayload=1024 bytes}"
5g-udp-sender,1786031417726458392,edge4av-real-20260806-airspan-followup-run-1,c4-rep1-udp,airspan-followup-70-20-10,guided-planning,udp,veh-024,veh-024,rsu-1,c4-rep1-udp-veh-024-31,ipi-session-1,airspan-followup-c4-rep1,veh-024,31,100-clients,default,stationary,unsynced,true,true,payload_bytes,1024,bytes,IPI-CooperativeService,1102,1786031417684594291,1786031243770196894,1786031243770248871,1786031417726458392,41.864,,0.052,173956.210,"CooperativeService{guidedPlanning, status=request, vehicleId=0x7665682d303234, requestedHorizonMs=2500, confidence=100, planning.waypoints=1, offloadTaskId=udp-probe-31, offloadPayload=1024 bytes}"
5g-udp-sender,1786031417992288652,edge4av-real-20260806-airspan-followup-run-1,c4-rep1-udp,airspan-followup-70-20-10,guided-planning,udp,veh-024,veh-024,rsu-1,c4-rep1-udp-veh-024-32,ipi-session-1,airspan-followup-c4-rep1,veh-024,32,100-clients,default,stationary,unsynced,true,true,payload_bytes,1024,bytes,IPI-CooperativeService,1102,1786031417926641448,1786031244030759883,1786031244030810773,1786031417992288652,65.647,,0.051,173961.478,"CooperativeService{guidedPlanning, status=request, vehicleId=0x7665682d303234, requestedHorizonMs=2500, confidence=100, planning.waypoints=1, offloadTaskId=udp-probe-32, offloadPayload=1024 bytes}"
5g-udp-sender,1786031418306153190,edge4av-real-20260806-airspan-followup-run-1,c4-rep1-udp,airspan-followup-70-20-10,guided-planning,udp,veh-024,veh-024,rsu-1,c4-rep1-udp-veh-024-33,ipi-session-1,airspan-followup-c4-rep1,veh-024,33,100-clients,default,stationary,unsynced,true,true,payload_bytes,1024,bytes,IPI-CooperativeService,1102,1786031418192754218,1786031244351359111,1786031244351366235,1786031418306153190,113.399,,0.007,173954.787,"CooperativeService{guidedPlanning, status=request, vehicleId=0x7665682d303234, requestedHorizonMs=2500, confidence=100, planning.waypoints=1, offloadTaskId=udp-probe-33, offloadPayload=1024 bytes}"
5g-udp-sender,1786031418656256191,edge4av-real-20260806-airspan-followup-run-1,c4-rep1-udp,airspan-followup-70-20-10,guided-planning,udp,veh-024,veh-024,rsu-1,c4-rep1-udp-veh-024-34,ipi-session-1,airspan-followup-c4-rep1,veh-024,34,100-clients,default,stationary,unsynced,true,true,payload_bytes,1024,bytes,IPI-CooperativeService,1102,1786031418506354229,1786031244701661812,1786031244701683489,1786031418656256191,149.902,,0.022,173954.573,"CooperativeService{guidedPlanning, status=request, vehicleId=0x7665682d303234, requestedHorizonMs=2500, confidence=100, planning.waypoints=1, offloadTaskId=udp-probe-34, offloadPayload=1024 bytes}"
5g-udp-sender,1786031419038582304,edge4av-real-20260806-airspan-followup-run-1,c4-rep1-udp,airspan-followup-70-20-10,guided-planning,udp,veh-024,veh-024,rsu-1,c4-rep1-udp-veh-024-35,ipi-session-1,airspan-followup-c4-rep1,veh-024,35,100-clients,default,stationary,unsynced,true,true,payload_bytes,1024,bytes,IPI-CooperativeService,1102,1786031418856626083,1786031245072365008,1786031245072417052,1786031419038582304,181.956,,0.052,173966.165,"CooperativeService{guidedPlanning, status=request, vehicleId=0x7665682d303234, requestedHorizonMs=2500, confidence=100, planning.waypoints=1, offloadTaskId=udp-probe-35, offloadPayload=1024 bytes}"
5g-udp-sender,1786031419372338177,edge4av-real-20260806-airspan-followup-run-1,c4-rep1-udp,airspan-followup-70-20-10,guided-planning,udp,veh-024,veh-024,rsu-1,c4-rep1-udp-veh-024-36,ipi-session-1,airspan-followup-c4-rep1,veh-024,36,100-clients,default,stationary,unsynced,true,true,payload_bytes,1024,bytes,IPI-CooperativeService,1102,1786031419238736039,1786031245413398455,1786031245413424613,1786031419372338177,133.602,,0.026,173958.914,"CooperativeService{guidedPlanning, status=request, vehicleId=0x7665682d303234, requestedHorizonMs=2500, confidence=100, planning.waypoints=1, offloadTaskId=udp-probe-36, offloadPayload=1024 bytes}"
5g-udp-sender,1786031419700183849,edge4av-real-20260806-airspan-followup-run-1,c4-rep1-udp,airspan-followup-70-20-10,guided-planning,udp,veh-024,veh-024,rsu-1,c4-rep1-udp-veh-024-37,ipi-session-1,airspan-followup-c4-rep1,veh-024,37,100-clients,default,stationary,unsynced,true,true,payload_bytes,1024,bytes,IPI-CooperativeService,1102,1786031419572530721,1786031245743258254,1786031245743279178,1786031419700183849,127.653,,0.021,173956.905,"CooperativeService{guidedPlanning, status=request, vehicleId=0x7665682d303234, requestedHorizonMs=2500, confidence=100, planning.waypoints=1, offloadTaskId=udp-probe-37, offloadPayload=1024 bytes}"
5g-udp-sender,1786031419970673369,edge4av-real-20260806-airspan-followup-run-1,c4-rep1-udp,airspan-followup-70-20-10,guided-planning,udp,veh-024,veh-024,rsu-1,c4-rep1-udp-veh-024-38,ipi-session-1,airspan-followup-c4-rep1,veh-024,38,100-clients,default,stationary,unsynced,true,true,payload_bytes,1024,bytes,IPI-CooperativeService,1102,1786031419900340487,1786031246013691145,1786031246013714577,1786031419970673369,70.333,,0.023,173956.959,"CooperativeService{guidedPlanning, status=request, vehicleId=0x7665682d303234, requestedHorizonMs=2500, confidence=100, planning.waypoints=1, offloadTaskId=udp-probe-38, offloadPayload=1024 bytes}"
5g-udp-sender,1786031420230276345,edge4av-real-20260806-airspan-followup-run-1,c4-rep1-udp,airspan-followup-70-20-10,guided-planning,udp,veh-024,veh-024,rsu-1,c4-rep1-udp-veh-024-39,ipi-session-1,airspan-followup-c4-rep1,veh-024,39,100-clients,default,stationary,unsynced,true,true,payload_bytes,1024,bytes,IPI-CooperativeService,1102,1786031420170849550,1786031246274356887,1786031246274367534,1786031420230276345,59.427,,0.011,173955.909,"CooperativeService{guidedPlanning, status=request, vehicleId=0x7665682d303234, requestedHorizonMs=2500, confidence=100, planning.waypoints=1, offloadTaskId=udp-probe-39, offloadPayload=1024 bytes}"
5g-udp-sender,1786031420472355734,edge4av-real-20260806-airspan-followup-run-1,c4-rep1-udp,airspan-followup-70-20-10,guided-planning,udp,veh-024,veh-024,rsu-1,c4-rep1-udp-veh-024-40,ipi-session-1,airspan-followup-c4-rep1,veh-024,40,100-clients,default,stationary,unsynced,true,true,payload_bytes,1024,bytes,IPI-CooperativeService,1102,1786031420430483110,1786031246515199063,1786031246515227436,1786031420472355734,41.873,,0.028,173957.128,"CooperativeService{guidedPlanning, status=request, vehicleId=0x7665682d303234, requestedHorizonMs=2500, confidence=100, planning.waypoints=1, offloadTaskId=udp-probe-40, offloadPayload=1024 bytes}"
5g-udp-sender,1786031420709145922,edge4av-real-20260806-airspan-followup-run-1,c4-rep1-udp,airspan-followup-70-20-10,guided-planning,udp,veh-024,veh-024,rsu-1,c4-rep1-udp-veh-024-41,ipi-session-1,airspan-followup-c4-rep1,veh-024,41,100-clients,default,stationary,unsynced,true,true,payload_bytes,1024,bytes,IPI-CooperativeService,1102,1786031420672589716,1786031246755007385,1786031246755037760,1786031420709145922,36.556,,0.030,173954.108,"CooperativeService{guidedPlanning, status=request, vehicleId=0x7665682d303234, requestedHorizonMs=2500, confidence=100, planning.waypoints=1, offloadTaskId=udp-probe-41, offloadPayload=1024 bytes}"
5g-udp-sender,1786031420934275235,edge4av-real-20260806-airspan-followup-run-1,c4-rep1-udp,airspan-followup-70-20-10,guided-planning,udp,veh-024,veh-024,rsu-1,c4-rep1-udp-veh-024-42,ipi-session-1,airspan-followup-c4-rep1,veh-024,42,100-clients,default,stationary,unsynced,true,true,payload_bytes,1024,bytes,IPI-CooperativeService,1102,1786031420909309677,1786031246976256775,1786031246976280891,1786031420934275235,24.966,,0.024,173957.994,"CooperativeService{guidedPlanning, status=request, vehicleId=0x7665682d303234, requestedHorizonMs=2500, confidence=100, planning.waypoints=1, offloadTaskId=udp-probe-42, offloadPayload=1024 bytes}"
5g-udp-sender,1786031421172301336,edge4av-real-20260806-airspan-followup-run-1,c4-rep1-udp,airspan-followup-70-20-10,guided-planning,udp,veh-024,veh-024,rsu-1,c4-rep1-udp-veh-024-43,ipi-session-1,airspan-followup-c4-rep1,veh-024,43,100-clients,default,stationary,unsynced,true,true,payload_bytes,1024,bytes,IPI-CooperativeService,1102,1786031421134437453,1786031247216102949,1786031247216153912,1786031421172301336,37.864,,0.051,173956.147,"CooperativeService{guidedPlanning, status=request, vehicleId=0x7665682d303234, requestedHorizonMs=2500, confidence=100, planning.waypoints=1, offloadTaskId=udp-probe-43, offloadPayload=1024 bytes}"
5g-udp-sender,1786031421452371727,edge4av-real-20260806-airspan-followup-run-1,c4-rep1-udp,airspan-followup-70-20-10,guided-planning,udp,veh-024,veh-024,rsu-1,c4-rep1-udp-veh-024-44,ipi-session-1,airspan-followup-c4-rep1,veh-024,44,100-clients,default,stationary,unsynced,true,true,payload_bytes,1024,bytes,IPI-CooperativeService,1102,1786031421372457737,1786031247496454638,1786031247496507489,1786031421452371727,79.914,,0.053,173955.864,"CooperativeService{guidedPlanning, status=request, vehicleId=0x7665682d303234, requestedHorizonMs=2500, confidence=100, planning.waypoints=1, offloadTaskId=udp-probe-44, offloadPayload=1024 bytes}"
5g-udp-sender,1786031421756265950,edge4av-real-20260806-airspan-followup-run-1,c4-rep1-udp,airspan-followup-70-20-10,guided-planning,udp,veh-024,veh-024,rsu-1,c4-rep1-udp-veh-024-45,ipi-session-1,airspan-followup-c4-rep1,veh-024,45,100-clients,default,stationary,unsynced,true,true,payload_bytes,1024,bytes,IPI-CooperativeService,1102,1786031421652547751,1786031247797024527,1786031247797031986,1786031421756265950,103.718,,0.007,173959.234,"CooperativeService{guidedPlanning, status=request, vehicleId=0x7665682d303234, requestedHorizonMs=2500, confidence=100, planning.waypoints=1, offloadTaskId=udp-probe-45, offloadPayload=1024 bytes}"
5g-udp-sender,1786031422061045329,edge4av-real-20260806-airspan-followup-run-1,c4-rep1-udp,airspan-followup-70-20-10,guided-planning,udp,veh-024,veh-024,rsu-1,c4-rep1-udp-veh-024-46,ipi-session-1,airspan-followup-c4-rep1,veh-024,46,100-clients,default,stationary,unsynced,true,true,payload_bytes,1024,bytes,IPI-CooperativeService,1102,1786031421956468238,1786031248107267027,1786031248107318149,1786031422061045329,104.577,,0.051,173953.727,"CooperativeService{guidedPlanning, status=request, vehicleId=0x7665682d303234, requestedHorizonMs=2500, confidence=100, planning.waypoints=1, offloadTaskId=udp-probe-46, offloadPayload=1024 bytes}"
5g-udp-sender,1786031422402347056,edge4av-real-20260806-airspan-followup-run-1,c4-rep1-udp,airspan-followup-70-20-10,guided-planning,udp,veh-024,veh-024,rsu-1,c4-rep1-udp-veh-024-47,ipi-session-1,airspan-followup-c4-rep1,veh-024,47,100-clients,default,stationary,unsynced,true,true,payload_bytes,1024,bytes,IPI-CooperativeService,1102,1786031422261238363,1786031248448251006,1786031248448302019,1786031422402347056,141.109,,0.051,173954.045,"CooperativeService{guidedPlanning, status=request, vehicleId=0x7665682d303234, requestedHorizonMs=2500, confidence=100, planning.waypoints=1, offloadTaskId=udp-probe-47, offloadPayload=1024 bytes}"
5g-udp-sender,1786031422704328837,edge4av-real-20260806-airspan-followup-run-1,c4-rep1-udp,airspan-followup-70-20-10,guided-planning,udp,veh-024,veh-024,rsu-1,c4-rep1-udp-veh-024-48,ipi-session-1,airspan-followup-c4-rep1,veh-024,48,100-clients,default,stationary,unsynced,true,true,payload_bytes,1024,bytes,IPI-CooperativeService,1102,1786031422602541157,1786031248748911790,1786031248748940450,1786031422704328837,101.788,,0.029,173955.388,"CooperativeService{guidedPlanning, status=request, vehicleId=0x7665682d303234, requestedHorizonMs=2500, confidence=100, planning.waypoints=1, offloadTaskId=udp-probe-48, offloadPayload=1024 bytes}"
5g-udp-sender,1786031422964262125,edge4av-real-20260806-airspan-followup-run-1,c4-rep1-udp,airspan-followup-70-20-10,guided-planning,udp,veh-024,veh-024,rsu-1,c4-rep1-udp-veh-024-49,ipi-session-1,airspan-followup-c4-rep1,veh-024,49,100-clients,default,stationary,unsynced,true,true,payload_bytes,1024,bytes,IPI-CooperativeService,1102,1786031422904525151,1786031249009236317,1786031249009261914,1786031422964262125,59.737,,0.026,173955.000,"CooperativeService{guidedPlanning, status=request, vehicleId=0x7665682d303234, requestedHorizonMs=2500, confidence=100, planning.waypoints=1, offloadTaskId=udp-probe-49, offloadPayload=1024 bytes}"
5g-udp-sender,1786031423224198526,edge4av-real-20260806-airspan-followup-run-1,c4-rep1-udp,airspan-followup-70-20-10,guided-planning,udp,veh-024,veh-024,rsu-1,c4-rep1-udp-veh-024-50,ipi-session-1,airspan-followup-c4-rep1,veh-024,50,100-clients,default,stationary,unsynced,true,true,payload_bytes,1024,bytes,IPI-CooperativeService,1102,1786031423164446689,1786031249269616896,1786031249269662294,1786031423224198526,59.752,,0.045,173954.536,"CooperativeService{guidedPlanning, status=request, vehicleId=0x7665682d303234, requestedHorizonMs=2500, confidence=100, planning.waypoints=1, offloadTaskId=udp-probe-50, offloadPayload=1024 bytes}"
5g-udp-sender,1786031423480284965,edge4av-real-20260806-airspan-followup-run-1,c4-rep1-udp,airspan-followup-70-20-10,guided-planning,udp,veh-024,veh-024,rsu-1,c4-rep1-udp-veh-024-51,ipi-session-1,airspan-followup-c4-rep1,veh-024,51,100-clients,default,stationary,unsynced,true,true,payload_bytes,1024,bytes,IPI-CooperativeService,1102,1786031423425235396,1786031249520347904,1786031249520372704,1786031423480284965,55.050,,0.025,173959.912,"CooperativeService{guidedPlanning, status=request, vehicleId=0x7665682d303234, requestedHorizonMs=2500, confidence=100, planning.waypoints=1, offloadTaskId=udp-probe-51, offloadPayload=1024 bytes}"
5g-udp-sender,1786031423816217846,edge4av-real-20260806-airspan-followup-run-1,c4-rep1-udp,airspan-followup-70-20-10,guided-planning,udp,veh-024,veh-024,rsu-1,c4-rep1-udp-veh-024-52,ipi-session-1,airspan-followup-c4-rep1,veh-024,52,100-clients,default,stationary,unsynced,true,true,payload_bytes,1024,bytes,IPI-CooperativeService,1102,1786031423680549833,1786031249860863028,1786031249860888605,1786031423816217846,135.668,,0.026,173955.329,"CooperativeService{guidedPlanning, status=request, vehicleId=0x7665682d303234, requestedHorizonMs=2500, confidence=100, planning.waypoints=1, offloadTaskId=udp-probe-52, offloadPayload=1024 bytes}"
5g-udp-sender,1786031424110294315,edge4av-real-20260806-airspan-followup-run-1,c4-rep1-udp,airspan-followup-70-20-10,guided-planning,udp,veh-024,veh-024,rsu-1,c4-rep1-udp-veh-024-53,ipi-session-1,airspan-followup-c4-rep1,veh-024,53,100-clients,default,stationary,unsynced,true,true,payload_bytes,1024,bytes,IPI-CooperativeService,1102,1786031424016375041,1786031250151416615,1786031250151443281,1786031424110294315,93.919,,0.027,173958.851,"CooperativeService{guidedPlanning, status=request, vehicleId=0x7665682d303234, requestedHorizonMs=2500, confidence=100, planning.waypoints=1, offloadTaskId=udp-probe-53, offloadPayload=1024 bytes}"
5g-udp-sender,1786031424406268695,edge4av-real-20260806-airspan-followup-run-1,c4-rep1-udp,airspan-followup-70-20-10,guided-planning,udp,veh-024,veh-024,rsu-1,c4-rep1-udp-veh-024-54,ipi-session-1,airspan-followup-c4-rep1,veh-024,54,100-clients,default,stationary,unsynced,true,true,payload_bytes,1024,bytes,IPI-CooperativeService,1102,1786031424310467181,1786031250451612572,1786031250451625102,1786031424406268695,95.802,,0.013,173954.644,"CooperativeService{guidedPlanning, status=request, vehicleId=0x7665682d303234, requestedHorizonMs=2500, confidence=100, planning.waypoints=1, offloadTaskId=udp-probe-54, offloadPayload=1024 bytes}"
5g-udp-sender,1786031424745510158,edge4av-real-20260806-airspan-followup-run-1,c4-rep1-udp,airspan-followup-70-20-10,guided-planning,udp,veh-024,veh-024,rsu-1,c4-rep1-udp-veh-024-55,ipi-session-1,airspan-followup-c4-rep1,veh-024,55,100-clients,default,stationary,unsynced,true,true,payload_bytes,1024,bytes,IPI-CooperativeService,1102,1786031424606447465,1786031250791849428,1786031250791900358,1786031424745510158,139.063,,0.051,173953.610,"CooperativeService{guidedPlanning, status=request, vehicleId=0x7665682d303234, requestedHorizonMs=2500, confidence=100, planning.waypoints=1, offloadTaskId=udp-probe-55, offloadPayload=1024 bytes}"
5g-udp-sender,1786031425048347700,edge4av-real-20260806-airspan-followup-run-1,c4-rep1-udp,airspan-followup-70-20-10,guided-planning,udp,veh-024,veh-024,rsu-1,c4-rep1-udp-veh-024-56,ipi-session-1,airspan-followup-c4-rep1,veh-024,56,100-clients,default,stationary,unsynced,true,true,payload_bytes,1024,bytes,IPI-CooperativeService,1102,1786031424945715508,1786031251092170865,1786031251092189377,1786031425048347700,102.632,,0.019,173956.158,"CooperativeService{guidedPlanning, status=request, vehicleId=0x7665682d303234, requestedHorizonMs=2500, confidence=100, planning.waypoints=1, offloadTaskId=udp-probe-56, offloadPayload=1024 bytes}"
5g-udp-sender,1786031425284284553,edge4av-real-20260806-airspan-followup-run-1,c4-rep1-udp,airspan-followup-70-20-10,guided-planning,udp,veh-024,veh-024,rsu-1,c4-rep1-udp-veh-024-57,ipi-session-1,airspan-followup-c4-rep1,veh-024,57,100-clients,default,stationary,unsynced,true,true,payload_bytes,1024,bytes,IPI-CooperativeService,1102,1786031425248594737,1786031251323575044,1786031251323599090,1786031425284284553,35.690,,0.024,173960.685,"CooperativeService{guidedPlanning, status=request, vehicleId=0x7665682d303234, requestedHorizonMs=2500, confidence=100, planning.waypoints=1, offloadTaskId=udp-probe-57, offloadPayload=1024 bytes}"
5g-udp-sender,1786031425520288482,edge4av-real-20260806-airspan-followup-run-1,c4-rep1-udp,airspan-followup-70-20-10,guided-planning,udp,veh-024,veh-024,rsu-1,c4-rep1-udp-veh-024-58,ipi-session-1,airspan-followup-c4-rep1,veh-024,58,100-clients,default,stationary,unsynced,true,true,payload_bytes,1024,bytes,IPI-CooperativeService,1102,1786031425484480438,1786031251563691931,1786031251563716062,1786031425520288482,35.808,,0.024,173956.572,"CooperativeService{guidedPlanning, status=request, vehicleId=0x7665682d303234, requestedHorizonMs=2500, confidence=100, planning.waypoints=1, offloadTaskId=udp-probe-58, offloadPayload=1024 bytes}"
5g-udp-sender,1786031430781568550,edge4av-real-20260806-airspan-followup-run-1,c4-rep1-udp,airspan-followup-70-20-10,guided-planning,udp,veh-024,veh-024,rsu-1,c4-rep1-udp-veh-024-59,ipi-session-1,airspan-followup-c4-rep1,veh-024,59,100-clients,default,stationary,unsynced,false,false,payload_bytes,1024,bytes,IPI-CooperativeService,1102,1786031425720469558,,,1786031430781568550,,,,,udp ack timeout
5g-udp-sender,1786031436413455493,edge4av-real-20260806-airspan-followup-run-1,c4-rep1-udp,airspan-followup-70-20-10,guided-planning,udp,veh-024,veh-024,rsu-1,c4-rep1-udp-veh-024-60,ipi-session-1,airspan-followup-c4-rep1,veh-024,60,100-clients,default,stationary,unsynced,false,false,payload_bytes,1024,bytes,IPI-CooperativeService,1102,1786031430981707450,,,1786031436413455493,,,,,udp ack timeout
5g-udp-sender,1786031436746410166,edge4av-real-20260806-airspan-followup-run-1,c4-rep1-udp,airspan-followup-70-20-10,guided-planning,udp,veh-024,veh-024,rsu-1,c4-rep1-udp-veh-024-61,ipi-session-1,airspan-followup-c4-rep1,veh-024,61,100-clients,default,stationary,unsynced,true,true,payload_bytes,1024,bytes,IPI-CooperativeService,1102,1786031436613605078,1786031262792065495,1786031262792116901,1786031436746410166,132.805,,0.051,173954.293,"CooperativeService{guidedPlanning, status=request, vehicleId=0x7665682d303234, requestedHorizonMs=2500, confidence=100, planning.waypoints=1, offloadTaskId=udp-probe-61, offloadPayload=1024 bytes}"
5g-udp-sender,1786031437116434118,edge4av-real-20260806-airspan-followup-run-1,c4-rep1-udp,airspan-followup-70-20-10,guided-planning,udp,veh-024,veh-024,rsu-1,c4-rep1-udp-veh-024-62,ipi-session-1,airspan-followup-c4-rep1,veh-024,62,100-clients,default,stationary,unsynced,true,true,payload_bytes,1024,bytes,IPI-CooperativeService,1102,1786031436946640417,1786031263162724957,1786031263162775876,1786031437116434118,169.794,,0.051,173953.658,"CooperativeService{guidedPlanning, status=request, vehicleId=0x7665682d303234, requestedHorizonMs=2500, confidence=100, planning.waypoints=1, offloadTaskId=udp-probe-62, offloadPayload=1024 bytes}"
5g-udp-sender,1786031437420324883,edge4av-real-20260806-airspan-followup-run-1,c4-rep1-udp,airspan-followup-70-20-10,guided-planning,udp,veh-024,veh-024,rsu-1,c4-rep1-udp-veh-024-63,ipi-session-1,airspan-followup-c4-rep1,veh-024,63,100-clients,default,stationary,unsynced,true,true,payload_bytes,1024,bytes,IPI-CooperativeService,1102,1786031437316546849,1786031263463285441,1786031263463337349,1786031437420324883,103.778,,0.052,173956.988,"CooperativeService{guidedPlanning, status=request, vehicleId=0x7665682d303234, requestedHorizonMs=2500, confidence=100, planning.waypoints=1, offloadTaskId=udp-probe-63, offloadPayload=1024 bytes}"
5g-udp-sender,1786031437788958795,edge4av-real-20260806-airspan-followup-run-1,c4-rep1-udp,airspan-followup-70-20-10,guided-planning,udp,veh-024,veh-024,rsu-1,c4-rep1-udp-veh-024-64,ipi-session-1,airspan-followup-c4-rep1,veh-024,64,100-clients,default,stationary,unsynced,true,true,payload_bytes,1024,bytes,IPI-CooperativeService,1102,1786031437620540827,1786031263833672617,1786031263833724595,1786031437788958795,168.418,,0.052,173955.234,"CooperativeService{guidedPlanning, status=request, vehicleId=0x7665682d303234, requestedHorizonMs=2500, confidence=100, planning.waypoints=1, offloadTaskId=udp-probe-64, offloadPayload=1024 bytes}"
5g-udp-sender,1786031438152347961,edge4av-real-20260806-airspan-followup-run-1,c4-rep1-udp,airspan-followup-70-20-10,guided-planning,udp,veh-024,veh-024,rsu-1,c4-rep1-udp-veh-024-65,ipi-session-1,airspan-followup-c4-rep1,veh-024,65,100-clients,default,stationary,unsynced,true,true,payload_bytes,1024,bytes,IPI-CooperativeService,1102,1786031437989121081,1786031264194618699,1786031264194653205,1786031438152347961,163.227,,0.035,173957.695,"CooperativeService{guidedPlanning, status=request, vehicleId=0x7665682d303234, requestedHorizonMs=2500, confidence=100, planning.waypoints=1, offloadTaskId=udp-probe-65, offloadPayload=1024 bytes}"
5g-udp-sender,1786031438520311744,edge4av-real-20260806-airspan-followup-run-1,c4-rep1-udp,airspan-followup-70-20-10,guided-planning,udp,veh-024,veh-024,rsu-1,c4-rep1-udp-veh-024-66,ipi-session-1,airspan-followup-c4-rep1,veh-024,66,100-clients,default,stationary,unsynced,true,true,payload_bytes,1024,bytes,IPI-CooperativeService,1102,1786031438352593461,1786031264564922397,1786031264564974172,1786031438520311744,167.718,,0.052,173955.338,"CooperativeService{guidedPlanning, status=request, vehicleId=0x7665682d303234, requestedHorizonMs=2500, confidence=100, planning.waypoints=1, offloadTaskId=udp-probe-66, offloadPayload=1024 bytes}"
5g-udp-sender,1786031438894394077,edge4av-real-20260806-airspan-followup-run-1,c4-rep1-udp,airspan-followup-70-20-10,guided-planning,udp,veh-024,veh-024,rsu-1,c4-rep1-udp-veh-024-67,ipi-session-1,airspan-followup-c4-rep1,veh-024,67,100-clients,default,stationary,unsynced,true,true,payload_bytes,1024,bytes,IPI-CooperativeService,1102,1786031438720452236,1786031264935810316,1786031264935862221,1786031438894394077,173.942,,0.052,173958.532,"CooperativeService{guidedPlanning, status=request, vehicleId=0x7665682d303234, requestedHorizonMs=2500, confidence=100, planning.waypoints=1, offloadTaskId=udp-probe-67, offloadPayload=1024 bytes}"
5g-udp-sender,1786031439234315242,edge4av-real-20260806-airspan-followup-run-1,c4-rep1-udp,airspan-followup-70-20-10,guided-planning,udp,veh-024,veh-024,rsu-1,c4-rep1-udp-veh-024-68,ipi-session-1,airspan-followup-c4-rep1,veh-024,68,100-clients,default,stationary,unsynced,true,true,payload_bytes,1024,bytes,IPI-CooperativeService,1102,1786031439094587476,1786031265277069650,1786031265277094782,1786031439234315242,139.728,,0.025,173957.220,"CooperativeService{guidedPlanning, status=request, vehicleId=0x7665682d303234, requestedHorizonMs=2500, confidence=100, planning.waypoints=1, offloadTaskId=udp-probe-68, offloadPayload=1024 bytes}"
5g-udp-sender,1786031439556400061,edge4av-real-20260806-airspan-followup-run-1,c4-rep1-udp,airspan-followup-70-20-10,guided-planning,udp,veh-024,veh-024,rsu-1,c4-rep1-udp-veh-024-69,ipi-session-1,airspan-followup-c4-rep1,veh-024,69,100-clients,default,stationary,unsynced,true,true,payload_bytes,1024,bytes,IPI-CooperativeService,1102,1786031439434446459,1786031265597379466,1786031265597407299,1786031439556400061,121.954,,0.028,173958.993,"CooperativeService{guidedPlanning, status=request, vehicleId=0x7665682d303234, requestedHorizonMs=2500, confidence=100, planning.waypoints=1, offloadTaskId=udp-probe-69, offloadPayload=1024 bytes}"
5g-udp-sender,1786031439870588569,edge4av-real-20260806-airspan-followup-run-1,c4-rep1-udp,airspan-followup-70-20-10,guided-planning,udp,veh-024,veh-024,rsu-1,c4-rep1-udp-veh-024-70,ipi-session-1,airspan-followup-c4-rep1,veh-024,70,100-clients,default,stationary,unsynced,true,true,payload_bytes,1024,bytes,IPI-CooperativeService,1102,1786031439756578052,1786031265917617931,1786031265917670087,1786031439870588569,114.011,,0.052,173952.918,"CooperativeService{guidedPlanning, status=request, vehicleId=0x7665682d303234, requestedHorizonMs=2500, confidence=100, planning.waypoints=1, offloadTaskId=udp-probe-70, offloadPayload=1024 bytes}"
5g-udp-sender,1786031440173948729,edge4av-real-20260806-airspan-followup-run-1,c4-rep1-udp,airspan-followup-70-20-10,guided-planning,udp,veh-024,veh-024,rsu-1,c4-rep1-udp-veh-024-71,ipi-session-1,airspan-followup-c4-rep1,veh-024,71,100-clients,default,stationary,unsynced,true,true,payload_bytes,1024,bytes,IPI-CooperativeService,1102,1786031440070741001,1786031266218332525,1786031266218383543,1786031440173948729,103.208,,0.051,173955.565,"CooperativeService{guidedPlanning, status=request, vehicleId=0x7665682d303234, requestedHorizonMs=2500, confidence=100, planning.waypoints=1, offloadTaskId=udp-probe-71, offloadPayload=1024 bytes}"
5g-udp-sender,1786031440538566313,edge4av-real-20260806-airspan-followup-run-1,c4-rep1-udp,airspan-followup-70-20-10,guided-planning,udp,veh-024,veh-024,rsu-1,c4-rep1-udp-veh-024-72,ipi-session-1,airspan-followup-c4-rep1,veh-024,72,100-clients,default,stationary,unsynced,true,true,payload_bytes,1024,bytes,IPI-CooperativeService,1102,1786031440374165327,1786031266578775863,1786031266578786218,1786031440538566313,164.401,,0.010,173959.780,"CooperativeService{guidedPlanning, status=request, vehicleId=0x7665682d303234, requestedHorizonMs=2500, confidence=100, planning.waypoints=1, offloadTaskId=udp-probe-72, offloadPayload=1024 bytes}"
5g-udp-sender,1786031440823899694,edge4av-real-20260806-airspan-followup-run-1,c4-rep1-udp,airspan-followup-70-20-10,guided-planning,udp,veh-024,veh-024,rsu-1,c4-rep1-udp-veh-024-73,ipi-session-1,airspan-followup-c4-rep1,veh-024,73,100-clients,default,stationary,unsynced,true,true,payload_bytes,1024,bytes,IPI-CooperativeService,1102,1786031440738736891,1786031266869418806,1786031266869465317,1786031440823899694,85.163,,0.047,173954.434,"CooperativeService{guidedPlanning, status=request, vehicleId=0x7665682d303234, requestedHorizonMs=2500, confidence=100, planning.waypoints=1, offloadTaskId=udp-probe-73, offloadPayload=1024 bytes}"
5g-udp-sender,1786031441104129510,edge4av-real-20260806-airspan-followup-run-1,c4-rep1-udp,airspan-followup-70-20-10,guided-planning,udp,veh-024,veh-024,rsu-1,c4-rep1-udp-veh-024-74,ipi-session-1,airspan-followup-c4-rep1,veh-024,74,100-clients,default,stationary,unsynced,true,true,payload_bytes,1024,bytes,IPI-CooperativeService,1102,1786031441024084499,1786031267149647026,1786031267149668506,1786031441104129510,80.045,,0.021,173954.461,"CooperativeService{guidedPlanning, status=request, vehicleId=0x7665682d303234, requestedHorizonMs=2500, confidence=100, planning.waypoints=1, offloadTaskId=udp-probe-74, offloadPayload=1024 bytes}"
5g-udp-sender,1786031441366353111,edge4av-real-20260806-airspan-followup-run-1,c4-rep1-udp,airspan-followup-70-20-10,guided-planning,udp,veh-024,veh-024,rsu-1,c4-rep1-udp-veh-024-75,ipi-session-1,airspan-followup-c4-rep1,veh-024,75,100-clients,default,stationary,unsynced,true,true,payload_bytes,1024,bytes,IPI-CooperativeService,1102,1786031441304274827,1786031267410532659,1786031267410584038,1786031441366353111,62.078,,0.051,173955.769,"CooperativeService{guidedPlanning, status=request, vehicleId=0x7665682d303234, requestedHorizonMs=2500, confidence=100, planning.waypoints=1, offloadTaskId=udp-probe-75, offloadPayload=1024 bytes}"
5g-udp-sender,1786031441620508831,edge4av-real-20260806-airspan-followup-run-1,c4-rep1-udp,airspan-followup-70-20-10,guided-planning,udp,veh-024,veh-024,rsu-1,c4-rep1-udp-veh-024-76,ipi-session-1,airspan-followup-c4-rep1,veh-024,76,100-clients,default,stationary,unsynced,true,true,payload_bytes,1024,bytes,IPI-CooperativeService,1102,1786031441566534839,1786031267661035490,1786031267661063364,1786031441620508831,53.974,,0.028,173959.445,"CooperativeService{guidedPlanning, status=request, vehicleId=0x7665682d303234, requestedHorizonMs=2500, confidence=100, planning.waypoints=1, offloadTaskId=udp-probe-76, offloadPayload=1024 bytes}"
5g-udp-sender,1786031441916351787,edge4av-real-20260806-airspan-followup-run-1,c4-rep1-udp,airspan-followup-70-20-10,guided-planning,udp,veh-024,veh-024,rsu-1,c4-rep1-udp-veh-024-77,ipi-session-1,airspan-followup-c4-rep1,veh-024,77,100-clients,default,stationary,unsynced,true,true,payload_bytes,1024,bytes,IPI-CooperativeService,1102,1786031441820666035,1786031267961771432,1786031267961796573,1786031441916351787,95.686,,0.025,173954.555,"CooperativeService{guidedPlanning, status=request, vehicleId=0x7665682d303234, requestedHorizonMs=2500, confidence=100, planning.waypoints=1, offloadTaskId=udp-probe-77, offloadPayload=1024 bytes}"
5g-udp-sender,1786031442220413691,edge4av-real-20260806-airspan-followup-run-1,c4-rep1-udp,airspan-followup-70-20-10,guided-planning,udp,veh-024,veh-024,rsu-1,c4-rep1-udp-veh-024-78,ipi-session-1,airspan-followup-c4-rep1,veh-024,78,100-clients,default,stationary,unsynced,true,true,payload_bytes,1024,bytes,IPI-CooperativeService,1102,1786031442116575358,1786031268261956752,1786031268261971101,1786031442220413691,103.838,,0.014,173958.443,"CooperativeService{guidedPlanning, status=request, vehicleId=0x7665682d303234, requestedHorizonMs=2500, confidence=100, planning.waypoints=1, offloadTaskId=udp-probe-78, offloadPayload=1024 bytes}"
5g-udp-sender,1786031442576448000,edge4av-real-20260806-airspan-followup-run-1,c4-rep1-udp,airspan-followup-70-20-10,guided-planning,udp,veh-024,veh-024,rsu-1,c4-rep1-udp-veh-024-79,ipi-session-1,airspan-followup-c4-rep1,veh-024,79,100-clients,default,stationary,unsynced,true,true,payload_bytes,1024,bytes,IPI-CooperativeService,1102,1786031442420603736,1786031268622957453,1786031268622985455,1786031442576448000,155.844,,0.028,173953.463,"CooperativeService{guidedPlanning, status=request, vehicleId=0x7665682d303234, requestedHorizonMs=2500, confidence=100, planning.waypoints=1, offloadTaskId=udp-probe-79, offloadPayload=1024 bytes}"
5g-udp-sender,1786031442860399959,edge4av-real-20260806-airspan-followup-run-1,c4-rep1-udp,airspan-followup-70-20-10,guided-planning,udp,veh-024,veh-024,rsu-1,c4-rep1-udp-veh-024-80,ipi-session-1,airspan-followup-c4-rep1,veh-024,80,100-clients,default,stationary,unsynced,true,true,payload_bytes,1024,bytes,IPI-CooperativeService,1102,1786031442776579397,1786031268903590979,1786031268903616694,1786031442860399959,83.821,,0.026,173956.783,"CooperativeService{guidedPlanning, status=request, vehicleId=0x7665682d303234, requestedHorizonMs=2500, confidence=100, planning.waypoints=1, offloadTaskId=udp-probe-80, offloadPayload=1024 bytes}"
5g-udp-sender,1786031443214484512,edge4av-real-20260806-airspan-followup-run-1,c4-rep1-udp,airspan-followup-70-20-10,guided-planning,udp,veh-024,veh-024,rsu-1,c4-rep1-udp-veh-024-81,ipi-session-1,airspan-followup-c4-rep1,veh-024,81,100-clients,default,stationary,unsynced,true,true,payload_bytes,1024,bytes,IPI-CooperativeService,1102,1786031443060641034,1786031269254035020,1786031269254063841,1786031443214484512,153.843,,0.029,173960.421,"CooperativeService{guidedPlanning, status=request, vehicleId=0x7665682d303234, requestedHorizonMs=2500, confidence=100, planning.waypoints=1, offloadTaskId=udp-probe-81, offloadPayload=1024 bytes}"
5g-udp-sender,1786031443560572967,edge4av-real-20260806-airspan-followup-run-1,c4-rep1-udp,airspan-followup-70-20-10,guided-planning,udp,veh-024,veh-024,rsu-1,c4-rep1-udp-veh-024-82,ipi-session-1,airspan-followup-c4-rep1,veh-024,82,100-clients,default,stationary,unsynced,true,true,payload_bytes,1024,bytes,IPI-CooperativeService,1102,1786031443414664366,1786031269594705773,1786031269594734565,1786031443560572967,145.909,,0.029,173965.838,"CooperativeService{guidedPlanning, status=request, vehicleId=0x7665682d303234, requestedHorizonMs=2500, confidence=100, planning.waypoints=1, offloadTaskId=udp-probe-82, offloadPayload=1024 bytes}"
5g-udp-sender,1786031443862516636,edge4av-real-20260806-airspan-followup-run-1,c4-rep1-udp,airspan-followup-70-20-10,guided-planning,udp,veh-024,veh-024,rsu-1,c4-rep1-udp-veh-024-83,ipi-session-1,airspan-followup-c4-rep1,veh-024,83,100-clients,default,stationary,unsynced,true,true,payload_bytes,1024,bytes,IPI-CooperativeService,1102,1786031443760750549,1786031269905604318,1786031269905629721,1786031443862516636,101.766,,0.025,173956.887,"CooperativeService{guidedPlanning, status=request, vehicleId=0x7665682d303234, requestedHorizonMs=2500, confidence=100, planning.waypoints=1, offloadTaskId=udp-probe-83, offloadPayload=1024 bytes}"
5g-udp-sender,1786031444140466434,edge4av-real-20260806-airspan-followup-run-1,c4-rep1-udp,airspan-followup-70-20-10,guided-planning,udp,veh-024,veh-024,rsu-1,c4-rep1-udp-veh-024-84,ipi-session-1,airspan-followup-c4-rep1,veh-024,84,100-clients,default,stationary,unsynced,true,true,payload_bytes,1024,bytes,IPI-CooperativeService,1102,1786031444062705346,1786031270185603455,1786031270185654833,1786031444140466434,77.761,,0.051,173954.812,"CooperativeService{guidedPlanning, status=request, vehicleId=0x7665682d303234, requestedHorizonMs=2500, confidence=100, planning.waypoints=1, offloadTaskId=udp-probe-84, offloadPayload=1024 bytes}"
5g-udp-sender,1786031444516456793,edge4av-real-20260806-airspan-followup-run-1,c4-rep1-udp,airspan-followup-70-20-10,guided-planning,udp,veh-024,veh-024,rsu-1,c4-rep1-udp-veh-024-85,ipi-session-1,airspan-followup-c4-rep1,veh-024,85,100-clients,default,stationary,unsynced,true,true,payload_bytes,1024,bytes,IPI-CooperativeService,1102,1786031444340670567,1786031270556293750,1786031270556305793,1786031444516456793,175.786,,0.012,173960.151,"CooperativeService{guidedPlanning, status=request, vehicleId=0x7665682d303234, requestedHorizonMs=2500, confidence=100, planning.waypoints=1, offloadTaskId=udp-probe-85, offloadPayload=1024 bytes}"
5g-udp-sender,1786031444850090928,edge4av-real-20260806-airspan-followup-run-1,c4-rep1-udp,airspan-followup-70-20-10,guided-planning,udp,veh-024,veh-024,rsu-1,c4-rep1-udp-veh-024-86,ipi-session-1,airspan-followup-c4-rep1,veh-024,86,100-clients,default,stationary,unsynced,true,true,payload_bytes,1024,bytes,IPI-CooperativeService,1102,1786031444716640852,1786031270896974785,1786031270897026646,1786031444850090928,133.450,,0.052,173953.064,"CooperativeService{guidedPlanning, status=request, vehicleId=0x7665682d303234, requestedHorizonMs=2500, confidence=100, planning.waypoints=1, offloadTaskId=udp-probe-86, offloadPayload=1024 bytes}"
5g-udp-sender,1786031445224343013,edge4av-real-20260806-airspan-followup-run-1,c4-rep1-udp,airspan-followup-70-20-10,guided-planning,udp,veh-024,veh-024,rsu-1,c4-rep1-udp-veh-024-87,ipi-session-1,airspan-followup-c4-rep1,veh-024,87,100-clients,default,stationary,unsynced,true,true,payload_bytes,1024,bytes,IPI-CooperativeService,1102,1786031445050248957,1786031271267609355,1786031271267660917,1786031445224343013,174.094,,0.052,173956.682,"CooperativeService{guidedPlanning, status=request, vehicleId=0x7665682d303234, requestedHorizonMs=2500, confidence=100, planning.waypoints=1, offloadTaskId=udp-probe-87, offloadPayload=1024 bytes}"
5g-udp-sender,1786031445594567925,edge4av-real-20260806-airspan-followup-run-1,c4-rep1-udp,airspan-followup-70-20-10,guided-planning,udp,veh-024,veh-024,rsu-1,c4-rep1-udp-veh-024-88,ipi-session-1,airspan-followup-c4-rep1,veh-024,88,100-clients,default,stationary,unsynced,true,true,payload_bytes,1024,bytes,IPI-CooperativeService,1102,1786031445424521962,1786031271638257512,1786031271638308259,1786031445594567925,170.046,,0.051,173956.260,"CooperativeService{guidedPlanning, status=request, vehicleId=0x7665682d303234, requestedHorizonMs=2500, confidence=100, planning.waypoints=1, offloadTaskId=udp-probe-88, offloadPayload=1024 bytes}"
5g-udp-sender,1786031445866587851,edge4av-real-20260806-airspan-followup-run-1,c4-rep1-udp,airspan-followup-70-20-10,guided-planning,udp,veh-024,veh-024,rsu-1,c4-rep1-udp-veh-024-89,ipi-session-1,airspan-followup-c4-rep1,veh-024,89,100-clients,default,stationary,unsynced,true,true,payload_bytes,1024,bytes,IPI-CooperativeService,1102,1786031445794734530,1786031271909041623,1786031271909070704,1786031445866587851,71.853,,0.029,173957.517,"CooperativeService{guidedPlanning, status=request, vehicleId=0x7665682d303234, requestedHorizonMs=2500, confidence=100, planning.waypoints=1, offloadTaskId=udp-probe-89, offloadPayload=1024 bytes}"
5g-udp-sender,1786031446131062677,edge4av-real-20260806-airspan-followup-run-1,c4-rep1-udp,airspan-followup-70-20-10,guided-planning,udp,veh-024,veh-024,rsu-1,c4-rep1-udp-veh-024-90,ipi-session-1,airspan-followup-c4-rep1,veh-024,90,100-clients,default,stationary,unsynced,true,true,payload_bytes,1024,bytes,IPI-CooperativeService,1102,1786031446066751413,1786031272179069760,1786031272179110629,1786031446131062677,64.311,,0.041,173951.952,"CooperativeService{guidedPlanning, status=request, vehicleId=0x7665682d303234, requestedHorizonMs=2500, confidence=100, planning.waypoints=1, offloadTaskId=udp-probe-90, offloadPayload=1024 bytes}"
5g-udp-sender,1786031446471184444,edge4av-real-20260806-airspan-followup-run-1,c4-rep1-udp,airspan-followup-70-20-10,guided-planning,udp,veh-024,veh-024,rsu-1,c4-rep1-udp-veh-024-91,ipi-session-1,airspan-followup-c4-rep1,veh-024,91,100-clients,default,stationary,unsynced,true,true,payload_bytes,1024,bytes,IPI-CooperativeService,1102,1786031446331260012,1786031272509911485,1786031272509962892,1786031446471184444,139.924,,0.051,173961.222,"CooperativeService{guidedPlanning, status=request, vehicleId=0x7665682d303234, requestedHorizonMs=2500, confidence=100, planning.waypoints=1, offloadTaskId=udp-probe-91, offloadPayload=1024 bytes}"
5g-udp-sender,1786031446764377931,edge4av-real-20260806-airspan-followup-run-1,c4-rep1-udp,airspan-followup-70-20-10,guided-planning,udp,veh-024,veh-024,rsu-1,c4-rep1-udp-veh-024-92,ipi-session-1,airspan-followup-c4-rep1,veh-024,92,100-clients,default,stationary,unsynced,true,true,payload_bytes,1024,bytes,IPI-CooperativeService,1102,1786031446671347195,1786031272810150492,1786031272810171445,1786031446764377931,93.031,,0.021,173954.206,"CooperativeService{guidedPlanning, status=request, vehicleId=0x7665682d303234, requestedHorizonMs=2500, confidence=100, planning.waypoints=1, offloadTaskId=udp-probe-92, offloadPayload=1024 bytes}"
5g-udp-sender,1786031447000531360,edge4av-real-20260806-airspan-followup-run-1,c4-rep1-udp,airspan-followup-70-20-10,guided-planning,udp,veh-024,veh-024,rsu-1,c4-rep1-udp-veh-024-93,ipi-session-1,airspan-followup-c4-rep1,veh-024,93,100-clients,default,stationary,unsynced,true,true,payload_bytes,1024,bytes,IPI-CooperativeService,1102,1786031446964541843,1786031273041646319,1786031273041670707,1786031447000531360,35.990,,0.024,173958.861,"CooperativeService{guidedPlanning, status=request, vehicleId=0x7665682d303234, requestedHorizonMs=2500, confidence=100, planning.waypoints=1, offloadTaskId=udp-probe-93, offloadPayload=1024 bytes}"
5g-udp-sender,1786031447246472075,edge4av-real-20260806-airspan-followup-run-1,c4-rep1-udp,airspan-followup-70-20-10,guided-planning,udp,veh-024,veh-024,rsu-1,c4-rep1-udp-veh-024-94,ipi-session-1,airspan-followup-c4-rep1,veh-024,94,100-clients,default,stationary,unsynced,true,true,payload_bytes,1024,bytes,IPI-CooperativeService,1102,1786031447200688154,1786031273291544625,1786031273291554641,1786031447246472075,45.784,,0.010,173954.917,"CooperativeService{guidedPlanning, status=request, vehicleId=0x7665682d303234, requestedHorizonMs=2500, confidence=100, planning.waypoints=1, offloadTaskId=udp-probe-94, offloadPayload=1024 bytes}"
5g-udp-sender,1786031447514967391,edge4av-real-20260806-airspan-followup-run-1,c4-rep1-udp,airspan-followup-70-20-10,guided-planning,udp,veh-024,veh-024,rsu-1,c4-rep1-udp-veh-024-95,ipi-session-1,airspan-followup-c4-rep1,veh-024,95,100-clients,default,stationary,unsynced,true,true,payload_bytes,1024,bytes,IPI-CooperativeService,1102,1786031447446629066,1786031273561801955,1786031273561853492,1786031447514967391,68.338,,0.052,173953.114,"CooperativeService{guidedPlanning, status=request, vehicleId=0x7665682d303234, requestedHorizonMs=2500, confidence=100, planning.waypoints=1, offloadTaskId=udp-probe-95, offloadPayload=1024 bytes}"
5g-udp-sender,1786031447750402862,edge4av-real-20260806-airspan-followup-run-1,c4-rep1-udp,airspan-followup-70-20-10,guided-planning,udp,veh-024,veh-024,rsu-1,c4-rep1-udp-veh-024-96,ipi-session-1,airspan-followup-c4-rep1,veh-024,96,100-clients,default,stationary,unsynced,true,true,payload_bytes,1024,bytes,IPI-CooperativeService,1102,1786031447715139303,1786031273792573883,1786031273792637363,1786031447750402862,35.264,,0.063,173957.765,"CooperativeService{guidedPlanning, status=request, vehicleId=0x7665682d303234, requestedHorizonMs=2500, confidence=100, planning.waypoints=1, offloadTaskId=udp-probe-96, offloadPayload=1024 bytes}"
5g-udp-sender,1786031448010565410,edge4av-real-20260806-airspan-followup-run-1,c4-rep1-udp,airspan-followup-70-20-10,guided-planning,udp,veh-024,veh-024,rsu-1,c4-rep1-udp-veh-024-97,ipi-session-1,airspan-followup-c4-rep1,veh-024,97,100-clients,default,stationary,unsynced,true,true,payload_bytes,1024,bytes,IPI-CooperativeService,1102,1786031447950590063,1786031274053184513,1786031274053209460,1786031448010565410,59.975,,0.025,173957.356,"CooperativeService{guidedPlanning, status=request, vehicleId=0x7665682d303234, requestedHorizonMs=2500, confidence=100, planning.waypoints=1, offloadTaskId=udp-probe-97, offloadPayload=1024 bytes}"
5g-udp-sender,1786031448340496221,edge4av-real-20260806-airspan-followup-run-1,c4-rep1-udp,airspan-followup-70-20-10,guided-planning,udp,veh-024,veh-024,rsu-1,c4-rep1-udp-veh-024-98,ipi-session-1,airspan-followup-c4-rep1,veh-024,98,100-clients,default,stationary,unsynced,true,true,payload_bytes,1024,bytes,IPI-CooperativeService,1102,1786031448210836986,1786031274383719348,1786031274383748357,1786031448340496221,129.659,,0.029,173956.748,"CooperativeService{guidedPlanning, status=request, vehicleId=0x7665682d303234, requestedHorizonMs=2500, confidence=100, planning.waypoints=1, offloadTaskId=udp-probe-98, offloadPayload=1024 bytes}"
5g-udp-sender,1786031448606554786,edge4av-real-20260806-airspan-followup-run-1,c4-rep1-udp,airspan-followup-70-20-10,guided-planning,udp,veh-024,veh-024,rsu-1,c4-rep1-udp-veh-024-99,ipi-session-1,airspan-followup-c4-rep1,veh-024,99,100-clients,default,stationary,unsynced,true,true,payload_bytes,1024,bytes,IPI-CooperativeService,1102,1786031448540634195,1786031274653635314,1786031274653676343,1786031448606554786,65.921,,0.041,173952.878,"CooperativeService{guidedPlanning, status=request, vehicleId=0x7665682d303234, requestedHorizonMs=2500, confidence=100, planning.waypoints=1, offloadTaskId=udp-probe-99, offloadPayload=1024 bytes}"
5g-udp-sender,1786031448872488127,edge4av-real-20260806-airspan-followup-run-1,c4-rep1-udp,airspan-followup-70-20-10,guided-planning,udp,veh-024,veh-024,rsu-1,c4-rep1-udp-veh-024-100,ipi-session-1,airspan-followup-c4-rep1,veh-024,100,100-clients,default,stationary,unsynced,true,true,payload_bytes,1024,bytes,IPI-CooperativeService,1103,1786031448806729297,1786031274914771625,1786031274914798982,1786031448872488127,65.759,,0.027,173957.689,"CooperativeService{guidedPlanning, status=request, vehicleId=0x7665682d303234, requestedHorizonMs=2500, confidence=100, planning.waypoints=1, offloadTaskId=udp-probe-100, offloadPayload=1024 bytes}"
5g-udp-sender,1786031449199924850,edge4av-real-20260806-airspan-followup-run-1,c4-rep1-udp,airspan-followup-70-20-10,guided-planning,udp,veh-024,veh-024,rsu-1,c4-rep1-udp-veh-024-101,ipi-session-1,airspan-followup-c4-rep1,veh-024,101,100-clients,default,stationary,unsynced,true,true,payload_bytes,1024,bytes,IPI-CooperativeService,1103,1786031449072652500,1786031275244803545,1786031275244834595,1786031449199924850,127.272,,0.031,173955.090,"CooperativeService{guidedPlanning, status=request, vehicleId=0x7665682d303234, requestedHorizonMs=2500, confidence=100, planning.waypoints=1, offloadTaskId=udp-probe-101, offloadPayload=1024 bytes}"
5g-udp-sender,1786031449460609882,edge4av-real-20260806-airspan-followup-run-1,c4-rep1-udp,airspan-followup-70-20-10,guided-planning,udp,veh-024,veh-024,rsu-1,c4-rep1-udp-veh-024-102,ipi-session-1,airspan-followup-c4-rep1,veh-024,102,100-clients,default,stationary,unsynced,true,true,payload_bytes,1024,bytes,IPI-CooperativeService,1103,1786031449400110580,1786031275505637181,1786031275505688483,1786031449460609882,60.499,,0.051,173954.921,"CooperativeService{guidedPlanning, status=request, vehicleId=0x7665682d303234, requestedHorizonMs=2500, confidence=100, planning.waypoints=1, offloadTaskId=udp-probe-102, offloadPayload=1024 bytes}"
5g-udp-sender,1786031449714593644,edge4av-real-20260806-airspan-followup-run-1,c4-rep1-udp,airspan-followup-70-20-10,guided-planning,udp,veh-024,veh-024,rsu-1,c4-rep1-udp-veh-024-103,ipi-session-1,airspan-followup-c4-rep1,veh-024,103,100-clients,default,stationary,unsynced,true,true,payload_bytes,1024,bytes,IPI-CooperativeService,1103,1786031449660758637,1786031275756278484,1786031275756306478,1786031449714593644,53.835,,0.028,173958.287,"CooperativeService{guidedPlanning, status=request, vehicleId=0x7665682d303234, requestedHorizonMs=2500, confidence=100, planning.waypoints=1, offloadTaskId=udp-probe-103, offloadPayload=1024 bytes}"
5g-udp-sender,1786031450004478023,edge4av-real-20260806-airspan-followup-run-1,c4-rep1-udp,airspan-followup-70-20-10,guided-planning,udp,veh-024,veh-024,rsu-1,c4-rep1-udp-veh-024-104,ipi-session-1,airspan-followup-c4-rep1,veh-024,104,100-clients,default,stationary,unsynced,true,true,payload_bytes,1024,bytes,IPI-CooperativeService,1103,1786031449914785268,1786031276046691736,1786031276046722935,1786031450004478023,89.693,,0.031,173957.755,"CooperativeService{guidedPlanning, status=request, vehicleId=0x7665682d303234, requestedHorizonMs=2500, confidence=100, planning.waypoints=1, offloadTaskId=udp-probe-104, offloadPayload=1024 bytes}"
5g-udp-sender,1786031450342510207,edge4av-real-20260806-airspan-followup-run-1,c4-rep1-udp,airspan-followup-70-20-10,guided-planning,udp,veh-024,veh-024,rsu-1,c4-rep1-udp-veh-024-105,ipi-session-1,airspan-followup-c4-rep1,veh-024,105,100-clients,default,stationary,unsynced,true,true,payload_bytes,1024,bytes,IPI-CooperativeService,1103,1786031450204641763,1786031276387022079,1786031276387030504,1786031450342510207,137.868,,0.008,173955.480,"CooperativeService{guidedPlanning, status=request, vehicleId=0x7665682d303234, requestedHorizonMs=2500, confidence=100, planning.waypoints=1, offloadTaskId=udp-probe-105, offloadPayload=1024 bytes}"
5g-udp-sender,1786031455869460943,edge4av-real-20260806-airspan-followup-run-1,c4-rep1-udp,airspan-followup-70-20-10,guided-planning,udp,veh-024,veh-024,rsu-1,c4-rep1-udp-veh-024-106,ipi-session-1,airspan-followup-c4-rep1,veh-024,106,100-clients,default,stationary,unsynced,false,false,payload_bytes,1024,bytes,IPI-CooperativeService,1103,1786031450542687604,,,1786031455869460943,,,,,udp ack timeout
5g-udp-sender,1786031456172539697,edge4av-real-20260806-airspan-followup-run-1,c4-rep1-udp,airspan-followup-70-20-10,guided-planning,udp,veh-024,veh-024,rsu-1,c4-rep1-udp-veh-024-107,ipi-session-1,airspan-followup-c4-rep1,veh-024,107,100-clients,default,stationary,unsynced,true,true,payload_bytes,1024,bytes,IPI-CooperativeService,1103,1786031456069604950,1786031282217508419,1786031282217538366,1786031456172539697,102.935,,0.030,173955.001,"CooperativeService{guidedPlanning, status=request, vehicleId=0x7665682d303234, requestedHorizonMs=2500, confidence=100, planning.waypoints=1, offloadTaskId=udp-probe-107, offloadPayload=1024 bytes}"
5g-udp-sender,1786031456516640437,edge4av-real-20260806-airspan-followup-run-1,c4-rep1-udp,airspan-followup-70-20-10,guided-planning,udp,veh-024,veh-024,rsu-1,c4-rep1-udp-veh-024-108,ipi-session-1,airspan-followup-c4-rep1,veh-024,108,100-clients,default,stationary,unsynced,true,true,payload_bytes,1024,bytes,IPI-CooperativeService,1103,1786031456372826202,1786031282558089934,1786031282558118315,1786031456516640437,143.814,,0.028,173958.522,"CooperativeService{guidedPlanning, status=request, vehicleId=0x7665682d303234, requestedHorizonMs=2500, confidence=100, planning.waypoints=1, offloadTaskId=udp-probe-108, offloadPayload=1024 bytes}"
5g-udp-sender,1786031456894566631,edge4av-real-20260806-airspan-followup-run-1,c4-rep1-udp,airspan-followup-70-20-10,guided-planning,udp,veh-024,veh-024,rsu-1,c4-rep1-udp-veh-024-109,ipi-session-1,airspan-followup-c4-rep1,veh-024,109,100-clients,default,stationary,unsynced,true,true,payload_bytes,1024,bytes,IPI-CooperativeService,1103,1786031456716797097,1786031282938352713,1786031282938393855,1786031456894566631,177.770,,0.041,173956.173,"CooperativeService{guidedPlanning, status=request, vehicleId=0x7665682d303234, requestedHorizonMs=2500, confidence=100, planning.waypoints=1, offloadTaskId=udp-probe-109, offloadPayload=1024 bytes}"
5g-udp-sender,1786031457244468862,edge4av-real-20260806-airspan-followup-run-1,c4-rep1-udp,airspan-followup-70-20-10,guided-planning,udp,veh-024,veh-024,rsu-1,c4-rep1-udp-veh-024-110,ipi-session-1,airspan-followup-c4-rep1,veh-024,110,100-clients,default,stationary,unsynced,true,true,payload_bytes,1024,bytes,IPI-CooperativeService,1103,1786031457094705252,1786031283289095992,1786031283289147092,1786031457244468862,149.764,,0.051,173955.322,"CooperativeService{guidedPlanning, status=request, vehicleId=0x7665682d303234, requestedHorizonMs=2500, confidence=100, planning.waypoints=1, offloadTaskId=udp-probe-110, offloadPayload=1024 bytes}"
5g-udp-sender,1786031457618558498,edge4av-real-20260806-airspan-followup-run-1,c4-rep1-udp,airspan-followup-70-20-10,guided-planning,udp,veh-024,veh-024,rsu-1,c4-rep1-udp-veh-024-111,ipi-session-1,airspan-followup-c4-rep1,veh-024,111,100-clients,default,stationary,unsynced,true,true,payload_bytes,1024,bytes,IPI-CooperativeService,1103,1786031457444613494,1786031283660167176,1786031283660197474,1786031457618558498,173.945,,0.030,173958.361,"CooperativeService{guidedPlanning, status=request, vehicleId=0x7665682d303234, requestedHorizonMs=2500, confidence=100, planning.waypoints=1, offloadTaskId=udp-probe-111, offloadPayload=1024 bytes}"
5g-udp-sender,1786031457990514190,edge4av-real-20260806-airspan-followup-run-1,c4-rep1-udp,airspan-followup-70-20-10,guided-planning,udp,veh-024,veh-024,rsu-1,c4-rep1-udp-veh-024-112,ipi-session-1,airspan-followup-c4-rep1,veh-024,112,100-clients,default,stationary,unsynced,true,true,payload_bytes,1024,bytes,IPI-CooperativeService,1103,1786031457818718197,1786031284030924076,1786031284030953283,1786031457990514190,171.796,,0.029,173959.561,"CooperativeService{guidedPlanning, status=request, vehicleId=0x7665682d303234, requestedHorizonMs=2500, confidence=100, planning.waypoints=1, offloadTaskId=udp-probe-112, offloadPayload=1024 bytes}"
5g-udp-sender,1786031458340443942,edge4av-real-20260806-airspan-followup-run-1,c4-rep1-udp,airspan-followup-70-20-10,guided-planning,udp,veh-024,veh-024,rsu-1,c4-rep1-udp-veh-024-113,ipi-session-1,airspan-followup-c4-rep1,veh-024,113,100-clients,default,stationary,unsynced,true,true,payload_bytes,1024,bytes,IPI-CooperativeService,1103,1786031458190670316,1786031284381516229,1786031284381544763,1786031458340443942,149.774,,0.029,173958.899,"CooperativeService{guidedPlanning, status=request, vehicleId=0x7665682d303234, requestedHorizonMs=2500, confidence=100, planning.waypoints=1, offloadTaskId=udp-probe-113, offloadPayload=1024 bytes}"
5g-udp-sender,1786031458626654967,edge4av-real-20260806-airspan-followup-run-1,c4-rep1-udp,airspan-followup-70-20-10,guided-planning,udp,veh-024,veh-024,rsu-1,c4-rep1-udp-veh-024-114,ipi-session-1,airspan-followup-c4-rep1,veh-024,114,100-clients,default,stationary,unsynced,true,true,payload_bytes,1024,bytes,IPI-CooperativeService,1103,1786031458540623521,1786031284671963598,1786031284671992420,1786031458626654967,86.031,,0.029,173954.663,"CooperativeService{guidedPlanning, status=request, vehicleId=0x7665682d303234, requestedHorizonMs=2500, confidence=100, planning.waypoints=1, offloadTaskId=udp-probe-114, offloadPayload=1024 bytes}"
5g-udp-sender,1786031458935585984,edge4av-real-20260806-airspan-followup-run-1,c4-rep1-udp,airspan-followup-70-20-10,guided-planning,udp,veh-024,veh-024,rsu-1,c4-rep1-udp-veh-024-115,ipi-session-1,airspan-followup-c4-rep1,veh-024,115,100-clients,default,stationary,unsynced,true,true,payload_bytes,1024,bytes,IPI-CooperativeService,1103,1786031458826837370,1786031284982545050,1786031284982595205,1786031458935585984,108.749,,0.050,173952.991,"CooperativeService{guidedPlanning, status=request, vehicleId=0x7665682d303234, requestedHorizonMs=2500, confidence=100, planning.waypoints=1, offloadTaskId=udp-probe-115, offloadPayload=1024 bytes}"
5g-udp-sender,1786031459236480557,edge4av-real-20260806-airspan-followup-run-1,c4-rep1-udp,airspan-followup-70-20-10,guided-planning,udp,veh-024,veh-024,rsu-1,c4-rep1-udp-veh-024-116,ipi-session-1,airspan-followup-c4-rep1,veh-024,116,100-clients,default,stationary,unsynced,true,true,payload_bytes,1024,bytes,IPI-CooperativeService,1103,1786031459135716393,1786031285282680047,1786031285282711771,1786031459236480557,100.764,,0.032,173953.769,"CooperativeService{guidedPlanning, status=request, vehicleId=0x7665682d303234, requestedHorizonMs=2500, confidence=100, planning.waypoints=1, offloadTaskId=udp-probe-116, offloadPayload=1024 bytes}"
5g-udp-sender,1786031459512538291,edge4av-real-20260806-airspan-followup-run-1,c4-rep1-udp,airspan-followup-70-20-10,guided-planning,udp,veh-024,veh-024,rsu-1,c4-rep1-udp-veh-024-117,ipi-session-1,airspan-followup-c4-rep1,veh-024,117,100-clients,default,stationary,unsynced,true,true,payload_bytes,1024,bytes,IPI-CooperativeService,1103,1786031459436634698,1786031285553497251,1786031285553525218,1786031459512538291,75.904,,0.028,173959.013,"CooperativeService{guidedPlanning, status=request, vehicleId=0x7665682d303234, requestedHorizonMs=2500, confidence=100, planning.waypoints=1, offloadTaskId=udp-probe-117, offloadPayload=1024 bytes}"
5g-udp-sender,1786031459766528557,edge4av-real-20260806-airspan-followup-run-1,c4-rep1-udp,airspan-followup-70-20-10,guided-planning,udp,veh-024,veh-024,rsu-1,c4-rep1-udp-veh-024-118,ipi-session-1,airspan-followup-c4-rep1,veh-024,118,100-clients,default,stationary,unsynced,true,true,payload_bytes,1024,bytes,IPI-CooperativeService,1103,1786031459712701042,1786031285813812492,1786031285813824850,1786031459766528557,53.828,,0.012,173952.704,"CooperativeService{guidedPlanning, status=request, vehicleId=0x7665682d303234, requestedHorizonMs=2500, confidence=100, planning.waypoints=1, offloadTaskId=udp-probe-118, offloadPayload=1024 bytes}"
5g-udp-sender,1786031460040485678,edge4av-real-20260806-airspan-followup-run-1,c4-rep1-udp,airspan-followup-70-20-10,guided-planning,udp,veh-024,veh-024,rsu-1,c4-rep1-udp-veh-024-119,ipi-session-1,airspan-followup-c4-rep1,veh-024,119,100-clients,default,stationary,unsynced,true,true,payload_bytes,1024,bytes,IPI-CooperativeService,1103,1786031459966687689,1786031286084674075,1786031286084704291,1786031460040485678,73.798,,0.030,173955.781,"CooperativeService{guidedPlanning, status=request, vehicleId=0x7665682d303234, requestedHorizonMs=2500, confidence=100, planning.waypoints=1, offloadTaskId=udp-probe-119, offloadPayload=1024 bytes}"
5g-udp-sender,1786031460329120449,edge4av-real-20260806-airspan-followup-run-1,c4-rep1-udp,airspan-followup-70-20-10,guided-planning,udp,veh-024,veh-024,rsu-1,c4-rep1-udp-veh-024-120,ipi-session-1,airspan-followup-c4-rep1,veh-024,120,100-clients,default,stationary,unsynced,true,true,payload_bytes,1024,bytes,IPI-CooperativeService,1103,1786031460240636013,1786031286374752876,1786031286374777800,1786031460329120449,88.484,,0.025,173954.343,"CooperativeService{guidedPlanning, status=request, vehicleId=0x7665682d303234, requestedHorizonMs=2500, confidence=100, planning.waypoints=1, offloadTaskId=udp-probe-120, offloadPayload=1024 bytes}"
5g-udp-sender,1786031460702668549,edge4av-real-20260806-airspan-followup-run-1,c4-rep1-udp,airspan-followup-70-20-10,guided-planning,udp,veh-024,veh-024,rsu-1,c4-rep1-udp-veh-024-121,ipi-session-1,airspan-followup-c4-rep1,veh-024,121,100-clients,default,stationary,unsynced,true,true,payload_bytes,1024,bytes,IPI-CooperativeService,1103,1786031460529283699,1786031286745709212,1786031286745759572,1786031460702668549,173.385,,0.050,173956.909,"CooperativeService{guidedPlanning, status=request, vehicleId=0x7665682d303234, requestedHorizonMs=2500, confidence=100, planning.waypoints=1, offloadTaskId=udp-probe-121, offloadPayload=1024 bytes}"
5g-udp-sender,1786031461054501700,edge4av-real-20260806-airspan-followup-run-1,c4-rep1-udp,airspan-followup-70-20-10,guided-planning,udp,veh-024,veh-024,rsu-1,c4-rep1-udp-veh-024-122,ipi-session-1,airspan-followup-c4-rep1,veh-024,122,100-clients,default,stationary,unsynced,true,true,payload_bytes,1024,bytes,IPI-CooperativeService,1103,1786031460902834268,1786031287096710925,1786031287096741425,1786031461054501700,151.667,,0.030,173957.760,"CooperativeService{guidedPlanning, status=request, vehicleId=0x7665682d303234, requestedHorizonMs=2500, confidence=100, planning.waypoints=1, offloadTaskId=udp-probe-122, offloadPayload=1024 bytes}"
5g-udp-sender,1786031461314646919,edge4av-real-20260806-airspan-followup-run-1,c4-rep1-udp,airspan-followup-70-20-10,guided-planning,udp,veh-024,veh-024,rsu-1,c4-rep1-udp-veh-024-123,ipi-session-1,airspan-followup-c4-rep1,veh-024,123,100-clients,default,stationary,unsynced,true,true,payload_bytes,1024,bytes,IPI-CooperativeService,1103,1786031461254663921,1786031287357881064,1786031287357908629,1786031461314646919,59.983,,0.028,173956.738,"CooperativeService{guidedPlanning, status=request, vehicleId=0x7665682d303234, requestedHorizonMs=2500, confidence=100, planning.waypoints=1, offloadTaskId=udp-probe-123, offloadPayload=1024 bytes}"
5g-udp-sender,1786031461646686312,edge4av-real-20260806-airspan-followup-run-1,c4-rep1-udp,airspan-followup-70-20-10,guided-planning,udp,veh-024,veh-024,rsu-1,c4-rep1-udp-veh-024-124,ipi-session-1,airspan-followup-c4-rep1,veh-024,124,100-clients,default,stationary,unsynced,true,true,payload_bytes,1024,bytes,IPI-CooperativeService,1103,1786031461514851424,1786031287687599444,1786031287687627950,1786031461646686312,131.835,,0.029,173959.058,"CooperativeService{guidedPlanning, status=request, vehicleId=0x7665682d303234, requestedHorizonMs=2500, confidence=100, planning.waypoints=1, offloadTaskId=udp-probe-124, offloadPayload=1024 bytes}"
5g-udp-sender,1786031462004482571,edge4av-real-20260806-airspan-followup-run-1,c4-rep1-udp,airspan-followup-70-20-10,guided-planning,udp,veh-024,veh-024,rsu-1,c4-rep1-udp-veh-024-125,ipi-session-1,airspan-followup-c4-rep1,veh-024,125,100-clients,default,stationary,unsynced,true,true,payload_bytes,1024,bytes,IPI-CooperativeService,1103,1786031461846848257,1786031288047960281,1786031288048010866,1786031462004482571,157.634,,0.051,173956.472,"CooperativeService{guidedPlanning, status=request, vehicleId=0x7665682d303234, requestedHorizonMs=2500, confidence=100, planning.waypoints=1, offloadTaskId=udp-probe-125, offloadPayload=1024 bytes}"
5g-udp-sender,1786031462248656545,edge4av-real-20260806-airspan-followup-run-1,c4-rep1-udp,airspan-followup-70-20-10,guided-planning,udp,veh-024,veh-024,rsu-1,c4-rep1-udp-veh-024-126,ipi-session-1,airspan-followup-c4-rep1,veh-024,126,100-clients,default,stationary,unsynced,true,true,payload_bytes,1024,bytes,IPI-CooperativeService,1103,1786031462204648761,1786031288288907401,1786031288288937614,1786031462248656545,44.008,,0.030,173959.719,"CooperativeService{guidedPlanning, status=request, vehicleId=0x7665682d303234, requestedHorizonMs=2500, confidence=100, planning.waypoints=1, offloadTaskId=udp-probe-126, offloadPayload=1024 bytes}"
5g-udp-sender,1786031462588610451,edge4av-real-20260806-airspan-followup-run-1,c4-rep1-udp,airspan-followup-70-20-10,guided-planning,udp,veh-024,veh-024,rsu-1,c4-rep1-udp-veh-024-127,ipi-session-1,airspan-followup-c4-rep1,veh-024,127,100-clients,default,stationary,unsynced,true,true,payload_bytes,1024,bytes,IPI-CooperativeService,1103,1786031462448812919,1786031288629046666,1786031288629070495,1786031462588610451,139.798,,0.024,173959.540,"CooperativeService{guidedPlanning, status=request, vehicleId=0x7665682d303234, requestedHorizonMs=2500, confidence=100, planning.waypoints=1, offloadTaskId=udp-probe-127, offloadPayload=1024 bytes}"
5g-udp-sender,1786031462946589594,edge4av-real-20260806-airspan-followup-run-1,c4-rep1-udp,airspan-followup-70-20-10,guided-planning,udp,veh-024,veh-024,rsu-1,c4-rep1-udp-veh-024-128,ipi-session-1,airspan-followup-c4-rep1,veh-024,128,100-clients,default,stationary,unsynced,true,true,payload_bytes,1024,bytes,IPI-CooperativeService,1103,1786031462788773015,1786031288980178004,1786031288980238120,1786031462946589594,157.817,,0.060,173966.351,"CooperativeService{guidedPlanning, status=request, vehicleId=0x7665682d303234, requestedHorizonMs=2500, confidence=100, planning.waypoints=1, offloadTaskId=udp-probe-128, offloadPayload=1024 bytes}"
5g-udp-sender,1786031463298636317,edge4av-real-20260806-airspan-followup-run-1,c4-rep1-udp,airspan-followup-70-20-10,guided-planning,udp,veh-024,veh-024,rsu-1,c4-rep1-udp-veh-024-129,ipi-session-1,airspan-followup-c4-rep1,veh-024,129,100-clients,default,stationary,unsynced,true,true,payload_bytes,1024,bytes,IPI-CooperativeService,1103,1786031463146747974,1786031289341002531,1786031289341030880,1786031463298636317,151.888,,0.028,173957.605,"CooperativeService{guidedPlanning, status=request, vehicleId=0x7665682d303234, requestedHorizonMs=2500, confidence=100, planning.waypoints=1, offloadTaskId=udp-probe-129, offloadPayload=1024 bytes}"
5g-udp-sender,1786031463666534754,edge4av-real-20260806-airspan-followup-run-1,c4-rep1-udp,airspan-followup-70-20-10,guided-planning,udp,veh-024,veh-024,rsu-1,c4-rep1-udp-veh-024-130,ipi-session-1,airspan-followup-c4-rep1,veh-024,130,100-clients,default,stationary,unsynced,true,true,payload_bytes,1024,bytes,IPI-CooperativeService,1103,1786031463498882635,1786031289711409535,1786031289711461173,1786031463666534754,167.652,,0.052,173955.074,"CooperativeService{guidedPlanning, status=request, vehicleId=0x7665682d303234, requestedHorizonMs=2500, confidence=100, planning.waypoints=1, offloadTaskId=udp-probe-130, offloadPayload=1024 bytes}"
5g-udp-sender,1786031464020462812,edge4av-real-20260806-airspan-followup-run-1,c4-rep1-udp,airspan-followup-70-20-10,guided-planning,udp,veh-024,veh-024,rsu-1,c4-rep1-udp-veh-024-131,ipi-session-1,airspan-followup-c4-rep1,veh-024,131,100-clients,default,stationary,unsynced,true,true,payload_bytes,1024,bytes,IPI-CooperativeService,1103,1786031463866695888,1786031290062252123,1786031290062280946,1786031464020462812,153.767,,0.029,173958.182,"CooperativeService{guidedPlanning, status=request, vehicleId=0x7665682d303234, requestedHorizonMs=2500, confidence=100, planning.waypoints=1, offloadTaskId=udp-probe-131, offloadPayload=1024 bytes}"
5g-udp-sender,1786031464375631812,edge4av-real-20260806-airspan-followup-run-1,c4-rep1-udp,airspan-followup-70-20-10,guided-planning,udp,veh-024,veh-024,rsu-1,c4-rep1-udp-veh-024-132,ipi-session-1,airspan-followup-c4-rep1,veh-024,132,100-clients,default,stationary,unsynced,true,true,payload_bytes,1024,bytes,IPI-CooperativeService,1103,1786031464220629168,1786031290422352982,1786031290422391588,1786031464375631812,155.003,,0.039,173953.240,"CooperativeService{guidedPlanning, status=request, vehicleId=0x7665682d303234, requestedHorizonMs=2500, confidence=100, planning.waypoints=1, offloadTaskId=udp-probe-132, offloadPayload=1024 bytes}"
5g-udp-sender,1786031464745859370,edge4av-real-20260806-airspan-followup-run-1,c4-rep1-udp,airspan-followup-70-20-10,guided-planning,udp,veh-024,veh-024,rsu-1,c4-rep1-udp-veh-024-133,ipi-session-1,airspan-followup-c4-rep1,veh-024,133,100-clients,default,stationary,unsynced,true,true,payload_bytes,1024,bytes,IPI-CooperativeService,1103,1786031464575804302,1786031290793046870,1786031290793093047,1786031464745859370,170.055,,0.046,173952.766,"CooperativeService{guidedPlanning, status=request, vehicleId=0x7665682d303234, requestedHorizonMs=2500, confidence=100, planning.waypoints=1, offloadTaskId=udp-probe-133, offloadPayload=1024 bytes}"
5g-udp-sender,1786031465112572727,edge4av-real-20260806-airspan-followup-run-1,c4-rep1-udp,airspan-followup-70-20-10,guided-planning,udp,veh-024,veh-024,rsu-1,c4-rep1-udp-veh-024-134,ipi-session-1,airspan-followup-c4-rep1,veh-024,134,100-clients,default,stationary,unsynced,true,true,payload_bytes,1024,bytes,IPI-CooperativeService,1103,1786031464946043366,1786031291153951446,1786031291153981057,1786031465112572727,166.529,,0.030,173958.592,"CooperativeService{guidedPlanning, status=request, vehicleId=0x7665682d303234, requestedHorizonMs=2500, confidence=100, planning.waypoints=1, offloadTaskId=udp-probe-134, offloadPayload=1024 bytes}"
5g-udp-sender,1786031465454603279,edge4av-real-20260806-airspan-followup-run-1,c4-rep1-udp,airspan-followup-70-20-10,guided-planning,udp,veh-024,veh-024,rsu-1,c4-rep1-udp-veh-024-135,ipi-session-1,airspan-followup-c4-rep1,veh-024,135,100-clients,default,stationary,unsynced,true,true,payload_bytes,1024,bytes,IPI-CooperativeService,1103,1786031465312697954,1786031291494207623,1786031291494216254,1786031465454603279,141.905,,0.009,173960.387,"CooperativeService{guidedPlanning, status=request, vehicleId=0x7665682d303234, requestedHorizonMs=2500, confidence=100, planning.waypoints=1, offloadTaskId=udp-probe-135, offloadPayload=1024 bytes}"
5g-udp-sender,1786031465819059850,edge4av-real-20260806-airspan-followup-run-1,c4-rep1-udp,airspan-followup-70-20-10,guided-planning,udp,veh-024,veh-024,rsu-1,c4-rep1-udp-veh-024-136,ipi-session-1,airspan-followup-c4-rep1,veh-024,136,100-clients,default,stationary,unsynced,true,true,payload_bytes,1024,bytes,IPI-CooperativeService,1103,1786031465654791772,1786031291864878988,1786031291864921568,1786031465819059850,164.268,,0.043,173954.138,"CooperativeService{guidedPlanning, status=request, vehicleId=0x7665682d303234, requestedHorizonMs=2500, confidence=100, planning.waypoints=1, offloadTaskId=udp-probe-136, offloadPayload=1024 bytes}"
5g-udp-sender,1786031466162671302,edge4av-real-20260806-airspan-followup-run-1,c4-rep1-udp,airspan-followup-70-20-10,guided-planning,udp,veh-024,veh-024,rsu-1,c4-rep1-udp-veh-024-137,ipi-session-1,airspan-followup-c4-rep1,veh-024,137,100-clients,default,stationary,unsynced,true,true,payload_bytes,1024,bytes,IPI-CooperativeService,1103,1786031466019232282,1786031292205771695,1786031292205800389,1786031466162671302,143.439,,0.029,173956.871,"CooperativeService{guidedPlanning, status=request, vehicleId=0x7665682d303234, requestedHorizonMs=2500, confidence=100, planning.waypoints=1, offloadTaskId=udp-probe-137, offloadPayload=1024 bytes}"
5g-udp-sender,1786031466480018749,edge4av-real-20260806-airspan-followup-run-1,c4-rep1-udp,airspan-followup-70-20-10,guided-planning,udp,veh-024,veh-024,rsu-1,c4-rep1-udp-veh-024-138,ipi-session-1,airspan-followup-c4-rep1,veh-024,138,100-clients,default,stationary,unsynced,true,true,payload_bytes,1024,bytes,IPI-CooperativeService,1103,1786031466362835384,1786031292526173749,1786031292526226071,1786031466480018749,117.183,,0.052,173953.793,"CooperativeService{guidedPlanning, status=request, vehicleId=0x7665682d303234, requestedHorizonMs=2500, confidence=100, planning.waypoints=1, offloadTaskId=udp-probe-138, offloadPayload=1024 bytes}"
5g-udp-sender,1786031466822762491,edge4av-real-20260806-airspan-followup-run-1,c4-rep1-udp,airspan-followup-70-20-10,guided-planning,udp,veh-024,veh-024,rsu-1,c4-rep1-udp-veh-024-139,ipi-session-1,airspan-followup-c4-rep1,veh-024,139,100-clients,default,stationary,unsynced,true,true,payload_bytes,1024,bytes,IPI-CooperativeService,1103,1786031466680178424,1786031292867418477,1786031292867443629,1786031466822762491,142.584,,0.025,173955.319,"CooperativeService{guidedPlanning, status=request, vehicleId=0x7665682d303234, requestedHorizonMs=2500, confidence=100, planning.waypoints=1, offloadTaskId=udp-probe-139, offloadPayload=1024 bytes}"
5g-udp-sender,1786031467094597246,edge4av-real-20260806-airspan-followup-run-1,c4-rep1-udp,airspan-followup-70-20-10,guided-planning,udp,veh-024,veh-024,rsu-1,c4-rep1-udp-veh-024-140,ipi-session-1,airspan-followup-c4-rep1,veh-024,140,100-clients,default,stationary,unsynced,true,true,payload_bytes,1024,bytes,IPI-CooperativeService,1103,1786031467022901117,1786031293137455629,1786031293137489030,1786031467094597246,71.696,,0.033,173957.108,"CooperativeService{guidedPlanning, status=request, vehicleId=0x7665682d303234, requestedHorizonMs=2500, confidence=100, planning.waypoints=1, offloadTaskId=udp-probe-140, offloadPayload=1024 bytes}"
5g-udp-sender,1786031467326540127,edge4av-real-20260806-airspan-followup-run-1,c4-rep1-udp,airspan-followup-70-20-10,guided-planning,udp,veh-024,veh-024,rsu-1,c4-rep1-udp-veh-024-141,ipi-session-1,airspan-followup-c4-rep1,veh-024,141,100-clients,default,stationary,unsynced,true,true,payload_bytes,1024,bytes,IPI-CooperativeService,1103,1786031467294756640,1786031293368073787,1786031293368103376,1786031467326540127,31.783,,0.030,173958.437,"CooperativeService{guidedPlanning, status=request, vehicleId=0x7665682d303234, requestedHorizonMs=2500, confidence=100, planning.waypoints=1, offloadTaskId=udp-probe-141, offloadPayload=1024 bytes}"
5g-udp-sender,1786031467614697087,edge4av-real-20260806-airspan-followup-run-1,c4-rep1-udp,airspan-followup-70-20-10,guided-planning,udp,veh-024,veh-024,rsu-1,c4-rep1-udp-veh-024-142,ipi-session-1,airspan-followup-c4-rep1,veh-024,142,100-clients,default,stationary,unsynced,true,true,payload_bytes,1024,bytes,IPI-CooperativeService,1103,1786031467526713295,1786031293658363915,1786031293658392186,1786031467614697087,87.984,,0.028,173956.305,"CooperativeService{guidedPlanning, status=request, vehicleId=0x7665682d303234, requestedHorizonMs=2500, confidence=100, planning.waypoints=1, offloadTaskId=udp-probe-142, offloadPayload=1024 bytes}"
5g-udp-sender,1786031467936578569,edge4av-real-20260806-airspan-followup-run-1,c4-rep1-udp,airspan-followup-70-20-10,guided-planning,udp,veh-024,veh-024,rsu-1,c4-rep1-udp-veh-024-143,ipi-session-1,airspan-followup-c4-rep1,veh-024,143,100-clients,default,stationary,unsynced,true,true,payload_bytes,1024,bytes,IPI-CooperativeService,1103,1786031467814971470,1786031293978775754,1786031293978804774,1786031467936578569,121.607,,0.029,173957.774,"CooperativeService{guidedPlanning, status=request, vehicleId=0x7665682d303234, requestedHorizonMs=2500, confidence=100, planning.waypoints=1, offloadTaskId=udp-probe-143, offloadPayload=1024 bytes}"
5g-udp-sender,1786031468214550628,edge4av-real-20260806-airspan-followup-run-1,c4-rep1-udp,airspan-followup-70-20-10,guided-planning,udp,veh-024,veh-024,rsu-1,c4-rep1-udp-veh-024-144,ipi-session-1,airspan-followup-c4-rep1,veh-024,144,100-clients,default,stationary,unsynced,true,true,payload_bytes,1024,bytes,IPI-CooperativeService,1103,1786031468136781738,1786031294259610790,1786031294259635498,1786031468214550628,77.769,,0.025,173954.915,"CooperativeService{guidedPlanning, status=request, vehicleId=0x7665682d303234, requestedHorizonMs=2500, confidence=100, planning.waypoints=1, offloadTaskId=udp-probe-144, offloadPayload=1024 bytes}"
5g-udp-sender,1786031468484653336,edge4av-real-20260806-airspan-followup-run-1,c4-rep1-udp,airspan-followup-70-20-10,guided-planning,udp,veh-024,veh-024,rsu-1,c4-rep1-udp-veh-024-145,ipi-session-1,airspan-followup-c4-rep1,veh-024,145,100-clients,default,stationary,unsynced,true,true,payload_bytes,1024,bytes,IPI-CooperativeService,1103,1786031468414718576,1786031294529715613,1786031294529766641,1786031468484653336,69.935,,0.051,173954.887,"CooperativeService{guidedPlanning, status=request, vehicleId=0x7665682d303234, requestedHorizonMs=2500, confidence=100, planning.waypoints=1, offloadTaskId=udp-probe-145, offloadPayload=1024 bytes}"
5g-udp-sender,1786031468798493208,edge4av-real-20260806-airspan-followup-run-1,c4-rep1-udp,airspan-followup-70-20-10,guided-planning,udp,veh-024,veh-024,rsu-1,c4-rep1-udp-veh-024-146,ipi-session-1,airspan-followup-c4-rep1,veh-024,146,100-clients,default,stationary,unsynced,true,true,payload_bytes,1024,bytes,IPI-CooperativeService,1103,1786031468684779232,1786031294840572608,1786031294840639290,1786031468798493208,113.714,,0.067,173957.854,"CooperativeService{guidedPlanning, status=request, vehicleId=0x7665682d303234, requestedHorizonMs=2500, confidence=100, planning.waypoints=1, offloadTaskId=udp-probe-146, offloadPayload=1024 bytes}"
5g-udp-sender,1786031469095008826,edge4av-real-20260806-airspan-followup-run-1,c4-rep1-udp,airspan-followup-70-20-10,guided-planning,udp,veh-024,veh-024,rsu-1,c4-rep1-udp-veh-024-147,ipi-session-1,airspan-followup-c4-rep1,veh-024,147,100-clients,default,stationary,unsynced,true,true,payload_bytes,1024,bytes,IPI-CooperativeService,1103,1786031468998646569,1786031295140760924,1786031295140811917,1786031469095008826,96.362,,0.051,173954.197,"CooperativeService{guidedPlanning, status=request, vehicleId=0x7665682d303234, requestedHorizonMs=2500, confidence=100, planning.waypoints=1, offloadTaskId=udp-probe-147, offloadPayload=1024 bytes}"
5g-udp-sender,1786031469386643814,edge4av-real-20260806-airspan-followup-run-1,c4-rep1-udp,airspan-followup-70-20-10,guided-planning,udp,veh-024,veh-024,rsu-1,c4-rep1-udp-veh-024-148,ipi-session-1,airspan-followup-c4-rep1,veh-024,148,100-clients,default,stationary,unsynced,true,true,payload_bytes,1024,bytes,IPI-CooperativeService,1103,1786031469295169723,1786031295421498153,1786031295421524491,1786031469386643814,91.474,,0.026,173965.119,"CooperativeService{guidedPlanning, status=request, vehicleId=0x7665682d303234, requestedHorizonMs=2500, confidence=100, planning.waypoints=1, offloadTaskId=udp-probe-148, offloadPayload=1024 bytes}"
5g-udp-sender,1786031469680557199,edge4av-real-20260806-airspan-followup-run-1,c4-rep1-udp,airspan-followup-70-20-10,guided-planning,udp,veh-024,veh-024,rsu-1,c4-rep1-udp-veh-024-149,ipi-session-1,airspan-followup-c4-rep1,veh-024,149,100-clients,default,stationary,unsynced,true,true,payload_bytes,1024,bytes,IPI-CooperativeService,1103,1786031469586866251,1786031295721910613,1786031295721930525,1786031469680557199,93.691,,0.020,173958.627,"CooperativeService{guidedPlanning, status=request, vehicleId=0x7665682d303234, requestedHorizonMs=2500, confidence=100, planning.waypoints=1, offloadTaskId=udp-probe-149, offloadPayload=1024 bytes}"
5g-udp-sender,1786031469991234267,edge4av-real-20260806-airspan-followup-run-1,c4-rep1-udp,airspan-followup-70-20-10,guided-planning,udp,veh-024,veh-024,rsu-1,c4-rep1-udp-veh-024-150,ipi-session-1,airspan-followup-c4-rep1,veh-024,150,100-clients,default,stationary,unsynced,true,true,payload_bytes,1024,bytes,IPI-CooperativeService,1103,1786031469880720466,1786031296032165287,1786031296032178634,1786031469991234267,110.514,,0.013,173959.056,"CooperativeService{guidedPlanning, status=request, vehicleId=0x7665682d303234, requestedHorizonMs=2500, confidence=100, planning.waypoints=1, offloadTaskId=udp-probe-150, offloadPayload=1024 bytes}"
5g-udp-sender,1786031470356388094,edge4av-real-20260806-airspan-followup-run-1,c4-rep1-udp,airspan-followup-70-20-10,guided-planning,udp,veh-024,veh-024,rsu-1,c4-rep1-udp-veh-024-151,ipi-session-1,airspan-followup-c4-rep1,veh-024,151,100-clients,default,stationary,unsynced,true,true,payload_bytes,1024,bytes,IPI-CooperativeService,1103,1786031470191409344,1786031296402953387,1786031296403005538,1786031470356388094,164.979,,0.052,173953.383,"CooperativeService{guidedPlanning, status=request, vehicleId=0x7665682d303234, requestedHorizonMs=2500, confidence=100, planning.waypoints=1, offloadTaskId=udp-probe-151, offloadPayload=1024 bytes}"
5g-udp-sender,1786031470688644803,edge4av-real-20260806-airspan-followup-run-1,c4-rep1-udp,airspan-followup-70-20-10,guided-planning,udp,veh-024,veh-024,rsu-1,c4-rep1-udp-veh-024-152,ipi-session-1,airspan-followup-c4-rep1,veh-024,152,100-clients,default,stationary,unsynced,true,true,payload_bytes,1024,bytes,IPI-CooperativeService,1103,1786031470556615016,1786031296733660156,1786031296733681289,1786031470688644803,132.030,,0.021,173954.964,"CooperativeService{guidedPlanning, status=request, vehicleId=0x7665682d303234, requestedHorizonMs=2500, confidence=100, planning.waypoints=1, offloadTaskId=udp-probe-152, offloadPayload=1024 bytes}"
5g-udp-sender,1786031470998152121,edge4av-real-20260806-airspan-followup-run-1,c4-rep1-udp,airspan-followup-70-20-10,guided-planning,udp,veh-024,veh-024,rsu-1,c4-rep1-udp-veh-024-153,ipi-session-1,airspan-followup-c4-rep1,veh-024,153,100-clients,default,stationary,unsynced,true,true,payload_bytes,1024,bytes,IPI-CooperativeService,1103,1786031470888816091,1786031297044111433,1786031297044142583,1786031470998152121,109.336,,0.031,173954.010,"CooperativeService{guidedPlanning, status=request, vehicleId=0x7665682d303234, requestedHorizonMs=2500, confidence=100, planning.waypoints=1, offloadTaskId=udp-probe-153, offloadPayload=1024 bytes}"
5g-udp-sender,1786031471318148616,edge4av-real-20260806-airspan-followup-run-1,c4-rep1-udp,airspan-followup-70-20-10,guided-planning,udp,veh-024,veh-024,rsu-1,c4-rep1-udp-veh-024-154,ipi-session-1,airspan-followup-c4-rep1,veh-024,154,100-clients,default,stationary,unsynced,true,true,payload_bytes,1024,bytes,IPI-CooperativeService,1103,1786031471198329228,1786031297364835461,1786031297364864603,1786031471318148616,119.819,,0.029,173953.284,"CooperativeService{guidedPlanning, status=request, vehicleId=0x7665682d303234, requestedHorizonMs=2500, confidence=100, planning.waypoints=1, offloadTaskId=udp-probe-154, offloadPayload=1024 bytes}"
5g-udp-sender,1786031471638462335,edge4av-real-20260806-airspan-followup-run-1,c4-rep1-udp,airspan-followup-70-20-10,guided-planning,udp,veh-024,veh-024,rsu-1,c4-rep1-udp-veh-024-155,ipi-session-1,airspan-followup-c4-rep1,veh-024,155,100-clients,default,stationary,unsynced,true,true,payload_bytes,1024,bytes,IPI-CooperativeService,1103,1786031471518431633,1786031297685223088,1786031297685231849,1786031471638462335,120.031,,0.009,173953.230,"CooperativeService{guidedPlanning, status=request, vehicleId=0x7665682d303234, requestedHorizonMs=2500, confidence=100, planning.waypoints=1, offloadTaskId=udp-probe-155, offloadPayload=1024 bytes}"
5g-udp-sender,1786031471980981978,edge4av-real-20260806-airspan-followup-run-1,c4-rep1-udp,airspan-followup-70-20-10,guided-planning,udp,veh-024,veh-024,rsu-1,c4-rep1-udp-veh-024-156,ipi-session-1,airspan-followup-c4-rep1,veh-024,156,100-clients,default,stationary,unsynced,true,true,payload_bytes,1024,bytes,IPI-CooperativeService,1103,1786031471838627662,1786031298026301842,1786031298026330975,1786031471980981978,142.354,,0.029,173954.651,"CooperativeService{guidedPlanning, status=request, vehicleId=0x7665682d303234, requestedHorizonMs=2500, confidence=100, planning.waypoints=1, offloadTaskId=udp-probe-156, offloadPayload=1024 bytes}"
5g-udp-sender,1786031472352608534,edge4av-real-20260806-airspan-followup-run-1,c4-rep1-udp,airspan-followup-70-20-10,guided-planning,udp,veh-024,veh-024,rsu-1,c4-rep1-udp-veh-024-157,ipi-session-1,airspan-followup-c4-rep1,veh-024,157,100-clients,default,stationary,unsynced,true,true,payload_bytes,1024,bytes,IPI-CooperativeService,1103,1786031472181164427,1786031298396972655,1786031298397003662,1786031472352608534,171.444,,0.031,173955.605,"CooperativeService{guidedPlanning, status=request, vehicleId=0x7665682d303234, requestedHorizonMs=2500, confidence=100, planning.waypoints=1, offloadTaskId=udp-probe-157, offloadPayload=1024 bytes}"
5g-udp-sender,1786031472712596717,edge4av-real-20260806-airspan-followup-run-1,c4-rep1-udp,airspan-followup-70-20-10,guided-planning,udp,veh-024,veh-024,rsu-1,c4-rep1-udp-veh-024-158,ipi-session-1,airspan-followup-c4-rep1,veh-024,158,100-clients,default,stationary,unsynced,true,true,payload_bytes,1024,bytes,IPI-CooperativeService,1103,1786031472552805851,1786031298757759631,1786031298757785819,1786031472712596717,159.791,,0.026,173954.811,"CooperativeService{guidedPlanning, status=request, vehicleId=0x7665682d303234, requestedHorizonMs=2500, confidence=100, planning.waypoints=1, offloadTaskId=udp-probe-158, offloadPayload=1024 bytes}"
5g-udp-sender,1786031473064670174,edge4av-real-20260806-airspan-followup-run-1,c4-rep1-udp,airspan-followup-70-20-10,guided-planning,udp,veh-024,veh-024,rsu-1,c4-rep1-udp-veh-024-159,ipi-session-1,airspan-followup-c4-rep1,veh-024,159,100-clients,default,stationary,unsynced,true,true,payload_bytes,1024,bytes,IPI-CooperativeService,1103,1786031472913043426,1786031299108229626,1786031299108259146,1786031473064670174,151.627,,0.030,173956.411,"CooperativeService{guidedPlanning, status=request, vehicleId=0x7665682d303234, requestedHorizonMs=2500, confidence=100, planning.waypoints=1, offloadTaskId=udp-probe-159, offloadPayload=1024 bytes}"
5g-udp-sender,1786031473383081960,edge4av-real-20260806-airspan-followup-run-1,c4-rep1-udp,airspan-followup-70-20-10,guided-planning,udp,veh-024,veh-024,rsu-1,c4-rep1-udp-veh-024-160,ipi-session-1,airspan-followup-c4-rep1,veh-024,160,100-clients,default,stationary,unsynced,true,true,payload_bytes,1024,bytes,IPI-CooperativeService,1103,1786031473264838743,1786031299428492709,1786031299428510174,1786031473383081960,118.243,,0.017,173954.572,"CooperativeService{guidedPlanning, status=request, vehicleId=0x7665682d303234, requestedHorizonMs=2500, confidence=100, planning.waypoints=1, offloadTaskId=udp-probe-160, offloadPayload=1024 bytes}"
5g-udp-sender,1786031473694518380,edge4av-real-20260806-airspan-followup-run-1,c4-rep1-udp,airspan-followup-70-20-10,guided-planning,udp,veh-024,veh-024,rsu-1,c4-rep1-udp-veh-024-161,ipi-session-1,airspan-followup-c4-rep1,veh-024,161,100-clients,default,stationary,unsynced,true,true,payload_bytes,1024,bytes,IPI-CooperativeService,1103,1786031473583246376,1786031299739503256,1786031299739526880,1786031473694518380,111.272,,0.024,173954.992,"CooperativeService{guidedPlanning, status=request, vehicleId=0x7665682d303234, requestedHorizonMs=2500, confidence=100, planning.waypoints=1, offloadTaskId=udp-probe-161, offloadPayload=1024 bytes}"
5g-udp-sender,1786031474020775454,edge4av-real-20260806-airspan-followup-run-1,c4-rep1-udp,airspan-followup-70-20-10,guided-planning,udp,veh-024,veh-024,rsu-1,c4-rep1-udp-veh-024-162,ipi-session-1,airspan-followup-c4-rep1,veh-024,162,100-clients,default,stationary,unsynced,true,true,payload_bytes,1024,bytes,IPI-CooperativeService,1103,1786031473894714406,1786031300059838351,1786031300059862505,1786031474020775454,126.061,,0.024,173960.913,"CooperativeService{guidedPlanning, status=request, vehicleId=0x7665682d303234, requestedHorizonMs=2500, confidence=100, planning.waypoints=1, offloadTaskId=udp-probe-162, offloadPayload=1024 bytes}"
5g-udp-sender,1786031474328681349,edge4av-real-20260806-airspan-followup-run-1,c4-rep1-udp,airspan-followup-70-20-10,guided-planning,udp,veh-024,veh-024,rsu-1,c4-rep1-udp-veh-024-163,ipi-session-1,airspan-followup-c4-rep1,veh-024,163,100-clients,default,stationary,unsynced,true,true,payload_bytes,1024,bytes,IPI-CooperativeService,1103,1786031474220936217,1786031300370616521,1786031300370669023,1786031474328681349,107.745,,0.053,173958.012,"CooperativeService{guidedPlanning, status=request, vehicleId=0x7665682d303234, requestedHorizonMs=2500, confidence=100, planning.waypoints=1, offloadTaskId=udp-probe-163, offloadPayload=1024 bytes}"
5g-udp-sender,1786031474656756600,edge4av-real-20260806-airspan-followup-run-1,c4-rep1-udp,airspan-followup-70-20-10,guided-planning,udp,veh-024,veh-024,rsu-1,c4-rep1-udp-veh-024-164,ipi-session-1,airspan-followup-c4-rep1,veh-024,164,100-clients,default,stationary,unsynced,true,true,payload_bytes,1024,bytes,IPI-CooperativeService,1103,1786031474528838798,1786031300701505458,1786031300701531274,1786031474656756600,127.918,,0.026,173955.225,"CooperativeService{guidedPlanning, status=request, vehicleId=0x7665682d303234, requestedHorizonMs=2500, confidence=100, planning.waypoints=1, offloadTaskId=udp-probe-164, offloadPayload=1024 bytes}"
5g-udp-sender,1786031474988612078,edge4av-real-20260806-airspan-followup-run-1,c4-rep1-udp,airspan-followup-70-20-10,guided-planning,udp,veh-024,veh-024,rsu-1,c4-rep1-udp-veh-024-165,ipi-session-1,airspan-followup-c4-rep1,veh-024,165,100-clients,default,stationary,unsynced,true,true,payload_bytes,1024,bytes,IPI-CooperativeService,1103,1786031474856960795,1786031301031892577,1786031301031943030,1786031474988612078,131.651,,0.050,173956.669,"CooperativeService{guidedPlanning, status=request, vehicleId=0x7665682d303234, requestedHorizonMs=2500, confidence=100, planning.waypoints=1, offloadTaskId=udp-probe-165, offloadPayload=1024 bytes}"
5g-udp-sender,1786031475296676779,edge4av-real-20260806-airspan-followup-run-1,c4-rep1-udp,airspan-followup-70-20-10,guided-planning,udp,veh-024,veh-024,rsu-1,c4-rep1-udp-veh-024-166,ipi-session-1,airspan-followup-c4-rep1,veh-024,166,100-clients,default,stationary,unsynced,true,true,payload_bytes,1024,bytes,IPI-CooperativeService,1103,1786031475188785810,1786031301342524191,1786031301342575526,1786031475296676779,107.891,,0.051,173954.101,"CooperativeService{guidedPlanning, status=request, vehicleId=0x7665682d303234, requestedHorizonMs=2500, confidence=100, planning.waypoints=1, offloadTaskId=udp-probe-166, offloadPayload=1024 bytes}"
5g-udp-sender,1786031475650642571,edge4av-real-20260806-airspan-followup-run-1,c4-rep1-udp,airspan-followup-70-20-10,guided-planning,udp,veh-024,veh-024,rsu-1,c4-rep1-udp-veh-024-167,ipi-session-1,airspan-followup-c4-rep1,veh-024,167,100-clients,default,stationary,unsynced,true,true,payload_bytes,1024,bytes,IPI-CooperativeService,1103,1786031475496805531,1786031301693433672,1786031301693459803,1786031475650642571,153.837,,0.026,173957.183,"CooperativeService{guidedPlanning, status=request, vehicleId=0x7665682d303234, requestedHorizonMs=2500, confidence=100, planning.waypoints=1, offloadTaskId=udp-probe-167, offloadPayload=1024 bytes}"
5g-udp-sender,1786031476016640798,edge4av-real-20260806-airspan-followup-run-1,c4-rep1-udp,airspan-followup-70-20-10,guided-planning,udp,veh-024,veh-024,rsu-1,c4-rep1-udp-veh-024-168,ipi-session-1,airspan-followup-c4-rep1,veh-024,168,100-clients,default,stationary,unsynced,true,true,payload_bytes,1024,bytes,IPI-CooperativeService,1103,1786031475850967650,1786031302063765080,1786031302063816815,1786031476016640798,165.673,,0.052,173952.824,"CooperativeService{guidedPlanning, status=request, vehicleId=0x7665682d303234, requestedHorizonMs=2500, confidence=100, planning.waypoints=1, offloadTaskId=udp-probe-168, offloadPayload=1024 bytes}"
5g-udp-sender,1786031476380758365,edge4av-real-20260806-airspan-followup-run-1,c4-rep1-udp,airspan-followup-70-20-10,guided-planning,udp,veh-024,veh-024,rsu-1,c4-rep1-udp-veh-024-169,ipi-session-1,airspan-followup-c4-rep1,veh-024,169,100-clients,default,stationary,unsynced,true,true,payload_bytes,1024,bytes,IPI-CooperativeService,1103,1786031476216814728,1786031302424434048,1786031302424474673,1786031476380758365,163.944,,0.041,173956.284,"CooperativeService{guidedPlanning, status=request, vehicleId=0x7665682d303234, requestedHorizonMs=2500, confidence=100, planning.waypoints=1, offloadTaskId=udp-probe-169, offloadPayload=1024 bytes}"
5g-udp-sender,1786031476700766176,edge4av-real-20260806-airspan-followup-run-1,c4-rep1-udp,airspan-followup-70-20-10,guided-planning,udp,veh-024,veh-024,rsu-1,c4-rep1-udp-veh-024-170,ipi-session-1,airspan-followup-c4-rep1,veh-024,170,100-clients,default,stationary,unsynced,true,true,payload_bytes,1024,bytes,IPI-CooperativeService,1103,1786031476580971527,1786031302745527521,1786031302745556262,1786031476700766176,119.795,,0.029,173955.210,"CooperativeService{guidedPlanning, status=request, vehicleId=0x7665682d303234, requestedHorizonMs=2500, confidence=100, planning.waypoints=1, offloadTaskId=udp-probe-170, offloadPayload=1024 bytes}"
5g-udp-sender,1786031477034552001,edge4av-real-20260806-airspan-followup-run-1,c4-rep1-udp,airspan-followup-70-20-10,guided-planning,udp,veh-024,veh-024,rsu-1,c4-rep1-udp-veh-024-171,ipi-session-1,airspan-followup-c4-rep1,veh-024,171,100-clients,default,stationary,unsynced,true,true,payload_bytes,1024,bytes,IPI-CooperativeService,1103,1786031476900954281,1786031303075777204,1786031303075828188,1786031477034552001,133.598,,0.051,173958.724,"CooperativeService{guidedPlanning, status=request, vehicleId=0x7665682d303234, requestedHorizonMs=2500, confidence=100, planning.waypoints=1, offloadTaskId=udp-probe-171, offloadPayload=1024 bytes}"
5g-udp-sender,1786031477356638423,edge4av-real-20260806-airspan-followup-run-1,c4-rep1-udp,airspan-followup-70-20-10,guided-planning,udp,veh-024,veh-024,rsu-1,c4-rep1-udp-veh-024-172,ipi-session-1,airspan-followup-c4-rep1,veh-024,172,100-clients,default,stationary,unsynced,true,true,payload_bytes,1024,bytes,IPI-CooperativeService,1103,1786031477234718078,1786031303396794155,1786031303396821587,1786031477356638423,121.920,,0.027,173959.817,"CooperativeService{guidedPlanning, status=request, vehicleId=0x7665682d303234, requestedHorizonMs=2500, confidence=100, planning.waypoints=1, offloadTaskId=udp-probe-172, offloadPayload=1024 bytes}"
5g-udp-sender,1786031477644562166,edge4av-real-20260806-airspan-followup-run-1,c4-rep1-udp,airspan-followup-70-20-10,guided-planning,udp,veh-024,veh-024,rsu-1,c4-rep1-udp-veh-024-173,ipi-session-1,airspan-followup-c4-rep1,veh-024,173,100-clients,default,stationary,unsynced,true,true,payload_bytes,1024,bytes,IPI-CooperativeService,1103,1786031477557761118,1786031303687065697,1786031303687094392,1786031477644562166,86.801,,0.029,173957.468,"CooperativeService{guidedPlanning, status=request, vehicleId=0x7665682d303234, requestedHorizonMs=2500, confidence=100, planning.waypoints=1, offloadTaskId=udp-probe-173, offloadPayload=1024 bytes}"
5g-udp-sender,1786031477950702582,edge4av-real-20260806-airspan-followup-run-1,c4-rep1-udp,airspan-followup-70-20-10,guided-planning,udp,veh-024,veh-024,rsu-1,c4-rep1-udp-veh-024-174,ipi-session-1,airspan-followup-c4-rep1,veh-024,174,100-clients,default,stationary,unsynced,true,true,payload_bytes,1024,bytes,IPI-CooperativeService,1103,1786031477844754689,1786031303997168928,1786031303997184728,1786031477950702582,105.948,,0.016,173953.518,"CooperativeService{guidedPlanning, status=request, vehicleId=0x7665682d303234, requestedHorizonMs=2500, confidence=100, planning.waypoints=1, offloadTaskId=udp-probe-174, offloadPayload=1024 bytes}"
5g-udp-sender,1786031478324618078,edge4av-real-20260806-airspan-followup-run-1,c4-rep1-udp,airspan-followup-70-20-10,guided-planning,udp,veh-024,veh-024,rsu-1,c4-rep1-udp-veh-024-175,ipi-session-1,airspan-followup-c4-rep1,veh-024,175,100-clients,default,stationary,unsynced,true,true,payload_bytes,1024,bytes,IPI-CooperativeService,1103,1786031478150886036,1786031304368574065,1786031304368593873,1786031478324618078,173.732,,0.020,173956.024,"CooperativeService{guidedPlanning, status=request, vehicleId=0x7665682d303234, requestedHorizonMs=2500, confidence=100, planning.waypoints=1, offloadTaskId=udp-probe-175, offloadPayload=1024 bytes}"
5g-udp-sender,1786031478624814879,edge4av-real-20260806-airspan-followup-run-1,c4-rep1-udp,airspan-followup-70-20-10,guided-planning,udp,veh-024,veh-024,rsu-1,c4-rep1-udp-veh-024-176,ipi-session-1,airspan-followup-c4-rep1,veh-024,176,100-clients,default,stationary,unsynced,true,true,payload_bytes,1024,bytes,IPI-CooperativeService,1103,1786031478524788480,1786031304668484700,1786031304668549600,1786031478624814879,100.026,,0.065,173956.265,"CooperativeService{guidedPlanning, status=request, vehicleId=0x7665682d303234, requestedHorizonMs=2500, confidence=100, planning.waypoints=1, offloadTaskId=udp-probe-176, offloadPayload=1024 bytes}"
5g-udp-sender,1786031478964761196,edge4av-real-20260806-airspan-followup-run-1,c4-rep1-udp,airspan-followup-70-20-10,guided-planning,udp,veh-024,veh-024,rsu-1,c4-rep1-udp-veh-024-177,ipi-session-1,airspan-followup-c4-rep1,veh-024,177,100-clients,default,stationary,unsynced,true,true,payload_bytes,1024,bytes,IPI-CooperativeService,1103,1786031478824987503,1786031305009735151,1786031305009763706,1786031478964761196,139.774,,0.029,173954.997,"CooperativeService{guidedPlanning, status=request, vehicleId=0x7665682d303234, requestedHorizonMs=2500, confidence=100, planning.waypoints=1, offloadTaskId=udp-probe-177, offloadPayload=1024 bytes}"
5g-udp-sender,1786031479326737234,edge4av-real-20260806-airspan-followup-run-1,c4-rep1-udp,airspan-followup-70-20-10,guided-planning,udp,veh-024,veh-024,rsu-1,c4-rep1-udp-veh-024-178,ipi-session-1,airspan-followup-c4-rep1,veh-024,178,100-clients,default,stationary,unsynced,true,true,payload_bytes,1024,bytes,IPI-CooperativeService,1103,1786031479165147905,1786031305360462519,1786031305360493876,1786031479326737234,161.589,,0.031,173966.243,"CooperativeService{guidedPlanning, status=request, vehicleId=0x7665682d303234, requestedHorizonMs=2500, confidence=100, planning.waypoints=1, offloadTaskId=udp-probe-178, offloadPayload=1024 bytes}"
5g-udp-sender,1786031479610691495,edge4av-real-20260806-airspan-followup-run-1,c4-rep1-udp,airspan-followup-70-20-10,guided-planning,udp,veh-024,veh-024,rsu-1,c4-rep1-udp-veh-024-179,ipi-session-1,airspan-followup-c4-rep1,veh-024,179,100-clients,default,stationary,unsynced,true,true,payload_bytes,1024,bytes,IPI-CooperativeService,1103,1786031479526918148,1786031305650704164,1786031305650733117,1786031479610691495,83.773,,0.029,173959.958,"CooperativeService{guidedPlanning, status=request, vehicleId=0x7665682d303234, requestedHorizonMs=2500, confidence=100, planning.waypoints=1, offloadTaskId=udp-probe-179, offloadPayload=1024 bytes}"
5g-udp-sender,1786031479955295048,edge4av-real-20260806-airspan-followup-run-1,c4-rep1-udp,airspan-followup-70-20-10,guided-planning,udp,veh-024,veh-024,rsu-1,c4-rep1-udp-veh-024-180,ipi-session-1,airspan-followup-c4-rep1,veh-024,180,100-clients,default,stationary,unsynced,true,true,payload_bytes,1024,bytes,IPI-CooperativeService,1103,1786031479810857584,1786031306001404033,1786031306001456083,1786031479955295048,144.437,,0.052,173953.839,"CooperativeService{guidedPlanning, status=request, vehicleId=0x7665682d303234, requestedHorizonMs=2500, confidence=100, planning.waypoints=1, offloadTaskId=udp-probe-180, offloadPayload=1024 bytes}"
5g-udp-sender,1786031480306817116,edge4av-real-20260806-airspan-followup-run-1,c4-rep1-udp,airspan-followup-70-20-10,guided-planning,udp,veh-024,veh-024,rsu-1,c4-rep1-udp-veh-024-181,ipi-session-1,airspan-followup-c4-rep1,veh-024,181,100-clients,default,stationary,unsynced,true,true,payload_bytes,1024,bytes,IPI-CooperativeService,1103,1786031480155929286,1786031306352167445,1786031306352195794,1786031480306817116,150.888,,0.028,173954.621,"CooperativeService{guidedPlanning, status=request, vehicleId=0x7665682d303234, requestedHorizonMs=2500, confidence=100, planning.waypoints=1, offloadTaskId=udp-probe-181, offloadPayload=1024 bytes}"
5g-udp-sender,1786031480646590499,edge4av-real-20260806-airspan-followup-run-1,c4-rep1-udp,airspan-followup-70-20-10,guided-planning,udp,veh-024,veh-024,rsu-1,c4-rep1-udp-veh-024-182,ipi-session-1,airspan-followup-c4-rep1,veh-024,182,100-clients,default,stationary,unsynced,true,true,payload_bytes,1024,bytes,IPI-CooperativeService,1103,1786031480507007582,1786031306692686445,1786031306692716559,1786031480646590499,139.583,,0.030,173953.874,"CooperativeService{guidedPlanning, status=request, vehicleId=0x7665682d303234, requestedHorizonMs=2500, confidence=100, planning.waypoints=1, offloadTaskId=udp-probe-182, offloadPayload=1024 bytes}"
5g-udp-sender,1786031481008574671,edge4av-real-20260806-airspan-followup-run-1,c4-rep1-udp,airspan-followup-70-20-10,guided-planning,udp,veh-024,veh-024,rsu-1,c4-rep1-udp-veh-024-183,ipi-session-1,airspan-followup-c4-rep1,veh-024,183,100-clients,default,stationary,unsynced,true,true,payload_bytes,1024,bytes,IPI-CooperativeService,1103,1786031480846788325,1786031307053443515,1786031307053472146,1786031481008574671,161.786,,0.029,173955.103,"CooperativeService{guidedPlanning, status=request, vehicleId=0x7665682d303234, requestedHorizonMs=2500, confidence=100, planning.waypoints=1, offloadTaskId=udp-probe-183, offloadPayload=1024 bytes}"
5g-udp-sender,1786031481384570547,edge4av-real-20260806-airspan-followup-run-1,c4-rep1-udp,airspan-followup-70-20-10,guided-planning,udp,veh-024,veh-024,rsu-1,c4-rep1-udp-veh-024-184,ipi-session-1,airspan-followup-c4-rep1,veh-024,184,100-clients,default,stationary,unsynced,true,true,payload_bytes,1024,bytes,IPI-CooperativeService,1103,1786031481208742719,1786031307424174847,1786031307424194000,1786031481384570547,175.828,,0.019,173960.377,"CooperativeService{guidedPlanning, status=request, vehicleId=0x7665682d303234, requestedHorizonMs=2500, confidence=100, planning.waypoints=1, offloadTaskId=udp-probe-184, offloadPayload=1024 bytes}"
5g-udp-sender,1786031481670844734,edge4av-real-20260806-airspan-followup-run-1,c4-rep1-udp,airspan-followup-70-20-10,guided-planning,udp,veh-024,veh-024,rsu-1,c4-rep1-udp-veh-024-185,ipi-session-1,airspan-followup-c4-rep1,veh-024,185,100-clients,default,stationary,unsynced,true,true,payload_bytes,1024,bytes,IPI-CooperativeService,1103,1786031481584755131,1786031307714434859,1786031307714460186,1786031481670844734,86.090,,0.025,173956.385,"CooperativeService{guidedPlanning, status=request, vehicleId=0x7665682d303234, requestedHorizonMs=2500, confidence=100, planning.waypoints=1, offloadTaskId=udp-probe-185, offloadPayload=1024 bytes}"
5g-udp-sender,1786031481956828179,edge4av-real-20260806-airspan-followup-run-1,c4-rep1-udp,airspan-followup-70-20-10,guided-planning,udp,veh-024,veh-024,rsu-1,c4-rep1-udp-veh-024-186,ipi-session-1,airspan-followup-c4-rep1,veh-024,186,100-clients,default,stationary,unsynced,true,true,payload_bytes,1024,bytes,IPI-CooperativeService,1103,1786031481871280659,1786031307994966776,1786031307994979396,1786031481956828179,85.548,,0.013,173961.849,"CooperativeService{guidedPlanning, status=request, vehicleId=0x7665682d303234, requestedHorizonMs=2500, confidence=100, planning.waypoints=1, offloadTaskId=udp-probe-186, offloadPayload=1024 bytes}"
5g-udp-sender,1786031482220758733,edge4av-real-20260806-airspan-followup-run-1,c4-rep1-udp,airspan-followup-70-20-10,guided-planning,udp,veh-024,veh-024,rsu-1,c4-rep1-udp-veh-024-187,ipi-session-1,airspan-followup-c4-rep1,veh-024,187,100-clients,default,stationary,unsynced,true,true,payload_bytes,1024,bytes,IPI-CooperativeService,1103,1786031482157071808,1786031308265427822,1786031308265456800,1786031482220758733,63.687,,0.029,173955.302,"CooperativeService{guidedPlanning, status=request, vehicleId=0x7665682d303234, requestedHorizonMs=2500, confidence=100, planning.waypoints=1, offloadTaskId=udp-probe-187, offloadPayload=1024 bytes}"
5g-udp-sender,1786031482504668051,edge4av-real-20260806-airspan-followup-run-1,c4-rep1-udp,airspan-followup-70-20-10,guided-planning,udp,veh-024,veh-024,rsu-1,c4-rep1-udp-veh-024-188,ipi-session-1,airspan-followup-c4-rep1,veh-024,188,100-clients,default,stationary,unsynced,true,true,payload_bytes,1024,bytes,IPI-CooperativeService,1103,1786031482420925651,1786031308545901455,1786031308545909500,1786031482504668051,83.742,,0.008,173958.759,"CooperativeService{guidedPlanning, status=request, vehicleId=0x7665682d303234, requestedHorizonMs=2500, confidence=100, planning.waypoints=1, offloadTaskId=udp-probe-188, offloadPayload=1024 bytes}"
5g-udp-sender,1786031482809948935,edge4av-real-20260806-airspan-followup-run-1,c4-rep1-udp,airspan-followup-70-20-10,guided-planning,udp,veh-024,veh-024,rsu-1,c4-rep1-udp-veh-024-189,ipi-session-1,airspan-followup-c4-rep1,veh-024,189,100-clients,default,stationary,unsynced,true,true,payload_bytes,1024,bytes,IPI-CooperativeService,1103,1786031482704845395,1786031308856109835,1786031308856162829,1786031482809948935,105.104,,0.053,173953.786,"CooperativeService{guidedPlanning, status=request, vehicleId=0x7665682d303234, requestedHorizonMs=2500, confidence=100, planning.waypoints=1, offloadTaskId=udp-probe-189, offloadPayload=1024 bytes}"
5g-udp-sender,1786031483170743048,edge4av-real-20260806-airspan-followup-run-1,c4-rep1-udp,airspan-followup-70-20-10,guided-planning,udp,veh-024,veh-024,rsu-1,c4-rep1-udp-veh-024-190,ipi-session-1,airspan-followup-c4-rep1,veh-024,190,100-clients,default,stationary,unsynced,true,true,payload_bytes,1024,bytes,IPI-CooperativeService,1103,1786031483010122666,1786031309207385835,1786031309207414046,1786031483170743048,160.620,,0.028,173963.329,"CooperativeService{guidedPlanning, status=request, vehicleId=0x7665682d303234, requestedHorizonMs=2500, confidence=100, planning.waypoints=1, offloadTaskId=udp-probe-190, offloadPayload=1024 bytes}"
5g-udp-sender,1786031483430483736,edge4av-real-20260806-airspan-followup-run-1,c4-rep1-udp,airspan-followup-70-20-10,guided-planning,udp,veh-024,veh-024,rsu-1,c4-rep1-udp-veh-024-191,ipi-session-1,airspan-followup-c4-rep1,veh-024,191,100-clients,default,stationary,unsynced,true,true,payload_bytes,1024,bytes,IPI-CooperativeService,1103,1786031483370922212,1786031309477347141,1786031309477399588,1786031483430483736,59.562,,0.052,173953.084,"CooperativeService{guidedPlanning, status=request, vehicleId=0x7665682d303234, requestedHorizonMs=2500, confidence=100, planning.waypoints=1, offloadTaskId=udp-probe-191, offloadPayload=1024 bytes}"
5g-udp-sender,1786031483722816495,edge4av-real-20260806-airspan-followup-run-1,c4-rep1-udp,airspan-followup-70-20-10,guided-planning,udp,veh-024,veh-024,rsu-1,c4-rep1-udp-veh-024-192,ipi-session-1,airspan-followup-c4-rep1,veh-024,192,100-clients,default,stationary,unsynced,true,true,payload_bytes,1024,bytes,IPI-CooperativeService,1103,1786031483630646634,1786031309758178284,1786031309758205840,1786031483722816495,92.170,,0.028,173964.611,"CooperativeService{guidedPlanning, status=request, vehicleId=0x7665682d303234, requestedHorizonMs=2500, confidence=100, planning.waypoints=1, offloadTaskId=udp-probe-192, offloadPayload=1024 bytes}"
5g-udp-sender,1786031484026864431,edge4av-real-20260806-airspan-followup-run-1,c4-rep1-udp,airspan-followup-70-20-10,guided-planning,udp,veh-024,veh-024,rsu-1,c4-rep1-udp-veh-024-193,ipi-session-1,airspan-followup-c4-rep1,veh-024,193,100-clients,default,stationary,unsynced,true,true,payload_bytes,1024,bytes,IPI-CooperativeService,1103,1786031483922966175,1786031310068498210,1786031310068527139,1786031484026864431,103.898,,0.029,173958.337,"CooperativeService{guidedPlanning, status=request, vehicleId=0x7665682d303234, requestedHorizonMs=2500, confidence=100, planning.waypoints=1, offloadTaskId=udp-probe-193, offloadPayload=1024 bytes}"
5g-udp-sender,1786031484334642850,edge4av-real-20260806-airspan-followup-run-1,c4-rep1-udp,airspan-followup-70-20-10,guided-planning,udp,veh-024,veh-024,rsu-1,c4-rep1-udp-veh-024-194,ipi-session-1,airspan-followup-c4-rep1,veh-024,194,100-clients,default,stationary,unsynced,true,true,payload_bytes,1024,bytes,IPI-CooperativeService,1103,1786031484227076839,1786031310379645431,1786031310379673631,1786031484334642850,107.566,,0.028,173954.969,"CooperativeService{guidedPlanning, status=request, vehicleId=0x7665682d303234, requestedHorizonMs=2500, confidence=100, planning.waypoints=1, offloadTaskId=udp-probe-194, offloadPayload=1024 bytes}"
5g-udp-sender,1786031484686611573,edge4av-real-20260806-airspan-followup-run-1,c4-rep1-udp,airspan-followup-70-20-10,guided-planning,udp,veh-024,veh-024,rsu-1,c4-rep1-udp-veh-024-195,ipi-session-1,airspan-followup-c4-rep1,veh-024,195,100-clients,default,stationary,unsynced,true,true,payload_bytes,1024,bytes,IPI-CooperativeService,1103,1786031484534832706,1786031310719459360,1786031310719478853,1786031484686611573,151.779,,0.019,173967.133,"CooperativeService{guidedPlanning, status=request, vehicleId=0x7665682d303234, requestedHorizonMs=2500, confidence=100, planning.waypoints=1, offloadTaskId=udp-probe-195, offloadPayload=1024 bytes}"
5g-udp-sender,1786031485000829639,edge4av-real-20260806-airspan-followup-run-1,c4-rep1-udp,airspan-followup-70-20-10,guided-planning,udp,veh-024,veh-024,rsu-1,c4-rep1-udp-veh-024-196,ipi-session-1,airspan-followup-c4-rep1,veh-024,196,100-clients,default,stationary,unsynced,true,true,payload_bytes,1024,bytes,IPI-CooperativeService,1103,1786031484886801680,1786031311040317959,1786031311040347229,1786031485000829639,114.028,,0.029,173960.482,"CooperativeService{guidedPlanning, status=request, vehicleId=0x7665682d303234, requestedHorizonMs=2500, confidence=100, planning.waypoints=1, offloadTaskId=udp-probe-196, offloadPayload=1024 bytes}"
5g-udp-sender,1786031485326603000,edge4av-real-20260806-airspan-followup-run-1,c4-rep1-udp,airspan-followup-70-20-10,guided-planning,udp,veh-024,veh-024,rsu-1,c4-rep1-udp-veh-024-197,ipi-session-1,airspan-followup-c4-rep1,veh-024,197,100-clients,default,stationary,unsynced,true,true,payload_bytes,1024,bytes,IPI-CooperativeService,1103,1786031485201005166,1786031311370559275,1786031311370606007,1786031485326603000,125.598,,0.047,173955.997,"CooperativeService{guidedPlanning, status=request, vehicleId=0x7665682d303234, requestedHorizonMs=2500, confidence=100, planning.waypoints=1, offloadTaskId=udp-probe-197, offloadPayload=1024 bytes}"
5g-udp-sender,1786031485646799400,edge4av-real-20260806-airspan-followup-run-1,c4-rep1-udp,airspan-followup-70-20-10,guided-planning,udp,veh-024,veh-024,rsu-1,c4-rep1-udp-veh-024-198,ipi-session-1,airspan-followup-c4-rep1,veh-024,198,100-clients,default,stationary,unsynced,true,true,payload_bytes,1024,bytes,IPI-CooperativeService,1103,1786031485526786990,1786031311691242111,1786031311691269950,1786031485646799400,120.012,,0.028,173955.529,"CooperativeService{guidedPlanning, status=request, vehicleId=0x7665682d303234, requestedHorizonMs=2500, confidence=100, planning.waypoints=1, offloadTaskId=udp-probe-198, offloadPayload=1024 bytes}"
5g-udp-sender,1786031485936810676,edge4av-real-20260806-airspan-followup-run-1,c4-rep1-udp,airspan-followup-70-20-10,guided-planning,udp,veh-024,veh-024,rsu-1,c4-rep1-udp-veh-024-199,ipi-session-1,airspan-followup-c4-rep1,veh-024,199,100-clients,default,stationary,unsynced,true,true,payload_bytes,1024,bytes,IPI-CooperativeService,1103,1786031485847007867,1786031311981621447,1786031311981636313,1786031485936810676,89.803,,0.015,173955.174,"CooperativeService{guidedPlanning, status=request, vehicleId=0x7665682d303234, requestedHorizonMs=2500, confidence=100, planning.waypoints=1, offloadTaskId=udp-probe-199, offloadPayload=1024 bytes}"
5g-udp-sender,1786031486266745414,edge4av-real-20260806-airspan-followup-run-1,c4-rep1-udp,airspan-followup-70-20-10,guided-planning,udp,veh-024,veh-024,rsu-1,c4-rep1-udp-veh-024-200,ipi-session-1,airspan-followup-c4-rep1,veh-024,200,100-clients,default,stationary,unsynced,true,true,payload_bytes,1024,bytes,IPI-CooperativeService,1103,1786031486137033693,1786031312312621474,1786031312312654601,1786031486266745414,129.712,,0.033,173954.091,"CooperativeService{guidedPlanning, status=request, vehicleId=0x7665682d303234, requestedHorizonMs=2500, confidence=100, planning.waypoints=1, offloadTaskId=udp-probe-200, offloadPayload=1024 bytes}"
5g-udp-sender,1786031486631825017,edge4av-real-20260806-airspan-followup-run-1,c4-rep1-udp,airspan-followup-70-20-10,guided-planning,udp,veh-024,veh-024,rsu-1,c4-rep1-udp-veh-024-201,ipi-session-1,airspan-followup-c4-rep1,veh-024,201,100-clients,default,stationary,unsynced,true,true,payload_bytes,1024,bytes,IPI-CooperativeService,1103,1786031486466932587,1786031312673465274,1786031312673491466,1786031486631825017,164.892,,0.026,173958.334,"CooperativeService{guidedPlanning, status=request, vehicleId=0x7665682d303234, requestedHorizonMs=2500, confidence=100, planning.waypoints=1, offloadTaskId=udp-probe-201, offloadPayload=1024 bytes}"
5g-udp-sender,1786031492221468827,edge4av-real-20260806-airspan-followup-run-1,c4-rep1-udp,airspan-followup-70-20-10,guided-planning,udp,veh-024,veh-024,rsu-1,c4-rep1-udp-veh-024-202,ipi-session-1,airspan-followup-c4-rep1,veh-024,202,100-clients,default,stationary,unsynced,false,false,payload_bytes,1024,bytes,IPI-CooperativeService,1103,1786031486832014417,,,1786031492221468827,,,,,udp ack timeout
5g-udp-sender,1786031492502707079,edge4av-real-20260806-airspan-followup-run-1,c4-rep1-udp,airspan-followup-70-20-10,guided-planning,udp,veh-024,veh-024,rsu-1,c4-rep1-udp-veh-024-203,ipi-session-1,airspan-followup-c4-rep1,veh-024,203,100-clients,default,stationary,unsynced,true,true,payload_bytes,1024,bytes,IPI-CooperativeService,1103,1786031492421612230,1786031318547580755,1786031318547608273,1786031492502707079,81.095,,0.028,173955.099,"CooperativeService{guidedPlanning, status=request, vehicleId=0x7665682d303234, requestedHorizonMs=2500, confidence=100, planning.waypoints=1, offloadTaskId=udp-probe-203, offloadPayload=1024 bytes}"
5g-udp-sender,1786031492816741841,edge4av-real-20260806-airspan-followup-run-1,c4-rep1-udp,airspan-followup-70-20-10,guided-planning,udp,veh-024,veh-024,rsu-1,c4-rep1-udp-veh-024-204,ipi-session-1,airspan-followup-c4-rep1,veh-024,204,100-clients,default,stationary,unsynced,true,true,payload_bytes,1024,bytes,IPI-CooperativeService,1103,1786031492702912097,1786031318857995861,1786031318858026418,1786031492816741841,113.830,,0.031,173958.715,"CooperativeService{guidedPlanning, status=request, vehicleId=0x7665682d303234, requestedHorizonMs=2500, confidence=100, planning.waypoints=1, offloadTaskId=udp-probe-204, offloadPayload=1024 bytes}"
5g-udp-sender,1786031493114713202,edge4av-real-20260806-airspan-followup-run-1,c4-rep1-udp,airspan-followup-70-20-10,guided-planning,udp,veh-024,veh-024,rsu-1,c4-rep1-udp-veh-024-205,ipi-session-1,airspan-followup-c4-rep1,veh-024,205,100-clients,default,stationary,unsynced,true,true,payload_bytes,1024,bytes,IPI-CooperativeService,1103,1786031493016934622,1786031319158829136,1786031319158857439,1786031493114713202,97.779,,0.028,173955.856,"CooperativeService{guidedPlanning, status=request, vehicleId=0x7665682d303234, requestedHorizonMs=2500, confidence=100, planning.waypoints=1, offloadTaskId=udp-probe-205, offloadPayload=1024 bytes}"
5g-udp-sender,1786031493484712083,edge4av-real-20260806-airspan-followup-run-1,c4-rep1-udp,airspan-followup-70-20-10,guided-planning,udp,veh-024,veh-024,rsu-1,c4-rep1-udp-veh-024-206,ipi-session-1,airspan-followup-c4-rep1,veh-024,206,100-clients,default,stationary,unsynced,true,true,payload_bytes,1024,bytes,IPI-CooperativeService,1103,1786031493314895891,1786031319529210751,1786031319529262268,1786031493484712083,169.816,,0.052,173955.450,"CooperativeService{guidedPlanning, status=request, vehicleId=0x7665682d303234, requestedHorizonMs=2500, confidence=100, planning.waypoints=1, offloadTaskId=udp-probe-206, offloadPayload=1024 bytes}"
5g-udp-sender,1786031493828865370,edge4av-real-20260806-airspan-followup-run-1,c4-rep1-udp,airspan-followup-70-20-10,guided-planning,udp,veh-024,veh-024,rsu-1,c4-rep1-udp-veh-024-207,ipi-session-1,airspan-followup-c4-rep1,veh-024,207,100-clients,default,stationary,unsynced,true,true,payload_bytes,1024,bytes,IPI-CooperativeService,1103,1786031493684986051,1786031319870123524,1786031319870155020,1786031493828865370,143.879,,0.031,173958.710,"CooperativeService{guidedPlanning, status=request, vehicleId=0x7665682d303234, requestedHorizonMs=2500, confidence=100, planning.waypoints=1, offloadTaskId=udp-probe-207, offloadPayload=1024 bytes}"
5g-udp-sender,1786031494180706020,edge4av-real-20260806-airspan-followup-run-1,c4-rep1-udp,airspan-followup-70-20-10,guided-planning,udp,veh-024,veh-024,rsu-1,c4-rep1-udp-veh-024-208,ipi-session-1,airspan-followup-c4-rep1,veh-024,208,100-clients,default,stationary,unsynced,true,true,payload_bytes,1024,bytes,IPI-CooperativeService,1103,1786031494029070180,1786031320221059829,1786031320221087954,1786031494180706020,151.636,,0.028,173959.618,"CooperativeService{guidedPlanning, status=request, vehicleId=0x7665682d303234, requestedHorizonMs=2500, confidence=100, planning.waypoints=1, offloadTaskId=udp-probe-208, offloadPayload=1024 bytes}"
5g-udp-sender,1786031494474587303,edge4av-real-20260806-airspan-followup-run-1,c4-rep1-udp,airspan-followup-70-20-10,guided-planning,udp,veh-024,veh-024,rsu-1,c4-rep1-udp-veh-024-209,ipi-session-1,airspan-followup-c4-rep1,veh-024,209,100-clients,default,stationary,unsynced,true,true,payload_bytes,1024,bytes,IPI-CooperativeService,1103,1786031494380948934,1786031320521043925,1786031320521095720,1786031494474587303,93.638,,0.052,173953.492,"CooperativeService{guidedPlanning, status=request, vehicleId=0x7665682d303234, requestedHorizonMs=2500, confidence=100, planning.waypoints=1, offloadTaskId=udp-probe-209, offloadPayload=1024 bytes}"
5g-udp-sender,1786031494813120902,edge4av-real-20260806-airspan-followup-run-1,c4-rep1-udp,airspan-followup-70-20-10,guided-planning,udp,veh-024,veh-024,rsu-1,c4-rep1-udp-veh-024-210,ipi-session-1,airspan-followup-c4-rep1,veh-024,210,100-clients,default,stationary,unsynced,true,true,payload_bytes,1024,bytes,IPI-CooperativeService,1103,1786031494674770222,1786031320851644914,1786031320851667310,1786031494813120902,138.351,,0.022,173961.454,"CooperativeService{guidedPlanning, status=request, vehicleId=0x7665682d303234, requestedHorizonMs=2500, confidence=100, planning.waypoints=1, offloadTaskId=udp-probe-210, offloadPayload=1024 bytes}"
5g-udp-sender,1786031495155022937,edge4av-real-20260806-airspan-followup-run-1,c4-rep1-udp,airspan-followup-70-20-10,guided-planning,udp,veh-024,veh-024,rsu-1,c4-rep1-udp-veh-024-211,ipi-session-1,airspan-followup-c4-rep1,veh-024,211,100-clients,default,stationary,unsynced,true,true,payload_bytes,1024,bytes,IPI-CooperativeService,1103,1786031495013290681,1786031321202379908,1786031321202430469,1786031495155022937,141.732,,0.051,173952.592,"CooperativeService{guidedPlanning, status=request, vehicleId=0x7665682d303234, requestedHorizonMs=2500, confidence=100, planning.waypoints=1, offloadTaskId=udp-probe-211, offloadPayload=1024 bytes}"
5g-udp-sender,1786031495490906520,edge4av-real-20260806-airspan-followup-run-1,c4-rep1-udp,airspan-followup-70-20-10,guided-planning,udp,veh-024,veh-024,rsu-1,c4-rep1-udp-veh-024-212,ipi-session-1,airspan-followup-c4-rep1,veh-024,212,100-clients,default,stationary,unsynced,true,true,payload_bytes,1024,bytes,IPI-CooperativeService,1103,1786031495355290703,1786031321532757582,1786031321532808744,1786031495490906520,135.616,,0.051,173958.098,"CooperativeService{guidedPlanning, status=request, vehicleId=0x7665682d303234, requestedHorizonMs=2500, confidence=100, planning.waypoints=1, offloadTaskId=udp-probe-212, offloadPayload=1024 bytes}"
5g-udp-sender,1786031495830879893,edge4av-real-20260806-airspan-followup-run-1,c4-rep1-udp,airspan-followup-70-20-10,guided-planning,udp,veh-024,veh-024,rsu-1,c4-rep1-udp-veh-024-213,ipi-session-1,airspan-followup-c4-rep1,veh-024,213,100-clients,default,stationary,unsynced,true,true,payload_bytes,1024,bytes,IPI-CooperativeService,1103,1786031495691198277,1786031321873587329,1786031321873617128,1786031495830879893,139.682,,0.030,173957.263,"CooperativeService{guidedPlanning, status=request, vehicleId=0x7665682d303234, requestedHorizonMs=2500, confidence=100, planning.waypoints=1, offloadTaskId=udp-probe-213, offloadPayload=1024 bytes}"
5g-udp-sender,1786031496174800137,edge4av-real-20260806-airspan-followup-run-1,c4-rep1-udp,airspan-followup-70-20-10,guided-planning,udp,veh-024,veh-024,rsu-1,c4-rep1-udp-veh-024-214,ipi-session-1,airspan-followup-c4-rep1,veh-024,214,100-clients,default,stationary,unsynced,true,true,payload_bytes,1024,bytes,IPI-CooperativeService,1103,1786031496031127094,1786031322214554399,1786031322214579265,1786031496174800137,143.673,,0.025,173960.221,"CooperativeService{guidedPlanning, status=request, vehicleId=0x7665682d303234, requestedHorizonMs=2500, confidence=100, planning.waypoints=1, offloadTaskId=udp-probe-214, offloadPayload=1024 bytes}"
5g-udp-sender,1786031496524713371,edge4av-real-20260806-airspan-followup-run-1,c4-rep1-udp,airspan-followup-70-20-10,guided-planning,udp,veh-024,veh-024,rsu-1,c4-rep1-udp-veh-024-215,ipi-session-1,airspan-followup-c4-rep1,veh-024,215,100-clients,default,stationary,unsynced,true,true,payload_bytes,1024,bytes,IPI-CooperativeService,1103,1786031496374977782,1786031322564967102,1786031322564995636,1786031496524713371,149.736,,0.029,173959.718,"CooperativeService{guidedPlanning, status=request, vehicleId=0x7665682d303234, requestedHorizonMs=2500, confidence=100, planning.waypoints=1, offloadTaskId=udp-probe-215, offloadPayload=1024 bytes}"
5g-udp-sender,1786031496905949205,edge4av-real-20260806-airspan-followup-run-1,c4-rep1-udp,airspan-followup-70-20-10,guided-planning,udp,veh-024,veh-024,rsu-1,c4-rep1-udp-veh-024-216,ipi-session-1,airspan-followup-c4-rep1,veh-024,216,100-clients,default,stationary,unsynced,true,true,payload_bytes,1024,bytes,IPI-CooperativeService,1103,1786031496724891350,1786031322945518271,1786031322945540525,1786031496905949205,181.058,,0.022,173960.409,"CooperativeService{guidedPlanning, status=request, vehicleId=0x7665682d303234, requestedHorizonMs=2500, confidence=100, planning.waypoints=1, offloadTaskId=udp-probe-216, offloadPayload=1024 bytes}"
5g-udp-sender,1786031497240810896,edge4av-real-20260806-airspan-followup-run-1,c4-rep1-udp,airspan-followup-70-20-10,guided-planning,udp,veh-024,veh-024,rsu-1,c4-rep1-udp-veh-024-217,ipi-session-1,airspan-followup-c4-rep1,veh-024,217,100-clients,default,stationary,unsynced,true,true,payload_bytes,1024,bytes,IPI-CooperativeService,1103,1786031497106121407,1786031323285824712,1786031323285846107,1786031497240810896,134.689,,0.021,173954.965,"CooperativeService{guidedPlanning, status=request, vehicleId=0x7665682d303234, requestedHorizonMs=2500, confidence=100, planning.waypoints=1, offloadTaskId=udp-probe-217, offloadPayload=1024 bytes}"
5g-udp-sender,1786031497572875253,edge4av-real-20260806-airspan-followup-run-1,c4-rep1-udp,airspan-followup-70-20-10,guided-planning,udp,veh-024,veh-024,rsu-1,c4-rep1-udp-veh-024-218,ipi-session-1,airspan-followup-c4-rep1,veh-024,218,100-clients,default,stationary,unsynced,true,true,payload_bytes,1024,bytes,IPI-CooperativeService,1103,1786031497440966114,1786031323617079579,1786031323617108434,1786031497572875253,131.909,,0.029,173955.767,"CooperativeService{guidedPlanning, status=request, vehicleId=0x7665682d303234, requestedHorizonMs=2500, confidence=100, planning.waypoints=1, offloadTaskId=udp-probe-218, offloadPayload=1024 bytes}"
5g-udp-sender,1786031497862761463,edge4av-real-20260806-airspan-followup-run-1,c4-rep1-udp,airspan-followup-70-20-10,guided-planning,udp,veh-024,veh-024,rsu-1,c4-rep1-udp-veh-024-219,ipi-session-1,airspan-followup-c4-rep1,veh-024,219,100-clients,default,stationary,unsynced,true,true,payload_bytes,1024,bytes,IPI-CooperativeService,1103,1786031497773057304,1786031323907441486,1786031323907466979,1786031497862761463,89.704,,0.025,173955.294,"CooperativeService{guidedPlanning, status=request, vehicleId=0x7665682d303234, requestedHorizonMs=2500, confidence=100, planning.waypoints=1, offloadTaskId=udp-probe-219, offloadPayload=1024 bytes}"
5g-udp-sender,1786031498166982471,edge4av-real-20260806-airspan-followup-run-1,c4-rep1-udp,airspan-followup-70-20-10,guided-planning,udp,veh-024,veh-024,rsu-1,c4-rep1-udp-veh-024-220,ipi-session-1,airspan-followup-c4-rep1,veh-024,220,100-clients,default,stationary,unsynced,true,true,payload_bytes,1024,bytes,IPI-CooperativeService,1103,1786031498062996455,1786031324208036690,1786031324208062292,1786031498166982471,103.986,,0.026,173958.920,"CooperativeService{guidedPlanning, status=request, vehicleId=0x7665682d303234, requestedHorizonMs=2500, confidence=100, planning.waypoints=1, offloadTaskId=udp-probe-220, offloadPayload=1024 bytes}"
5g-udp-sender,1786031498458774651,edge4av-real-20260806-airspan-followup-run-1,c4-rep1-udp,airspan-followup-70-20-10,guided-planning,udp,veh-024,veh-024,rsu-1,c4-rep1-udp-veh-024-221,ipi-session-1,airspan-followup-c4-rep1,veh-024,221,100-clients,default,stationary,unsynced,true,true,payload_bytes,1024,bytes,IPI-CooperativeService,1103,1786031498367149015,1786031324498530032,1786031324498560837,1786031498458774651,91.626,,0.031,173960.214,"CooperativeService{guidedPlanning, status=request, vehicleId=0x7665682d303234, requestedHorizonMs=2500, confidence=100, planning.waypoints=1, offloadTaskId=udp-probe-221, offloadPayload=1024 bytes}"
5g-udp-sender,1786031498764926996,edge4av-real-20260806-airspan-followup-run-1,c4-rep1-udp,airspan-followup-70-20-10,guided-planning,udp,veh-024,veh-024,rsu-1,c4-rep1-udp-veh-024-222,ipi-session-1,airspan-followup-c4-rep1,veh-024,222,100-clients,default,stationary,unsynced,true,true,payload_bytes,1024,bytes,IPI-CooperativeService,1103,1786031498658936802,1786031324808868124,1786031324808898852,1786031498764926996,105.990,,0.031,173956.028,"CooperativeService{guidedPlanning, status=request, vehicleId=0x7665682d303234, requestedHorizonMs=2500, confidence=100, planning.waypoints=1, offloadTaskId=udp-probe-222, offloadPayload=1024 bytes}"
5g-udp-sender,1786031499064779466,edge4av-real-20260806-airspan-followup-run-1,c4-rep1-udp,airspan-followup-70-20-10,guided-planning,udp,veh-024,veh-024,rsu-1,c4-rep1-udp-veh-024-223,ipi-session-1,airspan-followup-c4-rep1,veh-024,223,100-clients,default,stationary,unsynced,true,true,payload_bytes,1024,bytes,IPI-CooperativeService,1103,1786031498965088594,1786031325109222736,1786031325109231931,1786031499064779466,99.691,,0.009,173955.548,"CooperativeService{guidedPlanning, status=request, vehicleId=0x7665682d303234, requestedHorizonMs=2500, confidence=100, planning.waypoints=1, offloadTaskId=udp-probe-223, offloadPayload=1024 bytes}"
5g-udp-sender,1786031504509705568,edge4av-real-20260806-airspan-followup-run-1,c4-rep1-udp,airspan-followup-70-20-10,guided-planning,udp,veh-024,veh-024,rsu-1,c4-rep1-udp-veh-024-224,ipi-session-1,airspan-followup-c4-rep1,veh-024,224,100-clients,default,stationary,unsynced,false,false,payload_bytes,1024,bytes,IPI-CooperativeService,1103,1786031499264939282,,,1786031504509705568,,,,,udp ack timeout
5g-udp-sender,1786031504841115199,edge4av-real-20260806-airspan-followup-run-1,c4-rep1-udp,airspan-followup-70-20-10,guided-planning,udp,veh-024,veh-024,rsu-1,c4-rep1-udp-veh-024-225,ipi-session-1,airspan-followup-c4-rep1,veh-024,225,100-clients,default,stationary,unsynced,true,true,payload_bytes,1024,bytes,IPI-CooperativeService,1103,1786031504709864286,1786031330879663126,1786031330879714189,1786031504841115199,131.251,,0.051,173961.401,"CooperativeService{guidedPlanning, status=request, vehicleId=0x7665682d303234, requestedHorizonMs=2500, confidence=100, planning.waypoints=1, offloadTaskId=udp-probe-225, offloadPayload=1024 bytes}"
5g-udp-sender,1786031505156907308,edge4av-real-20260806-airspan-followup-run-1,c4-rep1-udp,airspan-followup-70-20-10,guided-planning,udp,veh-024,veh-024,rsu-1,c4-rep1-udp-veh-024-226,ipi-session-1,airspan-followup-c4-rep1,veh-024,226,100-clients,default,stationary,unsynced,true,true,payload_bytes,1024,bytes,IPI-CooperativeService,1103,1786031505041400675,1786031331200570080,1786031331200587448,1786031505156907308,115.507,,0.017,173956.320,"CooperativeService{guidedPlanning, status=request, vehicleId=0x7665682d303234, requestedHorizonMs=2500, confidence=100, planning.waypoints=1, offloadTaskId=udp-probe-226, offloadPayload=1024 bytes}"
5g-udp-sender,1786031505516965685,edge4av-real-20260806-airspan-followup-run-1,c4-rep1-udp,airspan-followup-70-20-10,guided-planning,udp,veh-024,veh-024,rsu-1,c4-rep1-udp-veh-024-227,ipi-session-1,airspan-followup-c4-rep1,veh-024,227,100-clients,default,stationary,unsynced,true,true,payload_bytes,1024,bytes,IPI-CooperativeService,1103,1786031505357125019,1786031331561410536,1786031331561442938,1786031505516965685,159.841,,0.032,173955.523,"CooperativeService{guidedPlanning, status=request, vehicleId=0x7665682d303234, requestedHorizonMs=2500, confidence=100, planning.waypoints=1, offloadTaskId=udp-probe-227, offloadPayload=1024 bytes}"
5g-udp-sender,1786031505816852581,edge4av-real-20260806-airspan-followup-run-1,c4-rep1-udp,airspan-followup-70-20-10,guided-planning,udp,veh-024,veh-024,rsu-1,c4-rep1-udp-veh-024-228,ipi-session-1,airspan-followup-c4-rep1,veh-024,228,100-clients,default,stationary,unsynced,true,true,payload_bytes,1024,bytes,IPI-CooperativeService,1103,1786031505717147303,1786031331861959499,1786031331861988209,1786031505816852581,99.705,,0.029,173954.864,"CooperativeService{guidedPlanning, status=request, vehicleId=0x7665682d303234, requestedHorizonMs=2500, confidence=100, planning.waypoints=1, offloadTaskId=udp-probe-228, offloadPayload=1024 bytes}"
5g-udp-sender,1786031506109726835,edge4av-real-20260806-airspan-followup-run-1,c4-rep1-udp,airspan-followup-70-20-10,guided-planning,udp,veh-024,veh-024,rsu-1,c4-rep1-udp-veh-024-229,ipi-session-1,airspan-followup-c4-rep1,veh-024,229,100-clients,default,stationary,unsynced,true,true,payload_bytes,1024,bytes,IPI-CooperativeService,1103,1786031506017043853,1786031332141874902,1786031332141887183,1786031506109726835,92.683,,0.012,173967.840,"CooperativeService{guidedPlanning, status=request, vehicleId=0x7665682d303234, requestedHorizonMs=2500, confidence=100, planning.waypoints=1, offloadTaskId=udp-probe-229, offloadPayload=1024 bytes}"
5g-udp-sender,1786031506416854842,edge4av-real-20260806-airspan-followup-run-1,c4-rep1-udp,airspan-followup-70-20-10,guided-planning,udp,veh-024,veh-024,rsu-1,c4-rep1-udp-veh-024-230,ipi-session-1,airspan-followup-c4-rep1,veh-024,230,100-clients,default,stationary,unsynced,true,true,payload_bytes,1024,bytes,IPI-CooperativeService,1103,1786031506309900886,1786031332463054636,1786031332463101999,1786031506416854842,106.954,,0.047,173953.753,"CooperativeService{guidedPlanning, status=request, vehicleId=0x7665682d303234, requestedHorizonMs=2500, confidence=100, planning.waypoints=1, offloadTaskId=udp-probe-230, offloadPayload=1024 bytes}"
5g-udp-sender,1786031506776379983,edge4av-real-20260806-airspan-followup-run-1,c4-rep1-udp,airspan-followup-70-20-10,guided-planning,udp,veh-024,veh-024,rsu-1,c4-rep1-udp-veh-024-231,ipi-session-1,airspan-followup-c4-rep1,veh-024,231,100-clients,default,stationary,unsynced,true,true,payload_bytes,1024,bytes,IPI-CooperativeService,1103,1786031506616992490,1786031332822977327,1786031332822997399,1786031506776379983,159.387,,0.020,173953.383,"CooperativeService{guidedPlanning, status=request, vehicleId=0x7665682d303234, requestedHorizonMs=2500, confidence=100, planning.waypoints=1, offloadTaskId=udp-probe-231, offloadPayload=1024 bytes}"
5g-udp-sender,1786031507128923135,edge4av-real-20260806-airspan-followup-run-1,c4-rep1-udp,airspan-followup-70-20-10,guided-planning,udp,veh-024,veh-024,rsu-1,c4-rep1-udp-veh-024-232,ipi-session-1,airspan-followup-c4-rep1,veh-024,232,100-clients,default,stationary,unsynced,true,true,payload_bytes,1024,bytes,IPI-CooperativeService,1103,1786031506977505931,1786031333173626690,1786031333173668137,1786031507128923135,151.417,,0.041,173955.255,"CooperativeService{guidedPlanning, status=request, vehicleId=0x7665682d303234, requestedHorizonMs=2500, confidence=100, planning.waypoints=1, offloadTaskId=udp-probe-232, offloadPayload=1024 bytes}"
5g-udp-sender,1786031507414945146,edge4av-real-20260806-airspan-followup-run-1,c4-rep1-udp,airspan-followup-70-20-10,guided-planning,udp,veh-024,veh-024,rsu-1,c4-rep1-udp-veh-024-233,ipi-session-1,airspan-followup-c4-rep1,veh-024,233,100-clients,default,stationary,unsynced,true,true,payload_bytes,1024,bytes,IPI-CooperativeService,1103,1786031507329113022,1786031333454171496,1786031333454195425,1786031507414945146,85.832,,0.024,173960.750,"CooperativeService{guidedPlanning, status=request, vehicleId=0x7665682d303234, requestedHorizonMs=2500, confidence=100, planning.waypoints=1, offloadTaskId=udp-probe-233, offloadPayload=1024 bytes}"
5g-udp-sender,1786031507694830035,edge4av-real-20260806-airspan-followup-run-1,c4-rep1-udp,airspan-followup-70-20-10,guided-planning,udp,veh-024,veh-024,rsu-1,c4-rep1-udp-veh-024-234,ipi-session-1,airspan-followup-c4-rep1,veh-024,234,100-clients,default,stationary,unsynced,true,true,payload_bytes,1024,bytes,IPI-CooperativeService,1103,1786031507615093183,1786031333735206687,1786031333735232097,1786031507694830035,79.737,,0.025,173959.598,"CooperativeService{guidedPlanning, status=request, vehicleId=0x7665682d303234, requestedHorizonMs=2500, confidence=100, planning.waypoints=1, offloadTaskId=udp-probe-234, offloadPayload=1024 bytes}"
5g-udp-sender,1786031508000806203,edge4av-real-20260806-airspan-followup-run-1,c4-rep1-udp,airspan-followup-70-20-10,guided-planning,udp,veh-024,veh-024,rsu-1,c4-rep1-udp-veh-024-235,ipi-session-1,airspan-followup-c4-rep1,veh-024,235,100-clients,default,stationary,unsynced,true,true,payload_bytes,1024,bytes,IPI-CooperativeService,1103,1786031507894980299,1786031334035526111,1786031334035541376,1786031508000806203,105.826,,0.015,173965.265,"CooperativeService{guidedPlanning, status=request, vehicleId=0x7665682d303234, requestedHorizonMs=2500, confidence=100, planning.waypoints=1, offloadTaskId=udp-probe-235, offloadPayload=1024 bytes}"
5g-udp-sender,1786031508326919554,edge4av-real-20260806-airspan-followup-run-1,c4-rep1-udp,airspan-followup-70-20-10,guided-planning,udp,veh-024,veh-024,rsu-1,c4-rep1-udp-veh-024-236,ipi-session-1,airspan-followup-c4-rep1,veh-024,236,100-clients,default,stationary,unsynced,true,true,payload_bytes,1024,bytes,IPI-CooperativeService,1103,1786031508200955896,1786031334366260601,1786031334366288923,1786031508326919554,125.964,,0.028,173960.631,"CooperativeService{guidedPlanning, status=request, vehicleId=0x7665682d303234, requestedHorizonMs=2500, confidence=100, planning.waypoints=1, offloadTaskId=udp-probe-236, offloadPayload=1024 bytes}"
5g-udp-sender,1786031508614891767,edge4av-real-20260806-airspan-followup-run-1,c4-rep1-udp,airspan-followup-70-20-10,guided-planning,udp,veh-024,veh-024,rsu-1,c4-rep1-udp-veh-024-237,ipi-session-1,airspan-followup-c4-rep1,veh-024,237,100-clients,default,stationary,unsynced,true,true,payload_bytes,1024,bytes,IPI-CooperativeService,1103,1786031508527075948,1786031334656627253,1786031334656645985,1786031508614891767,87.816,,0.019,173958.246,"CooperativeService{guidedPlanning, status=request, vehicleId=0x7665682d303234, requestedHorizonMs=2500, confidence=100, planning.waypoints=1, offloadTaskId=udp-probe-237, offloadPayload=1024 bytes}"
5g-udp-sender,1786031508843040129,edge4av-real-20260806-airspan-followup-run-1,c4-rep1-udp,airspan-followup-70-20-10,guided-planning,udp,veh-024,veh-024,rsu-1,c4-rep1-udp-veh-024-238,ipi-session-1,airspan-followup-c4-rep1,veh-024,238,100-clients,default,stationary,unsynced,true,true,payload_bytes,1024,bytes,IPI-CooperativeService,1103,1786031508815060963,1786031334887353369,1786031334887381750,1786031508843040129,27.979,,0.028,173955.658,"CooperativeService{guidedPlanning, status=request, vehicleId=0x7665682d303234, requestedHorizonMs=2500, confidence=100, planning.waypoints=1, offloadTaskId=udp-probe-238, offloadPayload=1024 bytes}"
5g-udp-sender,1786031509077006214,edge4av-real-20260806-airspan-followup-run-1,c4-rep1-udp,airspan-followup-70-20-10,guided-planning,udp,veh-024,veh-024,rsu-1,c4-rep1-udp-veh-024-239,ipi-session-1,airspan-followup-c4-rep1,veh-024,239,100-clients,default,stationary,unsynced,true,true,payload_bytes,1024,bytes,IPI-CooperativeService,1103,1786031509043293640,1786031335118295608,1786031335118351149,1786031509077006214,33.713,,0.056,173958.655,"CooperativeService{guidedPlanning, status=request, vehicleId=0x7665682d303234, requestedHorizonMs=2500, confidence=100, planning.waypoints=1, offloadTaskId=udp-probe-239, offloadPayload=1024 bytes}"
5g-udp-sender,1786031509316845686,edge4av-real-20260806-airspan-followup-run-1,c4-rep1-udp,airspan-followup-70-20-10,guided-planning,udp,veh-024,veh-024,rsu-1,c4-rep1-udp-veh-024-240,ipi-session-1,airspan-followup-c4-rep1,veh-024,240,100-clients,default,stationary,unsynced,true,true,payload_bytes,1024,bytes,IPI-CooperativeService,1103,1786031509277312596,1786031335358074122,1786031335358099905,1786031509316845686,39.533,,0.026,173958.746,"CooperativeService{guidedPlanning, status=request, vehicleId=0x7665682d303234, requestedHorizonMs=2500, confidence=100, planning.waypoints=1, offloadTaskId=udp-probe-240, offloadPayload=1024 bytes}"
5g-udp-sender,1786031509556995451,edge4av-real-20260806-airspan-followup-run-1,c4-rep1-udp,airspan-followup-70-20-10,guided-planning,udp,veh-024,veh-024,rsu-1,c4-rep1-udp-veh-024-241,ipi-session-1,airspan-followup-c4-rep1,veh-024,241,100-clients,default,stationary,unsynced,true,true,payload_bytes,1024,bytes,IPI-CooperativeService,1103,1786031509517015749,1786031335598654218,1786031335598681952,1786031509556995451,39.980,,0.028,173958.313,"CooperativeService{guidedPlanning, status=request, vehicleId=0x7665682d303234, requestedHorizonMs=2500, confidence=100, planning.waypoints=1, offloadTaskId=udp-probe-241, offloadPayload=1024 bytes}"
5g-udp-sender,1786031509794880708,edge4av-real-20260806-airspan-followup-run-1,c4-rep1-udp,airspan-followup-70-20-10,guided-planning,udp,veh-024,veh-024,rsu-1,c4-rep1-udp-veh-024-242,ipi-session-1,airspan-followup-c4-rep1,veh-024,242,100-clients,default,stationary,unsynced,true,true,payload_bytes,1024,bytes,IPI-CooperativeService,1103,1786031509757170614,1786031335838626801,1786031335838678188,1786031509794880708,37.710,,0.051,173956.203,"CooperativeService{guidedPlanning, status=request, vehicleId=0x7665682d303234, requestedHorizonMs=2500, confidence=100, planning.waypoints=1, offloadTaskId=udp-probe-242, offloadPayload=1024 bytes}"
5g-udp-sender,1786031510038887972,edge4av-real-20260806-airspan-followup-run-1,c4-rep1-udp,airspan-followup-70-20-10,guided-planning,udp,veh-024,veh-024,rsu-1,c4-rep1-udp-veh-024-243,ipi-session-1,airspan-followup-c4-rep1,veh-024,243,100-clients,default,stationary,unsynced,true,true,payload_bytes,1024,bytes,IPI-CooperativeService,1103,1786031509995059215,1786031336079173825,1786031336079226012,1786031510038887972,43.829,,0.052,173959.662,"CooperativeService{guidedPlanning, status=request, vehicleId=0x7665682d303234, requestedHorizonMs=2500, confidence=100, planning.waypoints=1, offloadTaskId=udp-probe-243, offloadPayload=1024 bytes}"
5g-udp-sender,1786031510286957448,edge4av-real-20260806-airspan-followup-run-1,c4-rep1-udp,airspan-followup-70-20-10,guided-planning,udp,veh-024,veh-024,rsu-1,c4-rep1-udp-veh-024-244,ipi-session-1,airspan-followup-c4-rep1,veh-024,244,100-clients,default,stationary,unsynced,true,true,payload_bytes,1024,bytes,IPI-CooperativeService,1103,1786031510239074021,1786031336319708893,1786031336319738817,1786031510286957448,47.883,,0.030,173967.219,"CooperativeService{guidedPlanning, status=request, vehicleId=0x7665682d303234, requestedHorizonMs=2500, confidence=100, planning.waypoints=1, offloadTaskId=udp-probe-244, offloadPayload=1024 bytes}"
5g-udp-sender,1786031510548954559,edge4av-real-20260806-airspan-followup-run-1,c4-rep1-udp,airspan-followup-70-20-10,guided-planning,udp,veh-024,veh-024,rsu-1,c4-rep1-udp-veh-024-245,ipi-session-1,airspan-followup-c4-rep1,veh-024,245,100-clients,default,stationary,unsynced,true,true,payload_bytes,1024,bytes,IPI-CooperativeService,1103,1786031510487196195,1786031336590223289,1786031336590253208,1786031510548954559,61.758,,0.030,173958.701,"CooperativeService{guidedPlanning, status=request, vehicleId=0x7665682d303234, requestedHorizonMs=2500, confidence=100, planning.waypoints=1, offloadTaskId=udp-probe-245, offloadPayload=1024 bytes}"
5g-udp-sender,1786031510828863746,edge4av-real-20260806-airspan-followup-run-1,c4-rep1-udp,airspan-followup-70-20-10,guided-planning,udp,veh-024,veh-024,rsu-1,c4-rep1-udp-veh-024-246,ipi-session-1,airspan-followup-c4-rep1,veh-024,246,100-clients,default,stationary,unsynced,true,true,payload_bytes,1024,bytes,IPI-CooperativeService,1103,1786031510749153708,1786031336870730008,1786031336870744393,1786031510828863746,79.710,,0.014,173958.119,"CooperativeService{guidedPlanning, status=request, vehicleId=0x7665682d303234, requestedHorizonMs=2500, confidence=100, planning.waypoints=1, offloadTaskId=udp-probe-246, offloadPayload=1024 bytes}"
5g-udp-sender,1786031511158812227,edge4av-real-20260806-airspan-followup-run-1,c4-rep1-udp,airspan-followup-70-20-10,guided-planning,udp,veh-024,veh-024,rsu-1,c4-rep1-udp-veh-024-247,ipi-session-1,airspan-followup-c4-rep1,veh-024,247,100-clients,default,stationary,unsynced,true,true,payload_bytes,1024,bytes,IPI-CooperativeService,1103,1786031511029044190,1786031337201017587,1786031337201070205,1786031511158812227,129.768,,0.053,173957.742,"CooperativeService{guidedPlanning, status=request, vehicleId=0x7665682d303234, requestedHorizonMs=2500, confidence=100, planning.waypoints=1, offloadTaskId=udp-probe-247, offloadPayload=1024 bytes}"
5g-udp-sender,1786031511506966564,edge4av-real-20260806-airspan-followup-run-1,c4-rep1-udp,airspan-followup-70-20-10,guided-planning,udp,veh-024,veh-024,rsu-1,c4-rep1-udp-veh-024-248,ipi-session-1,airspan-followup-c4-rep1,veh-024,248,100-clients,default,stationary,unsynced,true,true,payload_bytes,1024,bytes,IPI-CooperativeService,1103,1786031511358973917,1786031337551765671,1786031337551817638,1786031511506966564,147.993,,0.052,173955.149,"CooperativeService{guidedPlanning, status=request, vehicleId=0x7665682d303234, requestedHorizonMs=2500, confidence=100, planning.waypoints=1, offloadTaskId=udp-probe-248, offloadPayload=1024 bytes}"
5g-udp-sender,1786031511806831649,edge4av-real-20260806-airspan-followup-run-1,c4-rep1-udp,airspan-followup-70-20-10,guided-planning,udp,veh-024,veh-024,rsu-1,c4-rep1-udp-veh-024-249,ipi-session-1,airspan-followup-c4-rep1,veh-024,249,100-clients,default,stationary,unsynced,true,true,payload_bytes,1024,bytes,IPI-CooperativeService,1103,1786031511707099419,1786031337852274879,1786031337852288720,1786031511806831649,99.732,,0.014,173954.543,"CooperativeService{guidedPlanning, status=request, vehicleId=0x7665682d303234, requestedHorizonMs=2500, confidence=100, planning.waypoints=1, offloadTaskId=udp-probe-249, offloadPayload=1024 bytes}"
5g-udp-sender,1786031512140809851,edge4av-real-20260806-airspan-followup-run-1,c4-rep1-udp,airspan-followup-70-20-10,guided-planning,udp,veh-024,veh-024,rsu-1,c4-rep1-udp-veh-024-250,ipi-session-1,airspan-followup-c4-rep1,veh-024,250,100-clients,default,stationary,unsynced,true,true,payload_bytes,1024,bytes,IPI-CooperativeService,1103,1786031512006972129,1786031338182792776,1786031338182836450,1786031512140809851,133.838,,0.044,173957.973,"CooperativeService{guidedPlanning, status=request, vehicleId=0x7665682d303234, requestedHorizonMs=2500, confidence=100, planning.waypoints=1, offloadTaskId=udp-probe-250, offloadPayload=1024 bytes}"
5g-udp-sender,1786031512491082677,edge4av-real-20260806-airspan-followup-run-1,c4-rep1-udp,airspan-followup-70-20-10,guided-planning,udp,veh-024,veh-024,rsu-1,c4-rep1-udp-veh-024-251,ipi-session-1,airspan-followup-c4-rep1,veh-024,251,100-clients,default,stationary,unsynced,true,true,payload_bytes,1024,bytes,IPI-CooperativeService,1103,1786031512341013316,1786031338533298277,1786031338533308945,1786031512491082677,150.069,,0.011,173957.774,"CooperativeService{guidedPlanning, status=request, vehicleId=0x7665682d303234, requestedHorizonMs=2500, confidence=100, planning.waypoints=1, offloadTaskId=udp-probe-251, offloadPayload=1024 bytes}"
5g-udp-sender,1786031512868980451,edge4av-real-20260806-airspan-followup-run-1,c4-rep1-udp,airspan-followup-70-20-10,guided-planning,udp,veh-024,veh-024,rsu-1,c4-rep1-udp-veh-024-252,ipi-session-1,airspan-followup-c4-rep1,veh-024,252,100-clients,default,stationary,unsynced,true,true,payload_bytes,1024,bytes,IPI-CooperativeService,1103,1786031512691316873,1786031338914120539,1786031338914163194,1786031512868980451,177.664,,0.043,173954.817,"CooperativeService{guidedPlanning, status=request, vehicleId=0x7665682d303234, requestedHorizonMs=2500, confidence=100, planning.waypoints=1, offloadTaskId=udp-probe-252, offloadPayload=1024 bytes}"
5g-udp-sender,1786031513224888851,edge4av-real-20260806-airspan-followup-run-1,c4-rep1-udp,airspan-followup-70-20-10,guided-planning,udp,veh-024,veh-024,rsu-1,c4-rep1-udp-veh-024-253,ipi-session-1,airspan-followup-c4-rep1,veh-024,253,100-clients,default,stationary,unsynced,true,true,payload_bytes,1024,bytes,IPI-CooperativeService,1103,1786031513069157893,1786031339264854680,1786031339264864419,1786031513224888851,155.731,,0.010,173960.024,"CooperativeService{guidedPlanning, status=request, vehicleId=0x7665682d303234, requestedHorizonMs=2500, confidence=100, planning.waypoints=1, offloadTaskId=udp-probe-253, offloadPayload=1024 bytes}"
5g-udp-sender,1786031513511066958,edge4av-real-20260806-airspan-followup-run-1,c4-rep1-udp,airspan-followup-70-20-10,guided-planning,udp,veh-024,veh-024,rsu-1,c4-rep1-udp-veh-024-254,ipi-session-1,airspan-followup-c4-rep1,veh-024,254,100-clients,default,stationary,unsynced,true,true,payload_bytes,1024,bytes,IPI-CooperativeService,1103,1786031513425099196,1786031339555859967,1786031339555888090,1786031513511066958,85.968,,0.028,173955.179,"CooperativeService{guidedPlanning, status=request, vehicleId=0x7665682d303234, requestedHorizonMs=2500, confidence=100, planning.waypoints=1, offloadTaskId=udp-probe-254, offloadPayload=1024 bytes}"
5g-udp-sender,1786031513756993020,edge4av-real-20260806-airspan-followup-run-1,c4-rep1-udp,airspan-followup-70-20-10,guided-planning,udp,veh-024,veh-024,rsu-1,c4-rep1-udp-veh-024-255,ipi-session-1,airspan-followup-c4-rep1,veh-024,255,100-clients,default,stationary,unsynced,true,true,payload_bytes,1024,bytes,IPI-CooperativeService,1103,1786031513711250986,1786031339796315239,1786031339796343673,1786031513756993020,45.742,,0.028,173960.649,"CooperativeService{guidedPlanning, status=request, vehicleId=0x7665682d303234, requestedHorizonMs=2500, confidence=100, planning.waypoints=1, offloadTaskId=udp-probe-255, offloadPayload=1024 bytes}"
5g-udp-sender,1786031513992792626,edge4av-real-20260806-airspan-followup-run-1,c4-rep1-udp,airspan-followup-70-20-10,guided-planning,udp,veh-024,veh-024,rsu-1,c4-rep1-udp-veh-024-256,ipi-session-1,airspan-followup-c4-rep1,veh-024,256,100-clients,default,stationary,unsynced,true,true,payload_bytes,1024,bytes,IPI-CooperativeService,1103,1786031513957209778,1786031340036235262,1786031340036254935,1786031513992792626,35.583,,0.020,173956.538,"CooperativeService{guidedPlanning, status=request, vehicleId=0x7665682d303234, requestedHorizonMs=2500, confidence=100, planning.waypoints=1, offloadTaskId=udp-probe-256, offloadPayload=1024 bytes}"
5g-udp-sender,1786031514294898383,edge4av-real-20260806-airspan-followup-run-1,c4-rep1-udp,airspan-followup-70-20-10,guided-planning,udp,veh-024,veh-024,rsu-1,c4-rep1-udp-veh-024-257,ipi-session-1,airspan-followup-c4-rep1,veh-024,257,100-clients,default,stationary,unsynced,true,true,payload_bytes,1024,bytes,IPI-CooperativeService,1103,1786031514192974167,1786031340336881858,1786031340336914165,1786031514294898383,101.924,,0.032,173957.984,"CooperativeService{guidedPlanning, status=request, vehicleId=0x7665682d303234, requestedHorizonMs=2500, confidence=100, planning.waypoints=1, offloadTaskId=udp-probe-257, offloadPayload=1024 bytes}"
5g-udp-sender,1786031514563089642,edge4av-real-20260806-airspan-followup-run-1,c4-rep1-udp,airspan-followup-70-20-10,guided-planning,udp,veh-024,veh-024,rsu-1,c4-rep1-udp-veh-024-258,ipi-session-1,airspan-followup-c4-rep1,veh-024,258,100-clients,default,stationary,unsynced,true,true,payload_bytes,1024,bytes,IPI-CooperativeService,1103,1786031514495119492,1786031340607665266,1786031340607690573,1786031514563089642,67.970,,0.025,173955.399,"CooperativeService{guidedPlanning, status=request, vehicleId=0x7665682d303234, requestedHorizonMs=2500, confidence=100, planning.waypoints=1, offloadTaskId=udp-probe-258, offloadPayload=1024 bytes}"
5g-udp-sender,1786031514828806334,edge4av-real-20260806-airspan-followup-run-1,c4-rep1-udp,airspan-followup-70-20-10,guided-planning,udp,veh-024,veh-024,rsu-1,c4-rep1-udp-veh-024-259,ipi-session-1,airspan-followup-c4-rep1,veh-024,259,100-clients,default,stationary,unsynced,true,true,payload_bytes,1024,bytes,IPI-CooperativeService,1103,1786031514763280337,1786031340868191548,1786031340868219689,1786031514828806334,65.526,,0.028,173960.587,"CooperativeService{guidedPlanning, status=request, vehicleId=0x7665682d303234, requestedHorizonMs=2500, confidence=100, planning.waypoints=1, offloadTaskId=udp-probe-259, offloadPayload=1024 bytes}"
5g-udp-sender,1786031515074939318,edge4av-real-20260806-airspan-followup-run-1,c4-rep1-udp,airspan-followup-70-20-10,guided-planning,udp,veh-024,veh-024,rsu-1,c4-rep1-udp-veh-024-260,ipi-session-1,airspan-followup-c4-rep1,veh-024,260,100-clients,default,stationary,unsynced,true,true,payload_bytes,1024,bytes,IPI-CooperativeService,1103,1786031515029012632,1786031341118555291,1786031341118580670,1786031515074939318,45.927,,0.025,173956.359,"CooperativeService{guidedPlanning, status=request, vehicleId=0x7665682d303234, requestedHorizonMs=2500, confidence=100, planning.waypoints=1, offloadTaskId=udp-probe-260, offloadPayload=1024 bytes}"
5g-udp-sender,1786031515324866802,edge4av-real-20260806-airspan-followup-run-1,c4-rep1-udp,airspan-followup-70-20-10,guided-planning,udp,veh-024,veh-024,rsu-1,c4-rep1-udp-veh-024-261,ipi-session-1,airspan-followup-c4-rep1,veh-024,261,100-clients,default,stationary,unsynced,true,true,payload_bytes,1024,bytes,IPI-CooperativeService,1103,1786031515275127735,1786031341368475154,1786031341368501735,1786031515324866802,49.739,,0.027,173956.365,"CooperativeService{guidedPlanning, status=request, vehicleId=0x7665682d303234, requestedHorizonMs=2500, confidence=100, planning.waypoints=1, offloadTaskId=udp-probe-261, offloadPayload=1024 bytes}"
5g-udp-sender,1786031515578037054,edge4av-real-20260806-airspan-followup-run-1,c4-rep1-udp,airspan-followup-70-20-10,guided-planning,udp,veh-024,veh-024,rsu-1,c4-rep1-udp-veh-024-262,ipi-session-1,airspan-followup-c4-rep1,veh-024,262,100-clients,default,stationary,unsynced,true,true,payload_bytes,1024,bytes,IPI-CooperativeService,1103,1786031515525034736,1786031341619317157,1786031341619345389,1786031515578037054,53.002,,0.028,173958.692,"CooperativeService{guidedPlanning, status=request, vehicleId=0x7665682d303234, requestedHorizonMs=2500, confidence=100, planning.waypoints=1, offloadTaskId=udp-probe-262, offloadPayload=1024 bytes}"
5g-udp-sender,1786031515878886848,edge4av-real-20260806-airspan-followup-run-1,c4-rep1-udp,airspan-followup-70-20-10,guided-planning,udp,veh-024,veh-024,rsu-1,c4-rep1-udp-veh-024-263,ipi-session-1,airspan-followup-c4-rep1,veh-024,263,100-clients,default,stationary,unsynced,true,true,payload_bytes,1024,bytes,IPI-CooperativeService,1103,1786031515778209078,1786031341919372836,1786031341919384832,1786031515878886848,100.678,,0.012,173959.502,"CooperativeService{guidedPlanning, status=request, vehicleId=0x7665682d303234, requestedHorizonMs=2500, confidence=100, planning.waypoints=1, offloadTaskId=udp-probe-263, offloadPayload=1024 bytes}"
5g-udp-sender,1786031516132863202,edge4av-real-20260806-airspan-followup-run-1,c4-rep1-udp,airspan-followup-70-20-10,guided-planning,udp,veh-024,veh-024,rsu-1,c4-rep1-udp-veh-024-264,ipi-session-1,airspan-followup-c4-rep1,veh-024,264,100-clients,default,stationary,unsynced,true,true,payload_bytes,1024,bytes,IPI-CooperativeService,1103,1786031516079048358,1786031342180145378,1786031342180196429,1786031516132863202,53.815,,0.051,173952.667,"CooperativeService{guidedPlanning, status=request, vehicleId=0x7665682d303234, requestedHorizonMs=2500, confidence=100, planning.waypoints=1, offloadTaskId=udp-probe-264, offloadPayload=1024 bytes}"
5g-udp-sender,1786031516379005652,edge4av-real-20260806-airspan-followup-run-1,c4-rep1-udp,airspan-followup-70-20-10,guided-planning,udp,veh-024,veh-024,rsu-1,c4-rep1-udp-veh-024-265,ipi-session-1,airspan-followup-c4-rep1,veh-024,265,100-clients,default,stationary,unsynced,true,true,payload_bytes,1024,bytes,IPI-CooperativeService,1103,1786031516333062052,1786031342420641099,1786031342420687629,1786031516379005652,45.944,,0.047,173958.318,"CooperativeService{guidedPlanning, status=request, vehicleId=0x7665682d303234, requestedHorizonMs=2500, confidence=100, planning.waypoints=1, offloadTaskId=udp-probe-265, offloadPayload=1024 bytes}"
5g-udp-sender,1786031516617077374,edge4av-real-20260806-airspan-followup-run-1,c4-rep1-udp,airspan-followup-70-20-10,guided-planning,udp,veh-024,veh-024,rsu-1,c4-rep1-udp-veh-024-266,ipi-session-1,airspan-followup-c4-rep1,veh-024,266,100-clients,default,stationary,unsynced,true,true,payload_bytes,1024,bytes,IPI-CooperativeService,1103,1786031516579166925,1786031342661492824,1786031342661517455,1786031516617077374,37.910,,0.025,173955.560,"CooperativeService{guidedPlanning, status=request, vehicleId=0x7665682d303234, requestedHorizonMs=2500, confidence=100, planning.waypoints=1, offloadTaskId=udp-probe-266, offloadPayload=1024 bytes}"
5g-udp-sender,1786031516890827925,edge4av-real-20260806-airspan-followup-run-1,c4-rep1-udp,airspan-followup-70-20-10,guided-planning,udp,veh-024,veh-024,rsu-1,c4-rep1-udp-veh-024-267,ipi-session-1,airspan-followup-c4-rep1,veh-024,267,100-clients,default,stationary,unsynced,true,true,payload_bytes,1024,bytes,IPI-CooperativeService,1103,1786031516817262371,1786031342931784752,1786031342931810866,1786031516890827925,73.566,,0.026,173959.017,"CooperativeService{guidedPlanning, status=request, vehicleId=0x7665682d303234, requestedHorizonMs=2500, confidence=100, planning.waypoints=1, offloadTaskId=udp-probe-267, offloadPayload=1024 bytes}"
5g-udp-sender,1786031517195216676,edge4av-real-20260806-airspan-followup-run-1,c4-rep1-udp,airspan-followup-70-20-10,guided-planning,udp,veh-024,veh-024,rsu-1,c4-rep1-udp-veh-024-268,ipi-session-1,airspan-followup-c4-rep1,veh-024,268,100-clients,default,stationary,unsynced,true,true,payload_bytes,1024,bytes,IPI-CooperativeService,1103,1786031517091034220,1786031343241853071,1786031343241895400,1786031517195216676,104.182,,0.042,173953.321,"CooperativeService{guidedPlanning, status=request, vehicleId=0x7665682d303234, requestedHorizonMs=2500, confidence=100, planning.waypoints=1, offloadTaskId=udp-probe-268, offloadPayload=1024 bytes}"
5g-udp-sender,1786031517446967852,edge4av-real-20260806-airspan-followup-run-1,c4-rep1-udp,airspan-followup-70-20-10,guided-planning,udp,veh-024,veh-024,rsu-1,c4-rep1-udp-veh-024-269,ipi-session-1,airspan-followup-c4-rep1,veh-024,269,100-clients,default,stationary,unsynced,true,true,payload_bytes,1024,bytes,IPI-CooperativeService,1103,1786031517395505733,1786031343492801601,1786031343492832335,1786031517446967852,51.462,,0.031,173954.136,"CooperativeService{guidedPlanning, status=request, vehicleId=0x7665682d303234, requestedHorizonMs=2500, confidence=100, planning.waypoints=1, offloadTaskId=udp-probe-269, offloadPayload=1024 bytes}"
5g-udp-sender,1786031517727117841,edge4av-real-20260806-airspan-followup-run-1,c4-rep1-udp,airspan-followup-70-20-10,guided-planning,udp,veh-024,veh-024,rsu-1,c4-rep1-udp-veh-024-270,ipi-session-1,airspan-followup-c4-rep1,veh-024,270,100-clients,default,stationary,unsynced,true,true,payload_bytes,1024,bytes,IPI-CooperativeService,1103,1786031517647379023,1786031343772721886,1786031343772773980,1786031517727117841,79.739,,0.052,173954.344,"CooperativeService{guidedPlanning, status=request, vehicleId=0x7665682d303234, requestedHorizonMs=2500, confidence=100, planning.waypoints=1, offloadTaskId=udp-probe-270, offloadPayload=1024 bytes}"
5g-udp-sender,1786031518050882381,edge4av-real-20260806-airspan-followup-run-1,c4-rep1-udp,airspan-followup-70-20-10,guided-planning,udp,veh-024,veh-024,rsu-1,c4-rep1-udp-veh-024-271,ipi-session-1,airspan-followup-c4-rep1,veh-024,271,100-clients,default,stationary,unsynced,true,true,payload_bytes,1024,bytes,IPI-CooperativeService,1103,1786031517927357831,1786031344093909553,1786031344093935467,1786031518050882381,123.525,,0.026,173956.947,"CooperativeService{guidedPlanning, status=request, vehicleId=0x7665682d303234, requestedHorizonMs=2500, confidence=100, planning.waypoints=1, offloadTaskId=udp-probe-271, offloadPayload=1024 bytes}"
5g-udp-sender,1786031518340931336,edge4av-real-20260806-airspan-followup-run-1,c4-rep1-udp,airspan-followup-70-20-10,guided-planning,udp,veh-024,veh-024,rsu-1,c4-rep1-udp-veh-024-272,ipi-session-1,airspan-followup-c4-rep1,veh-024,272,100-clients,default,stationary,unsynced,true,true,payload_bytes,1024,bytes,IPI-CooperativeService,1103,1786031518251084953,1786031344383830155,1786031344383853201,1786031518340931336,89.846,,0.023,173957.078,"CooperativeService{guidedPlanning, status=request, vehicleId=0x7665682d303234, requestedHorizonMs=2500, confidence=100, planning.waypoints=1, offloadTaskId=udp-probe-272, offloadPayload=1024 bytes}"
5g-udp-sender,1786031518685024561,edge4av-real-20260806-airspan-followup-run-1,c4-rep1-udp,airspan-followup-70-20-10,guided-planning,udp,veh-024,veh-024,rsu-1,c4-rep1-udp-veh-024-273,ipi-session-1,airspan-followup-c4-rep1,veh-024,273,100-clients,default,stationary,unsynced,true,true,payload_bytes,1024,bytes,IPI-CooperativeService,1103,1786031518541126709,1786031344724403166,1786031344724416578,1786031518685024561,143.898,,0.013,173960.608,"CooperativeService{guidedPlanning, status=request, vehicleId=0x7665682d303234, requestedHorizonMs=2500, confidence=100, planning.waypoints=1, offloadTaskId=udp-probe-273, offloadPayload=1024 bytes}"
5g-udp-sender,1786031519030968429,edge4av-real-20260806-airspan-followup-run-1,c4-rep1-udp,airspan-followup-70-20-10,guided-planning,udp,veh-024,veh-024,rsu-1,c4-rep1-udp-veh-024-274,ipi-session-1,airspan-followup-c4-rep1,veh-024,274,100-clients,default,stationary,unsynced,true,true,payload_bytes,1024,bytes,IPI-CooperativeService,1103,1786031518885190190,1786031345075326118,1786031345075357203,1786031519030968429,145.778,,0.031,173955.611,"CooperativeService{guidedPlanning, status=request, vehicleId=0x7665682d303234, requestedHorizonMs=2500, confidence=100, planning.waypoints=1, offloadTaskId=udp-probe-274, offloadPayload=1024 bytes}"
5g-udp-sender,1786031519354965963,edge4av-real-20260806-airspan-followup-run-1,c4-rep1-udp,airspan-followup-70-20-10,guided-planning,udp,veh-024,veh-024,rsu-1,c4-rep1-udp-veh-024-275,ipi-session-1,airspan-followup-c4-rep1,veh-024,275,100-clients,default,stationary,unsynced,true,true,payload_bytes,1024,bytes,IPI-CooperativeService,1103,1786031519231160368,1786031345395998955,1786031345396019233,1786031519354965963,123.806,,0.020,173958.947,"CooperativeService{guidedPlanning, status=request, vehicleId=0x7665682d303234, requestedHorizonMs=2500, confidence=100, planning.waypoints=1, offloadTaskId=udp-probe-275, offloadPayload=1024 bytes}"
5g-udp-sender,1786031519706967665,edge4av-real-20260806-airspan-followup-run-1,c4-rep1-udp,airspan-followup-70-20-10,guided-planning,udp,veh-024,veh-024,rsu-1,c4-rep1-udp-veh-024-276,ipi-session-1,airspan-followup-c4-rep1,veh-024,276,100-clients,default,stationary,unsynced,true,true,payload_bytes,1024,bytes,IPI-CooperativeService,1103,1786031519555212357,1786031345746566264,1786031345746597040,1786031519706967665,151.755,,0.031,173960.371,"CooperativeService{guidedPlanning, status=request, vehicleId=0x7665682d303234, requestedHorizonMs=2500, confidence=100, planning.waypoints=1, offloadTaskId=udp-probe-276, offloadPayload=1024 bytes}"
5g-udp-sender,1786031520006997384,edge4av-real-20260806-airspan-followup-run-1,c4-rep1-udp,airspan-followup-70-20-10,guided-planning,udp,veh-024,veh-024,rsu-1,c4-rep1-udp-veh-024-277,ipi-session-1,airspan-followup-c4-rep1,veh-024,277,100-clients,default,stationary,unsynced,true,true,payload_bytes,1024,bytes,IPI-CooperativeService,1103,1786031519907169867,1786031346046806932,1786031346046838379,1786031520006997384,99.828,,0.031,173960.159,"CooperativeService{guidedPlanning, status=request, vehicleId=0x7665682d303234, requestedHorizonMs=2500, confidence=100, planning.waypoints=1, offloadTaskId=udp-probe-277, offloadPayload=1024 bytes}"
5g-udp-sender,1786031520292845821,edge4av-real-20260806-airspan-followup-run-1,c4-rep1-udp,airspan-followup-70-20-10,guided-planning,udp,veh-024,veh-024,rsu-1,c4-rep1-udp-veh-024-278,ipi-session-1,airspan-followup-c4-rep1,veh-024,278,100-clients,default,stationary,unsynced,true,true,payload_bytes,1024,bytes,IPI-CooperativeService,1103,1786031520207174694,1786031346337071518,1786031346337079676,1786031520292845821,85.671,,0.008,173955.766,"CooperativeService{guidedPlanning, status=request, vehicleId=0x7665682d303234, requestedHorizonMs=2500, confidence=100, planning.waypoints=1, offloadTaskId=udp-probe-278, offloadPayload=1024 bytes}"
5g-udp-sender,1786031520604925034,edge4av-real-20260806-airspan-followup-run-1,c4-rep1-udp,airspan-followup-70-20-10,guided-planning,udp,veh-024,veh-024,rsu-1,c4-rep1-udp-veh-024-279,ipi-session-1,airspan-followup-c4-rep1,veh-024,279,100-clients,default,stationary,unsynced,true,true,payload_bytes,1024,bytes,IPI-CooperativeService,1103,1786031520493035023,1786031346647923277,1786031346647949156,1786031520604925034,111.890,,0.026,173956.976,"CooperativeService{guidedPlanning, status=request, vehicleId=0x7665682d303234, requestedHorizonMs=2500, confidence=100, planning.waypoints=1, offloadTaskId=udp-probe-279, offloadPayload=1024 bytes}"
5g-udp-sender,1786031520850678099,edge4av-real-20260806-airspan-followup-run-1,c4-rep1-udp,airspan-followup-70-20-10,guided-planning,udp,veh-024,veh-024,rsu-1,c4-rep1-udp-veh-024-280,ipi-session-1,airspan-followup-c4-rep1,veh-024,280,100-clients,default,stationary,unsynced,true,true,payload_bytes,1024,bytes,IPI-CooperativeService,1103,1786031520805064717,1786031346897985687,1786031346898037785,1786031520850678099,45.613,,0.052,173952.640,"CooperativeService{guidedPlanning, status=request, vehicleId=0x7665682d303234, requestedHorizonMs=2500, confidence=100, planning.waypoints=1, offloadTaskId=udp-probe-280, offloadPayload=1024 bytes}"
5g-udp-sender,1786031521118952848,edge4av-real-20260806-airspan-followup-run-1,c4-rep1-udp,airspan-followup-70-20-10,guided-planning,udp,veh-024,veh-024,rsu-1,c4-rep1-udp-veh-024-281,ipi-session-1,airspan-followup-c4-rep1,veh-024,281,100-clients,default,stationary,unsynced,true,true,payload_bytes,1024,bytes,IPI-CooperativeService,1103,1786031521050865194,1786031347158679874,1786031347158706098,1786031521118952848,68.088,,0.026,173960.247,"CooperativeService{guidedPlanning, status=request, vehicleId=0x7665682d303234, requestedHorizonMs=2500, confidence=100, planning.waypoints=1, offloadTaskId=udp-probe-281, offloadPayload=1024 bytes}"
5g-udp-sender,1786031521398937980,edge4av-real-20260806-airspan-followup-run-1,c4-rep1-udp,airspan-followup-70-20-10,guided-planning,udp,veh-024,veh-024,rsu-1,c4-rep1-udp-veh-024-282,ipi-session-1,airspan-followup-c4-rep1,veh-024,282,100-clients,default,stationary,unsynced,true,true,payload_bytes,1024,bytes,IPI-CooperativeService,1103,1786031521319151043,1786031347439006801,1786031347439033534,1786031521398937980,79.787,,0.027,173959.904,"CooperativeService{guidedPlanning, status=request, vehicleId=0x7665682d303234, requestedHorizonMs=2500, confidence=100, planning.waypoints=1, offloadTaskId=udp-probe-282, offloadPayload=1024 bytes}"
5g-udp-sender,1786031521705261755,edge4av-real-20260806-airspan-followup-run-1,c4-rep1-udp,airspan-followup-70-20-10,guided-planning,udp,veh-024,veh-024,rsu-1,c4-rep1-udp-veh-024-283,ipi-session-1,airspan-followup-c4-rep1,veh-024,283,100-clients,default,stationary,unsynced,true,true,payload_bytes,1024,bytes,IPI-CooperativeService,1103,1786031521599121738,1786031347749443555,1786031347749468474,1786031521705261755,106.140,,0.025,173955.793,"CooperativeService{guidedPlanning, status=request, vehicleId=0x7665682d303234, requestedHorizonMs=2500, confidence=100, planning.waypoints=1, offloadTaskId=udp-probe-283, offloadPayload=1024 bytes}"
5g-udp-sender,1786031522065001247,edge4av-real-20260806-airspan-followup-run-1,c4-rep1-udp,airspan-followup-70-20-10,guided-planning,udp,veh-024,veh-024,rsu-1,c4-rep1-udp-veh-024-284,ipi-session-1,airspan-followup-c4-rep1,veh-024,284,100-clients,default,stationary,unsynced,true,true,payload_bytes,1024,bytes,IPI-CooperativeService,1103,1786031521905538154,1786031348109821581,1786031348109884085,1786031522065001247,159.463,,0.063,173955.117,"CooperativeService{guidedPlanning, status=request, vehicleId=0x7665682d303234, requestedHorizonMs=2500, confidence=100, planning.waypoints=1, offloadTaskId=udp-probe-284, offloadPayload=1024 bytes}"
5g-udp-sender,1786031522388984605,edge4av-real-20260806-airspan-followup-run-1,c4-rep1-udp,airspan-followup-70-20-10,guided-planning,udp,veh-024,veh-024,rsu-1,c4-rep1-udp-veh-024-285,ipi-session-1,airspan-followup-c4-rep1,veh-024,285,100-clients,default,stationary,unsynced,true,true,payload_bytes,1024,bytes,IPI-CooperativeService,1103,1786031522265246468,1786031348430013032,1786031348430021950,1786031522388984605,123.738,,0.009,173958.963,"CooperativeService{guidedPlanning, status=request, vehicleId=0x7665682d303234, requestedHorizonMs=2500, confidence=100, planning.waypoints=1, offloadTaskId=udp-probe-285, offloadPayload=1024 bytes}"
5g-udp-sender,1786031522707034743,edge4av-real-20260806-airspan-followup-run-1,c4-rep1-udp,airspan-followup-70-20-10,guided-planning,udp,veh-024,veh-024,rsu-1,c4-rep1-udp-veh-024-286,ipi-session-1,airspan-followup-c4-rep1,veh-024,286,100-clients,default,stationary,unsynced,true,true,payload_bytes,1024,bytes,IPI-CooperativeService,1103,1786031522589179167,1786031348750662996,1786031348750714369,1786031522707034743,117.856,,0.051,173956.320,"CooperativeService{guidedPlanning, status=request, vehicleId=0x7665682d303234, requestedHorizonMs=2500, confidence=100, planning.waypoints=1, offloadTaskId=udp-probe-286, offloadPayload=1024 bytes}"
5g-udp-sender,1786031523021057988,edge4av-real-20260806-airspan-followup-run-1,c4-rep1-udp,airspan-followup-70-20-10,guided-planning,udp,veh-024,veh-024,rsu-1,c4-rep1-udp-veh-024-287,ipi-session-1,airspan-followup-c4-rep1,veh-024,287,100-clients,default,stationary,unsynced,true,true,payload_bytes,1024,bytes,IPI-CooperativeService,1103,1786031522907213764,1786031349061220132,1786031349061245606,1786031523021057988,113.844,,0.025,173959.812,"CooperativeService{guidedPlanning, status=request, vehicleId=0x7665682d303234, requestedHorizonMs=2500, confidence=100, planning.waypoints=1, offloadTaskId=udp-probe-287, offloadPayload=1024 bytes}"
5g-udp-sender,1786031523374854087,edge4av-real-20260806-airspan-followup-run-1,c4-rep1-udp,airspan-followup-70-20-10,guided-planning,udp,veh-024,veh-024,rsu-1,c4-rep1-udp-veh-024-288,ipi-session-1,airspan-followup-c4-rep1,veh-024,288,100-clients,default,stationary,unsynced,true,true,payload_bytes,1024,bytes,IPI-CooperativeService,1103,1786031523221217303,1786031349412111101,1786031349412136060,1786031523374854087,153.637,,0.025,173962.718,"CooperativeService{guidedPlanning, status=request, vehicleId=0x7665682d303234, requestedHorizonMs=2500, confidence=100, planning.waypoints=1, offloadTaskId=udp-probe-288, offloadPayload=1024 bytes}"
5g-udp-sender,1786031523678923157,edge4av-real-20260806-airspan-followup-run-1,c4-rep1-udp,airspan-followup-70-20-10,guided-planning,udp,veh-024,veh-024,rsu-1,c4-rep1-udp-veh-024-289,ipi-session-1,airspan-followup-c4-rep1,veh-024,289,100-clients,default,stationary,unsynced,true,true,payload_bytes,1024,bytes,IPI-CooperativeService,1103,1786031523575030602,1786031349722403444,1786031349722428883,1786031523678923157,103.893,,0.025,173956.494,"CooperativeService{guidedPlanning, status=request, vehicleId=0x7665682d303234, requestedHorizonMs=2500, confidence=100, planning.waypoints=1, offloadTaskId=udp-probe-289, offloadPayload=1024 bytes}"
5g-udp-sender,1786031523995694225,edge4av-real-20260806-airspan-followup-run-1,c4-rep1-udp,airspan-followup-70-20-10,guided-planning,udp,veh-024,veh-024,rsu-1,c4-rep1-udp-veh-024-290,ipi-session-1,airspan-followup-c4-rep1,veh-024,290,100-clients,default,stationary,unsynced,true,true,payload_bytes,1024,bytes,IPI-CooperativeService,1103,1786031523879115919,1786031350042434125,1786031350042485412,1786031523995694225,116.578,,0.051,173953.209,"CooperativeService{guidedPlanning, status=request, vehicleId=0x7665682d303234, requestedHorizonMs=2500, confidence=100, planning.waypoints=1, offloadTaskId=udp-probe-290, offloadPayload=1024 bytes}"
5g-udp-sender,1786031524320938542,edge4av-real-20260806-airspan-followup-run-1,c4-rep1-udp,airspan-followup-70-20-10,guided-planning,udp,veh-024,veh-024,rsu-1,c4-rep1-udp-veh-024-291,ipi-session-1,airspan-followup-c4-rep1,veh-024,291,100-clients,default,stationary,unsynced,true,true,payload_bytes,1024,bytes,IPI-CooperativeService,1103,1786031524195854821,1786031350362970796,1786031350362999498,1786031524320938542,125.084,,0.029,173957.939,"CooperativeService{guidedPlanning, status=request, vehicleId=0x7665682d303234, requestedHorizonMs=2500, confidence=100, planning.waypoints=1, offloadTaskId=udp-probe-291, offloadPayload=1024 bytes}"
5g-udp-sender,1786031524649654693,edge4av-real-20260806-airspan-followup-run-1,c4-rep1-udp,airspan-followup-70-20-10,guided-planning,udp,veh-024,veh-024,rsu-1,c4-rep1-udp-veh-024-292,ipi-session-1,airspan-followup-c4-rep1,veh-024,292,100-clients,default,stationary,unsynced,true,true,payload_bytes,1024,bytes,IPI-CooperativeService,1103,1786031524521112106,1786031350693574390,1786031350693618720,1786031524649654693,128.543,,0.044,173956.036,"CooperativeService{guidedPlanning, status=request, vehicleId=0x7665682d303234, requestedHorizonMs=2500, confidence=100, planning.waypoints=1, offloadTaskId=udp-probe-292, offloadPayload=1024 bytes}"
5g-udp-sender,1786031525014996897,edge4av-real-20260806-airspan-followup-run-1,c4-rep1-udp,airspan-followup-70-20-10,guided-planning,udp,veh-024,veh-024,rsu-1,c4-rep1-udp-veh-024-293,ipi-session-1,airspan-followup-c4-rep1,veh-024,293,100-clients,default,stationary,unsynced,true,true,payload_bytes,1024,bytes,IPI-CooperativeService,1103,1786031524849785274,1786031351054247010,1786031351054278512,1786031525014996897,165.212,,0.032,173960.718,"CooperativeService{guidedPlanning, status=request, vehicleId=0x7665682d303234, requestedHorizonMs=2500, confidence=100, planning.waypoints=1, offloadTaskId=udp-probe-293, offloadPayload=1024 bytes}"
5g-udp-sender,1786031525371023107,edge4av-real-20260806-airspan-followup-run-1,c4-rep1-udp,airspan-followup-70-20-10,guided-planning,udp,veh-024,veh-024,rsu-1,c4-rep1-udp-veh-024-294,ipi-session-1,airspan-followup-c4-rep1,veh-024,294,100-clients,default,stationary,unsynced,true,true,payload_bytes,1024,bytes,IPI-CooperativeService,1103,1786031525215275694,1786031351414829316,1786031351414859141,1786031525371023107,155.747,,0.030,173956.164,"CooperativeService{guidedPlanning, status=request, vehicleId=0x7665682d303234, requestedHorizonMs=2500, confidence=100, planning.waypoints=1, offloadTaskId=udp-probe-294, offloadPayload=1024 bytes}"
5g-udp-sender,1786031525695039196,edge4av-real-20260806-airspan-followup-run-1,c4-rep1-udp,airspan-followup-70-20-10,guided-planning,udp,veh-024,veh-024,rsu-1,c4-rep1-udp-veh-024-295,ipi-session-1,airspan-followup-c4-rep1,veh-024,295,100-clients,default,stationary,unsynced,true,true,payload_bytes,1024,bytes,IPI-CooperativeService,1103,1786031525571143704,1786031351735390706,1786031351735406154,1786031525695039196,123.895,,0.015,173959.633,"CooperativeService{guidedPlanning, status=request, vehicleId=0x7665682d303234, requestedHorizonMs=2500, confidence=100, planning.waypoints=1, offloadTaskId=udp-probe-295, offloadPayload=1024 bytes}"
5g-udp-sender,1786031525982986444,edge4av-real-20260806-airspan-followup-run-1,c4-rep1-udp,airspan-followup-70-20-10,guided-planning,udp,veh-024,veh-024,rsu-1,c4-rep1-udp-veh-024-296,ipi-session-1,airspan-followup-c4-rep1,veh-024,296,100-clients,default,stationary,unsynced,true,true,payload_bytes,1024,bytes,IPI-CooperativeService,1103,1786031525895256009,1786031352025924735,1786031352026213250,1786031525982986444,87.730,,0.289,173956.773,"CooperativeService{guidedPlanning, status=request, vehicleId=0x7665682d303234, requestedHorizonMs=2500, confidence=100, planning.waypoints=1, offloadTaskId=udp-probe-296, offloadPayload=1024 bytes}"
5g-udp-sender,1786031526235086399,edge4av-real-20260806-airspan-followup-run-1,c4-rep1-udp,airspan-followup-70-20-10,guided-planning,udp,veh-024,veh-024,rsu-1,c4-rep1-udp-veh-024-297,ipi-session-1,airspan-followup-c4-rep1,veh-024,297,100-clients,default,stationary,unsynced,true,true,payload_bytes,1024,bytes,IPI-CooperativeService,1103,1786031526183139500,1786031352276207300,1786031352276241506,1786031526235086399,51.947,,0.034,173958.845,"CooperativeService{guidedPlanning, status=request, vehicleId=0x7665682d303234, requestedHorizonMs=2500, confidence=100, planning.waypoints=1, offloadTaskId=udp-probe-297, offloadPayload=1024 bytes}"
5g-udp-sender,1786031526491133037,edge4av-real-20260806-airspan-followup-run-1,c4-rep1-udp,airspan-followup-70-20-10,guided-planning,udp,veh-024,veh-024,rsu-1,c4-rep1-udp-veh-024-298,ipi-session-1,airspan-followup-c4-rep1,veh-024,298,100-clients,default,stationary,unsynced,true,true,payload_bytes,1024,bytes,IPI-CooperativeService,1103,1786031526435263899,1786031352526606377,1786031352526635273,1786031526491133037,55.869,,0.029,173964.498,"CooperativeService{guidedPlanning, status=request, vehicleId=0x7665682d303234, requestedHorizonMs=2500, confidence=100, planning.waypoints=1, offloadTaskId=udp-probe-298, offloadPayload=1024 bytes}"
5g-udp-sender,1786031526805017584,edge4av-real-20260806-airspan-followup-run-1,c4-rep1-udp,airspan-followup-70-20-10,guided-planning,udp,veh-024,veh-024,rsu-1,c4-rep1-udp-veh-024-299,ipi-session-1,airspan-followup-c4-rep1,veh-024,299,100-clients,default,stationary,unsynced,true,true,payload_bytes,1024,bytes,IPI-CooperativeService,1103,1786031526691296713,1786031352847119795,1786031352847136109,1786031526805017584,113.721,,0.016,173957.881,"CooperativeService{guidedPlanning, status=request, vehicleId=0x7665682d303234, requestedHorizonMs=2500, confidence=100, planning.waypoints=1, offloadTaskId=udp-probe-299, offloadPayload=1024 bytes}"
5g-udp-sender,1786031527043065781,edge4av-real-20260806-airspan-followup-run-1,c4-rep1-udp,airspan-followup-70-20-10,guided-planning,udp,veh-024,veh-024,rsu-1,c4-rep1-udp-veh-024-300,ipi-session-1,airspan-followup-c4-rep1,veh-024,300,100-clients,default,stationary,unsynced,true,true,payload_bytes,1024,bytes,IPI-CooperativeService,1103,1786031527005246320,1786031353087696826,1786031353087722025,1786031527043065781,37.819,,0.025,173955.344,"CooperativeService{guidedPlanning, status=request, vehicleId=0x7665682d303234, requestedHorizonMs=2500, confidence=100, planning.waypoints=1, offloadTaskId=udp-probe-300, offloadPayload=1024 bytes}"
5g-udp-sender,1786031527281106413,edge4av-real-20260806-airspan-followup-run-1,c4-rep1-udp,airspan-followup-70-20-10,guided-planning,udp,veh-024,veh-024,rsu-1,c4-rep1-udp-veh-024-301,ipi-session-1,airspan-followup-c4-rep1,veh-024,301,100-clients,default,stationary,unsynced,true,true,payload_bytes,1024,bytes,IPI-CooperativeService,1103,1786031527243226340,1786031353327479470,1786031353327531312,1786031527281106413,37.880,,0.052,173953.575,"CooperativeService{guidedPlanning, status=request, vehicleId=0x7665682d303234, requestedHorizonMs=2500, confidence=100, planning.waypoints=1, offloadTaskId=udp-probe-301, offloadPayload=1024 bytes}"
5g-udp-sender,1786031527527053235,edge4av-real-20260806-airspan-followup-run-1,c4-rep1-udp,airspan-followup-70-20-10,guided-planning,udp,veh-024,veh-024,rsu-1,c4-rep1-udp-veh-024-302,ipi-session-1,airspan-followup-c4-rep1,veh-024,302,100-clients,default,stationary,unsynced,true,true,payload_bytes,1024,bytes,IPI-CooperativeService,1103,1786031527481233066,1786031353568263083,1786031353568294158,1786031527527053235,45.820,,0.031,173958.759,"CooperativeService{guidedPlanning, status=request, vehicleId=0x7665682d303234, requestedHorizonMs=2500, confidence=100, planning.waypoints=1, offloadTaskId=udp-probe-302, offloadPayload=1024 bytes}"
5g-udp-sender,1786031527781086031,edge4av-real-20260806-airspan-followup-run-1,c4-rep1-udp,airspan-followup-70-20-10,guided-planning,udp,veh-024,veh-024,rsu-1,c4-rep1-udp-veh-024-303,ipi-session-1,airspan-followup-c4-rep1,veh-024,303,100-clients,default,stationary,unsynced,true,true,payload_bytes,1024,bytes,IPI-CooperativeService,1103,1786031527727258255,1786031353828177160,1786031353828196763,1786031527781086031,53.828,,0.020,173952.889,"CooperativeService{guidedPlanning, status=request, vehicleId=0x7665682d303234, requestedHorizonMs=2500, confidence=100, planning.waypoints=1, offloadTaskId=udp-probe-303, offloadPayload=1024 bytes}"
5g-udp-sender,1786031528026982856,edge4av-real-20260806-airspan-followup-run-1,c4-rep1-udp,airspan-followup-70-20-10,guided-planning,udp,veh-024,veh-024,rsu-1,c4-rep1-udp-veh-024-304,ipi-session-1,airspan-followup-c4-rep1,veh-024,304,100-clients,default,stationary,unsynced,true,true,payload_bytes,1024,bytes,IPI-CooperativeService,1103,1786031527981268377,1786031354068680027,1786031354068732018,1786031528026982856,45.714,,0.052,173958.251,"CooperativeService{guidedPlanning, status=request, vehicleId=0x7665682d303234, requestedHorizonMs=2500, confidence=100, planning.waypoints=1, offloadTaskId=udp-probe-304, offloadPayload=1024 bytes}"
5g-udp-sender,1786031528289022566,edge4av-real-20260806-airspan-followup-run-1,c4-rep1-udp,airspan-followup-70-20-10,guided-planning,udp,veh-024,veh-024,rsu-1,c4-rep1-udp-veh-024-305,ipi-session-1,airspan-followup-c4-rep1,veh-024,305,100-clients,default,stationary,unsynced,true,true,payload_bytes,1024,bytes,IPI-CooperativeService,1103,1786031528227116920,1786031354328790496,1786031354328818641,1786031528289022566,61.906,,0.028,173960.204,"CooperativeService{guidedPlanning, status=request, vehicleId=0x7665682d303234, requestedHorizonMs=2500, confidence=100, planning.waypoints=1, offloadTaskId=udp-probe-305, offloadPayload=1024 bytes}"
5g-udp-sender,1786031528525178946,edge4av-real-20260806-airspan-followup-run-1,c4-rep1-udp,airspan-followup-70-20-10,guided-planning,udp,veh-024,veh-024,rsu-1,c4-rep1-udp-veh-024-306,ipi-session-1,airspan-followup-c4-rep1,veh-024,306,100-clients,default,stationary,unsynced,true,true,payload_bytes,1024,bytes,IPI-CooperativeService,1103,1786031528489156348,1786031354569578027,1786031354569603525,1786031528525178946,36.023,,0.025,173955.575,"CooperativeService{guidedPlanning, status=request, vehicleId=0x7665682d303234, requestedHorizonMs=2500, confidence=100, planning.waypoints=1, offloadTaskId=udp-probe-306, offloadPayload=1024 bytes}"
5g-udp-sender,1786031528797024106,edge4av-real-20260806-airspan-followup-run-1,c4-rep1-udp,airspan-followup-70-20-10,guided-planning,udp,veh-024,veh-024,rsu-1,c4-rep1-udp-veh-024-307,ipi-session-1,airspan-followup-c4-rep1,veh-024,307,100-clients,default,stationary,unsynced,true,true,payload_bytes,1024,bytes,IPI-CooperativeService,1103,1786031528725369928,1786031354839950161,1786031354839978110,1786031528797024106,71.654,,0.028,173957.046,"CooperativeService{guidedPlanning, status=request, vehicleId=0x7665682d303234, requestedHorizonMs=2500, confidence=100, planning.waypoints=1, offloadTaskId=udp-probe-307, offloadPayload=1024 bytes}"
5g-udp-sender,1786031529091073088,edge4av-real-20260806-airspan-followup-run-1,c4-rep1-udp,airspan-followup-70-20-10,guided-planning,udp,veh-024,veh-024,rsu-1,c4-rep1-udp-veh-024-308,ipi-session-1,airspan-followup-c4-rep1,veh-024,308,100-clients,default,stationary,unsynced,true,true,payload_bytes,1024,bytes,IPI-CooperativeService,1103,1786031528997213938,1786031355130473266,1786031355130501685,1786031529091073088,93.859,,0.028,173960.571,"CooperativeService{guidedPlanning, status=request, vehicleId=0x7665682d303234, requestedHorizonMs=2500, confidence=100, planning.waypoints=1, offloadTaskId=udp-probe-308, offloadPayload=1024 bytes}"
5g-udp-sender,1786031529354684603,edge4av-real-20260806-airspan-followup-run-1,c4-rep1-udp,airspan-followup-70-20-10,guided-planning,udp,veh-024,veh-024,rsu-1,c4-rep1-udp-veh-024-309,ipi-session-1,airspan-followup-c4-rep1,veh-024,309,100-clients,default,stationary,unsynced,true,true,payload_bytes,1024,bytes,IPI-CooperativeService,1103,1786031529291207496,1786031355400742225,1786031355400797333,1786031529354684603,63.477,,0.055,173953.887,"CooperativeService{guidedPlanning, status=request, vehicleId=0x7665682d303234, requestedHorizonMs=2500, confidence=100, planning.waypoints=1, offloadTaskId=udp-probe-309, offloadPayload=1024 bytes}"
5g-udp-sender,1786031529619013098,edge4av-real-20260806-airspan-followup-run-1,c4-rep1-udp,airspan-followup-70-20-10,guided-planning,udp,veh-024,veh-024,rsu-1,c4-rep1-udp-veh-024-310,ipi-session-1,airspan-followup-c4-rep1,veh-024,310,100-clients,default,stationary,unsynced,true,true,payload_bytes,1024,bytes,IPI-CooperativeService,1103,1786031529554841010,1786031355661152348,1786031355661181217,1786031529619013098,64.172,,0.029,173957.832,"CooperativeService{guidedPlanning, status=request, vehicleId=0x7665682d303234, requestedHorizonMs=2500, confidence=100, planning.waypoints=1, offloadTaskId=udp-probe-310, offloadPayload=1024 bytes}"
5g-udp-sender,1786031529939688463,edge4av-real-20260806-airspan-followup-run-1,c4-rep1-udp,airspan-followup-70-20-10,guided-planning,udp,veh-024,veh-024,rsu-1,c4-rep1-udp-veh-024-311,ipi-session-1,airspan-followup-c4-rep1,veh-024,311,100-clients,default,stationary,unsynced,true,true,payload_bytes,1024,bytes,IPI-CooperativeService,1103,1786031529819169845,1786031355981816080,1786031355981844624,1786031529939688463,120.519,,0.029,173957.844,"CooperativeService{guidedPlanning, status=request, vehicleId=0x7665682d303234, requestedHorizonMs=2500, confidence=100, planning.waypoints=1, offloadTaskId=udp-probe-311, offloadPayload=1024 bytes}"
5g-udp-sender,1786031530247072401,edge4av-real-20260806-airspan-followup-run-1,c4-rep1-udp,airspan-followup-70-20-10,guided-planning,udp,veh-024,veh-024,rsu-1,c4-rep1-udp-veh-024-312,ipi-session-1,airspan-followup-c4-rep1,veh-024,312,100-clients,default,stationary,unsynced,true,true,payload_bytes,1024,bytes,IPI-CooperativeService,1103,1786031530139923648,1786031356292450623,1786031356292480771,1786031530247072401,107.149,,0.030,173954.592,"CooperativeService{guidedPlanning, status=request, vehicleId=0x7665682d303234, requestedHorizonMs=2500, confidence=100, planning.waypoints=1, offloadTaskId=udp-probe-312, offloadPayload=1024 bytes}"
5g-udp-sender,1786031530553068198,edge4av-real-20260806-airspan-followup-run-1,c4-rep1-udp,airspan-followup-70-20-10,guided-planning,udp,veh-024,veh-024,rsu-1,c4-rep1-udp-veh-024-313,ipi-session-1,airspan-followup-c4-rep1,veh-024,313,100-clients,default,stationary,unsynced,true,true,payload_bytes,1024,bytes,IPI-CooperativeService,1103,1786031530448234032,1786031356592549431,1786031356592590642,1786031530553068198,104.834,,0.041,173960.478,"CooperativeService{guidedPlanning, status=request, vehicleId=0x7665682d303234, requestedHorizonMs=2500, confidence=100, planning.waypoints=1, offloadTaskId=udp-probe-313, offloadPayload=1024 bytes}"
5g-udp-sender,1786031536253462622,edge4av-real-20260806-airspan-followup-run-1,c4-rep1-udp,airspan-followup-70-20-10,guided-planning,udp,veh-024,veh-024,rsu-1,c4-rep1-udp-veh-024-314,ipi-session-1,airspan-followup-c4-rep1,veh-024,314,100-clients,default,stationary,unsynced,false,false,payload_bytes,1024,bytes,IPI-CooperativeService,1103,1786031530753290612,,,1786031536253462622,,,,,udp ack timeout
5g-udp-sender,1786031536501091512,edge4av-real-20260806-airspan-followup-run-1,c4-rep1-udp,airspan-followup-70-20-10,guided-planning,udp,veh-024,veh-024,rsu-1,c4-rep1-udp-veh-024-315,ipi-session-1,airspan-followup-c4-rep1,veh-024,315,100-clients,default,stationary,unsynced,true,true,payload_bytes,1024,bytes,IPI-CooperativeService,1103,1786031536453607527,1786031362533545048,1786031362533569141,1786031536501091512,47.484,,0.024,173967.522,"CooperativeService{guidedPlanning, status=request, vehicleId=0x7665682d303234, requestedHorizonMs=2500, confidence=100, planning.waypoints=1, offloadTaskId=udp-probe-315, offloadPayload=1024 bytes}"
5g-udp-sender,1786031536776960373,edge4av-real-20260806-airspan-followup-run-1,c4-rep1-udp,airspan-followup-70-20-10,guided-planning,udp,veh-024,veh-024,rsu-1,c4-rep1-udp-veh-024-316,ipi-session-1,airspan-followup-c4-rep1,veh-024,316,100-clients,default,stationary,unsynced,true,true,payload_bytes,1024,bytes,IPI-CooperativeService,1103,1786031536701306446,1786031362823357644,1786031362823368554,1786031536776960373,75.654,,0.011,173953.592,"CooperativeService{guidedPlanning, status=request, vehicleId=0x7665682d303234, requestedHorizonMs=2500, confidence=100, planning.waypoints=1, offloadTaskId=udp-probe-316, offloadPayload=1024 bytes}"
5g-udp-sender,1786031537101141529,edge4av-real-20260806-airspan-followup-run-1,c4-rep1-udp,airspan-followup-70-20-10,guided-planning,udp,veh-024,veh-024,rsu-1,c4-rep1-udp-veh-024-317,ipi-session-1,airspan-followup-c4-rep1,veh-024,317,100-clients,default,stationary,unsynced,true,true,payload_bytes,1024,bytes,IPI-CooperativeService,1103,1786031536977181735,1786031363144495180,1786031363144537116,1786031537101141529,123.960,,0.042,173956.604,"CooperativeService{guidedPlanning, status=request, vehicleId=0x7665682d303234, requestedHorizonMs=2500, confidence=100, planning.waypoints=1, offloadTaskId=udp-probe-317, offloadPayload=1024 bytes}"
5g-udp-sender,1786031537475208498,edge4av-real-20260806-airspan-followup-run-1,c4-rep1-udp,airspan-followup-70-20-10,guided-planning,udp,veh-024,veh-024,rsu-1,c4-rep1-udp-veh-024-318,ipi-session-1,airspan-followup-c4-rep1,veh-024,318,100-clients,default,stationary,unsynced,true,true,payload_bytes,1024,bytes,IPI-CooperativeService,1103,1786031537301266305,1786031363514943668,1786031363514972039,1786031537475208498,173.942,,0.028,173960.236,"CooperativeService{guidedPlanning, status=request, vehicleId=0x7665682d303234, requestedHorizonMs=2500, confidence=100, planning.waypoints=1, offloadTaskId=udp-probe-318, offloadPayload=1024 bytes}"
5g-udp-sender,1786031537829138772,edge4av-real-20260806-airspan-followup-run-1,c4-rep1-udp,airspan-followup-70-20-10,guided-planning,udp,veh-024,veh-024,rsu-1,c4-rep1-udp-veh-024-319,ipi-session-1,airspan-followup-c4-rep1,veh-024,319,100-clients,default,stationary,unsynced,true,true,payload_bytes,1024,bytes,IPI-CooperativeService,1103,1786031537675404274,1786031363875242620,1786031363875295312,1786031537829138772,153.734,,0.053,173953.843,"CooperativeService{guidedPlanning, status=request, vehicleId=0x7665682d303234, requestedHorizonMs=2500, confidence=100, planning.waypoints=1, offloadTaskId=udp-probe-319, offloadPayload=1024 bytes}"
5g-udp-sender,1786031538154897072,edge4av-real-20260806-airspan-followup-run-1,c4-rep1-udp,airspan-followup-70-20-10,guided-planning,udp,veh-024,veh-024,rsu-1,c4-rep1-udp-veh-024-320,ipi-session-1,airspan-followup-c4-rep1,veh-024,320,100-clients,default,stationary,unsynced,true,true,payload_bytes,1024,bytes,IPI-CooperativeService,1103,1786031538029313640,1786031364196241140,1786031364196269729,1786031538154897072,125.583,,0.029,173958.627,"CooperativeService{guidedPlanning, status=request, vehicleId=0x7665682d303234, requestedHorizonMs=2500, confidence=100, planning.waypoints=1, offloadTaskId=udp-probe-320, offloadPayload=1024 bytes}"
5g-udp-sender,1786031538435149761,edge4av-real-20260806-airspan-followup-run-1,c4-rep1-udp,airspan-followup-70-20-10,guided-planning,udp,veh-024,veh-024,rsu-1,c4-rep1-udp-veh-024-321,ipi-session-1,airspan-followup-c4-rep1,veh-024,321,100-clients,default,stationary,unsynced,true,true,payload_bytes,1024,bytes,IPI-CooperativeService,1103,1786031538355065370,1786031364476998126,1786031364477022562,1786031538435149761,80.084,,0.024,173958.127,"CooperativeService{guidedPlanning, status=request, vehicleId=0x7665682d303234, requestedHorizonMs=2500, confidence=100, planning.waypoints=1, offloadTaskId=udp-probe-321, offloadPayload=1024 bytes}"
5g-udp-sender,1786031538730975146,edge4av-real-20260806-airspan-followup-run-1,c4-rep1-udp,airspan-followup-70-20-10,guided-planning,udp,veh-024,veh-024,rsu-1,c4-rep1-udp-veh-024-322,ipi-session-1,airspan-followup-c4-rep1,veh-024,322,100-clients,default,stationary,unsynced,true,true,payload_bytes,1024,bytes,IPI-CooperativeService,1103,1786031538635355935,1786031364776847525,1786031364776900205,1786031538730975146,95.619,,0.053,173954.075,"CooperativeService{guidedPlanning, status=request, vehicleId=0x7665682d303234, requestedHorizonMs=2500, confidence=100, planning.waypoints=1, offloadTaskId=udp-probe-322, offloadPayload=1024 bytes}"
5g-udp-sender,1786031539080016140,edge4av-real-20260806-airspan-followup-run-1,c4-rep1-udp,airspan-followup-70-20-10,guided-planning,udp,veh-024,veh-024,rsu-1,c4-rep1-udp-veh-024-323,ipi-session-1,airspan-followup-c4-rep1,veh-024,323,100-clients,default,stationary,unsynced,true,true,payload_bytes,1024,bytes,IPI-CooperativeService,1103,1786031538931158564,1786031365127292297,1786031365127317800,1786031539080016140,148.858,,0.026,173952.698,"CooperativeService{guidedPlanning, status=request, vehicleId=0x7665682d303234, requestedHorizonMs=2500, confidence=100, planning.waypoints=1, offloadTaskId=udp-probe-323, offloadPayload=1024 bytes}"
5g-udp-sender,1786031539407226949,edge4av-real-20260806-airspan-followup-run-1,c4-rep1-udp,airspan-followup-70-20-10,guided-planning,udp,veh-024,veh-024,rsu-1,c4-rep1-udp-veh-024-324,ipi-session-1,airspan-followup-c4-rep1,veh-024,324,100-clients,default,stationary,unsynced,true,true,payload_bytes,1024,bytes,IPI-CooperativeService,1103,1786031539280184570,1786031365448432741,1786031365448442222,1786031539407226949,127.042,,0.009,173958.785,"CooperativeService{guidedPlanning, status=request, vehicleId=0x7665682d303234, requestedHorizonMs=2500, confidence=100, planning.waypoints=1, offloadTaskId=udp-probe-324, offloadPayload=1024 bytes}"
5g-udp-sender,1786031539704922085,edge4av-real-20260806-airspan-followup-run-1,c4-rep1-udp,airspan-followup-70-20-10,guided-planning,udp,veh-024,veh-024,rsu-1,c4-rep1-udp-veh-024-325,ipi-session-1,airspan-followup-c4-rep1,veh-024,325,100-clients,default,stationary,unsynced,true,true,payload_bytes,1024,bytes,IPI-CooperativeService,1103,1786031539607415323,1786031365748413154,1786031365748456482,1786031539704922085,97.507,,0.043,173956.466,"CooperativeService{guidedPlanning, status=request, vehicleId=0x7665682d303234, requestedHorizonMs=2500, confidence=100, planning.waypoints=1, offloadTaskId=udp-probe-325, offloadPayload=1024 bytes}"
5g-udp-sender,1786031540028937175,edge4av-real-20260806-airspan-followup-run-1,c4-rep1-udp,airspan-followup-70-20-10,guided-planning,udp,veh-024,veh-024,rsu-1,c4-rep1-udp-veh-024-326,ipi-session-1,airspan-followup-c4-rep1,veh-024,326,100-clients,default,stationary,unsynced,true,true,payload_bytes,1024,bytes,IPI-CooperativeService,1103,1786031539905048027,1786031366069479713,1786031366069504694,1786031540028937175,123.889,,0.025,173959.432,"CooperativeService{guidedPlanning, status=request, vehicleId=0x7665682d303234, requestedHorizonMs=2500, confidence=100, planning.waypoints=1, offloadTaskId=udp-probe-326, offloadPayload=1024 bytes}"
5g-udp-sender,1786031540319271940,edge4av-real-20260806-airspan-followup-run-1,c4-rep1-udp,airspan-followup-70-20-10,guided-planning,udp,veh-024,veh-024,rsu-1,c4-rep1-udp-veh-024-327,ipi-session-1,airspan-followup-c4-rep1,veh-024,327,100-clients,default,stationary,unsynced,true,true,payload_bytes,1024,bytes,IPI-CooperativeService,1103,1786031540229059767,1786031366359639360,1786031366359658451,1786031540319271940,90.212,,0.019,173959.613,"CooperativeService{guidedPlanning, status=request, vehicleId=0x7665682d303234, requestedHorizonMs=2500, confidence=100, planning.waypoints=1, offloadTaskId=udp-probe-327, offloadPayload=1024 bytes}"
5g-udp-sender,1786031540607167499,edge4av-real-20260806-airspan-followup-run-1,c4-rep1-udp,airspan-followup-70-20-10,guided-planning,udp,veh-024,veh-024,rsu-1,c4-rep1-udp-veh-024-328,ipi-session-1,airspan-followup-c4-rep1,veh-024,328,100-clients,default,stationary,unsynced,true,true,payload_bytes,1024,bytes,IPI-CooperativeService,1103,1786031540519572475,1786031366650366411,1786031366650418142,1786031540607167499,87.595,,0.052,173956.749,"CooperativeService{guidedPlanning, status=request, vehicleId=0x7665682d303234, requestedHorizonMs=2500, confidence=100, planning.waypoints=1, offloadTaskId=udp-probe-328, offloadPayload=1024 bytes}"
5g-udp-sender,1786031540879141122,edge4av-real-20260806-airspan-followup-run-1,c4-rep1-udp,airspan-followup-70-20-10,guided-planning,udp,veh-024,veh-024,rsu-1,c4-rep1-udp-veh-024-329,ipi-session-1,airspan-followup-c4-rep1,veh-024,329,100-clients,default,stationary,unsynced,true,true,payload_bytes,1024,bytes,IPI-CooperativeService,1103,1786031540807380636,1786031366921420520,1786031366921449154,1786031540879141122,71.760,,0.029,173957.692,"CooperativeService{guidedPlanning, status=request, vehicleId=0x7665682d303234, requestedHorizonMs=2500, confidence=100, planning.waypoints=1, offloadTaskId=udp-probe-329, offloadPayload=1024 bytes}"
5g-udp-sender,1786031541157109669,edge4av-real-20260806-airspan-followup-run-1,c4-rep1-udp,airspan-followup-70-20-10,guided-planning,udp,veh-024,veh-024,rsu-1,c4-rep1-udp-veh-024-330,ipi-session-1,airspan-followup-c4-rep1,veh-024,330,100-clients,default,stationary,unsynced,true,true,payload_bytes,1024,bytes,IPI-CooperativeService,1103,1786031541079289630,1786031367201737599,1786031367201767011,1786031541157109669,77.820,,0.029,173955.343,"CooperativeService{guidedPlanning, status=request, vehicleId=0x7665682d303234, requestedHorizonMs=2500, confidence=100, planning.waypoints=1, offloadTaskId=udp-probe-330, offloadPayload=1024 bytes}"
5g-udp-sender,1786031541467121348,edge4av-real-20260806-airspan-followup-run-1,c4-rep1-udp,airspan-followup-70-20-10,guided-planning,udp,veh-024,veh-024,rsu-1,c4-rep1-udp-veh-024-331,ipi-session-1,airspan-followup-c4-rep1,veh-024,331,100-clients,default,stationary,unsynced,true,true,payload_bytes,1024,bytes,IPI-CooperativeService,1103,1786031541357305889,1786031367512006756,1786031367512037535,1786031541467121348,109.815,,0.031,173955.084,"CooperativeService{guidedPlanning, status=request, vehicleId=0x7665682d303234, requestedHorizonMs=2500, confidence=100, planning.waypoints=1, offloadTaskId=udp-probe-331, offloadPayload=1024 bytes}"
5g-udp-sender,1786031541769079858,edge4av-real-20260806-airspan-followup-run-1,c4-rep1-udp,airspan-followup-70-20-10,guided-planning,udp,veh-024,veh-024,rsu-1,c4-rep1-udp-veh-024-332,ipi-session-1,airspan-followup-c4-rep1,veh-024,332,100-clients,default,stationary,unsynced,true,true,payload_bytes,1024,bytes,IPI-CooperativeService,1103,1786031541667339385,1786031367812170231,1786031367812239522,1786031541769079858,101.740,,0.069,173956.840,"CooperativeService{guidedPlanning, status=request, vehicleId=0x7665682d303234, requestedHorizonMs=2500, confidence=100, planning.waypoints=1, offloadTaskId=udp-probe-332, offloadPayload=1024 bytes}"
5g-udp-sender,1786031542090962798,edge4av-real-20260806-airspan-followup-run-1,c4-rep1-udp,airspan-followup-70-20-10,guided-planning,udp,veh-024,veh-024,rsu-1,c4-rep1-udp-veh-024-333,ipi-session-1,airspan-followup-c4-rep1,veh-024,333,100-clients,default,stationary,unsynced,true,true,payload_bytes,1024,bytes,IPI-CooperativeService,1103,1786031541969288201,1786031368133376176,1786031368133401520,1786031542090962798,121.675,,0.025,173957.561,"CooperativeService{guidedPlanning, status=request, vehicleId=0x7665682d303234, requestedHorizonMs=2500, confidence=100, planning.waypoints=1, offloadTaskId=udp-probe-333, offloadPayload=1024 bytes}"
5g-udp-sender,1786031542442989132,edge4av-real-20260806-airspan-followup-run-1,c4-rep1-udp,airspan-followup-70-20-10,guided-planning,udp,veh-024,veh-024,rsu-1,c4-rep1-udp-veh-024-334,ipi-session-1,airspan-followup-c4-rep1,veh-024,334,100-clients,default,stationary,unsynced,true,true,payload_bytes,1024,bytes,IPI-CooperativeService,1103,1786031542291138154,1786031368483538057,1786031368483557800,1786031542442989132,151.851,,0.020,173959.431,"CooperativeService{guidedPlanning, status=request, vehicleId=0x7665682d303234, requestedHorizonMs=2500, confidence=100, planning.waypoints=1, offloadTaskId=udp-probe-334, offloadPayload=1024 bytes}"
5g-udp-sender,1786031542769272688,edge4av-real-20260806-airspan-followup-run-1,c4-rep1-udp,airspan-followup-70-20-10,guided-planning,udp,veh-024,veh-024,rsu-1,c4-rep1-udp-veh-024-335,ipi-session-1,airspan-followup-c4-rep1,veh-024,335,100-clients,default,stationary,unsynced,true,true,payload_bytes,1024,bytes,IPI-CooperativeService,1103,1786031542643295212,1786031368814344209,1786031368814370518,1786031542769272688,125.977,,0.026,173954.902,"CooperativeService{guidedPlanning, status=request, vehicleId=0x7665682d303234, requestedHorizonMs=2500, confidence=100, planning.waypoints=1, offloadTaskId=udp-probe-335, offloadPayload=1024 bytes}"
5g-udp-sender,1786031543151034187,edge4av-real-20260806-airspan-followup-run-1,c4-rep1-udp,airspan-followup-70-20-10,guided-planning,udp,veh-024,veh-024,rsu-1,c4-rep1-udp-veh-024-336,ipi-session-1,airspan-followup-c4-rep1,veh-024,336,100-clients,default,stationary,unsynced,true,true,payload_bytes,1024,bytes,IPI-CooperativeService,1103,1786031542969461681,1786031369194833298,1786031369194884665,1786031543151034187,181.573,,0.051,173956.150,"CooperativeService{guidedPlanning, status=request, vehicleId=0x7665682d303234, requestedHorizonMs=2500, confidence=100, planning.waypoints=1, offloadTaskId=udp-probe-336, offloadPayload=1024 bytes}"
5g-udp-sender,1786031543471012302,edge4av-real-20260806-airspan-followup-run-1,c4-rep1-udp,airspan-followup-70-20-10,guided-planning,udp,veh-024,veh-024,rsu-1,c4-rep1-udp-veh-024-337,ipi-session-1,airspan-followup-c4-rep1,veh-024,337,100-clients,default,stationary,unsynced,true,true,payload_bytes,1024,bytes,IPI-CooperativeService,1103,1786031543351200786,1786031369515335128,1786031369515343127,1786031543471012302,119.812,,0.008,173955.669,"CooperativeService{guidedPlanning, status=request, vehicleId=0x7665682d303234, requestedHorizonMs=2500, confidence=100, planning.waypoints=1, offloadTaskId=udp-probe-337, offloadPayload=1024 bytes}"
5g-udp-sender,1786031543811129347,edge4av-real-20260806-airspan-followup-run-1,c4-rep1-udp,airspan-followup-70-20-10,guided-planning,udp,veh-024,veh-024,rsu-1,c4-rep1-udp-veh-024-338,ipi-session-1,airspan-followup-c4-rep1,veh-024,338,100-clients,default,stationary,unsynced,true,true,payload_bytes,1024,bytes,IPI-CooperativeService,1103,1786031543671188321,1786031369855890377,1786031369856149091,1786031543811129347,139.941,,0.259,173954.980,"CooperativeService{guidedPlanning, status=request, vehicleId=0x7665682d303234, requestedHorizonMs=2500, confidence=100, planning.waypoints=1, offloadTaskId=udp-probe-338, offloadPayload=1024 bytes}"
5g-udp-sender,1786031544113091238,edge4av-real-20260806-airspan-followup-run-1,c4-rep1-udp,airspan-followup-70-20-10,guided-planning,udp,veh-024,veh-024,rsu-1,c4-rep1-udp-veh-024-339,ipi-session-1,airspan-followup-c4-rep1,veh-024,339,100-clients,default,stationary,unsynced,true,true,payload_bytes,1024,bytes,IPI-CooperativeService,1103,1786031544011288219,1786031370156589328,1786031370156642562,1786031544113091238,101.803,,0.053,173956.449,"CooperativeService{guidedPlanning, status=request, vehicleId=0x7665682d303234, requestedHorizonMs=2500, confidence=100, planning.waypoints=1, offloadTaskId=udp-probe-339, offloadPayload=1024 bytes}"
5g-udp-sender,1786031544421215732,edge4av-real-20260806-airspan-followup-run-1,c4-rep1-udp,airspan-followup-70-20-10,guided-planning,udp,veh-024,veh-024,rsu-1,c4-rep1-udp-veh-024-340,ipi-session-1,airspan-followup-c4-rep1,veh-024,340,100-clients,default,stationary,unsynced,true,true,payload_bytes,1024,bytes,IPI-CooperativeService,1103,1786031544313269811,1786031370467346148,1786031370467374678,1786031544421215732,107.946,,0.029,173953.841,"CooperativeService{guidedPlanning, status=request, vehicleId=0x7665682d303234, requestedHorizonMs=2500, confidence=100, planning.waypoints=1, offloadTaskId=udp-probe-340, offloadPayload=1024 bytes}"
5g-udp-sender,1786031544713151177,edge4av-real-20260806-airspan-followup-run-1,c4-rep1-udp,airspan-followup-70-20-10,guided-planning,udp,veh-024,veh-024,rsu-1,c4-rep1-udp-veh-024-341,ipi-session-1,airspan-followup-c4-rep1,veh-024,341,100-clients,default,stationary,unsynced,true,true,payload_bytes,1024,bytes,IPI-CooperativeService,1103,1786031544621445548,1786031370757574585,1786031370757591734,1786031544713151177,91.706,,0.017,173955.559,"CooperativeService{guidedPlanning, status=request, vehicleId=0x7665682d303234, requestedHorizonMs=2500, confidence=100, planning.waypoints=1, offloadTaskId=udp-probe-341, offloadPayload=1024 bytes}"
5g-udp-sender,1786031544994974504,edge4av-real-20260806-airspan-followup-run-1,c4-rep1-udp,airspan-followup-70-20-10,guided-planning,udp,veh-024,veh-024,rsu-1,c4-rep1-udp-veh-024-342,ipi-session-1,airspan-followup-c4-rep1,veh-024,342,100-clients,default,stationary,unsynced,true,true,payload_bytes,1024,bytes,IPI-CooperativeService,1103,1786031544913329807,1786031371037920267,1786031371037972162,1786031544994974504,81.645,,0.052,173957.002,"CooperativeService{guidedPlanning, status=request, vehicleId=0x7665682d303234, requestedHorizonMs=2500, confidence=100, planning.waypoints=1, offloadTaskId=udp-probe-342, offloadPayload=1024 bytes}"
5g-udp-sender,1786031545277120549,edge4av-real-20260806-airspan-followup-run-1,c4-rep1-udp,airspan-followup-70-20-10,guided-planning,udp,veh-024,veh-024,rsu-1,c4-rep1-udp-veh-024-343,ipi-session-1,airspan-followup-c4-rep1,veh-024,343,100-clients,default,stationary,unsynced,true,true,payload_bytes,1024,bytes,IPI-CooperativeService,1103,1786031545195181252,1786031371318541175,1786031371318569623,1786031545277120549,81.939,,0.028,173958.551,"CooperativeService{guidedPlanning, status=request, vehicleId=0x7665682d303234, requestedHorizonMs=2500, confidence=100, planning.waypoints=1, offloadTaskId=udp-probe-343, offloadPayload=1024 bytes}"
5g-udp-sender,1786031545607108223,edge4av-real-20260806-airspan-followup-run-1,c4-rep1-udp,airspan-followup-70-20-10,guided-planning,udp,veh-024,veh-024,rsu-1,c4-rep1-udp-veh-024-344,ipi-session-1,airspan-followup-c4-rep1,veh-024,344,100-clients,default,stationary,unsynced,true,true,payload_bytes,1024,bytes,IPI-CooperativeService,1103,1786031545477300587,1786031371639721440,1786031371639746159,1786031545607108223,129.808,,0.025,173967.362,"CooperativeService{guidedPlanning, status=request, vehicleId=0x7665682d303234, requestedHorizonMs=2500, confidence=100, planning.waypoints=1, offloadTaskId=udp-probe-344, offloadPayload=1024 bytes}"
5g-udp-sender,1786031545877194556,edge4av-real-20260806-airspan-followup-run-1,c4-rep1-udp,airspan-followup-70-20-10,guided-planning,udp,veh-024,veh-024,rsu-1,c4-rep1-udp-veh-024-345,ipi-session-1,airspan-followup-c4-rep1,veh-024,345,100-clients,default,stationary,unsynced,true,true,payload_bytes,1024,bytes,IPI-CooperativeService,1103,1786031545807287875,1786031371919293850,1786031371919303159,1786031545877194556,69.907,,0.009,173957.891,"CooperativeService{guidedPlanning, status=request, vehicleId=0x7665682d303234, requestedHorizonMs=2500, confidence=100, planning.waypoints=1, offloadTaskId=udp-probe-345, offloadPayload=1024 bytes}"
5g-udp-sender,1786031546195046064,edge4av-real-20260806-airspan-followup-run-1,c4-rep1-udp,airspan-followup-70-20-10,guided-planning,udp,veh-024,veh-024,rsu-1,c4-rep1-udp-veh-024-346,ipi-session-1,airspan-followup-c4-rep1,veh-024,346,100-clients,default,stationary,unsynced,true,true,payload_bytes,1024,bytes,IPI-CooperativeService,1103,1786031546077350089,1786031372239941133,1786031372239981927,1786031546195046064,117.696,,0.041,173955.064,"CooperativeService{guidedPlanning, status=request, vehicleId=0x7665682d303234, requestedHorizonMs=2500, confidence=100, planning.waypoints=1, offloadTaskId=udp-probe-346, offloadPayload=1024 bytes}"
5g-udp-sender,1786031546553188408,edge4av-real-20260806-airspan-followup-run-1,c4-rep1-udp,airspan-followup-70-20-10,guided-planning,udp,veh-024,veh-024,rsu-1,c4-rep1-udp-veh-024-347,ipi-session-1,airspan-followup-c4-rep1,veh-024,347,100-clients,default,stationary,unsynced,true,true,payload_bytes,1024,bytes,IPI-CooperativeService,1103,1786031546395195870,1786031372600493289,1786031372600544472,1786031546553188408,157.993,,0.051,173952.644,"CooperativeService{guidedPlanning, status=request, vehicleId=0x7665682d303234, requestedHorizonMs=2500, confidence=100, planning.waypoints=1, offloadTaskId=udp-probe-347, offloadPayload=1024 bytes}"
5g-udp-sender,1786031552125453541,edge4av-real-20260806-airspan-followup-run-1,c4-rep1-udp,airspan-followup-70-20-10,guided-planning,udp,veh-024,veh-024,rsu-1,c4-rep1-udp-veh-024-348,ipi-session-1,airspan-followup-c4-rep1,veh-024,348,100-clients,default,stationary,unsynced,false,false,payload_bytes,1024,bytes,IPI-CooperativeService,1103,1786031546753371806,,,1786031552125453541,,,,,udp ack timeout
5g-udp-sender,1786031552371154385,edge4av-real-20260806-airspan-followup-run-1,c4-rep1-udp,airspan-followup-70-20-10,guided-planning,udp,veh-024,veh-024,rsu-1,c4-rep1-udp-veh-024-349,ipi-session-1,airspan-followup-c4-rep1,veh-024,349,100-clients,default,stationary,unsynced,true,true,payload_bytes,1024,bytes,IPI-CooperativeService,1103,1786031552325592803,1786031378411528870,1786031378411556981,1786031552371154385,45.562,,0.028,173959.597,"CooperativeService{guidedPlanning, status=request, vehicleId=0x7665682d303234, requestedHorizonMs=2500, confidence=100, planning.waypoints=1, offloadTaskId=udp-probe-349, offloadPayload=1024 bytes}"
5g-udp-sender,1786031552611158104,edge4av-real-20260806-airspan-followup-run-1,c4-rep1-udp,airspan-followup-70-20-10,guided-planning,udp,veh-024,veh-024,rsu-1,c4-rep1-udp-veh-024-350,ipi-session-1,airspan-followup-c4-rep1,veh-024,350,100-clients,default,stationary,unsynced,true,true,payload_bytes,1024,bytes,IPI-CooperativeService,1103,1786031552571328364,1786031378651462205,1786031378651472304,1786031552611158104,39.830,,0.010,173959.686,"CooperativeService{guidedPlanning, status=request, vehicleId=0x7665682d303234, requestedHorizonMs=2500, confidence=100, planning.waypoints=1, offloadTaskId=udp-probe-350, offloadPayload=1024 bytes}"
5g-udp-sender,1786031552847120953,edge4av-real-20260806-airspan-followup-run-1,c4-rep1-udp,airspan-followup-70-20-10,guided-planning,udp,veh-024,veh-024,rsu-1,c4-rep1-udp-veh-024-351,ipi-session-1,airspan-followup-c4-rep1,veh-024,351,100-clients,default,stationary,unsynced,true,true,payload_bytes,1024,bytes,IPI-CooperativeService,1103,1786031552811341509,1786031378892324035,1786031378892353012,1786031552847120953,35.779,,0.029,173954.768,"CooperativeService{guidedPlanning, status=request, vehicleId=0x7665682d303234, requestedHorizonMs=2500, confidence=100, planning.waypoints=1, offloadTaskId=udp-probe-351, offloadPayload=1024 bytes}"
5g-udp-sender,1786031553097267210,edge4av-real-20260806-airspan-followup-run-1,c4-rep1-udp,airspan-followup-70-20-10,guided-planning,udp,veh-024,veh-024,rsu-1,c4-rep1-udp-veh-024-352,ipi-session-1,airspan-followup-c4-rep1,veh-024,352,100-clients,default,stationary,unsynced,true,true,payload_bytes,1024,bytes,IPI-CooperativeService,1103,1786031553047308781,1786031379142615111,1786031379142644561,1786031553097267210,49.958,,0.029,173954.623,"CooperativeService{guidedPlanning, status=request, vehicleId=0x7665682d303234, requestedHorizonMs=2500, confidence=100, planning.waypoints=1, offloadTaskId=udp-probe-352, offloadPayload=1024 bytes}"
5g-udp-sender,1786031553387103789,edge4av-real-20260806-airspan-followup-run-1,c4-rep1-udp,airspan-followup-70-20-10,guided-planning,udp,veh-024,veh-024,rsu-1,c4-rep1-udp-veh-024-353,ipi-session-1,airspan-followup-c4-rep1,veh-024,353,100-clients,default,stationary,unsynced,true,true,payload_bytes,1024,bytes,IPI-CooperativeService,1103,1786031553297445455,1786031379432966908,1786031379433018297,1786031553387103789,89.658,,0.051,173954.085,"CooperativeService{guidedPlanning, status=request, vehicleId=0x7665682d303234, requestedHorizonMs=2500, confidence=100, planning.waypoints=1, offloadTaskId=udp-probe-353, offloadPayload=1024 bytes}"
5g-udp-sender,1786031553691217837,edge4av-real-20260806-airspan-followup-run-1,c4-rep1-udp,airspan-followup-70-20-10,guided-planning,udp,veh-024,veh-024,rsu-1,c4-rep1-udp-veh-024-354,ipi-session-1,airspan-followup-c4-rep1,veh-024,354,100-clients,default,stationary,unsynced,true,true,payload_bytes,1024,bytes,IPI-CooperativeService,1103,1786031553587286451,1786031379733207635,1786031379733216826,1786031553691217837,103.931,,0.009,173958.001,"CooperativeService{guidedPlanning, status=request, vehicleId=0x7665682d303234, requestedHorizonMs=2500, confidence=100, planning.waypoints=1, offloadTaskId=udp-probe-354, offloadPayload=1024 bytes}"
5g-udp-sender,1786031553943059650,edge4av-real-20260806-airspan-followup-run-1,c4-rep1-udp,airspan-followup-70-20-10,guided-planning,udp,veh-024,veh-024,rsu-1,c4-rep1-udp-veh-024-355,ipi-session-1,airspan-followup-c4-rep1,veh-024,355,100-clients,default,stationary,unsynced,true,true,payload_bytes,1024,bytes,IPI-CooperativeService,1103,1786031553891488201,1786031379983620910,1786031379983627987,1786031553943059650,51.571,,0.007,173959.432,"CooperativeService{guidedPlanning, status=request, vehicleId=0x7665682d303234, requestedHorizonMs=2500, confidence=100, planning.waypoints=1, offloadTaskId=udp-probe-355, offloadPayload=1024 bytes}"
5g-udp-sender,1786031554217183560,edge4av-real-20260806-airspan-followup-run-1,c4-rep1-udp,airspan-followup-70-20-10,guided-planning,udp,veh-024,veh-024,rsu-1,c4-rep1-udp-veh-024-356,ipi-session-1,airspan-followup-c4-rep1,veh-024,356,100-clients,default,stationary,unsynced,true,true,payload_bytes,1024,bytes,IPI-CooperativeService,1103,1786031554143272909,1786031380264350253,1786031380264402474,1786031554217183560,73.911,,0.052,173952.781,"CooperativeService{guidedPlanning, status=request, vehicleId=0x7665682d303234, requestedHorizonMs=2500, confidence=100, planning.waypoints=1, offloadTaskId=udp-probe-356, offloadPayload=1024 bytes}"
5g-udp-sender,1786031554529105379,edge4av-real-20260806-airspan-followup-run-1,c4-rep1-udp,airspan-followup-70-20-10,guided-planning,udp,veh-024,veh-024,rsu-1,c4-rep1-udp-veh-024-357,ipi-session-1,airspan-followup-c4-rep1,veh-024,357,100-clients,default,stationary,unsynced,true,true,payload_bytes,1024,bytes,IPI-CooperativeService,1103,1786031554417359085,1786031380575052708,1786031380575104363,1786031554529105379,111.746,,0.052,173954.001,"CooperativeService{guidedPlanning, status=request, vehicleId=0x7665682d303234, requestedHorizonMs=2500, confidence=100, planning.waypoints=1, offloadTaskId=udp-probe-357, offloadPayload=1024 bytes}"
5g-udp-sender,1786031554851033308,edge4av-real-20260806-airspan-followup-run-1,c4-rep1-udp,airspan-followup-70-20-10,guided-planning,udp,veh-024,veh-024,rsu-1,c4-rep1-udp-veh-024-358,ipi-session-1,airspan-followup-c4-rep1,veh-024,358,100-clients,default,stationary,unsynced,true,true,payload_bytes,1024,bytes,IPI-CooperativeService,1103,1786031554729289483,1786031380895383017,1786031380895436416,1786031554851033308,121.744,,0.053,173955.597,"CooperativeService{guidedPlanning, status=request, vehicleId=0x7665682d303234, requestedHorizonMs=2500, confidence=100, planning.waypoints=1, offloadTaskId=udp-probe-358, offloadPayload=1024 bytes}"
5g-udp-sender,1786031555221110425,edge4av-real-20260806-airspan-followup-run-1,c4-rep1-udp,airspan-followup-70-20-10,guided-planning,udp,veh-024,veh-024,rsu-1,c4-rep1-udp-veh-024-359,ipi-session-1,airspan-followup-c4-rep1,veh-024,359,100-clients,default,stationary,unsynced,true,true,payload_bytes,1024,bytes,IPI-CooperativeService,1103,1786031555051226568,1786031381266020810,1786031381266073647,1786031555221110425,169.884,,0.053,173955.037,"CooperativeService{guidedPlanning, status=request, vehicleId=0x7665682d303234, requestedHorizonMs=2500, confidence=100, planning.waypoints=1, offloadTaskId=udp-probe-359, offloadPayload=1024 bytes}"
5g-udp-sender,1786031555591104346,edge4av-real-20260806-airspan-followup-run-1,c4-rep1-udp,airspan-followup-70-20-10,guided-planning,udp,veh-024,veh-024,rsu-1,c4-rep1-udp-veh-024-360,ipi-session-1,airspan-followup-c4-rep1,veh-024,360,100-clients,default,stationary,unsynced,true,true,payload_bytes,1024,bytes,IPI-CooperativeService,1103,1786031555421258647,1786031381636836519,1786031381636886710,1786031555591104346,169.846,,0.050,173954.218,"CooperativeService{guidedPlanning, status=request, vehicleId=0x7665682d303234, requestedHorizonMs=2500, confidence=100, planning.waypoints=1, offloadTaskId=udp-probe-360, offloadPayload=1024 bytes}"
5g-udp-sender,1786031555961167113,edge4av-real-20260806-airspan-followup-run-1,c4-rep1-udp,airspan-followup-70-20-10,guided-planning,udp,veh-024,veh-024,rsu-1,c4-rep1-udp-veh-024-361,ipi-session-1,airspan-followup-c4-rep1,veh-024,361,100-clients,default,stationary,unsynced,true,true,payload_bytes,1024,bytes,IPI-CooperativeService,1103,1786031555791327290,1786031382007375398,1786031382007428347,1786031555961167113,169.840,,0.053,173953.739,"CooperativeService{guidedPlanning, status=request, vehicleId=0x7665682d303234, requestedHorizonMs=2500, confidence=100, planning.waypoints=1, offloadTaskId=udp-probe-361, offloadPayload=1024 bytes}"
5g-udp-sender,1786031556318245791,edge4av-real-20260806-airspan-followup-run-1,c4-rep1-udp,airspan-followup-70-20-10,guided-planning,udp,veh-024,veh-024,rsu-1,c4-rep1-udp-veh-024-362,ipi-session-1,airspan-followup-c4-rep1,veh-024,362,100-clients,default,stationary,unsynced,true,true,payload_bytes,1024,bytes,IPI-CooperativeService,1103,1786031556161358680,1786031382358114562,1786031382358166109,1786031556318245791,156.887,,0.052,173960.080,"CooperativeService{guidedPlanning, status=request, vehicleId=0x7665682d303234, requestedHorizonMs=2500, confidence=100, planning.waypoints=1, offloadTaskId=udp-probe-362, offloadPayload=1024 bytes}"
5g-udp-sender,1786031556633149763,edge4av-real-20260806-airspan-followup-run-1,c4-rep1-udp,airspan-followup-70-20-10,guided-planning,udp,veh-024,veh-024,rsu-1,c4-rep1-udp-veh-024-363,ipi-session-1,airspan-followup-c4-rep1,veh-024,363,100-clients,default,stationary,unsynced,true,true,payload_bytes,1024,bytes,IPI-CooperativeService,1103,1786031556518451215,1786031382678528726,1786031382678598287,1786031556633149763,114.699,,0.070,173954.551,"CooperativeService{guidedPlanning, status=request, vehicleId=0x7665682d303234, requestedHorizonMs=2500, confidence=100, planning.waypoints=1, offloadTaskId=udp-probe-363, offloadPayload=1024 bytes}"
5g-udp-sender,1786031556945091761,edge4av-real-20260806-airspan-followup-run-1,c4-rep1-udp,airspan-followup-70-20-10,guided-planning,udp,veh-024,veh-024,rsu-1,c4-rep1-udp-veh-024-364,ipi-session-1,airspan-followup-c4-rep1,veh-024,364,100-clients,default,stationary,unsynced,true,true,payload_bytes,1024,bytes,IPI-CooperativeService,1103,1786031556833335457,1786031382989114293,1786031382989166879,1786031556945091761,111.756,,0.053,173955.925,"CooperativeService{guidedPlanning, status=request, vehicleId=0x7665682d303234, requestedHorizonMs=2500, confidence=100, planning.waypoints=1, offloadTaskId=udp-probe-364, offloadPayload=1024 bytes}"
5g-udp-sender,1786031557251638774,edge4av-real-20260806-airspan-followup-run-1,c4-rep1-udp,airspan-followup-70-20-10,guided-planning,udp,veh-024,veh-024,rsu-1,c4-rep1-udp-veh-024-365,ipi-session-1,airspan-followup-c4-rep1,veh-024,365,100-clients,default,stationary,unsynced,true,true,payload_bytes,1024,bytes,IPI-CooperativeService,1103,1786031557145303808,1786031383299571096,1786031383299588529,1786031557251638774,106.335,,0.017,173952.050,"CooperativeService{guidedPlanning, status=request, vehicleId=0x7665682d303234, requestedHorizonMs=2500, confidence=100, planning.waypoints=1, offloadTaskId=udp-probe-365, offloadPayload=1024 bytes}"
5g-udp-sender,1786031557554603788,edge4av-real-20260806-airspan-followup-run-1,c4-rep1-udp,airspan-followup-70-20-10,guided-planning,udp,veh-024,veh-024,rsu-1,c4-rep1-udp-veh-024-366,ipi-session-1,airspan-followup-c4-rep1,veh-024,366,100-clients,default,stationary,unsynced,true,true,payload_bytes,1024,bytes,IPI-CooperativeService,1103,1786031557451979419,1786031383600298817,1786031383600349739,1786031557554603788,102.624,,0.051,173954.254,"CooperativeService{guidedPlanning, status=request, vehicleId=0x7665682d303234, requestedHorizonMs=2500, confidence=100, planning.waypoints=1, offloadTaskId=udp-probe-366, offloadPayload=1024 bytes}"
5g-udp-sender,1786031557837292781,edge4av-real-20260806-airspan-followup-run-1,c4-rep1-udp,airspan-followup-70-20-10,guided-planning,udp,veh-024,veh-024,rsu-1,c4-rep1-udp-veh-024-367,ipi-session-1,airspan-followup-c4-rep1,veh-024,367,100-clients,default,stationary,unsynced,true,true,payload_bytes,1024,bytes,IPI-CooperativeService,1103,1786031557754886182,1786031383880790125,1786031383880812967,1786031557837292781,82.407,,0.023,173956.480,"CooperativeService{guidedPlanning, status=request, vehicleId=0x7665682d303234, requestedHorizonMs=2500, confidence=100, planning.waypoints=1, offloadTaskId=udp-probe-367, offloadPayload=1024 bytes}"
5g-udp-sender,1786031558085326360,edge4av-real-20260806-airspan-followup-run-1,c4-rep1-udp,airspan-followup-70-20-10,guided-planning,udp,veh-024,veh-024,rsu-1,c4-rep1-udp-veh-024-368,ipi-session-1,airspan-followup-c4-rep1,veh-024,368,100-clients,default,stationary,unsynced,true,true,payload_bytes,1024,bytes,IPI-CooperativeService,1103,1786031558037484444,1786031384121816230,1786031384121841114,1786031558085326360,47.842,,0.025,173963.485,"CooperativeService{guidedPlanning, status=request, vehicleId=0x7665682d303234, requestedHorizonMs=2500, confidence=100, planning.waypoints=1, offloadTaskId=udp-probe-368, offloadPayload=1024 bytes}"
5g-udp-sender,1786031558331102168,edge4av-real-20260806-airspan-followup-run-1,c4-rep1-udp,airspan-followup-70-20-10,guided-planning,udp,veh-024,veh-024,rsu-1,c4-rep1-udp-veh-024-369,ipi-session-1,airspan-followup-c4-rep1,veh-024,369,100-clients,default,stationary,unsynced,true,true,payload_bytes,1024,bytes,IPI-CooperativeService,1103,1786031558285568537,1786031384372807078,1786031384372866341,1786031558331102168,45.534,,0.059,173958.236,"CooperativeService{guidedPlanning, status=request, vehicleId=0x7665682d303234, requestedHorizonMs=2500, confidence=100, planning.waypoints=1, offloadTaskId=udp-probe-369, offloadPayload=1024 bytes}"
5g-udp-sender,1786031558575090108,edge4av-real-20260806-airspan-followup-run-1,c4-rep1-udp,airspan-followup-70-20-10,guided-planning,udp,veh-024,veh-024,rsu-1,c4-rep1-udp-veh-024-370,ipi-session-1,airspan-followup-c4-rep1,veh-024,370,100-clients,default,stationary,unsynced,true,true,payload_bytes,1024,bytes,IPI-CooperativeService,1103,1786031558531302155,1786031384622055872,1786031384622106463,1786031558575090108,43.788,,0.051,173952.984,"CooperativeService{guidedPlanning, status=request, vehicleId=0x7665682d303234, requestedHorizonMs=2500, confidence=100, planning.waypoints=1, offloadTaskId=udp-probe-370, offloadPayload=1024 bytes}"
5g-udp-sender,1786031558811231858,edge4av-real-20260806-airspan-followup-run-1,c4-rep1-udp,airspan-followup-70-20-10,guided-planning,udp,veh-024,veh-024,rsu-1,c4-rep1-udp-veh-024-371,ipi-session-1,airspan-followup-c4-rep1,veh-024,371,100-clients,default,stationary,unsynced,true,true,payload_bytes,1024,bytes,IPI-CooperativeService,1103,1786031558775253383,1786031384853268053,1786031384853292488,1786031558811231858,35.978,,0.024,173957.939,"CooperativeService{guidedPlanning, status=request, vehicleId=0x7665682d303234, requestedHorizonMs=2500, confidence=100, planning.waypoints=1, offloadTaskId=udp-probe-371, offloadPayload=1024 bytes}"
5g-udp-sender,1786031559049342177,edge4av-real-20260806-airspan-followup-run-1,c4-rep1-udp,airspan-followup-70-20-10,guided-planning,udp,veh-024,veh-024,rsu-1,c4-rep1-udp-veh-024-372,ipi-session-1,airspan-followup-c4-rep1,veh-024,372,100-clients,default,stationary,unsynced,true,true,payload_bytes,1024,bytes,IPI-CooperativeService,1103,1786031559011406645,1786031385093206307,1786031385093235351,1786031559049342177,37.936,,0.029,173956.107,"CooperativeService{guidedPlanning, status=request, vehicleId=0x7665682d303234, requestedHorizonMs=2500, confidence=100, planning.waypoints=1, offloadTaskId=udp-probe-372, offloadPayload=1024 bytes}"
5g-udp-sender,1786031559287463500,edge4av-real-20260806-airspan-followup-run-1,c4-rep1-udp,airspan-followup-70-20-10,guided-planning,udp,veh-024,veh-024,rsu-1,c4-rep1-udp-veh-024-373,ipi-session-1,airspan-followup-c4-rep1,veh-024,373,100-clients,default,stationary,unsynced,true,true,payload_bytes,1024,bytes,IPI-CooperativeService,1103,1786031559249908022,1786031385333706686,1786031385333736176,1786031559287463500,37.555,,0.029,173953.727,"CooperativeService{guidedPlanning, status=request, vehicleId=0x7665682d303234, requestedHorizonMs=2500, confidence=100, planning.waypoints=1, offloadTaskId=udp-probe-373, offloadPayload=1024 bytes}"
5g-udp-sender,1786031559553262991,edge4av-real-20260806-airspan-followup-run-1,c4-rep1-udp,airspan-followup-70-20-10,guided-planning,udp,veh-024,veh-024,rsu-1,c4-rep1-udp-veh-024-374,ipi-session-1,airspan-followup-c4-rep1,veh-024,374,100-clients,default,stationary,unsynced,true,true,payload_bytes,1024,bytes,IPI-CooperativeService,1103,1786031559487704276,1786031385594057668,1786031385594068686,1786031559553262991,65.559,,0.011,173959.194,"CooperativeService{guidedPlanning, status=request, vehicleId=0x7665682d303234, requestedHorizonMs=2500, confidence=100, planning.waypoints=1, offloadTaskId=udp-probe-374, offloadPayload=1024 bytes}"
5g-udp-sender,1786031559833159171,edge4av-real-20260806-airspan-followup-run-1,c4-rep1-udp,airspan-followup-70-20-10,guided-planning,udp,veh-024,veh-024,rsu-1,c4-rep1-udp-veh-024-375,ipi-session-1,airspan-followup-c4-rep1,veh-024,375,100-clients,default,stationary,unsynced,true,true,payload_bytes,1024,bytes,IPI-CooperativeService,1103,1786031559753443701,1786031385874773699,1786031385874799404,1786031559833159171,79.715,,0.026,173958.360,"CooperativeService{guidedPlanning, status=request, vehicleId=0x7665682d303234, requestedHorizonMs=2500, confidence=100, planning.waypoints=1, offloadTaskId=udp-probe-375, offloadPayload=1024 bytes}"
5g-udp-sender,1786031560071207159,edge4av-real-20260806-airspan-followup-run-1,c4-rep1-udp,airspan-followup-70-20-10,guided-planning,udp,veh-024,veh-024,rsu-1,c4-rep1-udp-veh-024-376,ipi-session-1,airspan-followup-c4-rep1,veh-024,376,100-clients,default,stationary,unsynced,true,true,payload_bytes,1024,bytes,IPI-CooperativeService,1103,1786031560033344207,1786031386114620272,1786031386114648513,1786031560071207159,37.863,,0.028,173956.559,"CooperativeService{guidedPlanning, status=request, vehicleId=0x7665682d303234, requestedHorizonMs=2500, confidence=100, planning.waypoints=1, offloadTaskId=udp-probe-376, offloadPayload=1024 bytes}"
5g-udp-sender,1786031560321348519,edge4av-real-20260806-airspan-followup-run-1,c4-rep1-udp,airspan-followup-70-20-10,guided-planning,udp,veh-024,veh-024,rsu-1,c4-rep1-udp-veh-024-377,ipi-session-1,airspan-followup-c4-rep1,veh-024,377,100-clients,default,stationary,unsynced,true,true,payload_bytes,1024,bytes,IPI-CooperativeService,1103,1786031560271383527,1786031386355145029,1786031386355186515,1786031560321348519,49.965,,0.041,173966.162,"CooperativeService{guidedPlanning, status=request, vehicleId=0x7665682d303234, requestedHorizonMs=2500, confidence=100, planning.waypoints=1, offloadTaskId=udp-probe-377, offloadPayload=1024 bytes}"
5g-udp-sender,1786031560581290624,edge4av-real-20260806-airspan-followup-run-1,c4-rep1-udp,airspan-followup-70-20-10,guided-planning,udp,veh-024,veh-024,rsu-1,c4-rep1-udp-veh-024-378,ipi-session-1,airspan-followup-c4-rep1,veh-024,378,100-clients,default,stationary,unsynced,true,true,payload_bytes,1024,bytes,IPI-CooperativeService,1103,1786031560521526160,1786031386626407402,1786031386626448401,1786031560581290624,59.764,,0.041,173954.842,"CooperativeService{guidedPlanning, status=request, vehicleId=0x7665682d303234, requestedHorizonMs=2500, confidence=100, planning.waypoints=1, offloadTaskId=udp-probe-378, offloadPayload=1024 bytes}"
5g-udp-sender,1786031560821471194,edge4av-real-20260806-airspan-followup-run-1,c4-rep1-udp,airspan-followup-70-20-10,guided-planning,udp,veh-024,veh-024,rsu-1,c4-rep1-udp-veh-024-379,ipi-session-1,airspan-followup-c4-rep1,veh-024,379,100-clients,default,stationary,unsynced,true,true,payload_bytes,1024,bytes,IPI-CooperativeService,1103,1786031560781471823,1786031386866537830,1786031386866561742,1786031560821471194,39.999,,0.024,173954.909,"CooperativeService{guidedPlanning, status=request, vehicleId=0x7665682d303234, requestedHorizonMs=2500, confidence=100, planning.waypoints=1, offloadTaskId=udp-probe-379, offloadPayload=1024 bytes}"
5g-udp-sender,1786031561075263627,edge4av-real-20260806-airspan-followup-run-1,c4-rep1-udp,airspan-followup-70-20-10,guided-planning,udp,veh-024,veh-024,rsu-1,c4-rep1-udp-veh-024-380,ipi-session-1,airspan-followup-c4-rep1,veh-024,380,100-clients,default,stationary,unsynced,true,true,payload_bytes,1024,bytes,IPI-CooperativeService,1103,1786031561021705177,1786031387117070457,1786031387117099288,1786031561075263627,53.558,,0.029,173958.164,"CooperativeService{guidedPlanning, status=request, vehicleId=0x7665682d303234, requestedHorizonMs=2500, confidence=100, planning.waypoints=1, offloadTaskId=udp-probe-380, offloadPayload=1024 bytes}"
5g-udp-sender,1786031561383152542,edge4av-real-20260806-airspan-followup-run-1,c4-rep1-udp,airspan-followup-70-20-10,guided-planning,udp,veh-024,veh-024,rsu-1,c4-rep1-udp-veh-024-381,ipi-session-1,airspan-followup-c4-rep1,veh-024,381,100-clients,default,stationary,unsynced,true,true,payload_bytes,1024,bytes,IPI-CooperativeService,1103,1786031561275438961,1786031387417152209,1786031387417180147,1786031561383152542,107.714,,0.028,173965.972,"CooperativeService{guidedPlanning, status=request, vehicleId=0x7665682d303234, requestedHorizonMs=2500, confidence=100, planning.waypoints=1, offloadTaskId=udp-probe-381, offloadPayload=1024 bytes}"
5g-udp-sender,1786031561703147273,edge4av-real-20260806-airspan-followup-run-1,c4-rep1-udp,airspan-followup-70-20-10,guided-planning,udp,veh-024,veh-024,rsu-1,c4-rep1-udp-veh-024-382,ipi-session-1,airspan-followup-c4-rep1,veh-024,382,100-clients,default,stationary,unsynced,true,true,payload_bytes,1024,bytes,IPI-CooperativeService,1103,1786031561583853509,1786031387747838050,1786031387747872912,1786031561703147273,119.294,,0.035,173955.274,"CooperativeService{guidedPlanning, status=request, vehicleId=0x7665682d303234, requestedHorizonMs=2500, confidence=100, planning.waypoints=1, offloadTaskId=udp-probe-382, offloadPayload=1024 bytes}"
5g-udp-sender,1786031562023304815,edge4av-real-20260806-airspan-followup-run-1,c4-rep1-udp,airspan-followup-70-20-10,guided-planning,udp,veh-024,veh-024,rsu-1,c4-rep1-udp-veh-024-383,ipi-session-1,airspan-followup-c4-rep1,veh-024,383,100-clients,default,stationary,unsynced,true,true,payload_bytes,1024,bytes,IPI-CooperativeService,1103,1786031561903321621,1786031388058475262,1786031388058504380,1786031562023304815,119.983,,0.029,173964.800,"CooperativeService{guidedPlanning, status=request, vehicleId=0x7665682d303234, requestedHorizonMs=2500, confidence=100, planning.waypoints=1, offloadTaskId=udp-probe-383, offloadPayload=1024 bytes}"
5g-udp-sender,1786031562371116332,edge4av-real-20260806-airspan-followup-run-1,c4-rep1-udp,airspan-followup-70-20-10,guided-planning,udp,veh-024,veh-024,rsu-1,c4-rep1-udp-veh-024-384,ipi-session-1,airspan-followup-c4-rep1,veh-024,384,100-clients,default,stationary,unsynced,true,true,payload_bytes,1024,bytes,IPI-CooperativeService,1103,1786031562223446669,1786031388409002404,1786031388409015680,1786031562371116332,147.670,,0.013,173962.101,"CooperativeService{guidedPlanning, status=request, vehicleId=0x7665682d303234, requestedHorizonMs=2500, confidence=100, planning.waypoints=1, offloadTaskId=udp-probe-384, offloadPayload=1024 bytes}"
5g-udp-sender,1786031562679210178,edge4av-real-20260806-airspan-followup-run-1,c4-rep1-udp,airspan-followup-70-20-10,guided-planning,udp,veh-024,veh-024,rsu-1,c4-rep1-udp-veh-024-385,ipi-session-1,airspan-followup-c4-rep1,veh-024,385,100-clients,default,stationary,unsynced,true,true,payload_bytes,1024,bytes,IPI-CooperativeService,1103,1786031562571339897,1786031388719973353,1786031388719998308,1786031562679210178,107.870,,0.025,173959.212,"CooperativeService{guidedPlanning, status=request, vehicleId=0x7665682d303234, requestedHorizonMs=2500, confidence=100, planning.waypoints=1, offloadTaskId=udp-probe-385, offloadPayload=1024 bytes}"
5g-udp-sender,1786031562989208378,edge4av-real-20260806-airspan-followup-run-1,c4-rep1-udp,airspan-followup-70-20-10,guided-planning,udp,veh-024,veh-024,rsu-1,c4-rep1-udp-veh-024-386,ipi-session-1,airspan-followup-c4-rep1,veh-024,386,100-clients,default,stationary,unsynced,true,true,payload_bytes,1024,bytes,IPI-CooperativeService,1103,1786031562879402786,1786031389030243892,1786031389030272265,1786031562989208378,109.806,,0.028,173958.936,"CooperativeService{guidedPlanning, status=request, vehicleId=0x7665682d303234, requestedHorizonMs=2500, confidence=100, planning.waypoints=1, offloadTaskId=udp-probe-386, offloadPayload=1024 bytes}"
5g-udp-sender,1786031563365184280,edge4av-real-20260806-airspan-followup-run-1,c4-rep1-udp,airspan-followup-70-20-10,guided-planning,udp,veh-024,veh-024,rsu-1,c4-rep1-udp-veh-024-387,ipi-session-1,airspan-followup-c4-rep1,veh-024,387,100-clients,default,stationary,unsynced,true,true,payload_bytes,1024,bytes,IPI-CooperativeService,1103,1786031563189335526,1786031389410830227,1786031389410882218,1786031563365184280,175.849,,0.052,173954.302,"CooperativeService{guidedPlanning, status=request, vehicleId=0x7665682d303234, requestedHorizonMs=2500, confidence=100, planning.waypoints=1, offloadTaskId=udp-probe-387, offloadPayload=1024 bytes}"
5g-udp-sender,1786031563687116297,edge4av-real-20260806-airspan-followup-run-1,c4-rep1-udp,airspan-followup-70-20-10,guided-planning,udp,veh-024,veh-024,rsu-1,c4-rep1-udp-veh-024-388,ipi-session-1,airspan-followup-c4-rep1,veh-024,388,100-clients,default,stationary,unsynced,true,true,payload_bytes,1024,bytes,IPI-CooperativeService,1103,1786031563565368274,1786031389731153167,1786031389731204863,1786031563687116297,121.748,,0.052,173955.911,"CooperativeService{guidedPlanning, status=request, vehicleId=0x7665682d303234, requestedHorizonMs=2500, confidence=100, planning.waypoints=1, offloadTaskId=udp-probe-388, offloadPayload=1024 bytes}"
5g-udp-sender,1786031564039155868,edge4av-real-20260806-airspan-followup-run-1,c4-rep1-udp,airspan-followup-70-20-10,guided-planning,udp,veh-024,veh-024,rsu-1,c4-rep1-udp-veh-024-389,ipi-session-1,airspan-followup-c4-rep1,veh-024,389,100-clients,default,stationary,unsynced,true,true,payload_bytes,1024,bytes,IPI-CooperativeService,1103,1786031563887305524,1786031390082213445,1786031390082239092,1786031564039155868,151.850,,0.026,173956.917,"CooperativeService{guidedPlanning, status=request, vehicleId=0x7665682d303234, requestedHorizonMs=2500, confidence=100, planning.waypoints=1, offloadTaskId=udp-probe-389, offloadPayload=1024 bytes}"
5g-udp-sender,1786031564349313639,edge4av-real-20260806-airspan-followup-run-1,c4-rep1-udp,airspan-followup-70-20-10,guided-planning,udp,veh-024,veh-024,rsu-1,c4-rep1-udp-veh-024-390,ipi-session-1,airspan-followup-c4-rep1,veh-024,390,100-clients,default,stationary,unsynced,true,true,payload_bytes,1024,bytes,IPI-CooperativeService,1103,1786031564239405254,1786031390392547251,1786031390392575773,1786031564349313639,109.908,,0.029,173956.738,"CooperativeService{guidedPlanning, status=request, vehicleId=0x7665682d303234, requestedHorizonMs=2500, confidence=100, planning.waypoints=1, offloadTaskId=udp-probe-390, offloadPayload=1024 bytes}"
5g-udp-sender,1786031564621142076,edge4av-real-20260806-airspan-followup-run-1,c4-rep1-udp,airspan-followup-70-20-10,guided-planning,udp,veh-024,veh-024,rsu-1,c4-rep1-udp-veh-024-391,ipi-session-1,airspan-followup-c4-rep1,veh-024,391,100-clients,default,stationary,unsynced,true,true,payload_bytes,1024,bytes,IPI-CooperativeService,1103,1786031564549550110,1786031390662790732,1786031390662810450,1786031564621142076,71.592,,0.020,173958.332,"CooperativeService{guidedPlanning, status=request, vehicleId=0x7665682d303234, requestedHorizonMs=2500, confidence=100, planning.waypoints=1, offloadTaskId=udp-probe-391, offloadPayload=1024 bytes}"
5g-udp-sender,1786031564871279337,edge4av-real-20260806-airspan-followup-run-1,c4-rep1-udp,airspan-followup-70-20-10,guided-planning,udp,veh-024,veh-024,rsu-1,c4-rep1-udp-veh-024-392,ipi-session-1,airspan-followup-c4-rep1,veh-024,392,100-clients,default,stationary,unsynced,true,true,payload_bytes,1024,bytes,IPI-CooperativeService,1103,1786031564821321523,1786031390913290181,1786031390913301597,1786031564871279337,49.958,,0.011,173957.978,"CooperativeService{guidedPlanning, status=request, vehicleId=0x7665682d303234, requestedHorizonMs=2500, confidence=100, planning.waypoints=1, offloadTaskId=udp-probe-392, offloadPayload=1024 bytes}"
5g-udp-sender,1786031565199146190,edge4av-real-20260806-airspan-followup-run-1,c4-rep1-udp,airspan-followup-70-20-10,guided-planning,udp,veh-024,veh-024,rsu-1,c4-rep1-udp-veh-024-393,ipi-session-1,airspan-followup-c4-rep1,veh-024,393,100-clients,default,stationary,unsynced,true,true,payload_bytes,1024,bytes,IPI-CooperativeService,1103,1786031565071520723,1786031391243881113,1786031391243900676,1786031565199146190,127.625,,0.020,173955.246,"CooperativeService{guidedPlanning, status=request, vehicleId=0x7665682d303234, requestedHorizonMs=2500, confidence=100, planning.waypoints=1, offloadTaskId=udp-probe-393, offloadPayload=1024 bytes}"
5g-udp-sender,1786031565557106315,edge4av-real-20260806-airspan-followup-run-1,c4-rep1-udp,airspan-followup-70-20-10,guided-planning,udp,veh-024,veh-024,rsu-1,c4-rep1-udp-veh-024-394,ipi-session-1,airspan-followup-c4-rep1,veh-024,394,100-clients,default,stationary,unsynced,true,true,payload_bytes,1024,bytes,IPI-CooperativeService,1103,1786031565399336113,1786031391604444807,1786031391604485842,1786031565557106315,157.770,,0.041,173952.620,"CooperativeService{guidedPlanning, status=request, vehicleId=0x7665682d303234, requestedHorizonMs=2500, confidence=100, planning.waypoints=1, offloadTaskId=udp-probe-394, offloadPayload=1024 bytes}"
5g-udp-sender,1786031565881120700,edge4av-real-20260806-airspan-followup-run-1,c4-rep1-udp,airspan-followup-70-20-10,guided-planning,udp,veh-024,veh-024,rsu-1,c4-rep1-udp-veh-024-395,ipi-session-1,airspan-followup-c4-rep1,veh-024,395,100-clients,default,stationary,unsynced,true,true,payload_bytes,1024,bytes,IPI-CooperativeService,1103,1786031565757276845,1786031391925061939,1786031391925113204,1786031565881120700,123.844,,0.051,173956.007,"CooperativeService{guidedPlanning, status=request, vehicleId=0x7665682d303234, requestedHorizonMs=2500, confidence=100, planning.waypoints=1, offloadTaskId=udp-probe-395, offloadPayload=1024 bytes}"
5g-udp-sender,1786031566211256122,edge4av-real-20260806-airspan-followup-run-1,c4-rep1-udp,airspan-followup-70-20-10,guided-planning,udp,veh-024,veh-024,rsu-1,c4-rep1-udp-veh-024-396,ipi-session-1,airspan-followup-c4-rep1,veh-024,396,100-clients,default,stationary,unsynced,true,true,payload_bytes,1024,bytes,IPI-CooperativeService,1103,1786031566081256049,1786031392256283671,1786031392256311179,1786031566211256122,130.000,,0.028,173954.945,"CooperativeService{guidedPlanning, status=request, vehicleId=0x7665682d303234, requestedHorizonMs=2500, confidence=100, planning.waypoints=1, offloadTaskId=udp-probe-396, offloadPayload=1024 bytes}"
5g-udp-sender,1786031566531236306,edge4av-real-20260806-airspan-followup-run-1,c4-rep1-udp,airspan-followup-70-20-10,guided-planning,udp,veh-024,veh-024,rsu-1,c4-rep1-udp-veh-024-397,ipi-session-1,airspan-followup-c4-rep1,veh-024,397,100-clients,default,stationary,unsynced,true,true,payload_bytes,1024,bytes,IPI-CooperativeService,1103,1786031566411458652,1786031392576865637,1786031392576897694,1786031566531236306,119.778,,0.032,173954.339,"CooperativeService{guidedPlanning, status=request, vehicleId=0x7665682d303234, requestedHorizonMs=2500, confidence=100, planning.waypoints=1, offloadTaskId=udp-probe-397, offloadPayload=1024 bytes}"
5g-udp-sender,1786031566785202854,edge4av-real-20260806-airspan-followup-run-1,c4-rep1-udp,airspan-followup-70-20-10,guided-planning,udp,veh-024,veh-024,rsu-1,c4-rep1-udp-veh-024-398,ipi-session-1,airspan-followup-c4-rep1,veh-024,398,100-clients,default,stationary,unsynced,true,true,payload_bytes,1024,bytes,IPI-CooperativeService,1103,1786031566731374830,1786031392826909211,1786031392826937185,1786031566785202854,53.828,,0.028,173958.266,"CooperativeService{guidedPlanning, status=request, vehicleId=0x7665682d303234, requestedHorizonMs=2500, confidence=100, planning.waypoints=1, offloadTaskId=udp-probe-398, offloadPayload=1024 bytes}"
5g-udp-sender,1786031567041331122,edge4av-real-20260806-airspan-followup-run-1,c4-rep1-udp,airspan-followup-70-20-10,guided-planning,udp,veh-024,veh-024,rsu-1,c4-rep1-udp-veh-024-399,ipi-session-1,airspan-followup-c4-rep1,veh-024,399,100-clients,default,stationary,unsynced,true,true,payload_bytes,1024,bytes,IPI-CooperativeService,1103,1786031566985449661,1786031393087457447,1786031393087486138,1786031567041331122,55.881,,0.029,173953.845,"CooperativeService{guidedPlanning, status=request, vehicleId=0x7665682d303234, requestedHorizonMs=2500, confidence=100, planning.waypoints=1, offloadTaskId=udp-probe-399, offloadPayload=1024 bytes}"
5g-udp-sender,1786031567311243367,edge4av-real-20260806-airspan-followup-run-1,c4-rep1-udp,airspan-followup-70-20-10,guided-planning,udp,veh-024,veh-024,rsu-1,c4-rep1-udp-veh-024-400,ipi-session-1,airspan-followup-c4-rep1,veh-024,400,100-clients,default,stationary,unsynced,true,true,payload_bytes,1024,bytes,IPI-CooperativeService,1103,1786031567241520165,1786031393357420647,1786031393357442606,1786031567311243367,69.723,,0.022,173953.801,"CooperativeService{guidedPlanning, status=request, vehicleId=0x7665682d303234, requestedHorizonMs=2500, confidence=100, planning.waypoints=1, offloadTaskId=udp-probe-400, offloadPayload=1024 bytes}"
5g-udp-sender,1786031567657121024,edge4av-real-20260806-airspan-followup-run-1,c4-rep1-udp,airspan-followup-70-20-10,guided-planning,udp,veh-024,veh-024,rsu-1,c4-rep1-udp-veh-024-401,ipi-session-1,airspan-followup-c4-rep1,veh-024,401,100-clients,default,stationary,unsynced,true,true,payload_bytes,1024,bytes,IPI-CooperativeService,1103,1786031567511413533,1786031393698422113,1786031393698449067,1786031567657121024,145.707,,0.027,173958.672,"CooperativeService{guidedPlanning, status=request, vehicleId=0x7665682d303234, requestedHorizonMs=2500, confidence=100, planning.waypoints=1, offloadTaskId=udp-probe-401, offloadPayload=1024 bytes}"
5g-udp-sender,1786031567983445182,edge4av-real-20260806-airspan-followup-run-1,c4-rep1-udp,airspan-followup-70-20-10,guided-planning,udp,veh-024,veh-024,rsu-1,c4-rep1-udp-veh-024-402,ipi-session-1,airspan-followup-c4-rep1,veh-024,402,100-clients,default,stationary,unsynced,true,true,payload_bytes,1024,bytes,IPI-CooperativeService,1103,1786031567857316804,1786031394028963778,1786031394028988831,1786031567983445182,126.128,,0.025,173954.456,"CooperativeService{guidedPlanning, status=request, vehicleId=0x7665682d303234, requestedHorizonMs=2500, confidence=100, planning.waypoints=1, offloadTaskId=udp-probe-402, offloadPayload=1024 bytes}"
5g-udp-sender,1786031568337522989,edge4av-real-20260806-airspan-followup-run-1,c4-rep1-udp,airspan-followup-70-20-10,guided-planning,udp,veh-024,veh-024,rsu-1,c4-rep1-udp-veh-024-403,ipi-session-1,airspan-followup-c4-rep1,veh-024,403,100-clients,default,stationary,unsynced,true,true,payload_bytes,1024,bytes,IPI-CooperativeService,1103,1786031568183634372,1786031394379662735,1786031394379692806,1786031568337522989,153.889,,0.030,173957.830,"CooperativeService{guidedPlanning, status=request, vehicleId=0x7665682d303234, requestedHorizonMs=2500, confidence=100, planning.waypoints=1, offloadTaskId=udp-probe-403, offloadPayload=1024 bytes}"
5g-udp-sender,1786031568649266641,edge4av-real-20260806-airspan-followup-run-1,c4-rep1-udp,airspan-followup-70-20-10,guided-planning,udp,veh-024,veh-024,rsu-1,c4-rep1-udp-veh-024-404,ipi-session-1,airspan-followup-c4-rep1,veh-024,404,100-clients,default,stationary,unsynced,true,true,payload_bytes,1024,bytes,IPI-CooperativeService,1103,1786031568537655491,1786031394689970230,1786031394689985044,1786031568649266641,111.611,,0.015,173959.282,"CooperativeService{guidedPlanning, status=request, vehicleId=0x7665682d303234, requestedHorizonMs=2500, confidence=100, planning.waypoints=1, offloadTaskId=udp-probe-404, offloadPayload=1024 bytes}"
5g-udp-sender,1786031568997274450,edge4av-real-20260806-airspan-followup-run-1,c4-rep1-udp,airspan-followup-70-20-10,guided-planning,udp,veh-024,veh-024,rsu-1,c4-rep1-udp-veh-024-405,ipi-session-1,airspan-followup-c4-rep1,veh-024,405,100-clients,default,stationary,unsynced,true,true,payload_bytes,1024,bytes,IPI-CooperativeService,1103,1786031568849444720,1786031395040825521,1786031395040854382,1786031568997274450,147.830,,0.029,173956.420,"CooperativeService{guidedPlanning, status=request, vehicleId=0x7665682d303234, requestedHorizonMs=2500, confidence=100, planning.waypoints=1, offloadTaskId=udp-probe-405, offloadPayload=1024 bytes}"
5g-udp-sender,1786031569343170369,edge4av-real-20260806-airspan-followup-run-1,c4-rep1-udp,airspan-followup-70-20-10,guided-planning,udp,veh-024,veh-024,rsu-1,c4-rep1-udp-veh-024-406,ipi-session-1,airspan-followup-c4-rep1,veh-024,406,100-clients,default,stationary,unsynced,true,true,payload_bytes,1024,bytes,IPI-CooperativeService,1103,1786031569197544877,1786031395381261109,1786031395381315157,1786031569343170369,145.625,,0.054,173961.855,"CooperativeService{guidedPlanning, status=request, vehicleId=0x7665682d303234, requestedHorizonMs=2500, confidence=100, planning.waypoints=1, offloadTaskId=udp-probe-406, offloadPayload=1024 bytes}"
5g-udp-sender,1786031569607299705,edge4av-real-20260806-airspan-followup-run-1,c4-rep1-udp,airspan-followup-70-20-10,guided-planning,udp,veh-024,veh-024,rsu-1,c4-rep1-udp-veh-024-407,ipi-session-1,airspan-followup-c4-rep1,veh-024,407,100-clients,default,stationary,unsynced,true,true,payload_bytes,1024,bytes,IPI-CooperativeService,1103,1786031569543346321,1786031395652000308,1786031395652030612,1786031569607299705,63.953,,0.030,173955.269,"CooperativeService{guidedPlanning, status=request, vehicleId=0x7665682d303234, requestedHorizonMs=2500, confidence=100, planning.waypoints=1, offloadTaskId=udp-probe-407, offloadPayload=1024 bytes}"
5g-udp-sender,1786031569871246088,edge4av-real-20260806-airspan-followup-run-1,c4-rep1-udp,airspan-followup-70-20-10,guided-planning,udp,veh-024,veh-024,rsu-1,c4-rep1-udp-veh-024-408,ipi-session-1,airspan-followup-c4-rep1,veh-024,408,100-clients,default,stationary,unsynced,true,true,payload_bytes,1024,bytes,IPI-CooperativeService,1103,1786031569807481154,1786031395912407609,1786031395912436681,1786031569871246088,63.765,,0.029,173958.809,"CooperativeService{guidedPlanning, status=request, vehicleId=0x7665682d303234, requestedHorizonMs=2500, confidence=100, planning.waypoints=1, offloadTaskId=udp-probe-408, offloadPayload=1024 bytes}"
5g-udp-sender,1786031570159447480,edge4av-real-20260806-airspan-followup-run-1,c4-rep1-udp,airspan-followup-70-20-10,guided-planning,udp,veh-024,veh-024,rsu-1,c4-rep1-udp-veh-024-409,ipi-session-1,airspan-followup-c4-rep1,veh-024,409,100-clients,default,stationary,unsynced,true,true,payload_bytes,1024,bytes,IPI-CooperativeService,1103,1786031570071392648,1786031396193081906,1786031396193106643,1786031570159447480,88.055,,0.025,173966.341,"CooperativeService{guidedPlanning, status=request, vehicleId=0x7665682d303234, requestedHorizonMs=2500, confidence=100, planning.waypoints=1, offloadTaskId=udp-probe-409, offloadPayload=1024 bytes}"
5g-udp-sender,1786031570451212031,edge4av-real-20260806-airspan-followup-run-1,c4-rep1-udp,airspan-followup-70-20-10,guided-planning,udp,veh-024,veh-024,rsu-1,c4-rep1-udp-veh-024-410,ipi-session-1,airspan-followup-c4-rep1,veh-024,410,100-clients,default,stationary,unsynced,true,true,payload_bytes,1024,bytes,IPI-CooperativeService,1103,1786031570359755224,1786031396493335013,1786031396493359700,1786031570451212031,91.457,,0.025,173957.852,"CooperativeService{guidedPlanning, status=request, vehicleId=0x7665682d303234, requestedHorizonMs=2500, confidence=100, planning.waypoints=1, offloadTaskId=udp-probe-410, offloadPayload=1024 bytes}"
5g-udp-sender,1786031570751448164,edge4av-real-20260806-airspan-followup-run-1,c4-rep1-udp,airspan-followup-70-20-10,guided-planning,udp,veh-024,veh-024,rsu-1,c4-rep1-udp-veh-024-411,ipi-session-1,airspan-followup-c4-rep1,veh-024,411,100-clients,default,stationary,unsynced,true,true,payload_bytes,1024,bytes,IPI-CooperativeService,1103,1786031570651382262,1786031396793377732,1786031396793430208,1786031570751448164,100.066,,0.052,173958.018,"CooperativeService{guidedPlanning, status=request, vehicleId=0x7665682d303234, requestedHorizonMs=2500, confidence=100, planning.waypoints=1, offloadTaskId=udp-probe-411, offloadPayload=1024 bytes}"
5g-udp-sender,1786031571099384021,edge4av-real-20260806-airspan-followup-run-1,c4-rep1-udp,airspan-followup-70-20-10,guided-planning,udp,veh-024,veh-024,rsu-1,c4-rep1-udp-veh-024-412,ipi-session-1,airspan-followup-c4-rep1,veh-024,412,100-clients,default,stationary,unsynced,true,true,payload_bytes,1024,bytes,IPI-CooperativeService,1103,1786031570951695267,1786031397143996529,1786031397144013748,1786031571099384021,147.689,,0.017,173955.370,"CooperativeService{guidedPlanning, status=request, vehicleId=0x7665682d303234, requestedHorizonMs=2500, confidence=100, planning.waypoints=1, offloadTaskId=udp-probe-412, offloadPayload=1024 bytes}"
5g-udp-sender,1786031576701461545,edge4av-real-20260806-airspan-followup-run-1,c4-rep1-udp,airspan-followup-70-20-10,guided-planning,udp,veh-024,veh-024,rsu-1,c4-rep1-udp-veh-024-413,ipi-session-1,airspan-followup-c4-rep1,veh-024,413,100-clients,default,stationary,unsynced,false,false,payload_bytes,1024,bytes,IPI-CooperativeService,1103,1786031571299703395,,,1786031576701461545,,,,,udp ack timeout
5g-udp-sender,1786031576961281324,edge4av-real-20260806-airspan-followup-run-1,c4-rep1-udp,airspan-followup-70-20-10,guided-planning,udp,veh-024,veh-024,rsu-1,c4-rep1-udp-veh-024-414,ipi-session-1,airspan-followup-c4-rep1,veh-024,414,100-clients,default,stationary,unsynced,true,true,payload_bytes,1024,bytes,IPI-CooperativeService,1103,1786031576901594367,1786031403004586280,1786031403004653402,1786031576961281324,59.687,,0.067,173956.628,"CooperativeService{guidedPlanning, status=request, vehicleId=0x7665682d303234, requestedHorizonMs=2500, confidence=100, planning.waypoints=1, offloadTaskId=udp-probe-414, offloadPayload=1024 bytes}"
5g-udp-sender,1786031577219334217,edge4av-real-20260806-airspan-followup-run-1,c4-rep1-udp,airspan-followup-70-20-10,guided-planning,udp,veh-024,veh-024,rsu-1,c4-rep1-udp-veh-024-415,ipi-session-1,airspan-followup-c4-rep1,veh-024,415,100-clients,default,stationary,unsynced,true,true,payload_bytes,1024,bytes,IPI-CooperativeService,1103,1786031577161527065,1786031403265158639,1786031403265183935,1786031577219334217,57.807,,0.025,173954.150,"CooperativeService{guidedPlanning, status=request, vehicleId=0x7665682d303234, requestedHorizonMs=2500, confidence=100, planning.waypoints=1, offloadTaskId=udp-probe-415, offloadPayload=1024 bytes}"
5g-udp-sender,1786031577481357280,edge4av-real-20260806-airspan-followup-run-1,c4-rep1-udp,airspan-followup-70-20-10,guided-planning,udp,veh-024,veh-024,rsu-1,c4-rep1-udp-veh-024-416,ipi-session-1,airspan-followup-c4-rep1,veh-024,416,100-clients,default,stationary,unsynced,true,true,payload_bytes,1024,bytes,IPI-CooperativeService,1103,1786031577419578919,1786031403525643826,1786031403525669583,1786031577481357280,61.778,,0.026,173955.688,"CooperativeService{guidedPlanning, status=request, vehicleId=0x7665682d303234, requestedHorizonMs=2500, confidence=100, planning.waypoints=1, offloadTaskId=udp-probe-416, offloadPayload=1024 bytes}"
5g-udp-sender,1786031577755281016,edge4av-real-20260806-airspan-followup-run-1,c4-rep1-udp,airspan-followup-70-20-10,guided-planning,udp,veh-024,veh-024,rsu-1,c4-rep1-udp-veh-024-417,ipi-session-1,airspan-followup-c4-rep1,veh-024,417,100-clients,default,stationary,unsynced,true,true,payload_bytes,1024,bytes,IPI-CooperativeService,1103,1786031577681562678,1786031403795532801,1786031403795543302,1786031577755281016,73.718,,0.011,173959.738,"CooperativeService{guidedPlanning, status=request, vehicleId=0x7665682d303234, requestedHorizonMs=2500, confidence=100, planning.waypoints=1, offloadTaskId=udp-probe-417, offloadPayload=1024 bytes}"
5g-udp-sender,1786031578025456708,edge4av-real-20260806-airspan-followup-run-1,c4-rep1-udp,airspan-followup-70-20-10,guided-planning,udp,veh-024,veh-024,rsu-1,c4-rep1-udp-veh-024-418,ipi-session-1,airspan-followup-c4-rep1,veh-024,418,100-clients,default,stationary,unsynced,true,true,payload_bytes,1024,bytes,IPI-CooperativeService,1103,1786031577955451829,1786031404065947847,1786031404065963607,1786031578025456708,70.005,,0.016,173959.493,"CooperativeService{guidedPlanning, status=request, vehicleId=0x7665682d303234, requestedHorizonMs=2500, confidence=100, planning.waypoints=1, offloadTaskId=udp-probe-418, offloadPayload=1024 bytes}"
5g-udp-sender,1786031578333409030,edge4av-real-20260806-airspan-followup-run-1,c4-rep1-udp,airspan-followup-70-20-10,guided-planning,udp,veh-024,veh-024,rsu-1,c4-rep1-udp-veh-024-419,ipi-session-1,airspan-followup-c4-rep1,veh-024,419,100-clients,default,stationary,unsynced,true,true,payload_bytes,1024,bytes,IPI-CooperativeService,1103,1786031578225731969,1786031404376533885,1786031404376542622,1786031578333409030,107.677,,0.009,173956.866,"CooperativeService{guidedPlanning, status=request, vehicleId=0x7665682d303234, requestedHorizonMs=2500, confidence=100, planning.waypoints=1, offloadTaskId=udp-probe-419, offloadPayload=1024 bytes}"
5g-udp-sender,1786031578613328083,edge4av-real-20260806-airspan-followup-run-1,c4-rep1-udp,airspan-followup-70-20-10,guided-planning,udp,veh-024,veh-024,rsu-1,c4-rep1-udp-veh-024-420,ipi-session-1,airspan-followup-c4-rep1,veh-024,420,100-clients,default,stationary,unsynced,true,true,payload_bytes,1024,bytes,IPI-CooperativeService,1103,1786031578533673207,1786031404647590190,1786031404647615862,1786031578613328083,79.655,,0.026,173965.712,"CooperativeService{guidedPlanning, status=request, vehicleId=0x7665682d303234, requestedHorizonMs=2500, confidence=100, planning.waypoints=1, offloadTaskId=udp-probe-420, offloadPayload=1024 bytes}"
5g-udp-sender,1786031578901285948,edge4av-real-20260806-airspan-followup-run-1,c4-rep1-udp,airspan-followup-70-20-10,guided-planning,udp,veh-024,veh-024,rsu-1,c4-rep1-udp-veh-024-421,ipi-session-1,airspan-followup-c4-rep1,veh-024,421,100-clients,default,stationary,unsynced,true,true,payload_bytes,1024,bytes,IPI-CooperativeService,1103,1786031578813547272,1786031404947413605,1786031404947439049,1786031578901285948,87.739,,0.025,173953.847,"CooperativeService{guidedPlanning, status=request, vehicleId=0x7665682d303234, requestedHorizonMs=2500, confidence=100, planning.waypoints=1, offloadTaskId=udp-probe-421, offloadPayload=1024 bytes}"
5g-udp-sender,1786031579183281219,edge4av-real-20260806-airspan-followup-run-1,c4-rep1-udp,airspan-followup-70-20-10,guided-planning,udp,veh-024,veh-024,rsu-1,c4-rep1-udp-veh-024-422,ipi-session-1,airspan-followup-c4-rep1,veh-024,422,100-clients,default,stationary,unsynced,true,true,payload_bytes,1024,bytes,IPI-CooperativeService,1103,1786031579101485084,1786031405228367729,1786031405228395778,1786031579183281219,81.796,,0.028,173954.885,"CooperativeService{guidedPlanning, status=request, vehicleId=0x7665682d303234, requestedHorizonMs=2500, confidence=100, planning.waypoints=1, offloadTaskId=udp-probe-422, offloadPayload=1024 bytes}"
5g-udp-sender,1786031579447233815,edge4av-real-20260806-airspan-followup-run-1,c4-rep1-udp,airspan-followup-70-20-10,guided-planning,udp,veh-024,veh-024,rsu-1,c4-rep1-udp-veh-024-423,ipi-session-1,airspan-followup-c4-rep1,veh-024,423,100-clients,default,stationary,unsynced,true,true,payload_bytes,1024,bytes,IPI-CooperativeService,1103,1786031579383439474,1786031405488582042,1786031405488614225,1786031579447233815,63.794,,0.032,173958.620,"CooperativeService{guidedPlanning, status=request, vehicleId=0x7665682d303234, requestedHorizonMs=2500, confidence=100, planning.waypoints=1, offloadTaskId=udp-probe-423, offloadPayload=1024 bytes}"
5g-udp-sender,1786031579783155115,edge4av-real-20260806-airspan-followup-run-1,c4-rep1-udp,airspan-followup-70-20-10,guided-planning,udp,veh-024,veh-024,rsu-1,c4-rep1-udp-veh-024-424,ipi-session-1,airspan-followup-c4-rep1,veh-024,424,100-clients,default,stationary,unsynced,true,true,payload_bytes,1024,bytes,IPI-CooperativeService,1103,1786031579647382050,1786031405828948399,1786031405829000382,1786031579783155115,135.773,,0.052,173954.155,"CooperativeService{guidedPlanning, status=request, vehicleId=0x7665682d303234, requestedHorizonMs=2500, confidence=100, planning.waypoints=1, offloadTaskId=udp-probe-424, offloadPayload=1024 bytes}"
5g-udp-sender,1786031580085468792,edge4av-real-20260806-airspan-followup-run-1,c4-rep1-udp,airspan-followup-70-20-10,guided-planning,udp,veh-024,veh-024,rsu-1,c4-rep1-udp-veh-024-425,ipi-session-1,airspan-followup-c4-rep1,veh-024,425,100-clients,default,stationary,unsynced,true,true,payload_bytes,1024,bytes,IPI-CooperativeService,1103,1786031579983369885,1786031406130577721,1786031406130632905,1786031580085468792,102.099,,0.055,173954.836,"CooperativeService{guidedPlanning, status=request, vehicleId=0x7665682d303234, requestedHorizonMs=2500, confidence=100, planning.waypoints=1, offloadTaskId=udp-probe-425, offloadPayload=1024 bytes}"
5g-udp-sender,1786031580379366815,edge4av-real-20260806-airspan-followup-run-1,c4-rep1-udp,airspan-followup-70-20-10,guided-planning,udp,veh-024,veh-024,rsu-1,c4-rep1-udp-veh-024-426,ipi-session-1,airspan-followup-c4-rep1,veh-024,426,100-clients,default,stationary,unsynced,true,true,payload_bytes,1024,bytes,IPI-CooperativeService,1103,1786031580285658234,1786031406420574625,1786031406420631746,1786031580379366815,93.709,,0.057,173958.735,"CooperativeService{guidedPlanning, status=request, vehicleId=0x7665682d303234, requestedHorizonMs=2500, confidence=100, planning.waypoints=1, offloadTaskId=udp-probe-426, offloadPayload=1024 bytes}"
5g-udp-sender,1786031580751252490,edge4av-real-20260806-airspan-followup-run-1,c4-rep1-udp,airspan-followup-70-20-10,guided-planning,udp,veh-024,veh-024,rsu-1,c4-rep1-udp-veh-024-427,ipi-session-1,airspan-followup-c4-rep1,veh-024,427,100-clients,default,stationary,unsynced,true,true,payload_bytes,1024,bytes,IPI-CooperativeService,1103,1786031580579503474,1786031406790746165,1786031406790777661,1786031580751252490,171.749,,0.031,173960.475,"CooperativeService{guidedPlanning, status=request, vehicleId=0x7665682d303234, requestedHorizonMs=2500, confidence=100, planning.waypoints=1, offloadTaskId=udp-probe-427, offloadPayload=1024 bytes}"
5g-udp-sender,1786031581047532275,edge4av-real-20260806-airspan-followup-run-1,c4-rep1-udp,airspan-followup-70-20-10,guided-planning,udp,veh-024,veh-024,rsu-1,c4-rep1-udp-veh-024-428,ipi-session-1,airspan-followup-c4-rep1,veh-024,428,100-clients,default,stationary,unsynced,true,true,payload_bytes,1024,bytes,IPI-CooperativeService,1103,1786031580951896899,1786031407091900256,1786031407091927676,1786031581047532275,95.635,,0.027,173955.605,"CooperativeService{guidedPlanning, status=request, vehicleId=0x7665682d303234, requestedHorizonMs=2500, confidence=100, planning.waypoints=1, offloadTaskId=udp-probe-428, offloadPayload=1024 bytes}"
5g-udp-sender,1786031581309339474,edge4av-real-20260806-airspan-followup-run-1,c4-rep1-udp,airspan-followup-70-20-10,guided-planning,udp,veh-024,veh-024,rsu-1,c4-rep1-udp-veh-024-429,ipi-session-1,airspan-followup-c4-rep1,veh-024,429,100-clients,default,stationary,unsynced,true,true,payload_bytes,1024,bytes,IPI-CooperativeService,1103,1786031581248002483,1786031407352220866,1786031407352249573,1786031581309339474,61.337,,0.029,173957.090,"CooperativeService{guidedPlanning, status=request, vehicleId=0x7665682d303234, requestedHorizonMs=2500, confidence=100, planning.waypoints=1, offloadTaskId=udp-probe-429, offloadPayload=1024 bytes}"
5g-udp-sender,1786031581587368968,edge4av-real-20260806-airspan-followup-run-1,c4-rep1-udp,airspan-followup-70-20-10,guided-planning,udp,veh-024,veh-024,rsu-1,c4-rep1-udp-veh-024-430,ipi-session-1,airspan-followup-c4-rep1,veh-024,430,100-clients,default,stationary,unsynced,true,true,payload_bytes,1024,bytes,IPI-CooperativeService,1103,1786031581509817344,1786031407622717588,1786031407622744391,1786031581587368968,77.552,,0.027,173964.625,"CooperativeService{guidedPlanning, status=request, vehicleId=0x7665682d303234, requestedHorizonMs=2500, confidence=100, planning.waypoints=1, offloadTaskId=udp-probe-430, offloadPayload=1024 bytes}"
5g-udp-sender,1786031581839272156,edge4av-real-20260806-airspan-followup-run-1,c4-rep1-udp,airspan-followup-70-20-10,guided-planning,udp,veh-024,veh-024,rsu-1,c4-rep1-udp-veh-024-431,ipi-session-1,airspan-followup-c4-rep1,veh-024,431,100-clients,default,stationary,unsynced,true,true,payload_bytes,1024,bytes,IPI-CooperativeService,1103,1786031581787551150,1786031407882913040,1786031407882950312,1786031581839272156,51.721,,0.037,173956.322,"CooperativeService{guidedPlanning, status=request, vehicleId=0x7665682d303234, requestedHorizonMs=2500, confidence=100, planning.waypoints=1, offloadTaskId=udp-probe-431, offloadPayload=1024 bytes}"
5g-udp-sender,1786031582097262913,edge4av-real-20260806-airspan-followup-run-1,c4-rep1-udp,airspan-followup-70-20-10,guided-planning,udp,veh-024,veh-024,rsu-1,c4-rep1-udp-veh-024-432,ipi-session-1,airspan-followup-c4-rep1,veh-024,432,100-clients,default,stationary,unsynced,true,true,payload_bytes,1024,bytes,IPI-CooperativeService,1103,1786031582039402929,1786031408143451136,1786031408143477094,1786031582097262913,57.860,,0.026,173953.786,"CooperativeService{guidedPlanning, status=request, vehicleId=0x7665682d303234, requestedHorizonMs=2500, confidence=100, planning.waypoints=1, offloadTaskId=udp-probe-432, offloadPayload=1024 bytes}"
5g-udp-sender,1786031582351451090,edge4av-real-20260806-airspan-followup-run-1,c4-rep1-udp,airspan-followup-70-20-10,guided-planning,udp,veh-024,veh-024,rsu-1,c4-rep1-udp-veh-024-433,ipi-session-1,airspan-followup-c4-rep1,veh-024,433,100-clients,default,stationary,unsynced,true,true,payload_bytes,1024,bytes,IPI-CooperativeService,1103,1786031582297441345,1786031408393956778,1786031408393985688,1786031582351451090,54.010,,0.029,173957.465,"CooperativeService{guidedPlanning, status=request, vehicleId=0x7665682d303234, requestedHorizonMs=2500, confidence=100, planning.waypoints=1, offloadTaskId=udp-probe-433, offloadPayload=1024 bytes}"
5g-udp-sender,1786031582589129474,edge4av-real-20260806-airspan-followup-run-1,c4-rep1-udp,airspan-followup-70-20-10,guided-planning,udp,veh-024,veh-024,rsu-1,c4-rep1-udp-veh-024-434,ipi-session-1,airspan-followup-c4-rep1,veh-024,434,100-clients,default,stationary,unsynced,true,true,payload_bytes,1024,bytes,IPI-CooperativeService,1103,1786031582551658858,1786031408633851539,1786031408633893039,1786031582589129474,37.471,,0.042,173955.236,"CooperativeService{guidedPlanning, status=request, vehicleId=0x7665682d303234, requestedHorizonMs=2500, confidence=100, planning.waypoints=1, offloadTaskId=udp-probe-434, offloadPayload=1024 bytes}"
5g-udp-sender,1786031582818257050,edge4av-real-20260806-airspan-followup-run-1,c4-rep1-udp,airspan-followup-70-20-10,guided-planning,udp,veh-024,veh-024,rsu-1,c4-rep1-udp-veh-024-435,ipi-session-1,airspan-followup-c4-rep1,veh-024,435,100-clients,default,stationary,unsynced,true,true,payload_bytes,1024,bytes,IPI-CooperativeService,1103,1786031582789305775,1786031408864212158,1786031408864235655,1786031582818257050,28.951,,0.023,173954.021,"CooperativeService{guidedPlanning, status=request, vehicleId=0x7665682d303234, requestedHorizonMs=2500, confidence=100, planning.waypoints=1, offloadTaskId=udp-probe-435, offloadPayload=1024 bytes}"
5g-udp-sender,1786031583079266389,edge4av-real-20260806-airspan-followup-run-1,c4-rep1-udp,airspan-followup-70-20-10,guided-planning,udp,veh-024,veh-024,rsu-1,c4-rep1-udp-veh-024-436,ipi-session-1,airspan-followup-c4-rep1,veh-024,436,100-clients,default,stationary,unsynced,true,true,payload_bytes,1024,bytes,IPI-CooperativeService,1103,1786031583018446011,1786031409124733855,1786031409124784592,1786031583079266389,60.820,,0.051,173954.482,"CooperativeService{guidedPlanning, status=request, vehicleId=0x7665682d303234, requestedHorizonMs=2500, confidence=100, planning.waypoints=1, offloadTaskId=udp-probe-436, offloadPayload=1024 bytes}"
5g-udp-sender,1786031583349718665,edge4av-real-20260806-airspan-followup-run-1,c4-rep1-udp,airspan-followup-70-20-10,guided-planning,udp,veh-024,veh-024,rsu-1,c4-rep1-udp-veh-024-437,ipi-session-1,airspan-followup-c4-rep1,veh-024,437,100-clients,default,stationary,unsynced,true,true,payload_bytes,1024,bytes,IPI-CooperativeService,1103,1786031583279446786,1786031409394976629,1786031409394993132,1786031583349718665,70.272,,0.017,173954.726,"CooperativeService{guidedPlanning, status=request, vehicleId=0x7665682d303234, requestedHorizonMs=2500, confidence=100, planning.waypoints=1, offloadTaskId=udp-probe-437, offloadPayload=1024 bytes}"
5g-udp-sender,1786031583641354580,edge4av-real-20260806-airspan-followup-run-1,c4-rep1-udp,airspan-followup-70-20-10,guided-planning,udp,veh-024,veh-024,rsu-1,c4-rep1-udp-veh-024-438,ipi-session-1,airspan-followup-c4-rep1,veh-024,438,100-clients,default,stationary,unsynced,true,true,payload_bytes,1024,bytes,IPI-CooperativeService,1103,1786031583549985719,1786031409685587467,1786031409685616910,1786031583641354580,91.369,,0.029,173955.738,"CooperativeService{guidedPlanning, status=request, vehicleId=0x7665682d303234, requestedHorizonMs=2500, confidence=100, planning.waypoints=1, offloadTaskId=udp-probe-438, offloadPayload=1024 bytes}"
5g-udp-sender,1786031583923546885,edge4av-real-20260806-airspan-followup-run-1,c4-rep1-udp,airspan-followup-70-20-10,guided-planning,udp,veh-024,veh-024,rsu-1,c4-rep1-udp-veh-024-439,ipi-session-1,airspan-followup-c4-rep1,veh-024,439,100-clients,default,stationary,unsynced,true,true,payload_bytes,1024,bytes,IPI-CooperativeService,1103,1786031583841585811,1786031409956625392,1786031409956645061,1786031583923546885,81.961,,0.020,173966.902,"CooperativeService{guidedPlanning, status=request, vehicleId=0x7665682d303234, requestedHorizonMs=2500, confidence=100, planning.waypoints=1, offloadTaskId=udp-probe-439, offloadPayload=1024 bytes}"
5g-udp-sender,1786031584171354572,edge4av-real-20260806-airspan-followup-run-1,c4-rep1-udp,airspan-followup-70-20-10,guided-planning,udp,veh-024,veh-024,rsu-1,c4-rep1-udp-veh-024-440,ipi-session-1,airspan-followup-c4-rep1,veh-024,440,100-clients,default,stationary,unsynced,true,true,payload_bytes,1024,bytes,IPI-CooperativeService,1103,1786031584123725214,1786031410216673741,1786031410216727454,1786031584171354572,47.629,,0.054,173954.627,"CooperativeService{guidedPlanning, status=request, vehicleId=0x7665682d303234, requestedHorizonMs=2500, confidence=100, planning.waypoints=1, offloadTaskId=udp-probe-440, offloadPayload=1024 bytes}"
5g-udp-sender,1786031584401357613,edge4av-real-20260806-airspan-followup-run-1,c4-rep1-udp,airspan-followup-70-20-10,guided-planning,udp,veh-024,veh-024,rsu-1,c4-rep1-udp-veh-024-441,ipi-session-1,airspan-followup-c4-rep1,veh-024,441,100-clients,default,stationary,unsynced,true,true,payload_bytes,1024,bytes,IPI-CooperativeService,1103,1786031584371554953,1786031410447257154,1786031410447308047,1786031584401357613,29.803,,0.051,173954.050,"CooperativeService{guidedPlanning, status=request, vehicleId=0x7665682d303234, requestedHorizonMs=2500, confidence=100, planning.waypoints=1, offloadTaskId=udp-probe-441, offloadPayload=1024 bytes}"
5g-udp-sender,1786031584625417204,edge4av-real-20260806-airspan-followup-run-1,c4-rep1-udp,airspan-followup-70-20-10,guided-planning,udp,veh-024,veh-024,rsu-1,c4-rep1-udp-veh-024-442,ipi-session-1,airspan-followup-c4-rep1,veh-024,442,100-clients,default,stationary,unsynced,true,true,payload_bytes,1024,bytes,IPI-CooperativeService,1103,1786031584601557206,1786031410667853117,1786031410667879266,1786031584625417204,23.860,,0.026,173957.538,"CooperativeService{guidedPlanning, status=request, vehicleId=0x7665682d303234, requestedHorizonMs=2500, confidence=100, planning.waypoints=1, offloadTaskId=udp-probe-442, offloadPayload=1024 bytes}"
5g-udp-sender,1786031584867368926,edge4av-real-20260806-airspan-followup-run-1,c4-rep1-udp,airspan-followup-70-20-10,guided-planning,udp,veh-024,veh-024,rsu-1,c4-rep1-udp-veh-024-443,ipi-session-1,airspan-followup-c4-rep1,veh-024,443,100-clients,default,stationary,unsynced,true,true,payload_bytes,1024,bytes,IPI-CooperativeService,1103,1786031584825600294,1786031410908344342,1786031410908369868,1786031584867368926,41.769,,0.026,173958.999,"CooperativeService{guidedPlanning, status=request, vehicleId=0x7665682d303234, requestedHorizonMs=2500, confidence=100, planning.waypoints=1, offloadTaskId=udp-probe-443, offloadPayload=1024 bytes}"
5g-udp-sender,1786031585113442211,edge4av-real-20260806-airspan-followup-run-1,c4-rep1-udp,airspan-followup-70-20-10,guided-planning,udp,veh-024,veh-024,rsu-1,c4-rep1-udp-veh-024-444,ipi-session-1,airspan-followup-c4-rep1,veh-024,444,100-clients,default,stationary,unsynced,true,true,payload_bytes,1024,bytes,IPI-CooperativeService,1103,1786031585067646580,1786031411158546382,1786031411158560097,1786031585113442211,45.796,,0.014,173954.882,"CooperativeService{guidedPlanning, status=request, vehicleId=0x7665682d303234, requestedHorizonMs=2500, confidence=100, planning.waypoints=1, offloadTaskId=udp-probe-444, offloadPayload=1024 bytes}"
5g-udp-sender,1786031585357470505,edge4av-real-20260806-airspan-followup-run-1,c4-rep1-udp,airspan-followup-70-20-10,guided-planning,udp,veh-024,veh-024,rsu-1,c4-rep1-udp-veh-024-445,ipi-session-1,airspan-followup-c4-rep1,veh-024,445,100-clients,default,stationary,unsynced,true,true,payload_bytes,1024,bytes,IPI-CooperativeService,1103,1786031585313600304,1786031411398788250,1786031411398805871,1786031585357470505,43.870,,0.018,173958.665,"CooperativeService{guidedPlanning, status=request, vehicleId=0x7665682d303234, requestedHorizonMs=2500, confidence=100, planning.waypoints=1, offloadTaskId=udp-probe-445, offloadPayload=1024 bytes}"
5g-udp-sender,1786031585645398773,edge4av-real-20260806-airspan-followup-run-1,c4-rep1-udp,airspan-followup-70-20-10,guided-planning,udp,veh-024,veh-024,rsu-1,c4-rep1-udp-veh-024-446,ipi-session-1,airspan-followup-c4-rep1,veh-024,446,100-clients,default,stationary,unsynced,true,true,payload_bytes,1024,bytes,IPI-CooperativeService,1103,1786031585557636901,1786031411688863722,1786031411688892325,1786031585645398773,87.762,,0.029,173956.506,"CooperativeService{guidedPlanning, status=request, vehicleId=0x7665682d303234, requestedHorizonMs=2500, confidence=100, planning.waypoints=1, offloadTaskId=udp-probe-446, offloadPayload=1024 bytes}"
5g-udp-sender,1786031585945446980,edge4av-real-20260806-airspan-followup-run-1,c4-rep1-udp,airspan-followup-70-20-10,guided-planning,udp,veh-024,veh-024,rsu-1,c4-rep1-udp-veh-024-447,ipi-session-1,airspan-followup-c4-rep1,veh-024,447,100-clients,default,stationary,unsynced,true,true,payload_bytes,1024,bytes,IPI-CooperativeService,1103,1786031585845573759,1786031411990161730,1786031411990186824,1786031585945446980,99.873,,0.025,173955.260,"CooperativeService{guidedPlanning, status=request, vehicleId=0x7665682d303234, requestedHorizonMs=2500, confidence=100, planning.waypoints=1, offloadTaskId=udp-probe-447, offloadPayload=1024 bytes}"
5g-udp-sender,1786031586279417451,edge4av-real-20260806-airspan-followup-run-1,c4-rep1-udp,airspan-followup-70-20-10,guided-planning,udp,veh-024,veh-024,rsu-1,c4-rep1-udp-veh-024-448,ipi-session-1,airspan-followup-c4-rep1,veh-024,448,100-clients,default,stationary,unsynced,true,true,payload_bytes,1024,bytes,IPI-CooperativeService,1103,1786031586145605342,1786031412320509825,1786031412320562542,1786031586279417451,133.812,,0.053,173958.855,"CooperativeService{guidedPlanning, status=request, vehicleId=0x7665682d303234, requestedHorizonMs=2500, confidence=100, planning.waypoints=1, offloadTaskId=udp-probe-448, offloadPayload=1024 bytes}"
5g-udp-sender,1786031586597474556,edge4av-real-20260806-airspan-followup-run-1,c4-rep1-udp,airspan-followup-70-20-10,guided-planning,udp,veh-024,veh-024,rsu-1,c4-rep1-udp-veh-024-449,ipi-session-1,airspan-followup-c4-rep1,veh-024,449,100-clients,default,stationary,unsynced,true,true,payload_bytes,1024,bytes,IPI-CooperativeService,1103,1786031586479598746,1786031412630886906,1786031412630940520,1786031586597474556,117.876,,0.054,173966.534,"CooperativeService{guidedPlanning, status=request, vehicleId=0x7665682d303234, requestedHorizonMs=2500, confidence=100, planning.waypoints=1, offloadTaskId=udp-probe-449, offloadPayload=1024 bytes}"
5g-udp-sender,1786031586875280445,edge4av-real-20260806-airspan-followup-run-1,c4-rep1-udp,airspan-followup-70-20-10,guided-planning,udp,veh-024,veh-024,rsu-1,c4-rep1-udp-veh-024-450,ipi-session-1,airspan-followup-c4-rep1,veh-024,450,100-clients,default,stationary,unsynced,true,true,payload_bytes,1024,bytes,IPI-CooperativeService,1103,1786031586797652247,1786031412921323753,1786031412921376319,1786031586875280445,77.628,,0.053,173953.904,"CooperativeService{guidedPlanning, status=request, vehicleId=0x7665682d303234, requestedHorizonMs=2500, confidence=100, planning.waypoints=1, offloadTaskId=udp-probe-450, offloadPayload=1024 bytes}"
5g-udp-sender,1786031587119284929,edge4av-real-20260806-airspan-followup-run-1,c4-rep1-udp,airspan-followup-70-20-10,guided-planning,udp,veh-024,veh-024,rsu-1,c4-rep1-udp-veh-024-451,ipi-session-1,airspan-followup-c4-rep1,veh-024,451,100-clients,default,stationary,unsynced,true,true,payload_bytes,1024,bytes,IPI-CooperativeService,1103,1786031587075534985,1786031413161989723,1786031413162035029,1786031587119284929,43.750,,0.045,173957.250,"CooperativeService{guidedPlanning, status=request, vehicleId=0x7665682d303234, requestedHorizonMs=2500, confidence=100, planning.waypoints=1, offloadTaskId=udp-probe-451, offloadPayload=1024 bytes}"
5g-udp-sender,1786031587369282092,edge4av-real-20260806-airspan-followup-run-1,c4-rep1-udp,airspan-followup-70-20-10,guided-planning,udp,veh-024,veh-024,rsu-1,c4-rep1-udp-veh-024-452,ipi-session-1,airspan-followup-c4-rep1,veh-024,452,100-clients,default,stationary,unsynced,true,true,payload_bytes,1024,bytes,IPI-CooperativeService,1103,1786031587319452047,1786031413412082939,1786031413412095213,1786031587369282092,49.830,,0.012,173957.187,"CooperativeService{guidedPlanning, status=request, vehicleId=0x7665682d303234, requestedHorizonMs=2500, confidence=100, planning.waypoints=1, offloadTaskId=udp-probe-452, offloadPayload=1024 bytes}"
5g-udp-sender,1786031587607323059,edge4av-real-20260806-airspan-followup-run-1,c4-rep1-udp,airspan-followup-70-20-10,guided-planning,udp,veh-024,veh-024,rsu-1,c4-rep1-udp-veh-024-453,ipi-session-1,airspan-followup-c4-rep1,veh-024,453,100-clients,default,stationary,unsynced,true,true,payload_bytes,1024,bytes,IPI-CooperativeService,1103,1786031587569455486,1786031413652377311,1786031413652390801,1786031587607323059,37.868,,0.013,173954.932,"CooperativeService{guidedPlanning, status=request, vehicleId=0x7665682d303234, requestedHorizonMs=2500, confidence=100, planning.waypoints=1, offloadTaskId=udp-probe-453, offloadPayload=1024 bytes}"
5g-udp-sender,1786031587837326635,edge4av-real-20260806-airspan-followup-run-1,c4-rep1-udp,airspan-followup-70-20-10,guided-planning,udp,veh-024,veh-024,rsu-1,c4-rep1-udp-veh-024-454,ipi-session-1,airspan-followup-c4-rep1,veh-024,454,100-clients,default,stationary,unsynced,true,true,payload_bytes,1024,bytes,IPI-CooperativeService,1103,1786031587807534768,1786031413882947840,1786031413882960852,1786031587837326635,29.792,,0.013,173954.366,"CooperativeService{guidedPlanning, status=request, vehicleId=0x7665682d303234, requestedHorizonMs=2500, confidence=100, planning.waypoints=1, offloadTaskId=udp-probe-454, offloadPayload=1024 bytes}"
5g-udp-sender,1786031588073488304,edge4av-real-20260806-airspan-followup-run-1,c4-rep1-udp,airspan-followup-70-20-10,guided-planning,udp,veh-024,veh-024,rsu-1,c4-rep1-udp-veh-024-455,ipi-session-1,airspan-followup-c4-rep1,veh-024,455,100-clients,default,stationary,unsynced,true,true,payload_bytes,1024,bytes,IPI-CooperativeService,1103,1786031588037494361,1786031414113527695,1786031414113556469,1786031588073488304,35.994,,0.029,173959.932,"CooperativeService{guidedPlanning, status=request, vehicleId=0x7665682d303234, requestedHorizonMs=2500, confidence=100, planning.waypoints=1, offloadTaskId=udp-probe-455, offloadPayload=1024 bytes}"
5g-udp-sender,1786031588309460144,edge4av-real-20260806-airspan-followup-run-1,c4-rep1-udp,airspan-followup-70-20-10,guided-planning,udp,veh-024,veh-024,rsu-1,c4-rep1-udp-veh-024-456,ipi-session-1,airspan-followup-c4-rep1,veh-024,456,100-clients,default,stationary,unsynced,true,true,payload_bytes,1024,bytes,IPI-CooperativeService,1103,1786031588273667806,1786031414353790645,1786031414353843798,1786031588309460144,35.792,,0.053,173955.616,"CooperativeService{guidedPlanning, status=request, vehicleId=0x7665682d303234, requestedHorizonMs=2500, confidence=100, planning.waypoints=1, offloadTaskId=udp-probe-456, offloadPayload=1024 bytes}"
5g-udp-sender,1786031588553464412,edge4av-real-20260806-airspan-followup-run-1,c4-rep1-udp,airspan-followup-70-20-10,guided-planning,udp,veh-024,veh-024,rsu-1,c4-rep1-udp-veh-024-457,ipi-session-1,airspan-followup-c4-rep1,veh-024,457,100-clients,default,stationary,unsynced,true,true,payload_bytes,1024,bytes,IPI-CooperativeService,1103,1786031588509715336,1786031414594709434,1786031414594728342,1786031588553464412,43.749,,0.019,173958.736,"CooperativeService{guidedPlanning, status=request, vehicleId=0x7665682d303234, requestedHorizonMs=2500, confidence=100, planning.waypoints=1, offloadTaskId=udp-probe-457, offloadPayload=1024 bytes}"
5g-udp-sender,1786031588793253579,edge4av-real-20260806-airspan-followup-run-1,c4-rep1-udp,airspan-followup-70-20-10,guided-planning,udp,veh-024,veh-024,rsu-1,c4-rep1-udp-veh-024-458,ipi-session-1,airspan-followup-c4-rep1,veh-024,458,100-clients,default,stationary,unsynced,true,true,payload_bytes,1024,bytes,IPI-CooperativeService,1103,1786031588753651627,1786031414834846671,1786031414834880274,1786031588793253579,39.602,,0.034,173958.373,"CooperativeService{guidedPlanning, status=request, vehicleId=0x7665682d303234, requestedHorizonMs=2500, confidence=100, planning.waypoints=1, offloadTaskId=udp-probe-458, offloadPayload=1024 bytes}"
5g-udp-sender,1786031589041470506,edge4av-real-20260806-airspan-followup-run-1,c4-rep1-udp,airspan-followup-70-20-10,guided-planning,udp,veh-024,veh-024,rsu-1,c4-rep1-udp-veh-024-459,ipi-session-1,airspan-followup-c4-rep1,veh-024,459,100-clients,default,stationary,unsynced,true,true,payload_bytes,1024,bytes,IPI-CooperativeService,1103,1786031588993462215,1786031415085127503,1786031415085156195,1786031589041470506,48.008,,0.029,173956.314,"CooperativeService{guidedPlanning, status=request, vehicleId=0x7665682d303234, requestedHorizonMs=2500, confidence=100, planning.waypoints=1, offloadTaskId=udp-probe-459, offloadPayload=1024 bytes}"
5g-udp-sender,1786031589295254898,edge4av-real-20260806-airspan-followup-run-1,c4-rep1-udp,airspan-followup-70-20-10,guided-planning,udp,veh-024,veh-024,rsu-1,c4-rep1-udp-veh-024-460,ipi-session-1,airspan-followup-c4-rep1,veh-024,460,100-clients,default,stationary,unsynced,true,true,payload_bytes,1024,bytes,IPI-CooperativeService,1103,1786031589241635013,1786031415335733854,1786031415335762441,1786031589295254898,53.620,,0.029,173959.492,"CooperativeService{guidedPlanning, status=request, vehicleId=0x7665682d303234, requestedHorizonMs=2500, confidence=100, planning.waypoints=1, offloadTaskId=udp-probe-460, offloadPayload=1024 bytes}"
5g-udp-sender,1786031589535259657,edge4av-real-20260806-airspan-followup-run-1,c4-rep1-udp,airspan-followup-70-20-10,guided-planning,udp,veh-024,veh-024,rsu-1,c4-rep1-udp-veh-024-461,ipi-session-1,airspan-followup-c4-rep1,veh-024,461,100-clients,default,stationary,unsynced,true,true,payload_bytes,1024,bytes,IPI-CooperativeService,1103,1786031589495461066,1786031415575891502,1786031415575909320,1786031589535259657,39.799,,0.018,173959.350,"CooperativeService{guidedPlanning, status=request, vehicleId=0x7665682d303234, requestedHorizonMs=2500, confidence=100, planning.waypoints=1, offloadTaskId=udp-probe-461, offloadPayload=1024 bytes}"
5g-udp-sender,1786031589773313081,edge4av-real-20260806-airspan-followup-run-1,c4-rep1-udp,airspan-followup-70-20-10,guided-planning,udp,veh-024,veh-024,rsu-1,c4-rep1-udp-veh-024-462,ipi-session-1,airspan-followup-c4-rep1,veh-024,462,100-clients,default,stationary,unsynced,true,true,payload_bytes,1024,bytes,IPI-CooperativeService,1103,1786031589735454861,1786031415816954470,1786031415816980795,1786031589773313081,37.858,,0.026,173956.332,"CooperativeService{guidedPlanning, status=request, vehicleId=0x7665682d303234, requestedHorizonMs=2500, confidence=100, planning.waypoints=1, offloadTaskId=udp-probe-462, offloadPayload=1024 bytes}"
5g-udp-sender,1786031590010852377,edge4av-real-20260806-airspan-followup-run-1,c4-rep1-udp,airspan-followup-70-20-10,guided-planning,udp,veh-024,veh-024,rsu-1,c4-rep1-udp-veh-024-463,ipi-session-1,airspan-followup-c4-rep1,veh-024,463,100-clients,default,stationary,unsynced,true,true,payload_bytes,1024,bytes,IPI-CooperativeService,1103,1786031589973519483,1786031416056920759,1786031416056973026,1786031590010852377,37.333,,0.052,173953.879,"CooperativeService{guidedPlanning, status=request, vehicleId=0x7665682d303234, requestedHorizonMs=2500, confidence=100, planning.waypoints=1, offloadTaskId=udp-probe-463, offloadPayload=1024 bytes}"
5g-udp-sender,1786031590261318864,edge4av-real-20260806-airspan-followup-run-1,c4-rep1-udp,airspan-followup-70-20-10,guided-planning,udp,veh-024,veh-024,rsu-1,c4-rep1-udp-veh-024-464,ipi-session-1,airspan-followup-c4-rep1,veh-024,464,100-clients,default,stationary,unsynced,true,true,payload_bytes,1024,bytes,IPI-CooperativeService,1103,1786031590211023688,1786031416307049666,1786031416307063142,1786031590261318864,50.295,,0.013,173954.256,"CooperativeService{guidedPlanning, status=request, vehicleId=0x7665682d303234, requestedHorizonMs=2500, confidence=100, planning.waypoints=1, offloadTaskId=udp-probe-464, offloadPayload=1024 bytes}"
5g-udp-sender,1786031590570642953,edge4av-real-20260806-airspan-followup-run-1,c4-rep1-udp,airspan-followup-70-20-10,guided-planning,udp,veh-024,veh-024,rsu-1,c4-rep1-udp-veh-024-465,ipi-session-1,airspan-followup-c4-rep1,veh-024,465,100-clients,default,stationary,unsynced,true,true,payload_bytes,1024,bytes,IPI-CooperativeService,1103,1786031590461451561,1786031416617775781,1786031416617786570,1786031590570642953,109.191,,0.011,173952.856,"CooperativeService{guidedPlanning, status=request, vehicleId=0x7665682d303234, requestedHorizonMs=2500, confidence=100, planning.waypoints=1, offloadTaskId=udp-probe-465, offloadPayload=1024 bytes}"
5g-udp-sender,1786031590881511636,edge4av-real-20260806-airspan-followup-run-1,c4-rep1-udp,airspan-followup-70-20-10,guided-planning,udp,veh-024,veh-024,rsu-1,c4-rep1-udp-veh-024-466,ipi-session-1,airspan-followup-c4-rep1,veh-024,466,100-clients,default,stationary,unsynced,true,true,payload_bytes,1024,bytes,IPI-CooperativeService,1103,1786031590770798941,1786031416928267922,1786031416928319566,1786031590881511636,110.713,,0.052,173953.192,"CooperativeService{guidedPlanning, status=request, vehicleId=0x7665682d303234, requestedHorizonMs=2500, confidence=100, planning.waypoints=1, offloadTaskId=udp-probe-466, offloadPayload=1024 bytes}"
5g-udp-sender,1786031591151606334,edge4av-real-20260806-airspan-followup-run-1,c4-rep1-udp,airspan-followup-70-20-10,guided-planning,udp,veh-024,veh-024,rsu-1,c4-rep1-udp-veh-024-467,ipi-session-1,airspan-followup-c4-rep1,veh-024,467,100-clients,default,stationary,unsynced,true,true,payload_bytes,1024,bytes,IPI-CooperativeService,1103,1786031591081669457,1786031417198843791,1786031417198895927,1786031591151606334,69.937,,0.052,173952.710,"CooperativeService{guidedPlanning, status=request, vehicleId=0x7665682d303234, requestedHorizonMs=2500, confidence=100, planning.waypoints=1, offloadTaskId=udp-probe-467, offloadPayload=1024 bytes}"
5g-udp-sender,1786031591383530503,edge4av-real-20260806-airspan-followup-run-1,c4-rep1-udp,airspan-followup-70-20-10,guided-planning,udp,veh-024,veh-024,rsu-1,c4-rep1-udp-veh-024-468,ipi-session-1,airspan-followup-c4-rep1,veh-024,468,100-clients,default,stationary,unsynced,true,true,payload_bytes,1024,bytes,IPI-CooperativeService,1103,1786031591351754618,1786031417429058042,1786031417429071076,1786031591383530503,31.776,,0.013,173954.459,"CooperativeService{guidedPlanning, status=request, vehicleId=0x7665682d303234, requestedHorizonMs=2500, confidence=100, planning.waypoints=1, offloadTaskId=udp-probe-468, offloadPayload=1024 bytes}"
5g-udp-sender,1786031591633672852,edge4av-real-20260806-airspan-followup-run-1,c4-rep1-udp,airspan-followup-70-20-10,guided-planning,udp,veh-024,veh-024,rsu-1,c4-rep1-udp-veh-024-469,ipi-session-1,airspan-followup-c4-rep1,veh-024,469,100-clients,default,stationary,unsynced,true,true,payload_bytes,1024,bytes,IPI-CooperativeService,1103,1786031591583652656,1786031417679416708,1786031417679467375,1786031591633672852,50.020,,0.051,173954.205,"CooperativeService{guidedPlanning, status=request, vehicleId=0x7665682d303234, requestedHorizonMs=2500, confidence=100, planning.waypoints=1, offloadTaskId=udp-probe-469, offloadPayload=1024 bytes}"
5g-udp-sender,1786031591865254750,edge4av-real-20260806-airspan-followup-run-1,c4-rep1-udp,airspan-followup-70-20-10,guided-planning,udp,veh-024,veh-024,rsu-1,c4-rep1-udp-veh-024-470,ipi-session-1,airspan-followup-c4-rep1,veh-024,470,100-clients,default,stationary,unsynced,true,true,payload_bytes,1024,bytes,IPI-CooperativeService,1103,1786031591833860633,1786031417910306701,1786031417910326540,1786031591865254750,31.394,,0.020,173954.928,"CooperativeService{guidedPlanning, status=request, vehicleId=0x7665682d303234, requestedHorizonMs=2500, confidence=100, planning.waypoints=1, offloadTaskId=udp-probe-470, offloadPayload=1024 bytes}"
5g-udp-sender,1786031592094741373,edge4av-real-20260806-airspan-followup-run-1,c4-rep1-udp,airspan-followup-70-20-10,guided-planning,udp,veh-024,veh-024,rsu-1,c4-rep1-udp-veh-024-471,ipi-session-1,airspan-followup-c4-rep1,veh-024,471,100-clients,default,stationary,unsynced,true,true,payload_bytes,1024,bytes,IPI-CooperativeService,1103,1786031592065406524,1786031418140413068,1786031418140456826,1786031592094741373,29.335,,0.044,173954.285,"CooperativeService{guidedPlanning, status=request, vehicleId=0x7665682d303234, requestedHorizonMs=2500, confidence=100, planning.waypoints=1, offloadTaskId=udp-probe-471, offloadPayload=1024 bytes}"
5g-udp-sender,1786031592325459318,edge4av-real-20260806-airspan-followup-run-1,c4-rep1-udp,airspan-followup-70-20-10,guided-planning,udp,veh-024,veh-024,rsu-1,c4-rep1-udp-veh-024-472,ipi-session-1,airspan-followup-c4-rep1,veh-024,472,100-clients,default,stationary,unsynced,true,true,payload_bytes,1024,bytes,IPI-CooperativeService,1103,1786031592294895780,1786031418370817655,1786031418370870484,1786031592325459318,30.564,,0.053,173954.589,"CooperativeService{guidedPlanning, status=request, vehicleId=0x7665682d303234, requestedHorizonMs=2500, confidence=100, planning.waypoints=1, offloadTaskId=udp-probe-472, offloadPayload=1024 bytes}"
5g-udp-sender,1786031592559538776,edge4av-real-20260806-airspan-followup-run-1,c4-rep1-udp,airspan-followup-70-20-10,guided-planning,udp,veh-024,veh-024,rsu-1,c4-rep1-udp-veh-024-473,ipi-session-1,airspan-followup-c4-rep1,veh-024,473,100-clients,default,stationary,unsynced,true,true,payload_bytes,1024,bytes,IPI-CooperativeService,1103,1786031592525607091,1786031418601279333,1786031418601305215,1786031592559538776,33.932,,0.026,173958.234,"CooperativeService{guidedPlanning, status=request, vehicleId=0x7665682d303234, requestedHorizonMs=2500, confidence=100, planning.waypoints=1, offloadTaskId=udp-probe-473, offloadPayload=1024 bytes}"
5g-udp-sender,1786031592807384844,edge4av-real-20260806-airspan-followup-run-1,c4-rep1-udp,airspan-followup-70-20-10,guided-planning,udp,veh-024,veh-024,rsu-1,c4-rep1-udp-veh-024-474,ipi-session-1,airspan-followup-c4-rep1,veh-024,474,100-clients,default,stationary,unsynced,true,true,payload_bytes,1024,bytes,IPI-CooperativeService,1103,1786031592759731499,1786031418841835934,1786031418841864670,1786031592807384844,47.653,,0.029,173965.520,"CooperativeService{guidedPlanning, status=request, vehicleId=0x7665682d303234, requestedHorizonMs=2500, confidence=100, planning.waypoints=1, offloadTaskId=udp-probe-474, offloadPayload=1024 bytes}"
5g-udp-sender,1786031593057506875,edge4av-real-20260806-airspan-followup-run-1,c4-rep1-udp,airspan-followup-70-20-10,guided-planning,udp,veh-024,veh-024,rsu-1,c4-rep1-udp-veh-024-475,ipi-session-1,airspan-followup-c4-rep1,veh-024,475,100-clients,default,stationary,unsynced,true,true,payload_bytes,1024,bytes,IPI-CooperativeService,1103,1786031593007563184,1786031419101746947,1786031419101771906,1786031593057506875,49.944,,0.025,173955.735,"CooperativeService{guidedPlanning, status=request, vehicleId=0x7665682d303234, requestedHorizonMs=2500, confidence=100, planning.waypoints=1, offloadTaskId=udp-probe-475, offloadPayload=1024 bytes}"
5g-udp-sender,1786031593295545138,edge4av-real-20260806-airspan-followup-run-1,c4-rep1-udp,airspan-followup-70-20-10,guided-planning,udp,veh-024,veh-024,rsu-1,c4-rep1-udp-veh-024-476,ipi-session-1,airspan-followup-c4-rep1,veh-024,476,100-clients,default,stationary,unsynced,true,true,payload_bytes,1024,bytes,IPI-CooperativeService,1103,1786031593257703482,1786031419342475374,1786031419342526797,1786031593295545138,37.842,,0.051,173953.018,"CooperativeService{guidedPlanning, status=request, vehicleId=0x7665682d303234, requestedHorizonMs=2500, confidence=100, planning.waypoints=1, offloadTaskId=udp-probe-476, offloadPayload=1024 bytes}"
5g-udp-sender,1786031593537331374,edge4av-real-20260806-airspan-followup-run-1,c4-rep1-udp,airspan-followup-70-20-10,guided-planning,udp,veh-024,veh-024,rsu-1,c4-rep1-udp-veh-024-477,ipi-session-1,airspan-followup-c4-rep1,veh-024,477,100-clients,default,stationary,unsynced,true,true,payload_bytes,1024,bytes,IPI-CooperativeService,1103,1786031593495704138,1786031419573181682,1786031419573210054,1786031593537331374,41.627,,0.028,173964.121,"CooperativeService{guidedPlanning, status=request, vehicleId=0x7665682d303234, requestedHorizonMs=2500, confidence=100, planning.waypoints=1, offloadTaskId=udp-probe-477, offloadPayload=1024 bytes}"
5g-udp-sender,1786031593767321421,edge4av-real-20260806-airspan-followup-run-1,c4-rep1-udp,airspan-followup-70-20-10,guided-planning,udp,veh-024,veh-024,rsu-1,c4-rep1-udp-veh-024-478,ipi-session-1,airspan-followup-c4-rep1,veh-024,478,100-clients,default,stationary,unsynced,true,true,payload_bytes,1024,bytes,IPI-CooperativeService,1103,1786031593737463610,1786031419812925149,1786031419812955936,1786031593767321421,29.858,,0.031,173954.365,"CooperativeService{guidedPlanning, status=request, vehicleId=0x7665682d303234, requestedHorizonMs=2500, confidence=100, planning.waypoints=1, offloadTaskId=udp-probe-478, offloadPayload=1024 bytes}"
5g-udp-sender,1786031594013466660,edge4av-real-20260806-airspan-followup-run-1,c4-rep1-udp,airspan-followup-70-20-10,guided-planning,udp,veh-024,veh-024,rsu-1,c4-rep1-udp-veh-024-479,ipi-session-1,airspan-followup-c4-rep1,veh-024,479,100-clients,default,stationary,unsynced,true,true,payload_bytes,1024,bytes,IPI-CooperativeService,1103,1786031593968990047,1786031420053574230,1786031420053602778,1786031594013466660,44.477,,0.029,173959.864,"CooperativeService{guidedPlanning, status=request, vehicleId=0x7665682d303234, requestedHorizonMs=2500, confidence=100, planning.waypoints=1, offloadTaskId=udp-probe-479, offloadPayload=1024 bytes}"
5g-udp-sender,1786031594379462850,edge4av-real-20260806-airspan-followup-run-1,c4-rep1-udp,airspan-followup-70-20-10,guided-planning,udp,veh-024,veh-024,rsu-1,c4-rep1-udp-veh-024-480,ipi-session-1,airspan-followup-c4-rep1,veh-024,480,100-clients,default,stationary,unsynced,true,true,payload_bytes,1024,bytes,IPI-CooperativeService,1103,1786031594213656116,1786031420424098100,1786031420424149930,1786031594379462850,165.807,,0.052,173955.313,"CooperativeService{guidedPlanning, status=request, vehicleId=0x7665682d303234, requestedHorizonMs=2500, confidence=100, planning.waypoints=1, offloadTaskId=udp-probe-480, offloadPayload=1024 bytes}"
5g-udp-sender,1786031594651303762,edge4av-real-20260806-airspan-followup-run-1,c4-rep1-udp,airspan-followup-70-20-10,guided-planning,udp,veh-024,veh-024,rsu-1,c4-rep1-udp-veh-024-481,ipi-session-1,airspan-followup-c4-rep1,veh-024,481,100-clients,default,stationary,unsynced,true,true,payload_bytes,1024,bytes,IPI-CooperativeService,1103,1786031594579663503,1786031420694295338,1786031420694346932,1786031594651303762,71.640,,0.052,173956.957,"CooperativeService{guidedPlanning, status=request, vehicleId=0x7665682d303234, requestedHorizonMs=2500, confidence=100, planning.waypoints=1, offloadTaskId=udp-probe-481, offloadPayload=1024 bytes}"
5g-udp-sender,1786031594879416190,edge4av-real-20260806-airspan-followup-run-1,c4-rep1-udp,airspan-followup-70-20-10,guided-planning,udp,veh-024,veh-024,rsu-1,c4-rep1-udp-veh-024-482,ipi-session-1,airspan-followup-c4-rep1,veh-024,482,100-clients,default,stationary,unsynced,true,true,payload_bytes,1024,bytes,IPI-CooperativeService,1103,1786031594851627393,1786031420924557161,1786031420924622586,1786031594879416190,27.789,,0.065,173954.794,"CooperativeService{guidedPlanning, status=request, vehicleId=0x7665682d303234, requestedHorizonMs=2500, confidence=100, planning.waypoints=1, offloadTaskId=udp-probe-482, offloadPayload=1024 bytes}"
5g-udp-sender,1786031595119354673,edge4av-real-20260806-airspan-followup-run-1,c4-rep1-udp,airspan-followup-70-20-10,guided-planning,udp,veh-024,veh-024,rsu-1,c4-rep1-udp-veh-024-483,ipi-session-1,airspan-followup-c4-rep1,veh-024,483,100-clients,default,stationary,unsynced,true,true,payload_bytes,1024,bytes,IPI-CooperativeService,1103,1786031595079618895,1786031421165263178,1786031421165315656,1786031595119354673,39.736,,0.052,173954.039,"CooperativeService{guidedPlanning, status=request, vehicleId=0x7665682d303234, requestedHorizonMs=2500, confidence=100, planning.waypoints=1, offloadTaskId=udp-probe-483, offloadPayload=1024 bytes}"
5g-udp-sender,1786031595433398158,edge4av-real-20260806-airspan-followup-run-1,c4-rep1-udp,airspan-followup-70-20-10,guided-planning,udp,veh-024,veh-024,rsu-1,c4-rep1-udp-veh-024-484,ipi-session-1,airspan-followup-c4-rep1,veh-024,484,100-clients,default,stationary,unsynced,true,true,payload_bytes,1024,bytes,IPI-CooperativeService,1103,1786031595319520247,1786031421475971590,1786031421476000023,1786031595433398158,113.878,,0.028,173957.398,"CooperativeService{guidedPlanning, status=request, vehicleId=0x7665682d303234, requestedHorizonMs=2500, confidence=100, planning.waypoints=1, offloadTaskId=udp-probe-484, offloadPayload=1024 bytes}"
5g-udp-sender,1786031595660245281,edge4av-real-20260806-airspan-followup-run-1,c4-rep1-udp,airspan-followup-70-20-10,guided-planning,udp,veh-024,veh-024,rsu-1,c4-rep1-udp-veh-024-485,ipi-session-1,airspan-followup-c4-rep1,veh-024,485,100-clients,default,stationary,unsynced,true,true,payload_bytes,1024,bytes,IPI-CooperativeService,1103,1786031595633605568,1786031421706296946,1786031421706335136,1786031595660245281,26.640,,0.038,173953.910,"CooperativeService{guidedPlanning, status=request, vehicleId=0x7665682d303234, requestedHorizonMs=2500, confidence=100, planning.waypoints=1, offloadTaskId=udp-probe-485, offloadPayload=1024 bytes}"
5g-udp-sender,1786031595890240394,edge4av-real-20260806-airspan-followup-run-1,c4-rep1-udp,airspan-followup-70-20-10,guided-planning,udp,veh-024,veh-024,rsu-1,c4-rep1-udp-veh-024-486,ipi-session-1,airspan-followup-c4-rep1,veh-024,486,100-clients,default,stationary,unsynced,true,true,payload_bytes,1024,bytes,IPI-CooperativeService,1103,1786031595860436797,1786031421936499872,1786031421936522284,1786031595890240394,29.804,,0.022,173953.718,"CooperativeService{guidedPlanning, status=request, vehicleId=0x7665682d303234, requestedHorizonMs=2500, confidence=100, planning.waypoints=1, offloadTaskId=udp-probe-486, offloadPayload=1024 bytes}"
5g-udp-sender,1786031596117442906,edge4av-real-20260806-airspan-followup-run-1,c4-rep1-udp,airspan-followup-70-20-10,guided-planning,udp,veh-024,veh-024,rsu-1,c4-rep1-udp-veh-024-487,ipi-session-1,airspan-followup-c4-rep1,veh-024,487,100-clients,default,stationary,unsynced,true,true,payload_bytes,1024,bytes,IPI-CooperativeService,1103,1786031596090399310,1786031422157329993,1786031422157358438,1786031596117442906,27.044,,0.028,173960.084,"CooperativeService{guidedPlanning, status=request, vehicleId=0x7665682d303234, requestedHorizonMs=2500, confidence=100, planning.waypoints=1, offloadTaskId=udp-probe-487, offloadPayload=1024 bytes}"
5g-udp-sender,1786031596341346802,edge4av-real-20260806-airspan-followup-run-1,c4-rep1-udp,airspan-followup-70-20-10,guided-planning,udp,veh-024,veh-024,rsu-1,c4-rep1-udp-veh-024-488,ipi-session-1,airspan-followup-c4-rep1,veh-024,488,100-clients,default,stationary,unsynced,true,true,payload_bytes,1024,bytes,IPI-CooperativeService,1103,1786031596317586216,1786031422387275398,1786031422387327346,1786031596341346802,23.761,,0.052,173954.019,"CooperativeService{guidedPlanning, status=request, vehicleId=0x7665682d303234, requestedHorizonMs=2500, confidence=100, planning.waypoints=1, offloadTaskId=udp-probe-488, offloadPayload=1024 bytes}"
5g-udp-sender,1786031596575387164,edge4av-real-20260806-airspan-followup-run-1,c4-rep1-udp,airspan-followup-70-20-10,guided-planning,udp,veh-024,veh-024,rsu-1,c4-rep1-udp-veh-024-489,ipi-session-1,airspan-followup-c4-rep1,veh-024,489,100-clients,default,stationary,unsynced,true,true,payload_bytes,1024,bytes,IPI-CooperativeService,1103,1786031596541618935,1786031422617547624,1786031422617590399,1786031596575387164,33.768,,0.043,173957.797,"CooperativeService{guidedPlanning, status=request, vehicleId=0x7665682d303234, requestedHorizonMs=2500, confidence=100, planning.waypoints=1, offloadTaskId=udp-probe-489, offloadPayload=1024 bytes}"
5g-udp-sender,1786031596801182825,edge4av-real-20260806-airspan-followup-run-1,c4-rep1-udp,airspan-followup-70-20-10,guided-planning,udp,veh-024,veh-024,rsu-1,c4-rep1-udp-veh-024-490,ipi-session-1,airspan-followup-c4-rep1,veh-024,490,100-clients,default,stationary,unsynced,true,true,payload_bytes,1024,bytes,IPI-CooperativeService,1103,1786031596775591210,1786031422847966539,1786031422848020321,1786031596801182825,25.592,,0.054,173953.163,"CooperativeService{guidedPlanning, status=request, vehicleId=0x7665682d303234, requestedHorizonMs=2500, confidence=100, planning.waypoints=1, offloadTaskId=udp-probe-490, offloadPayload=1024 bytes}"
5g-udp-sender,1786031597025596365,edge4av-real-20260806-airspan-followup-run-1,c4-rep1-udp,airspan-followup-70-20-10,guided-planning,udp,veh-024,veh-024,rsu-1,c4-rep1-udp-veh-024-491,ipi-session-1,airspan-followup-c4-rep1,veh-024,491,100-clients,default,stationary,unsynced,true,true,payload_bytes,1024,bytes,IPI-CooperativeService,1103,1786031597001375584,1786031423068339800,1786031423068359495,1786031597025596365,24.221,,0.020,173957.237,"CooperativeService{guidedPlanning, status=request, vehicleId=0x7665682d303234, requestedHorizonMs=2500, confidence=100, planning.waypoints=1, offloadTaskId=udp-probe-491, offloadPayload=1024 bytes}"
5g-udp-sender,1786031597257534501,edge4av-real-20260806-airspan-followup-run-1,c4-rep1-udp,airspan-followup-70-20-10,guided-planning,udp,veh-024,veh-024,rsu-1,c4-rep1-udp-veh-024-492,ipi-session-1,airspan-followup-c4-rep1,veh-024,492,100-clients,default,stationary,unsynced,true,true,payload_bytes,1024,bytes,IPI-CooperativeService,1103,1786031597225779720,1786031423299033924,1786031423299061970,1786031597257534501,31.755,,0.028,173958.473,"CooperativeService{guidedPlanning, status=request, vehicleId=0x7665682d303234, requestedHorizonMs=2500, confidence=100, planning.waypoints=1, offloadTaskId=udp-probe-492, offloadPayload=1024 bytes}"
5g-udp-sender,1786031597499912479,edge4av-real-20260806-airspan-followup-run-1,c4-rep1-udp,airspan-followup-70-20-10,guided-planning,udp,veh-024,veh-024,rsu-1,c4-rep1-udp-veh-024-493,ipi-session-1,airspan-followup-c4-rep1,veh-024,493,100-clients,default,stationary,unsynced,true,true,payload_bytes,1024,bytes,IPI-CooperativeService,1103,1786031597457726823,1786031423539635550,1786031423539667249,1786031597499912479,42.186,,0.032,173960.245,"CooperativeService{guidedPlanning, status=request, vehicleId=0x7665682d303234, requestedHorizonMs=2500, confidence=100, planning.waypoints=1, offloadTaskId=udp-probe-493, offloadPayload=1024 bytes}"
5g-udp-sender,1786031597729452699,edge4av-real-20260806-airspan-followup-run-1,c4-rep1-udp,airspan-followup-70-20-10,guided-planning,udp,veh-024,veh-024,rsu-1,c4-rep1-udp-veh-024-494,ipi-session-1,airspan-followup-c4-rep1,veh-024,494,100-clients,default,stationary,unsynced,true,true,payload_bytes,1024,bytes,IPI-CooperativeService,1103,1786031597700089437,1786031423769962601,1786031423769992360,1786031597729452699,29.363,,0.030,173959.460,"CooperativeService{guidedPlanning, status=request, vehicleId=0x7665682d303234, requestedHorizonMs=2500, confidence=100, planning.waypoints=1, offloadTaskId=udp-probe-494, offloadPayload=1024 bytes}"
5g-udp-sender,1786031597965448785,edge4av-real-20260806-airspan-followup-run-1,c4-rep1-udp,airspan-followup-70-20-10,guided-planning,udp,veh-024,veh-024,rsu-1,c4-rep1-udp-veh-024-495,ipi-session-1,airspan-followup-c4-rep1,veh-024,495,100-clients,default,stationary,unsynced,true,true,payload_bytes,1024,bytes,IPI-CooperativeService,1103,1786031597929645864,1786031424009807430,1786031424009860049,1786031597965448785,35.803,,0.053,173955.589,"CooperativeService{guidedPlanning, status=request, vehicleId=0x7665682d303234, requestedHorizonMs=2500, confidence=100, planning.waypoints=1, offloadTaskId=udp-probe-495, offloadPayload=1024 bytes}"
5g-udp-sender,1786031598194187964,edge4av-real-20260806-airspan-followup-run-1,c4-rep1-udp,airspan-followup-70-20-10,guided-planning,udp,veh-024,veh-024,rsu-1,c4-rep1-udp-veh-024-496,ipi-session-1,airspan-followup-c4-rep1,veh-024,496,100-clients,default,stationary,unsynced,true,true,payload_bytes,1024,bytes,IPI-CooperativeService,1103,1786031598165609120,1786031424240329973,1786031424240356189,1786031598194187964,28.579,,0.026,173953.832,"CooperativeService{guidedPlanning, status=request, vehicleId=0x7665682d303234, requestedHorizonMs=2500, confidence=100, planning.waypoints=1, offloadTaskId=udp-probe-496, offloadPayload=1024 bytes}"
5g-udp-sender,1786031598427558815,edge4av-real-20260806-airspan-followup-run-1,c4-rep1-udp,airspan-followup-70-20-10,guided-planning,udp,veh-024,veh-024,rsu-1,c4-rep1-udp-veh-024-497,ipi-session-1,airspan-followup-c4-rep1,veh-024,497,100-clients,default,stationary,unsynced,true,true,payload_bytes,1024,bytes,IPI-CooperativeService,1103,1786031598394342702,1786031424470723220,1786031424470775506,1786031598427558815,33.216,,0.052,173956.783,"CooperativeService{guidedPlanning, status=request, vehicleId=0x7665682d303234, requestedHorizonMs=2500, confidence=100, planning.waypoints=1, offloadTaskId=udp-probe-497, offloadPayload=1024 bytes}"
5g-udp-sender,1786031598645454944,edge4av-real-20260806-airspan-followup-run-1,c4-rep1-udp,airspan-followup-70-20-10,guided-planning,udp,veh-024,veh-024,rsu-1,c4-rep1-udp-veh-024-498,ipi-session-1,airspan-followup-c4-rep1,veh-024,498,100-clients,default,stationary,unsynced,true,true,payload_bytes,1024,bytes,IPI-CooperativeService,1103,1786031598627706482,1786031424691038825,1786031424691069498,1786031598645454944,17.748,,0.031,173954.385,"CooperativeService{guidedPlanning, status=request, vehicleId=0x7665682d303234, requestedHorizonMs=2500, confidence=100, planning.waypoints=1, offloadTaskId=udp-probe-498, offloadPayload=1024 bytes}"
5g-udp-sender,1786031598877545338,edge4av-real-20260806-airspan-followup-run-1,c4-rep1-udp,airspan-followup-70-20-10,guided-planning,udp,veh-024,veh-024,rsu-1,c4-rep1-udp-veh-024-499,ipi-session-1,airspan-followup-c4-rep1,veh-024,499,100-clients,default,stationary,unsynced,true,true,payload_bytes,1024,bytes,IPI-CooperativeService,1103,1786031598845562285,1786031424921524827,1786031424921576243,1786031598877545338,31.983,,0.051,173955.969,"CooperativeService{guidedPlanning, status=request, vehicleId=0x7665682d303234, requestedHorizonMs=2500, confidence=100, planning.waypoints=1, offloadTaskId=udp-probe-499, offloadPayload=1024 bytes}"
5g-udp-sender,1786031599105292423,edge4av-real-20260806-airspan-followup-run-1,c4-rep1-udp,airspan-followup-70-20-10,guided-planning,udp,veh-024,veh-024,rsu-1,c4-rep1-udp-veh-024-500,ipi-session-1,airspan-followup-c4-rep1,veh-024,500,100-clients,default,stationary,unsynced,true,true,payload_bytes,1024,bytes,IPI-CooperativeService,1103,1786031599077677665,1786031425151780444,1786031425151808076,1786031599105292423,27.615,,0.028,173953.484,"CooperativeService{guidedPlanning, status=request, vehicleId=0x7665682d303234, requestedHorizonMs=2500, confidence=100, planning.waypoints=1, offloadTaskId=udp-probe-500, offloadPayload=1024 bytes}"
