threaded mqtt broker listening on 0.0.0.0:1883
1783088670.556049 accept ('10.120.121.37', 46776)
1783088670.557487 close ('10.120.121.37', 46776) closed
1783088671.165253 accept ('127.0.0.1', 34772)
1783088671.166513 subscribe ('127.0.0.1', 34772) ipi/failure-fallback-run-1/latency/veh-01/request
1783088673.219283 accept ('10.120.121.37', 49396)
1783088673.238904 subscribe ('10.120.121.37', 49396) ipi/failure-fallback-run-1/latency/veh-01/ack
1783088673.269154 publish topic=ipi/failure-fallback-run-1/latency/veh-01/request bytes=1385 forwarded=1
1783088673.269881 publish topic=ipi/failure-fallback-run-1/latency/veh-01/ack bytes=235 forwarded=1
1783088673.499657 publish topic=ipi/failure-fallback-run-1/latency/veh-01/request bytes=1385 forwarded=1
1783088673.500373 publish topic=ipi/failure-fallback-run-1/latency/veh-01/ack bytes=235 forwarded=1
1783088673.729747 publish topic=ipi/failure-fallback-run-1/latency/veh-01/request bytes=1385 forwarded=1
1783088673.730463 publish topic=ipi/failure-fallback-run-1/latency/veh-01/ack bytes=235 forwarded=1
1783088673.970226 publish topic=ipi/failure-fallback-run-1/latency/veh-01/request bytes=1385 forwarded=1
1783088673.970904 publish topic=ipi/failure-fallback-run-1/latency/veh-01/ack bytes=235 forwarded=1
1783088674.200481 publish topic=ipi/failure-fallback-run-1/latency/veh-01/request bytes=1385 forwarded=1
1783088674.201204 publish topic=ipi/failure-fallback-run-1/latency/veh-01/ack bytes=235 forwarded=1
1783088674.430870 publish topic=ipi/failure-fallback-run-1/latency/veh-01/request bytes=1385 forwarded=1
1783088674.431546 publish topic=ipi/failure-fallback-run-1/latency/veh-01/ack bytes=235 forwarded=1
1783088674.671417 publish topic=ipi/failure-fallback-run-1/latency/veh-01/request bytes=1385 forwarded=1
1783088674.672111 publish topic=ipi/failure-fallback-run-1/latency/veh-01/ack bytes=235 forwarded=1
1783088674.901815 publish topic=ipi/failure-fallback-run-1/latency/veh-01/request bytes=1385 forwarded=1
1783088674.902540 publish topic=ipi/failure-fallback-run-1/latency/veh-01/ack bytes=235 forwarded=1
1783088675.122186 publish topic=ipi/failure-fallback-run-1/latency/veh-01/request bytes=1385 forwarded=1
1783088675.122855 publish topic=ipi/failure-fallback-run-1/latency/veh-01/ack bytes=235 forwarded=1
1783088675.352430 publish topic=ipi/failure-fallback-run-1/latency/veh-01/request bytes=1387 forwarded=1
1783088675.353129 publish topic=ipi/failure-fallback-run-1/latency/veh-01/ack bytes=236 forwarded=1
1783088675.592840 publish topic=ipi/failure-fallback-run-1/latency/veh-01/request bytes=1387 forwarded=1
1783088675.593516 publish topic=ipi/failure-fallback-run-1/latency/veh-01/ack bytes=236 forwarded=1
1783088675.822919 publish topic=ipi/failure-fallback-run-1/latency/veh-01/request bytes=1387 forwarded=1
1783088675.823592 publish topic=ipi/failure-fallback-run-1/latency/veh-01/ack bytes=236 forwarded=1
1783088676.073298 publish topic=ipi/failure-fallback-run-1/latency/veh-01/request bytes=1387 forwarded=1
1783088676.073988 publish topic=ipi/failure-fallback-run-1/latency/veh-01/ack bytes=236 forwarded=1
1783088676.313643 publish topic=ipi/failure-fallback-run-1/latency/veh-01/request bytes=1387 forwarded=1
1783088676.314337 publish topic=ipi/failure-fallback-run-1/latency/veh-01/ack bytes=236 forwarded=1
1783088676.543924 publish topic=ipi/failure-fallback-run-1/latency/veh-01/request bytes=1387 forwarded=1
1783088676.544594 publish topic=ipi/failure-fallback-run-1/latency/veh-01/ack bytes=236 forwarded=1
1783088676.774197 publish topic=ipi/failure-fallback-run-1/latency/veh-01/request bytes=1387 forwarded=1
1783088676.774899 publish topic=ipi/failure-fallback-run-1/latency/veh-01/ack bytes=236 forwarded=1
1783088677.024545 publish topic=ipi/failure-fallback-run-1/latency/veh-01/request bytes=1387 forwarded=1
1783088677.025280 publish topic=ipi/failure-fallback-run-1/latency/veh-01/ack bytes=236 forwarded=1
1783088677.264828 publish topic=ipi/failure-fallback-run-1/latency/veh-01/request bytes=1387 forwarded=1
1783088677.265504 publish topic=ipi/failure-fallback-run-1/latency/veh-01/ack bytes=236 forwarded=1
1783088677.505100 publish topic=ipi/failure-fallback-run-1/latency/veh-01/request bytes=1387 forwarded=1
1783088677.505769 publish topic=ipi/failure-fallback-run-1/latency/veh-01/ack bytes=236 forwarded=1
1783088677.745598 publish topic=ipi/failure-fallback-run-1/latency/veh-01/request bytes=1387 forwarded=1
1783088677.746296 publish topic=ipi/failure-fallback-run-1/latency/veh-01/ack bytes=236 forwarded=1
1783088677.965668 publish topic=ipi/failure-fallback-run-1/latency/veh-01/request bytes=1387 forwarded=1
1783088677.966309 publish topic=ipi/failure-fallback-run-1/latency/veh-01/ack bytes=236 forwarded=1
1783088678.196175 publish topic=ipi/failure-fallback-run-1/latency/veh-01/request bytes=1387 forwarded=1
1783088678.196860 publish topic=ipi/failure-fallback-run-1/latency/veh-01/ack bytes=236 forwarded=1
1783088678.446296 publish topic=ipi/failure-fallback-run-1/latency/veh-01/request bytes=1387 forwarded=1
1783088678.446935 publish topic=ipi/failure-fallback-run-1/latency/veh-01/ack bytes=236 forwarded=1
1783088678.676753 publish topic=ipi/failure-fallback-run-1/latency/veh-01/request bytes=1387 forwarded=1
1783088678.677393 publish topic=ipi/failure-fallback-run-1/latency/veh-01/ack bytes=236 forwarded=1
1783088678.926858 publish topic=ipi/failure-fallback-run-1/latency/veh-01/request bytes=1387 forwarded=1
1783088678.927164 publish topic=ipi/failure-fallback-run-1/latency/veh-01/ack bytes=236 forwarded=1
1783088679.157202 publish topic=ipi/failure-fallback-run-1/latency/veh-01/request bytes=1387 forwarded=1
1783088679.157849 publish topic=ipi/failure-fallback-run-1/latency/veh-01/ack bytes=236 forwarded=1
1783088679.387596 publish topic=ipi/failure-fallback-run-1/latency/veh-01/request bytes=1387 forwarded=1
1783088679.388240 publish topic=ipi/failure-fallback-run-1/latency/veh-01/ack bytes=236 forwarded=1
1783088679.617906 publish topic=ipi/failure-fallback-run-1/latency/veh-01/request bytes=1387 forwarded=1
1783088679.618562 publish topic=ipi/failure-fallback-run-1/latency/veh-01/ack bytes=236 forwarded=1
1783088679.858262 publish topic=ipi/failure-fallback-run-1/latency/veh-01/request bytes=1387 forwarded=1
1783088679.858907 publish topic=ipi/failure-fallback-run-1/latency/veh-01/ack bytes=236 forwarded=1
1783088680.128468 publish topic=ipi/failure-fallback-run-1/latency/veh-01/request bytes=1387 forwarded=1
1783088680.129133 publish topic=ipi/failure-fallback-run-1/latency/veh-01/ack bytes=236 forwarded=1
1783088680.358853 publish topic=ipi/failure-fallback-run-1/latency/veh-01/request bytes=1387 forwarded=1
1783088680.359516 publish topic=ipi/failure-fallback-run-1/latency/veh-01/ack bytes=236 forwarded=1
1783088680.589193 publish topic=ipi/failure-fallback-run-1/latency/veh-01/request bytes=1387 forwarded=1
1783088680.589824 publish topic=ipi/failure-fallback-run-1/latency/veh-01/ack bytes=236 forwarded=1
1783088680.819557 publish topic=ipi/failure-fallback-run-1/latency/veh-01/request bytes=1387 forwarded=1
1783088680.820214 publish topic=ipi/failure-fallback-run-1/latency/veh-01/ack bytes=236 forwarded=1
1783088681.070070 publish topic=ipi/failure-fallback-run-1/latency/veh-01/request bytes=1387 forwarded=1
1783088681.070711 publish topic=ipi/failure-fallback-run-1/latency/veh-01/ack bytes=236 forwarded=1
1783088681.330358 publish topic=ipi/failure-fallback-run-1/latency/veh-01/request bytes=1387 forwarded=1
1783088681.330998 publish topic=ipi/failure-fallback-run-1/latency/veh-01/ack bytes=236 forwarded=1
1783088681.570806 publish topic=ipi/failure-fallback-run-1/latency/veh-01/request bytes=1387 forwarded=1
1783088681.571448 publish topic=ipi/failure-fallback-run-1/latency/veh-01/ack bytes=236 forwarded=1
1783088681.811161 publish topic=ipi/failure-fallback-run-1/latency/veh-01/request bytes=1387 forwarded=1
1783088681.811793 publish topic=ipi/failure-fallback-run-1/latency/veh-01/ack bytes=236 forwarded=1
1783088682.041552 publish topic=ipi/failure-fallback-run-1/latency/veh-01/request bytes=1387 forwarded=1
1783088682.042200 publish topic=ipi/failure-fallback-run-1/latency/veh-01/ack bytes=236 forwarded=1
1783088682.272029 publish topic=ipi/failure-fallback-run-1/latency/veh-01/request bytes=1387 forwarded=1
1783088682.272761 publish topic=ipi/failure-fallback-run-1/latency/veh-01/ack bytes=236 forwarded=1
1783088682.502327 publish topic=ipi/failure-fallback-run-1/latency/veh-01/request bytes=1387 forwarded=1
1783088682.502975 publish topic=ipi/failure-fallback-run-1/latency/veh-01/ack bytes=236 forwarded=1
1783088682.722592 publish topic=ipi/failure-fallback-run-1/latency/veh-01/request bytes=1387 forwarded=1
1783088682.723240 publish topic=ipi/failure-fallback-run-1/latency/veh-01/ack bytes=236 forwarded=1
1783088682.952827 publish topic=ipi/failure-fallback-run-1/latency/veh-01/request bytes=1387 forwarded=1
1783088682.953474 publish topic=ipi/failure-fallback-run-1/latency/veh-01/ack bytes=236 forwarded=1
1783088683.182989 publish topic=ipi/failure-fallback-run-1/latency/veh-01/request bytes=1387 forwarded=1
1783088683.183635 publish topic=ipi/failure-fallback-run-1/latency/veh-01/ack bytes=236 forwarded=1
1783088683.413564 publish topic=ipi/failure-fallback-run-1/latency/veh-01/request bytes=1387 forwarded=1
1783088683.414227 publish topic=ipi/failure-fallback-run-1/latency/veh-01/ack bytes=236 forwarded=1
1783088683.653946 publish topic=ipi/failure-fallback-run-1/latency/veh-01/request bytes=1387 forwarded=1
1783088683.654616 publish topic=ipi/failure-fallback-run-1/latency/veh-01/ack bytes=236 forwarded=1
1783088683.884388 publish topic=ipi/failure-fallback-run-1/latency/veh-01/request bytes=1387 forwarded=1
1783088683.885069 publish topic=ipi/failure-fallback-run-1/latency/veh-01/ack bytes=236 forwarded=1
1783088684.114663 publish topic=ipi/failure-fallback-run-1/latency/veh-01/request bytes=1387 forwarded=1
1783088684.115306 publish topic=ipi/failure-fallback-run-1/latency/veh-01/ack bytes=236 forwarded=1
1783088684.345154 publish topic=ipi/failure-fallback-run-1/latency/veh-01/request bytes=1387 forwarded=1
1783088684.345794 publish topic=ipi/failure-fallback-run-1/latency/veh-01/ack bytes=236 forwarded=1
1783088684.585363 publish topic=ipi/failure-fallback-run-1/latency/veh-01/request bytes=1387 forwarded=1
1783088684.586010 publish topic=ipi/failure-fallback-run-1/latency/veh-01/ack bytes=236 forwarded=1
1783088684.815701 publish topic=ipi/failure-fallback-run-1/latency/veh-01/request bytes=1387 forwarded=1
1783088684.816340 publish topic=ipi/failure-fallback-run-1/latency/veh-01/ack bytes=236 forwarded=1
1783088685.046093 publish topic=ipi/failure-fallback-run-1/latency/veh-01/request bytes=1387 forwarded=1
1783088685.046836 publish topic=ipi/failure-fallback-run-1/latency/veh-01/ack bytes=236 forwarded=1
1783088685.276492 publish topic=ipi/failure-fallback-run-1/latency/veh-01/request bytes=1387 forwarded=1
1783088685.277168 publish topic=ipi/failure-fallback-run-1/latency/veh-01/ack bytes=236 forwarded=1
1783088685.526706 publish topic=ipi/failure-fallback-run-1/latency/veh-01/request bytes=1387 forwarded=1
1783088685.527371 publish topic=ipi/failure-fallback-run-1/latency/veh-01/ack bytes=236 forwarded=1
1783088685.757027 publish topic=ipi/failure-fallback-run-1/latency/veh-01/request bytes=1387 forwarded=1
1783088685.757668 publish topic=ipi/failure-fallback-run-1/latency/veh-01/ack bytes=236 forwarded=1
1783088685.987264 publish topic=ipi/failure-fallback-run-1/latency/veh-01/request bytes=1387 forwarded=1
1783088685.987947 publish topic=ipi/failure-fallback-run-1/latency/veh-01/ack bytes=236 forwarded=1
1783088686.207451 publish topic=ipi/failure-fallback-run-1/latency/veh-01/request bytes=1387 forwarded=1
1783088686.208135 publish topic=ipi/failure-fallback-run-1/latency/veh-01/ack bytes=236 forwarded=1
1783088686.437696 publish topic=ipi/failure-fallback-run-1/latency/veh-01/request bytes=1387 forwarded=1
1783088686.438376 publish topic=ipi/failure-fallback-run-1/latency/veh-01/ack bytes=236 forwarded=1
1783088686.668114 publish topic=ipi/failure-fallback-run-1/latency/veh-01/request bytes=1387 forwarded=1
1783088686.668845 publish topic=ipi/failure-fallback-run-1/latency/veh-01/ack bytes=236 forwarded=1
1783088686.898315 publish topic=ipi/failure-fallback-run-1/latency/veh-01/request bytes=1387 forwarded=1
1783088686.898982 publish topic=ipi/failure-fallback-run-1/latency/veh-01/ack bytes=236 forwarded=1
1783088687.118550 publish topic=ipi/failure-fallback-run-1/latency/veh-01/request bytes=1387 forwarded=1
1783088687.119226 publish topic=ipi/failure-fallback-run-1/latency/veh-01/ack bytes=236 forwarded=1
1783088687.338925 publish topic=ipi/failure-fallback-run-1/latency/veh-01/request bytes=1387 forwarded=1
1783088687.339585 publish topic=ipi/failure-fallback-run-1/latency/veh-01/ack bytes=236 forwarded=1
1783088687.579234 publish topic=ipi/failure-fallback-run-1/latency/veh-01/request bytes=1387 forwarded=1
1783088687.579918 publish topic=ipi/failure-fallback-run-1/latency/veh-01/ack bytes=236 forwarded=1
1783088687.799484 publish topic=ipi/failure-fallback-run-1/latency/veh-01/request bytes=1387 forwarded=1
1783088687.800131 publish topic=ipi/failure-fallback-run-1/latency/veh-01/ack bytes=236 forwarded=1
1783088688.029795 publish topic=ipi/failure-fallback-run-1/latency/veh-01/request bytes=1387 forwarded=1
1783088688.030480 publish topic=ipi/failure-fallback-run-1/latency/veh-01/ack bytes=236 forwarded=1
1783088688.270154 publish topic=ipi/failure-fallback-run-1/latency/veh-01/request bytes=1387 forwarded=1
1783088688.270818 publish topic=ipi/failure-fallback-run-1/latency/veh-01/ack bytes=236 forwarded=1
1783088688.500391 publish topic=ipi/failure-fallback-run-1/latency/veh-01/request bytes=1387 forwarded=1
1783088688.501145 publish topic=ipi/failure-fallback-run-1/latency/veh-01/ack bytes=236 forwarded=1
1783088688.730877 publish topic=ipi/failure-fallback-run-1/latency/veh-01/request bytes=1387 forwarded=1
1783088688.731560 publish topic=ipi/failure-fallback-run-1/latency/veh-01/ack bytes=236 forwarded=1
1783088688.971144 publish topic=ipi/failure-fallback-run-1/latency/veh-01/request bytes=1387 forwarded=1
1783088688.971776 publish topic=ipi/failure-fallback-run-1/latency/veh-01/ack bytes=236 forwarded=1
1783088689.201511 publish topic=ipi/failure-fallback-run-1/latency/veh-01/request bytes=1387 forwarded=1
1783088689.202157 publish topic=ipi/failure-fallback-run-1/latency/veh-01/ack bytes=236 forwarded=1
1783088689.431984 publish topic=ipi/failure-fallback-run-1/latency/veh-01/request bytes=1387 forwarded=1
1783088689.432620 publish topic=ipi/failure-fallback-run-1/latency/veh-01/ack bytes=236 forwarded=1
1783088689.662332 publish topic=ipi/failure-fallback-run-1/latency/veh-01/request bytes=1387 forwarded=1
1783088689.662977 publish topic=ipi/failure-fallback-run-1/latency/veh-01/ack bytes=236 forwarded=1
1783088689.892799 publish topic=ipi/failure-fallback-run-1/latency/veh-01/request bytes=1387 forwarded=1
1783088689.893445 publish topic=ipi/failure-fallback-run-1/latency/veh-01/ack bytes=236 forwarded=1
1783088690.123381 publish topic=ipi/failure-fallback-run-1/latency/veh-01/request bytes=1387 forwarded=1
1783088690.124030 publish topic=ipi/failure-fallback-run-1/latency/veh-01/ack bytes=236 forwarded=1
1783088690.353916 publish topic=ipi/failure-fallback-run-1/latency/veh-01/request bytes=1387 forwarded=1
1783088690.354563 publish topic=ipi/failure-fallback-run-1/latency/veh-01/ack bytes=236 forwarded=1
1783088690.594290 publish topic=ipi/failure-fallback-run-1/latency/veh-01/request bytes=1387 forwarded=1
1783088690.594935 publish topic=ipi/failure-fallback-run-1/latency/veh-01/ack bytes=236 forwarded=1
1783088690.824421 publish topic=ipi/failure-fallback-run-1/latency/veh-01/request bytes=1387 forwarded=1
1783088690.825097 publish topic=ipi/failure-fallback-run-1/latency/veh-01/ack bytes=236 forwarded=1
1783088691.054522 publish topic=ipi/failure-fallback-run-1/latency/veh-01/request bytes=1387 forwarded=1
1783088691.055226 publish topic=ipi/failure-fallback-run-1/latency/veh-01/ack bytes=236 forwarded=1
1783088691.275031 publish topic=ipi/failure-fallback-run-1/latency/veh-01/request bytes=1387 forwarded=1
1783088691.275682 publish topic=ipi/failure-fallback-run-1/latency/veh-01/ack bytes=236 forwarded=1
1783088691.515539 publish topic=ipi/failure-fallback-run-1/latency/veh-01/request bytes=1387 forwarded=1
1783088691.516192 publish topic=ipi/failure-fallback-run-1/latency/veh-01/ack bytes=236 forwarded=1
1783088691.755930 publish topic=ipi/failure-fallback-run-1/latency/veh-01/request bytes=1387 forwarded=1
1783088691.756585 publish topic=ipi/failure-fallback-run-1/latency/veh-01/ack bytes=236 forwarded=1
1783088691.996306 publish topic=ipi/failure-fallback-run-1/latency/veh-01/request bytes=1387 forwarded=1
1783088691.996986 publish topic=ipi/failure-fallback-run-1/latency/veh-01/ack bytes=236 forwarded=1
1783088692.226604 publish topic=ipi/failure-fallback-run-1/latency/veh-01/request bytes=1387 forwarded=1
1783088692.227252 publish topic=ipi/failure-fallback-run-1/latency/veh-01/ack bytes=236 forwarded=1
1783088692.447033 publish topic=ipi/failure-fallback-run-1/latency/veh-01/request bytes=1387 forwarded=1
1783088692.447694 publish topic=ipi/failure-fallback-run-1/latency/veh-01/ack bytes=236 forwarded=1
1783088692.687435 publish topic=ipi/failure-fallback-run-1/latency/veh-01/request bytes=1387 forwarded=1
1783088692.688086 publish topic=ipi/failure-fallback-run-1/latency/veh-01/ack bytes=236 forwarded=1
1783088692.907724 publish topic=ipi/failure-fallback-run-1/latency/veh-01/request bytes=1387 forwarded=1
1783088692.908381 publish topic=ipi/failure-fallback-run-1/latency/veh-01/ack bytes=236 forwarded=1
1783088693.127942 publish topic=ipi/failure-fallback-run-1/latency/veh-01/request bytes=1387 forwarded=1
1783088693.128601 publish topic=ipi/failure-fallback-run-1/latency/veh-01/ack bytes=236 forwarded=1
1783088693.348352 publish topic=ipi/failure-fallback-run-1/latency/veh-01/request bytes=1387 forwarded=1
1783088693.349040 publish topic=ipi/failure-fallback-run-1/latency/veh-01/ack bytes=236 forwarded=1
1783088693.588658 publish topic=ipi/failure-fallback-run-1/latency/veh-01/request bytes=1387 forwarded=1
1783088693.589377 publish topic=ipi/failure-fallback-run-1/latency/veh-01/ack bytes=236 forwarded=1
1783088693.829148 publish topic=ipi/failure-fallback-run-1/latency/veh-01/request bytes=1387 forwarded=1
1783088693.829808 publish topic=ipi/failure-fallback-run-1/latency/veh-01/ack bytes=236 forwarded=1
1783088694.069392 publish topic=ipi/failure-fallback-run-1/latency/veh-01/request bytes=1387 forwarded=1
1783088694.070054 publish topic=ipi/failure-fallback-run-1/latency/veh-01/ack bytes=236 forwarded=1
1783088694.299793 publish topic=ipi/failure-fallback-run-1/latency/veh-01/request bytes=1387 forwarded=1
1783088694.300408 publish topic=ipi/failure-fallback-run-1/latency/veh-01/ack bytes=236 forwarded=1
1783088694.539869 publish topic=ipi/failure-fallback-run-1/latency/veh-01/request bytes=1387 forwarded=1
1783088694.540492 publish topic=ipi/failure-fallback-run-1/latency/veh-01/ack bytes=236 forwarded=1
1783088694.780385 publish topic=ipi/failure-fallback-run-1/latency/veh-01/request bytes=1387 forwarded=1
1783088694.781058 publish topic=ipi/failure-fallback-run-1/latency/veh-01/ack bytes=236 forwarded=1
1783088695.020735 publish topic=ipi/failure-fallback-run-1/latency/veh-01/request bytes=1387 forwarded=1
1783088695.021358 publish topic=ipi/failure-fallback-run-1/latency/veh-01/ack bytes=236 forwarded=1
1783088695.261014 publish topic=ipi/failure-fallback-run-1/latency/veh-01/request bytes=1387 forwarded=1
1783088695.261640 publish topic=ipi/failure-fallback-run-1/latency/veh-01/ack bytes=236 forwarded=1
1783088695.501388 publish topic=ipi/failure-fallback-run-1/latency/veh-01/request bytes=1387 forwarded=1
1783088695.502022 publish topic=ipi/failure-fallback-run-1/latency/veh-01/ack bytes=236 forwarded=1
1783088695.731850 publish topic=ipi/failure-fallback-run-1/latency/veh-01/request bytes=1387 forwarded=1
1783088695.732476 publish topic=ipi/failure-fallback-run-1/latency/veh-01/ack bytes=236 forwarded=1
1783088695.962215 publish topic=ipi/failure-fallback-run-1/latency/veh-01/request bytes=1387 forwarded=1
1783088695.962843 publish topic=ipi/failure-fallback-run-1/latency/veh-01/ack bytes=236 forwarded=1
1783088696.202779 publish topic=ipi/failure-fallback-run-1/latency/veh-01/request bytes=1387 forwarded=1
1783088696.203404 publish topic=ipi/failure-fallback-run-1/latency/veh-01/ack bytes=236 forwarded=1
1783088696.423189 publish topic=ipi/failure-fallback-run-1/latency/veh-01/request bytes=1389 forwarded=1
1783088696.423831 publish topic=ipi/failure-fallback-run-1/latency/veh-01/ack bytes=237 forwarded=1
1783088696.663454 publish topic=ipi/failure-fallback-run-1/latency/veh-01/request bytes=1389 forwarded=1
1783088696.664086 publish topic=ipi/failure-fallback-run-1/latency/veh-01/ack bytes=237 forwarded=1
1783088696.883852 publish topic=ipi/failure-fallback-run-1/latency/veh-01/request bytes=1389 forwarded=1
1783088696.884494 publish topic=ipi/failure-fallback-run-1/latency/veh-01/ack bytes=237 forwarded=1
1783088697.124065 publish topic=ipi/failure-fallback-run-1/latency/veh-01/request bytes=1389 forwarded=1
1783088697.124768 publish topic=ipi/failure-fallback-run-1/latency/veh-01/ack bytes=237 forwarded=1
1783088697.344306 publish topic=ipi/failure-fallback-run-1/latency/veh-01/request bytes=1389 forwarded=1
1783088697.344994 publish topic=ipi/failure-fallback-run-1/latency/veh-01/ack bytes=237 forwarded=1
1783088697.584782 publish topic=ipi/failure-fallback-run-1/latency/veh-01/request bytes=1389 forwarded=1
1783088697.585415 publish topic=ipi/failure-fallback-run-1/latency/veh-01/ack bytes=237 forwarded=1
1783088697.865103 publish topic=ipi/failure-fallback-run-1/latency/veh-01/request bytes=1389 forwarded=1
1783088697.865769 publish topic=ipi/failure-fallback-run-1/latency/veh-01/ack bytes=237 forwarded=1
1783088698.105338 publish topic=ipi/failure-fallback-run-1/latency/veh-01/request bytes=1389 forwarded=1
1783088698.105971 publish topic=ipi/failure-fallback-run-1/latency/veh-01/ack bytes=237 forwarded=1
1783088698.355865 publish topic=ipi/failure-fallback-run-1/latency/veh-01/request bytes=1389 forwarded=1
1783088698.356479 publish topic=ipi/failure-fallback-run-1/latency/veh-01/ack bytes=237 forwarded=1
1783088698.816425 publish topic=ipi/failure-fallback-run-1/latency/veh-01/request bytes=1389 forwarded=1
1783088698.817090 publish topic=ipi/failure-fallback-run-1/latency/veh-01/ack bytes=237 forwarded=1
1783088699.066718 publish topic=ipi/failure-fallback-run-1/latency/veh-01/request bytes=1389 forwarded=1
1783088699.067345 publish topic=ipi/failure-fallback-run-1/latency/veh-01/ack bytes=237 forwarded=1
1783088699.297059 publish topic=ipi/failure-fallback-run-1/latency/veh-01/request bytes=1389 forwarded=1
1783088699.297694 publish topic=ipi/failure-fallback-run-1/latency/veh-01/ack bytes=237 forwarded=1
1783088699.537441 publish topic=ipi/failure-fallback-run-1/latency/veh-01/request bytes=1389 forwarded=1
1783088699.538024 publish topic=ipi/failure-fallback-run-1/latency/veh-01/ack bytes=237 forwarded=1
1783088700.008083 publish topic=ipi/failure-fallback-run-1/latency/veh-01/request bytes=1389 forwarded=1
1783088700.008711 publish topic=ipi/failure-fallback-run-1/latency/veh-01/ack bytes=237 forwarded=1
1783088700.238356 publish topic=ipi/failure-fallback-run-1/latency/veh-01/request bytes=1389 forwarded=1
1783088700.238976 publish topic=ipi/failure-fallback-run-1/latency/veh-01/ack bytes=237 forwarded=1
1783088700.458414 publish topic=ipi/failure-fallback-run-1/latency/veh-01/request bytes=1389 forwarded=1
1783088700.458633 publish topic=ipi/failure-fallback-run-1/latency/veh-01/ack bytes=237 forwarded=1
1783088700.698954 publish topic=ipi/failure-fallback-run-1/latency/veh-01/request bytes=1389 forwarded=1
1783088700.699589 publish topic=ipi/failure-fallback-run-1/latency/veh-01/ack bytes=237 forwarded=1
1783088700.929214 publish topic=ipi/failure-fallback-run-1/latency/veh-01/request bytes=1389 forwarded=1
1783088700.929840 publish topic=ipi/failure-fallback-run-1/latency/veh-01/ack bytes=237 forwarded=1
1783088701.169544 publish topic=ipi/failure-fallback-run-1/latency/veh-01/request bytes=1389 forwarded=1
1783088701.170231 publish topic=ipi/failure-fallback-run-1/latency/veh-01/ack bytes=237 forwarded=1
1783088701.399906 publish topic=ipi/failure-fallback-run-1/latency/veh-01/request bytes=1389 forwarded=1
1783088701.400541 publish topic=ipi/failure-fallback-run-1/latency/veh-01/ack bytes=237 forwarded=1
1783088701.630084 publish topic=ipi/failure-fallback-run-1/latency/veh-01/request bytes=1389 forwarded=1
1783088701.630713 publish topic=ipi/failure-fallback-run-1/latency/veh-01/ack bytes=237 forwarded=1
1783088701.860620 publish topic=ipi/failure-fallback-run-1/latency/veh-01/request bytes=1389 forwarded=1
1783088701.861271 publish topic=ipi/failure-fallback-run-1/latency/veh-01/ack bytes=237 forwarded=1
1783088702.090860 publish topic=ipi/failure-fallback-run-1/latency/veh-01/request bytes=1389 forwarded=1
1783088702.091502 publish topic=ipi/failure-fallback-run-1/latency/veh-01/ack bytes=237 forwarded=1
1783088702.331460 publish topic=ipi/failure-fallback-run-1/latency/veh-01/request bytes=1389 forwarded=1
1783088702.332093 publish topic=ipi/failure-fallback-run-1/latency/veh-01/ack bytes=237 forwarded=1
1783088702.561858 publish topic=ipi/failure-fallback-run-1/latency/veh-01/request bytes=1389 forwarded=1
1783088702.562483 publish topic=ipi/failure-fallback-run-1/latency/veh-01/ack bytes=237 forwarded=1
1783088702.802129 publish topic=ipi/failure-fallback-run-1/latency/veh-01/request bytes=1389 forwarded=1
1783088702.802764 publish topic=ipi/failure-fallback-run-1/latency/veh-01/ack bytes=237 forwarded=1
1783088703.032601 publish topic=ipi/failure-fallback-run-1/latency/veh-01/request bytes=1389 forwarded=1
1783088703.033285 publish topic=ipi/failure-fallback-run-1/latency/veh-01/ack bytes=237 forwarded=1
1783088703.262846 publish topic=ipi/failure-fallback-run-1/latency/veh-01/request bytes=1389 forwarded=1
1783088703.263488 publish topic=ipi/failure-fallback-run-1/latency/veh-01/ack bytes=237 forwarded=1
1783088703.503430 publish topic=ipi/failure-fallback-run-1/latency/veh-01/request bytes=1389 forwarded=1
1783088703.504065 publish topic=ipi/failure-fallback-run-1/latency/veh-01/ack bytes=237 forwarded=1
1783088703.743576 publish topic=ipi/failure-fallback-run-1/latency/veh-01/request bytes=1389 forwarded=1
1783088703.744218 publish topic=ipi/failure-fallback-run-1/latency/veh-01/ack bytes=237 forwarded=1
1783088703.984024 publish topic=ipi/failure-fallback-run-1/latency/veh-01/request bytes=1389 forwarded=1
1783088703.984662 publish topic=ipi/failure-fallback-run-1/latency/veh-01/ack bytes=237 forwarded=1
1783088704.224217 publish topic=ipi/failure-fallback-run-1/latency/veh-01/request bytes=1389 forwarded=1
1783088704.224870 publish topic=ipi/failure-fallback-run-1/latency/veh-01/ack bytes=237 forwarded=1
1783088704.464543 publish topic=ipi/failure-fallback-run-1/latency/veh-01/request bytes=1389 forwarded=1
1783088704.465212 publish topic=ipi/failure-fallback-run-1/latency/veh-01/ack bytes=237 forwarded=1
1783088704.704777 publish topic=ipi/failure-fallback-run-1/latency/veh-01/request bytes=1389 forwarded=1
1783088704.705388 publish topic=ipi/failure-fallback-run-1/latency/veh-01/ack bytes=237 forwarded=1
1783088704.944952 publish topic=ipi/failure-fallback-run-1/latency/veh-01/request bytes=1389 forwarded=1
1783088704.945585 publish topic=ipi/failure-fallback-run-1/latency/veh-01/ack bytes=237 forwarded=1
1783088705.185316 publish topic=ipi/failure-fallback-run-1/latency/veh-01/request bytes=1389 forwarded=1
1783088705.186005 publish topic=ipi/failure-fallback-run-1/latency/veh-01/ack bytes=237 forwarded=1
1783088705.405786 publish topic=ipi/failure-fallback-run-1/latency/veh-01/request bytes=1389 forwarded=1
1783088705.406444 publish topic=ipi/failure-fallback-run-1/latency/veh-01/ack bytes=237 forwarded=1
1783088705.635910 publish topic=ipi/failure-fallback-run-1/latency/veh-01/request bytes=1389 forwarded=1
1783088705.636585 publish topic=ipi/failure-fallback-run-1/latency/veh-01/ack bytes=237 forwarded=1
1783088705.876248 publish topic=ipi/failure-fallback-run-1/latency/veh-01/request bytes=1389 forwarded=1
1783088705.876953 publish topic=ipi/failure-fallback-run-1/latency/veh-01/ack bytes=237 forwarded=1
1783088706.126513 publish topic=ipi/failure-fallback-run-1/latency/veh-01/request bytes=1389 forwarded=1
1783088706.127156 publish topic=ipi/failure-fallback-run-1/latency/veh-01/ack bytes=237 forwarded=1
1783088706.377047 publish topic=ipi/failure-fallback-run-1/latency/veh-01/request bytes=1389 forwarded=1
1783088706.377691 publish topic=ipi/failure-fallback-run-1/latency/veh-01/ack bytes=237 forwarded=1
1783088706.627246 publish topic=ipi/failure-fallback-run-1/latency/veh-01/request bytes=1389 forwarded=1
1783088706.627900 publish topic=ipi/failure-fallback-run-1/latency/veh-01/ack bytes=237 forwarded=1
1783088706.847496 publish topic=ipi/failure-fallback-run-1/latency/veh-01/request bytes=1389 forwarded=1
1783088706.848143 publish topic=ipi/failure-fallback-run-1/latency/veh-01/ack bytes=237 forwarded=1
1783088707.087830 publish topic=ipi/failure-fallback-run-1/latency/veh-01/request bytes=1389 forwarded=1
1783088707.088476 publish topic=ipi/failure-fallback-run-1/latency/veh-01/ack bytes=237 forwarded=1
1783088707.328217 publish topic=ipi/failure-fallback-run-1/latency/veh-01/request bytes=1389 forwarded=1
1783088707.328899 publish topic=ipi/failure-fallback-run-1/latency/veh-01/ack bytes=237 forwarded=1
1783088707.548299 publish topic=ipi/failure-fallback-run-1/latency/veh-01/request bytes=1389 forwarded=1
1783088707.548975 publish topic=ipi/failure-fallback-run-1/latency/veh-01/ack bytes=237 forwarded=1
1783088707.768564 publish topic=ipi/failure-fallback-run-1/latency/veh-01/request bytes=1389 forwarded=1
1783088707.769233 publish topic=ipi/failure-fallback-run-1/latency/veh-01/ack bytes=237 forwarded=1
1783088707.998954 publish topic=ipi/failure-fallback-run-1/latency/veh-01/request bytes=1389 forwarded=1
1783088707.999599 publish topic=ipi/failure-fallback-run-1/latency/veh-01/ack bytes=237 forwarded=1
1783088708.229144 publish topic=ipi/failure-fallback-run-1/latency/veh-01/request bytes=1389 forwarded=1
1783088708.229796 publish topic=ipi/failure-fallback-run-1/latency/veh-01/ack bytes=237 forwarded=1
1783088708.459729 publish topic=ipi/failure-fallback-run-1/latency/veh-01/request bytes=1389 forwarded=1
1783088708.460376 publish topic=ipi/failure-fallback-run-1/latency/veh-01/ack bytes=237 forwarded=1
1783088708.690266 publish topic=ipi/failure-fallback-run-1/latency/veh-01/request bytes=1389 forwarded=1
1783088708.690911 publish topic=ipi/failure-fallback-run-1/latency/veh-01/ack bytes=237 forwarded=1
1783088708.930516 publish topic=ipi/failure-fallback-run-1/latency/veh-01/request bytes=1389 forwarded=1
1783088708.931163 publish topic=ipi/failure-fallback-run-1/latency/veh-01/ack bytes=237 forwarded=1
1783088709.160891 publish topic=ipi/failure-fallback-run-1/latency/veh-01/request bytes=1389 forwarded=1
1783088709.161535 publish topic=ipi/failure-fallback-run-1/latency/veh-01/ack bytes=237 forwarded=1
1783088709.391341 publish topic=ipi/failure-fallback-run-1/latency/veh-01/request bytes=1389 forwarded=1
1783088709.392008 publish topic=ipi/failure-fallback-run-1/latency/veh-01/ack bytes=237 forwarded=1
1783088709.631726 publish topic=ipi/failure-fallback-run-1/latency/veh-01/request bytes=1389 forwarded=1
1783088709.632376 publish topic=ipi/failure-fallback-run-1/latency/veh-01/ack bytes=237 forwarded=1
1783088709.861930 publish topic=ipi/failure-fallback-run-1/latency/veh-01/request bytes=1389 forwarded=1
1783088709.862584 publish topic=ipi/failure-fallback-run-1/latency/veh-01/ack bytes=237 forwarded=1
1783088710.092339 publish topic=ipi/failure-fallback-run-1/latency/veh-01/request bytes=1389 forwarded=1
1783088710.093023 publish topic=ipi/failure-fallback-run-1/latency/veh-01/ack bytes=237 forwarded=1
1783088710.322551 publish topic=ipi/failure-fallback-run-1/latency/veh-01/request bytes=1389 forwarded=1
1783088710.323201 publish topic=ipi/failure-fallback-run-1/latency/veh-01/ack bytes=237 forwarded=1
1783088710.562981 publish topic=ipi/failure-fallback-run-1/latency/veh-01/request bytes=1389 forwarded=1
1783088710.563619 publish topic=ipi/failure-fallback-run-1/latency/veh-01/ack bytes=237 forwarded=1
1783088710.783207 publish topic=ipi/failure-fallback-run-1/latency/veh-01/request bytes=1389 forwarded=1
1783088710.783849 publish topic=ipi/failure-fallback-run-1/latency/veh-01/ack bytes=237 forwarded=1
1783088711.033402 publish topic=ipi/failure-fallback-run-1/latency/veh-01/request bytes=1389 forwarded=1
1783088711.034032 publish topic=ipi/failure-fallback-run-1/latency/veh-01/ack bytes=237 forwarded=1
1783088711.263750 publish topic=ipi/failure-fallback-run-1/latency/veh-01/request bytes=1389 forwarded=1
1783088711.264417 publish topic=ipi/failure-fallback-run-1/latency/veh-01/ack bytes=237 forwarded=1
1783088711.483834 publish topic=ipi/failure-fallback-run-1/latency/veh-01/request bytes=1389 forwarded=1
1783088711.484486 publish topic=ipi/failure-fallback-run-1/latency/veh-01/ack bytes=237 forwarded=1
1783088711.724345 publish topic=ipi/failure-fallback-run-1/latency/veh-01/request bytes=1389 forwarded=1
1783088711.725011 publish topic=ipi/failure-fallback-run-1/latency/veh-01/ack bytes=237 forwarded=1
1783088711.964583 publish topic=ipi/failure-fallback-run-1/latency/veh-01/request bytes=1389 forwarded=1
1783088711.965254 publish topic=ipi/failure-fallback-run-1/latency/veh-01/ack bytes=237 forwarded=1
1783088712.214954 publish topic=ipi/failure-fallback-run-1/latency/veh-01/request bytes=1389 forwarded=1
1783088712.215605 publish topic=ipi/failure-fallback-run-1/latency/veh-01/ack bytes=237 forwarded=1
1783088712.445152 publish topic=ipi/failure-fallback-run-1/latency/veh-01/request bytes=1389 forwarded=1
1783088712.445800 publish topic=ipi/failure-fallback-run-1/latency/veh-01/ack bytes=237 forwarded=1
1783088712.675429 publish topic=ipi/failure-fallback-run-1/latency/veh-01/request bytes=1389 forwarded=1
1783088712.676070 publish topic=ipi/failure-fallback-run-1/latency/veh-01/ack bytes=237 forwarded=1
1783088712.905880 publish topic=ipi/failure-fallback-run-1/latency/veh-01/request bytes=1389 forwarded=1
1783088712.906530 publish topic=ipi/failure-fallback-run-1/latency/veh-01/ack bytes=237 forwarded=1
1783088713.136064 publish topic=ipi/failure-fallback-run-1/latency/veh-01/request bytes=1389 forwarded=1
1783088713.136816 publish topic=ipi/failure-fallback-run-1/latency/veh-01/ack bytes=237 forwarded=1
1783088713.366386 publish topic=ipi/failure-fallback-run-1/latency/veh-01/request bytes=1389 forwarded=1
1783088713.367065 publish topic=ipi/failure-fallback-run-1/latency/veh-01/ack bytes=237 forwarded=1
1783088713.606714 publish topic=ipi/failure-fallback-run-1/latency/veh-01/request bytes=1389 forwarded=1
1783088713.607396 publish topic=ipi/failure-fallback-run-1/latency/veh-01/ack bytes=237 forwarded=1
1783088713.836957 publish topic=ipi/failure-fallback-run-1/latency/veh-01/request bytes=1389 forwarded=1
1783088713.837653 publish topic=ipi/failure-fallback-run-1/latency/veh-01/ack bytes=237 forwarded=1
1783088714.077168 publish topic=ipi/failure-fallback-run-1/latency/veh-01/request bytes=1389 forwarded=1
1783088714.077858 publish topic=ipi/failure-fallback-run-1/latency/veh-01/ack bytes=237 forwarded=1
1783088714.317836 publish topic=ipi/failure-fallback-run-1/latency/veh-01/request bytes=1389 forwarded=1
1783088714.318540 publish topic=ipi/failure-fallback-run-1/latency/veh-01/ack bytes=237 forwarded=1
1783088714.558066 publish topic=ipi/failure-fallback-run-1/latency/veh-01/request bytes=1389 forwarded=1
1783088714.558740 publish topic=ipi/failure-fallback-run-1/latency/veh-01/ack bytes=237 forwarded=1
1783088714.778427 publish topic=ipi/failure-fallback-run-1/latency/veh-01/request bytes=1389 forwarded=1
1783088714.779119 publish topic=ipi/failure-fallback-run-1/latency/veh-01/ack bytes=237 forwarded=1
1783088715.018749 publish topic=ipi/failure-fallback-run-1/latency/veh-01/request bytes=1389 forwarded=1
1783088715.019433 publish topic=ipi/failure-fallback-run-1/latency/veh-01/ack bytes=237 forwarded=1
1783088715.259298 publish topic=ipi/failure-fallback-run-1/latency/veh-01/request bytes=1389 forwarded=1
1783088715.259991 publish topic=ipi/failure-fallback-run-1/latency/veh-01/ack bytes=237 forwarded=1
1783088715.489710 publish topic=ipi/failure-fallback-run-1/latency/veh-01/request bytes=1389 forwarded=1
1783088715.490405 publish topic=ipi/failure-fallback-run-1/latency/veh-01/ack bytes=237 forwarded=1
1783088715.719951 publish topic=ipi/failure-fallback-run-1/latency/veh-01/request bytes=1389 forwarded=1
1783088715.720645 publish topic=ipi/failure-fallback-run-1/latency/veh-01/ack bytes=237 forwarded=1
1783088715.940420 publish topic=ipi/failure-fallback-run-1/latency/veh-01/request bytes=1389 forwarded=1
1783088715.941129 publish topic=ipi/failure-fallback-run-1/latency/veh-01/ack bytes=237 forwarded=1
1783088716.160706 publish topic=ipi/failure-fallback-run-1/latency/veh-01/request bytes=1389 forwarded=1
1783088716.161397 publish topic=ipi/failure-fallback-run-1/latency/veh-01/ack bytes=237 forwarded=1
1783088716.390887 publish topic=ipi/failure-fallback-run-1/latency/veh-01/request bytes=1389 forwarded=1
1783088716.391546 publish topic=ipi/failure-fallback-run-1/latency/veh-01/ack bytes=237 forwarded=1
1783088716.621437 publish topic=ipi/failure-fallback-run-1/latency/veh-01/request bytes=1389 forwarded=1
1783088716.622128 publish topic=ipi/failure-fallback-run-1/latency/veh-01/ack bytes=237 forwarded=1
1783088716.871855 publish topic=ipi/failure-fallback-run-1/latency/veh-01/request bytes=1389 forwarded=1
1783088716.872553 publish topic=ipi/failure-fallback-run-1/latency/veh-01/ack bytes=237 forwarded=1
1783088717.151955 publish topic=ipi/failure-fallback-run-1/latency/veh-01/request bytes=1389 forwarded=1
1783088717.152652 publish topic=ipi/failure-fallback-run-1/latency/veh-01/ack bytes=237 forwarded=1
1783088717.382280 publish topic=ipi/failure-fallback-run-1/latency/veh-01/request bytes=1389 forwarded=1
1783088717.382972 publish topic=ipi/failure-fallback-run-1/latency/veh-01/ack bytes=237 forwarded=1
1783088717.602555 publish topic=ipi/failure-fallback-run-1/latency/veh-01/request bytes=1389 forwarded=1
1783088717.603240 publish topic=ipi/failure-fallback-run-1/latency/veh-01/ack bytes=237 forwarded=1
1783088717.822925 publish topic=ipi/failure-fallback-run-1/latency/veh-01/request bytes=1389 forwarded=1
1783088717.823619 publish topic=ipi/failure-fallback-run-1/latency/veh-01/ack bytes=237 forwarded=1
1783088718.053001 publish topic=ipi/failure-fallback-run-1/latency/veh-01/request bytes=1389 forwarded=1
1783088718.053733 publish topic=ipi/failure-fallback-run-1/latency/veh-01/ack bytes=237 forwarded=1
1783088718.273488 publish topic=ipi/failure-fallback-run-1/latency/veh-01/request bytes=1389 forwarded=1
1783088718.274180 publish topic=ipi/failure-fallback-run-1/latency/veh-01/ack bytes=237 forwarded=1
1783088718.513633 publish topic=ipi/failure-fallback-run-1/latency/veh-01/request bytes=1389 forwarded=1
1783088718.514329 publish topic=ipi/failure-fallback-run-1/latency/veh-01/ack bytes=237 forwarded=1
1783088718.743831 publish topic=ipi/failure-fallback-run-1/latency/veh-01/request bytes=1389 forwarded=1
1783088718.744522 publish topic=ipi/failure-fallback-run-1/latency/veh-01/ack bytes=237 forwarded=1
1783088718.974285 publish topic=ipi/failure-fallback-run-1/latency/veh-01/request bytes=1389 forwarded=1
1783088718.974987 publish topic=ipi/failure-fallback-run-1/latency/veh-01/ack bytes=237 forwarded=1
1783088719.204710 publish topic=ipi/failure-fallback-run-1/latency/veh-01/request bytes=1389 forwarded=1
1783088719.205399 publish topic=ipi/failure-fallback-run-1/latency/veh-01/ack bytes=237 forwarded=1
1783088719.424941 publish topic=ipi/failure-fallback-run-1/latency/veh-01/request bytes=1389 forwarded=1
1783088719.425620 publish topic=ipi/failure-fallback-run-1/latency/veh-01/ack bytes=237 forwarded=1
1783088719.655344 publish topic=ipi/failure-fallback-run-1/latency/veh-01/request bytes=1389 forwarded=1
1783088719.656015 publish topic=ipi/failure-fallback-run-1/latency/veh-01/ack bytes=237 forwarded=1
1783088719.895760 publish topic=ipi/failure-fallback-run-1/latency/veh-01/request bytes=1389 forwarded=1
1783088719.896454 publish topic=ipi/failure-fallback-run-1/latency/veh-01/ack bytes=237 forwarded=1
1783088720.136047 publish topic=ipi/failure-fallback-run-1/latency/veh-01/request bytes=1389 forwarded=1
1783088720.136774 publish topic=ipi/failure-fallback-run-1/latency/veh-01/ack bytes=237 forwarded=1
1783088720.386586 publish topic=ipi/failure-fallback-run-1/latency/veh-01/request bytes=1389 forwarded=1
1783088720.387283 publish topic=ipi/failure-fallback-run-1/latency/veh-01/ack bytes=237 forwarded=1
1783088720.616943 publish topic=ipi/failure-fallback-run-1/latency/veh-01/request bytes=1389 forwarded=1
1783088720.617628 publish topic=ipi/failure-fallback-run-1/latency/veh-01/ack bytes=237 forwarded=1
1783088720.857356 publish topic=ipi/failure-fallback-run-1/latency/veh-01/request bytes=1389 forwarded=1
1783088720.858049 publish topic=ipi/failure-fallback-run-1/latency/veh-01/ack bytes=237 forwarded=1
1783088721.087436 publish topic=ipi/failure-fallback-run-1/latency/veh-01/request bytes=1389 forwarded=1
1783088721.088153 publish topic=ipi/failure-fallback-run-1/latency/veh-01/ack bytes=237 forwarded=1
1783088721.357759 publish topic=ipi/failure-fallback-run-1/latency/veh-01/request bytes=1389 forwarded=1
1783088721.358449 publish topic=ipi/failure-fallback-run-1/latency/veh-01/ack bytes=237 forwarded=1
1783088721.588179 publish topic=ipi/failure-fallback-run-1/latency/veh-01/request bytes=1389 forwarded=1
1783088721.588897 publish topic=ipi/failure-fallback-run-1/latency/veh-01/ack bytes=237 forwarded=1
1783088721.808395 publish topic=ipi/failure-fallback-run-1/latency/veh-01/request bytes=1389 forwarded=1
1783088721.809116 publish topic=ipi/failure-fallback-run-1/latency/veh-01/ack bytes=237 forwarded=1
1783088722.028706 publish topic=ipi/failure-fallback-run-1/latency/veh-01/request bytes=1389 forwarded=1
1783088722.029387 publish topic=ipi/failure-fallback-run-1/latency/veh-01/ack bytes=237 forwarded=1
1783088722.259242 publish topic=ipi/failure-fallback-run-1/latency/veh-01/request bytes=1389 forwarded=1
1783088722.259939 publish topic=ipi/failure-fallback-run-1/latency/veh-01/ack bytes=237 forwarded=1
1783088722.489517 publish topic=ipi/failure-fallback-run-1/latency/veh-01/request bytes=1389 forwarded=1
1783088722.490211 publish topic=ipi/failure-fallback-run-1/latency/veh-01/ack bytes=237 forwarded=1
1783088722.719640 publish topic=ipi/failure-fallback-run-1/latency/veh-01/request bytes=1389 forwarded=1
1783088722.720331 publish topic=ipi/failure-fallback-run-1/latency/veh-01/ack bytes=237 forwarded=1
1783088722.950073 publish topic=ipi/failure-fallback-run-1/latency/veh-01/request bytes=1389 forwarded=1
1783088722.950767 publish topic=ipi/failure-fallback-run-1/latency/veh-01/ack bytes=237 forwarded=1
1783088723.190501 publish topic=ipi/failure-fallback-run-1/latency/veh-01/request bytes=1389 forwarded=1
1783088723.191234 publish topic=ipi/failure-fallback-run-1/latency/veh-01/ack bytes=237 forwarded=1
1783088723.420848 publish topic=ipi/failure-fallback-run-1/latency/veh-01/request bytes=1389 forwarded=1
1783088723.421529 publish topic=ipi/failure-fallback-run-1/latency/veh-01/ack bytes=237 forwarded=1
1783088723.651082 publish topic=ipi/failure-fallback-run-1/latency/veh-01/request bytes=1389 forwarded=1
1783088723.651765 publish topic=ipi/failure-fallback-run-1/latency/veh-01/ack bytes=237 forwarded=1
1783088723.881666 publish topic=ipi/failure-fallback-run-1/latency/veh-01/request bytes=1389 forwarded=1
1783088723.882341 publish topic=ipi/failure-fallback-run-1/latency/veh-01/ack bytes=237 forwarded=1
1783088724.111724 publish topic=ipi/failure-fallback-run-1/latency/veh-01/request bytes=1389 forwarded=1
1783088724.112396 publish topic=ipi/failure-fallback-run-1/latency/veh-01/ack bytes=237 forwarded=1
1783088724.352195 publish topic=ipi/failure-fallback-run-1/latency/veh-01/request bytes=1389 forwarded=1
1783088724.352903 publish topic=ipi/failure-fallback-run-1/latency/veh-01/ack bytes=237 forwarded=1
1783088724.582426 publish topic=ipi/failure-fallback-run-1/latency/veh-01/request bytes=1389 forwarded=1
1783088724.583093 publish topic=ipi/failure-fallback-run-1/latency/veh-01/ack bytes=237 forwarded=1
1783088724.802771 publish topic=ipi/failure-fallback-run-1/latency/veh-01/request bytes=1389 forwarded=1
1783088724.803437 publish topic=ipi/failure-fallback-run-1/latency/veh-01/ack bytes=237 forwarded=1
1783088725.053174 publish topic=ipi/failure-fallback-run-1/latency/veh-01/request bytes=1389 forwarded=1
1783088725.053854 publish topic=ipi/failure-fallback-run-1/latency/veh-01/ack bytes=237 forwarded=1
1783088725.283826 publish topic=ipi/failure-fallback-run-1/latency/veh-01/request bytes=1389 forwarded=1
1783088725.284495 publish topic=ipi/failure-fallback-run-1/latency/veh-01/ack bytes=237 forwarded=1
1783088725.524037 publish topic=ipi/failure-fallback-run-1/latency/veh-01/request bytes=1389 forwarded=1
1783088725.524760 publish topic=ipi/failure-fallback-run-1/latency/veh-01/ack bytes=237 forwarded=1
1783088725.754357 publish topic=ipi/failure-fallback-run-1/latency/veh-01/request bytes=1389 forwarded=1
1783088725.755035 publish topic=ipi/failure-fallback-run-1/latency/veh-01/ack bytes=237 forwarded=1
1783088725.994830 publish topic=ipi/failure-fallback-run-1/latency/veh-01/request bytes=1389 forwarded=1
1783088725.995518 publish topic=ipi/failure-fallback-run-1/latency/veh-01/ack bytes=237 forwarded=1
1783088726.235274 publish topic=ipi/failure-fallback-run-1/latency/veh-01/request bytes=1389 forwarded=1
1783088726.235949 publish topic=ipi/failure-fallback-run-1/latency/veh-01/ack bytes=237 forwarded=1
1783088726.465464 publish topic=ipi/failure-fallback-run-1/latency/veh-01/request bytes=1389 forwarded=1
1783088726.466148 publish topic=ipi/failure-fallback-run-1/latency/veh-01/ack bytes=237 forwarded=1
1783088726.706162 publish topic=ipi/failure-fallback-run-1/latency/veh-01/request bytes=1389 forwarded=1
1783088726.706842 publish topic=ipi/failure-fallback-run-1/latency/veh-01/ack bytes=237 forwarded=1
1783088726.936096 publish topic=ipi/failure-fallback-run-1/latency/veh-01/request bytes=1389 forwarded=1
1783088726.936817 publish topic=ipi/failure-fallback-run-1/latency/veh-01/ack bytes=237 forwarded=1
1783088727.186395 publish topic=ipi/failure-fallback-run-1/latency/veh-01/request bytes=1389 forwarded=1
1783088727.187068 publish topic=ipi/failure-fallback-run-1/latency/veh-01/ack bytes=237 forwarded=1
1783088727.416853 publish topic=ipi/failure-fallback-run-1/latency/veh-01/request bytes=1389 forwarded=1
1783088727.417526 publish topic=ipi/failure-fallback-run-1/latency/veh-01/ack bytes=237 forwarded=1
1783088727.647142 publish topic=ipi/failure-fallback-run-1/latency/veh-01/request bytes=1389 forwarded=1
1783088727.647871 publish topic=ipi/failure-fallback-run-1/latency/veh-01/ack bytes=237 forwarded=1
1783088727.887420 publish topic=ipi/failure-fallback-run-1/latency/veh-01/request bytes=1389 forwarded=1
1783088727.888122 publish topic=ipi/failure-fallback-run-1/latency/veh-01/ack bytes=237 forwarded=1
1783088728.107821 publish topic=ipi/failure-fallback-run-1/latency/veh-01/request bytes=1389 forwarded=1
1783088728.108461 publish topic=ipi/failure-fallback-run-1/latency/veh-01/ack bytes=237 forwarded=1
1783088728.338205 publish topic=ipi/failure-fallback-run-1/latency/veh-01/request bytes=1389 forwarded=1
1783088728.338844 publish topic=ipi/failure-fallback-run-1/latency/veh-01/ack bytes=237 forwarded=1
1783088728.568361 publish topic=ipi/failure-fallback-run-1/latency/veh-01/request bytes=1389 forwarded=1
1783088728.569033 publish topic=ipi/failure-fallback-run-1/latency/veh-01/ack bytes=237 forwarded=1
1783088728.788574 publish topic=ipi/failure-fallback-run-1/latency/veh-01/request bytes=1389 forwarded=1
1783088728.789230 publish topic=ipi/failure-fallback-run-1/latency/veh-01/ack bytes=237 forwarded=1
1783088729.019094 publish topic=ipi/failure-fallback-run-1/latency/veh-01/request bytes=1389 forwarded=1
1783088729.019729 publish topic=ipi/failure-fallback-run-1/latency/veh-01/ack bytes=237 forwarded=1
1783088729.249093 publish topic=ipi/failure-fallback-run-1/latency/veh-01/request bytes=1389 forwarded=1
1783088729.249728 publish topic=ipi/failure-fallback-run-1/latency/veh-01/ack bytes=237 forwarded=1
1783088729.479505 publish topic=ipi/failure-fallback-run-1/latency/veh-01/request bytes=1389 forwarded=1
1783088729.480140 publish topic=ipi/failure-fallback-run-1/latency/veh-01/ack bytes=237 forwarded=1
1783088729.709930 publish topic=ipi/failure-fallback-run-1/latency/veh-01/request bytes=1389 forwarded=1
1783088729.710565 publish topic=ipi/failure-fallback-run-1/latency/veh-01/ack bytes=237 forwarded=1
1783088729.930069 publish topic=ipi/failure-fallback-run-1/latency/veh-01/request bytes=1389 forwarded=1
1783088729.930712 publish topic=ipi/failure-fallback-run-1/latency/veh-01/ack bytes=237 forwarded=1
1783088730.160462 publish topic=ipi/failure-fallback-run-1/latency/veh-01/request bytes=1389 forwarded=1
1783088730.161126 publish topic=ipi/failure-fallback-run-1/latency/veh-01/ack bytes=237 forwarded=1
1783088730.390772 publish topic=ipi/failure-fallback-run-1/latency/veh-01/request bytes=1389 forwarded=1
1783088730.391406 publish topic=ipi/failure-fallback-run-1/latency/veh-01/ack bytes=237 forwarded=1
1783088730.620966 publish topic=ipi/failure-fallback-run-1/latency/veh-01/request bytes=1389 forwarded=1
1783088730.621658 publish topic=ipi/failure-fallback-run-1/latency/veh-01/ack bytes=237 forwarded=1
1783088730.851337 publish topic=ipi/failure-fallback-run-1/latency/veh-01/request bytes=1389 forwarded=1
1783088730.851978 publish topic=ipi/failure-fallback-run-1/latency/veh-01/ack bytes=237 forwarded=1
1783088731.071455 publish topic=ipi/failure-fallback-run-1/latency/veh-01/request bytes=1389 forwarded=1
1783088731.072097 publish topic=ipi/failure-fallback-run-1/latency/veh-01/ack bytes=237 forwarded=1
1783088731.302016 publish topic=ipi/failure-fallback-run-1/latency/veh-01/request bytes=1389 forwarded=1
1783088731.302645 publish topic=ipi/failure-fallback-run-1/latency/veh-01/ack bytes=237 forwarded=1
1783088731.532165 publish topic=ipi/failure-fallback-run-1/latency/veh-01/request bytes=1389 forwarded=1
1783088731.532837 publish topic=ipi/failure-fallback-run-1/latency/veh-01/ack bytes=237 forwarded=1
1783088731.762524 publish topic=ipi/failure-fallback-run-1/latency/veh-01/request bytes=1389 forwarded=1
1783088731.763158 publish topic=ipi/failure-fallback-run-1/latency/veh-01/ack bytes=237 forwarded=1
1783088731.993054 publish topic=ipi/failure-fallback-run-1/latency/veh-01/request bytes=1389 forwarded=1
1783088731.993689 publish topic=ipi/failure-fallback-run-1/latency/veh-01/ack bytes=237 forwarded=1
1783088732.233272 publish topic=ipi/failure-fallback-run-1/latency/veh-01/request bytes=1389 forwarded=1
1783088732.233917 publish topic=ipi/failure-fallback-run-1/latency/veh-01/ack bytes=237 forwarded=1
1783088732.453778 publish topic=ipi/failure-fallback-run-1/latency/veh-01/request bytes=1389 forwarded=1
1783088732.454420 publish topic=ipi/failure-fallback-run-1/latency/veh-01/ack bytes=237 forwarded=1
1783088732.674127 publish topic=ipi/failure-fallback-run-1/latency/veh-01/request bytes=1389 forwarded=1
1783088732.674791 publish topic=ipi/failure-fallback-run-1/latency/veh-01/ack bytes=237 forwarded=1
1783088732.914361 publish topic=ipi/failure-fallback-run-1/latency/veh-01/request bytes=1389 forwarded=1
1783088732.915044 publish topic=ipi/failure-fallback-run-1/latency/veh-01/ack bytes=237 forwarded=1
1783088733.144446 publish topic=ipi/failure-fallback-run-1/latency/veh-01/request bytes=1389 forwarded=1
1783088733.145133 publish topic=ipi/failure-fallback-run-1/latency/veh-01/ack bytes=237 forwarded=1
1783088733.375006 publish topic=ipi/failure-fallback-run-1/latency/veh-01/request bytes=1389 forwarded=1
1783088733.375689 publish topic=ipi/failure-fallback-run-1/latency/veh-01/ack bytes=237 forwarded=1
1783088733.604930 publish topic=ipi/failure-fallback-run-1/latency/veh-01/request bytes=1389 forwarded=1
1783088733.605215 publish topic=ipi/failure-fallback-run-1/latency/veh-01/ack bytes=237 forwarded=1
threaded mqtt broker listening on 0.0.0.0:1883
1783088745.583244 accept ('10.120.121.37', 48966)
1783088745.584598 close ('10.120.121.37', 48966) closed
1783088745.783152 accept ('10.120.121.37', 48960)
1783088745.802980 subscribe ('10.120.121.37', 48960) ipi/failure-fallback-run-1/latency/veh-01/ack
1783088745.823366 publish topic=ipi/failure-fallback-run-1/latency/veh-01/request bytes=1389 forwarded=0
1783088746.187465 accept ('127.0.0.1', 37240)
1783088746.188878 subscribe ('127.0.0.1', 37240) ipi/failure-fallback-run-1/latency/veh-01/request
1783088747.035092 publish topic=ipi/failure-fallback-run-1/latency/veh-01/request bytes=1389 forwarded=1
1783088747.035770 publish topic=ipi/failure-fallback-run-1/latency/veh-01/ack bytes=237 forwarded=1
1783088747.275180 publish topic=ipi/failure-fallback-run-1/latency/veh-01/request bytes=1389 forwarded=1
1783088747.275877 publish topic=ipi/failure-fallback-run-1/latency/veh-01/ack bytes=237 forwarded=1
1783088747.545588 publish topic=ipi/failure-fallback-run-1/latency/veh-01/request bytes=1389 forwarded=1
1783088747.546229 publish topic=ipi/failure-fallback-run-1/latency/veh-01/ack bytes=237 forwarded=1
1783088747.766169 publish topic=ipi/failure-fallback-run-1/latency/veh-01/request bytes=1389 forwarded=1
1783088747.766851 publish topic=ipi/failure-fallback-run-1/latency/veh-01/ack bytes=237 forwarded=1
1783088748.006291 publish topic=ipi/failure-fallback-run-1/latency/veh-01/request bytes=1389 forwarded=1
1783088748.006968 publish topic=ipi/failure-fallback-run-1/latency/veh-01/ack bytes=237 forwarded=1
1783088748.246506 publish topic=ipi/failure-fallback-run-1/latency/veh-01/request bytes=1389 forwarded=1
1783088748.247211 publish topic=ipi/failure-fallback-run-1/latency/veh-01/ack bytes=237 forwarded=1
1783088748.476869 publish topic=ipi/failure-fallback-run-1/latency/veh-01/request bytes=1389 forwarded=1
1783088748.477557 publish topic=ipi/failure-fallback-run-1/latency/veh-01/ack bytes=237 forwarded=1
1783088748.717109 publish topic=ipi/failure-fallback-run-1/latency/veh-01/request bytes=1389 forwarded=1
1783088748.717788 publish topic=ipi/failure-fallback-run-1/latency/veh-01/ack bytes=237 forwarded=1
1783088748.957685 publish topic=ipi/failure-fallback-run-1/latency/veh-01/request bytes=1389 forwarded=1
1783088748.958368 publish topic=ipi/failure-fallback-run-1/latency/veh-01/ack bytes=237 forwarded=1
1783088749.177841 publish topic=ipi/failure-fallback-run-1/latency/veh-01/request bytes=1389 forwarded=1
1783088749.178512 publish topic=ipi/failure-fallback-run-1/latency/veh-01/ack bytes=237 forwarded=1
1783088749.408151 publish topic=ipi/failure-fallback-run-1/latency/veh-01/request bytes=1389 forwarded=1
1783088749.408906 publish topic=ipi/failure-fallback-run-1/latency/veh-01/ack bytes=237 forwarded=1
1783088749.638685 publish topic=ipi/failure-fallback-run-1/latency/veh-01/request bytes=1389 forwarded=1
1783088749.639374 publish topic=ipi/failure-fallback-run-1/latency/veh-01/ack bytes=237 forwarded=1
1783088749.868636 publish topic=ipi/failure-fallback-run-1/latency/veh-01/request bytes=1389 forwarded=1
1783088749.869344 publish topic=ipi/failure-fallback-run-1/latency/veh-01/ack bytes=237 forwarded=1
1783088750.089036 publish topic=ipi/failure-fallback-run-1/latency/veh-01/request bytes=1389 forwarded=1
1783088750.089724 publish topic=ipi/failure-fallback-run-1/latency/veh-01/ack bytes=237 forwarded=1
1783088750.319359 publish topic=ipi/failure-fallback-run-1/latency/veh-01/request bytes=1389 forwarded=1
1783088750.320021 publish topic=ipi/failure-fallback-run-1/latency/veh-01/ack bytes=237 forwarded=1
1783088750.549655 publish topic=ipi/failure-fallback-run-1/latency/veh-01/request bytes=1389 forwarded=1
1783088750.550349 publish topic=ipi/failure-fallback-run-1/latency/veh-01/ack bytes=237 forwarded=1
1783088750.790018 publish topic=ipi/failure-fallback-run-1/latency/veh-01/request bytes=1389 forwarded=1
1783088750.790696 publish topic=ipi/failure-fallback-run-1/latency/veh-01/ack bytes=237 forwarded=1
1783088751.030564 publish topic=ipi/failure-fallback-run-1/latency/veh-01/request bytes=1389 forwarded=1
1783088751.031248 publish topic=ipi/failure-fallback-run-1/latency/veh-01/ack bytes=237 forwarded=1
1783088751.270828 publish topic=ipi/failure-fallback-run-1/latency/veh-01/request bytes=1389 forwarded=1
1783088751.271513 publish topic=ipi/failure-fallback-run-1/latency/veh-01/ack bytes=237 forwarded=1
1783088751.511535 publish topic=ipi/failure-fallback-run-1/latency/veh-01/request bytes=1389 forwarded=1
1783088751.512205 publish topic=ipi/failure-fallback-run-1/latency/veh-01/ack bytes=237 forwarded=1
1783088751.751888 publish topic=ipi/failure-fallback-run-1/latency/veh-01/request bytes=1389 forwarded=1
1783088751.752568 publish topic=ipi/failure-fallback-run-1/latency/veh-01/ack bytes=237 forwarded=1
1783088751.972099 publish topic=ipi/failure-fallback-run-1/latency/veh-01/request bytes=1389 forwarded=1
1783088751.972819 publish topic=ipi/failure-fallback-run-1/latency/veh-01/ack bytes=237 forwarded=1
1783088752.212710 publish topic=ipi/failure-fallback-run-1/latency/veh-01/request bytes=1389 forwarded=1
1783088752.213363 publish topic=ipi/failure-fallback-run-1/latency/veh-01/ack bytes=237 forwarded=1
1783088752.442972 publish topic=ipi/failure-fallback-run-1/latency/veh-01/request bytes=1389 forwarded=1
1783088752.443624 publish topic=ipi/failure-fallback-run-1/latency/veh-01/ack bytes=237 forwarded=1
1783088752.673097 publish topic=ipi/failure-fallback-run-1/latency/veh-01/request bytes=1389 forwarded=1
1783088752.673746 publish topic=ipi/failure-fallback-run-1/latency/veh-01/ack bytes=237 forwarded=1
1783088752.893586 publish topic=ipi/failure-fallback-run-1/latency/veh-01/request bytes=1389 forwarded=1
1783088752.894243 publish topic=ipi/failure-fallback-run-1/latency/veh-01/ack bytes=237 forwarded=1
1783088753.123935 publish topic=ipi/failure-fallback-run-1/latency/veh-01/request bytes=1389 forwarded=1
1783088753.124578 publish topic=ipi/failure-fallback-run-1/latency/veh-01/ack bytes=237 forwarded=1
1783088753.354326 publish topic=ipi/failure-fallback-run-1/latency/veh-01/request bytes=1389 forwarded=1
1783088753.354968 publish topic=ipi/failure-fallback-run-1/latency/veh-01/ack bytes=237 forwarded=1
1783088753.584814 publish topic=ipi/failure-fallback-run-1/latency/veh-01/request bytes=1389 forwarded=1
1783088753.585467 publish topic=ipi/failure-fallback-run-1/latency/veh-01/ack bytes=237 forwarded=1
1783088753.815131 publish topic=ipi/failure-fallback-run-1/latency/veh-01/request bytes=1389 forwarded=1
1783088753.815773 publish topic=ipi/failure-fallback-run-1/latency/veh-01/ack bytes=237 forwarded=1
1783088754.045330 publish topic=ipi/failure-fallback-run-1/latency/veh-01/request bytes=1389 forwarded=1
1783088754.045968 publish topic=ipi/failure-fallback-run-1/latency/veh-01/ack bytes=237 forwarded=1
1783088754.285836 publish topic=ipi/failure-fallback-run-1/latency/veh-01/request bytes=1389 forwarded=1
1783088754.286470 publish topic=ipi/failure-fallback-run-1/latency/veh-01/ack bytes=237 forwarded=1
1783088754.526284 publish topic=ipi/failure-fallback-run-1/latency/veh-01/request bytes=1389 forwarded=1
1783088754.526924 publish topic=ipi/failure-fallback-run-1/latency/veh-01/ack bytes=237 forwarded=1
1783088754.776386 publish topic=ipi/failure-fallback-run-1/latency/veh-01/request bytes=1389 forwarded=1
1783088754.777049 publish topic=ipi/failure-fallback-run-1/latency/veh-01/ack bytes=237 forwarded=1
1783088755.016961 publish topic=ipi/failure-fallback-run-1/latency/veh-01/request bytes=1389 forwarded=1
1783088755.017597 publish topic=ipi/failure-fallback-run-1/latency/veh-01/ack bytes=237 forwarded=1
1783088755.247436 publish topic=ipi/failure-fallback-run-1/latency/veh-01/request bytes=1389 forwarded=1
1783088755.248087 publish topic=ipi/failure-fallback-run-1/latency/veh-01/ack bytes=237 forwarded=1
1783088755.467797 publish topic=ipi/failure-fallback-run-1/latency/veh-01/request bytes=1389 forwarded=1
1783088755.468426 publish topic=ipi/failure-fallback-run-1/latency/veh-01/ack bytes=237 forwarded=1
1783088755.708066 publish topic=ipi/failure-fallback-run-1/latency/veh-01/request bytes=1389 forwarded=1
1783088755.708734 publish topic=ipi/failure-fallback-run-1/latency/veh-01/ack bytes=237 forwarded=1
1783088755.938520 publish topic=ipi/failure-fallback-run-1/latency/veh-01/request bytes=1389 forwarded=1
1783088755.939155 publish topic=ipi/failure-fallback-run-1/latency/veh-01/ack bytes=237 forwarded=1
1783088756.168731 publish topic=ipi/failure-fallback-run-1/latency/veh-01/request bytes=1389 forwarded=1
1783088756.169374 publish topic=ipi/failure-fallback-run-1/latency/veh-01/ack bytes=237 forwarded=1
1783088756.399189 publish topic=ipi/failure-fallback-run-1/latency/veh-01/request bytes=1389 forwarded=1
1783088756.399831 publish topic=ipi/failure-fallback-run-1/latency/veh-01/ack bytes=237 forwarded=1
1783088756.629420 publish topic=ipi/failure-fallback-run-1/latency/veh-01/request bytes=1389 forwarded=1
1783088756.630058 publish topic=ipi/failure-fallback-run-1/latency/veh-01/ack bytes=237 forwarded=1
1783088756.870196 publish topic=ipi/failure-fallback-run-1/latency/veh-01/request bytes=1389 forwarded=1
1783088756.870831 publish topic=ipi/failure-fallback-run-1/latency/veh-01/ack bytes=237 forwarded=1
1783088757.100634 publish topic=ipi/failure-fallback-run-1/latency/veh-01/request bytes=1389 forwarded=1
1783088757.101306 publish topic=ipi/failure-fallback-run-1/latency/veh-01/ack bytes=237 forwarded=1
1783088757.331028 publish topic=ipi/failure-fallback-run-1/latency/veh-01/request bytes=1389 forwarded=1
1783088757.331661 publish topic=ipi/failure-fallback-run-1/latency/veh-01/ack bytes=237 forwarded=1
1783088757.571453 publish topic=ipi/failure-fallback-run-1/latency/veh-01/request bytes=1389 forwarded=1
1783088757.572097 publish topic=ipi/failure-fallback-run-1/latency/veh-01/ack bytes=237 forwarded=1
1783088757.801900 publish topic=ipi/failure-fallback-run-1/latency/veh-01/request bytes=1389 forwarded=1
1783088757.802528 publish topic=ipi/failure-fallback-run-1/latency/veh-01/ack bytes=237 forwarded=1
1783088758.042270 publish topic=ipi/failure-fallback-run-1/latency/veh-01/request bytes=1389 forwarded=1
1783088758.042916 publish topic=ipi/failure-fallback-run-1/latency/veh-01/ack bytes=237 forwarded=1
1783088758.282840 publish topic=ipi/failure-fallback-run-1/latency/veh-01/request bytes=1389 forwarded=1
1783088758.283476 publish topic=ipi/failure-fallback-run-1/latency/veh-01/ack bytes=237 forwarded=1
1783088758.533351 publish topic=ipi/failure-fallback-run-1/latency/veh-01/request bytes=1389 forwarded=1
1783088758.533999 publish topic=ipi/failure-fallback-run-1/latency/veh-01/ack bytes=237 forwarded=1
1783088758.773644 publish topic=ipi/failure-fallback-run-1/latency/veh-01/request bytes=1389 forwarded=1
1783088758.774272 publish topic=ipi/failure-fallback-run-1/latency/veh-01/ack bytes=237 forwarded=1
1783088759.004013 publish topic=ipi/failure-fallback-run-1/latency/veh-01/request bytes=1389 forwarded=1
1783088759.004656 publish topic=ipi/failure-fallback-run-1/latency/veh-01/ack bytes=237 forwarded=1
1783088759.234295 publish topic=ipi/failure-fallback-run-1/latency/veh-01/request bytes=1389 forwarded=1
1783088759.234984 publish topic=ipi/failure-fallback-run-1/latency/veh-01/ack bytes=237 forwarded=1
1783088759.474928 publish topic=ipi/failure-fallback-run-1/latency/veh-01/request bytes=1389 forwarded=1
1783088759.475564 publish topic=ipi/failure-fallback-run-1/latency/veh-01/ack bytes=237 forwarded=1
1783088759.715129 publish topic=ipi/failure-fallback-run-1/latency/veh-01/request bytes=1389 forwarded=1
1783088759.715758 publish topic=ipi/failure-fallback-run-1/latency/veh-01/ack bytes=237 forwarded=1
1783088759.965465 publish topic=ipi/failure-fallback-run-1/latency/veh-01/request bytes=1389 forwarded=1
1783088759.966102 publish topic=ipi/failure-fallback-run-1/latency/veh-01/ack bytes=237 forwarded=1
1783088760.195638 publish topic=ipi/failure-fallback-run-1/latency/veh-01/request bytes=1389 forwarded=1
1783088760.196275 publish topic=ipi/failure-fallback-run-1/latency/veh-01/ack bytes=237 forwarded=1
1783088760.426037 publish topic=ipi/failure-fallback-run-1/latency/veh-01/request bytes=1389 forwarded=1
1783088760.426677 publish topic=ipi/failure-fallback-run-1/latency/veh-01/ack bytes=237 forwarded=1
1783088760.646379 publish topic=ipi/failure-fallback-run-1/latency/veh-01/request bytes=1389 forwarded=1
1783088760.647008 publish topic=ipi/failure-fallback-run-1/latency/veh-01/ack bytes=237 forwarded=1
1783088760.876786 publish topic=ipi/failure-fallback-run-1/latency/veh-01/request bytes=1389 forwarded=1
1783088760.877422 publish topic=ipi/failure-fallback-run-1/latency/veh-01/ack bytes=237 forwarded=1
1783088761.127116 publish topic=ipi/failure-fallback-run-1/latency/veh-01/request bytes=1389 forwarded=1
1783088761.127767 publish topic=ipi/failure-fallback-run-1/latency/veh-01/ack bytes=237 forwarded=1
1783088761.367434 publish topic=ipi/failure-fallback-run-1/latency/veh-01/request bytes=1389 forwarded=1
1783088761.368090 publish topic=ipi/failure-fallback-run-1/latency/veh-01/ack bytes=237 forwarded=1
1783088761.597826 publish topic=ipi/failure-fallback-run-1/latency/veh-01/request bytes=1389 forwarded=1
1783088761.598470 publish topic=ipi/failure-fallback-run-1/latency/veh-01/ack bytes=237 forwarded=1
1783088761.818020 publish topic=ipi/failure-fallback-run-1/latency/veh-01/request bytes=1389 forwarded=1
1783088761.818666 publish topic=ipi/failure-fallback-run-1/latency/veh-01/ack bytes=237 forwarded=1
1783088762.038282 publish topic=ipi/failure-fallback-run-1/latency/veh-01/request bytes=1389 forwarded=1
1783088762.038919 publish topic=ipi/failure-fallback-run-1/latency/veh-01/ack bytes=237 forwarded=1
1783088762.268543 publish topic=ipi/failure-fallback-run-1/latency/veh-01/request bytes=1389 forwarded=1
1783088762.269186 publish topic=ipi/failure-fallback-run-1/latency/veh-01/ack bytes=237 forwarded=1
1783088762.498737 publish topic=ipi/failure-fallback-run-1/latency/veh-01/request bytes=1389 forwarded=1
1783088762.499377 publish topic=ipi/failure-fallback-run-1/latency/veh-01/ack bytes=237 forwarded=1
1783088762.729000 publish topic=ipi/failure-fallback-run-1/latency/veh-01/request bytes=1389 forwarded=1
1783088762.729635 publish topic=ipi/failure-fallback-run-1/latency/veh-01/ack bytes=237 forwarded=1
1783088762.969569 publish topic=ipi/failure-fallback-run-1/latency/veh-01/request bytes=1389 forwarded=1
1783088762.970215 publish topic=ipi/failure-fallback-run-1/latency/veh-01/ack bytes=237 forwarded=1
1783088763.199883 publish topic=ipi/failure-fallback-run-1/latency/veh-01/request bytes=1389 forwarded=1
1783088763.200522 publish topic=ipi/failure-fallback-run-1/latency/veh-01/ack bytes=237 forwarded=1
1783088763.440197 publish topic=ipi/failure-fallback-run-1/latency/veh-01/request bytes=1389 forwarded=1
1783088763.440868 publish topic=ipi/failure-fallback-run-1/latency/veh-01/ack bytes=237 forwarded=1
1783088763.670828 publish topic=ipi/failure-fallback-run-1/latency/veh-01/request bytes=1389 forwarded=1
1783088763.671469 publish topic=ipi/failure-fallback-run-1/latency/veh-01/ack bytes=237 forwarded=1
1783088763.901189 publish topic=ipi/failure-fallback-run-1/latency/veh-01/request bytes=1389 forwarded=1
1783088763.901872 publish topic=ipi/failure-fallback-run-1/latency/veh-01/ack bytes=237 forwarded=1
1783088764.131490 publish topic=ipi/failure-fallback-run-1/latency/veh-01/request bytes=1389 forwarded=1
1783088764.132139 publish topic=ipi/failure-fallback-run-1/latency/veh-01/ack bytes=237 forwarded=1
1783088764.371773 publish topic=ipi/failure-fallback-run-1/latency/veh-01/request bytes=1389 forwarded=1
1783088764.372421 publish topic=ipi/failure-fallback-run-1/latency/veh-01/ack bytes=237 forwarded=1
1783088764.612231 publish topic=ipi/failure-fallback-run-1/latency/veh-01/request bytes=1389 forwarded=1
1783088764.612889 publish topic=ipi/failure-fallback-run-1/latency/veh-01/ack bytes=237 forwarded=1
1783088764.852628 publish topic=ipi/failure-fallback-run-1/latency/veh-01/request bytes=1389 forwarded=1
1783088764.853304 publish topic=ipi/failure-fallback-run-1/latency/veh-01/ack bytes=237 forwarded=1
1783088765.083173 publish topic=ipi/failure-fallback-run-1/latency/veh-01/request bytes=1389 forwarded=1
1783088765.083814 publish topic=ipi/failure-fallback-run-1/latency/veh-01/ack bytes=237 forwarded=1
1783088765.323404 publish topic=ipi/failure-fallback-run-1/latency/veh-01/request bytes=1389 forwarded=1
1783088765.324039 publish topic=ipi/failure-fallback-run-1/latency/veh-01/ack bytes=237 forwarded=1
1783088765.553689 publish topic=ipi/failure-fallback-run-1/latency/veh-01/request bytes=1389 forwarded=1
1783088765.554330 publish topic=ipi/failure-fallback-run-1/latency/veh-01/ack bytes=237 forwarded=1
1783088765.794055 publish topic=ipi/failure-fallback-run-1/latency/veh-01/request bytes=1389 forwarded=1
1783088765.794712 publish topic=ipi/failure-fallback-run-1/latency/veh-01/ack bytes=237 forwarded=1
1783088766.024224 publish topic=ipi/failure-fallback-run-1/latency/veh-01/request bytes=1389 forwarded=1
1783088766.024883 publish topic=ipi/failure-fallback-run-1/latency/veh-01/ack bytes=237 forwarded=1
1783088766.254712 publish topic=ipi/failure-fallback-run-1/latency/veh-01/request bytes=1389 forwarded=1
1783088766.255350 publish topic=ipi/failure-fallback-run-1/latency/veh-01/ack bytes=237 forwarded=1
1783088766.484953 publish topic=ipi/failure-fallback-run-1/latency/veh-01/request bytes=1389 forwarded=1
1783088766.485593 publish topic=ipi/failure-fallback-run-1/latency/veh-01/ack bytes=237 forwarded=1
1783088766.725354 publish topic=ipi/failure-fallback-run-1/latency/veh-01/request bytes=1389 forwarded=1
1783088766.725988 publish topic=ipi/failure-fallback-run-1/latency/veh-01/ack bytes=237 forwarded=1
1783088766.955865 publish topic=ipi/failure-fallback-run-1/latency/veh-01/request bytes=1389 forwarded=1
1783088766.956502 publish topic=ipi/failure-fallback-run-1/latency/veh-01/ack bytes=237 forwarded=1
1783088767.196065 publish topic=ipi/failure-fallback-run-1/latency/veh-01/request bytes=1389 forwarded=1
1783088767.196756 publish topic=ipi/failure-fallback-run-1/latency/veh-01/ack bytes=237 forwarded=1
1783088767.426528 publish topic=ipi/failure-fallback-run-1/latency/veh-01/request bytes=1389 forwarded=1
1783088767.427179 publish topic=ipi/failure-fallback-run-1/latency/veh-01/ack bytes=237 forwarded=1
1783088767.656818 publish topic=ipi/failure-fallback-run-1/latency/veh-01/request bytes=1389 forwarded=1
1783088767.657467 publish topic=ipi/failure-fallback-run-1/latency/veh-01/ack bytes=237 forwarded=1
1783088767.907505 publish topic=ipi/failure-fallback-run-1/latency/veh-01/request bytes=1389 forwarded=1
1783088767.908147 publish topic=ipi/failure-fallback-run-1/latency/veh-01/ack bytes=237 forwarded=1
1783088768.137348 publish topic=ipi/failure-fallback-run-1/latency/veh-01/request bytes=1389 forwarded=1
1783088768.137995 publish topic=ipi/failure-fallback-run-1/latency/veh-01/ack bytes=237 forwarded=1
1783088768.367792 publish topic=ipi/failure-fallback-run-1/latency/veh-01/request bytes=1389 forwarded=1
1783088768.368438 publish topic=ipi/failure-fallback-run-1/latency/veh-01/ack bytes=237 forwarded=1
1783088768.598034 publish topic=ipi/failure-fallback-run-1/latency/veh-01/request bytes=1389 forwarded=1
1783088768.598680 publish topic=ipi/failure-fallback-run-1/latency/veh-01/ack bytes=237 forwarded=1
1783088768.838218 publish topic=ipi/failure-fallback-run-1/latency/veh-01/request bytes=1389 forwarded=1
1783088768.838867 publish topic=ipi/failure-fallback-run-1/latency/veh-01/ack bytes=237 forwarded=1
1783088769.058589 publish topic=ipi/failure-fallback-run-1/latency/veh-01/request bytes=1389 forwarded=1
1783088769.059260 publish topic=ipi/failure-fallback-run-1/latency/veh-01/ack bytes=237 forwarded=1
1783088769.298848 publish topic=ipi/failure-fallback-run-1/latency/veh-01/request bytes=1389 forwarded=1
1783088769.299486 publish topic=ipi/failure-fallback-run-1/latency/veh-01/ack bytes=237 forwarded=1
1783088769.519419 publish topic=ipi/failure-fallback-run-1/latency/veh-01/request bytes=1389 forwarded=1
1783088769.520031 publish topic=ipi/failure-fallback-run-1/latency/veh-01/ack bytes=237 forwarded=1
1783088769.749556 publish topic=ipi/failure-fallback-run-1/latency/veh-01/request bytes=1389 forwarded=1
1783088769.750246 publish topic=ipi/failure-fallback-run-1/latency/veh-01/ack bytes=237 forwarded=1
1783088769.990026 publish topic=ipi/failure-fallback-run-1/latency/veh-01/request bytes=1389 forwarded=1
1783088769.990662 publish topic=ipi/failure-fallback-run-1/latency/veh-01/ack bytes=237 forwarded=1
1783088770.220343 publish topic=ipi/failure-fallback-run-1/latency/veh-01/request bytes=1389 forwarded=1
1783088770.220996 publish topic=ipi/failure-fallback-run-1/latency/veh-01/ack bytes=237 forwarded=1
1783088770.450661 publish topic=ipi/failure-fallback-run-1/latency/veh-01/request bytes=1389 forwarded=1
1783088770.451326 publish topic=ipi/failure-fallback-run-1/latency/veh-01/ack bytes=237 forwarded=1
1783088770.680840 publish topic=ipi/failure-fallback-run-1/latency/veh-01/request bytes=1389 forwarded=1
1783088770.681482 publish topic=ipi/failure-fallback-run-1/latency/veh-01/ack bytes=237 forwarded=1
1783088770.911233 publish topic=ipi/failure-fallback-run-1/latency/veh-01/request bytes=1389 forwarded=1
1783088770.911882 publish topic=ipi/failure-fallback-run-1/latency/veh-01/ack bytes=237 forwarded=1
1783088771.151506 publish topic=ipi/failure-fallback-run-1/latency/veh-01/request bytes=1389 forwarded=1
1783088771.152147 publish topic=ipi/failure-fallback-run-1/latency/veh-01/ack bytes=237 forwarded=1
1783088771.391867 publish topic=ipi/failure-fallback-run-1/latency/veh-01/request bytes=1389 forwarded=1
1783088771.392509 publish topic=ipi/failure-fallback-run-1/latency/veh-01/ack bytes=237 forwarded=1
1783088771.622090 publish topic=ipi/failure-fallback-run-1/latency/veh-01/request bytes=1389 forwarded=1
1783088771.622729 publish topic=ipi/failure-fallback-run-1/latency/veh-01/ack bytes=237 forwarded=1
1783088771.862550 publish topic=ipi/failure-fallback-run-1/latency/veh-01/request bytes=1389 forwarded=1
1783088771.863188 publish topic=ipi/failure-fallback-run-1/latency/veh-01/ack bytes=237 forwarded=1
1783088772.102804 publish topic=ipi/failure-fallback-run-1/latency/veh-01/request bytes=1389 forwarded=1
1783088772.103444 publish topic=ipi/failure-fallback-run-1/latency/veh-01/ack bytes=237 forwarded=1
1783088772.332891 publish topic=ipi/failure-fallback-run-1/latency/veh-01/request bytes=1389 forwarded=1
1783088772.333535 publish topic=ipi/failure-fallback-run-1/latency/veh-01/ack bytes=237 forwarded=1
1783088772.563393 publish topic=ipi/failure-fallback-run-1/latency/veh-01/request bytes=1389 forwarded=1
1783088772.564038 publish topic=ipi/failure-fallback-run-1/latency/veh-01/ack bytes=237 forwarded=1
1783088772.793762 publish topic=ipi/failure-fallback-run-1/latency/veh-01/request bytes=1389 forwarded=1
1783088772.794412 publish topic=ipi/failure-fallback-run-1/latency/veh-01/ack bytes=237 forwarded=1
1783088773.033961 publish topic=ipi/failure-fallback-run-1/latency/veh-01/request bytes=1389 forwarded=1
1783088773.034615 publish topic=ipi/failure-fallback-run-1/latency/veh-01/ack bytes=237 forwarded=1
1783088773.254023 publish topic=ipi/failure-fallback-run-1/latency/veh-01/request bytes=1389 forwarded=1
1783088773.254719 publish topic=ipi/failure-fallback-run-1/latency/veh-01/ack bytes=237 forwarded=1
1783088773.484358 publish topic=ipi/failure-fallback-run-1/latency/veh-01/request bytes=1389 forwarded=1
1783088773.485034 publish topic=ipi/failure-fallback-run-1/latency/veh-01/ack bytes=237 forwarded=1
1783088773.724822 publish topic=ipi/failure-fallback-run-1/latency/veh-01/request bytes=1389 forwarded=1
1783088773.725454 publish topic=ipi/failure-fallback-run-1/latency/veh-01/ack bytes=237 forwarded=1
1783088773.975139 publish topic=ipi/failure-fallback-run-1/latency/veh-01/request bytes=1389 forwarded=1
1783088773.975797 publish topic=ipi/failure-fallback-run-1/latency/veh-01/ack bytes=237 forwarded=1
1783088774.215487 publish topic=ipi/failure-fallback-run-1/latency/veh-01/request bytes=1389 forwarded=1
1783088774.216118 publish topic=ipi/failure-fallback-run-1/latency/veh-01/ack bytes=237 forwarded=1
1783088774.465627 publish topic=ipi/failure-fallback-run-1/latency/veh-01/request bytes=1389 forwarded=1
1783088774.466274 publish topic=ipi/failure-fallback-run-1/latency/veh-01/ack bytes=237 forwarded=1
1783088774.705921 publish topic=ipi/failure-fallback-run-1/latency/veh-01/request bytes=1389 forwarded=1
1783088774.706565 publish topic=ipi/failure-fallback-run-1/latency/veh-01/ack bytes=237 forwarded=1
1783088774.936148 publish topic=ipi/failure-fallback-run-1/latency/veh-01/request bytes=1389 forwarded=1
1783088774.936810 publish topic=ipi/failure-fallback-run-1/latency/veh-01/ack bytes=237 forwarded=1
1783088775.176486 publish topic=ipi/failure-fallback-run-1/latency/veh-01/request bytes=1389 forwarded=1
1783088775.177142 publish topic=ipi/failure-fallback-run-1/latency/veh-01/ack bytes=237 forwarded=1
1783088775.427061 publish topic=ipi/failure-fallback-run-1/latency/veh-01/request bytes=1389 forwarded=1
1783088775.427700 publish topic=ipi/failure-fallback-run-1/latency/veh-01/ack bytes=237 forwarded=1
1783088775.667526 publish topic=ipi/failure-fallback-run-1/latency/veh-01/request bytes=1389 forwarded=1
1783088775.668178 publish topic=ipi/failure-fallback-run-1/latency/veh-01/ack bytes=237 forwarded=1
1783088775.897825 publish topic=ipi/failure-fallback-run-1/latency/veh-01/request bytes=1389 forwarded=1
1783088775.898504 publish topic=ipi/failure-fallback-run-1/latency/veh-01/ack bytes=237 forwarded=1
1783088776.138072 publish topic=ipi/failure-fallback-run-1/latency/veh-01/request bytes=1389 forwarded=1
1783088776.138716 publish topic=ipi/failure-fallback-run-1/latency/veh-01/ack bytes=237 forwarded=1
1783088776.368487 publish topic=ipi/failure-fallback-run-1/latency/veh-01/request bytes=1389 forwarded=1
1783088776.369138 publish topic=ipi/failure-fallback-run-1/latency/veh-01/ack bytes=237 forwarded=1
1783088776.598670 publish topic=ipi/failure-fallback-run-1/latency/veh-01/request bytes=1389 forwarded=1
1783088776.599319 publish topic=ipi/failure-fallback-run-1/latency/veh-01/ack bytes=237 forwarded=1
1783088776.828934 publish topic=ipi/failure-fallback-run-1/latency/veh-01/request bytes=1389 forwarded=1
1783088776.829583 publish topic=ipi/failure-fallback-run-1/latency/veh-01/ack bytes=237 forwarded=1
1783088777.069096 publish topic=ipi/failure-fallback-run-1/latency/veh-01/request bytes=1389 forwarded=1
1783088777.069723 publish topic=ipi/failure-fallback-run-1/latency/veh-01/ack bytes=237 forwarded=1
1783088777.299409 publish topic=ipi/failure-fallback-run-1/latency/veh-01/request bytes=1389 forwarded=1
1783088777.300055 publish topic=ipi/failure-fallback-run-1/latency/veh-01/ack bytes=237 forwarded=1
1783088777.529792 publish topic=ipi/failure-fallback-run-1/latency/veh-01/request bytes=1389 forwarded=1
1783088777.530432 publish topic=ipi/failure-fallback-run-1/latency/veh-01/ack bytes=237 forwarded=1
1783088777.770106 publish topic=ipi/failure-fallback-run-1/latency/veh-01/request bytes=1389 forwarded=1
1783088777.770749 publish topic=ipi/failure-fallback-run-1/latency/veh-01/ack bytes=237 forwarded=1
1783088778.000386 publish topic=ipi/failure-fallback-run-1/latency/veh-01/request bytes=1389 forwarded=1
1783088778.001082 publish topic=ipi/failure-fallback-run-1/latency/veh-01/ack bytes=237 forwarded=1
1783088778.230578 publish topic=ipi/failure-fallback-run-1/latency/veh-01/request bytes=1389 forwarded=1
1783088778.231227 publish topic=ipi/failure-fallback-run-1/latency/veh-01/ack bytes=237 forwarded=1
1783088778.460877 publish topic=ipi/failure-fallback-run-1/latency/veh-01/request bytes=1389 forwarded=1
1783088778.461520 publish topic=ipi/failure-fallback-run-1/latency/veh-01/ack bytes=237 forwarded=1
1783088778.701238 publish topic=ipi/failure-fallback-run-1/latency/veh-01/request bytes=1389 forwarded=1
1783088778.701882 publish topic=ipi/failure-fallback-run-1/latency/veh-01/ack bytes=237 forwarded=1
1783088778.931390 publish topic=ipi/failure-fallback-run-1/latency/veh-01/request bytes=1389 forwarded=1
1783088778.932034 publish topic=ipi/failure-fallback-run-1/latency/veh-01/ack bytes=237 forwarded=1
1783088779.161729 publish topic=ipi/failure-fallback-run-1/latency/veh-01/request bytes=1389 forwarded=1
1783088779.162466 publish topic=ipi/failure-fallback-run-1/latency/veh-01/ack bytes=237 forwarded=1
1783088779.401924 publish topic=ipi/failure-fallback-run-1/latency/veh-01/request bytes=1389 forwarded=1
1783088779.402625 publish topic=ipi/failure-fallback-run-1/latency/veh-01/ack bytes=237 forwarded=1
1783088779.642164 publish topic=ipi/failure-fallback-run-1/latency/veh-01/request bytes=1389 forwarded=1
1783088779.642811 publish topic=ipi/failure-fallback-run-1/latency/veh-01/ack bytes=237 forwarded=1
1783088779.882561 publish topic=ipi/failure-fallback-run-1/latency/veh-01/request bytes=1389 forwarded=1
1783088779.883212 publish topic=ipi/failure-fallback-run-1/latency/veh-01/ack bytes=237 forwarded=1
1783088780.112892 publish topic=ipi/failure-fallback-run-1/latency/veh-01/request bytes=1389 forwarded=1
1783088780.113529 publish topic=ipi/failure-fallback-run-1/latency/veh-01/ack bytes=237 forwarded=1
1783088780.343306 publish topic=ipi/failure-fallback-run-1/latency/veh-01/request bytes=1389 forwarded=1
1783088780.343938 publish topic=ipi/failure-fallback-run-1/latency/veh-01/ack bytes=237 forwarded=1
1783088780.573582 publish topic=ipi/failure-fallback-run-1/latency/veh-01/request bytes=1389 forwarded=1
1783088780.574228 publish topic=ipi/failure-fallback-run-1/latency/veh-01/ack bytes=237 forwarded=1
1783088780.803680 publish topic=ipi/failure-fallback-run-1/latency/veh-01/request bytes=1389 forwarded=1
1783088780.804353 publish topic=ipi/failure-fallback-run-1/latency/veh-01/ack bytes=237 forwarded=1
1783088781.043951 publish topic=ipi/failure-fallback-run-1/latency/veh-01/request bytes=1389 forwarded=1
1783088781.044705 publish topic=ipi/failure-fallback-run-1/latency/veh-01/ack bytes=237 forwarded=1
1783088781.274333 publish topic=ipi/failure-fallback-run-1/latency/veh-01/request bytes=1389 forwarded=1
1783088781.274981 publish topic=ipi/failure-fallback-run-1/latency/veh-01/ack bytes=237 forwarded=1
1783088781.514744 publish topic=ipi/failure-fallback-run-1/latency/veh-01/request bytes=1389 forwarded=1
1783088781.515380 publish topic=ipi/failure-fallback-run-1/latency/veh-01/ack bytes=237 forwarded=1
1783088781.745217 publish topic=ipi/failure-fallback-run-1/latency/veh-01/request bytes=1389 forwarded=1
1783088781.745864 publish topic=ipi/failure-fallback-run-1/latency/veh-01/ack bytes=237 forwarded=1
1783088781.975571 publish topic=ipi/failure-fallback-run-1/latency/veh-01/request bytes=1389 forwarded=1
1783088781.976231 publish topic=ipi/failure-fallback-run-1/latency/veh-01/ack bytes=237 forwarded=1
1783088782.215976 publish topic=ipi/failure-fallback-run-1/latency/veh-01/request bytes=1389 forwarded=1
1783088782.216627 publish topic=ipi/failure-fallback-run-1/latency/veh-01/ack bytes=237 forwarded=1
1783088782.456190 publish topic=ipi/failure-fallback-run-1/latency/veh-01/request bytes=1389 forwarded=1
1783088782.456849 publish topic=ipi/failure-fallback-run-1/latency/veh-01/ack bytes=237 forwarded=1
1783088782.696507 publish topic=ipi/failure-fallback-run-1/latency/veh-01/request bytes=1389 forwarded=1
1783088782.697178 publish topic=ipi/failure-fallback-run-1/latency/veh-01/ack bytes=237 forwarded=1
1783088782.937063 publish topic=ipi/failure-fallback-run-1/latency/veh-01/request bytes=1389 forwarded=1
1783088782.937716 publish topic=ipi/failure-fallback-run-1/latency/veh-01/ack bytes=237 forwarded=1
1783088783.187350 publish topic=ipi/failure-fallback-run-1/latency/veh-01/request bytes=1389 forwarded=1
1783088783.188014 publish topic=ipi/failure-fallback-run-1/latency/veh-01/ack bytes=237 forwarded=1
1783088783.417499 publish topic=ipi/failure-fallback-run-1/latency/veh-01/request bytes=1389 forwarded=1
1783088783.418157 publish topic=ipi/failure-fallback-run-1/latency/veh-01/ack bytes=237 forwarded=1
1783088783.657777 publish topic=ipi/failure-fallback-run-1/latency/veh-01/request bytes=1389 forwarded=1
1783088783.658415 publish topic=ipi/failure-fallback-run-1/latency/veh-01/ack bytes=237 forwarded=1
1783088783.898162 publish topic=ipi/failure-fallback-run-1/latency/veh-01/request bytes=1389 forwarded=1
1783088783.898809 publish topic=ipi/failure-fallback-run-1/latency/veh-01/ack bytes=237 forwarded=1
1783088784.128562 publish topic=ipi/failure-fallback-run-1/latency/veh-01/request bytes=1389 forwarded=1
1783088784.129236 publish topic=ipi/failure-fallback-run-1/latency/veh-01/ack bytes=237 forwarded=1
1783088784.358691 publish topic=ipi/failure-fallback-run-1/latency/veh-01/request bytes=1389 forwarded=1
1783088784.359382 publish topic=ipi/failure-fallback-run-1/latency/veh-01/ack bytes=237 forwarded=1
1783088784.589179 publish topic=ipi/failure-fallback-run-1/latency/veh-01/request bytes=1389 forwarded=1
1783088784.589885 publish topic=ipi/failure-fallback-run-1/latency/veh-01/ack bytes=237 forwarded=1
1783088784.819400 publish topic=ipi/failure-fallback-run-1/latency/veh-01/request bytes=1389 forwarded=1
1783088784.820041 publish topic=ipi/failure-fallback-run-1/latency/veh-01/ack bytes=237 forwarded=1
1783088785.039495 publish topic=ipi/failure-fallback-run-1/latency/veh-01/request bytes=1389 forwarded=1
1783088785.040136 publish topic=ipi/failure-fallback-run-1/latency/veh-01/ack bytes=237 forwarded=1
1783088785.259873 publish topic=ipi/failure-fallback-run-1/latency/veh-01/request bytes=1389 forwarded=1
1783088785.260532 publish topic=ipi/failure-fallback-run-1/latency/veh-01/ack bytes=237 forwarded=1
1783088785.500157 publish topic=ipi/failure-fallback-run-1/latency/veh-01/request bytes=1389 forwarded=1
1783088785.500848 publish topic=ipi/failure-fallback-run-1/latency/veh-01/ack bytes=237 forwarded=1
1783088785.730608 publish topic=ipi/failure-fallback-run-1/latency/veh-01/request bytes=1389 forwarded=1
1783088785.731259 publish topic=ipi/failure-fallback-run-1/latency/veh-01/ack bytes=237 forwarded=1
1783088785.970907 publish topic=ipi/failure-fallback-run-1/latency/veh-01/request bytes=1389 forwarded=1
1783088785.971547 publish topic=ipi/failure-fallback-run-1/latency/veh-01/ack bytes=237 forwarded=1
1783088786.201137 publish topic=ipi/failure-fallback-run-1/latency/veh-01/request bytes=1389 forwarded=1
1783088786.201770 publish topic=ipi/failure-fallback-run-1/latency/veh-01/ack bytes=237 forwarded=1
1783088786.441317 publish topic=ipi/failure-fallback-run-1/latency/veh-01/request bytes=1389 forwarded=1
1783088786.441965 publish topic=ipi/failure-fallback-run-1/latency/veh-01/ack bytes=237 forwarded=1
1783088786.671531 publish topic=ipi/failure-fallback-run-1/latency/veh-01/request bytes=1389 forwarded=1
1783088786.672171 publish topic=ipi/failure-fallback-run-1/latency/veh-01/ack bytes=237 forwarded=1
1783088786.911940 publish topic=ipi/failure-fallback-run-1/latency/veh-01/request bytes=1389 forwarded=1
1783088786.912586 publish topic=ipi/failure-fallback-run-1/latency/veh-01/ack bytes=237 forwarded=1
1783088787.142393 publish topic=ipi/failure-fallback-run-1/latency/veh-01/request bytes=1389 forwarded=1
1783088787.143029 publish topic=ipi/failure-fallback-run-1/latency/veh-01/ack bytes=237 forwarded=1
1783088787.372754 publish topic=ipi/failure-fallback-run-1/latency/veh-01/request bytes=1389 forwarded=1
1783088787.373431 publish topic=ipi/failure-fallback-run-1/latency/veh-01/ack bytes=237 forwarded=1
1783088787.603050 publish topic=ipi/failure-fallback-run-1/latency/veh-01/request bytes=1389 forwarded=1
1783088787.603700 publish topic=ipi/failure-fallback-run-1/latency/veh-01/ack bytes=237 forwarded=1
1783088787.833200 publish topic=ipi/failure-fallback-run-1/latency/veh-01/request bytes=1389 forwarded=1
1783088787.833847 publish topic=ipi/failure-fallback-run-1/latency/veh-01/ack bytes=237 forwarded=1
1783088788.063634 publish topic=ipi/failure-fallback-run-1/latency/veh-01/request bytes=1389 forwarded=1
1783088788.064271 publish topic=ipi/failure-fallback-run-1/latency/veh-01/ack bytes=237 forwarded=1
1783088788.304348 publish topic=ipi/failure-fallback-run-1/latency/veh-01/request bytes=1389 forwarded=1
1783088788.305021 publish topic=ipi/failure-fallback-run-1/latency/veh-01/ack bytes=237 forwarded=1
1783088788.544397 publish topic=ipi/failure-fallback-run-1/latency/veh-01/request bytes=1389 forwarded=1
1783088788.545041 publish topic=ipi/failure-fallback-run-1/latency/veh-01/ack bytes=237 forwarded=1
1783088788.764802 publish topic=ipi/failure-fallback-run-1/latency/veh-01/request bytes=1389 forwarded=1
1783088788.765456 publish topic=ipi/failure-fallback-run-1/latency/veh-01/ack bytes=237 forwarded=1
1783088788.995185 publish topic=ipi/failure-fallback-run-1/latency/veh-01/request bytes=1389 forwarded=1
1783088788.995825 publish topic=ipi/failure-fallback-run-1/latency/veh-01/ack bytes=237 forwarded=1
1783088789.235496 publish topic=ipi/failure-fallback-run-1/latency/veh-01/request bytes=1389 forwarded=1
1783088789.236146 publish topic=ipi/failure-fallback-run-1/latency/veh-01/ack bytes=237 forwarded=1
1783088789.475803 publish topic=ipi/failure-fallback-run-1/latency/veh-01/request bytes=1389 forwarded=1
1783088789.476452 publish topic=ipi/failure-fallback-run-1/latency/veh-01/ack bytes=237 forwarded=1
1783088789.726012 publish topic=ipi/failure-fallback-run-1/latency/veh-01/request bytes=1389 forwarded=1
1783088789.726658 publish topic=ipi/failure-fallback-run-1/latency/veh-01/ack bytes=237 forwarded=1
1783088789.976228 publish topic=ipi/failure-fallback-run-1/latency/veh-01/request bytes=1389 forwarded=1
1783088789.976884 publish topic=ipi/failure-fallback-run-1/latency/veh-01/ack bytes=237 forwarded=1
1783088790.206587 publish topic=ipi/failure-fallback-run-1/latency/veh-01/request bytes=1389 forwarded=1
1783088790.207236 publish topic=ipi/failure-fallback-run-1/latency/veh-01/ack bytes=237 forwarded=1
1783088790.446886 publish topic=ipi/failure-fallback-run-1/latency/veh-01/request bytes=1389 forwarded=1
1783088790.447537 publish topic=ipi/failure-fallback-run-1/latency/veh-01/ack bytes=237 forwarded=1
1783088790.687183 publish topic=ipi/failure-fallback-run-1/latency/veh-01/request bytes=1389 forwarded=1
1783088790.687832 publish topic=ipi/failure-fallback-run-1/latency/veh-01/ack bytes=237 forwarded=1
1783088790.917302 publish topic=ipi/failure-fallback-run-1/latency/veh-01/request bytes=1389 forwarded=1
1783088790.917971 publish topic=ipi/failure-fallback-run-1/latency/veh-01/ack bytes=237 forwarded=1
1783088791.157790 publish topic=ipi/failure-fallback-run-1/latency/veh-01/request bytes=1389 forwarded=1
1783088791.158437 publish topic=ipi/failure-fallback-run-1/latency/veh-01/ack bytes=237 forwarded=1
1783088791.398042 publish topic=ipi/failure-fallback-run-1/latency/veh-01/request bytes=1389 forwarded=1
1783088791.398686 publish topic=ipi/failure-fallback-run-1/latency/veh-01/ack bytes=237 forwarded=1
1783088791.628211 publish topic=ipi/failure-fallback-run-1/latency/veh-01/request bytes=1389 forwarded=1
1783088791.628874 publish topic=ipi/failure-fallback-run-1/latency/veh-01/ack bytes=237 forwarded=1
1783088791.858639 publish topic=ipi/failure-fallback-run-1/latency/veh-01/request bytes=1389 forwarded=1
1783088791.859295 publish topic=ipi/failure-fallback-run-1/latency/veh-01/ack bytes=237 forwarded=1
1783088792.088889 publish topic=ipi/failure-fallback-run-1/latency/veh-01/request bytes=1389 forwarded=1
1783088792.089526 publish topic=ipi/failure-fallback-run-1/latency/veh-01/ack bytes=237 forwarded=1
1783088792.319033 publish topic=ipi/failure-fallback-run-1/latency/veh-01/request bytes=1389 forwarded=1
1783088792.319680 publish topic=ipi/failure-fallback-run-1/latency/veh-01/ack bytes=237 forwarded=1
1783088792.549294 publish topic=ipi/failure-fallback-run-1/latency/veh-01/request bytes=1389 forwarded=1
1783088792.549912 publish topic=ipi/failure-fallback-run-1/latency/veh-01/ack bytes=237 forwarded=1
1783088792.779783 publish topic=ipi/failure-fallback-run-1/latency/veh-01/request bytes=1389 forwarded=1
1783088792.780432 publish topic=ipi/failure-fallback-run-1/latency/veh-01/ack bytes=237 forwarded=1
1783088793.010151 publish topic=ipi/failure-fallback-run-1/latency/veh-01/request bytes=1389 forwarded=1
1783088793.010810 publish topic=ipi/failure-fallback-run-1/latency/veh-01/ack bytes=237 forwarded=1
1783088793.240220 publish topic=ipi/failure-fallback-run-1/latency/veh-01/request bytes=1389 forwarded=1
1783088793.240870 publish topic=ipi/failure-fallback-run-1/latency/veh-01/ack bytes=237 forwarded=1
1783088793.470571 publish topic=ipi/failure-fallback-run-1/latency/veh-01/request bytes=1389 forwarded=1
1783088793.471214 publish topic=ipi/failure-fallback-run-1/latency/veh-01/ack bytes=237 forwarded=1
1783088793.701182 publish topic=ipi/failure-fallback-run-1/latency/veh-01/request bytes=1389 forwarded=1
1783088793.701824 publish topic=ipi/failure-fallback-run-1/latency/veh-01/ack bytes=237 forwarded=1
1783088793.941605 publish topic=ipi/failure-fallback-run-1/latency/veh-01/request bytes=1389 forwarded=1
1783088793.942252 publish topic=ipi/failure-fallback-run-1/latency/veh-01/ack bytes=237 forwarded=1
1783088794.181959 publish topic=ipi/failure-fallback-run-1/latency/veh-01/request bytes=1389 forwarded=1
1783088794.182635 publish topic=ipi/failure-fallback-run-1/latency/veh-01/ack bytes=237 forwarded=1
1783088794.422549 publish topic=ipi/failure-fallback-run-1/latency/veh-01/request bytes=1389 forwarded=1
1783088794.423191 publish topic=ipi/failure-fallback-run-1/latency/veh-01/ack bytes=237 forwarded=1
1783088794.662787 publish topic=ipi/failure-fallback-run-1/latency/veh-01/request bytes=1389 forwarded=1
1783088794.663383 publish topic=ipi/failure-fallback-run-1/latency/veh-01/ack bytes=237 forwarded=1
1783088794.882851 publish topic=ipi/failure-fallback-run-1/latency/veh-01/request bytes=1389 forwarded=1
1783088794.883507 publish topic=ipi/failure-fallback-run-1/latency/veh-01/ack bytes=237 forwarded=1
1783088795.133205 publish topic=ipi/failure-fallback-run-1/latency/veh-01/request bytes=1389 forwarded=1
1783088795.133857 publish topic=ipi/failure-fallback-run-1/latency/veh-01/ack bytes=237 forwarded=1
1783088795.353482 publish topic=ipi/failure-fallback-run-1/latency/veh-01/request bytes=1389 forwarded=1
1783088795.354128 publish topic=ipi/failure-fallback-run-1/latency/veh-01/ack bytes=237 forwarded=1
1783088795.584070 publish topic=ipi/failure-fallback-run-1/latency/veh-01/request bytes=1389 forwarded=1
1783088795.584761 publish topic=ipi/failure-fallback-run-1/latency/veh-01/ack bytes=237 forwarded=1
1783088795.824515 publish topic=ipi/failure-fallback-run-1/latency/veh-01/request bytes=1389 forwarded=1
1783088795.825181 publish topic=ipi/failure-fallback-run-1/latency/veh-01/ack bytes=237 forwarded=1
1783088796.054621 publish topic=ipi/failure-fallback-run-1/latency/veh-01/request bytes=1389 forwarded=1
1783088796.055260 publish topic=ipi/failure-fallback-run-1/latency/veh-01/ack bytes=237 forwarded=1
1783088796.294893 publish topic=ipi/failure-fallback-run-1/latency/veh-01/request bytes=1389 forwarded=1
1783088796.295550 publish topic=ipi/failure-fallback-run-1/latency/veh-01/ack bytes=237 forwarded=1
1783088796.525222 publish topic=ipi/failure-fallback-run-1/latency/veh-01/request bytes=1389 forwarded=1
1783088796.525867 publish topic=ipi/failure-fallback-run-1/latency/veh-01/ack bytes=237 forwarded=1
1783088796.755446 publish topic=ipi/failure-fallback-run-1/latency/veh-01/request bytes=1389 forwarded=1
1783088796.756092 publish topic=ipi/failure-fallback-run-1/latency/veh-01/ack bytes=237 forwarded=1
1783088796.995940 publish topic=ipi/failure-fallback-run-1/latency/veh-01/request bytes=1389 forwarded=1
1783088796.996570 publish topic=ipi/failure-fallback-run-1/latency/veh-01/ack bytes=237 forwarded=1
1783088797.236147 publish topic=ipi/failure-fallback-run-1/latency/veh-01/request bytes=1389 forwarded=1
1783088797.236843 publish topic=ipi/failure-fallback-run-1/latency/veh-01/ack bytes=237 forwarded=1
1783088797.466681 publish topic=ipi/failure-fallback-run-1/latency/veh-01/request bytes=1389 forwarded=1
1783088797.467335 publish topic=ipi/failure-fallback-run-1/latency/veh-01/ack bytes=237 forwarded=1
1783088797.706884 publish topic=ipi/failure-fallback-run-1/latency/veh-01/request bytes=1389 forwarded=1
1783088797.707526 publish topic=ipi/failure-fallback-run-1/latency/veh-01/ack bytes=237 forwarded=1
1783088797.947216 publish topic=ipi/failure-fallback-run-1/latency/veh-01/request bytes=1389 forwarded=1
1783088797.947846 publish topic=ipi/failure-fallback-run-1/latency/veh-01/ack bytes=237 forwarded=1
1783088798.177661 publish topic=ipi/failure-fallback-run-1/latency/veh-01/request bytes=1389 forwarded=1
1783088798.178310 publish topic=ipi/failure-fallback-run-1/latency/veh-01/ack bytes=237 forwarded=1
1783088798.407822 publish topic=ipi/failure-fallback-run-1/latency/veh-01/request bytes=1389 forwarded=1
1783088798.408478 publish topic=ipi/failure-fallback-run-1/latency/veh-01/ack bytes=237 forwarded=1
1783088798.637946 publish topic=ipi/failure-fallback-run-1/latency/veh-01/request bytes=1389 forwarded=1
1783088798.638199 publish topic=ipi/failure-fallback-run-1/latency/veh-01/ack bytes=237 forwarded=1
1783088798.868447 publish topic=ipi/failure-fallback-run-1/latency/veh-01/request bytes=1389 forwarded=1
1783088798.869125 publish topic=ipi/failure-fallback-run-1/latency/veh-01/ack bytes=237 forwarded=1
1783088799.088522 publish topic=ipi/failure-fallback-run-1/latency/veh-01/request bytes=1389 forwarded=1
1783088799.089177 publish topic=ipi/failure-fallback-run-1/latency/veh-01/ack bytes=237 forwarded=1
1783088799.319116 publish topic=ipi/failure-fallback-run-1/latency/veh-01/request bytes=1389 forwarded=1
1783088799.319763 publish topic=ipi/failure-fallback-run-1/latency/veh-01/ack bytes=237 forwarded=1
1783088799.539399 publish topic=ipi/failure-fallback-run-1/latency/veh-01/request bytes=1389 forwarded=1
1783088799.540050 publish topic=ipi/failure-fallback-run-1/latency/veh-01/ack bytes=237 forwarded=1
1783088799.769432 publish topic=ipi/failure-fallback-run-1/latency/veh-01/request bytes=1389 forwarded=1
1783088799.770053 publish topic=ipi/failure-fallback-run-1/latency/veh-01/ack bytes=237 forwarded=1
1783088800.009827 publish topic=ipi/failure-fallback-run-1/latency/veh-01/request bytes=1389 forwarded=1
1783088800.010472 publish topic=ipi/failure-fallback-run-1/latency/veh-01/ack bytes=237 forwarded=1
1783088800.240386 publish topic=ipi/failure-fallback-run-1/latency/veh-01/request bytes=1389 forwarded=1
1783088800.241083 publish topic=ipi/failure-fallback-run-1/latency/veh-01/ack bytes=237 forwarded=1
1783088800.480546 publish topic=ipi/failure-fallback-run-1/latency/veh-01/request bytes=1389 forwarded=1
1783088800.481254 publish topic=ipi/failure-fallback-run-1/latency/veh-01/ack bytes=237 forwarded=1
1783088800.710696 publish topic=ipi/failure-fallback-run-1/latency/veh-01/request bytes=1389 forwarded=1
1783088800.711340 publish topic=ipi/failure-fallback-run-1/latency/veh-01/ack bytes=237 forwarded=1
1783088800.950745 publish topic=ipi/failure-fallback-run-1/latency/veh-01/request bytes=1389 forwarded=1
1783088800.951130 publish topic=ipi/failure-fallback-run-1/latency/veh-01/ack bytes=237 forwarded=1
1783088801.181198 publish topic=ipi/failure-fallback-run-1/latency/veh-01/request bytes=1389 forwarded=1
1783088801.181842 publish topic=ipi/failure-fallback-run-1/latency/veh-01/ack bytes=237 forwarded=1
1783088801.421171 publish topic=ipi/failure-fallback-run-1/latency/veh-01/request bytes=1389 forwarded=1
1783088801.421816 publish topic=ipi/failure-fallback-run-1/latency/veh-01/ack bytes=237 forwarded=1
1783088801.661621 publish topic=ipi/failure-fallback-run-1/latency/veh-01/request bytes=1389 forwarded=1
1783088801.662263 publish topic=ipi/failure-fallback-run-1/latency/veh-01/ack bytes=237 forwarded=1
1783088801.901741 publish topic=ipi/failure-fallback-run-1/latency/veh-01/request bytes=1389 forwarded=1
1783088801.902424 publish topic=ipi/failure-fallback-run-1/latency/veh-01/ack bytes=237 forwarded=1
1783088802.141832 publish topic=ipi/failure-fallback-run-1/latency/veh-01/request bytes=1389 forwarded=1
1783088802.142526 publish topic=ipi/failure-fallback-run-1/latency/veh-01/ack bytes=237 forwarded=1
1783088802.372087 publish topic=ipi/failure-fallback-run-1/latency/veh-01/request bytes=1389 forwarded=1
1783088802.372812 publish topic=ipi/failure-fallback-run-1/latency/veh-01/ack bytes=237 forwarded=1
1783088802.602497 publish topic=ipi/failure-fallback-run-1/latency/veh-01/request bytes=1389 forwarded=1
1783088802.603186 publish topic=ipi/failure-fallback-run-1/latency/veh-01/ack bytes=237 forwarded=1
1783088802.822505 publish topic=ipi/failure-fallback-run-1/latency/veh-01/request bytes=1389 forwarded=1
1783088802.823182 publish topic=ipi/failure-fallback-run-1/latency/veh-01/ack bytes=237 forwarded=1
1783088803.052876 publish topic=ipi/failure-fallback-run-1/latency/veh-01/request bytes=1389 forwarded=1
1783088803.053561 publish topic=ipi/failure-fallback-run-1/latency/veh-01/ack bytes=237 forwarded=1
1783088803.282957 publish topic=ipi/failure-fallback-run-1/latency/veh-01/request bytes=1389 forwarded=1
1783088803.283648 publish topic=ipi/failure-fallback-run-1/latency/veh-01/ack bytes=237 forwarded=1
1783088803.513160 publish topic=ipi/failure-fallback-run-1/latency/veh-01/request bytes=1389 forwarded=1
1783088803.513847 publish topic=ipi/failure-fallback-run-1/latency/veh-01/ack bytes=237 forwarded=1
1783088803.803412 publish topic=ipi/failure-fallback-run-1/latency/veh-01/request bytes=1389 forwarded=1
1783088803.804097 publish topic=ipi/failure-fallback-run-1/latency/veh-01/ack bytes=237 forwarded=1
1783088804.043449 publish topic=ipi/failure-fallback-run-1/latency/veh-01/request bytes=1389 forwarded=1
1783088804.043705 publish topic=ipi/failure-fallback-run-1/latency/veh-01/ack bytes=237 forwarded=1
1783088804.273664 publish topic=ipi/failure-fallback-run-1/latency/veh-01/request bytes=1389 forwarded=1
1783088804.273887 publish topic=ipi/failure-fallback-run-1/latency/veh-01/ack bytes=237 forwarded=1
1783088804.503852 publish topic=ipi/failure-fallback-run-1/latency/veh-01/request bytes=1389 forwarded=1
1783088804.504081 publish topic=ipi/failure-fallback-run-1/latency/veh-01/ack bytes=237 forwarded=1
1783088804.733825 publish topic=ipi/failure-fallback-run-1/latency/veh-01/request bytes=1389 forwarded=1
1783088804.734062 publish topic=ipi/failure-fallback-run-1/latency/veh-01/ack bytes=237 forwarded=1
1783088804.954481 publish topic=ipi/failure-fallback-run-1/latency/veh-01/request bytes=1389 forwarded=1
1783088804.955157 publish topic=ipi/failure-fallback-run-1/latency/veh-01/ack bytes=237 forwarded=1
1783088805.194685 publish topic=ipi/failure-fallback-run-1/latency/veh-01/request bytes=1389 forwarded=1
1783088805.195381 publish topic=ipi/failure-fallback-run-1/latency/veh-01/ack bytes=237 forwarded=1
1783088805.424738 publish topic=ipi/failure-fallback-run-1/latency/veh-01/request bytes=1389 forwarded=1
1783088805.425394 publish topic=ipi/failure-fallback-run-1/latency/veh-01/ack bytes=237 forwarded=1
1783088805.645196 publish topic=ipi/failure-fallback-run-1/latency/veh-01/request bytes=1389 forwarded=1
1783088805.645830 publish topic=ipi/failure-fallback-run-1/latency/veh-01/ack bytes=237 forwarded=1
1783088805.875477 publish topic=ipi/failure-fallback-run-1/latency/veh-01/request bytes=1389 forwarded=1
1783088805.876113 publish topic=ipi/failure-fallback-run-1/latency/veh-01/ack bytes=237 forwarded=1
1783088806.105427 publish topic=ipi/failure-fallback-run-1/latency/veh-01/request bytes=1389 forwarded=1
1783088806.105682 publish topic=ipi/failure-fallback-run-1/latency/veh-01/ack bytes=237 forwarded=1
1783088806.325999 publish topic=ipi/failure-fallback-run-1/latency/veh-01/request bytes=1389 forwarded=1
1783088806.326638 publish topic=ipi/failure-fallback-run-1/latency/veh-01/ack bytes=237 forwarded=1
1783088806.566470 publish topic=ipi/failure-fallback-run-1/latency/veh-01/request bytes=1389 forwarded=1
1783088806.567106 publish topic=ipi/failure-fallback-run-1/latency/veh-01/ack bytes=237 forwarded=1
1783088806.786510 publish topic=ipi/failure-fallback-run-1/latency/veh-01/request bytes=1389 forwarded=1
1783088806.787141 publish topic=ipi/failure-fallback-run-1/latency/veh-01/ack bytes=237 forwarded=1
1783088807.016716 publish topic=ipi/failure-fallback-run-1/latency/veh-01/request bytes=1389 forwarded=1
1783088807.017357 publish topic=ipi/failure-fallback-run-1/latency/veh-01/ack bytes=237 forwarded=1
1783088807.257018 publish topic=ipi/failure-fallback-run-1/latency/veh-01/request bytes=1389 forwarded=1
1783088807.257668 publish topic=ipi/failure-fallback-run-1/latency/veh-01/ack bytes=237 forwarded=1
1783088807.507472 publish topic=ipi/failure-fallback-run-1/latency/veh-01/request bytes=1389 forwarded=1
1783088807.508113 publish topic=ipi/failure-fallback-run-1/latency/veh-01/ack bytes=237 forwarded=1
1783088807.737444 publish topic=ipi/failure-fallback-run-1/latency/veh-01/request bytes=1389 forwarded=1
1783088807.738092 publish topic=ipi/failure-fallback-run-1/latency/veh-01/ack bytes=237 forwarded=1
1783088807.977710 publish topic=ipi/failure-fallback-run-1/latency/veh-01/request bytes=1389 forwarded=1
1783088807.978342 publish topic=ipi/failure-fallback-run-1/latency/veh-01/ack bytes=237 forwarded=1
1783088808.217885 publish topic=ipi/failure-fallback-run-1/latency/veh-01/request bytes=1389 forwarded=1
1783088808.218529 publish topic=ipi/failure-fallback-run-1/latency/veh-01/ack bytes=237 forwarded=1
1783088808.437991 publish topic=ipi/failure-fallback-run-1/latency/veh-01/request bytes=1389 forwarded=1
1783088808.438740 publish topic=ipi/failure-fallback-run-1/latency/veh-01/ack bytes=237 forwarded=1
1783088808.668441 publish topic=ipi/failure-fallback-run-1/latency/veh-01/request bytes=1389 forwarded=1
1783088808.669099 publish topic=ipi/failure-fallback-run-1/latency/veh-01/ack bytes=237 forwarded=1
1783088808.898806 publish topic=ipi/failure-fallback-run-1/latency/veh-01/request bytes=1389 forwarded=1
1783088808.899441 publish topic=ipi/failure-fallback-run-1/latency/veh-01/ack bytes=237 forwarded=1
1783088809.128799 publish topic=ipi/failure-fallback-run-1/latency/veh-01/request bytes=1389 forwarded=1
1783088809.129443 publish topic=ipi/failure-fallback-run-1/latency/veh-01/ack bytes=237 forwarded=1
1783088809.359297 publish topic=ipi/failure-fallback-run-1/latency/veh-01/request bytes=1389 forwarded=1
1783088809.359938 publish topic=ipi/failure-fallback-run-1/latency/veh-01/ack bytes=237 forwarded=1
1783088809.589454 publish topic=ipi/failure-fallback-run-1/latency/veh-01/request bytes=1389 forwarded=1
1783088809.590099 publish topic=ipi/failure-fallback-run-1/latency/veh-01/ack bytes=237 forwarded=1
1783088809.829558 publish topic=ipi/failure-fallback-run-1/latency/veh-01/request bytes=1389 forwarded=1
1783088809.830240 publish topic=ipi/failure-fallback-run-1/latency/veh-01/ack bytes=237 forwarded=1
1783088810.070037 publish topic=ipi/failure-fallback-run-1/latency/veh-01/request bytes=1389 forwarded=1
1783088810.070678 publish topic=ipi/failure-fallback-run-1/latency/veh-01/ack bytes=237 forwarded=1
1783088810.300465 publish topic=ipi/failure-fallback-run-1/latency/veh-01/request bytes=1389 forwarded=1
1783088810.301143 publish topic=ipi/failure-fallback-run-1/latency/veh-01/ack bytes=237 forwarded=1
1783088810.530740 publish topic=ipi/failure-fallback-run-1/latency/veh-01/request bytes=1389 forwarded=1
1783088810.531423 publish topic=ipi/failure-fallback-run-1/latency/veh-01/ack bytes=237 forwarded=1
1783088810.770958 publish topic=ipi/failure-fallback-run-1/latency/veh-01/request bytes=1389 forwarded=1
1783088810.771648 publish topic=ipi/failure-fallback-run-1/latency/veh-01/ack bytes=237 forwarded=1
1783088811.011247 publish topic=ipi/failure-fallback-run-1/latency/veh-01/request bytes=1389 forwarded=1
1783088811.011951 publish topic=ipi/failure-fallback-run-1/latency/veh-01/ack bytes=237 forwarded=1
1783088811.241528 publish topic=ipi/failure-fallback-run-1/latency/veh-01/request bytes=1389 forwarded=1
1783088811.242169 publish topic=ipi/failure-fallback-run-1/latency/veh-01/ack bytes=237 forwarded=1
1783088811.481827 publish topic=ipi/failure-fallback-run-1/latency/veh-01/request bytes=1389 forwarded=1
1783088811.482465 publish topic=ipi/failure-fallback-run-1/latency/veh-01/ack bytes=237 forwarded=1
1783088811.712411 publish topic=ipi/failure-fallback-run-1/latency/veh-01/request bytes=1389 forwarded=1
1783088811.713073 publish topic=ipi/failure-fallback-run-1/latency/veh-01/ack bytes=237 forwarded=1
1783088811.952492 publish topic=ipi/failure-fallback-run-1/latency/veh-01/request bytes=1389 forwarded=1
1783088811.953187 publish topic=ipi/failure-fallback-run-1/latency/veh-01/ack bytes=237 forwarded=1
1783088812.443432 publish topic=ipi/failure-fallback-run-1/latency/veh-01/request bytes=1389 forwarded=1
1783088812.444067 publish topic=ipi/failure-fallback-run-1/latency/veh-01/ack bytes=237 forwarded=1
1783088812.713674 publish topic=ipi/failure-fallback-run-1/latency/veh-01/request bytes=1389 forwarded=1
1783088812.714313 publish topic=ipi/failure-fallback-run-1/latency/veh-01/ack bytes=237 forwarded=1
1783088812.944147 publish topic=ipi/failure-fallback-run-1/latency/veh-01/request bytes=1389 forwarded=1
1783088812.944815 publish topic=ipi/failure-fallback-run-1/latency/veh-01/ack bytes=237 forwarded=1
1783088813.174608 publish topic=ipi/failure-fallback-run-1/latency/veh-01/request bytes=1389 forwarded=1
1783088813.175245 publish topic=ipi/failure-fallback-run-1/latency/veh-01/ack bytes=237 forwarded=1
1783088813.404725 publish topic=ipi/failure-fallback-run-1/latency/veh-01/request bytes=1389 forwarded=1
1783088813.405350 publish topic=ipi/failure-fallback-run-1/latency/veh-01/ack bytes=237 forwarded=1
1783088813.635194 publish topic=ipi/failure-fallback-run-1/latency/veh-01/request bytes=1389 forwarded=1
1783088813.635883 publish topic=ipi/failure-fallback-run-1/latency/veh-01/ack bytes=237 forwarded=1
1783088813.875497 publish topic=ipi/failure-fallback-run-1/latency/veh-01/request bytes=1389 forwarded=1
1783088813.876129 publish topic=ipi/failure-fallback-run-1/latency/veh-01/ack bytes=237 forwarded=1
1783088814.115759 publish topic=ipi/failure-fallback-run-1/latency/veh-01/request bytes=1389 forwarded=1
1783088814.116391 publish topic=ipi/failure-fallback-run-1/latency/veh-01/ack bytes=237 forwarded=1
1783088814.366084 publish topic=ipi/failure-fallback-run-1/latency/veh-01/request bytes=1389 forwarded=1
1783088814.366715 publish topic=ipi/failure-fallback-run-1/latency/veh-01/ack bytes=237 forwarded=1
1783088814.606399 publish topic=ipi/failure-fallback-run-1/latency/veh-01/request bytes=1389 forwarded=1
1783088814.607049 publish topic=ipi/failure-fallback-run-1/latency/veh-01/ack bytes=237 forwarded=1
1783088814.846818 publish topic=ipi/failure-fallback-run-1/latency/veh-01/request bytes=1389 forwarded=1
1783088814.847453 publish topic=ipi/failure-fallback-run-1/latency/veh-01/ack bytes=237 forwarded=1
1783088815.077084 publish topic=ipi/failure-fallback-run-1/latency/veh-01/request bytes=1389 forwarded=1
1783088815.077714 publish topic=ipi/failure-fallback-run-1/latency/veh-01/ack bytes=237 forwarded=1
1783088815.317147 publish topic=ipi/failure-fallback-run-1/latency/veh-01/request bytes=1389 forwarded=1
1783088815.317783 publish topic=ipi/failure-fallback-run-1/latency/veh-01/ack bytes=237 forwarded=1
1783088815.557688 publish topic=ipi/failure-fallback-run-1/latency/veh-01/request bytes=1389 forwarded=1
1783088815.558327 publish topic=ipi/failure-fallback-run-1/latency/veh-01/ack bytes=237 forwarded=1
1783088815.797786 publish topic=ipi/failure-fallback-run-1/latency/veh-01/request bytes=1389 forwarded=1
1783088815.798424 publish topic=ipi/failure-fallback-run-1/latency/veh-01/ack bytes=237 forwarded=1
1783088816.028167 publish topic=ipi/failure-fallback-run-1/latency/veh-01/request bytes=1389 forwarded=1
1783088816.028825 publish topic=ipi/failure-fallback-run-1/latency/veh-01/ack bytes=237 forwarded=1
1783088816.258362 publish topic=ipi/failure-fallback-run-1/latency/veh-01/request bytes=1389 forwarded=1
1783088816.258991 publish topic=ipi/failure-fallback-run-1/latency/veh-01/ack bytes=237 forwarded=1
1783088816.488614 publish topic=ipi/failure-fallback-run-1/latency/veh-01/request bytes=1389 forwarded=1
1783088816.489269 publish topic=ipi/failure-fallback-run-1/latency/veh-01/ack bytes=237 forwarded=1
1783088816.718910 publish topic=ipi/failure-fallback-run-1/latency/veh-01/request bytes=1389 forwarded=1
1783088816.719541 publish topic=ipi/failure-fallback-run-1/latency/veh-01/ack bytes=237 forwarded=1
1783088816.949137 publish topic=ipi/failure-fallback-run-1/latency/veh-01/request bytes=1389 forwarded=1
1783088816.949769 publish topic=ipi/failure-fallback-run-1/latency/veh-01/ack bytes=237 forwarded=1
1783088817.179282 publish topic=ipi/failure-fallback-run-1/latency/veh-01/request bytes=1389 forwarded=1
1783088817.179912 publish topic=ipi/failure-fallback-run-1/latency/veh-01/ack bytes=237 forwarded=1
1783088817.409283 publish topic=ipi/failure-fallback-run-1/latency/veh-01/request bytes=1389 forwarded=1
1783088817.409916 publish topic=ipi/failure-fallback-run-1/latency/veh-01/ack bytes=237 forwarded=1
1783088817.649894 publish topic=ipi/failure-fallback-run-1/latency/veh-01/request bytes=1389 forwarded=1
1783088817.650542 publish topic=ipi/failure-fallback-run-1/latency/veh-01/ack bytes=237 forwarded=1
1783088817.879846 publish topic=ipi/failure-fallback-run-1/latency/veh-01/request bytes=1389 forwarded=1
1783088817.880474 publish topic=ipi/failure-fallback-run-1/latency/veh-01/ack bytes=237 forwarded=1
1783088818.110225 publish topic=ipi/failure-fallback-run-1/latency/veh-01/request bytes=1389 forwarded=1
1783088818.110866 publish topic=ipi/failure-fallback-run-1/latency/veh-01/ack bytes=237 forwarded=1
1783088818.340809 publish topic=ipi/failure-fallback-run-1/latency/veh-01/request bytes=1389 forwarded=1
1783088818.341457 publish topic=ipi/failure-fallback-run-1/latency/veh-01/ack bytes=237 forwarded=1
1783088818.571144 publish topic=ipi/failure-fallback-run-1/latency/veh-01/request bytes=1389 forwarded=1
1783088818.571788 publish topic=ipi/failure-fallback-run-1/latency/veh-01/ack bytes=237 forwarded=1
1783088818.811429 publish topic=ipi/failure-fallback-run-1/latency/veh-01/request bytes=1389 forwarded=1
1783088818.812079 publish topic=ipi/failure-fallback-run-1/latency/veh-01/ack bytes=237 forwarded=1
1783088819.052031 publish topic=ipi/failure-fallback-run-1/latency/veh-01/request bytes=1389 forwarded=1
1783088819.052787 publish topic=ipi/failure-fallback-run-1/latency/veh-01/ack bytes=237 forwarded=1
1783088819.292298 publish topic=ipi/failure-fallback-run-1/latency/veh-01/request bytes=1389 forwarded=1
1783088819.292958 publish topic=ipi/failure-fallback-run-1/latency/veh-01/ack bytes=237 forwarded=1
1783088819.522588 publish topic=ipi/failure-fallback-run-1/latency/veh-01/request bytes=1389 forwarded=1
1783088819.523222 publish topic=ipi/failure-fallback-run-1/latency/veh-01/ack bytes=237 forwarded=1
1783088819.802922 publish topic=ipi/failure-fallback-run-1/latency/veh-01/request bytes=1389 forwarded=1
1783088819.803564 publish topic=ipi/failure-fallback-run-1/latency/veh-01/ack bytes=237 forwarded=1
1783088820.033062 publish topic=ipi/failure-fallback-run-1/latency/veh-01/request bytes=1389 forwarded=1
1783088820.033700 publish topic=ipi/failure-fallback-run-1/latency/veh-01/ack bytes=237 forwarded=1
1783088820.263458 publish topic=ipi/failure-fallback-run-1/latency/veh-01/request bytes=1389 forwarded=1
1783088820.264119 publish topic=ipi/failure-fallback-run-1/latency/veh-01/ack bytes=237 forwarded=1
1783088820.493438 publish topic=ipi/failure-fallback-run-1/latency/veh-01/request bytes=1389 forwarded=1
1783088820.493689 publish topic=ipi/failure-fallback-run-1/latency/veh-01/ack bytes=237 forwarded=1
1783088820.724071 publish topic=ipi/failure-fallback-run-1/latency/veh-01/request bytes=1389 forwarded=1
1783088820.724737 publish topic=ipi/failure-fallback-run-1/latency/veh-01/ack bytes=237 forwarded=1
1783088820.944339 publish topic=ipi/failure-fallback-run-1/latency/veh-01/request bytes=1389 forwarded=1
1783088820.944993 publish topic=ipi/failure-fallback-run-1/latency/veh-01/ack bytes=237 forwarded=1
1783088821.174519 publish topic=ipi/failure-fallback-run-1/latency/veh-01/request bytes=1389 forwarded=1
1783088821.175153 publish topic=ipi/failure-fallback-run-1/latency/veh-01/ack bytes=237 forwarded=1
1783088821.414755 publish topic=ipi/failure-fallback-run-1/latency/veh-01/request bytes=1389 forwarded=1
1783088821.415389 publish topic=ipi/failure-fallback-run-1/latency/veh-01/ack bytes=237 forwarded=1
1783088821.645106 publish topic=ipi/failure-fallback-run-1/latency/veh-01/request bytes=1389 forwarded=1
1783088821.645742 publish topic=ipi/failure-fallback-run-1/latency/veh-01/ack bytes=237 forwarded=1
1783088821.885444 publish topic=ipi/failure-fallback-run-1/latency/veh-01/request bytes=1389 forwarded=1
1783088821.886082 publish topic=ipi/failure-fallback-run-1/latency/veh-01/ack bytes=237 forwarded=1
1783088822.135566 publish topic=ipi/failure-fallback-run-1/latency/veh-01/request bytes=1389 forwarded=1
1783088822.136190 publish topic=ipi/failure-fallback-run-1/latency/veh-01/ack bytes=237 forwarded=1
1783088822.365812 publish topic=ipi/failure-fallback-run-1/latency/veh-01/request bytes=1389 forwarded=1
1783088822.366459 publish topic=ipi/failure-fallback-run-1/latency/veh-01/ack bytes=237 forwarded=1
1783088822.606183 publish topic=ipi/failure-fallback-run-1/latency/veh-01/request bytes=1389 forwarded=1
1783088822.606815 publish topic=ipi/failure-fallback-run-1/latency/veh-01/ack bytes=237 forwarded=1
1783088822.836569 publish topic=ipi/failure-fallback-run-1/latency/veh-01/request bytes=1389 forwarded=1
1783088822.837247 publish topic=ipi/failure-fallback-run-1/latency/veh-01/ack bytes=237 forwarded=1
1783088823.076641 publish topic=ipi/failure-fallback-run-1/latency/veh-01/request bytes=1389 forwarded=1
1783088823.077320 publish topic=ipi/failure-fallback-run-1/latency/veh-01/ack bytes=237 forwarded=1
1783088823.317020 publish topic=ipi/failure-fallback-run-1/latency/veh-01/request bytes=1389 forwarded=1
1783088823.317673 publish topic=ipi/failure-fallback-run-1/latency/veh-01/ack bytes=237 forwarded=1
1783088823.557073 publish topic=ipi/failure-fallback-run-1/latency/veh-01/request bytes=1389 forwarded=1
1783088823.557726 publish topic=ipi/failure-fallback-run-1/latency/veh-01/ack bytes=237 forwarded=1
1783088823.797424 publish topic=ipi/failure-fallback-run-1/latency/veh-01/request bytes=1389 forwarded=1
1783088823.798068 publish topic=ipi/failure-fallback-run-1/latency/veh-01/ack bytes=237 forwarded=1
1783088824.037828 publish topic=ipi/failure-fallback-run-1/latency/veh-01/request bytes=1389 forwarded=1
1783088824.038562 publish topic=ipi/failure-fallback-run-1/latency/veh-01/ack bytes=237 forwarded=1
1783088824.268062 publish topic=ipi/failure-fallback-run-1/latency/veh-01/request bytes=1389 forwarded=1
1783088824.268810 publish topic=ipi/failure-fallback-run-1/latency/veh-01/ack bytes=237 forwarded=1
1783088824.498089 publish topic=ipi/failure-fallback-run-1/latency/veh-01/request bytes=1389 forwarded=1
1783088824.498720 publish topic=ipi/failure-fallback-run-1/latency/veh-01/ack bytes=237 forwarded=1
1783088824.718451 publish topic=ipi/failure-fallback-run-1/latency/veh-01/request bytes=1389 forwarded=1
1783088824.719086 publish topic=ipi/failure-fallback-run-1/latency/veh-01/ack bytes=237 forwarded=1
1783088824.938709 publish topic=ipi/failure-fallback-run-1/latency/veh-01/request bytes=1389 forwarded=1
1783088824.939355 publish topic=ipi/failure-fallback-run-1/latency/veh-01/ack bytes=237 forwarded=1
1783088825.179040 publish topic=ipi/failure-fallback-run-1/latency/veh-01/request bytes=1389 forwarded=1
1783088825.179679 publish topic=ipi/failure-fallback-run-1/latency/veh-01/ack bytes=237 forwarded=1
1783088825.419516 publish topic=ipi/failure-fallback-run-1/latency/veh-01/request bytes=1389 forwarded=1
1783088825.420154 publish topic=ipi/failure-fallback-run-1/latency/veh-01/ack bytes=237 forwarded=1
1783088825.650035 publish topic=ipi/failure-fallback-run-1/latency/veh-01/request bytes=1389 forwarded=1
1783088825.650676 publish topic=ipi/failure-fallback-run-1/latency/veh-01/ack bytes=237 forwarded=1
1783088825.880059 publish topic=ipi/failure-fallback-run-1/latency/veh-01/request bytes=1389 forwarded=1
1783088825.880710 publish topic=ipi/failure-fallback-run-1/latency/veh-01/ack bytes=237 forwarded=1
1783088826.110443 publish topic=ipi/failure-fallback-run-1/latency/veh-01/request bytes=1389 forwarded=1
1783088826.111086 publish topic=ipi/failure-fallback-run-1/latency/veh-01/ack bytes=237 forwarded=1
1783088826.340449 publish topic=ipi/failure-fallback-run-1/latency/veh-01/request bytes=1389 forwarded=1
1783088826.341124 publish topic=ipi/failure-fallback-run-1/latency/veh-01/ack bytes=237 forwarded=1
1783088826.570890 publish topic=ipi/failure-fallback-run-1/latency/veh-01/request bytes=1389 forwarded=1
1783088826.571529 publish topic=ipi/failure-fallback-run-1/latency/veh-01/ack bytes=237 forwarded=1
1783088826.801139 publish topic=ipi/failure-fallback-run-1/latency/veh-01/request bytes=1389 forwarded=1
1783088826.801794 publish topic=ipi/failure-fallback-run-1/latency/veh-01/ack bytes=237 forwarded=1
1783088827.031349 publish topic=ipi/failure-fallback-run-1/latency/veh-01/request bytes=1389 forwarded=1
1783088827.031989 publish topic=ipi/failure-fallback-run-1/latency/veh-01/ack bytes=237 forwarded=1
1783088827.271644 publish topic=ipi/failure-fallback-run-1/latency/veh-01/request bytes=1389 forwarded=1
1783088827.272250 publish topic=ipi/failure-fallback-run-1/latency/veh-01/ack bytes=237 forwarded=1
1783088827.522061 publish topic=ipi/failure-fallback-run-1/latency/veh-01/request bytes=1389 forwarded=1
1783088827.522742 publish topic=ipi/failure-fallback-run-1/latency/veh-01/ack bytes=237 forwarded=1
1783088827.772308 publish topic=ipi/failure-fallback-run-1/latency/veh-01/request bytes=1389 forwarded=1
1783088827.772965 publish topic=ipi/failure-fallback-run-1/latency/veh-01/ack bytes=237 forwarded=1
1783088828.012567 publish topic=ipi/failure-fallback-run-1/latency/veh-01/request bytes=1389 forwarded=1
1783088828.013259 publish topic=ipi/failure-fallback-run-1/latency/veh-01/ack bytes=237 forwarded=1
1783088828.232898 publish topic=ipi/failure-fallback-run-1/latency/veh-01/request bytes=1389 forwarded=1
1783088828.233532 publish topic=ipi/failure-fallback-run-1/latency/veh-01/ack bytes=237 forwarded=1
1783088828.463226 publish topic=ipi/failure-fallback-run-1/latency/veh-01/request bytes=1389 forwarded=1
1783088828.463934 publish topic=ipi/failure-fallback-run-1/latency/veh-01/ack bytes=237 forwarded=1
1783088828.693475 publish topic=ipi/failure-fallback-run-1/latency/veh-01/request bytes=1389 forwarded=1
1783088828.694157 publish topic=ipi/failure-fallback-run-1/latency/veh-01/ack bytes=237 forwarded=1
1783088828.923827 publish topic=ipi/failure-fallback-run-1/latency/veh-01/request bytes=1389 forwarded=1
1783088828.924513 publish topic=ipi/failure-fallback-run-1/latency/veh-01/ack bytes=237 forwarded=1
1783088829.154079 publish topic=ipi/failure-fallback-run-1/latency/veh-01/request bytes=1389 forwarded=1
1783088829.154740 publish topic=ipi/failure-fallback-run-1/latency/veh-01/ack bytes=237 forwarded=1
1783088829.384233 publish topic=ipi/failure-fallback-run-1/latency/veh-01/request bytes=1389 forwarded=1
1783088829.384955 publish topic=ipi/failure-fallback-run-1/latency/veh-01/ack bytes=237 forwarded=1
1783088829.614658 publish topic=ipi/failure-fallback-run-1/latency/veh-01/request bytes=1389 forwarded=1
1783088829.615344 publish topic=ipi/failure-fallback-run-1/latency/veh-01/ack bytes=237 forwarded=1
1783088829.844821 publish topic=ipi/failure-fallback-run-1/latency/veh-01/request bytes=1389 forwarded=1
1783088829.845503 publish topic=ipi/failure-fallback-run-1/latency/veh-01/ack bytes=237 forwarded=1
1783088830.085175 publish topic=ipi/failure-fallback-run-1/latency/veh-01/request bytes=1389 forwarded=1
1783088830.085855 publish topic=ipi/failure-fallback-run-1/latency/veh-01/ack bytes=237 forwarded=1
1783088830.325529 publish topic=ipi/failure-fallback-run-1/latency/veh-01/request bytes=1389 forwarded=1
1783088830.326206 publish topic=ipi/failure-fallback-run-1/latency/veh-01/ack bytes=237 forwarded=1
1783088830.565775 publish topic=ipi/failure-fallback-run-1/latency/veh-01/request bytes=1389 forwarded=1
1783088830.566459 publish topic=ipi/failure-fallback-run-1/latency/veh-01/ack bytes=237 forwarded=1
1783088830.786109 publish topic=ipi/failure-fallback-run-1/latency/veh-01/request bytes=1389 forwarded=1
1783088830.786793 publish topic=ipi/failure-fallback-run-1/latency/veh-01/ack bytes=237 forwarded=1
1783088831.036546 publish topic=ipi/failure-fallback-run-1/latency/veh-01/request bytes=1389 forwarded=1
1783088831.037251 publish topic=ipi/failure-fallback-run-1/latency/veh-01/ack bytes=237 forwarded=1
1783088831.266903 publish topic=ipi/failure-fallback-run-1/latency/veh-01/request bytes=1389 forwarded=1
1783088831.267587 publish topic=ipi/failure-fallback-run-1/latency/veh-01/ack bytes=237 forwarded=1
1783088831.547299 publish topic=ipi/failure-fallback-run-1/latency/veh-01/request bytes=1389 forwarded=1
1783088831.547998 publish topic=ipi/failure-fallback-run-1/latency/veh-01/ack bytes=237 forwarded=1
1783088831.787640 publish topic=ipi/failure-fallback-run-1/latency/veh-01/request bytes=1389 forwarded=1
1783088831.788315 publish topic=ipi/failure-fallback-run-1/latency/veh-01/ack bytes=237 forwarded=1
1783088832.028055 publish topic=ipi/failure-fallback-run-1/latency/veh-01/request bytes=1389 forwarded=1
1783088832.028752 publish topic=ipi/failure-fallback-run-1/latency/veh-01/ack bytes=237 forwarded=1
1783088832.258380 publish topic=ipi/failure-fallback-run-1/latency/veh-01/request bytes=1389 forwarded=1
1783088832.259056 publish topic=ipi/failure-fallback-run-1/latency/veh-01/ack bytes=237 forwarded=1
1783088832.498855 publish topic=ipi/failure-fallback-run-1/latency/veh-01/request bytes=1389 forwarded=1
1783088832.499544 publish topic=ipi/failure-fallback-run-1/latency/veh-01/ack bytes=237 forwarded=1
1783088832.729167 publish topic=ipi/failure-fallback-run-1/latency/veh-01/request bytes=1389 forwarded=1
1783088832.729847 publish topic=ipi/failure-fallback-run-1/latency/veh-01/ack bytes=237 forwarded=1
1783088832.959234 publish topic=ipi/failure-fallback-run-1/latency/veh-01/request bytes=1389 forwarded=1
1783088832.959918 publish topic=ipi/failure-fallback-run-1/latency/veh-01/ack bytes=237 forwarded=1
1783088833.179573 publish topic=ipi/failure-fallback-run-1/latency/veh-01/request bytes=1389 forwarded=1
1783088833.180258 publish topic=ipi/failure-fallback-run-1/latency/veh-01/ack bytes=237 forwarded=1
1783088833.410156 publish topic=ipi/failure-fallback-run-1/latency/veh-01/request bytes=1389 forwarded=1
1783088833.410844 publish topic=ipi/failure-fallback-run-1/latency/veh-01/ack bytes=237 forwarded=1
1783088833.640299 publish topic=ipi/failure-fallback-run-1/latency/veh-01/request bytes=1389 forwarded=1
1783088833.640999 publish topic=ipi/failure-fallback-run-1/latency/veh-01/ack bytes=237 forwarded=1
1783088833.870640 publish topic=ipi/failure-fallback-run-1/latency/veh-01/request bytes=1389 forwarded=1
1783088833.871320 publish topic=ipi/failure-fallback-run-1/latency/veh-01/ack bytes=237 forwarded=1
1783088834.090986 publish topic=ipi/failure-fallback-run-1/latency/veh-01/request bytes=1389 forwarded=1
1783088834.091662 publish topic=ipi/failure-fallback-run-1/latency/veh-01/ack bytes=237 forwarded=1
1783088834.311251 publish topic=ipi/failure-fallback-run-1/latency/veh-01/request bytes=1389 forwarded=1
1783088834.311875 publish topic=ipi/failure-fallback-run-1/latency/veh-01/ack bytes=237 forwarded=1
1783088834.541378 publish topic=ipi/failure-fallback-run-1/latency/veh-01/request bytes=1389 forwarded=1
1783088834.542082 publish topic=ipi/failure-fallback-run-1/latency/veh-01/ack bytes=237 forwarded=1
1783088834.771657 publish topic=ipi/failure-fallback-run-1/latency/veh-01/request bytes=1389 forwarded=1
1783088834.772319 publish topic=ipi/failure-fallback-run-1/latency/veh-01/ack bytes=237 forwarded=1
1783088835.001565 publish topic=ipi/failure-fallback-run-1/latency/veh-01/request bytes=1389 forwarded=1
1783088835.002163 publish topic=ipi/failure-fallback-run-1/latency/veh-01/ack bytes=237 forwarded=1
1783088835.232150 publish topic=ipi/failure-fallback-run-1/latency/veh-01/request bytes=1389 forwarded=1
1783088835.232831 publish topic=ipi/failure-fallback-run-1/latency/veh-01/ack bytes=237 forwarded=1
1783088835.452455 publish topic=ipi/failure-fallback-run-1/latency/veh-01/request bytes=1389 forwarded=1
1783088835.453154 publish topic=ipi/failure-fallback-run-1/latency/veh-01/ack bytes=237 forwarded=1
1783088835.692882 publish topic=ipi/failure-fallback-run-1/latency/veh-01/request bytes=1389 forwarded=1
1783088835.693557 publish topic=ipi/failure-fallback-run-1/latency/veh-01/ack bytes=237 forwarded=1
1783088835.933124 publish topic=ipi/failure-fallback-run-1/latency/veh-01/request bytes=1389 forwarded=1
1783088835.933801 publish topic=ipi/failure-fallback-run-1/latency/veh-01/ack bytes=237 forwarded=1
1783088836.173382 publish topic=ipi/failure-fallback-run-1/latency/veh-01/request bytes=1389 forwarded=1
1783088836.174071 publish topic=ipi/failure-fallback-run-1/latency/veh-01/ack bytes=237 forwarded=1
1783088836.403683 publish topic=ipi/failure-fallback-run-1/latency/veh-01/request bytes=1389 forwarded=1
1783088836.404358 publish topic=ipi/failure-fallback-run-1/latency/veh-01/ack bytes=237 forwarded=1
1783088836.633878 publish topic=ipi/failure-fallback-run-1/latency/veh-01/request bytes=1389 forwarded=1
1783088836.634550 publish topic=ipi/failure-fallback-run-1/latency/veh-01/ack bytes=237 forwarded=1
1783088836.864207 publish topic=ipi/failure-fallback-run-1/latency/veh-01/request bytes=1389 forwarded=1
1783088836.864894 publish topic=ipi/failure-fallback-run-1/latency/veh-01/ack bytes=237 forwarded=1
1783088837.094585 publish topic=ipi/failure-fallback-run-1/latency/veh-01/request bytes=1389 forwarded=1
1783088837.095268 publish topic=ipi/failure-fallback-run-1/latency/veh-01/ack bytes=237 forwarded=1
1783088837.324584 publish topic=ipi/failure-fallback-run-1/latency/veh-01/request bytes=1389 forwarded=1
1783088837.325237 publish topic=ipi/failure-fallback-run-1/latency/veh-01/ack bytes=237 forwarded=1
1783088837.555133 publish topic=ipi/failure-fallback-run-1/latency/veh-01/request bytes=1389 forwarded=1
1783088837.555810 publish topic=ipi/failure-fallback-run-1/latency/veh-01/ack bytes=237 forwarded=1
1783088837.785083 publish topic=ipi/failure-fallback-run-1/latency/veh-01/request bytes=1389 forwarded=1
1783088837.785757 publish topic=ipi/failure-fallback-run-1/latency/veh-01/ack bytes=237 forwarded=1
1783088838.015642 publish topic=ipi/failure-fallback-run-1/latency/veh-01/request bytes=1389 forwarded=1
1783088838.016321 publish topic=ipi/failure-fallback-run-1/latency/veh-01/ack bytes=237 forwarded=1
1783088838.236091 publish topic=ipi/failure-fallback-run-1/latency/veh-01/request bytes=1389 forwarded=1
1783088838.236838 publish topic=ipi/failure-fallback-run-1/latency/veh-01/ack bytes=237 forwarded=1
1783088838.466356 publish topic=ipi/failure-fallback-run-1/latency/veh-01/request bytes=1389 forwarded=1
1783088838.467086 publish topic=ipi/failure-fallback-run-1/latency/veh-01/ack bytes=237 forwarded=1
1783088838.686716 publish topic=ipi/failure-fallback-run-1/latency/veh-01/request bytes=1389 forwarded=1
1783088838.687384 publish topic=ipi/failure-fallback-run-1/latency/veh-01/ack bytes=237 forwarded=1
1783088838.926852 publish topic=ipi/failure-fallback-run-1/latency/veh-01/request bytes=1389 forwarded=1
1783088838.927535 publish topic=ipi/failure-fallback-run-1/latency/veh-01/ack bytes=237 forwarded=1
1783088839.157480 publish topic=ipi/failure-fallback-run-1/latency/veh-01/request bytes=1389 forwarded=1
1783088839.158135 publish topic=ipi/failure-fallback-run-1/latency/veh-01/ack bytes=237 forwarded=1
1783088839.668069 publish topic=ipi/failure-fallback-run-1/latency/veh-01/request bytes=1389 forwarded=1
1783088839.668832 publish topic=ipi/failure-fallback-run-1/latency/veh-01/ack bytes=237 forwarded=1
1783088839.898255 publish topic=ipi/failure-fallback-run-1/latency/veh-01/request bytes=1389 forwarded=1
1783088839.898929 publish topic=ipi/failure-fallback-run-1/latency/veh-01/ack bytes=237 forwarded=1
1783088840.118318 publish topic=ipi/failure-fallback-run-1/latency/veh-01/request bytes=1389 forwarded=1
1783088840.118511 publish topic=ipi/failure-fallback-run-1/latency/veh-01/ack bytes=237 forwarded=1
1783088840.358540 publish topic=ipi/failure-fallback-run-1/latency/veh-01/request bytes=1389 forwarded=1
1783088840.358776 publish topic=ipi/failure-fallback-run-1/latency/veh-01/ack bytes=237 forwarded=1
1783088840.588674 publish topic=ipi/failure-fallback-run-1/latency/veh-01/request bytes=1389 forwarded=1
1783088840.588904 publish topic=ipi/failure-fallback-run-1/latency/veh-01/ack bytes=237 forwarded=1
1783088840.819422 publish topic=ipi/failure-fallback-run-1/latency/veh-01/request bytes=1389 forwarded=1
1783088840.820066 publish topic=ipi/failure-fallback-run-1/latency/veh-01/ack bytes=237 forwarded=1
1783088841.049818 publish topic=ipi/failure-fallback-run-1/latency/veh-01/request bytes=1389 forwarded=1
1783088841.050460 publish topic=ipi/failure-fallback-run-1/latency/veh-01/ack bytes=237 forwarded=1
1783088841.270097 publish topic=ipi/failure-fallback-run-1/latency/veh-01/request bytes=1389 forwarded=1
1783088841.270739 publish topic=ipi/failure-fallback-run-1/latency/veh-01/ack bytes=237 forwarded=1
1783088841.490413 publish topic=ipi/failure-fallback-run-1/latency/veh-01/request bytes=1389 forwarded=1
1783088841.491043 publish topic=ipi/failure-fallback-run-1/latency/veh-01/ack bytes=237 forwarded=1
1783088841.710859 publish topic=ipi/failure-fallback-run-1/latency/veh-01/request bytes=1389 forwarded=1
1783088841.711501 publish topic=ipi/failure-fallback-run-1/latency/veh-01/ack bytes=237 forwarded=1
1783088841.951187 publish topic=ipi/failure-fallback-run-1/latency/veh-01/request bytes=1389 forwarded=1
1783088841.951831 publish topic=ipi/failure-fallback-run-1/latency/veh-01/ack bytes=237 forwarded=1
1783088842.181431 publish topic=ipi/failure-fallback-run-1/latency/veh-01/request bytes=1389 forwarded=1
1783088842.182041 publish topic=ipi/failure-fallback-run-1/latency/veh-01/ack bytes=237 forwarded=1
1783088842.411871 publish topic=ipi/failure-fallback-run-1/latency/veh-01/request bytes=1389 forwarded=1
1783088842.412527 publish topic=ipi/failure-fallback-run-1/latency/veh-01/ack bytes=237 forwarded=1
1783088842.652209 publish topic=ipi/failure-fallback-run-1/latency/veh-01/request bytes=1389 forwarded=1
1783088842.652865 publish topic=ipi/failure-fallback-run-1/latency/veh-01/ack bytes=237 forwarded=1
1783088842.882320 publish topic=ipi/failure-fallback-run-1/latency/veh-01/request bytes=1389 forwarded=1
1783088842.882938 publish topic=ipi/failure-fallback-run-1/latency/veh-01/ack bytes=237 forwarded=1
1783088843.122509 publish topic=ipi/failure-fallback-run-1/latency/veh-01/request bytes=1389 forwarded=1
1783088843.123149 publish topic=ipi/failure-fallback-run-1/latency/veh-01/ack bytes=237 forwarded=1
1783088843.342718 publish topic=ipi/failure-fallback-run-1/latency/veh-01/request bytes=1389 forwarded=1
1783088843.343367 publish topic=ipi/failure-fallback-run-1/latency/veh-01/ack bytes=237 forwarded=1
1783088843.573010 publish topic=ipi/failure-fallback-run-1/latency/veh-01/request bytes=1389 forwarded=1
1783088843.573651 publish topic=ipi/failure-fallback-run-1/latency/veh-01/ack bytes=237 forwarded=1
1783088843.803553 publish topic=ipi/failure-fallback-run-1/latency/veh-01/request bytes=1389 forwarded=1
1783088843.804192 publish topic=ipi/failure-fallback-run-1/latency/veh-01/ack bytes=237 forwarded=1
1783088844.033558 publish topic=ipi/failure-fallback-run-1/latency/veh-01/request bytes=1389 forwarded=1
1783088844.034190 publish topic=ipi/failure-fallback-run-1/latency/veh-01/ack bytes=237 forwarded=1
1783088844.263886 publish topic=ipi/failure-fallback-run-1/latency/veh-01/request bytes=1389 forwarded=1
1783088844.264585 publish topic=ipi/failure-fallback-run-1/latency/veh-01/ack bytes=237 forwarded=1
1783088844.494295 publish topic=ipi/failure-fallback-run-1/latency/veh-01/request bytes=1389 forwarded=1
1783088844.494928 publish topic=ipi/failure-fallback-run-1/latency/veh-01/ack bytes=237 forwarded=1
1783088844.724491 publish topic=ipi/failure-fallback-run-1/latency/veh-01/request bytes=1389 forwarded=1
1783088844.725182 publish topic=ipi/failure-fallback-run-1/latency/veh-01/ack bytes=237 forwarded=1
1783088844.954853 publish topic=ipi/failure-fallback-run-1/latency/veh-01/request bytes=1389 forwarded=1
1783088844.955504 publish topic=ipi/failure-fallback-run-1/latency/veh-01/ack bytes=237 forwarded=1
1783088845.185159 publish topic=ipi/failure-fallback-run-1/latency/veh-01/request bytes=1389 forwarded=1
1783088845.185889 publish topic=ipi/failure-fallback-run-1/latency/veh-01/ack bytes=237 forwarded=1
1783088845.415546 publish topic=ipi/failure-fallback-run-1/latency/veh-01/request bytes=1389 forwarded=1
1783088845.416199 publish topic=ipi/failure-fallback-run-1/latency/veh-01/ack bytes=237 forwarded=1
1783088845.645726 publish topic=ipi/failure-fallback-run-1/latency/veh-01/request bytes=1389 forwarded=1
1783088845.646366 publish topic=ipi/failure-fallback-run-1/latency/veh-01/ack bytes=237 forwarded=1
1783088845.876372 publish topic=ipi/failure-fallback-run-1/latency/veh-01/request bytes=1389 forwarded=1
1783088845.877055 publish topic=ipi/failure-fallback-run-1/latency/veh-01/ack bytes=237 forwarded=1
1783088846.336664 publish topic=ipi/failure-fallback-run-1/latency/veh-01/request bytes=1389 forwarded=1
1783088846.337353 publish topic=ipi/failure-fallback-run-1/latency/veh-01/ack bytes=237 forwarded=1
1783088846.576972 publish topic=ipi/failure-fallback-run-1/latency/veh-01/request bytes=1389 forwarded=1
1783088846.577621 publish topic=ipi/failure-fallback-run-1/latency/veh-01/ack bytes=237 forwarded=1
1783088846.817184 publish topic=ipi/failure-fallback-run-1/latency/veh-01/request bytes=1389 forwarded=1
1783088846.817828 publish topic=ipi/failure-fallback-run-1/latency/veh-01/ack bytes=237 forwarded=1
1783088847.057474 publish topic=ipi/failure-fallback-run-1/latency/veh-01/request bytes=1389 forwarded=1
1783088847.058114 publish topic=ipi/failure-fallback-run-1/latency/veh-01/ack bytes=237 forwarded=1
1783088847.297775 publish topic=ipi/failure-fallback-run-1/latency/veh-01/request bytes=1389 forwarded=1
1783088847.298409 publish topic=ipi/failure-fallback-run-1/latency/veh-01/ack bytes=237 forwarded=1
1783088847.538126 publish topic=ipi/failure-fallback-run-1/latency/veh-01/request bytes=1389 forwarded=1
1783088847.538775 publish topic=ipi/failure-fallback-run-1/latency/veh-01/ack bytes=237 forwarded=1
1783088847.768309 publish topic=ipi/failure-fallback-run-1/latency/veh-01/request bytes=1389 forwarded=1
1783088847.769076 publish topic=ipi/failure-fallback-run-1/latency/veh-01/ack bytes=237 forwarded=1
1783088847.998649 publish topic=ipi/failure-fallback-run-1/latency/veh-01/request bytes=1389 forwarded=1
1783088847.999292 publish topic=ipi/failure-fallback-run-1/latency/veh-01/ack bytes=237 forwarded=1
1783088848.228953 publish topic=ipi/failure-fallback-run-1/latency/veh-01/request bytes=1389 forwarded=1
1783088848.229665 publish topic=ipi/failure-fallback-run-1/latency/veh-01/ack bytes=237 forwarded=1
1783088848.459275 publish topic=ipi/failure-fallback-run-1/latency/veh-01/request bytes=1389 forwarded=1
1783088848.459925 publish topic=ipi/failure-fallback-run-1/latency/veh-01/ack bytes=237 forwarded=1
1783088848.679430 publish topic=ipi/failure-fallback-run-1/latency/veh-01/request bytes=1389 forwarded=1
1783088848.680068 publish topic=ipi/failure-fallback-run-1/latency/veh-01/ack bytes=237 forwarded=1
1783088848.899850 publish topic=ipi/failure-fallback-run-1/latency/veh-01/request bytes=1389 forwarded=1
1783088848.900501 publish topic=ipi/failure-fallback-run-1/latency/veh-01/ack bytes=237 forwarded=1
1783088849.140136 publish topic=ipi/failure-fallback-run-1/latency/veh-01/request bytes=1389 forwarded=1
1783088849.140816 publish topic=ipi/failure-fallback-run-1/latency/veh-01/ack bytes=237 forwarded=1
1783088849.380406 publish topic=ipi/failure-fallback-run-1/latency/veh-01/request bytes=1389 forwarded=1
1783088849.381086 publish topic=ipi/failure-fallback-run-1/latency/veh-01/ack bytes=237 forwarded=1
1783088849.620862 publish topic=ipi/failure-fallback-run-1/latency/veh-01/request bytes=1389 forwarded=1
1783088849.621537 publish topic=ipi/failure-fallback-run-1/latency/veh-01/ack bytes=237 forwarded=1
1783088849.850887 publish topic=ipi/failure-fallback-run-1/latency/veh-01/request bytes=1389 forwarded=1
1783088849.851534 publish topic=ipi/failure-fallback-run-1/latency/veh-01/ack bytes=237 forwarded=1
1783088850.081169 publish topic=ipi/failure-fallback-run-1/latency/veh-01/request bytes=1389 forwarded=1
1783088850.081826 publish topic=ipi/failure-fallback-run-1/latency/veh-01/ack bytes=237 forwarded=1
1783088850.311512 publish topic=ipi/failure-fallback-run-1/latency/veh-01/request bytes=1389 forwarded=1
1783088850.312158 publish topic=ipi/failure-fallback-run-1/latency/veh-01/ack bytes=237 forwarded=1
1783088850.531969 publish topic=ipi/failure-fallback-run-1/latency/veh-01/request bytes=1389 forwarded=1
1783088850.532617 publish topic=ipi/failure-fallback-run-1/latency/veh-01/ack bytes=237 forwarded=1
1783088850.772156 publish topic=ipi/failure-fallback-run-1/latency/veh-01/request bytes=1389 forwarded=1
1783088850.772838 publish topic=ipi/failure-fallback-run-1/latency/veh-01/ack bytes=237 forwarded=1
1783088850.992383 publish topic=ipi/failure-fallback-run-1/latency/veh-01/request bytes=1389 forwarded=1
1783088850.992792 publish topic=ipi/failure-fallback-run-1/latency/veh-01/ack bytes=237 forwarded=1
1783088851.453100 publish topic=ipi/failure-fallback-run-1/latency/veh-01/request bytes=1389 forwarded=1
1783088851.453735 publish topic=ipi/failure-fallback-run-1/latency/veh-01/ack bytes=237 forwarded=1
1783088851.673393 publish topic=ipi/failure-fallback-run-1/latency/veh-01/request bytes=1389 forwarded=1
1783088851.674029 publish topic=ipi/failure-fallback-run-1/latency/veh-01/ack bytes=237 forwarded=1
1783088851.954104 publish topic=ipi/failure-fallback-run-1/latency/veh-01/request bytes=1389 forwarded=1
1783088851.954724 publish topic=ipi/failure-fallback-run-1/latency/veh-01/ack bytes=237 forwarded=1
1783088852.184056 publish topic=ipi/failure-fallback-run-1/latency/veh-01/request bytes=1389 forwarded=1
1783088852.184728 publish topic=ipi/failure-fallback-run-1/latency/veh-01/ack bytes=237 forwarded=1
1783088852.424337 publish topic=ipi/failure-fallback-run-1/latency/veh-01/request bytes=1389 forwarded=1
1783088852.425016 publish topic=ipi/failure-fallback-run-1/latency/veh-01/ack bytes=237 forwarded=1
1783088852.664875 publish topic=ipi/failure-fallback-run-1/latency/veh-01/request bytes=1389 forwarded=1
1783088852.665512 publish topic=ipi/failure-fallback-run-1/latency/veh-01/ack bytes=237 forwarded=1
1783088852.885043 publish topic=ipi/failure-fallback-run-1/latency/veh-01/request bytes=1389 forwarded=1
1783088852.885683 publish topic=ipi/failure-fallback-run-1/latency/veh-01/ack bytes=237 forwarded=1
1783088853.125204 publish topic=ipi/failure-fallback-run-1/latency/veh-01/request bytes=1389 forwarded=1
1783088853.125846 publish topic=ipi/failure-fallback-run-1/latency/veh-01/ack bytes=237 forwarded=1
1783088853.355628 publish topic=ipi/failure-fallback-run-1/latency/veh-01/request bytes=1389 forwarded=1
1783088853.356273 publish topic=ipi/failure-fallback-run-1/latency/veh-01/ack bytes=237 forwarded=1
1783088853.596076 publish topic=ipi/failure-fallback-run-1/latency/veh-01/request bytes=1389 forwarded=1
1783088853.596740 publish topic=ipi/failure-fallback-run-1/latency/veh-01/ack bytes=237 forwarded=1
1783088853.826219 publish topic=ipi/failure-fallback-run-1/latency/veh-01/request bytes=1389 forwarded=1
1783088853.826848 publish topic=ipi/failure-fallback-run-1/latency/veh-01/ack bytes=237 forwarded=1
1783088854.056364 publish topic=ipi/failure-fallback-run-1/latency/veh-01/request bytes=1389 forwarded=1
1783088854.057051 publish topic=ipi/failure-fallback-run-1/latency/veh-01/ack bytes=237 forwarded=1
1783088854.296752 publish topic=ipi/failure-fallback-run-1/latency/veh-01/request bytes=1389 forwarded=1
1783088854.297403 publish topic=ipi/failure-fallback-run-1/latency/veh-01/ack bytes=237 forwarded=1
1783088854.547175 publish topic=ipi/failure-fallback-run-1/latency/veh-01/request bytes=1389 forwarded=1
1783088854.547823 publish topic=ipi/failure-fallback-run-1/latency/veh-01/ack bytes=237 forwarded=1
1783088854.777130 publish topic=ipi/failure-fallback-run-1/latency/veh-01/request bytes=1389 forwarded=1
1783088854.777764 publish topic=ipi/failure-fallback-run-1/latency/veh-01/ack bytes=237 forwarded=1
1783088855.007578 publish topic=ipi/failure-fallback-run-1/latency/veh-01/request bytes=1389 forwarded=1
1783088855.008223 publish topic=ipi/failure-fallback-run-1/latency/veh-01/ack bytes=237 forwarded=1
1783088855.237817 publish topic=ipi/failure-fallback-run-1/latency/veh-01/request bytes=1389 forwarded=1
1783088855.238447 publish topic=ipi/failure-fallback-run-1/latency/veh-01/ack bytes=237 forwarded=1
1783088855.468073 publish topic=ipi/failure-fallback-run-1/latency/veh-01/request bytes=1389 forwarded=1
1783088855.468746 publish topic=ipi/failure-fallback-run-1/latency/veh-01/ack bytes=237 forwarded=1
1783088855.698388 publish topic=ipi/failure-fallback-run-1/latency/veh-01/request bytes=1389 forwarded=1
1783088855.699014 publish topic=ipi/failure-fallback-run-1/latency/veh-01/ack bytes=237 forwarded=1
1783088855.928606 publish topic=ipi/failure-fallback-run-1/latency/veh-01/request bytes=1389 forwarded=1
1783088855.929282 publish topic=ipi/failure-fallback-run-1/latency/veh-01/ack bytes=237 forwarded=1
1783088856.158976 publish topic=ipi/failure-fallback-run-1/latency/veh-01/request bytes=1389 forwarded=1
1783088856.159626 publish topic=ipi/failure-fallback-run-1/latency/veh-01/ack bytes=237 forwarded=1
1783088856.389046 publish topic=ipi/failure-fallback-run-1/latency/veh-01/request bytes=1389 forwarded=1
1783088856.389687 publish topic=ipi/failure-fallback-run-1/latency/veh-01/ack bytes=237 forwarded=1
1783088856.629408 publish topic=ipi/failure-fallback-run-1/latency/veh-01/request bytes=1389 forwarded=1
1783088856.630059 publish topic=ipi/failure-fallback-run-1/latency/veh-01/ack bytes=237 forwarded=1
1783088856.900008 publish topic=ipi/failure-fallback-run-1/latency/veh-01/request bytes=1389 forwarded=1
1783088856.900651 publish topic=ipi/failure-fallback-run-1/latency/veh-01/ack bytes=237 forwarded=1
1783088857.130377 publish topic=ipi/failure-fallback-run-1/latency/veh-01/request bytes=1389 forwarded=1
1783088857.131023 publish topic=ipi/failure-fallback-run-1/latency/veh-01/ack bytes=237 forwarded=1
1783088857.350610 publish topic=ipi/failure-fallback-run-1/latency/veh-01/request bytes=1389 forwarded=1
1783088857.351258 publish topic=ipi/failure-fallback-run-1/latency/veh-01/ack bytes=237 forwarded=1
1783088857.591075 publish topic=ipi/failure-fallback-run-1/latency/veh-01/request bytes=1389 forwarded=1
1783088857.591758 publish topic=ipi/failure-fallback-run-1/latency/veh-01/ack bytes=237 forwarded=1
1783088857.831360 publish topic=ipi/failure-fallback-run-1/latency/veh-01/request bytes=1389 forwarded=1
1783088857.832011 publish topic=ipi/failure-fallback-run-1/latency/veh-01/ack bytes=237 forwarded=1
1783088858.061668 publish topic=ipi/failure-fallback-run-1/latency/veh-01/request bytes=1389 forwarded=1
1783088858.062305 publish topic=ipi/failure-fallback-run-1/latency/veh-01/ack bytes=237 forwarded=1
1783088858.282033 publish topic=ipi/failure-fallback-run-1/latency/veh-01/request bytes=1389 forwarded=1
1783088858.282649 publish topic=ipi/failure-fallback-run-1/latency/veh-01/ack bytes=237 forwarded=1
1783088858.522235 publish topic=ipi/failure-fallback-run-1/latency/veh-01/request bytes=1389 forwarded=1
1783088858.522871 publish topic=ipi/failure-fallback-run-1/latency/veh-01/ack bytes=237 forwarded=1
1783088858.742541 publish topic=ipi/failure-fallback-run-1/latency/veh-01/request bytes=1389 forwarded=1
1783088858.743187 publish topic=ipi/failure-fallback-run-1/latency/veh-01/ack bytes=237 forwarded=1
1783088858.972784 publish topic=ipi/failure-fallback-run-1/latency/veh-01/request bytes=1389 forwarded=1
1783088858.973459 publish topic=ipi/failure-fallback-run-1/latency/veh-01/ack bytes=237 forwarded=1
1783088859.192929 publish topic=ipi/failure-fallback-run-1/latency/veh-01/request bytes=1389 forwarded=1
1783088859.193573 publish topic=ipi/failure-fallback-run-1/latency/veh-01/ack bytes=237 forwarded=1
1783088859.413285 publish topic=ipi/failure-fallback-run-1/latency/veh-01/request bytes=1389 forwarded=1
1783088859.413922 publish topic=ipi/failure-fallback-run-1/latency/veh-01/ack bytes=237 forwarded=1
1783088859.643461 publish topic=ipi/failure-fallback-run-1/latency/veh-01/request bytes=1389 forwarded=1
1783088859.644113 publish topic=ipi/failure-fallback-run-1/latency/veh-01/ack bytes=237 forwarded=1
1783088859.873752 publish topic=ipi/failure-fallback-run-1/latency/veh-01/request bytes=1389 forwarded=1
1783088859.874388 publish topic=ipi/failure-fallback-run-1/latency/veh-01/ack bytes=237 forwarded=1
1783088860.104062 publish topic=ipi/failure-fallback-run-1/latency/veh-01/request bytes=1389 forwarded=1
1783088860.104729 publish topic=ipi/failure-fallback-run-1/latency/veh-01/ack bytes=237 forwarded=1
1783088860.344340 publish topic=ipi/failure-fallback-run-1/latency/veh-01/request bytes=1389 forwarded=1
1783088860.345002 publish topic=ipi/failure-fallback-run-1/latency/veh-01/ack bytes=237 forwarded=1
1783088860.574536 publish topic=ipi/failure-fallback-run-1/latency/veh-01/request bytes=1389 forwarded=1
1783088860.575172 publish topic=ipi/failure-fallback-run-1/latency/veh-01/ack bytes=237 forwarded=1
1783088860.804990 publish topic=ipi/failure-fallback-run-1/latency/veh-01/request bytes=1389 forwarded=1
1783088860.805624 publish topic=ipi/failure-fallback-run-1/latency/veh-01/ack bytes=237 forwarded=1
1783088861.035261 publish topic=ipi/failure-fallback-run-1/latency/veh-01/request bytes=1389 forwarded=1
1783088861.035906 publish topic=ipi/failure-fallback-run-1/latency/veh-01/ack bytes=237 forwarded=1
1783088861.255342 publish topic=ipi/failure-fallback-run-1/latency/veh-01/request bytes=1389 forwarded=1
1783088861.256004 publish topic=ipi/failure-fallback-run-1/latency/veh-01/ack bytes=237 forwarded=1
1783088861.475674 publish topic=ipi/failure-fallback-run-1/latency/veh-01/request bytes=1389 forwarded=1
1783088861.476313 publish topic=ipi/failure-fallback-run-1/latency/veh-01/ack bytes=237 forwarded=1
1783088861.705858 publish topic=ipi/failure-fallback-run-1/latency/veh-01/request bytes=1389 forwarded=1
1783088861.706503 publish topic=ipi/failure-fallback-run-1/latency/veh-01/ack bytes=237 forwarded=1
1783088861.936166 publish topic=ipi/failure-fallback-run-1/latency/veh-01/request bytes=1389 forwarded=1
1783088861.936452 publish topic=ipi/failure-fallback-run-1/latency/veh-01/ack bytes=237 forwarded=1
1783088862.176477 publish topic=ipi/failure-fallback-run-1/latency/veh-01/request bytes=1389 forwarded=1
1783088862.177119 publish topic=ipi/failure-fallback-run-1/latency/veh-01/ack bytes=237 forwarded=1
1783088862.416790 publish topic=ipi/failure-fallback-run-1/latency/veh-01/request bytes=1389 forwarded=1
1783088862.417422 publish topic=ipi/failure-fallback-run-1/latency/veh-01/ack bytes=237 forwarded=1
1783088862.647121 publish topic=ipi/failure-fallback-run-1/latency/veh-01/request bytes=1389 forwarded=1
1783088862.647769 publish topic=ipi/failure-fallback-run-1/latency/veh-01/ack bytes=237 forwarded=1
1783088862.887564 publish topic=ipi/failure-fallback-run-1/latency/veh-01/request bytes=1389 forwarded=1
1783088862.888221 publish topic=ipi/failure-fallback-run-1/latency/veh-01/ack bytes=237 forwarded=1
1783088863.117962 publish topic=ipi/failure-fallback-run-1/latency/veh-01/request bytes=1389 forwarded=1
1783088863.118600 publish topic=ipi/failure-fallback-run-1/latency/veh-01/ack bytes=237 forwarded=1
1783088863.348209 publish topic=ipi/failure-fallback-run-1/latency/veh-01/request bytes=1389 forwarded=1
1783088863.348875 publish topic=ipi/failure-fallback-run-1/latency/veh-01/ack bytes=237 forwarded=1
1783088863.568759 publish topic=ipi/failure-fallback-run-1/latency/veh-01/request bytes=1389 forwarded=1
1783088863.569395 publish topic=ipi/failure-fallback-run-1/latency/veh-01/ack bytes=237 forwarded=1
1783088863.828951 publish topic=ipi/failure-fallback-run-1/latency/veh-01/request bytes=1389 forwarded=1
1783088863.829571 publish topic=ipi/failure-fallback-run-1/latency/veh-01/ack bytes=237 forwarded=1
1783088864.069192 publish topic=ipi/failure-fallback-run-1/latency/veh-01/request bytes=1389 forwarded=1
1783088864.069836 publish topic=ipi/failure-fallback-run-1/latency/veh-01/ack bytes=237 forwarded=1
1783088864.289464 publish topic=ipi/failure-fallback-run-1/latency/veh-01/request bytes=1389 forwarded=1
1783088864.290123 publish topic=ipi/failure-fallback-run-1/latency/veh-01/ack bytes=237 forwarded=1
1783088864.519937 publish topic=ipi/failure-fallback-run-1/latency/veh-01/request bytes=1389 forwarded=1
1783088864.520577 publish topic=ipi/failure-fallback-run-1/latency/veh-01/ack bytes=237 forwarded=1
1783088864.750300 publish topic=ipi/failure-fallback-run-1/latency/veh-01/request bytes=1389 forwarded=1
1783088864.750959 publish topic=ipi/failure-fallback-run-1/latency/veh-01/ack bytes=237 forwarded=1
1783088864.990578 publish topic=ipi/failure-fallback-run-1/latency/veh-01/request bytes=1389 forwarded=1
1783088864.991211 publish topic=ipi/failure-fallback-run-1/latency/veh-01/ack bytes=237 forwarded=1
1783088865.210730 publish topic=ipi/failure-fallback-run-1/latency/veh-01/request bytes=1389 forwarded=1
1783088865.211434 publish topic=ipi/failure-fallback-run-1/latency/veh-01/ack bytes=237 forwarded=1
1783088865.441004 publish topic=ipi/failure-fallback-run-1/latency/veh-01/request bytes=1389 forwarded=1
1783088865.441696 publish topic=ipi/failure-fallback-run-1/latency/veh-01/ack bytes=237 forwarded=1
1783088865.671370 publish topic=ipi/failure-fallback-run-1/latency/veh-01/request bytes=1389 forwarded=1
1783088865.672090 publish topic=ipi/failure-fallback-run-1/latency/veh-01/ack bytes=237 forwarded=1
1783088865.901757 publish topic=ipi/failure-fallback-run-1/latency/veh-01/request bytes=1389 forwarded=1
1783088865.902436 publish topic=ipi/failure-fallback-run-1/latency/veh-01/ack bytes=237 forwarded=1
1783088866.141939 publish topic=ipi/failure-fallback-run-1/latency/veh-01/request bytes=1389 forwarded=1
1783088866.142615 publish topic=ipi/failure-fallback-run-1/latency/veh-01/ack bytes=237 forwarded=1
1783088866.372431 publish topic=ipi/failure-fallback-run-1/latency/veh-01/request bytes=1389 forwarded=1
1783088866.373088 publish topic=ipi/failure-fallback-run-1/latency/veh-01/ack bytes=237 forwarded=1
1783088866.602786 publish topic=ipi/failure-fallback-run-1/latency/veh-01/request bytes=1389 forwarded=1
1783088866.603477 publish topic=ipi/failure-fallback-run-1/latency/veh-01/ack bytes=237 forwarded=1
1783088866.833105 publish topic=ipi/failure-fallback-run-1/latency/veh-01/request bytes=1389 forwarded=1
1783088866.833787 publish topic=ipi/failure-fallback-run-1/latency/veh-01/ack bytes=237 forwarded=1
1783088867.063411 publish topic=ipi/failure-fallback-run-1/latency/veh-01/request bytes=1389 forwarded=1
1783088867.064113 publish topic=ipi/failure-fallback-run-1/latency/veh-01/ack bytes=237 forwarded=1
1783088867.293477 publish topic=ipi/failure-fallback-run-1/latency/veh-01/request bytes=1389 forwarded=1
1783088867.294165 publish topic=ipi/failure-fallback-run-1/latency/veh-01/ack bytes=237 forwarded=1
1783088867.513952 publish topic=ipi/failure-fallback-run-1/latency/veh-01/request bytes=1389 forwarded=1
1783088867.514635 publish topic=ipi/failure-fallback-run-1/latency/veh-01/ack bytes=237 forwarded=1
1783088867.744184 publish topic=ipi/failure-fallback-run-1/latency/veh-01/request bytes=1389 forwarded=1
1783088867.744929 publish topic=ipi/failure-fallback-run-1/latency/veh-01/ack bytes=237 forwarded=1
1783088867.984582 publish topic=ipi/failure-fallback-run-1/latency/veh-01/request bytes=1389 forwarded=1
1783088867.985279 publish topic=ipi/failure-fallback-run-1/latency/veh-01/ack bytes=237 forwarded=1
1783088868.214848 publish topic=ipi/failure-fallback-run-1/latency/veh-01/request bytes=1389 forwarded=1
1783088868.215491 publish topic=ipi/failure-fallback-run-1/latency/veh-01/ack bytes=237 forwarded=1
1783088868.445102 publish topic=ipi/failure-fallback-run-1/latency/veh-01/request bytes=1389 forwarded=1
1783088868.445752 publish topic=ipi/failure-fallback-run-1/latency/veh-01/ack bytes=237 forwarded=1
1783088868.675409 publish topic=ipi/failure-fallback-run-1/latency/veh-01/request bytes=1389 forwarded=1
1783088868.676049 publish topic=ipi/failure-fallback-run-1/latency/veh-01/ack bytes=237 forwarded=1
1783088868.905819 publish topic=ipi/failure-fallback-run-1/latency/veh-01/request bytes=1389 forwarded=1
1783088868.906461 publish topic=ipi/failure-fallback-run-1/latency/veh-01/ack bytes=237 forwarded=1
1783088869.136297 publish topic=ipi/failure-fallback-run-1/latency/veh-01/request bytes=1389 forwarded=1
1783088869.136995 publish topic=ipi/failure-fallback-run-1/latency/veh-01/ack bytes=237 forwarded=1
1783088869.386831 publish topic=ipi/failure-fallback-run-1/latency/veh-01/request bytes=1389 forwarded=1
1783088869.387478 publish topic=ipi/failure-fallback-run-1/latency/veh-01/ack bytes=237 forwarded=1
1783088869.626938 publish topic=ipi/failure-fallback-run-1/latency/veh-01/request bytes=1389 forwarded=1
1783088869.627583 publish topic=ipi/failure-fallback-run-1/latency/veh-01/ack bytes=237 forwarded=1
1783088869.857586 publish topic=ipi/failure-fallback-run-1/latency/veh-01/request bytes=1389 forwarded=1
1783088869.858233 publish topic=ipi/failure-fallback-run-1/latency/veh-01/ack bytes=237 forwarded=1
1783088870.097924 publish topic=ipi/failure-fallback-run-1/latency/veh-01/request bytes=1389 forwarded=1
1783088870.098569 publish topic=ipi/failure-fallback-run-1/latency/veh-01/ack bytes=237 forwarded=1
1783088870.318159 publish topic=ipi/failure-fallback-run-1/latency/veh-01/request bytes=1389 forwarded=1
1783088870.318802 publish topic=ipi/failure-fallback-run-1/latency/veh-01/ack bytes=237 forwarded=1
1783088870.548514 publish topic=ipi/failure-fallback-run-1/latency/veh-01/request bytes=1389 forwarded=1
1783088870.549165 publish topic=ipi/failure-fallback-run-1/latency/veh-01/ack bytes=237 forwarded=1
1783088870.778731 publish topic=ipi/failure-fallback-run-1/latency/veh-01/request bytes=1389 forwarded=1
1783088870.779381 publish topic=ipi/failure-fallback-run-1/latency/veh-01/ack bytes=237 forwarded=1
1783088870.998892 publish topic=ipi/failure-fallback-run-1/latency/veh-01/request bytes=1389 forwarded=1
1783088870.999533 publish topic=ipi/failure-fallback-run-1/latency/veh-01/ack bytes=237 forwarded=1
1783088871.229131 publish topic=ipi/failure-fallback-run-1/latency/veh-01/request bytes=1389 forwarded=1
1783088871.229780 publish topic=ipi/failure-fallback-run-1/latency/veh-01/ack bytes=237 forwarded=1
1783088871.459459 publish topic=ipi/failure-fallback-run-1/latency/veh-01/request bytes=1389 forwarded=1
1783088871.460130 publish topic=ipi/failure-fallback-run-1/latency/veh-01/ack bytes=237 forwarded=1
1783088871.679950 publish topic=ipi/failure-fallback-run-1/latency/veh-01/request bytes=1389 forwarded=1
1783088871.680619 publish topic=ipi/failure-fallback-run-1/latency/veh-01/ack bytes=237 forwarded=1
1783088871.910134 publish topic=ipi/failure-fallback-run-1/latency/veh-01/request bytes=1389 forwarded=1
1783088871.910774 publish topic=ipi/failure-fallback-run-1/latency/veh-01/ack bytes=237 forwarded=1
1783088872.140282 publish topic=ipi/failure-fallback-run-1/latency/veh-01/request bytes=1389 forwarded=1
1783088872.140956 publish topic=ipi/failure-fallback-run-1/latency/veh-01/ack bytes=237 forwarded=1
1783088872.360860 publish topic=ipi/failure-fallback-run-1/latency/veh-01/request bytes=1389 forwarded=1
1783088872.361492 publish topic=ipi/failure-fallback-run-1/latency/veh-01/ack bytes=237 forwarded=1
1783088872.591089 publish topic=ipi/failure-fallback-run-1/latency/veh-01/request bytes=1389 forwarded=1
1783088872.591744 publish topic=ipi/failure-fallback-run-1/latency/veh-01/ack bytes=237 forwarded=1
1783088872.821282 publish topic=ipi/failure-fallback-run-1/latency/veh-01/request bytes=1389 forwarded=1
1783088872.821930 publish topic=ipi/failure-fallback-run-1/latency/veh-01/ack bytes=237 forwarded=1
1783088873.061810 publish topic=ipi/failure-fallback-run-1/latency/veh-01/request bytes=1389 forwarded=1
1783088873.062456 publish topic=ipi/failure-fallback-run-1/latency/veh-01/ack bytes=237 forwarded=1
1783088873.292066 publish topic=ipi/failure-fallback-run-1/latency/veh-01/request bytes=1389 forwarded=1
1783088873.292762 publish topic=ipi/failure-fallback-run-1/latency/veh-01/ack bytes=237 forwarded=1
1783088873.522489 publish topic=ipi/failure-fallback-run-1/latency/veh-01/request bytes=1389 forwarded=1
1783088873.523161 publish topic=ipi/failure-fallback-run-1/latency/veh-01/ack bytes=237 forwarded=1
1783088873.752801 publish topic=ipi/failure-fallback-run-1/latency/veh-01/request bytes=1389 forwarded=1
1783088873.753437 publish topic=ipi/failure-fallback-run-1/latency/veh-01/ack bytes=237 forwarded=1
1783088873.983329 publish topic=ipi/failure-fallback-run-1/latency/veh-01/request bytes=1389 forwarded=1
1783088873.983975 publish topic=ipi/failure-fallback-run-1/latency/veh-01/ack bytes=237 forwarded=1
1783088874.203572 publish topic=ipi/failure-fallback-run-1/latency/veh-01/request bytes=1389 forwarded=1
1783088874.204282 publish topic=ipi/failure-fallback-run-1/latency/veh-01/ack bytes=237 forwarded=1
1783088874.433830 publish topic=ipi/failure-fallback-run-1/latency/veh-01/request bytes=1389 forwarded=1
1783088874.434480 publish topic=ipi/failure-fallback-run-1/latency/veh-01/ack bytes=237 forwarded=1
1783088874.664125 publish topic=ipi/failure-fallback-run-1/latency/veh-01/request bytes=1389 forwarded=1
1783088874.664790 publish topic=ipi/failure-fallback-run-1/latency/veh-01/ack bytes=237 forwarded=1
1783088874.884716 publish topic=ipi/failure-fallback-run-1/latency/veh-01/request bytes=1389 forwarded=1
1783088874.885322 publish topic=ipi/failure-fallback-run-1/latency/veh-01/ack bytes=237 forwarded=1
1783088875.114742 publish topic=ipi/failure-fallback-run-1/latency/veh-01/request bytes=1389 forwarded=1
1783088875.115396 publish topic=ipi/failure-fallback-run-1/latency/veh-01/ack bytes=237 forwarded=1
1783088875.355458 publish topic=ipi/failure-fallback-run-1/latency/veh-01/request bytes=1389 forwarded=1
1783088875.356097 publish topic=ipi/failure-fallback-run-1/latency/veh-01/ack bytes=237 forwarded=1
1783088875.595636 publish topic=ipi/failure-fallback-run-1/latency/veh-01/request bytes=1389 forwarded=1
1783088875.596256 publish topic=ipi/failure-fallback-run-1/latency/veh-01/ack bytes=237 forwarded=1
1783088875.836074 publish topic=ipi/failure-fallback-run-1/latency/veh-01/request bytes=1389 forwarded=1
1783088875.836742 publish topic=ipi/failure-fallback-run-1/latency/veh-01/ack bytes=237 forwarded=1
1783088876.066717 publish topic=ipi/failure-fallback-run-1/latency/veh-01/request bytes=1389 forwarded=1
1783088876.067364 publish topic=ipi/failure-fallback-run-1/latency/veh-01/ack bytes=237 forwarded=1
1783088876.307153 publish topic=ipi/failure-fallback-run-1/latency/veh-01/request bytes=1389 forwarded=1
1783088876.307765 publish topic=ipi/failure-fallback-run-1/latency/veh-01/ack bytes=237 forwarded=1
1783088876.547371 publish topic=ipi/failure-fallback-run-1/latency/veh-01/request bytes=1389 forwarded=1
1783088876.548035 publish topic=ipi/failure-fallback-run-1/latency/veh-01/ack bytes=237 forwarded=1
1783088876.777700 publish topic=ipi/failure-fallback-run-1/latency/veh-01/request bytes=1389 forwarded=1
1783088876.778345 publish topic=ipi/failure-fallback-run-1/latency/veh-01/ack bytes=237 forwarded=1
1783088877.017914 publish topic=ipi/failure-fallback-run-1/latency/veh-01/request bytes=1389 forwarded=1
1783088877.018560 publish topic=ipi/failure-fallback-run-1/latency/veh-01/ack bytes=237 forwarded=1
1783088877.238218 publish topic=ipi/failure-fallback-run-1/latency/veh-01/request bytes=1389 forwarded=1
1783088877.238834 publish topic=ipi/failure-fallback-run-1/latency/veh-01/ack bytes=237 forwarded=1
1783088877.498654 publish topic=ipi/failure-fallback-run-1/latency/veh-01/request bytes=1389 forwarded=1
1783088877.499299 publish topic=ipi/failure-fallback-run-1/latency/veh-01/ack bytes=237 forwarded=1
1783088877.728774 publish topic=ipi/failure-fallback-run-1/latency/veh-01/request bytes=1389 forwarded=1
1783088877.729465 publish topic=ipi/failure-fallback-run-1/latency/veh-01/ack bytes=237 forwarded=1
1783088877.969129 publish topic=ipi/failure-fallback-run-1/latency/veh-01/request bytes=1389 forwarded=1
1783088877.969751 publish topic=ipi/failure-fallback-run-1/latency/veh-01/ack bytes=237 forwarded=1
1783088878.199466 publish topic=ipi/failure-fallback-run-1/latency/veh-01/request bytes=1389 forwarded=1
1783088878.200195 publish topic=ipi/failure-fallback-run-1/latency/veh-01/ack bytes=237 forwarded=1
1783088878.429711 publish topic=ipi/failure-fallback-run-1/latency/veh-01/request bytes=1389 forwarded=1
1783088878.430330 publish topic=ipi/failure-fallback-run-1/latency/veh-01/ack bytes=237 forwarded=1
1783088878.659945 publish topic=ipi/failure-fallback-run-1/latency/veh-01/request bytes=1389 forwarded=1
1783088878.660591 publish topic=ipi/failure-fallback-run-1/latency/veh-01/ack bytes=237 forwarded=1
1783088878.890140 publish topic=ipi/failure-fallback-run-1/latency/veh-01/request bytes=1389 forwarded=1
1783088878.890782 publish topic=ipi/failure-fallback-run-1/latency/veh-01/ack bytes=237 forwarded=1
1783088879.130517 publish topic=ipi/failure-fallback-run-1/latency/veh-01/request bytes=1389 forwarded=1
1783088879.131164 publish topic=ipi/failure-fallback-run-1/latency/veh-01/ack bytes=237 forwarded=1
1783088879.360824 publish topic=ipi/failure-fallback-run-1/latency/veh-01/request bytes=1389 forwarded=1
1783088879.361463 publish topic=ipi/failure-fallback-run-1/latency/veh-01/ack bytes=237 forwarded=1
1783088879.591300 publish topic=ipi/failure-fallback-run-1/latency/veh-01/request bytes=1389 forwarded=1
1783088879.591946 publish topic=ipi/failure-fallback-run-1/latency/veh-01/ack bytes=237 forwarded=1
1783088879.821743 publish topic=ipi/failure-fallback-run-1/latency/veh-01/request bytes=1389 forwarded=1
1783088879.822371 publish topic=ipi/failure-fallback-run-1/latency/veh-01/ack bytes=237 forwarded=1
1783088880.062203 publish topic=ipi/failure-fallback-run-1/latency/veh-01/request bytes=1389 forwarded=1
1783088880.062837 publish topic=ipi/failure-fallback-run-1/latency/veh-01/ack bytes=237 forwarded=1
1783088880.292534 publish topic=ipi/failure-fallback-run-1/latency/veh-01/request bytes=1389 forwarded=1
1783088880.293212 publish topic=ipi/failure-fallback-run-1/latency/veh-01/ack bytes=237 forwarded=1
1783088880.522835 publish topic=ipi/failure-fallback-run-1/latency/veh-01/request bytes=1389 forwarded=1
1783088880.523087 publish topic=ipi/failure-fallback-run-1/latency/veh-01/ack bytes=237 forwarded=1
1783088880.743597 publish topic=ipi/failure-fallback-run-1/latency/veh-01/request bytes=1389 forwarded=1
1783088880.744221 publish topic=ipi/failure-fallback-run-1/latency/veh-01/ack bytes=237 forwarded=1
1783088880.974154 publish topic=ipi/failure-fallback-run-1/latency/veh-01/request bytes=1389 forwarded=1
1783088880.974769 publish topic=ipi/failure-fallback-run-1/latency/veh-01/ack bytes=237 forwarded=1
1783088881.204726 publish topic=ipi/failure-fallback-run-1/latency/veh-01/request bytes=1389 forwarded=1
1783088881.205334 publish topic=ipi/failure-fallback-run-1/latency/veh-01/ack bytes=237 forwarded=1
1783088881.435101 publish topic=ipi/failure-fallback-run-1/latency/veh-01/request bytes=1389 forwarded=1
1783088881.435707 publish topic=ipi/failure-fallback-run-1/latency/veh-01/ack bytes=237 forwarded=1
1783088881.665900 publish topic=ipi/failure-fallback-run-1/latency/veh-01/request bytes=1389 forwarded=1
1783088881.666568 publish topic=ipi/failure-fallback-run-1/latency/veh-01/ack bytes=237 forwarded=1
1783088881.886564 publish topic=ipi/failure-fallback-run-1/latency/veh-01/request bytes=1389 forwarded=1
1783088881.887202 publish topic=ipi/failure-fallback-run-1/latency/veh-01/ack bytes=237 forwarded=1
1783088882.137118 publish topic=ipi/failure-fallback-run-1/latency/veh-01/request bytes=1389 forwarded=1
1783088882.137753 publish topic=ipi/failure-fallback-run-1/latency/veh-01/ack bytes=237 forwarded=1
1783088882.377268 publish topic=ipi/failure-fallback-run-1/latency/veh-01/request bytes=1389 forwarded=1
1783088882.377906 publish topic=ipi/failure-fallback-run-1/latency/veh-01/ack bytes=237 forwarded=1
1783088882.617950 publish topic=ipi/failure-fallback-run-1/latency/veh-01/request bytes=1389 forwarded=1
1783088882.618597 publish topic=ipi/failure-fallback-run-1/latency/veh-01/ack bytes=237 forwarded=1
1783088882.858364 publish topic=ipi/failure-fallback-run-1/latency/veh-01/request bytes=1389 forwarded=1
1783088882.859018 publish topic=ipi/failure-fallback-run-1/latency/veh-01/ack bytes=237 forwarded=1
1783088883.078905 publish topic=ipi/failure-fallback-run-1/latency/veh-01/request bytes=1389 forwarded=1
1783088883.079544 publish topic=ipi/failure-fallback-run-1/latency/veh-01/ack bytes=237 forwarded=1
1783088883.299325 publish topic=ipi/failure-fallback-run-1/latency/veh-01/request bytes=1389 forwarded=1
1783088883.299927 publish topic=ipi/failure-fallback-run-1/latency/veh-01/ack bytes=237 forwarded=1
1783088883.529706 publish topic=ipi/failure-fallback-run-1/latency/veh-01/request bytes=1389 forwarded=1
1783088883.530370 publish topic=ipi/failure-fallback-run-1/latency/veh-01/ack bytes=237 forwarded=1
1783088883.760171 publish topic=ipi/failure-fallback-run-1/latency/veh-01/request bytes=1389 forwarded=1
1783088883.760850 publish topic=ipi/failure-fallback-run-1/latency/veh-01/ack bytes=237 forwarded=1
1783088883.990757 publish topic=ipi/failure-fallback-run-1/latency/veh-01/request bytes=1389 forwarded=1
1783088883.991391 publish topic=ipi/failure-fallback-run-1/latency/veh-01/ack bytes=237 forwarded=1
1783088884.221109 publish topic=ipi/failure-fallback-run-1/latency/veh-01/request bytes=1389 forwarded=1
1783088884.221750 publish topic=ipi/failure-fallback-run-1/latency/veh-01/ack bytes=237 forwarded=1
1783088884.451733 publish topic=ipi/failure-fallback-run-1/latency/veh-01/request bytes=1389 forwarded=1
1783088884.452363 publish topic=ipi/failure-fallback-run-1/latency/veh-01/ack bytes=237 forwarded=1
1783088884.692229 publish topic=ipi/failure-fallback-run-1/latency/veh-01/request bytes=1389 forwarded=1
1783088884.692871 publish topic=ipi/failure-fallback-run-1/latency/veh-01/ack bytes=237 forwarded=1
1783088884.922768 publish topic=ipi/failure-fallback-run-1/latency/veh-01/request bytes=1389 forwarded=1
1783088884.923401 publish topic=ipi/failure-fallback-run-1/latency/veh-01/ack bytes=237 forwarded=1
1783088885.143149 publish topic=ipi/failure-fallback-run-1/latency/veh-01/request bytes=1389 forwarded=1
1783088885.143797 publish topic=ipi/failure-fallback-run-1/latency/veh-01/ack bytes=237 forwarded=1
1783088885.423341 publish topic=ipi/failure-fallback-run-1/latency/veh-01/request bytes=1389 forwarded=1
1783088885.423979 publish topic=ipi/failure-fallback-run-1/latency/veh-01/ack bytes=237 forwarded=1
1783088885.653748 publish topic=ipi/failure-fallback-run-1/latency/veh-01/request bytes=1389 forwarded=1
1783088885.654452 publish topic=ipi/failure-fallback-run-1/latency/veh-01/ack bytes=237 forwarded=1
1783088885.884102 publish topic=ipi/failure-fallback-run-1/latency/veh-01/request bytes=1389 forwarded=1
1783088885.884790 publish topic=ipi/failure-fallback-run-1/latency/veh-01/ack bytes=237 forwarded=1
1783088886.124421 publish topic=ipi/failure-fallback-run-1/latency/veh-01/request bytes=1389 forwarded=1
1783088886.125085 publish topic=ipi/failure-fallback-run-1/latency/veh-01/ack bytes=237 forwarded=1
1783088886.364594 publish topic=ipi/failure-fallback-run-1/latency/veh-01/request bytes=1389 forwarded=1
1783088886.365241 publish topic=ipi/failure-fallback-run-1/latency/veh-01/ack bytes=237 forwarded=1
1783088886.605050 publish topic=ipi/failure-fallback-run-1/latency/veh-01/request bytes=1389 forwarded=1
1783088886.605695 publish topic=ipi/failure-fallback-run-1/latency/veh-01/ack bytes=237 forwarded=1
1783088886.835098 publish topic=ipi/failure-fallback-run-1/latency/veh-01/request bytes=1389 forwarded=1
1783088886.835727 publish topic=ipi/failure-fallback-run-1/latency/veh-01/ack bytes=237 forwarded=1
1783088887.065825 publish topic=ipi/failure-fallback-run-1/latency/veh-01/request bytes=1389 forwarded=1
1783088887.066466 publish topic=ipi/failure-fallback-run-1/latency/veh-01/ack bytes=237 forwarded=1
1783088887.296201 publish topic=ipi/failure-fallback-run-1/latency/veh-01/request bytes=1389 forwarded=1
1783088887.296916 publish topic=ipi/failure-fallback-run-1/latency/veh-01/ack bytes=237 forwarded=1
1783088887.536488 publish topic=ipi/failure-fallback-run-1/latency/veh-01/request bytes=1389 forwarded=1
1783088887.537138 publish topic=ipi/failure-fallback-run-1/latency/veh-01/ack bytes=237 forwarded=1
1783088887.776931 publish topic=ipi/failure-fallback-run-1/latency/veh-01/request bytes=1389 forwarded=1
1783088887.777625 publish topic=ipi/failure-fallback-run-1/latency/veh-01/ack bytes=237 forwarded=1
1783088888.007366 publish topic=ipi/failure-fallback-run-1/latency/veh-01/request bytes=1389 forwarded=1
1783088888.008013 publish topic=ipi/failure-fallback-run-1/latency/veh-01/ack bytes=237 forwarded=1
1783088888.247447 publish topic=ipi/failure-fallback-run-1/latency/veh-01/request bytes=1389 forwarded=1
1783088888.248093 publish topic=ipi/failure-fallback-run-1/latency/veh-01/ack bytes=237 forwarded=1
1783088888.477892 publish topic=ipi/failure-fallback-run-1/latency/veh-01/request bytes=1389 forwarded=1
1783088888.478518 publish topic=ipi/failure-fallback-run-1/latency/veh-01/ack bytes=237 forwarded=1
1783088888.718099 publish topic=ipi/failure-fallback-run-1/latency/veh-01/request bytes=1389 forwarded=1
1783088888.718726 publish topic=ipi/failure-fallback-run-1/latency/veh-01/ack bytes=237 forwarded=1
1783088888.938482 publish topic=ipi/failure-fallback-run-1/latency/veh-01/request bytes=1389 forwarded=1
1783088888.939118 publish topic=ipi/failure-fallback-run-1/latency/veh-01/ack bytes=237 forwarded=1
1783088889.168552 publish topic=ipi/failure-fallback-run-1/latency/veh-01/request bytes=1389 forwarded=1
1783088889.169197 publish topic=ipi/failure-fallback-run-1/latency/veh-01/ack bytes=237 forwarded=1
1783088889.398978 publish topic=ipi/failure-fallback-run-1/latency/veh-01/request bytes=1389 forwarded=1
1783088889.399610 publish topic=ipi/failure-fallback-run-1/latency/veh-01/ack bytes=237 forwarded=1
1783088889.849497 publish topic=ipi/failure-fallback-run-1/latency/veh-01/request bytes=1389 forwarded=1
1783088889.850137 publish topic=ipi/failure-fallback-run-1/latency/veh-01/ack bytes=237 forwarded=1
1783088890.079863 publish topic=ipi/failure-fallback-run-1/latency/veh-01/request bytes=1389 forwarded=1
1783088890.080494 publish topic=ipi/failure-fallback-run-1/latency/veh-01/ack bytes=237 forwarded=1
1783088890.310191 publish topic=ipi/failure-fallback-run-1/latency/veh-01/request bytes=1389 forwarded=1
1783088890.310830 publish topic=ipi/failure-fallback-run-1/latency/veh-01/ack bytes=237 forwarded=1
1783088890.540344 publish topic=ipi/failure-fallback-run-1/latency/veh-01/request bytes=1389 forwarded=1
1783088890.541017 publish topic=ipi/failure-fallback-run-1/latency/veh-01/ack bytes=237 forwarded=1
1783088890.770723 publish topic=ipi/failure-fallback-run-1/latency/veh-01/request bytes=1389 forwarded=1
1783088890.771356 publish topic=ipi/failure-fallback-run-1/latency/veh-01/ack bytes=237 forwarded=1
1783088891.001079 publish topic=ipi/failure-fallback-run-1/latency/veh-01/request bytes=1389 forwarded=1
1783088891.001709 publish topic=ipi/failure-fallback-run-1/latency/veh-01/ack bytes=237 forwarded=1
1783088891.231277 publish topic=ipi/failure-fallback-run-1/latency/veh-01/request bytes=1389 forwarded=1
1783088891.231918 publish topic=ipi/failure-fallback-run-1/latency/veh-01/ack bytes=237 forwarded=1
1783088891.461457 publish topic=ipi/failure-fallback-run-1/latency/veh-01/request bytes=1389 forwarded=1
1783088891.462094 publish topic=ipi/failure-fallback-run-1/latency/veh-01/ack bytes=237 forwarded=1
1783088891.691799 publish topic=ipi/failure-fallback-run-1/latency/veh-01/request bytes=1389 forwarded=1
1783088891.692433 publish topic=ipi/failure-fallback-run-1/latency/veh-01/ack bytes=237 forwarded=1
1783088891.922166 publish topic=ipi/failure-fallback-run-1/latency/veh-01/request bytes=1389 forwarded=1
1783088891.922806 publish topic=ipi/failure-fallback-run-1/latency/veh-01/ack bytes=237 forwarded=1
1783088892.152308 publish topic=ipi/failure-fallback-run-1/latency/veh-01/request bytes=1389 forwarded=1
1783088892.152963 publish topic=ipi/failure-fallback-run-1/latency/veh-01/ack bytes=237 forwarded=1
1783088892.382719 publish topic=ipi/failure-fallback-run-1/latency/veh-01/request bytes=1389 forwarded=1
1783088892.383365 publish topic=ipi/failure-fallback-run-1/latency/veh-01/ack bytes=237 forwarded=1
1783088892.613039 publish topic=ipi/failure-fallback-run-1/latency/veh-01/request bytes=1389 forwarded=1
1783088892.613675 publish topic=ipi/failure-fallback-run-1/latency/veh-01/ack bytes=237 forwarded=1
1783088892.853203 publish topic=ipi/failure-fallback-run-1/latency/veh-01/request bytes=1389 forwarded=1
1783088892.853843 publish topic=ipi/failure-fallback-run-1/latency/veh-01/ack bytes=237 forwarded=1
1783088893.083285 publish topic=ipi/failure-fallback-run-1/latency/veh-01/request bytes=1389 forwarded=1
1783088893.083889 publish topic=ipi/failure-fallback-run-1/latency/veh-01/ack bytes=237 forwarded=1
1783088893.303920 publish topic=ipi/failure-fallback-run-1/latency/veh-01/request bytes=1389 forwarded=1
1783088893.304562 publish topic=ipi/failure-fallback-run-1/latency/veh-01/ack bytes=237 forwarded=1
1783088893.544406 publish topic=ipi/failure-fallback-run-1/latency/veh-01/request bytes=1389 forwarded=1
1783088893.545074 publish topic=ipi/failure-fallback-run-1/latency/veh-01/ack bytes=237 forwarded=1
1783088893.784629 publish topic=ipi/failure-fallback-run-1/latency/veh-01/request bytes=1389 forwarded=1
1783088893.785275 publish topic=ipi/failure-fallback-run-1/latency/veh-01/ack bytes=237 forwarded=1
1783088894.015176 publish topic=ipi/failure-fallback-run-1/latency/veh-01/request bytes=1389 forwarded=1
1783088894.015822 publish topic=ipi/failure-fallback-run-1/latency/veh-01/ack bytes=237 forwarded=1
1783088894.265418 publish topic=ipi/failure-fallback-run-1/latency/veh-01/request bytes=1389 forwarded=1
1783088894.266076 publish topic=ipi/failure-fallback-run-1/latency/veh-01/ack bytes=237 forwarded=1
1783088894.505786 publish topic=ipi/failure-fallback-run-1/latency/veh-01/request bytes=1389 forwarded=1
1783088894.506429 publish topic=ipi/failure-fallback-run-1/latency/veh-01/ack bytes=237 forwarded=1
1783088894.746201 publish topic=ipi/failure-fallback-run-1/latency/veh-01/request bytes=1389 forwarded=1
1783088894.746841 publish topic=ipi/failure-fallback-run-1/latency/veh-01/ack bytes=237 forwarded=1
1783088894.966593 publish topic=ipi/failure-fallback-run-1/latency/veh-01/request bytes=1389 forwarded=1
1783088894.967245 publish topic=ipi/failure-fallback-run-1/latency/veh-01/ack bytes=237 forwarded=1
1783088895.196839 publish topic=ipi/failure-fallback-run-1/latency/veh-01/request bytes=1389 forwarded=1
1783088895.197466 publish topic=ipi/failure-fallback-run-1/latency/veh-01/ack bytes=237 forwarded=1
1783088895.437021 publish topic=ipi/failure-fallback-run-1/latency/veh-01/request bytes=1389 forwarded=1
1783088895.437666 publish topic=ipi/failure-fallback-run-1/latency/veh-01/ack bytes=237 forwarded=1
1783088895.667264 publish topic=ipi/failure-fallback-run-1/latency/veh-01/request bytes=1389 forwarded=1
1783088895.667885 publish topic=ipi/failure-fallback-run-1/latency/veh-01/ack bytes=237 forwarded=1
1783088895.887701 publish topic=ipi/failure-fallback-run-1/latency/veh-01/request bytes=1389 forwarded=1
1783088895.888341 publish topic=ipi/failure-fallback-run-1/latency/veh-01/ack bytes=237 forwarded=1
1783088896.118041 publish topic=ipi/failure-fallback-run-1/latency/veh-01/request bytes=1389 forwarded=1
1783088896.118678 publish topic=ipi/failure-fallback-run-1/latency/veh-01/ack bytes=237 forwarded=1
1783088896.338430 publish topic=ipi/failure-fallback-run-1/latency/veh-01/request bytes=1389 forwarded=1
1783088896.339080 publish topic=ipi/failure-fallback-run-1/latency/veh-01/ack bytes=237 forwarded=1
1783088896.568882 publish topic=ipi/failure-fallback-run-1/latency/veh-01/request bytes=1389 forwarded=1
1783088896.569524 publish topic=ipi/failure-fallback-run-1/latency/veh-01/ack bytes=237 forwarded=1
1783088896.789106 publish topic=ipi/failure-fallback-run-1/latency/veh-01/request bytes=1389 forwarded=1
1783088896.789744 publish topic=ipi/failure-fallback-run-1/latency/veh-01/ack bytes=237 forwarded=1
1783088897.019551 publish topic=ipi/failure-fallback-run-1/latency/veh-01/request bytes=1389 forwarded=1
1783088897.020191 publish topic=ipi/failure-fallback-run-1/latency/veh-01/ack bytes=237 forwarded=1
1783088897.249742 publish topic=ipi/failure-fallback-run-1/latency/veh-01/request bytes=1389 forwarded=1
1783088897.250385 publish topic=ipi/failure-fallback-run-1/latency/veh-01/ack bytes=237 forwarded=1
1783088897.490130 publish topic=ipi/failure-fallback-run-1/latency/veh-01/request bytes=1389 forwarded=1
1783088897.490773 publish topic=ipi/failure-fallback-run-1/latency/veh-01/ack bytes=237 forwarded=1
1783088897.720243 publish topic=ipi/failure-fallback-run-1/latency/veh-01/request bytes=1389 forwarded=1
1783088897.720889 publish topic=ipi/failure-fallback-run-1/latency/veh-01/ack bytes=237 forwarded=1
1783088897.950683 publish topic=ipi/failure-fallback-run-1/latency/veh-01/request bytes=1389 forwarded=1
1783088897.951328 publish topic=ipi/failure-fallback-run-1/latency/veh-01/ack bytes=237 forwarded=1
1783088898.180995 publish topic=ipi/failure-fallback-run-1/latency/veh-01/request bytes=1389 forwarded=1
1783088898.181637 publish topic=ipi/failure-fallback-run-1/latency/veh-01/ack bytes=237 forwarded=1
1783088898.411368 publish topic=ipi/failure-fallback-run-1/latency/veh-01/request bytes=1389 forwarded=1
1783088898.412005 publish topic=ipi/failure-fallback-run-1/latency/veh-01/ack bytes=237 forwarded=1
1783088898.641605 publish topic=ipi/failure-fallback-run-1/latency/veh-01/request bytes=1389 forwarded=1
1783088898.642241 publish topic=ipi/failure-fallback-run-1/latency/veh-01/ack bytes=237 forwarded=1
1783088898.871865 publish topic=ipi/failure-fallback-run-1/latency/veh-01/request bytes=1389 forwarded=1
1783088898.872488 publish topic=ipi/failure-fallback-run-1/latency/veh-01/ack bytes=237 forwarded=1
1783088899.102369 publish topic=ipi/failure-fallback-run-1/latency/veh-01/request bytes=1389 forwarded=1
1783088899.102989 publish topic=ipi/failure-fallback-run-1/latency/veh-01/ack bytes=237 forwarded=1
1783088899.322497 publish topic=ipi/failure-fallback-run-1/latency/veh-01/request bytes=1389 forwarded=1
1783088899.323140 publish topic=ipi/failure-fallback-run-1/latency/veh-01/ack bytes=237 forwarded=1
1783088899.562866 publish topic=ipi/failure-fallback-run-1/latency/veh-01/request bytes=1389 forwarded=1
1783088899.563505 publish topic=ipi/failure-fallback-run-1/latency/veh-01/ack bytes=237 forwarded=1
1783088900.023348 publish topic=ipi/failure-fallback-run-1/latency/veh-01/request bytes=1389 forwarded=1
1783088900.024002 publish topic=ipi/failure-fallback-run-1/latency/veh-01/ack bytes=237 forwarded=1
1783088900.253768 publish topic=ipi/failure-fallback-run-1/latency/veh-01/request bytes=1389 forwarded=1
1783088900.254401 publish topic=ipi/failure-fallback-run-1/latency/veh-01/ack bytes=237 forwarded=1
1783088900.484035 publish topic=ipi/failure-fallback-run-1/latency/veh-01/request bytes=1389 forwarded=1
1783088900.484704 publish topic=ipi/failure-fallback-run-1/latency/veh-01/ack bytes=237 forwarded=1
1783088900.714212 publish topic=ipi/failure-fallback-run-1/latency/veh-01/request bytes=1389 forwarded=1
1783088900.714842 publish topic=ipi/failure-fallback-run-1/latency/veh-01/ack bytes=237 forwarded=1
1783088900.934530 publish topic=ipi/failure-fallback-run-1/latency/veh-01/request bytes=1389 forwarded=1
1783088900.935180 publish topic=ipi/failure-fallback-run-1/latency/veh-01/ack bytes=237 forwarded=1
1783088901.164880 publish topic=ipi/failure-fallback-run-1/latency/veh-01/request bytes=1389 forwarded=1
1783088901.165514 publish topic=ipi/failure-fallback-run-1/latency/veh-01/ack bytes=237 forwarded=1
1783088901.405181 publish topic=ipi/failure-fallback-run-1/latency/veh-01/request bytes=1389 forwarded=1
1783088901.405830 publish topic=ipi/failure-fallback-run-1/latency/veh-01/ack bytes=237 forwarded=1
1783088901.635679 publish topic=ipi/failure-fallback-run-1/latency/veh-01/request bytes=1389 forwarded=1
1783088901.636319 publish topic=ipi/failure-fallback-run-1/latency/veh-01/ack bytes=237 forwarded=1
1783088901.875765 publish topic=ipi/failure-fallback-run-1/latency/veh-01/request bytes=1389 forwarded=1
1783088901.876399 publish topic=ipi/failure-fallback-run-1/latency/veh-01/ack bytes=237 forwarded=1
1783088902.096307 publish topic=ipi/failure-fallback-run-1/latency/veh-01/request bytes=1389 forwarded=1
1783088902.096972 publish topic=ipi/failure-fallback-run-1/latency/veh-01/ack bytes=237 forwarded=1
1783088902.326676 publish topic=ipi/failure-fallback-run-1/latency/veh-01/request bytes=1389 forwarded=1
1783088902.327322 publish topic=ipi/failure-fallback-run-1/latency/veh-01/ack bytes=237 forwarded=1
1783088902.557047 publish topic=ipi/failure-fallback-run-1/latency/veh-01/request bytes=1389 forwarded=1
1783088902.557688 publish topic=ipi/failure-fallback-run-1/latency/veh-01/ack bytes=237 forwarded=1
1783088902.787310 publish topic=ipi/failure-fallback-run-1/latency/veh-01/request bytes=1389 forwarded=1
1783088902.787923 publish topic=ipi/failure-fallback-run-1/latency/veh-01/ack bytes=237 forwarded=1
1783088903.027719 publish topic=ipi/failure-fallback-run-1/latency/veh-01/request bytes=1389 forwarded=1
1783088903.028356 publish topic=ipi/failure-fallback-run-1/latency/veh-01/ack bytes=237 forwarded=1
1783088903.248197 publish topic=ipi/failure-fallback-run-1/latency/veh-01/request bytes=1389 forwarded=1
1783088903.248834 publish topic=ipi/failure-fallback-run-1/latency/veh-01/ack bytes=237 forwarded=1
1783088903.468041 publish topic=ipi/failure-fallback-run-1/latency/veh-01/request bytes=1389 forwarded=1
1783088903.468253 publish topic=ipi/failure-fallback-run-1/latency/veh-01/ack bytes=237 forwarded=1
1783088903.688452 publish topic=ipi/failure-fallback-run-1/latency/veh-01/request bytes=1389 forwarded=1
1783088903.688802 publish topic=ipi/failure-fallback-run-1/latency/veh-01/ack bytes=237 forwarded=1
1783088903.919186 publish topic=ipi/failure-fallback-run-1/latency/veh-01/request bytes=1389 forwarded=1
1783088903.919817 publish topic=ipi/failure-fallback-run-1/latency/veh-01/ack bytes=237 forwarded=1
1783088904.139462 publish topic=ipi/failure-fallback-run-1/latency/veh-01/request bytes=1389 forwarded=1
1783088904.140119 publish topic=ipi/failure-fallback-run-1/latency/veh-01/ack bytes=237 forwarded=1
1783088904.359648 publish topic=ipi/failure-fallback-run-1/latency/veh-01/request bytes=1389 forwarded=1
1783088904.360260 publish topic=ipi/failure-fallback-run-1/latency/veh-01/ack bytes=237 forwarded=1
1783088904.590177 publish topic=ipi/failure-fallback-run-1/latency/veh-01/request bytes=1389 forwarded=1
1783088904.590798 publish topic=ipi/failure-fallback-run-1/latency/veh-01/ack bytes=237 forwarded=1
1783088904.820295 publish topic=ipi/failure-fallback-run-1/latency/veh-01/request bytes=1389 forwarded=1
1783088904.820952 publish topic=ipi/failure-fallback-run-1/latency/veh-01/ack bytes=237 forwarded=1
1783088905.050769 publish topic=ipi/failure-fallback-run-1/latency/veh-01/request bytes=1389 forwarded=1
1783088905.051412 publish topic=ipi/failure-fallback-run-1/latency/veh-01/ack bytes=237 forwarded=1
1783088905.291153 publish topic=ipi/failure-fallback-run-1/latency/veh-01/request bytes=1389 forwarded=1
1783088905.291775 publish topic=ipi/failure-fallback-run-1/latency/veh-01/ack bytes=237 forwarded=1
1783088905.521163 publish topic=ipi/failure-fallback-run-1/latency/veh-01/request bytes=1389 forwarded=1
1783088905.521790 publish topic=ipi/failure-fallback-run-1/latency/veh-01/ack bytes=237 forwarded=1
1783088905.751765 publish topic=ipi/failure-fallback-run-1/latency/veh-01/request bytes=1389 forwarded=1
1783088905.752422 publish topic=ipi/failure-fallback-run-1/latency/veh-01/ack bytes=237 forwarded=1
1783088905.982204 publish topic=ipi/failure-fallback-run-1/latency/veh-01/request bytes=1389 forwarded=1
1783088905.982848 publish topic=ipi/failure-fallback-run-1/latency/veh-01/ack bytes=237 forwarded=1
1783088906.222458 publish topic=ipi/failure-fallback-run-1/latency/veh-01/request bytes=1389 forwarded=1
1783088906.223193 publish topic=ipi/failure-fallback-run-1/latency/veh-01/ack bytes=237 forwarded=1
1783088906.472757 publish topic=ipi/failure-fallback-run-1/latency/veh-01/request bytes=1389 forwarded=1
1783088906.473376 publish topic=ipi/failure-fallback-run-1/latency/veh-01/ack bytes=237 forwarded=1
1783088906.692902 publish topic=ipi/failure-fallback-run-1/latency/veh-01/request bytes=1389 forwarded=1
1783088906.693595 publish topic=ipi/failure-fallback-run-1/latency/veh-01/ack bytes=237 forwarded=1
1783088906.923306 publish topic=ipi/failure-fallback-run-1/latency/veh-01/request bytes=1389 forwarded=1
1783088906.923931 publish topic=ipi/failure-fallback-run-1/latency/veh-01/ack bytes=237 forwarded=1
1783088907.153607 publish topic=ipi/failure-fallback-run-1/latency/veh-01/request bytes=1389 forwarded=1
1783088907.154285 publish topic=ipi/failure-fallback-run-1/latency/veh-01/ack bytes=237 forwarded=1
1783088907.373958 publish topic=ipi/failure-fallback-run-1/latency/veh-01/request bytes=1389 forwarded=1
1783088907.374645 publish topic=ipi/failure-fallback-run-1/latency/veh-01/ack bytes=237 forwarded=1
1783088907.604481 publish topic=ipi/failure-fallback-run-1/latency/veh-01/request bytes=1389 forwarded=1
1783088907.605164 publish topic=ipi/failure-fallback-run-1/latency/veh-01/ack bytes=237 forwarded=1
1783088907.834522 publish topic=ipi/failure-fallback-run-1/latency/veh-01/request bytes=1389 forwarded=1
1783088907.835200 publish topic=ipi/failure-fallback-run-1/latency/veh-01/ack bytes=237 forwarded=1
1783088908.065089 publish topic=ipi/failure-fallback-run-1/latency/veh-01/request bytes=1389 forwarded=1
1783088908.065737 publish topic=ipi/failure-fallback-run-1/latency/veh-01/ack bytes=237 forwarded=1
1783088908.295088 publish topic=ipi/failure-fallback-run-1/latency/veh-01/request bytes=1389 forwarded=1
1783088908.295754 publish topic=ipi/failure-fallback-run-1/latency/veh-01/ack bytes=237 forwarded=1
1783088908.515602 publish topic=ipi/failure-fallback-run-1/latency/veh-01/request bytes=1389 forwarded=1
1783088908.516247 publish topic=ipi/failure-fallback-run-1/latency/veh-01/ack bytes=237 forwarded=1
1783088908.745993 publish topic=ipi/failure-fallback-run-1/latency/veh-01/request bytes=1389 forwarded=1
1783088908.746630 publish topic=ipi/failure-fallback-run-1/latency/veh-01/ack bytes=237 forwarded=1
1783088908.976390 publish topic=ipi/failure-fallback-run-1/latency/veh-01/request bytes=1389 forwarded=1
1783088908.977058 publish topic=ipi/failure-fallback-run-1/latency/veh-01/ack bytes=237 forwarded=1
1783088909.226707 publish topic=ipi/failure-fallback-run-1/latency/veh-01/request bytes=1389 forwarded=1
1783088909.227347 publish topic=ipi/failure-fallback-run-1/latency/veh-01/ack bytes=237 forwarded=1
1783088909.467180 publish topic=ipi/failure-fallback-run-1/latency/veh-01/request bytes=1389 forwarded=1
1783088909.467817 publish topic=ipi/failure-fallback-run-1/latency/veh-01/ack bytes=237 forwarded=1
1783088909.707628 publish topic=ipi/failure-fallback-run-1/latency/veh-01/request bytes=1389 forwarded=1
1783088909.708260 publish topic=ipi/failure-fallback-run-1/latency/veh-01/ack bytes=237 forwarded=1
1783088909.937925 publish topic=ipi/failure-fallback-run-1/latency/veh-01/request bytes=1389 forwarded=1
1783088909.938571 publish topic=ipi/failure-fallback-run-1/latency/veh-01/ack bytes=237 forwarded=1
1783088910.158156 publish topic=ipi/failure-fallback-run-1/latency/veh-01/request bytes=1389 forwarded=1
1783088910.158763 publish topic=ipi/failure-fallback-run-1/latency/veh-01/ack bytes=237 forwarded=1
1783088910.378415 publish topic=ipi/failure-fallback-run-1/latency/veh-01/request bytes=1389 forwarded=1
1783088910.379048 publish topic=ipi/failure-fallback-run-1/latency/veh-01/ack bytes=237 forwarded=1
1783088910.598886 publish topic=ipi/failure-fallback-run-1/latency/veh-01/request bytes=1389 forwarded=1
1783088910.599519 publish topic=ipi/failure-fallback-run-1/latency/veh-01/ack bytes=237 forwarded=1
1783088910.828840 publish topic=ipi/failure-fallback-run-1/latency/veh-01/request bytes=1389 forwarded=1
1783088910.829468 publish topic=ipi/failure-fallback-run-1/latency/veh-01/ack bytes=237 forwarded=1
1783088911.049091 publish topic=ipi/failure-fallback-run-1/latency/veh-01/request bytes=1391 forwarded=1
1783088911.049738 publish topic=ipi/failure-fallback-run-1/latency/veh-01/ack bytes=238 forwarded=1
1783088911.099047 close ('10.120.121.37', 48960) disconnect
1783088916.744587 close ('127.0.0.1', 37240) closed
