threaded mqtt broker listening on 0.0.0.0:1883
1782918499.920994 accept ('10.120.121.35', 36778)
1782918499.922360 close ('10.120.121.35', 36778) closed
1782918500.503088 accept ('127.0.0.1', 50130)
1782918500.504423 subscribe ('127.0.0.1', 50130) ipi/load-qos-run-1/latency/av-1/request
1782918502.554504 accept ('10.120.121.35', 43746)
1782918502.584471 subscribe ('10.120.121.35', 43746) ipi/load-qos-run-1/latency/av-1/ack
1782918502.614620 publish topic=ipi/load-qos-run-1/latency/av-1/request bytes=1345 forwarded=1
1782918502.615322 publish topic=ipi/load-qos-run-1/latency/av-1/ack bytes=231 forwarded=1
1782918502.844787 publish topic=ipi/load-qos-run-1/latency/av-1/request bytes=1345 forwarded=1
1782918502.845435 publish topic=ipi/load-qos-run-1/latency/av-1/ack bytes=231 forwarded=1
1782918503.075207 publish topic=ipi/load-qos-run-1/latency/av-1/request bytes=1345 forwarded=1
1782918503.075854 publish topic=ipi/load-qos-run-1/latency/av-1/ack bytes=231 forwarded=1
1782918503.315497 publish topic=ipi/load-qos-run-1/latency/av-1/request bytes=1345 forwarded=1
1782918503.316138 publish topic=ipi/load-qos-run-1/latency/av-1/ack bytes=231 forwarded=1
1782918503.535720 publish topic=ipi/load-qos-run-1/latency/av-1/request bytes=1345 forwarded=1
1782918503.536361 publish topic=ipi/load-qos-run-1/latency/av-1/ack bytes=231 forwarded=1
1782918503.776054 publish topic=ipi/load-qos-run-1/latency/av-1/request bytes=1345 forwarded=1
1782918503.776723 publish topic=ipi/load-qos-run-1/latency/av-1/ack bytes=231 forwarded=1
1782918504.006400 publish topic=ipi/load-qos-run-1/latency/av-1/request bytes=1345 forwarded=1
1782918504.007036 publish topic=ipi/load-qos-run-1/latency/av-1/ack bytes=231 forwarded=1
1782918504.236842 publish topic=ipi/load-qos-run-1/latency/av-1/request bytes=1345 forwarded=1
1782918504.237492 publish topic=ipi/load-qos-run-1/latency/av-1/ack bytes=231 forwarded=1
1782918504.477101 publish topic=ipi/load-qos-run-1/latency/av-1/request bytes=1345 forwarded=1
1782918504.477745 publish topic=ipi/load-qos-run-1/latency/av-1/ack bytes=231 forwarded=1
1782918504.707850 publish topic=ipi/load-qos-run-1/latency/av-1/request bytes=1347 forwarded=1
1782918504.708494 publish topic=ipi/load-qos-run-1/latency/av-1/ack bytes=232 forwarded=1
1782918504.948202 publish topic=ipi/load-qos-run-1/latency/av-1/request bytes=1347 forwarded=1
1782918504.948832 publish topic=ipi/load-qos-run-1/latency/av-1/ack bytes=232 forwarded=1
1782918505.178543 publish topic=ipi/load-qos-run-1/latency/av-1/request bytes=1347 forwarded=1
1782918505.179192 publish topic=ipi/load-qos-run-1/latency/av-1/ack bytes=232 forwarded=1
1782918505.418795 publish topic=ipi/load-qos-run-1/latency/av-1/request bytes=1347 forwarded=1
1782918505.419543 publish topic=ipi/load-qos-run-1/latency/av-1/ack bytes=232 forwarded=1
1782918505.639114 publish topic=ipi/load-qos-run-1/latency/av-1/request bytes=1347 forwarded=1
1782918505.639763 publish topic=ipi/load-qos-run-1/latency/av-1/ack bytes=232 forwarded=1
1782918505.879449 publish topic=ipi/load-qos-run-1/latency/av-1/request bytes=1347 forwarded=1
1782918505.880105 publish topic=ipi/load-qos-run-1/latency/av-1/ack bytes=232 forwarded=1
1782918506.109824 publish topic=ipi/load-qos-run-1/latency/av-1/request bytes=1347 forwarded=1
1782918506.110455 publish topic=ipi/load-qos-run-1/latency/av-1/ack bytes=232 forwarded=1
1782918506.340064 publish topic=ipi/load-qos-run-1/latency/av-1/request bytes=1347 forwarded=1
1782918506.340729 publish topic=ipi/load-qos-run-1/latency/av-1/ack bytes=232 forwarded=1
1782918506.570365 publish topic=ipi/load-qos-run-1/latency/av-1/request bytes=1347 forwarded=1
1782918506.571002 publish topic=ipi/load-qos-run-1/latency/av-1/ack bytes=232 forwarded=1
1782918506.800606 publish topic=ipi/load-qos-run-1/latency/av-1/request bytes=1347 forwarded=1
1782918506.801274 publish topic=ipi/load-qos-run-1/latency/av-1/ack bytes=232 forwarded=1
1782918507.030810 publish topic=ipi/load-qos-run-1/latency/av-1/request bytes=1347 forwarded=1
1782918507.031437 publish topic=ipi/load-qos-run-1/latency/av-1/ack bytes=232 forwarded=1
1782918507.261136 publish topic=ipi/load-qos-run-1/latency/av-1/request bytes=1347 forwarded=1
1782918507.261774 publish topic=ipi/load-qos-run-1/latency/av-1/ack bytes=232 forwarded=1
1782918507.501432 publish topic=ipi/load-qos-run-1/latency/av-1/request bytes=1347 forwarded=1
1782918507.502065 publish topic=ipi/load-qos-run-1/latency/av-1/ack bytes=232 forwarded=1
1782918507.721587 publish topic=ipi/load-qos-run-1/latency/av-1/request bytes=1347 forwarded=1
1782918507.722229 publish topic=ipi/load-qos-run-1/latency/av-1/ack bytes=232 forwarded=1
1782918507.952105 publish topic=ipi/load-qos-run-1/latency/av-1/request bytes=1347 forwarded=1
1782918507.952796 publish topic=ipi/load-qos-run-1/latency/av-1/ack bytes=232 forwarded=1
1782918508.182438 publish topic=ipi/load-qos-run-1/latency/av-1/request bytes=1347 forwarded=1
1782918508.183079 publish topic=ipi/load-qos-run-1/latency/av-1/ack bytes=232 forwarded=1
1782918508.412642 publish topic=ipi/load-qos-run-1/latency/av-1/request bytes=1347 forwarded=1
1782918508.413312 publish topic=ipi/load-qos-run-1/latency/av-1/ack bytes=232 forwarded=1
1782918508.643050 publish topic=ipi/load-qos-run-1/latency/av-1/request bytes=1347 forwarded=1
1782918508.643688 publish topic=ipi/load-qos-run-1/latency/av-1/ack bytes=232 forwarded=1
1782918508.873226 publish topic=ipi/load-qos-run-1/latency/av-1/request bytes=1347 forwarded=1
1782918508.873861 publish topic=ipi/load-qos-run-1/latency/av-1/ack bytes=232 forwarded=1
1782918509.113493 publish topic=ipi/load-qos-run-1/latency/av-1/request bytes=1347 forwarded=1
1782918509.114134 publish topic=ipi/load-qos-run-1/latency/av-1/ack bytes=232 forwarded=1
1782918509.343805 publish topic=ipi/load-qos-run-1/latency/av-1/request bytes=1347 forwarded=1
1782918509.344522 publish topic=ipi/load-qos-run-1/latency/av-1/ack bytes=232 forwarded=1
1782918509.574310 publish topic=ipi/load-qos-run-1/latency/av-1/request bytes=1347 forwarded=1
1782918509.574985 publish topic=ipi/load-qos-run-1/latency/av-1/ack bytes=232 forwarded=1
1782918509.804615 publish topic=ipi/load-qos-run-1/latency/av-1/request bytes=1347 forwarded=1
1782918509.805337 publish topic=ipi/load-qos-run-1/latency/av-1/ack bytes=232 forwarded=1
1782918510.035052 publish topic=ipi/load-qos-run-1/latency/av-1/request bytes=1347 forwarded=1
1782918510.035730 publish topic=ipi/load-qos-run-1/latency/av-1/ack bytes=232 forwarded=1
1782918510.255338 publish topic=ipi/load-qos-run-1/latency/av-1/request bytes=1347 forwarded=1
1782918510.256026 publish topic=ipi/load-qos-run-1/latency/av-1/ack bytes=232 forwarded=1
1782918510.485483 publish topic=ipi/load-qos-run-1/latency/av-1/request bytes=1347 forwarded=1
1782918510.486100 publish topic=ipi/load-qos-run-1/latency/av-1/ack bytes=232 forwarded=1
1782918510.715913 publish topic=ipi/load-qos-run-1/latency/av-1/request bytes=1347 forwarded=1
1782918510.716607 publish topic=ipi/load-qos-run-1/latency/av-1/ack bytes=232 forwarded=1
1782918510.936461 publish topic=ipi/load-qos-run-1/latency/av-1/request bytes=1347 forwarded=1
1782918510.937146 publish topic=ipi/load-qos-run-1/latency/av-1/ack bytes=232 forwarded=1
1782918511.176851 publish topic=ipi/load-qos-run-1/latency/av-1/request bytes=1347 forwarded=1
1782918511.177545 publish topic=ipi/load-qos-run-1/latency/av-1/ack bytes=232 forwarded=1
1782918511.417019 publish topic=ipi/load-qos-run-1/latency/av-1/request bytes=1347 forwarded=1
1782918511.417712 publish topic=ipi/load-qos-run-1/latency/av-1/ack bytes=232 forwarded=1
1782918511.667636 publish topic=ipi/load-qos-run-1/latency/av-1/request bytes=1347 forwarded=1
1782918511.668320 publish topic=ipi/load-qos-run-1/latency/av-1/ack bytes=232 forwarded=1
1782918511.898169 publish topic=ipi/load-qos-run-1/latency/av-1/request bytes=1347 forwarded=1
1782918511.898846 publish topic=ipi/load-qos-run-1/latency/av-1/ack bytes=232 forwarded=1
1782918512.138544 publish topic=ipi/load-qos-run-1/latency/av-1/request bytes=1347 forwarded=1
1782918512.139236 publish topic=ipi/load-qos-run-1/latency/av-1/ack bytes=232 forwarded=1
1782918512.378828 publish topic=ipi/load-qos-run-1/latency/av-1/request bytes=1347 forwarded=1
1782918512.379512 publish topic=ipi/load-qos-run-1/latency/av-1/ack bytes=232 forwarded=1
1782918512.619141 publish topic=ipi/load-qos-run-1/latency/av-1/request bytes=1347 forwarded=1
1782918512.619852 publish topic=ipi/load-qos-run-1/latency/av-1/ack bytes=232 forwarded=1
1782918512.849130 publish topic=ipi/load-qos-run-1/latency/av-1/request bytes=1347 forwarded=1
1782918512.849812 publish topic=ipi/load-qos-run-1/latency/av-1/ack bytes=232 forwarded=1
1782918513.079686 publish topic=ipi/load-qos-run-1/latency/av-1/request bytes=1347 forwarded=1
1782918513.080378 publish topic=ipi/load-qos-run-1/latency/av-1/ack bytes=232 forwarded=1
1782918513.310112 publish topic=ipi/load-qos-run-1/latency/av-1/request bytes=1347 forwarded=1
1782918513.310796 publish topic=ipi/load-qos-run-1/latency/av-1/ack bytes=232 forwarded=1
1782918513.540261 publish topic=ipi/load-qos-run-1/latency/av-1/request bytes=1347 forwarded=1
1782918513.540980 publish topic=ipi/load-qos-run-1/latency/av-1/ack bytes=232 forwarded=1
1782918513.770366 publish topic=ipi/load-qos-run-1/latency/av-1/request bytes=1347 forwarded=1
1782918513.771057 publish topic=ipi/load-qos-run-1/latency/av-1/ack bytes=232 forwarded=1
1782918514.000775 publish topic=ipi/load-qos-run-1/latency/av-1/request bytes=1347 forwarded=1
1782918514.001437 publish topic=ipi/load-qos-run-1/latency/av-1/ack bytes=232 forwarded=1
1782918514.230993 publish topic=ipi/load-qos-run-1/latency/av-1/request bytes=1347 forwarded=1
1782918514.231699 publish topic=ipi/load-qos-run-1/latency/av-1/ack bytes=232 forwarded=1
1782918514.461307 publish topic=ipi/load-qos-run-1/latency/av-1/request bytes=1347 forwarded=1
1782918514.461991 publish topic=ipi/load-qos-run-1/latency/av-1/ack bytes=232 forwarded=1
1782918514.701543 publish topic=ipi/load-qos-run-1/latency/av-1/request bytes=1347 forwarded=1
1782918514.702224 publish topic=ipi/load-qos-run-1/latency/av-1/ack bytes=232 forwarded=1
1782918514.931873 publish topic=ipi/load-qos-run-1/latency/av-1/request bytes=1347 forwarded=1
1782918514.932562 publish topic=ipi/load-qos-run-1/latency/av-1/ack bytes=232 forwarded=1
1782918515.152338 publish topic=ipi/load-qos-run-1/latency/av-1/request bytes=1347 forwarded=1
1782918515.153054 publish topic=ipi/load-qos-run-1/latency/av-1/ack bytes=232 forwarded=1
1782918515.382526 publish topic=ipi/load-qos-run-1/latency/av-1/request bytes=1347 forwarded=1
1782918515.383210 publish topic=ipi/load-qos-run-1/latency/av-1/ack bytes=232 forwarded=1
1782918515.612905 publish topic=ipi/load-qos-run-1/latency/av-1/request bytes=1347 forwarded=1
1782918515.613580 publish topic=ipi/load-qos-run-1/latency/av-1/ack bytes=232 forwarded=1
1782918515.853111 publish topic=ipi/load-qos-run-1/latency/av-1/request bytes=1347 forwarded=1
1782918515.853796 publish topic=ipi/load-qos-run-1/latency/av-1/ack bytes=232 forwarded=1
1782918516.093539 publish topic=ipi/load-qos-run-1/latency/av-1/request bytes=1347 forwarded=1
1782918516.094232 publish topic=ipi/load-qos-run-1/latency/av-1/ack bytes=232 forwarded=1
1782918516.323898 publish topic=ipi/load-qos-run-1/latency/av-1/request bytes=1347 forwarded=1
1782918516.324581 publish topic=ipi/load-qos-run-1/latency/av-1/ack bytes=232 forwarded=1
1782918516.554212 publish topic=ipi/load-qos-run-1/latency/av-1/request bytes=1347 forwarded=1
1782918516.554893 publish topic=ipi/load-qos-run-1/latency/av-1/ack bytes=232 forwarded=1
1782918516.794483 publish topic=ipi/load-qos-run-1/latency/av-1/request bytes=1347 forwarded=1
1782918516.795171 publish topic=ipi/load-qos-run-1/latency/av-1/ack bytes=232 forwarded=1
1782918517.044985 publish topic=ipi/load-qos-run-1/latency/av-1/request bytes=1347 forwarded=1
1782918517.045666 publish topic=ipi/load-qos-run-1/latency/av-1/ack bytes=232 forwarded=1
1782918517.295257 publish topic=ipi/load-qos-run-1/latency/av-1/request bytes=1347 forwarded=1
1782918517.295923 publish topic=ipi/load-qos-run-1/latency/av-1/ack bytes=232 forwarded=1
1782918517.535777 publish topic=ipi/load-qos-run-1/latency/av-1/request bytes=1347 forwarded=1
1782918517.536455 publish topic=ipi/load-qos-run-1/latency/av-1/ack bytes=232 forwarded=1
1782918517.776254 publish topic=ipi/load-qos-run-1/latency/av-1/request bytes=1347 forwarded=1
1782918517.776937 publish topic=ipi/load-qos-run-1/latency/av-1/ack bytes=232 forwarded=1
1782918518.016644 publish topic=ipi/load-qos-run-1/latency/av-1/request bytes=1347 forwarded=1
1782918518.017365 publish topic=ipi/load-qos-run-1/latency/av-1/ack bytes=232 forwarded=1
1782918518.256996 publish topic=ipi/load-qos-run-1/latency/av-1/request bytes=1347 forwarded=1
1782918518.257683 publish topic=ipi/load-qos-run-1/latency/av-1/ack bytes=232 forwarded=1
1782918518.497263 publish topic=ipi/load-qos-run-1/latency/av-1/request bytes=1347 forwarded=1
1782918518.497942 publish topic=ipi/load-qos-run-1/latency/av-1/ack bytes=232 forwarded=1
1782918518.737637 publish topic=ipi/load-qos-run-1/latency/av-1/request bytes=1347 forwarded=1
1782918518.738338 publish topic=ipi/load-qos-run-1/latency/av-1/ack bytes=232 forwarded=1
1782918518.978057 publish topic=ipi/load-qos-run-1/latency/av-1/request bytes=1347 forwarded=1
1782918518.978735 publish topic=ipi/load-qos-run-1/latency/av-1/ack bytes=232 forwarded=1
1782918519.218367 publish topic=ipi/load-qos-run-1/latency/av-1/request bytes=1347 forwarded=1
1782918519.219052 publish topic=ipi/load-qos-run-1/latency/av-1/ack bytes=232 forwarded=1
1782918519.448889 publish topic=ipi/load-qos-run-1/latency/av-1/request bytes=1347 forwarded=1
1782918519.449564 publish topic=ipi/load-qos-run-1/latency/av-1/ack bytes=232 forwarded=1
1782918519.679232 publish topic=ipi/load-qos-run-1/latency/av-1/request bytes=1347 forwarded=1
1782918519.679915 publish topic=ipi/load-qos-run-1/latency/av-1/ack bytes=232 forwarded=1
1782918519.929311 publish topic=ipi/load-qos-run-1/latency/av-1/request bytes=1347 forwarded=1
1782918519.929989 publish topic=ipi/load-qos-run-1/latency/av-1/ack bytes=232 forwarded=1
1782918520.169659 publish topic=ipi/load-qos-run-1/latency/av-1/request bytes=1347 forwarded=1
1782918520.170342 publish topic=ipi/load-qos-run-1/latency/av-1/ack bytes=232 forwarded=1
1782918520.410191 publish topic=ipi/load-qos-run-1/latency/av-1/request bytes=1347 forwarded=1
1782918520.410872 publish topic=ipi/load-qos-run-1/latency/av-1/ack bytes=232 forwarded=1
1782918520.640531 publish topic=ipi/load-qos-run-1/latency/av-1/request bytes=1347 forwarded=1
1782918520.641231 publish topic=ipi/load-qos-run-1/latency/av-1/ack bytes=232 forwarded=1
1782918520.870772 publish topic=ipi/load-qos-run-1/latency/av-1/request bytes=1347 forwarded=1
1782918520.871455 publish topic=ipi/load-qos-run-1/latency/av-1/ack bytes=232 forwarded=1
1782918521.110928 publish topic=ipi/load-qos-run-1/latency/av-1/request bytes=1347 forwarded=1
1782918521.111621 publish topic=ipi/load-qos-run-1/latency/av-1/ack bytes=232 forwarded=1
1782918521.341116 publish topic=ipi/load-qos-run-1/latency/av-1/request bytes=1347 forwarded=1
1782918521.341787 publish topic=ipi/load-qos-run-1/latency/av-1/ack bytes=232 forwarded=1
1782918521.571577 publish topic=ipi/load-qos-run-1/latency/av-1/request bytes=1347 forwarded=1
1782918521.572261 publish topic=ipi/load-qos-run-1/latency/av-1/ack bytes=232 forwarded=1
1782918521.801750 publish topic=ipi/load-qos-run-1/latency/av-1/request bytes=1347 forwarded=1
1782918521.802089 publish topic=ipi/load-qos-run-1/latency/av-1/ack bytes=232 forwarded=1
1782918522.032382 publish topic=ipi/load-qos-run-1/latency/av-1/request bytes=1347 forwarded=1
1782918522.033094 publish topic=ipi/load-qos-run-1/latency/av-1/ack bytes=232 forwarded=1
1782918522.262652 publish topic=ipi/load-qos-run-1/latency/av-1/request bytes=1347 forwarded=1
1782918522.263331 publish topic=ipi/load-qos-run-1/latency/av-1/ack bytes=232 forwarded=1
1782918522.502704 publish topic=ipi/load-qos-run-1/latency/av-1/request bytes=1347 forwarded=1
1782918522.503388 publish topic=ipi/load-qos-run-1/latency/av-1/ack bytes=232 forwarded=1
1782918522.733181 publish topic=ipi/load-qos-run-1/latency/av-1/request bytes=1347 forwarded=1
1782918522.733852 publish topic=ipi/load-qos-run-1/latency/av-1/ack bytes=232 forwarded=1
1782918522.963450 publish topic=ipi/load-qos-run-1/latency/av-1/request bytes=1347 forwarded=1
1782918522.964135 publish topic=ipi/load-qos-run-1/latency/av-1/ack bytes=232 forwarded=1
1782918523.193531 publish topic=ipi/load-qos-run-1/latency/av-1/request bytes=1347 forwarded=1
1782918523.194208 publish topic=ipi/load-qos-run-1/latency/av-1/ack bytes=232 forwarded=1
1782918523.434107 publish topic=ipi/load-qos-run-1/latency/av-1/request bytes=1347 forwarded=1
1782918523.434788 publish topic=ipi/load-qos-run-1/latency/av-1/ack bytes=232 forwarded=1
1782918523.664436 publish topic=ipi/load-qos-run-1/latency/av-1/request bytes=1347 forwarded=1
1782918523.665150 publish topic=ipi/load-qos-run-1/latency/av-1/ack bytes=232 forwarded=1
1782918523.894855 publish topic=ipi/load-qos-run-1/latency/av-1/request bytes=1347 forwarded=1
1782918523.895526 publish topic=ipi/load-qos-run-1/latency/av-1/ack bytes=232 forwarded=1
1782918524.135100 publish topic=ipi/load-qos-run-1/latency/av-1/request bytes=1347 forwarded=1
1782918524.135819 publish topic=ipi/load-qos-run-1/latency/av-1/ack bytes=232 forwarded=1
1782918524.375532 publish topic=ipi/load-qos-run-1/latency/av-1/request bytes=1347 forwarded=1
1782918524.376201 publish topic=ipi/load-qos-run-1/latency/av-1/ack bytes=232 forwarded=1
1782918524.615839 publish topic=ipi/load-qos-run-1/latency/av-1/request bytes=1347 forwarded=1
1782918524.616523 publish topic=ipi/load-qos-run-1/latency/av-1/ack bytes=232 forwarded=1
1782918524.856484 publish topic=ipi/load-qos-run-1/latency/av-1/request bytes=1347 forwarded=1
1782918524.857181 publish topic=ipi/load-qos-run-1/latency/av-1/ack bytes=232 forwarded=1
1782918525.096534 publish topic=ipi/load-qos-run-1/latency/av-1/request bytes=1347 forwarded=1
1782918525.097197 publish topic=ipi/load-qos-run-1/latency/av-1/ack bytes=232 forwarded=1
1782918525.336940 publish topic=ipi/load-qos-run-1/latency/av-1/request bytes=1347 forwarded=1
1782918525.337611 publish topic=ipi/load-qos-run-1/latency/av-1/ack bytes=232 forwarded=1
1782918525.567312 publish topic=ipi/load-qos-run-1/latency/av-1/request bytes=1347 forwarded=1
1782918525.567990 publish topic=ipi/load-qos-run-1/latency/av-1/ack bytes=232 forwarded=1
1782918525.797671 publish topic=ipi/load-qos-run-1/latency/av-1/request bytes=1349 forwarded=1
1782918525.798329 publish topic=ipi/load-qos-run-1/latency/av-1/ack bytes=233 forwarded=1
1782918526.038114 publish topic=ipi/load-qos-run-1/latency/av-1/request bytes=1349 forwarded=1
1782918526.038796 publish topic=ipi/load-qos-run-1/latency/av-1/ack bytes=233 forwarded=1
1782918526.278488 publish topic=ipi/load-qos-run-1/latency/av-1/request bytes=1349 forwarded=1
1782918526.279159 publish topic=ipi/load-qos-run-1/latency/av-1/ack bytes=233 forwarded=1
1782918526.518702 publish topic=ipi/load-qos-run-1/latency/av-1/request bytes=1349 forwarded=1
1782918526.519384 publish topic=ipi/load-qos-run-1/latency/av-1/ack bytes=233 forwarded=1
1782918526.758998 publish topic=ipi/load-qos-run-1/latency/av-1/request bytes=1349 forwarded=1
1782918526.759672 publish topic=ipi/load-qos-run-1/latency/av-1/ack bytes=233 forwarded=1
1782918526.989185 publish topic=ipi/load-qos-run-1/latency/av-1/request bytes=1349 forwarded=1
1782918526.989868 publish topic=ipi/load-qos-run-1/latency/av-1/ack bytes=233 forwarded=1
1782918527.229523 publish topic=ipi/load-qos-run-1/latency/av-1/request bytes=1349 forwarded=1
1782918527.230197 publish topic=ipi/load-qos-run-1/latency/av-1/ack bytes=233 forwarded=1
1782918527.489951 publish topic=ipi/load-qos-run-1/latency/av-1/request bytes=1349 forwarded=1
1782918527.490632 publish topic=ipi/load-qos-run-1/latency/av-1/ack bytes=233 forwarded=1
1782918527.720219 publish topic=ipi/load-qos-run-1/latency/av-1/request bytes=1349 forwarded=1
1782918527.720912 publish topic=ipi/load-qos-run-1/latency/av-1/ack bytes=233 forwarded=1
1782918527.960770 publish topic=ipi/load-qos-run-1/latency/av-1/request bytes=1349 forwarded=1
1782918527.961442 publish topic=ipi/load-qos-run-1/latency/av-1/ack bytes=233 forwarded=1
1782918528.191204 publish topic=ipi/load-qos-run-1/latency/av-1/request bytes=1349 forwarded=1
1782918528.191875 publish topic=ipi/load-qos-run-1/latency/av-1/ack bytes=233 forwarded=1
1782918528.441592 publish topic=ipi/load-qos-run-1/latency/av-1/request bytes=1349 forwarded=1
1782918528.442275 publish topic=ipi/load-qos-run-1/latency/av-1/ack bytes=233 forwarded=1
1782918528.661970 publish topic=ipi/load-qos-run-1/latency/av-1/request bytes=1349 forwarded=1
1782918528.662628 publish topic=ipi/load-qos-run-1/latency/av-1/ack bytes=233 forwarded=1
1782918528.902368 publish topic=ipi/load-qos-run-1/latency/av-1/request bytes=1349 forwarded=1
1782918528.903044 publish topic=ipi/load-qos-run-1/latency/av-1/ack bytes=233 forwarded=1
1782918529.132751 publish topic=ipi/load-qos-run-1/latency/av-1/request bytes=1349 forwarded=1
1782918529.133460 publish topic=ipi/load-qos-run-1/latency/av-1/ack bytes=233 forwarded=1
1782918529.363212 publish topic=ipi/load-qos-run-1/latency/av-1/request bytes=1349 forwarded=1
1782918529.363887 publish topic=ipi/load-qos-run-1/latency/av-1/ack bytes=233 forwarded=1
1782918529.593211 publish topic=ipi/load-qos-run-1/latency/av-1/request bytes=1349 forwarded=1
1782918529.593896 publish topic=ipi/load-qos-run-1/latency/av-1/ack bytes=233 forwarded=1
1782918529.823765 publish topic=ipi/load-qos-run-1/latency/av-1/request bytes=1349 forwarded=1
1782918529.824440 publish topic=ipi/load-qos-run-1/latency/av-1/ack bytes=233 forwarded=1
1782918530.054251 publish topic=ipi/load-qos-run-1/latency/av-1/request bytes=1349 forwarded=1
1782918530.054929 publish topic=ipi/load-qos-run-1/latency/av-1/ack bytes=233 forwarded=1
1782918530.304706 publish topic=ipi/load-qos-run-1/latency/av-1/request bytes=1349 forwarded=1
1782918530.305365 publish topic=ipi/load-qos-run-1/latency/av-1/ack bytes=233 forwarded=1
1782918530.554996 publish topic=ipi/load-qos-run-1/latency/av-1/request bytes=1349 forwarded=1
1782918530.555676 publish topic=ipi/load-qos-run-1/latency/av-1/ack bytes=233 forwarded=1
1782918530.775330 publish topic=ipi/load-qos-run-1/latency/av-1/request bytes=1349 forwarded=1
1782918530.776025 publish topic=ipi/load-qos-run-1/latency/av-1/ack bytes=233 forwarded=1
1782918531.015963 publish topic=ipi/load-qos-run-1/latency/av-1/request bytes=1349 forwarded=1
1782918531.016634 publish topic=ipi/load-qos-run-1/latency/av-1/ack bytes=233 forwarded=1
1782918531.256085 publish topic=ipi/load-qos-run-1/latency/av-1/request bytes=1349 forwarded=1
1782918531.256799 publish topic=ipi/load-qos-run-1/latency/av-1/ack bytes=233 forwarded=1
1782918531.496530 publish topic=ipi/load-qos-run-1/latency/av-1/request bytes=1349 forwarded=1
1782918531.497191 publish topic=ipi/load-qos-run-1/latency/av-1/ack bytes=233 forwarded=1
1782918531.736899 publish topic=ipi/load-qos-run-1/latency/av-1/request bytes=1349 forwarded=1
1782918531.737572 publish topic=ipi/load-qos-run-1/latency/av-1/ack bytes=233 forwarded=1
1782918531.957204 publish topic=ipi/load-qos-run-1/latency/av-1/request bytes=1349 forwarded=1
1782918531.957873 publish topic=ipi/load-qos-run-1/latency/av-1/ack bytes=233 forwarded=1
1782918532.197766 publish topic=ipi/load-qos-run-1/latency/av-1/request bytes=1349 forwarded=1
1782918532.198483 publish topic=ipi/load-qos-run-1/latency/av-1/ack bytes=233 forwarded=1
1782918532.437994 publish topic=ipi/load-qos-run-1/latency/av-1/request bytes=1349 forwarded=1
1782918532.438650 publish topic=ipi/load-qos-run-1/latency/av-1/ack bytes=233 forwarded=1
1782918532.668236 publish topic=ipi/load-qos-run-1/latency/av-1/request bytes=1349 forwarded=1
1782918532.668872 publish topic=ipi/load-qos-run-1/latency/av-1/ack bytes=233 forwarded=1
1782918532.908782 publish topic=ipi/load-qos-run-1/latency/av-1/request bytes=1349 forwarded=1
1782918532.909451 publish topic=ipi/load-qos-run-1/latency/av-1/ack bytes=233 forwarded=1
1782918533.138981 publish topic=ipi/load-qos-run-1/latency/av-1/request bytes=1349 forwarded=1
1782918533.139665 publish topic=ipi/load-qos-run-1/latency/av-1/ack bytes=233 forwarded=1
1782918533.369143 publish topic=ipi/load-qos-run-1/latency/av-1/request bytes=1349 forwarded=1
1782918533.369758 publish topic=ipi/load-qos-run-1/latency/av-1/ack bytes=233 forwarded=1
1782918533.599709 publish topic=ipi/load-qos-run-1/latency/av-1/request bytes=1349 forwarded=1
1782918533.600332 publish topic=ipi/load-qos-run-1/latency/av-1/ack bytes=233 forwarded=1
1782918533.830077 publish topic=ipi/load-qos-run-1/latency/av-1/request bytes=1349 forwarded=1
1782918533.830696 publish topic=ipi/load-qos-run-1/latency/av-1/ack bytes=233 forwarded=1
1782918534.050375 publish topic=ipi/load-qos-run-1/latency/av-1/request bytes=1349 forwarded=1
1782918534.050999 publish topic=ipi/load-qos-run-1/latency/av-1/ack bytes=233 forwarded=1
1782918534.270660 publish topic=ipi/load-qos-run-1/latency/av-1/request bytes=1349 forwarded=1
1782918534.271281 publish topic=ipi/load-qos-run-1/latency/av-1/ack bytes=233 forwarded=1
1782918534.500840 publish topic=ipi/load-qos-run-1/latency/av-1/request bytes=1349 forwarded=1
1782918534.501458 publish topic=ipi/load-qos-run-1/latency/av-1/ack bytes=233 forwarded=1
1782918534.721018 publish topic=ipi/load-qos-run-1/latency/av-1/request bytes=1349 forwarded=1
1782918534.721690 publish topic=ipi/load-qos-run-1/latency/av-1/ack bytes=233 forwarded=1
1782918534.951434 publish topic=ipi/load-qos-run-1/latency/av-1/request bytes=1349 forwarded=1
1782918534.952063 publish topic=ipi/load-qos-run-1/latency/av-1/ack bytes=233 forwarded=1
1782918535.181727 publish topic=ipi/load-qos-run-1/latency/av-1/request bytes=1349 forwarded=1
1782918535.182343 publish topic=ipi/load-qos-run-1/latency/av-1/ack bytes=233 forwarded=1
1782918535.412225 publish topic=ipi/load-qos-run-1/latency/av-1/request bytes=1349 forwarded=1
1782918535.412860 publish topic=ipi/load-qos-run-1/latency/av-1/ack bytes=233 forwarded=1
1782918535.652351 publish topic=ipi/load-qos-run-1/latency/av-1/request bytes=1349 forwarded=1
1782918535.653027 publish topic=ipi/load-qos-run-1/latency/av-1/ack bytes=233 forwarded=1
1782918535.882823 publish topic=ipi/load-qos-run-1/latency/av-1/request bytes=1349 forwarded=1
1782918535.883439 publish topic=ipi/load-qos-run-1/latency/av-1/ack bytes=233 forwarded=1
1782918536.113184 publish topic=ipi/load-qos-run-1/latency/av-1/request bytes=1349 forwarded=1
1782918536.113823 publish topic=ipi/load-qos-run-1/latency/av-1/ack bytes=233 forwarded=1
1782918536.343488 publish topic=ipi/load-qos-run-1/latency/av-1/request bytes=1349 forwarded=1
1782918536.344121 publish topic=ipi/load-qos-run-1/latency/av-1/ack bytes=233 forwarded=1
1782918536.573575 publish topic=ipi/load-qos-run-1/latency/av-1/request bytes=1349 forwarded=1
1782918536.574223 publish topic=ipi/load-qos-run-1/latency/av-1/ack bytes=233 forwarded=1
1782918536.804161 publish topic=ipi/load-qos-run-1/latency/av-1/request bytes=1349 forwarded=1
1782918536.804827 publish topic=ipi/load-qos-run-1/latency/av-1/ack bytes=233 forwarded=1
1782918537.044800 publish topic=ipi/load-qos-run-1/latency/av-1/request bytes=1349 forwarded=1
1782918537.045420 publish topic=ipi/load-qos-run-1/latency/av-1/ack bytes=233 forwarded=1
1782918537.295014 publish topic=ipi/load-qos-run-1/latency/av-1/request bytes=1349 forwarded=1
1782918537.295635 publish topic=ipi/load-qos-run-1/latency/av-1/ack bytes=233 forwarded=1
1782918537.545455 publish topic=ipi/load-qos-run-1/latency/av-1/request bytes=1349 forwarded=1
1782918537.546071 publish topic=ipi/load-qos-run-1/latency/av-1/ack bytes=233 forwarded=1
1782918537.775687 publish topic=ipi/load-qos-run-1/latency/av-1/request bytes=1349 forwarded=1
1782918537.776303 publish topic=ipi/load-qos-run-1/latency/av-1/ack bytes=233 forwarded=1
1782918538.016133 publish topic=ipi/load-qos-run-1/latency/av-1/request bytes=1349 forwarded=1
1782918538.016790 publish topic=ipi/load-qos-run-1/latency/av-1/ack bytes=233 forwarded=1
1782918538.246538 publish topic=ipi/load-qos-run-1/latency/av-1/request bytes=1349 forwarded=1
1782918538.247161 publish topic=ipi/load-qos-run-1/latency/av-1/ack bytes=233 forwarded=1
1782918538.476910 publish topic=ipi/load-qos-run-1/latency/av-1/request bytes=1349 forwarded=1
1782918538.477547 publish topic=ipi/load-qos-run-1/latency/av-1/ack bytes=233 forwarded=1
1782918538.707212 publish topic=ipi/load-qos-run-1/latency/av-1/request bytes=1349 forwarded=1
1782918538.707849 publish topic=ipi/load-qos-run-1/latency/av-1/ack bytes=233 forwarded=1
1782918538.947430 publish topic=ipi/load-qos-run-1/latency/av-1/request bytes=1349 forwarded=1
1782918538.948059 publish topic=ipi/load-qos-run-1/latency/av-1/ack bytes=233 forwarded=1
1782918539.187723 publish topic=ipi/load-qos-run-1/latency/av-1/request bytes=1349 forwarded=1
1782918539.188451 publish topic=ipi/load-qos-run-1/latency/av-1/ack bytes=233 forwarded=1
1782918539.418113 publish topic=ipi/load-qos-run-1/latency/av-1/request bytes=1349 forwarded=1
1782918539.418738 publish topic=ipi/load-qos-run-1/latency/av-1/ack bytes=233 forwarded=1
1782918539.648506 publish topic=ipi/load-qos-run-1/latency/av-1/request bytes=1349 forwarded=1
1782918539.649158 publish topic=ipi/load-qos-run-1/latency/av-1/ack bytes=233 forwarded=1
1782918539.878790 publish topic=ipi/load-qos-run-1/latency/av-1/request bytes=1349 forwarded=1
1782918539.879411 publish topic=ipi/load-qos-run-1/latency/av-1/ack bytes=233 forwarded=1
1782918540.109120 publish topic=ipi/load-qos-run-1/latency/av-1/request bytes=1349 forwarded=1
1782918540.109726 publish topic=ipi/load-qos-run-1/latency/av-1/ack bytes=233 forwarded=1
1782918540.349370 publish topic=ipi/load-qos-run-1/latency/av-1/request bytes=1349 forwarded=1
1782918540.349984 publish topic=ipi/load-qos-run-1/latency/av-1/ack bytes=233 forwarded=1
1782918540.589845 publish topic=ipi/load-qos-run-1/latency/av-1/request bytes=1349 forwarded=1
1782918540.590466 publish topic=ipi/load-qos-run-1/latency/av-1/ack bytes=233 forwarded=1
1782918540.820014 publish topic=ipi/load-qos-run-1/latency/av-1/request bytes=1349 forwarded=1
1782918540.820632 publish topic=ipi/load-qos-run-1/latency/av-1/ack bytes=233 forwarded=1
1782918541.040166 publish topic=ipi/load-qos-run-1/latency/av-1/request bytes=1349 forwarded=1
1782918541.040819 publish topic=ipi/load-qos-run-1/latency/av-1/ack bytes=233 forwarded=1
1782918541.260513 publish topic=ipi/load-qos-run-1/latency/av-1/request bytes=1349 forwarded=1
1782918541.261152 publish topic=ipi/load-qos-run-1/latency/av-1/ack bytes=233 forwarded=1
1782918541.480802 publish topic=ipi/load-qos-run-1/latency/av-1/request bytes=1349 forwarded=1
1782918541.481420 publish topic=ipi/load-qos-run-1/latency/av-1/ack bytes=233 forwarded=1
1782918541.711249 publish topic=ipi/load-qos-run-1/latency/av-1/request bytes=1349 forwarded=1
1782918541.711853 publish topic=ipi/load-qos-run-1/latency/av-1/ack bytes=233 forwarded=1
1782918541.961287 publish topic=ipi/load-qos-run-1/latency/av-1/request bytes=1349 forwarded=1
1782918541.961904 publish topic=ipi/load-qos-run-1/latency/av-1/ack bytes=233 forwarded=1
1782918542.221830 publish topic=ipi/load-qos-run-1/latency/av-1/request bytes=1349 forwarded=1
1782918542.222446 publish topic=ipi/load-qos-run-1/latency/av-1/ack bytes=233 forwarded=1
1782918542.462499 publish topic=ipi/load-qos-run-1/latency/av-1/request bytes=1349 forwarded=1
1782918542.463117 publish topic=ipi/load-qos-run-1/latency/av-1/ack bytes=233 forwarded=1
1782918542.692804 publish topic=ipi/load-qos-run-1/latency/av-1/request bytes=1349 forwarded=1
1782918542.693438 publish topic=ipi/load-qos-run-1/latency/av-1/ack bytes=233 forwarded=1
1782918542.923168 publish topic=ipi/load-qos-run-1/latency/av-1/request bytes=1349 forwarded=1
1782918542.923810 publish topic=ipi/load-qos-run-1/latency/av-1/ack bytes=233 forwarded=1
1782918543.163167 publish topic=ipi/load-qos-run-1/latency/av-1/request bytes=1349 forwarded=1
1782918543.163851 publish topic=ipi/load-qos-run-1/latency/av-1/ack bytes=233 forwarded=1
1782918543.393678 publish topic=ipi/load-qos-run-1/latency/av-1/request bytes=1349 forwarded=1
1782918543.394312 publish topic=ipi/load-qos-run-1/latency/av-1/ack bytes=233 forwarded=1
1782918543.623859 publish topic=ipi/load-qos-run-1/latency/av-1/request bytes=1349 forwarded=1
1782918543.624484 publish topic=ipi/load-qos-run-1/latency/av-1/ack bytes=233 forwarded=1
1782918543.864230 publish topic=ipi/load-qos-run-1/latency/av-1/request bytes=1349 forwarded=1
1782918543.864869 publish topic=ipi/load-qos-run-1/latency/av-1/ack bytes=233 forwarded=1
1782918544.094711 publish topic=ipi/load-qos-run-1/latency/av-1/request bytes=1349 forwarded=1
1782918544.095339 publish topic=ipi/load-qos-run-1/latency/av-1/ack bytes=233 forwarded=1
1782918544.335365 publish topic=ipi/load-qos-run-1/latency/av-1/request bytes=1349 forwarded=1
1782918544.336000 publish topic=ipi/load-qos-run-1/latency/av-1/ack bytes=233 forwarded=1
1782918544.575516 publish topic=ipi/load-qos-run-1/latency/av-1/request bytes=1349 forwarded=1
1782918544.576157 publish topic=ipi/load-qos-run-1/latency/av-1/ack bytes=233 forwarded=1
1782918544.815989 publish topic=ipi/load-qos-run-1/latency/av-1/request bytes=1349 forwarded=1
1782918544.816628 publish topic=ipi/load-qos-run-1/latency/av-1/ack bytes=233 forwarded=1
1782918545.036463 publish topic=ipi/load-qos-run-1/latency/av-1/request bytes=1349 forwarded=1
1782918545.037100 publish topic=ipi/load-qos-run-1/latency/av-1/ack bytes=233 forwarded=1
1782918545.276573 publish topic=ipi/load-qos-run-1/latency/av-1/request bytes=1349 forwarded=1
1782918545.277225 publish topic=ipi/load-qos-run-1/latency/av-1/ack bytes=233 forwarded=1
1782918545.516891 publish topic=ipi/load-qos-run-1/latency/av-1/request bytes=1349 forwarded=1
1782918545.517518 publish topic=ipi/load-qos-run-1/latency/av-1/ack bytes=233 forwarded=1
1782918545.757323 publish topic=ipi/load-qos-run-1/latency/av-1/request bytes=1349 forwarded=1
1782918545.757935 publish topic=ipi/load-qos-run-1/latency/av-1/ack bytes=233 forwarded=1
1782918545.997596 publish topic=ipi/load-qos-run-1/latency/av-1/request bytes=1349 forwarded=1
1782918545.998249 publish topic=ipi/load-qos-run-1/latency/av-1/ack bytes=233 forwarded=1
1782918546.237838 publish topic=ipi/load-qos-run-1/latency/av-1/request bytes=1349 forwarded=1
1782918546.238455 publish topic=ipi/load-qos-run-1/latency/av-1/ack bytes=233 forwarded=1
1782918546.468217 publish topic=ipi/load-qos-run-1/latency/av-1/request bytes=1349 forwarded=1
1782918546.468916 publish topic=ipi/load-qos-run-1/latency/av-1/ack bytes=233 forwarded=1
1782918546.708810 publish topic=ipi/load-qos-run-1/latency/av-1/request bytes=1349 forwarded=1
1782918546.709437 publish topic=ipi/load-qos-run-1/latency/av-1/ack bytes=233 forwarded=1
1782918546.948657 publish topic=ipi/load-qos-run-1/latency/av-1/request bytes=1349 forwarded=1
1782918546.949315 publish topic=ipi/load-qos-run-1/latency/av-1/ack bytes=233 forwarded=1
1782918547.189045 publish topic=ipi/load-qos-run-1/latency/av-1/request bytes=1349 forwarded=1
1782918547.189717 publish topic=ipi/load-qos-run-1/latency/av-1/ack bytes=233 forwarded=1
1782918547.419478 publish topic=ipi/load-qos-run-1/latency/av-1/request bytes=1349 forwarded=1
1782918547.420127 publish topic=ipi/load-qos-run-1/latency/av-1/ack bytes=233 forwarded=1
1782918547.649725 publish topic=ipi/load-qos-run-1/latency/av-1/request bytes=1349 forwarded=1
1782918547.650361 publish topic=ipi/load-qos-run-1/latency/av-1/ack bytes=233 forwarded=1
1782918547.880069 publish topic=ipi/load-qos-run-1/latency/av-1/request bytes=1349 forwarded=1
1782918547.880748 publish topic=ipi/load-qos-run-1/latency/av-1/ack bytes=233 forwarded=1
1782918548.110416 publish topic=ipi/load-qos-run-1/latency/av-1/request bytes=1349 forwarded=1
1782918548.111046 publish topic=ipi/load-qos-run-1/latency/av-1/ack bytes=233 forwarded=1
1782918548.340715 publish topic=ipi/load-qos-run-1/latency/av-1/request bytes=1349 forwarded=1
1782918548.341308 publish topic=ipi/load-qos-run-1/latency/av-1/ack bytes=233 forwarded=1
1782918548.570941 publish topic=ipi/load-qos-run-1/latency/av-1/request bytes=1349 forwarded=1
1782918548.571554 publish topic=ipi/load-qos-run-1/latency/av-1/ack bytes=233 forwarded=1
1782918548.800972 publish topic=ipi/load-qos-run-1/latency/av-1/request bytes=1349 forwarded=1
1782918548.801600 publish topic=ipi/load-qos-run-1/latency/av-1/ack bytes=233 forwarded=1
1782918549.031379 publish topic=ipi/load-qos-run-1/latency/av-1/request bytes=1349 forwarded=1
1782918549.032016 publish topic=ipi/load-qos-run-1/latency/av-1/ack bytes=233 forwarded=1
1782918549.261652 publish topic=ipi/load-qos-run-1/latency/av-1/request bytes=1349 forwarded=1
1782918549.262257 publish topic=ipi/load-qos-run-1/latency/av-1/ack bytes=233 forwarded=1
1782918549.492042 publish topic=ipi/load-qos-run-1/latency/av-1/request bytes=1349 forwarded=1
1782918549.492704 publish topic=ipi/load-qos-run-1/latency/av-1/ack bytes=233 forwarded=1
1782918549.722509 publish topic=ipi/load-qos-run-1/latency/av-1/request bytes=1349 forwarded=1
1782918549.723135 publish topic=ipi/load-qos-run-1/latency/av-1/ack bytes=233 forwarded=1
1782918549.952709 publish topic=ipi/load-qos-run-1/latency/av-1/request bytes=1349 forwarded=1
1782918549.953333 publish topic=ipi/load-qos-run-1/latency/av-1/ack bytes=233 forwarded=1
1782918550.183184 publish topic=ipi/load-qos-run-1/latency/av-1/request bytes=1349 forwarded=1
1782918550.183862 publish topic=ipi/load-qos-run-1/latency/av-1/ack bytes=233 forwarded=1
1782918550.413404 publish topic=ipi/load-qos-run-1/latency/av-1/request bytes=1349 forwarded=1
1782918550.414048 publish topic=ipi/load-qos-run-1/latency/av-1/ack bytes=233 forwarded=1
1782918550.643811 publish topic=ipi/load-qos-run-1/latency/av-1/request bytes=1349 forwarded=1
1782918550.644442 publish topic=ipi/load-qos-run-1/latency/av-1/ack bytes=233 forwarded=1
1782918550.874123 publish topic=ipi/load-qos-run-1/latency/av-1/request bytes=1349 forwarded=1
1782918550.874715 publish topic=ipi/load-qos-run-1/latency/av-1/ack bytes=233 forwarded=1
1782918551.114904 publish topic=ipi/load-qos-run-1/latency/av-1/request bytes=1349 forwarded=1
1782918551.115531 publish topic=ipi/load-qos-run-1/latency/av-1/ack bytes=233 forwarded=1
1782918551.345172 publish topic=ipi/load-qos-run-1/latency/av-1/request bytes=1349 forwarded=1
1782918551.345808 publish topic=ipi/load-qos-run-1/latency/av-1/ack bytes=233 forwarded=1
1782918551.575495 publish topic=ipi/load-qos-run-1/latency/av-1/request bytes=1349 forwarded=1
1782918551.576119 publish topic=ipi/load-qos-run-1/latency/av-1/ack bytes=233 forwarded=1
1782918551.815808 publish topic=ipi/load-qos-run-1/latency/av-1/request bytes=1349 forwarded=1
1782918551.816445 publish topic=ipi/load-qos-run-1/latency/av-1/ack bytes=233 forwarded=1
1782918552.056058 publish topic=ipi/load-qos-run-1/latency/av-1/request bytes=1349 forwarded=1
1782918552.056720 publish topic=ipi/load-qos-run-1/latency/av-1/ack bytes=233 forwarded=1
1782918552.296144 publish topic=ipi/load-qos-run-1/latency/av-1/request bytes=1349 forwarded=1
1782918552.296806 publish topic=ipi/load-qos-run-1/latency/av-1/ack bytes=233 forwarded=1
1782918552.536850 publish topic=ipi/load-qos-run-1/latency/av-1/request bytes=1349 forwarded=1
1782918552.537490 publish topic=ipi/load-qos-run-1/latency/av-1/ack bytes=233 forwarded=1
1782918552.776886 publish topic=ipi/load-qos-run-1/latency/av-1/request bytes=1349 forwarded=1
1782918552.777518 publish topic=ipi/load-qos-run-1/latency/av-1/ack bytes=233 forwarded=1
1782918553.017109 publish topic=ipi/load-qos-run-1/latency/av-1/request bytes=1349 forwarded=1
1782918553.017745 publish topic=ipi/load-qos-run-1/latency/av-1/ack bytes=233 forwarded=1
1782918553.257408 publish topic=ipi/load-qos-run-1/latency/av-1/request bytes=1349 forwarded=1
1782918553.258043 publish topic=ipi/load-qos-run-1/latency/av-1/ack bytes=233 forwarded=1
1782918553.487769 publish topic=ipi/load-qos-run-1/latency/av-1/request bytes=1349 forwarded=1
1782918553.488400 publish topic=ipi/load-qos-run-1/latency/av-1/ack bytes=233 forwarded=1
1782918553.718251 publish topic=ipi/load-qos-run-1/latency/av-1/request bytes=1349 forwarded=1
1782918553.718867 publish topic=ipi/load-qos-run-1/latency/av-1/ack bytes=233 forwarded=1
1782918553.938372 publish topic=ipi/load-qos-run-1/latency/av-1/request bytes=1349 forwarded=1
1782918553.939044 publish topic=ipi/load-qos-run-1/latency/av-1/ack bytes=233 forwarded=1
1782918554.188496 publish topic=ipi/load-qos-run-1/latency/av-1/request bytes=1349 forwarded=1
1782918554.189148 publish topic=ipi/load-qos-run-1/latency/av-1/ack bytes=233 forwarded=1
1782918554.418639 publish topic=ipi/load-qos-run-1/latency/av-1/request bytes=1349 forwarded=1
1782918554.419281 publish topic=ipi/load-qos-run-1/latency/av-1/ack bytes=233 forwarded=1
1782918554.659054 publish topic=ipi/load-qos-run-1/latency/av-1/request bytes=1349 forwarded=1
1782918554.659672 publish topic=ipi/load-qos-run-1/latency/av-1/ack bytes=233 forwarded=1
1782918554.889076 publish topic=ipi/load-qos-run-1/latency/av-1/request bytes=1349 forwarded=1
1782918554.889715 publish topic=ipi/load-qos-run-1/latency/av-1/ack bytes=233 forwarded=1
1782918555.129686 publish topic=ipi/load-qos-run-1/latency/av-1/request bytes=1349 forwarded=1
1782918555.130311 publish topic=ipi/load-qos-run-1/latency/av-1/ack bytes=233 forwarded=1
1782918555.369777 publish topic=ipi/load-qos-run-1/latency/av-1/request bytes=1349 forwarded=1
1782918555.370427 publish topic=ipi/load-qos-run-1/latency/av-1/ack bytes=233 forwarded=1
1782918555.600098 publish topic=ipi/load-qos-run-1/latency/av-1/request bytes=1349 forwarded=1
1782918555.600756 publish topic=ipi/load-qos-run-1/latency/av-1/ack bytes=233 forwarded=1
1782918555.820252 publish topic=ipi/load-qos-run-1/latency/av-1/request bytes=1349 forwarded=1
1782918555.820949 publish topic=ipi/load-qos-run-1/latency/av-1/ack bytes=233 forwarded=1
1782918556.050746 publish topic=ipi/load-qos-run-1/latency/av-1/request bytes=1349 forwarded=1
1782918556.051367 publish topic=ipi/load-qos-run-1/latency/av-1/ack bytes=233 forwarded=1
1782918556.300814 publish topic=ipi/load-qos-run-1/latency/av-1/request bytes=1349 forwarded=1
1782918556.301451 publish topic=ipi/load-qos-run-1/latency/av-1/ack bytes=233 forwarded=1
1782918556.531181 publish topic=ipi/load-qos-run-1/latency/av-1/request bytes=1349 forwarded=1
1782918556.531818 publish topic=ipi/load-qos-run-1/latency/av-1/ack bytes=233 forwarded=1
1782918556.761405 publish topic=ipi/load-qos-run-1/latency/av-1/request bytes=1349 forwarded=1
1782918556.762030 publish topic=ipi/load-qos-run-1/latency/av-1/ack bytes=233 forwarded=1
1782918557.011821 publish topic=ipi/load-qos-run-1/latency/av-1/request bytes=1349 forwarded=1
1782918557.012463 publish topic=ipi/load-qos-run-1/latency/av-1/ack bytes=233 forwarded=1
1782918557.252248 publish topic=ipi/load-qos-run-1/latency/av-1/request bytes=1349 forwarded=1
1782918557.252860 publish topic=ipi/load-qos-run-1/latency/av-1/ack bytes=233 forwarded=1
1782918557.502776 publish topic=ipi/load-qos-run-1/latency/av-1/request bytes=1349 forwarded=1
1782918557.503413 publish topic=ipi/load-qos-run-1/latency/av-1/ack bytes=233 forwarded=1
1782918557.743009 publish topic=ipi/load-qos-run-1/latency/av-1/request bytes=1349 forwarded=1
1782918557.743650 publish topic=ipi/load-qos-run-1/latency/av-1/ack bytes=233 forwarded=1
1782918557.973169 publish topic=ipi/load-qos-run-1/latency/av-1/request bytes=1349 forwarded=1
1782918557.973808 publish topic=ipi/load-qos-run-1/latency/av-1/ack bytes=233 forwarded=1
1782918558.203541 publish topic=ipi/load-qos-run-1/latency/av-1/request bytes=1349 forwarded=1
1782918558.204180 publish topic=ipi/load-qos-run-1/latency/av-1/ack bytes=233 forwarded=1
1782918558.433755 publish topic=ipi/load-qos-run-1/latency/av-1/request bytes=1349 forwarded=1
1782918558.434411 publish topic=ipi/load-qos-run-1/latency/av-1/ack bytes=233 forwarded=1
1782918558.664034 publish topic=ipi/load-qos-run-1/latency/av-1/request bytes=1349 forwarded=1
1782918558.664665 publish topic=ipi/load-qos-run-1/latency/av-1/ack bytes=233 forwarded=1
1782918558.894161 publish topic=ipi/load-qos-run-1/latency/av-1/request bytes=1349 forwarded=1
1782918558.894801 publish topic=ipi/load-qos-run-1/latency/av-1/ack bytes=233 forwarded=1
1782918559.134766 publish topic=ipi/load-qos-run-1/latency/av-1/request bytes=1349 forwarded=1
1782918559.135456 publish topic=ipi/load-qos-run-1/latency/av-1/ack bytes=233 forwarded=1
1782918559.354911 publish topic=ipi/load-qos-run-1/latency/av-1/request bytes=1349 forwarded=1
1782918559.355549 publish topic=ipi/load-qos-run-1/latency/av-1/ack bytes=233 forwarded=1
1782918559.585155 publish topic=ipi/load-qos-run-1/latency/av-1/request bytes=1349 forwarded=1
1782918559.585769 publish topic=ipi/load-qos-run-1/latency/av-1/ack bytes=233 forwarded=1
1782918559.815429 publish topic=ipi/load-qos-run-1/latency/av-1/request bytes=1349 forwarded=1
1782918559.816083 publish topic=ipi/load-qos-run-1/latency/av-1/ack bytes=233 forwarded=1
1782918560.055905 publish topic=ipi/load-qos-run-1/latency/av-1/request bytes=1349 forwarded=1
1782918560.056548 publish topic=ipi/load-qos-run-1/latency/av-1/ack bytes=233 forwarded=1
1782918560.286006 publish topic=ipi/load-qos-run-1/latency/av-1/request bytes=1349 forwarded=1
1782918560.286644 publish topic=ipi/load-qos-run-1/latency/av-1/ack bytes=233 forwarded=1
1782918560.516300 publish topic=ipi/load-qos-run-1/latency/av-1/request bytes=1349 forwarded=1
1782918560.516931 publish topic=ipi/load-qos-run-1/latency/av-1/ack bytes=233 forwarded=1
1782918560.746679 publish topic=ipi/load-qos-run-1/latency/av-1/request bytes=1349 forwarded=1
1782918560.747323 publish topic=ipi/load-qos-run-1/latency/av-1/ack bytes=233 forwarded=1
1782918560.986853 publish topic=ipi/load-qos-run-1/latency/av-1/request bytes=1349 forwarded=1
1782918560.987498 publish topic=ipi/load-qos-run-1/latency/av-1/ack bytes=233 forwarded=1
1782918561.227130 publish topic=ipi/load-qos-run-1/latency/av-1/request bytes=1349 forwarded=1
1782918561.227773 publish topic=ipi/load-qos-run-1/latency/av-1/ack bytes=233 forwarded=1
1782918561.457400 publish topic=ipi/load-qos-run-1/latency/av-1/request bytes=1349 forwarded=1
1782918561.458022 publish topic=ipi/load-qos-run-1/latency/av-1/ack bytes=233 forwarded=1
1782918561.687708 publish topic=ipi/load-qos-run-1/latency/av-1/request bytes=1349 forwarded=1
1782918561.688360 publish topic=ipi/load-qos-run-1/latency/av-1/ack bytes=233 forwarded=1
1782918561.918002 publish topic=ipi/load-qos-run-1/latency/av-1/request bytes=1349 forwarded=1
1782918561.918612 publish topic=ipi/load-qos-run-1/latency/av-1/ack bytes=233 forwarded=1
1782918562.158379 publish topic=ipi/load-qos-run-1/latency/av-1/request bytes=1349 forwarded=1
1782918562.158997 publish topic=ipi/load-qos-run-1/latency/av-1/ack bytes=233 forwarded=1
1782918562.398571 publish topic=ipi/load-qos-run-1/latency/av-1/request bytes=1349 forwarded=1
1782918562.399196 publish topic=ipi/load-qos-run-1/latency/av-1/ack bytes=233 forwarded=1
1782918562.639112 publish topic=ipi/load-qos-run-1/latency/av-1/request bytes=1349 forwarded=1
1782918562.639730 publish topic=ipi/load-qos-run-1/latency/av-1/ack bytes=233 forwarded=1
1782918562.879213 publish topic=ipi/load-qos-run-1/latency/av-1/request bytes=1349 forwarded=1
1782918562.879836 publish topic=ipi/load-qos-run-1/latency/av-1/ack bytes=233 forwarded=1
1782918563.099733 publish topic=ipi/load-qos-run-1/latency/av-1/request bytes=1349 forwarded=1
1782918563.100351 publish topic=ipi/load-qos-run-1/latency/av-1/ack bytes=233 forwarded=1
1782918563.330085 publish topic=ipi/load-qos-run-1/latency/av-1/request bytes=1349 forwarded=1
1782918563.330736 publish topic=ipi/load-qos-run-1/latency/av-1/ack bytes=233 forwarded=1
1782918563.560172 publish topic=ipi/load-qos-run-1/latency/av-1/request bytes=1349 forwarded=1
1782918563.560857 publish topic=ipi/load-qos-run-1/latency/av-1/ack bytes=233 forwarded=1
1782918563.800763 publish topic=ipi/load-qos-run-1/latency/av-1/request bytes=1349 forwarded=1
1782918563.801405 publish topic=ipi/load-qos-run-1/latency/av-1/ack bytes=233 forwarded=1
1782918564.040877 publish topic=ipi/load-qos-run-1/latency/av-1/request bytes=1349 forwarded=1
1782918564.041519 publish topic=ipi/load-qos-run-1/latency/av-1/ack bytes=233 forwarded=1
1782918564.281313 publish topic=ipi/load-qos-run-1/latency/av-1/request bytes=1349 forwarded=1
1782918564.281956 publish topic=ipi/load-qos-run-1/latency/av-1/ack bytes=233 forwarded=1
1782918564.521860 publish topic=ipi/load-qos-run-1/latency/av-1/request bytes=1349 forwarded=1
1782918564.522535 publish topic=ipi/load-qos-run-1/latency/av-1/ack bytes=233 forwarded=1
1782918564.752150 publish topic=ipi/load-qos-run-1/latency/av-1/request bytes=1349 forwarded=1
1782918564.752771 publish topic=ipi/load-qos-run-1/latency/av-1/ack bytes=233 forwarded=1
1782918564.982409 publish topic=ipi/load-qos-run-1/latency/av-1/request bytes=1349 forwarded=1
1782918564.983000 publish topic=ipi/load-qos-run-1/latency/av-1/ack bytes=233 forwarded=1
1782918565.212796 publish topic=ipi/load-qos-run-1/latency/av-1/request bytes=1349 forwarded=1
1782918565.213419 publish topic=ipi/load-qos-run-1/latency/av-1/ack bytes=233 forwarded=1
1782918565.452905 publish topic=ipi/load-qos-run-1/latency/av-1/request bytes=1349 forwarded=1
1782918565.453494 publish topic=ipi/load-qos-run-1/latency/av-1/ack bytes=233 forwarded=1
1782918565.673117 publish topic=ipi/load-qos-run-1/latency/av-1/request bytes=1349 forwarded=1
1782918565.673735 publish topic=ipi/load-qos-run-1/latency/av-1/ack bytes=233 forwarded=1
1782918565.913593 publish topic=ipi/load-qos-run-1/latency/av-1/request bytes=1349 forwarded=1
1782918565.914177 publish topic=ipi/load-qos-run-1/latency/av-1/ack bytes=233 forwarded=1
1782918566.143991 publish topic=ipi/load-qos-run-1/latency/av-1/request bytes=1349 forwarded=1
1782918566.144607 publish topic=ipi/load-qos-run-1/latency/av-1/ack bytes=233 forwarded=1
1782918566.373987 publish topic=ipi/load-qos-run-1/latency/av-1/request bytes=1349 forwarded=1
1782918566.374582 publish topic=ipi/load-qos-run-1/latency/av-1/ack bytes=233 forwarded=1
1782918566.604405 publish topic=ipi/load-qos-run-1/latency/av-1/request bytes=1349 forwarded=1
1782918566.605036 publish topic=ipi/load-qos-run-1/latency/av-1/ack bytes=233 forwarded=1
1782918566.834645 publish topic=ipi/load-qos-run-1/latency/av-1/request bytes=1349 forwarded=1
1782918566.835270 publish topic=ipi/load-qos-run-1/latency/av-1/ack bytes=233 forwarded=1
1782918567.064968 publish topic=ipi/load-qos-run-1/latency/av-1/request bytes=1349 forwarded=1
1782918567.065557 publish topic=ipi/load-qos-run-1/latency/av-1/ack bytes=233 forwarded=1
1782918567.295292 publish topic=ipi/load-qos-run-1/latency/av-1/request bytes=1349 forwarded=1
1782918567.295918 publish topic=ipi/load-qos-run-1/latency/av-1/ack bytes=233 forwarded=1
1782918567.515559 publish topic=ipi/load-qos-run-1/latency/av-1/request bytes=1349 forwarded=1
1782918567.516177 publish topic=ipi/load-qos-run-1/latency/av-1/ack bytes=233 forwarded=1
1782918567.745897 publish topic=ipi/load-qos-run-1/latency/av-1/request bytes=1349 forwarded=1
1782918567.746484 publish topic=ipi/load-qos-run-1/latency/av-1/ack bytes=233 forwarded=1
1782918567.976110 publish topic=ipi/load-qos-run-1/latency/av-1/request bytes=1349 forwarded=1
1782918567.976729 publish topic=ipi/load-qos-run-1/latency/av-1/ack bytes=233 forwarded=1
1782918568.216515 publish topic=ipi/load-qos-run-1/latency/av-1/request bytes=1349 forwarded=1
1782918568.217127 publish topic=ipi/load-qos-run-1/latency/av-1/ack bytes=233 forwarded=1
1782918568.456794 publish topic=ipi/load-qos-run-1/latency/av-1/request bytes=1349 forwarded=1
1782918568.457433 publish topic=ipi/load-qos-run-1/latency/av-1/ack bytes=233 forwarded=1
1782918568.696903 publish topic=ipi/load-qos-run-1/latency/av-1/request bytes=1349 forwarded=1
1782918568.697524 publish topic=ipi/load-qos-run-1/latency/av-1/ack bytes=233 forwarded=1
1782918568.927122 publish topic=ipi/load-qos-run-1/latency/av-1/request bytes=1349 forwarded=1
1782918568.927711 publish topic=ipi/load-qos-run-1/latency/av-1/ack bytes=233 forwarded=1
1782918569.157753 publish topic=ipi/load-qos-run-1/latency/av-1/request bytes=1349 forwarded=1
1782918569.158393 publish topic=ipi/load-qos-run-1/latency/av-1/ack bytes=233 forwarded=1
1782918569.387931 publish topic=ipi/load-qos-run-1/latency/av-1/request bytes=1349 forwarded=1
1782918569.388547 publish topic=ipi/load-qos-run-1/latency/av-1/ack bytes=233 forwarded=1
1782918569.618372 publish topic=ipi/load-qos-run-1/latency/av-1/request bytes=1349 forwarded=1
1782918569.618990 publish topic=ipi/load-qos-run-1/latency/av-1/ack bytes=233 forwarded=1
1782918569.848799 publish topic=ipi/load-qos-run-1/latency/av-1/request bytes=1349 forwarded=1
1782918569.849397 publish topic=ipi/load-qos-run-1/latency/av-1/ack bytes=233 forwarded=1
1782918570.079116 publish topic=ipi/load-qos-run-1/latency/av-1/request bytes=1349 forwarded=1
1782918570.079742 publish topic=ipi/load-qos-run-1/latency/av-1/ack bytes=233 forwarded=1
1782918570.309301 publish topic=ipi/load-qos-run-1/latency/av-1/request bytes=1349 forwarded=1
1782918570.309918 publish topic=ipi/load-qos-run-1/latency/av-1/ack bytes=233 forwarded=1
1782918570.529830 publish topic=ipi/load-qos-run-1/latency/av-1/request bytes=1349 forwarded=1
1782918570.530454 publish topic=ipi/load-qos-run-1/latency/av-1/ack bytes=233 forwarded=1
1782918570.760050 publish topic=ipi/load-qos-run-1/latency/av-1/request bytes=1349 forwarded=1
1782918570.760730 publish topic=ipi/load-qos-run-1/latency/av-1/ack bytes=233 forwarded=1
1782918570.980257 publish topic=ipi/load-qos-run-1/latency/av-1/request bytes=1349 forwarded=1
1782918570.980912 publish topic=ipi/load-qos-run-1/latency/av-1/ack bytes=233 forwarded=1
1782918571.200619 publish topic=ipi/load-qos-run-1/latency/av-1/request bytes=1349 forwarded=1
1782918571.201294 publish topic=ipi/load-qos-run-1/latency/av-1/ack bytes=233 forwarded=1
1782918571.430902 publish topic=ipi/load-qos-run-1/latency/av-1/request bytes=1349 forwarded=1
1782918571.431597 publish topic=ipi/load-qos-run-1/latency/av-1/ack bytes=233 forwarded=1
1782918571.681254 publish topic=ipi/load-qos-run-1/latency/av-1/request bytes=1349 forwarded=1
1782918571.681891 publish topic=ipi/load-qos-run-1/latency/av-1/ack bytes=233 forwarded=1
1782918571.911436 publish topic=ipi/load-qos-run-1/latency/av-1/request bytes=1349 forwarded=1
1782918571.912126 publish topic=ipi/load-qos-run-1/latency/av-1/ack bytes=233 forwarded=1
1782918572.141938 publish topic=ipi/load-qos-run-1/latency/av-1/request bytes=1349 forwarded=1
1782918572.142595 publish topic=ipi/load-qos-run-1/latency/av-1/ack bytes=233 forwarded=1
1782918572.382107 publish topic=ipi/load-qos-run-1/latency/av-1/request bytes=1349 forwarded=1
1782918572.382750 publish topic=ipi/load-qos-run-1/latency/av-1/ack bytes=233 forwarded=1
1782918572.622467 publish topic=ipi/load-qos-run-1/latency/av-1/request bytes=1349 forwarded=1
1782918572.623108 publish topic=ipi/load-qos-run-1/latency/av-1/ack bytes=233 forwarded=1
1782918572.852444 publish topic=ipi/load-qos-run-1/latency/av-1/request bytes=1349 forwarded=1
1782918572.853127 publish topic=ipi/load-qos-run-1/latency/av-1/ack bytes=233 forwarded=1
1782918573.092895 publish topic=ipi/load-qos-run-1/latency/av-1/request bytes=1349 forwarded=1
1782918573.093547 publish topic=ipi/load-qos-run-1/latency/av-1/ack bytes=233 forwarded=1
1782918573.323067 publish topic=ipi/load-qos-run-1/latency/av-1/request bytes=1349 forwarded=1
1782918573.323721 publish topic=ipi/load-qos-run-1/latency/av-1/ack bytes=233 forwarded=1
1782918573.543283 publish topic=ipi/load-qos-run-1/latency/av-1/request bytes=1349 forwarded=1
1782918573.543963 publish topic=ipi/load-qos-run-1/latency/av-1/ack bytes=233 forwarded=1
1782918573.783550 publish topic=ipi/load-qos-run-1/latency/av-1/request bytes=1349 forwarded=1
1782918573.784186 publish topic=ipi/load-qos-run-1/latency/av-1/ack bytes=233 forwarded=1
1782918574.014080 publish topic=ipi/load-qos-run-1/latency/av-1/request bytes=1349 forwarded=1
1782918574.014723 publish topic=ipi/load-qos-run-1/latency/av-1/ack bytes=233 forwarded=1
1782918574.244296 publish topic=ipi/load-qos-run-1/latency/av-1/request bytes=1349 forwarded=1
1782918574.244974 publish topic=ipi/load-qos-run-1/latency/av-1/ack bytes=233 forwarded=1
1782918574.474514 publish topic=ipi/load-qos-run-1/latency/av-1/request bytes=1349 forwarded=1
1782918574.475140 publish topic=ipi/load-qos-run-1/latency/av-1/ack bytes=233 forwarded=1
1782918574.704911 publish topic=ipi/load-qos-run-1/latency/av-1/request bytes=1349 forwarded=1
1782918574.705559 publish topic=ipi/load-qos-run-1/latency/av-1/ack bytes=233 forwarded=1
1782918574.935017 publish topic=ipi/load-qos-run-1/latency/av-1/request bytes=1349 forwarded=1
1782918574.935708 publish topic=ipi/load-qos-run-1/latency/av-1/ack bytes=233 forwarded=1
1782918575.165322 publish topic=ipi/load-qos-run-1/latency/av-1/request bytes=1349 forwarded=1
1782918575.165967 publish topic=ipi/load-qos-run-1/latency/av-1/ack bytes=233 forwarded=1
1782918575.385595 publish topic=ipi/load-qos-run-1/latency/av-1/request bytes=1349 forwarded=1
1782918575.386239 publish topic=ipi/load-qos-run-1/latency/av-1/ack bytes=233 forwarded=1
1782918575.615968 publish topic=ipi/load-qos-run-1/latency/av-1/request bytes=1349 forwarded=1
1782918575.616619 publish topic=ipi/load-qos-run-1/latency/av-1/ack bytes=233 forwarded=1
1782918575.846233 publish topic=ipi/load-qos-run-1/latency/av-1/request bytes=1349 forwarded=1
1782918575.846885 publish topic=ipi/load-qos-run-1/latency/av-1/ack bytes=233 forwarded=1
1782918576.086543 publish topic=ipi/load-qos-run-1/latency/av-1/request bytes=1349 forwarded=1
1782918576.087188 publish topic=ipi/load-qos-run-1/latency/av-1/ack bytes=233 forwarded=1
1782918576.316940 publish topic=ipi/load-qos-run-1/latency/av-1/request bytes=1349 forwarded=1
1782918576.317571 publish topic=ipi/load-qos-run-1/latency/av-1/ack bytes=233 forwarded=1
1782918576.547466 publish topic=ipi/load-qos-run-1/latency/av-1/request bytes=1349 forwarded=1
1782918576.548104 publish topic=ipi/load-qos-run-1/latency/av-1/ack bytes=233 forwarded=1
1782918576.767857 publish topic=ipi/load-qos-run-1/latency/av-1/request bytes=1349 forwarded=1
1782918576.768499 publish topic=ipi/load-qos-run-1/latency/av-1/ack bytes=233 forwarded=1
1782918577.008206 publish topic=ipi/load-qos-run-1/latency/av-1/request bytes=1349 forwarded=1
1782918577.008874 publish topic=ipi/load-qos-run-1/latency/av-1/ack bytes=233 forwarded=1
1782918577.238320 publish topic=ipi/load-qos-run-1/latency/av-1/request bytes=1349 forwarded=1
1782918577.238971 publish topic=ipi/load-qos-run-1/latency/av-1/ack bytes=233 forwarded=1
1782918577.458804 publish topic=ipi/load-qos-run-1/latency/av-1/request bytes=1349 forwarded=1
1782918577.459507 publish topic=ipi/load-qos-run-1/latency/av-1/ack bytes=233 forwarded=1
1782918577.689043 publish topic=ipi/load-qos-run-1/latency/av-1/request bytes=1349 forwarded=1
1782918577.689632 publish topic=ipi/load-qos-run-1/latency/av-1/ack bytes=233 forwarded=1
1782918577.929215 publish topic=ipi/load-qos-run-1/latency/av-1/request bytes=1349 forwarded=1
1782918577.929906 publish topic=ipi/load-qos-run-1/latency/av-1/ack bytes=233 forwarded=1
1782918578.169566 publish topic=ipi/load-qos-run-1/latency/av-1/request bytes=1349 forwarded=1
1782918578.170178 publish topic=ipi/load-qos-run-1/latency/av-1/ack bytes=233 forwarded=1
1782918578.400069 publish topic=ipi/load-qos-run-1/latency/av-1/request bytes=1349 forwarded=1
1782918578.400651 publish topic=ipi/load-qos-run-1/latency/av-1/ack bytes=233 forwarded=1
1782918578.630269 publish topic=ipi/load-qos-run-1/latency/av-1/request bytes=1349 forwarded=1
1782918578.630883 publish topic=ipi/load-qos-run-1/latency/av-1/ack bytes=233 forwarded=1
1782918578.850422 publish topic=ipi/load-qos-run-1/latency/av-1/request bytes=1349 forwarded=1
1782918578.851049 publish topic=ipi/load-qos-run-1/latency/av-1/ack bytes=233 forwarded=1
1782918579.070687 publish topic=ipi/load-qos-run-1/latency/av-1/request bytes=1349 forwarded=1
1782918579.071321 publish topic=ipi/load-qos-run-1/latency/av-1/ack bytes=233 forwarded=1
1782918579.310989 publish topic=ipi/load-qos-run-1/latency/av-1/request bytes=1349 forwarded=1
1782918579.311625 publish topic=ipi/load-qos-run-1/latency/av-1/ack bytes=233 forwarded=1
1782918579.551400 publish topic=ipi/load-qos-run-1/latency/av-1/request bytes=1349 forwarded=1
1782918579.552025 publish topic=ipi/load-qos-run-1/latency/av-1/ack bytes=233 forwarded=1
1782918579.781495 publish topic=ipi/load-qos-run-1/latency/av-1/request bytes=1349 forwarded=1
1782918579.782135 publish topic=ipi/load-qos-run-1/latency/av-1/ack bytes=233 forwarded=1
1782918580.011968 publish topic=ipi/load-qos-run-1/latency/av-1/request bytes=1349 forwarded=1
1782918580.012596 publish topic=ipi/load-qos-run-1/latency/av-1/ack bytes=233 forwarded=1
1782918580.242270 publish topic=ipi/load-qos-run-1/latency/av-1/request bytes=1349 forwarded=1
1782918580.242915 publish topic=ipi/load-qos-run-1/latency/av-1/ack bytes=233 forwarded=1
1782918580.472364 publish topic=ipi/load-qos-run-1/latency/av-1/request bytes=1349 forwarded=1
1782918580.473096 publish topic=ipi/load-qos-run-1/latency/av-1/ack bytes=233 forwarded=1
1782918580.702709 publish topic=ipi/load-qos-run-1/latency/av-1/request bytes=1349 forwarded=1
1782918580.703343 publish topic=ipi/load-qos-run-1/latency/av-1/ack bytes=233 forwarded=1
1782918580.932979 publish topic=ipi/load-qos-run-1/latency/av-1/request bytes=1349 forwarded=1
1782918580.933656 publish topic=ipi/load-qos-run-1/latency/av-1/ack bytes=233 forwarded=1
1782918581.163173 publish topic=ipi/load-qos-run-1/latency/av-1/request bytes=1349 forwarded=1
1782918581.163810 publish topic=ipi/load-qos-run-1/latency/av-1/ack bytes=233 forwarded=1
1782918581.403440 publish topic=ipi/load-qos-run-1/latency/av-1/request bytes=1349 forwarded=1
1782918581.404089 publish topic=ipi/load-qos-run-1/latency/av-1/ack bytes=233 forwarded=1
1782918581.634037 publish topic=ipi/load-qos-run-1/latency/av-1/request bytes=1349 forwarded=1
1782918581.634673 publish topic=ipi/load-qos-run-1/latency/av-1/ack bytes=233 forwarded=1
1782918581.864147 publish topic=ipi/load-qos-run-1/latency/av-1/request bytes=1349 forwarded=1
1782918581.864806 publish topic=ipi/load-qos-run-1/latency/av-1/ack bytes=233 forwarded=1
1782918582.094621 publish topic=ipi/load-qos-run-1/latency/av-1/request bytes=1349 forwarded=1
1782918582.095252 publish topic=ipi/load-qos-run-1/latency/av-1/ack bytes=233 forwarded=1
1782918582.314939 publish topic=ipi/load-qos-run-1/latency/av-1/request bytes=1349 forwarded=1
1782918582.315578 publish topic=ipi/load-qos-run-1/latency/av-1/ack bytes=233 forwarded=1
1782918582.545126 publish topic=ipi/load-qos-run-1/latency/av-1/request bytes=1349 forwarded=1
1782918582.545761 publish topic=ipi/load-qos-run-1/latency/av-1/ack bytes=233 forwarded=1
1782918582.775786 publish topic=ipi/load-qos-run-1/latency/av-1/request bytes=1349 forwarded=1
1782918582.776405 publish topic=ipi/load-qos-run-1/latency/av-1/ack bytes=233 forwarded=1
1782918583.016045 publish topic=ipi/load-qos-run-1/latency/av-1/request bytes=1349 forwarded=1
1782918583.016709 publish topic=ipi/load-qos-run-1/latency/av-1/ack bytes=233 forwarded=1
1782918583.246362 publish topic=ipi/load-qos-run-1/latency/av-1/request bytes=1349 forwarded=1
1782918583.246994 publish topic=ipi/load-qos-run-1/latency/av-1/ack bytes=233 forwarded=1
1782918583.476773 publish topic=ipi/load-qos-run-1/latency/av-1/request bytes=1349 forwarded=1
1782918583.477403 publish topic=ipi/load-qos-run-1/latency/av-1/ack bytes=233 forwarded=1
1782918583.707061 publish topic=ipi/load-qos-run-1/latency/av-1/request bytes=1349 forwarded=1
1782918583.707687 publish topic=ipi/load-qos-run-1/latency/av-1/ack bytes=233 forwarded=1
1782918583.947400 publish topic=ipi/load-qos-run-1/latency/av-1/request bytes=1349 forwarded=1
1782918583.948067 publish topic=ipi/load-qos-run-1/latency/av-1/ack bytes=233 forwarded=1
1782918584.167786 publish topic=ipi/load-qos-run-1/latency/av-1/request bytes=1349 forwarded=1
1782918584.168426 publish topic=ipi/load-qos-run-1/latency/av-1/ack bytes=233 forwarded=1
1782918584.397821 publish topic=ipi/load-qos-run-1/latency/av-1/request bytes=1349 forwarded=1
1782918584.398461 publish topic=ipi/load-qos-run-1/latency/av-1/ack bytes=233 forwarded=1
1782918584.638203 publish topic=ipi/load-qos-run-1/latency/av-1/request bytes=1349 forwarded=1
1782918584.638834 publish topic=ipi/load-qos-run-1/latency/av-1/ack bytes=233 forwarded=1
1782918584.878280 publish topic=ipi/load-qos-run-1/latency/av-1/request bytes=1349 forwarded=1
1782918584.878907 publish topic=ipi/load-qos-run-1/latency/av-1/ack bytes=233 forwarded=1
1782918585.118922 publish topic=ipi/load-qos-run-1/latency/av-1/request bytes=1349 forwarded=1
1782918585.119551 publish topic=ipi/load-qos-run-1/latency/av-1/ack bytes=233 forwarded=1
1782918585.359087 publish topic=ipi/load-qos-run-1/latency/av-1/request bytes=1349 forwarded=1
1782918585.359722 publish topic=ipi/load-qos-run-1/latency/av-1/ack bytes=233 forwarded=1
1782918585.599348 publish topic=ipi/load-qos-run-1/latency/av-1/request bytes=1349 forwarded=1
1782918585.600003 publish topic=ipi/load-qos-run-1/latency/av-1/ack bytes=233 forwarded=1
1782918585.839652 publish topic=ipi/load-qos-run-1/latency/av-1/request bytes=1349 forwarded=1
1782918585.840284 publish topic=ipi/load-qos-run-1/latency/av-1/ack bytes=233 forwarded=1
1782918586.070070 publish topic=ipi/load-qos-run-1/latency/av-1/request bytes=1349 forwarded=1
1782918586.070709 publish topic=ipi/load-qos-run-1/latency/av-1/ack bytes=233 forwarded=1
1782918586.310405 publish topic=ipi/load-qos-run-1/latency/av-1/request bytes=1349 forwarded=1
1782918586.311037 publish topic=ipi/load-qos-run-1/latency/av-1/ack bytes=233 forwarded=1
1782918586.540765 publish topic=ipi/load-qos-run-1/latency/av-1/request bytes=1349 forwarded=1
1782918586.541384 publish topic=ipi/load-qos-run-1/latency/av-1/ack bytes=233 forwarded=1
1782918586.770853 publish topic=ipi/load-qos-run-1/latency/av-1/request bytes=1349 forwarded=1
1782918586.771492 publish topic=ipi/load-qos-run-1/latency/av-1/ack bytes=233 forwarded=1
1782918587.000933 publish topic=ipi/load-qos-run-1/latency/av-1/request bytes=1349 forwarded=1
1782918587.001564 publish topic=ipi/load-qos-run-1/latency/av-1/ack bytes=233 forwarded=1
1782918587.231509 publish topic=ipi/load-qos-run-1/latency/av-1/request bytes=1349 forwarded=1
1782918587.232134 publish topic=ipi/load-qos-run-1/latency/av-1/ack bytes=233 forwarded=1
1782918587.471677 publish topic=ipi/load-qos-run-1/latency/av-1/request bytes=1349 forwarded=1
1782918587.472330 publish topic=ipi/load-qos-run-1/latency/av-1/ack bytes=233 forwarded=1
1782918587.712131 publish topic=ipi/load-qos-run-1/latency/av-1/request bytes=1349 forwarded=1
1782918587.712788 publish topic=ipi/load-qos-run-1/latency/av-1/ack bytes=233 forwarded=1
1782918587.942273 publish topic=ipi/load-qos-run-1/latency/av-1/request bytes=1349 forwarded=1
1782918587.942902 publish topic=ipi/load-qos-run-1/latency/av-1/ack bytes=233 forwarded=1
1782918588.172554 publish topic=ipi/load-qos-run-1/latency/av-1/request bytes=1349 forwarded=1
1782918588.173219 publish topic=ipi/load-qos-run-1/latency/av-1/ack bytes=233 forwarded=1
1782918588.402805 publish topic=ipi/load-qos-run-1/latency/av-1/request bytes=1349 forwarded=1
1782918588.403425 publish topic=ipi/load-qos-run-1/latency/av-1/ack bytes=233 forwarded=1
1782918588.643095 publish topic=ipi/load-qos-run-1/latency/av-1/request bytes=1349 forwarded=1
1782918588.643734 publish topic=ipi/load-qos-run-1/latency/av-1/ack bytes=233 forwarded=1
1782918588.863208 publish topic=ipi/load-qos-run-1/latency/av-1/request bytes=1349 forwarded=1
1782918588.863835 publish topic=ipi/load-qos-run-1/latency/av-1/ack bytes=233 forwarded=1
1782918589.093603 publish topic=ipi/load-qos-run-1/latency/av-1/request bytes=1349 forwarded=1
1782918589.094243 publish topic=ipi/load-qos-run-1/latency/av-1/ack bytes=233 forwarded=1
1782918589.324217 publish topic=ipi/load-qos-run-1/latency/av-1/request bytes=1349 forwarded=1
1782918589.324942 publish topic=ipi/load-qos-run-1/latency/av-1/ack bytes=233 forwarded=1
1782918589.564570 publish topic=ipi/load-qos-run-1/latency/av-1/request bytes=1349 forwarded=1
1782918589.565238 publish topic=ipi/load-qos-run-1/latency/av-1/ack bytes=233 forwarded=1
1782918589.804811 publish topic=ipi/load-qos-run-1/latency/av-1/request bytes=1349 forwarded=1
1782918589.805436 publish topic=ipi/load-qos-run-1/latency/av-1/ack bytes=233 forwarded=1
1782918590.045124 publish topic=ipi/load-qos-run-1/latency/av-1/request bytes=1349 forwarded=1
1782918590.045760 publish topic=ipi/load-qos-run-1/latency/av-1/ack bytes=233 forwarded=1
1782918590.275687 publish topic=ipi/load-qos-run-1/latency/av-1/request bytes=1349 forwarded=1
1782918590.276319 publish topic=ipi/load-qos-run-1/latency/av-1/ack bytes=233 forwarded=1
1782918590.516003 publish topic=ipi/load-qos-run-1/latency/av-1/request bytes=1349 forwarded=1
1782918590.516636 publish topic=ipi/load-qos-run-1/latency/av-1/ack bytes=233 forwarded=1
1782918590.746296 publish topic=ipi/load-qos-run-1/latency/av-1/request bytes=1349 forwarded=1
1782918590.746928 publish topic=ipi/load-qos-run-1/latency/av-1/ack bytes=233 forwarded=1
1782918590.966297 publish topic=ipi/load-qos-run-1/latency/av-1/request bytes=1349 forwarded=1
1782918590.966925 publish topic=ipi/load-qos-run-1/latency/av-1/ack bytes=233 forwarded=1
1782918591.206841 publish topic=ipi/load-qos-run-1/latency/av-1/request bytes=1349 forwarded=1
1782918591.207467 publish topic=ipi/load-qos-run-1/latency/av-1/ack bytes=233 forwarded=1
1782918591.436815 publish topic=ipi/load-qos-run-1/latency/av-1/request bytes=1349 forwarded=1
1782918591.437440 publish topic=ipi/load-qos-run-1/latency/av-1/ack bytes=233 forwarded=1
1782918591.677320 publish topic=ipi/load-qos-run-1/latency/av-1/request bytes=1349 forwarded=1
1782918591.677953 publish topic=ipi/load-qos-run-1/latency/av-1/ack bytes=233 forwarded=1
1782918591.917516 publish topic=ipi/load-qos-run-1/latency/av-1/request bytes=1349 forwarded=1
1782918591.918098 publish topic=ipi/load-qos-run-1/latency/av-1/ack bytes=233 forwarded=1
1782918592.158016 publish topic=ipi/load-qos-run-1/latency/av-1/request bytes=1349 forwarded=1
1782918592.158635 publish topic=ipi/load-qos-run-1/latency/av-1/ack bytes=233 forwarded=1
1782918592.388095 publish topic=ipi/load-qos-run-1/latency/av-1/request bytes=1349 forwarded=1
1782918592.388706 publish topic=ipi/load-qos-run-1/latency/av-1/ack bytes=233 forwarded=1
1782918592.628626 publish topic=ipi/load-qos-run-1/latency/av-1/request bytes=1349 forwarded=1
1782918592.629229 publish topic=ipi/load-qos-run-1/latency/av-1/ack bytes=233 forwarded=1
1782918592.868606 publish topic=ipi/load-qos-run-1/latency/av-1/request bytes=1349 forwarded=1
1782918592.869243 publish topic=ipi/load-qos-run-1/latency/av-1/ack bytes=233 forwarded=1
1782918593.098932 publish topic=ipi/load-qos-run-1/latency/av-1/request bytes=1349 forwarded=1
1782918593.099547 publish topic=ipi/load-qos-run-1/latency/av-1/ack bytes=233 forwarded=1
1782918593.329195 publish topic=ipi/load-qos-run-1/latency/av-1/request bytes=1349 forwarded=1
1782918593.329782 publish topic=ipi/load-qos-run-1/latency/av-1/ack bytes=233 forwarded=1
1782918593.559632 publish topic=ipi/load-qos-run-1/latency/av-1/request bytes=1349 forwarded=1
1782918593.560252 publish topic=ipi/load-qos-run-1/latency/av-1/ack bytes=233 forwarded=1
1782918593.789899 publish topic=ipi/load-qos-run-1/latency/av-1/request bytes=1349 forwarded=1
1782918593.790523 publish topic=ipi/load-qos-run-1/latency/av-1/ack bytes=233 forwarded=1
1782918594.020303 publish topic=ipi/load-qos-run-1/latency/av-1/request bytes=1349 forwarded=1
1782918594.020983 publish topic=ipi/load-qos-run-1/latency/av-1/ack bytes=233 forwarded=1
1782918594.250655 publish topic=ipi/load-qos-run-1/latency/av-1/request bytes=1349 forwarded=1
1782918594.251241 publish topic=ipi/load-qos-run-1/latency/av-1/ack bytes=233 forwarded=1
1782918594.470646 publish topic=ipi/load-qos-run-1/latency/av-1/request bytes=1349 forwarded=1
1782918594.471276 publish topic=ipi/load-qos-run-1/latency/av-1/ack bytes=233 forwarded=1
1782918594.700998 publish topic=ipi/load-qos-run-1/latency/av-1/request bytes=1349 forwarded=1
1782918594.701635 publish topic=ipi/load-qos-run-1/latency/av-1/ack bytes=233 forwarded=1
1782918594.931221 publish topic=ipi/load-qos-run-1/latency/av-1/request bytes=1349 forwarded=1
1782918594.931854 publish topic=ipi/load-qos-run-1/latency/av-1/ack bytes=233 forwarded=1
1782918595.171621 publish topic=ipi/load-qos-run-1/latency/av-1/request bytes=1349 forwarded=1
1782918595.172270 publish topic=ipi/load-qos-run-1/latency/av-1/ack bytes=233 forwarded=1
1782918595.411918 publish topic=ipi/load-qos-run-1/latency/av-1/request bytes=1349 forwarded=1
1782918595.412551 publish topic=ipi/load-qos-run-1/latency/av-1/ack bytes=233 forwarded=1
1782918595.652342 publish topic=ipi/load-qos-run-1/latency/av-1/request bytes=1349 forwarded=1
1782918595.653034 publish topic=ipi/load-qos-run-1/latency/av-1/ack bytes=233 forwarded=1
1782918595.902578 publish topic=ipi/load-qos-run-1/latency/av-1/request bytes=1349 forwarded=1
1782918595.903224 publish topic=ipi/load-qos-run-1/latency/av-1/ack bytes=233 forwarded=1
1782918596.143146 publish topic=ipi/load-qos-run-1/latency/av-1/request bytes=1349 forwarded=1
1782918596.143777 publish topic=ipi/load-qos-run-1/latency/av-1/ack bytes=233 forwarded=1
1782918596.373472 publish topic=ipi/load-qos-run-1/latency/av-1/request bytes=1349 forwarded=1
1782918596.374109 publish topic=ipi/load-qos-run-1/latency/av-1/ack bytes=233 forwarded=1
1782918596.603888 publish topic=ipi/load-qos-run-1/latency/av-1/request bytes=1349 forwarded=1
1782918596.604518 publish topic=ipi/load-qos-run-1/latency/av-1/ack bytes=233 forwarded=1
1782918596.844133 publish topic=ipi/load-qos-run-1/latency/av-1/request bytes=1349 forwarded=1
1782918596.844807 publish topic=ipi/load-qos-run-1/latency/av-1/ack bytes=233 forwarded=1
1782918597.074379 publish topic=ipi/load-qos-run-1/latency/av-1/request bytes=1349 forwarded=1
1782918597.075003 publish topic=ipi/load-qos-run-1/latency/av-1/ack bytes=233 forwarded=1
1782918597.304706 publish topic=ipi/load-qos-run-1/latency/av-1/request bytes=1349 forwarded=1
1782918597.305331 publish topic=ipi/load-qos-run-1/latency/av-1/ack bytes=233 forwarded=1
1782918597.535027 publish topic=ipi/load-qos-run-1/latency/av-1/request bytes=1349 forwarded=1
1782918597.535667 publish topic=ipi/load-qos-run-1/latency/av-1/ack bytes=233 forwarded=1
1782918597.775492 publish topic=ipi/load-qos-run-1/latency/av-1/request bytes=1349 forwarded=1
1782918597.776119 publish topic=ipi/load-qos-run-1/latency/av-1/ack bytes=233 forwarded=1
1782918598.015643 publish topic=ipi/load-qos-run-1/latency/av-1/request bytes=1349 forwarded=1
1782918598.016271 publish topic=ipi/load-qos-run-1/latency/av-1/ack bytes=233 forwarded=1
1782918598.245828 publish topic=ipi/load-qos-run-1/latency/av-1/request bytes=1349 forwarded=1
1782918598.246468 publish topic=ipi/load-qos-run-1/latency/av-1/ack bytes=233 forwarded=1
1782918598.466104 publish topic=ipi/load-qos-run-1/latency/av-1/request bytes=1349 forwarded=1
1782918598.466725 publish topic=ipi/load-qos-run-1/latency/av-1/ack bytes=233 forwarded=1
1782918598.686322 publish topic=ipi/load-qos-run-1/latency/av-1/request bytes=1349 forwarded=1
1782918598.686914 publish topic=ipi/load-qos-run-1/latency/av-1/ack bytes=233 forwarded=1
1782918598.906536 publish topic=ipi/load-qos-run-1/latency/av-1/request bytes=1349 forwarded=1
1782918598.907117 publish topic=ipi/load-qos-run-1/latency/av-1/ack bytes=233 forwarded=1
1782918599.146899 publish topic=ipi/load-qos-run-1/latency/av-1/request bytes=1349 forwarded=1
1782918599.147518 publish topic=ipi/load-qos-run-1/latency/av-1/ack bytes=233 forwarded=1
1782918599.377068 publish topic=ipi/load-qos-run-1/latency/av-1/request bytes=1349 forwarded=1
1782918599.377647 publish topic=ipi/load-qos-run-1/latency/av-1/ack bytes=233 forwarded=1
1782918599.617524 publish topic=ipi/load-qos-run-1/latency/av-1/request bytes=1349 forwarded=1
1782918599.618106 publish topic=ipi/load-qos-run-1/latency/av-1/ack bytes=233 forwarded=1
1782918599.867746 publish topic=ipi/load-qos-run-1/latency/av-1/request bytes=1349 forwarded=1
1782918599.868324 publish topic=ipi/load-qos-run-1/latency/av-1/ack bytes=233 forwarded=1
1782918600.118215 publish topic=ipi/load-qos-run-1/latency/av-1/request bytes=1349 forwarded=1
1782918600.118800 publish topic=ipi/load-qos-run-1/latency/av-1/ack bytes=233 forwarded=1
1782918600.358659 publish topic=ipi/load-qos-run-1/latency/av-1/request bytes=1349 forwarded=1
1782918600.359258 publish topic=ipi/load-qos-run-1/latency/av-1/ack bytes=233 forwarded=1
1782918600.598828 publish topic=ipi/load-qos-run-1/latency/av-1/request bytes=1349 forwarded=1
1782918600.599443 publish topic=ipi/load-qos-run-1/latency/av-1/ack bytes=233 forwarded=1
1782918600.828968 publish topic=ipi/load-qos-run-1/latency/av-1/request bytes=1349 forwarded=1
1782918600.829657 publish topic=ipi/load-qos-run-1/latency/av-1/ack bytes=233 forwarded=1
1782918601.059344 publish topic=ipi/load-qos-run-1/latency/av-1/request bytes=1349 forwarded=1
1782918601.059959 publish topic=ipi/load-qos-run-1/latency/av-1/ack bytes=233 forwarded=1
1782918601.299483 publish topic=ipi/load-qos-run-1/latency/av-1/request bytes=1349 forwarded=1
1782918601.300113 publish topic=ipi/load-qos-run-1/latency/av-1/ack bytes=233 forwarded=1
1782918601.529963 publish topic=ipi/load-qos-run-1/latency/av-1/request bytes=1349 forwarded=1
1782918601.530598 publish topic=ipi/load-qos-run-1/latency/av-1/ack bytes=233 forwarded=1
1782918601.770174 publish topic=ipi/load-qos-run-1/latency/av-1/request bytes=1349 forwarded=1
1782918601.770811 publish topic=ipi/load-qos-run-1/latency/av-1/ack bytes=233 forwarded=1
1782918602.010598 publish topic=ipi/load-qos-run-1/latency/av-1/request bytes=1349 forwarded=1
1782918602.011235 publish topic=ipi/load-qos-run-1/latency/av-1/ack bytes=233 forwarded=1
1782918602.250878 publish topic=ipi/load-qos-run-1/latency/av-1/request bytes=1349 forwarded=1
1782918602.251510 publish topic=ipi/load-qos-run-1/latency/av-1/ack bytes=233 forwarded=1
1782918602.491272 publish topic=ipi/load-qos-run-1/latency/av-1/request bytes=1349 forwarded=1
1782918602.491904 publish topic=ipi/load-qos-run-1/latency/av-1/ack bytes=233 forwarded=1
1782918602.761766 publish topic=ipi/load-qos-run-1/latency/av-1/request bytes=1349 forwarded=1
1782918602.762401 publish topic=ipi/load-qos-run-1/latency/av-1/ack bytes=233 forwarded=1
1782918603.012191 publish topic=ipi/load-qos-run-1/latency/av-1/request bytes=1349 forwarded=1
1782918603.012874 publish topic=ipi/load-qos-run-1/latency/av-1/ack bytes=233 forwarded=1
1782918603.252750 publish topic=ipi/load-qos-run-1/latency/av-1/request bytes=1349 forwarded=1
1782918603.253387 publish topic=ipi/load-qos-run-1/latency/av-1/ack bytes=233 forwarded=1
1782918603.472784 publish topic=ipi/load-qos-run-1/latency/av-1/request bytes=1349 forwarded=1
1782918603.473414 publish topic=ipi/load-qos-run-1/latency/av-1/ack bytes=233 forwarded=1
1782918603.703227 publish topic=ipi/load-qos-run-1/latency/av-1/request bytes=1349 forwarded=1
1782918603.703883 publish topic=ipi/load-qos-run-1/latency/av-1/ack bytes=233 forwarded=1
1782918603.933523 publish topic=ipi/load-qos-run-1/latency/av-1/request bytes=1349 forwarded=1
1782918603.934154 publish topic=ipi/load-qos-run-1/latency/av-1/ack bytes=233 forwarded=1
1782918604.163941 publish topic=ipi/load-qos-run-1/latency/av-1/request bytes=1349 forwarded=1
1782918604.164577 publish topic=ipi/load-qos-run-1/latency/av-1/ack bytes=233 forwarded=1
1782918604.393949 publish topic=ipi/load-qos-run-1/latency/av-1/request bytes=1349 forwarded=1
1782918604.394624 publish topic=ipi/load-qos-run-1/latency/av-1/ack bytes=233 forwarded=1
1782918604.624377 publish topic=ipi/load-qos-run-1/latency/av-1/request bytes=1349 forwarded=1
1782918604.625039 publish topic=ipi/load-qos-run-1/latency/av-1/ack bytes=233 forwarded=1
1782918604.854544 publish topic=ipi/load-qos-run-1/latency/av-1/request bytes=1349 forwarded=1
1782918604.855169 publish topic=ipi/load-qos-run-1/latency/av-1/ack bytes=233 forwarded=1
1782918605.084613 publish topic=ipi/load-qos-run-1/latency/av-1/request bytes=1349 forwarded=1
1782918605.084860 publish topic=ipi/load-qos-run-1/latency/av-1/ack bytes=233 forwarded=1
1782918605.315071 publish topic=ipi/load-qos-run-1/latency/av-1/request bytes=1349 forwarded=1
1782918605.315689 publish topic=ipi/load-qos-run-1/latency/av-1/ack bytes=233 forwarded=1
1782918605.555660 publish topic=ipi/load-qos-run-1/latency/av-1/request bytes=1349 forwarded=1
1782918605.556333 publish topic=ipi/load-qos-run-1/latency/av-1/ack bytes=233 forwarded=1
1782918605.775896 publish topic=ipi/load-qos-run-1/latency/av-1/request bytes=1349 forwarded=1
1782918605.776513 publish topic=ipi/load-qos-run-1/latency/av-1/ack bytes=233 forwarded=1
1782918606.016074 publish topic=ipi/load-qos-run-1/latency/av-1/request bytes=1349 forwarded=1
1782918606.016739 publish topic=ipi/load-qos-run-1/latency/av-1/ack bytes=233 forwarded=1
1782918606.256450 publish topic=ipi/load-qos-run-1/latency/av-1/request bytes=1349 forwarded=1
1782918606.257103 publish topic=ipi/load-qos-run-1/latency/av-1/ack bytes=233 forwarded=1
1782918606.486527 publish topic=ipi/load-qos-run-1/latency/av-1/request bytes=1349 forwarded=1
1782918606.487170 publish topic=ipi/load-qos-run-1/latency/av-1/ack bytes=233 forwarded=1
1782918606.726756 publish topic=ipi/load-qos-run-1/latency/av-1/request bytes=1349 forwarded=1
1782918606.727384 publish topic=ipi/load-qos-run-1/latency/av-1/ack bytes=233 forwarded=1
1782918606.967176 publish topic=ipi/load-qos-run-1/latency/av-1/request bytes=1349 forwarded=1
1782918606.967840 publish topic=ipi/load-qos-run-1/latency/av-1/ack bytes=233 forwarded=1
1782918607.217137 publish topic=ipi/load-qos-run-1/latency/av-1/request bytes=1349 forwarded=1
1782918607.217778 publish topic=ipi/load-qos-run-1/latency/av-1/ack bytes=233 forwarded=1
1782918607.447707 publish topic=ipi/load-qos-run-1/latency/av-1/request bytes=1349 forwarded=1
1782918607.448329 publish topic=ipi/load-qos-run-1/latency/av-1/ack bytes=233 forwarded=1
1782918607.678161 publish topic=ipi/load-qos-run-1/latency/av-1/request bytes=1349 forwarded=1
1782918607.678801 publish topic=ipi/load-qos-run-1/latency/av-1/ack bytes=233 forwarded=1
1782918607.918427 publish topic=ipi/load-qos-run-1/latency/av-1/request bytes=1349 forwarded=1
1782918607.919150 publish topic=ipi/load-qos-run-1/latency/av-1/ack bytes=233 forwarded=1
1782918608.158696 publish topic=ipi/load-qos-run-1/latency/av-1/request bytes=1349 forwarded=1
1782918608.159319 publish topic=ipi/load-qos-run-1/latency/av-1/ack bytes=233 forwarded=1
1782918608.398916 publish topic=ipi/load-qos-run-1/latency/av-1/request bytes=1349 forwarded=1
1782918608.399617 publish topic=ipi/load-qos-run-1/latency/av-1/ack bytes=233 forwarded=1
1782918608.639182 publish topic=ipi/load-qos-run-1/latency/av-1/request bytes=1349 forwarded=1
1782918608.639817 publish topic=ipi/load-qos-run-1/latency/av-1/ack bytes=233 forwarded=1
1782918608.879614 publish topic=ipi/load-qos-run-1/latency/av-1/request bytes=1349 forwarded=1
1782918608.880245 publish topic=ipi/load-qos-run-1/latency/av-1/ack bytes=233 forwarded=1
1782918609.110270 publish topic=ipi/load-qos-run-1/latency/av-1/request bytes=1349 forwarded=1
1782918609.110905 publish topic=ipi/load-qos-run-1/latency/av-1/ack bytes=233 forwarded=1
1782918609.350543 publish topic=ipi/load-qos-run-1/latency/av-1/request bytes=1349 forwarded=1
1782918609.351173 publish topic=ipi/load-qos-run-1/latency/av-1/ack bytes=233 forwarded=1
1782918609.610895 publish topic=ipi/load-qos-run-1/latency/av-1/request bytes=1349 forwarded=1
1782918609.611526 publish topic=ipi/load-qos-run-1/latency/av-1/ack bytes=233 forwarded=1
1782918609.841182 publish topic=ipi/load-qos-run-1/latency/av-1/request bytes=1349 forwarded=1
1782918609.841814 publish topic=ipi/load-qos-run-1/latency/av-1/ack bytes=233 forwarded=1
1782918610.081605 publish topic=ipi/load-qos-run-1/latency/av-1/request bytes=1349 forwarded=1
1782918610.082242 publish topic=ipi/load-qos-run-1/latency/av-1/ack bytes=233 forwarded=1
1782918610.311752 publish topic=ipi/load-qos-run-1/latency/av-1/request bytes=1349 forwarded=1
1782918610.312383 publish topic=ipi/load-qos-run-1/latency/av-1/ack bytes=233 forwarded=1
1782918610.542177 publish topic=ipi/load-qos-run-1/latency/av-1/request bytes=1349 forwarded=1
1782918610.542814 publish topic=ipi/load-qos-run-1/latency/av-1/ack bytes=233 forwarded=1
1782918610.772428 publish topic=ipi/load-qos-run-1/latency/av-1/request bytes=1349 forwarded=1
1782918610.773083 publish topic=ipi/load-qos-run-1/latency/av-1/ack bytes=233 forwarded=1
1782918611.002676 publish topic=ipi/load-qos-run-1/latency/av-1/request bytes=1349 forwarded=1
1782918611.003308 publish topic=ipi/load-qos-run-1/latency/av-1/ack bytes=233 forwarded=1
1782918611.232857 publish topic=ipi/load-qos-run-1/latency/av-1/request bytes=1349 forwarded=1
1782918611.233494 publish topic=ipi/load-qos-run-1/latency/av-1/ack bytes=233 forwarded=1
1782918611.473195 publish topic=ipi/load-qos-run-1/latency/av-1/request bytes=1349 forwarded=1
1782918611.473825 publish topic=ipi/load-qos-run-1/latency/av-1/ack bytes=233 forwarded=1
1782918611.703492 publish topic=ipi/load-qos-run-1/latency/av-1/request bytes=1349 forwarded=1
1782918611.704133 publish topic=ipi/load-qos-run-1/latency/av-1/ack bytes=233 forwarded=1
1782918611.943771 publish topic=ipi/load-qos-run-1/latency/av-1/request bytes=1349 forwarded=1
1782918611.944403 publish topic=ipi/load-qos-run-1/latency/av-1/ack bytes=233 forwarded=1
1782918612.174228 publish topic=ipi/load-qos-run-1/latency/av-1/request bytes=1349 forwarded=1
1782918612.174859 publish topic=ipi/load-qos-run-1/latency/av-1/ack bytes=233 forwarded=1
1782918612.404520 publish topic=ipi/load-qos-run-1/latency/av-1/request bytes=1349 forwarded=1
1782918612.405196 publish topic=ipi/load-qos-run-1/latency/av-1/ack bytes=233 forwarded=1
1782918612.634792 publish topic=ipi/load-qos-run-1/latency/av-1/request bytes=1349 forwarded=1
1782918612.635427 publish topic=ipi/load-qos-run-1/latency/av-1/ack bytes=233 forwarded=1
1782918612.864976 publish topic=ipi/load-qos-run-1/latency/av-1/request bytes=1349 forwarded=1
1782918612.865667 publish topic=ipi/load-qos-run-1/latency/av-1/ack bytes=233 forwarded=1
1782918613.095312 publish topic=ipi/load-qos-run-1/latency/av-1/request bytes=1349 forwarded=1
1782918613.095970 publish topic=ipi/load-qos-run-1/latency/av-1/ack bytes=233 forwarded=1
1782918613.325664 publish topic=ipi/load-qos-run-1/latency/av-1/request bytes=1349 forwarded=1
1782918613.326309 publish topic=ipi/load-qos-run-1/latency/av-1/ack bytes=233 forwarded=1
1782918613.555755 publish topic=ipi/load-qos-run-1/latency/av-1/request bytes=1349 forwarded=1
1782918613.556388 publish topic=ipi/load-qos-run-1/latency/av-1/ack bytes=233 forwarded=1
1782918613.785981 publish topic=ipi/load-qos-run-1/latency/av-1/request bytes=1349 forwarded=1
1782918613.786624 publish topic=ipi/load-qos-run-1/latency/av-1/ack bytes=233 forwarded=1
1782918614.006585 publish topic=ipi/load-qos-run-1/latency/av-1/request bytes=1349 forwarded=1
1782918614.007224 publish topic=ipi/load-qos-run-1/latency/av-1/ack bytes=233 forwarded=1
1782918614.246702 publish topic=ipi/load-qos-run-1/latency/av-1/request bytes=1349 forwarded=1
1782918614.247341 publish topic=ipi/load-qos-run-1/latency/av-1/ack bytes=233 forwarded=1
1782918614.487061 publish topic=ipi/load-qos-run-1/latency/av-1/request bytes=1349 forwarded=1
1782918614.487720 publish topic=ipi/load-qos-run-1/latency/av-1/ack bytes=233 forwarded=1
1782918614.747116 publish topic=ipi/load-qos-run-1/latency/av-1/request bytes=1349 forwarded=1
1782918614.747753 publish topic=ipi/load-qos-run-1/latency/av-1/ack bytes=233 forwarded=1
1782918614.987720 publish topic=ipi/load-qos-run-1/latency/av-1/request bytes=1349 forwarded=1
1782918614.988353 publish topic=ipi/load-qos-run-1/latency/av-1/ack bytes=233 forwarded=1
1782918615.218223 publish topic=ipi/load-qos-run-1/latency/av-1/request bytes=1349 forwarded=1
1782918615.218868 publish topic=ipi/load-qos-run-1/latency/av-1/ack bytes=233 forwarded=1
1782918615.448321 publish topic=ipi/load-qos-run-1/latency/av-1/request bytes=1349 forwarded=1
1782918615.449017 publish topic=ipi/load-qos-run-1/latency/av-1/ack bytes=233 forwarded=1
1782918615.688792 publish topic=ipi/load-qos-run-1/latency/av-1/request bytes=1349 forwarded=1
1782918615.689432 publish topic=ipi/load-qos-run-1/latency/av-1/ack bytes=233 forwarded=1
1782918615.939233 publish topic=ipi/load-qos-run-1/latency/av-1/request bytes=1349 forwarded=1
1782918615.939857 publish topic=ipi/load-qos-run-1/latency/av-1/ack bytes=233 forwarded=1
1782918616.179847 publish topic=ipi/load-qos-run-1/latency/av-1/request bytes=1349 forwarded=1
1782918616.180479 publish topic=ipi/load-qos-run-1/latency/av-1/ack bytes=233 forwarded=1
1782918616.410184 publish topic=ipi/load-qos-run-1/latency/av-1/request bytes=1349 forwarded=1
1782918616.410817 publish topic=ipi/load-qos-run-1/latency/av-1/ack bytes=233 forwarded=1
1782918616.640500 publish topic=ipi/load-qos-run-1/latency/av-1/request bytes=1349 forwarded=1
1782918616.641174 publish topic=ipi/load-qos-run-1/latency/av-1/ack bytes=233 forwarded=1
1782918616.870629 publish topic=ipi/load-qos-run-1/latency/av-1/request bytes=1349 forwarded=1
1782918616.871267 publish topic=ipi/load-qos-run-1/latency/av-1/ack bytes=233 forwarded=1
1782918617.100977 publish topic=ipi/load-qos-run-1/latency/av-1/request bytes=1349 forwarded=1
1782918617.101610 publish topic=ipi/load-qos-run-1/latency/av-1/ack bytes=233 forwarded=1
1782918617.331431 publish topic=ipi/load-qos-run-1/latency/av-1/request bytes=1349 forwarded=1
1782918617.332068 publish topic=ipi/load-qos-run-1/latency/av-1/ack bytes=233 forwarded=1
1782918617.561594 publish topic=ipi/load-qos-run-1/latency/av-1/request bytes=1349 forwarded=1
1782918617.562225 publish topic=ipi/load-qos-run-1/latency/av-1/ack bytes=233 forwarded=1
1782918617.791796 publish topic=ipi/load-qos-run-1/latency/av-1/request bytes=1349 forwarded=1
1782918617.792428 publish topic=ipi/load-qos-run-1/latency/av-1/ack bytes=233 forwarded=1
1782918618.032096 publish topic=ipi/load-qos-run-1/latency/av-1/request bytes=1349 forwarded=1
1782918618.032771 publish topic=ipi/load-qos-run-1/latency/av-1/ack bytes=233 forwarded=1
1782918618.262353 publish topic=ipi/load-qos-run-1/latency/av-1/request bytes=1349 forwarded=1
1782918618.263025 publish topic=ipi/load-qos-run-1/latency/av-1/ack bytes=233 forwarded=1
1782918618.492615 publish topic=ipi/load-qos-run-1/latency/av-1/request bytes=1349 forwarded=1
1782918618.493317 publish topic=ipi/load-qos-run-1/latency/av-1/ack bytes=233 forwarded=1
1782918618.722896 publish topic=ipi/load-qos-run-1/latency/av-1/request bytes=1349 forwarded=1
1782918618.723527 publish topic=ipi/load-qos-run-1/latency/av-1/ack bytes=233 forwarded=1
1782918618.953034 publish topic=ipi/load-qos-run-1/latency/av-1/request bytes=1349 forwarded=1
1782918618.953642 publish topic=ipi/load-qos-run-1/latency/av-1/ack bytes=233 forwarded=1
1782918619.183614 publish topic=ipi/load-qos-run-1/latency/av-1/request bytes=1349 forwarded=1
1782918619.184255 publish topic=ipi/load-qos-run-1/latency/av-1/ack bytes=233 forwarded=1
1782918619.403873 publish topic=ipi/load-qos-run-1/latency/av-1/request bytes=1349 forwarded=1
1782918619.404517 publish topic=ipi/load-qos-run-1/latency/av-1/ack bytes=233 forwarded=1
1782918619.644111 publish topic=ipi/load-qos-run-1/latency/av-1/request bytes=1349 forwarded=1
1782918619.644797 publish topic=ipi/load-qos-run-1/latency/av-1/ack bytes=233 forwarded=1
1782918619.874284 publish topic=ipi/load-qos-run-1/latency/av-1/request bytes=1349 forwarded=1
1782918619.874955 publish topic=ipi/load-qos-run-1/latency/av-1/ack bytes=233 forwarded=1
1782918620.104450 publish topic=ipi/load-qos-run-1/latency/av-1/request bytes=1349 forwarded=1
1782918620.105096 publish topic=ipi/load-qos-run-1/latency/av-1/ack bytes=233 forwarded=1
1782918620.334827 publish topic=ipi/load-qos-run-1/latency/av-1/request bytes=1349 forwarded=1
1782918620.335470 publish topic=ipi/load-qos-run-1/latency/av-1/ack bytes=233 forwarded=1
1782918620.565133 publish topic=ipi/load-qos-run-1/latency/av-1/request bytes=1349 forwarded=1
1782918620.565822 publish topic=ipi/load-qos-run-1/latency/av-1/ack bytes=233 forwarded=1
1782918620.795326 publish topic=ipi/load-qos-run-1/latency/av-1/request bytes=1349 forwarded=1
1782918620.795948 publish topic=ipi/load-qos-run-1/latency/av-1/ack bytes=233 forwarded=1
1782918621.035417 publish topic=ipi/load-qos-run-1/latency/av-1/request bytes=1349 forwarded=1
1782918621.036017 publish topic=ipi/load-qos-run-1/latency/av-1/ack bytes=233 forwarded=1
1782918621.295864 publish topic=ipi/load-qos-run-1/latency/av-1/request bytes=1349 forwarded=1
1782918621.296504 publish topic=ipi/load-qos-run-1/latency/av-1/ack bytes=233 forwarded=1
1782918621.536275 publish topic=ipi/load-qos-run-1/latency/av-1/request bytes=1349 forwarded=1
1782918621.536886 publish topic=ipi/load-qos-run-1/latency/av-1/ack bytes=233 forwarded=1
1782918621.776494 publish topic=ipi/load-qos-run-1/latency/av-1/request bytes=1349 forwarded=1
1782918621.777159 publish topic=ipi/load-qos-run-1/latency/av-1/ack bytes=233 forwarded=1
1782918621.996938 publish topic=ipi/load-qos-run-1/latency/av-1/request bytes=1349 forwarded=1
1782918621.997573 publish topic=ipi/load-qos-run-1/latency/av-1/ack bytes=233 forwarded=1
1782918622.237416 publish topic=ipi/load-qos-run-1/latency/av-1/request bytes=1349 forwarded=1
1782918622.238045 publish topic=ipi/load-qos-run-1/latency/av-1/ack bytes=233 forwarded=1
1782918622.477780 publish topic=ipi/load-qos-run-1/latency/av-1/request bytes=1349 forwarded=1
1782918622.478405 publish topic=ipi/load-qos-run-1/latency/av-1/ack bytes=233 forwarded=1
1782918622.718050 publish topic=ipi/load-qos-run-1/latency/av-1/request bytes=1349 forwarded=1
1782918622.718673 publish topic=ipi/load-qos-run-1/latency/av-1/ack bytes=233 forwarded=1
1782918622.958569 publish topic=ipi/load-qos-run-1/latency/av-1/request bytes=1349 forwarded=1
1782918622.959195 publish topic=ipi/load-qos-run-1/latency/av-1/ack bytes=233 forwarded=1
1782918623.198890 publish topic=ipi/load-qos-run-1/latency/av-1/request bytes=1349 forwarded=1
1782918623.199520 publish topic=ipi/load-qos-run-1/latency/av-1/ack bytes=233 forwarded=1
1782918623.428965 publish topic=ipi/load-qos-run-1/latency/av-1/request bytes=1349 forwarded=1
1782918623.429556 publish topic=ipi/load-qos-run-1/latency/av-1/ack bytes=233 forwarded=1
1782918623.659379 publish topic=ipi/load-qos-run-1/latency/av-1/request bytes=1349 forwarded=1
1782918623.660014 publish topic=ipi/load-qos-run-1/latency/av-1/ack bytes=233 forwarded=1
1782918623.889623 publish topic=ipi/load-qos-run-1/latency/av-1/request bytes=1349 forwarded=1
1782918623.890241 publish topic=ipi/load-qos-run-1/latency/av-1/ack bytes=233 forwarded=1
1782918624.129989 publish topic=ipi/load-qos-run-1/latency/av-1/request bytes=1349 forwarded=1
1782918624.130666 publish topic=ipi/load-qos-run-1/latency/av-1/ack bytes=233 forwarded=1
1782918624.370173 publish topic=ipi/load-qos-run-1/latency/av-1/request bytes=1349 forwarded=1
1782918624.370801 publish topic=ipi/load-qos-run-1/latency/av-1/ack bytes=233 forwarded=1
1782918624.600274 publish topic=ipi/load-qos-run-1/latency/av-1/request bytes=1349 forwarded=1
1782918624.600900 publish topic=ipi/load-qos-run-1/latency/av-1/ack bytes=233 forwarded=1
1782918624.830695 publish topic=ipi/load-qos-run-1/latency/av-1/request bytes=1349 forwarded=1
1782918624.831342 publish topic=ipi/load-qos-run-1/latency/av-1/ack bytes=233 forwarded=1
1782918625.050987 publish topic=ipi/load-qos-run-1/latency/av-1/request bytes=1349 forwarded=1
1782918625.051624 publish topic=ipi/load-qos-run-1/latency/av-1/ack bytes=233 forwarded=1
1782918625.291255 publish topic=ipi/load-qos-run-1/latency/av-1/request bytes=1349 forwarded=1
1782918625.291894 publish topic=ipi/load-qos-run-1/latency/av-1/ack bytes=233 forwarded=1
1782918625.521281 publish topic=ipi/load-qos-run-1/latency/av-1/request bytes=1349 forwarded=1
1782918625.521924 publish topic=ipi/load-qos-run-1/latency/av-1/ack bytes=233 forwarded=1
1782918625.751842 publish topic=ipi/load-qos-run-1/latency/av-1/request bytes=1349 forwarded=1
1782918625.752471 publish topic=ipi/load-qos-run-1/latency/av-1/ack bytes=233 forwarded=1
1782918625.992070 publish topic=ipi/load-qos-run-1/latency/av-1/request bytes=1349 forwarded=1
1782918625.992737 publish topic=ipi/load-qos-run-1/latency/av-1/ack bytes=233 forwarded=1
1782918626.232261 publish topic=ipi/load-qos-run-1/latency/av-1/request bytes=1349 forwarded=1
1782918626.232869 publish topic=ipi/load-qos-run-1/latency/av-1/ack bytes=233 forwarded=1
1782918626.462604 publish topic=ipi/load-qos-run-1/latency/av-1/request bytes=1349 forwarded=1
1782918626.463232 publish topic=ipi/load-qos-run-1/latency/av-1/ack bytes=233 forwarded=1
1782918626.692804 publish topic=ipi/load-qos-run-1/latency/av-1/request bytes=1349 forwarded=1
1782918626.693444 publish topic=ipi/load-qos-run-1/latency/av-1/ack bytes=233 forwarded=1
1782918626.923063 publish topic=ipi/load-qos-run-1/latency/av-1/request bytes=1349 forwarded=1
1782918626.923701 publish topic=ipi/load-qos-run-1/latency/av-1/ack bytes=233 forwarded=1
1782918627.163687 publish topic=ipi/load-qos-run-1/latency/av-1/request bytes=1349 forwarded=1
1782918627.164317 publish topic=ipi/load-qos-run-1/latency/av-1/ack bytes=233 forwarded=1
1782918627.413796 publish topic=ipi/load-qos-run-1/latency/av-1/request bytes=1349 forwarded=1
1782918627.414426 publish topic=ipi/load-qos-run-1/latency/av-1/ack bytes=233 forwarded=1
1782918627.664244 publish topic=ipi/load-qos-run-1/latency/av-1/request bytes=1349 forwarded=1
1782918627.664896 publish topic=ipi/load-qos-run-1/latency/av-1/ack bytes=233 forwarded=1
1782918627.914665 publish topic=ipi/load-qos-run-1/latency/av-1/request bytes=1349 forwarded=1
1782918627.915309 publish topic=ipi/load-qos-run-1/latency/av-1/ack bytes=233 forwarded=1
1782918628.175312 publish topic=ipi/load-qos-run-1/latency/av-1/request bytes=1349 forwarded=1
1782918628.175942 publish topic=ipi/load-qos-run-1/latency/av-1/ack bytes=233 forwarded=1
1782918628.435585 publish topic=ipi/load-qos-run-1/latency/av-1/request bytes=1349 forwarded=1
1782918628.436224 publish topic=ipi/load-qos-run-1/latency/av-1/ack bytes=233 forwarded=1
1782918628.675930 publish topic=ipi/load-qos-run-1/latency/av-1/request bytes=1349 forwarded=1
1782918628.676571 publish topic=ipi/load-qos-run-1/latency/av-1/ack bytes=233 forwarded=1
1782918628.906327 publish topic=ipi/load-qos-run-1/latency/av-1/request bytes=1349 forwarded=1
1782918628.906971 publish topic=ipi/load-qos-run-1/latency/av-1/ack bytes=233 forwarded=1
1782918629.146539 publish topic=ipi/load-qos-run-1/latency/av-1/request bytes=1349 forwarded=1
1782918629.147198 publish topic=ipi/load-qos-run-1/latency/av-1/ack bytes=233 forwarded=1
1782918629.386568 publish topic=ipi/load-qos-run-1/latency/av-1/request bytes=1349 forwarded=1
1782918629.387211 publish topic=ipi/load-qos-run-1/latency/av-1/ack bytes=233 forwarded=1
1782918629.617142 publish topic=ipi/load-qos-run-1/latency/av-1/request bytes=1349 forwarded=1
1782918629.617788 publish topic=ipi/load-qos-run-1/latency/av-1/ack bytes=233 forwarded=1
1782918629.847443 publish topic=ipi/load-qos-run-1/latency/av-1/request bytes=1349 forwarded=1
1782918629.848091 publish topic=ipi/load-qos-run-1/latency/av-1/ack bytes=233 forwarded=1
1782918630.087919 publish topic=ipi/load-qos-run-1/latency/av-1/request bytes=1349 forwarded=1
1782918630.088627 publish topic=ipi/load-qos-run-1/latency/av-1/ack bytes=233 forwarded=1
1782918630.328056 publish topic=ipi/load-qos-run-1/latency/av-1/request bytes=1349 forwarded=1
1782918630.328719 publish topic=ipi/load-qos-run-1/latency/av-1/ack bytes=233 forwarded=1
1782918630.568061 publish topic=ipi/load-qos-run-1/latency/av-1/request bytes=1349 forwarded=1
1782918630.568717 publish topic=ipi/load-qos-run-1/latency/av-1/ack bytes=233 forwarded=1
1782918630.808337 publish topic=ipi/load-qos-run-1/latency/av-1/request bytes=1349 forwarded=1
1782918630.809022 publish topic=ipi/load-qos-run-1/latency/av-1/ack bytes=233 forwarded=1
1782918631.048849 publish topic=ipi/load-qos-run-1/latency/av-1/request bytes=1349 forwarded=1
1782918631.049486 publish topic=ipi/load-qos-run-1/latency/av-1/ack bytes=233 forwarded=1
1782918631.289177 publish topic=ipi/load-qos-run-1/latency/av-1/request bytes=1349 forwarded=1
1782918631.289819 publish topic=ipi/load-qos-run-1/latency/av-1/ack bytes=233 forwarded=1
1782918631.519608 publish topic=ipi/load-qos-run-1/latency/av-1/request bytes=1349 forwarded=1
1782918631.520266 publish topic=ipi/load-qos-run-1/latency/av-1/ack bytes=233 forwarded=1
1782918631.759890 publish topic=ipi/load-qos-run-1/latency/av-1/request bytes=1349 forwarded=1
1782918631.760626 publish topic=ipi/load-qos-run-1/latency/av-1/ack bytes=233 forwarded=1
1782918631.990137 publish topic=ipi/load-qos-run-1/latency/av-1/request bytes=1349 forwarded=1
1782918631.990796 publish topic=ipi/load-qos-run-1/latency/av-1/ack bytes=233 forwarded=1
1782918632.220473 publish topic=ipi/load-qos-run-1/latency/av-1/request bytes=1349 forwarded=1
1782918632.221131 publish topic=ipi/load-qos-run-1/latency/av-1/ack bytes=233 forwarded=1
1782918632.450575 publish topic=ipi/load-qos-run-1/latency/av-1/request bytes=1349 forwarded=1
1782918632.451200 publish topic=ipi/load-qos-run-1/latency/av-1/ack bytes=233 forwarded=1
1782918632.670852 publish topic=ipi/load-qos-run-1/latency/av-1/request bytes=1349 forwarded=1
1782918632.671501 publish topic=ipi/load-qos-run-1/latency/av-1/ack bytes=233 forwarded=1
1782918632.901010 publish topic=ipi/load-qos-run-1/latency/av-1/request bytes=1349 forwarded=1
1782918632.901631 publish topic=ipi/load-qos-run-1/latency/av-1/ack bytes=233 forwarded=1
1782918633.131460 publish topic=ipi/load-qos-run-1/latency/av-1/request bytes=1349 forwarded=1
1782918633.132082 publish topic=ipi/load-qos-run-1/latency/av-1/ack bytes=233 forwarded=1
1782918633.361454 publish topic=ipi/load-qos-run-1/latency/av-1/request bytes=1349 forwarded=1
1782918633.362099 publish topic=ipi/load-qos-run-1/latency/av-1/ack bytes=233 forwarded=1
1782918633.592049 publish topic=ipi/load-qos-run-1/latency/av-1/request bytes=1349 forwarded=1
1782918633.592639 publish topic=ipi/load-qos-run-1/latency/av-1/ack bytes=233 forwarded=1
1782918633.822481 publish topic=ipi/load-qos-run-1/latency/av-1/request bytes=1349 forwarded=1
1782918633.823103 publish topic=ipi/load-qos-run-1/latency/av-1/ack bytes=233 forwarded=1
1782918634.062877 publish topic=ipi/load-qos-run-1/latency/av-1/request bytes=1349 forwarded=1
1782918634.063461 publish topic=ipi/load-qos-run-1/latency/av-1/ack bytes=233 forwarded=1
1782918634.303527 publish topic=ipi/load-qos-run-1/latency/av-1/request bytes=1349 forwarded=1
1782918634.304113 publish topic=ipi/load-qos-run-1/latency/av-1/ack bytes=233 forwarded=1
1782918634.553708 publish topic=ipi/load-qos-run-1/latency/av-1/request bytes=1349 forwarded=1
1782918634.554317 publish topic=ipi/load-qos-run-1/latency/av-1/ack bytes=233 forwarded=1
1782918634.784349 publish topic=ipi/load-qos-run-1/latency/av-1/request bytes=1349 forwarded=1
1782918634.784961 publish topic=ipi/load-qos-run-1/latency/av-1/ack bytes=233 forwarded=1
1782918635.014672 publish topic=ipi/load-qos-run-1/latency/av-1/request bytes=1349 forwarded=1
1782918635.015349 publish topic=ipi/load-qos-run-1/latency/av-1/ack bytes=233 forwarded=1
1782918635.244825 publish topic=ipi/load-qos-run-1/latency/av-1/request bytes=1349 forwarded=1
1782918635.245454 publish topic=ipi/load-qos-run-1/latency/av-1/ack bytes=233 forwarded=1
1782918635.475344 publish topic=ipi/load-qos-run-1/latency/av-1/request bytes=1349 forwarded=1
1782918635.475959 publish topic=ipi/load-qos-run-1/latency/av-1/ack bytes=233 forwarded=1
1782918635.705739 publish topic=ipi/load-qos-run-1/latency/av-1/request bytes=1349 forwarded=1
1782918635.706379 publish topic=ipi/load-qos-run-1/latency/av-1/ack bytes=233 forwarded=1
1782918635.935899 publish topic=ipi/load-qos-run-1/latency/av-1/request bytes=1349 forwarded=1
1782918635.936538 publish topic=ipi/load-qos-run-1/latency/av-1/ack bytes=233 forwarded=1
1782918636.166356 publish topic=ipi/load-qos-run-1/latency/av-1/request bytes=1349 forwarded=1
1782918636.166995 publish topic=ipi/load-qos-run-1/latency/av-1/ack bytes=233 forwarded=1
1782918636.406581 publish topic=ipi/load-qos-run-1/latency/av-1/request bytes=1349 forwarded=1
1782918636.407218 publish topic=ipi/load-qos-run-1/latency/av-1/ack bytes=233 forwarded=1
1782918636.646595 publish topic=ipi/load-qos-run-1/latency/av-1/request bytes=1349 forwarded=1
1782918636.647233 publish topic=ipi/load-qos-run-1/latency/av-1/ack bytes=233 forwarded=1
1782918636.886988 publish topic=ipi/load-qos-run-1/latency/av-1/request bytes=1349 forwarded=1
1782918636.887632 publish topic=ipi/load-qos-run-1/latency/av-1/ack bytes=233 forwarded=1
1782918637.127470 publish topic=ipi/load-qos-run-1/latency/av-1/request bytes=1349 forwarded=1
1782918637.128123 publish topic=ipi/load-qos-run-1/latency/av-1/ack bytes=233 forwarded=1
1782918637.377853 publish topic=ipi/load-qos-run-1/latency/av-1/request bytes=1349 forwarded=1
1782918637.378490 publish topic=ipi/load-qos-run-1/latency/av-1/ack bytes=233 forwarded=1
1782918637.607876 publish topic=ipi/load-qos-run-1/latency/av-1/request bytes=1349 forwarded=1
1782918637.608515 publish topic=ipi/load-qos-run-1/latency/av-1/ack bytes=233 forwarded=1
1782918637.838320 publish topic=ipi/load-qos-run-1/latency/av-1/request bytes=1349 forwarded=1
1782918637.838958 publish topic=ipi/load-qos-run-1/latency/av-1/ack bytes=233 forwarded=1
1782918638.078719 publish topic=ipi/load-qos-run-1/latency/av-1/request bytes=1349 forwarded=1
1782918638.079358 publish topic=ipi/load-qos-run-1/latency/av-1/ack bytes=233 forwarded=1
1782918638.319159 publish topic=ipi/load-qos-run-1/latency/av-1/request bytes=1349 forwarded=1
1782918638.319799 publish topic=ipi/load-qos-run-1/latency/av-1/ack bytes=233 forwarded=1
1782918638.559483 publish topic=ipi/load-qos-run-1/latency/av-1/request bytes=1349 forwarded=1
1782918638.560124 publish topic=ipi/load-qos-run-1/latency/av-1/ack bytes=233 forwarded=1
1782918638.789656 publish topic=ipi/load-qos-run-1/latency/av-1/request bytes=1349 forwarded=1
1782918638.790308 publish topic=ipi/load-qos-run-1/latency/av-1/ack bytes=233 forwarded=1
1782918639.030026 publish topic=ipi/load-qos-run-1/latency/av-1/request bytes=1349 forwarded=1
1782918639.030668 publish topic=ipi/load-qos-run-1/latency/av-1/ack bytes=233 forwarded=1
1782918639.260201 publish topic=ipi/load-qos-run-1/latency/av-1/request bytes=1349 forwarded=1
1782918639.260866 publish topic=ipi/load-qos-run-1/latency/av-1/ack bytes=233 forwarded=1
1782918639.510509 publish topic=ipi/load-qos-run-1/latency/av-1/request bytes=1349 forwarded=1
1782918639.511142 publish topic=ipi/load-qos-run-1/latency/av-1/ack bytes=233 forwarded=1
1782918639.740885 publish topic=ipi/load-qos-run-1/latency/av-1/request bytes=1349 forwarded=1
1782918639.741521 publish topic=ipi/load-qos-run-1/latency/av-1/ack bytes=233 forwarded=1
1782918639.971249 publish topic=ipi/load-qos-run-1/latency/av-1/request bytes=1349 forwarded=1
1782918639.971876 publish topic=ipi/load-qos-run-1/latency/av-1/ack bytes=233 forwarded=1
1782918640.201452 publish topic=ipi/load-qos-run-1/latency/av-1/request bytes=1349 forwarded=1
1782918640.202091 publish topic=ipi/load-qos-run-1/latency/av-1/ack bytes=233 forwarded=1
1782918640.461886 publish topic=ipi/load-qos-run-1/latency/av-1/request bytes=1349 forwarded=1
1782918640.462519 publish topic=ipi/load-qos-run-1/latency/av-1/ack bytes=233 forwarded=1
1782918640.722574 publish topic=ipi/load-qos-run-1/latency/av-1/request bytes=1349 forwarded=1
1782918640.723208 publish topic=ipi/load-qos-run-1/latency/av-1/ack bytes=233 forwarded=1
1782918640.983088 publish topic=ipi/load-qos-run-1/latency/av-1/request bytes=1349 forwarded=1
1782918640.983718 publish topic=ipi/load-qos-run-1/latency/av-1/ack bytes=233 forwarded=1
1782918641.233539 publish topic=ipi/load-qos-run-1/latency/av-1/request bytes=1349 forwarded=1
1782918641.234176 publish topic=ipi/load-qos-run-1/latency/av-1/ack bytes=233 forwarded=1
1782918641.474134 publish topic=ipi/load-qos-run-1/latency/av-1/request bytes=1349 forwarded=1
1782918641.474826 publish topic=ipi/load-qos-run-1/latency/av-1/ack bytes=233 forwarded=1
1782918641.724437 publish topic=ipi/load-qos-run-1/latency/av-1/request bytes=1349 forwarded=1
1782918641.725104 publish topic=ipi/load-qos-run-1/latency/av-1/ack bytes=233 forwarded=1
1782918641.954540 publish topic=ipi/load-qos-run-1/latency/av-1/request bytes=1349 forwarded=1
1782918641.955169 publish topic=ipi/load-qos-run-1/latency/av-1/ack bytes=233 forwarded=1
1782918642.185113 publish topic=ipi/load-qos-run-1/latency/av-1/request bytes=1349 forwarded=1
1782918642.185774 publish topic=ipi/load-qos-run-1/latency/av-1/ack bytes=233 forwarded=1
1782918642.425277 publish topic=ipi/load-qos-run-1/latency/av-1/request bytes=1349 forwarded=1
1782918642.425936 publish topic=ipi/load-qos-run-1/latency/av-1/ack bytes=233 forwarded=1
1782918642.665782 publish topic=ipi/load-qos-run-1/latency/av-1/request bytes=1349 forwarded=1
1782918642.666416 publish topic=ipi/load-qos-run-1/latency/av-1/ack bytes=233 forwarded=1
1782918642.895915 publish topic=ipi/load-qos-run-1/latency/av-1/request bytes=1349 forwarded=1
1782918642.896548 publish topic=ipi/load-qos-run-1/latency/av-1/ack bytes=233 forwarded=1
1782918643.126248 publish topic=ipi/load-qos-run-1/latency/av-1/request bytes=1349 forwarded=1
1782918643.126906 publish topic=ipi/load-qos-run-1/latency/av-1/ack bytes=233 forwarded=1
1782918643.366435 publish topic=ipi/load-qos-run-1/latency/av-1/request bytes=1349 forwarded=1
1782918643.367077 publish topic=ipi/load-qos-run-1/latency/av-1/ack bytes=233 forwarded=1
1782918643.607094 publish topic=ipi/load-qos-run-1/latency/av-1/request bytes=1349 forwarded=1
1782918643.607733 publish topic=ipi/load-qos-run-1/latency/av-1/ack bytes=233 forwarded=1
1782918643.837177 publish topic=ipi/load-qos-run-1/latency/av-1/request bytes=1349 forwarded=1
1782918643.837811 publish topic=ipi/load-qos-run-1/latency/av-1/ack bytes=233 forwarded=1
1782918644.077612 publish topic=ipi/load-qos-run-1/latency/av-1/request bytes=1349 forwarded=1
1782918644.078256 publish topic=ipi/load-qos-run-1/latency/av-1/ack bytes=233 forwarded=1
1782918644.317668 publish topic=ipi/load-qos-run-1/latency/av-1/request bytes=1349 forwarded=1
1782918644.318321 publish topic=ipi/load-qos-run-1/latency/av-1/ack bytes=233 forwarded=1
1782918644.558106 publish topic=ipi/load-qos-run-1/latency/av-1/request bytes=1349 forwarded=1
1782918644.558736 publish topic=ipi/load-qos-run-1/latency/av-1/ack bytes=233 forwarded=1
1782918644.788351 publish topic=ipi/load-qos-run-1/latency/av-1/request bytes=1349 forwarded=1
1782918644.789023 publish topic=ipi/load-qos-run-1/latency/av-1/ack bytes=233 forwarded=1
1782918645.018743 publish topic=ipi/load-qos-run-1/latency/av-1/request bytes=1349 forwarded=1
1782918645.019379 publish topic=ipi/load-qos-run-1/latency/av-1/ack bytes=233 forwarded=1
1782918645.259013 publish topic=ipi/load-qos-run-1/latency/av-1/request bytes=1349 forwarded=1
1782918645.259654 publish topic=ipi/load-qos-run-1/latency/av-1/ack bytes=233 forwarded=1
1782918645.499347 publish topic=ipi/load-qos-run-1/latency/av-1/request bytes=1349 forwarded=1
1782918645.499990 publish topic=ipi/load-qos-run-1/latency/av-1/ack bytes=233 forwarded=1
1782918645.739652 publish topic=ipi/load-qos-run-1/latency/av-1/request bytes=1349 forwarded=1
1782918645.740303 publish topic=ipi/load-qos-run-1/latency/av-1/ack bytes=233 forwarded=1
1782918645.979966 publish topic=ipi/load-qos-run-1/latency/av-1/request bytes=1349 forwarded=1
1782918645.980600 publish topic=ipi/load-qos-run-1/latency/av-1/ack bytes=233 forwarded=1
1782918646.230175 publish topic=ipi/load-qos-run-1/latency/av-1/request bytes=1349 forwarded=1
1782918646.230825 publish topic=ipi/load-qos-run-1/latency/av-1/ack bytes=233 forwarded=1
1782918646.480439 publish topic=ipi/load-qos-run-1/latency/av-1/request bytes=1349 forwarded=1
1782918646.481112 publish topic=ipi/load-qos-run-1/latency/av-1/ack bytes=233 forwarded=1
1782918646.720820 publish topic=ipi/load-qos-run-1/latency/av-1/request bytes=1349 forwarded=1
1782918646.721463 publish topic=ipi/load-qos-run-1/latency/av-1/ack bytes=233 forwarded=1
1782918646.961132 publish topic=ipi/load-qos-run-1/latency/av-1/request bytes=1349 forwarded=1
1782918646.961759 publish topic=ipi/load-qos-run-1/latency/av-1/ack bytes=233 forwarded=1
1782918647.191447 publish topic=ipi/load-qos-run-1/latency/av-1/request bytes=1349 forwarded=1
1782918647.192100 publish topic=ipi/load-qos-run-1/latency/av-1/ack bytes=233 forwarded=1
1782918647.451904 publish topic=ipi/load-qos-run-1/latency/av-1/request bytes=1349 forwarded=1
1782918647.452585 publish topic=ipi/load-qos-run-1/latency/av-1/ack bytes=233 forwarded=1
1782918647.702327 publish topic=ipi/load-qos-run-1/latency/av-1/request bytes=1349 forwarded=1
1782918647.702963 publish topic=ipi/load-qos-run-1/latency/av-1/ack bytes=233 forwarded=1
1782918647.982766 publish topic=ipi/load-qos-run-1/latency/av-1/request bytes=1349 forwarded=1
1782918647.983400 publish topic=ipi/load-qos-run-1/latency/av-1/ack bytes=233 forwarded=1
1782918648.253363 publish topic=ipi/load-qos-run-1/latency/av-1/request bytes=1349 forwarded=1
1782918648.253998 publish topic=ipi/load-qos-run-1/latency/av-1/ack bytes=233 forwarded=1
1782918648.493758 publish topic=ipi/load-qos-run-1/latency/av-1/request bytes=1349 forwarded=1
1782918648.494396 publish topic=ipi/load-qos-run-1/latency/av-1/ack bytes=233 forwarded=1
1782918648.744066 publish topic=ipi/load-qos-run-1/latency/av-1/request bytes=1349 forwarded=1
1782918648.744730 publish topic=ipi/load-qos-run-1/latency/av-1/ack bytes=233 forwarded=1
1782918648.974587 publish topic=ipi/load-qos-run-1/latency/av-1/request bytes=1349 forwarded=1
1782918648.975254 publish topic=ipi/load-qos-run-1/latency/av-1/ack bytes=233 forwarded=1
1782918649.204876 publish topic=ipi/load-qos-run-1/latency/av-1/request bytes=1349 forwarded=1
1782918649.205515 publish topic=ipi/load-qos-run-1/latency/av-1/ack bytes=233 forwarded=1
1782918649.435050 publish topic=ipi/load-qos-run-1/latency/av-1/request bytes=1349 forwarded=1
1782918649.435683 publish topic=ipi/load-qos-run-1/latency/av-1/ack bytes=233 forwarded=1
1782918649.665680 publish topic=ipi/load-qos-run-1/latency/av-1/request bytes=1349 forwarded=1
1782918649.666323 publish topic=ipi/load-qos-run-1/latency/av-1/ack bytes=233 forwarded=1
1782918649.895926 publish topic=ipi/load-qos-run-1/latency/av-1/request bytes=1349 forwarded=1
1782918649.896575 publish topic=ipi/load-qos-run-1/latency/av-1/ack bytes=233 forwarded=1
1782918650.136194 publish topic=ipi/load-qos-run-1/latency/av-1/request bytes=1349 forwarded=1
1782918650.136854 publish topic=ipi/load-qos-run-1/latency/av-1/ack bytes=233 forwarded=1
1782918650.366624 publish topic=ipi/load-qos-run-1/latency/av-1/request bytes=1349 forwarded=1
1782918650.367264 publish topic=ipi/load-qos-run-1/latency/av-1/ack bytes=233 forwarded=1
1782918650.607136 publish topic=ipi/load-qos-run-1/latency/av-1/request bytes=1349 forwarded=1
1782918650.607769 publish topic=ipi/load-qos-run-1/latency/av-1/ack bytes=233 forwarded=1
1782918650.837312 publish topic=ipi/load-qos-run-1/latency/av-1/request bytes=1349 forwarded=1
1782918650.837950 publish topic=ipi/load-qos-run-1/latency/av-1/ack bytes=233 forwarded=1
1782918651.077775 publish topic=ipi/load-qos-run-1/latency/av-1/request bytes=1349 forwarded=1
1782918651.078440 publish topic=ipi/load-qos-run-1/latency/av-1/ack bytes=233 forwarded=1
1782918651.318269 publish topic=ipi/load-qos-run-1/latency/av-1/request bytes=1349 forwarded=1
1782918651.318920 publish topic=ipi/load-qos-run-1/latency/av-1/ack bytes=233 forwarded=1
1782918651.548599 publish topic=ipi/load-qos-run-1/latency/av-1/request bytes=1349 forwarded=1
1782918651.549266 publish topic=ipi/load-qos-run-1/latency/av-1/ack bytes=233 forwarded=1
1782918651.788762 publish topic=ipi/load-qos-run-1/latency/av-1/request bytes=1349 forwarded=1
1782918651.789398 publish topic=ipi/load-qos-run-1/latency/av-1/ack bytes=233 forwarded=1
1782918652.029127 publish topic=ipi/load-qos-run-1/latency/av-1/request bytes=1349 forwarded=1
1782918652.029760 publish topic=ipi/load-qos-run-1/latency/av-1/ack bytes=233 forwarded=1
1782918652.269630 publish topic=ipi/load-qos-run-1/latency/av-1/request bytes=1349 forwarded=1
1782918652.270267 publish topic=ipi/load-qos-run-1/latency/av-1/ack bytes=233 forwarded=1
1782918652.519891 publish topic=ipi/load-qos-run-1/latency/av-1/request bytes=1349 forwarded=1
1782918652.520530 publish topic=ipi/load-qos-run-1/latency/av-1/ack bytes=233 forwarded=1
1782918652.760325 publish topic=ipi/load-qos-run-1/latency/av-1/request bytes=1349 forwarded=1
1782918652.760987 publish topic=ipi/load-qos-run-1/latency/av-1/ack bytes=233 forwarded=1
1782918652.990547 publish topic=ipi/load-qos-run-1/latency/av-1/request bytes=1349 forwarded=1
1782918652.991182 publish topic=ipi/load-qos-run-1/latency/av-1/ack bytes=233 forwarded=1
1782918653.211088 publish topic=ipi/load-qos-run-1/latency/av-1/request bytes=1349 forwarded=1
1782918653.211730 publish topic=ipi/load-qos-run-1/latency/av-1/ack bytes=233 forwarded=1
1782918653.431446 publish topic=ipi/load-qos-run-1/latency/av-1/request bytes=1349 forwarded=1
1782918653.432096 publish topic=ipi/load-qos-run-1/latency/av-1/ack bytes=233 forwarded=1
1782918653.661848 publish topic=ipi/load-qos-run-1/latency/av-1/request bytes=1349 forwarded=1
1782918653.662484 publish topic=ipi/load-qos-run-1/latency/av-1/ack bytes=233 forwarded=1
1782918653.921985 publish topic=ipi/load-qos-run-1/latency/av-1/request bytes=1349 forwarded=1
1782918653.922616 publish topic=ipi/load-qos-run-1/latency/av-1/ack bytes=233 forwarded=1
1782918654.162500 publish topic=ipi/load-qos-run-1/latency/av-1/request bytes=1349 forwarded=1
1782918654.163141 publish topic=ipi/load-qos-run-1/latency/av-1/ack bytes=233 forwarded=1
1782918654.423261 publish topic=ipi/load-qos-run-1/latency/av-1/request bytes=1349 forwarded=1
1782918654.423869 publish topic=ipi/load-qos-run-1/latency/av-1/ack bytes=233 forwarded=1
1782918654.673628 publish topic=ipi/load-qos-run-1/latency/av-1/request bytes=1349 forwarded=1
1782918654.674260 publish topic=ipi/load-qos-run-1/latency/av-1/ack bytes=233 forwarded=1
1782918654.914123 publish topic=ipi/load-qos-run-1/latency/av-1/request bytes=1349 forwarded=1
1782918654.914759 publish topic=ipi/load-qos-run-1/latency/av-1/ack bytes=233 forwarded=1
1782918655.154526 publish topic=ipi/load-qos-run-1/latency/av-1/request bytes=1349 forwarded=1
1782918655.155166 publish topic=ipi/load-qos-run-1/latency/av-1/ack bytes=233 forwarded=1
1782918655.425094 publish topic=ipi/load-qos-run-1/latency/av-1/request bytes=1349 forwarded=1
1782918655.425730 publish topic=ipi/load-qos-run-1/latency/av-1/ack bytes=233 forwarded=1
1782918655.675584 publish topic=ipi/load-qos-run-1/latency/av-1/request bytes=1349 forwarded=1
1782918655.676232 publish topic=ipi/load-qos-run-1/latency/av-1/ack bytes=233 forwarded=1
1782918655.906011 publish topic=ipi/load-qos-run-1/latency/av-1/request bytes=1349 forwarded=1
1782918655.906646 publish topic=ipi/load-qos-run-1/latency/av-1/ack bytes=233 forwarded=1
1782918656.146364 publish topic=ipi/load-qos-run-1/latency/av-1/request bytes=1349 forwarded=1
1782918656.146992 publish topic=ipi/load-qos-run-1/latency/av-1/ack bytes=233 forwarded=1
1782918656.386751 publish topic=ipi/load-qos-run-1/latency/av-1/request bytes=1349 forwarded=1
1782918656.387364 publish topic=ipi/load-qos-run-1/latency/av-1/ack bytes=233 forwarded=1
1782918656.617090 publish topic=ipi/load-qos-run-1/latency/av-1/request bytes=1349 forwarded=1
1782918656.617714 publish topic=ipi/load-qos-run-1/latency/av-1/ack bytes=233 forwarded=1
1782918656.847538 publish topic=ipi/load-qos-run-1/latency/av-1/request bytes=1349 forwarded=1
1782918656.848151 publish topic=ipi/load-qos-run-1/latency/av-1/ack bytes=233 forwarded=1
1782918657.077549 publish topic=ipi/load-qos-run-1/latency/av-1/request bytes=1349 forwarded=1
1782918657.078154 publish topic=ipi/load-qos-run-1/latency/av-1/ack bytes=233 forwarded=1
1782918657.318260 publish topic=ipi/load-qos-run-1/latency/av-1/request bytes=1349 forwarded=1
1782918657.318872 publish topic=ipi/load-qos-run-1/latency/av-1/ack bytes=233 forwarded=1
1782918657.548499 publish topic=ipi/load-qos-run-1/latency/av-1/request bytes=1349 forwarded=1
1782918657.549123 publish topic=ipi/load-qos-run-1/latency/av-1/ack bytes=233 forwarded=1
1782918657.788978 publish topic=ipi/load-qos-run-1/latency/av-1/request bytes=1349 forwarded=1
1782918657.789606 publish topic=ipi/load-qos-run-1/latency/av-1/ack bytes=233 forwarded=1
1782918658.029490 publish topic=ipi/load-qos-run-1/latency/av-1/request bytes=1349 forwarded=1
1782918658.030111 publish topic=ipi/load-qos-run-1/latency/av-1/ack bytes=233 forwarded=1
1782918658.269680 publish topic=ipi/load-qos-run-1/latency/av-1/request bytes=1349 forwarded=1
1782918658.270315 publish topic=ipi/load-qos-run-1/latency/av-1/ack bytes=233 forwarded=1
1782918658.509812 publish topic=ipi/load-qos-run-1/latency/av-1/request bytes=1349 forwarded=1
1782918658.510428 publish topic=ipi/load-qos-run-1/latency/av-1/ack bytes=233 forwarded=1
1782918658.750318 publish topic=ipi/load-qos-run-1/latency/av-1/request bytes=1349 forwarded=1
1782918658.750948 publish topic=ipi/load-qos-run-1/latency/av-1/ack bytes=233 forwarded=1
1782918658.990625 publish topic=ipi/load-qos-run-1/latency/av-1/request bytes=1349 forwarded=1
1782918658.991237 publish topic=ipi/load-qos-run-1/latency/av-1/ack bytes=233 forwarded=1
1782918659.220810 publish topic=ipi/load-qos-run-1/latency/av-1/request bytes=1349 forwarded=1
1782918659.221473 publish topic=ipi/load-qos-run-1/latency/av-1/ack bytes=233 forwarded=1
1782918659.441097 publish topic=ipi/load-qos-run-1/latency/av-1/request bytes=1349 forwarded=1
1782918659.441736 publish topic=ipi/load-qos-run-1/latency/av-1/ack bytes=233 forwarded=1
1782918659.661427 publish topic=ipi/load-qos-run-1/latency/av-1/request bytes=1349 forwarded=1
1782918659.662039 publish topic=ipi/load-qos-run-1/latency/av-1/ack bytes=233 forwarded=1
1782918659.941772 publish topic=ipi/load-qos-run-1/latency/av-1/request bytes=1349 forwarded=1
1782918659.942390 publish topic=ipi/load-qos-run-1/latency/av-1/ack bytes=233 forwarded=1
1782918660.172210 publish topic=ipi/load-qos-run-1/latency/av-1/request bytes=1349 forwarded=1
1782918660.172857 publish topic=ipi/load-qos-run-1/latency/av-1/ack bytes=233 forwarded=1
1782918660.402160 publish topic=ipi/load-qos-run-1/latency/av-1/request bytes=1349 forwarded=1
1782918660.402809 publish topic=ipi/load-qos-run-1/latency/av-1/ack bytes=233 forwarded=1
1782918660.632483 publish topic=ipi/load-qos-run-1/latency/av-1/request bytes=1349 forwarded=1
1782918660.633135 publish topic=ipi/load-qos-run-1/latency/av-1/ack bytes=233 forwarded=1
1782918660.892816 publish topic=ipi/load-qos-run-1/latency/av-1/request bytes=1349 forwarded=1
1782918660.893450 publish topic=ipi/load-qos-run-1/latency/av-1/ack bytes=233 forwarded=1
1782918661.163297 publish topic=ipi/load-qos-run-1/latency/av-1/request bytes=1349 forwarded=1
1782918661.163938 publish topic=ipi/load-qos-run-1/latency/av-1/ack bytes=233 forwarded=1
1782918661.443796 publish topic=ipi/load-qos-run-1/latency/av-1/request bytes=1349 forwarded=1
1782918661.444443 publish topic=ipi/load-qos-run-1/latency/av-1/ack bytes=233 forwarded=1
1782918661.704149 publish topic=ipi/load-qos-run-1/latency/av-1/request bytes=1349 forwarded=1
1782918661.704830 publish topic=ipi/load-qos-run-1/latency/av-1/ack bytes=233 forwarded=1
1782918661.954720 publish topic=ipi/load-qos-run-1/latency/av-1/request bytes=1349 forwarded=1
1782918661.955358 publish topic=ipi/load-qos-run-1/latency/av-1/ack bytes=233 forwarded=1
1782918662.275308 publish topic=ipi/load-qos-run-1/latency/av-1/request bytes=1349 forwarded=1
1782918662.275943 publish topic=ipi/load-qos-run-1/latency/av-1/ack bytes=233 forwarded=1
1782918662.535517 publish topic=ipi/load-qos-run-1/latency/av-1/request bytes=1349 forwarded=1
1782918662.536156 publish topic=ipi/load-qos-run-1/latency/av-1/ack bytes=233 forwarded=1
1782918662.796182 publish topic=ipi/load-qos-run-1/latency/av-1/request bytes=1349 forwarded=1
1782918662.796848 publish topic=ipi/load-qos-run-1/latency/av-1/ack bytes=233 forwarded=1
1782918663.036628 publish topic=ipi/load-qos-run-1/latency/av-1/request bytes=1349 forwarded=1
1782918663.037277 publish topic=ipi/load-qos-run-1/latency/av-1/ack bytes=233 forwarded=1
1782918663.277013 publish topic=ipi/load-qos-run-1/latency/av-1/request bytes=1349 forwarded=1
1782918663.277657 publish topic=ipi/load-qos-run-1/latency/av-1/ack bytes=233 forwarded=1
1782918663.517197 publish topic=ipi/load-qos-run-1/latency/av-1/request bytes=1349 forwarded=1
1782918663.517831 publish topic=ipi/load-qos-run-1/latency/av-1/ack bytes=233 forwarded=1
1782918663.757604 publish topic=ipi/load-qos-run-1/latency/av-1/request bytes=1349 forwarded=1
1782918663.758254 publish topic=ipi/load-qos-run-1/latency/av-1/ack bytes=233 forwarded=1
1782918663.987803 publish topic=ipi/load-qos-run-1/latency/av-1/request bytes=1349 forwarded=1
1782918663.988443 publish topic=ipi/load-qos-run-1/latency/av-1/ack bytes=233 forwarded=1
1782918664.228120 publish topic=ipi/load-qos-run-1/latency/av-1/request bytes=1349 forwarded=1
1782918664.228804 publish topic=ipi/load-qos-run-1/latency/av-1/ack bytes=233 forwarded=1
1782918664.498522 publish topic=ipi/load-qos-run-1/latency/av-1/request bytes=1349 forwarded=1
1782918664.499138 publish topic=ipi/load-qos-run-1/latency/av-1/ack bytes=233 forwarded=1
1782918664.738807 publish topic=ipi/load-qos-run-1/latency/av-1/request bytes=1349 forwarded=1
1782918664.739439 publish topic=ipi/load-qos-run-1/latency/av-1/ack bytes=233 forwarded=1
1782918664.979152 publish topic=ipi/load-qos-run-1/latency/av-1/request bytes=1349 forwarded=1
1782918664.979793 publish topic=ipi/load-qos-run-1/latency/av-1/ack bytes=233 forwarded=1
1782918665.219367 publish topic=ipi/load-qos-run-1/latency/av-1/request bytes=1349 forwarded=1
1782918665.220010 publish topic=ipi/load-qos-run-1/latency/av-1/ack bytes=233 forwarded=1
1782918665.459625 publish topic=ipi/load-qos-run-1/latency/av-1/request bytes=1349 forwarded=1
1782918665.460265 publish topic=ipi/load-qos-run-1/latency/av-1/ack bytes=233 forwarded=1
1782918665.689918 publish topic=ipi/load-qos-run-1/latency/av-1/request bytes=1349 forwarded=1
1782918665.690559 publish topic=ipi/load-qos-run-1/latency/av-1/ack bytes=233 forwarded=1
1782918665.920435 publish topic=ipi/load-qos-run-1/latency/av-1/request bytes=1349 forwarded=1
1782918665.921131 publish topic=ipi/load-qos-run-1/latency/av-1/ack bytes=233 forwarded=1
1782918666.160696 publish topic=ipi/load-qos-run-1/latency/av-1/request bytes=1349 forwarded=1
1782918666.161333 publish topic=ipi/load-qos-run-1/latency/av-1/ack bytes=233 forwarded=1
1782918666.401004 publish topic=ipi/load-qos-run-1/latency/av-1/request bytes=1349 forwarded=1
1782918666.401640 publish topic=ipi/load-qos-run-1/latency/av-1/ack bytes=233 forwarded=1
1782918666.641181 publish topic=ipi/load-qos-run-1/latency/av-1/request bytes=1349 forwarded=1
1782918666.641794 publish topic=ipi/load-qos-run-1/latency/av-1/ack bytes=233 forwarded=1
1782918666.871334 publish topic=ipi/load-qos-run-1/latency/av-1/request bytes=1349 forwarded=1
1782918666.872035 publish topic=ipi/load-qos-run-1/latency/av-1/ack bytes=233 forwarded=1
1782918667.101725 publish topic=ipi/load-qos-run-1/latency/av-1/request bytes=1349 forwarded=1
1782918667.102371 publish topic=ipi/load-qos-run-1/latency/av-1/ack bytes=233 forwarded=1
1782918667.341880 publish topic=ipi/load-qos-run-1/latency/av-1/request bytes=1349 forwarded=1
1782918667.342496 publish topic=ipi/load-qos-run-1/latency/av-1/ack bytes=233 forwarded=1
1782918667.572355 publish topic=ipi/load-qos-run-1/latency/av-1/request bytes=1349 forwarded=1
1782918667.573045 publish topic=ipi/load-qos-run-1/latency/av-1/ack bytes=233 forwarded=1
1782918667.802623 publish topic=ipi/load-qos-run-1/latency/av-1/request bytes=1349 forwarded=1
1782918667.803239 publish topic=ipi/load-qos-run-1/latency/av-1/ack bytes=233 forwarded=1
1782918668.072899 publish topic=ipi/load-qos-run-1/latency/av-1/request bytes=1349 forwarded=1
1782918668.073528 publish topic=ipi/load-qos-run-1/latency/av-1/ack bytes=233 forwarded=1
1782918668.303338 publish topic=ipi/load-qos-run-1/latency/av-1/request bytes=1349 forwarded=1
1782918668.303959 publish topic=ipi/load-qos-run-1/latency/av-1/ack bytes=233 forwarded=1
1782918668.563805 publish topic=ipi/load-qos-run-1/latency/av-1/request bytes=1349 forwarded=1
1782918668.564446 publish topic=ipi/load-qos-run-1/latency/av-1/ack bytes=233 forwarded=1
1782918669.024753 publish topic=ipi/load-qos-run-1/latency/av-1/request bytes=1349 forwarded=1
1782918669.025394 publish topic=ipi/load-qos-run-1/latency/av-1/ack bytes=233 forwarded=1
1782918669.265188 publish topic=ipi/load-qos-run-1/latency/av-1/request bytes=1349 forwarded=1
1782918669.265850 publish topic=ipi/load-qos-run-1/latency/av-1/ack bytes=233 forwarded=1
1782918669.515584 publish topic=ipi/load-qos-run-1/latency/av-1/request bytes=1349 forwarded=1
1782918669.516227 publish topic=ipi/load-qos-run-1/latency/av-1/ack bytes=233 forwarded=1
1782918669.765831 publish topic=ipi/load-qos-run-1/latency/av-1/request bytes=1349 forwarded=1
1782918669.766464 publish topic=ipi/load-qos-run-1/latency/av-1/ack bytes=233 forwarded=1
1782918670.036261 publish topic=ipi/load-qos-run-1/latency/av-1/request bytes=1349 forwarded=1
1782918670.036910 publish topic=ipi/load-qos-run-1/latency/av-1/ack bytes=233 forwarded=1
1782918670.266663 publish topic=ipi/load-qos-run-1/latency/av-1/request bytes=1349 forwarded=1
1782918670.267304 publish topic=ipi/load-qos-run-1/latency/av-1/ack bytes=233 forwarded=1
1782918670.507092 publish topic=ipi/load-qos-run-1/latency/av-1/request bytes=1349 forwarded=1
1782918670.507730 publish topic=ipi/load-qos-run-1/latency/av-1/ack bytes=233 forwarded=1
1782918670.747408 publish topic=ipi/load-qos-run-1/latency/av-1/request bytes=1349 forwarded=1
1782918670.748060 publish topic=ipi/load-qos-run-1/latency/av-1/ack bytes=233 forwarded=1
1782918670.987783 publish topic=ipi/load-qos-run-1/latency/av-1/request bytes=1349 forwarded=1
1782918670.988422 publish topic=ipi/load-qos-run-1/latency/av-1/ack bytes=233 forwarded=1
1782918671.217878 publish topic=ipi/load-qos-run-1/latency/av-1/request bytes=1349 forwarded=1
1782918671.218512 publish topic=ipi/load-qos-run-1/latency/av-1/ack bytes=233 forwarded=1
1782918671.448084 publish topic=ipi/load-qos-run-1/latency/av-1/request bytes=1349 forwarded=1
1782918671.448781 publish topic=ipi/load-qos-run-1/latency/av-1/ack bytes=233 forwarded=1
1782918671.688577 publish topic=ipi/load-qos-run-1/latency/av-1/request bytes=1349 forwarded=1
1782918671.689235 publish topic=ipi/load-qos-run-1/latency/av-1/ack bytes=233 forwarded=1
1782918671.929068 publish topic=ipi/load-qos-run-1/latency/av-1/request bytes=1349 forwarded=1
1782918671.929711 publish topic=ipi/load-qos-run-1/latency/av-1/ack bytes=233 forwarded=1
1782918672.169401 publish topic=ipi/load-qos-run-1/latency/av-1/request bytes=1349 forwarded=1
1782918672.170099 publish topic=ipi/load-qos-run-1/latency/av-1/ack bytes=233 forwarded=1
1782918672.409782 publish topic=ipi/load-qos-run-1/latency/av-1/request bytes=1349 forwarded=1
1782918672.410421 publish topic=ipi/load-qos-run-1/latency/av-1/ack bytes=233 forwarded=1
1782918672.649872 publish topic=ipi/load-qos-run-1/latency/av-1/request bytes=1349 forwarded=1
1782918672.650586 publish topic=ipi/load-qos-run-1/latency/av-1/ack bytes=233 forwarded=1
1782918672.890105 publish topic=ipi/load-qos-run-1/latency/av-1/request bytes=1349 forwarded=1
1782918672.890749 publish topic=ipi/load-qos-run-1/latency/av-1/ack bytes=233 forwarded=1
1782918673.140489 publish topic=ipi/load-qos-run-1/latency/av-1/request bytes=1349 forwarded=1
1782918673.141167 publish topic=ipi/load-qos-run-1/latency/av-1/ack bytes=233 forwarded=1
1782918673.370717 publish topic=ipi/load-qos-run-1/latency/av-1/request bytes=1349 forwarded=1
1782918673.371331 publish topic=ipi/load-qos-run-1/latency/av-1/ack bytes=233 forwarded=1
1782918673.590982 publish topic=ipi/load-qos-run-1/latency/av-1/request bytes=1349 forwarded=1
1782918673.591617 publish topic=ipi/load-qos-run-1/latency/av-1/ack bytes=233 forwarded=1
1782918673.821207 publish topic=ipi/load-qos-run-1/latency/av-1/request bytes=1349 forwarded=1
1782918673.821862 publish topic=ipi/load-qos-run-1/latency/av-1/ack bytes=233 forwarded=1
1782918674.071723 publish topic=ipi/load-qos-run-1/latency/av-1/request bytes=1349 forwarded=1
1782918674.072351 publish topic=ipi/load-qos-run-1/latency/av-1/ack bytes=233 forwarded=1
1782918674.321957 publish topic=ipi/load-qos-run-1/latency/av-1/request bytes=1349 forwarded=1
1782918674.322608 publish topic=ipi/load-qos-run-1/latency/av-1/ack bytes=233 forwarded=1
1782918674.551909 publish topic=ipi/load-qos-run-1/latency/av-1/request bytes=1349 forwarded=1
1782918674.552107 publish topic=ipi/load-qos-run-1/latency/av-1/ack bytes=233 forwarded=1
1782918674.782316 publish topic=ipi/load-qos-run-1/latency/av-1/request bytes=1349 forwarded=1
1782918674.782995 publish topic=ipi/load-qos-run-1/latency/av-1/ack bytes=233 forwarded=1
1782918675.022652 publish topic=ipi/load-qos-run-1/latency/av-1/request bytes=1349 forwarded=1
1782918675.023340 publish topic=ipi/load-qos-run-1/latency/av-1/ack bytes=233 forwarded=1
1782918675.253014 publish topic=ipi/load-qos-run-1/latency/av-1/request bytes=1349 forwarded=1
1782918675.253688 publish topic=ipi/load-qos-run-1/latency/av-1/ack bytes=233 forwarded=1
1782918675.523577 publish topic=ipi/load-qos-run-1/latency/av-1/request bytes=1349 forwarded=1
1782918675.524253 publish topic=ipi/load-qos-run-1/latency/av-1/ack bytes=233 forwarded=1
1782918675.773898 publish topic=ipi/load-qos-run-1/latency/av-1/request bytes=1349 forwarded=1
1782918675.774578 publish topic=ipi/load-qos-run-1/latency/av-1/ack bytes=233 forwarded=1
1782918676.044279 publish topic=ipi/load-qos-run-1/latency/av-1/request bytes=1349 forwarded=1
1782918676.044998 publish topic=ipi/load-qos-run-1/latency/av-1/ack bytes=233 forwarded=1
1782918676.284831 publish topic=ipi/load-qos-run-1/latency/av-1/request bytes=1349 forwarded=1
1782918676.285511 publish topic=ipi/load-qos-run-1/latency/av-1/ack bytes=233 forwarded=1
1782918676.545293 publish topic=ipi/load-qos-run-1/latency/av-1/request bytes=1349 forwarded=1
1782918676.545973 publish topic=ipi/load-qos-run-1/latency/av-1/ack bytes=233 forwarded=1
1782918676.795587 publish topic=ipi/load-qos-run-1/latency/av-1/request bytes=1349 forwarded=1
1782918676.796270 publish topic=ipi/load-qos-run-1/latency/av-1/ack bytes=233 forwarded=1
1782918677.066152 publish topic=ipi/load-qos-run-1/latency/av-1/request bytes=1349 forwarded=1
1782918677.066832 publish topic=ipi/load-qos-run-1/latency/av-1/ack bytes=233 forwarded=1
1782918677.316471 publish topic=ipi/load-qos-run-1/latency/av-1/request bytes=1349 forwarded=1
1782918677.317142 publish topic=ipi/load-qos-run-1/latency/av-1/ack bytes=233 forwarded=1
1782918677.556910 publish topic=ipi/load-qos-run-1/latency/av-1/request bytes=1349 forwarded=1
1782918677.557585 publish topic=ipi/load-qos-run-1/latency/av-1/ack bytes=233 forwarded=1
1782918677.797206 publish topic=ipi/load-qos-run-1/latency/av-1/request bytes=1349 forwarded=1
1782918677.797881 publish topic=ipi/load-qos-run-1/latency/av-1/ack bytes=233 forwarded=1
1782918678.037706 publish topic=ipi/load-qos-run-1/latency/av-1/request bytes=1349 forwarded=1
1782918678.038381 publish topic=ipi/load-qos-run-1/latency/av-1/ack bytes=233 forwarded=1
1782918678.277955 publish topic=ipi/load-qos-run-1/latency/av-1/request bytes=1349 forwarded=1
1782918678.278642 publish topic=ipi/load-qos-run-1/latency/av-1/ack bytes=233 forwarded=1
1782918678.517926 publish topic=ipi/load-qos-run-1/latency/av-1/request bytes=1349 forwarded=1
1782918678.518608 publish topic=ipi/load-qos-run-1/latency/av-1/ack bytes=233 forwarded=1
1782918678.758398 publish topic=ipi/load-qos-run-1/latency/av-1/request bytes=1349 forwarded=1
1782918678.759111 publish topic=ipi/load-qos-run-1/latency/av-1/ack bytes=233 forwarded=1
1782918678.988606 publish topic=ipi/load-qos-run-1/latency/av-1/request bytes=1349 forwarded=1
1782918678.989290 publish topic=ipi/load-qos-run-1/latency/av-1/ack bytes=233 forwarded=1
1782918679.229058 publish topic=ipi/load-qos-run-1/latency/av-1/request bytes=1349 forwarded=1
1782918679.229733 publish topic=ipi/load-qos-run-1/latency/av-1/ack bytes=233 forwarded=1
1782918679.469360 publish topic=ipi/load-qos-run-1/latency/av-1/request bytes=1349 forwarded=1
1782918679.470028 publish topic=ipi/load-qos-run-1/latency/av-1/ack bytes=233 forwarded=1
1782918679.709654 publish topic=ipi/load-qos-run-1/latency/av-1/request bytes=1349 forwarded=1
1782918679.710328 publish topic=ipi/load-qos-run-1/latency/av-1/ack bytes=233 forwarded=1
1782918679.940044 publish topic=ipi/load-qos-run-1/latency/av-1/request bytes=1349 forwarded=1
1782918679.940740 publish topic=ipi/load-qos-run-1/latency/av-1/ack bytes=233 forwarded=1
1782918680.190406 publish topic=ipi/load-qos-run-1/latency/av-1/request bytes=1349 forwarded=1
1782918680.191094 publish topic=ipi/load-qos-run-1/latency/av-1/ack bytes=233 forwarded=1
1782918680.420916 publish topic=ipi/load-qos-run-1/latency/av-1/request bytes=1349 forwarded=1
1782918680.421587 publish topic=ipi/load-qos-run-1/latency/av-1/ack bytes=233 forwarded=1
1782918680.701107 publish topic=ipi/load-qos-run-1/latency/av-1/request bytes=1349 forwarded=1
1782918680.701776 publish topic=ipi/load-qos-run-1/latency/av-1/ack bytes=233 forwarded=1
1782918680.931340 publish topic=ipi/load-qos-run-1/latency/av-1/request bytes=1349 forwarded=1
1782918680.932011 publish topic=ipi/load-qos-run-1/latency/av-1/ack bytes=233 forwarded=1
1782918681.161642 publish topic=ipi/load-qos-run-1/latency/av-1/request bytes=1349 forwarded=1
1782918681.162318 publish topic=ipi/load-qos-run-1/latency/av-1/ack bytes=233 forwarded=1
1782918681.401814 publish topic=ipi/load-qos-run-1/latency/av-1/request bytes=1349 forwarded=1
1782918681.402393 publish topic=ipi/load-qos-run-1/latency/av-1/ack bytes=233 forwarded=1
1782918681.652266 publish topic=ipi/load-qos-run-1/latency/av-1/request bytes=1349 forwarded=1
1782918681.652903 publish topic=ipi/load-qos-run-1/latency/av-1/ack bytes=233 forwarded=1
1782918681.892913 publish topic=ipi/load-qos-run-1/latency/av-1/request bytes=1349 forwarded=1
1782918681.893520 publish topic=ipi/load-qos-run-1/latency/av-1/ack bytes=233 forwarded=1
1782918682.123139 publish topic=ipi/load-qos-run-1/latency/av-1/request bytes=1349 forwarded=1
1782918682.123750 publish topic=ipi/load-qos-run-1/latency/av-1/ack bytes=233 forwarded=1
1782918682.363317 publish topic=ipi/load-qos-run-1/latency/av-1/request bytes=1349 forwarded=1
1782918682.363925 publish topic=ipi/load-qos-run-1/latency/av-1/ack bytes=233 forwarded=1
1782918682.603644 publish topic=ipi/load-qos-run-1/latency/av-1/request bytes=1349 forwarded=1
1782918682.604230 publish topic=ipi/load-qos-run-1/latency/av-1/ack bytes=233 forwarded=1
1782918682.853942 publish topic=ipi/load-qos-run-1/latency/av-1/request bytes=1349 forwarded=1
1782918682.854509 publish topic=ipi/load-qos-run-1/latency/av-1/ack bytes=233 forwarded=1
1782918683.104555 publish topic=ipi/load-qos-run-1/latency/av-1/request bytes=1349 forwarded=1
1782918683.105216 publish topic=ipi/load-qos-run-1/latency/av-1/ack bytes=233 forwarded=1
1782918683.365093 publish topic=ipi/load-qos-run-1/latency/av-1/request bytes=1349 forwarded=1
1782918683.365677 publish topic=ipi/load-qos-run-1/latency/av-1/ack bytes=233 forwarded=1
1782918683.625528 publish topic=ipi/load-qos-run-1/latency/av-1/request bytes=1349 forwarded=1
1782918683.626146 publish topic=ipi/load-qos-run-1/latency/av-1/ack bytes=233 forwarded=1
1782918683.885776 publish topic=ipi/load-qos-run-1/latency/av-1/request bytes=1349 forwarded=1
1782918683.886393 publish topic=ipi/load-qos-run-1/latency/av-1/ack bytes=233 forwarded=1
1782918684.166505 publish topic=ipi/load-qos-run-1/latency/av-1/request bytes=1349 forwarded=1
1782918684.167097 publish topic=ipi/load-qos-run-1/latency/av-1/ack bytes=233 forwarded=1
1782918684.396839 publish topic=ipi/load-qos-run-1/latency/av-1/request bytes=1349 forwarded=1
1782918684.397414 publish topic=ipi/load-qos-run-1/latency/av-1/ack bytes=233 forwarded=1
1782918684.657513 publish topic=ipi/load-qos-run-1/latency/av-1/request bytes=1349 forwarded=1
1782918684.658120 publish topic=ipi/load-qos-run-1/latency/av-1/ack bytes=233 forwarded=1
1782918684.887674 publish topic=ipi/load-qos-run-1/latency/av-1/request bytes=1349 forwarded=1
1782918684.888260 publish topic=ipi/load-qos-run-1/latency/av-1/ack bytes=233 forwarded=1
1782918685.118003 publish topic=ipi/load-qos-run-1/latency/av-1/request bytes=1349 forwarded=1
1782918685.118586 publish topic=ipi/load-qos-run-1/latency/av-1/ack bytes=233 forwarded=1
1782918685.358396 publish topic=ipi/load-qos-run-1/latency/av-1/request bytes=1349 forwarded=1
1782918685.359004 publish topic=ipi/load-qos-run-1/latency/av-1/ack bytes=233 forwarded=1
1782918685.588899 publish topic=ipi/load-qos-run-1/latency/av-1/request bytes=1349 forwarded=1
1782918685.589513 publish topic=ipi/load-qos-run-1/latency/av-1/ack bytes=233 forwarded=1
1782918685.819089 publish topic=ipi/load-qos-run-1/latency/av-1/request bytes=1349 forwarded=1
1782918685.819772 publish topic=ipi/load-qos-run-1/latency/av-1/ack bytes=233 forwarded=1
1782918686.049487 publish topic=ipi/load-qos-run-1/latency/av-1/request bytes=1349 forwarded=1
1782918686.050102 publish topic=ipi/load-qos-run-1/latency/av-1/ack bytes=233 forwarded=1
1782918686.289575 publish topic=ipi/load-qos-run-1/latency/av-1/request bytes=1349 forwarded=1
1782918686.290225 publish topic=ipi/load-qos-run-1/latency/av-1/ack bytes=233 forwarded=1
1782918686.540187 publish topic=ipi/load-qos-run-1/latency/av-1/request bytes=1349 forwarded=1
1782918686.540844 publish topic=ipi/load-qos-run-1/latency/av-1/ack bytes=233 forwarded=1
1782918686.770445 publish topic=ipi/load-qos-run-1/latency/av-1/request bytes=1349 forwarded=1
1782918686.771060 publish topic=ipi/load-qos-run-1/latency/av-1/ack bytes=233 forwarded=1
1782918687.031059 publish topic=ipi/load-qos-run-1/latency/av-1/request bytes=1349 forwarded=1
1782918687.031739 publish topic=ipi/load-qos-run-1/latency/av-1/ack bytes=233 forwarded=1
1782918687.291392 publish topic=ipi/load-qos-run-1/latency/av-1/request bytes=1349 forwarded=1
1782918687.292027 publish topic=ipi/load-qos-run-1/latency/av-1/ack bytes=233 forwarded=1
1782918687.542048 publish topic=ipi/load-qos-run-1/latency/av-1/request bytes=1349 forwarded=1
1782918687.542697 publish topic=ipi/load-qos-run-1/latency/av-1/ack bytes=233 forwarded=1
1782918687.802253 publish topic=ipi/load-qos-run-1/latency/av-1/request bytes=1349 forwarded=1
1782918687.802866 publish topic=ipi/load-qos-run-1/latency/av-1/ack bytes=233 forwarded=1
1782918688.062978 publish topic=ipi/load-qos-run-1/latency/av-1/request bytes=1349 forwarded=1
1782918688.063619 publish topic=ipi/load-qos-run-1/latency/av-1/ack bytes=233 forwarded=1
1782918688.323495 publish topic=ipi/load-qos-run-1/latency/av-1/request bytes=1349 forwarded=1
1782918688.324174 publish topic=ipi/load-qos-run-1/latency/av-1/ack bytes=233 forwarded=1
1782918688.563818 publish topic=ipi/load-qos-run-1/latency/av-1/request bytes=1349 forwarded=1
1782918688.564502 publish topic=ipi/load-qos-run-1/latency/av-1/ack bytes=233 forwarded=1
1782918688.794005 publish topic=ipi/load-qos-run-1/latency/av-1/request bytes=1349 forwarded=1
1782918688.794651 publish topic=ipi/load-qos-run-1/latency/av-1/ack bytes=233 forwarded=1
1782918689.024541 publish topic=ipi/load-qos-run-1/latency/av-1/request bytes=1349 forwarded=1
1782918689.025178 publish topic=ipi/load-qos-run-1/latency/av-1/ack bytes=233 forwarded=1
1782918689.264766 publish topic=ipi/load-qos-run-1/latency/av-1/request bytes=1349 forwarded=1
1782918689.265413 publish topic=ipi/load-qos-run-1/latency/av-1/ack bytes=233 forwarded=1
1782918689.494902 publish topic=ipi/load-qos-run-1/latency/av-1/request bytes=1349 forwarded=1
1782918689.495123 publish topic=ipi/load-qos-run-1/latency/av-1/ack bytes=233 forwarded=1
1782918689.715426 publish topic=ipi/load-qos-run-1/latency/av-1/request bytes=1349 forwarded=1
1782918689.716106 publish topic=ipi/load-qos-run-1/latency/av-1/ack bytes=233 forwarded=1
1782918689.945763 publish topic=ipi/load-qos-run-1/latency/av-1/request bytes=1349 forwarded=1
1782918689.946472 publish topic=ipi/load-qos-run-1/latency/av-1/ack bytes=233 forwarded=1
1782918690.176169 publish topic=ipi/load-qos-run-1/latency/av-1/request bytes=1349 forwarded=1
1782918690.176857 publish topic=ipi/load-qos-run-1/latency/av-1/ack bytes=233 forwarded=1
1782918690.426420 publish topic=ipi/load-qos-run-1/latency/av-1/request bytes=1349 forwarded=1
1782918690.427098 publish topic=ipi/load-qos-run-1/latency/av-1/ack bytes=233 forwarded=1
1782918690.666759 publish topic=ipi/load-qos-run-1/latency/av-1/request bytes=1349 forwarded=1
1782918690.667444 publish topic=ipi/load-qos-run-1/latency/av-1/ack bytes=233 forwarded=1
1782918690.907081 publish topic=ipi/load-qos-run-1/latency/av-1/request bytes=1349 forwarded=1
1782918690.907763 publish topic=ipi/load-qos-run-1/latency/av-1/ack bytes=233 forwarded=1
1782918691.137257 publish topic=ipi/load-qos-run-1/latency/av-1/request bytes=1349 forwarded=1
1782918691.137930 publish topic=ipi/load-qos-run-1/latency/av-1/ack bytes=233 forwarded=1
1782918691.377790 publish topic=ipi/load-qos-run-1/latency/av-1/request bytes=1349 forwarded=1
1782918691.378445 publish topic=ipi/load-qos-run-1/latency/av-1/ack bytes=233 forwarded=1
1782918691.617843 publish topic=ipi/load-qos-run-1/latency/av-1/request bytes=1349 forwarded=1
1782918691.618517 publish topic=ipi/load-qos-run-1/latency/av-1/ack bytes=233 forwarded=1
1782918691.858397 publish topic=ipi/load-qos-run-1/latency/av-1/request bytes=1349 forwarded=1
1782918691.859074 publish topic=ipi/load-qos-run-1/latency/av-1/ack bytes=233 forwarded=1
1782918692.088876 publish topic=ipi/load-qos-run-1/latency/av-1/request bytes=1349 forwarded=1
1782918692.089558 publish topic=ipi/load-qos-run-1/latency/av-1/ack bytes=233 forwarded=1
1782918692.329160 publish topic=ipi/load-qos-run-1/latency/av-1/request bytes=1349 forwarded=1
1782918692.329845 publish topic=ipi/load-qos-run-1/latency/av-1/ack bytes=233 forwarded=1
1782918692.569537 publish topic=ipi/load-qos-run-1/latency/av-1/request bytes=1349 forwarded=1
1782918692.570225 publish topic=ipi/load-qos-run-1/latency/av-1/ack bytes=233 forwarded=1
1782918692.809637 publish topic=ipi/load-qos-run-1/latency/av-1/request bytes=1349 forwarded=1
1782918692.810298 publish topic=ipi/load-qos-run-1/latency/av-1/ack bytes=233 forwarded=1
1782918693.060156 publish topic=ipi/load-qos-run-1/latency/av-1/request bytes=1349 forwarded=1
1782918693.060810 publish topic=ipi/load-qos-run-1/latency/av-1/ack bytes=233 forwarded=1
1782918693.290303 publish topic=ipi/load-qos-run-1/latency/av-1/request bytes=1349 forwarded=1
1782918693.290942 publish topic=ipi/load-qos-run-1/latency/av-1/ack bytes=233 forwarded=1
1782918693.530872 publish topic=ipi/load-qos-run-1/latency/av-1/request bytes=1349 forwarded=1
1782918693.531508 publish topic=ipi/load-qos-run-1/latency/av-1/ack bytes=233 forwarded=1
1782918693.791292 publish topic=ipi/load-qos-run-1/latency/av-1/request bytes=1349 forwarded=1
1782918693.791908 publish topic=ipi/load-qos-run-1/latency/av-1/ack bytes=233 forwarded=1
1782918694.041749 publish topic=ipi/load-qos-run-1/latency/av-1/request bytes=1349 forwarded=1
1782918694.042382 publish topic=ipi/load-qos-run-1/latency/av-1/ack bytes=233 forwarded=1
1782918694.322040 publish topic=ipi/load-qos-run-1/latency/av-1/request bytes=1349 forwarded=1
1782918694.322708 publish topic=ipi/load-qos-run-1/latency/av-1/ack bytes=233 forwarded=1
1782918694.592810 publish topic=ipi/load-qos-run-1/latency/av-1/request bytes=1349 forwarded=1
1782918694.593449 publish topic=ipi/load-qos-run-1/latency/av-1/ack bytes=233 forwarded=1
1782918694.853086 publish topic=ipi/load-qos-run-1/latency/av-1/request bytes=1349 forwarded=1
1782918694.853757 publish topic=ipi/load-qos-run-1/latency/av-1/ack bytes=233 forwarded=1
1782918695.103702 publish topic=ipi/load-qos-run-1/latency/av-1/request bytes=1349 forwarded=1
1782918695.104321 publish topic=ipi/load-qos-run-1/latency/av-1/ack bytes=233 forwarded=1
1782918695.394082 publish topic=ipi/load-qos-run-1/latency/av-1/request bytes=1349 forwarded=1
1782918695.394720 publish topic=ipi/load-qos-run-1/latency/av-1/ack bytes=233 forwarded=1
1782918695.634341 publish topic=ipi/load-qos-run-1/latency/av-1/request bytes=1349 forwarded=1
1782918695.634972 publish topic=ipi/load-qos-run-1/latency/av-1/ack bytes=233 forwarded=1
1782918695.864787 publish topic=ipi/load-qos-run-1/latency/av-1/request bytes=1349 forwarded=1
1782918695.865487 publish topic=ipi/load-qos-run-1/latency/av-1/ack bytes=233 forwarded=1
1782918696.095089 publish topic=ipi/load-qos-run-1/latency/av-1/request bytes=1349 forwarded=1
1782918696.095720 publish topic=ipi/load-qos-run-1/latency/av-1/ack bytes=233 forwarded=1
1782918696.325383 publish topic=ipi/load-qos-run-1/latency/av-1/request bytes=1349 forwarded=1
1782918696.326069 publish topic=ipi/load-qos-run-1/latency/av-1/ack bytes=233 forwarded=1
1782918696.555824 publish topic=ipi/load-qos-run-1/latency/av-1/request bytes=1349 forwarded=1
1782918696.556464 publish topic=ipi/load-qos-run-1/latency/av-1/ack bytes=233 forwarded=1
1782918696.785987 publish topic=ipi/load-qos-run-1/latency/av-1/request bytes=1349 forwarded=1
1782918696.786630 publish topic=ipi/load-qos-run-1/latency/av-1/ack bytes=233 forwarded=1
1782918697.016224 publish topic=ipi/load-qos-run-1/latency/av-1/request bytes=1349 forwarded=1
1782918697.016883 publish topic=ipi/load-qos-run-1/latency/av-1/ack bytes=233 forwarded=1
1782918697.246619 publish topic=ipi/load-qos-run-1/latency/av-1/request bytes=1349 forwarded=1
1782918697.247247 publish topic=ipi/load-qos-run-1/latency/av-1/ack bytes=233 forwarded=1
1782918697.486958 publish topic=ipi/load-qos-run-1/latency/av-1/request bytes=1349 forwarded=1
1782918697.487586 publish topic=ipi/load-qos-run-1/latency/av-1/ack bytes=233 forwarded=1
1782918697.727399 publish topic=ipi/load-qos-run-1/latency/av-1/request bytes=1349 forwarded=1
1782918697.728028 publish topic=ipi/load-qos-run-1/latency/av-1/ack bytes=233 forwarded=1
1782918697.967859 publish topic=ipi/load-qos-run-1/latency/av-1/request bytes=1349 forwarded=1
1782918697.968519 publish topic=ipi/load-qos-run-1/latency/av-1/ack bytes=233 forwarded=1
1782918698.207919 publish topic=ipi/load-qos-run-1/latency/av-1/request bytes=1349 forwarded=1
1782918698.208548 publish topic=ipi/load-qos-run-1/latency/av-1/ack bytes=233 forwarded=1
1782918698.448385 publish topic=ipi/load-qos-run-1/latency/av-1/request bytes=1349 forwarded=1
1782918698.449050 publish topic=ipi/load-qos-run-1/latency/av-1/ack bytes=233 forwarded=1
1782918698.678735 publish topic=ipi/load-qos-run-1/latency/av-1/request bytes=1349 forwarded=1
1782918698.679372 publish topic=ipi/load-qos-run-1/latency/av-1/ack bytes=233 forwarded=1
1782918698.909121 publish topic=ipi/load-qos-run-1/latency/av-1/request bytes=1349 forwarded=1
1782918698.909769 publish topic=ipi/load-qos-run-1/latency/av-1/ack bytes=233 forwarded=1
1782918699.139546 publish topic=ipi/load-qos-run-1/latency/av-1/request bytes=1349 forwarded=1
1782918699.140186 publish topic=ipi/load-qos-run-1/latency/av-1/ack bytes=233 forwarded=1
1782918699.369907 publish topic=ipi/load-qos-run-1/latency/av-1/request bytes=1349 forwarded=1
1782918699.370541 publish topic=ipi/load-qos-run-1/latency/av-1/ack bytes=233 forwarded=1
1782918699.600373 publish topic=ipi/load-qos-run-1/latency/av-1/request bytes=1349 forwarded=1
1782918699.601048 publish topic=ipi/load-qos-run-1/latency/av-1/ack bytes=233 forwarded=1
1782918699.850755 publish topic=ipi/load-qos-run-1/latency/av-1/request bytes=1349 forwarded=1
1782918699.851393 publish topic=ipi/load-qos-run-1/latency/av-1/ack bytes=233 forwarded=1
1782918700.081181 publish topic=ipi/load-qos-run-1/latency/av-1/request bytes=1349 forwarded=1
1782918700.081820 publish topic=ipi/load-qos-run-1/latency/av-1/ack bytes=233 forwarded=1
1782918700.331569 publish topic=ipi/load-qos-run-1/latency/av-1/request bytes=1349 forwarded=1
1782918700.332319 publish topic=ipi/load-qos-run-1/latency/av-1/ack bytes=233 forwarded=1
1782918700.561894 publish topic=ipi/load-qos-run-1/latency/av-1/request bytes=1349 forwarded=1
1782918700.562526 publish topic=ipi/load-qos-run-1/latency/av-1/ack bytes=233 forwarded=1
1782918700.812114 publish topic=ipi/load-qos-run-1/latency/av-1/request bytes=1349 forwarded=1
1782918700.812804 publish topic=ipi/load-qos-run-1/latency/av-1/ack bytes=233 forwarded=1
1782918701.052707 publish topic=ipi/load-qos-run-1/latency/av-1/request bytes=1349 forwarded=1
1782918701.053354 publish topic=ipi/load-qos-run-1/latency/av-1/ack bytes=233 forwarded=1
1782918701.293155 publish topic=ipi/load-qos-run-1/latency/av-1/request bytes=1349 forwarded=1
1782918701.293796 publish topic=ipi/load-qos-run-1/latency/av-1/ack bytes=233 forwarded=1
1782918701.563787 publish topic=ipi/load-qos-run-1/latency/av-1/request bytes=1349 forwarded=1
1782918701.564456 publish topic=ipi/load-qos-run-1/latency/av-1/ack bytes=233 forwarded=1
1782918701.824271 publish topic=ipi/load-qos-run-1/latency/av-1/request bytes=1349 forwarded=1
1782918701.825005 publish topic=ipi/load-qos-run-1/latency/av-1/ack bytes=233 forwarded=1
1782918702.084927 publish topic=ipi/load-qos-run-1/latency/av-1/request bytes=1349 forwarded=1
1782918702.085557 publish topic=ipi/load-qos-run-1/latency/av-1/ack bytes=233 forwarded=1
1782918702.345294 publish topic=ipi/load-qos-run-1/latency/av-1/request bytes=1349 forwarded=1
1782918702.346016 publish topic=ipi/load-qos-run-1/latency/av-1/ack bytes=233 forwarded=1
1782918702.605983 publish topic=ipi/load-qos-run-1/latency/av-1/request bytes=1349 forwarded=1
1782918702.606626 publish topic=ipi/load-qos-run-1/latency/av-1/ack bytes=233 forwarded=1
1782918702.856420 publish topic=ipi/load-qos-run-1/latency/av-1/request bytes=1349 forwarded=1
1782918702.857135 publish topic=ipi/load-qos-run-1/latency/av-1/ack bytes=233 forwarded=1
1782918703.107148 publish topic=ipi/load-qos-run-1/latency/av-1/request bytes=1349 forwarded=1
1782918703.107788 publish topic=ipi/load-qos-run-1/latency/av-1/ack bytes=233 forwarded=1
1782918703.327485 publish topic=ipi/load-qos-run-1/latency/av-1/request bytes=1349 forwarded=1
1782918703.328125 publish topic=ipi/load-qos-run-1/latency/av-1/ack bytes=233 forwarded=1
1782918703.567802 publish topic=ipi/load-qos-run-1/latency/av-1/request bytes=1349 forwarded=1
1782918703.568434 publish topic=ipi/load-qos-run-1/latency/av-1/ack bytes=233 forwarded=1
1782918703.798015 publish topic=ipi/load-qos-run-1/latency/av-1/request bytes=1349 forwarded=1
1782918703.798652 publish topic=ipi/load-qos-run-1/latency/av-1/ack bytes=233 forwarded=1
1782918704.038613 publish topic=ipi/load-qos-run-1/latency/av-1/request bytes=1349 forwarded=1
1782918704.039249 publish topic=ipi/load-qos-run-1/latency/av-1/ack bytes=233 forwarded=1
1782918704.279009 publish topic=ipi/load-qos-run-1/latency/av-1/request bytes=1349 forwarded=1
1782918704.279662 publish topic=ipi/load-qos-run-1/latency/av-1/ack bytes=233 forwarded=1
1782918704.519376 publish topic=ipi/load-qos-run-1/latency/av-1/request bytes=1349 forwarded=1
1782918704.520012 publish topic=ipi/load-qos-run-1/latency/av-1/ack bytes=233 forwarded=1
1782918704.759816 publish topic=ipi/load-qos-run-1/latency/av-1/request bytes=1349 forwarded=1
1782918704.760447 publish topic=ipi/load-qos-run-1/latency/av-1/ack bytes=233 forwarded=1
1782918704.990010 publish topic=ipi/load-qos-run-1/latency/av-1/request bytes=1349 forwarded=1
1782918704.990643 publish topic=ipi/load-qos-run-1/latency/av-1/ack bytes=233 forwarded=1
1782918705.220226 publish topic=ipi/load-qos-run-1/latency/av-1/request bytes=1349 forwarded=1
1782918705.220878 publish topic=ipi/load-qos-run-1/latency/av-1/ack bytes=233 forwarded=1
1782918705.440445 publish topic=ipi/load-qos-run-1/latency/av-1/request bytes=1349 forwarded=1
1782918705.441111 publish topic=ipi/load-qos-run-1/latency/av-1/ack bytes=233 forwarded=1
1782918705.661154 publish topic=ipi/load-qos-run-1/latency/av-1/request bytes=1349 forwarded=1
1782918705.661784 publish topic=ipi/load-qos-run-1/latency/av-1/ack bytes=233 forwarded=1
1782918705.881106 publish topic=ipi/load-qos-run-1/latency/av-1/request bytes=1349 forwarded=1
1782918705.881760 publish topic=ipi/load-qos-run-1/latency/av-1/ack bytes=233 forwarded=1
1782918706.101494 publish topic=ipi/load-qos-run-1/latency/av-1/request bytes=1349 forwarded=1
1782918706.102150 publish topic=ipi/load-qos-run-1/latency/av-1/ack bytes=233 forwarded=1
1782918706.332000 publish topic=ipi/load-qos-run-1/latency/av-1/request bytes=1349 forwarded=1
1782918706.332636 publish topic=ipi/load-qos-run-1/latency/av-1/ack bytes=233 forwarded=1
1782918706.562122 publish topic=ipi/load-qos-run-1/latency/av-1/request bytes=1349 forwarded=1
1782918706.562760 publish topic=ipi/load-qos-run-1/latency/av-1/ack bytes=233 forwarded=1
1782918706.792446 publish topic=ipi/load-qos-run-1/latency/av-1/request bytes=1349 forwarded=1
1782918706.793111 publish topic=ipi/load-qos-run-1/latency/av-1/ack bytes=233 forwarded=1
1782918707.022861 publish topic=ipi/load-qos-run-1/latency/av-1/request bytes=1349 forwarded=1
1782918707.023495 publish topic=ipi/load-qos-run-1/latency/av-1/ack bytes=233 forwarded=1
1782918707.252979 publish topic=ipi/load-qos-run-1/latency/av-1/request bytes=1349 forwarded=1
1782918707.253619 publish topic=ipi/load-qos-run-1/latency/av-1/ack bytes=233 forwarded=1
1782918707.483378 publish topic=ipi/load-qos-run-1/latency/av-1/request bytes=1349 forwarded=1
1782918707.484017 publish topic=ipi/load-qos-run-1/latency/av-1/ack bytes=233 forwarded=1
1782918707.713679 publish topic=ipi/load-qos-run-1/latency/av-1/request bytes=1349 forwarded=1
1782918707.714320 publish topic=ipi/load-qos-run-1/latency/av-1/ack bytes=233 forwarded=1
1782918707.943932 publish topic=ipi/load-qos-run-1/latency/av-1/request bytes=1349 forwarded=1
1782918707.944565 publish topic=ipi/load-qos-run-1/latency/av-1/ack bytes=233 forwarded=1
1782918708.204308 publish topic=ipi/load-qos-run-1/latency/av-1/request bytes=1349 forwarded=1
1782918708.204969 publish topic=ipi/load-qos-run-1/latency/av-1/ack bytes=233 forwarded=1
1782918708.444584 publish topic=ipi/load-qos-run-1/latency/av-1/request bytes=1349 forwarded=1
1782918708.445211 publish topic=ipi/load-qos-run-1/latency/av-1/ack bytes=233 forwarded=1
1782918708.715072 publish topic=ipi/load-qos-run-1/latency/av-1/request bytes=1349 forwarded=1
1782918708.715705 publish topic=ipi/load-qos-run-1/latency/av-1/ack bytes=233 forwarded=1
1782918708.965839 publish topic=ipi/load-qos-run-1/latency/av-1/request bytes=1349 forwarded=1
1782918708.966476 publish topic=ipi/load-qos-run-1/latency/av-1/ack bytes=233 forwarded=1
1782918709.226153 publish topic=ipi/load-qos-run-1/latency/av-1/request bytes=1349 forwarded=1
1782918709.226779 publish topic=ipi/load-qos-run-1/latency/av-1/ack bytes=233 forwarded=1
1782918709.476450 publish topic=ipi/load-qos-run-1/latency/av-1/request bytes=1349 forwarded=1
1782918709.477117 publish topic=ipi/load-qos-run-1/latency/av-1/ack bytes=233 forwarded=1
1782918709.747064 publish topic=ipi/load-qos-run-1/latency/av-1/request bytes=1349 forwarded=1
1782918709.747699 publish topic=ipi/load-qos-run-1/latency/av-1/ack bytes=233 forwarded=1
1782918710.017594 publish topic=ipi/load-qos-run-1/latency/av-1/request bytes=1349 forwarded=1
1782918710.018225 publish topic=ipi/load-qos-run-1/latency/av-1/ack bytes=233 forwarded=1
1782918710.277860 publish topic=ipi/load-qos-run-1/latency/av-1/request bytes=1349 forwarded=1
1782918710.278486 publish topic=ipi/load-qos-run-1/latency/av-1/ack bytes=233 forwarded=1
1782918710.518196 publish topic=ipi/load-qos-run-1/latency/av-1/request bytes=1349 forwarded=1
1782918710.518745 publish topic=ipi/load-qos-run-1/latency/av-1/ack bytes=233 forwarded=1
1782918710.758507 publish topic=ipi/load-qos-run-1/latency/av-1/request bytes=1349 forwarded=1
1782918710.759148 publish topic=ipi/load-qos-run-1/latency/av-1/ack bytes=233 forwarded=1
1782918711.008914 publish topic=ipi/load-qos-run-1/latency/av-1/request bytes=1349 forwarded=1
1782918711.009553 publish topic=ipi/load-qos-run-1/latency/av-1/ack bytes=233 forwarded=1
1782918711.239327 publish topic=ipi/load-qos-run-1/latency/av-1/request bytes=1349 forwarded=1
1782918711.239972 publish topic=ipi/load-qos-run-1/latency/av-1/ack bytes=233 forwarded=1
1782918711.479652 publish topic=ipi/load-qos-run-1/latency/av-1/request bytes=1349 forwarded=1
1782918711.480288 publish topic=ipi/load-qos-run-1/latency/av-1/ack bytes=233 forwarded=1
1782918711.719896 publish topic=ipi/load-qos-run-1/latency/av-1/request bytes=1349 forwarded=1
1782918711.720535 publish topic=ipi/load-qos-run-1/latency/av-1/ack bytes=233 forwarded=1
1782918711.960102 publish topic=ipi/load-qos-run-1/latency/av-1/request bytes=1349 forwarded=1
1782918711.960754 publish topic=ipi/load-qos-run-1/latency/av-1/ack bytes=233 forwarded=1
1782918712.180372 publish topic=ipi/load-qos-run-1/latency/av-1/request bytes=1349 forwarded=1
1782918712.181032 publish topic=ipi/load-qos-run-1/latency/av-1/ack bytes=233 forwarded=1
1782918712.430805 publish topic=ipi/load-qos-run-1/latency/av-1/request bytes=1349 forwarded=1
1782918712.431438 publish topic=ipi/load-qos-run-1/latency/av-1/ack bytes=233 forwarded=1
1782918712.661056 publish topic=ipi/load-qos-run-1/latency/av-1/request bytes=1349 forwarded=1
1782918712.661676 publish topic=ipi/load-qos-run-1/latency/av-1/ack bytes=233 forwarded=1
1782918712.891340 publish topic=ipi/load-qos-run-1/latency/av-1/request bytes=1349 forwarded=1
1782918712.891978 publish topic=ipi/load-qos-run-1/latency/av-1/ack bytes=233 forwarded=1
1782918713.111495 publish topic=ipi/load-qos-run-1/latency/av-1/request bytes=1349 forwarded=1
1782918713.112177 publish topic=ipi/load-qos-run-1/latency/av-1/ack bytes=233 forwarded=1
1782918713.351884 publish topic=ipi/load-qos-run-1/latency/av-1/request bytes=1349 forwarded=1
1782918713.352520 publish topic=ipi/load-qos-run-1/latency/av-1/ack bytes=233 forwarded=1
1782918713.592113 publish topic=ipi/load-qos-run-1/latency/av-1/request bytes=1349 forwarded=1
1782918713.592803 publish topic=ipi/load-qos-run-1/latency/av-1/ack bytes=233 forwarded=1
1782918713.822594 publish topic=ipi/load-qos-run-1/latency/av-1/request bytes=1349 forwarded=1
1782918713.823231 publish topic=ipi/load-qos-run-1/latency/av-1/ack bytes=233 forwarded=1
1782918714.053018 publish topic=ipi/load-qos-run-1/latency/av-1/request bytes=1349 forwarded=1
1782918714.053676 publish topic=ipi/load-qos-run-1/latency/av-1/ack bytes=233 forwarded=1
1782918714.293106 publish topic=ipi/load-qos-run-1/latency/av-1/request bytes=1349 forwarded=1
1782918714.293741 publish topic=ipi/load-qos-run-1/latency/av-1/ack bytes=233 forwarded=1
1782918714.523384 publish topic=ipi/load-qos-run-1/latency/av-1/request bytes=1349 forwarded=1
1782918714.524007 publish topic=ipi/load-qos-run-1/latency/av-1/ack bytes=233 forwarded=1
1782918714.753624 publish topic=ipi/load-qos-run-1/latency/av-1/request bytes=1349 forwarded=1
1782918714.754256 publish topic=ipi/load-qos-run-1/latency/av-1/ack bytes=233 forwarded=1
1782918714.983872 publish topic=ipi/load-qos-run-1/latency/av-1/request bytes=1349 forwarded=1
1782918714.984494 publish topic=ipi/load-qos-run-1/latency/av-1/ack bytes=233 forwarded=1
1782918715.214035 publish topic=ipi/load-qos-run-1/latency/av-1/request bytes=1349 forwarded=1
1782918715.214671 publish topic=ipi/load-qos-run-1/latency/av-1/ack bytes=233 forwarded=1
1782918715.454765 publish topic=ipi/load-qos-run-1/latency/av-1/request bytes=1349 forwarded=1
1782918715.455401 publish topic=ipi/load-qos-run-1/latency/av-1/ack bytes=233 forwarded=1
1782918715.705076 publish topic=ipi/load-qos-run-1/latency/av-1/request bytes=1349 forwarded=1
1782918715.705701 publish topic=ipi/load-qos-run-1/latency/av-1/ack bytes=233 forwarded=1
1782918715.965510 publish topic=ipi/load-qos-run-1/latency/av-1/request bytes=1349 forwarded=1
1782918715.966146 publish topic=ipi/load-qos-run-1/latency/av-1/ack bytes=233 forwarded=1
1782918716.215953 publish topic=ipi/load-qos-run-1/latency/av-1/request bytes=1349 forwarded=1
1782918716.216594 publish topic=ipi/load-qos-run-1/latency/av-1/ack bytes=233 forwarded=1
1782918716.466278 publish topic=ipi/load-qos-run-1/latency/av-1/request bytes=1349 forwarded=1
1782918716.466916 publish topic=ipi/load-qos-run-1/latency/av-1/ack bytes=233 forwarded=1
1782918716.746955 publish topic=ipi/load-qos-run-1/latency/av-1/request bytes=1349 forwarded=1
1782918716.747590 publish topic=ipi/load-qos-run-1/latency/av-1/ack bytes=233 forwarded=1
1782918717.017183 publish topic=ipi/load-qos-run-1/latency/av-1/request bytes=1349 forwarded=1
1782918717.017831 publish topic=ipi/load-qos-run-1/latency/av-1/ack bytes=233 forwarded=1
1782918717.247682 publish topic=ipi/load-qos-run-1/latency/av-1/request bytes=1349 forwarded=1
1782918717.248315 publish topic=ipi/load-qos-run-1/latency/av-1/ack bytes=233 forwarded=1
1782918717.487987 publish topic=ipi/load-qos-run-1/latency/av-1/request bytes=1349 forwarded=1
1782918717.488637 publish topic=ipi/load-qos-run-1/latency/av-1/ack bytes=233 forwarded=1
1782918717.718240 publish topic=ipi/load-qos-run-1/latency/av-1/request bytes=1349 forwarded=1
1782918717.718882 publish topic=ipi/load-qos-run-1/latency/av-1/ack bytes=233 forwarded=1
1782918717.948646 publish topic=ipi/load-qos-run-1/latency/av-1/request bytes=1349 forwarded=1
1782918717.949305 publish topic=ipi/load-qos-run-1/latency/av-1/ack bytes=233 forwarded=1
1782918718.188920 publish topic=ipi/load-qos-run-1/latency/av-1/request bytes=1349 forwarded=1
1782918718.189583 publish topic=ipi/load-qos-run-1/latency/av-1/ack bytes=233 forwarded=1
1782918718.439059 publish topic=ipi/load-qos-run-1/latency/av-1/request bytes=1349 forwarded=1
1782918718.439703 publish topic=ipi/load-qos-run-1/latency/av-1/ack bytes=233 forwarded=1
1782918718.679651 publish topic=ipi/load-qos-run-1/latency/av-1/request bytes=1349 forwarded=1
1782918718.680288 publish topic=ipi/load-qos-run-1/latency/av-1/ack bytes=233 forwarded=1
1782918718.909888 publish topic=ipi/load-qos-run-1/latency/av-1/request bytes=1349 forwarded=1
1782918718.910527 publish topic=ipi/load-qos-run-1/latency/av-1/ack bytes=233 forwarded=1
1782918719.150081 publish topic=ipi/load-qos-run-1/latency/av-1/request bytes=1349 forwarded=1
1782918719.150720 publish topic=ipi/load-qos-run-1/latency/av-1/ack bytes=233 forwarded=1
1782918719.380235 publish topic=ipi/load-qos-run-1/latency/av-1/request bytes=1349 forwarded=1
1782918719.380881 publish topic=ipi/load-qos-run-1/latency/av-1/ack bytes=233 forwarded=1
1782918719.610729 publish topic=ipi/load-qos-run-1/latency/av-1/request bytes=1349 forwarded=1
1782918719.611361 publish topic=ipi/load-qos-run-1/latency/av-1/ack bytes=233 forwarded=1
1782918719.841122 publish topic=ipi/load-qos-run-1/latency/av-1/request bytes=1349 forwarded=1
1782918719.841762 publish topic=ipi/load-qos-run-1/latency/av-1/ack bytes=233 forwarded=1
1782918720.071199 publish topic=ipi/load-qos-run-1/latency/av-1/request bytes=1349 forwarded=1
1782918720.071859 publish topic=ipi/load-qos-run-1/latency/av-1/ack bytes=233 forwarded=1
1782918720.301463 publish topic=ipi/load-qos-run-1/latency/av-1/request bytes=1349 forwarded=1
1782918720.302107 publish topic=ipi/load-qos-run-1/latency/av-1/ack bytes=233 forwarded=1
1782918720.531910 publish topic=ipi/load-qos-run-1/latency/av-1/request bytes=1349 forwarded=1
1782918720.532537 publish topic=ipi/load-qos-run-1/latency/av-1/ack bytes=233 forwarded=1
1782918720.762067 publish topic=ipi/load-qos-run-1/latency/av-1/request bytes=1349 forwarded=1
1782918720.762706 publish topic=ipi/load-qos-run-1/latency/av-1/ack bytes=233 forwarded=1
1782918720.992383 publish topic=ipi/load-qos-run-1/latency/av-1/request bytes=1349 forwarded=1
1782918720.993115 publish topic=ipi/load-qos-run-1/latency/av-1/ack bytes=233 forwarded=1
1782918721.222625 publish topic=ipi/load-qos-run-1/latency/av-1/request bytes=1349 forwarded=1
1782918721.223261 publish topic=ipi/load-qos-run-1/latency/av-1/ack bytes=233 forwarded=1
1782918721.452842 publish topic=ipi/load-qos-run-1/latency/av-1/request bytes=1349 forwarded=1
1782918721.453526 publish topic=ipi/load-qos-run-1/latency/av-1/ack bytes=233 forwarded=1
1782918721.683214 publish topic=ipi/load-qos-run-1/latency/av-1/request bytes=1349 forwarded=1
1782918721.683858 publish topic=ipi/load-qos-run-1/latency/av-1/ack bytes=233 forwarded=1
1782918721.993520 publish topic=ipi/load-qos-run-1/latency/av-1/request bytes=1349 forwarded=1
1782918721.994186 publish topic=ipi/load-qos-run-1/latency/av-1/ack bytes=233 forwarded=1
1782918722.254099 publish topic=ipi/load-qos-run-1/latency/av-1/request bytes=1349 forwarded=1
1782918722.254743 publish topic=ipi/load-qos-run-1/latency/av-1/ack bytes=233 forwarded=1
1782918722.504539 publish topic=ipi/load-qos-run-1/latency/av-1/request bytes=1349 forwarded=1
1782918722.505192 publish topic=ipi/load-qos-run-1/latency/av-1/ack bytes=233 forwarded=1
1782918722.755024 publish topic=ipi/load-qos-run-1/latency/av-1/request bytes=1349 forwarded=1
1782918722.755665 publish topic=ipi/load-qos-run-1/latency/av-1/ack bytes=233 forwarded=1
1782918723.015675 publish topic=ipi/load-qos-run-1/latency/av-1/request bytes=1349 forwarded=1
1782918723.016332 publish topic=ipi/load-qos-run-1/latency/av-1/ack bytes=233 forwarded=1
1782918723.275867 publish topic=ipi/load-qos-run-1/latency/av-1/request bytes=1349 forwarded=1
1782918723.276506 publish topic=ipi/load-qos-run-1/latency/av-1/ack bytes=233 forwarded=1
1782918723.536422 publish topic=ipi/load-qos-run-1/latency/av-1/request bytes=1349 forwarded=1
1782918723.537088 publish topic=ipi/load-qos-run-1/latency/av-1/ack bytes=233 forwarded=1
1782918723.766551 publish topic=ipi/load-qos-run-1/latency/av-1/request bytes=1349 forwarded=1
1782918723.767192 publish topic=ipi/load-qos-run-1/latency/av-1/ack bytes=233 forwarded=1
1782918724.027109 publish topic=ipi/load-qos-run-1/latency/av-1/request bytes=1349 forwarded=1
1782918724.027746 publish topic=ipi/load-qos-run-1/latency/av-1/ack bytes=233 forwarded=1
1782918724.277475 publish topic=ipi/load-qos-run-1/latency/av-1/request bytes=1349 forwarded=1
1782918724.278073 publish topic=ipi/load-qos-run-1/latency/av-1/ack bytes=233 forwarded=1
1782918724.538141 publish topic=ipi/load-qos-run-1/latency/av-1/request bytes=1349 forwarded=1
1782918724.538777 publish topic=ipi/load-qos-run-1/latency/av-1/ack bytes=233 forwarded=1
1782918724.808366 publish topic=ipi/load-qos-run-1/latency/av-1/request bytes=1349 forwarded=1
1782918724.809047 publish topic=ipi/load-qos-run-1/latency/av-1/ack bytes=233 forwarded=1
1782918725.038909 publish topic=ipi/load-qos-run-1/latency/av-1/request bytes=1349 forwarded=1
1782918725.039534 publish topic=ipi/load-qos-run-1/latency/av-1/ack bytes=233 forwarded=1
1782918725.289222 publish topic=ipi/load-qos-run-1/latency/av-1/request bytes=1349 forwarded=1
1782918725.289862 publish topic=ipi/load-qos-run-1/latency/av-1/ack bytes=233 forwarded=1
1782918725.539858 publish topic=ipi/load-qos-run-1/latency/av-1/request bytes=1349 forwarded=1
1782918725.540500 publish topic=ipi/load-qos-run-1/latency/av-1/ack bytes=233 forwarded=1
1782918725.800256 publish topic=ipi/load-qos-run-1/latency/av-1/request bytes=1349 forwarded=1
1782918725.800916 publish topic=ipi/load-qos-run-1/latency/av-1/ack bytes=233 forwarded=1
1782918726.030713 publish topic=ipi/load-qos-run-1/latency/av-1/request bytes=1349 forwarded=1
1782918726.031364 publish topic=ipi/load-qos-run-1/latency/av-1/ack bytes=233 forwarded=1
1782918726.250807 publish topic=ipi/load-qos-run-1/latency/av-1/request bytes=1349 forwarded=1
1782918726.251458 publish topic=ipi/load-qos-run-1/latency/av-1/ack bytes=233 forwarded=1
1782918726.481197 publish topic=ipi/load-qos-run-1/latency/av-1/request bytes=1349 forwarded=1
1782918726.481808 publish topic=ipi/load-qos-run-1/latency/av-1/ack bytes=233 forwarded=1
1782918726.711462 publish topic=ipi/load-qos-run-1/latency/av-1/request bytes=1349 forwarded=1
1782918726.712106 publish topic=ipi/load-qos-run-1/latency/av-1/ack bytes=233 forwarded=1
1782918726.941738 publish topic=ipi/load-qos-run-1/latency/av-1/request bytes=1349 forwarded=1
1782918726.942409 publish topic=ipi/load-qos-run-1/latency/av-1/ack bytes=233 forwarded=1
1782918727.172070 publish topic=ipi/load-qos-run-1/latency/av-1/request bytes=1349 forwarded=1
1782918727.172755 publish topic=ipi/load-qos-run-1/latency/av-1/ack bytes=233 forwarded=1
1782918727.412116 publish topic=ipi/load-qos-run-1/latency/av-1/request bytes=1349 forwarded=1
1782918727.412772 publish topic=ipi/load-qos-run-1/latency/av-1/ack bytes=233 forwarded=1
1782918727.632381 publish topic=ipi/load-qos-run-1/latency/av-1/request bytes=1349 forwarded=1
1782918727.633061 publish topic=ipi/load-qos-run-1/latency/av-1/ack bytes=233 forwarded=1
1782918727.862824 publish topic=ipi/load-qos-run-1/latency/av-1/request bytes=1349 forwarded=1
1782918727.863457 publish topic=ipi/load-qos-run-1/latency/av-1/ack bytes=233 forwarded=1
1782918728.093249 publish topic=ipi/load-qos-run-1/latency/av-1/request bytes=1349 forwarded=1
1782918728.093879 publish topic=ipi/load-qos-run-1/latency/av-1/ack bytes=233 forwarded=1
1782918728.323602 publish topic=ipi/load-qos-run-1/latency/av-1/request bytes=1349 forwarded=1
1782918728.324240 publish topic=ipi/load-qos-run-1/latency/av-1/ack bytes=233 forwarded=1
1782918728.553860 publish topic=ipi/load-qos-run-1/latency/av-1/request bytes=1349 forwarded=1
1782918728.554506 publish topic=ipi/load-qos-run-1/latency/av-1/ack bytes=233 forwarded=1
1782918728.783988 publish topic=ipi/load-qos-run-1/latency/av-1/request bytes=1349 forwarded=1
1782918728.784634 publish topic=ipi/load-qos-run-1/latency/av-1/ack bytes=233 forwarded=1
1782918729.054376 publish topic=ipi/load-qos-run-1/latency/av-1/request bytes=1349 forwarded=1
1782918729.055023 publish topic=ipi/load-qos-run-1/latency/av-1/ack bytes=233 forwarded=1
1782918729.344968 publish topic=ipi/load-qos-run-1/latency/av-1/request bytes=1349 forwarded=1
1782918729.345592 publish topic=ipi/load-qos-run-1/latency/av-1/ack bytes=233 forwarded=1
1782918729.595319 publish topic=ipi/load-qos-run-1/latency/av-1/request bytes=1349 forwarded=1
1782918729.595969 publish topic=ipi/load-qos-run-1/latency/av-1/ack bytes=233 forwarded=1
1782918729.825804 publish topic=ipi/load-qos-run-1/latency/av-1/request bytes=1349 forwarded=1
1782918729.826449 publish topic=ipi/load-qos-run-1/latency/av-1/ack bytes=233 forwarded=1
1782918730.066019 publish topic=ipi/load-qos-run-1/latency/av-1/request bytes=1349 forwarded=1
1782918730.066663 publish topic=ipi/load-qos-run-1/latency/av-1/ack bytes=233 forwarded=1
1782918730.306451 publish topic=ipi/load-qos-run-1/latency/av-1/request bytes=1349 forwarded=1
1782918730.307086 publish topic=ipi/load-qos-run-1/latency/av-1/ack bytes=233 forwarded=1
1782918730.546896 publish topic=ipi/load-qos-run-1/latency/av-1/request bytes=1349 forwarded=1
1782918730.547541 publish topic=ipi/load-qos-run-1/latency/av-1/ack bytes=233 forwarded=1
1782918730.786956 publish topic=ipi/load-qos-run-1/latency/av-1/request bytes=1349 forwarded=1
1782918730.787598 publish topic=ipi/load-qos-run-1/latency/av-1/ack bytes=233 forwarded=1
1782918731.047441 publish topic=ipi/load-qos-run-1/latency/av-1/request bytes=1349 forwarded=1
1782918731.048084 publish topic=ipi/load-qos-run-1/latency/av-1/ack bytes=233 forwarded=1
1782918731.317989 publish topic=ipi/load-qos-run-1/latency/av-1/request bytes=1349 forwarded=1
1782918731.318636 publish topic=ipi/load-qos-run-1/latency/av-1/ack bytes=233 forwarded=1
1782918731.558488 publish topic=ipi/load-qos-run-1/latency/av-1/request bytes=1349 forwarded=1
1782918731.559112 publish topic=ipi/load-qos-run-1/latency/av-1/ack bytes=233 forwarded=1
1782918731.818812 publish topic=ipi/load-qos-run-1/latency/av-1/request bytes=1349 forwarded=1
1782918731.819455 publish topic=ipi/load-qos-run-1/latency/av-1/ack bytes=233 forwarded=1
1782918732.069190 publish topic=ipi/load-qos-run-1/latency/av-1/request bytes=1349 forwarded=1
1782918732.069837 publish topic=ipi/load-qos-run-1/latency/av-1/ack bytes=233 forwarded=1
1782918732.329921 publish topic=ipi/load-qos-run-1/latency/av-1/request bytes=1349 forwarded=1
1782918732.330564 publish topic=ipi/load-qos-run-1/latency/av-1/ack bytes=233 forwarded=1
1782918732.560076 publish topic=ipi/load-qos-run-1/latency/av-1/request bytes=1349 forwarded=1
1782918732.560762 publish topic=ipi/load-qos-run-1/latency/av-1/ack bytes=233 forwarded=1
1782918732.800720 publish topic=ipi/load-qos-run-1/latency/av-1/request bytes=1349 forwarded=1
1782918732.801358 publish topic=ipi/load-qos-run-1/latency/av-1/ack bytes=233 forwarded=1
1782918733.031064 publish topic=ipi/load-qos-run-1/latency/av-1/request bytes=1349 forwarded=1
1782918733.031718 publish topic=ipi/load-qos-run-1/latency/av-1/ack bytes=233 forwarded=1
1782918733.261163 publish topic=ipi/load-qos-run-1/latency/av-1/request bytes=1349 forwarded=1
1782918733.261815 publish topic=ipi/load-qos-run-1/latency/av-1/ack bytes=233 forwarded=1
1782918733.501617 publish topic=ipi/load-qos-run-1/latency/av-1/request bytes=1349 forwarded=1
1782918733.502257 publish topic=ipi/load-qos-run-1/latency/av-1/ack bytes=233 forwarded=1
1782918733.751806 publish topic=ipi/load-qos-run-1/latency/av-1/request bytes=1349 forwarded=1
1782918733.752433 publish topic=ipi/load-qos-run-1/latency/av-1/ack bytes=233 forwarded=1
1782918733.981928 publish topic=ipi/load-qos-run-1/latency/av-1/request bytes=1349 forwarded=1
1782918733.982605 publish topic=ipi/load-qos-run-1/latency/av-1/ack bytes=233 forwarded=1
1782918734.212749 publish topic=ipi/load-qos-run-1/latency/av-1/request bytes=1349 forwarded=1
1782918734.213390 publish topic=ipi/load-qos-run-1/latency/av-1/ack bytes=233 forwarded=1
1782918734.442805 publish topic=ipi/load-qos-run-1/latency/av-1/request bytes=1349 forwarded=1
1782918734.443453 publish topic=ipi/load-qos-run-1/latency/av-1/ack bytes=233 forwarded=1
1782918734.673205 publish topic=ipi/load-qos-run-1/latency/av-1/request bytes=1349 forwarded=1
1782918734.673856 publish topic=ipi/load-qos-run-1/latency/av-1/ack bytes=233 forwarded=1
1782918734.903438 publish topic=ipi/load-qos-run-1/latency/av-1/request bytes=1349 forwarded=1
1782918734.904107 publish topic=ipi/load-qos-run-1/latency/av-1/ack bytes=233 forwarded=1
1782918735.133866 publish topic=ipi/load-qos-run-1/latency/av-1/request bytes=1349 forwarded=1
1782918735.134511 publish topic=ipi/load-qos-run-1/latency/av-1/ack bytes=233 forwarded=1
1782918735.363925 publish topic=ipi/load-qos-run-1/latency/av-1/request bytes=1349 forwarded=1
1782918735.364569 publish topic=ipi/load-qos-run-1/latency/av-1/ack bytes=233 forwarded=1
1782918735.604144 publish topic=ipi/load-qos-run-1/latency/av-1/request bytes=1349 forwarded=1
1782918735.604821 publish topic=ipi/load-qos-run-1/latency/av-1/ack bytes=233 forwarded=1
1782918735.834661 publish topic=ipi/load-qos-run-1/latency/av-1/request bytes=1349 forwarded=1
1782918735.835307 publish topic=ipi/load-qos-run-1/latency/av-1/ack bytes=233 forwarded=1
1782918736.064987 publish topic=ipi/load-qos-run-1/latency/av-1/request bytes=1349 forwarded=1
1782918736.065636 publish topic=ipi/load-qos-run-1/latency/av-1/ack bytes=233 forwarded=1
1782918736.295171 publish topic=ipi/load-qos-run-1/latency/av-1/request bytes=1349 forwarded=1
1782918736.295822 publish topic=ipi/load-qos-run-1/latency/av-1/ack bytes=233 forwarded=1
1782918736.525604 publish topic=ipi/load-qos-run-1/latency/av-1/request bytes=1349 forwarded=1
1782918736.526242 publish topic=ipi/load-qos-run-1/latency/av-1/ack bytes=233 forwarded=1
1782918736.755620 publish topic=ipi/load-qos-run-1/latency/av-1/request bytes=1349 forwarded=1
1782918736.756264 publish topic=ipi/load-qos-run-1/latency/av-1/ack bytes=233 forwarded=1
1782918736.996040 publish topic=ipi/load-qos-run-1/latency/av-1/request bytes=1349 forwarded=1
1782918736.996724 publish topic=ipi/load-qos-run-1/latency/av-1/ack bytes=233 forwarded=1
1782918737.226230 publish topic=ipi/load-qos-run-1/latency/av-1/request bytes=1349 forwarded=1
1782918737.226877 publish topic=ipi/load-qos-run-1/latency/av-1/ack bytes=233 forwarded=1
1782918737.466532 publish topic=ipi/load-qos-run-1/latency/av-1/request bytes=1349 forwarded=1
1782918737.467168 publish topic=ipi/load-qos-run-1/latency/av-1/ack bytes=233 forwarded=1
1782918737.696963 publish topic=ipi/load-qos-run-1/latency/av-1/request bytes=1349 forwarded=1
1782918737.697611 publish topic=ipi/load-qos-run-1/latency/av-1/ack bytes=233 forwarded=1
1782918737.927299 publish topic=ipi/load-qos-run-1/latency/av-1/request bytes=1349 forwarded=1
1782918737.927931 publish topic=ipi/load-qos-run-1/latency/av-1/ack bytes=233 forwarded=1
1782918738.167704 publish topic=ipi/load-qos-run-1/latency/av-1/request bytes=1349 forwarded=1
1782918738.168330 publish topic=ipi/load-qos-run-1/latency/av-1/ack bytes=233 forwarded=1
1782918738.408050 publish topic=ipi/load-qos-run-1/latency/av-1/request bytes=1349 forwarded=1
1782918738.408726 publish topic=ipi/load-qos-run-1/latency/av-1/ack bytes=233 forwarded=1
1782918738.638506 publish topic=ipi/load-qos-run-1/latency/av-1/request bytes=1349 forwarded=1
1782918738.639146 publish topic=ipi/load-qos-run-1/latency/av-1/ack bytes=233 forwarded=1
1782918738.879127 publish topic=ipi/load-qos-run-1/latency/av-1/request bytes=1349 forwarded=1
1782918738.879796 publish topic=ipi/load-qos-run-1/latency/av-1/ack bytes=233 forwarded=1
1782918739.109229 publish topic=ipi/load-qos-run-1/latency/av-1/request bytes=1349 forwarded=1
1782918739.109873 publish topic=ipi/load-qos-run-1/latency/av-1/ack bytes=233 forwarded=1
1782918739.359830 publish topic=ipi/load-qos-run-1/latency/av-1/request bytes=1349 forwarded=1
1782918739.360520 publish topic=ipi/load-qos-run-1/latency/av-1/ack bytes=233 forwarded=1
1782918739.610256 publish topic=ipi/load-qos-run-1/latency/av-1/request bytes=1349 forwarded=1
1782918739.610898 publish topic=ipi/load-qos-run-1/latency/av-1/ack bytes=233 forwarded=1
1782918739.860807 publish topic=ipi/load-qos-run-1/latency/av-1/request bytes=1349 forwarded=1
1782918739.861459 publish topic=ipi/load-qos-run-1/latency/av-1/ack bytes=233 forwarded=1
1782918740.091135 publish topic=ipi/load-qos-run-1/latency/av-1/request bytes=1351 forwarded=1
1782918740.091793 publish topic=ipi/load-qos-run-1/latency/av-1/ack bytes=234 forwarded=1
1782918740.111344 close ('10.120.121.35', 43746) disconnect
1782918740.701555 close ('127.0.0.1', 50130) closed
