threaded mqtt broker listening on <private-ip>:1883
1786043733.105798 accept ('<private-ip>', 38346)
1786043733.107138 close ('<private-ip>', 38346) closed
1786043733.857905 accept ('<private-ip>', 53386)
1786043733.859307 subscribe ('<private-ip>', 53386) ipi/airspan-followup-c2-rep2/latency/veh-001/request
1786043841.468512 accept ('<private-ip>', 52892)
1786043841.498531 subscribe ('<private-ip>', 52892) ipi/airspan-followup-c2-rep2/latency/veh-001/ack
1786043841.598685 publish topic=ipi/airspan-followup-c2-rep2/latency/veh-001/request bytes=24293 forwarded=1
1786043841.599573 publish topic=ipi/airspan-followup-c2-rep2/latency/veh-001/ack bytes=238 forwarded=1
1786043841.889060 publish topic=ipi/airspan-followup-c2-rep2/latency/veh-001/request bytes=24293 forwarded=1
1786043841.889771 publish topic=ipi/airspan-followup-c2-rep2/latency/veh-001/ack bytes=238 forwarded=1
1786043842.199196 publish topic=ipi/airspan-followup-c2-rep2/latency/veh-001/request bytes=24293 forwarded=1
1786043842.199523 publish topic=ipi/airspan-followup-c2-rep2/latency/veh-001/ack bytes=238 forwarded=1
1786043842.530057 publish topic=ipi/airspan-followup-c2-rep2/latency/veh-001/request bytes=24293 forwarded=1
1786043842.530532 publish topic=ipi/airspan-followup-c2-rep2/latency/veh-001/ack bytes=238 forwarded=1
1786043842.841128 publish topic=ipi/airspan-followup-c2-rep2/latency/veh-001/request bytes=24293 forwarded=1
1786043842.841739 publish topic=ipi/airspan-followup-c2-rep2/latency/veh-001/ack bytes=238 forwarded=1
1786043843.191012 publish topic=ipi/airspan-followup-c2-rep2/latency/veh-001/request bytes=24293 forwarded=1
1786043843.191727 publish topic=ipi/airspan-followup-c2-rep2/latency/veh-001/ack bytes=238 forwarded=1
1786043843.521632 publish topic=ipi/airspan-followup-c2-rep2/latency/veh-001/request bytes=24293 forwarded=1
1786043843.522309 publish topic=ipi/airspan-followup-c2-rep2/latency/veh-001/ack bytes=238 forwarded=1
1786043843.861754 publish topic=ipi/airspan-followup-c2-rep2/latency/veh-001/request bytes=24293 forwarded=1
1786043843.862048 publish topic=ipi/airspan-followup-c2-rep2/latency/veh-001/ack bytes=238 forwarded=1
1786043844.222696 publish topic=ipi/airspan-followup-c2-rep2/latency/veh-001/request bytes=24293 forwarded=1
1786043844.223379 publish topic=ipi/airspan-followup-c2-rep2/latency/veh-001/ack bytes=238 forwarded=1
1786043844.552914 publish topic=ipi/airspan-followup-c2-rep2/latency/veh-001/request bytes=24295 forwarded=1
1786043844.553560 publish topic=ipi/airspan-followup-c2-rep2/latency/veh-001/ack bytes=239 forwarded=1
1786043844.883625 publish topic=ipi/airspan-followup-c2-rep2/latency/veh-001/request bytes=24295 forwarded=1
1786043844.884318 publish topic=ipi/airspan-followup-c2-rep2/latency/veh-001/ack bytes=239 forwarded=1
1786043845.194202 publish topic=ipi/airspan-followup-c2-rep2/latency/veh-001/request bytes=24295 forwarded=1
1786043845.194875 publish topic=ipi/airspan-followup-c2-rep2/latency/veh-001/ack bytes=239 forwarded=1
1786043845.524374 publish topic=ipi/airspan-followup-c2-rep2/latency/veh-001/request bytes=24295 forwarded=1
1786043845.525076 publish topic=ipi/airspan-followup-c2-rep2/latency/veh-001/ack bytes=239 forwarded=1
1786043845.825182 publish topic=ipi/airspan-followup-c2-rep2/latency/veh-001/request bytes=24295 forwarded=1
1786043845.825853 publish topic=ipi/airspan-followup-c2-rep2/latency/veh-001/ack bytes=239 forwarded=1
1786043846.145184 publish topic=ipi/airspan-followup-c2-rep2/latency/veh-001/request bytes=24295 forwarded=1
1786043846.145540 publish topic=ipi/airspan-followup-c2-rep2/latency/veh-001/ack bytes=239 forwarded=1
1786043846.465821 publish topic=ipi/airspan-followup-c2-rep2/latency/veh-001/request bytes=24295 forwarded=1
1786043846.466285 publish topic=ipi/airspan-followup-c2-rep2/latency/veh-001/ack bytes=239 forwarded=1
1786043846.816669 publish topic=ipi/airspan-followup-c2-rep2/latency/veh-001/request bytes=24295 forwarded=1
1786043846.817334 publish topic=ipi/airspan-followup-c2-rep2/latency/veh-001/ack bytes=239 forwarded=1
1786043847.177046 publish topic=ipi/airspan-followup-c2-rep2/latency/veh-001/request bytes=24295 forwarded=1
1786043847.177714 publish topic=ipi/airspan-followup-c2-rep2/latency/veh-001/ack bytes=239 forwarded=1
1786043847.527574 publish topic=ipi/airspan-followup-c2-rep2/latency/veh-001/request bytes=24295 forwarded=1
1786043847.528251 publish topic=ipi/airspan-followup-c2-rep2/latency/veh-001/ack bytes=239 forwarded=1
1786043847.858095 publish topic=ipi/airspan-followup-c2-rep2/latency/veh-001/request bytes=24295 forwarded=1
1786043847.858409 publish topic=ipi/airspan-followup-c2-rep2/latency/veh-001/ack bytes=239 forwarded=1
1786043848.178469 publish topic=ipi/airspan-followup-c2-rep2/latency/veh-001/request bytes=24295 forwarded=1
1786043848.179146 publish topic=ipi/airspan-followup-c2-rep2/latency/veh-001/ack bytes=239 forwarded=1
1786043848.488858 publish topic=ipi/airspan-followup-c2-rep2/latency/veh-001/request bytes=24295 forwarded=1
1786043848.489460 publish topic=ipi/airspan-followup-c2-rep2/latency/veh-001/ack bytes=239 forwarded=1
1786043848.819442 publish topic=ipi/airspan-followup-c2-rep2/latency/veh-001/request bytes=24295 forwarded=1
1786043848.820194 publish topic=ipi/airspan-followup-c2-rep2/latency/veh-001/ack bytes=239 forwarded=1
1786043849.170453 publish topic=ipi/airspan-followup-c2-rep2/latency/veh-001/request bytes=24295 forwarded=1
1786043849.171335 publish topic=ipi/airspan-followup-c2-rep2/latency/veh-001/ack bytes=239 forwarded=1
1786043849.510178 publish topic=ipi/airspan-followup-c2-rep2/latency/veh-001/request bytes=24295 forwarded=1
1786043849.510431 publish topic=ipi/airspan-followup-c2-rep2/latency/veh-001/ack bytes=239 forwarded=1
1786043849.860941 publish topic=ipi/airspan-followup-c2-rep2/latency/veh-001/request bytes=24295 forwarded=1
1786043849.861648 publish topic=ipi/airspan-followup-c2-rep2/latency/veh-001/ack bytes=239 forwarded=1
1786043850.211495 publish topic=ipi/airspan-followup-c2-rep2/latency/veh-001/request bytes=24295 forwarded=1
1786043850.211745 publish topic=ipi/airspan-followup-c2-rep2/latency/veh-001/ack bytes=239 forwarded=1
1786043850.561848 publish topic=ipi/airspan-followup-c2-rep2/latency/veh-001/request bytes=24295 forwarded=1
1786043850.562102 publish topic=ipi/airspan-followup-c2-rep2/latency/veh-001/ack bytes=239 forwarded=1
1786043850.882510 publish topic=ipi/airspan-followup-c2-rep2/latency/veh-001/request bytes=24295 forwarded=1
1786043850.883114 publish topic=ipi/airspan-followup-c2-rep2/latency/veh-001/ack bytes=239 forwarded=1
1786043851.222989 publish topic=ipi/airspan-followup-c2-rep2/latency/veh-001/request bytes=24295 forwarded=1
1786043851.223609 publish topic=ipi/airspan-followup-c2-rep2/latency/veh-001/ack bytes=239 forwarded=1
1786043851.553734 publish topic=ipi/airspan-followup-c2-rep2/latency/veh-001/request bytes=24295 forwarded=1
1786043851.554385 publish topic=ipi/airspan-followup-c2-rep2/latency/veh-001/ack bytes=239 forwarded=1
1786043851.874199 publish topic=ipi/airspan-followup-c2-rep2/latency/veh-001/request bytes=24295 forwarded=1
1786043851.874842 publish topic=ipi/airspan-followup-c2-rep2/latency/veh-001/ack bytes=239 forwarded=1
1786043852.224761 publish topic=ipi/airspan-followup-c2-rep2/latency/veh-001/request bytes=24295 forwarded=1
1786043852.225410 publish topic=ipi/airspan-followup-c2-rep2/latency/veh-001/ack bytes=239 forwarded=1
1786043852.575042 publish topic=ipi/airspan-followup-c2-rep2/latency/veh-001/request bytes=24295 forwarded=1
1786043852.575704 publish topic=ipi/airspan-followup-c2-rep2/latency/veh-001/ack bytes=239 forwarded=1
1786043852.905489 publish topic=ipi/airspan-followup-c2-rep2/latency/veh-001/request bytes=24295 forwarded=1
1786043852.906121 publish topic=ipi/airspan-followup-c2-rep2/latency/veh-001/ack bytes=239 forwarded=1
1786043853.236287 publish topic=ipi/airspan-followup-c2-rep2/latency/veh-001/request bytes=24295 forwarded=1
1786043853.236986 publish topic=ipi/airspan-followup-c2-rep2/latency/veh-001/ack bytes=239 forwarded=1
1786043854.087692 publish topic=ipi/airspan-followup-c2-rep2/latency/veh-001/request bytes=24295 forwarded=1
1786043854.088073 publish topic=ipi/airspan-followup-c2-rep2/latency/veh-001/ack bytes=239 forwarded=1
1786043854.398547 publish topic=ipi/airspan-followup-c2-rep2/latency/veh-001/request bytes=24295 forwarded=1
1786043854.399211 publish topic=ipi/airspan-followup-c2-rep2/latency/veh-001/ack bytes=239 forwarded=1
1786043854.729361 publish topic=ipi/airspan-followup-c2-rep2/latency/veh-001/request bytes=24295 forwarded=1
1786043854.730343 publish topic=ipi/airspan-followup-c2-rep2/latency/veh-001/ack bytes=239 forwarded=1
1786043855.119726 publish topic=ipi/airspan-followup-c2-rep2/latency/veh-001/request bytes=24295 forwarded=1
1786043855.120453 publish topic=ipi/airspan-followup-c2-rep2/latency/veh-001/ack bytes=239 forwarded=1
1786043855.580467 publish topic=ipi/airspan-followup-c2-rep2/latency/veh-001/request bytes=24295 forwarded=1
1786043855.581145 publish topic=ipi/airspan-followup-c2-rep2/latency/veh-001/ack bytes=239 forwarded=1
1786043855.991314 publish topic=ipi/airspan-followup-c2-rep2/latency/veh-001/request bytes=24295 forwarded=1
1786043855.992074 publish topic=ipi/airspan-followup-c2-rep2/latency/veh-001/ack bytes=239 forwarded=1
1786043856.311543 publish topic=ipi/airspan-followup-c2-rep2/latency/veh-001/request bytes=24295 forwarded=1
1786043856.311823 publish topic=ipi/airspan-followup-c2-rep2/latency/veh-001/ack bytes=239 forwarded=1
1786043856.702513 publish topic=ipi/airspan-followup-c2-rep2/latency/veh-001/request bytes=24295 forwarded=1
1786043856.703187 publish topic=ipi/airspan-followup-c2-rep2/latency/veh-001/ack bytes=239 forwarded=1
1786043857.032777 publish topic=ipi/airspan-followup-c2-rep2/latency/veh-001/request bytes=24295 forwarded=1
1786043857.033505 publish topic=ipi/airspan-followup-c2-rep2/latency/veh-001/ack bytes=239 forwarded=1
1786043857.373250 publish topic=ipi/airspan-followup-c2-rep2/latency/veh-001/request bytes=24295 forwarded=1
1786043857.373883 publish topic=ipi/airspan-followup-c2-rep2/latency/veh-001/ack bytes=239 forwarded=1
1786043857.703799 publish topic=ipi/airspan-followup-c2-rep2/latency/veh-001/request bytes=24295 forwarded=1
1786043857.704413 publish topic=ipi/airspan-followup-c2-rep2/latency/veh-001/ack bytes=239 forwarded=1
1786043858.044583 publish topic=ipi/airspan-followup-c2-rep2/latency/veh-001/request bytes=24295 forwarded=1
1786043858.045177 publish topic=ipi/airspan-followup-c2-rep2/latency/veh-001/ack bytes=239 forwarded=1
1786043858.384910 publish topic=ipi/airspan-followup-c2-rep2/latency/veh-001/request bytes=24295 forwarded=1
1786043858.385536 publish topic=ipi/airspan-followup-c2-rep2/latency/veh-001/ack bytes=239 forwarded=1
1786043858.705489 publish topic=ipi/airspan-followup-c2-rep2/latency/veh-001/request bytes=24295 forwarded=1
1786043858.706221 publish topic=ipi/airspan-followup-c2-rep2/latency/veh-001/ack bytes=239 forwarded=1
1786043859.045621 publish topic=ipi/airspan-followup-c2-rep2/latency/veh-001/request bytes=24295 forwarded=1
1786043859.045907 publish topic=ipi/airspan-followup-c2-rep2/latency/veh-001/ack bytes=239 forwarded=1
1786043859.396470 publish topic=ipi/airspan-followup-c2-rep2/latency/veh-001/request bytes=24295 forwarded=1
1786043859.397151 publish topic=ipi/airspan-followup-c2-rep2/latency/veh-001/ack bytes=239 forwarded=1
1786043859.736982 publish topic=ipi/airspan-followup-c2-rep2/latency/veh-001/request bytes=24295 forwarded=1
1786043859.737652 publish topic=ipi/airspan-followup-c2-rep2/latency/veh-001/ack bytes=239 forwarded=1
1786043860.067556 publish topic=ipi/airspan-followup-c2-rep2/latency/veh-001/request bytes=24295 forwarded=1
1786043860.068217 publish topic=ipi/airspan-followup-c2-rep2/latency/veh-001/ack bytes=239 forwarded=1
1786043860.398113 publish topic=ipi/airspan-followup-c2-rep2/latency/veh-001/request bytes=24295 forwarded=1
1786043860.398785 publish topic=ipi/airspan-followup-c2-rep2/latency/veh-001/ack bytes=239 forwarded=1
1786043860.728309 publish topic=ipi/airspan-followup-c2-rep2/latency/veh-001/request bytes=24295 forwarded=1
1786043860.729028 publish topic=ipi/airspan-followup-c2-rep2/latency/veh-001/ack bytes=239 forwarded=1
1786043861.149208 publish topic=ipi/airspan-followup-c2-rep2/latency/veh-001/request bytes=24295 forwarded=1
1786043861.149883 publish topic=ipi/airspan-followup-c2-rep2/latency/veh-001/ack bytes=239 forwarded=1
1786043861.509597 publish topic=ipi/airspan-followup-c2-rep2/latency/veh-001/request bytes=24295 forwarded=1
1786043861.510244 publish topic=ipi/airspan-followup-c2-rep2/latency/veh-001/ack bytes=239 forwarded=1
1786043861.840183 publish topic=ipi/airspan-followup-c2-rep2/latency/veh-001/request bytes=24295 forwarded=1
1786043861.840844 publish topic=ipi/airspan-followup-c2-rep2/latency/veh-001/ack bytes=239 forwarded=1
1786043862.190694 publish topic=ipi/airspan-followup-c2-rep2/latency/veh-001/request bytes=24295 forwarded=1
1786043862.191386 publish topic=ipi/airspan-followup-c2-rep2/latency/veh-001/ack bytes=239 forwarded=1
1786043862.531133 publish topic=ipi/airspan-followup-c2-rep2/latency/veh-001/request bytes=24295 forwarded=1
1786043862.531504 publish topic=ipi/airspan-followup-c2-rep2/latency/veh-001/ack bytes=239 forwarded=1
1786043862.861743 publish topic=ipi/airspan-followup-c2-rep2/latency/veh-001/request bytes=24295 forwarded=1
1786043862.862506 publish topic=ipi/airspan-followup-c2-rep2/latency/veh-001/ack bytes=239 forwarded=1
1786043863.212175 publish topic=ipi/airspan-followup-c2-rep2/latency/veh-001/request bytes=24295 forwarded=1
1786043863.212815 publish topic=ipi/airspan-followup-c2-rep2/latency/veh-001/ack bytes=239 forwarded=1
1786043863.542819 publish topic=ipi/airspan-followup-c2-rep2/latency/veh-001/request bytes=24295 forwarded=1
1786043863.543474 publish topic=ipi/airspan-followup-c2-rep2/latency/veh-001/ack bytes=239 forwarded=1
1786043863.853092 publish topic=ipi/airspan-followup-c2-rep2/latency/veh-001/request bytes=24295 forwarded=1
1786043863.853752 publish topic=ipi/airspan-followup-c2-rep2/latency/veh-001/ack bytes=239 forwarded=1
1786043864.183640 publish topic=ipi/airspan-followup-c2-rep2/latency/veh-001/request bytes=24295 forwarded=1
1786043864.183936 publish topic=ipi/airspan-followup-c2-rep2/latency/veh-001/ack bytes=239 forwarded=1
1786043864.534258 publish topic=ipi/airspan-followup-c2-rep2/latency/veh-001/request bytes=24295 forwarded=1
1786043864.534931 publish topic=ipi/airspan-followup-c2-rep2/latency/veh-001/ack bytes=239 forwarded=1
1786043864.874650 publish topic=ipi/airspan-followup-c2-rep2/latency/veh-001/request bytes=24295 forwarded=1
1786043864.875010 publish topic=ipi/airspan-followup-c2-rep2/latency/veh-001/ack bytes=239 forwarded=1
1786043865.204963 publish topic=ipi/airspan-followup-c2-rep2/latency/veh-001/request bytes=24295 forwarded=1
1786043865.205621 publish topic=ipi/airspan-followup-c2-rep2/latency/veh-001/ack bytes=239 forwarded=1
1786043865.545710 publish topic=ipi/airspan-followup-c2-rep2/latency/veh-001/request bytes=24295 forwarded=1
1786043865.546324 publish topic=ipi/airspan-followup-c2-rep2/latency/veh-001/ack bytes=239 forwarded=1
1786043865.865939 publish topic=ipi/airspan-followup-c2-rep2/latency/veh-001/request bytes=24295 forwarded=1
1786043865.866172 publish topic=ipi/airspan-followup-c2-rep2/latency/veh-001/ack bytes=239 forwarded=1
1786043866.206927 publish topic=ipi/airspan-followup-c2-rep2/latency/veh-001/request bytes=24295 forwarded=1
1786043866.207638 publish topic=ipi/airspan-followup-c2-rep2/latency/veh-001/ack bytes=239 forwarded=1
1786043866.537454 publish topic=ipi/airspan-followup-c2-rep2/latency/veh-001/request bytes=24295 forwarded=1
1786043866.538085 publish topic=ipi/airspan-followup-c2-rep2/latency/veh-001/ack bytes=239 forwarded=1
1786043866.878110 publish topic=ipi/airspan-followup-c2-rep2/latency/veh-001/request bytes=24295 forwarded=1
1786043866.878777 publish topic=ipi/airspan-followup-c2-rep2/latency/veh-001/ack bytes=239 forwarded=1
1786043867.208496 publish topic=ipi/airspan-followup-c2-rep2/latency/veh-001/request bytes=24295 forwarded=1
1786043867.209164 publish topic=ipi/airspan-followup-c2-rep2/latency/veh-001/ack bytes=239 forwarded=1
1786043867.568910 publish topic=ipi/airspan-followup-c2-rep2/latency/veh-001/request bytes=24295 forwarded=1
1786043867.569605 publish topic=ipi/airspan-followup-c2-rep2/latency/veh-001/ack bytes=239 forwarded=1
1786043867.929661 publish topic=ipi/airspan-followup-c2-rep2/latency/veh-001/request bytes=24295 forwarded=1
1786043867.930323 publish topic=ipi/airspan-followup-c2-rep2/latency/veh-001/ack bytes=239 forwarded=1
1786043868.290283 publish topic=ipi/airspan-followup-c2-rep2/latency/veh-001/request bytes=24295 forwarded=1
1786043868.290997 publish topic=ipi/airspan-followup-c2-rep2/latency/veh-001/ack bytes=239 forwarded=1
1786043868.640450 publish topic=ipi/airspan-followup-c2-rep2/latency/veh-001/request bytes=24295 forwarded=1
1786043868.640830 publish topic=ipi/airspan-followup-c2-rep2/latency/veh-001/ack bytes=239 forwarded=1
1786043868.991365 publish topic=ipi/airspan-followup-c2-rep2/latency/veh-001/request bytes=24295 forwarded=1
1786043868.992038 publish topic=ipi/airspan-followup-c2-rep2/latency/veh-001/ack bytes=239 forwarded=1
1786043869.341810 publish topic=ipi/airspan-followup-c2-rep2/latency/veh-001/request bytes=24295 forwarded=1
1786043869.342476 publish topic=ipi/airspan-followup-c2-rep2/latency/veh-001/ack bytes=239 forwarded=1
1786043869.672555 publish topic=ipi/airspan-followup-c2-rep2/latency/veh-001/request bytes=24295 forwarded=1
1786043869.673253 publish topic=ipi/airspan-followup-c2-rep2/latency/veh-001/ack bytes=239 forwarded=1
1786043870.023149 publish topic=ipi/airspan-followup-c2-rep2/latency/veh-001/request bytes=24295 forwarded=1
1786043870.023818 publish topic=ipi/airspan-followup-c2-rep2/latency/veh-001/ack bytes=239 forwarded=1
1786043870.353615 publish topic=ipi/airspan-followup-c2-rep2/latency/veh-001/request bytes=24295 forwarded=1
1786043870.354058 publish topic=ipi/airspan-followup-c2-rep2/latency/veh-001/ack bytes=239 forwarded=1
1786043870.684325 publish topic=ipi/airspan-followup-c2-rep2/latency/veh-001/request bytes=24295 forwarded=1
1786043870.685031 publish topic=ipi/airspan-followup-c2-rep2/latency/veh-001/ack bytes=239 forwarded=1
1786043871.014266 publish topic=ipi/airspan-followup-c2-rep2/latency/veh-001/request bytes=24295 forwarded=1
1786043871.014516 publish topic=ipi/airspan-followup-c2-rep2/latency/veh-001/ack bytes=239 forwarded=1
1786043871.345182 publish topic=ipi/airspan-followup-c2-rep2/latency/veh-001/request bytes=24295 forwarded=1
1786043871.345795 publish topic=ipi/airspan-followup-c2-rep2/latency/veh-001/ack bytes=239 forwarded=1
1786043871.675760 publish topic=ipi/airspan-followup-c2-rep2/latency/veh-001/request bytes=24295 forwarded=1
1786043871.676525 publish topic=ipi/airspan-followup-c2-rep2/latency/veh-001/ack bytes=239 forwarded=1
1786043872.005974 publish topic=ipi/airspan-followup-c2-rep2/latency/veh-001/request bytes=24295 forwarded=1
1786043872.006302 publish topic=ipi/airspan-followup-c2-rep2/latency/veh-001/ack bytes=239 forwarded=1
1786043872.336908 publish topic=ipi/airspan-followup-c2-rep2/latency/veh-001/request bytes=24295 forwarded=1
1786043872.337549 publish topic=ipi/airspan-followup-c2-rep2/latency/veh-001/ack bytes=239 forwarded=1
1786043872.667384 publish topic=ipi/airspan-followup-c2-rep2/latency/veh-001/request bytes=24295 forwarded=1
1786043872.668054 publish topic=ipi/airspan-followup-c2-rep2/latency/veh-001/ack bytes=239 forwarded=1
1786043872.978002 publish topic=ipi/airspan-followup-c2-rep2/latency/veh-001/request bytes=24295 forwarded=1
1786043872.978665 publish topic=ipi/airspan-followup-c2-rep2/latency/veh-001/ack bytes=239 forwarded=1
1786043873.318449 publish topic=ipi/airspan-followup-c2-rep2/latency/veh-001/request bytes=24295 forwarded=1
1786043873.319222 publish topic=ipi/airspan-followup-c2-rep2/latency/veh-001/ack bytes=239 forwarded=1
1786043873.659039 publish topic=ipi/airspan-followup-c2-rep2/latency/veh-001/request bytes=24295 forwarded=1
1786043873.659677 publish topic=ipi/airspan-followup-c2-rep2/latency/veh-001/ack bytes=239 forwarded=1
1786043873.979651 publish topic=ipi/airspan-followup-c2-rep2/latency/veh-001/request bytes=24295 forwarded=1
1786043873.980318 publish topic=ipi/airspan-followup-c2-rep2/latency/veh-001/ack bytes=239 forwarded=1
1786043874.310144 publish topic=ipi/airspan-followup-c2-rep2/latency/veh-001/request bytes=24295 forwarded=1
1786043874.310750 publish topic=ipi/airspan-followup-c2-rep2/latency/veh-001/ack bytes=239 forwarded=1
1786043874.670819 publish topic=ipi/airspan-followup-c2-rep2/latency/veh-001/request bytes=24295 forwarded=1
1786043874.671439 publish topic=ipi/airspan-followup-c2-rep2/latency/veh-001/ack bytes=239 forwarded=1
1786043875.001364 publish topic=ipi/airspan-followup-c2-rep2/latency/veh-001/request bytes=24295 forwarded=1
1786043875.002028 publish topic=ipi/airspan-followup-c2-rep2/latency/veh-001/ack bytes=239 forwarded=1
1786043875.341676 publish topic=ipi/airspan-followup-c2-rep2/latency/veh-001/request bytes=24295 forwarded=1
1786043875.342334 publish topic=ipi/airspan-followup-c2-rep2/latency/veh-001/ack bytes=239 forwarded=1
1786043875.662310 publish topic=ipi/airspan-followup-c2-rep2/latency/veh-001/request bytes=24297 forwarded=1
1786043875.662988 publish topic=ipi/airspan-followup-c2-rep2/latency/veh-001/ack bytes=240 forwarded=1
1786043875.972970 publish topic=ipi/airspan-followup-c2-rep2/latency/veh-001/request bytes=24297 forwarded=1
1786043875.973312 publish topic=ipi/airspan-followup-c2-rep2/latency/veh-001/ack bytes=240 forwarded=1
1786043876.263448 publish topic=ipi/airspan-followup-c2-rep2/latency/veh-001/request bytes=24297 forwarded=1
1786043876.264116 publish topic=ipi/airspan-followup-c2-rep2/latency/veh-001/ack bytes=240 forwarded=1
1786043876.553860 publish topic=ipi/airspan-followup-c2-rep2/latency/veh-001/request bytes=24297 forwarded=1
1786043876.554283 publish topic=ipi/airspan-followup-c2-rep2/latency/veh-001/ack bytes=240 forwarded=1
1786043876.864510 publish topic=ipi/airspan-followup-c2-rep2/latency/veh-001/request bytes=24297 forwarded=1
1786043876.865213 publish topic=ipi/airspan-followup-c2-rep2/latency/veh-001/ack bytes=240 forwarded=1
1786043877.204943 publish topic=ipi/airspan-followup-c2-rep2/latency/veh-001/request bytes=24297 forwarded=1
1786043877.205611 publish topic=ipi/airspan-followup-c2-rep2/latency/veh-001/ack bytes=240 forwarded=1
1786043877.565528 publish topic=ipi/airspan-followup-c2-rep2/latency/veh-001/request bytes=24297 forwarded=1
1786043877.566138 publish topic=ipi/airspan-followup-c2-rep2/latency/veh-001/ack bytes=240 forwarded=1
1786043877.886072 publish topic=ipi/airspan-followup-c2-rep2/latency/veh-001/request bytes=24297 forwarded=1
1786043877.886725 publish topic=ipi/airspan-followup-c2-rep2/latency/veh-001/ack bytes=240 forwarded=1
1786043878.196296 publish topic=ipi/airspan-followup-c2-rep2/latency/veh-001/request bytes=24297 forwarded=1
1786043878.196513 publish topic=ipi/airspan-followup-c2-rep2/latency/veh-001/ack bytes=240 forwarded=1
1786043878.547239 publish topic=ipi/airspan-followup-c2-rep2/latency/veh-001/request bytes=24297 forwarded=1
1786043878.547846 publish topic=ipi/airspan-followup-c2-rep2/latency/veh-001/ack bytes=240 forwarded=1
1786043878.887883 publish topic=ipi/airspan-followup-c2-rep2/latency/veh-001/request bytes=24297 forwarded=1
1786043878.888580 publish topic=ipi/airspan-followup-c2-rep2/latency/veh-001/ack bytes=240 forwarded=1
1786043879.208216 publish topic=ipi/airspan-followup-c2-rep2/latency/veh-001/request bytes=24297 forwarded=1
1786043879.208959 publish topic=ipi/airspan-followup-c2-rep2/latency/veh-001/ack bytes=240 forwarded=1
1786043879.548989 publish topic=ipi/airspan-followup-c2-rep2/latency/veh-001/request bytes=24297 forwarded=1
1786043879.549714 publish topic=ipi/airspan-followup-c2-rep2/latency/veh-001/ack bytes=240 forwarded=1
1786043879.889448 publish topic=ipi/airspan-followup-c2-rep2/latency/veh-001/request bytes=24297 forwarded=1
1786043879.889835 publish topic=ipi/airspan-followup-c2-rep2/latency/veh-001/ack bytes=240 forwarded=1
1786043880.200183 publish topic=ipi/airspan-followup-c2-rep2/latency/veh-001/request bytes=24297 forwarded=1
1786043880.200758 publish topic=ipi/airspan-followup-c2-rep2/latency/veh-001/ack bytes=240 forwarded=1
1786043880.510688 publish topic=ipi/airspan-followup-c2-rep2/latency/veh-001/request bytes=24297 forwarded=1
1786043880.511410 publish topic=ipi/airspan-followup-c2-rep2/latency/veh-001/ack bytes=240 forwarded=1
1786043880.821282 publish topic=ipi/airspan-followup-c2-rep2/latency/veh-001/request bytes=24297 forwarded=1
1786043880.821923 publish topic=ipi/airspan-followup-c2-rep2/latency/veh-001/ack bytes=240 forwarded=1
1786043881.131719 publish topic=ipi/airspan-followup-c2-rep2/latency/veh-001/request bytes=24297 forwarded=1
1786043881.132353 publish topic=ipi/airspan-followup-c2-rep2/latency/veh-001/ack bytes=240 forwarded=1
1786043881.472342 publish topic=ipi/airspan-followup-c2-rep2/latency/veh-001/request bytes=24297 forwarded=1
1786043881.473034 publish topic=ipi/airspan-followup-c2-rep2/latency/veh-001/ack bytes=240 forwarded=1
1786043881.772870 publish topic=ipi/airspan-followup-c2-rep2/latency/veh-001/request bytes=24297 forwarded=1
1786043881.773539 publish topic=ipi/airspan-followup-c2-rep2/latency/veh-001/ack bytes=240 forwarded=1
1786043882.093093 publish topic=ipi/airspan-followup-c2-rep2/latency/veh-001/request bytes=24297 forwarded=1
1786043882.093725 publish topic=ipi/airspan-followup-c2-rep2/latency/veh-001/ack bytes=240 forwarded=1
1786043882.424058 publish topic=ipi/airspan-followup-c2-rep2/latency/veh-001/request bytes=24297 forwarded=1
1786043882.424768 publish topic=ipi/airspan-followup-c2-rep2/latency/veh-001/ack bytes=240 forwarded=1
1786043882.744335 publish topic=ipi/airspan-followup-c2-rep2/latency/veh-001/request bytes=24297 forwarded=1
1786043882.745047 publish topic=ipi/airspan-followup-c2-rep2/latency/veh-001/ack bytes=240 forwarded=1
1786043883.064862 publish topic=ipi/airspan-followup-c2-rep2/latency/veh-001/request bytes=24297 forwarded=1
1786043883.065523 publish topic=ipi/airspan-followup-c2-rep2/latency/veh-001/ack bytes=240 forwarded=1
1786043883.385182 publish topic=ipi/airspan-followup-c2-rep2/latency/veh-001/request bytes=24297 forwarded=1
1786043883.385814 publish topic=ipi/airspan-followup-c2-rep2/latency/veh-001/ack bytes=240 forwarded=1
1786043883.695828 publish topic=ipi/airspan-followup-c2-rep2/latency/veh-001/request bytes=24297 forwarded=1
1786043883.696573 publish topic=ipi/airspan-followup-c2-rep2/latency/veh-001/ack bytes=240 forwarded=1
1786043884.026454 publish topic=ipi/airspan-followup-c2-rep2/latency/veh-001/request bytes=24297 forwarded=1
1786043884.027220 publish topic=ipi/airspan-followup-c2-rep2/latency/veh-001/ack bytes=240 forwarded=1
1786043884.366626 publish topic=ipi/airspan-followup-c2-rep2/latency/veh-001/request bytes=24297 forwarded=1
1786043884.366880 publish topic=ipi/airspan-followup-c2-rep2/latency/veh-001/ack bytes=240 forwarded=1
1786043884.686979 publish topic=ipi/airspan-followup-c2-rep2/latency/veh-001/request bytes=24297 forwarded=1
1786043884.687212 publish topic=ipi/airspan-followup-c2-rep2/latency/veh-001/ack bytes=240 forwarded=1
1786043885.007766 publish topic=ipi/airspan-followup-c2-rep2/latency/veh-001/request bytes=24297 forwarded=1
1786043885.008438 publish topic=ipi/airspan-followup-c2-rep2/latency/veh-001/ack bytes=240 forwarded=1
1786043885.318073 publish topic=ipi/airspan-followup-c2-rep2/latency/veh-001/request bytes=24297 forwarded=1
1786043885.318698 publish topic=ipi/airspan-followup-c2-rep2/latency/veh-001/ack bytes=240 forwarded=1
1786043885.628783 publish topic=ipi/airspan-followup-c2-rep2/latency/veh-001/request bytes=24297 forwarded=1
1786043885.629441 publish topic=ipi/airspan-followup-c2-rep2/latency/veh-001/ack bytes=240 forwarded=1
1786043885.969016 publish topic=ipi/airspan-followup-c2-rep2/latency/veh-001/request bytes=24297 forwarded=1
1786043885.969661 publish topic=ipi/airspan-followup-c2-rep2/latency/veh-001/ack bytes=240 forwarded=1
1786043886.299594 publish topic=ipi/airspan-followup-c2-rep2/latency/veh-001/request bytes=24297 forwarded=1
1786043886.300302 publish topic=ipi/airspan-followup-c2-rep2/latency/veh-001/ack bytes=240 forwarded=1
1786043886.609947 publish topic=ipi/airspan-followup-c2-rep2/latency/veh-001/request bytes=24297 forwarded=1
1786043886.610251 publish topic=ipi/airspan-followup-c2-rep2/latency/veh-001/ack bytes=240 forwarded=1
1786043886.930621 publish topic=ipi/airspan-followup-c2-rep2/latency/veh-001/request bytes=24297 forwarded=1
1786043886.931326 publish topic=ipi/airspan-followup-c2-rep2/latency/veh-001/ack bytes=240 forwarded=1
1786043887.260851 publish topic=ipi/airspan-followup-c2-rep2/latency/veh-001/request bytes=24297 forwarded=1
1786043887.261467 publish topic=ipi/airspan-followup-c2-rep2/latency/veh-001/ack bytes=240 forwarded=1
1786043887.581244 publish topic=ipi/airspan-followup-c2-rep2/latency/veh-001/request bytes=24297 forwarded=1
1786043887.581932 publish topic=ipi/airspan-followup-c2-rep2/latency/veh-001/ack bytes=240 forwarded=1
1786043887.911882 publish topic=ipi/airspan-followup-c2-rep2/latency/veh-001/request bytes=24297 forwarded=1
1786043887.912524 publish topic=ipi/airspan-followup-c2-rep2/latency/veh-001/ack bytes=240 forwarded=1
1786043888.252233 publish topic=ipi/airspan-followup-c2-rep2/latency/veh-001/request bytes=24297 forwarded=1
1786043888.252557 publish topic=ipi/airspan-followup-c2-rep2/latency/veh-001/ack bytes=240 forwarded=1
1786043888.562621 publish topic=ipi/airspan-followup-c2-rep2/latency/veh-001/request bytes=24297 forwarded=1
1786043888.562937 publish topic=ipi/airspan-followup-c2-rep2/latency/veh-001/ack bytes=240 forwarded=1
1786043888.873136 publish topic=ipi/airspan-followup-c2-rep2/latency/veh-001/request bytes=24297 forwarded=1
1786043888.873378 publish topic=ipi/airspan-followup-c2-rep2/latency/veh-001/ack bytes=240 forwarded=1
1786043889.223683 publish topic=ipi/airspan-followup-c2-rep2/latency/veh-001/request bytes=24297 forwarded=1
1786043889.224346 publish topic=ipi/airspan-followup-c2-rep2/latency/veh-001/ack bytes=240 forwarded=1
1786043889.564678 publish topic=ipi/airspan-followup-c2-rep2/latency/veh-001/request bytes=24297 forwarded=1
1786043889.565391 publish topic=ipi/airspan-followup-c2-rep2/latency/veh-001/ack bytes=240 forwarded=1
1786043889.904730 publish topic=ipi/airspan-followup-c2-rep2/latency/veh-001/request bytes=24297 forwarded=1
1786043889.905023 publish topic=ipi/airspan-followup-c2-rep2/latency/veh-001/ack bytes=240 forwarded=1
1786043890.255516 publish topic=ipi/airspan-followup-c2-rep2/latency/veh-001/request bytes=24297 forwarded=1
1786043890.256153 publish topic=ipi/airspan-followup-c2-rep2/latency/veh-001/ack bytes=240 forwarded=1
1786043890.596120 publish topic=ipi/airspan-followup-c2-rep2/latency/veh-001/request bytes=24297 forwarded=1
1786043890.596809 publish topic=ipi/airspan-followup-c2-rep2/latency/veh-001/ack bytes=240 forwarded=1
1786043890.926490 publish topic=ipi/airspan-followup-c2-rep2/latency/veh-001/request bytes=24297 forwarded=1
1786043890.927195 publish topic=ipi/airspan-followup-c2-rep2/latency/veh-001/ack bytes=240 forwarded=1
1786043891.236943 publish topic=ipi/airspan-followup-c2-rep2/latency/veh-001/request bytes=24297 forwarded=1
1786043891.237622 publish topic=ipi/airspan-followup-c2-rep2/latency/veh-001/ack bytes=240 forwarded=1
1786043891.567423 publish topic=ipi/airspan-followup-c2-rep2/latency/veh-001/request bytes=24297 forwarded=1
1786043891.568126 publish topic=ipi/airspan-followup-c2-rep2/latency/veh-001/ack bytes=240 forwarded=1
1786043891.898031 publish topic=ipi/airspan-followup-c2-rep2/latency/veh-001/request bytes=24297 forwarded=1
1786043891.898697 publish topic=ipi/airspan-followup-c2-rep2/latency/veh-001/ack bytes=240 forwarded=1
1786043892.248293 publish topic=ipi/airspan-followup-c2-rep2/latency/veh-001/request bytes=24297 forwarded=1
1786043892.248666 publish topic=ipi/airspan-followup-c2-rep2/latency/veh-001/ack bytes=240 forwarded=1
1786043892.589064 publish topic=ipi/airspan-followup-c2-rep2/latency/veh-001/request bytes=24297 forwarded=1
1786043892.589850 publish topic=ipi/airspan-followup-c2-rep2/latency/veh-001/ack bytes=240 forwarded=1
1786043892.929160 publish topic=ipi/airspan-followup-c2-rep2/latency/veh-001/request bytes=24297 forwarded=1
1786043892.929840 publish topic=ipi/airspan-followup-c2-rep2/latency/veh-001/ack bytes=240 forwarded=1
1786043893.269977 publish topic=ipi/airspan-followup-c2-rep2/latency/veh-001/request bytes=24297 forwarded=1
1786043893.270681 publish topic=ipi/airspan-followup-c2-rep2/latency/veh-001/ack bytes=240 forwarded=1
1786043893.640336 publish topic=ipi/airspan-followup-c2-rep2/latency/veh-001/request bytes=24297 forwarded=1
1786043893.641051 publish topic=ipi/airspan-followup-c2-rep2/latency/veh-001/ack bytes=240 forwarded=1
1786043894.080852 publish topic=ipi/airspan-followup-c2-rep2/latency/veh-001/request bytes=24297 forwarded=1
1786043894.081561 publish topic=ipi/airspan-followup-c2-rep2/latency/veh-001/ack bytes=240 forwarded=1
1786043894.411489 publish topic=ipi/airspan-followup-c2-rep2/latency/veh-001/request bytes=24297 forwarded=1
1786043894.412226 publish topic=ipi/airspan-followup-c2-rep2/latency/veh-001/ack bytes=240 forwarded=1
1786043894.741892 publish topic=ipi/airspan-followup-c2-rep2/latency/veh-001/request bytes=24297 forwarded=1
1786043894.742606 publish topic=ipi/airspan-followup-c2-rep2/latency/veh-001/ack bytes=240 forwarded=1
1786043895.102688 publish topic=ipi/airspan-followup-c2-rep2/latency/veh-001/request bytes=24297 forwarded=1
1786043895.103399 publish topic=ipi/airspan-followup-c2-rep2/latency/veh-001/ack bytes=240 forwarded=1
1786043895.412938 publish topic=ipi/airspan-followup-c2-rep2/latency/veh-001/request bytes=24297 forwarded=1
1786043895.413651 publish topic=ipi/airspan-followup-c2-rep2/latency/veh-001/ack bytes=240 forwarded=1
1786043895.733543 publish topic=ipi/airspan-followup-c2-rep2/latency/veh-001/request bytes=24297 forwarded=1
1786043895.734215 publish topic=ipi/airspan-followup-c2-rep2/latency/veh-001/ack bytes=240 forwarded=1
1786043896.063844 publish topic=ipi/airspan-followup-c2-rep2/latency/veh-001/request bytes=24297 forwarded=1
1786043896.064512 publish topic=ipi/airspan-followup-c2-rep2/latency/veh-001/ack bytes=240 forwarded=1
1786043896.374478 publish topic=ipi/airspan-followup-c2-rep2/latency/veh-001/request bytes=24297 forwarded=1
1786043896.375095 publish topic=ipi/airspan-followup-c2-rep2/latency/veh-001/ack bytes=240 forwarded=1
1786043896.684713 publish topic=ipi/airspan-followup-c2-rep2/latency/veh-001/request bytes=24297 forwarded=1
1786043896.685480 publish topic=ipi/airspan-followup-c2-rep2/latency/veh-001/ack bytes=240 forwarded=1
1786043896.994915 publish topic=ipi/airspan-followup-c2-rep2/latency/veh-001/request bytes=24297 forwarded=1
1786043896.995387 publish topic=ipi/airspan-followup-c2-rep2/latency/veh-001/ack bytes=240 forwarded=1
1786043897.355513 publish topic=ipi/airspan-followup-c2-rep2/latency/veh-001/request bytes=24297 forwarded=1
1786043897.356159 publish topic=ipi/airspan-followup-c2-rep2/latency/veh-001/ack bytes=240 forwarded=1
1786043897.686139 publish topic=ipi/airspan-followup-c2-rep2/latency/veh-001/request bytes=24297 forwarded=1
1786043897.686857 publish topic=ipi/airspan-followup-c2-rep2/latency/veh-001/ack bytes=240 forwarded=1
1786043898.026555 publish topic=ipi/airspan-followup-c2-rep2/latency/veh-001/request bytes=24297 forwarded=1
1786043898.027261 publish topic=ipi/airspan-followup-c2-rep2/latency/veh-001/ack bytes=240 forwarded=1
1786043898.356998 publish topic=ipi/airspan-followup-c2-rep2/latency/veh-001/request bytes=24297 forwarded=1
1786043898.357622 publish topic=ipi/airspan-followup-c2-rep2/latency/veh-001/ack bytes=240 forwarded=1
1786043898.667785 publish topic=ipi/airspan-followup-c2-rep2/latency/veh-001/request bytes=24297 forwarded=1
1786043898.668414 publish topic=ipi/airspan-followup-c2-rep2/latency/veh-001/ack bytes=240 forwarded=1
1786043898.987734 publish topic=ipi/airspan-followup-c2-rep2/latency/veh-001/request bytes=24297 forwarded=1
1786043898.988057 publish topic=ipi/airspan-followup-c2-rep2/latency/veh-001/ack bytes=240 forwarded=1
1786043899.308391 publish topic=ipi/airspan-followup-c2-rep2/latency/veh-001/request bytes=24297 forwarded=1
1786043899.309049 publish topic=ipi/airspan-followup-c2-rep2/latency/veh-001/ack bytes=240 forwarded=1
1786043899.659082 publish topic=ipi/airspan-followup-c2-rep2/latency/veh-001/request bytes=24297 forwarded=1
1786043899.659733 publish topic=ipi/airspan-followup-c2-rep2/latency/veh-001/ack bytes=240 forwarded=1
1786043899.959576 publish topic=ipi/airspan-followup-c2-rep2/latency/veh-001/request bytes=24297 forwarded=1
1786043899.960227 publish topic=ipi/airspan-followup-c2-rep2/latency/veh-001/ack bytes=240 forwarded=1
1786043900.270014 publish topic=ipi/airspan-followup-c2-rep2/latency/veh-001/request bytes=24297 forwarded=1
1786043900.270642 publish topic=ipi/airspan-followup-c2-rep2/latency/veh-001/ack bytes=240 forwarded=1
1786043900.569969 publish topic=ipi/airspan-followup-c2-rep2/latency/veh-001/request bytes=24297 forwarded=1
1786043900.570396 publish topic=ipi/airspan-followup-c2-rep2/latency/veh-001/ack bytes=240 forwarded=1
1786043900.870563 publish topic=ipi/airspan-followup-c2-rep2/latency/veh-001/request bytes=24297 forwarded=1
1786043900.871268 publish topic=ipi/airspan-followup-c2-rep2/latency/veh-001/ack bytes=240 forwarded=1
1786043901.160878 publish topic=ipi/airspan-followup-c2-rep2/latency/veh-001/request bytes=24297 forwarded=1
1786043901.161136 publish topic=ipi/airspan-followup-c2-rep2/latency/veh-001/ack bytes=240 forwarded=1
1786043901.471571 publish topic=ipi/airspan-followup-c2-rep2/latency/veh-001/request bytes=24297 forwarded=1
1786043901.472204 publish topic=ipi/airspan-followup-c2-rep2/latency/veh-001/ack bytes=240 forwarded=1
1786043901.802021 publish topic=ipi/airspan-followup-c2-rep2/latency/veh-001/request bytes=24297 forwarded=1
1786043901.802670 publish topic=ipi/airspan-followup-c2-rep2/latency/veh-001/ack bytes=240 forwarded=1
1786043902.112629 publish topic=ipi/airspan-followup-c2-rep2/latency/veh-001/request bytes=24297 forwarded=1
1786043902.113425 publish topic=ipi/airspan-followup-c2-rep2/latency/veh-001/ack bytes=240 forwarded=1
1786043902.393079 publish topic=ipi/airspan-followup-c2-rep2/latency/veh-001/request bytes=24297 forwarded=1
1786043902.393793 publish topic=ipi/airspan-followup-c2-rep2/latency/veh-001/ack bytes=240 forwarded=1
1786043902.713480 publish topic=ipi/airspan-followup-c2-rep2/latency/veh-001/request bytes=24297 forwarded=1
1786043902.714251 publish topic=ipi/airspan-followup-c2-rep2/latency/veh-001/ack bytes=240 forwarded=1
1786043903.043877 publish topic=ipi/airspan-followup-c2-rep2/latency/veh-001/request bytes=24297 forwarded=1
1786043903.044557 publish topic=ipi/airspan-followup-c2-rep2/latency/veh-001/ack bytes=240 forwarded=1
1786043903.344358 publish topic=ipi/airspan-followup-c2-rep2/latency/veh-001/request bytes=24297 forwarded=1
1786043903.345067 publish topic=ipi/airspan-followup-c2-rep2/latency/veh-001/ack bytes=240 forwarded=1
1786043903.664826 publish topic=ipi/airspan-followup-c2-rep2/latency/veh-001/request bytes=24297 forwarded=1
1786043903.665522 publish topic=ipi/airspan-followup-c2-rep2/latency/veh-001/ack bytes=240 forwarded=1
1786043903.974984 publish topic=ipi/airspan-followup-c2-rep2/latency/veh-001/request bytes=24297 forwarded=1
1786043903.975504 publish topic=ipi/airspan-followup-c2-rep2/latency/veh-001/ack bytes=240 forwarded=1
1786043904.305614 publish topic=ipi/airspan-followup-c2-rep2/latency/veh-001/request bytes=24297 forwarded=1
1786043904.306297 publish topic=ipi/airspan-followup-c2-rep2/latency/veh-001/ack bytes=240 forwarded=1
1786043904.616303 publish topic=ipi/airspan-followup-c2-rep2/latency/veh-001/request bytes=24297 forwarded=1
1786043904.617038 publish topic=ipi/airspan-followup-c2-rep2/latency/veh-001/ack bytes=240 forwarded=1
1786043904.946843 publish topic=ipi/airspan-followup-c2-rep2/latency/veh-001/request bytes=24297 forwarded=1
1786043904.947545 publish topic=ipi/airspan-followup-c2-rep2/latency/veh-001/ack bytes=240 forwarded=1
1786043905.247333 publish topic=ipi/airspan-followup-c2-rep2/latency/veh-001/request bytes=24297 forwarded=1
1786043905.248060 publish topic=ipi/airspan-followup-c2-rep2/latency/veh-001/ack bytes=240 forwarded=1
1786043905.557695 publish topic=ipi/airspan-followup-c2-rep2/latency/veh-001/request bytes=24297 forwarded=1
1786043905.558401 publish topic=ipi/airspan-followup-c2-rep2/latency/veh-001/ack bytes=240 forwarded=1
1786043905.837799 publish topic=ipi/airspan-followup-c2-rep2/latency/veh-001/request bytes=24297 forwarded=1
1786043905.838075 publish topic=ipi/airspan-followup-c2-rep2/latency/veh-001/ack bytes=240 forwarded=1
1786043906.148369 publish topic=ipi/airspan-followup-c2-rep2/latency/veh-001/request bytes=24297 forwarded=1
1786043906.149103 publish topic=ipi/airspan-followup-c2-rep2/latency/veh-001/ack bytes=240 forwarded=1
1786043906.458818 publish topic=ipi/airspan-followup-c2-rep2/latency/veh-001/request bytes=24297 forwarded=1
1786043906.460194 publish topic=ipi/airspan-followup-c2-rep2/latency/veh-001/ack bytes=240 forwarded=1
1786043906.799071 publish topic=ipi/airspan-followup-c2-rep2/latency/veh-001/request bytes=24297 forwarded=1
1786043906.799311 publish topic=ipi/airspan-followup-c2-rep2/latency/veh-001/ack bytes=240 forwarded=1
1786043907.129572 publish topic=ipi/airspan-followup-c2-rep2/latency/veh-001/request bytes=24297 forwarded=1
1786043907.129890 publish topic=ipi/airspan-followup-c2-rep2/latency/veh-001/ack bytes=240 forwarded=1
1786043907.440230 publish topic=ipi/airspan-followup-c2-rep2/latency/veh-001/request bytes=24297 forwarded=1
1786043907.440974 publish topic=ipi/airspan-followup-c2-rep2/latency/veh-001/ack bytes=240 forwarded=1
1786043907.770983 publish topic=ipi/airspan-followup-c2-rep2/latency/veh-001/request bytes=24297 forwarded=1
1786043907.771694 publish topic=ipi/airspan-followup-c2-rep2/latency/veh-001/ack bytes=240 forwarded=1
1786043908.081291 publish topic=ipi/airspan-followup-c2-rep2/latency/veh-001/request bytes=24297 forwarded=1
1786043908.081978 publish topic=ipi/airspan-followup-c2-rep2/latency/veh-001/ack bytes=240 forwarded=1
1786043908.381565 publish topic=ipi/airspan-followup-c2-rep2/latency/veh-001/request bytes=24297 forwarded=1
1786043908.381832 publish topic=ipi/airspan-followup-c2-rep2/latency/veh-001/ack bytes=240 forwarded=1
1786043908.702339 publish topic=ipi/airspan-followup-c2-rep2/latency/veh-001/request bytes=24297 forwarded=1
1786043908.703056 publish topic=ipi/airspan-followup-c2-rep2/latency/veh-001/ack bytes=240 forwarded=1
1786043909.022507 publish topic=ipi/airspan-followup-c2-rep2/latency/veh-001/request bytes=24297 forwarded=1
1786043909.023066 publish topic=ipi/airspan-followup-c2-rep2/latency/veh-001/ack bytes=240 forwarded=1
1786043909.353041 publish topic=ipi/airspan-followup-c2-rep2/latency/veh-001/request bytes=24297 forwarded=1
1786043909.353744 publish topic=ipi/airspan-followup-c2-rep2/latency/veh-001/ack bytes=240 forwarded=1
1786043909.673482 publish topic=ipi/airspan-followup-c2-rep2/latency/veh-001/request bytes=24297 forwarded=1
1786043909.674173 publish topic=ipi/airspan-followup-c2-rep2/latency/veh-001/ack bytes=240 forwarded=1
1786043910.023748 publish topic=ipi/airspan-followup-c2-rep2/latency/veh-001/request bytes=24297 forwarded=1
1786043910.024274 publish topic=ipi/airspan-followup-c2-rep2/latency/veh-001/ack bytes=240 forwarded=1
1786043910.354746 publish topic=ipi/airspan-followup-c2-rep2/latency/veh-001/request bytes=24297 forwarded=1
1786043910.355611 publish topic=ipi/airspan-followup-c2-rep2/latency/veh-001/ack bytes=240 forwarded=1
1786043910.685011 publish topic=ipi/airspan-followup-c2-rep2/latency/veh-001/request bytes=24297 forwarded=1
1786043910.685722 publish topic=ipi/airspan-followup-c2-rep2/latency/veh-001/ack bytes=240 forwarded=1
1786043911.025662 publish topic=ipi/airspan-followup-c2-rep2/latency/veh-001/request bytes=24297 forwarded=1
1786043911.026328 publish topic=ipi/airspan-followup-c2-rep2/latency/veh-001/ack bytes=240 forwarded=1
1786043911.356231 publish topic=ipi/airspan-followup-c2-rep2/latency/veh-001/request bytes=24297 forwarded=1
1786043911.356937 publish topic=ipi/airspan-followup-c2-rep2/latency/veh-001/ack bytes=240 forwarded=1
1786043911.686624 publish topic=ipi/airspan-followup-c2-rep2/latency/veh-001/request bytes=24297 forwarded=1
1786043911.687315 publish topic=ipi/airspan-followup-c2-rep2/latency/veh-001/ack bytes=240 forwarded=1
1786043912.027081 publish topic=ipi/airspan-followup-c2-rep2/latency/veh-001/request bytes=24297 forwarded=1
1786043912.027518 publish topic=ipi/airspan-followup-c2-rep2/latency/veh-001/ack bytes=240 forwarded=1
1786043912.367461 publish topic=ipi/airspan-followup-c2-rep2/latency/veh-001/request bytes=24297 forwarded=1
1786043912.368339 publish topic=ipi/airspan-followup-c2-rep2/latency/veh-001/ack bytes=240 forwarded=1
1786043912.698067 publish topic=ipi/airspan-followup-c2-rep2/latency/veh-001/request bytes=24297 forwarded=1
1786043912.698342 publish topic=ipi/airspan-followup-c2-rep2/latency/veh-001/ack bytes=240 forwarded=1
1786043912.988520 publish topic=ipi/airspan-followup-c2-rep2/latency/veh-001/request bytes=24297 forwarded=1
1786043912.988827 publish topic=ipi/airspan-followup-c2-rep2/latency/veh-001/ack bytes=240 forwarded=1
1786043913.308908 publish topic=ipi/airspan-followup-c2-rep2/latency/veh-001/request bytes=24297 forwarded=1
1786043913.309556 publish topic=ipi/airspan-followup-c2-rep2/latency/veh-001/ack bytes=240 forwarded=1
1786043913.929990 publish topic=ipi/airspan-followup-c2-rep2/latency/veh-001/request bytes=24297 forwarded=1
1786043913.930721 publish topic=ipi/airspan-followup-c2-rep2/latency/veh-001/ack bytes=240 forwarded=1
1786043914.401013 publish topic=ipi/airspan-followup-c2-rep2/latency/veh-001/request bytes=24297 forwarded=1
1786043914.401661 publish topic=ipi/airspan-followup-c2-rep2/latency/veh-001/ack bytes=240 forwarded=1
1786043914.751495 publish topic=ipi/airspan-followup-c2-rep2/latency/veh-001/request bytes=24297 forwarded=1
1786043914.752171 publish topic=ipi/airspan-followup-c2-rep2/latency/veh-001/ack bytes=240 forwarded=1
1786043915.111791 publish topic=ipi/airspan-followup-c2-rep2/latency/veh-001/request bytes=24297 forwarded=1
1786043915.112441 publish topic=ipi/airspan-followup-c2-rep2/latency/veh-001/ack bytes=240 forwarded=1
1786043915.422612 publish topic=ipi/airspan-followup-c2-rep2/latency/veh-001/request bytes=24297 forwarded=1
1786043915.423304 publish topic=ipi/airspan-followup-c2-rep2/latency/veh-001/ack bytes=240 forwarded=1
1786043915.742692 publish topic=ipi/airspan-followup-c2-rep2/latency/veh-001/request bytes=24297 forwarded=1
1786043915.743376 publish topic=ipi/airspan-followup-c2-rep2/latency/veh-001/ack bytes=240 forwarded=1
1786043916.033302 publish topic=ipi/airspan-followup-c2-rep2/latency/veh-001/request bytes=24297 forwarded=1
1786043916.033988 publish topic=ipi/airspan-followup-c2-rep2/latency/veh-001/ack bytes=240 forwarded=1
1786043916.343583 publish topic=ipi/airspan-followup-c2-rep2/latency/veh-001/request bytes=24297 forwarded=1
1786043916.343811 publish topic=ipi/airspan-followup-c2-rep2/latency/veh-001/ack bytes=240 forwarded=1
1786043916.684134 publish topic=ipi/airspan-followup-c2-rep2/latency/veh-001/request bytes=24297 forwarded=1
1786043916.685723 publish topic=ipi/airspan-followup-c2-rep2/latency/veh-001/ack bytes=240 forwarded=1
1786043916.994872 publish topic=ipi/airspan-followup-c2-rep2/latency/veh-001/request bytes=24297 forwarded=1
1786043916.995604 publish topic=ipi/airspan-followup-c2-rep2/latency/veh-001/ack bytes=240 forwarded=1
1786043917.304966 publish topic=ipi/airspan-followup-c2-rep2/latency/veh-001/request bytes=24297 forwarded=1
1786043917.305595 publish topic=ipi/airspan-followup-c2-rep2/latency/veh-001/ack bytes=240 forwarded=1
1786043917.625525 publish topic=ipi/airspan-followup-c2-rep2/latency/veh-001/request bytes=24297 forwarded=1
1786043917.626226 publish topic=ipi/airspan-followup-c2-rep2/latency/veh-001/ack bytes=240 forwarded=1
1786043917.946026 publish topic=ipi/airspan-followup-c2-rep2/latency/veh-001/request bytes=24297 forwarded=1
1786043917.946708 publish topic=ipi/airspan-followup-c2-rep2/latency/veh-001/ack bytes=240 forwarded=1
1786043918.296388 publish topic=ipi/airspan-followup-c2-rep2/latency/veh-001/request bytes=24297 forwarded=1
1786043918.297229 publish topic=ipi/airspan-followup-c2-rep2/latency/veh-001/ack bytes=240 forwarded=1
1786043918.616881 publish topic=ipi/airspan-followup-c2-rep2/latency/veh-001/request bytes=24297 forwarded=1
1786043918.617260 publish topic=ipi/airspan-followup-c2-rep2/latency/veh-001/ack bytes=240 forwarded=1
1786043918.937134 publish topic=ipi/airspan-followup-c2-rep2/latency/veh-001/request bytes=24297 forwarded=1
1786043918.937421 publish topic=ipi/airspan-followup-c2-rep2/latency/veh-001/ack bytes=240 forwarded=1
1786043919.247661 publish topic=ipi/airspan-followup-c2-rep2/latency/veh-001/request bytes=24297 forwarded=1
1786043919.248383 publish topic=ipi/airspan-followup-c2-rep2/latency/veh-001/ack bytes=240 forwarded=1
1786043919.568229 publish topic=ipi/airspan-followup-c2-rep2/latency/veh-001/request bytes=24297 forwarded=1
1786043919.568940 publish topic=ipi/airspan-followup-c2-rep2/latency/veh-001/ack bytes=240 forwarded=1
1786043919.908527 publish topic=ipi/airspan-followup-c2-rep2/latency/veh-001/request bytes=24297 forwarded=1
1786043919.909193 publish topic=ipi/airspan-followup-c2-rep2/latency/veh-001/ack bytes=240 forwarded=1
1786043920.229016 publish topic=ipi/airspan-followup-c2-rep2/latency/veh-001/request bytes=24297 forwarded=1
1786043920.229784 publish topic=ipi/airspan-followup-c2-rep2/latency/veh-001/ack bytes=240 forwarded=1
1786043920.569454 publish topic=ipi/airspan-followup-c2-rep2/latency/veh-001/request bytes=24297 forwarded=1
1786043920.570112 publish topic=ipi/airspan-followup-c2-rep2/latency/veh-001/ack bytes=240 forwarded=1
1786043920.909973 publish topic=ipi/airspan-followup-c2-rep2/latency/veh-001/request bytes=24297 forwarded=1
1786043920.910653 publish topic=ipi/airspan-followup-c2-rep2/latency/veh-001/ack bytes=240 forwarded=1
1786043921.260918 publish topic=ipi/airspan-followup-c2-rep2/latency/veh-001/request bytes=24297 forwarded=1
1786043921.261528 publish topic=ipi/airspan-followup-c2-rep2/latency/veh-001/ack bytes=240 forwarded=1
1786043921.590956 publish topic=ipi/airspan-followup-c2-rep2/latency/veh-001/request bytes=24297 forwarded=1
1786043921.591587 publish topic=ipi/airspan-followup-c2-rep2/latency/veh-001/ack bytes=240 forwarded=1
1786043921.921135 publish topic=ipi/airspan-followup-c2-rep2/latency/veh-001/request bytes=24297 forwarded=1
1786043921.921392 publish topic=ipi/airspan-followup-c2-rep2/latency/veh-001/ack bytes=240 forwarded=1
1786043922.272099 publish topic=ipi/airspan-followup-c2-rep2/latency/veh-001/request bytes=24297 forwarded=1
1786043922.272414 publish topic=ipi/airspan-followup-c2-rep2/latency/veh-001/ack bytes=240 forwarded=1
1786043922.592523 publish topic=ipi/airspan-followup-c2-rep2/latency/veh-001/request bytes=24297 forwarded=1
1786043922.593239 publish topic=ipi/airspan-followup-c2-rep2/latency/veh-001/ack bytes=240 forwarded=1
1786043922.892916 publish topic=ipi/airspan-followup-c2-rep2/latency/veh-001/request bytes=24297 forwarded=1
1786043922.893564 publish topic=ipi/airspan-followup-c2-rep2/latency/veh-001/ack bytes=240 forwarded=1
1786043923.203015 publish topic=ipi/airspan-followup-c2-rep2/latency/veh-001/request bytes=24297 forwarded=1
1786043923.203301 publish topic=ipi/airspan-followup-c2-rep2/latency/veh-001/ack bytes=240 forwarded=1
1786043923.513517 publish topic=ipi/airspan-followup-c2-rep2/latency/veh-001/request bytes=24297 forwarded=1
1786043923.514242 publish topic=ipi/airspan-followup-c2-rep2/latency/veh-001/ack bytes=240 forwarded=1
1786043923.824018 publish topic=ipi/airspan-followup-c2-rep2/latency/veh-001/request bytes=24297 forwarded=1
1786043923.824762 publish topic=ipi/airspan-followup-c2-rep2/latency/veh-001/ack bytes=240 forwarded=1
1786043924.114438 publish topic=ipi/airspan-followup-c2-rep2/latency/veh-001/request bytes=24297 forwarded=1
1786043924.115107 publish topic=ipi/airspan-followup-c2-rep2/latency/veh-001/ack bytes=240 forwarded=1
1786043924.434747 publish topic=ipi/airspan-followup-c2-rep2/latency/veh-001/request bytes=24297 forwarded=1
1786043924.435470 publish topic=ipi/airspan-followup-c2-rep2/latency/veh-001/ack bytes=240 forwarded=1
1786043924.754844 publish topic=ipi/airspan-followup-c2-rep2/latency/veh-001/request bytes=24297 forwarded=1
1786043924.755137 publish topic=ipi/airspan-followup-c2-rep2/latency/veh-001/ack bytes=240 forwarded=1
1786043925.055278 publish topic=ipi/airspan-followup-c2-rep2/latency/veh-001/request bytes=24297 forwarded=1
1786043925.055622 publish topic=ipi/airspan-followup-c2-rep2/latency/veh-001/ack bytes=240 forwarded=1
1786043925.365977 publish topic=ipi/airspan-followup-c2-rep2/latency/veh-001/request bytes=24297 forwarded=1
1786043925.366657 publish topic=ipi/airspan-followup-c2-rep2/latency/veh-001/ack bytes=240 forwarded=1
1786043925.696593 publish topic=ipi/airspan-followup-c2-rep2/latency/veh-001/request bytes=24297 forwarded=1
1786043925.697282 publish topic=ipi/airspan-followup-c2-rep2/latency/veh-001/ack bytes=240 forwarded=1
1786043926.016937 publish topic=ipi/airspan-followup-c2-rep2/latency/veh-001/request bytes=24297 forwarded=1
1786043926.017637 publish topic=ipi/airspan-followup-c2-rep2/latency/veh-001/ack bytes=240 forwarded=1
1786043926.347566 publish topic=ipi/airspan-followup-c2-rep2/latency/veh-001/request bytes=24297 forwarded=1
1786043926.348234 publish topic=ipi/airspan-followup-c2-rep2/latency/veh-001/ack bytes=240 forwarded=1
1786043926.677889 publish topic=ipi/airspan-followup-c2-rep2/latency/veh-001/request bytes=24297 forwarded=1
1786043926.678558 publish topic=ipi/airspan-followup-c2-rep2/latency/veh-001/ack bytes=240 forwarded=1
1786043927.068113 publish topic=ipi/airspan-followup-c2-rep2/latency/veh-001/request bytes=24297 forwarded=1
1786043927.068788 publish topic=ipi/airspan-followup-c2-rep2/latency/veh-001/ack bytes=240 forwarded=1
1786043927.378919 publish topic=ipi/airspan-followup-c2-rep2/latency/veh-001/request bytes=24297 forwarded=1
1786043927.379600 publish topic=ipi/airspan-followup-c2-rep2/latency/veh-001/ack bytes=240 forwarded=1
1786043927.679344 publish topic=ipi/airspan-followup-c2-rep2/latency/veh-001/request bytes=24297 forwarded=1
1786043927.680008 publish topic=ipi/airspan-followup-c2-rep2/latency/veh-001/ack bytes=240 forwarded=1
1786043928.009879 publish topic=ipi/airspan-followup-c2-rep2/latency/veh-001/request bytes=24297 forwarded=1
1786043928.010545 publish topic=ipi/airspan-followup-c2-rep2/latency/veh-001/ack bytes=240 forwarded=1
1786043928.340202 publish topic=ipi/airspan-followup-c2-rep2/latency/veh-001/request bytes=24297 forwarded=1
1786043928.340912 publish topic=ipi/airspan-followup-c2-rep2/latency/veh-001/ack bytes=240 forwarded=1
1786043928.670252 publish topic=ipi/airspan-followup-c2-rep2/latency/veh-001/request bytes=24297 forwarded=1
1786043928.670560 publish topic=ipi/airspan-followup-c2-rep2/latency/veh-001/ack bytes=240 forwarded=1
1786043929.001094 publish topic=ipi/airspan-followup-c2-rep2/latency/veh-001/request bytes=24297 forwarded=1
1786043929.001743 publish topic=ipi/airspan-followup-c2-rep2/latency/veh-001/ack bytes=240 forwarded=1
1786043929.331760 publish topic=ipi/airspan-followup-c2-rep2/latency/veh-001/request bytes=24297 forwarded=1
1786043929.332432 publish topic=ipi/airspan-followup-c2-rep2/latency/veh-001/ack bytes=240 forwarded=1
1786043929.651948 publish topic=ipi/airspan-followup-c2-rep2/latency/veh-001/request bytes=24297 forwarded=1
1786043929.652658 publish topic=ipi/airspan-followup-c2-rep2/latency/veh-001/ack bytes=240 forwarded=1
1786043929.982270 publish topic=ipi/airspan-followup-c2-rep2/latency/veh-001/request bytes=24297 forwarded=1
1786043929.983012 publish topic=ipi/airspan-followup-c2-rep2/latency/veh-001/ack bytes=240 forwarded=1
1786043930.312541 publish topic=ipi/airspan-followup-c2-rep2/latency/veh-001/request bytes=24297 forwarded=1
1786043930.312859 publish topic=ipi/airspan-followup-c2-rep2/latency/veh-001/ack bytes=240 forwarded=1
1786043930.613243 publish topic=ipi/airspan-followup-c2-rep2/latency/veh-001/request bytes=24297 forwarded=1
1786043930.613913 publish topic=ipi/airspan-followup-c2-rep2/latency/veh-001/ack bytes=240 forwarded=1
1786043930.923527 publish topic=ipi/airspan-followup-c2-rep2/latency/veh-001/request bytes=24297 forwarded=1
1786043930.923916 publish topic=ipi/airspan-followup-c2-rep2/latency/veh-001/ack bytes=240 forwarded=1
1786043931.244323 publish topic=ipi/airspan-followup-c2-rep2/latency/veh-001/request bytes=24297 forwarded=1
1786043931.245054 publish topic=ipi/airspan-followup-c2-rep2/latency/veh-001/ack bytes=240 forwarded=1
1786043931.564689 publish topic=ipi/airspan-followup-c2-rep2/latency/veh-001/request bytes=24297 forwarded=1
1786043931.565432 publish topic=ipi/airspan-followup-c2-rep2/latency/veh-001/ack bytes=240 forwarded=1
1786043931.874906 publish topic=ipi/airspan-followup-c2-rep2/latency/veh-001/request bytes=24297 forwarded=1
1786043931.875629 publish topic=ipi/airspan-followup-c2-rep2/latency/veh-001/ack bytes=240 forwarded=1
1786043932.215629 publish topic=ipi/airspan-followup-c2-rep2/latency/veh-001/request bytes=24297 forwarded=1
1786043932.216307 publish topic=ipi/airspan-followup-c2-rep2/latency/veh-001/ack bytes=240 forwarded=1
1786043932.606138 publish topic=ipi/airspan-followup-c2-rep2/latency/veh-001/request bytes=24297 forwarded=1
1786043932.606488 publish topic=ipi/airspan-followup-c2-rep2/latency/veh-001/ack bytes=240 forwarded=1
1786043932.946577 publish topic=ipi/airspan-followup-c2-rep2/latency/veh-001/request bytes=24297 forwarded=1
1786043932.947303 publish topic=ipi/airspan-followup-c2-rep2/latency/veh-001/ack bytes=240 forwarded=1
1786043933.287084 publish topic=ipi/airspan-followup-c2-rep2/latency/veh-001/request bytes=24297 forwarded=1
1786043933.287749 publish topic=ipi/airspan-followup-c2-rep2/latency/veh-001/ack bytes=240 forwarded=1
1786043933.587441 publish topic=ipi/airspan-followup-c2-rep2/latency/veh-001/request bytes=24297 forwarded=1
1786043933.588106 publish topic=ipi/airspan-followup-c2-rep2/latency/veh-001/ack bytes=240 forwarded=1
1786043933.897515 publish topic=ipi/airspan-followup-c2-rep2/latency/veh-001/request bytes=24297 forwarded=1
1786043933.897915 publish topic=ipi/airspan-followup-c2-rep2/latency/veh-001/ack bytes=240 forwarded=1
1786043934.247773 publish topic=ipi/airspan-followup-c2-rep2/latency/veh-001/request bytes=24297 forwarded=1
1786043934.248466 publish topic=ipi/airspan-followup-c2-rep2/latency/veh-001/ack bytes=240 forwarded=1
1786043934.578228 publish topic=ipi/airspan-followup-c2-rep2/latency/veh-001/request bytes=24297 forwarded=1
1786043934.578900 publish topic=ipi/airspan-followup-c2-rep2/latency/veh-001/ack bytes=240 forwarded=1
1786043934.908716 publish topic=ipi/airspan-followup-c2-rep2/latency/veh-001/request bytes=24297 forwarded=1
1786043934.909424 publish topic=ipi/airspan-followup-c2-rep2/latency/veh-001/ack bytes=240 forwarded=1
1786043935.218836 publish topic=ipi/airspan-followup-c2-rep2/latency/veh-001/request bytes=24297 forwarded=1
1786043935.219542 publish topic=ipi/airspan-followup-c2-rep2/latency/veh-001/ack bytes=240 forwarded=1
1786043935.528821 publish topic=ipi/airspan-followup-c2-rep2/latency/veh-001/request bytes=24297 forwarded=1
1786043935.529182 publish topic=ipi/airspan-followup-c2-rep2/latency/veh-001/ack bytes=240 forwarded=1
1786043935.859142 publish topic=ipi/airspan-followup-c2-rep2/latency/veh-001/request bytes=24297 forwarded=1
1786043935.859792 publish topic=ipi/airspan-followup-c2-rep2/latency/veh-001/ack bytes=240 forwarded=1
1786043936.209853 publish topic=ipi/airspan-followup-c2-rep2/latency/veh-001/request bytes=24297 forwarded=1
1786043936.210510 publish topic=ipi/airspan-followup-c2-rep2/latency/veh-001/ack bytes=240 forwarded=1
1786043936.530016 publish topic=ipi/airspan-followup-c2-rep2/latency/veh-001/request bytes=24297 forwarded=1
1786043936.530327 publish topic=ipi/airspan-followup-c2-rep2/latency/veh-001/ack bytes=240 forwarded=1
1786043936.870296 publish topic=ipi/airspan-followup-c2-rep2/latency/veh-001/request bytes=24297 forwarded=1
1786043936.871025 publish topic=ipi/airspan-followup-c2-rep2/latency/veh-001/ack bytes=240 forwarded=1
1786043937.210808 publish topic=ipi/airspan-followup-c2-rep2/latency/veh-001/request bytes=24297 forwarded=1
1786043937.211474 publish topic=ipi/airspan-followup-c2-rep2/latency/veh-001/ack bytes=240 forwarded=1
1786043937.531002 publish topic=ipi/airspan-followup-c2-rep2/latency/veh-001/request bytes=24297 forwarded=1
1786043937.531679 publish topic=ipi/airspan-followup-c2-rep2/latency/veh-001/ack bytes=240 forwarded=1
1786043937.861312 publish topic=ipi/airspan-followup-c2-rep2/latency/veh-001/request bytes=24297 forwarded=1
1786043937.861978 publish topic=ipi/airspan-followup-c2-rep2/latency/veh-001/ack bytes=240 forwarded=1
1786043938.201604 publish topic=ipi/airspan-followup-c2-rep2/latency/veh-001/request bytes=24297 forwarded=1
1786043938.202286 publish topic=ipi/airspan-followup-c2-rep2/latency/veh-001/ack bytes=240 forwarded=1
1786043938.542422 publish topic=ipi/airspan-followup-c2-rep2/latency/veh-001/request bytes=24297 forwarded=1
1786043938.543232 publish topic=ipi/airspan-followup-c2-rep2/latency/veh-001/ack bytes=240 forwarded=1
1786043938.882947 publish topic=ipi/airspan-followup-c2-rep2/latency/veh-001/request bytes=24297 forwarded=1
1786043938.883592 publish topic=ipi/airspan-followup-c2-rep2/latency/veh-001/ack bytes=240 forwarded=1
1786043939.203308 publish topic=ipi/airspan-followup-c2-rep2/latency/veh-001/request bytes=24297 forwarded=1
1786043939.203957 publish topic=ipi/airspan-followup-c2-rep2/latency/veh-001/ack bytes=240 forwarded=1
1786043939.523659 publish topic=ipi/airspan-followup-c2-rep2/latency/veh-001/request bytes=24297 forwarded=1
1786043939.524314 publish topic=ipi/airspan-followup-c2-rep2/latency/veh-001/ack bytes=240 forwarded=1
1786043939.844213 publish topic=ipi/airspan-followup-c2-rep2/latency/veh-001/request bytes=24297 forwarded=1
1786043939.844978 publish topic=ipi/airspan-followup-c2-rep2/latency/veh-001/ack bytes=240 forwarded=1
1786043940.184431 publish topic=ipi/airspan-followup-c2-rep2/latency/veh-001/request bytes=24297 forwarded=1
1786043940.185131 publish topic=ipi/airspan-followup-c2-rep2/latency/veh-001/ack bytes=240 forwarded=1
1786043940.534945 publish topic=ipi/airspan-followup-c2-rep2/latency/veh-001/request bytes=24297 forwarded=1
1786043940.535251 publish topic=ipi/airspan-followup-c2-rep2/latency/veh-001/ack bytes=240 forwarded=1
1786043940.875544 publish topic=ipi/airspan-followup-c2-rep2/latency/veh-001/request bytes=24297 forwarded=1
1786043940.876208 publish topic=ipi/airspan-followup-c2-rep2/latency/veh-001/ack bytes=240 forwarded=1
1786043941.215905 publish topic=ipi/airspan-followup-c2-rep2/latency/veh-001/request bytes=24297 forwarded=1
1786043941.216526 publish topic=ipi/airspan-followup-c2-rep2/latency/veh-001/ack bytes=240 forwarded=1
1786043941.556452 publish topic=ipi/airspan-followup-c2-rep2/latency/veh-001/request bytes=24297 forwarded=1
1786043941.557052 publish topic=ipi/airspan-followup-c2-rep2/latency/veh-001/ack bytes=240 forwarded=1
1786043941.877061 publish topic=ipi/airspan-followup-c2-rep2/latency/veh-001/request bytes=24297 forwarded=1
1786043941.877758 publish topic=ipi/airspan-followup-c2-rep2/latency/veh-001/ack bytes=240 forwarded=1
1786043942.207447 publish topic=ipi/airspan-followup-c2-rep2/latency/veh-001/request bytes=24297 forwarded=1
1786043942.207732 publish topic=ipi/airspan-followup-c2-rep2/latency/veh-001/ack bytes=240 forwarded=1
1786043942.528107 publish topic=ipi/airspan-followup-c2-rep2/latency/veh-001/request bytes=24297 forwarded=1
1786043942.528789 publish topic=ipi/airspan-followup-c2-rep2/latency/veh-001/ack bytes=240 forwarded=1
1786043942.868399 publish topic=ipi/airspan-followup-c2-rep2/latency/veh-001/request bytes=24297 forwarded=1
1786043942.869050 publish topic=ipi/airspan-followup-c2-rep2/latency/veh-001/ack bytes=240 forwarded=1
1786043943.209086 publish topic=ipi/airspan-followup-c2-rep2/latency/veh-001/request bytes=24297 forwarded=1
1786043943.209762 publish topic=ipi/airspan-followup-c2-rep2/latency/veh-001/ack bytes=240 forwarded=1
1786043943.619735 publish topic=ipi/airspan-followup-c2-rep2/latency/veh-001/request bytes=24297 forwarded=1
1786043943.620380 publish topic=ipi/airspan-followup-c2-rep2/latency/veh-001/ack bytes=240 forwarded=1
1786043943.960285 publish topic=ipi/airspan-followup-c2-rep2/latency/veh-001/request bytes=24297 forwarded=1
1786043943.960994 publish topic=ipi/airspan-followup-c2-rep2/latency/veh-001/ack bytes=240 forwarded=1
1786043944.300853 publish topic=ipi/airspan-followup-c2-rep2/latency/veh-001/request bytes=24297 forwarded=1
1786043944.301691 publish topic=ipi/airspan-followup-c2-rep2/latency/veh-001/ack bytes=240 forwarded=1
1786043944.641114 publish topic=ipi/airspan-followup-c2-rep2/latency/veh-001/request bytes=24297 forwarded=1
1786043944.641782 publish topic=ipi/airspan-followup-c2-rep2/latency/veh-001/ack bytes=240 forwarded=1
1786043944.961410 publish topic=ipi/airspan-followup-c2-rep2/latency/veh-001/request bytes=24297 forwarded=1
1786043944.962095 publish topic=ipi/airspan-followup-c2-rep2/latency/veh-001/ack bytes=240 forwarded=1
1786043945.272127 publish topic=ipi/airspan-followup-c2-rep2/latency/veh-001/request bytes=24297 forwarded=1
1786043945.272800 publish topic=ipi/airspan-followup-c2-rep2/latency/veh-001/ack bytes=240 forwarded=1
1786043945.622399 publish topic=ipi/airspan-followup-c2-rep2/latency/veh-001/request bytes=24297 forwarded=1
1786043945.622768 publish topic=ipi/airspan-followup-c2-rep2/latency/veh-001/ack bytes=240 forwarded=1
1786043945.963143 publish topic=ipi/airspan-followup-c2-rep2/latency/veh-001/request bytes=24297 forwarded=1
1786043945.963827 publish topic=ipi/airspan-followup-c2-rep2/latency/veh-001/ack bytes=240 forwarded=1
1786043946.293488 publish topic=ipi/airspan-followup-c2-rep2/latency/veh-001/request bytes=24297 forwarded=1
1786043946.294182 publish topic=ipi/airspan-followup-c2-rep2/latency/veh-001/ack bytes=240 forwarded=1
1786043946.644178 publish topic=ipi/airspan-followup-c2-rep2/latency/veh-001/request bytes=24297 forwarded=1
1786043946.644897 publish topic=ipi/airspan-followup-c2-rep2/latency/veh-001/ack bytes=240 forwarded=1
1786043946.964565 publish topic=ipi/airspan-followup-c2-rep2/latency/veh-001/request bytes=24297 forwarded=1
1786043946.965267 publish topic=ipi/airspan-followup-c2-rep2/latency/veh-001/ack bytes=240 forwarded=1
1786043947.304887 publish topic=ipi/airspan-followup-c2-rep2/latency/veh-001/request bytes=24297 forwarded=1
1786043947.305233 publish topic=ipi/airspan-followup-c2-rep2/latency/veh-001/ack bytes=240 forwarded=1
1786043947.655649 publish topic=ipi/airspan-followup-c2-rep2/latency/veh-001/request bytes=24297 forwarded=1
1786043947.656329 publish topic=ipi/airspan-followup-c2-rep2/latency/veh-001/ack bytes=240 forwarded=1
1786043947.975995 publish topic=ipi/airspan-followup-c2-rep2/latency/veh-001/request bytes=24297 forwarded=1
1786043947.976697 publish topic=ipi/airspan-followup-c2-rep2/latency/veh-001/ack bytes=240 forwarded=1
1786043948.316670 publish topic=ipi/airspan-followup-c2-rep2/latency/veh-001/request bytes=24297 forwarded=1
1786043948.317363 publish topic=ipi/airspan-followup-c2-rep2/latency/veh-001/ack bytes=240 forwarded=1
1786043948.656780 publish topic=ipi/airspan-followup-c2-rep2/latency/veh-001/request bytes=24297 forwarded=1
1786043948.657398 publish topic=ipi/airspan-followup-c2-rep2/latency/veh-001/ack bytes=240 forwarded=1
1786043948.966866 publish topic=ipi/airspan-followup-c2-rep2/latency/veh-001/request bytes=24297 forwarded=1
1786043948.967101 publish topic=ipi/airspan-followup-c2-rep2/latency/veh-001/ack bytes=240 forwarded=1
1786043949.307878 publish topic=ipi/airspan-followup-c2-rep2/latency/veh-001/request bytes=24297 forwarded=1
1786043949.308544 publish topic=ipi/airspan-followup-c2-rep2/latency/veh-001/ack bytes=240 forwarded=1
1786043949.637930 publish topic=ipi/airspan-followup-c2-rep2/latency/veh-001/request bytes=24297 forwarded=1
1786043949.638314 publish topic=ipi/airspan-followup-c2-rep2/latency/veh-001/ack bytes=240 forwarded=1
1786043949.958066 publish topic=ipi/airspan-followup-c2-rep2/latency/veh-001/request bytes=24297 forwarded=1
1786043949.958408 publish topic=ipi/airspan-followup-c2-rep2/latency/veh-001/ack bytes=240 forwarded=1
1786043950.288644 publish topic=ipi/airspan-followup-c2-rep2/latency/veh-001/request bytes=24297 forwarded=1
1786043950.289304 publish topic=ipi/airspan-followup-c2-rep2/latency/veh-001/ack bytes=240 forwarded=1
1786043950.629007 publish topic=ipi/airspan-followup-c2-rep2/latency/veh-001/request bytes=24297 forwarded=1
1786043950.629487 publish topic=ipi/airspan-followup-c2-rep2/latency/veh-001/ack bytes=240 forwarded=1
1786043950.989809 publish topic=ipi/airspan-followup-c2-rep2/latency/veh-001/request bytes=24297 forwarded=1
1786043950.990457 publish topic=ipi/airspan-followup-c2-rep2/latency/veh-001/ack bytes=240 forwarded=1
1786043951.400038 publish topic=ipi/airspan-followup-c2-rep2/latency/veh-001/request bytes=24297 forwarded=1
1786043951.400739 publish topic=ipi/airspan-followup-c2-rep2/latency/veh-001/ack bytes=240 forwarded=1
1786043951.820389 publish topic=ipi/airspan-followup-c2-rep2/latency/veh-001/request bytes=24297 forwarded=1
1786043951.821165 publish topic=ipi/airspan-followup-c2-rep2/latency/veh-001/ack bytes=240 forwarded=1
1786043952.160779 publish topic=ipi/airspan-followup-c2-rep2/latency/veh-001/request bytes=24297 forwarded=1
1786043952.161145 publish topic=ipi/airspan-followup-c2-rep2/latency/veh-001/ack bytes=240 forwarded=1
1786043952.501082 publish topic=ipi/airspan-followup-c2-rep2/latency/veh-001/request bytes=24297 forwarded=1
1786043952.501526 publish topic=ipi/airspan-followup-c2-rep2/latency/veh-001/ack bytes=240 forwarded=1
1786043952.821847 publish topic=ipi/airspan-followup-c2-rep2/latency/veh-001/request bytes=24297 forwarded=1
1786043952.822680 publish topic=ipi/airspan-followup-c2-rep2/latency/veh-001/ack bytes=240 forwarded=1
1786043953.152107 publish topic=ipi/airspan-followup-c2-rep2/latency/veh-001/request bytes=24297 forwarded=1
1786043953.152796 publish topic=ipi/airspan-followup-c2-rep2/latency/veh-001/ack bytes=240 forwarded=1
1786043953.512591 publish topic=ipi/airspan-followup-c2-rep2/latency/veh-001/request bytes=24297 forwarded=1
1786043953.513303 publish topic=ipi/airspan-followup-c2-rep2/latency/veh-001/ack bytes=240 forwarded=1
1786043953.832949 publish topic=ipi/airspan-followup-c2-rep2/latency/veh-001/request bytes=24297 forwarded=1
1786043953.833608 publish topic=ipi/airspan-followup-c2-rep2/latency/veh-001/ack bytes=240 forwarded=1
1786043954.153207 publish topic=ipi/airspan-followup-c2-rep2/latency/veh-001/request bytes=24297 forwarded=1
1786043954.153941 publish topic=ipi/airspan-followup-c2-rep2/latency/veh-001/ack bytes=240 forwarded=1
1786043954.493814 publish topic=ipi/airspan-followup-c2-rep2/latency/veh-001/request bytes=24297 forwarded=1
1786043954.494503 publish topic=ipi/airspan-followup-c2-rep2/latency/veh-001/ack bytes=240 forwarded=1
1786043954.804340 publish topic=ipi/airspan-followup-c2-rep2/latency/veh-001/request bytes=24297 forwarded=1
1786043954.804990 publish topic=ipi/airspan-followup-c2-rep2/latency/veh-001/ack bytes=240 forwarded=1
1786043955.134507 publish topic=ipi/airspan-followup-c2-rep2/latency/veh-001/request bytes=24297 forwarded=1
1786043955.134858 publish topic=ipi/airspan-followup-c2-rep2/latency/veh-001/ack bytes=240 forwarded=1
1786043955.454951 publish topic=ipi/airspan-followup-c2-rep2/latency/veh-001/request bytes=24297 forwarded=1
1786043955.455565 publish topic=ipi/airspan-followup-c2-rep2/latency/veh-001/ack bytes=240 forwarded=1
1786043955.765619 publish topic=ipi/airspan-followup-c2-rep2/latency/veh-001/request bytes=24297 forwarded=1
1786043955.766239 publish topic=ipi/airspan-followup-c2-rep2/latency/veh-001/ack bytes=240 forwarded=1
1786043956.096073 publish topic=ipi/airspan-followup-c2-rep2/latency/veh-001/request bytes=24297 forwarded=1
1786043956.096791 publish topic=ipi/airspan-followup-c2-rep2/latency/veh-001/ack bytes=240 forwarded=1
1786043956.406556 publish topic=ipi/airspan-followup-c2-rep2/latency/veh-001/request bytes=24297 forwarded=1
1786043956.407286 publish topic=ipi/airspan-followup-c2-rep2/latency/veh-001/ack bytes=240 forwarded=1
1786043956.736873 publish topic=ipi/airspan-followup-c2-rep2/latency/veh-001/request bytes=24297 forwarded=1
1786043956.737268 publish topic=ipi/airspan-followup-c2-rep2/latency/veh-001/ack bytes=240 forwarded=1
1786043957.067016 publish topic=ipi/airspan-followup-c2-rep2/latency/veh-001/request bytes=24297 forwarded=1
1786043957.067391 publish topic=ipi/airspan-followup-c2-rep2/latency/veh-001/ack bytes=240 forwarded=1
1786043957.397558 publish topic=ipi/airspan-followup-c2-rep2/latency/veh-001/request bytes=24297 forwarded=1
1786043957.397858 publish topic=ipi/airspan-followup-c2-rep2/latency/veh-001/ack bytes=240 forwarded=1
1786043957.718278 publish topic=ipi/airspan-followup-c2-rep2/latency/veh-001/request bytes=24297 forwarded=1
1786043957.718923 publish topic=ipi/airspan-followup-c2-rep2/latency/veh-001/ack bytes=240 forwarded=1
1786043958.048564 publish topic=ipi/airspan-followup-c2-rep2/latency/veh-001/request bytes=24297 forwarded=1
1786043958.049299 publish topic=ipi/airspan-followup-c2-rep2/latency/veh-001/ack bytes=240 forwarded=1
1786043958.369087 publish topic=ipi/airspan-followup-c2-rep2/latency/veh-001/request bytes=24297 forwarded=1
1786043958.369802 publish topic=ipi/airspan-followup-c2-rep2/latency/veh-001/ack bytes=240 forwarded=1
1786043958.709679 publish topic=ipi/airspan-followup-c2-rep2/latency/veh-001/request bytes=24297 forwarded=1
1786043958.710479 publish topic=ipi/airspan-followup-c2-rep2/latency/veh-001/ack bytes=240 forwarded=1
1786043959.039757 publish topic=ipi/airspan-followup-c2-rep2/latency/veh-001/request bytes=24297 forwarded=1
1786043959.040032 publish topic=ipi/airspan-followup-c2-rep2/latency/veh-001/ack bytes=240 forwarded=1
1786043959.370527 publish topic=ipi/airspan-followup-c2-rep2/latency/veh-001/request bytes=24297 forwarded=1
1786043959.371248 publish topic=ipi/airspan-followup-c2-rep2/latency/veh-001/ack bytes=240 forwarded=1
1786043959.681123 publish topic=ipi/airspan-followup-c2-rep2/latency/veh-001/request bytes=24297 forwarded=1
1786043959.681843 publish topic=ipi/airspan-followup-c2-rep2/latency/veh-001/ack bytes=240 forwarded=1
1786043960.011491 publish topic=ipi/airspan-followup-c2-rep2/latency/veh-001/request bytes=24297 forwarded=1
1786043960.012210 publish topic=ipi/airspan-followup-c2-rep2/latency/veh-001/ack bytes=240 forwarded=1
1786043960.372042 publish topic=ipi/airspan-followup-c2-rep2/latency/veh-001/request bytes=24297 forwarded=1
1786043960.372798 publish topic=ipi/airspan-followup-c2-rep2/latency/veh-001/ack bytes=240 forwarded=1
1786043960.682393 publish topic=ipi/airspan-followup-c2-rep2/latency/veh-001/request bytes=24297 forwarded=1
1786043960.683068 publish topic=ipi/airspan-followup-c2-rep2/latency/veh-001/ack bytes=240 forwarded=1
1786043961.022908 publish topic=ipi/airspan-followup-c2-rep2/latency/veh-001/request bytes=24297 forwarded=1
1786043961.023587 publish topic=ipi/airspan-followup-c2-rep2/latency/veh-001/ack bytes=240 forwarded=1
1786043961.323142 publish topic=ipi/airspan-followup-c2-rep2/latency/veh-001/request bytes=24297 forwarded=1
1786043961.323491 publish topic=ipi/airspan-followup-c2-rep2/latency/veh-001/ack bytes=240 forwarded=1
1786043961.643531 publish topic=ipi/airspan-followup-c2-rep2/latency/veh-001/request bytes=24297 forwarded=1
1786043961.644217 publish topic=ipi/airspan-followup-c2-rep2/latency/veh-001/ack bytes=240 forwarded=1
1786043961.984108 publish topic=ipi/airspan-followup-c2-rep2/latency/veh-001/request bytes=24297 forwarded=1
1786043961.984819 publish topic=ipi/airspan-followup-c2-rep2/latency/veh-001/ack bytes=240 forwarded=1
1786043962.334686 publish topic=ipi/airspan-followup-c2-rep2/latency/veh-001/request bytes=24297 forwarded=1
1786043962.335422 publish topic=ipi/airspan-followup-c2-rep2/latency/veh-001/ack bytes=240 forwarded=1
1786043962.655129 publish topic=ipi/airspan-followup-c2-rep2/latency/veh-001/request bytes=24297 forwarded=1
1786043962.655795 publish topic=ipi/airspan-followup-c2-rep2/latency/veh-001/ack bytes=240 forwarded=1
1786043962.965137 publish topic=ipi/airspan-followup-c2-rep2/latency/veh-001/request bytes=24297 forwarded=1
1786043962.965377 publish topic=ipi/airspan-followup-c2-rep2/latency/veh-001/ack bytes=240 forwarded=1
1786043963.285857 publish topic=ipi/airspan-followup-c2-rep2/latency/veh-001/request bytes=24297 forwarded=1
1786043963.286544 publish topic=ipi/airspan-followup-c2-rep2/latency/veh-001/ack bytes=240 forwarded=1
1786043963.606092 publish topic=ipi/airspan-followup-c2-rep2/latency/veh-001/request bytes=24297 forwarded=1
1786043963.606633 publish topic=ipi/airspan-followup-c2-rep2/latency/veh-001/ack bytes=240 forwarded=1
1786043963.936822 publish topic=ipi/airspan-followup-c2-rep2/latency/veh-001/request bytes=24297 forwarded=1
1786043963.937502 publish topic=ipi/airspan-followup-c2-rep2/latency/veh-001/ack bytes=240 forwarded=1
1786043964.287522 publish topic=ipi/airspan-followup-c2-rep2/latency/veh-001/request bytes=24297 forwarded=1
1786043964.288195 publish topic=ipi/airspan-followup-c2-rep2/latency/veh-001/ack bytes=240 forwarded=1
1786043964.597514 publish topic=ipi/airspan-followup-c2-rep2/latency/veh-001/request bytes=24297 forwarded=1
1786043964.597971 publish topic=ipi/airspan-followup-c2-rep2/latency/veh-001/ack bytes=240 forwarded=1
1786043964.907985 publish topic=ipi/airspan-followup-c2-rep2/latency/veh-001/request bytes=24297 forwarded=1
1786043964.908660 publish topic=ipi/airspan-followup-c2-rep2/latency/veh-001/ack bytes=240 forwarded=1
1786043965.228267 publish topic=ipi/airspan-followup-c2-rep2/latency/veh-001/request bytes=24297 forwarded=1
1786043965.228674 publish topic=ipi/airspan-followup-c2-rep2/latency/veh-001/ack bytes=240 forwarded=1
1786043965.568897 publish topic=ipi/airspan-followup-c2-rep2/latency/veh-001/request bytes=24297 forwarded=1
1786043965.569580 publish topic=ipi/airspan-followup-c2-rep2/latency/veh-001/ack bytes=240 forwarded=1
1786043965.959227 publish topic=ipi/airspan-followup-c2-rep2/latency/veh-001/request bytes=24297 forwarded=1
1786043965.959920 publish topic=ipi/airspan-followup-c2-rep2/latency/veh-001/ack bytes=240 forwarded=1
1786043966.309695 publish topic=ipi/airspan-followup-c2-rep2/latency/veh-001/request bytes=24297 forwarded=1
1786043966.310379 publish topic=ipi/airspan-followup-c2-rep2/latency/veh-001/ack bytes=240 forwarded=1
1786043966.630029 publish topic=ipi/airspan-followup-c2-rep2/latency/veh-001/request bytes=24297 forwarded=1
1786043966.630633 publish topic=ipi/airspan-followup-c2-rep2/latency/veh-001/ack bytes=240 forwarded=1
1786043966.990665 publish topic=ipi/airspan-followup-c2-rep2/latency/veh-001/request bytes=24297 forwarded=1
1786043966.991292 publish topic=ipi/airspan-followup-c2-rep2/latency/veh-001/ack bytes=240 forwarded=1
1786043967.341028 publish topic=ipi/airspan-followup-c2-rep2/latency/veh-001/request bytes=24297 forwarded=1
1786043967.341687 publish topic=ipi/airspan-followup-c2-rep2/latency/veh-001/ack bytes=240 forwarded=1
1786043967.681497 publish topic=ipi/airspan-followup-c2-rep2/latency/veh-001/request bytes=24297 forwarded=1
1786043967.681979 publish topic=ipi/airspan-followup-c2-rep2/latency/veh-001/ack bytes=240 forwarded=1
1786043968.001631 publish topic=ipi/airspan-followup-c2-rep2/latency/veh-001/request bytes=24297 forwarded=1
1786043968.001888 publish topic=ipi/airspan-followup-c2-rep2/latency/veh-001/ack bytes=240 forwarded=1
1786043968.342224 publish topic=ipi/airspan-followup-c2-rep2/latency/veh-001/request bytes=24297 forwarded=1
1786043968.342667 publish topic=ipi/airspan-followup-c2-rep2/latency/veh-001/ack bytes=240 forwarded=1
1786043968.702704 publish topic=ipi/airspan-followup-c2-rep2/latency/veh-001/request bytes=24297 forwarded=1
1786043968.703043 publish topic=ipi/airspan-followup-c2-rep2/latency/veh-001/ack bytes=240 forwarded=1
1786043969.033274 publish topic=ipi/airspan-followup-c2-rep2/latency/veh-001/request bytes=24297 forwarded=1
1786043969.033979 publish topic=ipi/airspan-followup-c2-rep2/latency/veh-001/ack bytes=240 forwarded=1
1786043969.363280 publish topic=ipi/airspan-followup-c2-rep2/latency/veh-001/request bytes=24297 forwarded=1
1786043969.363670 publish topic=ipi/airspan-followup-c2-rep2/latency/veh-001/ack bytes=240 forwarded=1
1786043969.693677 publish topic=ipi/airspan-followup-c2-rep2/latency/veh-001/request bytes=24297 forwarded=1
1786043969.694105 publish topic=ipi/airspan-followup-c2-rep2/latency/veh-001/ack bytes=240 forwarded=1
1786043970.024281 publish topic=ipi/airspan-followup-c2-rep2/latency/veh-001/request bytes=24297 forwarded=1
1786043970.024693 publish topic=ipi/airspan-followup-c2-rep2/latency/veh-001/ack bytes=240 forwarded=1
1786043970.344684 publish topic=ipi/airspan-followup-c2-rep2/latency/veh-001/request bytes=24297 forwarded=1
1786043970.345564 publish topic=ipi/airspan-followup-c2-rep2/latency/veh-001/ack bytes=240 forwarded=1
1786043970.675197 publish topic=ipi/airspan-followup-c2-rep2/latency/veh-001/request bytes=24297 forwarded=1
1786043970.675827 publish topic=ipi/airspan-followup-c2-rep2/latency/veh-001/ack bytes=240 forwarded=1
1786043971.005559 publish topic=ipi/airspan-followup-c2-rep2/latency/veh-001/request bytes=24297 forwarded=1
1786043971.006187 publish topic=ipi/airspan-followup-c2-rep2/latency/veh-001/ack bytes=240 forwarded=1
1786043971.385686 publish topic=ipi/airspan-followup-c2-rep2/latency/veh-001/request bytes=24297 forwarded=1
1786043971.385896 publish topic=ipi/airspan-followup-c2-rep2/latency/veh-001/ack bytes=240 forwarded=1
1786043971.716457 publish topic=ipi/airspan-followup-c2-rep2/latency/veh-001/request bytes=24297 forwarded=1
1786043971.717132 publish topic=ipi/airspan-followup-c2-rep2/latency/veh-001/ack bytes=240 forwarded=1
1786043972.047083 publish topic=ipi/airspan-followup-c2-rep2/latency/veh-001/request bytes=24297 forwarded=1
1786043972.047705 publish topic=ipi/airspan-followup-c2-rep2/latency/veh-001/ack bytes=240 forwarded=1
1786043972.357215 publish topic=ipi/airspan-followup-c2-rep2/latency/veh-001/request bytes=24297 forwarded=1
1786043972.357964 publish topic=ipi/airspan-followup-c2-rep2/latency/veh-001/ack bytes=240 forwarded=1
1786043972.687626 publish topic=ipi/airspan-followup-c2-rep2/latency/veh-001/request bytes=24297 forwarded=1
1786043972.688313 publish topic=ipi/airspan-followup-c2-rep2/latency/veh-001/ack bytes=240 forwarded=1
1786043973.007581 publish topic=ipi/airspan-followup-c2-rep2/latency/veh-001/request bytes=24297 forwarded=1
1786043973.007820 publish topic=ipi/airspan-followup-c2-rep2/latency/veh-001/ack bytes=240 forwarded=1
1786043973.318460 publish topic=ipi/airspan-followup-c2-rep2/latency/veh-001/request bytes=24297 forwarded=1
1786043973.319143 publish topic=ipi/airspan-followup-c2-rep2/latency/veh-001/ack bytes=240 forwarded=1
1786043973.758957 publish topic=ipi/airspan-followup-c2-rep2/latency/veh-001/request bytes=24297 forwarded=1
1786043973.759627 publish topic=ipi/airspan-followup-c2-rep2/latency/veh-001/ack bytes=240 forwarded=1
1786043974.259629 publish topic=ipi/airspan-followup-c2-rep2/latency/veh-001/request bytes=24297 forwarded=1
1786043974.260317 publish topic=ipi/airspan-followup-c2-rep2/latency/veh-001/ack bytes=240 forwarded=1
1786043974.570274 publish topic=ipi/airspan-followup-c2-rep2/latency/veh-001/request bytes=24297 forwarded=1
1786043974.570976 publish topic=ipi/airspan-followup-c2-rep2/latency/veh-001/ack bytes=240 forwarded=1
1786043974.880655 publish topic=ipi/airspan-followup-c2-rep2/latency/veh-001/request bytes=24297 forwarded=1
1786043974.881285 publish topic=ipi/airspan-followup-c2-rep2/latency/veh-001/ack bytes=240 forwarded=1
1786043975.210978 publish topic=ipi/airspan-followup-c2-rep2/latency/veh-001/request bytes=24297 forwarded=1
1786043975.211642 publish topic=ipi/airspan-followup-c2-rep2/latency/veh-001/ack bytes=240 forwarded=1
1786043975.551430 publish topic=ipi/airspan-followup-c2-rep2/latency/veh-001/request bytes=24297 forwarded=1
1786043975.552058 publish topic=ipi/airspan-followup-c2-rep2/latency/veh-001/ack bytes=240 forwarded=1
1786043975.891935 publish topic=ipi/airspan-followup-c2-rep2/latency/veh-001/request bytes=24297 forwarded=1
1786043975.892470 publish topic=ipi/airspan-followup-c2-rep2/latency/veh-001/ack bytes=240 forwarded=1
1786043976.242469 publish topic=ipi/airspan-followup-c2-rep2/latency/veh-001/request bytes=24297 forwarded=1
1786043976.243107 publish topic=ipi/airspan-followup-c2-rep2/latency/veh-001/ack bytes=240 forwarded=1
1786043976.562864 publish topic=ipi/airspan-followup-c2-rep2/latency/veh-001/request bytes=24297 forwarded=1
1786043976.563525 publish topic=ipi/airspan-followup-c2-rep2/latency/veh-001/ack bytes=240 forwarded=1
1786043976.883255 publish topic=ipi/airspan-followup-c2-rep2/latency/veh-001/request bytes=24297 forwarded=1
1786043976.884027 publish topic=ipi/airspan-followup-c2-rep2/latency/veh-001/ack bytes=240 forwarded=1
1786043977.233707 publish topic=ipi/airspan-followup-c2-rep2/latency/veh-001/request bytes=24297 forwarded=1
1786043977.234334 publish topic=ipi/airspan-followup-c2-rep2/latency/veh-001/ack bytes=240 forwarded=1
1786043977.554159 publish topic=ipi/airspan-followup-c2-rep2/latency/veh-001/request bytes=24297 forwarded=1
1786043977.554859 publish topic=ipi/airspan-followup-c2-rep2/latency/veh-001/ack bytes=240 forwarded=1
1786043977.894478 publish topic=ipi/airspan-followup-c2-rep2/latency/veh-001/request bytes=24297 forwarded=1
1786043977.895136 publish topic=ipi/airspan-followup-c2-rep2/latency/veh-001/ack bytes=240 forwarded=1
1786043978.234934 publish topic=ipi/airspan-followup-c2-rep2/latency/veh-001/request bytes=24297 forwarded=1
1786043978.235610 publish topic=ipi/airspan-followup-c2-rep2/latency/veh-001/ack bytes=240 forwarded=1
1786043978.565067 publish topic=ipi/airspan-followup-c2-rep2/latency/veh-001/request bytes=24297 forwarded=1
1786043978.565349 publish topic=ipi/airspan-followup-c2-rep2/latency/veh-001/ack bytes=240 forwarded=1
1786043978.875597 publish topic=ipi/airspan-followup-c2-rep2/latency/veh-001/request bytes=24297 forwarded=1
1786043978.876250 publish topic=ipi/airspan-followup-c2-rep2/latency/veh-001/ack bytes=240 forwarded=1
1786043979.186126 publish topic=ipi/airspan-followup-c2-rep2/latency/veh-001/request bytes=24297 forwarded=1
1786043979.186471 publish topic=ipi/airspan-followup-c2-rep2/latency/veh-001/ack bytes=240 forwarded=1
1786043979.486569 publish topic=ipi/airspan-followup-c2-rep2/latency/veh-001/request bytes=24297 forwarded=1
1786043979.487085 publish topic=ipi/airspan-followup-c2-rep2/latency/veh-001/ack bytes=240 forwarded=1
1786043979.827191 publish topic=ipi/airspan-followup-c2-rep2/latency/veh-001/request bytes=24297 forwarded=1
1786043979.827825 publish topic=ipi/airspan-followup-c2-rep2/latency/veh-001/ack bytes=240 forwarded=1
1786043980.157565 publish topic=ipi/airspan-followup-c2-rep2/latency/veh-001/request bytes=24297 forwarded=1
1786043980.158192 publish topic=ipi/airspan-followup-c2-rep2/latency/veh-001/ack bytes=240 forwarded=1
1786043980.487958 publish topic=ipi/airspan-followup-c2-rep2/latency/veh-001/request bytes=24297 forwarded=1
1786043980.488411 publish topic=ipi/airspan-followup-c2-rep2/latency/veh-001/ack bytes=240 forwarded=1
1786043980.798606 publish topic=ipi/airspan-followup-c2-rep2/latency/veh-001/request bytes=24297 forwarded=1
1786043980.799229 publish topic=ipi/airspan-followup-c2-rep2/latency/veh-001/ack bytes=240 forwarded=1
1786043981.128706 publish topic=ipi/airspan-followup-c2-rep2/latency/veh-001/request bytes=24297 forwarded=1
1786043981.129419 publish topic=ipi/airspan-followup-c2-rep2/latency/veh-001/ack bytes=240 forwarded=1
1786043981.448719 publish topic=ipi/airspan-followup-c2-rep2/latency/veh-001/request bytes=24297 forwarded=1
1786043981.448929 publish topic=ipi/airspan-followup-c2-rep2/latency/veh-001/ack bytes=240 forwarded=1
1786043981.769387 publish topic=ipi/airspan-followup-c2-rep2/latency/veh-001/request bytes=24297 forwarded=1
1786043981.770064 publish topic=ipi/airspan-followup-c2-rep2/latency/veh-001/ack bytes=240 forwarded=1
1786043982.109741 publish topic=ipi/airspan-followup-c2-rep2/latency/veh-001/request bytes=24297 forwarded=1
1786043982.110415 publish topic=ipi/airspan-followup-c2-rep2/latency/veh-001/ack bytes=240 forwarded=1
1786043982.570164 publish topic=ipi/airspan-followup-c2-rep2/latency/veh-001/request bytes=24297 forwarded=1
1786043982.570584 publish topic=ipi/airspan-followup-c2-rep2/latency/veh-001/ack bytes=240 forwarded=1
1786043982.910746 publish topic=ipi/airspan-followup-c2-rep2/latency/veh-001/request bytes=24297 forwarded=1
1786043982.911400 publish topic=ipi/airspan-followup-c2-rep2/latency/veh-001/ack bytes=240 forwarded=1
1786043983.250700 publish topic=ipi/airspan-followup-c2-rep2/latency/veh-001/request bytes=24297 forwarded=1
1786043983.250925 publish topic=ipi/airspan-followup-c2-rep2/latency/veh-001/ack bytes=240 forwarded=1
1786043983.571333 publish topic=ipi/airspan-followup-c2-rep2/latency/veh-001/request bytes=24297 forwarded=1
1786043983.571973 publish topic=ipi/airspan-followup-c2-rep2/latency/veh-001/ack bytes=240 forwarded=1
1786043983.911744 publish topic=ipi/airspan-followup-c2-rep2/latency/veh-001/request bytes=24297 forwarded=1
1786043983.912425 publish topic=ipi/airspan-followup-c2-rep2/latency/veh-001/ack bytes=240 forwarded=1
1786043984.262029 publish topic=ipi/airspan-followup-c2-rep2/latency/veh-001/request bytes=24297 forwarded=1
1786043984.262307 publish topic=ipi/airspan-followup-c2-rep2/latency/veh-001/ack bytes=240 forwarded=1
1786043984.572687 publish topic=ipi/airspan-followup-c2-rep2/latency/veh-001/request bytes=24297 forwarded=1
1786043984.573330 publish topic=ipi/airspan-followup-c2-rep2/latency/veh-001/ack bytes=240 forwarded=1
1786043984.902810 publish topic=ipi/airspan-followup-c2-rep2/latency/veh-001/request bytes=24297 forwarded=1
1786043984.903490 publish topic=ipi/airspan-followup-c2-rep2/latency/veh-001/ack bytes=240 forwarded=1
1786043985.203284 publish topic=ipi/airspan-followup-c2-rep2/latency/veh-001/request bytes=24297 forwarded=1
1786043985.203962 publish topic=ipi/airspan-followup-c2-rep2/latency/veh-001/ack bytes=240 forwarded=1
1786043985.543753 publish topic=ipi/airspan-followup-c2-rep2/latency/veh-001/request bytes=24297 forwarded=1
1786043985.544447 publish topic=ipi/airspan-followup-c2-rep2/latency/veh-001/ack bytes=240 forwarded=1
1786043985.873771 publish topic=ipi/airspan-followup-c2-rep2/latency/veh-001/request bytes=24297 forwarded=1
1786043985.873988 publish topic=ipi/airspan-followup-c2-rep2/latency/veh-001/ack bytes=240 forwarded=1
1786043986.204237 publish topic=ipi/airspan-followup-c2-rep2/latency/veh-001/request bytes=24297 forwarded=1
1786043986.204981 publish topic=ipi/airspan-followup-c2-rep2/latency/veh-001/ack bytes=240 forwarded=1
1786043986.524485 publish topic=ipi/airspan-followup-c2-rep2/latency/veh-001/request bytes=24297 forwarded=1
1786043986.524780 publish topic=ipi/airspan-followup-c2-rep2/latency/veh-001/ack bytes=240 forwarded=1
1786043986.885002 publish topic=ipi/airspan-followup-c2-rep2/latency/veh-001/request bytes=24297 forwarded=1
1786043986.885622 publish topic=ipi/airspan-followup-c2-rep2/latency/veh-001/ack bytes=240 forwarded=1
1786043987.205509 publish topic=ipi/airspan-followup-c2-rep2/latency/veh-001/request bytes=24297 forwarded=1
1786043987.206141 publish topic=ipi/airspan-followup-c2-rep2/latency/veh-001/ack bytes=240 forwarded=1
1786043987.545568 publish topic=ipi/airspan-followup-c2-rep2/latency/veh-001/request bytes=24297 forwarded=1
1786043987.546291 publish topic=ipi/airspan-followup-c2-rep2/latency/veh-001/ack bytes=240 forwarded=1
1786043987.855707 publish topic=ipi/airspan-followup-c2-rep2/latency/veh-001/request bytes=24297 forwarded=1
1786043987.856341 publish topic=ipi/airspan-followup-c2-rep2/latency/veh-001/ack bytes=240 forwarded=1
1786043988.176068 publish topic=ipi/airspan-followup-c2-rep2/latency/veh-001/request bytes=24297 forwarded=1
1786043988.176429 publish topic=ipi/airspan-followup-c2-rep2/latency/veh-001/ack bytes=240 forwarded=1
1786043988.496817 publish topic=ipi/airspan-followup-c2-rep2/latency/veh-001/request bytes=24297 forwarded=1
1786043988.497493 publish topic=ipi/airspan-followup-c2-rep2/latency/veh-001/ack bytes=240 forwarded=1
1786043988.847216 publish topic=ipi/airspan-followup-c2-rep2/latency/veh-001/request bytes=24297 forwarded=1
1786043988.847922 publish topic=ipi/airspan-followup-c2-rep2/latency/veh-001/ack bytes=240 forwarded=1
1786043989.187584 publish topic=ipi/airspan-followup-c2-rep2/latency/veh-001/request bytes=24297 forwarded=1
1786043989.188339 publish topic=ipi/airspan-followup-c2-rep2/latency/veh-001/ack bytes=240 forwarded=1
1786043989.518174 publish topic=ipi/airspan-followup-c2-rep2/latency/veh-001/request bytes=24297 forwarded=1
1786043989.518895 publish topic=ipi/airspan-followup-c2-rep2/latency/veh-001/ack bytes=240 forwarded=1
1786043989.828466 publish topic=ipi/airspan-followup-c2-rep2/latency/veh-001/request bytes=24297 forwarded=1
1786043989.828851 publish topic=ipi/airspan-followup-c2-rep2/latency/veh-001/ack bytes=240 forwarded=1
1786043990.149176 publish topic=ipi/airspan-followup-c2-rep2/latency/veh-001/request bytes=24297 forwarded=1
1786043990.149867 publish topic=ipi/airspan-followup-c2-rep2/latency/veh-001/ack bytes=240 forwarded=1
1786043990.469485 publish topic=ipi/airspan-followup-c2-rep2/latency/veh-001/request bytes=24297 forwarded=1
1786043990.469802 publish topic=ipi/airspan-followup-c2-rep2/latency/veh-001/ack bytes=240 forwarded=1
1786043990.769933 publish topic=ipi/airspan-followup-c2-rep2/latency/veh-001/request bytes=24297 forwarded=1
1786043990.770617 publish topic=ipi/airspan-followup-c2-rep2/latency/veh-001/ack bytes=240 forwarded=1
1786043991.110341 publish topic=ipi/airspan-followup-c2-rep2/latency/veh-001/request bytes=24297 forwarded=1
1786043991.111012 publish topic=ipi/airspan-followup-c2-rep2/latency/veh-001/ack bytes=240 forwarded=1
1786043991.440811 publish topic=ipi/airspan-followup-c2-rep2/latency/veh-001/request bytes=24297 forwarded=1
1786043991.441473 publish topic=ipi/airspan-followup-c2-rep2/latency/veh-001/ack bytes=240 forwarded=1
1786043991.741229 publish topic=ipi/airspan-followup-c2-rep2/latency/veh-001/request bytes=24297 forwarded=1
1786043991.741903 publish topic=ipi/airspan-followup-c2-rep2/latency/veh-001/ack bytes=240 forwarded=1
1786043992.051655 publish topic=ipi/airspan-followup-c2-rep2/latency/veh-001/request bytes=24297 forwarded=1
1786043992.052376 publish topic=ipi/airspan-followup-c2-rep2/latency/veh-001/ack bytes=240 forwarded=1
1786043992.371968 publish topic=ipi/airspan-followup-c2-rep2/latency/veh-001/request bytes=24297 forwarded=1
1786043992.372773 publish topic=ipi/airspan-followup-c2-rep2/latency/veh-001/ack bytes=240 forwarded=1
1786043992.712656 publish topic=ipi/airspan-followup-c2-rep2/latency/veh-001/request bytes=24297 forwarded=1
1786043992.713359 publish topic=ipi/airspan-followup-c2-rep2/latency/veh-001/ack bytes=240 forwarded=1
1786043993.023147 publish topic=ipi/airspan-followup-c2-rep2/latency/veh-001/request bytes=24297 forwarded=1
1786043993.023798 publish topic=ipi/airspan-followup-c2-rep2/latency/veh-001/ack bytes=240 forwarded=1
1786043993.343404 publish topic=ipi/airspan-followup-c2-rep2/latency/veh-001/request bytes=24297 forwarded=1
1786043993.344155 publish topic=ipi/airspan-followup-c2-rep2/latency/veh-001/ack bytes=240 forwarded=1
1786043993.663802 publish topic=ipi/airspan-followup-c2-rep2/latency/veh-001/request bytes=24297 forwarded=1
1786043993.664519 publish topic=ipi/airspan-followup-c2-rep2/latency/veh-001/ack bytes=240 forwarded=1
1786043993.964438 publish topic=ipi/airspan-followup-c2-rep2/latency/veh-001/request bytes=24297 forwarded=1
1786043993.965134 publish topic=ipi/airspan-followup-c2-rep2/latency/veh-001/ack bytes=240 forwarded=1
1786043994.324361 publish topic=ipi/airspan-followup-c2-rep2/latency/veh-001/request bytes=24297 forwarded=1
1786043994.324809 publish topic=ipi/airspan-followup-c2-rep2/latency/veh-001/ack bytes=240 forwarded=1
1786043994.615116 publish topic=ipi/airspan-followup-c2-rep2/latency/veh-001/request bytes=24297 forwarded=1
1786043994.615689 publish topic=ipi/airspan-followup-c2-rep2/latency/veh-001/ack bytes=240 forwarded=1
1786043994.925184 publish topic=ipi/airspan-followup-c2-rep2/latency/veh-001/request bytes=24297 forwarded=1
1786043994.925691 publish topic=ipi/airspan-followup-c2-rep2/latency/veh-001/ack bytes=240 forwarded=1
1786043995.215917 publish topic=ipi/airspan-followup-c2-rep2/latency/veh-001/request bytes=24297 forwarded=1
1786043995.216672 publish topic=ipi/airspan-followup-c2-rep2/latency/veh-001/ack bytes=240 forwarded=1
1786043995.496212 publish topic=ipi/airspan-followup-c2-rep2/latency/veh-001/request bytes=24297 forwarded=1
1786043995.496934 publish topic=ipi/airspan-followup-c2-rep2/latency/veh-001/ack bytes=240 forwarded=1
1786043995.786692 publish topic=ipi/airspan-followup-c2-rep2/latency/veh-001/request bytes=24297 forwarded=1
1786043995.787374 publish topic=ipi/airspan-followup-c2-rep2/latency/veh-001/ack bytes=240 forwarded=1
1786043996.087089 publish topic=ipi/airspan-followup-c2-rep2/latency/veh-001/request bytes=24297 forwarded=1
1786043996.087775 publish topic=ipi/airspan-followup-c2-rep2/latency/veh-001/ack bytes=240 forwarded=1
1786043996.437627 publish topic=ipi/airspan-followup-c2-rep2/latency/veh-001/request bytes=24297 forwarded=1
1786043996.438298 publish topic=ipi/airspan-followup-c2-rep2/latency/veh-001/ack bytes=240 forwarded=1
1786043996.767935 publish topic=ipi/airspan-followup-c2-rep2/latency/veh-001/request bytes=24297 forwarded=1
1786043996.768654 publish topic=ipi/airspan-followup-c2-rep2/latency/veh-001/ack bytes=240 forwarded=1
1786043997.048345 publish topic=ipi/airspan-followup-c2-rep2/latency/veh-001/request bytes=24297 forwarded=1
1786043997.049063 publish topic=ipi/airspan-followup-c2-rep2/latency/veh-001/ack bytes=240 forwarded=1
1786043997.348737 publish topic=ipi/airspan-followup-c2-rep2/latency/veh-001/request bytes=24297 forwarded=1
1786043997.350249 publish topic=ipi/airspan-followup-c2-rep2/latency/veh-001/ack bytes=240 forwarded=1
1786043997.639493 publish topic=ipi/airspan-followup-c2-rep2/latency/veh-001/request bytes=24297 forwarded=1
1786043997.640168 publish topic=ipi/airspan-followup-c2-rep2/latency/veh-001/ack bytes=240 forwarded=1
1786043997.969936 publish topic=ipi/airspan-followup-c2-rep2/latency/veh-001/request bytes=24297 forwarded=1
1786043997.970590 publish topic=ipi/airspan-followup-c2-rep2/latency/veh-001/ack bytes=240 forwarded=1
1786043998.290300 publish topic=ipi/airspan-followup-c2-rep2/latency/veh-001/request bytes=24297 forwarded=1
1786043998.290585 publish topic=ipi/airspan-followup-c2-rep2/latency/veh-001/ack bytes=240 forwarded=1
1786043998.611351 publish topic=ipi/airspan-followup-c2-rep2/latency/veh-001/request bytes=24297 forwarded=1
1786043998.612037 publish topic=ipi/airspan-followup-c2-rep2/latency/veh-001/ack bytes=240 forwarded=1
1786043998.951799 publish topic=ipi/airspan-followup-c2-rep2/latency/veh-001/request bytes=24297 forwarded=1
1786043998.952482 publish topic=ipi/airspan-followup-c2-rep2/latency/veh-001/ack bytes=240 forwarded=1
1786043999.272299 publish topic=ipi/airspan-followup-c2-rep2/latency/veh-001/request bytes=24297 forwarded=1
1786043999.273014 publish topic=ipi/airspan-followup-c2-rep2/latency/veh-001/ack bytes=240 forwarded=1
1786043999.592860 publish topic=ipi/airspan-followup-c2-rep2/latency/veh-001/request bytes=24297 forwarded=1
1786043999.593532 publish topic=ipi/airspan-followup-c2-rep2/latency/veh-001/ack bytes=240 forwarded=1
1786043999.903203 publish topic=ipi/airspan-followup-c2-rep2/latency/veh-001/request bytes=24297 forwarded=1
1786043999.903594 publish topic=ipi/airspan-followup-c2-rep2/latency/veh-001/ack bytes=240 forwarded=1
1786044000.234008 publish topic=ipi/airspan-followup-c2-rep2/latency/veh-001/request bytes=24297 forwarded=1
1786044000.234694 publish topic=ipi/airspan-followup-c2-rep2/latency/veh-001/ack bytes=240 forwarded=1
1786044000.544472 publish topic=ipi/airspan-followup-c2-rep2/latency/veh-001/request bytes=24297 forwarded=1
1786044000.545223 publish topic=ipi/airspan-followup-c2-rep2/latency/veh-001/ack bytes=240 forwarded=1
1786044000.874998 publish topic=ipi/airspan-followup-c2-rep2/latency/veh-001/request bytes=24297 forwarded=1
1786044000.875682 publish topic=ipi/airspan-followup-c2-rep2/latency/veh-001/ack bytes=240 forwarded=1
1786044001.215436 publish topic=ipi/airspan-followup-c2-rep2/latency/veh-001/request bytes=24297 forwarded=1
1786044001.216125 publish topic=ipi/airspan-followup-c2-rep2/latency/veh-001/ack bytes=240 forwarded=1
1786044001.566224 publish topic=ipi/airspan-followup-c2-rep2/latency/veh-001/request bytes=24297 forwarded=1
1786044001.566888 publish topic=ipi/airspan-followup-c2-rep2/latency/veh-001/ack bytes=240 forwarded=1
1786044001.876249 publish topic=ipi/airspan-followup-c2-rep2/latency/veh-001/request bytes=24297 forwarded=1
1786044001.876552 publish topic=ipi/airspan-followup-c2-rep2/latency/veh-001/ack bytes=240 forwarded=1
1786044002.206996 publish topic=ipi/airspan-followup-c2-rep2/latency/veh-001/request bytes=24297 forwarded=1
1786044002.207366 publish topic=ipi/airspan-followup-c2-rep2/latency/veh-001/ack bytes=240 forwarded=1
1786044002.547773 publish topic=ipi/airspan-followup-c2-rep2/latency/veh-001/request bytes=24297 forwarded=1
1786044002.548414 publish topic=ipi/airspan-followup-c2-rep2/latency/veh-001/ack bytes=240 forwarded=1
1786044002.878314 publish topic=ipi/airspan-followup-c2-rep2/latency/veh-001/request bytes=24297 forwarded=1
1786044002.878998 publish topic=ipi/airspan-followup-c2-rep2/latency/veh-001/ack bytes=240 forwarded=1
1786044003.198816 publish topic=ipi/airspan-followup-c2-rep2/latency/veh-001/request bytes=24297 forwarded=1
1786044003.199464 publish topic=ipi/airspan-followup-c2-rep2/latency/veh-001/ack bytes=240 forwarded=1
1786044003.519457 publish topic=ipi/airspan-followup-c2-rep2/latency/veh-001/request bytes=24297 forwarded=1
1786044003.520134 publish topic=ipi/airspan-followup-c2-rep2/latency/veh-001/ack bytes=240 forwarded=1
1786044003.849832 publish topic=ipi/airspan-followup-c2-rep2/latency/veh-001/request bytes=24297 forwarded=1
1786044003.850491 publish topic=ipi/airspan-followup-c2-rep2/latency/veh-001/ack bytes=240 forwarded=1
1786044004.170493 publish topic=ipi/airspan-followup-c2-rep2/latency/veh-001/request bytes=24297 forwarded=1
1786044004.171140 publish topic=ipi/airspan-followup-c2-rep2/latency/veh-001/ack bytes=240 forwarded=1
1786044004.531191 publish topic=ipi/airspan-followup-c2-rep2/latency/veh-001/request bytes=24297 forwarded=1
1786044004.531900 publish topic=ipi/airspan-followup-c2-rep2/latency/veh-001/ack bytes=240 forwarded=1
1786044004.851729 publish topic=ipi/airspan-followup-c2-rep2/latency/veh-001/request bytes=24297 forwarded=1
1786044004.852433 publish topic=ipi/airspan-followup-c2-rep2/latency/veh-001/ack bytes=240 forwarded=1
1786044005.152279 publish topic=ipi/airspan-followup-c2-rep2/latency/veh-001/request bytes=24297 forwarded=1
1786044005.152995 publish topic=ipi/airspan-followup-c2-rep2/latency/veh-001/ack bytes=240 forwarded=1
1786044005.482836 publish topic=ipi/airspan-followup-c2-rep2/latency/veh-001/request bytes=24297 forwarded=1
1786044005.483506 publish topic=ipi/airspan-followup-c2-rep2/latency/veh-001/ack bytes=240 forwarded=1
1786044005.793087 publish topic=ipi/airspan-followup-c2-rep2/latency/veh-001/request bytes=24297 forwarded=1
1786044005.793771 publish topic=ipi/airspan-followup-c2-rep2/latency/veh-001/ack bytes=240 forwarded=1
1786044006.143566 publish topic=ipi/airspan-followup-c2-rep2/latency/veh-001/request bytes=24297 forwarded=1
1786044006.143925 publish topic=ipi/airspan-followup-c2-rep2/latency/veh-001/ack bytes=240 forwarded=1
1786044006.444494 publish topic=ipi/airspan-followup-c2-rep2/latency/veh-001/request bytes=24297 forwarded=1
1786044006.445218 publish topic=ipi/airspan-followup-c2-rep2/latency/veh-001/ack bytes=240 forwarded=1
1786044006.764921 publish topic=ipi/airspan-followup-c2-rep2/latency/veh-001/request bytes=24297 forwarded=1
1786044006.765345 publish topic=ipi/airspan-followup-c2-rep2/latency/veh-001/ack bytes=240 forwarded=1
1786044007.095437 publish topic=ipi/airspan-followup-c2-rep2/latency/veh-001/request bytes=24297 forwarded=1
1786044007.096142 publish topic=ipi/airspan-followup-c2-rep2/latency/veh-001/ack bytes=240 forwarded=1
1786044007.436232 publish topic=ipi/airspan-followup-c2-rep2/latency/veh-001/request bytes=24297 forwarded=1
1786044007.436983 publish topic=ipi/airspan-followup-c2-rep2/latency/veh-001/ack bytes=240 forwarded=1
1786044007.466085 close ('<private-ip>', 52892) disconnect
