threaded mqtt broker listening on 0.0.0.0:1883
1787178043.224771 accept ('10.120.121.20', 47114)
1787178043.226185 close ('10.120.121.20', 47114) closed
1787178043.896898 accept ('127.0.0.1', 49506)
1787178043.897301 subscribe ('127.0.0.1', 49506) edge4av/airspan-tdd-downlink-location_3/raw-downlink/veh-001/request
1787178047.590585 accept ('10.120.121.20', 50964)
1787178047.620537 subscribe ('10.120.121.20', 50964) edge4av/airspan-tdd-downlink-location_3/raw-downlink/veh-001/response
1787178047.650464 publish topic=edge4av/airspan-tdd-downlink-location_3/raw-downlink/veh-001/request bytes=28 forwarded=1
1787178047.651298 publish topic=edge4av/airspan-tdd-downlink-location_3/raw-downlink/veh-001/response bytes=102432 forwarded=1
1787178047.951114 publish topic=edge4av/airspan-tdd-downlink-location_3/raw-downlink/veh-001/request bytes=28 forwarded=1
1787178047.952985 publish topic=edge4av/airspan-tdd-downlink-location_3/raw-downlink/veh-001/response bytes=102432 forwarded=1
1787178048.191644 publish topic=edge4av/airspan-tdd-downlink-location_3/raw-downlink/veh-001/request bytes=28 forwarded=1
1787178048.193351 publish topic=edge4av/airspan-tdd-downlink-location_3/raw-downlink/veh-001/response bytes=102432 forwarded=1
1787178048.451690 publish topic=edge4av/airspan-tdd-downlink-location_3/raw-downlink/veh-001/request bytes=28 forwarded=1
1787178048.453419 publish topic=edge4av/airspan-tdd-downlink-location_3/raw-downlink/veh-001/response bytes=102432 forwarded=1
1787178048.712231 publish topic=edge4av/airspan-tdd-downlink-location_3/raw-downlink/veh-001/request bytes=28 forwarded=1
1787178048.713944 publish topic=edge4av/airspan-tdd-downlink-location_3/raw-downlink/veh-001/response bytes=102432 forwarded=1
1787178048.942623 publish topic=edge4av/airspan-tdd-downlink-location_3/raw-downlink/veh-001/request bytes=28 forwarded=1
1787178048.944111 publish topic=edge4av/airspan-tdd-downlink-location_3/raw-downlink/veh-001/response bytes=102432 forwarded=1
1787178049.183054 publish topic=edge4av/airspan-tdd-downlink-location_3/raw-downlink/veh-001/request bytes=28 forwarded=1
1787178049.184529 publish topic=edge4av/airspan-tdd-downlink-location_3/raw-downlink/veh-001/response bytes=102432 forwarded=1
1787178049.423449 publish topic=edge4av/airspan-tdd-downlink-location_3/raw-downlink/veh-001/request bytes=28 forwarded=1
1787178049.425220 publish topic=edge4av/airspan-tdd-downlink-location_3/raw-downlink/veh-001/response bytes=102432 forwarded=1
1787178049.663351 publish topic=edge4av/airspan-tdd-downlink-location_3/raw-downlink/veh-001/request bytes=28 forwarded=1
1787178049.664047 publish topic=edge4av/airspan-tdd-downlink-location_3/raw-downlink/veh-001/response bytes=102432 forwarded=1
1787178049.903939 publish topic=edge4av/airspan-tdd-downlink-location_3/raw-downlink/veh-001/request bytes=28 forwarded=1
1787178049.905914 publish topic=edge4av/airspan-tdd-downlink-location_3/raw-downlink/veh-001/response bytes=102432 forwarded=1
1787178050.144228 publish topic=edge4av/airspan-tdd-downlink-location_3/raw-downlink/veh-001/request bytes=28 forwarded=1
1787178050.145691 publish topic=edge4av/airspan-tdd-downlink-location_3/raw-downlink/veh-001/response bytes=102432 forwarded=1
1787178050.394710 publish topic=edge4av/airspan-tdd-downlink-location_3/raw-downlink/veh-001/request bytes=28 forwarded=1
1787178050.396113 publish topic=edge4av/airspan-tdd-downlink-location_3/raw-downlink/veh-001/response bytes=102432 forwarded=1
1787178050.655199 publish topic=edge4av/airspan-tdd-downlink-location_3/raw-downlink/veh-001/request bytes=28 forwarded=1
1787178050.656677 publish topic=edge4av/airspan-tdd-downlink-location_3/raw-downlink/veh-001/response bytes=102432 forwarded=1
1787178050.895369 publish topic=edge4av/airspan-tdd-downlink-location_3/raw-downlink/veh-001/request bytes=28 forwarded=1
1787178050.897063 publish topic=edge4av/airspan-tdd-downlink-location_3/raw-downlink/veh-001/response bytes=102432 forwarded=1
1787178051.185553 publish topic=edge4av/airspan-tdd-downlink-location_3/raw-downlink/veh-001/request bytes=28 forwarded=1
1787178051.187067 publish topic=edge4av/airspan-tdd-downlink-location_3/raw-downlink/veh-001/response bytes=102432 forwarded=1
1787178051.425894 publish topic=edge4av/airspan-tdd-downlink-location_3/raw-downlink/veh-001/request bytes=28 forwarded=1
1787178051.426636 publish topic=edge4av/airspan-tdd-downlink-location_3/raw-downlink/veh-001/response bytes=102432 forwarded=1
1787178051.666166 publish topic=edge4av/airspan-tdd-downlink-location_3/raw-downlink/veh-001/request bytes=28 forwarded=1
1787178051.667603 publish topic=edge4av/airspan-tdd-downlink-location_3/raw-downlink/veh-001/response bytes=102432 forwarded=1
1787178051.906506 publish topic=edge4av/airspan-tdd-downlink-location_3/raw-downlink/veh-001/request bytes=28 forwarded=1
1787178051.907902 publish topic=edge4av/airspan-tdd-downlink-location_3/raw-downlink/veh-001/response bytes=102432 forwarded=1
1787178052.146852 publish topic=edge4av/airspan-tdd-downlink-location_3/raw-downlink/veh-001/request bytes=28 forwarded=1
1787178052.148498 publish topic=edge4av/airspan-tdd-downlink-location_3/raw-downlink/veh-001/response bytes=102432 forwarded=1
1787178052.397311 publish topic=edge4av/airspan-tdd-downlink-location_3/raw-downlink/veh-001/request bytes=28 forwarded=1
1787178052.398912 publish topic=edge4av/airspan-tdd-downlink-location_3/raw-downlink/veh-001/response bytes=102432 forwarded=1
1787178052.667661 publish topic=edge4av/airspan-tdd-downlink-location_3/raw-downlink/veh-001/request bytes=28 forwarded=1
1787178052.669366 publish topic=edge4av/airspan-tdd-downlink-location_3/raw-downlink/veh-001/response bytes=102432 forwarded=1
1787178052.957981 publish topic=edge4av/airspan-tdd-downlink-location_3/raw-downlink/veh-001/request bytes=28 forwarded=1
1787178052.959380 publish topic=edge4av/airspan-tdd-downlink-location_3/raw-downlink/veh-001/response bytes=102432 forwarded=1
1787178053.198130 publish topic=edge4av/airspan-tdd-downlink-location_3/raw-downlink/veh-001/request bytes=28 forwarded=1
1787178053.199622 publish topic=edge4av/airspan-tdd-downlink-location_3/raw-downlink/veh-001/response bytes=102432 forwarded=1
1787178053.448095 publish topic=edge4av/airspan-tdd-downlink-location_3/raw-downlink/veh-001/request bytes=28 forwarded=1
1787178053.448575 publish topic=edge4av/airspan-tdd-downlink-location_3/raw-downlink/veh-001/response bytes=102432 forwarded=1
1787178053.728698 publish topic=edge4av/airspan-tdd-downlink-location_3/raw-downlink/veh-001/request bytes=28 forwarded=1
1787178053.730577 publish topic=edge4av/airspan-tdd-downlink-location_3/raw-downlink/veh-001/response bytes=102432 forwarded=1
1787178053.968832 publish topic=edge4av/airspan-tdd-downlink-location_3/raw-downlink/veh-001/request bytes=28 forwarded=1
1787178053.970339 publish topic=edge4av/airspan-tdd-downlink-location_3/raw-downlink/veh-001/response bytes=102432 forwarded=1
1787178054.239274 publish topic=edge4av/airspan-tdd-downlink-location_3/raw-downlink/veh-001/request bytes=28 forwarded=1
1787178054.239988 publish topic=edge4av/airspan-tdd-downlink-location_3/raw-downlink/veh-001/response bytes=102432 forwarded=1
1787178054.479609 publish topic=edge4av/airspan-tdd-downlink-location_3/raw-downlink/veh-001/request bytes=28 forwarded=1
1787178054.481089 publish topic=edge4av/airspan-tdd-downlink-location_3/raw-downlink/veh-001/response bytes=102432 forwarded=1
1787178054.719958 publish topic=edge4av/airspan-tdd-downlink-location_3/raw-downlink/veh-001/request bytes=28 forwarded=1
1787178054.721473 publish topic=edge4av/airspan-tdd-downlink-location_3/raw-downlink/veh-001/response bytes=102432 forwarded=1
1787178054.980242 publish topic=edge4av/airspan-tdd-downlink-location_3/raw-downlink/veh-001/request bytes=28 forwarded=1
1787178054.982050 publish topic=edge4av/airspan-tdd-downlink-location_3/raw-downlink/veh-001/response bytes=102432 forwarded=1
1787178055.260482 publish topic=edge4av/airspan-tdd-downlink-location_3/raw-downlink/veh-001/request bytes=28 forwarded=1
1787178055.262192 publish topic=edge4av/airspan-tdd-downlink-location_3/raw-downlink/veh-001/response bytes=102432 forwarded=1
1787178055.540988 publish topic=edge4av/airspan-tdd-downlink-location_3/raw-downlink/veh-001/request bytes=28 forwarded=1
1787178055.542693 publish topic=edge4av/airspan-tdd-downlink-location_3/raw-downlink/veh-001/response bytes=102432 forwarded=1
1787178055.780815 publish topic=edge4av/airspan-tdd-downlink-location_3/raw-downlink/veh-001/request bytes=28 forwarded=1
1787178055.781532 publish topic=edge4av/airspan-tdd-downlink-location_3/raw-downlink/veh-001/response bytes=102432 forwarded=1
1787178056.021351 publish topic=edge4av/airspan-tdd-downlink-location_3/raw-downlink/veh-001/request bytes=28 forwarded=1
1787178056.022802 publish topic=edge4av/airspan-tdd-downlink-location_3/raw-downlink/veh-001/response bytes=102432 forwarded=1
1787178056.261715 publish topic=edge4av/airspan-tdd-downlink-location_3/raw-downlink/veh-001/request bytes=28 forwarded=1
1787178056.263189 publish topic=edge4av/airspan-tdd-downlink-location_3/raw-downlink/veh-001/response bytes=102432 forwarded=1
1787178056.502004 publish topic=edge4av/airspan-tdd-downlink-location_3/raw-downlink/veh-001/request bytes=28 forwarded=1
1787178056.503666 publish topic=edge4av/airspan-tdd-downlink-location_3/raw-downlink/veh-001/response bytes=102432 forwarded=1
1787178056.742268 publish topic=edge4av/airspan-tdd-downlink-location_3/raw-downlink/veh-001/request bytes=28 forwarded=1
1787178056.743907 publish topic=edge4av/airspan-tdd-downlink-location_3/raw-downlink/veh-001/response bytes=102432 forwarded=1
1787178056.982708 publish topic=edge4av/airspan-tdd-downlink-location_3/raw-downlink/veh-001/request bytes=28 forwarded=1
1787178056.984688 publish topic=edge4av/airspan-tdd-downlink-location_3/raw-downlink/veh-001/response bytes=102432 forwarded=1
1787178057.222834 publish topic=edge4av/airspan-tdd-downlink-location_3/raw-downlink/veh-001/request bytes=28 forwarded=1
1787178057.224290 publish topic=edge4av/airspan-tdd-downlink-location_3/raw-downlink/veh-001/response bytes=102432 forwarded=1
1787178057.463015 publish topic=edge4av/airspan-tdd-downlink-location_3/raw-downlink/veh-001/request bytes=28 forwarded=1
1787178057.464417 publish topic=edge4av/airspan-tdd-downlink-location_3/raw-downlink/veh-001/response bytes=102432 forwarded=1
1787178057.713114 publish topic=edge4av/airspan-tdd-downlink-location_3/raw-downlink/veh-001/request bytes=28 forwarded=1
1787178057.714811 publish topic=edge4av/airspan-tdd-downlink-location_3/raw-downlink/veh-001/response bytes=102432 forwarded=1
1787178057.953341 publish topic=edge4av/airspan-tdd-downlink-location_3/raw-downlink/veh-001/request bytes=28 forwarded=1
1787178057.954942 publish topic=edge4av/airspan-tdd-downlink-location_3/raw-downlink/veh-001/response bytes=102432 forwarded=1
1787178058.193551 publish topic=edge4av/airspan-tdd-downlink-location_3/raw-downlink/veh-001/request bytes=28 forwarded=1
1787178058.194468 publish topic=edge4av/airspan-tdd-downlink-location_3/raw-downlink/veh-001/response bytes=102432 forwarded=1
1787178058.433963 publish topic=edge4av/airspan-tdd-downlink-location_3/raw-downlink/veh-001/request bytes=28 forwarded=1
1787178058.435348 publish topic=edge4av/airspan-tdd-downlink-location_3/raw-downlink/veh-001/response bytes=102432 forwarded=1
1787178058.674147 publish topic=edge4av/airspan-tdd-downlink-location_3/raw-downlink/veh-001/request bytes=28 forwarded=1
1787178058.675553 publish topic=edge4av/airspan-tdd-downlink-location_3/raw-downlink/veh-001/response bytes=102432 forwarded=1
1787178058.914435 publish topic=edge4av/airspan-tdd-downlink-location_3/raw-downlink/veh-001/request bytes=28 forwarded=1
1787178058.915782 publish topic=edge4av/airspan-tdd-downlink-location_3/raw-downlink/veh-001/response bytes=102432 forwarded=1
1787178059.154710 publish topic=edge4av/airspan-tdd-downlink-location_3/raw-downlink/veh-001/request bytes=28 forwarded=1
1787178059.156395 publish topic=edge4av/airspan-tdd-downlink-location_3/raw-downlink/veh-001/response bytes=102432 forwarded=1
1787178059.395151 publish topic=edge4av/airspan-tdd-downlink-location_3/raw-downlink/veh-001/request bytes=28 forwarded=1
1787178059.396616 publish topic=edge4av/airspan-tdd-downlink-location_3/raw-downlink/veh-001/response bytes=102432 forwarded=1
1787178059.635256 publish topic=edge4av/airspan-tdd-downlink-location_3/raw-downlink/veh-001/request bytes=28 forwarded=1
1787178059.636487 publish topic=edge4av/airspan-tdd-downlink-location_3/raw-downlink/veh-001/response bytes=102432 forwarded=1
1787178059.895343 publish topic=edge4av/airspan-tdd-downlink-location_3/raw-downlink/veh-001/request bytes=28 forwarded=1
1787178059.895950 publish topic=edge4av/airspan-tdd-downlink-location_3/raw-downlink/veh-001/response bytes=102432 forwarded=1
1787178060.186056 publish topic=edge4av/airspan-tdd-downlink-location_3/raw-downlink/veh-001/request bytes=28 forwarded=1
1787178060.187538 publish topic=edge4av/airspan-tdd-downlink-location_3/raw-downlink/veh-001/response bytes=102432 forwarded=1
1787178060.476341 publish topic=edge4av/airspan-tdd-downlink-location_3/raw-downlink/veh-001/request bytes=28 forwarded=1
1787178060.477352 publish topic=edge4av/airspan-tdd-downlink-location_3/raw-downlink/veh-001/response bytes=102432 forwarded=1
1787178060.756902 publish topic=edge4av/airspan-tdd-downlink-location_3/raw-downlink/veh-001/request bytes=28 forwarded=1
1787178060.758554 publish topic=edge4av/airspan-tdd-downlink-location_3/raw-downlink/veh-001/response bytes=102432 forwarded=1
1787178061.006832 publish topic=edge4av/airspan-tdd-downlink-location_3/raw-downlink/veh-001/request bytes=28 forwarded=1
1787178061.007440 publish topic=edge4av/airspan-tdd-downlink-location_3/raw-downlink/veh-001/response bytes=102432 forwarded=1
1787178061.247457 publish topic=edge4av/airspan-tdd-downlink-location_3/raw-downlink/veh-001/request bytes=28 forwarded=1
1787178061.248999 publish topic=edge4av/airspan-tdd-downlink-location_3/raw-downlink/veh-001/response bytes=102432 forwarded=1
1787178061.487765 publish topic=edge4av/airspan-tdd-downlink-location_3/raw-downlink/veh-001/request bytes=28 forwarded=1
1787178061.489892 publish topic=edge4av/airspan-tdd-downlink-location_3/raw-downlink/veh-001/response bytes=102432 forwarded=1
1787178061.737944 publish topic=edge4av/airspan-tdd-downlink-location_3/raw-downlink/veh-001/request bytes=28 forwarded=1
1787178061.739626 publish topic=edge4av/airspan-tdd-downlink-location_3/raw-downlink/veh-001/response bytes=102432 forwarded=1
1787178062.028049 publish topic=edge4av/airspan-tdd-downlink-location_3/raw-downlink/veh-001/request bytes=28 forwarded=1
1787178062.028962 publish topic=edge4av/airspan-tdd-downlink-location_3/raw-downlink/veh-001/response bytes=102432 forwarded=1
1787178062.258828 publish topic=edge4av/airspan-tdd-downlink-location_3/raw-downlink/veh-001/request bytes=28 forwarded=1
1787178062.260584 publish topic=edge4av/airspan-tdd-downlink-location_3/raw-downlink/veh-001/response bytes=102432 forwarded=1
1787178062.528816 publish topic=edge4av/airspan-tdd-downlink-location_3/raw-downlink/veh-001/request bytes=28 forwarded=1
1787178062.530469 publish topic=edge4av/airspan-tdd-downlink-location_3/raw-downlink/veh-001/response bytes=102432 forwarded=1
1787178062.809302 publish topic=edge4av/airspan-tdd-downlink-location_3/raw-downlink/veh-001/request bytes=28 forwarded=1
1787178062.811552 publish topic=edge4av/airspan-tdd-downlink-location_3/raw-downlink/veh-001/response bytes=102432 forwarded=1
1787178063.049136 publish topic=edge4av/airspan-tdd-downlink-location_3/raw-downlink/veh-001/request bytes=28 forwarded=1
1787178063.049816 publish topic=edge4av/airspan-tdd-downlink-location_3/raw-downlink/veh-001/response bytes=102432 forwarded=1
1787178063.299705 publish topic=edge4av/airspan-tdd-downlink-location_3/raw-downlink/veh-001/request bytes=28 forwarded=1
1787178063.300576 publish topic=edge4av/airspan-tdd-downlink-location_3/raw-downlink/veh-001/response bytes=102432 forwarded=1
1787178063.580125 publish topic=edge4av/airspan-tdd-downlink-location_3/raw-downlink/veh-001/request bytes=28 forwarded=1
1787178063.582145 publish topic=edge4av/airspan-tdd-downlink-location_3/raw-downlink/veh-001/response bytes=102432 forwarded=1
1787178063.840372 publish topic=edge4av/airspan-tdd-downlink-location_3/raw-downlink/veh-001/request bytes=28 forwarded=1
1787178063.841144 publish topic=edge4av/airspan-tdd-downlink-location_3/raw-downlink/veh-001/response bytes=102432 forwarded=1
1787178064.100288 publish topic=edge4av/airspan-tdd-downlink-location_3/raw-downlink/veh-001/request bytes=28 forwarded=1
1787178064.100948 publish topic=edge4av/airspan-tdd-downlink-location_3/raw-downlink/veh-001/response bytes=102432 forwarded=1
1787178064.390873 publish topic=edge4av/airspan-tdd-downlink-location_3/raw-downlink/veh-001/request bytes=28 forwarded=1
1787178064.391553 publish topic=edge4av/airspan-tdd-downlink-location_3/raw-downlink/veh-001/response bytes=102432 forwarded=1
1787178064.661291 publish topic=edge4av/airspan-tdd-downlink-location_3/raw-downlink/veh-001/request bytes=28 forwarded=1
1787178064.662759 publish topic=edge4av/airspan-tdd-downlink-location_3/raw-downlink/veh-001/response bytes=102432 forwarded=1
1787178064.901537 publish topic=edge4av/airspan-tdd-downlink-location_3/raw-downlink/veh-001/request bytes=28 forwarded=1
1787178064.903003 publish topic=edge4av/airspan-tdd-downlink-location_3/raw-downlink/veh-001/response bytes=102432 forwarded=1
1787178065.141865 publish topic=edge4av/airspan-tdd-downlink-location_3/raw-downlink/veh-001/request bytes=28 forwarded=1
1787178065.143674 publish topic=edge4av/airspan-tdd-downlink-location_3/raw-downlink/veh-001/response bytes=102432 forwarded=1
1787178065.392204 publish topic=edge4av/airspan-tdd-downlink-location_3/raw-downlink/veh-001/request bytes=28 forwarded=1
1787178065.393989 publish topic=edge4av/airspan-tdd-downlink-location_3/raw-downlink/veh-001/response bytes=102432 forwarded=1
1787178065.682986 publish topic=edge4av/airspan-tdd-downlink-location_3/raw-downlink/veh-001/request bytes=28 forwarded=1
1787178065.684673 publish topic=edge4av/airspan-tdd-downlink-location_3/raw-downlink/veh-001/response bytes=102432 forwarded=1
1787178065.962913 publish topic=edge4av/airspan-tdd-downlink-location_3/raw-downlink/veh-001/request bytes=28 forwarded=1
1787178065.964420 publish topic=edge4av/airspan-tdd-downlink-location_3/raw-downlink/veh-001/response bytes=102432 forwarded=1
1787178066.203288 publish topic=edge4av/airspan-tdd-downlink-location_3/raw-downlink/veh-001/request bytes=28 forwarded=1
1787178066.204784 publish topic=edge4av/airspan-tdd-downlink-location_3/raw-downlink/veh-001/response bytes=102432 forwarded=1
1787178066.443889 publish topic=edge4av/airspan-tdd-downlink-location_3/raw-downlink/veh-001/request bytes=28 forwarded=1
1787178066.445410 publish topic=edge4av/airspan-tdd-downlink-location_3/raw-downlink/veh-001/response bytes=102432 forwarded=1
1787178066.684145 publish topic=edge4av/airspan-tdd-downlink-location_3/raw-downlink/veh-001/request bytes=28 forwarded=1
1787178066.685836 publish topic=edge4av/airspan-tdd-downlink-location_3/raw-downlink/veh-001/response bytes=102432 forwarded=1
1787178066.924320 publish topic=edge4av/airspan-tdd-downlink-location_3/raw-downlink/veh-001/request bytes=28 forwarded=1
1787178066.925177 publish topic=edge4av/airspan-tdd-downlink-location_3/raw-downlink/veh-001/response bytes=102432 forwarded=1
1787178067.184555 publish topic=edge4av/airspan-tdd-downlink-location_3/raw-downlink/veh-001/request bytes=28 forwarded=1
1787178067.185340 publish topic=edge4av/airspan-tdd-downlink-location_3/raw-downlink/veh-001/response bytes=102432 forwarded=1
1787178067.415077 publish topic=edge4av/airspan-tdd-downlink-location_3/raw-downlink/veh-001/request bytes=28 forwarded=1
1787178067.416548 publish topic=edge4av/airspan-tdd-downlink-location_3/raw-downlink/veh-001/response bytes=102432 forwarded=1
1787178067.655404 publish topic=edge4av/airspan-tdd-downlink-location_3/raw-downlink/veh-001/request bytes=28 forwarded=1
1787178067.656837 publish topic=edge4av/airspan-tdd-downlink-location_3/raw-downlink/veh-001/response bytes=102432 forwarded=1
1787178067.905706 publish topic=edge4av/airspan-tdd-downlink-location_3/raw-downlink/veh-001/request bytes=28 forwarded=1
1787178067.907419 publish topic=edge4av/airspan-tdd-downlink-location_3/raw-downlink/veh-001/response bytes=102432 forwarded=1
1787178068.156020 publish topic=edge4av/airspan-tdd-downlink-location_3/raw-downlink/veh-001/request bytes=28 forwarded=1
1787178068.157715 publish topic=edge4av/airspan-tdd-downlink-location_3/raw-downlink/veh-001/response bytes=102432 forwarded=1
1787178068.416647 publish topic=edge4av/airspan-tdd-downlink-location_3/raw-downlink/veh-001/request bytes=28 forwarded=1
1787178068.418338 publish topic=edge4av/airspan-tdd-downlink-location_3/raw-downlink/veh-001/response bytes=102432 forwarded=1
1787178068.676807 publish topic=edge4av/airspan-tdd-downlink-location_3/raw-downlink/veh-001/request bytes=28 forwarded=1
1787178068.678339 publish topic=edge4av/airspan-tdd-downlink-location_3/raw-downlink/veh-001/response bytes=102432 forwarded=1
1787178068.966758 publish topic=edge4av/airspan-tdd-downlink-location_3/raw-downlink/veh-001/request bytes=28 forwarded=1
1787178068.968302 publish topic=edge4av/airspan-tdd-downlink-location_3/raw-downlink/veh-001/response bytes=102432 forwarded=1
1787178069.227093 publish topic=edge4av/airspan-tdd-downlink-location_3/raw-downlink/veh-001/request bytes=28 forwarded=1
1787178069.228568 publish topic=edge4av/airspan-tdd-downlink-location_3/raw-downlink/veh-001/response bytes=102432 forwarded=1
1787178069.477325 publish topic=edge4av/airspan-tdd-downlink-location_3/raw-downlink/veh-001/request bytes=28 forwarded=1
1787178069.479023 publish topic=edge4av/airspan-tdd-downlink-location_3/raw-downlink/veh-001/response bytes=102432 forwarded=1
1787178069.717234 publish topic=edge4av/airspan-tdd-downlink-location_3/raw-downlink/veh-001/request bytes=28 forwarded=1
1787178069.718786 publish topic=edge4av/airspan-tdd-downlink-location_3/raw-downlink/veh-001/response bytes=102432 forwarded=1
1787178069.967441 publish topic=edge4av/airspan-tdd-downlink-location_3/raw-downlink/veh-001/request bytes=28 forwarded=1
1787178069.968290 publish topic=edge4av/airspan-tdd-downlink-location_3/raw-downlink/veh-001/response bytes=102432 forwarded=1
1787178070.207886 publish topic=edge4av/airspan-tdd-downlink-location_3/raw-downlink/veh-001/request bytes=28 forwarded=1
1787178070.209359 publish topic=edge4av/airspan-tdd-downlink-location_3/raw-downlink/veh-001/response bytes=102432 forwarded=1
1787178070.447933 publish topic=edge4av/airspan-tdd-downlink-location_3/raw-downlink/veh-001/request bytes=28 forwarded=1
1787178070.449452 publish topic=edge4av/airspan-tdd-downlink-location_3/raw-downlink/veh-001/response bytes=102432 forwarded=1
1787178070.687997 publish topic=edge4av/airspan-tdd-downlink-location_3/raw-downlink/veh-001/request bytes=28 forwarded=1
1787178070.689901 publish topic=edge4av/airspan-tdd-downlink-location_3/raw-downlink/veh-001/response bytes=102432 forwarded=1
1787178070.938202 publish topic=edge4av/airspan-tdd-downlink-location_3/raw-downlink/veh-001/request bytes=28 forwarded=1
1787178070.939945 publish topic=edge4av/airspan-tdd-downlink-location_3/raw-downlink/veh-001/response bytes=102432 forwarded=1
1787178071.228441 publish topic=edge4av/airspan-tdd-downlink-location_3/raw-downlink/veh-001/request bytes=28 forwarded=1
1787178071.230199 publish topic=edge4av/airspan-tdd-downlink-location_3/raw-downlink/veh-001/response bytes=102432 forwarded=1
1787178071.468303 publish topic=edge4av/airspan-tdd-downlink-location_3/raw-downlink/veh-001/request bytes=28 forwarded=1
1787178071.468747 publish topic=edge4av/airspan-tdd-downlink-location_3/raw-downlink/veh-001/response bytes=102432 forwarded=1
1787178071.708752 publish topic=edge4av/airspan-tdd-downlink-location_3/raw-downlink/veh-001/request bytes=28 forwarded=1
1787178071.709576 publish topic=edge4av/airspan-tdd-downlink-location_3/raw-downlink/veh-001/response bytes=102432 forwarded=1
1787178071.949162 publish topic=edge4av/airspan-tdd-downlink-location_3/raw-downlink/veh-001/request bytes=28 forwarded=1
1787178071.950644 publish topic=edge4av/airspan-tdd-downlink-location_3/raw-downlink/veh-001/response bytes=102432 forwarded=1
1787178072.189304 publish topic=edge4av/airspan-tdd-downlink-location_3/raw-downlink/veh-001/request bytes=28 forwarded=1
1787178072.190971 publish topic=edge4av/airspan-tdd-downlink-location_3/raw-downlink/veh-001/response bytes=102432 forwarded=1
1787178072.439060 publish topic=edge4av/airspan-tdd-downlink-location_3/raw-downlink/veh-001/request bytes=28 forwarded=1
1787178072.440493 publish topic=edge4av/airspan-tdd-downlink-location_3/raw-downlink/veh-001/response bytes=102432 forwarded=1
1787178072.709388 publish topic=edge4av/airspan-tdd-downlink-location_3/raw-downlink/veh-001/request bytes=28 forwarded=1
1787178072.710914 publish topic=edge4av/airspan-tdd-downlink-location_3/raw-downlink/veh-001/response bytes=102432 forwarded=1
1787178072.999589 publish topic=edge4av/airspan-tdd-downlink-location_3/raw-downlink/veh-001/request bytes=28 forwarded=1
1787178073.001108 publish topic=edge4av/airspan-tdd-downlink-location_3/raw-downlink/veh-001/response bytes=102432 forwarded=1
1787178073.269640 publish topic=edge4av/airspan-tdd-downlink-location_3/raw-downlink/veh-001/request bytes=28 forwarded=1
1787178073.271112 publish topic=edge4av/airspan-tdd-downlink-location_3/raw-downlink/veh-001/response bytes=102432 forwarded=1
1787178073.509852 publish topic=edge4av/airspan-tdd-downlink-location_3/raw-downlink/veh-001/request bytes=28 forwarded=1
1787178073.511712 publish topic=edge4av/airspan-tdd-downlink-location_3/raw-downlink/veh-001/response bytes=102432 forwarded=1
1787178073.780117 publish topic=edge4av/airspan-tdd-downlink-location_3/raw-downlink/veh-001/request bytes=28 forwarded=1
1787178073.781839 publish topic=edge4av/airspan-tdd-downlink-location_3/raw-downlink/veh-001/response bytes=102432 forwarded=1
1787178074.020028 publish topic=edge4av/airspan-tdd-downlink-location_3/raw-downlink/veh-001/request bytes=28 forwarded=1
1787178074.020838 publish topic=edge4av/airspan-tdd-downlink-location_3/raw-downlink/veh-001/response bytes=102432 forwarded=1
1787178074.270152 publish topic=edge4av/airspan-tdd-downlink-location_3/raw-downlink/veh-001/request bytes=28 forwarded=1
1787178074.272685 publish topic=edge4av/airspan-tdd-downlink-location_3/raw-downlink/veh-001/response bytes=102432 forwarded=1
1787178074.510298 publish topic=edge4av/airspan-tdd-downlink-location_3/raw-downlink/veh-001/request bytes=28 forwarded=1
1787178074.511047 publish topic=edge4av/airspan-tdd-downlink-location_3/raw-downlink/veh-001/response bytes=102432 forwarded=1
1787178074.750729 publish topic=edge4av/airspan-tdd-downlink-location_3/raw-downlink/veh-001/request bytes=28 forwarded=1
1787178074.752133 publish topic=edge4av/airspan-tdd-downlink-location_3/raw-downlink/veh-001/response bytes=102432 forwarded=1
1787178074.990960 publish topic=edge4av/airspan-tdd-downlink-location_3/raw-downlink/veh-001/request bytes=28 forwarded=1
1787178074.991888 publish topic=edge4av/airspan-tdd-downlink-location_3/raw-downlink/veh-001/response bytes=102432 forwarded=1
1787178075.230760 publish topic=edge4av/airspan-tdd-downlink-location_3/raw-downlink/veh-001/request bytes=28 forwarded=1
1787178075.232310 publish topic=edge4av/airspan-tdd-downlink-location_3/raw-downlink/veh-001/response bytes=102432 forwarded=1
1787178075.480787 publish topic=edge4av/airspan-tdd-downlink-location_3/raw-downlink/veh-001/request bytes=28 forwarded=1
1787178075.482853 publish topic=edge4av/airspan-tdd-downlink-location_3/raw-downlink/veh-001/response bytes=102432 forwarded=1
1787178075.741148 publish topic=edge4av/airspan-tdd-downlink-location_3/raw-downlink/veh-001/request bytes=28 forwarded=1
1787178075.742614 publish topic=edge4av/airspan-tdd-downlink-location_3/raw-downlink/veh-001/response bytes=102432 forwarded=1
1787178075.981226 publish topic=edge4av/airspan-tdd-downlink-location_3/raw-downlink/veh-001/request bytes=28 forwarded=1
1787178075.982780 publish topic=edge4av/airspan-tdd-downlink-location_3/raw-downlink/veh-001/response bytes=102432 forwarded=1
1787178076.231231 publish topic=edge4av/airspan-tdd-downlink-location_3/raw-downlink/veh-001/request bytes=28 forwarded=1
1787178076.232180 publish topic=edge4av/airspan-tdd-downlink-location_3/raw-downlink/veh-001/response bytes=102432 forwarded=1
1787178076.471547 publish topic=edge4av/airspan-tdd-downlink-location_3/raw-downlink/veh-001/request bytes=28 forwarded=1
1787178076.473255 publish topic=edge4av/airspan-tdd-downlink-location_3/raw-downlink/veh-001/response bytes=102432 forwarded=1
1787178076.731886 publish topic=edge4av/airspan-tdd-downlink-location_3/raw-downlink/veh-001/request bytes=28 forwarded=1
1787178076.733516 publish topic=edge4av/airspan-tdd-downlink-location_3/raw-downlink/veh-001/response bytes=102432 forwarded=1
1787178076.972322 publish topic=edge4av/airspan-tdd-downlink-location_3/raw-downlink/veh-001/request bytes=28 forwarded=1
1787178076.973838 publish topic=edge4av/airspan-tdd-downlink-location_3/raw-downlink/veh-001/response bytes=102432 forwarded=1
1787178077.212611 publish topic=edge4av/airspan-tdd-downlink-location_3/raw-downlink/veh-001/request bytes=28 forwarded=1
1787178077.214084 publish topic=edge4av/airspan-tdd-downlink-location_3/raw-downlink/veh-001/response bytes=102432 forwarded=1
1787178077.462759 publish topic=edge4av/airspan-tdd-downlink-location_3/raw-downlink/veh-001/request bytes=28 forwarded=1
1787178077.464228 publish topic=edge4av/airspan-tdd-downlink-location_3/raw-downlink/veh-001/response bytes=102432 forwarded=1
1787178077.733195 publish topic=edge4av/airspan-tdd-downlink-location_3/raw-downlink/veh-001/request bytes=28 forwarded=1
1787178077.734826 publish topic=edge4av/airspan-tdd-downlink-location_3/raw-downlink/veh-001/response bytes=102432 forwarded=1
1787178077.973532 publish topic=edge4av/airspan-tdd-downlink-location_3/raw-downlink/veh-001/request bytes=28 forwarded=1
1787178077.974485 publish topic=edge4av/airspan-tdd-downlink-location_3/raw-downlink/veh-001/response bytes=102432 forwarded=1
1787178078.223806 publish topic=edge4av/airspan-tdd-downlink-location_3/raw-downlink/veh-001/request bytes=28 forwarded=1
1787178078.225414 publish topic=edge4av/airspan-tdd-downlink-location_3/raw-downlink/veh-001/response bytes=102432 forwarded=1
1787178078.483913 publish topic=edge4av/airspan-tdd-downlink-location_3/raw-downlink/veh-001/request bytes=28 forwarded=1
1787178078.484925 publish topic=edge4av/airspan-tdd-downlink-location_3/raw-downlink/veh-001/response bytes=102432 forwarded=1
1787178078.724616 publish topic=edge4av/airspan-tdd-downlink-location_3/raw-downlink/veh-001/request bytes=28 forwarded=1
1787178078.726082 publish topic=edge4av/airspan-tdd-downlink-location_3/raw-downlink/veh-001/response bytes=102432 forwarded=1
1787178078.964750 publish topic=edge4av/airspan-tdd-downlink-location_3/raw-downlink/veh-001/request bytes=28 forwarded=1
1787178078.966500 publish topic=edge4av/airspan-tdd-downlink-location_3/raw-downlink/veh-001/response bytes=102432 forwarded=1
1787178079.205284 publish topic=edge4av/airspan-tdd-downlink-location_3/raw-downlink/veh-001/request bytes=28 forwarded=1
1787178079.206930 publish topic=edge4av/airspan-tdd-downlink-location_3/raw-downlink/veh-001/response bytes=102432 forwarded=1
1787178079.455557 publish topic=edge4av/airspan-tdd-downlink-location_3/raw-downlink/veh-001/request bytes=28 forwarded=1
1787178079.457265 publish topic=edge4av/airspan-tdd-downlink-location_3/raw-downlink/veh-001/response bytes=102432 forwarded=1
1787178079.725930 publish topic=edge4av/airspan-tdd-downlink-location_3/raw-downlink/veh-001/request bytes=28 forwarded=1
1787178079.727378 publish topic=edge4av/airspan-tdd-downlink-location_3/raw-downlink/veh-001/response bytes=102432 forwarded=1
1787178079.996247 publish topic=edge4av/airspan-tdd-downlink-location_3/raw-downlink/veh-001/request bytes=28 forwarded=1
1787178079.997817 publish topic=edge4av/airspan-tdd-downlink-location_3/raw-downlink/veh-001/response bytes=102432 forwarded=1
1787178080.266498 publish topic=edge4av/airspan-tdd-downlink-location_3/raw-downlink/veh-001/request bytes=28 forwarded=1
1787178080.268131 publish topic=edge4av/airspan-tdd-downlink-location_3/raw-downlink/veh-001/response bytes=102432 forwarded=1
1787178080.517091 publish topic=edge4av/airspan-tdd-downlink-location_3/raw-downlink/veh-001/request bytes=28 forwarded=1
1787178080.518777 publish topic=edge4av/airspan-tdd-downlink-location_3/raw-downlink/veh-001/response bytes=102432 forwarded=1
1787178080.767340 publish topic=edge4av/airspan-tdd-downlink-location_3/raw-downlink/veh-001/request bytes=28 forwarded=1
1787178080.768092 publish topic=edge4av/airspan-tdd-downlink-location_3/raw-downlink/veh-001/response bytes=102432 forwarded=1
1787178081.017474 publish topic=edge4av/airspan-tdd-downlink-location_3/raw-downlink/veh-001/request bytes=28 forwarded=1
1787178081.018639 publish topic=edge4av/airspan-tdd-downlink-location_3/raw-downlink/veh-001/response bytes=102432 forwarded=1
1787178081.307898 publish topic=edge4av/airspan-tdd-downlink-location_3/raw-downlink/veh-001/request bytes=28 forwarded=1
1787178081.308680 publish topic=edge4av/airspan-tdd-downlink-location_3/raw-downlink/veh-001/response bytes=102432 forwarded=1
1787178081.548133 publish topic=edge4av/airspan-tdd-downlink-location_3/raw-downlink/veh-001/request bytes=28 forwarded=1
1787178081.549549 publish topic=edge4av/airspan-tdd-downlink-location_3/raw-downlink/veh-001/response bytes=102432 forwarded=1
1787178081.788569 publish topic=edge4av/airspan-tdd-downlink-location_3/raw-downlink/veh-001/request bytes=28 forwarded=1
1787178081.790263 publish topic=edge4av/airspan-tdd-downlink-location_3/raw-downlink/veh-001/response bytes=102432 forwarded=1
1787178082.038649 publish topic=edge4av/airspan-tdd-downlink-location_3/raw-downlink/veh-001/request bytes=28 forwarded=1
1787178082.041204 publish topic=edge4av/airspan-tdd-downlink-location_3/raw-downlink/veh-001/response bytes=102432 forwarded=1
1787178082.309270 publish topic=edge4av/airspan-tdd-downlink-location_3/raw-downlink/veh-001/request bytes=28 forwarded=1
1787178082.310926 publish topic=edge4av/airspan-tdd-downlink-location_3/raw-downlink/veh-001/response bytes=102432 forwarded=1
1787178082.549520 publish topic=edge4av/airspan-tdd-downlink-location_3/raw-downlink/veh-001/request bytes=28 forwarded=1
1787178082.551325 publish topic=edge4av/airspan-tdd-downlink-location_3/raw-downlink/veh-001/response bytes=102432 forwarded=1
1787178082.829932 publish topic=edge4av/airspan-tdd-downlink-location_3/raw-downlink/veh-001/request bytes=28 forwarded=1
1787178082.831349 publish topic=edge4av/airspan-tdd-downlink-location_3/raw-downlink/veh-001/response bytes=102432 forwarded=1
1787178083.079773 publish topic=edge4av/airspan-tdd-downlink-location_3/raw-downlink/veh-001/request bytes=28 forwarded=1
1787178083.080397 publish topic=edge4av/airspan-tdd-downlink-location_3/raw-downlink/veh-001/response bytes=102432 forwarded=1
1787178083.350695 publish topic=edge4av/airspan-tdd-downlink-location_3/raw-downlink/veh-001/request bytes=28 forwarded=1
1787178083.352316 publish topic=edge4av/airspan-tdd-downlink-location_3/raw-downlink/veh-001/response bytes=102432 forwarded=1
1787178083.600683 publish topic=edge4av/airspan-tdd-downlink-location_3/raw-downlink/veh-001/request bytes=28 forwarded=1
1787178083.601376 publish topic=edge4av/airspan-tdd-downlink-location_3/raw-downlink/veh-001/response bytes=102432 forwarded=1
1787178083.841317 publish topic=edge4av/airspan-tdd-downlink-location_3/raw-downlink/veh-001/request bytes=28 forwarded=1
1787178083.842876 publish topic=edge4av/airspan-tdd-downlink-location_3/raw-downlink/veh-001/response bytes=102432 forwarded=1
1787178084.081362 publish topic=edge4av/airspan-tdd-downlink-location_3/raw-downlink/veh-001/request bytes=28 forwarded=1
1787178084.081959 publish topic=edge4av/airspan-tdd-downlink-location_3/raw-downlink/veh-001/response bytes=102432 forwarded=1
1787178084.311782 publish topic=edge4av/airspan-tdd-downlink-location_3/raw-downlink/veh-001/request bytes=28 forwarded=1
1787178084.313199 publish topic=edge4av/airspan-tdd-downlink-location_3/raw-downlink/veh-001/response bytes=102432 forwarded=1
1787178084.552225 publish topic=edge4av/airspan-tdd-downlink-location_3/raw-downlink/veh-001/request bytes=28 forwarded=1
1787178084.553925 publish topic=edge4av/airspan-tdd-downlink-location_3/raw-downlink/veh-001/response bytes=102432 forwarded=1
1787178084.792290 publish topic=edge4av/airspan-tdd-downlink-location_3/raw-downlink/veh-001/request bytes=28 forwarded=1
1787178084.793886 publish topic=edge4av/airspan-tdd-downlink-location_3/raw-downlink/veh-001/response bytes=102432 forwarded=1
1787178085.032519 publish topic=edge4av/airspan-tdd-downlink-location_3/raw-downlink/veh-001/request bytes=28 forwarded=1
1787178085.034441 publish topic=edge4av/airspan-tdd-downlink-location_3/raw-downlink/veh-001/response bytes=102432 forwarded=1
1787178085.272951 publish topic=edge4av/airspan-tdd-downlink-location_3/raw-downlink/veh-001/request bytes=28 forwarded=1
1787178085.273690 publish topic=edge4av/airspan-tdd-downlink-location_3/raw-downlink/veh-001/response bytes=102432 forwarded=1
1787178085.513415 publish topic=edge4av/airspan-tdd-downlink-location_3/raw-downlink/veh-001/request bytes=28 forwarded=1
1787178085.514889 publish topic=edge4av/airspan-tdd-downlink-location_3/raw-downlink/veh-001/response bytes=102432 forwarded=1
1787178085.753774 publish topic=edge4av/airspan-tdd-downlink-location_3/raw-downlink/veh-001/request bytes=28 forwarded=1
1787178085.755215 publish topic=edge4av/airspan-tdd-downlink-location_3/raw-downlink/veh-001/response bytes=102432 forwarded=1
1787178085.994162 publish topic=edge4av/airspan-tdd-downlink-location_3/raw-downlink/veh-001/request bytes=28 forwarded=1
1787178085.995844 publish topic=edge4av/airspan-tdd-downlink-location_3/raw-downlink/veh-001/response bytes=102432 forwarded=1
1787178086.244231 publish topic=edge4av/airspan-tdd-downlink-location_3/raw-downlink/veh-001/request bytes=28 forwarded=1
1787178086.245383 publish topic=edge4av/airspan-tdd-downlink-location_3/raw-downlink/veh-001/response bytes=102432 forwarded=1
1787178086.515082 publish topic=edge4av/airspan-tdd-downlink-location_3/raw-downlink/veh-001/request bytes=28 forwarded=1
1787178086.516719 publish topic=edge4av/airspan-tdd-downlink-location_3/raw-downlink/veh-001/response bytes=102432 forwarded=1
1787178086.755260 publish topic=edge4av/airspan-tdd-downlink-location_3/raw-downlink/veh-001/request bytes=28 forwarded=1
1787178086.756717 publish topic=edge4av/airspan-tdd-downlink-location_3/raw-downlink/veh-001/response bytes=102432 forwarded=1
1787178086.985516 publish topic=edge4av/airspan-tdd-downlink-location_3/raw-downlink/veh-001/request bytes=28 forwarded=1
1787178086.986155 publish topic=edge4av/airspan-tdd-downlink-location_3/raw-downlink/veh-001/response bytes=102432 forwarded=1
1787178087.235816 publish topic=edge4av/airspan-tdd-downlink-location_3/raw-downlink/veh-001/request bytes=28 forwarded=1
1787178087.237522 publish topic=edge4av/airspan-tdd-downlink-location_3/raw-downlink/veh-001/response bytes=102432 forwarded=1
1787178087.506345 publish topic=edge4av/airspan-tdd-downlink-location_3/raw-downlink/veh-001/request bytes=28 forwarded=1
1787178087.508010 publish topic=edge4av/airspan-tdd-downlink-location_3/raw-downlink/veh-001/response bytes=102432 forwarded=1
1787178087.746543 publish topic=edge4av/airspan-tdd-downlink-location_3/raw-downlink/veh-001/request bytes=28 forwarded=1
1787178087.748187 publish topic=edge4av/airspan-tdd-downlink-location_3/raw-downlink/veh-001/response bytes=102432 forwarded=1
1787178087.986647 publish topic=edge4av/airspan-tdd-downlink-location_3/raw-downlink/veh-001/request bytes=28 forwarded=1
1787178087.987214 publish topic=edge4av/airspan-tdd-downlink-location_3/raw-downlink/veh-001/response bytes=102432 forwarded=1
1787178088.217359 publish topic=edge4av/airspan-tdd-downlink-location_3/raw-downlink/veh-001/request bytes=28 forwarded=1
1787178088.218842 publish topic=edge4av/airspan-tdd-downlink-location_3/raw-downlink/veh-001/response bytes=102432 forwarded=1
1787178088.467720 publish topic=edge4av/airspan-tdd-downlink-location_3/raw-downlink/veh-001/request bytes=28 forwarded=1
1787178088.469206 publish topic=edge4av/airspan-tdd-downlink-location_3/raw-downlink/veh-001/response bytes=102432 forwarded=1
1787178089.619083 publish topic=edge4av/airspan-tdd-downlink-location_3/raw-downlink/veh-001/request bytes=28 forwarded=1
1787178089.620293 publish topic=edge4av/airspan-tdd-downlink-location_3/raw-downlink/veh-001/response bytes=102432 forwarded=1
1787178089.969569 publish topic=edge4av/airspan-tdd-downlink-location_3/raw-downlink/veh-001/request bytes=28 forwarded=1
1787178089.971105 publish topic=edge4av/airspan-tdd-downlink-location_3/raw-downlink/veh-001/response bytes=102432 forwarded=1
1787178090.210026 publish topic=edge4av/airspan-tdd-downlink-location_3/raw-downlink/veh-001/request bytes=28 forwarded=1
1787178090.211640 publish topic=edge4av/airspan-tdd-downlink-location_3/raw-downlink/veh-001/response bytes=102432 forwarded=1
1787178090.450135 publish topic=edge4av/airspan-tdd-downlink-location_3/raw-downlink/veh-001/request bytes=28 forwarded=1
1787178090.451633 publish topic=edge4av/airspan-tdd-downlink-location_3/raw-downlink/veh-001/response bytes=102432 forwarded=1
1787178090.680505 publish topic=edge4av/airspan-tdd-downlink-location_3/raw-downlink/veh-001/request bytes=28 forwarded=1
1787178090.681992 publish topic=edge4av/airspan-tdd-downlink-location_3/raw-downlink/veh-001/response bytes=102432 forwarded=1
1787178090.920696 publish topic=edge4av/airspan-tdd-downlink-location_3/raw-downlink/veh-001/request bytes=28 forwarded=1
1787178090.921480 publish topic=edge4av/airspan-tdd-downlink-location_3/raw-downlink/veh-001/response bytes=102432 forwarded=1
1787178091.191124 publish topic=edge4av/airspan-tdd-downlink-location_3/raw-downlink/veh-001/request bytes=28 forwarded=1
1787178091.192701 publish topic=edge4av/airspan-tdd-downlink-location_3/raw-downlink/veh-001/response bytes=102432 forwarded=1
1787178091.421606 publish topic=edge4av/airspan-tdd-downlink-location_3/raw-downlink/veh-001/request bytes=28 forwarded=1
1787178091.423278 publish topic=edge4av/airspan-tdd-downlink-location_3/raw-downlink/veh-001/response bytes=102432 forwarded=1
1787178091.651816 publish topic=edge4av/airspan-tdd-downlink-location_3/raw-downlink/veh-001/request bytes=28 forwarded=1
1787178091.653668 publish topic=edge4av/airspan-tdd-downlink-location_3/raw-downlink/veh-001/response bytes=102432 forwarded=1
1787178091.892355 publish topic=edge4av/airspan-tdd-downlink-location_3/raw-downlink/veh-001/request bytes=28 forwarded=1
1787178091.894078 publish topic=edge4av/airspan-tdd-downlink-location_3/raw-downlink/veh-001/response bytes=102432 forwarded=1
1787178092.122432 publish topic=edge4av/airspan-tdd-downlink-location_3/raw-downlink/veh-001/request bytes=28 forwarded=1
1787178092.123873 publish topic=edge4av/airspan-tdd-downlink-location_3/raw-downlink/veh-001/response bytes=102432 forwarded=1
1787178092.362858 publish topic=edge4av/airspan-tdd-downlink-location_3/raw-downlink/veh-001/request bytes=28 forwarded=1
1787178092.364630 publish topic=edge4av/airspan-tdd-downlink-location_3/raw-downlink/veh-001/response bytes=102432 forwarded=1
1787178093.113473 publish topic=edge4av/airspan-tdd-downlink-location_3/raw-downlink/veh-001/request bytes=28 forwarded=1
1787178093.114922 publish topic=edge4av/airspan-tdd-downlink-location_3/raw-downlink/veh-001/response bytes=102432 forwarded=1
1787178093.404076 publish topic=edge4av/airspan-tdd-downlink-location_3/raw-downlink/veh-001/request bytes=28 forwarded=1
1787178093.405735 publish topic=edge4av/airspan-tdd-downlink-location_3/raw-downlink/veh-001/response bytes=102432 forwarded=1
1787178093.674517 publish topic=edge4av/airspan-tdd-downlink-location_3/raw-downlink/veh-001/request bytes=28 forwarded=1
1787178093.675977 publish topic=edge4av/airspan-tdd-downlink-location_3/raw-downlink/veh-001/response bytes=102432 forwarded=1
1787178094.896007 publish topic=edge4av/airspan-tdd-downlink-location_3/raw-downlink/veh-001/request bytes=28 forwarded=1
1787178094.896897 publish topic=edge4av/airspan-tdd-downlink-location_3/raw-downlink/veh-001/response bytes=102432 forwarded=1
1787178095.226354 publish topic=edge4av/airspan-tdd-downlink-location_3/raw-downlink/veh-001/request bytes=28 forwarded=1
1787178095.228009 publish topic=edge4av/airspan-tdd-downlink-location_3/raw-downlink/veh-001/response bytes=102432 forwarded=1
1787178095.526714 publish topic=edge4av/airspan-tdd-downlink-location_3/raw-downlink/veh-001/request bytes=28 forwarded=1
1787178095.528341 publish topic=edge4av/airspan-tdd-downlink-location_3/raw-downlink/veh-001/response bytes=102432 forwarded=1
1787178095.807125 publish topic=edge4av/airspan-tdd-downlink-location_3/raw-downlink/veh-001/request bytes=28 forwarded=1
1787178095.808770 publish topic=edge4av/airspan-tdd-downlink-location_3/raw-downlink/veh-001/response bytes=102432 forwarded=1
1787178096.098202 publish topic=edge4av/airspan-tdd-downlink-location_3/raw-downlink/veh-001/request bytes=28 forwarded=1
1787178096.099669 publish topic=edge4av/airspan-tdd-downlink-location_3/raw-downlink/veh-001/response bytes=102432 forwarded=1
1787178096.377878 publish topic=edge4av/airspan-tdd-downlink-location_3/raw-downlink/veh-001/request bytes=28 forwarded=1
1787178096.379080 publish topic=edge4av/airspan-tdd-downlink-location_3/raw-downlink/veh-001/response bytes=102432 forwarded=1
1787178096.638327 publish topic=edge4av/airspan-tdd-downlink-location_3/raw-downlink/veh-001/request bytes=28 forwarded=1
1787178096.639824 publish topic=edge4av/airspan-tdd-downlink-location_3/raw-downlink/veh-001/response bytes=102432 forwarded=1
1787178096.908600 publish topic=edge4av/airspan-tdd-downlink-location_3/raw-downlink/veh-001/request bytes=28 forwarded=1
1787178096.910311 publish topic=edge4av/airspan-tdd-downlink-location_3/raw-downlink/veh-001/response bytes=102432 forwarded=1
1787178097.168765 publish topic=edge4av/airspan-tdd-downlink-location_3/raw-downlink/veh-001/request bytes=28 forwarded=1
1787178097.169386 publish topic=edge4av/airspan-tdd-downlink-location_3/raw-downlink/veh-001/response bytes=102432 forwarded=1
1787178097.429368 publish topic=edge4av/airspan-tdd-downlink-location_3/raw-downlink/veh-001/request bytes=28 forwarded=1
1787178097.431006 publish topic=edge4av/airspan-tdd-downlink-location_3/raw-downlink/veh-001/response bytes=102432 forwarded=1
1787178097.709735 publish topic=edge4av/airspan-tdd-downlink-location_3/raw-downlink/veh-001/request bytes=28 forwarded=1
1787178097.711279 publish topic=edge4av/airspan-tdd-downlink-location_3/raw-downlink/veh-001/response bytes=102432 forwarded=1
1787178097.980307 publish topic=edge4av/airspan-tdd-downlink-location_3/raw-downlink/veh-001/request bytes=28 forwarded=1
1787178097.981780 publish topic=edge4av/airspan-tdd-downlink-location_3/raw-downlink/veh-001/response bytes=102432 forwarded=1
1787178098.260482 publish topic=edge4av/airspan-tdd-downlink-location_3/raw-downlink/veh-001/request bytes=28 forwarded=1
1787178098.262626 publish topic=edge4av/airspan-tdd-downlink-location_3/raw-downlink/veh-001/response bytes=102432 forwarded=1
1787178098.521014 publish topic=edge4av/airspan-tdd-downlink-location_3/raw-downlink/veh-001/request bytes=28 forwarded=1
1787178098.522649 publish topic=edge4av/airspan-tdd-downlink-location_3/raw-downlink/veh-001/response bytes=102432 forwarded=1
1787178098.801424 publish topic=edge4av/airspan-tdd-downlink-location_3/raw-downlink/veh-001/request bytes=28 forwarded=1
1787178098.803108 publish topic=edge4av/airspan-tdd-downlink-location_3/raw-downlink/veh-001/response bytes=102432 forwarded=1
1787178099.091782 publish topic=edge4av/airspan-tdd-downlink-location_3/raw-downlink/veh-001/request bytes=28 forwarded=1
1787178099.093233 publish topic=edge4av/airspan-tdd-downlink-location_3/raw-downlink/veh-001/response bytes=102432 forwarded=1
1787178099.381832 publish topic=edge4av/airspan-tdd-downlink-location_3/raw-downlink/veh-001/request bytes=28 forwarded=1
1787178099.383279 publish topic=edge4av/airspan-tdd-downlink-location_3/raw-downlink/veh-001/response bytes=102432 forwarded=1
1787178099.672297 publish topic=edge4av/airspan-tdd-downlink-location_3/raw-downlink/veh-001/request bytes=28 forwarded=1
1787178099.673367 publish topic=edge4av/airspan-tdd-downlink-location_3/raw-downlink/veh-001/response bytes=102432 forwarded=1
1787178099.942850 publish topic=edge4av/airspan-tdd-downlink-location_3/raw-downlink/veh-001/request bytes=28 forwarded=1
1787178099.944534 publish topic=edge4av/airspan-tdd-downlink-location_3/raw-downlink/veh-001/response bytes=102432 forwarded=1
1787178100.213220 publish topic=edge4av/airspan-tdd-downlink-location_3/raw-downlink/veh-001/request bytes=28 forwarded=1
1787178100.214786 publish topic=edge4av/airspan-tdd-downlink-location_3/raw-downlink/veh-001/response bytes=102432 forwarded=1
1787178100.493594 publish topic=edge4av/airspan-tdd-downlink-location_3/raw-downlink/veh-001/request bytes=28 forwarded=1
1787178100.495235 publish topic=edge4av/airspan-tdd-downlink-location_3/raw-downlink/veh-001/response bytes=102432 forwarded=1
1787178100.753816 publish topic=edge4av/airspan-tdd-downlink-location_3/raw-downlink/veh-001/request bytes=28 forwarded=1
1787178100.755231 publish topic=edge4av/airspan-tdd-downlink-location_3/raw-downlink/veh-001/response bytes=102432 forwarded=1
1787178101.024137 publish topic=edge4av/airspan-tdd-downlink-location_3/raw-downlink/veh-001/request bytes=28 forwarded=1
1787178101.025644 publish topic=edge4av/airspan-tdd-downlink-location_3/raw-downlink/veh-001/response bytes=102432 forwarded=1
1787178101.284689 publish topic=edge4av/airspan-tdd-downlink-location_3/raw-downlink/veh-001/request bytes=28 forwarded=1
1787178101.286422 publish topic=edge4av/airspan-tdd-downlink-location_3/raw-downlink/veh-001/response bytes=102432 forwarded=1
1787178101.545125 publish topic=edge4av/airspan-tdd-downlink-location_3/raw-downlink/veh-001/request bytes=28 forwarded=1
1787178101.546803 publish topic=edge4av/airspan-tdd-downlink-location_3/raw-downlink/veh-001/response bytes=102432 forwarded=1
1787178101.815414 publish topic=edge4av/airspan-tdd-downlink-location_3/raw-downlink/veh-001/request bytes=28 forwarded=1
1787178101.817097 publish topic=edge4av/airspan-tdd-downlink-location_3/raw-downlink/veh-001/response bytes=102432 forwarded=1
1787178102.095777 publish topic=edge4av/airspan-tdd-downlink-location_3/raw-downlink/veh-001/request bytes=28 forwarded=1
1787178102.097284 publish topic=edge4av/airspan-tdd-downlink-location_3/raw-downlink/veh-001/response bytes=102432 forwarded=1
1787178102.376102 publish topic=edge4av/airspan-tdd-downlink-location_3/raw-downlink/veh-001/request bytes=28 forwarded=1
1787178102.377576 publish topic=edge4av/airspan-tdd-downlink-location_3/raw-downlink/veh-001/response bytes=102432 forwarded=1
1787178102.656596 publish topic=edge4av/airspan-tdd-downlink-location_3/raw-downlink/veh-001/request bytes=28 forwarded=1
1787178102.658108 publish topic=edge4av/airspan-tdd-downlink-location_3/raw-downlink/veh-001/response bytes=102432 forwarded=1
1787178102.906924 publish topic=edge4av/airspan-tdd-downlink-location_3/raw-downlink/veh-001/request bytes=28 forwarded=1
1787178102.908584 publish topic=edge4av/airspan-tdd-downlink-location_3/raw-downlink/veh-001/response bytes=102432 forwarded=1
1787178103.187198 publish topic=edge4av/airspan-tdd-downlink-location_3/raw-downlink/veh-001/request bytes=28 forwarded=1
1787178103.188503 publish topic=edge4av/airspan-tdd-downlink-location_3/raw-downlink/veh-001/response bytes=102432 forwarded=1
1787178103.457606 publish topic=edge4av/airspan-tdd-downlink-location_3/raw-downlink/veh-001/request bytes=28 forwarded=1
1787178103.459198 publish topic=edge4av/airspan-tdd-downlink-location_3/raw-downlink/veh-001/response bytes=102432 forwarded=1
1787178103.728148 publish topic=edge4av/airspan-tdd-downlink-location_3/raw-downlink/veh-001/request bytes=28 forwarded=1
1787178103.729650 publish topic=edge4av/airspan-tdd-downlink-location_3/raw-downlink/veh-001/response bytes=102432 forwarded=1
1787178103.988294 publish topic=edge4av/airspan-tdd-downlink-location_3/raw-downlink/veh-001/request bytes=28 forwarded=1
1787178103.988964 publish topic=edge4av/airspan-tdd-downlink-location_3/raw-downlink/veh-001/response bytes=102432 forwarded=1
1787178104.248413 publish topic=edge4av/airspan-tdd-downlink-location_3/raw-downlink/veh-001/request bytes=28 forwarded=1
1787178104.249366 publish topic=edge4av/airspan-tdd-downlink-location_3/raw-downlink/veh-001/response bytes=102432 forwarded=1
1787178104.498636 publish topic=edge4av/airspan-tdd-downlink-location_3/raw-downlink/veh-001/request bytes=28 forwarded=1
1787178104.499394 publish topic=edge4av/airspan-tdd-downlink-location_3/raw-downlink/veh-001/response bytes=102432 forwarded=1
1787178104.759253 publish topic=edge4av/airspan-tdd-downlink-location_3/raw-downlink/veh-001/request bytes=28 forwarded=1
1787178104.760986 publish topic=edge4av/airspan-tdd-downlink-location_3/raw-downlink/veh-001/response bytes=102432 forwarded=1
1787178105.019460 publish topic=edge4av/airspan-tdd-downlink-location_3/raw-downlink/veh-001/request bytes=28 forwarded=1
1787178105.020972 publish topic=edge4av/airspan-tdd-downlink-location_3/raw-downlink/veh-001/response bytes=102432 forwarded=1
1787178105.279930 publish topic=edge4av/airspan-tdd-downlink-location_3/raw-downlink/veh-001/request bytes=28 forwarded=1
1787178105.281375 publish topic=edge4av/airspan-tdd-downlink-location_3/raw-downlink/veh-001/response bytes=102432 forwarded=1
1787178105.570482 publish topic=edge4av/airspan-tdd-downlink-location_3/raw-downlink/veh-001/request bytes=28 forwarded=1
1787178105.571901 publish topic=edge4av/airspan-tdd-downlink-location_3/raw-downlink/veh-001/response bytes=102432 forwarded=1
1787178105.820820 publish topic=edge4av/airspan-tdd-downlink-location_3/raw-downlink/veh-001/request bytes=28 forwarded=1
1787178105.822484 publish topic=edge4av/airspan-tdd-downlink-location_3/raw-downlink/veh-001/response bytes=102432 forwarded=1
1787178106.091049 publish topic=edge4av/airspan-tdd-downlink-location_3/raw-downlink/veh-001/request bytes=28 forwarded=1
1787178106.092658 publish topic=edge4av/airspan-tdd-downlink-location_3/raw-downlink/veh-001/response bytes=102432 forwarded=1
1787178106.361278 publish topic=edge4av/airspan-tdd-downlink-location_3/raw-downlink/veh-001/request bytes=28 forwarded=1
1787178106.363023 publish topic=edge4av/airspan-tdd-downlink-location_3/raw-downlink/veh-001/response bytes=102432 forwarded=1
1787178106.611808 publish topic=edge4av/airspan-tdd-downlink-location_3/raw-downlink/veh-001/request bytes=28 forwarded=1
1787178106.612439 publish topic=edge4av/airspan-tdd-downlink-location_3/raw-downlink/veh-001/response bytes=102432 forwarded=1
1787178106.851820 publish topic=edge4av/airspan-tdd-downlink-location_3/raw-downlink/veh-001/request bytes=28 forwarded=1
1787178106.853361 publish topic=edge4av/airspan-tdd-downlink-location_3/raw-downlink/veh-001/response bytes=102432 forwarded=1
1787178107.092192 publish topic=edge4av/airspan-tdd-downlink-location_3/raw-downlink/veh-001/request bytes=28 forwarded=1
1787178107.094804 publish topic=edge4av/airspan-tdd-downlink-location_3/raw-downlink/veh-001/response bytes=102432 forwarded=1
1787178107.332388 publish topic=edge4av/airspan-tdd-downlink-location_3/raw-downlink/veh-001/request bytes=28 forwarded=1
1787178107.333513 publish topic=edge4av/airspan-tdd-downlink-location_3/raw-downlink/veh-001/response bytes=102432 forwarded=1
1787178107.562860 publish topic=edge4av/airspan-tdd-downlink-location_3/raw-downlink/veh-001/request bytes=28 forwarded=1
1787178107.564532 publish topic=edge4av/airspan-tdd-downlink-location_3/raw-downlink/veh-001/response bytes=102432 forwarded=1
1787178107.802809 publish topic=edge4av/airspan-tdd-downlink-location_3/raw-downlink/veh-001/request bytes=28 forwarded=1
1787178107.803417 publish topic=edge4av/airspan-tdd-downlink-location_3/raw-downlink/veh-001/response bytes=102432 forwarded=1
1787178108.053308 publish topic=edge4av/airspan-tdd-downlink-location_3/raw-downlink/veh-001/request bytes=28 forwarded=1
1787178108.054727 publish topic=edge4av/airspan-tdd-downlink-location_3/raw-downlink/veh-001/response bytes=102432 forwarded=1
1787178108.323542 publish topic=edge4av/airspan-tdd-downlink-location_3/raw-downlink/veh-001/request bytes=28 forwarded=1
1787178108.325050 publish topic=edge4av/airspan-tdd-downlink-location_3/raw-downlink/veh-001/response bytes=102432 forwarded=1
1787178108.584229 publish topic=edge4av/airspan-tdd-downlink-location_3/raw-downlink/veh-001/request bytes=28 forwarded=1
1787178108.586442 publish topic=edge4av/airspan-tdd-downlink-location_3/raw-downlink/veh-001/response bytes=102432 forwarded=1
1787178108.824499 publish topic=edge4av/airspan-tdd-downlink-location_3/raw-downlink/veh-001/request bytes=28 forwarded=1
1787178108.826077 publish topic=edge4av/airspan-tdd-downlink-location_3/raw-downlink/veh-001/response bytes=102432 forwarded=1
1787178109.094745 publish topic=edge4av/airspan-tdd-downlink-location_3/raw-downlink/veh-001/request bytes=28 forwarded=1
1787178109.096399 publish topic=edge4av/airspan-tdd-downlink-location_3/raw-downlink/veh-001/response bytes=102432 forwarded=1
1787178109.375194 publish topic=edge4av/airspan-tdd-downlink-location_3/raw-downlink/veh-001/request bytes=28 forwarded=1
1787178109.376665 publish topic=edge4av/airspan-tdd-downlink-location_3/raw-downlink/veh-001/response bytes=102432 forwarded=1
1787178109.615838 publish topic=edge4av/airspan-tdd-downlink-location_3/raw-downlink/veh-001/request bytes=28 forwarded=1
1787178109.616537 publish topic=edge4av/airspan-tdd-downlink-location_3/raw-downlink/veh-001/response bytes=102432 forwarded=1
1787178109.855884 publish topic=edge4av/airspan-tdd-downlink-location_3/raw-downlink/veh-001/request bytes=28 forwarded=1
1787178109.857656 publish topic=edge4av/airspan-tdd-downlink-location_3/raw-downlink/veh-001/response bytes=102432 forwarded=1
1787178110.116030 publish topic=edge4av/airspan-tdd-downlink-location_3/raw-downlink/veh-001/request bytes=28 forwarded=1
1787178110.116664 publish topic=edge4av/airspan-tdd-downlink-location_3/raw-downlink/veh-001/response bytes=102432 forwarded=1
1787178110.366201 publish topic=edge4av/airspan-tdd-downlink-location_3/raw-downlink/veh-001/request bytes=28 forwarded=1
1787178110.367872 publish topic=edge4av/airspan-tdd-downlink-location_3/raw-downlink/veh-001/response bytes=102432 forwarded=1
1787178110.616992 publish topic=edge4av/airspan-tdd-downlink-location_3/raw-downlink/veh-001/request bytes=28 forwarded=1
1787178110.617702 publish topic=edge4av/airspan-tdd-downlink-location_3/raw-downlink/veh-001/response bytes=102432 forwarded=1
1787178110.897339 publish topic=edge4av/airspan-tdd-downlink-location_3/raw-downlink/veh-001/request bytes=28 forwarded=1
1787178110.898805 publish topic=edge4av/airspan-tdd-downlink-location_3/raw-downlink/veh-001/response bytes=102432 forwarded=1
1787178111.177562 publish topic=edge4av/airspan-tdd-downlink-location_3/raw-downlink/veh-001/request bytes=28 forwarded=1
1787178111.179005 publish topic=edge4av/airspan-tdd-downlink-location_3/raw-downlink/veh-001/response bytes=102432 forwarded=1
1787178111.428047 publish topic=edge4av/airspan-tdd-downlink-location_3/raw-downlink/veh-001/request bytes=28 forwarded=1
1787178111.429780 publish topic=edge4av/airspan-tdd-downlink-location_3/raw-downlink/veh-001/response bytes=102432 forwarded=1
1787178111.708152 publish topic=edge4av/airspan-tdd-downlink-location_3/raw-downlink/veh-001/request bytes=28 forwarded=1
1787178111.709711 publish topic=edge4av/airspan-tdd-downlink-location_3/raw-downlink/veh-001/response bytes=102432 forwarded=1
1787178111.948590 publish topic=edge4av/airspan-tdd-downlink-location_3/raw-downlink/veh-001/request bytes=28 forwarded=1
1787178111.950272 publish topic=edge4av/airspan-tdd-downlink-location_3/raw-downlink/veh-001/response bytes=102432 forwarded=1
1787178112.269026 publish topic=edge4av/airspan-tdd-downlink-location_3/raw-downlink/veh-001/request bytes=28 forwarded=1
1787178112.270603 publish topic=edge4av/airspan-tdd-downlink-location_3/raw-downlink/veh-001/response bytes=102432 forwarded=1
1787178113.470029 publish topic=edge4av/airspan-tdd-downlink-location_3/raw-downlink/veh-001/request bytes=28 forwarded=1
1787178113.470954 publish topic=edge4av/airspan-tdd-downlink-location_3/raw-downlink/veh-001/response bytes=102432 forwarded=1
1787178113.800627 publish topic=edge4av/airspan-tdd-downlink-location_3/raw-downlink/veh-001/request bytes=28 forwarded=1
1787178113.802442 publish topic=edge4av/airspan-tdd-downlink-location_3/raw-downlink/veh-001/response bytes=102432 forwarded=1
1787178114.080890 publish topic=edge4av/airspan-tdd-downlink-location_3/raw-downlink/veh-001/request bytes=28 forwarded=1
1787178114.081496 publish topic=edge4av/airspan-tdd-downlink-location_3/raw-downlink/veh-001/response bytes=102432 forwarded=1
1787178114.351559 publish topic=edge4av/airspan-tdd-downlink-location_3/raw-downlink/veh-001/request bytes=28 forwarded=1
1787178114.353241 publish topic=edge4av/airspan-tdd-downlink-location_3/raw-downlink/veh-001/response bytes=102432 forwarded=1
1787178114.611925 publish topic=edge4av/airspan-tdd-downlink-location_3/raw-downlink/veh-001/request bytes=28 forwarded=1
1787178114.613164 publish topic=edge4av/airspan-tdd-downlink-location_3/raw-downlink/veh-001/response bytes=102432 forwarded=1
1787178114.882052 publish topic=edge4av/airspan-tdd-downlink-location_3/raw-downlink/veh-001/request bytes=28 forwarded=1
1787178114.883763 publish topic=edge4av/airspan-tdd-downlink-location_3/raw-downlink/veh-001/response bytes=102432 forwarded=1
1787178116.083721 publish topic=edge4av/airspan-tdd-downlink-location_3/raw-downlink/veh-001/request bytes=28 forwarded=1
1787178116.085198 publish topic=edge4av/airspan-tdd-downlink-location_3/raw-downlink/veh-001/response bytes=102432 forwarded=1
1787178116.393898 publish topic=edge4av/airspan-tdd-downlink-location_3/raw-downlink/veh-001/request bytes=28 forwarded=1
1787178116.394617 publish topic=edge4av/airspan-tdd-downlink-location_3/raw-downlink/veh-001/response bytes=102432 forwarded=1
1787178116.664212 publish topic=edge4av/airspan-tdd-downlink-location_3/raw-downlink/veh-001/request bytes=28 forwarded=1
1787178116.665761 publish topic=edge4av/airspan-tdd-downlink-location_3/raw-downlink/veh-001/response bytes=102432 forwarded=1
1787178116.944390 publish topic=edge4av/airspan-tdd-downlink-location_3/raw-downlink/veh-001/request bytes=28 forwarded=1
1787178116.946060 publish topic=edge4av/airspan-tdd-downlink-location_3/raw-downlink/veh-001/response bytes=102432 forwarded=1
1787178117.225075 publish topic=edge4av/airspan-tdd-downlink-location_3/raw-downlink/veh-001/request bytes=28 forwarded=1
1787178117.226549 publish topic=edge4av/airspan-tdd-downlink-location_3/raw-downlink/veh-001/response bytes=102432 forwarded=1
1787178117.495153 publish topic=edge4av/airspan-tdd-downlink-location_3/raw-downlink/veh-001/request bytes=28 forwarded=1
1787178117.495655 publish topic=edge4av/airspan-tdd-downlink-location_3/raw-downlink/veh-001/response bytes=102432 forwarded=1
1787178117.765837 publish topic=edge4av/airspan-tdd-downlink-location_3/raw-downlink/veh-001/request bytes=28 forwarded=1
1787178117.767583 publish topic=edge4av/airspan-tdd-downlink-location_3/raw-downlink/veh-001/response bytes=102432 forwarded=1
1787178118.957031 publish topic=edge4av/airspan-tdd-downlink-location_3/raw-downlink/veh-001/request bytes=28 forwarded=1
1787178118.958685 publish topic=edge4av/airspan-tdd-downlink-location_3/raw-downlink/veh-001/response bytes=102432 forwarded=1
1787178119.287446 publish topic=edge4av/airspan-tdd-downlink-location_3/raw-downlink/veh-001/request bytes=28 forwarded=1
1787178119.289240 publish topic=edge4av/airspan-tdd-downlink-location_3/raw-downlink/veh-001/response bytes=102432 forwarded=1
1787178120.569081 publish topic=edge4av/airspan-tdd-downlink-location_3/raw-downlink/veh-001/request bytes=28 forwarded=1
1787178120.570514 publish topic=edge4av/airspan-tdd-downlink-location_3/raw-downlink/veh-001/response bytes=102432 forwarded=1
1787178120.899014 publish topic=edge4av/airspan-tdd-downlink-location_3/raw-downlink/veh-001/request bytes=28 forwarded=1
1787178120.900054 publish topic=edge4av/airspan-tdd-downlink-location_3/raw-downlink/veh-001/response bytes=102432 forwarded=1
1787178121.199513 publish topic=edge4av/airspan-tdd-downlink-location_3/raw-downlink/veh-001/request bytes=28 forwarded=1
1787178121.200941 publish topic=edge4av/airspan-tdd-downlink-location_3/raw-downlink/veh-001/response bytes=102432 forwarded=1
1787178121.519998 publish topic=edge4av/airspan-tdd-downlink-location_3/raw-downlink/veh-001/request bytes=28 forwarded=1
1787178121.520759 publish topic=edge4av/airspan-tdd-downlink-location_3/raw-downlink/veh-001/response bytes=102432 forwarded=1
1787178121.830319 publish topic=edge4av/airspan-tdd-downlink-location_3/raw-downlink/veh-001/request bytes=28 forwarded=1
1787178121.831396 publish topic=edge4av/airspan-tdd-downlink-location_3/raw-downlink/veh-001/response bytes=102432 forwarded=1
1787178122.351192 publish topic=edge4av/airspan-tdd-downlink-location_3/raw-downlink/veh-001/request bytes=28 forwarded=1
1787178122.352829 publish topic=edge4av/airspan-tdd-downlink-location_3/raw-downlink/veh-001/response bytes=102432 forwarded=1
1787178122.781743 publish topic=edge4av/airspan-tdd-downlink-location_3/raw-downlink/veh-001/request bytes=28 forwarded=1
1787178122.783187 publish topic=edge4av/airspan-tdd-downlink-location_3/raw-downlink/veh-001/response bytes=102432 forwarded=1
1787178123.171991 publish topic=edge4av/airspan-tdd-downlink-location_3/raw-downlink/veh-001/request bytes=28 forwarded=1
1787178123.173399 publish topic=edge4av/airspan-tdd-downlink-location_3/raw-downlink/veh-001/response bytes=102432 forwarded=1
1787178123.542645 publish topic=edge4av/airspan-tdd-downlink-location_3/raw-downlink/veh-001/request bytes=28 forwarded=1
1787178123.544340 publish topic=edge4av/airspan-tdd-downlink-location_3/raw-downlink/veh-001/response bytes=102432 forwarded=1
1787178124.824352 publish topic=edge4av/airspan-tdd-downlink-location_3/raw-downlink/veh-001/request bytes=28 forwarded=1
1787178124.826043 publish topic=edge4av/airspan-tdd-downlink-location_3/raw-downlink/veh-001/response bytes=102432 forwarded=1
1787178125.274742 publish topic=edge4av/airspan-tdd-downlink-location_3/raw-downlink/veh-001/request bytes=28 forwarded=1
1787178125.276383 publish topic=edge4av/airspan-tdd-downlink-location_3/raw-downlink/veh-001/response bytes=102432 forwarded=1
1787178125.695210 publish topic=edge4av/airspan-tdd-downlink-location_3/raw-downlink/veh-001/request bytes=28 forwarded=1
1787178125.695762 publish topic=edge4av/airspan-tdd-downlink-location_3/raw-downlink/veh-001/response bytes=102432 forwarded=1
1787178126.065625 publish topic=edge4av/airspan-tdd-downlink-location_3/raw-downlink/veh-001/request bytes=28 forwarded=1
1787178126.066856 publish topic=edge4av/airspan-tdd-downlink-location_3/raw-downlink/veh-001/response bytes=102432 forwarded=1
1787178126.456386 publish topic=edge4av/airspan-tdd-downlink-location_3/raw-downlink/veh-001/request bytes=28 forwarded=1
1787178126.458132 publish topic=edge4av/airspan-tdd-downlink-location_3/raw-downlink/veh-001/response bytes=102432 forwarded=1
1787178126.806736 publish topic=edge4av/airspan-tdd-downlink-location_3/raw-downlink/veh-001/request bytes=28 forwarded=1
1787178126.808410 publish topic=edge4av/airspan-tdd-downlink-location_3/raw-downlink/veh-001/response bytes=102432 forwarded=1
1787178127.147073 publish topic=edge4av/airspan-tdd-downlink-location_3/raw-downlink/veh-001/request bytes=28 forwarded=1
1787178127.148710 publish topic=edge4av/airspan-tdd-downlink-location_3/raw-downlink/veh-001/response bytes=102432 forwarded=1
1787178127.517726 publish topic=edge4av/airspan-tdd-downlink-location_3/raw-downlink/veh-001/request bytes=28 forwarded=1
1787178127.519583 publish topic=edge4av/airspan-tdd-downlink-location_3/raw-downlink/veh-001/response bytes=102432 forwarded=1
1787178127.837960 publish topic=edge4av/airspan-tdd-downlink-location_3/raw-downlink/veh-001/request bytes=28 forwarded=1
1787178127.839581 publish topic=edge4av/airspan-tdd-downlink-location_3/raw-downlink/veh-001/response bytes=102432 forwarded=1
1787178128.168565 publish topic=edge4av/airspan-tdd-downlink-location_3/raw-downlink/veh-001/request bytes=28 forwarded=1
1787178128.170139 publish topic=edge4av/airspan-tdd-downlink-location_3/raw-downlink/veh-001/response bytes=102432 forwarded=1
1787178129.520238 publish topic=edge4av/airspan-tdd-downlink-location_3/raw-downlink/veh-001/request bytes=28 forwarded=1
1787178129.522004 publish topic=edge4av/airspan-tdd-downlink-location_3/raw-downlink/veh-001/response bytes=102432 forwarded=1
1787178129.910576 publish topic=edge4av/airspan-tdd-downlink-location_3/raw-downlink/veh-001/request bytes=28 forwarded=1
1787178129.911371 publish topic=edge4av/airspan-tdd-downlink-location_3/raw-downlink/veh-001/response bytes=102432 forwarded=1
1787178130.301138 publish topic=edge4av/airspan-tdd-downlink-location_3/raw-downlink/veh-001/request bytes=28 forwarded=1
1787178130.302394 publish topic=edge4av/airspan-tdd-downlink-location_3/raw-downlink/veh-001/response bytes=102432 forwarded=1
1787178130.651680 publish topic=edge4av/airspan-tdd-downlink-location_3/raw-downlink/veh-001/request bytes=28 forwarded=1
1787178130.653008 publish topic=edge4av/airspan-tdd-downlink-location_3/raw-downlink/veh-001/response bytes=102432 forwarded=1
1787178130.992178 publish topic=edge4av/airspan-tdd-downlink-location_3/raw-downlink/veh-001/request bytes=28 forwarded=1
1787178130.993721 publish topic=edge4av/airspan-tdd-downlink-location_3/raw-downlink/veh-001/response bytes=102432 forwarded=1
1787178131.322474 publish topic=edge4av/airspan-tdd-downlink-location_3/raw-downlink/veh-001/request bytes=28 forwarded=1
1787178131.323847 publish topic=edge4av/airspan-tdd-downlink-location_3/raw-downlink/veh-001/response bytes=102432 forwarded=1
1787178131.653045 publish topic=edge4av/airspan-tdd-downlink-location_3/raw-downlink/veh-001/request bytes=28 forwarded=1
1787178131.653802 publish topic=edge4av/airspan-tdd-downlink-location_3/raw-downlink/veh-001/response bytes=102432 forwarded=1
1787178131.963607 publish topic=edge4av/airspan-tdd-downlink-location_3/raw-downlink/veh-001/request bytes=28 forwarded=1
1787178131.965111 publish topic=edge4av/airspan-tdd-downlink-location_3/raw-downlink/veh-001/response bytes=102432 forwarded=1
1787178132.264040 publish topic=edge4av/airspan-tdd-downlink-location_3/raw-downlink/veh-001/request bytes=28 forwarded=1
1787178132.264990 publish topic=edge4av/airspan-tdd-downlink-location_3/raw-downlink/veh-001/response bytes=102432 forwarded=1
1787178132.564489 publish topic=edge4av/airspan-tdd-downlink-location_3/raw-downlink/veh-001/request bytes=28 forwarded=1
1787178132.565995 publish topic=edge4av/airspan-tdd-downlink-location_3/raw-downlink/veh-001/response bytes=102432 forwarded=1
1787178132.864806 publish topic=edge4av/airspan-tdd-downlink-location_3/raw-downlink/veh-001/request bytes=28 forwarded=1
1787178132.866305 publish topic=edge4av/airspan-tdd-downlink-location_3/raw-downlink/veh-001/response bytes=102432 forwarded=1
1787178133.155253 publish topic=edge4av/airspan-tdd-downlink-location_3/raw-downlink/veh-001/request bytes=28 forwarded=1
1787178133.156970 publish topic=edge4av/airspan-tdd-downlink-location_3/raw-downlink/veh-001/response bytes=102432 forwarded=1
1787178133.455634 publish topic=edge4av/airspan-tdd-downlink-location_3/raw-downlink/veh-001/request bytes=28 forwarded=1
1787178133.457347 publish topic=edge4av/airspan-tdd-downlink-location_3/raw-downlink/veh-001/response bytes=102432 forwarded=1
1787178133.766226 publish topic=edge4av/airspan-tdd-downlink-location_3/raw-downlink/veh-001/request bytes=28 forwarded=1
1787178133.767885 publish topic=edge4av/airspan-tdd-downlink-location_3/raw-downlink/veh-001/response bytes=102432 forwarded=1
1787178134.076681 publish topic=edge4av/airspan-tdd-downlink-location_3/raw-downlink/veh-001/request bytes=28 forwarded=1
1787178134.078129 publish topic=edge4av/airspan-tdd-downlink-location_3/raw-downlink/veh-001/response bytes=102432 forwarded=1
1787178134.396983 publish topic=edge4av/airspan-tdd-downlink-location_3/raw-downlink/veh-001/request bytes=28 forwarded=1
1787178134.397743 publish topic=edge4av/airspan-tdd-downlink-location_3/raw-downlink/veh-001/response bytes=102432 forwarded=1
1787178134.737599 publish topic=edge4av/airspan-tdd-downlink-location_3/raw-downlink/veh-001/request bytes=28 forwarded=1
1787178134.739052 publish topic=edge4av/airspan-tdd-downlink-location_3/raw-downlink/veh-001/response bytes=102432 forwarded=1
1787178135.037910 publish topic=edge4av/airspan-tdd-downlink-location_3/raw-downlink/veh-001/request bytes=28 forwarded=1
1787178135.039605 publish topic=edge4av/airspan-tdd-downlink-location_3/raw-downlink/veh-001/response bytes=102432 forwarded=1
1787178135.318376 publish topic=edge4av/airspan-tdd-downlink-location_3/raw-downlink/veh-001/request bytes=28 forwarded=1
1787178135.319911 publish topic=edge4av/airspan-tdd-downlink-location_3/raw-downlink/veh-001/response bytes=102432 forwarded=1
1787178135.618595 publish topic=edge4av/airspan-tdd-downlink-location_3/raw-downlink/veh-001/request bytes=28 forwarded=1
1787178135.619304 publish topic=edge4av/airspan-tdd-downlink-location_3/raw-downlink/veh-001/response bytes=102432 forwarded=1
1787178135.939210 publish topic=edge4av/airspan-tdd-downlink-location_3/raw-downlink/veh-001/request bytes=28 forwarded=1
1787178135.940684 publish topic=edge4av/airspan-tdd-downlink-location_3/raw-downlink/veh-001/response bytes=102432 forwarded=1
1787178136.219501 publish topic=edge4av/airspan-tdd-downlink-location_3/raw-downlink/veh-001/request bytes=28 forwarded=1
1787178136.220993 publish topic=edge4av/airspan-tdd-downlink-location_3/raw-downlink/veh-001/response bytes=102432 forwarded=1
1787178136.489908 publish topic=edge4av/airspan-tdd-downlink-location_3/raw-downlink/veh-001/request bytes=28 forwarded=1
1787178136.491615 publish topic=edge4av/airspan-tdd-downlink-location_3/raw-downlink/veh-001/response bytes=102432 forwarded=1
1787178136.760205 publish topic=edge4av/airspan-tdd-downlink-location_3/raw-downlink/veh-001/request bytes=28 forwarded=1
1787178136.762535 publish topic=edge4av/airspan-tdd-downlink-location_3/raw-downlink/veh-001/response bytes=102432 forwarded=1
1787178137.030349 publish topic=edge4av/airspan-tdd-downlink-location_3/raw-downlink/veh-001/request bytes=28 forwarded=1
1787178137.031999 publish topic=edge4av/airspan-tdd-downlink-location_3/raw-downlink/veh-001/response bytes=102432 forwarded=1
1787178137.300543 publish topic=edge4av/airspan-tdd-downlink-location_3/raw-downlink/veh-001/request bytes=28 forwarded=1
1787178137.301128 publish topic=edge4av/airspan-tdd-downlink-location_3/raw-downlink/veh-001/response bytes=102432 forwarded=1
1787178137.591300 publish topic=edge4av/airspan-tdd-downlink-location_3/raw-downlink/veh-001/request bytes=28 forwarded=1
1787178137.592774 publish topic=edge4av/airspan-tdd-downlink-location_3/raw-downlink/veh-001/response bytes=102432 forwarded=1
1787178137.891520 publish topic=edge4av/airspan-tdd-downlink-location_3/raw-downlink/veh-001/request bytes=28 forwarded=1
1787178137.893171 publish topic=edge4av/airspan-tdd-downlink-location_3/raw-downlink/veh-001/response bytes=102432 forwarded=1
1787178138.162167 publish topic=edge4av/airspan-tdd-downlink-location_3/raw-downlink/veh-001/request bytes=28 forwarded=1
1787178138.163844 publish topic=edge4av/airspan-tdd-downlink-location_3/raw-downlink/veh-001/response bytes=102432 forwarded=1
1787178138.462485 publish topic=edge4av/airspan-tdd-downlink-location_3/raw-downlink/veh-001/request bytes=28 forwarded=1
1787178138.463297 publish topic=edge4av/airspan-tdd-downlink-location_3/raw-downlink/veh-001/response bytes=102432 forwarded=1
1787178138.753077 publish topic=edge4av/airspan-tdd-downlink-location_3/raw-downlink/veh-001/request bytes=28 forwarded=1
1787178138.754693 publish topic=edge4av/airspan-tdd-downlink-location_3/raw-downlink/veh-001/response bytes=102432 forwarded=1
1787178139.013372 publish topic=edge4av/airspan-tdd-downlink-location_3/raw-downlink/veh-001/request bytes=28 forwarded=1
1787178139.014824 publish topic=edge4av/airspan-tdd-downlink-location_3/raw-downlink/veh-001/response bytes=102432 forwarded=1
1787178139.303555 publish topic=edge4av/airspan-tdd-downlink-location_3/raw-downlink/veh-001/request bytes=28 forwarded=1
1787178139.305006 publish topic=edge4av/airspan-tdd-downlink-location_3/raw-downlink/veh-001/response bytes=102432 forwarded=1
1787178139.594053 publish topic=edge4av/airspan-tdd-downlink-location_3/raw-downlink/veh-001/request bytes=28 forwarded=1
1787178139.595694 publish topic=edge4av/airspan-tdd-downlink-location_3/raw-downlink/veh-001/response bytes=102432 forwarded=1
1787178139.874657 publish topic=edge4av/airspan-tdd-downlink-location_3/raw-downlink/veh-001/request bytes=28 forwarded=1
1787178139.876323 publish topic=edge4av/airspan-tdd-downlink-location_3/raw-downlink/veh-001/response bytes=102432 forwarded=1
1787178140.134715 publish topic=edge4av/airspan-tdd-downlink-location_3/raw-downlink/veh-001/request bytes=28 forwarded=1
1787178140.135731 publish topic=edge4av/airspan-tdd-downlink-location_3/raw-downlink/veh-001/response bytes=102432 forwarded=1
1787178140.405241 publish topic=edge4av/airspan-tdd-downlink-location_3/raw-downlink/veh-001/request bytes=28 forwarded=1
1787178140.406667 publish topic=edge4av/airspan-tdd-downlink-location_3/raw-downlink/veh-001/response bytes=102432 forwarded=1
1787178140.695652 publish topic=edge4av/airspan-tdd-downlink-location_3/raw-downlink/veh-001/request bytes=28 forwarded=1
1787178140.696385 publish topic=edge4av/airspan-tdd-downlink-location_3/raw-downlink/veh-001/response bytes=102432 forwarded=1
1787178140.966021 publish topic=edge4av/airspan-tdd-downlink-location_3/raw-downlink/veh-001/request bytes=28 forwarded=1
1787178140.967496 publish topic=edge4av/airspan-tdd-downlink-location_3/raw-downlink/veh-001/response bytes=102432 forwarded=1
1787178141.245987 publish topic=edge4av/airspan-tdd-downlink-location_3/raw-downlink/veh-001/request bytes=28 forwarded=1
1787178141.246758 publish topic=edge4av/airspan-tdd-downlink-location_3/raw-downlink/veh-001/response bytes=102432 forwarded=1
1787178141.526804 publish topic=edge4av/airspan-tdd-downlink-location_3/raw-downlink/veh-001/request bytes=28 forwarded=1
1787178141.528289 publish topic=edge4av/airspan-tdd-downlink-location_3/raw-downlink/veh-001/response bytes=102432 forwarded=1
1787178141.796863 publish topic=edge4av/airspan-tdd-downlink-location_3/raw-downlink/veh-001/request bytes=28 forwarded=1
1787178141.797773 publish topic=edge4av/airspan-tdd-downlink-location_3/raw-downlink/veh-001/response bytes=102432 forwarded=1
1787178142.077423 publish topic=edge4av/airspan-tdd-downlink-location_3/raw-downlink/veh-001/request bytes=28 forwarded=1
1787178142.078897 publish topic=edge4av/airspan-tdd-downlink-location_3/raw-downlink/veh-001/response bytes=102432 forwarded=1
1787178142.357718 publish topic=edge4av/airspan-tdd-downlink-location_3/raw-downlink/veh-001/request bytes=28 forwarded=1
1787178142.358449 publish topic=edge4av/airspan-tdd-downlink-location_3/raw-downlink/veh-001/response bytes=102432 forwarded=1
1787178142.628367 publish topic=edge4av/airspan-tdd-downlink-location_3/raw-downlink/veh-001/request bytes=28 forwarded=1
1787178142.629657 publish topic=edge4av/airspan-tdd-downlink-location_3/raw-downlink/veh-001/response bytes=102432 forwarded=1
1787178142.918556 publish topic=edge4av/airspan-tdd-downlink-location_3/raw-downlink/veh-001/request bytes=28 forwarded=1
1787178142.919254 publish topic=edge4av/airspan-tdd-downlink-location_3/raw-downlink/veh-001/response bytes=102432 forwarded=1
1787178143.188896 publish topic=edge4av/airspan-tdd-downlink-location_3/raw-downlink/veh-001/request bytes=28 forwarded=1
1787178143.190553 publish topic=edge4av/airspan-tdd-downlink-location_3/raw-downlink/veh-001/response bytes=102432 forwarded=1
1787178143.469022 publish topic=edge4av/airspan-tdd-downlink-location_3/raw-downlink/veh-001/request bytes=28 forwarded=1
1787178143.469936 publish topic=edge4av/airspan-tdd-downlink-location_3/raw-downlink/veh-001/response bytes=102432 forwarded=1
1787178143.749787 publish topic=edge4av/airspan-tdd-downlink-location_3/raw-downlink/veh-001/request bytes=28 forwarded=1
1787178143.751298 publish topic=edge4av/airspan-tdd-downlink-location_3/raw-downlink/veh-001/response bytes=102432 forwarded=1
1787178144.019890 publish topic=edge4av/airspan-tdd-downlink-location_3/raw-downlink/veh-001/request bytes=28 forwarded=1
1787178144.021392 publish topic=edge4av/airspan-tdd-downlink-location_3/raw-downlink/veh-001/response bytes=102432 forwarded=1
1787178144.300197 publish topic=edge4av/airspan-tdd-downlink-location_3/raw-downlink/veh-001/request bytes=28 forwarded=1
1787178144.301957 publish topic=edge4av/airspan-tdd-downlink-location_3/raw-downlink/veh-001/response bytes=102432 forwarded=1
1787178144.560740 publish topic=edge4av/airspan-tdd-downlink-location_3/raw-downlink/veh-001/request bytes=28 forwarded=1
1787178144.562231 publish topic=edge4av/airspan-tdd-downlink-location_3/raw-downlink/veh-001/response bytes=102432 forwarded=1
1787178144.840915 publish topic=edge4av/airspan-tdd-downlink-location_3/raw-downlink/veh-001/request bytes=28 forwarded=1
1787178144.842545 publish topic=edge4av/airspan-tdd-downlink-location_3/raw-downlink/veh-001/response bytes=102432 forwarded=1
1787178145.111337 publish topic=edge4av/airspan-tdd-downlink-location_3/raw-downlink/veh-001/request bytes=28 forwarded=1
1787178145.111964 publish topic=edge4av/airspan-tdd-downlink-location_3/raw-downlink/veh-001/response bytes=102432 forwarded=1
1787178145.381773 publish topic=edge4av/airspan-tdd-downlink-location_3/raw-downlink/veh-001/request bytes=28 forwarded=1
1787178145.383248 publish topic=edge4av/airspan-tdd-downlink-location_3/raw-downlink/veh-001/response bytes=102432 forwarded=1
1787178145.661767 publish topic=edge4av/airspan-tdd-downlink-location_3/raw-downlink/veh-001/request bytes=28 forwarded=1
1787178145.662583 publish topic=edge4av/airspan-tdd-downlink-location_3/raw-downlink/veh-001/response bytes=102432 forwarded=1
1787178145.932253 publish topic=edge4av/airspan-tdd-downlink-location_3/raw-downlink/veh-001/request bytes=28 forwarded=1
1787178145.933944 publish topic=edge4av/airspan-tdd-downlink-location_3/raw-downlink/veh-001/response bytes=102432 forwarded=1
1787178146.202602 publish topic=edge4av/airspan-tdd-downlink-location_3/raw-downlink/veh-001/request bytes=28 forwarded=1
1787178146.204231 publish topic=edge4av/airspan-tdd-downlink-location_3/raw-downlink/veh-001/response bytes=102432 forwarded=1
1787178146.483085 publish topic=edge4av/airspan-tdd-downlink-location_3/raw-downlink/veh-001/request bytes=28 forwarded=1
1787178146.484534 publish topic=edge4av/airspan-tdd-downlink-location_3/raw-downlink/veh-001/response bytes=102432 forwarded=1
1787178146.753405 publish topic=edge4av/airspan-tdd-downlink-location_3/raw-downlink/veh-001/request bytes=28 forwarded=1
1787178146.754423 publish topic=edge4av/airspan-tdd-downlink-location_3/raw-downlink/veh-001/response bytes=102432 forwarded=1
1787178147.003667 publish topic=edge4av/airspan-tdd-downlink-location_3/raw-downlink/veh-001/request bytes=28 forwarded=1
1787178147.005278 publish topic=edge4av/airspan-tdd-downlink-location_3/raw-downlink/veh-001/response bytes=102432 forwarded=1
1787178147.264150 publish topic=edge4av/airspan-tdd-downlink-location_3/raw-downlink/veh-001/request bytes=28 forwarded=1
1787178147.265812 publish topic=edge4av/airspan-tdd-downlink-location_3/raw-downlink/veh-001/response bytes=102432 forwarded=1
1787178147.514353 publish topic=edge4av/airspan-tdd-downlink-location_3/raw-downlink/veh-001/request bytes=28 forwarded=1
1787178147.515068 publish topic=edge4av/airspan-tdd-downlink-location_3/raw-downlink/veh-001/response bytes=102432 forwarded=1
1787178147.764786 publish topic=edge4av/airspan-tdd-downlink-location_3/raw-downlink/veh-001/request bytes=28 forwarded=1
1787178147.766387 publish topic=edge4av/airspan-tdd-downlink-location_3/raw-downlink/veh-001/response bytes=102432 forwarded=1
1787178148.025052 publish topic=edge4av/airspan-tdd-downlink-location_3/raw-downlink/veh-001/request bytes=28 forwarded=1
1787178148.026442 publish topic=edge4av/airspan-tdd-downlink-location_3/raw-downlink/veh-001/response bytes=102432 forwarded=1
1787178148.305690 publish topic=edge4av/airspan-tdd-downlink-location_3/raw-downlink/veh-001/request bytes=28 forwarded=1
1787178148.307122 publish topic=edge4av/airspan-tdd-downlink-location_3/raw-downlink/veh-001/response bytes=102432 forwarded=1
1787178148.575758 publish topic=edge4av/airspan-tdd-downlink-location_3/raw-downlink/veh-001/request bytes=28 forwarded=1
1787178148.577385 publish topic=edge4av/airspan-tdd-downlink-location_3/raw-downlink/veh-001/response bytes=102432 forwarded=1
1787178148.846093 publish topic=edge4av/airspan-tdd-downlink-location_3/raw-downlink/veh-001/request bytes=28 forwarded=1
1787178148.847762 publish topic=edge4av/airspan-tdd-downlink-location_3/raw-downlink/veh-001/response bytes=102432 forwarded=1
1787178149.086595 publish topic=edge4av/airspan-tdd-downlink-location_3/raw-downlink/veh-001/request bytes=28 forwarded=1
1787178149.088265 publish topic=edge4av/airspan-tdd-downlink-location_3/raw-downlink/veh-001/response bytes=102432 forwarded=1
1787178149.367122 publish topic=edge4av/airspan-tdd-downlink-location_3/raw-downlink/veh-001/request bytes=28 forwarded=1
1787178149.368568 publish topic=edge4av/airspan-tdd-downlink-location_3/raw-downlink/veh-001/response bytes=102432 forwarded=1
1787178149.637331 publish topic=edge4av/airspan-tdd-downlink-location_3/raw-downlink/veh-001/request bytes=28 forwarded=1
1787178149.638107 publish topic=edge4av/airspan-tdd-downlink-location_3/raw-downlink/veh-001/response bytes=102432 forwarded=1
1787178149.908401 publish topic=edge4av/airspan-tdd-downlink-location_3/raw-downlink/veh-001/request bytes=28 forwarded=1
1787178149.910174 publish topic=edge4av/airspan-tdd-downlink-location_3/raw-downlink/veh-001/response bytes=102432 forwarded=1
1787178150.148449 publish topic=edge4av/airspan-tdd-downlink-location_3/raw-downlink/veh-001/request bytes=28 forwarded=1
1787178150.150220 publish topic=edge4av/airspan-tdd-downlink-location_3/raw-downlink/veh-001/response bytes=102432 forwarded=1
1787178150.388709 publish topic=edge4av/airspan-tdd-downlink-location_3/raw-downlink/veh-001/request bytes=28 forwarded=1
1787178150.390752 publish topic=edge4av/airspan-tdd-downlink-location_3/raw-downlink/veh-001/response bytes=102432 forwarded=1
1787178150.638972 publish topic=edge4av/airspan-tdd-downlink-location_3/raw-downlink/veh-001/request bytes=28 forwarded=1
1787178150.639711 publish topic=edge4av/airspan-tdd-downlink-location_3/raw-downlink/veh-001/response bytes=102432 forwarded=1
1787178150.919797 publish topic=edge4av/airspan-tdd-downlink-location_3/raw-downlink/veh-001/request bytes=28 forwarded=1
1787178150.921281 publish topic=edge4av/airspan-tdd-downlink-location_3/raw-downlink/veh-001/response bytes=102432 forwarded=1
1787178151.190023 publish topic=edge4av/airspan-tdd-downlink-location_3/raw-downlink/veh-001/request bytes=28 forwarded=1
1787178151.191540 publish topic=edge4av/airspan-tdd-downlink-location_3/raw-downlink/veh-001/response bytes=102432 forwarded=1
1787178151.460251 publish topic=edge4av/airspan-tdd-downlink-location_3/raw-downlink/veh-001/request bytes=28 forwarded=1
1787178151.461084 publish topic=edge4av/airspan-tdd-downlink-location_3/raw-downlink/veh-001/response bytes=102432 forwarded=1
1787178151.700630 publish topic=edge4av/airspan-tdd-downlink-location_3/raw-downlink/veh-001/request bytes=28 forwarded=1
1787178151.701600 publish topic=edge4av/airspan-tdd-downlink-location_3/raw-downlink/veh-001/response bytes=102432 forwarded=1
1787178151.941098 publish topic=edge4av/airspan-tdd-downlink-location_3/raw-downlink/veh-001/request bytes=28 forwarded=1
1787178151.942756 publish topic=edge4av/airspan-tdd-downlink-location_3/raw-downlink/veh-001/response bytes=102432 forwarded=1
1787178152.181311 publish topic=edge4av/airspan-tdd-downlink-location_3/raw-downlink/veh-001/request bytes=28 forwarded=1
1787178152.182773 publish topic=edge4av/airspan-tdd-downlink-location_3/raw-downlink/veh-001/response bytes=102432 forwarded=1
1787178152.431984 publish topic=edge4av/airspan-tdd-downlink-location_3/raw-downlink/veh-001/request bytes=28 forwarded=1
1787178152.433436 publish topic=edge4av/airspan-tdd-downlink-location_3/raw-downlink/veh-001/response bytes=102432 forwarded=1
1787178152.702220 publish topic=edge4av/airspan-tdd-downlink-location_3/raw-downlink/veh-001/request bytes=28 forwarded=1
1787178152.703665 publish topic=edge4av/airspan-tdd-downlink-location_3/raw-downlink/veh-001/response bytes=102432 forwarded=1
1787178152.972671 publish topic=edge4av/airspan-tdd-downlink-location_3/raw-downlink/veh-001/request bytes=28 forwarded=1
1787178152.974316 publish topic=edge4av/airspan-tdd-downlink-location_3/raw-downlink/veh-001/response bytes=102432 forwarded=1
1787178153.232958 publish topic=edge4av/airspan-tdd-downlink-location_3/raw-downlink/veh-001/request bytes=28 forwarded=1
1787178153.234414 publish topic=edge4av/airspan-tdd-downlink-location_3/raw-downlink/veh-001/response bytes=102432 forwarded=1
1787178153.473361 publish topic=edge4av/airspan-tdd-downlink-location_3/raw-downlink/veh-001/request bytes=28 forwarded=1
1787178153.474995 publish topic=edge4av/airspan-tdd-downlink-location_3/raw-downlink/veh-001/response bytes=102432 forwarded=1
1787178153.713719 publish topic=edge4av/airspan-tdd-downlink-location_3/raw-downlink/veh-001/request bytes=28 forwarded=1
1787178153.715166 publish topic=edge4av/airspan-tdd-downlink-location_3/raw-downlink/veh-001/response bytes=102432 forwarded=1
1787178153.974229 publish topic=edge4av/airspan-tdd-downlink-location_3/raw-downlink/veh-001/request bytes=28 forwarded=1
1787178153.975690 publish topic=edge4av/airspan-tdd-downlink-location_3/raw-downlink/veh-001/response bytes=102432 forwarded=1
1787178154.244514 publish topic=edge4av/airspan-tdd-downlink-location_3/raw-downlink/veh-001/request bytes=28 forwarded=1
1787178154.246247 publish topic=edge4av/airspan-tdd-downlink-location_3/raw-downlink/veh-001/response bytes=102432 forwarded=1
1787178154.475029 publish topic=edge4av/airspan-tdd-downlink-location_3/raw-downlink/veh-001/request bytes=28 forwarded=1
1787178154.476631 publish topic=edge4av/airspan-tdd-downlink-location_3/raw-downlink/veh-001/response bytes=102432 forwarded=1
1787178154.715441 publish topic=edge4av/airspan-tdd-downlink-location_3/raw-downlink/veh-001/request bytes=28 forwarded=1
1787178154.717118 publish topic=edge4av/airspan-tdd-downlink-location_3/raw-downlink/veh-001/response bytes=102432 forwarded=1
1787178155.006144 publish topic=edge4av/airspan-tdd-downlink-location_3/raw-downlink/veh-001/request bytes=28 forwarded=1
1787178155.007548 publish topic=edge4av/airspan-tdd-downlink-location_3/raw-downlink/veh-001/response bytes=102432 forwarded=1
1787178155.266458 publish topic=edge4av/airspan-tdd-downlink-location_3/raw-downlink/veh-001/request bytes=28 forwarded=1
1787178155.267907 publish topic=edge4av/airspan-tdd-downlink-location_3/raw-downlink/veh-001/response bytes=102432 forwarded=1
1787178155.506892 publish topic=edge4av/airspan-tdd-downlink-location_3/raw-downlink/veh-001/request bytes=28 forwarded=1
1787178155.508297 publish topic=edge4av/airspan-tdd-downlink-location_3/raw-downlink/veh-001/response bytes=102432 forwarded=1
1787178155.747260 publish topic=edge4av/airspan-tdd-downlink-location_3/raw-downlink/veh-001/request bytes=28 forwarded=1
1787178155.748967 publish topic=edge4av/airspan-tdd-downlink-location_3/raw-downlink/veh-001/response bytes=102432 forwarded=1
1787178155.988003 publish topic=edge4av/airspan-tdd-downlink-location_3/raw-downlink/veh-001/request bytes=28 forwarded=1
1787178155.989591 publish topic=edge4av/airspan-tdd-downlink-location_3/raw-downlink/veh-001/response bytes=102432 forwarded=1
1787178156.227905 publish topic=edge4av/airspan-tdd-downlink-location_3/raw-downlink/veh-001/request bytes=28 forwarded=1
1787178156.229778 publish topic=edge4av/airspan-tdd-downlink-location_3/raw-downlink/veh-001/response bytes=102432 forwarded=1
1787178156.468346 publish topic=edge4av/airspan-tdd-downlink-location_3/raw-downlink/veh-001/request bytes=28 forwarded=1
1787178156.469845 publish topic=edge4av/airspan-tdd-downlink-location_3/raw-downlink/veh-001/response bytes=102432 forwarded=1
1787178156.708899 publish topic=edge4av/airspan-tdd-downlink-location_3/raw-downlink/veh-001/request bytes=28 forwarded=1
1787178156.710363 publish topic=edge4av/airspan-tdd-downlink-location_3/raw-downlink/veh-001/response bytes=102432 forwarded=1
1787178156.948721 publish topic=edge4av/airspan-tdd-downlink-location_3/raw-downlink/veh-001/request bytes=28 forwarded=1
1787178156.949425 publish topic=edge4av/airspan-tdd-downlink-location_3/raw-downlink/veh-001/response bytes=102432 forwarded=1
1787178157.219567 publish topic=edge4av/airspan-tdd-downlink-location_3/raw-downlink/veh-001/request bytes=28 forwarded=1
1787178157.221261 publish topic=edge4av/airspan-tdd-downlink-location_3/raw-downlink/veh-001/response bytes=102432 forwarded=1
1787178157.499847 publish topic=edge4av/airspan-tdd-downlink-location_3/raw-downlink/veh-001/request bytes=28 forwarded=1
1787178157.501480 publish topic=edge4av/airspan-tdd-downlink-location_3/raw-downlink/veh-001/response bytes=102432 forwarded=1
1787178157.749912 publish topic=edge4av/airspan-tdd-downlink-location_3/raw-downlink/veh-001/request bytes=28 forwarded=1
1787178157.750649 publish topic=edge4av/airspan-tdd-downlink-location_3/raw-downlink/veh-001/response bytes=102432 forwarded=1
1787178157.990353 publish topic=edge4av/airspan-tdd-downlink-location_3/raw-downlink/veh-001/request bytes=28 forwarded=1
1787178157.991803 publish topic=edge4av/airspan-tdd-downlink-location_3/raw-downlink/veh-001/response bytes=102432 forwarded=1
1787178158.230686 publish topic=edge4av/airspan-tdd-downlink-location_3/raw-downlink/veh-001/request bytes=28 forwarded=1
1787178158.232667 publish topic=edge4av/airspan-tdd-downlink-location_3/raw-downlink/veh-001/response bytes=102432 forwarded=1
1787178158.461109 publish topic=edge4av/airspan-tdd-downlink-location_3/raw-downlink/veh-001/request bytes=28 forwarded=1
1787178158.462765 publish topic=edge4av/airspan-tdd-downlink-location_3/raw-downlink/veh-001/response bytes=102432 forwarded=1
1787178158.691559 publish topic=edge4av/airspan-tdd-downlink-location_3/raw-downlink/veh-001/request bytes=28 forwarded=1
1787178158.693107 publish topic=edge4av/airspan-tdd-downlink-location_3/raw-downlink/veh-001/response bytes=102432 forwarded=1
1787178158.921684 publish topic=edge4av/airspan-tdd-downlink-location_3/raw-downlink/veh-001/request bytes=28 forwarded=1
1787178158.923271 publish topic=edge4av/airspan-tdd-downlink-location_3/raw-downlink/veh-001/response bytes=102432 forwarded=1
1787178159.151932 publish topic=edge4av/airspan-tdd-downlink-location_3/raw-downlink/veh-001/request bytes=28 forwarded=1
1787178159.153443 publish topic=edge4av/airspan-tdd-downlink-location_3/raw-downlink/veh-001/response bytes=102432 forwarded=1
1787178159.382014 publish topic=edge4av/airspan-tdd-downlink-location_3/raw-downlink/veh-001/request bytes=28 forwarded=1
1787178159.382804 publish topic=edge4av/airspan-tdd-downlink-location_3/raw-downlink/veh-001/response bytes=102432 forwarded=1
1787178159.612553 publish topic=edge4av/airspan-tdd-downlink-location_3/raw-downlink/veh-001/request bytes=28 forwarded=1
1787178159.614227 publish topic=edge4av/airspan-tdd-downlink-location_3/raw-downlink/veh-001/response bytes=102432 forwarded=1
1787178159.852815 publish topic=edge4av/airspan-tdd-downlink-location_3/raw-downlink/veh-001/request bytes=28 forwarded=1
1787178159.854469 publish topic=edge4av/airspan-tdd-downlink-location_3/raw-downlink/veh-001/response bytes=102432 forwarded=1
1787178160.083139 publish topic=edge4av/airspan-tdd-downlink-location_3/raw-downlink/veh-001/request bytes=28 forwarded=1
1787178160.085066 publish topic=edge4av/airspan-tdd-downlink-location_3/raw-downlink/veh-001/response bytes=102432 forwarded=1
1787178160.313354 publish topic=edge4av/airspan-tdd-downlink-location_3/raw-downlink/veh-001/request bytes=28 forwarded=1
1787178160.314794 publish topic=edge4av/airspan-tdd-downlink-location_3/raw-downlink/veh-001/response bytes=102432 forwarded=1
1787178160.553439 publish topic=edge4av/airspan-tdd-downlink-location_3/raw-downlink/veh-001/request bytes=28 forwarded=1
1787178160.554302 publish topic=edge4av/airspan-tdd-downlink-location_3/raw-downlink/veh-001/response bytes=102432 forwarded=1
1787178160.793874 publish topic=edge4av/airspan-tdd-downlink-location_3/raw-downlink/veh-001/request bytes=28 forwarded=1
1787178160.795246 publish topic=edge4av/airspan-tdd-downlink-location_3/raw-downlink/veh-001/response bytes=102432 forwarded=1
1787178161.024167 publish topic=edge4av/airspan-tdd-downlink-location_3/raw-downlink/veh-001/request bytes=28 forwarded=1
1787178161.025864 publish topic=edge4av/airspan-tdd-downlink-location_3/raw-downlink/veh-001/response bytes=102432 forwarded=1
1787178161.294693 publish topic=edge4av/airspan-tdd-downlink-location_3/raw-downlink/veh-001/request bytes=28 forwarded=1
1787178161.296230 publish topic=edge4av/airspan-tdd-downlink-location_3/raw-downlink/veh-001/response bytes=102432 forwarded=1
1787178161.524990 publish topic=edge4av/airspan-tdd-downlink-location_3/raw-downlink/veh-001/request bytes=28 forwarded=1
1787178161.526554 publish topic=edge4av/airspan-tdd-downlink-location_3/raw-downlink/veh-001/response bytes=102432 forwarded=1
1787178161.755091 publish topic=edge4av/airspan-tdd-downlink-location_3/raw-downlink/veh-001/request bytes=28 forwarded=1
1787178161.756539 publish topic=edge4av/airspan-tdd-downlink-location_3/raw-downlink/veh-001/response bytes=102432 forwarded=1
1787178161.985516 publish topic=edge4av/airspan-tdd-downlink-location_3/raw-downlink/veh-001/request bytes=28 forwarded=1
1787178161.987041 publish topic=edge4av/airspan-tdd-downlink-location_3/raw-downlink/veh-001/response bytes=102432 forwarded=1
1787178162.215735 publish topic=edge4av/airspan-tdd-downlink-location_3/raw-downlink/veh-001/request bytes=28 forwarded=1
1787178162.217124 publish topic=edge4av/airspan-tdd-downlink-location_3/raw-downlink/veh-001/response bytes=102432 forwarded=1
1787178162.496209 publish topic=edge4av/airspan-tdd-downlink-location_3/raw-downlink/veh-001/request bytes=28 forwarded=1
1787178162.497941 publish topic=edge4av/airspan-tdd-downlink-location_3/raw-downlink/veh-001/response bytes=102432 forwarded=1
1787178162.736671 publish topic=edge4av/airspan-tdd-downlink-location_3/raw-downlink/veh-001/request bytes=28 forwarded=1
1787178162.738406 publish topic=edge4av/airspan-tdd-downlink-location_3/raw-downlink/veh-001/response bytes=102432 forwarded=1
1787178162.997047 publish topic=edge4av/airspan-tdd-downlink-location_3/raw-downlink/veh-001/request bytes=28 forwarded=1
1787178162.998537 publish topic=edge4av/airspan-tdd-downlink-location_3/raw-downlink/veh-001/response bytes=102432 forwarded=1
1787178163.277075 publish topic=edge4av/airspan-tdd-downlink-location_3/raw-downlink/veh-001/request bytes=28 forwarded=1
1787178163.277973 publish topic=edge4av/airspan-tdd-downlink-location_3/raw-downlink/veh-001/response bytes=102432 forwarded=1
1787178163.527627 publish topic=edge4av/airspan-tdd-downlink-location_3/raw-downlink/veh-001/request bytes=28 forwarded=1
1787178163.529101 publish topic=edge4av/airspan-tdd-downlink-location_3/raw-downlink/veh-001/response bytes=102432 forwarded=1
1787178163.808116 publish topic=edge4av/airspan-tdd-downlink-location_3/raw-downlink/veh-001/request bytes=28 forwarded=1
1787178163.809814 publish topic=edge4av/airspan-tdd-downlink-location_3/raw-downlink/veh-001/response bytes=102432 forwarded=1
1787178164.048321 publish topic=edge4av/airspan-tdd-downlink-location_3/raw-downlink/veh-001/request bytes=28 forwarded=1
1787178164.049901 publish topic=edge4av/airspan-tdd-downlink-location_3/raw-downlink/veh-001/response bytes=102432 forwarded=1
1787178164.279025 publish topic=edge4av/airspan-tdd-downlink-location_3/raw-downlink/veh-001/request bytes=28 forwarded=1
1787178164.281042 publish topic=edge4av/airspan-tdd-downlink-location_3/raw-downlink/veh-001/response bytes=102432 forwarded=1
1787178164.518650 publish topic=edge4av/airspan-tdd-downlink-location_3/raw-downlink/veh-001/request bytes=28 forwarded=1
1787178164.519459 publish topic=edge4av/airspan-tdd-downlink-location_3/raw-downlink/veh-001/response bytes=102432 forwarded=1
1787178164.759314 publish topic=edge4av/airspan-tdd-downlink-location_3/raw-downlink/veh-001/request bytes=28 forwarded=1
1787178164.760750 publish topic=edge4av/airspan-tdd-downlink-location_3/raw-downlink/veh-001/response bytes=102432 forwarded=1
1787178165.049304 publish topic=edge4av/airspan-tdd-downlink-location_3/raw-downlink/veh-001/request bytes=28 forwarded=1
1787178165.050101 publish topic=edge4av/airspan-tdd-downlink-location_3/raw-downlink/veh-001/response bytes=102432 forwarded=1
1787178165.290061 publish topic=edge4av/airspan-tdd-downlink-location_3/raw-downlink/veh-001/request bytes=28 forwarded=1
1787178165.291703 publish topic=edge4av/airspan-tdd-downlink-location_3/raw-downlink/veh-001/response bytes=102432 forwarded=1
1787178165.530204 publish topic=edge4av/airspan-tdd-downlink-location_3/raw-downlink/veh-001/request bytes=28 forwarded=1
1787178165.531892 publish topic=edge4av/airspan-tdd-downlink-location_3/raw-downlink/veh-001/response bytes=102432 forwarded=1
1787178165.770628 publish topic=edge4av/airspan-tdd-downlink-location_3/raw-downlink/veh-001/request bytes=28 forwarded=1
1787178165.772062 publish topic=edge4av/airspan-tdd-downlink-location_3/raw-downlink/veh-001/response bytes=102432 forwarded=1
1787178166.010735 publish topic=edge4av/airspan-tdd-downlink-location_3/raw-downlink/veh-001/request bytes=28 forwarded=1
1787178166.012217 publish topic=edge4av/airspan-tdd-downlink-location_3/raw-downlink/veh-001/response bytes=102432 forwarded=1
1787178166.251282 publish topic=edge4av/airspan-tdd-downlink-location_3/raw-downlink/veh-001/request bytes=28 forwarded=1
1787178166.252713 publish topic=edge4av/airspan-tdd-downlink-location_3/raw-downlink/veh-001/response bytes=102432 forwarded=1
1787178166.491429 publish topic=edge4av/airspan-tdd-downlink-location_3/raw-downlink/veh-001/request bytes=28 forwarded=1
1787178166.493176 publish topic=edge4av/airspan-tdd-downlink-location_3/raw-downlink/veh-001/response bytes=102432 forwarded=1
1787178166.731495 publish topic=edge4av/airspan-tdd-downlink-location_3/raw-downlink/veh-001/request bytes=28 forwarded=1
1787178166.732555 publish topic=edge4av/airspan-tdd-downlink-location_3/raw-downlink/veh-001/response bytes=102432 forwarded=1
1787178166.972165 publish topic=edge4av/airspan-tdd-downlink-location_3/raw-downlink/veh-001/request bytes=28 forwarded=1
1787178166.973824 publish topic=edge4av/airspan-tdd-downlink-location_3/raw-downlink/veh-001/response bytes=102432 forwarded=1
1787178167.252300 publish topic=edge4av/airspan-tdd-downlink-location_3/raw-downlink/veh-001/request bytes=28 forwarded=1
1787178167.253786 publish topic=edge4av/airspan-tdd-downlink-location_3/raw-downlink/veh-001/response bytes=102432 forwarded=1
1787178167.532583 publish topic=edge4av/airspan-tdd-downlink-location_3/raw-downlink/veh-001/request bytes=28 forwarded=1
1787178167.534099 publish topic=edge4av/airspan-tdd-downlink-location_3/raw-downlink/veh-001/response bytes=102432 forwarded=1
1787178167.762992 publish topic=edge4av/airspan-tdd-downlink-location_3/raw-downlink/veh-001/request bytes=28 forwarded=1
1787178167.764701 publish topic=edge4av/airspan-tdd-downlink-location_3/raw-downlink/veh-001/response bytes=102432 forwarded=1
1787178167.993332 publish topic=edge4av/airspan-tdd-downlink-location_3/raw-downlink/veh-001/request bytes=28 forwarded=1
1787178167.994987 publish topic=edge4av/airspan-tdd-downlink-location_3/raw-downlink/veh-001/response bytes=102432 forwarded=1
1787178168.223382 publish topic=edge4av/airspan-tdd-downlink-location_3/raw-downlink/veh-001/request bytes=28 forwarded=1
1787178168.225163 publish topic=edge4av/airspan-tdd-downlink-location_3/raw-downlink/veh-001/response bytes=102432 forwarded=1
1787178168.473580 publish topic=edge4av/airspan-tdd-downlink-location_3/raw-downlink/veh-001/request bytes=28 forwarded=1
1787178168.474514 publish topic=edge4av/airspan-tdd-downlink-location_3/raw-downlink/veh-001/response bytes=102432 forwarded=1
1787178168.754408 publish topic=edge4av/airspan-tdd-downlink-location_3/raw-downlink/veh-001/request bytes=28 forwarded=1
1787178168.756146 publish topic=edge4av/airspan-tdd-downlink-location_3/raw-downlink/veh-001/response bytes=102432 forwarded=1
1787178168.994480 publish topic=edge4av/airspan-tdd-downlink-location_3/raw-downlink/veh-001/request bytes=28 forwarded=1
1787178168.995952 publish topic=edge4av/airspan-tdd-downlink-location_3/raw-downlink/veh-001/response bytes=102432 forwarded=1
1787178169.234962 publish topic=edge4av/airspan-tdd-downlink-location_3/raw-downlink/veh-001/request bytes=28 forwarded=1
1787178169.236603 publish topic=edge4av/airspan-tdd-downlink-location_3/raw-downlink/veh-001/response bytes=102432 forwarded=1
1787178169.475214 publish topic=edge4av/airspan-tdd-downlink-location_3/raw-downlink/veh-001/request bytes=28 forwarded=1
1787178169.476761 publish topic=edge4av/airspan-tdd-downlink-location_3/raw-downlink/veh-001/response bytes=102432 forwarded=1
1787178169.715666 publish topic=edge4av/airspan-tdd-downlink-location_3/raw-downlink/veh-001/request bytes=28 forwarded=1
1787178169.717279 publish topic=edge4av/airspan-tdd-downlink-location_3/raw-downlink/veh-001/response bytes=102432 forwarded=1
1787178169.985475 publish topic=edge4av/airspan-tdd-downlink-location_3/raw-downlink/veh-001/request bytes=28 forwarded=1
1787178169.986052 publish topic=edge4av/airspan-tdd-downlink-location_3/raw-downlink/veh-001/response bytes=102432 forwarded=1
1787178170.246360 publish topic=edge4av/airspan-tdd-downlink-location_3/raw-downlink/veh-001/request bytes=28 forwarded=1
1787178170.247821 publish topic=edge4av/airspan-tdd-downlink-location_3/raw-downlink/veh-001/response bytes=102432 forwarded=1
1787178170.496442 publish topic=edge4av/airspan-tdd-downlink-location_3/raw-downlink/veh-001/request bytes=28 forwarded=1
1787178170.498417 publish topic=edge4av/airspan-tdd-downlink-location_3/raw-downlink/veh-001/response bytes=102432 forwarded=1
1787178170.786922 publish topic=edge4av/airspan-tdd-downlink-location_3/raw-downlink/veh-001/request bytes=28 forwarded=1
1787178170.787657 publish topic=edge4av/airspan-tdd-downlink-location_3/raw-downlink/veh-001/response bytes=102432 forwarded=1
1787178171.037077 publish topic=edge4av/airspan-tdd-downlink-location_3/raw-downlink/veh-001/request bytes=28 forwarded=1
1787178171.039044 publish topic=edge4av/airspan-tdd-downlink-location_3/raw-downlink/veh-001/response bytes=102432 forwarded=1
1787178171.327616 publish topic=edge4av/airspan-tdd-downlink-location_3/raw-downlink/veh-001/request bytes=28 forwarded=1
1787178171.328575 publish topic=edge4av/airspan-tdd-downlink-location_3/raw-downlink/veh-001/response bytes=102432 forwarded=1
1787178171.567940 publish topic=edge4av/airspan-tdd-downlink-location_3/raw-downlink/veh-001/request bytes=28 forwarded=1
1787178171.569484 publish topic=edge4av/airspan-tdd-downlink-location_3/raw-downlink/veh-001/response bytes=102432 forwarded=1
1787178171.807815 publish topic=edge4av/airspan-tdd-downlink-location_3/raw-downlink/veh-001/request bytes=28 forwarded=1
1787178171.808350 publish topic=edge4av/airspan-tdd-downlink-location_3/raw-downlink/veh-001/response bytes=102432 forwarded=1
1787178172.048580 publish topic=edge4av/airspan-tdd-downlink-location_3/raw-downlink/veh-001/request bytes=28 forwarded=1
1787178172.050362 publish topic=edge4av/airspan-tdd-downlink-location_3/raw-downlink/veh-001/response bytes=102432 forwarded=1
1787178172.288770 publish topic=edge4av/airspan-tdd-downlink-location_3/raw-downlink/veh-001/request bytes=28 forwarded=1
1787178172.290278 publish topic=edge4av/airspan-tdd-downlink-location_3/raw-downlink/veh-001/response bytes=102432 forwarded=1
1787178172.528836 publish topic=edge4av/airspan-tdd-downlink-location_3/raw-downlink/veh-001/request bytes=28 forwarded=1
1787178172.530494 publish topic=edge4av/airspan-tdd-downlink-location_3/raw-downlink/veh-001/response bytes=102432 forwarded=1
1787178172.769406 publish topic=edge4av/airspan-tdd-downlink-location_3/raw-downlink/veh-001/request bytes=28 forwarded=1
1787178172.770875 publish topic=edge4av/airspan-tdd-downlink-location_3/raw-downlink/veh-001/response bytes=102432 forwarded=1
1787178173.019555 publish topic=edge4av/airspan-tdd-downlink-location_3/raw-downlink/veh-001/request bytes=28 forwarded=1
1787178173.020323 publish topic=edge4av/airspan-tdd-downlink-location_3/raw-downlink/veh-001/response bytes=102432 forwarded=1
1787178173.289992 publish topic=edge4av/airspan-tdd-downlink-location_3/raw-downlink/veh-001/request bytes=28 forwarded=1
1787178173.291509 publish topic=edge4av/airspan-tdd-downlink-location_3/raw-downlink/veh-001/response bytes=102432 forwarded=1
1787178173.530138 publish topic=edge4av/airspan-tdd-downlink-location_3/raw-downlink/veh-001/request bytes=28 forwarded=1
1787178173.530891 publish topic=edge4av/airspan-tdd-downlink-location_3/raw-downlink/veh-001/response bytes=102432 forwarded=1
1787178173.760715 publish topic=edge4av/airspan-tdd-downlink-location_3/raw-downlink/veh-001/request bytes=28 forwarded=1
1787178173.762371 publish topic=edge4av/airspan-tdd-downlink-location_3/raw-downlink/veh-001/response bytes=102432 forwarded=1
1787178174.001057 publish topic=edge4av/airspan-tdd-downlink-location_3/raw-downlink/veh-001/request bytes=28 forwarded=1
1787178174.002517 publish topic=edge4av/airspan-tdd-downlink-location_3/raw-downlink/veh-001/response bytes=102432 forwarded=1
1787178174.241164 publish topic=edge4av/airspan-tdd-downlink-location_3/raw-downlink/veh-001/request bytes=28 forwarded=1
1787178174.241764 publish topic=edge4av/airspan-tdd-downlink-location_3/raw-downlink/veh-001/response bytes=102432 forwarded=1
1787178174.511940 publish topic=edge4av/airspan-tdd-downlink-location_3/raw-downlink/veh-001/request bytes=28 forwarded=1
1787178174.513438 publish topic=edge4av/airspan-tdd-downlink-location_3/raw-downlink/veh-001/response bytes=102432 forwarded=1
1787178174.741967 publish topic=edge4av/airspan-tdd-downlink-location_3/raw-downlink/veh-001/request bytes=28 forwarded=1
1787178174.743604 publish topic=edge4av/airspan-tdd-downlink-location_3/raw-downlink/veh-001/response bytes=102432 forwarded=1
1787178174.982234 publish topic=edge4av/airspan-tdd-downlink-location_3/raw-downlink/veh-001/request bytes=28 forwarded=1
1787178174.983962 publish topic=edge4av/airspan-tdd-downlink-location_3/raw-downlink/veh-001/response bytes=102432 forwarded=1
1787178175.212382 publish topic=edge4av/airspan-tdd-downlink-location_3/raw-downlink/veh-001/request bytes=28 forwarded=1
1787178175.213320 publish topic=edge4av/airspan-tdd-downlink-location_3/raw-downlink/veh-001/response bytes=102432 forwarded=1
1787178175.452833 publish topic=edge4av/airspan-tdd-downlink-location_3/raw-downlink/veh-001/request bytes=28 forwarded=1
1787178175.454373 publish topic=edge4av/airspan-tdd-downlink-location_3/raw-downlink/veh-001/response bytes=102432 forwarded=1
1787178175.693003 publish topic=edge4av/airspan-tdd-downlink-location_3/raw-downlink/veh-001/request bytes=28 forwarded=1
1787178175.694496 publish topic=edge4av/airspan-tdd-downlink-location_3/raw-downlink/veh-001/response bytes=102432 forwarded=1
1787178175.933296 publish topic=edge4av/airspan-tdd-downlink-location_3/raw-downlink/veh-001/request bytes=28 forwarded=1
1787178175.934998 publish topic=edge4av/airspan-tdd-downlink-location_3/raw-downlink/veh-001/response bytes=102432 forwarded=1
1787178176.173722 publish topic=edge4av/airspan-tdd-downlink-location_3/raw-downlink/veh-001/request bytes=28 forwarded=1
1787178176.175361 publish topic=edge4av/airspan-tdd-downlink-location_3/raw-downlink/veh-001/response bytes=102432 forwarded=1
1787178176.413969 publish topic=edge4av/airspan-tdd-downlink-location_3/raw-downlink/veh-001/request bytes=28 forwarded=1
1787178176.414773 publish topic=edge4av/airspan-tdd-downlink-location_3/raw-downlink/veh-001/response bytes=102432 forwarded=1
1787178176.654507 publish topic=edge4av/airspan-tdd-downlink-location_3/raw-downlink/veh-001/request bytes=28 forwarded=1
1787178176.655993 publish topic=edge4av/airspan-tdd-downlink-location_3/raw-downlink/veh-001/response bytes=102432 forwarded=1
1787178176.904415 publish topic=edge4av/airspan-tdd-downlink-location_3/raw-downlink/veh-001/request bytes=28 forwarded=1
1787178176.905135 publish topic=edge4av/airspan-tdd-downlink-location_3/raw-downlink/veh-001/response bytes=102432 forwarded=1
1787178177.144955 publish topic=edge4av/airspan-tdd-downlink-location_3/raw-downlink/veh-001/request bytes=28 forwarded=1
1787178177.146402 publish topic=edge4av/airspan-tdd-downlink-location_3/raw-downlink/veh-001/response bytes=102432 forwarded=1
1787178177.395056 publish topic=edge4av/airspan-tdd-downlink-location_3/raw-downlink/veh-001/request bytes=28 forwarded=1
1787178177.395704 publish topic=edge4av/airspan-tdd-downlink-location_3/raw-downlink/veh-001/response bytes=102432 forwarded=1
1787178177.635690 publish topic=edge4av/airspan-tdd-downlink-location_3/raw-downlink/veh-001/request bytes=28 forwarded=1
1787178177.637294 publish topic=edge4av/airspan-tdd-downlink-location_3/raw-downlink/veh-001/response bytes=102432 forwarded=1
1787178177.875880 publish topic=edge4av/airspan-tdd-downlink-location_3/raw-downlink/veh-001/request bytes=28 forwarded=1
1787178177.877545 publish topic=edge4av/airspan-tdd-downlink-location_3/raw-downlink/veh-001/response bytes=102432 forwarded=1
1787178178.126162 publish topic=edge4av/airspan-tdd-downlink-location_3/raw-downlink/veh-001/request bytes=28 forwarded=1
1787178178.127643 publish topic=edge4av/airspan-tdd-downlink-location_3/raw-downlink/veh-001/response bytes=102432 forwarded=1
1787178178.406766 publish topic=edge4av/airspan-tdd-downlink-location_3/raw-downlink/veh-001/request bytes=28 forwarded=1
1787178178.408350 publish topic=edge4av/airspan-tdd-downlink-location_3/raw-downlink/veh-001/response bytes=102432 forwarded=1
1787178178.646974 publish topic=edge4av/airspan-tdd-downlink-location_3/raw-downlink/veh-001/request bytes=28 forwarded=1
1787178178.647782 publish topic=edge4av/airspan-tdd-downlink-location_3/raw-downlink/veh-001/response bytes=102432 forwarded=1
1787178178.887341 publish topic=edge4av/airspan-tdd-downlink-location_3/raw-downlink/veh-001/request bytes=28 forwarded=1
1787178178.889140 publish topic=edge4av/airspan-tdd-downlink-location_3/raw-downlink/veh-001/response bytes=102432 forwarded=1
1787178179.137572 publish topic=edge4av/airspan-tdd-downlink-location_3/raw-downlink/veh-001/request bytes=28 forwarded=1
1787178179.139246 publish topic=edge4av/airspan-tdd-downlink-location_3/raw-downlink/veh-001/response bytes=102432 forwarded=1
1787178179.417826 publish topic=edge4av/airspan-tdd-downlink-location_3/raw-downlink/veh-001/request bytes=28 forwarded=1
1787178179.419335 publish topic=edge4av/airspan-tdd-downlink-location_3/raw-downlink/veh-001/response bytes=102432 forwarded=1
1787178179.668281 publish topic=edge4av/airspan-tdd-downlink-location_3/raw-downlink/veh-001/request bytes=28 forwarded=1
1787178179.669796 publish topic=edge4av/airspan-tdd-downlink-location_3/raw-downlink/veh-001/response bytes=102432 forwarded=1
1787178179.948681 publish topic=edge4av/airspan-tdd-downlink-location_3/raw-downlink/veh-001/request bytes=28 forwarded=1
1787178179.950357 publish topic=edge4av/airspan-tdd-downlink-location_3/raw-downlink/veh-001/response bytes=102432 forwarded=1
1787178180.228873 publish topic=edge4av/airspan-tdd-downlink-location_3/raw-downlink/veh-001/request bytes=28 forwarded=1
1787178180.229551 publish topic=edge4av/airspan-tdd-downlink-location_3/raw-downlink/veh-001/response bytes=102432 forwarded=1
1787178180.509326 publish topic=edge4av/airspan-tdd-downlink-location_3/raw-downlink/veh-001/request bytes=28 forwarded=1
1787178180.510818 publish topic=edge4av/airspan-tdd-downlink-location_3/raw-downlink/veh-001/response bytes=102432 forwarded=1
1787178180.749706 publish topic=edge4av/airspan-tdd-downlink-location_3/raw-downlink/veh-001/request bytes=28 forwarded=1
1787178180.751273 publish topic=edge4av/airspan-tdd-downlink-location_3/raw-downlink/veh-001/response bytes=102432 forwarded=1
1787178180.990068 publish topic=edge4av/airspan-tdd-downlink-location_3/raw-downlink/veh-001/request bytes=28 forwarded=1
1787178180.991531 publish topic=edge4av/airspan-tdd-downlink-location_3/raw-downlink/veh-001/response bytes=102432 forwarded=1
1787178181.230224 publish topic=edge4av/airspan-tdd-downlink-location_3/raw-downlink/veh-001/request bytes=28 forwarded=1
1787178181.231632 publish topic=edge4av/airspan-tdd-downlink-location_3/raw-downlink/veh-001/response bytes=102432 forwarded=1
1787178181.470273 publish topic=edge4av/airspan-tdd-downlink-location_3/raw-downlink/veh-001/request bytes=28 forwarded=1
1787178181.471197 publish topic=edge4av/airspan-tdd-downlink-location_3/raw-downlink/veh-001/response bytes=102432 forwarded=1
1787178181.700882 publish topic=edge4av/airspan-tdd-downlink-location_3/raw-downlink/veh-001/request bytes=28 forwarded=1
1787178181.702569 publish topic=edge4av/airspan-tdd-downlink-location_3/raw-downlink/veh-001/response bytes=102432 forwarded=1
1787178181.931074 publish topic=edge4av/airspan-tdd-downlink-location_3/raw-downlink/veh-001/request bytes=28 forwarded=1
1787178181.932713 publish topic=edge4av/airspan-tdd-downlink-location_3/raw-downlink/veh-001/response bytes=102432 forwarded=1
1787178182.171632 publish topic=edge4av/airspan-tdd-downlink-location_3/raw-downlink/veh-001/request bytes=28 forwarded=1
1787178182.173072 publish topic=edge4av/airspan-tdd-downlink-location_3/raw-downlink/veh-001/response bytes=102432 forwarded=1
1787178182.411784 publish topic=edge4av/airspan-tdd-downlink-location_3/raw-downlink/veh-001/request bytes=28 forwarded=1
1787178182.413261 publish topic=edge4av/airspan-tdd-downlink-location_3/raw-downlink/veh-001/response bytes=102432 forwarded=1
1787178182.652045 publish topic=edge4av/airspan-tdd-downlink-location_3/raw-downlink/veh-001/request bytes=28 forwarded=1
1787178182.653557 publish topic=edge4av/airspan-tdd-downlink-location_3/raw-downlink/veh-001/response bytes=102432 forwarded=1
1787178182.882571 publish topic=edge4av/airspan-tdd-downlink-location_3/raw-downlink/veh-001/request bytes=28 forwarded=1
1787178182.884203 publish topic=edge4av/airspan-tdd-downlink-location_3/raw-downlink/veh-001/response bytes=102432 forwarded=1
1787178183.122325 publish topic=edge4av/airspan-tdd-downlink-location_3/raw-downlink/veh-001/request bytes=28 forwarded=1
1787178183.122848 publish topic=edge4av/airspan-tdd-downlink-location_3/raw-downlink/veh-001/response bytes=102432 forwarded=1
1787178183.362862 publish topic=edge4av/airspan-tdd-downlink-location_3/raw-downlink/veh-001/request bytes=28 forwarded=1
1787178183.364501 publish topic=edge4av/airspan-tdd-downlink-location_3/raw-downlink/veh-001/response bytes=102432 forwarded=1
1787178183.613317 publish topic=edge4av/airspan-tdd-downlink-location_3/raw-downlink/veh-001/request bytes=28 forwarded=1
1787178183.614940 publish topic=edge4av/airspan-tdd-downlink-location_3/raw-downlink/veh-001/response bytes=102432 forwarded=1
1787178183.893793 publish topic=edge4av/airspan-tdd-downlink-location_3/raw-downlink/veh-001/request bytes=28 forwarded=1
1787178183.895278 publish topic=edge4av/airspan-tdd-downlink-location_3/raw-downlink/veh-001/response bytes=102432 forwarded=1
1787178184.173851 publish topic=edge4av/airspan-tdd-downlink-location_3/raw-downlink/veh-001/request bytes=28 forwarded=1
1787178184.175550 publish topic=edge4av/airspan-tdd-downlink-location_3/raw-downlink/veh-001/response bytes=102432 forwarded=1
1787178184.414295 publish topic=edge4av/airspan-tdd-downlink-location_3/raw-downlink/veh-001/request bytes=28 forwarded=1
1787178184.415946 publish topic=edge4av/airspan-tdd-downlink-location_3/raw-downlink/veh-001/response bytes=102432 forwarded=1
1787178184.664779 publish topic=edge4av/airspan-tdd-downlink-location_3/raw-downlink/veh-001/request bytes=28 forwarded=1
1787178184.666452 publish topic=edge4av/airspan-tdd-downlink-location_3/raw-downlink/veh-001/response bytes=102432 forwarded=1
1787178184.955185 publish topic=edge4av/airspan-tdd-downlink-location_3/raw-downlink/veh-001/request bytes=28 forwarded=1
1787178184.956646 publish topic=edge4av/airspan-tdd-downlink-location_3/raw-downlink/veh-001/response bytes=102432 forwarded=1
1787178185.195426 publish topic=edge4av/airspan-tdd-downlink-location_3/raw-downlink/veh-001/request bytes=28 forwarded=1
1787178185.196929 publish topic=edge4av/airspan-tdd-downlink-location_3/raw-downlink/veh-001/response bytes=102432 forwarded=1
1787178185.445473 publish topic=edge4av/airspan-tdd-downlink-location_3/raw-downlink/veh-001/request bytes=28 forwarded=1
1787178185.446979 publish topic=edge4av/airspan-tdd-downlink-location_3/raw-downlink/veh-001/response bytes=102432 forwarded=1
1787178185.676018 publish topic=edge4av/airspan-tdd-downlink-location_3/raw-downlink/veh-001/request bytes=28 forwarded=1
1787178185.677726 publish topic=edge4av/airspan-tdd-downlink-location_3/raw-downlink/veh-001/response bytes=102432 forwarded=1
1787178185.926264 publish topic=edge4av/airspan-tdd-downlink-location_3/raw-downlink/veh-001/request bytes=28 forwarded=1
1787178185.927791 publish topic=edge4av/airspan-tdd-downlink-location_3/raw-downlink/veh-001/response bytes=102432 forwarded=1
1787178186.217055 publish topic=edge4av/airspan-tdd-downlink-location_3/raw-downlink/veh-001/request bytes=28 forwarded=1
1787178186.218778 publish topic=edge4av/airspan-tdd-downlink-location_3/raw-downlink/veh-001/response bytes=102432 forwarded=1
1787178186.497011 publish topic=edge4av/airspan-tdd-downlink-location_3/raw-downlink/veh-001/request bytes=28 forwarded=1
1787178186.498476 publish topic=edge4av/airspan-tdd-downlink-location_3/raw-downlink/veh-001/response bytes=102432 forwarded=1
1787178186.737306 publish topic=edge4av/airspan-tdd-downlink-location_3/raw-downlink/veh-001/request bytes=28 forwarded=1
1787178186.738760 publish topic=edge4av/airspan-tdd-downlink-location_3/raw-downlink/veh-001/response bytes=102432 forwarded=1
1787178186.988022 publish topic=edge4av/airspan-tdd-downlink-location_3/raw-downlink/veh-001/request bytes=28 forwarded=1
1787178186.989952 publish topic=edge4av/airspan-tdd-downlink-location_3/raw-downlink/veh-001/response bytes=102432 forwarded=1
1787178187.258251 publish topic=edge4av/airspan-tdd-downlink-location_3/raw-downlink/veh-001/request bytes=28 forwarded=1
1787178187.259907 publish topic=edge4av/airspan-tdd-downlink-location_3/raw-downlink/veh-001/response bytes=102432 forwarded=1
1787178187.318449 close ('10.120.121.20', 50964) disconnect
