emitter_role,emit_time_ns,run_id,condition_id,condition_label,service_type,transport,av_id,obu_id,rsu_id,request_id,session_id,intersection_id,source_id,sequence,network_load_level,qos_profile,mobility_state,clock_sync_state,accepted,service_success,vehicle_outcome_name,vehicle_outcome_value,vehicle_outcome_unit,frame_type,payload_bytes,client_send_ns,server_receive_ns,server_send_ns,client_receive_ns,rtt_ms,uplink_ms,server_ms,downlink_ms,detail
5g-sender,1786032608305002252,edge4av-real-20260806-airspan-followup-run-1,c4-rep2-tcp,airspan-followup-70-20-10,guided-planning,tcp,veh-028,veh-028,rsu-1,c4-rep2-tcp-veh-028-1,ipi-session-1,airspan-followup-c4-rep2,veh-028,1,100-clients,default,stationary,unsynced,true,true,payload_bytes,1024,bytes,IPI-CooperativeService,1097,1786032608142740883,1786032434322289359,1786032434322343860,1786032608305002252,162.261,,0.055,173982.658,"CooperativeService{guidedPlanning, status=request, vehicleId=0x7665682d303238, requestedHorizonMs=2500, confidence=100, planning.waypoints=1, offloadTaskId=probe-1, offloadPayload=1024 bytes}"
5g-sender,1786032608727483363,edge4av-real-20260806-airspan-followup-run-1,c4-rep2-tcp,airspan-followup-70-20-10,guided-planning,tcp,veh-028,veh-028,rsu-1,c4-rep2-tcp-veh-028-2,ipi-session-1,airspan-followup-c4-rep2,veh-028,2,100-clients,default,stationary,unsynced,true,true,payload_bytes,1024,bytes,IPI-CooperativeService,1097,1786032608505184976,1786032434732940057,1786032434732957198,1786032608727483363,222.298,,0.017,173994.526,"CooperativeService{guidedPlanning, status=request, vehicleId=0x7665682d303238, requestedHorizonMs=2500, confidence=100, planning.waypoints=1, offloadTaskId=probe-2, offloadPayload=1024 bytes}"
5g-sender,1786032609187069642,edge4av-real-20260806-airspan-followup-run-1,c4-rep2-tcp,airspan-followup-70-20-10,guided-planning,tcp,veh-028,veh-028,rsu-1,c4-rep2-tcp-veh-028-3,ipi-session-1,airspan-followup-c4-rep2,veh-028,3,100-clients,default,stationary,unsynced,true,true,payload_bytes,1024,bytes,IPI-CooperativeService,1097,1786032608927646993,1786032435214225028,1786032435214283332,1786032609187069642,259.423,,0.058,173972.786,"CooperativeService{guidedPlanning, status=request, vehicleId=0x7665682d303238, requestedHorizonMs=2500, confidence=100, planning.waypoints=1, offloadTaskId=probe-3, offloadPayload=1024 bytes}"
5g-sender,1786032609577309878,edge4av-real-20260806-airspan-followup-run-1,c4-rep2-tcp,airspan-followup-70-20-10,guided-planning,tcp,veh-028,veh-028,rsu-1,c4-rep2-tcp-veh-028-4,ipi-session-1,airspan-followup-c4-rep2,veh-028,4,100-clients,default,stationary,unsynced,true,true,payload_bytes,1024,bytes,IPI-CooperativeService,1097,1786032609387231791,1786032435574554474,1786032435574609636,1786032609577309878,190.078,,0.055,174002.700,"CooperativeService{guidedPlanning, status=request, vehicleId=0x7665682d303238, requestedHorizonMs=2500, confidence=100, planning.waypoints=1, offloadTaskId=probe-4, offloadPayload=1024 bytes}"
5g-sender,1786032609979162539,edge4av-real-20260806-airspan-followup-run-1,c4-rep2-tcp,airspan-followup-70-20-10,guided-planning,tcp,veh-028,veh-028,rsu-1,c4-rep2-tcp-veh-028-5,ipi-session-1,airspan-followup-c4-rep2,veh-028,5,100-clients,default,stationary,unsynced,true,true,payload_bytes,1024,bytes,IPI-CooperativeService,1097,1786032609777465054,1786032435995448356,1786032435995491828,1786032609979162539,201.697,,0.043,173983.671,"CooperativeService{guidedPlanning, status=request, vehicleId=0x7665682d303238, requestedHorizonMs=2500, confidence=100, planning.waypoints=1, offloadTaskId=probe-5, offloadPayload=1024 bytes}"
5g-sender,1786032610409223883,edge4av-real-20260806-airspan-followup-run-1,c4-rep2-tcp,airspan-followup-70-20-10,guided-planning,tcp,veh-028,veh-028,rsu-1,c4-rep2-tcp-veh-028-6,ipi-session-1,airspan-followup-c4-rep2,veh-028,6,100-clients,default,stationary,unsynced,true,true,payload_bytes,1024,bytes,IPI-CooperativeService,1097,1786032610179322618,1786032436425910541,1786032436425982012,1786032610409223883,229.901,,0.071,173983.242,"CooperativeService{guidedPlanning, status=request, vehicleId=0x7665682d303238, requestedHorizonMs=2500, confidence=100, planning.waypoints=1, offloadTaskId=probe-6, offloadPayload=1024 bytes}"
5g-sender,1786032610809246879,edge4av-real-20260806-airspan-followup-run-1,c4-rep2-tcp,airspan-followup-70-20-10,guided-planning,tcp,veh-028,veh-028,rsu-1,c4-rep2-tcp-veh-028-7,ipi-session-1,airspan-followup-c4-rep2,veh-028,7,100-clients,default,stationary,unsynced,true,true,payload_bytes,1024,bytes,IPI-CooperativeService,1097,1786032610609416360,1786032436826818099,1786032436826837825,1786032610809246879,199.831,,0.020,173982.409,"CooperativeService{guidedPlanning, status=request, vehicleId=0x7665682d303238, requestedHorizonMs=2500, confidence=100, planning.waypoints=1, offloadTaskId=probe-7, offloadPayload=1024 bytes}"
5g-sender,1786032611158531203,edge4av-real-20260806-airspan-followup-run-1,c4-rep2-tcp,airspan-followup-70-20-10,guided-planning,tcp,veh-028,veh-028,rsu-1,c4-rep2-tcp-veh-028-8,ipi-session-1,airspan-followup-c4-rep2,veh-028,8,100-clients,default,stationary,unsynced,true,true,payload_bytes,1024,bytes,IPI-CooperativeService,1097,1786032611009399859,1786032437177467819,1786032437177519130,1786032611158531203,149.131,,0.051,173981.012,"CooperativeService{guidedPlanning, status=request, vehicleId=0x7665682d303238, requestedHorizonMs=2500, confidence=100, planning.waypoints=1, offloadTaskId=probe-8, offloadPayload=1024 bytes}"
5g-sender,1786032611521163147,edge4av-real-20260806-airspan-followup-run-1,c4-rep2-tcp,airspan-followup-70-20-10,guided-planning,tcp,veh-028,veh-028,rsu-1,c4-rep2-tcp-veh-028-9,ipi-session-1,airspan-followup-c4-rep2,veh-028,9,100-clients,default,stationary,unsynced,true,true,payload_bytes,1024,bytes,IPI-CooperativeService,1097,1786032611358701299,1786032437528031003,1786032437528072248,1786032611521163147,162.462,,0.041,173993.091,"CooperativeService{guidedPlanning, status=request, vehicleId=0x7665682d303238, requestedHorizonMs=2500, confidence=100, planning.waypoints=1, offloadTaskId=probe-9, offloadPayload=1024 bytes}"
5g-sender,1786032611853210471,edge4av-real-20260806-airspan-followup-run-1,c4-rep2-tcp,airspan-followup-70-20-10,guided-planning,tcp,veh-028,veh-028,rsu-1,c4-rep2-tcp-veh-028-10,ipi-session-1,airspan-followup-c4-rep2,veh-028,10,100-clients,default,stationary,unsynced,true,true,payload_bytes,1024,bytes,IPI-CooperativeService,1098,1786032611721322743,1786032437878451095,1786032437878480109,1786032611853210471,131.888,,0.029,173974.730,"CooperativeService{guidedPlanning, status=request, vehicleId=0x7665682d303238, requestedHorizonMs=2500, confidence=100, planning.waypoints=1, offloadTaskId=probe-10, offloadPayload=1024 bytes}"
5g-sender,1786032612361030144,edge4av-real-20260806-airspan-followup-run-1,c4-rep2-tcp,airspan-followup-70-20-10,guided-planning,tcp,veh-028,veh-028,rsu-1,c4-rep2-tcp-veh-028-11,ipi-session-1,airspan-followup-c4-rep2,veh-028,11,100-clients,default,stationary,unsynced,true,true,payload_bytes,1024,bytes,IPI-CooperativeService,1098,1786032612053414804,1786032438379541038,1786032438379593352,1786032612361030144,307.615,,0.052,173981.437,"CooperativeService{guidedPlanning, status=request, vehicleId=0x7665682d303238, requestedHorizonMs=2500, confidence=100, planning.waypoints=1, offloadTaskId=probe-11, offloadPayload=1024 bytes}"
5g-sender,1786032612745260604,edge4av-real-20260806-airspan-followup-run-1,c4-rep2-tcp,airspan-followup-70-20-10,guided-planning,tcp,veh-028,veh-028,rsu-1,c4-rep2-tcp-veh-028-12,ipi-session-1,airspan-followup-c4-rep2,veh-028,12,100-clients,default,stationary,unsynced,true,true,payload_bytes,1024,bytes,IPI-CooperativeService,1098,1786032612561237633,1786032438760171852,1786032438760208475,1786032612745260604,184.023,,0.037,173985.052,"CooperativeService{guidedPlanning, status=request, vehicleId=0x7665682d303238, requestedHorizonMs=2500, confidence=100, planning.waypoints=1, offloadTaskId=probe-12, offloadPayload=1024 bytes}"
5g-sender,1786032613189202628,edge4av-real-20260806-airspan-followup-run-1,c4-rep2-tcp,airspan-followup-70-20-10,guided-planning,tcp,veh-028,veh-028,rsu-1,c4-rep2-tcp-veh-028-13,ipi-session-1,airspan-followup-c4-rep2,veh-028,13,100-clients,default,stationary,unsynced,true,true,payload_bytes,1024,bytes,IPI-CooperativeService,1098,1786032612945440404,1786032439201084794,1786032439201140212,1786032613189202628,243.762,,0.055,173988.062,"CooperativeService{guidedPlanning, status=request, vehicleId=0x7665682d303238, requestedHorizonMs=2500, confidence=100, planning.waypoints=1, offloadTaskId=probe-13, offloadPayload=1024 bytes}"
5g-sender,1786032613595251300,edge4av-real-20260806-airspan-followup-run-1,c4-rep2-tcp,airspan-followup-70-20-10,guided-planning,tcp,veh-028,veh-028,rsu-1,c4-rep2-tcp-veh-028-14,ipi-session-1,airspan-followup-c4-rep2,veh-028,14,100-clients,default,stationary,unsynced,true,true,payload_bytes,1024,bytes,IPI-CooperativeService,1098,1786032613389402238,1786032439601356892,1786032439601368742,1786032613595251300,205.849,,0.012,173993.883,"CooperativeService{guidedPlanning, status=request, vehicleId=0x7665682d303238, requestedHorizonMs=2500, confidence=100, planning.waypoints=1, offloadTaskId=probe-14, offloadPayload=1024 bytes}"
5g-sender,1786032613993283339,edge4av-real-20260806-airspan-followup-run-1,c4-rep2-tcp,airspan-followup-70-20-10,guided-planning,tcp,veh-028,veh-028,rsu-1,c4-rep2-tcp-veh-028-15,ipi-session-1,airspan-followup-c4-rep2,veh-028,15,100-clients,default,stationary,unsynced,true,true,payload_bytes,1024,bytes,IPI-CooperativeService,1098,1786032613795408649,1786032440012174021,1786032440012236190,1786032613993283339,197.875,,0.062,173981.047,"CooperativeService{guidedPlanning, status=request, vehicleId=0x7665682d303238, requestedHorizonMs=2500, confidence=100, planning.waypoints=1, offloadTaskId=probe-15, offloadPayload=1024 bytes}"
5g-sender,1786032614461348934,edge4av-real-20260806-airspan-followup-run-1,c4-rep2-tcp,airspan-followup-70-20-10,guided-planning,tcp,veh-028,veh-028,rsu-1,c4-rep2-tcp-veh-028-16,ipi-session-1,airspan-followup-c4-rep2,veh-028,16,100-clients,default,stationary,unsynced,true,true,payload_bytes,1024,bytes,IPI-CooperativeService,1098,1786032614193441632,1786032440473109611,1786032440473152549,1786032614461348934,267.907,,0.043,173988.196,"CooperativeService{guidedPlanning, status=request, vehicleId=0x7665682d303238, requestedHorizonMs=2500, confidence=100, planning.waypoints=1, offloadTaskId=probe-16, offloadPayload=1024 bytes}"
5g-sender,1786032614867108566,edge4av-real-20260806-airspan-followup-run-1,c4-rep2-tcp,airspan-followup-70-20-10,guided-planning,tcp,veh-028,veh-028,rsu-1,c4-rep2-tcp-veh-028-17,ipi-session-1,airspan-followup-c4-rep2,veh-028,17,100-clients,default,stationary,unsynced,true,true,payload_bytes,1024,bytes,IPI-CooperativeService,1098,1786032614661539104,1786032440883860536,1786032440883902748,1786032614867108566,205.569,,0.042,173983.206,"CooperativeService{guidedPlanning, status=request, vehicleId=0x7665682d303238, requestedHorizonMs=2500, confidence=100, planning.waypoints=1, offloadTaskId=probe-17, offloadPayload=1024 bytes}"
5g-sender,1786032615309290056,edge4av-real-20260806-airspan-followup-run-1,c4-rep2-tcp,airspan-followup-70-20-10,guided-planning,tcp,veh-028,veh-028,rsu-1,c4-rep2-tcp-veh-028-18,ipi-session-1,airspan-followup-c4-rep2,veh-028,18,100-clients,default,stationary,unsynced,true,true,payload_bytes,1024,bytes,IPI-CooperativeService,1098,1786032615067263681,1786032441324881867,1786032441324933049,1786032615309290056,242.026,,0.051,173984.357,"CooperativeService{guidedPlanning, status=request, vehicleId=0x7665682d303238, requestedHorizonMs=2500, confidence=100, planning.waypoints=1, offloadTaskId=probe-18, offloadPayload=1024 bytes}"
5g-sender,1786032615723291712,edge4av-real-20260806-airspan-followup-run-1,c4-rep2-tcp,airspan-followup-70-20-10,guided-planning,tcp,veh-028,veh-028,rsu-1,c4-rep2-tcp-veh-028-19,ipi-session-1,airspan-followup-c4-rep2,veh-028,19,100-clients,default,stationary,unsynced,true,true,payload_bytes,1024,bytes,IPI-CooperativeService,1098,1786032615509456082,1786032441735393019,1786032441735466596,1786032615723291712,213.836,,0.074,173987.825,"CooperativeService{guidedPlanning, status=request, vehicleId=0x7665682d303238, requestedHorizonMs=2500, confidence=100, planning.waypoints=1, offloadTaskId=probe-19, offloadPayload=1024 bytes}"
5g-sender,1786032616083218606,edge4av-real-20260806-airspan-followup-run-1,c4-rep2-tcp,airspan-followup-70-20-10,guided-planning,tcp,veh-028,veh-028,rsu-1,c4-rep2-tcp-veh-028-20,ipi-session-1,airspan-followup-c4-rep2,veh-028,20,100-clients,default,stationary,unsynced,true,true,payload_bytes,1024,bytes,IPI-CooperativeService,1098,1786032615923514535,1786032442106007290,1786032442106050849,1786032616083218606,159.704,,0.044,173977.168,"CooperativeService{guidedPlanning, status=request, vehicleId=0x7665682d303238, requestedHorizonMs=2500, confidence=100, planning.waypoints=1, offloadTaskId=probe-20, offloadPayload=1024 bytes}"
5g-sender,1786032616525145677,edge4av-real-20260806-airspan-followup-run-1,c4-rep2-tcp,airspan-followup-70-20-10,guided-planning,tcp,veh-028,veh-028,rsu-1,c4-rep2-tcp-veh-028-21,ipi-session-1,airspan-followup-c4-rep2,veh-028,21,100-clients,default,stationary,unsynced,true,true,payload_bytes,1024,bytes,IPI-CooperativeService,1098,1786032616283381175,1786032442536652316,1786032442536693843,1786032616525145677,241.765,,0.042,173988.452,"CooperativeService{guidedPlanning, status=request, vehicleId=0x7665682d303238, requestedHorizonMs=2500, confidence=100, planning.waypoints=1, offloadTaskId=probe-21, offloadPayload=1024 bytes}"
5g-sender,1786032616955260622,edge4av-real-20260806-airspan-followup-run-1,c4-rep2-tcp,airspan-followup-70-20-10,guided-planning,tcp,veh-028,veh-028,rsu-1,c4-rep2-tcp-veh-028-22,ipi-session-1,airspan-followup-c4-rep2,veh-028,22,100-clients,default,stationary,unsynced,true,true,payload_bytes,1024,bytes,IPI-CooperativeService,1098,1786032616725313770,1786032442967318773,1786032442967337772,1786032616955260622,229.947,,0.019,173987.923,"CooperativeService{guidedPlanning, status=request, vehicleId=0x7665682d303238, requestedHorizonMs=2500, confidence=100, planning.waypoints=1, offloadTaskId=probe-22, offloadPayload=1024 bytes}"
5g-sender,1786032617387282965,edge4av-real-20260806-airspan-followup-run-1,c4-rep2-tcp,airspan-followup-70-20-10,guided-planning,tcp,veh-028,veh-028,rsu-1,c4-rep2-tcp-veh-028-23,ipi-session-1,airspan-followup-c4-rep2,veh-028,23,100-clients,default,stationary,unsynced,true,true,payload_bytes,1024,bytes,IPI-CooperativeService,1098,1786032617155447734,1786032443398482933,1786032443398533484,1786032617387282965,231.835,,0.051,173988.749,"CooperativeService{guidedPlanning, status=request, vehicleId=0x7665682d303238, requestedHorizonMs=2500, confidence=100, planning.waypoints=1, offloadTaskId=probe-23, offloadPayload=1024 bytes}"
5g-sender,1786032617861265205,edge4av-real-20260806-airspan-followup-run-1,c4-rep2-tcp,airspan-followup-70-20-10,guided-planning,tcp,veh-028,veh-028,rsu-1,c4-rep2-tcp-veh-028-24,ipi-session-1,airspan-followup-c4-rep2,veh-028,24,100-clients,default,stationary,unsynced,true,true,payload_bytes,1024,bytes,IPI-CooperativeService,1098,1786032617587467306,1786032443849108912,1786032443849152188,1786032617861265205,273.798,,0.043,174012.113,"CooperativeService{guidedPlanning, status=request, vehicleId=0x7665682d303238, requestedHorizonMs=2500, confidence=100, planning.waypoints=1, offloadTaskId=probe-24, offloadPayload=1024 bytes}"
5g-sender,1786032618355293094,edge4av-real-20260806-airspan-followup-run-1,c4-rep2-tcp,airspan-followup-70-20-10,guided-planning,tcp,veh-028,veh-028,rsu-1,c4-rep2-tcp-veh-028-25,ipi-session-1,airspan-followup-c4-rep2,veh-028,25,100-clients,default,stationary,unsynced,true,true,payload_bytes,1024,bytes,IPI-CooperativeService,1098,1786032618061445434,1786032444379982228,1786032444380035147,1786032618355293094,293.848,,0.053,173975.258,"CooperativeService{guidedPlanning, status=request, vehicleId=0x7665682d303238, requestedHorizonMs=2500, confidence=100, planning.waypoints=1, offloadTaskId=probe-25, offloadPayload=1024 bytes}"
5g-sender,1786032618737156681,edge4av-real-20260806-airspan-followup-run-1,c4-rep2-tcp,airspan-followup-70-20-10,guided-planning,tcp,veh-028,veh-028,rsu-1,c4-rep2-tcp-veh-028-26,ipi-session-1,airspan-followup-c4-rep2,veh-028,26,100-clients,default,stationary,unsynced,true,true,payload_bytes,1024,bytes,IPI-CooperativeService,1098,1786032618555461160,1786032444750605334,1786032444750646077,1786032618737156681,181.696,,0.041,173986.511,"CooperativeService{guidedPlanning, status=request, vehicleId=0x7665682d303238, requestedHorizonMs=2500, confidence=100, planning.waypoints=1, offloadTaskId=probe-26, offloadPayload=1024 bytes}"
5g-sender,1786032619399351412,edge4av-real-20260806-airspan-followup-run-1,c4-rep2-tcp,airspan-followup-70-20-10,guided-planning,tcp,veh-028,veh-028,rsu-1,c4-rep2-tcp-veh-028-27,ipi-session-1,airspan-followup-c4-rep2,veh-028,27,100-clients,default,stationary,unsynced,true,true,payload_bytes,1024,bytes,IPI-CooperativeService,1098,1786032618937360533,1786032445411802006,1786032445411879614,1786032619399351412,461.991,,0.078,173987.472,"CooperativeService{guidedPlanning, status=request, vehicleId=0x7665682d303238, requestedHorizonMs=2500, confidence=100, planning.waypoints=1, offloadTaskId=probe-27, offloadPayload=1024 bytes}"
5g-sender,1786032620091151707,edge4av-real-20260806-airspan-followup-run-1,c4-rep2-tcp,airspan-followup-70-20-10,guided-planning,tcp,veh-028,veh-028,rsu-1,c4-rep2-tcp-veh-028-28,ipi-session-1,airspan-followup-c4-rep2,veh-028,28,100-clients,default,stationary,unsynced,true,true,payload_bytes,1024,bytes,IPI-CooperativeService,1098,1786032619599522484,1786032446112842258,1786032446112889200,1786032620091151707,491.629,,0.047,173978.263,"CooperativeService{guidedPlanning, status=request, vehicleId=0x7665682d303238, requestedHorizonMs=2500, confidence=100, planning.waypoints=1, offloadTaskId=probe-28, offloadPayload=1024 bytes}"
5g-sender,1786032620675781564,edge4av-real-20260806-airspan-followup-run-1,c4-rep2-tcp,airspan-followup-70-20-10,guided-planning,tcp,veh-028,veh-028,rsu-1,c4-rep2-tcp-veh-028-29,ipi-session-1,airspan-followup-c4-rep2,veh-028,29,100-clients,default,stationary,unsynced,true,true,payload_bytes,1024,bytes,IPI-CooperativeService,1098,1786032620291344344,1786032446694404379,1786032446694456587,1786032620675781564,384.437,,0.052,173981.325,"CooperativeService{guidedPlanning, status=request, vehicleId=0x7665682d303238, requestedHorizonMs=2500, confidence=100, planning.waypoints=1, offloadTaskId=probe-29, offloadPayload=1024 bytes}"
5g-sender,1786032621619271024,edge4av-real-20260806-airspan-followup-run-1,c4-rep2-tcp,airspan-followup-70-20-10,guided-planning,tcp,veh-028,veh-028,rsu-1,c4-rep2-tcp-veh-028-30,ipi-session-1,airspan-followup-c4-rep2,veh-028,30,100-clients,default,stationary,unsynced,true,true,payload_bytes,1024,bytes,IPI-CooperativeService,1098,1786032620876011780,1786032447615514456,1786032447615580265,1786032621619271024,743.259,,0.066,174003.691,"CooperativeService{guidedPlanning, status=request, vehicleId=0x7665682d303238, requestedHorizonMs=2500, confidence=100, planning.waypoints=1, offloadTaskId=probe-30, offloadPayload=1024 bytes}"
5g-sender,1786032622067226960,edge4av-real-20260806-airspan-followup-run-1,c4-rep2-tcp,airspan-followup-70-20-10,guided-planning,tcp,veh-028,veh-028,rsu-1,c4-rep2-tcp-veh-028-31,ipi-session-1,airspan-followup-c4-rep2,veh-028,31,100-clients,default,stationary,unsynced,true,true,payload_bytes,1024,bytes,IPI-CooperativeService,1098,1786032621819686746,1786032448066454521,1786032448066519309,1786032622067226960,247.540,,0.065,174000.708,"CooperativeService{guidedPlanning, status=request, vehicleId=0x7665682d303238, requestedHorizonMs=2500, confidence=100, planning.waypoints=1, offloadTaskId=probe-31, offloadPayload=1024 bytes}"
5g-sender,1786032622571185121,edge4av-real-20260806-airspan-followup-run-1,c4-rep2-tcp,airspan-followup-70-20-10,guided-planning,tcp,veh-028,veh-028,rsu-1,c4-rep2-tcp-veh-028-32,ipi-session-1,airspan-followup-c4-rep2,veh-028,32,100-clients,default,stationary,unsynced,true,true,payload_bytes,1024,bytes,IPI-CooperativeService,1098,1786032622267439684,1786032448577266568,1786032448577323208,1786032622571185121,303.745,,0.057,173993.862,"CooperativeService{guidedPlanning, status=request, vehicleId=0x7665682d303238, requestedHorizonMs=2500, confidence=100, planning.waypoints=1, offloadTaskId=probe-32, offloadPayload=1024 bytes}"
5g-sender,1786032623041378259,edge4av-real-20260806-airspan-followup-run-1,c4-rep2-tcp,airspan-followup-70-20-10,guided-planning,tcp,veh-028,veh-028,rsu-1,c4-rep2-tcp-veh-028-33,ipi-session-1,airspan-followup-c4-rep2,veh-028,33,100-clients,default,stationary,unsynced,true,true,payload_bytes,1024,bytes,IPI-CooperativeService,1098,1786032622771417074,1786032449058162808,1786032449058233730,1786032623041378259,269.961,,0.071,173983.145,"CooperativeService{guidedPlanning, status=request, vehicleId=0x7665682d303238, requestedHorizonMs=2500, confidence=100, planning.waypoints=1, offloadTaskId=probe-33, offloadPayload=1024 bytes}"
5g-sender,1786032623507311049,edge4av-real-20260806-airspan-followup-run-1,c4-rep2-tcp,airspan-followup-70-20-10,guided-planning,tcp,veh-028,veh-028,rsu-1,c4-rep2-tcp-veh-028-34,ipi-session-1,airspan-followup-c4-rep2,veh-028,34,100-clients,default,stationary,unsynced,true,true,payload_bytes,1024,bytes,IPI-CooperativeService,1098,1786032623241549155,1786032449499046851,1786032449499089511,1786032623507311049,265.762,,0.043,174008.222,"CooperativeService{guidedPlanning, status=request, vehicleId=0x7665682d303238, requestedHorizonMs=2500, confidence=100, planning.waypoints=1, offloadTaskId=probe-34, offloadPayload=1024 bytes}"
5g-sender,1786032623989277973,edge4av-real-20260806-airspan-followup-run-1,c4-rep2-tcp,airspan-followup-70-20-10,guided-planning,tcp,veh-028,veh-028,rsu-1,c4-rep2-tcp-veh-028-35,ipi-session-1,airspan-followup-c4-rep2,veh-028,35,100-clients,default,stationary,unsynced,true,true,payload_bytes,1024,bytes,IPI-CooperativeService,1098,1786032623707519804,1786032449999853145,1786032449999893865,1786032623989277973,281.758,,0.041,173989.384,"CooperativeService{guidedPlanning, status=request, vehicleId=0x7665682d303238, requestedHorizonMs=2500, confidence=100, planning.waypoints=1, offloadTaskId=probe-35, offloadPayload=1024 bytes}"
5g-sender,1786032624425257151,edge4av-real-20260806-airspan-followup-run-1,c4-rep2-tcp,airspan-followup-70-20-10,guided-planning,tcp,veh-028,veh-028,rsu-1,c4-rep2-tcp-veh-028-36,ipi-session-1,airspan-followup-c4-rep2,veh-028,36,100-clients,default,stationary,unsynced,true,true,payload_bytes,1024,bytes,IPI-CooperativeService,1098,1786032624189436257,1786032450440638581,1786032450440672645,1786032624425257151,235.821,,0.034,173984.585,"CooperativeService{guidedPlanning, status=request, vehicleId=0x7665682d303238, requestedHorizonMs=2500, confidence=100, planning.waypoints=1, offloadTaskId=probe-36, offloadPayload=1024 bytes}"
5g-sender,1786032624909111933,edge4av-real-20260806-airspan-followup-run-1,c4-rep2-tcp,airspan-followup-70-20-10,guided-planning,tcp,veh-028,veh-028,rsu-1,c4-rep2-tcp-veh-028-37,ipi-session-1,airspan-followup-c4-rep2,veh-028,37,100-clients,default,stationary,unsynced,true,true,payload_bytes,1024,bytes,IPI-CooperativeService,1098,1786032624625412702,1786032450921722245,1786032450921762530,1786032624909111933,283.699,,0.040,173987.349,"CooperativeService{guidedPlanning, status=request, vehicleId=0x7665682d303238, requestedHorizonMs=2500, confidence=100, planning.waypoints=1, offloadTaskId=probe-37, offloadPayload=1024 bytes}"
5g-sender,1786032625389274749,edge4av-real-20260806-airspan-followup-run-1,c4-rep2-tcp,airspan-followup-70-20-10,guided-planning,tcp,veh-028,veh-028,rsu-1,c4-rep2-tcp-veh-028-38,ipi-session-1,airspan-followup-c4-rep2,veh-028,38,100-clients,default,stationary,unsynced,true,true,payload_bytes,1024,bytes,IPI-CooperativeService,1098,1786032625109275092,1786032451402395850,1786032451402446375,1786032625389274749,280.000,,0.051,173986.828,"CooperativeService{guidedPlanning, status=request, vehicleId=0x7665682d303238, requestedHorizonMs=2500, confidence=100, planning.waypoints=1, offloadTaskId=probe-38, offloadPayload=1024 bytes}"
5g-sender,1786032625875346356,edge4av-real-20260806-airspan-followup-run-1,c4-rep2-tcp,airspan-followup-70-20-10,guided-planning,tcp,veh-028,veh-028,rsu-1,c4-rep2-tcp-veh-028-39,ipi-session-1,airspan-followup-c4-rep2,veh-028,39,100-clients,default,stationary,unsynced,true,true,payload_bytes,1024,bytes,IPI-CooperativeService,1098,1786032625589445751,1786032451873114840,1786032451873175495,1786032625875346356,285.901,,0.061,174002.171,"CooperativeService{guidedPlanning, status=request, vehicleId=0x7665682d303238, requestedHorizonMs=2500, confidence=100, planning.waypoints=1, offloadTaskId=probe-39, offloadPayload=1024 bytes}"
5g-sender,1786032626307377379,edge4av-real-20260806-airspan-followup-run-1,c4-rep2-tcp,airspan-followup-70-20-10,guided-planning,tcp,veh-028,veh-028,rsu-1,c4-rep2-tcp-veh-028-40,ipi-session-1,airspan-followup-c4-rep2,veh-028,40,100-clients,default,stationary,unsynced,true,true,payload_bytes,1024,bytes,IPI-CooperativeService,1098,1786032626075594379,1786032452313956973,1786032452314007914,1786032626307377379,231.783,,0.051,173993.369,"CooperativeService{guidedPlanning, status=request, vehicleId=0x7665682d303238, requestedHorizonMs=2500, confidence=100, planning.waypoints=1, offloadTaskId=probe-40, offloadPayload=1024 bytes}"
5g-sender,1786032626791128870,edge4av-real-20260806-airspan-followup-run-1,c4-rep2-tcp,airspan-followup-70-20-10,guided-planning,tcp,veh-028,veh-028,rsu-1,c4-rep2-tcp-veh-028-41,ipi-session-1,airspan-followup-c4-rep2,veh-028,41,100-clients,default,stationary,unsynced,true,true,payload_bytes,1024,bytes,IPI-CooperativeService,1098,1786032626507591974,1786032452784853396,1786032452784898049,1786032626791128870,283.537,,0.045,174006.231,"CooperativeService{guidedPlanning, status=request, vehicleId=0x7665682d303238, requestedHorizonMs=2500, confidence=100, planning.waypoints=1, offloadTaskId=probe-41, offloadPayload=1024 bytes}"
5g-sender,1786032627201942043,edge4av-real-20260806-airspan-followup-run-1,c4-rep2-tcp,airspan-followup-70-20-10,guided-planning,tcp,veh-028,veh-028,rsu-1,c4-rep2-tcp-veh-028-42,ipi-session-1,airspan-followup-c4-rep2,veh-028,42,100-clients,default,stationary,unsynced,true,true,payload_bytes,1024,bytes,IPI-CooperativeService,1098,1786032626991281565,1786032453215095360,1786032453215117690,1786032627201942043,210.660,,0.022,173986.824,"CooperativeService{guidedPlanning, status=request, vehicleId=0x7665682d303238, requestedHorizonMs=2500, confidence=100, planning.waypoints=1, offloadTaskId=probe-42, offloadPayload=1024 bytes}"
5g-sender,1786032628051293844,edge4av-real-20260806-airspan-followup-run-1,c4-rep2-tcp,airspan-followup-70-20-10,guided-planning,tcp,veh-028,veh-028,rsu-1,c4-rep2-tcp-veh-028-43,ipi-session-1,airspan-followup-c4-rep2,veh-028,43,100-clients,default,stationary,unsynced,true,true,payload_bytes,1024,bytes,IPI-CooperativeService,1098,1786032627402130609,1786032454076908663,1786032454076949020,1786032628051293844,649.163,,0.040,173974.345,"CooperativeService{guidedPlanning, status=request, vehicleId=0x7665682d303238, requestedHorizonMs=2500, confidence=100, planning.waypoints=1, offloadTaskId=probe-43, offloadPayload=1024 bytes}"
5g-sender,1786032628501382247,edge4av-real-20260806-airspan-followup-run-1,c4-rep2-tcp,airspan-followup-70-20-10,guided-planning,tcp,veh-028,veh-028,rsu-1,c4-rep2-tcp-veh-028-44,ipi-session-1,airspan-followup-c4-rep2,veh-028,44,100-clients,default,stationary,unsynced,true,true,payload_bytes,1024,bytes,IPI-CooperativeService,1098,1786032628251587670,1786032454517932996,1786032454517975671,1786032628501382247,249.795,,0.043,173983.407,"CooperativeService{guidedPlanning, status=request, vehicleId=0x7665682d303238, requestedHorizonMs=2500, confidence=100, planning.waypoints=1, offloadTaskId=probe-44, offloadPayload=1024 bytes}"
5g-sender,1786032628935283600,edge4av-real-20260806-airspan-followup-run-1,c4-rep2-tcp,airspan-followup-70-20-10,guided-planning,tcp,veh-028,veh-028,rsu-1,c4-rep2-tcp-veh-028-45,ipi-session-1,airspan-followup-c4-rep2,veh-028,45,100-clients,default,stationary,unsynced,true,true,payload_bytes,1024,bytes,IPI-CooperativeService,1098,1786032628701596866,1786032454938496804,1786032454938520520,1786032628935283600,233.687,,0.024,173996.763,"CooperativeService{guidedPlanning, status=request, vehicleId=0x7665682d303238, requestedHorizonMs=2500, confidence=100, planning.waypoints=1, offloadTaskId=probe-45, offloadPayload=1024 bytes}"
5g-sender,1786032629363236079,edge4av-real-20260806-airspan-followup-run-1,c4-rep2-tcp,airspan-followup-70-20-10,guided-planning,tcp,veh-028,veh-028,rsu-1,c4-rep2-tcp-veh-028-46,ipi-session-1,airspan-followup-c4-rep2,veh-028,46,100-clients,default,stationary,unsynced,true,true,payload_bytes,1024,bytes,IPI-CooperativeService,1098,1786032629135445953,1786032455359423199,1786032455359464370,1786032629363236079,227.790,,0.041,174003.772,"CooperativeService{guidedPlanning, status=request, vehicleId=0x7665682d303238, requestedHorizonMs=2500, confidence=100, planning.waypoints=1, offloadTaskId=probe-46, offloadPayload=1024 bytes}"
5g-sender,1786032629707275119,edge4av-real-20260806-airspan-followup-run-1,c4-rep2-tcp,airspan-followup-70-20-10,guided-planning,tcp,veh-028,veh-028,rsu-1,c4-rep2-tcp-veh-028-47,ipi-session-1,airspan-followup-c4-rep2,veh-028,47,100-clients,default,stationary,unsynced,true,true,payload_bytes,1024,bytes,IPI-CooperativeService,1098,1786032629563411991,1786032455720042214,1786032455720277503,1786032629707275119,143.863,,0.235,173986.998,"CooperativeService{guidedPlanning, status=request, vehicleId=0x7665682d303238, requestedHorizonMs=2500, confidence=100, planning.waypoints=1, offloadTaskId=probe-47, offloadPayload=1024 bytes}"
5g-sender,1786032630207145178,edge4av-real-20260806-airspan-followup-run-1,c4-rep2-tcp,airspan-followup-70-20-10,guided-planning,tcp,veh-028,veh-028,rsu-1,c4-rep2-tcp-veh-028-48,ipi-session-1,airspan-followup-c4-rep2,veh-028,48,100-clients,default,stationary,unsynced,true,true,payload_bytes,1024,bytes,IPI-CooperativeService,1098,1786032629907460045,1786032456200668093,1786032456200740012,1786032630207145178,299.685,,0.072,174006.405,"CooperativeService{guidedPlanning, status=request, vehicleId=0x7665682d303238, requestedHorizonMs=2500, confidence=100, planning.waypoints=1, offloadTaskId=probe-48, offloadPayload=1024 bytes}"
5g-sender,1786032630659265998,edge4av-real-20260806-airspan-followup-run-1,c4-rep2-tcp,airspan-followup-70-20-10,guided-planning,tcp,veh-028,veh-028,rsu-1,c4-rep2-tcp-veh-028-49,ipi-session-1,airspan-followup-c4-rep2,veh-028,49,100-clients,default,stationary,unsynced,true,true,payload_bytes,1024,bytes,IPI-CooperativeService,1098,1786032630407306941,1786032456671388962,1786032456671419759,1786032630659265998,251.959,,0.031,173987.846,"CooperativeService{guidedPlanning, status=request, vehicleId=0x7665682d303238, requestedHorizonMs=2500, confidence=100, planning.waypoints=1, offloadTaskId=probe-49, offloadPayload=1024 bytes}"
5g-sender,1786032631095129028,edge4av-real-20260806-airspan-followup-run-1,c4-rep2-tcp,airspan-followup-70-20-10,guided-planning,tcp,veh-028,veh-028,rsu-1,c4-rep2-tcp-veh-028-50,ipi-session-1,airspan-followup-c4-rep2,veh-028,50,100-clients,default,stationary,unsynced,true,true,payload_bytes,1024,bytes,IPI-CooperativeService,1098,1786032630859456067,1786032457112245950,1786032457112295232,1786032631095129028,235.673,,0.049,173982.834,"CooperativeService{guidedPlanning, status=request, vehicleId=0x7665682d303238, requestedHorizonMs=2500, confidence=100, planning.waypoints=1, offloadTaskId=probe-50, offloadPayload=1024 bytes}"
5g-sender,1786032631507413852,edge4av-real-20260806-airspan-followup-run-1,c4-rep2-tcp,airspan-followup-70-20-10,guided-planning,tcp,veh-028,veh-028,rsu-1,c4-rep2-tcp-veh-028-51,ipi-session-1,airspan-followup-c4-rep2,veh-028,51,100-clients,default,stationary,unsynced,true,true,payload_bytes,1024,bytes,IPI-CooperativeService,1098,1786032631295303009,1786032457533053797,1786032457533129568,1786032631507413852,212.111,,0.076,173974.284,"CooperativeService{guidedPlanning, status=request, vehicleId=0x7665682d303238, requestedHorizonMs=2500, confidence=100, planning.waypoints=1, offloadTaskId=probe-51, offloadPayload=1024 bytes}"
5g-sender,1786032631991162626,edge4av-real-20260806-airspan-followup-run-1,c4-rep2-tcp,airspan-followup-70-20-10,guided-planning,tcp,veh-028,veh-028,rsu-1,c4-rep2-tcp-veh-028-52,ipi-session-1,airspan-followup-c4-rep2,veh-028,52,100-clients,default,stationary,unsynced,true,true,payload_bytes,1024,bytes,IPI-CooperativeService,1098,1786032631707661301,1786032457994107342,1786032457994149920,1786032631991162626,283.501,,0.043,173997.013,"CooperativeService{guidedPlanning, status=request, vehicleId=0x7665682d303238, requestedHorizonMs=2500, confidence=100, planning.waypoints=1, offloadTaskId=probe-52, offloadPayload=1024 bytes}"
5g-sender,1786032632417261447,edge4av-real-20260806-airspan-followup-run-1,c4-rep2-tcp,airspan-followup-70-20-10,guided-planning,tcp,veh-028,veh-028,rsu-1,c4-rep2-tcp-veh-028-53,ipi-session-1,airspan-followup-c4-rep2,veh-028,53,100-clients,default,stationary,unsynced,true,true,payload_bytes,1024,bytes,IPI-CooperativeService,1098,1786032632191353001,1786032458424996215,1786032458425047062,1786032632417261447,225.908,,0.051,173992.214,"CooperativeService{guidedPlanning, status=request, vehicleId=0x7665682d303238, requestedHorizonMs=2500, confidence=100, planning.waypoints=1, offloadTaskId=probe-53, offloadPayload=1024 bytes}"
5g-sender,1786032632861358704,edge4av-real-20260806-airspan-followup-run-1,c4-rep2-tcp,airspan-followup-70-20-10,guided-planning,tcp,veh-028,veh-028,rsu-1,c4-rep2-tcp-veh-028-54,ipi-session-1,airspan-followup-c4-rep2,veh-028,54,100-clients,default,stationary,unsynced,true,true,payload_bytes,1024,bytes,IPI-CooperativeService,1098,1786032632617408728,1786032458875263032,1786032458875313015,1786032632861358704,243.950,,0.050,173986.046,"CooperativeService{guidedPlanning, status=request, vehicleId=0x7665682d303238, requestedHorizonMs=2500, confidence=100, planning.waypoints=1, offloadTaskId=probe-54, offloadPayload=1024 bytes}"
5g-sender,1786032633261138918,edge4av-real-20260806-airspan-followup-run-1,c4-rep2-tcp,airspan-followup-70-20-10,guided-planning,tcp,veh-028,veh-028,rsu-1,c4-rep2-tcp-veh-028-55,ipi-session-1,airspan-followup-c4-rep2,veh-028,55,100-clients,default,stationary,unsynced,true,true,payload_bytes,1024,bytes,IPI-CooperativeService,1098,1786032633061590582,1786032459276213544,1786032459276265434,1786032633261138918,199.548,,0.052,173984.873,"CooperativeService{guidedPlanning, status=request, vehicleId=0x7665682d303238, requestedHorizonMs=2500, confidence=100, planning.waypoints=1, offloadTaskId=probe-55, offloadPayload=1024 bytes}"
5g-sender,1786032633735139971,edge4av-real-20260806-airspan-followup-run-1,c4-rep2-tcp,airspan-followup-70-20-10,guided-planning,tcp,veh-028,veh-028,rsu-1,c4-rep2-tcp-veh-028-56,ipi-session-1,airspan-followup-c4-rep2,veh-028,56,100-clients,default,stationary,unsynced,true,true,payload_bytes,1024,bytes,IPI-CooperativeService,1098,1786032633461305743,1786032459747031461,1786032459747082906,1786032633735139971,273.834,,0.051,173988.057,"CooperativeService{guidedPlanning, status=request, vehicleId=0x7665682d303238, requestedHorizonMs=2500, confidence=100, planning.waypoints=1, offloadTaskId=probe-56, offloadPayload=1024 bytes}"
5g-sender,1786032634225295759,edge4av-real-20260806-airspan-followup-run-1,c4-rep2-tcp,airspan-followup-70-20-10,guided-planning,tcp,veh-028,veh-028,rsu-1,c4-rep2-tcp-veh-028-57,ipi-session-1,airspan-followup-c4-rep2,veh-028,57,100-clients,default,stationary,unsynced,true,true,payload_bytes,1024,bytes,IPI-CooperativeService,1098,1786032633936030211,1786032460238170242,1786032460238244352,1786032634225295759,289.266,,0.074,173987.051,"CooperativeService{guidedPlanning, status=request, vehicleId=0x7665682d303238, requestedHorizonMs=2500, confidence=100, planning.waypoints=1, offloadTaskId=probe-57, offloadPayload=1024 bytes}"
5g-sender,1786032634633373498,edge4av-real-20260806-airspan-followup-run-1,c4-rep2-tcp,airspan-followup-70-20-10,guided-planning,tcp,veh-028,veh-028,rsu-1,c4-rep2-tcp-veh-028-58,ipi-session-1,airspan-followup-c4-rep2,veh-028,58,100-clients,default,stationary,unsynced,true,true,payload_bytes,1024,bytes,IPI-CooperativeService,1098,1786032634425463537,1786032460638252718,1786032460638267415,1786032634633373498,207.910,,0.015,173995.106,"CooperativeService{guidedPlanning, status=request, vehicleId=0x7665682d303238, requestedHorizonMs=2500, confidence=100, planning.waypoints=1, offloadTaskId=probe-58, offloadPayload=1024 bytes}"
5g-sender,1786032635095318984,edge4av-real-20260806-airspan-followup-run-1,c4-rep2-tcp,airspan-followup-70-20-10,guided-planning,tcp,veh-028,veh-028,rsu-1,c4-rep2-tcp-veh-028-59,ipi-session-1,airspan-followup-c4-rep2,veh-028,59,100-clients,default,stationary,unsynced,true,true,payload_bytes,1024,bytes,IPI-CooperativeService,1098,1786032634834109825,1786032461099352204,1786032461099382853,1786032635095318984,261.209,,0.031,173995.936,"CooperativeService{guidedPlanning, status=request, vehicleId=0x7665682d303238, requestedHorizonMs=2500, confidence=100, planning.waypoints=1, offloadTaskId=probe-59, offloadPayload=1024 bytes}"
5g-sender,1786032635507311042,edge4av-real-20260806-airspan-followup-run-1,c4-rep2-tcp,airspan-followup-70-20-10,guided-planning,tcp,veh-028,veh-028,rsu-1,c4-rep2-tcp-veh-028-60,ipi-session-1,airspan-followup-c4-rep2,veh-028,60,100-clients,default,stationary,unsynced,true,true,payload_bytes,1024,bytes,IPI-CooperativeService,1098,1786032635295532626,1786032461509835001,1786032461509861401,1786032635507311042,211.778,,0.026,173997.450,"CooperativeService{guidedPlanning, status=request, vehicleId=0x7665682d303238, requestedHorizonMs=2500, confidence=100, planning.waypoints=1, offloadTaskId=probe-60, offloadPayload=1024 bytes}"
5g-sender,1786032636035235408,edge4av-real-20260806-airspan-followup-run-1,c4-rep2-tcp,airspan-followup-70-20-10,guided-planning,tcp,veh-028,veh-028,rsu-1,c4-rep2-tcp-veh-028-61,ipi-session-1,airspan-followup-c4-rep2,veh-028,61,100-clients,default,stationary,unsynced,true,true,payload_bytes,1024,bytes,IPI-CooperativeService,1098,1786032635707636448,1786032462020820438,1786032462020885610,1786032636035235408,327.599,,0.065,174014.350,"CooperativeService{guidedPlanning, status=request, vehicleId=0x7665682d303238, requestedHorizonMs=2500, confidence=100, planning.waypoints=1, offloadTaskId=probe-61, offloadPayload=1024 bytes}"
5g-sender,1786032636463217144,edge4av-real-20260806-airspan-followup-run-1,c4-rep2-tcp,airspan-followup-70-20-10,guided-planning,tcp,veh-028,veh-028,rsu-1,c4-rep2-tcp-veh-028-62,ipi-session-1,airspan-followup-c4-rep2,veh-028,62,100-clients,default,stationary,unsynced,true,true,payload_bytes,1024,bytes,IPI-CooperativeService,1098,1786032636235390681,1786032462471714787,1786032462471740772,1786032636463217144,227.826,,0.026,173991.476,"CooperativeService{guidedPlanning, status=request, vehicleId=0x7665682d303238, requestedHorizonMs=2500, confidence=100, planning.waypoints=1, offloadTaskId=probe-62, offloadPayload=1024 bytes}"
5g-sender,1786032636985217724,edge4av-real-20260806-airspan-followup-run-1,c4-rep2-tcp,airspan-followup-70-20-10,guided-planning,tcp,veh-028,veh-028,rsu-1,c4-rep2-tcp-veh-028-63,ipi-session-1,airspan-followup-c4-rep2,veh-028,63,100-clients,default,stationary,unsynced,true,true,payload_bytes,1024,bytes,IPI-CooperativeService,1098,1786032636663382322,1786032462962868468,1786032462962912343,1786032636985217724,321.835,,0.044,174022.305,"CooperativeService{guidedPlanning, status=request, vehicleId=0x7665682d303238, requestedHorizonMs=2500, confidence=100, planning.waypoints=1, offloadTaskId=probe-63, offloadPayload=1024 bytes}"
5g-sender,1786032637465397692,edge4av-real-20260806-airspan-followup-run-1,c4-rep2-tcp,airspan-followup-70-20-10,guided-planning,tcp,veh-028,veh-028,rsu-1,c4-rep2-tcp-veh-028-64,ipi-session-1,airspan-followup-c4-rep2,veh-028,64,100-clients,default,stationary,unsynced,true,true,payload_bytes,1024,bytes,IPI-CooperativeService,1098,1786032637185393852,1786032463463284352,1786032463463325487,1786032637465397692,280.004,,0.041,174002.072,"CooperativeService{guidedPlanning, status=request, vehicleId=0x7665682d303238, requestedHorizonMs=2500, confidence=100, planning.waypoints=1, offloadTaskId=probe-64, offloadPayload=1024 bytes}"
5g-sender,1786032637927133865,edge4av-real-20260806-airspan-followup-run-1,c4-rep2-tcp,airspan-followup-70-20-10,guided-planning,tcp,veh-028,veh-028,rsu-1,c4-rep2-tcp-veh-028-65,ipi-session-1,airspan-followup-c4-rep2,veh-028,65,100-clients,default,stationary,unsynced,true,true,payload_bytes,1024,bytes,IPI-CooperativeService,1098,1786032637665835836,1786032463944426574,1786032463944477513,1786032637927133865,261.298,,0.051,173982.656,"CooperativeService{guidedPlanning, status=request, vehicleId=0x7665682d303238, requestedHorizonMs=2500, confidence=100, planning.waypoints=1, offloadTaskId=probe-65, offloadPayload=1024 bytes}"
5g-sender,1786032638459467053,edge4av-real-20260806-airspan-followup-run-1,c4-rep2-tcp,airspan-followup-70-20-10,guided-planning,tcp,veh-028,veh-028,rsu-1,c4-rep2-tcp-veh-028-66,ipi-session-1,airspan-followup-c4-rep2,veh-028,66,100-clients,default,stationary,unsynced,true,true,payload_bytes,1024,bytes,IPI-CooperativeService,1098,1786032638127350300,1786032464445016633,1786032464445075790,1786032638459467053,332.117,,0.059,174014.391,"CooperativeService{guidedPlanning, status=request, vehicleId=0x7665682d303238, requestedHorizonMs=2500, confidence=100, planning.waypoints=1, offloadTaskId=probe-66, offloadPayload=1024 bytes}"
5g-sender,1786032639239298760,edge4av-real-20260806-airspan-followup-run-1,c4-rep2-tcp,airspan-followup-70-20-10,guided-planning,tcp,veh-028,veh-028,rsu-1,c4-rep2-tcp-veh-028-67,ipi-session-1,airspan-followup-c4-rep2,veh-028,67,100-clients,default,stationary,unsynced,true,true,payload_bytes,1024,bytes,IPI-CooperativeService,1098,1786032638659955017,1786032465246715467,1786032465246811714,1786032639239298760,579.344,,0.096,173992.487,"CooperativeService{guidedPlanning, status=request, vehicleId=0x7665682d303238, requestedHorizonMs=2500, confidence=100, planning.waypoints=1, offloadTaskId=probe-67, offloadPayload=1024 bytes}"
5g-sender,1786032639739248196,edge4av-real-20260806-airspan-followup-run-1,c4-rep2-tcp,airspan-followup-70-20-10,guided-planning,tcp,veh-028,veh-028,rsu-1,c4-rep2-tcp-veh-028-68,ipi-session-1,airspan-followup-c4-rep2,veh-028,68,100-clients,default,stationary,unsynced,true,true,payload_bytes,1024,bytes,IPI-CooperativeService,1098,1786032639439562536,1786032465747348105,1786032465747443613,1786032639739248196,299.686,,0.096,173991.805,"CooperativeService{guidedPlanning, status=request, vehicleId=0x7665682d303238, requestedHorizonMs=2500, confidence=100, planning.waypoints=1, offloadTaskId=probe-68, offloadPayload=1024 bytes}"
5g-sender,1786032640243343312,edge4av-real-20260806-airspan-followup-run-1,c4-rep2-tcp,airspan-followup-70-20-10,guided-planning,tcp,veh-028,veh-028,rsu-1,c4-rep2-tcp-veh-028-69,ipi-session-1,airspan-followup-c4-rep2,veh-028,69,100-clients,default,stationary,unsynced,true,true,payload_bytes,1024,bytes,IPI-CooperativeService,1098,1786032639939413214,1786032466248522770,1786032466248574030,1786032640243343312,303.930,,0.051,173994.769,"CooperativeService{guidedPlanning, status=request, vehicleId=0x7665682d303238, requestedHorizonMs=2500, confidence=100, planning.waypoints=1, offloadTaskId=probe-69, offloadPayload=1024 bytes}"
5g-sender,1786032640713359023,edge4av-real-20260806-airspan-followup-run-1,c4-rep2-tcp,airspan-followup-70-20-10,guided-planning,tcp,veh-028,veh-028,rsu-1,c4-rep2-tcp-veh-028-70,ipi-session-1,airspan-followup-c4-rep2,veh-028,70,100-clients,default,stationary,unsynced,true,true,payload_bytes,1024,bytes,IPI-CooperativeService,1098,1786032640443543533,1786032466729258498,1786032466729300487,1786032640713359023,269.815,,0.042,173984.059,"CooperativeService{guidedPlanning, status=request, vehicleId=0x7665682d303238, requestedHorizonMs=2500, confidence=100, planning.waypoints=1, offloadTaskId=probe-70, offloadPayload=1024 bytes}"
5g-sender,1786032641107318699,edge4av-real-20260806-airspan-followup-run-1,c4-rep2-tcp,airspan-followup-70-20-10,guided-planning,tcp,veh-028,veh-028,rsu-1,c4-rep2-tcp-veh-028-71,ipi-session-1,airspan-followup-c4-rep2,veh-028,71,100-clients,default,stationary,unsynced,true,true,payload_bytes,1024,bytes,IPI-CooperativeService,1098,1786032640913551311,1786032467130125606,1786032467130177131,1786032641107318699,193.767,,0.052,173977.142,"CooperativeService{guidedPlanning, status=request, vehicleId=0x7665682d303238, requestedHorizonMs=2500, confidence=100, planning.waypoints=1, offloadTaskId=probe-71, offloadPayload=1024 bytes}"
5g-sender,1786032641473372268,edge4av-real-20260806-airspan-followup-run-1,c4-rep2-tcp,airspan-followup-70-20-10,guided-planning,tcp,veh-028,veh-028,rsu-1,c4-rep2-tcp-veh-028-72,ipi-session-1,airspan-followup-c4-rep2,veh-028,72,100-clients,default,stationary,unsynced,true,true,payload_bytes,1024,bytes,IPI-CooperativeService,1098,1786032641307538355,1786032467470466822,1786032467470534949,1786032641473372268,165.834,,0.068,174002.837,"CooperativeService{guidedPlanning, status=request, vehicleId=0x7665682d303238, requestedHorizonMs=2500, confidence=100, planning.waypoints=1, offloadTaskId=probe-72, offloadPayload=1024 bytes}"
5g-sender,1786032641895310390,edge4av-real-20260806-airspan-followup-run-1,c4-rep2-tcp,airspan-followup-70-20-10,guided-planning,tcp,veh-028,veh-028,rsu-1,c4-rep2-tcp-veh-028-73,ipi-session-1,airspan-followup-c4-rep2,veh-028,73,100-clients,default,stationary,unsynced,true,true,payload_bytes,1024,bytes,IPI-CooperativeService,1098,1786032641673621129,1786032467901101023,1786032467901144038,1786032641895310390,221.689,,0.043,173994.166,"CooperativeService{guidedPlanning, status=request, vehicleId=0x7665682d303238, requestedHorizonMs=2500, confidence=100, planning.waypoints=1, offloadTaskId=probe-73, offloadPayload=1024 bytes}"
5g-sender,1786032642375375740,edge4av-real-20260806-airspan-followup-run-1,c4-rep2-tcp,airspan-followup-70-20-10,guided-planning,tcp,veh-028,veh-028,rsu-1,c4-rep2-tcp-veh-028-74,ipi-session-1,airspan-followup-c4-rep2,veh-028,74,100-clients,default,stationary,unsynced,true,true,payload_bytes,1024,bytes,IPI-CooperativeService,1098,1786032642095534049,1786032468382510921,1786032468382561165,1786032642375375740,279.842,,0.050,173992.815,"CooperativeService{guidedPlanning, status=request, vehicleId=0x7665682d303238, requestedHorizonMs=2500, confidence=100, planning.waypoints=1, offloadTaskId=probe-74, offloadPayload=1024 bytes}"
5g-sender,1786032642739302201,edge4av-real-20260806-airspan-followup-run-1,c4-rep2-tcp,airspan-followup-70-20-10,guided-planning,tcp,veh-028,veh-028,rsu-1,c4-rep2-tcp-veh-028-75,ipi-session-1,airspan-followup-c4-rep2,veh-028,75,100-clients,default,stationary,unsynced,true,true,payload_bytes,1024,bytes,IPI-CooperativeService,1098,1786032642575586155,1786032468732945579,1786032468732987701,1786032642739302201,163.716,,0.042,174006.315,"CooperativeService{guidedPlanning, status=request, vehicleId=0x7665682d303238, requestedHorizonMs=2500, confidence=100, planning.waypoints=1, offloadTaskId=probe-75, offloadPayload=1024 bytes}"
5g-sender,1786032643199530869,edge4av-real-20260806-airspan-followup-run-1,c4-rep2-tcp,airspan-followup-70-20-10,guided-planning,tcp,veh-028,veh-028,rsu-1,c4-rep2-tcp-veh-028-76,ipi-session-1,airspan-followup-c4-rep2,veh-028,76,100-clients,default,stationary,unsynced,true,true,payload_bytes,1024,bytes,IPI-CooperativeService,1098,1786032642939466296,1786032469203461995,1786032469203481575,1786032643199530869,260.065,,0.020,173996.049,"CooperativeService{guidedPlanning, status=request, vehicleId=0x7665682d303238, requestedHorizonMs=2500, confidence=100, planning.waypoints=1, offloadTaskId=probe-76, offloadPayload=1024 bytes}"
5g-sender,1786032643621324855,edge4av-real-20260806-airspan-followup-run-1,c4-rep2-tcp,airspan-followup-70-20-10,guided-planning,tcp,veh-028,veh-028,rsu-1,c4-rep2-tcp-veh-028-77,ipi-session-1,airspan-followup-c4-rep2,veh-028,77,100-clients,default,stationary,unsynced,true,true,payload_bytes,1024,bytes,IPI-CooperativeService,1098,1786032643399736667,1786032469624390113,1786032469624432132,1786032643621324855,221.588,,0.042,173996.893,"CooperativeService{guidedPlanning, status=request, vehicleId=0x7665682d303238, requestedHorizonMs=2500, confidence=100, planning.waypoints=1, offloadTaskId=probe-77, offloadPayload=1024 bytes}"
5g-sender,1786032644069303049,edge4av-real-20260806-airspan-followup-run-1,c4-rep2-tcp,airspan-followup-70-20-10,guided-planning,tcp,veh-028,veh-028,rsu-1,c4-rep2-tcp-veh-028-78,ipi-session-1,airspan-followup-c4-rep2,veh-028,78,100-clients,default,stationary,unsynced,true,true,payload_bytes,1024,bytes,IPI-CooperativeService,1098,1786032643821566244,1786032470094998277,1786032470095025008,1786032644069303049,247.737,,0.027,173974.278,"CooperativeService{guidedPlanning, status=request, vehicleId=0x7665682d303238, requestedHorizonMs=2500, confidence=100, planning.waypoints=1, offloadTaskId=probe-78, offloadPayload=1024 bytes}"
5g-sender,1786032644559472683,edge4av-real-20260806-airspan-followup-run-1,c4-rep2-tcp,airspan-followup-70-20-10,guided-planning,tcp,veh-028,veh-028,rsu-1,c4-rep2-tcp-veh-028-79,ipi-session-1,airspan-followup-c4-rep2,veh-028,79,100-clients,default,stationary,unsynced,true,true,payload_bytes,1024,bytes,IPI-CooperativeService,1098,1786032644269523702,1786032470576127053,1786032470576180471,1786032644559472683,289.949,,0.053,173983.292,"CooperativeService{guidedPlanning, status=request, vehicleId=0x7665682d303238, requestedHorizonMs=2500, confidence=100, planning.waypoints=1, offloadTaskId=probe-79, offloadPayload=1024 bytes}"
5g-sender,1786032645055310723,edge4av-real-20260806-airspan-followup-run-1,c4-rep2-tcp,airspan-followup-70-20-10,guided-planning,tcp,veh-028,veh-028,rsu-1,c4-rep2-tcp-veh-028-80,ipi-session-1,airspan-followup-c4-rep2,veh-028,80,100-clients,default,stationary,unsynced,true,true,payload_bytes,1024,bytes,IPI-CooperativeService,1098,1786032644759875002,1786032471066701951,1786032471066753532,1786032645055310723,295.436,,0.052,173988.557,"CooperativeService{guidedPlanning, status=request, vehicleId=0x7665682d303238, requestedHorizonMs=2500, confidence=100, planning.waypoints=1, offloadTaskId=probe-80, offloadPayload=1024 bytes}"
5g-sender,1786032645505183919,edge4av-real-20260806-airspan-followup-run-1,c4-rep2-tcp,airspan-followup-70-20-10,guided-planning,tcp,veh-028,veh-028,rsu-1,c4-rep2-tcp-veh-028-81,ipi-session-1,airspan-followup-c4-rep2,veh-028,81,100-clients,default,stationary,unsynced,true,true,payload_bytes,1024,bytes,IPI-CooperativeService,1098,1786032645255521385,1786032471517612009,1786032471517654351,1786032645505183919,249.663,,0.042,173987.530,"CooperativeService{guidedPlanning, status=request, vehicleId=0x7665682d303238, requestedHorizonMs=2500, confidence=100, planning.waypoints=1, offloadTaskId=probe-81, offloadPayload=1024 bytes}"
5g-sender,1786032645975353727,edge4av-real-20260806-airspan-followup-run-1,c4-rep2-tcp,airspan-followup-70-20-10,guided-planning,tcp,veh-028,veh-028,rsu-1,c4-rep2-tcp-veh-028-82,ipi-session-1,airspan-followup-c4-rep2,veh-028,82,100-clients,default,stationary,unsynced,true,true,payload_bytes,1024,bytes,IPI-CooperativeService,1098,1786032645705379650,1786032471988369340,1786032471988409804,1786032645975353727,269.974,,0.040,173986.944,"CooperativeService{guidedPlanning, status=request, vehicleId=0x7665682d303238, requestedHorizonMs=2500, confidence=100, planning.waypoints=1, offloadTaskId=probe-82, offloadPayload=1024 bytes}"
5g-sender,1786032646435408980,edge4av-real-20260806-airspan-followup-run-1,c4-rep2-tcp,airspan-followup-70-20-10,guided-planning,tcp,veh-028,veh-028,rsu-1,c4-rep2-tcp-veh-028-83,ipi-session-1,airspan-followup-c4-rep2,veh-028,83,100-clients,default,stationary,unsynced,true,true,payload_bytes,1024,bytes,IPI-CooperativeService,1098,1786032646175544109,1786032472429302948,1786032472429349139,1786032646435408980,259.865,,0.046,174006.060,"CooperativeService{guidedPlanning, status=request, vehicleId=0x7665682d303238, requestedHorizonMs=2500, confidence=100, planning.waypoints=1, offloadTaskId=probe-83, offloadPayload=1024 bytes}"
5g-sender,1786032646783344037,edge4av-real-20260806-airspan-followup-run-1,c4-rep2-tcp,airspan-followup-70-20-10,guided-planning,tcp,veh-028,veh-028,rsu-1,c4-rep2-tcp-veh-028-84,ipi-session-1,airspan-followup-c4-rep2,veh-028,84,100-clients,default,stationary,unsynced,true,true,payload_bytes,1024,bytes,IPI-CooperativeService,1098,1786032646635619931,1786032472800014065,1786032472800065056,1786032646783344037,147.724,,0.051,173983.279,"CooperativeService{guidedPlanning, status=request, vehicleId=0x7665682d303238, requestedHorizonMs=2500, confidence=100, planning.waypoints=1, offloadTaskId=probe-84, offloadPayload=1024 bytes}"
5g-sender,1786032647207461916,edge4av-real-20260806-airspan-followup-run-1,c4-rep2-tcp,airspan-followup-70-20-10,guided-planning,tcp,veh-028,veh-028,rsu-1,c4-rep2-tcp-veh-028-85,ipi-session-1,airspan-followup-c4-rep2,veh-028,85,100-clients,default,stationary,unsynced,true,true,payload_bytes,1024,bytes,IPI-CooperativeService,1098,1786032646983575436,1786032473200518979,1786032473200549221,1786032647207461916,223.886,,0.030,174006.913,"CooperativeService{guidedPlanning, status=request, vehicleId=0x7665682d303238, requestedHorizonMs=2500, confidence=100, planning.waypoints=1, offloadTaskId=probe-85, offloadPayload=1024 bytes}"
5g-sender,1786032647625300737,edge4av-real-20260806-airspan-followup-run-1,c4-rep2-tcp,airspan-followup-70-20-10,guided-planning,tcp,veh-028,veh-028,rsu-1,c4-rep2-tcp-veh-028-86,ipi-session-1,airspan-followup-c4-rep2,veh-028,86,100-clients,default,stationary,unsynced,true,true,payload_bytes,1024,bytes,IPI-CooperativeService,1098,1786032647407675265,1786032473651294787,1786032473651351943,1786032647625300737,217.625,,0.057,173973.949,"CooperativeService{guidedPlanning, status=request, vehicleId=0x7665682d303238, requestedHorizonMs=2500, confidence=100, planning.waypoints=1, offloadTaskId=probe-86, offloadPayload=1024 bytes}"
5g-sender,1786032648081281806,edge4av-real-20260806-airspan-followup-run-1,c4-rep2-tcp,airspan-followup-70-20-10,guided-planning,tcp,veh-028,veh-028,rsu-1,c4-rep2-tcp-veh-028-87,ipi-session-1,airspan-followup-c4-rep2,veh-028,87,100-clients,default,stationary,unsynced,true,true,payload_bytes,1024,bytes,IPI-CooperativeService,1098,1786032647825790255,1786032474091981126,1786032474092010908,1786032648081281806,255.492,,0.030,173989.271,"CooperativeService{guidedPlanning, status=request, vehicleId=0x7665682d303238, requestedHorizonMs=2500, confidence=100, planning.waypoints=1, offloadTaskId=probe-87, offloadPayload=1024 bytes}"
5g-sender,1786032648555284056,edge4av-real-20260806-airspan-followup-run-1,c4-rep2-tcp,airspan-followup-70-20-10,guided-planning,tcp,veh-028,veh-028,rsu-1,c4-rep2-tcp-veh-028-88,ipi-session-1,airspan-followup-c4-rep2,veh-028,88,100-clients,default,stationary,unsynced,true,true,payload_bytes,1024,bytes,IPI-CooperativeService,1098,1786032648281465261,1786032474562990750,1786032474563042809,1786032648555284056,273.819,,0.052,173992.241,"CooperativeService{guidedPlanning, status=request, vehicleId=0x7665682d303238, requestedHorizonMs=2500, confidence=100, planning.waypoints=1, offloadTaskId=probe-88, offloadPayload=1024 bytes}"
5g-sender,1786032649021445175,edge4av-real-20260806-airspan-followup-run-1,c4-rep2-tcp,airspan-followup-70-20-10,guided-planning,tcp,veh-028,veh-028,rsu-1,c4-rep2-tcp-veh-028-89,ipi-session-1,airspan-followup-c4-rep2,veh-028,89,100-clients,default,stationary,unsynced,true,true,payload_bytes,1024,bytes,IPI-CooperativeService,1098,1786032648755442883,1786032475034187438,1786032475034239773,1786032649021445175,266.002,,0.052,173987.205,"CooperativeService{guidedPlanning, status=request, vehicleId=0x7665682d303238, requestedHorizonMs=2500, confidence=100, planning.waypoints=1, offloadTaskId=probe-89, offloadPayload=1024 bytes}"
5g-sender,1786032649397249682,edge4av-real-20260806-airspan-followup-run-1,c4-rep2-tcp,airspan-followup-70-20-10,guided-planning,tcp,veh-028,veh-028,rsu-1,c4-rep2-tcp-veh-028-90,ipi-session-1,airspan-followup-c4-rep2,veh-028,90,100-clients,default,stationary,unsynced,true,true,payload_bytes,1024,bytes,IPI-CooperativeService,1098,1786032649221622509,1786032475424677217,1786032475424732688,1786032649397249682,175.627,,0.055,173972.517,"CooperativeService{guidedPlanning, status=request, vehicleId=0x7665682d303238, requestedHorizonMs=2500, confidence=100, planning.waypoints=1, offloadTaskId=probe-90, offloadPayload=1024 bytes}"
5g-sender,1786032649837391695,edge4av-real-20260806-airspan-followup-run-1,c4-rep2-tcp,airspan-followup-70-20-10,guided-planning,tcp,veh-028,veh-028,rsu-1,c4-rep2-tcp-veh-028-91,ipi-session-1,airspan-followup-c4-rep2,veh-028,91,100-clients,default,stationary,unsynced,true,true,payload_bytes,1024,bytes,IPI-CooperativeService,1098,1786032649597404596,1786032475855186553,1786032475855235661,1786032649837391695,239.987,,0.049,173982.156,"CooperativeService{guidedPlanning, status=request, vehicleId=0x7665682d303238, requestedHorizonMs=2500, confidence=100, planning.waypoints=1, offloadTaskId=probe-91, offloadPayload=1024 bytes}"
5g-sender,1786032650193478779,edge4av-real-20260806-airspan-followup-run-1,c4-rep2-tcp,airspan-followup-70-20-10,guided-planning,tcp,veh-028,veh-028,rsu-1,c4-rep2-tcp-veh-028-92,ipi-session-1,airspan-followup-c4-rep2,veh-028,92,100-clients,default,stationary,unsynced,true,true,payload_bytes,1024,bytes,IPI-CooperativeService,1098,1786032650037592106,1786032476206093681,1786032476206148387,1786032650193478779,155.887,,0.055,173987.330,"CooperativeService{guidedPlanning, status=request, vehicleId=0x7665682d303238, requestedHorizonMs=2500, confidence=100, planning.waypoints=1, offloadTaskId=probe-92, offloadPayload=1024 bytes}"
5g-sender,1786032650631345566,edge4av-real-20260806-airspan-followup-run-1,c4-rep2-tcp,airspan-followup-70-20-10,guided-planning,tcp,veh-028,veh-028,rsu-1,c4-rep2-tcp-veh-028-93,ipi-session-1,airspan-followup-c4-rep2,veh-028,93,100-clients,default,stationary,unsynced,true,true,payload_bytes,1024,bytes,IPI-CooperativeService,1098,1786032650393660303,1786032476636649116,1786032476636676286,1786032650631345566,237.685,,0.027,173994.669,"CooperativeService{guidedPlanning, status=request, vehicleId=0x7665682d303238, requestedHorizonMs=2500, confidence=100, planning.waypoints=1, offloadTaskId=probe-93, offloadPayload=1024 bytes}"
5g-sender,1786032651030548730,edge4av-real-20260806-airspan-followup-run-1,c4-rep2-tcp,airspan-followup-70-20-10,guided-planning,tcp,veh-028,veh-028,rsu-1,c4-rep2-tcp-veh-028-94,ipi-session-1,airspan-followup-c4-rep2,veh-028,94,100-clients,default,stationary,unsynced,true,true,payload_bytes,1024,bytes,IPI-CooperativeService,1098,1786032650831520387,1786032477057348741,1786032477057400890,1786032651030548730,199.028,,0.052,173973.148,"CooperativeService{guidedPlanning, status=request, vehicleId=0x7665682d303238, requestedHorizonMs=2500, confidence=100, planning.waypoints=1, offloadTaskId=probe-94, offloadPayload=1024 bytes}"
5g-sender,1786032651455294818,edge4av-real-20260806-airspan-followup-run-1,c4-rep2-tcp,airspan-followup-70-20-10,guided-planning,tcp,veh-028,veh-028,rsu-1,c4-rep2-tcp-veh-028-95,ipi-session-1,airspan-followup-c4-rep2,veh-028,95,100-clients,default,stationary,unsynced,true,true,payload_bytes,1024,bytes,IPI-CooperativeService,1098,1786032651230698150,1786032477458284870,1786032477458335057,1786032651455294818,224.597,,0.050,173996.960,"CooperativeService{guidedPlanning, status=request, vehicleId=0x7665682d303238, requestedHorizonMs=2500, confidence=100, planning.waypoints=1, offloadTaskId=probe-95, offloadPayload=1024 bytes}"
5g-sender,1786032651845486334,edge4av-real-20260806-airspan-followup-run-1,c4-rep2-tcp,airspan-followup-70-20-10,guided-planning,tcp,veh-028,veh-028,rsu-1,c4-rep2-tcp-veh-028-96,ipi-session-1,airspan-followup-c4-rep2,veh-028,96,100-clients,default,stationary,unsynced,true,true,payload_bytes,1024,bytes,IPI-CooperativeService,1098,1786032651655456039,1786032477858966995,1786032477859017222,1786032651845486334,190.030,,0.050,173986.469,"CooperativeService{guidedPlanning, status=request, vehicleId=0x7665682d303238, requestedHorizonMs=2500, confidence=100, planning.waypoints=1, offloadTaskId=probe-96, offloadPayload=1024 bytes}"
5g-sender,1786032652195346436,edge4av-real-20260806-airspan-followup-run-1,c4-rep2-tcp,airspan-followup-70-20-10,guided-planning,tcp,veh-028,veh-028,rsu-1,c4-rep2-tcp-veh-028-97,ipi-session-1,airspan-followup-c4-rep2,veh-028,97,100-clients,default,stationary,unsynced,true,true,payload_bytes,1024,bytes,IPI-CooperativeService,1098,1786032652045676128,1786032478219459460,1786032478219516414,1786032652195346436,149.670,,0.057,173975.830,"CooperativeService{guidedPlanning, status=request, vehicleId=0x7665682d303238, requestedHorizonMs=2500, confidence=100, planning.waypoints=1, offloadTaskId=probe-97, offloadPayload=1024 bytes}"
5g-sender,1786032652643320252,edge4av-real-20260806-airspan-followup-run-1,c4-rep2-tcp,airspan-followup-70-20-10,guided-planning,tcp,veh-028,veh-028,rsu-1,c4-rep2-tcp-veh-028-98,ipi-session-1,airspan-followup-c4-rep2,veh-028,98,100-clients,default,stationary,unsynced,true,true,payload_bytes,1024,bytes,IPI-CooperativeService,1098,1786032652395565487,1786032478660294094,1786032478660351806,1786032652643320252,247.755,,0.058,173982.968,"CooperativeService{guidedPlanning, status=request, vehicleId=0x7665682d303238, requestedHorizonMs=2500, confidence=100, planning.waypoints=1, offloadTaskId=probe-98, offloadPayload=1024 bytes}"
5g-sender,1786032653061812825,edge4av-real-20260806-airspan-followup-run-1,c4-rep2-tcp,airspan-followup-70-20-10,guided-planning,tcp,veh-028,veh-028,rsu-1,c4-rep2-tcp-veh-028-99,ipi-session-1,airspan-followup-c4-rep2,veh-028,99,100-clients,default,stationary,unsynced,true,true,payload_bytes,1024,bytes,IPI-CooperativeService,1098,1786032652843441206,1786032479080812613,1786032479080853957,1786032653061812825,218.372,,0.041,173980.959,"CooperativeService{guidedPlanning, status=request, vehicleId=0x7665682d303238, requestedHorizonMs=2500, confidence=100, planning.waypoints=1, offloadTaskId=probe-99, offloadPayload=1024 bytes}"
5g-sender,1786032653535379847,edge4av-real-20260806-airspan-followup-run-1,c4-rep2-tcp,airspan-followup-70-20-10,guided-planning,tcp,veh-028,veh-028,rsu-1,c4-rep2-tcp-veh-028-100,ipi-session-1,airspan-followup-c4-rep2,veh-028,100,100-clients,default,stationary,unsynced,true,true,payload_bytes,1024,bytes,IPI-CooperativeService,1099,1786032653261970223,1786032479541519045,1786032479541573310,1786032653535379847,273.410,,0.054,173993.807,"CooperativeService{guidedPlanning, status=request, vehicleId=0x7665682d303238, requestedHorizonMs=2500, confidence=100, planning.waypoints=1, offloadTaskId=probe-100, offloadPayload=1024 bytes}"
5g-sender,1786032653915369728,edge4av-real-20260806-airspan-followup-run-1,c4-rep2-tcp,airspan-followup-70-20-10,guided-planning,tcp,veh-028,veh-028,rsu-1,c4-rep2-tcp-veh-028-101,ipi-session-1,airspan-followup-c4-rep2,veh-028,101,100-clients,default,stationary,unsynced,true,true,payload_bytes,1024,bytes,IPI-CooperativeService,1099,1786032653735603768,1786032479922471115,1786032479922522092,1786032653915369728,179.766,,0.051,173992.848,"CooperativeService{guidedPlanning, status=request, vehicleId=0x7665682d303238, requestedHorizonMs=2500, confidence=100, planning.waypoints=1, offloadTaskId=probe-101, offloadPayload=1024 bytes}"
5g-sender,1786032654389391967,edge4av-real-20260806-airspan-followup-run-1,c4-rep2-tcp,airspan-followup-70-20-10,guided-planning,tcp,veh-028,veh-028,rsu-1,c4-rep2-tcp-veh-028-102,ipi-session-1,airspan-followup-c4-rep2,veh-028,102,100-clients,default,stationary,unsynced,true,true,payload_bytes,1024,bytes,IPI-CooperativeService,1099,1786032654115561839,1786032480383028148,1786032480383074753,1786032654389391967,273.830,,0.047,174006.317,"CooperativeService{guidedPlanning, status=request, vehicleId=0x7665682d303238, requestedHorizonMs=2500, confidence=100, planning.waypoints=1, offloadTaskId=probe-102, offloadPayload=1024 bytes}"
5g-sender,1786032654799498644,edge4av-real-20260806-airspan-followup-run-1,c4-rep2-tcp,airspan-followup-70-20-10,guided-planning,tcp,veh-028,veh-028,rsu-1,c4-rep2-tcp-veh-028-103,ipi-session-1,airspan-followup-c4-rep2,veh-028,103,100-clients,default,stationary,unsynced,true,true,payload_bytes,1024,bytes,IPI-CooperativeService,1099,1786032654589630889,1786032480803771379,1786032480803821710,1786032654799498644,209.868,,0.050,173995.677,"CooperativeService{guidedPlanning, status=request, vehicleId=0x7665682d303238, requestedHorizonMs=2500, confidence=100, planning.waypoints=1, offloadTaskId=probe-103, offloadPayload=1024 bytes}"
5g-sender,1786032655247323720,edge4av-real-20260806-airspan-followup-run-1,c4-rep2-tcp,airspan-followup-70-20-10,guided-planning,tcp,veh-028,veh-028,rsu-1,c4-rep2-tcp-veh-028-104,ipi-session-1,airspan-followup-c4-rep2,veh-028,104,100-clients,default,stationary,unsynced,true,true,payload_bytes,1024,bytes,IPI-CooperativeService,1099,1786032654999659265,1786032481254521352,1786032481254592922,1786032655247323720,247.664,,0.072,173992.731,"CooperativeService{guidedPlanning, status=request, vehicleId=0x7665682d303238, requestedHorizonMs=2500, confidence=100, planning.waypoints=1, offloadTaskId=probe-104, offloadPayload=1024 bytes}"
5g-sender,1786032655717448170,edge4av-real-20260806-airspan-followup-run-1,c4-rep2-tcp,airspan-followup-70-20-10,guided-planning,tcp,veh-028,veh-028,rsu-1,c4-rep2-tcp-veh-028-105,ipi-session-1,airspan-followup-c4-rep2,veh-028,105,100-clients,default,stationary,unsynced,true,true,payload_bytes,1024,bytes,IPI-CooperativeService,1099,1786032655447668512,1786032481715219792,1786032481715241454,1786032655717448170,269.780,,0.022,174002.207,"CooperativeService{guidedPlanning, status=request, vehicleId=0x7665682d303238, requestedHorizonMs=2500, confidence=100, planning.waypoints=1, offloadTaskId=probe-105, offloadPayload=1024 bytes}"
5g-sender,1786032656134161246,edge4av-real-20260806-airspan-followup-run-1,c4-rep2-tcp,airspan-followup-70-20-10,guided-planning,tcp,veh-028,veh-028,rsu-1,c4-rep2-tcp-veh-028-106,ipi-session-1,airspan-followup-c4-rep2,veh-028,106,100-clients,default,stationary,unsynced,true,true,payload_bytes,1024,bytes,IPI-CooperativeService,1099,1786032655918070998,1786032482126020070,1786032482126058949,1786032656134161246,216.090,,0.039,174008.102,"CooperativeService{guidedPlanning, status=request, vehicleId=0x7665682d303238, requestedHorizonMs=2500, confidence=100, planning.waypoints=1, offloadTaskId=probe-106, offloadPayload=1024 bytes}"
5g-sender,1786032656665518491,edge4av-real-20260806-airspan-followup-run-1,c4-rep2-tcp,airspan-followup-70-20-10,guided-planning,tcp,veh-028,veh-028,rsu-1,c4-rep2-tcp-veh-028-107,ipi-session-1,airspan-followup-c4-rep2,veh-028,107,100-clients,default,stationary,unsynced,true,true,payload_bytes,1024,bytes,IPI-CooperativeService,1099,1786032656334325079,1786032482687184585,1786032482687241042,1786032656665518491,331.193,,0.056,173978.277,"CooperativeService{guidedPlanning, status=request, vehicleId=0x7665682d303238, requestedHorizonMs=2500, confidence=100, planning.waypoints=1, offloadTaskId=probe-107, offloadPayload=1024 bytes}"
5g-sender,1786032657123208726,edge4av-real-20260806-airspan-followup-run-1,c4-rep2-tcp,airspan-followup-70-20-10,guided-planning,tcp,veh-028,veh-028,rsu-1,c4-rep2-tcp-veh-028-108,ipi-session-1,airspan-followup-c4-rep2,veh-028,108,100-clients,default,stationary,unsynced,true,true,payload_bytes,1024,bytes,IPI-CooperativeService,1099,1786032656865714536,1786032483117932794,1786032483117960592,1786032657123208726,257.494,,0.028,174005.248,"CooperativeService{guidedPlanning, status=request, vehicleId=0x7665682d303238, requestedHorizonMs=2500, confidence=100, planning.waypoints=1, offloadTaskId=probe-108, offloadPayload=1024 bytes}"
5g-sender,1786032657615450564,edge4av-real-20260806-airspan-followup-run-1,c4-rep2-tcp,airspan-followup-70-20-10,guided-planning,tcp,veh-028,veh-028,rsu-1,c4-rep2-tcp-veh-028-109,ipi-session-1,airspan-followup-c4-rep2,veh-028,109,100-clients,default,stationary,unsynced,true,true,payload_bytes,1024,bytes,IPI-CooperativeService,1099,1786032657323375293,1786032483618897316,1786032483618945436,1786032657615450564,292.075,,0.048,173996.505,"CooperativeService{guidedPlanning, status=request, vehicleId=0x7665682d303238, requestedHorizonMs=2500, confidence=100, planning.waypoints=1, offloadTaskId=probe-109, offloadPayload=1024 bytes}"
5g-sender,1786032658015486582,edge4av-real-20260806-airspan-followup-run-1,c4-rep2-tcp,airspan-followup-70-20-10,guided-planning,tcp,veh-028,veh-028,rsu-1,c4-rep2-tcp-veh-028-110,ipi-session-1,airspan-followup-c4-rep2,veh-028,110,100-clients,default,stationary,unsynced,true,true,payload_bytes,1024,bytes,IPI-CooperativeService,1099,1786032657815631514,1786032484029303707,1786032484029325558,1786032658015486582,199.855,,0.022,173986.161,"CooperativeService{guidedPlanning, status=request, vehicleId=0x7665682d303238, requestedHorizonMs=2500, confidence=100, planning.waypoints=1, offloadTaskId=probe-110, offloadPayload=1024 bytes}"
5g-sender,1786032658497360324,edge4av-real-20260806-airspan-followup-run-1,c4-rep2-tcp,airspan-followup-70-20-10,guided-planning,tcp,veh-028,veh-028,rsu-1,c4-rep2-tcp-veh-028-111,ipi-session-1,airspan-followup-c4-rep2,veh-028,111,100-clients,default,stationary,unsynced,true,true,payload_bytes,1024,bytes,IPI-CooperativeService,1099,1786032658215686084,1786032484520225608,1786032484520266450,1786032658497360324,281.674,,0.041,173977.094,"CooperativeService{guidedPlanning, status=request, vehicleId=0x7665682d303238, requestedHorizonMs=2500, confidence=100, planning.waypoints=1, offloadTaskId=probe-111, offloadPayload=1024 bytes}"
5g-sender,1786032658953289365,edge4av-real-20260806-airspan-followup-run-1,c4-rep2-tcp,airspan-followup-70-20-10,guided-planning,tcp,veh-028,veh-028,rsu-1,c4-rep2-tcp-veh-028-112,ipi-session-1,airspan-followup-c4-rep2,veh-028,112,100-clients,default,stationary,unsynced,true,true,payload_bytes,1024,bytes,IPI-CooperativeService,1099,1786032658697579829,1786032484961408081,1786032484961462120,1786032658953289365,255.710,,0.054,173991.827,"CooperativeService{guidedPlanning, status=request, vehicleId=0x7665682d303238, requestedHorizonMs=2500, confidence=100, planning.waypoints=1, offloadTaskId=probe-112, offloadPayload=1024 bytes}"
5g-sender,1786032659455386872,edge4av-real-20260806-airspan-followup-run-1,c4-rep2-tcp,airspan-followup-70-20-10,guided-planning,tcp,veh-028,veh-028,rsu-1,c4-rep2-tcp-veh-028-113,ipi-session-1,airspan-followup-c4-rep2,veh-028,113,100-clients,default,stationary,unsynced,true,true,payload_bytes,1024,bytes,IPI-CooperativeService,1099,1786032659153451505,1786032485452285706,1786032485452337233,1786032659455386872,301.935,,0.052,174003.050,"CooperativeService{guidedPlanning, status=request, vehicleId=0x7665682d303238, requestedHorizonMs=2500, confidence=100, planning.waypoints=1, offloadTaskId=probe-113, offloadPayload=1024 bytes}"
5g-sender,1786032659961548255,edge4av-real-20260806-airspan-followup-run-1,c4-rep2-tcp,airspan-followup-70-20-10,guided-planning,tcp,veh-028,veh-028,rsu-1,c4-rep2-tcp-veh-028-114,ipi-session-1,airspan-followup-c4-rep2,veh-028,114,100-clients,default,stationary,unsynced,true,true,payload_bytes,1024,bytes,IPI-CooperativeService,1099,1786032659655620033,1786032485972821580,1786032485972869705,1786032659961548255,305.928,,0.048,173988.679,"CooperativeService{guidedPlanning, status=request, vehicleId=0x7665682d303238, requestedHorizonMs=2500, confidence=100, planning.waypoints=1, offloadTaskId=probe-114, offloadPayload=1024 bytes}"
5g-sender,1786032660487390456,edge4av-real-20260806-airspan-followup-run-1,c4-rep2-tcp,airspan-followup-70-20-10,guided-planning,tcp,veh-028,veh-028,rsu-1,c4-rep2-tcp-veh-028-115,ipi-session-1,airspan-followup-c4-rep2,veh-028,115,100-clients,default,stationary,unsynced,true,true,payload_bytes,1024,bytes,IPI-CooperativeService,1099,1786032660161712376,1786032486503979472,1786032486504030368,1786032660487390456,325.678,,0.051,173983.360,"CooperativeService{guidedPlanning, status=request, vehicleId=0x7665682d303238, requestedHorizonMs=2500, confidence=100, planning.waypoints=1, offloadTaskId=probe-115, offloadPayload=1024 bytes}"
5g-sender,1786032660947229695,edge4av-real-20260806-airspan-followup-run-1,c4-rep2-tcp,airspan-followup-70-20-10,guided-planning,tcp,veh-028,veh-028,rsu-1,c4-rep2-tcp-veh-028-116,ipi-session-1,airspan-followup-c4-rep2,veh-028,116,100-clients,default,stationary,unsynced,true,true,payload_bytes,1024,bytes,IPI-CooperativeService,1099,1786032660687598396,1786032486964723164,1786032486964771390,1786032660947229695,259.631,,0.048,173982.458,"CooperativeService{guidedPlanning, status=request, vehicleId=0x7665682d303238, requestedHorizonMs=2500, confidence=100, planning.waypoints=1, offloadTaskId=probe-116, offloadPayload=1024 bytes}"
5g-sender,1786032661441548039,edge4av-real-20260806-airspan-followup-run-1,c4-rep2-tcp,airspan-followup-70-20-10,guided-planning,tcp,veh-028,veh-028,rsu-1,c4-rep2-tcp-veh-028-117,ipi-session-1,airspan-followup-c4-rep2,veh-028,117,100-clients,default,stationary,unsynced,true,true,payload_bytes,1024,bytes,IPI-CooperativeService,1099,1786032661147440885,1786032487465334131,1786032487465362955,1786032661441548039,294.107,,0.029,173976.185,"CooperativeService{guidedPlanning, status=request, vehicleId=0x7665682d303238, requestedHorizonMs=2500, confidence=100, planning.waypoints=1, offloadTaskId=probe-117, offloadPayload=1024 bytes}"
5g-sender,1786032661819600841,edge4av-real-20260806-airspan-followup-run-1,c4-rep2-tcp,airspan-followup-70-20-10,guided-planning,tcp,veh-028,veh-028,rsu-1,c4-rep2-tcp-veh-028-118,ipi-session-1,airspan-followup-c4-rep2,veh-028,118,100-clients,default,stationary,unsynced,true,true,payload_bytes,1024,bytes,IPI-CooperativeService,1099,1786032661641701069,1786032487836233966,1786032487836276249,1786032661819600841,177.900,,0.042,173983.325,"CooperativeService{guidedPlanning, status=request, vehicleId=0x7665682d303238, requestedHorizonMs=2500, confidence=100, planning.waypoints=1, offloadTaskId=probe-118, offloadPayload=1024 bytes}"
5g-sender,1786032662193577667,edge4av-real-20260806-airspan-followup-run-1,c4-rep2-tcp,airspan-followup-70-20-10,guided-planning,tcp,veh-028,veh-028,rsu-1,c4-rep2-tcp-veh-028-119,ipi-session-1,airspan-followup-c4-rep2,veh-028,119,100-clients,default,stationary,unsynced,true,true,payload_bytes,1024,bytes,IPI-CooperativeService,1099,1786032662019776248,1786032488206806197,1786032488206890244,1786032662193577667,173.801,,0.084,173986.687,"CooperativeService{guidedPlanning, status=request, vehicleId=0x7665682d303238, requestedHorizonMs=2500, confidence=100, planning.waypoints=1, offloadTaskId=probe-119, offloadPayload=1024 bytes}"
5g-sender,1786032662575524249,edge4av-real-20260806-airspan-followup-run-1,c4-rep2-tcp,airspan-followup-70-20-10,guided-planning,tcp,veh-028,veh-028,rsu-1,c4-rep2-tcp-veh-028-120,ipi-session-1,airspan-followup-c4-rep2,veh-028,120,100-clients,default,stationary,unsynced,true,true,payload_bytes,1024,bytes,IPI-CooperativeService,1099,1786032662393707369,1786032488567585554,1786032488567629792,1786032662575524249,181.817,,0.044,174007.894,"CooperativeService{guidedPlanning, status=request, vehicleId=0x7665682d303238, requestedHorizonMs=2500, confidence=100, planning.waypoints=1, offloadTaskId=probe-120, offloadPayload=1024 bytes}"
5g-sender,1786032662913517108,edge4av-real-20260806-airspan-followup-run-1,c4-rep2-tcp,airspan-followup-70-20-10,guided-planning,tcp,veh-028,veh-028,rsu-1,c4-rep2-tcp-veh-028-121,ipi-session-1,airspan-followup-c4-rep2,veh-028,121,100-clients,default,stationary,unsynced,true,true,payload_bytes,1024,bytes,IPI-CooperativeService,1099,1786032662775699556,1786032488928187556,1786032488928247423,1786032662913517108,137.818,,0.060,173985.270,"CooperativeService{guidedPlanning, status=request, vehicleId=0x7665682d303238, requestedHorizonMs=2500, confidence=100, planning.waypoints=1, offloadTaskId=probe-121, offloadPayload=1024 bytes}"
5g-sender,1786032663373537858,edge4av-real-20260806-airspan-followup-run-1,c4-rep2-tcp,airspan-followup-70-20-10,guided-planning,tcp,veh-028,veh-028,rsu-1,c4-rep2-tcp-veh-028-122,ipi-session-1,airspan-followup-c4-rep2,veh-028,122,100-clients,default,stationary,unsynced,true,true,payload_bytes,1024,bytes,IPI-CooperativeService,1099,1786032663113662287,1786032489388961845,1786032489389007367,1786032663373537858,259.876,,0.046,173984.530,"CooperativeService{guidedPlanning, status=request, vehicleId=0x7665682d303238, requestedHorizonMs=2500, confidence=100, planning.waypoints=1, offloadTaskId=probe-122, offloadPayload=1024 bytes}"
5g-sender,1786032663757392913,edge4av-real-20260806-airspan-followup-run-1,c4-rep2-tcp,airspan-followup-70-20-10,guided-planning,tcp,veh-028,veh-028,rsu-1,c4-rep2-tcp-veh-028-123,ipi-session-1,airspan-followup-c4-rep2,veh-028,123,100-clients,default,stationary,unsynced,true,true,payload_bytes,1024,bytes,IPI-CooperativeService,1099,1786032663573696331,1786032489779686788,1786032489779715499,1786032663757392913,183.697,,0.029,173977.677,"CooperativeService{guidedPlanning, status=request, vehicleId=0x7665682d303238, requestedHorizonMs=2500, confidence=100, planning.waypoints=1, offloadTaskId=probe-123, offloadPayload=1024 bytes}"
5g-sender,1786032664187362641,edge4av-real-20260806-airspan-followup-run-1,c4-rep2-tcp,airspan-followup-70-20-10,guided-planning,tcp,veh-028,veh-028,rsu-1,c4-rep2-tcp-veh-028-124,ipi-session-1,airspan-followup-c4-rep2,veh-028,124,100-clients,default,stationary,unsynced,true,true,payload_bytes,1024,bytes,IPI-CooperativeService,1099,1786032663957602120,1786032490200487087,1786032490200559966,1786032664187362641,229.761,,0.073,173986.803,"CooperativeService{guidedPlanning, status=request, vehicleId=0x7665682d303238, requestedHorizonMs=2500, confidence=100, planning.waypoints=1, offloadTaskId=probe-124, offloadPayload=1024 bytes}"
5g-sender,1786032664653656677,edge4av-real-20260806-airspan-followup-run-1,c4-rep2-tcp,airspan-followup-70-20-10,guided-planning,tcp,veh-028,veh-028,rsu-1,c4-rep2-tcp-veh-028-125,ipi-session-1,airspan-followup-c4-rep2,veh-028,125,100-clients,default,stationary,unsynced,true,true,payload_bytes,1024,bytes,IPI-CooperativeService,1099,1786032664387538648,1786032490661335378,1786032490661389888,1786032664653656677,266.118,,0.055,173992.267,"CooperativeService{guidedPlanning, status=request, vehicleId=0x7665682d303238, requestedHorizonMs=2500, confidence=100, planning.waypoints=1, offloadTaskId=probe-125, offloadPayload=1024 bytes}"
5g-sender,1786032665127357078,edge4av-real-20260806-airspan-followup-run-1,c4-rep2-tcp,airspan-followup-70-20-10,guided-planning,tcp,veh-028,veh-028,rsu-1,c4-rep2-tcp-veh-028-126,ipi-session-1,airspan-followup-c4-rep2,veh-028,126,100-clients,default,stationary,unsynced,true,true,payload_bytes,1024,bytes,IPI-CooperativeService,1099,1786032664853843547,1786032491141930913,1786032491141963205,1786032665127357078,273.514,,0.032,173985.394,"CooperativeService{guidedPlanning, status=request, vehicleId=0x7665682d303238, requestedHorizonMs=2500, confidence=100, planning.waypoints=1, offloadTaskId=probe-126, offloadPayload=1024 bytes}"
5g-sender,1786032665581381489,edge4av-real-20260806-airspan-followup-run-1,c4-rep2-tcp,airspan-followup-70-20-10,guided-planning,tcp,veh-028,veh-028,rsu-1,c4-rep2-tcp-veh-028-127,ipi-session-1,airspan-followup-c4-rep2,veh-028,127,100-clients,default,stationary,unsynced,true,true,payload_bytes,1024,bytes,IPI-CooperativeService,1099,1786032665327554465,1786032491592817223,1786032491592860216,1786032665581381489,253.827,,0.043,173988.521,"CooperativeService{guidedPlanning, status=request, vehicleId=0x7665682d303238, requestedHorizonMs=2500, confidence=100, planning.waypoints=1, offloadTaskId=probe-127, offloadPayload=1024 bytes}"
5g-sender,1786032666017597785,edge4av-real-20260806-airspan-followup-run-1,c4-rep2-tcp,airspan-followup-70-20-10,guided-planning,tcp,veh-028,veh-028,rsu-1,c4-rep2-tcp-veh-028-128,ipi-session-1,airspan-followup-c4-rep2,veh-028,128,100-clients,default,stationary,unsynced,true,true,payload_bytes,1024,bytes,IPI-CooperativeService,1099,1786032665781564251,1786032492033475619,1786032492033506387,1786032666017597785,236.034,,0.031,173984.091,"CooperativeService{guidedPlanning, status=request, vehicleId=0x7665682d303238, requestedHorizonMs=2500, confidence=100, planning.waypoints=1, offloadTaskId=probe-128, offloadPayload=1024 bytes}"
5g-sender,1786032666397407007,edge4av-real-20260806-airspan-followup-run-1,c4-rep2-tcp,airspan-followup-70-20-10,guided-planning,tcp,veh-028,veh-028,rsu-1,c4-rep2-tcp-veh-028-129,ipi-session-1,airspan-followup-c4-rep2,veh-028,129,100-clients,default,stationary,unsynced,true,true,payload_bytes,1024,bytes,IPI-CooperativeService,1099,1786032666217761822,1786032492414828276,1786032492414844724,1786032666397407007,179.645,,0.016,173982.562,"CooperativeService{guidedPlanning, status=request, vehicleId=0x7665682d303238, requestedHorizonMs=2500, confidence=100, planning.waypoints=1, offloadTaskId=probe-129, offloadPayload=1024 bytes}"
5g-sender,1786032666809470200,edge4av-real-20260806-airspan-followup-run-1,c4-rep2-tcp,airspan-followup-70-20-10,guided-planning,tcp,veh-028,veh-028,rsu-1,c4-rep2-tcp-veh-028-130,ipi-session-1,airspan-followup-c4-rep2,veh-028,130,100-clients,default,stationary,unsynced,true,true,payload_bytes,1024,bytes,IPI-CooperativeService,1099,1786032666597588348,1786032492835358985,1786032492835426079,1786032666809470200,211.882,,0.067,173974.044,"CooperativeService{guidedPlanning, status=request, vehicleId=0x7665682d303238, requestedHorizonMs=2500, confidence=100, planning.waypoints=1, offloadTaskId=probe-130, offloadPayload=1024 bytes}"
5g-sender,1786032667249334412,edge4av-real-20260806-airspan-followup-run-1,c4-rep2-tcp,airspan-followup-70-20-10,guided-planning,tcp,veh-028,veh-028,rsu-1,c4-rep2-tcp-veh-028-131,ipi-session-1,airspan-followup-c4-rep2,veh-028,131,100-clients,default,stationary,unsynced,true,true,payload_bytes,1024,bytes,IPI-CooperativeService,1099,1786032667009633860,1786032493275087107,1786032493275138591,1786032667249334412,239.701,,0.051,173974.196,"CooperativeService{guidedPlanning, status=request, vehicleId=0x7665682d303238, requestedHorizonMs=2500, confidence=100, planning.waypoints=1, offloadTaskId=probe-131, offloadPayload=1024 bytes}"
5g-sender,1786032667705528434,edge4av-real-20260806-airspan-followup-run-1,c4-rep2-tcp,airspan-followup-70-20-10,guided-planning,tcp,veh-028,veh-028,rsu-1,c4-rep2-tcp-veh-028-132,ipi-session-1,airspan-followup-c4-rep2,veh-028,132,100-clients,default,stationary,unsynced,true,true,payload_bytes,1024,bytes,IPI-CooperativeService,1099,1786032667449488775,1786032493716896175,1786032493716913612,1786032667705528434,256.040,,0.017,173988.615,"CooperativeService{guidedPlanning, status=request, vehicleId=0x7665682d303238, requestedHorizonMs=2500, confidence=100, planning.waypoints=1, offloadTaskId=probe-132, offloadPayload=1024 bytes}"
5g-sender,1786032668159441630,edge4av-real-20260806-airspan-followup-run-1,c4-rep2-tcp,airspan-followup-70-20-10,guided-planning,tcp,veh-028,veh-028,rsu-1,c4-rep2-tcp-veh-028-133,ipi-session-1,airspan-followup-c4-rep2,veh-028,133,100-clients,default,stationary,unsynced,true,true,payload_bytes,1024,bytes,IPI-CooperativeService,1099,1786032667906685744,1786032494177612673,1786032494177664559,1786032668159441630,252.756,,0.052,173981.777,"CooperativeService{guidedPlanning, status=request, vehicleId=0x7665682d303238, requestedHorizonMs=2500, confidence=100, planning.waypoints=1, offloadTaskId=probe-133, offloadPayload=1024 bytes}"
5g-sender,1786032668623486974,edge4av-real-20260806-airspan-followup-run-1,c4-rep2-tcp,airspan-followup-70-20-10,guided-planning,tcp,veh-028,veh-028,rsu-1,c4-rep2-tcp-veh-028-134,ipi-session-1,airspan-followup-c4-rep2,veh-028,134,100-clients,default,stationary,unsynced,true,true,payload_bytes,1024,bytes,IPI-CooperativeService,1099,1786032668359594204,1786032494618355590,1786032494618390539,1786032668623486974,263.893,,0.035,174005.096,"CooperativeService{guidedPlanning, status=request, vehicleId=0x7665682d303238, requestedHorizonMs=2500, confidence=100, planning.waypoints=1, offloadTaskId=probe-134, offloadPayload=1024 bytes}"
5g-sender,1786032669067598241,edge4av-real-20260806-airspan-followup-run-1,c4-rep2-tcp,airspan-followup-70-20-10,guided-planning,tcp,veh-028,veh-028,rsu-1,c4-rep2-tcp-veh-028-135,ipi-session-1,airspan-followup-c4-rep2,veh-028,135,100-clients,default,stationary,unsynced,true,true,payload_bytes,1024,bytes,IPI-CooperativeService,1099,1786032668823683087,1786032495058852716,1786032495058905806,1786032669067598241,243.915,,0.053,174008.692,"CooperativeService{guidedPlanning, status=request, vehicleId=0x7665682d303238, requestedHorizonMs=2500, confidence=100, planning.waypoints=1, offloadTaskId=probe-135, offloadPayload=1024 bytes}"
5g-sender,1786032669465408052,edge4av-real-20260806-airspan-followup-run-1,c4-rep2-tcp,airspan-followup-70-20-10,guided-planning,tcp,veh-028,veh-028,rsu-1,c4-rep2-tcp-veh-028-136,ipi-session-1,airspan-followup-c4-rep2,veh-028,136,100-clients,default,stationary,unsynced,true,true,payload_bytes,1024,bytes,IPI-CooperativeService,1099,1786032669267724056,1786032495479646736,1786032495479656736,1786032669465408052,197.684,,0.010,173985.751,"CooperativeService{guidedPlanning, status=request, vehicleId=0x7665682d303238, requestedHorizonMs=2500, confidence=100, planning.waypoints=1, offloadTaskId=probe-136, offloadPayload=1024 bytes}"
5g-sender,1786032669905517040,edge4av-real-20260806-airspan-followup-run-1,c4-rep2-tcp,airspan-followup-70-20-10,guided-planning,tcp,veh-028,veh-028,rsu-1,c4-rep2-tcp-veh-028-137,ipi-session-1,airspan-followup-c4-rep2,veh-028,137,100-clients,default,stationary,unsynced,true,true,payload_bytes,1024,bytes,IPI-CooperativeService,1099,1786032669666229569,1786032495930456577,1786032495930506373,1786032669905517040,239.287,,0.050,173975.011,"CooperativeService{guidedPlanning, status=request, vehicleId=0x7665682d303238, requestedHorizonMs=2500, confidence=100, planning.waypoints=1, offloadTaskId=probe-137, offloadPayload=1024 bytes}"
5g-sender,1786032670419389777,edge4av-real-20260806-airspan-followup-run-1,c4-rep2-tcp,airspan-followup-70-20-10,guided-planning,tcp,veh-028,veh-028,rsu-1,c4-rep2-tcp-veh-028-138,ipi-session-1,airspan-followup-c4-rep2,veh-028,138,100-clients,default,stationary,unsynced,true,true,payload_bytes,1024,bytes,IPI-CooperativeService,1099,1786032670105675356,1786032496411567469,1786032496411619568,1786032670419389777,313.714,,0.052,174007.770,"CooperativeService{guidedPlanning, status=request, vehicleId=0x7665682d303238, requestedHorizonMs=2500, confidence=100, planning.waypoints=1, offloadTaskId=probe-138, offloadPayload=1024 bytes}"
5g-sender,1786032670835324995,edge4av-real-20260806-airspan-followup-run-1,c4-rep2-tcp,airspan-followup-70-20-10,guided-planning,tcp,veh-028,veh-028,rsu-1,c4-rep2-tcp-veh-028-139,ipi-session-1,airspan-followup-c4-rep2,veh-028,139,100-clients,default,stationary,unsynced,true,true,payload_bytes,1024,bytes,IPI-CooperativeService,1099,1786032670619863358,1786032496862276435,1786032496862318492,1786032670835324995,215.462,,0.042,173973.007,"CooperativeService{guidedPlanning, status=request, vehicleId=0x7665682d303238, requestedHorizonMs=2500, confidence=100, planning.waypoints=1, offloadTaskId=probe-139, offloadPayload=1024 bytes}"
5g-sender,1786032671267334766,edge4av-real-20260806-airspan-followup-run-1,c4-rep2-tcp,airspan-followup-70-20-10,guided-planning,tcp,veh-028,veh-028,rsu-1,c4-rep2-tcp-veh-028-140,ipi-session-1,airspan-followup-c4-rep2,veh-028,140,100-clients,default,stationary,unsynced,true,true,payload_bytes,1024,bytes,IPI-CooperativeService,1099,1786032671035448251,1786032497262872043,1786032497262939510,1786032671267334766,231.887,,0.067,174004.395,"CooperativeService{guidedPlanning, status=request, vehicleId=0x7665682d303238, requestedHorizonMs=2500, confidence=100, planning.waypoints=1, offloadTaskId=probe-140, offloadPayload=1024 bytes}"
5g-sender,1786032671727364102,edge4av-real-20260806-airspan-followup-run-1,c4-rep2-tcp,airspan-followup-70-20-10,guided-planning,tcp,veh-028,veh-028,rsu-1,c4-rep2-tcp-veh-028-141,ipi-session-1,airspan-followup-c4-rep2,veh-028,141,100-clients,default,stationary,unsynced,true,true,payload_bytes,1024,bytes,IPI-CooperativeService,1099,1786032671467543713,1786032497753642882,1786032497753681443,1786032671727364102,259.820,,0.039,173973.683,"CooperativeService{guidedPlanning, status=request, vehicleId=0x7665682d303238, requestedHorizonMs=2500, confidence=100, planning.waypoints=1, offloadTaskId=probe-141, offloadPayload=1024 bytes}"
5g-sender,1786032672167440149,edge4av-real-20260806-airspan-followup-run-1,c4-rep2-tcp,airspan-followup-70-20-10,guided-planning,tcp,veh-028,veh-028,rsu-1,c4-rep2-tcp-veh-028-142,ipi-session-1,airspan-followup-c4-rep2,veh-028,142,100-clients,default,stationary,unsynced,true,true,payload_bytes,1024,bytes,IPI-CooperativeService,1099,1786032671927533752,1786032498184813126,1786032498184851795,1786032672167440149,239.906,,0.039,173982.588,"CooperativeService{guidedPlanning, status=request, vehicleId=0x7665682d303238, requestedHorizonMs=2500, confidence=100, planning.waypoints=1, offloadTaskId=probe-142, offloadPayload=1024 bytes}"
5g-sender,1786032672589501273,edge4av-real-20260806-airspan-followup-run-1,c4-rep2-tcp,airspan-followup-70-20-10,guided-planning,tcp,veh-028,veh-028,rsu-1,c4-rep2-tcp-veh-028-143,ipi-session-1,airspan-followup-c4-rep2,veh-028,143,100-clients,default,stationary,unsynced,true,true,payload_bytes,1024,bytes,IPI-CooperativeService,1099,1786032672367661950,1786032498615168967,1786032498615212019,1786032672589501273,221.839,,0.043,173974.289,"CooperativeService{guidedPlanning, status=request, vehicleId=0x7665682d303238, requestedHorizonMs=2500, confidence=100, planning.waypoints=1, offloadTaskId=probe-143, offloadPayload=1024 bytes}"
5g-sender,1786032672995457144,edge4av-real-20260806-airspan-followup-run-1,c4-rep2-tcp,airspan-followup-70-20-10,guided-planning,tcp,veh-028,veh-028,rsu-1,c4-rep2-tcp-veh-028-144,ipi-session-1,airspan-followup-c4-rep2,veh-028,144,100-clients,default,stationary,unsynced,true,true,payload_bytes,1024,bytes,IPI-CooperativeService,1099,1786032672789671359,1786032499026058324,1786032499026113314,1786032672995457144,205.786,,0.055,173969.344,"CooperativeService{guidedPlanning, status=request, vehicleId=0x7665682d303238, requestedHorizonMs=2500, confidence=100, planning.waypoints=1, offloadTaskId=probe-144, offloadPayload=1024 bytes}"
5g-sender,1786032673413471481,edge4av-real-20260806-airspan-followup-run-1,c4-rep2-tcp,airspan-followup-70-20-10,guided-planning,tcp,veh-028,veh-028,rsu-1,c4-rep2-tcp-veh-028-145,ipi-session-1,airspan-followup-c4-rep2,veh-028,145,100-clients,default,stationary,unsynced,true,true,payload_bytes,1024,bytes,IPI-CooperativeService,1099,1786032673195744725,1786032499396417900,1786032499396455664,1786032673413471481,217.727,,0.038,174017.016,"CooperativeService{guidedPlanning, status=request, vehicleId=0x7665682d303238, requestedHorizonMs=2500, confidence=100, planning.waypoints=1, offloadTaskId=probe-145, offloadPayload=1024 bytes}"
5g-sender,1786032673829449001,edge4av-real-20260806-airspan-followup-run-1,c4-rep2-tcp,airspan-followup-70-20-10,guided-planning,tcp,veh-028,veh-028,rsu-1,c4-rep2-tcp-veh-028-146,ipi-session-1,airspan-followup-c4-rep2,veh-028,146,100-clients,default,stationary,unsynced,true,true,payload_bytes,1024,bytes,IPI-CooperativeService,1099,1786032673613653547,1786032499847309754,1786032499847361436,1786032673829449001,215.795,,0.052,173982.088,"CooperativeService{guidedPlanning, status=request, vehicleId=0x7665682d303238, requestedHorizonMs=2500, confidence=100, planning.waypoints=1, offloadTaskId=probe-146, offloadPayload=1024 bytes}"
5g-sender,1786032674653403302,edge4av-real-20260806-airspan-followup-run-1,c4-rep2-tcp,airspan-followup-70-20-10,guided-planning,tcp,veh-028,veh-028,rsu-1,c4-rep2-tcp-veh-028-147,ipi-session-1,airspan-followup-c4-rep2,veh-028,147,100-clients,default,stationary,unsynced,true,true,payload_bytes,1024,bytes,IPI-CooperativeService,1099,1786032674029575664,1786032500668736786,1786032500668794087,1786032674653403302,623.828,,0.057,173984.609,"CooperativeService{guidedPlanning, status=request, vehicleId=0x7665682d303238, requestedHorizonMs=2500, confidence=100, planning.waypoints=1, offloadTaskId=probe-147, offloadPayload=1024 bytes}"
5g-sender,1786032675025353786,edge4av-real-20260806-airspan-followup-run-1,c4-rep2-tcp,airspan-followup-70-20-10,guided-planning,tcp,veh-028,veh-028,rsu-1,c4-rep2-tcp-veh-028-148,ipi-session-1,airspan-followup-c4-rep2,veh-028,148,100-clients,default,stationary,unsynced,true,true,payload_bytes,1024,bytes,IPI-CooperativeService,1099,1786032674853585749,1786032501039391768,1786032501039453074,1786032675025353786,171.768,,0.061,173985.901,"CooperativeService{guidedPlanning, status=request, vehicleId=0x7665682d303238, requestedHorizonMs=2500, confidence=100, planning.waypoints=1, offloadTaskId=probe-148, offloadPayload=1024 bytes}"
5g-sender,1786032675391435482,edge4av-real-20260806-airspan-followup-run-1,c4-rep2-tcp,airspan-followup-70-20-10,guided-planning,tcp,veh-028,veh-028,rsu-1,c4-rep2-tcp-veh-028-149,ipi-session-1,airspan-followup-c4-rep2,veh-028,149,100-clients,default,stationary,unsynced,true,true,payload_bytes,1024,bytes,IPI-CooperativeService,1099,1786032675225533910,1786032501420185038,1786032501420241014,1786032675391435482,165.902,,0.056,173971.194,"CooperativeService{guidedPlanning, status=request, vehicleId=0x7665682d303238, requestedHorizonMs=2500, confidence=100, planning.waypoints=1, offloadTaskId=probe-149, offloadPayload=1024 bytes}"
5g-sender,1786032675775617977,edge4av-real-20260806-airspan-followup-run-1,c4-rep2-tcp,airspan-followup-70-20-10,guided-planning,tcp,veh-028,veh-028,rsu-1,c4-rep2-tcp-veh-028-150,ipi-session-1,airspan-followup-c4-rep2,veh-028,150,100-clients,default,stationary,unsynced,true,true,payload_bytes,1024,bytes,IPI-CooperativeService,1099,1786032675591634146,1786032501780802896,1786032501780852466,1786032675775617977,183.984,,0.050,173994.766,"CooperativeService{guidedPlanning, status=request, vehicleId=0x7665682d303238, requestedHorizonMs=2500, confidence=100, planning.waypoints=1, offloadTaskId=probe-150, offloadPayload=1024 bytes}"
5g-sender,1786032676256731964,edge4av-real-20260806-airspan-followup-run-1,c4-rep2-tcp,airspan-followup-70-20-10,guided-planning,tcp,veh-028,veh-028,rsu-1,c4-rep2-tcp-veh-028-151,ipi-session-1,airspan-followup-c4-rep2,veh-028,151,100-clients,default,stationary,unsynced,true,true,payload_bytes,1024,bytes,IPI-CooperativeService,1099,1786032675975777907,1786032502261367081,1786032502261415017,1786032676256731964,280.954,,0.048,173995.317,"CooperativeService{guidedPlanning, status=request, vehicleId=0x7665682d303238, requestedHorizonMs=2500, confidence=100, planning.waypoints=1, offloadTaskId=probe-151, offloadPayload=1024 bytes}"
5g-sender,1786032676655756213,edge4av-real-20260806-airspan-followup-run-1,c4-rep2-tcp,airspan-followup-70-20-10,guided-planning,tcp,veh-028,veh-028,rsu-1,c4-rep2-tcp-veh-028-152,ipi-session-1,airspan-followup-c4-rep2,veh-028,152,100-clients,default,stationary,unsynced,true,true,payload_bytes,1024,bytes,IPI-CooperativeService,1099,1786032676456864543,1786032502672343643,1786032502672399666,1786032676655756213,198.892,,0.056,173983.357,"CooperativeService{guidedPlanning, status=request, vehicleId=0x7665682d303238, requestedHorizonMs=2500, confidence=100, planning.waypoints=1, offloadTaskId=probe-152, offloadPayload=1024 bytes}"
5g-sender,1786032677121361221,edge4av-real-20260806-airspan-followup-run-1,c4-rep2-tcp,airspan-followup-70-20-10,guided-planning,tcp,veh-028,veh-028,rsu-1,c4-rep2-tcp-veh-028-153,ipi-session-1,airspan-followup-c4-rep2,veh-028,153,100-clients,default,stationary,unsynced,true,true,payload_bytes,1024,bytes,IPI-CooperativeService,1099,1786032676855924913,1786032503132947057,1786032503132975871,1786032677121361221,265.436,,0.029,173988.385,"CooperativeService{guidedPlanning, status=request, vehicleId=0x7665682d303238, requestedHorizonMs=2500, confidence=100, planning.waypoints=1, offloadTaskId=probe-153, offloadPayload=1024 bytes}"
5g-sender,1786032677621469674,edge4av-real-20260806-airspan-followup-run-1,c4-rep2-tcp,airspan-followup-70-20-10,guided-planning,tcp,veh-028,veh-028,rsu-1,c4-rep2-tcp-veh-028-154,ipi-session-1,airspan-followup-c4-rep2,veh-028,154,100-clients,default,stationary,unsynced,true,true,payload_bytes,1024,bytes,IPI-CooperativeService,1099,1786032677321536453,1786032503624035240,1786032503624080713,1786032677621469674,299.933,,0.045,173997.389,"CooperativeService{guidedPlanning, status=request, vehicleId=0x7665682d303238, requestedHorizonMs=2500, confidence=100, planning.waypoints=1, offloadTaskId=probe-154, offloadPayload=1024 bytes}"
5g-sender,1786032678147510884,edge4av-real-20260806-airspan-followup-run-1,c4-rep2-tcp,airspan-followup-70-20-10,guided-planning,tcp,veh-028,veh-028,rsu-1,c4-rep2-tcp-veh-028-155,ipi-session-1,airspan-followup-c4-rep2,veh-028,155,100-clients,default,stationary,unsynced,true,true,payload_bytes,1024,bytes,IPI-CooperativeService,1099,1786032677821624546,1786032504144628546,1786032504144685531,1786032678147510884,325.886,,0.057,174002.825,"CooperativeService{guidedPlanning, status=request, vehicleId=0x7665682d303238, requestedHorizonMs=2500, confidence=100, planning.waypoints=1, offloadTaskId=probe-155, offloadPayload=1024 bytes}"
5g-sender,1786032678611483631,edge4av-real-20260806-airspan-followup-run-1,c4-rep2-tcp,airspan-followup-70-20-10,guided-planning,tcp,veh-028,veh-028,rsu-1,c4-rep2-tcp-veh-028-156,ipi-session-1,airspan-followup-c4-rep2,veh-028,156,100-clients,default,stationary,unsynced,true,true,payload_bytes,1024,bytes,IPI-CooperativeService,1099,1786032678347758518,1786032504635676567,1786032504635727095,1786032678611483631,263.725,,0.051,173975.757,"CooperativeService{guidedPlanning, status=request, vehicleId=0x7665682d303238, requestedHorizonMs=2500, confidence=100, planning.waypoints=1, offloadTaskId=probe-156, offloadPayload=1024 bytes}"
5g-sender,1786032679147309832,edge4av-real-20260806-airspan-followup-run-1,c4-rep2-tcp,airspan-followup-70-20-10,guided-planning,tcp,veh-028,veh-028,rsu-1,c4-rep2-tcp-veh-028-157,ipi-session-1,airspan-followup-c4-rep2,veh-028,157,100-clients,default,stationary,unsynced,true,true,payload_bytes,1024,bytes,IPI-CooperativeService,1099,1786032678811667535,1786032505136193300,1786032505136208797,1786032679147309832,335.642,,0.015,174011.101,"CooperativeService{guidedPlanning, status=request, vehicleId=0x7665682d303238, requestedHorizonMs=2500, confidence=100, planning.waypoints=1, offloadTaskId=probe-157, offloadPayload=1024 bytes}"
5g-sender,1786032679601713082,edge4av-real-20260806-airspan-followup-run-1,c4-rep2-tcp,airspan-followup-70-20-10,guided-planning,tcp,veh-028,veh-028,rsu-1,c4-rep2-tcp-veh-028-158,ipi-session-1,airspan-followup-c4-rep2,veh-028,158,100-clients,default,stationary,unsynced,true,true,payload_bytes,1024,bytes,IPI-CooperativeService,1099,1786032679347446498,1786032505617448256,1786032505617538725,1786032679601713082,254.267,,0.090,173984.174,"CooperativeService{guidedPlanning, status=request, vehicleId=0x7665682d303238, requestedHorizonMs=2500, confidence=100, planning.waypoints=1, offloadTaskId=probe-158, offloadPayload=1024 bytes}"
5g-sender,1786032680015531317,edge4av-real-20260806-airspan-followup-run-1,c4-rep2-tcp,airspan-followup-70-20-10,guided-planning,tcp,veh-028,veh-028,rsu-1,c4-rep2-tcp-veh-028-159,ipi-session-1,airspan-followup-c4-rep2,veh-028,159,100-clients,default,stationary,unsynced,true,true,payload_bytes,1024,bytes,IPI-CooperativeService,1099,1786032679801863121,1786032506027981298,1786032506028041870,1786032680015531317,213.668,,0.061,173987.489,"CooperativeService{guidedPlanning, status=request, vehicleId=0x7665682d303238, requestedHorizonMs=2500, confidence=100, planning.waypoints=1, offloadTaskId=probe-159, offloadPayload=1024 bytes}"
5g-sender,1786032680523506927,edge4av-real-20260806-airspan-followup-run-1,c4-rep2-tcp,airspan-followup-70-20-10,guided-planning,tcp,veh-028,veh-028,rsu-1,c4-rep2-tcp-veh-028-160,ipi-session-1,airspan-followup-c4-rep2,veh-028,160,100-clients,default,stationary,unsynced,true,true,payload_bytes,1024,bytes,IPI-CooperativeService,1099,1786032680215713540,1786032506539105726,1786032506539157600,1786032680523506927,307.793,,0.052,173984.349,"CooperativeService{guidedPlanning, status=request, vehicleId=0x7665682d303238, requestedHorizonMs=2500, confidence=100, planning.waypoints=1, offloadTaskId=probe-160, offloadPayload=1024 bytes}"
5g-sender,1786032680957512004,edge4av-real-20260806-airspan-followup-run-1,c4-rep2-tcp,airspan-followup-70-20-10,guided-planning,tcp,veh-028,veh-028,rsu-1,c4-rep2-tcp-veh-028-161,ipi-session-1,airspan-followup-c4-rep2,veh-028,161,100-clients,default,stationary,unsynced,true,true,payload_bytes,1024,bytes,IPI-CooperativeService,1099,1786032680723668357,1786032506979764064,1786032506979846236,1786032680957512004,233.844,,0.082,173977.666,"CooperativeService{guidedPlanning, status=request, vehicleId=0x7665682d303238, requestedHorizonMs=2500, confidence=100, planning.waypoints=1, offloadTaskId=probe-161, offloadPayload=1024 bytes}"
5g-sender,1786032681417474138,edge4av-real-20260806-airspan-followup-run-1,c4-rep2-tcp,airspan-followup-70-20-10,guided-planning,tcp,veh-028,veh-028,rsu-1,c4-rep2-tcp-veh-028-162,ipi-session-1,airspan-followup-c4-rep2,veh-028,162,100-clients,default,stationary,unsynced,true,true,payload_bytes,1024,bytes,IPI-CooperativeService,1099,1786032681157705566,1786032507400379525,1786032507400397711,1786032681417474138,259.769,,0.018,174017.076,"CooperativeService{guidedPlanning, status=request, vehicleId=0x7665682d303238, requestedHorizonMs=2500, confidence=100, planning.waypoints=1, offloadTaskId=probe-162, offloadPayload=1024 bytes}"
5g-sender,1786032682143369042,edge4av-real-20260806-airspan-followup-run-1,c4-rep2-tcp,airspan-followup-70-20-10,guided-planning,tcp,veh-028,veh-028,rsu-1,c4-rep2-tcp-veh-028-163,ipi-session-1,airspan-followup-c4-rep2,veh-028,163,100-clients,default,stationary,unsynced,true,true,payload_bytes,1024,bytes,IPI-CooperativeService,1099,1786032681617720979,1786032508151779879,1786032508151820625,1786032682143369042,525.648,,0.041,173991.548,"CooperativeService{guidedPlanning, status=request, vehicleId=0x7665682d303238, requestedHorizonMs=2500, confidence=100, planning.waypoints=1, offloadTaskId=probe-163, offloadPayload=1024 bytes}"
5g-sender,1786032682607445280,edge4av-real-20260806-airspan-followup-run-1,c4-rep2-tcp,airspan-followup-70-20-10,guided-planning,tcp,veh-028,veh-028,rsu-1,c4-rep2-tcp-veh-028-164,ipi-session-1,airspan-followup-c4-rep2,veh-028,164,100-clients,default,stationary,unsynced,true,true,payload_bytes,1024,bytes,IPI-CooperativeService,1099,1786032682343545528,1786032508622689973,1786032508622762621,1786032682607445280,263.900,,0.073,173984.683,"CooperativeService{guidedPlanning, status=request, vehicleId=0x7665682d303238, requestedHorizonMs=2500, confidence=100, planning.waypoints=1, offloadTaskId=probe-164, offloadPayload=1024 bytes}"
5g-sender,1786032683037497444,edge4av-real-20260806-airspan-followup-run-1,c4-rep2-tcp,airspan-followup-70-20-10,guided-planning,tcp,veh-028,veh-028,rsu-1,c4-rep2-tcp-veh-028-165,ipi-session-1,airspan-followup-c4-rep2,veh-028,165,100-clients,default,stationary,unsynced,true,true,payload_bytes,1024,bytes,IPI-CooperativeService,1099,1786032682807604352,1786032509043407171,1786032509043461412,1786032683037497444,229.893,,0.054,173994.036,"CooperativeService{guidedPlanning, status=request, vehicleId=0x7665682d303238, requestedHorizonMs=2500, confidence=100, planning.waypoints=1, offloadTaskId=probe-165, offloadPayload=1024 bytes}"
5g-sender,1786032683409476481,edge4av-real-20260806-airspan-followup-run-1,c4-rep2-tcp,airspan-followup-70-20-10,guided-planning,tcp,veh-028,veh-028,rsu-1,c4-rep2-tcp-veh-028-166,ipi-session-1,airspan-followup-c4-rep2,veh-028,166,100-clients,default,stationary,unsynced,true,true,payload_bytes,1024,bytes,IPI-CooperativeService,1099,1786032683237686280,1786032509424540594,1786032509424628735,1786032683409476481,171.790,,0.088,173984.848,"CooperativeService{guidedPlanning, status=request, vehicleId=0x7665682d303238, requestedHorizonMs=2500, confidence=100, planning.waypoints=1, offloadTaskId=probe-166, offloadPayload=1024 bytes}"
5g-sender,1786032683809467137,edge4av-real-20260806-airspan-followup-run-1,c4-rep2-tcp,airspan-followup-70-20-10,guided-planning,tcp,veh-028,veh-028,rsu-1,c4-rep2-tcp-veh-028-167,ipi-session-1,airspan-followup-c4-rep2,veh-028,167,100-clients,default,stationary,unsynced,true,true,payload_bytes,1024,bytes,IPI-CooperativeService,1099,1786032683609633554,1786032509824892614,1786032509824966954,1786032683809467137,199.834,,0.074,173984.500,"CooperativeService{guidedPlanning, status=request, vehicleId=0x7665682d303238, requestedHorizonMs=2500, confidence=100, planning.waypoints=1, offloadTaskId=probe-167, offloadPayload=1024 bytes}"
5g-sender,1786032684311510938,edge4av-real-20260806-airspan-followup-run-1,c4-rep2-tcp,airspan-followup-70-20-10,guided-planning,tcp,veh-028,veh-028,rsu-1,c4-rep2-tcp-veh-028-168,ipi-session-1,airspan-followup-c4-rep2,veh-028,168,100-clients,default,stationary,unsynced,true,true,payload_bytes,1024,bytes,IPI-CooperativeService,1099,1786032684009628509,1786032510315386571,1786032510315426699,1786032684311510938,301.882,,0.040,173996.084,"CooperativeService{guidedPlanning, status=request, vehicleId=0x7665682d303238, requestedHorizonMs=2500, confidence=100, planning.waypoints=1, offloadTaskId=probe-168, offloadPayload=1024 bytes}"
5g-sender,1786032684791455792,edge4av-real-20260806-airspan-followup-run-1,c4-rep2-tcp,airspan-followup-70-20-10,guided-planning,tcp,veh-028,veh-028,rsu-1,c4-rep2-tcp-veh-028-169,ipi-session-1,airspan-followup-c4-rep2,veh-028,169,100-clients,default,stationary,unsynced,true,true,payload_bytes,1024,bytes,IPI-CooperativeService,1099,1786032684511714327,1786032510806126313,1786032510806148019,1786032684791455792,279.741,,0.022,173985.308,"CooperativeService{guidedPlanning, status=request, vehicleId=0x7665682d303238, requestedHorizonMs=2500, confidence=100, planning.waypoints=1, offloadTaskId=probe-169, offloadPayload=1024 bytes}"
5g-sender,1786032685225415460,edge4av-real-20260806-airspan-followup-run-1,c4-rep2-tcp,airspan-followup-70-20-10,guided-planning,tcp,veh-028,veh-028,rsu-1,c4-rep2-tcp-veh-028-170,ipi-session-1,airspan-followup-c4-rep2,veh-028,170,100-clients,default,stationary,unsynced,true,true,payload_bytes,1024,bytes,IPI-CooperativeService,1099,1786032684991626281,1786032511247339544,1786032511247392713,1786032685225415460,233.789,,0.053,173978.023,"CooperativeService{guidedPlanning, status=request, vehicleId=0x7665682d303238, requestedHorizonMs=2500, confidence=100, planning.waypoints=1, offloadTaskId=probe-170, offloadPayload=1024 bytes}"
5g-sender,1786032685665491682,edge4av-real-20260806-airspan-followup-run-1,c4-rep2-tcp,airspan-followup-70-20-10,guided-planning,tcp,veh-028,veh-028,rsu-1,c4-rep2-tcp-veh-028-171,ipi-session-1,airspan-followup-c4-rep2,veh-028,171,100-clients,default,stationary,unsynced,true,true,payload_bytes,1024,bytes,IPI-CooperativeService,1099,1786032685425615313,1786032511678243316,1786032511678295300,1786032685665491682,239.876,,0.052,173987.196,"CooperativeService{guidedPlanning, status=request, vehicleId=0x7665682d303238, requestedHorizonMs=2500, confidence=100, planning.waypoints=1, offloadTaskId=probe-171, offloadPayload=1024 bytes}"
5g-sender,1786032686051657539,edge4av-real-20260806-airspan-followup-run-1,c4-rep2-tcp,airspan-followup-70-20-10,guided-planning,tcp,veh-028,veh-028,rsu-1,c4-rep2-tcp-veh-028-172,ipi-session-1,airspan-followup-c4-rep2,veh-028,172,100-clients,default,stationary,unsynced,true,true,payload_bytes,1024,bytes,IPI-CooperativeService,1099,1786032685865647655,1786032512059443405,1786032512059484273,1786032686051657539,186.010,,0.041,173992.173,"CooperativeService{guidedPlanning, status=request, vehicleId=0x7665682d303238, requestedHorizonMs=2500, confidence=100, planning.waypoints=1, offloadTaskId=probe-172, offloadPayload=1024 bytes}"
5g-sender,1786032686467491729,edge4av-real-20260806-airspan-followup-run-1,c4-rep2-tcp,airspan-followup-70-20-10,guided-planning,tcp,veh-028,veh-028,rsu-1,c4-rep2-tcp-veh-028-173,ipi-session-1,airspan-followup-c4-rep2,veh-028,173,100-clients,default,stationary,unsynced,true,true,payload_bytes,1024,bytes,IPI-CooperativeService,1099,1786032686251847412,1786032512479222881,1786032512479262990,1786032686467491729,215.644,,0.040,173988.229,"CooperativeService{guidedPlanning, status=request, vehicleId=0x7665682d303238, requestedHorizonMs=2500, confidence=100, planning.waypoints=1, offloadTaskId=probe-173, offloadPayload=1024 bytes}"
5g-sender,1786032686905562126,edge4av-real-20260806-airspan-followup-run-1,c4-rep2-tcp,airspan-followup-70-20-10,guided-planning,tcp,veh-028,veh-028,rsu-1,c4-rep2-tcp-veh-028-174,ipi-session-1,airspan-followup-c4-rep2,veh-028,174,100-clients,default,stationary,unsynced,true,true,payload_bytes,1024,bytes,IPI-CooperativeService,1099,1786032686667655779,1786032512910149104,1786032512910200686,1786032686905562126,237.906,,0.052,173995.361,"CooperativeService{guidedPlanning, status=request, vehicleId=0x7665682d303238, requestedHorizonMs=2500, confidence=100, planning.waypoints=1, offloadTaskId=probe-174, offloadPayload=1024 bytes}"
5g-sender,1786032687385617647,edge4av-real-20260806-airspan-followup-run-1,c4-rep2-tcp,airspan-followup-70-20-10,guided-planning,tcp,veh-028,veh-028,rsu-1,c4-rep2-tcp-veh-028-175,ipi-session-1,airspan-followup-c4-rep2,veh-028,175,100-clients,default,stationary,unsynced,true,true,payload_bytes,1024,bytes,IPI-CooperativeService,1099,1786032687105773428,1786032513401053582,1786032513401105093,1786032687385617647,279.844,,0.052,173984.513,"CooperativeService{guidedPlanning, status=request, vehicleId=0x7665682d303238, requestedHorizonMs=2500, confidence=100, planning.waypoints=1, offloadTaskId=probe-175, offloadPayload=1024 bytes}"
5g-sender,1786032687899741263,edge4av-real-20260806-airspan-followup-run-1,c4-rep2-tcp,airspan-followup-70-20-10,guided-planning,tcp,veh-028,veh-028,rsu-1,c4-rep2-tcp-veh-028-176,ipi-session-1,airspan-followup-c4-rep2,veh-028,176,100-clients,default,stationary,unsynced,true,true,payload_bytes,1024,bytes,IPI-CooperativeService,1099,1786032687585816457,1786032513922197168,1786032513922251874,1786032687899741263,313.925,,0.055,173977.489,"CooperativeService{guidedPlanning, status=request, vehicleId=0x7665682d303238, requestedHorizonMs=2500, confidence=100, planning.waypoints=1, offloadTaskId=probe-176, offloadPayload=1024 bytes}"
5g-sender,1786032688435546168,edge4av-real-20260806-airspan-followup-run-1,c4-rep2-tcp,airspan-followup-70-20-10,guided-planning,tcp,veh-028,veh-028,rsu-1,c4-rep2-tcp-veh-028-177,ipi-session-1,airspan-followup-c4-rep2,veh-028,177,100-clients,default,stationary,unsynced,true,true,payload_bytes,1024,bytes,IPI-CooperativeService,1099,1786032688099905942,1786032514452746282,1786032514452797637,1786032688435546168,335.640,,0.051,173982.749,"CooperativeService{guidedPlanning, status=request, vehicleId=0x7665682d303238, requestedHorizonMs=2500, confidence=100, planning.waypoints=1, offloadTaskId=probe-177, offloadPayload=1024 bytes}"
5g-sender,1786032688831639252,edge4av-real-20260806-airspan-followup-run-1,c4-rep2-tcp,airspan-followup-70-20-10,guided-planning,tcp,veh-028,veh-028,rsu-1,c4-rep2-tcp-veh-028-178,ipi-session-1,airspan-followup-c4-rep2,veh-028,178,100-clients,default,stationary,unsynced,true,true,payload_bytes,1024,bytes,IPI-CooperativeService,1099,1786032688635712841,1786032514843476375,1786032514843495788,1786032688831639252,195.926,,0.019,173988.143,"CooperativeService{guidedPlanning, status=request, vehicleId=0x7665682d303238, requestedHorizonMs=2500, confidence=100, planning.waypoints=1, offloadTaskId=probe-178, offloadPayload=1024 bytes}"
5g-sender,1786032689217627064,edge4av-real-20260806-airspan-followup-run-1,c4-rep2-tcp,airspan-followup-70-20-10,guided-planning,tcp,veh-028,veh-028,rsu-1,c4-rep2-tcp-veh-028-179,ipi-session-1,airspan-followup-c4-rep2,veh-028,179,100-clients,default,stationary,unsynced,true,true,payload_bytes,1024,bytes,IPI-CooperativeService,1099,1786032689031805651,1786032515224254634,1786032515224309975,1786032689217627064,185.821,,0.055,173993.317,"CooperativeService{guidedPlanning, status=request, vehicleId=0x7665682d303238, requestedHorizonMs=2500, confidence=100, planning.waypoints=1, offloadTaskId=probe-179, offloadPayload=1024 bytes}"
5g-sender,1786032689609595025,edge4av-real-20260806-airspan-followup-run-1,c4-rep2-tcp,airspan-followup-70-20-10,guided-planning,tcp,veh-028,veh-028,rsu-1,c4-rep2-tcp-veh-028-180,ipi-session-1,airspan-followup-c4-rep2,veh-028,180,100-clients,default,stationary,unsynced,true,true,payload_bytes,1024,bytes,IPI-CooperativeService,1099,1786032689417795359,1786032515625021378,1786032515625088766,1786032689609595025,191.800,,0.067,173984.506,"CooperativeService{guidedPlanning, status=request, vehicleId=0x7665682d303238, requestedHorizonMs=2500, confidence=100, planning.waypoints=1, offloadTaskId=probe-180, offloadPayload=1024 bytes}"
5g-sender,1786032690081475518,edge4av-real-20260806-airspan-followup-run-1,c4-rep2-tcp,airspan-followup-70-20-10,guided-planning,tcp,veh-028,veh-028,rsu-1,c4-rep2-tcp-veh-028-181,ipi-session-1,airspan-followup-c4-rep2,veh-028,181,100-clients,default,stationary,unsynced,true,true,payload_bytes,1024,bytes,IPI-CooperativeService,1099,1786032689809767431,1786032516075776249,1786032516075827238,1786032690081475518,271.708,,0.051,174005.648,"CooperativeService{guidedPlanning, status=request, vehicleId=0x7665682d303238, requestedHorizonMs=2500, confidence=100, planning.waypoints=1, offloadTaskId=probe-181, offloadPayload=1024 bytes}"
5g-sender,1786032690517484941,edge4av-real-20260806-airspan-followup-run-1,c4-rep2-tcp,airspan-followup-70-20-10,guided-planning,tcp,veh-028,veh-028,rsu-1,c4-rep2-tcp-veh-028-182,ipi-session-1,airspan-followup-c4-rep2,veh-028,182,100-clients,default,stationary,unsynced,true,true,payload_bytes,1024,bytes,IPI-CooperativeService,1099,1786032690281680599,1786032516536470424,1786032516536530405,1786032690517484941,235.804,,0.060,173980.955,"CooperativeService{guidedPlanning, status=request, vehicleId=0x7665682d303238, requestedHorizonMs=2500, confidence=100, planning.waypoints=1, offloadTaskId=probe-182, offloadPayload=1024 bytes}"
5g-sender,1786032690951888011,edge4av-real-20260806-airspan-followup-run-1,c4-rep2-tcp,airspan-followup-70-20-10,guided-planning,tcp,veh-028,veh-028,rsu-1,c4-rep2-tcp-veh-028-183,ipi-session-1,airspan-followup-c4-rep2,veh-028,183,100-clients,default,stationary,unsynced,true,true,payload_bytes,1024,bytes,IPI-CooperativeService,1099,1786032690717662701,1786032516957144744,1786032516957168956,1786032690951888011,234.225,,0.024,173994.719,"CooperativeService{guidedPlanning, status=request, vehicleId=0x7665682d303238, requestedHorizonMs=2500, confidence=100, planning.waypoints=1, offloadTaskId=probe-183, offloadPayload=1024 bytes}"
5g-sender,1786032691350698334,edge4av-real-20260806-airspan-followup-run-1,c4-rep2-tcp,airspan-followup-70-20-10,guided-planning,tcp,veh-028,veh-028,rsu-1,c4-rep2-tcp-veh-028-184,ipi-session-1,airspan-followup-c4-rep2,veh-028,184,100-clients,default,stationary,unsynced,true,true,payload_bytes,1024,bytes,IPI-CooperativeService,1099,1786032691152067270,1786032517358073256,1786032517358124198,1786032691350698334,198.631,,0.051,173992.574,"CooperativeService{guidedPlanning, status=request, vehicleId=0x7665682d303238, requestedHorizonMs=2500, confidence=100, planning.waypoints=1, offloadTaskId=probe-184, offloadPayload=1024 bytes}"
5g-sender,1786032691755445606,edge4av-real-20260806-airspan-followup-run-1,c4-rep2-tcp,airspan-followup-70-20-10,guided-planning,tcp,veh-028,veh-028,rsu-1,c4-rep2-tcp-veh-028-185,ipi-session-1,airspan-followup-c4-rep2,veh-028,185,100-clients,default,stationary,unsynced,true,true,payload_bytes,1024,bytes,IPI-CooperativeService,1099,1786032691550848875,1786032517758545519,1786032517758595094,1786032691755445606,204.597,,0.050,173996.851,"CooperativeService{guidedPlanning, status=request, vehicleId=0x7665682d303238, requestedHorizonMs=2500, confidence=100, planning.waypoints=1, offloadTaskId=probe-185, offloadPayload=1024 bytes}"
5g-sender,1786032692243507932,edge4av-real-20260806-airspan-followup-run-1,c4-rep2-tcp,airspan-followup-70-20-10,guided-planning,tcp,veh-028,veh-028,rsu-1,c4-rep2-tcp-veh-028-186,ipi-session-1,airspan-followup-c4-rep2,veh-028,186,100-clients,default,stationary,unsynced,true,true,payload_bytes,1024,bytes,IPI-CooperativeService,1099,1786032691955613418,1786032518249389710,1786032518249413679,1786032692243507932,287.895,,0.024,173994.094,"CooperativeService{guidedPlanning, status=request, vehicleId=0x7665682d303238, requestedHorizonMs=2500, confidence=100, planning.waypoints=1, offloadTaskId=probe-186, offloadPayload=1024 bytes}"
5g-sender,1786032692653654516,edge4av-real-20260806-airspan-followup-run-1,c4-rep2-tcp,airspan-followup-70-20-10,guided-planning,tcp,veh-028,veh-028,rsu-1,c4-rep2-tcp-veh-028-187,ipi-session-1,airspan-followup-c4-rep2,veh-028,187,100-clients,default,stationary,unsynced,true,true,payload_bytes,1024,bytes,IPI-CooperativeService,1099,1786032692443677841,1786032518670087477,1786032518670111176,1786032692653654516,209.977,,0.024,173983.543,"CooperativeService{guidedPlanning, status=request, vehicleId=0x7665682d303238, requestedHorizonMs=2500, confidence=100, planning.waypoints=1, offloadTaskId=probe-187, offloadPayload=1024 bytes}"
5g-sender,1786032693125508433,edge4av-real-20260806-airspan-followup-run-1,c4-rep2-tcp,airspan-followup-70-20-10,guided-planning,tcp,veh-028,veh-028,rsu-1,c4-rep2-tcp-veh-028-188,ipi-session-1,airspan-followup-c4-rep2,veh-028,188,100-clients,default,stationary,unsynced,true,true,payload_bytes,1024,bytes,IPI-CooperativeService,1099,1786032692853862606,1786032519140971513,1786032519141038322,1786032693125508433,271.646,,0.067,173984.470,"CooperativeService{guidedPlanning, status=request, vehicleId=0x7665682d303238, requestedHorizonMs=2500, confidence=100, planning.waypoints=1, offloadTaskId=probe-188, offloadPayload=1024 bytes}"
5g-sender,1786032693545598022,edge4av-real-20260806-airspan-followup-run-1,c4-rep2-tcp,airspan-followup-70-20-10,guided-planning,tcp,veh-028,veh-028,rsu-1,c4-rep2-tcp-veh-028-189,ipi-session-1,airspan-followup-c4-rep2,veh-028,189,100-clients,default,stationary,unsynced,true,true,payload_bytes,1024,bytes,IPI-CooperativeService,1099,1786032693325697389,1786032519562061981,1786032519562135329,1786032693545598022,219.901,,0.073,173983.463,"CooperativeService{guidedPlanning, status=request, vehicleId=0x7665682d303238, requestedHorizonMs=2500, confidence=100, planning.waypoints=1, offloadTaskId=probe-189, offloadPayload=1024 bytes}"
5g-sender,1786032694029652565,edge4av-real-20260806-airspan-followup-run-1,c4-rep2-tcp,airspan-followup-70-20-10,guided-planning,tcp,veh-028,veh-028,rsu-1,c4-rep2-tcp-veh-028-190,ipi-session-1,airspan-followup-c4-rep2,veh-028,190,100-clients,default,stationary,unsynced,true,true,payload_bytes,1024,bytes,IPI-CooperativeService,1099,1786032693745820093,1786032520042790710,1786032520042840831,1786032694029652565,283.832,,0.050,173986.812,"CooperativeService{guidedPlanning, status=request, vehicleId=0x7665682d303238, requestedHorizonMs=2500, confidence=100, planning.waypoints=1, offloadTaskId=probe-190, offloadPayload=1024 bytes}"
5g-sender,1786032694441556320,edge4av-real-20260806-airspan-followup-run-1,c4-rep2-tcp,airspan-followup-70-20-10,guided-planning,tcp,veh-028,veh-028,rsu-1,c4-rep2-tcp-veh-028-191,ipi-session-1,airspan-followup-c4-rep2,veh-028,191,100-clients,default,stationary,unsynced,true,true,payload_bytes,1024,bytes,IPI-CooperativeService,1099,1786032694229847981,1786032520463536873,1786032520463593461,1786032694441556320,211.708,,0.057,173977.963,"CooperativeService{guidedPlanning, status=request, vehicleId=0x7665682d303238, requestedHorizonMs=2500, confidence=100, planning.waypoints=1, offloadTaskId=probe-191, offloadPayload=1024 bytes}"
5g-sender,1786032694941398265,edge4av-real-20260806-airspan-followup-run-1,c4-rep2-tcp,airspan-followup-70-20-10,guided-planning,tcp,veh-028,veh-028,rsu-1,c4-rep2-tcp-veh-028-192,ipi-session-1,airspan-followup-c4-rep2,veh-028,192,100-clients,default,stationary,unsynced,true,true,payload_bytes,1024,bytes,IPI-CooperativeService,1099,1786032694641753416,1786032520954440861,1786032520954463765,1786032694941398265,299.645,,0.023,173986.935,"CooperativeService{guidedPlanning, status=request, vehicleId=0x7665682d303238, requestedHorizonMs=2500, confidence=100, planning.waypoints=1, offloadTaskId=probe-192, offloadPayload=1024 bytes}"
5g-sender,1786032695351582553,edge4av-real-20260806-airspan-followup-run-1,c4-rep2-tcp,airspan-followup-70-20-10,guided-planning,tcp,veh-028,veh-028,rsu-1,c4-rep2-tcp-veh-028-193,ipi-session-1,airspan-followup-c4-rep2,veh-028,193,100-clients,default,stationary,unsynced,true,true,payload_bytes,1024,bytes,IPI-CooperativeService,1099,1786032695141597631,1786032521364840535,1786032521364893164,1786032695351582553,209.985,,0.053,173986.689,"CooperativeService{guidedPlanning, status=request, vehicleId=0x7665682d303238, requestedHorizonMs=2500, confidence=100, planning.waypoints=1, offloadTaskId=probe-193, offloadPayload=1024 bytes}"
5g-sender,1786032695831519199,edge4av-real-20260806-airspan-followup-run-1,c4-rep2-tcp,airspan-followup-70-20-10,guided-planning,tcp,veh-028,veh-028,rsu-1,c4-rep2-tcp-veh-028-194,ipi-session-1,airspan-followup-c4-rep2,veh-028,194,100-clients,default,stationary,unsynced,true,true,payload_bytes,1024,bytes,IPI-CooperativeService,1099,1786032695551812149,1786032521854866010,1786032521854952232,1786032695831519199,279.707,,0.086,173976.567,"CooperativeService{guidedPlanning, status=request, vehicleId=0x7665682d303238, requestedHorizonMs=2500, confidence=100, planning.waypoints=1, offloadTaskId=probe-194, offloadPayload=1024 bytes}"
5g-sender,1786032696303457630,edge4av-real-20260806-airspan-followup-run-1,c4-rep2-tcp,airspan-followup-70-20-10,guided-planning,tcp,veh-028,veh-028,rsu-1,c4-rep2-tcp-veh-028-195,ipi-session-1,airspan-followup-c4-rep2,veh-028,195,100-clients,default,stationary,unsynced,true,true,payload_bytes,1024,bytes,IPI-CooperativeService,1099,1786032696031807056,1786032522326592931,1786032522326678981,1786032696303457630,271.651,,0.086,173976.779,"CooperativeService{guidedPlanning, status=request, vehicleId=0x7665682d303238, requestedHorizonMs=2500, confidence=100, planning.waypoints=1, offloadTaskId=probe-195, offloadPayload=1024 bytes}"
5g-sender,1786032696759591226,edge4av-real-20260806-airspan-followup-run-1,c4-rep2-tcp,airspan-followup-70-20-10,guided-planning,tcp,veh-028,veh-028,rsu-1,c4-rep2-tcp-veh-028-196,ipi-session-1,airspan-followup-c4-rep2,veh-028,196,100-clients,default,stationary,unsynced,true,true,payload_bytes,1024,bytes,IPI-CooperativeService,1099,1786032696503681946,1786032522767126333,1786032522767175960,1786032696759591226,255.909,,0.050,173992.415,"CooperativeService{guidedPlanning, status=request, vehicleId=0x7665682d303238, requestedHorizonMs=2500, confidence=100, planning.waypoints=1, offloadTaskId=probe-196, offloadPayload=1024 bytes}"
5g-sender,1786032697175539144,edge4av-real-20260806-airspan-followup-run-1,c4-rep2-tcp,airspan-followup-70-20-10,guided-planning,tcp,veh-028,veh-028,rsu-1,c4-rep2-tcp-veh-028-197,ipi-session-1,airspan-followup-c4-rep2,veh-028,197,100-clients,default,stationary,unsynced,true,true,payload_bytes,1024,bytes,IPI-CooperativeService,1099,1786032696959804158,1786032523187926710,1786032523187976873,1786032697175539144,215.735,,0.050,173987.562,"CooperativeService{guidedPlanning, status=request, vehicleId=0x7665682d303238, requestedHorizonMs=2500, confidence=100, planning.waypoints=1, offloadTaskId=probe-197, offloadPayload=1024 bytes}"
5g-sender,1786032697643761084,edge4av-real-20260806-airspan-followup-run-1,c4-rep2-tcp,airspan-followup-70-20-10,guided-planning,tcp,veh-028,veh-028,rsu-1,c4-rep2-tcp-veh-028-198,ipi-session-1,airspan-followup-c4-rep2,veh-028,198,100-clients,default,stationary,unsynced,true,true,payload_bytes,1024,bytes,IPI-CooperativeService,1099,1786032697375699216,1786032523648914621,1786032523648965239,1786032697643761084,268.062,,0.051,173994.796,"CooperativeService{guidedPlanning, status=request, vehicleId=0x7665682d303238, requestedHorizonMs=2500, confidence=100, planning.waypoints=1, offloadTaskId=probe-198, offloadPayload=1024 bytes}"
5g-sender,1786032698127622985,edge4av-real-20260806-airspan-followup-run-1,c4-rep2-tcp,airspan-followup-70-20-10,guided-planning,tcp,veh-028,veh-028,rsu-1,c4-rep2-tcp-veh-028-199,ipi-session-1,airspan-followup-c4-rep2,veh-028,199,100-clients,default,stationary,unsynced,true,true,payload_bytes,1024,bytes,IPI-CooperativeService,1099,1786032697843978877,1786032524139969569,1786032524140023514,1786032698127622985,283.644,,0.054,173987.599,"CooperativeService{guidedPlanning, status=request, vehicleId=0x7665682d303238, requestedHorizonMs=2500, confidence=100, planning.waypoints=1, offloadTaskId=probe-199, offloadPayload=1024 bytes}"
5g-sender,1786032698547683950,edge4av-real-20260806-airspan-followup-run-1,c4-rep2-tcp,airspan-followup-70-20-10,guided-planning,tcp,veh-028,veh-028,rsu-1,c4-rep2-tcp-veh-028-200,ipi-session-1,airspan-followup-c4-rep2,veh-028,200,100-clients,default,stationary,unsynced,true,true,payload_bytes,1024,bytes,IPI-CooperativeService,1099,1786032698327820281,1786032524560433477,1786032524560485385,1786032698547683950,219.864,,0.052,173987.199,"CooperativeService{guidedPlanning, status=request, vehicleId=0x7665682d303238, requestedHorizonMs=2500, confidence=100, planning.waypoints=1, offloadTaskId=probe-200, offloadPayload=1024 bytes}"
5g-sender,1786032698943445135,edge4av-real-20260806-airspan-followup-run-1,c4-rep2-tcp,airspan-followup-70-20-10,guided-planning,tcp,veh-028,veh-028,rsu-1,c4-rep2-tcp-veh-028-201,ipi-session-1,airspan-followup-c4-rep2,veh-028,201,100-clients,default,stationary,unsynced,true,true,payload_bytes,1024,bytes,IPI-CooperativeService,1099,1786032698747929053,1786032524940808660,1786032524940826425,1786032698943445135,195.516,,0.018,174002.619,"CooperativeService{guidedPlanning, status=request, vehicleId=0x7665682d303238, requestedHorizonMs=2500, confidence=100, planning.waypoints=1, offloadTaskId=probe-201, offloadPayload=1024 bytes}"
5g-sender,1786032699309685495,edge4av-real-20260806-airspan-followup-run-1,c4-rep2-tcp,airspan-followup-70-20-10,guided-planning,tcp,veh-028,veh-028,rsu-1,c4-rep2-tcp-veh-028-202,ipi-session-1,airspan-followup-c4-rep2,veh-028,202,100-clients,default,stationary,unsynced,true,true,payload_bytes,1024,bytes,IPI-CooperativeService,1099,1786032699143609335,1786032525331641485,1786032525331670596,1786032699309685495,166.076,,0.029,173978.015,"CooperativeService{guidedPlanning, status=request, vehicleId=0x7665682d303238, requestedHorizonMs=2500, confidence=100, planning.waypoints=1, offloadTaskId=probe-202, offloadPayload=1024 bytes}"
5g-sender,1786032699787563441,edge4av-real-20260806-airspan-followup-run-1,c4-rep2-tcp,airspan-followup-70-20-10,guided-planning,tcp,veh-028,veh-028,rsu-1,c4-rep2-tcp-veh-028-203,ipi-session-1,airspan-followup-c4-rep2,veh-028,203,100-clients,default,stationary,unsynced,true,true,payload_bytes,1024,bytes,IPI-CooperativeService,1099,1786032699509838044,1786032525772556633,1786032525772638280,1786032699787563441,277.725,,0.082,174014.925,"CooperativeService{guidedPlanning, status=request, vehicleId=0x7665682d303238, requestedHorizonMs=2500, confidence=100, planning.waypoints=1, offloadTaskId=probe-203, offloadPayload=1024 bytes}"
5g-sender,1786032700271680277,edge4av-real-20260806-airspan-followup-run-1,c4-rep2-tcp,airspan-followup-70-20-10,guided-planning,tcp,veh-028,veh-028,rsu-1,c4-rep2-tcp-veh-028-204,ipi-session-1,airspan-followup-c4-rep2,veh-028,204,100-clients,default,stationary,unsynced,true,true,payload_bytes,1024,bytes,IPI-CooperativeService,1099,1786032699987732986,1786032526263541360,1786032526263592484,1786032700271680277,283.947,,0.051,174008.088,"CooperativeService{guidedPlanning, status=request, vehicleId=0x7665682d303238, requestedHorizonMs=2500, confidence=100, planning.waypoints=1, offloadTaskId=probe-204, offloadPayload=1024 bytes}"
5g-sender,1786032700783555173,edge4av-real-20260806-airspan-followup-run-1,c4-rep2-tcp,airspan-followup-70-20-10,guided-planning,tcp,veh-028,veh-028,rsu-1,c4-rep2-tcp-veh-028-205,ipi-session-1,airspan-followup-c4-rep2,veh-028,205,100-clients,default,stationary,unsynced,true,true,payload_bytes,1024,bytes,IPI-CooperativeService,1099,1786032700471861393,1786032526794225044,1786032526794268471,1786032700783555173,311.694,,0.043,173989.287,"CooperativeService{guidedPlanning, status=request, vehicleId=0x7665682d303238, requestedHorizonMs=2500, confidence=100, planning.waypoints=1, offloadTaskId=probe-205, offloadPayload=1024 bytes}"
5g-sender,1786032701227630883,edge4av-real-20260806-airspan-followup-run-1,c4-rep2-tcp,airspan-followup-70-20-10,guided-planning,tcp,veh-028,veh-028,rsu-1,c4-rep2-tcp-veh-028-206,ipi-session-1,airspan-followup-c4-rep2,veh-028,206,100-clients,default,stationary,unsynced,true,true,payload_bytes,1024,bytes,IPI-CooperativeService,1099,1786032700983721205,1786032527245316304,1786032527245329101,1786032701227630883,243.910,,0.013,173982.302,"CooperativeService{guidedPlanning, status=request, vehicleId=0x7665682d303238, requestedHorizonMs=2500, confidence=100, planning.waypoints=1, offloadTaskId=probe-206, offloadPayload=1024 bytes}"
5g-sender,1786032701639846247,edge4av-real-20260806-airspan-followup-run-1,c4-rep2-tcp,airspan-followup-70-20-10,guided-planning,tcp,veh-028,veh-028,rsu-1,c4-rep2-tcp-veh-028-207,ipi-session-1,airspan-followup-c4-rep2,veh-028,207,100-clients,default,stationary,unsynced,true,true,payload_bytes,1024,bytes,IPI-CooperativeService,1099,1786032701427828292,1786032527645674409,1786032527645717327,1786032701639846247,212.018,,0.043,173994.129,"CooperativeService{guidedPlanning, status=request, vehicleId=0x7665682d303238, requestedHorizonMs=2500, confidence=100, planning.waypoints=1, offloadTaskId=probe-207, offloadPayload=1024 bytes}"
5g-sender,1786032702049723812,edge4av-real-20260806-airspan-followup-run-1,c4-rep2-tcp,airspan-followup-70-20-10,guided-planning,tcp,veh-028,veh-028,rsu-1,c4-rep2-tcp-veh-028-208,ipi-session-1,airspan-followup-c4-rep2,veh-028,208,100-clients,default,stationary,unsynced,true,true,payload_bytes,1024,bytes,IPI-CooperativeService,1099,1786032701840090203,1786032528046514347,1786032528046569509,1786032702049723812,209.634,,0.055,174003.154,"CooperativeService{guidedPlanning, status=request, vehicleId=0x7665682d303238, requestedHorizonMs=2500, confidence=100, planning.waypoints=1, offloadTaskId=probe-208, offloadPayload=1024 bytes}"
5g-sender,1786032702473636320,edge4av-real-20260806-airspan-followup-run-1,c4-rep2-tcp,airspan-followup-70-20-10,guided-planning,tcp,veh-028,veh-028,rsu-1,c4-rep2-tcp-veh-028-209,ipi-session-1,airspan-followup-c4-rep2,veh-028,209,100-clients,default,stationary,unsynced,true,true,payload_bytes,1024,bytes,IPI-CooperativeService,1099,1786032702249957974,1786032528467016595,1786032528467069990,1786032702473636320,223.678,,0.053,174006.566,"CooperativeService{guidedPlanning, status=request, vehicleId=0x7665682d303238, requestedHorizonMs=2500, confidence=100, planning.waypoints=1, offloadTaskId=probe-209, offloadPayload=1024 bytes}"
5g-sender,1786032702988509672,edge4av-real-20260806-airspan-followup-run-1,c4-rep2-tcp,airspan-followup-70-20-10,guided-planning,tcp,veh-028,veh-028,rsu-1,c4-rep2-tcp-veh-028-210,ipi-session-1,airspan-followup-c4-rep2,veh-028,210,100-clients,default,stationary,unsynced,true,true,payload_bytes,1024,bytes,IPI-CooperativeService,1099,1786032702673817202,1786032528997976829,1786032528998000704,1786032702988509672,314.692,,0.024,173990.509,"CooperativeService{guidedPlanning, status=request, vehicleId=0x7665682d303238, requestedHorizonMs=2500, confidence=100, planning.waypoints=1, offloadTaskId=probe-210, offloadPayload=1024 bytes}"
5g-sender,1786032703417614045,edge4av-real-20260806-airspan-followup-run-1,c4-rep2-tcp,airspan-followup-70-20-10,guided-planning,tcp,veh-028,veh-028,rsu-1,c4-rep2-tcp-veh-028-211,ipi-session-1,airspan-followup-c4-rep2,veh-028,211,100-clients,default,stationary,unsynced,true,true,payload_bytes,1024,bytes,IPI-CooperativeService,1099,1786032703188724501,1786032529408961554,1786032529409004846,1786032703417614045,228.890,,0.043,174008.609,"CooperativeService{guidedPlanning, status=request, vehicleId=0x7665682d303238, requestedHorizonMs=2500, confidence=100, planning.waypoints=1, offloadTaskId=probe-211, offloadPayload=1024 bytes}"
5g-sender,1786032703917762455,edge4av-real-20260806-airspan-followup-run-1,c4-rep2-tcp,airspan-followup-70-20-10,guided-planning,tcp,veh-028,veh-028,rsu-1,c4-rep2-tcp-veh-028-212,ipi-session-1,airspan-followup-c4-rep2,veh-028,212,100-clients,default,stationary,unsynced,true,true,payload_bytes,1024,bytes,IPI-CooperativeService,1099,1786032703617810300,1786032529919979979,1786032529920034084,1786032703917762455,299.952,,0.054,173997.728,"CooperativeService{guidedPlanning, status=request, vehicleId=0x7665682d303238, requestedHorizonMs=2500, confidence=100, planning.waypoints=1, offloadTaskId=probe-212, offloadPayload=1024 bytes}"
5g-sender,1786032704375695241,edge4av-real-20260806-airspan-followup-run-1,c4-rep2-tcp,airspan-followup-70-20-10,guided-planning,tcp,veh-028,veh-028,rsu-1,c4-rep2-tcp-veh-028-213,ipi-session-1,airspan-followup-c4-rep2,veh-028,213,100-clients,default,stationary,unsynced,true,true,payload_bytes,1024,bytes,IPI-CooperativeService,1099,1786032704117923720,1786032530400713656,1786032530400757384,1786032704375695241,257.772,,0.044,173974.938,"CooperativeService{guidedPlanning, status=request, vehicleId=0x7665682d303238, requestedHorizonMs=2500, confidence=100, planning.waypoints=1, offloadTaskId=probe-213, offloadPayload=1024 bytes}"
5g-sender,1786032704855619870,edge4av-real-20260806-airspan-followup-run-1,c4-rep2-tcp,airspan-followup-70-20-10,guided-planning,tcp,veh-028,veh-028,rsu-1,c4-rep2-tcp-veh-028-214,ipi-session-1,airspan-followup-c4-rep2,veh-028,214,100-clients,default,stationary,unsynced,true,true,payload_bytes,1024,bytes,IPI-CooperativeService,1099,1786032704575896066,1786032530871383162,1786032530871438925,1786032704855619870,279.724,,0.056,173984.181,"CooperativeService{guidedPlanning, status=request, vehicleId=0x7665682d303238, requestedHorizonMs=2500, confidence=100, planning.waypoints=1, offloadTaskId=probe-214, offloadPayload=1024 bytes}"
5g-sender,1786032705599804042,edge4av-real-20260806-airspan-followup-run-1,c4-rep2-tcp,airspan-followup-70-20-10,guided-planning,tcp,veh-028,veh-028,rsu-1,c4-rep2-tcp-veh-028-215,ipi-session-1,airspan-followup-c4-rep2,veh-028,215,100-clients,default,stationary,unsynced,true,true,payload_bytes,1024,bytes,IPI-CooperativeService,1099,1786032705055783528,1786032531602734125,1786032531602789368,1786032705599804042,544.021,,0.055,173997.015,"CooperativeService{guidedPlanning, status=request, vehicleId=0x7665682d303238, requestedHorizonMs=2500, confidence=100, planning.waypoints=1, offloadTaskId=probe-215, offloadPayload=1024 bytes}"
5g-sender,1786032706033653228,edge4av-real-20260806-airspan-followup-run-1,c4-rep2-tcp,airspan-followup-70-20-10,guided-planning,tcp,veh-028,veh-028,rsu-1,c4-rep2-tcp-veh-028-216,ipi-session-1,airspan-followup-c4-rep2,veh-028,216,100-clients,default,stationary,unsynced,true,true,payload_bytes,1024,bytes,IPI-CooperativeService,1099,1786032705799964831,1786032532033436575,1786032532033477543,1786032706033653228,233.688,,0.041,174000.176,"CooperativeService{guidedPlanning, status=request, vehicleId=0x7665682d303238, requestedHorizonMs=2500, confidence=100, planning.waypoints=1, offloadTaskId=probe-216, offloadPayload=1024 bytes}"
5g-sender,1786032706501711473,edge4av-real-20260806-airspan-followup-run-1,c4-rep2-tcp,airspan-followup-70-20-10,guided-planning,tcp,veh-028,veh-028,rsu-1,c4-rep2-tcp-veh-028-217,ipi-session-1,airspan-followup-c4-rep2,veh-028,217,100-clients,default,stationary,unsynced,true,true,payload_bytes,1024,bytes,IPI-CooperativeService,1099,1786032706233815847,1786032532514343308,1786032532514385870,1786032706501711473,267.896,,0.043,173987.326,"CooperativeService{guidedPlanning, status=request, vehicleId=0x7665682d303238, requestedHorizonMs=2500, confidence=100, planning.waypoints=1, offloadTaskId=probe-217, offloadPayload=1024 bytes}"
5g-sender,1786032707199589861,edge4av-real-20260806-airspan-followup-run-1,c4-rep2-tcp,airspan-followup-70-20-10,guided-planning,tcp,veh-028,veh-028,rsu-1,c4-rep2-tcp-veh-028-218,ipi-session-1,airspan-followup-c4-rep2,veh-028,218,100-clients,default,stationary,unsynced,true,true,payload_bytes,1024,bytes,IPI-CooperativeService,1099,1786032706701872792,1786032533215775000,1786032533215803501,1786032707199589861,497.717,,0.029,173983.786,"CooperativeService{guidedPlanning, status=request, vehicleId=0x7665682d303238, requestedHorizonMs=2500, confidence=100, planning.waypoints=1, offloadTaskId=probe-218, offloadPayload=1024 bytes}"
5g-sender,1786032707623555673,edge4av-real-20260806-airspan-followup-run-1,c4-rep2-tcp,airspan-followup-70-20-10,guided-planning,tcp,veh-028,veh-028,rsu-1,c4-rep2-tcp-veh-028-219,ipi-session-1,airspan-followup-c4-rep2,veh-028,219,100-clients,default,stationary,unsynced,true,true,payload_bytes,1024,bytes,IPI-CooperativeService,1099,1786032707399721126,1786032533646242610,1786032533646297498,1786032707623555673,223.835,,0.055,173977.258,"CooperativeService{guidedPlanning, status=request, vehicleId=0x7665682d303238, requestedHorizonMs=2500, confidence=100, planning.waypoints=1, offloadTaskId=probe-219, offloadPayload=1024 bytes}"
5g-sender,1786032708081650934,edge4av-real-20260806-airspan-followup-run-1,c4-rep2-tcp,airspan-followup-70-20-10,guided-planning,tcp,veh-028,veh-028,rsu-1,c4-rep2-tcp-veh-028-220,ipi-session-1,airspan-followup-c4-rep2,veh-028,220,100-clients,default,stationary,unsynced,true,true,payload_bytes,1024,bytes,IPI-CooperativeService,1099,1786032707823711465,1786032534086821404,1786032534086862823,1786032708081650934,257.939,,0.041,173994.788,"CooperativeService{guidedPlanning, status=request, vehicleId=0x7665682d303238, requestedHorizonMs=2500, confidence=100, planning.waypoints=1, offloadTaskId=probe-220, offloadPayload=1024 bytes}"
5g-sender,1786032708535738311,edge4av-real-20260806-airspan-followup-run-1,c4-rep2-tcp,airspan-followup-70-20-10,guided-planning,tcp,veh-028,veh-028,rsu-1,c4-rep2-tcp-veh-028-221,ipi-session-1,airspan-followup-c4-rep2,veh-028,221,100-clients,default,stationary,unsynced,true,true,payload_bytes,1024,bytes,IPI-CooperativeService,1099,1786032708281861203,1786032534558011688,1786032534558054606,1786032708535738311,253.877,,0.043,173977.684,"CooperativeService{guidedPlanning, status=request, vehicleId=0x7665682d303238, requestedHorizonMs=2500, confidence=100, planning.waypoints=1, offloadTaskId=probe-221, offloadPayload=1024 bytes}"
5g-sender,1786032708895856163,edge4av-real-20260806-airspan-followup-run-1,c4-rep2-tcp,airspan-followup-70-20-10,guided-planning,tcp,veh-028,veh-028,rsu-1,c4-rep2-tcp-veh-028-222,ipi-session-1,airspan-followup-c4-rep2,veh-028,222,100-clients,default,stationary,unsynced,true,true,payload_bytes,1024,bytes,IPI-CooperativeService,1099,1786032708735931142,1786032534908475544,1786032534908527032,1786032708895856163,159.925,,0.051,173987.329,"CooperativeService{guidedPlanning, status=request, vehicleId=0x7665682d303238, requestedHorizonMs=2500, confidence=100, planning.waypoints=1, offloadTaskId=probe-222, offloadPayload=1024 bytes}"
5g-sender,1786032709393654510,edge4av-real-20260806-airspan-followup-run-1,c4-rep2-tcp,airspan-followup-70-20-10,guided-planning,tcp,veh-028,veh-028,rsu-1,c4-rep2-tcp-veh-028-223,ipi-session-1,airspan-followup-c4-rep2,veh-028,223,100-clients,default,stationary,unsynced,true,true,payload_bytes,1024,bytes,IPI-CooperativeService,1099,1786032709096015751,1786032535399439445,1786032535399482678,1786032709393654510,297.639,,0.043,173994.172,"CooperativeService{guidedPlanning, status=request, vehicleId=0x7665682d303238, requestedHorizonMs=2500, confidence=100, planning.waypoints=1, offloadTaskId=probe-223, offloadPayload=1024 bytes}"
5g-sender,1786032709813566155,edge4av-real-20260806-airspan-followup-run-1,c4-rep2-tcp,airspan-followup-70-20-10,guided-planning,tcp,veh-028,veh-028,rsu-1,c4-rep2-tcp-veh-028-224,ipi-session-1,airspan-followup-c4-rep2,veh-028,224,100-clients,default,stationary,unsynced,true,true,payload_bytes,1024,bytes,IPI-CooperativeService,1099,1786032709593837052,1786032535829966246,1786032535829990474,1786032709813566155,219.729,,0.024,173983.576,"CooperativeService{guidedPlanning, status=request, vehicleId=0x7665682d303238, requestedHorizonMs=2500, confidence=100, planning.waypoints=1, offloadTaskId=probe-224, offloadPayload=1024 bytes}"
5g-sender,1786032710243621847,edge4av-real-20260806-airspan-followup-run-1,c4-rep2-tcp,airspan-followup-70-20-10,guided-planning,tcp,veh-028,veh-028,rsu-1,c4-rep2-tcp-veh-028-225,ipi-session-1,airspan-followup-c4-rep2,veh-028,225,100-clients,default,stationary,unsynced,true,true,payload_bytes,1024,bytes,IPI-CooperativeService,1099,1786032710013755767,1786032536260740957,1786032536260795250,1786032710243621847,229.866,,0.054,173982.827,"CooperativeService{guidedPlanning, status=request, vehicleId=0x7665682d303238, requestedHorizonMs=2500, confidence=100, planning.waypoints=1, offloadTaskId=probe-225, offloadPayload=1024 bytes}"
5g-sender,1786032710639586654,edge4av-real-20260806-airspan-followup-run-1,c4-rep2-tcp,airspan-followup-70-20-10,guided-planning,tcp,veh-028,veh-028,rsu-1,c4-rep2-tcp-veh-028-226,ipi-session-1,airspan-followup-c4-rep2,veh-028,226,100-clients,default,stationary,unsynced,true,true,payload_bytes,1024,bytes,IPI-CooperativeService,1099,1786032710443791952,1786032536661625146,1786032536661673006,1786032710639586654,195.795,,0.048,173977.914,"CooperativeService{guidedPlanning, status=request, vehicleId=0x7665682d303238, requestedHorizonMs=2500, confidence=100, planning.waypoints=1, offloadTaskId=probe-226, offloadPayload=1024 bytes}"
5g-sender,1786032711129722775,edge4av-real-20260806-airspan-followup-run-1,c4-rep2-tcp,airspan-followup-70-20-10,guided-planning,tcp,veh-028,veh-028,rsu-1,c4-rep2-tcp-veh-028-227,ipi-session-1,airspan-followup-c4-rep2,veh-028,227,100-clients,default,stationary,unsynced,true,true,payload_bytes,1024,bytes,IPI-CooperativeService,1099,1786032710839781363,1786032537142381093,1786032537142425722,1786032711129722775,289.941,,0.045,173987.297,"CooperativeService{guidedPlanning, status=request, vehicleId=0x7665682d303238, requestedHorizonMs=2500, confidence=100, planning.waypoints=1, offloadTaskId=probe-227, offloadPayload=1024 bytes}"
5g-sender,1786032711629629943,edge4av-real-20260806-airspan-followup-run-1,c4-rep2-tcp,airspan-followup-70-20-10,guided-planning,tcp,veh-028,veh-028,rsu-1,c4-rep2-tcp-veh-028-228,ipi-session-1,airspan-followup-c4-rep2,veh-028,228,100-clients,default,stationary,unsynced,true,true,payload_bytes,1024,bytes,IPI-CooperativeService,1099,1786032711329887797,1786032537643531058,1786032537643595924,1786032711629629943,299.742,,0.065,173986.034,"CooperativeService{guidedPlanning, status=request, vehicleId=0x7665682d303238, requestedHorizonMs=2500, confidence=100, planning.waypoints=1, offloadTaskId=probe-228, offloadPayload=1024 bytes}"
5g-sender,1786032712081818805,edge4av-real-20260806-airspan-followup-run-1,c4-rep2-tcp,airspan-followup-70-20-10,guided-planning,tcp,veh-028,veh-028,rsu-1,c4-rep2-tcp-veh-028-229,ipi-session-1,airspan-followup-c4-rep2,veh-028,229,100-clients,default,stationary,unsynced,true,true,payload_bytes,1024,bytes,IPI-CooperativeService,1099,1786032711829840625,1786032538104002277,1786032538104020132,1786032712081818805,251.978,,0.018,173977.799,"CooperativeService{guidedPlanning, status=request, vehicleId=0x7665682d303238, requestedHorizonMs=2500, confidence=100, planning.waypoints=1, offloadTaskId=probe-229, offloadPayload=1024 bytes}"
5g-sender,1786032712521658146,edge4av-real-20260806-airspan-followup-run-1,c4-rep2-tcp,airspan-followup-70-20-10,guided-planning,tcp,veh-028,veh-028,rsu-1,c4-rep2-tcp-veh-028-230,ipi-session-1,airspan-followup-c4-rep2,veh-028,230,100-clients,default,stationary,unsynced,true,true,payload_bytes,1024,bytes,IPI-CooperativeService,1099,1786032712282014214,1786032538504898935,1786032538504950518,1786032712521658146,239.644,,0.052,174016.708,"CooperativeService{guidedPlanning, status=request, vehicleId=0x7665682d303238, requestedHorizonMs=2500, confidence=100, planning.waypoints=1, offloadTaskId=probe-230, offloadPayload=1024 bytes}"
5g-sender,1786032713003760268,edge4av-real-20260806-airspan-followup-run-1,c4-rep2-tcp,airspan-followup-70-20-10,guided-planning,tcp,veh-028,veh-028,rsu-1,c4-rep2-tcp-veh-028-231,ipi-session-1,airspan-followup-c4-rep2,veh-028,231,100-clients,default,stationary,unsynced,true,true,payload_bytes,1024,bytes,IPI-CooperativeService,1099,1786032712721898545,1786032539005419594,1786032539005461034,1786032713003760268,281.862,,0.041,173998.299,"CooperativeService{guidedPlanning, status=request, vehicleId=0x7665682d303238, requestedHorizonMs=2500, confidence=100, planning.waypoints=1, offloadTaskId=probe-231, offloadPayload=1024 bytes}"
5g-sender,1786032713431788353,edge4av-real-20260806-airspan-followup-run-1,c4-rep2-tcp,airspan-followup-70-20-10,guided-planning,tcp,veh-028,veh-028,rsu-1,c4-rep2-tcp-veh-028-232,ipi-session-1,airspan-followup-c4-rep2,veh-028,232,100-clients,default,stationary,unsynced,true,true,payload_bytes,1024,bytes,IPI-CooperativeService,1099,1786032713203956483,1786032539446365979,1786032539446416513,1786032713431788353,227.832,,0.051,173985.372,"CooperativeService{guidedPlanning, status=request, vehicleId=0x7665682d303238, requestedHorizonMs=2500, confidence=100, planning.waypoints=1, offloadTaskId=probe-232, offloadPayload=1024 bytes}"
5g-sender,1786032713886576534,edge4av-real-20260806-airspan-followup-run-1,c4-rep2-tcp,airspan-followup-70-20-10,guided-planning,tcp,veh-028,veh-028,rsu-1,c4-rep2-tcp-veh-028-233,ipi-session-1,airspan-followup-c4-rep2,veh-028,233,100-clients,default,stationary,unsynced,true,true,payload_bytes,1024,bytes,IPI-CooperativeService,1099,1786032713631992328,1786032539897208822,1786032539897265074,1786032713886576534,254.584,,0.056,173989.311,"CooperativeService{guidedPlanning, status=request, vehicleId=0x7665682d303238, requestedHorizonMs=2500, confidence=100, planning.waypoints=1, offloadTaskId=probe-233, offloadPayload=1024 bytes}"
5g-sender,1786032714401621816,edge4av-real-20260806-airspan-followup-run-1,c4-rep2-tcp,airspan-followup-70-20-10,guided-planning,tcp,veh-028,veh-028,rsu-1,c4-rep2-tcp-veh-028-234,ipi-session-1,airspan-followup-c4-rep2,veh-028,234,100-clients,default,stationary,unsynced,true,true,payload_bytes,1024,bytes,IPI-CooperativeService,1099,1786032714086782346,1786032540417922067,1786032540417966003,1786032714401621816,314.839,,0.044,173983.656,"CooperativeService{guidedPlanning, status=request, vehicleId=0x7665682d303238, requestedHorizonMs=2500, confidence=100, planning.waypoints=1, offloadTaskId=probe-234, offloadPayload=1024 bytes}"
5g-sender,1786032714850783391,edge4av-real-20260806-airspan-followup-run-1,c4-rep2-tcp,airspan-followup-70-20-10,guided-planning,tcp,veh-028,veh-028,rsu-1,c4-rep2-tcp-veh-028-235,ipi-session-1,airspan-followup-c4-rep2,veh-028,235,100-clients,default,stationary,unsynced,true,true,payload_bytes,1024,bytes,IPI-CooperativeService,1099,1786032714601789954,1786032540859156657,1786032540859208802,1786032714850783391,248.993,,0.052,173991.575,"CooperativeService{guidedPlanning, status=request, vehicleId=0x7665682d303238, requestedHorizonMs=2500, confidence=100, planning.waypoints=1, offloadTaskId=probe-235, offloadPayload=1024 bytes}"
5g-sender,1786032715255684899,edge4av-real-20260806-airspan-followup-run-1,c4-rep2-tcp,airspan-followup-70-20-10,guided-planning,tcp,veh-028,veh-028,rsu-1,c4-rep2-tcp-veh-028-236,ipi-session-1,airspan-followup-c4-rep2,veh-028,236,100-clients,default,stationary,unsynced,true,true,payload_bytes,1024,bytes,IPI-CooperativeService,1099,1786032715050984766,1786032541249603480,1786032541249655181,1786032715255684899,204.700,,0.052,174006.030,"CooperativeService{guidedPlanning, status=request, vehicleId=0x7665682d303238, requestedHorizonMs=2500, confidence=100, planning.waypoints=1, offloadTaskId=probe-236, offloadPayload=1024 bytes}"
5g-sender,1786032715687503681,edge4av-real-20260806-airspan-followup-run-1,c4-rep2-tcp,airspan-followup-70-20-10,guided-planning,tcp,veh-028,veh-028,rsu-1,c4-rep2-tcp-veh-028-237,ipi-session-1,airspan-followup-c4-rep2,veh-028,237,100-clients,default,stationary,unsynced,true,true,payload_bytes,1024,bytes,IPI-CooperativeService,1099,1786032715455933321,1786032541710342412,1786032541710399570,1786032715687503681,231.570,,0.057,173977.104,"CooperativeService{guidedPlanning, status=request, vehicleId=0x7665682d303238, requestedHorizonMs=2500, confidence=100, planning.waypoints=1, offloadTaskId=probe-237, offloadPayload=1024 bytes}"
5g-sender,1786032716185509379,edge4av-real-20260806-airspan-followup-run-1,c4-rep2-tcp,airspan-followup-70-20-10,guided-planning,tcp,veh-028,veh-028,rsu-1,c4-rep2-tcp-veh-028-238,ipi-session-1,airspan-followup-c4-rep2,veh-028,238,100-clients,default,stationary,unsynced,true,true,payload_bytes,1024,bytes,IPI-CooperativeService,1099,1786032715887698876,1786032542201161094,1786032542201210494,1786032716185509379,297.811,,0.049,173984.299,"CooperativeService{guidedPlanning, status=request, vehicleId=0x7665682d303238, requestedHorizonMs=2500, confidence=100, planning.waypoints=1, offloadTaskId=probe-238, offloadPayload=1024 bytes}"
5g-sender,1786032717039556079,edge4av-real-20260806-airspan-followup-run-1,c4-rep2-tcp,airspan-followup-70-20-10,guided-planning,tcp,veh-028,veh-028,rsu-1,c4-rep2-tcp-veh-028-239,ipi-session-1,airspan-followup-c4-rep2,veh-028,239,100-clients,default,stationary,unsynced,true,true,payload_bytes,1024,bytes,IPI-CooperativeService,1099,1786032716385669127,1786032543042452578,1786032543042518868,1786032717039556079,653.887,,0.066,173997.037,"CooperativeService{guidedPlanning, status=request, vehicleId=0x7665682d303238, requestedHorizonMs=2500, confidence=100, planning.waypoints=1, offloadTaskId=probe-239, offloadPayload=1024 bytes}"
5g-sender,1786032717507622806,edge4av-real-20260806-airspan-followup-run-1,c4-rep2-tcp,airspan-followup-70-20-10,guided-planning,tcp,veh-028,veh-028,rsu-1,c4-rep2-tcp-veh-028-240,ipi-session-1,airspan-followup-c4-rep2,veh-028,240,100-clients,default,stationary,unsynced,true,true,payload_bytes,1024,bytes,IPI-CooperativeService,1099,1786032717239800154,1786032543513544365,1786032543513564713,1786032717507622806,267.823,,0.020,173994.058,"CooperativeService{guidedPlanning, status=request, vehicleId=0x7665682d303238, requestedHorizonMs=2500, confidence=100, planning.waypoints=1, offloadTaskId=probe-240, offloadPayload=1024 bytes}"
5g-sender,1786032717887720883,edge4av-real-20260806-airspan-followup-run-1,c4-rep2-tcp,airspan-followup-70-20-10,guided-planning,tcp,veh-028,veh-028,rsu-1,c4-rep2-tcp-veh-028-241,ipi-session-1,airspan-followup-c4-rep2,veh-028,241,100-clients,default,stationary,unsynced,true,true,payload_bytes,1024,bytes,IPI-CooperativeService,1099,1786032717707818674,1786032543904268928,1786032543904327785,1786032717887720883,179.902,,0.059,173983.393,"CooperativeService{guidedPlanning, status=request, vehicleId=0x7665682d303238, requestedHorizonMs=2500, confidence=100, planning.waypoints=1, offloadTaskId=probe-241, offloadPayload=1024 bytes}"
5g-sender,1786032718331729061,edge4av-real-20260806-airspan-followup-run-1,c4-rep2-tcp,airspan-followup-70-20-10,guided-planning,tcp,veh-028,veh-028,rsu-1,c4-rep2-tcp-veh-028-242,ipi-session-1,airspan-followup-c4-rep2,veh-028,242,100-clients,default,stationary,unsynced,true,true,payload_bytes,1024,bytes,IPI-CooperativeService,1099,1786032718087880511,1786032544344837174,1786032544344877374,1786032718331729061,243.849,,0.040,173986.852,"CooperativeService{guidedPlanning, status=request, vehicleId=0x7665682d303238, requestedHorizonMs=2500, confidence=100, planning.waypoints=1, offloadTaskId=probe-242, offloadPayload=1024 bytes}"
5g-sender,1786032718829759384,edge4av-real-20260806-airspan-followup-run-1,c4-rep2-tcp,airspan-followup-70-20-10,guided-planning,tcp,veh-028,veh-028,rsu-1,c4-rep2-tcp-veh-028-243,ipi-session-1,airspan-followup-c4-rep2,veh-028,243,100-clients,default,stationary,unsynced,true,true,payload_bytes,1024,bytes,IPI-CooperativeService,1099,1786032718531911712,1786032544835824454,1786032544835866273,1786032718829759384,297.848,,0.042,173993.893,"CooperativeService{guidedPlanning, status=request, vehicleId=0x7665682d303238, requestedHorizonMs=2500, confidence=100, planning.waypoints=1, offloadTaskId=probe-243, offloadPayload=1024 bytes}"
5g-sender,1786032719261750805,edge4av-real-20260806-airspan-followup-run-1,c4-rep2-tcp,airspan-followup-70-20-10,guided-planning,tcp,veh-028,veh-028,rsu-1,c4-rep2-tcp-veh-028-244,ipi-session-1,airspan-followup-c4-rep2,veh-028,244,100-clients,default,stationary,unsynced,true,true,payload_bytes,1024,bytes,IPI-CooperativeService,1099,1786032719029901907,1786032545256518584,1786032545256569469,1786032719261750805,231.849,,0.051,174005.181,"CooperativeService{guidedPlanning, status=request, vehicleId=0x7665682d303238, requestedHorizonMs=2500, confidence=100, planning.waypoints=1, offloadTaskId=probe-244, offloadPayload=1024 bytes}"
5g-sender,1786032719811585442,edge4av-real-20260806-airspan-followup-run-1,c4-rep2-tcp,airspan-followup-70-20-10,guided-planning,tcp,veh-028,veh-028,rsu-1,c4-rep2-tcp-veh-028-245,ipi-session-1,airspan-followup-c4-rep2,veh-028,245,100-clients,default,stationary,unsynced,true,true,payload_bytes,1024,bytes,IPI-CooperativeService,1099,1786032719461991028,1786032545787566751,1786032545787618066,1786032719811585442,349.594,,0.051,174023.967,"CooperativeService{guidedPlanning, status=request, vehicleId=0x7665682d303238, requestedHorizonMs=2500, confidence=100, planning.waypoints=1, offloadTaskId=probe-245, offloadPayload=1024 bytes}"
5g-sender,1786032720322023629,edge4av-real-20260806-airspan-followup-run-1,c4-rep2-tcp,airspan-followup-70-20-10,guided-planning,tcp,veh-028,veh-028,rsu-1,c4-rep2-tcp-veh-028-246,ipi-session-1,airspan-followup-c4-rep2,veh-028,246,100-clients,default,stationary,unsynced,true,true,payload_bytes,1024,bytes,IPI-CooperativeService,1099,1786032720011783981,1786032546298387405,1786032546298439229,1786032720322023629,310.240,,0.052,174023.584,"CooperativeService{guidedPlanning, status=request, vehicleId=0x7665682d303238, requestedHorizonMs=2500, confidence=100, planning.waypoints=1, offloadTaskId=probe-246, offloadPayload=1024 bytes}"
5g-sender,1786032720845770169,edge4av-real-20260806-airspan-followup-run-1,c4-rep2-tcp,airspan-followup-70-20-10,guided-planning,tcp,veh-028,veh-028,rsu-1,c4-rep2-tcp-veh-028-247,ipi-session-1,airspan-followup-c4-rep2,veh-028,247,100-clients,default,stationary,unsynced,true,true,payload_bytes,1024,bytes,IPI-CooperativeService,1099,1786032720522209536,1786032546839159857,1786032546839210576,1786032720845770169,323.561,,0.051,174006.560,"CooperativeService{guidedPlanning, status=request, vehicleId=0x7665682d303238, requestedHorizonMs=2500, confidence=100, planning.waypoints=1, offloadTaskId=probe-247, offloadPayload=1024 bytes}"
5g-sender,1786032721353710834,edge4av-real-20260806-airspan-followup-run-1,c4-rep2-tcp,airspan-followup-70-20-10,guided-planning,tcp,veh-028,veh-028,rsu-1,c4-rep2-tcp-veh-028-248,ipi-session-1,airspan-followup-c4-rep2,veh-028,248,100-clients,default,stationary,unsynced,true,true,payload_bytes,1024,bytes,IPI-CooperativeService,1099,1786032721046338790,1786032547370337951,1786032547370403940,1786032721353710834,307.372,,0.066,173983.307,"CooperativeService{guidedPlanning, status=request, vehicleId=0x7665682d303238, requestedHorizonMs=2500, confidence=100, planning.waypoints=1, offloadTaskId=probe-248, offloadPayload=1024 bytes}"
5g-sender,1786032721809703682,edge4av-real-20260806-airspan-followup-run-1,c4-rep2-tcp,airspan-followup-70-20-10,guided-planning,tcp,veh-028,veh-028,rsu-1,c4-rep2-tcp-veh-028-249,ipi-session-1,airspan-followup-c4-rep2,veh-028,249,100-clients,default,stationary,unsynced,true,true,payload_bytes,1024,bytes,IPI-CooperativeService,1099,1786032721553874911,1786032547820644156,1786032547820665884,1786032721809703682,255.829,,0.022,173989.038,"CooperativeService{guidedPlanning, status=request, vehicleId=0x7665682d303238, requestedHorizonMs=2500, confidence=100, planning.waypoints=1, offloadTaskId=probe-249, offloadPayload=1024 bytes}"
5g-sender,1786032722199781790,edge4av-real-20260806-airspan-followup-run-1,c4-rep2-tcp,airspan-followup-70-20-10,guided-planning,tcp,veh-028,veh-028,rsu-1,c4-rep2-tcp-veh-028-250,ipi-session-1,airspan-followup-c4-rep2,veh-028,250,100-clients,default,stationary,unsynced,true,true,payload_bytes,1024,bytes,IPI-CooperativeService,1099,1786032722009868094,1786032548221396814,1786032548221419888,1786032722199781790,189.914,,0.023,173978.362,"CooperativeService{guidedPlanning, status=request, vehicleId=0x7665682d303238, requestedHorizonMs=2500, confidence=100, planning.waypoints=1, offloadTaskId=probe-250, offloadPayload=1024 bytes}"
5g-sender,1786032722641796828,edge4av-real-20260806-airspan-followup-run-1,c4-rep2-tcp,airspan-followup-70-20-10,guided-planning,tcp,veh-028,veh-028,rsu-1,c4-rep2-tcp-veh-028-251,ipi-session-1,airspan-followup-c4-rep2,veh-028,251,100-clients,default,stationary,unsynced,true,true,payload_bytes,1024,bytes,IPI-CooperativeService,1099,1786032722399957832,1786032548652448066,1786032548652490699,1786032722641796828,241.839,,0.043,173989.306,"CooperativeService{guidedPlanning, status=request, vehicleId=0x7665682d303238, requestedHorizonMs=2500, confidence=100, planning.waypoints=1, offloadTaskId=probe-251, offloadPayload=1024 bytes}"
5g-sender,1786032723061830181,edge4av-real-20260806-airspan-followup-run-1,c4-rep2-tcp,airspan-followup-70-20-10,guided-planning,tcp,veh-028,veh-028,rsu-1,c4-rep2-tcp-veh-028-252,ipi-session-1,airspan-followup-c4-rep2,veh-028,252,100-clients,default,stationary,unsynced,true,true,payload_bytes,1024,bytes,IPI-CooperativeService,1099,1786032722841988097,1786032549073064102,1786032549073106389,1786032723061830181,219.842,,0.042,173988.724,"CooperativeService{guidedPlanning, status=request, vehicleId=0x7665682d303238, requestedHorizonMs=2500, confidence=100, planning.waypoints=1, offloadTaskId=probe-252, offloadPayload=1024 bytes}"
5g-sender,1786032723489764177,edge4av-real-20260806-airspan-followup-run-1,c4-rep2-tcp,airspan-followup-70-20-10,guided-planning,tcp,veh-028,veh-028,rsu-1,c4-rep2-tcp-veh-028-253,ipi-session-1,airspan-followup-c4-rep2,veh-028,253,100-clients,default,stationary,unsynced,true,true,payload_bytes,1024,bytes,IPI-CooperativeService,1099,1786032723262053428,1786032549503890969,1786032549503917471,1786032723489764177,227.711,,0.027,173985.847,"CooperativeService{guidedPlanning, status=request, vehicleId=0x7665682d303238, requestedHorizonMs=2500, confidence=100, planning.waypoints=1, offloadTaskId=probe-253, offloadPayload=1024 bytes}"
5g-sender,1786032723859815882,edge4av-real-20260806-airspan-followup-run-1,c4-rep2-tcp,airspan-followup-70-20-10,guided-planning,tcp,veh-028,veh-028,rsu-1,c4-rep2-tcp-veh-028-254,ipi-session-1,airspan-followup-c4-rep2,veh-028,254,100-clients,default,stationary,unsynced,true,true,payload_bytes,1024,bytes,IPI-CooperativeService,1099,1786032723689926925,1786032549864742234,1786032549864796527,1786032723859815882,169.889,,0.054,173995.019,"CooperativeService{guidedPlanning, status=request, vehicleId=0x7665682d303238, requestedHorizonMs=2500, confidence=100, planning.waypoints=1, offloadTaskId=probe-254, offloadPayload=1024 bytes}"
5g-sender,1786032724227766783,edge4av-real-20260806-airspan-followup-run-1,c4-rep2-tcp,airspan-followup-70-20-10,guided-planning,tcp,veh-028,veh-028,rsu-1,c4-rep2-tcp-veh-028-255,ipi-session-1,airspan-followup-c4-rep2,veh-028,255,100-clients,default,stationary,unsynced,true,true,payload_bytes,1024,bytes,IPI-CooperativeService,1099,1786032724059987227,1786032550245516508,1786032550245583733,1786032724227766783,167.780,,0.067,173982.183,"CooperativeService{guidedPlanning, status=request, vehicleId=0x7665682d303238, requestedHorizonMs=2500, confidence=100, planning.waypoints=1, offloadTaskId=probe-255, offloadPayload=1024 bytes}"
5g-sender,1786032724689731460,edge4av-real-20260806-airspan-followup-run-1,c4-rep2-tcp,airspan-followup-70-20-10,guided-planning,tcp,veh-028,veh-028,rsu-1,c4-rep2-tcp-veh-028-256,ipi-session-1,airspan-followup-c4-rep2,veh-028,256,100-clients,default,stationary,unsynced,true,true,payload_bytes,1024,bytes,IPI-CooperativeService,1099,1786032724427924281,1786032550705955361,1786032550706008372,1786032724689731460,261.807,,0.053,173983.723,"CooperativeService{guidedPlanning, status=request, vehicleId=0x7665682d303238, requestedHorizonMs=2500, confidence=100, planning.waypoints=1, offloadTaskId=probe-256, offloadPayload=1024 bytes}"
5g-sender,1786032725099712167,edge4av-real-20260806-airspan-followup-run-1,c4-rep2-tcp,airspan-followup-70-20-10,guided-planning,tcp,veh-028,veh-028,rsu-1,c4-rep2-tcp-veh-028-257,ipi-session-1,airspan-followup-c4-rep2,veh-028,257,100-clients,default,stationary,unsynced,true,true,payload_bytes,1024,bytes,IPI-CooperativeService,1099,1786032724889949195,1786032551106540411,1786032551106581729,1786032725099712167,209.763,,0.041,173993.130,"CooperativeService{guidedPlanning, status=request, vehicleId=0x7665682d303238, requestedHorizonMs=2500, confidence=100, planning.waypoints=1, offloadTaskId=probe-257, offloadPayload=1024 bytes}"
5g-sender,1786032725495864021,edge4av-real-20260806-airspan-followup-run-1,c4-rep2-tcp,airspan-followup-70-20-10,guided-planning,tcp,veh-028,veh-028,rsu-1,c4-rep2-tcp-veh-028-258,ipi-session-1,airspan-followup-c4-rep2,veh-028,258,100-clients,default,stationary,unsynced,true,true,payload_bytes,1024,bytes,IPI-CooperativeService,1099,1786032725299895411,1786032551517438708,1786032551517489359,1786032725495864021,195.969,,0.051,173978.375,"CooperativeService{guidedPlanning, status=request, vehicleId=0x7665682d303238, requestedHorizonMs=2500, confidence=100, planning.waypoints=1, offloadTaskId=probe-258, offloadPayload=1024 bytes}"
5g-sender,1786032725945824130,edge4av-real-20260806-airspan-followup-run-1,c4-rep2-tcp,airspan-followup-70-20-10,guided-planning,tcp,veh-028,veh-028,rsu-1,c4-rep2-tcp-veh-028-259,ipi-session-1,airspan-followup-c4-rep2,veh-028,259,100-clients,default,stationary,unsynced,true,true,payload_bytes,1024,bytes,IPI-CooperativeService,1099,1786032725696057469,1786032551958106984,1786032551958159359,1786032725945824130,249.767,,0.052,173987.665,"CooperativeService{guidedPlanning, status=request, vehicleId=0x7665682d303238, requestedHorizonMs=2500, confidence=100, planning.waypoints=1, offloadTaskId=probe-259, offloadPayload=1024 bytes}"
5g-sender,1786032726435787868,edge4av-real-20260806-airspan-followup-run-1,c4-rep2-tcp,airspan-followup-70-20-10,guided-planning,tcp,veh-028,veh-028,rsu-1,c4-rep2-tcp-veh-028-260,ipi-session-1,airspan-followup-c4-rep2,veh-028,260,100-clients,default,stationary,unsynced,true,true,payload_bytes,1024,bytes,IPI-CooperativeService,1099,1786032726146008018,1786032552449098012,1786032552449164516,1786032726435787868,289.780,,0.067,173986.623,"CooperativeService{guidedPlanning, status=request, vehicleId=0x7665682d303238, requestedHorizonMs=2500, confidence=100, planning.waypoints=1, offloadTaskId=probe-260, offloadPayload=1024 bytes}"
5g-sender,1786032726973896569,edge4av-real-20260806-airspan-followup-run-1,c4-rep2-tcp,airspan-followup-70-20-10,guided-planning,tcp,veh-028,veh-028,rsu-1,c4-rep2-tcp-veh-028-261,ipi-session-1,airspan-followup-c4-rep2,veh-028,261,100-clients,default,stationary,unsynced,true,true,payload_bytes,1024,bytes,IPI-CooperativeService,1099,1786032726635986753,1786032552989803487,1786032552989813567,1786032726973896569,337.910,,0.010,173984.083,"CooperativeService{guidedPlanning, status=request, vehicleId=0x7665682d303238, requestedHorizonMs=2500, confidence=100, planning.waypoints=1, offloadTaskId=probe-261, offloadPayload=1024 bytes}"
5g-sender,1786032727345853762,edge4av-real-20260806-airspan-followup-run-1,c4-rep2-tcp,airspan-followup-70-20-10,guided-planning,tcp,veh-028,veh-028,rsu-1,c4-rep2-tcp-veh-028-262,ipi-session-1,airspan-followup-c4-rep2,veh-028,262,100-clients,default,stationary,unsynced,true,true,payload_bytes,1024,bytes,IPI-CooperativeService,1099,1786032727174079076,1786032553370700719,1786032553370754414,1786032727345853762,171.775,,0.054,173975.099,"CooperativeService{guidedPlanning, status=request, vehicleId=0x7665682d303238, requestedHorizonMs=2500, confidence=100, planning.waypoints=1, offloadTaskId=probe-262, offloadPayload=1024 bytes}"
5g-sender,1786032727759650596,edge4av-real-20260806-airspan-followup-run-1,c4-rep2-tcp,airspan-followup-70-20-10,guided-planning,tcp,veh-028,veh-028,rsu-1,c4-rep2-tcp-veh-028-263,ipi-session-1,airspan-followup-c4-rep2,veh-028,263,100-clients,default,stationary,unsynced,true,true,payload_bytes,1024,bytes,IPI-CooperativeService,1099,1786032727546016730,1786032553781550836,1786032553781607439,1786032727759650596,213.634,,0.057,173978.043,"CooperativeService{guidedPlanning, status=request, vehicleId=0x7665682d303238, requestedHorizonMs=2500, confidence=100, planning.waypoints=1, offloadTaskId=probe-263, offloadPayload=1024 bytes}"
5g-sender,1786032728535596601,edge4av-real-20260806-airspan-followup-run-1,c4-rep2-tcp,airspan-followup-70-20-10,guided-planning,tcp,veh-028,veh-028,rsu-1,c4-rep2-tcp-veh-028-264,ipi-session-1,airspan-followup-c4-rep2,veh-028,264,100-clients,default,stationary,unsynced,true,true,payload_bytes,1024,bytes,IPI-CooperativeService,1099,1786032727959803974,1786032554552655695,1786032554552715076,1786032728535596601,575.793,,0.059,173982.882,"CooperativeService{guidedPlanning, status=request, vehicleId=0x7665682d303238, requestedHorizonMs=2500, confidence=100, planning.waypoints=1, offloadTaskId=probe-264, offloadPayload=1024 bytes}"
5g-sender,1786032728935969283,edge4av-real-20260806-airspan-followup-run-1,c4-rep2-tcp,airspan-followup-70-20-10,guided-planning,tcp,veh-028,veh-028,rsu-1,c4-rep2-tcp-veh-028-265,ipi-session-1,airspan-followup-c4-rep2,veh-028,265,100-clients,default,stationary,unsynced,true,true,payload_bytes,1024,bytes,IPI-CooperativeService,1099,1786032728735758120,1786032554963417459,1786032554963470033,1786032728935969283,200.211,,0.053,173972.499,"CooperativeService{guidedPlanning, status=request, vehicleId=0x7665682d303238, requestedHorizonMs=2500, confidence=100, planning.waypoints=1, offloadTaskId=probe-265, offloadPayload=1024 bytes}"
5g-sender,1786032729377540174,edge4av-real-20260806-airspan-followup-run-1,c4-rep2-tcp,airspan-followup-70-20-10,guided-planning,tcp,veh-028,veh-028,rsu-1,c4-rep2-tcp-veh-028-266,ipi-session-1,airspan-followup-c4-rep2,veh-028,266,100-clients,default,stationary,unsynced,true,true,payload_bytes,1024,bytes,IPI-CooperativeService,1099,1786032729136119187,1786032555394587990,1786032555394630992,1786032729377540174,241.421,,0.043,173982.909,"CooperativeService{guidedPlanning, status=request, vehicleId=0x7665682d303238, requestedHorizonMs=2500, confidence=100, planning.waypoints=1, offloadTaskId=probe-266, offloadPayload=1024 bytes}"
5g-sender,1786032729937707909,edge4av-real-20260806-airspan-followup-run-1,c4-rep2-tcp,airspan-followup-70-20-10,guided-planning,tcp,veh-028,veh-028,rsu-1,c4-rep2-tcp-veh-028-267,ipi-session-1,airspan-followup-c4-rep2,veh-028,267,100-clients,default,stationary,unsynced,true,true,payload_bytes,1024,bytes,IPI-CooperativeService,1099,1786032729577653862,1786032555955233486,1786032555955290121,1786032729937707909,360.054,,0.057,173982.418,"CooperativeService{guidedPlanning, status=request, vehicleId=0x7665682d303238, requestedHorizonMs=2500, confidence=100, planning.waypoints=1, offloadTaskId=probe-267, offloadPayload=1024 bytes}"
5g-sender,1786032730337677150,edge4av-real-20260806-airspan-followup-run-1,c4-rep2-tcp,airspan-followup-70-20-10,guided-planning,tcp,veh-028,veh-028,rsu-1,c4-rep2-tcp-veh-028-268,ipi-session-1,airspan-followup-c4-rep2,veh-028,268,100-clients,default,stationary,unsynced,true,true,payload_bytes,1024,bytes,IPI-CooperativeService,1099,1786032730137866563,1786032556365758455,1786032556365801311,1786032730337677150,199.811,,0.043,173971.876,"CooperativeService{guidedPlanning, status=request, vehicleId=0x7665682d303238, requestedHorizonMs=2500, confidence=100, planning.waypoints=1, offloadTaskId=probe-268, offloadPayload=1024 bytes}"
5g-sender,1786032730767770557,edge4av-real-20260806-airspan-followup-run-1,c4-rep2-tcp,airspan-followup-70-20-10,guided-planning,tcp,veh-028,veh-028,rsu-1,c4-rep2-tcp-veh-028-269,ipi-session-1,airspan-followup-c4-rep2,veh-028,269,100-clients,default,stationary,unsynced,true,true,payload_bytes,1024,bytes,IPI-CooperativeService,1099,1786032730537827861,1786032556786558115,1786032556786602013,1786032730767770557,229.943,,0.044,173981.169,"CooperativeService{guidedPlanning, status=request, vehicleId=0x7665682d303238, requestedHorizonMs=2500, confidence=100, planning.waypoints=1, offloadTaskId=probe-269, offloadPayload=1024 bytes}"
5g-sender,1786032731189787465,edge4av-real-20260806-airspan-followup-run-1,c4-rep2-tcp,airspan-followup-70-20-10,guided-planning,tcp,veh-028,veh-028,rsu-1,c4-rep2-tcp-veh-028-270,ipi-session-1,airspan-followup-c4-rep2,veh-028,270,100-clients,default,stationary,unsynced,true,true,payload_bytes,1024,bytes,IPI-CooperativeService,1099,1786032730967932675,1786032557217268939,1786032557217323187,1786032731189787465,221.855,,0.054,173972.464,"CooperativeService{guidedPlanning, status=request, vehicleId=0x7665682d303238, requestedHorizonMs=2500, confidence=100, planning.waypoints=1, offloadTaskId=probe-270, offloadPayload=1024 bytes}"
5g-sender,1786032731669770191,edge4av-real-20260806-airspan-followup-run-1,c4-rep2-tcp,airspan-followup-70-20-10,guided-planning,tcp,veh-028,veh-028,rsu-1,c4-rep2-tcp-veh-028-271,ipi-session-1,airspan-followup-c4-rep2,veh-028,271,100-clients,default,stationary,unsynced,true,true,payload_bytes,1024,bytes,IPI-CooperativeService,1099,1786032731389942222,1786032557698380967,1786032557698433772,1786032731669770191,279.828,,0.053,173971.336,"CooperativeService{guidedPlanning, status=request, vehicleId=0x7665682d303238, requestedHorizonMs=2500, confidence=100, planning.waypoints=1, offloadTaskId=probe-271, offloadPayload=1024 bytes}"
5g-sender,1786032732071701192,edge4av-real-20260806-airspan-followup-run-1,c4-rep2-tcp,airspan-followup-70-20-10,guided-planning,tcp,veh-028,veh-028,rsu-1,c4-rep2-tcp-veh-028-272,ipi-session-1,airspan-followup-c4-rep2,veh-028,272,100-clients,default,stationary,unsynced,true,true,payload_bytes,1024,bytes,IPI-CooperativeService,1099,1786032731869962939,1786032558099014007,1786032558099046397,1786032732071701192,201.738,,0.032,173972.655,"CooperativeService{guidedPlanning, status=request, vehicleId=0x7665682d303238, requestedHorizonMs=2500, confidence=100, planning.waypoints=1, offloadTaskId=probe-272, offloadPayload=1024 bytes}"
5g-sender,1786032732466070735,edge4av-real-20260806-airspan-followup-run-1,c4-rep2-tcp,airspan-followup-70-20-10,guided-planning,tcp,veh-028,veh-028,rsu-1,c4-rep2-tcp-veh-028-273,ipi-session-1,airspan-followup-c4-rep2,veh-028,273,100-clients,default,stationary,unsynced,true,true,payload_bytes,1024,bytes,IPI-CooperativeService,1099,1786032732271860316,1786032558459561780,1786032558459613450,1786032732466070735,194.210,,0.052,174006.457,"CooperativeService{guidedPlanning, status=request, vehicleId=0x7665682d303238, requestedHorizonMs=2500, confidence=100, planning.waypoints=1, offloadTaskId=probe-273, offloadPayload=1024 bytes}"
5g-sender,1786032732947955237,edge4av-real-20260806-airspan-followup-run-1,c4-rep2-tcp,airspan-followup-70-20-10,guided-planning,tcp,veh-028,veh-028,rsu-1,c4-rep2-tcp-veh-028-274,ipi-session-1,airspan-followup-c4-rep2,veh-028,274,100-clients,default,stationary,unsynced,true,true,payload_bytes,1024,bytes,IPI-CooperativeService,1099,1786032732667455551,1786032558950365902,1786032558950416215,1786032732947955237,280.500,,0.050,173997.539,"CooperativeService{guidedPlanning, status=request, vehicleId=0x7665682d303238, requestedHorizonMs=2500, confidence=100, planning.waypoints=1, offloadTaskId=probe-274, offloadPayload=1024 bytes}"
5g-sender,1786032733399744621,edge4av-real-20260806-airspan-followup-run-1,c4-rep2-tcp,airspan-followup-70-20-10,guided-planning,tcp,veh-028,veh-028,rsu-1,c4-rep2-tcp-veh-028-275,ipi-session-1,airspan-followup-c4-rep2,veh-028,275,100-clients,default,stationary,unsynced,true,true,payload_bytes,1024,bytes,IPI-CooperativeService,1099,1786032733148117657,1786032559401094016,1786032559401165291,1786032733399744621,251.627,,0.071,173998.579,"CooperativeService{guidedPlanning, status=request, vehicleId=0x7665682d303238, requestedHorizonMs=2500, confidence=100, planning.waypoints=1, offloadTaskId=probe-275, offloadPayload=1024 bytes}"
5g-sender,1786032733847783202,edge4av-real-20260806-airspan-followup-run-1,c4-rep2-tcp,airspan-followup-70-20-10,guided-planning,tcp,veh-028,veh-028,rsu-1,c4-rep2-tcp-veh-028-276,ipi-session-1,airspan-followup-c4-rep2,veh-028,276,100-clients,default,stationary,unsynced,true,true,payload_bytes,1024,bytes,IPI-CooperativeService,1099,1786032733599910947,1786032559852026141,1786032559852074018,1786032733847783202,247.872,,0.048,173995.709,"CooperativeService{guidedPlanning, status=request, vehicleId=0x7665682d303238, requestedHorizonMs=2500, confidence=100, planning.waypoints=1, offloadTaskId=probe-276, offloadPayload=1024 bytes}"
5g-sender,1786032734326129592,edge4av-real-20260806-airspan-followup-run-1,c4-rep2-tcp,airspan-followup-70-20-10,guided-planning,tcp,veh-028,veh-028,rsu-1,c4-rep2-tcp-veh-028-277,ipi-session-1,airspan-followup-c4-rep2,veh-028,277,100-clients,default,stationary,unsynced,true,true,payload_bytes,1024,bytes,IPI-CooperativeService,1099,1786032734047991263,1786032560343025397,1786032560343065100,1786032734326129592,278.138,,0.040,173983.064,"CooperativeService{guidedPlanning, status=request, vehicleId=0x7665682d303238, requestedHorizonMs=2500, confidence=100, planning.waypoints=1, offloadTaskId=probe-277, offloadPayload=1024 bytes}"
5g-sender,1786032734829661716,edge4av-real-20260806-airspan-followup-run-1,c4-rep2-tcp,airspan-followup-70-20-10,guided-planning,tcp,veh-028,veh-028,rsu-1,c4-rep2-tcp-veh-028-278,ipi-session-1,airspan-followup-c4-rep2,veh-028,278,100-clients,default,stationary,unsynced,true,true,payload_bytes,1024,bytes,IPI-CooperativeService,1099,1786032734526314303,1786032560843713546,1786032560843747660,1786032734829661716,303.347,,0.034,173985.914,"CooperativeService{guidedPlanning, status=request, vehicleId=0x7665682d303238, requestedHorizonMs=2500, confidence=100, planning.waypoints=1, offloadTaskId=probe-278, offloadPayload=1024 bytes}"
5g-sender,1786032735335886523,edge4av-real-20260806-airspan-followup-run-1,c4-rep2-tcp,airspan-followup-70-20-10,guided-planning,tcp,veh-028,veh-028,rsu-1,c4-rep2-tcp-veh-028-279,ipi-session-1,airspan-followup-c4-rep2,veh-028,279,100-clients,default,stationary,unsynced,true,true,payload_bytes,1024,bytes,IPI-CooperativeService,1099,1786032735029858420,1786032561354603793,1786032561354673641,1786032735335886523,306.028,,0.070,173981.213,"CooperativeService{guidedPlanning, status=request, vehicleId=0x7665682d303238, requestedHorizonMs=2500, confidence=100, planning.waypoints=1, offloadTaskId=probe-279, offloadPayload=1024 bytes}"
5g-sender,1786032735853682093,edge4av-real-20260806-airspan-followup-run-1,c4-rep2-tcp,airspan-followup-70-20-10,guided-planning,tcp,veh-028,veh-028,rsu-1,c4-rep2-tcp-veh-028-280,ipi-session-1,airspan-followup-c4-rep2,veh-028,280,100-clients,default,stationary,unsynced,true,true,payload_bytes,1024,bytes,IPI-CooperativeService,1099,1786032735536049160,1786032561875626423,1786032561875714408,1786032735853682093,317.633,,0.088,173977.968,"CooperativeService{guidedPlanning, status=request, vehicleId=0x7665682d303238, requestedHorizonMs=2500, confidence=100, planning.waypoints=1, offloadTaskId=probe-280, offloadPayload=1024 bytes}"
5g-sender,1786032736299873585,edge4av-real-20260806-airspan-followup-run-1,c4-rep2-tcp,airspan-followup-70-20-10,guided-planning,tcp,veh-028,veh-028,rsu-1,c4-rep2-tcp-veh-028-281,ipi-session-1,airspan-followup-c4-rep2,veh-028,281,100-clients,default,stationary,unsynced,true,true,payload_bytes,1024,bytes,IPI-CooperativeService,1099,1786032736053849217,1786032562296659021,1786032562296722218,1786032736299873585,246.024,,0.063,174003.151,"CooperativeService{guidedPlanning, status=request, vehicleId=0x7665682d303238, requestedHorizonMs=2500, confidence=100, planning.waypoints=1, offloadTaskId=probe-281, offloadPayload=1024 bytes}"
5g-sender,1786032736745782323,edge4av-real-20260806-airspan-followup-run-1,c4-rep2-tcp,airspan-followup-70-20-10,guided-planning,tcp,veh-028,veh-028,rsu-1,c4-rep2-tcp-veh-028-282,ipi-session-1,airspan-followup-c4-rep2,veh-028,282,100-clients,default,stationary,unsynced,true,true,payload_bytes,1024,bytes,IPI-CooperativeService,1099,1786032736500081925,1786032562757414758,1786032562757469944,1786032736745782323,245.700,,0.055,173988.312,"CooperativeService{guidedPlanning, status=request, vehicleId=0x7665682d303238, requestedHorizonMs=2500, confidence=100, planning.waypoints=1, offloadTaskId=probe-282, offloadPayload=1024 bytes}"
5g-sender,1786032737245855356,edge4av-real-20260806-airspan-followup-run-1,c4-rep2-tcp,airspan-followup-70-20-10,guided-planning,tcp,veh-028,veh-028,rsu-1,c4-rep2-tcp-veh-028-283,ipi-session-1,airspan-followup-c4-rep2,veh-028,283,100-clients,default,stationary,unsynced,true,true,payload_bytes,1024,bytes,IPI-CooperativeService,1099,1786032736945980164,1786032563268489986,1786032563268542174,1786032737245855356,299.875,,0.052,173977.313,"CooperativeService{guidedPlanning, status=request, vehicleId=0x7665682d303238, requestedHorizonMs=2500, confidence=100, planning.waypoints=1, offloadTaskId=probe-283, offloadPayload=1024 bytes}"
5g-sender,1786032737723709057,edge4av-real-20260806-airspan-followup-run-1,c4-rep2-tcp,airspan-followup-70-20-10,guided-planning,tcp,veh-028,veh-028,rsu-1,c4-rep2-tcp-veh-028-284,ipi-session-1,airspan-followup-c4-rep2,veh-028,284,100-clients,default,stationary,unsynced,true,true,payload_bytes,1024,bytes,IPI-CooperativeService,1099,1786032737446049443,1786032563739519025,1786032563739569575,1786032737723709057,277.660,,0.051,173984.139,"CooperativeService{guidedPlanning, status=request, vehicleId=0x7665682d303238, requestedHorizonMs=2500, confidence=100, planning.waypoints=1, offloadTaskId=probe-284, offloadPayload=1024 bytes}"
5g-sender,1786032738255658049,edge4av-real-20260806-airspan-followup-run-1,c4-rep2-tcp,airspan-followup-70-20-10,guided-planning,tcp,veh-028,veh-028,rsu-1,c4-rep2-tcp-veh-028-285,ipi-session-1,airspan-followup-c4-rep2,veh-028,285,100-clients,default,stationary,unsynced,true,true,payload_bytes,1024,bytes,IPI-CooperativeService,1099,1786032737923912375,1786032564270286880,1786032564270302186,1786032738255658049,331.746,,0.015,173985.356,"CooperativeService{guidedPlanning, status=request, vehicleId=0x7665682d303238, requestedHorizonMs=2500, confidence=100, planning.waypoints=1, offloadTaskId=probe-285, offloadPayload=1024 bytes}"
5g-sender,1786032738705741109,edge4av-real-20260806-airspan-followup-run-1,c4-rep2-tcp,airspan-followup-70-20-10,guided-planning,tcp,veh-028,veh-028,rsu-1,c4-rep2-tcp-veh-028-286,ipi-session-1,airspan-followup-c4-rep2,veh-028,286,100-clients,default,stationary,unsynced,true,true,payload_bytes,1024,bytes,IPI-CooperativeService,1099,1786032738455815950,1786032564721252811,1786032564721295404,1786032738705741109,249.925,,0.043,173984.446,"CooperativeService{guidedPlanning, status=request, vehicleId=0x7665682d303238, requestedHorizonMs=2500, confidence=100, planning.waypoints=1, offloadTaskId=probe-286, offloadPayload=1024 bytes}"
5g-sender,1786032739137923732,edge4av-real-20260806-airspan-followup-run-1,c4-rep2-tcp,airspan-followup-70-20-10,guided-planning,tcp,veh-028,veh-028,rsu-1,c4-rep2-tcp-veh-028-287,ipi-session-1,airspan-followup-c4-rep2,veh-028,287,100-clients,default,stationary,unsynced,true,true,payload_bytes,1024,bytes,IPI-CooperativeService,1099,1786032738905907299,1786032565152349015,1786032565152415509,1786032739137923732,232.016,,0.066,173985.508,"CooperativeService{guidedPlanning, status=request, vehicleId=0x7665682d303238, requestedHorizonMs=2500, confidence=100, planning.waypoints=1, offloadTaskId=probe-287, offloadPayload=1024 bytes}"
5g-sender,1786032739609641673,edge4av-real-20260806-airspan-followup-run-1,c4-rep2-tcp,airspan-followup-70-20-10,guided-planning,tcp,veh-028,veh-028,rsu-1,c4-rep2-tcp-veh-028-288,ipi-session-1,airspan-followup-c4-rep2,veh-028,288,100-clients,default,stationary,unsynced,true,true,payload_bytes,1024,bytes,IPI-CooperativeService,1099,1786032739338106183,1786032565623242360,1786032565623294368,1786032739609641673,271.535,,0.052,173986.347,"CooperativeService{guidedPlanning, status=request, vehicleId=0x7665682d303238, requestedHorizonMs=2500, confidence=100, planning.waypoints=1, offloadTaskId=probe-288, offloadPayload=1024 bytes}"
5g-sender,1786032740091752663,edge4av-real-20260806-airspan-followup-run-1,c4-rep2-tcp,airspan-followup-70-20-10,guided-planning,tcp,veh-028,veh-028,rsu-1,c4-rep2-tcp-veh-028-289,ipi-session-1,airspan-followup-c4-rep2,veh-028,289,100-clients,default,stationary,unsynced,true,true,payload_bytes,1024,bytes,IPI-CooperativeService,1099,1786032739809849647,1786032566094061697,1786032566094098934,1786032740091752663,281.903,,0.037,173997.654,"CooperativeService{guidedPlanning, status=request, vehicleId=0x7665682d303238, requestedHorizonMs=2500, confidence=100, planning.waypoints=1, offloadTaskId=probe-289, offloadPayload=1024 bytes}"
5g-sender,1786032740549957138,edge4av-real-20260806-airspan-followup-run-1,c4-rep2-tcp,airspan-followup-70-20-10,guided-planning,tcp,veh-028,veh-028,rsu-1,c4-rep2-tcp-veh-028-290,ipi-session-1,airspan-followup-c4-rep2,veh-028,290,100-clients,default,stationary,unsynced,true,true,payload_bytes,1024,bytes,IPI-CooperativeService,1099,1786032740291938090,1786032566574976081,1786032566574997603,1786032740549957138,258.019,,0.022,173974.960,"CooperativeService{guidedPlanning, status=request, vehicleId=0x7665682d303238, requestedHorizonMs=2500, confidence=100, planning.waypoints=1, offloadTaskId=probe-290, offloadPayload=1024 bytes}"
5g-sender,1786032740959775555,edge4av-real-20260806-airspan-followup-run-1,c4-rep2-tcp,airspan-followup-70-20-10,guided-planning,tcp,veh-028,veh-028,rsu-1,c4-rep2-tcp-veh-028-291,ipi-session-1,airspan-followup-c4-rep2,veh-028,291,100-clients,default,stationary,unsynced,true,true,payload_bytes,1024,bytes,IPI-CooperativeService,1099,1786032740750112879,1786032566986048124,1786032566986098983,1786032740959775555,209.663,,0.051,173973.677,"CooperativeService{guidedPlanning, status=request, vehicleId=0x7665682d303238, requestedHorizonMs=2500, confidence=100, planning.waypoints=1, offloadTaskId=probe-291, offloadPayload=1024 bytes}"
5g-sender,1786032741369695800,edge4av-real-20260806-airspan-followup-run-1,c4-rep2-tcp,airspan-followup-70-20-10,guided-planning,tcp,veh-028,veh-028,rsu-1,c4-rep2-tcp-veh-028-292,ipi-session-1,airspan-followup-c4-rep2,veh-028,292,100-clients,default,stationary,unsynced,true,true,payload_bytes,1024,bytes,IPI-CooperativeService,1099,1786032741159976669,1786032567386971442,1786032567387022779,1786032741369695800,209.719,,0.051,173982.673,"CooperativeService{guidedPlanning, status=request, vehicleId=0x7665682d303238, requestedHorizonMs=2500, confidence=100, planning.waypoints=1, offloadTaskId=probe-292, offloadPayload=1024 bytes}"
5g-sender,1786032741855863413,edge4av-real-20260806-airspan-followup-run-1,c4-rep2-tcp,airspan-followup-70-20-10,guided-planning,tcp,veh-028,veh-028,rsu-1,c4-rep2-tcp-veh-028-293,ipi-session-1,airspan-followup-c4-rep2,veh-028,293,100-clients,default,stationary,unsynced,true,true,payload_bytes,1024,bytes,IPI-CooperativeService,1099,1786032741569857051,1786032567847687498,1786032567847737358,1786032741855863413,286.006,,0.050,174008.126,"CooperativeService{guidedPlanning, status=request, vehicleId=0x7665682d303238, requestedHorizonMs=2500, confidence=100, planning.waypoints=1, offloadTaskId=probe-293, offloadPayload=1024 bytes}"
5g-sender,1786032742253711106,edge4av-real-20260806-airspan-followup-run-1,c4-rep2-tcp,airspan-followup-70-20-10,guided-planning,tcp,veh-028,veh-028,rsu-1,c4-rep2-tcp-veh-028-294,ipi-session-1,airspan-followup-c4-rep2,veh-028,294,100-clients,default,stationary,unsynced,true,true,payload_bytes,1024,bytes,IPI-CooperativeService,1099,1786032742056022193,1786032568258383268,1786032568258396669,1786032742253711106,197.689,,0.013,173995.314,"CooperativeService{guidedPlanning, status=request, vehicleId=0x7665682d303238, requestedHorizonMs=2500, confidence=100, planning.waypoints=1, offloadTaskId=probe-294, offloadPayload=1024 bytes}"
5g-sender,1786032742683789045,edge4av-real-20260806-airspan-followup-run-1,c4-rep2-tcp,airspan-followup-70-20-10,guided-planning,tcp,veh-028,veh-028,rsu-1,c4-rep2-tcp-veh-028-295,ipi-session-1,airspan-followup-c4-rep2,veh-028,295,100-clients,default,stationary,unsynced,true,true,payload_bytes,1024,bytes,IPI-CooperativeService,1099,1786032742453866660,1786032568689766225,1786032568689818736,1786032742683789045,229.922,,0.053,173993.970,"CooperativeService{guidedPlanning, status=request, vehicleId=0x7665682d303238, requestedHorizonMs=2500, confidence=100, planning.waypoints=1, offloadTaskId=probe-295, offloadPayload=1024 bytes}"
5g-sender,1786032743087976550,edge4av-real-20260806-airspan-followup-run-1,c4-rep2-tcp,airspan-followup-70-20-10,guided-planning,tcp,veh-028,veh-028,rsu-1,c4-rep2-tcp-veh-028-296,ipi-session-1,airspan-followup-c4-rep2,veh-028,296,100-clients,default,stationary,unsynced,true,true,payload_bytes,1024,bytes,IPI-CooperativeService,1099,1786032742883958375,1786032569100256740,1786032569100296500,1786032743087976550,204.018,,0.040,173987.680,"CooperativeService{guidedPlanning, status=request, vehicleId=0x7665682d303238, requestedHorizonMs=2500, confidence=100, planning.waypoints=1, offloadTaskId=probe-296, offloadPayload=1024 bytes}"
5g-sender,1786032743559764095,edge4av-real-20260806-airspan-followup-run-1,c4-rep2-tcp,airspan-followup-70-20-10,guided-planning,tcp,veh-028,veh-028,rsu-1,c4-rep2-tcp-veh-028-297,ipi-session-1,airspan-followup-c4-rep2,veh-028,297,100-clients,default,stationary,unsynced,true,true,payload_bytes,1024,bytes,IPI-CooperativeService,1099,1786032743288142010,1786032569561188789,1786032569561240271,1786032743559764095,271.622,,0.051,173998.524,"CooperativeService{guidedPlanning, status=request, vehicleId=0x7665682d303238, requestedHorizonMs=2500, confidence=100, planning.waypoints=1, offloadTaskId=probe-297, offloadPayload=1024 bytes}"
5g-sender,1786032744095651299,edge4av-real-20260806-airspan-followup-run-1,c4-rep2-tcp,airspan-followup-70-20-10,guided-planning,tcp,veh-028,veh-028,rsu-1,c4-rep2-tcp-veh-028-298,ipi-session-1,airspan-followup-c4-rep2,veh-028,298,100-clients,default,stationary,unsynced,true,true,payload_bytes,1024,bytes,IPI-CooperativeService,1099,1786032743760029986,1786032570112487358,1786032570112513384,1786032744095651299,335.621,,0.026,173983.138,"CooperativeService{guidedPlanning, status=request, vehicleId=0x7665682d303238, requestedHorizonMs=2500, confidence=100, planning.waypoints=1, offloadTaskId=probe-298, offloadPayload=1024 bytes}"
5g-sender,1786032744611733831,edge4av-real-20260806-airspan-followup-run-1,c4-rep2-tcp,airspan-followup-70-20-10,guided-planning,tcp,veh-028,veh-028,rsu-1,c4-rep2-tcp-veh-028-299,ipi-session-1,airspan-followup-c4-rep2,veh-028,299,100-clients,default,stationary,unsynced,true,true,payload_bytes,1024,bytes,IPI-CooperativeService,1099,1786032744295825802,1786032570623473573,1786032570623516244,1786032744611733831,315.908,,0.043,173988.218,"CooperativeService{guidedPlanning, status=request, vehicleId=0x7665682d303238, requestedHorizonMs=2500, confidence=100, planning.waypoints=1, offloadTaskId=probe-299, offloadPayload=1024 bytes}"
5g-sender,1786032745042506614,edge4av-real-20260806-airspan-followup-run-1,c4-rep2-tcp,airspan-followup-70-20-10,guided-planning,tcp,veh-028,veh-028,rsu-1,c4-rep2-tcp-veh-028-300,ipi-session-1,airspan-followup-c4-rep2,veh-028,300,100-clients,default,stationary,unsynced,true,true,payload_bytes,1024,bytes,IPI-CooperativeService,1099,1786032744811902175,1786032571044425157,1786032571044475129,1786032745042506614,230.604,,0.050,173998.031,"CooperativeService{guidedPlanning, status=request, vehicleId=0x7665682d303238, requestedHorizonMs=2500, confidence=100, planning.waypoints=1, offloadTaskId=probe-300, offloadPayload=1024 bytes}"
5g-sender,1786032745432035295,edge4av-real-20260806-airspan-followup-run-1,c4-rep2-tcp,airspan-followup-70-20-10,guided-planning,tcp,veh-028,veh-028,rsu-1,c4-rep2-tcp-veh-028-301,ipi-session-1,airspan-followup-c4-rep2,veh-028,301,100-clients,default,stationary,unsynced,true,true,payload_bytes,1024,bytes,IPI-CooperativeService,1099,1786032745242791585,1786032571455034308,1786032571455078779,1786032745432035295,189.244,,0.044,173976.957,"CooperativeService{guidedPlanning, status=request, vehicleId=0x7665682d303238, requestedHorizonMs=2500, confidence=100, planning.waypoints=1, offloadTaskId=probe-301, offloadPayload=1024 bytes}"
5g-sender,1786032745871847923,edge4av-real-20260806-airspan-followup-run-1,c4-rep2-tcp,airspan-followup-70-20-10,guided-planning,tcp,veh-028,veh-028,rsu-1,c4-rep2-tcp-veh-028-302,ipi-session-1,airspan-followup-c4-rep2,veh-028,302,100-clients,default,stationary,unsynced,true,true,payload_bytes,1024,bytes,IPI-CooperativeService,1099,1786032745632222872,1786032571876180851,1786032571876232596,1786032745871847923,239.625,,0.052,173995.615,"CooperativeService{guidedPlanning, status=request, vehicleId=0x7665682d303238, requestedHorizonMs=2500, confidence=100, planning.waypoints=1, offloadTaskId=probe-302, offloadPayload=1024 bytes}"
5g-sender,1786032746345883143,edge4av-real-20260806-airspan-followup-run-1,c4-rep2-tcp,airspan-followup-70-20-10,guided-planning,tcp,veh-028,veh-028,rsu-1,c4-rep2-tcp-veh-028-303,ipi-session-1,airspan-followup-c4-rep2,veh-028,303,100-clients,default,stationary,unsynced,true,true,payload_bytes,1024,bytes,IPI-CooperativeService,1099,1786032746072037620,1786032572366909487,1786032572366940153,1786032746345883143,273.846,,0.031,173978.943,"CooperativeService{guidedPlanning, status=request, vehicleId=0x7665682d303238, requestedHorizonMs=2500, confidence=100, planning.waypoints=1, offloadTaskId=probe-303, offloadPayload=1024 bytes}"
5g-sender,1786032747173834211,edge4av-real-20260806-airspan-followup-run-1,c4-rep2-tcp,airspan-followup-70-20-10,guided-planning,tcp,veh-028,veh-028,rsu-1,c4-rep2-tcp-veh-028-304,ipi-session-1,airspan-followup-c4-rep2,veh-028,304,100-clients,default,stationary,unsynced,true,true,payload_bytes,1024,bytes,IPI-CooperativeService,1099,1786032746546111500,1786032573168518912,1786032573168570212,1786032747173834211,627.723,,0.051,174005.264,"CooperativeService{guidedPlanning, status=request, vehicleId=0x7665682d303238, requestedHorizonMs=2500, confidence=100, planning.waypoints=1, offloadTaskId=probe-304, offloadPayload=1024 bytes}"
5g-sender,1786032747683735263,edge4av-real-20260806-airspan-followup-run-1,c4-rep2-tcp,airspan-followup-70-20-10,guided-planning,tcp,veh-028,veh-028,rsu-1,c4-rep2-tcp-veh-028-305,ipi-session-1,airspan-followup-c4-rep2,veh-028,305,100-clients,default,stationary,unsynced,true,true,payload_bytes,1024,bytes,IPI-CooperativeService,1099,1786032747374023708,1786032573669261650,1786032573669311505,1786032747683735263,309.712,,0.050,174014.424,"CooperativeService{guidedPlanning, status=request, vehicleId=0x7665682d303238, requestedHorizonMs=2500, confidence=100, planning.waypoints=1, offloadTaskId=probe-305, offloadPayload=1024 bytes}"
5g-sender,1786032748251780331,edge4av-real-20260806-airspan-followup-run-1,c4-rep2-tcp,airspan-followup-70-20-10,guided-planning,tcp,veh-028,veh-028,rsu-1,c4-rep2-tcp-veh-028-306,ipi-session-1,airspan-followup-c4-rep2,veh-028,306,100-clients,default,stationary,unsynced,true,true,payload_bytes,1024,bytes,IPI-CooperativeService,1099,1786032747883919463,1786032574260448736,1786032574260531672,1786032748251780331,367.861,,0.083,173991.249,"CooperativeService{guidedPlanning, status=request, vehicleId=0x7665682d303238, requestedHorizonMs=2500, confidence=100, planning.waypoints=1, offloadTaskId=probe-306, offloadPayload=1024 bytes}"
5g-sender,1786032748819767536,edge4av-real-20260806-airspan-followup-run-1,c4-rep2-tcp,airspan-followup-70-20-10,guided-planning,tcp,veh-028,veh-028,rsu-1,c4-rep2-tcp-veh-028-307,ipi-session-1,airspan-followup-c4-rep2,veh-028,307,100-clients,default,stationary,unsynced,true,true,payload_bytes,1024,bytes,IPI-CooperativeService,1099,1786032748451942785,1786032574821378017,1786032574821430040,1786032748819767536,367.825,,0.052,173998.337,"CooperativeService{guidedPlanning, status=request, vehicleId=0x7665682d303238, requestedHorizonMs=2500, confidence=100, planning.waypoints=1, offloadTaskId=probe-307, offloadPayload=1024 bytes}"
5g-sender,1786032749335844882,edge4av-real-20260806-airspan-followup-run-1,c4-rep2-tcp,airspan-followup-70-20-10,guided-planning,tcp,veh-028,veh-028,rsu-1,c4-rep2-tcp-veh-028-308,ipi-session-1,airspan-followup-c4-rep2,veh-028,308,100-clients,default,stationary,unsynced,true,true,payload_bytes,1024,bytes,IPI-CooperativeService,1099,1786032749019930900,1786032575352398052,1786032575352450336,1786032749335844882,315.914,,0.052,173983.395,"CooperativeService{guidedPlanning, status=request, vehicleId=0x7665682d303238, requestedHorizonMs=2500, confidence=100, planning.waypoints=1, offloadTaskId=probe-308, offloadPayload=1024 bytes}"
5g-sender,1786032749810113296,edge4av-real-20260806-airspan-followup-run-1,c4-rep2-tcp,airspan-followup-70-20-10,guided-planning,tcp,veh-028,veh-028,rsu-1,c4-rep2-tcp-veh-028-309,ipi-session-1,airspan-followup-c4-rep2,veh-028,309,100-clients,default,stationary,unsynced,true,true,payload_bytes,1024,bytes,IPI-CooperativeService,1099,1786032749536013335,1786032575823455796,1786032575823499975,1786032749810113296,274.100,,0.044,173986.613,"CooperativeService{guidedPlanning, status=request, vehicleId=0x7665682d303238, requestedHorizonMs=2500, confidence=100, planning.waypoints=1, offloadTaskId=probe-309, offloadPayload=1024 bytes}"
5g-sender,1786032750269886426,edge4av-real-20260806-airspan-followup-run-1,c4-rep2-tcp,airspan-followup-70-20-10,guided-planning,tcp,veh-028,veh-028,rsu-1,c4-rep2-tcp-veh-028-310,ipi-session-1,airspan-followup-c4-rep2,veh-028,310,100-clients,default,stationary,unsynced,true,true,payload_bytes,1024,bytes,IPI-CooperativeService,1099,1786032750010251510,1786032576284178363,1786032576284215551,1786032750269886426,259.635,,0.037,173985.671,"CooperativeService{guidedPlanning, status=request, vehicleId=0x7665682d303238, requestedHorizonMs=2500, confidence=100, planning.waypoints=1, offloadTaskId=probe-310, offloadPayload=1024 bytes}"
5g-sender,1786032750667962868,edge4av-real-20260806-airspan-followup-run-1,c4-rep2-tcp,airspan-followup-70-20-10,guided-planning,tcp,veh-028,veh-028,rsu-1,c4-rep2-tcp-veh-028-311,ipi-session-1,airspan-followup-c4-rep2,veh-028,311,100-clients,default,stationary,unsynced,true,true,payload_bytes,1024,bytes,IPI-CooperativeService,1099,1786032750470143114,1786032576674788761,1786032576674839414,1786032750667962868,197.820,,0.051,173993.123,"CooperativeService{guidedPlanning, status=request, vehicleId=0x7665682d303238, requestedHorizonMs=2500, confidence=100, planning.waypoints=1, offloadTaskId=probe-311, offloadPayload=1024 bytes}"
5g-sender,1786032751052078096,edge4av-real-20260806-airspan-followup-run-1,c4-rep2-tcp,airspan-followup-70-20-10,guided-planning,tcp,veh-028,veh-028,rsu-1,c4-rep2-tcp-veh-028-312,ipi-session-1,airspan-followup-c4-rep2,veh-028,312,100-clients,default,stationary,unsynced,true,true,payload_bytes,1024,bytes,IPI-CooperativeService,1099,1786032750868185532,1786032577075333699,1786032577075375071,1786032751052078096,183.893,,0.041,173976.703,"CooperativeService{guidedPlanning, status=request, vehicleId=0x7665682d303238, requestedHorizonMs=2500, confidence=100, planning.waypoints=1, offloadTaskId=probe-312, offloadPayload=1024 bytes}"
5g-sender,1786032751492017621,edge4av-real-20260806-airspan-followup-run-1,c4-rep2-tcp,airspan-followup-70-20-10,guided-planning,tcp,veh-028,veh-028,rsu-1,c4-rep2-tcp-veh-028-313,ipi-session-1,airspan-followup-c4-rep2,veh-028,313,100-clients,default,stationary,unsynced,true,true,payload_bytes,1024,bytes,IPI-CooperativeService,1099,1786032751252235869,1786032577516070695,1786032577516111725,1786032751492017621,239.782,,0.041,173975.906,"CooperativeService{guidedPlanning, status=request, vehicleId=0x7665682d303238, requestedHorizonMs=2500, confidence=100, planning.waypoints=1, offloadTaskId=probe-313, offloadPayload=1024 bytes}"
5g-sender,1786032751913896762,edge4av-real-20260806-airspan-followup-run-1,c4-rep2-tcp,airspan-followup-70-20-10,guided-planning,tcp,veh-028,veh-028,rsu-1,c4-rep2-tcp-veh-028-314,ipi-session-1,airspan-followup-c4-rep2,veh-028,314,100-clients,default,stationary,unsynced,true,true,payload_bytes,1024,bytes,IPI-CooperativeService,1099,1786032751692175967,1786032577917169352,1786032577917210391,1786032751913896762,221.721,,0.041,173996.686,"CooperativeService{guidedPlanning, status=request, vehicleId=0x7665682d303238, requestedHorizonMs=2500, confidence=100, planning.waypoints=1, offloadTaskId=probe-314, offloadPayload=1024 bytes}"
5g-sender,1786032752296004053,edge4av-real-20260806-airspan-followup-run-1,c4-rep2-tcp,airspan-followup-70-20-10,guided-planning,tcp,veh-028,veh-028,rsu-1,c4-rep2-tcp-veh-028-315,ipi-session-1,airspan-followup-c4-rep2,veh-028,315,100-clients,default,stationary,unsynced,true,true,payload_bytes,1024,bytes,IPI-CooperativeService,1099,1786032752114083062,1786032578308121032,1786032578308176655,1786032752296004053,181.921,,0.056,173987.827,"CooperativeService{guidedPlanning, status=request, vehicleId=0x7665682d303238, requestedHorizonMs=2500, confidence=100, planning.waypoints=1, offloadTaskId=probe-315, offloadPayload=1024 bytes}"
5g-sender,1786032752743912240,edge4av-real-20260806-airspan-followup-run-1,c4-rep2-tcp,airspan-followup-70-20-10,guided-planning,tcp,veh-028,veh-028,rsu-1,c4-rep2-tcp-veh-028-316,ipi-session-1,airspan-followup-c4-rep2,veh-028,316,100-clients,default,stationary,unsynced,true,true,payload_bytes,1024,bytes,IPI-CooperativeService,1099,1786032752496180193,1786032578759460935,1786032578759518235,1786032752743912240,247.732,,0.057,173984.394,"CooperativeService{guidedPlanning, status=request, vehicleId=0x7665682d303238, requestedHorizonMs=2500, confidence=100, planning.waypoints=1, offloadTaskId=probe-316, offloadPayload=1024 bytes}"
5g-sender,1786032753145837929,edge4av-real-20260806-airspan-followup-run-1,c4-rep2-tcp,airspan-followup-70-20-10,guided-planning,tcp,veh-028,veh-028,rsu-1,c4-rep2-tcp-veh-028-317,ipi-session-1,airspan-followup-c4-rep2,veh-028,317,100-clients,default,stationary,unsynced,true,true,payload_bytes,1024,bytes,IPI-CooperativeService,1099,1786032752944109603,1786032579170602314,1786032579170641646,1786032753145837929,201.728,,0.039,173975.196,"CooperativeService{guidedPlanning, status=request, vehicleId=0x7665682d303238, requestedHorizonMs=2500, confidence=100, planning.waypoints=1, offloadTaskId=probe-317, offloadPayload=1024 bytes}"
5g-sender,1786032753609681888,edge4av-real-20260806-airspan-followup-run-1,c4-rep2-tcp,airspan-followup-70-20-10,guided-planning,tcp,veh-028,veh-028,rsu-1,c4-rep2-tcp-veh-028-318,ipi-session-1,airspan-followup-c4-rep2,veh-028,318,100-clients,default,stationary,unsynced,true,true,payload_bytes,1024,bytes,IPI-CooperativeService,1099,1786032753345988604,1786032579611475417,1786032579611541991,1786032753609681888,263.693,,0.067,173998.140,"CooperativeService{guidedPlanning, status=request, vehicleId=0x7665682d303238, requestedHorizonMs=2500, confidence=100, planning.waypoints=1, offloadTaskId=probe-318, offloadPayload=1024 bytes}"
5g-sender,1786032754077948104,edge4av-real-20260806-airspan-followup-run-1,c4-rep2-tcp,airspan-followup-70-20-10,guided-planning,tcp,veh-028,veh-028,rsu-1,c4-rep2-tcp-veh-028-319,ipi-session-1,airspan-followup-c4-rep2,veh-028,319,100-clients,default,stationary,unsynced,true,true,payload_bytes,1024,bytes,IPI-CooperativeService,1099,1786032753809842314,1786032580092885835,1786032580092900874,1786032754077948104,268.106,,0.015,173985.047,"CooperativeService{guidedPlanning, status=request, vehicleId=0x7665682d303238, requestedHorizonMs=2500, confidence=100, planning.waypoints=1, offloadTaskId=probe-319, offloadPayload=1024 bytes}"
5g-sender,1786032754577898587,edge4av-real-20260806-airspan-followup-run-1,c4-rep2-tcp,airspan-followup-70-20-10,guided-planning,tcp,veh-028,veh-028,rsu-1,c4-rep2-tcp-veh-028-320,ipi-session-1,airspan-followup-c4-rep2,veh-028,320,100-clients,default,stationary,unsynced,true,true,payload_bytes,1024,bytes,IPI-CooperativeService,1099,1786032754278116650,1786032580564322941,1786032580564374643,1786032754577898587,299.782,,0.052,174013.524,"CooperativeService{guidedPlanning, status=request, vehicleId=0x7665682d303238, requestedHorizonMs=2500, confidence=100, planning.waypoints=1, offloadTaskId=probe-320, offloadPayload=1024 bytes}"
5g-sender,1786032755031927110,edge4av-real-20260806-airspan-followup-run-1,c4-rep2-tcp,airspan-followup-70-20-10,guided-planning,tcp,veh-028,veh-028,rsu-1,c4-rep2-tcp-veh-028-321,ipi-session-1,airspan-followup-c4-rep2,veh-028,321,100-clients,default,stationary,unsynced,true,true,payload_bytes,1024,bytes,IPI-CooperativeService,1099,1786032754778087528,1786032581015410918,1786032581015462407,1786032755031927110,253.840,,0.051,174016.465,"CooperativeService{guidedPlanning, status=request, vehicleId=0x7665682d303238, requestedHorizonMs=2500, confidence=100, planning.waypoints=1, offloadTaskId=probe-321, offloadPayload=1024 bytes}"
5g-sender,1786032755520063391,edge4av-real-20260806-airspan-followup-run-1,c4-rep2-tcp,airspan-followup-70-20-10,guided-planning,tcp,veh-028,veh-028,rsu-1,c4-rep2-tcp-veh-028-322,ipi-session-1,airspan-followup-c4-rep2,veh-028,322,100-clients,default,stationary,unsynced,true,true,payload_bytes,1024,bytes,IPI-CooperativeService,1099,1786032755232111257,1786032581536738236,1786032581536795027,1786032755520063391,287.952,,0.057,173983.268,"CooperativeService{guidedPlanning, status=request, vehicleId=0x7665682d303238, requestedHorizonMs=2500, confidence=100, planning.waypoints=1, offloadTaskId=probe-322, offloadPayload=1024 bytes}"
5g-sender,1786032755996932538,edge4av-real-20260806-airspan-followup-run-1,c4-rep2-tcp,airspan-followup-70-20-10,guided-planning,tcp,veh-028,veh-028,rsu-1,c4-rep2-tcp-veh-028-323,ipi-session-1,airspan-followup-c4-rep2,veh-028,323,100-clients,default,stationary,unsynced,true,true,payload_bytes,1024,bytes,IPI-CooperativeService,1099,1786032755720244534,1786032581968133487,1786032581968154249,1786032755996932538,276.688,,0.021,174028.778,"CooperativeService{guidedPlanning, status=request, vehicleId=0x7665682d303238, requestedHorizonMs=2500, confidence=100, planning.waypoints=1, offloadTaskId=probe-323, offloadPayload=1024 bytes}"
5g-sender,1786032756421806605,edge4av-real-20260806-airspan-followup-run-1,c4-rep2-tcp,airspan-followup-70-20-10,guided-planning,tcp,veh-028,veh-028,rsu-1,c4-rep2-tcp-veh-028-324,ipi-session-1,airspan-followup-c4-rep2,veh-028,324,100-clients,default,stationary,unsynced,true,true,payload_bytes,1024,bytes,IPI-CooperativeService,1099,1786032756197170072,1786032582429510619,1786032582429565172,1786032756421806605,224.637,,0.055,173992.241,"CooperativeService{guidedPlanning, status=request, vehicleId=0x7665682d303238, requestedHorizonMs=2500, confidence=100, planning.waypoints=1, offloadTaskId=probe-324, offloadPayload=1024 bytes}"
5g-sender,1786032756863792880,edge4av-real-20260806-airspan-followup-run-1,c4-rep2-tcp,airspan-followup-70-20-10,guided-planning,tcp,veh-028,veh-028,rsu-1,c4-rep2-tcp-veh-028-325,ipi-session-1,airspan-followup-c4-rep2,veh-028,325,100-clients,default,stationary,unsynced,true,true,payload_bytes,1024,bytes,IPI-CooperativeService,1099,1786032756622046989,1786032582880525433,1786032582880584939,1786032756863792880,241.746,,0.060,173983.208,"CooperativeService{guidedPlanning, status=request, vehicleId=0x7665682d303238, requestedHorizonMs=2500, confidence=100, planning.waypoints=1, offloadTaskId=probe-325, offloadPayload=1024 bytes}"
5g-sender,1786032757297915124,edge4av-real-20260806-airspan-followup-run-1,c4-rep2-tcp,airspan-followup-70-20-10,guided-planning,tcp,veh-028,veh-028,rsu-1,c4-rep2-tcp-veh-028-326,ipi-session-1,airspan-followup-c4-rep2,veh-028,326,100-clients,default,stationary,unsynced,true,true,payload_bytes,1024,bytes,IPI-CooperativeService,1099,1786032757063995253,1786032583321671554,1786032583321712642,1786032757297915124,233.920,,0.041,173976.202,"CooperativeService{guidedPlanning, status=request, vehicleId=0x7665682d303238, requestedHorizonMs=2500, confidence=100, planning.waypoints=1, offloadTaskId=probe-326, offloadPayload=1024 bytes}"
5g-sender,1786032757859759741,edge4av-real-20260806-airspan-followup-run-1,c4-rep2-tcp,airspan-followup-70-20-10,guided-planning,tcp,veh-028,veh-028,rsu-1,c4-rep2-tcp-veh-028-327,ipi-session-1,airspan-followup-c4-rep2,veh-028,327,100-clients,default,stationary,unsynced,true,true,payload_bytes,1024,bytes,IPI-CooperativeService,1099,1786032757498125541,1786032583833250838,1786032583833281167,1786032757859759741,361.634,,0.030,174026.479,"CooperativeService{guidedPlanning, status=request, vehicleId=0x7665682d303238, requestedHorizonMs=2500, confidence=100, planning.waypoints=1, offloadTaskId=probe-327, offloadPayload=1024 bytes}"
5g-sender,1786032758389966161,edge4av-real-20260806-airspan-followup-run-1,c4-rep2-tcp,airspan-followup-70-20-10,guided-planning,tcp,veh-028,veh-028,rsu-1,c4-rep2-tcp-veh-028-328,ipi-session-1,airspan-followup-c4-rep2,veh-028,328,100-clients,default,stationary,unsynced,true,true,payload_bytes,1024,bytes,IPI-CooperativeService,1099,1786032758059930228,1786032584384394648,1786032584384464978,1786032758389966161,330.036,,0.070,174005.501,"CooperativeService{guidedPlanning, status=request, vehicleId=0x7665682d303238, requestedHorizonMs=2500, confidence=100, planning.waypoints=1, offloadTaskId=probe-328, offloadPayload=1024 bytes}"
5g-sender,1786032758868042086,edge4av-real-20260806-airspan-followup-run-1,c4-rep2-tcp,airspan-followup-70-20-10,guided-planning,tcp,veh-028,veh-028,rsu-1,c4-rep2-tcp-veh-028-329,ipi-session-1,airspan-followup-c4-rep2,veh-028,329,100-clients,default,stationary,unsynced,true,true,payload_bytes,1024,bytes,IPI-CooperativeService,1099,1786032758590120964,1786032584875367081,1786032584875408380,1786032758868042086,277.921,,0.041,173992.634,"CooperativeService{guidedPlanning, status=request, vehicleId=0x7665682d303238, requestedHorizonMs=2500, confidence=100, planning.waypoints=1, offloadTaskId=probe-329, offloadPayload=1024 bytes}"
5g-sender,1786032759291828429,edge4av-real-20260806-airspan-followup-run-1,c4-rep2-tcp,airspan-followup-70-20-10,guided-planning,tcp,veh-028,veh-028,rsu-1,c4-rep2-tcp-veh-028-330,ipi-session-1,airspan-followup-c4-rep2,veh-028,330,100-clients,default,stationary,unsynced,true,true,payload_bytes,1024,bytes,IPI-CooperativeService,1099,1786032759068229183,1786032585296109935,1786032585296153062,1786032759291828429,223.599,,0.043,173995.675,"CooperativeService{guidedPlanning, status=request, vehicleId=0x7665682d303238, requestedHorizonMs=2500, confidence=100, planning.waypoints=1, offloadTaskId=probe-330, offloadPayload=1024 bytes}"
5g-sender,1786032759681805163,edge4av-real-20260806-airspan-followup-run-1,c4-rep2-tcp,airspan-followup-70-20-10,guided-planning,tcp,veh-028,veh-028,rsu-1,c4-rep2-tcp-veh-028-331,ipi-session-1,airspan-followup-c4-rep2,veh-028,331,100-clients,default,stationary,unsynced,true,true,payload_bytes,1024,bytes,IPI-CooperativeService,1099,1786032759491986782,1786032585696395034,1786032585696448534,1786032759681805163,189.818,,0.053,173985.357,"CooperativeService{guidedPlanning, status=request, vehicleId=0x7665682d303238, requestedHorizonMs=2500, confidence=100, planning.waypoints=1, offloadTaskId=probe-331, offloadPayload=1024 bytes}"
5g-sender,1786032760094028116,edge4av-real-20260806-airspan-followup-run-1,c4-rep2-tcp,airspan-followup-70-20-10,guided-planning,tcp,veh-028,veh-028,rsu-1,c4-rep2-tcp-veh-028-332,ipi-session-1,airspan-followup-c4-rep2,veh-028,332,100-clients,default,stationary,unsynced,true,true,payload_bytes,1024,bytes,IPI-CooperativeService,1099,1786032759881958336,1786032586097015846,1786032586097039719,1786032760094028116,212.070,,0.024,173996.988,"CooperativeService{guidedPlanning, status=request, vehicleId=0x7665682d303238, requestedHorizonMs=2500, confidence=100, planning.waypoints=1, offloadTaskId=probe-332, offloadPayload=1024 bytes}"
5g-sender,1786032760551973760,edge4av-real-20260806-airspan-followup-run-1,c4-rep2-tcp,airspan-followup-70-20-10,guided-planning,tcp,veh-028,veh-028,rsu-1,c4-rep2-tcp-veh-028-333,ipi-session-1,airspan-followup-c4-rep2,veh-028,333,100-clients,default,stationary,unsynced,true,true,payload_bytes,1024,bytes,IPI-CooperativeService,1099,1786032760294530025,1786032586548135929,1786032586548179363,1786032760551973760,257.444,,0.043,174003.794,"CooperativeService{guidedPlanning, status=request, vehicleId=0x7665682d303238, requestedHorizonMs=2500, confidence=100, planning.waypoints=1, offloadTaskId=probe-333, offloadPayload=1024 bytes}"
5g-sender,1786032760961950297,edge4av-real-20260806-airspan-followup-run-1,c4-rep2-tcp,airspan-followup-70-20-10,guided-planning,tcp,veh-028,veh-028,rsu-1,c4-rep2-tcp-veh-028-334,ipi-session-1,airspan-followup-c4-rep2,veh-028,334,100-clients,default,stationary,unsynced,true,true,payload_bytes,1024,bytes,IPI-CooperativeService,1099,1786032760752138980,1786032586938765425,1786032586938808355,1786032760961950297,209.811,,0.043,174023.142,"CooperativeService{guidedPlanning, status=request, vehicleId=0x7665682d303238, requestedHorizonMs=2500, confidence=100, planning.waypoints=1, offloadTaskId=probe-334, offloadPayload=1024 bytes}"
5g-sender,1786032761407735762,edge4av-real-20260806-airspan-followup-run-1,c4-rep2-tcp,airspan-followup-70-20-10,guided-planning,tcp,veh-028,veh-028,rsu-1,c4-rep2-tcp-veh-028-335,ipi-session-1,airspan-followup-c4-rep2,veh-028,335,100-clients,default,stationary,unsynced,true,true,payload_bytes,1024,bytes,IPI-CooperativeService,1099,1786032761162122793,1786032587419889609,1786032587419944170,1786032761407735762,245.613,,0.055,173987.792,"CooperativeService{guidedPlanning, status=request, vehicleId=0x7665682d303238, requestedHorizonMs=2500, confidence=100, planning.waypoints=1, offloadTaskId=probe-335, offloadPayload=1024 bytes}"
5g-sender,1786032761914007427,edge4av-real-20260806-airspan-followup-run-1,c4-rep2-tcp,airspan-followup-70-20-10,guided-planning,tcp,veh-028,veh-028,rsu-1,c4-rep2-tcp-veh-028-336,ipi-session-1,airspan-followup-c4-rep2,veh-028,336,100-clients,default,stationary,unsynced,true,true,payload_bytes,1024,bytes,IPI-CooperativeService,1099,1786032761607954298,1786032587930205219,1786032587930219425,1786032761914007427,306.053,,0.014,173983.788,"CooperativeService{guidedPlanning, status=request, vehicleId=0x7665682d303238, requestedHorizonMs=2500, confidence=100, planning.waypoints=1, offloadTaskId=probe-336, offloadPayload=1024 bytes}"
5g-sender,1786032762298063793,edge4av-real-20260806-airspan-followup-run-1,c4-rep2-tcp,airspan-followup-70-20-10,guided-planning,tcp,veh-028,veh-028,rsu-1,c4-rep2-tcp-veh-028-337,ipi-session-1,airspan-followup-c4-rep2,veh-028,337,100-clients,default,stationary,unsynced,true,true,payload_bytes,1024,bytes,IPI-CooperativeService,1099,1786032762114249604,1786032588301343297,1786032588301396235,1786032762298063793,183.814,,0.053,173996.668,"CooperativeService{guidedPlanning, status=request, vehicleId=0x7665682d303238, requestedHorizonMs=2500, confidence=100, planning.waypoints=1, offloadTaskId=probe-337, offloadPayload=1024 bytes}"
5g-sender,1786032762763849151,edge4av-real-20260806-airspan-followup-run-1,c4-rep2-tcp,airspan-followup-70-20-10,guided-planning,tcp,veh-028,veh-028,rsu-1,c4-rep2-tcp-veh-028-338,ipi-session-1,airspan-followup-c4-rep2,veh-028,338,100-clients,default,stationary,unsynced,true,true,payload_bytes,1024,bytes,IPI-CooperativeService,1099,1786032762498259176,1786032588761918501,1786032588761934745,1786032762763849151,265.590,,0.016,174001.914,"CooperativeService{guidedPlanning, status=request, vehicleId=0x7665682d303238, requestedHorizonMs=2500, confidence=100, planning.waypoints=1, offloadTaskId=probe-338, offloadPayload=1024 bytes}"
5g-sender,1786032763183962604,edge4av-real-20260806-airspan-followup-run-1,c4-rep2-tcp,airspan-followup-70-20-10,guided-planning,tcp,veh-028,veh-028,rsu-1,c4-rep2-tcp-veh-028-339,ipi-session-1,airspan-followup-c4-rep2,veh-028,339,100-clients,default,stationary,unsynced,true,true,payload_bytes,1024,bytes,IPI-CooperativeService,1099,1786032762964066588,1786032589192654671,1786032589192708418,1786032763183962604,219.896,,0.054,173991.254,"CooperativeService{guidedPlanning, status=request, vehicleId=0x7665682d303238, requestedHorizonMs=2500, confidence=100, planning.waypoints=1, offloadTaskId=probe-339, offloadPayload=1024 bytes}"
5g-sender,1786032763587985672,edge4av-real-20260806-airspan-followup-run-1,c4-rep2-tcp,airspan-followup-70-20-10,guided-planning,tcp,veh-028,veh-028,rsu-1,c4-rep2-tcp-veh-028-340,ipi-session-1,airspan-followup-c4-rep2,veh-028,340,100-clients,default,stationary,unsynced,true,true,payload_bytes,1024,bytes,IPI-CooperativeService,1099,1786032763384147627,1786032589603562217,1786032589603614227,1786032763587985672,203.838,,0.052,173984.371,"CooperativeService{guidedPlanning, status=request, vehicleId=0x7665682d303238, requestedHorizonMs=2500, confidence=100, planning.waypoints=1, offloadTaskId=probe-340, offloadPayload=1024 bytes}"
5g-sender,1786032764091898491,edge4av-real-20260806-airspan-followup-run-1,c4-rep2-tcp,airspan-followup-70-20-10,guided-planning,tcp,veh-028,veh-028,rsu-1,c4-rep2-tcp-veh-028-341,ipi-session-1,airspan-followup-c4-rep2,veh-028,341,100-clients,default,stationary,unsynced,true,true,payload_bytes,1024,bytes,IPI-CooperativeService,1099,1786032763788144139,1786032590114338935,1786032590114361339,1786032764091898491,303.754,,0.022,173977.537,"CooperativeService{guidedPlanning, status=request, vehicleId=0x7665682d303238, requestedHorizonMs=2500, confidence=100, planning.waypoints=1, offloadTaskId=probe-341, offloadPayload=1024 bytes}"
5g-sender,1786032764607922901,edge4av-real-20260806-airspan-followup-run-1,c4-rep2-tcp,airspan-followup-70-20-10,guided-planning,tcp,veh-028,veh-028,rsu-1,c4-rep2-tcp-veh-028-342,ipi-session-1,airspan-followup-c4-rep2,veh-028,342,100-clients,default,stationary,unsynced,true,true,payload_bytes,1024,bytes,IPI-CooperativeService,1099,1786032764292086407,1786032590605245706,1786032590605297450,1786032764607922901,315.836,,0.052,174002.625,"CooperativeService{guidedPlanning, status=request, vehicleId=0x7665682d303238, requestedHorizonMs=2500, confidence=100, planning.waypoints=1, offloadTaskId=probe-342, offloadPayload=1024 bytes}"
5g-sender,1786032764999841217,edge4av-real-20260806-airspan-followup-run-1,c4-rep2-tcp,airspan-followup-70-20-10,guided-planning,tcp,veh-028,veh-028,rsu-1,c4-rep2-tcp-veh-028-343,ipi-session-1,airspan-followup-c4-rep2,veh-028,343,100-clients,default,stationary,unsynced,true,true,payload_bytes,1024,bytes,IPI-CooperativeService,1099,1786032764808162548,1786032591026002756,1786032591026021516,1786032764999841217,191.679,,0.019,173973.820,"CooperativeService{guidedPlanning, status=request, vehicleId=0x7665682d303238, requestedHorizonMs=2500, confidence=100, planning.waypoints=1, offloadTaskId=probe-343, offloadPayload=1024 bytes}"
5g-sender,1786032765390300926,edge4av-real-20260806-airspan-followup-run-1,c4-rep2-tcp,airspan-followup-70-20-10,guided-planning,tcp,veh-028,veh-028,rsu-1,c4-rep2-tcp-veh-028-344,ipi-session-1,airspan-followup-c4-rep2,veh-028,344,100-clients,default,stationary,unsynced,true,true,payload_bytes,1024,bytes,IPI-CooperativeService,1099,1786032765200039796,1786032591396857570,1786032591396924596,1786032765390300926,190.261,,0.067,173993.376,"CooperativeService{guidedPlanning, status=request, vehicleId=0x7665682d303238, requestedHorizonMs=2500, confidence=100, planning.waypoints=1, offloadTaskId=probe-344, offloadPayload=1024 bytes}"
5g-sender,1786032765836041704,edge4av-real-20260806-airspan-followup-run-1,c4-rep2-tcp,airspan-followup-70-20-10,guided-planning,tcp,veh-028,veh-028,rsu-1,c4-rep2-tcp-veh-028-345,ipi-session-1,airspan-followup-c4-rep2,veh-028,345,100-clients,default,stationary,unsynced,true,true,payload_bytes,1024,bytes,IPI-CooperativeService,1099,1786032765590487277,1786032591837360558,1786032591837399000,1786032765836041704,245.554,,0.038,173998.643,"CooperativeService{guidedPlanning, status=request, vehicleId=0x7665682d303238, requestedHorizonMs=2500, confidence=100, planning.waypoints=1, offloadTaskId=probe-345, offloadPayload=1024 bytes}"
5g-sender,1786032766282082834,edge4av-real-20260806-airspan-followup-run-1,c4-rep2-tcp,airspan-followup-70-20-10,guided-planning,tcp,veh-028,veh-028,rsu-1,c4-rep2-tcp-veh-028-346,ipi-session-1,airspan-followup-c4-rep2,veh-028,346,100-clients,default,stationary,unsynced,true,true,payload_bytes,1024,bytes,IPI-CooperativeService,1099,1786032766036257517,1786032592298680415,1786032592298722329,1786032766282082834,245.825,,0.042,173983.361,"CooperativeService{guidedPlanning, status=request, vehicleId=0x7665682d303238, requestedHorizonMs=2500, confidence=100, planning.waypoints=1, offloadTaskId=probe-346, offloadPayload=1024 bytes}"
5g-sender,1786032767055938742,edge4av-real-20260806-airspan-followup-run-1,c4-rep2-tcp,airspan-followup-70-20-10,guided-planning,tcp,veh-028,veh-028,rsu-1,c4-rep2-tcp-veh-028-347,ipi-session-1,airspan-followup-c4-rep2,veh-028,347,100-clients,default,stationary,unsynced,true,true,payload_bytes,1024,bytes,IPI-CooperativeService,1099,1786032766482244067,1786032593079728633,1786032593079770816,1786032767055938742,573.695,,0.042,173976.168,"CooperativeService{guidedPlanning, status=request, vehicleId=0x7665682d303238, requestedHorizonMs=2500, confidence=100, planning.waypoints=1, offloadTaskId=probe-347, offloadPayload=1024 bytes}"
5g-sender,1786032767541845020,edge4av-real-20260806-airspan-followup-run-1,c4-rep2-tcp,airspan-followup-70-20-10,guided-planning,tcp,veh-028,veh-028,rsu-1,c4-rep2-tcp-veh-028-348,ipi-session-1,airspan-followup-c4-rep2,veh-028,348,100-clients,default,stationary,unsynced,true,true,payload_bytes,1024,bytes,IPI-CooperativeService,1099,1786032767256098595,1786032593540225759,1786032593540278404,1786032767541845020,285.746,,0.053,174001.567,"CooperativeService{guidedPlanning, status=request, vehicleId=0x7665682d303238, requestedHorizonMs=2500, confidence=100, planning.waypoints=1, offloadTaskId=probe-348, offloadPayload=1024 bytes}"
5g-sender,1786032768037916994,edge4av-real-20260806-airspan-followup-run-1,c4-rep2-tcp,airspan-followup-70-20-10,guided-planning,tcp,veh-028,veh-028,rsu-1,c4-rep2-tcp-veh-028-349,ipi-session-1,airspan-followup-c4-rep2,veh-028,349,100-clients,default,stationary,unsynced,true,true,payload_bytes,1024,bytes,IPI-CooperativeService,1099,1786032767742010036,1786032594040900918,1786032594040966839,1786032768037916994,295.907,,0.066,173996.950,"CooperativeService{guidedPlanning, status=request, vehicleId=0x7665682d303238, requestedHorizonMs=2500, confidence=100, planning.waypoints=1, offloadTaskId=probe-349, offloadPayload=1024 bytes}"
5g-sender,1786032768575992357,edge4av-real-20260806-airspan-followup-run-1,c4-rep2-tcp,airspan-followup-70-20-10,guided-planning,tcp,veh-028,veh-028,rsu-1,c4-rep2-tcp-veh-028-350,ipi-session-1,airspan-followup-c4-rep2,veh-028,350,100-clients,default,stationary,unsynced,true,true,payload_bytes,1024,bytes,IPI-CooperativeService,1099,1786032768238137574,1786032594592084646,1786032594592125459,1786032768575992357,337.855,,0.041,173983.867,"CooperativeService{guidedPlanning, status=request, vehicleId=0x7665682d303238, requestedHorizonMs=2500, confidence=100, planning.waypoints=1, offloadTaskId=probe-350, offloadPayload=1024 bytes}"
5g-sender,1786032768984025828,edge4av-real-20260806-airspan-followup-run-1,c4-rep2-tcp,airspan-followup-70-20-10,guided-planning,tcp,veh-028,veh-028,rsu-1,c4-rep2-tcp-veh-028-351,ipi-session-1,airspan-followup-c4-rep2,veh-028,351,100-clients,default,stationary,unsynced,true,true,payload_bytes,1024,bytes,IPI-CooperativeService,1099,1786032768776150990,1786032594982713977,1786032594982745148,1786032768984025828,207.875,,0.031,174001.281,"CooperativeService{guidedPlanning, status=request, vehicleId=0x7665682d303238, requestedHorizonMs=2500, confidence=100, planning.waypoints=1, offloadTaskId=probe-351, offloadPayload=1024 bytes}"
5g-sender,1786032769385370610,edge4av-real-20260806-airspan-followup-run-1,c4-rep2-tcp,airspan-followup-70-20-10,guided-planning,tcp,veh-028,veh-028,rsu-1,c4-rep2-tcp-veh-028-352,ipi-session-1,airspan-followup-c4-rep2,veh-028,352,100-clients,default,stationary,unsynced,true,true,payload_bytes,1024,bytes,IPI-CooperativeService,1099,1786032769184186844,1786032595403341794,1786032595403385095,1786032769385370610,201.184,,0.043,173981.986,"CooperativeService{guidedPlanning, status=request, vehicleId=0x7665682d303238, requestedHorizonMs=2500, confidence=100, planning.waypoints=1, offloadTaskId=probe-352, offloadPayload=1024 bytes}"
5g-sender,1786032769801848600,edge4av-real-20260806-airspan-followup-run-1,c4-rep2-tcp,airspan-followup-70-20-10,guided-planning,tcp,veh-028,veh-028,rsu-1,c4-rep2-tcp-veh-028-353,ipi-session-1,airspan-followup-c4-rep2,veh-028,353,100-clients,default,stationary,unsynced,true,true,payload_bytes,1024,bytes,IPI-CooperativeService,1099,1786032769585538282,1786032595814043800,1786032595814100131,1786032769801848600,216.310,,0.056,173987.748,"CooperativeService{guidedPlanning, status=request, vehicleId=0x7665682d303238, requestedHorizonMs=2500, confidence=100, planning.waypoints=1, offloadTaskId=probe-353, offloadPayload=1024 bytes}"
5g-sender,1786032770251882196,edge4av-real-20260806-airspan-followup-run-1,c4-rep2-tcp,airspan-followup-70-20-10,guided-planning,tcp,veh-028,veh-028,rsu-1,c4-rep2-tcp-veh-028-354,ipi-session-1,airspan-followup-c4-rep2,veh-028,354,100-clients,default,stationary,unsynced,true,true,payload_bytes,1024,bytes,IPI-CooperativeService,1099,1786032770002002123,1786032596265013720,1786032596265045453,1786032770251882196,249.880,,0.032,173986.837,"CooperativeService{guidedPlanning, status=request, vehicleId=0x7665682d303238, requestedHorizonMs=2500, confidence=100, planning.waypoints=1, offloadTaskId=probe-354, offloadPayload=1024 bytes}"
5g-sender,1786032770663940933,edge4av-real-20260806-airspan-followup-run-1,c4-rep2-tcp,airspan-followup-70-20-10,guided-planning,tcp,veh-028,veh-028,rsu-1,c4-rep2-tcp-veh-028-355,ipi-session-1,airspan-followup-c4-rep2,veh-028,355,100-clients,default,stationary,unsynced,true,true,payload_bytes,1024,bytes,IPI-CooperativeService,1099,1786032770452050638,1786032596685411517,1786032596685442396,1786032770663940933,211.890,,0.031,173978.499,"CooperativeService{guidedPlanning, status=request, vehicleId=0x7665682d303238, requestedHorizonMs=2500, confidence=100, planning.waypoints=1, offloadTaskId=probe-355, offloadPayload=1024 bytes}"
5g-sender,1786032771017939084,edge4av-real-20260806-airspan-followup-run-1,c4-rep2-tcp,airspan-followup-70-20-10,guided-planning,tcp,veh-028,veh-028,rsu-1,c4-rep2-tcp-veh-028-356,ipi-session-1,airspan-followup-c4-rep2,veh-028,356,100-clients,default,stationary,unsynced,true,true,payload_bytes,1024,bytes,IPI-CooperativeService,1099,1786032770864140643,1786032597035999712,1786032597036052692,1786032771017939084,153.798,,0.053,173981.886,"CooperativeService{guidedPlanning, status=request, vehicleId=0x7665682d303238, requestedHorizonMs=2500, confidence=100, planning.waypoints=1, offloadTaskId=probe-356, offloadPayload=1024 bytes}"
5g-sender,1786032771498017831,edge4av-real-20260806-airspan-followup-run-1,c4-rep2-tcp,airspan-followup-70-20-10,guided-planning,tcp,veh-028,veh-028,rsu-1,c4-rep2-tcp-veh-028-357,ipi-session-1,airspan-followup-c4-rep2,veh-028,357,100-clients,default,stationary,unsynced,true,true,payload_bytes,1024,bytes,IPI-CooperativeService,1099,1786032771218142845,1786032597496881031,1786032597496922976,1786032771498017831,279.875,,0.042,174001.095,"CooperativeService{guidedPlanning, status=request, vehicleId=0x7665682d303238, requestedHorizonMs=2500, confidence=100, planning.waypoints=1, offloadTaskId=probe-357, offloadPayload=1024 bytes}"
5g-sender,1786032771941916686,edge4av-real-20260806-airspan-followup-run-1,c4-rep2-tcp,airspan-followup-70-20-10,guided-planning,tcp,veh-028,veh-028,rsu-1,c4-rep2-tcp-veh-028-358,ipi-session-1,airspan-followup-c4-rep2,veh-028,358,100-clients,default,stationary,unsynced,true,true,payload_bytes,1024,bytes,IPI-CooperativeService,1099,1786032771698204224,1786032597957327075,1786032597957373670,1786032771941916686,243.712,,0.047,173984.543,"CooperativeService{guidedPlanning, status=request, vehicleId=0x7665682d303238, requestedHorizonMs=2500, confidence=100, planning.waypoints=1, offloadTaskId=probe-358, offloadPayload=1024 bytes}"
5g-sender,1786032772386001934,edge4av-real-20260806-airspan-followup-run-1,c4-rep2-tcp,airspan-followup-70-20-10,guided-planning,tcp,veh-028,veh-028,rsu-1,c4-rep2-tcp-veh-028-359,ipi-session-1,airspan-followup-c4-rep2,veh-028,359,100-clients,default,stationary,unsynced,true,true,payload_bytes,1024,bytes,IPI-CooperativeService,1099,1786032772142087376,1786032598397977451,1786032598398006210,1786032772386001934,243.915,,0.029,173987.996,"CooperativeService{guidedPlanning, status=request, vehicleId=0x7665682d303238, requestedHorizonMs=2500, confidence=100, planning.waypoints=1, offloadTaskId=probe-359, offloadPayload=1024 bytes}"
5g-sender,1786032772822028152,edge4av-real-20260806-airspan-followup-run-1,c4-rep2-tcp,airspan-followup-70-20-10,guided-planning,tcp,veh-028,veh-028,rsu-1,c4-rep2-tcp-veh-028-360,ipi-session-1,airspan-followup-c4-rep2,veh-028,360,100-clients,default,stationary,unsynced,true,true,payload_bytes,1024,bytes,IPI-CooperativeService,1099,1786032772586224297,1786032598838949829,1786032598839000822,1786032772822028152,235.804,,0.051,173983.027,"CooperativeService{guidedPlanning, status=request, vehicleId=0x7665682d303238, requestedHorizonMs=2500, confidence=100, planning.waypoints=1, offloadTaskId=probe-360, offloadPayload=1024 bytes}"
5g-sender,1786032773311827274,edge4av-real-20260806-airspan-followup-run-1,c4-rep2-tcp,airspan-followup-70-20-10,guided-planning,tcp,veh-028,veh-028,rsu-1,c4-rep2-tcp-veh-028-361,ipi-session-1,airspan-followup-c4-rep2,veh-028,361,100-clients,default,stationary,unsynced,true,true,payload_bytes,1024,bytes,IPI-CooperativeService,1099,1786032773022199468,1786032599329806578,1786032599329847801,1786032773311827274,289.628,,0.041,173981.979,"CooperativeService{guidedPlanning, status=request, vehicleId=0x7665682d303238, requestedHorizonMs=2500, confidence=100, planning.waypoints=1, offloadTaskId=probe-361, offloadPayload=1024 bytes}"
5g-sender,1786032773695912913,edge4av-real-20260806-airspan-followup-run-1,c4-rep2-tcp,airspan-followup-70-20-10,guided-planning,tcp,veh-028,veh-028,rsu-1,c4-rep2-tcp-veh-028-362,ipi-session-1,airspan-followup-c4-rep2,veh-028,362,100-clients,default,stationary,unsynced,true,true,payload_bytes,1024,bytes,IPI-CooperativeService,1099,1786032773511982340,1786032599710466752,1786032599710512940,1786032773695912913,183.931,,0.046,173985.400,"CooperativeService{guidedPlanning, status=request, vehicleId=0x7665682d303238, requestedHorizonMs=2500, confidence=100, planning.waypoints=1, offloadTaskId=probe-362, offloadPayload=1024 bytes}"
5g-sender,1786032774143850942,edge4av-real-20260806-airspan-followup-run-1,c4-rep2-tcp,airspan-followup-70-20-10,guided-planning,tcp,veh-028,veh-028,rsu-1,c4-rep2-tcp-veh-028-363,ipi-session-1,airspan-followup-c4-rep2,veh-028,363,100-clients,default,stationary,unsynced,true,true,payload_bytes,1024,bytes,IPI-CooperativeService,1099,1786032773896133473,1786032600160916225,1786032600160952693,1786032774143850942,247.717,,0.036,173982.898,"CooperativeService{guidedPlanning, status=request, vehicleId=0x7665682d303238, requestedHorizonMs=2500, confidence=100, planning.waypoints=1, offloadTaskId=probe-363, offloadPayload=1024 bytes}"
5g-sender,1786032774628076746,edge4av-real-20260806-airspan-followup-run-1,c4-rep2-tcp,airspan-followup-70-20-10,guided-planning,tcp,veh-028,veh-028,rsu-1,c4-rep2-tcp-veh-028-364,ipi-session-1,airspan-followup-c4-rep2,veh-028,364,100-clients,default,stationary,unsynced,true,true,payload_bytes,1024,bytes,IPI-CooperativeService,1099,1786032774344042135,1786032600621559464,1786032600621601724,1786032774628076746,284.035,,0.042,174006.475,"CooperativeService{guidedPlanning, status=request, vehicleId=0x7665682d303238, requestedHorizonMs=2500, confidence=100, planning.waypoints=1, offloadTaskId=probe-364, offloadPayload=1024 bytes}"
5g-sender,1786032775078034181,edge4av-real-20260806-airspan-followup-run-1,c4-rep2-tcp,airspan-followup-70-20-10,guided-planning,tcp,veh-028,veh-028,rsu-1,c4-rep2-tcp-veh-028-365,ipi-session-1,airspan-followup-c4-rep2,veh-028,365,100-clients,default,stationary,unsynced,true,true,payload_bytes,1024,bytes,IPI-CooperativeService,1099,1786032774828277997,1786032601072310241,1786032601072375992,1786032775078034181,249.756,,0.066,174005.658,"CooperativeService{guidedPlanning, status=request, vehicleId=0x7665682d303238, requestedHorizonMs=2500, confidence=100, planning.waypoints=1, offloadTaskId=probe-365, offloadPayload=1024 bytes}"
5g-sender,1786032775596025949,edge4av-real-20260806-airspan-followup-run-1,c4-rep2-tcp,airspan-followup-70-20-10,guided-planning,tcp,veh-028,veh-028,rsu-1,c4-rep2-tcp-veh-028-366,ipi-session-1,airspan-followup-c4-rep2,veh-028,366,100-clients,default,stationary,unsynced,true,true,payload_bytes,1024,bytes,IPI-CooperativeService,1099,1786032775278206826,1786032601603464261,1786032601603515638,1786032775596025949,317.819,,0.051,173992.510,"CooperativeService{guidedPlanning, status=request, vehicleId=0x7665682d303238, requestedHorizonMs=2500, confidence=100, planning.waypoints=1, offloadTaskId=probe-366, offloadPayload=1024 bytes}"
5g-sender,1786032776122051866,edge4av-real-20260806-airspan-followup-run-1,c4-rep2-tcp,airspan-followup-70-20-10,guided-planning,tcp,veh-028,veh-028,rsu-1,c4-rep2-tcp-veh-028-367,ipi-session-1,airspan-followup-c4-rep2,veh-028,367,100-clients,default,stationary,unsynced,true,true,payload_bytes,1024,bytes,IPI-CooperativeService,1099,1786032775796196222,1786032602124103535,1786032602124151060,1786032776122051866,325.856,,0.048,173997.901,"CooperativeService{guidedPlanning, status=request, vehicleId=0x7665682d303238, requestedHorizonMs=2500, confidence=100, planning.waypoints=1, offloadTaskId=probe-367, offloadPayload=1024 bytes}"
5g-sender,1786032776578008487,edge4av-real-20260806-airspan-followup-run-1,c4-rep2-tcp,airspan-followup-70-20-10,guided-planning,tcp,veh-028,veh-028,rsu-1,c4-rep2-tcp-veh-028-368,ipi-session-1,airspan-followup-c4-rep2,veh-028,368,100-clients,default,stationary,unsynced,true,true,payload_bytes,1024,bytes,IPI-CooperativeService,1099,1786032776322228616,1786032602595286410,1786032602595341848,1786032776578008487,255.780,,0.055,173982.667,"CooperativeService{guidedPlanning, status=request, vehicleId=0x7665682d303238, requestedHorizonMs=2500, confidence=100, planning.waypoints=1, offloadTaskId=probe-368, offloadPayload=1024 bytes}"
5g-sender,1786032776970067931,edge4av-real-20260806-airspan-followup-run-1,c4-rep2-tcp,airspan-followup-70-20-10,guided-planning,tcp,veh-028,veh-028,rsu-1,c4-rep2-tcp-veh-028-369,ipi-session-1,airspan-followup-c4-rep2,veh-028,369,100-clients,default,stationary,unsynced,true,true,payload_bytes,1024,bytes,IPI-CooperativeService,1099,1786032776778215617,1786032602985361023,1786032602985392660,1786032776970067931,191.852,,0.032,173984.675,"CooperativeService{guidedPlanning, status=request, vehicleId=0x7665682d303238, requestedHorizonMs=2500, confidence=100, planning.waypoints=1, offloadTaskId=probe-369, offloadPayload=1024 bytes}"
5g-sender,1786032777402116545,edge4av-real-20260806-airspan-followup-run-1,c4-rep2-tcp,airspan-followup-70-20-10,guided-planning,tcp,veh-028,veh-028,rsu-1,c4-rep2-tcp-veh-028-370,ipi-session-1,airspan-followup-c4-rep2,veh-028,370,100-clients,default,stationary,unsynced,true,true,payload_bytes,1024,bytes,IPI-CooperativeService,1099,1786032777170243681,1786032603396192014,1786032603396241296,1786032777402116545,231.873,,0.049,174005.875,"CooperativeService{guidedPlanning, status=request, vehicleId=0x7665682d303238, requestedHorizonMs=2500, confidence=100, planning.waypoints=1, offloadTaskId=probe-370, offloadPayload=1024 bytes}"
5g-sender,1786032777880026347,edge4av-real-20260806-airspan-followup-run-1,c4-rep2-tcp,airspan-followup-70-20-10,guided-planning,tcp,veh-028,veh-028,rsu-1,c4-rep2-tcp-veh-028-371,ipi-session-1,airspan-followup-c4-rep2,veh-028,371,100-clients,default,stationary,unsynced,true,true,payload_bytes,1024,bytes,IPI-CooperativeService,1099,1786032777602332001,1786032603886928711,1786032603886980223,1786032777880026347,277.694,,0.052,173993.046,"CooperativeService{guidedPlanning, status=request, vehicleId=0x7665682d303238, requestedHorizonMs=2500, confidence=100, planning.waypoints=1, offloadTaskId=probe-371, offloadPayload=1024 bytes}"
5g-sender,1786032778294002661,edge4av-real-20260806-airspan-followup-run-1,c4-rep2-tcp,airspan-followup-70-20-10,guided-planning,tcp,veh-028,veh-028,rsu-1,c4-rep2-tcp-veh-028-372,ipi-session-1,airspan-followup-c4-rep2,veh-028,372,100-clients,default,stationary,unsynced,true,true,payload_bytes,1024,bytes,IPI-CooperativeService,1099,1786032778080234730,1786032604307392754,1786032604307434989,1786032778294002661,213.768,,0.042,173986.568,"CooperativeService{guidedPlanning, status=request, vehicleId=0x7665682d303238, requestedHorizonMs=2500, confidence=100, planning.waypoints=1, offloadTaskId=probe-372, offloadPayload=1024 bytes}"
5g-sender,1786032778832028236,edge4av-real-20260806-airspan-followup-run-1,c4-rep2-tcp,airspan-followup-70-20-10,guided-planning,tcp,veh-028,veh-028,rsu-1,c4-rep2-tcp-veh-028-373,ipi-session-1,airspan-followup-c4-rep2,veh-028,373,100-clients,default,stationary,unsynced,true,true,payload_bytes,1024,bytes,IPI-CooperativeService,1099,1786032778494213001,1786032604828284940,1786032604828327952,1786032778832028236,337.815,,0.043,174003.700,"CooperativeService{guidedPlanning, status=request, vehicleId=0x7665682d303238, requestedHorizonMs=2500, confidence=100, planning.waypoints=1, offloadTaskId=probe-373, offloadPayload=1024 bytes}"
5g-sender,1786032779252669810,edge4av-real-20260806-airspan-followup-run-1,c4-rep2-tcp,airspan-followup-70-20-10,guided-planning,tcp,veh-028,veh-028,rsu-1,c4-rep2-tcp-veh-028-374,ipi-session-1,airspan-followup-c4-rep2,veh-028,374,100-clients,default,stationary,unsynced,true,true,payload_bytes,1024,bytes,IPI-CooperativeService,1099,1786032779032245369,1786032605269017037,1786032605269043542,1786032779252669810,220.424,,0.027,173983.626,"CooperativeService{guidedPlanning, status=request, vehicleId=0x7665682d303238, requestedHorizonMs=2500, confidence=100, planning.waypoints=1, offloadTaskId=probe-374, offloadPayload=1024 bytes}"
5g-sender,1786032779722140362,edge4av-real-20260806-airspan-followup-run-1,c4-rep2-tcp,airspan-followup-70-20-10,guided-planning,tcp,veh-028,veh-028,rsu-1,c4-rep2-tcp-veh-028-375,ipi-session-1,airspan-followup-c4-rep2,veh-028,375,100-clients,default,stationary,unsynced,true,true,payload_bytes,1024,bytes,IPI-CooperativeService,1099,1786032779452869309,1786032605739785682,1786032605739834618,1786032779722140362,269.271,,0.049,173982.306,"CooperativeService{guidedPlanning, status=request, vehicleId=0x7665682d303238, requestedHorizonMs=2500, confidence=100, planning.waypoints=1, offloadTaskId=probe-375, offloadPayload=1024 bytes}"
5g-sender,1786032780135949909,edge4av-real-20260806-airspan-followup-run-1,c4-rep2-tcp,airspan-followup-70-20-10,guided-planning,tcp,veh-028,veh-028,rsu-1,c4-rep2-tcp-veh-028-376,ipi-session-1,airspan-followup-c4-rep2,veh-028,376,100-clients,default,stationary,unsynced,true,true,payload_bytes,1024,bytes,IPI-CooperativeService,1099,1786032779922302851,1786032606160433483,1786032606160479647,1786032780135949909,213.647,,0.046,173975.470,"CooperativeService{guidedPlanning, status=request, vehicleId=0x7665682d303238, requestedHorizonMs=2500, confidence=100, planning.waypoints=1, offloadTaskId=probe-376, offloadPayload=1024 bytes}"
5g-sender,1786032780586011908,edge4av-real-20260806-airspan-followup-run-1,c4-rep2-tcp,airspan-followup-70-20-10,guided-planning,tcp,veh-028,veh-028,rsu-1,c4-rep2-tcp-veh-028-377,ipi-session-1,airspan-followup-c4-rep2,veh-028,377,100-clients,default,stationary,unsynced,true,true,payload_bytes,1024,bytes,IPI-CooperativeService,1099,1786032780336110405,1786032606611330827,1786032606611382078,1786032780586011908,249.902,,0.051,173974.630,"CooperativeService{guidedPlanning, status=request, vehicleId=0x7665682d303238, requestedHorizonMs=2500, confidence=100, planning.waypoints=1, offloadTaskId=probe-377, offloadPayload=1024 bytes}"
5g-sender,1786032781028000828,edge4av-real-20260806-airspan-followup-run-1,c4-rep2-tcp,airspan-followup-70-20-10,guided-planning,tcp,veh-028,veh-028,rsu-1,c4-rep2-tcp-veh-028-378,ipi-session-1,airspan-followup-c4-rep2,veh-028,378,100-clients,default,stationary,unsynced,true,true,payload_bytes,1024,bytes,IPI-CooperativeService,1099,1786032780786170780,1786032607041919428,1786032607041974160,1786032781028000828,241.830,,0.055,173986.027,"CooperativeService{guidedPlanning, status=request, vehicleId=0x7665682d303238, requestedHorizonMs=2500, confidence=100, planning.waypoints=1, offloadTaskId=probe-378, offloadPayload=1024 bytes}"
5g-sender,1786032781494791466,edge4av-real-20260806-airspan-followup-run-1,c4-rep2-tcp,airspan-followup-70-20-10,guided-planning,tcp,veh-028,veh-028,rsu-1,c4-rep2-tcp-veh-028-379,ipi-session-1,airspan-followup-c4-rep2,veh-028,379,100-clients,default,stationary,unsynced,true,true,payload_bytes,1024,bytes,IPI-CooperativeService,1099,1786032781228163323,1786032607502490240,1786032607502530810,1786032781494791466,266.628,,0.041,173992.261,"CooperativeService{guidedPlanning, status=request, vehicleId=0x7665682d303238, requestedHorizonMs=2500, confidence=100, planning.waypoints=1, offloadTaskId=probe-379, offloadPayload=1024 bytes}"
5g-sender,1786032781984731779,edge4av-real-20260806-airspan-followup-run-1,c4-rep2-tcp,airspan-followup-70-20-10,guided-planning,tcp,veh-028,veh-028,rsu-1,c4-rep2-tcp-veh-028-380,ipi-session-1,airspan-followup-c4-rep2,veh-028,380,100-clients,default,stationary,unsynced,true,true,payload_bytes,1024,bytes,IPI-CooperativeService,1099,1786032781694945126,1786032607993550985,1786032607993601820,1786032781984731779,289.787,,0.051,173991.130,"CooperativeService{guidedPlanning, status=request, vehicleId=0x7665682d303238, requestedHorizonMs=2500, confidence=100, planning.waypoints=1, offloadTaskId=probe-380, offloadPayload=1024 bytes}"
5g-sender,1786032782858073804,edge4av-real-20260806-airspan-followup-run-1,c4-rep2-tcp,airspan-followup-70-20-10,guided-planning,tcp,veh-028,veh-028,rsu-1,c4-rep2-tcp-veh-028-381,ipi-session-1,airspan-followup-c4-rep2,veh-028,381,100-clients,default,stationary,unsynced,true,true,payload_bytes,1024,bytes,IPI-CooperativeService,1099,1786032782184887498,1786032608874924894,1786032608874995253,1786032782858073804,673.186,,0.070,173983.079,"CooperativeService{guidedPlanning, status=request, vehicleId=0x7665682d303238, requestedHorizonMs=2500, confidence=100, planning.waypoints=1, offloadTaskId=probe-381, offloadPayload=1024 bytes}"
5g-sender,1786032783339943011,edge4av-real-20260806-airspan-followup-run-1,c4-rep2-tcp,airspan-followup-70-20-10,guided-planning,tcp,veh-028,veh-028,rsu-1,c4-rep2-tcp-veh-028-382,ipi-session-1,airspan-followup-c4-rep2,veh-028,382,100-clients,default,stationary,unsynced,true,true,payload_bytes,1024,bytes,IPI-CooperativeService,1099,1786032783058897592,1786032609355653736,1786032609355718841,1786032783339943011,281.045,,0.065,173984.224,"CooperativeService{guidedPlanning, status=request, vehicleId=0x7665682d303238, requestedHorizonMs=2500, confidence=100, planning.waypoints=1, offloadTaskId=probe-382, offloadPayload=1024 bytes}"
5g-sender,1786032783840075424,edge4av-real-20260806-airspan-followup-run-1,c4-rep2-tcp,airspan-followup-70-20-10,guided-planning,tcp,veh-028,veh-028,rsu-1,c4-rep2-tcp-veh-028-383,ipi-session-1,airspan-followup-c4-rep2,veh-028,383,100-clients,default,stationary,unsynced,true,true,payload_bytes,1024,bytes,IPI-CooperativeService,1099,1786032783540100589,1786032609856409891,1786032609856471902,1786032783840075424,299.975,,0.062,173983.604,"CooperativeService{guidedPlanning, status=request, vehicleId=0x7665682d303238, requestedHorizonMs=2500, confidence=100, planning.waypoints=1, offloadTaskId=probe-383, offloadPayload=1024 bytes}"
5g-sender,1786032784406196883,edge4av-real-20260806-airspan-followup-run-1,c4-rep2-tcp,airspan-followup-70-20-10,guided-planning,tcp,veh-028,veh-028,rsu-1,c4-rep2-tcp-veh-028-384,ipi-session-1,airspan-followup-c4-rep2,veh-028,384,100-clients,default,stationary,unsynced,true,true,payload_bytes,1024,bytes,IPI-CooperativeService,1099,1786032784040271169,1786032610417272673,1786032610417291998,1786032784406196883,365.926,,0.019,173988.905,"CooperativeService{guidedPlanning, status=request, vehicleId=0x7665682d303238, requestedHorizonMs=2500, confidence=100, planning.waypoints=1, offloadTaskId=probe-384, offloadPayload=1024 bytes}"
5g-sender,1786032784936199891,edge4av-real-20260806-airspan-followup-run-1,c4-rep2-tcp,airspan-followup-70-20-10,guided-planning,tcp,veh-028,veh-028,rsu-1,c4-rep2-tcp-veh-028-385,ipi-session-1,airspan-followup-c4-rep2,veh-028,385,100-clients,default,stationary,unsynced,true,true,payload_bytes,1024,bytes,IPI-CooperativeService,1099,1786032784606385579,1786032610938425438,1786032610938465909,1786032784936199891,329.814,,0.040,173997.734,"CooperativeService{guidedPlanning, status=request, vehicleId=0x7665682d303238, requestedHorizonMs=2500, confidence=100, planning.waypoints=1, offloadTaskId=probe-385, offloadPayload=1024 bytes}"
5g-sender,1786032785476045066,edge4av-real-20260806-airspan-followup-run-1,c4-rep2-tcp,airspan-followup-70-20-10,guided-planning,tcp,veh-028,veh-028,rsu-1,c4-rep2-tcp-veh-028-386,ipi-session-1,airspan-followup-c4-rep2,veh-028,386,100-clients,default,stationary,unsynced,true,true,payload_bytes,1024,bytes,IPI-CooperativeService,1099,1786032785136354700,1786032611489244307,1786032611489285413,1786032785476045066,339.690,,0.041,173986.760,"CooperativeService{guidedPlanning, status=request, vehicleId=0x7665682d303238, requestedHorizonMs=2500, confidence=100, planning.waypoints=1, offloadTaskId=probe-386, offloadPayload=1024 bytes}"
5g-sender,1786032785936117195,edge4av-real-20260806-airspan-followup-run-1,c4-rep2-tcp,airspan-followup-70-20-10,guided-planning,tcp,veh-028,veh-028,rsu-1,c4-rep2-tcp-veh-028-387,ipi-session-1,airspan-followup-c4-rep2,veh-028,387,100-clients,default,stationary,unsynced,true,true,payload_bytes,1024,bytes,IPI-CooperativeService,1099,1786032785676204085,1786032611950085387,1786032611950136354,1786032785936117195,259.913,,0.051,173985.981,"CooperativeService{guidedPlanning, status=request, vehicleId=0x7665682d303238, requestedHorizonMs=2500, confidence=100, planning.waypoints=1, offloadTaskId=probe-387, offloadPayload=1024 bytes}"
5g-sender,1786032786484090347,edge4av-real-20260806-airspan-followup-run-1,c4-rep2-tcp,airspan-followup-70-20-10,guided-planning,tcp,veh-028,veh-028,rsu-1,c4-rep2-tcp-veh-028-388,ipi-session-1,airspan-followup-c4-rep2,veh-028,388,100-clients,default,stationary,unsynced,true,true,payload_bytes,1024,bytes,IPI-CooperativeService,1099,1786032786136268015,1786032612490945407,1786032612491016521,1786032786484090347,347.822,,0.071,173993.074,"CooperativeService{guidedPlanning, status=request, vehicleId=0x7665682d303238, requestedHorizonMs=2500, confidence=100, planning.waypoints=1, offloadTaskId=probe-388, offloadPayload=1024 bytes}"
5g-sender,1786032786981947254,edge4av-real-20260806-airspan-followup-run-1,c4-rep2-tcp,airspan-followup-70-20-10,guided-planning,tcp,veh-028,veh-028,rsu-1,c4-rep2-tcp-veh-028-389,ipi-session-1,airspan-followup-c4-rep2,veh-028,389,100-clients,default,stationary,unsynced,true,true,payload_bytes,1024,bytes,IPI-CooperativeService,1099,1786032786684250073,1786032612982020909,1786032612982105035,1786032786981947254,297.697,,0.084,173999.842,"CooperativeService{guidedPlanning, status=request, vehicleId=0x7665682d303238, requestedHorizonMs=2500, confidence=100, planning.waypoints=1, offloadTaskId=probe-389, offloadPayload=1024 bytes}"
5g-sender,1786032788182037707,edge4av-real-20260806-airspan-followup-run-1,c4-rep2-tcp,airspan-followup-70-20-10,guided-planning,tcp,veh-028,veh-028,rsu-1,c4-rep2-tcp-veh-028-390,ipi-session-1,airspan-followup-c4-rep2,veh-028,390,100-clients,default,stationary,unsynced,true,true,payload_bytes,1024,bytes,IPI-CooperativeService,1099,1786032787182104983,1786032614194360218,1786032614194409552,1786032788182037707,999.933,,0.049,173987.628,"CooperativeService{guidedPlanning, status=request, vehicleId=0x7665682d303238, requestedHorizonMs=2500, confidence=100, planning.waypoints=1, offloadTaskId=probe-390, offloadPayload=1024 bytes}"
5g-sender,1786032789028228028,edge4av-real-20260806-airspan-followup-run-1,c4-rep2-tcp,airspan-followup-70-20-10,guided-planning,tcp,veh-028,veh-028,rsu-1,c4-rep2-tcp-veh-028-391,ipi-session-1,airspan-followup-c4-rep2,veh-028,391,100-clients,default,stationary,unsynced,true,true,payload_bytes,1024,bytes,IPI-CooperativeService,1099,1786032788382204942,1786032615045703992,1786032615045722949,1786032789028228028,646.023,,0.019,173982.505,"CooperativeService{guidedPlanning, status=request, vehicleId=0x7665682d303238, requestedHorizonMs=2500, confidence=100, planning.waypoints=1, offloadTaskId=probe-391, offloadPayload=1024 bytes}"
5g-sender,1786032789397869398,edge4av-real-20260806-airspan-followup-run-1,c4-rep2-tcp,airspan-followup-70-20-10,guided-planning,tcp,veh-028,veh-028,rsu-1,c4-rep2-tcp-veh-028-392,ipi-session-1,airspan-followup-c4-rep2,veh-028,392,100-clients,default,stationary,unsynced,true,true,payload_bytes,1024,bytes,IPI-CooperativeService,1099,1786032789228402493,1786032615426435438,1786032615426498697,1786032789397869398,169.467,,0.063,173971.371,"CooperativeService{guidedPlanning, status=request, vehicleId=0x7665682d303238, requestedHorizonMs=2500, confidence=100, planning.waypoints=1, offloadTaskId=probe-392, offloadPayload=1024 bytes}"
5g-sender,1786032789844096641,edge4av-real-20260806-airspan-followup-run-1,c4-rep2-tcp,airspan-followup-70-20-10,guided-planning,tcp,veh-028,veh-028,rsu-1,c4-rep2-tcp-veh-028-393,ipi-session-1,airspan-followup-c4-rep2,veh-028,393,100-clients,default,stationary,unsynced,true,true,payload_bytes,1024,bytes,IPI-CooperativeService,1099,1786032789597988496,1786032615847447668,1786032615847514841,1786032789844096641,246.108,,0.067,173996.582,"CooperativeService{guidedPlanning, status=request, vehicleId=0x7665682d303238, requestedHorizonMs=2500, confidence=100, planning.waypoints=1, offloadTaskId=probe-393, offloadPayload=1024 bytes}"
5g-sender,1786032790259467799,edge4av-real-20260806-airspan-followup-run-1,c4-rep2-tcp,airspan-followup-70-20-10,guided-planning,tcp,veh-028,veh-028,rsu-1,c4-rep2-tcp-veh-028-394,ipi-session-1,airspan-followup-c4-rep2,veh-028,394,100-clients,default,stationary,unsynced,true,true,payload_bytes,1024,bytes,IPI-CooperativeService,1099,1786032790044251164,1786032616288051104,1786032616288104404,1786032790259467799,215.217,,0.053,173971.363,"CooperativeService{guidedPlanning, status=request, vehicleId=0x7665682d303238, requestedHorizonMs=2500, confidence=100, planning.waypoints=1, offloadTaskId=probe-394, offloadPayload=1024 bytes}"
5g-sender,1786032790729957434,edge4av-real-20260806-airspan-followup-run-1,c4-rep2-tcp,airspan-followup-70-20-10,guided-planning,tcp,veh-028,veh-028,rsu-1,c4-rep2-tcp-veh-028-395,ipi-session-1,airspan-followup-c4-rep2,veh-028,395,100-clients,default,stationary,unsynced,true,true,payload_bytes,1024,bytes,IPI-CooperativeService,1099,1786032790459661278,1786032616749004095,1786032616749077287,1786032790729957434,270.296,,0.073,173980.880,"CooperativeService{guidedPlanning, status=request, vehicleId=0x7665682d303238, requestedHorizonMs=2500, confidence=100, planning.waypoints=1, offloadTaskId=probe-395, offloadPayload=1024 bytes}"
5g-sender,1786032791171999020,edge4av-real-20260806-airspan-followup-run-1,c4-rep2-tcp,airspan-followup-70-20-10,guided-planning,tcp,veh-028,veh-028,rsu-1,c4-rep2-tcp-veh-028-396,ipi-session-1,airspan-followup-c4-rep2,veh-028,396,100-clients,default,stationary,unsynced,true,true,payload_bytes,1024,bytes,IPI-CooperativeService,1099,1786032790930115349,1786032617199764219,1786032617199778659,1786032791171999020,241.884,,0.014,173972.220,"CooperativeService{guidedPlanning, status=request, vehicleId=0x7665682d303238, requestedHorizonMs=2500, confidence=100, planning.waypoints=1, offloadTaskId=probe-396, offloadPayload=1024 bytes}"
5g-sender,1786032791981352696,edge4av-real-20260806-airspan-followup-run-1,c4-rep2-tcp,airspan-followup-70-20-10,guided-planning,tcp,veh-028,veh-028,rsu-1,c4-rep2-tcp-veh-028-397,ipi-session-1,airspan-followup-c4-rep2,veh-028,397,100-clients,default,stationary,unsynced,true,true,payload_bytes,1024,bytes,IPI-CooperativeService,1099,1786032791372149312,1786032618011088777,1786032618011139407,1786032791981352696,609.203,,0.051,173970.213,"CooperativeService{guidedPlanning, status=request, vehicleId=0x7665682d303238, requestedHorizonMs=2500, confidence=100, planning.waypoints=1, offloadTaskId=probe-397, offloadPayload=1024 bytes}"
5g-sender,1786032792440002441,edge4av-real-20260806-airspan-followup-run-1,c4-rep2-tcp,airspan-followup-70-20-10,guided-planning,tcp,veh-028,veh-028,rsu-1,c4-rep2-tcp-veh-028-398,ipi-session-1,airspan-followup-c4-rep2,veh-028,398,100-clients,default,stationary,unsynced,true,true,payload_bytes,1024,bytes,IPI-CooperativeService,1099,1786032792181514581,1786032618462018874,1786032618462069321,1786032792440002441,258.488,,0.050,173977.933,"CooperativeService{guidedPlanning, status=request, vehicleId=0x7665682d303238, requestedHorizonMs=2500, confidence=100, planning.waypoints=1, offloadTaskId=probe-398, offloadPayload=1024 bytes}"
5g-sender,1786032792880087664,edge4av-real-20260806-airspan-followup-run-1,c4-rep2-tcp,airspan-followup-70-20-10,guided-planning,tcp,veh-028,veh-028,rsu-1,c4-rep2-tcp-veh-028-399,ipi-session-1,airspan-followup-c4-rep2,veh-028,399,100-clients,default,stationary,unsynced,true,true,payload_bytes,1024,bytes,IPI-CooperativeService,1099,1786032792640159216,1786032618882529115,1786032618882569839,1786032792880087664,239.928,,0.041,173997.518,"CooperativeService{guidedPlanning, status=request, vehicleId=0x7665682d303238, requestedHorizonMs=2500, confidence=100, planning.waypoints=1, offloadTaskId=probe-399, offloadPayload=1024 bytes}"
5g-sender,1786032793290061113,edge4av-real-20260806-airspan-followup-run-1,c4-rep2-tcp,airspan-followup-70-20-10,guided-planning,tcp,veh-028,veh-028,rsu-1,c4-rep2-tcp-veh-028-400,ipi-session-1,airspan-followup-c4-rep2,veh-028,400,100-clients,default,stationary,unsynced,true,true,payload_bytes,1024,bytes,IPI-CooperativeService,1099,1786032793080252913,1786032619283268533,1786032619283290192,1786032793290061113,209.808,,0.022,174006.771,"CooperativeService{guidedPlanning, status=request, vehicleId=0x7665682d303238, requestedHorizonMs=2500, confidence=100, planning.waypoints=1, offloadTaskId=probe-400, offloadPayload=1024 bytes}"
5g-sender,1786032793700131602,edge4av-real-20260806-airspan-followup-run-1,c4-rep2-tcp,airspan-followup-70-20-10,guided-planning,tcp,veh-028,veh-028,rsu-1,c4-rep2-tcp-veh-028-401,ipi-session-1,airspan-followup-c4-rep2,veh-028,401,100-clients,default,stationary,unsynced,true,true,payload_bytes,1024,bytes,IPI-CooperativeService,1099,1786032793490262972,1786032619704248912,1786032619704304984,1786032793700131602,209.869,,0.056,173995.827,"CooperativeService{guidedPlanning, status=request, vehicleId=0x7665682d303238, requestedHorizonMs=2500, confidence=100, planning.waypoints=1, offloadTaskId=probe-401, offloadPayload=1024 bytes}"
5g-sender,1786032794112013228,edge4av-real-20260806-airspan-followup-run-1,c4-rep2-tcp,airspan-followup-70-20-10,guided-planning,tcp,veh-028,veh-028,rsu-1,c4-rep2-tcp-veh-028-402,ipi-session-1,airspan-followup-c4-rep2,veh-028,402,100-clients,default,stationary,unsynced,true,true,payload_bytes,1024,bytes,IPI-CooperativeService,1099,1786032793900283720,1786032620125083972,1786032620125135946,1786032794112013228,211.730,,0.052,173986.877,"CooperativeService{guidedPlanning, status=request, vehicleId=0x7665682d303238, requestedHorizonMs=2500, confidence=100, planning.waypoints=1, offloadTaskId=probe-402, offloadPayload=1024 bytes}"
5g-sender,1786032794568018164,edge4av-real-20260806-airspan-followup-run-1,c4-rep2-tcp,airspan-followup-70-20-10,guided-planning,tcp,veh-028,veh-028,rsu-1,c4-rep2-tcp-veh-028-403,ipi-session-1,airspan-followup-c4-rep2,veh-028,403,100-clients,default,stationary,unsynced,true,true,payload_bytes,1024,bytes,IPI-CooperativeService,1099,1786032794312158623,1786032620595756296,1786032620595797036,1786032794568018164,255.860,,0.041,173972.221,"CooperativeService{guidedPlanning, status=request, vehicleId=0x7665682d303238, requestedHorizonMs=2500, confidence=100, planning.waypoints=1, offloadTaskId=probe-403, offloadPayload=1024 bytes}"
5g-sender,1786032794980077589,edge4av-real-20260806-airspan-followup-run-1,c4-rep2-tcp,airspan-followup-70-20-10,guided-planning,tcp,veh-028,veh-028,rsu-1,c4-rep2-tcp-veh-028-404,ipi-session-1,airspan-followup-c4-rep2,veh-028,404,100-clients,default,stationary,unsynced,true,true,payload_bytes,1024,bytes,IPI-CooperativeService,1099,1786032794768194799,1786032620986194509,1786032620986214001,1786032794980077589,211.883,,0.019,173993.864,"CooperativeService{guidedPlanning, status=request, vehicleId=0x7665682d303238, requestedHorizonMs=2500, confidence=100, planning.waypoints=1, offloadTaskId=probe-404, offloadPayload=1024 bytes}"
5g-sender,1786032795754131479,edge4av-real-20260806-airspan-followup-run-1,c4-rep2-tcp,airspan-followup-70-20-10,guided-planning,tcp,veh-028,veh-028,rsu-1,c4-rep2-tcp-veh-028-405,ipi-session-1,airspan-followup-c4-rep2,veh-028,405,100-clients,default,stationary,unsynced,true,true,payload_bytes,1024,bytes,IPI-CooperativeService,1099,1786032795180266618,1786032621757939546,1786032621757960957,1786032795754131479,573.865,,0.021,173996.171,"CooperativeService{guidedPlanning, status=request, vehicleId=0x7665682d303238, requestedHorizonMs=2500, confidence=100, planning.waypoints=1, offloadTaskId=probe-405, offloadPayload=1024 bytes}"
5g-sender,1786032796222151569,edge4av-real-20260806-airspan-followup-run-1,c4-rep2-tcp,airspan-followup-70-20-10,guided-planning,tcp,veh-028,veh-028,rsu-1,c4-rep2-tcp-veh-028-406,ipi-session-1,airspan-followup-c4-rep2,veh-028,406,100-clients,default,stationary,unsynced,true,true,payload_bytes,1024,bytes,IPI-CooperativeService,1099,1786032795954273089,1786032622238757934,1786032622238800418,1786032796222151569,267.878,,0.042,173983.351,"CooperativeService{guidedPlanning, status=request, vehicleId=0x7665682d303238, requestedHorizonMs=2500, confidence=100, planning.waypoints=1, offloadTaskId=probe-406, offloadPayload=1024 bytes}"
5g-sender,1786032796761994736,edge4av-real-20260806-airspan-followup-run-1,c4-rep2-tcp,airspan-followup-70-20-10,guided-planning,tcp,veh-028,veh-028,rsu-1,c4-rep2-tcp-veh-028-407,ipi-session-1,airspan-followup-c4-rep2,veh-028,407,100-clients,default,stationary,unsynced,true,true,payload_bytes,1024,bytes,IPI-CooperativeService,1099,1786032796422313147,1786032622770035238,1786032622770081209,1786032796761994736,339.682,,0.046,173991.914,"CooperativeService{guidedPlanning, status=request, vehicleId=0x7665682d303238, requestedHorizonMs=2500, confidence=100, planning.waypoints=1, offloadTaskId=probe-407, offloadPayload=1024 bytes}"
5g-sender,1786032797152245934,edge4av-real-20260806-airspan-followup-run-1,c4-rep2-tcp,airspan-followup-70-20-10,guided-planning,tcp,veh-028,veh-028,rsu-1,c4-rep2-tcp-veh-028-408,ipi-session-1,airspan-followup-c4-rep2,veh-028,408,100-clients,default,stationary,unsynced,true,true,payload_bytes,1024,bytes,IPI-CooperativeService,1099,1786032796962235549,1786032623160342053,1786032623160398194,1786032797152245934,190.010,,0.056,173991.848,"CooperativeService{guidedPlanning, status=request, vehicleId=0x7665682d303238, requestedHorizonMs=2500, confidence=100, planning.waypoints=1, offloadTaskId=probe-408, offloadPayload=1024 bytes}"
5g-sender,1786032797581939665,edge4av-real-20260806-airspan-followup-run-1,c4-rep2-tcp,airspan-followup-70-20-10,guided-planning,tcp,veh-028,veh-028,rsu-1,c4-rep2-tcp-veh-028-409,ipi-session-1,airspan-followup-c4-rep2,veh-028,409,100-clients,default,stationary,unsynced,true,true,payload_bytes,1024,bytes,IPI-CooperativeService,1099,1786032797352401519,1786032623601340804,1786032623601382883,1786032797581939665,229.538,,0.042,173980.557,"CooperativeService{guidedPlanning, status=request, vehicleId=0x7665682d303238, requestedHorizonMs=2500, confidence=100, planning.waypoints=1, offloadTaskId=probe-409, offloadPayload=1024 bytes}"
5g-sender,1786032798014105080,edge4av-real-20260806-airspan-followup-run-1,c4-rep2-tcp,airspan-followup-70-20-10,guided-planning,tcp,veh-028,veh-028,rsu-1,c4-rep2-tcp-veh-028-410,ipi-session-1,airspan-followup-c4-rep2,veh-028,410,100-clients,default,stationary,unsynced,true,true,payload_bytes,1024,bytes,IPI-CooperativeService,1099,1786032797782103947,1786032624041984772,1786032624042003021,1786032798014105080,232.001,,0.018,173972.102,"CooperativeService{guidedPlanning, status=request, vehicleId=0x7665682d303238, requestedHorizonMs=2500, confidence=100, planning.waypoints=1, offloadTaskId=probe-410, offloadPayload=1024 bytes}"
5g-sender,1786032798566014652,edge4av-real-20260806-airspan-followup-run-1,c4-rep2-tcp,airspan-followup-70-20-10,guided-planning,tcp,veh-028,veh-028,rsu-1,c4-rep2-tcp-veh-028-411,ipi-session-1,airspan-followup-c4-rep2,veh-028,411,100-clients,default,stationary,unsynced,true,true,payload_bytes,1024,bytes,IPI-CooperativeService,1099,1786032798214297392,1786032624592784916,1786032624592810462,1786032798566014652,351.717,,0.026,173973.204,"CooperativeService{guidedPlanning, status=request, vehicleId=0x7665682d303238, requestedHorizonMs=2500, confidence=100, planning.waypoints=1, offloadTaskId=probe-411, offloadPayload=1024 bytes}"
5g-sender,1786032799098026516,edge4av-real-20260806-airspan-followup-run-1,c4-rep2-tcp,airspan-followup-70-20-10,guided-planning,tcp,veh-028,veh-028,rsu-1,c4-rep2-tcp-veh-028-412,ipi-session-1,airspan-followup-c4-rep2,veh-028,412,100-clients,default,stationary,unsynced,true,true,payload_bytes,1024,bytes,IPI-CooperativeService,1099,1786032798766186968,1786032625113798468,1786032625113811398,1786032799098026516,331.840,,0.013,173984.215,"CooperativeService{guidedPlanning, status=request, vehicleId=0x7665682d303238, requestedHorizonMs=2500, confidence=100, planning.waypoints=1, offloadTaskId=probe-412, offloadPayload=1024 bytes}"
5g-sender,1786032799478045444,edge4av-real-20260806-airspan-followup-run-1,c4-rep2-tcp,airspan-followup-70-20-10,guided-planning,tcp,veh-028,veh-028,rsu-1,c4-rep2-tcp-veh-028-413,ipi-session-1,airspan-followup-c4-rep2,veh-028,413,100-clients,default,stationary,unsynced,true,true,payload_bytes,1024,bytes,IPI-CooperativeService,1099,1786032799298197437,1786032625494775490,1786032625494812492,1786032799478045444,179.848,,0.037,173983.233,"CooperativeService{guidedPlanning, status=request, vehicleId=0x7665682d303238, requestedHorizonMs=2500, confidence=100, planning.waypoints=1, offloadTaskId=probe-413, offloadPayload=1024 bytes}"
5g-sender,1786032799980230245,edge4av-real-20260806-airspan-followup-run-1,c4-rep2-tcp,airspan-followup-70-20-10,guided-planning,tcp,veh-028,veh-028,rsu-1,c4-rep2-tcp-veh-028-414,ipi-session-1,airspan-followup-c4-rep2,veh-028,414,100-clients,default,stationary,unsynced,true,true,payload_bytes,1024,bytes,IPI-CooperativeService,1099,1786032799678227719,1786032625995566509,1786032625995661416,1786032799980230245,302.003,,0.095,173984.569,"CooperativeService{guidedPlanning, status=request, vehicleId=0x7665682d303238, requestedHorizonMs=2500, confidence=100, planning.waypoints=1, offloadTaskId=probe-414, offloadPayload=1024 bytes}"
5g-sender,1786032800382107236,edge4av-real-20260806-airspan-followup-run-1,c4-rep2-tcp,airspan-followup-70-20-10,guided-planning,tcp,veh-028,veh-028,rsu-1,c4-rep2-tcp-veh-028-415,ipi-session-1,airspan-followup-c4-rep2,veh-028,415,100-clients,default,stationary,unsynced,true,true,payload_bytes,1024,bytes,IPI-CooperativeService,1099,1786032800180405913,1786032626375998364,1786032626376049475,1786032800382107236,201.701,,0.051,174006.058,"CooperativeService{guidedPlanning, status=request, vehicleId=0x7665682d303238, requestedHorizonMs=2500, confidence=100, planning.waypoints=1, offloadTaskId=probe-415, offloadPayload=1024 bytes}"
5g-sender,1786032800798187153,edge4av-real-20260806-airspan-followup-run-1,c4-rep2-tcp,airspan-followup-70-20-10,guided-planning,tcp,veh-028,veh-028,rsu-1,c4-rep2-tcp-veh-028-416,ipi-session-1,airspan-followup-c4-rep2,veh-028,416,100-clients,default,stationary,unsynced,true,true,payload_bytes,1024,bytes,IPI-CooperativeService,1099,1786032800582249448,1786032626786658787,1786032626786684811,1786032800798187153,215.938,,0.026,174011.502,"CooperativeService{guidedPlanning, status=request, vehicleId=0x7665682d303238, requestedHorizonMs=2500, confidence=100, planning.waypoints=1, offloadTaskId=probe-416, offloadPayload=1024 bytes}"
5g-sender,1786032801344198721,edge4av-real-20260806-airspan-followup-run-1,c4-rep2-tcp,airspan-followup-70-20-10,guided-planning,tcp,veh-028,veh-028,rsu-1,c4-rep2-tcp-veh-028-417,ipi-session-1,airspan-followup-c4-rep2,veh-028,417,100-clients,default,stationary,unsynced,true,true,payload_bytes,1024,bytes,IPI-CooperativeService,1099,1786032800998339438,1786032627357716687,1786032627357742288,1786032801344198721,345.859,,0.026,173986.456,"CooperativeService{guidedPlanning, status=request, vehicleId=0x7665682d303238, requestedHorizonMs=2500, confidence=100, planning.waypoints=1, offloadTaskId=probe-417, offloadPayload=1024 bytes}"
5g-sender,1786032801802107902,edge4av-real-20260806-airspan-followup-run-1,c4-rep2-tcp,airspan-followup-70-20-10,guided-planning,tcp,veh-028,veh-028,rsu-1,c4-rep2-tcp-veh-028-418,ipi-session-1,airspan-followup-c4-rep2,veh-028,418,100-clients,default,stationary,unsynced,true,true,payload_bytes,1024,bytes,IPI-CooperativeService,1099,1786032801544383284,1786032627808549007,1786032627808624507,1786032801802107902,257.725,,0.075,173993.483,"CooperativeService{guidedPlanning, status=request, vehicleId=0x7665682d303238, requestedHorizonMs=2500, confidence=100, planning.waypoints=1, offloadTaskId=probe-418, offloadPayload=1024 bytes}"
5g-sender,1786032802311970798,edge4av-real-20260806-airspan-followup-run-1,c4-rep2-tcp,airspan-followup-70-20-10,guided-planning,tcp,veh-028,veh-028,rsu-1,c4-rep2-tcp-veh-028-419,ipi-session-1,airspan-followup-c4-rep2,veh-028,419,100-clients,default,stationary,unsynced,true,true,payload_bytes,1024,bytes,IPI-CooperativeService,1099,1786032802002280903,1786032628329807457,1786032628329856077,1786032802311970798,309.690,,0.049,173982.115,"CooperativeService{guidedPlanning, status=request, vehicleId=0x7665682d303238, requestedHorizonMs=2500, confidence=100, planning.waypoints=1, offloadTaskId=probe-419, offloadPayload=1024 bytes}"
5g-sender,1786032802732069038,edge4av-real-20260806-airspan-followup-run-1,c4-rep2-tcp,airspan-followup-70-20-10,guided-planning,tcp,veh-028,veh-028,rsu-1,c4-rep2-tcp-veh-028-420,ipi-session-1,airspan-followup-c4-rep2,veh-028,420,100-clients,default,stationary,unsynced,true,true,payload_bytes,1024,bytes,IPI-CooperativeService,1099,1786032802512136863,1786032628760442624,1786032628760493547,1786032802732069038,219.932,,0.051,173971.575,"CooperativeService{guidedPlanning, status=request, vehicleId=0x7665682d303238, requestedHorizonMs=2500, confidence=100, planning.waypoints=1, offloadTaskId=probe-420, offloadPayload=1024 bytes}"
5g-sender,1786032803138222838,edge4av-real-20260806-airspan-followup-run-1,c4-rep2-tcp,airspan-followup-70-20-10,guided-planning,tcp,veh-028,veh-028,rsu-1,c4-rep2-tcp-veh-028-421,ipi-session-1,airspan-followup-c4-rep2,veh-028,421,100-clients,default,stationary,unsynced,true,true,payload_bytes,1024,bytes,IPI-CooperativeService,1099,1786032802932286163,1786032629141150702,1786032629141207133,1786032803138222838,205.937,,0.056,173997.016,"CooperativeService{guidedPlanning, status=request, vehicleId=0x7665682d303238, requestedHorizonMs=2500, confidence=100, planning.waypoints=1, offloadTaskId=probe-421, offloadPayload=1024 bytes}"
5g-sender,1786032803618039446,edge4av-real-20260806-airspan-followup-run-1,c4-rep2-tcp,airspan-followup-70-20-10,guided-planning,tcp,veh-028,veh-028,rsu-1,c4-rep2-tcp-veh-028-422,ipi-session-1,airspan-followup-c4-rep2,veh-028,422,100-clients,default,stationary,unsynced,true,true,payload_bytes,1024,bytes,IPI-CooperativeService,1099,1786032803338385869,1786032629601844359,1786032629601864298,1786032803618039446,279.654,,0.020,174016.175,"CooperativeService{guidedPlanning, status=request, vehicleId=0x7665682d303238, requestedHorizonMs=2500, confidence=100, planning.waypoints=1, offloadTaskId=probe-422, offloadPayload=1024 bytes}"
5g-sender,1786032804040250951,edge4av-real-20260806-airspan-followup-run-1,c4-rep2-tcp,airspan-followup-70-20-10,guided-planning,tcp,veh-028,veh-028,rsu-1,c4-rep2-tcp-veh-028-423,ipi-session-1,airspan-followup-c4-rep2,veh-028,423,100-clients,default,stationary,unsynced,true,true,payload_bytes,1024,bytes,IPI-CooperativeService,1099,1786032803818241795,1786032630062564916,1786032630062618029,1786032804040250951,222.009,,0.053,173977.633,"CooperativeService{guidedPlanning, status=request, vehicleId=0x7665682d303238, requestedHorizonMs=2500, confidence=100, planning.waypoints=1, offloadTaskId=probe-423, offloadPayload=1024 bytes}"
5g-sender,1786032804738282880,edge4av-real-20260806-airspan-followup-run-1,c4-rep2-tcp,airspan-followup-70-20-10,guided-planning,tcp,veh-028,veh-028,rsu-1,c4-rep2-tcp-veh-028-424,ipi-session-1,airspan-followup-c4-rep2,veh-028,424,100-clients,default,stationary,unsynced,true,true,payload_bytes,1024,bytes,IPI-CooperativeService,1099,1786032804240470516,1786032630743967274,1786032630744011036,1786032804738282880,497.812,,0.044,173994.272,"CooperativeService{guidedPlanning, status=request, vehicleId=0x7665682d303238, requestedHorizonMs=2500, confidence=100, planning.waypoints=1, offloadTaskId=probe-424, offloadPayload=1024 bytes}"
5g-sender,1786032805188181765,edge4av-real-20260806-airspan-followup-run-1,c4-rep2-tcp,airspan-followup-70-20-10,guided-planning,tcp,veh-028,veh-028,rsu-1,c4-rep2-tcp-veh-028-425,ipi-session-1,airspan-followup-c4-rep2,veh-028,425,100-clients,default,stationary,unsynced,true,true,payload_bytes,1024,bytes,IPI-CooperativeService,1099,1786032804938495979,1786032631214910703,1786032631214950120,1786032805188181765,249.686,,0.039,173973.232,"CooperativeService{guidedPlanning, status=request, vehicleId=0x7665682d303238, requestedHorizonMs=2500, confidence=100, planning.waypoints=1, offloadTaskId=probe-425, offloadPayload=1024 bytes}"
5g-sender,1786032805760215947,edge4av-real-20260806-airspan-followup-run-1,c4-rep2-tcp,airspan-followup-70-20-10,guided-planning,tcp,veh-028,veh-028,rsu-1,c4-rep2-tcp-veh-028-426,ipi-session-1,airspan-followup-c4-rep2,veh-028,426,100-clients,default,stationary,unsynced,true,true,payload_bytes,1024,bytes,IPI-CooperativeService,1099,1786032805388350427,1786032631775989071,1786032631776050149,1786032805760215947,371.866,,0.061,173984.166,"CooperativeService{guidedPlanning, status=request, vehicleId=0x7665682d303238, requestedHorizonMs=2500, confidence=100, planning.waypoints=1, offloadTaskId=probe-426, offloadPayload=1024 bytes}"
5g-sender,1786032806192006615,edge4av-real-20260806-airspan-followup-run-1,c4-rep2-tcp,airspan-followup-70-20-10,guided-planning,tcp,veh-028,veh-028,rsu-1,c4-rep2-tcp-veh-028-427,ipi-session-1,airspan-followup-c4-rep2,veh-028,427,100-clients,default,stationary,unsynced,true,true,payload_bytes,1024,bytes,IPI-CooperativeService,1099,1786032805960490883,1786032632206640379,1786032632206706940,1786032806192006615,231.516,,0.067,173985.300,"CooperativeService{guidedPlanning, status=request, vehicleId=0x7665682d303238, requestedHorizonMs=2500, confidence=100, planning.waypoints=1, offloadTaskId=probe-427, offloadPayload=1024 bytes}"
5g-sender,1786032806660094425,edge4av-real-20260806-airspan-followup-run-1,c4-rep2-tcp,airspan-followup-70-20-10,guided-planning,tcp,veh-028,veh-028,rsu-1,c4-rep2-tcp-veh-028-428,ipi-session-1,airspan-followup-c4-rep2,veh-028,428,100-clients,default,stationary,unsynced,true,true,payload_bytes,1024,bytes,IPI-CooperativeService,1099,1786032806392138359,1786032632677571413,1786032632677625639,1786032806660094425,267.956,,0.054,173982.469,"CooperativeService{guidedPlanning, status=request, vehicleId=0x7665682d303238, requestedHorizonMs=2500, confidence=100, planning.waypoints=1, offloadTaskId=probe-428, offloadPayload=1024 bytes}"
5g-sender,1786032807140656144,edge4av-real-20260806-airspan-followup-run-1,c4-rep2-tcp,airspan-followup-70-20-10,guided-planning,tcp,veh-028,veh-028,rsu-1,c4-rep2-tcp-veh-028-429,ipi-session-1,airspan-followup-c4-rep2,veh-028,429,100-clients,default,stationary,unsynced,true,true,payload_bytes,1024,bytes,IPI-CooperativeService,1099,1786032806860251510,1786032633118443089,1786032633118465240,1786032807140656144,280.405,,0.022,174022.191,"CooperativeService{guidedPlanning, status=request, vehicleId=0x7665682d303238, requestedHorizonMs=2500, confidence=100, planning.waypoints=1, offloadTaskId=probe-429, offloadPayload=1024 bytes}"
5g-sender,1786032807686197922,edge4av-real-20260806-airspan-followup-run-1,c4-rep2-tcp,airspan-followup-70-20-10,guided-planning,tcp,veh-028,veh-028,rsu-1,c4-rep2-tcp-veh-028-430,ipi-session-1,airspan-followup-c4-rep2,veh-028,430,100-clients,default,stationary,unsynced,true,true,payload_bytes,1024,bytes,IPI-CooperativeService,1099,1786032807340831455,1786032633699505052,1786032633699561833,1786032807686197922,345.366,,0.057,173986.636,"CooperativeService{guidedPlanning, status=request, vehicleId=0x7665682d303238, requestedHorizonMs=2500, confidence=100, planning.waypoints=1, offloadTaskId=probe-430, offloadPayload=1024 bytes}"
5g-sender,1786032808180243840,edge4av-real-20260806-airspan-followup-run-1,c4-rep2-tcp,airspan-followup-70-20-10,guided-planning,tcp,veh-028,veh-028,rsu-1,c4-rep2-tcp-veh-028-431,ipi-session-1,airspan-followup-c4-rep2,veh-028,431,100-clients,default,stationary,unsynced,true,true,payload_bytes,1024,bytes,IPI-CooperativeService,1099,1786032807886357460,1786032634200144484,1786032634200184810,1786032808180243840,293.886,,0.040,173980.059,"CooperativeService{guidedPlanning, status=request, vehicleId=0x7665682d303238, requestedHorizonMs=2500, confidence=100, planning.waypoints=1, offloadTaskId=probe-431, offloadPayload=1024 bytes}"
5g-sender,1786032808756086765,edge4av-real-20260806-airspan-followup-run-1,c4-rep2-tcp,airspan-followup-70-20-10,guided-planning,tcp,veh-028,veh-028,rsu-1,c4-rep2-tcp-veh-028-432,ipi-session-1,airspan-followup-c4-rep2,veh-028,432,100-clients,default,stationary,unsynced,true,true,payload_bytes,1024,bytes,IPI-CooperativeService,1099,1786032808380404091,1786032634760898645,1786032634760950025,1786032808756086765,375.683,,0.051,173995.137,"CooperativeService{guidedPlanning, status=request, vehicleId=0x7665682d303238, requestedHorizonMs=2500, confidence=100, planning.waypoints=1, offloadTaskId=probe-432, offloadPayload=1024 bytes}"
5g-sender,1786032809300310782,edge4av-real-20260806-airspan-followup-run-1,c4-rep2-tcp,airspan-followup-70-20-10,guided-planning,tcp,veh-028,veh-028,rsu-1,c4-rep2-tcp-veh-028-433,ipi-session-1,airspan-followup-c4-rep2,veh-028,433,100-clients,default,stationary,unsynced,true,true,payload_bytes,1024,bytes,IPI-CooperativeService,1099,1786032808956286257,1786032635312096339,1786032635312147753,1786032809300310782,344.025,,0.051,173988.163,"CooperativeService{guidedPlanning, status=request, vehicleId=0x7665682d303238, requestedHorizonMs=2500, confidence=100, planning.waypoints=1, offloadTaskId=probe-433, offloadPayload=1024 bytes}"
5g-sender,1786032809760124937,edge4av-real-20260806-airspan-followup-run-1,c4-rep2-tcp,airspan-followup-70-20-10,guided-planning,tcp,veh-028,veh-028,rsu-1,c4-rep2-tcp-veh-028-434,ipi-session-1,airspan-followup-c4-rep2,veh-028,434,100-clients,default,stationary,unsynced,true,true,payload_bytes,1024,bytes,IPI-CooperativeService,1099,1786032809500444992,1786032635762727408,1786032635762788819,1786032809760124937,259.680,,0.061,173997.336,"CooperativeService{guidedPlanning, status=request, vehicleId=0x7665682d303238, requestedHorizonMs=2500, confidence=100, planning.waypoints=1, offloadTaskId=probe-434, offloadPayload=1024 bytes}"
5g-sender,1786032810212109352,edge4av-real-20260806-airspan-followup-run-1,c4-rep2-tcp,airspan-followup-70-20-10,guided-planning,tcp,veh-028,veh-028,rsu-1,c4-rep2-tcp-veh-028-435,ipi-session-1,airspan-followup-c4-rep2,veh-028,435,100-clients,default,stationary,unsynced,true,true,payload_bytes,1024,bytes,IPI-CooperativeService,1099,1786032809960282421,1786032636224140092,1786032636224183350,1786032810212109352,251.827,,0.043,173987.926,"CooperativeService{guidedPlanning, status=request, vehicleId=0x7665682d303238, requestedHorizonMs=2500, confidence=100, planning.waypoints=1, offloadTaskId=probe-435, offloadPayload=1024 bytes}"
5g-sender,1786032810651961935,edge4av-real-20260806-airspan-followup-run-1,c4-rep2-tcp,airspan-followup-70-20-10,guided-planning,tcp,veh-028,veh-028,rsu-1,c4-rep2-tcp-veh-028-436,ipi-session-1,airspan-followup-c4-rep2,veh-028,436,100-clients,default,stationary,unsynced,true,true,payload_bytes,1024,bytes,IPI-CooperativeService,1099,1786032810412279870,1786032636664728815,1786032636664795255,1786032810651961935,239.682,,0.066,173987.167,"CooperativeService{guidedPlanning, status=request, vehicleId=0x7665682d303238, requestedHorizonMs=2500, confidence=100, planning.waypoints=1, offloadTaskId=probe-436, offloadPayload=1024 bytes}"
5g-sender,1786032811108151816,edge4av-real-20260806-airspan-followup-run-1,c4-rep2-tcp,airspan-followup-70-20-10,guided-planning,tcp,veh-028,veh-028,rsu-1,c4-rep2-tcp-veh-028-437,ipi-session-1,airspan-followup-c4-rep2,veh-028,437,100-clients,default,stationary,unsynced,true,true,payload_bytes,1024,bytes,IPI-CooperativeService,1099,1786032810852116002,1786032637084943626,1786032637084961283,1786032811108151816,256.036,,0.018,174023.191,"CooperativeService{guidedPlanning, status=request, vehicleId=0x7665682d303238, requestedHorizonMs=2500, confidence=100, planning.waypoints=1, offloadTaskId=probe-437, offloadPayload=1024 bytes}"
5g-sender,1786032811534228015,edge4av-real-20260806-airspan-followup-run-1,c4-rep2-tcp,airspan-followup-70-20-10,guided-planning,tcp,veh-028,veh-028,rsu-1,c4-rep2-tcp-veh-028-438,ipi-session-1,airspan-followup-c4-rep2,veh-028,438,100-clients,default,stationary,unsynced,true,true,payload_bytes,1024,bytes,IPI-CooperativeService,1099,1786032811308277639,1786032637556107785,1786032637556162546,1786032811534228015,225.950,,0.055,173978.065,"CooperativeService{guidedPlanning, status=request, vehicleId=0x7665682d303238, requestedHorizonMs=2500, confidence=100, planning.waypoints=1, offloadTaskId=probe-438, offloadPayload=1024 bytes}"
5g-sender,1786032812002079976,edge4av-real-20260806-airspan-followup-run-1,c4-rep2-tcp,airspan-followup-70-20-10,guided-planning,tcp,veh-028,veh-028,rsu-1,c4-rep2-tcp-veh-028-439,ipi-session-1,airspan-followup-c4-rep2,veh-028,439,100-clients,default,stationary,unsynced,true,true,payload_bytes,1024,bytes,IPI-CooperativeService,1099,1786032811734380573,1786032638016939453,1786032638016991233,1786032812002079976,267.699,,0.052,173985.089,"CooperativeService{guidedPlanning, status=request, vehicleId=0x7665682d303238, requestedHorizonMs=2500, confidence=100, planning.waypoints=1, offloadTaskId=probe-439, offloadPayload=1024 bytes}"
5g-sender,1786032812516225531,edge4av-real-20260806-airspan-followup-run-1,c4-rep2-tcp,airspan-followup-70-20-10,guided-planning,tcp,veh-028,veh-028,rsu-1,c4-rep2-tcp-veh-028-440,ipi-session-1,airspan-followup-c4-rep2,veh-028,440,100-clients,default,stationary,unsynced,true,true,payload_bytes,1024,bytes,IPI-CooperativeService,1099,1786032812202274731,1786032638537844033,1786032638537898311,1786032812516225531,313.951,,0.054,173978.327,"CooperativeService{guidedPlanning, status=request, vehicleId=0x7665682d303238, requestedHorizonMs=2500, confidence=100, planning.waypoints=1, offloadTaskId=probe-440, offloadPayload=1024 bytes}"
5g-sender,1786032813042239437,edge4av-real-20260806-airspan-followup-run-1,c4-rep2-tcp,airspan-followup-70-20-10,guided-planning,tcp,veh-028,veh-028,rsu-1,c4-rep2-tcp-veh-028-441,ipi-session-1,airspan-followup-c4-rep2,veh-028,441,100-clients,default,stationary,unsynced,true,true,payload_bytes,1024,bytes,IPI-CooperativeService,1099,1786032812716408105,1786032639058656823,1786032639058711062,1786032813042239437,325.831,,0.054,173983.528,"CooperativeService{guidedPlanning, status=request, vehicleId=0x7665682d303238, requestedHorizonMs=2500, confidence=100, planning.waypoints=1, offloadTaskId=probe-441, offloadPayload=1024 bytes}"
5g-sender,1786032813524506485,edge4av-real-20260806-airspan-followup-run-1,c4-rep2-tcp,airspan-followup-70-20-10,guided-planning,tcp,veh-028,veh-028,rsu-1,c4-rep2-tcp-veh-028-442,ipi-session-1,airspan-followup-c4-rep2,veh-028,442,100-clients,default,stationary,unsynced,true,true,payload_bytes,1024,bytes,IPI-CooperativeService,1099,1786032813242403018,1786032639519894295,1786032639519960723,1786032813524506485,282.103,,0.066,174004.546,"CooperativeService{guidedPlanning, status=request, vehicleId=0x7665682d303238, requestedHorizonMs=2500, confidence=100, planning.waypoints=1, offloadTaskId=probe-442, offloadPayload=1024 bytes}"
5g-sender,1786032813988160808,edge4av-real-20260806-airspan-followup-run-1,c4-rep2-tcp,airspan-followup-70-20-10,guided-planning,tcp,veh-028,veh-028,rsu-1,c4-rep2-tcp-veh-028-443,ipi-session-1,airspan-followup-c4-rep2,veh-028,443,100-clients,default,stationary,unsynced,true,true,payload_bytes,1024,bytes,IPI-CooperativeService,1099,1786032813725334213,1786032640000512415,1786032640000564276,1786032813988160808,262.827,,0.052,173987.597,"CooperativeService{guidedPlanning, status=request, vehicleId=0x7665682d303238, requestedHorizonMs=2500, confidence=100, planning.waypoints=1, offloadTaskId=probe-443, offloadPayload=1024 bytes}"
5g-sender,1786032814486193451,edge4av-real-20260806-airspan-followup-run-1,c4-rep2-tcp,airspan-followup-70-20-10,guided-planning,tcp,veh-028,veh-028,rsu-1,c4-rep2-tcp-veh-028-444,ipi-session-1,airspan-followup-c4-rep2,veh-028,444,100-clients,default,stationary,unsynced,true,true,payload_bytes,1024,bytes,IPI-CooperativeService,1099,1786032814188326066,1786032640461356937,1786032640461416856,1786032814486193451,297.867,,0.060,174024.777,"CooperativeService{guidedPlanning, status=request, vehicleId=0x7665682d303238, requestedHorizonMs=2500, confidence=100, planning.waypoints=1, offloadTaskId=probe-444, offloadPayload=1024 bytes}"
5g-sender,1786032814956202787,edge4av-real-20260806-airspan-followup-run-1,c4-rep2-tcp,airspan-followup-70-20-10,guided-planning,tcp,veh-028,veh-028,rsu-1,c4-rep2-tcp-veh-028-445,ipi-session-1,airspan-followup-c4-rep2,veh-028,445,100-clients,default,stationary,unsynced,true,true,payload_bytes,1024,bytes,IPI-CooperativeService,1099,1786032814686389505,1786032640982299362,1786032640982357403,1786032814956202787,269.813,,0.058,173973.845,"CooperativeService{guidedPlanning, status=request, vehicleId=0x7665682d303238, requestedHorizonMs=2500, confidence=100, planning.waypoints=1, offloadTaskId=probe-445, offloadPayload=1024 bytes}"
5g-sender,1786032815402270682,edge4av-real-20260806-airspan-followup-run-1,c4-rep2-tcp,airspan-followup-70-20-10,guided-planning,tcp,veh-028,veh-028,rsu-1,c4-rep2-tcp-veh-028-446,ipi-session-1,airspan-followup-c4-rep2,veh-028,446,100-clients,default,stationary,unsynced,true,true,payload_bytes,1024,bytes,IPI-CooperativeService,1099,1786032815156366487,1786032641422850283,1786032641422876804,1786032815402270682,245.904,,0.027,173979.394,"CooperativeService{guidedPlanning, status=request, vehicleId=0x7665682d303238, requestedHorizonMs=2500, confidence=100, planning.waypoints=1, offloadTaskId=probe-446, offloadPayload=1024 bytes}"
5g-sender,1786032815842215726,edge4av-real-20260806-airspan-followup-run-1,c4-rep2-tcp,airspan-followup-70-20-10,guided-planning,tcp,veh-028,veh-028,rsu-1,c4-rep2-tcp-veh-028-447,ipi-session-1,airspan-followup-c4-rep2,veh-028,447,100-clients,default,stationary,unsynced,true,true,payload_bytes,1024,bytes,IPI-CooperativeService,1099,1786032815602445827,1786032641843802739,1786032641843845338,1786032815842215726,239.770,,0.043,173998.370,"CooperativeService{guidedPlanning, status=request, vehicleId=0x7665682d303238, requestedHorizonMs=2500, confidence=100, planning.waypoints=1, offloadTaskId=probe-447, offloadPayload=1024 bytes}"
5g-sender,1786032816330091666,edge4av-real-20260806-airspan-followup-run-1,c4-rep2-tcp,airspan-followup-70-20-10,guided-planning,tcp,veh-028,veh-028,rsu-1,c4-rep2-tcp-veh-028-448,ipi-session-1,airspan-followup-c4-rep2,veh-028,448,100-clients,default,stationary,unsynced,true,true,payload_bytes,1024,bytes,IPI-CooperativeService,1099,1786032816042372540,1786032642335019020,1786032642335083183,1786032816330091666,287.719,,0.064,173995.008,"CooperativeService{guidedPlanning, status=request, vehicleId=0x7665682d303238, requestedHorizonMs=2500, confidence=100, planning.waypoints=1, offloadTaskId=probe-448, offloadPayload=1024 bytes}"
5g-sender,1786032816820226201,edge4av-real-20260806-airspan-followup-run-1,c4-rep2-tcp,airspan-followup-70-20-10,guided-planning,tcp,veh-028,veh-028,rsu-1,c4-rep2-tcp-veh-028-449,ipi-session-1,airspan-followup-c4-rep2,veh-028,449,100-clients,default,stationary,unsynced,true,true,payload_bytes,1024,bytes,IPI-CooperativeService,1099,1786032816530249027,1786032642845597807,1786032642845643546,1786032816820226201,289.977,,0.046,173974.583,"CooperativeService{guidedPlanning, status=request, vehicleId=0x7665682d303238, requestedHorizonMs=2500, confidence=100, planning.waypoints=1, offloadTaskId=probe-449, offloadPayload=1024 bytes}"
5g-sender,1786032817194319976,edge4av-real-20260806-airspan-followup-run-1,c4-rep2-tcp,airspan-followup-70-20-10,guided-planning,tcp,veh-028,veh-028,rsu-1,c4-rep2-tcp-veh-028-450,ipi-session-1,airspan-followup-c4-rep2,veh-028,450,100-clients,default,stationary,unsynced,true,true,payload_bytes,1024,bytes,IPI-CooperativeService,1099,1786032817020392889,1786032643206191176,1786032643206234485,1786032817194319976,173.927,,0.043,173988.085,"CooperativeService{guidedPlanning, status=request, vehicleId=0x7665682d303238, requestedHorizonMs=2500, confidence=100, planning.waypoints=1, offloadTaskId=probe-450, offloadPayload=1024 bytes}"
5g-sender,1786032817636300946,edge4av-real-20260806-airspan-followup-run-1,c4-rep2-tcp,airspan-followup-70-20-10,guided-planning,tcp,veh-028,veh-028,rsu-1,c4-rep2-tcp-veh-028-451,ipi-session-1,airspan-followup-c4-rep2,veh-028,451,100-clients,default,stationary,unsynced,true,true,payload_bytes,1024,bytes,IPI-CooperativeService,1099,1786032817394454480,1786032643636936007,1786032643637009927,1786032817636300946,241.846,,0.074,173999.291,"CooperativeService{guidedPlanning, status=request, vehicleId=0x7665682d303238, requestedHorizonMs=2500, confidence=100, planning.waypoints=1, offloadTaskId=probe-451, offloadPayload=1024 bytes}"
5g-sender,1786032818080448897,edge4av-real-20260806-airspan-followup-run-1,c4-rep2-tcp,airspan-followup-70-20-10,guided-planning,tcp,veh-028,veh-028,rsu-1,c4-rep2-tcp-veh-028-452,ipi-session-1,airspan-followup-c4-rep2,veh-028,452,100-clients,default,stationary,unsynced,true,true,payload_bytes,1024,bytes,IPI-CooperativeService,1099,1786032817836523444,1786032644077410705,1786032644077449523,1786032818080448897,243.925,,0.039,174002.999,"CooperativeService{guidedPlanning, status=request, vehicleId=0x7665682d303238, requestedHorizonMs=2500, confidence=100, planning.waypoints=1, offloadTaskId=probe-452, offloadPayload=1024 bytes}"
5g-sender,1786032818572286128,edge4av-real-20260806-airspan-followup-run-1,c4-rep2-tcp,airspan-followup-70-20-10,guided-planning,tcp,veh-028,veh-028,rsu-1,c4-rep2-tcp-veh-028-453,ipi-session-1,airspan-followup-c4-rep2,veh-028,453,100-clients,default,stationary,unsynced,true,true,payload_bytes,1024,bytes,IPI-CooperativeService,1099,1786032818280668865,1786032644578358562,1786032644578415667,1786032818572286128,291.617,,0.057,173993.870,"CooperativeService{guidedPlanning, status=request, vehicleId=0x7665682d303238, requestedHorizonMs=2500, confidence=100, planning.waypoints=1, offloadTaskId=probe-453, offloadPayload=1024 bytes}"
5g-sender,1786032819132543904,edge4av-real-20260806-airspan-followup-run-1,c4-rep2-tcp,airspan-followup-70-20-10,guided-planning,tcp,veh-028,veh-028,rsu-1,c4-rep2-tcp-veh-028-454,ipi-session-1,airspan-followup-c4-rep2,veh-028,454,100-clients,default,stationary,unsynced,true,true,payload_bytes,1024,bytes,IPI-CooperativeService,1099,1786032818772486547,1786032645149317284,1786032645149358534,1786032819132543904,360.057,,0.041,173983.185,"CooperativeService{guidedPlanning, status=request, vehicleId=0x7665682d303238, requestedHorizonMs=2500, confidence=100, planning.waypoints=1, offloadTaskId=probe-454, offloadPayload=1024 bytes}"
5g-sender,1786032819612217466,edge4av-real-20260806-airspan-followup-run-1,c4-rep2-tcp,airspan-followup-70-20-10,guided-planning,tcp,veh-028,veh-028,rsu-1,c4-rep2-tcp-veh-028-455,ipi-session-1,airspan-followup-c4-rep2,veh-028,455,100-clients,default,stationary,unsynced,true,true,payload_bytes,1024,bytes,IPI-CooperativeService,1099,1786032819332955464,1786032645609889424,1786032645609904763,1786032819612217466,279.262,,0.015,174002.313,"CooperativeService{guidedPlanning, status=request, vehicleId=0x7665682d303238, requestedHorizonMs=2500, confidence=100, planning.waypoints=1, offloadTaskId=probe-455, offloadPayload=1024 bytes}"
5g-sender,1786032819994370597,edge4av-real-20260806-airspan-followup-run-1,c4-rep2-tcp,airspan-followup-70-20-10,guided-planning,tcp,veh-028,veh-028,rsu-1,c4-rep2-tcp-veh-028-456,ipi-session-1,airspan-followup-c4-rep2,veh-028,456,100-clients,default,stationary,unsynced,true,true,payload_bytes,1024,bytes,IPI-CooperativeService,1099,1786032819812383724,1786032646000807590,1786032646000850560,1786032819994370597,181.987,,0.043,173993.520,"CooperativeService{guidedPlanning, status=request, vehicleId=0x7665682d303238, requestedHorizonMs=2500, confidence=100, planning.waypoints=1, offloadTaskId=probe-456, offloadPayload=1024 bytes}"
5g-sender,1786032820438231138,edge4av-real-20260806-airspan-followup-run-1,c4-rep2-tcp,airspan-followup-70-20-10,guided-planning,tcp,veh-028,veh-028,rsu-1,c4-rep2-tcp-veh-028-457,ipi-session-1,airspan-followup-c4-rep2,veh-028,457,100-clients,default,stationary,unsynced,true,true,payload_bytes,1024,bytes,IPI-CooperativeService,1099,1786032820194575541,1786032646451320128,1786032646451361220,1786032820438231138,243.656,,0.041,173986.870,"CooperativeService{guidedPlanning, status=request, vehicleId=0x7665682d303238, requestedHorizonMs=2500, confidence=100, planning.waypoints=1, offloadTaskId=probe-457, offloadPayload=1024 bytes}"
5g-sender,1786032820990395621,edge4av-real-20260806-airspan-followup-run-1,c4-rep2-tcp,airspan-followup-70-20-10,guided-planning,tcp,veh-028,veh-028,rsu-1,c4-rep2-tcp-veh-028-458,ipi-session-1,airspan-followup-c4-rep2,veh-028,458,100-clients,default,stationary,unsynced,true,true,payload_bytes,1024,bytes,IPI-CooperativeService,1099,1786032820638413823,1786032646982200159,1786032646982242587,1786032820990395621,351.982,,0.042,174008.153,"CooperativeService{guidedPlanning, status=request, vehicleId=0x7665682d303238, requestedHorizonMs=2500, confidence=100, planning.waypoints=1, offloadTaskId=probe-458, offloadPayload=1024 bytes}"
5g-sender,1786032821526323437,edge4av-real-20260806-airspan-followup-run-1,c4-rep2-tcp,airspan-followup-70-20-10,guided-planning,tcp,veh-028,veh-028,rsu-1,c4-rep2-tcp-veh-028-459,ipi-session-1,airspan-followup-c4-rep2,veh-028,459,100-clients,default,stationary,unsynced,true,true,payload_bytes,1024,bytes,IPI-CooperativeService,1099,1786032821190644529,1786032647523467132,1786032647523510325,1786032821526323437,335.679,,0.043,174002.813,"CooperativeService{guidedPlanning, status=request, vehicleId=0x7665682d303238, requestedHorizonMs=2500, confidence=100, planning.waypoints=1, offloadTaskId=probe-459, offloadPayload=1024 bytes}"
5g-sender,1786032822022194245,edge4av-real-20260806-airspan-followup-run-1,c4-rep2-tcp,airspan-followup-70-20-10,guided-planning,tcp,veh-028,veh-028,rsu-1,c4-rep2-tcp-veh-028-460,ipi-session-1,airspan-followup-c4-rep2,veh-028,460,100-clients,default,stationary,unsynced,true,true,payload_bytes,1024,bytes,IPI-CooperativeService,1099,1786032821726585813,1786032648014142232,1786032648014194134,1786032822022194245,295.608,,0.052,174008.000,"CooperativeService{guidedPlanning, status=request, vehicleId=0x7665682d303238, requestedHorizonMs=2500, confidence=100, planning.waypoints=1, offloadTaskId=probe-460, offloadPayload=1024 bytes}"
5g-sender,1786032822528269009,edge4av-real-20260806-airspan-followup-run-1,c4-rep2-tcp,airspan-followup-70-20-10,guided-planning,tcp,veh-028,veh-028,rsu-1,c4-rep2-tcp-veh-028-461,ipi-session-1,airspan-followup-c4-rep2,veh-028,461,100-clients,default,stationary,unsynced,true,true,payload_bytes,1024,bytes,IPI-CooperativeService,1099,1786032822222350815,1786032648544909141,1786032648544944878,1786032822528269009,305.918,,0.036,173983.324,"CooperativeService{guidedPlanning, status=request, vehicleId=0x7665682d303238, requestedHorizonMs=2500, confidence=100, planning.waypoints=1, offloadTaskId=probe-461, offloadPayload=1024 bytes}"
5g-sender,1786032823010104119,edge4av-real-20260806-airspan-followup-run-1,c4-rep2-tcp,airspan-followup-70-20-10,guided-planning,tcp,veh-028,veh-028,rsu-1,c4-rep2-tcp-veh-028-462,ipi-session-1,airspan-followup-c4-rep2,veh-028,462,100-clients,default,stationary,unsynced,true,true,payload_bytes,1024,bytes,IPI-CooperativeService,1099,1786032822728403220,1786032649025637352,1786032649025676795,1786032823010104119,281.701,,0.039,173984.427,"CooperativeService{guidedPlanning, status=request, vehicleId=0x7665682d303238, requestedHorizonMs=2500, confidence=100, planning.waypoints=1, offloadTaskId=probe-462, offloadPayload=1024 bytes}"
5g-sender,1786032823501659414,edge4av-real-20260806-airspan-followup-run-1,c4-rep2-tcp,airspan-followup-70-20-10,guided-planning,tcp,veh-028,veh-028,rsu-1,c4-rep2-tcp-veh-028-463,ipi-session-1,airspan-followup-c4-rep2,veh-028,463,100-clients,default,stationary,unsynced,true,true,payload_bytes,1024,bytes,IPI-CooperativeService,1099,1786032823210288207,1786032649476258874,1786032649476309102,1786032823501659414,291.371,,0.050,174025.350,"CooperativeService{guidedPlanning, status=request, vehicleId=0x7665682d303238, requestedHorizonMs=2500, confidence=100, planning.waypoints=1, offloadTaskId=probe-463, offloadPayload=1024 bytes}"
5g-sender,1786032823980230845,edge4av-real-20260806-airspan-followup-run-1,c4-rep2-tcp,airspan-followup-70-20-10,guided-planning,tcp,veh-028,veh-028,rsu-1,c4-rep2-tcp-veh-028-464,ipi-session-1,airspan-followup-c4-rep2,veh-028,464,100-clients,default,stationary,unsynced,true,true,payload_bytes,1024,bytes,IPI-CooperativeService,1099,1786032823701830611,1786032649977415464,1786032649977465827,1786032823980230845,278.400,,0.050,174002.765,"CooperativeService{guidedPlanning, status=request, vehicleId=0x7665682d303238, requestedHorizonMs=2500, confidence=100, planning.waypoints=1, offloadTaskId=probe-464, offloadPayload=1024 bytes}"
5g-sender,1786032824436393114,edge4av-real-20260806-airspan-followup-run-1,c4-rep2-tcp,airspan-followup-70-20-10,guided-planning,tcp,veh-028,veh-028,rsu-1,c4-rep2-tcp-veh-028-465,ipi-session-1,airspan-followup-c4-rep2,veh-028,465,100-clients,default,stationary,unsynced,true,true,payload_bytes,1024,bytes,IPI-CooperativeService,1099,1786032824180401710,1786032650458107811,1786032650458150789,1786032824436393114,255.991,,0.043,173978.242,"CooperativeService{guidedPlanning, status=request, vehicleId=0x7665682d303238, requestedHorizonMs=2500, confidence=100, planning.waypoints=1, offloadTaskId=probe-465, offloadPayload=1024 bytes}"
5g-sender,1786032824996379369,edge4av-real-20260806-airspan-followup-run-1,c4-rep2-tcp,airspan-followup-70-20-10,guided-planning,tcp,veh-028,veh-028,rsu-1,c4-rep2-tcp-veh-028-466,ipi-session-1,airspan-followup-c4-rep2,veh-028,466,100-clients,default,stationary,unsynced,true,true,payload_bytes,1024,bytes,IPI-CooperativeService,1099,1786032824636644982,1786032650979018430,1786032650979078265,1786032824996379369,359.734,,0.060,174017.301,"CooperativeService{guidedPlanning, status=request, vehicleId=0x7665682d303238, requestedHorizonMs=2500, confidence=100, planning.waypoints=1, offloadTaskId=probe-466, offloadPayload=1024 bytes}"
5g-sender,1786032825456223550,edge4av-real-20260806-airspan-followup-run-1,c4-rep2-tcp,airspan-followup-70-20-10,guided-planning,tcp,veh-028,veh-028,rsu-1,c4-rep2-tcp-veh-028-467,ipi-session-1,airspan-followup-c4-rep2,veh-028,467,100-clients,default,stationary,unsynced,true,true,payload_bytes,1024,bytes,IPI-CooperativeService,1099,1786032825196585904,1786032651469813456,1786032651469871069,1786032825456223550,259.638,,0.058,173986.352,"CooperativeService{guidedPlanning, status=request, vehicleId=0x7665682d303238, requestedHorizonMs=2500, confidence=100, planning.waypoints=1, offloadTaskId=probe-467, offloadPayload=1024 bytes}"
5g-sender,1786032825878304755,edge4av-real-20260806-airspan-followup-run-1,c4-rep2-tcp,airspan-followup-70-20-10,guided-planning,tcp,veh-028,veh-028,rsu-1,c4-rep2-tcp-veh-028-468,ipi-session-1,airspan-followup-c4-rep2,veh-028,468,100-clients,default,stationary,unsynced,true,true,payload_bytes,1024,bytes,IPI-CooperativeService,1099,1786032825656417924,1786032651890420858,1786032651890458599,1786032825878304755,221.887,,0.038,173987.846,"CooperativeService{guidedPlanning, status=request, vehicleId=0x7665682d303238, requestedHorizonMs=2500, confidence=100, planning.waypoints=1, offloadTaskId=probe-468, offloadPayload=1024 bytes}"
5g-sender,1786032826314311713,edge4av-real-20260806-airspan-followup-run-1,c4-rep2-tcp,airspan-followup-70-20-10,guided-planning,tcp,veh-028,veh-028,rsu-1,c4-rep2-tcp-veh-028-469,ipi-session-1,airspan-followup-c4-rep2,veh-028,469,100-clients,default,stationary,unsynced,true,true,payload_bytes,1024,bytes,IPI-CooperativeService,1099,1786032826078476509,1786032652331390784,1786032652331456778,1786032826314311713,235.835,,0.066,173982.855,"CooperativeService{guidedPlanning, status=request, vehicleId=0x7665682d303238, requestedHorizonMs=2500, confidence=100, planning.waypoints=1, offloadTaskId=probe-469, offloadPayload=1024 bytes}"
5g-sender,1786032826728485389,edge4av-real-20260806-airspan-followup-run-1,c4-rep2-tcp,airspan-followup-70-20-10,guided-planning,tcp,veh-028,veh-028,rsu-1,c4-rep2-tcp-veh-028-470,ipi-session-1,airspan-followup-c4-rep2,veh-028,470,100-clients,default,stationary,unsynced,true,true,payload_bytes,1024,bytes,IPI-CooperativeService,1099,1786032826514477603,1786032652721875627,1786032652721930175,1786032826728485389,214.008,,0.055,174006.555,"CooperativeService{guidedPlanning, status=request, vehicleId=0x7665682d303238, requestedHorizonMs=2500, confidence=100, planning.waypoints=1, offloadTaskId=probe-470, offloadPayload=1024 bytes}"
5g-sender,1786032827168142621,edge4av-real-20260806-airspan-followup-run-1,c4-rep2-tcp,airspan-followup-70-20-10,guided-planning,tcp,veh-028,veh-028,rsu-1,c4-rep2-tcp-veh-028-471,ipi-session-1,airspan-followup-c4-rep2,veh-028,471,100-clients,default,stationary,unsynced,true,true,payload_bytes,1024,bytes,IPI-CooperativeService,1099,1786032826928674563,1786032653182846351,1786032653182909741,1786032827168142621,239.468,,0.063,173985.233,"CooperativeService{guidedPlanning, status=request, vehicleId=0x7665682d303238, requestedHorizonMs=2500, confidence=100, planning.waypoints=1, offloadTaskId=probe-471, offloadPayload=1024 bytes}"
5g-sender,1786032827640252490,edge4av-real-20260806-airspan-followup-run-1,c4-rep2-tcp,airspan-followup-70-20-10,guided-planning,tcp,veh-028,veh-028,rsu-1,c4-rep2-tcp-veh-028-472,ipi-session-1,airspan-followup-c4-rep2,veh-028,472,100-clients,default,stationary,unsynced,true,true,payload_bytes,1024,bytes,IPI-CooperativeService,1099,1786032827368330930,1786032653653617171,1786032653653702504,1786032827640252490,271.922,,0.085,173986.550,"CooperativeService{guidedPlanning, status=request, vehicleId=0x7665682d303238, requestedHorizonMs=2500, confidence=100, planning.waypoints=1, offloadTaskId=probe-472, offloadPayload=1024 bytes}"
5g-sender,1786032828060385202,edge4av-real-20260806-airspan-followup-run-1,c4-rep2-tcp,airspan-followup-70-20-10,guided-planning,tcp,veh-028,veh-028,rsu-1,c4-rep2-tcp-veh-028-473,ipi-session-1,airspan-followup-c4-rep2,veh-028,473,100-clients,default,stationary,unsynced,true,true,payload_bytes,1024,bytes,IPI-CooperativeService,1099,1786032827840435581,1786032654084203218,1786032654084246318,1786032828060385202,219.950,,0.043,173976.139,"CooperativeService{guidedPlanning, status=request, vehicleId=0x7665682d303238, requestedHorizonMs=2500, confidence=100, planning.waypoints=1, offloadTaskId=probe-473, offloadPayload=1024 bytes}"
5g-sender,1786032828558190705,edge4av-real-20260806-airspan-followup-run-1,c4-rep2-tcp,airspan-followup-70-20-10,guided-planning,tcp,veh-028,veh-028,rsu-1,c4-rep2-tcp-veh-028-474,ipi-session-1,airspan-followup-c4-rep2,veh-028,474,100-clients,default,stationary,unsynced,true,true,payload_bytes,1024,bytes,IPI-CooperativeService,1099,1786032828260571253,1786032654584954275,1786032654585020843,1786032828558190705,297.619,,0.067,173973.170,"CooperativeService{guidedPlanning, status=request, vehicleId=0x7665682d303238, requestedHorizonMs=2500, confidence=100, planning.waypoints=1, offloadTaskId=probe-474, offloadPayload=1024 bytes}"
5g-sender,1786032829380369795,edge4av-real-20260806-airspan-followup-run-1,c4-rep2-tcp,airspan-followup-70-20-10,guided-planning,tcp,veh-028,veh-028,rsu-1,c4-rep2-tcp-veh-028-475,ipi-session-1,airspan-followup-c4-rep2,veh-028,475,100-clients,default,stationary,unsynced,true,true,payload_bytes,1024,bytes,IPI-CooperativeService,1099,1786032828758393263,1786032655376530470,1786032655376582079,1786032829380369795,621.977,,0.052,174003.788,"CooperativeService{guidedPlanning, status=request, vehicleId=0x7665682d303238, requestedHorizonMs=2500, confidence=100, planning.waypoints=1, offloadTaskId=probe-475, offloadPayload=1024 bytes}"
5g-sender,1786032829800094836,edge4av-real-20260806-airspan-followup-run-1,c4-rep2-tcp,airspan-followup-70-20-10,guided-planning,tcp,veh-028,veh-028,rsu-1,c4-rep2-tcp-veh-028-476,ipi-session-1,airspan-followup-c4-rep2,veh-028,476,100-clients,default,stationary,unsynced,true,true,payload_bytes,1024,bytes,IPI-CooperativeService,1099,1786032829580558769,1786032655816910120,1786032655816972803,1786032829800094836,219.536,,0.063,173983.122,"CooperativeService{guidedPlanning, status=request, vehicleId=0x7665682d303238, requestedHorizonMs=2500, confidence=100, planning.waypoints=1, offloadTaskId=probe-476, offloadPayload=1024 bytes}"
5g-sender,1786032830274313877,edge4av-real-20260806-airspan-followup-run-1,c4-rep2-tcp,airspan-followup-70-20-10,guided-planning,tcp,veh-028,veh-028,rsu-1,c4-rep2-tcp-veh-028-477,ipi-session-1,airspan-followup-c4-rep2,veh-028,477,100-clients,default,stationary,unsynced,true,true,payload_bytes,1024,bytes,IPI-CooperativeService,1099,1786032830000255389,1786032656287966400,1786032656288017853,1786032830274313877,274.058,,0.051,173986.296,"CooperativeService{guidedPlanning, status=request, vehicleId=0x7665682d303238, requestedHorizonMs=2500, confidence=100, planning.waypoints=1, offloadTaskId=probe-477, offloadPayload=1024 bytes}"
5g-sender,1786032830776369018,edge4av-real-20260806-airspan-followup-run-1,c4-rep2-tcp,airspan-followup-70-20-10,guided-planning,tcp,veh-028,veh-028,rsu-1,c4-rep2-tcp-veh-028-478,ipi-session-1,airspan-followup-c4-rep2,veh-028,478,100-clients,default,stationary,unsynced,true,true,payload_bytes,1024,bytes,IPI-CooperativeService,1099,1786032830474474454,1786032656768889113,1786032656768951218,1786032830776369018,301.895,,0.062,174007.418,"CooperativeService{guidedPlanning, status=request, vehicleId=0x7665682d303238, requestedHorizonMs=2500, confidence=100, planning.waypoints=1, offloadTaskId=probe-478, offloadPayload=1024 bytes}"
5g-sender,1786032831162338495,edge4av-real-20260806-airspan-followup-run-1,c4-rep2-tcp,airspan-followup-70-20-10,guided-planning,tcp,veh-028,veh-028,rsu-1,c4-rep2-tcp-veh-028-479,ipi-session-1,airspan-followup-c4-rep2,veh-028,479,100-clients,default,stationary,unsynced,true,true,payload_bytes,1024,bytes,IPI-CooperativeService,1099,1786032830976676570,1786032657179526907,1786032657179582858,1786032831162338495,185.662,,0.056,173982.756,"CooperativeService{guidedPlanning, status=request, vehicleId=0x7665682d303238, requestedHorizonMs=2500, confidence=100, planning.waypoints=1, offloadTaskId=probe-479, offloadPayload=1024 bytes}"
5g-sender,1786032831634385018,edge4av-real-20260806-airspan-followup-run-1,c4-rep2-tcp,airspan-followup-70-20-10,guided-planning,tcp,veh-028,veh-028,rsu-1,c4-rep2-tcp-veh-028-480,ipi-session-1,airspan-followup-c4-rep2,veh-028,480,100-clients,default,stationary,unsynced,true,true,payload_bytes,1024,bytes,IPI-CooperativeService,1099,1786032831362457331,1786032657640414718,1786032657640480242,1786032831634385018,271.928,,0.066,173993.905,"CooperativeService{guidedPlanning, status=request, vehicleId=0x7665682d303238, requestedHorizonMs=2500, confidence=100, planning.waypoints=1, offloadTaskId=probe-480, offloadPayload=1024 bytes}"
5g-sender,1786032832226460581,edge4av-real-20260806-airspan-followup-run-1,c4-rep2-tcp,airspan-followup-70-20-10,guided-planning,tcp,veh-028,veh-028,rsu-1,c4-rep2-tcp-veh-028-481,ipi-session-1,airspan-followup-c4-rep2,veh-028,481,100-clients,default,stationary,unsynced,true,true,payload_bytes,1024,bytes,IPI-CooperativeService,1099,1786032831834633103,1786032658221339368,1786032658221416803,1786032832226460581,391.827,,0.077,174005.044,"CooperativeService{guidedPlanning, status=request, vehicleId=0x7665682d303238, requestedHorizonMs=2500, confidence=100, planning.waypoints=1, offloadTaskId=probe-481, offloadPayload=1024 bytes}"
5g-sender,1786032832746330929,edge4av-real-20260806-airspan-followup-run-1,c4-rep2-tcp,airspan-followup-70-20-10,guided-planning,tcp,veh-028,veh-028,rsu-1,c4-rep2-tcp-veh-028-482,ipi-session-1,airspan-followup-c4-rep2,veh-028,482,100-clients,default,stationary,unsynced,true,true,payload_bytes,1024,bytes,IPI-CooperativeService,1099,1786032832426628988,1786032658742040388,1786032658742068314,1786032832746330929,319.702,,0.028,174004.263,"CooperativeService{guidedPlanning, status=request, vehicleId=0x7665682d303238, requestedHorizonMs=2500, confidence=100, planning.waypoints=1, offloadTaskId=probe-482, offloadPayload=1024 bytes}"
5g-sender,1786032833148444671,edge4av-real-20260806-airspan-followup-run-1,c4-rep2-tcp,airspan-followup-70-20-10,guided-planning,tcp,veh-028,veh-028,rsu-1,c4-rep2-tcp-veh-028-483,ipi-session-1,airspan-followup-c4-rep2,veh-028,483,100-clients,default,stationary,unsynced,true,true,payload_bytes,1024,bytes,IPI-CooperativeService,1099,1786032832946524100,1786032659162996891,1786032659163062724,1786032833148444671,201.921,,0.066,173985.382,"CooperativeService{guidedPlanning, status=request, vehicleId=0x7665682d303238, requestedHorizonMs=2500, confidence=100, planning.waypoints=1, offloadTaskId=probe-483, offloadPayload=1024 bytes}"
5g-sender,1786032833652365763,edge4av-real-20260806-airspan-followup-run-1,c4-rep2-tcp,airspan-followup-70-20-10,guided-planning,tcp,veh-028,veh-028,rsu-1,c4-rep2-tcp-veh-028-484,ipi-session-1,airspan-followup-c4-rep2,veh-028,484,100-clients,default,stationary,unsynced,true,true,payload_bytes,1024,bytes,IPI-CooperativeService,1099,1786032833348630372,1786032659674028075,1786032659674085610,1786032833652365763,303.735,,0.058,173978.280,"CooperativeService{guidedPlanning, status=request, vehicleId=0x7665682d303238, requestedHorizonMs=2500, confidence=100, planning.waypoints=1, offloadTaskId=probe-484, offloadPayload=1024 bytes}"
5g-sender,1786032834070329176,edge4av-real-20260806-airspan-followup-run-1,c4-rep2-tcp,airspan-followup-70-20-10,guided-planning,tcp,veh-028,veh-028,rsu-1,c4-rep2-tcp-veh-028-485,ipi-session-1,airspan-followup-c4-rep2,veh-028,485,100-clients,default,stationary,unsynced,true,true,payload_bytes,1024,bytes,IPI-CooperativeService,1099,1786032833852577217,1786032660084801668,1786032660084842180,1786032834070329176,217.752,,0.041,173985.487,"CooperativeService{guidedPlanning, status=request, vehicleId=0x7665682d303238, requestedHorizonMs=2500, confidence=100, planning.waypoints=1, offloadTaskId=probe-485, offloadPayload=1024 bytes}"
5g-sender,1786032834558219628,edge4av-real-20260806-airspan-followup-run-1,c4-rep2-tcp,airspan-followup-70-20-10,guided-planning,tcp,veh-028,veh-028,rsu-1,c4-rep2-tcp-veh-028-486,ipi-session-1,airspan-followup-c4-rep2,veh-028,486,100-clients,default,stationary,unsynced,true,true,payload_bytes,1024,bytes,IPI-CooperativeService,1099,1786032834270494230,1786032660545752305,1786032660545794821,1786032834558219628,287.725,,0.043,174012.425,"CooperativeService{guidedPlanning, status=request, vehicleId=0x7665682d303238, requestedHorizonMs=2500, confidence=100, planning.waypoints=1, offloadTaskId=probe-486, offloadPayload=1024 bytes}"
5g-sender,1786032835072302663,edge4av-real-20260806-airspan-followup-run-1,c4-rep2-tcp,airspan-followup-70-20-10,guided-planning,tcp,veh-028,veh-028,rsu-1,c4-rep2-tcp-veh-028-487,ipi-session-1,airspan-followup-c4-rep2,veh-028,487,100-clients,default,stationary,unsynced,true,true,payload_bytes,1024,bytes,IPI-CooperativeService,1099,1786032834758434572,1786032661086599602,1786032661086656770,1786032835072302663,313.868,,0.057,173985.646,"CooperativeService{guidedPlanning, status=request, vehicleId=0x7665682d303238, requestedHorizonMs=2500, confidence=100, planning.waypoints=1, offloadTaskId=probe-487, offloadPayload=1024 bytes}"
5g-sender,1786032835556309044,edge4av-real-20260806-airspan-followup-run-1,c4-rep2-tcp,airspan-followup-70-20-10,guided-planning,tcp,veh-028,veh-028,rsu-1,c4-rep2-tcp-veh-028-488,ipi-session-1,airspan-followup-c4-rep2,veh-028,488,100-clients,default,stationary,unsynced,true,true,payload_bytes,1024,bytes,IPI-CooperativeService,1099,1786032835272444980,1786032661557619552,1786032661557636095,1786032835556309044,283.864,,0.017,173998.673,"CooperativeService{guidedPlanning, status=request, vehicleId=0x7665682d303238, requestedHorizonMs=2500, confidence=100, planning.waypoints=1, offloadTaskId=probe-488, offloadPayload=1024 bytes}"
5g-sender,1786032836074248909,edge4av-real-20260806-airspan-followup-run-1,c4-rep2-tcp,airspan-followup-70-20-10,guided-planning,tcp,veh-028,veh-028,rsu-1,c4-rep2-tcp-veh-028-489,ipi-session-1,airspan-followup-c4-rep2,veh-028,489,100-clients,default,stationary,unsynced,true,true,payload_bytes,1024,bytes,IPI-CooperativeService,1099,1786032835756548438,1786032662088408549,1786032662088454137,1786032836074248909,317.700,,0.046,173985.795,"CooperativeService{guidedPlanning, status=request, vehicleId=0x7665682d303238, requestedHorizonMs=2500, confidence=100, planning.waypoints=1, offloadTaskId=probe-489, offloadPayload=1024 bytes}"
5g-sender,1786032836542364251,edge4av-real-20260806-airspan-followup-run-1,c4-rep2-tcp,airspan-followup-70-20-10,guided-planning,tcp,veh-028,veh-028,rsu-1,c4-rep2-tcp-veh-028-490,ipi-session-1,airspan-followup-c4-rep2,veh-028,490,100-clients,default,stationary,unsynced,true,true,payload_bytes,1024,bytes,IPI-CooperativeService,1099,1786032836274439667,1786032662549699066,1786032662549755758,1786032836542364251,267.925,,0.057,173992.608,"CooperativeService{guidedPlanning, status=request, vehicleId=0x7665682d303238, requestedHorizonMs=2500, confidence=100, planning.waypoints=1, offloadTaskId=probe-490, offloadPayload=1024 bytes}"
5g-sender,1786032836986445403,edge4av-real-20260806-airspan-followup-run-1,c4-rep2-tcp,airspan-followup-70-20-10,guided-planning,tcp,veh-028,veh-028,rsu-1,c4-rep2-tcp-veh-028-491,ipi-session-1,airspan-followup-c4-rep2,veh-028,491,100-clients,default,stationary,unsynced,true,true,payload_bytes,1024,bytes,IPI-CooperativeService,1099,1786032836742548478,1786032663000292650,1786032663000343428,1786032836986445403,243.897,,0.051,173986.102,"CooperativeService{guidedPlanning, status=request, vehicleId=0x7665682d303238, requestedHorizonMs=2500, confidence=100, planning.waypoints=1, offloadTaskId=probe-491, offloadPayload=1024 bytes}"
5g-sender,1786032837428492462,edge4av-real-20260806-airspan-followup-run-1,c4-rep2-tcp,airspan-followup-70-20-10,guided-planning,tcp,veh-028,veh-028,rsu-1,c4-rep2-tcp-veh-028-492,ipi-session-1,airspan-followup-c4-rep2,veh-028,492,100-clients,default,stationary,unsynced,true,true,payload_bytes,1024,bytes,IPI-CooperativeService,1099,1786032837186668951,1786032663431035709,1786032663431079516,1786032837428492462,241.824,,0.044,173997.413,"CooperativeService{guidedPlanning, status=request, vehicleId=0x7665682d303238, requestedHorizonMs=2500, confidence=100, planning.waypoints=1, offloadTaskId=probe-492, offloadPayload=1024 bytes}"
5g-sender,1786032837898449605,edge4av-real-20260806-airspan-followup-run-1,c4-rep2-tcp,airspan-followup-70-20-10,guided-planning,tcp,veh-028,veh-028,rsu-1,c4-rep2-tcp-veh-028-493,ipi-session-1,airspan-followup-c4-rep2,veh-028,493,100-clients,default,stationary,unsynced,true,true,payload_bytes,1024,bytes,IPI-CooperativeService,1099,1786032837628665963,1786032663891980298,1786032663892032016,1786032837898449605,269.784,,0.052,174006.418,"CooperativeService{guidedPlanning, status=request, vehicleId=0x7665682d303238, requestedHorizonMs=2500, confidence=100, planning.waypoints=1, offloadTaskId=probe-493, offloadPayload=1024 bytes}"
5g-sender,1786032838366307057,edge4av-real-20260806-airspan-followup-run-1,c4-rep2-tcp,airspan-followup-70-20-10,guided-planning,tcp,veh-028,veh-028,rsu-1,c4-rep2-tcp-veh-028-494,ipi-session-1,airspan-followup-c4-rep2,veh-028,494,100-clients,default,stationary,unsynced,true,true,payload_bytes,1024,bytes,IPI-CooperativeService,1099,1786032838098644208,1786032664362804164,1786032664362845462,1786032838366307057,267.663,,0.041,174003.462,"CooperativeService{guidedPlanning, status=request, vehicleId=0x7665682d303238, requestedHorizonMs=2500, confidence=100, planning.waypoints=1, offloadTaskId=probe-494, offloadPayload=1024 bytes}"
5g-sender,1786032838812309995,edge4av-real-20260806-airspan-followup-run-1,c4-rep2-tcp,airspan-followup-70-20-10,guided-planning,tcp,veh-028,veh-028,rsu-1,c4-rep2-tcp-veh-028-495,ipi-session-1,airspan-followup-c4-rep2,veh-028,495,100-clients,default,stationary,unsynced,true,true,payload_bytes,1024,bytes,IPI-CooperativeService,1099,1786032838566527144,1786032664813848402,1786032664813900088,1786032838812309995,245.783,,0.052,173998.410,"CooperativeService{guidedPlanning, status=request, vehicleId=0x7665682d303238, requestedHorizonMs=2500, confidence=100, planning.waypoints=1, offloadTaskId=probe-495, offloadPayload=1024 bytes}"
5g-sender,1786032839272517882,edge4av-real-20260806-airspan-followup-run-1,c4-rep2-tcp,airspan-followup-70-20-10,guided-planning,tcp,veh-028,veh-028,rsu-1,c4-rep2-tcp-veh-028-496,ipi-session-1,airspan-followup-c4-rep2,veh-028,496,100-clients,default,stationary,unsynced,true,true,payload_bytes,1024,bytes,IPI-CooperativeService,1099,1786032839012459232,1786032665285168761,1786032665285209453,1786032839272517882,260.059,,0.041,173987.308,"CooperativeService{guidedPlanning, status=request, vehicleId=0x7665682d303238, requestedHorizonMs=2500, confidence=100, planning.waypoints=1, offloadTaskId=probe-496, offloadPayload=1024 bytes}"
5g-sender,1786032839728312778,edge4av-real-20260806-airspan-followup-run-1,c4-rep2-tcp,airspan-followup-70-20-10,guided-planning,tcp,veh-028,veh-028,rsu-1,c4-rep2-tcp-veh-028-497,ipi-session-1,airspan-followup-c4-rep2,veh-028,497,100-clients,default,stationary,unsynced,true,true,payload_bytes,1024,bytes,IPI-CooperativeService,1099,1786032839472704474,1786032665755700834,1786032665755755965,1786032839728312778,255.608,,0.055,173972.557,"CooperativeService{guidedPlanning, status=request, vehicleId=0x7665682d303238, requestedHorizonMs=2500, confidence=100, planning.waypoints=1, offloadTaskId=probe-497, offloadPayload=1024 bytes}"
5g-sender,1786032840126180275,edge4av-real-20260806-airspan-followup-run-1,c4-rep2-tcp,airspan-followup-70-20-10,guided-planning,tcp,veh-028,veh-028,rsu-1,c4-rep2-tcp-veh-028-498,ipi-session-1,airspan-followup-c4-rep2,veh-028,498,100-clients,default,stationary,unsynced,true,true,payload_bytes,1024,bytes,IPI-CooperativeService,1099,1786032839928615440,1786032666136209703,1786032666136223154,1786032840126180275,197.565,,0.013,173989.957,"CooperativeService{guidedPlanning, status=request, vehicleId=0x7665682d303238, requestedHorizonMs=2500, confidence=100, planning.waypoints=1, offloadTaskId=probe-498, offloadPayload=1024 bytes}"
5g-sender,1786032840520167280,edge4av-real-20260806-airspan-followup-run-1,c4-rep2-tcp,airspan-followup-70-20-10,guided-planning,tcp,veh-028,veh-028,rsu-1,c4-rep2-tcp-veh-028-499,ipi-session-1,airspan-followup-c4-rep2,veh-028,499,100-clients,default,stationary,unsynced,true,true,payload_bytes,1024,bytes,IPI-CooperativeService,1099,1786032840326413742,1786032666546918192,1786032666546962700,1786032840520167280,193.754,,0.045,173973.205,"CooperativeService{guidedPlanning, status=request, vehicleId=0x7665682d303238, requestedHorizonMs=2500, confidence=100, planning.waypoints=1, offloadTaskId=probe-499, offloadPayload=1024 bytes}"
5g-sender,1786032840899819845,edge4av-real-20260806-airspan-followup-run-1,c4-rep2-tcp,airspan-followup-70-20-10,guided-planning,tcp,veh-028,veh-028,rsu-1,c4-rep2-tcp-veh-028-500,ipi-session-1,airspan-followup-c4-rep2,veh-028,500,100-clients,default,stationary,unsynced,true,true,payload_bytes,1024,bytes,IPI-CooperativeService,1099,1786032840720341090,1786032666917622269,1786032666917708324,1786032840899819845,179.479,,0.086,173982.112,"CooperativeService{guidedPlanning, status=request, vehicleId=0x7665682d303238, requestedHorizonMs=2500, confidence=100, planning.waypoints=1, offloadTaskId=probe-500, offloadPayload=1024 bytes}"
