threaded mqtt broker listening on <private-ip>:1883
1786055392.085743 accept ('<private-ip>', 40178)
1786055392.086170 close ('<private-ip>', 40178) closed
1786055392.616621 accept ('<private-ip>', 45904)
1786055392.617241 subscribe ('<private-ip>', 45904) ipi/airspan-followup-c2-rep1/latency/veh-001/request
1786055541.462561 accept ('<private-ip>', 37786)
1786055541.482500 subscribe ('<private-ip>', 37786) ipi/airspan-followup-c2-rep1/latency/veh-001/ack
1786055541.552958 publish topic=ipi/airspan-followup-c2-rep1/latency/veh-001/request bytes=24297 forwarded=1
1786055541.553349 publish topic=ipi/airspan-followup-c2-rep1/latency/veh-001/ack bytes=238 forwarded=1
1786055541.823628 publish topic=ipi/airspan-followup-c2-rep1/latency/veh-001/request bytes=24297 forwarded=1
1786055541.824352 publish topic=ipi/airspan-followup-c2-rep1/latency/veh-001/ack bytes=238 forwarded=1
1786055542.073694 publish topic=ipi/airspan-followup-c2-rep1/latency/veh-001/request bytes=24297 forwarded=1
1786055542.074412 publish topic=ipi/airspan-followup-c2-rep1/latency/veh-001/ack bytes=238 forwarded=1
1786055542.324219 publish topic=ipi/airspan-followup-c2-rep1/latency/veh-001/request bytes=24297 forwarded=1
1786055542.324939 publish topic=ipi/airspan-followup-c2-rep1/latency/veh-001/ack bytes=238 forwarded=1
1786055542.574383 publish topic=ipi/airspan-followup-c2-rep1/latency/veh-001/request bytes=24297 forwarded=1
1786055542.574726 publish topic=ipi/airspan-followup-c2-rep1/latency/veh-001/ack bytes=238 forwarded=1
1786055542.824761 publish topic=ipi/airspan-followup-c2-rep1/latency/veh-001/request bytes=24297 forwarded=1
1786055542.825477 publish topic=ipi/airspan-followup-c2-rep1/latency/veh-001/ack bytes=238 forwarded=1
1786055543.075326 publish topic=ipi/airspan-followup-c2-rep1/latency/veh-001/request bytes=24297 forwarded=1
1786055543.075809 publish topic=ipi/airspan-followup-c2-rep1/latency/veh-001/ack bytes=238 forwarded=1
1786055543.325924 publish topic=ipi/airspan-followup-c2-rep1/latency/veh-001/request bytes=24297 forwarded=1
1786055543.326556 publish topic=ipi/airspan-followup-c2-rep1/latency/veh-001/ack bytes=238 forwarded=1
1786055543.575974 publish topic=ipi/airspan-followup-c2-rep1/latency/veh-001/request bytes=24297 forwarded=1
1786055543.576594 publish topic=ipi/airspan-followup-c2-rep1/latency/veh-001/ack bytes=238 forwarded=1
1786055543.826184 publish topic=ipi/airspan-followup-c2-rep1/latency/veh-001/request bytes=24299 forwarded=1
1786055543.826906 publish topic=ipi/airspan-followup-c2-rep1/latency/veh-001/ack bytes=239 forwarded=1
1786055544.076756 publish topic=ipi/airspan-followup-c2-rep1/latency/veh-001/request bytes=24299 forwarded=1
1786055544.077456 publish topic=ipi/airspan-followup-c2-rep1/latency/veh-001/ack bytes=239 forwarded=1
1786055544.317410 publish topic=ipi/airspan-followup-c2-rep1/latency/veh-001/request bytes=24299 forwarded=1
1786055544.318038 publish topic=ipi/airspan-followup-c2-rep1/latency/veh-001/ack bytes=239 forwarded=1
1786055544.567646 publish topic=ipi/airspan-followup-c2-rep1/latency/veh-001/request bytes=24299 forwarded=1
1786055544.568311 publish topic=ipi/airspan-followup-c2-rep1/latency/veh-001/ack bytes=239 forwarded=1
1786055544.817735 publish topic=ipi/airspan-followup-c2-rep1/latency/veh-001/request bytes=24299 forwarded=1
1786055544.818038 publish topic=ipi/airspan-followup-c2-rep1/latency/veh-001/ack bytes=239 forwarded=1
1786055545.068231 publish topic=ipi/airspan-followup-c2-rep1/latency/veh-001/request bytes=24299 forwarded=1
1786055545.068873 publish topic=ipi/airspan-followup-c2-rep1/latency/veh-001/ack bytes=239 forwarded=1
1786055545.318536 publish topic=ipi/airspan-followup-c2-rep1/latency/veh-001/request bytes=24299 forwarded=1
1786055545.319293 publish topic=ipi/airspan-followup-c2-rep1/latency/veh-001/ack bytes=239 forwarded=1
1786055545.568825 publish topic=ipi/airspan-followup-c2-rep1/latency/veh-001/request bytes=24299 forwarded=1
1786055545.569268 publish topic=ipi/airspan-followup-c2-rep1/latency/veh-001/ack bytes=239 forwarded=1
1786055545.819414 publish topic=ipi/airspan-followup-c2-rep1/latency/veh-001/request bytes=24299 forwarded=1
1786055545.820169 publish topic=ipi/airspan-followup-c2-rep1/latency/veh-001/ack bytes=239 forwarded=1
1786055546.069662 publish topic=ipi/airspan-followup-c2-rep1/latency/veh-001/request bytes=24299 forwarded=1
1786055546.070305 publish topic=ipi/airspan-followup-c2-rep1/latency/veh-001/ack bytes=239 forwarded=1
1786055546.320172 publish topic=ipi/airspan-followup-c2-rep1/latency/veh-001/request bytes=24299 forwarded=1
1786055546.320811 publish topic=ipi/airspan-followup-c2-rep1/latency/veh-001/ack bytes=239 forwarded=1
1786055546.570226 publish topic=ipi/airspan-followup-c2-rep1/latency/veh-001/request bytes=24299 forwarded=1
1786055546.570893 publish topic=ipi/airspan-followup-c2-rep1/latency/veh-001/ack bytes=239 forwarded=1
1786055546.820866 publish topic=ipi/airspan-followup-c2-rep1/latency/veh-001/request bytes=24299 forwarded=1
1786055546.821520 publish topic=ipi/airspan-followup-c2-rep1/latency/veh-001/ack bytes=239 forwarded=1
1786055547.071039 publish topic=ipi/airspan-followup-c2-rep1/latency/veh-001/request bytes=24299 forwarded=1
1786055547.071432 publish topic=ipi/airspan-followup-c2-rep1/latency/veh-001/ack bytes=239 forwarded=1
1786055547.331225 publish topic=ipi/airspan-followup-c2-rep1/latency/veh-001/request bytes=24299 forwarded=1
1786055547.331692 publish topic=ipi/airspan-followup-c2-rep1/latency/veh-001/ack bytes=239 forwarded=1
1786055547.571660 publish topic=ipi/airspan-followup-c2-rep1/latency/veh-001/request bytes=24299 forwarded=1
1786055547.572028 publish topic=ipi/airspan-followup-c2-rep1/latency/veh-001/ack bytes=239 forwarded=1
1786055547.822185 publish topic=ipi/airspan-followup-c2-rep1/latency/veh-001/request bytes=24299 forwarded=1
1786055547.822842 publish topic=ipi/airspan-followup-c2-rep1/latency/veh-001/ack bytes=239 forwarded=1
1786055548.072279 publish topic=ipi/airspan-followup-c2-rep1/latency/veh-001/request bytes=24299 forwarded=1
1786055548.072527 publish topic=ipi/airspan-followup-c2-rep1/latency/veh-001/ack bytes=239 forwarded=1
1786055548.312637 publish topic=ipi/airspan-followup-c2-rep1/latency/veh-001/request bytes=24299 forwarded=1
1786055548.313089 publish topic=ipi/airspan-followup-c2-rep1/latency/veh-001/ack bytes=239 forwarded=1
1786055548.563066 publish topic=ipi/airspan-followup-c2-rep1/latency/veh-001/request bytes=24299 forwarded=1
1786055548.563551 publish topic=ipi/airspan-followup-c2-rep1/latency/veh-001/ack bytes=239 forwarded=1
1786055548.813635 publish topic=ipi/airspan-followup-c2-rep1/latency/veh-001/request bytes=24299 forwarded=1
1786055548.814304 publish topic=ipi/airspan-followup-c2-rep1/latency/veh-001/ack bytes=239 forwarded=1
1786055549.063965 publish topic=ipi/airspan-followup-c2-rep1/latency/veh-001/request bytes=24299 forwarded=1
1786055549.064680 publish topic=ipi/airspan-followup-c2-rep1/latency/veh-001/ack bytes=239 forwarded=1
1786055549.313987 publish topic=ipi/airspan-followup-c2-rep1/latency/veh-001/request bytes=24299 forwarded=1
1786055549.314218 publish topic=ipi/airspan-followup-c2-rep1/latency/veh-001/ack bytes=239 forwarded=1
1786055549.564704 publish topic=ipi/airspan-followup-c2-rep1/latency/veh-001/request bytes=24299 forwarded=1
1786055549.565197 publish topic=ipi/airspan-followup-c2-rep1/latency/veh-001/ack bytes=239 forwarded=1
1786055549.824811 publish topic=ipi/airspan-followup-c2-rep1/latency/veh-001/request bytes=24299 forwarded=1
1786055549.825275 publish topic=ipi/airspan-followup-c2-rep1/latency/veh-001/ack bytes=239 forwarded=1
1786055550.075528 publish topic=ipi/airspan-followup-c2-rep1/latency/veh-001/request bytes=24299 forwarded=1
1786055550.076231 publish topic=ipi/airspan-followup-c2-rep1/latency/veh-001/ack bytes=239 forwarded=1
1786055550.335749 publish topic=ipi/airspan-followup-c2-rep1/latency/veh-001/request bytes=24299 forwarded=1
1786055550.336014 publish topic=ipi/airspan-followup-c2-rep1/latency/veh-001/ack bytes=239 forwarded=1
1786055550.586264 publish topic=ipi/airspan-followup-c2-rep1/latency/veh-001/request bytes=24299 forwarded=1
1786055550.586983 publish topic=ipi/airspan-followup-c2-rep1/latency/veh-001/ack bytes=239 forwarded=1
1786055550.836642 publish topic=ipi/airspan-followup-c2-rep1/latency/veh-001/request bytes=24299 forwarded=1
1786055550.837319 publish topic=ipi/airspan-followup-c2-rep1/latency/veh-001/ack bytes=239 forwarded=1
1786055551.086941 publish topic=ipi/airspan-followup-c2-rep1/latency/veh-001/request bytes=24299 forwarded=1
1786055551.087609 publish topic=ipi/airspan-followup-c2-rep1/latency/veh-001/ack bytes=239 forwarded=1
1786055551.337036 publish topic=ipi/airspan-followup-c2-rep1/latency/veh-001/request bytes=24299 forwarded=1
1786055551.337699 publish topic=ipi/airspan-followup-c2-rep1/latency/veh-001/ack bytes=239 forwarded=1
1786055551.577425 publish topic=ipi/airspan-followup-c2-rep1/latency/veh-001/request bytes=24299 forwarded=1
1786055551.577784 publish topic=ipi/airspan-followup-c2-rep1/latency/veh-001/ack bytes=239 forwarded=1
1786055551.827950 publish topic=ipi/airspan-followup-c2-rep1/latency/veh-001/request bytes=24299 forwarded=1
1786055551.828592 publish topic=ipi/airspan-followup-c2-rep1/latency/veh-001/ack bytes=239 forwarded=1
1786055552.078126 publish topic=ipi/airspan-followup-c2-rep1/latency/veh-001/request bytes=24299 forwarded=1
1786055552.078415 publish topic=ipi/airspan-followup-c2-rep1/latency/veh-001/ack bytes=239 forwarded=1
1786055552.328500 publish topic=ipi/airspan-followup-c2-rep1/latency/veh-001/request bytes=24299 forwarded=1
1786055552.328766 publish topic=ipi/airspan-followup-c2-rep1/latency/veh-001/ack bytes=239 forwarded=1
1786055552.578988 publish topic=ipi/airspan-followup-c2-rep1/latency/veh-001/request bytes=24299 forwarded=1
1786055552.579616 publish topic=ipi/airspan-followup-c2-rep1/latency/veh-001/ack bytes=239 forwarded=1
1786055552.829329 publish topic=ipi/airspan-followup-c2-rep1/latency/veh-001/request bytes=24299 forwarded=1
1786055552.829955 publish topic=ipi/airspan-followup-c2-rep1/latency/veh-001/ack bytes=239 forwarded=1
1786055553.079478 publish topic=ipi/airspan-followup-c2-rep1/latency/veh-001/request bytes=24299 forwarded=1
1786055553.080034 publish topic=ipi/airspan-followup-c2-rep1/latency/veh-001/ack bytes=239 forwarded=1
1786055553.329997 publish topic=ipi/airspan-followup-c2-rep1/latency/veh-001/request bytes=24299 forwarded=1
1786055553.330673 publish topic=ipi/airspan-followup-c2-rep1/latency/veh-001/ack bytes=239 forwarded=1
1786055553.580521 publish topic=ipi/airspan-followup-c2-rep1/latency/veh-001/request bytes=24299 forwarded=1
1786055553.581207 publish topic=ipi/airspan-followup-c2-rep1/latency/veh-001/ack bytes=239 forwarded=1
1786055553.830637 publish topic=ipi/airspan-followup-c2-rep1/latency/veh-001/request bytes=24299 forwarded=1
1786055553.830953 publish topic=ipi/airspan-followup-c2-rep1/latency/veh-001/ack bytes=239 forwarded=1
1786055554.081103 publish topic=ipi/airspan-followup-c2-rep1/latency/veh-001/request bytes=24299 forwarded=1
1786055554.081835 publish topic=ipi/airspan-followup-c2-rep1/latency/veh-001/ack bytes=239 forwarded=1
1786055554.331279 publish topic=ipi/airspan-followup-c2-rep1/latency/veh-001/request bytes=24299 forwarded=1
1786055554.331510 publish topic=ipi/airspan-followup-c2-rep1/latency/veh-001/ack bytes=239 forwarded=1
1786055554.581786 publish topic=ipi/airspan-followup-c2-rep1/latency/veh-001/request bytes=24299 forwarded=1
1786055554.582049 publish topic=ipi/airspan-followup-c2-rep1/latency/veh-001/ack bytes=239 forwarded=1
1786055554.831875 publish topic=ipi/airspan-followup-c2-rep1/latency/veh-001/request bytes=24299 forwarded=1
1786055554.832208 publish topic=ipi/airspan-followup-c2-rep1/latency/veh-001/ack bytes=239 forwarded=1
1786055555.072590 publish topic=ipi/airspan-followup-c2-rep1/latency/veh-001/request bytes=24299 forwarded=1
1786055555.073286 publish topic=ipi/airspan-followup-c2-rep1/latency/veh-001/ack bytes=239 forwarded=1
1786055555.313306 publish topic=ipi/airspan-followup-c2-rep1/latency/veh-001/request bytes=24299 forwarded=1
1786055555.314016 publish topic=ipi/airspan-followup-c2-rep1/latency/veh-001/ack bytes=239 forwarded=1
1786055555.563043 publish topic=ipi/airspan-followup-c2-rep1/latency/veh-001/request bytes=24299 forwarded=1
1786055555.563388 publish topic=ipi/airspan-followup-c2-rep1/latency/veh-001/ack bytes=239 forwarded=1
1786055555.813540 publish topic=ipi/airspan-followup-c2-rep1/latency/veh-001/request bytes=24299 forwarded=1
1786055555.814209 publish topic=ipi/airspan-followup-c2-rep1/latency/veh-001/ack bytes=239 forwarded=1
1786055556.073996 publish topic=ipi/airspan-followup-c2-rep1/latency/veh-001/request bytes=24299 forwarded=1
1786055556.074735 publish topic=ipi/airspan-followup-c2-rep1/latency/veh-001/ack bytes=239 forwarded=1
1786055556.324749 publish topic=ipi/airspan-followup-c2-rep1/latency/veh-001/request bytes=24299 forwarded=1
1786055556.325418 publish topic=ipi/airspan-followup-c2-rep1/latency/veh-001/ack bytes=239 forwarded=1
1786055556.574621 publish topic=ipi/airspan-followup-c2-rep1/latency/veh-001/request bytes=24299 forwarded=1
1786055556.574930 publish topic=ipi/airspan-followup-c2-rep1/latency/veh-001/ack bytes=239 forwarded=1
1786055556.824894 publish topic=ipi/airspan-followup-c2-rep1/latency/veh-001/request bytes=24299 forwarded=1
1786055556.825140 publish topic=ipi/airspan-followup-c2-rep1/latency/veh-001/ack bytes=239 forwarded=1
1786055557.075221 publish topic=ipi/airspan-followup-c2-rep1/latency/veh-001/request bytes=24299 forwarded=1
1786055557.075537 publish topic=ipi/airspan-followup-c2-rep1/latency/veh-001/ack bytes=239 forwarded=1
1786055557.326106 publish topic=ipi/airspan-followup-c2-rep1/latency/veh-001/request bytes=24299 forwarded=1
1786055557.326782 publish topic=ipi/airspan-followup-c2-rep1/latency/veh-001/ack bytes=239 forwarded=1
1786055557.586139 publish topic=ipi/airspan-followup-c2-rep1/latency/veh-001/request bytes=24299 forwarded=1
1786055557.586654 publish topic=ipi/airspan-followup-c2-rep1/latency/veh-001/ack bytes=239 forwarded=1
1786055557.836954 publish topic=ipi/airspan-followup-c2-rep1/latency/veh-001/request bytes=24299 forwarded=1
1786055557.837745 publish topic=ipi/airspan-followup-c2-rep1/latency/veh-001/ack bytes=239 forwarded=1
1786055558.086718 publish topic=ipi/airspan-followup-c2-rep1/latency/veh-001/request bytes=24299 forwarded=1
1786055558.087118 publish topic=ipi/airspan-followup-c2-rep1/latency/veh-001/ack bytes=239 forwarded=1
1786055558.337592 publish topic=ipi/airspan-followup-c2-rep1/latency/veh-001/request bytes=24299 forwarded=1
1786055558.338358 publish topic=ipi/airspan-followup-c2-rep1/latency/veh-001/ack bytes=239 forwarded=1
1786055558.587646 publish topic=ipi/airspan-followup-c2-rep1/latency/veh-001/request bytes=24299 forwarded=1
1786055558.588518 publish topic=ipi/airspan-followup-c2-rep1/latency/veh-001/ack bytes=239 forwarded=1
1786055558.838117 publish topic=ipi/airspan-followup-c2-rep1/latency/veh-001/request bytes=24299 forwarded=1
1786055558.838516 publish topic=ipi/airspan-followup-c2-rep1/latency/veh-001/ack bytes=239 forwarded=1
1786055559.088526 publish topic=ipi/airspan-followup-c2-rep1/latency/veh-001/request bytes=24299 forwarded=1
1786055559.089272 publish topic=ipi/airspan-followup-c2-rep1/latency/veh-001/ack bytes=239 forwarded=1
1786055559.338922 publish topic=ipi/airspan-followup-c2-rep1/latency/veh-001/request bytes=24299 forwarded=1
1786055559.339228 publish topic=ipi/airspan-followup-c2-rep1/latency/veh-001/ack bytes=239 forwarded=1
1786055559.589598 publish topic=ipi/airspan-followup-c2-rep1/latency/veh-001/request bytes=24299 forwarded=1
1786055559.590257 publish topic=ipi/airspan-followup-c2-rep1/latency/veh-001/ack bytes=239 forwarded=1
1786055559.839938 publish topic=ipi/airspan-followup-c2-rep1/latency/veh-001/request bytes=24299 forwarded=1
1786055559.840631 publish topic=ipi/airspan-followup-c2-rep1/latency/veh-001/ack bytes=239 forwarded=1
1786055560.090315 publish topic=ipi/airspan-followup-c2-rep1/latency/veh-001/request bytes=24299 forwarded=1
1786055560.090972 publish topic=ipi/airspan-followup-c2-rep1/latency/veh-001/ack bytes=239 forwarded=1
1786055560.340565 publish topic=ipi/airspan-followup-c2-rep1/latency/veh-001/request bytes=24299 forwarded=1
1786055560.340944 publish topic=ipi/airspan-followup-c2-rep1/latency/veh-001/ack bytes=239 forwarded=1
1786055560.591237 publish topic=ipi/airspan-followup-c2-rep1/latency/veh-001/request bytes=24299 forwarded=1
1786055560.591930 publish topic=ipi/airspan-followup-c2-rep1/latency/veh-001/ack bytes=239 forwarded=1
1786055560.841643 publish topic=ipi/airspan-followup-c2-rep1/latency/veh-001/request bytes=24299 forwarded=1
1786055560.842339 publish topic=ipi/airspan-followup-c2-rep1/latency/veh-001/ack bytes=239 forwarded=1
1786055561.101928 publish topic=ipi/airspan-followup-c2-rep1/latency/veh-001/request bytes=24299 forwarded=1
1786055561.102468 publish topic=ipi/airspan-followup-c2-rep1/latency/veh-001/ack bytes=239 forwarded=1
1786055561.352319 publish topic=ipi/airspan-followup-c2-rep1/latency/veh-001/request bytes=24299 forwarded=1
1786055561.353003 publish topic=ipi/airspan-followup-c2-rep1/latency/veh-001/ack bytes=239 forwarded=1
1786055561.602671 publish topic=ipi/airspan-followup-c2-rep1/latency/veh-001/request bytes=24299 forwarded=1
1786055561.602996 publish topic=ipi/airspan-followup-c2-rep1/latency/veh-001/ack bytes=239 forwarded=1
1786055561.853167 publish topic=ipi/airspan-followup-c2-rep1/latency/veh-001/request bytes=24299 forwarded=1
1786055561.853831 publish topic=ipi/airspan-followup-c2-rep1/latency/veh-001/ack bytes=239 forwarded=1
1786055562.104138 publish topic=ipi/airspan-followup-c2-rep1/latency/veh-001/request bytes=24299 forwarded=1
1786055562.104820 publish topic=ipi/airspan-followup-c2-rep1/latency/veh-001/ack bytes=239 forwarded=1
1786055562.354104 publish topic=ipi/airspan-followup-c2-rep1/latency/veh-001/request bytes=24299 forwarded=1
1786055562.354778 publish topic=ipi/airspan-followup-c2-rep1/latency/veh-001/ack bytes=239 forwarded=1
1786055562.614678 publish topic=ipi/airspan-followup-c2-rep1/latency/veh-001/request bytes=24299 forwarded=1
1786055562.615349 publish topic=ipi/airspan-followup-c2-rep1/latency/veh-001/ack bytes=239 forwarded=1
1786055562.865112 publish topic=ipi/airspan-followup-c2-rep1/latency/veh-001/request bytes=24299 forwarded=1
1786055562.865779 publish topic=ipi/airspan-followup-c2-rep1/latency/veh-001/ack bytes=239 forwarded=1
1786055563.105529 publish topic=ipi/airspan-followup-c2-rep1/latency/veh-001/request bytes=24299 forwarded=1
1786055563.106195 publish topic=ipi/airspan-followup-c2-rep1/latency/veh-001/ack bytes=239 forwarded=1
1786055563.355862 publish topic=ipi/airspan-followup-c2-rep1/latency/veh-001/request bytes=24299 forwarded=1
1786055563.356550 publish topic=ipi/airspan-followup-c2-rep1/latency/veh-001/ack bytes=239 forwarded=1
1786055563.616044 publish topic=ipi/airspan-followup-c2-rep1/latency/veh-001/request bytes=24299 forwarded=1
1786055563.616788 publish topic=ipi/airspan-followup-c2-rep1/latency/veh-001/ack bytes=239 forwarded=1
1786055563.866409 publish topic=ipi/airspan-followup-c2-rep1/latency/veh-001/request bytes=24299 forwarded=1
1786055563.866740 publish topic=ipi/airspan-followup-c2-rep1/latency/veh-001/ack bytes=239 forwarded=1
1786055564.117028 publish topic=ipi/airspan-followup-c2-rep1/latency/veh-001/request bytes=24299 forwarded=1
1786055564.117703 publish topic=ipi/airspan-followup-c2-rep1/latency/veh-001/ack bytes=239 forwarded=1
1786055564.367084 publish topic=ipi/airspan-followup-c2-rep1/latency/veh-001/request bytes=24299 forwarded=1
1786055564.367573 publish topic=ipi/airspan-followup-c2-rep1/latency/veh-001/ack bytes=239 forwarded=1
1786055564.618107 publish topic=ipi/airspan-followup-c2-rep1/latency/veh-001/request bytes=24299 forwarded=1
1786055564.618811 publish topic=ipi/airspan-followup-c2-rep1/latency/veh-001/ack bytes=239 forwarded=1
1786055564.867984 publish topic=ipi/airspan-followup-c2-rep1/latency/veh-001/request bytes=24299 forwarded=1
1786055564.868265 publish topic=ipi/airspan-followup-c2-rep1/latency/veh-001/ack bytes=239 forwarded=1
1786055565.118588 publish topic=ipi/airspan-followup-c2-rep1/latency/veh-001/request bytes=24299 forwarded=1
1786055565.119224 publish topic=ipi/airspan-followup-c2-rep1/latency/veh-001/ack bytes=239 forwarded=1
1786055565.369108 publish topic=ipi/airspan-followup-c2-rep1/latency/veh-001/request bytes=24299 forwarded=1
1786055565.369815 publish topic=ipi/airspan-followup-c2-rep1/latency/veh-001/ack bytes=239 forwarded=1
1786055565.619462 publish topic=ipi/airspan-followup-c2-rep1/latency/veh-001/request bytes=24299 forwarded=1
1786055565.620165 publish topic=ipi/airspan-followup-c2-rep1/latency/veh-001/ack bytes=239 forwarded=1
1786055565.869783 publish topic=ipi/airspan-followup-c2-rep1/latency/veh-001/request bytes=24299 forwarded=1
1786055565.870492 publish topic=ipi/airspan-followup-c2-rep1/latency/veh-001/ack bytes=239 forwarded=1
1786055566.120231 publish topic=ipi/airspan-followup-c2-rep1/latency/veh-001/request bytes=24299 forwarded=1
1786055566.120621 publish topic=ipi/airspan-followup-c2-rep1/latency/veh-001/ack bytes=239 forwarded=1
1786055566.370917 publish topic=ipi/airspan-followup-c2-rep1/latency/veh-001/request bytes=24301 forwarded=1
1786055566.371612 publish topic=ipi/airspan-followup-c2-rep1/latency/veh-001/ack bytes=240 forwarded=1
1786055566.620763 publish topic=ipi/airspan-followup-c2-rep1/latency/veh-001/request bytes=24301 forwarded=1
1786055566.621123 publish topic=ipi/airspan-followup-c2-rep1/latency/veh-001/ack bytes=240 forwarded=1
1786055566.871230 publish topic=ipi/airspan-followup-c2-rep1/latency/veh-001/request bytes=24301 forwarded=1
1786055566.872023 publish topic=ipi/airspan-followup-c2-rep1/latency/veh-001/ack bytes=240 forwarded=1
1786055567.121825 publish topic=ipi/airspan-followup-c2-rep1/latency/veh-001/request bytes=24301 forwarded=1
1786055567.122528 publish topic=ipi/airspan-followup-c2-rep1/latency/veh-001/ack bytes=240 forwarded=1
1786055567.372032 publish topic=ipi/airspan-followup-c2-rep1/latency/veh-001/request bytes=24301 forwarded=1
1786055567.372771 publish topic=ipi/airspan-followup-c2-rep1/latency/veh-001/ack bytes=240 forwarded=1
1786055567.622175 publish topic=ipi/airspan-followup-c2-rep1/latency/veh-001/request bytes=24301 forwarded=1
1786055567.622550 publish topic=ipi/airspan-followup-c2-rep1/latency/veh-001/ack bytes=240 forwarded=1
1786055567.872874 publish topic=ipi/airspan-followup-c2-rep1/latency/veh-001/request bytes=24301 forwarded=1
1786055567.873288 publish topic=ipi/airspan-followup-c2-rep1/latency/veh-001/ack bytes=240 forwarded=1
1786055568.123309 publish topic=ipi/airspan-followup-c2-rep1/latency/veh-001/request bytes=24301 forwarded=1
1786055568.123971 publish topic=ipi/airspan-followup-c2-rep1/latency/veh-001/ack bytes=240 forwarded=1
1786055568.373607 publish topic=ipi/airspan-followup-c2-rep1/latency/veh-001/request bytes=24301 forwarded=1
1786055568.374207 publish topic=ipi/airspan-followup-c2-rep1/latency/veh-001/ack bytes=240 forwarded=1
1786055568.623984 publish topic=ipi/airspan-followup-c2-rep1/latency/veh-001/request bytes=24301 forwarded=1
1786055568.624351 publish topic=ipi/airspan-followup-c2-rep1/latency/veh-001/ack bytes=240 forwarded=1
1786055568.874527 publish topic=ipi/airspan-followup-c2-rep1/latency/veh-001/request bytes=24301 forwarded=1
1786055568.874783 publish topic=ipi/airspan-followup-c2-rep1/latency/veh-001/ack bytes=240 forwarded=1
1786055569.135035 publish topic=ipi/airspan-followup-c2-rep1/latency/veh-001/request bytes=24301 forwarded=1
1786055569.135675 publish topic=ipi/airspan-followup-c2-rep1/latency/veh-001/ack bytes=240 forwarded=1
1786055569.385556 publish topic=ipi/airspan-followup-c2-rep1/latency/veh-001/request bytes=24301 forwarded=1
1786055569.386162 publish topic=ipi/airspan-followup-c2-rep1/latency/veh-001/ack bytes=240 forwarded=1
1786055569.626003 publish topic=ipi/airspan-followup-c2-rep1/latency/veh-001/request bytes=24301 forwarded=1
1786055569.626643 publish topic=ipi/airspan-followup-c2-rep1/latency/veh-001/ack bytes=240 forwarded=1
1786055569.866345 publish topic=ipi/airspan-followup-c2-rep1/latency/veh-001/request bytes=24301 forwarded=1
1786055569.866983 publish topic=ipi/airspan-followup-c2-rep1/latency/veh-001/ack bytes=240 forwarded=1
1786055570.106428 publish topic=ipi/airspan-followup-c2-rep1/latency/veh-001/request bytes=24301 forwarded=1
1786055570.106745 publish topic=ipi/airspan-followup-c2-rep1/latency/veh-001/ack bytes=240 forwarded=1
1786055570.356908 publish topic=ipi/airspan-followup-c2-rep1/latency/veh-001/request bytes=24301 forwarded=1
1786055570.357192 publish topic=ipi/airspan-followup-c2-rep1/latency/veh-001/ack bytes=240 forwarded=1
1786055570.597315 publish topic=ipi/airspan-followup-c2-rep1/latency/veh-001/request bytes=24301 forwarded=1
1786055570.597982 publish topic=ipi/airspan-followup-c2-rep1/latency/veh-001/ack bytes=240 forwarded=1
1786055570.847978 publish topic=ipi/airspan-followup-c2-rep1/latency/veh-001/request bytes=24301 forwarded=1
1786055570.848711 publish topic=ipi/airspan-followup-c2-rep1/latency/veh-001/ack bytes=240 forwarded=1
1786055571.098341 publish topic=ipi/airspan-followup-c2-rep1/latency/veh-001/request bytes=24301 forwarded=1
1786055571.099047 publish topic=ipi/airspan-followup-c2-rep1/latency/veh-001/ack bytes=240 forwarded=1
1786055571.348783 publish topic=ipi/airspan-followup-c2-rep1/latency/veh-001/request bytes=24301 forwarded=1
1786055571.349435 publish topic=ipi/airspan-followup-c2-rep1/latency/veh-001/ack bytes=240 forwarded=1
1786055571.608824 publish topic=ipi/airspan-followup-c2-rep1/latency/veh-001/request bytes=24301 forwarded=1
1786055571.609119 publish topic=ipi/airspan-followup-c2-rep1/latency/veh-001/ack bytes=240 forwarded=1
1786055571.859628 publish topic=ipi/airspan-followup-c2-rep1/latency/veh-001/request bytes=24301 forwarded=1
1786055571.860284 publish topic=ipi/airspan-followup-c2-rep1/latency/veh-001/ack bytes=240 forwarded=1
1786055572.109812 publish topic=ipi/airspan-followup-c2-rep1/latency/veh-001/request bytes=24301 forwarded=1
1786055572.110466 publish topic=ipi/airspan-followup-c2-rep1/latency/veh-001/ack bytes=240 forwarded=1
1786055572.360527 publish topic=ipi/airspan-followup-c2-rep1/latency/veh-001/request bytes=24301 forwarded=1
1786055572.361084 publish topic=ipi/airspan-followup-c2-rep1/latency/veh-001/ack bytes=240 forwarded=1
1786055572.610774 publish topic=ipi/airspan-followup-c2-rep1/latency/veh-001/request bytes=24301 forwarded=1
1786055572.611428 publish topic=ipi/airspan-followup-c2-rep1/latency/veh-001/ack bytes=240 forwarded=1
1786055572.861096 publish topic=ipi/airspan-followup-c2-rep1/latency/veh-001/request bytes=24301 forwarded=1
1786055572.861671 publish topic=ipi/airspan-followup-c2-rep1/latency/veh-001/ack bytes=240 forwarded=1
1786055573.111324 publish topic=ipi/airspan-followup-c2-rep1/latency/veh-001/request bytes=24301 forwarded=1
1786055573.111985 publish topic=ipi/airspan-followup-c2-rep1/latency/veh-001/ack bytes=240 forwarded=1
1786055573.362224 publish topic=ipi/airspan-followup-c2-rep1/latency/veh-001/request bytes=24301 forwarded=1
1786055573.362886 publish topic=ipi/airspan-followup-c2-rep1/latency/veh-001/ack bytes=240 forwarded=1
1786055573.612393 publish topic=ipi/airspan-followup-c2-rep1/latency/veh-001/request bytes=24301 forwarded=1
1786055573.613050 publish topic=ipi/airspan-followup-c2-rep1/latency/veh-001/ack bytes=240 forwarded=1
1786055573.862321 publish topic=ipi/airspan-followup-c2-rep1/latency/veh-001/request bytes=24301 forwarded=1
1786055573.862550 publish topic=ipi/airspan-followup-c2-rep1/latency/veh-001/ack bytes=240 forwarded=1
1786055574.112896 publish topic=ipi/airspan-followup-c2-rep1/latency/veh-001/request bytes=24301 forwarded=1
1786055574.113491 publish topic=ipi/airspan-followup-c2-rep1/latency/veh-001/ack bytes=240 forwarded=1
1786055574.363326 publish topic=ipi/airspan-followup-c2-rep1/latency/veh-001/request bytes=24301 forwarded=1
1786055574.363954 publish topic=ipi/airspan-followup-c2-rep1/latency/veh-001/ack bytes=240 forwarded=1
1786055574.613436 publish topic=ipi/airspan-followup-c2-rep1/latency/veh-001/request bytes=24301 forwarded=1
1786055574.613697 publish topic=ipi/airspan-followup-c2-rep1/latency/veh-001/ack bytes=240 forwarded=1
1786055574.864197 publish topic=ipi/airspan-followup-c2-rep1/latency/veh-001/request bytes=24301 forwarded=1
1786055574.864887 publish topic=ipi/airspan-followup-c2-rep1/latency/veh-001/ack bytes=240 forwarded=1
1786055575.114549 publish topic=ipi/airspan-followup-c2-rep1/latency/veh-001/request bytes=24301 forwarded=1
1786055575.115169 publish topic=ipi/airspan-followup-c2-rep1/latency/veh-001/ack bytes=240 forwarded=1
1786055575.364945 publish topic=ipi/airspan-followup-c2-rep1/latency/veh-001/request bytes=24301 forwarded=1
1786055575.365544 publish topic=ipi/airspan-followup-c2-rep1/latency/veh-001/ack bytes=240 forwarded=1
1786055575.615665 publish topic=ipi/airspan-followup-c2-rep1/latency/veh-001/request bytes=24301 forwarded=1
1786055575.616350 publish topic=ipi/airspan-followup-c2-rep1/latency/veh-001/ack bytes=240 forwarded=1
1786055575.876014 publish topic=ipi/airspan-followup-c2-rep1/latency/veh-001/request bytes=24301 forwarded=1
1786055575.876665 publish topic=ipi/airspan-followup-c2-rep1/latency/veh-001/ack bytes=240 forwarded=1
1786055576.116351 publish topic=ipi/airspan-followup-c2-rep1/latency/veh-001/request bytes=24301 forwarded=1
1786055576.117002 publish topic=ipi/airspan-followup-c2-rep1/latency/veh-001/ack bytes=240 forwarded=1
1786055576.366910 publish topic=ipi/airspan-followup-c2-rep1/latency/veh-001/request bytes=24301 forwarded=1
1786055576.367413 publish topic=ipi/airspan-followup-c2-rep1/latency/veh-001/ack bytes=240 forwarded=1
1786055576.617030 publish topic=ipi/airspan-followup-c2-rep1/latency/veh-001/request bytes=24301 forwarded=1
1786055576.617650 publish topic=ipi/airspan-followup-c2-rep1/latency/veh-001/ack bytes=240 forwarded=1
1786055576.857026 publish topic=ipi/airspan-followup-c2-rep1/latency/veh-001/request bytes=24301 forwarded=1
1786055576.857593 publish topic=ipi/airspan-followup-c2-rep1/latency/veh-001/ack bytes=240 forwarded=1
1786055577.107793 publish topic=ipi/airspan-followup-c2-rep1/latency/veh-001/request bytes=24301 forwarded=1
1786055577.108467 publish topic=ipi/airspan-followup-c2-rep1/latency/veh-001/ack bytes=240 forwarded=1
1786055577.357925 publish topic=ipi/airspan-followup-c2-rep1/latency/veh-001/request bytes=24301 forwarded=1
1786055577.358573 publish topic=ipi/airspan-followup-c2-rep1/latency/veh-001/ack bytes=240 forwarded=1
1786055577.598196 publish topic=ipi/airspan-followup-c2-rep1/latency/veh-001/request bytes=24301 forwarded=1
1786055577.598848 publish topic=ipi/airspan-followup-c2-rep1/latency/veh-001/ack bytes=240 forwarded=1
1786055577.848685 publish topic=ipi/airspan-followup-c2-rep1/latency/veh-001/request bytes=24301 forwarded=1
1786055577.849365 publish topic=ipi/airspan-followup-c2-rep1/latency/veh-001/ack bytes=240 forwarded=1
1786055578.098726 publish topic=ipi/airspan-followup-c2-rep1/latency/veh-001/request bytes=24301 forwarded=1
1786055578.099380 publish topic=ipi/airspan-followup-c2-rep1/latency/veh-001/ack bytes=240 forwarded=1
1786055578.349152 publish topic=ipi/airspan-followup-c2-rep1/latency/veh-001/request bytes=24301 forwarded=1
1786055578.349824 publish topic=ipi/airspan-followup-c2-rep1/latency/veh-001/ack bytes=240 forwarded=1
1786055578.599463 publish topic=ipi/airspan-followup-c2-rep1/latency/veh-001/request bytes=24301 forwarded=1
1786055578.599744 publish topic=ipi/airspan-followup-c2-rep1/latency/veh-001/ack bytes=240 forwarded=1
1786055578.849942 publish topic=ipi/airspan-followup-c2-rep1/latency/veh-001/request bytes=24301 forwarded=1
1786055578.850618 publish topic=ipi/airspan-followup-c2-rep1/latency/veh-001/ack bytes=240 forwarded=1
1786055579.100113 publish topic=ipi/airspan-followup-c2-rep1/latency/veh-001/request bytes=24301 forwarded=1
1786055579.100923 publish topic=ipi/airspan-followup-c2-rep1/latency/veh-001/ack bytes=240 forwarded=1
1786055579.350595 publish topic=ipi/airspan-followup-c2-rep1/latency/veh-001/request bytes=24301 forwarded=1
1786055579.351231 publish topic=ipi/airspan-followup-c2-rep1/latency/veh-001/ack bytes=240 forwarded=1
1786055579.600952 publish topic=ipi/airspan-followup-c2-rep1/latency/veh-001/request bytes=24301 forwarded=1
1786055579.601668 publish topic=ipi/airspan-followup-c2-rep1/latency/veh-001/ack bytes=240 forwarded=1
1786055579.851297 publish topic=ipi/airspan-followup-c2-rep1/latency/veh-001/request bytes=24301 forwarded=1
1786055579.851977 publish topic=ipi/airspan-followup-c2-rep1/latency/veh-001/ack bytes=240 forwarded=1
1786055580.091475 publish topic=ipi/airspan-followup-c2-rep1/latency/veh-001/request bytes=24301 forwarded=1
1786055580.092136 publish topic=ipi/airspan-followup-c2-rep1/latency/veh-001/ack bytes=240 forwarded=1
1786055580.341696 publish topic=ipi/airspan-followup-c2-rep1/latency/veh-001/request bytes=24301 forwarded=1
1786055580.342374 publish topic=ipi/airspan-followup-c2-rep1/latency/veh-001/ack bytes=240 forwarded=1
1786055580.591832 publish topic=ipi/airspan-followup-c2-rep1/latency/veh-001/request bytes=24301 forwarded=1
1786055580.592131 publish topic=ipi/airspan-followup-c2-rep1/latency/veh-001/ack bytes=240 forwarded=1
1786055580.842189 publish topic=ipi/airspan-followup-c2-rep1/latency/veh-001/request bytes=24301 forwarded=1
1786055580.842585 publish topic=ipi/airspan-followup-c2-rep1/latency/veh-001/ack bytes=240 forwarded=1
1786055581.092789 publish topic=ipi/airspan-followup-c2-rep1/latency/veh-001/request bytes=24301 forwarded=1
1786055581.093435 publish topic=ipi/airspan-followup-c2-rep1/latency/veh-001/ack bytes=240 forwarded=1
1786055581.333162 publish topic=ipi/airspan-followup-c2-rep1/latency/veh-001/request bytes=24301 forwarded=1
1786055581.333788 publish topic=ipi/airspan-followup-c2-rep1/latency/veh-001/ack bytes=240 forwarded=1
1786055581.583573 publish topic=ipi/airspan-followup-c2-rep1/latency/veh-001/request bytes=24301 forwarded=1
1786055581.584291 publish topic=ipi/airspan-followup-c2-rep1/latency/veh-001/ack bytes=240 forwarded=1
1786055581.843973 publish topic=ipi/airspan-followup-c2-rep1/latency/veh-001/request bytes=24301 forwarded=1
1786055581.844660 publish topic=ipi/airspan-followup-c2-rep1/latency/veh-001/ack bytes=240 forwarded=1
1786055582.094246 publish topic=ipi/airspan-followup-c2-rep1/latency/veh-001/request bytes=24301 forwarded=1
1786055582.094876 publish topic=ipi/airspan-followup-c2-rep1/latency/veh-001/ack bytes=240 forwarded=1
1786055582.344421 publish topic=ipi/airspan-followup-c2-rep1/latency/veh-001/request bytes=24301 forwarded=1
1786055582.344665 publish topic=ipi/airspan-followup-c2-rep1/latency/veh-001/ack bytes=240 forwarded=1
1786055582.585071 publish topic=ipi/airspan-followup-c2-rep1/latency/veh-001/request bytes=24301 forwarded=1
1786055582.585728 publish topic=ipi/airspan-followup-c2-rep1/latency/veh-001/ack bytes=240 forwarded=1
1786055582.835240 publish topic=ipi/airspan-followup-c2-rep1/latency/veh-001/request bytes=24301 forwarded=1
1786055582.835903 publish topic=ipi/airspan-followup-c2-rep1/latency/veh-001/ack bytes=240 forwarded=1
1786055583.095546 publish topic=ipi/airspan-followup-c2-rep1/latency/veh-001/request bytes=24301 forwarded=1
1786055583.095880 publish topic=ipi/airspan-followup-c2-rep1/latency/veh-001/ack bytes=240 forwarded=1
1786055583.346255 publish topic=ipi/airspan-followup-c2-rep1/latency/veh-001/request bytes=24301 forwarded=1
1786055583.346922 publish topic=ipi/airspan-followup-c2-rep1/latency/veh-001/ack bytes=240 forwarded=1
1786055583.596035 publish topic=ipi/airspan-followup-c2-rep1/latency/veh-001/request bytes=24301 forwarded=1
1786055583.596411 publish topic=ipi/airspan-followup-c2-rep1/latency/veh-001/ack bytes=240 forwarded=1
1786055583.846380 publish topic=ipi/airspan-followup-c2-rep1/latency/veh-001/request bytes=24301 forwarded=1
1786055583.846595 publish topic=ipi/airspan-followup-c2-rep1/latency/veh-001/ack bytes=240 forwarded=1
1786055584.086852 publish topic=ipi/airspan-followup-c2-rep1/latency/veh-001/request bytes=24301 forwarded=1
1786055584.087525 publish topic=ipi/airspan-followup-c2-rep1/latency/veh-001/ack bytes=240 forwarded=1
1786055584.327166 publish topic=ipi/airspan-followup-c2-rep1/latency/veh-001/request bytes=24301 forwarded=1
1786055584.327828 publish topic=ipi/airspan-followup-c2-rep1/latency/veh-001/ack bytes=240 forwarded=1
1786055584.577493 publish topic=ipi/airspan-followup-c2-rep1/latency/veh-001/request bytes=24301 forwarded=1
1786055584.577822 publish topic=ipi/airspan-followup-c2-rep1/latency/veh-001/ack bytes=240 forwarded=1
1786055584.827907 publish topic=ipi/airspan-followup-c2-rep1/latency/veh-001/request bytes=24301 forwarded=1
1786055584.828561 publish topic=ipi/airspan-followup-c2-rep1/latency/veh-001/ack bytes=240 forwarded=1
1786055585.078328 publish topic=ipi/airspan-followup-c2-rep1/latency/veh-001/request bytes=24301 forwarded=1
1786055585.078990 publish topic=ipi/airspan-followup-c2-rep1/latency/veh-001/ack bytes=240 forwarded=1
1786055585.338473 publish topic=ipi/airspan-followup-c2-rep1/latency/veh-001/request bytes=24301 forwarded=1
1786055585.338913 publish topic=ipi/airspan-followup-c2-rep1/latency/veh-001/ack bytes=240 forwarded=1
1786055585.588956 publish topic=ipi/airspan-followup-c2-rep1/latency/veh-001/request bytes=24301 forwarded=1
1786055585.589630 publish topic=ipi/airspan-followup-c2-rep1/latency/veh-001/ack bytes=240 forwarded=1
1786055585.839298 publish topic=ipi/airspan-followup-c2-rep1/latency/veh-001/request bytes=24301 forwarded=1
1786055585.839655 publish topic=ipi/airspan-followup-c2-rep1/latency/veh-001/ack bytes=240 forwarded=1
1786055586.099624 publish topic=ipi/airspan-followup-c2-rep1/latency/veh-001/request bytes=24301 forwarded=1
1786055586.100296 publish topic=ipi/airspan-followup-c2-rep1/latency/veh-001/ack bytes=240 forwarded=1
1786055586.349717 publish topic=ipi/airspan-followup-c2-rep1/latency/veh-001/request bytes=24301 forwarded=1
1786055586.350058 publish topic=ipi/airspan-followup-c2-rep1/latency/veh-001/ack bytes=240 forwarded=1
1786055586.600226 publish topic=ipi/airspan-followup-c2-rep1/latency/veh-001/request bytes=24301 forwarded=1
1786055586.600730 publish topic=ipi/airspan-followup-c2-rep1/latency/veh-001/ack bytes=240 forwarded=1
1786055586.850562 publish topic=ipi/airspan-followup-c2-rep1/latency/veh-001/request bytes=24301 forwarded=1
1786055586.851208 publish topic=ipi/airspan-followup-c2-rep1/latency/veh-001/ack bytes=240 forwarded=1
1786055587.101088 publish topic=ipi/airspan-followup-c2-rep1/latency/veh-001/request bytes=24301 forwarded=1
1786055587.101725 publish topic=ipi/airspan-followup-c2-rep1/latency/veh-001/ack bytes=240 forwarded=1
1786055587.351232 publish topic=ipi/airspan-followup-c2-rep1/latency/veh-001/request bytes=24301 forwarded=1
1786055587.351934 publish topic=ipi/airspan-followup-c2-rep1/latency/veh-001/ack bytes=240 forwarded=1
1786055587.601630 publish topic=ipi/airspan-followup-c2-rep1/latency/veh-001/request bytes=24301 forwarded=1
1786055587.602302 publish topic=ipi/airspan-followup-c2-rep1/latency/veh-001/ack bytes=240 forwarded=1
1786055587.851971 publish topic=ipi/airspan-followup-c2-rep1/latency/veh-001/request bytes=24301 forwarded=1
1786055587.852407 publish topic=ipi/airspan-followup-c2-rep1/latency/veh-001/ack bytes=240 forwarded=1
1786055588.112514 publish topic=ipi/airspan-followup-c2-rep1/latency/veh-001/request bytes=24301 forwarded=1
1786055588.113180 publish topic=ipi/airspan-followup-c2-rep1/latency/veh-001/ack bytes=240 forwarded=1
1786055588.372754 publish topic=ipi/airspan-followup-c2-rep1/latency/veh-001/request bytes=24301 forwarded=1
1786055588.373412 publish topic=ipi/airspan-followup-c2-rep1/latency/veh-001/ack bytes=240 forwarded=1
1786055588.633101 publish topic=ipi/airspan-followup-c2-rep1/latency/veh-001/request bytes=24301 forwarded=1
1786055588.633783 publish topic=ipi/airspan-followup-c2-rep1/latency/veh-001/ack bytes=240 forwarded=1
1786055588.883503 publish topic=ipi/airspan-followup-c2-rep1/latency/veh-001/request bytes=24301 forwarded=1
1786055588.884170 publish topic=ipi/airspan-followup-c2-rep1/latency/veh-001/ack bytes=240 forwarded=1
1786055589.133751 publish topic=ipi/airspan-followup-c2-rep1/latency/veh-001/request bytes=24301 forwarded=1
1786055589.134017 publish topic=ipi/airspan-followup-c2-rep1/latency/veh-001/ack bytes=240 forwarded=1
1786055589.384297 publish topic=ipi/airspan-followup-c2-rep1/latency/veh-001/request bytes=24301 forwarded=1
1786055589.385012 publish topic=ipi/airspan-followup-c2-rep1/latency/veh-001/ack bytes=240 forwarded=1
1786055589.644565 publish topic=ipi/airspan-followup-c2-rep1/latency/veh-001/request bytes=24301 forwarded=1
1786055589.645230 publish topic=ipi/airspan-followup-c2-rep1/latency/veh-001/ack bytes=240 forwarded=1
1786055589.895201 publish topic=ipi/airspan-followup-c2-rep1/latency/veh-001/request bytes=24301 forwarded=1
1786055589.895802 publish topic=ipi/airspan-followup-c2-rep1/latency/veh-001/ack bytes=240 forwarded=1
1786055590.155241 publish topic=ipi/airspan-followup-c2-rep1/latency/veh-001/request bytes=24301 forwarded=1
1786055590.155913 publish topic=ipi/airspan-followup-c2-rep1/latency/veh-001/ack bytes=240 forwarded=1
1786055590.406013 publish topic=ipi/airspan-followup-c2-rep1/latency/veh-001/request bytes=24301 forwarded=1
1786055590.406690 publish topic=ipi/airspan-followup-c2-rep1/latency/veh-001/ack bytes=240 forwarded=1
1786055590.656255 publish topic=ipi/airspan-followup-c2-rep1/latency/veh-001/request bytes=24301 forwarded=1
1786055590.656960 publish topic=ipi/airspan-followup-c2-rep1/latency/veh-001/ack bytes=240 forwarded=1
1786055590.906756 publish topic=ipi/airspan-followup-c2-rep1/latency/veh-001/request bytes=24301 forwarded=1
1786055590.907411 publish topic=ipi/airspan-followup-c2-rep1/latency/veh-001/ack bytes=240 forwarded=1
1786055591.156757 publish topic=ipi/airspan-followup-c2-rep1/latency/veh-001/request bytes=24301 forwarded=1
1786055591.157084 publish topic=ipi/airspan-followup-c2-rep1/latency/veh-001/ack bytes=240 forwarded=1
1786055591.397213 publish topic=ipi/airspan-followup-c2-rep1/latency/veh-001/request bytes=24301 forwarded=1
1786055591.397527 publish topic=ipi/airspan-followup-c2-rep1/latency/veh-001/ack bytes=240 forwarded=1
1786055591.638048 publish topic=ipi/airspan-followup-c2-rep1/latency/veh-001/request bytes=24301 forwarded=1
1786055591.638723 publish topic=ipi/airspan-followup-c2-rep1/latency/veh-001/ack bytes=240 forwarded=1
1786055591.877950 publish topic=ipi/airspan-followup-c2-rep1/latency/veh-001/request bytes=24301 forwarded=1
1786055591.878265 publish topic=ipi/airspan-followup-c2-rep1/latency/veh-001/ack bytes=240 forwarded=1
1786055592.118654 publish topic=ipi/airspan-followup-c2-rep1/latency/veh-001/request bytes=24301 forwarded=1
1786055592.119318 publish topic=ipi/airspan-followup-c2-rep1/latency/veh-001/ack bytes=240 forwarded=1
1786055592.368862 publish topic=ipi/airspan-followup-c2-rep1/latency/veh-001/request bytes=24301 forwarded=1
1786055592.369528 publish topic=ipi/airspan-followup-c2-rep1/latency/veh-001/ack bytes=240 forwarded=1
1786055592.629114 publish topic=ipi/airspan-followup-c2-rep1/latency/veh-001/request bytes=24301 forwarded=1
1786055592.629770 publish topic=ipi/airspan-followup-c2-rep1/latency/veh-001/ack bytes=240 forwarded=1
1786055592.879347 publish topic=ipi/airspan-followup-c2-rep1/latency/veh-001/request bytes=24301 forwarded=1
1786055592.879966 publish topic=ipi/airspan-followup-c2-rep1/latency/veh-001/ack bytes=240 forwarded=1
1786055593.139536 publish topic=ipi/airspan-followup-c2-rep1/latency/veh-001/request bytes=24301 forwarded=1
1786055593.140179 publish topic=ipi/airspan-followup-c2-rep1/latency/veh-001/ack bytes=240 forwarded=1
1786055593.389628 publish topic=ipi/airspan-followup-c2-rep1/latency/veh-001/request bytes=24301 forwarded=1
1786055593.390270 publish topic=ipi/airspan-followup-c2-rep1/latency/veh-001/ack bytes=240 forwarded=1
1786055593.639963 publish topic=ipi/airspan-followup-c2-rep1/latency/veh-001/request bytes=24301 forwarded=1
1786055593.640469 publish topic=ipi/airspan-followup-c2-rep1/latency/veh-001/ack bytes=240 forwarded=1
1786055593.889797 publish topic=ipi/airspan-followup-c2-rep1/latency/veh-001/request bytes=24301 forwarded=1
1786055593.890053 publish topic=ipi/airspan-followup-c2-rep1/latency/veh-001/ack bytes=240 forwarded=1
1786055594.140165 publish topic=ipi/airspan-followup-c2-rep1/latency/veh-001/request bytes=24301 forwarded=1
1786055594.140588 publish topic=ipi/airspan-followup-c2-rep1/latency/veh-001/ack bytes=240 forwarded=1
1786055594.390709 publish topic=ipi/airspan-followup-c2-rep1/latency/veh-001/request bytes=24301 forwarded=1
1786055594.391414 publish topic=ipi/airspan-followup-c2-rep1/latency/veh-001/ack bytes=240 forwarded=1
1786055594.640864 publish topic=ipi/airspan-followup-c2-rep1/latency/veh-001/request bytes=24301 forwarded=1
1786055594.641293 publish topic=ipi/airspan-followup-c2-rep1/latency/veh-001/ack bytes=240 forwarded=1
1786055594.891111 publish topic=ipi/airspan-followup-c2-rep1/latency/veh-001/request bytes=24301 forwarded=1
1786055594.891842 publish topic=ipi/airspan-followup-c2-rep1/latency/veh-001/ack bytes=240 forwarded=1
1786055595.141093 publish topic=ipi/airspan-followup-c2-rep1/latency/veh-001/request bytes=24301 forwarded=1
1786055595.141408 publish topic=ipi/airspan-followup-c2-rep1/latency/veh-001/ack bytes=240 forwarded=1
1786055595.391528 publish topic=ipi/airspan-followup-c2-rep1/latency/veh-001/request bytes=24301 forwarded=1
1786055595.392184 publish topic=ipi/airspan-followup-c2-rep1/latency/veh-001/ack bytes=240 forwarded=1
1786055595.631944 publish topic=ipi/airspan-followup-c2-rep1/latency/veh-001/request bytes=24301 forwarded=1
1786055595.632637 publish topic=ipi/airspan-followup-c2-rep1/latency/veh-001/ack bytes=240 forwarded=1
1786055595.881825 publish topic=ipi/airspan-followup-c2-rep1/latency/veh-001/request bytes=24301 forwarded=1
1786055595.882170 publish topic=ipi/airspan-followup-c2-rep1/latency/veh-001/ack bytes=240 forwarded=1
1786055596.131966 publish topic=ipi/airspan-followup-c2-rep1/latency/veh-001/request bytes=24301 forwarded=1
1786055596.132629 publish topic=ipi/airspan-followup-c2-rep1/latency/veh-001/ack bytes=240 forwarded=1
1786055596.382065 publish topic=ipi/airspan-followup-c2-rep1/latency/veh-001/request bytes=24301 forwarded=1
1786055596.382342 publish topic=ipi/airspan-followup-c2-rep1/latency/veh-001/ack bytes=240 forwarded=1
1786055596.632586 publish topic=ipi/airspan-followup-c2-rep1/latency/veh-001/request bytes=24301 forwarded=1
1786055596.633287 publish topic=ipi/airspan-followup-c2-rep1/latency/veh-001/ack bytes=240 forwarded=1
1786055596.872994 publish topic=ipi/airspan-followup-c2-rep1/latency/veh-001/request bytes=24301 forwarded=1
1786055596.873631 publish topic=ipi/airspan-followup-c2-rep1/latency/veh-001/ack bytes=240 forwarded=1
1786055597.122883 publish topic=ipi/airspan-followup-c2-rep1/latency/veh-001/request bytes=24301 forwarded=1
1786055597.123525 publish topic=ipi/airspan-followup-c2-rep1/latency/veh-001/ack bytes=240 forwarded=1
1786055597.363189 publish topic=ipi/airspan-followup-c2-rep1/latency/veh-001/request bytes=24301 forwarded=1
1786055597.363847 publish topic=ipi/airspan-followup-c2-rep1/latency/veh-001/ack bytes=240 forwarded=1
1786055597.613489 publish topic=ipi/airspan-followup-c2-rep1/latency/veh-001/request bytes=24301 forwarded=1
1786055597.614157 publish topic=ipi/airspan-followup-c2-rep1/latency/veh-001/ack bytes=240 forwarded=1
1786055597.873501 publish topic=ipi/airspan-followup-c2-rep1/latency/veh-001/request bytes=24301 forwarded=1
1786055597.874134 publish topic=ipi/airspan-followup-c2-rep1/latency/veh-001/ack bytes=240 forwarded=1
1786055598.123642 publish topic=ipi/airspan-followup-c2-rep1/latency/veh-001/request bytes=24301 forwarded=1
1786055598.123953 publish topic=ipi/airspan-followup-c2-rep1/latency/veh-001/ack bytes=240 forwarded=1
1786055598.374236 publish topic=ipi/airspan-followup-c2-rep1/latency/veh-001/request bytes=24301 forwarded=1
1786055598.374879 publish topic=ipi/airspan-followup-c2-rep1/latency/veh-001/ack bytes=240 forwarded=1
1786055598.624368 publish topic=ipi/airspan-followup-c2-rep1/latency/veh-001/request bytes=24301 forwarded=1
1786055598.625043 publish topic=ipi/airspan-followup-c2-rep1/latency/veh-001/ack bytes=240 forwarded=1
1786055598.874592 publish topic=ipi/airspan-followup-c2-rep1/latency/veh-001/request bytes=24301 forwarded=1
1786055598.875247 publish topic=ipi/airspan-followup-c2-rep1/latency/veh-001/ack bytes=240 forwarded=1
1786055599.124620 publish topic=ipi/airspan-followup-c2-rep1/latency/veh-001/request bytes=24301 forwarded=1
1786055599.124891 publish topic=ipi/airspan-followup-c2-rep1/latency/veh-001/ack bytes=240 forwarded=1
1786055599.365139 publish topic=ipi/airspan-followup-c2-rep1/latency/veh-001/request bytes=24301 forwarded=1
1786055599.365796 publish topic=ipi/airspan-followup-c2-rep1/latency/veh-001/ack bytes=240 forwarded=1
1786055599.615603 publish topic=ipi/airspan-followup-c2-rep1/latency/veh-001/request bytes=24301 forwarded=1
1786055599.616287 publish topic=ipi/airspan-followup-c2-rep1/latency/veh-001/ack bytes=240 forwarded=1
1786055599.875456 publish topic=ipi/airspan-followup-c2-rep1/latency/veh-001/request bytes=24301 forwarded=1
1786055599.876121 publish topic=ipi/airspan-followup-c2-rep1/latency/veh-001/ack bytes=240 forwarded=1
1786055600.125968 publish topic=ipi/airspan-followup-c2-rep1/latency/veh-001/request bytes=24301 forwarded=1
1786055600.126632 publish topic=ipi/airspan-followup-c2-rep1/latency/veh-001/ack bytes=240 forwarded=1
1786055600.376192 publish topic=ipi/airspan-followup-c2-rep1/latency/veh-001/request bytes=24301 forwarded=1
1786055600.376460 publish topic=ipi/airspan-followup-c2-rep1/latency/veh-001/ack bytes=240 forwarded=1
1786055600.616360 publish topic=ipi/airspan-followup-c2-rep1/latency/veh-001/request bytes=24301 forwarded=1
1786055600.616570 publish topic=ipi/airspan-followup-c2-rep1/latency/veh-001/ack bytes=240 forwarded=1
1786055600.866806 publish topic=ipi/airspan-followup-c2-rep1/latency/veh-001/request bytes=24301 forwarded=1
1786055600.867453 publish topic=ipi/airspan-followup-c2-rep1/latency/veh-001/ack bytes=240 forwarded=1
1786055601.127431 publish topic=ipi/airspan-followup-c2-rep1/latency/veh-001/request bytes=24301 forwarded=1
1786055601.128061 publish topic=ipi/airspan-followup-c2-rep1/latency/veh-001/ack bytes=240 forwarded=1
1786055601.387841 publish topic=ipi/airspan-followup-c2-rep1/latency/veh-001/request bytes=24301 forwarded=1
1786055601.388497 publish topic=ipi/airspan-followup-c2-rep1/latency/veh-001/ack bytes=240 forwarded=1
1786055601.637799 publish topic=ipi/airspan-followup-c2-rep1/latency/veh-001/request bytes=24301 forwarded=1
1786055601.638045 publish topic=ipi/airspan-followup-c2-rep1/latency/veh-001/ack bytes=240 forwarded=1
1786055601.908453 publish topic=ipi/airspan-followup-c2-rep1/latency/veh-001/request bytes=24301 forwarded=1
1786055601.909122 publish topic=ipi/airspan-followup-c2-rep1/latency/veh-001/ack bytes=240 forwarded=1
1786055602.158843 publish topic=ipi/airspan-followup-c2-rep1/latency/veh-001/request bytes=24301 forwarded=1
1786055602.159507 publish topic=ipi/airspan-followup-c2-rep1/latency/veh-001/ack bytes=240 forwarded=1
1786055602.409236 publish topic=ipi/airspan-followup-c2-rep1/latency/veh-001/request bytes=24301 forwarded=1
1786055602.409894 publish topic=ipi/airspan-followup-c2-rep1/latency/veh-001/ack bytes=240 forwarded=1
1786055602.669583 publish topic=ipi/airspan-followup-c2-rep1/latency/veh-001/request bytes=24301 forwarded=1
1786055602.670260 publish topic=ipi/airspan-followup-c2-rep1/latency/veh-001/ack bytes=240 forwarded=1
1786055602.920345 publish topic=ipi/airspan-followup-c2-rep1/latency/veh-001/request bytes=24301 forwarded=1
1786055602.921018 publish topic=ipi/airspan-followup-c2-rep1/latency/veh-001/ack bytes=240 forwarded=1
1786055603.170444 publish topic=ipi/airspan-followup-c2-rep1/latency/veh-001/request bytes=24301 forwarded=1
1786055603.170839 publish topic=ipi/airspan-followup-c2-rep1/latency/veh-001/ack bytes=240 forwarded=1
1786055603.421128 publish topic=ipi/airspan-followup-c2-rep1/latency/veh-001/request bytes=24301 forwarded=1
1786055603.421784 publish topic=ipi/airspan-followup-c2-rep1/latency/veh-001/ack bytes=240 forwarded=1
1786055603.661343 publish topic=ipi/airspan-followup-c2-rep1/latency/veh-001/request bytes=24301 forwarded=1
1786055603.662008 publish topic=ipi/airspan-followup-c2-rep1/latency/veh-001/ack bytes=240 forwarded=1
1786055603.911764 publish topic=ipi/airspan-followup-c2-rep1/latency/veh-001/request bytes=24301 forwarded=1
1786055603.912442 publish topic=ipi/airspan-followup-c2-rep1/latency/veh-001/ack bytes=240 forwarded=1
1786055604.162140 publish topic=ipi/airspan-followup-c2-rep1/latency/veh-001/request bytes=24301 forwarded=1
1786055604.162811 publish topic=ipi/airspan-followup-c2-rep1/latency/veh-001/ack bytes=240 forwarded=1
1786055604.412170 publish topic=ipi/airspan-followup-c2-rep1/latency/veh-001/request bytes=24301 forwarded=1
1786055604.412776 publish topic=ipi/airspan-followup-c2-rep1/latency/veh-001/ack bytes=240 forwarded=1
1786055604.662733 publish topic=ipi/airspan-followup-c2-rep1/latency/veh-001/request bytes=24301 forwarded=1
1786055604.663361 publish topic=ipi/airspan-followup-c2-rep1/latency/veh-001/ack bytes=240 forwarded=1
1786055604.913008 publish topic=ipi/airspan-followup-c2-rep1/latency/veh-001/request bytes=24301 forwarded=1
1786055604.913701 publish topic=ipi/airspan-followup-c2-rep1/latency/veh-001/ack bytes=240 forwarded=1
1786055605.163442 publish topic=ipi/airspan-followup-c2-rep1/latency/veh-001/request bytes=24301 forwarded=1
1786055605.164078 publish topic=ipi/airspan-followup-c2-rep1/latency/veh-001/ack bytes=240 forwarded=1
1786055605.413521 publish topic=ipi/airspan-followup-c2-rep1/latency/veh-001/request bytes=24301 forwarded=1
1786055605.413903 publish topic=ipi/airspan-followup-c2-rep1/latency/veh-001/ack bytes=240 forwarded=1
1786055605.654221 publish topic=ipi/airspan-followup-c2-rep1/latency/veh-001/request bytes=24301 forwarded=1
1786055605.654655 publish topic=ipi/airspan-followup-c2-rep1/latency/veh-001/ack bytes=240 forwarded=1
1786055605.904361 publish topic=ipi/airspan-followup-c2-rep1/latency/veh-001/request bytes=24301 forwarded=1
1786055605.904770 publish topic=ipi/airspan-followup-c2-rep1/latency/veh-001/ack bytes=240 forwarded=1
1786055606.154880 publish topic=ipi/airspan-followup-c2-rep1/latency/veh-001/request bytes=24301 forwarded=1
1786055606.155502 publish topic=ipi/airspan-followup-c2-rep1/latency/veh-001/ack bytes=240 forwarded=1
1786055606.405447 publish topic=ipi/airspan-followup-c2-rep1/latency/veh-001/request bytes=24301 forwarded=1
1786055606.406115 publish topic=ipi/airspan-followup-c2-rep1/latency/veh-001/ack bytes=240 forwarded=1
1786055606.655670 publish topic=ipi/airspan-followup-c2-rep1/latency/veh-001/request bytes=24301 forwarded=1
1786055606.656402 publish topic=ipi/airspan-followup-c2-rep1/latency/veh-001/ack bytes=240 forwarded=1
1786055606.905956 publish topic=ipi/airspan-followup-c2-rep1/latency/veh-001/request bytes=24301 forwarded=1
1786055606.906603 publish topic=ipi/airspan-followup-c2-rep1/latency/veh-001/ack bytes=240 forwarded=1
1786055607.156674 publish topic=ipi/airspan-followup-c2-rep1/latency/veh-001/request bytes=24301 forwarded=1
1786055607.157422 publish topic=ipi/airspan-followup-c2-rep1/latency/veh-001/ack bytes=240 forwarded=1
1786055607.407079 publish topic=ipi/airspan-followup-c2-rep1/latency/veh-001/request bytes=24301 forwarded=1
1786055607.407741 publish topic=ipi/airspan-followup-c2-rep1/latency/veh-001/ack bytes=240 forwarded=1
1786055607.657268 publish topic=ipi/airspan-followup-c2-rep1/latency/veh-001/request bytes=24301 forwarded=1
1786055607.657594 publish topic=ipi/airspan-followup-c2-rep1/latency/veh-001/ack bytes=240 forwarded=1
1786055607.907641 publish topic=ipi/airspan-followup-c2-rep1/latency/veh-001/request bytes=24301 forwarded=1
1786055607.908272 publish topic=ipi/airspan-followup-c2-rep1/latency/veh-001/ack bytes=240 forwarded=1
1786055608.167960 publish topic=ipi/airspan-followup-c2-rep1/latency/veh-001/request bytes=24301 forwarded=1
1786055608.168563 publish topic=ipi/airspan-followup-c2-rep1/latency/veh-001/ack bytes=240 forwarded=1
1786055608.418582 publish topic=ipi/airspan-followup-c2-rep1/latency/veh-001/request bytes=24301 forwarded=1
1786055608.419213 publish topic=ipi/airspan-followup-c2-rep1/latency/veh-001/ack bytes=240 forwarded=1
1786055608.668700 publish topic=ipi/airspan-followup-c2-rep1/latency/veh-001/request bytes=24301 forwarded=1
1786055608.669009 publish topic=ipi/airspan-followup-c2-rep1/latency/veh-001/ack bytes=240 forwarded=1
1786055608.919244 publish topic=ipi/airspan-followup-c2-rep1/latency/veh-001/request bytes=24301 forwarded=1
1786055608.919908 publish topic=ipi/airspan-followup-c2-rep1/latency/veh-001/ack bytes=240 forwarded=1
1786055609.169669 publish topic=ipi/airspan-followup-c2-rep1/latency/veh-001/request bytes=24301 forwarded=1
1786055609.170346 publish topic=ipi/airspan-followup-c2-rep1/latency/veh-001/ack bytes=240 forwarded=1
1786055609.419979 publish topic=ipi/airspan-followup-c2-rep1/latency/veh-001/request bytes=24301 forwarded=1
1786055609.420680 publish topic=ipi/airspan-followup-c2-rep1/latency/veh-001/ack bytes=240 forwarded=1
1786055609.670627 publish topic=ipi/airspan-followup-c2-rep1/latency/veh-001/request bytes=24301 forwarded=1
1786055609.671416 publish topic=ipi/airspan-followup-c2-rep1/latency/veh-001/ack bytes=240 forwarded=1
1786055609.920899 publish topic=ipi/airspan-followup-c2-rep1/latency/veh-001/request bytes=24301 forwarded=1
1786055609.921243 publish topic=ipi/airspan-followup-c2-rep1/latency/veh-001/ack bytes=240 forwarded=1
1786055610.170884 publish topic=ipi/airspan-followup-c2-rep1/latency/veh-001/request bytes=24301 forwarded=1
1786055610.171272 publish topic=ipi/airspan-followup-c2-rep1/latency/veh-001/ack bytes=240 forwarded=1
1786055610.421456 publish topic=ipi/airspan-followup-c2-rep1/latency/veh-001/request bytes=24301 forwarded=1
1786055610.422092 publish topic=ipi/airspan-followup-c2-rep1/latency/veh-001/ack bytes=240 forwarded=1
1786055610.671827 publish topic=ipi/airspan-followup-c2-rep1/latency/veh-001/request bytes=24301 forwarded=1
1786055610.672503 publish topic=ipi/airspan-followup-c2-rep1/latency/veh-001/ack bytes=240 forwarded=1
1786055610.912126 publish topic=ipi/airspan-followup-c2-rep1/latency/veh-001/request bytes=24301 forwarded=1
1786055610.912778 publish topic=ipi/airspan-followup-c2-rep1/latency/veh-001/ack bytes=240 forwarded=1
1786055611.152541 publish topic=ipi/airspan-followup-c2-rep1/latency/veh-001/request bytes=24301 forwarded=1
1786055611.153214 publish topic=ipi/airspan-followup-c2-rep1/latency/veh-001/ack bytes=240 forwarded=1
1786055611.403081 publish topic=ipi/airspan-followup-c2-rep1/latency/veh-001/request bytes=24301 forwarded=1
1786055611.403723 publish topic=ipi/airspan-followup-c2-rep1/latency/veh-001/ack bytes=240 forwarded=1
1786055611.663368 publish topic=ipi/airspan-followup-c2-rep1/latency/veh-001/request bytes=24301 forwarded=1
1786055611.664003 publish topic=ipi/airspan-followup-c2-rep1/latency/veh-001/ack bytes=240 forwarded=1
1786055611.913563 publish topic=ipi/airspan-followup-c2-rep1/latency/veh-001/request bytes=24301 forwarded=1
1786055611.913886 publish topic=ipi/airspan-followup-c2-rep1/latency/veh-001/ack bytes=240 forwarded=1
1786055612.164347 publish topic=ipi/airspan-followup-c2-rep1/latency/veh-001/request bytes=24301 forwarded=1
1786055612.165032 publish topic=ipi/airspan-followup-c2-rep1/latency/veh-001/ack bytes=240 forwarded=1
1786055612.424570 publish topic=ipi/airspan-followup-c2-rep1/latency/veh-001/request bytes=24301 forwarded=1
1786055612.425264 publish topic=ipi/airspan-followup-c2-rep1/latency/veh-001/ack bytes=240 forwarded=1
1786055612.684768 publish topic=ipi/airspan-followup-c2-rep1/latency/veh-001/request bytes=24301 forwarded=1
1786055612.684996 publish topic=ipi/airspan-followup-c2-rep1/latency/veh-001/ack bytes=240 forwarded=1
1786055612.935003 publish topic=ipi/airspan-followup-c2-rep1/latency/veh-001/request bytes=24301 forwarded=1
1786055612.935266 publish topic=ipi/airspan-followup-c2-rep1/latency/veh-001/ack bytes=240 forwarded=1
1786055613.175721 publish topic=ipi/airspan-followup-c2-rep1/latency/veh-001/request bytes=24301 forwarded=1
1786055613.176427 publish topic=ipi/airspan-followup-c2-rep1/latency/veh-001/ack bytes=240 forwarded=1
1786055613.436348 publish topic=ipi/airspan-followup-c2-rep1/latency/veh-001/request bytes=24301 forwarded=1
1786055613.437049 publish topic=ipi/airspan-followup-c2-rep1/latency/veh-001/ack bytes=240 forwarded=1
1786055613.676855 publish topic=ipi/airspan-followup-c2-rep1/latency/veh-001/request bytes=24301 forwarded=1
1786055613.677524 publish topic=ipi/airspan-followup-c2-rep1/latency/veh-001/ack bytes=240 forwarded=1
1786055613.917033 publish topic=ipi/airspan-followup-c2-rep1/latency/veh-001/request bytes=24301 forwarded=1
1786055613.917696 publish topic=ipi/airspan-followup-c2-rep1/latency/veh-001/ack bytes=240 forwarded=1
1786055614.167313 publish topic=ipi/airspan-followup-c2-rep1/latency/veh-001/request bytes=24301 forwarded=1
1786055614.167954 publish topic=ipi/airspan-followup-c2-rep1/latency/veh-001/ack bytes=240 forwarded=1
1786055614.417423 publish topic=ipi/airspan-followup-c2-rep1/latency/veh-001/request bytes=24301 forwarded=1
1786055614.417651 publish topic=ipi/airspan-followup-c2-rep1/latency/veh-001/ack bytes=240 forwarded=1
1786055614.668080 publish topic=ipi/airspan-followup-c2-rep1/latency/veh-001/request bytes=24301 forwarded=1
1786055614.668325 publish topic=ipi/airspan-followup-c2-rep1/latency/veh-001/ack bytes=240 forwarded=1
1786055614.918337 publish topic=ipi/airspan-followup-c2-rep1/latency/veh-001/request bytes=24301 forwarded=1
1786055614.918721 publish topic=ipi/airspan-followup-c2-rep1/latency/veh-001/ack bytes=240 forwarded=1
1786055615.169006 publish topic=ipi/airspan-followup-c2-rep1/latency/veh-001/request bytes=24301 forwarded=1
1786055615.169641 publish topic=ipi/airspan-followup-c2-rep1/latency/veh-001/ack bytes=240 forwarded=1
1786055615.419669 publish topic=ipi/airspan-followup-c2-rep1/latency/veh-001/request bytes=24301 forwarded=1
1786055615.420322 publish topic=ipi/airspan-followup-c2-rep1/latency/veh-001/ack bytes=240 forwarded=1
1786055615.669583 publish topic=ipi/airspan-followup-c2-rep1/latency/veh-001/request bytes=24301 forwarded=1
1786055615.669833 publish topic=ipi/airspan-followup-c2-rep1/latency/veh-001/ack bytes=240 forwarded=1
1786055615.920171 publish topic=ipi/airspan-followup-c2-rep1/latency/veh-001/request bytes=24301 forwarded=1
1786055615.920890 publish topic=ipi/airspan-followup-c2-rep1/latency/veh-001/ack bytes=240 forwarded=1
1786055616.170534 publish topic=ipi/airspan-followup-c2-rep1/latency/veh-001/request bytes=24301 forwarded=1
1786055616.171218 publish topic=ipi/airspan-followup-c2-rep1/latency/veh-001/ack bytes=240 forwarded=1
1786055616.420825 publish topic=ipi/airspan-followup-c2-rep1/latency/veh-001/request bytes=24301 forwarded=1
1786055616.421546 publish topic=ipi/airspan-followup-c2-rep1/latency/veh-001/ack bytes=240 forwarded=1
1786055616.671302 publish topic=ipi/airspan-followup-c2-rep1/latency/veh-001/request bytes=24301 forwarded=1
1786055616.671680 publish topic=ipi/airspan-followup-c2-rep1/latency/veh-001/ack bytes=240 forwarded=1
1786055616.911605 publish topic=ipi/airspan-followup-c2-rep1/latency/veh-001/request bytes=24301 forwarded=1
1786055616.911818 publish topic=ipi/airspan-followup-c2-rep1/latency/veh-001/ack bytes=240 forwarded=1
1786055617.162045 publish topic=ipi/airspan-followup-c2-rep1/latency/veh-001/request bytes=24301 forwarded=1
1786055617.162433 publish topic=ipi/airspan-followup-c2-rep1/latency/veh-001/ack bytes=240 forwarded=1
1786055617.422642 publish topic=ipi/airspan-followup-c2-rep1/latency/veh-001/request bytes=24301 forwarded=1
1786055617.423322 publish topic=ipi/airspan-followup-c2-rep1/latency/veh-001/ack bytes=240 forwarded=1
1786055617.672884 publish topic=ipi/airspan-followup-c2-rep1/latency/veh-001/request bytes=24301 forwarded=1
1786055617.673559 publish topic=ipi/airspan-followup-c2-rep1/latency/veh-001/ack bytes=240 forwarded=1
1786055617.923171 publish topic=ipi/airspan-followup-c2-rep1/latency/veh-001/request bytes=24301 forwarded=1
1786055617.923880 publish topic=ipi/airspan-followup-c2-rep1/latency/veh-001/ack bytes=240 forwarded=1
1786055618.183427 publish topic=ipi/airspan-followup-c2-rep1/latency/veh-001/request bytes=24301 forwarded=1
1786055618.184204 publish topic=ipi/airspan-followup-c2-rep1/latency/veh-001/ack bytes=240 forwarded=1
1786055618.434074 publish topic=ipi/airspan-followup-c2-rep1/latency/veh-001/request bytes=24301 forwarded=1
1786055618.434640 publish topic=ipi/airspan-followup-c2-rep1/latency/veh-001/ack bytes=240 forwarded=1
1786055618.684465 publish topic=ipi/airspan-followup-c2-rep1/latency/veh-001/request bytes=24301 forwarded=1
1786055618.685215 publish topic=ipi/airspan-followup-c2-rep1/latency/veh-001/ack bytes=240 forwarded=1
1786055618.934610 publish topic=ipi/airspan-followup-c2-rep1/latency/veh-001/request bytes=24301 forwarded=1
1786055618.935325 publish topic=ipi/airspan-followup-c2-rep1/latency/veh-001/ack bytes=240 forwarded=1
1786055619.195038 publish topic=ipi/airspan-followup-c2-rep1/latency/veh-001/request bytes=24301 forwarded=1
1786055619.195768 publish topic=ipi/airspan-followup-c2-rep1/latency/veh-001/ack bytes=240 forwarded=1
1786055619.455445 publish topic=ipi/airspan-followup-c2-rep1/latency/veh-001/request bytes=24301 forwarded=1
1786055619.456139 publish topic=ipi/airspan-followup-c2-rep1/latency/veh-001/ack bytes=240 forwarded=1
1786055619.705941 publish topic=ipi/airspan-followup-c2-rep1/latency/veh-001/request bytes=24301 forwarded=1
1786055619.706617 publish topic=ipi/airspan-followup-c2-rep1/latency/veh-001/ack bytes=240 forwarded=1
1786055619.956226 publish topic=ipi/airspan-followup-c2-rep1/latency/veh-001/request bytes=24301 forwarded=1
1786055619.956936 publish topic=ipi/airspan-followup-c2-rep1/latency/veh-001/ack bytes=240 forwarded=1
1786055620.206615 publish topic=ipi/airspan-followup-c2-rep1/latency/veh-001/request bytes=24301 forwarded=1
1786055620.207232 publish topic=ipi/airspan-followup-c2-rep1/latency/veh-001/ack bytes=240 forwarded=1
1786055620.447042 publish topic=ipi/airspan-followup-c2-rep1/latency/veh-001/request bytes=24301 forwarded=1
1786055620.447687 publish topic=ipi/airspan-followup-c2-rep1/latency/veh-001/ack bytes=240 forwarded=1
1786055620.687196 publish topic=ipi/airspan-followup-c2-rep1/latency/veh-001/request bytes=24301 forwarded=1
1786055620.687542 publish topic=ipi/airspan-followup-c2-rep1/latency/veh-001/ack bytes=240 forwarded=1
1786055620.937576 publish topic=ipi/airspan-followup-c2-rep1/latency/veh-001/request bytes=24301 forwarded=1
1786055620.938210 publish topic=ipi/airspan-followup-c2-rep1/latency/veh-001/ack bytes=240 forwarded=1
1786055621.187932 publish topic=ipi/airspan-followup-c2-rep1/latency/veh-001/request bytes=24301 forwarded=1
1786055621.188210 publish topic=ipi/airspan-followup-c2-rep1/latency/veh-001/ack bytes=240 forwarded=1
1786055621.438277 publish topic=ipi/airspan-followup-c2-rep1/latency/veh-001/request bytes=24301 forwarded=1
1786055621.438914 publish topic=ipi/airspan-followup-c2-rep1/latency/veh-001/ack bytes=240 forwarded=1
1786055621.689094 publish topic=ipi/airspan-followup-c2-rep1/latency/veh-001/request bytes=24301 forwarded=1
1786055621.689358 publish topic=ipi/airspan-followup-c2-rep1/latency/veh-001/ack bytes=240 forwarded=1
1786055621.939199 publish topic=ipi/airspan-followup-c2-rep1/latency/veh-001/request bytes=24301 forwarded=1
1786055621.939935 publish topic=ipi/airspan-followup-c2-rep1/latency/veh-001/ack bytes=240 forwarded=1
1786055622.179858 publish topic=ipi/airspan-followup-c2-rep1/latency/veh-001/request bytes=24301 forwarded=1
1786055622.180521 publish topic=ipi/airspan-followup-c2-rep1/latency/veh-001/ack bytes=240 forwarded=1
1786055622.430360 publish topic=ipi/airspan-followup-c2-rep1/latency/veh-001/request bytes=24301 forwarded=1
1786055622.431030 publish topic=ipi/airspan-followup-c2-rep1/latency/veh-001/ack bytes=240 forwarded=1
1786055622.680168 publish topic=ipi/airspan-followup-c2-rep1/latency/veh-001/request bytes=24301 forwarded=1
1786055622.680501 publish topic=ipi/airspan-followup-c2-rep1/latency/veh-001/ack bytes=240 forwarded=1
1786055622.930756 publish topic=ipi/airspan-followup-c2-rep1/latency/veh-001/request bytes=24301 forwarded=1
1786055622.931223 publish topic=ipi/airspan-followup-c2-rep1/latency/veh-001/ack bytes=240 forwarded=1
1786055623.181314 publish topic=ipi/airspan-followup-c2-rep1/latency/veh-001/request bytes=24301 forwarded=1
1786055623.181971 publish topic=ipi/airspan-followup-c2-rep1/latency/veh-001/ack bytes=240 forwarded=1
1786055623.441569 publish topic=ipi/airspan-followup-c2-rep1/latency/veh-001/request bytes=24301 forwarded=1
1786055623.441895 publish topic=ipi/airspan-followup-c2-rep1/latency/veh-001/ack bytes=240 forwarded=1
1786055623.691956 publish topic=ipi/airspan-followup-c2-rep1/latency/veh-001/request bytes=24301 forwarded=1
1786055623.692311 publish topic=ipi/airspan-followup-c2-rep1/latency/veh-001/ack bytes=240 forwarded=1
1786055623.942171 publish topic=ipi/airspan-followup-c2-rep1/latency/veh-001/request bytes=24301 forwarded=1
1786055623.942868 publish topic=ipi/airspan-followup-c2-rep1/latency/veh-001/ack bytes=240 forwarded=1
1786055624.182836 publish topic=ipi/airspan-followup-c2-rep1/latency/veh-001/request bytes=24301 forwarded=1
1786055624.183178 publish topic=ipi/airspan-followup-c2-rep1/latency/veh-001/ack bytes=240 forwarded=1
1786055624.433180 publish topic=ipi/airspan-followup-c2-rep1/latency/veh-001/request bytes=24301 forwarded=1
1786055624.433809 publish topic=ipi/airspan-followup-c2-rep1/latency/veh-001/ack bytes=240 forwarded=1
1786055624.683999 publish topic=ipi/airspan-followup-c2-rep1/latency/veh-001/request bytes=24301 forwarded=1
1786055624.684774 publish topic=ipi/airspan-followup-c2-rep1/latency/veh-001/ack bytes=240 forwarded=1
1786055624.934574 publish topic=ipi/airspan-followup-c2-rep1/latency/veh-001/request bytes=24301 forwarded=1
1786055624.935243 publish topic=ipi/airspan-followup-c2-rep1/latency/veh-001/ack bytes=240 forwarded=1
1786055625.184965 publish topic=ipi/airspan-followup-c2-rep1/latency/veh-001/request bytes=24301 forwarded=1
1786055625.185389 publish topic=ipi/airspan-followup-c2-rep1/latency/veh-001/ack bytes=240 forwarded=1
1786055625.435595 publish topic=ipi/airspan-followup-c2-rep1/latency/veh-001/request bytes=24301 forwarded=1
1786055625.435890 publish topic=ipi/airspan-followup-c2-rep1/latency/veh-001/ack bytes=240 forwarded=1
1786055625.686057 publish topic=ipi/airspan-followup-c2-rep1/latency/veh-001/request bytes=24301 forwarded=1
1786055625.686403 publish topic=ipi/airspan-followup-c2-rep1/latency/veh-001/ack bytes=240 forwarded=1
1786055625.956846 publish topic=ipi/airspan-followup-c2-rep1/latency/veh-001/request bytes=24301 forwarded=1
1786055625.957519 publish topic=ipi/airspan-followup-c2-rep1/latency/veh-001/ack bytes=240 forwarded=1
1786055626.207184 publish topic=ipi/airspan-followup-c2-rep1/latency/veh-001/request bytes=24301 forwarded=1
1786055626.207596 publish topic=ipi/airspan-followup-c2-rep1/latency/veh-001/ack bytes=240 forwarded=1
1786055626.458040 publish topic=ipi/airspan-followup-c2-rep1/latency/veh-001/request bytes=24301 forwarded=1
1786055626.458723 publish topic=ipi/airspan-followup-c2-rep1/latency/veh-001/ack bytes=240 forwarded=1
1786055626.708698 publish topic=ipi/airspan-followup-c2-rep1/latency/veh-001/request bytes=24301 forwarded=1
1786055626.709398 publish topic=ipi/airspan-followup-c2-rep1/latency/veh-001/ack bytes=240 forwarded=1
1786055626.958748 publish topic=ipi/airspan-followup-c2-rep1/latency/veh-001/request bytes=24301 forwarded=1
1786055626.958965 publish topic=ipi/airspan-followup-c2-rep1/latency/veh-001/ack bytes=240 forwarded=1
1786055627.209445 publish topic=ipi/airspan-followup-c2-rep1/latency/veh-001/request bytes=24301 forwarded=1
1786055627.210069 publish topic=ipi/airspan-followup-c2-rep1/latency/veh-001/ack bytes=240 forwarded=1
1786055627.460180 publish topic=ipi/airspan-followup-c2-rep1/latency/veh-001/request bytes=24301 forwarded=1
1786055627.460904 publish topic=ipi/airspan-followup-c2-rep1/latency/veh-001/ack bytes=240 forwarded=1
1786055627.710757 publish topic=ipi/airspan-followup-c2-rep1/latency/veh-001/request bytes=24301 forwarded=1
1786055627.711430 publish topic=ipi/airspan-followup-c2-rep1/latency/veh-001/ack bytes=240 forwarded=1
1786055627.971034 publish topic=ipi/airspan-followup-c2-rep1/latency/veh-001/request bytes=24301 forwarded=1
1786055627.971398 publish topic=ipi/airspan-followup-c2-rep1/latency/veh-001/ack bytes=240 forwarded=1
1786055628.221564 publish topic=ipi/airspan-followup-c2-rep1/latency/veh-001/request bytes=24301 forwarded=1
1786055628.222206 publish topic=ipi/airspan-followup-c2-rep1/latency/veh-001/ack bytes=240 forwarded=1
1786055628.462192 publish topic=ipi/airspan-followup-c2-rep1/latency/veh-001/request bytes=24301 forwarded=1
1786055628.462822 publish topic=ipi/airspan-followup-c2-rep1/latency/veh-001/ack bytes=240 forwarded=1
1786055628.712823 publish topic=ipi/airspan-followup-c2-rep1/latency/veh-001/request bytes=24301 forwarded=1
1786055628.713487 publish topic=ipi/airspan-followup-c2-rep1/latency/veh-001/ack bytes=240 forwarded=1
1786055628.953422 publish topic=ipi/airspan-followup-c2-rep1/latency/veh-001/request bytes=24301 forwarded=1
1786055628.954132 publish topic=ipi/airspan-followup-c2-rep1/latency/veh-001/ack bytes=240 forwarded=1
1786055629.214047 publish topic=ipi/airspan-followup-c2-rep1/latency/veh-001/request bytes=24301 forwarded=1
1786055629.214787 publish topic=ipi/airspan-followup-c2-rep1/latency/veh-001/ack bytes=240 forwarded=1
1786055629.464711 publish topic=ipi/airspan-followup-c2-rep1/latency/veh-001/request bytes=24301 forwarded=1
1786055629.465390 publish topic=ipi/airspan-followup-c2-rep1/latency/veh-001/ack bytes=240 forwarded=1
1786055629.715076 publish topic=ipi/airspan-followup-c2-rep1/latency/veh-001/request bytes=24301 forwarded=1
1786055629.715439 publish topic=ipi/airspan-followup-c2-rep1/latency/veh-001/ack bytes=240 forwarded=1
1786055629.965908 publish topic=ipi/airspan-followup-c2-rep1/latency/veh-001/request bytes=24301 forwarded=1
1786055629.966562 publish topic=ipi/airspan-followup-c2-rep1/latency/veh-001/ack bytes=240 forwarded=1
1786055630.216189 publish topic=ipi/airspan-followup-c2-rep1/latency/veh-001/request bytes=24301 forwarded=1
1786055630.216568 publish topic=ipi/airspan-followup-c2-rep1/latency/veh-001/ack bytes=240 forwarded=1
1786055630.467013 publish topic=ipi/airspan-followup-c2-rep1/latency/veh-001/request bytes=24301 forwarded=1
1786055630.467683 publish topic=ipi/airspan-followup-c2-rep1/latency/veh-001/ack bytes=240 forwarded=1
1786055630.717268 publish topic=ipi/airspan-followup-c2-rep1/latency/veh-001/request bytes=24301 forwarded=1
1786055630.717870 publish topic=ipi/airspan-followup-c2-rep1/latency/veh-001/ack bytes=240 forwarded=1
1786055630.968144 publish topic=ipi/airspan-followup-c2-rep1/latency/veh-001/request bytes=24301 forwarded=1
1786055630.968839 publish topic=ipi/airspan-followup-c2-rep1/latency/veh-001/ack bytes=240 forwarded=1
1786055631.218596 publish topic=ipi/airspan-followup-c2-rep1/latency/veh-001/request bytes=24301 forwarded=1
1786055631.219040 publish topic=ipi/airspan-followup-c2-rep1/latency/veh-001/ack bytes=240 forwarded=1
1786055631.469076 publish topic=ipi/airspan-followup-c2-rep1/latency/veh-001/request bytes=24301 forwarded=1
1786055631.469763 publish topic=ipi/airspan-followup-c2-rep1/latency/veh-001/ack bytes=240 forwarded=1
1786055631.719786 publish topic=ipi/airspan-followup-c2-rep1/latency/veh-001/request bytes=24301 forwarded=1
1786055631.720576 publish topic=ipi/airspan-followup-c2-rep1/latency/veh-001/ack bytes=240 forwarded=1
1786055631.970325 publish topic=ipi/airspan-followup-c2-rep1/latency/veh-001/request bytes=24301 forwarded=1
1786055631.971026 publish topic=ipi/airspan-followup-c2-rep1/latency/veh-001/ack bytes=240 forwarded=1
1786055632.230598 publish topic=ipi/airspan-followup-c2-rep1/latency/veh-001/request bytes=24301 forwarded=1
1786055632.230912 publish topic=ipi/airspan-followup-c2-rep1/latency/veh-001/ack bytes=240 forwarded=1
1786055632.471438 publish topic=ipi/airspan-followup-c2-rep1/latency/veh-001/request bytes=24301 forwarded=1
1786055632.471689 publish topic=ipi/airspan-followup-c2-rep1/latency/veh-001/ack bytes=240 forwarded=1
1786055632.721621 publish topic=ipi/airspan-followup-c2-rep1/latency/veh-001/request bytes=24301 forwarded=1
1786055632.721870 publish topic=ipi/airspan-followup-c2-rep1/latency/veh-001/ack bytes=240 forwarded=1
1786055632.972485 publish topic=ipi/airspan-followup-c2-rep1/latency/veh-001/request bytes=24301 forwarded=1
1786055632.973150 publish topic=ipi/airspan-followup-c2-rep1/latency/veh-001/ack bytes=240 forwarded=1
1786055633.222986 publish topic=ipi/airspan-followup-c2-rep1/latency/veh-001/request bytes=24301 forwarded=1
1786055633.223656 publish topic=ipi/airspan-followup-c2-rep1/latency/veh-001/ack bytes=240 forwarded=1
1786055633.473608 publish topic=ipi/airspan-followup-c2-rep1/latency/veh-001/request bytes=24301 forwarded=1
1786055633.474269 publish topic=ipi/airspan-followup-c2-rep1/latency/veh-001/ack bytes=240 forwarded=1
1786055633.733505 publish topic=ipi/airspan-followup-c2-rep1/latency/veh-001/request bytes=24301 forwarded=1
1786055633.733788 publish topic=ipi/airspan-followup-c2-rep1/latency/veh-001/ack bytes=240 forwarded=1
1786055633.984416 publish topic=ipi/airspan-followup-c2-rep1/latency/veh-001/request bytes=24301 forwarded=1
1786055633.985082 publish topic=ipi/airspan-followup-c2-rep1/latency/veh-001/ack bytes=240 forwarded=1
1786055634.234560 publish topic=ipi/airspan-followup-c2-rep1/latency/veh-001/request bytes=24301 forwarded=1
1786055634.234997 publish topic=ipi/airspan-followup-c2-rep1/latency/veh-001/ack bytes=240 forwarded=1
1786055634.494613 publish topic=ipi/airspan-followup-c2-rep1/latency/veh-001/request bytes=24301 forwarded=1
1786055634.494892 publish topic=ipi/airspan-followup-c2-rep1/latency/veh-001/ack bytes=240 forwarded=1
1786055634.745139 publish topic=ipi/airspan-followup-c2-rep1/latency/veh-001/request bytes=24301 forwarded=1
1786055634.745490 publish topic=ipi/airspan-followup-c2-rep1/latency/veh-001/ack bytes=240 forwarded=1
1786055634.995790 publish topic=ipi/airspan-followup-c2-rep1/latency/veh-001/request bytes=24301 forwarded=1
1786055634.996437 publish topic=ipi/airspan-followup-c2-rep1/latency/veh-001/ack bytes=240 forwarded=1
1786055635.246113 publish topic=ipi/airspan-followup-c2-rep1/latency/veh-001/request bytes=24301 forwarded=1
1786055635.246686 publish topic=ipi/airspan-followup-c2-rep1/latency/veh-001/ack bytes=240 forwarded=1
1786055635.496521 publish topic=ipi/airspan-followup-c2-rep1/latency/veh-001/request bytes=24301 forwarded=1
1786055635.497215 publish topic=ipi/airspan-followup-c2-rep1/latency/veh-001/ack bytes=240 forwarded=1
1786055635.736956 publish topic=ipi/airspan-followup-c2-rep1/latency/veh-001/request bytes=24301 forwarded=1
1786055635.737650 publish topic=ipi/airspan-followup-c2-rep1/latency/veh-001/ack bytes=240 forwarded=1
1786055635.977557 publish topic=ipi/airspan-followup-c2-rep1/latency/veh-001/request bytes=24301 forwarded=1
1786055635.978247 publish topic=ipi/airspan-followup-c2-rep1/latency/veh-001/ack bytes=240 forwarded=1
1786055636.217563 publish topic=ipi/airspan-followup-c2-rep1/latency/veh-001/request bytes=24301 forwarded=1
1786055636.217925 publish topic=ipi/airspan-followup-c2-rep1/latency/veh-001/ack bytes=240 forwarded=1
1786055636.458000 publish topic=ipi/airspan-followup-c2-rep1/latency/veh-001/request bytes=24301 forwarded=1
1786055636.458500 publish topic=ipi/airspan-followup-c2-rep1/latency/veh-001/ack bytes=240 forwarded=1
1786055636.708754 publish topic=ipi/airspan-followup-c2-rep1/latency/veh-001/request bytes=24301 forwarded=1
1786055636.709416 publish topic=ipi/airspan-followup-c2-rep1/latency/veh-001/ack bytes=240 forwarded=1
1786055636.958552 publish topic=ipi/airspan-followup-c2-rep1/latency/veh-001/request bytes=24301 forwarded=1
1786055636.959161 publish topic=ipi/airspan-followup-c2-rep1/latency/veh-001/ack bytes=240 forwarded=1
1786055637.209495 publish topic=ipi/airspan-followup-c2-rep1/latency/veh-001/request bytes=24301 forwarded=1
1786055637.210277 publish topic=ipi/airspan-followup-c2-rep1/latency/veh-001/ack bytes=240 forwarded=1
1786055637.459358 publish topic=ipi/airspan-followup-c2-rep1/latency/veh-001/request bytes=24301 forwarded=1
1786055637.459774 publish topic=ipi/airspan-followup-c2-rep1/latency/veh-001/ack bytes=240 forwarded=1
1786055637.719865 publish topic=ipi/airspan-followup-c2-rep1/latency/veh-001/request bytes=24301 forwarded=1
1786055637.720515 publish topic=ipi/airspan-followup-c2-rep1/latency/veh-001/ack bytes=240 forwarded=1
1786055637.970041 publish topic=ipi/airspan-followup-c2-rep1/latency/veh-001/request bytes=24301 forwarded=1
1786055637.970380 publish topic=ipi/airspan-followup-c2-rep1/latency/veh-001/ack bytes=240 forwarded=1
1786055638.220844 publish topic=ipi/airspan-followup-c2-rep1/latency/veh-001/request bytes=24301 forwarded=1
1786055638.221524 publish topic=ipi/airspan-followup-c2-rep1/latency/veh-001/ack bytes=240 forwarded=1
1786055638.471310 publish topic=ipi/airspan-followup-c2-rep1/latency/veh-001/request bytes=24301 forwarded=1
1786055638.471976 publish topic=ipi/airspan-followup-c2-rep1/latency/veh-001/ack bytes=240 forwarded=1
1786055638.721279 publish topic=ipi/airspan-followup-c2-rep1/latency/veh-001/request bytes=24301 forwarded=1
1786055638.721927 publish topic=ipi/airspan-followup-c2-rep1/latency/veh-001/ack bytes=240 forwarded=1
1786055638.971971 publish topic=ipi/airspan-followup-c2-rep1/latency/veh-001/request bytes=24301 forwarded=1
1786055638.972646 publish topic=ipi/airspan-followup-c2-rep1/latency/veh-001/ack bytes=240 forwarded=1
1786055639.212247 publish topic=ipi/airspan-followup-c2-rep1/latency/veh-001/request bytes=24301 forwarded=1
1786055639.212952 publish topic=ipi/airspan-followup-c2-rep1/latency/veh-001/ack bytes=240 forwarded=1
1786055639.462471 publish topic=ipi/airspan-followup-c2-rep1/latency/veh-001/request bytes=24301 forwarded=1
1786055639.463115 publish topic=ipi/airspan-followup-c2-rep1/latency/veh-001/ack bytes=240 forwarded=1
1786055639.712662 publish topic=ipi/airspan-followup-c2-rep1/latency/veh-001/request bytes=24301 forwarded=1
1786055639.713053 publish topic=ipi/airspan-followup-c2-rep1/latency/veh-001/ack bytes=240 forwarded=1
1786055639.953231 publish topic=ipi/airspan-followup-c2-rep1/latency/veh-001/request bytes=24301 forwarded=1
1786055639.953892 publish topic=ipi/airspan-followup-c2-rep1/latency/veh-001/ack bytes=240 forwarded=1
1786055640.213535 publish topic=ipi/airspan-followup-c2-rep1/latency/veh-001/request bytes=24301 forwarded=1
1786055640.214179 publish topic=ipi/airspan-followup-c2-rep1/latency/veh-001/ack bytes=240 forwarded=1
1786055640.474057 publish topic=ipi/airspan-followup-c2-rep1/latency/veh-001/request bytes=24301 forwarded=1
1786055640.474525 publish topic=ipi/airspan-followup-c2-rep1/latency/veh-001/ack bytes=240 forwarded=1
1786055640.734485 publish topic=ipi/airspan-followup-c2-rep1/latency/veh-001/request bytes=24301 forwarded=1
1786055640.735125 publish topic=ipi/airspan-followup-c2-rep1/latency/veh-001/ack bytes=240 forwarded=1
1786055640.984843 publish topic=ipi/airspan-followup-c2-rep1/latency/veh-001/request bytes=24301 forwarded=1
1786055640.985481 publish topic=ipi/airspan-followup-c2-rep1/latency/veh-001/ack bytes=240 forwarded=1
1786055641.235203 publish topic=ipi/airspan-followup-c2-rep1/latency/veh-001/request bytes=24301 forwarded=1
1786055641.235849 publish topic=ipi/airspan-followup-c2-rep1/latency/veh-001/ack bytes=240 forwarded=1
1786055641.485518 publish topic=ipi/airspan-followup-c2-rep1/latency/veh-001/request bytes=24301 forwarded=1
1786055641.485933 publish topic=ipi/airspan-followup-c2-rep1/latency/veh-001/ack bytes=240 forwarded=1
1786055641.736184 publish topic=ipi/airspan-followup-c2-rep1/latency/veh-001/request bytes=24301 forwarded=1
1786055641.736861 publish topic=ipi/airspan-followup-c2-rep1/latency/veh-001/ack bytes=240 forwarded=1
1786055641.986552 publish topic=ipi/airspan-followup-c2-rep1/latency/veh-001/request bytes=24301 forwarded=1
1786055641.986934 publish topic=ipi/airspan-followup-c2-rep1/latency/veh-001/ack bytes=240 forwarded=1
1786055642.236664 publish topic=ipi/airspan-followup-c2-rep1/latency/veh-001/request bytes=24301 forwarded=1
1786055642.237341 publish topic=ipi/airspan-followup-c2-rep1/latency/veh-001/ack bytes=240 forwarded=1
1786055642.476858 publish topic=ipi/airspan-followup-c2-rep1/latency/veh-001/request bytes=24301 forwarded=1
1786055642.477101 publish topic=ipi/airspan-followup-c2-rep1/latency/veh-001/ack bytes=240 forwarded=1
1786055642.717673 publish topic=ipi/airspan-followup-c2-rep1/latency/veh-001/request bytes=24301 forwarded=1
1786055642.718371 publish topic=ipi/airspan-followup-c2-rep1/latency/veh-001/ack bytes=240 forwarded=1
1786055642.958174 publish topic=ipi/airspan-followup-c2-rep1/latency/veh-001/request bytes=24301 forwarded=1
1786055642.958774 publish topic=ipi/airspan-followup-c2-rep1/latency/veh-001/ack bytes=240 forwarded=1
1786055643.208420 publish topic=ipi/airspan-followup-c2-rep1/latency/veh-001/request bytes=24301 forwarded=1
1786055643.209363 publish topic=ipi/airspan-followup-c2-rep1/latency/veh-001/ack bytes=240 forwarded=1
1786055643.458628 publish topic=ipi/airspan-followup-c2-rep1/latency/veh-001/request bytes=24301 forwarded=1
1786055643.459019 publish topic=ipi/airspan-followup-c2-rep1/latency/veh-001/ack bytes=240 forwarded=1
1786055643.709501 publish topic=ipi/airspan-followup-c2-rep1/latency/veh-001/request bytes=24301 forwarded=1
1786055643.710027 publish topic=ipi/airspan-followup-c2-rep1/latency/veh-001/ack bytes=240 forwarded=1
1786055643.949746 publish topic=ipi/airspan-followup-c2-rep1/latency/veh-001/request bytes=24301 forwarded=1
1786055643.950411 publish topic=ipi/airspan-followup-c2-rep1/latency/veh-001/ack bytes=240 forwarded=1
1786055644.199703 publish topic=ipi/airspan-followup-c2-rep1/latency/veh-001/request bytes=24301 forwarded=1
1786055644.199949 publish topic=ipi/airspan-followup-c2-rep1/latency/veh-001/ack bytes=240 forwarded=1
1786055644.450596 publish topic=ipi/airspan-followup-c2-rep1/latency/veh-001/request bytes=24301 forwarded=1
1786055644.451266 publish topic=ipi/airspan-followup-c2-rep1/latency/veh-001/ack bytes=240 forwarded=1
1786055644.700979 publish topic=ipi/airspan-followup-c2-rep1/latency/veh-001/request bytes=24301 forwarded=1
1786055644.701748 publish topic=ipi/airspan-followup-c2-rep1/latency/veh-001/ack bytes=240 forwarded=1
1786055644.951456 publish topic=ipi/airspan-followup-c2-rep1/latency/veh-001/request bytes=24301 forwarded=1
1786055644.952143 publish topic=ipi/airspan-followup-c2-rep1/latency/veh-001/ack bytes=240 forwarded=1
1786055645.201702 publish topic=ipi/airspan-followup-c2-rep1/latency/veh-001/request bytes=24301 forwarded=1
1786055645.202377 publish topic=ipi/airspan-followup-c2-rep1/latency/veh-001/ack bytes=240 forwarded=1
1786055645.451995 publish topic=ipi/airspan-followup-c2-rep1/latency/veh-001/request bytes=24301 forwarded=1
1786055645.452291 publish topic=ipi/airspan-followup-c2-rep1/latency/veh-001/ack bytes=240 forwarded=1
1786055645.702768 publish topic=ipi/airspan-followup-c2-rep1/latency/veh-001/request bytes=24301 forwarded=1
1786055645.703448 publish topic=ipi/airspan-followup-c2-rep1/latency/veh-001/ack bytes=240 forwarded=1
1786055645.952846 publish topic=ipi/airspan-followup-c2-rep1/latency/veh-001/request bytes=24301 forwarded=1
1786055645.953135 publish topic=ipi/airspan-followup-c2-rep1/latency/veh-001/ack bytes=240 forwarded=1
1786055646.203408 publish topic=ipi/airspan-followup-c2-rep1/latency/veh-001/request bytes=24301 forwarded=1
1786055646.204046 publish topic=ipi/airspan-followup-c2-rep1/latency/veh-001/ack bytes=240 forwarded=1
1786055646.453627 publish topic=ipi/airspan-followup-c2-rep1/latency/veh-001/request bytes=24301 forwarded=1
1786055646.454026 publish topic=ipi/airspan-followup-c2-rep1/latency/veh-001/ack bytes=240 forwarded=1
1786055646.713983 publish topic=ipi/airspan-followup-c2-rep1/latency/veh-001/request bytes=24301 forwarded=1
1786055646.714284 publish topic=ipi/airspan-followup-c2-rep1/latency/veh-001/ack bytes=240 forwarded=1
1786055646.964355 publish topic=ipi/airspan-followup-c2-rep1/latency/veh-001/request bytes=24301 forwarded=1
1786055646.965057 publish topic=ipi/airspan-followup-c2-rep1/latency/veh-001/ack bytes=240 forwarded=1
1786055647.214912 publish topic=ipi/airspan-followup-c2-rep1/latency/veh-001/request bytes=24301 forwarded=1
1786055647.215568 publish topic=ipi/airspan-followup-c2-rep1/latency/veh-001/ack bytes=240 forwarded=1
1786055647.465403 publish topic=ipi/airspan-followup-c2-rep1/latency/veh-001/request bytes=24301 forwarded=1
1786055647.466069 publish topic=ipi/airspan-followup-c2-rep1/latency/veh-001/ack bytes=240 forwarded=1
1786055647.715716 publish topic=ipi/airspan-followup-c2-rep1/latency/veh-001/request bytes=24301 forwarded=1
1786055647.716305 publish topic=ipi/airspan-followup-c2-rep1/latency/veh-001/ack bytes=240 forwarded=1
1786055647.966182 publish topic=ipi/airspan-followup-c2-rep1/latency/veh-001/request bytes=24301 forwarded=1
1786055647.966887 publish topic=ipi/airspan-followup-c2-rep1/latency/veh-001/ack bytes=240 forwarded=1
1786055648.216499 publish topic=ipi/airspan-followup-c2-rep1/latency/veh-001/request bytes=24301 forwarded=1
1786055648.216787 publish topic=ipi/airspan-followup-c2-rep1/latency/veh-001/ack bytes=240 forwarded=1
1786055648.467071 publish topic=ipi/airspan-followup-c2-rep1/latency/veh-001/request bytes=24301 forwarded=1
1786055648.467782 publish topic=ipi/airspan-followup-c2-rep1/latency/veh-001/ack bytes=240 forwarded=1
1786055648.717288 publish topic=ipi/airspan-followup-c2-rep1/latency/veh-001/request bytes=24301 forwarded=1
1786055648.717913 publish topic=ipi/airspan-followup-c2-rep1/latency/veh-001/ack bytes=240 forwarded=1
1786055648.977712 publish topic=ipi/airspan-followup-c2-rep1/latency/veh-001/request bytes=24301 forwarded=1
1786055648.978431 publish topic=ipi/airspan-followup-c2-rep1/latency/veh-001/ack bytes=240 forwarded=1
1786055649.228103 publish topic=ipi/airspan-followup-c2-rep1/latency/veh-001/request bytes=24301 forwarded=1
1786055649.228806 publish topic=ipi/airspan-followup-c2-rep1/latency/veh-001/ack bytes=240 forwarded=1
1786055649.478550 publish topic=ipi/airspan-followup-c2-rep1/latency/veh-001/request bytes=24301 forwarded=1
1786055649.479322 publish topic=ipi/airspan-followup-c2-rep1/latency/veh-001/ack bytes=240 forwarded=1
1786055649.728901 publish topic=ipi/airspan-followup-c2-rep1/latency/veh-001/request bytes=24301 forwarded=1
1786055649.729573 publish topic=ipi/airspan-followup-c2-rep1/latency/veh-001/ack bytes=240 forwarded=1
1786055649.979635 publish topic=ipi/airspan-followup-c2-rep1/latency/veh-001/request bytes=24301 forwarded=1
1786055649.980315 publish topic=ipi/airspan-followup-c2-rep1/latency/veh-001/ack bytes=240 forwarded=1
1786055650.229487 publish topic=ipi/airspan-followup-c2-rep1/latency/veh-001/request bytes=24301 forwarded=1
1786055650.229699 publish topic=ipi/airspan-followup-c2-rep1/latency/veh-001/ack bytes=240 forwarded=1
1786055650.480467 publish topic=ipi/airspan-followup-c2-rep1/latency/veh-001/request bytes=24301 forwarded=1
1786055650.481141 publish topic=ipi/airspan-followup-c2-rep1/latency/veh-001/ack bytes=240 forwarded=1
1786055650.740764 publish topic=ipi/airspan-followup-c2-rep1/latency/veh-001/request bytes=24301 forwarded=1
1786055650.741452 publish topic=ipi/airspan-followup-c2-rep1/latency/veh-001/ack bytes=240 forwarded=1
1786055650.991161 publish topic=ipi/airspan-followup-c2-rep1/latency/veh-001/request bytes=24301 forwarded=1
1786055650.991946 publish topic=ipi/airspan-followup-c2-rep1/latency/veh-001/ack bytes=240 forwarded=1
1786055651.231548 publish topic=ipi/airspan-followup-c2-rep1/latency/veh-001/request bytes=24301 forwarded=1
1786055651.231973 publish topic=ipi/airspan-followup-c2-rep1/latency/veh-001/ack bytes=240 forwarded=1
1786055651.482016 publish topic=ipi/airspan-followup-c2-rep1/latency/veh-001/request bytes=24301 forwarded=1
1786055651.482302 publish topic=ipi/airspan-followup-c2-rep1/latency/veh-001/ack bytes=240 forwarded=1
1786055651.722401 publish topic=ipi/airspan-followup-c2-rep1/latency/veh-001/request bytes=24301 forwarded=1
1786055651.723063 publish topic=ipi/airspan-followup-c2-rep1/latency/veh-001/ack bytes=240 forwarded=1
1786055651.972738 publish topic=ipi/airspan-followup-c2-rep1/latency/veh-001/request bytes=24301 forwarded=1
1786055651.973420 publish topic=ipi/airspan-followup-c2-rep1/latency/veh-001/ack bytes=240 forwarded=1
1786055652.223280 publish topic=ipi/airspan-followup-c2-rep1/latency/veh-001/request bytes=24301 forwarded=1
1786055652.223943 publish topic=ipi/airspan-followup-c2-rep1/latency/veh-001/ack bytes=240 forwarded=1
1786055652.473696 publish topic=ipi/airspan-followup-c2-rep1/latency/veh-001/request bytes=24301 forwarded=1
1786055652.474355 publish topic=ipi/airspan-followup-c2-rep1/latency/veh-001/ack bytes=240 forwarded=1
1786055652.733917 publish topic=ipi/airspan-followup-c2-rep1/latency/veh-001/request bytes=24301 forwarded=1
1786055652.734693 publish topic=ipi/airspan-followup-c2-rep1/latency/veh-001/ack bytes=240 forwarded=1
1786055652.983986 publish topic=ipi/airspan-followup-c2-rep1/latency/veh-001/request bytes=24301 forwarded=1
1786055652.984234 publish topic=ipi/airspan-followup-c2-rep1/latency/veh-001/ack bytes=240 forwarded=1
1786055653.244894 publish topic=ipi/airspan-followup-c2-rep1/latency/veh-001/request bytes=24301 forwarded=1
1786055653.245530 publish topic=ipi/airspan-followup-c2-rep1/latency/veh-001/ack bytes=240 forwarded=1
1786055653.494994 publish topic=ipi/airspan-followup-c2-rep1/latency/veh-001/request bytes=24301 forwarded=1
1786055653.495276 publish topic=ipi/airspan-followup-c2-rep1/latency/veh-001/ack bytes=240 forwarded=1
1786055653.745676 publish topic=ipi/airspan-followup-c2-rep1/latency/veh-001/request bytes=24301 forwarded=1
1786055653.745929 publish topic=ipi/airspan-followup-c2-rep1/latency/veh-001/ack bytes=240 forwarded=1
1786055654.006042 publish topic=ipi/airspan-followup-c2-rep1/latency/veh-001/request bytes=24301 forwarded=1
1786055654.006698 publish topic=ipi/airspan-followup-c2-rep1/latency/veh-001/ack bytes=240 forwarded=1
1786055654.266447 publish topic=ipi/airspan-followup-c2-rep1/latency/veh-001/request bytes=24301 forwarded=1
1786055654.266791 publish topic=ipi/airspan-followup-c2-rep1/latency/veh-001/ack bytes=240 forwarded=1
1786055654.516809 publish topic=ipi/airspan-followup-c2-rep1/latency/veh-001/request bytes=24301 forwarded=1
1786055654.517424 publish topic=ipi/airspan-followup-c2-rep1/latency/veh-001/ack bytes=240 forwarded=1
1786055654.767114 publish topic=ipi/airspan-followup-c2-rep1/latency/veh-001/request bytes=24301 forwarded=1
1786055654.767782 publish topic=ipi/airspan-followup-c2-rep1/latency/veh-001/ack bytes=240 forwarded=1
1786055655.017418 publish topic=ipi/airspan-followup-c2-rep1/latency/veh-001/request bytes=24301 forwarded=1
1786055655.018043 publish topic=ipi/airspan-followup-c2-rep1/latency/veh-001/ack bytes=240 forwarded=1
1786055655.268018 publish topic=ipi/airspan-followup-c2-rep1/latency/veh-001/request bytes=24301 forwarded=1
1786055655.268718 publish topic=ipi/airspan-followup-c2-rep1/latency/veh-001/ack bytes=240 forwarded=1
1786055655.518409 publish topic=ipi/airspan-followup-c2-rep1/latency/veh-001/request bytes=24301 forwarded=1
1786055655.519031 publish topic=ipi/airspan-followup-c2-rep1/latency/veh-001/ack bytes=240 forwarded=1
1786055655.768724 publish topic=ipi/airspan-followup-c2-rep1/latency/veh-001/request bytes=24301 forwarded=1
1786055655.769386 publish topic=ipi/airspan-followup-c2-rep1/latency/veh-001/ack bytes=240 forwarded=1
1786055656.018856 publish topic=ipi/airspan-followup-c2-rep1/latency/veh-001/request bytes=24301 forwarded=1
1786055656.019322 publish topic=ipi/airspan-followup-c2-rep1/latency/veh-001/ack bytes=240 forwarded=1
1786055656.269558 publish topic=ipi/airspan-followup-c2-rep1/latency/veh-001/request bytes=24301 forwarded=1
1786055656.270179 publish topic=ipi/airspan-followup-c2-rep1/latency/veh-001/ack bytes=240 forwarded=1
1786055656.519551 publish topic=ipi/airspan-followup-c2-rep1/latency/veh-001/request bytes=24301 forwarded=1
1786055656.519839 publish topic=ipi/airspan-followup-c2-rep1/latency/veh-001/ack bytes=240 forwarded=1
1786055656.770460 publish topic=ipi/airspan-followup-c2-rep1/latency/veh-001/request bytes=24301 forwarded=1
1786055656.771129 publish topic=ipi/airspan-followup-c2-rep1/latency/veh-001/ack bytes=240 forwarded=1
1786055657.020781 publish topic=ipi/airspan-followup-c2-rep1/latency/veh-001/request bytes=24301 forwarded=1
1786055657.021457 publish topic=ipi/airspan-followup-c2-rep1/latency/veh-001/ack bytes=240 forwarded=1
1786055657.271209 publish topic=ipi/airspan-followup-c2-rep1/latency/veh-001/request bytes=24301 forwarded=1
1786055657.271702 publish topic=ipi/airspan-followup-c2-rep1/latency/veh-001/ack bytes=240 forwarded=1
1786055657.521374 publish topic=ipi/airspan-followup-c2-rep1/latency/veh-001/request bytes=24301 forwarded=1
1786055657.522038 publish topic=ipi/airspan-followup-c2-rep1/latency/veh-001/ack bytes=240 forwarded=1
1786055657.772154 publish topic=ipi/airspan-followup-c2-rep1/latency/veh-001/request bytes=24301 forwarded=1
1786055657.772841 publish topic=ipi/airspan-followup-c2-rep1/latency/veh-001/ack bytes=240 forwarded=1
1786055658.012386 publish topic=ipi/airspan-followup-c2-rep1/latency/veh-001/request bytes=24301 forwarded=1
1786055658.013064 publish topic=ipi/airspan-followup-c2-rep1/latency/veh-001/ack bytes=240 forwarded=1
1786055658.262495 publish topic=ipi/airspan-followup-c2-rep1/latency/veh-001/request bytes=24301 forwarded=1
1786055658.262738 publish topic=ipi/airspan-followup-c2-rep1/latency/veh-001/ack bytes=240 forwarded=1
1786055658.503311 publish topic=ipi/airspan-followup-c2-rep1/latency/veh-001/request bytes=24301 forwarded=1
1786055658.503975 publish topic=ipi/airspan-followup-c2-rep1/latency/veh-001/ack bytes=240 forwarded=1
1786055658.753334 publish topic=ipi/airspan-followup-c2-rep1/latency/veh-001/request bytes=24301 forwarded=1
1786055658.753593 publish topic=ipi/airspan-followup-c2-rep1/latency/veh-001/ack bytes=240 forwarded=1
1786055659.003881 publish topic=ipi/airspan-followup-c2-rep1/latency/veh-001/request bytes=24301 forwarded=1
1786055659.004522 publish topic=ipi/airspan-followup-c2-rep1/latency/veh-001/ack bytes=240 forwarded=1
1786055659.264470 publish topic=ipi/airspan-followup-c2-rep1/latency/veh-001/request bytes=24301 forwarded=1
1786055659.265151 publish topic=ipi/airspan-followup-c2-rep1/latency/veh-001/ack bytes=240 forwarded=1
1786055659.514602 publish topic=ipi/airspan-followup-c2-rep1/latency/veh-001/request bytes=24301 forwarded=1
1786055659.514882 publish topic=ipi/airspan-followup-c2-rep1/latency/veh-001/ack bytes=240 forwarded=1
1786055659.765000 publish topic=ipi/airspan-followup-c2-rep1/latency/veh-001/request bytes=24301 forwarded=1
1786055659.765301 publish topic=ipi/airspan-followup-c2-rep1/latency/veh-001/ack bytes=240 forwarded=1
1786055660.015653 publish topic=ipi/airspan-followup-c2-rep1/latency/veh-001/request bytes=24301 forwarded=1
1786055660.016351 publish topic=ipi/airspan-followup-c2-rep1/latency/veh-001/ack bytes=240 forwarded=1
1786055660.276241 publish topic=ipi/airspan-followup-c2-rep1/latency/veh-001/request bytes=24301 forwarded=1
1786055660.276968 publish topic=ipi/airspan-followup-c2-rep1/latency/veh-001/ack bytes=240 forwarded=1
1786055660.526314 publish topic=ipi/airspan-followup-c2-rep1/latency/veh-001/request bytes=24301 forwarded=1
1786055660.527015 publish topic=ipi/airspan-followup-c2-rep1/latency/veh-001/ack bytes=240 forwarded=1
1786055660.777136 publish topic=ipi/airspan-followup-c2-rep1/latency/veh-001/request bytes=24301 forwarded=1
1786055660.777848 publish topic=ipi/airspan-followup-c2-rep1/latency/veh-001/ack bytes=240 forwarded=1
1786055661.017017 publish topic=ipi/airspan-followup-c2-rep1/latency/veh-001/request bytes=24301 forwarded=1
1786055661.017291 publish topic=ipi/airspan-followup-c2-rep1/latency/veh-001/ack bytes=240 forwarded=1
1786055661.267697 publish topic=ipi/airspan-followup-c2-rep1/latency/veh-001/request bytes=24301 forwarded=1
1786055661.268370 publish topic=ipi/airspan-followup-c2-rep1/latency/veh-001/ack bytes=240 forwarded=1
1786055661.517863 publish topic=ipi/airspan-followup-c2-rep1/latency/veh-001/request bytes=24301 forwarded=1
1786055661.518523 publish topic=ipi/airspan-followup-c2-rep1/latency/veh-001/ack bytes=240 forwarded=1
1786055661.768335 publish topic=ipi/airspan-followup-c2-rep1/latency/veh-001/request bytes=24301 forwarded=1
1786055661.768991 publish topic=ipi/airspan-followup-c2-rep1/latency/veh-001/ack bytes=240 forwarded=1
1786055662.028769 publish topic=ipi/airspan-followup-c2-rep1/latency/veh-001/request bytes=24301 forwarded=1
1786055662.029450 publish topic=ipi/airspan-followup-c2-rep1/latency/veh-001/ack bytes=240 forwarded=1
1786055662.289124 publish topic=ipi/airspan-followup-c2-rep1/latency/veh-001/request bytes=24301 forwarded=1
1786055662.289425 publish topic=ipi/airspan-followup-c2-rep1/latency/veh-001/ack bytes=240 forwarded=1
1786055662.539396 publish topic=ipi/airspan-followup-c2-rep1/latency/veh-001/request bytes=24301 forwarded=1
1786055662.539763 publish topic=ipi/airspan-followup-c2-rep1/latency/veh-001/ack bytes=240 forwarded=1
1786055662.789787 publish topic=ipi/airspan-followup-c2-rep1/latency/veh-001/request bytes=24301 forwarded=1
1786055662.790397 publish topic=ipi/airspan-followup-c2-rep1/latency/veh-001/ack bytes=240 forwarded=1
1786055663.040324 publish topic=ipi/airspan-followup-c2-rep1/latency/veh-001/request bytes=24301 forwarded=1
1786055663.040993 publish topic=ipi/airspan-followup-c2-rep1/latency/veh-001/ack bytes=240 forwarded=1
1786055663.300778 publish topic=ipi/airspan-followup-c2-rep1/latency/veh-001/request bytes=24301 forwarded=1
1786055663.301277 publish topic=ipi/airspan-followup-c2-rep1/latency/veh-001/ack bytes=240 forwarded=1
1786055663.561093 publish topic=ipi/airspan-followup-c2-rep1/latency/veh-001/request bytes=24301 forwarded=1
1786055663.561801 publish topic=ipi/airspan-followup-c2-rep1/latency/veh-001/ack bytes=240 forwarded=1
1786055663.811542 publish topic=ipi/airspan-followup-c2-rep1/latency/veh-001/request bytes=24301 forwarded=1
1786055663.812211 publish topic=ipi/airspan-followup-c2-rep1/latency/veh-001/ack bytes=240 forwarded=1
1786055664.061690 publish topic=ipi/airspan-followup-c2-rep1/latency/veh-001/request bytes=24301 forwarded=1
1786055664.061922 publish topic=ipi/airspan-followup-c2-rep1/latency/veh-001/ack bytes=240 forwarded=1
1786055664.302739 publish topic=ipi/airspan-followup-c2-rep1/latency/veh-001/request bytes=24301 forwarded=1
1786055664.303415 publish topic=ipi/airspan-followup-c2-rep1/latency/veh-001/ack bytes=240 forwarded=1
1786055664.542611 publish topic=ipi/airspan-followup-c2-rep1/latency/veh-001/request bytes=24301 forwarded=1
1786055664.542839 publish topic=ipi/airspan-followup-c2-rep1/latency/veh-001/ack bytes=240 forwarded=1
1786055664.783529 publish topic=ipi/airspan-followup-c2-rep1/latency/veh-001/request bytes=24301 forwarded=1
1786055664.784205 publish topic=ipi/airspan-followup-c2-rep1/latency/veh-001/ack bytes=240 forwarded=1
1786055665.033622 publish topic=ipi/airspan-followup-c2-rep1/latency/veh-001/request bytes=24301 forwarded=1
1786055665.034085 publish topic=ipi/airspan-followup-c2-rep1/latency/veh-001/ack bytes=240 forwarded=1
1786055665.283804 publish topic=ipi/airspan-followup-c2-rep1/latency/veh-001/request bytes=24301 forwarded=1
1786055665.284172 publish topic=ipi/airspan-followup-c2-rep1/latency/veh-001/ack bytes=240 forwarded=1
1786055665.544156 publish topic=ipi/airspan-followup-c2-rep1/latency/veh-001/request bytes=24301 forwarded=1
1786055665.544437 publish topic=ipi/airspan-followup-c2-rep1/latency/veh-001/ack bytes=240 forwarded=1
1786055665.794880 publish topic=ipi/airspan-followup-c2-rep1/latency/veh-001/request bytes=24301 forwarded=1
1786055665.795532 publish topic=ipi/airspan-followup-c2-rep1/latency/veh-001/ack bytes=240 forwarded=1
1786055666.045323 publish topic=ipi/airspan-followup-c2-rep1/latency/veh-001/request bytes=24301 forwarded=1
1786055666.045970 publish topic=ipi/airspan-followup-c2-rep1/latency/veh-001/ack bytes=240 forwarded=1
1786055666.305665 publish topic=ipi/airspan-followup-c2-rep1/latency/veh-001/request bytes=24301 forwarded=1
1786055666.306411 publish topic=ipi/airspan-followup-c2-rep1/latency/veh-001/ack bytes=240 forwarded=1
1786055666.546205 publish topic=ipi/airspan-followup-c2-rep1/latency/veh-001/request bytes=24301 forwarded=1
1786055666.546692 publish topic=ipi/airspan-followup-c2-rep1/latency/veh-001/ack bytes=240 forwarded=1
1786055666.586227 close ('<private-ip>', 37786) disconnect
