<?xml version="1.0" encoding="UTF-8"?><kml xmlns="http://earth.google.com/kml/2.1"><Folder><Placemark><name>5G</name><ExtendedData><Data name="CGI"><value>3150100000100018</value></Data><Data name="CELLNAME"><value></value></Data><Data name="CELLID"><value>18</value></Data><Data name="RNC"><value>0</value></Data><Data name="TAC"><value>1</value></Data><Data name="TECHNOLOGY"><value>5G NSA</value></Data><Data name="MODE"><value>5G</value></Data><Data name="ARFCN"><value>644640</value></Data><Data name="BAND"><value>N48</value></Data><Data name="BANDWIDTH"><value></value></Data><Data name="CA"><value>false</value></Data><Data name="NR state"><value></value></Data><Data name="RSRP"><value>-105 dBm</value></Data><Data name="RSRQ"><value>-11</value></Data><Data name="LAYER"><value>1</value></Data><Data name="PC"><value>2</value></Data><Data name="DL_BITRATE"><value>0 kbps</value></Data><Data name="UL_BITRATE"><value>0 kbps</value></Data><Data name="IP"><value>10.120.121.23</value></Data><Data name="SNR"><value>13.0</value></Data><Data name="PHONE STATE"><value>I</value></Data><Data name="IMEI"><value></value></Data><Data name="SPEED"><value>0 km/h</value></Data><Data name="HEIGHT"><value>-1m</value></Data><Data name="ALTITUDE"><value>-1m</value></Data><Data name="LOCATION"><value>G</value></Data><Data name="ACCURACY"><value>8m</value></Data><Data name="DISTANCE"><value>-1m</value></Data><Data name="SITE BEARING"><value>1000deg</value></Data><Data name="ANTENNA BEARING"><value>1000deg</value></Data><Data name="CELLHEX"><value>12</value></Data><Data name="NODEHEX"><value>0</value></Data><Data name="LACHEX"><value>1</value></Data><Data name="RAWCELLID"><value>18</value></Data><Data name="TIME"><value>2026.08.18_16.42.25</value></Data><Data name="NEI1"><value>TECH:5G CELLID:17 LAC:1 CELL:1 ARFCN:637248 LEVEL:-101 QUAL:-11 </value></Data></ExtendedData><Style><LabelStyle><scale>0.0</scale> </LabelStyle><IconStyle><color>FFFF00FF</color><scale>0.5</scale><Icon><href>http://maps.google.com/mapfiles/kml/shapes/shaded_dot.png</href></Icon></IconStyle></Style><Point><coordinates>-75.75722702,39.66669445,0</coordinates></Point></Placemark><Placemark><name>5G</name><ExtendedData><Data name="CGI"><value>3150100000100018</value></Data><Data name="CELLNAME"><value></value></Data><Data name="CELLID"><value>18</value></Data><Data name="RNC"><value>0</value></Data><Data name="TAC"><value>1</value></Data><Data name="TECHNOLOGY"><value>5G NSA</value></Data><Data name="MODE"><value>5G</value></Data><Data name="ARFCN"><value>644640</value></Data><Data name="BAND"><value>N48</value></Data><Data name="BANDWIDTH"><value></value></Data><Data name="CA"><value>false</value></Data><Data name="NR state"><value></value></Data><Data name="RSRP"><value>-105 dBm</value></Data><Data name="RSRQ"><value>-11</value></Data><Data name="LAYER"><value>1</value></Data><Data name="PC"><value>2</value></Data><Data name="DL_BITRATE"><value>0 kbps</value></Data><Data name="UL_BITRATE"><value>0 kbps</value></Data><Data name="IP"><value>10.120.121.23</value></Data><Data name="SNR"><value>13.0</value></Data><Data name="PHONE STATE"><value>I</value></Data><Data name="IMEI"><value></value></Data><Data name="SPEED"><value>3 km/h</value></Data><Data name="HEIGHT"><value>1m</value></Data><Data name="ALTITUDE"><value>1m</value></Data><Data name="LOCATION"><value>G</value></Data><Data name="ACCURACY"><value>3m</value></Data><Data name="DISTANCE"><value>-1m</value></Data><Data name="SITE BEARING"><value>1000deg</value></Data><Data name="ANTENNA BEARING"><value>1000deg</value></Data><Data name="CELLHEX"><value>12</value></Data><Data name="NODEHEX"><value>0</value></Data><Data name="LACHEX"><value>1</value></Data><Data name="RAWCELLID"><value>18</value></Data><Data name="TIME"><value>2026.08.18_16.42.25</value></Data><Data name="NEI1"><value>TECH:5G CELLID:17 LAC:1 CELL:1 ARFCN:637248 LEVEL:-101 QUAL:-11 </value></Data></ExtendedData><Style><LabelStyle><scale>0.0</scale> </LabelStyle><IconStyle><color>FFFF00FF</color><scale>0.5</scale><Icon><href>http://maps.google.com/mapfiles/kml/shapes/shaded_dot.png</href></Icon></IconStyle></Style><Point><coordinates>-75.75724851,39.66672121,0</coordinates></Point></Placemark><Placemark><name>5G</name><ExtendedData><Data name="CGI"><value>3150100000100018</value></Data><Data name="CELLNAME"><value></value></Data><Data name="CELLID"><value>18</value></Data><Data name="RNC"><value>0</value></Data><Data name="TAC"><value>1</value></Data><Data name="TECHNOLOGY"><value>5G NSA</value></Data><Data name="MODE"><value>5G</value></Data><Data name="ARFCN"><value>644640</value></Data><Data name="BAND"><value>N48</value></Data><Data name="BANDWIDTH"><value></value></Data><Data name="CA"><value>false</value></Data><Data name="NR state"><value></value></Data><Data name="RSRP"><value>-105 dBm</value></Data><Data name="RSRQ"><value>-11</value></Data><Data name="LAYER"><value>1</value></Data><Data name="PC"><value>2</value></Data><Data name="DL_BITRATE"><value>0 kbps</value></Data><Data name="UL_BITRATE"><value>0 kbps</value></Data><Data name="IP"><value>10.120.121.23</value></Data><Data name="SNR"><value>13.0</value></Data><Data name="PHONE STATE"><value>I</value></Data><Data name="IMEI"><value></value></Data><Data name="SPEED"><value>14 km/h</value></Data><Data name="HEIGHT"><value>0m</value></Data><Data name="ALTITUDE"><value>0m</value></Data><Data name="LOCATION"><value>G</value></Data><Data name="ACCURACY"><value>3m</value></Data><Data name="DISTANCE"><value>-1m</value></Data><Data name="SITE BEARING"><value>1000deg</value></Data><Data name="ANTENNA BEARING"><value>1000deg</value></Data><Data name="CELLHEX"><value>12</value></Data><Data name="NODEHEX"><value>0</value></Data><Data name="LACHEX"><value>1</value></Data><Data name="RAWCELLID"><value>18</value></Data><Data name="TIME"><value>2026.08.18_16.42.34</value></Data><Data name="NEI1"><value>TECH:5G CELLID:18 LAC:1 CELL:2 ARFCN:644640 LEVEL:-105 QUAL:-11 </value></Data><Data name="NEI2"><value>TECH:5G CELLID:17 LAC:1 CELL:1 ARFCN:637248 LEVEL:-108 QUAL:-11 </value></Data><Data name="NEI3"><value></value></Data><Data name="NEI4"><value></value></Data><Data name="NEI5"><value></value></Data><Data name="NEI6"><value></value></Data></ExtendedData><Style><LabelStyle><scale>0.0</scale> </LabelStyle><IconStyle><color>FFFF00FF</color><scale>0.5</scale><Icon><href>http://maps.google.com/mapfiles/kml/shapes/shaded_dot.png</href></Icon></IconStyle></Style><Point><coordinates>-75.75713238,39.66669255,0</coordinates></Point></Placemark><Placemark><name>5G</name><ExtendedData><Data name="CGI"><value>3150100000100018</value></Data><Data name="CELLNAME"><value></value></Data><Data name="CELLID"><value>18</value></Data><Data name="RNC"><value>0</value></Data><Data name="TAC"><value>1</value></Data><Data name="TECHNOLOGY"><value>5G NSA</value></Data><Data name="MODE"><value>5G</value></Data><Data name="ARFCN"><value>644640</value></Data><Data name="BAND"><value>N48</value></Data><Data name="BANDWIDTH"><value></value></Data><Data name="CA"><value>false</value></Data><Data name="NR state"><value></value></Data><Data name="RSRP"><value>-105 dBm</value></Data><Data name="RSRQ"><value>-11</value></Data><Data name="LAYER"><value>1</value></Data><Data name="PC"><value>2</value></Data><Data name="DL_BITRATE"><value>0 kbps</value></Data><Data name="UL_BITRATE"><value>0 kbps</value></Data><Data name="IP"><value>10.120.121.23</value></Data><Data name="SNR"><value>13.0</value></Data><Data name="PHONE STATE"><value>I</value></Data><Data name="IMEI"><value></value></Data><Data name="SPEED"><value>16 km/h</value></Data><Data name="HEIGHT"><value>0m</value></Data><Data name="ALTITUDE"><value>0m</value></Data><Data name="LOCATION"><value>G</value></Data><Data name="ACCURACY"><value>3m</value></Data><Data name="DISTANCE"><value>-1m</value></Data><Data name="SITE BEARING"><value>1000deg</value></Data><Data name="ANTENNA BEARING"><value>1000deg</value></Data><Data name="CELLHEX"><value>12</value></Data><Data name="NODEHEX"><value>0</value></Data><Data name="LACHEX"><value>1</value></Data><Data name="RAWCELLID"><value>18</value></Data><Data name="TIME"><value>2026.08.18_16.42.37</value></Data><Data name="NEI1"><value>TECH:5G CELLID:17 LAC:1 CELL:1 ARFCN:637248 LEVEL:-104 QUAL:-11 </value></Data><Data name="NEI2"><value>TECH:5G CELLID:18 LAC:1 CELL:2 ARFCN:644640 LEVEL:-105 QUAL:-11 </value></Data><Data name="NEI3"><value></value></Data><Data name="NEI4"><value></value></Data><Data name="NEI5"><value></value></Data><Data name="NEI6"><value></value></Data></ExtendedData><Style><LabelStyle><scale>0.0</scale> </LabelStyle><IconStyle><color>FFFF00FF</color><scale>0.5</scale><Icon><href>http://maps.google.com/mapfiles/kml/shapes/shaded_dot.png</href></Icon></IconStyle></Style><Point><coordinates>-75.75697181,39.666735,0</coordinates></Point></Placemark><Placemark><name>5G</name><ExtendedData><Data name="CGI"><value>3150100000100018</value></Data><Data name="CELLNAME"><value></value></Data><Data name="CELLID"><value>18</value></Data><Data name="RNC"><value>0</value></Data><Data name="TAC"><value>1</value></Data><Data name="TECHNOLOGY"><value>5G NSA</value></Data><Data name="MODE"><value>5G</value></Data><Data name="ARFCN"><value>644640</value></Data><Data name="BAND"><value>N48</value></Data><Data name="BANDWIDTH"><value></value></Data><Data name="CA"><value>false</value></Data><Data name="NR state"><value></value></Data><Data name="RSRP"><value>-105 dBm</value></Data><Data name="RSRQ"><value>-11</value></Data><Data name="LAYER"><value>1</value></Data><Data name="PC"><value>2</value></Data><Data name="DL_BITRATE"><value>0 kbps</value></Data><Data name="UL_BITRATE"><value>0 kbps</value></Data><Data name="IP"><value>10.120.121.23</value></Data><Data name="SNR"><value>13.0</value></Data><Data name="PHONE STATE"><value>I</value></Data><Data name="IMEI"><value></value></Data><Data name="SPEED"><value>19 km/h</value></Data><Data name="HEIGHT"><value>0m</value></Data><Data name="ALTITUDE"><value>0m</value></Data><Data name="LOCATION"><value>G</value></Data><Data name="ACCURACY"><value>3m</value></Data><Data name="DISTANCE"><value>-1m</value></Data><Data name="SITE BEARING"><value>1000deg</value></Data><Data name="ANTENNA BEARING"><value>1000deg</value></Data><Data name="CELLHEX"><value>12</value></Data><Data name="NODEHEX"><value>0</value></Data><Data name="LACHEX"><value>1</value></Data><Data name="RAWCELLID"><value>18</value></Data><Data name="TIME"><value>2026.08.18_16.42.39</value></Data><Data name="NEI1"><value>TECH:5G CELLID:18 LAC:1 CELL:2 ARFCN:644640 LEVEL:-105 QUAL:-11 </value></Data><Data name="NEI2"><value>TECH:5G CELLID:17 LAC:1 CELL:1 ARFCN:637248 LEVEL:-105 QUAL:-11 </value></Data><Data name="NEI3"><value></value></Data><Data name="NEI4"><value></value></Data><Data name="NEI5"><value></value></Data><Data name="NEI6"><value></value></Data></ExtendedData><Style><LabelStyle><scale>0.0</scale> </LabelStyle><IconStyle><color>FFFF00FF</color><scale>0.5</scale><Icon><href>http://maps.google.com/mapfiles/kml/shapes/shaded_dot.png</href></Icon></IconStyle></Style><Point><coordinates>-75.75686904,39.66681581,0</coordinates></Point></Placemark><Placemark><name>5G</name><ExtendedData><Data name="CGI"><value>3150100000100018</value></Data><Data name="CELLNAME"><value></value></Data><Data name="CELLID"><value>18</value></Data><Data name="RNC"><value>0</value></Data><Data name="TAC"><value>1</value></Data><Data name="TECHNOLOGY"><value>5G NSA</value></Data><Data name="MODE"><value>5G</value></Data><Data name="ARFCN"><value>644640</value></Data><Data name="BAND"><value>N48</value></Data><Data name="BANDWIDTH"><value></value></Data><Data name="CA"><value>false</value></Data><Data name="NR state"><value></value></Data><Data name="RSRP"><value>-105 dBm</value></Data><Data name="RSRQ"><value>-11</value></Data><Data name="LAYER"><value>1</value></Data><Data name="PC"><value>2</value></Data><Data name="DL_BITRATE"><value>0 kbps</value></Data><Data name="UL_BITRATE"><value>0 kbps</value></Data><Data name="IP"><value>10.120.121.23</value></Data><Data name="SNR"><value>13.0</value></Data><Data name="PHONE STATE"><value>I</value></Data><Data name="IMEI"><value></value></Data><Data name="SPEED"><value>17 km/h</value></Data><Data name="HEIGHT"><value>0m</value></Data><Data name="ALTITUDE"><value>0m</value></Data><Data name="LOCATION"><value>G</value></Data><Data name="ACCURACY"><value>3m</value></Data><Data name="DISTANCE"><value>-1m</value></Data><Data name="SITE BEARING"><value>1000deg</value></Data><Data name="ANTENNA BEARING"><value>1000deg</value></Data><Data name="CELLHEX"><value>12</value></Data><Data name="NODEHEX"><value>0</value></Data><Data name="LACHEX"><value>1</value></Data><Data name="RAWCELLID"><value>18</value></Data><Data name="TIME"><value>2026.08.18_16.42.41</value></Data><Data name="NEI1"><value>TECH:5G CELLID:18 LAC:1 CELL:2 ARFCN:644640 LEVEL:-105 QUAL:-11 </value></Data><Data name="NEI2"><value>TECH:5G CELLID:17 LAC:1 CELL:1 ARFCN:637248 LEVEL:-105 QUAL:-11 </value></Data><Data name="NEI3"><value></value></Data><Data name="NEI4"><value></value></Data><Data name="NEI5"><value></value></Data><Data name="NEI6"><value></value></Data></ExtendedData><Style><LabelStyle><scale>0.0</scale> </LabelStyle><IconStyle><color>FFFF00FF</color><scale>0.5</scale><Icon><href>http://maps.google.com/mapfiles/kml/shapes/shaded_dot.png</href></Icon></IconStyle></Style><Point><coordinates>-75.75683032,39.66690328,0</coordinates></Point></Placemark><Placemark><name>5G</name><ExtendedData><Data name="CGI"><value>3150100000100018</value></Data><Data name="CELLNAME"><value></value></Data><Data name="CELLID"><value>18</value></Data><Data name="RNC"><value>0</value></Data><Data name="TAC"><value>1</value></Data><Data name="TECHNOLOGY"><value>5G NSA</value></Data><Data name="MODE"><value>5G</value></Data><Data name="ARFCN"><value>644640</value></Data><Data name="BAND"><value>N48</value></Data><Data name="BANDWIDTH"><value></value></Data><Data name="CA"><value>false</value></Data><Data name="NR state"><value></value></Data><Data name="RSRP"><value>-105 dBm</value></Data><Data name="RSRQ"><value>-11</value></Data><Data name="LAYER"><value>1</value></Data><Data name="PC"><value>2</value></Data><Data name="DL_BITRATE"><value>0 kbps</value></Data><Data name="UL_BITRATE"><value>0 kbps</value></Data><Data name="IP"><value>10.120.121.23</value></Data><Data name="SNR"><value>13.0</value></Data><Data name="PHONE STATE"><value>I</value></Data><Data name="IMEI"><value></value></Data><Data name="SPEED"><value>16 km/h</value></Data><Data name="HEIGHT"><value>0m</value></Data><Data name="ALTITUDE"><value>0m</value></Data><Data name="LOCATION"><value>G</value></Data><Data name="ACCURACY"><value>3m</value></Data><Data name="DISTANCE"><value>-1m</value></Data><Data name="SITE BEARING"><value>1000deg</value></Data><Data name="ANTENNA BEARING"><value>1000deg</value></Data><Data name="CELLHEX"><value>12</value></Data><Data name="NODEHEX"><value>0</value></Data><Data name="LACHEX"><value>1</value></Data><Data name="RAWCELLID"><value>18</value></Data><Data name="TIME"><value>2026.08.18_16.42.44</value></Data><Data name="NEI1"><value>TECH:5G CELLID:18 LAC:1 CELL:2 ARFCN:644640 LEVEL:-105 QUAL:-11 </value></Data><Data name="NEI2"><value>TECH:5G CELLID:17 LAC:1 CELL:1 ARFCN:637248 LEVEL:-108 QUAL:-11 </value></Data><Data name="NEI3"><value></value></Data><Data name="NEI4"><value></value></Data><Data name="NEI5"><value></value></Data><Data name="NEI6"><value></value></Data></ExtendedData><Style><LabelStyle><scale>0.0</scale> </LabelStyle><IconStyle><color>FFFF00FF</color><scale>0.5</scale><Icon><href>http://maps.google.com/mapfiles/kml/shapes/shaded_dot.png</href></Icon></IconStyle></Style><Point><coordinates>-75.75677345,39.6670186,0</coordinates></Point></Placemark><Placemark><name>5G</name><ExtendedData><Data name="CGI"><value>3150100000100018</value></Data><Data name="CELLNAME"><value></value></Data><Data name="CELLID"><value>18</value></Data><Data name="RNC"><value>0</value></Data><Data name="TAC"><value>1</value></Data><Data name="TECHNOLOGY"><value>5G NSA</value></Data><Data name="MODE"><value>5G</value></Data><Data name="ARFCN"><value>644640</value></Data><Data name="BAND"><value>N48</value></Data><Data name="BANDWIDTH"><value></value></Data><Data name="CA"><value>false</value></Data><Data name="NR state"><value></value></Data><Data name="RSRP"><value>-105 dBm</value></Data><Data name="RSRQ"><value>-11</value></Data><Data name="LAYER"><value>1</value></Data><Data name="PC"><value>2</value></Data><Data name="DL_BITRATE"><value>0 kbps</value></Data><Data name="UL_BITRATE"><value>0 kbps</value></Data><Data name="IP"><value>10.120.121.23</value></Data><Data name="SNR"><value>13.0</value></Data><Data name="PHONE STATE"><value>I</value></Data><Data name="IMEI"><value></value></Data><Data name="SPEED"><value>16 km/h</value></Data><Data name="HEIGHT"><value>0m</value></Data><Data name="ALTITUDE"><value>0m</value></Data><Data name="LOCATION"><value>G</value></Data><Data name="ACCURACY"><value>3m</value></Data><Data name="DISTANCE"><value>-1m</value></Data><Data name="SITE BEARING"><value>1000deg</value></Data><Data name="ANTENNA BEARING"><value>1000deg</value></Data><Data name="CELLHEX"><value>12</value></Data><Data name="NODEHEX"><value>0</value></Data><Data name="LACHEX"><value>1</value></Data><Data name="RAWCELLID"><value>18</value></Data><Data name="TIME"><value>2026.08.18_16.42.47</value></Data><Data name="NEI1"><value>TECH:5G CELLID:18 LAC:1 CELL:2 ARFCN:644640 LEVEL:-105 QUAL:-11 </value></Data><Data name="NEI2"><value>TECH:5G CELLID:17 LAC:1 CELL:1 ARFCN:637248 LEVEL:-109 QUAL:-11 </value></Data><Data name="NEI3"><value></value></Data><Data name="NEI4"><value></value></Data><Data name="NEI5"><value></value></Data><Data name="NEI6"><value></value></Data></ExtendedData><Style><LabelStyle><scale>0.0</scale> </LabelStyle><IconStyle><color>FFFF00FF</color><scale>0.5</scale><Icon><href>http://maps.google.com/mapfiles/kml/shapes/shaded_dot.png</href></Icon></IconStyle></Style><Point><coordinates>-75.75663844,39.66708937,0</coordinates></Point></Placemark><Placemark><name>5G</name><ExtendedData><Data name="CGI"><value>3150100000100018</value></Data><Data name="CELLNAME"><value></value></Data><Data name="CELLID"><value>18</value></Data><Data name="RNC"><value>0</value></Data><Data name="TAC"><value>1</value></Data><Data name="TECHNOLOGY"><value>5G NSA</value></Data><Data name="MODE"><value>5G</value></Data><Data name="ARFCN"><value>644640</value></Data><Data name="BAND"><value>N48</value></Data><Data name="BANDWIDTH"><value></value></Data><Data name="CA"><value>false</value></Data><Data name="NR state"><value></value></Data><Data name="RSRP"><value>-105 dBm</value></Data><Data name="RSRQ"><value>-11</value></Data><Data name="LAYER"><value>1</value></Data><Data name="PC"><value>2</value></Data><Data name="DL_BITRATE"><value>0 kbps</value></Data><Data name="UL_BITRATE"><value>0 kbps</value></Data><Data name="IP"><value>10.120.121.23</value></Data><Data name="SNR"><value>13.0</value></Data><Data name="PHONE STATE"><value>I</value></Data><Data name="IMEI"><value></value></Data><Data name="SPEED"><value>18 km/h</value></Data><Data name="HEIGHT"><value>0m</value></Data><Data name="ALTITUDE"><value>0m</value></Data><Data name="LOCATION"><value>G</value></Data><Data name="ACCURACY"><value>3m</value></Data><Data name="DISTANCE"><value>-1m</value></Data><Data name="SITE BEARING"><value>1000deg</value></Data><Data name="ANTENNA BEARING"><value>1000deg</value></Data><Data name="CELLHEX"><value>12</value></Data><Data name="NODEHEX"><value>0</value></Data><Data name="LACHEX"><value>1</value></Data><Data name="RAWCELLID"><value>18</value></Data><Data name="TIME"><value>2026.08.18_16.42.49</value></Data><Data name="NEI1"><value>TECH:5G CELLID:18 LAC:1 CELL:2 ARFCN:644640 LEVEL:-105 QUAL:-11 </value></Data><Data name="NEI2"><value>TECH:5G CELLID:17 LAC:1 CELL:1 ARFCN:637248 LEVEL:-110 QUAL:-11 </value></Data><Data name="NEI3"><value></value></Data><Data name="NEI4"><value></value></Data><Data name="NEI5"><value></value></Data><Data name="NEI6"><value></value></Data></ExtendedData><Style><LabelStyle><scale>0.0</scale> </LabelStyle><IconStyle><color>FFFF00FF</color><scale>0.5</scale><Icon><href>http://maps.google.com/mapfiles/kml/shapes/shaded_dot.png</href></Icon></IconStyle></Style><Point><coordinates>-75.75657771,39.66717498,0</coordinates></Point></Placemark><Placemark><name>5G</name><ExtendedData><Data name="CGI"><value>3150100000100018</value></Data><Data name="CELLNAME"><value></value></Data><Data name="CELLID"><value>18</value></Data><Data name="RNC"><value>0</value></Data><Data name="TAC"><value>1</value></Data><Data name="TECHNOLOGY"><value>5G NSA</value></Data><Data name="MODE"><value>5G</value></Data><Data name="ARFCN"><value>644640</value></Data><Data name="BAND"><value>N48</value></Data><Data name="BANDWIDTH"><value></value></Data><Data name="CA"><value>false</value></Data><Data name="NR state"><value></value></Data><Data name="RSRP"><value>-105 dBm</value></Data><Data name="RSRQ"><value>-11</value></Data><Data name="LAYER"><value>1</value></Data><Data name="PC"><value>2</value></Data><Data name="DL_BITRATE"><value>0 kbps</value></Data><Data name="UL_BITRATE"><value>0 kbps</value></Data><Data name="IP"><value>10.120.121.23</value></Data><Data name="SNR"><value>13.0</value></Data><Data name="PHONE STATE"><value>I</value></Data><Data name="IMEI"><value></value></Data><Data name="SPEED"><value>20 km/h</value></Data><Data name="HEIGHT"><value>0m</value></Data><Data name="ALTITUDE"><value>0m</value></Data><Data name="LOCATION"><value>G</value></Data><Data name="ACCURACY"><value>3m</value></Data><Data name="DISTANCE"><value>-1m</value></Data><Data name="SITE BEARING"><value>1000deg</value></Data><Data name="ANTENNA BEARING"><value>1000deg</value></Data><Data name="CELLHEX"><value>12</value></Data><Data name="NODEHEX"><value>0</value></Data><Data name="LACHEX"><value>1</value></Data><Data name="RAWCELLID"><value>18</value></Data><Data name="TIME"><value>2026.08.18_16.42.51</value></Data><Data name="NEI1"><value>TECH:5G CELLID:18 LAC:1 CELL:2 ARFCN:644640 LEVEL:-105 QUAL:-11 </value></Data><Data name="NEI2"><value>TECH:5G CELLID:17 LAC:1 CELL:1 ARFCN:637248 LEVEL:-110 QUAL:-11 </value></Data><Data name="NEI3"><value></value></Data><Data name="NEI4"><value></value></Data><Data name="NEI5"><value></value></Data><Data name="NEI6"><value></value></Data></ExtendedData><Style><LabelStyle><scale>0.0</scale> </LabelStyle><IconStyle><color>FFFF00FF</color><scale>0.5</scale><Icon><href>http://maps.google.com/mapfiles/kml/shapes/shaded_dot.png</href></Icon></IconStyle></Style><Point><coordinates>-75.75657084,39.66727793,0</coordinates></Point></Placemark><Placemark><name>5G</name><ExtendedData><Data name="CGI"><value>3150100000100018</value></Data><Data name="CELLNAME"><value></value></Data><Data name="CELLID"><value>18</value></Data><Data name="RNC"><value>0</value></Data><Data name="TAC"><value>1</value></Data><Data name="TECHNOLOGY"><value>5G NSA</value></Data><Data name="MODE"><value>5G</value></Data><Data name="ARFCN"><value>644640</value></Data><Data name="BAND"><value>N48</value></Data><Data name="BANDWIDTH"><value></value></Data><Data name="CA"><value>false</value></Data><Data name="NR state"><value></value></Data><Data name="RSRP"><value>-105 dBm</value></Data><Data name="RSRQ"><value>-11</value></Data><Data name="LAYER"><value>1</value></Data><Data name="PC"><value>2</value></Data><Data name="DL_BITRATE"><value>0 kbps</value></Data><Data name="UL_BITRATE"><value>0 kbps</value></Data><Data name="IP"><value>10.120.121.23</value></Data><Data name="SNR"><value>13.0</value></Data><Data name="PHONE STATE"><value>I</value></Data><Data name="IMEI"><value></value></Data><Data name="SPEED"><value>21 km/h</value></Data><Data name="HEIGHT"><value>0m</value></Data><Data name="ALTITUDE"><value>0m</value></Data><Data name="LOCATION"><value>G</value></Data><Data name="ACCURACY"><value>3m</value></Data><Data name="DISTANCE"><value>-1m</value></Data><Data name="SITE BEARING"><value>1000deg</value></Data><Data name="ANTENNA BEARING"><value>1000deg</value></Data><Data name="CELLHEX"><value>12</value></Data><Data name="NODEHEX"><value>0</value></Data><Data name="LACHEX"><value>1</value></Data><Data name="RAWCELLID"><value>18</value></Data><Data name="TIME"><value>2026.08.18_16.42.53</value></Data><Data name="NEI1"><value>TECH:5G CELLID:18 LAC:1 CELL:2 ARFCN:644640 LEVEL:-105 QUAL:-11 </value></Data><Data name="NEI2"><value>TECH:5G CELLID:17 LAC:1 CELL:1 ARFCN:637248 LEVEL:-109 QUAL:-11 </value></Data><Data name="NEI3"><value></value></Data><Data name="NEI4"><value></value></Data><Data name="NEI5"><value></value></Data><Data name="NEI6"><value></value></Data></ExtendedData><Style><LabelStyle><scale>0.0</scale> </LabelStyle><IconStyle><color>FFFF00FF</color><scale>0.5</scale><Icon><href>http://maps.google.com/mapfiles/kml/shapes/shaded_dot.png</href></Icon></IconStyle></Style><Point><coordinates>-75.75660188,39.66738581,0</coordinates></Point></Placemark><Placemark><name>5G</name><ExtendedData><Data name="CGI"><value>3150100000100018</value></Data><Data name="CELLNAME"><value></value></Data><Data name="CELLID"><value>18</value></Data><Data name="RNC"><value>0</value></Data><Data name="TAC"><value>1</value></Data><Data name="TECHNOLOGY"><value>5G NSA</value></Data><Data name="MODE"><value>5G</value></Data><Data name="ARFCN"><value>644640</value></Data><Data name="BAND"><value>N48</value></Data><Data name="BANDWIDTH"><value></value></Data><Data name="CA"><value>false</value></Data><Data name="NR state"><value></value></Data><Data name="RSRP"><value>-105 dBm</value></Data><Data name="RSRQ"><value>-11</value></Data><Data name="LAYER"><value>1</value></Data><Data name="PC"><value>2</value></Data><Data name="DL_BITRATE"><value>0 kbps</value></Data><Data name="UL_BITRATE"><value>0 kbps</value></Data><Data name="IP"><value>10.120.121.23</value></Data><Data name="SNR"><value>13.0</value></Data><Data name="PHONE STATE"><value>I</value></Data><Data name="IMEI"><value></value></Data><Data name="SPEED"><value>21 km/h</value></Data><Data name="HEIGHT"><value>-1m</value></Data><Data name="ALTITUDE"><value>-1m</value></Data><Data name="LOCATION"><value>G</value></Data><Data name="ACCURACY"><value>3m</value></Data><Data name="DISTANCE"><value>-1m</value></Data><Data name="SITE BEARING"><value>1000deg</value></Data><Data name="ANTENNA BEARING"><value>1000deg</value></Data><Data name="CELLHEX"><value>12</value></Data><Data name="NODEHEX"><value>0</value></Data><Data name="LACHEX"><value>1</value></Data><Data name="RAWCELLID"><value>18</value></Data><Data name="TIME"><value>2026.08.18_16.42.55</value></Data><Data name="NEI1"><value>TECH:5G CELLID:18 LAC:1 CELL:2 ARFCN:644640 LEVEL:-105 QUAL:-11 </value></Data><Data name="NEI2"><value>TECH:5G CELLID:17 LAC:1 CELL:1 ARFCN:637248 LEVEL:-109 QUAL:-11 </value></Data><Data name="NEI3"><value></value></Data><Data name="NEI4"><value></value></Data><Data name="NEI5"><value></value></Data><Data name="NEI6"><value></value></Data></ExtendedData><Style><LabelStyle><scale>0.0</scale> </LabelStyle><IconStyle><color>FFFF00FF</color><scale>0.5</scale><Icon><href>http://maps.google.com/mapfiles/kml/shapes/shaded_dot.png</href></Icon></IconStyle></Style><Point><coordinates>-75.75665367,39.66748345,0</coordinates></Point></Placemark><Placemark><name>5G</name><ExtendedData><Data name="CGI"><value>3150100000100018</value></Data><Data name="CELLNAME"><value></value></Data><Data name="CELLID"><value>18</value></Data><Data name="RNC"><value>0</value></Data><Data name="TAC"><value>1</value></Data><Data name="TECHNOLOGY"><value>5G NSA</value></Data><Data name="MODE"><value>5G</value></Data><Data name="ARFCN"><value>644640</value></Data><Data name="BAND"><value>N48</value></Data><Data name="BANDWIDTH"><value></value></Data><Data name="CA"><value>false</value></Data><Data name="NR state"><value></value></Data><Data name="RSRP"><value>-105 dBm</value></Data><Data name="RSRQ"><value>-11</value></Data><Data name="LAYER"><value>1</value></Data><Data name="PC"><value>2</value></Data><Data name="DL_BITRATE"><value>0 kbps</value></Data><Data name="UL_BITRATE"><value>0 kbps</value></Data><Data name="IP"><value>10.120.121.23</value></Data><Data name="SNR"><value>13.0</value></Data><Data name="PHONE STATE"><value>I</value></Data><Data name="IMEI"><value></value></Data><Data name="SPEED"><value>21 km/h</value></Data><Data name="HEIGHT"><value>0m</value></Data><Data name="ALTITUDE"><value>0m</value></Data><Data name="LOCATION"><value>G</value></Data><Data name="ACCURACY"><value>3m</value></Data><Data name="DISTANCE"><value>-1m</value></Data><Data name="SITE BEARING"><value>1000deg</value></Data><Data name="ANTENNA BEARING"><value>1000deg</value></Data><Data name="CELLHEX"><value>12</value></Data><Data name="NODEHEX"><value>0</value></Data><Data name="LACHEX"><value>1</value></Data><Data name="RAWCELLID"><value>18</value></Data><Data name="TIME"><value>2026.08.18_16.42.57</value></Data><Data name="NEI1"><value>TECH:5G CELLID:18 LAC:1 CELL:2 ARFCN:644640 LEVEL:-105 QUAL:-11 </value></Data><Data name="NEI2"><value>TECH:5G CELLID:17 LAC:1 CELL:1 ARFCN:637248 LEVEL:-117 QUAL:-12 </value></Data><Data name="NEI3"><value></value></Data><Data name="NEI4"><value></value></Data><Data name="NEI5"><value></value></Data><Data name="NEI6"><value></value></Data></ExtendedData><Style><LabelStyle><scale>0.0</scale> </LabelStyle><IconStyle><color>FFFF00FF</color><scale>0.5</scale><Icon><href>http://maps.google.com/mapfiles/kml/shapes/shaded_dot.png</href></Icon></IconStyle></Style><Point><coordinates>-75.75672601,39.66757745,0</coordinates></Point></Placemark><Placemark><name>5G</name><ExtendedData><Data name="CGI"><value>3150100000100018</value></Data><Data name="CELLNAME"><value></value></Data><Data name="CELLID"><value>18</value></Data><Data name="RNC"><value>0</value></Data><Data name="TAC"><value>1</value></Data><Data name="TECHNOLOGY"><value>5G NSA</value></Data><Data name="MODE"><value>5G</value></Data><Data name="ARFCN"><value>644640</value></Data><Data name="BAND"><value>N48</value></Data><Data name="BANDWIDTH"><value></value></Data><Data name="CA"><value>false</value></Data><Data name="NR state"><value></value></Data><Data name="RSRP"><value>-105 dBm</value></Data><Data name="RSRQ"><value>-11</value></Data><Data name="LAYER"><value>1</value></Data><Data name="PC"><value>2</value></Data><Data name="DL_BITRATE"><value>0 kbps</value></Data><Data name="UL_BITRATE"><value>6 kbps</value></Data><Data name="IP"><value>10.120.121.23</value></Data><Data name="SNR"><value>13.0</value></Data><Data name="PHONE STATE"><value>D</value></Data><Data name="IMEI"><value></value></Data><Data name="SPEED"><value>20 km/h</value></Data><Data name="HEIGHT"><value>0m</value></Data><Data name="ALTITUDE"><value>0m</value></Data><Data name="LOCATION"><value>G</value></Data><Data name="ACCURACY"><value>3m</value></Data><Data name="DISTANCE"><value>-1m</value></Data><Data name="SITE BEARING"><value>1000deg</value></Data><Data name="ANTENNA BEARING"><value>1000deg</value></Data><Data name="CELLHEX"><value>12</value></Data><Data name="NODEHEX"><value>0</value></Data><Data name="LACHEX"><value>1</value></Data><Data name="RAWCELLID"><value>18</value></Data><Data name="TIME"><value>2026.08.18_16.42.59</value></Data><Data name="NEI1"><value>TECH:5G CELLID:18 LAC:1 CELL:2 ARFCN:644640 LEVEL:-105 QUAL:-11 </value></Data><Data name="NEI2"><value>TECH:5G CELLID:17 LAC:1 CELL:1 ARFCN:637248 LEVEL:-111 QUAL:-12 </value></Data><Data name="NEI3"><value></value></Data><Data name="NEI4"><value></value></Data><Data name="NEI5"><value></value></Data><Data name="NEI6"><value></value></Data></ExtendedData><Style><LabelStyle><scale>0.0</scale> </LabelStyle><IconStyle><color>FFFF00FF</color><scale>0.5</scale><Icon><href>http://maps.google.com/mapfiles/kml/shapes/shaded_dot.png</href></Icon></IconStyle></Style><Point><coordinates>-75.75684587,39.66763277,0</coordinates></Point></Placemark><Placemark><name>5G</name><ExtendedData><Data name="CGI"><value>3150100000100018</value></Data><Data name="CELLNAME"><value></value></Data><Data name="CELLID"><value>18</value></Data><Data name="RNC"><value>0</value></Data><Data name="TAC"><value>1</value></Data><Data name="TECHNOLOGY"><value>5G NSA</value></Data><Data name="MODE"><value>5G</value></Data><Data name="ARFCN"><value>644640</value></Data><Data name="BAND"><value>N48</value></Data><Data name="BANDWIDTH"><value></value></Data><Data name="CA"><value>false</value></Data><Data name="NR state"><value></value></Data><Data name="RSRP"><value>-105 dBm</value></Data><Data name="RSRQ"><value>-11</value></Data><Data name="LAYER"><value>1</value></Data><Data name="PC"><value>2</value></Data><Data name="DL_BITRATE"><value>0 kbps</value></Data><Data name="UL_BITRATE"><value>3 kbps</value></Data><Data name="IP"><value>10.120.121.23</value></Data><Data name="SNR"><value>13.0</value></Data><Data name="PHONE STATE"><value>D</value></Data><Data name="IMEI"><value></value></Data><Data name="SPEED"><value>21 km/h</value></Data><Data name="HEIGHT"><value>0m</value></Data><Data name="ALTITUDE"><value>0m</value></Data><Data name="LOCATION"><value>G</value></Data><Data name="ACCURACY"><value>3m</value></Data><Data name="DISTANCE"><value>-1m</value></Data><Data name="SITE BEARING"><value>1000deg</value></Data><Data name="ANTENNA BEARING"><value>1000deg</value></Data><Data name="CELLHEX"><value>12</value></Data><Data name="NODEHEX"><value>0</value></Data><Data name="LACHEX"><value>1</value></Data><Data name="RAWCELLID"><value>18</value></Data><Data name="TIME"><value>2026.08.18_16.43.01</value></Data><Data name="NEI1"><value>TECH:5G CELLID:18 LAC:1 CELL:2 ARFCN:644640 LEVEL:-105 QUAL:-11 </value></Data><Data name="NEI2"><value>TECH:5G CELLID:17 LAC:1 CELL:1 ARFCN:637248 LEVEL:-118 QUAL:-13 </value></Data><Data name="NEI3"><value></value></Data><Data name="NEI4"><value></value></Data><Data name="NEI5"><value></value></Data><Data name="NEI6"><value></value></Data></ExtendedData><Style><LabelStyle><scale>0.0</scale> </LabelStyle><IconStyle><color>FFFF00FF</color><scale>0.5</scale><Icon><href>http://maps.google.com/mapfiles/kml/shapes/shaded_dot.png</href></Icon></IconStyle></Style><Point><coordinates>-75.7569817,39.66760681,0</coordinates></Point></Placemark><Placemark><name>5G</name><ExtendedData><Data name="CGI"><value>3150100000100018</value></Data><Data name="CELLNAME"><value></value></Data><Data name="CELLID"><value>18</value></Data><Data name="RNC"><value>0</value></Data><Data name="TAC"><value>1</value></Data><Data name="TECHNOLOGY"><value>5G NSA</value></Data><Data name="MODE"><value>5G</value></Data><Data name="ARFCN"><value>644640</value></Data><Data name="BAND"><value>N48</value></Data><Data name="BANDWIDTH"><value></value></Data><Data name="CA"><value>false</value></Data><Data name="NR state"><value></value></Data><Data name="RSRP"><value>-105 dBm</value></Data><Data name="RSRQ"><value>-11</value></Data><Data name="LAYER"><value>1</value></Data><Data name="PC"><value>2</value></Data><Data name="DL_BITRATE"><value>0 kbps</value></Data><Data name="UL_BITRATE"><value>0 kbps</value></Data><Data name="IP"><value>10.120.121.23</value></Data><Data name="SNR"><value>13.0</value></Data><Data name="PHONE STATE"><value>I</value></Data><Data name="IMEI"><value></value></Data><Data name="SPEED"><value>25 km/h</value></Data><Data name="HEIGHT"><value>0m</value></Data><Data name="ALTITUDE"><value>0m</value></Data><Data name="LOCATION"><value>G</value></Data><Data name="ACCURACY"><value>3m</value></Data><Data name="DISTANCE"><value>-1m</value></Data><Data name="SITE BEARING"><value>1000deg</value></Data><Data name="ANTENNA BEARING"><value>1000deg</value></Data><Data name="CELLHEX"><value>12</value></Data><Data name="NODEHEX"><value>0</value></Data><Data name="LACHEX"><value>1</value></Data><Data name="RAWCELLID"><value>18</value></Data><Data name="TIME"><value>2026.08.18_16.43.03</value></Data><Data name="NEI1"><value>TECH:5G CELLID:18 LAC:1 CELL:2 ARFCN:644640 LEVEL:-105 QUAL:-11 </value></Data><Data name="NEI2"><value>TECH:5G CELLID:17 LAC:1 CELL:1 ARFCN:637248 LEVEL:-114 QUAL:-11 </value></Data><Data name="NEI3"><value></value></Data><Data name="NEI4"><value></value></Data><Data name="NEI5"><value></value></Data><Data name="NEI6"><value></value></Data></ExtendedData><Style><LabelStyle><scale>0.0</scale> </LabelStyle><IconStyle><color>FFFF00FF</color><scale>0.5</scale><Icon><href>http://maps.google.com/mapfiles/kml/shapes/shaded_dot.png</href></Icon></IconStyle></Style><Point><coordinates>-75.7571247,39.66754388,0</coordinates></Point></Placemark><Placemark><name>5G</name><ExtendedData><Data name="CGI"><value>3150100000100018</value></Data><Data name="CELLNAME"><value></value></Data><Data name="CELLID"><value>18</value></Data><Data name="RNC"><value>0</value></Data><Data name="TAC"><value>1</value></Data><Data name="TECHNOLOGY"><value>5G NSA</value></Data><Data name="MODE"><value>5G</value></Data><Data name="ARFCN"><value>644640</value></Data><Data name="BAND"><value>N48</value></Data><Data name="BANDWIDTH"><value></value></Data><Data name="CA"><value>false</value></Data><Data name="NR state"><value></value></Data><Data name="RSRP"><value>-105 dBm</value></Data><Data name="RSRQ"><value>-11</value></Data><Data name="LAYER"><value>1</value></Data><Data name="PC"><value>2</value></Data><Data name="DL_BITRATE"><value>0 kbps</value></Data><Data name="UL_BITRATE"><value>3 kbps</value></Data><Data name="IP"><value>10.120.121.23</value></Data><Data name="SNR"><value>13.0</value></Data><Data name="PHONE STATE"><value>D</value></Data><Data name="IMEI"><value></value></Data><Data name="SPEED"><value>25 km/h</value></Data><Data name="HEIGHT"><value>0m</value></Data><Data name="ALTITUDE"><value>0m</value></Data><Data name="LOCATION"><value>G</value></Data><Data name="ACCURACY"><value>3m</value></Data><Data name="DISTANCE"><value>-1m</value></Data><Data name="SITE BEARING"><value>1000deg</value></Data><Data name="ANTENNA BEARING"><value>1000deg</value></Data><Data name="CELLHEX"><value>12</value></Data><Data name="NODEHEX"><value>0</value></Data><Data name="LACHEX"><value>1</value></Data><Data name="RAWCELLID"><value>18</value></Data><Data name="TIME"><value>2026.08.18_16.43.04</value></Data><Data name="NEI1"><value>TECH:5G CELLID:18 LAC:1 CELL:2 ARFCN:644640 LEVEL:-105 QUAL:-11 </value></Data><Data name="NEI2"><value>TECH:5G CELLID:17 LAC:1 CELL:1 ARFCN:637248 LEVEL:-118 QUAL:-12 </value></Data><Data name="NEI3"><value></value></Data><Data name="NEI4"><value></value></Data><Data name="NEI5"><value></value></Data><Data name="NEI6"><value></value></Data></ExtendedData><Style><LabelStyle><scale>0.0</scale> </LabelStyle><IconStyle><color>FFFF00FF</color><scale>0.5</scale><Icon><href>http://maps.google.com/mapfiles/kml/shapes/shaded_dot.png</href></Icon></IconStyle></Style><Point><coordinates>-75.7571247,39.66754388,0</coordinates></Point></Placemark><Placemark><name>5G</name><ExtendedData><Data name="CGI"><value>3150100000100018</value></Data><Data name="CELLNAME"><value></value></Data><Data name="CELLID"><value>18</value></Data><Data name="RNC"><value>0</value></Data><Data name="TAC"><value>1</value></Data><Data name="TECHNOLOGY"><value>5G NSA</value></Data><Data name="MODE"><value>5G</value></Data><Data name="ARFCN"><value>644640</value></Data><Data name="BAND"><value>N48</value></Data><Data name="BANDWIDTH"><value></value></Data><Data name="CA"><value>false</value></Data><Data name="NR state"><value></value></Data><Data name="RSRP"><value>-105 dBm</value></Data><Data name="RSRQ"><value>-11</value></Data><Data name="LAYER"><value>1</value></Data><Data name="PC"><value>2</value></Data><Data name="DL_BITRATE"><value>0 kbps</value></Data><Data name="UL_BITRATE"><value>0 kbps</value></Data><Data name="IP"><value>10.120.121.23</value></Data><Data name="SNR"><value>13.0</value></Data><Data name="PHONE STATE"><value>I</value></Data><Data name="IMEI"><value></value></Data><Data name="SPEED"><value>28 km/h</value></Data><Data name="HEIGHT"><value>0m</value></Data><Data name="ALTITUDE"><value>0m</value></Data><Data name="LOCATION"><value>G</value></Data><Data name="ACCURACY"><value>3m</value></Data><Data name="DISTANCE"><value>-1m</value></Data><Data name="SITE BEARING"><value>1000deg</value></Data><Data name="ANTENNA BEARING"><value>1000deg</value></Data><Data name="CELLHEX"><value>12</value></Data><Data name="NODEHEX"><value>0</value></Data><Data name="LACHEX"><value>1</value></Data><Data name="RAWCELLID"><value>18</value></Data><Data name="TIME"><value>2026.08.18_16.43.05</value></Data><Data name="NEI1"><value>TECH:5G CELLID:18 LAC:1 CELL:2 ARFCN:644640 LEVEL:-105 QUAL:-11 </value></Data><Data name="NEI2"><value>TECH:5G CELLID:17 LAC:1 CELL:1 ARFCN:637248 LEVEL:-118 QUAL:-12 </value></Data><Data name="NEI3"><value></value></Data><Data name="NEI4"><value></value></Data><Data name="NEI5"><value></value></Data><Data name="NEI6"><value></value></Data></ExtendedData><Style><LabelStyle><scale>0.0</scale> </LabelStyle><IconStyle><color>FFFF00FF</color><scale>0.5</scale><Icon><href>http://maps.google.com/mapfiles/kml/shapes/shaded_dot.png</href></Icon></IconStyle></Style><Point><coordinates>-75.75728942,39.66747461,0</coordinates></Point></Placemark><Placemark><name>5G</name><ExtendedData><Data name="CGI"><value>3150100000100018</value></Data><Data name="CELLNAME"><value></value></Data><Data name="CELLID"><value>18</value></Data><Data name="RNC"><value>0</value></Data><Data name="TAC"><value>1</value></Data><Data name="TECHNOLOGY"><value>5G NSA</value></Data><Data name="MODE"><value>5G</value></Data><Data name="ARFCN"><value>644640</value></Data><Data name="BAND"><value>N48</value></Data><Data name="BANDWIDTH"><value></value></Data><Data name="CA"><value>false</value></Data><Data name="NR state"><value></value></Data><Data name="RSRP"><value>-105 dBm</value></Data><Data name="RSRQ"><value>-11</value></Data><Data name="LAYER"><value>1</value></Data><Data name="PC"><value>2</value></Data><Data name="DL_BITRATE"><value>0 kbps</value></Data><Data name="UL_BITRATE"><value>0 kbps</value></Data><Data name="IP"><value>10.120.121.23</value></Data><Data name="SNR"><value>13.0</value></Data><Data name="PHONE STATE"><value>I</value></Data><Data name="IMEI"><value></value></Data><Data name="SPEED"><value>28 km/h</value></Data><Data name="HEIGHT"><value>0m</value></Data><Data name="ALTITUDE"><value>0m</value></Data><Data name="LOCATION"><value>G</value></Data><Data name="ACCURACY"><value>3m</value></Data><Data name="DISTANCE"><value>-1m</value></Data><Data name="SITE BEARING"><value>1000deg</value></Data><Data name="ANTENNA BEARING"><value>1000deg</value></Data><Data name="CELLHEX"><value>12</value></Data><Data name="NODEHEX"><value>0</value></Data><Data name="LACHEX"><value>1</value></Data><Data name="RAWCELLID"><value>18</value></Data><Data name="TIME"><value>2026.08.18_16.43.07</value></Data><Data name="NEI1"><value>TECH:5G CELLID:18 LAC:1 CELL:2 ARFCN:644640 LEVEL:-105 QUAL:-11 </value></Data><Data name="NEI2"><value>TECH:5G CELLID:17 LAC:1 CELL:1 ARFCN:637248 LEVEL:-117 QUAL:-12 </value></Data><Data name="NEI3"><value></value></Data><Data name="NEI4"><value></value></Data><Data name="NEI5"><value></value></Data><Data name="NEI6"><value></value></Data></ExtendedData><Style><LabelStyle><scale>0.0</scale> </LabelStyle><IconStyle><color>FFFF00FF</color><scale>0.5</scale><Icon><href>http://maps.google.com/mapfiles/kml/shapes/shaded_dot.png</href></Icon></IconStyle></Style><Point><coordinates>-75.75745829,39.66740714,0</coordinates></Point></Placemark><Placemark><name>5G</name><ExtendedData><Data name="CGI"><value>3150100000100018</value></Data><Data name="CELLNAME"><value></value></Data><Data name="CELLID"><value>18</value></Data><Data name="RNC"><value>0</value></Data><Data name="TAC"><value>1</value></Data><Data name="TECHNOLOGY"><value>5G NSA</value></Data><Data name="MODE"><value>5G</value></Data><Data name="ARFCN"><value>644640</value></Data><Data name="BAND"><value>N48</value></Data><Data name="BANDWIDTH"><value></value></Data><Data name="CA"><value>false</value></Data><Data name="NR state"><value></value></Data><Data name="RSRP"><value>-105 dBm</value></Data><Data name="RSRQ"><value>-11</value></Data><Data name="LAYER"><value>1</value></Data><Data name="PC"><value>2</value></Data><Data name="DL_BITRATE"><value>0 kbps</value></Data><Data name="UL_BITRATE"><value>0 kbps</value></Data><Data name="IP"><value>10.120.121.23</value></Data><Data name="SNR"><value>13.0</value></Data><Data name="PHONE STATE"><value>I</value></Data><Data name="IMEI"><value></value></Data><Data name="SPEED"><value>26 km/h</value></Data><Data name="HEIGHT"><value>0m</value></Data><Data name="ALTITUDE"><value>0m</value></Data><Data name="LOCATION"><value>G</value></Data><Data name="ACCURACY"><value>3m</value></Data><Data name="DISTANCE"><value>-1m</value></Data><Data name="SITE BEARING"><value>1000deg</value></Data><Data name="ANTENNA BEARING"><value>1000deg</value></Data><Data name="CELLHEX"><value>12</value></Data><Data name="NODEHEX"><value>0</value></Data><Data name="LACHEX"><value>1</value></Data><Data name="RAWCELLID"><value>18</value></Data><Data name="TIME"><value>2026.08.18_16.43.09</value></Data><Data name="NEI1"><value>TECH:5G CELLID:18 LAC:1 CELL:2 ARFCN:644640 LEVEL:-105 QUAL:-11 </value></Data><Data name="NEI2"><value>TECH:5G CELLID:17 LAC:1 CELL:1 ARFCN:637248 LEVEL:-111 QUAL:-11 </value></Data><Data name="NEI3"><value></value></Data><Data name="NEI4"><value></value></Data><Data name="NEI5"><value></value></Data><Data name="NEI6"><value></value></Data></ExtendedData><Style><LabelStyle><scale>0.0</scale> </LabelStyle><IconStyle><color>FFFF00FF</color><scale>0.5</scale><Icon><href>http://maps.google.com/mapfiles/kml/shapes/shaded_dot.png</href></Icon></IconStyle></Style><Point><coordinates>-75.75761785,39.66735668,0</coordinates></Point></Placemark><Placemark><name>5G</name><ExtendedData><Data name="CGI"><value>3150100000100018</value></Data><Data name="CELLNAME"><value></value></Data><Data name="CELLID"><value>18</value></Data><Data name="RNC"><value>0</value></Data><Data name="TAC"><value>1</value></Data><Data name="TECHNOLOGY"><value>5G NSA</value></Data><Data name="MODE"><value>5G</value></Data><Data name="ARFCN"><value>644640</value></Data><Data name="BAND"><value>N48</value></Data><Data name="BANDWIDTH"><value></value></Data><Data name="CA"><value>false</value></Data><Data name="NR state"><value></value></Data><Data name="RSRP"><value>-105 dBm</value></Data><Data name="RSRQ"><value>-11</value></Data><Data name="LAYER"><value>1</value></Data><Data name="PC"><value>2</value></Data><Data name="DL_BITRATE"><value>0 kbps</value></Data><Data name="UL_BITRATE"><value>0 kbps</value></Data><Data name="IP"><value>10.120.121.23</value></Data><Data name="SNR"><value>13.0</value></Data><Data name="PHONE STATE"><value>D</value></Data><Data name="IMEI"><value></value></Data><Data name="SPEED"><value>24 km/h</value></Data><Data name="HEIGHT"><value>0m</value></Data><Data name="ALTITUDE"><value>0m</value></Data><Data name="LOCATION"><value>G</value></Data><Data name="ACCURACY"><value>3m</value></Data><Data name="DISTANCE"><value>-1m</value></Data><Data name="SITE BEARING"><value>1000deg</value></Data><Data name="ANTENNA BEARING"><value>1000deg</value></Data><Data name="CELLHEX"><value>12</value></Data><Data name="NODEHEX"><value>0</value></Data><Data name="LACHEX"><value>1</value></Data><Data name="RAWCELLID"><value>18</value></Data><Data name="TIME"><value>2026.08.18_16.43.11</value></Data><Data name="NEI1"><value>TECH:5G CELLID:17 LAC:1 CELL:1 ARFCN:637248 LEVEL:-100 QUAL:-11 </value></Data><Data name="NEI2"><value>TECH:5G CELLID:18 LAC:1 CELL:2 ARFCN:644640 LEVEL:-105 QUAL:-11 </value></Data><Data name="NEI3"><value></value></Data><Data name="NEI4"><value></value></Data><Data name="NEI5"><value></value></Data><Data name="NEI6"><value></value></Data></ExtendedData><Style><LabelStyle><scale>0.0</scale> </LabelStyle><IconStyle><color>FFFF00FF</color><scale>0.5</scale><Icon><href>http://maps.google.com/mapfiles/kml/shapes/shaded_dot.png</href></Icon></IconStyle></Style><Point><coordinates>-75.75775844,39.66729093,0</coordinates></Point></Placemark><Placemark><name>5G</name><ExtendedData><Data name="CGI"><value>3150100000100018</value></Data><Data name="CELLNAME"><value></value></Data><Data name="CELLID"><value>18</value></Data><Data name="RNC"><value>0</value></Data><Data name="TAC"><value>1</value></Data><Data name="TECHNOLOGY"><value>5G NSA</value></Data><Data name="MODE"><value>5G</value></Data><Data name="ARFCN"><value>644640</value></Data><Data name="BAND"><value>N48</value></Data><Data name="BANDWIDTH"><value></value></Data><Data name="CA"><value>false</value></Data><Data name="NR state"><value></value></Data><Data name="RSRP"><value>-105 dBm</value></Data><Data name="RSRQ"><value>-11</value></Data><Data name="LAYER"><value>1</value></Data><Data name="PC"><value>2</value></Data><Data name="DL_BITRATE"><value>0 kbps</value></Data><Data name="UL_BITRATE"><value>0 kbps</value></Data><Data name="IP"><value>10.120.121.23</value></Data><Data name="SNR"><value>13.0</value></Data><Data name="PHONE STATE"><value>I</value></Data><Data name="IMEI"><value></value></Data><Data name="SPEED"><value>21 km/h</value></Data><Data name="HEIGHT"><value>0m</value></Data><Data name="ALTITUDE"><value>0m</value></Data><Data name="LOCATION"><value>G</value></Data><Data name="ACCURACY"><value>3m</value></Data><Data name="DISTANCE"><value>-1m</value></Data><Data name="SITE BEARING"><value>1000deg</value></Data><Data name="ANTENNA BEARING"><value>1000deg</value></Data><Data name="CELLHEX"><value>12</value></Data><Data name="NODEHEX"><value>0</value></Data><Data name="LACHEX"><value>1</value></Data><Data name="RAWCELLID"><value>18</value></Data><Data name="TIME"><value>2026.08.18_16.43.13</value></Data><Data name="NEI1"><value>TECH:5G CELLID:17 LAC:1 CELL:1 ARFCN:637248 LEVEL:-101 QUAL:-11 </value></Data><Data name="NEI2"><value>TECH:5G CELLID:18 LAC:1 CELL:2 ARFCN:644640 LEVEL:-105 QUAL:-11 </value></Data><Data name="NEI3"><value></value></Data><Data name="NEI4"><value></value></Data><Data name="NEI5"><value></value></Data><Data name="NEI6"><value></value></Data></ExtendedData><Style><LabelStyle><scale>0.0</scale> </LabelStyle><IconStyle><color>FFFF00FF</color><scale>0.5</scale><Icon><href>http://maps.google.com/mapfiles/kml/shapes/shaded_dot.png</href></Icon></IconStyle></Style><Point><coordinates>-75.75783698,39.66719394,0</coordinates></Point></Placemark><Placemark><name>5G</name><ExtendedData><Data name="CGI"><value>3150100000100018</value></Data><Data name="CELLNAME"><value></value></Data><Data name="CELLID"><value>18</value></Data><Data name="RNC"><value>0</value></Data><Data name="TAC"><value>1</value></Data><Data name="TECHNOLOGY"><value>5G NSA</value></Data><Data name="MODE"><value>5G</value></Data><Data name="ARFCN"><value>644640</value></Data><Data name="BAND"><value>N48</value></Data><Data name="BANDWIDTH"><value></value></Data><Data name="CA"><value>false</value></Data><Data name="NR state"><value></value></Data><Data name="RSRP"><value>-105 dBm</value></Data><Data name="RSRQ"><value>-11</value></Data><Data name="LAYER"><value>1</value></Data><Data name="PC"><value>2</value></Data><Data name="DL_BITRATE"><value>0 kbps</value></Data><Data name="UL_BITRATE"><value>0 kbps</value></Data><Data name="IP"><value>10.120.121.23</value></Data><Data name="SNR"><value>13.0</value></Data><Data name="PHONE STATE"><value>I</value></Data><Data name="IMEI"><value></value></Data><Data name="SPEED"><value>20 km/h</value></Data><Data name="HEIGHT"><value>-1m</value></Data><Data name="ALTITUDE"><value>-1m</value></Data><Data name="LOCATION"><value>G</value></Data><Data name="ACCURACY"><value>3m</value></Data><Data name="DISTANCE"><value>-1m</value></Data><Data name="SITE BEARING"><value>1000deg</value></Data><Data name="ANTENNA BEARING"><value>1000deg</value></Data><Data name="CELLHEX"><value>12</value></Data><Data name="NODEHEX"><value>0</value></Data><Data name="LACHEX"><value>1</value></Data><Data name="RAWCELLID"><value>18</value></Data><Data name="TIME"><value>2026.08.18_16.43.15</value></Data><Data name="NEI1"><value>TECH:5G CELLID:17 LAC:1 CELL:1 ARFCN:637248 LEVEL:-89 QUAL:-11 </value></Data><Data name="NEI2"><value>TECH:5G CELLID:18 LAC:1 CELL:2 ARFCN:644640 LEVEL:-105 QUAL:-11 </value></Data><Data name="NEI3"><value></value></Data><Data name="NEI4"><value></value></Data><Data name="NEI5"><value></value></Data><Data name="NEI6"><value></value></Data></ExtendedData><Style><LabelStyle><scale>0.0</scale> </LabelStyle><IconStyle><color>FFFF00FF</color><scale>0.5</scale><Icon><href>http://maps.google.com/mapfiles/kml/shapes/shaded_dot.png</href></Icon></IconStyle></Style><Point><coordinates>-75.75781458,39.66708443,0</coordinates></Point></Placemark><Placemark><name>5G</name><ExtendedData><Data name="CGI"><value>3150100000100018</value></Data><Data name="CELLNAME"><value></value></Data><Data name="CELLID"><value>18</value></Data><Data name="RNC"><value>0</value></Data><Data name="TAC"><value>1</value></Data><Data name="TECHNOLOGY"><value>5G NSA</value></Data><Data name="MODE"><value>5G</value></Data><Data name="ARFCN"><value>644640</value></Data><Data name="BAND"><value>N48</value></Data><Data name="BANDWIDTH"><value></value></Data><Data name="CA"><value>false</value></Data><Data name="NR state"><value></value></Data><Data name="RSRP"><value>-105 dBm</value></Data><Data name="RSRQ"><value>-11</value></Data><Data name="LAYER"><value>1</value></Data><Data name="PC"><value>2</value></Data><Data name="DL_BITRATE"><value>0 kbps</value></Data><Data name="UL_BITRATE"><value>0 kbps</value></Data><Data name="IP"><value>10.120.121.23</value></Data><Data name="SNR"><value>13.0</value></Data><Data name="PHONE STATE"><value>I</value></Data><Data name="IMEI"><value></value></Data><Data name="SPEED"><value>24 km/h</value></Data><Data name="HEIGHT"><value>-1m</value></Data><Data name="ALTITUDE"><value>-1m</value></Data><Data name="LOCATION"><value>G</value></Data><Data name="ACCURACY"><value>3m</value></Data><Data name="DISTANCE"><value>-1m</value></Data><Data name="SITE BEARING"><value>1000deg</value></Data><Data name="ANTENNA BEARING"><value>1000deg</value></Data><Data name="CELLHEX"><value>12</value></Data><Data name="NODEHEX"><value>0</value></Data><Data name="LACHEX"><value>1</value></Data><Data name="RAWCELLID"><value>18</value></Data><Data name="TIME"><value>2026.08.18_16.43.17</value></Data><Data name="NEI1"><value>TECH:5G CELLID:17 LAC:1 CELL:1 ARFCN:637248 LEVEL:-100 QUAL:-12 </value></Data><Data name="NEI2"><value>TECH:5G CELLID:18 LAC:1 CELL:2 ARFCN:644640 LEVEL:-105 QUAL:-11 </value></Data><Data name="NEI3"><value></value></Data><Data name="NEI4"><value></value></Data><Data name="NEI5"><value></value></Data><Data name="NEI6"><value></value></Data></ExtendedData><Style><LabelStyle><scale>0.0</scale> </LabelStyle><IconStyle><color>FFFF00FF</color><scale>0.5</scale><Icon><href>http://maps.google.com/mapfiles/kml/shapes/shaded_dot.png</href></Icon></IconStyle></Style><Point><coordinates>-75.7577349,39.66698229,0</coordinates></Point></Placemark><Placemark><name>5G</name><ExtendedData><Data name="CGI"><value>3150100000100018</value></Data><Data name="CELLNAME"><value></value></Data><Data name="CELLID"><value>18</value></Data><Data name="RNC"><value>0</value></Data><Data name="TAC"><value>1</value></Data><Data name="TECHNOLOGY"><value>5G NSA</value></Data><Data name="MODE"><value>5G</value></Data><Data name="ARFCN"><value>644640</value></Data><Data name="BAND"><value>N48</value></Data><Data name="BANDWIDTH"><value></value></Data><Data name="CA"><value>false</value></Data><Data name="NR state"><value></value></Data><Data name="RSRP"><value>-105 dBm</value></Data><Data name="RSRQ"><value>-11</value></Data><Data name="LAYER"><value>1</value></Data><Data name="PC"><value>2</value></Data><Data name="DL_BITRATE"><value>0 kbps</value></Data><Data name="UL_BITRATE"><value>0 kbps</value></Data><Data name="IP"><value>10.120.121.23</value></Data><Data name="SNR"><value>13.0</value></Data><Data name="PHONE STATE"><value>I</value></Data><Data name="IMEI"><value></value></Data><Data name="SPEED"><value>26 km/h</value></Data><Data name="HEIGHT"><value>-1m</value></Data><Data name="ALTITUDE"><value>-1m</value></Data><Data name="LOCATION"><value>G</value></Data><Data name="ACCURACY"><value>3m</value></Data><Data name="DISTANCE"><value>-1m</value></Data><Data name="SITE BEARING"><value>1000deg</value></Data><Data name="ANTENNA BEARING"><value>1000deg</value></Data><Data name="CELLHEX"><value>12</value></Data><Data name="NODEHEX"><value>0</value></Data><Data name="LACHEX"><value>1</value></Data><Data name="RAWCELLID"><value>18</value></Data><Data name="TIME"><value>2026.08.18_16.43.19</value></Data><Data name="NEI1"><value>TECH:5G CELLID:17 LAC:1 CELL:1 ARFCN:637248 LEVEL:-100 QUAL:-11 </value></Data><Data name="NEI2"><value>TECH:5G CELLID:18 LAC:1 CELL:2 ARFCN:644640 LEVEL:-105 QUAL:-11 </value></Data><Data name="NEI3"><value></value></Data><Data name="NEI4"><value></value></Data><Data name="NEI5"><value></value></Data><Data name="NEI6"><value></value></Data></ExtendedData><Style><LabelStyle><scale>0.0</scale> </LabelStyle><IconStyle><color>FFFF00FF</color><scale>0.5</scale><Icon><href>http://maps.google.com/mapfiles/kml/shapes/shaded_dot.png</href></Icon></IconStyle></Style><Point><coordinates>-75.75765776,39.66686405,0</coordinates></Point></Placemark><Placemark><name>5G</name><ExtendedData><Data name="CGI"><value>3150100000100018</value></Data><Data name="CELLNAME"><value></value></Data><Data name="CELLID"><value>18</value></Data><Data name="RNC"><value>0</value></Data><Data name="TAC"><value>1</value></Data><Data name="TECHNOLOGY"><value>5G NSA</value></Data><Data name="MODE"><value>5G</value></Data><Data name="ARFCN"><value>644640</value></Data><Data name="BAND"><value>N48</value></Data><Data name="BANDWIDTH"><value></value></Data><Data name="CA"><value>false</value></Data><Data name="NR state"><value></value></Data><Data name="RSRP"><value>-105 dBm</value></Data><Data name="RSRQ"><value>-11</value></Data><Data name="LAYER"><value>1</value></Data><Data name="PC"><value>2</value></Data><Data name="DL_BITRATE"><value>0 kbps</value></Data><Data name="UL_BITRATE"><value>0 kbps</value></Data><Data name="IP"><value>10.120.121.23</value></Data><Data name="SNR"><value>13.0</value></Data><Data name="PHONE STATE"><value>I</value></Data><Data name="IMEI"><value></value></Data><Data name="SPEED"><value>23 km/h</value></Data><Data name="HEIGHT"><value>0m</value></Data><Data name="ALTITUDE"><value>0m</value></Data><Data name="LOCATION"><value>G</value></Data><Data name="ACCURACY"><value>3m</value></Data><Data name="DISTANCE"><value>-1m</value></Data><Data name="SITE BEARING"><value>1000deg</value></Data><Data name="ANTENNA BEARING"><value>1000deg</value></Data><Data name="CELLHEX"><value>12</value></Data><Data name="NODEHEX"><value>0</value></Data><Data name="LACHEX"><value>1</value></Data><Data name="RAWCELLID"><value>18</value></Data><Data name="TIME"><value>2026.08.18_16.43.21</value></Data><Data name="NEI1"><value>TECH:5G CELLID:17 LAC:1 CELL:1 ARFCN:637248 LEVEL:-102 QUAL:-11 </value></Data><Data name="NEI2"><value>TECH:5G CELLID:18 LAC:1 CELL:2 ARFCN:644640 LEVEL:-105 QUAL:-11 </value></Data><Data name="NEI3"><value></value></Data><Data name="NEI4"><value></value></Data><Data name="NEI5"><value></value></Data><Data name="NEI6"><value></value></Data></ExtendedData><Style><LabelStyle><scale>0.0</scale> </LabelStyle><IconStyle><color>FFFF00FF</color><scale>0.5</scale><Icon><href>http://maps.google.com/mapfiles/kml/shapes/shaded_dot.png</href></Icon></IconStyle></Style><Point><coordinates>-75.7575833,39.66675412,0</coordinates></Point></Placemark><Placemark><name>5G</name><ExtendedData><Data name="CGI"><value>3150100000100018</value></Data><Data name="CELLNAME"><value></value></Data><Data name="CELLID"><value>18</value></Data><Data name="RNC"><value>0</value></Data><Data name="TAC"><value>1</value></Data><Data name="TECHNOLOGY"><value>5G NSA</value></Data><Data name="MODE"><value>5G</value></Data><Data name="ARFCN"><value>644640</value></Data><Data name="BAND"><value>N48</value></Data><Data name="BANDWIDTH"><value></value></Data><Data name="CA"><value>false</value></Data><Data name="NR state"><value></value></Data><Data name="RSRP"><value>-105 dBm</value></Data><Data name="RSRQ"><value>-11</value></Data><Data name="LAYER"><value>1</value></Data><Data name="PC"><value>2</value></Data><Data name="DL_BITRATE"><value>0 kbps</value></Data><Data name="UL_BITRATE"><value>0 kbps</value></Data><Data name="IP"><value>10.120.121.23</value></Data><Data name="SNR"><value>13.0</value></Data><Data name="PHONE STATE"><value>I</value></Data><Data name="IMEI"><value></value></Data><Data name="SPEED"><value>19 km/h</value></Data><Data name="HEIGHT"><value>-1m</value></Data><Data name="ALTITUDE"><value>-1m</value></Data><Data name="LOCATION"><value>G</value></Data><Data name="ACCURACY"><value>3m</value></Data><Data name="DISTANCE"><value>-1m</value></Data><Data name="SITE BEARING"><value>1000deg</value></Data><Data name="ANTENNA BEARING"><value>1000deg</value></Data><Data name="CELLHEX"><value>12</value></Data><Data name="NODEHEX"><value>0</value></Data><Data name="LACHEX"><value>1</value></Data><Data name="RAWCELLID"><value>18</value></Data><Data name="TIME"><value>2026.08.18_16.43.23</value></Data><Data name="NEI1"><value>TECH:5G CELLID:17 LAC:1 CELL:1 ARFCN:637248 LEVEL:-102 QUAL:-11 </value></Data><Data name="NEI2"><value>TECH:5G CELLID:18 LAC:1 CELL:2 ARFCN:644640 LEVEL:-105 QUAL:-11 </value></Data><Data name="NEI3"><value></value></Data><Data name="NEI4"><value></value></Data><Data name="NEI5"><value></value></Data><Data name="NEI6"><value></value></Data></ExtendedData><Style><LabelStyle><scale>0.0</scale> </LabelStyle><IconStyle><color>FFFF00FF</color><scale>0.5</scale><Icon><href>http://maps.google.com/mapfiles/kml/shapes/shaded_dot.png</href></Icon></IconStyle></Style><Point><coordinates>-75.75751326,39.66666433,0</coordinates></Point></Placemark><Placemark><name>5G</name><ExtendedData><Data name="CGI"><value>3150100000100018</value></Data><Data name="CELLNAME"><value></value></Data><Data name="CELLID"><value>18</value></Data><Data name="RNC"><value>0</value></Data><Data name="TAC"><value>1</value></Data><Data name="TECHNOLOGY"><value>5G NSA</value></Data><Data name="MODE"><value>5G</value></Data><Data name="ARFCN"><value>644640</value></Data><Data name="BAND"><value>N48</value></Data><Data name="BANDWIDTH"><value></value></Data><Data name="CA"><value>false</value></Data><Data name="NR state"><value></value></Data><Data name="RSRP"><value>-105 dBm</value></Data><Data name="RSRQ"><value>-11</value></Data><Data name="LAYER"><value>1</value></Data><Data name="PC"><value>2</value></Data><Data name="DL_BITRATE"><value>0 kbps</value></Data><Data name="UL_BITRATE"><value>0 kbps</value></Data><Data name="IP"><value>10.120.121.23</value></Data><Data name="SNR"><value>13.0</value></Data><Data name="PHONE STATE"><value>I</value></Data><Data name="IMEI"><value></value></Data><Data name="SPEED"><value>16 km/h</value></Data><Data name="HEIGHT"><value>-1m</value></Data><Data name="ALTITUDE"><value>-1m</value></Data><Data name="LOCATION"><value>G</value></Data><Data name="ACCURACY"><value>3m</value></Data><Data name="DISTANCE"><value>-1m</value></Data><Data name="SITE BEARING"><value>1000deg</value></Data><Data name="ANTENNA BEARING"><value>1000deg</value></Data><Data name="CELLHEX"><value>12</value></Data><Data name="NODEHEX"><value>0</value></Data><Data name="LACHEX"><value>1</value></Data><Data name="RAWCELLID"><value>18</value></Data><Data name="TIME"><value>2026.08.18_16.43.26</value></Data><Data name="NEI1"><value>TECH:5G CELLID:17 LAC:1 CELL:1 ARFCN:637248 LEVEL:-103 QUAL:-11 </value></Data><Data name="NEI2"><value>TECH:5G CELLID:18 LAC:1 CELL:2 ARFCN:644640 LEVEL:-105 QUAL:-11 </value></Data><Data name="NEI3"><value></value></Data><Data name="NEI4"><value></value></Data><Data name="NEI5"><value></value></Data><Data name="NEI6"><value></value></Data></ExtendedData><Style><LabelStyle><scale>0.0</scale> </LabelStyle><IconStyle><color>FFFF00FF</color><scale>0.5</scale><Icon><href>http://maps.google.com/mapfiles/kml/shapes/shaded_dot.png</href></Icon></IconStyle></Style><Point><coordinates>-75.75735782,39.6666359,0</coordinates></Point></Placemark><Placemark><name>5G</name><ExtendedData><Data name="CGI"><value>3150100000100018</value></Data><Data name="CELLNAME"><value></value></Data><Data name="CELLID"><value>18</value></Data><Data name="RNC"><value>0</value></Data><Data name="TAC"><value>1</value></Data><Data name="TECHNOLOGY"><value>5G NSA</value></Data><Data name="MODE"><value>5G</value></Data><Data name="ARFCN"><value>644640</value></Data><Data name="BAND"><value>N48</value></Data><Data name="BANDWIDTH"><value></value></Data><Data name="CA"><value>false</value></Data><Data name="NR state"><value></value></Data><Data name="RSRP"><value>-105 dBm</value></Data><Data name="RSRQ"><value>-11</value></Data><Data name="LAYER"><value>1</value></Data><Data name="PC"><value>2</value></Data><Data name="DL_BITRATE"><value>0 kbps</value></Data><Data name="UL_BITRATE"><value>0 kbps</value></Data><Data name="IP"><value>10.120.121.23</value></Data><Data name="SNR"><value>13.0</value></Data><Data name="PHONE STATE"><value>I</value></Data><Data name="IMEI"><value></value></Data><Data name="SPEED"><value>19 km/h</value></Data><Data name="HEIGHT"><value>-1m</value></Data><Data name="ALTITUDE"><value>-1m</value></Data><Data name="LOCATION"><value>G</value></Data><Data name="ACCURACY"><value>3m</value></Data><Data name="DISTANCE"><value>-1m</value></Data><Data name="SITE BEARING"><value>1000deg</value></Data><Data name="ANTENNA BEARING"><value>1000deg</value></Data><Data name="CELLHEX"><value>12</value></Data><Data name="NODEHEX"><value>0</value></Data><Data name="LACHEX"><value>1</value></Data><Data name="RAWCELLID"><value>18</value></Data><Data name="TIME"><value>2026.08.18_16.43.28</value></Data><Data name="NEI1"><value>TECH:5G CELLID:18 LAC:1 CELL:2 ARFCN:644640 LEVEL:-105 QUAL:-11 </value></Data><Data name="NEI2"><value>TECH:5G CELLID:17 LAC:1 CELL:1 ARFCN:637248 LEVEL:-108 QUAL:-11 </value></Data><Data name="NEI3"><value></value></Data><Data name="NEI4"><value></value></Data><Data name="NEI5"><value></value></Data><Data name="NEI6"><value></value></Data></ExtendedData><Style><LabelStyle><scale>0.0</scale> </LabelStyle><IconStyle><color>FFFF00FF</color><scale>0.5</scale><Icon><href>http://maps.google.com/mapfiles/kml/shapes/shaded_dot.png</href></Icon></IconStyle></Style><Point><coordinates>-75.75724578,39.66667324,0</coordinates></Point></Placemark><Placemark><name>5G</name><ExtendedData><Data name="CGI"><value>3150100000100018</value></Data><Data name="CELLNAME"><value></value></Data><Data name="CELLID"><value>18</value></Data><Data name="RNC"><value>0</value></Data><Data name="TAC"><value>1</value></Data><Data name="TECHNOLOGY"><value>5G NSA</value></Data><Data name="MODE"><value>5G</value></Data><Data name="ARFCN"><value>644640</value></Data><Data name="BAND"><value>N48</value></Data><Data name="BANDWIDTH"><value></value></Data><Data name="CA"><value>false</value></Data><Data name="NR state"><value></value></Data><Data name="RSRP"><value>-105 dBm</value></Data><Data name="RSRQ"><value>-11</value></Data><Data name="LAYER"><value>1</value></Data><Data name="PC"><value>2</value></Data><Data name="DL_BITRATE"><value>0 kbps</value></Data><Data name="UL_BITRATE"><value>0 kbps</value></Data><Data name="IP"><value>10.120.121.23</value></Data><Data name="SNR"><value>13.0</value></Data><Data name="PHONE STATE"><value>I</value></Data><Data name="IMEI"><value></value></Data><Data name="SPEED"><value>24 km/h</value></Data><Data name="HEIGHT"><value>-1m</value></Data><Data name="ALTITUDE"><value>-1m</value></Data><Data name="LOCATION"><value>G</value></Data><Data name="ACCURACY"><value>3m</value></Data><Data name="DISTANCE"><value>-1m</value></Data><Data name="SITE BEARING"><value>1000deg</value></Data><Data name="ANTENNA BEARING"><value>1000deg</value></Data><Data name="CELLHEX"><value>12</value></Data><Data name="NODEHEX"><value>0</value></Data><Data name="LACHEX"><value>1</value></Data><Data name="RAWCELLID"><value>18</value></Data><Data name="TIME"><value>2026.08.18_16.43.30</value></Data><Data name="NEI1"><value>TECH:5G CELLID:18 LAC:1 CELL:2 ARFCN:644640 LEVEL:-105 QUAL:-11 </value></Data><Data name="NEI2"><value>TECH:5G CELLID:17 LAC:1 CELL:1 ARFCN:637248 LEVEL:-106 QUAL:-11 </value></Data><Data name="NEI3"><value></value></Data><Data name="NEI4"><value></value></Data><Data name="NEI5"><value></value></Data><Data name="NEI6"><value></value></Data></ExtendedData><Style><LabelStyle><scale>0.0</scale> </LabelStyle><IconStyle><color>FFFF00FF</color><scale>0.5</scale><Icon><href>http://maps.google.com/mapfiles/kml/shapes/shaded_dot.png</href></Icon></IconStyle></Style><Point><coordinates>-75.75710602,39.66671749,0</coordinates></Point></Placemark><Placemark><name>5G</name><ExtendedData><Data name="CGI"><value>3150100000100018</value></Data><Data name="CELLNAME"><value></value></Data><Data name="CELLID"><value>18</value></Data><Data name="RNC"><value>0</value></Data><Data name="TAC"><value>1</value></Data><Data name="TECHNOLOGY"><value>5G NSA</value></Data><Data name="MODE"><value>5G</value></Data><Data name="ARFCN"><value>644640</value></Data><Data name="BAND"><value>N48</value></Data><Data name="BANDWIDTH"><value></value></Data><Data name="CA"><value>false</value></Data><Data name="NR state"><value></value></Data><Data name="RSRP"><value>-105 dBm</value></Data><Data name="RSRQ"><value>-11</value></Data><Data name="LAYER"><value>1</value></Data><Data name="PC"><value>2</value></Data><Data name="DL_BITRATE"><value>0 kbps</value></Data><Data name="UL_BITRATE"><value>0 kbps</value></Data><Data name="IP"><value>10.120.121.23</value></Data><Data name="SNR"><value>13.0</value></Data><Data name="PHONE STATE"><value>I</value></Data><Data name="IMEI"><value></value></Data><Data name="SPEED"><value>24 km/h</value></Data><Data name="HEIGHT"><value>-1m</value></Data><Data name="ALTITUDE"><value>-1m</value></Data><Data name="LOCATION"><value>G</value></Data><Data name="ACCURACY"><value>3m</value></Data><Data name="DISTANCE"><value>-1m</value></Data><Data name="SITE BEARING"><value>1000deg</value></Data><Data name="ANTENNA BEARING"><value>1000deg</value></Data><Data name="CELLHEX"><value>12</value></Data><Data name="NODEHEX"><value>0</value></Data><Data name="LACHEX"><value>1</value></Data><Data name="RAWCELLID"><value>18</value></Data><Data name="TIME"><value>2026.08.18_16.43.32</value></Data><Data name="NEI1"><value>TECH:5G CELLID:18 LAC:1 CELL:2 ARFCN:644640 LEVEL:-105 QUAL:-11 </value></Data><Data name="NEI2"><value>TECH:5G CELLID:17 LAC:1 CELL:1 ARFCN:637248 LEVEL:-106 QUAL:-11 </value></Data><Data name="NEI3"><value></value></Data><Data name="NEI4"><value></value></Data><Data name="NEI5"><value></value></Data><Data name="NEI6"><value></value></Data></ExtendedData><Style><LabelStyle><scale>0.0</scale> </LabelStyle><IconStyle><color>FFFF00FF</color><scale>0.5</scale><Icon><href>http://maps.google.com/mapfiles/kml/shapes/shaded_dot.png</href></Icon></IconStyle></Style><Point><coordinates>-75.75696121,39.6667624,0</coordinates></Point></Placemark><Placemark><name>5G</name><ExtendedData><Data name="CGI"><value>3150100000100018</value></Data><Data name="CELLNAME"><value></value></Data><Data name="CELLID"><value>18</value></Data><Data name="RNC"><value>0</value></Data><Data name="TAC"><value>1</value></Data><Data name="TECHNOLOGY"><value>5G NSA</value></Data><Data name="MODE"><value>5G</value></Data><Data name="ARFCN"><value>644640</value></Data><Data name="BAND"><value>N48</value></Data><Data name="BANDWIDTH"><value></value></Data><Data name="CA"><value>false</value></Data><Data name="NR state"><value></value></Data><Data name="RSRP"><value>-105 dBm</value></Data><Data name="RSRQ"><value>-11</value></Data><Data name="LAYER"><value>1</value></Data><Data name="PC"><value>2</value></Data><Data name="DL_BITRATE"><value>0 kbps</value></Data><Data name="UL_BITRATE"><value>0 kbps</value></Data><Data name="IP"><value>10.120.121.23</value></Data><Data name="SNR"><value>13.0</value></Data><Data name="PHONE STATE"><value>I</value></Data><Data name="IMEI"><value></value></Data><Data name="SPEED"><value>23 km/h</value></Data><Data name="HEIGHT"><value>-1m</value></Data><Data name="ALTITUDE"><value>-1m</value></Data><Data name="LOCATION"><value>G</value></Data><Data name="ACCURACY"><value>3m</value></Data><Data name="DISTANCE"><value>-1m</value></Data><Data name="SITE BEARING"><value>1000deg</value></Data><Data name="ANTENNA BEARING"><value>1000deg</value></Data><Data name="CELLHEX"><value>12</value></Data><Data name="NODEHEX"><value>0</value></Data><Data name="LACHEX"><value>1</value></Data><Data name="RAWCELLID"><value>18</value></Data><Data name="TIME"><value>2026.08.18_16.43.34</value></Data><Data name="NEI1"><value>TECH:5G CELLID:18 LAC:1 CELL:2 ARFCN:644640 LEVEL:-105 QUAL:-11 </value></Data><Data name="NEI2"><value>TECH:5G CELLID:17 LAC:1 CELL:1 ARFCN:637248 LEVEL:-107 QUAL:-11 </value></Data><Data name="NEI3"><value></value></Data><Data name="NEI4"><value></value></Data><Data name="NEI5"><value></value></Data><Data name="NEI6"><value></value></Data></ExtendedData><Style><LabelStyle><scale>0.0</scale> </LabelStyle><IconStyle><color>FFFF00FF</color><scale>0.5</scale><Icon><href>http://maps.google.com/mapfiles/kml/shapes/shaded_dot.png</href></Icon></IconStyle></Style><Point><coordinates>-75.75684384,39.66683978,0</coordinates></Point></Placemark><Placemark><name>5G</name><ExtendedData><Data name="CGI"><value>3150100000100018</value></Data><Data name="CELLNAME"><value></value></Data><Data name="CELLID"><value>18</value></Data><Data name="RNC"><value>0</value></Data><Data name="TAC"><value>1</value></Data><Data name="TECHNOLOGY"><value>5G NSA</value></Data><Data name="MODE"><value>5G</value></Data><Data name="ARFCN"><value>644640</value></Data><Data name="BAND"><value>N48</value></Data><Data name="BANDWIDTH"><value></value></Data><Data name="CA"><value>false</value></Data><Data name="NR state"><value></value></Data><Data name="RSRP"><value>-105 dBm</value></Data><Data name="RSRQ"><value>-11</value></Data><Data name="LAYER"><value>1</value></Data><Data name="PC"><value>2</value></Data><Data name="DL_BITRATE"><value>0 kbps</value></Data><Data name="UL_BITRATE"><value>0 kbps</value></Data><Data name="IP"><value>10.120.121.23</value></Data><Data name="SNR"><value>13.0</value></Data><Data name="PHONE STATE"><value>I</value></Data><Data name="IMEI"><value></value></Data><Data name="SPEED"><value>20 km/h</value></Data><Data name="HEIGHT"><value>-1m</value></Data><Data name="ALTITUDE"><value>-1m</value></Data><Data name="LOCATION"><value>G</value></Data><Data name="ACCURACY"><value>3m</value></Data><Data name="DISTANCE"><value>-1m</value></Data><Data name="SITE BEARING"><value>1000deg</value></Data><Data name="ANTENNA BEARING"><value>1000deg</value></Data><Data name="CELLHEX"><value>12</value></Data><Data name="NODEHEX"><value>0</value></Data><Data name="LACHEX"><value>1</value></Data><Data name="RAWCELLID"><value>18</value></Data><Data name="TIME"><value>2026.08.18_16.43.36</value></Data><Data name="NEI1"><value>TECH:5G CELLID:18 LAC:1 CELL:2 ARFCN:644640 LEVEL:-105 QUAL:-11 </value></Data><Data name="NEI2"><value>TECH:5G CELLID:17 LAC:1 CELL:1 ARFCN:637248 LEVEL:-111 QUAL:-12 </value></Data><Data name="NEI3"><value></value></Data><Data name="NEI4"><value></value></Data><Data name="NEI5"><value></value></Data><Data name="NEI6"><value></value></Data></ExtendedData><Style><LabelStyle><scale>0.0</scale> </LabelStyle><IconStyle><color>FFFF00FF</color><scale>0.5</scale><Icon><href>http://maps.google.com/mapfiles/kml/shapes/shaded_dot.png</href></Icon></IconStyle></Style><Point><coordinates>-75.75682149,39.66694777,0</coordinates></Point></Placemark><Placemark><name>5G</name><ExtendedData><Data name="CGI"><value>3150100000100018</value></Data><Data name="CELLNAME"><value></value></Data><Data name="CELLID"><value>18</value></Data><Data name="RNC"><value>0</value></Data><Data name="TAC"><value>1</value></Data><Data name="TECHNOLOGY"><value>5G NSA</value></Data><Data name="MODE"><value>5G</value></Data><Data name="ARFCN"><value>644640</value></Data><Data name="BAND"><value>N48</value></Data><Data name="BANDWIDTH"><value></value></Data><Data name="CA"><value>false</value></Data><Data name="NR state"><value></value></Data><Data name="RSRP"><value>-105 dBm</value></Data><Data name="RSRQ"><value>-11</value></Data><Data name="LAYER"><value>1</value></Data><Data name="PC"><value>2</value></Data><Data name="DL_BITRATE"><value>0 kbps</value></Data><Data name="UL_BITRATE"><value>0 kbps</value></Data><Data name="IP"><value>10.120.121.23</value></Data><Data name="SNR"><value>13.0</value></Data><Data name="PHONE STATE"><value>I</value></Data><Data name="IMEI"><value></value></Data><Data name="SPEED"><value>17 km/h</value></Data><Data name="HEIGHT"><value>0m</value></Data><Data name="ALTITUDE"><value>0m</value></Data><Data name="LOCATION"><value>G</value></Data><Data name="ACCURACY"><value>3m</value></Data><Data name="DISTANCE"><value>-1m</value></Data><Data name="SITE BEARING"><value>1000deg</value></Data><Data name="ANTENNA BEARING"><value>1000deg</value></Data><Data name="CELLHEX"><value>12</value></Data><Data name="NODEHEX"><value>0</value></Data><Data name="LACHEX"><value>1</value></Data><Data name="RAWCELLID"><value>18</value></Data><Data name="TIME"><value>2026.08.18_16.43.38</value></Data><Data name="NEI1"><value>TECH:5G CELLID:18 LAC:1 CELL:2 ARFCN:644640 LEVEL:-105 QUAL:-11 </value></Data><Data name="NEI2"><value>TECH:5G CELLID:17 LAC:1 CELL:1 ARFCN:637248 LEVEL:-111 QUAL:-12 </value></Data><Data name="NEI3"><value></value></Data><Data name="NEI4"><value></value></Data><Data name="NEI5"><value></value></Data><Data name="NEI6"><value></value></Data></ExtendedData><Style><LabelStyle><scale>0.0</scale> </LabelStyle><IconStyle><color>FFFF00FF</color><scale>0.5</scale><Icon><href>http://maps.google.com/mapfiles/kml/shapes/shaded_dot.png</href></Icon></IconStyle></Style><Point><coordinates>-75.75677042,39.66703266,0</coordinates></Point></Placemark><Placemark><name>5G</name><ExtendedData><Data name="CGI"><value>3150100000100018</value></Data><Data name="CELLNAME"><value></value></Data><Data name="CELLID"><value>18</value></Data><Data name="RNC"><value>0</value></Data><Data name="TAC"><value>1</value></Data><Data name="TECHNOLOGY"><value>5G NSA</value></Data><Data name="MODE"><value>5G</value></Data><Data name="ARFCN"><value>644640</value></Data><Data name="BAND"><value>N48</value></Data><Data name="BANDWIDTH"><value></value></Data><Data name="CA"><value>false</value></Data><Data name="NR state"><value></value></Data><Data name="RSRP"><value>-105 dBm</value></Data><Data name="RSRQ"><value>-11</value></Data><Data name="LAYER"><value>1</value></Data><Data name="PC"><value>2</value></Data><Data name="DL_BITRATE"><value>4 kbps</value></Data><Data name="UL_BITRATE"><value>3 kbps</value></Data><Data name="IP"><value>10.120.121.23</value></Data><Data name="SNR"><value>13.0</value></Data><Data name="PHONE STATE"><value>D</value></Data><Data name="IMEI"><value></value></Data><Data name="SPEED"><value>17 km/h</value></Data><Data name="HEIGHT"><value>0m</value></Data><Data name="ALTITUDE"><value>0m</value></Data><Data name="LOCATION"><value>G</value></Data><Data name="ACCURACY"><value>3m</value></Data><Data name="DISTANCE"><value>-1m</value></Data><Data name="SITE BEARING"><value>1000deg</value></Data><Data name="ANTENNA BEARING"><value>1000deg</value></Data><Data name="CELLHEX"><value>12</value></Data><Data name="NODEHEX"><value>0</value></Data><Data name="LACHEX"><value>1</value></Data><Data name="RAWCELLID"><value>18</value></Data><Data name="TIME"><value>2026.08.18_16.43.41</value></Data><Data name="NEI1"><value>TECH:5G CELLID:18 LAC:1 CELL:2 ARFCN:644640 LEVEL:-105 QUAL:-11 </value></Data><Data name="NEI2"><value>TECH:5G CELLID:17 LAC:1 CELL:1 ARFCN:637248 LEVEL:-109 QUAL:-11 </value></Data><Data name="NEI3"><value></value></Data><Data name="NEI4"><value></value></Data><Data name="NEI5"><value></value></Data><Data name="NEI6"><value></value></Data></ExtendedData><Style><LabelStyle><scale>0.0</scale> </LabelStyle><IconStyle><color>FFFF00FF</color><scale>0.5</scale><Icon><href>http://maps.google.com/mapfiles/kml/shapes/shaded_dot.png</href></Icon></IconStyle></Style><Point><coordinates>-75.75661279,39.66703893,0</coordinates></Point></Placemark><Placemark><name>5G</name><ExtendedData><Data name="CGI"><value>3150100000100018</value></Data><Data name="CELLNAME"><value></value></Data><Data name="CELLID"><value>18</value></Data><Data name="RNC"><value>0</value></Data><Data name="TAC"><value>1</value></Data><Data name="TECHNOLOGY"><value>5G NSA</value></Data><Data name="MODE"><value>5G</value></Data><Data name="ARFCN"><value>644640</value></Data><Data name="BAND"><value>N48</value></Data><Data name="BANDWIDTH"><value></value></Data><Data name="CA"><value>false</value></Data><Data name="NR state"><value></value></Data><Data name="RSRP"><value>-105 dBm</value></Data><Data name="RSRQ"><value>-11</value></Data><Data name="LAYER"><value>1</value></Data><Data name="PC"><value>2</value></Data><Data name="DL_BITRATE"><value>0 kbps</value></Data><Data name="UL_BITRATE"><value>0 kbps</value></Data><Data name="IP"><value>10.120.121.23</value></Data><Data name="SNR"><value>13.0</value></Data><Data name="PHONE STATE"><value>D</value></Data><Data name="IMEI"><value></value></Data><Data name="SPEED"><value>19 km/h</value></Data><Data name="HEIGHT"><value>0m</value></Data><Data name="ALTITUDE"><value>0m</value></Data><Data name="LOCATION"><value>G</value></Data><Data name="ACCURACY"><value>3m</value></Data><Data name="DISTANCE"><value>-1m</value></Data><Data name="SITE BEARING"><value>1000deg</value></Data><Data name="ANTENNA BEARING"><value>1000deg</value></Data><Data name="CELLHEX"><value>12</value></Data><Data name="NODEHEX"><value>0</value></Data><Data name="LACHEX"><value>1</value></Data><Data name="RAWCELLID"><value>18</value></Data><Data name="TIME"><value>2026.08.18_16.43.43</value></Data><Data name="NEI1"><value>TECH:5G CELLID:18 LAC:1 CELL:2 ARFCN:644640 LEVEL:-105 QUAL:-11 </value></Data><Data name="NEI2"><value>TECH:5G CELLID:17 LAC:1 CELL:1 ARFCN:637248 LEVEL:-108 QUAL:-11 </value></Data><Data name="NEI3"><value></value></Data><Data name="NEI4"><value></value></Data><Data name="NEI5"><value></value></Data><Data name="NEI6"><value></value></Data></ExtendedData><Style><LabelStyle><scale>0.0</scale> </LabelStyle><IconStyle><color>FFFF00FF</color><scale>0.5</scale><Icon><href>http://maps.google.com/mapfiles/kml/shapes/shaded_dot.png</href></Icon></IconStyle></Style><Point><coordinates>-75.75657193,39.66694349,0</coordinates></Point></Placemark><Placemark><name>5G</name><ExtendedData><Data name="CGI"><value>3150100000100018</value></Data><Data name="CELLNAME"><value></value></Data><Data name="CELLID"><value>18</value></Data><Data name="RNC"><value>0</value></Data><Data name="TAC"><value>1</value></Data><Data name="TECHNOLOGY"><value>5G NSA</value></Data><Data name="MODE"><value>5G</value></Data><Data name="ARFCN"><value>644640</value></Data><Data name="BAND"><value>N48</value></Data><Data name="BANDWIDTH"><value></value></Data><Data name="CA"><value>false</value></Data><Data name="NR state"><value></value></Data><Data name="RSRP"><value>-105 dBm</value></Data><Data name="RSRQ"><value>-11</value></Data><Data name="LAYER"><value>1</value></Data><Data name="PC"><value>2</value></Data><Data name="DL_BITRATE"><value>0 kbps</value></Data><Data name="UL_BITRATE"><value>0 kbps</value></Data><Data name="IP"><value>10.120.121.23</value></Data><Data name="SNR"><value>13.0</value></Data><Data name="PHONE STATE"><value>I</value></Data><Data name="IMEI"><value></value></Data><Data name="SPEED"><value>24 km/h</value></Data><Data name="HEIGHT"><value>-1m</value></Data><Data name="ALTITUDE"><value>-1m</value></Data><Data name="LOCATION"><value>G</value></Data><Data name="ACCURACY"><value>3m</value></Data><Data name="DISTANCE"><value>-1m</value></Data><Data name="SITE BEARING"><value>1000deg</value></Data><Data name="ANTENNA BEARING"><value>1000deg</value></Data><Data name="CELLHEX"><value>12</value></Data><Data name="NODEHEX"><value>0</value></Data><Data name="LACHEX"><value>1</value></Data><Data name="RAWCELLID"><value>18</value></Data><Data name="TIME"><value>2026.08.18_16.43.45</value></Data><Data name="NEI1"><value>TECH:5G CELLID:18 LAC:1 CELL:2 ARFCN:644640 LEVEL:-105 QUAL:-11 </value></Data><Data name="NEI2"><value>TECH:5G CELLID:17 LAC:1 CELL:1 ARFCN:637248 LEVEL:-107 QUAL:-11 </value></Data><Data name="NEI3"><value></value></Data><Data name="NEI4"><value></value></Data><Data name="NEI5"><value></value></Data><Data name="NEI6"><value></value></Data></ExtendedData><Style><LabelStyle><scale>0.0</scale> </LabelStyle><IconStyle><color>FFFF00FF</color><scale>0.5</scale><Icon><href>http://maps.google.com/mapfiles/kml/shapes/shaded_dot.png</href></Icon></IconStyle></Style><Point><coordinates>-75.75656194,39.66681248,0</coordinates></Point></Placemark><Placemark><name>5G</name><ExtendedData><Data name="CGI"><value>3150100000100018</value></Data><Data name="CELLNAME"><value></value></Data><Data name="CELLID"><value>18</value></Data><Data name="RNC"><value>0</value></Data><Data name="TAC"><value>1</value></Data><Data name="TECHNOLOGY"><value>5G NSA</value></Data><Data name="MODE"><value>5G</value></Data><Data name="ARFCN"><value>644640</value></Data><Data name="BAND"><value>N48</value></Data><Data name="BANDWIDTH"><value></value></Data><Data name="CA"><value>false</value></Data><Data name="NR state"><value></value></Data><Data name="RSRP"><value>-105 dBm</value></Data><Data name="RSRQ"><value>-11</value></Data><Data name="LAYER"><value>1</value></Data><Data name="PC"><value>2</value></Data><Data name="DL_BITRATE"><value>0 kbps</value></Data><Data name="UL_BITRATE"><value>0 kbps</value></Data><Data name="IP"><value>10.120.121.23</value></Data><Data name="SNR"><value>13.0</value></Data><Data name="PHONE STATE"><value>I</value></Data><Data name="IMEI"><value></value></Data><Data name="SPEED"><value>22 km/h</value></Data><Data name="HEIGHT"><value>-2m</value></Data><Data name="ALTITUDE"><value>-2m</value></Data><Data name="LOCATION"><value>G</value></Data><Data name="ACCURACY"><value>3m</value></Data><Data name="DISTANCE"><value>-1m</value></Data><Data name="SITE BEARING"><value>1000deg</value></Data><Data name="ANTENNA BEARING"><value>1000deg</value></Data><Data name="CELLHEX"><value>12</value></Data><Data name="NODEHEX"><value>0</value></Data><Data name="LACHEX"><value>1</value></Data><Data name="RAWCELLID"><value>18</value></Data><Data name="TIME"><value>2026.08.18_16.43.47</value></Data><Data name="NEI1"><value>TECH:5G CELLID:18 LAC:1 CELL:2 ARFCN:644640 LEVEL:-105 QUAL:-11 </value></Data><Data name="NEI2"><value>TECH:5G CELLID:17 LAC:1 CELL:1 ARFCN:637248 LEVEL:-107 QUAL:-11 </value></Data><Data name="NEI3"><value></value></Data><Data name="NEI4"><value></value></Data><Data name="NEI5"><value></value></Data><Data name="NEI6"><value></value></Data></ExtendedData><Style><LabelStyle><scale>0.0</scale> </LabelStyle><IconStyle><color>FFFF00FF</color><scale>0.5</scale><Icon><href>http://maps.google.com/mapfiles/kml/shapes/shaded_dot.png</href></Icon></IconStyle></Style><Point><coordinates>-75.75655069,39.66669056,0</coordinates></Point></Placemark><Placemark><name>5G</name><ExtendedData><Data name="CGI"><value>3150100000100018</value></Data><Data name="CELLNAME"><value></value></Data><Data name="CELLID"><value>18</value></Data><Data name="RNC"><value>0</value></Data><Data name="TAC"><value>1</value></Data><Data name="TECHNOLOGY"><value>5G NSA</value></Data><Data name="MODE"><value>5G</value></Data><Data name="ARFCN"><value>644640</value></Data><Data name="BAND"><value>N48</value></Data><Data name="BANDWIDTH"><value></value></Data><Data name="CA"><value>false</value></Data><Data name="NR state"><value></value></Data><Data name="RSRP"><value>-105 dBm</value></Data><Data name="RSRQ"><value>-11</value></Data><Data name="LAYER"><value>1</value></Data><Data name="PC"><value>2</value></Data><Data name="DL_BITRATE"><value>0 kbps</value></Data><Data name="UL_BITRATE"><value>0 kbps</value></Data><Data name="IP"><value>10.120.121.23</value></Data><Data name="SNR"><value>13.0</value></Data><Data name="PHONE STATE"><value>I</value></Data><Data name="IMEI"><value></value></Data><Data name="SPEED"><value>17 km/h</value></Data><Data name="HEIGHT"><value>-1m</value></Data><Data name="ALTITUDE"><value>-1m</value></Data><Data name="LOCATION"><value>G</value></Data><Data name="ACCURACY"><value>3m</value></Data><Data name="DISTANCE"><value>-1m</value></Data><Data name="SITE BEARING"><value>1000deg</value></Data><Data name="ANTENNA BEARING"><value>1000deg</value></Data><Data name="CELLHEX"><value>12</value></Data><Data name="NODEHEX"><value>0</value></Data><Data name="LACHEX"><value>1</value></Data><Data name="RAWCELLID"><value>18</value></Data><Data name="TIME"><value>2026.08.18_16.43.49</value></Data><Data name="NEI1"><value>TECH:5G CELLID:18 LAC:1 CELL:2 ARFCN:644640 LEVEL:-105 QUAL:-11 </value></Data><Data name="NEI2"><value>TECH:5G CELLID:17 LAC:1 CELL:1 ARFCN:637248 LEVEL:-108 QUAL:-11 </value></Data><Data name="NEI3"><value></value></Data><Data name="NEI4"><value></value></Data><Data name="NEI5"><value></value></Data><Data name="NEI6"><value></value></Data></ExtendedData><Style><LabelStyle><scale>0.0</scale> </LabelStyle><IconStyle><color>FFFF00FF</color><scale>0.5</scale><Icon><href>http://maps.google.com/mapfiles/kml/shapes/shaded_dot.png</href></Icon></IconStyle></Style><Point><coordinates>-75.756553,39.66659955,0</coordinates></Point></Placemark><Placemark><name>5G</name><ExtendedData><Data name="CGI"><value>3150100000100018</value></Data><Data name="CELLNAME"><value></value></Data><Data name="CELLID"><value>18</value></Data><Data name="RNC"><value>0</value></Data><Data name="TAC"><value>1</value></Data><Data name="TECHNOLOGY"><value>5G NSA</value></Data><Data name="MODE"><value>5G</value></Data><Data name="ARFCN"><value>644640</value></Data><Data name="BAND"><value>N48</value></Data><Data name="BANDWIDTH"><value></value></Data><Data name="CA"><value>false</value></Data><Data name="NR state"><value></value></Data><Data name="RSRP"><value>-105 dBm</value></Data><Data name="RSRQ"><value>-11</value></Data><Data name="LAYER"><value>1</value></Data><Data name="PC"><value>2</value></Data><Data name="DL_BITRATE"><value>0 kbps</value></Data><Data name="UL_BITRATE"><value>0 kbps</value></Data><Data name="IP"><value>10.120.121.23</value></Data><Data name="SNR"><value>13.0</value></Data><Data name="PHONE STATE"><value>I</value></Data><Data name="IMEI"><value></value></Data><Data name="SPEED"><value>19 km/h</value></Data><Data name="HEIGHT"><value>-2m</value></Data><Data name="ALTITUDE"><value>-2m</value></Data><Data name="LOCATION"><value>G</value></Data><Data name="ACCURACY"><value>3m</value></Data><Data name="DISTANCE"><value>-1m</value></Data><Data name="SITE BEARING"><value>1000deg</value></Data><Data name="ANTENNA BEARING"><value>1000deg</value></Data><Data name="CELLHEX"><value>12</value></Data><Data name="NODEHEX"><value>0</value></Data><Data name="LACHEX"><value>1</value></Data><Data name="RAWCELLID"><value>18</value></Data><Data name="TIME"><value>2026.08.18_16.43.51</value></Data><Data name="NEI1"><value>TECH:5G CELLID:17 LAC:1 CELL:1 ARFCN:637248 LEVEL:-102 QUAL:-11 </value></Data><Data name="NEI2"><value>TECH:5G CELLID:18 LAC:1 CELL:2 ARFCN:644640 LEVEL:-105 QUAL:-11 </value></Data><Data name="NEI3"><value></value></Data><Data name="NEI4"><value></value></Data><Data name="NEI5"><value></value></Data><Data name="NEI6"><value></value></Data></ExtendedData><Style><LabelStyle><scale>0.0</scale> </LabelStyle><IconStyle><color>FFFF00FF</color><scale>0.5</scale><Icon><href>http://maps.google.com/mapfiles/kml/shapes/shaded_dot.png</href></Icon></IconStyle></Style><Point><coordinates>-75.75663881,39.66653102,0</coordinates></Point></Placemark><Placemark><name>5G</name><ExtendedData><Data name="CGI"><value>3150100000100018</value></Data><Data name="CELLNAME"><value></value></Data><Data name="CELLID"><value>18</value></Data><Data name="RNC"><value>0</value></Data><Data name="TAC"><value>1</value></Data><Data name="TECHNOLOGY"><value>5G NSA</value></Data><Data name="MODE"><value>5G</value></Data><Data name="ARFCN"><value>644640</value></Data><Data name="BAND"><value>N48</value></Data><Data name="BANDWIDTH"><value></value></Data><Data name="CA"><value>false</value></Data><Data name="NR state"><value></value></Data><Data name="RSRP"><value>-105 dBm</value></Data><Data name="RSRQ"><value>-11</value></Data><Data name="LAYER"><value>1</value></Data><Data name="PC"><value>2</value></Data><Data name="DL_BITRATE"><value>0 kbps</value></Data><Data name="UL_BITRATE"><value>0 kbps</value></Data><Data name="IP"><value>10.120.121.23</value></Data><Data name="SNR"><value>13.0</value></Data><Data name="PHONE STATE"><value>I</value></Data><Data name="IMEI"><value></value></Data><Data name="SPEED"><value>28 km/h</value></Data><Data name="HEIGHT"><value>-2m</value></Data><Data name="ALTITUDE"><value>-2m</value></Data><Data name="LOCATION"><value>G</value></Data><Data name="ACCURACY"><value>3m</value></Data><Data name="DISTANCE"><value>-1m</value></Data><Data name="SITE BEARING"><value>1000deg</value></Data><Data name="ANTENNA BEARING"><value>1000deg</value></Data><Data name="CELLHEX"><value>12</value></Data><Data name="NODEHEX"><value>0</value></Data><Data name="LACHEX"><value>1</value></Data><Data name="RAWCELLID"><value>18</value></Data><Data name="TIME"><value>2026.08.18_16.43.53</value></Data><Data name="NEI1"><value>TECH:5G CELLID:18 LAC:1 CELL:2 ARFCN:644640 LEVEL:-105 QUAL:-11 </value></Data><Data name="NEI2"><value>TECH:5G CELLID:17 LAC:1 CELL:1 ARFCN:637248 LEVEL:-105 QUAL:-11 </value></Data><Data name="NEI3"><value></value></Data><Data name="NEI4"><value></value></Data><Data name="NEI5"><value></value></Data><Data name="NEI6"><value></value></Data></ExtendedData><Style><LabelStyle><scale>0.0</scale> </LabelStyle><IconStyle><color>FFFF00FF</color><scale>0.5</scale><Icon><href>http://maps.google.com/mapfiles/kml/shapes/shaded_dot.png</href></Icon></IconStyle></Style><Point><coordinates>-75.75679439,39.666465,0</coordinates></Point></Placemark><Placemark><name>5G</name><ExtendedData><Data name="CGI"><value>3150100000100018</value></Data><Data name="CELLNAME"><value></value></Data><Data name="CELLID"><value>18</value></Data><Data name="RNC"><value>0</value></Data><Data name="TAC"><value>1</value></Data><Data name="TECHNOLOGY"><value>5G NSA</value></Data><Data name="MODE"><value>5G</value></Data><Data name="ARFCN"><value>644640</value></Data><Data name="BAND"><value>N48</value></Data><Data name="BANDWIDTH"><value></value></Data><Data name="CA"><value>false</value></Data><Data name="NR state"><value></value></Data><Data name="RSRP"><value>-105 dBm</value></Data><Data name="RSRQ"><value>-11</value></Data><Data name="LAYER"><value>1</value></Data><Data name="PC"><value>2</value></Data><Data name="DL_BITRATE"><value>0 kbps</value></Data><Data name="UL_BITRATE"><value>0 kbps</value></Data><Data name="IP"><value>10.120.121.23</value></Data><Data name="SNR"><value>13.0</value></Data><Data name="PHONE STATE"><value>I</value></Data><Data name="IMEI"><value></value></Data><Data name="SPEED"><value>35 km/h</value></Data><Data name="HEIGHT"><value>-2m</value></Data><Data name="ALTITUDE"><value>-2m</value></Data><Data name="LOCATION"><value>G</value></Data><Data name="ACCURACY"><value>3m</value></Data><Data name="DISTANCE"><value>-1m</value></Data><Data name="SITE BEARING"><value>1000deg</value></Data><Data name="ANTENNA BEARING"><value>1000deg</value></Data><Data name="CELLHEX"><value>12</value></Data><Data name="NODEHEX"><value>0</value></Data><Data name="LACHEX"><value>1</value></Data><Data name="RAWCELLID"><value>18</value></Data><Data name="TIME"><value>2026.08.18_16.43.55</value></Data><Data name="NEI1"><value>TECH:5G CELLID:18 LAC:1 CELL:2 ARFCN:644640 LEVEL:-105 QUAL:-11 </value></Data><Data name="NEI2"><value>TECH:5G CELLID:17 LAC:1 CELL:1 ARFCN:637248 LEVEL:-106 QUAL:-11 </value></Data><Data name="NEI3"><value></value></Data><Data name="NEI4"><value></value></Data><Data name="NEI5"><value></value></Data><Data name="NEI6"><value></value></Data></ExtendedData><Style><LabelStyle><scale>0.0</scale> </LabelStyle><IconStyle><color>FFFF00FF</color><scale>0.5</scale><Icon><href>http://maps.google.com/mapfiles/kml/shapes/shaded_dot.png</href></Icon></IconStyle></Style><Point><coordinates>-75.75698953,39.66638682,0</coordinates></Point></Placemark><Placemark><name>5G</name><ExtendedData><Data name="CGI"><value>3150100000100018</value></Data><Data name="CELLNAME"><value></value></Data><Data name="CELLID"><value>18</value></Data><Data name="RNC"><value>0</value></Data><Data name="TAC"><value>1</value></Data><Data name="TECHNOLOGY"><value>5G NSA</value></Data><Data name="MODE"><value>5G</value></Data><Data name="ARFCN"><value>644640</value></Data><Data name="BAND"><value>N48</value></Data><Data name="BANDWIDTH"><value></value></Data><Data name="CA"><value>false</value></Data><Data name="NR state"><value></value></Data><Data name="RSRP"><value>-105 dBm</value></Data><Data name="RSRQ"><value>-11</value></Data><Data name="LAYER"><value>1</value></Data><Data name="PC"><value>2</value></Data><Data name="DL_BITRATE"><value>0 kbps</value></Data><Data name="UL_BITRATE"><value>0 kbps</value></Data><Data name="IP"><value>10.120.121.23</value></Data><Data name="SNR"><value>13.0</value></Data><Data name="PHONE STATE"><value>I</value></Data><Data name="IMEI"><value></value></Data><Data name="SPEED"><value>37 km/h</value></Data><Data name="HEIGHT"><value>-2m</value></Data><Data name="ALTITUDE"><value>-2m</value></Data><Data name="LOCATION"><value>G</value></Data><Data name="ACCURACY"><value>3m</value></Data><Data name="DISTANCE"><value>-1m</value></Data><Data name="SITE BEARING"><value>1000deg</value></Data><Data name="ANTENNA BEARING"><value>1000deg</value></Data><Data name="CELLHEX"><value>12</value></Data><Data name="NODEHEX"><value>0</value></Data><Data name="LACHEX"><value>1</value></Data><Data name="RAWCELLID"><value>18</value></Data><Data name="TIME"><value>2026.08.18_16.43.56</value></Data><Data name="NEI1"><value>TECH:5G CELLID:18 LAC:1 CELL:2 ARFCN:644640 LEVEL:-105 QUAL:-11 </value></Data><Data name="NEI2"><value>TECH:5G CELLID:17 LAC:1 CELL:1 ARFCN:637248 LEVEL:-106 QUAL:-11 </value></Data><Data name="NEI3"><value></value></Data><Data name="NEI4"><value></value></Data><Data name="NEI5"><value></value></Data><Data name="NEI6"><value></value></Data></ExtendedData><Style><LabelStyle><scale>0.0</scale> </LabelStyle><IconStyle><color>FFFF00FF</color><scale>0.5</scale><Icon><href>http://maps.google.com/mapfiles/kml/shapes/shaded_dot.png</href></Icon></IconStyle></Style><Point><coordinates>-75.75709962,39.66634109,0</coordinates></Point></Placemark><Placemark><name>5G</name><ExtendedData><Data name="CGI"><value>3150100000100018</value></Data><Data name="CELLNAME"><value></value></Data><Data name="CELLID"><value>18</value></Data><Data name="RNC"><value>0</value></Data><Data name="TAC"><value>1</value></Data><Data name="TECHNOLOGY"><value>5G NSA</value></Data><Data name="MODE"><value>5G</value></Data><Data name="ARFCN"><value>644640</value></Data><Data name="BAND"><value>N48</value></Data><Data name="BANDWIDTH"><value></value></Data><Data name="CA"><value>false</value></Data><Data name="NR state"><value></value></Data><Data name="RSRP"><value>-105 dBm</value></Data><Data name="RSRQ"><value>-11</value></Data><Data name="LAYER"><value>1</value></Data><Data name="PC"><value>2</value></Data><Data name="DL_BITRATE"><value>0 kbps</value></Data><Data name="UL_BITRATE"><value>0 kbps</value></Data><Data name="IP"><value>10.120.121.23</value></Data><Data name="SNR"><value>13.0</value></Data><Data name="PHONE STATE"><value>I</value></Data><Data name="IMEI"><value></value></Data><Data name="SPEED"><value>40 km/h</value></Data><Data name="HEIGHT"><value>-3m</value></Data><Data name="ALTITUDE"><value>-3m</value></Data><Data name="LOCATION"><value>G</value></Data><Data name="ACCURACY"><value>3m</value></Data><Data name="DISTANCE"><value>-1m</value></Data><Data name="SITE BEARING"><value>1000deg</value></Data><Data name="ANTENNA BEARING"><value>1000deg</value></Data><Data name="CELLHEX"><value>12</value></Data><Data name="NODEHEX"><value>0</value></Data><Data name="LACHEX"><value>1</value></Data><Data name="RAWCELLID"><value>18</value></Data><Data name="TIME"><value>2026.08.18_16.43.57</value></Data><Data name="NEI1"><value>TECH:5G CELLID:17 LAC:1 CELL:1 ARFCN:637248 LEVEL:-99 QUAL:-11 </value></Data><Data name="NEI2"><value>TECH:5G CELLID:18 LAC:1 CELL:2 ARFCN:644640 LEVEL:-105 QUAL:-11 </value></Data><Data name="NEI3"><value></value></Data><Data name="NEI4"><value></value></Data><Data name="NEI5"><value></value></Data><Data name="NEI6"><value></value></Data></ExtendedData><Style><LabelStyle><scale>0.0</scale> </LabelStyle><IconStyle><color>FFFF00FF</color><scale>0.5</scale><Icon><href>http://maps.google.com/mapfiles/kml/shapes/shaded_dot.png</href></Icon></IconStyle></Style><Point><coordinates>-75.7572172,39.66629358,0</coordinates></Point></Placemark><Placemark><name>5G</name><ExtendedData><Data name="CGI"><value>3150100000100018</value></Data><Data name="CELLNAME"><value></value></Data><Data name="CELLID"><value>18</value></Data><Data name="RNC"><value>0</value></Data><Data name="TAC"><value>1</value></Data><Data name="TECHNOLOGY"><value>5G NSA</value></Data><Data name="MODE"><value>5G</value></Data><Data name="ARFCN"><value>644640</value></Data><Data name="BAND"><value>N48</value></Data><Data name="BANDWIDTH"><value></value></Data><Data name="CA"><value>false</value></Data><Data name="NR state"><value></value></Data><Data name="RSRP"><value>-105 dBm</value></Data><Data name="RSRQ"><value>-11</value></Data><Data name="LAYER"><value>1</value></Data><Data name="PC"><value>2</value></Data><Data name="DL_BITRATE"><value>0 kbps</value></Data><Data name="UL_BITRATE"><value>0 kbps</value></Data><Data name="IP"><value>10.120.121.23</value></Data><Data name="SNR"><value>13.0</value></Data><Data name="PHONE STATE"><value>I</value></Data><Data name="IMEI"><value></value></Data><Data name="SPEED"><value>41 km/h</value></Data><Data name="HEIGHT"><value>-3m</value></Data><Data name="ALTITUDE"><value>-3m</value></Data><Data name="LOCATION"><value>G</value></Data><Data name="ACCURACY"><value>3m</value></Data><Data name="DISTANCE"><value>-1m</value></Data><Data name="SITE BEARING"><value>1000deg</value></Data><Data name="ANTENNA BEARING"><value>1000deg</value></Data><Data name="CELLHEX"><value>12</value></Data><Data name="NODEHEX"><value>0</value></Data><Data name="LACHEX"><value>1</value></Data><Data name="RAWCELLID"><value>18</value></Data><Data name="TIME"><value>2026.08.18_16.43.58</value></Data><Data name="NEI1"><value>TECH:5G CELLID:17 LAC:1 CELL:1 ARFCN:637248 LEVEL:-99 QUAL:-11 </value></Data><Data name="NEI2"><value>TECH:5G CELLID:18 LAC:1 CELL:2 ARFCN:644640 LEVEL:-105 QUAL:-11 </value></Data><Data name="NEI3"><value></value></Data><Data name="NEI4"><value></value></Data><Data name="NEI5"><value></value></Data><Data name="NEI6"><value></value></Data></ExtendedData><Style><LabelStyle><scale>0.0</scale> </LabelStyle><IconStyle><color>FFFF00FF</color><scale>0.5</scale><Icon><href>http://maps.google.com/mapfiles/kml/shapes/shaded_dot.png</href></Icon></IconStyle></Style><Point><coordinates>-75.75733534,39.66624344,0</coordinates></Point></Placemark><Placemark><name>5G</name><ExtendedData><Data name="CGI"><value>3150100000100018</value></Data><Data name="CELLNAME"><value></value></Data><Data name="CELLID"><value>18</value></Data><Data name="RNC"><value>0</value></Data><Data name="TAC"><value>1</value></Data><Data name="TECHNOLOGY"><value>5G NSA</value></Data><Data name="MODE"><value>5G</value></Data><Data name="ARFCN"><value>644640</value></Data><Data name="BAND"><value>N48</value></Data><Data name="BANDWIDTH"><value></value></Data><Data name="CA"><value>false</value></Data><Data name="NR state"><value></value></Data><Data name="RSRP"><value>-105 dBm</value></Data><Data name="RSRQ"><value>-11</value></Data><Data name="LAYER"><value>1</value></Data><Data name="PC"><value>2</value></Data><Data name="DL_BITRATE"><value>0 kbps</value></Data><Data name="UL_BITRATE"><value>0 kbps</value></Data><Data name="IP"><value>10.120.121.23</value></Data><Data name="SNR"><value>13.0</value></Data><Data name="PHONE STATE"><value>I</value></Data><Data name="IMEI"><value></value></Data><Data name="SPEED"><value>42 km/h</value></Data><Data name="HEIGHT"><value>-3m</value></Data><Data name="ALTITUDE"><value>-3m</value></Data><Data name="LOCATION"><value>G</value></Data><Data name="ACCURACY"><value>3m</value></Data><Data name="DISTANCE"><value>-1m</value></Data><Data name="SITE BEARING"><value>1000deg</value></Data><Data name="ANTENNA BEARING"><value>1000deg</value></Data><Data name="CELLHEX"><value>12</value></Data><Data name="NODEHEX"><value>0</value></Data><Data name="LACHEX"><value>1</value></Data><Data name="RAWCELLID"><value>18</value></Data><Data name="TIME"><value>2026.08.18_16.43.59</value></Data><Data name="NEI1"><value>TECH:5G CELLID:17 LAC:1 CELL:1 ARFCN:637248 LEVEL:-99 QUAL:-11 </value></Data><Data name="NEI2"><value>TECH:5G CELLID:18 LAC:1 CELL:2 ARFCN:644640 LEVEL:-105 QUAL:-11 </value></Data><Data name="NEI3"><value></value></Data><Data name="NEI4"><value></value></Data><Data name="NEI5"><value></value></Data><Data name="NEI6"><value></value></Data></ExtendedData><Style><LabelStyle><scale>0.0</scale> </LabelStyle><IconStyle><color>FFFF00FF</color><scale>0.5</scale><Icon><href>http://maps.google.com/mapfiles/kml/shapes/shaded_dot.png</href></Icon></IconStyle></Style><Point><coordinates>-75.75745608,39.66619494,0</coordinates></Point></Placemark><Placemark><name>5G</name><ExtendedData><Data name="CGI"><value>3150100000100018</value></Data><Data name="CELLNAME"><value></value></Data><Data name="CELLID"><value>18</value></Data><Data name="RNC"><value>0</value></Data><Data name="TAC"><value>1</value></Data><Data name="TECHNOLOGY"><value>5G NSA</value></Data><Data name="MODE"><value>5G</value></Data><Data name="ARFCN"><value>644640</value></Data><Data name="BAND"><value>N48</value></Data><Data name="BANDWIDTH"><value></value></Data><Data name="CA"><value>false</value></Data><Data name="NR state"><value></value></Data><Data name="RSRP"><value>-105 dBm</value></Data><Data name="RSRQ"><value>-11</value></Data><Data name="LAYER"><value>1</value></Data><Data name="PC"><value>2</value></Data><Data name="DL_BITRATE"><value>0 kbps</value></Data><Data name="UL_BITRATE"><value>0 kbps</value></Data><Data name="IP"><value>10.120.121.23</value></Data><Data name="SNR"><value>13.0</value></Data><Data name="PHONE STATE"><value>I</value></Data><Data name="IMEI"><value></value></Data><Data name="SPEED"><value>42 km/h</value></Data><Data name="HEIGHT"><value>-3m</value></Data><Data name="ALTITUDE"><value>-3m</value></Data><Data name="LOCATION"><value>G</value></Data><Data name="ACCURACY"><value>3m</value></Data><Data name="DISTANCE"><value>-1m</value></Data><Data name="SITE BEARING"><value>1000deg</value></Data><Data name="ANTENNA BEARING"><value>1000deg</value></Data><Data name="CELLHEX"><value>12</value></Data><Data name="NODEHEX"><value>0</value></Data><Data name="LACHEX"><value>1</value></Data><Data name="RAWCELLID"><value>18</value></Data><Data name="TIME"><value>2026.08.18_16.44.00</value></Data><Data name="NEI1"><value>TECH:5G CELLID:17 LAC:1 CELL:1 ARFCN:637248 LEVEL:-99 QUAL:-11 </value></Data><Data name="NEI2"><value>TECH:5G CELLID:18 LAC:1 CELL:2 ARFCN:644640 LEVEL:-105 QUAL:-11 </value></Data><Data name="NEI3"><value></value></Data><Data name="NEI4"><value></value></Data><Data name="NEI5"><value></value></Data><Data name="NEI6"><value></value></Data></ExtendedData><Style><LabelStyle><scale>0.0</scale> </LabelStyle><IconStyle><color>FFFF00FF</color><scale>0.5</scale><Icon><href>http://maps.google.com/mapfiles/kml/shapes/shaded_dot.png</href></Icon></IconStyle></Style><Point><coordinates>-75.757576,39.66614868,0</coordinates></Point></Placemark><Placemark><name>5G</name><ExtendedData><Data name="CGI"><value>3150100000100018</value></Data><Data name="CELLNAME"><value></value></Data><Data name="CELLID"><value>18</value></Data><Data name="RNC"><value>0</value></Data><Data name="TAC"><value>1</value></Data><Data name="TECHNOLOGY"><value>5G NSA</value></Data><Data name="MODE"><value>5G</value></Data><Data name="ARFCN"><value>644640</value></Data><Data name="BAND"><value>N48</value></Data><Data name="BANDWIDTH"><value></value></Data><Data name="CA"><value>false</value></Data><Data name="NR state"><value></value></Data><Data name="RSRP"><value>-105 dBm</value></Data><Data name="RSRQ"><value>-11</value></Data><Data name="LAYER"><value>1</value></Data><Data name="PC"><value>2</value></Data><Data name="DL_BITRATE"><value>0 kbps</value></Data><Data name="UL_BITRATE"><value>0 kbps</value></Data><Data name="IP"><value>10.120.121.23</value></Data><Data name="SNR"><value>13.0</value></Data><Data name="PHONE STATE"><value>I</value></Data><Data name="IMEI"><value></value></Data><Data name="SPEED"><value>41 km/h</value></Data><Data name="HEIGHT"><value>-3m</value></Data><Data name="ALTITUDE"><value>-3m</value></Data><Data name="LOCATION"><value>G</value></Data><Data name="ACCURACY"><value>3m</value></Data><Data name="DISTANCE"><value>-1m</value></Data><Data name="SITE BEARING"><value>1000deg</value></Data><Data name="ANTENNA BEARING"><value>1000deg</value></Data><Data name="CELLHEX"><value>12</value></Data><Data name="NODEHEX"><value>0</value></Data><Data name="LACHEX"><value>1</value></Data><Data name="RAWCELLID"><value>18</value></Data><Data name="TIME"><value>2026.08.18_16.44.01</value></Data><Data name="NEI1"><value>TECH:5G CELLID:17 LAC:1 CELL:1 ARFCN:637248 LEVEL:-95 QUAL:-11 </value></Data><Data name="NEI2"><value>TECH:5G CELLID:18 LAC:1 CELL:2 ARFCN:644640 LEVEL:-105 QUAL:-11 </value></Data><Data name="NEI3"><value></value></Data><Data name="NEI4"><value></value></Data><Data name="NEI5"><value></value></Data><Data name="NEI6"><value></value></Data></ExtendedData><Style><LabelStyle><scale>0.0</scale> </LabelStyle><IconStyle><color>FFFF00FF</color><scale>0.5</scale><Icon><href>http://maps.google.com/mapfiles/kml/shapes/shaded_dot.png</href></Icon></IconStyle></Style><Point><coordinates>-75.75769657,39.66610251,0</coordinates></Point></Placemark><Placemark><name>5G</name><ExtendedData><Data name="CGI"><value>3150100000100018</value></Data><Data name="CELLNAME"><value></value></Data><Data name="CELLID"><value>18</value></Data><Data name="RNC"><value>0</value></Data><Data name="TAC"><value>1</value></Data><Data name="TECHNOLOGY"><value>5G NSA</value></Data><Data name="MODE"><value>5G</value></Data><Data name="ARFCN"><value>644640</value></Data><Data name="BAND"><value>N48</value></Data><Data name="BANDWIDTH"><value></value></Data><Data name="CA"><value>false</value></Data><Data name="NR state"><value></value></Data><Data name="RSRP"><value>-105 dBm</value></Data><Data name="RSRQ"><value>-11</value></Data><Data name="LAYER"><value>1</value></Data><Data name="PC"><value>2</value></Data><Data name="DL_BITRATE"><value>0 kbps</value></Data><Data name="UL_BITRATE"><value>0 kbps</value></Data><Data name="IP"><value>10.120.121.23</value></Data><Data name="SNR"><value>13.0</value></Data><Data name="PHONE STATE"><value>I</value></Data><Data name="IMEI"><value></value></Data><Data name="SPEED"><value>39 km/h</value></Data><Data name="HEIGHT"><value>-3m</value></Data><Data name="ALTITUDE"><value>-3m</value></Data><Data name="LOCATION"><value>G</value></Data><Data name="ACCURACY"><value>3m</value></Data><Data name="DISTANCE"><value>-1m</value></Data><Data name="SITE BEARING"><value>1000deg</value></Data><Data name="ANTENNA BEARING"><value>1000deg</value></Data><Data name="CELLHEX"><value>12</value></Data><Data name="NODEHEX"><value>0</value></Data><Data name="LACHEX"><value>1</value></Data><Data name="RAWCELLID"><value>18</value></Data><Data name="TIME"><value>2026.08.18_16.44.02</value></Data><Data name="NEI1"><value>TECH:5G CELLID:17 LAC:1 CELL:1 ARFCN:637248 LEVEL:-95 QUAL:-11 </value></Data><Data name="NEI2"><value>TECH:5G CELLID:18 LAC:1 CELL:2 ARFCN:644640 LEVEL:-105 QUAL:-11 </value></Data><Data name="NEI3"><value></value></Data><Data name="NEI4"><value></value></Data><Data name="NEI5"><value></value></Data><Data name="NEI6"><value></value></Data></ExtendedData><Style><LabelStyle><scale>0.0</scale> </LabelStyle><IconStyle><color>FFFF00FF</color><scale>0.5</scale><Icon><href>http://maps.google.com/mapfiles/kml/shapes/shaded_dot.png</href></Icon></IconStyle></Style><Point><coordinates>-75.75781216,39.66605897,0</coordinates></Point></Placemark><Placemark><name>5G</name><ExtendedData><Data name="CGI"><value>3150100000100018</value></Data><Data name="CELLNAME"><value></value></Data><Data name="CELLID"><value>18</value></Data><Data name="RNC"><value>0</value></Data><Data name="TAC"><value>1</value></Data><Data name="TECHNOLOGY"><value>5G NSA</value></Data><Data name="MODE"><value>5G</value></Data><Data name="ARFCN"><value>644640</value></Data><Data name="BAND"><value>N48</value></Data><Data name="BANDWIDTH"><value></value></Data><Data name="CA"><value>false</value></Data><Data name="NR state"><value></value></Data><Data name="RSRP"><value>-105 dBm</value></Data><Data name="RSRQ"><value>-11</value></Data><Data name="LAYER"><value>1</value></Data><Data name="PC"><value>2</value></Data><Data name="DL_BITRATE"><value>0 kbps</value></Data><Data name="UL_BITRATE"><value>0 kbps</value></Data><Data name="IP"><value>10.120.121.23</value></Data><Data name="SNR"><value>13.0</value></Data><Data name="PHONE STATE"><value>I</value></Data><Data name="IMEI"><value></value></Data><Data name="SPEED"><value>36 km/h</value></Data><Data name="HEIGHT"><value>-3m</value></Data><Data name="ALTITUDE"><value>-3m</value></Data><Data name="LOCATION"><value>G</value></Data><Data name="ACCURACY"><value>3m</value></Data><Data name="DISTANCE"><value>-1m</value></Data><Data name="SITE BEARING"><value>1000deg</value></Data><Data name="ANTENNA BEARING"><value>1000deg</value></Data><Data name="CELLHEX"><value>12</value></Data><Data name="NODEHEX"><value>0</value></Data><Data name="LACHEX"><value>1</value></Data><Data name="RAWCELLID"><value>18</value></Data><Data name="TIME"><value>2026.08.18_16.44.03</value></Data><Data name="NEI1"><value>TECH:5G CELLID:17 LAC:1 CELL:1 ARFCN:637248 LEVEL:-84 QUAL:-11 </value></Data><Data name="NEI2"><value>TECH:5G CELLID:18 LAC:1 CELL:2 ARFCN:644640 LEVEL:-105 QUAL:-11 </value></Data><Data name="NEI3"><value></value></Data><Data name="NEI4"><value></value></Data><Data name="NEI5"><value></value></Data><Data name="NEI6"><value></value></Data></ExtendedData><Style><LabelStyle><scale>0.0</scale> </LabelStyle><IconStyle><color>FFFF00FF</color><scale>0.5</scale><Icon><href>http://maps.google.com/mapfiles/kml/shapes/shaded_dot.png</href></Icon></IconStyle></Style><Point><coordinates>-75.75791266,39.66601278,0</coordinates></Point></Placemark><Placemark><name>5G</name><ExtendedData><Data name="CGI"><value>3150100000100018</value></Data><Data name="CELLNAME"><value></value></Data><Data name="CELLID"><value>18</value></Data><Data name="RNC"><value>0</value></Data><Data name="TAC"><value>1</value></Data><Data name="TECHNOLOGY"><value>5G NSA</value></Data><Data name="MODE"><value>5G</value></Data><Data name="ARFCN"><value>644640</value></Data><Data name="BAND"><value>N48</value></Data><Data name="BANDWIDTH"><value></value></Data><Data name="CA"><value>false</value></Data><Data name="NR state"><value></value></Data><Data name="RSRP"><value>-105 dBm</value></Data><Data name="RSRQ"><value>-11</value></Data><Data name="LAYER"><value>1</value></Data><Data name="PC"><value>2</value></Data><Data name="DL_BITRATE"><value>0 kbps</value></Data><Data name="UL_BITRATE"><value>0 kbps</value></Data><Data name="IP"><value>10.120.121.23</value></Data><Data name="SNR"><value>13.0</value></Data><Data name="PHONE STATE"><value>I</value></Data><Data name="IMEI"><value></value></Data><Data name="SPEED"><value>32 km/h</value></Data><Data name="HEIGHT"><value>-4m</value></Data><Data name="ALTITUDE"><value>-4m</value></Data><Data name="LOCATION"><value>G</value></Data><Data name="ACCURACY"><value>3m</value></Data><Data name="DISTANCE"><value>-1m</value></Data><Data name="SITE BEARING"><value>1000deg</value></Data><Data name="ANTENNA BEARING"><value>1000deg</value></Data><Data name="CELLHEX"><value>12</value></Data><Data name="NODEHEX"><value>0</value></Data><Data name="LACHEX"><value>1</value></Data><Data name="RAWCELLID"><value>18</value></Data><Data name="TIME"><value>2026.08.18_16.44.05</value></Data><Data name="NEI1"><value>TECH:5G CELLID:17 LAC:1 CELL:1 ARFCN:637248 LEVEL:-97 QUAL:-11 </value></Data><Data name="NEI2"><value>TECH:5G CELLID:18 LAC:1 CELL:2 ARFCN:644640 LEVEL:-105 QUAL:-11 </value></Data><Data name="NEI3"><value></value></Data><Data name="NEI4"><value></value></Data><Data name="NEI5"><value></value></Data><Data name="NEI6"><value></value></Data></ExtendedData><Style><LabelStyle><scale>0.0</scale> </LabelStyle><IconStyle><color>FFFF00FF</color><scale>0.5</scale><Icon><href>http://maps.google.com/mapfiles/kml/shapes/shaded_dot.png</href></Icon></IconStyle></Style><Point><coordinates>-75.75806748,39.66589469,0</coordinates></Point></Placemark><Placemark><name>5G</name><ExtendedData><Data name="CGI"><value>3150100000100018</value></Data><Data name="CELLNAME"><value></value></Data><Data name="CELLID"><value>18</value></Data><Data name="RNC"><value>0</value></Data><Data name="TAC"><value>1</value></Data><Data name="TECHNOLOGY"><value>5G NSA</value></Data><Data name="MODE"><value>5G</value></Data><Data name="ARFCN"><value>644640</value></Data><Data name="BAND"><value>N48</value></Data><Data name="BANDWIDTH"><value></value></Data><Data name="CA"><value>false</value></Data><Data name="NR state"><value></value></Data><Data name="RSRP"><value>-105 dBm</value></Data><Data name="RSRQ"><value>-11</value></Data><Data name="LAYER"><value>1</value></Data><Data name="PC"><value>2</value></Data><Data name="DL_BITRATE"><value>0 kbps</value></Data><Data name="UL_BITRATE"><value>0 kbps</value></Data><Data name="IP"><value>10.120.121.23</value></Data><Data name="SNR"><value>13.0</value></Data><Data name="PHONE STATE"><value>I</value></Data><Data name="IMEI"><value></value></Data><Data name="SPEED"><value>29 km/h</value></Data><Data name="HEIGHT"><value>-4m</value></Data><Data name="ALTITUDE"><value>-4m</value></Data><Data name="LOCATION"><value>G</value></Data><Data name="ACCURACY"><value>3m</value></Data><Data name="DISTANCE"><value>-1m</value></Data><Data name="SITE BEARING"><value>1000deg</value></Data><Data name="ANTENNA BEARING"><value>1000deg</value></Data><Data name="CELLHEX"><value>12</value></Data><Data name="NODEHEX"><value>0</value></Data><Data name="LACHEX"><value>1</value></Data><Data name="RAWCELLID"><value>18</value></Data><Data name="TIME"><value>2026.08.18_16.44.07</value></Data><Data name="NEI1"><value>TECH:5G CELLID:17 LAC:1 CELL:1 ARFCN:637248 LEVEL:-97 QUAL:-11 </value></Data><Data name="NEI2"><value>TECH:5G CELLID:18 LAC:1 CELL:2 ARFCN:644640 LEVEL:-105 QUAL:-11 </value></Data><Data name="NEI3"><value></value></Data><Data name="NEI4"><value></value></Data><Data name="NEI5"><value></value></Data><Data name="NEI6"><value></value></Data></ExtendedData><Style><LabelStyle><scale>0.0</scale> </LabelStyle><IconStyle><color>FFFF00FF</color><scale>0.5</scale><Icon><href>http://maps.google.com/mapfiles/kml/shapes/shaded_dot.png</href></Icon></IconStyle></Style><Point><coordinates>-75.75812351,39.66574876,0</coordinates></Point></Placemark><Placemark><name>5G</name><ExtendedData><Data name="CGI"><value>3150100000100018</value></Data><Data name="CELLNAME"><value></value></Data><Data name="CELLID"><value>18</value></Data><Data name="RNC"><value>0</value></Data><Data name="TAC"><value>1</value></Data><Data name="TECHNOLOGY"><value>5G NSA</value></Data><Data name="MODE"><value>5G</value></Data><Data name="ARFCN"><value>644640</value></Data><Data name="BAND"><value>N48</value></Data><Data name="BANDWIDTH"><value></value></Data><Data name="CA"><value>false</value></Data><Data name="NR state"><value></value></Data><Data name="RSRP"><value>-105 dBm</value></Data><Data name="RSRQ"><value>-11</value></Data><Data name="LAYER"><value>1</value></Data><Data name="PC"><value>2</value></Data><Data name="DL_BITRATE"><value>0 kbps</value></Data><Data name="UL_BITRATE"><value>0 kbps</value></Data><Data name="IP"><value>10.120.121.23</value></Data><Data name="SNR"><value>13.0</value></Data><Data name="PHONE STATE"><value>I</value></Data><Data name="IMEI"><value></value></Data><Data name="SPEED"><value>21 km/h</value></Data><Data name="HEIGHT"><value>-3m</value></Data><Data name="ALTITUDE"><value>-3m</value></Data><Data name="LOCATION"><value>G</value></Data><Data name="ACCURACY"><value>3m</value></Data><Data name="DISTANCE"><value>-1m</value></Data><Data name="SITE BEARING"><value>1000deg</value></Data><Data name="ANTENNA BEARING"><value>1000deg</value></Data><Data name="CELLHEX"><value>12</value></Data><Data name="NODEHEX"><value>0</value></Data><Data name="LACHEX"><value>1</value></Data><Data name="RAWCELLID"><value>18</value></Data><Data name="TIME"><value>2026.08.18_16.44.09</value></Data><Data name="NEI1"><value>TECH:5G CELLID:17 LAC:1 CELL:1 ARFCN:637248 LEVEL:-91 QUAL:-11 </value></Data><Data name="NEI2"><value>TECH:5G CELLID:18 LAC:1 CELL:2 ARFCN:644640 LEVEL:-105 QUAL:-11 </value></Data><Data name="NEI3"><value></value></Data><Data name="NEI4"><value></value></Data><Data name="NEI5"><value></value></Data><Data name="NEI6"><value></value></Data></ExtendedData><Style><LabelStyle><scale>0.0</scale> </LabelStyle><IconStyle><color>FFFF00FF</color><scale>0.5</scale><Icon><href>http://maps.google.com/mapfiles/kml/shapes/shaded_dot.png</href></Icon></IconStyle></Style><Point><coordinates>-75.75811918,39.66562895,0</coordinates></Point></Placemark><Placemark><name>5G</name><ExtendedData><Data name="CGI"><value>3150100000100018</value></Data><Data name="CELLNAME"><value></value></Data><Data name="CELLID"><value>18</value></Data><Data name="RNC"><value>0</value></Data><Data name="TAC"><value>1</value></Data><Data name="TECHNOLOGY"><value>5G NSA</value></Data><Data name="MODE"><value>5G</value></Data><Data name="ARFCN"><value>644640</value></Data><Data name="BAND"><value>N48</value></Data><Data name="BANDWIDTH"><value></value></Data><Data name="CA"><value>false</value></Data><Data name="NR state"><value></value></Data><Data name="RSRP"><value>-105 dBm</value></Data><Data name="RSRQ"><value>-11</value></Data><Data name="LAYER"><value>1</value></Data><Data name="PC"><value>2</value></Data><Data name="DL_BITRATE"><value>0 kbps</value></Data><Data name="UL_BITRATE"><value>0 kbps</value></Data><Data name="IP"><value>10.120.121.23</value></Data><Data name="SNR"><value>13.0</value></Data><Data name="PHONE STATE"><value>I</value></Data><Data name="IMEI"><value></value></Data><Data name="SPEED"><value>17 km/h</value></Data><Data name="HEIGHT"><value>-3m</value></Data><Data name="ALTITUDE"><value>-3m</value></Data><Data name="LOCATION"><value>G</value></Data><Data name="ACCURACY"><value>3m</value></Data><Data name="DISTANCE"><value>-1m</value></Data><Data name="SITE BEARING"><value>1000deg</value></Data><Data name="ANTENNA BEARING"><value>1000deg</value></Data><Data name="CELLHEX"><value>12</value></Data><Data name="NODEHEX"><value>0</value></Data><Data name="LACHEX"><value>1</value></Data><Data name="RAWCELLID"><value>18</value></Data><Data name="TIME"><value>2026.08.18_16.44.12</value></Data><Data name="NEI1"><value>TECH:5G CELLID:17 LAC:1 CELL:1 ARFCN:637248 LEVEL:-99 QUAL:-11 </value></Data><Data name="NEI2"><value>TECH:5G CELLID:18 LAC:1 CELL:2 ARFCN:644640 LEVEL:-105 QUAL:-11 </value></Data><Data name="NEI3"><value></value></Data><Data name="NEI4"><value></value></Data><Data name="NEI5"><value></value></Data><Data name="NEI6"><value></value></Data></ExtendedData><Style><LabelStyle><scale>0.0</scale> </LabelStyle><IconStyle><color>FFFF00FF</color><scale>0.5</scale><Icon><href>http://maps.google.com/mapfiles/kml/shapes/shaded_dot.png</href></Icon></IconStyle></Style><Point><coordinates>-75.75818801,39.6655332,0</coordinates></Point></Placemark><Placemark><name>5G</name><ExtendedData><Data name="CGI"><value>3150100000100018</value></Data><Data name="CELLNAME"><value></value></Data><Data name="CELLID"><value>18</value></Data><Data name="RNC"><value>0</value></Data><Data name="TAC"><value>1</value></Data><Data name="TECHNOLOGY"><value>5G NSA</value></Data><Data name="MODE"><value>5G</value></Data><Data name="ARFCN"><value>644640</value></Data><Data name="BAND"><value>N48</value></Data><Data name="BANDWIDTH"><value></value></Data><Data name="CA"><value>false</value></Data><Data name="NR state"><value></value></Data><Data name="RSRP"><value>-105 dBm</value></Data><Data name="RSRQ"><value>-11</value></Data><Data name="LAYER"><value>1</value></Data><Data name="PC"><value>2</value></Data><Data name="DL_BITRATE"><value>0 kbps</value></Data><Data name="UL_BITRATE"><value>0 kbps</value></Data><Data name="IP"><value>10.120.121.23</value></Data><Data name="SNR"><value>13.0</value></Data><Data name="PHONE STATE"><value>I</value></Data><Data name="IMEI"><value></value></Data><Data name="SPEED"><value>24 km/h</value></Data><Data name="HEIGHT"><value>-3m</value></Data><Data name="ALTITUDE"><value>-3m</value></Data><Data name="LOCATION"><value>G</value></Data><Data name="ACCURACY"><value>3m</value></Data><Data name="DISTANCE"><value>-1m</value></Data><Data name="SITE BEARING"><value>1000deg</value></Data><Data name="ANTENNA BEARING"><value>1000deg</value></Data><Data name="CELLHEX"><value>12</value></Data><Data name="NODEHEX"><value>0</value></Data><Data name="LACHEX"><value>1</value></Data><Data name="RAWCELLID"><value>18</value></Data><Data name="TIME"><value>2026.08.18_16.44.14</value></Data><Data name="NEI1"><value>TECH:5G CELLID:17 LAC:1 CELL:1 ARFCN:637248 LEVEL:-87 QUAL:-11 </value></Data><Data name="NEI2"><value>TECH:5G CELLID:18 LAC:1 CELL:2 ARFCN:644640 LEVEL:-105 QUAL:-11 </value></Data><Data name="NEI3"><value></value></Data><Data name="NEI4"><value></value></Data><Data name="NEI5"><value></value></Data><Data name="NEI6"><value></value></Data></ExtendedData><Style><LabelStyle><scale>0.0</scale> </LabelStyle><IconStyle><color>FFFF00FF</color><scale>0.5</scale><Icon><href>http://maps.google.com/mapfiles/kml/shapes/shaded_dot.png</href></Icon></IconStyle></Style><Point><coordinates>-75.75833819,39.66551455,0</coordinates></Point></Placemark><Placemark><name>5G</name><ExtendedData><Data name="CGI"><value>3150100000100018</value></Data><Data name="CELLNAME"><value></value></Data><Data name="CELLID"><value>18</value></Data><Data name="RNC"><value>0</value></Data><Data name="TAC"><value>1</value></Data><Data name="TECHNOLOGY"><value>5G NSA</value></Data><Data name="MODE"><value>5G</value></Data><Data name="ARFCN"><value>644640</value></Data><Data name="BAND"><value>N48</value></Data><Data name="BANDWIDTH"><value></value></Data><Data name="CA"><value>false</value></Data><Data name="NR state"><value></value></Data><Data name="RSRP"><value>-105 dBm</value></Data><Data name="RSRQ"><value>-11</value></Data><Data name="LAYER"><value>1</value></Data><Data name="PC"><value>2</value></Data><Data name="DL_BITRATE"><value>0 kbps</value></Data><Data name="UL_BITRATE"><value>0 kbps</value></Data><Data name="IP"><value>10.120.121.23</value></Data><Data name="SNR"><value>13.0</value></Data><Data name="PHONE STATE"><value>I</value></Data><Data name="IMEI"><value></value></Data><Data name="SPEED"><value>33 km/h</value></Data><Data name="HEIGHT"><value>-3m</value></Data><Data name="ALTITUDE"><value>-3m</value></Data><Data name="LOCATION"><value>G</value></Data><Data name="ACCURACY"><value>3m</value></Data><Data name="DISTANCE"><value>-1m</value></Data><Data name="SITE BEARING"><value>1000deg</value></Data><Data name="ANTENNA BEARING"><value>1000deg</value></Data><Data name="CELLHEX"><value>12</value></Data><Data name="NODEHEX"><value>0</value></Data><Data name="LACHEX"><value>1</value></Data><Data name="RAWCELLID"><value>18</value></Data><Data name="TIME"><value>2026.08.18_16.44.16</value></Data><Data name="NEI1"><value>TECH:5G CELLID:18 LAC:1 CELL:2 ARFCN:644640 LEVEL:-105 QUAL:-11 </value></Data><Data name="NEI2"><value>TECH:5G CELLID:17 LAC:1 CELL:1 ARFCN:637248 LEVEL:-105 QUAL:-11 </value></Data><Data name="NEI3"><value></value></Data><Data name="NEI4"><value></value></Data><Data name="NEI5"><value></value></Data><Data name="NEI6"><value></value></Data></ExtendedData><Style><LabelStyle><scale>0.0</scale> </LabelStyle><IconStyle><color>FFFF00FF</color><scale>0.5</scale><Icon><href>http://maps.google.com/mapfiles/kml/shapes/shaded_dot.png</href></Icon></IconStyle></Style><Point><coordinates>-75.75854398,39.66551007,0</coordinates></Point></Placemark><Placemark><name>5G</name><ExtendedData><Data name="CGI"><value>3150100000100018</value></Data><Data name="CELLNAME"><value></value></Data><Data name="CELLID"><value>18</value></Data><Data name="RNC"><value>0</value></Data><Data name="TAC"><value>1</value></Data><Data name="TECHNOLOGY"><value>5G NSA</value></Data><Data name="MODE"><value>5G</value></Data><Data name="ARFCN"><value>644640</value></Data><Data name="BAND"><value>N48</value></Data><Data name="BANDWIDTH"><value></value></Data><Data name="CA"><value>false</value></Data><Data name="NR state"><value></value></Data><Data name="RSRP"><value>-105 dBm</value></Data><Data name="RSRQ"><value>-11</value></Data><Data name="LAYER"><value>1</value></Data><Data name="PC"><value>2</value></Data><Data name="DL_BITRATE"><value>0 kbps</value></Data><Data name="UL_BITRATE"><value>0 kbps</value></Data><Data name="IP"><value>10.120.121.23</value></Data><Data name="SNR"><value>13.0</value></Data><Data name="PHONE STATE"><value>I</value></Data><Data name="IMEI"><value></value></Data><Data name="SPEED"><value>35 km/h</value></Data><Data name="HEIGHT"><value>-3m</value></Data><Data name="ALTITUDE"><value>-3m</value></Data><Data name="LOCATION"><value>G</value></Data><Data name="ACCURACY"><value>3m</value></Data><Data name="DISTANCE"><value>-1m</value></Data><Data name="SITE BEARING"><value>1000deg</value></Data><Data name="ANTENNA BEARING"><value>1000deg</value></Data><Data name="CELLHEX"><value>12</value></Data><Data name="NODEHEX"><value>0</value></Data><Data name="LACHEX"><value>1</value></Data><Data name="RAWCELLID"><value>18</value></Data><Data name="TIME"><value>2026.08.18_16.44.17</value></Data><Data name="NEI1"><value>TECH:5G CELLID:18 LAC:1 CELL:2 ARFCN:644640 LEVEL:-105 QUAL:-11 </value></Data><Data name="NEI2"><value>TECH:5G CELLID:17 LAC:1 CELL:1 ARFCN:637248 LEVEL:-105 QUAL:-11 </value></Data><Data name="NEI3"><value></value></Data><Data name="NEI4"><value></value></Data><Data name="NEI5"><value></value></Data><Data name="NEI6"><value></value></Data></ExtendedData><Style><LabelStyle><scale>0.0</scale> </LabelStyle><IconStyle><color>FFFF00FF</color><scale>0.5</scale><Icon><href>http://maps.google.com/mapfiles/kml/shapes/shaded_dot.png</href></Icon></IconStyle></Style><Point><coordinates>-75.75866042,39.66550246,0</coordinates></Point></Placemark><Placemark><name>5G</name><ExtendedData><Data name="CGI"><value>3150100000100018</value></Data><Data name="CELLNAME"><value></value></Data><Data name="CELLID"><value>18</value></Data><Data name="RNC"><value>0</value></Data><Data name="TAC"><value>1</value></Data><Data name="TECHNOLOGY"><value>5G NSA</value></Data><Data name="MODE"><value>5G</value></Data><Data name="ARFCN"><value>644640</value></Data><Data name="BAND"><value>N48</value></Data><Data name="BANDWIDTH"><value></value></Data><Data name="CA"><value>false</value></Data><Data name="NR state"><value></value></Data><Data name="RSRP"><value>-105 dBm</value></Data><Data name="RSRQ"><value>-11</value></Data><Data name="LAYER"><value>1</value></Data><Data name="PC"><value>2</value></Data><Data name="DL_BITRATE"><value>0 kbps</value></Data><Data name="UL_BITRATE"><value>0 kbps</value></Data><Data name="IP"><value>10.120.121.23</value></Data><Data name="SNR"><value>13.0</value></Data><Data name="PHONE STATE"><value>I</value></Data><Data name="IMEI"><value></value></Data><Data name="SPEED"><value>37 km/h</value></Data><Data name="HEIGHT"><value>-3m</value></Data><Data name="ALTITUDE"><value>-3m</value></Data><Data name="LOCATION"><value>G</value></Data><Data name="ACCURACY"><value>3m</value></Data><Data name="DISTANCE"><value>-1m</value></Data><Data name="SITE BEARING"><value>1000deg</value></Data><Data name="ANTENNA BEARING"><value>1000deg</value></Data><Data name="CELLHEX"><value>12</value></Data><Data name="NODEHEX"><value>0</value></Data><Data name="LACHEX"><value>1</value></Data><Data name="RAWCELLID"><value>18</value></Data><Data name="TIME"><value>2026.08.18_16.44.18</value></Data><Data name="NEI1"><value>TECH:5G CELLID:17 LAC:1 CELL:1 ARFCN:637248 LEVEL:-91 QUAL:-11 </value></Data><Data name="NEI2"><value>TECH:5G CELLID:18 LAC:1 CELL:2 ARFCN:644640 LEVEL:-105 QUAL:-11 </value></Data><Data name="NEI3"><value></value></Data><Data name="NEI4"><value></value></Data><Data name="NEI5"><value></value></Data><Data name="NEI6"><value></value></Data></ExtendedData><Style><LabelStyle><scale>0.0</scale> </LabelStyle><IconStyle><color>FFFF00FF</color><scale>0.5</scale><Icon><href>http://maps.google.com/mapfiles/kml/shapes/shaded_dot.png</href></Icon></IconStyle></Style><Point><coordinates>-75.7587806,39.66549419,0</coordinates></Point></Placemark><Placemark><name>5G</name><ExtendedData><Data name="CGI"><value>3150100000100018</value></Data><Data name="CELLNAME"><value></value></Data><Data name="CELLID"><value>18</value></Data><Data name="RNC"><value>0</value></Data><Data name="TAC"><value>1</value></Data><Data name="TECHNOLOGY"><value>5G NSA</value></Data><Data name="MODE"><value>5G</value></Data><Data name="ARFCN"><value>644640</value></Data><Data name="BAND"><value>N48</value></Data><Data name="BANDWIDTH"><value></value></Data><Data name="CA"><value>false</value></Data><Data name="NR state"><value></value></Data><Data name="RSRP"><value>-105 dBm</value></Data><Data name="RSRQ"><value>-11</value></Data><Data name="LAYER"><value>1</value></Data><Data name="PC"><value>2</value></Data><Data name="DL_BITRATE"><value>0 kbps</value></Data><Data name="UL_BITRATE"><value>0 kbps</value></Data><Data name="IP"><value>10.120.121.23</value></Data><Data name="SNR"><value>13.0</value></Data><Data name="PHONE STATE"><value>I</value></Data><Data name="IMEI"><value></value></Data><Data name="SPEED"><value>37 km/h</value></Data><Data name="HEIGHT"><value>-3m</value></Data><Data name="ALTITUDE"><value>-3m</value></Data><Data name="LOCATION"><value>G</value></Data><Data name="ACCURACY"><value>3m</value></Data><Data name="DISTANCE"><value>-1m</value></Data><Data name="SITE BEARING"><value>1000deg</value></Data><Data name="ANTENNA BEARING"><value>1000deg</value></Data><Data name="CELLHEX"><value>12</value></Data><Data name="NODEHEX"><value>0</value></Data><Data name="LACHEX"><value>1</value></Data><Data name="RAWCELLID"><value>18</value></Data><Data name="TIME"><value>2026.08.18_16.44.19</value></Data><Data name="NEI1"><value>TECH:5G CELLID:17 LAC:1 CELL:1 ARFCN:637248 LEVEL:-91 QUAL:-11 </value></Data><Data name="NEI2"><value>TECH:5G CELLID:18 LAC:1 CELL:2 ARFCN:644640 LEVEL:-105 QUAL:-11 </value></Data><Data name="NEI3"><value></value></Data><Data name="NEI4"><value></value></Data><Data name="NEI5"><value></value></Data><Data name="NEI6"><value></value></Data></ExtendedData><Style><LabelStyle><scale>0.0</scale> </LabelStyle><IconStyle><color>FFFF00FF</color><scale>0.5</scale><Icon><href>http://maps.google.com/mapfiles/kml/shapes/shaded_dot.png</href></Icon></IconStyle></Style><Point><coordinates>-75.75890039,39.66548518,0</coordinates></Point></Placemark><Placemark><name>5G</name><ExtendedData><Data name="CGI"><value>3150100000100018</value></Data><Data name="CELLNAME"><value></value></Data><Data name="CELLID"><value>18</value></Data><Data name="RNC"><value>0</value></Data><Data name="TAC"><value>1</value></Data><Data name="TECHNOLOGY"><value>5G NSA</value></Data><Data name="MODE"><value>5G</value></Data><Data name="ARFCN"><value>644640</value></Data><Data name="BAND"><value>N48</value></Data><Data name="BANDWIDTH"><value></value></Data><Data name="CA"><value>false</value></Data><Data name="NR state"><value></value></Data><Data name="RSRP"><value>-105 dBm</value></Data><Data name="RSRQ"><value>-11</value></Data><Data name="LAYER"><value>1</value></Data><Data name="PC"><value>2</value></Data><Data name="DL_BITRATE"><value>0 kbps</value></Data><Data name="UL_BITRATE"><value>0 kbps</value></Data><Data name="IP"><value>10.120.121.23</value></Data><Data name="SNR"><value>13.0</value></Data><Data name="PHONE STATE"><value>I</value></Data><Data name="IMEI"><value></value></Data><Data name="SPEED"><value>32 km/h</value></Data><Data name="HEIGHT"><value>-2m</value></Data><Data name="ALTITUDE"><value>-2m</value></Data><Data name="LOCATION"><value>G</value></Data><Data name="ACCURACY"><value>3m</value></Data><Data name="DISTANCE"><value>-1m</value></Data><Data name="SITE BEARING"><value>1000deg</value></Data><Data name="ANTENNA BEARING"><value>1000deg</value></Data><Data name="CELLHEX"><value>12</value></Data><Data name="NODEHEX"><value>0</value></Data><Data name="LACHEX"><value>1</value></Data><Data name="RAWCELLID"><value>18</value></Data><Data name="TIME"><value>2026.08.18_16.44.21</value></Data><Data name="NEI1"><value>TECH:5G CELLID:17 LAC:1 CELL:1 ARFCN:637248 LEVEL:-95 QUAL:-11 </value></Data><Data name="NEI2"><value>TECH:5G CELLID:18 LAC:1 CELL:2 ARFCN:644640 LEVEL:-105 QUAL:-11 </value></Data><Data name="NEI3"><value></value></Data><Data name="NEI4"><value></value></Data><Data name="NEI5"><value></value></Data><Data name="NEI6"><value></value></Data></ExtendedData><Style><LabelStyle><scale>0.0</scale> </LabelStyle><IconStyle><color>FFFF00FF</color><scale>0.5</scale><Icon><href>http://maps.google.com/mapfiles/kml/shapes/shaded_dot.png</href></Icon></IconStyle></Style><Point><coordinates>-75.75911932,39.66547054,0</coordinates></Point></Placemark><Placemark><name>5G</name><ExtendedData><Data name="CGI"><value>3150100000100018</value></Data><Data name="CELLNAME"><value></value></Data><Data name="CELLID"><value>18</value></Data><Data name="RNC"><value>0</value></Data><Data name="TAC"><value>1</value></Data><Data name="TECHNOLOGY"><value>5G NSA</value></Data><Data name="MODE"><value>5G</value></Data><Data name="ARFCN"><value>644640</value></Data><Data name="BAND"><value>N48</value></Data><Data name="BANDWIDTH"><value></value></Data><Data name="CA"><value>false</value></Data><Data name="NR state"><value></value></Data><Data name="RSRP"><value>-105 dBm</value></Data><Data name="RSRQ"><value>-11</value></Data><Data name="LAYER"><value>1</value></Data><Data name="PC"><value>2</value></Data><Data name="DL_BITRATE"><value>1 kbps</value></Data><Data name="UL_BITRATE"><value>14 kbps</value></Data><Data name="IP"><value>10.120.121.23</value></Data><Data name="SNR"><value>13.0</value></Data><Data name="PHONE STATE"><value>D</value></Data><Data name="IMEI"><value></value></Data><Data name="SPEED"><value>20 km/h</value></Data><Data name="HEIGHT"><value>-2m</value></Data><Data name="ALTITUDE"><value>-2m</value></Data><Data name="LOCATION"><value>G</value></Data><Data name="ACCURACY"><value>3m</value></Data><Data name="DISTANCE"><value>-1m</value></Data><Data name="SITE BEARING"><value>1000deg</value></Data><Data name="ANTENNA BEARING"><value>1000deg</value></Data><Data name="CELLHEX"><value>12</value></Data><Data name="NODEHEX"><value>0</value></Data><Data name="LACHEX"><value>1</value></Data><Data name="RAWCELLID"><value>18</value></Data><Data name="TIME"><value>2026.08.18_16.44.23</value></Data><Data name="NEI1"><value>TECH:5G CELLID:17 LAC:1 CELL:1 ARFCN:637248 LEVEL:-95 QUAL:-11 </value></Data><Data name="NEI2"><value>TECH:5G CELLID:18 LAC:1 CELL:2 ARFCN:644640 LEVEL:-105 QUAL:-11 </value></Data><Data name="NEI3"><value></value></Data><Data name="NEI4"><value></value></Data><Data name="NEI5"><value></value></Data><Data name="NEI6"><value></value></Data></ExtendedData><Style><LabelStyle><scale>0.0</scale> </LabelStyle><IconStyle><color>FFFF00FF</color><scale>0.5</scale><Icon><href>http://maps.google.com/mapfiles/kml/shapes/shaded_dot.png</href></Icon></IconStyle></Style><Point><coordinates>-75.75926512,39.6654519,0</coordinates></Point></Placemark><Placemark><name>5G</name><ExtendedData><Data name="CGI"><value>3150100000100018</value></Data><Data name="CELLNAME"><value></value></Data><Data name="CELLID"><value>18</value></Data><Data name="RNC"><value>0</value></Data><Data name="TAC"><value>1</value></Data><Data name="TECHNOLOGY"><value>5G NSA</value></Data><Data name="MODE"><value>5G</value></Data><Data name="ARFCN"><value>644640</value></Data><Data name="BAND"><value>N48</value></Data><Data name="BANDWIDTH"><value></value></Data><Data name="CA"><value>false</value></Data><Data name="NR state"><value></value></Data><Data name="RSRP"><value>-105 dBm</value></Data><Data name="RSRQ"><value>-11</value></Data><Data name="LAYER"><value>1</value></Data><Data name="PC"><value>2</value></Data><Data name="DL_BITRATE"><value>8 kbps</value></Data><Data name="UL_BITRATE"><value>0 kbps</value></Data><Data name="IP"><value>10.120.121.23</value></Data><Data name="SNR"><value>13.0</value></Data><Data name="PHONE STATE"><value>D</value></Data><Data name="IMEI"><value></value></Data><Data name="SPEED"><value>22 km/h</value></Data><Data name="HEIGHT"><value>-2m</value></Data><Data name="ALTITUDE"><value>-2m</value></Data><Data name="LOCATION"><value>G</value></Data><Data name="ACCURACY"><value>3m</value></Data><Data name="DISTANCE"><value>-1m</value></Data><Data name="SITE BEARING"><value>1000deg</value></Data><Data name="ANTENNA BEARING"><value>1000deg</value></Data><Data name="CELLHEX"><value>12</value></Data><Data name="NODEHEX"><value>0</value></Data><Data name="LACHEX"><value>1</value></Data><Data name="RAWCELLID"><value>18</value></Data><Data name="TIME"><value>2026.08.18_16.44.25</value></Data><Data name="NEI1"><value>TECH:5G CELLID:17 LAC:1 CELL:1 ARFCN:637248 LEVEL:-102 QUAL:-11 </value></Data><Data name="NEI2"><value>TECH:5G CELLID:18 LAC:1 CELL:2 ARFCN:644640 LEVEL:-105 QUAL:-11 </value></Data><Data name="NEI3"><value></value></Data><Data name="NEI4"><value></value></Data><Data name="NEI5"><value></value></Data><Data name="NEI6"><value></value></Data></ExtendedData><Style><LabelStyle><scale>0.0</scale> </LabelStyle><IconStyle><color>FFFF00FF</color><scale>0.5</scale><Icon><href>http://maps.google.com/mapfiles/kml/shapes/shaded_dot.png</href></Icon></IconStyle></Style><Point><coordinates>-75.75936012,39.66537314,0</coordinates></Point></Placemark><Placemark><name>5G</name><ExtendedData><Data name="CGI"><value>3150100000100018</value></Data><Data name="CELLNAME"><value></value></Data><Data name="CELLID"><value>18</value></Data><Data name="RNC"><value>0</value></Data><Data name="TAC"><value>1</value></Data><Data name="TECHNOLOGY"><value>5G NSA</value></Data><Data name="MODE"><value>5G</value></Data><Data name="ARFCN"><value>644640</value></Data><Data name="BAND"><value>N48</value></Data><Data name="BANDWIDTH"><value></value></Data><Data name="CA"><value>false</value></Data><Data name="NR state"><value></value></Data><Data name="RSRP"><value>-105 dBm</value></Data><Data name="RSRQ"><value>-11</value></Data><Data name="LAYER"><value>1</value></Data><Data name="PC"><value>2</value></Data><Data name="DL_BITRATE"><value>0 kbps</value></Data><Data name="UL_BITRATE"><value>0 kbps</value></Data><Data name="IP"><value>10.120.121.23</value></Data><Data name="SNR"><value>13.0</value></Data><Data name="PHONE STATE"><value>I</value></Data><Data name="IMEI"><value></value></Data><Data name="SPEED"><value>27 km/h</value></Data><Data name="HEIGHT"><value>-4m</value></Data><Data name="ALTITUDE"><value>-4m</value></Data><Data name="LOCATION"><value>G</value></Data><Data name="ACCURACY"><value>3m</value></Data><Data name="DISTANCE"><value>-1m</value></Data><Data name="SITE BEARING"><value>1000deg</value></Data><Data name="ANTENNA BEARING"><value>1000deg</value></Data><Data name="CELLHEX"><value>12</value></Data><Data name="NODEHEX"><value>0</value></Data><Data name="LACHEX"><value>1</value></Data><Data name="RAWCELLID"><value>18</value></Data><Data name="TIME"><value>2026.08.18_16.44.27</value></Data><Data name="NEI1"><value>TECH:5G CELLID:18 LAC:1 CELL:2 ARFCN:644640 LEVEL:-105 QUAL:-11 </value></Data><Data name="NEI2"><value>TECH:5G CELLID:17 LAC:1 CELL:1 ARFCN:637248 LEVEL:-105 QUAL:-11 </value></Data><Data name="NEI3"><value></value></Data><Data name="NEI4"><value></value></Data><Data name="NEI5"><value></value></Data><Data name="NEI6"><value></value></Data></ExtendedData><Style><LabelStyle><scale>0.0</scale> </LabelStyle><IconStyle><color>FFFF00FF</color><scale>0.5</scale><Icon><href>http://maps.google.com/mapfiles/kml/shapes/shaded_dot.png</href></Icon></IconStyle></Style><Point><coordinates>-75.75937402,39.66524354,0</coordinates></Point></Placemark><Placemark><name>5G</name><ExtendedData><Data name="CGI"><value>3150100000100018</value></Data><Data name="CELLNAME"><value></value></Data><Data name="CELLID"><value>18</value></Data><Data name="RNC"><value>0</value></Data><Data name="TAC"><value>1</value></Data><Data name="TECHNOLOGY"><value>5G NSA</value></Data><Data name="MODE"><value>5G</value></Data><Data name="ARFCN"><value>644640</value></Data><Data name="BAND"><value>N48</value></Data><Data name="BANDWIDTH"><value></value></Data><Data name="CA"><value>false</value></Data><Data name="NR state"><value></value></Data><Data name="RSRP"><value>-105 dBm</value></Data><Data name="RSRQ"><value>-11</value></Data><Data name="LAYER"><value>1</value></Data><Data name="PC"><value>2</value></Data><Data name="DL_BITRATE"><value>0 kbps</value></Data><Data name="UL_BITRATE"><value>0 kbps</value></Data><Data name="IP"><value>10.120.121.23</value></Data><Data name="SNR"><value>13.0</value></Data><Data name="PHONE STATE"><value>I</value></Data><Data name="IMEI"><value></value></Data><Data name="SPEED"><value>35 km/h</value></Data><Data name="HEIGHT"><value>-4m</value></Data><Data name="ALTITUDE"><value>-4m</value></Data><Data name="LOCATION"><value>G</value></Data><Data name="ACCURACY"><value>3m</value></Data><Data name="DISTANCE"><value>-1m</value></Data><Data name="SITE BEARING"><value>1000deg</value></Data><Data name="ANTENNA BEARING"><value>1000deg</value></Data><Data name="CELLHEX"><value>12</value></Data><Data name="NODEHEX"><value>0</value></Data><Data name="LACHEX"><value>1</value></Data><Data name="RAWCELLID"><value>18</value></Data><Data name="TIME"><value>2026.08.18_16.44.29</value></Data><Data name="NEI1"><value>TECH:5G CELLID:17 LAC:1 CELL:1 ARFCN:637248 LEVEL:-98 QUAL:-11 </value></Data><Data name="NEI2"><value>TECH:5G CELLID:18 LAC:1 CELL:2 ARFCN:644640 LEVEL:-105 QUAL:-11 </value></Data><Data name="NEI3"><value></value></Data><Data name="NEI4"><value></value></Data><Data name="NEI5"><value></value></Data><Data name="NEI6"><value></value></Data></ExtendedData><Style><LabelStyle><scale>0.0</scale> </LabelStyle><IconStyle><color>FFFF00FF</color><scale>0.5</scale><Icon><href>http://maps.google.com/mapfiles/kml/shapes/shaded_dot.png</href></Icon></IconStyle></Style><Point><coordinates>-75.75936528,39.66507355,0</coordinates></Point></Placemark><Placemark><name>5G</name><ExtendedData><Data name="CGI"><value>3150100000100018</value></Data><Data name="CELLNAME"><value></value></Data><Data name="CELLID"><value>18</value></Data><Data name="RNC"><value>0</value></Data><Data name="TAC"><value>1</value></Data><Data name="TECHNOLOGY"><value>5G NSA</value></Data><Data name="MODE"><value>5G</value></Data><Data name="ARFCN"><value>644640</value></Data><Data name="BAND"><value>N48</value></Data><Data name="BANDWIDTH"><value></value></Data><Data name="CA"><value>false</value></Data><Data name="NR state"><value></value></Data><Data name="RSRP"><value>-105 dBm</value></Data><Data name="RSRQ"><value>-11</value></Data><Data name="LAYER"><value>1</value></Data><Data name="PC"><value>2</value></Data><Data name="DL_BITRATE"><value>0 kbps</value></Data><Data name="UL_BITRATE"><value>0 kbps</value></Data><Data name="IP"><value>10.120.121.23</value></Data><Data name="SNR"><value>13.0</value></Data><Data name="PHONE STATE"><value>I</value></Data><Data name="IMEI"><value></value></Data><Data name="SPEED"><value>38 km/h</value></Data><Data name="HEIGHT"><value>-3m</value></Data><Data name="ALTITUDE"><value>-3m</value></Data><Data name="LOCATION"><value>G</value></Data><Data name="ACCURACY"><value>3m</value></Data><Data name="DISTANCE"><value>-1m</value></Data><Data name="SITE BEARING"><value>1000deg</value></Data><Data name="ANTENNA BEARING"><value>1000deg</value></Data><Data name="CELLHEX"><value>12</value></Data><Data name="NODEHEX"><value>0</value></Data><Data name="LACHEX"><value>1</value></Data><Data name="RAWCELLID"><value>18</value></Data><Data name="TIME"><value>2026.08.18_16.44.30</value></Data><Data name="NEI1"><value>TECH:5G CELLID:18 LAC:1 CELL:2 ARFCN:644640 LEVEL:-105 QUAL:-11 </value></Data><Data name="NEI2"><value>TECH:5G CELLID:17 LAC:1 CELL:1 ARFCN:637248 LEVEL:-106 QUAL:-11 </value></Data><Data name="NEI3"><value></value></Data><Data name="NEI4"><value></value></Data><Data name="NEI5"><value></value></Data><Data name="NEI6"><value></value></Data></ExtendedData><Style><LabelStyle><scale>0.0</scale> </LabelStyle><IconStyle><color>FFFF00FF</color><scale>0.5</scale><Icon><href>http://maps.google.com/mapfiles/kml/shapes/shaded_dot.png</href></Icon></IconStyle></Style><Point><coordinates>-75.75935713,39.66497346,0</coordinates></Point></Placemark><Placemark><name>5G</name><ExtendedData><Data name="CGI"><value>3150100000100018</value></Data><Data name="CELLNAME"><value></value></Data><Data name="CELLID"><value>18</value></Data><Data name="RNC"><value>0</value></Data><Data name="TAC"><value>1</value></Data><Data name="TECHNOLOGY"><value>5G NSA</value></Data><Data name="MODE"><value>5G</value></Data><Data name="ARFCN"><value>644640</value></Data><Data name="BAND"><value>N48</value></Data><Data name="BANDWIDTH"><value></value></Data><Data name="CA"><value>false</value></Data><Data name="NR state"><value></value></Data><Data name="RSRP"><value>-105 dBm</value></Data><Data name="RSRQ"><value>-11</value></Data><Data name="LAYER"><value>1</value></Data><Data name="PC"><value>2</value></Data><Data name="DL_BITRATE"><value>0 kbps</value></Data><Data name="UL_BITRATE"><value>0 kbps</value></Data><Data name="IP"><value>10.120.121.23</value></Data><Data name="SNR"><value>13.0</value></Data><Data name="PHONE STATE"><value>I</value></Data><Data name="IMEI"><value></value></Data><Data name="SPEED"><value>40 km/h</value></Data><Data name="HEIGHT"><value>-3m</value></Data><Data name="ALTITUDE"><value>-3m</value></Data><Data name="LOCATION"><value>G</value></Data><Data name="ACCURACY"><value>3m</value></Data><Data name="DISTANCE"><value>-1m</value></Data><Data name="SITE BEARING"><value>1000deg</value></Data><Data name="ANTENNA BEARING"><value>1000deg</value></Data><Data name="CELLHEX"><value>12</value></Data><Data name="NODEHEX"><value>0</value></Data><Data name="LACHEX"><value>1</value></Data><Data name="RAWCELLID"><value>18</value></Data><Data name="TIME"><value>2026.08.18_16.44.31</value></Data><Data name="NEI1"><value>TECH:5G CELLID:18 LAC:1 CELL:2 ARFCN:644640 LEVEL:-105 QUAL:-11 </value></Data><Data name="NEI2"><value>TECH:5G CELLID:17 LAC:1 CELL:1 ARFCN:637248 LEVEL:-106 QUAL:-11 </value></Data><Data name="NEI3"><value></value></Data><Data name="NEI4"><value></value></Data><Data name="NEI5"><value></value></Data><Data name="NEI6"><value></value></Data></ExtendedData><Style><LabelStyle><scale>0.0</scale> </LabelStyle><IconStyle><color>FFFF00FF</color><scale>0.5</scale><Icon><href>http://maps.google.com/mapfiles/kml/shapes/shaded_dot.png</href></Icon></IconStyle></Style><Point><coordinates>-75.75934685,39.66487203,0</coordinates></Point></Placemark><Placemark><name>5G</name><ExtendedData><Data name="CGI"><value>3150100000100018</value></Data><Data name="CELLNAME"><value></value></Data><Data name="CELLID"><value>18</value></Data><Data name="RNC"><value>0</value></Data><Data name="TAC"><value>1</value></Data><Data name="TECHNOLOGY"><value>5G NSA</value></Data><Data name="MODE"><value>5G</value></Data><Data name="ARFCN"><value>644640</value></Data><Data name="BAND"><value>N48</value></Data><Data name="BANDWIDTH"><value></value></Data><Data name="CA"><value>false</value></Data><Data name="NR state"><value></value></Data><Data name="RSRP"><value>-105 dBm</value></Data><Data name="RSRQ"><value>-11</value></Data><Data name="LAYER"><value>1</value></Data><Data name="PC"><value>2</value></Data><Data name="DL_BITRATE"><value>0 kbps</value></Data><Data name="UL_BITRATE"><value>0 kbps</value></Data><Data name="IP"><value>10.120.121.23</value></Data><Data name="SNR"><value>13.0</value></Data><Data name="PHONE STATE"><value>I</value></Data><Data name="IMEI"><value></value></Data><Data name="SPEED"><value>41 km/h</value></Data><Data name="HEIGHT"><value>-3m</value></Data><Data name="ALTITUDE"><value>-3m</value></Data><Data name="LOCATION"><value>G</value></Data><Data name="ACCURACY"><value>3m</value></Data><Data name="DISTANCE"><value>-1m</value></Data><Data name="SITE BEARING"><value>1000deg</value></Data><Data name="ANTENNA BEARING"><value>1000deg</value></Data><Data name="CELLHEX"><value>12</value></Data><Data name="NODEHEX"><value>0</value></Data><Data name="LACHEX"><value>1</value></Data><Data name="RAWCELLID"><value>18</value></Data><Data name="TIME"><value>2026.08.18_16.44.32</value></Data><Data name="NEI1"><value>TECH:5G CELLID:18 LAC:1 CELL:2 ARFCN:644640 LEVEL:-105 QUAL:-11 </value></Data><Data name="NEI2"><value>TECH:5G CELLID:17 LAC:1 CELL:1 ARFCN:637248 LEVEL:-109 QUAL:-11 </value></Data><Data name="NEI3"><value></value></Data><Data name="NEI4"><value></value></Data><Data name="NEI5"><value></value></Data><Data name="NEI6"><value></value></Data></ExtendedData><Style><LabelStyle><scale>0.0</scale> </LabelStyle><IconStyle><color>FFFF00FF</color><scale>0.5</scale><Icon><href>http://maps.google.com/mapfiles/kml/shapes/shaded_dot.png</href></Icon></IconStyle></Style><Point><coordinates>-75.75933572,39.66476739,0</coordinates></Point></Placemark><Placemark><name>5G</name><ExtendedData><Data name="CGI"><value>3150100000100018</value></Data><Data name="CELLNAME"><value></value></Data><Data name="CELLID"><value>18</value></Data><Data name="RNC"><value>0</value></Data><Data name="TAC"><value>1</value></Data><Data name="TECHNOLOGY"><value>5G NSA</value></Data><Data name="MODE"><value>5G</value></Data><Data name="ARFCN"><value>644640</value></Data><Data name="BAND"><value>N48</value></Data><Data name="BANDWIDTH"><value></value></Data><Data name="CA"><value>false</value></Data><Data name="NR state"><value></value></Data><Data name="RSRP"><value>-105 dBm</value></Data><Data name="RSRQ"><value>-11</value></Data><Data name="LAYER"><value>1</value></Data><Data name="PC"><value>2</value></Data><Data name="DL_BITRATE"><value>0 kbps</value></Data><Data name="UL_BITRATE"><value>0 kbps</value></Data><Data name="IP"><value>10.120.121.23</value></Data><Data name="SNR"><value>13.0</value></Data><Data name="PHONE STATE"><value>I</value></Data><Data name="IMEI"><value></value></Data><Data name="SPEED"><value>42 km/h</value></Data><Data name="HEIGHT"><value>-4m</value></Data><Data name="ALTITUDE"><value>-4m</value></Data><Data name="LOCATION"><value>G</value></Data><Data name="ACCURACY"><value>3m</value></Data><Data name="DISTANCE"><value>-1m</value></Data><Data name="SITE BEARING"><value>1000deg</value></Data><Data name="ANTENNA BEARING"><value>1000deg</value></Data><Data name="CELLHEX"><value>12</value></Data><Data name="NODEHEX"><value>0</value></Data><Data name="LACHEX"><value>1</value></Data><Data name="RAWCELLID"><value>18</value></Data><Data name="TIME"><value>2026.08.18_16.44.33</value></Data><Data name="NEI1"><value>TECH:5G CELLID:18 LAC:1 CELL:2 ARFCN:644640 LEVEL:-105 QUAL:-11 </value></Data><Data name="NEI2"><value>TECH:5G CELLID:17 LAC:1 CELL:1 ARFCN:637248 LEVEL:-109 QUAL:-11 </value></Data><Data name="NEI3"><value></value></Data><Data name="NEI4"><value></value></Data><Data name="NEI5"><value></value></Data><Data name="NEI6"><value></value></Data></ExtendedData><Style><LabelStyle><scale>0.0</scale> </LabelStyle><IconStyle><color>FFFF00FF</color><scale>0.5</scale><Icon><href>http://maps.google.com/mapfiles/kml/shapes/shaded_dot.png</href></Icon></IconStyle></Style><Point><coordinates>-75.75932524,39.66466098,0</coordinates></Point></Placemark><Placemark><name>5G</name><ExtendedData><Data name="CGI"><value>3150100000100018</value></Data><Data name="CELLNAME"><value></value></Data><Data name="CELLID"><value>18</value></Data><Data name="RNC"><value>0</value></Data><Data name="TAC"><value>1</value></Data><Data name="TECHNOLOGY"><value>5G NSA</value></Data><Data name="MODE"><value>5G</value></Data><Data name="ARFCN"><value>644640</value></Data><Data name="BAND"><value>N48</value></Data><Data name="BANDWIDTH"><value></value></Data><Data name="CA"><value>false</value></Data><Data name="NR state"><value></value></Data><Data name="RSRP"><value>-105 dBm</value></Data><Data name="RSRQ"><value>-11</value></Data><Data name="LAYER"><value>1</value></Data><Data name="PC"><value>2</value></Data><Data name="DL_BITRATE"><value>0 kbps</value></Data><Data name="UL_BITRATE"><value>0 kbps</value></Data><Data name="IP"><value>10.120.121.23</value></Data><Data name="SNR"><value>13.0</value></Data><Data name="PHONE STATE"><value>I</value></Data><Data name="IMEI"><value></value></Data><Data name="SPEED"><value>42 km/h</value></Data><Data name="HEIGHT"><value>-3m</value></Data><Data name="ALTITUDE"><value>-3m</value></Data><Data name="LOCATION"><value>G</value></Data><Data name="ACCURACY"><value>3m</value></Data><Data name="DISTANCE"><value>-1m</value></Data><Data name="SITE BEARING"><value>1000deg</value></Data><Data name="ANTENNA BEARING"><value>1000deg</value></Data><Data name="CELLHEX"><value>12</value></Data><Data name="NODEHEX"><value>0</value></Data><Data name="LACHEX"><value>1</value></Data><Data name="RAWCELLID"><value>18</value></Data><Data name="TIME"><value>2026.08.18_16.44.34</value></Data><Data name="NEI1"><value>TECH:5G CELLID:18 LAC:1 CELL:2 ARFCN:644640 LEVEL:-105 QUAL:-11 </value></Data><Data name="NEI2"><value>TECH:5G CELLID:17 LAC:1 CELL:1 ARFCN:637248 LEVEL:-109 QUAL:-11 </value></Data><Data name="NEI3"><value></value></Data><Data name="NEI4"><value></value></Data><Data name="NEI5"><value></value></Data><Data name="NEI6"><value></value></Data></ExtendedData><Style><LabelStyle><scale>0.0</scale> </LabelStyle><IconStyle><color>FFFF00FF</color><scale>0.5</scale><Icon><href>http://maps.google.com/mapfiles/kml/shapes/shaded_dot.png</href></Icon></IconStyle></Style><Point><coordinates>-75.75931455,39.66455515,0</coordinates></Point></Placemark><Placemark><name>5G</name><ExtendedData><Data name="CGI"><value>3150100000100018</value></Data><Data name="CELLNAME"><value></value></Data><Data name="CELLID"><value>18</value></Data><Data name="RNC"><value>0</value></Data><Data name="TAC"><value>1</value></Data><Data name="TECHNOLOGY"><value>5G NSA</value></Data><Data name="MODE"><value>5G</value></Data><Data name="ARFCN"><value>644640</value></Data><Data name="BAND"><value>N48</value></Data><Data name="BANDWIDTH"><value></value></Data><Data name="CA"><value>false</value></Data><Data name="NR state"><value></value></Data><Data name="RSRP"><value>-105 dBm</value></Data><Data name="RSRQ"><value>-11</value></Data><Data name="LAYER"><value>1</value></Data><Data name="PC"><value>2</value></Data><Data name="DL_BITRATE"><value>0 kbps</value></Data><Data name="UL_BITRATE"><value>0 kbps</value></Data><Data name="IP"><value>10.120.121.23</value></Data><Data name="SNR"><value>13.0</value></Data><Data name="PHONE STATE"><value>I</value></Data><Data name="IMEI"><value></value></Data><Data name="SPEED"><value>42 km/h</value></Data><Data name="HEIGHT"><value>-3m</value></Data><Data name="ALTITUDE"><value>-3m</value></Data><Data name="LOCATION"><value>G</value></Data><Data name="ACCURACY"><value>3m</value></Data><Data name="DISTANCE"><value>-1m</value></Data><Data name="SITE BEARING"><value>1000deg</value></Data><Data name="ANTENNA BEARING"><value>1000deg</value></Data><Data name="CELLHEX"><value>12</value></Data><Data name="NODEHEX"><value>0</value></Data><Data name="LACHEX"><value>1</value></Data><Data name="RAWCELLID"><value>18</value></Data><Data name="TIME"><value>2026.08.18_16.44.35</value></Data><Data name="NEI1"><value>TECH:5G CELLID:18 LAC:1 CELL:2 ARFCN:644640 LEVEL:-105 QUAL:-11 </value></Data><Data name="NEI2"><value>TECH:5G CELLID:17 LAC:1 CELL:1 ARFCN:637248 LEVEL:-109 QUAL:-11 </value></Data><Data name="NEI3"><value></value></Data><Data name="NEI4"><value></value></Data><Data name="NEI5"><value></value></Data><Data name="NEI6"><value></value></Data></ExtendedData><Style><LabelStyle><scale>0.0</scale> </LabelStyle><IconStyle><color>FFFF00FF</color><scale>0.5</scale><Icon><href>http://maps.google.com/mapfiles/kml/shapes/shaded_dot.png</href></Icon></IconStyle></Style><Point><coordinates>-75.75930241,39.66445082,0</coordinates></Point></Placemark><Placemark><name>5G</name><ExtendedData><Data name="CGI"><value>3150100000100018</value></Data><Data name="CELLNAME"><value></value></Data><Data name="CELLID"><value>18</value></Data><Data name="RNC"><value>0</value></Data><Data name="TAC"><value>1</value></Data><Data name="TECHNOLOGY"><value>5G NSA</value></Data><Data name="MODE"><value>5G</value></Data><Data name="ARFCN"><value>644640</value></Data><Data name="BAND"><value>N48</value></Data><Data name="BANDWIDTH"><value></value></Data><Data name="CA"><value>false</value></Data><Data name="NR state"><value></value></Data><Data name="RSRP"><value>-105 dBm</value></Data><Data name="RSRQ"><value>-11</value></Data><Data name="LAYER"><value>1</value></Data><Data name="PC"><value>2</value></Data><Data name="DL_BITRATE"><value>0 kbps</value></Data><Data name="UL_BITRATE"><value>0 kbps</value></Data><Data name="IP"><value>10.120.121.23</value></Data><Data name="SNR"><value>13.0</value></Data><Data name="PHONE STATE"><value>I</value></Data><Data name="IMEI"><value></value></Data><Data name="SPEED"><value>41 km/h</value></Data><Data name="HEIGHT"><value>-3m</value></Data><Data name="ALTITUDE"><value>-3m</value></Data><Data name="LOCATION"><value>G</value></Data><Data name="ACCURACY"><value>3m</value></Data><Data name="DISTANCE"><value>-1m</value></Data><Data name="SITE BEARING"><value>1000deg</value></Data><Data name="ANTENNA BEARING"><value>1000deg</value></Data><Data name="CELLHEX"><value>12</value></Data><Data name="NODEHEX"><value>0</value></Data><Data name="LACHEX"><value>1</value></Data><Data name="RAWCELLID"><value>18</value></Data><Data name="TIME"><value>2026.08.18_16.44.36</value></Data><Data name="NEI1"><value>TECH:5G CELLID:18 LAC:1 CELL:2 ARFCN:644640 LEVEL:-105 QUAL:-11 </value></Data><Data name="NEI2"><value>TECH:5G CELLID:17 LAC:1 CELL:1 ARFCN:637248 LEVEL:-107 QUAL:-11 </value></Data><Data name="NEI3"><value></value></Data><Data name="NEI4"><value></value></Data><Data name="NEI5"><value></value></Data><Data name="NEI6"><value></value></Data></ExtendedData><Style><LabelStyle><scale>0.0</scale> </LabelStyle><IconStyle><color>FFFF00FF</color><scale>0.5</scale><Icon><href>http://maps.google.com/mapfiles/kml/shapes/shaded_dot.png</href></Icon></IconStyle></Style><Point><coordinates>-75.75928804,39.66434627,0</coordinates></Point></Placemark><Placemark><name>5G</name><ExtendedData><Data name="CGI"><value>3150100000100018</value></Data><Data name="CELLNAME"><value></value></Data><Data name="CELLID"><value>18</value></Data><Data name="RNC"><value>0</value></Data><Data name="TAC"><value>1</value></Data><Data name="TECHNOLOGY"><value>5G NSA</value></Data><Data name="MODE"><value>5G</value></Data><Data name="ARFCN"><value>644640</value></Data><Data name="BAND"><value>N48</value></Data><Data name="BANDWIDTH"><value></value></Data><Data name="CA"><value>false</value></Data><Data name="NR state"><value></value></Data><Data name="RSRP"><value>-105 dBm</value></Data><Data name="RSRQ"><value>-11</value></Data><Data name="LAYER"><value>1</value></Data><Data name="PC"><value>2</value></Data><Data name="DL_BITRATE"><value>0 kbps</value></Data><Data name="UL_BITRATE"><value>0 kbps</value></Data><Data name="IP"><value>10.120.121.23</value></Data><Data name="SNR"><value>13.0</value></Data><Data name="PHONE STATE"><value>I</value></Data><Data name="IMEI"><value></value></Data><Data name="SPEED"><value>40 km/h</value></Data><Data name="HEIGHT"><value>-4m</value></Data><Data name="ALTITUDE"><value>-4m</value></Data><Data name="LOCATION"><value>G</value></Data><Data name="ACCURACY"><value>3m</value></Data><Data name="DISTANCE"><value>-1m</value></Data><Data name="SITE BEARING"><value>1000deg</value></Data><Data name="ANTENNA BEARING"><value>1000deg</value></Data><Data name="CELLHEX"><value>12</value></Data><Data name="NODEHEX"><value>0</value></Data><Data name="LACHEX"><value>1</value></Data><Data name="RAWCELLID"><value>18</value></Data><Data name="TIME"><value>2026.08.18_16.44.37</value></Data><Data name="NEI1"><value>TECH:5G CELLID:18 LAC:1 CELL:2 ARFCN:644640 LEVEL:-105 QUAL:-11 </value></Data><Data name="NEI2"><value>TECH:5G CELLID:17 LAC:1 CELL:1 ARFCN:637248 LEVEL:-107 QUAL:-11 </value></Data><Data name="NEI3"><value></value></Data><Data name="NEI4"><value></value></Data><Data name="NEI5"><value></value></Data><Data name="NEI6"><value></value></Data></ExtendedData><Style><LabelStyle><scale>0.0</scale> </LabelStyle><IconStyle><color>FFFF00FF</color><scale>0.5</scale><Icon><href>http://maps.google.com/mapfiles/kml/shapes/shaded_dot.png</href></Icon></IconStyle></Style><Point><coordinates>-75.75927439,39.66424549,0</coordinates></Point></Placemark><Placemark><name>5G</name><ExtendedData><Data name="CGI"><value>3150100000100018</value></Data><Data name="CELLNAME"><value></value></Data><Data name="CELLID"><value>18</value></Data><Data name="RNC"><value>0</value></Data><Data name="TAC"><value>1</value></Data><Data name="TECHNOLOGY"><value>5G NSA</value></Data><Data name="MODE"><value>5G</value></Data><Data name="ARFCN"><value>644640</value></Data><Data name="BAND"><value>N48</value></Data><Data name="BANDWIDTH"><value></value></Data><Data name="CA"><value>false</value></Data><Data name="NR state"><value></value></Data><Data name="RSRP"><value>-105 dBm</value></Data><Data name="RSRQ"><value>-11</value></Data><Data name="LAYER"><value>1</value></Data><Data name="PC"><value>2</value></Data><Data name="DL_BITRATE"><value>0 kbps</value></Data><Data name="UL_BITRATE"><value>0 kbps</value></Data><Data name="IP"><value>10.120.121.23</value></Data><Data name="SNR"><value>13.0</value></Data><Data name="PHONE STATE"><value>I</value></Data><Data name="IMEI"><value></value></Data><Data name="SPEED"><value>37 km/h</value></Data><Data name="HEIGHT"><value>-4m</value></Data><Data name="ALTITUDE"><value>-4m</value></Data><Data name="LOCATION"><value>G</value></Data><Data name="ACCURACY"><value>3m</value></Data><Data name="DISTANCE"><value>-1m</value></Data><Data name="SITE BEARING"><value>1000deg</value></Data><Data name="ANTENNA BEARING"><value>1000deg</value></Data><Data name="CELLHEX"><value>12</value></Data><Data name="NODEHEX"><value>0</value></Data><Data name="LACHEX"><value>1</value></Data><Data name="RAWCELLID"><value>18</value></Data><Data name="TIME"><value>2026.08.18_16.44.38</value></Data><Data name="NEI1"><value>TECH:5G CELLID:18 LAC:1 CELL:2 ARFCN:644640 LEVEL:-105 QUAL:-11 </value></Data><Data name="NEI2"><value>TECH:5G CELLID:17 LAC:1 CELL:1 ARFCN:637248 LEVEL:-107 QUAL:-11 </value></Data><Data name="NEI3"><value></value></Data><Data name="NEI4"><value></value></Data><Data name="NEI5"><value></value></Data><Data name="NEI6"><value></value></Data></ExtendedData><Style><LabelStyle><scale>0.0</scale> </LabelStyle><IconStyle><color>FFFF00FF</color><scale>0.5</scale><Icon><href>http://maps.google.com/mapfiles/kml/shapes/shaded_dot.png</href></Icon></IconStyle></Style><Point><coordinates>-75.75926196,39.66415233,0</coordinates></Point></Placemark><Placemark><name>5G</name><ExtendedData><Data name="CGI"><value>3150100000100018</value></Data><Data name="CELLNAME"><value></value></Data><Data name="CELLID"><value>18</value></Data><Data name="RNC"><value>0</value></Data><Data name="TAC"><value>1</value></Data><Data name="TECHNOLOGY"><value>5G NSA</value></Data><Data name="MODE"><value>5G</value></Data><Data name="ARFCN"><value>644640</value></Data><Data name="BAND"><value>N48</value></Data><Data name="BANDWIDTH"><value></value></Data><Data name="CA"><value>false</value></Data><Data name="NR state"><value></value></Data><Data name="RSRP"><value>-105 dBm</value></Data><Data name="RSRQ"><value>-11</value></Data><Data name="LAYER"><value>1</value></Data><Data name="PC"><value>2</value></Data><Data name="DL_BITRATE"><value>0 kbps</value></Data><Data name="UL_BITRATE"><value>0 kbps</value></Data><Data name="IP"><value>10.120.121.23</value></Data><Data name="SNR"><value>13.0</value></Data><Data name="PHONE STATE"><value>I</value></Data><Data name="IMEI"><value></value></Data><Data name="SPEED"><value>28 km/h</value></Data><Data name="HEIGHT"><value>-4m</value></Data><Data name="ALTITUDE"><value>-4m</value></Data><Data name="LOCATION"><value>G</value></Data><Data name="ACCURACY"><value>3m</value></Data><Data name="DISTANCE"><value>-1m</value></Data><Data name="SITE BEARING"><value>1000deg</value></Data><Data name="ANTENNA BEARING"><value>1000deg</value></Data><Data name="CELLHEX"><value>12</value></Data><Data name="NODEHEX"><value>0</value></Data><Data name="LACHEX"><value>1</value></Data><Data name="RAWCELLID"><value>18</value></Data><Data name="TIME"><value>2026.08.18_16.44.40</value></Data><Data name="NEI1"><value>TECH:5G CELLID:18 LAC:1 CELL:2 ARFCN:644640 LEVEL:-105 QUAL:-11 </value></Data><Data name="NEI2"><value>TECH:5G CELLID:17 LAC:1 CELL:1 ARFCN:637248 LEVEL:-107 QUAL:-11 </value></Data><Data name="NEI3"><value></value></Data><Data name="NEI4"><value></value></Data><Data name="NEI5"><value></value></Data><Data name="NEI6"><value></value></Data></ExtendedData><Style><LabelStyle><scale>0.0</scale> </LabelStyle><IconStyle><color>FFFF00FF</color><scale>0.5</scale><Icon><href>http://maps.google.com/mapfiles/kml/shapes/shaded_dot.png</href></Icon></IconStyle></Style><Point><coordinates>-75.75924447,39.66400205,0</coordinates></Point></Placemark><Placemark><name>5G</name><ExtendedData><Data name="CGI"><value>3150100000100018</value></Data><Data name="CELLNAME"><value></value></Data><Data name="CELLID"><value>18</value></Data><Data name="RNC"><value>0</value></Data><Data name="TAC"><value>1</value></Data><Data name="TECHNOLOGY"><value>5G NSA</value></Data><Data name="MODE"><value>5G</value></Data><Data name="ARFCN"><value>644640</value></Data><Data name="BAND"><value>N48</value></Data><Data name="BANDWIDTH"><value></value></Data><Data name="CA"><value>false</value></Data><Data name="NR state"><value></value></Data><Data name="RSRP"><value>-105 dBm</value></Data><Data name="RSRQ"><value>-11</value></Data><Data name="LAYER"><value>1</value></Data><Data name="PC"><value>2</value></Data><Data name="DL_BITRATE"><value>0 kbps</value></Data><Data name="UL_BITRATE"><value>0 kbps</value></Data><Data name="IP"><value>10.120.121.23</value></Data><Data name="SNR"><value>13.0</value></Data><Data name="PHONE STATE"><value>I</value></Data><Data name="IMEI"><value></value></Data><Data name="SPEED"><value>19 km/h</value></Data><Data name="HEIGHT"><value>-4m</value></Data><Data name="ALTITUDE"><value>-4m</value></Data><Data name="LOCATION"><value>G</value></Data><Data name="ACCURACY"><value>3m</value></Data><Data name="DISTANCE"><value>-1m</value></Data><Data name="SITE BEARING"><value>1000deg</value></Data><Data name="ANTENNA BEARING"><value>1000deg</value></Data><Data name="CELLHEX"><value>12</value></Data><Data name="NODEHEX"><value>0</value></Data><Data name="LACHEX"><value>1</value></Data><Data name="RAWCELLID"><value>18</value></Data><Data name="TIME"><value>2026.08.18_16.44.42</value></Data><Data name="NEI1"><value>TECH:5G CELLID:18 LAC:1 CELL:2 ARFCN:644640 LEVEL:-105 QUAL:-11 </value></Data><Data name="NEI2"><value>TECH:5G CELLID:17 LAC:1 CELL:1 ARFCN:637248 LEVEL:-109 QUAL:-11 </value></Data><Data name="NEI3"><value></value></Data><Data name="NEI4"><value></value></Data><Data name="NEI5"><value></value></Data><Data name="NEI6"><value></value></Data></ExtendedData><Style><LabelStyle><scale>0.0</scale> </LabelStyle><IconStyle><color>FFFF00FF</color><scale>0.5</scale><Icon><href>http://maps.google.com/mapfiles/kml/shapes/shaded_dot.png</href></Icon></IconStyle></Style><Point><coordinates>-75.7592338,39.6639051,0</coordinates></Point></Placemark><Placemark><name>5G</name><ExtendedData><Data name="CGI"><value>3150100000100018</value></Data><Data name="CELLNAME"><value></value></Data><Data name="CELLID"><value>18</value></Data><Data name="RNC"><value>0</value></Data><Data name="TAC"><value>1</value></Data><Data name="TECHNOLOGY"><value>5G NSA</value></Data><Data name="MODE"><value>5G</value></Data><Data name="ARFCN"><value>644640</value></Data><Data name="BAND"><value>N48</value></Data><Data name="BANDWIDTH"><value></value></Data><Data name="CA"><value>false</value></Data><Data name="NR state"><value></value></Data><Data name="RSRP"><value>-105 dBm</value></Data><Data name="RSRQ"><value>-11</value></Data><Data name="LAYER"><value>1</value></Data><Data name="PC"><value>2</value></Data><Data name="DL_BITRATE"><value>0 kbps</value></Data><Data name="UL_BITRATE"><value>0 kbps</value></Data><Data name="IP"><value>10.120.121.23</value></Data><Data name="SNR"><value>13.0</value></Data><Data name="PHONE STATE"><value>I</value></Data><Data name="IMEI"><value></value></Data><Data name="SPEED"><value>23 km/h</value></Data><Data name="HEIGHT"><value>-4m</value></Data><Data name="ALTITUDE"><value>-4m</value></Data><Data name="LOCATION"><value>G</value></Data><Data name="ACCURACY"><value>3m</value></Data><Data name="DISTANCE"><value>-1m</value></Data><Data name="SITE BEARING"><value>1000deg</value></Data><Data name="ANTENNA BEARING"><value>1000deg</value></Data><Data name="CELLHEX"><value>12</value></Data><Data name="NODEHEX"><value>0</value></Data><Data name="LACHEX"><value>1</value></Data><Data name="RAWCELLID"><value>18</value></Data><Data name="TIME"><value>2026.08.18_16.44.44</value></Data><Data name="NEI1"><value>TECH:5G CELLID:18 LAC:1 CELL:2 ARFCN:644640 LEVEL:-105 QUAL:-11 </value></Data><Data name="NEI2"><value>TECH:5G CELLID:17 LAC:1 CELL:1 ARFCN:637248 LEVEL:-113 QUAL:-11 </value></Data><Data name="NEI3"><value></value></Data><Data name="NEI4"><value></value></Data><Data name="NEI5"><value></value></Data><Data name="NEI6"><value></value></Data></ExtendedData><Style><LabelStyle><scale>0.0</scale> </LabelStyle><IconStyle><color>FFFF00FF</color><scale>0.5</scale><Icon><href>http://maps.google.com/mapfiles/kml/shapes/shaded_dot.png</href></Icon></IconStyle></Style><Point><coordinates>-75.75921564,39.66379422,0</coordinates></Point></Placemark><Placemark><name>5G</name><ExtendedData><Data name="CGI"><value>3150100000100018</value></Data><Data name="CELLNAME"><value></value></Data><Data name="CELLID"><value>18</value></Data><Data name="RNC"><value>0</value></Data><Data name="TAC"><value>1</value></Data><Data name="TECHNOLOGY"><value>5G NSA</value></Data><Data name="MODE"><value>5G</value></Data><Data name="ARFCN"><value>644640</value></Data><Data name="BAND"><value>N48</value></Data><Data name="BANDWIDTH"><value></value></Data><Data name="CA"><value>false</value></Data><Data name="NR state"><value></value></Data><Data name="RSRP"><value>-105 dBm</value></Data><Data name="RSRQ"><value>-11</value></Data><Data name="LAYER"><value>1</value></Data><Data name="PC"><value>2</value></Data><Data name="DL_BITRATE"><value>0 kbps</value></Data><Data name="UL_BITRATE"><value>0 kbps</value></Data><Data name="IP"><value>10.120.121.23</value></Data><Data name="SNR"><value>13.0</value></Data><Data name="PHONE STATE"><value>I</value></Data><Data name="IMEI"><value></value></Data><Data name="SPEED"><value>30 km/h</value></Data><Data name="HEIGHT"><value>-4m</value></Data><Data name="ALTITUDE"><value>-4m</value></Data><Data name="LOCATION"><value>G</value></Data><Data name="ACCURACY"><value>3m</value></Data><Data name="DISTANCE"><value>-1m</value></Data><Data name="SITE BEARING"><value>1000deg</value></Data><Data name="ANTENNA BEARING"><value>1000deg</value></Data><Data name="CELLHEX"><value>12</value></Data><Data name="NODEHEX"><value>0</value></Data><Data name="LACHEX"><value>1</value></Data><Data name="RAWCELLID"><value>18</value></Data><Data name="TIME"><value>2026.08.18_16.44.46</value></Data><Data name="NEI1"><value>TECH:5G CELLID:18 LAC:1 CELL:2 ARFCN:644640 LEVEL:-105 QUAL:-11 </value></Data><Data name="NEI2"><value>TECH:5G CELLID:17 LAC:1 CELL:1 ARFCN:637248 LEVEL:-113 QUAL:-11 </value></Data><Data name="NEI3"><value></value></Data><Data name="NEI4"><value></value></Data><Data name="NEI5"><value></value></Data><Data name="NEI6"><value></value></Data></ExtendedData><Style><LabelStyle><scale>0.0</scale> </LabelStyle><IconStyle><color>FFFF00FF</color><scale>0.5</scale><Icon><href>http://maps.google.com/mapfiles/kml/shapes/shaded_dot.png</href></Icon></IconStyle></Style><Point><coordinates>-75.75919644,39.66364891,0</coordinates></Point></Placemark><Placemark><name>5G</name><ExtendedData><Data name="CGI"><value>3150100000100018</value></Data><Data name="CELLNAME"><value></value></Data><Data name="CELLID"><value>18</value></Data><Data name="RNC"><value>0</value></Data><Data name="TAC"><value>1</value></Data><Data name="TECHNOLOGY"><value>5G NSA</value></Data><Data name="MODE"><value>5G</value></Data><Data name="ARFCN"><value>644640</value></Data><Data name="BAND"><value>N48</value></Data><Data name="BANDWIDTH"><value></value></Data><Data name="CA"><value>false</value></Data><Data name="NR state"><value></value></Data><Data name="RSRP"><value>-105 dBm</value></Data><Data name="RSRQ"><value>-11</value></Data><Data name="LAYER"><value>1</value></Data><Data name="PC"><value>2</value></Data><Data name="DL_BITRATE"><value>0 kbps</value></Data><Data name="UL_BITRATE"><value>0 kbps</value></Data><Data name="IP"><value>10.120.121.23</value></Data><Data name="SNR"><value>13.0</value></Data><Data name="PHONE STATE"><value>I</value></Data><Data name="IMEI"><value></value></Data><Data name="SPEED"><value>36 km/h</value></Data><Data name="HEIGHT"><value>-3m</value></Data><Data name="ALTITUDE"><value>-3m</value></Data><Data name="LOCATION"><value>G</value></Data><Data name="ACCURACY"><value>3m</value></Data><Data name="DISTANCE"><value>-1m</value></Data><Data name="SITE BEARING"><value>1000deg</value></Data><Data name="ANTENNA BEARING"><value>1000deg</value></Data><Data name="CELLHEX"><value>12</value></Data><Data name="NODEHEX"><value>0</value></Data><Data name="LACHEX"><value>1</value></Data><Data name="RAWCELLID"><value>18</value></Data><Data name="TIME"><value>2026.08.18_16.44.48</value></Data><Data name="NEI1"><value>TECH:5G CELLID:18 LAC:1 CELL:2 ARFCN:644640 LEVEL:-105 QUAL:-11 </value></Data><Data name="NEI2"><value>TECH:5G CELLID:17 LAC:1 CELL:1 ARFCN:637248 LEVEL:-112 QUAL:-11 </value></Data><Data name="NEI3"><value></value></Data><Data name="NEI4"><value></value></Data><Data name="NEI5"><value></value></Data><Data name="NEI6"><value></value></Data></ExtendedData><Style><LabelStyle><scale>0.0</scale> </LabelStyle><IconStyle><color>FFFF00FF</color><scale>0.5</scale><Icon><href>http://maps.google.com/mapfiles/kml/shapes/shaded_dot.png</href></Icon></IconStyle></Style><Point><coordinates>-75.7591775,39.66346769,0</coordinates></Point></Placemark><Placemark><name>5G</name><ExtendedData><Data name="CGI"><value>3150100000100018</value></Data><Data name="CELLNAME"><value></value></Data><Data name="CELLID"><value>18</value></Data><Data name="RNC"><value>0</value></Data><Data name="TAC"><value>1</value></Data><Data name="TECHNOLOGY"><value>5G NSA</value></Data><Data name="MODE"><value>5G</value></Data><Data name="ARFCN"><value>644640</value></Data><Data name="BAND"><value>N48</value></Data><Data name="BANDWIDTH"><value></value></Data><Data name="CA"><value>false</value></Data><Data name="NR state"><value></value></Data><Data name="RSRP"><value>-105 dBm</value></Data><Data name="RSRQ"><value>-11</value></Data><Data name="LAYER"><value>1</value></Data><Data name="PC"><value>2</value></Data><Data name="DL_BITRATE"><value>0 kbps</value></Data><Data name="UL_BITRATE"><value>0 kbps</value></Data><Data name="IP"><value>10.120.121.23</value></Data><Data name="SNR"><value>13.0</value></Data><Data name="PHONE STATE"><value>I</value></Data><Data name="IMEI"><value></value></Data><Data name="SPEED"><value>39 km/h</value></Data><Data name="HEIGHT"><value>-3m</value></Data><Data name="ALTITUDE"><value>-3m</value></Data><Data name="LOCATION"><value>G</value></Data><Data name="ACCURACY"><value>3m</value></Data><Data name="DISTANCE"><value>-1m</value></Data><Data name="SITE BEARING"><value>1000deg</value></Data><Data name="ANTENNA BEARING"><value>1000deg</value></Data><Data name="CELLHEX"><value>12</value></Data><Data name="NODEHEX"><value>0</value></Data><Data name="LACHEX"><value>1</value></Data><Data name="RAWCELLID"><value>18</value></Data><Data name="TIME"><value>2026.08.18_16.44.49</value></Data><Data name="NEI1"><value>TECH:5G CELLID:18 LAC:1 CELL:2 ARFCN:644640 LEVEL:-105 QUAL:-11 </value></Data><Data name="NEI2"><value>TECH:5G CELLID:17 LAC:1 CELL:1 ARFCN:637248 LEVEL:-112 QUAL:-11 </value></Data><Data name="NEI3"><value></value></Data><Data name="NEI4"><value></value></Data><Data name="NEI5"><value></value></Data><Data name="NEI6"><value></value></Data></ExtendedData><Style><LabelStyle><scale>0.0</scale> </LabelStyle><IconStyle><color>FFFF00FF</color><scale>0.5</scale><Icon><href>http://maps.google.com/mapfiles/kml/shapes/shaded_dot.png</href></Icon></IconStyle></Style><Point><coordinates>-75.75916546,39.66336855,0</coordinates></Point></Placemark><Placemark><name>5G</name><ExtendedData><Data name="CGI"><value>3150100000100018</value></Data><Data name="CELLNAME"><value></value></Data><Data name="CELLID"><value>18</value></Data><Data name="RNC"><value>0</value></Data><Data name="TAC"><value>1</value></Data><Data name="TECHNOLOGY"><value>5G NSA</value></Data><Data name="MODE"><value>5G</value></Data><Data name="ARFCN"><value>644640</value></Data><Data name="BAND"><value>N48</value></Data><Data name="BANDWIDTH"><value></value></Data><Data name="CA"><value>false</value></Data><Data name="NR state"><value></value></Data><Data name="RSRP"><value>-105 dBm</value></Data><Data name="RSRQ"><value>-11</value></Data><Data name="LAYER"><value>1</value></Data><Data name="PC"><value>2</value></Data><Data name="DL_BITRATE"><value>0 kbps</value></Data><Data name="UL_BITRATE"><value>1 kbps</value></Data><Data name="IP"><value>10.120.121.23</value></Data><Data name="SNR"><value>13.0</value></Data><Data name="PHONE STATE"><value>D</value></Data><Data name="IMEI"><value></value></Data><Data name="SPEED"><value>40 km/h</value></Data><Data name="HEIGHT"><value>-3m</value></Data><Data name="ALTITUDE"><value>-3m</value></Data><Data name="LOCATION"><value>G</value></Data><Data name="ACCURACY"><value>3m</value></Data><Data name="DISTANCE"><value>-1m</value></Data><Data name="SITE BEARING"><value>1000deg</value></Data><Data name="ANTENNA BEARING"><value>1000deg</value></Data><Data name="CELLHEX"><value>12</value></Data><Data name="NODEHEX"><value>0</value></Data><Data name="LACHEX"><value>1</value></Data><Data name="RAWCELLID"><value>18</value></Data><Data name="TIME"><value>2026.08.18_16.44.50</value></Data><Data name="NEI1"><value>TECH:5G CELLID:18 LAC:1 CELL:2 ARFCN:644640 LEVEL:-105 QUAL:-11 </value></Data><Data name="NEI2"><value>TECH:5G CELLID:17 LAC:1 CELL:1 ARFCN:637248 LEVEL:-112 QUAL:-11 </value></Data><Data name="NEI3"><value></value></Data><Data name="NEI4"><value></value></Data><Data name="NEI5"><value></value></Data><Data name="NEI6"><value></value></Data></ExtendedData><Style><LabelStyle><scale>0.0</scale> </LabelStyle><IconStyle><color>FFFF00FF</color><scale>0.5</scale><Icon><href>http://maps.google.com/mapfiles/kml/shapes/shaded_dot.png</href></Icon></IconStyle></Style><Point><coordinates>-75.75915246,39.66327003,0</coordinates></Point></Placemark><Placemark><name>5G</name><ExtendedData><Data name="CGI"><value>3150100000100018</value></Data><Data name="CELLNAME"><value></value></Data><Data name="CELLID"><value>18</value></Data><Data name="RNC"><value>0</value></Data><Data name="TAC"><value>1</value></Data><Data name="TECHNOLOGY"><value>5G NSA</value></Data><Data name="MODE"><value>5G</value></Data><Data name="ARFCN"><value>644640</value></Data><Data name="BAND"><value>N48</value></Data><Data name="BANDWIDTH"><value></value></Data><Data name="CA"><value>false</value></Data><Data name="NR state"><value></value></Data><Data name="RSRP"><value>-105 dBm</value></Data><Data name="RSRQ"><value>-11</value></Data><Data name="LAYER"><value>1</value></Data><Data name="PC"><value>2</value></Data><Data name="DL_BITRATE"><value>0 kbps</value></Data><Data name="UL_BITRATE"><value>0 kbps</value></Data><Data name="IP"><value>10.120.121.23</value></Data><Data name="SNR"><value>13.0</value></Data><Data name="PHONE STATE"><value>I</value></Data><Data name="IMEI"><value></value></Data><Data name="SPEED"><value>40 km/h</value></Data><Data name="HEIGHT"><value>-3m</value></Data><Data name="ALTITUDE"><value>-3m</value></Data><Data name="LOCATION"><value>G</value></Data><Data name="ACCURACY"><value>3m</value></Data><Data name="DISTANCE"><value>-1m</value></Data><Data name="SITE BEARING"><value>1000deg</value></Data><Data name="ANTENNA BEARING"><value>1000deg</value></Data><Data name="CELLHEX"><value>12</value></Data><Data name="NODEHEX"><value>0</value></Data><Data name="LACHEX"><value>1</value></Data><Data name="RAWCELLID"><value>18</value></Data><Data name="TIME"><value>2026.08.18_16.44.51</value></Data><Data name="NEI1"><value>TECH:5G CELLID:18 LAC:1 CELL:2 ARFCN:644640 LEVEL:-105 QUAL:-11 </value></Data><Data name="NEI2"><value>TECH:5G CELLID:17 LAC:1 CELL:1 ARFCN:637248 LEVEL:-112 QUAL:-11 </value></Data><Data name="NEI3"><value></value></Data><Data name="NEI4"><value></value></Data><Data name="NEI5"><value></value></Data><Data name="NEI6"><value></value></Data></ExtendedData><Style><LabelStyle><scale>0.0</scale> </LabelStyle><IconStyle><color>FFFF00FF</color><scale>0.5</scale><Icon><href>http://maps.google.com/mapfiles/kml/shapes/shaded_dot.png</href></Icon></IconStyle></Style><Point><coordinates>-75.75914016,39.66316874,0</coordinates></Point></Placemark><Placemark><name>5G</name><ExtendedData><Data name="CGI"><value>3150100000100018</value></Data><Data name="CELLNAME"><value></value></Data><Data name="CELLID"><value>18</value></Data><Data name="RNC"><value>0</value></Data><Data name="TAC"><value>1</value></Data><Data name="TECHNOLOGY"><value>5G NSA</value></Data><Data name="MODE"><value>5G</value></Data><Data name="ARFCN"><value>644640</value></Data><Data name="BAND"><value>N48</value></Data><Data name="BANDWIDTH"><value></value></Data><Data name="CA"><value>false</value></Data><Data name="NR state"><value></value></Data><Data name="RSRP"><value>-105 dBm</value></Data><Data name="RSRQ"><value>-11</value></Data><Data name="LAYER"><value>1</value></Data><Data name="PC"><value>2</value></Data><Data name="DL_BITRATE"><value>0 kbps</value></Data><Data name="UL_BITRATE"><value>0 kbps</value></Data><Data name="IP"><value>10.120.121.23</value></Data><Data name="SNR"><value>13.0</value></Data><Data name="PHONE STATE"><value>I</value></Data><Data name="IMEI"><value></value></Data><Data name="SPEED"><value>39 km/h</value></Data><Data name="HEIGHT"><value>-3m</value></Data><Data name="ALTITUDE"><value>-3m</value></Data><Data name="LOCATION"><value>G</value></Data><Data name="ACCURACY"><value>3m</value></Data><Data name="DISTANCE"><value>-1m</value></Data><Data name="SITE BEARING"><value>1000deg</value></Data><Data name="ANTENNA BEARING"><value>1000deg</value></Data><Data name="CELLHEX"><value>12</value></Data><Data name="NODEHEX"><value>0</value></Data><Data name="LACHEX"><value>1</value></Data><Data name="RAWCELLID"><value>18</value></Data><Data name="TIME"><value>2026.08.18_16.44.52</value></Data><Data name="NEI1"><value>TECH:5G CELLID:18 LAC:1 CELL:2 ARFCN:644640 LEVEL:-105 QUAL:-11 </value></Data><Data name="NEI2"><value>TECH:5G CELLID:17 LAC:1 CELL:1 ARFCN:637248 LEVEL:-106 QUAL:-11 </value></Data><Data name="NEI3"><value></value></Data><Data name="NEI4"><value></value></Data><Data name="NEI5"><value></value></Data><Data name="NEI6"><value></value></Data></ExtendedData><Style><LabelStyle><scale>0.0</scale> </LabelStyle><IconStyle><color>FFFF00FF</color><scale>0.5</scale><Icon><href>http://maps.google.com/mapfiles/kml/shapes/shaded_dot.png</href></Icon></IconStyle></Style><Point><coordinates>-75.75912812,39.66306733,0</coordinates></Point></Placemark><Placemark><name>5G</name><ExtendedData><Data name="CGI"><value>3150100000100018</value></Data><Data name="CELLNAME"><value></value></Data><Data name="CELLID"><value>18</value></Data><Data name="RNC"><value>0</value></Data><Data name="TAC"><value>1</value></Data><Data name="TECHNOLOGY"><value>5G NSA</value></Data><Data name="MODE"><value>5G</value></Data><Data name="ARFCN"><value>644640</value></Data><Data name="BAND"><value>N48</value></Data><Data name="BANDWIDTH"><value></value></Data><Data name="CA"><value>false</value></Data><Data name="NR state"><value></value></Data><Data name="RSRP"><value>-105 dBm</value></Data><Data name="RSRQ"><value>-11</value></Data><Data name="LAYER"><value>1</value></Data><Data name="PC"><value>2</value></Data><Data name="DL_BITRATE"><value>0 kbps</value></Data><Data name="UL_BITRATE"><value>0 kbps</value></Data><Data name="IP"><value>10.120.121.23</value></Data><Data name="SNR"><value>13.0</value></Data><Data name="PHONE STATE"><value>I</value></Data><Data name="IMEI"><value></value></Data><Data name="SPEED"><value>36 km/h</value></Data><Data name="HEIGHT"><value>-2m</value></Data><Data name="ALTITUDE"><value>-2m</value></Data><Data name="LOCATION"><value>G</value></Data><Data name="ACCURACY"><value>3m</value></Data><Data name="DISTANCE"><value>-1m</value></Data><Data name="SITE BEARING"><value>1000deg</value></Data><Data name="ANTENNA BEARING"><value>1000deg</value></Data><Data name="CELLHEX"><value>12</value></Data><Data name="NODEHEX"><value>0</value></Data><Data name="LACHEX"><value>1</value></Data><Data name="RAWCELLID"><value>18</value></Data><Data name="TIME"><value>2026.08.18_16.44.53</value></Data><Data name="NEI1"><value>TECH:5G CELLID:18 LAC:1 CELL:2 ARFCN:644640 LEVEL:-105 QUAL:-11 </value></Data><Data name="NEI2"><value>TECH:5G CELLID:17 LAC:1 CELL:1 ARFCN:637248 LEVEL:-106 QUAL:-11 </value></Data><Data name="NEI3"><value></value></Data><Data name="NEI4"><value></value></Data><Data name="NEI5"><value></value></Data><Data name="NEI6"><value></value></Data></ExtendedData><Style><LabelStyle><scale>0.0</scale> </LabelStyle><IconStyle><color>FFFF00FF</color><scale>0.5</scale><Icon><href>http://maps.google.com/mapfiles/kml/shapes/shaded_dot.png</href></Icon></IconStyle></Style><Point><coordinates>-75.75911361,39.66297646,0</coordinates></Point></Placemark><Placemark><name>5G</name><ExtendedData><Data name="CGI"><value>3150100000100018</value></Data><Data name="CELLNAME"><value></value></Data><Data name="CELLID"><value>18</value></Data><Data name="RNC"><value>0</value></Data><Data name="TAC"><value>1</value></Data><Data name="TECHNOLOGY"><value>5G NSA</value></Data><Data name="MODE"><value>5G</value></Data><Data name="ARFCN"><value>644640</value></Data><Data name="BAND"><value>N48</value></Data><Data name="BANDWIDTH"><value></value></Data><Data name="CA"><value>false</value></Data><Data name="NR state"><value></value></Data><Data name="RSRP"><value>-105 dBm</value></Data><Data name="RSRQ"><value>-11</value></Data><Data name="LAYER"><value>1</value></Data><Data name="PC"><value>2</value></Data><Data name="DL_BITRATE"><value>0 kbps</value></Data><Data name="UL_BITRATE"><value>0 kbps</value></Data><Data name="IP"><value>10.120.121.23</value></Data><Data name="SNR"><value>13.0</value></Data><Data name="PHONE STATE"><value>I</value></Data><Data name="IMEI"><value></value></Data><Data name="SPEED"><value>26 km/h</value></Data><Data name="HEIGHT"><value>-2m</value></Data><Data name="ALTITUDE"><value>-2m</value></Data><Data name="LOCATION"><value>G</value></Data><Data name="ACCURACY"><value>3m</value></Data><Data name="DISTANCE"><value>-1m</value></Data><Data name="SITE BEARING"><value>1000deg</value></Data><Data name="ANTENNA BEARING"><value>1000deg</value></Data><Data name="CELLHEX"><value>12</value></Data><Data name="NODEHEX"><value>0</value></Data><Data name="LACHEX"><value>1</value></Data><Data name="RAWCELLID"><value>18</value></Data><Data name="TIME"><value>2026.08.18_16.44.55</value></Data><Data name="NEI1"><value>TECH:5G CELLID:17 LAC:1 CELL:1 ARFCN:637248 LEVEL:-99 QUAL:-11 </value></Data><Data name="NEI2"><value>TECH:5G CELLID:18 LAC:1 CELL:2 ARFCN:644640 LEVEL:-105 QUAL:-11 </value></Data><Data name="NEI3"><value></value></Data><Data name="NEI4"><value></value></Data><Data name="NEI5"><value></value></Data><Data name="NEI6"><value></value></Data></ExtendedData><Style><LabelStyle><scale>0.0</scale> </LabelStyle><IconStyle><color>FFFF00FF</color><scale>0.5</scale><Icon><href>http://maps.google.com/mapfiles/kml/shapes/shaded_dot.png</href></Icon></IconStyle></Style><Point><coordinates>-75.75907123,39.66285114,0</coordinates></Point></Placemark><Placemark><name>5G</name><ExtendedData><Data name="CGI"><value>3150100000100018</value></Data><Data name="CELLNAME"><value></value></Data><Data name="CELLID"><value>18</value></Data><Data name="RNC"><value>0</value></Data><Data name="TAC"><value>1</value></Data><Data name="TECHNOLOGY"><value>5G NSA</value></Data><Data name="MODE"><value>5G</value></Data><Data name="ARFCN"><value>644640</value></Data><Data name="BAND"><value>N48</value></Data><Data name="BANDWIDTH"><value></value></Data><Data name="CA"><value>false</value></Data><Data name="NR state"><value></value></Data><Data name="RSRP"><value>-105 dBm</value></Data><Data name="RSRQ"><value>-11</value></Data><Data name="LAYER"><value>1</value></Data><Data name="PC"><value>2</value></Data><Data name="DL_BITRATE"><value>0 kbps</value></Data><Data name="UL_BITRATE"><value>0 kbps</value></Data><Data name="IP"><value>10.120.121.23</value></Data><Data name="SNR"><value>13.0</value></Data><Data name="PHONE STATE"><value>I</value></Data><Data name="IMEI"><value></value></Data><Data name="SPEED"><value>24 km/h</value></Data><Data name="HEIGHT"><value>-3m</value></Data><Data name="ALTITUDE"><value>-3m</value></Data><Data name="LOCATION"><value>G</value></Data><Data name="ACCURACY"><value>3m</value></Data><Data name="DISTANCE"><value>-1m</value></Data><Data name="SITE BEARING"><value>1000deg</value></Data><Data name="ANTENNA BEARING"><value>1000deg</value></Data><Data name="CELLHEX"><value>12</value></Data><Data name="NODEHEX"><value>0</value></Data><Data name="LACHEX"><value>1</value></Data><Data name="RAWCELLID"><value>18</value></Data><Data name="TIME"><value>2026.08.18_16.44.57</value></Data><Data name="NEI1"><value>TECH:5G CELLID:17 LAC:1 CELL:1 ARFCN:637248 LEVEL:-102 QUAL:-11 </value></Data><Data name="NEI2"><value>TECH:5G CELLID:18 LAC:1 CELL:2 ARFCN:644640 LEVEL:-105 QUAL:-11 </value></Data><Data name="NEI3"><value></value></Data><Data name="NEI4"><value></value></Data><Data name="NEI5"><value></value></Data><Data name="NEI6"><value></value></Data></ExtendedData><Style><LabelStyle><scale>0.0</scale> </LabelStyle><IconStyle><color>FFFF00FF</color><scale>0.5</scale><Icon><href>http://maps.google.com/mapfiles/kml/shapes/shaded_dot.png</href></Icon></IconStyle></Style><Point><coordinates>-75.75894592,39.66277922,0</coordinates></Point></Placemark><Placemark><name>5G</name><ExtendedData><Data name="CGI"><value>3150100000100018</value></Data><Data name="CELLNAME"><value></value></Data><Data name="CELLID"><value>18</value></Data><Data name="RNC"><value>0</value></Data><Data name="TAC"><value>1</value></Data><Data name="TECHNOLOGY"><value>5G NSA</value></Data><Data name="MODE"><value>5G</value></Data><Data name="ARFCN"><value>644640</value></Data><Data name="BAND"><value>N48</value></Data><Data name="BANDWIDTH"><value></value></Data><Data name="CA"><value>false</value></Data><Data name="NR state"><value></value></Data><Data name="RSRP"><value>-105 dBm</value></Data><Data name="RSRQ"><value>-11</value></Data><Data name="LAYER"><value>1</value></Data><Data name="PC"><value>2</value></Data><Data name="DL_BITRATE"><value>0 kbps</value></Data><Data name="UL_BITRATE"><value>0 kbps</value></Data><Data name="IP"><value>10.120.121.23</value></Data><Data name="SNR"><value>13.0</value></Data><Data name="PHONE STATE"><value>I</value></Data><Data name="IMEI"><value></value></Data><Data name="SPEED"><value>28 km/h</value></Data><Data name="HEIGHT"><value>-3m</value></Data><Data name="ALTITUDE"><value>-3m</value></Data><Data name="LOCATION"><value>G</value></Data><Data name="ACCURACY"><value>3m</value></Data><Data name="DISTANCE"><value>-1m</value></Data><Data name="SITE BEARING"><value>1000deg</value></Data><Data name="ANTENNA BEARING"><value>1000deg</value></Data><Data name="CELLHEX"><value>12</value></Data><Data name="NODEHEX"><value>0</value></Data><Data name="LACHEX"><value>1</value></Data><Data name="RAWCELLID"><value>18</value></Data><Data name="TIME"><value>2026.08.18_16.44.59</value></Data><Data name="NEI1"><value>TECH:5G CELLID:17 LAC:1 CELL:1 ARFCN:637248 LEVEL:-101 QUAL:-11 </value></Data><Data name="NEI2"><value>TECH:5G CELLID:18 LAC:1 CELL:2 ARFCN:644640 LEVEL:-105 QUAL:-11 </value></Data><Data name="NEI3"><value></value></Data><Data name="NEI4"><value></value></Data><Data name="NEI5"><value></value></Data><Data name="NEI6"><value></value></Data></ExtendedData><Style><LabelStyle><scale>0.0</scale> </LabelStyle><IconStyle><color>FFFF00FF</color><scale>0.5</scale><Icon><href>http://maps.google.com/mapfiles/kml/shapes/shaded_dot.png</href></Icon></IconStyle></Style><Point><coordinates>-75.75876537,39.66277823,0</coordinates></Point></Placemark><Placemark><name>5G</name><ExtendedData><Data name="CGI"><value>3150100000100018</value></Data><Data name="CELLNAME"><value></value></Data><Data name="CELLID"><value>18</value></Data><Data name="RNC"><value>0</value></Data><Data name="TAC"><value>1</value></Data><Data name="TECHNOLOGY"><value>5G NSA</value></Data><Data name="MODE"><value>5G</value></Data><Data name="ARFCN"><value>644640</value></Data><Data name="BAND"><value>N48</value></Data><Data name="BANDWIDTH"><value></value></Data><Data name="CA"><value>false</value></Data><Data name="NR state"><value></value></Data><Data name="RSRP"><value>-105 dBm</value></Data><Data name="RSRQ"><value>-11</value></Data><Data name="LAYER"><value>1</value></Data><Data name="PC"><value>2</value></Data><Data name="DL_BITRATE"><value>0 kbps</value></Data><Data name="UL_BITRATE"><value>0 kbps</value></Data><Data name="IP"><value>10.120.121.23</value></Data><Data name="SNR"><value>13.0</value></Data><Data name="PHONE STATE"><value>I</value></Data><Data name="IMEI"><value></value></Data><Data name="SPEED"><value>32 km/h</value></Data><Data name="HEIGHT"><value>-3m</value></Data><Data name="ALTITUDE"><value>-3m</value></Data><Data name="LOCATION"><value>G</value></Data><Data name="ACCURACY"><value>3m</value></Data><Data name="DISTANCE"><value>-1m</value></Data><Data name="SITE BEARING"><value>1000deg</value></Data><Data name="ANTENNA BEARING"><value>1000deg</value></Data><Data name="CELLHEX"><value>12</value></Data><Data name="NODEHEX"><value>0</value></Data><Data name="LACHEX"><value>1</value></Data><Data name="RAWCELLID"><value>18</value></Data><Data name="TIME"><value>2026.08.18_16.45.01</value></Data><Data name="NEI1"><value>TECH:5G CELLID:18 LAC:1 CELL:2 ARFCN:644640 LEVEL:-105 QUAL:-11 </value></Data><Data name="NEI2"><value>TECH:5G CELLID:17 LAC:1 CELL:1 ARFCN:637248 LEVEL:-106 QUAL:-11 </value></Data><Data name="NEI3"><value></value></Data><Data name="NEI4"><value></value></Data><Data name="NEI5"><value></value></Data><Data name="NEI6"><value></value></Data></ExtendedData><Style><LabelStyle><scale>0.0</scale> </LabelStyle><IconStyle><color>FFFF00FF</color><scale>0.5</scale><Icon><href>http://maps.google.com/mapfiles/kml/shapes/shaded_dot.png</href></Icon></IconStyle></Style><Point><coordinates>-75.75856333,39.66280855,0</coordinates></Point></Placemark><Placemark><name>5G</name><ExtendedData><Data name="CGI"><value>3150100000100018</value></Data><Data name="CELLNAME"><value></value></Data><Data name="CELLID"><value>18</value></Data><Data name="RNC"><value>0</value></Data><Data name="TAC"><value>1</value></Data><Data name="TECHNOLOGY"><value>5G NSA</value></Data><Data name="MODE"><value>5G</value></Data><Data name="ARFCN"><value>644640</value></Data><Data name="BAND"><value>N48</value></Data><Data name="BANDWIDTH"><value></value></Data><Data name="CA"><value>false</value></Data><Data name="NR state"><value></value></Data><Data name="RSRP"><value>-105 dBm</value></Data><Data name="RSRQ"><value>-11</value></Data><Data name="LAYER"><value>1</value></Data><Data name="PC"><value>2</value></Data><Data name="DL_BITRATE"><value>0 kbps</value></Data><Data name="UL_BITRATE"><value>0 kbps</value></Data><Data name="IP"><value>10.120.121.23</value></Data><Data name="SNR"><value>13.0</value></Data><Data name="PHONE STATE"><value>I</value></Data><Data name="IMEI"><value></value></Data><Data name="SPEED"><value>34 km/h</value></Data><Data name="HEIGHT"><value>-3m</value></Data><Data name="ALTITUDE"><value>-3m</value></Data><Data name="LOCATION"><value>G</value></Data><Data name="ACCURACY"><value>3m</value></Data><Data name="DISTANCE"><value>-1m</value></Data><Data name="SITE BEARING"><value>1000deg</value></Data><Data name="ANTENNA BEARING"><value>1000deg</value></Data><Data name="CELLHEX"><value>12</value></Data><Data name="NODEHEX"><value>0</value></Data><Data name="LACHEX"><value>1</value></Data><Data name="RAWCELLID"><value>18</value></Data><Data name="TIME"><value>2026.08.18_16.45.03</value></Data><Data name="NEI1"><value>TECH:5G CELLID:18 LAC:1 CELL:2 ARFCN:644640 LEVEL:-105 QUAL:-11 </value></Data><Data name="NEI2"><value>TECH:5G CELLID:17 LAC:1 CELL:1 ARFCN:637248 LEVEL:-108 QUAL:-11 </value></Data><Data name="NEI3"><value></value></Data><Data name="NEI4"><value></value></Data><Data name="NEI5"><value></value></Data><Data name="NEI6"><value></value></Data></ExtendedData><Style><LabelStyle><scale>0.0</scale> </LabelStyle><IconStyle><color>FFFF00FF</color><scale>0.5</scale><Icon><href>http://maps.google.com/mapfiles/kml/shapes/shaded_dot.png</href></Icon></IconStyle></Style><Point><coordinates>-75.75833992,39.66283204,0</coordinates></Point></Placemark><Placemark><name>5G</name><ExtendedData><Data name="CGI"><value>3150100000100018</value></Data><Data name="CELLNAME"><value></value></Data><Data name="CELLID"><value>18</value></Data><Data name="RNC"><value>0</value></Data><Data name="TAC"><value>1</value></Data><Data name="TECHNOLOGY"><value>5G NSA</value></Data><Data name="MODE"><value>5G</value></Data><Data name="ARFCN"><value>644640</value></Data><Data name="BAND"><value>N48</value></Data><Data name="BANDWIDTH"><value></value></Data><Data name="CA"><value>false</value></Data><Data name="NR state"><value></value></Data><Data name="RSRP"><value>-105 dBm</value></Data><Data name="RSRQ"><value>-11</value></Data><Data name="LAYER"><value>1</value></Data><Data name="PC"><value>2</value></Data><Data name="DL_BITRATE"><value>0 kbps</value></Data><Data name="UL_BITRATE"><value>0 kbps</value></Data><Data name="IP"><value>10.120.121.23</value></Data><Data name="SNR"><value>13.0</value></Data><Data name="PHONE STATE"><value>I</value></Data><Data name="IMEI"><value></value></Data><Data name="SPEED"><value>34 km/h</value></Data><Data name="HEIGHT"><value>-3m</value></Data><Data name="ALTITUDE"><value>-3m</value></Data><Data name="LOCATION"><value>G</value></Data><Data name="ACCURACY"><value>3m</value></Data><Data name="DISTANCE"><value>-1m</value></Data><Data name="SITE BEARING"><value>1000deg</value></Data><Data name="ANTENNA BEARING"><value>1000deg</value></Data><Data name="CELLHEX"><value>12</value></Data><Data name="NODEHEX"><value>0</value></Data><Data name="LACHEX"><value>1</value></Data><Data name="RAWCELLID"><value>18</value></Data><Data name="TIME"><value>2026.08.18_16.45.04</value></Data><Data name="NEI1"><value>TECH:5G CELLID:18 LAC:1 CELL:2 ARFCN:644640 LEVEL:-105 QUAL:-11 </value></Data><Data name="NEI2"><value>TECH:5G CELLID:17 LAC:1 CELL:1 ARFCN:637248 LEVEL:-114 QUAL:-18 </value></Data><Data name="NEI3"><value></value></Data><Data name="NEI4"><value></value></Data><Data name="NEI5"><value></value></Data><Data name="NEI6"><value></value></Data></ExtendedData><Style><LabelStyle><scale>0.0</scale> </LabelStyle><IconStyle><color>FFFF00FF</color><scale>0.5</scale><Icon><href>http://maps.google.com/mapfiles/kml/shapes/shaded_dot.png</href></Icon></IconStyle></Style><Point><coordinates>-75.75821944,39.66283788,0</coordinates></Point></Placemark><Placemark><name>5G</name><ExtendedData><Data name="CGI"><value>3150100000100018</value></Data><Data name="CELLNAME"><value></value></Data><Data name="CELLID"><value>18</value></Data><Data name="RNC"><value>0</value></Data><Data name="TAC"><value>1</value></Data><Data name="TECHNOLOGY"><value>5G NSA</value></Data><Data name="MODE"><value>5G</value></Data><Data name="ARFCN"><value>644640</value></Data><Data name="BAND"><value>N48</value></Data><Data name="BANDWIDTH"><value></value></Data><Data name="CA"><value>false</value></Data><Data name="NR state"><value></value></Data><Data name="RSRP"><value>-105 dBm</value></Data><Data name="RSRQ"><value>-11</value></Data><Data name="LAYER"><value>1</value></Data><Data name="PC"><value>2</value></Data><Data name="DL_BITRATE"><value>0 kbps</value></Data><Data name="UL_BITRATE"><value>0 kbps</value></Data><Data name="IP"><value>10.120.121.23</value></Data><Data name="SNR"><value>13.0</value></Data><Data name="PHONE STATE"><value>I</value></Data><Data name="IMEI"><value></value></Data><Data name="SPEED"><value>30 km/h</value></Data><Data name="HEIGHT"><value>-2m</value></Data><Data name="ALTITUDE"><value>-2m</value></Data><Data name="LOCATION"><value>G</value></Data><Data name="ACCURACY"><value>3m</value></Data><Data name="DISTANCE"><value>-1m</value></Data><Data name="SITE BEARING"><value>1000deg</value></Data><Data name="ANTENNA BEARING"><value>1000deg</value></Data><Data name="CELLHEX"><value>12</value></Data><Data name="NODEHEX"><value>0</value></Data><Data name="LACHEX"><value>1</value></Data><Data name="RAWCELLID"><value>18</value></Data><Data name="TIME"><value>2026.08.18_16.45.06</value></Data><Data name="NEI1"><value>TECH:5G CELLID:18 LAC:1 CELL:2 ARFCN:644640 LEVEL:-105 QUAL:-11 </value></Data><Data name="NEI2"><value>TECH:5G CELLID:17 LAC:1 CELL:1 ARFCN:637248 LEVEL:-107 QUAL:-12 </value></Data><Data name="NEI3"><value></value></Data><Data name="NEI4"><value></value></Data><Data name="NEI5"><value></value></Data><Data name="NEI6"><value></value></Data></ExtendedData><Style><LabelStyle><scale>0.0</scale> </LabelStyle><IconStyle><color>FFFF00FF</color><scale>0.5</scale><Icon><href>http://maps.google.com/mapfiles/kml/shapes/shaded_dot.png</href></Icon></IconStyle></Style><Point><coordinates>-75.75800978,39.66284806,0</coordinates></Point></Placemark><Placemark><name>5G</name><ExtendedData><Data name="CGI"><value>3150100000100018</value></Data><Data name="CELLNAME"><value></value></Data><Data name="CELLID"><value>18</value></Data><Data name="RNC"><value>0</value></Data><Data name="TAC"><value>1</value></Data><Data name="TECHNOLOGY"><value>5G NSA</value></Data><Data name="MODE"><value>5G</value></Data><Data name="ARFCN"><value>644640</value></Data><Data name="BAND"><value>N48</value></Data><Data name="BANDWIDTH"><value></value></Data><Data name="CA"><value>false</value></Data><Data name="NR state"><value></value></Data><Data name="RSRP"><value>-105 dBm</value></Data><Data name="RSRQ"><value>-11</value></Data><Data name="LAYER"><value>1</value></Data><Data name="PC"><value>2</value></Data><Data name="DL_BITRATE"><value>0 kbps</value></Data><Data name="UL_BITRATE"><value>0 kbps</value></Data><Data name="IP"><value>10.120.121.23</value></Data><Data name="SNR"><value>13.0</value></Data><Data name="PHONE STATE"><value>I</value></Data><Data name="IMEI"><value></value></Data><Data name="SPEED"><value>14 km/h</value></Data><Data name="HEIGHT"><value>-2m</value></Data><Data name="ALTITUDE"><value>-2m</value></Data><Data name="LOCATION"><value>G</value></Data><Data name="ACCURACY"><value>3m</value></Data><Data name="DISTANCE"><value>-1m</value></Data><Data name="SITE BEARING"><value>1000deg</value></Data><Data name="ANTENNA BEARING"><value>1000deg</value></Data><Data name="CELLHEX"><value>12</value></Data><Data name="NODEHEX"><value>0</value></Data><Data name="LACHEX"><value>1</value></Data><Data name="RAWCELLID"><value>18</value></Data><Data name="TIME"><value>2026.08.18_16.45.08</value></Data><Data name="NEI1"><value>TECH:5G CELLID:18 LAC:1 CELL:2 ARFCN:644640 LEVEL:-105 QUAL:-11 </value></Data><Data name="NEI2"><value>TECH:5G CELLID:17 LAC:1 CELL:1 ARFCN:637248 LEVEL:-111 QUAL:-11 </value></Data><Data name="NEI3"><value></value></Data><Data name="NEI4"><value></value></Data><Data name="NEI5"><value></value></Data><Data name="NEI6"><value></value></Data></ExtendedData><Style><LabelStyle><scale>0.0</scale> </LabelStyle><IconStyle><color>FFFF00FF</color><scale>0.5</scale><Icon><href>http://maps.google.com/mapfiles/kml/shapes/shaded_dot.png</href></Icon></IconStyle></Style><Point><coordinates>-75.75788891,39.6628523,0</coordinates></Point></Placemark><Placemark><name>5G</name><ExtendedData><Data name="CGI"><value>3150100000100018</value></Data><Data name="CELLNAME"><value></value></Data><Data name="CELLID"><value>18</value></Data><Data name="RNC"><value>0</value></Data><Data name="TAC"><value>1</value></Data><Data name="TECHNOLOGY"><value>5G NSA</value></Data><Data name="MODE"><value>5G</value></Data><Data name="ARFCN"><value>644640</value></Data><Data name="BAND"><value>N48</value></Data><Data name="BANDWIDTH"><value></value></Data><Data name="CA"><value>false</value></Data><Data name="NR state"><value></value></Data><Data name="RSRP"><value>-105 dBm</value></Data><Data name="RSRQ"><value>-11</value></Data><Data name="LAYER"><value>1</value></Data><Data name="PC"><value>2</value></Data><Data name="DL_BITRATE"><value>0 kbps</value></Data><Data name="UL_BITRATE"><value>0 kbps</value></Data><Data name="IP"><value>10.120.121.23</value></Data><Data name="SNR"><value>13.0</value></Data><Data name="PHONE STATE"><value>I</value></Data><Data name="IMEI"><value></value></Data><Data name="SPEED"><value>13 km/h</value></Data><Data name="HEIGHT"><value>-3m</value></Data><Data name="ALTITUDE"><value>-3m</value></Data><Data name="LOCATION"><value>G</value></Data><Data name="ACCURACY"><value>3m</value></Data><Data name="DISTANCE"><value>-1m</value></Data><Data name="SITE BEARING"><value>1000deg</value></Data><Data name="ANTENNA BEARING"><value>1000deg</value></Data><Data name="CELLHEX"><value>12</value></Data><Data name="NODEHEX"><value>0</value></Data><Data name="LACHEX"><value>1</value></Data><Data name="RAWCELLID"><value>18</value></Data><Data name="TIME"><value>2026.08.18_16.45.12</value></Data><Data name="NEI1"><value>TECH:5G CELLID:18 LAC:1 CELL:2 ARFCN:644640 LEVEL:-105 QUAL:-11 </value></Data><Data name="NEI2"><value>TECH:5G CELLID:17 LAC:1 CELL:1 ARFCN:637248 LEVEL:-112 QUAL:-11 </value></Data><Data name="NEI3"><value></value></Data><Data name="NEI4"><value></value></Data><Data name="NEI5"><value></value></Data><Data name="NEI6"><value></value></Data></ExtendedData><Style><LabelStyle><scale>0.0</scale> </LabelStyle><IconStyle><color>FFFF00FF</color><scale>0.5</scale><Icon><href>http://maps.google.com/mapfiles/kml/shapes/shaded_dot.png</href></Icon></IconStyle></Style><Point><coordinates>-75.75777717,39.66289478,0</coordinates></Point></Placemark><Placemark><name>5G</name><ExtendedData><Data name="CGI"><value>3150100000100018</value></Data><Data name="CELLNAME"><value></value></Data><Data name="CELLID"><value>18</value></Data><Data name="RNC"><value>0</value></Data><Data name="TAC"><value>1</value></Data><Data name="TECHNOLOGY"><value>5G NSA</value></Data><Data name="MODE"><value>5G</value></Data><Data name="ARFCN"><value>644640</value></Data><Data name="BAND"><value>N48</value></Data><Data name="BANDWIDTH"><value></value></Data><Data name="CA"><value>false</value></Data><Data name="NR state"><value></value></Data><Data name="RSRP"><value>-105 dBm</value></Data><Data name="RSRQ"><value>-11</value></Data><Data name="LAYER"><value>1</value></Data><Data name="PC"><value>2</value></Data><Data name="DL_BITRATE"><value>0 kbps</value></Data><Data name="UL_BITRATE"><value>0 kbps</value></Data><Data name="IP"><value>10.120.121.23</value></Data><Data name="SNR"><value>13.0</value></Data><Data name="PHONE STATE"><value>I</value></Data><Data name="IMEI"><value></value></Data><Data name="SPEED"><value>19 km/h</value></Data><Data name="HEIGHT"><value>-2m</value></Data><Data name="ALTITUDE"><value>-2m</value></Data><Data name="LOCATION"><value>G</value></Data><Data name="ACCURACY"><value>4m</value></Data><Data name="DISTANCE"><value>-1m</value></Data><Data name="SITE BEARING"><value>1000deg</value></Data><Data name="ANTENNA BEARING"><value>1000deg</value></Data><Data name="CELLHEX"><value>12</value></Data><Data name="NODEHEX"><value>0</value></Data><Data name="LACHEX"><value>1</value></Data><Data name="RAWCELLID"><value>18</value></Data><Data name="TIME"><value>2026.08.18_16.45.14</value></Data><Data name="NEI1"><value>TECH:5G CELLID:18 LAC:1 CELL:2 ARFCN:644640 LEVEL:-105 QUAL:-11 </value></Data><Data name="NEI2"><value>TECH:5G CELLID:17 LAC:1 CELL:1 ARFCN:637248 LEVEL:-108 QUAL:-11 </value></Data><Data name="NEI3"><value></value></Data><Data name="NEI4"><value></value></Data><Data name="NEI5"><value></value></Data><Data name="NEI6"><value></value></Data></ExtendedData><Style><LabelStyle><scale>0.0</scale> </LabelStyle><IconStyle><color>FFFF00FF</color><scale>0.5</scale><Icon><href>http://maps.google.com/mapfiles/kml/shapes/shaded_dot.png</href></Icon></IconStyle></Style><Point><coordinates>-75.75773121,39.66299024,0</coordinates></Point></Placemark><Placemark><name>5G</name><ExtendedData><Data name="CGI"><value>3150100000100018</value></Data><Data name="CELLNAME"><value></value></Data><Data name="CELLID"><value>18</value></Data><Data name="RNC"><value>0</value></Data><Data name="TAC"><value>1</value></Data><Data name="TECHNOLOGY"><value>5G NSA</value></Data><Data name="MODE"><value>5G</value></Data><Data name="ARFCN"><value>644640</value></Data><Data name="BAND"><value>N48</value></Data><Data name="BANDWIDTH"><value></value></Data><Data name="CA"><value>false</value></Data><Data name="NR state"><value></value></Data><Data name="RSRP"><value>-105 dBm</value></Data><Data name="RSRQ"><value>-11</value></Data><Data name="LAYER"><value>1</value></Data><Data name="PC"><value>2</value></Data><Data name="DL_BITRATE"><value>0 kbps</value></Data><Data name="UL_BITRATE"><value>0 kbps</value></Data><Data name="IP"><value>10.120.121.23</value></Data><Data name="SNR"><value>13.0</value></Data><Data name="PHONE STATE"><value>I</value></Data><Data name="IMEI"><value></value></Data><Data name="SPEED"><value>27 km/h</value></Data><Data name="HEIGHT"><value>-1m</value></Data><Data name="ALTITUDE"><value>-1m</value></Data><Data name="LOCATION"><value>G</value></Data><Data name="ACCURACY"><value>4m</value></Data><Data name="DISTANCE"><value>-1m</value></Data><Data name="SITE BEARING"><value>1000deg</value></Data><Data name="ANTENNA BEARING"><value>1000deg</value></Data><Data name="CELLHEX"><value>12</value></Data><Data name="NODEHEX"><value>0</value></Data><Data name="LACHEX"><value>1</value></Data><Data name="RAWCELLID"><value>18</value></Data><Data name="TIME"><value>2026.08.18_16.45.16</value></Data><Data name="NEI1"><value>TECH:5G CELLID:18 LAC:1 CELL:2 ARFCN:644640 LEVEL:-105 QUAL:-11 </value></Data><Data name="NEI2"><value>TECH:5G CELLID:17 LAC:1 CELL:1 ARFCN:637248 LEVEL:-107 QUAL:-11 </value></Data><Data name="NEI3"><value></value></Data><Data name="NEI4"><value></value></Data><Data name="NEI5"><value></value></Data><Data name="NEI6"><value></value></Data></ExtendedData><Style><LabelStyle><scale>0.0</scale> </LabelStyle><IconStyle><color>FFFF00FF</color><scale>0.5</scale><Icon><href>http://maps.google.com/mapfiles/kml/shapes/shaded_dot.png</href></Icon></IconStyle></Style><Point><coordinates>-75.75772265,39.66314747,0</coordinates></Point></Placemark><Placemark><name>5G</name><ExtendedData><Data name="CGI"><value>3150100000100018</value></Data><Data name="CELLNAME"><value></value></Data><Data name="CELLID"><value>18</value></Data><Data name="RNC"><value>0</value></Data><Data name="TAC"><value>1</value></Data><Data name="TECHNOLOGY"><value>5G NSA</value></Data><Data name="MODE"><value>5G</value></Data><Data name="ARFCN"><value>644640</value></Data><Data name="BAND"><value>N48</value></Data><Data name="BANDWIDTH"><value></value></Data><Data name="CA"><value>false</value></Data><Data name="NR state"><value></value></Data><Data name="RSRP"><value>-105 dBm</value></Data><Data name="RSRQ"><value>-11</value></Data><Data name="LAYER"><value>1</value></Data><Data name="PC"><value>2</value></Data><Data name="DL_BITRATE"><value>0 kbps</value></Data><Data name="UL_BITRATE"><value>0 kbps</value></Data><Data name="IP"><value>10.120.121.23</value></Data><Data name="SNR"><value>13.0</value></Data><Data name="PHONE STATE"><value>I</value></Data><Data name="IMEI"><value></value></Data><Data name="SPEED"><value>28 km/h</value></Data><Data name="HEIGHT"><value>-1m</value></Data><Data name="ALTITUDE"><value>-1m</value></Data><Data name="LOCATION"><value>G</value></Data><Data name="ACCURACY"><value>3m</value></Data><Data name="DISTANCE"><value>-1m</value></Data><Data name="SITE BEARING"><value>1000deg</value></Data><Data name="ANTENNA BEARING"><value>1000deg</value></Data><Data name="CELLHEX"><value>12</value></Data><Data name="NODEHEX"><value>0</value></Data><Data name="LACHEX"><value>1</value></Data><Data name="RAWCELLID"><value>18</value></Data><Data name="TIME"><value>2026.08.18_16.45.18</value></Data><Data name="NEI1"><value>TECH:5G CELLID:18 LAC:1 CELL:2 ARFCN:644640 LEVEL:-105 QUAL:-11 </value></Data><Data name="NEI2"><value>TECH:5G CELLID:17 LAC:1 CELL:1 ARFCN:637248 LEVEL:-109 QUAL:-11 </value></Data><Data name="NEI3"><value></value></Data><Data name="NEI4"><value></value></Data><Data name="NEI5"><value></value></Data><Data name="NEI6"><value></value></Data></ExtendedData><Style><LabelStyle><scale>0.0</scale> </LabelStyle><IconStyle><color>FFFF00FF</color><scale>0.5</scale><Icon><href>http://maps.google.com/mapfiles/kml/shapes/shaded_dot.png</href></Icon></IconStyle></Style><Point><coordinates>-75.75773116,39.6632976,0</coordinates></Point></Placemark><Placemark><name>5G</name><ExtendedData><Data name="CGI"><value>3150100000100018</value></Data><Data name="CELLNAME"><value></value></Data><Data name="CELLID"><value>18</value></Data><Data name="RNC"><value>0</value></Data><Data name="TAC"><value>1</value></Data><Data name="TECHNOLOGY"><value>5G NSA</value></Data><Data name="MODE"><value>5G</value></Data><Data name="ARFCN"><value>644640</value></Data><Data name="BAND"><value>N48</value></Data><Data name="BANDWIDTH"><value></value></Data><Data name="CA"><value>false</value></Data><Data name="NR state"><value></value></Data><Data name="RSRP"><value>-105 dBm</value></Data><Data name="RSRQ"><value>-11</value></Data><Data name="LAYER"><value>1</value></Data><Data name="PC"><value>2</value></Data><Data name="DL_BITRATE"><value>0 kbps</value></Data><Data name="UL_BITRATE"><value>0 kbps</value></Data><Data name="IP"><value>10.120.121.23</value></Data><Data name="SNR"><value>13.0</value></Data><Data name="PHONE STATE"><value>I</value></Data><Data name="IMEI"><value></value></Data><Data name="SPEED"><value>26 km/h</value></Data><Data name="HEIGHT"><value>-1m</value></Data><Data name="ALTITUDE"><value>-1m</value></Data><Data name="LOCATION"><value>G</value></Data><Data name="ACCURACY"><value>3m</value></Data><Data name="DISTANCE"><value>-1m</value></Data><Data name="SITE BEARING"><value>1000deg</value></Data><Data name="ANTENNA BEARING"><value>1000deg</value></Data><Data name="CELLHEX"><value>12</value></Data><Data name="NODEHEX"><value>0</value></Data><Data name="LACHEX"><value>1</value></Data><Data name="RAWCELLID"><value>18</value></Data><Data name="TIME"><value>2026.08.18_16.45.20</value></Data><Data name="NEI1"><value>TECH:5G CELLID:18 LAC:1 CELL:2 ARFCN:644640 LEVEL:-105 QUAL:-11 </value></Data><Data name="NEI2"><value>TECH:5G CELLID:17 LAC:1 CELL:1 ARFCN:637248 LEVEL:-108 QUAL:-11 </value></Data><Data name="NEI3"><value></value></Data><Data name="NEI4"><value></value></Data><Data name="NEI5"><value></value></Data><Data name="NEI6"><value></value></Data></ExtendedData><Style><LabelStyle><scale>0.0</scale> </LabelStyle><IconStyle><color>FFFF00FF</color><scale>0.5</scale><Icon><href>http://maps.google.com/mapfiles/kml/shapes/shaded_dot.png</href></Icon></IconStyle></Style><Point><coordinates>-75.7577331,39.66344395,0</coordinates></Point></Placemark><Placemark><name>5G</name><ExtendedData><Data name="CGI"><value>3150100000100018</value></Data><Data name="CELLNAME"><value></value></Data><Data name="CELLID"><value>18</value></Data><Data name="RNC"><value>0</value></Data><Data name="TAC"><value>1</value></Data><Data name="TECHNOLOGY"><value>5G NSA</value></Data><Data name="MODE"><value>5G</value></Data><Data name="ARFCN"><value>644640</value></Data><Data name="BAND"><value>N48</value></Data><Data name="BANDWIDTH"><value></value></Data><Data name="CA"><value>false</value></Data><Data name="NR state"><value></value></Data><Data name="RSRP"><value>-105 dBm</value></Data><Data name="RSRQ"><value>-11</value></Data><Data name="LAYER"><value>1</value></Data><Data name="PC"><value>2</value></Data><Data name="DL_BITRATE"><value>0 kbps</value></Data><Data name="UL_BITRATE"><value>0 kbps</value></Data><Data name="IP"><value>10.120.121.23</value></Data><Data name="SNR"><value>13.0</value></Data><Data name="PHONE STATE"><value>I</value></Data><Data name="IMEI"><value></value></Data><Data name="SPEED"><value>22 km/h</value></Data><Data name="HEIGHT"><value>-1m</value></Data><Data name="ALTITUDE"><value>-1m</value></Data><Data name="LOCATION"><value>G</value></Data><Data name="ACCURACY"><value>3m</value></Data><Data name="DISTANCE"><value>-1m</value></Data><Data name="SITE BEARING"><value>1000deg</value></Data><Data name="ANTENNA BEARING"><value>1000deg</value></Data><Data name="CELLHEX"><value>12</value></Data><Data name="NODEHEX"><value>0</value></Data><Data name="LACHEX"><value>1</value></Data><Data name="RAWCELLID"><value>18</value></Data><Data name="TIME"><value>2026.08.18_16.45.22</value></Data><Data name="NEI1"><value>TECH:5G CELLID:18 LAC:1 CELL:2 ARFCN:644640 LEVEL:-105 QUAL:-11 </value></Data><Data name="NEI2"><value>TECH:5G CELLID:17 LAC:1 CELL:1 ARFCN:637248 LEVEL:-108 QUAL:-11 </value></Data><Data name="NEI3"><value></value></Data><Data name="NEI4"><value></value></Data><Data name="NEI5"><value></value></Data><Data name="NEI6"><value></value></Data></ExtendedData><Style><LabelStyle><scale>0.0</scale> </LabelStyle><IconStyle><color>FFFF00FF</color><scale>0.5</scale><Icon><href>http://maps.google.com/mapfiles/kml/shapes/shaded_dot.png</href></Icon></IconStyle></Style><Point><coordinates>-75.75781228,39.66354405,0</coordinates></Point></Placemark><Placemark><name>5G</name><ExtendedData><Data name="CGI"><value>3150100000100018</value></Data><Data name="CELLNAME"><value></value></Data><Data name="CELLID"><value>18</value></Data><Data name="RNC"><value>0</value></Data><Data name="TAC"><value>1</value></Data><Data name="TECHNOLOGY"><value>5G NSA</value></Data><Data name="MODE"><value>5G</value></Data><Data name="ARFCN"><value>644640</value></Data><Data name="BAND"><value>N48</value></Data><Data name="BANDWIDTH"><value></value></Data><Data name="CA"><value>false</value></Data><Data name="NR state"><value></value></Data><Data name="RSRP"><value>-105 dBm</value></Data><Data name="RSRQ"><value>-11</value></Data><Data name="LAYER"><value>1</value></Data><Data name="PC"><value>2</value></Data><Data name="DL_BITRATE"><value>0 kbps</value></Data><Data name="UL_BITRATE"><value>0 kbps</value></Data><Data name="IP"><value>10.120.121.23</value></Data><Data name="SNR"><value>13.0</value></Data><Data name="PHONE STATE"><value>I</value></Data><Data name="IMEI"><value></value></Data><Data name="SPEED"><value>19 km/h</value></Data><Data name="HEIGHT"><value>-2m</value></Data><Data name="ALTITUDE"><value>-2m</value></Data><Data name="LOCATION"><value>G</value></Data><Data name="ACCURACY"><value>3m</value></Data><Data name="DISTANCE"><value>-1m</value></Data><Data name="SITE BEARING"><value>1000deg</value></Data><Data name="ANTENNA BEARING"><value>1000deg</value></Data><Data name="CELLHEX"><value>12</value></Data><Data name="NODEHEX"><value>0</value></Data><Data name="LACHEX"><value>1</value></Data><Data name="RAWCELLID"><value>18</value></Data><Data name="TIME"><value>2026.08.18_16.45.24</value></Data><Data name="NEI1"><value>TECH:5G CELLID:18 LAC:1 CELL:2 ARFCN:644640 LEVEL:-105 QUAL:-11 </value></Data><Data name="NEI2"><value>TECH:5G CELLID:17 LAC:1 CELL:1 ARFCN:637248 LEVEL:-112 QUAL:-11 </value></Data><Data name="NEI3"><value></value></Data><Data name="NEI4"><value></value></Data><Data name="NEI5"><value></value></Data><Data name="NEI6"><value></value></Data></ExtendedData><Style><LabelStyle><scale>0.0</scale> </LabelStyle><IconStyle><color>FFFF00FF</color><scale>0.5</scale><Icon><href>http://maps.google.com/mapfiles/kml/shapes/shaded_dot.png</href></Icon></IconStyle></Style><Point><coordinates>-75.75793461,39.6635781,0</coordinates></Point></Placemark><Placemark><name>5G</name><ExtendedData><Data name="CGI"><value>3150100000100018</value></Data><Data name="CELLNAME"><value></value></Data><Data name="CELLID"><value>18</value></Data><Data name="RNC"><value>0</value></Data><Data name="TAC"><value>1</value></Data><Data name="TECHNOLOGY"><value>5G NSA</value></Data><Data name="MODE"><value>5G</value></Data><Data name="ARFCN"><value>644640</value></Data><Data name="BAND"><value>N48</value></Data><Data name="BANDWIDTH"><value></value></Data><Data name="CA"><value>false</value></Data><Data name="NR state"><value></value></Data><Data name="RSRP"><value>-105 dBm</value></Data><Data name="RSRQ"><value>-11</value></Data><Data name="LAYER"><value>1</value></Data><Data name="PC"><value>2</value></Data><Data name="DL_BITRATE"><value>0 kbps</value></Data><Data name="UL_BITRATE"><value>0 kbps</value></Data><Data name="IP"><value>10.120.121.23</value></Data><Data name="SNR"><value>13.0</value></Data><Data name="PHONE STATE"><value>I</value></Data><Data name="IMEI"><value></value></Data><Data name="SPEED"><value>13 km/h</value></Data><Data name="HEIGHT"><value>-2m</value></Data><Data name="ALTITUDE"><value>-2m</value></Data><Data name="LOCATION"><value>G</value></Data><Data name="ACCURACY"><value>3m</value></Data><Data name="DISTANCE"><value>-1m</value></Data><Data name="SITE BEARING"><value>1000deg</value></Data><Data name="ANTENNA BEARING"><value>1000deg</value></Data><Data name="CELLHEX"><value>12</value></Data><Data name="NODEHEX"><value>0</value></Data><Data name="LACHEX"><value>1</value></Data><Data name="RAWCELLID"><value>18</value></Data><Data name="TIME"><value>2026.08.18_16.45.27</value></Data><Data name="NEI1"><value>TECH:5G CELLID:18 LAC:1 CELL:2 ARFCN:644640 LEVEL:-105 QUAL:-11 </value></Data><Data name="NEI2"><value>TECH:5G CELLID:17 LAC:1 CELL:1 ARFCN:637248 LEVEL:-111 QUAL:-11 </value></Data><Data name="NEI3"><value></value></Data><Data name="NEI4"><value></value></Data><Data name="NEI5"><value></value></Data><Data name="NEI6"><value></value></Data></ExtendedData><Style><LabelStyle><scale>0.0</scale> </LabelStyle><IconStyle><color>FFFF00FF</color><scale>0.5</scale><Icon><href>http://maps.google.com/mapfiles/kml/shapes/shaded_dot.png</href></Icon></IconStyle></Style><Point><coordinates>-75.75806618,39.66362211,0</coordinates></Point></Placemark><Placemark><name>5G</name><ExtendedData><Data name="CGI"><value>3150100000100018</value></Data><Data name="CELLNAME"><value></value></Data><Data name="CELLID"><value>18</value></Data><Data name="RNC"><value>0</value></Data><Data name="TAC"><value>1</value></Data><Data name="TECHNOLOGY"><value>5G NSA</value></Data><Data name="MODE"><value>5G</value></Data><Data name="ARFCN"><value>644640</value></Data><Data name="BAND"><value>N48</value></Data><Data name="BANDWIDTH"><value></value></Data><Data name="CA"><value>false</value></Data><Data name="NR state"><value></value></Data><Data name="RSRP"><value>-105 dBm</value></Data><Data name="RSRQ"><value>-11</value></Data><Data name="LAYER"><value>1</value></Data><Data name="PC"><value>2</value></Data><Data name="DL_BITRATE"><value>0 kbps</value></Data><Data name="UL_BITRATE"><value>0 kbps</value></Data><Data name="IP"><value>10.120.121.23</value></Data><Data name="SNR"><value>13.0</value></Data><Data name="PHONE STATE"><value>I</value></Data><Data name="IMEI"><value></value></Data><Data name="SPEED"><value>14 km/h</value></Data><Data name="HEIGHT"><value>-2m</value></Data><Data name="ALTITUDE"><value>-2m</value></Data><Data name="LOCATION"><value>G</value></Data><Data name="ACCURACY"><value>3m</value></Data><Data name="DISTANCE"><value>-1m</value></Data><Data name="SITE BEARING"><value>1000deg</value></Data><Data name="ANTENNA BEARING"><value>1000deg</value></Data><Data name="CELLHEX"><value>12</value></Data><Data name="NODEHEX"><value>0</value></Data><Data name="LACHEX"><value>1</value></Data><Data name="RAWCELLID"><value>18</value></Data><Data name="TIME"><value>2026.08.18_16.45.30</value></Data><Data name="NEI1"><value>TECH:5G CELLID:17 LAC:1 CELL:1 ARFCN:637248 LEVEL:-98 QUAL:-11 </value></Data><Data name="NEI2"><value>TECH:5G CELLID:18 LAC:1 CELL:2 ARFCN:644640 LEVEL:-105 QUAL:-11 </value></Data><Data name="NEI3"><value></value></Data><Data name="NEI4"><value></value></Data><Data name="NEI5"><value></value></Data><Data name="NEI6"><value></value></Data></ExtendedData><Style><LabelStyle><scale>0.0</scale> </LabelStyle><IconStyle><color>FFFF00FF</color><scale>0.5</scale><Icon><href>http://maps.google.com/mapfiles/kml/shapes/shaded_dot.png</href></Icon></IconStyle></Style><Point><coordinates>-75.75812274,39.66371095,0</coordinates></Point></Placemark><Placemark><name>5G</name><ExtendedData><Data name="CGI"><value>3150100000100018</value></Data><Data name="CELLNAME"><value></value></Data><Data name="CELLID"><value>18</value></Data><Data name="RNC"><value>0</value></Data><Data name="TAC"><value>1</value></Data><Data name="TECHNOLOGY"><value>5G NSA</value></Data><Data name="MODE"><value>5G</value></Data><Data name="ARFCN"><value>644640</value></Data><Data name="BAND"><value>N48</value></Data><Data name="BANDWIDTH"><value></value></Data><Data name="CA"><value>false</value></Data><Data name="NR state"><value></value></Data><Data name="RSRP"><value>-105 dBm</value></Data><Data name="RSRQ"><value>-11</value></Data><Data name="LAYER"><value>1</value></Data><Data name="PC"><value>2</value></Data><Data name="DL_BITRATE"><value>0 kbps</value></Data><Data name="UL_BITRATE"><value>0 kbps</value></Data><Data name="IP"><value>10.120.121.23</value></Data><Data name="SNR"><value>13.0</value></Data><Data name="PHONE STATE"><value>I</value></Data><Data name="IMEI"><value></value></Data><Data name="SPEED"><value>18 km/h</value></Data><Data name="HEIGHT"><value>-2m</value></Data><Data name="ALTITUDE"><value>-2m</value></Data><Data name="LOCATION"><value>G</value></Data><Data name="ACCURACY"><value>3m</value></Data><Data name="DISTANCE"><value>-1m</value></Data><Data name="SITE BEARING"><value>1000deg</value></Data><Data name="ANTENNA BEARING"><value>1000deg</value></Data><Data name="CELLHEX"><value>12</value></Data><Data name="NODEHEX"><value>0</value></Data><Data name="LACHEX"><value>1</value></Data><Data name="RAWCELLID"><value>18</value></Data><Data name="TIME"><value>2026.08.18_16.45.32</value></Data><Data name="NEI1"><value>TECH:5G CELLID:17 LAC:1 CELL:1 ARFCN:637248 LEVEL:-102 QUAL:-11 </value></Data><Data name="NEI2"><value>TECH:5G CELLID:18 LAC:1 CELL:2 ARFCN:644640 LEVEL:-105 QUAL:-11 </value></Data><Data name="NEI3"><value></value></Data><Data name="NEI4"><value></value></Data><Data name="NEI5"><value></value></Data><Data name="NEI6"><value></value></Data></ExtendedData><Style><LabelStyle><scale>0.0</scale> </LabelStyle><IconStyle><color>FFFF00FF</color><scale>0.5</scale><Icon><href>http://maps.google.com/mapfiles/kml/shapes/shaded_dot.png</href></Icon></IconStyle></Style><Point><coordinates>-75.7582535,39.66371587,0</coordinates></Point></Placemark><Placemark><name>5G</name><ExtendedData><Data name="CGI"><value>3150100000100018</value></Data><Data name="CELLNAME"><value></value></Data><Data name="CELLID"><value>18</value></Data><Data name="RNC"><value>0</value></Data><Data name="TAC"><value>1</value></Data><Data name="TECHNOLOGY"><value>5G NSA</value></Data><Data name="MODE"><value>5G</value></Data><Data name="ARFCN"><value>644640</value></Data><Data name="BAND"><value>N48</value></Data><Data name="BANDWIDTH"><value></value></Data><Data name="CA"><value>false</value></Data><Data name="NR state"><value></value></Data><Data name="RSRP"><value>-105 dBm</value></Data><Data name="RSRQ"><value>-11</value></Data><Data name="LAYER"><value>1</value></Data><Data name="PC"><value>2</value></Data><Data name="DL_BITRATE"><value>1 kbps</value></Data><Data name="UL_BITRATE"><value>1 kbps</value></Data><Data name="IP"><value>10.120.121.23</value></Data><Data name="SNR"><value>13.0</value></Data><Data name="PHONE STATE"><value>D</value></Data><Data name="IMEI"><value></value></Data><Data name="SPEED"><value>24 km/h</value></Data><Data name="HEIGHT"><value>-1m</value></Data><Data name="ALTITUDE"><value>-1m</value></Data><Data name="LOCATION"><value>G</value></Data><Data name="ACCURACY"><value>3m</value></Data><Data name="DISTANCE"><value>-1m</value></Data><Data name="SITE BEARING"><value>1000deg</value></Data><Data name="ANTENNA BEARING"><value>1000deg</value></Data><Data name="CELLHEX"><value>12</value></Data><Data name="NODEHEX"><value>0</value></Data><Data name="LACHEX"><value>1</value></Data><Data name="RAWCELLID"><value>18</value></Data><Data name="TIME"><value>2026.08.18_16.45.34</value></Data><Data name="NEI1"><value>TECH:5G CELLID:17 LAC:1 CELL:1 ARFCN:637248 LEVEL:-91 QUAL:-11 </value></Data><Data name="NEI2"><value>TECH:5G CELLID:18 LAC:1 CELL:2 ARFCN:644640 LEVEL:-105 QUAL:-11 </value></Data><Data name="NEI3"><value></value></Data><Data name="NEI4"><value></value></Data><Data name="NEI5"><value></value></Data><Data name="NEI6"><value></value></Data></ExtendedData><Style><LabelStyle><scale>0.0</scale> </LabelStyle><IconStyle><color>FFFF00FF</color><scale>0.5</scale><Icon><href>http://maps.google.com/mapfiles/kml/shapes/shaded_dot.png</href></Icon></IconStyle></Style><Point><coordinates>-75.75841224,39.66370116,0</coordinates></Point></Placemark><Placemark><name>5G</name><ExtendedData><Data name="CGI"><value>3150100000100018</value></Data><Data name="CELLNAME"><value></value></Data><Data name="CELLID"><value>18</value></Data><Data name="RNC"><value>0</value></Data><Data name="TAC"><value>1</value></Data><Data name="TECHNOLOGY"><value>5G NSA</value></Data><Data name="MODE"><value>5G</value></Data><Data name="ARFCN"><value>644640</value></Data><Data name="BAND"><value>N48</value></Data><Data name="BANDWIDTH"><value></value></Data><Data name="CA"><value>false</value></Data><Data name="NR state"><value></value></Data><Data name="RSRP"><value>-105 dBm</value></Data><Data name="RSRQ"><value>-11</value></Data><Data name="LAYER"><value>1</value></Data><Data name="PC"><value>2</value></Data><Data name="DL_BITRATE"><value>0 kbps</value></Data><Data name="UL_BITRATE"><value>0 kbps</value></Data><Data name="IP"><value>10.120.121.23</value></Data><Data name="SNR"><value>13.0</value></Data><Data name="PHONE STATE"><value>I</value></Data><Data name="IMEI"><value></value></Data><Data name="SPEED"><value>27 km/h</value></Data><Data name="HEIGHT"><value>-2m</value></Data><Data name="ALTITUDE"><value>-2m</value></Data><Data name="LOCATION"><value>G</value></Data><Data name="ACCURACY"><value>3m</value></Data><Data name="DISTANCE"><value>-1m</value></Data><Data name="SITE BEARING"><value>1000deg</value></Data><Data name="ANTENNA BEARING"><value>1000deg</value></Data><Data name="CELLHEX"><value>12</value></Data><Data name="NODEHEX"><value>0</value></Data><Data name="LACHEX"><value>1</value></Data><Data name="RAWCELLID"><value>18</value></Data><Data name="TIME"><value>2026.08.18_16.45.36</value></Data><Data name="NEI1"><value>TECH:5G CELLID:17 LAC:1 CELL:1 ARFCN:637248 LEVEL:-100 QUAL:-11 </value></Data><Data name="NEI2"><value>TECH:5G CELLID:18 LAC:1 CELL:2 ARFCN:644640 LEVEL:-105 QUAL:-11 </value></Data><Data name="NEI3"><value></value></Data><Data name="NEI4"><value></value></Data><Data name="NEI5"><value></value></Data><Data name="NEI6"><value></value></Data></ExtendedData><Style><LabelStyle><scale>0.0</scale> </LabelStyle><IconStyle><color>FFFF00FF</color><scale>0.5</scale><Icon><href>http://maps.google.com/mapfiles/kml/shapes/shaded_dot.png</href></Icon></IconStyle></Style><Point><coordinates>-75.75859113,39.66368786,0</coordinates></Point></Placemark><Placemark><name>5G</name><ExtendedData><Data name="CGI"><value>3150100000100018</value></Data><Data name="CELLNAME"><value></value></Data><Data name="CELLID"><value>18</value></Data><Data name="RNC"><value>0</value></Data><Data name="TAC"><value>1</value></Data><Data name="TECHNOLOGY"><value>5G NSA</value></Data><Data name="MODE"><value>5G</value></Data><Data name="ARFCN"><value>644640</value></Data><Data name="BAND"><value>N48</value></Data><Data name="BANDWIDTH"><value></value></Data><Data name="CA"><value>false</value></Data><Data name="NR state"><value></value></Data><Data name="RSRP"><value>-105 dBm</value></Data><Data name="RSRQ"><value>-11</value></Data><Data name="LAYER"><value>1</value></Data><Data name="PC"><value>2</value></Data><Data name="DL_BITRATE"><value>0 kbps</value></Data><Data name="UL_BITRATE"><value>0 kbps</value></Data><Data name="IP"><value>10.120.121.23</value></Data><Data name="SNR"><value>13.0</value></Data><Data name="PHONE STATE"><value>I</value></Data><Data name="IMEI"><value></value></Data><Data name="SPEED"><value>25 km/h</value></Data><Data name="HEIGHT"><value>-2m</value></Data><Data name="ALTITUDE"><value>-2m</value></Data><Data name="LOCATION"><value>G</value></Data><Data name="ACCURACY"><value>3m</value></Data><Data name="DISTANCE"><value>-1m</value></Data><Data name="SITE BEARING"><value>1000deg</value></Data><Data name="ANTENNA BEARING"><value>1000deg</value></Data><Data name="CELLHEX"><value>12</value></Data><Data name="NODEHEX"><value>0</value></Data><Data name="LACHEX"><value>1</value></Data><Data name="RAWCELLID"><value>18</value></Data><Data name="TIME"><value>2026.08.18_16.45.38</value></Data><Data name="NEI1"><value>TECH:5G CELLID:17 LAC:1 CELL:1 ARFCN:637248 LEVEL:-101 QUAL:-11 </value></Data><Data name="NEI2"><value>TECH:5G CELLID:18 LAC:1 CELL:2 ARFCN:644640 LEVEL:-105 QUAL:-11 </value></Data><Data name="NEI3"><value></value></Data><Data name="NEI4"><value></value></Data><Data name="NEI5"><value></value></Data><Data name="NEI6"><value></value></Data></ExtendedData><Style><LabelStyle><scale>0.0</scale> </LabelStyle><IconStyle><color>FFFF00FF</color><scale>0.5</scale><Icon><href>http://maps.google.com/mapfiles/kml/shapes/shaded_dot.png</href></Icon></IconStyle></Style><Point><coordinates>-75.75876309,39.66367539,0</coordinates></Point></Placemark><Placemark><name>5G</name><ExtendedData><Data name="CGI"><value>3150100000100018</value></Data><Data name="CELLNAME"><value></value></Data><Data name="CELLID"><value>18</value></Data><Data name="RNC"><value>0</value></Data><Data name="TAC"><value>1</value></Data><Data name="TECHNOLOGY"><value>5G NSA</value></Data><Data name="MODE"><value>5G</value></Data><Data name="ARFCN"><value>644640</value></Data><Data name="BAND"><value>N48</value></Data><Data name="BANDWIDTH"><value></value></Data><Data name="CA"><value>false</value></Data><Data name="NR state"><value></value></Data><Data name="RSRP"><value>-105 dBm</value></Data><Data name="RSRQ"><value>-11</value></Data><Data name="LAYER"><value>1</value></Data><Data name="PC"><value>2</value></Data><Data name="DL_BITRATE"><value>111 kbps</value></Data><Data name="UL_BITRATE"><value>41 kbps</value></Data><Data name="IP"><value>10.120.121.23</value></Data><Data name="SNR"><value>13.0</value></Data><Data name="PHONE STATE"><value>D</value></Data><Data name="IMEI"><value></value></Data><Data name="SPEED"><value>18 km/h</value></Data><Data name="HEIGHT"><value>-3m</value></Data><Data name="ALTITUDE"><value>-3m</value></Data><Data name="LOCATION"><value>G</value></Data><Data name="ACCURACY"><value>3m</value></Data><Data name="DISTANCE"><value>-1m</value></Data><Data name="SITE BEARING"><value>1000deg</value></Data><Data name="ANTENNA BEARING"><value>1000deg</value></Data><Data name="CELLHEX"><value>12</value></Data><Data name="NODEHEX"><value>0</value></Data><Data name="LACHEX"><value>1</value></Data><Data name="RAWCELLID"><value>18</value></Data><Data name="TIME"><value>2026.08.18_16.45.40</value></Data><Data name="NEI1"><value>TECH:5G CELLID:17 LAC:1 CELL:1 ARFCN:637248 LEVEL:-101 QUAL:-11 </value></Data><Data name="NEI2"><value>TECH:5G CELLID:18 LAC:1 CELL:2 ARFCN:644640 LEVEL:-105 QUAL:-11 </value></Data><Data name="NEI3"><value></value></Data><Data name="NEI4"><value></value></Data><Data name="NEI5"><value></value></Data><Data name="NEI6"><value></value></Data></ExtendedData><Style><LabelStyle><scale>0.0</scale> </LabelStyle><IconStyle><color>FFFF00FF</color><scale>0.5</scale><Icon><href>http://maps.google.com/mapfiles/kml/shapes/shaded_dot.png</href></Icon></IconStyle></Style><Point><coordinates>-75.75888443,39.66364197,0</coordinates></Point></Placemark><Placemark><name>5G</name><ExtendedData><Data name="CGI"><value>3150100000100018</value></Data><Data name="CELLNAME"><value></value></Data><Data name="CELLID"><value>18</value></Data><Data name="RNC"><value>0</value></Data><Data name="TAC"><value>1</value></Data><Data name="TECHNOLOGY"><value>5G NSA</value></Data><Data name="MODE"><value>5G</value></Data><Data name="ARFCN"><value>644640</value></Data><Data name="BAND"><value>N48</value></Data><Data name="BANDWIDTH"><value></value></Data><Data name="CA"><value>false</value></Data><Data name="NR state"><value></value></Data><Data name="RSRP"><value>-105 dBm</value></Data><Data name="RSRQ"><value>-11</value></Data><Data name="LAYER"><value>1</value></Data><Data name="PC"><value>2</value></Data><Data name="DL_BITRATE"><value>0 kbps</value></Data><Data name="UL_BITRATE"><value>0 kbps</value></Data><Data name="IP"><value>10.120.121.23</value></Data><Data name="SNR"><value>13.0</value></Data><Data name="PHONE STATE"><value>I</value></Data><Data name="IMEI"><value></value></Data><Data name="SPEED"><value>16 km/h</value></Data><Data name="HEIGHT"><value>-3m</value></Data><Data name="ALTITUDE"><value>-3m</value></Data><Data name="LOCATION"><value>G</value></Data><Data name="ACCURACY"><value>3m</value></Data><Data name="DISTANCE"><value>-1m</value></Data><Data name="SITE BEARING"><value>1000deg</value></Data><Data name="ANTENNA BEARING"><value>1000deg</value></Data><Data name="CELLHEX"><value>12</value></Data><Data name="NODEHEX"><value>0</value></Data><Data name="LACHEX"><value>1</value></Data><Data name="RAWCELLID"><value>18</value></Data><Data name="TIME"><value>2026.08.18_16.45.42</value></Data><Data name="NEI1"><value>TECH:5G CELLID:18 LAC:1 CELL:2 ARFCN:644640 LEVEL:-105 QUAL:-11 </value></Data><Data name="NEI2"><value>TECH:5G CELLID:17 LAC:1 CELL:1 ARFCN:637248 LEVEL:-111 QUAL:-11 </value></Data><Data name="NEI3"><value></value></Data><Data name="NEI4"><value></value></Data><Data name="NEI5"><value></value></Data><Data name="NEI6"><value></value></Data></ExtendedData><Style><LabelStyle><scale>0.0</scale> </LabelStyle><IconStyle><color>FFFF00FF</color><scale>0.5</scale><Icon><href>http://maps.google.com/mapfiles/kml/shapes/shaded_dot.png</href></Icon></IconStyle></Style><Point><coordinates>-75.75890568,39.66355251,0</coordinates></Point></Placemark><Placemark><name>5G</name><ExtendedData><Data name="CGI"><value>3150100000100018</value></Data><Data name="CELLNAME"><value></value></Data><Data name="CELLID"><value>18</value></Data><Data name="RNC"><value>0</value></Data><Data name="TAC"><value>1</value></Data><Data name="TECHNOLOGY"><value>5G NSA</value></Data><Data name="MODE"><value>5G</value></Data><Data name="ARFCN"><value>644640</value></Data><Data name="BAND"><value>N48</value></Data><Data name="BANDWIDTH"><value></value></Data><Data name="CA"><value>false</value></Data><Data name="NR state"><value></value></Data><Data name="RSRP"><value>-105 dBm</value></Data><Data name="RSRQ"><value>-11</value></Data><Data name="LAYER"><value>1</value></Data><Data name="PC"><value>2</value></Data><Data name="DL_BITRATE"><value>27 kbps</value></Data><Data name="UL_BITRATE"><value>20 kbps</value></Data><Data name="IP"><value>10.120.121.23</value></Data><Data name="SNR"><value>13.0</value></Data><Data name="PHONE STATE"><value>D</value></Data><Data name="IMEI"><value></value></Data><Data name="SPEED"><value>15 km/h</value></Data><Data name="HEIGHT"><value>-2m</value></Data><Data name="ALTITUDE"><value>-2m</value></Data><Data name="LOCATION"><value>G</value></Data><Data name="ACCURACY"><value>3m</value></Data><Data name="DISTANCE"><value>-1m</value></Data><Data name="SITE BEARING"><value>1000deg</value></Data><Data name="ANTENNA BEARING"><value>1000deg</value></Data><Data name="CELLHEX"><value>12</value></Data><Data name="NODEHEX"><value>0</value></Data><Data name="LACHEX"><value>1</value></Data><Data name="RAWCELLID"><value>18</value></Data><Data name="TIME"><value>2026.08.18_16.45.45</value></Data><Data name="NEI1"><value>TECH:5G CELLID:17 LAC:1 CELL:1 ARFCN:637248 LEVEL:-103 QUAL:-11 </value></Data><Data name="NEI2"><value>TECH:5G CELLID:18 LAC:1 CELL:2 ARFCN:644640 LEVEL:-105 QUAL:-11 </value></Data><Data name="NEI3"><value></value></Data><Data name="NEI4"><value></value></Data><Data name="NEI5"><value></value></Data><Data name="NEI6"><value></value></Data></ExtendedData><Style><LabelStyle><scale>0.0</scale> </LabelStyle><IconStyle><color>FFFF00FF</color><scale>0.5</scale><Icon><href>http://maps.google.com/mapfiles/kml/shapes/shaded_dot.png</href></Icon></IconStyle></Style><Point><coordinates>-75.7587911,39.66348152,0</coordinates></Point></Placemark><Placemark><name>5G</name><ExtendedData><Data name="CGI"><value>3150100000100018</value></Data><Data name="CELLNAME"><value></value></Data><Data name="CELLID"><value>18</value></Data><Data name="RNC"><value>0</value></Data><Data name="TAC"><value>1</value></Data><Data name="TECHNOLOGY"><value>5G NSA</value></Data><Data name="MODE"><value>5G</value></Data><Data name="ARFCN"><value>644640</value></Data><Data name="BAND"><value>N48</value></Data><Data name="BANDWIDTH"><value></value></Data><Data name="CA"><value>false</value></Data><Data name="NR state"><value></value></Data><Data name="RSRP"><value>-105 dBm</value></Data><Data name="RSRQ"><value>-11</value></Data><Data name="LAYER"><value>1</value></Data><Data name="PC"><value>2</value></Data><Data name="DL_BITRATE"><value>0 kbps</value></Data><Data name="UL_BITRATE"><value>0 kbps</value></Data><Data name="IP"><value>10.120.121.23</value></Data><Data name="SNR"><value>13.0</value></Data><Data name="PHONE STATE"><value>I</value></Data><Data name="IMEI"><value></value></Data><Data name="SPEED"><value>14 km/h</value></Data><Data name="HEIGHT"><value>-1m</value></Data><Data name="ALTITUDE"><value>-1m</value></Data><Data name="LOCATION"><value>G</value></Data><Data name="ACCURACY"><value>3m</value></Data><Data name="DISTANCE"><value>-1m</value></Data><Data name="SITE BEARING"><value>1000deg</value></Data><Data name="ANTENNA BEARING"><value>1000deg</value></Data><Data name="CELLHEX"><value>12</value></Data><Data name="NODEHEX"><value>0</value></Data><Data name="LACHEX"><value>1</value></Data><Data name="RAWCELLID"><value>18</value></Data><Data name="TIME"><value>2026.08.18_16.45.48</value></Data><Data name="NEI1"><value>TECH:5G CELLID:18 LAC:1 CELL:2 ARFCN:644640 LEVEL:-105 QUAL:-11 </value></Data><Data name="NEI2"><value>TECH:5G CELLID:17 LAC:1 CELL:1 ARFCN:637248 LEVEL:-108 QUAL:-11 </value></Data><Data name="NEI3"><value></value></Data><Data name="NEI4"><value></value></Data><Data name="NEI5"><value></value></Data><Data name="NEI6"><value></value></Data></ExtendedData><Style><LabelStyle><scale>0.0</scale> </LabelStyle><IconStyle><color>FFFF00FF</color><scale>0.5</scale><Icon><href>http://maps.google.com/mapfiles/kml/shapes/shaded_dot.png</href></Icon></IconStyle></Style><Point><coordinates>-75.75863065,39.66349629,0</coordinates></Point></Placemark><Placemark><name>5G</name><ExtendedData><Data name="CGI"><value>3150100000100018</value></Data><Data name="CELLNAME"><value></value></Data><Data name="CELLID"><value>18</value></Data><Data name="RNC"><value>0</value></Data><Data name="TAC"><value>1</value></Data><Data name="TECHNOLOGY"><value>5G NSA</value></Data><Data name="MODE"><value>5G</value></Data><Data name="ARFCN"><value>644640</value></Data><Data name="BAND"><value>N48</value></Data><Data name="BANDWIDTH"><value></value></Data><Data name="CA"><value>false</value></Data><Data name="NR state"><value></value></Data><Data name="RSRP"><value>-105 dBm</value></Data><Data name="RSRQ"><value>-11</value></Data><Data name="LAYER"><value>1</value></Data><Data name="PC"><value>2</value></Data><Data name="DL_BITRATE"><value>0 kbps</value></Data><Data name="UL_BITRATE"><value>0 kbps</value></Data><Data name="IP"><value>10.120.121.23</value></Data><Data name="SNR"><value>13.0</value></Data><Data name="PHONE STATE"><value>I</value></Data><Data name="IMEI"><value></value></Data><Data name="SPEED"><value>10 km/h</value></Data><Data name="HEIGHT"><value>-1m</value></Data><Data name="ALTITUDE"><value>-1m</value></Data><Data name="LOCATION"><value>G</value></Data><Data name="ACCURACY"><value>3m</value></Data><Data name="DISTANCE"><value>-1m</value></Data><Data name="SITE BEARING"><value>1000deg</value></Data><Data name="ANTENNA BEARING"><value>1000deg</value></Data><Data name="CELLHEX"><value>12</value></Data><Data name="NODEHEX"><value>0</value></Data><Data name="LACHEX"><value>1</value></Data><Data name="RAWCELLID"><value>18</value></Data><Data name="TIME"><value>2026.08.18_16.46.35</value></Data><Data name="NEI1"><value>TECH:5G CELLID:18 LAC:1 CELL:2 ARFCN:644640 LEVEL:-105 QUAL:-11 </value></Data><Data name="NEI2"><value>TECH:5G CELLID:18 LAC:1 CELL:2 ARFCN:644640 LEVEL:-109 QUAL:-11 </value></Data><Data name="NEI3"><value></value></Data><Data name="NEI4"><value></value></Data><Data name="NEI5"><value></value></Data><Data name="NEI6"><value></value></Data></ExtendedData><Style><LabelStyle><scale>0.0</scale> </LabelStyle><IconStyle><color>FFFF00FF</color><scale>0.5</scale><Icon><href>http://maps.google.com/mapfiles/kml/shapes/shaded_dot.png</href></Icon></IconStyle></Style><Point><coordinates>-75.75849405,39.66349925,0</coordinates></Point></Placemark><Placemark><name>5G</name><ExtendedData><Data name="CGI"><value>3150100000100018</value></Data><Data name="CELLNAME"><value></value></Data><Data name="CELLID"><value>18</value></Data><Data name="RNC"><value>0</value></Data><Data name="TAC"><value>1</value></Data><Data name="TECHNOLOGY"><value>5G NSA</value></Data><Data name="MODE"><value>5G</value></Data><Data name="ARFCN"><value>644640</value></Data><Data name="BAND"><value>N48</value></Data><Data name="BANDWIDTH"><value></value></Data><Data name="CA"><value>false</value></Data><Data name="NR state"><value></value></Data><Data name="RSRP"><value>-105 dBm</value></Data><Data name="RSRQ"><value>-11</value></Data><Data name="LAYER"><value>1</value></Data><Data name="PC"><value>2</value></Data><Data name="DL_BITRATE"><value>0 kbps</value></Data><Data name="UL_BITRATE"><value>0 kbps</value></Data><Data name="IP"><value>10.120.121.23</value></Data><Data name="SNR"><value>13.0</value></Data><Data name="PHONE STATE"><value>I</value></Data><Data name="IMEI"><value></value></Data><Data name="SPEED"><value>22 km/h</value></Data><Data name="HEIGHT"><value>-1m</value></Data><Data name="ALTITUDE"><value>-1m</value></Data><Data name="LOCATION"><value>G</value></Data><Data name="ACCURACY"><value>3m</value></Data><Data name="DISTANCE"><value>-1m</value></Data><Data name="SITE BEARING"><value>1000deg</value></Data><Data name="ANTENNA BEARING"><value>1000deg</value></Data><Data name="CELLHEX"><value>12</value></Data><Data name="NODEHEX"><value>0</value></Data><Data name="LACHEX"><value>1</value></Data><Data name="RAWCELLID"><value>18</value></Data><Data name="TIME"><value>2026.08.18_16.46.38</value></Data><Data name="NEI1"><value>TECH:5G CELLID:18 LAC:1 CELL:2 ARFCN:644640 LEVEL:-105 QUAL:-11 </value></Data><Data name="NEI2"><value>TECH:5G CELLID:18 LAC:1 CELL:2 ARFCN:644640 LEVEL:-110 QUAL:-11 </value></Data><Data name="NEI3"><value></value></Data><Data name="NEI4"><value></value></Data><Data name="NEI5"><value></value></Data><Data name="NEI6"><value></value></Data></ExtendedData><Style><LabelStyle><scale>0.0</scale> </LabelStyle><IconStyle><color>FFFF00FF</color><scale>0.5</scale><Icon><href>http://maps.google.com/mapfiles/kml/shapes/shaded_dot.png</href></Icon></IconStyle></Style><Point><coordinates>-75.75830932,39.66350577,0</coordinates></Point></Placemark><Placemark><name>5G</name><ExtendedData><Data name="CGI"><value>3150100000100018</value></Data><Data name="CELLNAME"><value></value></Data><Data name="CELLID"><value>18</value></Data><Data name="RNC"><value>0</value></Data><Data name="TAC"><value>1</value></Data><Data name="TECHNOLOGY"><value>5G NSA</value></Data><Data name="MODE"><value>5G</value></Data><Data name="ARFCN"><value>644640</value></Data><Data name="BAND"><value>N48</value></Data><Data name="BANDWIDTH"><value></value></Data><Data name="CA"><value>false</value></Data><Data name="NR state"><value></value></Data><Data name="RSRP"><value>-105 dBm</value></Data><Data name="RSRQ"><value>-11</value></Data><Data name="LAYER"><value>1</value></Data><Data name="PC"><value>2</value></Data><Data name="DL_BITRATE"><value>0 kbps</value></Data><Data name="UL_BITRATE"><value>0 kbps</value></Data><Data name="IP"><value>10.120.121.23</value></Data><Data name="SNR"><value>13.0</value></Data><Data name="PHONE STATE"><value>I</value></Data><Data name="IMEI"><value></value></Data><Data name="SPEED"><value>24 km/h</value></Data><Data name="HEIGHT"><value>-2m</value></Data><Data name="ALTITUDE"><value>-2m</value></Data><Data name="LOCATION"><value>G</value></Data><Data name="ACCURACY"><value>3m</value></Data><Data name="DISTANCE"><value>-1m</value></Data><Data name="SITE BEARING"><value>1000deg</value></Data><Data name="ANTENNA BEARING"><value>1000deg</value></Data><Data name="CELLHEX"><value>12</value></Data><Data name="NODEHEX"><value>0</value></Data><Data name="LACHEX"><value>1</value></Data><Data name="RAWCELLID"><value>18</value></Data><Data name="TIME"><value>2026.08.18_16.46.40</value></Data><Data name="NEI1"><value>TECH:5G CELLID:18 LAC:1 CELL:2 ARFCN:644640 LEVEL:-105 QUAL:-11 </value></Data><Data name="NEI2"><value>TECH:5G CELLID:18 LAC:1 CELL:2 ARFCN:644640 LEVEL:-108 QUAL:-11 </value></Data><Data name="NEI3"><value></value></Data><Data name="NEI4"><value></value></Data><Data name="NEI5"><value></value></Data><Data name="NEI6"><value></value></Data></ExtendedData><Style><LabelStyle><scale>0.0</scale> </LabelStyle><IconStyle><color>FFFF00FF</color><scale>0.5</scale><Icon><href>http://maps.google.com/mapfiles/kml/shapes/shaded_dot.png</href></Icon></IconStyle></Style><Point><coordinates>-75.75815519,39.66351724,0</coordinates></Point></Placemark><Placemark><name>5G</name><ExtendedData><Data name="CGI"><value>3150100000100018</value></Data><Data name="CELLNAME"><value></value></Data><Data name="CELLID"><value>18</value></Data><Data name="RNC"><value>0</value></Data><Data name="TAC"><value>1</value></Data><Data name="TECHNOLOGY"><value>5G NSA</value></Data><Data name="MODE"><value>5G</value></Data><Data name="ARFCN"><value>644640</value></Data><Data name="BAND"><value>N48</value></Data><Data name="BANDWIDTH"><value></value></Data><Data name="CA"><value>false</value></Data><Data name="NR state"><value></value></Data><Data name="RSRP"><value>-105 dBm</value></Data><Data name="RSRQ"><value>-11</value></Data><Data name="LAYER"><value>1</value></Data><Data name="PC"><value>2</value></Data><Data name="DL_BITRATE"><value>0 kbps</value></Data><Data name="UL_BITRATE"><value>0 kbps</value></Data><Data name="IP"><value>10.120.121.23</value></Data><Data name="SNR"><value>13.0</value></Data><Data name="PHONE STATE"><value>I</value></Data><Data name="IMEI"><value></value></Data><Data name="SPEED"><value>20 km/h</value></Data><Data name="HEIGHT"><value>-2m</value></Data><Data name="ALTITUDE"><value>-2m</value></Data><Data name="LOCATION"><value>G</value></Data><Data name="ACCURACY"><value>3m</value></Data><Data name="DISTANCE"><value>-1m</value></Data><Data name="SITE BEARING"><value>1000deg</value></Data><Data name="ANTENNA BEARING"><value>1000deg</value></Data><Data name="CELLHEX"><value>12</value></Data><Data name="NODEHEX"><value>0</value></Data><Data name="LACHEX"><value>1</value></Data><Data name="RAWCELLID"><value>18</value></Data><Data name="TIME"><value>2026.08.18_16.46.42</value></Data><Data name="NEI1"><value>TECH:5G CELLID:18 LAC:1 CELL:2 ARFCN:644640 LEVEL:-105 QUAL:-11 </value></Data><Data name="NEI2"><value>TECH:5G CELLID:18 LAC:1 CELL:2 ARFCN:644640 LEVEL:-108 QUAL:-11 </value></Data><Data name="NEI3"><value></value></Data><Data name="NEI4"><value></value></Data><Data name="NEI5"><value></value></Data><Data name="NEI6"><value></value></Data></ExtendedData><Style><LabelStyle><scale>0.0</scale> </LabelStyle><IconStyle><color>FFFF00FF</color><scale>0.5</scale><Icon><href>http://maps.google.com/mapfiles/kml/shapes/shaded_dot.png</href></Icon></IconStyle></Style><Point><coordinates>-75.7580153,39.66352983,0</coordinates></Point></Placemark><Placemark><name>5G</name><ExtendedData><Data name="CGI"><value>3150100000100018</value></Data><Data name="CELLNAME"><value></value></Data><Data name="CELLID"><value>18</value></Data><Data name="RNC"><value>0</value></Data><Data name="TAC"><value>1</value></Data><Data name="TECHNOLOGY"><value>5G NSA</value></Data><Data name="MODE"><value>5G</value></Data><Data name="ARFCN"><value>644640</value></Data><Data name="BAND"><value>N48</value></Data><Data name="BANDWIDTH"><value></value></Data><Data name="CA"><value>false</value></Data><Data name="NR state"><value></value></Data><Data name="RSRP"><value>-105 dBm</value></Data><Data name="RSRQ"><value>-11</value></Data><Data name="LAYER"><value>1</value></Data><Data name="PC"><value>2</value></Data><Data name="DL_BITRATE"><value>0 kbps</value></Data><Data name="UL_BITRATE"><value>0 kbps</value></Data><Data name="IP"><value>10.120.121.23</value></Data><Data name="SNR"><value>13.0</value></Data><Data name="PHONE STATE"><value>I</value></Data><Data name="IMEI"><value></value></Data><Data name="SPEED"><value>13 km/h</value></Data><Data name="HEIGHT"><value>-2m</value></Data><Data name="ALTITUDE"><value>-2m</value></Data><Data name="LOCATION"><value>G</value></Data><Data name="ACCURACY"><value>3m</value></Data><Data name="DISTANCE"><value>-1m</value></Data><Data name="SITE BEARING"><value>1000deg</value></Data><Data name="ANTENNA BEARING"><value>1000deg</value></Data><Data name="CELLHEX"><value>12</value></Data><Data name="NODEHEX"><value>0</value></Data><Data name="LACHEX"><value>1</value></Data><Data name="RAWCELLID"><value>18</value></Data><Data name="TIME"><value>2026.08.18_16.46.45</value></Data><Data name="NEI1"><value>TECH:5G CELLID:18 LAC:1 CELL:2 ARFCN:644640 LEVEL:-105 QUAL:-11 </value></Data><Data name="NEI2"><value>TECH:5G CELLID:18 LAC:1 CELL:2 ARFCN:644640 LEVEL:-108 QUAL:-11 </value></Data><Data name="NEI3"><value></value></Data><Data name="NEI4"><value></value></Data><Data name="NEI5"><value></value></Data><Data name="NEI6"><value></value></Data></ExtendedData><Style><LabelStyle><scale>0.0</scale> </LabelStyle><IconStyle><color>FFFF00FF</color><scale>0.5</scale><Icon><href>http://maps.google.com/mapfiles/kml/shapes/shaded_dot.png</href></Icon></IconStyle></Style><Point><coordinates>-75.75788011,39.66350319,0</coordinates></Point></Placemark><Placemark><name>5G</name><ExtendedData><Data name="CGI"><value>3150100000100018</value></Data><Data name="CELLNAME"><value></value></Data><Data name="CELLID"><value>18</value></Data><Data name="RNC"><value>0</value></Data><Data name="TAC"><value>1</value></Data><Data name="TECHNOLOGY"><value>5G NSA</value></Data><Data name="MODE"><value>5G</value></Data><Data name="ARFCN"><value>644640</value></Data><Data name="BAND"><value>N48</value></Data><Data name="BANDWIDTH"><value></value></Data><Data name="CA"><value>false</value></Data><Data name="NR state"><value></value></Data><Data name="RSRP"><value>-105 dBm</value></Data><Data name="RSRQ"><value>-11</value></Data><Data name="LAYER"><value>1</value></Data><Data name="PC"><value>2</value></Data><Data name="DL_BITRATE"><value>0 kbps</value></Data><Data name="UL_BITRATE"><value>0 kbps</value></Data><Data name="IP"><value>10.120.121.23</value></Data><Data name="SNR"><value>13.0</value></Data><Data name="PHONE STATE"><value>I</value></Data><Data name="IMEI"><value></value></Data><Data name="SPEED"><value>23 km/h</value></Data><Data name="HEIGHT"><value>-2m</value></Data><Data name="ALTITUDE"><value>-2m</value></Data><Data name="LOCATION"><value>G</value></Data><Data name="ACCURACY"><value>3m</value></Data><Data name="DISTANCE"><value>-1m</value></Data><Data name="SITE BEARING"><value>1000deg</value></Data><Data name="ANTENNA BEARING"><value>1000deg</value></Data><Data name="CELLHEX"><value>12</value></Data><Data name="NODEHEX"><value>0</value></Data><Data name="LACHEX"><value>1</value></Data><Data name="RAWCELLID"><value>18</value></Data><Data name="TIME"><value>2026.08.18_16.46.48</value></Data><Data name="NEI1"><value>TECH:5G CELLID:18 LAC:1 CELL:2 ARFCN:644640 LEVEL:-105 QUAL:-11 </value></Data><Data name="NEI2"><value>TECH:5G CELLID:18 LAC:1 CELL:2 ARFCN:644640 LEVEL:-110 QUAL:-11 </value></Data><Data name="NEI3"><value></value></Data><Data name="NEI4"><value></value></Data><Data name="NEI5"><value></value></Data><Data name="NEI6"><value></value></Data></ExtendedData><Style><LabelStyle><scale>0.0</scale> </LabelStyle><IconStyle><color>FFFF00FF</color><scale>0.5</scale><Icon><href>http://maps.google.com/mapfiles/kml/shapes/shaded_dot.png</href></Icon></IconStyle></Style><Point><coordinates>-75.75781643,39.66337489,0</coordinates></Point></Placemark><Placemark><name>5G</name><ExtendedData><Data name="CGI"><value>3150100000100018</value></Data><Data name="CELLNAME"><value></value></Data><Data name="CELLID"><value>18</value></Data><Data name="RNC"><value>0</value></Data><Data name="TAC"><value>1</value></Data><Data name="TECHNOLOGY"><value>5G NSA</value></Data><Data name="MODE"><value>5G</value></Data><Data name="ARFCN"><value>644640</value></Data><Data name="BAND"><value>N48</value></Data><Data name="BANDWIDTH"><value></value></Data><Data name="CA"><value>false</value></Data><Data name="NR state"><value></value></Data><Data name="RSRP"><value>-105 dBm</value></Data><Data name="RSRQ"><value>-11</value></Data><Data name="LAYER"><value>1</value></Data><Data name="PC"><value>2</value></Data><Data name="DL_BITRATE"><value>0 kbps</value></Data><Data name="UL_BITRATE"><value>0 kbps</value></Data><Data name="IP"><value>10.120.121.23</value></Data><Data name="SNR"><value>13.0</value></Data><Data name="PHONE STATE"><value>I</value></Data><Data name="IMEI"><value></value></Data><Data name="SPEED"><value>23 km/h</value></Data><Data name="HEIGHT"><value>-2m</value></Data><Data name="ALTITUDE"><value>-2m</value></Data><Data name="LOCATION"><value>G</value></Data><Data name="ACCURACY"><value>3m</value></Data><Data name="DISTANCE"><value>-1m</value></Data><Data name="SITE BEARING"><value>1000deg</value></Data><Data name="ANTENNA BEARING"><value>1000deg</value></Data><Data name="CELLHEX"><value>12</value></Data><Data name="NODEHEX"><value>0</value></Data><Data name="LACHEX"><value>1</value></Data><Data name="RAWCELLID"><value>18</value></Data><Data name="TIME"><value>2026.08.18_16.46.50</value></Data><Data name="NEI1"><value>TECH:5G CELLID:18 LAC:1 CELL:2 ARFCN:644640 LEVEL:-105 QUAL:-11 </value></Data><Data name="NEI2"><value>TECH:5G CELLID:18 LAC:1 CELL:2 ARFCN:644640 LEVEL:-114 QUAL:-12 </value></Data><Data name="NEI3"><value></value></Data><Data name="NEI4"><value></value></Data><Data name="NEI5"><value></value></Data><Data name="NEI6"><value></value></Data></ExtendedData><Style><LabelStyle><scale>0.0</scale> </LabelStyle><IconStyle><color>FFFF00FF</color><scale>0.5</scale><Icon><href>http://maps.google.com/mapfiles/kml/shapes/shaded_dot.png</href></Icon></IconStyle></Style><Point><coordinates>-75.7577949,39.66327072,0</coordinates></Point></Placemark><Placemark><name>5G</name><ExtendedData><Data name="CGI"><value>3150100000100018</value></Data><Data name="CELLNAME"><value></value></Data><Data name="CELLID"><value>18</value></Data><Data name="RNC"><value>0</value></Data><Data name="TAC"><value>1</value></Data><Data name="TECHNOLOGY"><value>5G NSA</value></Data><Data name="MODE"><value>5G</value></Data><Data name="ARFCN"><value>644640</value></Data><Data name="BAND"><value>N48</value></Data><Data name="BANDWIDTH"><value></value></Data><Data name="CA"><value>false</value></Data><Data name="NR state"><value></value></Data><Data name="RSRP"><value>-105 dBm</value></Data><Data name="RSRQ"><value>-11</value></Data><Data name="LAYER"><value>1</value></Data><Data name="PC"><value>2</value></Data><Data name="DL_BITRATE"><value>0 kbps</value></Data><Data name="UL_BITRATE"><value>1 kbps</value></Data><Data name="IP"><value>10.120.121.23</value></Data><Data name="SNR"><value>13.0</value></Data><Data name="PHONE STATE"><value>D</value></Data><Data name="IMEI"><value></value></Data><Data name="SPEED"><value>21 km/h</value></Data><Data name="HEIGHT"><value>-1m</value></Data><Data name="ALTITUDE"><value>-1m</value></Data><Data name="LOCATION"><value>G</value></Data><Data name="ACCURACY"><value>3m</value></Data><Data name="DISTANCE"><value>-1m</value></Data><Data name="SITE BEARING"><value>1000deg</value></Data><Data name="ANTENNA BEARING"><value>1000deg</value></Data><Data name="CELLHEX"><value>12</value></Data><Data name="NODEHEX"><value>0</value></Data><Data name="LACHEX"><value>1</value></Data><Data name="RAWCELLID"><value>18</value></Data><Data name="TIME"><value>2026.08.18_16.46.52</value></Data><Data name="NEI1"><value>TECH:5G CELLID:18 LAC:1 CELL:2 ARFCN:644640 LEVEL:-105 QUAL:-11 </value></Data><Data name="NEI2"><value>TECH:5G CELLID:18 LAC:1 CELL:2 ARFCN:644640 LEVEL:-116 QUAL:-12 </value></Data><Data name="NEI3"><value></value></Data><Data name="NEI4"><value></value></Data><Data name="NEI5"><value></value></Data><Data name="NEI6"><value></value></Data></ExtendedData><Style><LabelStyle><scale>0.0</scale> </LabelStyle><IconStyle><color>FFFF00FF</color><scale>0.5</scale><Icon><href>http://maps.google.com/mapfiles/kml/shapes/shaded_dot.png</href></Icon></IconStyle></Style><Point><coordinates>-75.75776599,39.66314353,0</coordinates></Point></Placemark><Placemark><name>5G</name><ExtendedData><Data name="CGI"><value>3150100000100018</value></Data><Data name="CELLNAME"><value></value></Data><Data name="CELLID"><value>18</value></Data><Data name="RNC"><value>0</value></Data><Data name="TAC"><value>1</value></Data><Data name="TECHNOLOGY"><value>5G NSA</value></Data><Data name="MODE"><value>5G</value></Data><Data name="ARFCN"><value>644640</value></Data><Data name="BAND"><value>N48</value></Data><Data name="BANDWIDTH"><value></value></Data><Data name="CA"><value>false</value></Data><Data name="NR state"><value></value></Data><Data name="RSRP"><value>-105 dBm</value></Data><Data name="RSRQ"><value>-11</value></Data><Data name="LAYER"><value>1</value></Data><Data name="PC"><value>2</value></Data><Data name="DL_BITRATE"><value>0 kbps</value></Data><Data name="UL_BITRATE"><value>0 kbps</value></Data><Data name="IP"><value>10.120.121.23</value></Data><Data name="SNR"><value>13.0</value></Data><Data name="PHONE STATE"><value>I</value></Data><Data name="IMEI"><value></value></Data><Data name="SPEED"><value>16 km/h</value></Data><Data name="HEIGHT"><value>-1m</value></Data><Data name="ALTITUDE"><value>-1m</value></Data><Data name="LOCATION"><value>G</value></Data><Data name="ACCURACY"><value>3m</value></Data><Data name="DISTANCE"><value>-1m</value></Data><Data name="SITE BEARING"><value>1000deg</value></Data><Data name="ANTENNA BEARING"><value>1000deg</value></Data><Data name="CELLHEX"><value>12</value></Data><Data name="NODEHEX"><value>0</value></Data><Data name="LACHEX"><value>1</value></Data><Data name="RAWCELLID"><value>18</value></Data><Data name="TIME"><value>2026.08.18_16.46.54</value></Data><Data name="NEI1"><value>TECH:5G CELLID:18 LAC:1 CELL:2 ARFCN:644640 LEVEL:-105 QUAL:-11 </value></Data><Data name="NEI2"><value>TECH:5G CELLID:18 LAC:1 CELL:2 ARFCN:644640 LEVEL:-109 QUAL:-11 </value></Data><Data name="NEI3"><value></value></Data><Data name="NEI4"><value></value></Data><Data name="NEI5"><value></value></Data><Data name="NEI6"><value></value></Data></ExtendedData><Style><LabelStyle><scale>0.0</scale> </LabelStyle><IconStyle><color>FFFF00FF</color><scale>0.5</scale><Icon><href>http://maps.google.com/mapfiles/kml/shapes/shaded_dot.png</href></Icon></IconStyle></Style><Point><coordinates>-75.75775695,39.66304219,0</coordinates></Point></Placemark><Placemark><name>5G</name><ExtendedData><Data name="CGI"><value>3150100000100018</value></Data><Data name="CELLNAME"><value></value></Data><Data name="CELLID"><value>18</value></Data><Data name="RNC"><value>0</value></Data><Data name="TAC"><value>1</value></Data><Data name="TECHNOLOGY"><value>5G NSA</value></Data><Data name="MODE"><value>5G</value></Data><Data name="ARFCN"><value>644640</value></Data><Data name="BAND"><value>N48</value></Data><Data name="BANDWIDTH"><value></value></Data><Data name="CA"><value>false</value></Data><Data name="NR state"><value></value></Data><Data name="RSRP"><value>-105 dBm</value></Data><Data name="RSRQ"><value>-11</value></Data><Data name="LAYER"><value>1</value></Data><Data name="PC"><value>2</value></Data><Data name="DL_BITRATE"><value>0 kbps</value></Data><Data name="UL_BITRATE"><value>0 kbps</value></Data><Data name="IP"><value>10.120.121.23</value></Data><Data name="SNR"><value>13.0</value></Data><Data name="PHONE STATE"><value>I</value></Data><Data name="IMEI"><value></value></Data><Data name="SPEED"><value>11 km/h</value></Data><Data name="HEIGHT"><value>0m</value></Data><Data name="ALTITUDE"><value>0m</value></Data><Data name="LOCATION"><value>G</value></Data><Data name="ACCURACY"><value>3m</value></Data><Data name="DISTANCE"><value>-1m</value></Data><Data name="SITE BEARING"><value>1000deg</value></Data><Data name="ANTENNA BEARING"><value>1000deg</value></Data><Data name="CELLHEX"><value>12</value></Data><Data name="NODEHEX"><value>0</value></Data><Data name="LACHEX"><value>1</value></Data><Data name="RAWCELLID"><value>18</value></Data><Data name="TIME"><value>2026.08.18_16.46.58</value></Data><Data name="NEI1"><value>TECH:5G CELLID:18 LAC:1 CELL:2 ARFCN:644640 LEVEL:-105 QUAL:-11 </value></Data><Data name="NEI2"><value>TECH:5G CELLID:18 LAC:1 CELL:2 ARFCN:644640 LEVEL:-109 QUAL:-11 </value></Data><Data name="NEI3"><value></value></Data><Data name="NEI4"><value></value></Data><Data name="NEI5"><value></value></Data><Data name="NEI6"><value></value></Data></ExtendedData><Style><LabelStyle><scale>0.0</scale> </LabelStyle><IconStyle><color>FFFF00FF</color><scale>0.5</scale><Icon><href>http://maps.google.com/mapfiles/kml/shapes/shaded_dot.png</href></Icon></IconStyle></Style><Point><coordinates>-75.75774089,39.66293543,0</coordinates></Point></Placemark><Placemark><name>5G</name><ExtendedData><Data name="CGI"><value>3150100000100018</value></Data><Data name="CELLNAME"><value></value></Data><Data name="CELLID"><value>18</value></Data><Data name="RNC"><value>0</value></Data><Data name="TAC"><value>1</value></Data><Data name="TECHNOLOGY"><value>5G NSA</value></Data><Data name="MODE"><value>5G</value></Data><Data name="ARFCN"><value>644640</value></Data><Data name="BAND"><value>N48</value></Data><Data name="BANDWIDTH"><value></value></Data><Data name="CA"><value>false</value></Data><Data name="NR state"><value></value></Data><Data name="RSRP"><value>-105 dBm</value></Data><Data name="RSRQ"><value>-11</value></Data><Data name="LAYER"><value>1</value></Data><Data name="PC"><value>2</value></Data><Data name="DL_BITRATE"><value>0 kbps</value></Data><Data name="UL_BITRATE"><value>0 kbps</value></Data><Data name="IP"><value>10.120.121.23</value></Data><Data name="SNR"><value>13.0</value></Data><Data name="PHONE STATE"><value>I</value></Data><Data name="IMEI"><value></value></Data><Data name="SPEED"><value>20 km/h</value></Data><Data name="HEIGHT"><value>0m</value></Data><Data name="ALTITUDE"><value>0m</value></Data><Data name="LOCATION"><value>G</value></Data><Data name="ACCURACY"><value>3m</value></Data><Data name="DISTANCE"><value>-1m</value></Data><Data name="SITE BEARING"><value>1000deg</value></Data><Data name="ANTENNA BEARING"><value>1000deg</value></Data><Data name="CELLHEX"><value>12</value></Data><Data name="NODEHEX"><value>0</value></Data><Data name="LACHEX"><value>1</value></Data><Data name="RAWCELLID"><value>18</value></Data><Data name="TIME"><value>2026.08.18_16.47.01</value></Data><Data name="NEI1"><value>TECH:5G CELLID:18 LAC:1 CELL:2 ARFCN:644640 LEVEL:-105 QUAL:-11 </value></Data><Data name="NEI2"><value>TECH:5G CELLID:18 LAC:1 CELL:2 ARFCN:644640 LEVEL:-111 QUAL:-11 </value></Data><Data name="NEI3"><value></value></Data><Data name="NEI4"><value></value></Data><Data name="NEI5"><value></value></Data><Data name="NEI6"><value></value></Data></ExtendedData><Style><LabelStyle><scale>0.0</scale> </LabelStyle><IconStyle><color>FFFF00FF</color><scale>0.5</scale><Icon><href>http://maps.google.com/mapfiles/kml/shapes/shaded_dot.png</href></Icon></IconStyle></Style><Point><coordinates>-75.7576037,39.66285973,0</coordinates></Point></Placemark><Placemark><name>5G</name><ExtendedData><Data name="CGI"><value>3150100000100018</value></Data><Data name="CELLNAME"><value></value></Data><Data name="CELLID"><value>18</value></Data><Data name="RNC"><value>0</value></Data><Data name="TAC"><value>1</value></Data><Data name="TECHNOLOGY"><value>5G NSA</value></Data><Data name="MODE"><value>5G</value></Data><Data name="ARFCN"><value>644640</value></Data><Data name="BAND"><value>N48</value></Data><Data name="BANDWIDTH"><value></value></Data><Data name="CA"><value>false</value></Data><Data name="NR state"><value></value></Data><Data name="RSRP"><value>-105 dBm</value></Data><Data name="RSRQ"><value>-11</value></Data><Data name="LAYER"><value>1</value></Data><Data name="PC"><value>2</value></Data><Data name="DL_BITRATE"><value>0 kbps</value></Data><Data name="UL_BITRATE"><value>0 kbps</value></Data><Data name="IP"><value>10.120.121.23</value></Data><Data name="SNR"><value>13.0</value></Data><Data name="PHONE STATE"><value>I</value></Data><Data name="IMEI"><value></value></Data><Data name="SPEED"><value>28 km/h</value></Data><Data name="HEIGHT"><value>1m</value></Data><Data name="ALTITUDE"><value>1m</value></Data><Data name="LOCATION"><value>G</value></Data><Data name="ACCURACY"><value>3m</value></Data><Data name="DISTANCE"><value>-1m</value></Data><Data name="SITE BEARING"><value>1000deg</value></Data><Data name="ANTENNA BEARING"><value>1000deg</value></Data><Data name="CELLHEX"><value>12</value></Data><Data name="NODEHEX"><value>0</value></Data><Data name="LACHEX"><value>1</value></Data><Data name="RAWCELLID"><value>18</value></Data><Data name="TIME"><value>2026.08.18_16.47.03</value></Data><Data name="NEI1"><value>TECH:5G CELLID:18 LAC:1 CELL:2 ARFCN:644640 LEVEL:-105 QUAL:-11 </value></Data><Data name="NEI2"><value>TECH:5G CELLID:18 LAC:1 CELL:2 ARFCN:644640 LEVEL:-114 QUAL:-11 </value></Data><Data name="NEI3"><value></value></Data><Data name="NEI4"><value></value></Data><Data name="NEI5"><value></value></Data><Data name="NEI6"><value></value></Data></ExtendedData><Style><LabelStyle><scale>0.0</scale> </LabelStyle><IconStyle><color>FFFF00FF</color><scale>0.5</scale><Icon><href>http://maps.google.com/mapfiles/kml/shapes/shaded_dot.png</href></Icon></IconStyle></Style><Point><coordinates>-75.75743278,39.66286245,0</coordinates></Point></Placemark><Placemark><name>5G</name><ExtendedData><Data name="CGI"><value>3150100000100018</value></Data><Data name="CELLNAME"><value></value></Data><Data name="CELLID"><value>18</value></Data><Data name="RNC"><value>0</value></Data><Data name="TAC"><value>1</value></Data><Data name="TECHNOLOGY"><value>5G NSA</value></Data><Data name="MODE"><value>5G</value></Data><Data name="ARFCN"><value>644640</value></Data><Data name="BAND"><value>N48</value></Data><Data name="BANDWIDTH"><value></value></Data><Data name="CA"><value>false</value></Data><Data name="NR state"><value></value></Data><Data name="RSRP"><value>-105 dBm</value></Data><Data name="RSRQ"><value>-11</value></Data><Data name="LAYER"><value>1</value></Data><Data name="PC"><value>2</value></Data><Data name="DL_BITRATE"><value>0 kbps</value></Data><Data name="UL_BITRATE"><value>0 kbps</value></Data><Data name="IP"><value>10.120.121.23</value></Data><Data name="SNR"><value>13.0</value></Data><Data name="PHONE STATE"><value>I</value></Data><Data name="IMEI"><value></value></Data><Data name="SPEED"><value>35 km/h</value></Data><Data name="HEIGHT"><value>2m</value></Data><Data name="ALTITUDE"><value>2m</value></Data><Data name="LOCATION"><value>G</value></Data><Data name="ACCURACY"><value>3m</value></Data><Data name="DISTANCE"><value>-1m</value></Data><Data name="SITE BEARING"><value>1000deg</value></Data><Data name="ANTENNA BEARING"><value>1000deg</value></Data><Data name="CELLHEX"><value>12</value></Data><Data name="NODEHEX"><value>0</value></Data><Data name="LACHEX"><value>1</value></Data><Data name="RAWCELLID"><value>18</value></Data><Data name="TIME"><value>2026.08.18_16.47.05</value></Data><Data name="NEI1"><value>TECH:5G CELLID:18 LAC:1 CELL:2 ARFCN:644640 LEVEL:-105 QUAL:-11 </value></Data><Data name="NEI2"><value>TECH:5G CELLID:18 LAC:1 CELL:2 ARFCN:644640 LEVEL:-116 QUAL:-12 </value></Data><Data name="NEI3"><value></value></Data><Data name="NEI4"><value></value></Data><Data name="NEI5"><value></value></Data><Data name="NEI6"><value></value></Data></ExtendedData><Style><LabelStyle><scale>0.0</scale> </LabelStyle><IconStyle><color>FFFF00FF</color><scale>0.5</scale><Icon><href>http://maps.google.com/mapfiles/kml/shapes/shaded_dot.png</href></Icon></IconStyle></Style><Point><coordinates>-75.75721629,39.66285955,0</coordinates></Point></Placemark><Placemark><name>5G</name><ExtendedData><Data name="CGI"><value>3150100000100018</value></Data><Data name="CELLNAME"><value></value></Data><Data name="CELLID"><value>18</value></Data><Data name="RNC"><value>0</value></Data><Data name="TAC"><value>1</value></Data><Data name="TECHNOLOGY"><value>5G NSA</value></Data><Data name="MODE"><value>5G</value></Data><Data name="ARFCN"><value>644640</value></Data><Data name="BAND"><value>N48</value></Data><Data name="BANDWIDTH"><value></value></Data><Data name="CA"><value>false</value></Data><Data name="NR state"><value></value></Data><Data name="RSRP"><value>-105 dBm</value></Data><Data name="RSRQ"><value>-11</value></Data><Data name="LAYER"><value>1</value></Data><Data name="PC"><value>2</value></Data><Data name="DL_BITRATE"><value>0 kbps</value></Data><Data name="UL_BITRATE"><value>0 kbps</value></Data><Data name="IP"><value>10.120.121.23</value></Data><Data name="SNR"><value>13.0</value></Data><Data name="PHONE STATE"><value>I</value></Data><Data name="IMEI"><value></value></Data><Data name="SPEED"><value>37 km/h</value></Data><Data name="HEIGHT"><value>2m</value></Data><Data name="ALTITUDE"><value>2m</value></Data><Data name="LOCATION"><value>G</value></Data><Data name="ACCURACY"><value>3m</value></Data><Data name="DISTANCE"><value>-1m</value></Data><Data name="SITE BEARING"><value>1000deg</value></Data><Data name="ANTENNA BEARING"><value>1000deg</value></Data><Data name="CELLHEX"><value>12</value></Data><Data name="NODEHEX"><value>0</value></Data><Data name="LACHEX"><value>1</value></Data><Data name="RAWCELLID"><value>18</value></Data><Data name="TIME"><value>2026.08.18_16.47.07</value></Data><Data name="NEI1"><value>TECH:5G CELLID:18 LAC:1 CELL:2 ARFCN:644640 LEVEL:-105 QUAL:-11 </value></Data><Data name="NEI2"><value>TECH:5G CELLID:18 LAC:1 CELL:2 ARFCN:644640 LEVEL:-116 QUAL:-12 </value></Data><Data name="NEI3"><value></value></Data><Data name="NEI4"><value></value></Data><Data name="NEI5"><value></value></Data><Data name="NEI6"><value></value></Data></ExtendedData><Style><LabelStyle><scale>0.0</scale> </LabelStyle><IconStyle><color>FFFF00FF</color><scale>0.5</scale><Icon><href>http://maps.google.com/mapfiles/kml/shapes/shaded_dot.png</href></Icon></IconStyle></Style><Point><coordinates>-75.75697874,39.66285747,0</coordinates></Point></Placemark><Placemark><name>5G</name><ExtendedData><Data name="CGI"><value>3150100000100018</value></Data><Data name="CELLNAME"><value></value></Data><Data name="CELLID"><value>18</value></Data><Data name="RNC"><value>0</value></Data><Data name="TAC"><value>1</value></Data><Data name="TECHNOLOGY"><value>5G NSA</value></Data><Data name="MODE"><value>5G</value></Data><Data name="ARFCN"><value>644640</value></Data><Data name="BAND"><value>N48</value></Data><Data name="BANDWIDTH"><value></value></Data><Data name="CA"><value>false</value></Data><Data name="NR state"><value></value></Data><Data name="RSRP"><value>-105 dBm</value></Data><Data name="RSRQ"><value>-11</value></Data><Data name="LAYER"><value>1</value></Data><Data name="PC"><value>2</value></Data><Data name="DL_BITRATE"><value>0 kbps</value></Data><Data name="UL_BITRATE"><value>0 kbps</value></Data><Data name="IP"><value>10.120.121.23</value></Data><Data name="SNR"><value>13.0</value></Data><Data name="PHONE STATE"><value>I</value></Data><Data name="IMEI"><value></value></Data><Data name="SPEED"><value>39 km/h</value></Data><Data name="HEIGHT"><value>2m</value></Data><Data name="ALTITUDE"><value>2m</value></Data><Data name="LOCATION"><value>G</value></Data><Data name="ACCURACY"><value>3m</value></Data><Data name="DISTANCE"><value>-1m</value></Data><Data name="SITE BEARING"><value>1000deg</value></Data><Data name="ANTENNA BEARING"><value>1000deg</value></Data><Data name="CELLHEX"><value>12</value></Data><Data name="NODEHEX"><value>0</value></Data><Data name="LACHEX"><value>1</value></Data><Data name="RAWCELLID"><value>18</value></Data><Data name="TIME"><value>2026.08.18_16.47.08</value></Data><Data name="NEI1"><value>TECH:5G CELLID:18 LAC:1 CELL:2 ARFCN:644640 LEVEL:-101 QUAL:-11 </value></Data><Data name="NEI2"><value>TECH:5G CELLID:18 LAC:1 CELL:2 ARFCN:644640 LEVEL:-105 QUAL:-11 </value></Data><Data name="NEI3"><value></value></Data><Data name="NEI4"><value></value></Data><Data name="NEI5"><value></value></Data><Data name="NEI6"><value></value></Data></ExtendedData><Style><LabelStyle><scale>0.0</scale> </LabelStyle><IconStyle><color>FFFF00FF</color><scale>0.5</scale><Icon><href>http://maps.google.com/mapfiles/kml/shapes/shaded_dot.png</href></Icon></IconStyle></Style><Point><coordinates>-75.75684848,39.66285985,0</coordinates></Point></Placemark><Placemark><name>5G</name><ExtendedData><Data name="CGI"><value>3150100000100018</value></Data><Data name="CELLNAME"><value></value></Data><Data name="CELLID"><value>18</value></Data><Data name="RNC"><value>0</value></Data><Data name="TAC"><value>1</value></Data><Data name="TECHNOLOGY"><value>5G NSA</value></Data><Data name="MODE"><value>5G</value></Data><Data name="ARFCN"><value>644640</value></Data><Data name="BAND"><value>N48</value></Data><Data name="BANDWIDTH"><value></value></Data><Data name="CA"><value>false</value></Data><Data name="NR state"><value></value></Data><Data name="RSRP"><value>-105 dBm</value></Data><Data name="RSRQ"><value>-11</value></Data><Data name="LAYER"><value>1</value></Data><Data name="PC"><value>2</value></Data><Data name="DL_BITRATE"><value>0 kbps</value></Data><Data name="UL_BITRATE"><value>0 kbps</value></Data><Data name="IP"><value>10.120.121.23</value></Data><Data name="SNR"><value>13.0</value></Data><Data name="PHONE STATE"><value>I</value></Data><Data name="IMEI"><value></value></Data><Data name="SPEED"><value>40 km/h</value></Data><Data name="HEIGHT"><value>2m</value></Data><Data name="ALTITUDE"><value>2m</value></Data><Data name="LOCATION"><value>G</value></Data><Data name="ACCURACY"><value>3m</value></Data><Data name="DISTANCE"><value>-1m</value></Data><Data name="SITE BEARING"><value>1000deg</value></Data><Data name="ANTENNA BEARING"><value>1000deg</value></Data><Data name="CELLHEX"><value>12</value></Data><Data name="NODEHEX"><value>0</value></Data><Data name="LACHEX"><value>1</value></Data><Data name="RAWCELLID"><value>18</value></Data><Data name="TIME"><value>2026.08.18_16.47.09</value></Data><Data name="NEI1"><value>TECH:5G CELLID:18 LAC:1 CELL:2 ARFCN:644640 LEVEL:-101 QUAL:-11 </value></Data><Data name="NEI2"><value>TECH:5G CELLID:18 LAC:1 CELL:2 ARFCN:644640 LEVEL:-105 QUAL:-11 </value></Data><Data name="NEI3"><value></value></Data><Data name="NEI4"><value></value></Data><Data name="NEI5"><value></value></Data><Data name="NEI6"><value></value></Data></ExtendedData><Style><LabelStyle><scale>0.0</scale> </LabelStyle><IconStyle><color>FFFF00FF</color><scale>0.5</scale><Icon><href>http://maps.google.com/mapfiles/kml/shapes/shaded_dot.png</href></Icon></IconStyle></Style><Point><coordinates>-75.75672364,39.66286358,0</coordinates></Point></Placemark><Placemark><name>5G</name><ExtendedData><Data name="CGI"><value>3150100000100018</value></Data><Data name="CELLNAME"><value></value></Data><Data name="CELLID"><value>18</value></Data><Data name="RNC"><value>0</value></Data><Data name="TAC"><value>1</value></Data><Data name="TECHNOLOGY"><value>5G NSA</value></Data><Data name="MODE"><value>5G</value></Data><Data name="ARFCN"><value>644640</value></Data><Data name="BAND"><value>N48</value></Data><Data name="BANDWIDTH"><value></value></Data><Data name="CA"><value>false</value></Data><Data name="NR state"><value></value></Data><Data name="RSRP"><value>-105 dBm</value></Data><Data name="RSRQ"><value>-11</value></Data><Data name="LAYER"><value>1</value></Data><Data name="PC"><value>2</value></Data><Data name="DL_BITRATE"><value>0 kbps</value></Data><Data name="UL_BITRATE"><value>0 kbps</value></Data><Data name="IP"><value>10.120.121.23</value></Data><Data name="SNR"><value>13.0</value></Data><Data name="PHONE STATE"><value>I</value></Data><Data name="IMEI"><value></value></Data><Data name="SPEED"><value>41 km/h</value></Data><Data name="HEIGHT"><value>1m</value></Data><Data name="ALTITUDE"><value>1m</value></Data><Data name="LOCATION"><value>G</value></Data><Data name="ACCURACY"><value>3m</value></Data><Data name="DISTANCE"><value>-1m</value></Data><Data name="SITE BEARING"><value>1000deg</value></Data><Data name="ANTENNA BEARING"><value>1000deg</value></Data><Data name="CELLHEX"><value>12</value></Data><Data name="NODEHEX"><value>0</value></Data><Data name="LACHEX"><value>1</value></Data><Data name="RAWCELLID"><value>18</value></Data><Data name="TIME"><value>2026.08.18_16.47.10</value></Data><Data name="NEI1"><value>TECH:5G CELLID:18 LAC:1 CELL:2 ARFCN:644640 LEVEL:-105 QUAL:-11 </value></Data><Data name="NEI2"><value>TECH:5G CELLID:18 LAC:1 CELL:2 ARFCN:644640 LEVEL:-105 QUAL:-11 </value></Data><Data name="NEI3"><value></value></Data><Data name="NEI4"><value></value></Data><Data name="NEI5"><value></value></Data><Data name="NEI6"><value></value></Data></ExtendedData><Style><LabelStyle><scale>0.0</scale> </LabelStyle><IconStyle><color>FFFF00FF</color><scale>0.5</scale><Icon><href>http://maps.google.com/mapfiles/kml/shapes/shaded_dot.png</href></Icon></IconStyle></Style><Point><coordinates>-75.75659817,39.662877,0</coordinates></Point></Placemark><Placemark><name>5G</name><ExtendedData><Data name="CGI"><value>3150100000100018</value></Data><Data name="CELLNAME"><value></value></Data><Data name="CELLID"><value>18</value></Data><Data name="RNC"><value>0</value></Data><Data name="TAC"><value>1</value></Data><Data name="TECHNOLOGY"><value>5G NSA</value></Data><Data name="MODE"><value>5G</value></Data><Data name="ARFCN"><value>644640</value></Data><Data name="BAND"><value>N48</value></Data><Data name="BANDWIDTH"><value></value></Data><Data name="CA"><value>false</value></Data><Data name="NR state"><value></value></Data><Data name="RSRP"><value>-105 dBm</value></Data><Data name="RSRQ"><value>-11</value></Data><Data name="LAYER"><value>1</value></Data><Data name="PC"><value>2</value></Data><Data name="DL_BITRATE"><value>0 kbps</value></Data><Data name="UL_BITRATE"><value>0 kbps</value></Data><Data name="IP"><value>10.120.121.23</value></Data><Data name="SNR"><value>13.0</value></Data><Data name="PHONE STATE"><value>I</value></Data><Data name="IMEI"><value></value></Data><Data name="SPEED"><value>42 km/h</value></Data><Data name="HEIGHT"><value>1m</value></Data><Data name="ALTITUDE"><value>1m</value></Data><Data name="LOCATION"><value>G</value></Data><Data name="ACCURACY"><value>3m</value></Data><Data name="DISTANCE"><value>-1m</value></Data><Data name="SITE BEARING"><value>1000deg</value></Data><Data name="ANTENNA BEARING"><value>1000deg</value></Data><Data name="CELLHEX"><value>12</value></Data><Data name="NODEHEX"><value>0</value></Data><Data name="LACHEX"><value>1</value></Data><Data name="RAWCELLID"><value>18</value></Data><Data name="TIME"><value>2026.08.18_16.47.11</value></Data><Data name="NEI1"><value>TECH:5G CELLID:18 LAC:1 CELL:2 ARFCN:644640 LEVEL:-105 QUAL:-11 </value></Data><Data name="NEI2"><value>TECH:5G CELLID:18 LAC:1 CELL:2 ARFCN:644640 LEVEL:-105 QUAL:-11 </value></Data><Data name="NEI3"><value></value></Data><Data name="NEI4"><value></value></Data><Data name="NEI5"><value></value></Data><Data name="NEI6"><value></value></Data></ExtendedData><Style><LabelStyle><scale>0.0</scale> </LabelStyle><IconStyle><color>FFFF00FF</color><scale>0.5</scale><Icon><href>http://maps.google.com/mapfiles/kml/shapes/shaded_dot.png</href></Icon></IconStyle></Style><Point><coordinates>-75.75646384,39.66289068,0</coordinates></Point></Placemark><Placemark><name>5G</name><ExtendedData><Data name="CGI"><value>3150100000100018</value></Data><Data name="CELLNAME"><value></value></Data><Data name="CELLID"><value>18</value></Data><Data name="RNC"><value>0</value></Data><Data name="TAC"><value>1</value></Data><Data name="TECHNOLOGY"><value>5G NSA</value></Data><Data name="MODE"><value>5G</value></Data><Data name="ARFCN"><value>644640</value></Data><Data name="BAND"><value>N48</value></Data><Data name="BANDWIDTH"><value></value></Data><Data name="CA"><value>false</value></Data><Data name="NR state"><value></value></Data><Data name="RSRP"><value>-105 dBm</value></Data><Data name="RSRQ"><value>-11</value></Data><Data name="LAYER"><value>1</value></Data><Data name="PC"><value>2</value></Data><Data name="DL_BITRATE"><value>0 kbps</value></Data><Data name="UL_BITRATE"><value>0 kbps</value></Data><Data name="IP"><value>10.120.121.23</value></Data><Data name="SNR"><value>13.0</value></Data><Data name="PHONE STATE"><value>D</value></Data><Data name="IMEI"><value></value></Data><Data name="SPEED"><value>43 km/h</value></Data><Data name="HEIGHT"><value>1m</value></Data><Data name="ALTITUDE"><value>1m</value></Data><Data name="LOCATION"><value>G</value></Data><Data name="ACCURACY"><value>3m</value></Data><Data name="DISTANCE"><value>-1m</value></Data><Data name="SITE BEARING"><value>1000deg</value></Data><Data name="ANTENNA BEARING"><value>1000deg</value></Data><Data name="CELLHEX"><value>12</value></Data><Data name="NODEHEX"><value>0</value></Data><Data name="LACHEX"><value>1</value></Data><Data name="RAWCELLID"><value>18</value></Data><Data name="TIME"><value>2026.08.18_16.47.12</value></Data><Data name="NEI1"><value>TECH:5G CELLID:18 LAC:1 CELL:2 ARFCN:644640 LEVEL:-105 QUAL:-11 </value></Data><Data name="NEI2"><value>TECH:5G CELLID:18 LAC:1 CELL:2 ARFCN:644640 LEVEL:-105 QUAL:-11 </value></Data><Data name="NEI3"><value></value></Data><Data name="NEI4"><value></value></Data><Data name="NEI5"><value></value></Data><Data name="NEI6"><value></value></Data></ExtendedData><Style><LabelStyle><scale>0.0</scale> </LabelStyle><IconStyle><color>FFFF00FF</color><scale>0.5</scale><Icon><href>http://maps.google.com/mapfiles/kml/shapes/shaded_dot.png</href></Icon></IconStyle></Style><Point><coordinates>-75.75632682,39.66289806,0</coordinates></Point></Placemark><Placemark><name>5G</name><ExtendedData><Data name="CGI"><value>3150100000100018</value></Data><Data name="CELLNAME"><value></value></Data><Data name="CELLID"><value>18</value></Data><Data name="RNC"><value>0</value></Data><Data name="TAC"><value>1</value></Data><Data name="TECHNOLOGY"><value>5G NSA</value></Data><Data name="MODE"><value>5G</value></Data><Data name="ARFCN"><value>644640</value></Data><Data name="BAND"><value>N48</value></Data><Data name="BANDWIDTH"><value></value></Data><Data name="CA"><value>false</value></Data><Data name="NR state"><value></value></Data><Data name="RSRP"><value>-105 dBm</value></Data><Data name="RSRQ"><value>-11</value></Data><Data name="LAYER"><value>1</value></Data><Data name="PC"><value>2</value></Data><Data name="DL_BITRATE"><value>33 kbps</value></Data><Data name="UL_BITRATE"><value>18 kbps</value></Data><Data name="IP"><value>10.120.121.23</value></Data><Data name="SNR"><value>13.0</value></Data><Data name="PHONE STATE"><value>D</value></Data><Data name="IMEI"><value></value></Data><Data name="SPEED"><value>43 km/h</value></Data><Data name="HEIGHT"><value>1m</value></Data><Data name="ALTITUDE"><value>1m</value></Data><Data name="LOCATION"><value>G</value></Data><Data name="ACCURACY"><value>3m</value></Data><Data name="DISTANCE"><value>-1m</value></Data><Data name="SITE BEARING"><value>1000deg</value></Data><Data name="ANTENNA BEARING"><value>1000deg</value></Data><Data name="CELLHEX"><value>12</value></Data><Data name="NODEHEX"><value>0</value></Data><Data name="LACHEX"><value>1</value></Data><Data name="RAWCELLID"><value>18</value></Data><Data name="TIME"><value>2026.08.18_16.47.13</value></Data><Data name="NEI1"><value>TECH:5G CELLID:18 LAC:1 CELL:2 ARFCN:644640 LEVEL:-103 QUAL:-11 </value></Data><Data name="NEI2"><value>TECH:5G CELLID:18 LAC:1 CELL:2 ARFCN:644640 LEVEL:-105 QUAL:-11 </value></Data><Data name="NEI3"><value></value></Data><Data name="NEI4"><value></value></Data><Data name="NEI5"><value></value></Data><Data name="NEI6"><value></value></Data></ExtendedData><Style><LabelStyle><scale>0.0</scale> </LabelStyle><IconStyle><color>FFFF00FF</color><scale>0.5</scale><Icon><href>http://maps.google.com/mapfiles/kml/shapes/shaded_dot.png</href></Icon></IconStyle></Style><Point><coordinates>-75.75619019,39.66290881,0</coordinates></Point></Placemark><Placemark><name>5G</name><ExtendedData><Data name="CGI"><value>3150100000100018</value></Data><Data name="CELLNAME"><value></value></Data><Data name="CELLID"><value>18</value></Data><Data name="RNC"><value>0</value></Data><Data name="TAC"><value>1</value></Data><Data name="TECHNOLOGY"><value>5G NSA</value></Data><Data name="MODE"><value>5G</value></Data><Data name="ARFCN"><value>644640</value></Data><Data name="BAND"><value>N48</value></Data><Data name="BANDWIDTH"><value></value></Data><Data name="CA"><value>false</value></Data><Data name="NR state"><value></value></Data><Data name="RSRP"><value>-105 dBm</value></Data><Data name="RSRQ"><value>-11</value></Data><Data name="LAYER"><value>1</value></Data><Data name="PC"><value>2</value></Data><Data name="DL_BITRATE"><value>0 kbps</value></Data><Data name="UL_BITRATE"><value>0 kbps</value></Data><Data name="IP"><value>10.120.121.23</value></Data><Data name="SNR"><value>13.0</value></Data><Data name="PHONE STATE"><value>I</value></Data><Data name="IMEI"><value></value></Data><Data name="SPEED"><value>43 km/h</value></Data><Data name="HEIGHT"><value>1m</value></Data><Data name="ALTITUDE"><value>1m</value></Data><Data name="LOCATION"><value>G</value></Data><Data name="ACCURACY"><value>3m</value></Data><Data name="DISTANCE"><value>-1m</value></Data><Data name="SITE BEARING"><value>1000deg</value></Data><Data name="ANTENNA BEARING"><value>1000deg</value></Data><Data name="CELLHEX"><value>12</value></Data><Data name="NODEHEX"><value>0</value></Data><Data name="LACHEX"><value>1</value></Data><Data name="RAWCELLID"><value>18</value></Data><Data name="TIME"><value>2026.08.18_16.47.14</value></Data><Data name="NEI1"><value>TECH:5G CELLID:18 LAC:1 CELL:2 ARFCN:644640 LEVEL:-103 QUAL:-11 </value></Data><Data name="NEI2"><value>TECH:5G CELLID:18 LAC:1 CELL:2 ARFCN:644640 LEVEL:-105 QUAL:-11 </value></Data><Data name="NEI3"><value></value></Data><Data name="NEI4"><value></value></Data><Data name="NEI5"><value></value></Data><Data name="NEI6"><value></value></Data></ExtendedData><Style><LabelStyle><scale>0.0</scale> </LabelStyle><IconStyle><color>FFFF00FF</color><scale>0.5</scale><Icon><href>http://maps.google.com/mapfiles/kml/shapes/shaded_dot.png</href></Icon></IconStyle></Style><Point><coordinates>-75.75604995,39.66292755,0</coordinates></Point></Placemark><Placemark><name>5G</name><ExtendedData><Data name="CGI"><value>3150100000100018</value></Data><Data name="CELLNAME"><value></value></Data><Data name="CELLID"><value>18</value></Data><Data name="RNC"><value>0</value></Data><Data name="TAC"><value>1</value></Data><Data name="TECHNOLOGY"><value>5G NSA</value></Data><Data name="MODE"><value>5G</value></Data><Data name="ARFCN"><value>644640</value></Data><Data name="BAND"><value>N48</value></Data><Data name="BANDWIDTH"><value></value></Data><Data name="CA"><value>false</value></Data><Data name="NR state"><value></value></Data><Data name="RSRP"><value>-105 dBm</value></Data><Data name="RSRQ"><value>-11</value></Data><Data name="LAYER"><value>1</value></Data><Data name="PC"><value>2</value></Data><Data name="DL_BITRATE"><value>0 kbps</value></Data><Data name="UL_BITRATE"><value>0 kbps</value></Data><Data name="IP"><value>10.120.121.23</value></Data><Data name="SNR"><value>13.0</value></Data><Data name="PHONE STATE"><value>I</value></Data><Data name="IMEI"><value></value></Data><Data name="SPEED"><value>42 km/h</value></Data><Data name="HEIGHT"><value>1m</value></Data><Data name="ALTITUDE"><value>1m</value></Data><Data name="LOCATION"><value>G</value></Data><Data name="ACCURACY"><value>3m</value></Data><Data name="DISTANCE"><value>-1m</value></Data><Data name="SITE BEARING"><value>1000deg</value></Data><Data name="ANTENNA BEARING"><value>1000deg</value></Data><Data name="CELLHEX"><value>12</value></Data><Data name="NODEHEX"><value>0</value></Data><Data name="LACHEX"><value>1</value></Data><Data name="RAWCELLID"><value>18</value></Data><Data name="TIME"><value>2026.08.18_16.47.15</value></Data><Data name="NEI1"><value>TECH:5G CELLID:18 LAC:1 CELL:2 ARFCN:644640 LEVEL:-105 QUAL:-11 </value></Data><Data name="NEI2"><value>TECH:5G CELLID:18 LAC:1 CELL:2 ARFCN:644640 LEVEL:-109 QUAL:-11 </value></Data><Data name="NEI3"><value></value></Data><Data name="NEI4"><value></value></Data><Data name="NEI5"><value></value></Data><Data name="NEI6"><value></value></Data></ExtendedData><Style><LabelStyle><scale>0.0</scale> </LabelStyle><IconStyle><color>FFFF00FF</color><scale>0.5</scale><Icon><href>http://maps.google.com/mapfiles/kml/shapes/shaded_dot.png</href></Icon></IconStyle></Style><Point><coordinates>-75.75591299,39.6629397,0</coordinates></Point></Placemark><Placemark><name>5G</name><ExtendedData><Data name="CGI"><value>3150100000100018</value></Data><Data name="CELLNAME"><value></value></Data><Data name="CELLID"><value>18</value></Data><Data name="RNC"><value>0</value></Data><Data name="TAC"><value>1</value></Data><Data name="TECHNOLOGY"><value>5G NSA</value></Data><Data name="MODE"><value>5G</value></Data><Data name="ARFCN"><value>644640</value></Data><Data name="BAND"><value>N48</value></Data><Data name="BANDWIDTH"><value></value></Data><Data name="CA"><value>false</value></Data><Data name="NR state"><value></value></Data><Data name="RSRP"><value>-105 dBm</value></Data><Data name="RSRQ"><value>-11</value></Data><Data name="LAYER"><value>1</value></Data><Data name="PC"><value>2</value></Data><Data name="DL_BITRATE"><value>0 kbps</value></Data><Data name="UL_BITRATE"><value>0 kbps</value></Data><Data name="IP"><value>10.120.121.23</value></Data><Data name="SNR"><value>13.0</value></Data><Data name="PHONE STATE"><value>I</value></Data><Data name="IMEI"><value></value></Data><Data name="SPEED"><value>41 km/h</value></Data><Data name="HEIGHT"><value>1m</value></Data><Data name="ALTITUDE"><value>1m</value></Data><Data name="LOCATION"><value>G</value></Data><Data name="ACCURACY"><value>3m</value></Data><Data name="DISTANCE"><value>-1m</value></Data><Data name="SITE BEARING"><value>1000deg</value></Data><Data name="ANTENNA BEARING"><value>1000deg</value></Data><Data name="CELLHEX"><value>12</value></Data><Data name="NODEHEX"><value>0</value></Data><Data name="LACHEX"><value>1</value></Data><Data name="RAWCELLID"><value>18</value></Data><Data name="TIME"><value>2026.08.18_16.47.16</value></Data><Data name="NEI1"><value>TECH:5G CELLID:18 LAC:1 CELL:2 ARFCN:644640 LEVEL:-105 QUAL:-11 </value></Data><Data name="NEI2"><value>TECH:5G CELLID:18 LAC:1 CELL:2 ARFCN:644640 LEVEL:-109 QUAL:-11 </value></Data><Data name="NEI3"><value></value></Data><Data name="NEI4"><value></value></Data><Data name="NEI5"><value></value></Data><Data name="NEI6"><value></value></Data></ExtendedData><Style><LabelStyle><scale>0.0</scale> </LabelStyle><IconStyle><color>FFFF00FF</color><scale>0.5</scale><Icon><href>http://maps.google.com/mapfiles/kml/shapes/shaded_dot.png</href></Icon></IconStyle></Style><Point><coordinates>-75.75578634,39.66295951,0</coordinates></Point></Placemark><Placemark><name>5G</name><ExtendedData><Data name="CGI"><value>3150100000100018</value></Data><Data name="CELLNAME"><value></value></Data><Data name="CELLID"><value>18</value></Data><Data name="RNC"><value>0</value></Data><Data name="TAC"><value>1</value></Data><Data name="TECHNOLOGY"><value>5G NSA</value></Data><Data name="MODE"><value>5G</value></Data><Data name="ARFCN"><value>644640</value></Data><Data name="BAND"><value>N48</value></Data><Data name="BANDWIDTH"><value></value></Data><Data name="CA"><value>false</value></Data><Data name="NR state"><value></value></Data><Data name="RSRP"><value>-105 dBm</value></Data><Data name="RSRQ"><value>-11</value></Data><Data name="LAYER"><value>1</value></Data><Data name="PC"><value>2</value></Data><Data name="DL_BITRATE"><value>0 kbps</value></Data><Data name="UL_BITRATE"><value>0 kbps</value></Data><Data name="IP"><value>10.120.121.23</value></Data><Data name="SNR"><value>13.0</value></Data><Data name="PHONE STATE"><value>I</value></Data><Data name="IMEI"><value></value></Data><Data name="SPEED"><value>37 km/h</value></Data><Data name="HEIGHT"><value>1m</value></Data><Data name="ALTITUDE"><value>1m</value></Data><Data name="LOCATION"><value>G</value></Data><Data name="ACCURACY"><value>3m</value></Data><Data name="DISTANCE"><value>-1m</value></Data><Data name="SITE BEARING"><value>1000deg</value></Data><Data name="ANTENNA BEARING"><value>1000deg</value></Data><Data name="CELLHEX"><value>12</value></Data><Data name="NODEHEX"><value>0</value></Data><Data name="LACHEX"><value>1</value></Data><Data name="RAWCELLID"><value>18</value></Data><Data name="TIME"><value>2026.08.18_16.47.17</value></Data><Data name="NEI1"><value>TECH:5G CELLID:18 LAC:1 CELL:2 ARFCN:644640 LEVEL:-105 QUAL:-11 </value></Data><Data name="NEI2"><value>TECH:5G CELLID:18 LAC:1 CELL:2 ARFCN:644640 LEVEL:-110 QUAL:-11 </value></Data><Data name="NEI3"><value></value></Data><Data name="NEI4"><value></value></Data><Data name="NEI5"><value></value></Data><Data name="NEI6"><value></value></Data></ExtendedData><Style><LabelStyle><scale>0.0</scale> </LabelStyle><IconStyle><color>FFFF00FF</color><scale>0.5</scale><Icon><href>http://maps.google.com/mapfiles/kml/shapes/shaded_dot.png</href></Icon></IconStyle></Style><Point><coordinates>-75.75566773,39.66296819,0</coordinates></Point></Placemark><Placemark><name>5G</name><ExtendedData><Data name="CGI"><value>3150100000100018</value></Data><Data name="CELLNAME"><value></value></Data><Data name="CELLID"><value>18</value></Data><Data name="RNC"><value>0</value></Data><Data name="TAC"><value>1</value></Data><Data name="TECHNOLOGY"><value>5G NSA</value></Data><Data name="MODE"><value>5G</value></Data><Data name="ARFCN"><value>644640</value></Data><Data name="BAND"><value>N48</value></Data><Data name="BANDWIDTH"><value></value></Data><Data name="CA"><value>false</value></Data><Data name="NR state"><value></value></Data><Data name="RSRP"><value>-105 dBm</value></Data><Data name="RSRQ"><value>-11</value></Data><Data name="LAYER"><value>1</value></Data><Data name="PC"><value>2</value></Data><Data name="DL_BITRATE"><value>0 kbps</value></Data><Data name="UL_BITRATE"><value>0 kbps</value></Data><Data name="IP"><value>10.120.121.23</value></Data><Data name="SNR"><value>13.0</value></Data><Data name="PHONE STATE"><value>I</value></Data><Data name="IMEI"><value></value></Data><Data name="SPEED"><value>23 km/h</value></Data><Data name="HEIGHT"><value>1m</value></Data><Data name="ALTITUDE"><value>1m</value></Data><Data name="LOCATION"><value>G</value></Data><Data name="ACCURACY"><value>4m</value></Data><Data name="DISTANCE"><value>-1m</value></Data><Data name="SITE BEARING"><value>1000deg</value></Data><Data name="ANTENNA BEARING"><value>1000deg</value></Data><Data name="CELLHEX"><value>12</value></Data><Data name="NODEHEX"><value>0</value></Data><Data name="LACHEX"><value>1</value></Data><Data name="RAWCELLID"><value>18</value></Data><Data name="TIME"><value>2026.08.18_16.47.19</value></Data><Data name="NEI1"><value>TECH:5G CELLID:18 LAC:1 CELL:2 ARFCN:644640 LEVEL:-105 QUAL:-11 </value></Data><Data name="NEI2"><value>TECH:5G CELLID:18 LAC:1 CELL:2 ARFCN:644640 LEVEL:-114 QUAL:-11 </value></Data><Data name="NEI3"><value></value></Data><Data name="NEI4"><value></value></Data><Data name="NEI5"><value></value></Data><Data name="NEI6"><value></value></Data></ExtendedData><Style><LabelStyle><scale>0.0</scale> </LabelStyle><IconStyle><color>FFFF00FF</color><scale>0.5</scale><Icon><href>http://maps.google.com/mapfiles/kml/shapes/shaded_dot.png</href></Icon></IconStyle></Style><Point><coordinates>-75.75549224,39.66298718,0</coordinates></Point></Placemark><Placemark><name>5G</name><ExtendedData><Data name="CGI"><value>3150100000100018</value></Data><Data name="CELLNAME"><value></value></Data><Data name="CELLID"><value>18</value></Data><Data name="RNC"><value>0</value></Data><Data name="TAC"><value>1</value></Data><Data name="TECHNOLOGY"><value>5G NSA</value></Data><Data name="MODE"><value>5G</value></Data><Data name="ARFCN"><value>644640</value></Data><Data name="BAND"><value>N48</value></Data><Data name="BANDWIDTH"><value></value></Data><Data name="CA"><value>false</value></Data><Data name="NR state"><value></value></Data><Data name="RSRP"><value>-105 dBm</value></Data><Data name="RSRQ"><value>-11</value></Data><Data name="LAYER"><value>1</value></Data><Data name="PC"><value>2</value></Data><Data name="DL_BITRATE"><value>0 kbps</value></Data><Data name="UL_BITRATE"><value>0 kbps</value></Data><Data name="IP"><value>10.120.121.23</value></Data><Data name="SNR"><value>13.0</value></Data><Data name="PHONE STATE"><value>I</value></Data><Data name="IMEI"><value></value></Data><Data name="SPEED"><value>18 km/h</value></Data><Data name="HEIGHT"><value>0m</value></Data><Data name="ALTITUDE"><value>0m</value></Data><Data name="LOCATION"><value>G</value></Data><Data name="ACCURACY"><value>3m</value></Data><Data name="DISTANCE"><value>-1m</value></Data><Data name="SITE BEARING"><value>1000deg</value></Data><Data name="ANTENNA BEARING"><value>1000deg</value></Data><Data name="CELLHEX"><value>12</value></Data><Data name="NODEHEX"><value>0</value></Data><Data name="LACHEX"><value>1</value></Data><Data name="RAWCELLID"><value>18</value></Data><Data name="TIME"><value>2026.08.18_16.47.22</value></Data><Data name="NEI1"><value>TECH:5G CELLID:18 LAC:1 CELL:2 ARFCN:644640 LEVEL:-105 QUAL:-11 </value></Data><Data name="NEI2"><value>TECH:5G CELLID:18 LAC:1 CELL:2 ARFCN:644640 LEVEL:-116 QUAL:-12 </value></Data><Data name="NEI3"><value></value></Data><Data name="NEI4"><value></value></Data><Data name="NEI5"><value></value></Data><Data name="NEI6"><value></value></Data></ExtendedData><Style><LabelStyle><scale>0.0</scale> </LabelStyle><IconStyle><color>FFFF00FF</color><scale>0.5</scale><Icon><href>http://maps.google.com/mapfiles/kml/shapes/shaded_dot.png</href></Icon></IconStyle></Style><Point><coordinates>-75.755398,39.66307035,0</coordinates></Point></Placemark><Placemark><name>5G</name><ExtendedData><Data name="CGI"><value>3150100000100018</value></Data><Data name="CELLNAME"><value></value></Data><Data name="CELLID"><value>18</value></Data><Data name="RNC"><value>0</value></Data><Data name="TAC"><value>1</value></Data><Data name="TECHNOLOGY"><value>5G NSA</value></Data><Data name="MODE"><value>5G</value></Data><Data name="ARFCN"><value>644640</value></Data><Data name="BAND"><value>N48</value></Data><Data name="BANDWIDTH"><value></value></Data><Data name="CA"><value>false</value></Data><Data name="NR state"><value></value></Data><Data name="RSRP"><value>-105 dBm</value></Data><Data name="RSRQ"><value>-11</value></Data><Data name="LAYER"><value>1</value></Data><Data name="PC"><value>2</value></Data><Data name="DL_BITRATE"><value>0 kbps</value></Data><Data name="UL_BITRATE"><value>0 kbps</value></Data><Data name="IP"><value>10.120.121.23</value></Data><Data name="SNR"><value>13.0</value></Data><Data name="PHONE STATE"><value>I</value></Data><Data name="IMEI"><value></value></Data><Data name="SPEED"><value>20 km/h</value></Data><Data name="HEIGHT"><value>0m</value></Data><Data name="ALTITUDE"><value>0m</value></Data><Data name="LOCATION"><value>G</value></Data><Data name="ACCURACY"><value>3m</value></Data><Data name="DISTANCE"><value>-1m</value></Data><Data name="SITE BEARING"><value>1000deg</value></Data><Data name="ANTENNA BEARING"><value>1000deg</value></Data><Data name="CELLHEX"><value>12</value></Data><Data name="NODEHEX"><value>0</value></Data><Data name="LACHEX"><value>1</value></Data><Data name="RAWCELLID"><value>18</value></Data><Data name="TIME"><value>2026.08.18_16.47.24</value></Data><Data name="NEI1"><value>TECH:5G CELLID:18 LAC:1 CELL:2 ARFCN:644640 LEVEL:-105 QUAL:-11 </value></Data><Data name="NEI2"><value>TECH:5G CELLID:18 LAC:1 CELL:2 ARFCN:644640 LEVEL:-115 QUAL:-12 </value></Data><Data name="NEI3"><value></value></Data><Data name="NEI4"><value></value></Data><Data name="NEI5"><value></value></Data><Data name="NEI6"><value></value></Data></ExtendedData><Style><LabelStyle><scale>0.0</scale> </LabelStyle><IconStyle><color>FFFF00FF</color><scale>0.5</scale><Icon><href>http://maps.google.com/mapfiles/kml/shapes/shaded_dot.png</href></Icon></IconStyle></Style><Point><coordinates>-75.75540708,39.6631623,0</coordinates></Point></Placemark><Placemark><name>5G</name><ExtendedData><Data name="CGI"><value>3150100000100018</value></Data><Data name="CELLNAME"><value></value></Data><Data name="CELLID"><value>18</value></Data><Data name="RNC"><value>0</value></Data><Data name="TAC"><value>1</value></Data><Data name="TECHNOLOGY"><value>5G NSA</value></Data><Data name="MODE"><value>5G</value></Data><Data name="ARFCN"><value>644640</value></Data><Data name="BAND"><value>N48</value></Data><Data name="BANDWIDTH"><value></value></Data><Data name="CA"><value>false</value></Data><Data name="NR state"><value></value></Data><Data name="RSRP"><value>-105 dBm</value></Data><Data name="RSRQ"><value>-11</value></Data><Data name="LAYER"><value>1</value></Data><Data name="PC"><value>2</value></Data><Data name="DL_BITRATE"><value>0 kbps</value></Data><Data name="UL_BITRATE"><value>0 kbps</value></Data><Data name="IP"><value>10.120.121.23</value></Data><Data name="SNR"><value>13.0</value></Data><Data name="PHONE STATE"><value>I</value></Data><Data name="IMEI"><value></value></Data><Data name="SPEED"><value>25 km/h</value></Data><Data name="HEIGHT"><value>1m</value></Data><Data name="ALTITUDE"><value>1m</value></Data><Data name="LOCATION"><value>G</value></Data><Data name="ACCURACY"><value>3m</value></Data><Data name="DISTANCE"><value>-1m</value></Data><Data name="SITE BEARING"><value>1000deg</value></Data><Data name="ANTENNA BEARING"><value>1000deg</value></Data><Data name="CELLHEX"><value>12</value></Data><Data name="NODEHEX"><value>0</value></Data><Data name="LACHEX"><value>1</value></Data><Data name="RAWCELLID"><value>18</value></Data><Data name="TIME"><value>2026.08.18_16.47.26</value></Data><Data name="NEI1"><value>TECH:5G CELLID:18 LAC:1 CELL:2 ARFCN:644640 LEVEL:-105 QUAL:-11 </value></Data><Data name="NEI2"><value>TECH:5G CELLID:18 LAC:1 CELL:2 ARFCN:644640 LEVEL:-118 QUAL:-12 </value></Data><Data name="NEI3"><value></value></Data><Data name="NEI4"><value></value></Data><Data name="NEI5"><value></value></Data><Data name="NEI6"><value></value></Data></ExtendedData><Style><LabelStyle><scale>0.0</scale> </LabelStyle><IconStyle><color>FFFF00FF</color><scale>0.5</scale><Icon><href>http://maps.google.com/mapfiles/kml/shapes/shaded_dot.png</href></Icon></IconStyle></Style><Point><coordinates>-75.75542288,39.66326971,0</coordinates></Point></Placemark><Placemark><name>5G</name><ExtendedData><Data name="CGI"><value>3150100000100018</value></Data><Data name="CELLNAME"><value></value></Data><Data name="CELLID"><value>18</value></Data><Data name="RNC"><value>0</value></Data><Data name="TAC"><value>1</value></Data><Data name="TECHNOLOGY"><value>5G NSA</value></Data><Data name="MODE"><value>5G</value></Data><Data name="ARFCN"><value>644640</value></Data><Data name="BAND"><value>N48</value></Data><Data name="BANDWIDTH"><value></value></Data><Data name="CA"><value>false</value></Data><Data name="NR state"><value></value></Data><Data name="RSRP"><value>-105 dBm</value></Data><Data name="RSRQ"><value>-11</value></Data><Data name="LAYER"><value>1</value></Data><Data name="PC"><value>2</value></Data><Data name="DL_BITRATE"><value>0 kbps</value></Data><Data name="UL_BITRATE"><value>0 kbps</value></Data><Data name="IP"><value>10.120.121.23</value></Data><Data name="SNR"><value>13.0</value></Data><Data name="PHONE STATE"><value>I</value></Data><Data name="IMEI"><value></value></Data><Data name="SPEED"><value>29 km/h</value></Data><Data name="HEIGHT"><value>2m</value></Data><Data name="ALTITUDE"><value>2m</value></Data><Data name="LOCATION"><value>G</value></Data><Data name="ACCURACY"><value>3m</value></Data><Data name="DISTANCE"><value>-1m</value></Data><Data name="SITE BEARING"><value>1000deg</value></Data><Data name="ANTENNA BEARING"><value>1000deg</value></Data><Data name="CELLHEX"><value>12</value></Data><Data name="NODEHEX"><value>0</value></Data><Data name="LACHEX"><value>1</value></Data><Data name="RAWCELLID"><value>18</value></Data><Data name="TIME"><value>2026.08.18_16.47.28</value></Data><Data name="NEI1"><value>TECH:5G CELLID:18 LAC:1 CELL:2 ARFCN:644640 LEVEL:-105 QUAL:-11 </value></Data><Data name="NEI2"><value>TECH:5G CELLID:18 LAC:1 CELL:2 ARFCN:644640 LEVEL:-118 QUAL:-12 </value></Data><Data name="NEI3"><value></value></Data><Data name="NEI4"><value></value></Data><Data name="NEI5"><value></value></Data><Data name="NEI6"><value></value></Data></ExtendedData><Style><LabelStyle><scale>0.0</scale> </LabelStyle><IconStyle><color>FFFF00FF</color><scale>0.5</scale><Icon><href>http://maps.google.com/mapfiles/kml/shapes/shaded_dot.png</href></Icon></IconStyle></Style><Point><coordinates>-75.75544663,39.66341018,0</coordinates></Point></Placemark><Placemark><name>5G</name><ExtendedData><Data name="CGI"><value>3150100000100018</value></Data><Data name="CELLNAME"><value></value></Data><Data name="CELLID"><value>18</value></Data><Data name="RNC"><value>0</value></Data><Data name="TAC"><value>1</value></Data><Data name="TECHNOLOGY"><value>5G NSA</value></Data><Data name="MODE"><value>5G</value></Data><Data name="ARFCN"><value>644640</value></Data><Data name="BAND"><value>N48</value></Data><Data name="BANDWIDTH"><value></value></Data><Data name="CA"><value>false</value></Data><Data name="NR state"><value></value></Data><Data name="RSRP"><value>-105 dBm</value></Data><Data name="RSRQ"><value>-11</value></Data><Data name="LAYER"><value>1</value></Data><Data name="PC"><value>2</value></Data><Data name="DL_BITRATE"><value>0 kbps</value></Data><Data name="UL_BITRATE"><value>0 kbps</value></Data><Data name="IP"><value>10.120.121.23</value></Data><Data name="SNR"><value>13.0</value></Data><Data name="PHONE STATE"><value>I</value></Data><Data name="IMEI"><value></value></Data><Data name="SPEED"><value>30 km/h</value></Data><Data name="HEIGHT"><value>2m</value></Data><Data name="ALTITUDE"><value>2m</value></Data><Data name="LOCATION"><value>G</value></Data><Data name="ACCURACY"><value>3m</value></Data><Data name="DISTANCE"><value>-1m</value></Data><Data name="SITE BEARING"><value>1000deg</value></Data><Data name="ANTENNA BEARING"><value>1000deg</value></Data><Data name="CELLHEX"><value>12</value></Data><Data name="NODEHEX"><value>0</value></Data><Data name="LACHEX"><value>1</value></Data><Data name="RAWCELLID"><value>18</value></Data><Data name="TIME"><value>2026.08.18_16.47.30</value></Data><Data name="NEI1"><value>TECH:5G CELLID:18 LAC:1 CELL:2 ARFCN:644640 LEVEL:-105 QUAL:-11 </value></Data><Data name="NEI2"><value>TECH:5G CELLID:18 LAC:1 CELL:2 ARFCN:644640 LEVEL:-116 QUAL:-12 </value></Data><Data name="NEI3"><value></value></Data><Data name="NEI4"><value></value></Data><Data name="NEI5"><value></value></Data><Data name="NEI6"><value></value></Data></ExtendedData><Style><LabelStyle><scale>0.0</scale> </LabelStyle><IconStyle><color>FFFF00FF</color><scale>0.5</scale><Icon><href>http://maps.google.com/mapfiles/kml/shapes/shaded_dot.png</href></Icon></IconStyle></Style><Point><coordinates>-75.75547416,39.66354911,0</coordinates></Point></Placemark><Placemark><name>5G</name><ExtendedData><Data name="CGI"><value>3150100000100018</value></Data><Data name="CELLNAME"><value></value></Data><Data name="CELLID"><value>18</value></Data><Data name="RNC"><value>0</value></Data><Data name="TAC"><value>1</value></Data><Data name="TECHNOLOGY"><value>5G NSA</value></Data><Data name="MODE"><value>5G</value></Data><Data name="ARFCN"><value>644640</value></Data><Data name="BAND"><value>N48</value></Data><Data name="BANDWIDTH"><value></value></Data><Data name="CA"><value>false</value></Data><Data name="NR state"><value></value></Data><Data name="RSRP"><value>-105 dBm</value></Data><Data name="RSRQ"><value>-11</value></Data><Data name="LAYER"><value>1</value></Data><Data name="PC"><value>2</value></Data><Data name="DL_BITRATE"><value>0 kbps</value></Data><Data name="UL_BITRATE"><value>0 kbps</value></Data><Data name="IP"><value>10.120.121.23</value></Data><Data name="SNR"><value>13.0</value></Data><Data name="PHONE STATE"><value>I</value></Data><Data name="IMEI"><value></value></Data><Data name="SPEED"><value>19 km/h</value></Data><Data name="HEIGHT"><value>2m</value></Data><Data name="ALTITUDE"><value>2m</value></Data><Data name="LOCATION"><value>G</value></Data><Data name="ACCURACY"><value>3m</value></Data><Data name="DISTANCE"><value>-1m</value></Data><Data name="SITE BEARING"><value>1000deg</value></Data><Data name="ANTENNA BEARING"><value>1000deg</value></Data><Data name="CELLHEX"><value>12</value></Data><Data name="NODEHEX"><value>0</value></Data><Data name="LACHEX"><value>1</value></Data><Data name="RAWCELLID"><value>18</value></Data><Data name="TIME"><value>2026.08.18_16.47.32</value></Data><Data name="NEI1"><value>TECH:5G CELLID:18 LAC:1 CELL:2 ARFCN:644640 LEVEL:-105 QUAL:-11 </value></Data><Data name="NEI2"><value>TECH:5G CELLID:18 LAC:1 CELL:2 ARFCN:644640 LEVEL:-114 QUAL:-11 </value></Data><Data name="NEI3"><value></value></Data><Data name="NEI4"><value></value></Data><Data name="NEI5"><value></value></Data><Data name="NEI6"><value></value></Data></ExtendedData><Style><LabelStyle><scale>0.0</scale> </LabelStyle><IconStyle><color>FFFF00FF</color><scale>0.5</scale><Icon><href>http://maps.google.com/mapfiles/kml/shapes/shaded_dot.png</href></Icon></IconStyle></Style><Point><coordinates>-75.75549275,39.6636601,0</coordinates></Point></Placemark><Placemark><name>5G</name><ExtendedData><Data name="CGI"><value>3150100000100018</value></Data><Data name="CELLNAME"><value></value></Data><Data name="CELLID"><value>18</value></Data><Data name="RNC"><value>0</value></Data><Data name="TAC"><value>1</value></Data><Data name="TECHNOLOGY"><value>5G NSA</value></Data><Data name="MODE"><value>5G</value></Data><Data name="ARFCN"><value>644640</value></Data><Data name="BAND"><value>N48</value></Data><Data name="BANDWIDTH"><value></value></Data><Data name="CA"><value>false</value></Data><Data name="NR state"><value></value></Data><Data name="RSRP"><value>-105 dBm</value></Data><Data name="RSRQ"><value>-11</value></Data><Data name="LAYER"><value>1</value></Data><Data name="PC"><value>2</value></Data><Data name="DL_BITRATE"><value>0 kbps</value></Data><Data name="UL_BITRATE"><value>0 kbps</value></Data><Data name="IP"><value>10.120.121.23</value></Data><Data name="SNR"><value>13.0</value></Data><Data name="PHONE STATE"><value>I</value></Data><Data name="IMEI"><value></value></Data><Data name="SPEED"><value>11 km/h</value></Data><Data name="HEIGHT"><value>4m</value></Data><Data name="ALTITUDE"><value>4m</value></Data><Data name="LOCATION"><value>G</value></Data><Data name="ACCURACY"><value>3m</value></Data><Data name="DISTANCE"><value>-1m</value></Data><Data name="SITE BEARING"><value>1000deg</value></Data><Data name="ANTENNA BEARING"><value>1000deg</value></Data><Data name="CELLHEX"><value>12</value></Data><Data name="NODEHEX"><value>0</value></Data><Data name="LACHEX"><value>1</value></Data><Data name="RAWCELLID"><value>18</value></Data><Data name="TIME"><value>2026.08.18_16.47.36</value></Data><Data name="NEI1"><value>TECH:5G CELLID:18 LAC:1 CELL:2 ARFCN:644640 LEVEL:-99 QUAL:-11 </value></Data><Data name="NEI2"><value>TECH:5G CELLID:18 LAC:1 CELL:2 ARFCN:644640 LEVEL:-105 QUAL:-11 </value></Data><Data name="NEI3"><value></value></Data><Data name="NEI4"><value></value></Data><Data name="NEI5"><value></value></Data><Data name="NEI6"><value></value></Data></ExtendedData><Style><LabelStyle><scale>0.0</scale> </LabelStyle><IconStyle><color>FFFF00FF</color><scale>0.5</scale><Icon><href>http://maps.google.com/mapfiles/kml/shapes/shaded_dot.png</href></Icon></IconStyle></Style><Point><coordinates>-75.75545126,39.66375575,0</coordinates></Point></Placemark><Placemark><name>5G</name><ExtendedData><Data name="CGI"><value>3150100000100018</value></Data><Data name="CELLNAME"><value></value></Data><Data name="CELLID"><value>18</value></Data><Data name="RNC"><value>0</value></Data><Data name="TAC"><value>1</value></Data><Data name="TECHNOLOGY"><value>5G NSA</value></Data><Data name="MODE"><value>5G</value></Data><Data name="ARFCN"><value>644640</value></Data><Data name="BAND"><value>N48</value></Data><Data name="BANDWIDTH"><value></value></Data><Data name="CA"><value>false</value></Data><Data name="NR state"><value></value></Data><Data name="RSRP"><value>-105 dBm</value></Data><Data name="RSRQ"><value>-11</value></Data><Data name="LAYER"><value>1</value></Data><Data name="PC"><value>2</value></Data><Data name="DL_BITRATE"><value>0 kbps</value></Data><Data name="UL_BITRATE"><value>0 kbps</value></Data><Data name="IP"><value>10.120.121.23</value></Data><Data name="SNR"><value>13.0</value></Data><Data name="PHONE STATE"><value>I</value></Data><Data name="IMEI"><value></value></Data><Data name="SPEED"><value>18 km/h</value></Data><Data name="HEIGHT"><value>5m</value></Data><Data name="ALTITUDE"><value>5m</value></Data><Data name="LOCATION"><value>G</value></Data><Data name="ACCURACY"><value>3m</value></Data><Data name="DISTANCE"><value>-1m</value></Data><Data name="SITE BEARING"><value>1000deg</value></Data><Data name="ANTENNA BEARING"><value>1000deg</value></Data><Data name="CELLHEX"><value>12</value></Data><Data name="NODEHEX"><value>0</value></Data><Data name="LACHEX"><value>1</value></Data><Data name="RAWCELLID"><value>18</value></Data><Data name="TIME"><value>2026.08.18_16.47.39</value></Data><Data name="NEI1"><value>TECH:5G CELLID:18 LAC:1 CELL:2 ARFCN:644640 LEVEL:-105 QUAL:-11 </value></Data><Data name="NEI2"><value>TECH:5G CELLID:18 LAC:1 CELL:2 ARFCN:644640 LEVEL:-110 QUAL:-11 </value></Data><Data name="NEI3"><value></value></Data><Data name="NEI4"><value></value></Data><Data name="NEI5"><value></value></Data><Data name="NEI6"><value></value></Data></ExtendedData><Style><LabelStyle><scale>0.0</scale> </LabelStyle><IconStyle><color>FFFF00FF</color><scale>0.5</scale><Icon><href>http://maps.google.com/mapfiles/kml/shapes/shaded_dot.png</href></Icon></IconStyle></Style><Point><coordinates>-75.75529084,39.66377255,0</coordinates></Point></Placemark><Placemark><name>5G</name><ExtendedData><Data name="CGI"><value>3150100000100018</value></Data><Data name="CELLNAME"><value></value></Data><Data name="CELLID"><value>18</value></Data><Data name="RNC"><value>0</value></Data><Data name="TAC"><value>1</value></Data><Data name="TECHNOLOGY"><value>5G NSA</value></Data><Data name="MODE"><value>5G</value></Data><Data name="ARFCN"><value>644640</value></Data><Data name="BAND"><value>N48</value></Data><Data name="BANDWIDTH"><value></value></Data><Data name="CA"><value>false</value></Data><Data name="NR state"><value></value></Data><Data name="RSRP"><value>-105 dBm</value></Data><Data name="RSRQ"><value>-11</value></Data><Data name="LAYER"><value>1</value></Data><Data name="PC"><value>2</value></Data><Data name="DL_BITRATE"><value>0 kbps</value></Data><Data name="UL_BITRATE"><value>0 kbps</value></Data><Data name="IP"><value>10.120.121.23</value></Data><Data name="SNR"><value>13.0</value></Data><Data name="PHONE STATE"><value>I</value></Data><Data name="IMEI"><value></value></Data><Data name="SPEED"><value>25 km/h</value></Data><Data name="HEIGHT"><value>4m</value></Data><Data name="ALTITUDE"><value>4m</value></Data><Data name="LOCATION"><value>G</value></Data><Data name="ACCURACY"><value>3m</value></Data><Data name="DISTANCE"><value>-1m</value></Data><Data name="SITE BEARING"><value>1000deg</value></Data><Data name="ANTENNA BEARING"><value>1000deg</value></Data><Data name="CELLHEX"><value>12</value></Data><Data name="NODEHEX"><value>0</value></Data><Data name="LACHEX"><value>1</value></Data><Data name="RAWCELLID"><value>18</value></Data><Data name="TIME"><value>2026.08.18_16.47.41</value></Data><Data name="NEI1"><value>TECH:5G CELLID:18 LAC:1 CELL:2 ARFCN:644640 LEVEL:-102 QUAL:-11 </value></Data><Data name="NEI2"><value>TECH:5G CELLID:18 LAC:1 CELL:2 ARFCN:644640 LEVEL:-105 QUAL:-11 </value></Data><Data name="NEI3"><value></value></Data><Data name="NEI4"><value></value></Data><Data name="NEI5"><value></value></Data><Data name="NEI6"><value></value></Data></ExtendedData><Style><LabelStyle><scale>0.0</scale> </LabelStyle><IconStyle><color>FFFF00FF</color><scale>0.5</scale><Icon><href>http://maps.google.com/mapfiles/kml/shapes/shaded_dot.png</href></Icon></IconStyle></Style><Point><coordinates>-75.75512346,39.66378019,0</coordinates></Point></Placemark><Placemark><name>5G</name><ExtendedData><Data name="CGI"><value>3150100000100018</value></Data><Data name="CELLNAME"><value></value></Data><Data name="CELLID"><value>18</value></Data><Data name="RNC"><value>0</value></Data><Data name="TAC"><value>1</value></Data><Data name="TECHNOLOGY"><value>5G NSA</value></Data><Data name="MODE"><value>5G</value></Data><Data name="ARFCN"><value>644640</value></Data><Data name="BAND"><value>N48</value></Data><Data name="BANDWIDTH"><value></value></Data><Data name="CA"><value>false</value></Data><Data name="NR state"><value></value></Data><Data name="RSRP"><value>-105 dBm</value></Data><Data name="RSRQ"><value>-11</value></Data><Data name="LAYER"><value>1</value></Data><Data name="PC"><value>2</value></Data><Data name="DL_BITRATE"><value>0 kbps</value></Data><Data name="UL_BITRATE"><value>0 kbps</value></Data><Data name="IP"><value>10.120.121.23</value></Data><Data name="SNR"><value>13.0</value></Data><Data name="PHONE STATE"><value>I</value></Data><Data name="IMEI"><value></value></Data><Data name="SPEED"><value>21 km/h</value></Data><Data name="HEIGHT"><value>4m</value></Data><Data name="ALTITUDE"><value>4m</value></Data><Data name="LOCATION"><value>G</value></Data><Data name="ACCURACY"><value>3m</value></Data><Data name="DISTANCE"><value>-1m</value></Data><Data name="SITE BEARING"><value>1000deg</value></Data><Data name="ANTENNA BEARING"><value>1000deg</value></Data><Data name="CELLHEX"><value>12</value></Data><Data name="NODEHEX"><value>0</value></Data><Data name="LACHEX"><value>1</value></Data><Data name="RAWCELLID"><value>18</value></Data><Data name="TIME"><value>2026.08.18_16.47.43</value></Data><Data name="NEI1"><value>TECH:5G CELLID:18 LAC:1 CELL:2 ARFCN:644640 LEVEL:-105 QUAL:-11 </value></Data><Data name="NEI2"><value>TECH:5G CELLID:18 LAC:1 CELL:2 ARFCN:644640 LEVEL:-110 QUAL:-11 </value></Data><Data name="NEI3"><value></value></Data><Data name="NEI4"><value></value></Data><Data name="NEI5"><value></value></Data><Data name="NEI6"><value></value></Data></ExtendedData><Style><LabelStyle><scale>0.0</scale> </LabelStyle><IconStyle><color>FFFF00FF</color><scale>0.5</scale><Icon><href>http://maps.google.com/mapfiles/kml/shapes/shaded_dot.png</href></Icon></IconStyle></Style><Point><coordinates>-75.75496373,39.66378753,0</coordinates></Point></Placemark><Placemark><name>5G</name><ExtendedData><Data name="CGI"><value>3150100000100018</value></Data><Data name="CELLNAME"><value></value></Data><Data name="CELLID"><value>18</value></Data><Data name="RNC"><value>0</value></Data><Data name="TAC"><value>1</value></Data><Data name="TECHNOLOGY"><value>5G NSA</value></Data><Data name="MODE"><value>5G</value></Data><Data name="ARFCN"><value>644640</value></Data><Data name="BAND"><value>N48</value></Data><Data name="BANDWIDTH"><value></value></Data><Data name="CA"><value>false</value></Data><Data name="NR state"><value></value></Data><Data name="RSRP"><value>-105 dBm</value></Data><Data name="RSRQ"><value>-11</value></Data><Data name="LAYER"><value>1</value></Data><Data name="PC"><value>2</value></Data><Data name="DL_BITRATE"><value>0 kbps</value></Data><Data name="UL_BITRATE"><value>0 kbps</value></Data><Data name="IP"><value>10.120.121.23</value></Data><Data name="SNR"><value>13.0</value></Data><Data name="PHONE STATE"><value>I</value></Data><Data name="IMEI"><value></value></Data><Data name="SPEED"><value>12 km/h</value></Data><Data name="HEIGHT"><value>4m</value></Data><Data name="ALTITUDE"><value>4m</value></Data><Data name="LOCATION"><value>G</value></Data><Data name="ACCURACY"><value>3m</value></Data><Data name="DISTANCE"><value>-1m</value></Data><Data name="SITE BEARING"><value>1000deg</value></Data><Data name="ANTENNA BEARING"><value>1000deg</value></Data><Data name="CELLHEX"><value>12</value></Data><Data name="NODEHEX"><value>0</value></Data><Data name="LACHEX"><value>1</value></Data><Data name="RAWCELLID"><value>18</value></Data><Data name="TIME"><value>2026.08.18_16.47.46</value></Data><Data name="NEI1"><value>TECH:5G CELLID:18 LAC:1 CELL:2 ARFCN:644640 LEVEL:-105 QUAL:-11 </value></Data><Data name="NEI2"><value>TECH:5G CELLID:18 LAC:1 CELL:2 ARFCN:644640 LEVEL:-107 QUAL:-11 </value></Data><Data name="NEI3"><value></value></Data><Data name="NEI4"><value></value></Data><Data name="NEI5"><value></value></Data><Data name="NEI6"><value></value></Data></ExtendedData><Style><LabelStyle><scale>0.0</scale> </LabelStyle><IconStyle><color>FFFF00FF</color><scale>0.5</scale><Icon><href>http://maps.google.com/mapfiles/kml/shapes/shaded_dot.png</href></Icon></IconStyle></Style><Point><coordinates>-75.75484296,39.66381609,0</coordinates></Point></Placemark><Placemark><name>5G</name><ExtendedData><Data name="CGI"><value>3150100000100018</value></Data><Data name="CELLNAME"><value></value></Data><Data name="CELLID"><value>18</value></Data><Data name="RNC"><value>0</value></Data><Data name="TAC"><value>1</value></Data><Data name="TECHNOLOGY"><value>5G NSA</value></Data><Data name="MODE"><value>5G</value></Data><Data name="ARFCN"><value>644640</value></Data><Data name="BAND"><value>N48</value></Data><Data name="BANDWIDTH"><value></value></Data><Data name="CA"><value>false</value></Data><Data name="NR state"><value></value></Data><Data name="RSRP"><value>-105 dBm</value></Data><Data name="RSRQ"><value>-11</value></Data><Data name="LAYER"><value>1</value></Data><Data name="PC"><value>2</value></Data><Data name="DL_BITRATE"><value>0 kbps</value></Data><Data name="UL_BITRATE"><value>0 kbps</value></Data><Data name="IP"><value>10.120.121.23</value></Data><Data name="SNR"><value>13.0</value></Data><Data name="PHONE STATE"><value>I</value></Data><Data name="IMEI"><value></value></Data><Data name="SPEED"><value>19 km/h</value></Data><Data name="HEIGHT"><value>2m</value></Data><Data name="ALTITUDE"><value>2m</value></Data><Data name="LOCATION"><value>G</value></Data><Data name="ACCURACY"><value>3m</value></Data><Data name="DISTANCE"><value>-1m</value></Data><Data name="SITE BEARING"><value>1000deg</value></Data><Data name="ANTENNA BEARING"><value>1000deg</value></Data><Data name="CELLHEX"><value>12</value></Data><Data name="NODEHEX"><value>0</value></Data><Data name="LACHEX"><value>1</value></Data><Data name="RAWCELLID"><value>18</value></Data><Data name="TIME"><value>2026.08.18_16.47.49</value></Data><Data name="NEI1"><value>TECH:5G CELLID:18 LAC:1 CELL:2 ARFCN:644640 LEVEL:-105 QUAL:-11 </value></Data><Data name="NEI2"><value>TECH:5G CELLID:18 LAC:1 CELL:2 ARFCN:644640 LEVEL:-116 QUAL:-12 </value></Data><Data name="NEI3"><value></value></Data><Data name="NEI4"><value></value></Data><Data name="NEI5"><value></value></Data><Data name="NEI6"><value></value></Data></ExtendedData><Style><LabelStyle><scale>0.0</scale> </LabelStyle><IconStyle><color>FFFF00FF</color><scale>0.5</scale><Icon><href>http://maps.google.com/mapfiles/kml/shapes/shaded_dot.png</href></Icon></IconStyle></Style><Point><coordinates>-75.75480168,39.66392822,0</coordinates></Point></Placemark><Placemark><name>5G</name><ExtendedData><Data name="CGI"><value>3150100000100018</value></Data><Data name="CELLNAME"><value></value></Data><Data name="CELLID"><value>18</value></Data><Data name="RNC"><value>0</value></Data><Data name="TAC"><value>1</value></Data><Data name="TECHNOLOGY"><value>5G NSA</value></Data><Data name="MODE"><value>5G</value></Data><Data name="ARFCN"><value>644640</value></Data><Data name="BAND"><value>N48</value></Data><Data name="BANDWIDTH"><value></value></Data><Data name="CA"><value>false</value></Data><Data name="NR state"><value></value></Data><Data name="RSRP"><value>-105 dBm</value></Data><Data name="RSRQ"><value>-11</value></Data><Data name="LAYER"><value>1</value></Data><Data name="PC"><value>2</value></Data><Data name="DL_BITRATE"><value>0 kbps</value></Data><Data name="UL_BITRATE"><value>0 kbps</value></Data><Data name="IP"><value>10.120.121.23</value></Data><Data name="SNR"><value>13.0</value></Data><Data name="PHONE STATE"><value>I</value></Data><Data name="IMEI"><value></value></Data><Data name="SPEED"><value>19 km/h</value></Data><Data name="HEIGHT"><value>2m</value></Data><Data name="ALTITUDE"><value>2m</value></Data><Data name="LOCATION"><value>G</value></Data><Data name="ACCURACY"><value>3m</value></Data><Data name="DISTANCE"><value>-1m</value></Data><Data name="SITE BEARING"><value>1000deg</value></Data><Data name="ANTENNA BEARING"><value>1000deg</value></Data><Data name="CELLHEX"><value>12</value></Data><Data name="NODEHEX"><value>0</value></Data><Data name="LACHEX"><value>1</value></Data><Data name="RAWCELLID"><value>18</value></Data><Data name="TIME"><value>2026.08.18_16.47.51</value></Data><Data name="NEI1"><value>TECH:5G CELLID:18 LAC:1 CELL:2 ARFCN:644640 LEVEL:-105 QUAL:-11 </value></Data><Data name="NEI2"><value>TECH:5G CELLID:18 LAC:1 CELL:2 ARFCN:644640 LEVEL:-109 QUAL:-11 </value></Data><Data name="NEI3"><value></value></Data><Data name="NEI4"><value></value></Data><Data name="NEI5"><value></value></Data><Data name="NEI6"><value></value></Data></ExtendedData><Style><LabelStyle><scale>0.0</scale> </LabelStyle><IconStyle><color>FFFF00FF</color><scale>0.5</scale><Icon><href>http://maps.google.com/mapfiles/kml/shapes/shaded_dot.png</href></Icon></IconStyle></Style><Point><coordinates>-75.75480101,39.66402704,0</coordinates></Point></Placemark><Placemark><name>5G</name><ExtendedData><Data name="CGI"><value>3150100000100018</value></Data><Data name="CELLNAME"><value></value></Data><Data name="CELLID"><value>18</value></Data><Data name="RNC"><value>0</value></Data><Data name="TAC"><value>1</value></Data><Data name="TECHNOLOGY"><value>5G NSA</value></Data><Data name="MODE"><value>5G</value></Data><Data name="ARFCN"><value>644640</value></Data><Data name="BAND"><value>N48</value></Data><Data name="BANDWIDTH"><value></value></Data><Data name="CA"><value>false</value></Data><Data name="NR state"><value></value></Data><Data name="RSRP"><value>-105 dBm</value></Data><Data name="RSRQ"><value>-11</value></Data><Data name="LAYER"><value>1</value></Data><Data name="PC"><value>2</value></Data><Data name="DL_BITRATE"><value>0 kbps</value></Data><Data name="UL_BITRATE"><value>5 kbps</value></Data><Data name="IP"><value>10.120.121.23</value></Data><Data name="SNR"><value>13.0</value></Data><Data name="PHONE STATE"><value>D</value></Data><Data name="IMEI"><value></value></Data><Data name="SPEED"><value>18 km/h</value></Data><Data name="HEIGHT"><value>2m</value></Data><Data name="ALTITUDE"><value>2m</value></Data><Data name="LOCATION"><value>G</value></Data><Data name="ACCURACY"><value>3m</value></Data><Data name="DISTANCE"><value>-1m</value></Data><Data name="SITE BEARING"><value>1000deg</value></Data><Data name="ANTENNA BEARING"><value>1000deg</value></Data><Data name="CELLHEX"><value>12</value></Data><Data name="NODEHEX"><value>0</value></Data><Data name="LACHEX"><value>1</value></Data><Data name="RAWCELLID"><value>18</value></Data><Data name="TIME"><value>2026.08.18_16.47.53</value></Data><Data name="NEI1"><value>TECH:5G CELLID:18 LAC:1 CELL:2 ARFCN:644640 LEVEL:-105 QUAL:-11 </value></Data><Data name="NEI2"><value>TECH:5G CELLID:18 LAC:1 CELL:2 ARFCN:644640 LEVEL:-109 QUAL:-11 </value></Data><Data name="NEI3"><value></value></Data><Data name="NEI4"><value></value></Data><Data name="NEI5"><value></value></Data><Data name="NEI6"><value></value></Data></ExtendedData><Style><LabelStyle><scale>0.0</scale> </LabelStyle><IconStyle><color>FFFF00FF</color><scale>0.5</scale><Icon><href>http://maps.google.com/mapfiles/kml/shapes/shaded_dot.png</href></Icon></IconStyle></Style><Point><coordinates>-75.75480609,39.66412001,0</coordinates></Point></Placemark><Placemark><name>5G</name><ExtendedData><Data name="CGI"><value>3150100000100018</value></Data><Data name="CELLNAME"><value></value></Data><Data name="CELLID"><value>18</value></Data><Data name="RNC"><value>0</value></Data><Data name="TAC"><value>1</value></Data><Data name="TECHNOLOGY"><value>5G NSA</value></Data><Data name="MODE"><value>5G</value></Data><Data name="ARFCN"><value>644640</value></Data><Data name="BAND"><value>N48</value></Data><Data name="BANDWIDTH"><value></value></Data><Data name="CA"><value>false</value></Data><Data name="NR state"><value></value></Data><Data name="RSRP"><value>-105 dBm</value></Data><Data name="RSRQ"><value>-11</value></Data><Data name="LAYER"><value>1</value></Data><Data name="PC"><value>2</value></Data><Data name="DL_BITRATE"><value>7649 kbps</value></Data><Data name="UL_BITRATE"><value>466 kbps</value></Data><Data name="IP"><value>10.120.121.23</value></Data><Data name="SNR"><value>13.0</value></Data><Data name="PHONE STATE"><value>D</value></Data><Data name="IMEI"><value></value></Data><Data name="SPEED"><value>9 km/h</value></Data><Data name="HEIGHT"><value>2m</value></Data><Data name="ALTITUDE"><value>2m</value></Data><Data name="LOCATION"><value>G</value></Data><Data name="ACCURACY"><value>4m</value></Data><Data name="DISTANCE"><value>-1m</value></Data><Data name="SITE BEARING"><value>1000deg</value></Data><Data name="ANTENNA BEARING"><value>1000deg</value></Data><Data name="CELLHEX"><value>12</value></Data><Data name="NODEHEX"><value>0</value></Data><Data name="LACHEX"><value>1</value></Data><Data name="RAWCELLID"><value>18</value></Data><Data name="TIME"><value>2026.08.18_16.48.03</value></Data><Data name="NEI1"><value>TECH:5G CELLID:18 LAC:1 CELL:2 ARFCN:644640 LEVEL:-105 QUAL:-11 </value></Data><Data name="NEI2"><value>TECH:5G CELLID:18 LAC:1 CELL:2 ARFCN:644640 LEVEL:-109 QUAL:-11 </value></Data><Data name="NEI3"><value></value></Data><Data name="NEI4"><value></value></Data><Data name="NEI5"><value></value></Data><Data name="NEI6"><value></value></Data></ExtendedData><Style><LabelStyle><scale>0.0</scale> </LabelStyle><IconStyle><color>FFFF00FF</color><scale>0.5</scale><Icon><href>http://maps.google.com/mapfiles/kml/shapes/shaded_dot.png</href></Icon></IconStyle></Style><Point><coordinates>-75.75481201,39.6642197,0</coordinates></Point></Placemark><Placemark><name>5G</name><ExtendedData><Data name="CGI"><value>3150100000100018</value></Data><Data name="CELLNAME"><value></value></Data><Data name="CELLID"><value>18</value></Data><Data name="RNC"><value>0</value></Data><Data name="TAC"><value>1</value></Data><Data name="TECHNOLOGY"><value>5G NSA</value></Data><Data name="MODE"><value>5G</value></Data><Data name="ARFCN"><value>644640</value></Data><Data name="BAND"><value>N48</value></Data><Data name="BANDWIDTH"><value></value></Data><Data name="CA"><value>false</value></Data><Data name="NR state"><value></value></Data><Data name="RSRP"><value>-105 dBm</value></Data><Data name="RSRQ"><value>-11</value></Data><Data name="LAYER"><value>1</value></Data><Data name="PC"><value>2</value></Data><Data name="DL_BITRATE"><value>0 kbps</value></Data><Data name="UL_BITRATE"><value>0 kbps</value></Data><Data name="IP"><value>10.120.121.23</value></Data><Data name="SNR"><value>13.0</value></Data><Data name="PHONE STATE"><value>I</value></Data><Data name="IMEI"><value></value></Data><Data name="SPEED"><value>11 km/h</value></Data><Data name="HEIGHT"><value>3m</value></Data><Data name="ALTITUDE"><value>3m</value></Data><Data name="LOCATION"><value>G</value></Data><Data name="ACCURACY"><value>3m</value></Data><Data name="DISTANCE"><value>-1m</value></Data><Data name="SITE BEARING"><value>1000deg</value></Data><Data name="ANTENNA BEARING"><value>1000deg</value></Data><Data name="CELLHEX"><value>12</value></Data><Data name="NODEHEX"><value>0</value></Data><Data name="LACHEX"><value>1</value></Data><Data name="RAWCELLID"><value>18</value></Data><Data name="TIME"><value>2026.08.18_16.48.09</value></Data><Data name="NEI1"><value>TECH:5G CELLID:18 LAC:1 CELL:2 ARFCN:644640 LEVEL:-105 QUAL:-11 </value></Data><Data name="NEI2"><value>TECH:5G CELLID:18 LAC:1 CELL:2 ARFCN:644640 LEVEL:-107 QUAL:-11 </value></Data><Data name="NEI3"><value></value></Data><Data name="NEI4"><value></value></Data><Data name="NEI5"><value></value></Data><Data name="NEI6"><value></value></Data></ExtendedData><Style><LabelStyle><scale>0.0</scale> </LabelStyle><IconStyle><color>FFFF00FF</color><scale>0.5</scale><Icon><href>http://maps.google.com/mapfiles/kml/shapes/shaded_dot.png</href></Icon></IconStyle></Style><Point><coordinates>-75.75489487,39.66430543,0</coordinates></Point></Placemark><Placemark><name>5G</name><ExtendedData><Data name="CGI"><value>3150100000100018</value></Data><Data name="CELLNAME"><value></value></Data><Data name="CELLID"><value>18</value></Data><Data name="RNC"><value>0</value></Data><Data name="TAC"><value>1</value></Data><Data name="TECHNOLOGY"><value>5G NSA</value></Data><Data name="MODE"><value>5G</value></Data><Data name="ARFCN"><value>644640</value></Data><Data name="BAND"><value>N48</value></Data><Data name="BANDWIDTH"><value></value></Data><Data name="CA"><value>false</value></Data><Data name="NR state"><value></value></Data><Data name="RSRP"><value>-105 dBm</value></Data><Data name="RSRQ"><value>-11</value></Data><Data name="LAYER"><value>1</value></Data><Data name="PC"><value>2</value></Data><Data name="DL_BITRATE"><value>0 kbps</value></Data><Data name="UL_BITRATE"><value>0 kbps</value></Data><Data name="IP"><value>10.120.121.23</value></Data><Data name="SNR"><value>13.0</value></Data><Data name="PHONE STATE"><value>D</value></Data><Data name="IMEI"><value></value></Data><Data name="SPEED"><value>9 km/h</value></Data><Data name="HEIGHT"><value>3m</value></Data><Data name="ALTITUDE"><value>3m</value></Data><Data name="LOCATION"><value>G</value></Data><Data name="ACCURACY"><value>3m</value></Data><Data name="DISTANCE"><value>-1m</value></Data><Data name="SITE BEARING"><value>1000deg</value></Data><Data name="ANTENNA BEARING"><value>1000deg</value></Data><Data name="CELLHEX"><value>12</value></Data><Data name="NODEHEX"><value>0</value></Data><Data name="LACHEX"><value>1</value></Data><Data name="RAWCELLID"><value>18</value></Data><Data name="TIME"><value>2026.08.18_16.48.12</value></Data><Data name="NEI1"><value>TECH:5G CELLID:18 LAC:1 CELL:2 ARFCN:644640 LEVEL:-105 QUAL:-11 </value></Data><Data name="NEI2"><value>TECH:5G CELLID:18 LAC:1 CELL:2 ARFCN:644640 LEVEL:-105 QUAL:-11 </value></Data><Data name="NEI3"><value></value></Data><Data name="NEI4"><value></value></Data><Data name="NEI5"><value></value></Data><Data name="NEI6"><value></value></Data></ExtendedData><Style><LabelStyle><scale>0.0</scale> </LabelStyle><IconStyle><color>FFFF00FF</color><scale>0.5</scale><Icon><href>http://maps.google.com/mapfiles/kml/shapes/shaded_dot.png</href></Icon></IconStyle></Style><Point><coordinates>-75.7550138,39.66430442,0</coordinates></Point></Placemark><Placemark><name>5G</name><ExtendedData><Data name="CGI"><value>3150100000100018</value></Data><Data name="CELLNAME"><value></value></Data><Data name="CELLID"><value>18</value></Data><Data name="RNC"><value>0</value></Data><Data name="TAC"><value>1</value></Data><Data name="TECHNOLOGY"><value>5G NSA</value></Data><Data name="MODE"><value>5G</value></Data><Data name="ARFCN"><value>644640</value></Data><Data name="BAND"><value>N48</value></Data><Data name="BANDWIDTH"><value></value></Data><Data name="CA"><value>false</value></Data><Data name="NR state"><value></value></Data><Data name="RSRP"><value>-105 dBm</value></Data><Data name="RSRQ"><value>-11</value></Data><Data name="LAYER"><value>1</value></Data><Data name="PC"><value>2</value></Data><Data name="DL_BITRATE"><value>0 kbps</value></Data><Data name="UL_BITRATE"><value>0 kbps</value></Data><Data name="IP"><value>10.120.121.23</value></Data><Data name="SNR"><value>13.0</value></Data><Data name="PHONE STATE"><value>I</value></Data><Data name="IMEI"><value></value></Data><Data name="SPEED"><value>9 km/h</value></Data><Data name="HEIGHT"><value>4m</value></Data><Data name="ALTITUDE"><value>4m</value></Data><Data name="LOCATION"><value>G</value></Data><Data name="ACCURACY"><value>3m</value></Data><Data name="DISTANCE"><value>-1m</value></Data><Data name="SITE BEARING"><value>1000deg</value></Data><Data name="ANTENNA BEARING"><value>1000deg</value></Data><Data name="CELLHEX"><value>12</value></Data><Data name="NODEHEX"><value>0</value></Data><Data name="LACHEX"><value>1</value></Data><Data name="RAWCELLID"><value>18</value></Data><Data name="TIME"><value>2026.08.18_16.48.17</value></Data><Data name="NEI1"><value>TECH:5G CELLID:18 LAC:1 CELL:2 ARFCN:644640 LEVEL:-105 QUAL:-11 </value></Data><Data name="NEI2"><value>TECH:5G CELLID:18 LAC:1 CELL:2 ARFCN:644640 LEVEL:-107 QUAL:-11 </value></Data><Data name="NEI3"><value></value></Data><Data name="NEI4"><value></value></Data><Data name="NEI5"><value></value></Data><Data name="NEI6"><value></value></Data></ExtendedData><Style><LabelStyle><scale>0.0</scale> </LabelStyle><IconStyle><color>FFFF00FF</color><scale>0.5</scale><Icon><href>http://maps.google.com/mapfiles/kml/shapes/shaded_dot.png</href></Icon></IconStyle></Style><Point><coordinates>-75.75512681,39.6643377,0</coordinates></Point></Placemark><Placemark><name>5G</name><ExtendedData><Data name="CGI"><value>3150100000100018</value></Data><Data name="CELLNAME"><value></value></Data><Data name="CELLID"><value>18</value></Data><Data name="RNC"><value>0</value></Data><Data name="TAC"><value>1</value></Data><Data name="TECHNOLOGY"><value>5G NSA</value></Data><Data name="MODE"><value>5G</value></Data><Data name="ARFCN"><value>644640</value></Data><Data name="BAND"><value>N48</value></Data><Data name="BANDWIDTH"><value></value></Data><Data name="CA"><value>false</value></Data><Data name="NR state"><value></value></Data><Data name="RSRP"><value>-105 dBm</value></Data><Data name="RSRQ"><value>-11</value></Data><Data name="LAYER"><value>1</value></Data><Data name="PC"><value>2</value></Data><Data name="DL_BITRATE"><value>0 kbps</value></Data><Data name="UL_BITRATE"><value>0 kbps</value></Data><Data name="IP"><value>10.120.121.23</value></Data><Data name="SNR"><value>13.0</value></Data><Data name="PHONE STATE"><value>I</value></Data><Data name="IMEI"><value></value></Data><Data name="SPEED"><value>17 km/h</value></Data><Data name="HEIGHT"><value>3m</value></Data><Data name="ALTITUDE"><value>3m</value></Data><Data name="LOCATION"><value>G</value></Data><Data name="ACCURACY"><value>3m</value></Data><Data name="DISTANCE"><value>-1m</value></Data><Data name="SITE BEARING"><value>1000deg</value></Data><Data name="ANTENNA BEARING"><value>1000deg</value></Data><Data name="CELLHEX"><value>12</value></Data><Data name="NODEHEX"><value>0</value></Data><Data name="LACHEX"><value>1</value></Data><Data name="RAWCELLID"><value>18</value></Data><Data name="TIME"><value>2026.08.18_16.48.20</value></Data><Data name="NEI1"><value>TECH:5G CELLID:18 LAC:1 CELL:2 ARFCN:644640 LEVEL:-105 QUAL:-11 </value></Data><Data name="NEI2"><value>TECH:5G CELLID:18 LAC:1 CELL:2 ARFCN:644640 LEVEL:-107 QUAL:-11 </value></Data><Data name="NEI3"><value></value></Data><Data name="NEI4"><value></value></Data><Data name="NEI5"><value></value></Data><Data name="NEI6"><value></value></Data></ExtendedData><Style><LabelStyle><scale>0.0</scale> </LabelStyle><IconStyle><color>FFFF00FF</color><scale>0.5</scale><Icon><href>http://maps.google.com/mapfiles/kml/shapes/shaded_dot.png</href></Icon></IconStyle></Style><Point><coordinates>-75.75511929,39.6644497,0</coordinates></Point></Placemark><Placemark><name>5G</name><ExtendedData><Data name="CGI"><value>3150100000100018</value></Data><Data name="CELLNAME"><value></value></Data><Data name="CELLID"><value>18</value></Data><Data name="RNC"><value>0</value></Data><Data name="TAC"><value>1</value></Data><Data name="TECHNOLOGY"><value>5G NSA</value></Data><Data name="MODE"><value>5G</value></Data><Data name="ARFCN"><value>644640</value></Data><Data name="BAND"><value>N48</value></Data><Data name="BANDWIDTH"><value></value></Data><Data name="CA"><value>false</value></Data><Data name="NR state"><value></value></Data><Data name="RSRP"><value>-105 dBm</value></Data><Data name="RSRQ"><value>-11</value></Data><Data name="LAYER"><value>1</value></Data><Data name="PC"><value>2</value></Data><Data name="DL_BITRATE"><value>0 kbps</value></Data><Data name="UL_BITRATE"><value>0 kbps</value></Data><Data name="IP"><value>10.120.121.23</value></Data><Data name="SNR"><value>13.0</value></Data><Data name="PHONE STATE"><value>I</value></Data><Data name="IMEI"><value></value></Data><Data name="SPEED"><value>24 km/h</value></Data><Data name="HEIGHT"><value>3m</value></Data><Data name="ALTITUDE"><value>3m</value></Data><Data name="LOCATION"><value>G</value></Data><Data name="ACCURACY"><value>3m</value></Data><Data name="DISTANCE"><value>-1m</value></Data><Data name="SITE BEARING"><value>1000deg</value></Data><Data name="ANTENNA BEARING"><value>1000deg</value></Data><Data name="CELLHEX"><value>12</value></Data><Data name="NODEHEX"><value>0</value></Data><Data name="LACHEX"><value>1</value></Data><Data name="RAWCELLID"><value>18</value></Data><Data name="TIME"><value>2026.08.18_16.48.22</value></Data><Data name="NEI1"><value>TECH:5G CELLID:18 LAC:1 CELL:2 ARFCN:644640 LEVEL:-105 QUAL:-11 </value></Data><Data name="NEI2"><value>TECH:5G CELLID:18 LAC:1 CELL:2 ARFCN:644640 LEVEL:-107 QUAL:-11 </value></Data><Data name="NEI3"><value></value></Data><Data name="NEI4"><value></value></Data><Data name="NEI5"><value></value></Data><Data name="NEI6"><value></value></Data></ExtendedData><Style><LabelStyle><scale>0.0</scale> </LabelStyle><IconStyle><color>FFFF00FF</color><scale>0.5</scale><Icon><href>http://maps.google.com/mapfiles/kml/shapes/shaded_dot.png</href></Icon></IconStyle></Style><Point><coordinates>-75.75510754,39.66456973,0</coordinates></Point></Placemark><Placemark><name>5G</name><ExtendedData><Data name="CGI"><value>3150100000100018</value></Data><Data name="CELLNAME"><value></value></Data><Data name="CELLID"><value>18</value></Data><Data name="RNC"><value>0</value></Data><Data name="TAC"><value>1</value></Data><Data name="TECHNOLOGY"><value>5G NSA</value></Data><Data name="MODE"><value>5G</value></Data><Data name="ARFCN"><value>644640</value></Data><Data name="BAND"><value>N48</value></Data><Data name="BANDWIDTH"><value></value></Data><Data name="CA"><value>false</value></Data><Data name="NR state"><value></value></Data><Data name="RSRP"><value>-105 dBm</value></Data><Data name="RSRQ"><value>-11</value></Data><Data name="LAYER"><value>1</value></Data><Data name="PC"><value>2</value></Data><Data name="DL_BITRATE"><value>0 kbps</value></Data><Data name="UL_BITRATE"><value>0 kbps</value></Data><Data name="IP"><value>10.120.121.23</value></Data><Data name="SNR"><value>13.0</value></Data><Data name="PHONE STATE"><value>I</value></Data><Data name="IMEI"><value></value></Data><Data name="SPEED"><value>25 km/h</value></Data><Data name="HEIGHT"><value>3m</value></Data><Data name="ALTITUDE"><value>3m</value></Data><Data name="LOCATION"><value>G</value></Data><Data name="ACCURACY"><value>3m</value></Data><Data name="DISTANCE"><value>-1m</value></Data><Data name="SITE BEARING"><value>1000deg</value></Data><Data name="ANTENNA BEARING"><value>1000deg</value></Data><Data name="CELLHEX"><value>12</value></Data><Data name="NODEHEX"><value>0</value></Data><Data name="LACHEX"><value>1</value></Data><Data name="RAWCELLID"><value>18</value></Data><Data name="TIME"><value>2026.08.18_16.48.24</value></Data><Data name="NEI1"><value>TECH:5G CELLID:18 LAC:1 CELL:2 ARFCN:644640 LEVEL:-105 QUAL:-11 </value></Data><Data name="NEI2"><value>TECH:5G CELLID:18 LAC:1 CELL:2 ARFCN:644640 LEVEL:-107 QUAL:-11 </value></Data><Data name="NEI3"><value></value></Data><Data name="NEI4"><value></value></Data><Data name="NEI5"><value></value></Data><Data name="NEI6"><value></value></Data></ExtendedData><Style><LabelStyle><scale>0.0</scale> </LabelStyle><IconStyle><color>FFFF00FF</color><scale>0.5</scale><Icon><href>http://maps.google.com/mapfiles/kml/shapes/shaded_dot.png</href></Icon></IconStyle></Style><Point><coordinates>-75.75511575,39.6646986,0</coordinates></Point></Placemark><Placemark><name>5G</name><ExtendedData><Data name="CGI"><value>3150100000100018</value></Data><Data name="CELLNAME"><value></value></Data><Data name="CELLID"><value>18</value></Data><Data name="RNC"><value>0</value></Data><Data name="TAC"><value>1</value></Data><Data name="TECHNOLOGY"><value>5G NSA</value></Data><Data name="MODE"><value>5G</value></Data><Data name="ARFCN"><value>644640</value></Data><Data name="BAND"><value>N48</value></Data><Data name="BANDWIDTH"><value></value></Data><Data name="CA"><value>false</value></Data><Data name="NR state"><value></value></Data><Data name="RSRP"><value>-105 dBm</value></Data><Data name="RSRQ"><value>-11</value></Data><Data name="LAYER"><value>1</value></Data><Data name="PC"><value>2</value></Data><Data name="DL_BITRATE"><value>0 kbps</value></Data><Data name="UL_BITRATE"><value>0 kbps</value></Data><Data name="IP"><value>10.120.121.23</value></Data><Data name="SNR"><value>13.0</value></Data><Data name="PHONE STATE"><value>I</value></Data><Data name="IMEI"><value></value></Data><Data name="SPEED"><value>23 km/h</value></Data><Data name="HEIGHT"><value>3m</value></Data><Data name="ALTITUDE"><value>3m</value></Data><Data name="LOCATION"><value>G</value></Data><Data name="ACCURACY"><value>3m</value></Data><Data name="DISTANCE"><value>-1m</value></Data><Data name="SITE BEARING"><value>1000deg</value></Data><Data name="ANTENNA BEARING"><value>1000deg</value></Data><Data name="CELLHEX"><value>12</value></Data><Data name="NODEHEX"><value>0</value></Data><Data name="LACHEX"><value>1</value></Data><Data name="RAWCELLID"><value>18</value></Data><Data name="TIME"><value>2026.08.18_16.48.26</value></Data><Data name="NEI1"><value>TECH:5G CELLID:18 LAC:1 CELL:2 ARFCN:644640 LEVEL:-105 QUAL:-11 </value></Data><Data name="NEI2"><value>TECH:5G CELLID:18 LAC:1 CELL:2 ARFCN:644640 LEVEL:-107 QUAL:-11 </value></Data><Data name="NEI3"><value></value></Data><Data name="NEI4"><value></value></Data><Data name="NEI5"><value></value></Data><Data name="NEI6"><value></value></Data></ExtendedData><Style><LabelStyle><scale>0.0</scale> </LabelStyle><IconStyle><color>FFFF00FF</color><scale>0.5</scale><Icon><href>http://maps.google.com/mapfiles/kml/shapes/shaded_dot.png</href></Icon></IconStyle></Style><Point><coordinates>-75.75509086,39.66481582,0</coordinates></Point></Placemark><Placemark><name>5G</name><ExtendedData><Data name="CGI"><value>3150100000100018</value></Data><Data name="CELLNAME"><value></value></Data><Data name="CELLID"><value>18</value></Data><Data name="RNC"><value>0</value></Data><Data name="TAC"><value>1</value></Data><Data name="TECHNOLOGY"><value>5G NSA</value></Data><Data name="MODE"><value>5G</value></Data><Data name="ARFCN"><value>644640</value></Data><Data name="BAND"><value>N48</value></Data><Data name="BANDWIDTH"><value></value></Data><Data name="CA"><value>false</value></Data><Data name="NR state"><value></value></Data><Data name="RSRP"><value>-105 dBm</value></Data><Data name="RSRQ"><value>-11</value></Data><Data name="LAYER"><value>1</value></Data><Data name="PC"><value>2</value></Data><Data name="DL_BITRATE"><value>0 kbps</value></Data><Data name="UL_BITRATE"><value>0 kbps</value></Data><Data name="IP"><value>10.120.121.23</value></Data><Data name="SNR"><value>13.0</value></Data><Data name="PHONE STATE"><value>I</value></Data><Data name="IMEI"><value></value></Data><Data name="SPEED"><value>21 km/h</value></Data><Data name="HEIGHT"><value>2m</value></Data><Data name="ALTITUDE"><value>2m</value></Data><Data name="LOCATION"><value>G</value></Data><Data name="ACCURACY"><value>3m</value></Data><Data name="DISTANCE"><value>-1m</value></Data><Data name="SITE BEARING"><value>1000deg</value></Data><Data name="ANTENNA BEARING"><value>1000deg</value></Data><Data name="CELLHEX"><value>12</value></Data><Data name="NODEHEX"><value>0</value></Data><Data name="LACHEX"><value>1</value></Data><Data name="RAWCELLID"><value>18</value></Data><Data name="TIME"><value>2026.08.18_16.48.28</value></Data><Data name="NEI1"><value>TECH:5G CELLID:18 LAC:1 CELL:2 ARFCN:644640 LEVEL:-105 QUAL:-11 </value></Data><Data name="NEI2"><value>TECH:5G CELLID:18 LAC:1 CELL:2 ARFCN:644640 LEVEL:-107 QUAL:-11 </value></Data><Data name="NEI3"><value></value></Data><Data name="NEI4"><value></value></Data><Data name="NEI5"><value></value></Data><Data name="NEI6"><value></value></Data></ExtendedData><Style><LabelStyle><scale>0.0</scale> </LabelStyle><IconStyle><color>FFFF00FF</color><scale>0.5</scale><Icon><href>http://maps.google.com/mapfiles/kml/shapes/shaded_dot.png</href></Icon></IconStyle></Style><Point><coordinates>-75.75500129,39.66490622,0</coordinates></Point></Placemark><Placemark><name>5G</name><ExtendedData><Data name="CGI"><value>3150100000100018</value></Data><Data name="CELLNAME"><value></value></Data><Data name="CELLID"><value>18</value></Data><Data name="RNC"><value>0</value></Data><Data name="TAC"><value>1</value></Data><Data name="TECHNOLOGY"><value>5G NSA</value></Data><Data name="MODE"><value>5G</value></Data><Data name="ARFCN"><value>644640</value></Data><Data name="BAND"><value>N48</value></Data><Data name="BANDWIDTH"><value></value></Data><Data name="CA"><value>false</value></Data><Data name="NR state"><value></value></Data><Data name="RSRP"><value>-105 dBm</value></Data><Data name="RSRQ"><value>-11</value></Data><Data name="LAYER"><value>1</value></Data><Data name="PC"><value>2</value></Data><Data name="DL_BITRATE"><value>0 kbps</value></Data><Data name="UL_BITRATE"><value>0 kbps</value></Data><Data name="IP"><value>10.120.121.23</value></Data><Data name="SNR"><value>13.0</value></Data><Data name="PHONE STATE"><value>I</value></Data><Data name="IMEI"><value></value></Data><Data name="SPEED"><value>18 km/h</value></Data><Data name="HEIGHT"><value>2m</value></Data><Data name="ALTITUDE"><value>2m</value></Data><Data name="LOCATION"><value>G</value></Data><Data name="ACCURACY"><value>3m</value></Data><Data name="DISTANCE"><value>-1m</value></Data><Data name="SITE BEARING"><value>1000deg</value></Data><Data name="ANTENNA BEARING"><value>1000deg</value></Data><Data name="CELLHEX"><value>12</value></Data><Data name="NODEHEX"><value>0</value></Data><Data name="LACHEX"><value>1</value></Data><Data name="RAWCELLID"><value>18</value></Data><Data name="TIME"><value>2026.08.18_16.48.30</value></Data><Data name="NEI1"><value>TECH:5G CELLID:18 LAC:1 CELL:2 ARFCN:644640 LEVEL:-105 QUAL:-11 </value></Data><Data name="NEI2"><value>TECH:5G CELLID:18 LAC:1 CELL:2 ARFCN:644640 LEVEL:-107 QUAL:-11 </value></Data><Data name="NEI3"><value></value></Data><Data name="NEI4"><value></value></Data><Data name="NEI5"><value></value></Data><Data name="NEI6"><value></value></Data></ExtendedData><Style><LabelStyle><scale>0.0</scale> </LabelStyle><IconStyle><color>FFFF00FF</color><scale>0.5</scale><Icon><href>http://maps.google.com/mapfiles/kml/shapes/shaded_dot.png</href></Icon></IconStyle></Style><Point><coordinates>-75.75494469,39.66499421,0</coordinates></Point></Placemark><Placemark><name>5G</name><ExtendedData><Data name="CGI"><value>3150100000100018</value></Data><Data name="CELLNAME"><value></value></Data><Data name="CELLID"><value>18</value></Data><Data name="RNC"><value>0</value></Data><Data name="TAC"><value>1</value></Data><Data name="TECHNOLOGY"><value>5G NSA</value></Data><Data name="MODE"><value>5G</value></Data><Data name="ARFCN"><value>644640</value></Data><Data name="BAND"><value>N48</value></Data><Data name="BANDWIDTH"><value></value></Data><Data name="CA"><value>false</value></Data><Data name="NR state"><value></value></Data><Data name="RSRP"><value>-105 dBm</value></Data><Data name="RSRQ"><value>-11</value></Data><Data name="LAYER"><value>1</value></Data><Data name="PC"><value>2</value></Data><Data name="DL_BITRATE"><value>0 kbps</value></Data><Data name="UL_BITRATE"><value>0 kbps</value></Data><Data name="IP"><value>10.120.121.23</value></Data><Data name="SNR"><value>13.0</value></Data><Data name="PHONE STATE"><value>I</value></Data><Data name="IMEI"><value></value></Data><Data name="SPEED"><value>20 km/h</value></Data><Data name="HEIGHT"><value>3m</value></Data><Data name="ALTITUDE"><value>3m</value></Data><Data name="LOCATION"><value>G</value></Data><Data name="ACCURACY"><value>3m</value></Data><Data name="DISTANCE"><value>-1m</value></Data><Data name="SITE BEARING"><value>1000deg</value></Data><Data name="ANTENNA BEARING"><value>1000deg</value></Data><Data name="CELLHEX"><value>12</value></Data><Data name="NODEHEX"><value>0</value></Data><Data name="LACHEX"><value>1</value></Data><Data name="RAWCELLID"><value>18</value></Data><Data name="TIME"><value>2026.08.18_16.48.32</value></Data><Data name="NEI1"><value>TECH:5G CELLID:18 LAC:1 CELL:2 ARFCN:644640 LEVEL:-105 QUAL:-11 </value></Data><Data name="NEI2"><value>TECH:5G CELLID:18 LAC:1 CELL:2 ARFCN:644640 LEVEL:-107 QUAL:-11 </value></Data><Data name="NEI3"><value></value></Data><Data name="NEI4"><value></value></Data><Data name="NEI5"><value></value></Data><Data name="NEI6"><value></value></Data></ExtendedData><Style><LabelStyle><scale>0.0</scale> </LabelStyle><IconStyle><color>FFFF00FF</color><scale>0.5</scale><Icon><href>http://maps.google.com/mapfiles/kml/shapes/shaded_dot.png</href></Icon></IconStyle></Style><Point><coordinates>-75.75495255,39.66509595,0</coordinates></Point></Placemark><Placemark><name>5G</name><ExtendedData><Data name="CGI"><value>3150100000100018</value></Data><Data name="CELLNAME"><value></value></Data><Data name="CELLID"><value>18</value></Data><Data name="RNC"><value>0</value></Data><Data name="TAC"><value>1</value></Data><Data name="TECHNOLOGY"><value>5G NSA</value></Data><Data name="MODE"><value>5G</value></Data><Data name="ARFCN"><value>644640</value></Data><Data name="BAND"><value>N48</value></Data><Data name="BANDWIDTH"><value></value></Data><Data name="CA"><value>false</value></Data><Data name="NR state"><value></value></Data><Data name="RSRP"><value>-105 dBm</value></Data><Data name="RSRQ"><value>-11</value></Data><Data name="LAYER"><value>1</value></Data><Data name="PC"><value>2</value></Data><Data name="DL_BITRATE"><value>0 kbps</value></Data><Data name="UL_BITRATE"><value>0 kbps</value></Data><Data name="IP"><value>10.120.121.23</value></Data><Data name="SNR"><value>13.0</value></Data><Data name="PHONE STATE"><value>I</value></Data><Data name="IMEI"><value></value></Data><Data name="SPEED"><value>19 km/h</value></Data><Data name="HEIGHT"><value>3m</value></Data><Data name="ALTITUDE"><value>3m</value></Data><Data name="LOCATION"><value>G</value></Data><Data name="ACCURACY"><value>3m</value></Data><Data name="DISTANCE"><value>-1m</value></Data><Data name="SITE BEARING"><value>1000deg</value></Data><Data name="ANTENNA BEARING"><value>1000deg</value></Data><Data name="CELLHEX"><value>12</value></Data><Data name="NODEHEX"><value>0</value></Data><Data name="LACHEX"><value>1</value></Data><Data name="RAWCELLID"><value>18</value></Data><Data name="TIME"><value>2026.08.18_16.48.34</value></Data><Data name="NEI1"><value>TECH:5G CELLID:18 LAC:1 CELL:2 ARFCN:644640 LEVEL:-105 QUAL:-11 </value></Data><Data name="NEI2"><value>TECH:5G CELLID:18 LAC:1 CELL:2 ARFCN:644640 LEVEL:-107 QUAL:-11 </value></Data><Data name="NEI3"><value></value></Data><Data name="NEI4"><value></value></Data><Data name="NEI5"><value></value></Data><Data name="NEI6"><value></value></Data></ExtendedData><Style><LabelStyle><scale>0.0</scale> </LabelStyle><IconStyle><color>FFFF00FF</color><scale>0.5</scale><Icon><href>http://maps.google.com/mapfiles/kml/shapes/shaded_dot.png</href></Icon></IconStyle></Style><Point><coordinates>-75.75503972,39.66516591,0</coordinates></Point></Placemark><Placemark><name>5G</name><ExtendedData><Data name="CGI"><value>3150100000100018</value></Data><Data name="CELLNAME"><value></value></Data><Data name="CELLID"><value>18</value></Data><Data name="RNC"><value>0</value></Data><Data name="TAC"><value>1</value></Data><Data name="TECHNOLOGY"><value>5G NSA</value></Data><Data name="MODE"><value>5G</value></Data><Data name="ARFCN"><value>644640</value></Data><Data name="BAND"><value>N48</value></Data><Data name="BANDWIDTH"><value></value></Data><Data name="CA"><value>false</value></Data><Data name="NR state"><value></value></Data><Data name="RSRP"><value>-105 dBm</value></Data><Data name="RSRQ"><value>-11</value></Data><Data name="LAYER"><value>1</value></Data><Data name="PC"><value>2</value></Data><Data name="DL_BITRATE"><value>0 kbps</value></Data><Data name="UL_BITRATE"><value>2 kbps</value></Data><Data name="IP"><value>10.120.121.23</value></Data><Data name="SNR"><value>13.0</value></Data><Data name="PHONE STATE"><value>D</value></Data><Data name="IMEI"><value></value></Data><Data name="SPEED"><value>17 km/h</value></Data><Data name="HEIGHT"><value>2m</value></Data><Data name="ALTITUDE"><value>2m</value></Data><Data name="LOCATION"><value>G</value></Data><Data name="ACCURACY"><value>3m</value></Data><Data name="DISTANCE"><value>-1m</value></Data><Data name="SITE BEARING"><value>1000deg</value></Data><Data name="ANTENNA BEARING"><value>1000deg</value></Data><Data name="CELLHEX"><value>12</value></Data><Data name="NODEHEX"><value>0</value></Data><Data name="LACHEX"><value>1</value></Data><Data name="RAWCELLID"><value>18</value></Data><Data name="TIME"><value>2026.08.18_16.48.36</value></Data><Data name="NEI1"><value>TECH:5G CELLID:18 LAC:1 CELL:2 ARFCN:644640 LEVEL:-105 QUAL:-11 </value></Data><Data name="NEI2"><value>TECH:5G CELLID:18 LAC:1 CELL:2 ARFCN:644640 LEVEL:-107 QUAL:-11 </value></Data><Data name="NEI3"><value></value></Data><Data name="NEI4"><value></value></Data><Data name="NEI5"><value></value></Data><Data name="NEI6"><value></value></Data></ExtendedData><Style><LabelStyle><scale>0.0</scale> </LabelStyle><IconStyle><color>FFFF00FF</color><scale>0.5</scale><Icon><href>http://maps.google.com/mapfiles/kml/shapes/shaded_dot.png</href></Icon></IconStyle></Style><Point><coordinates>-75.75516104,39.66517009,0</coordinates></Point></Placemark><Placemark><name>5G</name><ExtendedData><Data name="CGI"><value>3150100000100018</value></Data><Data name="CELLNAME"><value></value></Data><Data name="CELLID"><value>18</value></Data><Data name="RNC"><value>0</value></Data><Data name="TAC"><value>1</value></Data><Data name="TECHNOLOGY"><value>5G NSA</value></Data><Data name="MODE"><value>5G</value></Data><Data name="ARFCN"><value>644640</value></Data><Data name="BAND"><value>N48</value></Data><Data name="BANDWIDTH"><value></value></Data><Data name="CA"><value>false</value></Data><Data name="NR state"><value></value></Data><Data name="RSRP"><value>-105 dBm</value></Data><Data name="RSRQ"><value>-11</value></Data><Data name="LAYER"><value>1</value></Data><Data name="PC"><value>2</value></Data><Data name="DL_BITRATE"><value>0 kbps</value></Data><Data name="UL_BITRATE"><value>0 kbps</value></Data><Data name="IP"><value>10.120.121.23</value></Data><Data name="SNR"><value>13.0</value></Data><Data name="PHONE STATE"><value>I</value></Data><Data name="IMEI"><value></value></Data><Data name="SPEED"><value>22 km/h</value></Data><Data name="HEIGHT"><value>2m</value></Data><Data name="ALTITUDE"><value>2m</value></Data><Data name="LOCATION"><value>G</value></Data><Data name="ACCURACY"><value>3m</value></Data><Data name="DISTANCE"><value>-1m</value></Data><Data name="SITE BEARING"><value>1000deg</value></Data><Data name="ANTENNA BEARING"><value>1000deg</value></Data><Data name="CELLHEX"><value>12</value></Data><Data name="NODEHEX"><value>0</value></Data><Data name="LACHEX"><value>1</value></Data><Data name="RAWCELLID"><value>18</value></Data><Data name="TIME"><value>2026.08.18_16.48.38</value></Data><Data name="NEI1"><value>TECH:5G CELLID:18 LAC:1 CELL:2 ARFCN:644640 LEVEL:-105 QUAL:-11 </value></Data><Data name="NEI2"><value>TECH:5G CELLID:18 LAC:1 CELL:2 ARFCN:644640 LEVEL:-107 QUAL:-11 </value></Data><Data name="NEI3"><value></value></Data><Data name="NEI4"><value></value></Data><Data name="NEI5"><value></value></Data><Data name="NEI6"><value></value></Data></ExtendedData><Style><LabelStyle><scale>0.0</scale> </LabelStyle><IconStyle><color>FFFF00FF</color><scale>0.5</scale><Icon><href>http://maps.google.com/mapfiles/kml/shapes/shaded_dot.png</href></Icon></IconStyle></Style><Point><coordinates>-75.7552849,39.66511471,0</coordinates></Point></Placemark><Placemark><name>5G</name><ExtendedData><Data name="CGI"><value>3150100000100018</value></Data><Data name="CELLNAME"><value></value></Data><Data name="CELLID"><value>18</value></Data><Data name="RNC"><value>0</value></Data><Data name="TAC"><value>1</value></Data><Data name="TECHNOLOGY"><value>5G NSA</value></Data><Data name="MODE"><value>5G</value></Data><Data name="ARFCN"><value>644640</value></Data><Data name="BAND"><value>N48</value></Data><Data name="BANDWIDTH"><value></value></Data><Data name="CA"><value>false</value></Data><Data name="NR state"><value></value></Data><Data name="RSRP"><value>-105 dBm</value></Data><Data name="RSRQ"><value>-11</value></Data><Data name="LAYER"><value>1</value></Data><Data name="PC"><value>2</value></Data><Data name="DL_BITRATE"><value>0 kbps</value></Data><Data name="UL_BITRATE"><value>0 kbps</value></Data><Data name="IP"><value>10.120.121.23</value></Data><Data name="SNR"><value>13.0</value></Data><Data name="PHONE STATE"><value>I</value></Data><Data name="IMEI"><value></value></Data><Data name="SPEED"><value>23 km/h</value></Data><Data name="HEIGHT"><value>1m</value></Data><Data name="ALTITUDE"><value>1m</value></Data><Data name="LOCATION"><value>G</value></Data><Data name="ACCURACY"><value>3m</value></Data><Data name="DISTANCE"><value>-1m</value></Data><Data name="SITE BEARING"><value>1000deg</value></Data><Data name="ANTENNA BEARING"><value>1000deg</value></Data><Data name="CELLHEX"><value>12</value></Data><Data name="NODEHEX"><value>0</value></Data><Data name="LACHEX"><value>1</value></Data><Data name="RAWCELLID"><value>18</value></Data><Data name="TIME"><value>2026.08.18_16.48.40</value></Data><Data name="NEI1"><value>TECH:5G CELLID:18 LAC:1 CELL:2 ARFCN:644640 LEVEL:-105 QUAL:-11 </value></Data><Data name="NEI2"><value>TECH:5G CELLID:18 LAC:1 CELL:2 ARFCN:644640 LEVEL:-107 QUAL:-11 </value></Data><Data name="NEI3"><value></value></Data><Data name="NEI4"><value></value></Data><Data name="NEI5"><value></value></Data><Data name="NEI6"><value></value></Data></ExtendedData><Style><LabelStyle><scale>0.0</scale> </LabelStyle><IconStyle><color>FFFF00FF</color><scale>0.5</scale><Icon><href>http://maps.google.com/mapfiles/kml/shapes/shaded_dot.png</href></Icon></IconStyle></Style><Point><coordinates>-75.75536656,39.66501815,0</coordinates></Point></Placemark><Placemark><name>5G</name><ExtendedData><Data name="CGI"><value>3150100000100018</value></Data><Data name="CELLNAME"><value></value></Data><Data name="CELLID"><value>18</value></Data><Data name="RNC"><value>0</value></Data><Data name="TAC"><value>1</value></Data><Data name="TECHNOLOGY"><value>5G NSA</value></Data><Data name="MODE"><value>5G</value></Data><Data name="ARFCN"><value>644640</value></Data><Data name="BAND"><value>N48</value></Data><Data name="BANDWIDTH"><value></value></Data><Data name="CA"><value>false</value></Data><Data name="NR state"><value></value></Data><Data name="RSRP"><value>-105 dBm</value></Data><Data name="RSRQ"><value>-11</value></Data><Data name="LAYER"><value>1</value></Data><Data name="PC"><value>2</value></Data><Data name="DL_BITRATE"><value>0 kbps</value></Data><Data name="UL_BITRATE"><value>0 kbps</value></Data><Data name="IP"><value>10.120.121.23</value></Data><Data name="SNR"><value>13.0</value></Data><Data name="PHONE STATE"><value>I</value></Data><Data name="IMEI"><value></value></Data><Data name="SPEED"><value>26 km/h</value></Data><Data name="HEIGHT"><value>1m</value></Data><Data name="ALTITUDE"><value>1m</value></Data><Data name="LOCATION"><value>G</value></Data><Data name="ACCURACY"><value>3m</value></Data><Data name="DISTANCE"><value>-1m</value></Data><Data name="SITE BEARING"><value>1000deg</value></Data><Data name="ANTENNA BEARING"><value>1000deg</value></Data><Data name="CELLHEX"><value>12</value></Data><Data name="NODEHEX"><value>0</value></Data><Data name="LACHEX"><value>1</value></Data><Data name="RAWCELLID"><value>18</value></Data><Data name="TIME"><value>2026.08.18_16.48.42</value></Data><Data name="NEI1"><value>TECH:5G CELLID:18 LAC:1 CELL:2 ARFCN:644640 LEVEL:-105 QUAL:-11 </value></Data><Data name="NEI2"><value>TECH:5G CELLID:18 LAC:1 CELL:2 ARFCN:644640 LEVEL:-107 QUAL:-11 </value></Data><Data name="NEI3"><value></value></Data><Data name="NEI4"><value></value></Data><Data name="NEI5"><value></value></Data><Data name="NEI6"><value></value></Data></ExtendedData><Style><LabelStyle><scale>0.0</scale> </LabelStyle><IconStyle><color>FFFF00FF</color><scale>0.5</scale><Icon><href>http://maps.google.com/mapfiles/kml/shapes/shaded_dot.png</href></Icon></IconStyle></Style><Point><coordinates>-75.75535847,39.66488142,0</coordinates></Point></Placemark><Placemark><name>5G</name><ExtendedData><Data name="CGI"><value>3150100000100018</value></Data><Data name="CELLNAME"><value></value></Data><Data name="CELLID"><value>18</value></Data><Data name="RNC"><value>0</value></Data><Data name="TAC"><value>1</value></Data><Data name="TECHNOLOGY"><value>5G NSA</value></Data><Data name="MODE"><value>5G</value></Data><Data name="ARFCN"><value>644640</value></Data><Data name="BAND"><value>N48</value></Data><Data name="BANDWIDTH"><value></value></Data><Data name="CA"><value>false</value></Data><Data name="NR state"><value></value></Data><Data name="RSRP"><value>-105 dBm</value></Data><Data name="RSRQ"><value>-11</value></Data><Data name="LAYER"><value>1</value></Data><Data name="PC"><value>2</value></Data><Data name="DL_BITRATE"><value>0 kbps</value></Data><Data name="UL_BITRATE"><value>0 kbps</value></Data><Data name="IP"><value>10.120.121.23</value></Data><Data name="SNR"><value>13.0</value></Data><Data name="PHONE STATE"><value>I</value></Data><Data name="IMEI"><value></value></Data><Data name="SPEED"><value>31 km/h</value></Data><Data name="HEIGHT"><value>1m</value></Data><Data name="ALTITUDE"><value>1m</value></Data><Data name="LOCATION"><value>G</value></Data><Data name="ACCURACY"><value>3m</value></Data><Data name="DISTANCE"><value>-1m</value></Data><Data name="SITE BEARING"><value>1000deg</value></Data><Data name="ANTENNA BEARING"><value>1000deg</value></Data><Data name="CELLHEX"><value>12</value></Data><Data name="NODEHEX"><value>0</value></Data><Data name="LACHEX"><value>1</value></Data><Data name="RAWCELLID"><value>18</value></Data><Data name="TIME"><value>2026.08.18_16.48.44</value></Data><Data name="NEI1"><value>TECH:5G CELLID:18 LAC:1 CELL:2 ARFCN:644640 LEVEL:-105 QUAL:-11 </value></Data><Data name="NEI2"><value>TECH:5G CELLID:18 LAC:1 CELL:2 ARFCN:644640 LEVEL:-107 QUAL:-11 </value></Data><Data name="NEI3"><value></value></Data><Data name="NEI4"><value></value></Data><Data name="NEI5"><value></value></Data><Data name="NEI6"><value></value></Data></ExtendedData><Style><LabelStyle><scale>0.0</scale> </LabelStyle><IconStyle><color>FFFF00FF</color><scale>0.5</scale><Icon><href>http://maps.google.com/mapfiles/kml/shapes/shaded_dot.png</href></Icon></IconStyle></Style><Point><coordinates>-75.75534044,39.66472628,0</coordinates></Point></Placemark><Placemark><name>5G</name><ExtendedData><Data name="CGI"><value>3150100000100018</value></Data><Data name="CELLNAME"><value></value></Data><Data name="CELLID"><value>18</value></Data><Data name="RNC"><value>0</value></Data><Data name="TAC"><value>1</value></Data><Data name="TECHNOLOGY"><value>5G NSA</value></Data><Data name="MODE"><value>5G</value></Data><Data name="ARFCN"><value>644640</value></Data><Data name="BAND"><value>N48</value></Data><Data name="BANDWIDTH"><value></value></Data><Data name="CA"><value>false</value></Data><Data name="NR state"><value></value></Data><Data name="RSRP"><value>-105 dBm</value></Data><Data name="RSRQ"><value>-11</value></Data><Data name="LAYER"><value>1</value></Data><Data name="PC"><value>2</value></Data><Data name="DL_BITRATE"><value>0 kbps</value></Data><Data name="UL_BITRATE"><value>0 kbps</value></Data><Data name="IP"><value>10.120.121.23</value></Data><Data name="SNR"><value>13.0</value></Data><Data name="PHONE STATE"><value>I</value></Data><Data name="IMEI"><value></value></Data><Data name="SPEED"><value>32 km/h</value></Data><Data name="HEIGHT"><value>0m</value></Data><Data name="ALTITUDE"><value>0m</value></Data><Data name="LOCATION"><value>G</value></Data><Data name="ACCURACY"><value>3m</value></Data><Data name="DISTANCE"><value>-1m</value></Data><Data name="SITE BEARING"><value>1000deg</value></Data><Data name="ANTENNA BEARING"><value>1000deg</value></Data><Data name="CELLHEX"><value>12</value></Data><Data name="NODEHEX"><value>0</value></Data><Data name="LACHEX"><value>1</value></Data><Data name="RAWCELLID"><value>18</value></Data><Data name="TIME"><value>2026.08.18_16.48.46</value></Data><Data name="NEI1"><value>TECH:5G CELLID:18 LAC:1 CELL:2 ARFCN:644640 LEVEL:-105 QUAL:-11 </value></Data><Data name="NEI2"><value>TECH:5G CELLID:18 LAC:1 CELL:2 ARFCN:644640 LEVEL:-107 QUAL:-11 </value></Data><Data name="NEI3"><value></value></Data><Data name="NEI4"><value></value></Data><Data name="NEI5"><value></value></Data><Data name="NEI6"><value></value></Data></ExtendedData><Style><LabelStyle><scale>0.0</scale> </LabelStyle><IconStyle><color>FFFF00FF</color><scale>0.5</scale><Icon><href>http://maps.google.com/mapfiles/kml/shapes/shaded_dot.png</href></Icon></IconStyle></Style><Point><coordinates>-75.75532262,39.66456186,0</coordinates></Point></Placemark><Placemark><name>5G</name><ExtendedData><Data name="CGI"><value>3150100000100018</value></Data><Data name="CELLNAME"><value></value></Data><Data name="CELLID"><value>18</value></Data><Data name="RNC"><value>0</value></Data><Data name="TAC"><value>1</value></Data><Data name="TECHNOLOGY"><value>5G NSA</value></Data><Data name="MODE"><value>5G</value></Data><Data name="ARFCN"><value>644640</value></Data><Data name="BAND"><value>N48</value></Data><Data name="BANDWIDTH"><value></value></Data><Data name="CA"><value>false</value></Data><Data name="NR state"><value></value></Data><Data name="RSRP"><value>-105 dBm</value></Data><Data name="RSRQ"><value>-11</value></Data><Data name="LAYER"><value>1</value></Data><Data name="PC"><value>2</value></Data><Data name="DL_BITRATE"><value>0 kbps</value></Data><Data name="UL_BITRATE"><value>0 kbps</value></Data><Data name="IP"><value>10.120.121.23</value></Data><Data name="SNR"><value>13.0</value></Data><Data name="PHONE STATE"><value>I</value></Data><Data name="IMEI"><value></value></Data><Data name="SPEED"><value>33 km/h</value></Data><Data name="HEIGHT"><value>0m</value></Data><Data name="ALTITUDE"><value>0m</value></Data><Data name="LOCATION"><value>G</value></Data><Data name="ACCURACY"><value>3m</value></Data><Data name="DISTANCE"><value>-1m</value></Data><Data name="SITE BEARING"><value>1000deg</value></Data><Data name="ANTENNA BEARING"><value>1000deg</value></Data><Data name="CELLHEX"><value>12</value></Data><Data name="NODEHEX"><value>0</value></Data><Data name="LACHEX"><value>1</value></Data><Data name="RAWCELLID"><value>18</value></Data><Data name="TIME"><value>2026.08.18_16.48.48</value></Data><Data name="NEI1"><value>TECH:5G CELLID:18 LAC:1 CELL:2 ARFCN:644640 LEVEL:-105 QUAL:-11 </value></Data><Data name="NEI2"><value>TECH:5G CELLID:18 LAC:1 CELL:2 ARFCN:644640 LEVEL:-107 QUAL:-11 </value></Data><Data name="NEI3"><value></value></Data><Data name="NEI4"><value></value></Data><Data name="NEI5"><value></value></Data><Data name="NEI6"><value></value></Data></ExtendedData><Style><LabelStyle><scale>0.0</scale> </LabelStyle><IconStyle><color>FFFF00FF</color><scale>0.5</scale><Icon><href>http://maps.google.com/mapfiles/kml/shapes/shaded_dot.png</href></Icon></IconStyle></Style><Point><coordinates>-75.75529944,39.66439196,0</coordinates></Point></Placemark><Placemark><name>5G</name><ExtendedData><Data name="CGI"><value>3150100000100018</value></Data><Data name="CELLNAME"><value></value></Data><Data name="CELLID"><value>18</value></Data><Data name="RNC"><value>0</value></Data><Data name="TAC"><value>1</value></Data><Data name="TECHNOLOGY"><value>5G NSA</value></Data><Data name="MODE"><value>5G</value></Data><Data name="ARFCN"><value>644640</value></Data><Data name="BAND"><value>N48</value></Data><Data name="BANDWIDTH"><value></value></Data><Data name="CA"><value>false</value></Data><Data name="NR state"><value></value></Data><Data name="RSRP"><value>-105 dBm</value></Data><Data name="RSRQ"><value>-11</value></Data><Data name="LAYER"><value>1</value></Data><Data name="PC"><value>2</value></Data><Data name="DL_BITRATE"><value>0 kbps</value></Data><Data name="UL_BITRATE"><value>0 kbps</value></Data><Data name="IP"><value>10.120.121.23</value></Data><Data name="SNR"><value>13.0</value></Data><Data name="PHONE STATE"><value>I</value></Data><Data name="IMEI"><value></value></Data><Data name="SPEED"><value>32 km/h</value></Data><Data name="HEIGHT"><value>1m</value></Data><Data name="ALTITUDE"><value>1m</value></Data><Data name="LOCATION"><value>G</value></Data><Data name="ACCURACY"><value>3m</value></Data><Data name="DISTANCE"><value>-1m</value></Data><Data name="SITE BEARING"><value>1000deg</value></Data><Data name="ANTENNA BEARING"><value>1000deg</value></Data><Data name="CELLHEX"><value>12</value></Data><Data name="NODEHEX"><value>0</value></Data><Data name="LACHEX"><value>1</value></Data><Data name="RAWCELLID"><value>18</value></Data><Data name="TIME"><value>2026.08.18_16.48.50</value></Data><Data name="NEI1"><value>TECH:5G CELLID:18 LAC:1 CELL:2 ARFCN:644640 LEVEL:-105 QUAL:-11 </value></Data><Data name="NEI2"><value>TECH:5G CELLID:18 LAC:1 CELL:2 ARFCN:644640 LEVEL:-107 QUAL:-11 </value></Data><Data name="NEI3"><value></value></Data><Data name="NEI4"><value></value></Data><Data name="NEI5"><value></value></Data><Data name="NEI6"><value></value></Data></ExtendedData><Style><LabelStyle><scale>0.0</scale> </LabelStyle><IconStyle><color>FFFF00FF</color><scale>0.5</scale><Icon><href>http://maps.google.com/mapfiles/kml/shapes/shaded_dot.png</href></Icon></IconStyle></Style><Point><coordinates>-75.75527503,39.66422436,0</coordinates></Point></Placemark><Placemark><name>5G</name><ExtendedData><Data name="CGI"><value>3150100000100018</value></Data><Data name="CELLNAME"><value></value></Data><Data name="CELLID"><value>18</value></Data><Data name="RNC"><value>0</value></Data><Data name="TAC"><value>1</value></Data><Data name="TECHNOLOGY"><value>5G NSA</value></Data><Data name="MODE"><value>5G</value></Data><Data name="ARFCN"><value>644640</value></Data><Data name="BAND"><value>N48</value></Data><Data name="BANDWIDTH"><value></value></Data><Data name="CA"><value>false</value></Data><Data name="NR state"><value></value></Data><Data name="RSRP"><value>-105 dBm</value></Data><Data name="RSRQ"><value>-11</value></Data><Data name="LAYER"><value>1</value></Data><Data name="PC"><value>2</value></Data><Data name="DL_BITRATE"><value>0 kbps</value></Data><Data name="UL_BITRATE"><value>0 kbps</value></Data><Data name="IP"><value>10.120.121.23</value></Data><Data name="SNR"><value>13.0</value></Data><Data name="PHONE STATE"><value>I</value></Data><Data name="IMEI"><value></value></Data><Data name="SPEED"><value>28 km/h</value></Data><Data name="HEIGHT"><value>0m</value></Data><Data name="ALTITUDE"><value>0m</value></Data><Data name="LOCATION"><value>G</value></Data><Data name="ACCURACY"><value>3m</value></Data><Data name="DISTANCE"><value>-1m</value></Data><Data name="SITE BEARING"><value>1000deg</value></Data><Data name="ANTENNA BEARING"><value>1000deg</value></Data><Data name="CELLHEX"><value>12</value></Data><Data name="NODEHEX"><value>0</value></Data><Data name="LACHEX"><value>1</value></Data><Data name="RAWCELLID"><value>18</value></Data><Data name="TIME"><value>2026.08.18_16.48.52</value></Data><Data name="NEI1"><value>TECH:5G CELLID:18 LAC:1 CELL:2 ARFCN:644640 LEVEL:-105 QUAL:-11 </value></Data><Data name="NEI2"><value>TECH:5G CELLID:18 LAC:1 CELL:2 ARFCN:644640 LEVEL:-107 QUAL:-11 </value></Data><Data name="NEI3"><value></value></Data><Data name="NEI4"><value></value></Data><Data name="NEI5"><value></value></Data><Data name="NEI6"><value></value></Data></ExtendedData><Style><LabelStyle><scale>0.0</scale> </LabelStyle><IconStyle><color>FFFF00FF</color><scale>0.5</scale><Icon><href>http://maps.google.com/mapfiles/kml/shapes/shaded_dot.png</href></Icon></IconStyle></Style><Point><coordinates>-75.75525786,39.66407869,0</coordinates></Point></Placemark><Placemark><name>5G</name><ExtendedData><Data name="CGI"><value>3150100000100018</value></Data><Data name="CELLNAME"><value></value></Data><Data name="CELLID"><value>18</value></Data><Data name="RNC"><value>0</value></Data><Data name="TAC"><value>1</value></Data><Data name="TECHNOLOGY"><value>5G NSA</value></Data><Data name="MODE"><value>5G</value></Data><Data name="ARFCN"><value>644640</value></Data><Data name="BAND"><value>N48</value></Data><Data name="BANDWIDTH"><value></value></Data><Data name="CA"><value>false</value></Data><Data name="NR state"><value></value></Data><Data name="RSRP"><value>-105 dBm</value></Data><Data name="RSRQ"><value>-11</value></Data><Data name="LAYER"><value>1</value></Data><Data name="PC"><value>2</value></Data><Data name="DL_BITRATE"><value>0 kbps</value></Data><Data name="UL_BITRATE"><value>0 kbps</value></Data><Data name="IP"><value>10.120.121.23</value></Data><Data name="SNR"><value>13.0</value></Data><Data name="PHONE STATE"><value>I</value></Data><Data name="IMEI"><value></value></Data><Data name="SPEED"><value>25 km/h</value></Data><Data name="HEIGHT"><value>0m</value></Data><Data name="ALTITUDE"><value>0m</value></Data><Data name="LOCATION"><value>G</value></Data><Data name="ACCURACY"><value>3m</value></Data><Data name="DISTANCE"><value>-1m</value></Data><Data name="SITE BEARING"><value>1000deg</value></Data><Data name="ANTENNA BEARING"><value>1000deg</value></Data><Data name="CELLHEX"><value>12</value></Data><Data name="NODEHEX"><value>0</value></Data><Data name="LACHEX"><value>1</value></Data><Data name="RAWCELLID"><value>18</value></Data><Data name="TIME"><value>2026.08.18_16.48.54</value></Data><Data name="NEI1"><value>TECH:5G CELLID:18 LAC:1 CELL:2 ARFCN:644640 LEVEL:-105 QUAL:-11 </value></Data><Data name="NEI2"><value>TECH:5G CELLID:18 LAC:1 CELL:2 ARFCN:644640 LEVEL:-107 QUAL:-11 </value></Data><Data name="NEI3"><value></value></Data><Data name="NEI4"><value></value></Data><Data name="NEI5"><value></value></Data><Data name="NEI6"><value></value></Data></ExtendedData><Style><LabelStyle><scale>0.0</scale> </LabelStyle><IconStyle><color>FFFF00FF</color><scale>0.5</scale><Icon><href>http://maps.google.com/mapfiles/kml/shapes/shaded_dot.png</href></Icon></IconStyle></Style><Point><coordinates>-75.75524526,39.66394165,0</coordinates></Point></Placemark><Placemark><name>5G</name><ExtendedData><Data name="CGI"><value>3150100000100018</value></Data><Data name="CELLNAME"><value></value></Data><Data name="CELLID"><value>18</value></Data><Data name="RNC"><value>0</value></Data><Data name="TAC"><value>1</value></Data><Data name="TECHNOLOGY"><value>5G NSA</value></Data><Data name="MODE"><value>5G</value></Data><Data name="ARFCN"><value>644640</value></Data><Data name="BAND"><value>N48</value></Data><Data name="BANDWIDTH"><value></value></Data><Data name="CA"><value>false</value></Data><Data name="NR state"><value></value></Data><Data name="RSRP"><value>-105 dBm</value></Data><Data name="RSRQ"><value>-11</value></Data><Data name="LAYER"><value>1</value></Data><Data name="PC"><value>2</value></Data><Data name="DL_BITRATE"><value>0 kbps</value></Data><Data name="UL_BITRATE"><value>0 kbps</value></Data><Data name="IP"><value>10.120.121.23</value></Data><Data name="SNR"><value>13.0</value></Data><Data name="PHONE STATE"><value>I</value></Data><Data name="IMEI"><value></value></Data><Data name="SPEED"><value>15 km/h</value></Data><Data name="HEIGHT"><value>0m</value></Data><Data name="ALTITUDE"><value>0m</value></Data><Data name="LOCATION"><value>G</value></Data><Data name="ACCURACY"><value>3m</value></Data><Data name="DISTANCE"><value>-1m</value></Data><Data name="SITE BEARING"><value>1000deg</value></Data><Data name="ANTENNA BEARING"><value>1000deg</value></Data><Data name="CELLHEX"><value>12</value></Data><Data name="NODEHEX"><value>0</value></Data><Data name="LACHEX"><value>1</value></Data><Data name="RAWCELLID"><value>18</value></Data><Data name="TIME"><value>2026.08.18_16.48.56</value></Data><Data name="NEI1"><value>TECH:5G CELLID:18 LAC:1 CELL:2 ARFCN:644640 LEVEL:-105 QUAL:-11 </value></Data><Data name="NEI2"><value>TECH:5G CELLID:18 LAC:1 CELL:2 ARFCN:644640 LEVEL:-107 QUAL:-11 </value></Data><Data name="NEI3"><value></value></Data><Data name="NEI4"><value></value></Data><Data name="NEI5"><value></value></Data><Data name="NEI6"><value></value></Data></ExtendedData><Style><LabelStyle><scale>0.0</scale> </LabelStyle><IconStyle><color>FFFF00FF</color><scale>0.5</scale><Icon><href>http://maps.google.com/mapfiles/kml/shapes/shaded_dot.png</href></Icon></IconStyle></Style><Point><coordinates>-75.7552351,39.6638492,0</coordinates></Point></Placemark><Placemark><name>5G</name><ExtendedData><Data name="CGI"><value>3150100000100018</value></Data><Data name="CELLNAME"><value></value></Data><Data name="CELLID"><value>18</value></Data><Data name="RNC"><value>0</value></Data><Data name="TAC"><value>1</value></Data><Data name="TECHNOLOGY"><value>5G NSA</value></Data><Data name="MODE"><value>5G</value></Data><Data name="ARFCN"><value>644640</value></Data><Data name="BAND"><value>N48</value></Data><Data name="BANDWIDTH"><value></value></Data><Data name="CA"><value>false</value></Data><Data name="NR state"><value></value></Data><Data name="RSRP"><value>-105 dBm</value></Data><Data name="RSRQ"><value>-11</value></Data><Data name="LAYER"><value>1</value></Data><Data name="PC"><value>2</value></Data><Data name="DL_BITRATE"><value>0 kbps</value></Data><Data name="UL_BITRATE"><value>0 kbps</value></Data><Data name="IP"><value>10.120.121.23</value></Data><Data name="SNR"><value>13.0</value></Data><Data name="PHONE STATE"><value>I</value></Data><Data name="IMEI"><value></value></Data><Data name="SPEED"><value>10 km/h</value></Data><Data name="HEIGHT"><value>0m</value></Data><Data name="ALTITUDE"><value>0m</value></Data><Data name="LOCATION"><value>G</value></Data><Data name="ACCURACY"><value>3m</value></Data><Data name="DISTANCE"><value>-1m</value></Data><Data name="SITE BEARING"><value>1000deg</value></Data><Data name="ANTENNA BEARING"><value>1000deg</value></Data><Data name="CELLHEX"><value>12</value></Data><Data name="NODEHEX"><value>0</value></Data><Data name="LACHEX"><value>1</value></Data><Data name="RAWCELLID"><value>18</value></Data><Data name="TIME"><value>2026.08.18_16.49.01</value></Data><Data name="NEI1"><value>TECH:5G CELLID:18 LAC:1 CELL:2 ARFCN:644640 LEVEL:-105 QUAL:-11 </value></Data><Data name="NEI2"><value>TECH:5G CELLID:18 LAC:1 CELL:2 ARFCN:644640 LEVEL:-107 QUAL:-11 </value></Data><Data name="NEI3"><value></value></Data><Data name="NEI4"><value></value></Data><Data name="NEI5"><value></value></Data><Data name="NEI6"><value></value></Data></ExtendedData><Style><LabelStyle><scale>0.0</scale> </LabelStyle><IconStyle><color>FFFF00FF</color><scale>0.5</scale><Icon><href>http://maps.google.com/mapfiles/kml/shapes/shaded_dot.png</href></Icon></IconStyle></Style><Point><coordinates>-75.7553427,39.66379006,0</coordinates></Point></Placemark><Placemark><name>5G</name><ExtendedData><Data name="CGI"><value>3150100000100018</value></Data><Data name="CELLNAME"><value></value></Data><Data name="CELLID"><value>18</value></Data><Data name="RNC"><value>0</value></Data><Data name="TAC"><value>1</value></Data><Data name="TECHNOLOGY"><value>5G NSA</value></Data><Data name="MODE"><value>5G</value></Data><Data name="ARFCN"><value>644640</value></Data><Data name="BAND"><value>N48</value></Data><Data name="BANDWIDTH"><value></value></Data><Data name="CA"><value>false</value></Data><Data name="NR state"><value></value></Data><Data name="RSRP"><value>-105 dBm</value></Data><Data name="RSRQ"><value>-11</value></Data><Data name="LAYER"><value>1</value></Data><Data name="PC"><value>2</value></Data><Data name="DL_BITRATE"><value>0 kbps</value></Data><Data name="UL_BITRATE"><value>0 kbps</value></Data><Data name="IP"><value>10.120.121.23</value></Data><Data name="SNR"><value>13.0</value></Data><Data name="PHONE STATE"><value>I</value></Data><Data name="IMEI"><value></value></Data><Data name="SPEED"><value>12 km/h</value></Data><Data name="HEIGHT"><value>1m</value></Data><Data name="ALTITUDE"><value>1m</value></Data><Data name="LOCATION"><value>G</value></Data><Data name="ACCURACY"><value>3m</value></Data><Data name="DISTANCE"><value>-1m</value></Data><Data name="SITE BEARING"><value>1000deg</value></Data><Data name="ANTENNA BEARING"><value>1000deg</value></Data><Data name="CELLHEX"><value>12</value></Data><Data name="NODEHEX"><value>0</value></Data><Data name="LACHEX"><value>1</value></Data><Data name="RAWCELLID"><value>18</value></Data><Data name="TIME"><value>2026.08.18_16.49.05</value></Data><Data name="NEI1"><value>TECH:5G CELLID:18 LAC:1 CELL:2 ARFCN:644640 LEVEL:-105 QUAL:-11 </value></Data><Data name="NEI2"><value>TECH:5G CELLID:18 LAC:1 CELL:2 ARFCN:644640 LEVEL:-107 QUAL:-11 </value></Data><Data name="NEI3"><value></value></Data><Data name="NEI4"><value></value></Data><Data name="NEI5"><value></value></Data><Data name="NEI6"><value></value></Data></ExtendedData><Style><LabelStyle><scale>0.0</scale> </LabelStyle><IconStyle><color>FFFF00FF</color><scale>0.5</scale><Icon><href>http://maps.google.com/mapfiles/kml/shapes/shaded_dot.png</href></Icon></IconStyle></Style><Point><coordinates>-75.75548953,39.66380874,0</coordinates></Point></Placemark><Placemark><name>5G</name><ExtendedData><Data name="CGI"><value>3150100000100018</value></Data><Data name="CELLNAME"><value></value></Data><Data name="CELLID"><value>18</value></Data><Data name="RNC"><value>0</value></Data><Data name="TAC"><value>1</value></Data><Data name="TECHNOLOGY"><value>5G NSA</value></Data><Data name="MODE"><value>5G</value></Data><Data name="ARFCN"><value>644640</value></Data><Data name="BAND"><value>N48</value></Data><Data name="BANDWIDTH"><value></value></Data><Data name="CA"><value>false</value></Data><Data name="NR state"><value></value></Data><Data name="RSRP"><value>-105 dBm</value></Data><Data name="RSRQ"><value>-11</value></Data><Data name="LAYER"><value>1</value></Data><Data name="PC"><value>2</value></Data><Data name="DL_BITRATE"><value>0 kbps</value></Data><Data name="UL_BITRATE"><value>0 kbps</value></Data><Data name="IP"><value>10.120.121.23</value></Data><Data name="SNR"><value>13.0</value></Data><Data name="PHONE STATE"><value>I</value></Data><Data name="IMEI"><value></value></Data><Data name="SPEED"><value>14 km/h</value></Data><Data name="HEIGHT"><value>0m</value></Data><Data name="ALTITUDE"><value>0m</value></Data><Data name="LOCATION"><value>G</value></Data><Data name="ACCURACY"><value>3m</value></Data><Data name="DISTANCE"><value>-1m</value></Data><Data name="SITE BEARING"><value>1000deg</value></Data><Data name="ANTENNA BEARING"><value>1000deg</value></Data><Data name="CELLHEX"><value>12</value></Data><Data name="NODEHEX"><value>0</value></Data><Data name="LACHEX"><value>1</value></Data><Data name="RAWCELLID"><value>18</value></Data><Data name="TIME"><value>2026.08.18_16.49.08</value></Data><Data name="NEI1"><value>TECH:5G CELLID:18 LAC:1 CELL:2 ARFCN:644640 LEVEL:-105 QUAL:-11 </value></Data><Data name="NEI2"><value>TECH:5G CELLID:18 LAC:1 CELL:2 ARFCN:644640 LEVEL:-107 QUAL:-11 </value></Data><Data name="NEI3"><value></value></Data><Data name="NEI4"><value></value></Data><Data name="NEI5"><value></value></Data><Data name="NEI6"><value></value></Data></ExtendedData><Style><LabelStyle><scale>0.0</scale> </LabelStyle><IconStyle><color>FFFF00FF</color><scale>0.5</scale><Icon><href>http://maps.google.com/mapfiles/kml/shapes/shaded_dot.png</href></Icon></IconStyle></Style><Point><coordinates>-75.75553702,39.66391494,0</coordinates></Point></Placemark><Placemark><name>5G</name><ExtendedData><Data name="CGI"><value>3150100000100018</value></Data><Data name="CELLNAME"><value></value></Data><Data name="CELLID"><value>18</value></Data><Data name="RNC"><value>0</value></Data><Data name="TAC"><value>1</value></Data><Data name="TECHNOLOGY"><value>5G NSA</value></Data><Data name="MODE"><value>5G</value></Data><Data name="ARFCN"><value>644640</value></Data><Data name="BAND"><value>N48</value></Data><Data name="BANDWIDTH"><value></value></Data><Data name="CA"><value>false</value></Data><Data name="NR state"><value></value></Data><Data name="RSRP"><value>-105 dBm</value></Data><Data name="RSRQ"><value>-11</value></Data><Data name="LAYER"><value>1</value></Data><Data name="PC"><value>2</value></Data><Data name="DL_BITRATE"><value>0 kbps</value></Data><Data name="UL_BITRATE"><value>0 kbps</value></Data><Data name="IP"><value>10.120.121.23</value></Data><Data name="SNR"><value>13.0</value></Data><Data name="PHONE STATE"><value>I</value></Data><Data name="IMEI"><value></value></Data><Data name="SPEED"><value>13 km/h</value></Data><Data name="HEIGHT"><value>1m</value></Data><Data name="ALTITUDE"><value>1m</value></Data><Data name="LOCATION"><value>G</value></Data><Data name="ACCURACY"><value>3m</value></Data><Data name="DISTANCE"><value>-1m</value></Data><Data name="SITE BEARING"><value>1000deg</value></Data><Data name="ANTENNA BEARING"><value>1000deg</value></Data><Data name="CELLHEX"><value>12</value></Data><Data name="NODEHEX"><value>0</value></Data><Data name="LACHEX"><value>1</value></Data><Data name="RAWCELLID"><value>18</value></Data><Data name="TIME"><value>2026.08.18_16.49.18</value></Data><Data name="NEI1"><value>TECH:5G CELLID:18 LAC:1 CELL:2 ARFCN:644640 LEVEL:-105 QUAL:-11 </value></Data><Data name="NEI2"><value>TECH:5G CELLID:18 LAC:1 CELL:2 ARFCN:644640 LEVEL:-107 QUAL:-11 </value></Data><Data name="NEI3"><value></value></Data><Data name="NEI4"><value></value></Data><Data name="NEI5"><value></value></Data><Data name="NEI6"><value></value></Data></ExtendedData><Style><LabelStyle><scale>0.0</scale> </LabelStyle><IconStyle><color>FFFF00FF</color><scale>0.5</scale><Icon><href>http://maps.google.com/mapfiles/kml/shapes/shaded_dot.png</href></Icon></IconStyle></Style><Point><coordinates>-75.75556615,39.66402642,0</coordinates></Point></Placemark><Placemark><name>5G</name><ExtendedData><Data name="CGI"><value>3150100000100018</value></Data><Data name="CELLNAME"><value></value></Data><Data name="CELLID"><value>18</value></Data><Data name="RNC"><value>0</value></Data><Data name="TAC"><value>1</value></Data><Data name="TECHNOLOGY"><value>5G SA</value></Data><Data name="MODE"><value>5G</value></Data><Data name="ARFCN"><value>644640</value></Data><Data name="BAND"><value>N48</value></Data><Data name="BANDWIDTH"><value></value></Data><Data name="CA"><value>false</value></Data><Data name="NR state"><value></value></Data><Data name="RSRP"><value>-105 dBm</value></Data><Data name="RSRQ"><value>-11</value></Data><Data name="LAYER"><value>1</value></Data><Data name="PC"><value>2</value></Data><Data name="DL_BITRATE"><value>0 kbps</value></Data><Data name="UL_BITRATE"><value>0 kbps</value></Data><Data name="IP"><value></value></Data><Data name="SNR"><value>13.0</value></Data><Data name="PHONE STATE"><value>I</value></Data><Data name="IMEI"><value></value></Data><Data name="SPEED"><value>20 km/h</value></Data><Data name="HEIGHT"><value>2m</value></Data><Data name="ALTITUDE"><value>2m</value></Data><Data name="LOCATION"><value>G</value></Data><Data name="ACCURACY"><value>3m</value></Data><Data name="DISTANCE"><value>-1m</value></Data><Data name="SITE BEARING"><value>1000deg</value></Data><Data name="ANTENNA BEARING"><value>1000deg</value></Data><Data name="CELLHEX"><value>12</value></Data><Data name="NODEHEX"><value>0</value></Data><Data name="LACHEX"><value>1</value></Data><Data name="RAWCELLID"><value>18</value></Data><Data name="TIME"><value>2026.08.18_16.49.20</value></Data><Data name="NEI1"><value>TECH:5G CELLID:18 LAC:1 CELL:2 ARFCN:644640 LEVEL:-105 QUAL:-11 </value></Data><Data name="NEI2"><value></value></Data><Data name="NEI3"><value></value></Data><Data name="NEI4"><value></value></Data><Data name="NEI5"><value></value></Data><Data name="NEI6"><value></value></Data></ExtendedData><Style><LabelStyle><scale>0.0</scale> </LabelStyle><IconStyle><color>FF880088</color><scale>0.5</scale><Icon><href>http://maps.google.com/mapfiles/kml/shapes/shaded_dot.png</href></Icon></IconStyle></Style><Point><coordinates>-75.75568865,39.66405455,0</coordinates></Point></Placemark><Placemark><name>5G</name><ExtendedData><Data name="CGI"><value>3150100000100018</value></Data><Data name="CELLNAME"><value></value></Data><Data name="CELLID"><value>18</value></Data><Data name="RNC"><value>0</value></Data><Data name="TAC"><value>1</value></Data><Data name="TECHNOLOGY"><value>5G SA</value></Data><Data name="MODE"><value>5G</value></Data><Data name="ARFCN"><value>644640</value></Data><Data name="BAND"><value>N48</value></Data><Data name="BANDWIDTH"><value></value></Data><Data name="CA"><value>false</value></Data><Data name="NR state"><value></value></Data><Data name="RSRP"><value>-105 dBm</value></Data><Data name="RSRQ"><value>-11</value></Data><Data name="LAYER"><value>1</value></Data><Data name="PC"><value>2</value></Data><Data name="DL_BITRATE"><value>0 kbps</value></Data><Data name="UL_BITRATE"><value>0 kbps</value></Data><Data name="IP"><value></value></Data><Data name="SNR"><value>13.0</value></Data><Data name="PHONE STATE"><value>I</value></Data><Data name="IMEI"><value></value></Data><Data name="SPEED"><value>24 km/h</value></Data><Data name="HEIGHT"><value>1m</value></Data><Data name="ALTITUDE"><value>1m</value></Data><Data name="LOCATION"><value>G</value></Data><Data name="ACCURACY"><value>3m</value></Data><Data name="DISTANCE"><value>-1m</value></Data><Data name="SITE BEARING"><value>1000deg</value></Data><Data name="ANTENNA BEARING"><value>1000deg</value></Data><Data name="CELLHEX"><value>12</value></Data><Data name="NODEHEX"><value>0</value></Data><Data name="LACHEX"><value>1</value></Data><Data name="RAWCELLID"><value>18</value></Data><Data name="TIME"><value>2026.08.18_16.49.22</value></Data><Data name="NEI1"><value>TECH:5G CELLID:18 LAC:1 CELL:2 ARFCN:644640 LEVEL:-105 QUAL:-11 </value></Data><Data name="NEI2"><value></value></Data><Data name="NEI3"><value></value></Data><Data name="NEI4"><value></value></Data><Data name="NEI5"><value></value></Data><Data name="NEI6"><value></value></Data></ExtendedData><Style><LabelStyle><scale>0.0</scale> </LabelStyle><IconStyle><color>FF880088</color><scale>0.5</scale><Icon><href>http://maps.google.com/mapfiles/kml/shapes/shaded_dot.png</href></Icon></IconStyle></Style><Point><coordinates>-75.75583988,39.66404387,0</coordinates></Point></Placemark><Placemark><name>5G</name><ExtendedData><Data name="CGI"><value>3150100000100018</value></Data><Data name="CELLNAME"><value></value></Data><Data name="CELLID"><value>18</value></Data><Data name="RNC"><value>0</value></Data><Data name="TAC"><value>1</value></Data><Data name="TECHNOLOGY"><value>5G SA</value></Data><Data name="MODE"><value>5G</value></Data><Data name="ARFCN"><value>644640</value></Data><Data name="BAND"><value>N48</value></Data><Data name="BANDWIDTH"><value></value></Data><Data name="CA"><value>false</value></Data><Data name="NR state"><value></value></Data><Data name="RSRP"><value>-105 dBm</value></Data><Data name="RSRQ"><value>-11</value></Data><Data name="LAYER"><value>1</value></Data><Data name="PC"><value>2</value></Data><Data name="DL_BITRATE"><value>0 kbps</value></Data><Data name="UL_BITRATE"><value>0 kbps</value></Data><Data name="IP"><value></value></Data><Data name="SNR"><value>13.0</value></Data><Data name="PHONE STATE"><value>I</value></Data><Data name="IMEI"><value></value></Data><Data name="SPEED"><value>24 km/h</value></Data><Data name="HEIGHT"><value>1m</value></Data><Data name="ALTITUDE"><value>1m</value></Data><Data name="LOCATION"><value>G</value></Data><Data name="ACCURACY"><value>3m</value></Data><Data name="DISTANCE"><value>-1m</value></Data><Data name="SITE BEARING"><value>1000deg</value></Data><Data name="ANTENNA BEARING"><value>1000deg</value></Data><Data name="CELLHEX"><value>12</value></Data><Data name="NODEHEX"><value>0</value></Data><Data name="LACHEX"><value>1</value></Data><Data name="RAWCELLID"><value>18</value></Data><Data name="TIME"><value>2026.08.18_16.49.24</value></Data><Data name="NEI1"><value>TECH:5G CELLID:18 LAC:1 CELL:2 ARFCN:644640 LEVEL:-105 QUAL:-11 </value></Data><Data name="NEI2"><value></value></Data><Data name="NEI3"><value></value></Data><Data name="NEI4"><value></value></Data><Data name="NEI5"><value></value></Data><Data name="NEI6"><value></value></Data></ExtendedData><Style><LabelStyle><scale>0.0</scale> </LabelStyle><IconStyle><color>FF880088</color><scale>0.5</scale><Icon><href>http://maps.google.com/mapfiles/kml/shapes/shaded_dot.png</href></Icon></IconStyle></Style><Point><coordinates>-75.75600301,39.66402838,0</coordinates></Point></Placemark><Placemark><name>5G</name><ExtendedData><Data name="CGI"><value>3150100000100018</value></Data><Data name="CELLNAME"><value></value></Data><Data name="CELLID"><value>18</value></Data><Data name="RNC"><value>0</value></Data><Data name="TAC"><value>1</value></Data><Data name="TECHNOLOGY"><value>5G SA</value></Data><Data name="MODE"><value>5G</value></Data><Data name="ARFCN"><value>644640</value></Data><Data name="BAND"><value>N48</value></Data><Data name="BANDWIDTH"><value></value></Data><Data name="CA"><value>false</value></Data><Data name="NR state"><value></value></Data><Data name="RSRP"><value>-105 dBm</value></Data><Data name="RSRQ"><value>-11</value></Data><Data name="LAYER"><value>1</value></Data><Data name="PC"><value>2</value></Data><Data name="DL_BITRATE"><value>0 kbps</value></Data><Data name="UL_BITRATE"><value>0 kbps</value></Data><Data name="IP"><value></value></Data><Data name="SNR"><value>13.0</value></Data><Data name="PHONE STATE"><value>I</value></Data><Data name="IMEI"><value></value></Data><Data name="SPEED"><value>21 km/h</value></Data><Data name="HEIGHT"><value>1m</value></Data><Data name="ALTITUDE"><value>1m</value></Data><Data name="LOCATION"><value>G</value></Data><Data name="ACCURACY"><value>3m</value></Data><Data name="DISTANCE"><value>-1m</value></Data><Data name="SITE BEARING"><value>1000deg</value></Data><Data name="ANTENNA BEARING"><value>1000deg</value></Data><Data name="CELLHEX"><value>12</value></Data><Data name="NODEHEX"><value>0</value></Data><Data name="LACHEX"><value>1</value></Data><Data name="RAWCELLID"><value>18</value></Data><Data name="TIME"><value>2026.08.18_16.49.26</value></Data><Data name="NEI1"><value>TECH:5G CELLID:18 LAC:1 CELL:2 ARFCN:644640 LEVEL:-105 QUAL:-11 </value></Data><Data name="NEI2"><value></value></Data><Data name="NEI3"><value></value></Data><Data name="NEI4"><value></value></Data><Data name="NEI5"><value></value></Data><Data name="NEI6"><value></value></Data></ExtendedData><Style><LabelStyle><scale>0.0</scale> </LabelStyle><IconStyle><color>FF880088</color><scale>0.5</scale><Icon><href>http://maps.google.com/mapfiles/kml/shapes/shaded_dot.png</href></Icon></IconStyle></Style><Point><coordinates>-75.75614873,39.66399086,0</coordinates></Point></Placemark><Placemark><name>5G</name><ExtendedData><Data name="CGI"><value>3150100000100018</value></Data><Data name="CELLNAME"><value></value></Data><Data name="CELLID"><value>18</value></Data><Data name="RNC"><value>0</value></Data><Data name="TAC"><value>1</value></Data><Data name="TECHNOLOGY"><value>5G SA</value></Data><Data name="MODE"><value>5G</value></Data><Data name="ARFCN"><value>644640</value></Data><Data name="BAND"><value>N48</value></Data><Data name="BANDWIDTH"><value></value></Data><Data name="CA"><value>false</value></Data><Data name="NR state"><value></value></Data><Data name="RSRP"><value>-105 dBm</value></Data><Data name="RSRQ"><value>-11</value></Data><Data name="LAYER"><value>1</value></Data><Data name="PC"><value>2</value></Data><Data name="DL_BITRATE"><value>0 kbps</value></Data><Data name="UL_BITRATE"><value>0 kbps</value></Data><Data name="IP"><value></value></Data><Data name="SNR"><value>13.0</value></Data><Data name="PHONE STATE"><value>I</value></Data><Data name="IMEI"><value></value></Data><Data name="SPEED"><value>19 km/h</value></Data><Data name="HEIGHT"><value>1m</value></Data><Data name="ALTITUDE"><value>1m</value></Data><Data name="LOCATION"><value>G</value></Data><Data name="ACCURACY"><value>3m</value></Data><Data name="DISTANCE"><value>-1m</value></Data><Data name="SITE BEARING"><value>1000deg</value></Data><Data name="ANTENNA BEARING"><value>1000deg</value></Data><Data name="CELLHEX"><value>12</value></Data><Data name="NODEHEX"><value>0</value></Data><Data name="LACHEX"><value>1</value></Data><Data name="RAWCELLID"><value>18</value></Data><Data name="TIME"><value>2026.08.18_16.49.28</value></Data><Data name="NEI1"><value>TECH:5G CELLID:18 LAC:1 CELL:2 ARFCN:644640 LEVEL:-105 QUAL:-11 </value></Data><Data name="NEI2"><value></value></Data><Data name="NEI3"><value></value></Data><Data name="NEI4"><value></value></Data><Data name="NEI5"><value></value></Data><Data name="NEI6"><value></value></Data></ExtendedData><Style><LabelStyle><scale>0.0</scale> </LabelStyle><IconStyle><color>FF880088</color><scale>0.5</scale><Icon><href>http://maps.google.com/mapfiles/kml/shapes/shaded_dot.png</href></Icon></IconStyle></Style><Point><coordinates>-75.75621864,39.66390953,0</coordinates></Point></Placemark><Placemark><name>5G</name><ExtendedData><Data name="CGI"><value>3150100000100018</value></Data><Data name="CELLNAME"><value></value></Data><Data name="CELLID"><value>18</value></Data><Data name="RNC"><value>0</value></Data><Data name="TAC"><value>1</value></Data><Data name="TECHNOLOGY"><value>5G SA</value></Data><Data name="MODE"><value>5G</value></Data><Data name="ARFCN"><value>644640</value></Data><Data name="BAND"><value>N48</value></Data><Data name="BANDWIDTH"><value></value></Data><Data name="CA"><value>false</value></Data><Data name="NR state"><value></value></Data><Data name="RSRP"><value>-105 dBm</value></Data><Data name="RSRQ"><value>-11</value></Data><Data name="LAYER"><value>1</value></Data><Data name="PC"><value>2</value></Data><Data name="DL_BITRATE"><value>0 kbps</value></Data><Data name="UL_BITRATE"><value>0 kbps</value></Data><Data name="IP"><value></value></Data><Data name="SNR"><value>13.0</value></Data><Data name="PHONE STATE"><value>I</value></Data><Data name="IMEI"><value></value></Data><Data name="SPEED"><value>20 km/h</value></Data><Data name="HEIGHT"><value>1m</value></Data><Data name="ALTITUDE"><value>1m</value></Data><Data name="LOCATION"><value>G</value></Data><Data name="ACCURACY"><value>3m</value></Data><Data name="DISTANCE"><value>-1m</value></Data><Data name="SITE BEARING"><value>1000deg</value></Data><Data name="ANTENNA BEARING"><value>1000deg</value></Data><Data name="CELLHEX"><value>12</value></Data><Data name="NODEHEX"><value>0</value></Data><Data name="LACHEX"><value>1</value></Data><Data name="RAWCELLID"><value>18</value></Data><Data name="TIME"><value>2026.08.18_16.49.30</value></Data><Data name="NEI1"><value>TECH:5G CELLID:18 LAC:1 CELL:2 ARFCN:644640 LEVEL:-105 QUAL:-11 </value></Data><Data name="NEI2"><value></value></Data><Data name="NEI3"><value></value></Data><Data name="NEI4"><value></value></Data><Data name="NEI5"><value></value></Data><Data name="NEI6"><value></value></Data></ExtendedData><Style><LabelStyle><scale>0.0</scale> </LabelStyle><IconStyle><color>FF880088</color><scale>0.5</scale><Icon><href>http://maps.google.com/mapfiles/kml/shapes/shaded_dot.png</href></Icon></IconStyle></Style><Point><coordinates>-75.7562124,39.6638019,0</coordinates></Point></Placemark><Placemark><name>5G</name><ExtendedData><Data name="CGI"><value>3150100000100018</value></Data><Data name="CELLNAME"><value></value></Data><Data name="CELLID"><value>18</value></Data><Data name="RNC"><value>0</value></Data><Data name="TAC"><value>1</value></Data><Data name="TECHNOLOGY"><value>5G SA</value></Data><Data name="MODE"><value>5G</value></Data><Data name="ARFCN"><value>644640</value></Data><Data name="BAND"><value>N48</value></Data><Data name="BANDWIDTH"><value></value></Data><Data name="CA"><value>false</value></Data><Data name="NR state"><value></value></Data><Data name="RSRP"><value>-105 dBm</value></Data><Data name="RSRQ"><value>-11</value></Data><Data name="LAYER"><value>1</value></Data><Data name="PC"><value>2</value></Data><Data name="DL_BITRATE"><value>0 kbps</value></Data><Data name="UL_BITRATE"><value>0 kbps</value></Data><Data name="IP"><value></value></Data><Data name="SNR"><value>13.0</value></Data><Data name="PHONE STATE"><value>I</value></Data><Data name="IMEI"><value></value></Data><Data name="SPEED"><value>18 km/h</value></Data><Data name="HEIGHT"><value>0m</value></Data><Data name="ALTITUDE"><value>0m</value></Data><Data name="LOCATION"><value>G</value></Data><Data name="ACCURACY"><value>3m</value></Data><Data name="DISTANCE"><value>-1m</value></Data><Data name="SITE BEARING"><value>1000deg</value></Data><Data name="ANTENNA BEARING"><value>1000deg</value></Data><Data name="CELLHEX"><value>12</value></Data><Data name="NODEHEX"><value>0</value></Data><Data name="LACHEX"><value>1</value></Data><Data name="RAWCELLID"><value>18</value></Data><Data name="TIME"><value>2026.08.18_16.49.32</value></Data><Data name="NEI1"><value>TECH:5G CELLID:18 LAC:1 CELL:2 ARFCN:644640 LEVEL:-105 QUAL:-11 </value></Data><Data name="NEI2"><value></value></Data><Data name="NEI3"><value></value></Data><Data name="NEI4"><value></value></Data><Data name="NEI5"><value></value></Data><Data name="NEI6"><value></value></Data></ExtendedData><Style><LabelStyle><scale>0.0</scale> </LabelStyle><IconStyle><color>FF880088</color><scale>0.5</scale><Icon><href>http://maps.google.com/mapfiles/kml/shapes/shaded_dot.png</href></Icon></IconStyle></Style><Point><coordinates>-75.75619296,39.66369771,0</coordinates></Point></Placemark><Placemark><name>5G</name><ExtendedData><Data name="CGI"><value>3150100000100018</value></Data><Data name="CELLNAME"><value></value></Data><Data name="CELLID"><value>18</value></Data><Data name="RNC"><value>0</value></Data><Data name="TAC"><value>1</value></Data><Data name="TECHNOLOGY"><value>5G SA</value></Data><Data name="MODE"><value>5G</value></Data><Data name="ARFCN"><value>644640</value></Data><Data name="BAND"><value>N48</value></Data><Data name="BANDWIDTH"><value></value></Data><Data name="CA"><value>false</value></Data><Data name="NR state"><value></value></Data><Data name="RSRP"><value>-105 dBm</value></Data><Data name="RSRQ"><value>-11</value></Data><Data name="LAYER"><value>1</value></Data><Data name="PC"><value>2</value></Data><Data name="DL_BITRATE"><value>0 kbps</value></Data><Data name="UL_BITRATE"><value>0 kbps</value></Data><Data name="IP"><value></value></Data><Data name="SNR"><value>13.0</value></Data><Data name="PHONE STATE"><value>I</value></Data><Data name="IMEI"><value></value></Data><Data name="SPEED"><value>15 km/h</value></Data><Data name="HEIGHT"><value>0m</value></Data><Data name="ALTITUDE"><value>0m</value></Data><Data name="LOCATION"><value>G</value></Data><Data name="ACCURACY"><value>3m</value></Data><Data name="DISTANCE"><value>-1m</value></Data><Data name="SITE BEARING"><value>1000deg</value></Data><Data name="ANTENNA BEARING"><value>1000deg</value></Data><Data name="CELLHEX"><value>12</value></Data><Data name="NODEHEX"><value>0</value></Data><Data name="LACHEX"><value>1</value></Data><Data name="RAWCELLID"><value>18</value></Data><Data name="TIME"><value>2026.08.18_16.49.35</value></Data><Data name="NEI1"><value>TECH:5G CELLID:18 LAC:1 CELL:2 ARFCN:644640 LEVEL:-105 QUAL:-11 </value></Data><Data name="NEI2"><value></value></Data><Data name="NEI3"><value></value></Data><Data name="NEI4"><value></value></Data><Data name="NEI5"><value></value></Data><Data name="NEI6"><value></value></Data></ExtendedData><Style><LabelStyle><scale>0.0</scale> </LabelStyle><IconStyle><color>FF880088</color><scale>0.5</scale><Icon><href>http://maps.google.com/mapfiles/kml/shapes/shaded_dot.png</href></Icon></IconStyle></Style><Point><coordinates>-75.75630018,39.66363649,0</coordinates></Point></Placemark><Placemark><name>5G</name><ExtendedData><Data name="CGI"><value>3150100000100018</value></Data><Data name="CELLNAME"><value></value></Data><Data name="CELLID"><value>18</value></Data><Data name="RNC"><value>0</value></Data><Data name="TAC"><value>1</value></Data><Data name="TECHNOLOGY"><value>5G SA</value></Data><Data name="MODE"><value>5G</value></Data><Data name="ARFCN"><value>644640</value></Data><Data name="BAND"><value>N48</value></Data><Data name="BANDWIDTH"><value></value></Data><Data name="CA"><value>false</value></Data><Data name="NR state"><value></value></Data><Data name="RSRP"><value>-105 dBm</value></Data><Data name="RSRQ"><value>-11</value></Data><Data name="LAYER"><value>1</value></Data><Data name="PC"><value>2</value></Data><Data name="DL_BITRATE"><value>0 kbps</value></Data><Data name="UL_BITRATE"><value>0 kbps</value></Data><Data name="IP"><value></value></Data><Data name="SNR"><value>13.0</value></Data><Data name="PHONE STATE"><value>I</value></Data><Data name="IMEI"><value></value></Data><Data name="SPEED"><value>24 km/h</value></Data><Data name="HEIGHT"><value>1m</value></Data><Data name="ALTITUDE"><value>1m</value></Data><Data name="LOCATION"><value>G</value></Data><Data name="ACCURACY"><value>3m</value></Data><Data name="DISTANCE"><value>-1m</value></Data><Data name="SITE BEARING"><value>1000deg</value></Data><Data name="ANTENNA BEARING"><value>1000deg</value></Data><Data name="CELLHEX"><value>12</value></Data><Data name="NODEHEX"><value>0</value></Data><Data name="LACHEX"><value>1</value></Data><Data name="RAWCELLID"><value>18</value></Data><Data name="TIME"><value>2026.08.18_16.49.37</value></Data><Data name="NEI1"><value>TECH:5G CELLID:18 LAC:1 CELL:2 ARFCN:644640 LEVEL:-105 QUAL:-11 </value></Data><Data name="NEI2"><value></value></Data><Data name="NEI3"><value></value></Data><Data name="NEI4"><value></value></Data><Data name="NEI5"><value></value></Data><Data name="NEI6"><value></value></Data></ExtendedData><Style><LabelStyle><scale>0.0</scale> </LabelStyle><IconStyle><color>FF880088</color><scale>0.5</scale><Icon><href>http://maps.google.com/mapfiles/kml/shapes/shaded_dot.png</href></Icon></IconStyle></Style><Point><coordinates>-75.75647075,39.66363233,0</coordinates></Point></Placemark><Placemark><name>5G</name><ExtendedData><Data name="CGI"><value>3150100000100018</value></Data><Data name="CELLNAME"><value></value></Data><Data name="CELLID"><value>18</value></Data><Data name="RNC"><value>0</value></Data><Data name="TAC"><value>1</value></Data><Data name="TECHNOLOGY"><value>5G SA</value></Data><Data name="MODE"><value>5G</value></Data><Data name="ARFCN"><value>644640</value></Data><Data name="BAND"><value>N48</value></Data><Data name="BANDWIDTH"><value></value></Data><Data name="CA"><value>false</value></Data><Data name="NR state"><value></value></Data><Data name="RSRP"><value>-105 dBm</value></Data><Data name="RSRQ"><value>-11</value></Data><Data name="LAYER"><value>1</value></Data><Data name="PC"><value>2</value></Data><Data name="DL_BITRATE"><value>0 kbps</value></Data><Data name="UL_BITRATE"><value>0 kbps</value></Data><Data name="IP"><value></value></Data><Data name="SNR"><value>13.0</value></Data><Data name="PHONE STATE"><value>I</value></Data><Data name="IMEI"><value></value></Data><Data name="SPEED"><value>27 km/h</value></Data><Data name="HEIGHT"><value>1m</value></Data><Data name="ALTITUDE"><value>1m</value></Data><Data name="LOCATION"><value>G</value></Data><Data name="ACCURACY"><value>3m</value></Data><Data name="DISTANCE"><value>-1m</value></Data><Data name="SITE BEARING"><value>1000deg</value></Data><Data name="ANTENNA BEARING"><value>1000deg</value></Data><Data name="CELLHEX"><value>12</value></Data><Data name="NODEHEX"><value>0</value></Data><Data name="LACHEX"><value>1</value></Data><Data name="RAWCELLID"><value>18</value></Data><Data name="TIME"><value>2026.08.18_16.49.39</value></Data><Data name="NEI1"><value>TECH:5G CELLID:18 LAC:1 CELL:2 ARFCN:644640 LEVEL:-105 QUAL:-11 </value></Data><Data name="NEI2"><value></value></Data><Data name="NEI3"><value></value></Data><Data name="NEI4"><value></value></Data><Data name="NEI5"><value></value></Data><Data name="NEI6"><value></value></Data></ExtendedData><Style><LabelStyle><scale>0.0</scale> </LabelStyle><IconStyle><color>FF880088</color><scale>0.5</scale><Icon><href>http://maps.google.com/mapfiles/kml/shapes/shaded_dot.png</href></Icon></IconStyle></Style><Point><coordinates>-75.75666026,39.66362665,0</coordinates></Point></Placemark><Placemark><name>5G</name><ExtendedData><Data name="CGI"><value>3150100000100018</value></Data><Data name="CELLNAME"><value></value></Data><Data name="CELLID"><value>18</value></Data><Data name="RNC"><value>0</value></Data><Data name="TAC"><value>1</value></Data><Data name="TECHNOLOGY"><value>5G SA</value></Data><Data name="MODE"><value>5G</value></Data><Data name="ARFCN"><value>644640</value></Data><Data name="BAND"><value>N48</value></Data><Data name="BANDWIDTH"><value></value></Data><Data name="CA"><value>false</value></Data><Data name="NR state"><value></value></Data><Data name="RSRP"><value>-105 dBm</value></Data><Data name="RSRQ"><value>-11</value></Data><Data name="LAYER"><value>1</value></Data><Data name="PC"><value>2</value></Data><Data name="DL_BITRATE"><value>0 kbps</value></Data><Data name="UL_BITRATE"><value>0 kbps</value></Data><Data name="IP"><value></value></Data><Data name="SNR"><value>13.0</value></Data><Data name="PHONE STATE"><value>I</value></Data><Data name="IMEI"><value></value></Data><Data name="SPEED"><value>25 km/h</value></Data><Data name="HEIGHT"><value>1m</value></Data><Data name="ALTITUDE"><value>1m</value></Data><Data name="LOCATION"><value>G</value></Data><Data name="ACCURACY"><value>3m</value></Data><Data name="DISTANCE"><value>-1m</value></Data><Data name="SITE BEARING"><value>1000deg</value></Data><Data name="ANTENNA BEARING"><value>1000deg</value></Data><Data name="CELLHEX"><value>12</value></Data><Data name="NODEHEX"><value>0</value></Data><Data name="LACHEX"><value>1</value></Data><Data name="RAWCELLID"><value>18</value></Data><Data name="TIME"><value>2026.08.18_16.49.41</value></Data><Data name="NEI1"><value>TECH:5G CELLID:18 LAC:1 CELL:2 ARFCN:644640 LEVEL:-105 QUAL:-11 </value></Data><Data name="NEI2"><value></value></Data><Data name="NEI3"><value></value></Data><Data name="NEI4"><value></value></Data><Data name="NEI5"><value></value></Data><Data name="NEI6"><value></value></Data></ExtendedData><Style><LabelStyle><scale>0.0</scale> </LabelStyle><IconStyle><color>FF880088</color><scale>0.5</scale><Icon><href>http://maps.google.com/mapfiles/kml/shapes/shaded_dot.png</href></Icon></IconStyle></Style><Point><coordinates>-75.75683484,39.66362524,0</coordinates></Point></Placemark><Placemark><name>5G</name><ExtendedData><Data name="CGI"><value>3150100000100018</value></Data><Data name="CELLNAME"><value></value></Data><Data name="CELLID"><value>18</value></Data><Data name="RNC"><value>0</value></Data><Data name="TAC"><value>1</value></Data><Data name="TECHNOLOGY"><value>5G SA</value></Data><Data name="MODE"><value>5G</value></Data><Data name="ARFCN"><value>644640</value></Data><Data name="BAND"><value>N48</value></Data><Data name="BANDWIDTH"><value></value></Data><Data name="CA"><value>false</value></Data><Data name="NR state"><value></value></Data><Data name="RSRP"><value>-105 dBm</value></Data><Data name="RSRQ"><value>-11</value></Data><Data name="LAYER"><value>1</value></Data><Data name="PC"><value>2</value></Data><Data name="DL_BITRATE"><value>0 kbps</value></Data><Data name="UL_BITRATE"><value>0 kbps</value></Data><Data name="IP"><value></value></Data><Data name="SNR"><value>13.0</value></Data><Data name="PHONE STATE"><value>I</value></Data><Data name="IMEI"><value></value></Data><Data name="SPEED"><value>22 km/h</value></Data><Data name="HEIGHT"><value>1m</value></Data><Data name="ALTITUDE"><value>1m</value></Data><Data name="LOCATION"><value>G</value></Data><Data name="ACCURACY"><value>3m</value></Data><Data name="DISTANCE"><value>-1m</value></Data><Data name="SITE BEARING"><value>1000deg</value></Data><Data name="ANTENNA BEARING"><value>1000deg</value></Data><Data name="CELLHEX"><value>12</value></Data><Data name="NODEHEX"><value>0</value></Data><Data name="LACHEX"><value>1</value></Data><Data name="RAWCELLID"><value>18</value></Data><Data name="TIME"><value>2026.08.18_16.49.43</value></Data><Data name="NEI1"><value>TECH:5G CELLID:18 LAC:1 CELL:2 ARFCN:644640 LEVEL:-105 QUAL:-11 </value></Data><Data name="NEI2"><value></value></Data><Data name="NEI3"><value></value></Data><Data name="NEI4"><value></value></Data><Data name="NEI5"><value></value></Data><Data name="NEI6"><value></value></Data></ExtendedData><Style><LabelStyle><scale>0.0</scale> </LabelStyle><IconStyle><color>FF880088</color><scale>0.5</scale><Icon><href>http://maps.google.com/mapfiles/kml/shapes/shaded_dot.png</href></Icon></IconStyle></Style><Point><coordinates>-75.75698344,39.66361331,0</coordinates></Point></Placemark><Placemark><name>5G</name><ExtendedData><Data name="CGI"><value>3150100000100018</value></Data><Data name="CELLNAME"><value></value></Data><Data name="CELLID"><value>18</value></Data><Data name="RNC"><value>0</value></Data><Data name="TAC"><value>1</value></Data><Data name="TECHNOLOGY"><value>5G SA</value></Data><Data name="MODE"><value>5G</value></Data><Data name="ARFCN"><value>644640</value></Data><Data name="BAND"><value>N48</value></Data><Data name="BANDWIDTH"><value></value></Data><Data name="CA"><value>false</value></Data><Data name="NR state"><value></value></Data><Data name="RSRP"><value>-105 dBm</value></Data><Data name="RSRQ"><value>-11</value></Data><Data name="LAYER"><value>1</value></Data><Data name="PC"><value>2</value></Data><Data name="DL_BITRATE"><value>0 kbps</value></Data><Data name="UL_BITRATE"><value>0 kbps</value></Data><Data name="IP"><value></value></Data><Data name="SNR"><value>13.0</value></Data><Data name="PHONE STATE"><value>I</value></Data><Data name="IMEI"><value></value></Data><Data name="SPEED"><value>11 km/h</value></Data><Data name="HEIGHT"><value>2m</value></Data><Data name="ALTITUDE"><value>2m</value></Data><Data name="LOCATION"><value>G</value></Data><Data name="ACCURACY"><value>3m</value></Data><Data name="DISTANCE"><value>-1m</value></Data><Data name="SITE BEARING"><value>1000deg</value></Data><Data name="ANTENNA BEARING"><value>1000deg</value></Data><Data name="CELLHEX"><value>12</value></Data><Data name="NODEHEX"><value>0</value></Data><Data name="LACHEX"><value>1</value></Data><Data name="RAWCELLID"><value>18</value></Data><Data name="TIME"><value>2026.08.18_16.49.46</value></Data><Data name="NEI1"><value>TECH:5G CELLID:18 LAC:1 CELL:2 ARFCN:644640 LEVEL:-105 QUAL:-11 </value></Data><Data name="NEI2"><value></value></Data><Data name="NEI3"><value></value></Data><Data name="NEI4"><value></value></Data><Data name="NEI5"><value></value></Data><Data name="NEI6"><value></value></Data></ExtendedData><Style><LabelStyle><scale>0.0</scale> </LabelStyle><IconStyle><color>FF880088</color><scale>0.5</scale><Icon><href>http://maps.google.com/mapfiles/kml/shapes/shaded_dot.png</href></Icon></IconStyle></Style><Point><coordinates>-75.75713893,39.66359448,0</coordinates></Point></Placemark><Placemark><name>5G</name><ExtendedData><Data name="CGI"><value>3150100000100018</value></Data><Data name="CELLNAME"><value></value></Data><Data name="CELLID"><value>18</value></Data><Data name="RNC"><value>0</value></Data><Data name="TAC"><value>1</value></Data><Data name="TECHNOLOGY"><value>5G SA</value></Data><Data name="MODE"><value>5G</value></Data><Data name="ARFCN"><value>644640</value></Data><Data name="BAND"><value>N48</value></Data><Data name="BANDWIDTH"><value></value></Data><Data name="CA"><value>false</value></Data><Data name="NR state"><value></value></Data><Data name="RSRP"><value>-105 dBm</value></Data><Data name="RSRQ"><value>-11</value></Data><Data name="LAYER"><value>1</value></Data><Data name="PC"><value>2</value></Data><Data name="DL_BITRATE"><value>0 kbps</value></Data><Data name="UL_BITRATE"><value>0 kbps</value></Data><Data name="IP"><value></value></Data><Data name="SNR"><value>13.0</value></Data><Data name="PHONE STATE"><value>I</value></Data><Data name="IMEI"><value></value></Data><Data name="SPEED"><value>14 km/h</value></Data><Data name="HEIGHT"><value>3m</value></Data><Data name="ALTITUDE"><value>3m</value></Data><Data name="LOCATION"><value>G</value></Data><Data name="ACCURACY"><value>3m</value></Data><Data name="DISTANCE"><value>-1m</value></Data><Data name="SITE BEARING"><value>1000deg</value></Data><Data name="ANTENNA BEARING"><value>1000deg</value></Data><Data name="CELLHEX"><value>12</value></Data><Data name="NODEHEX"><value>0</value></Data><Data name="LACHEX"><value>1</value></Data><Data name="RAWCELLID"><value>18</value></Data><Data name="TIME"><value>2026.08.18_16.49.50</value></Data><Data name="NEI1"><value>TECH:5G CELLID:18 LAC:1 CELL:2 ARFCN:644640 LEVEL:-105 QUAL:-11 </value></Data><Data name="NEI2"><value></value></Data><Data name="NEI3"><value></value></Data><Data name="NEI4"><value></value></Data><Data name="NEI5"><value></value></Data><Data name="NEI6"><value></value></Data></ExtendedData><Style><LabelStyle><scale>0.0</scale> </LabelStyle><IconStyle><color>FF880088</color><scale>0.5</scale><Icon><href>http://maps.google.com/mapfiles/kml/shapes/shaded_dot.png</href></Icon></IconStyle></Style><Point><coordinates>-75.75722779,39.66367923,0</coordinates></Point></Placemark><Placemark><name>5G</name><ExtendedData><Data name="CGI"><value>3150100000100018</value></Data><Data name="CELLNAME"><value></value></Data><Data name="CELLID"><value>18</value></Data><Data name="RNC"><value>0</value></Data><Data name="TAC"><value>1</value></Data><Data name="TECHNOLOGY"><value>5G SA</value></Data><Data name="MODE"><value>5G</value></Data><Data name="ARFCN"><value>644640</value></Data><Data name="BAND"><value>N48</value></Data><Data name="BANDWIDTH"><value></value></Data><Data name="CA"><value>false</value></Data><Data name="NR state"><value></value></Data><Data name="RSRP"><value>-105 dBm</value></Data><Data name="RSRQ"><value>-11</value></Data><Data name="LAYER"><value>1</value></Data><Data name="PC"><value>2</value></Data><Data name="DL_BITRATE"><value>0 kbps</value></Data><Data name="UL_BITRATE"><value>0 kbps</value></Data><Data name="IP"><value></value></Data><Data name="SNR"><value>13.0</value></Data><Data name="PHONE STATE"><value>I</value></Data><Data name="IMEI"><value></value></Data><Data name="SPEED"><value>18 km/h</value></Data><Data name="HEIGHT"><value>3m</value></Data><Data name="ALTITUDE"><value>3m</value></Data><Data name="LOCATION"><value>G</value></Data><Data name="ACCURACY"><value>3m</value></Data><Data name="DISTANCE"><value>-1m</value></Data><Data name="SITE BEARING"><value>1000deg</value></Data><Data name="ANTENNA BEARING"><value>1000deg</value></Data><Data name="CELLHEX"><value>12</value></Data><Data name="NODEHEX"><value>0</value></Data><Data name="LACHEX"><value>1</value></Data><Data name="RAWCELLID"><value>18</value></Data><Data name="TIME"><value>2026.08.18_16.49.52</value></Data><Data name="NEI1"><value>TECH:5G CELLID:18 LAC:1 CELL:2 ARFCN:644640 LEVEL:-105 QUAL:-11 </value></Data><Data name="NEI2"><value></value></Data><Data name="NEI3"><value></value></Data><Data name="NEI4"><value></value></Data><Data name="NEI5"><value></value></Data><Data name="NEI6"><value></value></Data></ExtendedData><Style><LabelStyle><scale>0.0</scale> </LabelStyle><IconStyle><color>FF880088</color><scale>0.5</scale><Icon><href>http://maps.google.com/mapfiles/kml/shapes/shaded_dot.png</href></Icon></IconStyle></Style><Point><coordinates>-75.75723202,39.66377681,0</coordinates></Point></Placemark><Placemark><name>5G</name><ExtendedData><Data name="CGI"><value>3150100000100018</value></Data><Data name="CELLNAME"><value></value></Data><Data name="CELLID"><value>18</value></Data><Data name="RNC"><value>0</value></Data><Data name="TAC"><value>1</value></Data><Data name="TECHNOLOGY"><value>5G SA</value></Data><Data name="MODE"><value>5G</value></Data><Data name="ARFCN"><value>644640</value></Data><Data name="BAND"><value>N48</value></Data><Data name="BANDWIDTH"><value></value></Data><Data name="CA"><value>false</value></Data><Data name="NR state"><value></value></Data><Data name="RSRP"><value>-105 dBm</value></Data><Data name="RSRQ"><value>-11</value></Data><Data name="LAYER"><value>1</value></Data><Data name="PC"><value>2</value></Data><Data name="DL_BITRATE"><value>0 kbps</value></Data><Data name="UL_BITRATE"><value>0 kbps</value></Data><Data name="IP"><value></value></Data><Data name="SNR"><value>13.0</value></Data><Data name="PHONE STATE"><value>I</value></Data><Data name="IMEI"><value></value></Data><Data name="SPEED"><value>13 km/h</value></Data><Data name="HEIGHT"><value>3m</value></Data><Data name="ALTITUDE"><value>3m</value></Data><Data name="LOCATION"><value>G</value></Data><Data name="ACCURACY"><value>3m</value></Data><Data name="DISTANCE"><value>-1m</value></Data><Data name="SITE BEARING"><value>1000deg</value></Data><Data name="ANTENNA BEARING"><value>1000deg</value></Data><Data name="CELLHEX"><value>12</value></Data><Data name="NODEHEX"><value>0</value></Data><Data name="LACHEX"><value>1</value></Data><Data name="RAWCELLID"><value>18</value></Data><Data name="TIME"><value>2026.08.18_16.49.55</value></Data><Data name="NEI1"><value>TECH:5G CELLID:18 LAC:1 CELL:2 ARFCN:644640 LEVEL:-105 QUAL:-11 </value></Data><Data name="NEI2"><value></value></Data><Data name="NEI3"><value></value></Data><Data name="NEI4"><value></value></Data><Data name="NEI5"><value></value></Data><Data name="NEI6"><value></value></Data></ExtendedData><Style><LabelStyle><scale>0.0</scale> </LabelStyle><IconStyle><color>FF880088</color><scale>0.5</scale><Icon><href>http://maps.google.com/mapfiles/kml/shapes/shaded_dot.png</href></Icon></IconStyle></Style><Point><coordinates>-75.75720901,39.66388758,0</coordinates></Point></Placemark><Placemark><name>5G</name><ExtendedData><Data name="CGI"><value>3150100000100018</value></Data><Data name="CELLNAME"><value></value></Data><Data name="CELLID"><value>18</value></Data><Data name="RNC"><value>0</value></Data><Data name="TAC"><value>1</value></Data><Data name="TECHNOLOGY"><value>5G SA</value></Data><Data name="MODE"><value>5G</value></Data><Data name="ARFCN"><value>644640</value></Data><Data name="BAND"><value>N48</value></Data><Data name="BANDWIDTH"><value></value></Data><Data name="CA"><value>false</value></Data><Data name="NR state"><value></value></Data><Data name="RSRP"><value>-105 dBm</value></Data><Data name="RSRQ"><value>-11</value></Data><Data name="LAYER"><value>1</value></Data><Data name="PC"><value>2</value></Data><Data name="DL_BITRATE"><value>0 kbps</value></Data><Data name="UL_BITRATE"><value>0 kbps</value></Data><Data name="IP"><value></value></Data><Data name="SNR"><value>13.0</value></Data><Data name="PHONE STATE"><value>I</value></Data><Data name="IMEI"><value></value></Data><Data name="SPEED"><value>18 km/h</value></Data><Data name="HEIGHT"><value>3m</value></Data><Data name="ALTITUDE"><value>3m</value></Data><Data name="LOCATION"><value>G</value></Data><Data name="ACCURACY"><value>3m</value></Data><Data name="DISTANCE"><value>-1m</value></Data><Data name="SITE BEARING"><value>1000deg</value></Data><Data name="ANTENNA BEARING"><value>1000deg</value></Data><Data name="CELLHEX"><value>12</value></Data><Data name="NODEHEX"><value>0</value></Data><Data name="LACHEX"><value>1</value></Data><Data name="RAWCELLID"><value>18</value></Data><Data name="TIME"><value>2026.08.18_16.49.57</value></Data><Data name="NEI1"><value>TECH:5G CELLID:18 LAC:1 CELL:2 ARFCN:644640 LEVEL:-105 QUAL:-11 </value></Data><Data name="NEI2"><value></value></Data><Data name="NEI3"><value></value></Data><Data name="NEI4"><value></value></Data><Data name="NEI5"><value></value></Data><Data name="NEI6"><value></value></Data></ExtendedData><Style><LabelStyle><scale>0.0</scale> </LabelStyle><IconStyle><color>FF880088</color><scale>0.5</scale><Icon><href>http://maps.google.com/mapfiles/kml/shapes/shaded_dot.png</href></Icon></IconStyle></Style><Point><coordinates>-75.75710948,39.66394018,0</coordinates></Point></Placemark><Placemark><name>5G</name><ExtendedData><Data name="CGI"><value>3150100000100018</value></Data><Data name="CELLNAME"><value></value></Data><Data name="CELLID"><value>18</value></Data><Data name="RNC"><value>0</value></Data><Data name="TAC"><value>1</value></Data><Data name="TECHNOLOGY"><value>5G SA</value></Data><Data name="MODE"><value>5G</value></Data><Data name="ARFCN"><value>644640</value></Data><Data name="BAND"><value>N48</value></Data><Data name="BANDWIDTH"><value></value></Data><Data name="CA"><value>false</value></Data><Data name="NR state"><value></value></Data><Data name="RSRP"><value>-105 dBm</value></Data><Data name="RSRQ"><value>-11</value></Data><Data name="LAYER"><value>1</value></Data><Data name="PC"><value>2</value></Data><Data name="DL_BITRATE"><value>0 kbps</value></Data><Data name="UL_BITRATE"><value>0 kbps</value></Data><Data name="IP"><value></value></Data><Data name="SNR"><value>13.0</value></Data><Data name="PHONE STATE"><value>I</value></Data><Data name="IMEI"><value></value></Data><Data name="SPEED"><value>25 km/h</value></Data><Data name="HEIGHT"><value>3m</value></Data><Data name="ALTITUDE"><value>3m</value></Data><Data name="LOCATION"><value>G</value></Data><Data name="ACCURACY"><value>3m</value></Data><Data name="DISTANCE"><value>-1m</value></Data><Data name="SITE BEARING"><value>1000deg</value></Data><Data name="ANTENNA BEARING"><value>1000deg</value></Data><Data name="CELLHEX"><value>12</value></Data><Data name="NODEHEX"><value>0</value></Data><Data name="LACHEX"><value>1</value></Data><Data name="RAWCELLID"><value>18</value></Data><Data name="TIME"><value>2026.08.18_16.49.59</value></Data><Data name="NEI1"><value>TECH:5G CELLID:18 LAC:1 CELL:2 ARFCN:644640 LEVEL:-105 QUAL:-11 </value></Data><Data name="NEI2"><value></value></Data><Data name="NEI3"><value></value></Data><Data name="NEI4"><value></value></Data><Data name="NEI5"><value></value></Data><Data name="NEI6"><value></value></Data></ExtendedData><Style><LabelStyle><scale>0.0</scale> </LabelStyle><IconStyle><color>FF880088</color><scale>0.5</scale><Icon><href>http://maps.google.com/mapfiles/kml/shapes/shaded_dot.png</href></Icon></IconStyle></Style><Point><coordinates>-75.75695128,39.66395104,0</coordinates></Point></Placemark><Placemark><name>5G</name><ExtendedData><Data name="CGI"><value>3150100000100018</value></Data><Data name="CELLNAME"><value></value></Data><Data name="CELLID"><value>18</value></Data><Data name="RNC"><value>0</value></Data><Data name="TAC"><value>1</value></Data><Data name="TECHNOLOGY"><value>5G SA</value></Data><Data name="MODE"><value>5G</value></Data><Data name="ARFCN"><value>644640</value></Data><Data name="BAND"><value>N48</value></Data><Data name="BANDWIDTH"><value></value></Data><Data name="CA"><value>false</value></Data><Data name="NR state"><value></value></Data><Data name="RSRP"><value>-105 dBm</value></Data><Data name="RSRQ"><value>-11</value></Data><Data name="LAYER"><value>1</value></Data><Data name="PC"><value>2</value></Data><Data name="DL_BITRATE"><value>0 kbps</value></Data><Data name="UL_BITRATE"><value>0 kbps</value></Data><Data name="IP"><value></value></Data><Data name="SNR"><value>13.0</value></Data><Data name="PHONE STATE"><value>I</value></Data><Data name="IMEI"><value></value></Data><Data name="SPEED"><value>28 km/h</value></Data><Data name="HEIGHT"><value>3m</value></Data><Data name="ALTITUDE"><value>3m</value></Data><Data name="LOCATION"><value>G</value></Data><Data name="ACCURACY"><value>3m</value></Data><Data name="DISTANCE"><value>-1m</value></Data><Data name="SITE BEARING"><value>1000deg</value></Data><Data name="ANTENNA BEARING"><value>1000deg</value></Data><Data name="CELLHEX"><value>12</value></Data><Data name="NODEHEX"><value>0</value></Data><Data name="LACHEX"><value>1</value></Data><Data name="RAWCELLID"><value>18</value></Data><Data name="TIME"><value>2026.08.18_16.50.01</value></Data><Data name="NEI1"><value>TECH:5G CELLID:18 LAC:1 CELL:2 ARFCN:644640 LEVEL:-105 QUAL:-11 </value></Data><Data name="NEI2"><value></value></Data><Data name="NEI3"><value></value></Data><Data name="NEI4"><value></value></Data><Data name="NEI5"><value></value></Data><Data name="NEI6"><value></value></Data></ExtendedData><Style><LabelStyle><scale>0.0</scale> </LabelStyle><IconStyle><color>FF880088</color><scale>0.5</scale><Icon><href>http://maps.google.com/mapfiles/kml/shapes/shaded_dot.png</href></Icon></IconStyle></Style><Point><coordinates>-75.75676445,39.66396353,0</coordinates></Point></Placemark><Placemark><name>5G</name><ExtendedData><Data name="CGI"><value>3150100000100018</value></Data><Data name="CELLNAME"><value></value></Data><Data name="CELLID"><value>18</value></Data><Data name="RNC"><value>0</value></Data><Data name="TAC"><value>1</value></Data><Data name="TECHNOLOGY"><value>5G SA</value></Data><Data name="MODE"><value>5G</value></Data><Data name="ARFCN"><value>644640</value></Data><Data name="BAND"><value>N48</value></Data><Data name="BANDWIDTH"><value></value></Data><Data name="CA"><value>false</value></Data><Data name="NR state"><value></value></Data><Data name="RSRP"><value>-105 dBm</value></Data><Data name="RSRQ"><value>-11</value></Data><Data name="LAYER"><value>1</value></Data><Data name="PC"><value>2</value></Data><Data name="DL_BITRATE"><value>0 kbps</value></Data><Data name="UL_BITRATE"><value>0 kbps</value></Data><Data name="IP"><value></value></Data><Data name="SNR"><value>13.0</value></Data><Data name="PHONE STATE"><value>I</value></Data><Data name="IMEI"><value></value></Data><Data name="SPEED"><value>29 km/h</value></Data><Data name="HEIGHT"><value>2m</value></Data><Data name="ALTITUDE"><value>2m</value></Data><Data name="LOCATION"><value>G</value></Data><Data name="ACCURACY"><value>3m</value></Data><Data name="DISTANCE"><value>-1m</value></Data><Data name="SITE BEARING"><value>1000deg</value></Data><Data name="ANTENNA BEARING"><value>1000deg</value></Data><Data name="CELLHEX"><value>12</value></Data><Data name="NODEHEX"><value>0</value></Data><Data name="LACHEX"><value>1</value></Data><Data name="RAWCELLID"><value>18</value></Data><Data name="TIME"><value>2026.08.18_16.50.03</value></Data><Data name="NEI1"><value>TECH:5G CELLID:18 LAC:1 CELL:2 ARFCN:644640 LEVEL:-105 QUAL:-11 </value></Data><Data name="NEI2"><value></value></Data><Data name="NEI3"><value></value></Data><Data name="NEI4"><value></value></Data><Data name="NEI5"><value></value></Data><Data name="NEI6"><value></value></Data></ExtendedData><Style><LabelStyle><scale>0.0</scale> </LabelStyle><IconStyle><color>FF880088</color><scale>0.5</scale><Icon><href>http://maps.google.com/mapfiles/kml/shapes/shaded_dot.png</href></Icon></IconStyle></Style><Point><coordinates>-75.75657203,39.6639763,0</coordinates></Point></Placemark><Placemark><name>5G</name><ExtendedData><Data name="CGI"><value>3150100000100018</value></Data><Data name="CELLNAME"><value></value></Data><Data name="CELLID"><value>18</value></Data><Data name="RNC"><value>0</value></Data><Data name="TAC"><value>1</value></Data><Data name="TECHNOLOGY"><value>5G SA</value></Data><Data name="MODE"><value>5G</value></Data><Data name="ARFCN"><value>644640</value></Data><Data name="BAND"><value>N48</value></Data><Data name="BANDWIDTH"><value></value></Data><Data name="CA"><value>false</value></Data><Data name="NR state"><value></value></Data><Data name="RSRP"><value>-105 dBm</value></Data><Data name="RSRQ"><value>-11</value></Data><Data name="LAYER"><value>1</value></Data><Data name="PC"><value>2</value></Data><Data name="DL_BITRATE"><value>0 kbps</value></Data><Data name="UL_BITRATE"><value>0 kbps</value></Data><Data name="IP"><value></value></Data><Data name="SNR"><value>13.0</value></Data><Data name="PHONE STATE"><value>I</value></Data><Data name="IMEI"><value></value></Data><Data name="SPEED"><value>32 km/h</value></Data><Data name="HEIGHT"><value>2m</value></Data><Data name="ALTITUDE"><value>2m</value></Data><Data name="LOCATION"><value>G</value></Data><Data name="ACCURACY"><value>3m</value></Data><Data name="DISTANCE"><value>-1m</value></Data><Data name="SITE BEARING"><value>1000deg</value></Data><Data name="ANTENNA BEARING"><value>1000deg</value></Data><Data name="CELLHEX"><value>12</value></Data><Data name="NODEHEX"><value>0</value></Data><Data name="LACHEX"><value>1</value></Data><Data name="RAWCELLID"><value>18</value></Data><Data name="TIME"><value>2026.08.18_16.50.05</value></Data><Data name="NEI1"><value>TECH:5G CELLID:18 LAC:1 CELL:2 ARFCN:644640 LEVEL:-105 QUAL:-11 </value></Data><Data name="NEI2"><value></value></Data><Data name="NEI3"><value></value></Data><Data name="NEI4"><value></value></Data><Data name="NEI5"><value></value></Data><Data name="NEI6"><value></value></Data></ExtendedData><Style><LabelStyle><scale>0.0</scale> </LabelStyle><IconStyle><color>FF880088</color><scale>0.5</scale><Icon><href>http://maps.google.com/mapfiles/kml/shapes/shaded_dot.png</href></Icon></IconStyle></Style><Point><coordinates>-75.75636149,39.66399031,0</coordinates></Point></Placemark><Placemark><name>5G</name><ExtendedData><Data name="CGI"><value>3150100000100018</value></Data><Data name="CELLNAME"><value></value></Data><Data name="CELLID"><value>18</value></Data><Data name="RNC"><value>0</value></Data><Data name="TAC"><value>1</value></Data><Data name="TECHNOLOGY"><value>5G SA</value></Data><Data name="MODE"><value>5G</value></Data><Data name="ARFCN"><value>644640</value></Data><Data name="BAND"><value>N48</value></Data><Data name="BANDWIDTH"><value></value></Data><Data name="CA"><value>false</value></Data><Data name="NR state"><value></value></Data><Data name="RSRP"><value>-105 dBm</value></Data><Data name="RSRQ"><value>-11</value></Data><Data name="LAYER"><value>1</value></Data><Data name="PC"><value>2</value></Data><Data name="DL_BITRATE"><value>0 kbps</value></Data><Data name="UL_BITRATE"><value>0 kbps</value></Data><Data name="IP"><value></value></Data><Data name="SNR"><value>13.0</value></Data><Data name="PHONE STATE"><value>I</value></Data><Data name="IMEI"><value></value></Data><Data name="SPEED"><value>32 km/h</value></Data><Data name="HEIGHT"><value>3m</value></Data><Data name="ALTITUDE"><value>3m</value></Data><Data name="LOCATION"><value>G</value></Data><Data name="ACCURACY"><value>3m</value></Data><Data name="DISTANCE"><value>-1m</value></Data><Data name="SITE BEARING"><value>1000deg</value></Data><Data name="ANTENNA BEARING"><value>1000deg</value></Data><Data name="CELLHEX"><value>12</value></Data><Data name="NODEHEX"><value>0</value></Data><Data name="LACHEX"><value>1</value></Data><Data name="RAWCELLID"><value>18</value></Data><Data name="TIME"><value>2026.08.18_16.50.07</value></Data><Data name="NEI1"><value>TECH:5G CELLID:18 LAC:1 CELL:2 ARFCN:644640 LEVEL:-105 QUAL:-11 </value></Data><Data name="NEI2"><value></value></Data><Data name="NEI3"><value></value></Data><Data name="NEI4"><value></value></Data><Data name="NEI5"><value></value></Data><Data name="NEI6"><value></value></Data></ExtendedData><Style><LabelStyle><scale>0.0</scale> </LabelStyle><IconStyle><color>FF880088</color><scale>0.5</scale><Icon><href>http://maps.google.com/mapfiles/kml/shapes/shaded_dot.png</href></Icon></IconStyle></Style><Point><coordinates>-75.75614465,39.66400209,0</coordinates></Point></Placemark><Placemark><name>5G</name><ExtendedData><Data name="CGI"><value>3150100000100018</value></Data><Data name="CELLNAME"><value></value></Data><Data name="CELLID"><value>18</value></Data><Data name="RNC"><value>0</value></Data><Data name="TAC"><value>1</value></Data><Data name="TECHNOLOGY"><value>5G SA</value></Data><Data name="MODE"><value>5G</value></Data><Data name="ARFCN"><value>644640</value></Data><Data name="BAND"><value>N48</value></Data><Data name="BANDWIDTH"><value></value></Data><Data name="CA"><value>false</value></Data><Data name="NR state"><value></value></Data><Data name="RSRP"><value>-105 dBm</value></Data><Data name="RSRQ"><value>-11</value></Data><Data name="LAYER"><value>1</value></Data><Data name="PC"><value>2</value></Data><Data name="DL_BITRATE"><value>0 kbps</value></Data><Data name="UL_BITRATE"><value>0 kbps</value></Data><Data name="IP"><value></value></Data><Data name="SNR"><value>13.0</value></Data><Data name="PHONE STATE"><value>I</value></Data><Data name="IMEI"><value></value></Data><Data name="SPEED"><value>30 km/h</value></Data><Data name="HEIGHT"><value>2m</value></Data><Data name="ALTITUDE"><value>2m</value></Data><Data name="LOCATION"><value>G</value></Data><Data name="ACCURACY"><value>3m</value></Data><Data name="DISTANCE"><value>-1m</value></Data><Data name="SITE BEARING"><value>1000deg</value></Data><Data name="ANTENNA BEARING"><value>1000deg</value></Data><Data name="CELLHEX"><value>12</value></Data><Data name="NODEHEX"><value>0</value></Data><Data name="LACHEX"><value>1</value></Data><Data name="RAWCELLID"><value>18</value></Data><Data name="TIME"><value>2026.08.18_16.50.09</value></Data><Data name="NEI1"><value>TECH:5G CELLID:18 LAC:1 CELL:2 ARFCN:644640 LEVEL:-105 QUAL:-11 </value></Data><Data name="NEI2"><value></value></Data><Data name="NEI3"><value></value></Data><Data name="NEI4"><value></value></Data><Data name="NEI5"><value></value></Data><Data name="NEI6"><value></value></Data></ExtendedData><Style><LabelStyle><scale>0.0</scale> </LabelStyle><IconStyle><color>FF880088</color><scale>0.5</scale><Icon><href>http://maps.google.com/mapfiles/kml/shapes/shaded_dot.png</href></Icon></IconStyle></Style><Point><coordinates>-75.75594071,39.66401683,0</coordinates></Point></Placemark><Placemark><name>5G</name><ExtendedData><Data name="CGI"><value>3150100000100018</value></Data><Data name="CELLNAME"><value></value></Data><Data name="CELLID"><value>18</value></Data><Data name="RNC"><value>0</value></Data><Data name="TAC"><value>1</value></Data><Data name="TECHNOLOGY"><value>5G SA</value></Data><Data name="MODE"><value>5G</value></Data><Data name="ARFCN"><value>644640</value></Data><Data name="BAND"><value>N48</value></Data><Data name="BANDWIDTH"><value></value></Data><Data name="CA"><value>false</value></Data><Data name="NR state"><value></value></Data><Data name="RSRP"><value>-105 dBm</value></Data><Data name="RSRQ"><value>-11</value></Data><Data name="LAYER"><value>1</value></Data><Data name="PC"><value>2</value></Data><Data name="DL_BITRATE"><value>0 kbps</value></Data><Data name="UL_BITRATE"><value>0 kbps</value></Data><Data name="IP"><value></value></Data><Data name="SNR"><value>13.0</value></Data><Data name="PHONE STATE"><value>I</value></Data><Data name="IMEI"><value></value></Data><Data name="SPEED"><value>25 km/h</value></Data><Data name="HEIGHT"><value>5m</value></Data><Data name="ALTITUDE"><value>5m</value></Data><Data name="LOCATION"><value>G</value></Data><Data name="ACCURACY"><value>3m</value></Data><Data name="DISTANCE"><value>-1m</value></Data><Data name="SITE BEARING"><value>1000deg</value></Data><Data name="ANTENNA BEARING"><value>1000deg</value></Data><Data name="CELLHEX"><value>12</value></Data><Data name="NODEHEX"><value>0</value></Data><Data name="LACHEX"><value>1</value></Data><Data name="RAWCELLID"><value>18</value></Data><Data name="TIME"><value>2026.08.18_16.50.11</value></Data><Data name="NEI1"><value>TECH:5G CELLID:18 LAC:1 CELL:2 ARFCN:644640 LEVEL:-105 QUAL:-11 </value></Data><Data name="NEI2"><value></value></Data><Data name="NEI3"><value></value></Data><Data name="NEI4"><value></value></Data><Data name="NEI5"><value></value></Data><Data name="NEI6"><value></value></Data></ExtendedData><Style><LabelStyle><scale>0.0</scale> </LabelStyle><IconStyle><color>FF880088</color><scale>0.5</scale><Icon><href>http://maps.google.com/mapfiles/kml/shapes/shaded_dot.png</href></Icon></IconStyle></Style><Point><coordinates>-75.75575527,39.66401875,0</coordinates></Point></Placemark><Placemark><name>5G</name><ExtendedData><Data name="CGI"><value>3150100000100018</value></Data><Data name="CELLNAME"><value></value></Data><Data name="CELLID"><value>18</value></Data><Data name="RNC"><value>0</value></Data><Data name="TAC"><value>1</value></Data><Data name="TECHNOLOGY"><value>5G SA</value></Data><Data name="MODE"><value>5G</value></Data><Data name="ARFCN"><value>644640</value></Data><Data name="BAND"><value>N48</value></Data><Data name="BANDWIDTH"><value></value></Data><Data name="CA"><value>false</value></Data><Data name="NR state"><value></value></Data><Data name="RSRP"><value>-105 dBm</value></Data><Data name="RSRQ"><value>-11</value></Data><Data name="LAYER"><value>1</value></Data><Data name="PC"><value>2</value></Data><Data name="DL_BITRATE"><value>0 kbps</value></Data><Data name="UL_BITRATE"><value>0 kbps</value></Data><Data name="IP"><value></value></Data><Data name="SNR"><value>13.0</value></Data><Data name="PHONE STATE"><value>I</value></Data><Data name="IMEI"><value></value></Data><Data name="SPEED"><value>10 km/h</value></Data><Data name="HEIGHT"><value>4m</value></Data><Data name="ALTITUDE"><value>4m</value></Data><Data name="LOCATION"><value>G</value></Data><Data name="ACCURACY"><value>3m</value></Data><Data name="DISTANCE"><value>-1m</value></Data><Data name="SITE BEARING"><value>1000deg</value></Data><Data name="ANTENNA BEARING"><value>1000deg</value></Data><Data name="CELLHEX"><value>12</value></Data><Data name="NODEHEX"><value>0</value></Data><Data name="LACHEX"><value>1</value></Data><Data name="RAWCELLID"><value>18</value></Data><Data name="TIME"><value>2026.08.18_16.50.14</value></Data><Data name="NEI1"><value>TECH:5G CELLID:18 LAC:1 CELL:2 ARFCN:644640 LEVEL:-105 QUAL:-11 </value></Data><Data name="NEI2"><value></value></Data><Data name="NEI3"><value></value></Data><Data name="NEI4"><value></value></Data><Data name="NEI5"><value></value></Data><Data name="NEI6"><value></value></Data></ExtendedData><Style><LabelStyle><scale>0.0</scale> </LabelStyle><IconStyle><color>FF880088</color><scale>0.5</scale><Icon><href>http://maps.google.com/mapfiles/kml/shapes/shaded_dot.png</href></Icon></IconStyle></Style><Point><coordinates>-75.75560687,39.66402095,0</coordinates></Point></Placemark><Placemark><name>5G</name><ExtendedData><Data name="CGI"><value>3150100000100018</value></Data><Data name="CELLNAME"><value></value></Data><Data name="CELLID"><value>18</value></Data><Data name="RNC"><value>0</value></Data><Data name="TAC"><value>1</value></Data><Data name="TECHNOLOGY"><value>5G SA</value></Data><Data name="MODE"><value>5G</value></Data><Data name="ARFCN"><value>644640</value></Data><Data name="BAND"><value>N48</value></Data><Data name="BANDWIDTH"><value></value></Data><Data name="CA"><value>false</value></Data><Data name="NR state"><value></value></Data><Data name="RSRP"><value>-105 dBm</value></Data><Data name="RSRQ"><value>-11</value></Data><Data name="LAYER"><value>1</value></Data><Data name="PC"><value>2</value></Data><Data name="DL_BITRATE"><value>0 kbps</value></Data><Data name="UL_BITRATE"><value>0 kbps</value></Data><Data name="IP"><value></value></Data><Data name="SNR"><value>13.0</value></Data><Data name="PHONE STATE"><value>I</value></Data><Data name="IMEI"><value></value></Data><Data name="SPEED"><value>14 km/h</value></Data><Data name="HEIGHT"><value>4m</value></Data><Data name="ALTITUDE"><value>4m</value></Data><Data name="LOCATION"><value>G</value></Data><Data name="ACCURACY"><value>3m</value></Data><Data name="DISTANCE"><value>-1m</value></Data><Data name="SITE BEARING"><value>1000deg</value></Data><Data name="ANTENNA BEARING"><value>1000deg</value></Data><Data name="CELLHEX"><value>12</value></Data><Data name="NODEHEX"><value>0</value></Data><Data name="LACHEX"><value>1</value></Data><Data name="RAWCELLID"><value>18</value></Data><Data name="TIME"><value>2026.08.18_16.50.18</value></Data><Data name="NEI1"><value>TECH:5G CELLID:18 LAC:1 CELL:2 ARFCN:644640 LEVEL:-105 QUAL:-11 </value></Data><Data name="NEI2"><value></value></Data><Data name="NEI3"><value></value></Data><Data name="NEI4"><value></value></Data><Data name="NEI5"><value></value></Data><Data name="NEI6"><value></value></Data></ExtendedData><Style><LabelStyle><scale>0.0</scale> </LabelStyle><IconStyle><color>FF880088</color><scale>0.5</scale><Icon><href>http://maps.google.com/mapfiles/kml/shapes/shaded_dot.png</href></Icon></IconStyle></Style><Point><coordinates>-75.75549261,39.66407546,0</coordinates></Point></Placemark><Placemark><name>5G</name><ExtendedData><Data name="CGI"><value>3150100000100018</value></Data><Data name="CELLNAME"><value></value></Data><Data name="CELLID"><value>18</value></Data><Data name="RNC"><value>0</value></Data><Data name="TAC"><value>1</value></Data><Data name="TECHNOLOGY"><value>5G SA</value></Data><Data name="MODE"><value>5G</value></Data><Data name="ARFCN"><value>644640</value></Data><Data name="BAND"><value>N48</value></Data><Data name="BANDWIDTH"><value></value></Data><Data name="CA"><value>false</value></Data><Data name="NR state"><value></value></Data><Data name="RSRP"><value>-105 dBm</value></Data><Data name="RSRQ"><value>-11</value></Data><Data name="LAYER"><value>1</value></Data><Data name="PC"><value>2</value></Data><Data name="DL_BITRATE"><value>0 kbps</value></Data><Data name="UL_BITRATE"><value>0 kbps</value></Data><Data name="IP"><value></value></Data><Data name="SNR"><value>13.0</value></Data><Data name="PHONE STATE"><value>I</value></Data><Data name="IMEI"><value></value></Data><Data name="SPEED"><value>23 km/h</value></Data><Data name="HEIGHT"><value>4m</value></Data><Data name="ALTITUDE"><value>4m</value></Data><Data name="LOCATION"><value>G</value></Data><Data name="ACCURACY"><value>3m</value></Data><Data name="DISTANCE"><value>-1m</value></Data><Data name="SITE BEARING"><value>1000deg</value></Data><Data name="ANTENNA BEARING"><value>1000deg</value></Data><Data name="CELLHEX"><value>12</value></Data><Data name="NODEHEX"><value>0</value></Data><Data name="LACHEX"><value>1</value></Data><Data name="RAWCELLID"><value>18</value></Data><Data name="TIME"><value>2026.08.18_16.50.20</value></Data><Data name="NEI1"><value>TECH:5G CELLID:18 LAC:1 CELL:2 ARFCN:644640 LEVEL:-105 QUAL:-11 </value></Data><Data name="NEI2"><value></value></Data><Data name="NEI3"><value></value></Data><Data name="NEI4"><value></value></Data><Data name="NEI5"><value></value></Data><Data name="NEI6"><value></value></Data></ExtendedData><Style><LabelStyle><scale>0.0</scale> </LabelStyle><IconStyle><color>FF880088</color><scale>0.5</scale><Icon><href>http://maps.google.com/mapfiles/kml/shapes/shaded_dot.png</href></Icon></IconStyle></Style><Point><coordinates>-75.75549509,39.66419358,0</coordinates></Point></Placemark><Placemark><name>5G</name><ExtendedData><Data name="CGI"><value>3150100000100018</value></Data><Data name="CELLNAME"><value></value></Data><Data name="CELLID"><value>18</value></Data><Data name="RNC"><value>0</value></Data><Data name="TAC"><value>1</value></Data><Data name="TECHNOLOGY"><value>5G SA</value></Data><Data name="MODE"><value>5G</value></Data><Data name="ARFCN"><value>644640</value></Data><Data name="BAND"><value>N48</value></Data><Data name="BANDWIDTH"><value></value></Data><Data name="CA"><value>false</value></Data><Data name="NR state"><value></value></Data><Data name="RSRP"><value>-105 dBm</value></Data><Data name="RSRQ"><value>-11</value></Data><Data name="LAYER"><value>1</value></Data><Data name="PC"><value>2</value></Data><Data name="DL_BITRATE"><value>0 kbps</value></Data><Data name="UL_BITRATE"><value>0 kbps</value></Data><Data name="IP"><value></value></Data><Data name="SNR"><value>13.0</value></Data><Data name="PHONE STATE"><value>I</value></Data><Data name="IMEI"><value></value></Data><Data name="SPEED"><value>32 km/h</value></Data><Data name="HEIGHT"><value>4m</value></Data><Data name="ALTITUDE"><value>4m</value></Data><Data name="LOCATION"><value>G</value></Data><Data name="ACCURACY"><value>3m</value></Data><Data name="DISTANCE"><value>-1m</value></Data><Data name="SITE BEARING"><value>1000deg</value></Data><Data name="ANTENNA BEARING"><value>1000deg</value></Data><Data name="CELLHEX"><value>12</value></Data><Data name="NODEHEX"><value>0</value></Data><Data name="LACHEX"><value>1</value></Data><Data name="RAWCELLID"><value>18</value></Data><Data name="TIME"><value>2026.08.18_16.50.22</value></Data><Data name="NEI1"><value>TECH:5G CELLID:18 LAC:1 CELL:2 ARFCN:644640 LEVEL:-105 QUAL:-11 </value></Data><Data name="NEI2"><value></value></Data><Data name="NEI3"><value></value></Data><Data name="NEI4"><value></value></Data><Data name="NEI5"><value></value></Data><Data name="NEI6"><value></value></Data></ExtendedData><Style><LabelStyle><scale>0.0</scale> </LabelStyle><IconStyle><color>FF880088</color><scale>0.5</scale><Icon><href>http://maps.google.com/mapfiles/kml/shapes/shaded_dot.png</href></Icon></IconStyle></Style><Point><coordinates>-75.75552016,39.66434691,0</coordinates></Point></Placemark><Placemark><name>5G</name><ExtendedData><Data name="CGI"><value>3150100000100018</value></Data><Data name="CELLNAME"><value></value></Data><Data name="CELLID"><value>18</value></Data><Data name="RNC"><value>0</value></Data><Data name="TAC"><value>1</value></Data><Data name="TECHNOLOGY"><value>5G SA</value></Data><Data name="MODE"><value>5G</value></Data><Data name="ARFCN"><value>644640</value></Data><Data name="BAND"><value>N48</value></Data><Data name="BANDWIDTH"><value></value></Data><Data name="CA"><value>false</value></Data><Data name="NR state"><value></value></Data><Data name="RSRP"><value>-105 dBm</value></Data><Data name="RSRQ"><value>-11</value></Data><Data name="LAYER"><value>1</value></Data><Data name="PC"><value>2</value></Data><Data name="DL_BITRATE"><value>0 kbps</value></Data><Data name="UL_BITRATE"><value>0 kbps</value></Data><Data name="IP"><value></value></Data><Data name="SNR"><value>13.0</value></Data><Data name="PHONE STATE"><value>I</value></Data><Data name="IMEI"><value></value></Data><Data name="SPEED"><value>36 km/h</value></Data><Data name="HEIGHT"><value>4m</value></Data><Data name="ALTITUDE"><value>4m</value></Data><Data name="LOCATION"><value>G</value></Data><Data name="ACCURACY"><value>3m</value></Data><Data name="DISTANCE"><value>-1m</value></Data><Data name="SITE BEARING"><value>1000deg</value></Data><Data name="ANTENNA BEARING"><value>1000deg</value></Data><Data name="CELLHEX"><value>12</value></Data><Data name="NODEHEX"><value>0</value></Data><Data name="LACHEX"><value>1</value></Data><Data name="RAWCELLID"><value>18</value></Data><Data name="TIME"><value>2026.08.18_16.50.23</value></Data><Data name="NEI1"><value>TECH:5G CELLID:18 LAC:1 CELL:2 ARFCN:644640 LEVEL:-105 QUAL:-11 </value></Data><Data name="NEI2"><value></value></Data><Data name="NEI3"><value></value></Data><Data name="NEI4"><value></value></Data><Data name="NEI5"><value></value></Data><Data name="NEI6"><value></value></Data></ExtendedData><Style><LabelStyle><scale>0.0</scale> </LabelStyle><IconStyle><color>FF880088</color><scale>0.5</scale><Icon><href>http://maps.google.com/mapfiles/kml/shapes/shaded_dot.png</href></Icon></IconStyle></Style><Point><coordinates>-75.75552823,39.66443926,0</coordinates></Point></Placemark><Placemark><name>5G</name><ExtendedData><Data name="CGI"><value>3150100000100018</value></Data><Data name="CELLNAME"><value></value></Data><Data name="CELLID"><value>18</value></Data><Data name="RNC"><value>0</value></Data><Data name="TAC"><value>1</value></Data><Data name="TECHNOLOGY"><value>5G SA</value></Data><Data name="MODE"><value>5G</value></Data><Data name="ARFCN"><value>644640</value></Data><Data name="BAND"><value>N48</value></Data><Data name="BANDWIDTH"><value></value></Data><Data name="CA"><value>false</value></Data><Data name="NR state"><value></value></Data><Data name="RSRP"><value>-105 dBm</value></Data><Data name="RSRQ"><value>-11</value></Data><Data name="LAYER"><value>1</value></Data><Data name="PC"><value>2</value></Data><Data name="DL_BITRATE"><value>0 kbps</value></Data><Data name="UL_BITRATE"><value>0 kbps</value></Data><Data name="IP"><value></value></Data><Data name="SNR"><value>13.0</value></Data><Data name="PHONE STATE"><value>I</value></Data><Data name="IMEI"><value></value></Data><Data name="SPEED"><value>38 km/h</value></Data><Data name="HEIGHT"><value>3m</value></Data><Data name="ALTITUDE"><value>3m</value></Data><Data name="LOCATION"><value>G</value></Data><Data name="ACCURACY"><value>3m</value></Data><Data name="DISTANCE"><value>-1m</value></Data><Data name="SITE BEARING"><value>1000deg</value></Data><Data name="ANTENNA BEARING"><value>1000deg</value></Data><Data name="CELLHEX"><value>12</value></Data><Data name="NODEHEX"><value>0</value></Data><Data name="LACHEX"><value>1</value></Data><Data name="RAWCELLID"><value>18</value></Data><Data name="TIME"><value>2026.08.18_16.50.24</value></Data><Data name="NEI1"><value>TECH:5G CELLID:18 LAC:1 CELL:2 ARFCN:644640 LEVEL:-105 QUAL:-11 </value></Data><Data name="NEI2"><value></value></Data><Data name="NEI3"><value></value></Data><Data name="NEI4"><value></value></Data><Data name="NEI5"><value></value></Data><Data name="NEI6"><value></value></Data></ExtendedData><Style><LabelStyle><scale>0.0</scale> </LabelStyle><IconStyle><color>FF880088</color><scale>0.5</scale><Icon><href>http://maps.google.com/mapfiles/kml/shapes/shaded_dot.png</href></Icon></IconStyle></Style><Point><coordinates>-75.75554013,39.66453292,0</coordinates></Point></Placemark><Placemark><name>5G</name><ExtendedData><Data name="CGI"><value>3150100000100018</value></Data><Data name="CELLNAME"><value></value></Data><Data name="CELLID"><value>18</value></Data><Data name="RNC"><value>0</value></Data><Data name="TAC"><value>1</value></Data><Data name="TECHNOLOGY"><value>5G SA</value></Data><Data name="MODE"><value>5G</value></Data><Data name="ARFCN"><value>644640</value></Data><Data name="BAND"><value>N48</value></Data><Data name="BANDWIDTH"><value></value></Data><Data name="CA"><value>false</value></Data><Data name="NR state"><value></value></Data><Data name="RSRP"><value>-105 dBm</value></Data><Data name="RSRQ"><value>-11</value></Data><Data name="LAYER"><value>1</value></Data><Data name="PC"><value>2</value></Data><Data name="DL_BITRATE"><value>0 kbps</value></Data><Data name="UL_BITRATE"><value>0 kbps</value></Data><Data name="IP"><value></value></Data><Data name="SNR"><value>13.0</value></Data><Data name="PHONE STATE"><value>I</value></Data><Data name="IMEI"><value></value></Data><Data name="SPEED"><value>40 km/h</value></Data><Data name="HEIGHT"><value>3m</value></Data><Data name="ALTITUDE"><value>3m</value></Data><Data name="LOCATION"><value>G</value></Data><Data name="ACCURACY"><value>3m</value></Data><Data name="DISTANCE"><value>-1m</value></Data><Data name="SITE BEARING"><value>1000deg</value></Data><Data name="ANTENNA BEARING"><value>1000deg</value></Data><Data name="CELLHEX"><value>12</value></Data><Data name="NODEHEX"><value>0</value></Data><Data name="LACHEX"><value>1</value></Data><Data name="RAWCELLID"><value>18</value></Data><Data name="TIME"><value>2026.08.18_16.50.25</value></Data><Data name="NEI1"><value>TECH:5G CELLID:18 LAC:1 CELL:2 ARFCN:644640 LEVEL:-105 QUAL:-11 </value></Data><Data name="NEI2"><value></value></Data><Data name="NEI3"><value></value></Data><Data name="NEI4"><value></value></Data><Data name="NEI5"><value></value></Data><Data name="NEI6"><value></value></Data></ExtendedData><Style><LabelStyle><scale>0.0</scale> </LabelStyle><IconStyle><color>FF880088</color><scale>0.5</scale><Icon><href>http://maps.google.com/mapfiles/kml/shapes/shaded_dot.png</href></Icon></IconStyle></Style><Point><coordinates>-75.75555338,39.66463311,0</coordinates></Point></Placemark><Placemark><name>5G</name><ExtendedData><Data name="CGI"><value>3150100000100018</value></Data><Data name="CELLNAME"><value></value></Data><Data name="CELLID"><value>18</value></Data><Data name="RNC"><value>0</value></Data><Data name="TAC"><value>1</value></Data><Data name="TECHNOLOGY"><value>5G SA</value></Data><Data name="MODE"><value>5G</value></Data><Data name="ARFCN"><value>644640</value></Data><Data name="BAND"><value>N48</value></Data><Data name="BANDWIDTH"><value></value></Data><Data name="CA"><value>false</value></Data><Data name="NR state"><value></value></Data><Data name="RSRP"><value>-105 dBm</value></Data><Data name="RSRQ"><value>-11</value></Data><Data name="LAYER"><value>1</value></Data><Data name="PC"><value>2</value></Data><Data name="DL_BITRATE"><value>0 kbps</value></Data><Data name="UL_BITRATE"><value>0 kbps</value></Data><Data name="IP"><value></value></Data><Data name="SNR"><value>13.0</value></Data><Data name="PHONE STATE"><value>I</value></Data><Data name="IMEI"><value></value></Data><Data name="SPEED"><value>41 km/h</value></Data><Data name="HEIGHT"><value>3m</value></Data><Data name="ALTITUDE"><value>3m</value></Data><Data name="LOCATION"><value>G</value></Data><Data name="ACCURACY"><value>3m</value></Data><Data name="DISTANCE"><value>-1m</value></Data><Data name="SITE BEARING"><value>1000deg</value></Data><Data name="ANTENNA BEARING"><value>1000deg</value></Data><Data name="CELLHEX"><value>12</value></Data><Data name="NODEHEX"><value>0</value></Data><Data name="LACHEX"><value>1</value></Data><Data name="RAWCELLID"><value>18</value></Data><Data name="TIME"><value>2026.08.18_16.50.26</value></Data><Data name="NEI1"><value>TECH:5G CELLID:18 LAC:1 CELL:2 ARFCN:644640 LEVEL:-105 QUAL:-11 </value></Data><Data name="NEI2"><value></value></Data><Data name="NEI3"><value></value></Data><Data name="NEI4"><value></value></Data><Data name="NEI5"><value></value></Data><Data name="NEI6"><value></value></Data></ExtendedData><Style><LabelStyle><scale>0.0</scale> </LabelStyle><IconStyle><color>FF880088</color><scale>0.5</scale><Icon><href>http://maps.google.com/mapfiles/kml/shapes/shaded_dot.png</href></Icon></IconStyle></Style><Point><coordinates>-75.75556643,39.66473795,0</coordinates></Point></Placemark><Placemark><name>5G</name><ExtendedData><Data name="CGI"><value>3150100000100018</value></Data><Data name="CELLNAME"><value></value></Data><Data name="CELLID"><value>18</value></Data><Data name="RNC"><value>0</value></Data><Data name="TAC"><value>1</value></Data><Data name="TECHNOLOGY"><value>5G SA</value></Data><Data name="MODE"><value>5G</value></Data><Data name="ARFCN"><value>644640</value></Data><Data name="BAND"><value>N48</value></Data><Data name="BANDWIDTH"><value></value></Data><Data name="CA"><value>false</value></Data><Data name="NR state"><value></value></Data><Data name="RSRP"><value>-105 dBm</value></Data><Data name="RSRQ"><value>-11</value></Data><Data name="LAYER"><value>1</value></Data><Data name="PC"><value>2</value></Data><Data name="DL_BITRATE"><value>0 kbps</value></Data><Data name="UL_BITRATE"><value>0 kbps</value></Data><Data name="IP"><value></value></Data><Data name="SNR"><value>13.0</value></Data><Data name="PHONE STATE"><value>I</value></Data><Data name="IMEI"><value></value></Data><Data name="SPEED"><value>40 km/h</value></Data><Data name="HEIGHT"><value>3m</value></Data><Data name="ALTITUDE"><value>3m</value></Data><Data name="LOCATION"><value>G</value></Data><Data name="ACCURACY"><value>3m</value></Data><Data name="DISTANCE"><value>-1m</value></Data><Data name="SITE BEARING"><value>1000deg</value></Data><Data name="ANTENNA BEARING"><value>1000deg</value></Data><Data name="CELLHEX"><value>12</value></Data><Data name="NODEHEX"><value>0</value></Data><Data name="LACHEX"><value>1</value></Data><Data name="RAWCELLID"><value>18</value></Data><Data name="TIME"><value>2026.08.18_16.50.27</value></Data><Data name="NEI1"><value>TECH:5G CELLID:18 LAC:1 CELL:2 ARFCN:644640 LEVEL:-105 QUAL:-11 </value></Data><Data name="NEI2"><value></value></Data><Data name="NEI3"><value></value></Data><Data name="NEI4"><value></value></Data><Data name="NEI5"><value></value></Data><Data name="NEI6"><value></value></Data></ExtendedData><Style><LabelStyle><scale>0.0</scale> </LabelStyle><IconStyle><color>FF880088</color><scale>0.5</scale><Icon><href>http://maps.google.com/mapfiles/kml/shapes/shaded_dot.png</href></Icon></IconStyle></Style><Point><coordinates>-75.7555832,39.66483956,0</coordinates></Point></Placemark><Placemark><name>5G</name><ExtendedData><Data name="CGI"><value>3150100000100018</value></Data><Data name="CELLNAME"><value></value></Data><Data name="CELLID"><value>18</value></Data><Data name="RNC"><value>0</value></Data><Data name="TAC"><value>1</value></Data><Data name="TECHNOLOGY"><value>5G SA</value></Data><Data name="MODE"><value>5G</value></Data><Data name="ARFCN"><value>644640</value></Data><Data name="BAND"><value>N48</value></Data><Data name="BANDWIDTH"><value></value></Data><Data name="CA"><value>false</value></Data><Data name="NR state"><value></value></Data><Data name="RSRP"><value>-105 dBm</value></Data><Data name="RSRQ"><value>-11</value></Data><Data name="LAYER"><value>1</value></Data><Data name="PC"><value>2</value></Data><Data name="DL_BITRATE"><value>0 kbps</value></Data><Data name="UL_BITRATE"><value>0 kbps</value></Data><Data name="IP"><value></value></Data><Data name="SNR"><value>13.0</value></Data><Data name="PHONE STATE"><value>I</value></Data><Data name="IMEI"><value></value></Data><Data name="SPEED"><value>39 km/h</value></Data><Data name="HEIGHT"><value>3m</value></Data><Data name="ALTITUDE"><value>3m</value></Data><Data name="LOCATION"><value>G</value></Data><Data name="ACCURACY"><value>3m</value></Data><Data name="DISTANCE"><value>-1m</value></Data><Data name="SITE BEARING"><value>1000deg</value></Data><Data name="ANTENNA BEARING"><value>1000deg</value></Data><Data name="CELLHEX"><value>12</value></Data><Data name="NODEHEX"><value>0</value></Data><Data name="LACHEX"><value>1</value></Data><Data name="RAWCELLID"><value>18</value></Data><Data name="TIME"><value>2026.08.18_16.50.28</value></Data><Data name="NEI1"><value>TECH:5G CELLID:18 LAC:1 CELL:2 ARFCN:644640 LEVEL:-105 QUAL:-11 </value></Data><Data name="NEI2"><value></value></Data><Data name="NEI3"><value></value></Data><Data name="NEI4"><value></value></Data><Data name="NEI5"><value></value></Data><Data name="NEI6"><value></value></Data></ExtendedData><Style><LabelStyle><scale>0.0</scale> </LabelStyle><IconStyle><color>FF880088</color><scale>0.5</scale><Icon><href>http://maps.google.com/mapfiles/kml/shapes/shaded_dot.png</href></Icon></IconStyle></Style><Point><coordinates>-75.7555991,39.66493969,0</coordinates></Point></Placemark><Placemark><name>5G</name><ExtendedData><Data name="CGI"><value>3150100000100018</value></Data><Data name="CELLNAME"><value></value></Data><Data name="CELLID"><value>18</value></Data><Data name="RNC"><value>0</value></Data><Data name="TAC"><value>1</value></Data><Data name="TECHNOLOGY"><value>5G SA</value></Data><Data name="MODE"><value>5G</value></Data><Data name="ARFCN"><value>644640</value></Data><Data name="BAND"><value>N48</value></Data><Data name="BANDWIDTH"><value></value></Data><Data name="CA"><value>false</value></Data><Data name="NR state"><value></value></Data><Data name="RSRP"><value>-105 dBm</value></Data><Data name="RSRQ"><value>-11</value></Data><Data name="LAYER"><value>1</value></Data><Data name="PC"><value>2</value></Data><Data name="DL_BITRATE"><value>0 kbps</value></Data><Data name="UL_BITRATE"><value>0 kbps</value></Data><Data name="IP"><value></value></Data><Data name="SNR"><value>13.0</value></Data><Data name="PHONE STATE"><value>I</value></Data><Data name="IMEI"><value></value></Data><Data name="SPEED"><value>38 km/h</value></Data><Data name="HEIGHT"><value>3m</value></Data><Data name="ALTITUDE"><value>3m</value></Data><Data name="LOCATION"><value>G</value></Data><Data name="ACCURACY"><value>3m</value></Data><Data name="DISTANCE"><value>-1m</value></Data><Data name="SITE BEARING"><value>1000deg</value></Data><Data name="ANTENNA BEARING"><value>1000deg</value></Data><Data name="CELLHEX"><value>12</value></Data><Data name="NODEHEX"><value>0</value></Data><Data name="LACHEX"><value>1</value></Data><Data name="RAWCELLID"><value>18</value></Data><Data name="TIME"><value>2026.08.18_16.50.29</value></Data><Data name="NEI1"><value>TECH:5G CELLID:18 LAC:1 CELL:2 ARFCN:644640 LEVEL:-105 QUAL:-11 </value></Data><Data name="NEI2"><value></value></Data><Data name="NEI3"><value></value></Data><Data name="NEI4"><value></value></Data><Data name="NEI5"><value></value></Data><Data name="NEI6"><value></value></Data></ExtendedData><Style><LabelStyle><scale>0.0</scale> </LabelStyle><IconStyle><color>FF880088</color><scale>0.5</scale><Icon><href>http://maps.google.com/mapfiles/kml/shapes/shaded_dot.png</href></Icon></IconStyle></Style><Point><coordinates>-75.75561314,39.66503576,0</coordinates></Point></Placemark><Placemark><name>5G</name><ExtendedData><Data name="CGI"><value>3150100000100018</value></Data><Data name="CELLNAME"><value></value></Data><Data name="CELLID"><value>18</value></Data><Data name="RNC"><value>0</value></Data><Data name="TAC"><value>1</value></Data><Data name="TECHNOLOGY"><value>5G SA</value></Data><Data name="MODE"><value>5G</value></Data><Data name="ARFCN"><value>644640</value></Data><Data name="BAND"><value>N48</value></Data><Data name="BANDWIDTH"><value></value></Data><Data name="CA"><value>false</value></Data><Data name="NR state"><value></value></Data><Data name="RSRP"><value>-105 dBm</value></Data><Data name="RSRQ"><value>-11</value></Data><Data name="LAYER"><value>1</value></Data><Data name="PC"><value>2</value></Data><Data name="DL_BITRATE"><value>0 kbps</value></Data><Data name="UL_BITRATE"><value>0 kbps</value></Data><Data name="IP"><value></value></Data><Data name="SNR"><value>13.0</value></Data><Data name="PHONE STATE"><value>I</value></Data><Data name="IMEI"><value></value></Data><Data name="SPEED"><value>37 km/h</value></Data><Data name="HEIGHT"><value>3m</value></Data><Data name="ALTITUDE"><value>3m</value></Data><Data name="LOCATION"><value>G</value></Data><Data name="ACCURACY"><value>3m</value></Data><Data name="DISTANCE"><value>-1m</value></Data><Data name="SITE BEARING"><value>1000deg</value></Data><Data name="ANTENNA BEARING"><value>1000deg</value></Data><Data name="CELLHEX"><value>12</value></Data><Data name="NODEHEX"><value>0</value></Data><Data name="LACHEX"><value>1</value></Data><Data name="RAWCELLID"><value>18</value></Data><Data name="TIME"><value>2026.08.18_16.50.30</value></Data><Data name="NEI1"><value>TECH:5G CELLID:18 LAC:1 CELL:2 ARFCN:644640 LEVEL:-105 QUAL:-11 </value></Data><Data name="NEI2"><value></value></Data><Data name="NEI3"><value></value></Data><Data name="NEI4"><value></value></Data><Data name="NEI5"><value></value></Data><Data name="NEI6"><value></value></Data></ExtendedData><Style><LabelStyle><scale>0.0</scale> </LabelStyle><IconStyle><color>FF880088</color><scale>0.5</scale><Icon><href>http://maps.google.com/mapfiles/kml/shapes/shaded_dot.png</href></Icon></IconStyle></Style><Point><coordinates>-75.75562317,39.66512983,0</coordinates></Point></Placemark><Placemark><name>5G</name><ExtendedData><Data name="CGI"><value>3150100000100018</value></Data><Data name="CELLNAME"><value></value></Data><Data name="CELLID"><value>18</value></Data><Data name="RNC"><value>0</value></Data><Data name="TAC"><value>1</value></Data><Data name="TECHNOLOGY"><value>5G SA</value></Data><Data name="MODE"><value>5G</value></Data><Data name="ARFCN"><value>644640</value></Data><Data name="BAND"><value>N48</value></Data><Data name="BANDWIDTH"><value></value></Data><Data name="CA"><value>false</value></Data><Data name="NR state"><value></value></Data><Data name="RSRP"><value>-105 dBm</value></Data><Data name="RSRQ"><value>-11</value></Data><Data name="LAYER"><value>1</value></Data><Data name="PC"><value>2</value></Data><Data name="DL_BITRATE"><value>0 kbps</value></Data><Data name="UL_BITRATE"><value>0 kbps</value></Data><Data name="IP"><value></value></Data><Data name="SNR"><value>13.0</value></Data><Data name="PHONE STATE"><value>I</value></Data><Data name="IMEI"><value></value></Data><Data name="SPEED"><value>36 km/h</value></Data><Data name="HEIGHT"><value>3m</value></Data><Data name="ALTITUDE"><value>3m</value></Data><Data name="LOCATION"><value>G</value></Data><Data name="ACCURACY"><value>3m</value></Data><Data name="DISTANCE"><value>-1m</value></Data><Data name="SITE BEARING"><value>1000deg</value></Data><Data name="ANTENNA BEARING"><value>1000deg</value></Data><Data name="CELLHEX"><value>12</value></Data><Data name="NODEHEX"><value>0</value></Data><Data name="LACHEX"><value>1</value></Data><Data name="RAWCELLID"><value>18</value></Data><Data name="TIME"><value>2026.08.18_16.50.31</value></Data><Data name="NEI1"><value>TECH:5G CELLID:18 LAC:1 CELL:2 ARFCN:644640 LEVEL:-105 QUAL:-11 </value></Data><Data name="NEI2"><value></value></Data><Data name="NEI3"><value></value></Data><Data name="NEI4"><value></value></Data><Data name="NEI5"><value></value></Data><Data name="NEI6"><value></value></Data></ExtendedData><Style><LabelStyle><scale>0.0</scale> </LabelStyle><IconStyle><color>FF880088</color><scale>0.5</scale><Icon><href>http://maps.google.com/mapfiles/kml/shapes/shaded_dot.png</href></Icon></IconStyle></Style><Point><coordinates>-75.75563125,39.66522058,0</coordinates></Point></Placemark><Placemark><name>5G</name><ExtendedData><Data name="CGI"><value>3150100000100018</value></Data><Data name="CELLNAME"><value></value></Data><Data name="CELLID"><value>18</value></Data><Data name="RNC"><value>0</value></Data><Data name="TAC"><value>1</value></Data><Data name="TECHNOLOGY"><value>5G SA</value></Data><Data name="MODE"><value>5G</value></Data><Data name="ARFCN"><value>644640</value></Data><Data name="BAND"><value>N48</value></Data><Data name="BANDWIDTH"><value></value></Data><Data name="CA"><value>false</value></Data><Data name="NR state"><value></value></Data><Data name="RSRP"><value>-105 dBm</value></Data><Data name="RSRQ"><value>-11</value></Data><Data name="LAYER"><value>1</value></Data><Data name="PC"><value>2</value></Data><Data name="DL_BITRATE"><value>0 kbps</value></Data><Data name="UL_BITRATE"><value>0 kbps</value></Data><Data name="IP"><value></value></Data><Data name="SNR"><value>13.0</value></Data><Data name="PHONE STATE"><value>I</value></Data><Data name="IMEI"><value></value></Data><Data name="SPEED"><value>31 km/h</value></Data><Data name="HEIGHT"><value>3m</value></Data><Data name="ALTITUDE"><value>3m</value></Data><Data name="LOCATION"><value>G</value></Data><Data name="ACCURACY"><value>3m</value></Data><Data name="DISTANCE"><value>-1m</value></Data><Data name="SITE BEARING"><value>1000deg</value></Data><Data name="ANTENNA BEARING"><value>1000deg</value></Data><Data name="CELLHEX"><value>12</value></Data><Data name="NODEHEX"><value>0</value></Data><Data name="LACHEX"><value>1</value></Data><Data name="RAWCELLID"><value>18</value></Data><Data name="TIME"><value>2026.08.18_16.50.33</value></Data><Data name="NEI1"><value>TECH:5G CELLID:18 LAC:1 CELL:2 ARFCN:644640 LEVEL:-105 QUAL:-11 </value></Data><Data name="NEI2"><value></value></Data><Data name="NEI3"><value></value></Data><Data name="NEI4"><value></value></Data><Data name="NEI5"><value></value></Data><Data name="NEI6"><value></value></Data></ExtendedData><Style><LabelStyle><scale>0.0</scale> </LabelStyle><IconStyle><color>FF880088</color><scale>0.5</scale><Icon><href>http://maps.google.com/mapfiles/kml/shapes/shaded_dot.png</href></Icon></IconStyle></Style><Point><coordinates>-75.75565024,39.66538466,0</coordinates></Point></Placemark><Placemark><name>5G</name><ExtendedData><Data name="CGI"><value>3150100000100018</value></Data><Data name="CELLNAME"><value></value></Data><Data name="CELLID"><value>18</value></Data><Data name="RNC"><value>0</value></Data><Data name="TAC"><value>1</value></Data><Data name="TECHNOLOGY"><value>5G SA</value></Data><Data name="MODE"><value>5G</value></Data><Data name="ARFCN"><value>644640</value></Data><Data name="BAND"><value>N48</value></Data><Data name="BANDWIDTH"><value></value></Data><Data name="CA"><value>false</value></Data><Data name="NR state"><value></value></Data><Data name="RSRP"><value>-105 dBm</value></Data><Data name="RSRQ"><value>-11</value></Data><Data name="LAYER"><value>1</value></Data><Data name="PC"><value>2</value></Data><Data name="DL_BITRATE"><value>0 kbps</value></Data><Data name="UL_BITRATE"><value>0 kbps</value></Data><Data name="IP"><value></value></Data><Data name="SNR"><value>13.0</value></Data><Data name="PHONE STATE"><value>I</value></Data><Data name="IMEI"><value></value></Data><Data name="SPEED"><value>22 km/h</value></Data><Data name="HEIGHT"><value>3m</value></Data><Data name="ALTITUDE"><value>3m</value></Data><Data name="LOCATION"><value>G</value></Data><Data name="ACCURACY"><value>3m</value></Data><Data name="DISTANCE"><value>-1m</value></Data><Data name="SITE BEARING"><value>1000deg</value></Data><Data name="ANTENNA BEARING"><value>1000deg</value></Data><Data name="CELLHEX"><value>12</value></Data><Data name="NODEHEX"><value>0</value></Data><Data name="LACHEX"><value>1</value></Data><Data name="RAWCELLID"><value>18</value></Data><Data name="TIME"><value>2026.08.18_16.50.35</value></Data><Data name="NEI1"><value>TECH:5G CELLID:18 LAC:1 CELL:2 ARFCN:644640 LEVEL:-105 QUAL:-11 </value></Data><Data name="NEI2"><value></value></Data><Data name="NEI3"><value></value></Data><Data name="NEI4"><value></value></Data><Data name="NEI5"><value></value></Data><Data name="NEI6"><value></value></Data></ExtendedData><Style><LabelStyle><scale>0.0</scale> </LabelStyle><IconStyle><color>FF880088</color><scale>0.5</scale><Icon><href>http://maps.google.com/mapfiles/kml/shapes/shaded_dot.png</href></Icon></IconStyle></Style><Point><coordinates>-75.75566304,39.66550492,0</coordinates></Point></Placemark><Placemark><name>5G</name><ExtendedData><Data name="CGI"><value>3150100000100018</value></Data><Data name="CELLNAME"><value></value></Data><Data name="CELLID"><value>18</value></Data><Data name="RNC"><value>0</value></Data><Data name="TAC"><value>1</value></Data><Data name="TECHNOLOGY"><value>5G SA</value></Data><Data name="MODE"><value>5G</value></Data><Data name="ARFCN"><value>644640</value></Data><Data name="BAND"><value>N48</value></Data><Data name="BANDWIDTH"><value></value></Data><Data name="CA"><value>false</value></Data><Data name="NR state"><value></value></Data><Data name="RSRP"><value>-105 dBm</value></Data><Data name="RSRQ"><value>-11</value></Data><Data name="LAYER"><value>1</value></Data><Data name="PC"><value>2</value></Data><Data name="DL_BITRATE"><value>0 kbps</value></Data><Data name="UL_BITRATE"><value>0 kbps</value></Data><Data name="IP"><value></value></Data><Data name="SNR"><value>13.0</value></Data><Data name="PHONE STATE"><value>I</value></Data><Data name="IMEI"><value></value></Data><Data name="SPEED"><value>12 km/h</value></Data><Data name="HEIGHT"><value>2m</value></Data><Data name="ALTITUDE"><value>2m</value></Data><Data name="LOCATION"><value>G</value></Data><Data name="ACCURACY"><value>3m</value></Data><Data name="DISTANCE"><value>-1m</value></Data><Data name="SITE BEARING"><value>1000deg</value></Data><Data name="ANTENNA BEARING"><value>1000deg</value></Data><Data name="CELLHEX"><value>12</value></Data><Data name="NODEHEX"><value>0</value></Data><Data name="LACHEX"><value>1</value></Data><Data name="RAWCELLID"><value>18</value></Data><Data name="TIME"><value>2026.08.18_16.50.38</value></Data><Data name="NEI1"><value>TECH:5G CELLID:18 LAC:1 CELL:2 ARFCN:644640 LEVEL:-105 QUAL:-11 </value></Data><Data name="NEI2"><value></value></Data><Data name="NEI3"><value></value></Data><Data name="NEI4"><value></value></Data><Data name="NEI5"><value></value></Data><Data name="NEI6"><value></value></Data></ExtendedData><Style><LabelStyle><scale>0.0</scale> </LabelStyle><IconStyle><color>FF880088</color><scale>0.5</scale><Icon><href>http://maps.google.com/mapfiles/kml/shapes/shaded_dot.png</href></Icon></IconStyle></Style><Point><coordinates>-75.75567212,39.66561442,0</coordinates></Point></Placemark><Placemark><name>5G</name><ExtendedData><Data name="CGI"><value>3150100000100018</value></Data><Data name="CELLNAME"><value></value></Data><Data name="CELLID"><value>18</value></Data><Data name="RNC"><value>0</value></Data><Data name="TAC"><value>1</value></Data><Data name="TECHNOLOGY"><value>5G NSA</value></Data><Data name="MODE"><value>5G</value></Data><Data name="ARFCN"><value>644640</value></Data><Data name="BAND"><value>N48</value></Data><Data name="BANDWIDTH"><value></value></Data><Data name="CA"><value>false</value></Data><Data name="NR state"><value></value></Data><Data name="RSRP"><value>-105 dBm</value></Data><Data name="RSRQ"><value>-11</value></Data><Data name="LAYER"><value>1</value></Data><Data name="PC"><value>2</value></Data><Data name="DL_BITRATE"><value>0 kbps</value></Data><Data name="UL_BITRATE"><value>0 kbps</value></Data><Data name="IP"><value></value></Data><Data name="SNR"><value>13.0</value></Data><Data name="PHONE STATE"><value>I</value></Data><Data name="IMEI"><value></value></Data><Data name="SPEED"><value>18 km/h</value></Data><Data name="HEIGHT"><value>2m</value></Data><Data name="ALTITUDE"><value>2m</value></Data><Data name="LOCATION"><value>G</value></Data><Data name="ACCURACY"><value>3m</value></Data><Data name="DISTANCE"><value>-1m</value></Data><Data name="SITE BEARING"><value>1000deg</value></Data><Data name="ANTENNA BEARING"><value>1000deg</value></Data><Data name="CELLHEX"><value>12</value></Data><Data name="NODEHEX"><value>0</value></Data><Data name="LACHEX"><value>1</value></Data><Data name="RAWCELLID"><value>18</value></Data><Data name="TIME"><value>2026.08.18_16.50.41</value></Data><Data name="NEI1"><value>TECH:5G CELLID:17 LAC:1 CELL:1 ARFCN:637248 LEVEL:-103 QUAL:-12 </value></Data><Data name="NEI2"><value>TECH:5G CELLID:18 LAC:1 CELL:2 ARFCN:644640 LEVEL:-105 QUAL:-11 </value></Data><Data name="NEI3"><value></value></Data><Data name="NEI4"><value></value></Data><Data name="NEI5"><value></value></Data><Data name="NEI6"><value></value></Data></ExtendedData><Style><LabelStyle><scale>0.0</scale> </LabelStyle><IconStyle><color>FFFF00FF</color><scale>0.5</scale><Icon><href>http://maps.google.com/mapfiles/kml/shapes/shaded_dot.png</href></Icon></IconStyle></Style><Point><coordinates>-75.75554933,39.66569522,0</coordinates></Point></Placemark><Placemark><name>5G</name><ExtendedData><Data name="CGI"><value>3150100000100018</value></Data><Data name="CELLNAME"><value></value></Data><Data name="CELLID"><value>18</value></Data><Data name="RNC"><value>0</value></Data><Data name="TAC"><value>1</value></Data><Data name="TECHNOLOGY"><value>5G NSA</value></Data><Data name="MODE"><value>5G</value></Data><Data name="ARFCN"><value>644640</value></Data><Data name="BAND"><value>N48</value></Data><Data name="BANDWIDTH"><value></value></Data><Data name="CA"><value>false</value></Data><Data name="NR state"><value></value></Data><Data name="RSRP"><value>-105 dBm</value></Data><Data name="RSRQ"><value>-11</value></Data><Data name="LAYER"><value>1</value></Data><Data name="PC"><value>2</value></Data><Data name="DL_BITRATE"><value>105 kbps</value></Data><Data name="UL_BITRATE"><value>49 kbps</value></Data><Data name="IP"><value>10.120.121.24</value></Data><Data name="SNR"><value>13.0</value></Data><Data name="PHONE STATE"><value>D</value></Data><Data name="IMEI"><value></value></Data><Data name="SPEED"><value>27 km/h</value></Data><Data name="HEIGHT"><value>2m</value></Data><Data name="ALTITUDE"><value>2m</value></Data><Data name="LOCATION"><value>G</value></Data><Data name="ACCURACY"><value>3m</value></Data><Data name="DISTANCE"><value>-1m</value></Data><Data name="SITE BEARING"><value>1000deg</value></Data><Data name="ANTENNA BEARING"><value>1000deg</value></Data><Data name="CELLHEX"><value>12</value></Data><Data name="NODEHEX"><value>0</value></Data><Data name="LACHEX"><value>1</value></Data><Data name="RAWCELLID"><value>18</value></Data><Data name="TIME"><value>2026.08.18_16.50.43</value></Data><Data name="NEI1"><value>TECH:5G CELLID:17 LAC:1 CELL:1 ARFCN:637248 LEVEL:-104 QUAL:-11 </value></Data><Data name="NEI2"><value>TECH:5G CELLID:18 LAC:1 CELL:2 ARFCN:644640 LEVEL:-105 QUAL:-11 </value></Data><Data name="NEI3"><value></value></Data><Data name="NEI4"><value></value></Data><Data name="NEI5"><value></value></Data><Data name="NEI6"><value></value></Data></ExtendedData><Style><LabelStyle><scale>0.0</scale> </LabelStyle><IconStyle><color>FFFF00FF</color><scale>0.5</scale><Icon><href>http://maps.google.com/mapfiles/kml/shapes/shaded_dot.png</href></Icon></IconStyle></Style><Point><coordinates>-75.75538454,39.66570299,0</coordinates></Point></Placemark><Placemark><name>5G</name><ExtendedData><Data name="CGI"><value>3150100000100018</value></Data><Data name="CELLNAME"><value></value></Data><Data name="CELLID"><value>18</value></Data><Data name="RNC"><value>0</value></Data><Data name="TAC"><value>1</value></Data><Data name="TECHNOLOGY"><value>5G NSA</value></Data><Data name="MODE"><value>5G</value></Data><Data name="ARFCN"><value>644640</value></Data><Data name="BAND"><value>N48</value></Data><Data name="BANDWIDTH"><value></value></Data><Data name="CA"><value>false</value></Data><Data name="NR state"><value></value></Data><Data name="RSRP"><value>-105 dBm</value></Data><Data name="RSRQ"><value>-11</value></Data><Data name="LAYER"><value>1</value></Data><Data name="PC"><value>2</value></Data><Data name="DL_BITRATE"><value>0 kbps</value></Data><Data name="UL_BITRATE"><value>0 kbps</value></Data><Data name="IP"><value>10.120.121.24</value></Data><Data name="SNR"><value>13.0</value></Data><Data name="PHONE STATE"><value>D</value></Data><Data name="IMEI"><value></value></Data><Data name="SPEED"><value>32 km/h</value></Data><Data name="HEIGHT"><value>2m</value></Data><Data name="ALTITUDE"><value>2m</value></Data><Data name="LOCATION"><value>G</value></Data><Data name="ACCURACY"><value>3m</value></Data><Data name="DISTANCE"><value>-1m</value></Data><Data name="SITE BEARING"><value>1000deg</value></Data><Data name="ANTENNA BEARING"><value>1000deg</value></Data><Data name="CELLHEX"><value>12</value></Data><Data name="NODEHEX"><value>0</value></Data><Data name="LACHEX"><value>1</value></Data><Data name="RAWCELLID"><value>18</value></Data><Data name="TIME"><value>2026.08.18_16.50.45</value></Data><Data name="NEI1"><value>TECH:5G CELLID:18 LAC:1 CELL:2 ARFCN:644640 LEVEL:-105 QUAL:-11 </value></Data><Data name="NEI2"><value>TECH:5G CELLID:17 LAC:1 CELL:1 ARFCN:637248 LEVEL:-105 QUAL:-11 </value></Data><Data name="NEI3"><value></value></Data><Data name="NEI4"><value></value></Data><Data name="NEI5"><value></value></Data><Data name="NEI6"><value></value></Data></ExtendedData><Style><LabelStyle><scale>0.0</scale> </LabelStyle><IconStyle><color>FFFF00FF</color><scale>0.5</scale><Icon><href>http://maps.google.com/mapfiles/kml/shapes/shaded_dot.png</href></Icon></IconStyle></Style><Point><coordinates>-75.75517963,39.66571687,0</coordinates></Point></Placemark><Placemark><name>5G</name><ExtendedData><Data name="CGI"><value>3150100000100018</value></Data><Data name="CELLNAME"><value></value></Data><Data name="CELLID"><value>18</value></Data><Data name="RNC"><value>0</value></Data><Data name="TAC"><value>1</value></Data><Data name="TECHNOLOGY"><value>5G NSA</value></Data><Data name="MODE"><value>5G</value></Data><Data name="ARFCN"><value>644640</value></Data><Data name="BAND"><value>N48</value></Data><Data name="BANDWIDTH"><value></value></Data><Data name="CA"><value>false</value></Data><Data name="NR state"><value></value></Data><Data name="RSRP"><value>-105 dBm</value></Data><Data name="RSRQ"><value>-11</value></Data><Data name="LAYER"><value>1</value></Data><Data name="PC"><value>2</value></Data><Data name="DL_BITRATE"><value>36 kbps</value></Data><Data name="UL_BITRATE"><value>17 kbps</value></Data><Data name="IP"><value>10.120.121.24</value></Data><Data name="SNR"><value>13.0</value></Data><Data name="PHONE STATE"><value>D</value></Data><Data name="IMEI"><value></value></Data><Data name="SPEED"><value>33 km/h</value></Data><Data name="HEIGHT"><value>2m</value></Data><Data name="ALTITUDE"><value>2m</value></Data><Data name="LOCATION"><value>G</value></Data><Data name="ACCURACY"><value>3m</value></Data><Data name="DISTANCE"><value>-1m</value></Data><Data name="SITE BEARING"><value>1000deg</value></Data><Data name="ANTENNA BEARING"><value>1000deg</value></Data><Data name="CELLHEX"><value>12</value></Data><Data name="NODEHEX"><value>0</value></Data><Data name="LACHEX"><value>1</value></Data><Data name="RAWCELLID"><value>18</value></Data><Data name="TIME"><value>2026.08.18_16.50.47</value></Data><Data name="NEI1"><value>TECH:5G CELLID:17 LAC:1 CELL:1 ARFCN:637248 LEVEL:-104 QUAL:-11 </value></Data><Data name="NEI2"><value>TECH:5G CELLID:18 LAC:1 CELL:2 ARFCN:644640 LEVEL:-105 QUAL:-11 </value></Data><Data name="NEI3"><value></value></Data><Data name="NEI4"><value></value></Data><Data name="NEI5"><value></value></Data><Data name="NEI6"><value></value></Data></ExtendedData><Style><LabelStyle><scale>0.0</scale> </LabelStyle><IconStyle><color>FFFF00FF</color><scale>0.5</scale><Icon><href>http://maps.google.com/mapfiles/kml/shapes/shaded_dot.png</href></Icon></IconStyle></Style><Point><coordinates>-75.75496053,39.66573449,0</coordinates></Point></Placemark><Placemark><name>5G</name><ExtendedData><Data name="CGI"><value>3150100000100018</value></Data><Data name="CELLNAME"><value></value></Data><Data name="CELLID"><value>18</value></Data><Data name="RNC"><value>0</value></Data><Data name="TAC"><value>1</value></Data><Data name="TECHNOLOGY"><value>5G NSA</value></Data><Data name="MODE"><value>5G</value></Data><Data name="ARFCN"><value>644640</value></Data><Data name="BAND"><value>N48</value></Data><Data name="BANDWIDTH"><value></value></Data><Data name="CA"><value>false</value></Data><Data name="NR state"><value></value></Data><Data name="RSRP"><value>-105 dBm</value></Data><Data name="RSRQ"><value>-11</value></Data><Data name="LAYER"><value>1</value></Data><Data name="PC"><value>2</value></Data><Data name="DL_BITRATE"><value>0 kbps</value></Data><Data name="UL_BITRATE"><value>0 kbps</value></Data><Data name="IP"><value>10.120.121.24</value></Data><Data name="SNR"><value>13.0</value></Data><Data name="PHONE STATE"><value>I</value></Data><Data name="IMEI"><value></value></Data><Data name="SPEED"><value>32 km/h</value></Data><Data name="HEIGHT"><value>2m</value></Data><Data name="ALTITUDE"><value>2m</value></Data><Data name="LOCATION"><value>G</value></Data><Data name="ACCURACY"><value>3m</value></Data><Data name="DISTANCE"><value>-1m</value></Data><Data name="SITE BEARING"><value>1000deg</value></Data><Data name="ANTENNA BEARING"><value>1000deg</value></Data><Data name="CELLHEX"><value>12</value></Data><Data name="NODEHEX"><value>0</value></Data><Data name="LACHEX"><value>1</value></Data><Data name="RAWCELLID"><value>18</value></Data><Data name="TIME"><value>2026.08.18_16.50.49</value></Data><Data name="NEI1"><value>TECH:5G CELLID:18 LAC:1 CELL:2 ARFCN:644640 LEVEL:-105 QUAL:-11 </value></Data><Data name="NEI2"><value>TECH:5G CELLID:17 LAC:1 CELL:1 ARFCN:637248 LEVEL:-107 QUAL:-11 </value></Data><Data name="NEI3"><value></value></Data><Data name="NEI4"><value></value></Data><Data name="NEI5"><value></value></Data><Data name="NEI6"><value></value></Data></ExtendedData><Style><LabelStyle><scale>0.0</scale> </LabelStyle><IconStyle><color>FFFF00FF</color><scale>0.5</scale><Icon><href>http://maps.google.com/mapfiles/kml/shapes/shaded_dot.png</href></Icon></IconStyle></Style><Point><coordinates>-75.75474956,39.66574484,0</coordinates></Point></Placemark><Placemark><name>5G</name><ExtendedData><Data name="CGI"><value>3150100000100018</value></Data><Data name="CELLNAME"><value></value></Data><Data name="CELLID"><value>18</value></Data><Data name="RNC"><value>0</value></Data><Data name="TAC"><value>1</value></Data><Data name="TECHNOLOGY"><value>5G NSA</value></Data><Data name="MODE"><value>5G</value></Data><Data name="ARFCN"><value>644640</value></Data><Data name="BAND"><value>N48</value></Data><Data name="BANDWIDTH"><value></value></Data><Data name="CA"><value>false</value></Data><Data name="NR state"><value></value></Data><Data name="RSRP"><value>-105 dBm</value></Data><Data name="RSRQ"><value>-11</value></Data><Data name="LAYER"><value>1</value></Data><Data name="PC"><value>2</value></Data><Data name="DL_BITRATE"><value>0 kbps</value></Data><Data name="UL_BITRATE"><value>0 kbps</value></Data><Data name="IP"><value>10.120.121.24</value></Data><Data name="SNR"><value>13.0</value></Data><Data name="PHONE STATE"><value>I</value></Data><Data name="IMEI"><value></value></Data><Data name="SPEED"><value>31 km/h</value></Data><Data name="HEIGHT"><value>1m</value></Data><Data name="ALTITUDE"><value>1m</value></Data><Data name="LOCATION"><value>G</value></Data><Data name="ACCURACY"><value>3m</value></Data><Data name="DISTANCE"><value>-1m</value></Data><Data name="SITE BEARING"><value>1000deg</value></Data><Data name="ANTENNA BEARING"><value>1000deg</value></Data><Data name="CELLHEX"><value>12</value></Data><Data name="NODEHEX"><value>0</value></Data><Data name="LACHEX"><value>1</value></Data><Data name="RAWCELLID"><value>18</value></Data><Data name="TIME"><value>2026.08.18_16.50.51</value></Data><Data name="NEI1"><value>TECH:5G CELLID:18 LAC:1 CELL:2 ARFCN:644640 LEVEL:-105 QUAL:-11 </value></Data><Data name="NEI2"><value>TECH:5G CELLID:17 LAC:1 CELL:1 ARFCN:637248 LEVEL:-105 QUAL:-11 </value></Data><Data name="NEI3"><value></value></Data><Data name="NEI4"><value></value></Data><Data name="NEI5"><value></value></Data><Data name="NEI6"><value></value></Data></ExtendedData><Style><LabelStyle><scale>0.0</scale> </LabelStyle><IconStyle><color>FFFF00FF</color><scale>0.5</scale><Icon><href>http://maps.google.com/mapfiles/kml/shapes/shaded_dot.png</href></Icon></IconStyle></Style><Point><coordinates>-75.75454593,39.6657455,0</coordinates></Point></Placemark><Placemark><name>5G</name><ExtendedData><Data name="CGI"><value>3150100000100018</value></Data><Data name="CELLNAME"><value></value></Data><Data name="CELLID"><value>18</value></Data><Data name="RNC"><value>0</value></Data><Data name="TAC"><value>1</value></Data><Data name="TECHNOLOGY"><value>5G NSA</value></Data><Data name="MODE"><value>5G</value></Data><Data name="ARFCN"><value>644640</value></Data><Data name="BAND"><value>N48</value></Data><Data name="BANDWIDTH"><value></value></Data><Data name="CA"><value>false</value></Data><Data name="NR state"><value></value></Data><Data name="RSRP"><value>-105 dBm</value></Data><Data name="RSRQ"><value>-11</value></Data><Data name="LAYER"><value>1</value></Data><Data name="PC"><value>2</value></Data><Data name="DL_BITRATE"><value>0 kbps</value></Data><Data name="UL_BITRATE"><value>0 kbps</value></Data><Data name="IP"><value>10.120.121.24</value></Data><Data name="SNR"><value>13.0</value></Data><Data name="PHONE STATE"><value>I</value></Data><Data name="IMEI"><value></value></Data><Data name="SPEED"><value>30 km/h</value></Data><Data name="HEIGHT"><value>1m</value></Data><Data name="ALTITUDE"><value>1m</value></Data><Data name="LOCATION"><value>G</value></Data><Data name="ACCURACY"><value>3m</value></Data><Data name="DISTANCE"><value>-1m</value></Data><Data name="SITE BEARING"><value>1000deg</value></Data><Data name="ANTENNA BEARING"><value>1000deg</value></Data><Data name="CELLHEX"><value>12</value></Data><Data name="NODEHEX"><value>0</value></Data><Data name="LACHEX"><value>1</value></Data><Data name="RAWCELLID"><value>18</value></Data><Data name="TIME"><value>2026.08.18_16.50.53</value></Data><Data name="NEI1"><value>TECH:5G CELLID:18 LAC:1 CELL:2 ARFCN:644640 LEVEL:-105 QUAL:-11 </value></Data><Data name="NEI2"><value>TECH:5G CELLID:17 LAC:1 CELL:1 ARFCN:637248 LEVEL:-111 QUAL:-11 </value></Data><Data name="NEI3"><value></value></Data><Data name="NEI4"><value></value></Data><Data name="NEI5"><value></value></Data><Data name="NEI6"><value></value></Data></ExtendedData><Style><LabelStyle><scale>0.0</scale> </LabelStyle><IconStyle><color>FFFF00FF</color><scale>0.5</scale><Icon><href>http://maps.google.com/mapfiles/kml/shapes/shaded_dot.png</href></Icon></IconStyle></Style><Point><coordinates>-75.75434275,39.66576129,0</coordinates></Point></Placemark><Placemark><name>5G</name><ExtendedData><Data name="CGI"><value>3150100000100018</value></Data><Data name="CELLNAME"><value></value></Data><Data name="CELLID"><value>18</value></Data><Data name="RNC"><value>0</value></Data><Data name="TAC"><value>1</value></Data><Data name="TECHNOLOGY"><value>5G NSA</value></Data><Data name="MODE"><value>5G</value></Data><Data name="ARFCN"><value>644640</value></Data><Data name="BAND"><value>N48</value></Data><Data name="BANDWIDTH"><value></value></Data><Data name="CA"><value>false</value></Data><Data name="NR state"><value></value></Data><Data name="RSRP"><value>-105 dBm</value></Data><Data name="RSRQ"><value>-11</value></Data><Data name="LAYER"><value>1</value></Data><Data name="PC"><value>2</value></Data><Data name="DL_BITRATE"><value>0 kbps</value></Data><Data name="UL_BITRATE"><value>0 kbps</value></Data><Data name="IP"><value>10.120.121.24</value></Data><Data name="SNR"><value>13.0</value></Data><Data name="PHONE STATE"><value>I</value></Data><Data name="IMEI"><value></value></Data><Data name="SPEED"><value>25 km/h</value></Data><Data name="HEIGHT"><value>0m</value></Data><Data name="ALTITUDE"><value>0m</value></Data><Data name="LOCATION"><value>G</value></Data><Data name="ACCURACY"><value>3m</value></Data><Data name="DISTANCE"><value>-1m</value></Data><Data name="SITE BEARING"><value>1000deg</value></Data><Data name="ANTENNA BEARING"><value>1000deg</value></Data><Data name="CELLHEX"><value>12</value></Data><Data name="NODEHEX"><value>0</value></Data><Data name="LACHEX"><value>1</value></Data><Data name="RAWCELLID"><value>18</value></Data><Data name="TIME"><value>2026.08.18_16.50.55</value></Data><Data name="NEI1"><value>TECH:5G CELLID:18 LAC:1 CELL:2 ARFCN:644640 LEVEL:-105 QUAL:-11 </value></Data><Data name="NEI2"><value>TECH:5G CELLID:17 LAC:1 CELL:1 ARFCN:637248 LEVEL:-111 QUAL:-11 </value></Data><Data name="NEI3"><value></value></Data><Data name="NEI4"><value></value></Data><Data name="NEI5"><value></value></Data><Data name="NEI6"><value></value></Data></ExtendedData><Style><LabelStyle><scale>0.0</scale> </LabelStyle><IconStyle><color>FFFF00FF</color><scale>0.5</scale><Icon><href>http://maps.google.com/mapfiles/kml/shapes/shaded_dot.png</href></Icon></IconStyle></Style><Point><coordinates>-75.75416556,39.66576921,0</coordinates></Point></Placemark><Placemark><name>5G</name><ExtendedData><Data name="CGI"><value>3150100000100018</value></Data><Data name="CELLNAME"><value></value></Data><Data name="CELLID"><value>18</value></Data><Data name="RNC"><value>0</value></Data><Data name="TAC"><value>1</value></Data><Data name="TECHNOLOGY"><value>5G NSA</value></Data><Data name="MODE"><value>5G</value></Data><Data name="ARFCN"><value>644640</value></Data><Data name="BAND"><value>N48</value></Data><Data name="BANDWIDTH"><value></value></Data><Data name="CA"><value>false</value></Data><Data name="NR state"><value></value></Data><Data name="RSRP"><value>-105 dBm</value></Data><Data name="RSRQ"><value>-11</value></Data><Data name="LAYER"><value>1</value></Data><Data name="PC"><value>2</value></Data><Data name="DL_BITRATE"><value>0 kbps</value></Data><Data name="UL_BITRATE"><value>0 kbps</value></Data><Data name="IP"><value>10.120.121.24</value></Data><Data name="SNR"><value>13.0</value></Data><Data name="PHONE STATE"><value>D</value></Data><Data name="IMEI"><value></value></Data><Data name="SPEED"><value>14 km/h</value></Data><Data name="HEIGHT"><value>0m</value></Data><Data name="ALTITUDE"><value>0m</value></Data><Data name="LOCATION"><value>G</value></Data><Data name="ACCURACY"><value>3m</value></Data><Data name="DISTANCE"><value>-1m</value></Data><Data name="SITE BEARING"><value>1000deg</value></Data><Data name="ANTENNA BEARING"><value>1000deg</value></Data><Data name="CELLHEX"><value>12</value></Data><Data name="NODEHEX"><value>0</value></Data><Data name="LACHEX"><value>1</value></Data><Data name="RAWCELLID"><value>18</value></Data><Data name="TIME"><value>2026.08.18_16.50.58</value></Data><Data name="NEI1"><value>TECH:5G CELLID:18 LAC:1 CELL:2 ARFCN:644640 LEVEL:-105 QUAL:-11 </value></Data><Data name="NEI2"><value>TECH:5G CELLID:17 LAC:1 CELL:1 ARFCN:637248 LEVEL:-113 QUAL:-11 </value></Data><Data name="NEI3"><value></value></Data><Data name="NEI4"><value></value></Data><Data name="NEI5"><value></value></Data><Data name="NEI6"><value></value></Data></ExtendedData><Style><LabelStyle><scale>0.0</scale> </LabelStyle><IconStyle><color>FFFF00FF</color><scale>0.5</scale><Icon><href>http://maps.google.com/mapfiles/kml/shapes/shaded_dot.png</href></Icon></IconStyle></Style><Point><coordinates>-75.75408242,39.66584975,0</coordinates></Point></Placemark><Placemark><name>5G</name><ExtendedData><Data name="CGI"><value>3150100000100018</value></Data><Data name="CELLNAME"><value></value></Data><Data name="CELLID"><value>18</value></Data><Data name="RNC"><value>0</value></Data><Data name="TAC"><value>1</value></Data><Data name="TECHNOLOGY"><value>5G NSA</value></Data><Data name="MODE"><value>5G</value></Data><Data name="ARFCN"><value>644640</value></Data><Data name="BAND"><value>N48</value></Data><Data name="BANDWIDTH"><value></value></Data><Data name="CA"><value>false</value></Data><Data name="NR state"><value></value></Data><Data name="RSRP"><value>-105 dBm</value></Data><Data name="RSRQ"><value>-11</value></Data><Data name="LAYER"><value>1</value></Data><Data name="PC"><value>2</value></Data><Data name="DL_BITRATE"><value>0 kbps</value></Data><Data name="UL_BITRATE"><value>0 kbps</value></Data><Data name="IP"><value>10.120.121.24</value></Data><Data name="SNR"><value>13.0</value></Data><Data name="PHONE STATE"><value>I</value></Data><Data name="IMEI"><value></value></Data><Data name="SPEED"><value>19 km/h</value></Data><Data name="HEIGHT"><value>1m</value></Data><Data name="ALTITUDE"><value>1m</value></Data><Data name="LOCATION"><value>G</value></Data><Data name="ACCURACY"><value>3m</value></Data><Data name="DISTANCE"><value>-1m</value></Data><Data name="SITE BEARING"><value>1000deg</value></Data><Data name="ANTENNA BEARING"><value>1000deg</value></Data><Data name="CELLHEX"><value>12</value></Data><Data name="NODEHEX"><value>0</value></Data><Data name="LACHEX"><value>1</value></Data><Data name="RAWCELLID"><value>18</value></Data><Data name="TIME"><value>2026.08.18_16.51.00</value></Data><Data name="NEI1"><value>TECH:5G CELLID:18 LAC:1 CELL:2 ARFCN:644640 LEVEL:-105 QUAL:-11 </value></Data><Data name="NEI2"><value>TECH:5G CELLID:17 LAC:1 CELL:1 ARFCN:637248 LEVEL:-105 QUAL:-11 </value></Data><Data name="NEI3"><value></value></Data><Data name="NEI4"><value></value></Data><Data name="NEI5"><value></value></Data><Data name="NEI6"><value></value></Data></ExtendedData><Style><LabelStyle><scale>0.0</scale> </LabelStyle><IconStyle><color>FFFF00FF</color><scale>0.5</scale><Icon><href>http://maps.google.com/mapfiles/kml/shapes/shaded_dot.png</href></Icon></IconStyle></Style><Point><coordinates>-75.75409687,39.6659435,0</coordinates></Point></Placemark><Placemark><name>5G</name><ExtendedData><Data name="CGI"><value>3150100000100018</value></Data><Data name="CELLNAME"><value></value></Data><Data name="CELLID"><value>18</value></Data><Data name="RNC"><value>0</value></Data><Data name="TAC"><value>1</value></Data><Data name="TECHNOLOGY"><value>5G NSA</value></Data><Data name="MODE"><value>5G</value></Data><Data name="ARFCN"><value>644640</value></Data><Data name="BAND"><value>N48</value></Data><Data name="BANDWIDTH"><value></value></Data><Data name="CA"><value>false</value></Data><Data name="NR state"><value></value></Data><Data name="RSRP"><value>-105 dBm</value></Data><Data name="RSRQ"><value>-11</value></Data><Data name="LAYER"><value>1</value></Data><Data name="PC"><value>2</value></Data><Data name="DL_BITRATE"><value>0 kbps</value></Data><Data name="UL_BITRATE"><value>0 kbps</value></Data><Data name="IP"><value>10.120.121.24</value></Data><Data name="SNR"><value>13.0</value></Data><Data name="PHONE STATE"><value>I</value></Data><Data name="IMEI"><value></value></Data><Data name="SPEED"><value>21 km/h</value></Data><Data name="HEIGHT"><value>1m</value></Data><Data name="ALTITUDE"><value>1m</value></Data><Data name="LOCATION"><value>G</value></Data><Data name="ACCURACY"><value>3m</value></Data><Data name="DISTANCE"><value>-1m</value></Data><Data name="SITE BEARING"><value>1000deg</value></Data><Data name="ANTENNA BEARING"><value>1000deg</value></Data><Data name="CELLHEX"><value>12</value></Data><Data name="NODEHEX"><value>0</value></Data><Data name="LACHEX"><value>1</value></Data><Data name="RAWCELLID"><value>18</value></Data><Data name="TIME"><value>2026.08.18_16.51.02</value></Data><Data name="NEI1"><value>TECH:5G CELLID:18 LAC:1 CELL:2 ARFCN:644640 LEVEL:-105 QUAL:-11 </value></Data><Data name="NEI2"><value>TECH:5G CELLID:17 LAC:1 CELL:1 ARFCN:637248 LEVEL:-106 QUAL:-11 </value></Data><Data name="NEI3"><value></value></Data><Data name="NEI4"><value></value></Data><Data name="NEI5"><value></value></Data><Data name="NEI6"><value></value></Data></ExtendedData><Style><LabelStyle><scale>0.0</scale> </LabelStyle><IconStyle><color>FFFF00FF</color><scale>0.5</scale><Icon><href>http://maps.google.com/mapfiles/kml/shapes/shaded_dot.png</href></Icon></IconStyle></Style><Point><coordinates>-75.75411591,39.66605393,0</coordinates></Point></Placemark><Placemark><name>5G</name><ExtendedData><Data name="CGI"><value>3150100000100018</value></Data><Data name="CELLNAME"><value></value></Data><Data name="CELLID"><value>18</value></Data><Data name="RNC"><value>0</value></Data><Data name="TAC"><value>1</value></Data><Data name="TECHNOLOGY"><value>5G NSA</value></Data><Data name="MODE"><value>5G</value></Data><Data name="ARFCN"><value>644640</value></Data><Data name="BAND"><value>N48</value></Data><Data name="BANDWIDTH"><value></value></Data><Data name="CA"><value>false</value></Data><Data name="NR state"><value></value></Data><Data name="RSRP"><value>-105 dBm</value></Data><Data name="RSRQ"><value>-11</value></Data><Data name="LAYER"><value>1</value></Data><Data name="PC"><value>2</value></Data><Data name="DL_BITRATE"><value>0 kbps</value></Data><Data name="UL_BITRATE"><value>0 kbps</value></Data><Data name="IP"><value>10.120.121.24</value></Data><Data name="SNR"><value>13.0</value></Data><Data name="PHONE STATE"><value>I</value></Data><Data name="IMEI"><value></value></Data><Data name="SPEED"><value>21 km/h</value></Data><Data name="HEIGHT"><value>1m</value></Data><Data name="ALTITUDE"><value>1m</value></Data><Data name="LOCATION"><value>G</value></Data><Data name="ACCURACY"><value>3m</value></Data><Data name="DISTANCE"><value>-1m</value></Data><Data name="SITE BEARING"><value>1000deg</value></Data><Data name="ANTENNA BEARING"><value>1000deg</value></Data><Data name="CELLHEX"><value>12</value></Data><Data name="NODEHEX"><value>0</value></Data><Data name="LACHEX"><value>1</value></Data><Data name="RAWCELLID"><value>18</value></Data><Data name="TIME"><value>2026.08.18_16.51.04</value></Data><Data name="NEI1"><value>TECH:5G CELLID:17 LAC:1 CELL:1 ARFCN:637248 LEVEL:-104 QUAL:-13 </value></Data><Data name="NEI2"><value>TECH:5G CELLID:18 LAC:1 CELL:2 ARFCN:644640 LEVEL:-105 QUAL:-11 </value></Data><Data name="NEI3"><value></value></Data><Data name="NEI4"><value></value></Data><Data name="NEI5"><value></value></Data><Data name="NEI6"><value></value></Data></ExtendedData><Style><LabelStyle><scale>0.0</scale> </LabelStyle><IconStyle><color>FFFF00FF</color><scale>0.5</scale><Icon><href>http://maps.google.com/mapfiles/kml/shapes/shaded_dot.png</href></Icon></IconStyle></Style><Point><coordinates>-75.7541311,39.66616197,0</coordinates></Point></Placemark><Placemark><name>5G</name><ExtendedData><Data name="CGI"><value>3150100000100018</value></Data><Data name="CELLNAME"><value></value></Data><Data name="CELLID"><value>18</value></Data><Data name="RNC"><value>0</value></Data><Data name="TAC"><value>1</value></Data><Data name="TECHNOLOGY"><value>5G NSA</value></Data><Data name="MODE"><value>5G</value></Data><Data name="ARFCN"><value>644640</value></Data><Data name="BAND"><value>N48</value></Data><Data name="BANDWIDTH"><value></value></Data><Data name="CA"><value>false</value></Data><Data name="NR state"><value></value></Data><Data name="RSRP"><value>-105 dBm</value></Data><Data name="RSRQ"><value>-11</value></Data><Data name="LAYER"><value>1</value></Data><Data name="PC"><value>2</value></Data><Data name="DL_BITRATE"><value>0 kbps</value></Data><Data name="UL_BITRATE"><value>0 kbps</value></Data><Data name="IP"><value>10.120.121.24</value></Data><Data name="SNR"><value>13.0</value></Data><Data name="PHONE STATE"><value>I</value></Data><Data name="IMEI"><value></value></Data><Data name="SPEED"><value>23 km/h</value></Data><Data name="HEIGHT"><value>2m</value></Data><Data name="ALTITUDE"><value>2m</value></Data><Data name="LOCATION"><value>G</value></Data><Data name="ACCURACY"><value>3m</value></Data><Data name="DISTANCE"><value>-1m</value></Data><Data name="SITE BEARING"><value>1000deg</value></Data><Data name="ANTENNA BEARING"><value>1000deg</value></Data><Data name="CELLHEX"><value>12</value></Data><Data name="NODEHEX"><value>0</value></Data><Data name="LACHEX"><value>1</value></Data><Data name="RAWCELLID"><value>18</value></Data><Data name="TIME"><value>2026.08.18_16.51.06</value></Data><Data name="NEI1"><value>TECH:5G CELLID:18 LAC:1 CELL:2 ARFCN:644640 LEVEL:-105 QUAL:-11 </value></Data><Data name="NEI2"><value>TECH:5G CELLID:17 LAC:1 CELL:1 ARFCN:637248 LEVEL:-110 QUAL:-12 </value></Data><Data name="NEI3"><value></value></Data><Data name="NEI4"><value></value></Data><Data name="NEI5"><value></value></Data><Data name="NEI6"><value></value></Data></ExtendedData><Style><LabelStyle><scale>0.0</scale> </LabelStyle><IconStyle><color>FFFF00FF</color><scale>0.5</scale><Icon><href>http://maps.google.com/mapfiles/kml/shapes/shaded_dot.png</href></Icon></IconStyle></Style><Point><coordinates>-75.75414029,39.66628167,0</coordinates></Point></Placemark><Placemark><name>5G</name><ExtendedData><Data name="CGI"><value>3150100000100018</value></Data><Data name="CELLNAME"><value></value></Data><Data name="CELLID"><value>18</value></Data><Data name="RNC"><value>0</value></Data><Data name="TAC"><value>1</value></Data><Data name="TECHNOLOGY"><value>5G NSA</value></Data><Data name="MODE"><value>5G</value></Data><Data name="ARFCN"><value>644640</value></Data><Data name="BAND"><value>N48</value></Data><Data name="BANDWIDTH"><value></value></Data><Data name="CA"><value>false</value></Data><Data name="NR state"><value></value></Data><Data name="RSRP"><value>-105 dBm</value></Data><Data name="RSRQ"><value>-11</value></Data><Data name="LAYER"><value>1</value></Data><Data name="PC"><value>2</value></Data><Data name="DL_BITRATE"><value>0 kbps</value></Data><Data name="UL_BITRATE"><value>0 kbps</value></Data><Data name="IP"><value>10.120.121.24</value></Data><Data name="SNR"><value>13.0</value></Data><Data name="PHONE STATE"><value>I</value></Data><Data name="IMEI"><value></value></Data><Data name="SPEED"><value>21 km/h</value></Data><Data name="HEIGHT"><value>1m</value></Data><Data name="ALTITUDE"><value>1m</value></Data><Data name="LOCATION"><value>G</value></Data><Data name="ACCURACY"><value>3m</value></Data><Data name="DISTANCE"><value>-1m</value></Data><Data name="SITE BEARING"><value>1000deg</value></Data><Data name="ANTENNA BEARING"><value>1000deg</value></Data><Data name="CELLHEX"><value>12</value></Data><Data name="NODEHEX"><value>0</value></Data><Data name="LACHEX"><value>1</value></Data><Data name="RAWCELLID"><value>18</value></Data><Data name="TIME"><value>2026.08.18_16.51.08</value></Data><Data name="NEI1"><value>TECH:5G CELLID:18 LAC:1 CELL:2 ARFCN:644640 LEVEL:-105 QUAL:-11 </value></Data><Data name="NEI2"><value>TECH:5G CELLID:17 LAC:1 CELL:1 ARFCN:637248 LEVEL:-107 QUAL:-11 </value></Data><Data name="NEI3"><value></value></Data><Data name="NEI4"><value></value></Data><Data name="NEI5"><value></value></Data><Data name="NEI6"><value></value></Data></ExtendedData><Style><LabelStyle><scale>0.0</scale> </LabelStyle><IconStyle><color>FFFF00FF</color><scale>0.5</scale><Icon><href>http://maps.google.com/mapfiles/kml/shapes/shaded_dot.png</href></Icon></IconStyle></Style><Point><coordinates>-75.75415422,39.66638846,0</coordinates></Point></Placemark><Placemark><name>5G</name><ExtendedData><Data name="CGI"><value>3150100000100018</value></Data><Data name="CELLNAME"><value></value></Data><Data name="CELLID"><value>18</value></Data><Data name="RNC"><value>0</value></Data><Data name="TAC"><value>1</value></Data><Data name="TECHNOLOGY"><value>5G NSA</value></Data><Data name="MODE"><value>5G</value></Data><Data name="ARFCN"><value>644640</value></Data><Data name="BAND"><value>N48</value></Data><Data name="BANDWIDTH"><value></value></Data><Data name="CA"><value>false</value></Data><Data name="NR state"><value></value></Data><Data name="RSRP"><value>-105 dBm</value></Data><Data name="RSRQ"><value>-11</value></Data><Data name="LAYER"><value>1</value></Data><Data name="PC"><value>2</value></Data><Data name="DL_BITRATE"><value>0 kbps</value></Data><Data name="UL_BITRATE"><value>0 kbps</value></Data><Data name="IP"><value>10.120.121.24</value></Data><Data name="SNR"><value>13.0</value></Data><Data name="PHONE STATE"><value>I</value></Data><Data name="IMEI"><value></value></Data><Data name="SPEED"><value>14 km/h</value></Data><Data name="HEIGHT"><value>1m</value></Data><Data name="ALTITUDE"><value>1m</value></Data><Data name="LOCATION"><value>G</value></Data><Data name="ACCURACY"><value>3m</value></Data><Data name="DISTANCE"><value>-1m</value></Data><Data name="SITE BEARING"><value>1000deg</value></Data><Data name="ANTENNA BEARING"><value>1000deg</value></Data><Data name="CELLHEX"><value>12</value></Data><Data name="NODEHEX"><value>0</value></Data><Data name="LACHEX"><value>1</value></Data><Data name="RAWCELLID"><value>18</value></Data><Data name="TIME"><value>2026.08.18_16.51.11</value></Data><Data name="NEI1"><value>TECH:5G CELLID:18 LAC:1 CELL:2 ARFCN:644640 LEVEL:-105 QUAL:-11 </value></Data><Data name="NEI2"><value>TECH:5G CELLID:17 LAC:1 CELL:1 ARFCN:637248 LEVEL:-109 QUAL:-11 </value></Data><Data name="NEI3"><value></value></Data><Data name="NEI4"><value></value></Data><Data name="NEI5"><value></value></Data><Data name="NEI6"><value></value></Data></ExtendedData><Style><LabelStyle><scale>0.0</scale> </LabelStyle><IconStyle><color>FFFF00FF</color><scale>0.5</scale><Icon><href>http://maps.google.com/mapfiles/kml/shapes/shaded_dot.png</href></Icon></IconStyle></Style><Point><coordinates>-75.75420253,39.66650419,0</coordinates></Point></Placemark><Placemark><name>5G</name><ExtendedData><Data name="CGI"><value>3150100000100018</value></Data><Data name="CELLNAME"><value></value></Data><Data name="CELLID"><value>18</value></Data><Data name="RNC"><value>0</value></Data><Data name="TAC"><value>1</value></Data><Data name="TECHNOLOGY"><value>5G NSA</value></Data><Data name="MODE"><value>5G</value></Data><Data name="ARFCN"><value>644640</value></Data><Data name="BAND"><value>N48</value></Data><Data name="BANDWIDTH"><value></value></Data><Data name="CA"><value>false</value></Data><Data name="NR state"><value></value></Data><Data name="RSRP"><value>-105 dBm</value></Data><Data name="RSRQ"><value>-11</value></Data><Data name="LAYER"><value>1</value></Data><Data name="PC"><value>2</value></Data><Data name="DL_BITRATE"><value>0 kbps</value></Data><Data name="UL_BITRATE"><value>0 kbps</value></Data><Data name="IP"><value>10.120.121.24</value></Data><Data name="SNR"><value>13.0</value></Data><Data name="PHONE STATE"><value>I</value></Data><Data name="IMEI"><value></value></Data><Data name="SPEED"><value>17 km/h</value></Data><Data name="HEIGHT"><value>0m</value></Data><Data name="ALTITUDE"><value>0m</value></Data><Data name="LOCATION"><value>G</value></Data><Data name="ACCURACY"><value>3m</value></Data><Data name="DISTANCE"><value>-1m</value></Data><Data name="SITE BEARING"><value>1000deg</value></Data><Data name="ANTENNA BEARING"><value>1000deg</value></Data><Data name="CELLHEX"><value>12</value></Data><Data name="NODEHEX"><value>0</value></Data><Data name="LACHEX"><value>1</value></Data><Data name="RAWCELLID"><value>18</value></Data><Data name="TIME"><value>2026.08.18_16.51.13</value></Data><Data name="NEI1"><value>TECH:5G CELLID:18 LAC:1 CELL:2 ARFCN:644640 LEVEL:-105 QUAL:-11 </value></Data><Data name="NEI2"><value>TECH:5G CELLID:17 LAC:1 CELL:1 ARFCN:637248 LEVEL:-107 QUAL:-11 </value></Data><Data name="NEI3"><value></value></Data><Data name="NEI4"><value></value></Data><Data name="NEI5"><value></value></Data><Data name="NEI6"><value></value></Data></ExtendedData><Style><LabelStyle><scale>0.0</scale> </LabelStyle><IconStyle><color>FFFF00FF</color><scale>0.5</scale><Icon><href>http://maps.google.com/mapfiles/kml/shapes/shaded_dot.png</href></Icon></IconStyle></Style><Point><coordinates>-75.75429251,39.66657113,0</coordinates></Point></Placemark><Placemark><name>5G</name><ExtendedData><Data name="CGI"><value>3150100000100018</value></Data><Data name="CELLNAME"><value></value></Data><Data name="CELLID"><value>18</value></Data><Data name="RNC"><value>0</value></Data><Data name="TAC"><value>1</value></Data><Data name="TECHNOLOGY"><value>5G NSA</value></Data><Data name="MODE"><value>5G</value></Data><Data name="ARFCN"><value>644640</value></Data><Data name="BAND"><value>N48</value></Data><Data name="BANDWIDTH"><value></value></Data><Data name="CA"><value>false</value></Data><Data name="NR state"><value></value></Data><Data name="RSRP"><value>-105 dBm</value></Data><Data name="RSRQ"><value>-11</value></Data><Data name="LAYER"><value>1</value></Data><Data name="PC"><value>2</value></Data><Data name="DL_BITRATE"><value>0 kbps</value></Data><Data name="UL_BITRATE"><value>0 kbps</value></Data><Data name="IP"><value>10.120.121.24</value></Data><Data name="SNR"><value>13.0</value></Data><Data name="PHONE STATE"><value>D</value></Data><Data name="IMEI"><value></value></Data><Data name="SPEED"><value>19 km/h</value></Data><Data name="HEIGHT"><value>0m</value></Data><Data name="ALTITUDE"><value>0m</value></Data><Data name="LOCATION"><value>G</value></Data><Data name="ACCURACY"><value>3m</value></Data><Data name="DISTANCE"><value>-1m</value></Data><Data name="SITE BEARING"><value>1000deg</value></Data><Data name="ANTENNA BEARING"><value>1000deg</value></Data><Data name="CELLHEX"><value>12</value></Data><Data name="NODEHEX"><value>0</value></Data><Data name="LACHEX"><value>1</value></Data><Data name="RAWCELLID"><value>18</value></Data><Data name="TIME"><value>2026.08.18_16.51.15</value></Data><Data name="NEI1"><value>TECH:5G CELLID:18 LAC:1 CELL:2 ARFCN:644640 LEVEL:-105 QUAL:-11 </value></Data><Data name="NEI2"><value>TECH:5G CELLID:17 LAC:1 CELL:1 ARFCN:637248 LEVEL:-112 QUAL:-11 </value></Data><Data name="NEI3"><value></value></Data><Data name="NEI4"><value></value></Data><Data name="NEI5"><value></value></Data><Data name="NEI6"><value></value></Data></ExtendedData><Style><LabelStyle><scale>0.0</scale> </LabelStyle><IconStyle><color>FFFF00FF</color><scale>0.5</scale><Icon><href>http://maps.google.com/mapfiles/kml/shapes/shaded_dot.png</href></Icon></IconStyle></Style><Point><coordinates>-75.75433038,39.66666351,0</coordinates></Point></Placemark><Placemark><name>5G</name><ExtendedData><Data name="CGI"><value>3150100000100018</value></Data><Data name="CELLNAME"><value></value></Data><Data name="CELLID"><value>18</value></Data><Data name="RNC"><value>0</value></Data><Data name="TAC"><value>1</value></Data><Data name="TECHNOLOGY"><value>5G NSA</value></Data><Data name="MODE"><value>5G</value></Data><Data name="ARFCN"><value>644640</value></Data><Data name="BAND"><value>N48</value></Data><Data name="BANDWIDTH"><value></value></Data><Data name="CA"><value>false</value></Data><Data name="NR state"><value></value></Data><Data name="RSRP"><value>-105 dBm</value></Data><Data name="RSRQ"><value>-11</value></Data><Data name="LAYER"><value>1</value></Data><Data name="PC"><value>2</value></Data><Data name="DL_BITRATE"><value>0 kbps</value></Data><Data name="UL_BITRATE"><value>0 kbps</value></Data><Data name="IP"><value>10.120.121.24</value></Data><Data name="SNR"><value>13.0</value></Data><Data name="PHONE STATE"><value>I</value></Data><Data name="IMEI"><value></value></Data><Data name="SPEED"><value>10 km/h</value></Data><Data name="HEIGHT"><value>0m</value></Data><Data name="ALTITUDE"><value>0m</value></Data><Data name="LOCATION"><value>G</value></Data><Data name="ACCURACY"><value>3m</value></Data><Data name="DISTANCE"><value>-1m</value></Data><Data name="SITE BEARING"><value>1000deg</value></Data><Data name="ANTENNA BEARING"><value>1000deg</value></Data><Data name="CELLHEX"><value>12</value></Data><Data name="NODEHEX"><value>0</value></Data><Data name="LACHEX"><value>1</value></Data><Data name="RAWCELLID"><value>18</value></Data><Data name="TIME"><value>2026.08.18_16.51.18</value></Data><Data name="NEI1"><value>TECH:5G CELLID:18 LAC:1 CELL:2 ARFCN:644640 LEVEL:-105 QUAL:-11 </value></Data><Data name="NEI2"><value>TECH:5G CELLID:17 LAC:1 CELL:1 ARFCN:637248 LEVEL:-112 QUAL:-11 </value></Data><Data name="NEI3"><value></value></Data><Data name="NEI4"><value></value></Data><Data name="NEI5"><value></value></Data><Data name="NEI6"><value></value></Data></ExtendedData><Style><LabelStyle><scale>0.0</scale> </LabelStyle><IconStyle><color>FFFF00FF</color><scale>0.5</scale><Icon><href>http://maps.google.com/mapfiles/kml/shapes/shaded_dot.png</href></Icon></IconStyle></Style><Point><coordinates>-75.75434099,39.66677345,0</coordinates></Point></Placemark><Placemark><name>5G</name><ExtendedData><Data name="CGI"><value>3150100000100018</value></Data><Data name="CELLNAME"><value></value></Data><Data name="CELLID"><value>18</value></Data><Data name="RNC"><value>0</value></Data><Data name="TAC"><value>1</value></Data><Data name="TECHNOLOGY"><value>5G NSA</value></Data><Data name="MODE"><value>5G</value></Data><Data name="ARFCN"><value>644640</value></Data><Data name="BAND"><value>N48</value></Data><Data name="BANDWIDTH"><value></value></Data><Data name="CA"><value>false</value></Data><Data name="NR state"><value></value></Data><Data name="RSRP"><value>-105 dBm</value></Data><Data name="RSRQ"><value>-11</value></Data><Data name="LAYER"><value>1</value></Data><Data name="PC"><value>2</value></Data><Data name="DL_BITRATE"><value>0 kbps</value></Data><Data name="UL_BITRATE"><value>0 kbps</value></Data><Data name="IP"><value>10.120.121.24</value></Data><Data name="SNR"><value>13.0</value></Data><Data name="PHONE STATE"><value>I</value></Data><Data name="IMEI"><value></value></Data><Data name="SPEED"><value>3 km/h</value></Data><Data name="HEIGHT"><value>2m</value></Data><Data name="ALTITUDE"><value>2m</value></Data><Data name="LOCATION"><value>G</value></Data><Data name="ACCURACY"><value>3m</value></Data><Data name="DISTANCE"><value>-1m</value></Data><Data name="SITE BEARING"><value>1000deg</value></Data><Data name="ANTENNA BEARING"><value>1000deg</value></Data><Data name="CELLHEX"><value>12</value></Data><Data name="NODEHEX"><value>0</value></Data><Data name="LACHEX"><value>1</value></Data><Data name="RAWCELLID"><value>18</value></Data><Data name="TIME"><value>2026.08.18_16.51.26</value></Data><Data name="NEI1"><value>TECH:5G CELLID:18 LAC:1 CELL:2 ARFCN:644640 LEVEL:-105 QUAL:-11 </value></Data><Data name="NEI2"><value>TECH:5G CELLID:17 LAC:1 CELL:1 ARFCN:637248 LEVEL:-107 QUAL:-12 </value></Data><Data name="NEI3"><value></value></Data><Data name="NEI4"><value></value></Data><Data name="NEI5"><value></value></Data><Data name="NEI6"><value></value></Data></ExtendedData><Style><LabelStyle><scale>0.0</scale> </LabelStyle><IconStyle><color>FFFF00FF</color><scale>0.5</scale><Icon><href>http://maps.google.com/mapfiles/kml/shapes/shaded_dot.png</href></Icon></IconStyle></Style><Point><coordinates>-75.75434776,39.66686876,0</coordinates></Point></Placemark><Placemark><name>5G</name><ExtendedData><Data name="CGI"><value>3150100000100018</value></Data><Data name="CELLNAME"><value></value></Data><Data name="CELLID"><value>18</value></Data><Data name="RNC"><value>0</value></Data><Data name="TAC"><value>1</value></Data><Data name="TECHNOLOGY"><value>5G NSA</value></Data><Data name="MODE"><value>5G</value></Data><Data name="ARFCN"><value>644640</value></Data><Data name="BAND"><value>N48</value></Data><Data name="BANDWIDTH"><value></value></Data><Data name="CA"><value>false</value></Data><Data name="NR state"><value></value></Data><Data name="RSRP"><value>-105 dBm</value></Data><Data name="RSRQ"><value>-11</value></Data><Data name="LAYER"><value>1</value></Data><Data name="PC"><value>2</value></Data><Data name="DL_BITRATE"><value>0 kbps</value></Data><Data name="UL_BITRATE"><value>0 kbps</value></Data><Data name="IP"><value>10.120.121.24</value></Data><Data name="SNR"><value>13.0</value></Data><Data name="PHONE STATE"><value>I</value></Data><Data name="IMEI"><value></value></Data><Data name="SPEED"><value>19 km/h</value></Data><Data name="HEIGHT"><value>1m</value></Data><Data name="ALTITUDE"><value>1m</value></Data><Data name="LOCATION"><value>G</value></Data><Data name="ACCURACY"><value>3m</value></Data><Data name="DISTANCE"><value>-1m</value></Data><Data name="SITE BEARING"><value>1000deg</value></Data><Data name="ANTENNA BEARING"><value>1000deg</value></Data><Data name="CELLHEX"><value>12</value></Data><Data name="NODEHEX"><value>0</value></Data><Data name="LACHEX"><value>1</value></Data><Data name="RAWCELLID"><value>18</value></Data><Data name="TIME"><value>2026.08.18_16.51.30</value></Data><Data name="NEI1"><value>TECH:5G CELLID:18 LAC:1 CELL:2 ARFCN:644640 LEVEL:-105 QUAL:-11 </value></Data><Data name="NEI2"><value>TECH:5G CELLID:17 LAC:1 CELL:1 ARFCN:637248 LEVEL:-111 QUAL:-12 </value></Data><Data name="NEI3"><value></value></Data><Data name="NEI4"><value></value></Data><Data name="NEI5"><value></value></Data><Data name="NEI6"><value></value></Data></ExtendedData><Style><LabelStyle><scale>0.0</scale> </LabelStyle><IconStyle><color>FFFF00FF</color><scale>0.5</scale><Icon><href>http://maps.google.com/mapfiles/kml/shapes/shaded_dot.png</href></Icon></IconStyle></Style><Point><coordinates>-75.75445161,39.6669595,0</coordinates></Point></Placemark><Placemark><name>5G</name><ExtendedData><Data name="CGI"><value>3150100000100018</value></Data><Data name="CELLNAME"><value></value></Data><Data name="CELLID"><value>18</value></Data><Data name="RNC"><value>0</value></Data><Data name="TAC"><value>1</value></Data><Data name="TECHNOLOGY"><value>5G NSA</value></Data><Data name="MODE"><value>5G</value></Data><Data name="ARFCN"><value>644640</value></Data><Data name="BAND"><value>N48</value></Data><Data name="BANDWIDTH"><value></value></Data><Data name="CA"><value>false</value></Data><Data name="NR state"><value></value></Data><Data name="RSRP"><value>-105 dBm</value></Data><Data name="RSRQ"><value>-11</value></Data><Data name="LAYER"><value>1</value></Data><Data name="PC"><value>2</value></Data><Data name="DL_BITRATE"><value>0 kbps</value></Data><Data name="UL_BITRATE"><value>0 kbps</value></Data><Data name="IP"><value>10.120.121.24</value></Data><Data name="SNR"><value>13.0</value></Data><Data name="PHONE STATE"><value>I</value></Data><Data name="IMEI"><value></value></Data><Data name="SPEED"><value>27 km/h</value></Data><Data name="HEIGHT"><value>1m</value></Data><Data name="ALTITUDE"><value>1m</value></Data><Data name="LOCATION"><value>G</value></Data><Data name="ACCURACY"><value>3m</value></Data><Data name="DISTANCE"><value>-1m</value></Data><Data name="SITE BEARING"><value>1000deg</value></Data><Data name="ANTENNA BEARING"><value>1000deg</value></Data><Data name="CELLHEX"><value>12</value></Data><Data name="NODEHEX"><value>0</value></Data><Data name="LACHEX"><value>1</value></Data><Data name="RAWCELLID"><value>18</value></Data><Data name="TIME"><value>2026.08.18_16.51.32</value></Data><Data name="NEI1"><value>TECH:5G CELLID:17 LAC:1 CELL:1 ARFCN:637248 LEVEL:-103 QUAL:-12 </value></Data><Data name="NEI2"><value>TECH:5G CELLID:18 LAC:1 CELL:2 ARFCN:644640 LEVEL:-105 QUAL:-11 </value></Data><Data name="NEI3"><value></value></Data><Data name="NEI4"><value></value></Data><Data name="NEI5"><value></value></Data><Data name="NEI6"><value></value></Data></ExtendedData><Style><LabelStyle><scale>0.0</scale> </LabelStyle><IconStyle><color>FFFF00FF</color><scale>0.5</scale><Icon><href>http://maps.google.com/mapfiles/kml/shapes/shaded_dot.png</href></Icon></IconStyle></Style><Point><coordinates>-75.75461804,39.6669572,0</coordinates></Point></Placemark><Placemark><name>5G</name><ExtendedData><Data name="CGI"><value>3150100000100018</value></Data><Data name="CELLNAME"><value></value></Data><Data name="CELLID"><value>18</value></Data><Data name="RNC"><value>0</value></Data><Data name="TAC"><value>1</value></Data><Data name="TECHNOLOGY"><value>5G NSA</value></Data><Data name="MODE"><value>5G</value></Data><Data name="ARFCN"><value>644640</value></Data><Data name="BAND"><value>N48</value></Data><Data name="BANDWIDTH"><value></value></Data><Data name="CA"><value>false</value></Data><Data name="NR state"><value></value></Data><Data name="RSRP"><value>-105 dBm</value></Data><Data name="RSRQ"><value>-11</value></Data><Data name="LAYER"><value>1</value></Data><Data name="PC"><value>2</value></Data><Data name="DL_BITRATE"><value>0 kbps</value></Data><Data name="UL_BITRATE"><value>0 kbps</value></Data><Data name="IP"><value>10.120.121.24</value></Data><Data name="SNR"><value>13.0</value></Data><Data name="PHONE STATE"><value>I</value></Data><Data name="IMEI"><value></value></Data><Data name="SPEED"><value>32 km/h</value></Data><Data name="HEIGHT"><value>0m</value></Data><Data name="ALTITUDE"><value>0m</value></Data><Data name="LOCATION"><value>G</value></Data><Data name="ACCURACY"><value>3m</value></Data><Data name="DISTANCE"><value>-1m</value></Data><Data name="SITE BEARING"><value>1000deg</value></Data><Data name="ANTENNA BEARING"><value>1000deg</value></Data><Data name="CELLHEX"><value>12</value></Data><Data name="NODEHEX"><value>0</value></Data><Data name="LACHEX"><value>1</value></Data><Data name="RAWCELLID"><value>18</value></Data><Data name="TIME"><value>2026.08.18_16.51.33</value></Data><Data name="NEI1"><value>TECH:5G CELLID:17 LAC:1 CELL:1 ARFCN:637248 LEVEL:-103 QUAL:-12 </value></Data><Data name="NEI2"><value>TECH:5G CELLID:18 LAC:1 CELL:2 ARFCN:644640 LEVEL:-105 QUAL:-11 </value></Data><Data name="NEI3"><value></value></Data><Data name="NEI4"><value></value></Data><Data name="NEI5"><value></value></Data><Data name="NEI6"><value></value></Data></ExtendedData><Style><LabelStyle><scale>0.0</scale> </LabelStyle><IconStyle><color>FFFF00FF</color><scale>0.5</scale><Icon><href>http://maps.google.com/mapfiles/kml/shapes/shaded_dot.png</href></Icon></IconStyle></Style><Point><coordinates>-75.75473449,39.66693703,0</coordinates></Point></Placemark><Placemark><name>5G</name><ExtendedData><Data name="CGI"><value>3150100000100018</value></Data><Data name="CELLNAME"><value></value></Data><Data name="CELLID"><value>18</value></Data><Data name="RNC"><value>0</value></Data><Data name="TAC"><value>1</value></Data><Data name="TECHNOLOGY"><value>5G NSA</value></Data><Data name="MODE"><value>5G</value></Data><Data name="ARFCN"><value>644640</value></Data><Data name="BAND"><value>N48</value></Data><Data name="BANDWIDTH"><value></value></Data><Data name="CA"><value>false</value></Data><Data name="NR state"><value></value></Data><Data name="RSRP"><value>-105 dBm</value></Data><Data name="RSRQ"><value>-11</value></Data><Data name="LAYER"><value>1</value></Data><Data name="PC"><value>2</value></Data><Data name="DL_BITRATE"><value>0 kbps</value></Data><Data name="UL_BITRATE"><value>1 kbps</value></Data><Data name="IP"><value>10.120.121.24</value></Data><Data name="SNR"><value>13.0</value></Data><Data name="PHONE STATE"><value>D</value></Data><Data name="IMEI"><value></value></Data><Data name="SPEED"><value>37 km/h</value></Data><Data name="HEIGHT"><value>0m</value></Data><Data name="ALTITUDE"><value>0m</value></Data><Data name="LOCATION"><value>G</value></Data><Data name="ACCURACY"><value>3m</value></Data><Data name="DISTANCE"><value>-1m</value></Data><Data name="SITE BEARING"><value>1000deg</value></Data><Data name="ANTENNA BEARING"><value>1000deg</value></Data><Data name="CELLHEX"><value>12</value></Data><Data name="NODEHEX"><value>0</value></Data><Data name="LACHEX"><value>1</value></Data><Data name="RAWCELLID"><value>18</value></Data><Data name="TIME"><value>2026.08.18_16.51.34</value></Data><Data name="NEI1"><value>TECH:5G CELLID:17 LAC:1 CELL:1 ARFCN:637248 LEVEL:-100 QUAL:-11 </value></Data><Data name="NEI2"><value>TECH:5G CELLID:18 LAC:1 CELL:2 ARFCN:644640 LEVEL:-105 QUAL:-11 </value></Data><Data name="NEI3"><value></value></Data><Data name="NEI4"><value></value></Data><Data name="NEI5"><value></value></Data><Data name="NEI6"><value></value></Data></ExtendedData><Style><LabelStyle><scale>0.0</scale> </LabelStyle><IconStyle><color>FFFF00FF</color><scale>0.5</scale><Icon><href>http://maps.google.com/mapfiles/kml/shapes/shaded_dot.png</href></Icon></IconStyle></Style><Point><coordinates>-75.75485401,39.66692816,0</coordinates></Point></Placemark><Placemark><name>5G</name><ExtendedData><Data name="CGI"><value>3150100000100018</value></Data><Data name="CELLNAME"><value></value></Data><Data name="CELLID"><value>18</value></Data><Data name="RNC"><value>0</value></Data><Data name="TAC"><value>1</value></Data><Data name="TECHNOLOGY"><value>5G NSA</value></Data><Data name="MODE"><value>5G</value></Data><Data name="ARFCN"><value>644640</value></Data><Data name="BAND"><value>N48</value></Data><Data name="BANDWIDTH"><value></value></Data><Data name="CA"><value>false</value></Data><Data name="NR state"><value></value></Data><Data name="RSRP"><value>-105 dBm</value></Data><Data name="RSRQ"><value>-11</value></Data><Data name="LAYER"><value>1</value></Data><Data name="PC"><value>2</value></Data><Data name="DL_BITRATE"><value>3 kbps</value></Data><Data name="UL_BITRATE"><value>0 kbps</value></Data><Data name="IP"><value>10.120.121.24</value></Data><Data name="SNR"><value>13.0</value></Data><Data name="PHONE STATE"><value>D</value></Data><Data name="IMEI"><value></value></Data><Data name="SPEED"><value>39 km/h</value></Data><Data name="HEIGHT"><value>0m</value></Data><Data name="ALTITUDE"><value>0m</value></Data><Data name="LOCATION"><value>G</value></Data><Data name="ACCURACY"><value>3m</value></Data><Data name="DISTANCE"><value>-1m</value></Data><Data name="SITE BEARING"><value>1000deg</value></Data><Data name="ANTENNA BEARING"><value>1000deg</value></Data><Data name="CELLHEX"><value>12</value></Data><Data name="NODEHEX"><value>0</value></Data><Data name="LACHEX"><value>1</value></Data><Data name="RAWCELLID"><value>18</value></Data><Data name="TIME"><value>2026.08.18_16.51.35</value></Data><Data name="NEI1"><value>TECH:5G CELLID:17 LAC:1 CELL:1 ARFCN:637248 LEVEL:-100 QUAL:-11 </value></Data><Data name="NEI2"><value>TECH:5G CELLID:18 LAC:1 CELL:2 ARFCN:644640 LEVEL:-105 QUAL:-11 </value></Data><Data name="NEI3"><value></value></Data><Data name="NEI4"><value></value></Data><Data name="NEI5"><value></value></Data><Data name="NEI6"><value></value></Data></ExtendedData><Style><LabelStyle><scale>0.0</scale> </LabelStyle><IconStyle><color>FFFF00FF</color><scale>0.5</scale><Icon><href>http://maps.google.com/mapfiles/kml/shapes/shaded_dot.png</href></Icon></IconStyle></Style><Point><coordinates>-75.75498218,39.66691953,0</coordinates></Point></Placemark><Placemark><name>5G</name><ExtendedData><Data name="CGI"><value>3150100000100018</value></Data><Data name="CELLNAME"><value></value></Data><Data name="CELLID"><value>18</value></Data><Data name="RNC"><value>0</value></Data><Data name="TAC"><value>1</value></Data><Data name="TECHNOLOGY"><value>5G NSA</value></Data><Data name="MODE"><value>5G</value></Data><Data name="ARFCN"><value>644640</value></Data><Data name="BAND"><value>N48</value></Data><Data name="BANDWIDTH"><value></value></Data><Data name="CA"><value>false</value></Data><Data name="NR state"><value></value></Data><Data name="RSRP"><value>-105 dBm</value></Data><Data name="RSRQ"><value>-11</value></Data><Data name="LAYER"><value>1</value></Data><Data name="PC"><value>2</value></Data><Data name="DL_BITRATE"><value>0 kbps</value></Data><Data name="UL_BITRATE"><value>0 kbps</value></Data><Data name="IP"><value>10.120.121.24</value></Data><Data name="SNR"><value>13.0</value></Data><Data name="PHONE STATE"><value>I</value></Data><Data name="IMEI"><value></value></Data><Data name="SPEED"><value>40 km/h</value></Data><Data name="HEIGHT"><value>0m</value></Data><Data name="ALTITUDE"><value>0m</value></Data><Data name="LOCATION"><value>G</value></Data><Data name="ACCURACY"><value>3m</value></Data><Data name="DISTANCE"><value>-1m</value></Data><Data name="SITE BEARING"><value>1000deg</value></Data><Data name="ANTENNA BEARING"><value>1000deg</value></Data><Data name="CELLHEX"><value>12</value></Data><Data name="NODEHEX"><value>0</value></Data><Data name="LACHEX"><value>1</value></Data><Data name="RAWCELLID"><value>18</value></Data><Data name="TIME"><value>2026.08.18_16.51.36</value></Data><Data name="NEI1"><value>TECH:5G CELLID:17 LAC:1 CELL:1 ARFCN:637248 LEVEL:-101 QUAL:-11 </value></Data><Data name="NEI2"><value>TECH:5G CELLID:18 LAC:1 CELL:2 ARFCN:644640 LEVEL:-105 QUAL:-11 </value></Data><Data name="NEI3"><value></value></Data><Data name="NEI4"><value></value></Data><Data name="NEI5"><value></value></Data><Data name="NEI6"><value></value></Data></ExtendedData><Style><LabelStyle><scale>0.0</scale> </LabelStyle><IconStyle><color>FFFF00FF</color><scale>0.5</scale><Icon><href>http://maps.google.com/mapfiles/kml/shapes/shaded_dot.png</href></Icon></IconStyle></Style><Point><coordinates>-75.75511506,39.6669082,0</coordinates></Point></Placemark><Placemark><name>5G</name><ExtendedData><Data name="CGI"><value>3150100000100018</value></Data><Data name="CELLNAME"><value></value></Data><Data name="CELLID"><value>18</value></Data><Data name="RNC"><value>0</value></Data><Data name="TAC"><value>1</value></Data><Data name="TECHNOLOGY"><value>5G NSA</value></Data><Data name="MODE"><value>5G</value></Data><Data name="ARFCN"><value>644640</value></Data><Data name="BAND"><value>N48</value></Data><Data name="BANDWIDTH"><value></value></Data><Data name="CA"><value>false</value></Data><Data name="NR state"><value></value></Data><Data name="RSRP"><value>-105 dBm</value></Data><Data name="RSRQ"><value>-11</value></Data><Data name="LAYER"><value>1</value></Data><Data name="PC"><value>2</value></Data><Data name="DL_BITRATE"><value>0 kbps</value></Data><Data name="UL_BITRATE"><value>0 kbps</value></Data><Data name="IP"><value>10.120.121.24</value></Data><Data name="SNR"><value>13.0</value></Data><Data name="PHONE STATE"><value>I</value></Data><Data name="IMEI"><value></value></Data><Data name="SPEED"><value>41 km/h</value></Data><Data name="HEIGHT"><value>0m</value></Data><Data name="ALTITUDE"><value>0m</value></Data><Data name="LOCATION"><value>G</value></Data><Data name="ACCURACY"><value>3m</value></Data><Data name="DISTANCE"><value>-1m</value></Data><Data name="SITE BEARING"><value>1000deg</value></Data><Data name="ANTENNA BEARING"><value>1000deg</value></Data><Data name="CELLHEX"><value>12</value></Data><Data name="NODEHEX"><value>0</value></Data><Data name="LACHEX"><value>1</value></Data><Data name="RAWCELLID"><value>18</value></Data><Data name="TIME"><value>2026.08.18_16.51.37</value></Data><Data name="NEI1"><value>TECH:5G CELLID:17 LAC:1 CELL:1 ARFCN:637248 LEVEL:-101 QUAL:-11 </value></Data><Data name="NEI2"><value>TECH:5G CELLID:18 LAC:1 CELL:2 ARFCN:644640 LEVEL:-105 QUAL:-11 </value></Data><Data name="NEI3"><value></value></Data><Data name="NEI4"><value></value></Data><Data name="NEI5"><value></value></Data><Data name="NEI6"><value></value></Data></ExtendedData><Style><LabelStyle><scale>0.0</scale> </LabelStyle><IconStyle><color>FFFF00FF</color><scale>0.5</scale><Icon><href>http://maps.google.com/mapfiles/kml/shapes/shaded_dot.png</href></Icon></IconStyle></Style><Point><coordinates>-75.75524872,39.66689695,0</coordinates></Point></Placemark><Placemark><name>5G</name><ExtendedData><Data name="CGI"><value>3150100000100018</value></Data><Data name="CELLNAME"><value></value></Data><Data name="CELLID"><value>18</value></Data><Data name="RNC"><value>0</value></Data><Data name="TAC"><value>1</value></Data><Data name="TECHNOLOGY"><value>5G NSA</value></Data><Data name="MODE"><value>5G</value></Data><Data name="ARFCN"><value>644640</value></Data><Data name="BAND"><value>N48</value></Data><Data name="BANDWIDTH"><value></value></Data><Data name="CA"><value>false</value></Data><Data name="NR state"><value></value></Data><Data name="RSRP"><value>-105 dBm</value></Data><Data name="RSRQ"><value>-11</value></Data><Data name="LAYER"><value>1</value></Data><Data name="PC"><value>2</value></Data><Data name="DL_BITRATE"><value>0 kbps</value></Data><Data name="UL_BITRATE"><value>0 kbps</value></Data><Data name="IP"><value>10.120.121.24</value></Data><Data name="SNR"><value>13.0</value></Data><Data name="PHONE STATE"><value>I</value></Data><Data name="IMEI"><value></value></Data><Data name="SPEED"><value>40 km/h</value></Data><Data name="HEIGHT"><value>1m</value></Data><Data name="ALTITUDE"><value>1m</value></Data><Data name="LOCATION"><value>G</value></Data><Data name="ACCURACY"><value>3m</value></Data><Data name="DISTANCE"><value>-1m</value></Data><Data name="SITE BEARING"><value>1000deg</value></Data><Data name="ANTENNA BEARING"><value>1000deg</value></Data><Data name="CELLHEX"><value>12</value></Data><Data name="NODEHEX"><value>0</value></Data><Data name="LACHEX"><value>1</value></Data><Data name="RAWCELLID"><value>18</value></Data><Data name="TIME"><value>2026.08.18_16.51.38</value></Data><Data name="NEI1"><value>TECH:5G CELLID:17 LAC:1 CELL:1 ARFCN:637248 LEVEL:-101 QUAL:-11 </value></Data><Data name="NEI2"><value>TECH:5G CELLID:18 LAC:1 CELL:2 ARFCN:644640 LEVEL:-105 QUAL:-11 </value></Data><Data name="NEI3"><value></value></Data><Data name="NEI4"><value></value></Data><Data name="NEI5"><value></value></Data><Data name="NEI6"><value></value></Data></ExtendedData><Style><LabelStyle><scale>0.0</scale> </LabelStyle><IconStyle><color>FFFF00FF</color><scale>0.5</scale><Icon><href>http://maps.google.com/mapfiles/kml/shapes/shaded_dot.png</href></Icon></IconStyle></Style><Point><coordinates>-75.75537341,39.66688554,0</coordinates></Point></Placemark><Placemark><name>5G</name><ExtendedData><Data name="CGI"><value>3150100000100018</value></Data><Data name="CELLNAME"><value></value></Data><Data name="CELLID"><value>18</value></Data><Data name="RNC"><value>0</value></Data><Data name="TAC"><value>1</value></Data><Data name="TECHNOLOGY"><value>5G NSA</value></Data><Data name="MODE"><value>5G</value></Data><Data name="ARFCN"><value>644640</value></Data><Data name="BAND"><value>N48</value></Data><Data name="BANDWIDTH"><value></value></Data><Data name="CA"><value>false</value></Data><Data name="NR state"><value></value></Data><Data name="RSRP"><value>-105 dBm</value></Data><Data name="RSRQ"><value>-11</value></Data><Data name="LAYER"><value>1</value></Data><Data name="PC"><value>2</value></Data><Data name="DL_BITRATE"><value>0 kbps</value></Data><Data name="UL_BITRATE"><value>0 kbps</value></Data><Data name="IP"><value>10.120.121.24</value></Data><Data name="SNR"><value>13.0</value></Data><Data name="PHONE STATE"><value>I</value></Data><Data name="IMEI"><value></value></Data><Data name="SPEED"><value>38 km/h</value></Data><Data name="HEIGHT"><value>0m</value></Data><Data name="ALTITUDE"><value>0m</value></Data><Data name="LOCATION"><value>G</value></Data><Data name="ACCURACY"><value>3m</value></Data><Data name="DISTANCE"><value>-1m</value></Data><Data name="SITE BEARING"><value>1000deg</value></Data><Data name="ANTENNA BEARING"><value>1000deg</value></Data><Data name="CELLHEX"><value>12</value></Data><Data name="NODEHEX"><value>0</value></Data><Data name="LACHEX"><value>1</value></Data><Data name="RAWCELLID"><value>18</value></Data><Data name="TIME"><value>2026.08.18_16.51.39</value></Data><Data name="NEI1"><value>TECH:5G CELLID:18 LAC:1 CELL:2 ARFCN:644640 LEVEL:-105 QUAL:-11 </value></Data><Data name="NEI2"><value>TECH:5G CELLID:18 LAC:1 CELL:2 ARFCN:644640 LEVEL:-105 QUAL:-11 </value></Data><Data name="NEI3"><value></value></Data><Data name="NEI4"><value></value></Data><Data name="NEI5"><value></value></Data><Data name="NEI6"><value></value></Data></ExtendedData><Style><LabelStyle><scale>0.0</scale> </LabelStyle><IconStyle><color>FFFF00FF</color><scale>0.5</scale><Icon><href>http://maps.google.com/mapfiles/kml/shapes/shaded_dot.png</href></Icon></IconStyle></Style><Point><coordinates>-75.75549707,39.66687616,0</coordinates></Point></Placemark><Placemark><name>5G</name><ExtendedData><Data name="CGI"><value>3150100000100018</value></Data><Data name="CELLNAME"><value></value></Data><Data name="CELLID"><value>18</value></Data><Data name="RNC"><value>0</value></Data><Data name="TAC"><value>1</value></Data><Data name="TECHNOLOGY"><value>5G NSA</value></Data><Data name="MODE"><value>5G</value></Data><Data name="ARFCN"><value>644640</value></Data><Data name="BAND"><value>N48</value></Data><Data name="BANDWIDTH"><value></value></Data><Data name="CA"><value>false</value></Data><Data name="NR state"><value></value></Data><Data name="RSRP"><value>-105 dBm</value></Data><Data name="RSRQ"><value>-11</value></Data><Data name="LAYER"><value>1</value></Data><Data name="PC"><value>2</value></Data><Data name="DL_BITRATE"><value>0 kbps</value></Data><Data name="UL_BITRATE"><value>0 kbps</value></Data><Data name="IP"><value>10.120.121.24</value></Data><Data name="SNR"><value>13.0</value></Data><Data name="PHONE STATE"><value>I</value></Data><Data name="IMEI"><value></value></Data><Data name="SPEED"><value>23 km/h</value></Data><Data name="HEIGHT"><value>0m</value></Data><Data name="ALTITUDE"><value>0m</value></Data><Data name="LOCATION"><value>G</value></Data><Data name="ACCURACY"><value>3m</value></Data><Data name="DISTANCE"><value>-1m</value></Data><Data name="SITE BEARING"><value>1000deg</value></Data><Data name="ANTENNA BEARING"><value>1000deg</value></Data><Data name="CELLHEX"><value>12</value></Data><Data name="NODEHEX"><value>0</value></Data><Data name="LACHEX"><value>1</value></Data><Data name="RAWCELLID"><value>18</value></Data><Data name="TIME"><value>2026.08.18_16.51.41</value></Data><Data name="NEI1"><value>TECH:5G CELLID:18 LAC:1 CELL:2 ARFCN:644640 LEVEL:-105 QUAL:-11 </value></Data><Data name="NEI2"><value>TECH:5G CELLID:18 LAC:1 CELL:2 ARFCN:644640 LEVEL:-106 QUAL:-11 </value></Data><Data name="NEI3"><value></value></Data><Data name="NEI4"><value></value></Data><Data name="NEI5"><value></value></Data><Data name="NEI6"><value></value></Data></ExtendedData><Style><LabelStyle><scale>0.0</scale> </LabelStyle><IconStyle><color>FFFF00FF</color><scale>0.5</scale><Icon><href>http://maps.google.com/mapfiles/kml/shapes/shaded_dot.png</href></Icon></IconStyle></Style><Point><coordinates>-75.7556677,39.66686403,0</coordinates></Point></Placemark><Placemark><name>5G</name><ExtendedData><Data name="CGI"><value>3150100000100018</value></Data><Data name="CELLNAME"><value></value></Data><Data name="CELLID"><value>18</value></Data><Data name="RNC"><value>0</value></Data><Data name="TAC"><value>1</value></Data><Data name="TECHNOLOGY"><value>5G NSA</value></Data><Data name="MODE"><value>5G</value></Data><Data name="ARFCN"><value>644640</value></Data><Data name="BAND"><value>N48</value></Data><Data name="BANDWIDTH"><value></value></Data><Data name="CA"><value>false</value></Data><Data name="NR state"><value></value></Data><Data name="RSRP"><value>-105 dBm</value></Data><Data name="RSRQ"><value>-11</value></Data><Data name="LAYER"><value>1</value></Data><Data name="PC"><value>2</value></Data><Data name="DL_BITRATE"><value>0 kbps</value></Data><Data name="UL_BITRATE"><value>0 kbps</value></Data><Data name="IP"><value>10.120.121.24</value></Data><Data name="SNR"><value>13.0</value></Data><Data name="PHONE STATE"><value>I</value></Data><Data name="IMEI"><value></value></Data><Data name="SPEED"><value>14 km/h</value></Data><Data name="HEIGHT"><value>0m</value></Data><Data name="ALTITUDE"><value>0m</value></Data><Data name="LOCATION"><value>G</value></Data><Data name="ACCURACY"><value>3m</value></Data><Data name="DISTANCE"><value>-1m</value></Data><Data name="SITE BEARING"><value>1000deg</value></Data><Data name="ANTENNA BEARING"><value>1000deg</value></Data><Data name="CELLHEX"><value>12</value></Data><Data name="NODEHEX"><value>0</value></Data><Data name="LACHEX"><value>1</value></Data><Data name="RAWCELLID"><value>18</value></Data><Data name="TIME"><value>2026.08.18_16.51.44</value></Data><Data name="NEI1"><value>TECH:5G CELLID:18 LAC:1 CELL:2 ARFCN:644640 LEVEL:-105 QUAL:-11 </value></Data><Data name="NEI2"><value>TECH:5G CELLID:18 LAC:1 CELL:2 ARFCN:644640 LEVEL:-106 QUAL:-11 </value></Data><Data name="NEI3"><value></value></Data><Data name="NEI4"><value></value></Data><Data name="NEI5"><value></value></Data><Data name="NEI6"><value></value></Data></ExtendedData><Style><LabelStyle><scale>0.0</scale> </LabelStyle><IconStyle><color>FFFF00FF</color><scale>0.5</scale><Icon><href>http://maps.google.com/mapfiles/kml/shapes/shaded_dot.png</href></Icon></IconStyle></Style><Point><coordinates>-75.75579063,39.6668836,0</coordinates></Point></Placemark><Placemark><name>5G</name><ExtendedData><Data name="CGI"><value>3150100000100018</value></Data><Data name="CELLNAME"><value></value></Data><Data name="CELLID"><value>18</value></Data><Data name="RNC"><value>0</value></Data><Data name="TAC"><value>1</value></Data><Data name="TECHNOLOGY"><value>5G NSA</value></Data><Data name="MODE"><value>5G</value></Data><Data name="ARFCN"><value>644640</value></Data><Data name="BAND"><value>N48</value></Data><Data name="BANDWIDTH"><value></value></Data><Data name="CA"><value>false</value></Data><Data name="NR state"><value></value></Data><Data name="RSRP"><value>-105 dBm</value></Data><Data name="RSRQ"><value>-11</value></Data><Data name="LAYER"><value>1</value></Data><Data name="PC"><value>2</value></Data><Data name="DL_BITRATE"><value>0 kbps</value></Data><Data name="UL_BITRATE"><value>0 kbps</value></Data><Data name="IP"><value>10.120.121.24</value></Data><Data name="SNR"><value>13.0</value></Data><Data name="PHONE STATE"><value>I</value></Data><Data name="IMEI"><value></value></Data><Data name="SPEED"><value>18 km/h</value></Data><Data name="HEIGHT"><value>0m</value></Data><Data name="ALTITUDE"><value>0m</value></Data><Data name="LOCATION"><value>G</value></Data><Data name="ACCURACY"><value>3m</value></Data><Data name="DISTANCE"><value>-1m</value></Data><Data name="SITE BEARING"><value>1000deg</value></Data><Data name="ANTENNA BEARING"><value>1000deg</value></Data><Data name="CELLHEX"><value>12</value></Data><Data name="NODEHEX"><value>0</value></Data><Data name="LACHEX"><value>1</value></Data><Data name="RAWCELLID"><value>18</value></Data><Data name="TIME"><value>2026.08.18_16.51.46</value></Data><Data name="NEI1"><value>TECH:5G CELLID:18 LAC:1 CELL:2 ARFCN:644640 LEVEL:-105 QUAL:-11 </value></Data><Data name="NEI2"><value>TECH:5G CELLID:18 LAC:1 CELL:2 ARFCN:644640 LEVEL:-108 QUAL:-11 </value></Data><Data name="NEI3"><value></value></Data><Data name="NEI4"><value></value></Data><Data name="NEI5"><value></value></Data><Data name="NEI6"><value></value></Data></ExtendedData><Style><LabelStyle><scale>0.0</scale> </LabelStyle><IconStyle><color>FFFF00FF</color><scale>0.5</scale><Icon><href>http://maps.google.com/mapfiles/kml/shapes/shaded_dot.png</href></Icon></IconStyle></Style><Point><coordinates>-75.7558636,39.66695772,0</coordinates></Point></Placemark><Placemark><name>5G</name><ExtendedData><Data name="CGI"><value>3150100000100018</value></Data><Data name="CELLNAME"><value></value></Data><Data name="CELLID"><value>18</value></Data><Data name="RNC"><value>0</value></Data><Data name="TAC"><value>1</value></Data><Data name="TECHNOLOGY"><value>5G NSA</value></Data><Data name="MODE"><value>5G</value></Data><Data name="ARFCN"><value>644640</value></Data><Data name="BAND"><value>N48</value></Data><Data name="BANDWIDTH"><value></value></Data><Data name="CA"><value>false</value></Data><Data name="NR state"><value></value></Data><Data name="RSRP"><value>-105 dBm</value></Data><Data name="RSRQ"><value>-11</value></Data><Data name="LAYER"><value>1</value></Data><Data name="PC"><value>2</value></Data><Data name="DL_BITRATE"><value>0 kbps</value></Data><Data name="UL_BITRATE"><value>0 kbps</value></Data><Data name="IP"><value>10.120.121.24</value></Data><Data name="SNR"><value>13.0</value></Data><Data name="PHONE STATE"><value>I</value></Data><Data name="IMEI"><value></value></Data><Data name="SPEED"><value>26 km/h</value></Data><Data name="HEIGHT"><value>0m</value></Data><Data name="ALTITUDE"><value>0m</value></Data><Data name="LOCATION"><value>G</value></Data><Data name="ACCURACY"><value>3m</value></Data><Data name="DISTANCE"><value>-1m</value></Data><Data name="SITE BEARING"><value>1000deg</value></Data><Data name="ANTENNA BEARING"><value>1000deg</value></Data><Data name="CELLHEX"><value>12</value></Data><Data name="NODEHEX"><value>0</value></Data><Data name="LACHEX"><value>1</value></Data><Data name="RAWCELLID"><value>18</value></Data><Data name="TIME"><value>2026.08.18_16.51.48</value></Data><Data name="NEI1"><value>TECH:5G CELLID:18 LAC:1 CELL:2 ARFCN:644640 LEVEL:-104 QUAL:-11 </value></Data><Data name="NEI2"><value>TECH:5G CELLID:18 LAC:1 CELL:2 ARFCN:644640 LEVEL:-105 QUAL:-11 </value></Data><Data name="NEI3"><value></value></Data><Data name="NEI4"><value></value></Data><Data name="NEI5"><value></value></Data><Data name="NEI6"><value></value></Data></ExtendedData><Style><LabelStyle><scale>0.0</scale> </LabelStyle><IconStyle><color>FFFF00FF</color><scale>0.5</scale><Icon><href>http://maps.google.com/mapfiles/kml/shapes/shaded_dot.png</href></Icon></IconStyle></Style><Point><coordinates>-75.75587677,39.66707958,0</coordinates></Point></Placemark><Placemark><name>5G</name><ExtendedData><Data name="CGI"><value>3150100000100018</value></Data><Data name="CELLNAME"><value></value></Data><Data name="CELLID"><value>18</value></Data><Data name="RNC"><value>0</value></Data><Data name="TAC"><value>1</value></Data><Data name="TECHNOLOGY"><value>5G NSA</value></Data><Data name="MODE"><value>5G</value></Data><Data name="ARFCN"><value>644640</value></Data><Data name="BAND"><value>N48</value></Data><Data name="BANDWIDTH"><value></value></Data><Data name="CA"><value>false</value></Data><Data name="NR state"><value></value></Data><Data name="RSRP"><value>-105 dBm</value></Data><Data name="RSRQ"><value>-11</value></Data><Data name="LAYER"><value>1</value></Data><Data name="PC"><value>2</value></Data><Data name="DL_BITRATE"><value>0 kbps</value></Data><Data name="UL_BITRATE"><value>0 kbps</value></Data><Data name="IP"><value>10.120.121.24</value></Data><Data name="SNR"><value>13.0</value></Data><Data name="PHONE STATE"><value>I</value></Data><Data name="IMEI"><value></value></Data><Data name="SPEED"><value>32 km/h</value></Data><Data name="HEIGHT"><value>0m</value></Data><Data name="ALTITUDE"><value>0m</value></Data><Data name="LOCATION"><value>G</value></Data><Data name="ACCURACY"><value>3m</value></Data><Data name="DISTANCE"><value>-1m</value></Data><Data name="SITE BEARING"><value>1000deg</value></Data><Data name="ANTENNA BEARING"><value>1000deg</value></Data><Data name="CELLHEX"><value>12</value></Data><Data name="NODEHEX"><value>0</value></Data><Data name="LACHEX"><value>1</value></Data><Data name="RAWCELLID"><value>18</value></Data><Data name="TIME"><value>2026.08.18_16.51.50</value></Data><Data name="NEI1"><value>TECH:5G CELLID:18 LAC:1 CELL:2 ARFCN:644640 LEVEL:-105 QUAL:-11 </value></Data><Data name="NEI2"><value>TECH:5G CELLID:18 LAC:1 CELL:2 ARFCN:644640 LEVEL:-112 QUAL:-12 </value></Data><Data name="NEI3"><value></value></Data><Data name="NEI4"><value></value></Data><Data name="NEI5"><value></value></Data><Data name="NEI6"><value></value></Data></ExtendedData><Style><LabelStyle><scale>0.0</scale> </LabelStyle><IconStyle><color>FFFF00FF</color><scale>0.5</scale><Icon><href>http://maps.google.com/mapfiles/kml/shapes/shaded_dot.png</href></Icon></IconStyle></Style><Point><coordinates>-75.75589144,39.66723976,0</coordinates></Point></Placemark><Placemark><name>5G</name><ExtendedData><Data name="CGI"><value>3150100000100018</value></Data><Data name="CELLNAME"><value></value></Data><Data name="CELLID"><value>18</value></Data><Data name="RNC"><value>0</value></Data><Data name="TAC"><value>1</value></Data><Data name="TECHNOLOGY"><value>5G NSA</value></Data><Data name="MODE"><value>5G</value></Data><Data name="ARFCN"><value>644640</value></Data><Data name="BAND"><value>N48</value></Data><Data name="BANDWIDTH"><value></value></Data><Data name="CA"><value>false</value></Data><Data name="NR state"><value></value></Data><Data name="RSRP"><value>-105 dBm</value></Data><Data name="RSRQ"><value>-11</value></Data><Data name="LAYER"><value>1</value></Data><Data name="PC"><value>2</value></Data><Data name="DL_BITRATE"><value>0 kbps</value></Data><Data name="UL_BITRATE"><value>0 kbps</value></Data><Data name="IP"><value>10.120.121.24</value></Data><Data name="SNR"><value>13.0</value></Data><Data name="PHONE STATE"><value>I</value></Data><Data name="IMEI"><value></value></Data><Data name="SPEED"><value>34 km/h</value></Data><Data name="HEIGHT"><value>0m</value></Data><Data name="ALTITUDE"><value>0m</value></Data><Data name="LOCATION"><value>G</value></Data><Data name="ACCURACY"><value>3m</value></Data><Data name="DISTANCE"><value>-1m</value></Data><Data name="SITE BEARING"><value>1000deg</value></Data><Data name="ANTENNA BEARING"><value>1000deg</value></Data><Data name="CELLHEX"><value>12</value></Data><Data name="NODEHEX"><value>0</value></Data><Data name="LACHEX"><value>1</value></Data><Data name="RAWCELLID"><value>18</value></Data><Data name="TIME"><value>2026.08.18_16.51.52</value></Data><Data name="NEI1"><value>TECH:5G CELLID:18 LAC:1 CELL:2 ARFCN:644640 LEVEL:-105 QUAL:-11 </value></Data><Data name="NEI2"><value>TECH:5G CELLID:18 LAC:1 CELL:2 ARFCN:644640 LEVEL:-116 QUAL:-12 </value></Data><Data name="NEI3"><value></value></Data><Data name="NEI4"><value></value></Data><Data name="NEI5"><value></value></Data><Data name="NEI6"><value></value></Data></ExtendedData><Style><LabelStyle><scale>0.0</scale> </LabelStyle><IconStyle><color>FFFF00FF</color><scale>0.5</scale><Icon><href>http://maps.google.com/mapfiles/kml/shapes/shaded_dot.png</href></Icon></IconStyle></Style><Point><coordinates>-75.75590894,39.66741346,0</coordinates></Point></Placemark><Placemark><name>5G</name><ExtendedData><Data name="CGI"><value>3150100000100018</value></Data><Data name="CELLNAME"><value></value></Data><Data name="CELLID"><value>18</value></Data><Data name="RNC"><value>0</value></Data><Data name="TAC"><value>1</value></Data><Data name="TECHNOLOGY"><value>5G NSA</value></Data><Data name="MODE"><value>5G</value></Data><Data name="ARFCN"><value>644640</value></Data><Data name="BAND"><value>N48</value></Data><Data name="BANDWIDTH"><value></value></Data><Data name="CA"><value>false</value></Data><Data name="NR state"><value></value></Data><Data name="RSRP"><value>-105 dBm</value></Data><Data name="RSRQ"><value>-11</value></Data><Data name="LAYER"><value>1</value></Data><Data name="PC"><value>2</value></Data><Data name="DL_BITRATE"><value>0 kbps</value></Data><Data name="UL_BITRATE"><value>0 kbps</value></Data><Data name="IP"><value>10.120.121.24</value></Data><Data name="SNR"><value>13.0</value></Data><Data name="PHONE STATE"><value>I</value></Data><Data name="IMEI"><value></value></Data><Data name="SPEED"><value>35 km/h</value></Data><Data name="HEIGHT"><value>0m</value></Data><Data name="ALTITUDE"><value>0m</value></Data><Data name="LOCATION"><value>G</value></Data><Data name="ACCURACY"><value>3m</value></Data><Data name="DISTANCE"><value>-1m</value></Data><Data name="SITE BEARING"><value>1000deg</value></Data><Data name="ANTENNA BEARING"><value>1000deg</value></Data><Data name="CELLHEX"><value>12</value></Data><Data name="NODEHEX"><value>0</value></Data><Data name="LACHEX"><value>1</value></Data><Data name="RAWCELLID"><value>18</value></Data><Data name="TIME"><value>2026.08.18_16.51.54</value></Data><Data name="NEI1"><value>TECH:5G CELLID:18 LAC:1 CELL:2 ARFCN:644640 LEVEL:-105 QUAL:-11 </value></Data><Data name="NEI2"><value>TECH:5G CELLID:18 LAC:1 CELL:2 ARFCN:644640 LEVEL:-116 QUAL:-12 </value></Data><Data name="NEI3"><value></value></Data><Data name="NEI4"><value></value></Data><Data name="NEI5"><value></value></Data><Data name="NEI6"><value></value></Data></ExtendedData><Style><LabelStyle><scale>0.0</scale> </LabelStyle><IconStyle><color>FFFF00FF</color><scale>0.5</scale><Icon><href>http://maps.google.com/mapfiles/kml/shapes/shaded_dot.png</href></Icon></IconStyle></Style><Point><coordinates>-75.75592928,39.66759041,0</coordinates></Point></Placemark><Placemark><name>5G</name><ExtendedData><Data name="CGI"><value>3150100000100018</value></Data><Data name="CELLNAME"><value></value></Data><Data name="CELLID"><value>18</value></Data><Data name="RNC"><value>0</value></Data><Data name="TAC"><value>1</value></Data><Data name="TECHNOLOGY"><value>5G NSA</value></Data><Data name="MODE"><value>5G</value></Data><Data name="ARFCN"><value>644640</value></Data><Data name="BAND"><value>N48</value></Data><Data name="BANDWIDTH"><value></value></Data><Data name="CA"><value>false</value></Data><Data name="NR state"><value></value></Data><Data name="RSRP"><value>-105 dBm</value></Data><Data name="RSRQ"><value>-11</value></Data><Data name="LAYER"><value>1</value></Data><Data name="PC"><value>2</value></Data><Data name="DL_BITRATE"><value>0 kbps</value></Data><Data name="UL_BITRATE"><value>0 kbps</value></Data><Data name="IP"><value>10.120.121.24</value></Data><Data name="SNR"><value>13.0</value></Data><Data name="PHONE STATE"><value>I</value></Data><Data name="IMEI"><value></value></Data><Data name="SPEED"><value>36 km/h</value></Data><Data name="HEIGHT"><value>0m</value></Data><Data name="ALTITUDE"><value>0m</value></Data><Data name="LOCATION"><value>G</value></Data><Data name="ACCURACY"><value>3m</value></Data><Data name="DISTANCE"><value>-1m</value></Data><Data name="SITE BEARING"><value>1000deg</value></Data><Data name="ANTENNA BEARING"><value>1000deg</value></Data><Data name="CELLHEX"><value>12</value></Data><Data name="NODEHEX"><value>0</value></Data><Data name="LACHEX"><value>1</value></Data><Data name="RAWCELLID"><value>18</value></Data><Data name="TIME"><value>2026.08.18_16.51.55</value></Data><Data name="NEI1"><value>TECH:5G CELLID:18 LAC:1 CELL:2 ARFCN:644640 LEVEL:-105 QUAL:-11 </value></Data><Data name="NEI2"><value>TECH:5G CELLID:18 LAC:1 CELL:2 ARFCN:644640 LEVEL:-116 QUAL:-12 </value></Data><Data name="NEI3"><value></value></Data><Data name="NEI4"><value></value></Data><Data name="NEI5"><value></value></Data><Data name="NEI6"><value></value></Data></ExtendedData><Style><LabelStyle><scale>0.0</scale> </LabelStyle><IconStyle><color>FFFF00FF</color><scale>0.5</scale><Icon><href>http://maps.google.com/mapfiles/kml/shapes/shaded_dot.png</href></Icon></IconStyle></Style><Point><coordinates>-75.75594095,39.66768157,0</coordinates></Point></Placemark><Placemark><name>5G</name><ExtendedData><Data name="CGI"><value>3150100000100018</value></Data><Data name="CELLNAME"><value></value></Data><Data name="CELLID"><value>18</value></Data><Data name="RNC"><value>0</value></Data><Data name="TAC"><value>1</value></Data><Data name="TECHNOLOGY"><value>5G NSA</value></Data><Data name="MODE"><value>5G</value></Data><Data name="ARFCN"><value>644640</value></Data><Data name="BAND"><value>N48</value></Data><Data name="BANDWIDTH"><value></value></Data><Data name="CA"><value>false</value></Data><Data name="NR state"><value></value></Data><Data name="RSRP"><value>-105 dBm</value></Data><Data name="RSRQ"><value>-11</value></Data><Data name="LAYER"><value>1</value></Data><Data name="PC"><value>2</value></Data><Data name="DL_BITRATE"><value>0 kbps</value></Data><Data name="UL_BITRATE"><value>0 kbps</value></Data><Data name="IP"><value>10.120.121.24</value></Data><Data name="SNR"><value>13.0</value></Data><Data name="PHONE STATE"><value>I</value></Data><Data name="IMEI"><value></value></Data><Data name="SPEED"><value>36 km/h</value></Data><Data name="HEIGHT"><value>0m</value></Data><Data name="ALTITUDE"><value>0m</value></Data><Data name="LOCATION"><value>G</value></Data><Data name="ACCURACY"><value>3m</value></Data><Data name="DISTANCE"><value>-1m</value></Data><Data name="SITE BEARING"><value>1000deg</value></Data><Data name="ANTENNA BEARING"><value>1000deg</value></Data><Data name="CELLHEX"><value>12</value></Data><Data name="NODEHEX"><value>0</value></Data><Data name="LACHEX"><value>1</value></Data><Data name="RAWCELLID"><value>18</value></Data><Data name="TIME"><value>2026.08.18_16.51.56</value></Data><Data name="NEI1"><value>TECH:5G CELLID:18 LAC:1 CELL:2 ARFCN:644640 LEVEL:-105 QUAL:-11 </value></Data><Data name="NEI2"><value>TECH:5G CELLID:18 LAC:1 CELL:2 ARFCN:644640 LEVEL:-118 QUAL:-12 </value></Data><Data name="NEI3"><value></value></Data><Data name="NEI4"><value></value></Data><Data name="NEI5"><value></value></Data><Data name="NEI6"><value></value></Data></ExtendedData><Style><LabelStyle><scale>0.0</scale> </LabelStyle><IconStyle><color>FFFF00FF</color><scale>0.5</scale><Icon><href>http://maps.google.com/mapfiles/kml/shapes/shaded_dot.png</href></Icon></IconStyle></Style><Point><coordinates>-75.75594897,39.66777338,0</coordinates></Point></Placemark><Placemark><name>5G</name><ExtendedData><Data name="CGI"><value>3150100000100018</value></Data><Data name="CELLNAME"><value></value></Data><Data name="CELLID"><value>18</value></Data><Data name="RNC"><value>0</value></Data><Data name="TAC"><value>1</value></Data><Data name="TECHNOLOGY"><value>5G NSA</value></Data><Data name="MODE"><value>5G</value></Data><Data name="ARFCN"><value>644640</value></Data><Data name="BAND"><value>N48</value></Data><Data name="BANDWIDTH"><value></value></Data><Data name="CA"><value>false</value></Data><Data name="NR state"><value></value></Data><Data name="RSRP"><value>-105 dBm</value></Data><Data name="RSRQ"><value>-11</value></Data><Data name="LAYER"><value>1</value></Data><Data name="PC"><value>2</value></Data><Data name="DL_BITRATE"><value>0 kbps</value></Data><Data name="UL_BITRATE"><value>0 kbps</value></Data><Data name="IP"><value>10.120.121.24</value></Data><Data name="SNR"><value>13.0</value></Data><Data name="PHONE STATE"><value>I</value></Data><Data name="IMEI"><value></value></Data><Data name="SPEED"><value>32 km/h</value></Data><Data name="HEIGHT"><value>0m</value></Data><Data name="ALTITUDE"><value>0m</value></Data><Data name="LOCATION"><value>G</value></Data><Data name="ACCURACY"><value>3m</value></Data><Data name="DISTANCE"><value>-1m</value></Data><Data name="SITE BEARING"><value>1000deg</value></Data><Data name="ANTENNA BEARING"><value>1000deg</value></Data><Data name="CELLHEX"><value>12</value></Data><Data name="NODEHEX"><value>0</value></Data><Data name="LACHEX"><value>1</value></Data><Data name="RAWCELLID"><value>18</value></Data><Data name="TIME"><value>2026.08.18_16.51.58</value></Data><Data name="NEI1"><value>TECH:5G CELLID:18 LAC:1 CELL:2 ARFCN:644640 LEVEL:-105 QUAL:-11 </value></Data><Data name="NEI2"><value>TECH:5G CELLID:18 LAC:1 CELL:2 ARFCN:644640 LEVEL:-118 QUAL:-12 </value></Data><Data name="NEI3"><value></value></Data><Data name="NEI4"><value></value></Data><Data name="NEI5"><value></value></Data><Data name="NEI6"><value></value></Data></ExtendedData><Style><LabelStyle><scale>0.0</scale> </LabelStyle><IconStyle><color>FFFF00FF</color><scale>0.5</scale><Icon><href>http://maps.google.com/mapfiles/kml/shapes/shaded_dot.png</href></Icon></IconStyle></Style><Point><coordinates>-75.75596919,39.66794497,0</coordinates></Point></Placemark><Placemark><name>5G</name><ExtendedData><Data name="CGI"><value>3150100000100018</value></Data><Data name="CELLNAME"><value></value></Data><Data name="CELLID"><value>18</value></Data><Data name="RNC"><value>0</value></Data><Data name="TAC"><value>1</value></Data><Data name="TECHNOLOGY"><value>5G NSA</value></Data><Data name="MODE"><value>5G</value></Data><Data name="ARFCN"><value>644640</value></Data><Data name="BAND"><value>N48</value></Data><Data name="BANDWIDTH"><value></value></Data><Data name="CA"><value>false</value></Data><Data name="NR state"><value></value></Data><Data name="RSRP"><value>-105 dBm</value></Data><Data name="RSRQ"><value>-11</value></Data><Data name="LAYER"><value>1</value></Data><Data name="PC"><value>2</value></Data><Data name="DL_BITRATE"><value>0 kbps</value></Data><Data name="UL_BITRATE"><value>0 kbps</value></Data><Data name="IP"><value>10.120.121.24</value></Data><Data name="SNR"><value>13.0</value></Data><Data name="PHONE STATE"><value>I</value></Data><Data name="IMEI"><value></value></Data><Data name="SPEED"><value>20 km/h</value></Data><Data name="HEIGHT"><value>0m</value></Data><Data name="ALTITUDE"><value>0m</value></Data><Data name="LOCATION"><value>G</value></Data><Data name="ACCURACY"><value>3m</value></Data><Data name="DISTANCE"><value>-1m</value></Data><Data name="SITE BEARING"><value>1000deg</value></Data><Data name="ANTENNA BEARING"><value>1000deg</value></Data><Data name="CELLHEX"><value>12</value></Data><Data name="NODEHEX"><value>0</value></Data><Data name="LACHEX"><value>1</value></Data><Data name="RAWCELLID"><value>18</value></Data><Data name="TIME"><value>2026.08.18_16.52.00</value></Data><Data name="NEI1"><value>TECH:5G CELLID:18 LAC:1 CELL:2 ARFCN:644640 LEVEL:-105 QUAL:-11 </value></Data><Data name="NEI2"><value>TECH:5G CELLID:18 LAC:1 CELL:2 ARFCN:644640 LEVEL:-118 QUAL:-13 </value></Data><Data name="NEI3"><value></value></Data><Data name="NEI4"><value></value></Data><Data name="NEI5"><value></value></Data><Data name="NEI6"><value></value></Data></ExtendedData><Style><LabelStyle><scale>0.0</scale> </LabelStyle><IconStyle><color>FFFF00FF</color><scale>0.5</scale><Icon><href>http://maps.google.com/mapfiles/kml/shapes/shaded_dot.png</href></Icon></IconStyle></Style><Point><coordinates>-75.75594589,39.66805286,0</coordinates></Point></Placemark><Placemark><name>5G</name><ExtendedData><Data name="CGI"><value>3150100000100018</value></Data><Data name="CELLNAME"><value></value></Data><Data name="CELLID"><value>18</value></Data><Data name="RNC"><value>0</value></Data><Data name="TAC"><value>1</value></Data><Data name="TECHNOLOGY"><value>5G NSA</value></Data><Data name="MODE"><value>5G</value></Data><Data name="ARFCN"><value>644640</value></Data><Data name="BAND"><value>N48</value></Data><Data name="BANDWIDTH"><value></value></Data><Data name="CA"><value>false</value></Data><Data name="NR state"><value></value></Data><Data name="RSRP"><value>-105 dBm</value></Data><Data name="RSRQ"><value>-11</value></Data><Data name="LAYER"><value>1</value></Data><Data name="PC"><value>2</value></Data><Data name="DL_BITRATE"><value>0 kbps</value></Data><Data name="UL_BITRATE"><value>0 kbps</value></Data><Data name="IP"><value>10.120.121.24</value></Data><Data name="SNR"><value>13.0</value></Data><Data name="PHONE STATE"><value>I</value></Data><Data name="IMEI"><value></value></Data><Data name="SPEED"><value>22 km/h</value></Data><Data name="HEIGHT"><value>0m</value></Data><Data name="ALTITUDE"><value>0m</value></Data><Data name="LOCATION"><value>G</value></Data><Data name="ACCURACY"><value>3m</value></Data><Data name="DISTANCE"><value>-1m</value></Data><Data name="SITE BEARING"><value>1000deg</value></Data><Data name="ANTENNA BEARING"><value>1000deg</value></Data><Data name="CELLHEX"><value>12</value></Data><Data name="NODEHEX"><value>0</value></Data><Data name="LACHEX"><value>1</value></Data><Data name="RAWCELLID"><value>18</value></Data><Data name="TIME"><value>2026.08.18_16.52.03</value></Data><Data name="NEI1"><value>TECH:5G CELLID:18 LAC:1 CELL:2 ARFCN:644640 LEVEL:-105 QUAL:-11 </value></Data><Data name="NEI2"><value>TECH:5G CELLID:18 LAC:1 CELL:2 ARFCN:644640 LEVEL:-116 QUAL:-12 </value></Data><Data name="NEI3"><value></value></Data><Data name="NEI4"><value></value></Data><Data name="NEI5"><value></value></Data><Data name="NEI6"><value></value></Data></ExtendedData><Style><LabelStyle><scale>0.0</scale> </LabelStyle><IconStyle><color>FFFF00FF</color><scale>0.5</scale><Icon><href>http://maps.google.com/mapfiles/kml/shapes/shaded_dot.png</href></Icon></IconStyle></Style><Point><coordinates>-75.75577051,39.66810245,0</coordinates></Point></Placemark><Placemark><name>5G</name><ExtendedData><Data name="CGI"><value>3150100000100018</value></Data><Data name="CELLNAME"><value></value></Data><Data name="CELLID"><value>18</value></Data><Data name="RNC"><value>0</value></Data><Data name="TAC"><value>1</value></Data><Data name="TECHNOLOGY"><value>5G NSA</value></Data><Data name="MODE"><value>5G</value></Data><Data name="ARFCN"><value>644640</value></Data><Data name="BAND"><value>N48</value></Data><Data name="BANDWIDTH"><value></value></Data><Data name="CA"><value>false</value></Data><Data name="NR state"><value></value></Data><Data name="RSRP"><value>-105 dBm</value></Data><Data name="RSRQ"><value>-11</value></Data><Data name="LAYER"><value>1</value></Data><Data name="PC"><value>2</value></Data><Data name="DL_BITRATE"><value>0 kbps</value></Data><Data name="UL_BITRATE"><value>4 kbps</value></Data><Data name="IP"><value>10.120.121.24</value></Data><Data name="SNR"><value>13.0</value></Data><Data name="PHONE STATE"><value>D</value></Data><Data name="IMEI"><value></value></Data><Data name="SPEED"><value>29 km/h</value></Data><Data name="HEIGHT"><value>0m</value></Data><Data name="ALTITUDE"><value>0m</value></Data><Data name="LOCATION"><value>G</value></Data><Data name="ACCURACY"><value>3m</value></Data><Data name="DISTANCE"><value>-1m</value></Data><Data name="SITE BEARING"><value>1000deg</value></Data><Data name="ANTENNA BEARING"><value>1000deg</value></Data><Data name="CELLHEX"><value>12</value></Data><Data name="NODEHEX"><value>0</value></Data><Data name="LACHEX"><value>1</value></Data><Data name="RAWCELLID"><value>18</value></Data><Data name="TIME"><value>2026.08.18_16.52.05</value></Data><Data name="NEI1"><value>TECH:5G CELLID:18 LAC:1 CELL:2 ARFCN:644640 LEVEL:-105 QUAL:-11 </value></Data><Data name="NEI2"><value>TECH:5G CELLID:18 LAC:1 CELL:2 ARFCN:644640 LEVEL:-116 QUAL:-12 </value></Data><Data name="NEI3"><value></value></Data><Data name="NEI4"><value></value></Data><Data name="NEI5"><value></value></Data><Data name="NEI6"><value></value></Data></ExtendedData><Style><LabelStyle><scale>0.0</scale> </LabelStyle><IconStyle><color>FFFF00FF</color><scale>0.5</scale><Icon><href>http://maps.google.com/mapfiles/kml/shapes/shaded_dot.png</href></Icon></IconStyle></Style><Point><coordinates>-75.75558199,39.66811001,0</coordinates></Point></Placemark><Placemark><name>5G</name><ExtendedData><Data name="CGI"><value>3150100000100018</value></Data><Data name="CELLNAME"><value></value></Data><Data name="CELLID"><value>18</value></Data><Data name="RNC"><value>0</value></Data><Data name="TAC"><value>1</value></Data><Data name="TECHNOLOGY"><value>5G NSA</value></Data><Data name="MODE"><value>5G</value></Data><Data name="ARFCN"><value>644640</value></Data><Data name="BAND"><value>N48</value></Data><Data name="BANDWIDTH"><value></value></Data><Data name="CA"><value>false</value></Data><Data name="NR state"><value></value></Data><Data name="RSRP"><value>-105 dBm</value></Data><Data name="RSRQ"><value>-11</value></Data><Data name="LAYER"><value>1</value></Data><Data name="PC"><value>2</value></Data><Data name="DL_BITRATE"><value>0 kbps</value></Data><Data name="UL_BITRATE"><value>0 kbps</value></Data><Data name="IP"><value>10.120.121.24</value></Data><Data name="SNR"><value>13.0</value></Data><Data name="PHONE STATE"><value>I</value></Data><Data name="IMEI"><value></value></Data><Data name="SPEED"><value>34 km/h</value></Data><Data name="HEIGHT"><value>0m</value></Data><Data name="ALTITUDE"><value>0m</value></Data><Data name="LOCATION"><value>G</value></Data><Data name="ACCURACY"><value>3m</value></Data><Data name="DISTANCE"><value>-1m</value></Data><Data name="SITE BEARING"><value>1000deg</value></Data><Data name="ANTENNA BEARING"><value>1000deg</value></Data><Data name="CELLHEX"><value>12</value></Data><Data name="NODEHEX"><value>0</value></Data><Data name="LACHEX"><value>1</value></Data><Data name="RAWCELLID"><value>18</value></Data><Data name="TIME"><value>2026.08.18_16.52.07</value></Data><Data name="NEI1"><value>TECH:5G CELLID:18 LAC:1 CELL:2 ARFCN:644640 LEVEL:-105 QUAL:-11 </value></Data><Data name="NEI2"><value>TECH:5G CELLID:18 LAC:1 CELL:2 ARFCN:644640 LEVEL:-124 QUAL:-15 </value></Data><Data name="NEI3"><value></value></Data><Data name="NEI4"><value></value></Data><Data name="NEI5"><value></value></Data><Data name="NEI6"><value></value></Data></ExtendedData><Style><LabelStyle><scale>0.0</scale> </LabelStyle><IconStyle><color>FFFF00FF</color><scale>0.5</scale><Icon><href>http://maps.google.com/mapfiles/kml/shapes/shaded_dot.png</href></Icon></IconStyle></Style><Point><coordinates>-75.75535815,39.66812857,0</coordinates></Point></Placemark><Placemark><name>5G</name><ExtendedData><Data name="CGI"><value>3150100000100018</value></Data><Data name="CELLNAME"><value></value></Data><Data name="CELLID"><value>18</value></Data><Data name="RNC"><value>0</value></Data><Data name="TAC"><value>1</value></Data><Data name="TECHNOLOGY"><value>5G NSA</value></Data><Data name="MODE"><value>5G</value></Data><Data name="ARFCN"><value>644640</value></Data><Data name="BAND"><value>N48</value></Data><Data name="BANDWIDTH"><value></value></Data><Data name="CA"><value>false</value></Data><Data name="NR state"><value></value></Data><Data name="RSRP"><value>-105 dBm</value></Data><Data name="RSRQ"><value>-11</value></Data><Data name="LAYER"><value>1</value></Data><Data name="PC"><value>2</value></Data><Data name="DL_BITRATE"><value>0 kbps</value></Data><Data name="UL_BITRATE"><value>0 kbps</value></Data><Data name="IP"><value>10.120.121.24</value></Data><Data name="SNR"><value>13.0</value></Data><Data name="PHONE STATE"><value>I</value></Data><Data name="IMEI"><value></value></Data><Data name="SPEED"><value>36 km/h</value></Data><Data name="HEIGHT"><value>0m</value></Data><Data name="ALTITUDE"><value>0m</value></Data><Data name="LOCATION"><value>G</value></Data><Data name="ACCURACY"><value>3m</value></Data><Data name="DISTANCE"><value>-1m</value></Data><Data name="SITE BEARING"><value>1000deg</value></Data><Data name="ANTENNA BEARING"><value>1000deg</value></Data><Data name="CELLHEX"><value>12</value></Data><Data name="NODEHEX"><value>0</value></Data><Data name="LACHEX"><value>1</value></Data><Data name="RAWCELLID"><value>18</value></Data><Data name="TIME"><value>2026.08.18_16.52.08</value></Data><Data name="NEI1"><value>TECH:5G CELLID:18 LAC:1 CELL:2 ARFCN:644640 LEVEL:-105 QUAL:-11 </value></Data><Data name="NEI2"><value>TECH:5G CELLID:18 LAC:1 CELL:2 ARFCN:644640 LEVEL:-124 QUAL:-14 </value></Data><Data name="NEI3"><value></value></Data><Data name="NEI4"><value></value></Data><Data name="NEI5"><value></value></Data><Data name="NEI6"><value></value></Data></ExtendedData><Style><LabelStyle><scale>0.0</scale> </LabelStyle><IconStyle><color>FFFF00FF</color><scale>0.5</scale><Icon><href>http://maps.google.com/mapfiles/kml/shapes/shaded_dot.png</href></Icon></IconStyle></Style><Point><coordinates>-75.75524111,39.66813989,0</coordinates></Point></Placemark><Placemark><name>5G</name><ExtendedData><Data name="CGI"><value>3150100000100018</value></Data><Data name="CELLNAME"><value></value></Data><Data name="CELLID"><value>18</value></Data><Data name="RNC"><value>0</value></Data><Data name="TAC"><value>1</value></Data><Data name="TECHNOLOGY"><value>5G NSA</value></Data><Data name="MODE"><value>5G</value></Data><Data name="ARFCN"><value>644640</value></Data><Data name="BAND"><value>N48</value></Data><Data name="BANDWIDTH"><value></value></Data><Data name="CA"><value>false</value></Data><Data name="NR state"><value></value></Data><Data name="RSRP"><value>-105 dBm</value></Data><Data name="RSRQ"><value>-11</value></Data><Data name="LAYER"><value>1</value></Data><Data name="PC"><value>2</value></Data><Data name="DL_BITRATE"><value>0 kbps</value></Data><Data name="UL_BITRATE"><value>0 kbps</value></Data><Data name="IP"><value>10.120.121.24</value></Data><Data name="SNR"><value>13.0</value></Data><Data name="PHONE STATE"><value>I</value></Data><Data name="IMEI"><value></value></Data><Data name="SPEED"><value>35 km/h</value></Data><Data name="HEIGHT"><value>0m</value></Data><Data name="ALTITUDE"><value>0m</value></Data><Data name="LOCATION"><value>G</value></Data><Data name="ACCURACY"><value>3m</value></Data><Data name="DISTANCE"><value>-1m</value></Data><Data name="SITE BEARING"><value>1000deg</value></Data><Data name="ANTENNA BEARING"><value>1000deg</value></Data><Data name="CELLHEX"><value>12</value></Data><Data name="NODEHEX"><value>0</value></Data><Data name="LACHEX"><value>1</value></Data><Data name="RAWCELLID"><value>18</value></Data><Data name="TIME"><value>2026.08.18_16.52.09</value></Data><Data name="NEI1"><value>TECH:5G CELLID:18 LAC:1 CELL:2 ARFCN:644640 LEVEL:-105 QUAL:-11 </value></Data><Data name="NEI2"><value>TECH:5G CELLID:18 LAC:1 CELL:2 ARFCN:644640 LEVEL:-124 QUAL:-14 </value></Data><Data name="NEI3"><value></value></Data><Data name="NEI4"><value></value></Data><Data name="NEI5"><value></value></Data><Data name="NEI6"><value></value></Data></ExtendedData><Style><LabelStyle><scale>0.0</scale> </LabelStyle><IconStyle><color>FFFF00FF</color><scale>0.5</scale><Icon><href>http://maps.google.com/mapfiles/kml/shapes/shaded_dot.png</href></Icon></IconStyle></Style><Point><coordinates>-75.75512479,39.66814915,0</coordinates></Point></Placemark><Placemark><name>5G</name><ExtendedData><Data name="CGI"><value>3150100000100018</value></Data><Data name="CELLNAME"><value></value></Data><Data name="CELLID"><value>18</value></Data><Data name="RNC"><value>0</value></Data><Data name="TAC"><value>1</value></Data><Data name="TECHNOLOGY"><value>5G NSA</value></Data><Data name="MODE"><value>5G</value></Data><Data name="ARFCN"><value>644640</value></Data><Data name="BAND"><value>N48</value></Data><Data name="BANDWIDTH"><value></value></Data><Data name="CA"><value>false</value></Data><Data name="NR state"><value></value></Data><Data name="RSRP"><value>-105 dBm</value></Data><Data name="RSRQ"><value>-11</value></Data><Data name="LAYER"><value>1</value></Data><Data name="PC"><value>2</value></Data><Data name="DL_BITRATE"><value>0 kbps</value></Data><Data name="UL_BITRATE"><value>0 kbps</value></Data><Data name="IP"><value>10.120.121.24</value></Data><Data name="SNR"><value>13.0</value></Data><Data name="PHONE STATE"><value>I</value></Data><Data name="IMEI"><value></value></Data><Data name="SPEED"><value>35 km/h</value></Data><Data name="HEIGHT"><value>0m</value></Data><Data name="ALTITUDE"><value>0m</value></Data><Data name="LOCATION"><value>G</value></Data><Data name="ACCURACY"><value>3m</value></Data><Data name="DISTANCE"><value>-1m</value></Data><Data name="SITE BEARING"><value>1000deg</value></Data><Data name="ANTENNA BEARING"><value>1000deg</value></Data><Data name="CELLHEX"><value>12</value></Data><Data name="NODEHEX"><value>0</value></Data><Data name="LACHEX"><value>1</value></Data><Data name="RAWCELLID"><value>18</value></Data><Data name="TIME"><value>2026.08.18_16.52.11</value></Data><Data name="NEI1"><value>TECH:5G CELLID:18 LAC:1 CELL:2 ARFCN:644640 LEVEL:-105 QUAL:-11 </value></Data><Data name="NEI2"><value>TECH:5G CELLID:18 LAC:1 CELL:2 ARFCN:644640 LEVEL:-121 QUAL:-13 </value></Data><Data name="NEI3"><value></value></Data><Data name="NEI4"><value></value></Data><Data name="NEI5"><value></value></Data><Data name="NEI6"><value></value></Data></ExtendedData><Style><LabelStyle><scale>0.0</scale> </LabelStyle><IconStyle><color>FFFF00FF</color><scale>0.5</scale><Icon><href>http://maps.google.com/mapfiles/kml/shapes/shaded_dot.png</href></Icon></IconStyle></Style><Point><coordinates>-75.75489532,39.66816117,0</coordinates></Point></Placemark><Placemark><name>5G</name><ExtendedData><Data name="CGI"><value>3150100000100018</value></Data><Data name="CELLNAME"><value></value></Data><Data name="CELLID"><value>18</value></Data><Data name="RNC"><value>0</value></Data><Data name="TAC"><value>1</value></Data><Data name="TECHNOLOGY"><value>5G NSA</value></Data><Data name="MODE"><value>5G</value></Data><Data name="ARFCN"><value>644640</value></Data><Data name="BAND"><value>N48</value></Data><Data name="BANDWIDTH"><value></value></Data><Data name="CA"><value>false</value></Data><Data name="NR state"><value></value></Data><Data name="RSRP"><value>-105 dBm</value></Data><Data name="RSRQ"><value>-11</value></Data><Data name="LAYER"><value>1</value></Data><Data name="PC"><value>2</value></Data><Data name="DL_BITRATE"><value>7 kbps</value></Data><Data name="UL_BITRATE"><value>3 kbps</value></Data><Data name="IP"><value>10.120.121.24</value></Data><Data name="SNR"><value>13.0</value></Data><Data name="PHONE STATE"><value>D</value></Data><Data name="IMEI"><value></value></Data><Data name="SPEED"><value>27 km/h</value></Data><Data name="HEIGHT"><value>0m</value></Data><Data name="ALTITUDE"><value>0m</value></Data><Data name="LOCATION"><value>G</value></Data><Data name="ACCURACY"><value>3m</value></Data><Data name="DISTANCE"><value>-1m</value></Data><Data name="SITE BEARING"><value>1000deg</value></Data><Data name="ANTENNA BEARING"><value>1000deg</value></Data><Data name="CELLHEX"><value>12</value></Data><Data name="NODEHEX"><value>0</value></Data><Data name="LACHEX"><value>1</value></Data><Data name="RAWCELLID"><value>18</value></Data><Data name="TIME"><value>2026.08.18_16.52.13</value></Data><Data name="NEI1"><value>TECH:5G CELLID:18 LAC:1 CELL:2 ARFCN:644640 LEVEL:-105 QUAL:-11 </value></Data><Data name="NEI2"><value>TECH:5G CELLID:18 LAC:1 CELL:2 ARFCN:644640 LEVEL:-118 QUAL:-12 </value></Data><Data name="NEI3"><value></value></Data><Data name="NEI4"><value></value></Data><Data name="NEI5"><value></value></Data><Data name="NEI6"><value></value></Data></ExtendedData><Style><LabelStyle><scale>0.0</scale> </LabelStyle><IconStyle><color>FFFF00FF</color><scale>0.5</scale><Icon><href>http://maps.google.com/mapfiles/kml/shapes/shaded_dot.png</href></Icon></IconStyle></Style><Point><coordinates>-75.75470118,39.66817148,0</coordinates></Point></Placemark><Placemark><name>5G</name><ExtendedData><Data name="CGI"><value>3150100000100018</value></Data><Data name="CELLNAME"><value></value></Data><Data name="CELLID"><value>18</value></Data><Data name="RNC"><value>0</value></Data><Data name="TAC"><value>1</value></Data><Data name="TECHNOLOGY"><value>5G NSA</value></Data><Data name="MODE"><value>5G</value></Data><Data name="ARFCN"><value>644640</value></Data><Data name="BAND"><value>N48</value></Data><Data name="BANDWIDTH"><value></value></Data><Data name="CA"><value>false</value></Data><Data name="NR state"><value></value></Data><Data name="RSRP"><value>-105 dBm</value></Data><Data name="RSRQ"><value>-11</value></Data><Data name="LAYER"><value>1</value></Data><Data name="PC"><value>2</value></Data><Data name="DL_BITRATE"><value>0 kbps</value></Data><Data name="UL_BITRATE"><value>0 kbps</value></Data><Data name="IP"><value>10.120.121.24</value></Data><Data name="SNR"><value>13.0</value></Data><Data name="PHONE STATE"><value>I</value></Data><Data name="IMEI"><value></value></Data><Data name="SPEED"><value>9 km/h</value></Data><Data name="HEIGHT"><value>0m</value></Data><Data name="ALTITUDE"><value>0m</value></Data><Data name="LOCATION"><value>G</value></Data><Data name="ACCURACY"><value>3m</value></Data><Data name="DISTANCE"><value>-1m</value></Data><Data name="SITE BEARING"><value>1000deg</value></Data><Data name="ANTENNA BEARING"><value>1000deg</value></Data><Data name="CELLHEX"><value>12</value></Data><Data name="NODEHEX"><value>0</value></Data><Data name="LACHEX"><value>1</value></Data><Data name="RAWCELLID"><value>18</value></Data><Data name="TIME"><value>2026.08.18_16.52.17</value></Data><Data name="NEI1"><value>TECH:5G CELLID:18 LAC:1 CELL:2 ARFCN:644640 LEVEL:-105 QUAL:-11 </value></Data><Data name="NEI2"><value>TECH:5G CELLID:18 LAC:1 CELL:2 ARFCN:644640 LEVEL:-126 QUAL:-16 </value></Data><Data name="NEI3"><value></value></Data><Data name="NEI4"><value></value></Data><Data name="NEI5"><value></value></Data><Data name="NEI6"><value></value></Data></ExtendedData><Style><LabelStyle><scale>0.0</scale> </LabelStyle><IconStyle><color>FFFF00FF</color><scale>0.5</scale><Icon><href>http://maps.google.com/mapfiles/kml/shapes/shaded_dot.png</href></Icon></IconStyle></Style><Point><coordinates>-75.75457181,39.66817911,0</coordinates></Point></Placemark><Placemark><name>5G</name><ExtendedData><Data name="CGI"><value>3150100000100018</value></Data><Data name="CELLNAME"><value></value></Data><Data name="CELLID"><value>18</value></Data><Data name="RNC"><value>0</value></Data><Data name="TAC"><value>1</value></Data><Data name="TECHNOLOGY"><value>5G NSA</value></Data><Data name="MODE"><value>5G</value></Data><Data name="ARFCN"><value>644640</value></Data><Data name="BAND"><value>N48</value></Data><Data name="BANDWIDTH"><value></value></Data><Data name="CA"><value>false</value></Data><Data name="NR state"><value></value></Data><Data name="RSRP"><value>-105 dBm</value></Data><Data name="RSRQ"><value>-11</value></Data><Data name="LAYER"><value>1</value></Data><Data name="PC"><value>2</value></Data><Data name="DL_BITRATE"><value>0 kbps</value></Data><Data name="UL_BITRATE"><value>0 kbps</value></Data><Data name="IP"><value>10.120.121.24</value></Data><Data name="SNR"><value>13.0</value></Data><Data name="PHONE STATE"><value>I</value></Data><Data name="IMEI"><value></value></Data><Data name="SPEED"><value>20 km/h</value></Data><Data name="HEIGHT"><value>0m</value></Data><Data name="ALTITUDE"><value>0m</value></Data><Data name="LOCATION"><value>G</value></Data><Data name="ACCURACY"><value>3m</value></Data><Data name="DISTANCE"><value>-1m</value></Data><Data name="SITE BEARING"><value>1000deg</value></Data><Data name="ANTENNA BEARING"><value>1000deg</value></Data><Data name="CELLHEX"><value>12</value></Data><Data name="NODEHEX"><value>0</value></Data><Data name="LACHEX"><value>1</value></Data><Data name="RAWCELLID"><value>18</value></Data><Data name="TIME"><value>2026.08.18_16.52.19</value></Data><Data name="NEI1"><value>TECH:5G CELLID:18 LAC:1 CELL:2 ARFCN:644640 LEVEL:-105 QUAL:-11 </value></Data><Data name="NEI2"><value>TECH:5G CELLID:18 LAC:1 CELL:2 ARFCN:644640 LEVEL:-126 QUAL:-16 </value></Data><Data name="NEI3"><value></value></Data><Data name="NEI4"><value></value></Data><Data name="NEI5"><value></value></Data><Data name="NEI6"><value></value></Data></ExtendedData><Style><LabelStyle><scale>0.0</scale> </LabelStyle><IconStyle><color>FFFF00FF</color><scale>0.5</scale><Icon><href>http://maps.google.com/mapfiles/kml/shapes/shaded_dot.png</href></Icon></IconStyle></Style><Point><coordinates>-75.75444885,39.66818714,0</coordinates></Point></Placemark><Placemark><name>5G</name><ExtendedData><Data name="CGI"><value>3150100000100018</value></Data><Data name="CELLNAME"><value></value></Data><Data name="CELLID"><value>18</value></Data><Data name="RNC"><value>0</value></Data><Data name="TAC"><value>1</value></Data><Data name="TECHNOLOGY"><value>5G NSA</value></Data><Data name="MODE"><value>5G</value></Data><Data name="ARFCN"><value>644640</value></Data><Data name="BAND"><value>N48</value></Data><Data name="BANDWIDTH"><value></value></Data><Data name="CA"><value>false</value></Data><Data name="NR state"><value></value></Data><Data name="RSRP"><value>-105 dBm</value></Data><Data name="RSRQ"><value>-11</value></Data><Data name="LAYER"><value>1</value></Data><Data name="PC"><value>2</value></Data><Data name="DL_BITRATE"><value>0 kbps</value></Data><Data name="UL_BITRATE"><value>0 kbps</value></Data><Data name="IP"><value>10.120.121.24</value></Data><Data name="SNR"><value>13.0</value></Data><Data name="PHONE STATE"><value>I</value></Data><Data name="IMEI"><value></value></Data><Data name="SPEED"><value>29 km/h</value></Data><Data name="HEIGHT"><value>-1m</value></Data><Data name="ALTITUDE"><value>-1m</value></Data><Data name="LOCATION"><value>G</value></Data><Data name="ACCURACY"><value>3m</value></Data><Data name="DISTANCE"><value>-1m</value></Data><Data name="SITE BEARING"><value>1000deg</value></Data><Data name="ANTENNA BEARING"><value>1000deg</value></Data><Data name="CELLHEX"><value>12</value></Data><Data name="NODEHEX"><value>0</value></Data><Data name="LACHEX"><value>1</value></Data><Data name="RAWCELLID"><value>18</value></Data><Data name="TIME"><value>2026.08.18_16.52.21</value></Data><Data name="NEI1"><value>TECH:5G CELLID:18 LAC:1 CELL:2 ARFCN:644640 LEVEL:-105 QUAL:-11 </value></Data><Data name="NEI2"><value>TECH:5G CELLID:18 LAC:1 CELL:2 ARFCN:644640 LEVEL:-121 QUAL:-13 </value></Data><Data name="NEI3"><value></value></Data><Data name="NEI4"><value></value></Data><Data name="NEI5"><value></value></Data><Data name="NEI6"><value></value></Data></ExtendedData><Style><LabelStyle><scale>0.0</scale> </LabelStyle><IconStyle><color>FFFF00FF</color><scale>0.5</scale><Icon><href>http://maps.google.com/mapfiles/kml/shapes/shaded_dot.png</href></Icon></IconStyle></Style><Point><coordinates>-75.75426628,39.66820308,0</coordinates></Point></Placemark><Placemark><name>5G</name><ExtendedData><Data name="CGI"><value>3150100000100018</value></Data><Data name="CELLNAME"><value></value></Data><Data name="CELLID"><value>18</value></Data><Data name="RNC"><value>0</value></Data><Data name="TAC"><value>1</value></Data><Data name="TECHNOLOGY"><value>5G NSA</value></Data><Data name="MODE"><value>5G</value></Data><Data name="ARFCN"><value>644640</value></Data><Data name="BAND"><value>N48</value></Data><Data name="BANDWIDTH"><value></value></Data><Data name="CA"><value>false</value></Data><Data name="NR state"><value></value></Data><Data name="RSRP"><value>-105 dBm</value></Data><Data name="RSRQ"><value>-11</value></Data><Data name="LAYER"><value>1</value></Data><Data name="PC"><value>2</value></Data><Data name="DL_BITRATE"><value>0 kbps</value></Data><Data name="UL_BITRATE"><value>0 kbps</value></Data><Data name="IP"><value>10.120.121.24</value></Data><Data name="SNR"><value>13.0</value></Data><Data name="PHONE STATE"><value>I</value></Data><Data name="IMEI"><value></value></Data><Data name="SPEED"><value>34 km/h</value></Data><Data name="HEIGHT"><value>-2m</value></Data><Data name="ALTITUDE"><value>-2m</value></Data><Data name="LOCATION"><value>G</value></Data><Data name="ACCURACY"><value>3m</value></Data><Data name="DISTANCE"><value>-1m</value></Data><Data name="SITE BEARING"><value>1000deg</value></Data><Data name="ANTENNA BEARING"><value>1000deg</value></Data><Data name="CELLHEX"><value>12</value></Data><Data name="NODEHEX"><value>0</value></Data><Data name="LACHEX"><value>1</value></Data><Data name="RAWCELLID"><value>18</value></Data><Data name="TIME"><value>2026.08.18_16.52.23</value></Data><Data name="NEI1"><value>TECH:5G CELLID:18 LAC:1 CELL:2 ARFCN:644640 LEVEL:-105 QUAL:-11 </value></Data><Data name="NEI2"><value>TECH:5G CELLID:18 LAC:1 CELL:2 ARFCN:644640 LEVEL:-121 QUAL:-13 </value></Data><Data name="NEI3"><value></value></Data><Data name="NEI4"><value></value></Data><Data name="NEI5"><value></value></Data><Data name="NEI6"><value></value></Data></ExtendedData><Style><LabelStyle><scale>0.0</scale> </LabelStyle><IconStyle><color>FFFF00FF</color><scale>0.5</scale><Icon><href>http://maps.google.com/mapfiles/kml/shapes/shaded_dot.png</href></Icon></IconStyle></Style><Point><coordinates>-75.75404864,39.66822036,0</coordinates></Point></Placemark><Placemark><name>5G</name><ExtendedData><Data name="CGI"><value>3150100000100018</value></Data><Data name="CELLNAME"><value></value></Data><Data name="CELLID"><value>18</value></Data><Data name="RNC"><value>0</value></Data><Data name="TAC"><value>1</value></Data><Data name="TECHNOLOGY"><value>5G NSA</value></Data><Data name="MODE"><value>5G</value></Data><Data name="ARFCN"><value>644640</value></Data><Data name="BAND"><value>N48</value></Data><Data name="BANDWIDTH"><value></value></Data><Data name="CA"><value>false</value></Data><Data name="NR state"><value></value></Data><Data name="RSRP"><value>-105 dBm</value></Data><Data name="RSRQ"><value>-11</value></Data><Data name="LAYER"><value>1</value></Data><Data name="PC"><value>2</value></Data><Data name="DL_BITRATE"><value>0 kbps</value></Data><Data name="UL_BITRATE"><value>0 kbps</value></Data><Data name="IP"><value>10.120.121.24</value></Data><Data name="SNR"><value>13.0</value></Data><Data name="PHONE STATE"><value>I</value></Data><Data name="IMEI"><value></value></Data><Data name="SPEED"><value>34 km/h</value></Data><Data name="HEIGHT"><value>0m</value></Data><Data name="ALTITUDE"><value>0m</value></Data><Data name="LOCATION"><value>G</value></Data><Data name="ACCURACY"><value>3m</value></Data><Data name="DISTANCE"><value>-1m</value></Data><Data name="SITE BEARING"><value>1000deg</value></Data><Data name="ANTENNA BEARING"><value>1000deg</value></Data><Data name="CELLHEX"><value>12</value></Data><Data name="NODEHEX"><value>0</value></Data><Data name="LACHEX"><value>1</value></Data><Data name="RAWCELLID"><value>18</value></Data><Data name="TIME"><value>2026.08.18_16.52.25</value></Data><Data name="NEI1"><value>TECH:5G CELLID:18 LAC:1 CELL:2 ARFCN:644640 LEVEL:-105 QUAL:-11 </value></Data><Data name="NEI2"><value>TECH:5G CELLID:18 LAC:1 CELL:2 ARFCN:644640 LEVEL:-118 QUAL:-12 </value></Data><Data name="NEI3"><value></value></Data><Data name="NEI4"><value></value></Data><Data name="NEI5"><value></value></Data><Data name="NEI6"><value></value></Data></ExtendedData><Style><LabelStyle><scale>0.0</scale> </LabelStyle><IconStyle><color>FFFF00FF</color><scale>0.5</scale><Icon><href>http://maps.google.com/mapfiles/kml/shapes/shaded_dot.png</href></Icon></IconStyle></Style><Point><coordinates>-75.7538409,39.66822505,0</coordinates></Point></Placemark><Placemark><name>5G</name><ExtendedData><Data name="CGI"><value>3150100000100018</value></Data><Data name="CELLNAME"><value></value></Data><Data name="CELLID"><value>18</value></Data><Data name="RNC"><value>0</value></Data><Data name="TAC"><value>1</value></Data><Data name="TECHNOLOGY"><value>5G NSA</value></Data><Data name="MODE"><value>5G</value></Data><Data name="ARFCN"><value>644640</value></Data><Data name="BAND"><value>N48</value></Data><Data name="BANDWIDTH"><value></value></Data><Data name="CA"><value>false</value></Data><Data name="NR state"><value></value></Data><Data name="RSRP"><value>-105 dBm</value></Data><Data name="RSRQ"><value>-11</value></Data><Data name="LAYER"><value>1</value></Data><Data name="PC"><value>2</value></Data><Data name="DL_BITRATE"><value>0 kbps</value></Data><Data name="UL_BITRATE"><value>0 kbps</value></Data><Data name="IP"><value>10.120.121.24</value></Data><Data name="SNR"><value>13.0</value></Data><Data name="PHONE STATE"><value>I</value></Data><Data name="IMEI"><value></value></Data><Data name="SPEED"><value>33 km/h</value></Data><Data name="HEIGHT"><value>0m</value></Data><Data name="ALTITUDE"><value>0m</value></Data><Data name="LOCATION"><value>G</value></Data><Data name="ACCURACY"><value>3m</value></Data><Data name="DISTANCE"><value>-1m</value></Data><Data name="SITE BEARING"><value>1000deg</value></Data><Data name="ANTENNA BEARING"><value>1000deg</value></Data><Data name="CELLHEX"><value>12</value></Data><Data name="NODEHEX"><value>0</value></Data><Data name="LACHEX"><value>1</value></Data><Data name="RAWCELLID"><value>18</value></Data><Data name="TIME"><value>2026.08.18_16.52.27</value></Data><Data name="NEI1"><value>TECH:5G CELLID:18 LAC:1 CELL:2 ARFCN:644640 LEVEL:-105 QUAL:-11 </value></Data><Data name="NEI2"><value>TECH:5G CELLID:18 LAC:1 CELL:2 ARFCN:644640 LEVEL:-115 QUAL:-11 </value></Data><Data name="NEI3"><value></value></Data><Data name="NEI4"><value></value></Data><Data name="NEI5"><value></value></Data><Data name="NEI6"><value></value></Data></ExtendedData><Style><LabelStyle><scale>0.0</scale> </LabelStyle><IconStyle><color>FFFF00FF</color><scale>0.5</scale><Icon><href>http://maps.google.com/mapfiles/kml/shapes/shaded_dot.png</href></Icon></IconStyle></Style><Point><coordinates>-75.75362517,39.66823814,0</coordinates></Point></Placemark><Placemark><name>5G</name><ExtendedData><Data name="CGI"><value>3150100000100018</value></Data><Data name="CELLNAME"><value></value></Data><Data name="CELLID"><value>18</value></Data><Data name="RNC"><value>0</value></Data><Data name="TAC"><value>1</value></Data><Data name="TECHNOLOGY"><value>5G NSA</value></Data><Data name="MODE"><value>5G</value></Data><Data name="ARFCN"><value>644640</value></Data><Data name="BAND"><value>N48</value></Data><Data name="BANDWIDTH"><value></value></Data><Data name="CA"><value>false</value></Data><Data name="NR state"><value></value></Data><Data name="RSRP"><value>-105 dBm</value></Data><Data name="RSRQ"><value>-11</value></Data><Data name="LAYER"><value>1</value></Data><Data name="PC"><value>2</value></Data><Data name="DL_BITRATE"><value>0 kbps</value></Data><Data name="UL_BITRATE"><value>0 kbps</value></Data><Data name="IP"><value>10.120.121.24</value></Data><Data name="SNR"><value>13.0</value></Data><Data name="PHONE STATE"><value>I</value></Data><Data name="IMEI"><value></value></Data><Data name="SPEED"><value>29 km/h</value></Data><Data name="HEIGHT"><value>-1m</value></Data><Data name="ALTITUDE"><value>-1m</value></Data><Data name="LOCATION"><value>G</value></Data><Data name="ACCURACY"><value>3m</value></Data><Data name="DISTANCE"><value>-1m</value></Data><Data name="SITE BEARING"><value>1000deg</value></Data><Data name="ANTENNA BEARING"><value>1000deg</value></Data><Data name="CELLHEX"><value>12</value></Data><Data name="NODEHEX"><value>0</value></Data><Data name="LACHEX"><value>1</value></Data><Data name="RAWCELLID"><value>18</value></Data><Data name="TIME"><value>2026.08.18_16.52.29</value></Data><Data name="NEI1"><value>TECH:5G CELLID:18 LAC:1 CELL:2 ARFCN:644640 LEVEL:-105 QUAL:-11 </value></Data><Data name="NEI2"><value>TECH:5G CELLID:18 LAC:1 CELL:2 ARFCN:644640 LEVEL:-118 QUAL:-13 </value></Data><Data name="NEI3"><value></value></Data><Data name="NEI4"><value></value></Data><Data name="NEI5"><value></value></Data><Data name="NEI6"><value></value></Data></ExtendedData><Style><LabelStyle><scale>0.0</scale> </LabelStyle><IconStyle><color>FFFF00FF</color><scale>0.5</scale><Icon><href>http://maps.google.com/mapfiles/kml/shapes/shaded_dot.png</href></Icon></IconStyle></Style><Point><coordinates>-75.75343023,39.66825215,0</coordinates></Point></Placemark><Placemark><name>5G</name><ExtendedData><Data name="CGI"><value>3150100000100018</value></Data><Data name="CELLNAME"><value></value></Data><Data name="CELLID"><value>18</value></Data><Data name="RNC"><value>0</value></Data><Data name="TAC"><value>1</value></Data><Data name="TECHNOLOGY"><value>5G NSA</value></Data><Data name="MODE"><value>5G</value></Data><Data name="ARFCN"><value>644640</value></Data><Data name="BAND"><value>N48</value></Data><Data name="BANDWIDTH"><value></value></Data><Data name="CA"><value>false</value></Data><Data name="NR state"><value></value></Data><Data name="RSRP"><value>-105 dBm</value></Data><Data name="RSRQ"><value>-11</value></Data><Data name="LAYER"><value>1</value></Data><Data name="PC"><value>2</value></Data><Data name="DL_BITRATE"><value>0 kbps</value></Data><Data name="UL_BITRATE"><value>0 kbps</value></Data><Data name="IP"><value>10.120.121.24</value></Data><Data name="SNR"><value>13.0</value></Data><Data name="PHONE STATE"><value>I</value></Data><Data name="IMEI"><value></value></Data><Data name="SPEED"><value>26 km/h</value></Data><Data name="HEIGHT"><value>-1m</value></Data><Data name="ALTITUDE"><value>-1m</value></Data><Data name="LOCATION"><value>G</value></Data><Data name="ACCURACY"><value>3m</value></Data><Data name="DISTANCE"><value>-1m</value></Data><Data name="SITE BEARING"><value>1000deg</value></Data><Data name="ANTENNA BEARING"><value>1000deg</value></Data><Data name="CELLHEX"><value>12</value></Data><Data name="NODEHEX"><value>0</value></Data><Data name="LACHEX"><value>1</value></Data><Data name="RAWCELLID"><value>18</value></Data><Data name="TIME"><value>2026.08.18_16.52.31</value></Data><Data name="NEI1"><value>TECH:5G CELLID:18 LAC:1 CELL:2 ARFCN:644640 LEVEL:-105 QUAL:-11 </value></Data><Data name="NEI2"><value>TECH:5G CELLID:18 LAC:1 CELL:2 ARFCN:644640 LEVEL:-118 QUAL:-12 </value></Data><Data name="NEI3"><value></value></Data><Data name="NEI4"><value></value></Data><Data name="NEI5"><value></value></Data><Data name="NEI6"><value></value></Data></ExtendedData><Style><LabelStyle><scale>0.0</scale> </LabelStyle><IconStyle><color>FFFF00FF</color><scale>0.5</scale><Icon><href>http://maps.google.com/mapfiles/kml/shapes/shaded_dot.png</href></Icon></IconStyle></Style><Point><coordinates>-75.75327502,39.66831168,0</coordinates></Point></Placemark><Placemark><name>5G</name><ExtendedData><Data name="CGI"><value>3150100000100018</value></Data><Data name="CELLNAME"><value></value></Data><Data name="CELLID"><value>18</value></Data><Data name="RNC"><value>0</value></Data><Data name="TAC"><value>1</value></Data><Data name="TECHNOLOGY"><value>5G NSA</value></Data><Data name="MODE"><value>5G</value></Data><Data name="ARFCN"><value>644640</value></Data><Data name="BAND"><value>N48</value></Data><Data name="BANDWIDTH"><value></value></Data><Data name="CA"><value>false</value></Data><Data name="NR state"><value></value></Data><Data name="RSRP"><value>-105 dBm</value></Data><Data name="RSRQ"><value>-11</value></Data><Data name="LAYER"><value>1</value></Data><Data name="PC"><value>2</value></Data><Data name="DL_BITRATE"><value>0 kbps</value></Data><Data name="UL_BITRATE"><value>0 kbps</value></Data><Data name="IP"><value>10.120.121.24</value></Data><Data name="SNR"><value>13.0</value></Data><Data name="PHONE STATE"><value>I</value></Data><Data name="IMEI"><value></value></Data><Data name="SPEED"><value>25 km/h</value></Data><Data name="HEIGHT"><value>-1m</value></Data><Data name="ALTITUDE"><value>-1m</value></Data><Data name="LOCATION"><value>G</value></Data><Data name="ACCURACY"><value>3m</value></Data><Data name="DISTANCE"><value>-1m</value></Data><Data name="SITE BEARING"><value>1000deg</value></Data><Data name="ANTENNA BEARING"><value>1000deg</value></Data><Data name="CELLHEX"><value>12</value></Data><Data name="NODEHEX"><value>0</value></Data><Data name="LACHEX"><value>1</value></Data><Data name="RAWCELLID"><value>18</value></Data><Data name="TIME"><value>2026.08.18_16.52.33</value></Data><Data name="NEI1"><value>TECH:5G CELLID:18 LAC:1 CELL:2 ARFCN:644640 LEVEL:-105 QUAL:-11 </value></Data><Data name="NEI2"><value>TECH:5G CELLID:18 LAC:1 CELL:2 ARFCN:644640 LEVEL:-122 QUAL:-13 </value></Data><Data name="NEI3"><value></value></Data><Data name="NEI4"><value></value></Data><Data name="NEI5"><value></value></Data><Data name="NEI6"><value></value></Data></ExtendedData><Style><LabelStyle><scale>0.0</scale> </LabelStyle><IconStyle><color>FFFF00FF</color><scale>0.5</scale><Icon><href>http://maps.google.com/mapfiles/kml/shapes/shaded_dot.png</href></Icon></IconStyle></Style><Point><coordinates>-75.7531912,39.66842529,0</coordinates></Point></Placemark><Placemark><name>5G</name><ExtendedData><Data name="CGI"><value>3150100000100018</value></Data><Data name="CELLNAME"><value></value></Data><Data name="CELLID"><value>18</value></Data><Data name="RNC"><value>0</value></Data><Data name="TAC"><value>1</value></Data><Data name="TECHNOLOGY"><value>5G NSA</value></Data><Data name="MODE"><value>5G</value></Data><Data name="ARFCN"><value>644640</value></Data><Data name="BAND"><value>N48</value></Data><Data name="BANDWIDTH"><value></value></Data><Data name="CA"><value>false</value></Data><Data name="NR state"><value></value></Data><Data name="RSRP"><value>-105 dBm</value></Data><Data name="RSRQ"><value>-11</value></Data><Data name="LAYER"><value>1</value></Data><Data name="PC"><value>2</value></Data><Data name="DL_BITRATE"><value>0 kbps</value></Data><Data name="UL_BITRATE"><value>0 kbps</value></Data><Data name="IP"><value>10.120.121.24</value></Data><Data name="SNR"><value>13.0</value></Data><Data name="PHONE STATE"><value>I</value></Data><Data name="IMEI"><value></value></Data><Data name="SPEED"><value>28 km/h</value></Data><Data name="HEIGHT"><value>0m</value></Data><Data name="ALTITUDE"><value>0m</value></Data><Data name="LOCATION"><value>G</value></Data><Data name="ACCURACY"><value>3m</value></Data><Data name="DISTANCE"><value>-1m</value></Data><Data name="SITE BEARING"><value>1000deg</value></Data><Data name="ANTENNA BEARING"><value>1000deg</value></Data><Data name="CELLHEX"><value>12</value></Data><Data name="NODEHEX"><value>0</value></Data><Data name="LACHEX"><value>1</value></Data><Data name="RAWCELLID"><value>18</value></Data><Data name="TIME"><value>2026.08.18_16.52.35</value></Data><Data name="NEI1"><value>TECH:5G CELLID:18 LAC:1 CELL:2 ARFCN:644640 LEVEL:-105 QUAL:-11 </value></Data><Data name="NEI2"><value>TECH:5G CELLID:18 LAC:1 CELL:2 ARFCN:644640 LEVEL:-113 QUAL:-11 </value></Data><Data name="NEI3"><value></value></Data><Data name="NEI4"><value></value></Data><Data name="NEI5"><value></value></Data><Data name="NEI6"><value></value></Data></ExtendedData><Style><LabelStyle><scale>0.0</scale> </LabelStyle><IconStyle><color>FFFF00FF</color><scale>0.5</scale><Icon><href>http://maps.google.com/mapfiles/kml/shapes/shaded_dot.png</href></Icon></IconStyle></Style><Point><coordinates>-75.75315373,39.6685617,0</coordinates></Point></Placemark><Placemark><name>5G</name><ExtendedData><Data name="CGI"><value>3150100000100018</value></Data><Data name="CELLNAME"><value></value></Data><Data name="CELLID"><value>18</value></Data><Data name="RNC"><value>0</value></Data><Data name="TAC"><value>1</value></Data><Data name="TECHNOLOGY"><value>5G NSA</value></Data><Data name="MODE"><value>5G</value></Data><Data name="ARFCN"><value>644640</value></Data><Data name="BAND"><value>N48</value></Data><Data name="BANDWIDTH"><value></value></Data><Data name="CA"><value>false</value></Data><Data name="NR state"><value></value></Data><Data name="RSRP"><value>-105 dBm</value></Data><Data name="RSRQ"><value>-11</value></Data><Data name="LAYER"><value>1</value></Data><Data name="PC"><value>2</value></Data><Data name="DL_BITRATE"><value>0 kbps</value></Data><Data name="UL_BITRATE"><value>0 kbps</value></Data><Data name="IP"><value>10.120.121.24</value></Data><Data name="SNR"><value>13.0</value></Data><Data name="PHONE STATE"><value>I</value></Data><Data name="IMEI"><value></value></Data><Data name="SPEED"><value>32 km/h</value></Data><Data name="HEIGHT"><value>0m</value></Data><Data name="ALTITUDE"><value>0m</value></Data><Data name="LOCATION"><value>G</value></Data><Data name="ACCURACY"><value>3m</value></Data><Data name="DISTANCE"><value>-1m</value></Data><Data name="SITE BEARING"><value>1000deg</value></Data><Data name="ANTENNA BEARING"><value>1000deg</value></Data><Data name="CELLHEX"><value>12</value></Data><Data name="NODEHEX"><value>0</value></Data><Data name="LACHEX"><value>1</value></Data><Data name="RAWCELLID"><value>18</value></Data><Data name="TIME"><value>2026.08.18_16.52.37</value></Data><Data name="NEI1"><value>TECH:5G CELLID:18 LAC:1 CELL:2 ARFCN:644640 LEVEL:-105 QUAL:-11 </value></Data><Data name="NEI2"><value>TECH:5G CELLID:18 LAC:1 CELL:2 ARFCN:644640 LEVEL:-119 QUAL:-12 </value></Data><Data name="NEI3"><value></value></Data><Data name="NEI4"><value></value></Data><Data name="NEI5"><value></value></Data><Data name="NEI6"><value></value></Data></ExtendedData><Style><LabelStyle><scale>0.0</scale> </LabelStyle><IconStyle><color>FFFF00FF</color><scale>0.5</scale><Icon><href>http://maps.google.com/mapfiles/kml/shapes/shaded_dot.png</href></Icon></IconStyle></Style><Point><coordinates>-75.75314244,39.66872123,0</coordinates></Point></Placemark><Placemark><name>5G</name><ExtendedData><Data name="CGI"><value>3150100000100018</value></Data><Data name="CELLNAME"><value></value></Data><Data name="CELLID"><value>18</value></Data><Data name="RNC"><value>0</value></Data><Data name="TAC"><value>1</value></Data><Data name="TECHNOLOGY"><value>5G NSA</value></Data><Data name="MODE"><value>5G</value></Data><Data name="ARFCN"><value>644640</value></Data><Data name="BAND"><value>N48</value></Data><Data name="BANDWIDTH"><value></value></Data><Data name="CA"><value>false</value></Data><Data name="NR state"><value></value></Data><Data name="RSRP"><value>-105 dBm</value></Data><Data name="RSRQ"><value>-11</value></Data><Data name="LAYER"><value>1</value></Data><Data name="PC"><value>2</value></Data><Data name="DL_BITRATE"><value>0 kbps</value></Data><Data name="UL_BITRATE"><value>0 kbps</value></Data><Data name="IP"><value>10.120.121.24</value></Data><Data name="SNR"><value>13.0</value></Data><Data name="PHONE STATE"><value>I</value></Data><Data name="IMEI"><value></value></Data><Data name="SPEED"><value>35 km/h</value></Data><Data name="HEIGHT"><value>0m</value></Data><Data name="ALTITUDE"><value>0m</value></Data><Data name="LOCATION"><value>G</value></Data><Data name="ACCURACY"><value>3m</value></Data><Data name="DISTANCE"><value>-1m</value></Data><Data name="SITE BEARING"><value>1000deg</value></Data><Data name="ANTENNA BEARING"><value>1000deg</value></Data><Data name="CELLHEX"><value>12</value></Data><Data name="NODEHEX"><value>0</value></Data><Data name="LACHEX"><value>1</value></Data><Data name="RAWCELLID"><value>18</value></Data><Data name="TIME"><value>2026.08.18_16.52.39</value></Data><Data name="NEI1"><value>TECH:5G CELLID:18 LAC:1 CELL:2 ARFCN:644640 LEVEL:-105 QUAL:-11 </value></Data><Data name="NEI2"><value>TECH:5G CELLID:18 LAC:1 CELL:2 ARFCN:644640 LEVEL:-117 QUAL:-12 </value></Data><Data name="NEI3"><value></value></Data><Data name="NEI4"><value></value></Data><Data name="NEI5"><value></value></Data><Data name="NEI6"><value></value></Data></ExtendedData><Style><LabelStyle><scale>0.0</scale> </LabelStyle><IconStyle><color>FFFF00FF</color><scale>0.5</scale><Icon><href>http://maps.google.com/mapfiles/kml/shapes/shaded_dot.png</href></Icon></IconStyle></Style><Point><coordinates>-75.7531312,39.66889416,0</coordinates></Point></Placemark><Placemark><name>5G</name><ExtendedData><Data name="CGI"><value>3150100000100018</value></Data><Data name="CELLNAME"><value></value></Data><Data name="CELLID"><value>18</value></Data><Data name="RNC"><value>0</value></Data><Data name="TAC"><value>1</value></Data><Data name="TECHNOLOGY"><value>5G NSA</value></Data><Data name="MODE"><value>5G</value></Data><Data name="ARFCN"><value>644640</value></Data><Data name="BAND"><value>N48</value></Data><Data name="BANDWIDTH"><value></value></Data><Data name="CA"><value>false</value></Data><Data name="NR state"><value></value></Data><Data name="RSRP"><value>-105 dBm</value></Data><Data name="RSRQ"><value>-11</value></Data><Data name="LAYER"><value>1</value></Data><Data name="PC"><value>2</value></Data><Data name="DL_BITRATE"><value>0 kbps</value></Data><Data name="UL_BITRATE"><value>0 kbps</value></Data><Data name="IP"><value>10.120.121.24</value></Data><Data name="SNR"><value>13.0</value></Data><Data name="PHONE STATE"><value>I</value></Data><Data name="IMEI"><value></value></Data><Data name="SPEED"><value>35 km/h</value></Data><Data name="HEIGHT"><value>0m</value></Data><Data name="ALTITUDE"><value>0m</value></Data><Data name="LOCATION"><value>G</value></Data><Data name="ACCURACY"><value>3m</value></Data><Data name="DISTANCE"><value>-1m</value></Data><Data name="SITE BEARING"><value>1000deg</value></Data><Data name="ANTENNA BEARING"><value>1000deg</value></Data><Data name="CELLHEX"><value>12</value></Data><Data name="NODEHEX"><value>0</value></Data><Data name="LACHEX"><value>1</value></Data><Data name="RAWCELLID"><value>18</value></Data><Data name="TIME"><value>2026.08.18_16.52.40</value></Data><Data name="NEI1"><value>TECH:5G CELLID:18 LAC:1 CELL:2 ARFCN:644640 LEVEL:-105 QUAL:-11 </value></Data><Data name="NEI2"><value>TECH:5G CELLID:18 LAC:1 CELL:2 ARFCN:644640 LEVEL:-123 QUAL:-15 </value></Data><Data name="NEI3"><value></value></Data><Data name="NEI4"><value></value></Data><Data name="NEI5"><value></value></Data><Data name="NEI6"><value></value></Data></ExtendedData><Style><LabelStyle><scale>0.0</scale> </LabelStyle><IconStyle><color>FFFF00FF</color><scale>0.5</scale><Icon><href>http://maps.google.com/mapfiles/kml/shapes/shaded_dot.png</href></Icon></IconStyle></Style><Point><coordinates>-75.75312303,39.66898437,0</coordinates></Point></Placemark><Placemark><name>5G</name><ExtendedData><Data name="CGI"><value>3150100000100018</value></Data><Data name="CELLNAME"><value></value></Data><Data name="CELLID"><value>18</value></Data><Data name="RNC"><value>0</value></Data><Data name="TAC"><value>1</value></Data><Data name="TECHNOLOGY"><value>5G NSA</value></Data><Data name="MODE"><value>5G</value></Data><Data name="ARFCN"><value>644640</value></Data><Data name="BAND"><value>N48</value></Data><Data name="BANDWIDTH"><value></value></Data><Data name="CA"><value>false</value></Data><Data name="NR state"><value></value></Data><Data name="RSRP"><value>-105 dBm</value></Data><Data name="RSRQ"><value>-11</value></Data><Data name="LAYER"><value>1</value></Data><Data name="PC"><value>2</value></Data><Data name="DL_BITRATE"><value>0 kbps</value></Data><Data name="UL_BITRATE"><value>0 kbps</value></Data><Data name="IP"><value>10.120.121.24</value></Data><Data name="SNR"><value>13.0</value></Data><Data name="PHONE STATE"><value>I</value></Data><Data name="IMEI"><value></value></Data><Data name="SPEED"><value>35 km/h</value></Data><Data name="HEIGHT"><value>0m</value></Data><Data name="ALTITUDE"><value>0m</value></Data><Data name="LOCATION"><value>G</value></Data><Data name="ACCURACY"><value>3m</value></Data><Data name="DISTANCE"><value>-1m</value></Data><Data name="SITE BEARING"><value>1000deg</value></Data><Data name="ANTENNA BEARING"><value>1000deg</value></Data><Data name="CELLHEX"><value>12</value></Data><Data name="NODEHEX"><value>0</value></Data><Data name="LACHEX"><value>1</value></Data><Data name="RAWCELLID"><value>18</value></Data><Data name="TIME"><value>2026.08.18_16.52.41</value></Data><Data name="NEI1"><value>TECH:5G CELLID:18 LAC:1 CELL:2 ARFCN:644640 LEVEL:-105 QUAL:-11 </value></Data><Data name="NEI2"><value>TECH:5G CELLID:18 LAC:1 CELL:2 ARFCN:644640 LEVEL:-123 QUAL:-15 </value></Data><Data name="NEI3"><value></value></Data><Data name="NEI4"><value></value></Data><Data name="NEI5"><value></value></Data><Data name="NEI6"><value></value></Data></ExtendedData><Style><LabelStyle><scale>0.0</scale> </LabelStyle><IconStyle><color>FFFF00FF</color><scale>0.5</scale><Icon><href>http://maps.google.com/mapfiles/kml/shapes/shaded_dot.png</href></Icon></IconStyle></Style><Point><coordinates>-75.75311822,39.66907628,0</coordinates></Point></Placemark><Placemark><name>5G</name><ExtendedData><Data name="CGI"><value>3150100000100018</value></Data><Data name="CELLNAME"><value></value></Data><Data name="CELLID"><value>18</value></Data><Data name="RNC"><value>0</value></Data><Data name="TAC"><value>1</value></Data><Data name="TECHNOLOGY"><value>5G NSA</value></Data><Data name="MODE"><value>5G</value></Data><Data name="ARFCN"><value>644640</value></Data><Data name="BAND"><value>N48</value></Data><Data name="BANDWIDTH"><value></value></Data><Data name="CA"><value>false</value></Data><Data name="NR state"><value></value></Data><Data name="RSRP"><value>-105 dBm</value></Data><Data name="RSRQ"><value>-11</value></Data><Data name="LAYER"><value>1</value></Data><Data name="PC"><value>2</value></Data><Data name="DL_BITRATE"><value>0 kbps</value></Data><Data name="UL_BITRATE"><value>0 kbps</value></Data><Data name="IP"><value>10.120.121.24</value></Data><Data name="SNR"><value>13.0</value></Data><Data name="PHONE STATE"><value>I</value></Data><Data name="IMEI"><value></value></Data><Data name="SPEED"><value>34 km/h</value></Data><Data name="HEIGHT"><value>1m</value></Data><Data name="ALTITUDE"><value>1m</value></Data><Data name="LOCATION"><value>G</value></Data><Data name="ACCURACY"><value>3m</value></Data><Data name="DISTANCE"><value>-1m</value></Data><Data name="SITE BEARING"><value>1000deg</value></Data><Data name="ANTENNA BEARING"><value>1000deg</value></Data><Data name="CELLHEX"><value>12</value></Data><Data name="NODEHEX"><value>0</value></Data><Data name="LACHEX"><value>1</value></Data><Data name="RAWCELLID"><value>18</value></Data><Data name="TIME"><value>2026.08.18_16.52.43</value></Data><Data name="NEI1"><value>TECH:5G CELLID:18 LAC:1 CELL:2 ARFCN:644640 LEVEL:-105 QUAL:-11 </value></Data><Data name="NEI2"><value>TECH:5G CELLID:18 LAC:1 CELL:2 ARFCN:644640 LEVEL:-121 QUAL:-14 </value></Data><Data name="NEI3"><value></value></Data><Data name="NEI4"><value></value></Data><Data name="NEI5"><value></value></Data><Data name="NEI6"><value></value></Data></ExtendedData><Style><LabelStyle><scale>0.0</scale> </LabelStyle><IconStyle><color>FFFF00FF</color><scale>0.5</scale><Icon><href>http://maps.google.com/mapfiles/kml/shapes/shaded_dot.png</href></Icon></IconStyle></Style><Point><coordinates>-75.75310904,39.66925026,0</coordinates></Point></Placemark><Placemark><name>5G</name><ExtendedData><Data name="CGI"><value>3150100000100018</value></Data><Data name="CELLNAME"><value></value></Data><Data name="CELLID"><value>18</value></Data><Data name="RNC"><value>0</value></Data><Data name="TAC"><value>1</value></Data><Data name="TECHNOLOGY"><value>5G NSA</value></Data><Data name="MODE"><value>5G</value></Data><Data name="ARFCN"><value>644640</value></Data><Data name="BAND"><value>N48</value></Data><Data name="BANDWIDTH"><value></value></Data><Data name="CA"><value>false</value></Data><Data name="NR state"><value></value></Data><Data name="RSRP"><value>-105 dBm</value></Data><Data name="RSRQ"><value>-11</value></Data><Data name="LAYER"><value>1</value></Data><Data name="PC"><value>2</value></Data><Data name="DL_BITRATE"><value>0 kbps</value></Data><Data name="UL_BITRATE"><value>0 kbps</value></Data><Data name="IP"><value>10.120.121.24</value></Data><Data name="SNR"><value>13.0</value></Data><Data name="PHONE STATE"><value>I</value></Data><Data name="IMEI"><value></value></Data><Data name="SPEED"><value>30 km/h</value></Data><Data name="HEIGHT"><value>1m</value></Data><Data name="ALTITUDE"><value>1m</value></Data><Data name="LOCATION"><value>G</value></Data><Data name="ACCURACY"><value>3m</value></Data><Data name="DISTANCE"><value>-1m</value></Data><Data name="SITE BEARING"><value>1000deg</value></Data><Data name="ANTENNA BEARING"><value>1000deg</value></Data><Data name="CELLHEX"><value>12</value></Data><Data name="NODEHEX"><value>0</value></Data><Data name="LACHEX"><value>1</value></Data><Data name="RAWCELLID"><value>18</value></Data><Data name="TIME"><value>2026.08.18_16.52.45</value></Data><Data name="NEI1"><value>TECH:5G CELLID:18 LAC:1 CELL:2 ARFCN:644640 LEVEL:-105 QUAL:-11 </value></Data><Data name="NEI2"><value>TECH:5G CELLID:18 LAC:1 CELL:2 ARFCN:644640 LEVEL:-116 QUAL:-13 </value></Data><Data name="NEI3"><value></value></Data><Data name="NEI4"><value></value></Data><Data name="NEI5"><value></value></Data><Data name="NEI6"><value></value></Data></ExtendedData><Style><LabelStyle><scale>0.0</scale> </LabelStyle><IconStyle><color>FFFF00FF</color><scale>0.5</scale><Icon><href>http://maps.google.com/mapfiles/kml/shapes/shaded_dot.png</href></Icon></IconStyle></Style><Point><coordinates>-75.75310173,39.66941248,0</coordinates></Point></Placemark><Placemark><name>5G</name><ExtendedData><Data name="CGI"><value>3150100000100018</value></Data><Data name="CELLNAME"><value></value></Data><Data name="CELLID"><value>18</value></Data><Data name="RNC"><value>0</value></Data><Data name="TAC"><value>1</value></Data><Data name="TECHNOLOGY"><value>5G NSA</value></Data><Data name="MODE"><value>5G</value></Data><Data name="ARFCN"><value>644640</value></Data><Data name="BAND"><value>N48</value></Data><Data name="BANDWIDTH"><value></value></Data><Data name="CA"><value>false</value></Data><Data name="NR state"><value></value></Data><Data name="RSRP"><value>-105 dBm</value></Data><Data name="RSRQ"><value>-11</value></Data><Data name="LAYER"><value>1</value></Data><Data name="PC"><value>2</value></Data><Data name="DL_BITRATE"><value>0 kbps</value></Data><Data name="UL_BITRATE"><value>8 kbps</value></Data><Data name="IP"><value>10.120.121.24</value></Data><Data name="SNR"><value>13.0</value></Data><Data name="PHONE STATE"><value>D</value></Data><Data name="IMEI"><value></value></Data><Data name="SPEED"><value>21 km/h</value></Data><Data name="HEIGHT"><value>1m</value></Data><Data name="ALTITUDE"><value>1m</value></Data><Data name="LOCATION"><value>G</value></Data><Data name="ACCURACY"><value>3m</value></Data><Data name="DISTANCE"><value>-1m</value></Data><Data name="SITE BEARING"><value>1000deg</value></Data><Data name="ANTENNA BEARING"><value>1000deg</value></Data><Data name="CELLHEX"><value>12</value></Data><Data name="NODEHEX"><value>0</value></Data><Data name="LACHEX"><value>1</value></Data><Data name="RAWCELLID"><value>18</value></Data><Data name="TIME"><value>2026.08.18_16.52.47</value></Data><Data name="NEI1"><value>TECH:5G CELLID:18 LAC:1 CELL:2 ARFCN:644640 LEVEL:-105 QUAL:-11 </value></Data><Data name="NEI2"><value>TECH:5G CELLID:18 LAC:1 CELL:2 ARFCN:644640 LEVEL:-119 QUAL:-12 </value></Data><Data name="NEI3"><value></value></Data><Data name="NEI4"><value></value></Data><Data name="NEI5"><value></value></Data><Data name="NEI6"><value></value></Data></ExtendedData><Style><LabelStyle><scale>0.0</scale> </LabelStyle><IconStyle><color>FFFF00FF</color><scale>0.5</scale><Icon><href>http://maps.google.com/mapfiles/kml/shapes/shaded_dot.png</href></Icon></IconStyle></Style><Point><coordinates>-75.75311329,39.6695364,0</coordinates></Point></Placemark><Placemark><name>5G</name><ExtendedData><Data name="CGI"><value>3150100000100018</value></Data><Data name="CELLNAME"><value></value></Data><Data name="CELLID"><value>18</value></Data><Data name="RNC"><value>0</value></Data><Data name="TAC"><value>1</value></Data><Data name="TECHNOLOGY"><value>5G NSA</value></Data><Data name="MODE"><value>5G</value></Data><Data name="ARFCN"><value>644640</value></Data><Data name="BAND"><value>N48</value></Data><Data name="BANDWIDTH"><value></value></Data><Data name="CA"><value>false</value></Data><Data name="NR state"><value></value></Data><Data name="RSRP"><value>-105 dBm</value></Data><Data name="RSRQ"><value>-11</value></Data><Data name="LAYER"><value>1</value></Data><Data name="PC"><value>2</value></Data><Data name="DL_BITRATE"><value>0 kbps</value></Data><Data name="UL_BITRATE"><value>0 kbps</value></Data><Data name="IP"><value>10.120.121.24</value></Data><Data name="SNR"><value>13.0</value></Data><Data name="PHONE STATE"><value>I</value></Data><Data name="IMEI"><value></value></Data><Data name="SPEED"><value>19 km/h</value></Data><Data name="HEIGHT"><value>1m</value></Data><Data name="ALTITUDE"><value>1m</value></Data><Data name="LOCATION"><value>G</value></Data><Data name="ACCURACY"><value>3m</value></Data><Data name="DISTANCE"><value>-1m</value></Data><Data name="SITE BEARING"><value>1000deg</value></Data><Data name="ANTENNA BEARING"><value>1000deg</value></Data><Data name="CELLHEX"><value>12</value></Data><Data name="NODEHEX"><value>0</value></Data><Data name="LACHEX"><value>1</value></Data><Data name="RAWCELLID"><value>18</value></Data><Data name="TIME"><value>2026.08.18_16.52.49</value></Data><Data name="NEI1"><value>TECH:5G CELLID:18 LAC:1 CELL:2 ARFCN:644640 LEVEL:-105 QUAL:-11 </value></Data><Data name="NEI2"><value>TECH:5G CELLID:18 LAC:1 CELL:2 ARFCN:644640 LEVEL:-118 QUAL:-12 </value></Data><Data name="NEI3"><value></value></Data><Data name="NEI4"><value></value></Data><Data name="NEI5"><value></value></Data><Data name="NEI6"><value></value></Data></ExtendedData><Style><LabelStyle><scale>0.0</scale> </LabelStyle><IconStyle><color>FFFF00FF</color><scale>0.5</scale><Icon><href>http://maps.google.com/mapfiles/kml/shapes/shaded_dot.png</href></Icon></IconStyle></Style><Point><coordinates>-75.75318173,39.66962234,0</coordinates></Point></Placemark><Placemark><name>5G</name><ExtendedData><Data name="CGI"><value>3150100000100018</value></Data><Data name="CELLNAME"><value></value></Data><Data name="CELLID"><value>18</value></Data><Data name="RNC"><value>0</value></Data><Data name="TAC"><value>1</value></Data><Data name="TECHNOLOGY"><value>5G NSA</value></Data><Data name="MODE"><value>5G</value></Data><Data name="ARFCN"><value>644640</value></Data><Data name="BAND"><value>N48</value></Data><Data name="BANDWIDTH"><value></value></Data><Data name="CA"><value>false</value></Data><Data name="NR state"><value></value></Data><Data name="RSRP"><value>-105 dBm</value></Data><Data name="RSRQ"><value>-11</value></Data><Data name="LAYER"><value>1</value></Data><Data name="PC"><value>2</value></Data><Data name="DL_BITRATE"><value>0 kbps</value></Data><Data name="UL_BITRATE"><value>0 kbps</value></Data><Data name="IP"><value>10.120.121.24</value></Data><Data name="SNR"><value>13.0</value></Data><Data name="PHONE STATE"><value>I</value></Data><Data name="IMEI"><value></value></Data><Data name="SPEED"><value>16 km/h</value></Data><Data name="HEIGHT"><value>1m</value></Data><Data name="ALTITUDE"><value>1m</value></Data><Data name="LOCATION"><value>G</value></Data><Data name="ACCURACY"><value>3m</value></Data><Data name="DISTANCE"><value>-1m</value></Data><Data name="SITE BEARING"><value>1000deg</value></Data><Data name="ANTENNA BEARING"><value>1000deg</value></Data><Data name="CELLHEX"><value>12</value></Data><Data name="NODEHEX"><value>0</value></Data><Data name="LACHEX"><value>1</value></Data><Data name="RAWCELLID"><value>18</value></Data><Data name="TIME"><value>2026.08.18_16.52.51</value></Data><Data name="NEI1"><value>TECH:5G CELLID:18 LAC:1 CELL:2 ARFCN:644640 LEVEL:-105 QUAL:-11 </value></Data><Data name="NEI2"><value>TECH:5G CELLID:18 LAC:1 CELL:2 ARFCN:644640 LEVEL:-123 QUAL:-14 </value></Data><Data name="NEI3"><value></value></Data><Data name="NEI4"><value></value></Data><Data name="NEI5"><value></value></Data><Data name="NEI6"><value></value></Data></ExtendedData><Style><LabelStyle><scale>0.0</scale> </LabelStyle><IconStyle><color>FFFF00FF</color><scale>0.5</scale><Icon><href>http://maps.google.com/mapfiles/kml/shapes/shaded_dot.png</href></Icon></IconStyle></Style><Point><coordinates>-75.75328963,39.66965717,0</coordinates></Point></Placemark><Placemark><name>5G</name><ExtendedData><Data name="CGI"><value>3150100000100018</value></Data><Data name="CELLNAME"><value></value></Data><Data name="CELLID"><value>18</value></Data><Data name="RNC"><value>0</value></Data><Data name="TAC"><value>1</value></Data><Data name="TECHNOLOGY"><value>5G NSA</value></Data><Data name="MODE"><value>5G</value></Data><Data name="ARFCN"><value>644640</value></Data><Data name="BAND"><value>N48</value></Data><Data name="BANDWIDTH"><value></value></Data><Data name="CA"><value>false</value></Data><Data name="NR state"><value></value></Data><Data name="RSRP"><value>-105 dBm</value></Data><Data name="RSRQ"><value>-11</value></Data><Data name="LAYER"><value>1</value></Data><Data name="PC"><value>2</value></Data><Data name="DL_BITRATE"><value>0 kbps</value></Data><Data name="UL_BITRATE"><value>0 kbps</value></Data><Data name="IP"><value>10.120.121.24</value></Data><Data name="SNR"><value>13.0</value></Data><Data name="PHONE STATE"><value>I</value></Data><Data name="IMEI"><value></value></Data><Data name="SPEED"><value>16 km/h</value></Data><Data name="HEIGHT"><value>0m</value></Data><Data name="ALTITUDE"><value>0m</value></Data><Data name="LOCATION"><value>G</value></Data><Data name="ACCURACY"><value>3m</value></Data><Data name="DISTANCE"><value>-1m</value></Data><Data name="SITE BEARING"><value>1000deg</value></Data><Data name="ANTENNA BEARING"><value>1000deg</value></Data><Data name="CELLHEX"><value>12</value></Data><Data name="NODEHEX"><value>0</value></Data><Data name="LACHEX"><value>1</value></Data><Data name="RAWCELLID"><value>18</value></Data><Data name="TIME"><value>2026.08.18_16.52.54</value></Data><Data name="NEI1"><value>TECH:5G CELLID:18 LAC:1 CELL:2 ARFCN:644640 LEVEL:-105 QUAL:-11 </value></Data><Data name="NEI2"><value>TECH:5G CELLID:18 LAC:1 CELL:2 ARFCN:644640 LEVEL:-120 QUAL:-13 </value></Data><Data name="NEI3"><value></value></Data><Data name="NEI4"><value></value></Data><Data name="NEI5"><value></value></Data><Data name="NEI6"><value></value></Data></ExtendedData><Style><LabelStyle><scale>0.0</scale> </LabelStyle><IconStyle><color>FFFF00FF</color><scale>0.5</scale><Icon><href>http://maps.google.com/mapfiles/kml/shapes/shaded_dot.png</href></Icon></IconStyle></Style><Point><coordinates>-75.75343245,39.66961372,0</coordinates></Point></Placemark><Placemark><name>5G</name><ExtendedData><Data name="CGI"><value>3150100000100018</value></Data><Data name="CELLNAME"><value></value></Data><Data name="CELLID"><value>18</value></Data><Data name="RNC"><value>0</value></Data><Data name="TAC"><value>1</value></Data><Data name="TECHNOLOGY"><value>5G NSA</value></Data><Data name="MODE"><value>5G</value></Data><Data name="ARFCN"><value>644640</value></Data><Data name="BAND"><value>N48</value></Data><Data name="BANDWIDTH"><value></value></Data><Data name="CA"><value>false</value></Data><Data name="NR state"><value></value></Data><Data name="RSRP"><value>-105 dBm</value></Data><Data name="RSRQ"><value>-11</value></Data><Data name="LAYER"><value>1</value></Data><Data name="PC"><value>2</value></Data><Data name="DL_BITRATE"><value>0 kbps</value></Data><Data name="UL_BITRATE"><value>0 kbps</value></Data><Data name="IP"><value>10.120.121.24</value></Data><Data name="SNR"><value>13.0</value></Data><Data name="PHONE STATE"><value>I</value></Data><Data name="IMEI"><value></value></Data><Data name="SPEED"><value>22 km/h</value></Data><Data name="HEIGHT"><value>0m</value></Data><Data name="ALTITUDE"><value>0m</value></Data><Data name="LOCATION"><value>G</value></Data><Data name="ACCURACY"><value>3m</value></Data><Data name="DISTANCE"><value>-1m</value></Data><Data name="SITE BEARING"><value>1000deg</value></Data><Data name="ANTENNA BEARING"><value>1000deg</value></Data><Data name="CELLHEX"><value>12</value></Data><Data name="NODEHEX"><value>0</value></Data><Data name="LACHEX"><value>1</value></Data><Data name="RAWCELLID"><value>18</value></Data><Data name="TIME"><value>2026.08.18_16.52.56</value></Data><Data name="NEI1"><value>TECH:5G CELLID:18 LAC:1 CELL:2 ARFCN:644640 LEVEL:-105 QUAL:-11 </value></Data><Data name="NEI2"><value>TECH:5G CELLID:18 LAC:1 CELL:2 ARFCN:644640 LEVEL:-114 QUAL:-12 </value></Data><Data name="NEI3"><value></value></Data><Data name="NEI4"><value></value></Data><Data name="NEI5"><value></value></Data><Data name="NEI6"><value></value></Data></ExtendedData><Style><LabelStyle><scale>0.0</scale> </LabelStyle><IconStyle><color>FFFF00FF</color><scale>0.5</scale><Icon><href>http://maps.google.com/mapfiles/kml/shapes/shaded_dot.png</href></Icon></IconStyle></Style><Point><coordinates>-75.75355635,39.66956251,0</coordinates></Point></Placemark><Placemark><name>5G</name><ExtendedData><Data name="CGI"><value>3150100000100018</value></Data><Data name="CELLNAME"><value></value></Data><Data name="CELLID"><value>18</value></Data><Data name="RNC"><value>0</value></Data><Data name="TAC"><value>1</value></Data><Data name="TECHNOLOGY"><value>5G NSA</value></Data><Data name="MODE"><value>5G</value></Data><Data name="ARFCN"><value>644640</value></Data><Data name="BAND"><value>N48</value></Data><Data name="BANDWIDTH"><value></value></Data><Data name="CA"><value>false</value></Data><Data name="NR state"><value></value></Data><Data name="RSRP"><value>-105 dBm</value></Data><Data name="RSRQ"><value>-11</value></Data><Data name="LAYER"><value>1</value></Data><Data name="PC"><value>2</value></Data><Data name="DL_BITRATE"><value>0 kbps</value></Data><Data name="UL_BITRATE"><value>0 kbps</value></Data><Data name="IP"><value>10.120.121.24</value></Data><Data name="SNR"><value>13.0</value></Data><Data name="PHONE STATE"><value>I</value></Data><Data name="IMEI"><value></value></Data><Data name="SPEED"><value>26 km/h</value></Data><Data name="HEIGHT"><value>-1m</value></Data><Data name="ALTITUDE"><value>-1m</value></Data><Data name="LOCATION"><value>G</value></Data><Data name="ACCURACY"><value>3m</value></Data><Data name="DISTANCE"><value>-1m</value></Data><Data name="SITE BEARING"><value>1000deg</value></Data><Data name="ANTENNA BEARING"><value>1000deg</value></Data><Data name="CELLHEX"><value>12</value></Data><Data name="NODEHEX"><value>0</value></Data><Data name="LACHEX"><value>1</value></Data><Data name="RAWCELLID"><value>18</value></Data><Data name="TIME"><value>2026.08.18_16.52.58</value></Data><Data name="NEI1"><value>TECH:5G CELLID:18 LAC:1 CELL:2 ARFCN:644640 LEVEL:-105 QUAL:-11 </value></Data><Data name="NEI2"><value>TECH:5G CELLID:18 LAC:1 CELL:2 ARFCN:644640 LEVEL:-117 QUAL:-12 </value></Data><Data name="NEI3"><value></value></Data><Data name="NEI4"><value></value></Data><Data name="NEI5"><value></value></Data><Data name="NEI6"><value></value></Data></ExtendedData><Style><LabelStyle><scale>0.0</scale> </LabelStyle><IconStyle><color>FFFF00FF</color><scale>0.5</scale><Icon><href>http://maps.google.com/mapfiles/kml/shapes/shaded_dot.png</href></Icon></IconStyle></Style><Point><coordinates>-75.75370019,39.66949516,0</coordinates></Point></Placemark><Placemark><name>5G</name><ExtendedData><Data name="CGI"><value>3150100000100018</value></Data><Data name="CELLNAME"><value></value></Data><Data name="CELLID"><value>18</value></Data><Data name="RNC"><value>0</value></Data><Data name="TAC"><value>1</value></Data><Data name="TECHNOLOGY"><value>5G NSA</value></Data><Data name="MODE"><value>5G</value></Data><Data name="ARFCN"><value>644640</value></Data><Data name="BAND"><value>N48</value></Data><Data name="BANDWIDTH"><value></value></Data><Data name="CA"><value>false</value></Data><Data name="NR state"><value></value></Data><Data name="RSRP"><value>-105 dBm</value></Data><Data name="RSRQ"><value>-11</value></Data><Data name="LAYER"><value>1</value></Data><Data name="PC"><value>2</value></Data><Data name="DL_BITRATE"><value>0 kbps</value></Data><Data name="UL_BITRATE"><value>0 kbps</value></Data><Data name="IP"><value>10.120.121.24</value></Data><Data name="SNR"><value>13.0</value></Data><Data name="PHONE STATE"><value>I</value></Data><Data name="IMEI"><value></value></Data><Data name="SPEED"><value>31 km/h</value></Data><Data name="HEIGHT"><value>-1m</value></Data><Data name="ALTITUDE"><value>-1m</value></Data><Data name="LOCATION"><value>G</value></Data><Data name="ACCURACY"><value>3m</value></Data><Data name="DISTANCE"><value>-1m</value></Data><Data name="SITE BEARING"><value>1000deg</value></Data><Data name="ANTENNA BEARING"><value>1000deg</value></Data><Data name="CELLHEX"><value>12</value></Data><Data name="NODEHEX"><value>0</value></Data><Data name="LACHEX"><value>1</value></Data><Data name="RAWCELLID"><value>18</value></Data><Data name="TIME"><value>2026.08.18_16.53.00</value></Data><Data name="NEI1"><value>TECH:5G CELLID:18 LAC:1 CELL:2 ARFCN:644640 LEVEL:-105 QUAL:-11 </value></Data><Data name="NEI2"><value>TECH:5G CELLID:18 LAC:1 CELL:2 ARFCN:644640 LEVEL:-118 QUAL:-12 </value></Data><Data name="NEI3"><value></value></Data><Data name="NEI4"><value></value></Data><Data name="NEI5"><value></value></Data><Data name="NEI6"><value></value></Data></ExtendedData><Style><LabelStyle><scale>0.0</scale> </LabelStyle><IconStyle><color>FFFF00FF</color><scale>0.5</scale><Icon><href>http://maps.google.com/mapfiles/kml/shapes/shaded_dot.png</href></Icon></IconStyle></Style><Point><coordinates>-75.75386525,39.66941285,0</coordinates></Point></Placemark><Placemark><name>5G</name><ExtendedData><Data name="CGI"><value>3150100000100018</value></Data><Data name="CELLNAME"><value></value></Data><Data name="CELLID"><value>18</value></Data><Data name="RNC"><value>0</value></Data><Data name="TAC"><value>1</value></Data><Data name="TECHNOLOGY"><value>5G NSA</value></Data><Data name="MODE"><value>5G</value></Data><Data name="ARFCN"><value>644640</value></Data><Data name="BAND"><value>N48</value></Data><Data name="BANDWIDTH"><value></value></Data><Data name="CA"><value>false</value></Data><Data name="NR state"><value></value></Data><Data name="RSRP"><value>-105 dBm</value></Data><Data name="RSRQ"><value>-11</value></Data><Data name="LAYER"><value>1</value></Data><Data name="PC"><value>2</value></Data><Data name="DL_BITRATE"><value>0 kbps</value></Data><Data name="UL_BITRATE"><value>0 kbps</value></Data><Data name="IP"><value>10.120.121.24</value></Data><Data name="SNR"><value>13.0</value></Data><Data name="PHONE STATE"><value>I</value></Data><Data name="IMEI"><value></value></Data><Data name="SPEED"><value>32 km/h</value></Data><Data name="HEIGHT"><value>-1m</value></Data><Data name="ALTITUDE"><value>-1m</value></Data><Data name="LOCATION"><value>G</value></Data><Data name="ACCURACY"><value>3m</value></Data><Data name="DISTANCE"><value>-1m</value></Data><Data name="SITE BEARING"><value>1000deg</value></Data><Data name="ANTENNA BEARING"><value>1000deg</value></Data><Data name="CELLHEX"><value>12</value></Data><Data name="NODEHEX"><value>0</value></Data><Data name="LACHEX"><value>1</value></Data><Data name="RAWCELLID"><value>18</value></Data><Data name="TIME"><value>2026.08.18_16.53.02</value></Data><Data name="NEI1"><value>TECH:5G CELLID:18 LAC:1 CELL:2 ARFCN:644640 LEVEL:-105 QUAL:-11 </value></Data><Data name="NEI2"><value>TECH:5G CELLID:18 LAC:1 CELL:2 ARFCN:644640 LEVEL:-119 QUAL:-12 </value></Data><Data name="NEI3"><value></value></Data><Data name="NEI4"><value></value></Data><Data name="NEI5"><value></value></Data><Data name="NEI6"><value></value></Data></ExtendedData><Style><LabelStyle><scale>0.0</scale> </LabelStyle><IconStyle><color>FFFF00FF</color><scale>0.5</scale><Icon><href>http://maps.google.com/mapfiles/kml/shapes/shaded_dot.png</href></Icon></IconStyle></Style><Point><coordinates>-75.75404514,39.66932052,0</coordinates></Point></Placemark><Placemark><name>5G</name><ExtendedData><Data name="CGI"><value>3150100000100018</value></Data><Data name="CELLNAME"><value></value></Data><Data name="CELLID"><value>18</value></Data><Data name="RNC"><value>0</value></Data><Data name="TAC"><value>1</value></Data><Data name="TECHNOLOGY"><value>5G NSA</value></Data><Data name="MODE"><value>5G</value></Data><Data name="ARFCN"><value>644640</value></Data><Data name="BAND"><value>N48</value></Data><Data name="BANDWIDTH"><value></value></Data><Data name="CA"><value>false</value></Data><Data name="NR state"><value></value></Data><Data name="RSRP"><value>-105 dBm</value></Data><Data name="RSRQ"><value>-11</value></Data><Data name="LAYER"><value>1</value></Data><Data name="PC"><value>2</value></Data><Data name="DL_BITRATE"><value>0 kbps</value></Data><Data name="UL_BITRATE"><value>0 kbps</value></Data><Data name="IP"><value>10.120.121.24</value></Data><Data name="SNR"><value>13.0</value></Data><Data name="PHONE STATE"><value>I</value></Data><Data name="IMEI"><value></value></Data><Data name="SPEED"><value>33 km/h</value></Data><Data name="HEIGHT"><value>-1m</value></Data><Data name="ALTITUDE"><value>-1m</value></Data><Data name="LOCATION"><value>G</value></Data><Data name="ACCURACY"><value>3m</value></Data><Data name="DISTANCE"><value>-1m</value></Data><Data name="SITE BEARING"><value>1000deg</value></Data><Data name="ANTENNA BEARING"><value>1000deg</value></Data><Data name="CELLHEX"><value>12</value></Data><Data name="NODEHEX"><value>0</value></Data><Data name="LACHEX"><value>1</value></Data><Data name="RAWCELLID"><value>18</value></Data><Data name="TIME"><value>2026.08.18_16.53.04</value></Data><Data name="NEI1"><value>TECH:5G CELLID:18 LAC:1 CELL:2 ARFCN:644640 LEVEL:-105 QUAL:-11 </value></Data><Data name="NEI2"><value>TECH:5G CELLID:18 LAC:1 CELL:2 ARFCN:644640 LEVEL:-118 QUAL:-12 </value></Data><Data name="NEI3"><value></value></Data><Data name="NEI4"><value></value></Data><Data name="NEI5"><value></value></Data><Data name="NEI6"><value></value></Data></ExtendedData><Style><LabelStyle><scale>0.0</scale> </LabelStyle><IconStyle><color>FFFF00FF</color><scale>0.5</scale><Icon><href>http://maps.google.com/mapfiles/kml/shapes/shaded_dot.png</href></Icon></IconStyle></Style><Point><coordinates>-75.75422538,39.66923583,0</coordinates></Point></Placemark><Placemark><name>5G</name><ExtendedData><Data name="CGI"><value>3150100000100018</value></Data><Data name="CELLNAME"><value></value></Data><Data name="CELLID"><value>18</value></Data><Data name="RNC"><value>0</value></Data><Data name="TAC"><value>1</value></Data><Data name="TECHNOLOGY"><value>5G NSA</value></Data><Data name="MODE"><value>5G</value></Data><Data name="ARFCN"><value>644640</value></Data><Data name="BAND"><value>N48</value></Data><Data name="BANDWIDTH"><value></value></Data><Data name="CA"><value>false</value></Data><Data name="NR state"><value></value></Data><Data name="RSRP"><value>-105 dBm</value></Data><Data name="RSRQ"><value>-11</value></Data><Data name="LAYER"><value>1</value></Data><Data name="PC"><value>2</value></Data><Data name="DL_BITRATE"><value>0 kbps</value></Data><Data name="UL_BITRATE"><value>0 kbps</value></Data><Data name="IP"><value>10.120.121.24</value></Data><Data name="SNR"><value>13.0</value></Data><Data name="PHONE STATE"><value>I</value></Data><Data name="IMEI"><value></value></Data><Data name="SPEED"><value>33 km/h</value></Data><Data name="HEIGHT"><value>-1m</value></Data><Data name="ALTITUDE"><value>-1m</value></Data><Data name="LOCATION"><value>G</value></Data><Data name="ACCURACY"><value>3m</value></Data><Data name="DISTANCE"><value>-1m</value></Data><Data name="SITE BEARING"><value>1000deg</value></Data><Data name="ANTENNA BEARING"><value>1000deg</value></Data><Data name="CELLHEX"><value>12</value></Data><Data name="NODEHEX"><value>0</value></Data><Data name="LACHEX"><value>1</value></Data><Data name="RAWCELLID"><value>18</value></Data><Data name="TIME"><value>2026.08.18_16.53.05</value></Data><Data name="NEI1"><value>TECH:5G CELLID:18 LAC:1 CELL:2 ARFCN:644640 LEVEL:-105 QUAL:-11 </value></Data><Data name="NEI2"><value>TECH:5G CELLID:18 LAC:1 CELL:2 ARFCN:644640 LEVEL:-115 QUAL:-12 </value></Data><Data name="NEI3"><value></value></Data><Data name="NEI4"><value></value></Data><Data name="NEI5"><value></value></Data><Data name="NEI6"><value></value></Data></ExtendedData><Style><LabelStyle><scale>0.0</scale> </LabelStyle><IconStyle><color>FFFF00FF</color><scale>0.5</scale><Icon><href>http://maps.google.com/mapfiles/kml/shapes/shaded_dot.png</href></Icon></IconStyle></Style><Point><coordinates>-75.75422538,39.66923583,0</coordinates></Point></Placemark><Placemark><name>5G</name><ExtendedData><Data name="CGI"><value>3150100000100018</value></Data><Data name="CELLNAME"><value></value></Data><Data name="CELLID"><value>18</value></Data><Data name="RNC"><value>0</value></Data><Data name="TAC"><value>1</value></Data><Data name="TECHNOLOGY"><value>5G NSA</value></Data><Data name="MODE"><value>5G</value></Data><Data name="ARFCN"><value>644640</value></Data><Data name="BAND"><value>N48</value></Data><Data name="BANDWIDTH"><value></value></Data><Data name="CA"><value>false</value></Data><Data name="NR state"><value></value></Data><Data name="RSRP"><value>-105 dBm</value></Data><Data name="RSRQ"><value>-11</value></Data><Data name="LAYER"><value>1</value></Data><Data name="PC"><value>2</value></Data><Data name="DL_BITRATE"><value>0 kbps</value></Data><Data name="UL_BITRATE"><value>0 kbps</value></Data><Data name="IP"><value>10.120.121.24</value></Data><Data name="SNR"><value>13.0</value></Data><Data name="PHONE STATE"><value>I</value></Data><Data name="IMEI"><value></value></Data><Data name="SPEED"><value>31 km/h</value></Data><Data name="HEIGHT"><value>-1m</value></Data><Data name="ALTITUDE"><value>-1m</value></Data><Data name="LOCATION"><value>G</value></Data><Data name="ACCURACY"><value>3m</value></Data><Data name="DISTANCE"><value>-1m</value></Data><Data name="SITE BEARING"><value>1000deg</value></Data><Data name="ANTENNA BEARING"><value>1000deg</value></Data><Data name="CELLHEX"><value>12</value></Data><Data name="NODEHEX"><value>0</value></Data><Data name="LACHEX"><value>1</value></Data><Data name="RAWCELLID"><value>18</value></Data><Data name="TIME"><value>2026.08.18_16.53.06</value></Data><Data name="NEI1"><value>TECH:5G CELLID:18 LAC:1 CELL:2 ARFCN:644640 LEVEL:-105 QUAL:-11 </value></Data><Data name="NEI2"><value>TECH:5G CELLID:18 LAC:1 CELL:2 ARFCN:644640 LEVEL:-115 QUAL:-12 </value></Data><Data name="NEI3"><value></value></Data><Data name="NEI4"><value></value></Data><Data name="NEI5"><value></value></Data><Data name="NEI6"><value></value></Data></ExtendedData><Style><LabelStyle><scale>0.0</scale> </LabelStyle><IconStyle><color>FFFF00FF</color><scale>0.5</scale><Icon><href>http://maps.google.com/mapfiles/kml/shapes/shaded_dot.png</href></Icon></IconStyle></Style><Point><coordinates>-75.75439764,39.66915288,0</coordinates></Point></Placemark><Placemark><name>5G</name><ExtendedData><Data name="CGI"><value>3150100000100018</value></Data><Data name="CELLNAME"><value></value></Data><Data name="CELLID"><value>18</value></Data><Data name="RNC"><value>0</value></Data><Data name="TAC"><value>1</value></Data><Data name="TECHNOLOGY"><value>5G NSA</value></Data><Data name="MODE"><value>5G</value></Data><Data name="ARFCN"><value>644640</value></Data><Data name="BAND"><value>N48</value></Data><Data name="BANDWIDTH"><value></value></Data><Data name="CA"><value>false</value></Data><Data name="NR state"><value></value></Data><Data name="RSRP"><value>-105 dBm</value></Data><Data name="RSRQ"><value>-11</value></Data><Data name="LAYER"><value>1</value></Data><Data name="PC"><value>2</value></Data><Data name="DL_BITRATE"><value>0 kbps</value></Data><Data name="UL_BITRATE"><value>0 kbps</value></Data><Data name="IP"><value>10.120.121.24</value></Data><Data name="SNR"><value>13.0</value></Data><Data name="PHONE STATE"><value>I</value></Data><Data name="IMEI"><value></value></Data><Data name="SPEED"><value>28 km/h</value></Data><Data name="HEIGHT"><value>-1m</value></Data><Data name="ALTITUDE"><value>-1m</value></Data><Data name="LOCATION"><value>G</value></Data><Data name="ACCURACY"><value>3m</value></Data><Data name="DISTANCE"><value>-1m</value></Data><Data name="SITE BEARING"><value>1000deg</value></Data><Data name="ANTENNA BEARING"><value>1000deg</value></Data><Data name="CELLHEX"><value>12</value></Data><Data name="NODEHEX"><value>0</value></Data><Data name="LACHEX"><value>1</value></Data><Data name="RAWCELLID"><value>18</value></Data><Data name="TIME"><value>2026.08.18_16.53.08</value></Data><Data name="NEI1"><value>TECH:5G CELLID:18 LAC:1 CELL:2 ARFCN:644640 LEVEL:-105 QUAL:-11 </value></Data><Data name="NEI2"><value>TECH:5G CELLID:18 LAC:1 CELL:2 ARFCN:644640 LEVEL:-115 QUAL:-12 </value></Data><Data name="NEI3"><value></value></Data><Data name="NEI4"><value></value></Data><Data name="NEI5"><value></value></Data><Data name="NEI6"><value></value></Data></ExtendedData><Style><LabelStyle><scale>0.0</scale> </LabelStyle><IconStyle><color>FFFF00FF</color><scale>0.5</scale><Icon><href>http://maps.google.com/mapfiles/kml/shapes/shaded_dot.png</href></Icon></IconStyle></Style><Point><coordinates>-75.75454341,39.66905488,0</coordinates></Point></Placemark><Placemark><name>5G</name><ExtendedData><Data name="CGI"><value>3150100000100018</value></Data><Data name="CELLNAME"><value></value></Data><Data name="CELLID"><value>18</value></Data><Data name="RNC"><value>0</value></Data><Data name="TAC"><value>1</value></Data><Data name="TECHNOLOGY"><value>5G NSA</value></Data><Data name="MODE"><value>5G</value></Data><Data name="ARFCN"><value>644640</value></Data><Data name="BAND"><value>N48</value></Data><Data name="BANDWIDTH"><value></value></Data><Data name="CA"><value>false</value></Data><Data name="NR state"><value></value></Data><Data name="RSRP"><value>-105 dBm</value></Data><Data name="RSRQ"><value>-11</value></Data><Data name="LAYER"><value>1</value></Data><Data name="PC"><value>2</value></Data><Data name="DL_BITRATE"><value>0 kbps</value></Data><Data name="UL_BITRATE"><value>0 kbps</value></Data><Data name="IP"><value>10.120.121.24</value></Data><Data name="SNR"><value>13.0</value></Data><Data name="PHONE STATE"><value>I</value></Data><Data name="IMEI"><value></value></Data><Data name="SPEED"><value>26 km/h</value></Data><Data name="HEIGHT"><value>-2m</value></Data><Data name="ALTITUDE"><value>-2m</value></Data><Data name="LOCATION"><value>G</value></Data><Data name="ACCURACY"><value>3m</value></Data><Data name="DISTANCE"><value>-1m</value></Data><Data name="SITE BEARING"><value>1000deg</value></Data><Data name="ANTENNA BEARING"><value>1000deg</value></Data><Data name="CELLHEX"><value>12</value></Data><Data name="NODEHEX"><value>0</value></Data><Data name="LACHEX"><value>1</value></Data><Data name="RAWCELLID"><value>18</value></Data><Data name="TIME"><value>2026.08.18_16.53.10</value></Data><Data name="NEI1"><value>TECH:5G CELLID:18 LAC:1 CELL:2 ARFCN:644640 LEVEL:-105 QUAL:-11 </value></Data></ExtendedData><Style><LabelStyle><scale>0.0</scale> </LabelStyle><IconStyle><color>FFFF00FF</color><scale>0.5</scale><Icon><href>http://maps.google.com/mapfiles/kml/shapes/shaded_dot.png</href></Icon></IconStyle></Style><Point><coordinates>-75.75460135,39.66892584,0</coordinates></Point></Placemark><Placemark><name>5G</name><ExtendedData><Data name="CGI"><value>3150100000100018</value></Data><Data name="CELLNAME"><value></value></Data><Data name="CELLID"><value>18</value></Data><Data name="RNC"><value>0</value></Data><Data name="TAC"><value>1</value></Data><Data name="TECHNOLOGY"><value>5G NSA</value></Data><Data name="MODE"><value>5G</value></Data><Data name="ARFCN"><value>644640</value></Data><Data name="BAND"><value>N48</value></Data><Data name="BANDWIDTH"><value></value></Data><Data name="CA"><value>false</value></Data><Data name="NR state"><value></value></Data><Data name="RSRP"><value>-105 dBm</value></Data><Data name="RSRQ"><value>-11</value></Data><Data name="LAYER"><value>1</value></Data><Data name="PC"><value>2</value></Data><Data name="DL_BITRATE"><value>0 kbps</value></Data><Data name="UL_BITRATE"><value>0 kbps</value></Data><Data name="IP"><value>10.120.121.24</value></Data><Data name="SNR"><value>13.0</value></Data><Data name="PHONE STATE"><value>I</value></Data><Data name="IMEI"><value></value></Data><Data name="SPEED"><value>29 km/h</value></Data><Data name="HEIGHT"><value>-2m</value></Data><Data name="ALTITUDE"><value>-2m</value></Data><Data name="LOCATION"><value>G</value></Data><Data name="ACCURACY"><value>3m</value></Data><Data name="DISTANCE"><value>-1m</value></Data><Data name="SITE BEARING"><value>1000deg</value></Data><Data name="ANTENNA BEARING"><value>1000deg</value></Data><Data name="CELLHEX"><value>12</value></Data><Data name="NODEHEX"><value>0</value></Data><Data name="LACHEX"><value>1</value></Data><Data name="RAWCELLID"><value>18</value></Data><Data name="TIME"><value>2026.08.18_16.53.12</value></Data><Data name="NEI1"><value>TECH:5G CELLID:18 LAC:1 CELL:2 ARFCN:644640 LEVEL:-105 QUAL:-11 </value></Data><Data name="NEI2"><value>TECH:5G CELLID:18 LAC:1 CELL:2 ARFCN:644640 LEVEL:-120 QUAL:-13 </value></Data><Data name="NEI3"><value></value></Data><Data name="NEI4"><value></value></Data><Data name="NEI5"><value></value></Data><Data name="NEI6"><value></value></Data></ExtendedData><Style><LabelStyle><scale>0.0</scale> </LabelStyle><IconStyle><color>FFFF00FF</color><scale>0.5</scale><Icon><href>http://maps.google.com/mapfiles/kml/shapes/shaded_dot.png</href></Icon></IconStyle></Style><Point><coordinates>-75.75460527,39.66877373,0</coordinates></Point></Placemark><Placemark><name>5G</name><ExtendedData><Data name="CGI"><value>3150100000100018</value></Data><Data name="CELLNAME"><value></value></Data><Data name="CELLID"><value>18</value></Data><Data name="RNC"><value>0</value></Data><Data name="TAC"><value>1</value></Data><Data name="TECHNOLOGY"><value>5G NSA</value></Data><Data name="MODE"><value>5G</value></Data><Data name="ARFCN"><value>644640</value></Data><Data name="BAND"><value>N48</value></Data><Data name="BANDWIDTH"><value></value></Data><Data name="CA"><value>false</value></Data><Data name="NR state"><value></value></Data><Data name="RSRP"><value>-105 dBm</value></Data><Data name="RSRQ"><value>-11</value></Data><Data name="LAYER"><value>1</value></Data><Data name="PC"><value>2</value></Data><Data name="DL_BITRATE"><value>0 kbps</value></Data><Data name="UL_BITRATE"><value>0 kbps</value></Data><Data name="IP"><value>10.120.121.24</value></Data><Data name="SNR"><value>13.0</value></Data><Data name="PHONE STATE"><value>I</value></Data><Data name="IMEI"><value></value></Data><Data name="SPEED"><value>33 km/h</value></Data><Data name="HEIGHT"><value>-2m</value></Data><Data name="ALTITUDE"><value>-2m</value></Data><Data name="LOCATION"><value>G</value></Data><Data name="ACCURACY"><value>3m</value></Data><Data name="DISTANCE"><value>-1m</value></Data><Data name="SITE BEARING"><value>1000deg</value></Data><Data name="ANTENNA BEARING"><value>1000deg</value></Data><Data name="CELLHEX"><value>12</value></Data><Data name="NODEHEX"><value>0</value></Data><Data name="LACHEX"><value>1</value></Data><Data name="RAWCELLID"><value>18</value></Data><Data name="TIME"><value>2026.08.18_16.53.14</value></Data><Data name="NEI1"><value>TECH:5G CELLID:18 LAC:1 CELL:2 ARFCN:644640 LEVEL:-105 QUAL:-11 </value></Data><Data name="NEI2"><value>TECH:5G CELLID:18 LAC:1 CELL:2 ARFCN:644640 LEVEL:-118 QUAL:-12 </value></Data><Data name="NEI3"><value></value></Data><Data name="NEI4"><value></value></Data><Data name="NEI5"><value></value></Data><Data name="NEI6"><value></value></Data></ExtendedData><Style><LabelStyle><scale>0.0</scale> </LabelStyle><IconStyle><color>FFFF00FF</color><scale>0.5</scale><Icon><href>http://maps.google.com/mapfiles/kml/shapes/shaded_dot.png</href></Icon></IconStyle></Style><Point><coordinates>-75.75459239,39.66860792,0</coordinates></Point></Placemark><Placemark><name>5G</name><ExtendedData><Data name="CGI"><value>3150100000100018</value></Data><Data name="CELLNAME"><value></value></Data><Data name="CELLID"><value>18</value></Data><Data name="RNC"><value>0</value></Data><Data name="TAC"><value>1</value></Data><Data name="TECHNOLOGY"><value>5G NSA</value></Data><Data name="MODE"><value>5G</value></Data><Data name="ARFCN"><value>644640</value></Data><Data name="BAND"><value>N48</value></Data><Data name="BANDWIDTH"><value></value></Data><Data name="CA"><value>false</value></Data><Data name="NR state"><value></value></Data><Data name="RSRP"><value>-105 dBm</value></Data><Data name="RSRQ"><value>-11</value></Data><Data name="LAYER"><value>1</value></Data><Data name="PC"><value>2</value></Data><Data name="DL_BITRATE"><value>0 kbps</value></Data><Data name="UL_BITRATE"><value>0 kbps</value></Data><Data name="IP"><value>10.120.121.24</value></Data><Data name="SNR"><value>13.0</value></Data><Data name="PHONE STATE"><value>I</value></Data><Data name="IMEI"><value></value></Data><Data name="SPEED"><value>34 km/h</value></Data><Data name="HEIGHT"><value>-2m</value></Data><Data name="ALTITUDE"><value>-2m</value></Data><Data name="LOCATION"><value>G</value></Data><Data name="ACCURACY"><value>3m</value></Data><Data name="DISTANCE"><value>-1m</value></Data><Data name="SITE BEARING"><value>1000deg</value></Data><Data name="ANTENNA BEARING"><value>1000deg</value></Data><Data name="CELLHEX"><value>12</value></Data><Data name="NODEHEX"><value>0</value></Data><Data name="LACHEX"><value>1</value></Data><Data name="RAWCELLID"><value>18</value></Data><Data name="TIME"><value>2026.08.18_16.53.15</value></Data><Data name="NEI1"><value>TECH:5G CELLID:18 LAC:1 CELL:2 ARFCN:644640 LEVEL:-105 QUAL:-11 </value></Data><Data name="NEI2"><value>TECH:5G CELLID:18 LAC:1 CELL:2 ARFCN:644640 LEVEL:-118 QUAL:-12 </value></Data><Data name="NEI3"><value></value></Data><Data name="NEI4"><value></value></Data><Data name="NEI5"><value></value></Data><Data name="NEI6"><value></value></Data></ExtendedData><Style><LabelStyle><scale>0.0</scale> </LabelStyle><IconStyle><color>FFFF00FF</color><scale>0.5</scale><Icon><href>http://maps.google.com/mapfiles/kml/shapes/shaded_dot.png</href></Icon></IconStyle></Style><Point><coordinates>-75.75458526,39.66851736,0</coordinates></Point></Placemark><Placemark><name>5G</name><ExtendedData><Data name="CGI"><value>3150100000100018</value></Data><Data name="CELLNAME"><value></value></Data><Data name="CELLID"><value>18</value></Data><Data name="RNC"><value>0</value></Data><Data name="TAC"><value>1</value></Data><Data name="TECHNOLOGY"><value>5G NSA</value></Data><Data name="MODE"><value>5G</value></Data><Data name="ARFCN"><value>644640</value></Data><Data name="BAND"><value>N48</value></Data><Data name="BANDWIDTH"><value></value></Data><Data name="CA"><value>false</value></Data><Data name="NR state"><value></value></Data><Data name="RSRP"><value>-105 dBm</value></Data><Data name="RSRQ"><value>-11</value></Data><Data name="LAYER"><value>1</value></Data><Data name="PC"><value>2</value></Data><Data name="DL_BITRATE"><value>0 kbps</value></Data><Data name="UL_BITRATE"><value>0 kbps</value></Data><Data name="IP"><value>10.120.121.24</value></Data><Data name="SNR"><value>13.0</value></Data><Data name="PHONE STATE"><value>I</value></Data><Data name="IMEI"><value></value></Data><Data name="SPEED"><value>34 km/h</value></Data><Data name="HEIGHT"><value>-2m</value></Data><Data name="ALTITUDE"><value>-2m</value></Data><Data name="LOCATION"><value>G</value></Data><Data name="ACCURACY"><value>3m</value></Data><Data name="DISTANCE"><value>-1m</value></Data><Data name="SITE BEARING"><value>1000deg</value></Data><Data name="ANTENNA BEARING"><value>1000deg</value></Data><Data name="CELLHEX"><value>12</value></Data><Data name="NODEHEX"><value>0</value></Data><Data name="LACHEX"><value>1</value></Data><Data name="RAWCELLID"><value>18</value></Data><Data name="TIME"><value>2026.08.18_16.53.17</value></Data><Data name="NEI1"><value>TECH:5G CELLID:18 LAC:1 CELL:2 ARFCN:644640 LEVEL:-105 QUAL:-11 </value></Data><Data name="NEI2"><value>TECH:5G CELLID:18 LAC:1 CELL:2 ARFCN:644640 LEVEL:-118 QUAL:-12 </value></Data><Data name="NEI3"><value></value></Data><Data name="NEI4"><value></value></Data><Data name="NEI5"><value></value></Data><Data name="NEI6"><value></value></Data></ExtendedData><Style><LabelStyle><scale>0.0</scale> </LabelStyle><IconStyle><color>FFFF00FF</color><scale>0.5</scale><Icon><href>http://maps.google.com/mapfiles/kml/shapes/shaded_dot.png</href></Icon></IconStyle></Style><Point><coordinates>-75.75456503,39.66834348,0</coordinates></Point></Placemark><Placemark><name>5G</name><ExtendedData><Data name="CGI"><value>3150100000100018</value></Data><Data name="CELLNAME"><value></value></Data><Data name="CELLID"><value>18</value></Data><Data name="RNC"><value>0</value></Data><Data name="TAC"><value>1</value></Data><Data name="TECHNOLOGY"><value>5G NSA</value></Data><Data name="MODE"><value>5G</value></Data><Data name="ARFCN"><value>644640</value></Data><Data name="BAND"><value>N48</value></Data><Data name="BANDWIDTH"><value></value></Data><Data name="CA"><value>false</value></Data><Data name="NR state"><value></value></Data><Data name="RSRP"><value>-105 dBm</value></Data><Data name="RSRQ"><value>-11</value></Data><Data name="LAYER"><value>1</value></Data><Data name="PC"><value>2</value></Data><Data name="DL_BITRATE"><value>0 kbps</value></Data><Data name="UL_BITRATE"><value>0 kbps</value></Data><Data name="IP"><value>10.120.121.24</value></Data><Data name="SNR"><value>13.0</value></Data><Data name="PHONE STATE"><value>I</value></Data><Data name="IMEI"><value></value></Data><Data name="SPEED"><value>30 km/h</value></Data><Data name="HEIGHT"><value>-2m</value></Data><Data name="ALTITUDE"><value>-2m</value></Data><Data name="LOCATION"><value>G</value></Data><Data name="ACCURACY"><value>3m</value></Data><Data name="DISTANCE"><value>-1m</value></Data><Data name="SITE BEARING"><value>1000deg</value></Data><Data name="ANTENNA BEARING"><value>1000deg</value></Data><Data name="CELLHEX"><value>12</value></Data><Data name="NODEHEX"><value>0</value></Data><Data name="LACHEX"><value>1</value></Data><Data name="RAWCELLID"><value>18</value></Data><Data name="TIME"><value>2026.08.18_16.53.19</value></Data><Data name="NEI1"><value>TECH:5G CELLID:18 LAC:1 CELL:2 ARFCN:644640 LEVEL:-105 QUAL:-11 </value></Data><Data name="NEI2"><value>TECH:5G CELLID:18 LAC:1 CELL:2 ARFCN:644640 LEVEL:-119 QUAL:-12 </value></Data><Data name="NEI3"><value></value></Data><Data name="NEI4"><value></value></Data><Data name="NEI5"><value></value></Data><Data name="NEI6"><value></value></Data></ExtendedData><Style><LabelStyle><scale>0.0</scale> </LabelStyle><IconStyle><color>FFFF00FF</color><scale>0.5</scale><Icon><href>http://maps.google.com/mapfiles/kml/shapes/shaded_dot.png</href></Icon></IconStyle></Style><Point><coordinates>-75.75455029,39.66818624,0</coordinates></Point></Placemark><Placemark><name>5G</name><ExtendedData><Data name="CGI"><value>3150100000100018</value></Data><Data name="CELLNAME"><value></value></Data><Data name="CELLID"><value>18</value></Data><Data name="RNC"><value>0</value></Data><Data name="TAC"><value>1</value></Data><Data name="TECHNOLOGY"><value>5G NSA</value></Data><Data name="MODE"><value>5G</value></Data><Data name="ARFCN"><value>644640</value></Data><Data name="BAND"><value>N48</value></Data><Data name="BANDWIDTH"><value></value></Data><Data name="CA"><value>false</value></Data><Data name="NR state"><value></value></Data><Data name="RSRP"><value>-105 dBm</value></Data><Data name="RSRQ"><value>-11</value></Data><Data name="LAYER"><value>1</value></Data><Data name="PC"><value>2</value></Data><Data name="DL_BITRATE"><value>0 kbps</value></Data><Data name="UL_BITRATE"><value>0 kbps</value></Data><Data name="IP"><value>10.120.121.24</value></Data><Data name="SNR"><value>13.0</value></Data><Data name="PHONE STATE"><value>I</value></Data><Data name="IMEI"><value></value></Data><Data name="SPEED"><value>36 km/h</value></Data><Data name="HEIGHT"><value>-2m</value></Data><Data name="ALTITUDE"><value>-2m</value></Data><Data name="LOCATION"><value>G</value></Data><Data name="ACCURACY"><value>3m</value></Data><Data name="DISTANCE"><value>-1m</value></Data><Data name="SITE BEARING"><value>1000deg</value></Data><Data name="ANTENNA BEARING"><value>1000deg</value></Data><Data name="CELLHEX"><value>12</value></Data><Data name="NODEHEX"><value>0</value></Data><Data name="LACHEX"><value>1</value></Data><Data name="RAWCELLID"><value>18</value></Data><Data name="TIME"><value>2026.08.18_16.53.21</value></Data><Data name="NEI1"><value>TECH:5G CELLID:18 LAC:1 CELL:2 ARFCN:644640 LEVEL:-105 QUAL:-11 </value></Data><Data name="NEI2"><value>TECH:5G CELLID:18 LAC:1 CELL:2 ARFCN:644640 LEVEL:-122 QUAL:-14 </value></Data><Data name="NEI3"><value></value></Data><Data name="NEI4"><value></value></Data><Data name="NEI5"><value></value></Data><Data name="NEI6"><value></value></Data></ExtendedData><Style><LabelStyle><scale>0.0</scale> </LabelStyle><IconStyle><color>FFFF00FF</color><scale>0.5</scale><Icon><href>http://maps.google.com/mapfiles/kml/shapes/shaded_dot.png</href></Icon></IconStyle></Style><Point><coordinates>-75.75452878,39.66800763,0</coordinates></Point></Placemark><Placemark><name>5G</name><ExtendedData><Data name="CGI"><value>3150100000100018</value></Data><Data name="CELLNAME"><value></value></Data><Data name="CELLID"><value>18</value></Data><Data name="RNC"><value>0</value></Data><Data name="TAC"><value>1</value></Data><Data name="TECHNOLOGY"><value>5G NSA</value></Data><Data name="MODE"><value>5G</value></Data><Data name="ARFCN"><value>644640</value></Data><Data name="BAND"><value>N48</value></Data><Data name="BANDWIDTH"><value></value></Data><Data name="CA"><value>false</value></Data><Data name="NR state"><value></value></Data><Data name="RSRP"><value>-105 dBm</value></Data><Data name="RSRQ"><value>-11</value></Data><Data name="LAYER"><value>1</value></Data><Data name="PC"><value>2</value></Data><Data name="DL_BITRATE"><value>0 kbps</value></Data><Data name="UL_BITRATE"><value>0 kbps</value></Data><Data name="IP"><value>10.120.121.24</value></Data><Data name="SNR"><value>13.0</value></Data><Data name="PHONE STATE"><value>I</value></Data><Data name="IMEI"><value></value></Data><Data name="SPEED"><value>39 km/h</value></Data><Data name="HEIGHT"><value>-1m</value></Data><Data name="ALTITUDE"><value>-1m</value></Data><Data name="LOCATION"><value>G</value></Data><Data name="ACCURACY"><value>3m</value></Data><Data name="DISTANCE"><value>-1m</value></Data><Data name="SITE BEARING"><value>1000deg</value></Data><Data name="ANTENNA BEARING"><value>1000deg</value></Data><Data name="CELLHEX"><value>12</value></Data><Data name="NODEHEX"><value>0</value></Data><Data name="LACHEX"><value>1</value></Data><Data name="RAWCELLID"><value>18</value></Data><Data name="TIME"><value>2026.08.18_16.53.22</value></Data><Data name="NEI1"><value>TECH:5G CELLID:18 LAC:1 CELL:2 ARFCN:644640 LEVEL:-105 QUAL:-11 </value></Data><Data name="NEI2"><value>TECH:5G CELLID:18 LAC:1 CELL:2 ARFCN:644640 LEVEL:-122 QUAL:-14 </value></Data><Data name="NEI3"><value></value></Data><Data name="NEI4"><value></value></Data><Data name="NEI5"><value></value></Data><Data name="NEI6"><value></value></Data></ExtendedData><Style><LabelStyle><scale>0.0</scale> </LabelStyle><IconStyle><color>FFFF00FF</color><scale>0.5</scale><Icon><href>http://maps.google.com/mapfiles/kml/shapes/shaded_dot.png</href></Icon></IconStyle></Style><Point><coordinates>-75.75451475,39.66790714,0</coordinates></Point></Placemark><Placemark><name>5G</name><ExtendedData><Data name="CGI"><value>3150100000100018</value></Data><Data name="CELLNAME"><value></value></Data><Data name="CELLID"><value>18</value></Data><Data name="RNC"><value>0</value></Data><Data name="TAC"><value>1</value></Data><Data name="TECHNOLOGY"><value>5G NSA</value></Data><Data name="MODE"><value>5G</value></Data><Data name="ARFCN"><value>644640</value></Data><Data name="BAND"><value>N48</value></Data><Data name="BANDWIDTH"><value></value></Data><Data name="CA"><value>false</value></Data><Data name="NR state"><value></value></Data><Data name="RSRP"><value>-105 dBm</value></Data><Data name="RSRQ"><value>-11</value></Data><Data name="LAYER"><value>1</value></Data><Data name="PC"><value>2</value></Data><Data name="DL_BITRATE"><value>0 kbps</value></Data><Data name="UL_BITRATE"><value>0 kbps</value></Data><Data name="IP"><value>10.120.121.24</value></Data><Data name="SNR"><value>13.0</value></Data><Data name="PHONE STATE"><value>I</value></Data><Data name="IMEI"><value></value></Data><Data name="SPEED"><value>40 km/h</value></Data><Data name="HEIGHT"><value>-1m</value></Data><Data name="ALTITUDE"><value>-1m</value></Data><Data name="LOCATION"><value>G</value></Data><Data name="ACCURACY"><value>3m</value></Data><Data name="DISTANCE"><value>-1m</value></Data><Data name="SITE BEARING"><value>1000deg</value></Data><Data name="ANTENNA BEARING"><value>1000deg</value></Data><Data name="CELLHEX"><value>12</value></Data><Data name="NODEHEX"><value>0</value></Data><Data name="LACHEX"><value>1</value></Data><Data name="RAWCELLID"><value>18</value></Data><Data name="TIME"><value>2026.08.18_16.53.23</value></Data><Data name="NEI1"><value>TECH:5G CELLID:18 LAC:1 CELL:2 ARFCN:644640 LEVEL:-105 QUAL:-11 </value></Data><Data name="NEI2"><value>TECH:5G CELLID:18 LAC:1 CELL:2 ARFCN:644640 LEVEL:-117 QUAL:-12 </value></Data><Data name="NEI3"><value></value></Data><Data name="NEI4"><value></value></Data><Data name="NEI5"><value></value></Data><Data name="NEI6"><value></value></Data></ExtendedData><Style><LabelStyle><scale>0.0</scale> </LabelStyle><IconStyle><color>FFFF00FF</color><scale>0.5</scale><Icon><href>http://maps.google.com/mapfiles/kml/shapes/shaded_dot.png</href></Icon></IconStyle></Style><Point><coordinates>-75.75450661,39.66779983,0</coordinates></Point></Placemark><Placemark><name>5G</name><ExtendedData><Data name="CGI"><value>3150100000100018</value></Data><Data name="CELLNAME"><value></value></Data><Data name="CELLID"><value>18</value></Data><Data name="RNC"><value>0</value></Data><Data name="TAC"><value>1</value></Data><Data name="TECHNOLOGY"><value>5G NSA</value></Data><Data name="MODE"><value>5G</value></Data><Data name="ARFCN"><value>644640</value></Data><Data name="BAND"><value>N48</value></Data><Data name="BANDWIDTH"><value></value></Data><Data name="CA"><value>false</value></Data><Data name="NR state"><value></value></Data><Data name="RSRP"><value>-105 dBm</value></Data><Data name="RSRQ"><value>-11</value></Data><Data name="LAYER"><value>1</value></Data><Data name="PC"><value>2</value></Data><Data name="DL_BITRATE"><value>0 kbps</value></Data><Data name="UL_BITRATE"><value>0 kbps</value></Data><Data name="IP"><value>10.120.121.24</value></Data><Data name="SNR"><value>13.0</value></Data><Data name="PHONE STATE"><value>I</value></Data><Data name="IMEI"><value></value></Data><Data name="SPEED"><value>41 km/h</value></Data><Data name="HEIGHT"><value>-1m</value></Data><Data name="ALTITUDE"><value>-1m</value></Data><Data name="LOCATION"><value>G</value></Data><Data name="ACCURACY"><value>3m</value></Data><Data name="DISTANCE"><value>-1m</value></Data><Data name="SITE BEARING"><value>1000deg</value></Data><Data name="ANTENNA BEARING"><value>1000deg</value></Data><Data name="CELLHEX"><value>12</value></Data><Data name="NODEHEX"><value>0</value></Data><Data name="LACHEX"><value>1</value></Data><Data name="RAWCELLID"><value>18</value></Data><Data name="TIME"><value>2026.08.18_16.53.24</value></Data><Data name="NEI1"><value>TECH:5G CELLID:18 LAC:1 CELL:2 ARFCN:644640 LEVEL:-105 QUAL:-11 </value></Data><Data name="NEI2"><value>TECH:5G CELLID:18 LAC:1 CELL:2 ARFCN:644640 LEVEL:-117 QUAL:-12 </value></Data><Data name="NEI3"><value></value></Data><Data name="NEI4"><value></value></Data><Data name="NEI5"><value></value></Data><Data name="NEI6"><value></value></Data></ExtendedData><Style><LabelStyle><scale>0.0</scale> </LabelStyle><IconStyle><color>FFFF00FF</color><scale>0.5</scale><Icon><href>http://maps.google.com/mapfiles/kml/shapes/shaded_dot.png</href></Icon></IconStyle></Style><Point><coordinates>-75.75449643,39.66769209,0</coordinates></Point></Placemark><Placemark><name>5G</name><ExtendedData><Data name="CGI"><value>3150100000100018</value></Data><Data name="CELLNAME"><value></value></Data><Data name="CELLID"><value>18</value></Data><Data name="RNC"><value>0</value></Data><Data name="TAC"><value>1</value></Data><Data name="TECHNOLOGY"><value>5G NSA</value></Data><Data name="MODE"><value>5G</value></Data><Data name="ARFCN"><value>644640</value></Data><Data name="BAND"><value>N48</value></Data><Data name="BANDWIDTH"><value></value></Data><Data name="CA"><value>false</value></Data><Data name="NR state"><value></value></Data><Data name="RSRP"><value>-105 dBm</value></Data><Data name="RSRQ"><value>-11</value></Data><Data name="LAYER"><value>1</value></Data><Data name="PC"><value>2</value></Data><Data name="DL_BITRATE"><value>0 kbps</value></Data><Data name="UL_BITRATE"><value>0 kbps</value></Data><Data name="IP"><value>10.120.121.24</value></Data><Data name="SNR"><value>13.0</value></Data><Data name="PHONE STATE"><value>I</value></Data><Data name="IMEI"><value></value></Data><Data name="SPEED"><value>41 km/h</value></Data><Data name="HEIGHT"><value>-1m</value></Data><Data name="ALTITUDE"><value>-1m</value></Data><Data name="LOCATION"><value>G</value></Data><Data name="ACCURACY"><value>3m</value></Data><Data name="DISTANCE"><value>-1m</value></Data><Data name="SITE BEARING"><value>1000deg</value></Data><Data name="ANTENNA BEARING"><value>1000deg</value></Data><Data name="CELLHEX"><value>12</value></Data><Data name="NODEHEX"><value>0</value></Data><Data name="LACHEX"><value>1</value></Data><Data name="RAWCELLID"><value>18</value></Data><Data name="TIME"><value>2026.08.18_16.53.25</value></Data><Data name="NEI1"><value>TECH:5G CELLID:18 LAC:1 CELL:2 ARFCN:644640 LEVEL:-105 QUAL:-11 </value></Data><Data name="NEI2"><value>TECH:5G CELLID:18 LAC:1 CELL:2 ARFCN:644640 LEVEL:-122 QUAL:-15 </value></Data><Data name="NEI3"><value></value></Data><Data name="NEI4"><value></value></Data><Data name="NEI5"><value></value></Data><Data name="NEI6"><value></value></Data></ExtendedData><Style><LabelStyle><scale>0.0</scale> </LabelStyle><IconStyle><color>FFFF00FF</color><scale>0.5</scale><Icon><href>http://maps.google.com/mapfiles/kml/shapes/shaded_dot.png</href></Icon></IconStyle></Style><Point><coordinates>-75.75448289,39.66758692,0</coordinates></Point></Placemark><Placemark><name>5G</name><ExtendedData><Data name="CGI"><value>3150100000100018</value></Data><Data name="CELLNAME"><value></value></Data><Data name="CELLID"><value>18</value></Data><Data name="RNC"><value>0</value></Data><Data name="TAC"><value>1</value></Data><Data name="TECHNOLOGY"><value>5G NSA</value></Data><Data name="MODE"><value>5G</value></Data><Data name="ARFCN"><value>644640</value></Data><Data name="BAND"><value>N48</value></Data><Data name="BANDWIDTH"><value></value></Data><Data name="CA"><value>false</value></Data><Data name="NR state"><value></value></Data><Data name="RSRP"><value>-105 dBm</value></Data><Data name="RSRQ"><value>-11</value></Data><Data name="LAYER"><value>1</value></Data><Data name="PC"><value>2</value></Data><Data name="DL_BITRATE"><value>0 kbps</value></Data><Data name="UL_BITRATE"><value>0 kbps</value></Data><Data name="IP"><value>10.120.121.24</value></Data><Data name="SNR"><value>13.0</value></Data><Data name="PHONE STATE"><value>I</value></Data><Data name="IMEI"><value></value></Data><Data name="SPEED"><value>41 km/h</value></Data><Data name="HEIGHT"><value>-1m</value></Data><Data name="ALTITUDE"><value>-1m</value></Data><Data name="LOCATION"><value>G</value></Data><Data name="ACCURACY"><value>3m</value></Data><Data name="DISTANCE"><value>-1m</value></Data><Data name="SITE BEARING"><value>1000deg</value></Data><Data name="ANTENNA BEARING"><value>1000deg</value></Data><Data name="CELLHEX"><value>12</value></Data><Data name="NODEHEX"><value>0</value></Data><Data name="LACHEX"><value>1</value></Data><Data name="RAWCELLID"><value>18</value></Data><Data name="TIME"><value>2026.08.18_16.53.26</value></Data><Data name="NEI1"><value>TECH:5G CELLID:18 LAC:1 CELL:2 ARFCN:644640 LEVEL:-105 QUAL:-11 </value></Data><Data name="NEI2"><value>TECH:5G CELLID:18 LAC:1 CELL:2 ARFCN:644640 LEVEL:-122 QUAL:-15 </value></Data><Data name="NEI3"><value></value></Data><Data name="NEI4"><value></value></Data><Data name="NEI5"><value></value></Data><Data name="NEI6"><value></value></Data></ExtendedData><Style><LabelStyle><scale>0.0</scale> </LabelStyle><IconStyle><color>FFFF00FF</color><scale>0.5</scale><Icon><href>http://maps.google.com/mapfiles/kml/shapes/shaded_dot.png</href></Icon></IconStyle></Style><Point><coordinates>-75.7544675,39.66748751,0</coordinates></Point></Placemark><Placemark><name>5G</name><ExtendedData><Data name="CGI"><value>3150100000100018</value></Data><Data name="CELLNAME"><value></value></Data><Data name="CELLID"><value>18</value></Data><Data name="RNC"><value>0</value></Data><Data name="TAC"><value>1</value></Data><Data name="TECHNOLOGY"><value>5G NSA</value></Data><Data name="MODE"><value>5G</value></Data><Data name="ARFCN"><value>644640</value></Data><Data name="BAND"><value>N48</value></Data><Data name="BANDWIDTH"><value></value></Data><Data name="CA"><value>false</value></Data><Data name="NR state"><value></value></Data><Data name="RSRP"><value>-105 dBm</value></Data><Data name="RSRQ"><value>-11</value></Data><Data name="LAYER"><value>1</value></Data><Data name="PC"><value>2</value></Data><Data name="DL_BITRATE"><value>0 kbps</value></Data><Data name="UL_BITRATE"><value>0 kbps</value></Data><Data name="IP"><value>10.120.121.24</value></Data><Data name="SNR"><value>13.0</value></Data><Data name="PHONE STATE"><value>I</value></Data><Data name="IMEI"><value></value></Data><Data name="SPEED"><value>39 km/h</value></Data><Data name="HEIGHT"><value>-1m</value></Data><Data name="ALTITUDE"><value>-1m</value></Data><Data name="LOCATION"><value>G</value></Data><Data name="ACCURACY"><value>3m</value></Data><Data name="DISTANCE"><value>-1m</value></Data><Data name="SITE BEARING"><value>1000deg</value></Data><Data name="ANTENNA BEARING"><value>1000deg</value></Data><Data name="CELLHEX"><value>12</value></Data><Data name="NODEHEX"><value>0</value></Data><Data name="LACHEX"><value>1</value></Data><Data name="RAWCELLID"><value>18</value></Data><Data name="TIME"><value>2026.08.18_16.53.27</value></Data><Data name="NEI1"><value>TECH:5G CELLID:18 LAC:1 CELL:2 ARFCN:644640 LEVEL:-105 QUAL:-11 </value></Data><Data name="NEI2"><value>TECH:5G CELLID:18 LAC:1 CELL:2 ARFCN:644640 LEVEL:-119 QUAL:-12 </value></Data><Data name="NEI3"><value></value></Data><Data name="NEI4"><value></value></Data><Data name="NEI5"><value></value></Data><Data name="NEI6"><value></value></Data></ExtendedData><Style><LabelStyle><scale>0.0</scale> </LabelStyle><IconStyle><color>FFFF00FF</color><scale>0.5</scale><Icon><href>http://maps.google.com/mapfiles/kml/shapes/shaded_dot.png</href></Icon></IconStyle></Style><Point><coordinates>-75.75445654,39.66738671,0</coordinates></Point></Placemark><Placemark><name>5G</name><ExtendedData><Data name="CGI"><value>3150100000100018</value></Data><Data name="CELLNAME"><value></value></Data><Data name="CELLID"><value>18</value></Data><Data name="RNC"><value>0</value></Data><Data name="TAC"><value>1</value></Data><Data name="TECHNOLOGY"><value>5G NSA</value></Data><Data name="MODE"><value>5G</value></Data><Data name="ARFCN"><value>644640</value></Data><Data name="BAND"><value>N48</value></Data><Data name="BANDWIDTH"><value></value></Data><Data name="CA"><value>false</value></Data><Data name="NR state"><value></value></Data><Data name="RSRP"><value>-105 dBm</value></Data><Data name="RSRQ"><value>-11</value></Data><Data name="LAYER"><value>1</value></Data><Data name="PC"><value>2</value></Data><Data name="DL_BITRATE"><value>0 kbps</value></Data><Data name="UL_BITRATE"><value>0 kbps</value></Data><Data name="IP"><value>10.120.121.24</value></Data><Data name="SNR"><value>13.0</value></Data><Data name="PHONE STATE"><value>D</value></Data><Data name="IMEI"><value></value></Data><Data name="SPEED"><value>28 km/h</value></Data><Data name="HEIGHT"><value>-1m</value></Data><Data name="ALTITUDE"><value>-1m</value></Data><Data name="LOCATION"><value>G</value></Data><Data name="ACCURACY"><value>3m</value></Data><Data name="DISTANCE"><value>-1m</value></Data><Data name="SITE BEARING"><value>1000deg</value></Data><Data name="ANTENNA BEARING"><value>1000deg</value></Data><Data name="CELLHEX"><value>12</value></Data><Data name="NODEHEX"><value>0</value></Data><Data name="LACHEX"><value>1</value></Data><Data name="RAWCELLID"><value>18</value></Data><Data name="TIME"><value>2026.08.18_16.53.29</value></Data><Data name="NEI1"><value>TECH:5G CELLID:18 LAC:1 CELL:2 ARFCN:644640 LEVEL:-105 QUAL:-11 </value></Data><Data name="NEI2"><value>TECH:5G CELLID:18 LAC:1 CELL:2 ARFCN:644640 LEVEL:-115 QUAL:-12 </value></Data><Data name="NEI3"><value></value></Data><Data name="NEI4"><value></value></Data><Data name="NEI5"><value></value></Data><Data name="NEI6"><value></value></Data></ExtendedData><Style><LabelStyle><scale>0.0</scale> </LabelStyle><IconStyle><color>FFFF00FF</color><scale>0.5</scale><Icon><href>http://maps.google.com/mapfiles/kml/shapes/shaded_dot.png</href></Icon></IconStyle></Style><Point><coordinates>-75.75443737,39.66722767,0</coordinates></Point></Placemark><Placemark><name>5G</name><ExtendedData><Data name="CGI"><value>3150100000100018</value></Data><Data name="CELLNAME"><value></value></Data><Data name="CELLID"><value>18</value></Data><Data name="RNC"><value>0</value></Data><Data name="TAC"><value>1</value></Data><Data name="TECHNOLOGY"><value>5G NSA</value></Data><Data name="MODE"><value>5G</value></Data><Data name="ARFCN"><value>644640</value></Data><Data name="BAND"><value>N48</value></Data><Data name="BANDWIDTH"><value></value></Data><Data name="CA"><value>false</value></Data><Data name="NR state"><value></value></Data><Data name="RSRP"><value>-105 dBm</value></Data><Data name="RSRQ"><value>-11</value></Data><Data name="LAYER"><value>1</value></Data><Data name="PC"><value>2</value></Data><Data name="DL_BITRATE"><value>0 kbps</value></Data><Data name="UL_BITRATE"><value>0 kbps</value></Data><Data name="IP"><value>10.120.121.24</value></Data><Data name="SNR"><value>13.0</value></Data><Data name="PHONE STATE"><value>I</value></Data><Data name="IMEI"><value></value></Data><Data name="SPEED"><value>18 km/h</value></Data><Data name="HEIGHT"><value>0m</value></Data><Data name="ALTITUDE"><value>0m</value></Data><Data name="LOCATION"><value>G</value></Data><Data name="ACCURACY"><value>3m</value></Data><Data name="DISTANCE"><value>-1m</value></Data><Data name="SITE BEARING"><value>1000deg</value></Data><Data name="ANTENNA BEARING"><value>1000deg</value></Data><Data name="CELLHEX"><value>12</value></Data><Data name="NODEHEX"><value>0</value></Data><Data name="LACHEX"><value>1</value></Data><Data name="RAWCELLID"><value>18</value></Data><Data name="TIME"><value>2026.08.18_16.53.31</value></Data><Data name="NEI1"><value>TECH:5G CELLID:18 LAC:1 CELL:2 ARFCN:644640 LEVEL:-105 QUAL:-11 </value></Data><Data name="NEI2"><value>TECH:5G CELLID:18 LAC:1 CELL:2 ARFCN:644640 LEVEL:-108 QUAL:-11 </value></Data><Data name="NEI3"><value></value></Data><Data name="NEI4"><value></value></Data><Data name="NEI5"><value></value></Data><Data name="NEI6"><value></value></Data></ExtendedData><Style><LabelStyle><scale>0.0</scale> </LabelStyle><IconStyle><color>FFFF00FF</color><scale>0.5</scale><Icon><href>http://maps.google.com/mapfiles/kml/shapes/shaded_dot.png</href></Icon></IconStyle></Style><Point><coordinates>-75.75442118,39.66712751,0</coordinates></Point></Placemark><Placemark><name>5G</name><ExtendedData><Data name="CGI"><value>3150100000100018</value></Data><Data name="CELLNAME"><value></value></Data><Data name="CELLID"><value>18</value></Data><Data name="RNC"><value>0</value></Data><Data name="TAC"><value>1</value></Data><Data name="TECHNOLOGY"><value>5G NSA</value></Data><Data name="MODE"><value>5G</value></Data><Data name="ARFCN"><value>644640</value></Data><Data name="BAND"><value>N48</value></Data><Data name="BANDWIDTH"><value></value></Data><Data name="CA"><value>false</value></Data><Data name="NR state"><value></value></Data><Data name="RSRP"><value>-105 dBm</value></Data><Data name="RSRQ"><value>-11</value></Data><Data name="LAYER"><value>1</value></Data><Data name="PC"><value>2</value></Data><Data name="DL_BITRATE"><value>0 kbps</value></Data><Data name="UL_BITRATE"><value>0 kbps</value></Data><Data name="IP"><value>10.120.121.24</value></Data><Data name="SNR"><value>13.0</value></Data><Data name="PHONE STATE"><value>I</value></Data><Data name="IMEI"><value></value></Data><Data name="SPEED"><value>15 km/h</value></Data><Data name="HEIGHT"><value>0m</value></Data><Data name="ALTITUDE"><value>0m</value></Data><Data name="LOCATION"><value>G</value></Data><Data name="ACCURACY"><value>3m</value></Data><Data name="DISTANCE"><value>-1m</value></Data><Data name="SITE BEARING"><value>1000deg</value></Data><Data name="ANTENNA BEARING"><value>1000deg</value></Data><Data name="CELLHEX"><value>12</value></Data><Data name="NODEHEX"><value>0</value></Data><Data name="LACHEX"><value>1</value></Data><Data name="RAWCELLID"><value>18</value></Data><Data name="TIME"><value>2026.08.18_16.53.36</value></Data><Data name="NEI1"><value>TECH:5G CELLID:18 LAC:1 CELL:2 ARFCN:644640 LEVEL:-105 QUAL:-11 </value></Data><Data name="NEI2"><value>TECH:5G CELLID:18 LAC:1 CELL:2 ARFCN:644640 LEVEL:-110 QUAL:-11 </value></Data><Data name="NEI3"><value></value></Data><Data name="NEI4"><value></value></Data><Data name="NEI5"><value></value></Data><Data name="NEI6"><value></value></Data></ExtendedData><Style><LabelStyle><scale>0.0</scale> </LabelStyle><IconStyle><color>FFFF00FF</color><scale>0.5</scale><Icon><href>http://maps.google.com/mapfiles/kml/shapes/shaded_dot.png</href></Icon></IconStyle></Style><Point><coordinates>-75.75442569,39.66700438,0</coordinates></Point></Placemark><Placemark><name>5G</name><ExtendedData><Data name="CGI"><value>3150100000100018</value></Data><Data name="CELLNAME"><value></value></Data><Data name="CELLID"><value>18</value></Data><Data name="RNC"><value>0</value></Data><Data name="TAC"><value>1</value></Data><Data name="TECHNOLOGY"><value>5G NSA</value></Data><Data name="MODE"><value>5G</value></Data><Data name="ARFCN"><value>644640</value></Data><Data name="BAND"><value>N48</value></Data><Data name="BANDWIDTH"><value></value></Data><Data name="CA"><value>false</value></Data><Data name="NR state"><value></value></Data><Data name="RSRP"><value>-105 dBm</value></Data><Data name="RSRQ"><value>-11</value></Data><Data name="LAYER"><value>1</value></Data><Data name="PC"><value>2</value></Data><Data name="DL_BITRATE"><value>0 kbps</value></Data><Data name="UL_BITRATE"><value>0 kbps</value></Data><Data name="IP"><value>10.120.121.24</value></Data><Data name="SNR"><value>13.0</value></Data><Data name="PHONE STATE"><value>I</value></Data><Data name="IMEI"><value></value></Data><Data name="SPEED"><value>23 km/h</value></Data><Data name="HEIGHT"><value>0m</value></Data><Data name="ALTITUDE"><value>0m</value></Data><Data name="LOCATION"><value>G</value></Data><Data name="ACCURACY"><value>3m</value></Data><Data name="DISTANCE"><value>-1m</value></Data><Data name="SITE BEARING"><value>1000deg</value></Data><Data name="ANTENNA BEARING"><value>1000deg</value></Data><Data name="CELLHEX"><value>12</value></Data><Data name="NODEHEX"><value>0</value></Data><Data name="LACHEX"><value>1</value></Data><Data name="RAWCELLID"><value>18</value></Data><Data name="TIME"><value>2026.08.18_16.53.39</value></Data><Data name="NEI1"><value>TECH:5G CELLID:18 LAC:1 CELL:2 ARFCN:644640 LEVEL:-105 QUAL:-11 </value></Data><Data name="NEI2"><value>TECH:5G CELLID:18 LAC:1 CELL:2 ARFCN:644640 LEVEL:-113 QUAL:-11 </value></Data><Data name="NEI3"><value></value></Data><Data name="NEI4"><value></value></Data><Data name="NEI5"><value></value></Data><Data name="NEI6"><value></value></Data></ExtendedData><Style><LabelStyle><scale>0.0</scale> </LabelStyle><IconStyle><color>FFFF00FF</color><scale>0.5</scale><Icon><href>http://maps.google.com/mapfiles/kml/shapes/shaded_dot.png</href></Icon></IconStyle></Style><Point><coordinates>-75.75459278,39.66694644,0</coordinates></Point></Placemark><Placemark><name>5G</name><ExtendedData><Data name="CGI"><value>3150100000100018</value></Data><Data name="CELLNAME"><value></value></Data><Data name="CELLID"><value>18</value></Data><Data name="RNC"><value>0</value></Data><Data name="TAC"><value>1</value></Data><Data name="TECHNOLOGY"><value>5G NSA</value></Data><Data name="MODE"><value>5G</value></Data><Data name="ARFCN"><value>644640</value></Data><Data name="BAND"><value>N48</value></Data><Data name="BANDWIDTH"><value></value></Data><Data name="CA"><value>false</value></Data><Data name="NR state"><value></value></Data><Data name="RSRP"><value>-105 dBm</value></Data><Data name="RSRQ"><value>-11</value></Data><Data name="LAYER"><value>1</value></Data><Data name="PC"><value>2</value></Data><Data name="DL_BITRATE"><value>0 kbps</value></Data><Data name="UL_BITRATE"><value>0 kbps</value></Data><Data name="IP"><value>10.120.121.24</value></Data><Data name="SNR"><value>13.0</value></Data><Data name="PHONE STATE"><value>I</value></Data><Data name="IMEI"><value></value></Data><Data name="SPEED"><value>33 km/h</value></Data><Data name="HEIGHT"><value>0m</value></Data><Data name="ALTITUDE"><value>0m</value></Data><Data name="LOCATION"><value>G</value></Data><Data name="ACCURACY"><value>3m</value></Data><Data name="DISTANCE"><value>-1m</value></Data><Data name="SITE BEARING"><value>1000deg</value></Data><Data name="ANTENNA BEARING"><value>1000deg</value></Data><Data name="CELLHEX"><value>12</value></Data><Data name="NODEHEX"><value>0</value></Data><Data name="LACHEX"><value>1</value></Data><Data name="RAWCELLID"><value>18</value></Data><Data name="TIME"><value>2026.08.18_16.53.41</value></Data><Data name="NEI1"><value>TECH:5G CELLID:18 LAC:1 CELL:2 ARFCN:644640 LEVEL:-105 QUAL:-11 </value></Data><Data name="NEI2"><value>TECH:5G CELLID:18 LAC:1 CELL:2 ARFCN:644640 LEVEL:-107 QUAL:-11 </value></Data><Data name="NEI3"><value></value></Data><Data name="NEI4"><value></value></Data><Data name="NEI5"><value></value></Data><Data name="NEI6"><value></value></Data></ExtendedData><Style><LabelStyle><scale>0.0</scale> </LabelStyle><IconStyle><color>FFFF00FF</color><scale>0.5</scale><Icon><href>http://maps.google.com/mapfiles/kml/shapes/shaded_dot.png</href></Icon></IconStyle></Style><Point><coordinates>-75.75480003,39.66693021,0</coordinates></Point></Placemark><Placemark><name>5G</name><ExtendedData><Data name="CGI"><value>3150100000100018</value></Data><Data name="CELLNAME"><value></value></Data><Data name="CELLID"><value>18</value></Data><Data name="RNC"><value>0</value></Data><Data name="TAC"><value>1</value></Data><Data name="TECHNOLOGY"><value>5G NSA</value></Data><Data name="MODE"><value>5G</value></Data><Data name="ARFCN"><value>644640</value></Data><Data name="BAND"><value>N48</value></Data><Data name="BANDWIDTH"><value></value></Data><Data name="CA"><value>false</value></Data><Data name="NR state"><value></value></Data><Data name="RSRP"><value>-105 dBm</value></Data><Data name="RSRQ"><value>-11</value></Data><Data name="LAYER"><value>1</value></Data><Data name="PC"><value>2</value></Data><Data name="DL_BITRATE"><value>0 kbps</value></Data><Data name="UL_BITRATE"><value>0 kbps</value></Data><Data name="IP"><value>10.120.121.24</value></Data><Data name="SNR"><value>13.0</value></Data><Data name="PHONE STATE"><value>I</value></Data><Data name="IMEI"><value></value></Data><Data name="SPEED"><value>36 km/h</value></Data><Data name="HEIGHT"><value>0m</value></Data><Data name="ALTITUDE"><value>0m</value></Data><Data name="LOCATION"><value>G</value></Data><Data name="ACCURACY"><value>3m</value></Data><Data name="DISTANCE"><value>-1m</value></Data><Data name="SITE BEARING"><value>1000deg</value></Data><Data name="ANTENNA BEARING"><value>1000deg</value></Data><Data name="CELLHEX"><value>12</value></Data><Data name="NODEHEX"><value>0</value></Data><Data name="LACHEX"><value>1</value></Data><Data name="RAWCELLID"><value>18</value></Data><Data name="TIME"><value>2026.08.18_16.53.42</value></Data><Data name="NEI1"><value>TECH:5G CELLID:18 LAC:1 CELL:2 ARFCN:644640 LEVEL:-105 QUAL:-11 </value></Data><Data name="NEI2"><value>TECH:5G CELLID:18 LAC:1 CELL:2 ARFCN:644640 LEVEL:-107 QUAL:-11 </value></Data><Data name="NEI3"><value></value></Data><Data name="NEI4"><value></value></Data><Data name="NEI5"><value></value></Data><Data name="NEI6"><value></value></Data></ExtendedData><Style><LabelStyle><scale>0.0</scale> </LabelStyle><IconStyle><color>FFFF00FF</color><scale>0.5</scale><Icon><href>http://maps.google.com/mapfiles/kml/shapes/shaded_dot.png</href></Icon></IconStyle></Style><Point><coordinates>-75.75491926,39.66692245,0</coordinates></Point></Placemark><Placemark><name>5G</name><ExtendedData><Data name="CGI"><value>3150100000100018</value></Data><Data name="CELLNAME"><value></value></Data><Data name="CELLID"><value>18</value></Data><Data name="RNC"><value>0</value></Data><Data name="TAC"><value>1</value></Data><Data name="TECHNOLOGY"><value>5G NSA</value></Data><Data name="MODE"><value>5G</value></Data><Data name="ARFCN"><value>644640</value></Data><Data name="BAND"><value>N48</value></Data><Data name="BANDWIDTH"><value></value></Data><Data name="CA"><value>false</value></Data><Data name="NR state"><value></value></Data><Data name="RSRP"><value>-105 dBm</value></Data><Data name="RSRQ"><value>-11</value></Data><Data name="LAYER"><value>1</value></Data><Data name="PC"><value>2</value></Data><Data name="DL_BITRATE"><value>0 kbps</value></Data><Data name="UL_BITRATE"><value>0 kbps</value></Data><Data name="IP"><value>10.120.121.24</value></Data><Data name="SNR"><value>13.0</value></Data><Data name="PHONE STATE"><value>I</value></Data><Data name="IMEI"><value></value></Data><Data name="SPEED"><value>37 km/h</value></Data><Data name="HEIGHT"><value>0m</value></Data><Data name="ALTITUDE"><value>0m</value></Data><Data name="LOCATION"><value>G</value></Data><Data name="ACCURACY"><value>3m</value></Data><Data name="DISTANCE"><value>-1m</value></Data><Data name="SITE BEARING"><value>1000deg</value></Data><Data name="ANTENNA BEARING"><value>1000deg</value></Data><Data name="CELLHEX"><value>12</value></Data><Data name="NODEHEX"><value>0</value></Data><Data name="LACHEX"><value>1</value></Data><Data name="RAWCELLID"><value>18</value></Data><Data name="TIME"><value>2026.08.18_16.53.43</value></Data><Data name="NEI1"><value>TECH:5G CELLID:18 LAC:1 CELL:2 ARFCN:644640 LEVEL:-105 QUAL:-11 </value></Data><Data name="NEI2"><value>TECH:5G CELLID:18 LAC:1 CELL:2 ARFCN:644640 LEVEL:-107 QUAL:-11 </value></Data><Data name="NEI3"><value></value></Data><Data name="NEI4"><value></value></Data><Data name="NEI5"><value></value></Data><Data name="NEI6"><value></value></Data></ExtendedData><Style><LabelStyle><scale>0.0</scale> </LabelStyle><IconStyle><color>FFFF00FF</color><scale>0.5</scale><Icon><href>http://maps.google.com/mapfiles/kml/shapes/shaded_dot.png</href></Icon></IconStyle></Style><Point><coordinates>-75.7550425,39.66691278,0</coordinates></Point></Placemark><Placemark><name>5G</name><ExtendedData><Data name="CGI"><value>3150100000100018</value></Data><Data name="CELLNAME"><value></value></Data><Data name="CELLID"><value>18</value></Data><Data name="RNC"><value>0</value></Data><Data name="TAC"><value>1</value></Data><Data name="TECHNOLOGY"><value>5G NSA</value></Data><Data name="MODE"><value>5G</value></Data><Data name="ARFCN"><value>644640</value></Data><Data name="BAND"><value>N48</value></Data><Data name="BANDWIDTH"><value></value></Data><Data name="CA"><value>false</value></Data><Data name="NR state"><value></value></Data><Data name="RSRP"><value>-105 dBm</value></Data><Data name="RSRQ"><value>-11</value></Data><Data name="LAYER"><value>1</value></Data><Data name="PC"><value>2</value></Data><Data name="DL_BITRATE"><value>0 kbps</value></Data><Data name="UL_BITRATE"><value>0 kbps</value></Data><Data name="IP"><value>10.120.121.24</value></Data><Data name="SNR"><value>13.0</value></Data><Data name="PHONE STATE"><value>I</value></Data><Data name="IMEI"><value></value></Data><Data name="SPEED"><value>38 km/h</value></Data><Data name="HEIGHT"><value>0m</value></Data><Data name="ALTITUDE"><value>0m</value></Data><Data name="LOCATION"><value>G</value></Data><Data name="ACCURACY"><value>3m</value></Data><Data name="DISTANCE"><value>-1m</value></Data><Data name="SITE BEARING"><value>1000deg</value></Data><Data name="ANTENNA BEARING"><value>1000deg</value></Data><Data name="CELLHEX"><value>12</value></Data><Data name="NODEHEX"><value>0</value></Data><Data name="LACHEX"><value>1</value></Data><Data name="RAWCELLID"><value>18</value></Data><Data name="TIME"><value>2026.08.18_16.53.44</value></Data><Data name="NEI1"><value>TECH:5G CELLID:18 LAC:1 CELL:2 ARFCN:644640 LEVEL:-104 QUAL:-11 </value></Data><Data name="NEI2"><value>TECH:5G CELLID:18 LAC:1 CELL:2 ARFCN:644640 LEVEL:-105 QUAL:-11 </value></Data><Data name="NEI3"><value></value></Data><Data name="NEI4"><value></value></Data><Data name="NEI5"><value></value></Data><Data name="NEI6"><value></value></Data></ExtendedData><Style><LabelStyle><scale>0.0</scale> </LabelStyle><IconStyle><color>FFFF00FF</color><scale>0.5</scale><Icon><href>http://maps.google.com/mapfiles/kml/shapes/shaded_dot.png</href></Icon></IconStyle></Style><Point><coordinates>-75.75516727,39.66690357,0</coordinates></Point></Placemark><Placemark><name>5G</name><ExtendedData><Data name="CGI"><value>3150100000100018</value></Data><Data name="CELLNAME"><value></value></Data><Data name="CELLID"><value>18</value></Data><Data name="RNC"><value>0</value></Data><Data name="TAC"><value>1</value></Data><Data name="TECHNOLOGY"><value>5G NSA</value></Data><Data name="MODE"><value>5G</value></Data><Data name="ARFCN"><value>644640</value></Data><Data name="BAND"><value>N48</value></Data><Data name="BANDWIDTH"><value></value></Data><Data name="CA"><value>false</value></Data><Data name="NR state"><value></value></Data><Data name="RSRP"><value>-105 dBm</value></Data><Data name="RSRQ"><value>-11</value></Data><Data name="LAYER"><value>1</value></Data><Data name="PC"><value>2</value></Data><Data name="DL_BITRATE"><value>0 kbps</value></Data><Data name="UL_BITRATE"><value>0 kbps</value></Data><Data name="IP"><value>10.120.121.24</value></Data><Data name="SNR"><value>13.0</value></Data><Data name="PHONE STATE"><value>I</value></Data><Data name="IMEI"><value></value></Data><Data name="SPEED"><value>38 km/h</value></Data><Data name="HEIGHT"><value>0m</value></Data><Data name="ALTITUDE"><value>0m</value></Data><Data name="LOCATION"><value>G</value></Data><Data name="ACCURACY"><value>3m</value></Data><Data name="DISTANCE"><value>-1m</value></Data><Data name="SITE BEARING"><value>1000deg</value></Data><Data name="ANTENNA BEARING"><value>1000deg</value></Data><Data name="CELLHEX"><value>12</value></Data><Data name="NODEHEX"><value>0</value></Data><Data name="LACHEX"><value>1</value></Data><Data name="RAWCELLID"><value>18</value></Data><Data name="TIME"><value>2026.08.18_16.53.45</value></Data><Data name="NEI1"><value>TECH:5G CELLID:18 LAC:1 CELL:2 ARFCN:644640 LEVEL:-104 QUAL:-11 </value></Data><Data name="NEI2"><value>TECH:5G CELLID:18 LAC:1 CELL:2 ARFCN:644640 LEVEL:-105 QUAL:-11 </value></Data><Data name="NEI3"><value></value></Data><Data name="NEI4"><value></value></Data><Data name="NEI5"><value></value></Data><Data name="NEI6"><value></value></Data></ExtendedData><Style><LabelStyle><scale>0.0</scale> </LabelStyle><IconStyle><color>FFFF00FF</color><scale>0.5</scale><Icon><href>http://maps.google.com/mapfiles/kml/shapes/shaded_dot.png</href></Icon></IconStyle></Style><Point><coordinates>-75.7552909,39.66689652,0</coordinates></Point></Placemark><Placemark><name>5G</name><ExtendedData><Data name="CGI"><value>3150100000100018</value></Data><Data name="CELLNAME"><value></value></Data><Data name="CELLID"><value>18</value></Data><Data name="RNC"><value>0</value></Data><Data name="TAC"><value>1</value></Data><Data name="TECHNOLOGY"><value>5G NSA</value></Data><Data name="MODE"><value>5G</value></Data><Data name="ARFCN"><value>644640</value></Data><Data name="BAND"><value>N48</value></Data><Data name="BANDWIDTH"><value></value></Data><Data name="CA"><value>false</value></Data><Data name="NR state"><value></value></Data><Data name="RSRP"><value>-105 dBm</value></Data><Data name="RSRQ"><value>-11</value></Data><Data name="LAYER"><value>1</value></Data><Data name="PC"><value>2</value></Data><Data name="DL_BITRATE"><value>0 kbps</value></Data><Data name="UL_BITRATE"><value>0 kbps</value></Data><Data name="IP"><value>10.120.121.24</value></Data><Data name="SNR"><value>13.0</value></Data><Data name="PHONE STATE"><value>I</value></Data><Data name="IMEI"><value></value></Data><Data name="SPEED"><value>36 km/h</value></Data><Data name="HEIGHT"><value>0m</value></Data><Data name="ALTITUDE"><value>0m</value></Data><Data name="LOCATION"><value>G</value></Data><Data name="ACCURACY"><value>3m</value></Data><Data name="DISTANCE"><value>-1m</value></Data><Data name="SITE BEARING"><value>1000deg</value></Data><Data name="ANTENNA BEARING"><value>1000deg</value></Data><Data name="CELLHEX"><value>12</value></Data><Data name="NODEHEX"><value>0</value></Data><Data name="LACHEX"><value>1</value></Data><Data name="RAWCELLID"><value>18</value></Data><Data name="TIME"><value>2026.08.18_16.53.46</value></Data><Data name="NEI1"><value>TECH:5G CELLID:18 LAC:1 CELL:2 ARFCN:644640 LEVEL:-105 QUAL:-11 </value></Data><Data name="NEI2"><value>TECH:5G CELLID:18 LAC:1 CELL:2 ARFCN:644640 LEVEL:-108 QUAL:-11 </value></Data><Data name="NEI3"><value></value></Data><Data name="NEI4"><value></value></Data><Data name="NEI5"><value></value></Data><Data name="NEI6"><value></value></Data></ExtendedData><Style><LabelStyle><scale>0.0</scale> </LabelStyle><IconStyle><color>FFFF00FF</color><scale>0.5</scale><Icon><href>http://maps.google.com/mapfiles/kml/shapes/shaded_dot.png</href></Icon></IconStyle></Style><Point><coordinates>-75.7554089,39.6668897,0</coordinates></Point></Placemark><Placemark><name>5G</name><ExtendedData><Data name="CGI"><value>3150100000100018</value></Data><Data name="CELLNAME"><value></value></Data><Data name="CELLID"><value>18</value></Data><Data name="RNC"><value>0</value></Data><Data name="TAC"><value>1</value></Data><Data name="TECHNOLOGY"><value>5G NSA</value></Data><Data name="MODE"><value>5G</value></Data><Data name="ARFCN"><value>644640</value></Data><Data name="BAND"><value>N48</value></Data><Data name="BANDWIDTH"><value></value></Data><Data name="CA"><value>false</value></Data><Data name="NR state"><value></value></Data><Data name="RSRP"><value>-105 dBm</value></Data><Data name="RSRQ"><value>-11</value></Data><Data name="LAYER"><value>1</value></Data><Data name="PC"><value>2</value></Data><Data name="DL_BITRATE"><value>0 kbps</value></Data><Data name="UL_BITRATE"><value>0 kbps</value></Data><Data name="IP"><value>10.120.121.24</value></Data><Data name="SNR"><value>13.0</value></Data><Data name="PHONE STATE"><value>I</value></Data><Data name="IMEI"><value></value></Data><Data name="SPEED"><value>27 km/h</value></Data><Data name="HEIGHT"><value>-1m</value></Data><Data name="ALTITUDE"><value>-1m</value></Data><Data name="LOCATION"><value>G</value></Data><Data name="ACCURACY"><value>3m</value></Data><Data name="DISTANCE"><value>-1m</value></Data><Data name="SITE BEARING"><value>1000deg</value></Data><Data name="ANTENNA BEARING"><value>1000deg</value></Data><Data name="CELLHEX"><value>12</value></Data><Data name="NODEHEX"><value>0</value></Data><Data name="LACHEX"><value>1</value></Data><Data name="RAWCELLID"><value>18</value></Data><Data name="TIME"><value>2026.08.18_16.53.48</value></Data><Data name="NEI1"><value>TECH:5G CELLID:18 LAC:1 CELL:2 ARFCN:644640 LEVEL:-105 QUAL:-11 </value></Data><Data name="NEI2"><value>TECH:5G CELLID:18 LAC:1 CELL:2 ARFCN:644640 LEVEL:-110 QUAL:-11 </value></Data><Data name="NEI3"><value></value></Data><Data name="NEI4"><value></value></Data><Data name="NEI5"><value></value></Data><Data name="NEI6"><value></value></Data></ExtendedData><Style><LabelStyle><scale>0.0</scale> </LabelStyle><IconStyle><color>FFFF00FF</color><scale>0.5</scale><Icon><href>http://maps.google.com/mapfiles/kml/shapes/shaded_dot.png</href></Icon></IconStyle></Style><Point><coordinates>-75.75559729,39.66687579,0</coordinates></Point></Placemark><Placemark><name>5G</name><ExtendedData><Data name="CGI"><value>3150100000100018</value></Data><Data name="CELLNAME"><value></value></Data><Data name="CELLID"><value>18</value></Data><Data name="RNC"><value>0</value></Data><Data name="TAC"><value>1</value></Data><Data name="TECHNOLOGY"><value>5G NSA</value></Data><Data name="MODE"><value>5G</value></Data><Data name="ARFCN"><value>644640</value></Data><Data name="BAND"><value>N48</value></Data><Data name="BANDWIDTH"><value></value></Data><Data name="CA"><value>false</value></Data><Data name="NR state"><value></value></Data><Data name="RSRP"><value>-105 dBm</value></Data><Data name="RSRQ"><value>-11</value></Data><Data name="LAYER"><value>1</value></Data><Data name="PC"><value>2</value></Data><Data name="DL_BITRATE"><value>0 kbps</value></Data><Data name="UL_BITRATE"><value>0 kbps</value></Data><Data name="IP"><value>10.120.121.24</value></Data><Data name="SNR"><value>13.0</value></Data><Data name="PHONE STATE"><value>I</value></Data><Data name="IMEI"><value></value></Data><Data name="SPEED"><value>13 km/h</value></Data><Data name="HEIGHT"><value>-1m</value></Data><Data name="ALTITUDE"><value>-1m</value></Data><Data name="LOCATION"><value>G</value></Data><Data name="ACCURACY"><value>3m</value></Data><Data name="DISTANCE"><value>-1m</value></Data><Data name="SITE BEARING"><value>1000deg</value></Data><Data name="ANTENNA BEARING"><value>1000deg</value></Data><Data name="CELLHEX"><value>12</value></Data><Data name="NODEHEX"><value>0</value></Data><Data name="LACHEX"><value>1</value></Data><Data name="RAWCELLID"><value>18</value></Data><Data name="TIME"><value>2026.08.18_16.53.51</value></Data><Data name="NEI1"><value>TECH:5G CELLID:18 LAC:1 CELL:2 ARFCN:644640 LEVEL:-105 QUAL:-11 </value></Data><Data name="NEI2"><value>TECH:5G CELLID:18 LAC:1 CELL:2 ARFCN:644640 LEVEL:-110 QUAL:-11 </value></Data><Data name="NEI3"><value></value></Data><Data name="NEI4"><value></value></Data><Data name="NEI5"><value></value></Data><Data name="NEI6"><value></value></Data></ExtendedData><Style><LabelStyle><scale>0.0</scale> </LabelStyle><IconStyle><color>FFFF00FF</color><scale>0.5</scale><Icon><href>http://maps.google.com/mapfiles/kml/shapes/shaded_dot.png</href></Icon></IconStyle></Style><Point><coordinates>-75.75572775,39.66686582,0</coordinates></Point></Placemark><Placemark><name>5G</name><ExtendedData><Data name="CGI"><value>3150100000100018</value></Data><Data name="CELLNAME"><value></value></Data><Data name="CELLID"><value>18</value></Data><Data name="RNC"><value>0</value></Data><Data name="TAC"><value>1</value></Data><Data name="TECHNOLOGY"><value>5G NSA</value></Data><Data name="MODE"><value>5G</value></Data><Data name="ARFCN"><value>644640</value></Data><Data name="BAND"><value>N48</value></Data><Data name="BANDWIDTH"><value></value></Data><Data name="CA"><value>false</value></Data><Data name="NR state"><value></value></Data><Data name="RSRP"><value>-105 dBm</value></Data><Data name="RSRQ"><value>-11</value></Data><Data name="LAYER"><value>1</value></Data><Data name="PC"><value>2</value></Data><Data name="DL_BITRATE"><value>0 kbps</value></Data><Data name="UL_BITRATE"><value>0 kbps</value></Data><Data name="IP"><value>10.120.121.24</value></Data><Data name="SNR"><value>13.0</value></Data><Data name="PHONE STATE"><value>I</value></Data><Data name="IMEI"><value></value></Data><Data name="SPEED"><value>21 km/h</value></Data><Data name="HEIGHT"><value>-2m</value></Data><Data name="ALTITUDE"><value>-2m</value></Data><Data name="LOCATION"><value>G</value></Data><Data name="ACCURACY"><value>3m</value></Data><Data name="DISTANCE"><value>-1m</value></Data><Data name="SITE BEARING"><value>1000deg</value></Data><Data name="ANTENNA BEARING"><value>1000deg</value></Data><Data name="CELLHEX"><value>12</value></Data><Data name="NODEHEX"><value>0</value></Data><Data name="LACHEX"><value>1</value></Data><Data name="RAWCELLID"><value>18</value></Data><Data name="TIME"><value>2026.08.18_16.53.54</value></Data><Data name="NEI1"><value>TECH:5G CELLID:18 LAC:1 CELL:2 ARFCN:644640 LEVEL:-104 QUAL:-11 </value></Data><Data name="NEI2"><value>TECH:5G CELLID:18 LAC:1 CELL:2 ARFCN:644640 LEVEL:-105 QUAL:-11 </value></Data><Data name="NEI3"><value></value></Data><Data name="NEI4"><value></value></Data><Data name="NEI5"><value></value></Data><Data name="NEI6"><value></value></Data></ExtendedData><Style><LabelStyle><scale>0.0</scale> </LabelStyle><IconStyle><color>FFFF00FF</color><scale>0.5</scale><Icon><href>http://maps.google.com/mapfiles/kml/shapes/shaded_dot.png</href></Icon></IconStyle></Style><Point><coordinates>-75.7558487,39.66677592,0</coordinates></Point></Placemark><Placemark><name>5G</name><ExtendedData><Data name="CGI"><value>3150100000100018</value></Data><Data name="CELLNAME"><value></value></Data><Data name="CELLID"><value>18</value></Data><Data name="RNC"><value>0</value></Data><Data name="TAC"><value>1</value></Data><Data name="TECHNOLOGY"><value>5G NSA</value></Data><Data name="MODE"><value>5G</value></Data><Data name="ARFCN"><value>644640</value></Data><Data name="BAND"><value>N48</value></Data><Data name="BANDWIDTH"><value></value></Data><Data name="CA"><value>false</value></Data><Data name="NR state"><value></value></Data><Data name="RSRP"><value>-105 dBm</value></Data><Data name="RSRQ"><value>-11</value></Data><Data name="LAYER"><value>1</value></Data><Data name="PC"><value>2</value></Data><Data name="DL_BITRATE"><value>0 kbps</value></Data><Data name="UL_BITRATE"><value>0 kbps</value></Data><Data name="IP"><value>10.120.121.24</value></Data><Data name="SNR"><value>13.0</value></Data><Data name="PHONE STATE"><value>I</value></Data><Data name="IMEI"><value></value></Data><Data name="SPEED"><value>28 km/h</value></Data><Data name="HEIGHT"><value>-1m</value></Data><Data name="ALTITUDE"><value>-1m</value></Data><Data name="LOCATION"><value>G</value></Data><Data name="ACCURACY"><value>3m</value></Data><Data name="DISTANCE"><value>-1m</value></Data><Data name="SITE BEARING"><value>1000deg</value></Data><Data name="ANTENNA BEARING"><value>1000deg</value></Data><Data name="CELLHEX"><value>12</value></Data><Data name="NODEHEX"><value>0</value></Data><Data name="LACHEX"><value>1</value></Data><Data name="RAWCELLID"><value>18</value></Data><Data name="TIME"><value>2026.08.18_16.53.56</value></Data><Data name="NEI1"><value>TECH:5G CELLID:18 LAC:1 CELL:2 ARFCN:644640 LEVEL:-104 QUAL:-11 </value></Data><Data name="NEI2"><value>TECH:5G CELLID:18 LAC:1 CELL:2 ARFCN:644640 LEVEL:-105 QUAL:-11 </value></Data><Data name="NEI3"><value></value></Data><Data name="NEI4"><value></value></Data><Data name="NEI5"><value></value></Data><Data name="NEI6"><value></value></Data></ExtendedData><Style><LabelStyle><scale>0.0</scale> </LabelStyle><IconStyle><color>FFFF00FF</color><scale>0.5</scale><Icon><href>http://maps.google.com/mapfiles/kml/shapes/shaded_dot.png</href></Icon></IconStyle></Style><Point><coordinates>-75.75586436,39.66663478,0</coordinates></Point></Placemark><Placemark><name>5G</name><ExtendedData><Data name="CGI"><value>3150100000100018</value></Data><Data name="CELLNAME"><value></value></Data><Data name="CELLID"><value>18</value></Data><Data name="RNC"><value>0</value></Data><Data name="TAC"><value>1</value></Data><Data name="TECHNOLOGY"><value>5G NSA</value></Data><Data name="MODE"><value>5G</value></Data><Data name="ARFCN"><value>644640</value></Data><Data name="BAND"><value>N48</value></Data><Data name="BANDWIDTH"><value></value></Data><Data name="CA"><value>false</value></Data><Data name="NR state"><value></value></Data><Data name="RSRP"><value>-105 dBm</value></Data><Data name="RSRQ"><value>-11</value></Data><Data name="LAYER"><value>1</value></Data><Data name="PC"><value>2</value></Data><Data name="DL_BITRATE"><value>0 kbps</value></Data><Data name="UL_BITRATE"><value>0 kbps</value></Data><Data name="IP"><value>10.120.121.24</value></Data><Data name="SNR"><value>13.0</value></Data><Data name="PHONE STATE"><value>I</value></Data><Data name="IMEI"><value></value></Data><Data name="SPEED"><value>34 km/h</value></Data><Data name="HEIGHT"><value>0m</value></Data><Data name="ALTITUDE"><value>0m</value></Data><Data name="LOCATION"><value>G</value></Data><Data name="ACCURACY"><value>3m</value></Data><Data name="DISTANCE"><value>-1m</value></Data><Data name="SITE BEARING"><value>1000deg</value></Data><Data name="ANTENNA BEARING"><value>1000deg</value></Data><Data name="CELLHEX"><value>12</value></Data><Data name="NODEHEX"><value>0</value></Data><Data name="LACHEX"><value>1</value></Data><Data name="RAWCELLID"><value>18</value></Data><Data name="TIME"><value>2026.08.18_16.53.58</value></Data><Data name="NEI1"><value>TECH:5G CELLID:18 LAC:1 CELL:2 ARFCN:644640 LEVEL:-105 QUAL:-11 </value></Data><Data name="NEI2"><value>TECH:5G CELLID:18 LAC:1 CELL:2 ARFCN:644640 LEVEL:-108 QUAL:-11 </value></Data><Data name="NEI3"><value></value></Data><Data name="NEI4"><value></value></Data><Data name="NEI5"><value></value></Data><Data name="NEI6"><value></value></Data></ExtendedData><Style><LabelStyle><scale>0.0</scale> </LabelStyle><IconStyle><color>FFFF00FF</color><scale>0.5</scale><Icon><href>http://maps.google.com/mapfiles/kml/shapes/shaded_dot.png</href></Icon></IconStyle></Style><Point><coordinates>-75.75584943,39.66646467,0</coordinates></Point></Placemark><Placemark><name>5G</name><ExtendedData><Data name="CGI"><value>3150100000100018</value></Data><Data name="CELLNAME"><value></value></Data><Data name="CELLID"><value>18</value></Data><Data name="RNC"><value>0</value></Data><Data name="TAC"><value>1</value></Data><Data name="TECHNOLOGY"><value>5G NSA</value></Data><Data name="MODE"><value>5G</value></Data><Data name="ARFCN"><value>644640</value></Data><Data name="BAND"><value>N48</value></Data><Data name="BANDWIDTH"><value></value></Data><Data name="CA"><value>false</value></Data><Data name="NR state"><value></value></Data><Data name="RSRP"><value>-105 dBm</value></Data><Data name="RSRQ"><value>-11</value></Data><Data name="LAYER"><value>1</value></Data><Data name="PC"><value>2</value></Data><Data name="DL_BITRATE"><value>0 kbps</value></Data><Data name="UL_BITRATE"><value>0 kbps</value></Data><Data name="IP"><value>10.120.121.24</value></Data><Data name="SNR"><value>13.0</value></Data><Data name="PHONE STATE"><value>I</value></Data><Data name="IMEI"><value></value></Data><Data name="SPEED"><value>37 km/h</value></Data><Data name="HEIGHT"><value>-1m</value></Data><Data name="ALTITUDE"><value>-1m</value></Data><Data name="LOCATION"><value>G</value></Data><Data name="ACCURACY"><value>3m</value></Data><Data name="DISTANCE"><value>-1m</value></Data><Data name="SITE BEARING"><value>1000deg</value></Data><Data name="ANTENNA BEARING"><value>1000deg</value></Data><Data name="CELLHEX"><value>12</value></Data><Data name="NODEHEX"><value>0</value></Data><Data name="LACHEX"><value>1</value></Data><Data name="RAWCELLID"><value>18</value></Data><Data name="TIME"><value>2026.08.18_16.53.59</value></Data><Data name="NEI1"><value>TECH:5G CELLID:18 LAC:1 CELL:2 ARFCN:644640 LEVEL:-105 QUAL:-11 </value></Data><Data name="NEI2"><value>TECH:5G CELLID:18 LAC:1 CELL:2 ARFCN:644640 LEVEL:-109 QUAL:-11 </value></Data><Data name="NEI3"><value></value></Data><Data name="NEI4"><value></value></Data><Data name="NEI5"><value></value></Data><Data name="NEI6"><value></value></Data></ExtendedData><Style><LabelStyle><scale>0.0</scale> </LabelStyle><IconStyle><color>FFFF00FF</color><scale>0.5</scale><Icon><href>http://maps.google.com/mapfiles/kml/shapes/shaded_dot.png</href></Icon></IconStyle></Style><Point><coordinates>-75.75583858,39.66637033,0</coordinates></Point></Placemark><Placemark><name>5G</name><ExtendedData><Data name="CGI"><value>3150100000100018</value></Data><Data name="CELLNAME"><value></value></Data><Data name="CELLID"><value>18</value></Data><Data name="RNC"><value>0</value></Data><Data name="TAC"><value>1</value></Data><Data name="TECHNOLOGY"><value>5G NSA</value></Data><Data name="MODE"><value>5G</value></Data><Data name="ARFCN"><value>644640</value></Data><Data name="BAND"><value>N48</value></Data><Data name="BANDWIDTH"><value></value></Data><Data name="CA"><value>false</value></Data><Data name="NR state"><value></value></Data><Data name="RSRP"><value>-105 dBm</value></Data><Data name="RSRQ"><value>-11</value></Data><Data name="LAYER"><value>1</value></Data><Data name="PC"><value>2</value></Data><Data name="DL_BITRATE"><value>0 kbps</value></Data><Data name="UL_BITRATE"><value>0 kbps</value></Data><Data name="IP"><value>10.120.121.24</value></Data><Data name="SNR"><value>13.0</value></Data><Data name="PHONE STATE"><value>I</value></Data><Data name="IMEI"><value></value></Data><Data name="SPEED"><value>38 km/h</value></Data><Data name="HEIGHT"><value>0m</value></Data><Data name="ALTITUDE"><value>0m</value></Data><Data name="LOCATION"><value>G</value></Data><Data name="ACCURACY"><value>3m</value></Data><Data name="DISTANCE"><value>-1m</value></Data><Data name="SITE BEARING"><value>1000deg</value></Data><Data name="ANTENNA BEARING"><value>1000deg</value></Data><Data name="CELLHEX"><value>12</value></Data><Data name="NODEHEX"><value>0</value></Data><Data name="LACHEX"><value>1</value></Data><Data name="RAWCELLID"><value>18</value></Data><Data name="TIME"><value>2026.08.18_16.54.00</value></Data><Data name="NEI1"><value>TECH:5G CELLID:18 LAC:1 CELL:2 ARFCN:644640 LEVEL:-105 QUAL:-11 </value></Data><Data name="NEI2"><value>TECH:5G CELLID:18 LAC:1 CELL:2 ARFCN:644640 LEVEL:-109 QUAL:-11 </value></Data><Data name="NEI3"><value></value></Data><Data name="NEI4"><value></value></Data><Data name="NEI5"><value></value></Data><Data name="NEI6"><value></value></Data></ExtendedData><Style><LabelStyle><scale>0.0</scale> </LabelStyle><IconStyle><color>FFFF00FF</color><scale>0.5</scale><Icon><href>http://maps.google.com/mapfiles/kml/shapes/shaded_dot.png</href></Icon></IconStyle></Style><Point><coordinates>-75.75582457,39.66627073,0</coordinates></Point></Placemark><Placemark><name>5G</name><ExtendedData><Data name="CGI"><value>3150100000100018</value></Data><Data name="CELLNAME"><value></value></Data><Data name="CELLID"><value>18</value></Data><Data name="RNC"><value>0</value></Data><Data name="TAC"><value>1</value></Data><Data name="TECHNOLOGY"><value>5G NSA</value></Data><Data name="MODE"><value>5G</value></Data><Data name="ARFCN"><value>644640</value></Data><Data name="BAND"><value>N48</value></Data><Data name="BANDWIDTH"><value></value></Data><Data name="CA"><value>false</value></Data><Data name="NR state"><value></value></Data><Data name="RSRP"><value>-105 dBm</value></Data><Data name="RSRQ"><value>-11</value></Data><Data name="LAYER"><value>1</value></Data><Data name="PC"><value>2</value></Data><Data name="DL_BITRATE"><value>0 kbps</value></Data><Data name="UL_BITRATE"><value>0 kbps</value></Data><Data name="IP"><value>10.120.121.24</value></Data><Data name="SNR"><value>13.0</value></Data><Data name="PHONE STATE"><value>I</value></Data><Data name="IMEI"><value></value></Data><Data name="SPEED"><value>39 km/h</value></Data><Data name="HEIGHT"><value>0m</value></Data><Data name="ALTITUDE"><value>0m</value></Data><Data name="LOCATION"><value>G</value></Data><Data name="ACCURACY"><value>3m</value></Data><Data name="DISTANCE"><value>-1m</value></Data><Data name="SITE BEARING"><value>1000deg</value></Data><Data name="ANTENNA BEARING"><value>1000deg</value></Data><Data name="CELLHEX"><value>12</value></Data><Data name="NODEHEX"><value>0</value></Data><Data name="LACHEX"><value>1</value></Data><Data name="RAWCELLID"><value>18</value></Data><Data name="TIME"><value>2026.08.18_16.54.01</value></Data><Data name="NEI1"><value>TECH:5G CELLID:18 LAC:1 CELL:2 ARFCN:644640 LEVEL:-105 QUAL:-11 </value></Data><Data name="NEI2"><value>TECH:5G CELLID:18 LAC:1 CELL:2 ARFCN:644640 LEVEL:-109 QUAL:-11 </value></Data><Data name="NEI3"><value></value></Data><Data name="NEI4"><value></value></Data><Data name="NEI5"><value></value></Data><Data name="NEI6"><value></value></Data></ExtendedData><Style><LabelStyle><scale>0.0</scale> </LabelStyle><IconStyle><color>FFFF00FF</color><scale>0.5</scale><Icon><href>http://maps.google.com/mapfiles/kml/shapes/shaded_dot.png</href></Icon></IconStyle></Style><Point><coordinates>-75.75581403,39.66617089,0</coordinates></Point></Placemark><Placemark><name>5G</name><ExtendedData><Data name="CGI"><value>3150100000100018</value></Data><Data name="CELLNAME"><value></value></Data><Data name="CELLID"><value>18</value></Data><Data name="RNC"><value>0</value></Data><Data name="TAC"><value>1</value></Data><Data name="TECHNOLOGY"><value>5G NSA</value></Data><Data name="MODE"><value>5G</value></Data><Data name="ARFCN"><value>644640</value></Data><Data name="BAND"><value>N48</value></Data><Data name="BANDWIDTH"><value></value></Data><Data name="CA"><value>false</value></Data><Data name="NR state"><value></value></Data><Data name="RSRP"><value>-105 dBm</value></Data><Data name="RSRQ"><value>-11</value></Data><Data name="LAYER"><value>1</value></Data><Data name="PC"><value>2</value></Data><Data name="DL_BITRATE"><value>0 kbps</value></Data><Data name="UL_BITRATE"><value>0 kbps</value></Data><Data name="IP"><value>10.120.121.24</value></Data><Data name="SNR"><value>13.0</value></Data><Data name="PHONE STATE"><value>I</value></Data><Data name="IMEI"><value></value></Data><Data name="SPEED"><value>38 km/h</value></Data><Data name="HEIGHT"><value>0m</value></Data><Data name="ALTITUDE"><value>0m</value></Data><Data name="LOCATION"><value>G</value></Data><Data name="ACCURACY"><value>3m</value></Data><Data name="DISTANCE"><value>-1m</value></Data><Data name="SITE BEARING"><value>1000deg</value></Data><Data name="ANTENNA BEARING"><value>1000deg</value></Data><Data name="CELLHEX"><value>12</value></Data><Data name="NODEHEX"><value>0</value></Data><Data name="LACHEX"><value>1</value></Data><Data name="RAWCELLID"><value>18</value></Data><Data name="TIME"><value>2026.08.18_16.54.02</value></Data><Data name="NEI1"><value>TECH:5G CELLID:18 LAC:1 CELL:2 ARFCN:644640 LEVEL:-101 QUAL:-12 </value></Data><Data name="NEI2"><value>TECH:5G CELLID:18 LAC:1 CELL:2 ARFCN:644640 LEVEL:-105 QUAL:-11 </value></Data><Data name="NEI3"><value></value></Data><Data name="NEI4"><value></value></Data><Data name="NEI5"><value></value></Data><Data name="NEI6"><value></value></Data></ExtendedData><Style><LabelStyle><scale>0.0</scale> </LabelStyle><IconStyle><color>FFFF00FF</color><scale>0.5</scale><Icon><href>http://maps.google.com/mapfiles/kml/shapes/shaded_dot.png</href></Icon></IconStyle></Style><Point><coordinates>-75.75580243,39.66607519,0</coordinates></Point></Placemark><Placemark><name>5G</name><ExtendedData><Data name="CGI"><value>3150100000100018</value></Data><Data name="CELLNAME"><value></value></Data><Data name="CELLID"><value>18</value></Data><Data name="RNC"><value>0</value></Data><Data name="TAC"><value>1</value></Data><Data name="TECHNOLOGY"><value>5G NSA</value></Data><Data name="MODE"><value>5G</value></Data><Data name="ARFCN"><value>644640</value></Data><Data name="BAND"><value>N48</value></Data><Data name="BANDWIDTH"><value></value></Data><Data name="CA"><value>false</value></Data><Data name="NR state"><value></value></Data><Data name="RSRP"><value>-105 dBm</value></Data><Data name="RSRQ"><value>-11</value></Data><Data name="LAYER"><value>1</value></Data><Data name="PC"><value>2</value></Data><Data name="DL_BITRATE"><value>0 kbps</value></Data><Data name="UL_BITRATE"><value>0 kbps</value></Data><Data name="IP"><value>10.120.121.24</value></Data><Data name="SNR"><value>13.0</value></Data><Data name="PHONE STATE"><value>I</value></Data><Data name="IMEI"><value></value></Data><Data name="SPEED"><value>30 km/h</value></Data><Data name="HEIGHT"><value>0m</value></Data><Data name="ALTITUDE"><value>0m</value></Data><Data name="LOCATION"><value>G</value></Data><Data name="ACCURACY"><value>3m</value></Data><Data name="DISTANCE"><value>-1m</value></Data><Data name="SITE BEARING"><value>1000deg</value></Data><Data name="ANTENNA BEARING"><value>1000deg</value></Data><Data name="CELLHEX"><value>12</value></Data><Data name="NODEHEX"><value>0</value></Data><Data name="LACHEX"><value>1</value></Data><Data name="RAWCELLID"><value>18</value></Data><Data name="TIME"><value>2026.08.18_16.54.04</value></Data><Data name="NEI1"><value>TECH:5G CELLID:18 LAC:1 CELL:2 ARFCN:644640 LEVEL:-105 QUAL:-11 </value></Data><Data name="NEI2"><value>TECH:5G CELLID:18 LAC:1 CELL:2 ARFCN:644640 LEVEL:-108 QUAL:-11 </value></Data><Data name="NEI3"><value></value></Data><Data name="NEI4"><value></value></Data><Data name="NEI5"><value></value></Data><Data name="NEI6"><value></value></Data></ExtendedData><Style><LabelStyle><scale>0.0</scale> </LabelStyle><IconStyle><color>FFFF00FF</color><scale>0.5</scale><Icon><href>http://maps.google.com/mapfiles/kml/shapes/shaded_dot.png</href></Icon></IconStyle></Style><Point><coordinates>-75.75578366,39.66590821,0</coordinates></Point></Placemark><Placemark><name>5G</name><ExtendedData><Data name="CGI"><value>3150100000100018</value></Data><Data name="CELLNAME"><value></value></Data><Data name="CELLID"><value>18</value></Data><Data name="RNC"><value>0</value></Data><Data name="TAC"><value>1</value></Data><Data name="TECHNOLOGY"><value>5G NSA</value></Data><Data name="MODE"><value>5G</value></Data><Data name="ARFCN"><value>644640</value></Data><Data name="BAND"><value>N48</value></Data><Data name="BANDWIDTH"><value></value></Data><Data name="CA"><value>false</value></Data><Data name="NR state"><value></value></Data><Data name="RSRP"><value>-105 dBm</value></Data><Data name="RSRQ"><value>-11</value></Data><Data name="LAYER"><value>1</value></Data><Data name="PC"><value>2</value></Data><Data name="DL_BITRATE"><value>0 kbps</value></Data><Data name="UL_BITRATE"><value>0 kbps</value></Data><Data name="IP"><value>10.120.121.24</value></Data><Data name="SNR"><value>13.0</value></Data><Data name="PHONE STATE"><value>I</value></Data><Data name="IMEI"><value></value></Data><Data name="SPEED"><value>18 km/h</value></Data><Data name="HEIGHT"><value>-1m</value></Data><Data name="ALTITUDE"><value>-1m</value></Data><Data name="LOCATION"><value>G</value></Data><Data name="ACCURACY"><value>3m</value></Data><Data name="DISTANCE"><value>-1m</value></Data><Data name="SITE BEARING"><value>1000deg</value></Data><Data name="ANTENNA BEARING"><value>1000deg</value></Data><Data name="CELLHEX"><value>12</value></Data><Data name="NODEHEX"><value>0</value></Data><Data name="LACHEX"><value>1</value></Data><Data name="RAWCELLID"><value>18</value></Data><Data name="TIME"><value>2026.08.18_16.54.06</value></Data><Data name="NEI1"><value>TECH:5G CELLID:18 LAC:1 CELL:2 ARFCN:644640 LEVEL:-105 QUAL:-11 </value></Data><Data name="NEI2"><value>TECH:5G CELLID:18 LAC:1 CELL:2 ARFCN:644640 LEVEL:-107 QUAL:-11 </value></Data><Data name="NEI3"><value></value></Data><Data name="NEI4"><value></value></Data><Data name="NEI5"><value></value></Data><Data name="NEI6"><value></value></Data></ExtendedData><Style><LabelStyle><scale>0.0</scale> </LabelStyle><IconStyle><color>FFFF00FF</color><scale>0.5</scale><Icon><href>http://maps.google.com/mapfiles/kml/shapes/shaded_dot.png</href></Icon></IconStyle></Style><Point><coordinates>-75.75576932,39.66580973,0</coordinates></Point></Placemark><Placemark><name>5G</name><ExtendedData><Data name="CGI"><value>3150100000100018</value></Data><Data name="CELLNAME"><value></value></Data><Data name="CELLID"><value>18</value></Data><Data name="RNC"><value>0</value></Data><Data name="TAC"><value>1</value></Data><Data name="TECHNOLOGY"><value>5G NSA</value></Data><Data name="MODE"><value>5G</value></Data><Data name="ARFCN"><value>644640</value></Data><Data name="BAND"><value>N48</value></Data><Data name="BANDWIDTH"><value></value></Data><Data name="CA"><value>false</value></Data><Data name="NR state"><value></value></Data><Data name="RSRP"><value>-105 dBm</value></Data><Data name="RSRQ"><value>-11</value></Data><Data name="LAYER"><value>1</value></Data><Data name="PC"><value>2</value></Data><Data name="DL_BITRATE"><value>0 kbps</value></Data><Data name="UL_BITRATE"><value>0 kbps</value></Data><Data name="IP"><value>10.120.121.24</value></Data><Data name="SNR"><value>13.0</value></Data><Data name="PHONE STATE"><value>I</value></Data><Data name="IMEI"><value></value></Data><Data name="SPEED"><value>17 km/h</value></Data><Data name="HEIGHT"><value>-1m</value></Data><Data name="ALTITUDE"><value>-1m</value></Data><Data name="LOCATION"><value>G</value></Data><Data name="ACCURACY"><value>3m</value></Data><Data name="DISTANCE"><value>-1m</value></Data><Data name="SITE BEARING"><value>1000deg</value></Data><Data name="ANTENNA BEARING"><value>1000deg</value></Data><Data name="CELLHEX"><value>12</value></Data><Data name="NODEHEX"><value>0</value></Data><Data name="LACHEX"><value>1</value></Data><Data name="RAWCELLID"><value>18</value></Data><Data name="TIME"><value>2026.08.18_16.54.09</value></Data><Data name="NEI1"><value>TECH:5G CELLID:18 LAC:1 CELL:2 ARFCN:644640 LEVEL:-105 QUAL:-11 </value></Data><Data name="NEI2"><value>TECH:5G CELLID:18 LAC:1 CELL:2 ARFCN:644640 LEVEL:-107 QUAL:-11 </value></Data><Data name="NEI3"><value></value></Data><Data name="NEI4"><value></value></Data><Data name="NEI5"><value></value></Data><Data name="NEI6"><value></value></Data></ExtendedData><Style><LabelStyle><scale>0.0</scale> </LabelStyle><IconStyle><color>FFFF00FF</color><scale>0.5</scale><Icon><href>http://maps.google.com/mapfiles/kml/shapes/shaded_dot.png</href></Icon></IconStyle></Style><Point><coordinates>-75.7558539,39.66570771,0</coordinates></Point></Placemark><Placemark><name>5G</name><ExtendedData><Data name="CGI"><value>3150100000100018</value></Data><Data name="CELLNAME"><value></value></Data><Data name="CELLID"><value>18</value></Data><Data name="RNC"><value>0</value></Data><Data name="TAC"><value>1</value></Data><Data name="TECHNOLOGY"><value>5G NSA</value></Data><Data name="MODE"><value>5G</value></Data><Data name="ARFCN"><value>644640</value></Data><Data name="BAND"><value>N48</value></Data><Data name="BANDWIDTH"><value></value></Data><Data name="CA"><value>false</value></Data><Data name="NR state"><value></value></Data><Data name="RSRP"><value>-105 dBm</value></Data><Data name="RSRQ"><value>-11</value></Data><Data name="LAYER"><value>1</value></Data><Data name="PC"><value>2</value></Data><Data name="DL_BITRATE"><value>0 kbps</value></Data><Data name="UL_BITRATE"><value>0 kbps</value></Data><Data name="IP"><value>10.120.121.24</value></Data><Data name="SNR"><value>13.0</value></Data><Data name="PHONE STATE"><value>I</value></Data><Data name="IMEI"><value></value></Data><Data name="SPEED"><value>25 km/h</value></Data><Data name="HEIGHT"><value>-1m</value></Data><Data name="ALTITUDE"><value>-1m</value></Data><Data name="LOCATION"><value>G</value></Data><Data name="ACCURACY"><value>3m</value></Data><Data name="DISTANCE"><value>-1m</value></Data><Data name="SITE BEARING"><value>1000deg</value></Data><Data name="ANTENNA BEARING"><value>1000deg</value></Data><Data name="CELLHEX"><value>12</value></Data><Data name="NODEHEX"><value>0</value></Data><Data name="LACHEX"><value>1</value></Data><Data name="RAWCELLID"><value>18</value></Data><Data name="TIME"><value>2026.08.18_16.54.11</value></Data><Data name="NEI1"><value>TECH:5G CELLID:18 LAC:1 CELL:2 ARFCN:644640 LEVEL:-105 QUAL:-11 </value></Data><Data name="NEI2"><value>TECH:5G CELLID:18 LAC:1 CELL:2 ARFCN:644640 LEVEL:-108 QUAL:-11 </value></Data><Data name="NEI3"><value></value></Data><Data name="NEI4"><value></value></Data><Data name="NEI5"><value></value></Data><Data name="NEI6"><value></value></Data></ExtendedData><Style><LabelStyle><scale>0.0</scale> </LabelStyle><IconStyle><color>FFFF00FF</color><scale>0.5</scale><Icon><href>http://maps.google.com/mapfiles/kml/shapes/shaded_dot.png</href></Icon></IconStyle></Style><Point><coordinates>-75.75599756,39.6656943,0</coordinates></Point></Placemark><Placemark><name>5G</name><ExtendedData><Data name="CGI"><value>3150100000100018</value></Data><Data name="CELLNAME"><value></value></Data><Data name="CELLID"><value>18</value></Data><Data name="RNC"><value>0</value></Data><Data name="TAC"><value>1</value></Data><Data name="TECHNOLOGY"><value>5G NSA</value></Data><Data name="MODE"><value>5G</value></Data><Data name="ARFCN"><value>644640</value></Data><Data name="BAND"><value>N48</value></Data><Data name="BANDWIDTH"><value></value></Data><Data name="CA"><value>false</value></Data><Data name="NR state"><value></value></Data><Data name="RSRP"><value>-105 dBm</value></Data><Data name="RSRQ"><value>-11</value></Data><Data name="LAYER"><value>1</value></Data><Data name="PC"><value>2</value></Data><Data name="DL_BITRATE"><value>0 kbps</value></Data><Data name="UL_BITRATE"><value>0 kbps</value></Data><Data name="IP"><value>10.120.121.24</value></Data><Data name="SNR"><value>13.0</value></Data><Data name="PHONE STATE"><value>I</value></Data><Data name="IMEI"><value></value></Data><Data name="SPEED"><value>33 km/h</value></Data><Data name="HEIGHT"><value>0m</value></Data><Data name="ALTITUDE"><value>0m</value></Data><Data name="LOCATION"><value>G</value></Data><Data name="ACCURACY"><value>3m</value></Data><Data name="DISTANCE"><value>-1m</value></Data><Data name="SITE BEARING"><value>1000deg</value></Data><Data name="ANTENNA BEARING"><value>1000deg</value></Data><Data name="CELLHEX"><value>12</value></Data><Data name="NODEHEX"><value>0</value></Data><Data name="LACHEX"><value>1</value></Data><Data name="RAWCELLID"><value>18</value></Data><Data name="TIME"><value>2026.08.18_16.54.13</value></Data><Data name="NEI1"><value>TECH:5G CELLID:18 LAC:1 CELL:2 ARFCN:644640 LEVEL:-102 QUAL:-11 </value></Data><Data name="NEI2"><value>TECH:5G CELLID:18 LAC:1 CELL:2 ARFCN:644640 LEVEL:-105 QUAL:-11 </value></Data><Data name="NEI3"><value></value></Data><Data name="NEI4"><value></value></Data><Data name="NEI5"><value></value></Data><Data name="NEI6"><value></value></Data></ExtendedData><Style><LabelStyle><scale>0.0</scale> </LabelStyle><IconStyle><color>FFFF00FF</color><scale>0.5</scale><Icon><href>http://maps.google.com/mapfiles/kml/shapes/shaded_dot.png</href></Icon></IconStyle></Style><Point><coordinates>-75.75620249,39.66567072,0</coordinates></Point></Placemark><Placemark><name>5G</name><ExtendedData><Data name="CGI"><value>3150100000100018</value></Data><Data name="CELLNAME"><value></value></Data><Data name="CELLID"><value>18</value></Data><Data name="RNC"><value>0</value></Data><Data name="TAC"><value>1</value></Data><Data name="TECHNOLOGY"><value>5G NSA</value></Data><Data name="MODE"><value>5G</value></Data><Data name="ARFCN"><value>644640</value></Data><Data name="BAND"><value>N48</value></Data><Data name="BANDWIDTH"><value></value></Data><Data name="CA"><value>false</value></Data><Data name="NR state"><value></value></Data><Data name="RSRP"><value>-105 dBm</value></Data><Data name="RSRQ"><value>-11</value></Data><Data name="LAYER"><value>1</value></Data><Data name="PC"><value>2</value></Data><Data name="DL_BITRATE"><value>0 kbps</value></Data><Data name="UL_BITRATE"><value>0 kbps</value></Data><Data name="IP"><value>10.120.121.24</value></Data><Data name="SNR"><value>13.0</value></Data><Data name="PHONE STATE"><value>I</value></Data><Data name="IMEI"><value></value></Data><Data name="SPEED"><value>36 km/h</value></Data><Data name="HEIGHT"><value>0m</value></Data><Data name="ALTITUDE"><value>0m</value></Data><Data name="LOCATION"><value>G</value></Data><Data name="ACCURACY"><value>3m</value></Data><Data name="DISTANCE"><value>-1m</value></Data><Data name="SITE BEARING"><value>1000deg</value></Data><Data name="ANTENNA BEARING"><value>1000deg</value></Data><Data name="CELLHEX"><value>12</value></Data><Data name="NODEHEX"><value>0</value></Data><Data name="LACHEX"><value>1</value></Data><Data name="RAWCELLID"><value>18</value></Data><Data name="TIME"><value>2026.08.18_16.54.14</value></Data><Data name="NEI1"><value>TECH:5G CELLID:18 LAC:1 CELL:2 ARFCN:644640 LEVEL:-105 QUAL:-11 </value></Data><Data name="NEI2"><value>TECH:5G CELLID:18 LAC:1 CELL:2 ARFCN:644640 LEVEL:-109 QUAL:-11 </value></Data><Data name="NEI3"><value></value></Data><Data name="NEI4"><value></value></Data><Data name="NEI5"><value></value></Data><Data name="NEI6"><value></value></Data></ExtendedData><Style><LabelStyle><scale>0.0</scale> </LabelStyle><IconStyle><color>FFFF00FF</color><scale>0.5</scale><Icon><href>http://maps.google.com/mapfiles/kml/shapes/shaded_dot.png</href></Icon></IconStyle></Style><Point><coordinates>-75.75632141,39.66565858,0</coordinates></Point></Placemark><Placemark><name>5G</name><ExtendedData><Data name="CGI"><value>3150100000100018</value></Data><Data name="CELLNAME"><value></value></Data><Data name="CELLID"><value>18</value></Data><Data name="RNC"><value>0</value></Data><Data name="TAC"><value>1</value></Data><Data name="TECHNOLOGY"><value>5G NSA</value></Data><Data name="MODE"><value>5G</value></Data><Data name="ARFCN"><value>644640</value></Data><Data name="BAND"><value>N48</value></Data><Data name="BANDWIDTH"><value></value></Data><Data name="CA"><value>false</value></Data><Data name="NR state"><value></value></Data><Data name="RSRP"><value>-105 dBm</value></Data><Data name="RSRQ"><value>-11</value></Data><Data name="LAYER"><value>1</value></Data><Data name="PC"><value>2</value></Data><Data name="DL_BITRATE"><value>0 kbps</value></Data><Data name="UL_BITRATE"><value>0 kbps</value></Data><Data name="IP"><value>10.120.121.24</value></Data><Data name="SNR"><value>13.0</value></Data><Data name="PHONE STATE"><value>I</value></Data><Data name="IMEI"><value></value></Data><Data name="SPEED"><value>38 km/h</value></Data><Data name="HEIGHT"><value>0m</value></Data><Data name="ALTITUDE"><value>0m</value></Data><Data name="LOCATION"><value>G</value></Data><Data name="ACCURACY"><value>3m</value></Data><Data name="DISTANCE"><value>-1m</value></Data><Data name="SITE BEARING"><value>1000deg</value></Data><Data name="ANTENNA BEARING"><value>1000deg</value></Data><Data name="CELLHEX"><value>12</value></Data><Data name="NODEHEX"><value>0</value></Data><Data name="LACHEX"><value>1</value></Data><Data name="RAWCELLID"><value>18</value></Data><Data name="TIME"><value>2026.08.18_16.54.15</value></Data><Data name="NEI1"><value>TECH:5G CELLID:18 LAC:1 CELL:2 ARFCN:644640 LEVEL:-105 QUAL:-11 </value></Data><Data name="NEI2"><value>TECH:5G CELLID:18 LAC:1 CELL:2 ARFCN:644640 LEVEL:-109 QUAL:-11 </value></Data><Data name="NEI3"><value></value></Data><Data name="NEI4"><value></value></Data><Data name="NEI5"><value></value></Data><Data name="NEI6"><value></value></Data></ExtendedData><Style><LabelStyle><scale>0.0</scale> </LabelStyle><IconStyle><color>FFFF00FF</color><scale>0.5</scale><Icon><href>http://maps.google.com/mapfiles/kml/shapes/shaded_dot.png</href></Icon></IconStyle></Style><Point><coordinates>-75.75644748,39.66564804,0</coordinates></Point></Placemark><Placemark><name>5G</name><ExtendedData><Data name="CGI"><value>3150100000100018</value></Data><Data name="CELLNAME"><value></value></Data><Data name="CELLID"><value>18</value></Data><Data name="RNC"><value>0</value></Data><Data name="TAC"><value>1</value></Data><Data name="TECHNOLOGY"><value>5G NSA</value></Data><Data name="MODE"><value>5G</value></Data><Data name="ARFCN"><value>644640</value></Data><Data name="BAND"><value>N48</value></Data><Data name="BANDWIDTH"><value></value></Data><Data name="CA"><value>false</value></Data><Data name="NR state"><value></value></Data><Data name="RSRP"><value>-105 dBm</value></Data><Data name="RSRQ"><value>-11</value></Data><Data name="LAYER"><value>1</value></Data><Data name="PC"><value>2</value></Data><Data name="DL_BITRATE"><value>0 kbps</value></Data><Data name="UL_BITRATE"><value>0 kbps</value></Data><Data name="IP"><value>10.120.121.24</value></Data><Data name="SNR"><value>13.0</value></Data><Data name="PHONE STATE"><value>I</value></Data><Data name="IMEI"><value></value></Data><Data name="SPEED"><value>40 km/h</value></Data><Data name="HEIGHT"><value>0m</value></Data><Data name="ALTITUDE"><value>0m</value></Data><Data name="LOCATION"><value>G</value></Data><Data name="ACCURACY"><value>3m</value></Data><Data name="DISTANCE"><value>-1m</value></Data><Data name="SITE BEARING"><value>1000deg</value></Data><Data name="ANTENNA BEARING"><value>1000deg</value></Data><Data name="CELLHEX"><value>12</value></Data><Data name="NODEHEX"><value>0</value></Data><Data name="LACHEX"><value>1</value></Data><Data name="RAWCELLID"><value>18</value></Data><Data name="TIME"><value>2026.08.18_16.54.16</value></Data><Data name="NEI1"><value>TECH:5G CELLID:18 LAC:1 CELL:2 ARFCN:644640 LEVEL:-104 QUAL:-11 </value></Data><Data name="NEI2"><value>TECH:5G CELLID:18 LAC:1 CELL:2 ARFCN:644640 LEVEL:-105 QUAL:-11 </value></Data><Data name="NEI3"><value></value></Data><Data name="NEI4"><value></value></Data><Data name="NEI5"><value></value></Data><Data name="NEI6"><value></value></Data></ExtendedData><Style><LabelStyle><scale>0.0</scale> </LabelStyle><IconStyle><color>FFFF00FF</color><scale>0.5</scale><Icon><href>http://maps.google.com/mapfiles/kml/shapes/shaded_dot.png</href></Icon></IconStyle></Style><Point><coordinates>-75.75657656,39.66563857,0</coordinates></Point></Placemark><Placemark><name>5G</name><ExtendedData><Data name="CGI"><value>3150100000100018</value></Data><Data name="CELLNAME"><value></value></Data><Data name="CELLID"><value>18</value></Data><Data name="RNC"><value>0</value></Data><Data name="TAC"><value>1</value></Data><Data name="TECHNOLOGY"><value>5G NSA</value></Data><Data name="MODE"><value>5G</value></Data><Data name="ARFCN"><value>644640</value></Data><Data name="BAND"><value>N48</value></Data><Data name="BANDWIDTH"><value></value></Data><Data name="CA"><value>false</value></Data><Data name="NR state"><value></value></Data><Data name="RSRP"><value>-105 dBm</value></Data><Data name="RSRQ"><value>-11</value></Data><Data name="LAYER"><value>1</value></Data><Data name="PC"><value>2</value></Data><Data name="DL_BITRATE"><value>0 kbps</value></Data><Data name="UL_BITRATE"><value>0 kbps</value></Data><Data name="IP"><value>10.120.121.24</value></Data><Data name="SNR"><value>13.0</value></Data><Data name="PHONE STATE"><value>I</value></Data><Data name="IMEI"><value></value></Data><Data name="SPEED"><value>41 km/h</value></Data><Data name="HEIGHT"><value>-1m</value></Data><Data name="ALTITUDE"><value>-1m</value></Data><Data name="LOCATION"><value>G</value></Data><Data name="ACCURACY"><value>3m</value></Data><Data name="DISTANCE"><value>-1m</value></Data><Data name="SITE BEARING"><value>1000deg</value></Data><Data name="ANTENNA BEARING"><value>1000deg</value></Data><Data name="CELLHEX"><value>12</value></Data><Data name="NODEHEX"><value>0</value></Data><Data name="LACHEX"><value>1</value></Data><Data name="RAWCELLID"><value>18</value></Data><Data name="TIME"><value>2026.08.18_16.54.17</value></Data><Data name="NEI1"><value>TECH:5G CELLID:18 LAC:1 CELL:2 ARFCN:644640 LEVEL:-104 QUAL:-11 </value></Data><Data name="NEI2"><value>TECH:5G CELLID:18 LAC:1 CELL:2 ARFCN:644640 LEVEL:-105 QUAL:-11 </value></Data><Data name="NEI3"><value></value></Data><Data name="NEI4"><value></value></Data><Data name="NEI5"><value></value></Data><Data name="NEI6"><value></value></Data></ExtendedData><Style><LabelStyle><scale>0.0</scale> </LabelStyle><IconStyle><color>FFFF00FF</color><scale>0.5</scale><Icon><href>http://maps.google.com/mapfiles/kml/shapes/shaded_dot.png</href></Icon></IconStyle></Style><Point><coordinates>-75.75671079,39.66563081,0</coordinates></Point></Placemark><Placemark><name>5G</name><ExtendedData><Data name="CGI"><value>3150100000100018</value></Data><Data name="CELLNAME"><value></value></Data><Data name="CELLID"><value>18</value></Data><Data name="RNC"><value>0</value></Data><Data name="TAC"><value>1</value></Data><Data name="TECHNOLOGY"><value>5G NSA</value></Data><Data name="MODE"><value>5G</value></Data><Data name="ARFCN"><value>644640</value></Data><Data name="BAND"><value>N48</value></Data><Data name="BANDWIDTH"><value></value></Data><Data name="CA"><value>false</value></Data><Data name="NR state"><value></value></Data><Data name="RSRP"><value>-105 dBm</value></Data><Data name="RSRQ"><value>-11</value></Data><Data name="LAYER"><value>1</value></Data><Data name="PC"><value>2</value></Data><Data name="DL_BITRATE"><value>0 kbps</value></Data><Data name="UL_BITRATE"><value>0 kbps</value></Data><Data name="IP"><value>10.120.121.24</value></Data><Data name="SNR"><value>13.0</value></Data><Data name="PHONE STATE"><value>I</value></Data><Data name="IMEI"><value></value></Data><Data name="SPEED"><value>42 km/h</value></Data><Data name="HEIGHT"><value>-1m</value></Data><Data name="ALTITUDE"><value>-1m</value></Data><Data name="LOCATION"><value>G</value></Data><Data name="ACCURACY"><value>3m</value></Data><Data name="DISTANCE"><value>-1m</value></Data><Data name="SITE BEARING"><value>1000deg</value></Data><Data name="ANTENNA BEARING"><value>1000deg</value></Data><Data name="CELLHEX"><value>12</value></Data><Data name="NODEHEX"><value>0</value></Data><Data name="LACHEX"><value>1</value></Data><Data name="RAWCELLID"><value>18</value></Data><Data name="TIME"><value>2026.08.18_16.54.18</value></Data><Data name="NEI1"><value>TECH:5G CELLID:18 LAC:1 CELL:2 ARFCN:644640 LEVEL:-104 QUAL:-11 </value></Data><Data name="NEI2"><value>TECH:5G CELLID:18 LAC:1 CELL:2 ARFCN:644640 LEVEL:-105 QUAL:-11 </value></Data><Data name="NEI3"><value></value></Data><Data name="NEI4"><value></value></Data><Data name="NEI5"><value></value></Data><Data name="NEI6"><value></value></Data></ExtendedData><Style><LabelStyle><scale>0.0</scale> </LabelStyle><IconStyle><color>FFFF00FF</color><scale>0.5</scale><Icon><href>http://maps.google.com/mapfiles/kml/shapes/shaded_dot.png</href></Icon></IconStyle></Style><Point><coordinates>-75.75684857,39.66562164,0</coordinates></Point></Placemark><Placemark><name>5G</name><ExtendedData><Data name="CGI"><value>3150100000100018</value></Data><Data name="CELLNAME"><value></value></Data><Data name="CELLID"><value>18</value></Data><Data name="RNC"><value>0</value></Data><Data name="TAC"><value>1</value></Data><Data name="TECHNOLOGY"><value>5G NSA</value></Data><Data name="MODE"><value>5G</value></Data><Data name="ARFCN"><value>644640</value></Data><Data name="BAND"><value>N48</value></Data><Data name="BANDWIDTH"><value></value></Data><Data name="CA"><value>false</value></Data><Data name="NR state"><value></value></Data><Data name="RSRP"><value>-105 dBm</value></Data><Data name="RSRQ"><value>-11</value></Data><Data name="LAYER"><value>1</value></Data><Data name="PC"><value>2</value></Data><Data name="DL_BITRATE"><value>0 kbps</value></Data><Data name="UL_BITRATE"><value>0 kbps</value></Data><Data name="IP"><value>10.120.121.24</value></Data><Data name="SNR"><value>13.0</value></Data><Data name="PHONE STATE"><value>I</value></Data><Data name="IMEI"><value></value></Data><Data name="SPEED"><value>42 km/h</value></Data><Data name="HEIGHT"><value>-1m</value></Data><Data name="ALTITUDE"><value>-1m</value></Data><Data name="LOCATION"><value>G</value></Data><Data name="ACCURACY"><value>3m</value></Data><Data name="DISTANCE"><value>-1m</value></Data><Data name="SITE BEARING"><value>1000deg</value></Data><Data name="ANTENNA BEARING"><value>1000deg</value></Data><Data name="CELLHEX"><value>12</value></Data><Data name="NODEHEX"><value>0</value></Data><Data name="LACHEX"><value>1</value></Data><Data name="RAWCELLID"><value>18</value></Data><Data name="TIME"><value>2026.08.18_16.54.19</value></Data><Data name="NEI1"><value>TECH:5G CELLID:18 LAC:1 CELL:2 ARFCN:644640 LEVEL:-104 QUAL:-11 </value></Data><Data name="NEI2"><value>TECH:5G CELLID:18 LAC:1 CELL:2 ARFCN:644640 LEVEL:-105 QUAL:-11 </value></Data><Data name="NEI3"><value></value></Data><Data name="NEI4"><value></value></Data><Data name="NEI5"><value></value></Data><Data name="NEI6"><value></value></Data></ExtendedData><Style><LabelStyle><scale>0.0</scale> </LabelStyle><IconStyle><color>FFFF00FF</color><scale>0.5</scale><Icon><href>http://maps.google.com/mapfiles/kml/shapes/shaded_dot.png</href></Icon></IconStyle></Style><Point><coordinates>-75.75698519,39.66561307,0</coordinates></Point></Placemark><Placemark><name>5G</name><ExtendedData><Data name="CGI"><value>3150100000100018</value></Data><Data name="CELLNAME"><value></value></Data><Data name="CELLID"><value>18</value></Data><Data name="RNC"><value>0</value></Data><Data name="TAC"><value>1</value></Data><Data name="TECHNOLOGY"><value>5G NSA</value></Data><Data name="MODE"><value>5G</value></Data><Data name="ARFCN"><value>644640</value></Data><Data name="BAND"><value>N48</value></Data><Data name="BANDWIDTH"><value></value></Data><Data name="CA"><value>false</value></Data><Data name="NR state"><value></value></Data><Data name="RSRP"><value>-105 dBm</value></Data><Data name="RSRQ"><value>-11</value></Data><Data name="LAYER"><value>1</value></Data><Data name="PC"><value>2</value></Data><Data name="DL_BITRATE"><value>0 kbps</value></Data><Data name="UL_BITRATE"><value>0 kbps</value></Data><Data name="IP"><value>10.120.121.24</value></Data><Data name="SNR"><value>13.0</value></Data><Data name="PHONE STATE"><value>I</value></Data><Data name="IMEI"><value></value></Data><Data name="SPEED"><value>43 km/h</value></Data><Data name="HEIGHT"><value>-1m</value></Data><Data name="ALTITUDE"><value>-1m</value></Data><Data name="LOCATION"><value>G</value></Data><Data name="ACCURACY"><value>3m</value></Data><Data name="DISTANCE"><value>-1m</value></Data><Data name="SITE BEARING"><value>1000deg</value></Data><Data name="ANTENNA BEARING"><value>1000deg</value></Data><Data name="CELLHEX"><value>12</value></Data><Data name="NODEHEX"><value>0</value></Data><Data name="LACHEX"><value>1</value></Data><Data name="RAWCELLID"><value>18</value></Data><Data name="TIME"><value>2026.08.18_16.54.20</value></Data><Data name="NEI1"><value>TECH:5G CELLID:18 LAC:1 CELL:2 ARFCN:644640 LEVEL:-95 QUAL:-11 </value></Data><Data name="NEI2"><value>TECH:5G CELLID:18 LAC:1 CELL:2 ARFCN:644640 LEVEL:-105 QUAL:-11 </value></Data><Data name="NEI3"><value></value></Data><Data name="NEI4"><value></value></Data><Data name="NEI5"><value></value></Data><Data name="NEI6"><value></value></Data></ExtendedData><Style><LabelStyle><scale>0.0</scale> </LabelStyle><IconStyle><color>FFFF00FF</color><scale>0.5</scale><Icon><href>http://maps.google.com/mapfiles/kml/shapes/shaded_dot.png</href></Icon></IconStyle></Style><Point><coordinates>-75.75712485,39.6656039,0</coordinates></Point></Placemark><Placemark><name>5G</name><ExtendedData><Data name="CGI"><value>3150100000100018</value></Data><Data name="CELLNAME"><value></value></Data><Data name="CELLID"><value>18</value></Data><Data name="RNC"><value>0</value></Data><Data name="TAC"><value>1</value></Data><Data name="TECHNOLOGY"><value>5G NSA</value></Data><Data name="MODE"><value>5G</value></Data><Data name="ARFCN"><value>644640</value></Data><Data name="BAND"><value>N48</value></Data><Data name="BANDWIDTH"><value></value></Data><Data name="CA"><value>false</value></Data><Data name="NR state"><value></value></Data><Data name="RSRP"><value>-105 dBm</value></Data><Data name="RSRQ"><value>-11</value></Data><Data name="LAYER"><value>1</value></Data><Data name="PC"><value>2</value></Data><Data name="DL_BITRATE"><value>0 kbps</value></Data><Data name="UL_BITRATE"><value>0 kbps</value></Data><Data name="IP"><value>10.120.121.24</value></Data><Data name="SNR"><value>13.0</value></Data><Data name="PHONE STATE"><value>I</value></Data><Data name="IMEI"><value></value></Data><Data name="SPEED"><value>43 km/h</value></Data><Data name="HEIGHT"><value>-1m</value></Data><Data name="ALTITUDE"><value>-1m</value></Data><Data name="LOCATION"><value>G</value></Data><Data name="ACCURACY"><value>3m</value></Data><Data name="DISTANCE"><value>-1m</value></Data><Data name="SITE BEARING"><value>1000deg</value></Data><Data name="ANTENNA BEARING"><value>1000deg</value></Data><Data name="CELLHEX"><value>12</value></Data><Data name="NODEHEX"><value>0</value></Data><Data name="LACHEX"><value>1</value></Data><Data name="RAWCELLID"><value>18</value></Data><Data name="TIME"><value>2026.08.18_16.54.21</value></Data><Data name="NEI1"><value>TECH:5G CELLID:18 LAC:1 CELL:2 ARFCN:644640 LEVEL:-95 QUAL:-11 </value></Data><Data name="NEI2"><value>TECH:5G CELLID:18 LAC:1 CELL:2 ARFCN:644640 LEVEL:-105 QUAL:-11 </value></Data><Data name="NEI3"><value></value></Data><Data name="NEI4"><value></value></Data><Data name="NEI5"><value></value></Data><Data name="NEI6"><value></value></Data></ExtendedData><Style><LabelStyle><scale>0.0</scale> </LabelStyle><IconStyle><color>FFFF00FF</color><scale>0.5</scale><Icon><href>http://maps.google.com/mapfiles/kml/shapes/shaded_dot.png</href></Icon></IconStyle></Style><Point><coordinates>-75.75726575,39.66559556,0</coordinates></Point></Placemark><Placemark><name>5G</name><ExtendedData><Data name="CGI"><value>3150100000100018</value></Data><Data name="CELLNAME"><value></value></Data><Data name="CELLID"><value>18</value></Data><Data name="RNC"><value>0</value></Data><Data name="TAC"><value>1</value></Data><Data name="TECHNOLOGY"><value>5G NSA</value></Data><Data name="MODE"><value>5G</value></Data><Data name="ARFCN"><value>644640</value></Data><Data name="BAND"><value>N48</value></Data><Data name="BANDWIDTH"><value></value></Data><Data name="CA"><value>false</value></Data><Data name="NR state"><value></value></Data><Data name="RSRP"><value>-105 dBm</value></Data><Data name="RSRQ"><value>-11</value></Data><Data name="LAYER"><value>1</value></Data><Data name="PC"><value>2</value></Data><Data name="DL_BITRATE"><value>0 kbps</value></Data><Data name="UL_BITRATE"><value>0 kbps</value></Data><Data name="IP"><value>10.120.121.24</value></Data><Data name="SNR"><value>13.0</value></Data><Data name="PHONE STATE"><value>I</value></Data><Data name="IMEI"><value></value></Data><Data name="SPEED"><value>42 km/h</value></Data><Data name="HEIGHT"><value>-1m</value></Data><Data name="ALTITUDE"><value>-1m</value></Data><Data name="LOCATION"><value>G</value></Data><Data name="ACCURACY"><value>3m</value></Data><Data name="DISTANCE"><value>-1m</value></Data><Data name="SITE BEARING"><value>1000deg</value></Data><Data name="ANTENNA BEARING"><value>1000deg</value></Data><Data name="CELLHEX"><value>12</value></Data><Data name="NODEHEX"><value>0</value></Data><Data name="LACHEX"><value>1</value></Data><Data name="RAWCELLID"><value>18</value></Data><Data name="TIME"><value>2026.08.18_16.54.22</value></Data><Data name="NEI1"><value>TECH:5G CELLID:18 LAC:1 CELL:2 ARFCN:644640 LEVEL:-101 QUAL:-11 </value></Data><Data name="NEI2"><value>TECH:5G CELLID:18 LAC:1 CELL:2 ARFCN:644640 LEVEL:-105 QUAL:-11 </value></Data><Data name="NEI3"><value></value></Data><Data name="NEI4"><value></value></Data><Data name="NEI5"><value></value></Data><Data name="NEI6"><value></value></Data></ExtendedData><Style><LabelStyle><scale>0.0</scale> </LabelStyle><IconStyle><color>FFFF00FF</color><scale>0.5</scale><Icon><href>http://maps.google.com/mapfiles/kml/shapes/shaded_dot.png</href></Icon></IconStyle></Style><Point><coordinates>-75.75740331,39.66558668,0</coordinates></Point></Placemark><Placemark><name>5G</name><ExtendedData><Data name="CGI"><value>3150100000100018</value></Data><Data name="CELLNAME"><value></value></Data><Data name="CELLID"><value>18</value></Data><Data name="RNC"><value>0</value></Data><Data name="TAC"><value>1</value></Data><Data name="TECHNOLOGY"><value>5G NSA</value></Data><Data name="MODE"><value>5G</value></Data><Data name="ARFCN"><value>644640</value></Data><Data name="BAND"><value>N48</value></Data><Data name="BANDWIDTH"><value></value></Data><Data name="CA"><value>false</value></Data><Data name="NR state"><value></value></Data><Data name="RSRP"><value>-105 dBm</value></Data><Data name="RSRQ"><value>-11</value></Data><Data name="LAYER"><value>1</value></Data><Data name="PC"><value>2</value></Data><Data name="DL_BITRATE"><value>0 kbps</value></Data><Data name="UL_BITRATE"><value>0 kbps</value></Data><Data name="IP"><value>10.120.121.24</value></Data><Data name="SNR"><value>13.0</value></Data><Data name="PHONE STATE"><value>I</value></Data><Data name="IMEI"><value></value></Data><Data name="SPEED"><value>41 km/h</value></Data><Data name="HEIGHT"><value>-1m</value></Data><Data name="ALTITUDE"><value>-1m</value></Data><Data name="LOCATION"><value>G</value></Data><Data name="ACCURACY"><value>3m</value></Data><Data name="DISTANCE"><value>-1m</value></Data><Data name="SITE BEARING"><value>1000deg</value></Data><Data name="ANTENNA BEARING"><value>1000deg</value></Data><Data name="CELLHEX"><value>12</value></Data><Data name="NODEHEX"><value>0</value></Data><Data name="LACHEX"><value>1</value></Data><Data name="RAWCELLID"><value>18</value></Data><Data name="TIME"><value>2026.08.18_16.54.23</value></Data><Data name="NEI1"><value>TECH:5G CELLID:18 LAC:1 CELL:2 ARFCN:644640 LEVEL:-101 QUAL:-11 </value></Data><Data name="NEI2"><value>TECH:5G CELLID:18 LAC:1 CELL:2 ARFCN:644640 LEVEL:-105 QUAL:-11 </value></Data><Data name="NEI3"><value></value></Data><Data name="NEI4"><value></value></Data><Data name="NEI5"><value></value></Data><Data name="NEI6"><value></value></Data></ExtendedData><Style><LabelStyle><scale>0.0</scale> </LabelStyle><IconStyle><color>FFFF00FF</color><scale>0.5</scale><Icon><href>http://maps.google.com/mapfiles/kml/shapes/shaded_dot.png</href></Icon></IconStyle></Style><Point><coordinates>-75.75753712,39.66557473,0</coordinates></Point></Placemark><Placemark><name>5G</name><ExtendedData><Data name="CGI"><value>3150100000100018</value></Data><Data name="CELLNAME"><value></value></Data><Data name="CELLID"><value>18</value></Data><Data name="RNC"><value>0</value></Data><Data name="TAC"><value>1</value></Data><Data name="TECHNOLOGY"><value>5G NSA</value></Data><Data name="MODE"><value>5G</value></Data><Data name="ARFCN"><value>644640</value></Data><Data name="BAND"><value>N48</value></Data><Data name="BANDWIDTH"><value></value></Data><Data name="CA"><value>false</value></Data><Data name="NR state"><value></value></Data><Data name="RSRP"><value>-105 dBm</value></Data><Data name="RSRQ"><value>-11</value></Data><Data name="LAYER"><value>1</value></Data><Data name="PC"><value>2</value></Data><Data name="DL_BITRATE"><value>0 kbps</value></Data><Data name="UL_BITRATE"><value>0 kbps</value></Data><Data name="IP"><value>10.120.121.24</value></Data><Data name="SNR"><value>13.0</value></Data><Data name="PHONE STATE"><value>I</value></Data><Data name="IMEI"><value></value></Data><Data name="SPEED"><value>40 km/h</value></Data><Data name="HEIGHT"><value>-1m</value></Data><Data name="ALTITUDE"><value>-1m</value></Data><Data name="LOCATION"><value>G</value></Data><Data name="ACCURACY"><value>3m</value></Data><Data name="DISTANCE"><value>-1m</value></Data><Data name="SITE BEARING"><value>1000deg</value></Data><Data name="ANTENNA BEARING"><value>1000deg</value></Data><Data name="CELLHEX"><value>12</value></Data><Data name="NODEHEX"><value>0</value></Data><Data name="LACHEX"><value>1</value></Data><Data name="RAWCELLID"><value>18</value></Data><Data name="TIME"><value>2026.08.18_16.54.24</value></Data><Data name="NEI1"><value>TECH:5G CELLID:18 LAC:1 CELL:2 ARFCN:644640 LEVEL:-101 QUAL:-11 </value></Data><Data name="NEI2"><value>TECH:5G CELLID:18 LAC:1 CELL:2 ARFCN:644640 LEVEL:-105 QUAL:-11 </value></Data><Data name="NEI3"><value></value></Data><Data name="NEI4"><value></value></Data><Data name="NEI5"><value></value></Data><Data name="NEI6"><value></value></Data></ExtendedData><Style><LabelStyle><scale>0.0</scale> </LabelStyle><IconStyle><color>FFFF00FF</color><scale>0.5</scale><Icon><href>http://maps.google.com/mapfiles/kml/shapes/shaded_dot.png</href></Icon></IconStyle></Style><Point><coordinates>-75.75766412,39.66556422,0</coordinates></Point></Placemark><Placemark><name>5G</name><ExtendedData><Data name="CGI"><value>3150100000100018</value></Data><Data name="CELLNAME"><value></value></Data><Data name="CELLID"><value>18</value></Data><Data name="RNC"><value>0</value></Data><Data name="TAC"><value>1</value></Data><Data name="TECHNOLOGY"><value>5G NSA</value></Data><Data name="MODE"><value>5G</value></Data><Data name="ARFCN"><value>644640</value></Data><Data name="BAND"><value>N48</value></Data><Data name="BANDWIDTH"><value></value></Data><Data name="CA"><value>false</value></Data><Data name="NR state"><value></value></Data><Data name="RSRP"><value>-105 dBm</value></Data><Data name="RSRQ"><value>-11</value></Data><Data name="LAYER"><value>1</value></Data><Data name="PC"><value>2</value></Data><Data name="DL_BITRATE"><value>0 kbps</value></Data><Data name="UL_BITRATE"><value>0 kbps</value></Data><Data name="IP"><value>10.120.121.24</value></Data><Data name="SNR"><value>13.0</value></Data><Data name="PHONE STATE"><value>I</value></Data><Data name="IMEI"><value></value></Data><Data name="SPEED"><value>27 km/h</value></Data><Data name="HEIGHT"><value>-2m</value></Data><Data name="ALTITUDE"><value>-2m</value></Data><Data name="LOCATION"><value>G</value></Data><Data name="ACCURACY"><value>3m</value></Data><Data name="DISTANCE"><value>-1m</value></Data><Data name="SITE BEARING"><value>1000deg</value></Data><Data name="ANTENNA BEARING"><value>1000deg</value></Data><Data name="CELLHEX"><value>12</value></Data><Data name="NODEHEX"><value>0</value></Data><Data name="LACHEX"><value>1</value></Data><Data name="RAWCELLID"><value>18</value></Data><Data name="TIME"><value>2026.08.18_16.54.26</value></Data><Data name="NEI1"><value>TECH:5G CELLID:18 LAC:1 CELL:2 ARFCN:644640 LEVEL:-105 QUAL:-11 </value></Data><Data name="NEI2"><value>TECH:5G CELLID:18 LAC:1 CELL:2 ARFCN:644640 LEVEL:-105 QUAL:-11 </value></Data><Data name="NEI3"><value></value></Data><Data name="NEI4"><value></value></Data><Data name="NEI5"><value></value></Data><Data name="NEI6"><value></value></Data></ExtendedData><Style><LabelStyle><scale>0.0</scale> </LabelStyle><IconStyle><color>FFFF00FF</color><scale>0.5</scale><Icon><href>http://maps.google.com/mapfiles/kml/shapes/shaded_dot.png</href></Icon></IconStyle></Style><Point><coordinates>-75.75786051,39.66554414,0</coordinates></Point></Placemark><Placemark><name>5G</name><ExtendedData><Data name="CGI"><value>3150100000100018</value></Data><Data name="CELLNAME"><value></value></Data><Data name="CELLID"><value>18</value></Data><Data name="RNC"><value>0</value></Data><Data name="TAC"><value>1</value></Data><Data name="TECHNOLOGY"><value>5G NSA</value></Data><Data name="MODE"><value>5G</value></Data><Data name="ARFCN"><value>644640</value></Data><Data name="BAND"><value>N48</value></Data><Data name="BANDWIDTH"><value></value></Data><Data name="CA"><value>false</value></Data><Data name="NR state"><value></value></Data><Data name="RSRP"><value>-105 dBm</value></Data><Data name="RSRQ"><value>-11</value></Data><Data name="LAYER"><value>1</value></Data><Data name="PC"><value>2</value></Data><Data name="DL_BITRATE"><value>0 kbps</value></Data><Data name="UL_BITRATE"><value>0 kbps</value></Data><Data name="IP"><value>10.120.121.24</value></Data><Data name="SNR"><value>13.0</value></Data><Data name="PHONE STATE"><value>I</value></Data><Data name="IMEI"><value></value></Data><Data name="SPEED"><value>17 km/h</value></Data><Data name="HEIGHT"><value>-2m</value></Data><Data name="ALTITUDE"><value>-2m</value></Data><Data name="LOCATION"><value>G</value></Data><Data name="ACCURACY"><value>3m</value></Data><Data name="DISTANCE"><value>-1m</value></Data><Data name="SITE BEARING"><value>1000deg</value></Data><Data name="ANTENNA BEARING"><value>1000deg</value></Data><Data name="CELLHEX"><value>12</value></Data><Data name="NODEHEX"><value>0</value></Data><Data name="LACHEX"><value>1</value></Data><Data name="RAWCELLID"><value>18</value></Data><Data name="TIME"><value>2026.08.18_16.54.28</value></Data><Data name="NEI1"><value>TECH:5G CELLID:18 LAC:1 CELL:2 ARFCN:644640 LEVEL:-105 QUAL:-11 </value></Data><Data name="NEI2"><value>TECH:5G CELLID:18 LAC:1 CELL:2 ARFCN:644640 LEVEL:-105 QUAL:-11 </value></Data><Data name="NEI3"><value></value></Data><Data name="NEI4"><value></value></Data><Data name="NEI5"><value></value></Data><Data name="NEI6"><value></value></Data></ExtendedData><Style><LabelStyle><scale>0.0</scale> </LabelStyle><IconStyle><color>FFFF00FF</color><scale>0.5</scale><Icon><href>http://maps.google.com/mapfiles/kml/shapes/shaded_dot.png</href></Icon></IconStyle></Style><Point><coordinates>-75.75797929,39.66556182,0</coordinates></Point></Placemark><Placemark><name>5G</name><ExtendedData><Data name="CGI"><value>3150100000100018</value></Data><Data name="CELLNAME"><value></value></Data><Data name="CELLID"><value>18</value></Data><Data name="RNC"><value>0</value></Data><Data name="TAC"><value>1</value></Data><Data name="TECHNOLOGY"><value>5G NSA</value></Data><Data name="MODE"><value>5G</value></Data><Data name="ARFCN"><value>644640</value></Data><Data name="BAND"><value>N48</value></Data><Data name="BANDWIDTH"><value></value></Data><Data name="CA"><value>false</value></Data><Data name="NR state"><value></value></Data><Data name="RSRP"><value>-105 dBm</value></Data><Data name="RSRQ"><value>-11</value></Data><Data name="LAYER"><value>1</value></Data><Data name="PC"><value>2</value></Data><Data name="DL_BITRATE"><value>0 kbps</value></Data><Data name="UL_BITRATE"><value>0 kbps</value></Data><Data name="IP"><value>10.120.121.24</value></Data><Data name="SNR"><value>13.0</value></Data><Data name="PHONE STATE"><value>I</value></Data><Data name="IMEI"><value></value></Data><Data name="SPEED"><value>17 km/h</value></Data><Data name="HEIGHT"><value>-3m</value></Data><Data name="ALTITUDE"><value>-3m</value></Data><Data name="LOCATION"><value>G</value></Data><Data name="ACCURACY"><value>3m</value></Data><Data name="DISTANCE"><value>-1m</value></Data><Data name="SITE BEARING"><value>1000deg</value></Data><Data name="ANTENNA BEARING"><value>1000deg</value></Data><Data name="CELLHEX"><value>12</value></Data><Data name="NODEHEX"><value>0</value></Data><Data name="LACHEX"><value>1</value></Data><Data name="RAWCELLID"><value>18</value></Data><Data name="TIME"><value>2026.08.18_16.54.30</value></Data><Data name="NEI1"><value>TECH:5G CELLID:18 LAC:1 CELL:2 ARFCN:644640 LEVEL:-89 QUAL:-11 </value></Data><Data name="NEI2"><value>TECH:5G CELLID:18 LAC:1 CELL:2 ARFCN:644640 LEVEL:-105 QUAL:-11 </value></Data><Data name="NEI3"><value></value></Data><Data name="NEI4"><value></value></Data><Data name="NEI5"><value></value></Data><Data name="NEI6"><value></value></Data></ExtendedData><Style><LabelStyle><scale>0.0</scale> </LabelStyle><IconStyle><color>FFFF00FF</color><scale>0.5</scale><Icon><href>http://maps.google.com/mapfiles/kml/shapes/shaded_dot.png</href></Icon></IconStyle></Style><Point><coordinates>-75.7580584,39.66563625,0</coordinates></Point></Placemark><Placemark><name>5G</name><ExtendedData><Data name="CGI"><value>3150100000100018</value></Data><Data name="CELLNAME"><value></value></Data><Data name="CELLID"><value>18</value></Data><Data name="RNC"><value>0</value></Data><Data name="TAC"><value>1</value></Data><Data name="TECHNOLOGY"><value>5G NSA</value></Data><Data name="MODE"><value>5G</value></Data><Data name="ARFCN"><value>644640</value></Data><Data name="BAND"><value>N48</value></Data><Data name="BANDWIDTH"><value></value></Data><Data name="CA"><value>false</value></Data><Data name="NR state"><value></value></Data><Data name="RSRP"><value>-105 dBm</value></Data><Data name="RSRQ"><value>-11</value></Data><Data name="LAYER"><value>1</value></Data><Data name="PC"><value>2</value></Data><Data name="DL_BITRATE"><value>0 kbps</value></Data><Data name="UL_BITRATE"><value>0 kbps</value></Data><Data name="IP"><value>10.120.121.24</value></Data><Data name="SNR"><value>13.0</value></Data><Data name="PHONE STATE"><value>I</value></Data><Data name="IMEI"><value></value></Data><Data name="SPEED"><value>24 km/h</value></Data><Data name="HEIGHT"><value>-2m</value></Data><Data name="ALTITUDE"><value>-2m</value></Data><Data name="LOCATION"><value>G</value></Data><Data name="ACCURACY"><value>3m</value></Data><Data name="DISTANCE"><value>-1m</value></Data><Data name="SITE BEARING"><value>1000deg</value></Data><Data name="ANTENNA BEARING"><value>1000deg</value></Data><Data name="CELLHEX"><value>12</value></Data><Data name="NODEHEX"><value>0</value></Data><Data name="LACHEX"><value>1</value></Data><Data name="RAWCELLID"><value>18</value></Data><Data name="TIME"><value>2026.08.18_16.54.32</value></Data><Data name="NEI1"><value>TECH:5G CELLID:18 LAC:1 CELL:2 ARFCN:644640 LEVEL:-104 QUAL:-11 </value></Data><Data name="NEI2"><value>TECH:5G CELLID:18 LAC:1 CELL:2 ARFCN:644640 LEVEL:-105 QUAL:-11 </value></Data><Data name="NEI3"><value></value></Data><Data name="NEI4"><value></value></Data><Data name="NEI5"><value></value></Data><Data name="NEI6"><value></value></Data></ExtendedData><Style><LabelStyle><scale>0.0</scale> </LabelStyle><IconStyle><color>FFFF00FF</color><scale>0.5</scale><Icon><href>http://maps.google.com/mapfiles/kml/shapes/shaded_dot.png</href></Icon></IconStyle></Style><Point><coordinates>-75.758076,39.6657478,0</coordinates></Point></Placemark><Placemark><name>5G</name><ExtendedData><Data name="CGI"><value>3150100000100018</value></Data><Data name="CELLNAME"><value></value></Data><Data name="CELLID"><value>18</value></Data><Data name="RNC"><value>0</value></Data><Data name="TAC"><value>1</value></Data><Data name="TECHNOLOGY"><value>5G NSA</value></Data><Data name="MODE"><value>5G</value></Data><Data name="ARFCN"><value>644640</value></Data><Data name="BAND"><value>N48</value></Data><Data name="BANDWIDTH"><value></value></Data><Data name="CA"><value>false</value></Data><Data name="NR state"><value></value></Data><Data name="RSRP"><value>-105 dBm</value></Data><Data name="RSRQ"><value>-11</value></Data><Data name="LAYER"><value>1</value></Data><Data name="PC"><value>2</value></Data><Data name="DL_BITRATE"><value>0 kbps</value></Data><Data name="UL_BITRATE"><value>0 kbps</value></Data><Data name="IP"><value>10.120.121.24</value></Data><Data name="SNR"><value>13.0</value></Data><Data name="PHONE STATE"><value>I</value></Data><Data name="IMEI"><value></value></Data><Data name="SPEED"><value>27 km/h</value></Data><Data name="HEIGHT"><value>-1m</value></Data><Data name="ALTITUDE"><value>-1m</value></Data><Data name="LOCATION"><value>G</value></Data><Data name="ACCURACY"><value>3m</value></Data><Data name="DISTANCE"><value>-1m</value></Data><Data name="SITE BEARING"><value>1000deg</value></Data><Data name="ANTENNA BEARING"><value>1000deg</value></Data><Data name="CELLHEX"><value>12</value></Data><Data name="NODEHEX"><value>0</value></Data><Data name="LACHEX"><value>1</value></Data><Data name="RAWCELLID"><value>18</value></Data><Data name="TIME"><value>2026.08.18_16.54.34</value></Data><Data name="NEI1"><value>TECH:5G CELLID:18 LAC:1 CELL:2 ARFCN:644640 LEVEL:-99 QUAL:-11 </value></Data><Data name="NEI2"><value>TECH:5G CELLID:18 LAC:1 CELL:2 ARFCN:644640 LEVEL:-105 QUAL:-11 </value></Data><Data name="NEI3"><value></value></Data><Data name="NEI4"><value></value></Data><Data name="NEI5"><value></value></Data><Data name="NEI6"><value></value></Data></ExtendedData><Style><LabelStyle><scale>0.0</scale> </LabelStyle><IconStyle><color>FFFF00FF</color><scale>0.5</scale><Icon><href>http://maps.google.com/mapfiles/kml/shapes/shaded_dot.png</href></Icon></IconStyle></Style><Point><coordinates>-75.75803737,39.66588653,0</coordinates></Point></Placemark><Placemark><name>5G</name><ExtendedData><Data name="CGI"><value>3150100000100018</value></Data><Data name="CELLNAME"><value></value></Data><Data name="CELLID"><value>18</value></Data><Data name="RNC"><value>0</value></Data><Data name="TAC"><value>1</value></Data><Data name="TECHNOLOGY"><value>5G NSA</value></Data><Data name="MODE"><value>5G</value></Data><Data name="ARFCN"><value>644640</value></Data><Data name="BAND"><value>N48</value></Data><Data name="BANDWIDTH"><value></value></Data><Data name="CA"><value>false</value></Data><Data name="NR state"><value></value></Data><Data name="RSRP"><value>-105 dBm</value></Data><Data name="RSRQ"><value>-11</value></Data><Data name="LAYER"><value>1</value></Data><Data name="PC"><value>2</value></Data><Data name="DL_BITRATE"><value>0 kbps</value></Data><Data name="UL_BITRATE"><value>0 kbps</value></Data><Data name="IP"><value>10.120.121.24</value></Data><Data name="SNR"><value>13.0</value></Data><Data name="PHONE STATE"><value>I</value></Data><Data name="IMEI"><value></value></Data><Data name="SPEED"><value>30 km/h</value></Data><Data name="HEIGHT"><value>-1m</value></Data><Data name="ALTITUDE"><value>-1m</value></Data><Data name="LOCATION"><value>G</value></Data><Data name="ACCURACY"><value>3m</value></Data><Data name="DISTANCE"><value>-1m</value></Data><Data name="SITE BEARING"><value>1000deg</value></Data><Data name="ANTENNA BEARING"><value>1000deg</value></Data><Data name="CELLHEX"><value>12</value></Data><Data name="NODEHEX"><value>0</value></Data><Data name="LACHEX"><value>1</value></Data><Data name="RAWCELLID"><value>18</value></Data><Data name="TIME"><value>2026.08.18_16.54.36</value></Data><Data name="NEI1"><value>TECH:5G CELLID:18 LAC:1 CELL:2 ARFCN:644640 LEVEL:-99 QUAL:-11 </value></Data><Data name="NEI2"><value>TECH:5G CELLID:18 LAC:1 CELL:2 ARFCN:644640 LEVEL:-105 QUAL:-11 </value></Data><Data name="NEI3"><value></value></Data><Data name="NEI4"><value></value></Data><Data name="NEI5"><value></value></Data><Data name="NEI6"><value></value></Data></ExtendedData><Style><LabelStyle><scale>0.0</scale> </LabelStyle><IconStyle><color>FFFF00FF</color><scale>0.5</scale><Icon><href>http://maps.google.com/mapfiles/kml/shapes/shaded_dot.png</href></Icon></IconStyle></Style><Point><coordinates>-75.75791316,39.66599836,0</coordinates></Point></Placemark><Placemark><name>5G</name><ExtendedData><Data name="CGI"><value>3150100000100018</value></Data><Data name="CELLNAME"><value></value></Data><Data name="CELLID"><value>18</value></Data><Data name="RNC"><value>0</value></Data><Data name="TAC"><value>1</value></Data><Data name="TECHNOLOGY"><value>5G NSA</value></Data><Data name="MODE"><value>5G</value></Data><Data name="ARFCN"><value>644640</value></Data><Data name="BAND"><value>N48</value></Data><Data name="BANDWIDTH"><value></value></Data><Data name="CA"><value>false</value></Data><Data name="NR state"><value></value></Data><Data name="RSRP"><value>-105 dBm</value></Data><Data name="RSRQ"><value>-11</value></Data><Data name="LAYER"><value>1</value></Data><Data name="PC"><value>2</value></Data><Data name="DL_BITRATE"><value>0 kbps</value></Data><Data name="UL_BITRATE"><value>0 kbps</value></Data><Data name="IP"><value>10.120.121.24</value></Data><Data name="SNR"><value>13.0</value></Data><Data name="PHONE STATE"><value>I</value></Data><Data name="IMEI"><value></value></Data><Data name="SPEED"><value>34 km/h</value></Data><Data name="HEIGHT"><value>-1m</value></Data><Data name="ALTITUDE"><value>-1m</value></Data><Data name="LOCATION"><value>G</value></Data><Data name="ACCURACY"><value>3m</value></Data><Data name="DISTANCE"><value>-1m</value></Data><Data name="SITE BEARING"><value>1000deg</value></Data><Data name="ANTENNA BEARING"><value>1000deg</value></Data><Data name="CELLHEX"><value>12</value></Data><Data name="NODEHEX"><value>0</value></Data><Data name="LACHEX"><value>1</value></Data><Data name="RAWCELLID"><value>18</value></Data><Data name="TIME"><value>2026.08.18_16.54.38</value></Data><Data name="NEI1"><value>TECH:5G CELLID:18 LAC:1 CELL:2 ARFCN:644640 LEVEL:-99 QUAL:-11 </value></Data><Data name="NEI2"><value>TECH:5G CELLID:18 LAC:1 CELL:2 ARFCN:644640 LEVEL:-105 QUAL:-11 </value></Data><Data name="NEI3"><value></value></Data><Data name="NEI4"><value></value></Data><Data name="NEI5"><value></value></Data><Data name="NEI6"><value></value></Data></ExtendedData><Style><LabelStyle><scale>0.0</scale> </LabelStyle><IconStyle><color>FFFF00FF</color><scale>0.5</scale><Icon><href>http://maps.google.com/mapfiles/kml/shapes/shaded_dot.png</href></Icon></IconStyle></Style><Point><coordinates>-75.75772435,39.6660784,0</coordinates></Point></Placemark><Placemark><name>5G</name><ExtendedData><Data name="CGI"><value>3150100000100018</value></Data><Data name="CELLNAME"><value></value></Data><Data name="CELLID"><value>18</value></Data><Data name="RNC"><value>0</value></Data><Data name="TAC"><value>1</value></Data><Data name="TECHNOLOGY"><value>5G NSA</value></Data><Data name="MODE"><value>5G</value></Data><Data name="ARFCN"><value>644640</value></Data><Data name="BAND"><value>N48</value></Data><Data name="BANDWIDTH"><value></value></Data><Data name="CA"><value>false</value></Data><Data name="NR state"><value></value></Data><Data name="RSRP"><value>-105 dBm</value></Data><Data name="RSRQ"><value>-11</value></Data><Data name="LAYER"><value>1</value></Data><Data name="PC"><value>2</value></Data><Data name="DL_BITRATE"><value>0 kbps</value></Data><Data name="UL_BITRATE"><value>0 kbps</value></Data><Data name="IP"><value>10.120.121.24</value></Data><Data name="SNR"><value>13.0</value></Data><Data name="PHONE STATE"><value>I</value></Data><Data name="IMEI"><value></value></Data><Data name="SPEED"><value>35 km/h</value></Data><Data name="HEIGHT"><value>-1m</value></Data><Data name="ALTITUDE"><value>-1m</value></Data><Data name="LOCATION"><value>G</value></Data><Data name="ACCURACY"><value>3m</value></Data><Data name="DISTANCE"><value>-1m</value></Data><Data name="SITE BEARING"><value>1000deg</value></Data><Data name="ANTENNA BEARING"><value>1000deg</value></Data><Data name="CELLHEX"><value>12</value></Data><Data name="NODEHEX"><value>0</value></Data><Data name="LACHEX"><value>1</value></Data><Data name="RAWCELLID"><value>18</value></Data><Data name="TIME"><value>2026.08.18_16.54.39</value></Data><Data name="NEI1"><value>TECH:5G CELLID:18 LAC:1 CELL:2 ARFCN:644640 LEVEL:-99 QUAL:-11 </value></Data><Data name="NEI2"><value>TECH:5G CELLID:18 LAC:1 CELL:2 ARFCN:644640 LEVEL:-105 QUAL:-11 </value></Data><Data name="NEI3"><value></value></Data><Data name="NEI4"><value></value></Data><Data name="NEI5"><value></value></Data><Data name="NEI6"><value></value></Data></ExtendedData><Style><LabelStyle><scale>0.0</scale> </LabelStyle><IconStyle><color>FFFF00FF</color><scale>0.5</scale><Icon><href>http://maps.google.com/mapfiles/kml/shapes/shaded_dot.png</href></Icon></IconStyle></Style><Point><coordinates>-75.75762413,39.66612665,0</coordinates></Point></Placemark><Placemark><name>5G</name><ExtendedData><Data name="CGI"><value>3150100000100018</value></Data><Data name="CELLNAME"><value></value></Data><Data name="CELLID"><value>18</value></Data><Data name="RNC"><value>0</value></Data><Data name="TAC"><value>1</value></Data><Data name="TECHNOLOGY"><value>5G NSA</value></Data><Data name="MODE"><value>5G</value></Data><Data name="ARFCN"><value>644640</value></Data><Data name="BAND"><value>N48</value></Data><Data name="BANDWIDTH"><value></value></Data><Data name="CA"><value>false</value></Data><Data name="NR state"><value></value></Data><Data name="RSRP"><value>-105 dBm</value></Data><Data name="RSRQ"><value>-11</value></Data><Data name="LAYER"><value>1</value></Data><Data name="PC"><value>2</value></Data><Data name="DL_BITRATE"><value>0 kbps</value></Data><Data name="UL_BITRATE"><value>0 kbps</value></Data><Data name="IP"><value>10.120.121.24</value></Data><Data name="SNR"><value>13.0</value></Data><Data name="PHONE STATE"><value>I</value></Data><Data name="IMEI"><value></value></Data><Data name="SPEED"><value>37 km/h</value></Data><Data name="HEIGHT"><value>-1m</value></Data><Data name="ALTITUDE"><value>-1m</value></Data><Data name="LOCATION"><value>G</value></Data><Data name="ACCURACY"><value>3m</value></Data><Data name="DISTANCE"><value>-1m</value></Data><Data name="SITE BEARING"><value>1000deg</value></Data><Data name="ANTENNA BEARING"><value>1000deg</value></Data><Data name="CELLHEX"><value>12</value></Data><Data name="NODEHEX"><value>0</value></Data><Data name="LACHEX"><value>1</value></Data><Data name="RAWCELLID"><value>18</value></Data><Data name="TIME"><value>2026.08.18_16.54.40</value></Data><Data name="NEI1"><value>TECH:5G CELLID:18 LAC:1 CELL:2 ARFCN:644640 LEVEL:-96 QUAL:-11 </value></Data><Data name="NEI2"><value>TECH:5G CELLID:18 LAC:1 CELL:2 ARFCN:644640 LEVEL:-105 QUAL:-11 </value></Data><Data name="NEI3"><value></value></Data><Data name="NEI4"><value></value></Data><Data name="NEI5"><value></value></Data><Data name="NEI6"><value></value></Data></ExtendedData><Style><LabelStyle><scale>0.0</scale> </LabelStyle><IconStyle><color>FFFF00FF</color><scale>0.5</scale><Icon><href>http://maps.google.com/mapfiles/kml/shapes/shaded_dot.png</href></Icon></IconStyle></Style><Point><coordinates>-75.75751708,39.66617288,0</coordinates></Point></Placemark><Placemark><name>5G</name><ExtendedData><Data name="CGI"><value>3150100000100018</value></Data><Data name="CELLNAME"><value></value></Data><Data name="CELLID"><value>18</value></Data><Data name="RNC"><value>0</value></Data><Data name="TAC"><value>1</value></Data><Data name="TECHNOLOGY"><value>5G NSA</value></Data><Data name="MODE"><value>5G</value></Data><Data name="ARFCN"><value>644640</value></Data><Data name="BAND"><value>N48</value></Data><Data name="BANDWIDTH"><value></value></Data><Data name="CA"><value>false</value></Data><Data name="NR state"><value></value></Data><Data name="RSRP"><value>-105 dBm</value></Data><Data name="RSRQ"><value>-11</value></Data><Data name="LAYER"><value>1</value></Data><Data name="PC"><value>2</value></Data><Data name="DL_BITRATE"><value>0 kbps</value></Data><Data name="UL_BITRATE"><value>0 kbps</value></Data><Data name="IP"><value>10.120.121.24</value></Data><Data name="SNR"><value>13.0</value></Data><Data name="PHONE STATE"><value>I</value></Data><Data name="IMEI"><value></value></Data><Data name="SPEED"><value>39 km/h</value></Data><Data name="HEIGHT"><value>-1m</value></Data><Data name="ALTITUDE"><value>-1m</value></Data><Data name="LOCATION"><value>G</value></Data><Data name="ACCURACY"><value>3m</value></Data><Data name="DISTANCE"><value>-1m</value></Data><Data name="SITE BEARING"><value>1000deg</value></Data><Data name="ANTENNA BEARING"><value>1000deg</value></Data><Data name="CELLHEX"><value>12</value></Data><Data name="NODEHEX"><value>0</value></Data><Data name="LACHEX"><value>1</value></Data><Data name="RAWCELLID"><value>18</value></Data><Data name="TIME"><value>2026.08.18_16.54.41</value></Data><Data name="NEI1"><value>TECH:5G CELLID:18 LAC:1 CELL:2 ARFCN:644640 LEVEL:-96 QUAL:-11 </value></Data><Data name="NEI2"><value>TECH:5G CELLID:18 LAC:1 CELL:2 ARFCN:644640 LEVEL:-105 QUAL:-11 </value></Data><Data name="NEI3"><value></value></Data><Data name="NEI4"><value></value></Data><Data name="NEI5"><value></value></Data><Data name="NEI6"><value></value></Data></ExtendedData><Style><LabelStyle><scale>0.0</scale> </LabelStyle><IconStyle><color>FFFF00FF</color><scale>0.5</scale><Icon><href>http://maps.google.com/mapfiles/kml/shapes/shaded_dot.png</href></Icon></IconStyle></Style><Point><coordinates>-75.75740316,39.66621646,0</coordinates></Point></Placemark><Placemark><name>5G</name><ExtendedData><Data name="CGI"><value>3150100000100018</value></Data><Data name="CELLNAME"><value></value></Data><Data name="CELLID"><value>18</value></Data><Data name="RNC"><value>0</value></Data><Data name="TAC"><value>1</value></Data><Data name="TECHNOLOGY"><value>5G NSA</value></Data><Data name="MODE"><value>5G</value></Data><Data name="ARFCN"><value>644640</value></Data><Data name="BAND"><value>N48</value></Data><Data name="BANDWIDTH"><value></value></Data><Data name="CA"><value>false</value></Data><Data name="NR state"><value></value></Data><Data name="RSRP"><value>-105 dBm</value></Data><Data name="RSRQ"><value>-11</value></Data><Data name="LAYER"><value>1</value></Data><Data name="PC"><value>2</value></Data><Data name="DL_BITRATE"><value>0 kbps</value></Data><Data name="UL_BITRATE"><value>0 kbps</value></Data><Data name="IP"><value>10.120.121.24</value></Data><Data name="SNR"><value>13.0</value></Data><Data name="PHONE STATE"><value>I</value></Data><Data name="IMEI"><value></value></Data><Data name="SPEED"><value>39 km/h</value></Data><Data name="HEIGHT"><value>-1m</value></Data><Data name="ALTITUDE"><value>-1m</value></Data><Data name="LOCATION"><value>G</value></Data><Data name="ACCURACY"><value>3m</value></Data><Data name="DISTANCE"><value>-1m</value></Data><Data name="SITE BEARING"><value>1000deg</value></Data><Data name="ANTENNA BEARING"><value>1000deg</value></Data><Data name="CELLHEX"><value>12</value></Data><Data name="NODEHEX"><value>0</value></Data><Data name="LACHEX"><value>1</value></Data><Data name="RAWCELLID"><value>18</value></Data><Data name="TIME"><value>2026.08.18_16.54.42</value></Data><Data name="NEI1"><value>TECH:5G CELLID:18 LAC:1 CELL:2 ARFCN:644640 LEVEL:-99 QUAL:-11 </value></Data><Data name="NEI2"><value>TECH:5G CELLID:18 LAC:1 CELL:2 ARFCN:644640 LEVEL:-105 QUAL:-11 </value></Data><Data name="NEI3"><value></value></Data><Data name="NEI4"><value></value></Data><Data name="NEI5"><value></value></Data><Data name="NEI6"><value></value></Data></ExtendedData><Style><LabelStyle><scale>0.0</scale> </LabelStyle><IconStyle><color>FFFF00FF</color><scale>0.5</scale><Icon><href>http://maps.google.com/mapfiles/kml/shapes/shaded_dot.png</href></Icon></IconStyle></Style><Point><coordinates>-75.75728991,39.66626468,0</coordinates></Point></Placemark><Placemark><name>5G</name><ExtendedData><Data name="CGI"><value>3150100000100018</value></Data><Data name="CELLNAME"><value></value></Data><Data name="CELLID"><value>18</value></Data><Data name="RNC"><value>0</value></Data><Data name="TAC"><value>1</value></Data><Data name="TECHNOLOGY"><value>5G NSA</value></Data><Data name="MODE"><value>5G</value></Data><Data name="ARFCN"><value>644640</value></Data><Data name="BAND"><value>N48</value></Data><Data name="BANDWIDTH"><value></value></Data><Data name="CA"><value>false</value></Data><Data name="NR state"><value></value></Data><Data name="RSRP"><value>-105 dBm</value></Data><Data name="RSRQ"><value>-11</value></Data><Data name="LAYER"><value>1</value></Data><Data name="PC"><value>2</value></Data><Data name="DL_BITRATE"><value>0 kbps</value></Data><Data name="UL_BITRATE"><value>0 kbps</value></Data><Data name="IP"><value>10.120.121.24</value></Data><Data name="SNR"><value>13.0</value></Data><Data name="PHONE STATE"><value>I</value></Data><Data name="IMEI"><value></value></Data><Data name="SPEED"><value>40 km/h</value></Data><Data name="HEIGHT"><value>-2m</value></Data><Data name="ALTITUDE"><value>-2m</value></Data><Data name="LOCATION"><value>G</value></Data><Data name="ACCURACY"><value>3m</value></Data><Data name="DISTANCE"><value>-1m</value></Data><Data name="SITE BEARING"><value>1000deg</value></Data><Data name="ANTENNA BEARING"><value>1000deg</value></Data><Data name="CELLHEX"><value>12</value></Data><Data name="NODEHEX"><value>0</value></Data><Data name="LACHEX"><value>1</value></Data><Data name="RAWCELLID"><value>18</value></Data><Data name="TIME"><value>2026.08.18_16.54.43</value></Data><Data name="NEI1"><value>TECH:5G CELLID:18 LAC:1 CELL:2 ARFCN:644640 LEVEL:-99 QUAL:-11 </value></Data><Data name="NEI2"><value>TECH:5G CELLID:18 LAC:1 CELL:2 ARFCN:644640 LEVEL:-105 QUAL:-11 </value></Data><Data name="NEI3"><value></value></Data><Data name="NEI4"><value></value></Data><Data name="NEI5"><value></value></Data><Data name="NEI6"><value></value></Data></ExtendedData><Style><LabelStyle><scale>0.0</scale> </LabelStyle><IconStyle><color>FFFF00FF</color><scale>0.5</scale><Icon><href>http://maps.google.com/mapfiles/kml/shapes/shaded_dot.png</href></Icon></IconStyle></Style><Point><coordinates>-75.75717403,39.66631002,0</coordinates></Point></Placemark><Placemark><name>5G</name><ExtendedData><Data name="CGI"><value>3150100000100018</value></Data><Data name="CELLNAME"><value></value></Data><Data name="CELLID"><value>18</value></Data><Data name="RNC"><value>0</value></Data><Data name="TAC"><value>1</value></Data><Data name="TECHNOLOGY"><value>5G NSA</value></Data><Data name="MODE"><value>5G</value></Data><Data name="ARFCN"><value>644640</value></Data><Data name="BAND"><value>N48</value></Data><Data name="BANDWIDTH"><value></value></Data><Data name="CA"><value>false</value></Data><Data name="NR state"><value></value></Data><Data name="RSRP"><value>-105 dBm</value></Data><Data name="RSRQ"><value>-11</value></Data><Data name="LAYER"><value>1</value></Data><Data name="PC"><value>2</value></Data><Data name="DL_BITRATE"><value>0 kbps</value></Data><Data name="UL_BITRATE"><value>0 kbps</value></Data><Data name="IP"><value>10.120.121.24</value></Data><Data name="SNR"><value>13.0</value></Data><Data name="PHONE STATE"><value>I</value></Data><Data name="IMEI"><value></value></Data><Data name="SPEED"><value>39 km/h</value></Data><Data name="HEIGHT"><value>-2m</value></Data><Data name="ALTITUDE"><value>-2m</value></Data><Data name="LOCATION"><value>G</value></Data><Data name="ACCURACY"><value>3m</value></Data><Data name="DISTANCE"><value>-1m</value></Data><Data name="SITE BEARING"><value>1000deg</value></Data><Data name="ANTENNA BEARING"><value>1000deg</value></Data><Data name="CELLHEX"><value>12</value></Data><Data name="NODEHEX"><value>0</value></Data><Data name="LACHEX"><value>1</value></Data><Data name="RAWCELLID"><value>18</value></Data><Data name="TIME"><value>2026.08.18_16.54.44</value></Data><Data name="NEI1"><value>TECH:5G CELLID:18 LAC:1 CELL:2 ARFCN:644640 LEVEL:-105 QUAL:-11 </value></Data><Data name="NEI2"><value>TECH:5G CELLID:18 LAC:1 CELL:2 ARFCN:644640 LEVEL:-108 QUAL:-11 </value></Data><Data name="NEI3"><value></value></Data><Data name="NEI4"><value></value></Data><Data name="NEI5"><value></value></Data><Data name="NEI6"><value></value></Data></ExtendedData><Style><LabelStyle><scale>0.0</scale> </LabelStyle><IconStyle><color>FFFF00FF</color><scale>0.5</scale><Icon><href>http://maps.google.com/mapfiles/kml/shapes/shaded_dot.png</href></Icon></IconStyle></Style><Point><coordinates>-75.75706104,39.66635915,0</coordinates></Point></Placemark><Placemark><name>5G</name><ExtendedData><Data name="CGI"><value>3150100000100018</value></Data><Data name="CELLNAME"><value></value></Data><Data name="CELLID"><value>18</value></Data><Data name="RNC"><value>0</value></Data><Data name="TAC"><value>1</value></Data><Data name="TECHNOLOGY"><value>5G NSA</value></Data><Data name="MODE"><value>5G</value></Data><Data name="ARFCN"><value>644640</value></Data><Data name="BAND"><value>N48</value></Data><Data name="BANDWIDTH"><value></value></Data><Data name="CA"><value>false</value></Data><Data name="NR state"><value></value></Data><Data name="RSRP"><value>-105 dBm</value></Data><Data name="RSRQ"><value>-11</value></Data><Data name="LAYER"><value>1</value></Data><Data name="PC"><value>2</value></Data><Data name="DL_BITRATE"><value>0 kbps</value></Data><Data name="UL_BITRATE"><value>0 kbps</value></Data><Data name="IP"><value>10.120.121.24</value></Data><Data name="SNR"><value>13.0</value></Data><Data name="PHONE STATE"><value>I</value></Data><Data name="IMEI"><value></value></Data><Data name="SPEED"><value>38 km/h</value></Data><Data name="HEIGHT"><value>-2m</value></Data><Data name="ALTITUDE"><value>-2m</value></Data><Data name="LOCATION"><value>G</value></Data><Data name="ACCURACY"><value>3m</value></Data><Data name="DISTANCE"><value>-1m</value></Data><Data name="SITE BEARING"><value>1000deg</value></Data><Data name="ANTENNA BEARING"><value>1000deg</value></Data><Data name="CELLHEX"><value>12</value></Data><Data name="NODEHEX"><value>0</value></Data><Data name="LACHEX"><value>1</value></Data><Data name="RAWCELLID"><value>18</value></Data><Data name="TIME"><value>2026.08.18_16.54.45</value></Data><Data name="NEI1"><value>TECH:5G CELLID:18 LAC:1 CELL:2 ARFCN:644640 LEVEL:-105 QUAL:-11 </value></Data><Data name="NEI2"><value>TECH:5G CELLID:18 LAC:1 CELL:2 ARFCN:644640 LEVEL:-108 QUAL:-11 </value></Data><Data name="NEI3"><value></value></Data><Data name="NEI4"><value></value></Data><Data name="NEI5"><value></value></Data><Data name="NEI6"><value></value></Data></ExtendedData><Style><LabelStyle><scale>0.0</scale> </LabelStyle><IconStyle><color>FFFF00FF</color><scale>0.5</scale><Icon><href>http://maps.google.com/mapfiles/kml/shapes/shaded_dot.png</href></Icon></IconStyle></Style><Point><coordinates>-75.75695213,39.66640556,0</coordinates></Point></Placemark><Placemark><name>5G</name><ExtendedData><Data name="CGI"><value>3150100000100018</value></Data><Data name="CELLNAME"><value></value></Data><Data name="CELLID"><value>18</value></Data><Data name="RNC"><value>0</value></Data><Data name="TAC"><value>1</value></Data><Data name="TECHNOLOGY"><value>5G NSA</value></Data><Data name="MODE"><value>5G</value></Data><Data name="ARFCN"><value>644640</value></Data><Data name="BAND"><value>N48</value></Data><Data name="BANDWIDTH"><value></value></Data><Data name="CA"><value>false</value></Data><Data name="NR state"><value></value></Data><Data name="RSRP"><value>-105 dBm</value></Data><Data name="RSRQ"><value>-11</value></Data><Data name="LAYER"><value>1</value></Data><Data name="PC"><value>2</value></Data><Data name="DL_BITRATE"><value>0 kbps</value></Data><Data name="UL_BITRATE"><value>0 kbps</value></Data><Data name="IP"><value>10.120.121.24</value></Data><Data name="SNR"><value>13.0</value></Data><Data name="PHONE STATE"><value>I</value></Data><Data name="IMEI"><value></value></Data><Data name="SPEED"><value>36 km/h</value></Data><Data name="HEIGHT"><value>-2m</value></Data><Data name="ALTITUDE"><value>-2m</value></Data><Data name="LOCATION"><value>G</value></Data><Data name="ACCURACY"><value>3m</value></Data><Data name="DISTANCE"><value>-1m</value></Data><Data name="SITE BEARING"><value>1000deg</value></Data><Data name="ANTENNA BEARING"><value>1000deg</value></Data><Data name="CELLHEX"><value>12</value></Data><Data name="NODEHEX"><value>0</value></Data><Data name="LACHEX"><value>1</value></Data><Data name="RAWCELLID"><value>18</value></Data><Data name="TIME"><value>2026.08.18_16.54.46</value></Data><Data name="NEI1"><value>TECH:5G CELLID:18 LAC:1 CELL:2 ARFCN:644640 LEVEL:-105 QUAL:-11 </value></Data><Data name="NEI2"><value>TECH:5G CELLID:18 LAC:1 CELL:2 ARFCN:644640 LEVEL:-108 QUAL:-11 </value></Data><Data name="NEI3"><value></value></Data><Data name="NEI4"><value></value></Data><Data name="NEI5"><value></value></Data><Data name="NEI6"><value></value></Data></ExtendedData><Style><LabelStyle><scale>0.0</scale> </LabelStyle><IconStyle><color>FFFF00FF</color><scale>0.5</scale><Icon><href>http://maps.google.com/mapfiles/kml/shapes/shaded_dot.png</href></Icon></IconStyle></Style><Point><coordinates>-75.75684949,39.66644978,0</coordinates></Point></Placemark><Placemark><name>5G</name><ExtendedData><Data name="CGI"><value>3150100000100018</value></Data><Data name="CELLNAME"><value></value></Data><Data name="CELLID"><value>18</value></Data><Data name="RNC"><value>0</value></Data><Data name="TAC"><value>1</value></Data><Data name="TECHNOLOGY"><value>5G NSA</value></Data><Data name="MODE"><value>5G</value></Data><Data name="ARFCN"><value>644640</value></Data><Data name="BAND"><value>N48</value></Data><Data name="BANDWIDTH"><value></value></Data><Data name="CA"><value>false</value></Data><Data name="NR state"><value></value></Data><Data name="RSRP"><value>-105 dBm</value></Data><Data name="RSRQ"><value>-11</value></Data><Data name="LAYER"><value>1</value></Data><Data name="PC"><value>2</value></Data><Data name="DL_BITRATE"><value>0 kbps</value></Data><Data name="UL_BITRATE"><value>0 kbps</value></Data><Data name="IP"><value>10.120.121.24</value></Data><Data name="SNR"><value>13.0</value></Data><Data name="PHONE STATE"><value>I</value></Data><Data name="IMEI"><value></value></Data><Data name="SPEED"><value>26 km/h</value></Data><Data name="HEIGHT"><value>-2m</value></Data><Data name="ALTITUDE"><value>-2m</value></Data><Data name="LOCATION"><value>G</value></Data><Data name="ACCURACY"><value>3m</value></Data><Data name="DISTANCE"><value>-1m</value></Data><Data name="SITE BEARING"><value>1000deg</value></Data><Data name="ANTENNA BEARING"><value>1000deg</value></Data><Data name="CELLHEX"><value>12</value></Data><Data name="NODEHEX"><value>0</value></Data><Data name="LACHEX"><value>1</value></Data><Data name="RAWCELLID"><value>18</value></Data><Data name="TIME"><value>2026.08.18_16.54.48</value></Data><Data name="NEI1"><value>TECH:5G CELLID:18 LAC:1 CELL:2 ARFCN:644640 LEVEL:-105 QUAL:-11 </value></Data><Data name="NEI2"><value>TECH:5G CELLID:18 LAC:1 CELL:2 ARFCN:644640 LEVEL:-109 QUAL:-11 </value></Data><Data name="NEI3"><value></value></Data><Data name="NEI4"><value></value></Data><Data name="NEI5"><value></value></Data><Data name="NEI6"><value></value></Data></ExtendedData><Style><LabelStyle><scale>0.0</scale> </LabelStyle><IconStyle><color>FFFF00FF</color><scale>0.5</scale><Icon><href>http://maps.google.com/mapfiles/kml/shapes/shaded_dot.png</href></Icon></IconStyle></Style><Point><coordinates>-75.7566799,39.66651315,0</coordinates></Point></Placemark><Placemark><name>5G</name><ExtendedData><Data name="CGI"><value>3150100000100018</value></Data><Data name="CELLNAME"><value></value></Data><Data name="CELLID"><value>18</value></Data><Data name="RNC"><value>0</value></Data><Data name="TAC"><value>1</value></Data><Data name="TECHNOLOGY"><value>5G NSA</value></Data><Data name="MODE"><value>5G</value></Data><Data name="ARFCN"><value>644640</value></Data><Data name="BAND"><value>N48</value></Data><Data name="BANDWIDTH"><value></value></Data><Data name="CA"><value>false</value></Data><Data name="NR state"><value></value></Data><Data name="RSRP"><value>-105 dBm</value></Data><Data name="RSRQ"><value>-11</value></Data><Data name="LAYER"><value>1</value></Data><Data name="PC"><value>2</value></Data><Data name="DL_BITRATE"><value>0 kbps</value></Data><Data name="UL_BITRATE"><value>0 kbps</value></Data><Data name="IP"><value>10.120.121.24</value></Data><Data name="SNR"><value>13.0</value></Data><Data name="PHONE STATE"><value>I</value></Data><Data name="IMEI"><value></value></Data><Data name="SPEED"><value>21 km/h</value></Data><Data name="HEIGHT"><value>-2m</value></Data><Data name="ALTITUDE"><value>-2m</value></Data><Data name="LOCATION"><value>G</value></Data><Data name="ACCURACY"><value>3m</value></Data><Data name="DISTANCE"><value>-1m</value></Data><Data name="SITE BEARING"><value>1000deg</value></Data><Data name="ANTENNA BEARING"><value>1000deg</value></Data><Data name="CELLHEX"><value>12</value></Data><Data name="NODEHEX"><value>0</value></Data><Data name="LACHEX"><value>1</value></Data><Data name="RAWCELLID"><value>18</value></Data><Data name="TIME"><value>2026.08.18_16.54.50</value></Data><Data name="NEI1"><value>TECH:5G CELLID:18 LAC:1 CELL:2 ARFCN:644640 LEVEL:-104 QUAL:-11 </value></Data><Data name="NEI2"><value>TECH:5G CELLID:18 LAC:1 CELL:2 ARFCN:644640 LEVEL:-105 QUAL:-11 </value></Data><Data name="NEI3"><value></value></Data><Data name="NEI4"><value></value></Data><Data name="NEI5"><value></value></Data><Data name="NEI6"><value></value></Data></ExtendedData><Style><LabelStyle><scale>0.0</scale> </LabelStyle><IconStyle><color>FFFF00FF</color><scale>0.5</scale><Icon><href>http://maps.google.com/mapfiles/kml/shapes/shaded_dot.png</href></Icon></IconStyle></Style><Point><coordinates>-75.75658738,39.66659918,0</coordinates></Point></Placemark><Placemark><name>5G</name><ExtendedData><Data name="CGI"><value>3150100000100018</value></Data><Data name="CELLNAME"><value></value></Data><Data name="CELLID"><value>18</value></Data><Data name="RNC"><value>0</value></Data><Data name="TAC"><value>1</value></Data><Data name="TECHNOLOGY"><value>5G NSA</value></Data><Data name="MODE"><value>5G</value></Data><Data name="ARFCN"><value>644640</value></Data><Data name="BAND"><value>N48</value></Data><Data name="BANDWIDTH"><value></value></Data><Data name="CA"><value>false</value></Data><Data name="NR state"><value></value></Data><Data name="RSRP"><value>-105 dBm</value></Data><Data name="RSRQ"><value>-11</value></Data><Data name="LAYER"><value>1</value></Data><Data name="PC"><value>2</value></Data><Data name="DL_BITRATE"><value>0 kbps</value></Data><Data name="UL_BITRATE"><value>0 kbps</value></Data><Data name="IP"><value>10.120.121.24</value></Data><Data name="SNR"><value>13.0</value></Data><Data name="PHONE STATE"><value>I</value></Data><Data name="IMEI"><value></value></Data><Data name="SPEED"><value>21 km/h</value></Data><Data name="HEIGHT"><value>0m</value></Data><Data name="ALTITUDE"><value>0m</value></Data><Data name="LOCATION"><value>G</value></Data><Data name="ACCURACY"><value>3m</value></Data><Data name="DISTANCE"><value>-1m</value></Data><Data name="SITE BEARING"><value>1000deg</value></Data><Data name="ANTENNA BEARING"><value>1000deg</value></Data><Data name="CELLHEX"><value>12</value></Data><Data name="NODEHEX"><value>0</value></Data><Data name="LACHEX"><value>1</value></Data><Data name="RAWCELLID"><value>18</value></Data><Data name="TIME"><value>2026.08.18_16.54.52</value></Data><Data name="NEI1"><value>TECH:5G CELLID:18 LAC:1 CELL:2 ARFCN:644640 LEVEL:-104 QUAL:-11 </value></Data><Data name="NEI2"><value>TECH:5G CELLID:18 LAC:1 CELL:2 ARFCN:644640 LEVEL:-105 QUAL:-11 </value></Data><Data name="NEI3"><value></value></Data><Data name="NEI4"><value></value></Data><Data name="NEI5"><value></value></Data><Data name="NEI6"><value></value></Data></ExtendedData><Style><LabelStyle><scale>0.0</scale> </LabelStyle><IconStyle><color>FFFF00FF</color><scale>0.5</scale><Icon><href>http://maps.google.com/mapfiles/kml/shapes/shaded_dot.png</href></Icon></IconStyle></Style><Point><coordinates>-75.75654258,39.66670698,0</coordinates></Point></Placemark><Placemark><name>5G</name><ExtendedData><Data name="CGI"><value>3150100000100018</value></Data><Data name="CELLNAME"><value></value></Data><Data name="CELLID"><value>18</value></Data><Data name="RNC"><value>0</value></Data><Data name="TAC"><value>1</value></Data><Data name="TECHNOLOGY"><value>5G NSA</value></Data><Data name="MODE"><value>5G</value></Data><Data name="ARFCN"><value>644640</value></Data><Data name="BAND"><value>N48</value></Data><Data name="BANDWIDTH"><value></value></Data><Data name="CA"><value>false</value></Data><Data name="NR state"><value></value></Data><Data name="RSRP"><value>-105 dBm</value></Data><Data name="RSRQ"><value>-11</value></Data><Data name="LAYER"><value>1</value></Data><Data name="PC"><value>2</value></Data><Data name="DL_BITRATE"><value>0 kbps</value></Data><Data name="UL_BITRATE"><value>0 kbps</value></Data><Data name="IP"><value>10.120.121.24</value></Data><Data name="SNR"><value>13.0</value></Data><Data name="PHONE STATE"><value>I</value></Data><Data name="IMEI"><value></value></Data><Data name="SPEED"><value>24 km/h</value></Data><Data name="HEIGHT"><value>0m</value></Data><Data name="ALTITUDE"><value>0m</value></Data><Data name="LOCATION"><value>G</value></Data><Data name="ACCURACY"><value>3m</value></Data><Data name="DISTANCE"><value>-1m</value></Data><Data name="SITE BEARING"><value>1000deg</value></Data><Data name="ANTENNA BEARING"><value>1000deg</value></Data><Data name="CELLHEX"><value>12</value></Data><Data name="NODEHEX"><value>0</value></Data><Data name="LACHEX"><value>1</value></Data><Data name="RAWCELLID"><value>18</value></Data><Data name="TIME"><value>2026.08.18_16.54.54</value></Data><Data name="NEI1"><value>TECH:5G CELLID:18 LAC:1 CELL:2 ARFCN:644640 LEVEL:-104 QUAL:-11 </value></Data><Data name="NEI2"><value>TECH:5G CELLID:18 LAC:1 CELL:2 ARFCN:644640 LEVEL:-105 QUAL:-11 </value></Data><Data name="NEI3"><value></value></Data><Data name="NEI4"><value></value></Data><Data name="NEI5"><value></value></Data><Data name="NEI6"><value></value></Data></ExtendedData><Style><LabelStyle><scale>0.0</scale> </LabelStyle><IconStyle><color>FFFF00FF</color><scale>0.5</scale><Icon><href>http://maps.google.com/mapfiles/kml/shapes/shaded_dot.png</href></Icon></IconStyle></Style><Point><coordinates>-75.75654785,39.66682119,0</coordinates></Point></Placemark><Placemark><name>5G</name><ExtendedData><Data name="CGI"><value>3150100000100018</value></Data><Data name="CELLNAME"><value></value></Data><Data name="CELLID"><value>18</value></Data><Data name="RNC"><value>0</value></Data><Data name="TAC"><value>1</value></Data><Data name="TECHNOLOGY"><value>5G NSA</value></Data><Data name="MODE"><value>5G</value></Data><Data name="ARFCN"><value>644640</value></Data><Data name="BAND"><value>N48</value></Data><Data name="BANDWIDTH"><value></value></Data><Data name="CA"><value>false</value></Data><Data name="NR state"><value></value></Data><Data name="RSRP"><value>-105 dBm</value></Data><Data name="RSRQ"><value>-11</value></Data><Data name="LAYER"><value>1</value></Data><Data name="PC"><value>2</value></Data><Data name="DL_BITRATE"><value>0 kbps</value></Data><Data name="UL_BITRATE"><value>0 kbps</value></Data><Data name="IP"><value>10.120.121.24</value></Data><Data name="SNR"><value>13.0</value></Data><Data name="PHONE STATE"><value>I</value></Data><Data name="IMEI"><value></value></Data><Data name="SPEED"><value>23 km/h</value></Data><Data name="HEIGHT"><value>0m</value></Data><Data name="ALTITUDE"><value>0m</value></Data><Data name="LOCATION"><value>G</value></Data><Data name="ACCURACY"><value>3m</value></Data><Data name="DISTANCE"><value>-1m</value></Data><Data name="SITE BEARING"><value>1000deg</value></Data><Data name="ANTENNA BEARING"><value>1000deg</value></Data><Data name="CELLHEX"><value>12</value></Data><Data name="NODEHEX"><value>0</value></Data><Data name="LACHEX"><value>1</value></Data><Data name="RAWCELLID"><value>18</value></Data><Data name="TIME"><value>2026.08.18_16.54.56</value></Data><Data name="NEI1"><value>TECH:5G CELLID:18 LAC:1 CELL:2 ARFCN:644640 LEVEL:-105 QUAL:-11 </value></Data><Data name="NEI2"><value>TECH:5G CELLID:18 LAC:1 CELL:2 ARFCN:644640 LEVEL:-110 QUAL:-11 </value></Data><Data name="NEI3"><value></value></Data><Data name="NEI4"><value></value></Data><Data name="NEI5"><value></value></Data><Data name="NEI6"><value></value></Data></ExtendedData><Style><LabelStyle><scale>0.0</scale> </LabelStyle><IconStyle><color>FFFF00FF</color><scale>0.5</scale><Icon><href>http://maps.google.com/mapfiles/kml/shapes/shaded_dot.png</href></Icon></IconStyle></Style><Point><coordinates>-75.75656417,39.66692589,0</coordinates></Point></Placemark><Placemark><name>5G</name><ExtendedData><Data name="CGI"><value>3150100000100018</value></Data><Data name="CELLNAME"><value></value></Data><Data name="CELLID"><value>18</value></Data><Data name="RNC"><value>0</value></Data><Data name="TAC"><value>1</value></Data><Data name="TECHNOLOGY"><value>5G NSA</value></Data><Data name="MODE"><value>5G</value></Data><Data name="ARFCN"><value>644640</value></Data><Data name="BAND"><value>N48</value></Data><Data name="BANDWIDTH"><value></value></Data><Data name="CA"><value>false</value></Data><Data name="NR state"><value></value></Data><Data name="RSRP"><value>-105 dBm</value></Data><Data name="RSRQ"><value>-11</value></Data><Data name="LAYER"><value>1</value></Data><Data name="PC"><value>2</value></Data><Data name="DL_BITRATE"><value>0 kbps</value></Data><Data name="UL_BITRATE"><value>0 kbps</value></Data><Data name="IP"><value>10.120.121.24</value></Data><Data name="SNR"><value>13.0</value></Data><Data name="PHONE STATE"><value>I</value></Data><Data name="IMEI"><value></value></Data><Data name="SPEED"><value>19 km/h</value></Data><Data name="HEIGHT"><value>1m</value></Data><Data name="ALTITUDE"><value>1m</value></Data><Data name="LOCATION"><value>G</value></Data><Data name="ACCURACY"><value>3m</value></Data><Data name="DISTANCE"><value>-1m</value></Data><Data name="SITE BEARING"><value>1000deg</value></Data><Data name="ANTENNA BEARING"><value>1000deg</value></Data><Data name="CELLHEX"><value>12</value></Data><Data name="NODEHEX"><value>0</value></Data><Data name="LACHEX"><value>1</value></Data><Data name="RAWCELLID"><value>18</value></Data><Data name="TIME"><value>2026.08.18_16.54.58</value></Data><Data name="NEI1"><value>TECH:5G CELLID:18 LAC:1 CELL:2 ARFCN:644640 LEVEL:-105 QUAL:-11 </value></Data><Data name="NEI2"><value>TECH:5G CELLID:18 LAC:1 CELL:2 ARFCN:644640 LEVEL:-110 QUAL:-12 </value></Data><Data name="NEI3"><value></value></Data><Data name="NEI4"><value></value></Data><Data name="NEI5"><value></value></Data><Data name="NEI6"><value></value></Data></ExtendedData><Style><LabelStyle><scale>0.0</scale> </LabelStyle><IconStyle><color>FFFF00FF</color><scale>0.5</scale><Icon><href>http://maps.google.com/mapfiles/kml/shapes/shaded_dot.png</href></Icon></IconStyle></Style><Point><coordinates>-75.7566083,39.66701889,0</coordinates></Point></Placemark><Placemark><name>5G</name><ExtendedData><Data name="CGI"><value>3150100000100018</value></Data><Data name="CELLNAME"><value></value></Data><Data name="CELLID"><value>18</value></Data><Data name="RNC"><value>0</value></Data><Data name="TAC"><value>1</value></Data><Data name="TECHNOLOGY"><value>5G NSA</value></Data><Data name="MODE"><value>5G</value></Data><Data name="ARFCN"><value>644640</value></Data><Data name="BAND"><value>N48</value></Data><Data name="BANDWIDTH"><value></value></Data><Data name="CA"><value>false</value></Data><Data name="NR state"><value></value></Data><Data name="RSRP"><value>-105 dBm</value></Data><Data name="RSRQ"><value>-11</value></Data><Data name="LAYER"><value>1</value></Data><Data name="PC"><value>2</value></Data><Data name="DL_BITRATE"><value>0 kbps</value></Data><Data name="UL_BITRATE"><value>0 kbps</value></Data><Data name="IP"><value>10.120.121.24</value></Data><Data name="SNR"><value>13.0</value></Data><Data name="PHONE STATE"><value>I</value></Data><Data name="IMEI"><value></value></Data><Data name="SPEED"><value>19 km/h</value></Data><Data name="HEIGHT"><value>1m</value></Data><Data name="ALTITUDE"><value>1m</value></Data><Data name="LOCATION"><value>G</value></Data><Data name="ACCURACY"><value>3m</value></Data><Data name="DISTANCE"><value>-1m</value></Data><Data name="SITE BEARING"><value>1000deg</value></Data><Data name="ANTENNA BEARING"><value>1000deg</value></Data><Data name="CELLHEX"><value>12</value></Data><Data name="NODEHEX"><value>0</value></Data><Data name="LACHEX"><value>1</value></Data><Data name="RAWCELLID"><value>18</value></Data><Data name="TIME"><value>2026.08.18_16.55.00</value></Data><Data name="NEI1"><value>TECH:5G CELLID:18 LAC:1 CELL:2 ARFCN:644640 LEVEL:-105 QUAL:-11 </value></Data><Data name="NEI2"><value>TECH:5G CELLID:18 LAC:1 CELL:2 ARFCN:644640 LEVEL:-109 QUAL:-11 </value></Data><Data name="NEI3"><value></value></Data><Data name="NEI4"><value></value></Data><Data name="NEI5"><value></value></Data><Data name="NEI6"><value></value></Data></ExtendedData><Style><LabelStyle><scale>0.0</scale> </LabelStyle><IconStyle><color>FFFF00FF</color><scale>0.5</scale><Icon><href>http://maps.google.com/mapfiles/kml/shapes/shaded_dot.png</href></Icon></IconStyle></Style><Point><coordinates>-75.75672055,39.66706421,0</coordinates></Point></Placemark><Placemark><name>5G</name><ExtendedData><Data name="CGI"><value>3150100000100018</value></Data><Data name="CELLNAME"><value></value></Data><Data name="CELLID"><value>18</value></Data><Data name="RNC"><value>0</value></Data><Data name="TAC"><value>1</value></Data><Data name="TECHNOLOGY"><value>5G NSA</value></Data><Data name="MODE"><value>5G</value></Data><Data name="ARFCN"><value>644640</value></Data><Data name="BAND"><value>N48</value></Data><Data name="BANDWIDTH"><value></value></Data><Data name="CA"><value>false</value></Data><Data name="NR state"><value></value></Data><Data name="RSRP"><value>-105 dBm</value></Data><Data name="RSRQ"><value>-11</value></Data><Data name="LAYER"><value>1</value></Data><Data name="PC"><value>2</value></Data><Data name="DL_BITRATE"><value>0 kbps</value></Data><Data name="UL_BITRATE"><value>0 kbps</value></Data><Data name="IP"><value>10.120.121.24</value></Data><Data name="SNR"><value>13.0</value></Data><Data name="PHONE STATE"><value>I</value></Data><Data name="IMEI"><value></value></Data><Data name="SPEED"><value>22 km/h</value></Data><Data name="HEIGHT"><value>1m</value></Data><Data name="ALTITUDE"><value>1m</value></Data><Data name="LOCATION"><value>G</value></Data><Data name="ACCURACY"><value>3m</value></Data><Data name="DISTANCE"><value>-1m</value></Data><Data name="SITE BEARING"><value>1000deg</value></Data><Data name="ANTENNA BEARING"><value>1000deg</value></Data><Data name="CELLHEX"><value>12</value></Data><Data name="NODEHEX"><value>0</value></Data><Data name="LACHEX"><value>1</value></Data><Data name="RAWCELLID"><value>18</value></Data><Data name="TIME"><value>2026.08.18_16.55.02</value></Data><Data name="NEI1"><value>TECH:5G CELLID:18 LAC:1 CELL:2 ARFCN:644640 LEVEL:-105 QUAL:-11 </value></Data><Data name="NEI2"><value>TECH:5G CELLID:18 LAC:1 CELL:2 ARFCN:644640 LEVEL:-109 QUAL:-12 </value></Data><Data name="NEI3"><value></value></Data><Data name="NEI4"><value></value></Data><Data name="NEI5"><value></value></Data><Data name="NEI6"><value></value></Data></ExtendedData><Style><LabelStyle><scale>0.0</scale> </LabelStyle><IconStyle><color>FFFF00FF</color><scale>0.5</scale><Icon><href>http://maps.google.com/mapfiles/kml/shapes/shaded_dot.png</href></Icon></IconStyle></Style><Point><coordinates>-75.75685869,39.66703681,0</coordinates></Point></Placemark><Placemark><name>5G</name><ExtendedData><Data name="CGI"><value>3150100000100018</value></Data><Data name="CELLNAME"><value></value></Data><Data name="CELLID"><value>18</value></Data><Data name="RNC"><value>0</value></Data><Data name="TAC"><value>1</value></Data><Data name="TECHNOLOGY"><value>5G NSA</value></Data><Data name="MODE"><value>5G</value></Data><Data name="ARFCN"><value>644640</value></Data><Data name="BAND"><value>N48</value></Data><Data name="BANDWIDTH"><value></value></Data><Data name="CA"><value>false</value></Data><Data name="NR state"><value></value></Data><Data name="RSRP"><value>-105 dBm</value></Data><Data name="RSRQ"><value>-11</value></Data><Data name="LAYER"><value>1</value></Data><Data name="PC"><value>2</value></Data><Data name="DL_BITRATE"><value>0 kbps</value></Data><Data name="UL_BITRATE"><value>0 kbps</value></Data><Data name="IP"><value>10.120.121.24</value></Data><Data name="SNR"><value>13.0</value></Data><Data name="PHONE STATE"><value>I</value></Data><Data name="IMEI"><value></value></Data><Data name="SPEED"><value>24 km/h</value></Data><Data name="HEIGHT"><value>1m</value></Data><Data name="ALTITUDE"><value>1m</value></Data><Data name="LOCATION"><value>G</value></Data><Data name="ACCURACY"><value>3m</value></Data><Data name="DISTANCE"><value>-1m</value></Data><Data name="SITE BEARING"><value>1000deg</value></Data><Data name="ANTENNA BEARING"><value>1000deg</value></Data><Data name="CELLHEX"><value>12</value></Data><Data name="NODEHEX"><value>0</value></Data><Data name="LACHEX"><value>1</value></Data><Data name="RAWCELLID"><value>18</value></Data><Data name="TIME"><value>2026.08.18_16.55.04</value></Data><Data name="NEI1"><value>TECH:5G CELLID:18 LAC:1 CELL:2 ARFCN:644640 LEVEL:-105 QUAL:-11 </value></Data><Data name="NEI2"><value>TECH:5G CELLID:18 LAC:1 CELL:2 ARFCN:644640 LEVEL:-109 QUAL:-12 </value></Data><Data name="NEI3"><value></value></Data><Data name="NEI4"><value></value></Data><Data name="NEI5"><value></value></Data><Data name="NEI6"><value></value></Data></ExtendedData><Style><LabelStyle><scale>0.0</scale> </LabelStyle><IconStyle><color>FFFF00FF</color><scale>0.5</scale><Icon><href>http://maps.google.com/mapfiles/kml/shapes/shaded_dot.png</href></Icon></IconStyle></Style><Point><coordinates>-75.75699996,39.66698095,0</coordinates></Point></Placemark><Placemark><name>5G</name><ExtendedData><Data name="CGI"><value>3150100000100018</value></Data><Data name="CELLNAME"><value></value></Data><Data name="CELLID"><value>18</value></Data><Data name="RNC"><value>0</value></Data><Data name="TAC"><value>1</value></Data><Data name="TECHNOLOGY"><value>5G NSA</value></Data><Data name="MODE"><value>5G</value></Data><Data name="ARFCN"><value>644640</value></Data><Data name="BAND"><value>N48</value></Data><Data name="BANDWIDTH"><value></value></Data><Data name="CA"><value>false</value></Data><Data name="NR state"><value></value></Data><Data name="RSRP"><value>-105 dBm</value></Data><Data name="RSRQ"><value>-11</value></Data><Data name="LAYER"><value>1</value></Data><Data name="PC"><value>2</value></Data><Data name="DL_BITRATE"><value>0 kbps</value></Data><Data name="UL_BITRATE"><value>0 kbps</value></Data><Data name="IP"><value>10.120.121.24</value></Data><Data name="SNR"><value>13.0</value></Data><Data name="PHONE STATE"><value>I</value></Data><Data name="IMEI"><value></value></Data><Data name="SPEED"><value>16 km/h</value></Data><Data name="HEIGHT"><value>1m</value></Data><Data name="ALTITUDE"><value>1m</value></Data><Data name="LOCATION"><value>G</value></Data><Data name="ACCURACY"><value>3m</value></Data><Data name="DISTANCE"><value>-1m</value></Data><Data name="SITE BEARING"><value>1000deg</value></Data><Data name="ANTENNA BEARING"><value>1000deg</value></Data><Data name="CELLHEX"><value>12</value></Data><Data name="NODEHEX"><value>0</value></Data><Data name="LACHEX"><value>1</value></Data><Data name="RAWCELLID"><value>18</value></Data><Data name="TIME"><value>2026.08.18_16.55.06</value></Data><Data name="NEI1"><value>TECH:5G CELLID:18 LAC:1 CELL:2 ARFCN:644640 LEVEL:-105 QUAL:-11 </value></Data><Data name="NEI2"><value>TECH:5G CELLID:18 LAC:1 CELL:2 ARFCN:644640 LEVEL:-110 QUAL:-12 </value></Data><Data name="NEI3"><value></value></Data><Data name="NEI4"><value></value></Data><Data name="NEI5"><value></value></Data><Data name="NEI6"><value></value></Data></ExtendedData><Style><LabelStyle><scale>0.0</scale> </LabelStyle><IconStyle><color>FFFF00FF</color><scale>0.5</scale><Icon><href>http://maps.google.com/mapfiles/kml/shapes/shaded_dot.png</href></Icon></IconStyle></Style><Point><coordinates>-75.75710436,39.66693006,0</coordinates></Point></Placemark><Placemark><name>5G</name><ExtendedData><Data name="CGI"><value>3150100000100018</value></Data><Data name="CELLNAME"><value></value></Data><Data name="CELLID"><value>18</value></Data><Data name="RNC"><value>0</value></Data><Data name="TAC"><value>1</value></Data><Data name="TECHNOLOGY"><value>5G NSA</value></Data><Data name="MODE"><value>5G</value></Data><Data name="ARFCN"><value>644640</value></Data><Data name="BAND"><value>N48</value></Data><Data name="BANDWIDTH"><value></value></Data><Data name="CA"><value>false</value></Data><Data name="NR state"><value></value></Data><Data name="RSRP"><value>-105 dBm</value></Data><Data name="RSRQ"><value>-11</value></Data><Data name="LAYER"><value>1</value></Data><Data name="PC"><value>2</value></Data><Data name="DL_BITRATE"><value>0 kbps</value></Data><Data name="UL_BITRATE"><value>0 kbps</value></Data><Data name="IP"><value>10.120.121.24</value></Data><Data name="SNR"><value>13.0</value></Data><Data name="PHONE STATE"><value>I</value></Data><Data name="IMEI"><value></value></Data><Data name="SPEED"><value>11 km/h</value></Data><Data name="HEIGHT"><value>0m</value></Data><Data name="ALTITUDE"><value>0m</value></Data><Data name="LOCATION"><value>G</value></Data><Data name="ACCURACY"><value>3m</value></Data><Data name="DISTANCE"><value>-1m</value></Data><Data name="SITE BEARING"><value>1000deg</value></Data><Data name="ANTENNA BEARING"><value>1000deg</value></Data><Data name="CELLHEX"><value>12</value></Data><Data name="NODEHEX"><value>0</value></Data><Data name="LACHEX"><value>1</value></Data><Data name="RAWCELLID"><value>18</value></Data><Data name="TIME"><value>2026.08.18_16.55.09</value></Data><Data name="NEI1"><value>TECH:5G CELLID:18 LAC:1 CELL:2 ARFCN:644640 LEVEL:-105 QUAL:-11 </value></Data><Data name="NEI2"><value>TECH:5G CELLID:18 LAC:1 CELL:2 ARFCN:644640 LEVEL:-108 QUAL:-11 </value></Data><Data name="NEI3"><value></value></Data><Data name="NEI4"><value></value></Data><Data name="NEI5"><value></value></Data><Data name="NEI6"><value></value></Data></ExtendedData><Style><LabelStyle><scale>0.0</scale> </LabelStyle><IconStyle><color>FFFF00FF</color><scale>0.5</scale><Icon><href>http://maps.google.com/mapfiles/kml/shapes/shaded_dot.png</href></Icon></IconStyle></Style><Point><coordinates>-75.75709573,39.66683958,0</coordinates></Point></Placemark></Folder></kml>