<?xml version="1.0" encoding="UTF-8"?><kml xmlns="http://earth.google.com/kml/2.1"><Folder><Placemark><name>2 km/h</name><ExtendedData><Data name="CGI"><value>3150100000100018</value></Data><Data name="CELLNAME"><value></value></Data><Data name="CELLID"><value>18</value></Data><Data name="RNC"><value>0</value></Data><Data name="TAC"><value>1</value></Data><Data name="TECHNOLOGY"><value>5G SA</value></Data><Data name="MODE"><value>5G</value></Data><Data name="ARFCN"><value>644640</value></Data><Data name="BAND"><value></value></Data><Data name="BANDWIDTH"><value></value></Data><Data name="CA"><value>false</value></Data><Data name="NR state"><value></value></Data><Data name="RSRP"><value>-105 dBm</value></Data><Data name="RSRQ"><value>-11</value></Data><Data name="LAYER"><value>1</value></Data><Data name="PC"><value>2</value></Data><Data name="DL_BITRATE"><value> kbps</value></Data><Data name="UL_BITRATE"><value> kbps</value></Data><Data name="IP"><value></value></Data><Data name="PHONE STATE"><value>I</value></Data><Data name="IMEI"><value></value></Data><Data name="SPEED"><value>2 km/h</value></Data><Data name="HEIGHT"><value>-7m</value></Data><Data name="ALTITUDE"><value>-7m</value></Data><Data name="LOCATION"><value>G</value></Data><Data name="ACCURACY"><value>3m</value></Data><Data name="DISTANCE"><value>-1m</value></Data><Data name="SITE BEARING"><value>1000deg</value></Data><Data name="ANTENNA BEARING"><value>1000deg</value></Data><Data name="CELLHEX"><value>12</value></Data><Data name="NODEHEX"><value>0</value></Data><Data name="LACHEX"><value>1</value></Data><Data name="RAWCELLID"><value>18</value></Data><Data name="TIME"><value>2026.08.19_12.14.54</value></Data></ExtendedData><Style><LabelStyle><scale>0.0</scale> </LabelStyle><IconStyle><color>FF646464</color><scale>0.5</scale><Icon><href>http://maps.google.com/mapfiles/kml/shapes/shaded_dot.png</href></Icon></IconStyle></Style><Point><coordinates>-75.75581542,39.6666557,0</coordinates></Point></Placemark><Placemark><name>2 km/h</name><ExtendedData><Data name="CGI"><value>3150100000100018</value></Data><Data name="CELLNAME"><value></value></Data><Data name="CELLID"><value>18</value></Data><Data name="RNC"><value>0</value></Data><Data name="TAC"><value>1</value></Data><Data name="TECHNOLOGY"><value>5G SA</value></Data><Data name="MODE"><value>5G</value></Data><Data name="ARFCN"><value>644640</value></Data><Data name="BAND"><value></value></Data><Data name="BANDWIDTH"><value></value></Data><Data name="CA"><value>false</value></Data><Data name="NR state"><value></value></Data><Data name="RSRP"><value>-105 dBm</value></Data><Data name="RSRQ"><value>-11</value></Data><Data name="LAYER"><value>1</value></Data><Data name="PC"><value>2</value></Data><Data name="DL_BITRATE"><value> kbps</value></Data><Data name="UL_BITRATE"><value> kbps</value></Data><Data name="IP"><value></value></Data><Data name="PHONE STATE"><value>I</value></Data><Data name="IMEI"><value></value></Data><Data name="SPEED"><value>2 km/h</value></Data><Data name="HEIGHT"><value>-7m</value></Data><Data name="ALTITUDE"><value>-7m</value></Data><Data name="LOCATION"><value>G</value></Data><Data name="ACCURACY"><value>3m</value></Data><Data name="DISTANCE"><value>-1m</value></Data><Data name="SITE BEARING"><value>1000deg</value></Data><Data name="ANTENNA BEARING"><value>1000deg</value></Data><Data name="CELLHEX"><value>12</value></Data><Data name="NODEHEX"><value>0</value></Data><Data name="LACHEX"><value>1</value></Data><Data name="RAWCELLID"><value>18</value></Data><Data name="TIME"><value>2026.08.19_12.14.54</value></Data><Data name="NEI1"><value></value></Data><Data name="NEI2"><value></value></Data><Data name="NEI3"><value></value></Data><Data name="NEI4"><value></value></Data><Data name="NEI5"><value></value></Data><Data name="NEI6"><value></value></Data></ExtendedData><Style><LabelStyle><scale>0.0</scale> </LabelStyle><IconStyle><color>FF646464</color><scale>0.5</scale><Icon><href>http://maps.google.com/mapfiles/kml/shapes/shaded_dot.png</href></Icon></IconStyle></Style><Point><coordinates>-75.75581542,39.6666557,0</coordinates></Point></Placemark><Placemark><name>0 km/h</name><ExtendedData><Data name="CGI"><value>3150100000100018</value></Data><Data name="CELLNAME"><value></value></Data><Data name="CELLID"><value>18</value></Data><Data name="RNC"><value>0</value></Data><Data name="TAC"><value>1</value></Data><Data name="TECHNOLOGY"><value>5G SA</value></Data><Data name="MODE"><value>5G</value></Data><Data name="ARFCN"><value>644640</value></Data><Data name="BAND"><value></value></Data><Data name="BANDWIDTH"><value></value></Data><Data name="CA"><value>false</value></Data><Data name="NR state"><value></value></Data><Data name="RSRP"><value>-105 dBm</value></Data><Data name="RSRQ"><value>-11</value></Data><Data name="LAYER"><value>1</value></Data><Data name="PC"><value>2</value></Data><Data name="DL_BITRATE"><value> kbps</value></Data><Data name="UL_BITRATE"><value> kbps</value></Data><Data name="IP"><value></value></Data><Data name="PHONE STATE"><value>I</value></Data><Data name="IMEI"><value></value></Data><Data name="SPEED"><value>0 km/h</value></Data><Data name="HEIGHT"><value>-8m</value></Data><Data name="ALTITUDE"><value>-8m</value></Data><Data name="LOCATION"><value>G</value></Data><Data name="ACCURACY"><value>3m</value></Data><Data name="DISTANCE"><value>-1m</value></Data><Data name="SITE BEARING"><value>1000deg</value></Data><Data name="ANTENNA BEARING"><value>1000deg</value></Data><Data name="CELLHEX"><value>12</value></Data><Data name="NODEHEX"><value>0</value></Data><Data name="LACHEX"><value>1</value></Data><Data name="RAWCELLID"><value>18</value></Data><Data name="TIME"><value>2026.08.19_12.14.54</value></Data><Data name="NEI1"><value></value></Data><Data name="NEI2"><value></value></Data><Data name="NEI3"><value></value></Data><Data name="NEI4"><value></value></Data><Data name="NEI5"><value></value></Data><Data name="NEI6"><value></value></Data></ExtendedData><Style><LabelStyle><scale>0.0</scale> </LabelStyle><IconStyle><color>FF000000</color><scale>0.5</scale><Icon><href>http://maps.google.com/mapfiles/kml/shapes/shaded_dot.png</href></Icon></IconStyle></Style><Point><coordinates>-75.75581025,39.66665382,0</coordinates></Point></Placemark><Placemark><name>0 km/h</name><ExtendedData><Data name="CGI"><value>3150100000100018</value></Data><Data name="CELLNAME"><value></value></Data><Data name="CELLID"><value>18</value></Data><Data name="RNC"><value>0</value></Data><Data name="TAC"><value>1</value></Data><Data name="TECHNOLOGY"><value>5G SA</value></Data><Data name="MODE"><value>5G</value></Data><Data name="ARFCN"><value>644640</value></Data><Data name="BAND"><value></value></Data><Data name="BANDWIDTH"><value></value></Data><Data name="CA"><value>false</value></Data><Data name="NR state"><value></value></Data><Data name="RSRP"><value>-105 dBm</value></Data><Data name="RSRQ"><value>-11</value></Data><Data name="LAYER"><value>1</value></Data><Data name="PC"><value>2</value></Data><Data name="DL_BITRATE"><value> kbps</value></Data><Data name="UL_BITRATE"><value> kbps</value></Data><Data name="IP"><value></value></Data><Data name="PHONE STATE"><value>I</value></Data><Data name="IMEI"><value></value></Data><Data name="SPEED"><value>0 km/h</value></Data><Data name="HEIGHT"><value>-8m</value></Data><Data name="ALTITUDE"><value>-8m</value></Data><Data name="LOCATION"><value>G</value></Data><Data name="ACCURACY"><value>3m</value></Data><Data name="DISTANCE"><value>-1m</value></Data><Data name="SITE BEARING"><value>1000deg</value></Data><Data name="ANTENNA BEARING"><value>1000deg</value></Data><Data name="CELLHEX"><value>12</value></Data><Data name="NODEHEX"><value>0</value></Data><Data name="LACHEX"><value>1</value></Data><Data name="RAWCELLID"><value>18</value></Data><Data name="TIME"><value>2026.08.19_12.14.55</value></Data><Data name="NEI1"><value></value></Data><Data name="NEI2"><value></value></Data><Data name="NEI3"><value></value></Data><Data name="NEI4"><value></value></Data><Data name="NEI5"><value></value></Data><Data name="NEI6"><value></value></Data></ExtendedData><Style><LabelStyle><scale>0.0</scale> </LabelStyle><IconStyle><color>FF000000</color><scale>0.5</scale><Icon><href>http://maps.google.com/mapfiles/kml/shapes/shaded_dot.png</href></Icon></IconStyle></Style><Point><coordinates>-75.75581025,39.66665382,0</coordinates></Point></Placemark><Placemark><name>0 km/h</name><ExtendedData><Data name="CGI"><value>3150100000100018</value></Data><Data name="CELLNAME"><value></value></Data><Data name="CELLID"><value>18</value></Data><Data name="RNC"><value>0</value></Data><Data name="TAC"><value>1</value></Data><Data name="TECHNOLOGY"><value>5G SA</value></Data><Data name="MODE"><value>5G</value></Data><Data name="ARFCN"><value>644640</value></Data><Data name="BAND"><value></value></Data><Data name="BANDWIDTH"><value></value></Data><Data name="CA"><value>false</value></Data><Data name="NR state"><value></value></Data><Data name="RSRP"><value>-105 dBm</value></Data><Data name="RSRQ"><value>-11</value></Data><Data name="LAYER"><value>1</value></Data><Data name="PC"><value>2</value></Data><Data name="DL_BITRATE"><value> kbps</value></Data><Data name="UL_BITRATE"><value> kbps</value></Data><Data name="IP"><value></value></Data><Data name="PHONE STATE"><value>I</value></Data><Data name="IMEI"><value></value></Data><Data name="SPEED"><value>0 km/h</value></Data><Data name="HEIGHT"><value>-8m</value></Data><Data name="ALTITUDE"><value>-8m</value></Data><Data name="LOCATION"><value>G</value></Data><Data name="ACCURACY"><value>3m</value></Data><Data name="DISTANCE"><value>-1m</value></Data><Data name="SITE BEARING"><value>1000deg</value></Data><Data name="ANTENNA BEARING"><value>1000deg</value></Data><Data name="CELLHEX"><value>12</value></Data><Data name="NODEHEX"><value>0</value></Data><Data name="LACHEX"><value>1</value></Data><Data name="RAWCELLID"><value>18</value></Data><Data name="TIME"><value>2026.08.19_12.14.56</value></Data><Data name="NEI1"><value></value></Data><Data name="NEI2"><value></value></Data><Data name="NEI3"><value></value></Data><Data name="NEI4"><value></value></Data><Data name="NEI5"><value></value></Data><Data name="NEI6"><value></value></Data></ExtendedData><Style><LabelStyle><scale>0.0</scale> </LabelStyle><IconStyle><color>FF000000</color><scale>0.5</scale><Icon><href>http://maps.google.com/mapfiles/kml/shapes/shaded_dot.png</href></Icon></IconStyle></Style><Point><coordinates>-75.75581025,39.66665382,0</coordinates></Point></Placemark><Placemark><name>2 km/h</name><ExtendedData><Data name="CGI"><value>3150100000100018</value></Data><Data name="CELLNAME"><value></value></Data><Data name="CELLID"><value>18</value></Data><Data name="RNC"><value>0</value></Data><Data name="TAC"><value>1</value></Data><Data name="TECHNOLOGY"><value>5G SA</value></Data><Data name="MODE"><value>5G</value></Data><Data name="ARFCN"><value>644640</value></Data><Data name="BAND"><value></value></Data><Data name="BANDWIDTH"><value></value></Data><Data name="CA"><value>false</value></Data><Data name="NR state"><value></value></Data><Data name="RSRP"><value>-105 dBm</value></Data><Data name="RSRQ"><value>-11</value></Data><Data name="LAYER"><value>1</value></Data><Data name="PC"><value>2</value></Data><Data name="DL_BITRATE"><value> kbps</value></Data><Data name="UL_BITRATE"><value> kbps</value></Data><Data name="IP"><value></value></Data><Data name="PHONE STATE"><value>I</value></Data><Data name="IMEI"><value></value></Data><Data name="SPEED"><value>2 km/h</value></Data><Data name="HEIGHT"><value>-7m</value></Data><Data name="ALTITUDE"><value>-7m</value></Data><Data name="LOCATION"><value>G</value></Data><Data name="ACCURACY"><value>3m</value></Data><Data name="DISTANCE"><value>-1m</value></Data><Data name="SITE BEARING"><value>1000deg</value></Data><Data name="ANTENNA BEARING"><value>1000deg</value></Data><Data name="CELLHEX"><value>12</value></Data><Data name="NODEHEX"><value>0</value></Data><Data name="LACHEX"><value>1</value></Data><Data name="RAWCELLID"><value>18</value></Data><Data name="TIME"><value>2026.08.19_12.14.56</value></Data><Data name="NEI1"><value></value></Data><Data name="NEI2"><value></value></Data><Data name="NEI3"><value></value></Data><Data name="NEI4"><value></value></Data><Data name="NEI5"><value></value></Data><Data name="NEI6"><value></value></Data></ExtendedData><Style><LabelStyle><scale>0.0</scale> </LabelStyle><IconStyle><color>FF646464</color><scale>0.5</scale><Icon><href>http://maps.google.com/mapfiles/kml/shapes/shaded_dot.png</href></Icon></IconStyle></Style><Point><coordinates>-75.75581467,39.6666622,0</coordinates></Point></Placemark><Placemark><name>2 km/h</name><ExtendedData><Data name="CGI"><value>3150100000100018</value></Data><Data name="CELLNAME"><value></value></Data><Data name="CELLID"><value>18</value></Data><Data name="RNC"><value>0</value></Data><Data name="TAC"><value>1</value></Data><Data name="TECHNOLOGY"><value>5G SA</value></Data><Data name="MODE"><value>5G</value></Data><Data name="ARFCN"><value>644640</value></Data><Data name="BAND"><value></value></Data><Data name="BANDWIDTH"><value></value></Data><Data name="CA"><value>false</value></Data><Data name="NR state"><value></value></Data><Data name="RSRP"><value>-105 dBm</value></Data><Data name="RSRQ"><value>-11</value></Data><Data name="LAYER"><value>1</value></Data><Data name="PC"><value>2</value></Data><Data name="DL_BITRATE"><value> kbps</value></Data><Data name="UL_BITRATE"><value> kbps</value></Data><Data name="IP"><value></value></Data><Data name="PHONE STATE"><value>I</value></Data><Data name="IMEI"><value></value></Data><Data name="SPEED"><value>2 km/h</value></Data><Data name="HEIGHT"><value>-7m</value></Data><Data name="ALTITUDE"><value>-7m</value></Data><Data name="LOCATION"><value>G</value></Data><Data name="ACCURACY"><value>3m</value></Data><Data name="DISTANCE"><value>-1m</value></Data><Data name="SITE BEARING"><value>1000deg</value></Data><Data name="ANTENNA BEARING"><value>1000deg</value></Data><Data name="CELLHEX"><value>12</value></Data><Data name="NODEHEX"><value>0</value></Data><Data name="LACHEX"><value>1</value></Data><Data name="RAWCELLID"><value>18</value></Data><Data name="TIME"><value>2026.08.19_12.14.57</value></Data><Data name="NEI1"><value></value></Data><Data name="NEI2"><value></value></Data><Data name="NEI3"><value></value></Data><Data name="NEI4"><value></value></Data><Data name="NEI5"><value></value></Data><Data name="NEI6"><value></value></Data></ExtendedData><Style><LabelStyle><scale>0.0</scale> </LabelStyle><IconStyle><color>FF646464</color><scale>0.5</scale><Icon><href>http://maps.google.com/mapfiles/kml/shapes/shaded_dot.png</href></Icon></IconStyle></Style><Point><coordinates>-75.75581467,39.6666622,0</coordinates></Point></Placemark><Placemark><name>8 km/h</name><ExtendedData><Data name="CGI"><value>3150100000100018</value></Data><Data name="CELLNAME"><value></value></Data><Data name="CELLID"><value>18</value></Data><Data name="RNC"><value>0</value></Data><Data name="TAC"><value>1</value></Data><Data name="TECHNOLOGY"><value>5G SA</value></Data><Data name="MODE"><value>5G</value></Data><Data name="ARFCN"><value>644640</value></Data><Data name="BAND"><value></value></Data><Data name="BANDWIDTH"><value></value></Data><Data name="CA"><value>false</value></Data><Data name="NR state"><value></value></Data><Data name="RSRP"><value>-105 dBm</value></Data><Data name="RSRQ"><value>-11</value></Data><Data name="LAYER"><value>1</value></Data><Data name="PC"><value>2</value></Data><Data name="DL_BITRATE"><value> kbps</value></Data><Data name="UL_BITRATE"><value> kbps</value></Data><Data name="IP"><value></value></Data><Data name="PHONE STATE"><value>I</value></Data><Data name="IMEI"><value></value></Data><Data name="SPEED"><value>8 km/h</value></Data><Data name="HEIGHT"><value>-7m</value></Data><Data name="ALTITUDE"><value>-7m</value></Data><Data name="LOCATION"><value>G</value></Data><Data name="ACCURACY"><value>3m</value></Data><Data name="DISTANCE"><value>-1m</value></Data><Data name="SITE BEARING"><value>1000deg</value></Data><Data name="ANTENNA BEARING"><value>1000deg</value></Data><Data name="CELLHEX"><value>12</value></Data><Data name="NODEHEX"><value>0</value></Data><Data name="LACHEX"><value>1</value></Data><Data name="RAWCELLID"><value>18</value></Data><Data name="TIME"><value>2026.08.19_12.14.57</value></Data><Data name="NEI1"><value></value></Data><Data name="NEI2"><value></value></Data><Data name="NEI3"><value></value></Data><Data name="NEI4"><value></value></Data><Data name="NEI5"><value></value></Data><Data name="NEI6"><value></value></Data></ExtendedData><Style><LabelStyle><scale>0.0</scale> </LabelStyle><IconStyle><color>FF646464</color><scale>0.5</scale><Icon><href>http://maps.google.com/mapfiles/kml/shapes/shaded_dot.png</href></Icon></IconStyle></Style><Point><coordinates>-75.75581925,39.66668289,0</coordinates></Point></Placemark><Placemark><name>8 km/h</name><ExtendedData><Data name="CGI"><value>3150100000100018</value></Data><Data name="CELLNAME"><value></value></Data><Data name="CELLID"><value>18</value></Data><Data name="RNC"><value>0</value></Data><Data name="TAC"><value>1</value></Data><Data name="TECHNOLOGY"><value>5G SA</value></Data><Data name="MODE"><value>5G</value></Data><Data name="ARFCN"><value>644640</value></Data><Data name="BAND"><value></value></Data><Data name="BANDWIDTH"><value></value></Data><Data name="CA"><value>false</value></Data><Data name="NR state"><value></value></Data><Data name="RSRP"><value>-105 dBm</value></Data><Data name="RSRQ"><value>-11</value></Data><Data name="LAYER"><value>1</value></Data><Data name="PC"><value>2</value></Data><Data name="DL_BITRATE"><value> kbps</value></Data><Data name="UL_BITRATE"><value> kbps</value></Data><Data name="IP"><value></value></Data><Data name="PHONE STATE"><value>I</value></Data><Data name="IMEI"><value></value></Data><Data name="SPEED"><value>8 km/h</value></Data><Data name="HEIGHT"><value>-7m</value></Data><Data name="ALTITUDE"><value>-7m</value></Data><Data name="LOCATION"><value>G</value></Data><Data name="ACCURACY"><value>3m</value></Data><Data name="DISTANCE"><value>-1m</value></Data><Data name="SITE BEARING"><value>1000deg</value></Data><Data name="ANTENNA BEARING"><value>1000deg</value></Data><Data name="CELLHEX"><value>12</value></Data><Data name="NODEHEX"><value>0</value></Data><Data name="LACHEX"><value>1</value></Data><Data name="RAWCELLID"><value>18</value></Data><Data name="TIME"><value>2026.08.19_12.14.58</value></Data><Data name="NEI1"><value></value></Data><Data name="NEI2"><value></value></Data><Data name="NEI3"><value></value></Data><Data name="NEI4"><value></value></Data><Data name="NEI5"><value></value></Data><Data name="NEI6"><value></value></Data></ExtendedData><Style><LabelStyle><scale>0.0</scale> </LabelStyle><IconStyle><color>FF646464</color><scale>0.5</scale><Icon><href>http://maps.google.com/mapfiles/kml/shapes/shaded_dot.png</href></Icon></IconStyle></Style><Point><coordinates>-75.75581925,39.66668289,0</coordinates></Point></Placemark><Placemark><name>9 km/h</name><ExtendedData><Data name="CGI"><value>3150100000100018</value></Data><Data name="CELLNAME"><value></value></Data><Data name="CELLID"><value>18</value></Data><Data name="RNC"><value>0</value></Data><Data name="TAC"><value>1</value></Data><Data name="TECHNOLOGY"><value>5G SA</value></Data><Data name="MODE"><value>5G</value></Data><Data name="ARFCN"><value>644640</value></Data><Data name="BAND"><value></value></Data><Data name="BANDWIDTH"><value></value></Data><Data name="CA"><value>false</value></Data><Data name="NR state"><value></value></Data><Data name="RSRP"><value>-105 dBm</value></Data><Data name="RSRQ"><value>-11</value></Data><Data name="LAYER"><value>1</value></Data><Data name="PC"><value>2</value></Data><Data name="DL_BITRATE"><value> kbps</value></Data><Data name="UL_BITRATE"><value> kbps</value></Data><Data name="IP"><value></value></Data><Data name="PHONE STATE"><value>I</value></Data><Data name="IMEI"><value></value></Data><Data name="SPEED"><value>9 km/h</value></Data><Data name="HEIGHT"><value>-7m</value></Data><Data name="ALTITUDE"><value>-7m</value></Data><Data name="LOCATION"><value>G</value></Data><Data name="ACCURACY"><value>3m</value></Data><Data name="DISTANCE"><value>-1m</value></Data><Data name="SITE BEARING"><value>1000deg</value></Data><Data name="ANTENNA BEARING"><value>1000deg</value></Data><Data name="CELLHEX"><value>12</value></Data><Data name="NODEHEX"><value>0</value></Data><Data name="LACHEX"><value>1</value></Data><Data name="RAWCELLID"><value>18</value></Data><Data name="TIME"><value>2026.08.19_12.14.58</value></Data><Data name="NEI1"><value></value></Data><Data name="NEI2"><value></value></Data><Data name="NEI3"><value></value></Data><Data name="NEI4"><value></value></Data><Data name="NEI5"><value></value></Data><Data name="NEI6"><value></value></Data></ExtendedData><Style><LabelStyle><scale>0.0</scale> </LabelStyle><IconStyle><color>FF646464</color><scale>0.5</scale><Icon><href>http://maps.google.com/mapfiles/kml/shapes/shaded_dot.png</href></Icon></IconStyle></Style><Point><coordinates>-75.75581745,39.66670696,0</coordinates></Point></Placemark><Placemark><name>9 km/h</name><ExtendedData><Data name="CGI"><value>3150100000100018</value></Data><Data name="CELLNAME"><value></value></Data><Data name="CELLID"><value>18</value></Data><Data name="RNC"><value>0</value></Data><Data name="TAC"><value>1</value></Data><Data name="TECHNOLOGY"><value>5G SA</value></Data><Data name="MODE"><value>5G</value></Data><Data name="ARFCN"><value>644640</value></Data><Data name="BAND"><value></value></Data><Data name="BANDWIDTH"><value></value></Data><Data name="CA"><value>false</value></Data><Data name="NR state"><value></value></Data><Data name="RSRP"><value>-105 dBm</value></Data><Data name="RSRQ"><value>-11</value></Data><Data name="LAYER"><value>1</value></Data><Data name="PC"><value>2</value></Data><Data name="DL_BITRATE"><value> kbps</value></Data><Data name="UL_BITRATE"><value> kbps</value></Data><Data name="IP"><value></value></Data><Data name="PHONE STATE"><value>I</value></Data><Data name="IMEI"><value></value></Data><Data name="SPEED"><value>9 km/h</value></Data><Data name="HEIGHT"><value>-7m</value></Data><Data name="ALTITUDE"><value>-7m</value></Data><Data name="LOCATION"><value>G</value></Data><Data name="ACCURACY"><value>3m</value></Data><Data name="DISTANCE"><value>-1m</value></Data><Data name="SITE BEARING"><value>1000deg</value></Data><Data name="ANTENNA BEARING"><value>1000deg</value></Data><Data name="CELLHEX"><value>12</value></Data><Data name="NODEHEX"><value>0</value></Data><Data name="LACHEX"><value>1</value></Data><Data name="RAWCELLID"><value>18</value></Data><Data name="TIME"><value>2026.08.19_12.14.59</value></Data><Data name="NEI1"><value></value></Data><Data name="NEI2"><value></value></Data><Data name="NEI3"><value></value></Data><Data name="NEI4"><value></value></Data><Data name="NEI5"><value></value></Data><Data name="NEI6"><value></value></Data></ExtendedData><Style><LabelStyle><scale>0.0</scale> </LabelStyle><IconStyle><color>FF646464</color><scale>0.5</scale><Icon><href>http://maps.google.com/mapfiles/kml/shapes/shaded_dot.png</href></Icon></IconStyle></Style><Point><coordinates>-75.75581745,39.66670696,0</coordinates></Point></Placemark><Placemark><name>12 km/h</name><ExtendedData><Data name="CGI"><value>3150100000100018</value></Data><Data name="CELLNAME"><value></value></Data><Data name="CELLID"><value>18</value></Data><Data name="RNC"><value>0</value></Data><Data name="TAC"><value>1</value></Data><Data name="TECHNOLOGY"><value>5G SA</value></Data><Data name="MODE"><value>5G</value></Data><Data name="ARFCN"><value>644640</value></Data><Data name="BAND"><value></value></Data><Data name="BANDWIDTH"><value></value></Data><Data name="CA"><value>false</value></Data><Data name="NR state"><value></value></Data><Data name="RSRP"><value>-105 dBm</value></Data><Data name="RSRQ"><value>-11</value></Data><Data name="LAYER"><value>1</value></Data><Data name="PC"><value>2</value></Data><Data name="DL_BITRATE"><value> kbps</value></Data><Data name="UL_BITRATE"><value> kbps</value></Data><Data name="IP"><value></value></Data><Data name="PHONE STATE"><value>I</value></Data><Data name="IMEI"><value></value></Data><Data name="SPEED"><value>12 km/h</value></Data><Data name="HEIGHT"><value>-7m</value></Data><Data name="ALTITUDE"><value>-7m</value></Data><Data name="LOCATION"><value>G</value></Data><Data name="ACCURACY"><value>3m</value></Data><Data name="DISTANCE"><value>-1m</value></Data><Data name="SITE BEARING"><value>1000deg</value></Data><Data name="ANTENNA BEARING"><value>1000deg</value></Data><Data name="CELLHEX"><value>12</value></Data><Data name="NODEHEX"><value>0</value></Data><Data name="LACHEX"><value>1</value></Data><Data name="RAWCELLID"><value>18</value></Data><Data name="TIME"><value>2026.08.19_12.14.59</value></Data><Data name="NEI1"><value></value></Data><Data name="NEI2"><value></value></Data><Data name="NEI3"><value></value></Data><Data name="NEI4"><value></value></Data><Data name="NEI5"><value></value></Data><Data name="NEI6"><value></value></Data></ExtendedData><Style><LabelStyle><scale>0.0</scale> </LabelStyle><IconStyle><color>FF780A14</color><scale>0.5</scale><Icon><href>http://maps.google.com/mapfiles/kml/shapes/shaded_dot.png</href></Icon></IconStyle></Style><Point><coordinates>-75.75581094,39.66673567,0</coordinates></Point></Placemark><Placemark><name>12 km/h</name><ExtendedData><Data name="CGI"><value>3150100000100018</value></Data><Data name="CELLNAME"><value></value></Data><Data name="CELLID"><value>18</value></Data><Data name="RNC"><value>0</value></Data><Data name="TAC"><value>1</value></Data><Data name="TECHNOLOGY"><value>5G SA</value></Data><Data name="MODE"><value>5G</value></Data><Data name="ARFCN"><value>644640</value></Data><Data name="BAND"><value></value></Data><Data name="BANDWIDTH"><value></value></Data><Data name="CA"><value>false</value></Data><Data name="NR state"><value></value></Data><Data name="RSRP"><value>-105 dBm</value></Data><Data name="RSRQ"><value>-11</value></Data><Data name="LAYER"><value>1</value></Data><Data name="PC"><value>2</value></Data><Data name="DL_BITRATE"><value> kbps</value></Data><Data name="UL_BITRATE"><value> kbps</value></Data><Data name="IP"><value></value></Data><Data name="PHONE STATE"><value>I</value></Data><Data name="IMEI"><value></value></Data><Data name="SPEED"><value>12 km/h</value></Data><Data name="HEIGHT"><value>-7m</value></Data><Data name="ALTITUDE"><value>-7m</value></Data><Data name="LOCATION"><value>G</value></Data><Data name="ACCURACY"><value>3m</value></Data><Data name="DISTANCE"><value>-1m</value></Data><Data name="SITE BEARING"><value>1000deg</value></Data><Data name="ANTENNA BEARING"><value>1000deg</value></Data><Data name="CELLHEX"><value>12</value></Data><Data name="NODEHEX"><value>0</value></Data><Data name="LACHEX"><value>1</value></Data><Data name="RAWCELLID"><value>18</value></Data><Data name="TIME"><value>2026.08.19_12.15.00</value></Data><Data name="NEI1"><value></value></Data><Data name="NEI2"><value></value></Data><Data name="NEI3"><value></value></Data><Data name="NEI4"><value></value></Data><Data name="NEI5"><value></value></Data><Data name="NEI6"><value></value></Data></ExtendedData><Style><LabelStyle><scale>0.0</scale> </LabelStyle><IconStyle><color>FF780A14</color><scale>0.5</scale><Icon><href>http://maps.google.com/mapfiles/kml/shapes/shaded_dot.png</href></Icon></IconStyle></Style><Point><coordinates>-75.75581094,39.66673567,0</coordinates></Point></Placemark><Placemark><name>15 km/h</name><ExtendedData><Data name="CGI"><value>3150100000100018</value></Data><Data name="CELLNAME"><value></value></Data><Data name="CELLID"><value>18</value></Data><Data name="RNC"><value>0</value></Data><Data name="TAC"><value>1</value></Data><Data name="TECHNOLOGY"><value>5G SA</value></Data><Data name="MODE"><value>5G</value></Data><Data name="ARFCN"><value>644640</value></Data><Data name="BAND"><value></value></Data><Data name="BANDWIDTH"><value></value></Data><Data name="CA"><value>false</value></Data><Data name="NR state"><value></value></Data><Data name="RSRP"><value>-105 dBm</value></Data><Data name="RSRQ"><value>-11</value></Data><Data name="LAYER"><value>1</value></Data><Data name="PC"><value>2</value></Data><Data name="DL_BITRATE"><value> kbps</value></Data><Data name="UL_BITRATE"><value> kbps</value></Data><Data name="IP"><value></value></Data><Data name="PHONE STATE"><value>I</value></Data><Data name="IMEI"><value></value></Data><Data name="SPEED"><value>15 km/h</value></Data><Data name="HEIGHT"><value>-7m</value></Data><Data name="ALTITUDE"><value>-7m</value></Data><Data name="LOCATION"><value>G</value></Data><Data name="ACCURACY"><value>3m</value></Data><Data name="DISTANCE"><value>-1m</value></Data><Data name="SITE BEARING"><value>1000deg</value></Data><Data name="ANTENNA BEARING"><value>1000deg</value></Data><Data name="CELLHEX"><value>12</value></Data><Data name="NODEHEX"><value>0</value></Data><Data name="LACHEX"><value>1</value></Data><Data name="RAWCELLID"><value>18</value></Data><Data name="TIME"><value>2026.08.19_12.15.00</value></Data><Data name="NEI1"><value></value></Data><Data name="NEI2"><value></value></Data><Data name="NEI3"><value></value></Data><Data name="NEI4"><value></value></Data><Data name="NEI5"><value></value></Data><Data name="NEI6"><value></value></Data></ExtendedData><Style><LabelStyle><scale>0.0</scale> </LabelStyle><IconStyle><color>FF780A14</color><scale>0.5</scale><Icon><href>http://maps.google.com/mapfiles/kml/shapes/shaded_dot.png</href></Icon></IconStyle></Style><Point><coordinates>-75.75579285,39.66676432,0</coordinates></Point></Placemark><Placemark><name>15 km/h</name><ExtendedData><Data name="CGI"><value>3150100000100018</value></Data><Data name="CELLNAME"><value></value></Data><Data name="CELLID"><value>18</value></Data><Data name="RNC"><value>0</value></Data><Data name="TAC"><value>1</value></Data><Data name="TECHNOLOGY"><value>5G SA</value></Data><Data name="MODE"><value>5G</value></Data><Data name="ARFCN"><value>644640</value></Data><Data name="BAND"><value></value></Data><Data name="BANDWIDTH"><value></value></Data><Data name="CA"><value>false</value></Data><Data name="NR state"><value></value></Data><Data name="RSRP"><value>-105 dBm</value></Data><Data name="RSRQ"><value>-11</value></Data><Data name="LAYER"><value>1</value></Data><Data name="PC"><value>2</value></Data><Data name="DL_BITRATE"><value> kbps</value></Data><Data name="UL_BITRATE"><value> kbps</value></Data><Data name="IP"><value></value></Data><Data name="PHONE STATE"><value>I</value></Data><Data name="IMEI"><value></value></Data><Data name="SPEED"><value>15 km/h</value></Data><Data name="HEIGHT"><value>-7m</value></Data><Data name="ALTITUDE"><value>-7m</value></Data><Data name="LOCATION"><value>G</value></Data><Data name="ACCURACY"><value>3m</value></Data><Data name="DISTANCE"><value>-1m</value></Data><Data name="SITE BEARING"><value>1000deg</value></Data><Data name="ANTENNA BEARING"><value>1000deg</value></Data><Data name="CELLHEX"><value>12</value></Data><Data name="NODEHEX"><value>0</value></Data><Data name="LACHEX"><value>1</value></Data><Data name="RAWCELLID"><value>18</value></Data><Data name="TIME"><value>2026.08.19_12.15.01</value></Data><Data name="NEI1"><value></value></Data><Data name="NEI2"><value></value></Data><Data name="NEI3"><value></value></Data><Data name="NEI4"><value></value></Data><Data name="NEI5"><value></value></Data><Data name="NEI6"><value></value></Data></ExtendedData><Style><LabelStyle><scale>0.0</scale> </LabelStyle><IconStyle><color>FF780A14</color><scale>0.5</scale><Icon><href>http://maps.google.com/mapfiles/kml/shapes/shaded_dot.png</href></Icon></IconStyle></Style><Point><coordinates>-75.75579285,39.66676432,0</coordinates></Point></Placemark><Placemark><name>18 km/h</name><ExtendedData><Data name="CGI"><value>3150100000100018</value></Data><Data name="CELLNAME"><value></value></Data><Data name="CELLID"><value>18</value></Data><Data name="RNC"><value>0</value></Data><Data name="TAC"><value>1</value></Data><Data name="TECHNOLOGY"><value>5G SA</value></Data><Data name="MODE"><value>5G</value></Data><Data name="ARFCN"><value>644640</value></Data><Data name="BAND"><value></value></Data><Data name="BANDWIDTH"><value></value></Data><Data name="CA"><value>false</value></Data><Data name="NR state"><value></value></Data><Data name="RSRP"><value>-105 dBm</value></Data><Data name="RSRQ"><value>-11</value></Data><Data name="LAYER"><value>1</value></Data><Data name="PC"><value>2</value></Data><Data name="DL_BITRATE"><value> kbps</value></Data><Data name="UL_BITRATE"><value> kbps</value></Data><Data name="IP"><value></value></Data><Data name="PHONE STATE"><value>I</value></Data><Data name="IMEI"><value></value></Data><Data name="SPEED"><value>18 km/h</value></Data><Data name="HEIGHT"><value>-7m</value></Data><Data name="ALTITUDE"><value>-7m</value></Data><Data name="LOCATION"><value>G</value></Data><Data name="ACCURACY"><value>3m</value></Data><Data name="DISTANCE"><value>-1m</value></Data><Data name="SITE BEARING"><value>1000deg</value></Data><Data name="ANTENNA BEARING"><value>1000deg</value></Data><Data name="CELLHEX"><value>12</value></Data><Data name="NODEHEX"><value>0</value></Data><Data name="LACHEX"><value>1</value></Data><Data name="RAWCELLID"><value>18</value></Data><Data name="TIME"><value>2026.08.19_12.15.01</value></Data><Data name="NEI1"><value></value></Data><Data name="NEI2"><value></value></Data><Data name="NEI3"><value></value></Data><Data name="NEI4"><value></value></Data><Data name="NEI5"><value></value></Data><Data name="NEI6"><value></value></Data></ExtendedData><Style><LabelStyle><scale>0.0</scale> </LabelStyle><IconStyle><color>FF780A14</color><scale>0.5</scale><Icon><href>http://maps.google.com/mapfiles/kml/shapes/shaded_dot.png</href></Icon></IconStyle></Style><Point><coordinates>-75.75574307,39.66678004,0</coordinates></Point></Placemark><Placemark><name>18 km/h</name><ExtendedData><Data name="CGI"><value>3150100000100018</value></Data><Data name="CELLNAME"><value></value></Data><Data name="CELLID"><value>18</value></Data><Data name="RNC"><value>0</value></Data><Data name="TAC"><value>1</value></Data><Data name="TECHNOLOGY"><value>5G SA</value></Data><Data name="MODE"><value>5G</value></Data><Data name="ARFCN"><value>644640</value></Data><Data name="BAND"><value></value></Data><Data name="BANDWIDTH"><value></value></Data><Data name="CA"><value>false</value></Data><Data name="NR state"><value></value></Data><Data name="RSRP"><value>-105 dBm</value></Data><Data name="RSRQ"><value>-11</value></Data><Data name="LAYER"><value>1</value></Data><Data name="PC"><value>2</value></Data><Data name="DL_BITRATE"><value> kbps</value></Data><Data name="UL_BITRATE"><value> kbps</value></Data><Data name="IP"><value></value></Data><Data name="PHONE STATE"><value>I</value></Data><Data name="IMEI"><value></value></Data><Data name="SPEED"><value>18 km/h</value></Data><Data name="HEIGHT"><value>-7m</value></Data><Data name="ALTITUDE"><value>-7m</value></Data><Data name="LOCATION"><value>G</value></Data><Data name="ACCURACY"><value>3m</value></Data><Data name="DISTANCE"><value>-1m</value></Data><Data name="SITE BEARING"><value>1000deg</value></Data><Data name="ANTENNA BEARING"><value>1000deg</value></Data><Data name="CELLHEX"><value>12</value></Data><Data name="NODEHEX"><value>0</value></Data><Data name="LACHEX"><value>1</value></Data><Data name="RAWCELLID"><value>18</value></Data><Data name="TIME"><value>2026.08.19_12.15.02</value></Data><Data name="NEI1"><value></value></Data><Data name="NEI2"><value></value></Data><Data name="NEI3"><value></value></Data><Data name="NEI4"><value></value></Data><Data name="NEI5"><value></value></Data><Data name="NEI6"><value></value></Data></ExtendedData><Style><LabelStyle><scale>0.0</scale> </LabelStyle><IconStyle><color>FF780A14</color><scale>0.5</scale><Icon><href>http://maps.google.com/mapfiles/kml/shapes/shaded_dot.png</href></Icon></IconStyle></Style><Point><coordinates>-75.75574307,39.66678004,0</coordinates></Point></Placemark><Placemark><name>18 km/h</name><ExtendedData><Data name="CGI"><value>3150100000100018</value></Data><Data name="CELLNAME"><value></value></Data><Data name="CELLID"><value>18</value></Data><Data name="RNC"><value>0</value></Data><Data name="TAC"><value>1</value></Data><Data name="TECHNOLOGY"><value>5G SA</value></Data><Data name="MODE"><value>5G</value></Data><Data name="ARFCN"><value>644640</value></Data><Data name="BAND"><value></value></Data><Data name="BANDWIDTH"><value></value></Data><Data name="CA"><value>false</value></Data><Data name="NR state"><value></value></Data><Data name="RSRP"><value>-105 dBm</value></Data><Data name="RSRQ"><value>-11</value></Data><Data name="LAYER"><value>1</value></Data><Data name="PC"><value>2</value></Data><Data name="DL_BITRATE"><value> kbps</value></Data><Data name="UL_BITRATE"><value> kbps</value></Data><Data name="IP"><value></value></Data><Data name="PHONE STATE"><value>I</value></Data><Data name="IMEI"><value></value></Data><Data name="SPEED"><value>18 km/h</value></Data><Data name="HEIGHT"><value>-7m</value></Data><Data name="ALTITUDE"><value>-7m</value></Data><Data name="LOCATION"><value>G</value></Data><Data name="ACCURACY"><value>3m</value></Data><Data name="DISTANCE"><value>-1m</value></Data><Data name="SITE BEARING"><value>1000deg</value></Data><Data name="ANTENNA BEARING"><value>1000deg</value></Data><Data name="CELLHEX"><value>12</value></Data><Data name="NODEHEX"><value>0</value></Data><Data name="LACHEX"><value>1</value></Data><Data name="RAWCELLID"><value>18</value></Data><Data name="TIME"><value>2026.08.19_12.15.02</value></Data><Data name="NEI1"><value></value></Data><Data name="NEI2"><value></value></Data><Data name="NEI3"><value></value></Data><Data name="NEI4"><value></value></Data><Data name="NEI5"><value></value></Data><Data name="NEI6"><value></value></Data></ExtendedData><Style><LabelStyle><scale>0.0</scale> </LabelStyle><IconStyle><color>FF780A14</color><scale>0.5</scale><Icon><href>http://maps.google.com/mapfiles/kml/shapes/shaded_dot.png</href></Icon></IconStyle></Style><Point><coordinates>-75.75568607,39.66679443,0</coordinates></Point></Placemark><Placemark><name>18 km/h</name><ExtendedData><Data name="CGI"><value>3150100000100018</value></Data><Data name="CELLNAME"><value></value></Data><Data name="CELLID"><value>18</value></Data><Data name="RNC"><value>0</value></Data><Data name="TAC"><value>1</value></Data><Data name="TECHNOLOGY"><value>5G SA</value></Data><Data name="MODE"><value>5G</value></Data><Data name="ARFCN"><value>644640</value></Data><Data name="BAND"><value></value></Data><Data name="BANDWIDTH"><value></value></Data><Data name="CA"><value>false</value></Data><Data name="NR state"><value></value></Data><Data name="RSRP"><value>-105 dBm</value></Data><Data name="RSRQ"><value>-11</value></Data><Data name="LAYER"><value>1</value></Data><Data name="PC"><value>2</value></Data><Data name="DL_BITRATE"><value> kbps</value></Data><Data name="UL_BITRATE"><value> kbps</value></Data><Data name="IP"><value></value></Data><Data name="PHONE STATE"><value>I</value></Data><Data name="IMEI"><value></value></Data><Data name="SPEED"><value>18 km/h</value></Data><Data name="HEIGHT"><value>-7m</value></Data><Data name="ALTITUDE"><value>-7m</value></Data><Data name="LOCATION"><value>G</value></Data><Data name="ACCURACY"><value>3m</value></Data><Data name="DISTANCE"><value>-1m</value></Data><Data name="SITE BEARING"><value>1000deg</value></Data><Data name="ANTENNA BEARING"><value>1000deg</value></Data><Data name="CELLHEX"><value>12</value></Data><Data name="NODEHEX"><value>0</value></Data><Data name="LACHEX"><value>1</value></Data><Data name="RAWCELLID"><value>18</value></Data><Data name="TIME"><value>2026.08.19_12.15.03</value></Data><Data name="NEI1"><value></value></Data><Data name="NEI2"><value></value></Data><Data name="NEI3"><value></value></Data><Data name="NEI4"><value></value></Data><Data name="NEI5"><value></value></Data><Data name="NEI6"><value></value></Data></ExtendedData><Style><LabelStyle><scale>0.0</scale> </LabelStyle><IconStyle><color>FF780A14</color><scale>0.5</scale><Icon><href>http://maps.google.com/mapfiles/kml/shapes/shaded_dot.png</href></Icon></IconStyle></Style><Point><coordinates>-75.75568607,39.66679443,0</coordinates></Point></Placemark><Placemark><name>22 km/h</name><ExtendedData><Data name="CGI"><value>3150100000100018</value></Data><Data name="CELLNAME"><value></value></Data><Data name="CELLID"><value>18</value></Data><Data name="RNC"><value>0</value></Data><Data name="TAC"><value>1</value></Data><Data name="TECHNOLOGY"><value>5G SA</value></Data><Data name="MODE"><value>5G</value></Data><Data name="ARFCN"><value>644640</value></Data><Data name="BAND"><value></value></Data><Data name="BANDWIDTH"><value></value></Data><Data name="CA"><value>false</value></Data><Data name="NR state"><value></value></Data><Data name="RSRP"><value>-105 dBm</value></Data><Data name="RSRQ"><value>-11</value></Data><Data name="LAYER"><value>1</value></Data><Data name="PC"><value>2</value></Data><Data name="DL_BITRATE"><value> kbps</value></Data><Data name="UL_BITRATE"><value> kbps</value></Data><Data name="IP"><value></value></Data><Data name="PHONE STATE"><value>I</value></Data><Data name="IMEI"><value></value></Data><Data name="SPEED"><value>22 km/h</value></Data><Data name="HEIGHT"><value>-6m</value></Data><Data name="ALTITUDE"><value>-6m</value></Data><Data name="LOCATION"><value>G</value></Data><Data name="ACCURACY"><value>3m</value></Data><Data name="DISTANCE"><value>-1m</value></Data><Data name="SITE BEARING"><value>1000deg</value></Data><Data name="ANTENNA BEARING"><value>1000deg</value></Data><Data name="CELLHEX"><value>12</value></Data><Data name="NODEHEX"><value>0</value></Data><Data name="LACHEX"><value>1</value></Data><Data name="RAWCELLID"><value>18</value></Data><Data name="TIME"><value>2026.08.19_12.15.03</value></Data><Data name="NEI1"><value></value></Data><Data name="NEI2"><value></value></Data><Data name="NEI3"><value></value></Data><Data name="NEI4"><value></value></Data><Data name="NEI5"><value></value></Data><Data name="NEI6"><value></value></Data></ExtendedData><Style><LabelStyle><scale>0.0</scale> </LabelStyle><IconStyle><color>FFF07800</color><scale>0.5</scale><Icon><href>http://maps.google.com/mapfiles/kml/shapes/shaded_dot.png</href></Icon></IconStyle></Style><Point><coordinates>-75.75561223,39.66680314,0</coordinates></Point></Placemark><Placemark><name>22 km/h</name><ExtendedData><Data name="CGI"><value>3150100000100018</value></Data><Data name="CELLNAME"><value></value></Data><Data name="CELLID"><value>18</value></Data><Data name="RNC"><value>0</value></Data><Data name="TAC"><value>1</value></Data><Data name="TECHNOLOGY"><value>5G SA</value></Data><Data name="MODE"><value>5G</value></Data><Data name="ARFCN"><value>644640</value></Data><Data name="BAND"><value></value></Data><Data name="BANDWIDTH"><value></value></Data><Data name="CA"><value>false</value></Data><Data name="NR state"><value></value></Data><Data name="RSRP"><value>-105 dBm</value></Data><Data name="RSRQ"><value>-11</value></Data><Data name="LAYER"><value>1</value></Data><Data name="PC"><value>2</value></Data><Data name="DL_BITRATE"><value> kbps</value></Data><Data name="UL_BITRATE"><value> kbps</value></Data><Data name="IP"><value></value></Data><Data name="PHONE STATE"><value>I</value></Data><Data name="IMEI"><value></value></Data><Data name="SPEED"><value>22 km/h</value></Data><Data name="HEIGHT"><value>-6m</value></Data><Data name="ALTITUDE"><value>-6m</value></Data><Data name="LOCATION"><value>G</value></Data><Data name="ACCURACY"><value>3m</value></Data><Data name="DISTANCE"><value>-1m</value></Data><Data name="SITE BEARING"><value>1000deg</value></Data><Data name="ANTENNA BEARING"><value>1000deg</value></Data><Data name="CELLHEX"><value>12</value></Data><Data name="NODEHEX"><value>0</value></Data><Data name="LACHEX"><value>1</value></Data><Data name="RAWCELLID"><value>18</value></Data><Data name="TIME"><value>2026.08.19_12.15.04</value></Data><Data name="NEI1"><value></value></Data><Data name="NEI2"><value></value></Data><Data name="NEI3"><value></value></Data><Data name="NEI4"><value></value></Data><Data name="NEI5"><value></value></Data><Data name="NEI6"><value></value></Data></ExtendedData><Style><LabelStyle><scale>0.0</scale> </LabelStyle><IconStyle><color>FFF07800</color><scale>0.5</scale><Icon><href>http://maps.google.com/mapfiles/kml/shapes/shaded_dot.png</href></Icon></IconStyle></Style><Point><coordinates>-75.75561223,39.66680314,0</coordinates></Point></Placemark><Placemark><name>26 km/h</name><ExtendedData><Data name="CGI"><value>3150100000100018</value></Data><Data name="CELLNAME"><value></value></Data><Data name="CELLID"><value>18</value></Data><Data name="RNC"><value>0</value></Data><Data name="TAC"><value>1</value></Data><Data name="TECHNOLOGY"><value>5G SA</value></Data><Data name="MODE"><value>5G</value></Data><Data name="ARFCN"><value>644640</value></Data><Data name="BAND"><value></value></Data><Data name="BANDWIDTH"><value></value></Data><Data name="CA"><value>false</value></Data><Data name="NR state"><value></value></Data><Data name="RSRP"><value>-105 dBm</value></Data><Data name="RSRQ"><value>-11</value></Data><Data name="LAYER"><value>1</value></Data><Data name="PC"><value>2</value></Data><Data name="DL_BITRATE"><value> kbps</value></Data><Data name="UL_BITRATE"><value> kbps</value></Data><Data name="IP"><value></value></Data><Data name="PHONE STATE"><value>I</value></Data><Data name="IMEI"><value></value></Data><Data name="SPEED"><value>26 km/h</value></Data><Data name="HEIGHT"><value>-6m</value></Data><Data name="ALTITUDE"><value>-6m</value></Data><Data name="LOCATION"><value>G</value></Data><Data name="ACCURACY"><value>3m</value></Data><Data name="DISTANCE"><value>-1m</value></Data><Data name="SITE BEARING"><value>1000deg</value></Data><Data name="ANTENNA BEARING"><value>1000deg</value></Data><Data name="CELLHEX"><value>12</value></Data><Data name="NODEHEX"><value>0</value></Data><Data name="LACHEX"><value>1</value></Data><Data name="RAWCELLID"><value>18</value></Data><Data name="TIME"><value>2026.08.19_12.15.04</value></Data><Data name="NEI1"><value></value></Data><Data name="NEI2"><value></value></Data><Data name="NEI3"><value></value></Data><Data name="NEI4"><value></value></Data><Data name="NEI5"><value></value></Data><Data name="NEI6"><value></value></Data></ExtendedData><Style><LabelStyle><scale>0.0</scale> </LabelStyle><IconStyle><color>FFF07800</color><scale>0.5</scale><Icon><href>http://maps.google.com/mapfiles/kml/shapes/shaded_dot.png</href></Icon></IconStyle></Style><Point><coordinates>-75.75552414,39.66680791,0</coordinates></Point></Placemark><Placemark><name>26 km/h</name><ExtendedData><Data name="CGI"><value>3150100000100018</value></Data><Data name="CELLNAME"><value></value></Data><Data name="CELLID"><value>18</value></Data><Data name="RNC"><value>0</value></Data><Data name="TAC"><value>1</value></Data><Data name="TECHNOLOGY"><value>5G SA</value></Data><Data name="MODE"><value>5G</value></Data><Data name="ARFCN"><value>644640</value></Data><Data name="BAND"><value></value></Data><Data name="BANDWIDTH"><value></value></Data><Data name="CA"><value>false</value></Data><Data name="NR state"><value></value></Data><Data name="RSRP"><value>-105 dBm</value></Data><Data name="RSRQ"><value>-11</value></Data><Data name="LAYER"><value>1</value></Data><Data name="PC"><value>2</value></Data><Data name="DL_BITRATE"><value> kbps</value></Data><Data name="UL_BITRATE"><value> kbps</value></Data><Data name="IP"><value></value></Data><Data name="PHONE STATE"><value>I</value></Data><Data name="IMEI"><value></value></Data><Data name="SPEED"><value>26 km/h</value></Data><Data name="HEIGHT"><value>-6m</value></Data><Data name="ALTITUDE"><value>-6m</value></Data><Data name="LOCATION"><value>G</value></Data><Data name="ACCURACY"><value>3m</value></Data><Data name="DISTANCE"><value>-1m</value></Data><Data name="SITE BEARING"><value>1000deg</value></Data><Data name="ANTENNA BEARING"><value>1000deg</value></Data><Data name="CELLHEX"><value>12</value></Data><Data name="NODEHEX"><value>0</value></Data><Data name="LACHEX"><value>1</value></Data><Data name="RAWCELLID"><value>18</value></Data><Data name="TIME"><value>2026.08.19_12.15.05</value></Data><Data name="NEI1"><value></value></Data><Data name="NEI2"><value></value></Data><Data name="NEI3"><value></value></Data><Data name="NEI4"><value></value></Data><Data name="NEI5"><value></value></Data><Data name="NEI6"><value></value></Data></ExtendedData><Style><LabelStyle><scale>0.0</scale> </LabelStyle><IconStyle><color>FFF07800</color><scale>0.5</scale><Icon><href>http://maps.google.com/mapfiles/kml/shapes/shaded_dot.png</href></Icon></IconStyle></Style><Point><coordinates>-75.75552414,39.66680791,0</coordinates></Point></Placemark><Placemark><name>28 km/h</name><ExtendedData><Data name="CGI"><value>3150100000100018</value></Data><Data name="CELLNAME"><value></value></Data><Data name="CELLID"><value>18</value></Data><Data name="RNC"><value>0</value></Data><Data name="TAC"><value>1</value></Data><Data name="TECHNOLOGY"><value>5G SA</value></Data><Data name="MODE"><value>5G</value></Data><Data name="ARFCN"><value>644640</value></Data><Data name="BAND"><value></value></Data><Data name="BANDWIDTH"><value></value></Data><Data name="CA"><value>false</value></Data><Data name="NR state"><value></value></Data><Data name="RSRP"><value>-105 dBm</value></Data><Data name="RSRQ"><value>-11</value></Data><Data name="LAYER"><value>1</value></Data><Data name="PC"><value>2</value></Data><Data name="DL_BITRATE"><value> kbps</value></Data><Data name="UL_BITRATE"><value> kbps</value></Data><Data name="IP"><value></value></Data><Data name="PHONE STATE"><value>I</value></Data><Data name="IMEI"><value></value></Data><Data name="SPEED"><value>28 km/h</value></Data><Data name="HEIGHT"><value>-6m</value></Data><Data name="ALTITUDE"><value>-6m</value></Data><Data name="LOCATION"><value>G</value></Data><Data name="ACCURACY"><value>3m</value></Data><Data name="DISTANCE"><value>-1m</value></Data><Data name="SITE BEARING"><value>1000deg</value></Data><Data name="ANTENNA BEARING"><value>1000deg</value></Data><Data name="CELLHEX"><value>12</value></Data><Data name="NODEHEX"><value>0</value></Data><Data name="LACHEX"><value>1</value></Data><Data name="RAWCELLID"><value>18</value></Data><Data name="TIME"><value>2026.08.19_12.15.05</value></Data><Data name="NEI1"><value></value></Data><Data name="NEI2"><value></value></Data><Data name="NEI3"><value></value></Data><Data name="NEI4"><value></value></Data><Data name="NEI5"><value></value></Data><Data name="NEI6"><value></value></Data></ExtendedData><Style><LabelStyle><scale>0.0</scale> </LabelStyle><IconStyle><color>FFF07800</color><scale>0.5</scale><Icon><href>http://maps.google.com/mapfiles/kml/shapes/shaded_dot.png</href></Icon></IconStyle></Style><Point><coordinates>-75.75543461,39.66681767,0</coordinates></Point></Placemark><Placemark><name>28 km/h</name><ExtendedData><Data name="CGI"><value>3150100000100018</value></Data><Data name="CELLNAME"><value></value></Data><Data name="CELLID"><value>18</value></Data><Data name="RNC"><value>0</value></Data><Data name="TAC"><value>1</value></Data><Data name="TECHNOLOGY"><value>5G SA</value></Data><Data name="MODE"><value>5G</value></Data><Data name="ARFCN"><value>644640</value></Data><Data name="BAND"><value></value></Data><Data name="BANDWIDTH"><value></value></Data><Data name="CA"><value>false</value></Data><Data name="NR state"><value></value></Data><Data name="RSRP"><value>-105 dBm</value></Data><Data name="RSRQ"><value>-11</value></Data><Data name="LAYER"><value>1</value></Data><Data name="PC"><value>2</value></Data><Data name="DL_BITRATE"><value> kbps</value></Data><Data name="UL_BITRATE"><value> kbps</value></Data><Data name="IP"><value></value></Data><Data name="PHONE STATE"><value>I</value></Data><Data name="IMEI"><value></value></Data><Data name="SPEED"><value>28 km/h</value></Data><Data name="HEIGHT"><value>-6m</value></Data><Data name="ALTITUDE"><value>-6m</value></Data><Data name="LOCATION"><value>G</value></Data><Data name="ACCURACY"><value>3m</value></Data><Data name="DISTANCE"><value>-1m</value></Data><Data name="SITE BEARING"><value>1000deg</value></Data><Data name="ANTENNA BEARING"><value>1000deg</value></Data><Data name="CELLHEX"><value>12</value></Data><Data name="NODEHEX"><value>0</value></Data><Data name="LACHEX"><value>1</value></Data><Data name="RAWCELLID"><value>18</value></Data><Data name="TIME"><value>2026.08.19_12.15.06</value></Data><Data name="NEI1"><value></value></Data><Data name="NEI2"><value></value></Data><Data name="NEI3"><value></value></Data><Data name="NEI4"><value></value></Data><Data name="NEI5"><value></value></Data><Data name="NEI6"><value></value></Data></ExtendedData><Style><LabelStyle><scale>0.0</scale> </LabelStyle><IconStyle><color>FFF07800</color><scale>0.5</scale><Icon><href>http://maps.google.com/mapfiles/kml/shapes/shaded_dot.png</href></Icon></IconStyle></Style><Point><coordinates>-75.75543461,39.66681767,0</coordinates></Point></Placemark><Placemark><name>33 km/h</name><ExtendedData><Data name="CGI"><value>3150100000100018</value></Data><Data name="CELLNAME"><value></value></Data><Data name="CELLID"><value>18</value></Data><Data name="RNC"><value>0</value></Data><Data name="TAC"><value>1</value></Data><Data name="TECHNOLOGY"><value>5G SA</value></Data><Data name="MODE"><value>5G</value></Data><Data name="ARFCN"><value>644640</value></Data><Data name="BAND"><value></value></Data><Data name="BANDWIDTH"><value></value></Data><Data name="CA"><value>false</value></Data><Data name="NR state"><value></value></Data><Data name="RSRP"><value>-105 dBm</value></Data><Data name="RSRQ"><value>-11</value></Data><Data name="LAYER"><value>1</value></Data><Data name="PC"><value>2</value></Data><Data name="DL_BITRATE"><value> kbps</value></Data><Data name="UL_BITRATE"><value> kbps</value></Data><Data name="IP"><value></value></Data><Data name="PHONE STATE"><value>I</value></Data><Data name="IMEI"><value></value></Data><Data name="SPEED"><value>33 km/h</value></Data><Data name="HEIGHT"><value>-5m</value></Data><Data name="ALTITUDE"><value>-5m</value></Data><Data name="LOCATION"><value>G</value></Data><Data name="ACCURACY"><value>3m</value></Data><Data name="DISTANCE"><value>-1m</value></Data><Data name="SITE BEARING"><value>1000deg</value></Data><Data name="ANTENNA BEARING"><value>1000deg</value></Data><Data name="CELLHEX"><value>12</value></Data><Data name="NODEHEX"><value>0</value></Data><Data name="LACHEX"><value>1</value></Data><Data name="RAWCELLID"><value>18</value></Data><Data name="TIME"><value>2026.08.19_12.15.06</value></Data><Data name="NEI1"><value></value></Data><Data name="NEI2"><value></value></Data><Data name="NEI3"><value></value></Data><Data name="NEI4"><value></value></Data><Data name="NEI5"><value></value></Data><Data name="NEI6"><value></value></Data></ExtendedData><Style><LabelStyle><scale>0.0</scale> </LabelStyle><IconStyle><color>FFF07800</color><scale>0.5</scale><Icon><href>http://maps.google.com/mapfiles/kml/shapes/shaded_dot.png</href></Icon></IconStyle></Style><Point><coordinates>-75.75531995,39.66682684,0</coordinates></Point></Placemark><Placemark><name>33 km/h</name><ExtendedData><Data name="CGI"><value>3150100000100018</value></Data><Data name="CELLNAME"><value></value></Data><Data name="CELLID"><value>18</value></Data><Data name="RNC"><value>0</value></Data><Data name="TAC"><value>1</value></Data><Data name="TECHNOLOGY"><value>5G SA</value></Data><Data name="MODE"><value>5G</value></Data><Data name="ARFCN"><value>644640</value></Data><Data name="BAND"><value></value></Data><Data name="BANDWIDTH"><value></value></Data><Data name="CA"><value>false</value></Data><Data name="NR state"><value></value></Data><Data name="RSRP"><value>-105 dBm</value></Data><Data name="RSRQ"><value>-11</value></Data><Data name="LAYER"><value>1</value></Data><Data name="PC"><value>2</value></Data><Data name="DL_BITRATE"><value> kbps</value></Data><Data name="UL_BITRATE"><value> kbps</value></Data><Data name="IP"><value></value></Data><Data name="PHONE STATE"><value>I</value></Data><Data name="IMEI"><value></value></Data><Data name="SPEED"><value>33 km/h</value></Data><Data name="HEIGHT"><value>-5m</value></Data><Data name="ALTITUDE"><value>-5m</value></Data><Data name="LOCATION"><value>G</value></Data><Data name="ACCURACY"><value>3m</value></Data><Data name="DISTANCE"><value>-1m</value></Data><Data name="SITE BEARING"><value>1000deg</value></Data><Data name="ANTENNA BEARING"><value>1000deg</value></Data><Data name="CELLHEX"><value>12</value></Data><Data name="NODEHEX"><value>0</value></Data><Data name="LACHEX"><value>1</value></Data><Data name="RAWCELLID"><value>18</value></Data><Data name="TIME"><value>2026.08.19_12.15.07</value></Data><Data name="NEI1"><value></value></Data><Data name="NEI2"><value></value></Data><Data name="NEI3"><value></value></Data><Data name="NEI4"><value></value></Data><Data name="NEI5"><value></value></Data><Data name="NEI6"><value></value></Data></ExtendedData><Style><LabelStyle><scale>0.0</scale> </LabelStyle><IconStyle><color>FFF07800</color><scale>0.5</scale><Icon><href>http://maps.google.com/mapfiles/kml/shapes/shaded_dot.png</href></Icon></IconStyle></Style><Point><coordinates>-75.75531995,39.66682684,0</coordinates></Point></Placemark><Placemark><name>36 km/h</name><ExtendedData><Data name="CGI"><value>3150100000100018</value></Data><Data name="CELLNAME"><value></value></Data><Data name="CELLID"><value>18</value></Data><Data name="RNC"><value>0</value></Data><Data name="TAC"><value>1</value></Data><Data name="TECHNOLOGY"><value>5G SA</value></Data><Data name="MODE"><value>5G</value></Data><Data name="ARFCN"><value>644640</value></Data><Data name="BAND"><value></value></Data><Data name="BANDWIDTH"><value></value></Data><Data name="CA"><value>false</value></Data><Data name="NR state"><value></value></Data><Data name="RSRP"><value>-105 dBm</value></Data><Data name="RSRQ"><value>-11</value></Data><Data name="LAYER"><value>1</value></Data><Data name="PC"><value>2</value></Data><Data name="DL_BITRATE"><value> kbps</value></Data><Data name="UL_BITRATE"><value> kbps</value></Data><Data name="IP"><value></value></Data><Data name="PHONE STATE"><value>I</value></Data><Data name="IMEI"><value></value></Data><Data name="SPEED"><value>36 km/h</value></Data><Data name="HEIGHT"><value>-4m</value></Data><Data name="ALTITUDE"><value>-4m</value></Data><Data name="LOCATION"><value>G</value></Data><Data name="ACCURACY"><value>3m</value></Data><Data name="DISTANCE"><value>-1m</value></Data><Data name="SITE BEARING"><value>1000deg</value></Data><Data name="ANTENNA BEARING"><value>1000deg</value></Data><Data name="CELLHEX"><value>12</value></Data><Data name="NODEHEX"><value>0</value></Data><Data name="LACHEX"><value>1</value></Data><Data name="RAWCELLID"><value>18</value></Data><Data name="TIME"><value>2026.08.19_12.15.07</value></Data><Data name="NEI1"><value></value></Data><Data name="NEI2"><value></value></Data><Data name="NEI3"><value></value></Data><Data name="NEI4"><value></value></Data><Data name="NEI5"><value></value></Data><Data name="NEI6"><value></value></Data></ExtendedData><Style><LabelStyle><scale>0.0</scale> </LabelStyle><IconStyle><color>FFF07800</color><scale>0.5</scale><Icon><href>http://maps.google.com/mapfiles/kml/shapes/shaded_dot.png</href></Icon></IconStyle></Style><Point><coordinates>-75.7552037,39.66683864,0</coordinates></Point></Placemark><Placemark><name>36 km/h</name><ExtendedData><Data name="CGI"><value>3150100000100018</value></Data><Data name="CELLNAME"><value></value></Data><Data name="CELLID"><value>18</value></Data><Data name="RNC"><value>0</value></Data><Data name="TAC"><value>1</value></Data><Data name="TECHNOLOGY"><value>5G SA</value></Data><Data name="MODE"><value>5G</value></Data><Data name="ARFCN"><value>644640</value></Data><Data name="BAND"><value></value></Data><Data name="BANDWIDTH"><value></value></Data><Data name="CA"><value>false</value></Data><Data name="NR state"><value></value></Data><Data name="RSRP"><value>-105 dBm</value></Data><Data name="RSRQ"><value>-11</value></Data><Data name="LAYER"><value>1</value></Data><Data name="PC"><value>2</value></Data><Data name="DL_BITRATE"><value> kbps</value></Data><Data name="UL_BITRATE"><value> kbps</value></Data><Data name="IP"><value></value></Data><Data name="PHONE STATE"><value>I</value></Data><Data name="IMEI"><value></value></Data><Data name="SPEED"><value>36 km/h</value></Data><Data name="HEIGHT"><value>-4m</value></Data><Data name="ALTITUDE"><value>-4m</value></Data><Data name="LOCATION"><value>G</value></Data><Data name="ACCURACY"><value>3m</value></Data><Data name="DISTANCE"><value>-1m</value></Data><Data name="SITE BEARING"><value>1000deg</value></Data><Data name="ANTENNA BEARING"><value>1000deg</value></Data><Data name="CELLHEX"><value>12</value></Data><Data name="NODEHEX"><value>0</value></Data><Data name="LACHEX"><value>1</value></Data><Data name="RAWCELLID"><value>18</value></Data><Data name="TIME"><value>2026.08.19_12.15.08</value></Data><Data name="NEI1"><value></value></Data><Data name="NEI2"><value></value></Data><Data name="NEI3"><value></value></Data><Data name="NEI4"><value></value></Data><Data name="NEI5"><value></value></Data><Data name="NEI6"><value></value></Data></ExtendedData><Style><LabelStyle><scale>0.0</scale> </LabelStyle><IconStyle><color>FFF07800</color><scale>0.5</scale><Icon><href>http://maps.google.com/mapfiles/kml/shapes/shaded_dot.png</href></Icon></IconStyle></Style><Point><coordinates>-75.7552037,39.66683864,0</coordinates></Point></Placemark><Placemark><name>37 km/h</name><ExtendedData><Data name="CGI"><value>3150100000100018</value></Data><Data name="CELLNAME"><value></value></Data><Data name="CELLID"><value>18</value></Data><Data name="RNC"><value>0</value></Data><Data name="TAC"><value>1</value></Data><Data name="TECHNOLOGY"><value>5G SA</value></Data><Data name="MODE"><value>5G</value></Data><Data name="ARFCN"><value>644640</value></Data><Data name="BAND"><value></value></Data><Data name="BANDWIDTH"><value></value></Data><Data name="CA"><value>false</value></Data><Data name="NR state"><value></value></Data><Data name="RSRP"><value>-105 dBm</value></Data><Data name="RSRQ"><value>-11</value></Data><Data name="LAYER"><value>1</value></Data><Data name="PC"><value>2</value></Data><Data name="DL_BITRATE"><value> kbps</value></Data><Data name="UL_BITRATE"><value> kbps</value></Data><Data name="IP"><value></value></Data><Data name="PHONE STATE"><value>I</value></Data><Data name="IMEI"><value></value></Data><Data name="SPEED"><value>37 km/h</value></Data><Data name="HEIGHT"><value>-4m</value></Data><Data name="ALTITUDE"><value>-4m</value></Data><Data name="LOCATION"><value>G</value></Data><Data name="ACCURACY"><value>3m</value></Data><Data name="DISTANCE"><value>-1m</value></Data><Data name="SITE BEARING"><value>1000deg</value></Data><Data name="ANTENNA BEARING"><value>1000deg</value></Data><Data name="CELLHEX"><value>12</value></Data><Data name="NODEHEX"><value>0</value></Data><Data name="LACHEX"><value>1</value></Data><Data name="RAWCELLID"><value>18</value></Data><Data name="TIME"><value>2026.08.19_12.15.08</value></Data><Data name="NEI1"><value></value></Data><Data name="NEI2"><value></value></Data><Data name="NEI3"><value></value></Data><Data name="NEI4"><value></value></Data><Data name="NEI5"><value></value></Data><Data name="NEI6"><value></value></Data></ExtendedData><Style><LabelStyle><scale>0.0</scale> </LabelStyle><IconStyle><color>FFF07800</color><scale>0.5</scale><Icon><href>http://maps.google.com/mapfiles/kml/shapes/shaded_dot.png</href></Icon></IconStyle></Style><Point><coordinates>-75.75508288,39.66685192,0</coordinates></Point></Placemark><Placemark><name>37 km/h</name><ExtendedData><Data name="CGI"><value>3150100000100018</value></Data><Data name="CELLNAME"><value></value></Data><Data name="CELLID"><value>18</value></Data><Data name="RNC"><value>0</value></Data><Data name="TAC"><value>1</value></Data><Data name="TECHNOLOGY"><value>5G SA</value></Data><Data name="MODE"><value>5G</value></Data><Data name="ARFCN"><value>644640</value></Data><Data name="BAND"><value></value></Data><Data name="BANDWIDTH"><value></value></Data><Data name="CA"><value>false</value></Data><Data name="NR state"><value></value></Data><Data name="RSRP"><value>-105 dBm</value></Data><Data name="RSRQ"><value>-11</value></Data><Data name="LAYER"><value>1</value></Data><Data name="PC"><value>2</value></Data><Data name="DL_BITRATE"><value> kbps</value></Data><Data name="UL_BITRATE"><value> kbps</value></Data><Data name="IP"><value></value></Data><Data name="PHONE STATE"><value>I</value></Data><Data name="IMEI"><value></value></Data><Data name="SPEED"><value>37 km/h</value></Data><Data name="HEIGHT"><value>-4m</value></Data><Data name="ALTITUDE"><value>-4m</value></Data><Data name="LOCATION"><value>G</value></Data><Data name="ACCURACY"><value>3m</value></Data><Data name="DISTANCE"><value>-1m</value></Data><Data name="SITE BEARING"><value>1000deg</value></Data><Data name="ANTENNA BEARING"><value>1000deg</value></Data><Data name="CELLHEX"><value>12</value></Data><Data name="NODEHEX"><value>0</value></Data><Data name="LACHEX"><value>1</value></Data><Data name="RAWCELLID"><value>18</value></Data><Data name="TIME"><value>2026.08.19_12.15.09</value></Data><Data name="NEI1"><value></value></Data><Data name="NEI2"><value></value></Data><Data name="NEI3"><value></value></Data><Data name="NEI4"><value></value></Data><Data name="NEI5"><value></value></Data><Data name="NEI6"><value></value></Data></ExtendedData><Style><LabelStyle><scale>0.0</scale> </LabelStyle><IconStyle><color>FFF07800</color><scale>0.5</scale><Icon><href>http://maps.google.com/mapfiles/kml/shapes/shaded_dot.png</href></Icon></IconStyle></Style><Point><coordinates>-75.75508288,39.66685192,0</coordinates></Point></Placemark><Placemark><name>38 km/h</name><ExtendedData><Data name="CGI"><value>3150100000100018</value></Data><Data name="CELLNAME"><value></value></Data><Data name="CELLID"><value>18</value></Data><Data name="RNC"><value>0</value></Data><Data name="TAC"><value>1</value></Data><Data name="TECHNOLOGY"><value>5G SA</value></Data><Data name="MODE"><value>5G</value></Data><Data name="ARFCN"><value>644640</value></Data><Data name="BAND"><value></value></Data><Data name="BANDWIDTH"><value></value></Data><Data name="CA"><value>false</value></Data><Data name="NR state"><value></value></Data><Data name="RSRP"><value>-105 dBm</value></Data><Data name="RSRQ"><value>-11</value></Data><Data name="LAYER"><value>1</value></Data><Data name="PC"><value>2</value></Data><Data name="DL_BITRATE"><value> kbps</value></Data><Data name="UL_BITRATE"><value> kbps</value></Data><Data name="IP"><value></value></Data><Data name="PHONE STATE"><value>I</value></Data><Data name="IMEI"><value></value></Data><Data name="SPEED"><value>38 km/h</value></Data><Data name="HEIGHT"><value>-3m</value></Data><Data name="ALTITUDE"><value>-3m</value></Data><Data name="LOCATION"><value>G</value></Data><Data name="ACCURACY"><value>3m</value></Data><Data name="DISTANCE"><value>-1m</value></Data><Data name="SITE BEARING"><value>1000deg</value></Data><Data name="ANTENNA BEARING"><value>1000deg</value></Data><Data name="CELLHEX"><value>12</value></Data><Data name="NODEHEX"><value>0</value></Data><Data name="LACHEX"><value>1</value></Data><Data name="RAWCELLID"><value>18</value></Data><Data name="TIME"><value>2026.08.19_12.15.09</value></Data><Data name="NEI1"><value></value></Data><Data name="NEI2"><value></value></Data><Data name="NEI3"><value></value></Data><Data name="NEI4"><value></value></Data><Data name="NEI5"><value></value></Data><Data name="NEI6"><value></value></Data></ExtendedData><Style><LabelStyle><scale>0.0</scale> </LabelStyle><IconStyle><color>FFF07800</color><scale>0.5</scale><Icon><href>http://maps.google.com/mapfiles/kml/shapes/shaded_dot.png</href></Icon></IconStyle></Style><Point><coordinates>-75.75496212,39.66686346,0</coordinates></Point></Placemark><Placemark><name>38 km/h</name><ExtendedData><Data name="CGI"><value>3150100000100018</value></Data><Data name="CELLNAME"><value></value></Data><Data name="CELLID"><value>18</value></Data><Data name="RNC"><value>0</value></Data><Data name="TAC"><value>1</value></Data><Data name="TECHNOLOGY"><value>5G SA</value></Data><Data name="MODE"><value>5G</value></Data><Data name="ARFCN"><value>644640</value></Data><Data name="BAND"><value></value></Data><Data name="BANDWIDTH"><value></value></Data><Data name="CA"><value>false</value></Data><Data name="NR state"><value></value></Data><Data name="RSRP"><value>-105 dBm</value></Data><Data name="RSRQ"><value>-11</value></Data><Data name="LAYER"><value>1</value></Data><Data name="PC"><value>2</value></Data><Data name="DL_BITRATE"><value> kbps</value></Data><Data name="UL_BITRATE"><value> kbps</value></Data><Data name="IP"><value></value></Data><Data name="PHONE STATE"><value>I</value></Data><Data name="IMEI"><value></value></Data><Data name="SPEED"><value>38 km/h</value></Data><Data name="HEIGHT"><value>-3m</value></Data><Data name="ALTITUDE"><value>-3m</value></Data><Data name="LOCATION"><value>G</value></Data><Data name="ACCURACY"><value>3m</value></Data><Data name="DISTANCE"><value>-1m</value></Data><Data name="SITE BEARING"><value>1000deg</value></Data><Data name="ANTENNA BEARING"><value>1000deg</value></Data><Data name="CELLHEX"><value>12</value></Data><Data name="NODEHEX"><value>0</value></Data><Data name="LACHEX"><value>1</value></Data><Data name="RAWCELLID"><value>18</value></Data><Data name="TIME"><value>2026.08.19_12.15.10</value></Data><Data name="NEI1"><value></value></Data><Data name="NEI2"><value></value></Data><Data name="NEI3"><value></value></Data><Data name="NEI4"><value></value></Data><Data name="NEI5"><value></value></Data><Data name="NEI6"><value></value></Data></ExtendedData><Style><LabelStyle><scale>0.0</scale> </LabelStyle><IconStyle><color>FFF07800</color><scale>0.5</scale><Icon><href>http://maps.google.com/mapfiles/kml/shapes/shaded_dot.png</href></Icon></IconStyle></Style><Point><coordinates>-75.75496212,39.66686346,0</coordinates></Point></Placemark><Placemark><name>37 km/h</name><ExtendedData><Data name="CGI"><value>3150100000100018</value></Data><Data name="CELLNAME"><value></value></Data><Data name="CELLID"><value>18</value></Data><Data name="RNC"><value>0</value></Data><Data name="TAC"><value>1</value></Data><Data name="TECHNOLOGY"><value>5G SA</value></Data><Data name="MODE"><value>5G</value></Data><Data name="ARFCN"><value>644640</value></Data><Data name="BAND"><value></value></Data><Data name="BANDWIDTH"><value></value></Data><Data name="CA"><value>false</value></Data><Data name="NR state"><value></value></Data><Data name="RSRP"><value>-105 dBm</value></Data><Data name="RSRQ"><value>-11</value></Data><Data name="LAYER"><value>1</value></Data><Data name="PC"><value>2</value></Data><Data name="DL_BITRATE"><value> kbps</value></Data><Data name="UL_BITRATE"><value> kbps</value></Data><Data name="IP"><value></value></Data><Data name="PHONE STATE"><value>I</value></Data><Data name="IMEI"><value></value></Data><Data name="SPEED"><value>37 km/h</value></Data><Data name="HEIGHT"><value>-3m</value></Data><Data name="ALTITUDE"><value>-3m</value></Data><Data name="LOCATION"><value>G</value></Data><Data name="ACCURACY"><value>3m</value></Data><Data name="DISTANCE"><value>-1m</value></Data><Data name="SITE BEARING"><value>1000deg</value></Data><Data name="ANTENNA BEARING"><value>1000deg</value></Data><Data name="CELLHEX"><value>12</value></Data><Data name="NODEHEX"><value>0</value></Data><Data name="LACHEX"><value>1</value></Data><Data name="RAWCELLID"><value>18</value></Data><Data name="TIME"><value>2026.08.19_12.15.10</value></Data><Data name="NEI1"><value></value></Data><Data name="NEI2"><value></value></Data><Data name="NEI3"><value></value></Data><Data name="NEI4"><value></value></Data><Data name="NEI5"><value></value></Data><Data name="NEI6"><value></value></Data></ExtendedData><Style><LabelStyle><scale>0.0</scale> </LabelStyle><IconStyle><color>FFF07800</color><scale>0.5</scale><Icon><href>http://maps.google.com/mapfiles/kml/shapes/shaded_dot.png</href></Icon></IconStyle></Style><Point><coordinates>-75.75484307,39.66687443,0</coordinates></Point></Placemark><Placemark><name>37 km/h</name><ExtendedData><Data name="CGI"><value>3150100000100018</value></Data><Data name="CELLNAME"><value></value></Data><Data name="CELLID"><value>18</value></Data><Data name="RNC"><value>0</value></Data><Data name="TAC"><value>1</value></Data><Data name="TECHNOLOGY"><value>5G SA</value></Data><Data name="MODE"><value>5G</value></Data><Data name="ARFCN"><value>644640</value></Data><Data name="BAND"><value></value></Data><Data name="BANDWIDTH"><value></value></Data><Data name="CA"><value>false</value></Data><Data name="NR state"><value></value></Data><Data name="RSRP"><value>-105 dBm</value></Data><Data name="RSRQ"><value>-11</value></Data><Data name="LAYER"><value>1</value></Data><Data name="PC"><value>2</value></Data><Data name="DL_BITRATE"><value> kbps</value></Data><Data name="UL_BITRATE"><value> kbps</value></Data><Data name="IP"><value></value></Data><Data name="PHONE STATE"><value>I</value></Data><Data name="IMEI"><value></value></Data><Data name="SPEED"><value>37 km/h</value></Data><Data name="HEIGHT"><value>-3m</value></Data><Data name="ALTITUDE"><value>-3m</value></Data><Data name="LOCATION"><value>G</value></Data><Data name="ACCURACY"><value>3m</value></Data><Data name="DISTANCE"><value>-1m</value></Data><Data name="SITE BEARING"><value>1000deg</value></Data><Data name="ANTENNA BEARING"><value>1000deg</value></Data><Data name="CELLHEX"><value>12</value></Data><Data name="NODEHEX"><value>0</value></Data><Data name="LACHEX"><value>1</value></Data><Data name="RAWCELLID"><value>18</value></Data><Data name="TIME"><value>2026.08.19_12.15.11</value></Data><Data name="NEI1"><value></value></Data><Data name="NEI2"><value></value></Data><Data name="NEI3"><value></value></Data><Data name="NEI4"><value></value></Data><Data name="NEI5"><value></value></Data><Data name="NEI6"><value></value></Data></ExtendedData><Style><LabelStyle><scale>0.0</scale> </LabelStyle><IconStyle><color>FFF07800</color><scale>0.5</scale><Icon><href>http://maps.google.com/mapfiles/kml/shapes/shaded_dot.png</href></Icon></IconStyle></Style><Point><coordinates>-75.75484307,39.66687443,0</coordinates></Point></Placemark><Placemark><name>36 km/h</name><ExtendedData><Data name="CGI"><value>3150100000100018</value></Data><Data name="CELLNAME"><value></value></Data><Data name="CELLID"><value>18</value></Data><Data name="RNC"><value>0</value></Data><Data name="TAC"><value>1</value></Data><Data name="TECHNOLOGY"><value>5G SA</value></Data><Data name="MODE"><value>5G</value></Data><Data name="ARFCN"><value>644640</value></Data><Data name="BAND"><value></value></Data><Data name="BANDWIDTH"><value></value></Data><Data name="CA"><value>false</value></Data><Data name="NR state"><value></value></Data><Data name="RSRP"><value>-105 dBm</value></Data><Data name="RSRQ"><value>-11</value></Data><Data name="LAYER"><value>1</value></Data><Data name="PC"><value>2</value></Data><Data name="DL_BITRATE"><value> kbps</value></Data><Data name="UL_BITRATE"><value> kbps</value></Data><Data name="IP"><value></value></Data><Data name="PHONE STATE"><value>I</value></Data><Data name="IMEI"><value></value></Data><Data name="SPEED"><value>36 km/h</value></Data><Data name="HEIGHT"><value>-3m</value></Data><Data name="ALTITUDE"><value>-3m</value></Data><Data name="LOCATION"><value>G</value></Data><Data name="ACCURACY"><value>3m</value></Data><Data name="DISTANCE"><value>-1m</value></Data><Data name="SITE BEARING"><value>1000deg</value></Data><Data name="ANTENNA BEARING"><value>1000deg</value></Data><Data name="CELLHEX"><value>12</value></Data><Data name="NODEHEX"><value>0</value></Data><Data name="LACHEX"><value>1</value></Data><Data name="RAWCELLID"><value>18</value></Data><Data name="TIME"><value>2026.08.19_12.15.11</value></Data><Data name="NEI1"><value></value></Data><Data name="NEI2"><value></value></Data><Data name="NEI3"><value></value></Data><Data name="NEI4"><value></value></Data><Data name="NEI5"><value></value></Data><Data name="NEI6"><value></value></Data></ExtendedData><Style><LabelStyle><scale>0.0</scale> </LabelStyle><IconStyle><color>FFF07800</color><scale>0.5</scale><Icon><href>http://maps.google.com/mapfiles/kml/shapes/shaded_dot.png</href></Icon></IconStyle></Style><Point><coordinates>-75.75472373,39.66688477,0</coordinates></Point></Placemark><Placemark><name>36 km/h</name><ExtendedData><Data name="CGI"><value>3150100000100018</value></Data><Data name="CELLNAME"><value></value></Data><Data name="CELLID"><value>18</value></Data><Data name="RNC"><value>0</value></Data><Data name="TAC"><value>1</value></Data><Data name="TECHNOLOGY"><value>5G SA</value></Data><Data name="MODE"><value>5G</value></Data><Data name="ARFCN"><value>644640</value></Data><Data name="BAND"><value></value></Data><Data name="BANDWIDTH"><value></value></Data><Data name="CA"><value>false</value></Data><Data name="NR state"><value></value></Data><Data name="RSRP"><value>-105 dBm</value></Data><Data name="RSRQ"><value>-11</value></Data><Data name="LAYER"><value>1</value></Data><Data name="PC"><value>2</value></Data><Data name="DL_BITRATE"><value> kbps</value></Data><Data name="UL_BITRATE"><value> kbps</value></Data><Data name="IP"><value></value></Data><Data name="PHONE STATE"><value>I</value></Data><Data name="IMEI"><value></value></Data><Data name="SPEED"><value>36 km/h</value></Data><Data name="HEIGHT"><value>-3m</value></Data><Data name="ALTITUDE"><value>-3m</value></Data><Data name="LOCATION"><value>G</value></Data><Data name="ACCURACY"><value>3m</value></Data><Data name="DISTANCE"><value>-1m</value></Data><Data name="SITE BEARING"><value>1000deg</value></Data><Data name="ANTENNA BEARING"><value>1000deg</value></Data><Data name="CELLHEX"><value>12</value></Data><Data name="NODEHEX"><value>0</value></Data><Data name="LACHEX"><value>1</value></Data><Data name="RAWCELLID"><value>18</value></Data><Data name="TIME"><value>2026.08.19_12.15.12</value></Data><Data name="NEI1"><value></value></Data><Data name="NEI2"><value></value></Data><Data name="NEI3"><value></value></Data><Data name="NEI4"><value></value></Data><Data name="NEI5"><value></value></Data><Data name="NEI6"><value></value></Data></ExtendedData><Style><LabelStyle><scale>0.0</scale> </LabelStyle><IconStyle><color>FFF07800</color><scale>0.5</scale><Icon><href>http://maps.google.com/mapfiles/kml/shapes/shaded_dot.png</href></Icon></IconStyle></Style><Point><coordinates>-75.75472373,39.66688477,0</coordinates></Point></Placemark><Placemark><name>32 km/h</name><ExtendedData><Data name="CGI"><value>3150100000100018</value></Data><Data name="CELLNAME"><value></value></Data><Data name="CELLID"><value>18</value></Data><Data name="RNC"><value>0</value></Data><Data name="TAC"><value>1</value></Data><Data name="TECHNOLOGY"><value>5G SA</value></Data><Data name="MODE"><value>5G</value></Data><Data name="ARFCN"><value>644640</value></Data><Data name="BAND"><value></value></Data><Data name="BANDWIDTH"><value></value></Data><Data name="CA"><value>false</value></Data><Data name="NR state"><value></value></Data><Data name="RSRP"><value>-105 dBm</value></Data><Data name="RSRQ"><value>-11</value></Data><Data name="LAYER"><value>1</value></Data><Data name="PC"><value>2</value></Data><Data name="DL_BITRATE"><value> kbps</value></Data><Data name="UL_BITRATE"><value> kbps</value></Data><Data name="IP"><value></value></Data><Data name="PHONE STATE"><value>I</value></Data><Data name="IMEI"><value></value></Data><Data name="SPEED"><value>32 km/h</value></Data><Data name="HEIGHT"><value>-3m</value></Data><Data name="ALTITUDE"><value>-3m</value></Data><Data name="LOCATION"><value>G</value></Data><Data name="ACCURACY"><value>3m</value></Data><Data name="DISTANCE"><value>-1m</value></Data><Data name="SITE BEARING"><value>1000deg</value></Data><Data name="ANTENNA BEARING"><value>1000deg</value></Data><Data name="CELLHEX"><value>12</value></Data><Data name="NODEHEX"><value>0</value></Data><Data name="LACHEX"><value>1</value></Data><Data name="RAWCELLID"><value>18</value></Data><Data name="TIME"><value>2026.08.19_12.15.12</value></Data><Data name="NEI1"><value></value></Data><Data name="NEI2"><value></value></Data><Data name="NEI3"><value></value></Data><Data name="NEI4"><value></value></Data><Data name="NEI5"><value></value></Data><Data name="NEI6"><value></value></Data></ExtendedData><Style><LabelStyle><scale>0.0</scale> </LabelStyle><IconStyle><color>FFF07800</color><scale>0.5</scale><Icon><href>http://maps.google.com/mapfiles/kml/shapes/shaded_dot.png</href></Icon></IconStyle></Style><Point><coordinates>-75.75461873,39.66689629,0</coordinates></Point></Placemark><Placemark><name>32 km/h</name><ExtendedData><Data name="CGI"><value>3150100000100018</value></Data><Data name="CELLNAME"><value></value></Data><Data name="CELLID"><value>18</value></Data><Data name="RNC"><value>0</value></Data><Data name="TAC"><value>1</value></Data><Data name="TECHNOLOGY"><value>5G SA</value></Data><Data name="MODE"><value>5G</value></Data><Data name="ARFCN"><value>644640</value></Data><Data name="BAND"><value></value></Data><Data name="BANDWIDTH"><value></value></Data><Data name="CA"><value>false</value></Data><Data name="NR state"><value></value></Data><Data name="RSRP"><value>-105 dBm</value></Data><Data name="RSRQ"><value>-11</value></Data><Data name="LAYER"><value>1</value></Data><Data name="PC"><value>2</value></Data><Data name="DL_BITRATE"><value> kbps</value></Data><Data name="UL_BITRATE"><value> kbps</value></Data><Data name="IP"><value></value></Data><Data name="PHONE STATE"><value>I</value></Data><Data name="IMEI"><value></value></Data><Data name="SPEED"><value>32 km/h</value></Data><Data name="HEIGHT"><value>-3m</value></Data><Data name="ALTITUDE"><value>-3m</value></Data><Data name="LOCATION"><value>G</value></Data><Data name="ACCURACY"><value>3m</value></Data><Data name="DISTANCE"><value>-1m</value></Data><Data name="SITE BEARING"><value>1000deg</value></Data><Data name="ANTENNA BEARING"><value>1000deg</value></Data><Data name="CELLHEX"><value>12</value></Data><Data name="NODEHEX"><value>0</value></Data><Data name="LACHEX"><value>1</value></Data><Data name="RAWCELLID"><value>18</value></Data><Data name="TIME"><value>2026.08.19_12.15.13</value></Data><Data name="NEI1"><value></value></Data><Data name="NEI2"><value></value></Data><Data name="NEI3"><value></value></Data><Data name="NEI4"><value></value></Data><Data name="NEI5"><value></value></Data><Data name="NEI6"><value></value></Data></ExtendedData><Style><LabelStyle><scale>0.0</scale> </LabelStyle><IconStyle><color>FFF07800</color><scale>0.5</scale><Icon><href>http://maps.google.com/mapfiles/kml/shapes/shaded_dot.png</href></Icon></IconStyle></Style><Point><coordinates>-75.75461873,39.66689629,0</coordinates></Point></Placemark><Placemark><name>25 km/h</name><ExtendedData><Data name="CGI"><value>3150100000100018</value></Data><Data name="CELLNAME"><value></value></Data><Data name="CELLID"><value>18</value></Data><Data name="RNC"><value>0</value></Data><Data name="TAC"><value>1</value></Data><Data name="TECHNOLOGY"><value>5G SA</value></Data><Data name="MODE"><value>5G</value></Data><Data name="ARFCN"><value>644640</value></Data><Data name="BAND"><value></value></Data><Data name="BANDWIDTH"><value></value></Data><Data name="CA"><value>false</value></Data><Data name="NR state"><value></value></Data><Data name="RSRP"><value>-105 dBm</value></Data><Data name="RSRQ"><value>-11</value></Data><Data name="LAYER"><value>1</value></Data><Data name="PC"><value>2</value></Data><Data name="DL_BITRATE"><value> kbps</value></Data><Data name="UL_BITRATE"><value> kbps</value></Data><Data name="IP"><value></value></Data><Data name="PHONE STATE"><value>I</value></Data><Data name="IMEI"><value></value></Data><Data name="SPEED"><value>25 km/h</value></Data><Data name="HEIGHT"><value>-3m</value></Data><Data name="ALTITUDE"><value>-3m</value></Data><Data name="LOCATION"><value>G</value></Data><Data name="ACCURACY"><value>3m</value></Data><Data name="DISTANCE"><value>-1m</value></Data><Data name="SITE BEARING"><value>1000deg</value></Data><Data name="ANTENNA BEARING"><value>1000deg</value></Data><Data name="CELLHEX"><value>12</value></Data><Data name="NODEHEX"><value>0</value></Data><Data name="LACHEX"><value>1</value></Data><Data name="RAWCELLID"><value>18</value></Data><Data name="TIME"><value>2026.08.19_12.15.13</value></Data><Data name="NEI1"><value></value></Data><Data name="NEI2"><value></value></Data><Data name="NEI3"><value></value></Data><Data name="NEI4"><value></value></Data><Data name="NEI5"><value></value></Data><Data name="NEI6"><value></value></Data></ExtendedData><Style><LabelStyle><scale>0.0</scale> </LabelStyle><IconStyle><color>FFF07800</color><scale>0.5</scale><Icon><href>http://maps.google.com/mapfiles/kml/shapes/shaded_dot.png</href></Icon></IconStyle></Style><Point><coordinates>-75.75453626,39.66690396,0</coordinates></Point></Placemark><Placemark><name>25 km/h</name><ExtendedData><Data name="CGI"><value>3150100000100018</value></Data><Data name="CELLNAME"><value></value></Data><Data name="CELLID"><value>18</value></Data><Data name="RNC"><value>0</value></Data><Data name="TAC"><value>1</value></Data><Data name="TECHNOLOGY"><value>5G SA</value></Data><Data name="MODE"><value>5G</value></Data><Data name="ARFCN"><value>644640</value></Data><Data name="BAND"><value></value></Data><Data name="BANDWIDTH"><value></value></Data><Data name="CA"><value>false</value></Data><Data name="NR state"><value></value></Data><Data name="RSRP"><value>-105 dBm</value></Data><Data name="RSRQ"><value>-11</value></Data><Data name="LAYER"><value>1</value></Data><Data name="PC"><value>2</value></Data><Data name="DL_BITRATE"><value> kbps</value></Data><Data name="UL_BITRATE"><value> kbps</value></Data><Data name="IP"><value></value></Data><Data name="PHONE STATE"><value>I</value></Data><Data name="IMEI"><value></value></Data><Data name="SPEED"><value>25 km/h</value></Data><Data name="HEIGHT"><value>-3m</value></Data><Data name="ALTITUDE"><value>-3m</value></Data><Data name="LOCATION"><value>G</value></Data><Data name="ACCURACY"><value>3m</value></Data><Data name="DISTANCE"><value>-1m</value></Data><Data name="SITE BEARING"><value>1000deg</value></Data><Data name="ANTENNA BEARING"><value>1000deg</value></Data><Data name="CELLHEX"><value>12</value></Data><Data name="NODEHEX"><value>0</value></Data><Data name="LACHEX"><value>1</value></Data><Data name="RAWCELLID"><value>18</value></Data><Data name="TIME"><value>2026.08.19_12.15.14</value></Data><Data name="NEI1"><value></value></Data><Data name="NEI2"><value></value></Data><Data name="NEI3"><value></value></Data><Data name="NEI4"><value></value></Data><Data name="NEI5"><value></value></Data><Data name="NEI6"><value></value></Data></ExtendedData><Style><LabelStyle><scale>0.0</scale> </LabelStyle><IconStyle><color>FFF07800</color><scale>0.5</scale><Icon><href>http://maps.google.com/mapfiles/kml/shapes/shaded_dot.png</href></Icon></IconStyle></Style><Point><coordinates>-75.75453626,39.66690396,0</coordinates></Point></Placemark><Placemark><name>17 km/h</name><ExtendedData><Data name="CGI"><value>3150100000100018</value></Data><Data name="CELLNAME"><value></value></Data><Data name="CELLID"><value>18</value></Data><Data name="RNC"><value>0</value></Data><Data name="TAC"><value>1</value></Data><Data name="TECHNOLOGY"><value>5G SA</value></Data><Data name="MODE"><value>5G</value></Data><Data name="ARFCN"><value>644640</value></Data><Data name="BAND"><value></value></Data><Data name="BANDWIDTH"><value></value></Data><Data name="CA"><value>false</value></Data><Data name="NR state"><value></value></Data><Data name="RSRP"><value>-105 dBm</value></Data><Data name="RSRQ"><value>-11</value></Data><Data name="LAYER"><value>1</value></Data><Data name="PC"><value>2</value></Data><Data name="DL_BITRATE"><value> kbps</value></Data><Data name="UL_BITRATE"><value> kbps</value></Data><Data name="IP"><value></value></Data><Data name="PHONE STATE"><value>I</value></Data><Data name="IMEI"><value></value></Data><Data name="SPEED"><value>17 km/h</value></Data><Data name="HEIGHT"><value>-3m</value></Data><Data name="ALTITUDE"><value>-3m</value></Data><Data name="LOCATION"><value>G</value></Data><Data name="ACCURACY"><value>3m</value></Data><Data name="DISTANCE"><value>-1m</value></Data><Data name="SITE BEARING"><value>1000deg</value></Data><Data name="ANTENNA BEARING"><value>1000deg</value></Data><Data name="CELLHEX"><value>12</value></Data><Data name="NODEHEX"><value>0</value></Data><Data name="LACHEX"><value>1</value></Data><Data name="RAWCELLID"><value>18</value></Data><Data name="TIME"><value>2026.08.19_12.15.14</value></Data><Data name="NEI1"><value></value></Data><Data name="NEI2"><value></value></Data><Data name="NEI3"><value></value></Data><Data name="NEI4"><value></value></Data><Data name="NEI5"><value></value></Data><Data name="NEI6"><value></value></Data></ExtendedData><Style><LabelStyle><scale>0.0</scale> </LabelStyle><IconStyle><color>FF780A14</color><scale>0.5</scale><Icon><href>http://maps.google.com/mapfiles/kml/shapes/shaded_dot.png</href></Icon></IconStyle></Style><Point><coordinates>-75.75448232,39.66690985,0</coordinates></Point></Placemark><Placemark><name>17 km/h</name><ExtendedData><Data name="CGI"><value>3150100000100018</value></Data><Data name="CELLNAME"><value></value></Data><Data name="CELLID"><value>18</value></Data><Data name="RNC"><value>0</value></Data><Data name="TAC"><value>1</value></Data><Data name="TECHNOLOGY"><value>5G SA</value></Data><Data name="MODE"><value>5G</value></Data><Data name="ARFCN"><value>644640</value></Data><Data name="BAND"><value></value></Data><Data name="BANDWIDTH"><value></value></Data><Data name="CA"><value>false</value></Data><Data name="NR state"><value></value></Data><Data name="RSRP"><value>-105 dBm</value></Data><Data name="RSRQ"><value>-11</value></Data><Data name="LAYER"><value>1</value></Data><Data name="PC"><value>2</value></Data><Data name="DL_BITRATE"><value> kbps</value></Data><Data name="UL_BITRATE"><value> kbps</value></Data><Data name="IP"><value></value></Data><Data name="PHONE STATE"><value>I</value></Data><Data name="IMEI"><value></value></Data><Data name="SPEED"><value>17 km/h</value></Data><Data name="HEIGHT"><value>-3m</value></Data><Data name="ALTITUDE"><value>-3m</value></Data><Data name="LOCATION"><value>G</value></Data><Data name="ACCURACY"><value>3m</value></Data><Data name="DISTANCE"><value>-1m</value></Data><Data name="SITE BEARING"><value>1000deg</value></Data><Data name="ANTENNA BEARING"><value>1000deg</value></Data><Data name="CELLHEX"><value>12</value></Data><Data name="NODEHEX"><value>0</value></Data><Data name="LACHEX"><value>1</value></Data><Data name="RAWCELLID"><value>18</value></Data><Data name="TIME"><value>2026.08.19_12.15.15</value></Data><Data name="NEI1"><value></value></Data><Data name="NEI2"><value></value></Data><Data name="NEI3"><value></value></Data><Data name="NEI4"><value></value></Data><Data name="NEI5"><value></value></Data><Data name="NEI6"><value></value></Data></ExtendedData><Style><LabelStyle><scale>0.0</scale> </LabelStyle><IconStyle><color>FF780A14</color><scale>0.5</scale><Icon><href>http://maps.google.com/mapfiles/kml/shapes/shaded_dot.png</href></Icon></IconStyle></Style><Point><coordinates>-75.75448232,39.66690985,0</coordinates></Point></Placemark><Placemark><name>13 km/h</name><ExtendedData><Data name="CGI"><value>3150100000100018</value></Data><Data name="CELLNAME"><value></value></Data><Data name="CELLID"><value>18</value></Data><Data name="RNC"><value>0</value></Data><Data name="TAC"><value>1</value></Data><Data name="TECHNOLOGY"><value>5G SA</value></Data><Data name="MODE"><value>5G</value></Data><Data name="ARFCN"><value>644640</value></Data><Data name="BAND"><value></value></Data><Data name="BANDWIDTH"><value></value></Data><Data name="CA"><value>false</value></Data><Data name="NR state"><value></value></Data><Data name="RSRP"><value>-105 dBm</value></Data><Data name="RSRQ"><value>-11</value></Data><Data name="LAYER"><value>1</value></Data><Data name="PC"><value>2</value></Data><Data name="DL_BITRATE"><value> kbps</value></Data><Data name="UL_BITRATE"><value> kbps</value></Data><Data name="IP"><value></value></Data><Data name="PHONE STATE"><value>I</value></Data><Data name="IMEI"><value></value></Data><Data name="SPEED"><value>13 km/h</value></Data><Data name="HEIGHT"><value>-3m</value></Data><Data name="ALTITUDE"><value>-3m</value></Data><Data name="LOCATION"><value>G</value></Data><Data name="ACCURACY"><value>3m</value></Data><Data name="DISTANCE"><value>-1m</value></Data><Data name="SITE BEARING"><value>1000deg</value></Data><Data name="ANTENNA BEARING"><value>1000deg</value></Data><Data name="CELLHEX"><value>12</value></Data><Data name="NODEHEX"><value>0</value></Data><Data name="LACHEX"><value>1</value></Data><Data name="RAWCELLID"><value>18</value></Data><Data name="TIME"><value>2026.08.19_12.15.15</value></Data><Data name="NEI1"><value></value></Data><Data name="NEI2"><value></value></Data><Data name="NEI3"><value></value></Data><Data name="NEI4"><value></value></Data><Data name="NEI5"><value></value></Data><Data name="NEI6"><value></value></Data></ExtendedData><Style><LabelStyle><scale>0.0</scale> </LabelStyle><IconStyle><color>FF780A14</color><scale>0.5</scale><Icon><href>http://maps.google.com/mapfiles/kml/shapes/shaded_dot.png</href></Icon></IconStyle></Style><Point><coordinates>-75.75443564,39.66692456,0</coordinates></Point></Placemark><Placemark><name>13 km/h</name><ExtendedData><Data name="CGI"><value>3150100000100018</value></Data><Data name="CELLNAME"><value></value></Data><Data name="CELLID"><value>18</value></Data><Data name="RNC"><value>0</value></Data><Data name="TAC"><value>1</value></Data><Data name="TECHNOLOGY"><value>5G SA</value></Data><Data name="MODE"><value>5G</value></Data><Data name="ARFCN"><value>644640</value></Data><Data name="BAND"><value></value></Data><Data name="BANDWIDTH"><value></value></Data><Data name="CA"><value>false</value></Data><Data name="NR state"><value></value></Data><Data name="RSRP"><value>-105 dBm</value></Data><Data name="RSRQ"><value>-11</value></Data><Data name="LAYER"><value>1</value></Data><Data name="PC"><value>2</value></Data><Data name="DL_BITRATE"><value> kbps</value></Data><Data name="UL_BITRATE"><value> kbps</value></Data><Data name="IP"><value></value></Data><Data name="PHONE STATE"><value>I</value></Data><Data name="IMEI"><value></value></Data><Data name="SPEED"><value>13 km/h</value></Data><Data name="HEIGHT"><value>-3m</value></Data><Data name="ALTITUDE"><value>-3m</value></Data><Data name="LOCATION"><value>G</value></Data><Data name="ACCURACY"><value>3m</value></Data><Data name="DISTANCE"><value>-1m</value></Data><Data name="SITE BEARING"><value>1000deg</value></Data><Data name="ANTENNA BEARING"><value>1000deg</value></Data><Data name="CELLHEX"><value>12</value></Data><Data name="NODEHEX"><value>0</value></Data><Data name="LACHEX"><value>1</value></Data><Data name="RAWCELLID"><value>18</value></Data><Data name="TIME"><value>2026.08.19_12.15.16</value></Data><Data name="NEI1"><value></value></Data><Data name="NEI2"><value></value></Data><Data name="NEI3"><value></value></Data><Data name="NEI4"><value></value></Data><Data name="NEI5"><value></value></Data><Data name="NEI6"><value></value></Data></ExtendedData><Style><LabelStyle><scale>0.0</scale> </LabelStyle><IconStyle><color>FF780A14</color><scale>0.5</scale><Icon><href>http://maps.google.com/mapfiles/kml/shapes/shaded_dot.png</href></Icon></IconStyle></Style><Point><coordinates>-75.75443564,39.66692456,0</coordinates></Point></Placemark><Placemark><name>16 km/h</name><ExtendedData><Data name="CGI"><value>3150100000100018</value></Data><Data name="CELLNAME"><value></value></Data><Data name="CELLID"><value>18</value></Data><Data name="RNC"><value>0</value></Data><Data name="TAC"><value>1</value></Data><Data name="TECHNOLOGY"><value>5G SA</value></Data><Data name="MODE"><value>5G</value></Data><Data name="ARFCN"><value>644640</value></Data><Data name="BAND"><value></value></Data><Data name="BANDWIDTH"><value></value></Data><Data name="CA"><value>false</value></Data><Data name="NR state"><value></value></Data><Data name="RSRP"><value>-105 dBm</value></Data><Data name="RSRQ"><value>-11</value></Data><Data name="LAYER"><value>1</value></Data><Data name="PC"><value>2</value></Data><Data name="DL_BITRATE"><value> kbps</value></Data><Data name="UL_BITRATE"><value> kbps</value></Data><Data name="IP"><value></value></Data><Data name="PHONE STATE"><value>I</value></Data><Data name="IMEI"><value></value></Data><Data name="SPEED"><value>16 km/h</value></Data><Data name="HEIGHT"><value>-3m</value></Data><Data name="ALTITUDE"><value>-3m</value></Data><Data name="LOCATION"><value>G</value></Data><Data name="ACCURACY"><value>3m</value></Data><Data name="DISTANCE"><value>-1m</value></Data><Data name="SITE BEARING"><value>1000deg</value></Data><Data name="ANTENNA BEARING"><value>1000deg</value></Data><Data name="CELLHEX"><value>12</value></Data><Data name="NODEHEX"><value>0</value></Data><Data name="LACHEX"><value>1</value></Data><Data name="RAWCELLID"><value>18</value></Data><Data name="TIME"><value>2026.08.19_12.15.16</value></Data><Data name="NEI1"><value></value></Data><Data name="NEI2"><value></value></Data><Data name="NEI3"><value></value></Data><Data name="NEI4"><value></value></Data><Data name="NEI5"><value></value></Data><Data name="NEI6"><value></value></Data></ExtendedData><Style><LabelStyle><scale>0.0</scale> </LabelStyle><IconStyle><color>FF780A14</color><scale>0.5</scale><Icon><href>http://maps.google.com/mapfiles/kml/shapes/shaded_dot.png</href></Icon></IconStyle></Style><Point><coordinates>-75.75439135,39.66695031,0</coordinates></Point></Placemark><Placemark><name>16 km/h</name><ExtendedData><Data name="CGI"><value>3150100000100018</value></Data><Data name="CELLNAME"><value></value></Data><Data name="CELLID"><value>18</value></Data><Data name="RNC"><value>0</value></Data><Data name="TAC"><value>1</value></Data><Data name="TECHNOLOGY"><value>5G SA</value></Data><Data name="MODE"><value>5G</value></Data><Data name="ARFCN"><value>644640</value></Data><Data name="BAND"><value></value></Data><Data name="BANDWIDTH"><value></value></Data><Data name="CA"><value>false</value></Data><Data name="NR state"><value></value></Data><Data name="RSRP"><value>-105 dBm</value></Data><Data name="RSRQ"><value>-11</value></Data><Data name="LAYER"><value>1</value></Data><Data name="PC"><value>2</value></Data><Data name="DL_BITRATE"><value> kbps</value></Data><Data name="UL_BITRATE"><value> kbps</value></Data><Data name="IP"><value></value></Data><Data name="PHONE STATE"><value>I</value></Data><Data name="IMEI"><value></value></Data><Data name="SPEED"><value>16 km/h</value></Data><Data name="HEIGHT"><value>-3m</value></Data><Data name="ALTITUDE"><value>-3m</value></Data><Data name="LOCATION"><value>G</value></Data><Data name="ACCURACY"><value>3m</value></Data><Data name="DISTANCE"><value>-1m</value></Data><Data name="SITE BEARING"><value>1000deg</value></Data><Data name="ANTENNA BEARING"><value>1000deg</value></Data><Data name="CELLHEX"><value>12</value></Data><Data name="NODEHEX"><value>0</value></Data><Data name="LACHEX"><value>1</value></Data><Data name="RAWCELLID"><value>18</value></Data><Data name="TIME"><value>2026.08.19_12.15.17</value></Data><Data name="NEI1"><value></value></Data><Data name="NEI2"><value></value></Data><Data name="NEI3"><value></value></Data><Data name="NEI4"><value></value></Data><Data name="NEI5"><value></value></Data><Data name="NEI6"><value></value></Data></ExtendedData><Style><LabelStyle><scale>0.0</scale> </LabelStyle><IconStyle><color>FF780A14</color><scale>0.5</scale><Icon><href>http://maps.google.com/mapfiles/kml/shapes/shaded_dot.png</href></Icon></IconStyle></Style><Point><coordinates>-75.75439135,39.66695031,0</coordinates></Point></Placemark><Placemark><name>19 km/h</name><ExtendedData><Data name="CGI"><value>3150100000100018</value></Data><Data name="CELLNAME"><value></value></Data><Data name="CELLID"><value>18</value></Data><Data name="RNC"><value>0</value></Data><Data name="TAC"><value>1</value></Data><Data name="TECHNOLOGY"><value>5G SA</value></Data><Data name="MODE"><value>5G</value></Data><Data name="ARFCN"><value>644640</value></Data><Data name="BAND"><value></value></Data><Data name="BANDWIDTH"><value></value></Data><Data name="CA"><value>false</value></Data><Data name="NR state"><value></value></Data><Data name="RSRP"><value>-105 dBm</value></Data><Data name="RSRQ"><value>-11</value></Data><Data name="LAYER"><value>1</value></Data><Data name="PC"><value>2</value></Data><Data name="DL_BITRATE"><value> kbps</value></Data><Data name="UL_BITRATE"><value> kbps</value></Data><Data name="IP"><value></value></Data><Data name="PHONE STATE"><value>I</value></Data><Data name="IMEI"><value></value></Data><Data name="SPEED"><value>19 km/h</value></Data><Data name="HEIGHT"><value>-3m</value></Data><Data name="ALTITUDE"><value>-3m</value></Data><Data name="LOCATION"><value>G</value></Data><Data name="ACCURACY"><value>3m</value></Data><Data name="DISTANCE"><value>-1m</value></Data><Data name="SITE BEARING"><value>1000deg</value></Data><Data name="ANTENNA BEARING"><value>1000deg</value></Data><Data name="CELLHEX"><value>12</value></Data><Data name="NODEHEX"><value>0</value></Data><Data name="LACHEX"><value>1</value></Data><Data name="RAWCELLID"><value>18</value></Data><Data name="TIME"><value>2026.08.19_12.15.18</value></Data><Data name="NEI1"><value></value></Data><Data name="NEI2"><value></value></Data><Data name="NEI3"><value></value></Data><Data name="NEI4"><value></value></Data><Data name="NEI5"><value></value></Data><Data name="NEI6"><value></value></Data></ExtendedData><Style><LabelStyle><scale>0.0</scale> </LabelStyle><IconStyle><color>FF780A14</color><scale>0.5</scale><Icon><href>http://maps.google.com/mapfiles/kml/shapes/shaded_dot.png</href></Icon></IconStyle></Style><Point><coordinates>-75.7543579,39.66699237,0</coordinates></Point></Placemark><Placemark><name>19 km/h</name><ExtendedData><Data name="CGI"><value>3150100000100018</value></Data><Data name="CELLNAME"><value></value></Data><Data name="CELLID"><value>18</value></Data><Data name="RNC"><value>0</value></Data><Data name="TAC"><value>1</value></Data><Data name="TECHNOLOGY"><value>5G SA</value></Data><Data name="MODE"><value>5G</value></Data><Data name="ARFCN"><value>644640</value></Data><Data name="BAND"><value></value></Data><Data name="BANDWIDTH"><value></value></Data><Data name="CA"><value>false</value></Data><Data name="NR state"><value></value></Data><Data name="RSRP"><value>-105 dBm</value></Data><Data name="RSRQ"><value>-11</value></Data><Data name="LAYER"><value>1</value></Data><Data name="PC"><value>2</value></Data><Data name="DL_BITRATE"><value> kbps</value></Data><Data name="UL_BITRATE"><value> kbps</value></Data><Data name="IP"><value></value></Data><Data name="PHONE STATE"><value>I</value></Data><Data name="IMEI"><value></value></Data><Data name="SPEED"><value>19 km/h</value></Data><Data name="HEIGHT"><value>-3m</value></Data><Data name="ALTITUDE"><value>-3m</value></Data><Data name="LOCATION"><value>G</value></Data><Data name="ACCURACY"><value>3m</value></Data><Data name="DISTANCE"><value>-1m</value></Data><Data name="SITE BEARING"><value>1000deg</value></Data><Data name="ANTENNA BEARING"><value>1000deg</value></Data><Data name="CELLHEX"><value>12</value></Data><Data name="NODEHEX"><value>0</value></Data><Data name="LACHEX"><value>1</value></Data><Data name="RAWCELLID"><value>18</value></Data><Data name="TIME"><value>2026.08.19_12.15.18</value></Data><Data name="NEI1"><value></value></Data><Data name="NEI2"><value></value></Data><Data name="NEI3"><value></value></Data><Data name="NEI4"><value></value></Data><Data name="NEI5"><value></value></Data><Data name="NEI6"><value></value></Data></ExtendedData><Style><LabelStyle><scale>0.0</scale> </LabelStyle><IconStyle><color>FF780A14</color><scale>0.5</scale><Icon><href>http://maps.google.com/mapfiles/kml/shapes/shaded_dot.png</href></Icon></IconStyle></Style><Point><coordinates>-75.7543579,39.66699237,0</coordinates></Point></Placemark><Placemark><name>22 km/h</name><ExtendedData><Data name="CGI"><value>3150100000100018</value></Data><Data name="CELLNAME"><value></value></Data><Data name="CELLID"><value>18</value></Data><Data name="RNC"><value>0</value></Data><Data name="TAC"><value>1</value></Data><Data name="TECHNOLOGY"><value>5G SA</value></Data><Data name="MODE"><value>5G</value></Data><Data name="ARFCN"><value>644640</value></Data><Data name="BAND"><value></value></Data><Data name="BANDWIDTH"><value></value></Data><Data name="CA"><value>false</value></Data><Data name="NR state"><value></value></Data><Data name="RSRP"><value>-105 dBm</value></Data><Data name="RSRQ"><value>-11</value></Data><Data name="LAYER"><value>1</value></Data><Data name="PC"><value>2</value></Data><Data name="DL_BITRATE"><value> kbps</value></Data><Data name="UL_BITRATE"><value> kbps</value></Data><Data name="IP"><value></value></Data><Data name="PHONE STATE"><value>I</value></Data><Data name="IMEI"><value></value></Data><Data name="SPEED"><value>22 km/h</value></Data><Data name="HEIGHT"><value>-3m</value></Data><Data name="ALTITUDE"><value>-3m</value></Data><Data name="LOCATION"><value>G</value></Data><Data name="ACCURACY"><value>3m</value></Data><Data name="DISTANCE"><value>-1m</value></Data><Data name="SITE BEARING"><value>1000deg</value></Data><Data name="ANTENNA BEARING"><value>1000deg</value></Data><Data name="CELLHEX"><value>12</value></Data><Data name="NODEHEX"><value>0</value></Data><Data name="LACHEX"><value>1</value></Data><Data name="RAWCELLID"><value>18</value></Data><Data name="TIME"><value>2026.08.19_12.15.18</value></Data><Data name="NEI1"><value></value></Data><Data name="NEI2"><value></value></Data><Data name="NEI3"><value></value></Data><Data name="NEI4"><value></value></Data><Data name="NEI5"><value></value></Data><Data name="NEI6"><value></value></Data></ExtendedData><Style><LabelStyle><scale>0.0</scale> </LabelStyle><IconStyle><color>FFF07800</color><scale>0.5</scale><Icon><href>http://maps.google.com/mapfiles/kml/shapes/shaded_dot.png</href></Icon></IconStyle></Style><Point><coordinates>-75.75435073,39.66704162,0</coordinates></Point></Placemark><Placemark><name>22 km/h</name><ExtendedData><Data name="CGI"><value>3150100000100018</value></Data><Data name="CELLNAME"><value></value></Data><Data name="CELLID"><value>18</value></Data><Data name="RNC"><value>0</value></Data><Data name="TAC"><value>1</value></Data><Data name="TECHNOLOGY"><value>5G SA</value></Data><Data name="MODE"><value>5G</value></Data><Data name="ARFCN"><value>644640</value></Data><Data name="BAND"><value></value></Data><Data name="BANDWIDTH"><value></value></Data><Data name="CA"><value>false</value></Data><Data name="NR state"><value></value></Data><Data name="RSRP"><value>-105 dBm</value></Data><Data name="RSRQ"><value>-11</value></Data><Data name="LAYER"><value>1</value></Data><Data name="PC"><value>2</value></Data><Data name="DL_BITRATE"><value> kbps</value></Data><Data name="UL_BITRATE"><value> kbps</value></Data><Data name="IP"><value></value></Data><Data name="PHONE STATE"><value>I</value></Data><Data name="IMEI"><value></value></Data><Data name="SPEED"><value>22 km/h</value></Data><Data name="HEIGHT"><value>-3m</value></Data><Data name="ALTITUDE"><value>-3m</value></Data><Data name="LOCATION"><value>G</value></Data><Data name="ACCURACY"><value>3m</value></Data><Data name="DISTANCE"><value>-1m</value></Data><Data name="SITE BEARING"><value>1000deg</value></Data><Data name="ANTENNA BEARING"><value>1000deg</value></Data><Data name="CELLHEX"><value>12</value></Data><Data name="NODEHEX"><value>0</value></Data><Data name="LACHEX"><value>1</value></Data><Data name="RAWCELLID"><value>18</value></Data><Data name="TIME"><value>2026.08.19_12.15.19</value></Data><Data name="NEI1"><value></value></Data><Data name="NEI2"><value></value></Data><Data name="NEI3"><value></value></Data><Data name="NEI4"><value></value></Data><Data name="NEI5"><value></value></Data><Data name="NEI6"><value></value></Data></ExtendedData><Style><LabelStyle><scale>0.0</scale> </LabelStyle><IconStyle><color>FFF07800</color><scale>0.5</scale><Icon><href>http://maps.google.com/mapfiles/kml/shapes/shaded_dot.png</href></Icon></IconStyle></Style><Point><coordinates>-75.75435073,39.66704162,0</coordinates></Point></Placemark><Placemark><name>24 km/h</name><ExtendedData><Data name="CGI"><value>3150100000100018</value></Data><Data name="CELLNAME"><value></value></Data><Data name="CELLID"><value>18</value></Data><Data name="RNC"><value>0</value></Data><Data name="TAC"><value>1</value></Data><Data name="TECHNOLOGY"><value>5G SA</value></Data><Data name="MODE"><value>5G</value></Data><Data name="ARFCN"><value>644640</value></Data><Data name="BAND"><value></value></Data><Data name="BANDWIDTH"><value></value></Data><Data name="CA"><value>false</value></Data><Data name="NR state"><value></value></Data><Data name="RSRP"><value>-105 dBm</value></Data><Data name="RSRQ"><value>-11</value></Data><Data name="LAYER"><value>1</value></Data><Data name="PC"><value>2</value></Data><Data name="DL_BITRATE"><value> kbps</value></Data><Data name="UL_BITRATE"><value> kbps</value></Data><Data name="IP"><value></value></Data><Data name="PHONE STATE"><value>I</value></Data><Data name="IMEI"><value></value></Data><Data name="SPEED"><value>24 km/h</value></Data><Data name="HEIGHT"><value>-3m</value></Data><Data name="ALTITUDE"><value>-3m</value></Data><Data name="LOCATION"><value>G</value></Data><Data name="ACCURACY"><value>3m</value></Data><Data name="DISTANCE"><value>-1m</value></Data><Data name="SITE BEARING"><value>1000deg</value></Data><Data name="ANTENNA BEARING"><value>1000deg</value></Data><Data name="CELLHEX"><value>12</value></Data><Data name="NODEHEX"><value>0</value></Data><Data name="LACHEX"><value>1</value></Data><Data name="RAWCELLID"><value>18</value></Data><Data name="TIME"><value>2026.08.19_12.15.19</value></Data><Data name="NEI1"><value></value></Data><Data name="NEI2"><value></value></Data><Data name="NEI3"><value></value></Data><Data name="NEI4"><value></value></Data><Data name="NEI5"><value></value></Data><Data name="NEI6"><value></value></Data></ExtendedData><Style><LabelStyle><scale>0.0</scale> </LabelStyle><IconStyle><color>FFF07800</color><scale>0.5</scale><Icon><href>http://maps.google.com/mapfiles/kml/shapes/shaded_dot.png</href></Icon></IconStyle></Style><Point><coordinates>-75.75435577,39.66710141,0</coordinates></Point></Placemark><Placemark><name>24 km/h</name><ExtendedData><Data name="CGI"><value>3150100000100018</value></Data><Data name="CELLNAME"><value></value></Data><Data name="CELLID"><value>18</value></Data><Data name="RNC"><value>0</value></Data><Data name="TAC"><value>1</value></Data><Data name="TECHNOLOGY"><value>5G SA</value></Data><Data name="MODE"><value>5G</value></Data><Data name="ARFCN"><value>644640</value></Data><Data name="BAND"><value></value></Data><Data name="BANDWIDTH"><value></value></Data><Data name="CA"><value>false</value></Data><Data name="NR state"><value></value></Data><Data name="RSRP"><value>-105 dBm</value></Data><Data name="RSRQ"><value>-11</value></Data><Data name="LAYER"><value>1</value></Data><Data name="PC"><value>2</value></Data><Data name="DL_BITRATE"><value> kbps</value></Data><Data name="UL_BITRATE"><value> kbps</value></Data><Data name="IP"><value></value></Data><Data name="PHONE STATE"><value>I</value></Data><Data name="IMEI"><value></value></Data><Data name="SPEED"><value>24 km/h</value></Data><Data name="HEIGHT"><value>-3m</value></Data><Data name="ALTITUDE"><value>-3m</value></Data><Data name="LOCATION"><value>G</value></Data><Data name="ACCURACY"><value>3m</value></Data><Data name="DISTANCE"><value>-1m</value></Data><Data name="SITE BEARING"><value>1000deg</value></Data><Data name="ANTENNA BEARING"><value>1000deg</value></Data><Data name="CELLHEX"><value>12</value></Data><Data name="NODEHEX"><value>0</value></Data><Data name="LACHEX"><value>1</value></Data><Data name="RAWCELLID"><value>18</value></Data><Data name="TIME"><value>2026.08.19_12.15.20</value></Data><Data name="NEI1"><value></value></Data><Data name="NEI2"><value></value></Data><Data name="NEI3"><value></value></Data><Data name="NEI4"><value></value></Data><Data name="NEI5"><value></value></Data><Data name="NEI6"><value></value></Data></ExtendedData><Style><LabelStyle><scale>0.0</scale> </LabelStyle><IconStyle><color>FFF07800</color><scale>0.5</scale><Icon><href>http://maps.google.com/mapfiles/kml/shapes/shaded_dot.png</href></Icon></IconStyle></Style><Point><coordinates>-75.75435577,39.66710141,0</coordinates></Point></Placemark><Placemark><name>26 km/h</name><ExtendedData><Data name="CGI"><value>3150100000100018</value></Data><Data name="CELLNAME"><value></value></Data><Data name="CELLID"><value>18</value></Data><Data name="RNC"><value>0</value></Data><Data name="TAC"><value>1</value></Data><Data name="TECHNOLOGY"><value>5G SA</value></Data><Data name="MODE"><value>5G</value></Data><Data name="ARFCN"><value>644640</value></Data><Data name="BAND"><value></value></Data><Data name="BANDWIDTH"><value></value></Data><Data name="CA"><value>false</value></Data><Data name="NR state"><value></value></Data><Data name="RSRP"><value>-105 dBm</value></Data><Data name="RSRQ"><value>-11</value></Data><Data name="LAYER"><value>1</value></Data><Data name="PC"><value>2</value></Data><Data name="DL_BITRATE"><value> kbps</value></Data><Data name="UL_BITRATE"><value> kbps</value></Data><Data name="IP"><value></value></Data><Data name="PHONE STATE"><value>I</value></Data><Data name="IMEI"><value></value></Data><Data name="SPEED"><value>26 km/h</value></Data><Data name="HEIGHT"><value>-3m</value></Data><Data name="ALTITUDE"><value>-3m</value></Data><Data name="LOCATION"><value>G</value></Data><Data name="ACCURACY"><value>3m</value></Data><Data name="DISTANCE"><value>-1m</value></Data><Data name="SITE BEARING"><value>1000deg</value></Data><Data name="ANTENNA BEARING"><value>1000deg</value></Data><Data name="CELLHEX"><value>12</value></Data><Data name="NODEHEX"><value>0</value></Data><Data name="LACHEX"><value>1</value></Data><Data name="RAWCELLID"><value>18</value></Data><Data name="TIME"><value>2026.08.19_12.15.20</value></Data><Data name="NEI1"><value></value></Data><Data name="NEI2"><value></value></Data><Data name="NEI3"><value></value></Data><Data name="NEI4"><value></value></Data><Data name="NEI5"><value></value></Data><Data name="NEI6"><value></value></Data></ExtendedData><Style><LabelStyle><scale>0.0</scale> </LabelStyle><IconStyle><color>FFF07800</color><scale>0.5</scale><Icon><href>http://maps.google.com/mapfiles/kml/shapes/shaded_dot.png</href></Icon></IconStyle></Style><Point><coordinates>-75.75436804,39.66716879,0</coordinates></Point></Placemark><Placemark><name>26 km/h</name><ExtendedData><Data name="CGI"><value>3150100000100018</value></Data><Data name="CELLNAME"><value></value></Data><Data name="CELLID"><value>18</value></Data><Data name="RNC"><value>0</value></Data><Data name="TAC"><value>1</value></Data><Data name="TECHNOLOGY"><value>5G SA</value></Data><Data name="MODE"><value>5G</value></Data><Data name="ARFCN"><value>644640</value></Data><Data name="BAND"><value></value></Data><Data name="BANDWIDTH"><value></value></Data><Data name="CA"><value>false</value></Data><Data name="NR state"><value></value></Data><Data name="RSRP"><value>-105 dBm</value></Data><Data name="RSRQ"><value>-11</value></Data><Data name="LAYER"><value>1</value></Data><Data name="PC"><value>2</value></Data><Data name="DL_BITRATE"><value> kbps</value></Data><Data name="UL_BITRATE"><value> kbps</value></Data><Data name="IP"><value></value></Data><Data name="PHONE STATE"><value>I</value></Data><Data name="IMEI"><value></value></Data><Data name="SPEED"><value>26 km/h</value></Data><Data name="HEIGHT"><value>-3m</value></Data><Data name="ALTITUDE"><value>-3m</value></Data><Data name="LOCATION"><value>G</value></Data><Data name="ACCURACY"><value>3m</value></Data><Data name="DISTANCE"><value>-1m</value></Data><Data name="SITE BEARING"><value>1000deg</value></Data><Data name="ANTENNA BEARING"><value>1000deg</value></Data><Data name="CELLHEX"><value>12</value></Data><Data name="NODEHEX"><value>0</value></Data><Data name="LACHEX"><value>1</value></Data><Data name="RAWCELLID"><value>18</value></Data><Data name="TIME"><value>2026.08.19_12.15.21</value></Data><Data name="NEI1"><value></value></Data><Data name="NEI2"><value></value></Data><Data name="NEI3"><value></value></Data><Data name="NEI4"><value></value></Data><Data name="NEI5"><value></value></Data><Data name="NEI6"><value></value></Data></ExtendedData><Style><LabelStyle><scale>0.0</scale> </LabelStyle><IconStyle><color>FFF07800</color><scale>0.5</scale><Icon><href>http://maps.google.com/mapfiles/kml/shapes/shaded_dot.png</href></Icon></IconStyle></Style><Point><coordinates>-75.75436804,39.66716879,0</coordinates></Point></Placemark><Placemark><name>29 km/h</name><ExtendedData><Data name="CGI"><value>3150100000100018</value></Data><Data name="CELLNAME"><value></value></Data><Data name="CELLID"><value>18</value></Data><Data name="RNC"><value>0</value></Data><Data name="TAC"><value>1</value></Data><Data name="TECHNOLOGY"><value>5G SA</value></Data><Data name="MODE"><value>5G</value></Data><Data name="ARFCN"><value>644640</value></Data><Data name="BAND"><value></value></Data><Data name="BANDWIDTH"><value></value></Data><Data name="CA"><value>false</value></Data><Data name="NR state"><value></value></Data><Data name="RSRP"><value>-105 dBm</value></Data><Data name="RSRQ"><value>-11</value></Data><Data name="LAYER"><value>1</value></Data><Data name="PC"><value>2</value></Data><Data name="DL_BITRATE"><value> kbps</value></Data><Data name="UL_BITRATE"><value> kbps</value></Data><Data name="IP"><value></value></Data><Data name="PHONE STATE"><value>I</value></Data><Data name="IMEI"><value></value></Data><Data name="SPEED"><value>29 km/h</value></Data><Data name="HEIGHT"><value>-3m</value></Data><Data name="ALTITUDE"><value>-3m</value></Data><Data name="LOCATION"><value>G</value></Data><Data name="ACCURACY"><value>3m</value></Data><Data name="DISTANCE"><value>-1m</value></Data><Data name="SITE BEARING"><value>1000deg</value></Data><Data name="ANTENNA BEARING"><value>1000deg</value></Data><Data name="CELLHEX"><value>12</value></Data><Data name="NODEHEX"><value>0</value></Data><Data name="LACHEX"><value>1</value></Data><Data name="RAWCELLID"><value>18</value></Data><Data name="TIME"><value>2026.08.19_12.15.21</value></Data><Data name="NEI1"><value></value></Data><Data name="NEI2"><value></value></Data><Data name="NEI3"><value></value></Data><Data name="NEI4"><value></value></Data><Data name="NEI5"><value></value></Data><Data name="NEI6"><value></value></Data></ExtendedData><Style><LabelStyle><scale>0.0</scale> </LabelStyle><IconStyle><color>FFF07800</color><scale>0.5</scale><Icon><href>http://maps.google.com/mapfiles/kml/shapes/shaded_dot.png</href></Icon></IconStyle></Style><Point><coordinates>-75.75437718,39.66724337,0</coordinates></Point></Placemark><Placemark><name>29 km/h</name><ExtendedData><Data name="CGI"><value>3150100000100018</value></Data><Data name="CELLNAME"><value></value></Data><Data name="CELLID"><value>18</value></Data><Data name="RNC"><value>0</value></Data><Data name="TAC"><value>1</value></Data><Data name="TECHNOLOGY"><value>5G SA</value></Data><Data name="MODE"><value>5G</value></Data><Data name="ARFCN"><value>644640</value></Data><Data name="BAND"><value></value></Data><Data name="BANDWIDTH"><value></value></Data><Data name="CA"><value>false</value></Data><Data name="NR state"><value></value></Data><Data name="RSRP"><value>-105 dBm</value></Data><Data name="RSRQ"><value>-11</value></Data><Data name="LAYER"><value>1</value></Data><Data name="PC"><value>2</value></Data><Data name="DL_BITRATE"><value> kbps</value></Data><Data name="UL_BITRATE"><value> kbps</value></Data><Data name="IP"><value></value></Data><Data name="PHONE STATE"><value>I</value></Data><Data name="IMEI"><value></value></Data><Data name="SPEED"><value>29 km/h</value></Data><Data name="HEIGHT"><value>-3m</value></Data><Data name="ALTITUDE"><value>-3m</value></Data><Data name="LOCATION"><value>G</value></Data><Data name="ACCURACY"><value>3m</value></Data><Data name="DISTANCE"><value>-1m</value></Data><Data name="SITE BEARING"><value>1000deg</value></Data><Data name="ANTENNA BEARING"><value>1000deg</value></Data><Data name="CELLHEX"><value>12</value></Data><Data name="NODEHEX"><value>0</value></Data><Data name="LACHEX"><value>1</value></Data><Data name="RAWCELLID"><value>18</value></Data><Data name="TIME"><value>2026.08.19_12.15.22</value></Data><Data name="NEI1"><value></value></Data><Data name="NEI2"><value></value></Data><Data name="NEI3"><value></value></Data><Data name="NEI4"><value></value></Data><Data name="NEI5"><value></value></Data><Data name="NEI6"><value></value></Data></ExtendedData><Style><LabelStyle><scale>0.0</scale> </LabelStyle><IconStyle><color>FFF07800</color><scale>0.5</scale><Icon><href>http://maps.google.com/mapfiles/kml/shapes/shaded_dot.png</href></Icon></IconStyle></Style><Point><coordinates>-75.75437718,39.66724337,0</coordinates></Point></Placemark><Placemark><name>31 km/h</name><ExtendedData><Data name="CGI"><value>3150100000100018</value></Data><Data name="CELLNAME"><value></value></Data><Data name="CELLID"><value>18</value></Data><Data name="RNC"><value>0</value></Data><Data name="TAC"><value>1</value></Data><Data name="TECHNOLOGY"><value>5G SA</value></Data><Data name="MODE"><value>5G</value></Data><Data name="ARFCN"><value>644640</value></Data><Data name="BAND"><value></value></Data><Data name="BANDWIDTH"><value></value></Data><Data name="CA"><value>false</value></Data><Data name="NR state"><value></value></Data><Data name="RSRP"><value>-105 dBm</value></Data><Data name="RSRQ"><value>-11</value></Data><Data name="LAYER"><value>1</value></Data><Data name="PC"><value>2</value></Data><Data name="DL_BITRATE"><value> kbps</value></Data><Data name="UL_BITRATE"><value> kbps</value></Data><Data name="IP"><value></value></Data><Data name="PHONE STATE"><value>I</value></Data><Data name="IMEI"><value></value></Data><Data name="SPEED"><value>31 km/h</value></Data><Data name="HEIGHT"><value>-2m</value></Data><Data name="ALTITUDE"><value>-2m</value></Data><Data name="LOCATION"><value>G</value></Data><Data name="ACCURACY"><value>3m</value></Data><Data name="DISTANCE"><value>-1m</value></Data><Data name="SITE BEARING"><value>1000deg</value></Data><Data name="ANTENNA BEARING"><value>1000deg</value></Data><Data name="CELLHEX"><value>12</value></Data><Data name="NODEHEX"><value>0</value></Data><Data name="LACHEX"><value>1</value></Data><Data name="RAWCELLID"><value>18</value></Data><Data name="TIME"><value>2026.08.19_12.15.22</value></Data><Data name="NEI1"><value></value></Data><Data name="NEI2"><value></value></Data><Data name="NEI3"><value></value></Data><Data name="NEI4"><value></value></Data><Data name="NEI5"><value></value></Data><Data name="NEI6"><value></value></Data></ExtendedData><Style><LabelStyle><scale>0.0</scale> </LabelStyle><IconStyle><color>FFF07800</color><scale>0.5</scale><Icon><href>http://maps.google.com/mapfiles/kml/shapes/shaded_dot.png</href></Icon></IconStyle></Style><Point><coordinates>-75.75438619,39.66732516,0</coordinates></Point></Placemark><Placemark><name>31 km/h</name><ExtendedData><Data name="CGI"><value>3150100000100018</value></Data><Data name="CELLNAME"><value></value></Data><Data name="CELLID"><value>18</value></Data><Data name="RNC"><value>0</value></Data><Data name="TAC"><value>1</value></Data><Data name="TECHNOLOGY"><value>5G SA</value></Data><Data name="MODE"><value>5G</value></Data><Data name="ARFCN"><value>644640</value></Data><Data name="BAND"><value></value></Data><Data name="BANDWIDTH"><value></value></Data><Data name="CA"><value>false</value></Data><Data name="NR state"><value></value></Data><Data name="RSRP"><value>-105 dBm</value></Data><Data name="RSRQ"><value>-11</value></Data><Data name="LAYER"><value>1</value></Data><Data name="PC"><value>2</value></Data><Data name="DL_BITRATE"><value> kbps</value></Data><Data name="UL_BITRATE"><value> kbps</value></Data><Data name="IP"><value></value></Data><Data name="PHONE STATE"><value>I</value></Data><Data name="IMEI"><value></value></Data><Data name="SPEED"><value>31 km/h</value></Data><Data name="HEIGHT"><value>-2m</value></Data><Data name="ALTITUDE"><value>-2m</value></Data><Data name="LOCATION"><value>G</value></Data><Data name="ACCURACY"><value>3m</value></Data><Data name="DISTANCE"><value>-1m</value></Data><Data name="SITE BEARING"><value>1000deg</value></Data><Data name="ANTENNA BEARING"><value>1000deg</value></Data><Data name="CELLHEX"><value>12</value></Data><Data name="NODEHEX"><value>0</value></Data><Data name="LACHEX"><value>1</value></Data><Data name="RAWCELLID"><value>18</value></Data><Data name="TIME"><value>2026.08.19_12.15.23</value></Data><Data name="NEI1"><value></value></Data><Data name="NEI2"><value></value></Data><Data name="NEI3"><value></value></Data><Data name="NEI4"><value></value></Data><Data name="NEI5"><value></value></Data><Data name="NEI6"><value></value></Data></ExtendedData><Style><LabelStyle><scale>0.0</scale> </LabelStyle><IconStyle><color>FFF07800</color><scale>0.5</scale><Icon><href>http://maps.google.com/mapfiles/kml/shapes/shaded_dot.png</href></Icon></IconStyle></Style><Point><coordinates>-75.75438619,39.66732516,0</coordinates></Point></Placemark><Placemark><name>33 km/h</name><ExtendedData><Data name="CGI"><value>3150100000100018</value></Data><Data name="CELLNAME"><value></value></Data><Data name="CELLID"><value>18</value></Data><Data name="RNC"><value>0</value></Data><Data name="TAC"><value>1</value></Data><Data name="TECHNOLOGY"><value>5G SA</value></Data><Data name="MODE"><value>5G</value></Data><Data name="ARFCN"><value>644640</value></Data><Data name="BAND"><value></value></Data><Data name="BANDWIDTH"><value></value></Data><Data name="CA"><value>false</value></Data><Data name="NR state"><value></value></Data><Data name="RSRP"><value>-105 dBm</value></Data><Data name="RSRQ"><value>-11</value></Data><Data name="LAYER"><value>1</value></Data><Data name="PC"><value>2</value></Data><Data name="DL_BITRATE"><value> kbps</value></Data><Data name="UL_BITRATE"><value> kbps</value></Data><Data name="IP"><value></value></Data><Data name="PHONE STATE"><value>I</value></Data><Data name="IMEI"><value></value></Data><Data name="SPEED"><value>33 km/h</value></Data><Data name="HEIGHT"><value>-2m</value></Data><Data name="ALTITUDE"><value>-2m</value></Data><Data name="LOCATION"><value>G</value></Data><Data name="ACCURACY"><value>3m</value></Data><Data name="DISTANCE"><value>-1m</value></Data><Data name="SITE BEARING"><value>1000deg</value></Data><Data name="ANTENNA BEARING"><value>1000deg</value></Data><Data name="CELLHEX"><value>12</value></Data><Data name="NODEHEX"><value>0</value></Data><Data name="LACHEX"><value>1</value></Data><Data name="RAWCELLID"><value>18</value></Data><Data name="TIME"><value>2026.08.19_12.15.23</value></Data><Data name="NEI1"><value></value></Data><Data name="NEI2"><value></value></Data><Data name="NEI3"><value></value></Data><Data name="NEI4"><value></value></Data><Data name="NEI5"><value></value></Data><Data name="NEI6"><value></value></Data></ExtendedData><Style><LabelStyle><scale>0.0</scale> </LabelStyle><IconStyle><color>FFF07800</color><scale>0.5</scale><Icon><href>http://maps.google.com/mapfiles/kml/shapes/shaded_dot.png</href></Icon></IconStyle></Style><Point><coordinates>-75.75439378,39.66741088,0</coordinates></Point></Placemark><Placemark><name>33 km/h</name><ExtendedData><Data name="CGI"><value>3150100000100018</value></Data><Data name="CELLNAME"><value></value></Data><Data name="CELLID"><value>18</value></Data><Data name="RNC"><value>0</value></Data><Data name="TAC"><value>1</value></Data><Data name="TECHNOLOGY"><value>5G SA</value></Data><Data name="MODE"><value>5G</value></Data><Data name="ARFCN"><value>644640</value></Data><Data name="BAND"><value></value></Data><Data name="BANDWIDTH"><value></value></Data><Data name="CA"><value>false</value></Data><Data name="NR state"><value></value></Data><Data name="RSRP"><value>-105 dBm</value></Data><Data name="RSRQ"><value>-11</value></Data><Data name="LAYER"><value>1</value></Data><Data name="PC"><value>2</value></Data><Data name="DL_BITRATE"><value> kbps</value></Data><Data name="UL_BITRATE"><value> kbps</value></Data><Data name="IP"><value></value></Data><Data name="PHONE STATE"><value>I</value></Data><Data name="IMEI"><value></value></Data><Data name="SPEED"><value>33 km/h</value></Data><Data name="HEIGHT"><value>-2m</value></Data><Data name="ALTITUDE"><value>-2m</value></Data><Data name="LOCATION"><value>G</value></Data><Data name="ACCURACY"><value>3m</value></Data><Data name="DISTANCE"><value>-1m</value></Data><Data name="SITE BEARING"><value>1000deg</value></Data><Data name="ANTENNA BEARING"><value>1000deg</value></Data><Data name="CELLHEX"><value>12</value></Data><Data name="NODEHEX"><value>0</value></Data><Data name="LACHEX"><value>1</value></Data><Data name="RAWCELLID"><value>18</value></Data><Data name="TIME"><value>2026.08.19_12.15.24</value></Data><Data name="NEI1"><value></value></Data><Data name="NEI2"><value></value></Data><Data name="NEI3"><value></value></Data><Data name="NEI4"><value></value></Data><Data name="NEI5"><value></value></Data><Data name="NEI6"><value></value></Data></ExtendedData><Style><LabelStyle><scale>0.0</scale> </LabelStyle><IconStyle><color>FFF07800</color><scale>0.5</scale><Icon><href>http://maps.google.com/mapfiles/kml/shapes/shaded_dot.png</href></Icon></IconStyle></Style><Point><coordinates>-75.75439378,39.66741088,0</coordinates></Point></Placemark><Placemark><name>34 km/h</name><ExtendedData><Data name="CGI"><value>3150100000100018</value></Data><Data name="CELLNAME"><value></value></Data><Data name="CELLID"><value>18</value></Data><Data name="RNC"><value>0</value></Data><Data name="TAC"><value>1</value></Data><Data name="TECHNOLOGY"><value>5G SA</value></Data><Data name="MODE"><value>5G</value></Data><Data name="ARFCN"><value>644640</value></Data><Data name="BAND"><value></value></Data><Data name="BANDWIDTH"><value></value></Data><Data name="CA"><value>false</value></Data><Data name="NR state"><value></value></Data><Data name="RSRP"><value>-105 dBm</value></Data><Data name="RSRQ"><value>-11</value></Data><Data name="LAYER"><value>1</value></Data><Data name="PC"><value>2</value></Data><Data name="DL_BITRATE"><value> kbps</value></Data><Data name="UL_BITRATE"><value> kbps</value></Data><Data name="IP"><value></value></Data><Data name="PHONE STATE"><value>I</value></Data><Data name="IMEI"><value></value></Data><Data name="SPEED"><value>34 km/h</value></Data><Data name="HEIGHT"><value>-2m</value></Data><Data name="ALTITUDE"><value>-2m</value></Data><Data name="LOCATION"><value>G</value></Data><Data name="ACCURACY"><value>3m</value></Data><Data name="DISTANCE"><value>-1m</value></Data><Data name="SITE BEARING"><value>1000deg</value></Data><Data name="ANTENNA BEARING"><value>1000deg</value></Data><Data name="CELLHEX"><value>12</value></Data><Data name="NODEHEX"><value>0</value></Data><Data name="LACHEX"><value>1</value></Data><Data name="RAWCELLID"><value>18</value></Data><Data name="TIME"><value>2026.08.19_12.15.24</value></Data><Data name="NEI1"><value></value></Data><Data name="NEI2"><value></value></Data><Data name="NEI3"><value></value></Data><Data name="NEI4"><value></value></Data><Data name="NEI5"><value></value></Data><Data name="NEI6"><value></value></Data></ExtendedData><Style><LabelStyle><scale>0.0</scale> </LabelStyle><IconStyle><color>FFF07800</color><scale>0.5</scale><Icon><href>http://maps.google.com/mapfiles/kml/shapes/shaded_dot.png</href></Icon></IconStyle></Style><Point><coordinates>-75.7544018,39.66749797,0</coordinates></Point></Placemark><Placemark><name>34 km/h</name><ExtendedData><Data name="CGI"><value>3150100000100018</value></Data><Data name="CELLNAME"><value></value></Data><Data name="CELLID"><value>18</value></Data><Data name="RNC"><value>0</value></Data><Data name="TAC"><value>1</value></Data><Data name="TECHNOLOGY"><value>5G SA</value></Data><Data name="MODE"><value>5G</value></Data><Data name="ARFCN"><value>644640</value></Data><Data name="BAND"><value></value></Data><Data name="BANDWIDTH"><value></value></Data><Data name="CA"><value>false</value></Data><Data name="NR state"><value></value></Data><Data name="RSRP"><value>-105 dBm</value></Data><Data name="RSRQ"><value>-11</value></Data><Data name="LAYER"><value>1</value></Data><Data name="PC"><value>2</value></Data><Data name="DL_BITRATE"><value> kbps</value></Data><Data name="UL_BITRATE"><value> kbps</value></Data><Data name="IP"><value></value></Data><Data name="PHONE STATE"><value>I</value></Data><Data name="IMEI"><value></value></Data><Data name="SPEED"><value>34 km/h</value></Data><Data name="HEIGHT"><value>-2m</value></Data><Data name="ALTITUDE"><value>-2m</value></Data><Data name="LOCATION"><value>G</value></Data><Data name="ACCURACY"><value>3m</value></Data><Data name="DISTANCE"><value>-1m</value></Data><Data name="SITE BEARING"><value>1000deg</value></Data><Data name="ANTENNA BEARING"><value>1000deg</value></Data><Data name="CELLHEX"><value>12</value></Data><Data name="NODEHEX"><value>0</value></Data><Data name="LACHEX"><value>1</value></Data><Data name="RAWCELLID"><value>18</value></Data><Data name="TIME"><value>2026.08.19_12.15.25</value></Data><Data name="NEI1"><value></value></Data><Data name="NEI2"><value></value></Data><Data name="NEI3"><value></value></Data><Data name="NEI4"><value></value></Data><Data name="NEI5"><value></value></Data><Data name="NEI6"><value></value></Data></ExtendedData><Style><LabelStyle><scale>0.0</scale> </LabelStyle><IconStyle><color>FFF07800</color><scale>0.5</scale><Icon><href>http://maps.google.com/mapfiles/kml/shapes/shaded_dot.png</href></Icon></IconStyle></Style><Point><coordinates>-75.7544018,39.66749797,0</coordinates></Point></Placemark><Placemark><name>36 km/h</name><ExtendedData><Data name="CGI"><value>3150100000100018</value></Data><Data name="CELLNAME"><value></value></Data><Data name="CELLID"><value>18</value></Data><Data name="RNC"><value>0</value></Data><Data name="TAC"><value>1</value></Data><Data name="TECHNOLOGY"><value>5G SA</value></Data><Data name="MODE"><value>5G</value></Data><Data name="ARFCN"><value>644640</value></Data><Data name="BAND"><value></value></Data><Data name="BANDWIDTH"><value></value></Data><Data name="CA"><value>false</value></Data><Data name="NR state"><value></value></Data><Data name="RSRP"><value>-105 dBm</value></Data><Data name="RSRQ"><value>-11</value></Data><Data name="LAYER"><value>1</value></Data><Data name="PC"><value>2</value></Data><Data name="DL_BITRATE"><value> kbps</value></Data><Data name="UL_BITRATE"><value> kbps</value></Data><Data name="IP"><value></value></Data><Data name="PHONE STATE"><value>I</value></Data><Data name="IMEI"><value></value></Data><Data name="SPEED"><value>36 km/h</value></Data><Data name="HEIGHT"><value>-3m</value></Data><Data name="ALTITUDE"><value>-3m</value></Data><Data name="LOCATION"><value>G</value></Data><Data name="ACCURACY"><value>3m</value></Data><Data name="DISTANCE"><value>-1m</value></Data><Data name="SITE BEARING"><value>1000deg</value></Data><Data name="ANTENNA BEARING"><value>1000deg</value></Data><Data name="CELLHEX"><value>12</value></Data><Data name="NODEHEX"><value>0</value></Data><Data name="LACHEX"><value>1</value></Data><Data name="RAWCELLID"><value>18</value></Data><Data name="TIME"><value>2026.08.19_12.15.25</value></Data><Data name="NEI1"><value></value></Data><Data name="NEI2"><value></value></Data><Data name="NEI3"><value></value></Data><Data name="NEI4"><value></value></Data><Data name="NEI5"><value></value></Data><Data name="NEI6"><value></value></Data></ExtendedData><Style><LabelStyle><scale>0.0</scale> </LabelStyle><IconStyle><color>FFF07800</color><scale>0.5</scale><Icon><href>http://maps.google.com/mapfiles/kml/shapes/shaded_dot.png</href></Icon></IconStyle></Style><Point><coordinates>-75.75440853,39.66758836,0</coordinates></Point></Placemark><Placemark><name>36 km/h</name><ExtendedData><Data name="CGI"><value>3150100000100018</value></Data><Data name="CELLNAME"><value></value></Data><Data name="CELLID"><value>18</value></Data><Data name="RNC"><value>0</value></Data><Data name="TAC"><value>1</value></Data><Data name="TECHNOLOGY"><value>5G SA</value></Data><Data name="MODE"><value>5G</value></Data><Data name="ARFCN"><value>644640</value></Data><Data name="BAND"><value></value></Data><Data name="BANDWIDTH"><value></value></Data><Data name="CA"><value>false</value></Data><Data name="NR state"><value></value></Data><Data name="RSRP"><value>-105 dBm</value></Data><Data name="RSRQ"><value>-11</value></Data><Data name="LAYER"><value>1</value></Data><Data name="PC"><value>2</value></Data><Data name="DL_BITRATE"><value> kbps</value></Data><Data name="UL_BITRATE"><value> kbps</value></Data><Data name="IP"><value></value></Data><Data name="PHONE STATE"><value>I</value></Data><Data name="IMEI"><value></value></Data><Data name="SPEED"><value>36 km/h</value></Data><Data name="HEIGHT"><value>-3m</value></Data><Data name="ALTITUDE"><value>-3m</value></Data><Data name="LOCATION"><value>G</value></Data><Data name="ACCURACY"><value>3m</value></Data><Data name="DISTANCE"><value>-1m</value></Data><Data name="SITE BEARING"><value>1000deg</value></Data><Data name="ANTENNA BEARING"><value>1000deg</value></Data><Data name="CELLHEX"><value>12</value></Data><Data name="NODEHEX"><value>0</value></Data><Data name="LACHEX"><value>1</value></Data><Data name="RAWCELLID"><value>18</value></Data><Data name="TIME"><value>2026.08.19_12.15.26</value></Data><Data name="NEI1"><value></value></Data><Data name="NEI2"><value></value></Data><Data name="NEI3"><value></value></Data><Data name="NEI4"><value></value></Data><Data name="NEI5"><value></value></Data><Data name="NEI6"><value></value></Data></ExtendedData><Style><LabelStyle><scale>0.0</scale> </LabelStyle><IconStyle><color>FFF07800</color><scale>0.5</scale><Icon><href>http://maps.google.com/mapfiles/kml/shapes/shaded_dot.png</href></Icon></IconStyle></Style><Point><coordinates>-75.75440853,39.66758836,0</coordinates></Point></Placemark><Placemark><name>37 km/h</name><ExtendedData><Data name="CGI"><value>3150100000100018</value></Data><Data name="CELLNAME"><value></value></Data><Data name="CELLID"><value>18</value></Data><Data name="RNC"><value>0</value></Data><Data name="TAC"><value>1</value></Data><Data name="TECHNOLOGY"><value>5G SA</value></Data><Data name="MODE"><value>5G</value></Data><Data name="ARFCN"><value>644640</value></Data><Data name="BAND"><value></value></Data><Data name="BANDWIDTH"><value></value></Data><Data name="CA"><value>false</value></Data><Data name="NR state"><value></value></Data><Data name="RSRP"><value>-105 dBm</value></Data><Data name="RSRQ"><value>-11</value></Data><Data name="LAYER"><value>1</value></Data><Data name="PC"><value>2</value></Data><Data name="DL_BITRATE"><value> kbps</value></Data><Data name="UL_BITRATE"><value> kbps</value></Data><Data name="IP"><value></value></Data><Data name="PHONE STATE"><value>I</value></Data><Data name="IMEI"><value></value></Data><Data name="SPEED"><value>37 km/h</value></Data><Data name="HEIGHT"><value>-3m</value></Data><Data name="ALTITUDE"><value>-3m</value></Data><Data name="LOCATION"><value>G</value></Data><Data name="ACCURACY"><value>3m</value></Data><Data name="DISTANCE"><value>-1m</value></Data><Data name="SITE BEARING"><value>1000deg</value></Data><Data name="ANTENNA BEARING"><value>1000deg</value></Data><Data name="CELLHEX"><value>12</value></Data><Data name="NODEHEX"><value>0</value></Data><Data name="LACHEX"><value>1</value></Data><Data name="RAWCELLID"><value>18</value></Data><Data name="TIME"><value>2026.08.19_12.15.26</value></Data><Data name="NEI1"><value></value></Data><Data name="NEI2"><value></value></Data><Data name="NEI3"><value></value></Data><Data name="NEI4"><value></value></Data><Data name="NEI5"><value></value></Data><Data name="NEI6"><value></value></Data></ExtendedData><Style><LabelStyle><scale>0.0</scale> </LabelStyle><IconStyle><color>FFF07800</color><scale>0.5</scale><Icon><href>http://maps.google.com/mapfiles/kml/shapes/shaded_dot.png</href></Icon></IconStyle></Style><Point><coordinates>-75.75441884,39.66768022,0</coordinates></Point></Placemark><Placemark><name>37 km/h</name><ExtendedData><Data name="CGI"><value>3150100000100018</value></Data><Data name="CELLNAME"><value></value></Data><Data name="CELLID"><value>18</value></Data><Data name="RNC"><value>0</value></Data><Data name="TAC"><value>1</value></Data><Data name="TECHNOLOGY"><value>5G SA</value></Data><Data name="MODE"><value>5G</value></Data><Data name="ARFCN"><value>644640</value></Data><Data name="BAND"><value></value></Data><Data name="BANDWIDTH"><value></value></Data><Data name="CA"><value>false</value></Data><Data name="NR state"><value></value></Data><Data name="RSRP"><value>-105 dBm</value></Data><Data name="RSRQ"><value>-11</value></Data><Data name="LAYER"><value>1</value></Data><Data name="PC"><value>2</value></Data><Data name="DL_BITRATE"><value> kbps</value></Data><Data name="UL_BITRATE"><value> kbps</value></Data><Data name="IP"><value></value></Data><Data name="PHONE STATE"><value>I</value></Data><Data name="IMEI"><value></value></Data><Data name="SPEED"><value>37 km/h</value></Data><Data name="HEIGHT"><value>-3m</value></Data><Data name="ALTITUDE"><value>-3m</value></Data><Data name="LOCATION"><value>G</value></Data><Data name="ACCURACY"><value>3m</value></Data><Data name="DISTANCE"><value>-1m</value></Data><Data name="SITE BEARING"><value>1000deg</value></Data><Data name="ANTENNA BEARING"><value>1000deg</value></Data><Data name="CELLHEX"><value>12</value></Data><Data name="NODEHEX"><value>0</value></Data><Data name="LACHEX"><value>1</value></Data><Data name="RAWCELLID"><value>18</value></Data><Data name="TIME"><value>2026.08.19_12.15.27</value></Data><Data name="NEI1"><value></value></Data><Data name="NEI2"><value></value></Data><Data name="NEI3"><value></value></Data><Data name="NEI4"><value></value></Data><Data name="NEI5"><value></value></Data><Data name="NEI6"><value></value></Data></ExtendedData><Style><LabelStyle><scale>0.0</scale> </LabelStyle><IconStyle><color>FFF07800</color><scale>0.5</scale><Icon><href>http://maps.google.com/mapfiles/kml/shapes/shaded_dot.png</href></Icon></IconStyle></Style><Point><coordinates>-75.75441884,39.66768022,0</coordinates></Point></Placemark><Placemark><name>37 km/h</name><ExtendedData><Data name="CGI"><value>3150100000100018</value></Data><Data name="CELLNAME"><value></value></Data><Data name="CELLID"><value>18</value></Data><Data name="RNC"><value>0</value></Data><Data name="TAC"><value>1</value></Data><Data name="TECHNOLOGY"><value>5G SA</value></Data><Data name="MODE"><value>5G</value></Data><Data name="ARFCN"><value>644640</value></Data><Data name="BAND"><value></value></Data><Data name="BANDWIDTH"><value></value></Data><Data name="CA"><value>false</value></Data><Data name="NR state"><value></value></Data><Data name="RSRP"><value>-105 dBm</value></Data><Data name="RSRQ"><value>-11</value></Data><Data name="LAYER"><value>1</value></Data><Data name="PC"><value>2</value></Data><Data name="DL_BITRATE"><value> kbps</value></Data><Data name="UL_BITRATE"><value> kbps</value></Data><Data name="IP"><value></value></Data><Data name="PHONE STATE"><value>I</value></Data><Data name="IMEI"><value></value></Data><Data name="SPEED"><value>37 km/h</value></Data><Data name="HEIGHT"><value>-3m</value></Data><Data name="ALTITUDE"><value>-3m</value></Data><Data name="LOCATION"><value>G</value></Data><Data name="ACCURACY"><value>3m</value></Data><Data name="DISTANCE"><value>-1m</value></Data><Data name="SITE BEARING"><value>1000deg</value></Data><Data name="ANTENNA BEARING"><value>1000deg</value></Data><Data name="CELLHEX"><value>12</value></Data><Data name="NODEHEX"><value>0</value></Data><Data name="LACHEX"><value>1</value></Data><Data name="RAWCELLID"><value>18</value></Data><Data name="TIME"><value>2026.08.19_12.15.27</value></Data><Data name="NEI1"><value></value></Data><Data name="NEI2"><value></value></Data><Data name="NEI3"><value></value></Data><Data name="NEI4"><value></value></Data><Data name="NEI5"><value></value></Data><Data name="NEI6"><value></value></Data></ExtendedData><Style><LabelStyle><scale>0.0</scale> </LabelStyle><IconStyle><color>FFF07800</color><scale>0.5</scale><Icon><href>http://maps.google.com/mapfiles/kml/shapes/shaded_dot.png</href></Icon></IconStyle></Style><Point><coordinates>-75.7544311,39.6677736,0</coordinates></Point></Placemark><Placemark><name>37 km/h</name><ExtendedData><Data name="CGI"><value>3150100000100018</value></Data><Data name="CELLNAME"><value></value></Data><Data name="CELLID"><value>18</value></Data><Data name="RNC"><value>0</value></Data><Data name="TAC"><value>1</value></Data><Data name="TECHNOLOGY"><value>5G SA</value></Data><Data name="MODE"><value>5G</value></Data><Data name="ARFCN"><value>644640</value></Data><Data name="BAND"><value></value></Data><Data name="BANDWIDTH"><value></value></Data><Data name="CA"><value>false</value></Data><Data name="NR state"><value></value></Data><Data name="RSRP"><value>-105 dBm</value></Data><Data name="RSRQ"><value>-11</value></Data><Data name="LAYER"><value>1</value></Data><Data name="PC"><value>2</value></Data><Data name="DL_BITRATE"><value> kbps</value></Data><Data name="UL_BITRATE"><value> kbps</value></Data><Data name="IP"><value></value></Data><Data name="PHONE STATE"><value>I</value></Data><Data name="IMEI"><value></value></Data><Data name="SPEED"><value>37 km/h</value></Data><Data name="HEIGHT"><value>-3m</value></Data><Data name="ALTITUDE"><value>-3m</value></Data><Data name="LOCATION"><value>G</value></Data><Data name="ACCURACY"><value>3m</value></Data><Data name="DISTANCE"><value>-1m</value></Data><Data name="SITE BEARING"><value>1000deg</value></Data><Data name="ANTENNA BEARING"><value>1000deg</value></Data><Data name="CELLHEX"><value>12</value></Data><Data name="NODEHEX"><value>0</value></Data><Data name="LACHEX"><value>1</value></Data><Data name="RAWCELLID"><value>18</value></Data><Data name="TIME"><value>2026.08.19_12.15.28</value></Data><Data name="NEI1"><value></value></Data><Data name="NEI2"><value></value></Data><Data name="NEI3"><value></value></Data><Data name="NEI4"><value></value></Data><Data name="NEI5"><value></value></Data><Data name="NEI6"><value></value></Data></ExtendedData><Style><LabelStyle><scale>0.0</scale> </LabelStyle><IconStyle><color>FFF07800</color><scale>0.5</scale><Icon><href>http://maps.google.com/mapfiles/kml/shapes/shaded_dot.png</href></Icon></IconStyle></Style><Point><coordinates>-75.7544311,39.6677736,0</coordinates></Point></Placemark><Placemark><name>36 km/h</name><ExtendedData><Data name="CGI"><value>3150100000100018</value></Data><Data name="CELLNAME"><value></value></Data><Data name="CELLID"><value>18</value></Data><Data name="RNC"><value>0</value></Data><Data name="TAC"><value>1</value></Data><Data name="TECHNOLOGY"><value>5G SA</value></Data><Data name="MODE"><value>5G</value></Data><Data name="ARFCN"><value>644640</value></Data><Data name="BAND"><value></value></Data><Data name="BANDWIDTH"><value></value></Data><Data name="CA"><value>false</value></Data><Data name="NR state"><value></value></Data><Data name="RSRP"><value>-105 dBm</value></Data><Data name="RSRQ"><value>-11</value></Data><Data name="LAYER"><value>1</value></Data><Data name="PC"><value>2</value></Data><Data name="DL_BITRATE"><value> kbps</value></Data><Data name="UL_BITRATE"><value> kbps</value></Data><Data name="IP"><value></value></Data><Data name="PHONE STATE"><value>I</value></Data><Data name="IMEI"><value></value></Data><Data name="SPEED"><value>36 km/h</value></Data><Data name="HEIGHT"><value>-3m</value></Data><Data name="ALTITUDE"><value>-3m</value></Data><Data name="LOCATION"><value>G</value></Data><Data name="ACCURACY"><value>3m</value></Data><Data name="DISTANCE"><value>-1m</value></Data><Data name="SITE BEARING"><value>1000deg</value></Data><Data name="ANTENNA BEARING"><value>1000deg</value></Data><Data name="CELLHEX"><value>12</value></Data><Data name="NODEHEX"><value>0</value></Data><Data name="LACHEX"><value>1</value></Data><Data name="RAWCELLID"><value>18</value></Data><Data name="TIME"><value>2026.08.19_12.15.28</value></Data><Data name="NEI1"><value></value></Data><Data name="NEI2"><value></value></Data><Data name="NEI3"><value></value></Data><Data name="NEI4"><value></value></Data><Data name="NEI5"><value></value></Data><Data name="NEI6"><value></value></Data></ExtendedData><Style><LabelStyle><scale>0.0</scale> </LabelStyle><IconStyle><color>FFF07800</color><scale>0.5</scale><Icon><href>http://maps.google.com/mapfiles/kml/shapes/shaded_dot.png</href></Icon></IconStyle></Style><Point><coordinates>-75.75444282,39.66786337,0</coordinates></Point></Placemark><Placemark><name>36 km/h</name><ExtendedData><Data name="CGI"><value>3150100000100018</value></Data><Data name="CELLNAME"><value></value></Data><Data name="CELLID"><value>18</value></Data><Data name="RNC"><value>0</value></Data><Data name="TAC"><value>1</value></Data><Data name="TECHNOLOGY"><value>5G SA</value></Data><Data name="MODE"><value>5G</value></Data><Data name="ARFCN"><value>644640</value></Data><Data name="BAND"><value></value></Data><Data name="BANDWIDTH"><value></value></Data><Data name="CA"><value>false</value></Data><Data name="NR state"><value></value></Data><Data name="RSRP"><value>-105 dBm</value></Data><Data name="RSRQ"><value>-11</value></Data><Data name="LAYER"><value>1</value></Data><Data name="PC"><value>2</value></Data><Data name="DL_BITRATE"><value> kbps</value></Data><Data name="UL_BITRATE"><value> kbps</value></Data><Data name="IP"><value></value></Data><Data name="PHONE STATE"><value>I</value></Data><Data name="IMEI"><value></value></Data><Data name="SPEED"><value>36 km/h</value></Data><Data name="HEIGHT"><value>-3m</value></Data><Data name="ALTITUDE"><value>-3m</value></Data><Data name="LOCATION"><value>G</value></Data><Data name="ACCURACY"><value>3m</value></Data><Data name="DISTANCE"><value>-1m</value></Data><Data name="SITE BEARING"><value>1000deg</value></Data><Data name="ANTENNA BEARING"><value>1000deg</value></Data><Data name="CELLHEX"><value>12</value></Data><Data name="NODEHEX"><value>0</value></Data><Data name="LACHEX"><value>1</value></Data><Data name="RAWCELLID"><value>18</value></Data><Data name="TIME"><value>2026.08.19_12.15.29</value></Data><Data name="NEI1"><value></value></Data><Data name="NEI2"><value></value></Data><Data name="NEI3"><value></value></Data><Data name="NEI4"><value></value></Data><Data name="NEI5"><value></value></Data><Data name="NEI6"><value></value></Data></ExtendedData><Style><LabelStyle><scale>0.0</scale> </LabelStyle><IconStyle><color>FFF07800</color><scale>0.5</scale><Icon><href>http://maps.google.com/mapfiles/kml/shapes/shaded_dot.png</href></Icon></IconStyle></Style><Point><coordinates>-75.75444282,39.66786337,0</coordinates></Point></Placemark><Placemark><name>32 km/h</name><ExtendedData><Data name="CGI"><value>3150100000100018</value></Data><Data name="CELLNAME"><value></value></Data><Data name="CELLID"><value>18</value></Data><Data name="RNC"><value>0</value></Data><Data name="TAC"><value>1</value></Data><Data name="TECHNOLOGY"><value>5G SA</value></Data><Data name="MODE"><value>5G</value></Data><Data name="ARFCN"><value>644640</value></Data><Data name="BAND"><value></value></Data><Data name="BANDWIDTH"><value></value></Data><Data name="CA"><value>false</value></Data><Data name="NR state"><value></value></Data><Data name="RSRP"><value>-105 dBm</value></Data><Data name="RSRQ"><value>-11</value></Data><Data name="LAYER"><value>1</value></Data><Data name="PC"><value>2</value></Data><Data name="DL_BITRATE"><value> kbps</value></Data><Data name="UL_BITRATE"><value> kbps</value></Data><Data name="IP"><value></value></Data><Data name="PHONE STATE"><value>I</value></Data><Data name="IMEI"><value></value></Data><Data name="SPEED"><value>32 km/h</value></Data><Data name="HEIGHT"><value>-3m</value></Data><Data name="ALTITUDE"><value>-3m</value></Data><Data name="LOCATION"><value>G</value></Data><Data name="ACCURACY"><value>3m</value></Data><Data name="DISTANCE"><value>-1m</value></Data><Data name="SITE BEARING"><value>1000deg</value></Data><Data name="ANTENNA BEARING"><value>1000deg</value></Data><Data name="CELLHEX"><value>12</value></Data><Data name="NODEHEX"><value>0</value></Data><Data name="LACHEX"><value>1</value></Data><Data name="RAWCELLID"><value>18</value></Data><Data name="TIME"><value>2026.08.19_12.15.29</value></Data><Data name="NEI1"><value></value></Data><Data name="NEI2"><value></value></Data><Data name="NEI3"><value></value></Data><Data name="NEI4"><value></value></Data><Data name="NEI5"><value></value></Data><Data name="NEI6"><value></value></Data></ExtendedData><Style><LabelStyle><scale>0.0</scale> </LabelStyle><IconStyle><color>FFF07800</color><scale>0.5</scale><Icon><href>http://maps.google.com/mapfiles/kml/shapes/shaded_dot.png</href></Icon></IconStyle></Style><Point><coordinates>-75.7544553,39.66794449,0</coordinates></Point></Placemark><Placemark><name>32 km/h</name><ExtendedData><Data name="CGI"><value>3150100000100018</value></Data><Data name="CELLNAME"><value></value></Data><Data name="CELLID"><value>18</value></Data><Data name="RNC"><value>0</value></Data><Data name="TAC"><value>1</value></Data><Data name="TECHNOLOGY"><value>5G SA</value></Data><Data name="MODE"><value>5G</value></Data><Data name="ARFCN"><value>644640</value></Data><Data name="BAND"><value></value></Data><Data name="BANDWIDTH"><value></value></Data><Data name="CA"><value>false</value></Data><Data name="NR state"><value></value></Data><Data name="RSRP"><value>-105 dBm</value></Data><Data name="RSRQ"><value>-11</value></Data><Data name="LAYER"><value>1</value></Data><Data name="PC"><value>2</value></Data><Data name="DL_BITRATE"><value> kbps</value></Data><Data name="UL_BITRATE"><value> kbps</value></Data><Data name="IP"><value></value></Data><Data name="PHONE STATE"><value>I</value></Data><Data name="IMEI"><value></value></Data><Data name="SPEED"><value>32 km/h</value></Data><Data name="HEIGHT"><value>-3m</value></Data><Data name="ALTITUDE"><value>-3m</value></Data><Data name="LOCATION"><value>G</value></Data><Data name="ACCURACY"><value>3m</value></Data><Data name="DISTANCE"><value>-1m</value></Data><Data name="SITE BEARING"><value>1000deg</value></Data><Data name="ANTENNA BEARING"><value>1000deg</value></Data><Data name="CELLHEX"><value>12</value></Data><Data name="NODEHEX"><value>0</value></Data><Data name="LACHEX"><value>1</value></Data><Data name="RAWCELLID"><value>18</value></Data><Data name="TIME"><value>2026.08.19_12.15.30</value></Data><Data name="NEI1"><value></value></Data><Data name="NEI2"><value></value></Data><Data name="NEI3"><value></value></Data><Data name="NEI4"><value></value></Data><Data name="NEI5"><value></value></Data><Data name="NEI6"><value></value></Data></ExtendedData><Style><LabelStyle><scale>0.0</scale> </LabelStyle><IconStyle><color>FFF07800</color><scale>0.5</scale><Icon><href>http://maps.google.com/mapfiles/kml/shapes/shaded_dot.png</href></Icon></IconStyle></Style><Point><coordinates>-75.7544553,39.66794449,0</coordinates></Point></Placemark><Placemark><name>26 km/h</name><ExtendedData><Data name="CGI"><value>3150100000100018</value></Data><Data name="CELLNAME"><value></value></Data><Data name="CELLID"><value>18</value></Data><Data name="RNC"><value>0</value></Data><Data name="TAC"><value>1</value></Data><Data name="TECHNOLOGY"><value>5G SA</value></Data><Data name="MODE"><value>5G</value></Data><Data name="ARFCN"><value>644640</value></Data><Data name="BAND"><value></value></Data><Data name="BANDWIDTH"><value></value></Data><Data name="CA"><value>false</value></Data><Data name="NR state"><value></value></Data><Data name="RSRP"><value>-105 dBm</value></Data><Data name="RSRQ"><value>-11</value></Data><Data name="LAYER"><value>1</value></Data><Data name="PC"><value>2</value></Data><Data name="DL_BITRATE"><value> kbps</value></Data><Data name="UL_BITRATE"><value> kbps</value></Data><Data name="IP"><value></value></Data><Data name="PHONE STATE"><value>I</value></Data><Data name="IMEI"><value></value></Data><Data name="SPEED"><value>26 km/h</value></Data><Data name="HEIGHT"><value>-3m</value></Data><Data name="ALTITUDE"><value>-3m</value></Data><Data name="LOCATION"><value>G</value></Data><Data name="ACCURACY"><value>3m</value></Data><Data name="DISTANCE"><value>-1m</value></Data><Data name="SITE BEARING"><value>1000deg</value></Data><Data name="ANTENNA BEARING"><value>1000deg</value></Data><Data name="CELLHEX"><value>12</value></Data><Data name="NODEHEX"><value>0</value></Data><Data name="LACHEX"><value>1</value></Data><Data name="RAWCELLID"><value>18</value></Data><Data name="TIME"><value>2026.08.19_12.15.30</value></Data><Data name="NEI1"><value></value></Data><Data name="NEI2"><value></value></Data><Data name="NEI3"><value></value></Data><Data name="NEI4"><value></value></Data><Data name="NEI5"><value></value></Data><Data name="NEI6"><value></value></Data></ExtendedData><Style><LabelStyle><scale>0.0</scale> </LabelStyle><IconStyle><color>FFF07800</color><scale>0.5</scale><Icon><href>http://maps.google.com/mapfiles/kml/shapes/shaded_dot.png</href></Icon></IconStyle></Style><Point><coordinates>-75.75446399,39.6680086,0</coordinates></Point></Placemark><Placemark><name>26 km/h</name><ExtendedData><Data name="CGI"><value>3150100000100018</value></Data><Data name="CELLNAME"><value></value></Data><Data name="CELLID"><value>18</value></Data><Data name="RNC"><value>0</value></Data><Data name="TAC"><value>1</value></Data><Data name="TECHNOLOGY"><value>5G SA</value></Data><Data name="MODE"><value>5G</value></Data><Data name="ARFCN"><value>644640</value></Data><Data name="BAND"><value></value></Data><Data name="BANDWIDTH"><value></value></Data><Data name="CA"><value>false</value></Data><Data name="NR state"><value></value></Data><Data name="RSRP"><value>-105 dBm</value></Data><Data name="RSRQ"><value>-11</value></Data><Data name="LAYER"><value>1</value></Data><Data name="PC"><value>2</value></Data><Data name="DL_BITRATE"><value> kbps</value></Data><Data name="UL_BITRATE"><value> kbps</value></Data><Data name="IP"><value></value></Data><Data name="PHONE STATE"><value>I</value></Data><Data name="IMEI"><value></value></Data><Data name="SPEED"><value>26 km/h</value></Data><Data name="HEIGHT"><value>-3m</value></Data><Data name="ALTITUDE"><value>-3m</value></Data><Data name="LOCATION"><value>G</value></Data><Data name="ACCURACY"><value>3m</value></Data><Data name="DISTANCE"><value>-1m</value></Data><Data name="SITE BEARING"><value>1000deg</value></Data><Data name="ANTENNA BEARING"><value>1000deg</value></Data><Data name="CELLHEX"><value>12</value></Data><Data name="NODEHEX"><value>0</value></Data><Data name="LACHEX"><value>1</value></Data><Data name="RAWCELLID"><value>18</value></Data><Data name="TIME"><value>2026.08.19_12.15.31</value></Data><Data name="NEI1"><value></value></Data><Data name="NEI2"><value></value></Data><Data name="NEI3"><value></value></Data><Data name="NEI4"><value></value></Data><Data name="NEI5"><value></value></Data><Data name="NEI6"><value></value></Data></ExtendedData><Style><LabelStyle><scale>0.0</scale> </LabelStyle><IconStyle><color>FFF07800</color><scale>0.5</scale><Icon><href>http://maps.google.com/mapfiles/kml/shapes/shaded_dot.png</href></Icon></IconStyle></Style><Point><coordinates>-75.75446399,39.6680086,0</coordinates></Point></Placemark><Placemark><name>20 km/h</name><ExtendedData><Data name="CGI"><value>3150100000100018</value></Data><Data name="CELLNAME"><value></value></Data><Data name="CELLID"><value>18</value></Data><Data name="RNC"><value>0</value></Data><Data name="TAC"><value>1</value></Data><Data name="TECHNOLOGY"><value>5G SA</value></Data><Data name="MODE"><value>5G</value></Data><Data name="ARFCN"><value>644640</value></Data><Data name="BAND"><value></value></Data><Data name="BANDWIDTH"><value></value></Data><Data name="CA"><value>false</value></Data><Data name="NR state"><value></value></Data><Data name="RSRP"><value>-105 dBm</value></Data><Data name="RSRQ"><value>-11</value></Data><Data name="LAYER"><value>1</value></Data><Data name="PC"><value>2</value></Data><Data name="DL_BITRATE"><value> kbps</value></Data><Data name="UL_BITRATE"><value> kbps</value></Data><Data name="IP"><value></value></Data><Data name="PHONE STATE"><value>I</value></Data><Data name="IMEI"><value></value></Data><Data name="SPEED"><value>20 km/h</value></Data><Data name="HEIGHT"><value>-4m</value></Data><Data name="ALTITUDE"><value>-4m</value></Data><Data name="LOCATION"><value>G</value></Data><Data name="ACCURACY"><value>3m</value></Data><Data name="DISTANCE"><value>-1m</value></Data><Data name="SITE BEARING"><value>1000deg</value></Data><Data name="ANTENNA BEARING"><value>1000deg</value></Data><Data name="CELLHEX"><value>12</value></Data><Data name="NODEHEX"><value>0</value></Data><Data name="LACHEX"><value>1</value></Data><Data name="RAWCELLID"><value>18</value></Data><Data name="TIME"><value>2026.08.19_12.15.31</value></Data><Data name="NEI1"><value></value></Data><Data name="NEI2"><value></value></Data><Data name="NEI3"><value></value></Data><Data name="NEI4"><value></value></Data><Data name="NEI5"><value></value></Data><Data name="NEI6"><value></value></Data></ExtendedData><Style><LabelStyle><scale>0.0</scale> </LabelStyle><IconStyle><color>FFF07800</color><scale>0.5</scale><Icon><href>http://maps.google.com/mapfiles/kml/shapes/shaded_dot.png</href></Icon></IconStyle></Style><Point><coordinates>-75.75446229,39.66806097,0</coordinates></Point></Placemark><Placemark><name>20 km/h</name><ExtendedData><Data name="CGI"><value>3150100000100018</value></Data><Data name="CELLNAME"><value></value></Data><Data name="CELLID"><value>18</value></Data><Data name="RNC"><value>0</value></Data><Data name="TAC"><value>1</value></Data><Data name="TECHNOLOGY"><value>5G SA</value></Data><Data name="MODE"><value>5G</value></Data><Data name="ARFCN"><value>644640</value></Data><Data name="BAND"><value></value></Data><Data name="BANDWIDTH"><value></value></Data><Data name="CA"><value>false</value></Data><Data name="NR state"><value></value></Data><Data name="RSRP"><value>-105 dBm</value></Data><Data name="RSRQ"><value>-11</value></Data><Data name="LAYER"><value>1</value></Data><Data name="PC"><value>2</value></Data><Data name="DL_BITRATE"><value> kbps</value></Data><Data name="UL_BITRATE"><value> kbps</value></Data><Data name="IP"><value></value></Data><Data name="PHONE STATE"><value>I</value></Data><Data name="IMEI"><value></value></Data><Data name="SPEED"><value>20 km/h</value></Data><Data name="HEIGHT"><value>-4m</value></Data><Data name="ALTITUDE"><value>-4m</value></Data><Data name="LOCATION"><value>G</value></Data><Data name="ACCURACY"><value>3m</value></Data><Data name="DISTANCE"><value>-1m</value></Data><Data name="SITE BEARING"><value>1000deg</value></Data><Data name="ANTENNA BEARING"><value>1000deg</value></Data><Data name="CELLHEX"><value>12</value></Data><Data name="NODEHEX"><value>0</value></Data><Data name="LACHEX"><value>1</value></Data><Data name="RAWCELLID"><value>18</value></Data><Data name="TIME"><value>2026.08.19_12.15.32</value></Data><Data name="NEI1"><value></value></Data><Data name="NEI2"><value></value></Data><Data name="NEI3"><value></value></Data><Data name="NEI4"><value></value></Data><Data name="NEI5"><value></value></Data><Data name="NEI6"><value></value></Data></ExtendedData><Style><LabelStyle><scale>0.0</scale> </LabelStyle><IconStyle><color>FFF07800</color><scale>0.5</scale><Icon><href>http://maps.google.com/mapfiles/kml/shapes/shaded_dot.png</href></Icon></IconStyle></Style><Point><coordinates>-75.75446229,39.66806097,0</coordinates></Point></Placemark><Placemark><name>18 km/h</name><ExtendedData><Data name="CGI"><value>3150100000100018</value></Data><Data name="CELLNAME"><value></value></Data><Data name="CELLID"><value>18</value></Data><Data name="RNC"><value>0</value></Data><Data name="TAC"><value>1</value></Data><Data name="TECHNOLOGY"><value>5G SA</value></Data><Data name="MODE"><value>5G</value></Data><Data name="ARFCN"><value>644640</value></Data><Data name="BAND"><value></value></Data><Data name="BANDWIDTH"><value></value></Data><Data name="CA"><value>false</value></Data><Data name="NR state"><value></value></Data><Data name="RSRP"><value>-105 dBm</value></Data><Data name="RSRQ"><value>-11</value></Data><Data name="LAYER"><value>1</value></Data><Data name="PC"><value>2</value></Data><Data name="DL_BITRATE"><value> kbps</value></Data><Data name="UL_BITRATE"><value> kbps</value></Data><Data name="IP"><value></value></Data><Data name="PHONE STATE"><value>I</value></Data><Data name="IMEI"><value></value></Data><Data name="SPEED"><value>18 km/h</value></Data><Data name="HEIGHT"><value>-4m</value></Data><Data name="ALTITUDE"><value>-4m</value></Data><Data name="LOCATION"><value>G</value></Data><Data name="ACCURACY"><value>3m</value></Data><Data name="DISTANCE"><value>-1m</value></Data><Data name="SITE BEARING"><value>1000deg</value></Data><Data name="ANTENNA BEARING"><value>1000deg</value></Data><Data name="CELLHEX"><value>12</value></Data><Data name="NODEHEX"><value>0</value></Data><Data name="LACHEX"><value>1</value></Data><Data name="RAWCELLID"><value>18</value></Data><Data name="TIME"><value>2026.08.19_12.15.32</value></Data><Data name="NEI1"><value></value></Data><Data name="NEI2"><value></value></Data><Data name="NEI3"><value></value></Data><Data name="NEI4"><value></value></Data><Data name="NEI5"><value></value></Data><Data name="NEI6"><value></value></Data></ExtendedData><Style><LabelStyle><scale>0.0</scale> </LabelStyle><IconStyle><color>FF780A14</color><scale>0.5</scale><Icon><href>http://maps.google.com/mapfiles/kml/shapes/shaded_dot.png</href></Icon></IconStyle></Style><Point><coordinates>-75.75444627,39.66810493,0</coordinates></Point></Placemark><Placemark><name>18 km/h</name><ExtendedData><Data name="CGI"><value>3150100000100018</value></Data><Data name="CELLNAME"><value></value></Data><Data name="CELLID"><value>18</value></Data><Data name="RNC"><value>0</value></Data><Data name="TAC"><value>1</value></Data><Data name="TECHNOLOGY"><value>5G SA</value></Data><Data name="MODE"><value>5G</value></Data><Data name="ARFCN"><value>644640</value></Data><Data name="BAND"><value></value></Data><Data name="BANDWIDTH"><value></value></Data><Data name="CA"><value>false</value></Data><Data name="NR state"><value></value></Data><Data name="RSRP"><value>-105 dBm</value></Data><Data name="RSRQ"><value>-11</value></Data><Data name="LAYER"><value>1</value></Data><Data name="PC"><value>2</value></Data><Data name="DL_BITRATE"><value> kbps</value></Data><Data name="UL_BITRATE"><value> kbps</value></Data><Data name="IP"><value></value></Data><Data name="PHONE STATE"><value>I</value></Data><Data name="IMEI"><value></value></Data><Data name="SPEED"><value>18 km/h</value></Data><Data name="HEIGHT"><value>-4m</value></Data><Data name="ALTITUDE"><value>-4m</value></Data><Data name="LOCATION"><value>G</value></Data><Data name="ACCURACY"><value>3m</value></Data><Data name="DISTANCE"><value>-1m</value></Data><Data name="SITE BEARING"><value>1000deg</value></Data><Data name="ANTENNA BEARING"><value>1000deg</value></Data><Data name="CELLHEX"><value>12</value></Data><Data name="NODEHEX"><value>0</value></Data><Data name="LACHEX"><value>1</value></Data><Data name="RAWCELLID"><value>18</value></Data><Data name="TIME"><value>2026.08.19_12.15.33</value></Data><Data name="NEI1"><value></value></Data><Data name="NEI2"><value></value></Data><Data name="NEI3"><value></value></Data><Data name="NEI4"><value></value></Data><Data name="NEI5"><value></value></Data><Data name="NEI6"><value></value></Data></ExtendedData><Style><LabelStyle><scale>0.0</scale> </LabelStyle><IconStyle><color>FF780A14</color><scale>0.5</scale><Icon><href>http://maps.google.com/mapfiles/kml/shapes/shaded_dot.png</href></Icon></IconStyle></Style><Point><coordinates>-75.75444627,39.66810493,0</coordinates></Point></Placemark><Placemark><name>18 km/h</name><ExtendedData><Data name="CGI"><value>3150100000100018</value></Data><Data name="CELLNAME"><value></value></Data><Data name="CELLID"><value>18</value></Data><Data name="RNC"><value>0</value></Data><Data name="TAC"><value>1</value></Data><Data name="TECHNOLOGY"><value>5G SA</value></Data><Data name="MODE"><value>5G</value></Data><Data name="ARFCN"><value>644640</value></Data><Data name="BAND"><value></value></Data><Data name="BANDWIDTH"><value></value></Data><Data name="CA"><value>false</value></Data><Data name="NR state"><value></value></Data><Data name="RSRP"><value>-105 dBm</value></Data><Data name="RSRQ"><value>-11</value></Data><Data name="LAYER"><value>1</value></Data><Data name="PC"><value>2</value></Data><Data name="DL_BITRATE"><value> kbps</value></Data><Data name="UL_BITRATE"><value> kbps</value></Data><Data name="IP"><value></value></Data><Data name="PHONE STATE"><value>I</value></Data><Data name="IMEI"><value></value></Data><Data name="SPEED"><value>18 km/h</value></Data><Data name="HEIGHT"><value>-4m</value></Data><Data name="ALTITUDE"><value>-4m</value></Data><Data name="LOCATION"><value>G</value></Data><Data name="ACCURACY"><value>3m</value></Data><Data name="DISTANCE"><value>-1m</value></Data><Data name="SITE BEARING"><value>1000deg</value></Data><Data name="ANTENNA BEARING"><value>1000deg</value></Data><Data name="CELLHEX"><value>12</value></Data><Data name="NODEHEX"><value>0</value></Data><Data name="LACHEX"><value>1</value></Data><Data name="RAWCELLID"><value>18</value></Data><Data name="TIME"><value>2026.08.19_12.15.33</value></Data><Data name="NEI1"><value></value></Data><Data name="NEI2"><value></value></Data><Data name="NEI3"><value></value></Data><Data name="NEI4"><value></value></Data><Data name="NEI5"><value></value></Data><Data name="NEI6"><value></value></Data></ExtendedData><Style><LabelStyle><scale>0.0</scale> </LabelStyle><IconStyle><color>FF780A14</color><scale>0.5</scale><Icon><href>http://maps.google.com/mapfiles/kml/shapes/shaded_dot.png</href></Icon></IconStyle></Style><Point><coordinates>-75.75440677,39.66814028,0</coordinates></Point></Placemark><Placemark><name>18 km/h</name><ExtendedData><Data name="CGI"><value>3150100000100018</value></Data><Data name="CELLNAME"><value></value></Data><Data name="CELLID"><value>18</value></Data><Data name="RNC"><value>0</value></Data><Data name="TAC"><value>1</value></Data><Data name="TECHNOLOGY"><value>5G SA</value></Data><Data name="MODE"><value>5G</value></Data><Data name="ARFCN"><value>644640</value></Data><Data name="BAND"><value></value></Data><Data name="BANDWIDTH"><value></value></Data><Data name="CA"><value>false</value></Data><Data name="NR state"><value></value></Data><Data name="RSRP"><value>-105 dBm</value></Data><Data name="RSRQ"><value>-11</value></Data><Data name="LAYER"><value>1</value></Data><Data name="PC"><value>2</value></Data><Data name="DL_BITRATE"><value> kbps</value></Data><Data name="UL_BITRATE"><value> kbps</value></Data><Data name="IP"><value></value></Data><Data name="PHONE STATE"><value>I</value></Data><Data name="IMEI"><value></value></Data><Data name="SPEED"><value>18 km/h</value></Data><Data name="HEIGHT"><value>-4m</value></Data><Data name="ALTITUDE"><value>-4m</value></Data><Data name="LOCATION"><value>G</value></Data><Data name="ACCURACY"><value>3m</value></Data><Data name="DISTANCE"><value>-1m</value></Data><Data name="SITE BEARING"><value>1000deg</value></Data><Data name="ANTENNA BEARING"><value>1000deg</value></Data><Data name="CELLHEX"><value>12</value></Data><Data name="NODEHEX"><value>0</value></Data><Data name="LACHEX"><value>1</value></Data><Data name="RAWCELLID"><value>18</value></Data><Data name="TIME"><value>2026.08.19_12.15.34</value></Data><Data name="NEI1"><value></value></Data><Data name="NEI2"><value></value></Data><Data name="NEI3"><value></value></Data><Data name="NEI4"><value></value></Data><Data name="NEI5"><value></value></Data><Data name="NEI6"><value></value></Data></ExtendedData><Style><LabelStyle><scale>0.0</scale> </LabelStyle><IconStyle><color>FF780A14</color><scale>0.5</scale><Icon><href>http://maps.google.com/mapfiles/kml/shapes/shaded_dot.png</href></Icon></IconStyle></Style><Point><coordinates>-75.75440677,39.66814028,0</coordinates></Point></Placemark><Placemark><name>20 km/h</name><ExtendedData><Data name="CGI"><value>3150100000100018</value></Data><Data name="CELLNAME"><value></value></Data><Data name="CELLID"><value>18</value></Data><Data name="RNC"><value>0</value></Data><Data name="TAC"><value>1</value></Data><Data name="TECHNOLOGY"><value>5G SA</value></Data><Data name="MODE"><value>5G</value></Data><Data name="ARFCN"><value>644640</value></Data><Data name="BAND"><value></value></Data><Data name="BANDWIDTH"><value></value></Data><Data name="CA"><value>false</value></Data><Data name="NR state"><value></value></Data><Data name="RSRP"><value>-105 dBm</value></Data><Data name="RSRQ"><value>-11</value></Data><Data name="LAYER"><value>1</value></Data><Data name="PC"><value>2</value></Data><Data name="DL_BITRATE"><value> kbps</value></Data><Data name="UL_BITRATE"><value> kbps</value></Data><Data name="IP"><value></value></Data><Data name="PHONE STATE"><value>I</value></Data><Data name="IMEI"><value></value></Data><Data name="SPEED"><value>20 km/h</value></Data><Data name="HEIGHT"><value>-4m</value></Data><Data name="ALTITUDE"><value>-4m</value></Data><Data name="LOCATION"><value>G</value></Data><Data name="ACCURACY"><value>3m</value></Data><Data name="DISTANCE"><value>-1m</value></Data><Data name="SITE BEARING"><value>1000deg</value></Data><Data name="ANTENNA BEARING"><value>1000deg</value></Data><Data name="CELLHEX"><value>12</value></Data><Data name="NODEHEX"><value>0</value></Data><Data name="LACHEX"><value>1</value></Data><Data name="RAWCELLID"><value>18</value></Data><Data name="TIME"><value>2026.08.19_12.15.34</value></Data><Data name="NEI1"><value></value></Data><Data name="NEI2"><value></value></Data><Data name="NEI3"><value></value></Data><Data name="NEI4"><value></value></Data><Data name="NEI5"><value></value></Data><Data name="NEI6"><value></value></Data></ExtendedData><Style><LabelStyle><scale>0.0</scale> </LabelStyle><IconStyle><color>FFF07800</color><scale>0.5</scale><Icon><href>http://maps.google.com/mapfiles/kml/shapes/shaded_dot.png</href></Icon></IconStyle></Style><Point><coordinates>-75.75434779,39.6681667,0</coordinates></Point></Placemark><Placemark><name>20 km/h</name><ExtendedData><Data name="CGI"><value>3150100000100018</value></Data><Data name="CELLNAME"><value></value></Data><Data name="CELLID"><value>18</value></Data><Data name="RNC"><value>0</value></Data><Data name="TAC"><value>1</value></Data><Data name="TECHNOLOGY"><value>5G SA</value></Data><Data name="MODE"><value>5G</value></Data><Data name="ARFCN"><value>644640</value></Data><Data name="BAND"><value></value></Data><Data name="BANDWIDTH"><value></value></Data><Data name="CA"><value>false</value></Data><Data name="NR state"><value></value></Data><Data name="RSRP"><value>-105 dBm</value></Data><Data name="RSRQ"><value>-11</value></Data><Data name="LAYER"><value>1</value></Data><Data name="PC"><value>2</value></Data><Data name="DL_BITRATE"><value> kbps</value></Data><Data name="UL_BITRATE"><value> kbps</value></Data><Data name="IP"><value></value></Data><Data name="PHONE STATE"><value>I</value></Data><Data name="IMEI"><value></value></Data><Data name="SPEED"><value>20 km/h</value></Data><Data name="HEIGHT"><value>-4m</value></Data><Data name="ALTITUDE"><value>-4m</value></Data><Data name="LOCATION"><value>G</value></Data><Data name="ACCURACY"><value>3m</value></Data><Data name="DISTANCE"><value>-1m</value></Data><Data name="SITE BEARING"><value>1000deg</value></Data><Data name="ANTENNA BEARING"><value>1000deg</value></Data><Data name="CELLHEX"><value>12</value></Data><Data name="NODEHEX"><value>0</value></Data><Data name="LACHEX"><value>1</value></Data><Data name="RAWCELLID"><value>18</value></Data><Data name="TIME"><value>2026.08.19_12.15.35</value></Data><Data name="NEI1"><value></value></Data><Data name="NEI2"><value></value></Data><Data name="NEI3"><value></value></Data><Data name="NEI4"><value></value></Data><Data name="NEI5"><value></value></Data><Data name="NEI6"><value></value></Data></ExtendedData><Style><LabelStyle><scale>0.0</scale> </LabelStyle><IconStyle><color>FFF07800</color><scale>0.5</scale><Icon><href>http://maps.google.com/mapfiles/kml/shapes/shaded_dot.png</href></Icon></IconStyle></Style><Point><coordinates>-75.75434779,39.6681667,0</coordinates></Point></Placemark><Placemark><name>23 km/h</name><ExtendedData><Data name="CGI"><value>3150100000100018</value></Data><Data name="CELLNAME"><value></value></Data><Data name="CELLID"><value>18</value></Data><Data name="RNC"><value>0</value></Data><Data name="TAC"><value>1</value></Data><Data name="TECHNOLOGY"><value>5G SA</value></Data><Data name="MODE"><value>5G</value></Data><Data name="ARFCN"><value>644640</value></Data><Data name="BAND"><value></value></Data><Data name="BANDWIDTH"><value></value></Data><Data name="CA"><value>false</value></Data><Data name="NR state"><value></value></Data><Data name="RSRP"><value>-105 dBm</value></Data><Data name="RSRQ"><value>-11</value></Data><Data name="LAYER"><value>1</value></Data><Data name="PC"><value>2</value></Data><Data name="DL_BITRATE"><value> kbps</value></Data><Data name="UL_BITRATE"><value> kbps</value></Data><Data name="IP"><value></value></Data><Data name="PHONE STATE"><value>I</value></Data><Data name="IMEI"><value></value></Data><Data name="SPEED"><value>23 km/h</value></Data><Data name="HEIGHT"><value>-4m</value></Data><Data name="ALTITUDE"><value>-4m</value></Data><Data name="LOCATION"><value>G</value></Data><Data name="ACCURACY"><value>3m</value></Data><Data name="DISTANCE"><value>-1m</value></Data><Data name="SITE BEARING"><value>1000deg</value></Data><Data name="ANTENNA BEARING"><value>1000deg</value></Data><Data name="CELLHEX"><value>12</value></Data><Data name="NODEHEX"><value>0</value></Data><Data name="LACHEX"><value>1</value></Data><Data name="RAWCELLID"><value>18</value></Data><Data name="TIME"><value>2026.08.19_12.15.35</value></Data><Data name="NEI1"><value></value></Data><Data name="NEI2"><value></value></Data><Data name="NEI3"><value></value></Data><Data name="NEI4"><value></value></Data><Data name="NEI5"><value></value></Data><Data name="NEI6"><value></value></Data></ExtendedData><Style><LabelStyle><scale>0.0</scale> </LabelStyle><IconStyle><color>FFF07800</color><scale>0.5</scale><Icon><href>http://maps.google.com/mapfiles/kml/shapes/shaded_dot.png</href></Icon></IconStyle></Style><Point><coordinates>-75.75426892,39.6681827,0</coordinates></Point></Placemark><Placemark><name>23 km/h</name><ExtendedData><Data name="CGI"><value>3150100000100018</value></Data><Data name="CELLNAME"><value></value></Data><Data name="CELLID"><value>18</value></Data><Data name="RNC"><value>0</value></Data><Data name="TAC"><value>1</value></Data><Data name="TECHNOLOGY"><value>5G SA</value></Data><Data name="MODE"><value>5G</value></Data><Data name="ARFCN"><value>644640</value></Data><Data name="BAND"><value></value></Data><Data name="BANDWIDTH"><value></value></Data><Data name="CA"><value>false</value></Data><Data name="NR state"><value></value></Data><Data name="RSRP"><value>-105 dBm</value></Data><Data name="RSRQ"><value>-11</value></Data><Data name="LAYER"><value>1</value></Data><Data name="PC"><value>2</value></Data><Data name="DL_BITRATE"><value> kbps</value></Data><Data name="UL_BITRATE"><value> kbps</value></Data><Data name="IP"><value></value></Data><Data name="PHONE STATE"><value>I</value></Data><Data name="IMEI"><value></value></Data><Data name="SPEED"><value>23 km/h</value></Data><Data name="HEIGHT"><value>-4m</value></Data><Data name="ALTITUDE"><value>-4m</value></Data><Data name="LOCATION"><value>G</value></Data><Data name="ACCURACY"><value>3m</value></Data><Data name="DISTANCE"><value>-1m</value></Data><Data name="SITE BEARING"><value>1000deg</value></Data><Data name="ANTENNA BEARING"><value>1000deg</value></Data><Data name="CELLHEX"><value>12</value></Data><Data name="NODEHEX"><value>0</value></Data><Data name="LACHEX"><value>1</value></Data><Data name="RAWCELLID"><value>18</value></Data><Data name="TIME"><value>2026.08.19_12.15.36</value></Data><Data name="NEI1"><value></value></Data><Data name="NEI2"><value></value></Data><Data name="NEI3"><value></value></Data><Data name="NEI4"><value></value></Data><Data name="NEI5"><value></value></Data><Data name="NEI6"><value></value></Data></ExtendedData><Style><LabelStyle><scale>0.0</scale> </LabelStyle><IconStyle><color>FFF07800</color><scale>0.5</scale><Icon><href>http://maps.google.com/mapfiles/kml/shapes/shaded_dot.png</href></Icon></IconStyle></Style><Point><coordinates>-75.75426892,39.6681827,0</coordinates></Point></Placemark><Placemark><name>27 km/h</name><ExtendedData><Data name="CGI"><value>3150100000100018</value></Data><Data name="CELLNAME"><value></value></Data><Data name="CELLID"><value>18</value></Data><Data name="RNC"><value>0</value></Data><Data name="TAC"><value>1</value></Data><Data name="TECHNOLOGY"><value>5G SA</value></Data><Data name="MODE"><value>5G</value></Data><Data name="ARFCN"><value>644640</value></Data><Data name="BAND"><value></value></Data><Data name="BANDWIDTH"><value></value></Data><Data name="CA"><value>false</value></Data><Data name="NR state"><value></value></Data><Data name="RSRP"><value>-105 dBm</value></Data><Data name="RSRQ"><value>-11</value></Data><Data name="LAYER"><value>1</value></Data><Data name="PC"><value>2</value></Data><Data name="DL_BITRATE"><value> kbps</value></Data><Data name="UL_BITRATE"><value> kbps</value></Data><Data name="IP"><value></value></Data><Data name="PHONE STATE"><value>I</value></Data><Data name="IMEI"><value></value></Data><Data name="SPEED"><value>27 km/h</value></Data><Data name="HEIGHT"><value>-4m</value></Data><Data name="ALTITUDE"><value>-4m</value></Data><Data name="LOCATION"><value>G</value></Data><Data name="ACCURACY"><value>3m</value></Data><Data name="DISTANCE"><value>-1m</value></Data><Data name="SITE BEARING"><value>1000deg</value></Data><Data name="ANTENNA BEARING"><value>1000deg</value></Data><Data name="CELLHEX"><value>12</value></Data><Data name="NODEHEX"><value>0</value></Data><Data name="LACHEX"><value>1</value></Data><Data name="RAWCELLID"><value>18</value></Data><Data name="TIME"><value>2026.08.19_12.15.36</value></Data><Data name="NEI1"><value></value></Data><Data name="NEI2"><value></value></Data><Data name="NEI3"><value></value></Data><Data name="NEI4"><value></value></Data><Data name="NEI5"><value></value></Data><Data name="NEI6"><value></value></Data></ExtendedData><Style><LabelStyle><scale>0.0</scale> </LabelStyle><IconStyle><color>FFF07800</color><scale>0.5</scale><Icon><href>http://maps.google.com/mapfiles/kml/shapes/shaded_dot.png</href></Icon></IconStyle></Style><Point><coordinates>-75.75418097,39.66819222,0</coordinates></Point></Placemark><Placemark><name>27 km/h</name><ExtendedData><Data name="CGI"><value>3150100000100018</value></Data><Data name="CELLNAME"><value></value></Data><Data name="CELLID"><value>18</value></Data><Data name="RNC"><value>0</value></Data><Data name="TAC"><value>1</value></Data><Data name="TECHNOLOGY"><value>5G SA</value></Data><Data name="MODE"><value>5G</value></Data><Data name="ARFCN"><value>644640</value></Data><Data name="BAND"><value></value></Data><Data name="BANDWIDTH"><value></value></Data><Data name="CA"><value>false</value></Data><Data name="NR state"><value></value></Data><Data name="RSRP"><value>-105 dBm</value></Data><Data name="RSRQ"><value>-11</value></Data><Data name="LAYER"><value>1</value></Data><Data name="PC"><value>2</value></Data><Data name="DL_BITRATE"><value> kbps</value></Data><Data name="UL_BITRATE"><value> kbps</value></Data><Data name="IP"><value></value></Data><Data name="PHONE STATE"><value>I</value></Data><Data name="IMEI"><value></value></Data><Data name="SPEED"><value>27 km/h</value></Data><Data name="HEIGHT"><value>-4m</value></Data><Data name="ALTITUDE"><value>-4m</value></Data><Data name="LOCATION"><value>G</value></Data><Data name="ACCURACY"><value>3m</value></Data><Data name="DISTANCE"><value>-1m</value></Data><Data name="SITE BEARING"><value>1000deg</value></Data><Data name="ANTENNA BEARING"><value>1000deg</value></Data><Data name="CELLHEX"><value>12</value></Data><Data name="NODEHEX"><value>0</value></Data><Data name="LACHEX"><value>1</value></Data><Data name="RAWCELLID"><value>18</value></Data><Data name="TIME"><value>2026.08.19_12.15.37</value></Data><Data name="NEI1"><value></value></Data><Data name="NEI2"><value></value></Data><Data name="NEI3"><value></value></Data><Data name="NEI4"><value></value></Data><Data name="NEI5"><value></value></Data><Data name="NEI6"><value></value></Data></ExtendedData><Style><LabelStyle><scale>0.0</scale> </LabelStyle><IconStyle><color>FFF07800</color><scale>0.5</scale><Icon><href>http://maps.google.com/mapfiles/kml/shapes/shaded_dot.png</href></Icon></IconStyle></Style><Point><coordinates>-75.75418097,39.66819222,0</coordinates></Point></Placemark><Placemark><name>30 km/h</name><ExtendedData><Data name="CGI"><value>3150100000100018</value></Data><Data name="CELLNAME"><value></value></Data><Data name="CELLID"><value>18</value></Data><Data name="RNC"><value>0</value></Data><Data name="TAC"><value>1</value></Data><Data name="TECHNOLOGY"><value>5G SA</value></Data><Data name="MODE"><value>5G</value></Data><Data name="ARFCN"><value>644640</value></Data><Data name="BAND"><value></value></Data><Data name="BANDWIDTH"><value></value></Data><Data name="CA"><value>false</value></Data><Data name="NR state"><value></value></Data><Data name="RSRP"><value>-105 dBm</value></Data><Data name="RSRQ"><value>-11</value></Data><Data name="LAYER"><value>1</value></Data><Data name="PC"><value>2</value></Data><Data name="DL_BITRATE"><value> kbps</value></Data><Data name="UL_BITRATE"><value> kbps</value></Data><Data name="IP"><value></value></Data><Data name="PHONE STATE"><value>I</value></Data><Data name="IMEI"><value></value></Data><Data name="SPEED"><value>30 km/h</value></Data><Data name="HEIGHT"><value>-4m</value></Data><Data name="ALTITUDE"><value>-4m</value></Data><Data name="LOCATION"><value>G</value></Data><Data name="ACCURACY"><value>3m</value></Data><Data name="DISTANCE"><value>-1m</value></Data><Data name="SITE BEARING"><value>1000deg</value></Data><Data name="ANTENNA BEARING"><value>1000deg</value></Data><Data name="CELLHEX"><value>12</value></Data><Data name="NODEHEX"><value>0</value></Data><Data name="LACHEX"><value>1</value></Data><Data name="RAWCELLID"><value>18</value></Data><Data name="TIME"><value>2026.08.19_12.15.37</value></Data><Data name="NEI1"><value></value></Data><Data name="NEI2"><value></value></Data><Data name="NEI3"><value></value></Data><Data name="NEI4"><value></value></Data><Data name="NEI5"><value></value></Data><Data name="NEI6"><value></value></Data></ExtendedData><Style><LabelStyle><scale>0.0</scale> </LabelStyle><IconStyle><color>FFF07800</color><scale>0.5</scale><Icon><href>http://maps.google.com/mapfiles/kml/shapes/shaded_dot.png</href></Icon></IconStyle></Style><Point><coordinates>-75.75408592,39.66819684,0</coordinates></Point></Placemark><Placemark><name>30 km/h</name><ExtendedData><Data name="CGI"><value>3150100000100018</value></Data><Data name="CELLNAME"><value></value></Data><Data name="CELLID"><value>18</value></Data><Data name="RNC"><value>0</value></Data><Data name="TAC"><value>1</value></Data><Data name="TECHNOLOGY"><value>5G SA</value></Data><Data name="MODE"><value>5G</value></Data><Data name="ARFCN"><value>644640</value></Data><Data name="BAND"><value></value></Data><Data name="BANDWIDTH"><value></value></Data><Data name="CA"><value>false</value></Data><Data name="NR state"><value></value></Data><Data name="RSRP"><value>-105 dBm</value></Data><Data name="RSRQ"><value>-11</value></Data><Data name="LAYER"><value>1</value></Data><Data name="PC"><value>2</value></Data><Data name="DL_BITRATE"><value> kbps</value></Data><Data name="UL_BITRATE"><value> kbps</value></Data><Data name="IP"><value></value></Data><Data name="PHONE STATE"><value>I</value></Data><Data name="IMEI"><value></value></Data><Data name="SPEED"><value>30 km/h</value></Data><Data name="HEIGHT"><value>-4m</value></Data><Data name="ALTITUDE"><value>-4m</value></Data><Data name="LOCATION"><value>G</value></Data><Data name="ACCURACY"><value>3m</value></Data><Data name="DISTANCE"><value>-1m</value></Data><Data name="SITE BEARING"><value>1000deg</value></Data><Data name="ANTENNA BEARING"><value>1000deg</value></Data><Data name="CELLHEX"><value>12</value></Data><Data name="NODEHEX"><value>0</value></Data><Data name="LACHEX"><value>1</value></Data><Data name="RAWCELLID"><value>18</value></Data><Data name="TIME"><value>2026.08.19_12.15.38</value></Data><Data name="NEI1"><value></value></Data><Data name="NEI2"><value></value></Data><Data name="NEI3"><value></value></Data><Data name="NEI4"><value></value></Data><Data name="NEI5"><value></value></Data><Data name="NEI6"><value></value></Data></ExtendedData><Style><LabelStyle><scale>0.0</scale> </LabelStyle><IconStyle><color>FFF07800</color><scale>0.5</scale><Icon><href>http://maps.google.com/mapfiles/kml/shapes/shaded_dot.png</href></Icon></IconStyle></Style><Point><coordinates>-75.75408592,39.66819684,0</coordinates></Point></Placemark><Placemark><name>31 km/h</name><ExtendedData><Data name="CGI"><value>3150100000100018</value></Data><Data name="CELLNAME"><value></value></Data><Data name="CELLID"><value>18</value></Data><Data name="RNC"><value>0</value></Data><Data name="TAC"><value>1</value></Data><Data name="TECHNOLOGY"><value>5G SA</value></Data><Data name="MODE"><value>5G</value></Data><Data name="ARFCN"><value>644640</value></Data><Data name="BAND"><value></value></Data><Data name="BANDWIDTH"><value></value></Data><Data name="CA"><value>false</value></Data><Data name="NR state"><value></value></Data><Data name="RSRP"><value>-105 dBm</value></Data><Data name="RSRQ"><value>-11</value></Data><Data name="LAYER"><value>1</value></Data><Data name="PC"><value>2</value></Data><Data name="DL_BITRATE"><value> kbps</value></Data><Data name="UL_BITRATE"><value> kbps</value></Data><Data name="IP"><value></value></Data><Data name="PHONE STATE"><value>I</value></Data><Data name="IMEI"><value></value></Data><Data name="SPEED"><value>31 km/h</value></Data><Data name="HEIGHT"><value>-4m</value></Data><Data name="ALTITUDE"><value>-4m</value></Data><Data name="LOCATION"><value>G</value></Data><Data name="ACCURACY"><value>3m</value></Data><Data name="DISTANCE"><value>-1m</value></Data><Data name="SITE BEARING"><value>1000deg</value></Data><Data name="ANTENNA BEARING"><value>1000deg</value></Data><Data name="CELLHEX"><value>12</value></Data><Data name="NODEHEX"><value>0</value></Data><Data name="LACHEX"><value>1</value></Data><Data name="RAWCELLID"><value>18</value></Data><Data name="TIME"><value>2026.08.19_12.15.38</value></Data><Data name="NEI1"><value></value></Data><Data name="NEI2"><value></value></Data><Data name="NEI3"><value></value></Data><Data name="NEI4"><value></value></Data><Data name="NEI5"><value></value></Data><Data name="NEI6"><value></value></Data></ExtendedData><Style><LabelStyle><scale>0.0</scale> </LabelStyle><IconStyle><color>FFF07800</color><scale>0.5</scale><Icon><href>http://maps.google.com/mapfiles/kml/shapes/shaded_dot.png</href></Icon></IconStyle></Style><Point><coordinates>-75.7539865,39.66820473,0</coordinates></Point></Placemark><Placemark><name>31 km/h</name><ExtendedData><Data name="CGI"><value>3150100000100018</value></Data><Data name="CELLNAME"><value></value></Data><Data name="CELLID"><value>18</value></Data><Data name="RNC"><value>0</value></Data><Data name="TAC"><value>1</value></Data><Data name="TECHNOLOGY"><value>5G SA</value></Data><Data name="MODE"><value>5G</value></Data><Data name="ARFCN"><value>644640</value></Data><Data name="BAND"><value></value></Data><Data name="BANDWIDTH"><value></value></Data><Data name="CA"><value>false</value></Data><Data name="NR state"><value></value></Data><Data name="RSRP"><value>-105 dBm</value></Data><Data name="RSRQ"><value>-11</value></Data><Data name="LAYER"><value>1</value></Data><Data name="PC"><value>2</value></Data><Data name="DL_BITRATE"><value> kbps</value></Data><Data name="UL_BITRATE"><value> kbps</value></Data><Data name="IP"><value></value></Data><Data name="PHONE STATE"><value>I</value></Data><Data name="IMEI"><value></value></Data><Data name="SPEED"><value>31 km/h</value></Data><Data name="HEIGHT"><value>-4m</value></Data><Data name="ALTITUDE"><value>-4m</value></Data><Data name="LOCATION"><value>G</value></Data><Data name="ACCURACY"><value>3m</value></Data><Data name="DISTANCE"><value>-1m</value></Data><Data name="SITE BEARING"><value>1000deg</value></Data><Data name="ANTENNA BEARING"><value>1000deg</value></Data><Data name="CELLHEX"><value>12</value></Data><Data name="NODEHEX"><value>0</value></Data><Data name="LACHEX"><value>1</value></Data><Data name="RAWCELLID"><value>18</value></Data><Data name="TIME"><value>2026.08.19_12.15.39</value></Data><Data name="NEI1"><value></value></Data><Data name="NEI2"><value></value></Data><Data name="NEI3"><value></value></Data><Data name="NEI4"><value></value></Data><Data name="NEI5"><value></value></Data><Data name="NEI6"><value></value></Data></ExtendedData><Style><LabelStyle><scale>0.0</scale> </LabelStyle><IconStyle><color>FFF07800</color><scale>0.5</scale><Icon><href>http://maps.google.com/mapfiles/kml/shapes/shaded_dot.png</href></Icon></IconStyle></Style><Point><coordinates>-75.7539865,39.66820473,0</coordinates></Point></Placemark><Placemark><name>31 km/h</name><ExtendedData><Data name="CGI"><value>3150100000100018</value></Data><Data name="CELLNAME"><value></value></Data><Data name="CELLID"><value>18</value></Data><Data name="RNC"><value>0</value></Data><Data name="TAC"><value>1</value></Data><Data name="TECHNOLOGY"><value>5G SA</value></Data><Data name="MODE"><value>5G</value></Data><Data name="ARFCN"><value>644640</value></Data><Data name="BAND"><value></value></Data><Data name="BANDWIDTH"><value></value></Data><Data name="CA"><value>false</value></Data><Data name="NR state"><value></value></Data><Data name="RSRP"><value>-105 dBm</value></Data><Data name="RSRQ"><value>-11</value></Data><Data name="LAYER"><value>1</value></Data><Data name="PC"><value>2</value></Data><Data name="DL_BITRATE"><value> kbps</value></Data><Data name="UL_BITRATE"><value> kbps</value></Data><Data name="IP"><value></value></Data><Data name="PHONE STATE"><value>I</value></Data><Data name="IMEI"><value></value></Data><Data name="SPEED"><value>31 km/h</value></Data><Data name="HEIGHT"><value>-4m</value></Data><Data name="ALTITUDE"><value>-4m</value></Data><Data name="LOCATION"><value>G</value></Data><Data name="ACCURACY"><value>3m</value></Data><Data name="DISTANCE"><value>-1m</value></Data><Data name="SITE BEARING"><value>1000deg</value></Data><Data name="ANTENNA BEARING"><value>1000deg</value></Data><Data name="CELLHEX"><value>12</value></Data><Data name="NODEHEX"><value>0</value></Data><Data name="LACHEX"><value>1</value></Data><Data name="RAWCELLID"><value>18</value></Data><Data name="TIME"><value>2026.08.19_12.15.39</value></Data><Data name="NEI1"><value></value></Data><Data name="NEI2"><value></value></Data><Data name="NEI3"><value></value></Data><Data name="NEI4"><value></value></Data><Data name="NEI5"><value></value></Data><Data name="NEI6"><value></value></Data></ExtendedData><Style><LabelStyle><scale>0.0</scale> </LabelStyle><IconStyle><color>FFF07800</color><scale>0.5</scale><Icon><href>http://maps.google.com/mapfiles/kml/shapes/shaded_dot.png</href></Icon></IconStyle></Style><Point><coordinates>-75.75388666,39.66821174,0</coordinates></Point></Placemark><Placemark><name>31 km/h</name><ExtendedData><Data name="CGI"><value>3150100000100018</value></Data><Data name="CELLNAME"><value></value></Data><Data name="CELLID"><value>18</value></Data><Data name="RNC"><value>0</value></Data><Data name="TAC"><value>1</value></Data><Data name="TECHNOLOGY"><value>5G SA</value></Data><Data name="MODE"><value>5G</value></Data><Data name="ARFCN"><value>644640</value></Data><Data name="BAND"><value></value></Data><Data name="BANDWIDTH"><value></value></Data><Data name="CA"><value>false</value></Data><Data name="NR state"><value></value></Data><Data name="RSRP"><value>-105 dBm</value></Data><Data name="RSRQ"><value>-11</value></Data><Data name="LAYER"><value>1</value></Data><Data name="PC"><value>2</value></Data><Data name="DL_BITRATE"><value> kbps</value></Data><Data name="UL_BITRATE"><value> kbps</value></Data><Data name="IP"><value></value></Data><Data name="PHONE STATE"><value>I</value></Data><Data name="IMEI"><value></value></Data><Data name="SPEED"><value>31 km/h</value></Data><Data name="HEIGHT"><value>-4m</value></Data><Data name="ALTITUDE"><value>-4m</value></Data><Data name="LOCATION"><value>G</value></Data><Data name="ACCURACY"><value>3m</value></Data><Data name="DISTANCE"><value>-1m</value></Data><Data name="SITE BEARING"><value>1000deg</value></Data><Data name="ANTENNA BEARING"><value>1000deg</value></Data><Data name="CELLHEX"><value>12</value></Data><Data name="NODEHEX"><value>0</value></Data><Data name="LACHEX"><value>1</value></Data><Data name="RAWCELLID"><value>18</value></Data><Data name="TIME"><value>2026.08.19_12.15.40</value></Data><Data name="NEI1"><value></value></Data><Data name="NEI2"><value></value></Data><Data name="NEI3"><value></value></Data><Data name="NEI4"><value></value></Data><Data name="NEI5"><value></value></Data><Data name="NEI6"><value></value></Data></ExtendedData><Style><LabelStyle><scale>0.0</scale> </LabelStyle><IconStyle><color>FFF07800</color><scale>0.5</scale><Icon><href>http://maps.google.com/mapfiles/kml/shapes/shaded_dot.png</href></Icon></IconStyle></Style><Point><coordinates>-75.75388666,39.66821174,0</coordinates></Point></Placemark><Placemark><name>31 km/h</name><ExtendedData><Data name="CGI"><value>3150100000100018</value></Data><Data name="CELLNAME"><value></value></Data><Data name="CELLID"><value>18</value></Data><Data name="RNC"><value>0</value></Data><Data name="TAC"><value>1</value></Data><Data name="TECHNOLOGY"><value>5G SA</value></Data><Data name="MODE"><value>5G</value></Data><Data name="ARFCN"><value>644640</value></Data><Data name="BAND"><value></value></Data><Data name="BANDWIDTH"><value></value></Data><Data name="CA"><value>false</value></Data><Data name="NR state"><value></value></Data><Data name="RSRP"><value>-105 dBm</value></Data><Data name="RSRQ"><value>-11</value></Data><Data name="LAYER"><value>1</value></Data><Data name="PC"><value>2</value></Data><Data name="DL_BITRATE"><value> kbps</value></Data><Data name="UL_BITRATE"><value> kbps</value></Data><Data name="IP"><value></value></Data><Data name="PHONE STATE"><value>I</value></Data><Data name="IMEI"><value></value></Data><Data name="SPEED"><value>31 km/h</value></Data><Data name="HEIGHT"><value>-3m</value></Data><Data name="ALTITUDE"><value>-3m</value></Data><Data name="LOCATION"><value>G</value></Data><Data name="ACCURACY"><value>3m</value></Data><Data name="DISTANCE"><value>-1m</value></Data><Data name="SITE BEARING"><value>1000deg</value></Data><Data name="ANTENNA BEARING"><value>1000deg</value></Data><Data name="CELLHEX"><value>12</value></Data><Data name="NODEHEX"><value>0</value></Data><Data name="LACHEX"><value>1</value></Data><Data name="RAWCELLID"><value>18</value></Data><Data name="TIME"><value>2026.08.19_12.15.40</value></Data><Data name="NEI1"><value></value></Data><Data name="NEI2"><value></value></Data><Data name="NEI3"><value></value></Data><Data name="NEI4"><value></value></Data><Data name="NEI5"><value></value></Data><Data name="NEI6"><value></value></Data></ExtendedData><Style><LabelStyle><scale>0.0</scale> </LabelStyle><IconStyle><color>FFF07800</color><scale>0.5</scale><Icon><href>http://maps.google.com/mapfiles/kml/shapes/shaded_dot.png</href></Icon></IconStyle></Style><Point><coordinates>-75.75378508,39.66822293,0</coordinates></Point></Placemark><Placemark><name>31 km/h</name><ExtendedData><Data name="CGI"><value>3150100000100018</value></Data><Data name="CELLNAME"><value></value></Data><Data name="CELLID"><value>18</value></Data><Data name="RNC"><value>0</value></Data><Data name="TAC"><value>1</value></Data><Data name="TECHNOLOGY"><value>5G SA</value></Data><Data name="MODE"><value>5G</value></Data><Data name="ARFCN"><value>644640</value></Data><Data name="BAND"><value></value></Data><Data name="BANDWIDTH"><value></value></Data><Data name="CA"><value>false</value></Data><Data name="NR state"><value></value></Data><Data name="RSRP"><value>-105 dBm</value></Data><Data name="RSRQ"><value>-11</value></Data><Data name="LAYER"><value>1</value></Data><Data name="PC"><value>2</value></Data><Data name="DL_BITRATE"><value> kbps</value></Data><Data name="UL_BITRATE"><value> kbps</value></Data><Data name="IP"><value></value></Data><Data name="PHONE STATE"><value>I</value></Data><Data name="IMEI"><value></value></Data><Data name="SPEED"><value>31 km/h</value></Data><Data name="HEIGHT"><value>-3m</value></Data><Data name="ALTITUDE"><value>-3m</value></Data><Data name="LOCATION"><value>G</value></Data><Data name="ACCURACY"><value>3m</value></Data><Data name="DISTANCE"><value>-1m</value></Data><Data name="SITE BEARING"><value>1000deg</value></Data><Data name="ANTENNA BEARING"><value>1000deg</value></Data><Data name="CELLHEX"><value>12</value></Data><Data name="NODEHEX"><value>0</value></Data><Data name="LACHEX"><value>1</value></Data><Data name="RAWCELLID"><value>18</value></Data><Data name="TIME"><value>2026.08.19_12.15.41</value></Data><Data name="NEI1"><value></value></Data><Data name="NEI2"><value></value></Data><Data name="NEI3"><value></value></Data><Data name="NEI4"><value></value></Data><Data name="NEI5"><value></value></Data><Data name="NEI6"><value></value></Data></ExtendedData><Style><LabelStyle><scale>0.0</scale> </LabelStyle><IconStyle><color>FFF07800</color><scale>0.5</scale><Icon><href>http://maps.google.com/mapfiles/kml/shapes/shaded_dot.png</href></Icon></IconStyle></Style><Point><coordinates>-75.75378508,39.66822293,0</coordinates></Point></Placemark><Placemark><name>31 km/h</name><ExtendedData><Data name="CGI"><value>3150100000100018</value></Data><Data name="CELLNAME"><value></value></Data><Data name="CELLID"><value>18</value></Data><Data name="RNC"><value>0</value></Data><Data name="TAC"><value>1</value></Data><Data name="TECHNOLOGY"><value>5G SA</value></Data><Data name="MODE"><value>5G</value></Data><Data name="ARFCN"><value>644640</value></Data><Data name="BAND"><value></value></Data><Data name="BANDWIDTH"><value></value></Data><Data name="CA"><value>false</value></Data><Data name="NR state"><value></value></Data><Data name="RSRP"><value>-105 dBm</value></Data><Data name="RSRQ"><value>-11</value></Data><Data name="LAYER"><value>1</value></Data><Data name="PC"><value>2</value></Data><Data name="DL_BITRATE"><value> kbps</value></Data><Data name="UL_BITRATE"><value> kbps</value></Data><Data name="IP"><value></value></Data><Data name="PHONE STATE"><value>I</value></Data><Data name="IMEI"><value></value></Data><Data name="SPEED"><value>31 km/h</value></Data><Data name="HEIGHT"><value>-3m</value></Data><Data name="ALTITUDE"><value>-3m</value></Data><Data name="LOCATION"><value>G</value></Data><Data name="ACCURACY"><value>3m</value></Data><Data name="DISTANCE"><value>-1m</value></Data><Data name="SITE BEARING"><value>1000deg</value></Data><Data name="ANTENNA BEARING"><value>1000deg</value></Data><Data name="CELLHEX"><value>12</value></Data><Data name="NODEHEX"><value>0</value></Data><Data name="LACHEX"><value>1</value></Data><Data name="RAWCELLID"><value>18</value></Data><Data name="TIME"><value>2026.08.19_12.15.41</value></Data><Data name="NEI1"><value></value></Data><Data name="NEI2"><value></value></Data><Data name="NEI3"><value></value></Data><Data name="NEI4"><value></value></Data><Data name="NEI5"><value></value></Data><Data name="NEI6"><value></value></Data></ExtendedData><Style><LabelStyle><scale>0.0</scale> </LabelStyle><IconStyle><color>FFF07800</color><scale>0.5</scale><Icon><href>http://maps.google.com/mapfiles/kml/shapes/shaded_dot.png</href></Icon></IconStyle></Style><Point><coordinates>-75.75368221,39.66823458,0</coordinates></Point></Placemark><Placemark><name>31 km/h</name><ExtendedData><Data name="CGI"><value>3150100000100018</value></Data><Data name="CELLNAME"><value></value></Data><Data name="CELLID"><value>18</value></Data><Data name="RNC"><value>0</value></Data><Data name="TAC"><value>1</value></Data><Data name="TECHNOLOGY"><value>5G SA</value></Data><Data name="MODE"><value>5G</value></Data><Data name="ARFCN"><value>644640</value></Data><Data name="BAND"><value></value></Data><Data name="BANDWIDTH"><value></value></Data><Data name="CA"><value>false</value></Data><Data name="NR state"><value></value></Data><Data name="RSRP"><value>-105 dBm</value></Data><Data name="RSRQ"><value>-11</value></Data><Data name="LAYER"><value>1</value></Data><Data name="PC"><value>2</value></Data><Data name="DL_BITRATE"><value> kbps</value></Data><Data name="UL_BITRATE"><value> kbps</value></Data><Data name="IP"><value></value></Data><Data name="PHONE STATE"><value>I</value></Data><Data name="IMEI"><value></value></Data><Data name="SPEED"><value>31 km/h</value></Data><Data name="HEIGHT"><value>-3m</value></Data><Data name="ALTITUDE"><value>-3m</value></Data><Data name="LOCATION"><value>G</value></Data><Data name="ACCURACY"><value>3m</value></Data><Data name="DISTANCE"><value>-1m</value></Data><Data name="SITE BEARING"><value>1000deg</value></Data><Data name="ANTENNA BEARING"><value>1000deg</value></Data><Data name="CELLHEX"><value>12</value></Data><Data name="NODEHEX"><value>0</value></Data><Data name="LACHEX"><value>1</value></Data><Data name="RAWCELLID"><value>18</value></Data><Data name="TIME"><value>2026.08.19_12.15.42</value></Data><Data name="NEI1"><value></value></Data><Data name="NEI2"><value></value></Data><Data name="NEI3"><value></value></Data><Data name="NEI4"><value></value></Data><Data name="NEI5"><value></value></Data><Data name="NEI6"><value></value></Data></ExtendedData><Style><LabelStyle><scale>0.0</scale> </LabelStyle><IconStyle><color>FFF07800</color><scale>0.5</scale><Icon><href>http://maps.google.com/mapfiles/kml/shapes/shaded_dot.png</href></Icon></IconStyle></Style><Point><coordinates>-75.75368221,39.66823458,0</coordinates></Point></Placemark><Placemark><name>31 km/h</name><ExtendedData><Data name="CGI"><value>3150100000100018</value></Data><Data name="CELLNAME"><value></value></Data><Data name="CELLID"><value>18</value></Data><Data name="RNC"><value>0</value></Data><Data name="TAC"><value>1</value></Data><Data name="TECHNOLOGY"><value>5G SA</value></Data><Data name="MODE"><value>5G</value></Data><Data name="ARFCN"><value>644640</value></Data><Data name="BAND"><value></value></Data><Data name="BANDWIDTH"><value></value></Data><Data name="CA"><value>false</value></Data><Data name="NR state"><value></value></Data><Data name="RSRP"><value>-105 dBm</value></Data><Data name="RSRQ"><value>-11</value></Data><Data name="LAYER"><value>1</value></Data><Data name="PC"><value>2</value></Data><Data name="DL_BITRATE"><value> kbps</value></Data><Data name="UL_BITRATE"><value> kbps</value></Data><Data name="IP"><value></value></Data><Data name="PHONE STATE"><value>I</value></Data><Data name="IMEI"><value></value></Data><Data name="SPEED"><value>31 km/h</value></Data><Data name="HEIGHT"><value>-3m</value></Data><Data name="ALTITUDE"><value>-3m</value></Data><Data name="LOCATION"><value>G</value></Data><Data name="ACCURACY"><value>3m</value></Data><Data name="DISTANCE"><value>-1m</value></Data><Data name="SITE BEARING"><value>1000deg</value></Data><Data name="ANTENNA BEARING"><value>1000deg</value></Data><Data name="CELLHEX"><value>12</value></Data><Data name="NODEHEX"><value>0</value></Data><Data name="LACHEX"><value>1</value></Data><Data name="RAWCELLID"><value>18</value></Data><Data name="TIME"><value>2026.08.19_12.15.42</value></Data><Data name="NEI1"><value></value></Data><Data name="NEI2"><value></value></Data><Data name="NEI3"><value></value></Data><Data name="NEI4"><value></value></Data><Data name="NEI5"><value></value></Data><Data name="NEI6"><value></value></Data></ExtendedData><Style><LabelStyle><scale>0.0</scale> </LabelStyle><IconStyle><color>FFF07800</color><scale>0.5</scale><Icon><href>http://maps.google.com/mapfiles/kml/shapes/shaded_dot.png</href></Icon></IconStyle></Style><Point><coordinates>-75.75357861,39.6682406,0</coordinates></Point></Placemark><Placemark><name>31 km/h</name><ExtendedData><Data name="CGI"><value>3150100000100018</value></Data><Data name="CELLNAME"><value></value></Data><Data name="CELLID"><value>18</value></Data><Data name="RNC"><value>0</value></Data><Data name="TAC"><value>1</value></Data><Data name="TECHNOLOGY"><value>5G SA</value></Data><Data name="MODE"><value>5G</value></Data><Data name="ARFCN"><value>644640</value></Data><Data name="BAND"><value></value></Data><Data name="BANDWIDTH"><value></value></Data><Data name="CA"><value>false</value></Data><Data name="NR state"><value></value></Data><Data name="RSRP"><value>-105 dBm</value></Data><Data name="RSRQ"><value>-11</value></Data><Data name="LAYER"><value>1</value></Data><Data name="PC"><value>2</value></Data><Data name="DL_BITRATE"><value> kbps</value></Data><Data name="UL_BITRATE"><value> kbps</value></Data><Data name="IP"><value></value></Data><Data name="PHONE STATE"><value>I</value></Data><Data name="IMEI"><value></value></Data><Data name="SPEED"><value>31 km/h</value></Data><Data name="HEIGHT"><value>-3m</value></Data><Data name="ALTITUDE"><value>-3m</value></Data><Data name="LOCATION"><value>G</value></Data><Data name="ACCURACY"><value>3m</value></Data><Data name="DISTANCE"><value>-1m</value></Data><Data name="SITE BEARING"><value>1000deg</value></Data><Data name="ANTENNA BEARING"><value>1000deg</value></Data><Data name="CELLHEX"><value>12</value></Data><Data name="NODEHEX"><value>0</value></Data><Data name="LACHEX"><value>1</value></Data><Data name="RAWCELLID"><value>18</value></Data><Data name="TIME"><value>2026.08.19_12.15.43</value></Data><Data name="NEI1"><value></value></Data><Data name="NEI2"><value></value></Data><Data name="NEI3"><value></value></Data><Data name="NEI4"><value></value></Data><Data name="NEI5"><value></value></Data><Data name="NEI6"><value></value></Data></ExtendedData><Style><LabelStyle><scale>0.0</scale> </LabelStyle><IconStyle><color>FFF07800</color><scale>0.5</scale><Icon><href>http://maps.google.com/mapfiles/kml/shapes/shaded_dot.png</href></Icon></IconStyle></Style><Point><coordinates>-75.75357861,39.6682406,0</coordinates></Point></Placemark><Placemark><name>31 km/h</name><ExtendedData><Data name="CGI"><value>3150100000100018</value></Data><Data name="CELLNAME"><value></value></Data><Data name="CELLID"><value>18</value></Data><Data name="RNC"><value>0</value></Data><Data name="TAC"><value>1</value></Data><Data name="TECHNOLOGY"><value>5G SA</value></Data><Data name="MODE"><value>5G</value></Data><Data name="ARFCN"><value>644640</value></Data><Data name="BAND"><value></value></Data><Data name="BANDWIDTH"><value></value></Data><Data name="CA"><value>false</value></Data><Data name="NR state"><value></value></Data><Data name="RSRP"><value>-105 dBm</value></Data><Data name="RSRQ"><value>-11</value></Data><Data name="LAYER"><value>1</value></Data><Data name="PC"><value>2</value></Data><Data name="DL_BITRATE"><value> kbps</value></Data><Data name="UL_BITRATE"><value> kbps</value></Data><Data name="IP"><value></value></Data><Data name="PHONE STATE"><value>I</value></Data><Data name="IMEI"><value></value></Data><Data name="SPEED"><value>31 km/h</value></Data><Data name="HEIGHT"><value>-3m</value></Data><Data name="ALTITUDE"><value>-3m</value></Data><Data name="LOCATION"><value>G</value></Data><Data name="ACCURACY"><value>3m</value></Data><Data name="DISTANCE"><value>-1m</value></Data><Data name="SITE BEARING"><value>1000deg</value></Data><Data name="ANTENNA BEARING"><value>1000deg</value></Data><Data name="CELLHEX"><value>12</value></Data><Data name="NODEHEX"><value>0</value></Data><Data name="LACHEX"><value>1</value></Data><Data name="RAWCELLID"><value>18</value></Data><Data name="TIME"><value>2026.08.19_12.15.43</value></Data><Data name="NEI1"><value></value></Data><Data name="NEI2"><value></value></Data><Data name="NEI3"><value></value></Data><Data name="NEI4"><value></value></Data><Data name="NEI5"><value></value></Data><Data name="NEI6"><value></value></Data></ExtendedData><Style><LabelStyle><scale>0.0</scale> </LabelStyle><IconStyle><color>FFF07800</color><scale>0.5</scale><Icon><href>http://maps.google.com/mapfiles/kml/shapes/shaded_dot.png</href></Icon></IconStyle></Style><Point><coordinates>-75.75347807,39.66825187,0</coordinates></Point></Placemark><Placemark><name>31 km/h</name><ExtendedData><Data name="CGI"><value>3150100000100018</value></Data><Data name="CELLNAME"><value></value></Data><Data name="CELLID"><value>18</value></Data><Data name="RNC"><value>0</value></Data><Data name="TAC"><value>1</value></Data><Data name="TECHNOLOGY"><value>5G SA</value></Data><Data name="MODE"><value>5G</value></Data><Data name="ARFCN"><value>644640</value></Data><Data name="BAND"><value></value></Data><Data name="BANDWIDTH"><value></value></Data><Data name="CA"><value>false</value></Data><Data name="NR state"><value></value></Data><Data name="RSRP"><value>-105 dBm</value></Data><Data name="RSRQ"><value>-11</value></Data><Data name="LAYER"><value>1</value></Data><Data name="PC"><value>2</value></Data><Data name="DL_BITRATE"><value> kbps</value></Data><Data name="UL_BITRATE"><value> kbps</value></Data><Data name="IP"><value></value></Data><Data name="PHONE STATE"><value>I</value></Data><Data name="IMEI"><value></value></Data><Data name="SPEED"><value>31 km/h</value></Data><Data name="HEIGHT"><value>-3m</value></Data><Data name="ALTITUDE"><value>-3m</value></Data><Data name="LOCATION"><value>G</value></Data><Data name="ACCURACY"><value>3m</value></Data><Data name="DISTANCE"><value>-1m</value></Data><Data name="SITE BEARING"><value>1000deg</value></Data><Data name="ANTENNA BEARING"><value>1000deg</value></Data><Data name="CELLHEX"><value>12</value></Data><Data name="NODEHEX"><value>0</value></Data><Data name="LACHEX"><value>1</value></Data><Data name="RAWCELLID"><value>18</value></Data><Data name="TIME"><value>2026.08.19_12.15.44</value></Data><Data name="NEI1"><value></value></Data><Data name="NEI2"><value></value></Data><Data name="NEI3"><value></value></Data><Data name="NEI4"><value></value></Data><Data name="NEI5"><value></value></Data><Data name="NEI6"><value></value></Data></ExtendedData><Style><LabelStyle><scale>0.0</scale> </LabelStyle><IconStyle><color>FFF07800</color><scale>0.5</scale><Icon><href>http://maps.google.com/mapfiles/kml/shapes/shaded_dot.png</href></Icon></IconStyle></Style><Point><coordinates>-75.75347807,39.66825187,0</coordinates></Point></Placemark><Placemark><name>29 km/h</name><ExtendedData><Data name="CGI"><value>3150100000100018</value></Data><Data name="CELLNAME"><value></value></Data><Data name="CELLID"><value>18</value></Data><Data name="RNC"><value>0</value></Data><Data name="TAC"><value>1</value></Data><Data name="TECHNOLOGY"><value>5G SA</value></Data><Data name="MODE"><value>5G</value></Data><Data name="ARFCN"><value>644640</value></Data><Data name="BAND"><value></value></Data><Data name="BANDWIDTH"><value></value></Data><Data name="CA"><value>false</value></Data><Data name="NR state"><value></value></Data><Data name="RSRP"><value>-105 dBm</value></Data><Data name="RSRQ"><value>-11</value></Data><Data name="LAYER"><value>1</value></Data><Data name="PC"><value>2</value></Data><Data name="DL_BITRATE"><value> kbps</value></Data><Data name="UL_BITRATE"><value> kbps</value></Data><Data name="IP"><value></value></Data><Data name="PHONE STATE"><value>I</value></Data><Data name="IMEI"><value></value></Data><Data name="SPEED"><value>29 km/h</value></Data><Data name="HEIGHT"><value>-3m</value></Data><Data name="ALTITUDE"><value>-3m</value></Data><Data name="LOCATION"><value>G</value></Data><Data name="ACCURACY"><value>3m</value></Data><Data name="DISTANCE"><value>-1m</value></Data><Data name="SITE BEARING"><value>1000deg</value></Data><Data name="ANTENNA BEARING"><value>1000deg</value></Data><Data name="CELLHEX"><value>12</value></Data><Data name="NODEHEX"><value>0</value></Data><Data name="LACHEX"><value>1</value></Data><Data name="RAWCELLID"><value>18</value></Data><Data name="TIME"><value>2026.08.19_12.15.44</value></Data><Data name="NEI1"><value></value></Data><Data name="NEI2"><value></value></Data><Data name="NEI3"><value></value></Data><Data name="NEI4"><value></value></Data><Data name="NEI5"><value></value></Data><Data name="NEI6"><value></value></Data></ExtendedData><Style><LabelStyle><scale>0.0</scale> </LabelStyle><IconStyle><color>FFF07800</color><scale>0.5</scale><Icon><href>http://maps.google.com/mapfiles/kml/shapes/shaded_dot.png</href></Icon></IconStyle></Style><Point><coordinates>-75.75338096,39.66827133,0</coordinates></Point></Placemark><Placemark><name>29 km/h</name><ExtendedData><Data name="CGI"><value>3150100000100018</value></Data><Data name="CELLNAME"><value></value></Data><Data name="CELLID"><value>18</value></Data><Data name="RNC"><value>0</value></Data><Data name="TAC"><value>1</value></Data><Data name="TECHNOLOGY"><value>5G SA</value></Data><Data name="MODE"><value>5G</value></Data><Data name="ARFCN"><value>644640</value></Data><Data name="BAND"><value></value></Data><Data name="BANDWIDTH"><value></value></Data><Data name="CA"><value>false</value></Data><Data name="NR state"><value></value></Data><Data name="RSRP"><value>-105 dBm</value></Data><Data name="RSRQ"><value>-11</value></Data><Data name="LAYER"><value>1</value></Data><Data name="PC"><value>2</value></Data><Data name="DL_BITRATE"><value> kbps</value></Data><Data name="UL_BITRATE"><value> kbps</value></Data><Data name="IP"><value></value></Data><Data name="PHONE STATE"><value>I</value></Data><Data name="IMEI"><value></value></Data><Data name="SPEED"><value>29 km/h</value></Data><Data name="HEIGHT"><value>-3m</value></Data><Data name="ALTITUDE"><value>-3m</value></Data><Data name="LOCATION"><value>G</value></Data><Data name="ACCURACY"><value>3m</value></Data><Data name="DISTANCE"><value>-1m</value></Data><Data name="SITE BEARING"><value>1000deg</value></Data><Data name="ANTENNA BEARING"><value>1000deg</value></Data><Data name="CELLHEX"><value>12</value></Data><Data name="NODEHEX"><value>0</value></Data><Data name="LACHEX"><value>1</value></Data><Data name="RAWCELLID"><value>18</value></Data><Data name="TIME"><value>2026.08.19_12.15.45</value></Data><Data name="NEI1"><value></value></Data><Data name="NEI2"><value></value></Data><Data name="NEI3"><value></value></Data><Data name="NEI4"><value></value></Data><Data name="NEI5"><value></value></Data><Data name="NEI6"><value></value></Data></ExtendedData><Style><LabelStyle><scale>0.0</scale> </LabelStyle><IconStyle><color>FFF07800</color><scale>0.5</scale><Icon><href>http://maps.google.com/mapfiles/kml/shapes/shaded_dot.png</href></Icon></IconStyle></Style><Point><coordinates>-75.75338096,39.66827133,0</coordinates></Point></Placemark><Placemark><name>28 km/h</name><ExtendedData><Data name="CGI"><value>3150100000100018</value></Data><Data name="CELLNAME"><value></value></Data><Data name="CELLID"><value>18</value></Data><Data name="RNC"><value>0</value></Data><Data name="TAC"><value>1</value></Data><Data name="TECHNOLOGY"><value>5G SA</value></Data><Data name="MODE"><value>5G</value></Data><Data name="ARFCN"><value>644640</value></Data><Data name="BAND"><value></value></Data><Data name="BANDWIDTH"><value></value></Data><Data name="CA"><value>false</value></Data><Data name="NR state"><value></value></Data><Data name="RSRP"><value>-105 dBm</value></Data><Data name="RSRQ"><value>-11</value></Data><Data name="LAYER"><value>1</value></Data><Data name="PC"><value>2</value></Data><Data name="DL_BITRATE"><value> kbps</value></Data><Data name="UL_BITRATE"><value> kbps</value></Data><Data name="IP"><value></value></Data><Data name="PHONE STATE"><value>I</value></Data><Data name="IMEI"><value></value></Data><Data name="SPEED"><value>28 km/h</value></Data><Data name="HEIGHT"><value>-3m</value></Data><Data name="ALTITUDE"><value>-3m</value></Data><Data name="LOCATION"><value>G</value></Data><Data name="ACCURACY"><value>3m</value></Data><Data name="DISTANCE"><value>-1m</value></Data><Data name="SITE BEARING"><value>1000deg</value></Data><Data name="ANTENNA BEARING"><value>1000deg</value></Data><Data name="CELLHEX"><value>12</value></Data><Data name="NODEHEX"><value>0</value></Data><Data name="LACHEX"><value>1</value></Data><Data name="RAWCELLID"><value>18</value></Data><Data name="TIME"><value>2026.08.19_12.15.45</value></Data><Data name="NEI1"><value></value></Data><Data name="NEI2"><value></value></Data><Data name="NEI3"><value></value></Data><Data name="NEI4"><value></value></Data><Data name="NEI5"><value></value></Data><Data name="NEI6"><value></value></Data></ExtendedData><Style><LabelStyle><scale>0.0</scale> </LabelStyle><IconStyle><color>FFF07800</color><scale>0.5</scale><Icon><href>http://maps.google.com/mapfiles/kml/shapes/shaded_dot.png</href></Icon></IconStyle></Style><Point><coordinates>-75.75329768,39.66830201,0</coordinates></Point></Placemark><Placemark><name>28 km/h</name><ExtendedData><Data name="CGI"><value>3150100000100018</value></Data><Data name="CELLNAME"><value></value></Data><Data name="CELLID"><value>18</value></Data><Data name="RNC"><value>0</value></Data><Data name="TAC"><value>1</value></Data><Data name="TECHNOLOGY"><value>5G SA</value></Data><Data name="MODE"><value>5G</value></Data><Data name="ARFCN"><value>644640</value></Data><Data name="BAND"><value></value></Data><Data name="BANDWIDTH"><value></value></Data><Data name="CA"><value>false</value></Data><Data name="NR state"><value></value></Data><Data name="RSRP"><value>-105 dBm</value></Data><Data name="RSRQ"><value>-11</value></Data><Data name="LAYER"><value>1</value></Data><Data name="PC"><value>2</value></Data><Data name="DL_BITRATE"><value> kbps</value></Data><Data name="UL_BITRATE"><value> kbps</value></Data><Data name="IP"><value></value></Data><Data name="PHONE STATE"><value>I</value></Data><Data name="IMEI"><value></value></Data><Data name="SPEED"><value>28 km/h</value></Data><Data name="HEIGHT"><value>-3m</value></Data><Data name="ALTITUDE"><value>-3m</value></Data><Data name="LOCATION"><value>G</value></Data><Data name="ACCURACY"><value>3m</value></Data><Data name="DISTANCE"><value>-1m</value></Data><Data name="SITE BEARING"><value>1000deg</value></Data><Data name="ANTENNA BEARING"><value>1000deg</value></Data><Data name="CELLHEX"><value>12</value></Data><Data name="NODEHEX"><value>0</value></Data><Data name="LACHEX"><value>1</value></Data><Data name="RAWCELLID"><value>18</value></Data><Data name="TIME"><value>2026.08.19_12.15.46</value></Data><Data name="NEI1"><value></value></Data><Data name="NEI2"><value></value></Data><Data name="NEI3"><value></value></Data><Data name="NEI4"><value></value></Data><Data name="NEI5"><value></value></Data><Data name="NEI6"><value></value></Data></ExtendedData><Style><LabelStyle><scale>0.0</scale> </LabelStyle><IconStyle><color>FFF07800</color><scale>0.5</scale><Icon><href>http://maps.google.com/mapfiles/kml/shapes/shaded_dot.png</href></Icon></IconStyle></Style><Point><coordinates>-75.75329768,39.66830201,0</coordinates></Point></Placemark><Placemark><name>26 km/h</name><ExtendedData><Data name="CGI"><value>3150100000100018</value></Data><Data name="CELLNAME"><value></value></Data><Data name="CELLID"><value>18</value></Data><Data name="RNC"><value>0</value></Data><Data name="TAC"><value>1</value></Data><Data name="TECHNOLOGY"><value>5G SA</value></Data><Data name="MODE"><value>5G</value></Data><Data name="ARFCN"><value>644640</value></Data><Data name="BAND"><value></value></Data><Data name="BANDWIDTH"><value></value></Data><Data name="CA"><value>false</value></Data><Data name="NR state"><value></value></Data><Data name="RSRP"><value>-105 dBm</value></Data><Data name="RSRQ"><value>-11</value></Data><Data name="LAYER"><value>1</value></Data><Data name="PC"><value>2</value></Data><Data name="DL_BITRATE"><value> kbps</value></Data><Data name="UL_BITRATE"><value> kbps</value></Data><Data name="IP"><value></value></Data><Data name="PHONE STATE"><value>I</value></Data><Data name="IMEI"><value></value></Data><Data name="SPEED"><value>26 km/h</value></Data><Data name="HEIGHT"><value>-3m</value></Data><Data name="ALTITUDE"><value>-3m</value></Data><Data name="LOCATION"><value>G</value></Data><Data name="ACCURACY"><value>3m</value></Data><Data name="DISTANCE"><value>-1m</value></Data><Data name="SITE BEARING"><value>1000deg</value></Data><Data name="ANTENNA BEARING"><value>1000deg</value></Data><Data name="CELLHEX"><value>12</value></Data><Data name="NODEHEX"><value>0</value></Data><Data name="LACHEX"><value>1</value></Data><Data name="RAWCELLID"><value>18</value></Data><Data name="TIME"><value>2026.08.19_12.15.46</value></Data><Data name="NEI1"><value></value></Data><Data name="NEI2"><value></value></Data><Data name="NEI3"><value></value></Data><Data name="NEI4"><value></value></Data><Data name="NEI5"><value></value></Data><Data name="NEI6"><value></value></Data></ExtendedData><Style><LabelStyle><scale>0.0</scale> </LabelStyle><IconStyle><color>FFF07800</color><scale>0.5</scale><Icon><href>http://maps.google.com/mapfiles/kml/shapes/shaded_dot.png</href></Icon></IconStyle></Style><Point><coordinates>-75.75323345,39.66834788,0</coordinates></Point></Placemark><Placemark><name>26 km/h</name><ExtendedData><Data name="CGI"><value>3150100000100018</value></Data><Data name="CELLNAME"><value></value></Data><Data name="CELLID"><value>18</value></Data><Data name="RNC"><value>0</value></Data><Data name="TAC"><value>1</value></Data><Data name="TECHNOLOGY"><value>5G SA</value></Data><Data name="MODE"><value>5G</value></Data><Data name="ARFCN"><value>644640</value></Data><Data name="BAND"><value></value></Data><Data name="BANDWIDTH"><value></value></Data><Data name="CA"><value>false</value></Data><Data name="NR state"><value></value></Data><Data name="RSRP"><value>-105 dBm</value></Data><Data name="RSRQ"><value>-11</value></Data><Data name="LAYER"><value>1</value></Data><Data name="PC"><value>2</value></Data><Data name="DL_BITRATE"><value> kbps</value></Data><Data name="UL_BITRATE"><value> kbps</value></Data><Data name="IP"><value></value></Data><Data name="PHONE STATE"><value>I</value></Data><Data name="IMEI"><value></value></Data><Data name="SPEED"><value>26 km/h</value></Data><Data name="HEIGHT"><value>-3m</value></Data><Data name="ALTITUDE"><value>-3m</value></Data><Data name="LOCATION"><value>G</value></Data><Data name="ACCURACY"><value>3m</value></Data><Data name="DISTANCE"><value>-1m</value></Data><Data name="SITE BEARING"><value>1000deg</value></Data><Data name="ANTENNA BEARING"><value>1000deg</value></Data><Data name="CELLHEX"><value>12</value></Data><Data name="NODEHEX"><value>0</value></Data><Data name="LACHEX"><value>1</value></Data><Data name="RAWCELLID"><value>18</value></Data><Data name="TIME"><value>2026.08.19_12.15.47</value></Data><Data name="NEI1"><value></value></Data><Data name="NEI2"><value></value></Data><Data name="NEI3"><value></value></Data><Data name="NEI4"><value></value></Data><Data name="NEI5"><value></value></Data><Data name="NEI6"><value></value></Data></ExtendedData><Style><LabelStyle><scale>0.0</scale> </LabelStyle><IconStyle><color>FFF07800</color><scale>0.5</scale><Icon><href>http://maps.google.com/mapfiles/kml/shapes/shaded_dot.png</href></Icon></IconStyle></Style><Point><coordinates>-75.75323345,39.66834788,0</coordinates></Point></Placemark><Placemark><name>25 km/h</name><ExtendedData><Data name="CGI"><value>3150100000100018</value></Data><Data name="CELLNAME"><value></value></Data><Data name="CELLID"><value>18</value></Data><Data name="RNC"><value>0</value></Data><Data name="TAC"><value>1</value></Data><Data name="TECHNOLOGY"><value>5G SA</value></Data><Data name="MODE"><value>5G</value></Data><Data name="ARFCN"><value>644640</value></Data><Data name="BAND"><value></value></Data><Data name="BANDWIDTH"><value></value></Data><Data name="CA"><value>false</value></Data><Data name="NR state"><value></value></Data><Data name="RSRP"><value>-105 dBm</value></Data><Data name="RSRQ"><value>-11</value></Data><Data name="LAYER"><value>1</value></Data><Data name="PC"><value>2</value></Data><Data name="DL_BITRATE"><value> kbps</value></Data><Data name="UL_BITRATE"><value> kbps</value></Data><Data name="IP"><value></value></Data><Data name="PHONE STATE"><value>I</value></Data><Data name="IMEI"><value></value></Data><Data name="SPEED"><value>25 km/h</value></Data><Data name="HEIGHT"><value>-3m</value></Data><Data name="ALTITUDE"><value>-3m</value></Data><Data name="LOCATION"><value>G</value></Data><Data name="ACCURACY"><value>3m</value></Data><Data name="DISTANCE"><value>-1m</value></Data><Data name="SITE BEARING"><value>1000deg</value></Data><Data name="ANTENNA BEARING"><value>1000deg</value></Data><Data name="CELLHEX"><value>12</value></Data><Data name="NODEHEX"><value>0</value></Data><Data name="LACHEX"><value>1</value></Data><Data name="RAWCELLID"><value>18</value></Data><Data name="TIME"><value>2026.08.19_12.15.47</value></Data><Data name="NEI1"><value></value></Data><Data name="NEI2"><value></value></Data><Data name="NEI3"><value></value></Data><Data name="NEI4"><value></value></Data><Data name="NEI5"><value></value></Data><Data name="NEI6"><value></value></Data></ExtendedData><Style><LabelStyle><scale>0.0</scale> </LabelStyle><IconStyle><color>FFF07800</color><scale>0.5</scale><Icon><href>http://maps.google.com/mapfiles/kml/shapes/shaded_dot.png</href></Icon></IconStyle></Style><Point><coordinates>-75.75317996,39.66840271,0</coordinates></Point></Placemark><Placemark><name>25 km/h</name><ExtendedData><Data name="CGI"><value>3150100000100018</value></Data><Data name="CELLNAME"><value></value></Data><Data name="CELLID"><value>18</value></Data><Data name="RNC"><value>0</value></Data><Data name="TAC"><value>1</value></Data><Data name="TECHNOLOGY"><value>5G SA</value></Data><Data name="MODE"><value>5G</value></Data><Data name="ARFCN"><value>644640</value></Data><Data name="BAND"><value></value></Data><Data name="BANDWIDTH"><value></value></Data><Data name="CA"><value>false</value></Data><Data name="NR state"><value></value></Data><Data name="RSRP"><value>-105 dBm</value></Data><Data name="RSRQ"><value>-11</value></Data><Data name="LAYER"><value>1</value></Data><Data name="PC"><value>2</value></Data><Data name="DL_BITRATE"><value> kbps</value></Data><Data name="UL_BITRATE"><value> kbps</value></Data><Data name="IP"><value></value></Data><Data name="PHONE STATE"><value>I</value></Data><Data name="IMEI"><value></value></Data><Data name="SPEED"><value>25 km/h</value></Data><Data name="HEIGHT"><value>-3m</value></Data><Data name="ALTITUDE"><value>-3m</value></Data><Data name="LOCATION"><value>G</value></Data><Data name="ACCURACY"><value>3m</value></Data><Data name="DISTANCE"><value>-1m</value></Data><Data name="SITE BEARING"><value>1000deg</value></Data><Data name="ANTENNA BEARING"><value>1000deg</value></Data><Data name="CELLHEX"><value>12</value></Data><Data name="NODEHEX"><value>0</value></Data><Data name="LACHEX"><value>1</value></Data><Data name="RAWCELLID"><value>18</value></Data><Data name="TIME"><value>2026.08.19_12.15.48</value></Data><Data name="NEI1"><value></value></Data><Data name="NEI2"><value></value></Data><Data name="NEI3"><value></value></Data><Data name="NEI4"><value></value></Data><Data name="NEI5"><value></value></Data><Data name="NEI6"><value></value></Data></ExtendedData><Style><LabelStyle><scale>0.0</scale> </LabelStyle><IconStyle><color>FFF07800</color><scale>0.5</scale><Icon><href>http://maps.google.com/mapfiles/kml/shapes/shaded_dot.png</href></Icon></IconStyle></Style><Point><coordinates>-75.75317996,39.66840271,0</coordinates></Point></Placemark><Placemark><name>25 km/h</name><ExtendedData><Data name="CGI"><value>3150100000100018</value></Data><Data name="CELLNAME"><value></value></Data><Data name="CELLID"><value>18</value></Data><Data name="RNC"><value>0</value></Data><Data name="TAC"><value>1</value></Data><Data name="TECHNOLOGY"><value>5G SA</value></Data><Data name="MODE"><value>5G</value></Data><Data name="ARFCN"><value>644640</value></Data><Data name="BAND"><value></value></Data><Data name="BANDWIDTH"><value></value></Data><Data name="CA"><value>false</value></Data><Data name="NR state"><value></value></Data><Data name="RSRP"><value>-105 dBm</value></Data><Data name="RSRQ"><value>-11</value></Data><Data name="LAYER"><value>1</value></Data><Data name="PC"><value>2</value></Data><Data name="DL_BITRATE"><value> kbps</value></Data><Data name="UL_BITRATE"><value> kbps</value></Data><Data name="IP"><value></value></Data><Data name="PHONE STATE"><value>I</value></Data><Data name="IMEI"><value></value></Data><Data name="SPEED"><value>25 km/h</value></Data><Data name="HEIGHT"><value>-4m</value></Data><Data name="ALTITUDE"><value>-4m</value></Data><Data name="LOCATION"><value>G</value></Data><Data name="ACCURACY"><value>3m</value></Data><Data name="DISTANCE"><value>-1m</value></Data><Data name="SITE BEARING"><value>1000deg</value></Data><Data name="ANTENNA BEARING"><value>1000deg</value></Data><Data name="CELLHEX"><value>12</value></Data><Data name="NODEHEX"><value>0</value></Data><Data name="LACHEX"><value>1</value></Data><Data name="RAWCELLID"><value>18</value></Data><Data name="TIME"><value>2026.08.19_12.15.48</value></Data><Data name="NEI1"><value></value></Data><Data name="NEI2"><value></value></Data><Data name="NEI3"><value></value></Data><Data name="NEI4"><value></value></Data><Data name="NEI5"><value></value></Data><Data name="NEI6"><value></value></Data></ExtendedData><Style><LabelStyle><scale>0.0</scale> </LabelStyle><IconStyle><color>FFF07800</color><scale>0.5</scale><Icon><href>http://maps.google.com/mapfiles/kml/shapes/shaded_dot.png</href></Icon></IconStyle></Style><Point><coordinates>-75.75315321,39.66846226,0</coordinates></Point></Placemark><Placemark><name>25 km/h</name><ExtendedData><Data name="CGI"><value>3150100000100018</value></Data><Data name="CELLNAME"><value></value></Data><Data name="CELLID"><value>18</value></Data><Data name="RNC"><value>0</value></Data><Data name="TAC"><value>1</value></Data><Data name="TECHNOLOGY"><value>5G SA</value></Data><Data name="MODE"><value>5G</value></Data><Data name="ARFCN"><value>644640</value></Data><Data name="BAND"><value></value></Data><Data name="BANDWIDTH"><value></value></Data><Data name="CA"><value>false</value></Data><Data name="NR state"><value></value></Data><Data name="RSRP"><value>-105 dBm</value></Data><Data name="RSRQ"><value>-11</value></Data><Data name="LAYER"><value>1</value></Data><Data name="PC"><value>2</value></Data><Data name="DL_BITRATE"><value> kbps</value></Data><Data name="UL_BITRATE"><value> kbps</value></Data><Data name="IP"><value></value></Data><Data name="PHONE STATE"><value>I</value></Data><Data name="IMEI"><value></value></Data><Data name="SPEED"><value>25 km/h</value></Data><Data name="HEIGHT"><value>-4m</value></Data><Data name="ALTITUDE"><value>-4m</value></Data><Data name="LOCATION"><value>G</value></Data><Data name="ACCURACY"><value>3m</value></Data><Data name="DISTANCE"><value>-1m</value></Data><Data name="SITE BEARING"><value>1000deg</value></Data><Data name="ANTENNA BEARING"><value>1000deg</value></Data><Data name="CELLHEX"><value>12</value></Data><Data name="NODEHEX"><value>0</value></Data><Data name="LACHEX"><value>1</value></Data><Data name="RAWCELLID"><value>18</value></Data><Data name="TIME"><value>2026.08.19_12.15.49</value></Data><Data name="NEI1"><value></value></Data><Data name="NEI2"><value></value></Data><Data name="NEI3"><value></value></Data><Data name="NEI4"><value></value></Data><Data name="NEI5"><value></value></Data><Data name="NEI6"><value></value></Data></ExtendedData><Style><LabelStyle><scale>0.0</scale> </LabelStyle><IconStyle><color>FFF07800</color><scale>0.5</scale><Icon><href>http://maps.google.com/mapfiles/kml/shapes/shaded_dot.png</href></Icon></IconStyle></Style><Point><coordinates>-75.75315321,39.66846226,0</coordinates></Point></Placemark><Placemark><name>26 km/h</name><ExtendedData><Data name="CGI"><value>3150100000100018</value></Data><Data name="CELLNAME"><value></value></Data><Data name="CELLID"><value>18</value></Data><Data name="RNC"><value>0</value></Data><Data name="TAC"><value>1</value></Data><Data name="TECHNOLOGY"><value>5G SA</value></Data><Data name="MODE"><value>5G</value></Data><Data name="ARFCN"><value>644640</value></Data><Data name="BAND"><value></value></Data><Data name="BANDWIDTH"><value></value></Data><Data name="CA"><value>false</value></Data><Data name="NR state"><value></value></Data><Data name="RSRP"><value>-105 dBm</value></Data><Data name="RSRQ"><value>-11</value></Data><Data name="LAYER"><value>1</value></Data><Data name="PC"><value>2</value></Data><Data name="DL_BITRATE"><value> kbps</value></Data><Data name="UL_BITRATE"><value> kbps</value></Data><Data name="IP"><value></value></Data><Data name="PHONE STATE"><value>I</value></Data><Data name="IMEI"><value></value></Data><Data name="SPEED"><value>26 km/h</value></Data><Data name="HEIGHT"><value>-4m</value></Data><Data name="ALTITUDE"><value>-4m</value></Data><Data name="LOCATION"><value>G</value></Data><Data name="ACCURACY"><value>3m</value></Data><Data name="DISTANCE"><value>-1m</value></Data><Data name="SITE BEARING"><value>1000deg</value></Data><Data name="ANTENNA BEARING"><value>1000deg</value></Data><Data name="CELLHEX"><value>12</value></Data><Data name="NODEHEX"><value>0</value></Data><Data name="LACHEX"><value>1</value></Data><Data name="RAWCELLID"><value>18</value></Data><Data name="TIME"><value>2026.08.19_12.15.49</value></Data><Data name="NEI1"><value></value></Data><Data name="NEI2"><value></value></Data><Data name="NEI3"><value></value></Data><Data name="NEI4"><value></value></Data><Data name="NEI5"><value></value></Data><Data name="NEI6"><value></value></Data></ExtendedData><Style><LabelStyle><scale>0.0</scale> </LabelStyle><IconStyle><color>FFF07800</color><scale>0.5</scale><Icon><href>http://maps.google.com/mapfiles/kml/shapes/shaded_dot.png</href></Icon></IconStyle></Style><Point><coordinates>-75.75314445,39.66852689,0</coordinates></Point></Placemark><Placemark><name>26 km/h</name><ExtendedData><Data name="CGI"><value>3150100000100018</value></Data><Data name="CELLNAME"><value></value></Data><Data name="CELLID"><value>18</value></Data><Data name="RNC"><value>0</value></Data><Data name="TAC"><value>1</value></Data><Data name="TECHNOLOGY"><value>5G SA</value></Data><Data name="MODE"><value>5G</value></Data><Data name="ARFCN"><value>644640</value></Data><Data name="BAND"><value></value></Data><Data name="BANDWIDTH"><value></value></Data><Data name="CA"><value>false</value></Data><Data name="NR state"><value></value></Data><Data name="RSRP"><value>-105 dBm</value></Data><Data name="RSRQ"><value>-11</value></Data><Data name="LAYER"><value>1</value></Data><Data name="PC"><value>2</value></Data><Data name="DL_BITRATE"><value> kbps</value></Data><Data name="UL_BITRATE"><value> kbps</value></Data><Data name="IP"><value></value></Data><Data name="PHONE STATE"><value>I</value></Data><Data name="IMEI"><value></value></Data><Data name="SPEED"><value>26 km/h</value></Data><Data name="HEIGHT"><value>-4m</value></Data><Data name="ALTITUDE"><value>-4m</value></Data><Data name="LOCATION"><value>G</value></Data><Data name="ACCURACY"><value>3m</value></Data><Data name="DISTANCE"><value>-1m</value></Data><Data name="SITE BEARING"><value>1000deg</value></Data><Data name="ANTENNA BEARING"><value>1000deg</value></Data><Data name="CELLHEX"><value>12</value></Data><Data name="NODEHEX"><value>0</value></Data><Data name="LACHEX"><value>1</value></Data><Data name="RAWCELLID"><value>18</value></Data><Data name="TIME"><value>2026.08.19_12.15.50</value></Data><Data name="NEI1"><value></value></Data><Data name="NEI2"><value></value></Data><Data name="NEI3"><value></value></Data><Data name="NEI4"><value></value></Data><Data name="NEI5"><value></value></Data><Data name="NEI6"><value></value></Data></ExtendedData><Style><LabelStyle><scale>0.0</scale> </LabelStyle><IconStyle><color>FFF07800</color><scale>0.5</scale><Icon><href>http://maps.google.com/mapfiles/kml/shapes/shaded_dot.png</href></Icon></IconStyle></Style><Point><coordinates>-75.75314445,39.66852689,0</coordinates></Point></Placemark><Placemark><name>27 km/h</name><ExtendedData><Data name="CGI"><value>3150100000100018</value></Data><Data name="CELLNAME"><value></value></Data><Data name="CELLID"><value>18</value></Data><Data name="RNC"><value>0</value></Data><Data name="TAC"><value>1</value></Data><Data name="TECHNOLOGY"><value>5G SA</value></Data><Data name="MODE"><value>5G</value></Data><Data name="ARFCN"><value>644640</value></Data><Data name="BAND"><value></value></Data><Data name="BANDWIDTH"><value></value></Data><Data name="CA"><value>false</value></Data><Data name="NR state"><value></value></Data><Data name="RSRP"><value>-105 dBm</value></Data><Data name="RSRQ"><value>-11</value></Data><Data name="LAYER"><value>1</value></Data><Data name="PC"><value>2</value></Data><Data name="DL_BITRATE"><value> kbps</value></Data><Data name="UL_BITRATE"><value> kbps</value></Data><Data name="IP"><value></value></Data><Data name="PHONE STATE"><value>I</value></Data><Data name="IMEI"><value></value></Data><Data name="SPEED"><value>27 km/h</value></Data><Data name="HEIGHT"><value>-3m</value></Data><Data name="ALTITUDE"><value>-3m</value></Data><Data name="LOCATION"><value>G</value></Data><Data name="ACCURACY"><value>3m</value></Data><Data name="DISTANCE"><value>-1m</value></Data><Data name="SITE BEARING"><value>1000deg</value></Data><Data name="ANTENNA BEARING"><value>1000deg</value></Data><Data name="CELLHEX"><value>12</value></Data><Data name="NODEHEX"><value>0</value></Data><Data name="LACHEX"><value>1</value></Data><Data name="RAWCELLID"><value>18</value></Data><Data name="TIME"><value>2026.08.19_12.15.50</value></Data><Data name="NEI1"><value></value></Data><Data name="NEI2"><value></value></Data><Data name="NEI3"><value></value></Data><Data name="NEI4"><value></value></Data><Data name="NEI5"><value></value></Data><Data name="NEI6"><value></value></Data></ExtendedData><Style><LabelStyle><scale>0.0</scale> </LabelStyle><IconStyle><color>FFF07800</color><scale>0.5</scale><Icon><href>http://maps.google.com/mapfiles/kml/shapes/shaded_dot.png</href></Icon></IconStyle></Style><Point><coordinates>-75.75314043,39.66859717,0</coordinates></Point></Placemark><Placemark><name>27 km/h</name><ExtendedData><Data name="CGI"><value>3150100000100018</value></Data><Data name="CELLNAME"><value></value></Data><Data name="CELLID"><value>18</value></Data><Data name="RNC"><value>0</value></Data><Data name="TAC"><value>1</value></Data><Data name="TECHNOLOGY"><value>5G SA</value></Data><Data name="MODE"><value>5G</value></Data><Data name="ARFCN"><value>644640</value></Data><Data name="BAND"><value></value></Data><Data name="BANDWIDTH"><value></value></Data><Data name="CA"><value>false</value></Data><Data name="NR state"><value></value></Data><Data name="RSRP"><value>-105 dBm</value></Data><Data name="RSRQ"><value>-11</value></Data><Data name="LAYER"><value>1</value></Data><Data name="PC"><value>2</value></Data><Data name="DL_BITRATE"><value> kbps</value></Data><Data name="UL_BITRATE"><value> kbps</value></Data><Data name="IP"><value></value></Data><Data name="PHONE STATE"><value>I</value></Data><Data name="IMEI"><value></value></Data><Data name="SPEED"><value>27 km/h</value></Data><Data name="HEIGHT"><value>-3m</value></Data><Data name="ALTITUDE"><value>-3m</value></Data><Data name="LOCATION"><value>G</value></Data><Data name="ACCURACY"><value>3m</value></Data><Data name="DISTANCE"><value>-1m</value></Data><Data name="SITE BEARING"><value>1000deg</value></Data><Data name="ANTENNA BEARING"><value>1000deg</value></Data><Data name="CELLHEX"><value>12</value></Data><Data name="NODEHEX"><value>0</value></Data><Data name="LACHEX"><value>1</value></Data><Data name="RAWCELLID"><value>18</value></Data><Data name="TIME"><value>2026.08.19_12.15.51</value></Data><Data name="NEI1"><value></value></Data><Data name="NEI2"><value></value></Data><Data name="NEI3"><value></value></Data><Data name="NEI4"><value></value></Data><Data name="NEI5"><value></value></Data><Data name="NEI6"><value></value></Data></ExtendedData><Style><LabelStyle><scale>0.0</scale> </LabelStyle><IconStyle><color>FFF07800</color><scale>0.5</scale><Icon><href>http://maps.google.com/mapfiles/kml/shapes/shaded_dot.png</href></Icon></IconStyle></Style><Point><coordinates>-75.75314043,39.66859717,0</coordinates></Point></Placemark><Placemark><name>29 km/h</name><ExtendedData><Data name="CGI"><value>3150100000100018</value></Data><Data name="CELLNAME"><value></value></Data><Data name="CELLID"><value>18</value></Data><Data name="RNC"><value>0</value></Data><Data name="TAC"><value>1</value></Data><Data name="TECHNOLOGY"><value>5G SA</value></Data><Data name="MODE"><value>5G</value></Data><Data name="ARFCN"><value>644640</value></Data><Data name="BAND"><value></value></Data><Data name="BANDWIDTH"><value></value></Data><Data name="CA"><value>false</value></Data><Data name="NR state"><value></value></Data><Data name="RSRP"><value>-105 dBm</value></Data><Data name="RSRQ"><value>-11</value></Data><Data name="LAYER"><value>1</value></Data><Data name="PC"><value>2</value></Data><Data name="DL_BITRATE"><value> kbps</value></Data><Data name="UL_BITRATE"><value> kbps</value></Data><Data name="IP"><value></value></Data><Data name="PHONE STATE"><value>I</value></Data><Data name="IMEI"><value></value></Data><Data name="SPEED"><value>29 km/h</value></Data><Data name="HEIGHT"><value>-3m</value></Data><Data name="ALTITUDE"><value>-3m</value></Data><Data name="LOCATION"><value>G</value></Data><Data name="ACCURACY"><value>3m</value></Data><Data name="DISTANCE"><value>-1m</value></Data><Data name="SITE BEARING"><value>1000deg</value></Data><Data name="ANTENNA BEARING"><value>1000deg</value></Data><Data name="CELLHEX"><value>12</value></Data><Data name="NODEHEX"><value>0</value></Data><Data name="LACHEX"><value>1</value></Data><Data name="RAWCELLID"><value>18</value></Data><Data name="TIME"><value>2026.08.19_12.15.51</value></Data><Data name="NEI1"><value></value></Data><Data name="NEI2"><value></value></Data><Data name="NEI3"><value></value></Data><Data name="NEI4"><value></value></Data><Data name="NEI5"><value></value></Data><Data name="NEI6"><value></value></Data></ExtendedData><Style><LabelStyle><scale>0.0</scale> </LabelStyle><IconStyle><color>FFF07800</color><scale>0.5</scale><Icon><href>http://maps.google.com/mapfiles/kml/shapes/shaded_dot.png</href></Icon></IconStyle></Style><Point><coordinates>-75.75313743,39.6686699,0</coordinates></Point></Placemark><Placemark><name>29 km/h</name><ExtendedData><Data name="CGI"><value>3150100000100018</value></Data><Data name="CELLNAME"><value></value></Data><Data name="CELLID"><value>18</value></Data><Data name="RNC"><value>0</value></Data><Data name="TAC"><value>1</value></Data><Data name="TECHNOLOGY"><value>5G SA</value></Data><Data name="MODE"><value>5G</value></Data><Data name="ARFCN"><value>644640</value></Data><Data name="BAND"><value></value></Data><Data name="BANDWIDTH"><value></value></Data><Data name="CA"><value>false</value></Data><Data name="NR state"><value></value></Data><Data name="RSRP"><value>-105 dBm</value></Data><Data name="RSRQ"><value>-11</value></Data><Data name="LAYER"><value>1</value></Data><Data name="PC"><value>2</value></Data><Data name="DL_BITRATE"><value> kbps</value></Data><Data name="UL_BITRATE"><value> kbps</value></Data><Data name="IP"><value></value></Data><Data name="PHONE STATE"><value>I</value></Data><Data name="IMEI"><value></value></Data><Data name="SPEED"><value>29 km/h</value></Data><Data name="HEIGHT"><value>-3m</value></Data><Data name="ALTITUDE"><value>-3m</value></Data><Data name="LOCATION"><value>G</value></Data><Data name="ACCURACY"><value>3m</value></Data><Data name="DISTANCE"><value>-1m</value></Data><Data name="SITE BEARING"><value>1000deg</value></Data><Data name="ANTENNA BEARING"><value>1000deg</value></Data><Data name="CELLHEX"><value>12</value></Data><Data name="NODEHEX"><value>0</value></Data><Data name="LACHEX"><value>1</value></Data><Data name="RAWCELLID"><value>18</value></Data><Data name="TIME"><value>2026.08.19_12.15.52</value></Data><Data name="NEI1"><value></value></Data><Data name="NEI2"><value></value></Data><Data name="NEI3"><value></value></Data><Data name="NEI4"><value></value></Data><Data name="NEI5"><value></value></Data><Data name="NEI6"><value></value></Data></ExtendedData><Style><LabelStyle><scale>0.0</scale> </LabelStyle><IconStyle><color>FFF07800</color><scale>0.5</scale><Icon><href>http://maps.google.com/mapfiles/kml/shapes/shaded_dot.png</href></Icon></IconStyle></Style><Point><coordinates>-75.75313743,39.6686699,0</coordinates></Point></Placemark><Placemark><name>30 km/h</name><ExtendedData><Data name="CGI"><value>3150100000100018</value></Data><Data name="CELLNAME"><value></value></Data><Data name="CELLID"><value>18</value></Data><Data name="RNC"><value>0</value></Data><Data name="TAC"><value>1</value></Data><Data name="TECHNOLOGY"><value>5G SA</value></Data><Data name="MODE"><value>5G</value></Data><Data name="ARFCN"><value>644640</value></Data><Data name="BAND"><value></value></Data><Data name="BANDWIDTH"><value></value></Data><Data name="CA"><value>false</value></Data><Data name="NR state"><value></value></Data><Data name="RSRP"><value>-105 dBm</value></Data><Data name="RSRQ"><value>-11</value></Data><Data name="LAYER"><value>1</value></Data><Data name="PC"><value>2</value></Data><Data name="DL_BITRATE"><value> kbps</value></Data><Data name="UL_BITRATE"><value> kbps</value></Data><Data name="IP"><value></value></Data><Data name="PHONE STATE"><value>I</value></Data><Data name="IMEI"><value></value></Data><Data name="SPEED"><value>30 km/h</value></Data><Data name="HEIGHT"><value>-3m</value></Data><Data name="ALTITUDE"><value>-3m</value></Data><Data name="LOCATION"><value>G</value></Data><Data name="ACCURACY"><value>3m</value></Data><Data name="DISTANCE"><value>-1m</value></Data><Data name="SITE BEARING"><value>1000deg</value></Data><Data name="ANTENNA BEARING"><value>1000deg</value></Data><Data name="CELLHEX"><value>12</value></Data><Data name="NODEHEX"><value>0</value></Data><Data name="LACHEX"><value>1</value></Data><Data name="RAWCELLID"><value>18</value></Data><Data name="TIME"><value>2026.08.19_12.15.52</value></Data><Data name="NEI1"><value></value></Data><Data name="NEI2"><value></value></Data><Data name="NEI3"><value></value></Data><Data name="NEI4"><value></value></Data><Data name="NEI5"><value></value></Data><Data name="NEI6"><value></value></Data></ExtendedData><Style><LabelStyle><scale>0.0</scale> </LabelStyle><IconStyle><color>FFF07800</color><scale>0.5</scale><Icon><href>http://maps.google.com/mapfiles/kml/shapes/shaded_dot.png</href></Icon></IconStyle></Style><Point><coordinates>-75.75313605,39.66874651,0</coordinates></Point></Placemark><Placemark><name>30 km/h</name><ExtendedData><Data name="CGI"><value>3150100000100018</value></Data><Data name="CELLNAME"><value></value></Data><Data name="CELLID"><value>18</value></Data><Data name="RNC"><value>0</value></Data><Data name="TAC"><value>1</value></Data><Data name="TECHNOLOGY"><value>5G SA</value></Data><Data name="MODE"><value>5G</value></Data><Data name="ARFCN"><value>644640</value></Data><Data name="BAND"><value></value></Data><Data name="BANDWIDTH"><value></value></Data><Data name="CA"><value>false</value></Data><Data name="NR state"><value></value></Data><Data name="RSRP"><value>-105 dBm</value></Data><Data name="RSRQ"><value>-11</value></Data><Data name="LAYER"><value>1</value></Data><Data name="PC"><value>2</value></Data><Data name="DL_BITRATE"><value> kbps</value></Data><Data name="UL_BITRATE"><value> kbps</value></Data><Data name="IP"><value></value></Data><Data name="PHONE STATE"><value>I</value></Data><Data name="IMEI"><value></value></Data><Data name="SPEED"><value>30 km/h</value></Data><Data name="HEIGHT"><value>-3m</value></Data><Data name="ALTITUDE"><value>-3m</value></Data><Data name="LOCATION"><value>G</value></Data><Data name="ACCURACY"><value>3m</value></Data><Data name="DISTANCE"><value>-1m</value></Data><Data name="SITE BEARING"><value>1000deg</value></Data><Data name="ANTENNA BEARING"><value>1000deg</value></Data><Data name="CELLHEX"><value>12</value></Data><Data name="NODEHEX"><value>0</value></Data><Data name="LACHEX"><value>1</value></Data><Data name="RAWCELLID"><value>18</value></Data><Data name="TIME"><value>2026.08.19_12.15.53</value></Data><Data name="NEI1"><value></value></Data><Data name="NEI2"><value></value></Data><Data name="NEI3"><value></value></Data><Data name="NEI4"><value></value></Data><Data name="NEI5"><value></value></Data><Data name="NEI6"><value></value></Data></ExtendedData><Style><LabelStyle><scale>0.0</scale> </LabelStyle><IconStyle><color>FFF07800</color><scale>0.5</scale><Icon><href>http://maps.google.com/mapfiles/kml/shapes/shaded_dot.png</href></Icon></IconStyle></Style><Point><coordinates>-75.75313605,39.66874651,0</coordinates></Point></Placemark><Placemark><name>31 km/h</name><ExtendedData><Data name="CGI"><value>3150100000100018</value></Data><Data name="CELLNAME"><value></value></Data><Data name="CELLID"><value>18</value></Data><Data name="RNC"><value>0</value></Data><Data name="TAC"><value>1</value></Data><Data name="TECHNOLOGY"><value>5G SA</value></Data><Data name="MODE"><value>5G</value></Data><Data name="ARFCN"><value>644640</value></Data><Data name="BAND"><value></value></Data><Data name="BANDWIDTH"><value></value></Data><Data name="CA"><value>false</value></Data><Data name="NR state"><value></value></Data><Data name="RSRP"><value>-105 dBm</value></Data><Data name="RSRQ"><value>-11</value></Data><Data name="LAYER"><value>1</value></Data><Data name="PC"><value>2</value></Data><Data name="DL_BITRATE"><value> kbps</value></Data><Data name="UL_BITRATE"><value> kbps</value></Data><Data name="IP"><value></value></Data><Data name="PHONE STATE"><value>I</value></Data><Data name="IMEI"><value></value></Data><Data name="SPEED"><value>31 km/h</value></Data><Data name="HEIGHT"><value>-3m</value></Data><Data name="ALTITUDE"><value>-3m</value></Data><Data name="LOCATION"><value>G</value></Data><Data name="ACCURACY"><value>3m</value></Data><Data name="DISTANCE"><value>-1m</value></Data><Data name="SITE BEARING"><value>1000deg</value></Data><Data name="ANTENNA BEARING"><value>1000deg</value></Data><Data name="CELLHEX"><value>12</value></Data><Data name="NODEHEX"><value>0</value></Data><Data name="LACHEX"><value>1</value></Data><Data name="RAWCELLID"><value>18</value></Data><Data name="TIME"><value>2026.08.19_12.15.53</value></Data><Data name="NEI1"><value></value></Data><Data name="NEI2"><value></value></Data><Data name="NEI3"><value></value></Data><Data name="NEI4"><value></value></Data><Data name="NEI5"><value></value></Data><Data name="NEI6"><value></value></Data></ExtendedData><Style><LabelStyle><scale>0.0</scale> </LabelStyle><IconStyle><color>FFF07800</color><scale>0.5</scale><Icon><href>http://maps.google.com/mapfiles/kml/shapes/shaded_dot.png</href></Icon></IconStyle></Style><Point><coordinates>-75.75313597,39.66882566,0</coordinates></Point></Placemark><Placemark><name>31 km/h</name><ExtendedData><Data name="CGI"><value>3150100000100018</value></Data><Data name="CELLNAME"><value></value></Data><Data name="CELLID"><value>18</value></Data><Data name="RNC"><value>0</value></Data><Data name="TAC"><value>1</value></Data><Data name="TECHNOLOGY"><value>5G SA</value></Data><Data name="MODE"><value>5G</value></Data><Data name="ARFCN"><value>644640</value></Data><Data name="BAND"><value></value></Data><Data name="BANDWIDTH"><value></value></Data><Data name="CA"><value>false</value></Data><Data name="NR state"><value></value></Data><Data name="RSRP"><value>-105 dBm</value></Data><Data name="RSRQ"><value>-11</value></Data><Data name="LAYER"><value>1</value></Data><Data name="PC"><value>2</value></Data><Data name="DL_BITRATE"><value> kbps</value></Data><Data name="UL_BITRATE"><value> kbps</value></Data><Data name="IP"><value></value></Data><Data name="PHONE STATE"><value>I</value></Data><Data name="IMEI"><value></value></Data><Data name="SPEED"><value>31 km/h</value></Data><Data name="HEIGHT"><value>-3m</value></Data><Data name="ALTITUDE"><value>-3m</value></Data><Data name="LOCATION"><value>G</value></Data><Data name="ACCURACY"><value>3m</value></Data><Data name="DISTANCE"><value>-1m</value></Data><Data name="SITE BEARING"><value>1000deg</value></Data><Data name="ANTENNA BEARING"><value>1000deg</value></Data><Data name="CELLHEX"><value>12</value></Data><Data name="NODEHEX"><value>0</value></Data><Data name="LACHEX"><value>1</value></Data><Data name="RAWCELLID"><value>18</value></Data><Data name="TIME"><value>2026.08.19_12.15.54</value></Data><Data name="NEI1"><value></value></Data><Data name="NEI2"><value></value></Data><Data name="NEI3"><value></value></Data><Data name="NEI4"><value></value></Data><Data name="NEI5"><value></value></Data><Data name="NEI6"><value></value></Data></ExtendedData><Style><LabelStyle><scale>0.0</scale> </LabelStyle><IconStyle><color>FFF07800</color><scale>0.5</scale><Icon><href>http://maps.google.com/mapfiles/kml/shapes/shaded_dot.png</href></Icon></IconStyle></Style><Point><coordinates>-75.75313597,39.66882566,0</coordinates></Point></Placemark><Placemark><name>31 km/h</name><ExtendedData><Data name="CGI"><value>3150100000100018</value></Data><Data name="CELLNAME"><value></value></Data><Data name="CELLID"><value>18</value></Data><Data name="RNC"><value>0</value></Data><Data name="TAC"><value>1</value></Data><Data name="TECHNOLOGY"><value>5G SA</value></Data><Data name="MODE"><value>5G</value></Data><Data name="ARFCN"><value>644640</value></Data><Data name="BAND"><value></value></Data><Data name="BANDWIDTH"><value></value></Data><Data name="CA"><value>false</value></Data><Data name="NR state"><value></value></Data><Data name="RSRP"><value>-105 dBm</value></Data><Data name="RSRQ"><value>-11</value></Data><Data name="LAYER"><value>1</value></Data><Data name="PC"><value>2</value></Data><Data name="DL_BITRATE"><value> kbps</value></Data><Data name="UL_BITRATE"><value> kbps</value></Data><Data name="IP"><value></value></Data><Data name="PHONE STATE"><value>I</value></Data><Data name="IMEI"><value></value></Data><Data name="SPEED"><value>31 km/h</value></Data><Data name="HEIGHT"><value>-3m</value></Data><Data name="ALTITUDE"><value>-3m</value></Data><Data name="LOCATION"><value>G</value></Data><Data name="ACCURACY"><value>3m</value></Data><Data name="DISTANCE"><value>-1m</value></Data><Data name="SITE BEARING"><value>1000deg</value></Data><Data name="ANTENNA BEARING"><value>1000deg</value></Data><Data name="CELLHEX"><value>12</value></Data><Data name="NODEHEX"><value>0</value></Data><Data name="LACHEX"><value>1</value></Data><Data name="RAWCELLID"><value>18</value></Data><Data name="TIME"><value>2026.08.19_12.15.54</value></Data><Data name="NEI1"><value></value></Data><Data name="NEI2"><value></value></Data><Data name="NEI3"><value></value></Data><Data name="NEI4"><value></value></Data><Data name="NEI5"><value></value></Data><Data name="NEI6"><value></value></Data></ExtendedData><Style><LabelStyle><scale>0.0</scale> </LabelStyle><IconStyle><color>FFF07800</color><scale>0.5</scale><Icon><href>http://maps.google.com/mapfiles/kml/shapes/shaded_dot.png</href></Icon></IconStyle></Style><Point><coordinates>-75.75313351,39.66890346,0</coordinates></Point></Placemark><Placemark><name>31 km/h</name><ExtendedData><Data name="CGI"><value>3150100000100018</value></Data><Data name="CELLNAME"><value></value></Data><Data name="CELLID"><value>18</value></Data><Data name="RNC"><value>0</value></Data><Data name="TAC"><value>1</value></Data><Data name="TECHNOLOGY"><value>5G SA</value></Data><Data name="MODE"><value>5G</value></Data><Data name="ARFCN"><value>644640</value></Data><Data name="BAND"><value></value></Data><Data name="BANDWIDTH"><value></value></Data><Data name="CA"><value>false</value></Data><Data name="NR state"><value></value></Data><Data name="RSRP"><value>-105 dBm</value></Data><Data name="RSRQ"><value>-11</value></Data><Data name="LAYER"><value>1</value></Data><Data name="PC"><value>2</value></Data><Data name="DL_BITRATE"><value> kbps</value></Data><Data name="UL_BITRATE"><value> kbps</value></Data><Data name="IP"><value></value></Data><Data name="PHONE STATE"><value>I</value></Data><Data name="IMEI"><value></value></Data><Data name="SPEED"><value>31 km/h</value></Data><Data name="HEIGHT"><value>-3m</value></Data><Data name="ALTITUDE"><value>-3m</value></Data><Data name="LOCATION"><value>G</value></Data><Data name="ACCURACY"><value>3m</value></Data><Data name="DISTANCE"><value>-1m</value></Data><Data name="SITE BEARING"><value>1000deg</value></Data><Data name="ANTENNA BEARING"><value>1000deg</value></Data><Data name="CELLHEX"><value>12</value></Data><Data name="NODEHEX"><value>0</value></Data><Data name="LACHEX"><value>1</value></Data><Data name="RAWCELLID"><value>18</value></Data><Data name="TIME"><value>2026.08.19_12.15.55</value></Data><Data name="NEI1"><value></value></Data><Data name="NEI2"><value></value></Data><Data name="NEI3"><value></value></Data><Data name="NEI4"><value></value></Data><Data name="NEI5"><value></value></Data><Data name="NEI6"><value></value></Data></ExtendedData><Style><LabelStyle><scale>0.0</scale> </LabelStyle><IconStyle><color>FFF07800</color><scale>0.5</scale><Icon><href>http://maps.google.com/mapfiles/kml/shapes/shaded_dot.png</href></Icon></IconStyle></Style><Point><coordinates>-75.75313351,39.66890346,0</coordinates></Point></Placemark><Placemark><name>31 km/h</name><ExtendedData><Data name="CGI"><value>3150100000100018</value></Data><Data name="CELLNAME"><value></value></Data><Data name="CELLID"><value>18</value></Data><Data name="RNC"><value>0</value></Data><Data name="TAC"><value>1</value></Data><Data name="TECHNOLOGY"><value>5G SA</value></Data><Data name="MODE"><value>5G</value></Data><Data name="ARFCN"><value>644640</value></Data><Data name="BAND"><value></value></Data><Data name="BANDWIDTH"><value></value></Data><Data name="CA"><value>false</value></Data><Data name="NR state"><value></value></Data><Data name="RSRP"><value>-105 dBm</value></Data><Data name="RSRQ"><value>-11</value></Data><Data name="LAYER"><value>1</value></Data><Data name="PC"><value>2</value></Data><Data name="DL_BITRATE"><value> kbps</value></Data><Data name="UL_BITRATE"><value> kbps</value></Data><Data name="IP"><value></value></Data><Data name="PHONE STATE"><value>I</value></Data><Data name="IMEI"><value></value></Data><Data name="SPEED"><value>31 km/h</value></Data><Data name="HEIGHT"><value>-3m</value></Data><Data name="ALTITUDE"><value>-3m</value></Data><Data name="LOCATION"><value>G</value></Data><Data name="ACCURACY"><value>3m</value></Data><Data name="DISTANCE"><value>-1m</value></Data><Data name="SITE BEARING"><value>1000deg</value></Data><Data name="ANTENNA BEARING"><value>1000deg</value></Data><Data name="CELLHEX"><value>12</value></Data><Data name="NODEHEX"><value>0</value></Data><Data name="LACHEX"><value>1</value></Data><Data name="RAWCELLID"><value>18</value></Data><Data name="TIME"><value>2026.08.19_12.15.55</value></Data><Data name="NEI1"><value></value></Data><Data name="NEI2"><value></value></Data><Data name="NEI3"><value></value></Data><Data name="NEI4"><value></value></Data><Data name="NEI5"><value></value></Data><Data name="NEI6"><value></value></Data></ExtendedData><Style><LabelStyle><scale>0.0</scale> </LabelStyle><IconStyle><color>FFF07800</color><scale>0.5</scale><Icon><href>http://maps.google.com/mapfiles/kml/shapes/shaded_dot.png</href></Icon></IconStyle></Style><Point><coordinates>-75.753131,39.66898044,0</coordinates></Point></Placemark><Placemark><name>31 km/h</name><ExtendedData><Data name="CGI"><value>3150100000100018</value></Data><Data name="CELLNAME"><value></value></Data><Data name="CELLID"><value>18</value></Data><Data name="RNC"><value>0</value></Data><Data name="TAC"><value>1</value></Data><Data name="TECHNOLOGY"><value>5G SA</value></Data><Data name="MODE"><value>5G</value></Data><Data name="ARFCN"><value>644640</value></Data><Data name="BAND"><value></value></Data><Data name="BANDWIDTH"><value></value></Data><Data name="CA"><value>false</value></Data><Data name="NR state"><value></value></Data><Data name="RSRP"><value>-105 dBm</value></Data><Data name="RSRQ"><value>-11</value></Data><Data name="LAYER"><value>1</value></Data><Data name="PC"><value>2</value></Data><Data name="DL_BITRATE"><value> kbps</value></Data><Data name="UL_BITRATE"><value> kbps</value></Data><Data name="IP"><value></value></Data><Data name="PHONE STATE"><value>I</value></Data><Data name="IMEI"><value></value></Data><Data name="SPEED"><value>31 km/h</value></Data><Data name="HEIGHT"><value>-3m</value></Data><Data name="ALTITUDE"><value>-3m</value></Data><Data name="LOCATION"><value>G</value></Data><Data name="ACCURACY"><value>3m</value></Data><Data name="DISTANCE"><value>-1m</value></Data><Data name="SITE BEARING"><value>1000deg</value></Data><Data name="ANTENNA BEARING"><value>1000deg</value></Data><Data name="CELLHEX"><value>12</value></Data><Data name="NODEHEX"><value>0</value></Data><Data name="LACHEX"><value>1</value></Data><Data name="RAWCELLID"><value>18</value></Data><Data name="TIME"><value>2026.08.19_12.15.56</value></Data><Data name="NEI1"><value></value></Data><Data name="NEI2"><value></value></Data><Data name="NEI3"><value></value></Data><Data name="NEI4"><value></value></Data><Data name="NEI5"><value></value></Data><Data name="NEI6"><value></value></Data></ExtendedData><Style><LabelStyle><scale>0.0</scale> </LabelStyle><IconStyle><color>FFF07800</color><scale>0.5</scale><Icon><href>http://maps.google.com/mapfiles/kml/shapes/shaded_dot.png</href></Icon></IconStyle></Style><Point><coordinates>-75.753131,39.66898044,0</coordinates></Point></Placemark><Placemark><name>31 km/h</name><ExtendedData><Data name="CGI"><value>3150100000100018</value></Data><Data name="CELLNAME"><value></value></Data><Data name="CELLID"><value>18</value></Data><Data name="RNC"><value>0</value></Data><Data name="TAC"><value>1</value></Data><Data name="TECHNOLOGY"><value>5G SA</value></Data><Data name="MODE"><value>5G</value></Data><Data name="ARFCN"><value>644640</value></Data><Data name="BAND"><value></value></Data><Data name="BANDWIDTH"><value></value></Data><Data name="CA"><value>false</value></Data><Data name="NR state"><value></value></Data><Data name="RSRP"><value>-105 dBm</value></Data><Data name="RSRQ"><value>-11</value></Data><Data name="LAYER"><value>1</value></Data><Data name="PC"><value>2</value></Data><Data name="DL_BITRATE"><value> kbps</value></Data><Data name="UL_BITRATE"><value> kbps</value></Data><Data name="IP"><value></value></Data><Data name="PHONE STATE"><value>I</value></Data><Data name="IMEI"><value></value></Data><Data name="SPEED"><value>31 km/h</value></Data><Data name="HEIGHT"><value>-3m</value></Data><Data name="ALTITUDE"><value>-3m</value></Data><Data name="LOCATION"><value>G</value></Data><Data name="ACCURACY"><value>3m</value></Data><Data name="DISTANCE"><value>-1m</value></Data><Data name="SITE BEARING"><value>1000deg</value></Data><Data name="ANTENNA BEARING"><value>1000deg</value></Data><Data name="CELLHEX"><value>12</value></Data><Data name="NODEHEX"><value>0</value></Data><Data name="LACHEX"><value>1</value></Data><Data name="RAWCELLID"><value>18</value></Data><Data name="TIME"><value>2026.08.19_12.15.56</value></Data><Data name="NEI1"><value></value></Data><Data name="NEI2"><value></value></Data><Data name="NEI3"><value></value></Data><Data name="NEI4"><value></value></Data><Data name="NEI5"><value></value></Data><Data name="NEI6"><value></value></Data></ExtendedData><Style><LabelStyle><scale>0.0</scale> </LabelStyle><IconStyle><color>FFF07800</color><scale>0.5</scale><Icon><href>http://maps.google.com/mapfiles/kml/shapes/shaded_dot.png</href></Icon></IconStyle></Style><Point><coordinates>-75.7531269,39.669061,0</coordinates></Point></Placemark><Placemark><name>31 km/h</name><ExtendedData><Data name="CGI"><value>3150100000100018</value></Data><Data name="CELLNAME"><value></value></Data><Data name="CELLID"><value>18</value></Data><Data name="RNC"><value>0</value></Data><Data name="TAC"><value>1</value></Data><Data name="TECHNOLOGY"><value>5G SA</value></Data><Data name="MODE"><value>5G</value></Data><Data name="ARFCN"><value>644640</value></Data><Data name="BAND"><value></value></Data><Data name="BANDWIDTH"><value></value></Data><Data name="CA"><value>false</value></Data><Data name="NR state"><value></value></Data><Data name="RSRP"><value>-105 dBm</value></Data><Data name="RSRQ"><value>-11</value></Data><Data name="LAYER"><value>1</value></Data><Data name="PC"><value>2</value></Data><Data name="DL_BITRATE"><value> kbps</value></Data><Data name="UL_BITRATE"><value> kbps</value></Data><Data name="IP"><value></value></Data><Data name="PHONE STATE"><value>I</value></Data><Data name="IMEI"><value></value></Data><Data name="SPEED"><value>31 km/h</value></Data><Data name="HEIGHT"><value>-3m</value></Data><Data name="ALTITUDE"><value>-3m</value></Data><Data name="LOCATION"><value>G</value></Data><Data name="ACCURACY"><value>3m</value></Data><Data name="DISTANCE"><value>-1m</value></Data><Data name="SITE BEARING"><value>1000deg</value></Data><Data name="ANTENNA BEARING"><value>1000deg</value></Data><Data name="CELLHEX"><value>12</value></Data><Data name="NODEHEX"><value>0</value></Data><Data name="LACHEX"><value>1</value></Data><Data name="RAWCELLID"><value>18</value></Data><Data name="TIME"><value>2026.08.19_12.15.57</value></Data><Data name="NEI1"><value></value></Data><Data name="NEI2"><value></value></Data><Data name="NEI3"><value></value></Data><Data name="NEI4"><value></value></Data><Data name="NEI5"><value></value></Data><Data name="NEI6"><value></value></Data></ExtendedData><Style><LabelStyle><scale>0.0</scale> </LabelStyle><IconStyle><color>FFF07800</color><scale>0.5</scale><Icon><href>http://maps.google.com/mapfiles/kml/shapes/shaded_dot.png</href></Icon></IconStyle></Style><Point><coordinates>-75.7531269,39.669061,0</coordinates></Point></Placemark><Placemark><name>31 km/h</name><ExtendedData><Data name="CGI"><value>3150100000100018</value></Data><Data name="CELLNAME"><value></value></Data><Data name="CELLID"><value>18</value></Data><Data name="RNC"><value>0</value></Data><Data name="TAC"><value>1</value></Data><Data name="TECHNOLOGY"><value>5G SA</value></Data><Data name="MODE"><value>5G</value></Data><Data name="ARFCN"><value>644640</value></Data><Data name="BAND"><value></value></Data><Data name="BANDWIDTH"><value></value></Data><Data name="CA"><value>false</value></Data><Data name="NR state"><value></value></Data><Data name="RSRP"><value>-105 dBm</value></Data><Data name="RSRQ"><value>-11</value></Data><Data name="LAYER"><value>1</value></Data><Data name="PC"><value>2</value></Data><Data name="DL_BITRATE"><value> kbps</value></Data><Data name="UL_BITRATE"><value> kbps</value></Data><Data name="IP"><value></value></Data><Data name="PHONE STATE"><value>I</value></Data><Data name="IMEI"><value></value></Data><Data name="SPEED"><value>31 km/h</value></Data><Data name="HEIGHT"><value>-4m</value></Data><Data name="ALTITUDE"><value>-4m</value></Data><Data name="LOCATION"><value>G</value></Data><Data name="ACCURACY"><value>3m</value></Data><Data name="DISTANCE"><value>-1m</value></Data><Data name="SITE BEARING"><value>1000deg</value></Data><Data name="ANTENNA BEARING"><value>1000deg</value></Data><Data name="CELLHEX"><value>12</value></Data><Data name="NODEHEX"><value>0</value></Data><Data name="LACHEX"><value>1</value></Data><Data name="RAWCELLID"><value>18</value></Data><Data name="TIME"><value>2026.08.19_12.15.57</value></Data><Data name="NEI1"><value></value></Data><Data name="NEI2"><value></value></Data><Data name="NEI3"><value></value></Data><Data name="NEI4"><value></value></Data><Data name="NEI5"><value></value></Data><Data name="NEI6"><value></value></Data></ExtendedData><Style><LabelStyle><scale>0.0</scale> </LabelStyle><IconStyle><color>FFF07800</color><scale>0.5</scale><Icon><href>http://maps.google.com/mapfiles/kml/shapes/shaded_dot.png</href></Icon></IconStyle></Style><Point><coordinates>-75.7531242,39.66914083,0</coordinates></Point></Placemark><Placemark><name>31 km/h</name><ExtendedData><Data name="CGI"><value>3150100000100018</value></Data><Data name="CELLNAME"><value></value></Data><Data name="CELLID"><value>18</value></Data><Data name="RNC"><value>0</value></Data><Data name="TAC"><value>1</value></Data><Data name="TECHNOLOGY"><value>5G SA</value></Data><Data name="MODE"><value>5G</value></Data><Data name="ARFCN"><value>644640</value></Data><Data name="BAND"><value></value></Data><Data name="BANDWIDTH"><value></value></Data><Data name="CA"><value>false</value></Data><Data name="NR state"><value></value></Data><Data name="RSRP"><value>-105 dBm</value></Data><Data name="RSRQ"><value>-11</value></Data><Data name="LAYER"><value>1</value></Data><Data name="PC"><value>2</value></Data><Data name="DL_BITRATE"><value> kbps</value></Data><Data name="UL_BITRATE"><value> kbps</value></Data><Data name="IP"><value></value></Data><Data name="PHONE STATE"><value>I</value></Data><Data name="IMEI"><value></value></Data><Data name="SPEED"><value>31 km/h</value></Data><Data name="HEIGHT"><value>-4m</value></Data><Data name="ALTITUDE"><value>-4m</value></Data><Data name="LOCATION"><value>G</value></Data><Data name="ACCURACY"><value>3m</value></Data><Data name="DISTANCE"><value>-1m</value></Data><Data name="SITE BEARING"><value>1000deg</value></Data><Data name="ANTENNA BEARING"><value>1000deg</value></Data><Data name="CELLHEX"><value>12</value></Data><Data name="NODEHEX"><value>0</value></Data><Data name="LACHEX"><value>1</value></Data><Data name="RAWCELLID"><value>18</value></Data><Data name="TIME"><value>2026.08.19_12.15.58</value></Data><Data name="NEI1"><value></value></Data><Data name="NEI2"><value></value></Data><Data name="NEI3"><value></value></Data><Data name="NEI4"><value></value></Data><Data name="NEI5"><value></value></Data><Data name="NEI6"><value></value></Data></ExtendedData><Style><LabelStyle><scale>0.0</scale> </LabelStyle><IconStyle><color>FFF07800</color><scale>0.5</scale><Icon><href>http://maps.google.com/mapfiles/kml/shapes/shaded_dot.png</href></Icon></IconStyle></Style><Point><coordinates>-75.7531242,39.66914083,0</coordinates></Point></Placemark><Placemark><name>31 km/h</name><ExtendedData><Data name="CGI"><value>3150100000100018</value></Data><Data name="CELLNAME"><value></value></Data><Data name="CELLID"><value>18</value></Data><Data name="RNC"><value>0</value></Data><Data name="TAC"><value>1</value></Data><Data name="TECHNOLOGY"><value>5G SA</value></Data><Data name="MODE"><value>5G</value></Data><Data name="ARFCN"><value>644640</value></Data><Data name="BAND"><value></value></Data><Data name="BANDWIDTH"><value></value></Data><Data name="CA"><value>false</value></Data><Data name="NR state"><value></value></Data><Data name="RSRP"><value>-105 dBm</value></Data><Data name="RSRQ"><value>-11</value></Data><Data name="LAYER"><value>1</value></Data><Data name="PC"><value>2</value></Data><Data name="DL_BITRATE"><value> kbps</value></Data><Data name="UL_BITRATE"><value> kbps</value></Data><Data name="IP"><value></value></Data><Data name="PHONE STATE"><value>I</value></Data><Data name="IMEI"><value></value></Data><Data name="SPEED"><value>31 km/h</value></Data><Data name="HEIGHT"><value>-3m</value></Data><Data name="ALTITUDE"><value>-3m</value></Data><Data name="LOCATION"><value>G</value></Data><Data name="ACCURACY"><value>3m</value></Data><Data name="DISTANCE"><value>-1m</value></Data><Data name="SITE BEARING"><value>1000deg</value></Data><Data name="ANTENNA BEARING"><value>1000deg</value></Data><Data name="CELLHEX"><value>12</value></Data><Data name="NODEHEX"><value>0</value></Data><Data name="LACHEX"><value>1</value></Data><Data name="RAWCELLID"><value>18</value></Data><Data name="TIME"><value>2026.08.19_12.15.58</value></Data><Data name="NEI1"><value></value></Data><Data name="NEI2"><value></value></Data><Data name="NEI3"><value></value></Data><Data name="NEI4"><value></value></Data><Data name="NEI5"><value></value></Data><Data name="NEI6"><value></value></Data></ExtendedData><Style><LabelStyle><scale>0.0</scale> </LabelStyle><IconStyle><color>FFF07800</color><scale>0.5</scale><Icon><href>http://maps.google.com/mapfiles/kml/shapes/shaded_dot.png</href></Icon></IconStyle></Style><Point><coordinates>-75.75312037,39.66922016,0</coordinates></Point></Placemark><Placemark><name>31 km/h</name><ExtendedData><Data name="CGI"><value>3150100000100018</value></Data><Data name="CELLNAME"><value></value></Data><Data name="CELLID"><value>18</value></Data><Data name="RNC"><value>0</value></Data><Data name="TAC"><value>1</value></Data><Data name="TECHNOLOGY"><value>5G SA</value></Data><Data name="MODE"><value>5G</value></Data><Data name="ARFCN"><value>644640</value></Data><Data name="BAND"><value></value></Data><Data name="BANDWIDTH"><value></value></Data><Data name="CA"><value>false</value></Data><Data name="NR state"><value></value></Data><Data name="RSRP"><value>-105 dBm</value></Data><Data name="RSRQ"><value>-11</value></Data><Data name="LAYER"><value>1</value></Data><Data name="PC"><value>2</value></Data><Data name="DL_BITRATE"><value> kbps</value></Data><Data name="UL_BITRATE"><value> kbps</value></Data><Data name="IP"><value></value></Data><Data name="PHONE STATE"><value>I</value></Data><Data name="IMEI"><value></value></Data><Data name="SPEED"><value>31 km/h</value></Data><Data name="HEIGHT"><value>-3m</value></Data><Data name="ALTITUDE"><value>-3m</value></Data><Data name="LOCATION"><value>G</value></Data><Data name="ACCURACY"><value>3m</value></Data><Data name="DISTANCE"><value>-1m</value></Data><Data name="SITE BEARING"><value>1000deg</value></Data><Data name="ANTENNA BEARING"><value>1000deg</value></Data><Data name="CELLHEX"><value>12</value></Data><Data name="NODEHEX"><value>0</value></Data><Data name="LACHEX"><value>1</value></Data><Data name="RAWCELLID"><value>18</value></Data><Data name="TIME"><value>2026.08.19_12.15.59</value></Data><Data name="NEI1"><value></value></Data><Data name="NEI2"><value></value></Data><Data name="NEI3"><value></value></Data><Data name="NEI4"><value></value></Data><Data name="NEI5"><value></value></Data><Data name="NEI6"><value></value></Data></ExtendedData><Style><LabelStyle><scale>0.0</scale> </LabelStyle><IconStyle><color>FFF07800</color><scale>0.5</scale><Icon><href>http://maps.google.com/mapfiles/kml/shapes/shaded_dot.png</href></Icon></IconStyle></Style><Point><coordinates>-75.75312037,39.66922016,0</coordinates></Point></Placemark><Placemark><name>31 km/h</name><ExtendedData><Data name="CGI"><value>3150100000100018</value></Data><Data name="CELLNAME"><value></value></Data><Data name="CELLID"><value>18</value></Data><Data name="RNC"><value>0</value></Data><Data name="TAC"><value>1</value></Data><Data name="TECHNOLOGY"><value>5G SA</value></Data><Data name="MODE"><value>5G</value></Data><Data name="ARFCN"><value>644640</value></Data><Data name="BAND"><value></value></Data><Data name="BANDWIDTH"><value></value></Data><Data name="CA"><value>false</value></Data><Data name="NR state"><value></value></Data><Data name="RSRP"><value>-105 dBm</value></Data><Data name="RSRQ"><value>-11</value></Data><Data name="LAYER"><value>1</value></Data><Data name="PC"><value>2</value></Data><Data name="DL_BITRATE"><value> kbps</value></Data><Data name="UL_BITRATE"><value> kbps</value></Data><Data name="IP"><value></value></Data><Data name="PHONE STATE"><value>I</value></Data><Data name="IMEI"><value></value></Data><Data name="SPEED"><value>31 km/h</value></Data><Data name="HEIGHT"><value>-3m</value></Data><Data name="ALTITUDE"><value>-3m</value></Data><Data name="LOCATION"><value>G</value></Data><Data name="ACCURACY"><value>3m</value></Data><Data name="DISTANCE"><value>-1m</value></Data><Data name="SITE BEARING"><value>1000deg</value></Data><Data name="ANTENNA BEARING"><value>1000deg</value></Data><Data name="CELLHEX"><value>12</value></Data><Data name="NODEHEX"><value>0</value></Data><Data name="LACHEX"><value>1</value></Data><Data name="RAWCELLID"><value>18</value></Data><Data name="TIME"><value>2026.08.19_12.15.59</value></Data><Data name="NEI1"><value></value></Data><Data name="NEI2"><value></value></Data><Data name="NEI3"><value></value></Data><Data name="NEI4"><value></value></Data><Data name="NEI5"><value></value></Data><Data name="NEI6"><value></value></Data></ExtendedData><Style><LabelStyle><scale>0.0</scale> </LabelStyle><IconStyle><color>FFF07800</color><scale>0.5</scale><Icon><href>http://maps.google.com/mapfiles/kml/shapes/shaded_dot.png</href></Icon></IconStyle></Style><Point><coordinates>-75.75311522,39.66930068,0</coordinates></Point></Placemark><Placemark><name>31 km/h</name><ExtendedData><Data name="CGI"><value>3150100000100018</value></Data><Data name="CELLNAME"><value></value></Data><Data name="CELLID"><value>18</value></Data><Data name="RNC"><value>0</value></Data><Data name="TAC"><value>1</value></Data><Data name="TECHNOLOGY"><value>5G SA</value></Data><Data name="MODE"><value>5G</value></Data><Data name="ARFCN"><value>644640</value></Data><Data name="BAND"><value></value></Data><Data name="BANDWIDTH"><value></value></Data><Data name="CA"><value>false</value></Data><Data name="NR state"><value></value></Data><Data name="RSRP"><value>-105 dBm</value></Data><Data name="RSRQ"><value>-11</value></Data><Data name="LAYER"><value>1</value></Data><Data name="PC"><value>2</value></Data><Data name="DL_BITRATE"><value> kbps</value></Data><Data name="UL_BITRATE"><value> kbps</value></Data><Data name="IP"><value></value></Data><Data name="PHONE STATE"><value>I</value></Data><Data name="IMEI"><value></value></Data><Data name="SPEED"><value>31 km/h</value></Data><Data name="HEIGHT"><value>-3m</value></Data><Data name="ALTITUDE"><value>-3m</value></Data><Data name="LOCATION"><value>G</value></Data><Data name="ACCURACY"><value>3m</value></Data><Data name="DISTANCE"><value>-1m</value></Data><Data name="SITE BEARING"><value>1000deg</value></Data><Data name="ANTENNA BEARING"><value>1000deg</value></Data><Data name="CELLHEX"><value>12</value></Data><Data name="NODEHEX"><value>0</value></Data><Data name="LACHEX"><value>1</value></Data><Data name="RAWCELLID"><value>18</value></Data><Data name="TIME"><value>2026.08.19_12.16.00</value></Data><Data name="NEI1"><value></value></Data><Data name="NEI2"><value></value></Data><Data name="NEI3"><value></value></Data><Data name="NEI4"><value></value></Data><Data name="NEI5"><value></value></Data><Data name="NEI6"><value></value></Data></ExtendedData><Style><LabelStyle><scale>0.0</scale> </LabelStyle><IconStyle><color>FFF07800</color><scale>0.5</scale><Icon><href>http://maps.google.com/mapfiles/kml/shapes/shaded_dot.png</href></Icon></IconStyle></Style><Point><coordinates>-75.75311522,39.66930068,0</coordinates></Point></Placemark><Placemark><name>30 km/h</name><ExtendedData><Data name="CGI"><value>3150100000100018</value></Data><Data name="CELLNAME"><value></value></Data><Data name="CELLID"><value>18</value></Data><Data name="RNC"><value>0</value></Data><Data name="TAC"><value>1</value></Data><Data name="TECHNOLOGY"><value>5G SA</value></Data><Data name="MODE"><value>5G</value></Data><Data name="ARFCN"><value>644640</value></Data><Data name="BAND"><value></value></Data><Data name="BANDWIDTH"><value></value></Data><Data name="CA"><value>false</value></Data><Data name="NR state"><value></value></Data><Data name="RSRP"><value>-105 dBm</value></Data><Data name="RSRQ"><value>-11</value></Data><Data name="LAYER"><value>1</value></Data><Data name="PC"><value>2</value></Data><Data name="DL_BITRATE"><value> kbps</value></Data><Data name="UL_BITRATE"><value> kbps</value></Data><Data name="IP"><value></value></Data><Data name="PHONE STATE"><value>I</value></Data><Data name="IMEI"><value></value></Data><Data name="SPEED"><value>30 km/h</value></Data><Data name="HEIGHT"><value>-3m</value></Data><Data name="ALTITUDE"><value>-3m</value></Data><Data name="LOCATION"><value>G</value></Data><Data name="ACCURACY"><value>3m</value></Data><Data name="DISTANCE"><value>-1m</value></Data><Data name="SITE BEARING"><value>1000deg</value></Data><Data name="ANTENNA BEARING"><value>1000deg</value></Data><Data name="CELLHEX"><value>12</value></Data><Data name="NODEHEX"><value>0</value></Data><Data name="LACHEX"><value>1</value></Data><Data name="RAWCELLID"><value>18</value></Data><Data name="TIME"><value>2026.08.19_12.16.00</value></Data><Data name="NEI1"><value></value></Data><Data name="NEI2"><value></value></Data><Data name="NEI3"><value></value></Data><Data name="NEI4"><value></value></Data><Data name="NEI5"><value></value></Data><Data name="NEI6"><value></value></Data></ExtendedData><Style><LabelStyle><scale>0.0</scale> </LabelStyle><IconStyle><color>FFF07800</color><scale>0.5</scale><Icon><href>http://maps.google.com/mapfiles/kml/shapes/shaded_dot.png</href></Icon></IconStyle></Style><Point><coordinates>-75.75310984,39.66937746,0</coordinates></Point></Placemark><Placemark><name>30 km/h</name><ExtendedData><Data name="CGI"><value>3150100000100018</value></Data><Data name="CELLNAME"><value></value></Data><Data name="CELLID"><value>18</value></Data><Data name="RNC"><value>0</value></Data><Data name="TAC"><value>1</value></Data><Data name="TECHNOLOGY"><value>5G SA</value></Data><Data name="MODE"><value>5G</value></Data><Data name="ARFCN"><value>644640</value></Data><Data name="BAND"><value></value></Data><Data name="BANDWIDTH"><value></value></Data><Data name="CA"><value>false</value></Data><Data name="NR state"><value></value></Data><Data name="RSRP"><value>-105 dBm</value></Data><Data name="RSRQ"><value>-11</value></Data><Data name="LAYER"><value>1</value></Data><Data name="PC"><value>2</value></Data><Data name="DL_BITRATE"><value> kbps</value></Data><Data name="UL_BITRATE"><value> kbps</value></Data><Data name="IP"><value></value></Data><Data name="PHONE STATE"><value>I</value></Data><Data name="IMEI"><value></value></Data><Data name="SPEED"><value>30 km/h</value></Data><Data name="HEIGHT"><value>-3m</value></Data><Data name="ALTITUDE"><value>-3m</value></Data><Data name="LOCATION"><value>G</value></Data><Data name="ACCURACY"><value>3m</value></Data><Data name="DISTANCE"><value>-1m</value></Data><Data name="SITE BEARING"><value>1000deg</value></Data><Data name="ANTENNA BEARING"><value>1000deg</value></Data><Data name="CELLHEX"><value>12</value></Data><Data name="NODEHEX"><value>0</value></Data><Data name="LACHEX"><value>1</value></Data><Data name="RAWCELLID"><value>18</value></Data><Data name="TIME"><value>2026.08.19_12.16.01</value></Data><Data name="NEI1"><value></value></Data><Data name="NEI2"><value></value></Data><Data name="NEI3"><value></value></Data><Data name="NEI4"><value></value></Data><Data name="NEI5"><value></value></Data><Data name="NEI6"><value></value></Data></ExtendedData><Style><LabelStyle><scale>0.0</scale> </LabelStyle><IconStyle><color>FFF07800</color><scale>0.5</scale><Icon><href>http://maps.google.com/mapfiles/kml/shapes/shaded_dot.png</href></Icon></IconStyle></Style><Point><coordinates>-75.75310984,39.66937746,0</coordinates></Point></Placemark><Placemark><name>28 km/h</name><ExtendedData><Data name="CGI"><value>3150100000100018</value></Data><Data name="CELLNAME"><value></value></Data><Data name="CELLID"><value>18</value></Data><Data name="RNC"><value>0</value></Data><Data name="TAC"><value>1</value></Data><Data name="TECHNOLOGY"><value>5G SA</value></Data><Data name="MODE"><value>5G</value></Data><Data name="ARFCN"><value>644640</value></Data><Data name="BAND"><value></value></Data><Data name="BANDWIDTH"><value></value></Data><Data name="CA"><value>false</value></Data><Data name="NR state"><value></value></Data><Data name="RSRP"><value>-105 dBm</value></Data><Data name="RSRQ"><value>-11</value></Data><Data name="LAYER"><value>1</value></Data><Data name="PC"><value>2</value></Data><Data name="DL_BITRATE"><value> kbps</value></Data><Data name="UL_BITRATE"><value> kbps</value></Data><Data name="IP"><value></value></Data><Data name="PHONE STATE"><value>I</value></Data><Data name="IMEI"><value></value></Data><Data name="SPEED"><value>28 km/h</value></Data><Data name="HEIGHT"><value>-3m</value></Data><Data name="ALTITUDE"><value>-3m</value></Data><Data name="LOCATION"><value>G</value></Data><Data name="ACCURACY"><value>3m</value></Data><Data name="DISTANCE"><value>-1m</value></Data><Data name="SITE BEARING"><value>1000deg</value></Data><Data name="ANTENNA BEARING"><value>1000deg</value></Data><Data name="CELLHEX"><value>12</value></Data><Data name="NODEHEX"><value>0</value></Data><Data name="LACHEX"><value>1</value></Data><Data name="RAWCELLID"><value>18</value></Data><Data name="TIME"><value>2026.08.19_12.16.01</value></Data><Data name="NEI1"><value></value></Data><Data name="NEI2"><value></value></Data><Data name="NEI3"><value></value></Data><Data name="NEI4"><value></value></Data><Data name="NEI5"><value></value></Data><Data name="NEI6"><value></value></Data></ExtendedData><Style><LabelStyle><scale>0.0</scale> </LabelStyle><IconStyle><color>FFF07800</color><scale>0.5</scale><Icon><href>http://maps.google.com/mapfiles/kml/shapes/shaded_dot.png</href></Icon></IconStyle></Style><Point><coordinates>-75.75310593,39.66944612,0</coordinates></Point></Placemark><Placemark><name>28 km/h</name><ExtendedData><Data name="CGI"><value>3150100000100018</value></Data><Data name="CELLNAME"><value></value></Data><Data name="CELLID"><value>18</value></Data><Data name="RNC"><value>0</value></Data><Data name="TAC"><value>1</value></Data><Data name="TECHNOLOGY"><value>5G SA</value></Data><Data name="MODE"><value>5G</value></Data><Data name="ARFCN"><value>644640</value></Data><Data name="BAND"><value></value></Data><Data name="BANDWIDTH"><value></value></Data><Data name="CA"><value>false</value></Data><Data name="NR state"><value></value></Data><Data name="RSRP"><value>-105 dBm</value></Data><Data name="RSRQ"><value>-11</value></Data><Data name="LAYER"><value>1</value></Data><Data name="PC"><value>2</value></Data><Data name="DL_BITRATE"><value> kbps</value></Data><Data name="UL_BITRATE"><value> kbps</value></Data><Data name="IP"><value></value></Data><Data name="PHONE STATE"><value>I</value></Data><Data name="IMEI"><value></value></Data><Data name="SPEED"><value>28 km/h</value></Data><Data name="HEIGHT"><value>-3m</value></Data><Data name="ALTITUDE"><value>-3m</value></Data><Data name="LOCATION"><value>G</value></Data><Data name="ACCURACY"><value>3m</value></Data><Data name="DISTANCE"><value>-1m</value></Data><Data name="SITE BEARING"><value>1000deg</value></Data><Data name="ANTENNA BEARING"><value>1000deg</value></Data><Data name="CELLHEX"><value>12</value></Data><Data name="NODEHEX"><value>0</value></Data><Data name="LACHEX"><value>1</value></Data><Data name="RAWCELLID"><value>18</value></Data><Data name="TIME"><value>2026.08.19_12.16.02</value></Data><Data name="NEI1"><value></value></Data><Data name="NEI2"><value></value></Data><Data name="NEI3"><value></value></Data><Data name="NEI4"><value></value></Data><Data name="NEI5"><value></value></Data><Data name="NEI6"><value></value></Data></ExtendedData><Style><LabelStyle><scale>0.0</scale> </LabelStyle><IconStyle><color>FFF07800</color><scale>0.5</scale><Icon><href>http://maps.google.com/mapfiles/kml/shapes/shaded_dot.png</href></Icon></IconStyle></Style><Point><coordinates>-75.75310593,39.66944612,0</coordinates></Point></Placemark><Placemark><name>24 km/h</name><ExtendedData><Data name="CGI"><value>3150100000100018</value></Data><Data name="CELLNAME"><value></value></Data><Data name="CELLID"><value>18</value></Data><Data name="RNC"><value>0</value></Data><Data name="TAC"><value>1</value></Data><Data name="TECHNOLOGY"><value>5G SA</value></Data><Data name="MODE"><value>5G</value></Data><Data name="ARFCN"><value>644640</value></Data><Data name="BAND"><value></value></Data><Data name="BANDWIDTH"><value></value></Data><Data name="CA"><value>false</value></Data><Data name="NR state"><value></value></Data><Data name="RSRP"><value>-105 dBm</value></Data><Data name="RSRQ"><value>-11</value></Data><Data name="LAYER"><value>1</value></Data><Data name="PC"><value>2</value></Data><Data name="DL_BITRATE"><value> kbps</value></Data><Data name="UL_BITRATE"><value> kbps</value></Data><Data name="IP"><value></value></Data><Data name="PHONE STATE"><value>I</value></Data><Data name="IMEI"><value></value></Data><Data name="SPEED"><value>24 km/h</value></Data><Data name="HEIGHT"><value>-2m</value></Data><Data name="ALTITUDE"><value>-2m</value></Data><Data name="LOCATION"><value>G</value></Data><Data name="ACCURACY"><value>3m</value></Data><Data name="DISTANCE"><value>-1m</value></Data><Data name="SITE BEARING"><value>1000deg</value></Data><Data name="ANTENNA BEARING"><value>1000deg</value></Data><Data name="CELLHEX"><value>12</value></Data><Data name="NODEHEX"><value>0</value></Data><Data name="LACHEX"><value>1</value></Data><Data name="RAWCELLID"><value>18</value></Data><Data name="TIME"><value>2026.08.19_12.16.02</value></Data><Data name="NEI1"><value></value></Data><Data name="NEI2"><value></value></Data><Data name="NEI3"><value></value></Data><Data name="NEI4"><value></value></Data><Data name="NEI5"><value></value></Data><Data name="NEI6"><value></value></Data></ExtendedData><Style><LabelStyle><scale>0.0</scale> </LabelStyle><IconStyle><color>FFF07800</color><scale>0.5</scale><Icon><href>http://maps.google.com/mapfiles/kml/shapes/shaded_dot.png</href></Icon></IconStyle></Style><Point><coordinates>-75.75310771,39.66950785,0</coordinates></Point></Placemark><Placemark><name>24 km/h</name><ExtendedData><Data name="CGI"><value>3150100000100018</value></Data><Data name="CELLNAME"><value></value></Data><Data name="CELLID"><value>18</value></Data><Data name="RNC"><value>0</value></Data><Data name="TAC"><value>1</value></Data><Data name="TECHNOLOGY"><value>5G SA</value></Data><Data name="MODE"><value>5G</value></Data><Data name="ARFCN"><value>644640</value></Data><Data name="BAND"><value></value></Data><Data name="BANDWIDTH"><value></value></Data><Data name="CA"><value>false</value></Data><Data name="NR state"><value></value></Data><Data name="RSRP"><value>-105 dBm</value></Data><Data name="RSRQ"><value>-11</value></Data><Data name="LAYER"><value>1</value></Data><Data name="PC"><value>2</value></Data><Data name="DL_BITRATE"><value> kbps</value></Data><Data name="UL_BITRATE"><value> kbps</value></Data><Data name="IP"><value></value></Data><Data name="PHONE STATE"><value>I</value></Data><Data name="IMEI"><value></value></Data><Data name="SPEED"><value>24 km/h</value></Data><Data name="HEIGHT"><value>-2m</value></Data><Data name="ALTITUDE"><value>-2m</value></Data><Data name="LOCATION"><value>G</value></Data><Data name="ACCURACY"><value>3m</value></Data><Data name="DISTANCE"><value>-1m</value></Data><Data name="SITE BEARING"><value>1000deg</value></Data><Data name="ANTENNA BEARING"><value>1000deg</value></Data><Data name="CELLHEX"><value>12</value></Data><Data name="NODEHEX"><value>0</value></Data><Data name="LACHEX"><value>1</value></Data><Data name="RAWCELLID"><value>18</value></Data><Data name="TIME"><value>2026.08.19_12.16.03</value></Data><Data name="NEI1"><value></value></Data><Data name="NEI2"><value></value></Data><Data name="NEI3"><value></value></Data><Data name="NEI4"><value></value></Data><Data name="NEI5"><value></value></Data><Data name="NEI6"><value></value></Data></ExtendedData><Style><LabelStyle><scale>0.0</scale> </LabelStyle><IconStyle><color>FFF07800</color><scale>0.5</scale><Icon><href>http://maps.google.com/mapfiles/kml/shapes/shaded_dot.png</href></Icon></IconStyle></Style><Point><coordinates>-75.75310771,39.66950785,0</coordinates></Point></Placemark><Placemark><name>22 km/h</name><ExtendedData><Data name="CGI"><value>3150100000100018</value></Data><Data name="CELLNAME"><value></value></Data><Data name="CELLID"><value>18</value></Data><Data name="RNC"><value>0</value></Data><Data name="TAC"><value>1</value></Data><Data name="TECHNOLOGY"><value>5G SA</value></Data><Data name="MODE"><value>5G</value></Data><Data name="ARFCN"><value>644640</value></Data><Data name="BAND"><value></value></Data><Data name="BANDWIDTH"><value></value></Data><Data name="CA"><value>false</value></Data><Data name="NR state"><value></value></Data><Data name="RSRP"><value>-105 dBm</value></Data><Data name="RSRQ"><value>-11</value></Data><Data name="LAYER"><value>1</value></Data><Data name="PC"><value>2</value></Data><Data name="DL_BITRATE"><value> kbps</value></Data><Data name="UL_BITRATE"><value> kbps</value></Data><Data name="IP"><value></value></Data><Data name="PHONE STATE"><value>I</value></Data><Data name="IMEI"><value></value></Data><Data name="SPEED"><value>22 km/h</value></Data><Data name="HEIGHT"><value>-2m</value></Data><Data name="ALTITUDE"><value>-2m</value></Data><Data name="LOCATION"><value>G</value></Data><Data name="ACCURACY"><value>3m</value></Data><Data name="DISTANCE"><value>-1m</value></Data><Data name="SITE BEARING"><value>1000deg</value></Data><Data name="ANTENNA BEARING"><value>1000deg</value></Data><Data name="CELLHEX"><value>12</value></Data><Data name="NODEHEX"><value>0</value></Data><Data name="LACHEX"><value>1</value></Data><Data name="RAWCELLID"><value>18</value></Data><Data name="TIME"><value>2026.08.19_12.16.03</value></Data><Data name="NEI1"><value></value></Data><Data name="NEI2"><value></value></Data><Data name="NEI3"><value></value></Data><Data name="NEI4"><value></value></Data><Data name="NEI5"><value></value></Data><Data name="NEI6"><value></value></Data></ExtendedData><Style><LabelStyle><scale>0.0</scale> </LabelStyle><IconStyle><color>FFF07800</color><scale>0.5</scale><Icon><href>http://maps.google.com/mapfiles/kml/shapes/shaded_dot.png</href></Icon></IconStyle></Style><Point><coordinates>-75.75312831,39.66956005,0</coordinates></Point></Placemark><Placemark><name>22 km/h</name><ExtendedData><Data name="CGI"><value>3150100000100018</value></Data><Data name="CELLNAME"><value></value></Data><Data name="CELLID"><value>18</value></Data><Data name="RNC"><value>0</value></Data><Data name="TAC"><value>1</value></Data><Data name="TECHNOLOGY"><value>5G SA</value></Data><Data name="MODE"><value>5G</value></Data><Data name="ARFCN"><value>644640</value></Data><Data name="BAND"><value></value></Data><Data name="BANDWIDTH"><value></value></Data><Data name="CA"><value>false</value></Data><Data name="NR state"><value></value></Data><Data name="RSRP"><value>-105 dBm</value></Data><Data name="RSRQ"><value>-11</value></Data><Data name="LAYER"><value>1</value></Data><Data name="PC"><value>2</value></Data><Data name="DL_BITRATE"><value> kbps</value></Data><Data name="UL_BITRATE"><value> kbps</value></Data><Data name="IP"><value></value></Data><Data name="PHONE STATE"><value>I</value></Data><Data name="IMEI"><value></value></Data><Data name="SPEED"><value>22 km/h</value></Data><Data name="HEIGHT"><value>-2m</value></Data><Data name="ALTITUDE"><value>-2m</value></Data><Data name="LOCATION"><value>G</value></Data><Data name="ACCURACY"><value>3m</value></Data><Data name="DISTANCE"><value>-1m</value></Data><Data name="SITE BEARING"><value>1000deg</value></Data><Data name="ANTENNA BEARING"><value>1000deg</value></Data><Data name="CELLHEX"><value>12</value></Data><Data name="NODEHEX"><value>0</value></Data><Data name="LACHEX"><value>1</value></Data><Data name="RAWCELLID"><value>18</value></Data><Data name="TIME"><value>2026.08.19_12.16.04</value></Data><Data name="NEI1"><value></value></Data><Data name="NEI2"><value></value></Data><Data name="NEI3"><value></value></Data><Data name="NEI4"><value></value></Data><Data name="NEI5"><value></value></Data><Data name="NEI6"><value></value></Data></ExtendedData><Style><LabelStyle><scale>0.0</scale> </LabelStyle><IconStyle><color>FFF07800</color><scale>0.5</scale><Icon><href>http://maps.google.com/mapfiles/kml/shapes/shaded_dot.png</href></Icon></IconStyle></Style><Point><coordinates>-75.75312831,39.66956005,0</coordinates></Point></Placemark><Placemark><name>20 km/h</name><ExtendedData><Data name="CGI"><value>3150100000100018</value></Data><Data name="CELLNAME"><value></value></Data><Data name="CELLID"><value>18</value></Data><Data name="RNC"><value>0</value></Data><Data name="TAC"><value>1</value></Data><Data name="TECHNOLOGY"><value>5G SA</value></Data><Data name="MODE"><value>5G</value></Data><Data name="ARFCN"><value>644640</value></Data><Data name="BAND"><value></value></Data><Data name="BANDWIDTH"><value></value></Data><Data name="CA"><value>false</value></Data><Data name="NR state"><value></value></Data><Data name="RSRP"><value>-105 dBm</value></Data><Data name="RSRQ"><value>-11</value></Data><Data name="LAYER"><value>1</value></Data><Data name="PC"><value>2</value></Data><Data name="DL_BITRATE"><value> kbps</value></Data><Data name="UL_BITRATE"><value> kbps</value></Data><Data name="IP"><value></value></Data><Data name="PHONE STATE"><value>I</value></Data><Data name="IMEI"><value></value></Data><Data name="SPEED"><value>20 km/h</value></Data><Data name="HEIGHT"><value>-1m</value></Data><Data name="ALTITUDE"><value>-1m</value></Data><Data name="LOCATION"><value>G</value></Data><Data name="ACCURACY"><value>3m</value></Data><Data name="DISTANCE"><value>-1m</value></Data><Data name="SITE BEARING"><value>1000deg</value></Data><Data name="ANTENNA BEARING"><value>1000deg</value></Data><Data name="CELLHEX"><value>12</value></Data><Data name="NODEHEX"><value>0</value></Data><Data name="LACHEX"><value>1</value></Data><Data name="RAWCELLID"><value>18</value></Data><Data name="TIME"><value>2026.08.19_12.16.04</value></Data><Data name="NEI1"><value></value></Data><Data name="NEI2"><value></value></Data><Data name="NEI3"><value></value></Data><Data name="NEI4"><value></value></Data><Data name="NEI5"><value></value></Data><Data name="NEI6"><value></value></Data></ExtendedData><Style><LabelStyle><scale>0.0</scale> </LabelStyle><IconStyle><color>FFF07800</color><scale>0.5</scale><Icon><href>http://maps.google.com/mapfiles/kml/shapes/shaded_dot.png</href></Icon></IconStyle></Style><Point><coordinates>-75.75317042,39.66959904,0</coordinates></Point></Placemark><Placemark><name>20 km/h</name><ExtendedData><Data name="CGI"><value>3150100000100018</value></Data><Data name="CELLNAME"><value></value></Data><Data name="CELLID"><value>18</value></Data><Data name="RNC"><value>0</value></Data><Data name="TAC"><value>1</value></Data><Data name="TECHNOLOGY"><value>5G SA</value></Data><Data name="MODE"><value>5G</value></Data><Data name="ARFCN"><value>644640</value></Data><Data name="BAND"><value></value></Data><Data name="BANDWIDTH"><value></value></Data><Data name="CA"><value>false</value></Data><Data name="NR state"><value></value></Data><Data name="RSRP"><value>-105 dBm</value></Data><Data name="RSRQ"><value>-11</value></Data><Data name="LAYER"><value>1</value></Data><Data name="PC"><value>2</value></Data><Data name="DL_BITRATE"><value> kbps</value></Data><Data name="UL_BITRATE"><value> kbps</value></Data><Data name="IP"><value></value></Data><Data name="PHONE STATE"><value>I</value></Data><Data name="IMEI"><value></value></Data><Data name="SPEED"><value>20 km/h</value></Data><Data name="HEIGHT"><value>-1m</value></Data><Data name="ALTITUDE"><value>-1m</value></Data><Data name="LOCATION"><value>G</value></Data><Data name="ACCURACY"><value>3m</value></Data><Data name="DISTANCE"><value>-1m</value></Data><Data name="SITE BEARING"><value>1000deg</value></Data><Data name="ANTENNA BEARING"><value>1000deg</value></Data><Data name="CELLHEX"><value>12</value></Data><Data name="NODEHEX"><value>0</value></Data><Data name="LACHEX"><value>1</value></Data><Data name="RAWCELLID"><value>18</value></Data><Data name="TIME"><value>2026.08.19_12.16.05</value></Data><Data name="NEI1"><value></value></Data><Data name="NEI2"><value></value></Data><Data name="NEI3"><value></value></Data><Data name="NEI4"><value></value></Data><Data name="NEI5"><value></value></Data><Data name="NEI6"><value></value></Data></ExtendedData><Style><LabelStyle><scale>0.0</scale> </LabelStyle><IconStyle><color>FFF07800</color><scale>0.5</scale><Icon><href>http://maps.google.com/mapfiles/kml/shapes/shaded_dot.png</href></Icon></IconStyle></Style><Point><coordinates>-75.75317042,39.66959904,0</coordinates></Point></Placemark><Placemark><name>19 km/h</name><ExtendedData><Data name="CGI"><value>3150100000100018</value></Data><Data name="CELLNAME"><value></value></Data><Data name="CELLID"><value>18</value></Data><Data name="RNC"><value>0</value></Data><Data name="TAC"><value>1</value></Data><Data name="TECHNOLOGY"><value>5G SA</value></Data><Data name="MODE"><value>5G</value></Data><Data name="ARFCN"><value>644640</value></Data><Data name="BAND"><value></value></Data><Data name="BANDWIDTH"><value></value></Data><Data name="CA"><value>false</value></Data><Data name="NR state"><value></value></Data><Data name="RSRP"><value>-105 dBm</value></Data><Data name="RSRQ"><value>-11</value></Data><Data name="LAYER"><value>1</value></Data><Data name="PC"><value>2</value></Data><Data name="DL_BITRATE"><value> kbps</value></Data><Data name="UL_BITRATE"><value> kbps</value></Data><Data name="IP"><value></value></Data><Data name="PHONE STATE"><value>I</value></Data><Data name="IMEI"><value></value></Data><Data name="SPEED"><value>19 km/h</value></Data><Data name="HEIGHT"><value>-2m</value></Data><Data name="ALTITUDE"><value>-2m</value></Data><Data name="LOCATION"><value>G</value></Data><Data name="ACCURACY"><value>3m</value></Data><Data name="DISTANCE"><value>-1m</value></Data><Data name="SITE BEARING"><value>1000deg</value></Data><Data name="ANTENNA BEARING"><value>1000deg</value></Data><Data name="CELLHEX"><value>12</value></Data><Data name="NODEHEX"><value>0</value></Data><Data name="LACHEX"><value>1</value></Data><Data name="RAWCELLID"><value>18</value></Data><Data name="TIME"><value>2026.08.19_12.16.05</value></Data><Data name="NEI1"><value></value></Data><Data name="NEI2"><value></value></Data><Data name="NEI3"><value></value></Data><Data name="NEI4"><value></value></Data><Data name="NEI5"><value></value></Data><Data name="NEI6"><value></value></Data></ExtendedData><Style><LabelStyle><scale>0.0</scale> </LabelStyle><IconStyle><color>FF780A14</color><scale>0.5</scale><Icon><href>http://maps.google.com/mapfiles/kml/shapes/shaded_dot.png</href></Icon></IconStyle></Style><Point><coordinates>-75.75322328,39.66962099,0</coordinates></Point></Placemark><Placemark><name>19 km/h</name><ExtendedData><Data name="CGI"><value>3150100000100018</value></Data><Data name="CELLNAME"><value></value></Data><Data name="CELLID"><value>18</value></Data><Data name="RNC"><value>0</value></Data><Data name="TAC"><value>1</value></Data><Data name="TECHNOLOGY"><value>5G SA</value></Data><Data name="MODE"><value>5G</value></Data><Data name="ARFCN"><value>644640</value></Data><Data name="BAND"><value></value></Data><Data name="BANDWIDTH"><value></value></Data><Data name="CA"><value>false</value></Data><Data name="NR state"><value></value></Data><Data name="RSRP"><value>-105 dBm</value></Data><Data name="RSRQ"><value>-11</value></Data><Data name="LAYER"><value>1</value></Data><Data name="PC"><value>2</value></Data><Data name="DL_BITRATE"><value> kbps</value></Data><Data name="UL_BITRATE"><value> kbps</value></Data><Data name="IP"><value></value></Data><Data name="PHONE STATE"><value>I</value></Data><Data name="IMEI"><value></value></Data><Data name="SPEED"><value>19 km/h</value></Data><Data name="HEIGHT"><value>-2m</value></Data><Data name="ALTITUDE"><value>-2m</value></Data><Data name="LOCATION"><value>G</value></Data><Data name="ACCURACY"><value>3m</value></Data><Data name="DISTANCE"><value>-1m</value></Data><Data name="SITE BEARING"><value>1000deg</value></Data><Data name="ANTENNA BEARING"><value>1000deg</value></Data><Data name="CELLHEX"><value>12</value></Data><Data name="NODEHEX"><value>0</value></Data><Data name="LACHEX"><value>1</value></Data><Data name="RAWCELLID"><value>18</value></Data><Data name="TIME"><value>2026.08.19_12.16.06</value></Data><Data name="NEI1"><value></value></Data><Data name="NEI2"><value></value></Data><Data name="NEI3"><value></value></Data><Data name="NEI4"><value></value></Data><Data name="NEI5"><value></value></Data><Data name="NEI6"><value></value></Data></ExtendedData><Style><LabelStyle><scale>0.0</scale> </LabelStyle><IconStyle><color>FF780A14</color><scale>0.5</scale><Icon><href>http://maps.google.com/mapfiles/kml/shapes/shaded_dot.png</href></Icon></IconStyle></Style><Point><coordinates>-75.75322328,39.66962099,0</coordinates></Point></Placemark><Placemark><name>20 km/h</name><ExtendedData><Data name="CGI"><value>3150100000100018</value></Data><Data name="CELLNAME"><value></value></Data><Data name="CELLID"><value>18</value></Data><Data name="RNC"><value>0</value></Data><Data name="TAC"><value>1</value></Data><Data name="TECHNOLOGY"><value>5G SA</value></Data><Data name="MODE"><value>5G</value></Data><Data name="ARFCN"><value>644640</value></Data><Data name="BAND"><value></value></Data><Data name="BANDWIDTH"><value></value></Data><Data name="CA"><value>false</value></Data><Data name="NR state"><value></value></Data><Data name="RSRP"><value>-105 dBm</value></Data><Data name="RSRQ"><value>-11</value></Data><Data name="LAYER"><value>1</value></Data><Data name="PC"><value>2</value></Data><Data name="DL_BITRATE"><value> kbps</value></Data><Data name="UL_BITRATE"><value> kbps</value></Data><Data name="IP"><value></value></Data><Data name="PHONE STATE"><value>I</value></Data><Data name="IMEI"><value></value></Data><Data name="SPEED"><value>20 km/h</value></Data><Data name="HEIGHT"><value>-1m</value></Data><Data name="ALTITUDE"><value>-1m</value></Data><Data name="LOCATION"><value>G</value></Data><Data name="ACCURACY"><value>3m</value></Data><Data name="DISTANCE"><value>-1m</value></Data><Data name="SITE BEARING"><value>1000deg</value></Data><Data name="ANTENNA BEARING"><value>1000deg</value></Data><Data name="CELLHEX"><value>12</value></Data><Data name="NODEHEX"><value>0</value></Data><Data name="LACHEX"><value>1</value></Data><Data name="RAWCELLID"><value>18</value></Data><Data name="TIME"><value>2026.08.19_12.16.06</value></Data><Data name="NEI1"><value></value></Data><Data name="NEI2"><value></value></Data><Data name="NEI3"><value></value></Data><Data name="NEI4"><value></value></Data><Data name="NEI5"><value></value></Data><Data name="NEI6"><value></value></Data></ExtendedData><Style><LabelStyle><scale>0.0</scale> </LabelStyle><IconStyle><color>FFF07800</color><scale>0.5</scale><Icon><href>http://maps.google.com/mapfiles/kml/shapes/shaded_dot.png</href></Icon></IconStyle></Style><Point><coordinates>-75.75329068,39.66962853,0</coordinates></Point></Placemark><Placemark><name>20 km/h</name><ExtendedData><Data name="CGI"><value>3150100000100018</value></Data><Data name="CELLNAME"><value></value></Data><Data name="CELLID"><value>18</value></Data><Data name="RNC"><value>0</value></Data><Data name="TAC"><value>1</value></Data><Data name="TECHNOLOGY"><value>5G SA</value></Data><Data name="MODE"><value>5G</value></Data><Data name="ARFCN"><value>644640</value></Data><Data name="BAND"><value></value></Data><Data name="BANDWIDTH"><value></value></Data><Data name="CA"><value>false</value></Data><Data name="NR state"><value></value></Data><Data name="RSRP"><value>-105 dBm</value></Data><Data name="RSRQ"><value>-11</value></Data><Data name="LAYER"><value>1</value></Data><Data name="PC"><value>2</value></Data><Data name="DL_BITRATE"><value> kbps</value></Data><Data name="UL_BITRATE"><value> kbps</value></Data><Data name="IP"><value></value></Data><Data name="PHONE STATE"><value>I</value></Data><Data name="IMEI"><value></value></Data><Data name="SPEED"><value>20 km/h</value></Data><Data name="HEIGHT"><value>-1m</value></Data><Data name="ALTITUDE"><value>-1m</value></Data><Data name="LOCATION"><value>G</value></Data><Data name="ACCURACY"><value>3m</value></Data><Data name="DISTANCE"><value>-1m</value></Data><Data name="SITE BEARING"><value>1000deg</value></Data><Data name="ANTENNA BEARING"><value>1000deg</value></Data><Data name="CELLHEX"><value>12</value></Data><Data name="NODEHEX"><value>0</value></Data><Data name="LACHEX"><value>1</value></Data><Data name="RAWCELLID"><value>18</value></Data><Data name="TIME"><value>2026.08.19_12.16.07</value></Data><Data name="NEI1"><value></value></Data><Data name="NEI2"><value></value></Data><Data name="NEI3"><value></value></Data><Data name="NEI4"><value></value></Data><Data name="NEI5"><value></value></Data><Data name="NEI6"><value></value></Data></ExtendedData><Style><LabelStyle><scale>0.0</scale> </LabelStyle><IconStyle><color>FFF07800</color><scale>0.5</scale><Icon><href>http://maps.google.com/mapfiles/kml/shapes/shaded_dot.png</href></Icon></IconStyle></Style><Point><coordinates>-75.75329068,39.66962853,0</coordinates></Point></Placemark><Placemark><name>21 km/h</name><ExtendedData><Data name="CGI"><value>3150100000100018</value></Data><Data name="CELLNAME"><value></value></Data><Data name="CELLID"><value>18</value></Data><Data name="RNC"><value>0</value></Data><Data name="TAC"><value>1</value></Data><Data name="TECHNOLOGY"><value>5G SA</value></Data><Data name="MODE"><value>5G</value></Data><Data name="ARFCN"><value>644640</value></Data><Data name="BAND"><value></value></Data><Data name="BANDWIDTH"><value></value></Data><Data name="CA"><value>false</value></Data><Data name="NR state"><value></value></Data><Data name="RSRP"><value>-105 dBm</value></Data><Data name="RSRQ"><value>-11</value></Data><Data name="LAYER"><value>1</value></Data><Data name="PC"><value>2</value></Data><Data name="DL_BITRATE"><value> kbps</value></Data><Data name="UL_BITRATE"><value> kbps</value></Data><Data name="IP"><value></value></Data><Data name="PHONE STATE"><value>I</value></Data><Data name="IMEI"><value></value></Data><Data name="SPEED"><value>21 km/h</value></Data><Data name="HEIGHT"><value>-1m</value></Data><Data name="ALTITUDE"><value>-1m</value></Data><Data name="LOCATION"><value>G</value></Data><Data name="ACCURACY"><value>3m</value></Data><Data name="DISTANCE"><value>-1m</value></Data><Data name="SITE BEARING"><value>1000deg</value></Data><Data name="ANTENNA BEARING"><value>1000deg</value></Data><Data name="CELLHEX"><value>12</value></Data><Data name="NODEHEX"><value>0</value></Data><Data name="LACHEX"><value>1</value></Data><Data name="RAWCELLID"><value>18</value></Data><Data name="TIME"><value>2026.08.19_12.16.07</value></Data><Data name="NEI1"><value></value></Data><Data name="NEI2"><value></value></Data><Data name="NEI3"><value></value></Data><Data name="NEI4"><value></value></Data><Data name="NEI5"><value></value></Data><Data name="NEI6"><value></value></Data></ExtendedData><Style><LabelStyle><scale>0.0</scale> </LabelStyle><IconStyle><color>FFF07800</color><scale>0.5</scale><Icon><href>http://maps.google.com/mapfiles/kml/shapes/shaded_dot.png</href></Icon></IconStyle></Style><Point><coordinates>-75.75336227,39.66961547,0</coordinates></Point></Placemark><Placemark><name>21 km/h</name><ExtendedData><Data name="CGI"><value>3150100000100018</value></Data><Data name="CELLNAME"><value></value></Data><Data name="CELLID"><value>18</value></Data><Data name="RNC"><value>0</value></Data><Data name="TAC"><value>1</value></Data><Data name="TECHNOLOGY"><value>5G SA</value></Data><Data name="MODE"><value>5G</value></Data><Data name="ARFCN"><value>644640</value></Data><Data name="BAND"><value></value></Data><Data name="BANDWIDTH"><value></value></Data><Data name="CA"><value>false</value></Data><Data name="NR state"><value></value></Data><Data name="RSRP"><value>-105 dBm</value></Data><Data name="RSRQ"><value>-11</value></Data><Data name="LAYER"><value>1</value></Data><Data name="PC"><value>2</value></Data><Data name="DL_BITRATE"><value> kbps</value></Data><Data name="UL_BITRATE"><value> kbps</value></Data><Data name="IP"><value></value></Data><Data name="PHONE STATE"><value>I</value></Data><Data name="IMEI"><value></value></Data><Data name="SPEED"><value>21 km/h</value></Data><Data name="HEIGHT"><value>-1m</value></Data><Data name="ALTITUDE"><value>-1m</value></Data><Data name="LOCATION"><value>G</value></Data><Data name="ACCURACY"><value>3m</value></Data><Data name="DISTANCE"><value>-1m</value></Data><Data name="SITE BEARING"><value>1000deg</value></Data><Data name="ANTENNA BEARING"><value>1000deg</value></Data><Data name="CELLHEX"><value>12</value></Data><Data name="NODEHEX"><value>0</value></Data><Data name="LACHEX"><value>1</value></Data><Data name="RAWCELLID"><value>18</value></Data><Data name="TIME"><value>2026.08.19_12.16.08</value></Data><Data name="NEI1"><value></value></Data><Data name="NEI2"><value></value></Data><Data name="NEI3"><value></value></Data><Data name="NEI4"><value></value></Data><Data name="NEI5"><value></value></Data><Data name="NEI6"><value></value></Data></ExtendedData><Style><LabelStyle><scale>0.0</scale> </LabelStyle><IconStyle><color>FFF07800</color><scale>0.5</scale><Icon><href>http://maps.google.com/mapfiles/kml/shapes/shaded_dot.png</href></Icon></IconStyle></Style><Point><coordinates>-75.75336227,39.66961547,0</coordinates></Point></Placemark><Placemark><name>25 km/h</name><ExtendedData><Data name="CGI"><value>3150100000100018</value></Data><Data name="CELLNAME"><value></value></Data><Data name="CELLID"><value>18</value></Data><Data name="RNC"><value>0</value></Data><Data name="TAC"><value>1</value></Data><Data name="TECHNOLOGY"><value>5G SA</value></Data><Data name="MODE"><value>5G</value></Data><Data name="ARFCN"><value>644640</value></Data><Data name="BAND"><value></value></Data><Data name="BANDWIDTH"><value></value></Data><Data name="CA"><value>false</value></Data><Data name="NR state"><value></value></Data><Data name="RSRP"><value>-105 dBm</value></Data><Data name="RSRQ"><value>-11</value></Data><Data name="LAYER"><value>1</value></Data><Data name="PC"><value>2</value></Data><Data name="DL_BITRATE"><value> kbps</value></Data><Data name="UL_BITRATE"><value> kbps</value></Data><Data name="IP"><value></value></Data><Data name="PHONE STATE"><value>I</value></Data><Data name="IMEI"><value></value></Data><Data name="SPEED"><value>25 km/h</value></Data><Data name="HEIGHT"><value>-1m</value></Data><Data name="ALTITUDE"><value>-1m</value></Data><Data name="LOCATION"><value>G</value></Data><Data name="ACCURACY"><value>3m</value></Data><Data name="DISTANCE"><value>-1m</value></Data><Data name="SITE BEARING"><value>1000deg</value></Data><Data name="ANTENNA BEARING"><value>1000deg</value></Data><Data name="CELLHEX"><value>12</value></Data><Data name="NODEHEX"><value>0</value></Data><Data name="LACHEX"><value>1</value></Data><Data name="RAWCELLID"><value>18</value></Data><Data name="TIME"><value>2026.08.19_12.16.08</value></Data><Data name="NEI1"><value></value></Data><Data name="NEI2"><value></value></Data><Data name="NEI3"><value></value></Data><Data name="NEI4"><value></value></Data><Data name="NEI5"><value></value></Data><Data name="NEI6"><value></value></Data></ExtendedData><Style><LabelStyle><scale>0.0</scale> </LabelStyle><IconStyle><color>FFF07800</color><scale>0.5</scale><Icon><href>http://maps.google.com/mapfiles/kml/shapes/shaded_dot.png</href></Icon></IconStyle></Style><Point><coordinates>-75.75343544,39.66958594,0</coordinates></Point></Placemark><Placemark><name>25 km/h</name><ExtendedData><Data name="CGI"><value>3150100000100018</value></Data><Data name="CELLNAME"><value></value></Data><Data name="CELLID"><value>18</value></Data><Data name="RNC"><value>0</value></Data><Data name="TAC"><value>1</value></Data><Data name="TECHNOLOGY"><value>5G SA</value></Data><Data name="MODE"><value>5G</value></Data><Data name="ARFCN"><value>644640</value></Data><Data name="BAND"><value></value></Data><Data name="BANDWIDTH"><value></value></Data><Data name="CA"><value>false</value></Data><Data name="NR state"><value></value></Data><Data name="RSRP"><value>-105 dBm</value></Data><Data name="RSRQ"><value>-11</value></Data><Data name="LAYER"><value>1</value></Data><Data name="PC"><value>2</value></Data><Data name="DL_BITRATE"><value> kbps</value></Data><Data name="UL_BITRATE"><value> kbps</value></Data><Data name="IP"><value></value></Data><Data name="PHONE STATE"><value>I</value></Data><Data name="IMEI"><value></value></Data><Data name="SPEED"><value>25 km/h</value></Data><Data name="HEIGHT"><value>-1m</value></Data><Data name="ALTITUDE"><value>-1m</value></Data><Data name="LOCATION"><value>G</value></Data><Data name="ACCURACY"><value>3m</value></Data><Data name="DISTANCE"><value>-1m</value></Data><Data name="SITE BEARING"><value>1000deg</value></Data><Data name="ANTENNA BEARING"><value>1000deg</value></Data><Data name="CELLHEX"><value>12</value></Data><Data name="NODEHEX"><value>0</value></Data><Data name="LACHEX"><value>1</value></Data><Data name="RAWCELLID"><value>18</value></Data><Data name="TIME"><value>2026.08.19_12.16.09</value></Data><Data name="NEI1"><value></value></Data><Data name="NEI2"><value></value></Data><Data name="NEI3"><value></value></Data><Data name="NEI4"><value></value></Data><Data name="NEI5"><value></value></Data><Data name="NEI6"><value></value></Data></ExtendedData><Style><LabelStyle><scale>0.0</scale> </LabelStyle><IconStyle><color>FFF07800</color><scale>0.5</scale><Icon><href>http://maps.google.com/mapfiles/kml/shapes/shaded_dot.png</href></Icon></IconStyle></Style><Point><coordinates>-75.75343544,39.66958594,0</coordinates></Point></Placemark><Placemark><name>28 km/h</name><ExtendedData><Data name="CGI"><value>3150100000100018</value></Data><Data name="CELLNAME"><value></value></Data><Data name="CELLID"><value>18</value></Data><Data name="RNC"><value>0</value></Data><Data name="TAC"><value>1</value></Data><Data name="TECHNOLOGY"><value>5G SA</value></Data><Data name="MODE"><value>5G</value></Data><Data name="ARFCN"><value>644640</value></Data><Data name="BAND"><value></value></Data><Data name="BANDWIDTH"><value></value></Data><Data name="CA"><value>false</value></Data><Data name="NR state"><value></value></Data><Data name="RSRP"><value>-105 dBm</value></Data><Data name="RSRQ"><value>-11</value></Data><Data name="LAYER"><value>1</value></Data><Data name="PC"><value>2</value></Data><Data name="DL_BITRATE"><value> kbps</value></Data><Data name="UL_BITRATE"><value> kbps</value></Data><Data name="IP"><value></value></Data><Data name="PHONE STATE"><value>I</value></Data><Data name="IMEI"><value></value></Data><Data name="SPEED"><value>28 km/h</value></Data><Data name="HEIGHT"><value>-1m</value></Data><Data name="ALTITUDE"><value>-1m</value></Data><Data name="LOCATION"><value>G</value></Data><Data name="ACCURACY"><value>3m</value></Data><Data name="DISTANCE"><value>-1m</value></Data><Data name="SITE BEARING"><value>1000deg</value></Data><Data name="ANTENNA BEARING"><value>1000deg</value></Data><Data name="CELLHEX"><value>12</value></Data><Data name="NODEHEX"><value>0</value></Data><Data name="LACHEX"><value>1</value></Data><Data name="RAWCELLID"><value>18</value></Data><Data name="TIME"><value>2026.08.19_12.16.09</value></Data><Data name="NEI1"><value></value></Data><Data name="NEI2"><value></value></Data><Data name="NEI3"><value></value></Data><Data name="NEI4"><value></value></Data><Data name="NEI5"><value></value></Data><Data name="NEI6"><value></value></Data></ExtendedData><Style><LabelStyle><scale>0.0</scale> </LabelStyle><IconStyle><color>FFF07800</color><scale>0.5</scale><Icon><href>http://maps.google.com/mapfiles/kml/shapes/shaded_dot.png</href></Icon></IconStyle></Style><Point><coordinates>-75.75351617,39.66954845,0</coordinates></Point></Placemark><Placemark><name>28 km/h</name><ExtendedData><Data name="CGI"><value>3150100000100018</value></Data><Data name="CELLNAME"><value></value></Data><Data name="CELLID"><value>18</value></Data><Data name="RNC"><value>0</value></Data><Data name="TAC"><value>1</value></Data><Data name="TECHNOLOGY"><value>5G SA</value></Data><Data name="MODE"><value>5G</value></Data><Data name="ARFCN"><value>644640</value></Data><Data name="BAND"><value></value></Data><Data name="BANDWIDTH"><value></value></Data><Data name="CA"><value>false</value></Data><Data name="NR state"><value></value></Data><Data name="RSRP"><value>-105 dBm</value></Data><Data name="RSRQ"><value>-11</value></Data><Data name="LAYER"><value>1</value></Data><Data name="PC"><value>2</value></Data><Data name="DL_BITRATE"><value> kbps</value></Data><Data name="UL_BITRATE"><value> kbps</value></Data><Data name="IP"><value></value></Data><Data name="PHONE STATE"><value>I</value></Data><Data name="IMEI"><value></value></Data><Data name="SPEED"><value>28 km/h</value></Data><Data name="HEIGHT"><value>-1m</value></Data><Data name="ALTITUDE"><value>-1m</value></Data><Data name="LOCATION"><value>G</value></Data><Data name="ACCURACY"><value>3m</value></Data><Data name="DISTANCE"><value>-1m</value></Data><Data name="SITE BEARING"><value>1000deg</value></Data><Data name="ANTENNA BEARING"><value>1000deg</value></Data><Data name="CELLHEX"><value>12</value></Data><Data name="NODEHEX"><value>0</value></Data><Data name="LACHEX"><value>1</value></Data><Data name="RAWCELLID"><value>18</value></Data><Data name="TIME"><value>2026.08.19_12.16.10</value></Data><Data name="NEI1"><value></value></Data><Data name="NEI2"><value></value></Data><Data name="NEI3"><value></value></Data><Data name="NEI4"><value></value></Data><Data name="NEI5"><value></value></Data><Data name="NEI6"><value></value></Data></ExtendedData><Style><LabelStyle><scale>0.0</scale> </LabelStyle><IconStyle><color>FFF07800</color><scale>0.5</scale><Icon><href>http://maps.google.com/mapfiles/kml/shapes/shaded_dot.png</href></Icon></IconStyle></Style><Point><coordinates>-75.75351617,39.66954845,0</coordinates></Point></Placemark><Placemark><name>31 km/h</name><ExtendedData><Data name="CGI"><value>3150100000100018</value></Data><Data name="CELLNAME"><value></value></Data><Data name="CELLID"><value>18</value></Data><Data name="RNC"><value>0</value></Data><Data name="TAC"><value>1</value></Data><Data name="TECHNOLOGY"><value>5G SA</value></Data><Data name="MODE"><value>5G</value></Data><Data name="ARFCN"><value>644640</value></Data><Data name="BAND"><value></value></Data><Data name="BANDWIDTH"><value></value></Data><Data name="CA"><value>false</value></Data><Data name="NR state"><value></value></Data><Data name="RSRP"><value>-105 dBm</value></Data><Data name="RSRQ"><value>-11</value></Data><Data name="LAYER"><value>1</value></Data><Data name="PC"><value>2</value></Data><Data name="DL_BITRATE"><value> kbps</value></Data><Data name="UL_BITRATE"><value> kbps</value></Data><Data name="IP"><value></value></Data><Data name="PHONE STATE"><value>I</value></Data><Data name="IMEI"><value></value></Data><Data name="SPEED"><value>31 km/h</value></Data><Data name="HEIGHT"><value>-1m</value></Data><Data name="ALTITUDE"><value>-1m</value></Data><Data name="LOCATION"><value>G</value></Data><Data name="ACCURACY"><value>3m</value></Data><Data name="DISTANCE"><value>-1m</value></Data><Data name="SITE BEARING"><value>1000deg</value></Data><Data name="ANTENNA BEARING"><value>1000deg</value></Data><Data name="CELLHEX"><value>12</value></Data><Data name="NODEHEX"><value>0</value></Data><Data name="LACHEX"><value>1</value></Data><Data name="RAWCELLID"><value>18</value></Data><Data name="TIME"><value>2026.08.19_12.16.10</value></Data><Data name="NEI1"><value></value></Data><Data name="NEI2"><value></value></Data><Data name="NEI3"><value></value></Data><Data name="NEI4"><value></value></Data><Data name="NEI5"><value></value></Data><Data name="NEI6"><value></value></Data></ExtendedData><Style><LabelStyle><scale>0.0</scale> </LabelStyle><IconStyle><color>FFF07800</color><scale>0.5</scale><Icon><href>http://maps.google.com/mapfiles/kml/shapes/shaded_dot.png</href></Icon></IconStyle></Style><Point><coordinates>-75.75360378,39.66950811,0</coordinates></Point></Placemark><Placemark><name>31 km/h</name><ExtendedData><Data name="CGI"><value>3150100000100018</value></Data><Data name="CELLNAME"><value></value></Data><Data name="CELLID"><value>18</value></Data><Data name="RNC"><value>0</value></Data><Data name="TAC"><value>1</value></Data><Data name="TECHNOLOGY"><value>5G SA</value></Data><Data name="MODE"><value>5G</value></Data><Data name="ARFCN"><value>644640</value></Data><Data name="BAND"><value></value></Data><Data name="BANDWIDTH"><value></value></Data><Data name="CA"><value>false</value></Data><Data name="NR state"><value></value></Data><Data name="RSRP"><value>-105 dBm</value></Data><Data name="RSRQ"><value>-11</value></Data><Data name="LAYER"><value>1</value></Data><Data name="PC"><value>2</value></Data><Data name="DL_BITRATE"><value> kbps</value></Data><Data name="UL_BITRATE"><value> kbps</value></Data><Data name="IP"><value></value></Data><Data name="PHONE STATE"><value>I</value></Data><Data name="IMEI"><value></value></Data><Data name="SPEED"><value>31 km/h</value></Data><Data name="HEIGHT"><value>-1m</value></Data><Data name="ALTITUDE"><value>-1m</value></Data><Data name="LOCATION"><value>G</value></Data><Data name="ACCURACY"><value>3m</value></Data><Data name="DISTANCE"><value>-1m</value></Data><Data name="SITE BEARING"><value>1000deg</value></Data><Data name="ANTENNA BEARING"><value>1000deg</value></Data><Data name="CELLHEX"><value>12</value></Data><Data name="NODEHEX"><value>0</value></Data><Data name="LACHEX"><value>1</value></Data><Data name="RAWCELLID"><value>18</value></Data><Data name="TIME"><value>2026.08.19_12.16.11</value></Data><Data name="NEI1"><value></value></Data><Data name="NEI2"><value></value></Data><Data name="NEI3"><value></value></Data><Data name="NEI4"><value></value></Data><Data name="NEI5"><value></value></Data><Data name="NEI6"><value></value></Data></ExtendedData><Style><LabelStyle><scale>0.0</scale> </LabelStyle><IconStyle><color>FFF07800</color><scale>0.5</scale><Icon><href>http://maps.google.com/mapfiles/kml/shapes/shaded_dot.png</href></Icon></IconStyle></Style><Point><coordinates>-75.75360378,39.66950811,0</coordinates></Point></Placemark><Placemark><name>33 km/h</name><ExtendedData><Data name="CGI"><value>3150100000100018</value></Data><Data name="CELLNAME"><value></value></Data><Data name="CELLID"><value>18</value></Data><Data name="RNC"><value>0</value></Data><Data name="TAC"><value>1</value></Data><Data name="TECHNOLOGY"><value>5G SA</value></Data><Data name="MODE"><value>5G</value></Data><Data name="ARFCN"><value>644640</value></Data><Data name="BAND"><value></value></Data><Data name="BANDWIDTH"><value></value></Data><Data name="CA"><value>false</value></Data><Data name="NR state"><value></value></Data><Data name="RSRP"><value>-105 dBm</value></Data><Data name="RSRQ"><value>-11</value></Data><Data name="LAYER"><value>1</value></Data><Data name="PC"><value>2</value></Data><Data name="DL_BITRATE"><value> kbps</value></Data><Data name="UL_BITRATE"><value> kbps</value></Data><Data name="IP"><value></value></Data><Data name="PHONE STATE"><value>I</value></Data><Data name="IMEI"><value></value></Data><Data name="SPEED"><value>33 km/h</value></Data><Data name="HEIGHT"><value>0m</value></Data><Data name="ALTITUDE"><value>0m</value></Data><Data name="LOCATION"><value>G</value></Data><Data name="ACCURACY"><value>3m</value></Data><Data name="DISTANCE"><value>-1m</value></Data><Data name="SITE BEARING"><value>1000deg</value></Data><Data name="ANTENNA BEARING"><value>1000deg</value></Data><Data name="CELLHEX"><value>12</value></Data><Data name="NODEHEX"><value>0</value></Data><Data name="LACHEX"><value>1</value></Data><Data name="RAWCELLID"><value>18</value></Data><Data name="TIME"><value>2026.08.19_12.16.11</value></Data><Data name="NEI1"><value></value></Data><Data name="NEI2"><value></value></Data><Data name="NEI3"><value></value></Data><Data name="NEI4"><value></value></Data><Data name="NEI5"><value></value></Data><Data name="NEI6"><value></value></Data></ExtendedData><Style><LabelStyle><scale>0.0</scale> </LabelStyle><IconStyle><color>FFF07800</color><scale>0.5</scale><Icon><href>http://maps.google.com/mapfiles/kml/shapes/shaded_dot.png</href></Icon></IconStyle></Style><Point><coordinates>-75.7537002,39.66946348,0</coordinates></Point></Placemark><Placemark><name>33 km/h</name><ExtendedData><Data name="CGI"><value>3150100000100018</value></Data><Data name="CELLNAME"><value></value></Data><Data name="CELLID"><value>18</value></Data><Data name="RNC"><value>0</value></Data><Data name="TAC"><value>1</value></Data><Data name="TECHNOLOGY"><value>5G SA</value></Data><Data name="MODE"><value>5G</value></Data><Data name="ARFCN"><value>644640</value></Data><Data name="BAND"><value></value></Data><Data name="BANDWIDTH"><value></value></Data><Data name="CA"><value>false</value></Data><Data name="NR state"><value></value></Data><Data name="RSRP"><value>-105 dBm</value></Data><Data name="RSRQ"><value>-11</value></Data><Data name="LAYER"><value>1</value></Data><Data name="PC"><value>2</value></Data><Data name="DL_BITRATE"><value> kbps</value></Data><Data name="UL_BITRATE"><value> kbps</value></Data><Data name="IP"><value></value></Data><Data name="PHONE STATE"><value>I</value></Data><Data name="IMEI"><value></value></Data><Data name="SPEED"><value>33 km/h</value></Data><Data name="HEIGHT"><value>0m</value></Data><Data name="ALTITUDE"><value>0m</value></Data><Data name="LOCATION"><value>G</value></Data><Data name="ACCURACY"><value>3m</value></Data><Data name="DISTANCE"><value>-1m</value></Data><Data name="SITE BEARING"><value>1000deg</value></Data><Data name="ANTENNA BEARING"><value>1000deg</value></Data><Data name="CELLHEX"><value>12</value></Data><Data name="NODEHEX"><value>0</value></Data><Data name="LACHEX"><value>1</value></Data><Data name="RAWCELLID"><value>18</value></Data><Data name="TIME"><value>2026.08.19_12.16.12</value></Data><Data name="NEI1"><value></value></Data><Data name="NEI2"><value></value></Data><Data name="NEI3"><value></value></Data><Data name="NEI4"><value></value></Data><Data name="NEI5"><value></value></Data><Data name="NEI6"><value></value></Data></ExtendedData><Style><LabelStyle><scale>0.0</scale> </LabelStyle><IconStyle><color>FFF07800</color><scale>0.5</scale><Icon><href>http://maps.google.com/mapfiles/kml/shapes/shaded_dot.png</href></Icon></IconStyle></Style><Point><coordinates>-75.7537002,39.66946348,0</coordinates></Point></Placemark><Placemark><name>35 km/h</name><ExtendedData><Data name="CGI"><value>3150100000100018</value></Data><Data name="CELLNAME"><value></value></Data><Data name="CELLID"><value>18</value></Data><Data name="RNC"><value>0</value></Data><Data name="TAC"><value>1</value></Data><Data name="TECHNOLOGY"><value>5G SA</value></Data><Data name="MODE"><value>5G</value></Data><Data name="ARFCN"><value>644640</value></Data><Data name="BAND"><value></value></Data><Data name="BANDWIDTH"><value></value></Data><Data name="CA"><value>false</value></Data><Data name="NR state"><value></value></Data><Data name="RSRP"><value>-105 dBm</value></Data><Data name="RSRQ"><value>-11</value></Data><Data name="LAYER"><value>1</value></Data><Data name="PC"><value>2</value></Data><Data name="DL_BITRATE"><value> kbps</value></Data><Data name="UL_BITRATE"><value> kbps</value></Data><Data name="IP"><value></value></Data><Data name="PHONE STATE"><value>I</value></Data><Data name="IMEI"><value></value></Data><Data name="SPEED"><value>35 km/h</value></Data><Data name="HEIGHT"><value>0m</value></Data><Data name="ALTITUDE"><value>0m</value></Data><Data name="LOCATION"><value>G</value></Data><Data name="ACCURACY"><value>3m</value></Data><Data name="DISTANCE"><value>-1m</value></Data><Data name="SITE BEARING"><value>1000deg</value></Data><Data name="ANTENNA BEARING"><value>1000deg</value></Data><Data name="CELLHEX"><value>12</value></Data><Data name="NODEHEX"><value>0</value></Data><Data name="LACHEX"><value>1</value></Data><Data name="RAWCELLID"><value>18</value></Data><Data name="TIME"><value>2026.08.19_12.16.12</value></Data><Data name="NEI1"><value></value></Data><Data name="NEI2"><value></value></Data><Data name="NEI3"><value></value></Data><Data name="NEI4"><value></value></Data><Data name="NEI5"><value></value></Data><Data name="NEI6"><value></value></Data></ExtendedData><Style><LabelStyle><scale>0.0</scale> </LabelStyle><IconStyle><color>FFF07800</color><scale>0.5</scale><Icon><href>http://maps.google.com/mapfiles/kml/shapes/shaded_dot.png</href></Icon></IconStyle></Style><Point><coordinates>-75.75380245,39.66941461,0</coordinates></Point></Placemark><Placemark><name>35 km/h</name><ExtendedData><Data name="CGI"><value>3150100000100018</value></Data><Data name="CELLNAME"><value></value></Data><Data name="CELLID"><value>18</value></Data><Data name="RNC"><value>0</value></Data><Data name="TAC"><value>1</value></Data><Data name="TECHNOLOGY"><value>5G SA</value></Data><Data name="MODE"><value>5G</value></Data><Data name="ARFCN"><value>644640</value></Data><Data name="BAND"><value></value></Data><Data name="BANDWIDTH"><value></value></Data><Data name="CA"><value>false</value></Data><Data name="NR state"><value></value></Data><Data name="RSRP"><value>-105 dBm</value></Data><Data name="RSRQ"><value>-11</value></Data><Data name="LAYER"><value>1</value></Data><Data name="PC"><value>2</value></Data><Data name="DL_BITRATE"><value> kbps</value></Data><Data name="UL_BITRATE"><value> kbps</value></Data><Data name="IP"><value></value></Data><Data name="PHONE STATE"><value>I</value></Data><Data name="IMEI"><value></value></Data><Data name="SPEED"><value>35 km/h</value></Data><Data name="HEIGHT"><value>0m</value></Data><Data name="ALTITUDE"><value>0m</value></Data><Data name="LOCATION"><value>G</value></Data><Data name="ACCURACY"><value>3m</value></Data><Data name="DISTANCE"><value>-1m</value></Data><Data name="SITE BEARING"><value>1000deg</value></Data><Data name="ANTENNA BEARING"><value>1000deg</value></Data><Data name="CELLHEX"><value>12</value></Data><Data name="NODEHEX"><value>0</value></Data><Data name="LACHEX"><value>1</value></Data><Data name="RAWCELLID"><value>18</value></Data><Data name="TIME"><value>2026.08.19_12.16.13</value></Data><Data name="NEI1"><value></value></Data><Data name="NEI2"><value></value></Data><Data name="NEI3"><value></value></Data><Data name="NEI4"><value></value></Data><Data name="NEI5"><value></value></Data><Data name="NEI6"><value></value></Data></ExtendedData><Style><LabelStyle><scale>0.0</scale> </LabelStyle><IconStyle><color>FFF07800</color><scale>0.5</scale><Icon><href>http://maps.google.com/mapfiles/kml/shapes/shaded_dot.png</href></Icon></IconStyle></Style><Point><coordinates>-75.75380245,39.66941461,0</coordinates></Point></Placemark><Placemark><name>36 km/h</name><ExtendedData><Data name="CGI"><value>3150100000100018</value></Data><Data name="CELLNAME"><value></value></Data><Data name="CELLID"><value>18</value></Data><Data name="RNC"><value>0</value></Data><Data name="TAC"><value>1</value></Data><Data name="TECHNOLOGY"><value>5G SA</value></Data><Data name="MODE"><value>5G</value></Data><Data name="ARFCN"><value>644640</value></Data><Data name="BAND"><value></value></Data><Data name="BANDWIDTH"><value></value></Data><Data name="CA"><value>false</value></Data><Data name="NR state"><value></value></Data><Data name="RSRP"><value>-105 dBm</value></Data><Data name="RSRQ"><value>-11</value></Data><Data name="LAYER"><value>1</value></Data><Data name="PC"><value>2</value></Data><Data name="DL_BITRATE"><value> kbps</value></Data><Data name="UL_BITRATE"><value> kbps</value></Data><Data name="IP"><value></value></Data><Data name="PHONE STATE"><value>I</value></Data><Data name="IMEI"><value></value></Data><Data name="SPEED"><value>36 km/h</value></Data><Data name="HEIGHT"><value>0m</value></Data><Data name="ALTITUDE"><value>0m</value></Data><Data name="LOCATION"><value>G</value></Data><Data name="ACCURACY"><value>3m</value></Data><Data name="DISTANCE"><value>-1m</value></Data><Data name="SITE BEARING"><value>1000deg</value></Data><Data name="ANTENNA BEARING"><value>1000deg</value></Data><Data name="CELLHEX"><value>12</value></Data><Data name="NODEHEX"><value>0</value></Data><Data name="LACHEX"><value>1</value></Data><Data name="RAWCELLID"><value>18</value></Data><Data name="TIME"><value>2026.08.19_12.16.13</value></Data><Data name="NEI1"><value></value></Data><Data name="NEI2"><value></value></Data><Data name="NEI3"><value></value></Data><Data name="NEI4"><value></value></Data><Data name="NEI5"><value></value></Data><Data name="NEI6"><value></value></Data></ExtendedData><Style><LabelStyle><scale>0.0</scale> </LabelStyle><IconStyle><color>FFF07800</color><scale>0.5</scale><Icon><href>http://maps.google.com/mapfiles/kml/shapes/shaded_dot.png</href></Icon></IconStyle></Style><Point><coordinates>-75.75390043,39.66936218,0</coordinates></Point></Placemark><Placemark><name>36 km/h</name><ExtendedData><Data name="CGI"><value>3150100000100018</value></Data><Data name="CELLNAME"><value></value></Data><Data name="CELLID"><value>18</value></Data><Data name="RNC"><value>0</value></Data><Data name="TAC"><value>1</value></Data><Data name="TECHNOLOGY"><value>5G SA</value></Data><Data name="MODE"><value>5G</value></Data><Data name="ARFCN"><value>644640</value></Data><Data name="BAND"><value></value></Data><Data name="BANDWIDTH"><value></value></Data><Data name="CA"><value>false</value></Data><Data name="NR state"><value></value></Data><Data name="RSRP"><value>-105 dBm</value></Data><Data name="RSRQ"><value>-11</value></Data><Data name="LAYER"><value>1</value></Data><Data name="PC"><value>2</value></Data><Data name="DL_BITRATE"><value> kbps</value></Data><Data name="UL_BITRATE"><value> kbps</value></Data><Data name="IP"><value></value></Data><Data name="PHONE STATE"><value>I</value></Data><Data name="IMEI"><value></value></Data><Data name="SPEED"><value>36 km/h</value></Data><Data name="HEIGHT"><value>0m</value></Data><Data name="ALTITUDE"><value>0m</value></Data><Data name="LOCATION"><value>G</value></Data><Data name="ACCURACY"><value>3m</value></Data><Data name="DISTANCE"><value>-1m</value></Data><Data name="SITE BEARING"><value>1000deg</value></Data><Data name="ANTENNA BEARING"><value>1000deg</value></Data><Data name="CELLHEX"><value>12</value></Data><Data name="NODEHEX"><value>0</value></Data><Data name="LACHEX"><value>1</value></Data><Data name="RAWCELLID"><value>18</value></Data><Data name="TIME"><value>2026.08.19_12.16.14</value></Data><Data name="NEI1"><value></value></Data><Data name="NEI2"><value></value></Data><Data name="NEI3"><value></value></Data><Data name="NEI4"><value></value></Data><Data name="NEI5"><value></value></Data><Data name="NEI6"><value></value></Data></ExtendedData><Style><LabelStyle><scale>0.0</scale> </LabelStyle><IconStyle><color>FFF07800</color><scale>0.5</scale><Icon><href>http://maps.google.com/mapfiles/kml/shapes/shaded_dot.png</href></Icon></IconStyle></Style><Point><coordinates>-75.75390043,39.66936218,0</coordinates></Point></Placemark><Placemark><name>36 km/h</name><ExtendedData><Data name="CGI"><value>3150100000100018</value></Data><Data name="CELLNAME"><value></value></Data><Data name="CELLID"><value>18</value></Data><Data name="RNC"><value>0</value></Data><Data name="TAC"><value>1</value></Data><Data name="TECHNOLOGY"><value>5G SA</value></Data><Data name="MODE"><value>5G</value></Data><Data name="ARFCN"><value>644640</value></Data><Data name="BAND"><value></value></Data><Data name="BANDWIDTH"><value></value></Data><Data name="CA"><value>false</value></Data><Data name="NR state"><value></value></Data><Data name="RSRP"><value>-105 dBm</value></Data><Data name="RSRQ"><value>-11</value></Data><Data name="LAYER"><value>1</value></Data><Data name="PC"><value>2</value></Data><Data name="DL_BITRATE"><value> kbps</value></Data><Data name="UL_BITRATE"><value> kbps</value></Data><Data name="IP"><value></value></Data><Data name="PHONE STATE"><value>I</value></Data><Data name="IMEI"><value></value></Data><Data name="SPEED"><value>36 km/h</value></Data><Data name="HEIGHT"><value>0m</value></Data><Data name="ALTITUDE"><value>0m</value></Data><Data name="LOCATION"><value>G</value></Data><Data name="ACCURACY"><value>3m</value></Data><Data name="DISTANCE"><value>-1m</value></Data><Data name="SITE BEARING"><value>1000deg</value></Data><Data name="ANTENNA BEARING"><value>1000deg</value></Data><Data name="CELLHEX"><value>12</value></Data><Data name="NODEHEX"><value>0</value></Data><Data name="LACHEX"><value>1</value></Data><Data name="RAWCELLID"><value>18</value></Data><Data name="TIME"><value>2026.08.19_12.16.14</value></Data><Data name="NEI1"><value></value></Data><Data name="NEI2"><value></value></Data><Data name="NEI3"><value></value></Data><Data name="NEI4"><value></value></Data><Data name="NEI5"><value></value></Data><Data name="NEI6"><value></value></Data></ExtendedData><Style><LabelStyle><scale>0.0</scale> </LabelStyle><IconStyle><color>FFF07800</color><scale>0.5</scale><Icon><href>http://maps.google.com/mapfiles/kml/shapes/shaded_dot.png</href></Icon></IconStyle></Style><Point><coordinates>-75.75399996,39.66930944,0</coordinates></Point></Placemark><Placemark><name>36 km/h</name><ExtendedData><Data name="CGI"><value>3150100000100018</value></Data><Data name="CELLNAME"><value></value></Data><Data name="CELLID"><value>18</value></Data><Data name="RNC"><value>0</value></Data><Data name="TAC"><value>1</value></Data><Data name="TECHNOLOGY"><value>5G SA</value></Data><Data name="MODE"><value>5G</value></Data><Data name="ARFCN"><value>644640</value></Data><Data name="BAND"><value></value></Data><Data name="BANDWIDTH"><value></value></Data><Data name="CA"><value>false</value></Data><Data name="NR state"><value></value></Data><Data name="RSRP"><value>-105 dBm</value></Data><Data name="RSRQ"><value>-11</value></Data><Data name="LAYER"><value>1</value></Data><Data name="PC"><value>2</value></Data><Data name="DL_BITRATE"><value> kbps</value></Data><Data name="UL_BITRATE"><value> kbps</value></Data><Data name="IP"><value></value></Data><Data name="PHONE STATE"><value>I</value></Data><Data name="IMEI"><value></value></Data><Data name="SPEED"><value>36 km/h</value></Data><Data name="HEIGHT"><value>0m</value></Data><Data name="ALTITUDE"><value>0m</value></Data><Data name="LOCATION"><value>G</value></Data><Data name="ACCURACY"><value>3m</value></Data><Data name="DISTANCE"><value>-1m</value></Data><Data name="SITE BEARING"><value>1000deg</value></Data><Data name="ANTENNA BEARING"><value>1000deg</value></Data><Data name="CELLHEX"><value>12</value></Data><Data name="NODEHEX"><value>0</value></Data><Data name="LACHEX"><value>1</value></Data><Data name="RAWCELLID"><value>18</value></Data><Data name="TIME"><value>2026.08.19_12.16.15</value></Data><Data name="NEI1"><value></value></Data><Data name="NEI2"><value></value></Data><Data name="NEI3"><value></value></Data><Data name="NEI4"><value></value></Data><Data name="NEI5"><value></value></Data><Data name="NEI6"><value></value></Data></ExtendedData><Style><LabelStyle><scale>0.0</scale> </LabelStyle><IconStyle><color>FFF07800</color><scale>0.5</scale><Icon><href>http://maps.google.com/mapfiles/kml/shapes/shaded_dot.png</href></Icon></IconStyle></Style><Point><coordinates>-75.75399996,39.66930944,0</coordinates></Point></Placemark><Placemark><name>36 km/h</name><ExtendedData><Data name="CGI"><value>3150100000100018</value></Data><Data name="CELLNAME"><value></value></Data><Data name="CELLID"><value>18</value></Data><Data name="RNC"><value>0</value></Data><Data name="TAC"><value>1</value></Data><Data name="TECHNOLOGY"><value>5G SA</value></Data><Data name="MODE"><value>5G</value></Data><Data name="ARFCN"><value>644640</value></Data><Data name="BAND"><value></value></Data><Data name="BANDWIDTH"><value></value></Data><Data name="CA"><value>false</value></Data><Data name="NR state"><value></value></Data><Data name="RSRP"><value>-105 dBm</value></Data><Data name="RSRQ"><value>-11</value></Data><Data name="LAYER"><value>1</value></Data><Data name="PC"><value>2</value></Data><Data name="DL_BITRATE"><value> kbps</value></Data><Data name="UL_BITRATE"><value> kbps</value></Data><Data name="IP"><value></value></Data><Data name="PHONE STATE"><value>I</value></Data><Data name="IMEI"><value></value></Data><Data name="SPEED"><value>36 km/h</value></Data><Data name="HEIGHT"><value>0m</value></Data><Data name="ALTITUDE"><value>0m</value></Data><Data name="LOCATION"><value>G</value></Data><Data name="ACCURACY"><value>3m</value></Data><Data name="DISTANCE"><value>-1m</value></Data><Data name="SITE BEARING"><value>1000deg</value></Data><Data name="ANTENNA BEARING"><value>1000deg</value></Data><Data name="CELLHEX"><value>12</value></Data><Data name="NODEHEX"><value>0</value></Data><Data name="LACHEX"><value>1</value></Data><Data name="RAWCELLID"><value>18</value></Data><Data name="TIME"><value>2026.08.19_12.16.15</value></Data><Data name="NEI1"><value></value></Data><Data name="NEI2"><value></value></Data><Data name="NEI3"><value></value></Data><Data name="NEI4"><value></value></Data><Data name="NEI5"><value></value></Data><Data name="NEI6"><value></value></Data></ExtendedData><Style><LabelStyle><scale>0.0</scale> </LabelStyle><IconStyle><color>FFF07800</color><scale>0.5</scale><Icon><href>http://maps.google.com/mapfiles/kml/shapes/shaded_dot.png</href></Icon></IconStyle></Style><Point><coordinates>-75.75409969,39.66925666,0</coordinates></Point></Placemark><Placemark><name>36 km/h</name><ExtendedData><Data name="CGI"><value>3150100000100018</value></Data><Data name="CELLNAME"><value></value></Data><Data name="CELLID"><value>18</value></Data><Data name="RNC"><value>0</value></Data><Data name="TAC"><value>1</value></Data><Data name="TECHNOLOGY"><value>5G SA</value></Data><Data name="MODE"><value>5G</value></Data><Data name="ARFCN"><value>644640</value></Data><Data name="BAND"><value></value></Data><Data name="BANDWIDTH"><value></value></Data><Data name="CA"><value>false</value></Data><Data name="NR state"><value></value></Data><Data name="RSRP"><value>-105 dBm</value></Data><Data name="RSRQ"><value>-11</value></Data><Data name="LAYER"><value>1</value></Data><Data name="PC"><value>2</value></Data><Data name="DL_BITRATE"><value> kbps</value></Data><Data name="UL_BITRATE"><value> kbps</value></Data><Data name="IP"><value></value></Data><Data name="PHONE STATE"><value>I</value></Data><Data name="IMEI"><value></value></Data><Data name="SPEED"><value>36 km/h</value></Data><Data name="HEIGHT"><value>0m</value></Data><Data name="ALTITUDE"><value>0m</value></Data><Data name="LOCATION"><value>G</value></Data><Data name="ACCURACY"><value>3m</value></Data><Data name="DISTANCE"><value>-1m</value></Data><Data name="SITE BEARING"><value>1000deg</value></Data><Data name="ANTENNA BEARING"><value>1000deg</value></Data><Data name="CELLHEX"><value>12</value></Data><Data name="NODEHEX"><value>0</value></Data><Data name="LACHEX"><value>1</value></Data><Data name="RAWCELLID"><value>18</value></Data><Data name="TIME"><value>2026.08.19_12.16.16</value></Data><Data name="NEI1"><value></value></Data><Data name="NEI2"><value></value></Data><Data name="NEI3"><value></value></Data><Data name="NEI4"><value></value></Data><Data name="NEI5"><value></value></Data><Data name="NEI6"><value></value></Data></ExtendedData><Style><LabelStyle><scale>0.0</scale> </LabelStyle><IconStyle><color>FFF07800</color><scale>0.5</scale><Icon><href>http://maps.google.com/mapfiles/kml/shapes/shaded_dot.png</href></Icon></IconStyle></Style><Point><coordinates>-75.75409969,39.66925666,0</coordinates></Point></Placemark><Placemark><name>36 km/h</name><ExtendedData><Data name="CGI"><value>3150100000100018</value></Data><Data name="CELLNAME"><value></value></Data><Data name="CELLID"><value>18</value></Data><Data name="RNC"><value>0</value></Data><Data name="TAC"><value>1</value></Data><Data name="TECHNOLOGY"><value>5G SA</value></Data><Data name="MODE"><value>5G</value></Data><Data name="ARFCN"><value>644640</value></Data><Data name="BAND"><value></value></Data><Data name="BANDWIDTH"><value></value></Data><Data name="CA"><value>false</value></Data><Data name="NR state"><value></value></Data><Data name="RSRP"><value>-105 dBm</value></Data><Data name="RSRQ"><value>-11</value></Data><Data name="LAYER"><value>1</value></Data><Data name="PC"><value>2</value></Data><Data name="DL_BITRATE"><value> kbps</value></Data><Data name="UL_BITRATE"><value> kbps</value></Data><Data name="IP"><value></value></Data><Data name="PHONE STATE"><value>I</value></Data><Data name="IMEI"><value></value></Data><Data name="SPEED"><value>36 km/h</value></Data><Data name="HEIGHT"><value>0m</value></Data><Data name="ALTITUDE"><value>0m</value></Data><Data name="LOCATION"><value>G</value></Data><Data name="ACCURACY"><value>3m</value></Data><Data name="DISTANCE"><value>-1m</value></Data><Data name="SITE BEARING"><value>1000deg</value></Data><Data name="ANTENNA BEARING"><value>1000deg</value></Data><Data name="CELLHEX"><value>12</value></Data><Data name="NODEHEX"><value>0</value></Data><Data name="LACHEX"><value>1</value></Data><Data name="RAWCELLID"><value>18</value></Data><Data name="TIME"><value>2026.08.19_12.16.16</value></Data><Data name="NEI1"><value></value></Data><Data name="NEI2"><value></value></Data><Data name="NEI3"><value></value></Data><Data name="NEI4"><value></value></Data><Data name="NEI5"><value></value></Data><Data name="NEI6"><value></value></Data></ExtendedData><Style><LabelStyle><scale>0.0</scale> </LabelStyle><IconStyle><color>FFF07800</color><scale>0.5</scale><Icon><href>http://maps.google.com/mapfiles/kml/shapes/shaded_dot.png</href></Icon></IconStyle></Style><Point><coordinates>-75.75419675,39.66920357,0</coordinates></Point></Placemark><Placemark><name>36 km/h</name><ExtendedData><Data name="CGI"><value>3150100000100018</value></Data><Data name="CELLNAME"><value></value></Data><Data name="CELLID"><value>18</value></Data><Data name="RNC"><value>0</value></Data><Data name="TAC"><value>1</value></Data><Data name="TECHNOLOGY"><value>5G SA</value></Data><Data name="MODE"><value>5G</value></Data><Data name="ARFCN"><value>644640</value></Data><Data name="BAND"><value></value></Data><Data name="BANDWIDTH"><value></value></Data><Data name="CA"><value>false</value></Data><Data name="NR state"><value></value></Data><Data name="RSRP"><value>-105 dBm</value></Data><Data name="RSRQ"><value>-11</value></Data><Data name="LAYER"><value>1</value></Data><Data name="PC"><value>2</value></Data><Data name="DL_BITRATE"><value> kbps</value></Data><Data name="UL_BITRATE"><value> kbps</value></Data><Data name="IP"><value></value></Data><Data name="PHONE STATE"><value>I</value></Data><Data name="IMEI"><value></value></Data><Data name="SPEED"><value>36 km/h</value></Data><Data name="HEIGHT"><value>0m</value></Data><Data name="ALTITUDE"><value>0m</value></Data><Data name="LOCATION"><value>G</value></Data><Data name="ACCURACY"><value>3m</value></Data><Data name="DISTANCE"><value>-1m</value></Data><Data name="SITE BEARING"><value>1000deg</value></Data><Data name="ANTENNA BEARING"><value>1000deg</value></Data><Data name="CELLHEX"><value>12</value></Data><Data name="NODEHEX"><value>0</value></Data><Data name="LACHEX"><value>1</value></Data><Data name="RAWCELLID"><value>18</value></Data><Data name="TIME"><value>2026.08.19_12.16.17</value></Data><Data name="NEI1"><value></value></Data><Data name="NEI2"><value></value></Data><Data name="NEI3"><value></value></Data><Data name="NEI4"><value></value></Data><Data name="NEI5"><value></value></Data><Data name="NEI6"><value></value></Data></ExtendedData><Style><LabelStyle><scale>0.0</scale> </LabelStyle><IconStyle><color>FFF07800</color><scale>0.5</scale><Icon><href>http://maps.google.com/mapfiles/kml/shapes/shaded_dot.png</href></Icon></IconStyle></Style><Point><coordinates>-75.75419675,39.66920357,0</coordinates></Point></Placemark><Placemark><name>35 km/h</name><ExtendedData><Data name="CGI"><value>3150100000100018</value></Data><Data name="CELLNAME"><value></value></Data><Data name="CELLID"><value>18</value></Data><Data name="RNC"><value>0</value></Data><Data name="TAC"><value>1</value></Data><Data name="TECHNOLOGY"><value>5G SA</value></Data><Data name="MODE"><value>5G</value></Data><Data name="ARFCN"><value>644640</value></Data><Data name="BAND"><value></value></Data><Data name="BANDWIDTH"><value></value></Data><Data name="CA"><value>false</value></Data><Data name="NR state"><value></value></Data><Data name="RSRP"><value>-105 dBm</value></Data><Data name="RSRQ"><value>-11</value></Data><Data name="LAYER"><value>1</value></Data><Data name="PC"><value>2</value></Data><Data name="DL_BITRATE"><value> kbps</value></Data><Data name="UL_BITRATE"><value> kbps</value></Data><Data name="IP"><value></value></Data><Data name="PHONE STATE"><value>I</value></Data><Data name="IMEI"><value></value></Data><Data name="SPEED"><value>35 km/h</value></Data><Data name="HEIGHT"><value>1m</value></Data><Data name="ALTITUDE"><value>1m</value></Data><Data name="LOCATION"><value>G</value></Data><Data name="ACCURACY"><value>3m</value></Data><Data name="DISTANCE"><value>-1m</value></Data><Data name="SITE BEARING"><value>1000deg</value></Data><Data name="ANTENNA BEARING"><value>1000deg</value></Data><Data name="CELLHEX"><value>12</value></Data><Data name="NODEHEX"><value>0</value></Data><Data name="LACHEX"><value>1</value></Data><Data name="RAWCELLID"><value>18</value></Data><Data name="TIME"><value>2026.08.19_12.16.17</value></Data><Data name="NEI1"><value></value></Data><Data name="NEI2"><value></value></Data><Data name="NEI3"><value></value></Data><Data name="NEI4"><value></value></Data><Data name="NEI5"><value></value></Data><Data name="NEI6"><value></value></Data></ExtendedData><Style><LabelStyle><scale>0.0</scale> </LabelStyle><IconStyle><color>FFF07800</color><scale>0.5</scale><Icon><href>http://maps.google.com/mapfiles/kml/shapes/shaded_dot.png</href></Icon></IconStyle></Style><Point><coordinates>-75.75429184,39.66915084,0</coordinates></Point></Placemark><Placemark><name>35 km/h</name><ExtendedData><Data name="CGI"><value>3150100000100018</value></Data><Data name="CELLNAME"><value></value></Data><Data name="CELLID"><value>18</value></Data><Data name="RNC"><value>0</value></Data><Data name="TAC"><value>1</value></Data><Data name="TECHNOLOGY"><value>5G SA</value></Data><Data name="MODE"><value>5G</value></Data><Data name="ARFCN"><value>644640</value></Data><Data name="BAND"><value></value></Data><Data name="BANDWIDTH"><value></value></Data><Data name="CA"><value>false</value></Data><Data name="NR state"><value></value></Data><Data name="RSRP"><value>-105 dBm</value></Data><Data name="RSRQ"><value>-11</value></Data><Data name="LAYER"><value>1</value></Data><Data name="PC"><value>2</value></Data><Data name="DL_BITRATE"><value> kbps</value></Data><Data name="UL_BITRATE"><value> kbps</value></Data><Data name="IP"><value></value></Data><Data name="PHONE STATE"><value>I</value></Data><Data name="IMEI"><value></value></Data><Data name="SPEED"><value>35 km/h</value></Data><Data name="HEIGHT"><value>1m</value></Data><Data name="ALTITUDE"><value>1m</value></Data><Data name="LOCATION"><value>G</value></Data><Data name="ACCURACY"><value>3m</value></Data><Data name="DISTANCE"><value>-1m</value></Data><Data name="SITE BEARING"><value>1000deg</value></Data><Data name="ANTENNA BEARING"><value>1000deg</value></Data><Data name="CELLHEX"><value>12</value></Data><Data name="NODEHEX"><value>0</value></Data><Data name="LACHEX"><value>1</value></Data><Data name="RAWCELLID"><value>18</value></Data><Data name="TIME"><value>2026.08.19_12.16.18</value></Data><Data name="NEI1"><value></value></Data><Data name="NEI2"><value></value></Data><Data name="NEI3"><value></value></Data><Data name="NEI4"><value></value></Data><Data name="NEI5"><value></value></Data><Data name="NEI6"><value></value></Data></ExtendedData><Style><LabelStyle><scale>0.0</scale> </LabelStyle><IconStyle><color>FFF07800</color><scale>0.5</scale><Icon><href>http://maps.google.com/mapfiles/kml/shapes/shaded_dot.png</href></Icon></IconStyle></Style><Point><coordinates>-75.75429184,39.66915084,0</coordinates></Point></Placemark><Placemark><name>34 km/h</name><ExtendedData><Data name="CGI"><value>3150100000100018</value></Data><Data name="CELLNAME"><value></value></Data><Data name="CELLID"><value>18</value></Data><Data name="RNC"><value>0</value></Data><Data name="TAC"><value>1</value></Data><Data name="TECHNOLOGY"><value>5G SA</value></Data><Data name="MODE"><value>5G</value></Data><Data name="ARFCN"><value>644640</value></Data><Data name="BAND"><value></value></Data><Data name="BANDWIDTH"><value></value></Data><Data name="CA"><value>false</value></Data><Data name="NR state"><value></value></Data><Data name="RSRP"><value>-105 dBm</value></Data><Data name="RSRQ"><value>-11</value></Data><Data name="LAYER"><value>1</value></Data><Data name="PC"><value>2</value></Data><Data name="DL_BITRATE"><value> kbps</value></Data><Data name="UL_BITRATE"><value> kbps</value></Data><Data name="IP"><value></value></Data><Data name="PHONE STATE"><value>I</value></Data><Data name="IMEI"><value></value></Data><Data name="SPEED"><value>34 km/h</value></Data><Data name="HEIGHT"><value>1m</value></Data><Data name="ALTITUDE"><value>1m</value></Data><Data name="LOCATION"><value>G</value></Data><Data name="ACCURACY"><value>3m</value></Data><Data name="DISTANCE"><value>-1m</value></Data><Data name="SITE BEARING"><value>1000deg</value></Data><Data name="ANTENNA BEARING"><value>1000deg</value></Data><Data name="CELLHEX"><value>12</value></Data><Data name="NODEHEX"><value>0</value></Data><Data name="LACHEX"><value>1</value></Data><Data name="RAWCELLID"><value>18</value></Data><Data name="TIME"><value>2026.08.19_12.16.18</value></Data><Data name="NEI1"><value></value></Data><Data name="NEI2"><value></value></Data><Data name="NEI3"><value></value></Data><Data name="NEI4"><value></value></Data><Data name="NEI5"><value></value></Data><Data name="NEI6"><value></value></Data></ExtendedData><Style><LabelStyle><scale>0.0</scale> </LabelStyle><IconStyle><color>FFF07800</color><scale>0.5</scale><Icon><href>http://maps.google.com/mapfiles/kml/shapes/shaded_dot.png</href></Icon></IconStyle></Style><Point><coordinates>-75.75439012,39.66910292,0</coordinates></Point></Placemark><Placemark><name>34 km/h</name><ExtendedData><Data name="CGI"><value>3150100000100018</value></Data><Data name="CELLNAME"><value></value></Data><Data name="CELLID"><value>18</value></Data><Data name="RNC"><value>0</value></Data><Data name="TAC"><value>1</value></Data><Data name="TECHNOLOGY"><value>5G SA</value></Data><Data name="MODE"><value>5G</value></Data><Data name="ARFCN"><value>644640</value></Data><Data name="BAND"><value></value></Data><Data name="BANDWIDTH"><value></value></Data><Data name="CA"><value>false</value></Data><Data name="NR state"><value></value></Data><Data name="RSRP"><value>-105 dBm</value></Data><Data name="RSRQ"><value>-11</value></Data><Data name="LAYER"><value>1</value></Data><Data name="PC"><value>2</value></Data><Data name="DL_BITRATE"><value> kbps</value></Data><Data name="UL_BITRATE"><value> kbps</value></Data><Data name="IP"><value></value></Data><Data name="PHONE STATE"><value>I</value></Data><Data name="IMEI"><value></value></Data><Data name="SPEED"><value>34 km/h</value></Data><Data name="HEIGHT"><value>1m</value></Data><Data name="ALTITUDE"><value>1m</value></Data><Data name="LOCATION"><value>G</value></Data><Data name="ACCURACY"><value>3m</value></Data><Data name="DISTANCE"><value>-1m</value></Data><Data name="SITE BEARING"><value>1000deg</value></Data><Data name="ANTENNA BEARING"><value>1000deg</value></Data><Data name="CELLHEX"><value>12</value></Data><Data name="NODEHEX"><value>0</value></Data><Data name="LACHEX"><value>1</value></Data><Data name="RAWCELLID"><value>18</value></Data><Data name="TIME"><value>2026.08.19_12.16.19</value></Data><Data name="NEI1"><value></value></Data><Data name="NEI2"><value></value></Data><Data name="NEI3"><value></value></Data><Data name="NEI4"><value></value></Data><Data name="NEI5"><value></value></Data><Data name="NEI6"><value></value></Data></ExtendedData><Style><LabelStyle><scale>0.0</scale> </LabelStyle><IconStyle><color>FFF07800</color><scale>0.5</scale><Icon><href>http://maps.google.com/mapfiles/kml/shapes/shaded_dot.png</href></Icon></IconStyle></Style><Point><coordinates>-75.75439012,39.66910292,0</coordinates></Point></Placemark><Placemark><name>33 km/h</name><ExtendedData><Data name="CGI"><value>3150100000100018</value></Data><Data name="CELLNAME"><value></value></Data><Data name="CELLID"><value>18</value></Data><Data name="RNC"><value>0</value></Data><Data name="TAC"><value>1</value></Data><Data name="TECHNOLOGY"><value>5G SA</value></Data><Data name="MODE"><value>5G</value></Data><Data name="ARFCN"><value>644640</value></Data><Data name="BAND"><value></value></Data><Data name="BANDWIDTH"><value></value></Data><Data name="CA"><value>false</value></Data><Data name="NR state"><value></value></Data><Data name="RSRP"><value>-105 dBm</value></Data><Data name="RSRQ"><value>-11</value></Data><Data name="LAYER"><value>1</value></Data><Data name="PC"><value>2</value></Data><Data name="DL_BITRATE"><value> kbps</value></Data><Data name="UL_BITRATE"><value> kbps</value></Data><Data name="IP"><value></value></Data><Data name="PHONE STATE"><value>I</value></Data><Data name="IMEI"><value></value></Data><Data name="SPEED"><value>33 km/h</value></Data><Data name="HEIGHT"><value>1m</value></Data><Data name="ALTITUDE"><value>1m</value></Data><Data name="LOCATION"><value>G</value></Data><Data name="ACCURACY"><value>3m</value></Data><Data name="DISTANCE"><value>-1m</value></Data><Data name="SITE BEARING"><value>1000deg</value></Data><Data name="ANTENNA BEARING"><value>1000deg</value></Data><Data name="CELLHEX"><value>12</value></Data><Data name="NODEHEX"><value>0</value></Data><Data name="LACHEX"><value>1</value></Data><Data name="RAWCELLID"><value>18</value></Data><Data name="TIME"><value>2026.08.19_12.16.19</value></Data><Data name="NEI1"><value></value></Data><Data name="NEI2"><value></value></Data><Data name="NEI3"><value></value></Data><Data name="NEI4"><value></value></Data><Data name="NEI5"><value></value></Data><Data name="NEI6"><value></value></Data></ExtendedData><Style><LabelStyle><scale>0.0</scale> </LabelStyle><IconStyle><color>FFF07800</color><scale>0.5</scale><Icon><href>http://maps.google.com/mapfiles/kml/shapes/shaded_dot.png</href></Icon></IconStyle></Style><Point><coordinates>-75.75448103,39.66905542,0</coordinates></Point></Placemark><Placemark><name>33 km/h</name><ExtendedData><Data name="CGI"><value>3150100000100018</value></Data><Data name="CELLNAME"><value></value></Data><Data name="CELLID"><value>18</value></Data><Data name="RNC"><value>0</value></Data><Data name="TAC"><value>1</value></Data><Data name="TECHNOLOGY"><value>5G SA</value></Data><Data name="MODE"><value>5G</value></Data><Data name="ARFCN"><value>644640</value></Data><Data name="BAND"><value></value></Data><Data name="BANDWIDTH"><value></value></Data><Data name="CA"><value>false</value></Data><Data name="NR state"><value></value></Data><Data name="RSRP"><value>-105 dBm</value></Data><Data name="RSRQ"><value>-11</value></Data><Data name="LAYER"><value>1</value></Data><Data name="PC"><value>2</value></Data><Data name="DL_BITRATE"><value> kbps</value></Data><Data name="UL_BITRATE"><value> kbps</value></Data><Data name="IP"><value></value></Data><Data name="PHONE STATE"><value>I</value></Data><Data name="IMEI"><value></value></Data><Data name="SPEED"><value>33 km/h</value></Data><Data name="HEIGHT"><value>1m</value></Data><Data name="ALTITUDE"><value>1m</value></Data><Data name="LOCATION"><value>G</value></Data><Data name="ACCURACY"><value>3m</value></Data><Data name="DISTANCE"><value>-1m</value></Data><Data name="SITE BEARING"><value>1000deg</value></Data><Data name="ANTENNA BEARING"><value>1000deg</value></Data><Data name="CELLHEX"><value>12</value></Data><Data name="NODEHEX"><value>0</value></Data><Data name="LACHEX"><value>1</value></Data><Data name="RAWCELLID"><value>18</value></Data><Data name="TIME"><value>2026.08.19_12.16.20</value></Data><Data name="NEI1"><value></value></Data><Data name="NEI2"><value></value></Data><Data name="NEI3"><value></value></Data><Data name="NEI4"><value></value></Data><Data name="NEI5"><value></value></Data><Data name="NEI6"><value></value></Data></ExtendedData><Style><LabelStyle><scale>0.0</scale> </LabelStyle><IconStyle><color>FFF07800</color><scale>0.5</scale><Icon><href>http://maps.google.com/mapfiles/kml/shapes/shaded_dot.png</href></Icon></IconStyle></Style><Point><coordinates>-75.75448103,39.66905542,0</coordinates></Point></Placemark><Placemark><name>30 km/h</name><ExtendedData><Data name="CGI"><value>3150100000100018</value></Data><Data name="CELLNAME"><value></value></Data><Data name="CELLID"><value>18</value></Data><Data name="RNC"><value>0</value></Data><Data name="TAC"><value>1</value></Data><Data name="TECHNOLOGY"><value>5G SA</value></Data><Data name="MODE"><value>5G</value></Data><Data name="ARFCN"><value>644640</value></Data><Data name="BAND"><value></value></Data><Data name="BANDWIDTH"><value></value></Data><Data name="CA"><value>false</value></Data><Data name="NR state"><value></value></Data><Data name="RSRP"><value>-105 dBm</value></Data><Data name="RSRQ"><value>-11</value></Data><Data name="LAYER"><value>1</value></Data><Data name="PC"><value>2</value></Data><Data name="DL_BITRATE"><value> kbps</value></Data><Data name="UL_BITRATE"><value> kbps</value></Data><Data name="IP"><value></value></Data><Data name="PHONE STATE"><value>I</value></Data><Data name="IMEI"><value></value></Data><Data name="SPEED"><value>30 km/h</value></Data><Data name="HEIGHT"><value>0m</value></Data><Data name="ALTITUDE"><value>0m</value></Data><Data name="LOCATION"><value>G</value></Data><Data name="ACCURACY"><value>3m</value></Data><Data name="DISTANCE"><value>-1m</value></Data><Data name="SITE BEARING"><value>1000deg</value></Data><Data name="ANTENNA BEARING"><value>1000deg</value></Data><Data name="CELLHEX"><value>12</value></Data><Data name="NODEHEX"><value>0</value></Data><Data name="LACHEX"><value>1</value></Data><Data name="RAWCELLID"><value>18</value></Data><Data name="TIME"><value>2026.08.19_12.16.20</value></Data><Data name="NEI1"><value></value></Data><Data name="NEI2"><value></value></Data><Data name="NEI3"><value></value></Data><Data name="NEI4"><value></value></Data><Data name="NEI5"><value></value></Data><Data name="NEI6"><value></value></Data></ExtendedData><Style><LabelStyle><scale>0.0</scale> </LabelStyle><IconStyle><color>FFF07800</color><scale>0.5</scale><Icon><href>http://maps.google.com/mapfiles/kml/shapes/shaded_dot.png</href></Icon></IconStyle></Style><Point><coordinates>-75.75454994,39.66899986,0</coordinates></Point></Placemark><Placemark><name>30 km/h</name><ExtendedData><Data name="CGI"><value>3150100000100018</value></Data><Data name="CELLNAME"><value></value></Data><Data name="CELLID"><value>18</value></Data><Data name="RNC"><value>0</value></Data><Data name="TAC"><value>1</value></Data><Data name="TECHNOLOGY"><value>5G SA</value></Data><Data name="MODE"><value>5G</value></Data><Data name="ARFCN"><value>644640</value></Data><Data name="BAND"><value></value></Data><Data name="BANDWIDTH"><value></value></Data><Data name="CA"><value>false</value></Data><Data name="NR state"><value></value></Data><Data name="RSRP"><value>-105 dBm</value></Data><Data name="RSRQ"><value>-11</value></Data><Data name="LAYER"><value>1</value></Data><Data name="PC"><value>2</value></Data><Data name="DL_BITRATE"><value> kbps</value></Data><Data name="UL_BITRATE"><value> kbps</value></Data><Data name="IP"><value></value></Data><Data name="PHONE STATE"><value>I</value></Data><Data name="IMEI"><value></value></Data><Data name="SPEED"><value>30 km/h</value></Data><Data name="HEIGHT"><value>0m</value></Data><Data name="ALTITUDE"><value>0m</value></Data><Data name="LOCATION"><value>G</value></Data><Data name="ACCURACY"><value>3m</value></Data><Data name="DISTANCE"><value>-1m</value></Data><Data name="SITE BEARING"><value>1000deg</value></Data><Data name="ANTENNA BEARING"><value>1000deg</value></Data><Data name="CELLHEX"><value>12</value></Data><Data name="NODEHEX"><value>0</value></Data><Data name="LACHEX"><value>1</value></Data><Data name="RAWCELLID"><value>18</value></Data><Data name="TIME"><value>2026.08.19_12.16.21</value></Data><Data name="NEI1"><value></value></Data><Data name="NEI2"><value></value></Data><Data name="NEI3"><value></value></Data><Data name="NEI4"><value></value></Data><Data name="NEI5"><value></value></Data><Data name="NEI6"><value></value></Data></ExtendedData><Style><LabelStyle><scale>0.0</scale> </LabelStyle><IconStyle><color>FFF07800</color><scale>0.5</scale><Icon><href>http://maps.google.com/mapfiles/kml/shapes/shaded_dot.png</href></Icon></IconStyle></Style><Point><coordinates>-75.75454994,39.66899986,0</coordinates></Point></Placemark><Placemark><name>28 km/h</name><ExtendedData><Data name="CGI"><value>3150100000100018</value></Data><Data name="CELLNAME"><value></value></Data><Data name="CELLID"><value>18</value></Data><Data name="RNC"><value>0</value></Data><Data name="TAC"><value>1</value></Data><Data name="TECHNOLOGY"><value>5G SA</value></Data><Data name="MODE"><value>5G</value></Data><Data name="ARFCN"><value>644640</value></Data><Data name="BAND"><value></value></Data><Data name="BANDWIDTH"><value></value></Data><Data name="CA"><value>false</value></Data><Data name="NR state"><value></value></Data><Data name="RSRP"><value>-105 dBm</value></Data><Data name="RSRQ"><value>-11</value></Data><Data name="LAYER"><value>1</value></Data><Data name="PC"><value>2</value></Data><Data name="DL_BITRATE"><value> kbps</value></Data><Data name="UL_BITRATE"><value> kbps</value></Data><Data name="IP"><value></value></Data><Data name="PHONE STATE"><value>I</value></Data><Data name="IMEI"><value></value></Data><Data name="SPEED"><value>28 km/h</value></Data><Data name="HEIGHT"><value>0m</value></Data><Data name="ALTITUDE"><value>0m</value></Data><Data name="LOCATION"><value>G</value></Data><Data name="ACCURACY"><value>3m</value></Data><Data name="DISTANCE"><value>-1m</value></Data><Data name="SITE BEARING"><value>1000deg</value></Data><Data name="ANTENNA BEARING"><value>1000deg</value></Data><Data name="CELLHEX"><value>12</value></Data><Data name="NODEHEX"><value>0</value></Data><Data name="LACHEX"><value>1</value></Data><Data name="RAWCELLID"><value>18</value></Data><Data name="TIME"><value>2026.08.19_12.16.21</value></Data><Data name="NEI1"><value></value></Data><Data name="NEI2"><value></value></Data><Data name="NEI3"><value></value></Data><Data name="NEI4"><value></value></Data><Data name="NEI5"><value></value></Data><Data name="NEI6"><value></value></Data></ExtendedData><Style><LabelStyle><scale>0.0</scale> </LabelStyle><IconStyle><color>FFF07800</color><scale>0.5</scale><Icon><href>http://maps.google.com/mapfiles/kml/shapes/shaded_dot.png</href></Icon></IconStyle></Style><Point><coordinates>-75.75458759,39.6689395,0</coordinates></Point></Placemark><Placemark><name>28 km/h</name><ExtendedData><Data name="CGI"><value>3150100000100018</value></Data><Data name="CELLNAME"><value></value></Data><Data name="CELLID"><value>18</value></Data><Data name="RNC"><value>0</value></Data><Data name="TAC"><value>1</value></Data><Data name="TECHNOLOGY"><value>5G SA</value></Data><Data name="MODE"><value>5G</value></Data><Data name="ARFCN"><value>644640</value></Data><Data name="BAND"><value></value></Data><Data name="BANDWIDTH"><value></value></Data><Data name="CA"><value>false</value></Data><Data name="NR state"><value></value></Data><Data name="RSRP"><value>-105 dBm</value></Data><Data name="RSRQ"><value>-11</value></Data><Data name="LAYER"><value>1</value></Data><Data name="PC"><value>2</value></Data><Data name="DL_BITRATE"><value> kbps</value></Data><Data name="UL_BITRATE"><value> kbps</value></Data><Data name="IP"><value></value></Data><Data name="PHONE STATE"><value>I</value></Data><Data name="IMEI"><value></value></Data><Data name="SPEED"><value>28 km/h</value></Data><Data name="HEIGHT"><value>0m</value></Data><Data name="ALTITUDE"><value>0m</value></Data><Data name="LOCATION"><value>G</value></Data><Data name="ACCURACY"><value>3m</value></Data><Data name="DISTANCE"><value>-1m</value></Data><Data name="SITE BEARING"><value>1000deg</value></Data><Data name="ANTENNA BEARING"><value>1000deg</value></Data><Data name="CELLHEX"><value>12</value></Data><Data name="NODEHEX"><value>0</value></Data><Data name="LACHEX"><value>1</value></Data><Data name="RAWCELLID"><value>18</value></Data><Data name="TIME"><value>2026.08.19_12.16.22</value></Data><Data name="NEI1"><value></value></Data><Data name="NEI2"><value></value></Data><Data name="NEI3"><value></value></Data><Data name="NEI4"><value></value></Data><Data name="NEI5"><value></value></Data><Data name="NEI6"><value></value></Data></ExtendedData><Style><LabelStyle><scale>0.0</scale> </LabelStyle><IconStyle><color>FFF07800</color><scale>0.5</scale><Icon><href>http://maps.google.com/mapfiles/kml/shapes/shaded_dot.png</href></Icon></IconStyle></Style><Point><coordinates>-75.75458759,39.6689395,0</coordinates></Point></Placemark><Placemark><name>27 km/h</name><ExtendedData><Data name="CGI"><value>3150100000100018</value></Data><Data name="CELLNAME"><value></value></Data><Data name="CELLID"><value>18</value></Data><Data name="RNC"><value>0</value></Data><Data name="TAC"><value>1</value></Data><Data name="TECHNOLOGY"><value>5G SA</value></Data><Data name="MODE"><value>5G</value></Data><Data name="ARFCN"><value>644640</value></Data><Data name="BAND"><value></value></Data><Data name="BANDWIDTH"><value></value></Data><Data name="CA"><value>false</value></Data><Data name="NR state"><value></value></Data><Data name="RSRP"><value>-105 dBm</value></Data><Data name="RSRQ"><value>-11</value></Data><Data name="LAYER"><value>1</value></Data><Data name="PC"><value>2</value></Data><Data name="DL_BITRATE"><value> kbps</value></Data><Data name="UL_BITRATE"><value> kbps</value></Data><Data name="IP"><value></value></Data><Data name="PHONE STATE"><value>I</value></Data><Data name="IMEI"><value></value></Data><Data name="SPEED"><value>27 km/h</value></Data><Data name="HEIGHT"><value>0m</value></Data><Data name="ALTITUDE"><value>0m</value></Data><Data name="LOCATION"><value>G</value></Data><Data name="ACCURACY"><value>3m</value></Data><Data name="DISTANCE"><value>-1m</value></Data><Data name="SITE BEARING"><value>1000deg</value></Data><Data name="ANTENNA BEARING"><value>1000deg</value></Data><Data name="CELLHEX"><value>12</value></Data><Data name="NODEHEX"><value>0</value></Data><Data name="LACHEX"><value>1</value></Data><Data name="RAWCELLID"><value>18</value></Data><Data name="TIME"><value>2026.08.19_12.16.22</value></Data><Data name="NEI1"><value></value></Data><Data name="NEI2"><value></value></Data><Data name="NEI3"><value></value></Data><Data name="NEI4"><value></value></Data><Data name="NEI5"><value></value></Data><Data name="NEI6"><value></value></Data></ExtendedData><Style><LabelStyle><scale>0.0</scale> </LabelStyle><IconStyle><color>FFF07800</color><scale>0.5</scale><Icon><href>http://maps.google.com/mapfiles/kml/shapes/shaded_dot.png</href></Icon></IconStyle></Style><Point><coordinates>-75.75460484,39.66887188,0</coordinates></Point></Placemark><Placemark><name>27 km/h</name><ExtendedData><Data name="CGI"><value>3150100000100018</value></Data><Data name="CELLNAME"><value></value></Data><Data name="CELLID"><value>18</value></Data><Data name="RNC"><value>0</value></Data><Data name="TAC"><value>1</value></Data><Data name="TECHNOLOGY"><value>5G SA</value></Data><Data name="MODE"><value>5G</value></Data><Data name="ARFCN"><value>644640</value></Data><Data name="BAND"><value></value></Data><Data name="BANDWIDTH"><value></value></Data><Data name="CA"><value>false</value></Data><Data name="NR state"><value></value></Data><Data name="RSRP"><value>-105 dBm</value></Data><Data name="RSRQ"><value>-11</value></Data><Data name="LAYER"><value>1</value></Data><Data name="PC"><value>2</value></Data><Data name="DL_BITRATE"><value> kbps</value></Data><Data name="UL_BITRATE"><value> kbps</value></Data><Data name="IP"><value></value></Data><Data name="PHONE STATE"><value>I</value></Data><Data name="IMEI"><value></value></Data><Data name="SPEED"><value>27 km/h</value></Data><Data name="HEIGHT"><value>0m</value></Data><Data name="ALTITUDE"><value>0m</value></Data><Data name="LOCATION"><value>G</value></Data><Data name="ACCURACY"><value>3m</value></Data><Data name="DISTANCE"><value>-1m</value></Data><Data name="SITE BEARING"><value>1000deg</value></Data><Data name="ANTENNA BEARING"><value>1000deg</value></Data><Data name="CELLHEX"><value>12</value></Data><Data name="NODEHEX"><value>0</value></Data><Data name="LACHEX"><value>1</value></Data><Data name="RAWCELLID"><value>18</value></Data><Data name="TIME"><value>2026.08.19_12.16.23</value></Data><Data name="NEI1"><value></value></Data><Data name="NEI2"><value></value></Data><Data name="NEI3"><value></value></Data><Data name="NEI4"><value></value></Data><Data name="NEI5"><value></value></Data><Data name="NEI6"><value></value></Data></ExtendedData><Style><LabelStyle><scale>0.0</scale> </LabelStyle><IconStyle><color>FFF07800</color><scale>0.5</scale><Icon><href>http://maps.google.com/mapfiles/kml/shapes/shaded_dot.png</href></Icon></IconStyle></Style><Point><coordinates>-75.75460484,39.66887188,0</coordinates></Point></Placemark><Placemark><name>29 km/h</name><ExtendedData><Data name="CGI"><value>3150100000100018</value></Data><Data name="CELLNAME"><value></value></Data><Data name="CELLID"><value>18</value></Data><Data name="RNC"><value>0</value></Data><Data name="TAC"><value>1</value></Data><Data name="TECHNOLOGY"><value>5G SA</value></Data><Data name="MODE"><value>5G</value></Data><Data name="ARFCN"><value>644640</value></Data><Data name="BAND"><value></value></Data><Data name="BANDWIDTH"><value></value></Data><Data name="CA"><value>false</value></Data><Data name="NR state"><value></value></Data><Data name="RSRP"><value>-105 dBm</value></Data><Data name="RSRQ"><value>-11</value></Data><Data name="LAYER"><value>1</value></Data><Data name="PC"><value>2</value></Data><Data name="DL_BITRATE"><value> kbps</value></Data><Data name="UL_BITRATE"><value> kbps</value></Data><Data name="IP"><value></value></Data><Data name="PHONE STATE"><value>I</value></Data><Data name="IMEI"><value></value></Data><Data name="SPEED"><value>29 km/h</value></Data><Data name="HEIGHT"><value>0m</value></Data><Data name="ALTITUDE"><value>0m</value></Data><Data name="LOCATION"><value>G</value></Data><Data name="ACCURACY"><value>3m</value></Data><Data name="DISTANCE"><value>-1m</value></Data><Data name="SITE BEARING"><value>1000deg</value></Data><Data name="ANTENNA BEARING"><value>1000deg</value></Data><Data name="CELLHEX"><value>12</value></Data><Data name="NODEHEX"><value>0</value></Data><Data name="LACHEX"><value>1</value></Data><Data name="RAWCELLID"><value>18</value></Data><Data name="TIME"><value>2026.08.19_12.16.23</value></Data><Data name="NEI1"><value></value></Data><Data name="NEI2"><value></value></Data><Data name="NEI3"><value></value></Data><Data name="NEI4"><value></value></Data><Data name="NEI5"><value></value></Data><Data name="NEI6"><value></value></Data></ExtendedData><Style><LabelStyle><scale>0.0</scale> </LabelStyle><IconStyle><color>FFF07800</color><scale>0.5</scale><Icon><href>http://maps.google.com/mapfiles/kml/shapes/shaded_dot.png</href></Icon></IconStyle></Style><Point><coordinates>-75.75460647,39.6687966,0</coordinates></Point></Placemark><Placemark><name>29 km/h</name><ExtendedData><Data name="CGI"><value>3150100000100018</value></Data><Data name="CELLNAME"><value></value></Data><Data name="CELLID"><value>18</value></Data><Data name="RNC"><value>0</value></Data><Data name="TAC"><value>1</value></Data><Data name="TECHNOLOGY"><value>5G SA</value></Data><Data name="MODE"><value>5G</value></Data><Data name="ARFCN"><value>644640</value></Data><Data name="BAND"><value></value></Data><Data name="BANDWIDTH"><value></value></Data><Data name="CA"><value>false</value></Data><Data name="NR state"><value></value></Data><Data name="RSRP"><value>-105 dBm</value></Data><Data name="RSRQ"><value>-11</value></Data><Data name="LAYER"><value>1</value></Data><Data name="PC"><value>2</value></Data><Data name="DL_BITRATE"><value> kbps</value></Data><Data name="UL_BITRATE"><value> kbps</value></Data><Data name="IP"><value></value></Data><Data name="PHONE STATE"><value>I</value></Data><Data name="IMEI"><value></value></Data><Data name="SPEED"><value>29 km/h</value></Data><Data name="HEIGHT"><value>0m</value></Data><Data name="ALTITUDE"><value>0m</value></Data><Data name="LOCATION"><value>G</value></Data><Data name="ACCURACY"><value>3m</value></Data><Data name="DISTANCE"><value>-1m</value></Data><Data name="SITE BEARING"><value>1000deg</value></Data><Data name="ANTENNA BEARING"><value>1000deg</value></Data><Data name="CELLHEX"><value>12</value></Data><Data name="NODEHEX"><value>0</value></Data><Data name="LACHEX"><value>1</value></Data><Data name="RAWCELLID"><value>18</value></Data><Data name="TIME"><value>2026.08.19_12.16.24</value></Data><Data name="NEI1"><value></value></Data><Data name="NEI2"><value></value></Data><Data name="NEI3"><value></value></Data><Data name="NEI4"><value></value></Data><Data name="NEI5"><value></value></Data><Data name="NEI6"><value></value></Data></ExtendedData><Style><LabelStyle><scale>0.0</scale> </LabelStyle><IconStyle><color>FFF07800</color><scale>0.5</scale><Icon><href>http://maps.google.com/mapfiles/kml/shapes/shaded_dot.png</href></Icon></IconStyle></Style><Point><coordinates>-75.75460647,39.6687966,0</coordinates></Point></Placemark><Placemark><name>31 km/h</name><ExtendedData><Data name="CGI"><value>3150100000100018</value></Data><Data name="CELLNAME"><value></value></Data><Data name="CELLID"><value>18</value></Data><Data name="RNC"><value>0</value></Data><Data name="TAC"><value>1</value></Data><Data name="TECHNOLOGY"><value>5G SA</value></Data><Data name="MODE"><value>5G</value></Data><Data name="ARFCN"><value>644640</value></Data><Data name="BAND"><value></value></Data><Data name="BANDWIDTH"><value></value></Data><Data name="CA"><value>false</value></Data><Data name="NR state"><value></value></Data><Data name="RSRP"><value>-105 dBm</value></Data><Data name="RSRQ"><value>-11</value></Data><Data name="LAYER"><value>1</value></Data><Data name="PC"><value>2</value></Data><Data name="DL_BITRATE"><value> kbps</value></Data><Data name="UL_BITRATE"><value> kbps</value></Data><Data name="IP"><value></value></Data><Data name="PHONE STATE"><value>I</value></Data><Data name="IMEI"><value></value></Data><Data name="SPEED"><value>31 km/h</value></Data><Data name="HEIGHT"><value>0m</value></Data><Data name="ALTITUDE"><value>0m</value></Data><Data name="LOCATION"><value>G</value></Data><Data name="ACCURACY"><value>3m</value></Data><Data name="DISTANCE"><value>-1m</value></Data><Data name="SITE BEARING"><value>1000deg</value></Data><Data name="ANTENNA BEARING"><value>1000deg</value></Data><Data name="CELLHEX"><value>12</value></Data><Data name="NODEHEX"><value>0</value></Data><Data name="LACHEX"><value>1</value></Data><Data name="RAWCELLID"><value>18</value></Data><Data name="TIME"><value>2026.08.19_12.16.24</value></Data><Data name="NEI1"><value></value></Data><Data name="NEI2"><value></value></Data><Data name="NEI3"><value></value></Data><Data name="NEI4"><value></value></Data><Data name="NEI5"><value></value></Data><Data name="NEI6"><value></value></Data></ExtendedData><Style><LabelStyle><scale>0.0</scale> </LabelStyle><IconStyle><color>FFF07800</color><scale>0.5</scale><Icon><href>http://maps.google.com/mapfiles/kml/shapes/shaded_dot.png</href></Icon></IconStyle></Style><Point><coordinates>-75.75460093,39.66872051,0</coordinates></Point></Placemark><Placemark><name>31 km/h</name><ExtendedData><Data name="CGI"><value>3150100000100018</value></Data><Data name="CELLNAME"><value></value></Data><Data name="CELLID"><value>18</value></Data><Data name="RNC"><value>0</value></Data><Data name="TAC"><value>1</value></Data><Data name="TECHNOLOGY"><value>5G SA</value></Data><Data name="MODE"><value>5G</value></Data><Data name="ARFCN"><value>644640</value></Data><Data name="BAND"><value></value></Data><Data name="BANDWIDTH"><value></value></Data><Data name="CA"><value>false</value></Data><Data name="NR state"><value></value></Data><Data name="RSRP"><value>-105 dBm</value></Data><Data name="RSRQ"><value>-11</value></Data><Data name="LAYER"><value>1</value></Data><Data name="PC"><value>2</value></Data><Data name="DL_BITRATE"><value> kbps</value></Data><Data name="UL_BITRATE"><value> kbps</value></Data><Data name="IP"><value></value></Data><Data name="PHONE STATE"><value>I</value></Data><Data name="IMEI"><value></value></Data><Data name="SPEED"><value>31 km/h</value></Data><Data name="HEIGHT"><value>0m</value></Data><Data name="ALTITUDE"><value>0m</value></Data><Data name="LOCATION"><value>G</value></Data><Data name="ACCURACY"><value>3m</value></Data><Data name="DISTANCE"><value>-1m</value></Data><Data name="SITE BEARING"><value>1000deg</value></Data><Data name="ANTENNA BEARING"><value>1000deg</value></Data><Data name="CELLHEX"><value>12</value></Data><Data name="NODEHEX"><value>0</value></Data><Data name="LACHEX"><value>1</value></Data><Data name="RAWCELLID"><value>18</value></Data><Data name="TIME"><value>2026.08.19_12.16.25</value></Data><Data name="NEI1"><value></value></Data><Data name="NEI2"><value></value></Data><Data name="NEI3"><value></value></Data><Data name="NEI4"><value></value></Data><Data name="NEI5"><value></value></Data><Data name="NEI6"><value></value></Data></ExtendedData><Style><LabelStyle><scale>0.0</scale> </LabelStyle><IconStyle><color>FFF07800</color><scale>0.5</scale><Icon><href>http://maps.google.com/mapfiles/kml/shapes/shaded_dot.png</href></Icon></IconStyle></Style><Point><coordinates>-75.75460093,39.66872051,0</coordinates></Point></Placemark><Placemark><name>33 km/h</name><ExtendedData><Data name="CGI"><value>3150100000100018</value></Data><Data name="CELLNAME"><value></value></Data><Data name="CELLID"><value>18</value></Data><Data name="RNC"><value>0</value></Data><Data name="TAC"><value>1</value></Data><Data name="TECHNOLOGY"><value>5G SA</value></Data><Data name="MODE"><value>5G</value></Data><Data name="ARFCN"><value>644640</value></Data><Data name="BAND"><value></value></Data><Data name="BANDWIDTH"><value></value></Data><Data name="CA"><value>false</value></Data><Data name="NR state"><value></value></Data><Data name="RSRP"><value>-105 dBm</value></Data><Data name="RSRQ"><value>-11</value></Data><Data name="LAYER"><value>1</value></Data><Data name="PC"><value>2</value></Data><Data name="DL_BITRATE"><value> kbps</value></Data><Data name="UL_BITRATE"><value> kbps</value></Data><Data name="IP"><value></value></Data><Data name="PHONE STATE"><value>I</value></Data><Data name="IMEI"><value></value></Data><Data name="SPEED"><value>33 km/h</value></Data><Data name="HEIGHT"><value>-1m</value></Data><Data name="ALTITUDE"><value>-1m</value></Data><Data name="LOCATION"><value>G</value></Data><Data name="ACCURACY"><value>3m</value></Data><Data name="DISTANCE"><value>-1m</value></Data><Data name="SITE BEARING"><value>1000deg</value></Data><Data name="ANTENNA BEARING"><value>1000deg</value></Data><Data name="CELLHEX"><value>12</value></Data><Data name="NODEHEX"><value>0</value></Data><Data name="LACHEX"><value>1</value></Data><Data name="RAWCELLID"><value>18</value></Data><Data name="TIME"><value>2026.08.19_12.16.25</value></Data><Data name="NEI1"><value></value></Data><Data name="NEI2"><value></value></Data><Data name="NEI3"><value></value></Data><Data name="NEI4"><value></value></Data><Data name="NEI5"><value></value></Data><Data name="NEI6"><value></value></Data></ExtendedData><Style><LabelStyle><scale>0.0</scale> </LabelStyle><IconStyle><color>FFF07800</color><scale>0.5</scale><Icon><href>http://maps.google.com/mapfiles/kml/shapes/shaded_dot.png</href></Icon></IconStyle></Style><Point><coordinates>-75.75458579,39.66863867,0</coordinates></Point></Placemark><Placemark><name>33 km/h</name><ExtendedData><Data name="CGI"><value>3150100000100018</value></Data><Data name="CELLNAME"><value></value></Data><Data name="CELLID"><value>18</value></Data><Data name="RNC"><value>0</value></Data><Data name="TAC"><value>1</value></Data><Data name="TECHNOLOGY"><value>5G SA</value></Data><Data name="MODE"><value>5G</value></Data><Data name="ARFCN"><value>644640</value></Data><Data name="BAND"><value></value></Data><Data name="BANDWIDTH"><value></value></Data><Data name="CA"><value>false</value></Data><Data name="NR state"><value></value></Data><Data name="RSRP"><value>-105 dBm</value></Data><Data name="RSRQ"><value>-11</value></Data><Data name="LAYER"><value>1</value></Data><Data name="PC"><value>2</value></Data><Data name="DL_BITRATE"><value> kbps</value></Data><Data name="UL_BITRATE"><value> kbps</value></Data><Data name="IP"><value></value></Data><Data name="PHONE STATE"><value>I</value></Data><Data name="IMEI"><value></value></Data><Data name="SPEED"><value>33 km/h</value></Data><Data name="HEIGHT"><value>-1m</value></Data><Data name="ALTITUDE"><value>-1m</value></Data><Data name="LOCATION"><value>G</value></Data><Data name="ACCURACY"><value>3m</value></Data><Data name="DISTANCE"><value>-1m</value></Data><Data name="SITE BEARING"><value>1000deg</value></Data><Data name="ANTENNA BEARING"><value>1000deg</value></Data><Data name="CELLHEX"><value>12</value></Data><Data name="NODEHEX"><value>0</value></Data><Data name="LACHEX"><value>1</value></Data><Data name="RAWCELLID"><value>18</value></Data><Data name="TIME"><value>2026.08.19_12.16.26</value></Data><Data name="NEI1"><value></value></Data><Data name="NEI2"><value></value></Data><Data name="NEI3"><value></value></Data><Data name="NEI4"><value></value></Data><Data name="NEI5"><value></value></Data><Data name="NEI6"><value></value></Data></ExtendedData><Style><LabelStyle><scale>0.0</scale> </LabelStyle><IconStyle><color>FFF07800</color><scale>0.5</scale><Icon><href>http://maps.google.com/mapfiles/kml/shapes/shaded_dot.png</href></Icon></IconStyle></Style><Point><coordinates>-75.75458579,39.66863867,0</coordinates></Point></Placemark><Placemark><name>34 km/h</name><ExtendedData><Data name="CGI"><value>3150100000100018</value></Data><Data name="CELLNAME"><value></value></Data><Data name="CELLID"><value>18</value></Data><Data name="RNC"><value>0</value></Data><Data name="TAC"><value>1</value></Data><Data name="TECHNOLOGY"><value>5G SA</value></Data><Data name="MODE"><value>5G</value></Data><Data name="ARFCN"><value>644640</value></Data><Data name="BAND"><value></value></Data><Data name="BANDWIDTH"><value></value></Data><Data name="CA"><value>false</value></Data><Data name="NR state"><value></value></Data><Data name="RSRP"><value>-105 dBm</value></Data><Data name="RSRQ"><value>-11</value></Data><Data name="LAYER"><value>1</value></Data><Data name="PC"><value>2</value></Data><Data name="DL_BITRATE"><value> kbps</value></Data><Data name="UL_BITRATE"><value> kbps</value></Data><Data name="IP"><value></value></Data><Data name="PHONE STATE"><value>I</value></Data><Data name="IMEI"><value></value></Data><Data name="SPEED"><value>34 km/h</value></Data><Data name="HEIGHT"><value>-1m</value></Data><Data name="ALTITUDE"><value>-1m</value></Data><Data name="LOCATION"><value>G</value></Data><Data name="ACCURACY"><value>3m</value></Data><Data name="DISTANCE"><value>-1m</value></Data><Data name="SITE BEARING"><value>1000deg</value></Data><Data name="ANTENNA BEARING"><value>1000deg</value></Data><Data name="CELLHEX"><value>12</value></Data><Data name="NODEHEX"><value>0</value></Data><Data name="LACHEX"><value>1</value></Data><Data name="RAWCELLID"><value>18</value></Data><Data name="TIME"><value>2026.08.19_12.16.26</value></Data><Data name="NEI1"><value></value></Data><Data name="NEI2"><value></value></Data><Data name="NEI3"><value></value></Data><Data name="NEI4"><value></value></Data><Data name="NEI5"><value></value></Data><Data name="NEI6"><value></value></Data></ExtendedData><Style><LabelStyle><scale>0.0</scale> </LabelStyle><IconStyle><color>FFF07800</color><scale>0.5</scale><Icon><href>http://maps.google.com/mapfiles/kml/shapes/shaded_dot.png</href></Icon></IconStyle></Style><Point><coordinates>-75.75456689,39.66855395,0</coordinates></Point></Placemark><Placemark><name>34 km/h</name><ExtendedData><Data name="CGI"><value>3150100000100018</value></Data><Data name="CELLNAME"><value></value></Data><Data name="CELLID"><value>18</value></Data><Data name="RNC"><value>0</value></Data><Data name="TAC"><value>1</value></Data><Data name="TECHNOLOGY"><value>5G SA</value></Data><Data name="MODE"><value>5G</value></Data><Data name="ARFCN"><value>644640</value></Data><Data name="BAND"><value></value></Data><Data name="BANDWIDTH"><value></value></Data><Data name="CA"><value>false</value></Data><Data name="NR state"><value></value></Data><Data name="RSRP"><value>-105 dBm</value></Data><Data name="RSRQ"><value>-11</value></Data><Data name="LAYER"><value>1</value></Data><Data name="PC"><value>2</value></Data><Data name="DL_BITRATE"><value> kbps</value></Data><Data name="UL_BITRATE"><value> kbps</value></Data><Data name="IP"><value></value></Data><Data name="PHONE STATE"><value>I</value></Data><Data name="IMEI"><value></value></Data><Data name="SPEED"><value>34 km/h</value></Data><Data name="HEIGHT"><value>-1m</value></Data><Data name="ALTITUDE"><value>-1m</value></Data><Data name="LOCATION"><value>G</value></Data><Data name="ACCURACY"><value>3m</value></Data><Data name="DISTANCE"><value>-1m</value></Data><Data name="SITE BEARING"><value>1000deg</value></Data><Data name="ANTENNA BEARING"><value>1000deg</value></Data><Data name="CELLHEX"><value>12</value></Data><Data name="NODEHEX"><value>0</value></Data><Data name="LACHEX"><value>1</value></Data><Data name="RAWCELLID"><value>18</value></Data><Data name="TIME"><value>2026.08.19_12.16.27</value></Data><Data name="NEI1"><value></value></Data><Data name="NEI2"><value></value></Data><Data name="NEI3"><value></value></Data><Data name="NEI4"><value></value></Data><Data name="NEI5"><value></value></Data><Data name="NEI6"><value></value></Data></ExtendedData><Style><LabelStyle><scale>0.0</scale> </LabelStyle><IconStyle><color>FFF07800</color><scale>0.5</scale><Icon><href>http://maps.google.com/mapfiles/kml/shapes/shaded_dot.png</href></Icon></IconStyle></Style><Point><coordinates>-75.75456689,39.66855395,0</coordinates></Point></Placemark><Placemark><name>35 km/h</name><ExtendedData><Data name="CGI"><value>3150100000100018</value></Data><Data name="CELLNAME"><value></value></Data><Data name="CELLID"><value>18</value></Data><Data name="RNC"><value>0</value></Data><Data name="TAC"><value>1</value></Data><Data name="TECHNOLOGY"><value>5G SA</value></Data><Data name="MODE"><value>5G</value></Data><Data name="ARFCN"><value>644640</value></Data><Data name="BAND"><value></value></Data><Data name="BANDWIDTH"><value></value></Data><Data name="CA"><value>false</value></Data><Data name="NR state"><value></value></Data><Data name="RSRP"><value>-105 dBm</value></Data><Data name="RSRQ"><value>-11</value></Data><Data name="LAYER"><value>1</value></Data><Data name="PC"><value>2</value></Data><Data name="DL_BITRATE"><value> kbps</value></Data><Data name="UL_BITRATE"><value> kbps</value></Data><Data name="IP"><value></value></Data><Data name="PHONE STATE"><value>I</value></Data><Data name="IMEI"><value></value></Data><Data name="SPEED"><value>35 km/h</value></Data><Data name="HEIGHT"><value>-1m</value></Data><Data name="ALTITUDE"><value>-1m</value></Data><Data name="LOCATION"><value>G</value></Data><Data name="ACCURACY"><value>3m</value></Data><Data name="DISTANCE"><value>-1m</value></Data><Data name="SITE BEARING"><value>1000deg</value></Data><Data name="ANTENNA BEARING"><value>1000deg</value></Data><Data name="CELLHEX"><value>12</value></Data><Data name="NODEHEX"><value>0</value></Data><Data name="LACHEX"><value>1</value></Data><Data name="RAWCELLID"><value>18</value></Data><Data name="TIME"><value>2026.08.19_12.16.27</value></Data><Data name="NEI1"><value></value></Data><Data name="NEI2"><value></value></Data><Data name="NEI3"><value></value></Data><Data name="NEI4"><value></value></Data><Data name="NEI5"><value></value></Data><Data name="NEI6"><value></value></Data></ExtendedData><Style><LabelStyle><scale>0.0</scale> </LabelStyle><IconStyle><color>FFF07800</color><scale>0.5</scale><Icon><href>http://maps.google.com/mapfiles/kml/shapes/shaded_dot.png</href></Icon></IconStyle></Style><Point><coordinates>-75.75455312,39.66846715,0</coordinates></Point></Placemark><Placemark><name>35 km/h</name><ExtendedData><Data name="CGI"><value>3150100000100018</value></Data><Data name="CELLNAME"><value></value></Data><Data name="CELLID"><value>18</value></Data><Data name="RNC"><value>0</value></Data><Data name="TAC"><value>1</value></Data><Data name="TECHNOLOGY"><value>5G SA</value></Data><Data name="MODE"><value>5G</value></Data><Data name="ARFCN"><value>644640</value></Data><Data name="BAND"><value></value></Data><Data name="BANDWIDTH"><value></value></Data><Data name="CA"><value>false</value></Data><Data name="NR state"><value></value></Data><Data name="RSRP"><value>-105 dBm</value></Data><Data name="RSRQ"><value>-11</value></Data><Data name="LAYER"><value>1</value></Data><Data name="PC"><value>2</value></Data><Data name="DL_BITRATE"><value> kbps</value></Data><Data name="UL_BITRATE"><value> kbps</value></Data><Data name="IP"><value></value></Data><Data name="PHONE STATE"><value>I</value></Data><Data name="IMEI"><value></value></Data><Data name="SPEED"><value>35 km/h</value></Data><Data name="HEIGHT"><value>-1m</value></Data><Data name="ALTITUDE"><value>-1m</value></Data><Data name="LOCATION"><value>G</value></Data><Data name="ACCURACY"><value>3m</value></Data><Data name="DISTANCE"><value>-1m</value></Data><Data name="SITE BEARING"><value>1000deg</value></Data><Data name="ANTENNA BEARING"><value>1000deg</value></Data><Data name="CELLHEX"><value>12</value></Data><Data name="NODEHEX"><value>0</value></Data><Data name="LACHEX"><value>1</value></Data><Data name="RAWCELLID"><value>18</value></Data><Data name="TIME"><value>2026.08.19_12.16.28</value></Data><Data name="NEI1"><value></value></Data><Data name="NEI2"><value></value></Data><Data name="NEI3"><value></value></Data><Data name="NEI4"><value></value></Data><Data name="NEI5"><value></value></Data><Data name="NEI6"><value></value></Data></ExtendedData><Style><LabelStyle><scale>0.0</scale> </LabelStyle><IconStyle><color>FFF07800</color><scale>0.5</scale><Icon><href>http://maps.google.com/mapfiles/kml/shapes/shaded_dot.png</href></Icon></IconStyle></Style><Point><coordinates>-75.75455312,39.66846715,0</coordinates></Point></Placemark><Placemark><name>33 km/h</name><ExtendedData><Data name="CGI"><value>3150100000100018</value></Data><Data name="CELLNAME"><value></value></Data><Data name="CELLID"><value>18</value></Data><Data name="RNC"><value>0</value></Data><Data name="TAC"><value>1</value></Data><Data name="TECHNOLOGY"><value>5G SA</value></Data><Data name="MODE"><value>5G</value></Data><Data name="ARFCN"><value>644640</value></Data><Data name="BAND"><value></value></Data><Data name="BANDWIDTH"><value></value></Data><Data name="CA"><value>false</value></Data><Data name="NR state"><value></value></Data><Data name="RSRP"><value>-105 dBm</value></Data><Data name="RSRQ"><value>-11</value></Data><Data name="LAYER"><value>1</value></Data><Data name="PC"><value>2</value></Data><Data name="DL_BITRATE"><value> kbps</value></Data><Data name="UL_BITRATE"><value> kbps</value></Data><Data name="IP"><value></value></Data><Data name="PHONE STATE"><value>I</value></Data><Data name="IMEI"><value></value></Data><Data name="SPEED"><value>33 km/h</value></Data><Data name="HEIGHT"><value>-1m</value></Data><Data name="ALTITUDE"><value>-1m</value></Data><Data name="LOCATION"><value>G</value></Data><Data name="ACCURACY"><value>3m</value></Data><Data name="DISTANCE"><value>-1m</value></Data><Data name="SITE BEARING"><value>1000deg</value></Data><Data name="ANTENNA BEARING"><value>1000deg</value></Data><Data name="CELLHEX"><value>12</value></Data><Data name="NODEHEX"><value>0</value></Data><Data name="LACHEX"><value>1</value></Data><Data name="RAWCELLID"><value>18</value></Data><Data name="TIME"><value>2026.08.19_12.16.28</value></Data><Data name="NEI1"><value></value></Data><Data name="NEI2"><value></value></Data><Data name="NEI3"><value></value></Data><Data name="NEI4"><value></value></Data><Data name="NEI5"><value></value></Data><Data name="NEI6"><value></value></Data></ExtendedData><Style><LabelStyle><scale>0.0</scale> </LabelStyle><IconStyle><color>FFF07800</color><scale>0.5</scale><Icon><href>http://maps.google.com/mapfiles/kml/shapes/shaded_dot.png</href></Icon></IconStyle></Style><Point><coordinates>-75.75454073,39.66838281,0</coordinates></Point></Placemark><Placemark><name>33 km/h</name><ExtendedData><Data name="CGI"><value>3150100000100018</value></Data><Data name="CELLNAME"><value></value></Data><Data name="CELLID"><value>18</value></Data><Data name="RNC"><value>0</value></Data><Data name="TAC"><value>1</value></Data><Data name="TECHNOLOGY"><value>5G SA</value></Data><Data name="MODE"><value>5G</value></Data><Data name="ARFCN"><value>644640</value></Data><Data name="BAND"><value></value></Data><Data name="BANDWIDTH"><value></value></Data><Data name="CA"><value>false</value></Data><Data name="NR state"><value></value></Data><Data name="RSRP"><value>-105 dBm</value></Data><Data name="RSRQ"><value>-11</value></Data><Data name="LAYER"><value>1</value></Data><Data name="PC"><value>2</value></Data><Data name="DL_BITRATE"><value> kbps</value></Data><Data name="UL_BITRATE"><value> kbps</value></Data><Data name="IP"><value></value></Data><Data name="PHONE STATE"><value>I</value></Data><Data name="IMEI"><value></value></Data><Data name="SPEED"><value>33 km/h</value></Data><Data name="HEIGHT"><value>-1m</value></Data><Data name="ALTITUDE"><value>-1m</value></Data><Data name="LOCATION"><value>G</value></Data><Data name="ACCURACY"><value>3m</value></Data><Data name="DISTANCE"><value>-1m</value></Data><Data name="SITE BEARING"><value>1000deg</value></Data><Data name="ANTENNA BEARING"><value>1000deg</value></Data><Data name="CELLHEX"><value>12</value></Data><Data name="NODEHEX"><value>0</value></Data><Data name="LACHEX"><value>1</value></Data><Data name="RAWCELLID"><value>18</value></Data><Data name="TIME"><value>2026.08.19_12.16.29</value></Data><Data name="NEI1"><value></value></Data><Data name="NEI2"><value></value></Data><Data name="NEI3"><value></value></Data><Data name="NEI4"><value></value></Data><Data name="NEI5"><value></value></Data><Data name="NEI6"><value></value></Data></ExtendedData><Style><LabelStyle><scale>0.0</scale> </LabelStyle><IconStyle><color>FFF07800</color><scale>0.5</scale><Icon><href>http://maps.google.com/mapfiles/kml/shapes/shaded_dot.png</href></Icon></IconStyle></Style><Point><coordinates>-75.75454073,39.66838281,0</coordinates></Point></Placemark><Placemark><name>29 km/h</name><ExtendedData><Data name="CGI"><value>3150100000100018</value></Data><Data name="CELLNAME"><value></value></Data><Data name="CELLID"><value>18</value></Data><Data name="RNC"><value>0</value></Data><Data name="TAC"><value>1</value></Data><Data name="TECHNOLOGY"><value>5G SA</value></Data><Data name="MODE"><value>5G</value></Data><Data name="ARFCN"><value>644640</value></Data><Data name="BAND"><value></value></Data><Data name="BANDWIDTH"><value></value></Data><Data name="CA"><value>false</value></Data><Data name="NR state"><value></value></Data><Data name="RSRP"><value>-105 dBm</value></Data><Data name="RSRQ"><value>-11</value></Data><Data name="LAYER"><value>1</value></Data><Data name="PC"><value>2</value></Data><Data name="DL_BITRATE"><value> kbps</value></Data><Data name="UL_BITRATE"><value> kbps</value></Data><Data name="IP"><value></value></Data><Data name="PHONE STATE"><value>I</value></Data><Data name="IMEI"><value></value></Data><Data name="SPEED"><value>29 km/h</value></Data><Data name="HEIGHT"><value>-1m</value></Data><Data name="ALTITUDE"><value>-1m</value></Data><Data name="LOCATION"><value>G</value></Data><Data name="ACCURACY"><value>3m</value></Data><Data name="DISTANCE"><value>-1m</value></Data><Data name="SITE BEARING"><value>1000deg</value></Data><Data name="ANTENNA BEARING"><value>1000deg</value></Data><Data name="CELLHEX"><value>12</value></Data><Data name="NODEHEX"><value>0</value></Data><Data name="LACHEX"><value>1</value></Data><Data name="RAWCELLID"><value>18</value></Data><Data name="TIME"><value>2026.08.19_12.16.29</value></Data><Data name="NEI1"><value></value></Data><Data name="NEI2"><value></value></Data><Data name="NEI3"><value></value></Data><Data name="NEI4"><value></value></Data><Data name="NEI5"><value></value></Data><Data name="NEI6"><value></value></Data></ExtendedData><Style><LabelStyle><scale>0.0</scale> </LabelStyle><IconStyle><color>FFF07800</color><scale>0.5</scale><Icon><href>http://maps.google.com/mapfiles/kml/shapes/shaded_dot.png</href></Icon></IconStyle></Style><Point><coordinates>-75.75453705,39.66830862,0</coordinates></Point></Placemark><Placemark><name>29 km/h</name><ExtendedData><Data name="CGI"><value>3150100000100018</value></Data><Data name="CELLNAME"><value></value></Data><Data name="CELLID"><value>18</value></Data><Data name="RNC"><value>0</value></Data><Data name="TAC"><value>1</value></Data><Data name="TECHNOLOGY"><value>5G SA</value></Data><Data name="MODE"><value>5G</value></Data><Data name="ARFCN"><value>644640</value></Data><Data name="BAND"><value></value></Data><Data name="BANDWIDTH"><value></value></Data><Data name="CA"><value>false</value></Data><Data name="NR state"><value></value></Data><Data name="RSRP"><value>-105 dBm</value></Data><Data name="RSRQ"><value>-11</value></Data><Data name="LAYER"><value>1</value></Data><Data name="PC"><value>2</value></Data><Data name="DL_BITRATE"><value> kbps</value></Data><Data name="UL_BITRATE"><value> kbps</value></Data><Data name="IP"><value></value></Data><Data name="PHONE STATE"><value>I</value></Data><Data name="IMEI"><value></value></Data><Data name="SPEED"><value>29 km/h</value></Data><Data name="HEIGHT"><value>-1m</value></Data><Data name="ALTITUDE"><value>-1m</value></Data><Data name="LOCATION"><value>G</value></Data><Data name="ACCURACY"><value>3m</value></Data><Data name="DISTANCE"><value>-1m</value></Data><Data name="SITE BEARING"><value>1000deg</value></Data><Data name="ANTENNA BEARING"><value>1000deg</value></Data><Data name="CELLHEX"><value>12</value></Data><Data name="NODEHEX"><value>0</value></Data><Data name="LACHEX"><value>1</value></Data><Data name="RAWCELLID"><value>18</value></Data><Data name="TIME"><value>2026.08.19_12.16.30</value></Data><Data name="NEI1"><value></value></Data><Data name="NEI2"><value></value></Data><Data name="NEI3"><value></value></Data><Data name="NEI4"><value></value></Data><Data name="NEI5"><value></value></Data><Data name="NEI6"><value></value></Data></ExtendedData><Style><LabelStyle><scale>0.0</scale> </LabelStyle><IconStyle><color>FFF07800</color><scale>0.5</scale><Icon><href>http://maps.google.com/mapfiles/kml/shapes/shaded_dot.png</href></Icon></IconStyle></Style><Point><coordinates>-75.75453705,39.66830862,0</coordinates></Point></Placemark><Placemark><name>22 km/h</name><ExtendedData><Data name="CGI"><value>3150100000100018</value></Data><Data name="CELLNAME"><value></value></Data><Data name="CELLID"><value>18</value></Data><Data name="RNC"><value>0</value></Data><Data name="TAC"><value>1</value></Data><Data name="TECHNOLOGY"><value>5G SA</value></Data><Data name="MODE"><value>5G</value></Data><Data name="ARFCN"><value>644640</value></Data><Data name="BAND"><value></value></Data><Data name="BANDWIDTH"><value></value></Data><Data name="CA"><value>false</value></Data><Data name="NR state"><value></value></Data><Data name="RSRP"><value>-105 dBm</value></Data><Data name="RSRQ"><value>-11</value></Data><Data name="LAYER"><value>1</value></Data><Data name="PC"><value>2</value></Data><Data name="DL_BITRATE"><value> kbps</value></Data><Data name="UL_BITRATE"><value> kbps</value></Data><Data name="IP"><value></value></Data><Data name="PHONE STATE"><value>I</value></Data><Data name="IMEI"><value></value></Data><Data name="SPEED"><value>22 km/h</value></Data><Data name="HEIGHT"><value>-2m</value></Data><Data name="ALTITUDE"><value>-2m</value></Data><Data name="LOCATION"><value>G</value></Data><Data name="ACCURACY"><value>3m</value></Data><Data name="DISTANCE"><value>-1m</value></Data><Data name="SITE BEARING"><value>1000deg</value></Data><Data name="ANTENNA BEARING"><value>1000deg</value></Data><Data name="CELLHEX"><value>12</value></Data><Data name="NODEHEX"><value>0</value></Data><Data name="LACHEX"><value>1</value></Data><Data name="RAWCELLID"><value>18</value></Data><Data name="TIME"><value>2026.08.19_12.16.30</value></Data><Data name="NEI1"><value></value></Data><Data name="NEI2"><value></value></Data><Data name="NEI3"><value></value></Data><Data name="NEI4"><value></value></Data><Data name="NEI5"><value></value></Data><Data name="NEI6"><value></value></Data></ExtendedData><Style><LabelStyle><scale>0.0</scale> </LabelStyle><IconStyle><color>FFF07800</color><scale>0.5</scale><Icon><href>http://maps.google.com/mapfiles/kml/shapes/shaded_dot.png</href></Icon></IconStyle></Style><Point><coordinates>-75.75453775,39.66825305,0</coordinates></Point></Placemark><Placemark><name>22 km/h</name><ExtendedData><Data name="CGI"><value>3150100000100018</value></Data><Data name="CELLNAME"><value></value></Data><Data name="CELLID"><value>18</value></Data><Data name="RNC"><value>0</value></Data><Data name="TAC"><value>1</value></Data><Data name="TECHNOLOGY"><value>5G SA</value></Data><Data name="MODE"><value>5G</value></Data><Data name="ARFCN"><value>644640</value></Data><Data name="BAND"><value></value></Data><Data name="BANDWIDTH"><value></value></Data><Data name="CA"><value>false</value></Data><Data name="NR state"><value></value></Data><Data name="RSRP"><value>-105 dBm</value></Data><Data name="RSRQ"><value>-11</value></Data><Data name="LAYER"><value>1</value></Data><Data name="PC"><value>2</value></Data><Data name="DL_BITRATE"><value> kbps</value></Data><Data name="UL_BITRATE"><value> kbps</value></Data><Data name="IP"><value></value></Data><Data name="PHONE STATE"><value>I</value></Data><Data name="IMEI"><value></value></Data><Data name="SPEED"><value>22 km/h</value></Data><Data name="HEIGHT"><value>-2m</value></Data><Data name="ALTITUDE"><value>-2m</value></Data><Data name="LOCATION"><value>G</value></Data><Data name="ACCURACY"><value>3m</value></Data><Data name="DISTANCE"><value>-1m</value></Data><Data name="SITE BEARING"><value>1000deg</value></Data><Data name="ANTENNA BEARING"><value>1000deg</value></Data><Data name="CELLHEX"><value>12</value></Data><Data name="NODEHEX"><value>0</value></Data><Data name="LACHEX"><value>1</value></Data><Data name="RAWCELLID"><value>18</value></Data><Data name="TIME"><value>2026.08.19_12.16.31</value></Data><Data name="NEI1"><value></value></Data><Data name="NEI2"><value></value></Data><Data name="NEI3"><value></value></Data><Data name="NEI4"><value></value></Data><Data name="NEI5"><value></value></Data><Data name="NEI6"><value></value></Data></ExtendedData><Style><LabelStyle><scale>0.0</scale> </LabelStyle><IconStyle><color>FFF07800</color><scale>0.5</scale><Icon><href>http://maps.google.com/mapfiles/kml/shapes/shaded_dot.png</href></Icon></IconStyle></Style><Point><coordinates>-75.75453775,39.66825305,0</coordinates></Point></Placemark><Placemark><name>17 km/h</name><ExtendedData><Data name="CGI"><value>3150100000100018</value></Data><Data name="CELLNAME"><value></value></Data><Data name="CELLID"><value>18</value></Data><Data name="RNC"><value>0</value></Data><Data name="TAC"><value>1</value></Data><Data name="TECHNOLOGY"><value>5G SA</value></Data><Data name="MODE"><value>5G</value></Data><Data name="ARFCN"><value>644640</value></Data><Data name="BAND"><value></value></Data><Data name="BANDWIDTH"><value></value></Data><Data name="CA"><value>false</value></Data><Data name="NR state"><value></value></Data><Data name="RSRP"><value>-105 dBm</value></Data><Data name="RSRQ"><value>-11</value></Data><Data name="LAYER"><value>1</value></Data><Data name="PC"><value>2</value></Data><Data name="DL_BITRATE"><value> kbps</value></Data><Data name="UL_BITRATE"><value> kbps</value></Data><Data name="IP"><value></value></Data><Data name="PHONE STATE"><value>I</value></Data><Data name="IMEI"><value></value></Data><Data name="SPEED"><value>17 km/h</value></Data><Data name="HEIGHT"><value>-2m</value></Data><Data name="ALTITUDE"><value>-2m</value></Data><Data name="LOCATION"><value>G</value></Data><Data name="ACCURACY"><value>3m</value></Data><Data name="DISTANCE"><value>-1m</value></Data><Data name="SITE BEARING"><value>1000deg</value></Data><Data name="ANTENNA BEARING"><value>1000deg</value></Data><Data name="CELLHEX"><value>12</value></Data><Data name="NODEHEX"><value>0</value></Data><Data name="LACHEX"><value>1</value></Data><Data name="RAWCELLID"><value>18</value></Data><Data name="TIME"><value>2026.08.19_12.16.31</value></Data><Data name="NEI1"><value></value></Data><Data name="NEI2"><value></value></Data><Data name="NEI3"><value></value></Data><Data name="NEI4"><value></value></Data><Data name="NEI5"><value></value></Data><Data name="NEI6"><value></value></Data></ExtendedData><Style><LabelStyle><scale>0.0</scale> </LabelStyle><IconStyle><color>FF780A14</color><scale>0.5</scale><Icon><href>http://maps.google.com/mapfiles/kml/shapes/shaded_dot.png</href></Icon></IconStyle></Style><Point><coordinates>-75.75455885,39.66821341,0</coordinates></Point></Placemark><Placemark><name>17 km/h</name><ExtendedData><Data name="CGI"><value>3150100000100018</value></Data><Data name="CELLNAME"><value></value></Data><Data name="CELLID"><value>18</value></Data><Data name="RNC"><value>0</value></Data><Data name="TAC"><value>1</value></Data><Data name="TECHNOLOGY"><value>5G SA</value></Data><Data name="MODE"><value>5G</value></Data><Data name="ARFCN"><value>644640</value></Data><Data name="BAND"><value></value></Data><Data name="BANDWIDTH"><value></value></Data><Data name="CA"><value>false</value></Data><Data name="NR state"><value></value></Data><Data name="RSRP"><value>-105 dBm</value></Data><Data name="RSRQ"><value>-11</value></Data><Data name="LAYER"><value>1</value></Data><Data name="PC"><value>2</value></Data><Data name="DL_BITRATE"><value> kbps</value></Data><Data name="UL_BITRATE"><value> kbps</value></Data><Data name="IP"><value></value></Data><Data name="PHONE STATE"><value>I</value></Data><Data name="IMEI"><value></value></Data><Data name="SPEED"><value>17 km/h</value></Data><Data name="HEIGHT"><value>-2m</value></Data><Data name="ALTITUDE"><value>-2m</value></Data><Data name="LOCATION"><value>G</value></Data><Data name="ACCURACY"><value>3m</value></Data><Data name="DISTANCE"><value>-1m</value></Data><Data name="SITE BEARING"><value>1000deg</value></Data><Data name="ANTENNA BEARING"><value>1000deg</value></Data><Data name="CELLHEX"><value>12</value></Data><Data name="NODEHEX"><value>0</value></Data><Data name="LACHEX"><value>1</value></Data><Data name="RAWCELLID"><value>18</value></Data><Data name="TIME"><value>2026.08.19_12.16.32</value></Data><Data name="NEI1"><value></value></Data><Data name="NEI2"><value></value></Data><Data name="NEI3"><value></value></Data><Data name="NEI4"><value></value></Data><Data name="NEI5"><value></value></Data><Data name="NEI6"><value></value></Data></ExtendedData><Style><LabelStyle><scale>0.0</scale> </LabelStyle><IconStyle><color>FF780A14</color><scale>0.5</scale><Icon><href>http://maps.google.com/mapfiles/kml/shapes/shaded_dot.png</href></Icon></IconStyle></Style><Point><coordinates>-75.75455885,39.66821341,0</coordinates></Point></Placemark><Placemark><name>16 km/h</name><ExtendedData><Data name="CGI"><value>3150100000100018</value></Data><Data name="CELLNAME"><value></value></Data><Data name="CELLID"><value>18</value></Data><Data name="RNC"><value>0</value></Data><Data name="TAC"><value>1</value></Data><Data name="TECHNOLOGY"><value>5G SA</value></Data><Data name="MODE"><value>5G</value></Data><Data name="ARFCN"><value>644640</value></Data><Data name="BAND"><value></value></Data><Data name="BANDWIDTH"><value></value></Data><Data name="CA"><value>false</value></Data><Data name="NR state"><value></value></Data><Data name="RSRP"><value>-105 dBm</value></Data><Data name="RSRQ"><value>-11</value></Data><Data name="LAYER"><value>1</value></Data><Data name="PC"><value>2</value></Data><Data name="DL_BITRATE"><value> kbps</value></Data><Data name="UL_BITRATE"><value> kbps</value></Data><Data name="IP"><value></value></Data><Data name="PHONE STATE"><value>I</value></Data><Data name="IMEI"><value></value></Data><Data name="SPEED"><value>16 km/h</value></Data><Data name="HEIGHT"><value>-2m</value></Data><Data name="ALTITUDE"><value>-2m</value></Data><Data name="LOCATION"><value>G</value></Data><Data name="ACCURACY"><value>3m</value></Data><Data name="DISTANCE"><value>-1m</value></Data><Data name="SITE BEARING"><value>1000deg</value></Data><Data name="ANTENNA BEARING"><value>1000deg</value></Data><Data name="CELLHEX"><value>12</value></Data><Data name="NODEHEX"><value>0</value></Data><Data name="LACHEX"><value>1</value></Data><Data name="RAWCELLID"><value>18</value></Data><Data name="TIME"><value>2026.08.19_12.16.32</value></Data><Data name="NEI1"><value></value></Data><Data name="NEI2"><value></value></Data><Data name="NEI3"><value></value></Data><Data name="NEI4"><value></value></Data><Data name="NEI5"><value></value></Data><Data name="NEI6"><value></value></Data></ExtendedData><Style><LabelStyle><scale>0.0</scale> </LabelStyle><IconStyle><color>FF780A14</color><scale>0.5</scale><Icon><href>http://maps.google.com/mapfiles/kml/shapes/shaded_dot.png</href></Icon></IconStyle></Style><Point><coordinates>-75.75460358,39.66818767,0</coordinates></Point></Placemark><Placemark><name>16 km/h</name><ExtendedData><Data name="CGI"><value>3150100000100018</value></Data><Data name="CELLNAME"><value></value></Data><Data name="CELLID"><value>18</value></Data><Data name="RNC"><value>0</value></Data><Data name="TAC"><value>1</value></Data><Data name="TECHNOLOGY"><value>5G SA</value></Data><Data name="MODE"><value>5G</value></Data><Data name="ARFCN"><value>644640</value></Data><Data name="BAND"><value></value></Data><Data name="BANDWIDTH"><value></value></Data><Data name="CA"><value>false</value></Data><Data name="NR state"><value></value></Data><Data name="RSRP"><value>-105 dBm</value></Data><Data name="RSRQ"><value>-11</value></Data><Data name="LAYER"><value>1</value></Data><Data name="PC"><value>2</value></Data><Data name="DL_BITRATE"><value> kbps</value></Data><Data name="UL_BITRATE"><value> kbps</value></Data><Data name="IP"><value></value></Data><Data name="PHONE STATE"><value>I</value></Data><Data name="IMEI"><value></value></Data><Data name="SPEED"><value>16 km/h</value></Data><Data name="HEIGHT"><value>-2m</value></Data><Data name="ALTITUDE"><value>-2m</value></Data><Data name="LOCATION"><value>G</value></Data><Data name="ACCURACY"><value>3m</value></Data><Data name="DISTANCE"><value>-1m</value></Data><Data name="SITE BEARING"><value>1000deg</value></Data><Data name="ANTENNA BEARING"><value>1000deg</value></Data><Data name="CELLHEX"><value>12</value></Data><Data name="NODEHEX"><value>0</value></Data><Data name="LACHEX"><value>1</value></Data><Data name="RAWCELLID"><value>18</value></Data><Data name="TIME"><value>2026.08.19_12.16.33</value></Data><Data name="NEI1"><value></value></Data><Data name="NEI2"><value></value></Data><Data name="NEI3"><value></value></Data><Data name="NEI4"><value></value></Data><Data name="NEI5"><value></value></Data><Data name="NEI6"><value></value></Data></ExtendedData><Style><LabelStyle><scale>0.0</scale> </LabelStyle><IconStyle><color>FF780A14</color><scale>0.5</scale><Icon><href>http://maps.google.com/mapfiles/kml/shapes/shaded_dot.png</href></Icon></IconStyle></Style><Point><coordinates>-75.75460358,39.66818767,0</coordinates></Point></Placemark><Placemark><name>18 km/h</name><ExtendedData><Data name="CGI"><value>3150100000100018</value></Data><Data name="CELLNAME"><value></value></Data><Data name="CELLID"><value>18</value></Data><Data name="RNC"><value>0</value></Data><Data name="TAC"><value>1</value></Data><Data name="TECHNOLOGY"><value>5G SA</value></Data><Data name="MODE"><value>5G</value></Data><Data name="ARFCN"><value>644640</value></Data><Data name="BAND"><value></value></Data><Data name="BANDWIDTH"><value></value></Data><Data name="CA"><value>false</value></Data><Data name="NR state"><value></value></Data><Data name="RSRP"><value>-105 dBm</value></Data><Data name="RSRQ"><value>-11</value></Data><Data name="LAYER"><value>1</value></Data><Data name="PC"><value>2</value></Data><Data name="DL_BITRATE"><value> kbps</value></Data><Data name="UL_BITRATE"><value> kbps</value></Data><Data name="IP"><value></value></Data><Data name="PHONE STATE"><value>I</value></Data><Data name="IMEI"><value></value></Data><Data name="SPEED"><value>18 km/h</value></Data><Data name="HEIGHT"><value>-1m</value></Data><Data name="ALTITUDE"><value>-1m</value></Data><Data name="LOCATION"><value>G</value></Data><Data name="ACCURACY"><value>3m</value></Data><Data name="DISTANCE"><value>-1m</value></Data><Data name="SITE BEARING"><value>1000deg</value></Data><Data name="ANTENNA BEARING"><value>1000deg</value></Data><Data name="CELLHEX"><value>12</value></Data><Data name="NODEHEX"><value>0</value></Data><Data name="LACHEX"><value>1</value></Data><Data name="RAWCELLID"><value>18</value></Data><Data name="TIME"><value>2026.08.19_12.16.33</value></Data><Data name="NEI1"><value></value></Data><Data name="NEI2"><value></value></Data><Data name="NEI3"><value></value></Data><Data name="NEI4"><value></value></Data><Data name="NEI5"><value></value></Data><Data name="NEI6"><value></value></Data></ExtendedData><Style><LabelStyle><scale>0.0</scale> </LabelStyle><IconStyle><color>FF780A14</color><scale>0.5</scale><Icon><href>http://maps.google.com/mapfiles/kml/shapes/shaded_dot.png</href></Icon></IconStyle></Style><Point><coordinates>-75.75466463,39.66817535,0</coordinates></Point></Placemark><Placemark><name>18 km/h</name><ExtendedData><Data name="CGI"><value>3150100000100018</value></Data><Data name="CELLNAME"><value></value></Data><Data name="CELLID"><value>18</value></Data><Data name="RNC"><value>0</value></Data><Data name="TAC"><value>1</value></Data><Data name="TECHNOLOGY"><value>5G SA</value></Data><Data name="MODE"><value>5G</value></Data><Data name="ARFCN"><value>644640</value></Data><Data name="BAND"><value></value></Data><Data name="BANDWIDTH"><value></value></Data><Data name="CA"><value>false</value></Data><Data name="NR state"><value></value></Data><Data name="RSRP"><value>-105 dBm</value></Data><Data name="RSRQ"><value>-11</value></Data><Data name="LAYER"><value>1</value></Data><Data name="PC"><value>2</value></Data><Data name="DL_BITRATE"><value> kbps</value></Data><Data name="UL_BITRATE"><value> kbps</value></Data><Data name="IP"><value></value></Data><Data name="PHONE STATE"><value>I</value></Data><Data name="IMEI"><value></value></Data><Data name="SPEED"><value>18 km/h</value></Data><Data name="HEIGHT"><value>-1m</value></Data><Data name="ALTITUDE"><value>-1m</value></Data><Data name="LOCATION"><value>G</value></Data><Data name="ACCURACY"><value>3m</value></Data><Data name="DISTANCE"><value>-1m</value></Data><Data name="SITE BEARING"><value>1000deg</value></Data><Data name="ANTENNA BEARING"><value>1000deg</value></Data><Data name="CELLHEX"><value>12</value></Data><Data name="NODEHEX"><value>0</value></Data><Data name="LACHEX"><value>1</value></Data><Data name="RAWCELLID"><value>18</value></Data><Data name="TIME"><value>2026.08.19_12.16.34</value></Data><Data name="NEI1"><value></value></Data><Data name="NEI2"><value></value></Data><Data name="NEI3"><value></value></Data><Data name="NEI4"><value></value></Data><Data name="NEI5"><value></value></Data><Data name="NEI6"><value></value></Data></ExtendedData><Style><LabelStyle><scale>0.0</scale> </LabelStyle><IconStyle><color>FF780A14</color><scale>0.5</scale><Icon><href>http://maps.google.com/mapfiles/kml/shapes/shaded_dot.png</href></Icon></IconStyle></Style><Point><coordinates>-75.75466463,39.66817535,0</coordinates></Point></Placemark><Placemark><name>22 km/h</name><ExtendedData><Data name="CGI"><value>3150100000100018</value></Data><Data name="CELLNAME"><value></value></Data><Data name="CELLID"><value>18</value></Data><Data name="RNC"><value>0</value></Data><Data name="TAC"><value>1</value></Data><Data name="TECHNOLOGY"><value>5G SA</value></Data><Data name="MODE"><value>5G</value></Data><Data name="ARFCN"><value>644640</value></Data><Data name="BAND"><value></value></Data><Data name="BANDWIDTH"><value></value></Data><Data name="CA"><value>false</value></Data><Data name="NR state"><value></value></Data><Data name="RSRP"><value>-105 dBm</value></Data><Data name="RSRQ"><value>-11</value></Data><Data name="LAYER"><value>1</value></Data><Data name="PC"><value>2</value></Data><Data name="DL_BITRATE"><value> kbps</value></Data><Data name="UL_BITRATE"><value> kbps</value></Data><Data name="IP"><value></value></Data><Data name="PHONE STATE"><value>I</value></Data><Data name="IMEI"><value></value></Data><Data name="SPEED"><value>22 km/h</value></Data><Data name="HEIGHT"><value>-1m</value></Data><Data name="ALTITUDE"><value>-1m</value></Data><Data name="LOCATION"><value>G</value></Data><Data name="ACCURACY"><value>3m</value></Data><Data name="DISTANCE"><value>-1m</value></Data><Data name="SITE BEARING"><value>1000deg</value></Data><Data name="ANTENNA BEARING"><value>1000deg</value></Data><Data name="CELLHEX"><value>12</value></Data><Data name="NODEHEX"><value>0</value></Data><Data name="LACHEX"><value>1</value></Data><Data name="RAWCELLID"><value>18</value></Data><Data name="TIME"><value>2026.08.19_12.16.34</value></Data><Data name="NEI1"><value></value></Data><Data name="NEI2"><value></value></Data><Data name="NEI3"><value></value></Data><Data name="NEI4"><value></value></Data><Data name="NEI5"><value></value></Data><Data name="NEI6"><value></value></Data></ExtendedData><Style><LabelStyle><scale>0.0</scale> </LabelStyle><IconStyle><color>FFF07800</color><scale>0.5</scale><Icon><href>http://maps.google.com/mapfiles/kml/shapes/shaded_dot.png</href></Icon></IconStyle></Style><Point><coordinates>-75.75473852,39.66817028,0</coordinates></Point></Placemark><Placemark><name>22 km/h</name><ExtendedData><Data name="CGI"><value>3150100000100018</value></Data><Data name="CELLNAME"><value></value></Data><Data name="CELLID"><value>18</value></Data><Data name="RNC"><value>0</value></Data><Data name="TAC"><value>1</value></Data><Data name="TECHNOLOGY"><value>5G SA</value></Data><Data name="MODE"><value>5G</value></Data><Data name="ARFCN"><value>644640</value></Data><Data name="BAND"><value></value></Data><Data name="BANDWIDTH"><value></value></Data><Data name="CA"><value>false</value></Data><Data name="NR state"><value></value></Data><Data name="RSRP"><value>-105 dBm</value></Data><Data name="RSRQ"><value>-11</value></Data><Data name="LAYER"><value>1</value></Data><Data name="PC"><value>2</value></Data><Data name="DL_BITRATE"><value> kbps</value></Data><Data name="UL_BITRATE"><value> kbps</value></Data><Data name="IP"><value></value></Data><Data name="PHONE STATE"><value>I</value></Data><Data name="IMEI"><value></value></Data><Data name="SPEED"><value>22 km/h</value></Data><Data name="HEIGHT"><value>-1m</value></Data><Data name="ALTITUDE"><value>-1m</value></Data><Data name="LOCATION"><value>G</value></Data><Data name="ACCURACY"><value>3m</value></Data><Data name="DISTANCE"><value>-1m</value></Data><Data name="SITE BEARING"><value>1000deg</value></Data><Data name="ANTENNA BEARING"><value>1000deg</value></Data><Data name="CELLHEX"><value>12</value></Data><Data name="NODEHEX"><value>0</value></Data><Data name="LACHEX"><value>1</value></Data><Data name="RAWCELLID"><value>18</value></Data><Data name="TIME"><value>2026.08.19_12.16.35</value></Data><Data name="NEI1"><value></value></Data><Data name="NEI2"><value></value></Data><Data name="NEI3"><value></value></Data><Data name="NEI4"><value></value></Data><Data name="NEI5"><value></value></Data><Data name="NEI6"><value></value></Data></ExtendedData><Style><LabelStyle><scale>0.0</scale> </LabelStyle><IconStyle><color>FFF07800</color><scale>0.5</scale><Icon><href>http://maps.google.com/mapfiles/kml/shapes/shaded_dot.png</href></Icon></IconStyle></Style><Point><coordinates>-75.75473852,39.66817028,0</coordinates></Point></Placemark><Placemark><name>26 km/h</name><ExtendedData><Data name="CGI"><value>3150100000100018</value></Data><Data name="CELLNAME"><value></value></Data><Data name="CELLID"><value>18</value></Data><Data name="RNC"><value>0</value></Data><Data name="TAC"><value>1</value></Data><Data name="TECHNOLOGY"><value>5G SA</value></Data><Data name="MODE"><value>5G</value></Data><Data name="ARFCN"><value>644640</value></Data><Data name="BAND"><value></value></Data><Data name="BANDWIDTH"><value></value></Data><Data name="CA"><value>false</value></Data><Data name="NR state"><value></value></Data><Data name="RSRP"><value>-105 dBm</value></Data><Data name="RSRQ"><value>-11</value></Data><Data name="LAYER"><value>1</value></Data><Data name="PC"><value>2</value></Data><Data name="DL_BITRATE"><value> kbps</value></Data><Data name="UL_BITRATE"><value> kbps</value></Data><Data name="IP"><value></value></Data><Data name="PHONE STATE"><value>I</value></Data><Data name="IMEI"><value></value></Data><Data name="SPEED"><value>26 km/h</value></Data><Data name="HEIGHT"><value>-1m</value></Data><Data name="ALTITUDE"><value>-1m</value></Data><Data name="LOCATION"><value>G</value></Data><Data name="ACCURACY"><value>3m</value></Data><Data name="DISTANCE"><value>-1m</value></Data><Data name="SITE BEARING"><value>1000deg</value></Data><Data name="ANTENNA BEARING"><value>1000deg</value></Data><Data name="CELLHEX"><value>12</value></Data><Data name="NODEHEX"><value>0</value></Data><Data name="LACHEX"><value>1</value></Data><Data name="RAWCELLID"><value>18</value></Data><Data name="TIME"><value>2026.08.19_12.16.35</value></Data><Data name="NEI1"><value></value></Data><Data name="NEI2"><value></value></Data><Data name="NEI3"><value></value></Data><Data name="NEI4"><value></value></Data><Data name="NEI5"><value></value></Data><Data name="NEI6"><value></value></Data></ExtendedData><Style><LabelStyle><scale>0.0</scale> </LabelStyle><IconStyle><color>FFF07800</color><scale>0.5</scale><Icon><href>http://maps.google.com/mapfiles/kml/shapes/shaded_dot.png</href></Icon></IconStyle></Style><Point><coordinates>-75.7548257,39.66816386,0</coordinates></Point></Placemark><Placemark><name>26 km/h</name><ExtendedData><Data name="CGI"><value>3150100000100018</value></Data><Data name="CELLNAME"><value></value></Data><Data name="CELLID"><value>18</value></Data><Data name="RNC"><value>0</value></Data><Data name="TAC"><value>1</value></Data><Data name="TECHNOLOGY"><value>5G SA</value></Data><Data name="MODE"><value>5G</value></Data><Data name="ARFCN"><value>644640</value></Data><Data name="BAND"><value></value></Data><Data name="BANDWIDTH"><value></value></Data><Data name="CA"><value>false</value></Data><Data name="NR state"><value></value></Data><Data name="RSRP"><value>-105 dBm</value></Data><Data name="RSRQ"><value>-11</value></Data><Data name="LAYER"><value>1</value></Data><Data name="PC"><value>2</value></Data><Data name="DL_BITRATE"><value> kbps</value></Data><Data name="UL_BITRATE"><value> kbps</value></Data><Data name="IP"><value></value></Data><Data name="PHONE STATE"><value>I</value></Data><Data name="IMEI"><value></value></Data><Data name="SPEED"><value>26 km/h</value></Data><Data name="HEIGHT"><value>-1m</value></Data><Data name="ALTITUDE"><value>-1m</value></Data><Data name="LOCATION"><value>G</value></Data><Data name="ACCURACY"><value>3m</value></Data><Data name="DISTANCE"><value>-1m</value></Data><Data name="SITE BEARING"><value>1000deg</value></Data><Data name="ANTENNA BEARING"><value>1000deg</value></Data><Data name="CELLHEX"><value>12</value></Data><Data name="NODEHEX"><value>0</value></Data><Data name="LACHEX"><value>1</value></Data><Data name="RAWCELLID"><value>18</value></Data><Data name="TIME"><value>2026.08.19_12.16.36</value></Data><Data name="NEI1"><value></value></Data><Data name="NEI2"><value></value></Data><Data name="NEI3"><value></value></Data><Data name="NEI4"><value></value></Data><Data name="NEI5"><value></value></Data><Data name="NEI6"><value></value></Data></ExtendedData><Style><LabelStyle><scale>0.0</scale> </LabelStyle><IconStyle><color>FFF07800</color><scale>0.5</scale><Icon><href>http://maps.google.com/mapfiles/kml/shapes/shaded_dot.png</href></Icon></IconStyle></Style><Point><coordinates>-75.7548257,39.66816386,0</coordinates></Point></Placemark><Placemark><name>30 km/h</name><ExtendedData><Data name="CGI"><value>3150100000100018</value></Data><Data name="CELLNAME"><value></value></Data><Data name="CELLID"><value>18</value></Data><Data name="RNC"><value>0</value></Data><Data name="TAC"><value>1</value></Data><Data name="TECHNOLOGY"><value>5G SA</value></Data><Data name="MODE"><value>5G</value></Data><Data name="ARFCN"><value>644640</value></Data><Data name="BAND"><value></value></Data><Data name="BANDWIDTH"><value></value></Data><Data name="CA"><value>false</value></Data><Data name="NR state"><value></value></Data><Data name="RSRP"><value>-105 dBm</value></Data><Data name="RSRQ"><value>-11</value></Data><Data name="LAYER"><value>1</value></Data><Data name="PC"><value>2</value></Data><Data name="DL_BITRATE"><value> kbps</value></Data><Data name="UL_BITRATE"><value> kbps</value></Data><Data name="IP"><value></value></Data><Data name="PHONE STATE"><value>I</value></Data><Data name="IMEI"><value></value></Data><Data name="SPEED"><value>30 km/h</value></Data><Data name="HEIGHT"><value>-1m</value></Data><Data name="ALTITUDE"><value>-1m</value></Data><Data name="LOCATION"><value>G</value></Data><Data name="ACCURACY"><value>3m</value></Data><Data name="DISTANCE"><value>-1m</value></Data><Data name="SITE BEARING"><value>1000deg</value></Data><Data name="ANTENNA BEARING"><value>1000deg</value></Data><Data name="CELLHEX"><value>12</value></Data><Data name="NODEHEX"><value>0</value></Data><Data name="LACHEX"><value>1</value></Data><Data name="RAWCELLID"><value>18</value></Data><Data name="TIME"><value>2026.08.19_12.16.36</value></Data><Data name="NEI1"><value></value></Data><Data name="NEI2"><value></value></Data><Data name="NEI3"><value></value></Data><Data name="NEI4"><value></value></Data><Data name="NEI5"><value></value></Data><Data name="NEI6"><value></value></Data></ExtendedData><Style><LabelStyle><scale>0.0</scale> </LabelStyle><IconStyle><color>FFF07800</color><scale>0.5</scale><Icon><href>http://maps.google.com/mapfiles/kml/shapes/shaded_dot.png</href></Icon></IconStyle></Style><Point><coordinates>-75.75492451,39.66815732,0</coordinates></Point></Placemark><Placemark><name>30 km/h</name><ExtendedData><Data name="CGI"><value>3150100000100018</value></Data><Data name="CELLNAME"><value></value></Data><Data name="CELLID"><value>18</value></Data><Data name="RNC"><value>0</value></Data><Data name="TAC"><value>1</value></Data><Data name="TECHNOLOGY"><value>5G SA</value></Data><Data name="MODE"><value>5G</value></Data><Data name="ARFCN"><value>644640</value></Data><Data name="BAND"><value></value></Data><Data name="BANDWIDTH"><value></value></Data><Data name="CA"><value>false</value></Data><Data name="NR state"><value></value></Data><Data name="RSRP"><value>-105 dBm</value></Data><Data name="RSRQ"><value>-11</value></Data><Data name="LAYER"><value>1</value></Data><Data name="PC"><value>2</value></Data><Data name="DL_BITRATE"><value> kbps</value></Data><Data name="UL_BITRATE"><value> kbps</value></Data><Data name="IP"><value></value></Data><Data name="PHONE STATE"><value>I</value></Data><Data name="IMEI"><value></value></Data><Data name="SPEED"><value>30 km/h</value></Data><Data name="HEIGHT"><value>-1m</value></Data><Data name="ALTITUDE"><value>-1m</value></Data><Data name="LOCATION"><value>G</value></Data><Data name="ACCURACY"><value>3m</value></Data><Data name="DISTANCE"><value>-1m</value></Data><Data name="SITE BEARING"><value>1000deg</value></Data><Data name="ANTENNA BEARING"><value>1000deg</value></Data><Data name="CELLHEX"><value>12</value></Data><Data name="NODEHEX"><value>0</value></Data><Data name="LACHEX"><value>1</value></Data><Data name="RAWCELLID"><value>18</value></Data><Data name="TIME"><value>2026.08.19_12.16.37</value></Data><Data name="NEI1"><value></value></Data><Data name="NEI2"><value></value></Data><Data name="NEI3"><value></value></Data><Data name="NEI4"><value></value></Data><Data name="NEI5"><value></value></Data><Data name="NEI6"><value></value></Data></ExtendedData><Style><LabelStyle><scale>0.0</scale> </LabelStyle><IconStyle><color>FFF07800</color><scale>0.5</scale><Icon><href>http://maps.google.com/mapfiles/kml/shapes/shaded_dot.png</href></Icon></IconStyle></Style><Point><coordinates>-75.75492451,39.66815732,0</coordinates></Point></Placemark><Placemark><name>33 km/h</name><ExtendedData><Data name="CGI"><value>3150100000100018</value></Data><Data name="CELLNAME"><value></value></Data><Data name="CELLID"><value>18</value></Data><Data name="RNC"><value>0</value></Data><Data name="TAC"><value>1</value></Data><Data name="TECHNOLOGY"><value>5G SA</value></Data><Data name="MODE"><value>5G</value></Data><Data name="ARFCN"><value>644640</value></Data><Data name="BAND"><value></value></Data><Data name="BANDWIDTH"><value></value></Data><Data name="CA"><value>false</value></Data><Data name="NR state"><value></value></Data><Data name="RSRP"><value>-105 dBm</value></Data><Data name="RSRQ"><value>-11</value></Data><Data name="LAYER"><value>1</value></Data><Data name="PC"><value>2</value></Data><Data name="DL_BITRATE"><value> kbps</value></Data><Data name="UL_BITRATE"><value> kbps</value></Data><Data name="IP"><value></value></Data><Data name="PHONE STATE"><value>I</value></Data><Data name="IMEI"><value></value></Data><Data name="SPEED"><value>33 km/h</value></Data><Data name="HEIGHT"><value>-1m</value></Data><Data name="ALTITUDE"><value>-1m</value></Data><Data name="LOCATION"><value>G</value></Data><Data name="ACCURACY"><value>3m</value></Data><Data name="DISTANCE"><value>-1m</value></Data><Data name="SITE BEARING"><value>1000deg</value></Data><Data name="ANTENNA BEARING"><value>1000deg</value></Data><Data name="CELLHEX"><value>12</value></Data><Data name="NODEHEX"><value>0</value></Data><Data name="LACHEX"><value>1</value></Data><Data name="RAWCELLID"><value>18</value></Data><Data name="TIME"><value>2026.08.19_12.16.37</value></Data><Data name="NEI1"><value></value></Data><Data name="NEI2"><value></value></Data><Data name="NEI3"><value></value></Data><Data name="NEI4"><value></value></Data><Data name="NEI5"><value></value></Data><Data name="NEI6"><value></value></Data></ExtendedData><Style><LabelStyle><scale>0.0</scale> </LabelStyle><IconStyle><color>FFF07800</color><scale>0.5</scale><Icon><href>http://maps.google.com/mapfiles/kml/shapes/shaded_dot.png</href></Icon></IconStyle></Style><Point><coordinates>-75.75503702,39.66814958,0</coordinates></Point></Placemark><Placemark><name>33 km/h</name><ExtendedData><Data name="CGI"><value>3150100000100018</value></Data><Data name="CELLNAME"><value></value></Data><Data name="CELLID"><value>18</value></Data><Data name="RNC"><value>0</value></Data><Data name="TAC"><value>1</value></Data><Data name="TECHNOLOGY"><value>5G SA</value></Data><Data name="MODE"><value>5G</value></Data><Data name="ARFCN"><value>644640</value></Data><Data name="BAND"><value></value></Data><Data name="BANDWIDTH"><value></value></Data><Data name="CA"><value>false</value></Data><Data name="NR state"><value></value></Data><Data name="RSRP"><value>-105 dBm</value></Data><Data name="RSRQ"><value>-11</value></Data><Data name="LAYER"><value>1</value></Data><Data name="PC"><value>2</value></Data><Data name="DL_BITRATE"><value> kbps</value></Data><Data name="UL_BITRATE"><value> kbps</value></Data><Data name="IP"><value></value></Data><Data name="PHONE STATE"><value>I</value></Data><Data name="IMEI"><value></value></Data><Data name="SPEED"><value>33 km/h</value></Data><Data name="HEIGHT"><value>-1m</value></Data><Data name="ALTITUDE"><value>-1m</value></Data><Data name="LOCATION"><value>G</value></Data><Data name="ACCURACY"><value>3m</value></Data><Data name="DISTANCE"><value>-1m</value></Data><Data name="SITE BEARING"><value>1000deg</value></Data><Data name="ANTENNA BEARING"><value>1000deg</value></Data><Data name="CELLHEX"><value>12</value></Data><Data name="NODEHEX"><value>0</value></Data><Data name="LACHEX"><value>1</value></Data><Data name="RAWCELLID"><value>18</value></Data><Data name="TIME"><value>2026.08.19_12.16.38</value></Data><Data name="NEI1"><value></value></Data><Data name="NEI2"><value></value></Data><Data name="NEI3"><value></value></Data><Data name="NEI4"><value></value></Data><Data name="NEI5"><value></value></Data><Data name="NEI6"><value></value></Data></ExtendedData><Style><LabelStyle><scale>0.0</scale> </LabelStyle><IconStyle><color>FFF07800</color><scale>0.5</scale><Icon><href>http://maps.google.com/mapfiles/kml/shapes/shaded_dot.png</href></Icon></IconStyle></Style><Point><coordinates>-75.75503702,39.66814958,0</coordinates></Point></Placemark><Placemark><name>36 km/h</name><ExtendedData><Data name="CGI"><value>3150100000100018</value></Data><Data name="CELLNAME"><value></value></Data><Data name="CELLID"><value>18</value></Data><Data name="RNC"><value>0</value></Data><Data name="TAC"><value>1</value></Data><Data name="TECHNOLOGY"><value>5G SA</value></Data><Data name="MODE"><value>5G</value></Data><Data name="ARFCN"><value>644640</value></Data><Data name="BAND"><value></value></Data><Data name="BANDWIDTH"><value></value></Data><Data name="CA"><value>false</value></Data><Data name="NR state"><value></value></Data><Data name="RSRP"><value>-105 dBm</value></Data><Data name="RSRQ"><value>-11</value></Data><Data name="LAYER"><value>1</value></Data><Data name="PC"><value>2</value></Data><Data name="DL_BITRATE"><value> kbps</value></Data><Data name="UL_BITRATE"><value> kbps</value></Data><Data name="IP"><value></value></Data><Data name="PHONE STATE"><value>I</value></Data><Data name="IMEI"><value></value></Data><Data name="SPEED"><value>36 km/h</value></Data><Data name="HEIGHT"><value>-2m</value></Data><Data name="ALTITUDE"><value>-2m</value></Data><Data name="LOCATION"><value>G</value></Data><Data name="ACCURACY"><value>3m</value></Data><Data name="DISTANCE"><value>-1m</value></Data><Data name="SITE BEARING"><value>1000deg</value></Data><Data name="ANTENNA BEARING"><value>1000deg</value></Data><Data name="CELLHEX"><value>12</value></Data><Data name="NODEHEX"><value>0</value></Data><Data name="LACHEX"><value>1</value></Data><Data name="RAWCELLID"><value>18</value></Data><Data name="TIME"><value>2026.08.19_12.16.38</value></Data><Data name="NEI1"><value></value></Data><Data name="NEI2"><value></value></Data><Data name="NEI3"><value></value></Data><Data name="NEI4"><value></value></Data><Data name="NEI5"><value></value></Data><Data name="NEI6"><value></value></Data></ExtendedData><Style><LabelStyle><scale>0.0</scale> </LabelStyle><IconStyle><color>FFF07800</color><scale>0.5</scale><Icon><href>http://maps.google.com/mapfiles/kml/shapes/shaded_dot.png</href></Icon></IconStyle></Style><Point><coordinates>-75.75515567,39.66814329,0</coordinates></Point></Placemark><Placemark><name>36 km/h</name><ExtendedData><Data name="CGI"><value>3150100000100018</value></Data><Data name="CELLNAME"><value></value></Data><Data name="CELLID"><value>18</value></Data><Data name="RNC"><value>0</value></Data><Data name="TAC"><value>1</value></Data><Data name="TECHNOLOGY"><value>5G SA</value></Data><Data name="MODE"><value>5G</value></Data><Data name="ARFCN"><value>644640</value></Data><Data name="BAND"><value></value></Data><Data name="BANDWIDTH"><value></value></Data><Data name="CA"><value>false</value></Data><Data name="NR state"><value></value></Data><Data name="RSRP"><value>-105 dBm</value></Data><Data name="RSRQ"><value>-11</value></Data><Data name="LAYER"><value>1</value></Data><Data name="PC"><value>2</value></Data><Data name="DL_BITRATE"><value> kbps</value></Data><Data name="UL_BITRATE"><value> kbps</value></Data><Data name="IP"><value></value></Data><Data name="PHONE STATE"><value>I</value></Data><Data name="IMEI"><value></value></Data><Data name="SPEED"><value>36 km/h</value></Data><Data name="HEIGHT"><value>-2m</value></Data><Data name="ALTITUDE"><value>-2m</value></Data><Data name="LOCATION"><value>G</value></Data><Data name="ACCURACY"><value>3m</value></Data><Data name="DISTANCE"><value>-1m</value></Data><Data name="SITE BEARING"><value>1000deg</value></Data><Data name="ANTENNA BEARING"><value>1000deg</value></Data><Data name="CELLHEX"><value>12</value></Data><Data name="NODEHEX"><value>0</value></Data><Data name="LACHEX"><value>1</value></Data><Data name="RAWCELLID"><value>18</value></Data><Data name="TIME"><value>2026.08.19_12.16.39</value></Data><Data name="NEI1"><value></value></Data><Data name="NEI2"><value></value></Data><Data name="NEI3"><value></value></Data><Data name="NEI4"><value></value></Data><Data name="NEI5"><value></value></Data><Data name="NEI6"><value></value></Data></ExtendedData><Style><LabelStyle><scale>0.0</scale> </LabelStyle><IconStyle><color>FFF07800</color><scale>0.5</scale><Icon><href>http://maps.google.com/mapfiles/kml/shapes/shaded_dot.png</href></Icon></IconStyle></Style><Point><coordinates>-75.75515567,39.66814329,0</coordinates></Point></Placemark><Placemark><name>37 km/h</name><ExtendedData><Data name="CGI"><value>3150100000100018</value></Data><Data name="CELLNAME"><value></value></Data><Data name="CELLID"><value>18</value></Data><Data name="RNC"><value>0</value></Data><Data name="TAC"><value>1</value></Data><Data name="TECHNOLOGY"><value>5G SA</value></Data><Data name="MODE"><value>5G</value></Data><Data name="ARFCN"><value>644640</value></Data><Data name="BAND"><value></value></Data><Data name="BANDWIDTH"><value></value></Data><Data name="CA"><value>false</value></Data><Data name="NR state"><value></value></Data><Data name="RSRP"><value>-105 dBm</value></Data><Data name="RSRQ"><value>-11</value></Data><Data name="LAYER"><value>1</value></Data><Data name="PC"><value>2</value></Data><Data name="DL_BITRATE"><value> kbps</value></Data><Data name="UL_BITRATE"><value> kbps</value></Data><Data name="IP"><value></value></Data><Data name="PHONE STATE"><value>I</value></Data><Data name="IMEI"><value></value></Data><Data name="SPEED"><value>37 km/h</value></Data><Data name="HEIGHT"><value>-2m</value></Data><Data name="ALTITUDE"><value>-2m</value></Data><Data name="LOCATION"><value>G</value></Data><Data name="ACCURACY"><value>3m</value></Data><Data name="DISTANCE"><value>-1m</value></Data><Data name="SITE BEARING"><value>1000deg</value></Data><Data name="ANTENNA BEARING"><value>1000deg</value></Data><Data name="CELLHEX"><value>12</value></Data><Data name="NODEHEX"><value>0</value></Data><Data name="LACHEX"><value>1</value></Data><Data name="RAWCELLID"><value>18</value></Data><Data name="TIME"><value>2026.08.19_12.16.39</value></Data><Data name="NEI1"><value></value></Data><Data name="NEI2"><value></value></Data><Data name="NEI3"><value></value></Data><Data name="NEI4"><value></value></Data><Data name="NEI5"><value></value></Data><Data name="NEI6"><value></value></Data></ExtendedData><Style><LabelStyle><scale>0.0</scale> </LabelStyle><IconStyle><color>FFF07800</color><scale>0.5</scale><Icon><href>http://maps.google.com/mapfiles/kml/shapes/shaded_dot.png</href></Icon></IconStyle></Style><Point><coordinates>-75.75528054,39.66813454,0</coordinates></Point></Placemark><Placemark><name>37 km/h</name><ExtendedData><Data name="CGI"><value>3150100000100018</value></Data><Data name="CELLNAME"><value></value></Data><Data name="CELLID"><value>18</value></Data><Data name="RNC"><value>0</value></Data><Data name="TAC"><value>1</value></Data><Data name="TECHNOLOGY"><value>5G SA</value></Data><Data name="MODE"><value>5G</value></Data><Data name="ARFCN"><value>644640</value></Data><Data name="BAND"><value></value></Data><Data name="BANDWIDTH"><value></value></Data><Data name="CA"><value>false</value></Data><Data name="NR state"><value></value></Data><Data name="RSRP"><value>-105 dBm</value></Data><Data name="RSRQ"><value>-11</value></Data><Data name="LAYER"><value>1</value></Data><Data name="PC"><value>2</value></Data><Data name="DL_BITRATE"><value> kbps</value></Data><Data name="UL_BITRATE"><value> kbps</value></Data><Data name="IP"><value></value></Data><Data name="PHONE STATE"><value>I</value></Data><Data name="IMEI"><value></value></Data><Data name="SPEED"><value>37 km/h</value></Data><Data name="HEIGHT"><value>-2m</value></Data><Data name="ALTITUDE"><value>-2m</value></Data><Data name="LOCATION"><value>G</value></Data><Data name="ACCURACY"><value>3m</value></Data><Data name="DISTANCE"><value>-1m</value></Data><Data name="SITE BEARING"><value>1000deg</value></Data><Data name="ANTENNA BEARING"><value>1000deg</value></Data><Data name="CELLHEX"><value>12</value></Data><Data name="NODEHEX"><value>0</value></Data><Data name="LACHEX"><value>1</value></Data><Data name="RAWCELLID"><value>18</value></Data><Data name="TIME"><value>2026.08.19_12.16.40</value></Data><Data name="NEI1"><value></value></Data><Data name="NEI2"><value></value></Data><Data name="NEI3"><value></value></Data><Data name="NEI4"><value></value></Data><Data name="NEI5"><value></value></Data><Data name="NEI6"><value></value></Data></ExtendedData><Style><LabelStyle><scale>0.0</scale> </LabelStyle><IconStyle><color>FFF07800</color><scale>0.5</scale><Icon><href>http://maps.google.com/mapfiles/kml/shapes/shaded_dot.png</href></Icon></IconStyle></Style><Point><coordinates>-75.75528054,39.66813454,0</coordinates></Point></Placemark><Placemark><name>37 km/h</name><ExtendedData><Data name="CGI"><value>3150100000100018</value></Data><Data name="CELLNAME"><value></value></Data><Data name="CELLID"><value>18</value></Data><Data name="RNC"><value>0</value></Data><Data name="TAC"><value>1</value></Data><Data name="TECHNOLOGY"><value>5G SA</value></Data><Data name="MODE"><value>5G</value></Data><Data name="ARFCN"><value>644640</value></Data><Data name="BAND"><value></value></Data><Data name="BANDWIDTH"><value></value></Data><Data name="CA"><value>false</value></Data><Data name="NR state"><value></value></Data><Data name="RSRP"><value>-105 dBm</value></Data><Data name="RSRQ"><value>-11</value></Data><Data name="LAYER"><value>1</value></Data><Data name="PC"><value>2</value></Data><Data name="DL_BITRATE"><value> kbps</value></Data><Data name="UL_BITRATE"><value> kbps</value></Data><Data name="IP"><value></value></Data><Data name="PHONE STATE"><value>I</value></Data><Data name="IMEI"><value></value></Data><Data name="SPEED"><value>37 km/h</value></Data><Data name="HEIGHT"><value>-2m</value></Data><Data name="ALTITUDE"><value>-2m</value></Data><Data name="LOCATION"><value>G</value></Data><Data name="ACCURACY"><value>3m</value></Data><Data name="DISTANCE"><value>-1m</value></Data><Data name="SITE BEARING"><value>1000deg</value></Data><Data name="ANTENNA BEARING"><value>1000deg</value></Data><Data name="CELLHEX"><value>12</value></Data><Data name="NODEHEX"><value>0</value></Data><Data name="LACHEX"><value>1</value></Data><Data name="RAWCELLID"><value>18</value></Data><Data name="TIME"><value>2026.08.19_12.16.40</value></Data><Data name="NEI1"><value></value></Data><Data name="NEI2"><value></value></Data><Data name="NEI3"><value></value></Data><Data name="NEI4"><value></value></Data><Data name="NEI5"><value></value></Data><Data name="NEI6"><value></value></Data></ExtendedData><Style><LabelStyle><scale>0.0</scale> </LabelStyle><IconStyle><color>FFF07800</color><scale>0.5</scale><Icon><href>http://maps.google.com/mapfiles/kml/shapes/shaded_dot.png</href></Icon></IconStyle></Style><Point><coordinates>-75.75540106,39.66812612,0</coordinates></Point></Placemark><Placemark><name>37 km/h</name><ExtendedData><Data name="CGI"><value>3150100000100018</value></Data><Data name="CELLNAME"><value></value></Data><Data name="CELLID"><value>18</value></Data><Data name="RNC"><value>0</value></Data><Data name="TAC"><value>1</value></Data><Data name="TECHNOLOGY"><value>5G SA</value></Data><Data name="MODE"><value>5G</value></Data><Data name="ARFCN"><value>644640</value></Data><Data name="BAND"><value></value></Data><Data name="BANDWIDTH"><value></value></Data><Data name="CA"><value>false</value></Data><Data name="NR state"><value></value></Data><Data name="RSRP"><value>-105 dBm</value></Data><Data name="RSRQ"><value>-11</value></Data><Data name="LAYER"><value>1</value></Data><Data name="PC"><value>2</value></Data><Data name="DL_BITRATE"><value> kbps</value></Data><Data name="UL_BITRATE"><value> kbps</value></Data><Data name="IP"><value></value></Data><Data name="PHONE STATE"><value>I</value></Data><Data name="IMEI"><value></value></Data><Data name="SPEED"><value>37 km/h</value></Data><Data name="HEIGHT"><value>-2m</value></Data><Data name="ALTITUDE"><value>-2m</value></Data><Data name="LOCATION"><value>G</value></Data><Data name="ACCURACY"><value>3m</value></Data><Data name="DISTANCE"><value>-1m</value></Data><Data name="SITE BEARING"><value>1000deg</value></Data><Data name="ANTENNA BEARING"><value>1000deg</value></Data><Data name="CELLHEX"><value>12</value></Data><Data name="NODEHEX"><value>0</value></Data><Data name="LACHEX"><value>1</value></Data><Data name="RAWCELLID"><value>18</value></Data><Data name="TIME"><value>2026.08.19_12.16.41</value></Data><Data name="NEI1"><value></value></Data><Data name="NEI2"><value></value></Data><Data name="NEI3"><value></value></Data><Data name="NEI4"><value></value></Data><Data name="NEI5"><value></value></Data><Data name="NEI6"><value></value></Data></ExtendedData><Style><LabelStyle><scale>0.0</scale> </LabelStyle><IconStyle><color>FFF07800</color><scale>0.5</scale><Icon><href>http://maps.google.com/mapfiles/kml/shapes/shaded_dot.png</href></Icon></IconStyle></Style><Point><coordinates>-75.75540106,39.66812612,0</coordinates></Point></Placemark><Placemark><name>36 km/h</name><ExtendedData><Data name="CGI"><value>3150100000100018</value></Data><Data name="CELLNAME"><value></value></Data><Data name="CELLID"><value>18</value></Data><Data name="RNC"><value>0</value></Data><Data name="TAC"><value>1</value></Data><Data name="TECHNOLOGY"><value>5G SA</value></Data><Data name="MODE"><value>5G</value></Data><Data name="ARFCN"><value>644640</value></Data><Data name="BAND"><value></value></Data><Data name="BANDWIDTH"><value></value></Data><Data name="CA"><value>false</value></Data><Data name="NR state"><value></value></Data><Data name="RSRP"><value>-105 dBm</value></Data><Data name="RSRQ"><value>-11</value></Data><Data name="LAYER"><value>1</value></Data><Data name="PC"><value>2</value></Data><Data name="DL_BITRATE"><value> kbps</value></Data><Data name="UL_BITRATE"><value> kbps</value></Data><Data name="IP"><value></value></Data><Data name="PHONE STATE"><value>I</value></Data><Data name="IMEI"><value></value></Data><Data name="SPEED"><value>36 km/h</value></Data><Data name="HEIGHT"><value>-2m</value></Data><Data name="ALTITUDE"><value>-2m</value></Data><Data name="LOCATION"><value>G</value></Data><Data name="ACCURACY"><value>3m</value></Data><Data name="DISTANCE"><value>-1m</value></Data><Data name="SITE BEARING"><value>1000deg</value></Data><Data name="ANTENNA BEARING"><value>1000deg</value></Data><Data name="CELLHEX"><value>12</value></Data><Data name="NODEHEX"><value>0</value></Data><Data name="LACHEX"><value>1</value></Data><Data name="RAWCELLID"><value>18</value></Data><Data name="TIME"><value>2026.08.19_12.16.41</value></Data><Data name="NEI1"><value></value></Data><Data name="NEI2"><value></value></Data><Data name="NEI3"><value></value></Data><Data name="NEI4"><value></value></Data><Data name="NEI5"><value></value></Data><Data name="NEI6"><value></value></Data></ExtendedData><Style><LabelStyle><scale>0.0</scale> </LabelStyle><IconStyle><color>FFF07800</color><scale>0.5</scale><Icon><href>http://maps.google.com/mapfiles/kml/shapes/shaded_dot.png</href></Icon></IconStyle></Style><Point><coordinates>-75.75552379,39.66811644,0</coordinates></Point></Placemark><Placemark><name>36 km/h</name><ExtendedData><Data name="CGI"><value>3150100000100018</value></Data><Data name="CELLNAME"><value></value></Data><Data name="CELLID"><value>18</value></Data><Data name="RNC"><value>0</value></Data><Data name="TAC"><value>1</value></Data><Data name="TECHNOLOGY"><value>5G SA</value></Data><Data name="MODE"><value>5G</value></Data><Data name="ARFCN"><value>644640</value></Data><Data name="BAND"><value></value></Data><Data name="BANDWIDTH"><value></value></Data><Data name="CA"><value>false</value></Data><Data name="NR state"><value></value></Data><Data name="RSRP"><value>-105 dBm</value></Data><Data name="RSRQ"><value>-11</value></Data><Data name="LAYER"><value>1</value></Data><Data name="PC"><value>2</value></Data><Data name="DL_BITRATE"><value> kbps</value></Data><Data name="UL_BITRATE"><value> kbps</value></Data><Data name="IP"><value></value></Data><Data name="PHONE STATE"><value>I</value></Data><Data name="IMEI"><value></value></Data><Data name="SPEED"><value>36 km/h</value></Data><Data name="HEIGHT"><value>-2m</value></Data><Data name="ALTITUDE"><value>-2m</value></Data><Data name="LOCATION"><value>G</value></Data><Data name="ACCURACY"><value>3m</value></Data><Data name="DISTANCE"><value>-1m</value></Data><Data name="SITE BEARING"><value>1000deg</value></Data><Data name="ANTENNA BEARING"><value>1000deg</value></Data><Data name="CELLHEX"><value>12</value></Data><Data name="NODEHEX"><value>0</value></Data><Data name="LACHEX"><value>1</value></Data><Data name="RAWCELLID"><value>18</value></Data><Data name="TIME"><value>2026.08.19_12.16.42</value></Data><Data name="NEI1"><value></value></Data><Data name="NEI2"><value></value></Data><Data name="NEI3"><value></value></Data><Data name="NEI4"><value></value></Data><Data name="NEI5"><value></value></Data><Data name="NEI6"><value></value></Data></ExtendedData><Style><LabelStyle><scale>0.0</scale> </LabelStyle><IconStyle><color>FFF07800</color><scale>0.5</scale><Icon><href>http://maps.google.com/mapfiles/kml/shapes/shaded_dot.png</href></Icon></IconStyle></Style><Point><coordinates>-75.75552379,39.66811644,0</coordinates></Point></Placemark><Placemark><name>34 km/h</name><ExtendedData><Data name="CGI"><value>3150100000100018</value></Data><Data name="CELLNAME"><value></value></Data><Data name="CELLID"><value>18</value></Data><Data name="RNC"><value>0</value></Data><Data name="TAC"><value>1</value></Data><Data name="TECHNOLOGY"><value>5G SA</value></Data><Data name="MODE"><value>5G</value></Data><Data name="ARFCN"><value>644640</value></Data><Data name="BAND"><value></value></Data><Data name="BANDWIDTH"><value></value></Data><Data name="CA"><value>false</value></Data><Data name="NR state"><value></value></Data><Data name="RSRP"><value>-105 dBm</value></Data><Data name="RSRQ"><value>-11</value></Data><Data name="LAYER"><value>1</value></Data><Data name="PC"><value>2</value></Data><Data name="DL_BITRATE"><value> kbps</value></Data><Data name="UL_BITRATE"><value> kbps</value></Data><Data name="IP"><value></value></Data><Data name="PHONE STATE"><value>I</value></Data><Data name="IMEI"><value></value></Data><Data name="SPEED"><value>34 km/h</value></Data><Data name="HEIGHT"><value>-2m</value></Data><Data name="ALTITUDE"><value>-2m</value></Data><Data name="LOCATION"><value>G</value></Data><Data name="ACCURACY"><value>3m</value></Data><Data name="DISTANCE"><value>-1m</value></Data><Data name="SITE BEARING"><value>1000deg</value></Data><Data name="ANTENNA BEARING"><value>1000deg</value></Data><Data name="CELLHEX"><value>12</value></Data><Data name="NODEHEX"><value>0</value></Data><Data name="LACHEX"><value>1</value></Data><Data name="RAWCELLID"><value>18</value></Data><Data name="TIME"><value>2026.08.19_12.16.42</value></Data><Data name="NEI1"><value></value></Data><Data name="NEI2"><value></value></Data><Data name="NEI3"><value></value></Data><Data name="NEI4"><value></value></Data><Data name="NEI5"><value></value></Data><Data name="NEI6"><value></value></Data></ExtendedData><Style><LabelStyle><scale>0.0</scale> </LabelStyle><IconStyle><color>FFF07800</color><scale>0.5</scale><Icon><href>http://maps.google.com/mapfiles/kml/shapes/shaded_dot.png</href></Icon></IconStyle></Style><Point><coordinates>-75.75563665,39.6681106,0</coordinates></Point></Placemark><Placemark><name>34 km/h</name><ExtendedData><Data name="CGI"><value>3150100000100018</value></Data><Data name="CELLNAME"><value></value></Data><Data name="CELLID"><value>18</value></Data><Data name="RNC"><value>0</value></Data><Data name="TAC"><value>1</value></Data><Data name="TECHNOLOGY"><value>5G SA</value></Data><Data name="MODE"><value>5G</value></Data><Data name="ARFCN"><value>644640</value></Data><Data name="BAND"><value></value></Data><Data name="BANDWIDTH"><value></value></Data><Data name="CA"><value>false</value></Data><Data name="NR state"><value></value></Data><Data name="RSRP"><value>-105 dBm</value></Data><Data name="RSRQ"><value>-11</value></Data><Data name="LAYER"><value>1</value></Data><Data name="PC"><value>2</value></Data><Data name="DL_BITRATE"><value> kbps</value></Data><Data name="UL_BITRATE"><value> kbps</value></Data><Data name="IP"><value></value></Data><Data name="PHONE STATE"><value>I</value></Data><Data name="IMEI"><value></value></Data><Data name="SPEED"><value>34 km/h</value></Data><Data name="HEIGHT"><value>-2m</value></Data><Data name="ALTITUDE"><value>-2m</value></Data><Data name="LOCATION"><value>G</value></Data><Data name="ACCURACY"><value>3m</value></Data><Data name="DISTANCE"><value>-1m</value></Data><Data name="SITE BEARING"><value>1000deg</value></Data><Data name="ANTENNA BEARING"><value>1000deg</value></Data><Data name="CELLHEX"><value>12</value></Data><Data name="NODEHEX"><value>0</value></Data><Data name="LACHEX"><value>1</value></Data><Data name="RAWCELLID"><value>18</value></Data><Data name="TIME"><value>2026.08.19_12.16.43</value></Data><Data name="NEI1"><value></value></Data><Data name="NEI2"><value></value></Data><Data name="NEI3"><value></value></Data><Data name="NEI4"><value></value></Data><Data name="NEI5"><value></value></Data><Data name="NEI6"><value></value></Data></ExtendedData><Style><LabelStyle><scale>0.0</scale> </LabelStyle><IconStyle><color>FFF07800</color><scale>0.5</scale><Icon><href>http://maps.google.com/mapfiles/kml/shapes/shaded_dot.png</href></Icon></IconStyle></Style><Point><coordinates>-75.75563665,39.6681106,0</coordinates></Point></Placemark><Placemark><name>32 km/h</name><ExtendedData><Data name="CGI"><value>3150100000100018</value></Data><Data name="CELLNAME"><value></value></Data><Data name="CELLID"><value>18</value></Data><Data name="RNC"><value>0</value></Data><Data name="TAC"><value>1</value></Data><Data name="TECHNOLOGY"><value>5G SA</value></Data><Data name="MODE"><value>5G</value></Data><Data name="ARFCN"><value>644640</value></Data><Data name="BAND"><value></value></Data><Data name="BANDWIDTH"><value></value></Data><Data name="CA"><value>false</value></Data><Data name="NR state"><value></value></Data><Data name="RSRP"><value>-105 dBm</value></Data><Data name="RSRQ"><value>-11</value></Data><Data name="LAYER"><value>1</value></Data><Data name="PC"><value>2</value></Data><Data name="DL_BITRATE"><value> kbps</value></Data><Data name="UL_BITRATE"><value> kbps</value></Data><Data name="IP"><value></value></Data><Data name="PHONE STATE"><value>I</value></Data><Data name="IMEI"><value></value></Data><Data name="SPEED"><value>32 km/h</value></Data><Data name="HEIGHT"><value>-2m</value></Data><Data name="ALTITUDE"><value>-2m</value></Data><Data name="LOCATION"><value>G</value></Data><Data name="ACCURACY"><value>3m</value></Data><Data name="DISTANCE"><value>-1m</value></Data><Data name="SITE BEARING"><value>1000deg</value></Data><Data name="ANTENNA BEARING"><value>1000deg</value></Data><Data name="CELLHEX"><value>12</value></Data><Data name="NODEHEX"><value>0</value></Data><Data name="LACHEX"><value>1</value></Data><Data name="RAWCELLID"><value>18</value></Data><Data name="TIME"><value>2026.08.19_12.16.43</value></Data><Data name="NEI1"><value></value></Data><Data name="NEI2"><value></value></Data><Data name="NEI3"><value></value></Data><Data name="NEI4"><value></value></Data><Data name="NEI5"><value></value></Data><Data name="NEI6"><value></value></Data></ExtendedData><Style><LabelStyle><scale>0.0</scale> </LabelStyle><IconStyle><color>FFF07800</color><scale>0.5</scale><Icon><href>http://maps.google.com/mapfiles/kml/shapes/shaded_dot.png</href></Icon></IconStyle></Style><Point><coordinates>-75.75574384,39.66809998,0</coordinates></Point></Placemark><Placemark><name>32 km/h</name><ExtendedData><Data name="CGI"><value>3150100000100018</value></Data><Data name="CELLNAME"><value></value></Data><Data name="CELLID"><value>18</value></Data><Data name="RNC"><value>0</value></Data><Data name="TAC"><value>1</value></Data><Data name="TECHNOLOGY"><value>5G SA</value></Data><Data name="MODE"><value>5G</value></Data><Data name="ARFCN"><value>644640</value></Data><Data name="BAND"><value></value></Data><Data name="BANDWIDTH"><value></value></Data><Data name="CA"><value>false</value></Data><Data name="NR state"><value></value></Data><Data name="RSRP"><value>-105 dBm</value></Data><Data name="RSRQ"><value>-11</value></Data><Data name="LAYER"><value>1</value></Data><Data name="PC"><value>2</value></Data><Data name="DL_BITRATE"><value> kbps</value></Data><Data name="UL_BITRATE"><value> kbps</value></Data><Data name="IP"><value></value></Data><Data name="PHONE STATE"><value>I</value></Data><Data name="IMEI"><value></value></Data><Data name="SPEED"><value>32 km/h</value></Data><Data name="HEIGHT"><value>-2m</value></Data><Data name="ALTITUDE"><value>-2m</value></Data><Data name="LOCATION"><value>G</value></Data><Data name="ACCURACY"><value>3m</value></Data><Data name="DISTANCE"><value>-1m</value></Data><Data name="SITE BEARING"><value>1000deg</value></Data><Data name="ANTENNA BEARING"><value>1000deg</value></Data><Data name="CELLHEX"><value>12</value></Data><Data name="NODEHEX"><value>0</value></Data><Data name="LACHEX"><value>1</value></Data><Data name="RAWCELLID"><value>18</value></Data><Data name="TIME"><value>2026.08.19_12.16.44</value></Data><Data name="NEI1"><value></value></Data><Data name="NEI2"><value></value></Data><Data name="NEI3"><value></value></Data><Data name="NEI4"><value></value></Data><Data name="NEI5"><value></value></Data><Data name="NEI6"><value></value></Data></ExtendedData><Style><LabelStyle><scale>0.0</scale> </LabelStyle><IconStyle><color>FFF07800</color><scale>0.5</scale><Icon><href>http://maps.google.com/mapfiles/kml/shapes/shaded_dot.png</href></Icon></IconStyle></Style><Point><coordinates>-75.75574384,39.66809998,0</coordinates></Point></Placemark><Placemark><name>29 km/h</name><ExtendedData><Data name="CGI"><value>3150100000100018</value></Data><Data name="CELLNAME"><value></value></Data><Data name="CELLID"><value>18</value></Data><Data name="RNC"><value>0</value></Data><Data name="TAC"><value>1</value></Data><Data name="TECHNOLOGY"><value>5G SA</value></Data><Data name="MODE"><value>5G</value></Data><Data name="ARFCN"><value>644640</value></Data><Data name="BAND"><value></value></Data><Data name="BANDWIDTH"><value></value></Data><Data name="CA"><value>false</value></Data><Data name="NR state"><value></value></Data><Data name="RSRP"><value>-105 dBm</value></Data><Data name="RSRQ"><value>-11</value></Data><Data name="LAYER"><value>1</value></Data><Data name="PC"><value>2</value></Data><Data name="DL_BITRATE"><value> kbps</value></Data><Data name="UL_BITRATE"><value> kbps</value></Data><Data name="IP"><value></value></Data><Data name="PHONE STATE"><value>I</value></Data><Data name="IMEI"><value></value></Data><Data name="SPEED"><value>29 km/h</value></Data><Data name="HEIGHT"><value>-2m</value></Data><Data name="ALTITUDE"><value>-2m</value></Data><Data name="LOCATION"><value>G</value></Data><Data name="ACCURACY"><value>3m</value></Data><Data name="DISTANCE"><value>-1m</value></Data><Data name="SITE BEARING"><value>1000deg</value></Data><Data name="ANTENNA BEARING"><value>1000deg</value></Data><Data name="CELLHEX"><value>12</value></Data><Data name="NODEHEX"><value>0</value></Data><Data name="LACHEX"><value>1</value></Data><Data name="RAWCELLID"><value>18</value></Data><Data name="TIME"><value>2026.08.19_12.16.44</value></Data><Data name="NEI1"><value></value></Data><Data name="NEI2"><value></value></Data><Data name="NEI3"><value></value></Data><Data name="NEI4"><value></value></Data><Data name="NEI5"><value></value></Data><Data name="NEI6"><value></value></Data></ExtendedData><Style><LabelStyle><scale>0.0</scale> </LabelStyle><IconStyle><color>FFF07800</color><scale>0.5</scale><Icon><href>http://maps.google.com/mapfiles/kml/shapes/shaded_dot.png</href></Icon></IconStyle></Style><Point><coordinates>-75.75583828,39.66809256,0</coordinates></Point></Placemark><Placemark><name>29 km/h</name><ExtendedData><Data name="CGI"><value>3150100000100018</value></Data><Data name="CELLNAME"><value></value></Data><Data name="CELLID"><value>18</value></Data><Data name="RNC"><value>0</value></Data><Data name="TAC"><value>1</value></Data><Data name="TECHNOLOGY"><value>5G SA</value></Data><Data name="MODE"><value>5G</value></Data><Data name="ARFCN"><value>644640</value></Data><Data name="BAND"><value></value></Data><Data name="BANDWIDTH"><value></value></Data><Data name="CA"><value>false</value></Data><Data name="NR state"><value></value></Data><Data name="RSRP"><value>-105 dBm</value></Data><Data name="RSRQ"><value>-11</value></Data><Data name="LAYER"><value>1</value></Data><Data name="PC"><value>2</value></Data><Data name="DL_BITRATE"><value> kbps</value></Data><Data name="UL_BITRATE"><value> kbps</value></Data><Data name="IP"><value></value></Data><Data name="PHONE STATE"><value>I</value></Data><Data name="IMEI"><value></value></Data><Data name="SPEED"><value>29 km/h</value></Data><Data name="HEIGHT"><value>-2m</value></Data><Data name="ALTITUDE"><value>-2m</value></Data><Data name="LOCATION"><value>G</value></Data><Data name="ACCURACY"><value>3m</value></Data><Data name="DISTANCE"><value>-1m</value></Data><Data name="SITE BEARING"><value>1000deg</value></Data><Data name="ANTENNA BEARING"><value>1000deg</value></Data><Data name="CELLHEX"><value>12</value></Data><Data name="NODEHEX"><value>0</value></Data><Data name="LACHEX"><value>1</value></Data><Data name="RAWCELLID"><value>18</value></Data><Data name="TIME"><value>2026.08.19_12.16.45</value></Data><Data name="NEI1"><value></value></Data><Data name="NEI2"><value></value></Data><Data name="NEI3"><value></value></Data><Data name="NEI4"><value></value></Data><Data name="NEI5"><value></value></Data><Data name="NEI6"><value></value></Data></ExtendedData><Style><LabelStyle><scale>0.0</scale> </LabelStyle><IconStyle><color>FFF07800</color><scale>0.5</scale><Icon><href>http://maps.google.com/mapfiles/kml/shapes/shaded_dot.png</href></Icon></IconStyle></Style><Point><coordinates>-75.75583828,39.66809256,0</coordinates></Point></Placemark><Placemark><name>25 km/h</name><ExtendedData><Data name="CGI"><value>3150100000100018</value></Data><Data name="CELLNAME"><value></value></Data><Data name="CELLID"><value>18</value></Data><Data name="RNC"><value>0</value></Data><Data name="TAC"><value>1</value></Data><Data name="TECHNOLOGY"><value>5G SA</value></Data><Data name="MODE"><value>5G</value></Data><Data name="ARFCN"><value>644640</value></Data><Data name="BAND"><value></value></Data><Data name="BANDWIDTH"><value></value></Data><Data name="CA"><value>false</value></Data><Data name="NR state"><value></value></Data><Data name="RSRP"><value>-105 dBm</value></Data><Data name="RSRQ"><value>-11</value></Data><Data name="LAYER"><value>1</value></Data><Data name="PC"><value>2</value></Data><Data name="DL_BITRATE"><value> kbps</value></Data><Data name="UL_BITRATE"><value> kbps</value></Data><Data name="IP"><value></value></Data><Data name="PHONE STATE"><value>I</value></Data><Data name="IMEI"><value></value></Data><Data name="SPEED"><value>25 km/h</value></Data><Data name="HEIGHT"><value>-2m</value></Data><Data name="ALTITUDE"><value>-2m</value></Data><Data name="LOCATION"><value>G</value></Data><Data name="ACCURACY"><value>3m</value></Data><Data name="DISTANCE"><value>-1m</value></Data><Data name="SITE BEARING"><value>1000deg</value></Data><Data name="ANTENNA BEARING"><value>1000deg</value></Data><Data name="CELLHEX"><value>12</value></Data><Data name="NODEHEX"><value>0</value></Data><Data name="LACHEX"><value>1</value></Data><Data name="RAWCELLID"><value>18</value></Data><Data name="TIME"><value>2026.08.19_12.16.45</value></Data><Data name="NEI1"><value></value></Data><Data name="NEI2"><value></value></Data><Data name="NEI3"><value></value></Data><Data name="NEI4"><value></value></Data><Data name="NEI5"><value></value></Data><Data name="NEI6"><value></value></Data></ExtendedData><Style><LabelStyle><scale>0.0</scale> </LabelStyle><IconStyle><color>FFF07800</color><scale>0.5</scale><Icon><href>http://maps.google.com/mapfiles/kml/shapes/shaded_dot.png</href></Icon></IconStyle></Style><Point><coordinates>-75.75591357,39.66807443,0</coordinates></Point></Placemark><Placemark><name>25 km/h</name><ExtendedData><Data name="CGI"><value>3150100000100018</value></Data><Data name="CELLNAME"><value></value></Data><Data name="CELLID"><value>18</value></Data><Data name="RNC"><value>0</value></Data><Data name="TAC"><value>1</value></Data><Data name="TECHNOLOGY"><value>5G SA</value></Data><Data name="MODE"><value>5G</value></Data><Data name="ARFCN"><value>644640</value></Data><Data name="BAND"><value></value></Data><Data name="BANDWIDTH"><value></value></Data><Data name="CA"><value>false</value></Data><Data name="NR state"><value></value></Data><Data name="RSRP"><value>-105 dBm</value></Data><Data name="RSRQ"><value>-11</value></Data><Data name="LAYER"><value>1</value></Data><Data name="PC"><value>2</value></Data><Data name="DL_BITRATE"><value> kbps</value></Data><Data name="UL_BITRATE"><value> kbps</value></Data><Data name="IP"><value></value></Data><Data name="PHONE STATE"><value>I</value></Data><Data name="IMEI"><value></value></Data><Data name="SPEED"><value>25 km/h</value></Data><Data name="HEIGHT"><value>-2m</value></Data><Data name="ALTITUDE"><value>-2m</value></Data><Data name="LOCATION"><value>G</value></Data><Data name="ACCURACY"><value>3m</value></Data><Data name="DISTANCE"><value>-1m</value></Data><Data name="SITE BEARING"><value>1000deg</value></Data><Data name="ANTENNA BEARING"><value>1000deg</value></Data><Data name="CELLHEX"><value>12</value></Data><Data name="NODEHEX"><value>0</value></Data><Data name="LACHEX"><value>1</value></Data><Data name="RAWCELLID"><value>18</value></Data><Data name="TIME"><value>2026.08.19_12.16.46</value></Data><Data name="NEI1"><value></value></Data><Data name="NEI2"><value></value></Data><Data name="NEI3"><value></value></Data><Data name="NEI4"><value></value></Data><Data name="NEI5"><value></value></Data><Data name="NEI6"><value></value></Data></ExtendedData><Style><LabelStyle><scale>0.0</scale> </LabelStyle><IconStyle><color>FFF07800</color><scale>0.5</scale><Icon><href>http://maps.google.com/mapfiles/kml/shapes/shaded_dot.png</href></Icon></IconStyle></Style><Point><coordinates>-75.75591357,39.66807443,0</coordinates></Point></Placemark><Placemark><name>24 km/h</name><ExtendedData><Data name="CGI"><value>3150100000100018</value></Data><Data name="CELLNAME"><value></value></Data><Data name="CELLID"><value>18</value></Data><Data name="RNC"><value>0</value></Data><Data name="TAC"><value>1</value></Data><Data name="TECHNOLOGY"><value>5G SA</value></Data><Data name="MODE"><value>5G</value></Data><Data name="ARFCN"><value>644640</value></Data><Data name="BAND"><value></value></Data><Data name="BANDWIDTH"><value></value></Data><Data name="CA"><value>false</value></Data><Data name="NR state"><value></value></Data><Data name="RSRP"><value>-105 dBm</value></Data><Data name="RSRQ"><value>-11</value></Data><Data name="LAYER"><value>1</value></Data><Data name="PC"><value>2</value></Data><Data name="DL_BITRATE"><value> kbps</value></Data><Data name="UL_BITRATE"><value> kbps</value></Data><Data name="IP"><value></value></Data><Data name="PHONE STATE"><value>I</value></Data><Data name="IMEI"><value></value></Data><Data name="SPEED"><value>24 km/h</value></Data><Data name="HEIGHT"><value>-2m</value></Data><Data name="ALTITUDE"><value>-2m</value></Data><Data name="LOCATION"><value>G</value></Data><Data name="ACCURACY"><value>3m</value></Data><Data name="DISTANCE"><value>-1m</value></Data><Data name="SITE BEARING"><value>1000deg</value></Data><Data name="ANTENNA BEARING"><value>1000deg</value></Data><Data name="CELLHEX"><value>12</value></Data><Data name="NODEHEX"><value>0</value></Data><Data name="LACHEX"><value>1</value></Data><Data name="RAWCELLID"><value>18</value></Data><Data name="TIME"><value>2026.08.19_12.16.46</value></Data><Data name="NEI1"><value></value></Data><Data name="NEI2"><value></value></Data><Data name="NEI3"><value></value></Data><Data name="NEI4"><value></value></Data><Data name="NEI5"><value></value></Data><Data name="NEI6"><value></value></Data></ExtendedData><Style><LabelStyle><scale>0.0</scale> </LabelStyle><IconStyle><color>FFF07800</color><scale>0.5</scale><Icon><href>http://maps.google.com/mapfiles/kml/shapes/shaded_dot.png</href></Icon></IconStyle></Style><Point><coordinates>-75.75596957,39.66803601,0</coordinates></Point></Placemark><Placemark><name>24 km/h</name><ExtendedData><Data name="CGI"><value>3150100000100018</value></Data><Data name="CELLNAME"><value></value></Data><Data name="CELLID"><value>18</value></Data><Data name="RNC"><value>0</value></Data><Data name="TAC"><value>1</value></Data><Data name="TECHNOLOGY"><value>5G SA</value></Data><Data name="MODE"><value>5G</value></Data><Data name="ARFCN"><value>644640</value></Data><Data name="BAND"><value></value></Data><Data name="BANDWIDTH"><value></value></Data><Data name="CA"><value>false</value></Data><Data name="NR state"><value></value></Data><Data name="RSRP"><value>-105 dBm</value></Data><Data name="RSRQ"><value>-11</value></Data><Data name="LAYER"><value>1</value></Data><Data name="PC"><value>2</value></Data><Data name="DL_BITRATE"><value> kbps</value></Data><Data name="UL_BITRATE"><value> kbps</value></Data><Data name="IP"><value></value></Data><Data name="PHONE STATE"><value>I</value></Data><Data name="IMEI"><value></value></Data><Data name="SPEED"><value>24 km/h</value></Data><Data name="HEIGHT"><value>-2m</value></Data><Data name="ALTITUDE"><value>-2m</value></Data><Data name="LOCATION"><value>G</value></Data><Data name="ACCURACY"><value>3m</value></Data><Data name="DISTANCE"><value>-1m</value></Data><Data name="SITE BEARING"><value>1000deg</value></Data><Data name="ANTENNA BEARING"><value>1000deg</value></Data><Data name="CELLHEX"><value>12</value></Data><Data name="NODEHEX"><value>0</value></Data><Data name="LACHEX"><value>1</value></Data><Data name="RAWCELLID"><value>18</value></Data><Data name="TIME"><value>2026.08.19_12.16.47</value></Data><Data name="NEI1"><value></value></Data><Data name="NEI2"><value></value></Data><Data name="NEI3"><value></value></Data><Data name="NEI4"><value></value></Data><Data name="NEI5"><value></value></Data><Data name="NEI6"><value></value></Data></ExtendedData><Style><LabelStyle><scale>0.0</scale> </LabelStyle><IconStyle><color>FFF07800</color><scale>0.5</scale><Icon><href>http://maps.google.com/mapfiles/kml/shapes/shaded_dot.png</href></Icon></IconStyle></Style><Point><coordinates>-75.75596957,39.66803601,0</coordinates></Point></Placemark><Placemark><name>24 km/h</name><ExtendedData><Data name="CGI"><value>3150100000100018</value></Data><Data name="CELLNAME"><value></value></Data><Data name="CELLID"><value>18</value></Data><Data name="RNC"><value>0</value></Data><Data name="TAC"><value>1</value></Data><Data name="TECHNOLOGY"><value>5G SA</value></Data><Data name="MODE"><value>5G</value></Data><Data name="ARFCN"><value>644640</value></Data><Data name="BAND"><value></value></Data><Data name="BANDWIDTH"><value></value></Data><Data name="CA"><value>false</value></Data><Data name="NR state"><value></value></Data><Data name="RSRP"><value>-105 dBm</value></Data><Data name="RSRQ"><value>-11</value></Data><Data name="LAYER"><value>1</value></Data><Data name="PC"><value>2</value></Data><Data name="DL_BITRATE"><value> kbps</value></Data><Data name="UL_BITRATE"><value> kbps</value></Data><Data name="IP"><value></value></Data><Data name="PHONE STATE"><value>I</value></Data><Data name="IMEI"><value></value></Data><Data name="SPEED"><value>24 km/h</value></Data><Data name="HEIGHT"><value>-2m</value></Data><Data name="ALTITUDE"><value>-2m</value></Data><Data name="LOCATION"><value>G</value></Data><Data name="ACCURACY"><value>3m</value></Data><Data name="DISTANCE"><value>-1m</value></Data><Data name="SITE BEARING"><value>1000deg</value></Data><Data name="ANTENNA BEARING"><value>1000deg</value></Data><Data name="CELLHEX"><value>12</value></Data><Data name="NODEHEX"><value>0</value></Data><Data name="LACHEX"><value>1</value></Data><Data name="RAWCELLID"><value>18</value></Data><Data name="TIME"><value>2026.08.19_12.16.47</value></Data><Data name="NEI1"><value></value></Data><Data name="NEI2"><value></value></Data><Data name="NEI3"><value></value></Data><Data name="NEI4"><value></value></Data><Data name="NEI5"><value></value></Data><Data name="NEI6"><value></value></Data></ExtendedData><Style><LabelStyle><scale>0.0</scale> </LabelStyle><IconStyle><color>FFF07800</color><scale>0.5</scale><Icon><href>http://maps.google.com/mapfiles/kml/shapes/shaded_dot.png</href></Icon></IconStyle></Style><Point><coordinates>-75.75600029,39.66798427,0</coordinates></Point></Placemark><Placemark><name>24 km/h</name><ExtendedData><Data name="CGI"><value>3150100000100018</value></Data><Data name="CELLNAME"><value></value></Data><Data name="CELLID"><value>18</value></Data><Data name="RNC"><value>0</value></Data><Data name="TAC"><value>1</value></Data><Data name="TECHNOLOGY"><value>5G SA</value></Data><Data name="MODE"><value>5G</value></Data><Data name="ARFCN"><value>644640</value></Data><Data name="BAND"><value></value></Data><Data name="BANDWIDTH"><value></value></Data><Data name="CA"><value>false</value></Data><Data name="NR state"><value></value></Data><Data name="RSRP"><value>-105 dBm</value></Data><Data name="RSRQ"><value>-11</value></Data><Data name="LAYER"><value>1</value></Data><Data name="PC"><value>2</value></Data><Data name="DL_BITRATE"><value> kbps</value></Data><Data name="UL_BITRATE"><value> kbps</value></Data><Data name="IP"><value></value></Data><Data name="PHONE STATE"><value>I</value></Data><Data name="IMEI"><value></value></Data><Data name="SPEED"><value>24 km/h</value></Data><Data name="HEIGHT"><value>-2m</value></Data><Data name="ALTITUDE"><value>-2m</value></Data><Data name="LOCATION"><value>G</value></Data><Data name="ACCURACY"><value>3m</value></Data><Data name="DISTANCE"><value>-1m</value></Data><Data name="SITE BEARING"><value>1000deg</value></Data><Data name="ANTENNA BEARING"><value>1000deg</value></Data><Data name="CELLHEX"><value>12</value></Data><Data name="NODEHEX"><value>0</value></Data><Data name="LACHEX"><value>1</value></Data><Data name="RAWCELLID"><value>18</value></Data><Data name="TIME"><value>2026.08.19_12.16.48</value></Data><Data name="NEI1"><value></value></Data><Data name="NEI2"><value></value></Data><Data name="NEI3"><value></value></Data><Data name="NEI4"><value></value></Data><Data name="NEI5"><value></value></Data><Data name="NEI6"><value></value></Data></ExtendedData><Style><LabelStyle><scale>0.0</scale> </LabelStyle><IconStyle><color>FFF07800</color><scale>0.5</scale><Icon><href>http://maps.google.com/mapfiles/kml/shapes/shaded_dot.png</href></Icon></IconStyle></Style><Point><coordinates>-75.75600029,39.66798427,0</coordinates></Point></Placemark><Placemark><name>26 km/h</name><ExtendedData><Data name="CGI"><value>3150100000100018</value></Data><Data name="CELLNAME"><value></value></Data><Data name="CELLID"><value>18</value></Data><Data name="RNC"><value>0</value></Data><Data name="TAC"><value>1</value></Data><Data name="TECHNOLOGY"><value>5G SA</value></Data><Data name="MODE"><value>5G</value></Data><Data name="ARFCN"><value>644640</value></Data><Data name="BAND"><value></value></Data><Data name="BANDWIDTH"><value></value></Data><Data name="CA"><value>false</value></Data><Data name="NR state"><value></value></Data><Data name="RSRP"><value>-105 dBm</value></Data><Data name="RSRQ"><value>-11</value></Data><Data name="LAYER"><value>1</value></Data><Data name="PC"><value>2</value></Data><Data name="DL_BITRATE"><value> kbps</value></Data><Data name="UL_BITRATE"><value> kbps</value></Data><Data name="IP"><value></value></Data><Data name="PHONE STATE"><value>I</value></Data><Data name="IMEI"><value></value></Data><Data name="SPEED"><value>26 km/h</value></Data><Data name="HEIGHT"><value>-2m</value></Data><Data name="ALTITUDE"><value>-2m</value></Data><Data name="LOCATION"><value>G</value></Data><Data name="ACCURACY"><value>3m</value></Data><Data name="DISTANCE"><value>-1m</value></Data><Data name="SITE BEARING"><value>1000deg</value></Data><Data name="ANTENNA BEARING"><value>1000deg</value></Data><Data name="CELLHEX"><value>12</value></Data><Data name="NODEHEX"><value>0</value></Data><Data name="LACHEX"><value>1</value></Data><Data name="RAWCELLID"><value>18</value></Data><Data name="TIME"><value>2026.08.19_12.16.48</value></Data><Data name="NEI1"><value></value></Data><Data name="NEI2"><value></value></Data><Data name="NEI3"><value></value></Data><Data name="NEI4"><value></value></Data><Data name="NEI5"><value></value></Data><Data name="NEI6"><value></value></Data></ExtendedData><Style><LabelStyle><scale>0.0</scale> </LabelStyle><IconStyle><color>FFF07800</color><scale>0.5</scale><Icon><href>http://maps.google.com/mapfiles/kml/shapes/shaded_dot.png</href></Icon></IconStyle></Style><Point><coordinates>-75.75601276,39.66791802,0</coordinates></Point></Placemark><Placemark><name>26 km/h</name><ExtendedData><Data name="CGI"><value>3150100000100018</value></Data><Data name="CELLNAME"><value></value></Data><Data name="CELLID"><value>18</value></Data><Data name="RNC"><value>0</value></Data><Data name="TAC"><value>1</value></Data><Data name="TECHNOLOGY"><value>5G SA</value></Data><Data name="MODE"><value>5G</value></Data><Data name="ARFCN"><value>644640</value></Data><Data name="BAND"><value></value></Data><Data name="BANDWIDTH"><value></value></Data><Data name="CA"><value>false</value></Data><Data name="NR state"><value></value></Data><Data name="RSRP"><value>-105 dBm</value></Data><Data name="RSRQ"><value>-11</value></Data><Data name="LAYER"><value>1</value></Data><Data name="PC"><value>2</value></Data><Data name="DL_BITRATE"><value> kbps</value></Data><Data name="UL_BITRATE"><value> kbps</value></Data><Data name="IP"><value></value></Data><Data name="PHONE STATE"><value>I</value></Data><Data name="IMEI"><value></value></Data><Data name="SPEED"><value>26 km/h</value></Data><Data name="HEIGHT"><value>-2m</value></Data><Data name="ALTITUDE"><value>-2m</value></Data><Data name="LOCATION"><value>G</value></Data><Data name="ACCURACY"><value>3m</value></Data><Data name="DISTANCE"><value>-1m</value></Data><Data name="SITE BEARING"><value>1000deg</value></Data><Data name="ANTENNA BEARING"><value>1000deg</value></Data><Data name="CELLHEX"><value>12</value></Data><Data name="NODEHEX"><value>0</value></Data><Data name="LACHEX"><value>1</value></Data><Data name="RAWCELLID"><value>18</value></Data><Data name="TIME"><value>2026.08.19_12.16.49</value></Data><Data name="NEI1"><value></value></Data><Data name="NEI2"><value></value></Data><Data name="NEI3"><value></value></Data><Data name="NEI4"><value></value></Data><Data name="NEI5"><value></value></Data><Data name="NEI6"><value></value></Data></ExtendedData><Style><LabelStyle><scale>0.0</scale> </LabelStyle><IconStyle><color>FFF07800</color><scale>0.5</scale><Icon><href>http://maps.google.com/mapfiles/kml/shapes/shaded_dot.png</href></Icon></IconStyle></Style><Point><coordinates>-75.75601276,39.66791802,0</coordinates></Point></Placemark><Placemark><name>29 km/h</name><ExtendedData><Data name="CGI"><value>3150100000100018</value></Data><Data name="CELLNAME"><value></value></Data><Data name="CELLID"><value>18</value></Data><Data name="RNC"><value>0</value></Data><Data name="TAC"><value>1</value></Data><Data name="TECHNOLOGY"><value>5G SA</value></Data><Data name="MODE"><value>5G</value></Data><Data name="ARFCN"><value>644640</value></Data><Data name="BAND"><value></value></Data><Data name="BANDWIDTH"><value></value></Data><Data name="CA"><value>false</value></Data><Data name="NR state"><value></value></Data><Data name="RSRP"><value>-105 dBm</value></Data><Data name="RSRQ"><value>-11</value></Data><Data name="LAYER"><value>1</value></Data><Data name="PC"><value>2</value></Data><Data name="DL_BITRATE"><value> kbps</value></Data><Data name="UL_BITRATE"><value> kbps</value></Data><Data name="IP"><value></value></Data><Data name="PHONE STATE"><value>I</value></Data><Data name="IMEI"><value></value></Data><Data name="SPEED"><value>29 km/h</value></Data><Data name="HEIGHT"><value>-2m</value></Data><Data name="ALTITUDE"><value>-2m</value></Data><Data name="LOCATION"><value>G</value></Data><Data name="ACCURACY"><value>3m</value></Data><Data name="DISTANCE"><value>-1m</value></Data><Data name="SITE BEARING"><value>1000deg</value></Data><Data name="ANTENNA BEARING"><value>1000deg</value></Data><Data name="CELLHEX"><value>12</value></Data><Data name="NODEHEX"><value>0</value></Data><Data name="LACHEX"><value>1</value></Data><Data name="RAWCELLID"><value>18</value></Data><Data name="TIME"><value>2026.08.19_12.16.49</value></Data><Data name="NEI1"><value></value></Data><Data name="NEI2"><value></value></Data><Data name="NEI3"><value></value></Data><Data name="NEI4"><value></value></Data><Data name="NEI5"><value></value></Data><Data name="NEI6"><value></value></Data></ExtendedData><Style><LabelStyle><scale>0.0</scale> </LabelStyle><IconStyle><color>FFF07800</color><scale>0.5</scale><Icon><href>http://maps.google.com/mapfiles/kml/shapes/shaded_dot.png</href></Icon></IconStyle></Style><Point><coordinates>-75.75600758,39.66784484,0</coordinates></Point></Placemark><Placemark><name>29 km/h</name><ExtendedData><Data name="CGI"><value>3150100000100018</value></Data><Data name="CELLNAME"><value></value></Data><Data name="CELLID"><value>18</value></Data><Data name="RNC"><value>0</value></Data><Data name="TAC"><value>1</value></Data><Data name="TECHNOLOGY"><value>5G SA</value></Data><Data name="MODE"><value>5G</value></Data><Data name="ARFCN"><value>644640</value></Data><Data name="BAND"><value></value></Data><Data name="BANDWIDTH"><value></value></Data><Data name="CA"><value>false</value></Data><Data name="NR state"><value></value></Data><Data name="RSRP"><value>-105 dBm</value></Data><Data name="RSRQ"><value>-11</value></Data><Data name="LAYER"><value>1</value></Data><Data name="PC"><value>2</value></Data><Data name="DL_BITRATE"><value> kbps</value></Data><Data name="UL_BITRATE"><value> kbps</value></Data><Data name="IP"><value></value></Data><Data name="PHONE STATE"><value>I</value></Data><Data name="IMEI"><value></value></Data><Data name="SPEED"><value>29 km/h</value></Data><Data name="HEIGHT"><value>-2m</value></Data><Data name="ALTITUDE"><value>-2m</value></Data><Data name="LOCATION"><value>G</value></Data><Data name="ACCURACY"><value>3m</value></Data><Data name="DISTANCE"><value>-1m</value></Data><Data name="SITE BEARING"><value>1000deg</value></Data><Data name="ANTENNA BEARING"><value>1000deg</value></Data><Data name="CELLHEX"><value>12</value></Data><Data name="NODEHEX"><value>0</value></Data><Data name="LACHEX"><value>1</value></Data><Data name="RAWCELLID"><value>18</value></Data><Data name="TIME"><value>2026.08.19_12.16.50</value></Data><Data name="NEI1"><value></value></Data><Data name="NEI2"><value></value></Data><Data name="NEI3"><value></value></Data><Data name="NEI4"><value></value></Data><Data name="NEI5"><value></value></Data><Data name="NEI6"><value></value></Data></ExtendedData><Style><LabelStyle><scale>0.0</scale> </LabelStyle><IconStyle><color>FFF07800</color><scale>0.5</scale><Icon><href>http://maps.google.com/mapfiles/kml/shapes/shaded_dot.png</href></Icon></IconStyle></Style><Point><coordinates>-75.75600758,39.66784484,0</coordinates></Point></Placemark><Placemark><name>32 km/h</name><ExtendedData><Data name="CGI"><value>3150100000100018</value></Data><Data name="CELLNAME"><value></value></Data><Data name="CELLID"><value>18</value></Data><Data name="RNC"><value>0</value></Data><Data name="TAC"><value>1</value></Data><Data name="TECHNOLOGY"><value>5G SA</value></Data><Data name="MODE"><value>5G</value></Data><Data name="ARFCN"><value>644640</value></Data><Data name="BAND"><value></value></Data><Data name="BANDWIDTH"><value></value></Data><Data name="CA"><value>false</value></Data><Data name="NR state"><value></value></Data><Data name="RSRP"><value>-105 dBm</value></Data><Data name="RSRQ"><value>-11</value></Data><Data name="LAYER"><value>1</value></Data><Data name="PC"><value>2</value></Data><Data name="DL_BITRATE"><value> kbps</value></Data><Data name="UL_BITRATE"><value> kbps</value></Data><Data name="IP"><value></value></Data><Data name="PHONE STATE"><value>I</value></Data><Data name="IMEI"><value></value></Data><Data name="SPEED"><value>32 km/h</value></Data><Data name="HEIGHT"><value>-2m</value></Data><Data name="ALTITUDE"><value>-2m</value></Data><Data name="LOCATION"><value>G</value></Data><Data name="ACCURACY"><value>3m</value></Data><Data name="DISTANCE"><value>-1m</value></Data><Data name="SITE BEARING"><value>1000deg</value></Data><Data name="ANTENNA BEARING"><value>1000deg</value></Data><Data name="CELLHEX"><value>12</value></Data><Data name="NODEHEX"><value>0</value></Data><Data name="LACHEX"><value>1</value></Data><Data name="RAWCELLID"><value>18</value></Data><Data name="TIME"><value>2026.08.19_12.16.50</value></Data><Data name="NEI1"><value></value></Data><Data name="NEI2"><value></value></Data><Data name="NEI3"><value></value></Data><Data name="NEI4"><value></value></Data><Data name="NEI5"><value></value></Data><Data name="NEI6"><value></value></Data></ExtendedData><Style><LabelStyle><scale>0.0</scale> </LabelStyle><IconStyle><color>FFF07800</color><scale>0.5</scale><Icon><href>http://maps.google.com/mapfiles/kml/shapes/shaded_dot.png</href></Icon></IconStyle></Style><Point><coordinates>-75.75600069,39.66776289,0</coordinates></Point></Placemark><Placemark><name>32 km/h</name><ExtendedData><Data name="CGI"><value>3150100000100018</value></Data><Data name="CELLNAME"><value></value></Data><Data name="CELLID"><value>18</value></Data><Data name="RNC"><value>0</value></Data><Data name="TAC"><value>1</value></Data><Data name="TECHNOLOGY"><value>5G SA</value></Data><Data name="MODE"><value>5G</value></Data><Data name="ARFCN"><value>644640</value></Data><Data name="BAND"><value></value></Data><Data name="BANDWIDTH"><value></value></Data><Data name="CA"><value>false</value></Data><Data name="NR state"><value></value></Data><Data name="RSRP"><value>-105 dBm</value></Data><Data name="RSRQ"><value>-11</value></Data><Data name="LAYER"><value>1</value></Data><Data name="PC"><value>2</value></Data><Data name="DL_BITRATE"><value> kbps</value></Data><Data name="UL_BITRATE"><value> kbps</value></Data><Data name="IP"><value></value></Data><Data name="PHONE STATE"><value>I</value></Data><Data name="IMEI"><value></value></Data><Data name="SPEED"><value>32 km/h</value></Data><Data name="HEIGHT"><value>-2m</value></Data><Data name="ALTITUDE"><value>-2m</value></Data><Data name="LOCATION"><value>G</value></Data><Data name="ACCURACY"><value>3m</value></Data><Data name="DISTANCE"><value>-1m</value></Data><Data name="SITE BEARING"><value>1000deg</value></Data><Data name="ANTENNA BEARING"><value>1000deg</value></Data><Data name="CELLHEX"><value>12</value></Data><Data name="NODEHEX"><value>0</value></Data><Data name="LACHEX"><value>1</value></Data><Data name="RAWCELLID"><value>18</value></Data><Data name="TIME"><value>2026.08.19_12.16.51</value></Data><Data name="NEI1"><value></value></Data><Data name="NEI2"><value></value></Data><Data name="NEI3"><value></value></Data><Data name="NEI4"><value></value></Data><Data name="NEI5"><value></value></Data><Data name="NEI6"><value></value></Data></ExtendedData><Style><LabelStyle><scale>0.0</scale> </LabelStyle><IconStyle><color>FFF07800</color><scale>0.5</scale><Icon><href>http://maps.google.com/mapfiles/kml/shapes/shaded_dot.png</href></Icon></IconStyle></Style><Point><coordinates>-75.75600069,39.66776289,0</coordinates></Point></Placemark><Placemark><name>36 km/h</name><ExtendedData><Data name="CGI"><value>3150100000100018</value></Data><Data name="CELLNAME"><value></value></Data><Data name="CELLID"><value>18</value></Data><Data name="RNC"><value>0</value></Data><Data name="TAC"><value>1</value></Data><Data name="TECHNOLOGY"><value>5G SA</value></Data><Data name="MODE"><value>5G</value></Data><Data name="ARFCN"><value>644640</value></Data><Data name="BAND"><value></value></Data><Data name="BANDWIDTH"><value></value></Data><Data name="CA"><value>false</value></Data><Data name="NR state"><value></value></Data><Data name="RSRP"><value>-105 dBm</value></Data><Data name="RSRQ"><value>-11</value></Data><Data name="LAYER"><value>1</value></Data><Data name="PC"><value>2</value></Data><Data name="DL_BITRATE"><value> kbps</value></Data><Data name="UL_BITRATE"><value> kbps</value></Data><Data name="IP"><value></value></Data><Data name="PHONE STATE"><value>I</value></Data><Data name="IMEI"><value></value></Data><Data name="SPEED"><value>36 km/h</value></Data><Data name="HEIGHT"><value>-2m</value></Data><Data name="ALTITUDE"><value>-2m</value></Data><Data name="LOCATION"><value>G</value></Data><Data name="ACCURACY"><value>3m</value></Data><Data name="DISTANCE"><value>-1m</value></Data><Data name="SITE BEARING"><value>1000deg</value></Data><Data name="ANTENNA BEARING"><value>1000deg</value></Data><Data name="CELLHEX"><value>12</value></Data><Data name="NODEHEX"><value>0</value></Data><Data name="LACHEX"><value>1</value></Data><Data name="RAWCELLID"><value>18</value></Data><Data name="TIME"><value>2026.08.19_12.16.51</value></Data><Data name="NEI1"><value></value></Data><Data name="NEI2"><value></value></Data><Data name="NEI3"><value></value></Data><Data name="NEI4"><value></value></Data><Data name="NEI5"><value></value></Data><Data name="NEI6"><value></value></Data></ExtendedData><Style><LabelStyle><scale>0.0</scale> </LabelStyle><IconStyle><color>FFF07800</color><scale>0.5</scale><Icon><href>http://maps.google.com/mapfiles/kml/shapes/shaded_dot.png</href></Icon></IconStyle></Style><Point><coordinates>-75.75599409,39.66767386,0</coordinates></Point></Placemark><Placemark><name>36 km/h</name><ExtendedData><Data name="CGI"><value>3150100000100018</value></Data><Data name="CELLNAME"><value></value></Data><Data name="CELLID"><value>18</value></Data><Data name="RNC"><value>0</value></Data><Data name="TAC"><value>1</value></Data><Data name="TECHNOLOGY"><value>5G SA</value></Data><Data name="MODE"><value>5G</value></Data><Data name="ARFCN"><value>644640</value></Data><Data name="BAND"><value></value></Data><Data name="BANDWIDTH"><value></value></Data><Data name="CA"><value>false</value></Data><Data name="NR state"><value></value></Data><Data name="RSRP"><value>-105 dBm</value></Data><Data name="RSRQ"><value>-11</value></Data><Data name="LAYER"><value>1</value></Data><Data name="PC"><value>2</value></Data><Data name="DL_BITRATE"><value> kbps</value></Data><Data name="UL_BITRATE"><value> kbps</value></Data><Data name="IP"><value></value></Data><Data name="PHONE STATE"><value>I</value></Data><Data name="IMEI"><value></value></Data><Data name="SPEED"><value>36 km/h</value></Data><Data name="HEIGHT"><value>-2m</value></Data><Data name="ALTITUDE"><value>-2m</value></Data><Data name="LOCATION"><value>G</value></Data><Data name="ACCURACY"><value>3m</value></Data><Data name="DISTANCE"><value>-1m</value></Data><Data name="SITE BEARING"><value>1000deg</value></Data><Data name="ANTENNA BEARING"><value>1000deg</value></Data><Data name="CELLHEX"><value>12</value></Data><Data name="NODEHEX"><value>0</value></Data><Data name="LACHEX"><value>1</value></Data><Data name="RAWCELLID"><value>18</value></Data><Data name="TIME"><value>2026.08.19_12.16.52</value></Data><Data name="NEI1"><value></value></Data><Data name="NEI2"><value></value></Data><Data name="NEI3"><value></value></Data><Data name="NEI4"><value></value></Data><Data name="NEI5"><value></value></Data><Data name="NEI6"><value></value></Data></ExtendedData><Style><LabelStyle><scale>0.0</scale> </LabelStyle><IconStyle><color>FFF07800</color><scale>0.5</scale><Icon><href>http://maps.google.com/mapfiles/kml/shapes/shaded_dot.png</href></Icon></IconStyle></Style><Point><coordinates>-75.75599409,39.66767386,0</coordinates></Point></Placemark><Placemark><name>38 km/h</name><ExtendedData><Data name="CGI"><value>3150100000100018</value></Data><Data name="CELLNAME"><value></value></Data><Data name="CELLID"><value>18</value></Data><Data name="RNC"><value>0</value></Data><Data name="TAC"><value>1</value></Data><Data name="TECHNOLOGY"><value>5G SA</value></Data><Data name="MODE"><value>5G</value></Data><Data name="ARFCN"><value>644640</value></Data><Data name="BAND"><value></value></Data><Data name="BANDWIDTH"><value></value></Data><Data name="CA"><value>false</value></Data><Data name="NR state"><value></value></Data><Data name="RSRP"><value>-105 dBm</value></Data><Data name="RSRQ"><value>-11</value></Data><Data name="LAYER"><value>1</value></Data><Data name="PC"><value>2</value></Data><Data name="DL_BITRATE"><value> kbps</value></Data><Data name="UL_BITRATE"><value> kbps</value></Data><Data name="IP"><value></value></Data><Data name="PHONE STATE"><value>I</value></Data><Data name="IMEI"><value></value></Data><Data name="SPEED"><value>38 km/h</value></Data><Data name="HEIGHT"><value>-2m</value></Data><Data name="ALTITUDE"><value>-2m</value></Data><Data name="LOCATION"><value>G</value></Data><Data name="ACCURACY"><value>3m</value></Data><Data name="DISTANCE"><value>-1m</value></Data><Data name="SITE BEARING"><value>1000deg</value></Data><Data name="ANTENNA BEARING"><value>1000deg</value></Data><Data name="CELLHEX"><value>12</value></Data><Data name="NODEHEX"><value>0</value></Data><Data name="LACHEX"><value>1</value></Data><Data name="RAWCELLID"><value>18</value></Data><Data name="TIME"><value>2026.08.19_12.16.52</value></Data><Data name="NEI1"><value></value></Data><Data name="NEI2"><value></value></Data><Data name="NEI3"><value></value></Data><Data name="NEI4"><value></value></Data><Data name="NEI5"><value></value></Data><Data name="NEI6"><value></value></Data></ExtendedData><Style><LabelStyle><scale>0.0</scale> </LabelStyle><IconStyle><color>FFF07800</color><scale>0.5</scale><Icon><href>http://maps.google.com/mapfiles/kml/shapes/shaded_dot.png</href></Icon></IconStyle></Style><Point><coordinates>-75.7559843,39.66758033,0</coordinates></Point></Placemark><Placemark><name>38 km/h</name><ExtendedData><Data name="CGI"><value>3150100000100018</value></Data><Data name="CELLNAME"><value></value></Data><Data name="CELLID"><value>18</value></Data><Data name="RNC"><value>0</value></Data><Data name="TAC"><value>1</value></Data><Data name="TECHNOLOGY"><value>5G SA</value></Data><Data name="MODE"><value>5G</value></Data><Data name="ARFCN"><value>644640</value></Data><Data name="BAND"><value></value></Data><Data name="BANDWIDTH"><value></value></Data><Data name="CA"><value>false</value></Data><Data name="NR state"><value></value></Data><Data name="RSRP"><value>-105 dBm</value></Data><Data name="RSRQ"><value>-11</value></Data><Data name="LAYER"><value>1</value></Data><Data name="PC"><value>2</value></Data><Data name="DL_BITRATE"><value> kbps</value></Data><Data name="UL_BITRATE"><value> kbps</value></Data><Data name="IP"><value></value></Data><Data name="PHONE STATE"><value>I</value></Data><Data name="IMEI"><value></value></Data><Data name="SPEED"><value>38 km/h</value></Data><Data name="HEIGHT"><value>-2m</value></Data><Data name="ALTITUDE"><value>-2m</value></Data><Data name="LOCATION"><value>G</value></Data><Data name="ACCURACY"><value>3m</value></Data><Data name="DISTANCE"><value>-1m</value></Data><Data name="SITE BEARING"><value>1000deg</value></Data><Data name="ANTENNA BEARING"><value>1000deg</value></Data><Data name="CELLHEX"><value>12</value></Data><Data name="NODEHEX"><value>0</value></Data><Data name="LACHEX"><value>1</value></Data><Data name="RAWCELLID"><value>18</value></Data><Data name="TIME"><value>2026.08.19_12.16.53</value></Data><Data name="NEI1"><value></value></Data><Data name="NEI2"><value></value></Data><Data name="NEI3"><value></value></Data><Data name="NEI4"><value></value></Data><Data name="NEI5"><value></value></Data><Data name="NEI6"><value></value></Data></ExtendedData><Style><LabelStyle><scale>0.0</scale> </LabelStyle><IconStyle><color>FFF07800</color><scale>0.5</scale><Icon><href>http://maps.google.com/mapfiles/kml/shapes/shaded_dot.png</href></Icon></IconStyle></Style><Point><coordinates>-75.7559843,39.66758033,0</coordinates></Point></Placemark><Placemark><name>39 km/h</name><ExtendedData><Data name="CGI"><value>3150100000100018</value></Data><Data name="CELLNAME"><value></value></Data><Data name="CELLID"><value>18</value></Data><Data name="RNC"><value>0</value></Data><Data name="TAC"><value>1</value></Data><Data name="TECHNOLOGY"><value>5G SA</value></Data><Data name="MODE"><value>5G</value></Data><Data name="ARFCN"><value>644640</value></Data><Data name="BAND"><value></value></Data><Data name="BANDWIDTH"><value></value></Data><Data name="CA"><value>false</value></Data><Data name="NR state"><value></value></Data><Data name="RSRP"><value>-105 dBm</value></Data><Data name="RSRQ"><value>-11</value></Data><Data name="LAYER"><value>1</value></Data><Data name="PC"><value>2</value></Data><Data name="DL_BITRATE"><value> kbps</value></Data><Data name="UL_BITRATE"><value> kbps</value></Data><Data name="IP"><value></value></Data><Data name="PHONE STATE"><value>I</value></Data><Data name="IMEI"><value></value></Data><Data name="SPEED"><value>39 km/h</value></Data><Data name="HEIGHT"><value>-2m</value></Data><Data name="ALTITUDE"><value>-2m</value></Data><Data name="LOCATION"><value>G</value></Data><Data name="ACCURACY"><value>3m</value></Data><Data name="DISTANCE"><value>-1m</value></Data><Data name="SITE BEARING"><value>1000deg</value></Data><Data name="ANTENNA BEARING"><value>1000deg</value></Data><Data name="CELLHEX"><value>12</value></Data><Data name="NODEHEX"><value>0</value></Data><Data name="LACHEX"><value>1</value></Data><Data name="RAWCELLID"><value>18</value></Data><Data name="TIME"><value>2026.08.19_12.16.53</value></Data><Data name="NEI1"><value></value></Data><Data name="NEI2"><value></value></Data><Data name="NEI3"><value></value></Data><Data name="NEI4"><value></value></Data><Data name="NEI5"><value></value></Data><Data name="NEI6"><value></value></Data></ExtendedData><Style><LabelStyle><scale>0.0</scale> </LabelStyle><IconStyle><color>FFF07800</color><scale>0.5</scale><Icon><href>http://maps.google.com/mapfiles/kml/shapes/shaded_dot.png</href></Icon></IconStyle></Style><Point><coordinates>-75.75597007,39.66748151,0</coordinates></Point></Placemark><Placemark><name>39 km/h</name><ExtendedData><Data name="CGI"><value>3150100000100018</value></Data><Data name="CELLNAME"><value></value></Data><Data name="CELLID"><value>18</value></Data><Data name="RNC"><value>0</value></Data><Data name="TAC"><value>1</value></Data><Data name="TECHNOLOGY"><value>5G SA</value></Data><Data name="MODE"><value>5G</value></Data><Data name="ARFCN"><value>644640</value></Data><Data name="BAND"><value></value></Data><Data name="BANDWIDTH"><value></value></Data><Data name="CA"><value>false</value></Data><Data name="NR state"><value></value></Data><Data name="RSRP"><value>-105 dBm</value></Data><Data name="RSRQ"><value>-11</value></Data><Data name="LAYER"><value>1</value></Data><Data name="PC"><value>2</value></Data><Data name="DL_BITRATE"><value> kbps</value></Data><Data name="UL_BITRATE"><value> kbps</value></Data><Data name="IP"><value></value></Data><Data name="PHONE STATE"><value>I</value></Data><Data name="IMEI"><value></value></Data><Data name="SPEED"><value>39 km/h</value></Data><Data name="HEIGHT"><value>-2m</value></Data><Data name="ALTITUDE"><value>-2m</value></Data><Data name="LOCATION"><value>G</value></Data><Data name="ACCURACY"><value>3m</value></Data><Data name="DISTANCE"><value>-1m</value></Data><Data name="SITE BEARING"><value>1000deg</value></Data><Data name="ANTENNA BEARING"><value>1000deg</value></Data><Data name="CELLHEX"><value>12</value></Data><Data name="NODEHEX"><value>0</value></Data><Data name="LACHEX"><value>1</value></Data><Data name="RAWCELLID"><value>18</value></Data><Data name="TIME"><value>2026.08.19_12.16.54</value></Data><Data name="NEI1"><value></value></Data><Data name="NEI2"><value></value></Data><Data name="NEI3"><value></value></Data><Data name="NEI4"><value></value></Data><Data name="NEI5"><value></value></Data><Data name="NEI6"><value></value></Data></ExtendedData><Style><LabelStyle><scale>0.0</scale> </LabelStyle><IconStyle><color>FFF07800</color><scale>0.5</scale><Icon><href>http://maps.google.com/mapfiles/kml/shapes/shaded_dot.png</href></Icon></IconStyle></Style><Point><coordinates>-75.75597007,39.66748151,0</coordinates></Point></Placemark><Placemark><name>39 km/h</name><ExtendedData><Data name="CGI"><value>3150100000100018</value></Data><Data name="CELLNAME"><value></value></Data><Data name="CELLID"><value>18</value></Data><Data name="RNC"><value>0</value></Data><Data name="TAC"><value>1</value></Data><Data name="TECHNOLOGY"><value>5G SA</value></Data><Data name="MODE"><value>5G</value></Data><Data name="ARFCN"><value>644640</value></Data><Data name="BAND"><value></value></Data><Data name="BANDWIDTH"><value></value></Data><Data name="CA"><value>false</value></Data><Data name="NR state"><value></value></Data><Data name="RSRP"><value>-105 dBm</value></Data><Data name="RSRQ"><value>-11</value></Data><Data name="LAYER"><value>1</value></Data><Data name="PC"><value>2</value></Data><Data name="DL_BITRATE"><value> kbps</value></Data><Data name="UL_BITRATE"><value> kbps</value></Data><Data name="IP"><value></value></Data><Data name="PHONE STATE"><value>I</value></Data><Data name="IMEI"><value></value></Data><Data name="SPEED"><value>39 km/h</value></Data><Data name="HEIGHT"><value>-2m</value></Data><Data name="ALTITUDE"><value>-2m</value></Data><Data name="LOCATION"><value>G</value></Data><Data name="ACCURACY"><value>3m</value></Data><Data name="DISTANCE"><value>-1m</value></Data><Data name="SITE BEARING"><value>1000deg</value></Data><Data name="ANTENNA BEARING"><value>1000deg</value></Data><Data name="CELLHEX"><value>12</value></Data><Data name="NODEHEX"><value>0</value></Data><Data name="LACHEX"><value>1</value></Data><Data name="RAWCELLID"><value>18</value></Data><Data name="TIME"><value>2026.08.19_12.16.54</value></Data><Data name="NEI1"><value></value></Data><Data name="NEI2"><value></value></Data><Data name="NEI3"><value></value></Data><Data name="NEI4"><value></value></Data><Data name="NEI5"><value></value></Data><Data name="NEI6"><value></value></Data></ExtendedData><Style><LabelStyle><scale>0.0</scale> </LabelStyle><IconStyle><color>FFF07800</color><scale>0.5</scale><Icon><href>http://maps.google.com/mapfiles/kml/shapes/shaded_dot.png</href></Icon></IconStyle></Style><Point><coordinates>-75.75595501,39.66738361,0</coordinates></Point></Placemark><Placemark><name>39 km/h</name><ExtendedData><Data name="CGI"><value>3150100000100018</value></Data><Data name="CELLNAME"><value></value></Data><Data name="CELLID"><value>18</value></Data><Data name="RNC"><value>0</value></Data><Data name="TAC"><value>1</value></Data><Data name="TECHNOLOGY"><value>5G SA</value></Data><Data name="MODE"><value>5G</value></Data><Data name="ARFCN"><value>644640</value></Data><Data name="BAND"><value></value></Data><Data name="BANDWIDTH"><value></value></Data><Data name="CA"><value>false</value></Data><Data name="NR state"><value></value></Data><Data name="RSRP"><value>-105 dBm</value></Data><Data name="RSRQ"><value>-11</value></Data><Data name="LAYER"><value>1</value></Data><Data name="PC"><value>2</value></Data><Data name="DL_BITRATE"><value> kbps</value></Data><Data name="UL_BITRATE"><value> kbps</value></Data><Data name="IP"><value></value></Data><Data name="PHONE STATE"><value>I</value></Data><Data name="IMEI"><value></value></Data><Data name="SPEED"><value>39 km/h</value></Data><Data name="HEIGHT"><value>-2m</value></Data><Data name="ALTITUDE"><value>-2m</value></Data><Data name="LOCATION"><value>G</value></Data><Data name="ACCURACY"><value>3m</value></Data><Data name="DISTANCE"><value>-1m</value></Data><Data name="SITE BEARING"><value>1000deg</value></Data><Data name="ANTENNA BEARING"><value>1000deg</value></Data><Data name="CELLHEX"><value>12</value></Data><Data name="NODEHEX"><value>0</value></Data><Data name="LACHEX"><value>1</value></Data><Data name="RAWCELLID"><value>18</value></Data><Data name="TIME"><value>2026.08.19_12.16.55</value></Data><Data name="NEI1"><value></value></Data><Data name="NEI2"><value></value></Data><Data name="NEI3"><value></value></Data><Data name="NEI4"><value></value></Data><Data name="NEI5"><value></value></Data><Data name="NEI6"><value></value></Data></ExtendedData><Style><LabelStyle><scale>0.0</scale> </LabelStyle><IconStyle><color>FFF07800</color><scale>0.5</scale><Icon><href>http://maps.google.com/mapfiles/kml/shapes/shaded_dot.png</href></Icon></IconStyle></Style><Point><coordinates>-75.75595501,39.66738361,0</coordinates></Point></Placemark><Placemark><name>39 km/h</name><ExtendedData><Data name="CGI"><value>3150100000100018</value></Data><Data name="CELLNAME"><value></value></Data><Data name="CELLID"><value>18</value></Data><Data name="RNC"><value>0</value></Data><Data name="TAC"><value>1</value></Data><Data name="TECHNOLOGY"><value>5G SA</value></Data><Data name="MODE"><value>5G</value></Data><Data name="ARFCN"><value>644640</value></Data><Data name="BAND"><value></value></Data><Data name="BANDWIDTH"><value></value></Data><Data name="CA"><value>false</value></Data><Data name="NR state"><value></value></Data><Data name="RSRP"><value>-105 dBm</value></Data><Data name="RSRQ"><value>-11</value></Data><Data name="LAYER"><value>1</value></Data><Data name="PC"><value>2</value></Data><Data name="DL_BITRATE"><value> kbps</value></Data><Data name="UL_BITRATE"><value> kbps</value></Data><Data name="IP"><value></value></Data><Data name="PHONE STATE"><value>I</value></Data><Data name="IMEI"><value></value></Data><Data name="SPEED"><value>39 km/h</value></Data><Data name="HEIGHT"><value>-3m</value></Data><Data name="ALTITUDE"><value>-3m</value></Data><Data name="LOCATION"><value>G</value></Data><Data name="ACCURACY"><value>3m</value></Data><Data name="DISTANCE"><value>-1m</value></Data><Data name="SITE BEARING"><value>1000deg</value></Data><Data name="ANTENNA BEARING"><value>1000deg</value></Data><Data name="CELLHEX"><value>12</value></Data><Data name="NODEHEX"><value>0</value></Data><Data name="LACHEX"><value>1</value></Data><Data name="RAWCELLID"><value>18</value></Data><Data name="TIME"><value>2026.08.19_12.16.55</value></Data><Data name="NEI1"><value></value></Data><Data name="NEI2"><value></value></Data><Data name="NEI3"><value></value></Data><Data name="NEI4"><value></value></Data><Data name="NEI5"><value></value></Data><Data name="NEI6"><value></value></Data></ExtendedData><Style><LabelStyle><scale>0.0</scale> </LabelStyle><IconStyle><color>FFF07800</color><scale>0.5</scale><Icon><href>http://maps.google.com/mapfiles/kml/shapes/shaded_dot.png</href></Icon></IconStyle></Style><Point><coordinates>-75.75594506,39.66728487,0</coordinates></Point></Placemark><Placemark><name>39 km/h</name><ExtendedData><Data name="CGI"><value>3150100000100018</value></Data><Data name="CELLNAME"><value></value></Data><Data name="CELLID"><value>18</value></Data><Data name="RNC"><value>0</value></Data><Data name="TAC"><value>1</value></Data><Data name="TECHNOLOGY"><value>5G SA</value></Data><Data name="MODE"><value>5G</value></Data><Data name="ARFCN"><value>644640</value></Data><Data name="BAND"><value></value></Data><Data name="BANDWIDTH"><value></value></Data><Data name="CA"><value>false</value></Data><Data name="NR state"><value></value></Data><Data name="RSRP"><value>-105 dBm</value></Data><Data name="RSRQ"><value>-11</value></Data><Data name="LAYER"><value>1</value></Data><Data name="PC"><value>2</value></Data><Data name="DL_BITRATE"><value> kbps</value></Data><Data name="UL_BITRATE"><value> kbps</value></Data><Data name="IP"><value></value></Data><Data name="PHONE STATE"><value>I</value></Data><Data name="IMEI"><value></value></Data><Data name="SPEED"><value>39 km/h</value></Data><Data name="HEIGHT"><value>-3m</value></Data><Data name="ALTITUDE"><value>-3m</value></Data><Data name="LOCATION"><value>G</value></Data><Data name="ACCURACY"><value>3m</value></Data><Data name="DISTANCE"><value>-1m</value></Data><Data name="SITE BEARING"><value>1000deg</value></Data><Data name="ANTENNA BEARING"><value>1000deg</value></Data><Data name="CELLHEX"><value>12</value></Data><Data name="NODEHEX"><value>0</value></Data><Data name="LACHEX"><value>1</value></Data><Data name="RAWCELLID"><value>18</value></Data><Data name="TIME"><value>2026.08.19_12.16.56</value></Data><Data name="NEI1"><value></value></Data><Data name="NEI2"><value></value></Data><Data name="NEI3"><value></value></Data><Data name="NEI4"><value></value></Data><Data name="NEI5"><value></value></Data><Data name="NEI6"><value></value></Data></ExtendedData><Style><LabelStyle><scale>0.0</scale> </LabelStyle><IconStyle><color>FFF07800</color><scale>0.5</scale><Icon><href>http://maps.google.com/mapfiles/kml/shapes/shaded_dot.png</href></Icon></IconStyle></Style><Point><coordinates>-75.75594506,39.66728487,0</coordinates></Point></Placemark><Placemark><name>38 km/h</name><ExtendedData><Data name="CGI"><value>3150100000100018</value></Data><Data name="CELLNAME"><value></value></Data><Data name="CELLID"><value>18</value></Data><Data name="RNC"><value>0</value></Data><Data name="TAC"><value>1</value></Data><Data name="TECHNOLOGY"><value>5G SA</value></Data><Data name="MODE"><value>5G</value></Data><Data name="ARFCN"><value>644640</value></Data><Data name="BAND"><value></value></Data><Data name="BANDWIDTH"><value></value></Data><Data name="CA"><value>false</value></Data><Data name="NR state"><value></value></Data><Data name="RSRP"><value>-105 dBm</value></Data><Data name="RSRQ"><value>-11</value></Data><Data name="LAYER"><value>1</value></Data><Data name="PC"><value>2</value></Data><Data name="DL_BITRATE"><value> kbps</value></Data><Data name="UL_BITRATE"><value> kbps</value></Data><Data name="IP"><value></value></Data><Data name="PHONE STATE"><value>I</value></Data><Data name="IMEI"><value></value></Data><Data name="SPEED"><value>38 km/h</value></Data><Data name="HEIGHT"><value>-3m</value></Data><Data name="ALTITUDE"><value>-3m</value></Data><Data name="LOCATION"><value>G</value></Data><Data name="ACCURACY"><value>3m</value></Data><Data name="DISTANCE"><value>-1m</value></Data><Data name="SITE BEARING"><value>1000deg</value></Data><Data name="ANTENNA BEARING"><value>1000deg</value></Data><Data name="CELLHEX"><value>12</value></Data><Data name="NODEHEX"><value>0</value></Data><Data name="LACHEX"><value>1</value></Data><Data name="RAWCELLID"><value>18</value></Data><Data name="TIME"><value>2026.08.19_12.16.56</value></Data><Data name="NEI1"><value></value></Data><Data name="NEI2"><value></value></Data><Data name="NEI3"><value></value></Data><Data name="NEI4"><value></value></Data><Data name="NEI5"><value></value></Data><Data name="NEI6"><value></value></Data></ExtendedData><Style><LabelStyle><scale>0.0</scale> </LabelStyle><IconStyle><color>FFF07800</color><scale>0.5</scale><Icon><href>http://maps.google.com/mapfiles/kml/shapes/shaded_dot.png</href></Icon></IconStyle></Style><Point><coordinates>-75.75593364,39.66718764,0</coordinates></Point></Placemark><Placemark><name>38 km/h</name><ExtendedData><Data name="CGI"><value>3150100000100018</value></Data><Data name="CELLNAME"><value></value></Data><Data name="CELLID"><value>18</value></Data><Data name="RNC"><value>0</value></Data><Data name="TAC"><value>1</value></Data><Data name="TECHNOLOGY"><value>5G SA</value></Data><Data name="MODE"><value>5G</value></Data><Data name="ARFCN"><value>644640</value></Data><Data name="BAND"><value></value></Data><Data name="BANDWIDTH"><value></value></Data><Data name="CA"><value>false</value></Data><Data name="NR state"><value></value></Data><Data name="RSRP"><value>-105 dBm</value></Data><Data name="RSRQ"><value>-11</value></Data><Data name="LAYER"><value>1</value></Data><Data name="PC"><value>2</value></Data><Data name="DL_BITRATE"><value> kbps</value></Data><Data name="UL_BITRATE"><value> kbps</value></Data><Data name="IP"><value></value></Data><Data name="PHONE STATE"><value>I</value></Data><Data name="IMEI"><value></value></Data><Data name="SPEED"><value>38 km/h</value></Data><Data name="HEIGHT"><value>-3m</value></Data><Data name="ALTITUDE"><value>-3m</value></Data><Data name="LOCATION"><value>G</value></Data><Data name="ACCURACY"><value>3m</value></Data><Data name="DISTANCE"><value>-1m</value></Data><Data name="SITE BEARING"><value>1000deg</value></Data><Data name="ANTENNA BEARING"><value>1000deg</value></Data><Data name="CELLHEX"><value>12</value></Data><Data name="NODEHEX"><value>0</value></Data><Data name="LACHEX"><value>1</value></Data><Data name="RAWCELLID"><value>18</value></Data><Data name="TIME"><value>2026.08.19_12.16.57</value></Data><Data name="NEI1"><value></value></Data><Data name="NEI2"><value></value></Data><Data name="NEI3"><value></value></Data><Data name="NEI4"><value></value></Data><Data name="NEI5"><value></value></Data><Data name="NEI6"><value></value></Data></ExtendedData><Style><LabelStyle><scale>0.0</scale> </LabelStyle><IconStyle><color>FFF07800</color><scale>0.5</scale><Icon><href>http://maps.google.com/mapfiles/kml/shapes/shaded_dot.png</href></Icon></IconStyle></Style><Point><coordinates>-75.75593364,39.66718764,0</coordinates></Point></Placemark><Placemark><name>36 km/h</name><ExtendedData><Data name="CGI"><value>3150100000100018</value></Data><Data name="CELLNAME"><value></value></Data><Data name="CELLID"><value>18</value></Data><Data name="RNC"><value>0</value></Data><Data name="TAC"><value>1</value></Data><Data name="TECHNOLOGY"><value>5G SA</value></Data><Data name="MODE"><value>5G</value></Data><Data name="ARFCN"><value>644640</value></Data><Data name="BAND"><value></value></Data><Data name="BANDWIDTH"><value></value></Data><Data name="CA"><value>false</value></Data><Data name="NR state"><value></value></Data><Data name="RSRP"><value>-105 dBm</value></Data><Data name="RSRQ"><value>-11</value></Data><Data name="LAYER"><value>1</value></Data><Data name="PC"><value>2</value></Data><Data name="DL_BITRATE"><value> kbps</value></Data><Data name="UL_BITRATE"><value> kbps</value></Data><Data name="IP"><value></value></Data><Data name="PHONE STATE"><value>I</value></Data><Data name="IMEI"><value></value></Data><Data name="SPEED"><value>36 km/h</value></Data><Data name="HEIGHT"><value>-3m</value></Data><Data name="ALTITUDE"><value>-3m</value></Data><Data name="LOCATION"><value>G</value></Data><Data name="ACCURACY"><value>3m</value></Data><Data name="DISTANCE"><value>-1m</value></Data><Data name="SITE BEARING"><value>1000deg</value></Data><Data name="ANTENNA BEARING"><value>1000deg</value></Data><Data name="CELLHEX"><value>12</value></Data><Data name="NODEHEX"><value>0</value></Data><Data name="LACHEX"><value>1</value></Data><Data name="RAWCELLID"><value>18</value></Data><Data name="TIME"><value>2026.08.19_12.16.57</value></Data><Data name="NEI1"><value></value></Data><Data name="NEI2"><value></value></Data><Data name="NEI3"><value></value></Data><Data name="NEI4"><value></value></Data><Data name="NEI5"><value></value></Data><Data name="NEI6"><value></value></Data></ExtendedData><Style><LabelStyle><scale>0.0</scale> </LabelStyle><IconStyle><color>FFF07800</color><scale>0.5</scale><Icon><href>http://maps.google.com/mapfiles/kml/shapes/shaded_dot.png</href></Icon></IconStyle></Style><Point><coordinates>-75.75591931,39.66709707,0</coordinates></Point></Placemark><Placemark><name>36 km/h</name><ExtendedData><Data name="CGI"><value>3150100000100018</value></Data><Data name="CELLNAME"><value></value></Data><Data name="CELLID"><value>18</value></Data><Data name="RNC"><value>0</value></Data><Data name="TAC"><value>1</value></Data><Data name="TECHNOLOGY"><value>5G SA</value></Data><Data name="MODE"><value>5G</value></Data><Data name="ARFCN"><value>644640</value></Data><Data name="BAND"><value></value></Data><Data name="BANDWIDTH"><value></value></Data><Data name="CA"><value>false</value></Data><Data name="NR state"><value></value></Data><Data name="RSRP"><value>-105 dBm</value></Data><Data name="RSRQ"><value>-11</value></Data><Data name="LAYER"><value>1</value></Data><Data name="PC"><value>2</value></Data><Data name="DL_BITRATE"><value> kbps</value></Data><Data name="UL_BITRATE"><value> kbps</value></Data><Data name="IP"><value></value></Data><Data name="PHONE STATE"><value>I</value></Data><Data name="IMEI"><value></value></Data><Data name="SPEED"><value>36 km/h</value></Data><Data name="HEIGHT"><value>-3m</value></Data><Data name="ALTITUDE"><value>-3m</value></Data><Data name="LOCATION"><value>G</value></Data><Data name="ACCURACY"><value>3m</value></Data><Data name="DISTANCE"><value>-1m</value></Data><Data name="SITE BEARING"><value>1000deg</value></Data><Data name="ANTENNA BEARING"><value>1000deg</value></Data><Data name="CELLHEX"><value>12</value></Data><Data name="NODEHEX"><value>0</value></Data><Data name="LACHEX"><value>1</value></Data><Data name="RAWCELLID"><value>18</value></Data><Data name="TIME"><value>2026.08.19_12.16.58</value></Data><Data name="NEI1"><value></value></Data><Data name="NEI2"><value></value></Data><Data name="NEI3"><value></value></Data><Data name="NEI4"><value></value></Data><Data name="NEI5"><value></value></Data><Data name="NEI6"><value></value></Data></ExtendedData><Style><LabelStyle><scale>0.0</scale> </LabelStyle><IconStyle><color>FFF07800</color><scale>0.5</scale><Icon><href>http://maps.google.com/mapfiles/kml/shapes/shaded_dot.png</href></Icon></IconStyle></Style><Point><coordinates>-75.75591931,39.66709707,0</coordinates></Point></Placemark><Placemark><name>32 km/h</name><ExtendedData><Data name="CGI"><value>3150100000100018</value></Data><Data name="CELLNAME"><value></value></Data><Data name="CELLID"><value>18</value></Data><Data name="RNC"><value>0</value></Data><Data name="TAC"><value>1</value></Data><Data name="TECHNOLOGY"><value>5G SA</value></Data><Data name="MODE"><value>5G</value></Data><Data name="ARFCN"><value>644640</value></Data><Data name="BAND"><value></value></Data><Data name="BANDWIDTH"><value></value></Data><Data name="CA"><value>false</value></Data><Data name="NR state"><value></value></Data><Data name="RSRP"><value>-105 dBm</value></Data><Data name="RSRQ"><value>-11</value></Data><Data name="LAYER"><value>1</value></Data><Data name="PC"><value>2</value></Data><Data name="DL_BITRATE"><value> kbps</value></Data><Data name="UL_BITRATE"><value> kbps</value></Data><Data name="IP"><value></value></Data><Data name="PHONE STATE"><value>I</value></Data><Data name="IMEI"><value></value></Data><Data name="SPEED"><value>32 km/h</value></Data><Data name="HEIGHT"><value>-3m</value></Data><Data name="ALTITUDE"><value>-3m</value></Data><Data name="LOCATION"><value>G</value></Data><Data name="ACCURACY"><value>3m</value></Data><Data name="DISTANCE"><value>-1m</value></Data><Data name="SITE BEARING"><value>1000deg</value></Data><Data name="ANTENNA BEARING"><value>1000deg</value></Data><Data name="CELLHEX"><value>12</value></Data><Data name="NODEHEX"><value>0</value></Data><Data name="LACHEX"><value>1</value></Data><Data name="RAWCELLID"><value>18</value></Data><Data name="TIME"><value>2026.08.19_12.16.58</value></Data><Data name="NEI1"><value></value></Data><Data name="NEI2"><value></value></Data><Data name="NEI3"><value></value></Data><Data name="NEI4"><value></value></Data><Data name="NEI5"><value></value></Data><Data name="NEI6"><value></value></Data></ExtendedData><Style><LabelStyle><scale>0.0</scale> </LabelStyle><IconStyle><color>FFF07800</color><scale>0.5</scale><Icon><href>http://maps.google.com/mapfiles/kml/shapes/shaded_dot.png</href></Icon></IconStyle></Style><Point><coordinates>-75.75590725,39.6670143,0</coordinates></Point></Placemark><Placemark><name>32 km/h</name><ExtendedData><Data name="CGI"><value>3150100000100018</value></Data><Data name="CELLNAME"><value></value></Data><Data name="CELLID"><value>18</value></Data><Data name="RNC"><value>0</value></Data><Data name="TAC"><value>1</value></Data><Data name="TECHNOLOGY"><value>5G SA</value></Data><Data name="MODE"><value>5G</value></Data><Data name="ARFCN"><value>644640</value></Data><Data name="BAND"><value></value></Data><Data name="BANDWIDTH"><value></value></Data><Data name="CA"><value>false</value></Data><Data name="NR state"><value></value></Data><Data name="RSRP"><value>-105 dBm</value></Data><Data name="RSRQ"><value>-11</value></Data><Data name="LAYER"><value>1</value></Data><Data name="PC"><value>2</value></Data><Data name="DL_BITRATE"><value> kbps</value></Data><Data name="UL_BITRATE"><value> kbps</value></Data><Data name="IP"><value></value></Data><Data name="PHONE STATE"><value>I</value></Data><Data name="IMEI"><value></value></Data><Data name="SPEED"><value>32 km/h</value></Data><Data name="HEIGHT"><value>-3m</value></Data><Data name="ALTITUDE"><value>-3m</value></Data><Data name="LOCATION"><value>G</value></Data><Data name="ACCURACY"><value>3m</value></Data><Data name="DISTANCE"><value>-1m</value></Data><Data name="SITE BEARING"><value>1000deg</value></Data><Data name="ANTENNA BEARING"><value>1000deg</value></Data><Data name="CELLHEX"><value>12</value></Data><Data name="NODEHEX"><value>0</value></Data><Data name="LACHEX"><value>1</value></Data><Data name="RAWCELLID"><value>18</value></Data><Data name="TIME"><value>2026.08.19_12.16.59</value></Data><Data name="NEI1"><value></value></Data><Data name="NEI2"><value></value></Data><Data name="NEI3"><value></value></Data><Data name="NEI4"><value></value></Data><Data name="NEI5"><value></value></Data><Data name="NEI6"><value></value></Data></ExtendedData><Style><LabelStyle><scale>0.0</scale> </LabelStyle><IconStyle><color>FFF07800</color><scale>0.5</scale><Icon><href>http://maps.google.com/mapfiles/kml/shapes/shaded_dot.png</href></Icon></IconStyle></Style><Point><coordinates>-75.75590725,39.6670143,0</coordinates></Point></Placemark><Placemark><name>25 km/h</name><ExtendedData><Data name="CGI"><value>3150100000100018</value></Data><Data name="CELLNAME"><value></value></Data><Data name="CELLID"><value>18</value></Data><Data name="RNC"><value>0</value></Data><Data name="TAC"><value>1</value></Data><Data name="TECHNOLOGY"><value>5G SA</value></Data><Data name="MODE"><value>5G</value></Data><Data name="ARFCN"><value>644640</value></Data><Data name="BAND"><value></value></Data><Data name="BANDWIDTH"><value></value></Data><Data name="CA"><value>false</value></Data><Data name="NR state"><value></value></Data><Data name="RSRP"><value>-105 dBm</value></Data><Data name="RSRQ"><value>-11</value></Data><Data name="LAYER"><value>1</value></Data><Data name="PC"><value>2</value></Data><Data name="DL_BITRATE"><value> kbps</value></Data><Data name="UL_BITRATE"><value> kbps</value></Data><Data name="IP"><value></value></Data><Data name="PHONE STATE"><value>I</value></Data><Data name="IMEI"><value></value></Data><Data name="SPEED"><value>25 km/h</value></Data><Data name="HEIGHT"><value>-3m</value></Data><Data name="ALTITUDE"><value>-3m</value></Data><Data name="LOCATION"><value>G</value></Data><Data name="ACCURACY"><value>3m</value></Data><Data name="DISTANCE"><value>-1m</value></Data><Data name="SITE BEARING"><value>1000deg</value></Data><Data name="ANTENNA BEARING"><value>1000deg</value></Data><Data name="CELLHEX"><value>12</value></Data><Data name="NODEHEX"><value>0</value></Data><Data name="LACHEX"><value>1</value></Data><Data name="RAWCELLID"><value>18</value></Data><Data name="TIME"><value>2026.08.19_12.16.59</value></Data><Data name="NEI1"><value></value></Data><Data name="NEI2"><value></value></Data><Data name="NEI3"><value></value></Data><Data name="NEI4"><value></value></Data><Data name="NEI5"><value></value></Data><Data name="NEI6"><value></value></Data></ExtendedData><Style><LabelStyle><scale>0.0</scale> </LabelStyle><IconStyle><color>FFF07800</color><scale>0.5</scale><Icon><href>http://maps.google.com/mapfiles/kml/shapes/shaded_dot.png</href></Icon></IconStyle></Style><Point><coordinates>-75.75589916,39.66695375,0</coordinates></Point></Placemark><Placemark><name>25 km/h</name><ExtendedData><Data name="CGI"><value>3150100000100018</value></Data><Data name="CELLNAME"><value></value></Data><Data name="CELLID"><value>18</value></Data><Data name="RNC"><value>0</value></Data><Data name="TAC"><value>1</value></Data><Data name="TECHNOLOGY"><value>5G SA</value></Data><Data name="MODE"><value>5G</value></Data><Data name="ARFCN"><value>644640</value></Data><Data name="BAND"><value></value></Data><Data name="BANDWIDTH"><value></value></Data><Data name="CA"><value>false</value></Data><Data name="NR state"><value></value></Data><Data name="RSRP"><value>-105 dBm</value></Data><Data name="RSRQ"><value>-11</value></Data><Data name="LAYER"><value>1</value></Data><Data name="PC"><value>2</value></Data><Data name="DL_BITRATE"><value> kbps</value></Data><Data name="UL_BITRATE"><value> kbps</value></Data><Data name="IP"><value></value></Data><Data name="PHONE STATE"><value>I</value></Data><Data name="IMEI"><value></value></Data><Data name="SPEED"><value>25 km/h</value></Data><Data name="HEIGHT"><value>-3m</value></Data><Data name="ALTITUDE"><value>-3m</value></Data><Data name="LOCATION"><value>G</value></Data><Data name="ACCURACY"><value>3m</value></Data><Data name="DISTANCE"><value>-1m</value></Data><Data name="SITE BEARING"><value>1000deg</value></Data><Data name="ANTENNA BEARING"><value>1000deg</value></Data><Data name="CELLHEX"><value>12</value></Data><Data name="NODEHEX"><value>0</value></Data><Data name="LACHEX"><value>1</value></Data><Data name="RAWCELLID"><value>18</value></Data><Data name="TIME"><value>2026.08.19_12.17.00</value></Data><Data name="NEI1"><value></value></Data><Data name="NEI2"><value></value></Data><Data name="NEI3"><value></value></Data><Data name="NEI4"><value></value></Data><Data name="NEI5"><value></value></Data><Data name="NEI6"><value></value></Data></ExtendedData><Style><LabelStyle><scale>0.0</scale> </LabelStyle><IconStyle><color>FFF07800</color><scale>0.5</scale><Icon><href>http://maps.google.com/mapfiles/kml/shapes/shaded_dot.png</href></Icon></IconStyle></Style><Point><coordinates>-75.75589916,39.66695375,0</coordinates></Point></Placemark><Placemark><name>16 km/h</name><ExtendedData><Data name="CGI"><value>3150100000100018</value></Data><Data name="CELLNAME"><value></value></Data><Data name="CELLID"><value>18</value></Data><Data name="RNC"><value>0</value></Data><Data name="TAC"><value>1</value></Data><Data name="TECHNOLOGY"><value>5G SA</value></Data><Data name="MODE"><value>5G</value></Data><Data name="ARFCN"><value>644640</value></Data><Data name="BAND"><value></value></Data><Data name="BANDWIDTH"><value></value></Data><Data name="CA"><value>false</value></Data><Data name="NR state"><value></value></Data><Data name="RSRP"><value>-105 dBm</value></Data><Data name="RSRQ"><value>-11</value></Data><Data name="LAYER"><value>1</value></Data><Data name="PC"><value>2</value></Data><Data name="DL_BITRATE"><value> kbps</value></Data><Data name="UL_BITRATE"><value> kbps</value></Data><Data name="IP"><value></value></Data><Data name="PHONE STATE"><value>I</value></Data><Data name="IMEI"><value></value></Data><Data name="SPEED"><value>16 km/h</value></Data><Data name="HEIGHT"><value>-3m</value></Data><Data name="ALTITUDE"><value>-3m</value></Data><Data name="LOCATION"><value>G</value></Data><Data name="ACCURACY"><value>3m</value></Data><Data name="DISTANCE"><value>-1m</value></Data><Data name="SITE BEARING"><value>1000deg</value></Data><Data name="ANTENNA BEARING"><value>1000deg</value></Data><Data name="CELLHEX"><value>12</value></Data><Data name="NODEHEX"><value>0</value></Data><Data name="LACHEX"><value>1</value></Data><Data name="RAWCELLID"><value>18</value></Data><Data name="TIME"><value>2026.08.19_12.17.00</value></Data><Data name="NEI1"><value></value></Data><Data name="NEI2"><value></value></Data><Data name="NEI3"><value></value></Data><Data name="NEI4"><value></value></Data><Data name="NEI5"><value></value></Data><Data name="NEI6"><value></value></Data></ExtendedData><Style><LabelStyle><scale>0.0</scale> </LabelStyle><IconStyle><color>FF780A14</color><scale>0.5</scale><Icon><href>http://maps.google.com/mapfiles/kml/shapes/shaded_dot.png</href></Icon></IconStyle></Style><Point><coordinates>-75.75589463,39.6669162,0</coordinates></Point></Placemark><Placemark><name>16 km/h</name><ExtendedData><Data name="CGI"><value>3150100000100018</value></Data><Data name="CELLNAME"><value></value></Data><Data name="CELLID"><value>18</value></Data><Data name="RNC"><value>0</value></Data><Data name="TAC"><value>1</value></Data><Data name="TECHNOLOGY"><value>5G SA</value></Data><Data name="MODE"><value>5G</value></Data><Data name="ARFCN"><value>644640</value></Data><Data name="BAND"><value></value></Data><Data name="BANDWIDTH"><value></value></Data><Data name="CA"><value>false</value></Data><Data name="NR state"><value></value></Data><Data name="RSRP"><value>-105 dBm</value></Data><Data name="RSRQ"><value>-11</value></Data><Data name="LAYER"><value>1</value></Data><Data name="PC"><value>2</value></Data><Data name="DL_BITRATE"><value> kbps</value></Data><Data name="UL_BITRATE"><value> kbps</value></Data><Data name="IP"><value></value></Data><Data name="PHONE STATE"><value>I</value></Data><Data name="IMEI"><value></value></Data><Data name="SPEED"><value>16 km/h</value></Data><Data name="HEIGHT"><value>-3m</value></Data><Data name="ALTITUDE"><value>-3m</value></Data><Data name="LOCATION"><value>G</value></Data><Data name="ACCURACY"><value>3m</value></Data><Data name="DISTANCE"><value>-1m</value></Data><Data name="SITE BEARING"><value>1000deg</value></Data><Data name="ANTENNA BEARING"><value>1000deg</value></Data><Data name="CELLHEX"><value>12</value></Data><Data name="NODEHEX"><value>0</value></Data><Data name="LACHEX"><value>1</value></Data><Data name="RAWCELLID"><value>18</value></Data><Data name="TIME"><value>2026.08.19_12.17.01</value></Data><Data name="NEI1"><value></value></Data><Data name="NEI2"><value></value></Data><Data name="NEI3"><value></value></Data><Data name="NEI4"><value></value></Data><Data name="NEI5"><value></value></Data><Data name="NEI6"><value></value></Data></ExtendedData><Style><LabelStyle><scale>0.0</scale> </LabelStyle><IconStyle><color>FF780A14</color><scale>0.5</scale><Icon><href>http://maps.google.com/mapfiles/kml/shapes/shaded_dot.png</href></Icon></IconStyle></Style><Point><coordinates>-75.75589463,39.6669162,0</coordinates></Point></Placemark><Placemark><name>6 km/h</name><ExtendedData><Data name="CGI"><value>3150100000100018</value></Data><Data name="CELLNAME"><value></value></Data><Data name="CELLID"><value>18</value></Data><Data name="RNC"><value>0</value></Data><Data name="TAC"><value>1</value></Data><Data name="TECHNOLOGY"><value>5G SA</value></Data><Data name="MODE"><value>5G</value></Data><Data name="ARFCN"><value>644640</value></Data><Data name="BAND"><value></value></Data><Data name="BANDWIDTH"><value></value></Data><Data name="CA"><value>false</value></Data><Data name="NR state"><value></value></Data><Data name="RSRP"><value>-105 dBm</value></Data><Data name="RSRQ"><value>-11</value></Data><Data name="LAYER"><value>1</value></Data><Data name="PC"><value>2</value></Data><Data name="DL_BITRATE"><value> kbps</value></Data><Data name="UL_BITRATE"><value> kbps</value></Data><Data name="IP"><value></value></Data><Data name="PHONE STATE"><value>I</value></Data><Data name="IMEI"><value></value></Data><Data name="SPEED"><value>6 km/h</value></Data><Data name="HEIGHT"><value>-3m</value></Data><Data name="ALTITUDE"><value>-3m</value></Data><Data name="LOCATION"><value>G</value></Data><Data name="ACCURACY"><value>3m</value></Data><Data name="DISTANCE"><value>-1m</value></Data><Data name="SITE BEARING"><value>1000deg</value></Data><Data name="ANTENNA BEARING"><value>1000deg</value></Data><Data name="CELLHEX"><value>12</value></Data><Data name="NODEHEX"><value>0</value></Data><Data name="LACHEX"><value>1</value></Data><Data name="RAWCELLID"><value>18</value></Data><Data name="TIME"><value>2026.08.19_12.17.01</value></Data><Data name="NEI1"><value></value></Data><Data name="NEI2"><value></value></Data><Data name="NEI3"><value></value></Data><Data name="NEI4"><value></value></Data><Data name="NEI5"><value></value></Data><Data name="NEI6"><value></value></Data></ExtendedData><Style><LabelStyle><scale>0.0</scale> </LabelStyle><IconStyle><color>FF646464</color><scale>0.5</scale><Icon><href>http://maps.google.com/mapfiles/kml/shapes/shaded_dot.png</href></Icon></IconStyle></Style><Point><coordinates>-75.75589226,39.66690018,0</coordinates></Point></Placemark><Placemark><name>6 km/h</name><ExtendedData><Data name="CGI"><value>3150100000100018</value></Data><Data name="CELLNAME"><value></value></Data><Data name="CELLID"><value>18</value></Data><Data name="RNC"><value>0</value></Data><Data name="TAC"><value>1</value></Data><Data name="TECHNOLOGY"><value>5G SA</value></Data><Data name="MODE"><value>5G</value></Data><Data name="ARFCN"><value>644640</value></Data><Data name="BAND"><value></value></Data><Data name="BANDWIDTH"><value></value></Data><Data name="CA"><value>false</value></Data><Data name="NR state"><value></value></Data><Data name="RSRP"><value>-105 dBm</value></Data><Data name="RSRQ"><value>-11</value></Data><Data name="LAYER"><value>1</value></Data><Data name="PC"><value>2</value></Data><Data name="DL_BITRATE"><value> kbps</value></Data><Data name="UL_BITRATE"><value> kbps</value></Data><Data name="IP"><value></value></Data><Data name="PHONE STATE"><value>I</value></Data><Data name="IMEI"><value></value></Data><Data name="SPEED"><value>6 km/h</value></Data><Data name="HEIGHT"><value>-3m</value></Data><Data name="ALTITUDE"><value>-3m</value></Data><Data name="LOCATION"><value>G</value></Data><Data name="ACCURACY"><value>3m</value></Data><Data name="DISTANCE"><value>-1m</value></Data><Data name="SITE BEARING"><value>1000deg</value></Data><Data name="ANTENNA BEARING"><value>1000deg</value></Data><Data name="CELLHEX"><value>12</value></Data><Data name="NODEHEX"><value>0</value></Data><Data name="LACHEX"><value>1</value></Data><Data name="RAWCELLID"><value>18</value></Data><Data name="TIME"><value>2026.08.19_12.17.02</value></Data><Data name="NEI1"><value></value></Data><Data name="NEI2"><value></value></Data><Data name="NEI3"><value></value></Data><Data name="NEI4"><value></value></Data><Data name="NEI5"><value></value></Data><Data name="NEI6"><value></value></Data></ExtendedData><Style><LabelStyle><scale>0.0</scale> </LabelStyle><IconStyle><color>FF646464</color><scale>0.5</scale><Icon><href>http://maps.google.com/mapfiles/kml/shapes/shaded_dot.png</href></Icon></IconStyle></Style><Point><coordinates>-75.75589226,39.66690018,0</coordinates></Point></Placemark><Placemark><name>4 km/h</name><ExtendedData><Data name="CGI"><value>3150100000100018</value></Data><Data name="CELLNAME"><value></value></Data><Data name="CELLID"><value>18</value></Data><Data name="RNC"><value>0</value></Data><Data name="TAC"><value>1</value></Data><Data name="TECHNOLOGY"><value>5G SA</value></Data><Data name="MODE"><value>5G</value></Data><Data name="ARFCN"><value>644640</value></Data><Data name="BAND"><value></value></Data><Data name="BANDWIDTH"><value></value></Data><Data name="CA"><value>false</value></Data><Data name="NR state"><value></value></Data><Data name="RSRP"><value>-105 dBm</value></Data><Data name="RSRQ"><value>-11</value></Data><Data name="LAYER"><value>1</value></Data><Data name="PC"><value>2</value></Data><Data name="DL_BITRATE"><value> kbps</value></Data><Data name="UL_BITRATE"><value> kbps</value></Data><Data name="IP"><value></value></Data><Data name="PHONE STATE"><value>I</value></Data><Data name="IMEI"><value></value></Data><Data name="SPEED"><value>4 km/h</value></Data><Data name="HEIGHT"><value>-3m</value></Data><Data name="ALTITUDE"><value>-3m</value></Data><Data name="LOCATION"><value>G</value></Data><Data name="ACCURACY"><value>3m</value></Data><Data name="DISTANCE"><value>-1m</value></Data><Data name="SITE BEARING"><value>1000deg</value></Data><Data name="ANTENNA BEARING"><value>1000deg</value></Data><Data name="CELLHEX"><value>12</value></Data><Data name="NODEHEX"><value>0</value></Data><Data name="LACHEX"><value>1</value></Data><Data name="RAWCELLID"><value>18</value></Data><Data name="TIME"><value>2026.08.19_12.17.02</value></Data><Data name="NEI1"><value></value></Data><Data name="NEI2"><value></value></Data><Data name="NEI3"><value></value></Data><Data name="NEI4"><value></value></Data><Data name="NEI5"><value></value></Data><Data name="NEI6"><value></value></Data></ExtendedData><Style><LabelStyle><scale>0.0</scale> </LabelStyle><IconStyle><color>FF646464</color><scale>0.5</scale><Icon><href>http://maps.google.com/mapfiles/kml/shapes/shaded_dot.png</href></Icon></IconStyle></Style><Point><coordinates>-75.75589561,39.66689029,0</coordinates></Point></Placemark><Placemark><name>4 km/h</name><ExtendedData><Data name="CGI"><value>3150100000100018</value></Data><Data name="CELLNAME"><value></value></Data><Data name="CELLID"><value>18</value></Data><Data name="RNC"><value>0</value></Data><Data name="TAC"><value>1</value></Data><Data name="TECHNOLOGY"><value>5G SA</value></Data><Data name="MODE"><value>5G</value></Data><Data name="ARFCN"><value>644640</value></Data><Data name="BAND"><value></value></Data><Data name="BANDWIDTH"><value></value></Data><Data name="CA"><value>false</value></Data><Data name="NR state"><value></value></Data><Data name="RSRP"><value>-105 dBm</value></Data><Data name="RSRQ"><value>-11</value></Data><Data name="LAYER"><value>1</value></Data><Data name="PC"><value>2</value></Data><Data name="DL_BITRATE"><value> kbps</value></Data><Data name="UL_BITRATE"><value> kbps</value></Data><Data name="IP"><value></value></Data><Data name="PHONE STATE"><value>I</value></Data><Data name="IMEI"><value></value></Data><Data name="SPEED"><value>4 km/h</value></Data><Data name="HEIGHT"><value>-3m</value></Data><Data name="ALTITUDE"><value>-3m</value></Data><Data name="LOCATION"><value>G</value></Data><Data name="ACCURACY"><value>3m</value></Data><Data name="DISTANCE"><value>-1m</value></Data><Data name="SITE BEARING"><value>1000deg</value></Data><Data name="ANTENNA BEARING"><value>1000deg</value></Data><Data name="CELLHEX"><value>12</value></Data><Data name="NODEHEX"><value>0</value></Data><Data name="LACHEX"><value>1</value></Data><Data name="RAWCELLID"><value>18</value></Data><Data name="TIME"><value>2026.08.19_12.17.03</value></Data><Data name="NEI1"><value></value></Data><Data name="NEI2"><value></value></Data><Data name="NEI3"><value></value></Data><Data name="NEI4"><value></value></Data><Data name="NEI5"><value></value></Data><Data name="NEI6"><value></value></Data></ExtendedData><Style><LabelStyle><scale>0.0</scale> </LabelStyle><IconStyle><color>FF646464</color><scale>0.5</scale><Icon><href>http://maps.google.com/mapfiles/kml/shapes/shaded_dot.png</href></Icon></IconStyle></Style><Point><coordinates>-75.75589561,39.66689029,0</coordinates></Point></Placemark><Placemark><name>8 km/h</name><ExtendedData><Data name="CGI"><value>3150100000100018</value></Data><Data name="CELLNAME"><value></value></Data><Data name="CELLID"><value>18</value></Data><Data name="RNC"><value>0</value></Data><Data name="TAC"><value>1</value></Data><Data name="TECHNOLOGY"><value>5G SA</value></Data><Data name="MODE"><value>5G</value></Data><Data name="ARFCN"><value>644640</value></Data><Data name="BAND"><value></value></Data><Data name="BANDWIDTH"><value></value></Data><Data name="CA"><value>false</value></Data><Data name="NR state"><value></value></Data><Data name="RSRP"><value>-105 dBm</value></Data><Data name="RSRQ"><value>-11</value></Data><Data name="LAYER"><value>1</value></Data><Data name="PC"><value>2</value></Data><Data name="DL_BITRATE"><value> kbps</value></Data><Data name="UL_BITRATE"><value> kbps</value></Data><Data name="IP"><value></value></Data><Data name="PHONE STATE"><value>I</value></Data><Data name="IMEI"><value></value></Data><Data name="SPEED"><value>8 km/h</value></Data><Data name="HEIGHT"><value>-2m</value></Data><Data name="ALTITUDE"><value>-2m</value></Data><Data name="LOCATION"><value>G</value></Data><Data name="ACCURACY"><value>3m</value></Data><Data name="DISTANCE"><value>-1m</value></Data><Data name="SITE BEARING"><value>1000deg</value></Data><Data name="ANTENNA BEARING"><value>1000deg</value></Data><Data name="CELLHEX"><value>12</value></Data><Data name="NODEHEX"><value>0</value></Data><Data name="LACHEX"><value>1</value></Data><Data name="RAWCELLID"><value>18</value></Data><Data name="TIME"><value>2026.08.19_12.17.03</value></Data><Data name="NEI1"><value></value></Data><Data name="NEI2"><value></value></Data><Data name="NEI3"><value></value></Data><Data name="NEI4"><value></value></Data><Data name="NEI5"><value></value></Data><Data name="NEI6"><value></value></Data></ExtendedData><Style><LabelStyle><scale>0.0</scale> </LabelStyle><IconStyle><color>FF646464</color><scale>0.5</scale><Icon><href>http://maps.google.com/mapfiles/kml/shapes/shaded_dot.png</href></Icon></IconStyle></Style><Point><coordinates>-75.75588964,39.66687088,0</coordinates></Point></Placemark><Placemark><name>8 km/h</name><ExtendedData><Data name="CGI"><value>3150100000100018</value></Data><Data name="CELLNAME"><value></value></Data><Data name="CELLID"><value>18</value></Data><Data name="RNC"><value>0</value></Data><Data name="TAC"><value>1</value></Data><Data name="TECHNOLOGY"><value>5G SA</value></Data><Data name="MODE"><value>5G</value></Data><Data name="ARFCN"><value>644640</value></Data><Data name="BAND"><value></value></Data><Data name="BANDWIDTH"><value></value></Data><Data name="CA"><value>false</value></Data><Data name="NR state"><value></value></Data><Data name="RSRP"><value>-105 dBm</value></Data><Data name="RSRQ"><value>-11</value></Data><Data name="LAYER"><value>1</value></Data><Data name="PC"><value>2</value></Data><Data name="DL_BITRATE"><value> kbps</value></Data><Data name="UL_BITRATE"><value> kbps</value></Data><Data name="IP"><value></value></Data><Data name="PHONE STATE"><value>I</value></Data><Data name="IMEI"><value></value></Data><Data name="SPEED"><value>8 km/h</value></Data><Data name="HEIGHT"><value>-2m</value></Data><Data name="ALTITUDE"><value>-2m</value></Data><Data name="LOCATION"><value>G</value></Data><Data name="ACCURACY"><value>3m</value></Data><Data name="DISTANCE"><value>-1m</value></Data><Data name="SITE BEARING"><value>1000deg</value></Data><Data name="ANTENNA BEARING"><value>1000deg</value></Data><Data name="CELLHEX"><value>12</value></Data><Data name="NODEHEX"><value>0</value></Data><Data name="LACHEX"><value>1</value></Data><Data name="RAWCELLID"><value>18</value></Data><Data name="TIME"><value>2026.08.19_12.17.04</value></Data><Data name="NEI1"><value></value></Data><Data name="NEI2"><value></value></Data><Data name="NEI3"><value></value></Data><Data name="NEI4"><value></value></Data><Data name="NEI5"><value></value></Data><Data name="NEI6"><value></value></Data></ExtendedData><Style><LabelStyle><scale>0.0</scale> </LabelStyle><IconStyle><color>FF646464</color><scale>0.5</scale><Icon><href>http://maps.google.com/mapfiles/kml/shapes/shaded_dot.png</href></Icon></IconStyle></Style><Point><coordinates>-75.75588964,39.66687088,0</coordinates></Point></Placemark><Placemark><name>13 km/h</name><ExtendedData><Data name="CGI"><value>3150100000100018</value></Data><Data name="CELLNAME"><value></value></Data><Data name="CELLID"><value>18</value></Data><Data name="RNC"><value>0</value></Data><Data name="TAC"><value>1</value></Data><Data name="TECHNOLOGY"><value>5G SA</value></Data><Data name="MODE"><value>5G</value></Data><Data name="ARFCN"><value>644640</value></Data><Data name="BAND"><value></value></Data><Data name="BANDWIDTH"><value></value></Data><Data name="CA"><value>false</value></Data><Data name="NR state"><value></value></Data><Data name="RSRP"><value>-105 dBm</value></Data><Data name="RSRQ"><value>-11</value></Data><Data name="LAYER"><value>1</value></Data><Data name="PC"><value>2</value></Data><Data name="DL_BITRATE"><value> kbps</value></Data><Data name="UL_BITRATE"><value> kbps</value></Data><Data name="IP"><value></value></Data><Data name="PHONE STATE"><value>I</value></Data><Data name="IMEI"><value></value></Data><Data name="SPEED"><value>13 km/h</value></Data><Data name="HEIGHT"><value>-2m</value></Data><Data name="ALTITUDE"><value>-2m</value></Data><Data name="LOCATION"><value>G</value></Data><Data name="ACCURACY"><value>3m</value></Data><Data name="DISTANCE"><value>-1m</value></Data><Data name="SITE BEARING"><value>1000deg</value></Data><Data name="ANTENNA BEARING"><value>1000deg</value></Data><Data name="CELLHEX"><value>12</value></Data><Data name="NODEHEX"><value>0</value></Data><Data name="LACHEX"><value>1</value></Data><Data name="RAWCELLID"><value>18</value></Data><Data name="TIME"><value>2026.08.19_12.17.04</value></Data><Data name="NEI1"><value></value></Data><Data name="NEI2"><value></value></Data><Data name="NEI3"><value></value></Data><Data name="NEI4"><value></value></Data><Data name="NEI5"><value></value></Data><Data name="NEI6"><value></value></Data></ExtendedData><Style><LabelStyle><scale>0.0</scale> </LabelStyle><IconStyle><color>FF780A14</color><scale>0.5</scale><Icon><href>http://maps.google.com/mapfiles/kml/shapes/shaded_dot.png</href></Icon></IconStyle></Style><Point><coordinates>-75.75588778,39.66683631,0</coordinates></Point></Placemark><Placemark><name>13 km/h</name><ExtendedData><Data name="CGI"><value>3150100000100018</value></Data><Data name="CELLNAME"><value></value></Data><Data name="CELLID"><value>18</value></Data><Data name="RNC"><value>0</value></Data><Data name="TAC"><value>1</value></Data><Data name="TECHNOLOGY"><value>5G SA</value></Data><Data name="MODE"><value>5G</value></Data><Data name="ARFCN"><value>644640</value></Data><Data name="BAND"><value></value></Data><Data name="BANDWIDTH"><value></value></Data><Data name="CA"><value>false</value></Data><Data name="NR state"><value></value></Data><Data name="RSRP"><value>-105 dBm</value></Data><Data name="RSRQ"><value>-11</value></Data><Data name="LAYER"><value>1</value></Data><Data name="PC"><value>2</value></Data><Data name="DL_BITRATE"><value> kbps</value></Data><Data name="UL_BITRATE"><value> kbps</value></Data><Data name="IP"><value></value></Data><Data name="PHONE STATE"><value>I</value></Data><Data name="IMEI"><value></value></Data><Data name="SPEED"><value>13 km/h</value></Data><Data name="HEIGHT"><value>-2m</value></Data><Data name="ALTITUDE"><value>-2m</value></Data><Data name="LOCATION"><value>G</value></Data><Data name="ACCURACY"><value>3m</value></Data><Data name="DISTANCE"><value>-1m</value></Data><Data name="SITE BEARING"><value>1000deg</value></Data><Data name="ANTENNA BEARING"><value>1000deg</value></Data><Data name="CELLHEX"><value>12</value></Data><Data name="NODEHEX"><value>0</value></Data><Data name="LACHEX"><value>1</value></Data><Data name="RAWCELLID"><value>18</value></Data><Data name="TIME"><value>2026.08.19_12.17.05</value></Data><Data name="NEI1"><value></value></Data><Data name="NEI2"><value></value></Data><Data name="NEI3"><value></value></Data><Data name="NEI4"><value></value></Data><Data name="NEI5"><value></value></Data><Data name="NEI6"><value></value></Data></ExtendedData><Style><LabelStyle><scale>0.0</scale> </LabelStyle><IconStyle><color>FF780A14</color><scale>0.5</scale><Icon><href>http://maps.google.com/mapfiles/kml/shapes/shaded_dot.png</href></Icon></IconStyle></Style><Point><coordinates>-75.75588778,39.66683631,0</coordinates></Point></Placemark><Placemark><name>18 km/h</name><ExtendedData><Data name="CGI"><value>3150100000100018</value></Data><Data name="CELLNAME"><value></value></Data><Data name="CELLID"><value>18</value></Data><Data name="RNC"><value>0</value></Data><Data name="TAC"><value>1</value></Data><Data name="TECHNOLOGY"><value>5G SA</value></Data><Data name="MODE"><value>5G</value></Data><Data name="ARFCN"><value>644640</value></Data><Data name="BAND"><value></value></Data><Data name="BANDWIDTH"><value></value></Data><Data name="CA"><value>false</value></Data><Data name="NR state"><value></value></Data><Data name="RSRP"><value>-105 dBm</value></Data><Data name="RSRQ"><value>-11</value></Data><Data name="LAYER"><value>1</value></Data><Data name="PC"><value>2</value></Data><Data name="DL_BITRATE"><value> kbps</value></Data><Data name="UL_BITRATE"><value> kbps</value></Data><Data name="IP"><value></value></Data><Data name="PHONE STATE"><value>I</value></Data><Data name="IMEI"><value></value></Data><Data name="SPEED"><value>18 km/h</value></Data><Data name="HEIGHT"><value>-2m</value></Data><Data name="ALTITUDE"><value>-2m</value></Data><Data name="LOCATION"><value>G</value></Data><Data name="ACCURACY"><value>3m</value></Data><Data name="DISTANCE"><value>-1m</value></Data><Data name="SITE BEARING"><value>1000deg</value></Data><Data name="ANTENNA BEARING"><value>1000deg</value></Data><Data name="CELLHEX"><value>12</value></Data><Data name="NODEHEX"><value>0</value></Data><Data name="LACHEX"><value>1</value></Data><Data name="RAWCELLID"><value>18</value></Data><Data name="TIME"><value>2026.08.19_12.17.05</value></Data><Data name="NEI1"><value></value></Data><Data name="NEI2"><value></value></Data><Data name="NEI3"><value></value></Data><Data name="NEI4"><value></value></Data><Data name="NEI5"><value></value></Data><Data name="NEI6"><value></value></Data></ExtendedData><Style><LabelStyle><scale>0.0</scale> </LabelStyle><IconStyle><color>FF780A14</color><scale>0.5</scale><Icon><href>http://maps.google.com/mapfiles/kml/shapes/shaded_dot.png</href></Icon></IconStyle></Style><Point><coordinates>-75.7558861,39.66679005,0</coordinates></Point></Placemark><Placemark><name>18 km/h</name><ExtendedData><Data name="CGI"><value>3150100000100018</value></Data><Data name="CELLNAME"><value></value></Data><Data name="CELLID"><value>18</value></Data><Data name="RNC"><value>0</value></Data><Data name="TAC"><value>1</value></Data><Data name="TECHNOLOGY"><value>5G SA</value></Data><Data name="MODE"><value>5G</value></Data><Data name="ARFCN"><value>644640</value></Data><Data name="BAND"><value></value></Data><Data name="BANDWIDTH"><value></value></Data><Data name="CA"><value>false</value></Data><Data name="NR state"><value></value></Data><Data name="RSRP"><value>-105 dBm</value></Data><Data name="RSRQ"><value>-11</value></Data><Data name="LAYER"><value>1</value></Data><Data name="PC"><value>2</value></Data><Data name="DL_BITRATE"><value> kbps</value></Data><Data name="UL_BITRATE"><value> kbps</value></Data><Data name="IP"><value></value></Data><Data name="PHONE STATE"><value>I</value></Data><Data name="IMEI"><value></value></Data><Data name="SPEED"><value>18 km/h</value></Data><Data name="HEIGHT"><value>-2m</value></Data><Data name="ALTITUDE"><value>-2m</value></Data><Data name="LOCATION"><value>G</value></Data><Data name="ACCURACY"><value>3m</value></Data><Data name="DISTANCE"><value>-1m</value></Data><Data name="SITE BEARING"><value>1000deg</value></Data><Data name="ANTENNA BEARING"><value>1000deg</value></Data><Data name="CELLHEX"><value>12</value></Data><Data name="NODEHEX"><value>0</value></Data><Data name="LACHEX"><value>1</value></Data><Data name="RAWCELLID"><value>18</value></Data><Data name="TIME"><value>2026.08.19_12.17.06</value></Data><Data name="NEI1"><value></value></Data><Data name="NEI2"><value></value></Data><Data name="NEI3"><value></value></Data><Data name="NEI4"><value></value></Data><Data name="NEI5"><value></value></Data><Data name="NEI6"><value></value></Data></ExtendedData><Style><LabelStyle><scale>0.0</scale> </LabelStyle><IconStyle><color>FF780A14</color><scale>0.5</scale><Icon><href>http://maps.google.com/mapfiles/kml/shapes/shaded_dot.png</href></Icon></IconStyle></Style><Point><coordinates>-75.7558861,39.66679005,0</coordinates></Point></Placemark><Placemark><name>23 km/h</name><ExtendedData><Data name="CGI"><value>3150100000100018</value></Data><Data name="CELLNAME"><value></value></Data><Data name="CELLID"><value>18</value></Data><Data name="RNC"><value>0</value></Data><Data name="TAC"><value>1</value></Data><Data name="TECHNOLOGY"><value>5G SA</value></Data><Data name="MODE"><value>5G</value></Data><Data name="ARFCN"><value>644640</value></Data><Data name="BAND"><value></value></Data><Data name="BANDWIDTH"><value></value></Data><Data name="CA"><value>false</value></Data><Data name="NR state"><value></value></Data><Data name="RSRP"><value>-105 dBm</value></Data><Data name="RSRQ"><value>-11</value></Data><Data name="LAYER"><value>1</value></Data><Data name="PC"><value>2</value></Data><Data name="DL_BITRATE"><value> kbps</value></Data><Data name="UL_BITRATE"><value> kbps</value></Data><Data name="IP"><value></value></Data><Data name="PHONE STATE"><value>I</value></Data><Data name="IMEI"><value></value></Data><Data name="SPEED"><value>23 km/h</value></Data><Data name="HEIGHT"><value>-2m</value></Data><Data name="ALTITUDE"><value>-2m</value></Data><Data name="LOCATION"><value>G</value></Data><Data name="ACCURACY"><value>3m</value></Data><Data name="DISTANCE"><value>-1m</value></Data><Data name="SITE BEARING"><value>1000deg</value></Data><Data name="ANTENNA BEARING"><value>1000deg</value></Data><Data name="CELLHEX"><value>12</value></Data><Data name="NODEHEX"><value>0</value></Data><Data name="LACHEX"><value>1</value></Data><Data name="RAWCELLID"><value>18</value></Data><Data name="TIME"><value>2026.08.19_12.17.06</value></Data><Data name="NEI1"><value></value></Data><Data name="NEI2"><value></value></Data><Data name="NEI3"><value></value></Data><Data name="NEI4"><value></value></Data><Data name="NEI5"><value></value></Data><Data name="NEI6"><value></value></Data></ExtendedData><Style><LabelStyle><scale>0.0</scale> </LabelStyle><IconStyle><color>FFF07800</color><scale>0.5</scale><Icon><href>http://maps.google.com/mapfiles/kml/shapes/shaded_dot.png</href></Icon></IconStyle></Style><Point><coordinates>-75.75588068,39.66672861,0</coordinates></Point></Placemark><Placemark><name>23 km/h</name><ExtendedData><Data name="CGI"><value>3150100000100018</value></Data><Data name="CELLNAME"><value></value></Data><Data name="CELLID"><value>18</value></Data><Data name="RNC"><value>0</value></Data><Data name="TAC"><value>1</value></Data><Data name="TECHNOLOGY"><value>5G SA</value></Data><Data name="MODE"><value>5G</value></Data><Data name="ARFCN"><value>644640</value></Data><Data name="BAND"><value></value></Data><Data name="BANDWIDTH"><value></value></Data><Data name="CA"><value>false</value></Data><Data name="NR state"><value></value></Data><Data name="RSRP"><value>-105 dBm</value></Data><Data name="RSRQ"><value>-11</value></Data><Data name="LAYER"><value>1</value></Data><Data name="PC"><value>2</value></Data><Data name="DL_BITRATE"><value> kbps</value></Data><Data name="UL_BITRATE"><value> kbps</value></Data><Data name="IP"><value></value></Data><Data name="PHONE STATE"><value>I</value></Data><Data name="IMEI"><value></value></Data><Data name="SPEED"><value>23 km/h</value></Data><Data name="HEIGHT"><value>-2m</value></Data><Data name="ALTITUDE"><value>-2m</value></Data><Data name="LOCATION"><value>G</value></Data><Data name="ACCURACY"><value>3m</value></Data><Data name="DISTANCE"><value>-1m</value></Data><Data name="SITE BEARING"><value>1000deg</value></Data><Data name="ANTENNA BEARING"><value>1000deg</value></Data><Data name="CELLHEX"><value>12</value></Data><Data name="NODEHEX"><value>0</value></Data><Data name="LACHEX"><value>1</value></Data><Data name="RAWCELLID"><value>18</value></Data><Data name="TIME"><value>2026.08.19_12.17.07</value></Data><Data name="NEI1"><value></value></Data><Data name="NEI2"><value></value></Data><Data name="NEI3"><value></value></Data><Data name="NEI4"><value></value></Data><Data name="NEI5"><value></value></Data><Data name="NEI6"><value></value></Data></ExtendedData><Style><LabelStyle><scale>0.0</scale> </LabelStyle><IconStyle><color>FFF07800</color><scale>0.5</scale><Icon><href>http://maps.google.com/mapfiles/kml/shapes/shaded_dot.png</href></Icon></IconStyle></Style><Point><coordinates>-75.75588068,39.66672861,0</coordinates></Point></Placemark><Placemark><name>29 km/h</name><ExtendedData><Data name="CGI"><value>3150100000100018</value></Data><Data name="CELLNAME"><value></value></Data><Data name="CELLID"><value>18</value></Data><Data name="RNC"><value>0</value></Data><Data name="TAC"><value>1</value></Data><Data name="TECHNOLOGY"><value>5G SA</value></Data><Data name="MODE"><value>5G</value></Data><Data name="ARFCN"><value>644640</value></Data><Data name="BAND"><value></value></Data><Data name="BANDWIDTH"><value></value></Data><Data name="CA"><value>false</value></Data><Data name="NR state"><value></value></Data><Data name="RSRP"><value>-105 dBm</value></Data><Data name="RSRQ"><value>-11</value></Data><Data name="LAYER"><value>1</value></Data><Data name="PC"><value>2</value></Data><Data name="DL_BITRATE"><value> kbps</value></Data><Data name="UL_BITRATE"><value> kbps</value></Data><Data name="IP"><value></value></Data><Data name="PHONE STATE"><value>I</value></Data><Data name="IMEI"><value></value></Data><Data name="SPEED"><value>29 km/h</value></Data><Data name="HEIGHT"><value>-2m</value></Data><Data name="ALTITUDE"><value>-2m</value></Data><Data name="LOCATION"><value>G</value></Data><Data name="ACCURACY"><value>3m</value></Data><Data name="DISTANCE"><value>-1m</value></Data><Data name="SITE BEARING"><value>1000deg</value></Data><Data name="ANTENNA BEARING"><value>1000deg</value></Data><Data name="CELLHEX"><value>12</value></Data><Data name="NODEHEX"><value>0</value></Data><Data name="LACHEX"><value>1</value></Data><Data name="RAWCELLID"><value>18</value></Data><Data name="TIME"><value>2026.08.19_12.17.07</value></Data><Data name="NEI1"><value></value></Data><Data name="NEI2"><value></value></Data><Data name="NEI3"><value></value></Data><Data name="NEI4"><value></value></Data><Data name="NEI5"><value></value></Data><Data name="NEI6"><value></value></Data></ExtendedData><Style><LabelStyle><scale>0.0</scale> </LabelStyle><IconStyle><color>FFF07800</color><scale>0.5</scale><Icon><href>http://maps.google.com/mapfiles/kml/shapes/shaded_dot.png</href></Icon></IconStyle></Style><Point><coordinates>-75.75587375,39.66665287,0</coordinates></Point></Placemark><Placemark><name>29 km/h</name><ExtendedData><Data name="CGI"><value>3150100000100018</value></Data><Data name="CELLNAME"><value></value></Data><Data name="CELLID"><value>18</value></Data><Data name="RNC"><value>0</value></Data><Data name="TAC"><value>1</value></Data><Data name="TECHNOLOGY"><value>5G SA</value></Data><Data name="MODE"><value>5G</value></Data><Data name="ARFCN"><value>644640</value></Data><Data name="BAND"><value></value></Data><Data name="BANDWIDTH"><value></value></Data><Data name="CA"><value>false</value></Data><Data name="NR state"><value></value></Data><Data name="RSRP"><value>-105 dBm</value></Data><Data name="RSRQ"><value>-11</value></Data><Data name="LAYER"><value>1</value></Data><Data name="PC"><value>2</value></Data><Data name="DL_BITRATE"><value> kbps</value></Data><Data name="UL_BITRATE"><value> kbps</value></Data><Data name="IP"><value></value></Data><Data name="PHONE STATE"><value>I</value></Data><Data name="IMEI"><value></value></Data><Data name="SPEED"><value>29 km/h</value></Data><Data name="HEIGHT"><value>-2m</value></Data><Data name="ALTITUDE"><value>-2m</value></Data><Data name="LOCATION"><value>G</value></Data><Data name="ACCURACY"><value>3m</value></Data><Data name="DISTANCE"><value>-1m</value></Data><Data name="SITE BEARING"><value>1000deg</value></Data><Data name="ANTENNA BEARING"><value>1000deg</value></Data><Data name="CELLHEX"><value>12</value></Data><Data name="NODEHEX"><value>0</value></Data><Data name="LACHEX"><value>1</value></Data><Data name="RAWCELLID"><value>18</value></Data><Data name="TIME"><value>2026.08.19_12.17.08</value></Data><Data name="NEI1"><value></value></Data><Data name="NEI2"><value></value></Data><Data name="NEI3"><value></value></Data><Data name="NEI4"><value></value></Data><Data name="NEI5"><value></value></Data><Data name="NEI6"><value></value></Data></ExtendedData><Style><LabelStyle><scale>0.0</scale> </LabelStyle><IconStyle><color>FFF07800</color><scale>0.5</scale><Icon><href>http://maps.google.com/mapfiles/kml/shapes/shaded_dot.png</href></Icon></IconStyle></Style><Point><coordinates>-75.75587375,39.66665287,0</coordinates></Point></Placemark><Placemark><name>33 km/h</name><ExtendedData><Data name="CGI"><value>3150100000100018</value></Data><Data name="CELLNAME"><value></value></Data><Data name="CELLID"><value>18</value></Data><Data name="RNC"><value>0</value></Data><Data name="TAC"><value>1</value></Data><Data name="TECHNOLOGY"><value>5G SA</value></Data><Data name="MODE"><value>5G</value></Data><Data name="ARFCN"><value>644640</value></Data><Data name="BAND"><value></value></Data><Data name="BANDWIDTH"><value></value></Data><Data name="CA"><value>false</value></Data><Data name="NR state"><value></value></Data><Data name="RSRP"><value>-105 dBm</value></Data><Data name="RSRQ"><value>-11</value></Data><Data name="LAYER"><value>1</value></Data><Data name="PC"><value>2</value></Data><Data name="DL_BITRATE"><value> kbps</value></Data><Data name="UL_BITRATE"><value> kbps</value></Data><Data name="IP"><value></value></Data><Data name="PHONE STATE"><value>I</value></Data><Data name="IMEI"><value></value></Data><Data name="SPEED"><value>33 km/h</value></Data><Data name="HEIGHT"><value>-2m</value></Data><Data name="ALTITUDE"><value>-2m</value></Data><Data name="LOCATION"><value>G</value></Data><Data name="ACCURACY"><value>3m</value></Data><Data name="DISTANCE"><value>-1m</value></Data><Data name="SITE BEARING"><value>1000deg</value></Data><Data name="ANTENNA BEARING"><value>1000deg</value></Data><Data name="CELLHEX"><value>12</value></Data><Data name="NODEHEX"><value>0</value></Data><Data name="LACHEX"><value>1</value></Data><Data name="RAWCELLID"><value>18</value></Data><Data name="TIME"><value>2026.08.19_12.17.08</value></Data><Data name="NEI1"><value></value></Data><Data name="NEI2"><value></value></Data><Data name="NEI3"><value></value></Data><Data name="NEI4"><value></value></Data><Data name="NEI5"><value></value></Data><Data name="NEI6"><value></value></Data></ExtendedData><Style><LabelStyle><scale>0.0</scale> </LabelStyle><IconStyle><color>FFF07800</color><scale>0.5</scale><Icon><href>http://maps.google.com/mapfiles/kml/shapes/shaded_dot.png</href></Icon></IconStyle></Style><Point><coordinates>-75.75586302,39.66656836,0</coordinates></Point></Placemark><Placemark><name>33 km/h</name><ExtendedData><Data name="CGI"><value>3150100000100018</value></Data><Data name="CELLNAME"><value></value></Data><Data name="CELLID"><value>18</value></Data><Data name="RNC"><value>0</value></Data><Data name="TAC"><value>1</value></Data><Data name="TECHNOLOGY"><value>5G SA</value></Data><Data name="MODE"><value>5G</value></Data><Data name="ARFCN"><value>644640</value></Data><Data name="BAND"><value></value></Data><Data name="BANDWIDTH"><value></value></Data><Data name="CA"><value>false</value></Data><Data name="NR state"><value></value></Data><Data name="RSRP"><value>-105 dBm</value></Data><Data name="RSRQ"><value>-11</value></Data><Data name="LAYER"><value>1</value></Data><Data name="PC"><value>2</value></Data><Data name="DL_BITRATE"><value> kbps</value></Data><Data name="UL_BITRATE"><value> kbps</value></Data><Data name="IP"><value></value></Data><Data name="PHONE STATE"><value>I</value></Data><Data name="IMEI"><value></value></Data><Data name="SPEED"><value>33 km/h</value></Data><Data name="HEIGHT"><value>-2m</value></Data><Data name="ALTITUDE"><value>-2m</value></Data><Data name="LOCATION"><value>G</value></Data><Data name="ACCURACY"><value>3m</value></Data><Data name="DISTANCE"><value>-1m</value></Data><Data name="SITE BEARING"><value>1000deg</value></Data><Data name="ANTENNA BEARING"><value>1000deg</value></Data><Data name="CELLHEX"><value>12</value></Data><Data name="NODEHEX"><value>0</value></Data><Data name="LACHEX"><value>1</value></Data><Data name="RAWCELLID"><value>18</value></Data><Data name="TIME"><value>2026.08.19_12.17.09</value></Data><Data name="NEI1"><value></value></Data><Data name="NEI2"><value></value></Data><Data name="NEI3"><value></value></Data><Data name="NEI4"><value></value></Data><Data name="NEI5"><value></value></Data><Data name="NEI6"><value></value></Data></ExtendedData><Style><LabelStyle><scale>0.0</scale> </LabelStyle><IconStyle><color>FFF07800</color><scale>0.5</scale><Icon><href>http://maps.google.com/mapfiles/kml/shapes/shaded_dot.png</href></Icon></IconStyle></Style><Point><coordinates>-75.75586302,39.66656836,0</coordinates></Point></Placemark><Placemark><name>36 km/h</name><ExtendedData><Data name="CGI"><value>3150100000100018</value></Data><Data name="CELLNAME"><value></value></Data><Data name="CELLID"><value>18</value></Data><Data name="RNC"><value>0</value></Data><Data name="TAC"><value>1</value></Data><Data name="TECHNOLOGY"><value>5G SA</value></Data><Data name="MODE"><value>5G</value></Data><Data name="ARFCN"><value>644640</value></Data><Data name="BAND"><value></value></Data><Data name="BANDWIDTH"><value></value></Data><Data name="CA"><value>false</value></Data><Data name="NR state"><value></value></Data><Data name="RSRP"><value>-105 dBm</value></Data><Data name="RSRQ"><value>-11</value></Data><Data name="LAYER"><value>1</value></Data><Data name="PC"><value>2</value></Data><Data name="DL_BITRATE"><value> kbps</value></Data><Data name="UL_BITRATE"><value> kbps</value></Data><Data name="IP"><value></value></Data><Data name="PHONE STATE"><value>I</value></Data><Data name="IMEI"><value></value></Data><Data name="SPEED"><value>36 km/h</value></Data><Data name="HEIGHT"><value>-2m</value></Data><Data name="ALTITUDE"><value>-2m</value></Data><Data name="LOCATION"><value>G</value></Data><Data name="ACCURACY"><value>3m</value></Data><Data name="DISTANCE"><value>-1m</value></Data><Data name="SITE BEARING"><value>1000deg</value></Data><Data name="ANTENNA BEARING"><value>1000deg</value></Data><Data name="CELLHEX"><value>12</value></Data><Data name="NODEHEX"><value>0</value></Data><Data name="LACHEX"><value>1</value></Data><Data name="RAWCELLID"><value>18</value></Data><Data name="TIME"><value>2026.08.19_12.17.09</value></Data><Data name="NEI1"><value></value></Data><Data name="NEI2"><value></value></Data><Data name="NEI3"><value></value></Data><Data name="NEI4"><value></value></Data><Data name="NEI5"><value></value></Data><Data name="NEI6"><value></value></Data></ExtendedData><Style><LabelStyle><scale>0.0</scale> </LabelStyle><IconStyle><color>FFF07800</color><scale>0.5</scale><Icon><href>http://maps.google.com/mapfiles/kml/shapes/shaded_dot.png</href></Icon></IconStyle></Style><Point><coordinates>-75.75584854,39.66647843,0</coordinates></Point></Placemark><Placemark><name>36 km/h</name><ExtendedData><Data name="CGI"><value>3150100000100018</value></Data><Data name="CELLNAME"><value></value></Data><Data name="CELLID"><value>18</value></Data><Data name="RNC"><value>0</value></Data><Data name="TAC"><value>1</value></Data><Data name="TECHNOLOGY"><value>5G SA</value></Data><Data name="MODE"><value>5G</value></Data><Data name="ARFCN"><value>644640</value></Data><Data name="BAND"><value></value></Data><Data name="BANDWIDTH"><value></value></Data><Data name="CA"><value>false</value></Data><Data name="NR state"><value></value></Data><Data name="RSRP"><value>-105 dBm</value></Data><Data name="RSRQ"><value>-11</value></Data><Data name="LAYER"><value>1</value></Data><Data name="PC"><value>2</value></Data><Data name="DL_BITRATE"><value> kbps</value></Data><Data name="UL_BITRATE"><value> kbps</value></Data><Data name="IP"><value></value></Data><Data name="PHONE STATE"><value>I</value></Data><Data name="IMEI"><value></value></Data><Data name="SPEED"><value>36 km/h</value></Data><Data name="HEIGHT"><value>-2m</value></Data><Data name="ALTITUDE"><value>-2m</value></Data><Data name="LOCATION"><value>G</value></Data><Data name="ACCURACY"><value>3m</value></Data><Data name="DISTANCE"><value>-1m</value></Data><Data name="SITE BEARING"><value>1000deg</value></Data><Data name="ANTENNA BEARING"><value>1000deg</value></Data><Data name="CELLHEX"><value>12</value></Data><Data name="NODEHEX"><value>0</value></Data><Data name="LACHEX"><value>1</value></Data><Data name="RAWCELLID"><value>18</value></Data><Data name="TIME"><value>2026.08.19_12.17.10</value></Data><Data name="NEI1"><value></value></Data><Data name="NEI2"><value></value></Data><Data name="NEI3"><value></value></Data><Data name="NEI4"><value></value></Data><Data name="NEI5"><value></value></Data><Data name="NEI6"><value></value></Data></ExtendedData><Style><LabelStyle><scale>0.0</scale> </LabelStyle><IconStyle><color>FFF07800</color><scale>0.5</scale><Icon><href>http://maps.google.com/mapfiles/kml/shapes/shaded_dot.png</href></Icon></IconStyle></Style><Point><coordinates>-75.75584854,39.66647843,0</coordinates></Point></Placemark><Placemark><name>38 km/h</name><ExtendedData><Data name="CGI"><value>3150100000100018</value></Data><Data name="CELLNAME"><value></value></Data><Data name="CELLID"><value>18</value></Data><Data name="RNC"><value>0</value></Data><Data name="TAC"><value>1</value></Data><Data name="TECHNOLOGY"><value>5G SA</value></Data><Data name="MODE"><value>5G</value></Data><Data name="ARFCN"><value>644640</value></Data><Data name="BAND"><value></value></Data><Data name="BANDWIDTH"><value></value></Data><Data name="CA"><value>false</value></Data><Data name="NR state"><value></value></Data><Data name="RSRP"><value>-105 dBm</value></Data><Data name="RSRQ"><value>-11</value></Data><Data name="LAYER"><value>1</value></Data><Data name="PC"><value>2</value></Data><Data name="DL_BITRATE"><value> kbps</value></Data><Data name="UL_BITRATE"><value> kbps</value></Data><Data name="IP"><value></value></Data><Data name="PHONE STATE"><value>I</value></Data><Data name="IMEI"><value></value></Data><Data name="SPEED"><value>38 km/h</value></Data><Data name="HEIGHT"><value>-2m</value></Data><Data name="ALTITUDE"><value>-2m</value></Data><Data name="LOCATION"><value>G</value></Data><Data name="ACCURACY"><value>3m</value></Data><Data name="DISTANCE"><value>-1m</value></Data><Data name="SITE BEARING"><value>1000deg</value></Data><Data name="ANTENNA BEARING"><value>1000deg</value></Data><Data name="CELLHEX"><value>12</value></Data><Data name="NODEHEX"><value>0</value></Data><Data name="LACHEX"><value>1</value></Data><Data name="RAWCELLID"><value>18</value></Data><Data name="TIME"><value>2026.08.19_12.17.10</value></Data><Data name="NEI1"><value></value></Data><Data name="NEI2"><value></value></Data><Data name="NEI3"><value></value></Data><Data name="NEI4"><value></value></Data><Data name="NEI5"><value></value></Data><Data name="NEI6"><value></value></Data></ExtendedData><Style><LabelStyle><scale>0.0</scale> </LabelStyle><IconStyle><color>FFF07800</color><scale>0.5</scale><Icon><href>http://maps.google.com/mapfiles/kml/shapes/shaded_dot.png</href></Icon></IconStyle></Style><Point><coordinates>-75.75583325,39.66638506,0</coordinates></Point></Placemark><Placemark><name>38 km/h</name><ExtendedData><Data name="CGI"><value>3150100000100018</value></Data><Data name="CELLNAME"><value></value></Data><Data name="CELLID"><value>18</value></Data><Data name="RNC"><value>0</value></Data><Data name="TAC"><value>1</value></Data><Data name="TECHNOLOGY"><value>5G SA</value></Data><Data name="MODE"><value>5G</value></Data><Data name="ARFCN"><value>644640</value></Data><Data name="BAND"><value></value></Data><Data name="BANDWIDTH"><value></value></Data><Data name="CA"><value>false</value></Data><Data name="NR state"><value></value></Data><Data name="RSRP"><value>-105 dBm</value></Data><Data name="RSRQ"><value>-11</value></Data><Data name="LAYER"><value>1</value></Data><Data name="PC"><value>2</value></Data><Data name="DL_BITRATE"><value> kbps</value></Data><Data name="UL_BITRATE"><value> kbps</value></Data><Data name="IP"><value></value></Data><Data name="PHONE STATE"><value>I</value></Data><Data name="IMEI"><value></value></Data><Data name="SPEED"><value>38 km/h</value></Data><Data name="HEIGHT"><value>-2m</value></Data><Data name="ALTITUDE"><value>-2m</value></Data><Data name="LOCATION"><value>G</value></Data><Data name="ACCURACY"><value>3m</value></Data><Data name="DISTANCE"><value>-1m</value></Data><Data name="SITE BEARING"><value>1000deg</value></Data><Data name="ANTENNA BEARING"><value>1000deg</value></Data><Data name="CELLHEX"><value>12</value></Data><Data name="NODEHEX"><value>0</value></Data><Data name="LACHEX"><value>1</value></Data><Data name="RAWCELLID"><value>18</value></Data><Data name="TIME"><value>2026.08.19_12.17.11</value></Data><Data name="NEI1"><value></value></Data><Data name="NEI2"><value></value></Data><Data name="NEI3"><value></value></Data><Data name="NEI4"><value></value></Data><Data name="NEI5"><value></value></Data><Data name="NEI6"><value></value></Data></ExtendedData><Style><LabelStyle><scale>0.0</scale> </LabelStyle><IconStyle><color>FFF07800</color><scale>0.5</scale><Icon><href>http://maps.google.com/mapfiles/kml/shapes/shaded_dot.png</href></Icon></IconStyle></Style><Point><coordinates>-75.75583325,39.66638506,0</coordinates></Point></Placemark><Placemark><name>39 km/h</name><ExtendedData><Data name="CGI"><value>3150100000100018</value></Data><Data name="CELLNAME"><value></value></Data><Data name="CELLID"><value>18</value></Data><Data name="RNC"><value>0</value></Data><Data name="TAC"><value>1</value></Data><Data name="TECHNOLOGY"><value>5G SA</value></Data><Data name="MODE"><value>5G</value></Data><Data name="ARFCN"><value>644640</value></Data><Data name="BAND"><value></value></Data><Data name="BANDWIDTH"><value></value></Data><Data name="CA"><value>false</value></Data><Data name="NR state"><value></value></Data><Data name="RSRP"><value>-105 dBm</value></Data><Data name="RSRQ"><value>-11</value></Data><Data name="LAYER"><value>1</value></Data><Data name="PC"><value>2</value></Data><Data name="DL_BITRATE"><value> kbps</value></Data><Data name="UL_BITRATE"><value> kbps</value></Data><Data name="IP"><value></value></Data><Data name="PHONE STATE"><value>I</value></Data><Data name="IMEI"><value></value></Data><Data name="SPEED"><value>39 km/h</value></Data><Data name="HEIGHT"><value>-2m</value></Data><Data name="ALTITUDE"><value>-2m</value></Data><Data name="LOCATION"><value>G</value></Data><Data name="ACCURACY"><value>3m</value></Data><Data name="DISTANCE"><value>-1m</value></Data><Data name="SITE BEARING"><value>1000deg</value></Data><Data name="ANTENNA BEARING"><value>1000deg</value></Data><Data name="CELLHEX"><value>12</value></Data><Data name="NODEHEX"><value>0</value></Data><Data name="LACHEX"><value>1</value></Data><Data name="RAWCELLID"><value>18</value></Data><Data name="TIME"><value>2026.08.19_12.17.11</value></Data><Data name="NEI1"><value></value></Data><Data name="NEI2"><value></value></Data><Data name="NEI3"><value></value></Data><Data name="NEI4"><value></value></Data><Data name="NEI5"><value></value></Data><Data name="NEI6"><value></value></Data></ExtendedData><Style><LabelStyle><scale>0.0</scale> </LabelStyle><IconStyle><color>FFF07800</color><scale>0.5</scale><Icon><href>http://maps.google.com/mapfiles/kml/shapes/shaded_dot.png</href></Icon></IconStyle></Style><Point><coordinates>-75.75581738,39.66628853,0</coordinates></Point></Placemark><Placemark><name>39 km/h</name><ExtendedData><Data name="CGI"><value>3150100000100018</value></Data><Data name="CELLNAME"><value></value></Data><Data name="CELLID"><value>18</value></Data><Data name="RNC"><value>0</value></Data><Data name="TAC"><value>1</value></Data><Data name="TECHNOLOGY"><value>5G SA</value></Data><Data name="MODE"><value>5G</value></Data><Data name="ARFCN"><value>644640</value></Data><Data name="BAND"><value></value></Data><Data name="BANDWIDTH"><value></value></Data><Data name="CA"><value>false</value></Data><Data name="NR state"><value></value></Data><Data name="RSRP"><value>-105 dBm</value></Data><Data name="RSRQ"><value>-11</value></Data><Data name="LAYER"><value>1</value></Data><Data name="PC"><value>2</value></Data><Data name="DL_BITRATE"><value> kbps</value></Data><Data name="UL_BITRATE"><value> kbps</value></Data><Data name="IP"><value></value></Data><Data name="PHONE STATE"><value>I</value></Data><Data name="IMEI"><value></value></Data><Data name="SPEED"><value>39 km/h</value></Data><Data name="HEIGHT"><value>-2m</value></Data><Data name="ALTITUDE"><value>-2m</value></Data><Data name="LOCATION"><value>G</value></Data><Data name="ACCURACY"><value>3m</value></Data><Data name="DISTANCE"><value>-1m</value></Data><Data name="SITE BEARING"><value>1000deg</value></Data><Data name="ANTENNA BEARING"><value>1000deg</value></Data><Data name="CELLHEX"><value>12</value></Data><Data name="NODEHEX"><value>0</value></Data><Data name="LACHEX"><value>1</value></Data><Data name="RAWCELLID"><value>18</value></Data><Data name="TIME"><value>2026.08.19_12.17.12</value></Data><Data name="NEI1"><value></value></Data><Data name="NEI2"><value></value></Data><Data name="NEI3"><value></value></Data><Data name="NEI4"><value></value></Data><Data name="NEI5"><value></value></Data><Data name="NEI6"><value></value></Data></ExtendedData><Style><LabelStyle><scale>0.0</scale> </LabelStyle><IconStyle><color>FFF07800</color><scale>0.5</scale><Icon><href>http://maps.google.com/mapfiles/kml/shapes/shaded_dot.png</href></Icon></IconStyle></Style><Point><coordinates>-75.75581738,39.66628853,0</coordinates></Point></Placemark><Placemark><name>39 km/h</name><ExtendedData><Data name="CGI"><value>3150100000100018</value></Data><Data name="CELLNAME"><value></value></Data><Data name="CELLID"><value>18</value></Data><Data name="RNC"><value>0</value></Data><Data name="TAC"><value>1</value></Data><Data name="TECHNOLOGY"><value>5G SA</value></Data><Data name="MODE"><value>5G</value></Data><Data name="ARFCN"><value>644640</value></Data><Data name="BAND"><value></value></Data><Data name="BANDWIDTH"><value></value></Data><Data name="CA"><value>false</value></Data><Data name="NR state"><value></value></Data><Data name="RSRP"><value>-105 dBm</value></Data><Data name="RSRQ"><value>-11</value></Data><Data name="LAYER"><value>1</value></Data><Data name="PC"><value>2</value></Data><Data name="DL_BITRATE"><value> kbps</value></Data><Data name="UL_BITRATE"><value> kbps</value></Data><Data name="IP"><value></value></Data><Data name="PHONE STATE"><value>I</value></Data><Data name="IMEI"><value></value></Data><Data name="SPEED"><value>39 km/h</value></Data><Data name="HEIGHT"><value>-3m</value></Data><Data name="ALTITUDE"><value>-3m</value></Data><Data name="LOCATION"><value>G</value></Data><Data name="ACCURACY"><value>3m</value></Data><Data name="DISTANCE"><value>-1m</value></Data><Data name="SITE BEARING"><value>1000deg</value></Data><Data name="ANTENNA BEARING"><value>1000deg</value></Data><Data name="CELLHEX"><value>12</value></Data><Data name="NODEHEX"><value>0</value></Data><Data name="LACHEX"><value>1</value></Data><Data name="RAWCELLID"><value>18</value></Data><Data name="TIME"><value>2026.08.19_12.17.12</value></Data><Data name="NEI1"><value></value></Data><Data name="NEI2"><value></value></Data><Data name="NEI3"><value></value></Data><Data name="NEI4"><value></value></Data><Data name="NEI5"><value></value></Data><Data name="NEI6"><value></value></Data></ExtendedData><Style><LabelStyle><scale>0.0</scale> </LabelStyle><IconStyle><color>FFF07800</color><scale>0.5</scale><Icon><href>http://maps.google.com/mapfiles/kml/shapes/shaded_dot.png</href></Icon></IconStyle></Style><Point><coordinates>-75.75579835,39.6661933,0</coordinates></Point></Placemark><Placemark><name>39 km/h</name><ExtendedData><Data name="CGI"><value>3150100000100018</value></Data><Data name="CELLNAME"><value></value></Data><Data name="CELLID"><value>18</value></Data><Data name="RNC"><value>0</value></Data><Data name="TAC"><value>1</value></Data><Data name="TECHNOLOGY"><value>5G SA</value></Data><Data name="MODE"><value>5G</value></Data><Data name="ARFCN"><value>644640</value></Data><Data name="BAND"><value></value></Data><Data name="BANDWIDTH"><value></value></Data><Data name="CA"><value>false</value></Data><Data name="NR state"><value></value></Data><Data name="RSRP"><value>-105 dBm</value></Data><Data name="RSRQ"><value>-11</value></Data><Data name="LAYER"><value>1</value></Data><Data name="PC"><value>2</value></Data><Data name="DL_BITRATE"><value> kbps</value></Data><Data name="UL_BITRATE"><value> kbps</value></Data><Data name="IP"><value></value></Data><Data name="PHONE STATE"><value>I</value></Data><Data name="IMEI"><value></value></Data><Data name="SPEED"><value>39 km/h</value></Data><Data name="HEIGHT"><value>-3m</value></Data><Data name="ALTITUDE"><value>-3m</value></Data><Data name="LOCATION"><value>G</value></Data><Data name="ACCURACY"><value>3m</value></Data><Data name="DISTANCE"><value>-1m</value></Data><Data name="SITE BEARING"><value>1000deg</value></Data><Data name="ANTENNA BEARING"><value>1000deg</value></Data><Data name="CELLHEX"><value>12</value></Data><Data name="NODEHEX"><value>0</value></Data><Data name="LACHEX"><value>1</value></Data><Data name="RAWCELLID"><value>18</value></Data><Data name="TIME"><value>2026.08.19_12.17.13</value></Data><Data name="NEI1"><value></value></Data><Data name="NEI2"><value></value></Data><Data name="NEI3"><value></value></Data><Data name="NEI4"><value></value></Data><Data name="NEI5"><value></value></Data><Data name="NEI6"><value></value></Data></ExtendedData><Style><LabelStyle><scale>0.0</scale> </LabelStyle><IconStyle><color>FFF07800</color><scale>0.5</scale><Icon><href>http://maps.google.com/mapfiles/kml/shapes/shaded_dot.png</href></Icon></IconStyle></Style><Point><coordinates>-75.75579835,39.6661933,0</coordinates></Point></Placemark><Placemark><name>38 km/h</name><ExtendedData><Data name="CGI"><value>3150100000100018</value></Data><Data name="CELLNAME"><value></value></Data><Data name="CELLID"><value>18</value></Data><Data name="RNC"><value>0</value></Data><Data name="TAC"><value>1</value></Data><Data name="TECHNOLOGY"><value>5G SA</value></Data><Data name="MODE"><value>5G</value></Data><Data name="ARFCN"><value>644640</value></Data><Data name="BAND"><value></value></Data><Data name="BANDWIDTH"><value></value></Data><Data name="CA"><value>false</value></Data><Data name="NR state"><value></value></Data><Data name="RSRP"><value>-105 dBm</value></Data><Data name="RSRQ"><value>-11</value></Data><Data name="LAYER"><value>1</value></Data><Data name="PC"><value>2</value></Data><Data name="DL_BITRATE"><value> kbps</value></Data><Data name="UL_BITRATE"><value> kbps</value></Data><Data name="IP"><value></value></Data><Data name="PHONE STATE"><value>I</value></Data><Data name="IMEI"><value></value></Data><Data name="SPEED"><value>38 km/h</value></Data><Data name="HEIGHT"><value>-3m</value></Data><Data name="ALTITUDE"><value>-3m</value></Data><Data name="LOCATION"><value>G</value></Data><Data name="ACCURACY"><value>3m</value></Data><Data name="DISTANCE"><value>-1m</value></Data><Data name="SITE BEARING"><value>1000deg</value></Data><Data name="ANTENNA BEARING"><value>1000deg</value></Data><Data name="CELLHEX"><value>12</value></Data><Data name="NODEHEX"><value>0</value></Data><Data name="LACHEX"><value>1</value></Data><Data name="RAWCELLID"><value>18</value></Data><Data name="TIME"><value>2026.08.19_12.17.13</value></Data><Data name="NEI1"><value></value></Data><Data name="NEI2"><value></value></Data><Data name="NEI3"><value></value></Data><Data name="NEI4"><value></value></Data><Data name="NEI5"><value></value></Data><Data name="NEI6"><value></value></Data></ExtendedData><Style><LabelStyle><scale>0.0</scale> </LabelStyle><IconStyle><color>FFF07800</color><scale>0.5</scale><Icon><href>http://maps.google.com/mapfiles/kml/shapes/shaded_dot.png</href></Icon></IconStyle></Style><Point><coordinates>-75.75578666,39.66609542,0</coordinates></Point></Placemark><Placemark><name>38 km/h</name><ExtendedData><Data name="CGI"><value>3150100000100018</value></Data><Data name="CELLNAME"><value></value></Data><Data name="CELLID"><value>18</value></Data><Data name="RNC"><value>0</value></Data><Data name="TAC"><value>1</value></Data><Data name="TECHNOLOGY"><value>5G SA</value></Data><Data name="MODE"><value>5G</value></Data><Data name="ARFCN"><value>644640</value></Data><Data name="BAND"><value></value></Data><Data name="BANDWIDTH"><value></value></Data><Data name="CA"><value>false</value></Data><Data name="NR state"><value></value></Data><Data name="RSRP"><value>-105 dBm</value></Data><Data name="RSRQ"><value>-11</value></Data><Data name="LAYER"><value>1</value></Data><Data name="PC"><value>2</value></Data><Data name="DL_BITRATE"><value> kbps</value></Data><Data name="UL_BITRATE"><value> kbps</value></Data><Data name="IP"><value></value></Data><Data name="PHONE STATE"><value>I</value></Data><Data name="IMEI"><value></value></Data><Data name="SPEED"><value>38 km/h</value></Data><Data name="HEIGHT"><value>-3m</value></Data><Data name="ALTITUDE"><value>-3m</value></Data><Data name="LOCATION"><value>G</value></Data><Data name="ACCURACY"><value>3m</value></Data><Data name="DISTANCE"><value>-1m</value></Data><Data name="SITE BEARING"><value>1000deg</value></Data><Data name="ANTENNA BEARING"><value>1000deg</value></Data><Data name="CELLHEX"><value>12</value></Data><Data name="NODEHEX"><value>0</value></Data><Data name="LACHEX"><value>1</value></Data><Data name="RAWCELLID"><value>18</value></Data><Data name="TIME"><value>2026.08.19_12.17.14</value></Data><Data name="NEI1"><value></value></Data><Data name="NEI2"><value></value></Data><Data name="NEI3"><value></value></Data><Data name="NEI4"><value></value></Data><Data name="NEI5"><value></value></Data><Data name="NEI6"><value></value></Data></ExtendedData><Style><LabelStyle><scale>0.0</scale> </LabelStyle><IconStyle><color>FFF07800</color><scale>0.5</scale><Icon><href>http://maps.google.com/mapfiles/kml/shapes/shaded_dot.png</href></Icon></IconStyle></Style><Point><coordinates>-75.75578666,39.66609542,0</coordinates></Point></Placemark><Placemark><name>36 km/h</name><ExtendedData><Data name="CGI"><value>3150100000100018</value></Data><Data name="CELLNAME"><value></value></Data><Data name="CELLID"><value>18</value></Data><Data name="RNC"><value>0</value></Data><Data name="TAC"><value>1</value></Data><Data name="TECHNOLOGY"><value>5G SA</value></Data><Data name="MODE"><value>5G</value></Data><Data name="ARFCN"><value>644640</value></Data><Data name="BAND"><value></value></Data><Data name="BANDWIDTH"><value></value></Data><Data name="CA"><value>false</value></Data><Data name="NR state"><value></value></Data><Data name="RSRP"><value>-105 dBm</value></Data><Data name="RSRQ"><value>-11</value></Data><Data name="LAYER"><value>1</value></Data><Data name="PC"><value>2</value></Data><Data name="DL_BITRATE"><value> kbps</value></Data><Data name="UL_BITRATE"><value> kbps</value></Data><Data name="IP"><value></value></Data><Data name="PHONE STATE"><value>I</value></Data><Data name="IMEI"><value></value></Data><Data name="SPEED"><value>36 km/h</value></Data><Data name="HEIGHT"><value>-3m</value></Data><Data name="ALTITUDE"><value>-3m</value></Data><Data name="LOCATION"><value>G</value></Data><Data name="ACCURACY"><value>3m</value></Data><Data name="DISTANCE"><value>-1m</value></Data><Data name="SITE BEARING"><value>1000deg</value></Data><Data name="ANTENNA BEARING"><value>1000deg</value></Data><Data name="CELLHEX"><value>12</value></Data><Data name="NODEHEX"><value>0</value></Data><Data name="LACHEX"><value>1</value></Data><Data name="RAWCELLID"><value>18</value></Data><Data name="TIME"><value>2026.08.19_12.17.14</value></Data><Data name="NEI1"><value></value></Data><Data name="NEI2"><value></value></Data><Data name="NEI3"><value></value></Data><Data name="NEI4"><value></value></Data><Data name="NEI5"><value></value></Data><Data name="NEI6"><value></value></Data></ExtendedData><Style><LabelStyle><scale>0.0</scale> </LabelStyle><IconStyle><color>FFF07800</color><scale>0.5</scale><Icon><href>http://maps.google.com/mapfiles/kml/shapes/shaded_dot.png</href></Icon></IconStyle></Style><Point><coordinates>-75.7557734,39.66600173,0</coordinates></Point></Placemark><Placemark><name>36 km/h</name><ExtendedData><Data name="CGI"><value>3150100000100018</value></Data><Data name="CELLNAME"><value></value></Data><Data name="CELLID"><value>18</value></Data><Data name="RNC"><value>0</value></Data><Data name="TAC"><value>1</value></Data><Data name="TECHNOLOGY"><value>5G SA</value></Data><Data name="MODE"><value>5G</value></Data><Data name="ARFCN"><value>644640</value></Data><Data name="BAND"><value></value></Data><Data name="BANDWIDTH"><value></value></Data><Data name="CA"><value>false</value></Data><Data name="NR state"><value></value></Data><Data name="RSRP"><value>-105 dBm</value></Data><Data name="RSRQ"><value>-11</value></Data><Data name="LAYER"><value>1</value></Data><Data name="PC"><value>2</value></Data><Data name="DL_BITRATE"><value> kbps</value></Data><Data name="UL_BITRATE"><value> kbps</value></Data><Data name="IP"><value></value></Data><Data name="PHONE STATE"><value>I</value></Data><Data name="IMEI"><value></value></Data><Data name="SPEED"><value>36 km/h</value></Data><Data name="HEIGHT"><value>-3m</value></Data><Data name="ALTITUDE"><value>-3m</value></Data><Data name="LOCATION"><value>G</value></Data><Data name="ACCURACY"><value>3m</value></Data><Data name="DISTANCE"><value>-1m</value></Data><Data name="SITE BEARING"><value>1000deg</value></Data><Data name="ANTENNA BEARING"><value>1000deg</value></Data><Data name="CELLHEX"><value>12</value></Data><Data name="NODEHEX"><value>0</value></Data><Data name="LACHEX"><value>1</value></Data><Data name="RAWCELLID"><value>18</value></Data><Data name="TIME"><value>2026.08.19_12.17.15</value></Data><Data name="NEI1"><value></value></Data><Data name="NEI2"><value></value></Data><Data name="NEI3"><value></value></Data><Data name="NEI4"><value></value></Data><Data name="NEI5"><value></value></Data><Data name="NEI6"><value></value></Data></ExtendedData><Style><LabelStyle><scale>0.0</scale> </LabelStyle><IconStyle><color>FFF07800</color><scale>0.5</scale><Icon><href>http://maps.google.com/mapfiles/kml/shapes/shaded_dot.png</href></Icon></IconStyle></Style><Point><coordinates>-75.7557734,39.66600173,0</coordinates></Point></Placemark><Placemark><name>32 km/h</name><ExtendedData><Data name="CGI"><value>3150100000100018</value></Data><Data name="CELLNAME"><value></value></Data><Data name="CELLID"><value>18</value></Data><Data name="RNC"><value>0</value></Data><Data name="TAC"><value>1</value></Data><Data name="TECHNOLOGY"><value>5G SA</value></Data><Data name="MODE"><value>5G</value></Data><Data name="ARFCN"><value>644640</value></Data><Data name="BAND"><value></value></Data><Data name="BANDWIDTH"><value></value></Data><Data name="CA"><value>false</value></Data><Data name="NR state"><value></value></Data><Data name="RSRP"><value>-105 dBm</value></Data><Data name="RSRQ"><value>-11</value></Data><Data name="LAYER"><value>1</value></Data><Data name="PC"><value>2</value></Data><Data name="DL_BITRATE"><value> kbps</value></Data><Data name="UL_BITRATE"><value> kbps</value></Data><Data name="IP"><value></value></Data><Data name="PHONE STATE"><value>I</value></Data><Data name="IMEI"><value></value></Data><Data name="SPEED"><value>32 km/h</value></Data><Data name="HEIGHT"><value>-3m</value></Data><Data name="ALTITUDE"><value>-3m</value></Data><Data name="LOCATION"><value>G</value></Data><Data name="ACCURACY"><value>3m</value></Data><Data name="DISTANCE"><value>-1m</value></Data><Data name="SITE BEARING"><value>1000deg</value></Data><Data name="ANTENNA BEARING"><value>1000deg</value></Data><Data name="CELLHEX"><value>12</value></Data><Data name="NODEHEX"><value>0</value></Data><Data name="LACHEX"><value>1</value></Data><Data name="RAWCELLID"><value>18</value></Data><Data name="TIME"><value>2026.08.19_12.17.15</value></Data><Data name="NEI1"><value></value></Data><Data name="NEI2"><value></value></Data><Data name="NEI3"><value></value></Data><Data name="NEI4"><value></value></Data><Data name="NEI5"><value></value></Data><Data name="NEI6"><value></value></Data></ExtendedData><Style><LabelStyle><scale>0.0</scale> </LabelStyle><IconStyle><color>FFF07800</color><scale>0.5</scale><Icon><href>http://maps.google.com/mapfiles/kml/shapes/shaded_dot.png</href></Icon></IconStyle></Style><Point><coordinates>-75.75576455,39.66591883,0</coordinates></Point></Placemark><Placemark><name>32 km/h</name><ExtendedData><Data name="CGI"><value>3150100000100018</value></Data><Data name="CELLNAME"><value></value></Data><Data name="CELLID"><value>18</value></Data><Data name="RNC"><value>0</value></Data><Data name="TAC"><value>1</value></Data><Data name="TECHNOLOGY"><value>5G SA</value></Data><Data name="MODE"><value>5G</value></Data><Data name="ARFCN"><value>644640</value></Data><Data name="BAND"><value></value></Data><Data name="BANDWIDTH"><value></value></Data><Data name="CA"><value>false</value></Data><Data name="NR state"><value></value></Data><Data name="RSRP"><value>-105 dBm</value></Data><Data name="RSRQ"><value>-11</value></Data><Data name="LAYER"><value>1</value></Data><Data name="PC"><value>2</value></Data><Data name="DL_BITRATE"><value> kbps</value></Data><Data name="UL_BITRATE"><value> kbps</value></Data><Data name="IP"><value></value></Data><Data name="PHONE STATE"><value>I</value></Data><Data name="IMEI"><value></value></Data><Data name="SPEED"><value>32 km/h</value></Data><Data name="HEIGHT"><value>-3m</value></Data><Data name="ALTITUDE"><value>-3m</value></Data><Data name="LOCATION"><value>G</value></Data><Data name="ACCURACY"><value>3m</value></Data><Data name="DISTANCE"><value>-1m</value></Data><Data name="SITE BEARING"><value>1000deg</value></Data><Data name="ANTENNA BEARING"><value>1000deg</value></Data><Data name="CELLHEX"><value>12</value></Data><Data name="NODEHEX"><value>0</value></Data><Data name="LACHEX"><value>1</value></Data><Data name="RAWCELLID"><value>18</value></Data><Data name="TIME"><value>2026.08.19_12.17.16</value></Data><Data name="NEI1"><value></value></Data><Data name="NEI2"><value></value></Data><Data name="NEI3"><value></value></Data><Data name="NEI4"><value></value></Data><Data name="NEI5"><value></value></Data><Data name="NEI6"><value></value></Data></ExtendedData><Style><LabelStyle><scale>0.0</scale> </LabelStyle><IconStyle><color>FFF07800</color><scale>0.5</scale><Icon><href>http://maps.google.com/mapfiles/kml/shapes/shaded_dot.png</href></Icon></IconStyle></Style><Point><coordinates>-75.75576455,39.66591883,0</coordinates></Point></Placemark><Placemark><name>24 km/h</name><ExtendedData><Data name="CGI"><value>3150100000100018</value></Data><Data name="CELLNAME"><value></value></Data><Data name="CELLID"><value>18</value></Data><Data name="RNC"><value>0</value></Data><Data name="TAC"><value>1</value></Data><Data name="TECHNOLOGY"><value>5G SA</value></Data><Data name="MODE"><value>5G</value></Data><Data name="ARFCN"><value>644640</value></Data><Data name="BAND"><value></value></Data><Data name="BANDWIDTH"><value></value></Data><Data name="CA"><value>false</value></Data><Data name="NR state"><value></value></Data><Data name="RSRP"><value>-105 dBm</value></Data><Data name="RSRQ"><value>-11</value></Data><Data name="LAYER"><value>1</value></Data><Data name="PC"><value>2</value></Data><Data name="DL_BITRATE"><value> kbps</value></Data><Data name="UL_BITRATE"><value> kbps</value></Data><Data name="IP"><value></value></Data><Data name="PHONE STATE"><value>I</value></Data><Data name="IMEI"><value></value></Data><Data name="SPEED"><value>24 km/h</value></Data><Data name="HEIGHT"><value>-3m</value></Data><Data name="ALTITUDE"><value>-3m</value></Data><Data name="LOCATION"><value>G</value></Data><Data name="ACCURACY"><value>3m</value></Data><Data name="DISTANCE"><value>-1m</value></Data><Data name="SITE BEARING"><value>1000deg</value></Data><Data name="ANTENNA BEARING"><value>1000deg</value></Data><Data name="CELLHEX"><value>12</value></Data><Data name="NODEHEX"><value>0</value></Data><Data name="LACHEX"><value>1</value></Data><Data name="RAWCELLID"><value>18</value></Data><Data name="TIME"><value>2026.08.19_12.17.16</value></Data><Data name="NEI1"><value></value></Data><Data name="NEI2"><value></value></Data><Data name="NEI3"><value></value></Data><Data name="NEI4"><value></value></Data><Data name="NEI5"><value></value></Data><Data name="NEI6"><value></value></Data></ExtendedData><Style><LabelStyle><scale>0.0</scale> </LabelStyle><IconStyle><color>FFF07800</color><scale>0.5</scale><Icon><href>http://maps.google.com/mapfiles/kml/shapes/shaded_dot.png</href></Icon></IconStyle></Style><Point><coordinates>-75.75575569,39.66585992,0</coordinates></Point></Placemark><Placemark><name>24 km/h</name><ExtendedData><Data name="CGI"><value>3150100000100018</value></Data><Data name="CELLNAME"><value></value></Data><Data name="CELLID"><value>18</value></Data><Data name="RNC"><value>0</value></Data><Data name="TAC"><value>1</value></Data><Data name="TECHNOLOGY"><value>5G SA</value></Data><Data name="MODE"><value>5G</value></Data><Data name="ARFCN"><value>644640</value></Data><Data name="BAND"><value></value></Data><Data name="BANDWIDTH"><value></value></Data><Data name="CA"><value>false</value></Data><Data name="NR state"><value></value></Data><Data name="RSRP"><value>-105 dBm</value></Data><Data name="RSRQ"><value>-11</value></Data><Data name="LAYER"><value>1</value></Data><Data name="PC"><value>2</value></Data><Data name="DL_BITRATE"><value> kbps</value></Data><Data name="UL_BITRATE"><value> kbps</value></Data><Data name="IP"><value></value></Data><Data name="PHONE STATE"><value>I</value></Data><Data name="IMEI"><value></value></Data><Data name="SPEED"><value>24 km/h</value></Data><Data name="HEIGHT"><value>-3m</value></Data><Data name="ALTITUDE"><value>-3m</value></Data><Data name="LOCATION"><value>G</value></Data><Data name="ACCURACY"><value>3m</value></Data><Data name="DISTANCE"><value>-1m</value></Data><Data name="SITE BEARING"><value>1000deg</value></Data><Data name="ANTENNA BEARING"><value>1000deg</value></Data><Data name="CELLHEX"><value>12</value></Data><Data name="NODEHEX"><value>0</value></Data><Data name="LACHEX"><value>1</value></Data><Data name="RAWCELLID"><value>18</value></Data><Data name="TIME"><value>2026.08.19_12.17.17</value></Data><Data name="NEI1"><value></value></Data><Data name="NEI2"><value></value></Data><Data name="NEI3"><value></value></Data><Data name="NEI4"><value></value></Data><Data name="NEI5"><value></value></Data><Data name="NEI6"><value></value></Data></ExtendedData><Style><LabelStyle><scale>0.0</scale> </LabelStyle><IconStyle><color>FFF07800</color><scale>0.5</scale><Icon><href>http://maps.google.com/mapfiles/kml/shapes/shaded_dot.png</href></Icon></IconStyle></Style><Point><coordinates>-75.75575569,39.66585992,0</coordinates></Point></Placemark><Placemark><name>17 km/h</name><ExtendedData><Data name="CGI"><value>3150100000100018</value></Data><Data name="CELLNAME"><value></value></Data><Data name="CELLID"><value>18</value></Data><Data name="RNC"><value>0</value></Data><Data name="TAC"><value>1</value></Data><Data name="TECHNOLOGY"><value>5G SA</value></Data><Data name="MODE"><value>5G</value></Data><Data name="ARFCN"><value>644640</value></Data><Data name="BAND"><value></value></Data><Data name="BANDWIDTH"><value></value></Data><Data name="CA"><value>false</value></Data><Data name="NR state"><value></value></Data><Data name="RSRP"><value>-105 dBm</value></Data><Data name="RSRQ"><value>-11</value></Data><Data name="LAYER"><value>1</value></Data><Data name="PC"><value>2</value></Data><Data name="DL_BITRATE"><value> kbps</value></Data><Data name="UL_BITRATE"><value> kbps</value></Data><Data name="IP"><value></value></Data><Data name="PHONE STATE"><value>I</value></Data><Data name="IMEI"><value></value></Data><Data name="SPEED"><value>17 km/h</value></Data><Data name="HEIGHT"><value>-3m</value></Data><Data name="ALTITUDE"><value>-3m</value></Data><Data name="LOCATION"><value>G</value></Data><Data name="ACCURACY"><value>3m</value></Data><Data name="DISTANCE"><value>-1m</value></Data><Data name="SITE BEARING"><value>1000deg</value></Data><Data name="ANTENNA BEARING"><value>1000deg</value></Data><Data name="CELLHEX"><value>12</value></Data><Data name="NODEHEX"><value>0</value></Data><Data name="LACHEX"><value>1</value></Data><Data name="RAWCELLID"><value>18</value></Data><Data name="TIME"><value>2026.08.19_12.17.17</value></Data><Data name="NEI1"><value></value></Data><Data name="NEI2"><value></value></Data><Data name="NEI3"><value></value></Data><Data name="NEI4"><value></value></Data><Data name="NEI5"><value></value></Data><Data name="NEI6"><value></value></Data></ExtendedData><Style><LabelStyle><scale>0.0</scale> </LabelStyle><IconStyle><color>FF780A14</color><scale>0.5</scale><Icon><href>http://maps.google.com/mapfiles/kml/shapes/shaded_dot.png</href></Icon></IconStyle></Style><Point><coordinates>-75.7557509,39.66581388,0</coordinates></Point></Placemark><Placemark><name>17 km/h</name><ExtendedData><Data name="CGI"><value>3150100000100018</value></Data><Data name="CELLNAME"><value></value></Data><Data name="CELLID"><value>18</value></Data><Data name="RNC"><value>0</value></Data><Data name="TAC"><value>1</value></Data><Data name="TECHNOLOGY"><value>5G SA</value></Data><Data name="MODE"><value>5G</value></Data><Data name="ARFCN"><value>644640</value></Data><Data name="BAND"><value></value></Data><Data name="BANDWIDTH"><value></value></Data><Data name="CA"><value>false</value></Data><Data name="NR state"><value></value></Data><Data name="RSRP"><value>-105 dBm</value></Data><Data name="RSRQ"><value>-11</value></Data><Data name="LAYER"><value>1</value></Data><Data name="PC"><value>2</value></Data><Data name="DL_BITRATE"><value> kbps</value></Data><Data name="UL_BITRATE"><value> kbps</value></Data><Data name="IP"><value></value></Data><Data name="PHONE STATE"><value>I</value></Data><Data name="IMEI"><value></value></Data><Data name="SPEED"><value>17 km/h</value></Data><Data name="HEIGHT"><value>-3m</value></Data><Data name="ALTITUDE"><value>-3m</value></Data><Data name="LOCATION"><value>G</value></Data><Data name="ACCURACY"><value>3m</value></Data><Data name="DISTANCE"><value>-1m</value></Data><Data name="SITE BEARING"><value>1000deg</value></Data><Data name="ANTENNA BEARING"><value>1000deg</value></Data><Data name="CELLHEX"><value>12</value></Data><Data name="NODEHEX"><value>0</value></Data><Data name="LACHEX"><value>1</value></Data><Data name="RAWCELLID"><value>18</value></Data><Data name="TIME"><value>2026.08.19_12.17.18</value></Data><Data name="NEI1"><value></value></Data><Data name="NEI2"><value></value></Data><Data name="NEI3"><value></value></Data><Data name="NEI4"><value></value></Data><Data name="NEI5"><value></value></Data><Data name="NEI6"><value></value></Data></ExtendedData><Style><LabelStyle><scale>0.0</scale> </LabelStyle><IconStyle><color>FF780A14</color><scale>0.5</scale><Icon><href>http://maps.google.com/mapfiles/kml/shapes/shaded_dot.png</href></Icon></IconStyle></Style><Point><coordinates>-75.7557509,39.66581388,0</coordinates></Point></Placemark><Placemark><name>15 km/h</name><ExtendedData><Data name="CGI"><value>3150100000100018</value></Data><Data name="CELLNAME"><value></value></Data><Data name="CELLID"><value>18</value></Data><Data name="RNC"><value>0</value></Data><Data name="TAC"><value>1</value></Data><Data name="TECHNOLOGY"><value>5G SA</value></Data><Data name="MODE"><value>5G</value></Data><Data name="ARFCN"><value>644640</value></Data><Data name="BAND"><value></value></Data><Data name="BANDWIDTH"><value></value></Data><Data name="CA"><value>false</value></Data><Data name="NR state"><value></value></Data><Data name="RSRP"><value>-105 dBm</value></Data><Data name="RSRQ"><value>-11</value></Data><Data name="LAYER"><value>1</value></Data><Data name="PC"><value>2</value></Data><Data name="DL_BITRATE"><value> kbps</value></Data><Data name="UL_BITRATE"><value> kbps</value></Data><Data name="IP"><value></value></Data><Data name="PHONE STATE"><value>I</value></Data><Data name="IMEI"><value></value></Data><Data name="SPEED"><value>15 km/h</value></Data><Data name="HEIGHT"><value>-3m</value></Data><Data name="ALTITUDE"><value>-3m</value></Data><Data name="LOCATION"><value>G</value></Data><Data name="ACCURACY"><value>3m</value></Data><Data name="DISTANCE"><value>-1m</value></Data><Data name="SITE BEARING"><value>1000deg</value></Data><Data name="ANTENNA BEARING"><value>1000deg</value></Data><Data name="CELLHEX"><value>12</value></Data><Data name="NODEHEX"><value>0</value></Data><Data name="LACHEX"><value>1</value></Data><Data name="RAWCELLID"><value>18</value></Data><Data name="TIME"><value>2026.08.19_12.17.18</value></Data><Data name="NEI1"><value></value></Data><Data name="NEI2"><value></value></Data><Data name="NEI3"><value></value></Data><Data name="NEI4"><value></value></Data><Data name="NEI5"><value></value></Data><Data name="NEI6"><value></value></Data></ExtendedData><Style><LabelStyle><scale>0.0</scale> </LabelStyle><IconStyle><color>FF780A14</color><scale>0.5</scale><Icon><href>http://maps.google.com/mapfiles/kml/shapes/shaded_dot.png</href></Icon></IconStyle></Style><Point><coordinates>-75.75575678,39.66577537,0</coordinates></Point></Placemark><Placemark><name>15 km/h</name><ExtendedData><Data name="CGI"><value>3150100000100018</value></Data><Data name="CELLNAME"><value></value></Data><Data name="CELLID"><value>18</value></Data><Data name="RNC"><value>0</value></Data><Data name="TAC"><value>1</value></Data><Data name="TECHNOLOGY"><value>5G SA</value></Data><Data name="MODE"><value>5G</value></Data><Data name="ARFCN"><value>644640</value></Data><Data name="BAND"><value></value></Data><Data name="BANDWIDTH"><value></value></Data><Data name="CA"><value>false</value></Data><Data name="NR state"><value></value></Data><Data name="RSRP"><value>-105 dBm</value></Data><Data name="RSRQ"><value>-11</value></Data><Data name="LAYER"><value>1</value></Data><Data name="PC"><value>2</value></Data><Data name="DL_BITRATE"><value> kbps</value></Data><Data name="UL_BITRATE"><value> kbps</value></Data><Data name="IP"><value></value></Data><Data name="PHONE STATE"><value>I</value></Data><Data name="IMEI"><value></value></Data><Data name="SPEED"><value>15 km/h</value></Data><Data name="HEIGHT"><value>-3m</value></Data><Data name="ALTITUDE"><value>-3m</value></Data><Data name="LOCATION"><value>G</value></Data><Data name="ACCURACY"><value>3m</value></Data><Data name="DISTANCE"><value>-1m</value></Data><Data name="SITE BEARING"><value>1000deg</value></Data><Data name="ANTENNA BEARING"><value>1000deg</value></Data><Data name="CELLHEX"><value>12</value></Data><Data name="NODEHEX"><value>0</value></Data><Data name="LACHEX"><value>1</value></Data><Data name="RAWCELLID"><value>18</value></Data><Data name="TIME"><value>2026.08.19_12.17.19</value></Data><Data name="NEI1"><value></value></Data><Data name="NEI2"><value></value></Data><Data name="NEI3"><value></value></Data><Data name="NEI4"><value></value></Data><Data name="NEI5"><value></value></Data><Data name="NEI6"><value></value></Data></ExtendedData><Style><LabelStyle><scale>0.0</scale> </LabelStyle><IconStyle><color>FF780A14</color><scale>0.5</scale><Icon><href>http://maps.google.com/mapfiles/kml/shapes/shaded_dot.png</href></Icon></IconStyle></Style><Point><coordinates>-75.75575678,39.66577537,0</coordinates></Point></Placemark><Placemark><name>16 km/h</name><ExtendedData><Data name="CGI"><value>3150100000100018</value></Data><Data name="CELLNAME"><value></value></Data><Data name="CELLID"><value>18</value></Data><Data name="RNC"><value>0</value></Data><Data name="TAC"><value>1</value></Data><Data name="TECHNOLOGY"><value>5G SA</value></Data><Data name="MODE"><value>5G</value></Data><Data name="ARFCN"><value>644640</value></Data><Data name="BAND"><value></value></Data><Data name="BANDWIDTH"><value></value></Data><Data name="CA"><value>false</value></Data><Data name="NR state"><value></value></Data><Data name="RSRP"><value>-105 dBm</value></Data><Data name="RSRQ"><value>-11</value></Data><Data name="LAYER"><value>1</value></Data><Data name="PC"><value>2</value></Data><Data name="DL_BITRATE"><value> kbps</value></Data><Data name="UL_BITRATE"><value> kbps</value></Data><Data name="IP"><value></value></Data><Data name="PHONE STATE"><value>I</value></Data><Data name="IMEI"><value></value></Data><Data name="SPEED"><value>16 km/h</value></Data><Data name="HEIGHT"><value>-3m</value></Data><Data name="ALTITUDE"><value>-3m</value></Data><Data name="LOCATION"><value>G</value></Data><Data name="ACCURACY"><value>3m</value></Data><Data name="DISTANCE"><value>-1m</value></Data><Data name="SITE BEARING"><value>1000deg</value></Data><Data name="ANTENNA BEARING"><value>1000deg</value></Data><Data name="CELLHEX"><value>12</value></Data><Data name="NODEHEX"><value>0</value></Data><Data name="LACHEX"><value>1</value></Data><Data name="RAWCELLID"><value>18</value></Data><Data name="TIME"><value>2026.08.19_12.17.19</value></Data><Data name="NEI1"><value></value></Data><Data name="NEI2"><value></value></Data><Data name="NEI3"><value></value></Data><Data name="NEI4"><value></value></Data><Data name="NEI5"><value></value></Data><Data name="NEI6"><value></value></Data></ExtendedData><Style><LabelStyle><scale>0.0</scale> </LabelStyle><IconStyle><color>FF780A14</color><scale>0.5</scale><Icon><href>http://maps.google.com/mapfiles/kml/shapes/shaded_dot.png</href></Icon></IconStyle></Style><Point><coordinates>-75.75578125,39.665736,0</coordinates></Point></Placemark><Placemark><name>16 km/h</name><ExtendedData><Data name="CGI"><value>3150100000100018</value></Data><Data name="CELLNAME"><value></value></Data><Data name="CELLID"><value>18</value></Data><Data name="RNC"><value>0</value></Data><Data name="TAC"><value>1</value></Data><Data name="TECHNOLOGY"><value>5G SA</value></Data><Data name="MODE"><value>5G</value></Data><Data name="ARFCN"><value>644640</value></Data><Data name="BAND"><value></value></Data><Data name="BANDWIDTH"><value></value></Data><Data name="CA"><value>false</value></Data><Data name="NR state"><value></value></Data><Data name="RSRP"><value>-105 dBm</value></Data><Data name="RSRQ"><value>-11</value></Data><Data name="LAYER"><value>1</value></Data><Data name="PC"><value>2</value></Data><Data name="DL_BITRATE"><value> kbps</value></Data><Data name="UL_BITRATE"><value> kbps</value></Data><Data name="IP"><value></value></Data><Data name="PHONE STATE"><value>I</value></Data><Data name="IMEI"><value></value></Data><Data name="SPEED"><value>16 km/h</value></Data><Data name="HEIGHT"><value>-3m</value></Data><Data name="ALTITUDE"><value>-3m</value></Data><Data name="LOCATION"><value>G</value></Data><Data name="ACCURACY"><value>3m</value></Data><Data name="DISTANCE"><value>-1m</value></Data><Data name="SITE BEARING"><value>1000deg</value></Data><Data name="ANTENNA BEARING"><value>1000deg</value></Data><Data name="CELLHEX"><value>12</value></Data><Data name="NODEHEX"><value>0</value></Data><Data name="LACHEX"><value>1</value></Data><Data name="RAWCELLID"><value>18</value></Data><Data name="TIME"><value>2026.08.19_12.17.20</value></Data><Data name="NEI1"><value></value></Data><Data name="NEI2"><value></value></Data><Data name="NEI3"><value></value></Data><Data name="NEI4"><value></value></Data><Data name="NEI5"><value></value></Data><Data name="NEI6"><value></value></Data></ExtendedData><Style><LabelStyle><scale>0.0</scale> </LabelStyle><IconStyle><color>FF780A14</color><scale>0.5</scale><Icon><href>http://maps.google.com/mapfiles/kml/shapes/shaded_dot.png</href></Icon></IconStyle></Style><Point><coordinates>-75.75578125,39.665736,0</coordinates></Point></Placemark><Placemark><name>18 km/h</name><ExtendedData><Data name="CGI"><value>3150100000100018</value></Data><Data name="CELLNAME"><value></value></Data><Data name="CELLID"><value>18</value></Data><Data name="RNC"><value>0</value></Data><Data name="TAC"><value>1</value></Data><Data name="TECHNOLOGY"><value>5G SA</value></Data><Data name="MODE"><value>5G</value></Data><Data name="ARFCN"><value>644640</value></Data><Data name="BAND"><value></value></Data><Data name="BANDWIDTH"><value></value></Data><Data name="CA"><value>false</value></Data><Data name="NR state"><value></value></Data><Data name="RSRP"><value>-105 dBm</value></Data><Data name="RSRQ"><value>-11</value></Data><Data name="LAYER"><value>1</value></Data><Data name="PC"><value>2</value></Data><Data name="DL_BITRATE"><value> kbps</value></Data><Data name="UL_BITRATE"><value> kbps</value></Data><Data name="IP"><value></value></Data><Data name="PHONE STATE"><value>I</value></Data><Data name="IMEI"><value></value></Data><Data name="SPEED"><value>18 km/h</value></Data><Data name="HEIGHT"><value>-3m</value></Data><Data name="ALTITUDE"><value>-3m</value></Data><Data name="LOCATION"><value>G</value></Data><Data name="ACCURACY"><value>3m</value></Data><Data name="DISTANCE"><value>-1m</value></Data><Data name="SITE BEARING"><value>1000deg</value></Data><Data name="ANTENNA BEARING"><value>1000deg</value></Data><Data name="CELLHEX"><value>12</value></Data><Data name="NODEHEX"><value>0</value></Data><Data name="LACHEX"><value>1</value></Data><Data name="RAWCELLID"><value>18</value></Data><Data name="TIME"><value>2026.08.19_12.17.21</value></Data><Data name="NEI1"><value></value></Data><Data name="NEI2"><value></value></Data><Data name="NEI3"><value></value></Data><Data name="NEI4"><value></value></Data><Data name="NEI5"><value></value></Data><Data name="NEI6"><value></value></Data></ExtendedData><Style><LabelStyle><scale>0.0</scale> </LabelStyle><IconStyle><color>FF780A14</color><scale>0.5</scale><Icon><href>http://maps.google.com/mapfiles/kml/shapes/shaded_dot.png</href></Icon></IconStyle></Style><Point><coordinates>-75.75582995,39.66570586,0</coordinates></Point></Placemark><Placemark><name>18 km/h</name><ExtendedData><Data name="CGI"><value>3150100000100018</value></Data><Data name="CELLNAME"><value></value></Data><Data name="CELLID"><value>18</value></Data><Data name="RNC"><value>0</value></Data><Data name="TAC"><value>1</value></Data><Data name="TECHNOLOGY"><value>5G SA</value></Data><Data name="MODE"><value>5G</value></Data><Data name="ARFCN"><value>644640</value></Data><Data name="BAND"><value></value></Data><Data name="BANDWIDTH"><value></value></Data><Data name="CA"><value>false</value></Data><Data name="NR state"><value></value></Data><Data name="RSRP"><value>-105 dBm</value></Data><Data name="RSRQ"><value>-11</value></Data><Data name="LAYER"><value>1</value></Data><Data name="PC"><value>2</value></Data><Data name="DL_BITRATE"><value> kbps</value></Data><Data name="UL_BITRATE"><value> kbps</value></Data><Data name="IP"><value></value></Data><Data name="PHONE STATE"><value>I</value></Data><Data name="IMEI"><value></value></Data><Data name="SPEED"><value>18 km/h</value></Data><Data name="HEIGHT"><value>-3m</value></Data><Data name="ALTITUDE"><value>-3m</value></Data><Data name="LOCATION"><value>G</value></Data><Data name="ACCURACY"><value>3m</value></Data><Data name="DISTANCE"><value>-1m</value></Data><Data name="SITE BEARING"><value>1000deg</value></Data><Data name="ANTENNA BEARING"><value>1000deg</value></Data><Data name="CELLHEX"><value>12</value></Data><Data name="NODEHEX"><value>0</value></Data><Data name="LACHEX"><value>1</value></Data><Data name="RAWCELLID"><value>18</value></Data><Data name="TIME"><value>2026.08.19_12.17.21</value></Data><Data name="NEI1"><value></value></Data><Data name="NEI2"><value></value></Data><Data name="NEI3"><value></value></Data><Data name="NEI4"><value></value></Data><Data name="NEI5"><value></value></Data><Data name="NEI6"><value></value></Data></ExtendedData><Style><LabelStyle><scale>0.0</scale> </LabelStyle><IconStyle><color>FF780A14</color><scale>0.5</scale><Icon><href>http://maps.google.com/mapfiles/kml/shapes/shaded_dot.png</href></Icon></IconStyle></Style><Point><coordinates>-75.75582995,39.66570586,0</coordinates></Point></Placemark><Placemark><name>21 km/h</name><ExtendedData><Data name="CGI"><value>3150100000100018</value></Data><Data name="CELLNAME"><value></value></Data><Data name="CELLID"><value>18</value></Data><Data name="RNC"><value>0</value></Data><Data name="TAC"><value>1</value></Data><Data name="TECHNOLOGY"><value>5G SA</value></Data><Data name="MODE"><value>5G</value></Data><Data name="ARFCN"><value>644640</value></Data><Data name="BAND"><value></value></Data><Data name="BANDWIDTH"><value></value></Data><Data name="CA"><value>false</value></Data><Data name="NR state"><value></value></Data><Data name="RSRP"><value>-105 dBm</value></Data><Data name="RSRQ"><value>-11</value></Data><Data name="LAYER"><value>1</value></Data><Data name="PC"><value>2</value></Data><Data name="DL_BITRATE"><value> kbps</value></Data><Data name="UL_BITRATE"><value> kbps</value></Data><Data name="IP"><value></value></Data><Data name="PHONE STATE"><value>I</value></Data><Data name="IMEI"><value></value></Data><Data name="SPEED"><value>21 km/h</value></Data><Data name="HEIGHT"><value>-3m</value></Data><Data name="ALTITUDE"><value>-3m</value></Data><Data name="LOCATION"><value>G</value></Data><Data name="ACCURACY"><value>3m</value></Data><Data name="DISTANCE"><value>-1m</value></Data><Data name="SITE BEARING"><value>1000deg</value></Data><Data name="ANTENNA BEARING"><value>1000deg</value></Data><Data name="CELLHEX"><value>12</value></Data><Data name="NODEHEX"><value>0</value></Data><Data name="LACHEX"><value>1</value></Data><Data name="RAWCELLID"><value>18</value></Data><Data name="TIME"><value>2026.08.19_12.17.21</value></Data><Data name="NEI1"><value></value></Data><Data name="NEI2"><value></value></Data><Data name="NEI3"><value></value></Data><Data name="NEI4"><value></value></Data><Data name="NEI5"><value></value></Data><Data name="NEI6"><value></value></Data></ExtendedData><Style><LabelStyle><scale>0.0</scale> </LabelStyle><IconStyle><color>FFF07800</color><scale>0.5</scale><Icon><href>http://maps.google.com/mapfiles/kml/shapes/shaded_dot.png</href></Icon></IconStyle></Style><Point><coordinates>-75.75589834,39.66568989,0</coordinates></Point></Placemark><Placemark><name>21 km/h</name><ExtendedData><Data name="CGI"><value>3150100000100018</value></Data><Data name="CELLNAME"><value></value></Data><Data name="CELLID"><value>18</value></Data><Data name="RNC"><value>0</value></Data><Data name="TAC"><value>1</value></Data><Data name="TECHNOLOGY"><value>5G SA</value></Data><Data name="MODE"><value>5G</value></Data><Data name="ARFCN"><value>644640</value></Data><Data name="BAND"><value></value></Data><Data name="BANDWIDTH"><value></value></Data><Data name="CA"><value>false</value></Data><Data name="NR state"><value></value></Data><Data name="RSRP"><value>-105 dBm</value></Data><Data name="RSRQ"><value>-11</value></Data><Data name="LAYER"><value>1</value></Data><Data name="PC"><value>2</value></Data><Data name="DL_BITRATE"><value> kbps</value></Data><Data name="UL_BITRATE"><value> kbps</value></Data><Data name="IP"><value></value></Data><Data name="PHONE STATE"><value>I</value></Data><Data name="IMEI"><value></value></Data><Data name="SPEED"><value>21 km/h</value></Data><Data name="HEIGHT"><value>-3m</value></Data><Data name="ALTITUDE"><value>-3m</value></Data><Data name="LOCATION"><value>G</value></Data><Data name="ACCURACY"><value>3m</value></Data><Data name="DISTANCE"><value>-1m</value></Data><Data name="SITE BEARING"><value>1000deg</value></Data><Data name="ANTENNA BEARING"><value>1000deg</value></Data><Data name="CELLHEX"><value>12</value></Data><Data name="NODEHEX"><value>0</value></Data><Data name="LACHEX"><value>1</value></Data><Data name="RAWCELLID"><value>18</value></Data><Data name="TIME"><value>2026.08.19_12.17.22</value></Data><Data name="NEI1"><value></value></Data><Data name="NEI2"><value></value></Data><Data name="NEI3"><value></value></Data><Data name="NEI4"><value></value></Data><Data name="NEI5"><value></value></Data><Data name="NEI6"><value></value></Data></ExtendedData><Style><LabelStyle><scale>0.0</scale> </LabelStyle><IconStyle><color>FFF07800</color><scale>0.5</scale><Icon><href>http://maps.google.com/mapfiles/kml/shapes/shaded_dot.png</href></Icon></IconStyle></Style><Point><coordinates>-75.75589834,39.66568989,0</coordinates></Point></Placemark><Placemark><name>25 km/h</name><ExtendedData><Data name="CGI"><value>3150100000100018</value></Data><Data name="CELLNAME"><value></value></Data><Data name="CELLID"><value>18</value></Data><Data name="RNC"><value>0</value></Data><Data name="TAC"><value>1</value></Data><Data name="TECHNOLOGY"><value>5G SA</value></Data><Data name="MODE"><value>5G</value></Data><Data name="ARFCN"><value>644640</value></Data><Data name="BAND"><value></value></Data><Data name="BANDWIDTH"><value></value></Data><Data name="CA"><value>false</value></Data><Data name="NR state"><value></value></Data><Data name="RSRP"><value>-105 dBm</value></Data><Data name="RSRQ"><value>-11</value></Data><Data name="LAYER"><value>1</value></Data><Data name="PC"><value>2</value></Data><Data name="DL_BITRATE"><value> kbps</value></Data><Data name="UL_BITRATE"><value> kbps</value></Data><Data name="IP"><value></value></Data><Data name="PHONE STATE"><value>I</value></Data><Data name="IMEI"><value></value></Data><Data name="SPEED"><value>25 km/h</value></Data><Data name="HEIGHT"><value>-2m</value></Data><Data name="ALTITUDE"><value>-2m</value></Data><Data name="LOCATION"><value>G</value></Data><Data name="ACCURACY"><value>3m</value></Data><Data name="DISTANCE"><value>-1m</value></Data><Data name="SITE BEARING"><value>1000deg</value></Data><Data name="ANTENNA BEARING"><value>1000deg</value></Data><Data name="CELLHEX"><value>12</value></Data><Data name="NODEHEX"><value>0</value></Data><Data name="LACHEX"><value>1</value></Data><Data name="RAWCELLID"><value>18</value></Data><Data name="TIME"><value>2026.08.19_12.17.22</value></Data><Data name="NEI1"><value></value></Data><Data name="NEI2"><value></value></Data><Data name="NEI3"><value></value></Data><Data name="NEI4"><value></value></Data><Data name="NEI5"><value></value></Data><Data name="NEI6"><value></value></Data></ExtendedData><Style><LabelStyle><scale>0.0</scale> </LabelStyle><IconStyle><color>FFF07800</color><scale>0.5</scale><Icon><href>http://maps.google.com/mapfiles/kml/shapes/shaded_dot.png</href></Icon></IconStyle></Style><Point><coordinates>-75.75598128,39.66567863,0</coordinates></Point></Placemark><Placemark><name>25 km/h</name><ExtendedData><Data name="CGI"><value>3150100000100018</value></Data><Data name="CELLNAME"><value></value></Data><Data name="CELLID"><value>18</value></Data><Data name="RNC"><value>0</value></Data><Data name="TAC"><value>1</value></Data><Data name="TECHNOLOGY"><value>5G SA</value></Data><Data name="MODE"><value>5G</value></Data><Data name="ARFCN"><value>644640</value></Data><Data name="BAND"><value></value></Data><Data name="BANDWIDTH"><value></value></Data><Data name="CA"><value>false</value></Data><Data name="NR state"><value></value></Data><Data name="RSRP"><value>-105 dBm</value></Data><Data name="RSRQ"><value>-11</value></Data><Data name="LAYER"><value>1</value></Data><Data name="PC"><value>2</value></Data><Data name="DL_BITRATE"><value> kbps</value></Data><Data name="UL_BITRATE"><value> kbps</value></Data><Data name="IP"><value></value></Data><Data name="PHONE STATE"><value>I</value></Data><Data name="IMEI"><value></value></Data><Data name="SPEED"><value>25 km/h</value></Data><Data name="HEIGHT"><value>-2m</value></Data><Data name="ALTITUDE"><value>-2m</value></Data><Data name="LOCATION"><value>G</value></Data><Data name="ACCURACY"><value>3m</value></Data><Data name="DISTANCE"><value>-1m</value></Data><Data name="SITE BEARING"><value>1000deg</value></Data><Data name="ANTENNA BEARING"><value>1000deg</value></Data><Data name="CELLHEX"><value>12</value></Data><Data name="NODEHEX"><value>0</value></Data><Data name="LACHEX"><value>1</value></Data><Data name="RAWCELLID"><value>18</value></Data><Data name="TIME"><value>2026.08.19_12.17.23</value></Data><Data name="NEI1"><value></value></Data><Data name="NEI2"><value></value></Data><Data name="NEI3"><value></value></Data><Data name="NEI4"><value></value></Data><Data name="NEI5"><value></value></Data><Data name="NEI6"><value></value></Data></ExtendedData><Style><LabelStyle><scale>0.0</scale> </LabelStyle><IconStyle><color>FFF07800</color><scale>0.5</scale><Icon><href>http://maps.google.com/mapfiles/kml/shapes/shaded_dot.png</href></Icon></IconStyle></Style><Point><coordinates>-75.75598128,39.66567863,0</coordinates></Point></Placemark><Placemark><name>30 km/h</name><ExtendedData><Data name="CGI"><value>3150100000100018</value></Data><Data name="CELLNAME"><value></value></Data><Data name="CELLID"><value>18</value></Data><Data name="RNC"><value>0</value></Data><Data name="TAC"><value>1</value></Data><Data name="TECHNOLOGY"><value>5G SA</value></Data><Data name="MODE"><value>5G</value></Data><Data name="ARFCN"><value>644640</value></Data><Data name="BAND"><value></value></Data><Data name="BANDWIDTH"><value></value></Data><Data name="CA"><value>false</value></Data><Data name="NR state"><value></value></Data><Data name="RSRP"><value>-105 dBm</value></Data><Data name="RSRQ"><value>-11</value></Data><Data name="LAYER"><value>1</value></Data><Data name="PC"><value>2</value></Data><Data name="DL_BITRATE"><value> kbps</value></Data><Data name="UL_BITRATE"><value> kbps</value></Data><Data name="IP"><value></value></Data><Data name="PHONE STATE"><value>I</value></Data><Data name="IMEI"><value></value></Data><Data name="SPEED"><value>30 km/h</value></Data><Data name="HEIGHT"><value>-2m</value></Data><Data name="ALTITUDE"><value>-2m</value></Data><Data name="LOCATION"><value>G</value></Data><Data name="ACCURACY"><value>3m</value></Data><Data name="DISTANCE"><value>-1m</value></Data><Data name="SITE BEARING"><value>1000deg</value></Data><Data name="ANTENNA BEARING"><value>1000deg</value></Data><Data name="CELLHEX"><value>12</value></Data><Data name="NODEHEX"><value>0</value></Data><Data name="LACHEX"><value>1</value></Data><Data name="RAWCELLID"><value>18</value></Data><Data name="TIME"><value>2026.08.19_12.17.23</value></Data><Data name="NEI1"><value></value></Data><Data name="NEI2"><value></value></Data><Data name="NEI3"><value></value></Data><Data name="NEI4"><value></value></Data><Data name="NEI5"><value></value></Data><Data name="NEI6"><value></value></Data></ExtendedData><Style><LabelStyle><scale>0.0</scale> </LabelStyle><IconStyle><color>FFF07800</color><scale>0.5</scale><Icon><href>http://maps.google.com/mapfiles/kml/shapes/shaded_dot.png</href></Icon></IconStyle></Style><Point><coordinates>-75.75608041,39.66567089,0</coordinates></Point></Placemark><Placemark><name>30 km/h</name><ExtendedData><Data name="CGI"><value>3150100000100018</value></Data><Data name="CELLNAME"><value></value></Data><Data name="CELLID"><value>18</value></Data><Data name="RNC"><value>0</value></Data><Data name="TAC"><value>1</value></Data><Data name="TECHNOLOGY"><value>5G SA</value></Data><Data name="MODE"><value>5G</value></Data><Data name="ARFCN"><value>644640</value></Data><Data name="BAND"><value></value></Data><Data name="BANDWIDTH"><value></value></Data><Data name="CA"><value>false</value></Data><Data name="NR state"><value></value></Data><Data name="RSRP"><value>-105 dBm</value></Data><Data name="RSRQ"><value>-11</value></Data><Data name="LAYER"><value>1</value></Data><Data name="PC"><value>2</value></Data><Data name="DL_BITRATE"><value> kbps</value></Data><Data name="UL_BITRATE"><value> kbps</value></Data><Data name="IP"><value></value></Data><Data name="PHONE STATE"><value>I</value></Data><Data name="IMEI"><value></value></Data><Data name="SPEED"><value>30 km/h</value></Data><Data name="HEIGHT"><value>-2m</value></Data><Data name="ALTITUDE"><value>-2m</value></Data><Data name="LOCATION"><value>G</value></Data><Data name="ACCURACY"><value>3m</value></Data><Data name="DISTANCE"><value>-1m</value></Data><Data name="SITE BEARING"><value>1000deg</value></Data><Data name="ANTENNA BEARING"><value>1000deg</value></Data><Data name="CELLHEX"><value>12</value></Data><Data name="NODEHEX"><value>0</value></Data><Data name="LACHEX"><value>1</value></Data><Data name="RAWCELLID"><value>18</value></Data><Data name="TIME"><value>2026.08.19_12.17.24</value></Data><Data name="NEI1"><value></value></Data><Data name="NEI2"><value></value></Data><Data name="NEI3"><value></value></Data><Data name="NEI4"><value></value></Data><Data name="NEI5"><value></value></Data><Data name="NEI6"><value></value></Data></ExtendedData><Style><LabelStyle><scale>0.0</scale> </LabelStyle><IconStyle><color>FFF07800</color><scale>0.5</scale><Icon><href>http://maps.google.com/mapfiles/kml/shapes/shaded_dot.png</href></Icon></IconStyle></Style><Point><coordinates>-75.75608041,39.66567089,0</coordinates></Point></Placemark><Placemark><name>34 km/h</name><ExtendedData><Data name="CGI"><value>3150100000100018</value></Data><Data name="CELLNAME"><value></value></Data><Data name="CELLID"><value>18</value></Data><Data name="RNC"><value>0</value></Data><Data name="TAC"><value>1</value></Data><Data name="TECHNOLOGY"><value>5G SA</value></Data><Data name="MODE"><value>5G</value></Data><Data name="ARFCN"><value>644640</value></Data><Data name="BAND"><value></value></Data><Data name="BANDWIDTH"><value></value></Data><Data name="CA"><value>false</value></Data><Data name="NR state"><value></value></Data><Data name="RSRP"><value>-105 dBm</value></Data><Data name="RSRQ"><value>-11</value></Data><Data name="LAYER"><value>1</value></Data><Data name="PC"><value>2</value></Data><Data name="DL_BITRATE"><value> kbps</value></Data><Data name="UL_BITRATE"><value> kbps</value></Data><Data name="IP"><value></value></Data><Data name="PHONE STATE"><value>I</value></Data><Data name="IMEI"><value></value></Data><Data name="SPEED"><value>34 km/h</value></Data><Data name="HEIGHT"><value>-2m</value></Data><Data name="ALTITUDE"><value>-2m</value></Data><Data name="LOCATION"><value>G</value></Data><Data name="ACCURACY"><value>3m</value></Data><Data name="DISTANCE"><value>-1m</value></Data><Data name="SITE BEARING"><value>1000deg</value></Data><Data name="ANTENNA BEARING"><value>1000deg</value></Data><Data name="CELLHEX"><value>12</value></Data><Data name="NODEHEX"><value>0</value></Data><Data name="LACHEX"><value>1</value></Data><Data name="RAWCELLID"><value>18</value></Data><Data name="TIME"><value>2026.08.19_12.17.24</value></Data><Data name="NEI1"><value></value></Data><Data name="NEI2"><value></value></Data><Data name="NEI3"><value></value></Data><Data name="NEI4"><value></value></Data><Data name="NEI5"><value></value></Data><Data name="NEI6"><value></value></Data></ExtendedData><Style><LabelStyle><scale>0.0</scale> </LabelStyle><IconStyle><color>FFF07800</color><scale>0.5</scale><Icon><href>http://maps.google.com/mapfiles/kml/shapes/shaded_dot.png</href></Icon></IconStyle></Style><Point><coordinates>-75.75619429,39.66566401,0</coordinates></Point></Placemark><Placemark><name>34 km/h</name><ExtendedData><Data name="CGI"><value>3150100000100018</value></Data><Data name="CELLNAME"><value></value></Data><Data name="CELLID"><value>18</value></Data><Data name="RNC"><value>0</value></Data><Data name="TAC"><value>1</value></Data><Data name="TECHNOLOGY"><value>5G SA</value></Data><Data name="MODE"><value>5G</value></Data><Data name="ARFCN"><value>644640</value></Data><Data name="BAND"><value></value></Data><Data name="BANDWIDTH"><value></value></Data><Data name="CA"><value>false</value></Data><Data name="NR state"><value></value></Data><Data name="RSRP"><value>-105 dBm</value></Data><Data name="RSRQ"><value>-11</value></Data><Data name="LAYER"><value>1</value></Data><Data name="PC"><value>2</value></Data><Data name="DL_BITRATE"><value> kbps</value></Data><Data name="UL_BITRATE"><value> kbps</value></Data><Data name="IP"><value></value></Data><Data name="PHONE STATE"><value>I</value></Data><Data name="IMEI"><value></value></Data><Data name="SPEED"><value>34 km/h</value></Data><Data name="HEIGHT"><value>-2m</value></Data><Data name="ALTITUDE"><value>-2m</value></Data><Data name="LOCATION"><value>G</value></Data><Data name="ACCURACY"><value>3m</value></Data><Data name="DISTANCE"><value>-1m</value></Data><Data name="SITE BEARING"><value>1000deg</value></Data><Data name="ANTENNA BEARING"><value>1000deg</value></Data><Data name="CELLHEX"><value>12</value></Data><Data name="NODEHEX"><value>0</value></Data><Data name="LACHEX"><value>1</value></Data><Data name="RAWCELLID"><value>18</value></Data><Data name="TIME"><value>2026.08.19_12.17.25</value></Data><Data name="NEI1"><value></value></Data><Data name="NEI2"><value></value></Data><Data name="NEI3"><value></value></Data><Data name="NEI4"><value></value></Data><Data name="NEI5"><value></value></Data><Data name="NEI6"><value></value></Data></ExtendedData><Style><LabelStyle><scale>0.0</scale> </LabelStyle><IconStyle><color>FFF07800</color><scale>0.5</scale><Icon><href>http://maps.google.com/mapfiles/kml/shapes/shaded_dot.png</href></Icon></IconStyle></Style><Point><coordinates>-75.75619429,39.66566401,0</coordinates></Point></Placemark><Placemark><name>37 km/h</name><ExtendedData><Data name="CGI"><value>3150100000100018</value></Data><Data name="CELLNAME"><value></value></Data><Data name="CELLID"><value>18</value></Data><Data name="RNC"><value>0</value></Data><Data name="TAC"><value>1</value></Data><Data name="TECHNOLOGY"><value>5G SA</value></Data><Data name="MODE"><value>5G</value></Data><Data name="ARFCN"><value>644640</value></Data><Data name="BAND"><value></value></Data><Data name="BANDWIDTH"><value></value></Data><Data name="CA"><value>false</value></Data><Data name="NR state"><value></value></Data><Data name="RSRP"><value>-105 dBm</value></Data><Data name="RSRQ"><value>-11</value></Data><Data name="LAYER"><value>1</value></Data><Data name="PC"><value>2</value></Data><Data name="DL_BITRATE"><value> kbps</value></Data><Data name="UL_BITRATE"><value> kbps</value></Data><Data name="IP"><value></value></Data><Data name="PHONE STATE"><value>I</value></Data><Data name="IMEI"><value></value></Data><Data name="SPEED"><value>37 km/h</value></Data><Data name="HEIGHT"><value>-2m</value></Data><Data name="ALTITUDE"><value>-2m</value></Data><Data name="LOCATION"><value>G</value></Data><Data name="ACCURACY"><value>3m</value></Data><Data name="DISTANCE"><value>-1m</value></Data><Data name="SITE BEARING"><value>1000deg</value></Data><Data name="ANTENNA BEARING"><value>1000deg</value></Data><Data name="CELLHEX"><value>12</value></Data><Data name="NODEHEX"><value>0</value></Data><Data name="LACHEX"><value>1</value></Data><Data name="RAWCELLID"><value>18</value></Data><Data name="TIME"><value>2026.08.19_12.17.26</value></Data><Data name="NEI1"><value></value></Data><Data name="NEI2"><value></value></Data><Data name="NEI3"><value></value></Data><Data name="NEI4"><value></value></Data><Data name="NEI5"><value></value></Data><Data name="NEI6"><value></value></Data></ExtendedData><Style><LabelStyle><scale>0.0</scale> </LabelStyle><IconStyle><color>FFF07800</color><scale>0.5</scale><Icon><href>http://maps.google.com/mapfiles/kml/shapes/shaded_dot.png</href></Icon></IconStyle></Style><Point><coordinates>-75.75631849,39.66565447,0</coordinates></Point></Placemark><Placemark><name>37 km/h</name><ExtendedData><Data name="CGI"><value>3150100000100018</value></Data><Data name="CELLNAME"><value></value></Data><Data name="CELLID"><value>18</value></Data><Data name="RNC"><value>0</value></Data><Data name="TAC"><value>1</value></Data><Data name="TECHNOLOGY"><value>5G SA</value></Data><Data name="MODE"><value>5G</value></Data><Data name="ARFCN"><value>644640</value></Data><Data name="BAND"><value></value></Data><Data name="BANDWIDTH"><value></value></Data><Data name="CA"><value>false</value></Data><Data name="NR state"><value></value></Data><Data name="RSRP"><value>-105 dBm</value></Data><Data name="RSRQ"><value>-11</value></Data><Data name="LAYER"><value>1</value></Data><Data name="PC"><value>2</value></Data><Data name="DL_BITRATE"><value> kbps</value></Data><Data name="UL_BITRATE"><value> kbps</value></Data><Data name="IP"><value></value></Data><Data name="PHONE STATE"><value>I</value></Data><Data name="IMEI"><value></value></Data><Data name="SPEED"><value>37 km/h</value></Data><Data name="HEIGHT"><value>-2m</value></Data><Data name="ALTITUDE"><value>-2m</value></Data><Data name="LOCATION"><value>G</value></Data><Data name="ACCURACY"><value>3m</value></Data><Data name="DISTANCE"><value>-1m</value></Data><Data name="SITE BEARING"><value>1000deg</value></Data><Data name="ANTENNA BEARING"><value>1000deg</value></Data><Data name="CELLHEX"><value>12</value></Data><Data name="NODEHEX"><value>0</value></Data><Data name="LACHEX"><value>1</value></Data><Data name="RAWCELLID"><value>18</value></Data><Data name="TIME"><value>2026.08.19_12.17.26</value></Data><Data name="NEI1"><value></value></Data><Data name="NEI2"><value></value></Data><Data name="NEI3"><value></value></Data><Data name="NEI4"><value></value></Data><Data name="NEI5"><value></value></Data><Data name="NEI6"><value></value></Data></ExtendedData><Style><LabelStyle><scale>0.0</scale> </LabelStyle><IconStyle><color>FFF07800</color><scale>0.5</scale><Icon><href>http://maps.google.com/mapfiles/kml/shapes/shaded_dot.png</href></Icon></IconStyle></Style><Point><coordinates>-75.75631849,39.66565447,0</coordinates></Point></Placemark><Placemark><name>39 km/h</name><ExtendedData><Data name="CGI"><value>3150100000100018</value></Data><Data name="CELLNAME"><value></value></Data><Data name="CELLID"><value>18</value></Data><Data name="RNC"><value>0</value></Data><Data name="TAC"><value>1</value></Data><Data name="TECHNOLOGY"><value>5G SA</value></Data><Data name="MODE"><value>5G</value></Data><Data name="ARFCN"><value>644640</value></Data><Data name="BAND"><value></value></Data><Data name="BANDWIDTH"><value></value></Data><Data name="CA"><value>false</value></Data><Data name="NR state"><value></value></Data><Data name="RSRP"><value>-105 dBm</value></Data><Data name="RSRQ"><value>-11</value></Data><Data name="LAYER"><value>1</value></Data><Data name="PC"><value>2</value></Data><Data name="DL_BITRATE"><value> kbps</value></Data><Data name="UL_BITRATE"><value> kbps</value></Data><Data name="IP"><value></value></Data><Data name="PHONE STATE"><value>I</value></Data><Data name="IMEI"><value></value></Data><Data name="SPEED"><value>39 km/h</value></Data><Data name="HEIGHT"><value>-3m</value></Data><Data name="ALTITUDE"><value>-3m</value></Data><Data name="LOCATION"><value>G</value></Data><Data name="ACCURACY"><value>3m</value></Data><Data name="DISTANCE"><value>-1m</value></Data><Data name="SITE BEARING"><value>1000deg</value></Data><Data name="ANTENNA BEARING"><value>1000deg</value></Data><Data name="CELLHEX"><value>12</value></Data><Data name="NODEHEX"><value>0</value></Data><Data name="LACHEX"><value>1</value></Data><Data name="RAWCELLID"><value>18</value></Data><Data name="TIME"><value>2026.08.19_12.17.26</value></Data><Data name="NEI1"><value></value></Data><Data name="NEI2"><value></value></Data><Data name="NEI3"><value></value></Data><Data name="NEI4"><value></value></Data><Data name="NEI5"><value></value></Data><Data name="NEI6"><value></value></Data></ExtendedData><Style><LabelStyle><scale>0.0</scale> </LabelStyle><IconStyle><color>FFF07800</color><scale>0.5</scale><Icon><href>http://maps.google.com/mapfiles/kml/shapes/shaded_dot.png</href></Icon></IconStyle></Style><Point><coordinates>-75.75645207,39.66564285,0</coordinates></Point></Placemark><Placemark><name>39 km/h</name><ExtendedData><Data name="CGI"><value>3150100000100018</value></Data><Data name="CELLNAME"><value></value></Data><Data name="CELLID"><value>18</value></Data><Data name="RNC"><value>0</value></Data><Data name="TAC"><value>1</value></Data><Data name="TECHNOLOGY"><value>5G SA</value></Data><Data name="MODE"><value>5G</value></Data><Data name="ARFCN"><value>644640</value></Data><Data name="BAND"><value></value></Data><Data name="BANDWIDTH"><value></value></Data><Data name="CA"><value>false</value></Data><Data name="NR state"><value></value></Data><Data name="RSRP"><value>-105 dBm</value></Data><Data name="RSRQ"><value>-11</value></Data><Data name="LAYER"><value>1</value></Data><Data name="PC"><value>2</value></Data><Data name="DL_BITRATE"><value> kbps</value></Data><Data name="UL_BITRATE"><value> kbps</value></Data><Data name="IP"><value></value></Data><Data name="PHONE STATE"><value>I</value></Data><Data name="IMEI"><value></value></Data><Data name="SPEED"><value>39 km/h</value></Data><Data name="HEIGHT"><value>-3m</value></Data><Data name="ALTITUDE"><value>-3m</value></Data><Data name="LOCATION"><value>G</value></Data><Data name="ACCURACY"><value>3m</value></Data><Data name="DISTANCE"><value>-1m</value></Data><Data name="SITE BEARING"><value>1000deg</value></Data><Data name="ANTENNA BEARING"><value>1000deg</value></Data><Data name="CELLHEX"><value>12</value></Data><Data name="NODEHEX"><value>0</value></Data><Data name="LACHEX"><value>1</value></Data><Data name="RAWCELLID"><value>18</value></Data><Data name="TIME"><value>2026.08.19_12.17.27</value></Data><Data name="NEI1"><value></value></Data><Data name="NEI2"><value></value></Data><Data name="NEI3"><value></value></Data><Data name="NEI4"><value></value></Data><Data name="NEI5"><value></value></Data><Data name="NEI6"><value></value></Data></ExtendedData><Style><LabelStyle><scale>0.0</scale> </LabelStyle><IconStyle><color>FFF07800</color><scale>0.5</scale><Icon><href>http://maps.google.com/mapfiles/kml/shapes/shaded_dot.png</href></Icon></IconStyle></Style><Point><coordinates>-75.75645207,39.66564285,0</coordinates></Point></Placemark><Placemark><name>41 km/h</name><ExtendedData><Data name="CGI"><value>3150100000100018</value></Data><Data name="CELLNAME"><value></value></Data><Data name="CELLID"><value>18</value></Data><Data name="RNC"><value>0</value></Data><Data name="TAC"><value>1</value></Data><Data name="TECHNOLOGY"><value>5G SA</value></Data><Data name="MODE"><value>5G</value></Data><Data name="ARFCN"><value>644640</value></Data><Data name="BAND"><value></value></Data><Data name="BANDWIDTH"><value></value></Data><Data name="CA"><value>false</value></Data><Data name="NR state"><value></value></Data><Data name="RSRP"><value>-105 dBm</value></Data><Data name="RSRQ"><value>-11</value></Data><Data name="LAYER"><value>1</value></Data><Data name="PC"><value>2</value></Data><Data name="DL_BITRATE"><value> kbps</value></Data><Data name="UL_BITRATE"><value> kbps</value></Data><Data name="IP"><value></value></Data><Data name="PHONE STATE"><value>I</value></Data><Data name="IMEI"><value></value></Data><Data name="SPEED"><value>41 km/h</value></Data><Data name="HEIGHT"><value>-4m</value></Data><Data name="ALTITUDE"><value>-4m</value></Data><Data name="LOCATION"><value>G</value></Data><Data name="ACCURACY"><value>3m</value></Data><Data name="DISTANCE"><value>-1m</value></Data><Data name="SITE BEARING"><value>1000deg</value></Data><Data name="ANTENNA BEARING"><value>1000deg</value></Data><Data name="CELLHEX"><value>12</value></Data><Data name="NODEHEX"><value>0</value></Data><Data name="LACHEX"><value>1</value></Data><Data name="RAWCELLID"><value>18</value></Data><Data name="TIME"><value>2026.08.19_12.17.28</value></Data><Data name="NEI1"><value></value></Data><Data name="NEI2"><value></value></Data><Data name="NEI3"><value></value></Data><Data name="NEI4"><value></value></Data><Data name="NEI5"><value></value></Data><Data name="NEI6"><value></value></Data></ExtendedData><Style><LabelStyle><scale>0.0</scale> </LabelStyle><IconStyle><color>FFF07800</color><scale>0.5</scale><Icon><href>http://maps.google.com/mapfiles/kml/shapes/shaded_dot.png</href></Icon></IconStyle></Style><Point><coordinates>-75.75659057,39.66563084,0</coordinates></Point></Placemark><Placemark><name>41 km/h</name><ExtendedData><Data name="CGI"><value>3150100000100018</value></Data><Data name="CELLNAME"><value></value></Data><Data name="CELLID"><value>18</value></Data><Data name="RNC"><value>0</value></Data><Data name="TAC"><value>1</value></Data><Data name="TECHNOLOGY"><value>5G SA</value></Data><Data name="MODE"><value>5G</value></Data><Data name="ARFCN"><value>644640</value></Data><Data name="BAND"><value></value></Data><Data name="BANDWIDTH"><value></value></Data><Data name="CA"><value>false</value></Data><Data name="NR state"><value></value></Data><Data name="RSRP"><value>-105 dBm</value></Data><Data name="RSRQ"><value>-11</value></Data><Data name="LAYER"><value>1</value></Data><Data name="PC"><value>2</value></Data><Data name="DL_BITRATE"><value> kbps</value></Data><Data name="UL_BITRATE"><value> kbps</value></Data><Data name="IP"><value></value></Data><Data name="PHONE STATE"><value>I</value></Data><Data name="IMEI"><value></value></Data><Data name="SPEED"><value>41 km/h</value></Data><Data name="HEIGHT"><value>-4m</value></Data><Data name="ALTITUDE"><value>-4m</value></Data><Data name="LOCATION"><value>G</value></Data><Data name="ACCURACY"><value>3m</value></Data><Data name="DISTANCE"><value>-1m</value></Data><Data name="SITE BEARING"><value>1000deg</value></Data><Data name="ANTENNA BEARING"><value>1000deg</value></Data><Data name="CELLHEX"><value>12</value></Data><Data name="NODEHEX"><value>0</value></Data><Data name="LACHEX"><value>1</value></Data><Data name="RAWCELLID"><value>18</value></Data><Data name="TIME"><value>2026.08.19_12.17.28</value></Data><Data name="NEI1"><value></value></Data><Data name="NEI2"><value></value></Data><Data name="NEI3"><value></value></Data><Data name="NEI4"><value></value></Data><Data name="NEI5"><value></value></Data><Data name="NEI6"><value></value></Data></ExtendedData><Style><LabelStyle><scale>0.0</scale> </LabelStyle><IconStyle><color>FFF07800</color><scale>0.5</scale><Icon><href>http://maps.google.com/mapfiles/kml/shapes/shaded_dot.png</href></Icon></IconStyle></Style><Point><coordinates>-75.75659057,39.66563084,0</coordinates></Point></Placemark><Placemark><name>41 km/h</name><ExtendedData><Data name="CGI"><value>3150100000100018</value></Data><Data name="CELLNAME"><value></value></Data><Data name="CELLID"><value>18</value></Data><Data name="RNC"><value>0</value></Data><Data name="TAC"><value>1</value></Data><Data name="TECHNOLOGY"><value>5G SA</value></Data><Data name="MODE"><value>5G</value></Data><Data name="ARFCN"><value>644640</value></Data><Data name="BAND"><value></value></Data><Data name="BANDWIDTH"><value></value></Data><Data name="CA"><value>false</value></Data><Data name="NR state"><value></value></Data><Data name="RSRP"><value>-105 dBm</value></Data><Data name="RSRQ"><value>-11</value></Data><Data name="LAYER"><value>1</value></Data><Data name="PC"><value>2</value></Data><Data name="DL_BITRATE"><value> kbps</value></Data><Data name="UL_BITRATE"><value> kbps</value></Data><Data name="IP"><value></value></Data><Data name="PHONE STATE"><value>I</value></Data><Data name="IMEI"><value></value></Data><Data name="SPEED"><value>41 km/h</value></Data><Data name="HEIGHT"><value>-4m</value></Data><Data name="ALTITUDE"><value>-4m</value></Data><Data name="LOCATION"><value>G</value></Data><Data name="ACCURACY"><value>3m</value></Data><Data name="DISTANCE"><value>-1m</value></Data><Data name="SITE BEARING"><value>1000deg</value></Data><Data name="ANTENNA BEARING"><value>1000deg</value></Data><Data name="CELLHEX"><value>12</value></Data><Data name="NODEHEX"><value>0</value></Data><Data name="LACHEX"><value>1</value></Data><Data name="RAWCELLID"><value>18</value></Data><Data name="TIME"><value>2026.08.19_12.17.28</value></Data><Data name="NEI1"><value></value></Data><Data name="NEI2"><value></value></Data><Data name="NEI3"><value></value></Data><Data name="NEI4"><value></value></Data><Data name="NEI5"><value></value></Data><Data name="NEI6"><value></value></Data></ExtendedData><Style><LabelStyle><scale>0.0</scale> </LabelStyle><IconStyle><color>FFF07800</color><scale>0.5</scale><Icon><href>http://maps.google.com/mapfiles/kml/shapes/shaded_dot.png</href></Icon></IconStyle></Style><Point><coordinates>-75.7567262,39.66562139,0</coordinates></Point></Placemark><Placemark><name>41 km/h</name><ExtendedData><Data name="CGI"><value>3150100000100018</value></Data><Data name="CELLNAME"><value></value></Data><Data name="CELLID"><value>18</value></Data><Data name="RNC"><value>0</value></Data><Data name="TAC"><value>1</value></Data><Data name="TECHNOLOGY"><value>5G SA</value></Data><Data name="MODE"><value>5G</value></Data><Data name="ARFCN"><value>644640</value></Data><Data name="BAND"><value></value></Data><Data name="BANDWIDTH"><value></value></Data><Data name="CA"><value>false</value></Data><Data name="NR state"><value></value></Data><Data name="RSRP"><value>-105 dBm</value></Data><Data name="RSRQ"><value>-11</value></Data><Data name="LAYER"><value>1</value></Data><Data name="PC"><value>2</value></Data><Data name="DL_BITRATE"><value> kbps</value></Data><Data name="UL_BITRATE"><value> kbps</value></Data><Data name="IP"><value></value></Data><Data name="PHONE STATE"><value>I</value></Data><Data name="IMEI"><value></value></Data><Data name="SPEED"><value>41 km/h</value></Data><Data name="HEIGHT"><value>-4m</value></Data><Data name="ALTITUDE"><value>-4m</value></Data><Data name="LOCATION"><value>G</value></Data><Data name="ACCURACY"><value>3m</value></Data><Data name="DISTANCE"><value>-1m</value></Data><Data name="SITE BEARING"><value>1000deg</value></Data><Data name="ANTENNA BEARING"><value>1000deg</value></Data><Data name="CELLHEX"><value>12</value></Data><Data name="NODEHEX"><value>0</value></Data><Data name="LACHEX"><value>1</value></Data><Data name="RAWCELLID"><value>18</value></Data><Data name="TIME"><value>2026.08.19_12.17.29</value></Data><Data name="NEI1"><value></value></Data><Data name="NEI2"><value></value></Data><Data name="NEI3"><value></value></Data><Data name="NEI4"><value></value></Data><Data name="NEI5"><value></value></Data><Data name="NEI6"><value></value></Data></ExtendedData><Style><LabelStyle><scale>0.0</scale> </LabelStyle><IconStyle><color>FFF07800</color><scale>0.5</scale><Icon><href>http://maps.google.com/mapfiles/kml/shapes/shaded_dot.png</href></Icon></IconStyle></Style><Point><coordinates>-75.7567262,39.66562139,0</coordinates></Point></Placemark><Placemark><name>42 km/h</name><ExtendedData><Data name="CGI"><value>3150100000100018</value></Data><Data name="CELLNAME"><value></value></Data><Data name="CELLID"><value>18</value></Data><Data name="RNC"><value>0</value></Data><Data name="TAC"><value>1</value></Data><Data name="TECHNOLOGY"><value>5G SA</value></Data><Data name="MODE"><value>5G</value></Data><Data name="ARFCN"><value>644640</value></Data><Data name="BAND"><value></value></Data><Data name="BANDWIDTH"><value></value></Data><Data name="CA"><value>false</value></Data><Data name="NR state"><value></value></Data><Data name="RSRP"><value>-105 dBm</value></Data><Data name="RSRQ"><value>-11</value></Data><Data name="LAYER"><value>1</value></Data><Data name="PC"><value>2</value></Data><Data name="DL_BITRATE"><value> kbps</value></Data><Data name="UL_BITRATE"><value> kbps</value></Data><Data name="IP"><value></value></Data><Data name="PHONE STATE"><value>I</value></Data><Data name="IMEI"><value></value></Data><Data name="SPEED"><value>42 km/h</value></Data><Data name="HEIGHT"><value>-4m</value></Data><Data name="ALTITUDE"><value>-4m</value></Data><Data name="LOCATION"><value>G</value></Data><Data name="ACCURACY"><value>3m</value></Data><Data name="DISTANCE"><value>-1m</value></Data><Data name="SITE BEARING"><value>1000deg</value></Data><Data name="ANTENNA BEARING"><value>1000deg</value></Data><Data name="CELLHEX"><value>12</value></Data><Data name="NODEHEX"><value>0</value></Data><Data name="LACHEX"><value>1</value></Data><Data name="RAWCELLID"><value>18</value></Data><Data name="TIME"><value>2026.08.19_12.17.29</value></Data><Data name="NEI1"><value></value></Data><Data name="NEI2"><value></value></Data><Data name="NEI3"><value></value></Data><Data name="NEI4"><value></value></Data><Data name="NEI5"><value></value></Data><Data name="NEI6"><value></value></Data></ExtendedData><Style><LabelStyle><scale>0.0</scale> </LabelStyle><IconStyle><color>FFF07800</color><scale>0.5</scale><Icon><href>http://maps.google.com/mapfiles/kml/shapes/shaded_dot.png</href></Icon></IconStyle></Style><Point><coordinates>-75.75686209,39.66561164,0</coordinates></Point></Placemark><Placemark><name>42 km/h</name><ExtendedData><Data name="CGI"><value>3150100000100018</value></Data><Data name="CELLNAME"><value></value></Data><Data name="CELLID"><value>18</value></Data><Data name="RNC"><value>0</value></Data><Data name="TAC"><value>1</value></Data><Data name="TECHNOLOGY"><value>5G SA</value></Data><Data name="MODE"><value>5G</value></Data><Data name="ARFCN"><value>644640</value></Data><Data name="BAND"><value></value></Data><Data name="BANDWIDTH"><value></value></Data><Data name="CA"><value>false</value></Data><Data name="NR state"><value></value></Data><Data name="RSRP"><value>-105 dBm</value></Data><Data name="RSRQ"><value>-11</value></Data><Data name="LAYER"><value>1</value></Data><Data name="PC"><value>2</value></Data><Data name="DL_BITRATE"><value> kbps</value></Data><Data name="UL_BITRATE"><value> kbps</value></Data><Data name="IP"><value></value></Data><Data name="PHONE STATE"><value>I</value></Data><Data name="IMEI"><value></value></Data><Data name="SPEED"><value>42 km/h</value></Data><Data name="HEIGHT"><value>-4m</value></Data><Data name="ALTITUDE"><value>-4m</value></Data><Data name="LOCATION"><value>G</value></Data><Data name="ACCURACY"><value>3m</value></Data><Data name="DISTANCE"><value>-1m</value></Data><Data name="SITE BEARING"><value>1000deg</value></Data><Data name="ANTENNA BEARING"><value>1000deg</value></Data><Data name="CELLHEX"><value>12</value></Data><Data name="NODEHEX"><value>0</value></Data><Data name="LACHEX"><value>1</value></Data><Data name="RAWCELLID"><value>18</value></Data><Data name="TIME"><value>2026.08.19_12.17.30</value></Data><Data name="NEI1"><value></value></Data><Data name="NEI2"><value></value></Data><Data name="NEI3"><value></value></Data><Data name="NEI4"><value></value></Data><Data name="NEI5"><value></value></Data><Data name="NEI6"><value></value></Data></ExtendedData><Style><LabelStyle><scale>0.0</scale> </LabelStyle><IconStyle><color>FFF07800</color><scale>0.5</scale><Icon><href>http://maps.google.com/mapfiles/kml/shapes/shaded_dot.png</href></Icon></IconStyle></Style><Point><coordinates>-75.75686209,39.66561164,0</coordinates></Point></Placemark><Placemark><name>42 km/h</name><ExtendedData><Data name="CGI"><value>3150100000100018</value></Data><Data name="CELLNAME"><value></value></Data><Data name="CELLID"><value>18</value></Data><Data name="RNC"><value>0</value></Data><Data name="TAC"><value>1</value></Data><Data name="TECHNOLOGY"><value>5G SA</value></Data><Data name="MODE"><value>5G</value></Data><Data name="ARFCN"><value>644640</value></Data><Data name="BAND"><value></value></Data><Data name="BANDWIDTH"><value></value></Data><Data name="CA"><value>false</value></Data><Data name="NR state"><value></value></Data><Data name="RSRP"><value>-105 dBm</value></Data><Data name="RSRQ"><value>-11</value></Data><Data name="LAYER"><value>1</value></Data><Data name="PC"><value>2</value></Data><Data name="DL_BITRATE"><value> kbps</value></Data><Data name="UL_BITRATE"><value> kbps</value></Data><Data name="IP"><value></value></Data><Data name="PHONE STATE"><value>I</value></Data><Data name="IMEI"><value></value></Data><Data name="SPEED"><value>42 km/h</value></Data><Data name="HEIGHT"><value>-4m</value></Data><Data name="ALTITUDE"><value>-4m</value></Data><Data name="LOCATION"><value>G</value></Data><Data name="ACCURACY"><value>3m</value></Data><Data name="DISTANCE"><value>-1m</value></Data><Data name="SITE BEARING"><value>1000deg</value></Data><Data name="ANTENNA BEARING"><value>1000deg</value></Data><Data name="CELLHEX"><value>12</value></Data><Data name="NODEHEX"><value>0</value></Data><Data name="LACHEX"><value>1</value></Data><Data name="RAWCELLID"><value>18</value></Data><Data name="TIME"><value>2026.08.19_12.17.30</value></Data><Data name="NEI1"><value></value></Data><Data name="NEI2"><value></value></Data><Data name="NEI3"><value></value></Data><Data name="NEI4"><value></value></Data><Data name="NEI5"><value></value></Data><Data name="NEI6"><value></value></Data></ExtendedData><Style><LabelStyle><scale>0.0</scale> </LabelStyle><IconStyle><color>FFF07800</color><scale>0.5</scale><Icon><href>http://maps.google.com/mapfiles/kml/shapes/shaded_dot.png</href></Icon></IconStyle></Style><Point><coordinates>-75.75700067,39.66560431,0</coordinates></Point></Placemark><Placemark><name>42 km/h</name><ExtendedData><Data name="CGI"><value>3150100000100018</value></Data><Data name="CELLNAME"><value></value></Data><Data name="CELLID"><value>18</value></Data><Data name="RNC"><value>0</value></Data><Data name="TAC"><value>1</value></Data><Data name="TECHNOLOGY"><value>5G SA</value></Data><Data name="MODE"><value>5G</value></Data><Data name="ARFCN"><value>644640</value></Data><Data name="BAND"><value></value></Data><Data name="BANDWIDTH"><value></value></Data><Data name="CA"><value>false</value></Data><Data name="NR state"><value></value></Data><Data name="RSRP"><value>-105 dBm</value></Data><Data name="RSRQ"><value>-11</value></Data><Data name="LAYER"><value>1</value></Data><Data name="PC"><value>2</value></Data><Data name="DL_BITRATE"><value> kbps</value></Data><Data name="UL_BITRATE"><value> kbps</value></Data><Data name="IP"><value></value></Data><Data name="PHONE STATE"><value>I</value></Data><Data name="IMEI"><value></value></Data><Data name="SPEED"><value>42 km/h</value></Data><Data name="HEIGHT"><value>-4m</value></Data><Data name="ALTITUDE"><value>-4m</value></Data><Data name="LOCATION"><value>G</value></Data><Data name="ACCURACY"><value>3m</value></Data><Data name="DISTANCE"><value>-1m</value></Data><Data name="SITE BEARING"><value>1000deg</value></Data><Data name="ANTENNA BEARING"><value>1000deg</value></Data><Data name="CELLHEX"><value>12</value></Data><Data name="NODEHEX"><value>0</value></Data><Data name="LACHEX"><value>1</value></Data><Data name="RAWCELLID"><value>18</value></Data><Data name="TIME"><value>2026.08.19_12.17.31</value></Data><Data name="NEI1"><value></value></Data><Data name="NEI2"><value></value></Data><Data name="NEI3"><value></value></Data><Data name="NEI4"><value></value></Data><Data name="NEI5"><value></value></Data><Data name="NEI6"><value></value></Data></ExtendedData><Style><LabelStyle><scale>0.0</scale> </LabelStyle><IconStyle><color>FFF07800</color><scale>0.5</scale><Icon><href>http://maps.google.com/mapfiles/kml/shapes/shaded_dot.png</href></Icon></IconStyle></Style><Point><coordinates>-75.75700067,39.66560431,0</coordinates></Point></Placemark><Placemark><name>42 km/h</name><ExtendedData><Data name="CGI"><value>3150100000100018</value></Data><Data name="CELLNAME"><value></value></Data><Data name="CELLID"><value>18</value></Data><Data name="RNC"><value>0</value></Data><Data name="TAC"><value>1</value></Data><Data name="TECHNOLOGY"><value>5G SA</value></Data><Data name="MODE"><value>5G</value></Data><Data name="ARFCN"><value>644640</value></Data><Data name="BAND"><value></value></Data><Data name="BANDWIDTH"><value></value></Data><Data name="CA"><value>false</value></Data><Data name="NR state"><value></value></Data><Data name="RSRP"><value>-105 dBm</value></Data><Data name="RSRQ"><value>-11</value></Data><Data name="LAYER"><value>1</value></Data><Data name="PC"><value>2</value></Data><Data name="DL_BITRATE"><value> kbps</value></Data><Data name="UL_BITRATE"><value> kbps</value></Data><Data name="IP"><value></value></Data><Data name="PHONE STATE"><value>I</value></Data><Data name="IMEI"><value></value></Data><Data name="SPEED"><value>42 km/h</value></Data><Data name="HEIGHT"><value>-4m</value></Data><Data name="ALTITUDE"><value>-4m</value></Data><Data name="LOCATION"><value>G</value></Data><Data name="ACCURACY"><value>3m</value></Data><Data name="DISTANCE"><value>-1m</value></Data><Data name="SITE BEARING"><value>1000deg</value></Data><Data name="ANTENNA BEARING"><value>1000deg</value></Data><Data name="CELLHEX"><value>12</value></Data><Data name="NODEHEX"><value>0</value></Data><Data name="LACHEX"><value>1</value></Data><Data name="RAWCELLID"><value>18</value></Data><Data name="TIME"><value>2026.08.19_12.17.31</value></Data><Data name="NEI1"><value></value></Data><Data name="NEI2"><value></value></Data><Data name="NEI3"><value></value></Data><Data name="NEI4"><value></value></Data><Data name="NEI5"><value></value></Data><Data name="NEI6"><value></value></Data></ExtendedData><Style><LabelStyle><scale>0.0</scale> </LabelStyle><IconStyle><color>FFF07800</color><scale>0.5</scale><Icon><href>http://maps.google.com/mapfiles/kml/shapes/shaded_dot.png</href></Icon></IconStyle></Style><Point><coordinates>-75.75714256,39.66559373,0</coordinates></Point></Placemark><Placemark><name>42 km/h</name><ExtendedData><Data name="CGI"><value>3150100000100018</value></Data><Data name="CELLNAME"><value></value></Data><Data name="CELLID"><value>18</value></Data><Data name="RNC"><value>0</value></Data><Data name="TAC"><value>1</value></Data><Data name="TECHNOLOGY"><value>5G SA</value></Data><Data name="MODE"><value>5G</value></Data><Data name="ARFCN"><value>644640</value></Data><Data name="BAND"><value></value></Data><Data name="BANDWIDTH"><value></value></Data><Data name="CA"><value>false</value></Data><Data name="NR state"><value></value></Data><Data name="RSRP"><value>-105 dBm</value></Data><Data name="RSRQ"><value>-11</value></Data><Data name="LAYER"><value>1</value></Data><Data name="PC"><value>2</value></Data><Data name="DL_BITRATE"><value> kbps</value></Data><Data name="UL_BITRATE"><value> kbps</value></Data><Data name="IP"><value></value></Data><Data name="PHONE STATE"><value>I</value></Data><Data name="IMEI"><value></value></Data><Data name="SPEED"><value>42 km/h</value></Data><Data name="HEIGHT"><value>-4m</value></Data><Data name="ALTITUDE"><value>-4m</value></Data><Data name="LOCATION"><value>G</value></Data><Data name="ACCURACY"><value>3m</value></Data><Data name="DISTANCE"><value>-1m</value></Data><Data name="SITE BEARING"><value>1000deg</value></Data><Data name="ANTENNA BEARING"><value>1000deg</value></Data><Data name="CELLHEX"><value>12</value></Data><Data name="NODEHEX"><value>0</value></Data><Data name="LACHEX"><value>1</value></Data><Data name="RAWCELLID"><value>18</value></Data><Data name="TIME"><value>2026.08.19_12.17.32</value></Data><Data name="NEI1"><value></value></Data><Data name="NEI2"><value></value></Data><Data name="NEI3"><value></value></Data><Data name="NEI4"><value></value></Data><Data name="NEI5"><value></value></Data><Data name="NEI6"><value></value></Data></ExtendedData><Style><LabelStyle><scale>0.0</scale> </LabelStyle><IconStyle><color>FFF07800</color><scale>0.5</scale><Icon><href>http://maps.google.com/mapfiles/kml/shapes/shaded_dot.png</href></Icon></IconStyle></Style><Point><coordinates>-75.75714256,39.66559373,0</coordinates></Point></Placemark><Placemark><name>42 km/h</name><ExtendedData><Data name="CGI"><value>3150100000100018</value></Data><Data name="CELLNAME"><value></value></Data><Data name="CELLID"><value>18</value></Data><Data name="RNC"><value>0</value></Data><Data name="TAC"><value>1</value></Data><Data name="TECHNOLOGY"><value>5G SA</value></Data><Data name="MODE"><value>5G</value></Data><Data name="ARFCN"><value>644640</value></Data><Data name="BAND"><value></value></Data><Data name="BANDWIDTH"><value></value></Data><Data name="CA"><value>false</value></Data><Data name="NR state"><value></value></Data><Data name="RSRP"><value>-105 dBm</value></Data><Data name="RSRQ"><value>-11</value></Data><Data name="LAYER"><value>1</value></Data><Data name="PC"><value>2</value></Data><Data name="DL_BITRATE"><value> kbps</value></Data><Data name="UL_BITRATE"><value> kbps</value></Data><Data name="IP"><value></value></Data><Data name="PHONE STATE"><value>I</value></Data><Data name="IMEI"><value></value></Data><Data name="SPEED"><value>42 km/h</value></Data><Data name="HEIGHT"><value>-4m</value></Data><Data name="ALTITUDE"><value>-4m</value></Data><Data name="LOCATION"><value>G</value></Data><Data name="ACCURACY"><value>3m</value></Data><Data name="DISTANCE"><value>-1m</value></Data><Data name="SITE BEARING"><value>1000deg</value></Data><Data name="ANTENNA BEARING"><value>1000deg</value></Data><Data name="CELLHEX"><value>12</value></Data><Data name="NODEHEX"><value>0</value></Data><Data name="LACHEX"><value>1</value></Data><Data name="RAWCELLID"><value>18</value></Data><Data name="TIME"><value>2026.08.19_12.17.32</value></Data><Data name="NEI1"><value></value></Data><Data name="NEI2"><value></value></Data><Data name="NEI3"><value></value></Data><Data name="NEI4"><value></value></Data><Data name="NEI5"><value></value></Data><Data name="NEI6"><value></value></Data></ExtendedData><Style><LabelStyle><scale>0.0</scale> </LabelStyle><IconStyle><color>FFF07800</color><scale>0.5</scale><Icon><href>http://maps.google.com/mapfiles/kml/shapes/shaded_dot.png</href></Icon></IconStyle></Style><Point><coordinates>-75.75728504,39.66558431,0</coordinates></Point></Placemark><Placemark><name>42 km/h</name><ExtendedData><Data name="CGI"><value>3150100000100018</value></Data><Data name="CELLNAME"><value></value></Data><Data name="CELLID"><value>18</value></Data><Data name="RNC"><value>0</value></Data><Data name="TAC"><value>1</value></Data><Data name="TECHNOLOGY"><value>5G SA</value></Data><Data name="MODE"><value>5G</value></Data><Data name="ARFCN"><value>644640</value></Data><Data name="BAND"><value></value></Data><Data name="BANDWIDTH"><value></value></Data><Data name="CA"><value>false</value></Data><Data name="NR state"><value></value></Data><Data name="RSRP"><value>-105 dBm</value></Data><Data name="RSRQ"><value>-11</value></Data><Data name="LAYER"><value>1</value></Data><Data name="PC"><value>2</value></Data><Data name="DL_BITRATE"><value> kbps</value></Data><Data name="UL_BITRATE"><value> kbps</value></Data><Data name="IP"><value></value></Data><Data name="PHONE STATE"><value>I</value></Data><Data name="IMEI"><value></value></Data><Data name="SPEED"><value>42 km/h</value></Data><Data name="HEIGHT"><value>-4m</value></Data><Data name="ALTITUDE"><value>-4m</value></Data><Data name="LOCATION"><value>G</value></Data><Data name="ACCURACY"><value>3m</value></Data><Data name="DISTANCE"><value>-1m</value></Data><Data name="SITE BEARING"><value>1000deg</value></Data><Data name="ANTENNA BEARING"><value>1000deg</value></Data><Data name="CELLHEX"><value>12</value></Data><Data name="NODEHEX"><value>0</value></Data><Data name="LACHEX"><value>1</value></Data><Data name="RAWCELLID"><value>18</value></Data><Data name="TIME"><value>2026.08.19_12.17.33</value></Data><Data name="NEI1"><value></value></Data><Data name="NEI2"><value></value></Data><Data name="NEI3"><value></value></Data><Data name="NEI4"><value></value></Data><Data name="NEI5"><value></value></Data><Data name="NEI6"><value></value></Data></ExtendedData><Style><LabelStyle><scale>0.0</scale> </LabelStyle><IconStyle><color>FFF07800</color><scale>0.5</scale><Icon><href>http://maps.google.com/mapfiles/kml/shapes/shaded_dot.png</href></Icon></IconStyle></Style><Point><coordinates>-75.75728504,39.66558431,0</coordinates></Point></Placemark><Placemark><name>41 km/h</name><ExtendedData><Data name="CGI"><value>3150100000100018</value></Data><Data name="CELLNAME"><value></value></Data><Data name="CELLID"><value>18</value></Data><Data name="RNC"><value>0</value></Data><Data name="TAC"><value>1</value></Data><Data name="TECHNOLOGY"><value>5G SA</value></Data><Data name="MODE"><value>5G</value></Data><Data name="ARFCN"><value>644640</value></Data><Data name="BAND"><value></value></Data><Data name="BANDWIDTH"><value></value></Data><Data name="CA"><value>false</value></Data><Data name="NR state"><value></value></Data><Data name="RSRP"><value>-105 dBm</value></Data><Data name="RSRQ"><value>-11</value></Data><Data name="LAYER"><value>1</value></Data><Data name="PC"><value>2</value></Data><Data name="DL_BITRATE"><value> kbps</value></Data><Data name="UL_BITRATE"><value> kbps</value></Data><Data name="IP"><value></value></Data><Data name="PHONE STATE"><value>I</value></Data><Data name="IMEI"><value></value></Data><Data name="SPEED"><value>41 km/h</value></Data><Data name="HEIGHT"><value>-4m</value></Data><Data name="ALTITUDE"><value>-4m</value></Data><Data name="LOCATION"><value>G</value></Data><Data name="ACCURACY"><value>3m</value></Data><Data name="DISTANCE"><value>-1m</value></Data><Data name="SITE BEARING"><value>1000deg</value></Data><Data name="ANTENNA BEARING"><value>1000deg</value></Data><Data name="CELLHEX"><value>12</value></Data><Data name="NODEHEX"><value>0</value></Data><Data name="LACHEX"><value>1</value></Data><Data name="RAWCELLID"><value>18</value></Data><Data name="TIME"><value>2026.08.19_12.17.33</value></Data><Data name="NEI1"><value></value></Data><Data name="NEI2"><value></value></Data><Data name="NEI3"><value></value></Data><Data name="NEI4"><value></value></Data><Data name="NEI5"><value></value></Data><Data name="NEI6"><value></value></Data></ExtendedData><Style><LabelStyle><scale>0.0</scale> </LabelStyle><IconStyle><color>FFF07800</color><scale>0.5</scale><Icon><href>http://maps.google.com/mapfiles/kml/shapes/shaded_dot.png</href></Icon></IconStyle></Style><Point><coordinates>-75.75741909,39.66557334,0</coordinates></Point></Placemark><Placemark><name>41 km/h</name><ExtendedData><Data name="CGI"><value>3150100000100018</value></Data><Data name="CELLNAME"><value></value></Data><Data name="CELLID"><value>18</value></Data><Data name="RNC"><value>0</value></Data><Data name="TAC"><value>1</value></Data><Data name="TECHNOLOGY"><value>5G SA</value></Data><Data name="MODE"><value>5G</value></Data><Data name="ARFCN"><value>644640</value></Data><Data name="BAND"><value></value></Data><Data name="BANDWIDTH"><value></value></Data><Data name="CA"><value>false</value></Data><Data name="NR state"><value></value></Data><Data name="RSRP"><value>-105 dBm</value></Data><Data name="RSRQ"><value>-11</value></Data><Data name="LAYER"><value>1</value></Data><Data name="PC"><value>2</value></Data><Data name="DL_BITRATE"><value> kbps</value></Data><Data name="UL_BITRATE"><value> kbps</value></Data><Data name="IP"><value></value></Data><Data name="PHONE STATE"><value>I</value></Data><Data name="IMEI"><value></value></Data><Data name="SPEED"><value>41 km/h</value></Data><Data name="HEIGHT"><value>-4m</value></Data><Data name="ALTITUDE"><value>-4m</value></Data><Data name="LOCATION"><value>G</value></Data><Data name="ACCURACY"><value>3m</value></Data><Data name="DISTANCE"><value>-1m</value></Data><Data name="SITE BEARING"><value>1000deg</value></Data><Data name="ANTENNA BEARING"><value>1000deg</value></Data><Data name="CELLHEX"><value>12</value></Data><Data name="NODEHEX"><value>0</value></Data><Data name="LACHEX"><value>1</value></Data><Data name="RAWCELLID"><value>18</value></Data><Data name="TIME"><value>2026.08.19_12.17.34</value></Data><Data name="NEI1"><value></value></Data><Data name="NEI2"><value></value></Data><Data name="NEI3"><value></value></Data><Data name="NEI4"><value></value></Data><Data name="NEI5"><value></value></Data><Data name="NEI6"><value></value></Data></ExtendedData><Style><LabelStyle><scale>0.0</scale> </LabelStyle><IconStyle><color>FFF07800</color><scale>0.5</scale><Icon><href>http://maps.google.com/mapfiles/kml/shapes/shaded_dot.png</href></Icon></IconStyle></Style><Point><coordinates>-75.75741909,39.66557334,0</coordinates></Point></Placemark><Placemark><name>40 km/h</name><ExtendedData><Data name="CGI"><value>3150100000100018</value></Data><Data name="CELLNAME"><value></value></Data><Data name="CELLID"><value>18</value></Data><Data name="RNC"><value>0</value></Data><Data name="TAC"><value>1</value></Data><Data name="TECHNOLOGY"><value>5G SA</value></Data><Data name="MODE"><value>5G</value></Data><Data name="ARFCN"><value>644640</value></Data><Data name="BAND"><value></value></Data><Data name="BANDWIDTH"><value></value></Data><Data name="CA"><value>false</value></Data><Data name="NR state"><value></value></Data><Data name="RSRP"><value>-105 dBm</value></Data><Data name="RSRQ"><value>-11</value></Data><Data name="LAYER"><value>1</value></Data><Data name="PC"><value>2</value></Data><Data name="DL_BITRATE"><value> kbps</value></Data><Data name="UL_BITRATE"><value> kbps</value></Data><Data name="IP"><value></value></Data><Data name="PHONE STATE"><value>I</value></Data><Data name="IMEI"><value></value></Data><Data name="SPEED"><value>40 km/h</value></Data><Data name="HEIGHT"><value>-4m</value></Data><Data name="ALTITUDE"><value>-4m</value></Data><Data name="LOCATION"><value>G</value></Data><Data name="ACCURACY"><value>3m</value></Data><Data name="DISTANCE"><value>-1m</value></Data><Data name="SITE BEARING"><value>1000deg</value></Data><Data name="ANTENNA BEARING"><value>1000deg</value></Data><Data name="CELLHEX"><value>12</value></Data><Data name="NODEHEX"><value>0</value></Data><Data name="LACHEX"><value>1</value></Data><Data name="RAWCELLID"><value>18</value></Data><Data name="TIME"><value>2026.08.19_12.17.34</value></Data><Data name="NEI1"><value></value></Data><Data name="NEI2"><value></value></Data><Data name="NEI3"><value></value></Data><Data name="NEI4"><value></value></Data><Data name="NEI5"><value></value></Data><Data name="NEI6"><value></value></Data></ExtendedData><Style><LabelStyle><scale>0.0</scale> </LabelStyle><IconStyle><color>FFF07800</color><scale>0.5</scale><Icon><href>http://maps.google.com/mapfiles/kml/shapes/shaded_dot.png</href></Icon></IconStyle></Style><Point><coordinates>-75.75754682,39.66556453,0</coordinates></Point></Placemark><Placemark><name>40 km/h</name><ExtendedData><Data name="CGI"><value>3150100000100018</value></Data><Data name="CELLNAME"><value></value></Data><Data name="CELLID"><value>18</value></Data><Data name="RNC"><value>0</value></Data><Data name="TAC"><value>1</value></Data><Data name="TECHNOLOGY"><value>5G SA</value></Data><Data name="MODE"><value>5G</value></Data><Data name="ARFCN"><value>644640</value></Data><Data name="BAND"><value></value></Data><Data name="BANDWIDTH"><value></value></Data><Data name="CA"><value>false</value></Data><Data name="NR state"><value></value></Data><Data name="RSRP"><value>-105 dBm</value></Data><Data name="RSRQ"><value>-11</value></Data><Data name="LAYER"><value>1</value></Data><Data name="PC"><value>2</value></Data><Data name="DL_BITRATE"><value> kbps</value></Data><Data name="UL_BITRATE"><value> kbps</value></Data><Data name="IP"><value></value></Data><Data name="PHONE STATE"><value>I</value></Data><Data name="IMEI"><value></value></Data><Data name="SPEED"><value>40 km/h</value></Data><Data name="HEIGHT"><value>-4m</value></Data><Data name="ALTITUDE"><value>-4m</value></Data><Data name="LOCATION"><value>G</value></Data><Data name="ACCURACY"><value>3m</value></Data><Data name="DISTANCE"><value>-1m</value></Data><Data name="SITE BEARING"><value>1000deg</value></Data><Data name="ANTENNA BEARING"><value>1000deg</value></Data><Data name="CELLHEX"><value>12</value></Data><Data name="NODEHEX"><value>0</value></Data><Data name="LACHEX"><value>1</value></Data><Data name="RAWCELLID"><value>18</value></Data><Data name="TIME"><value>2026.08.19_12.17.35</value></Data><Data name="NEI1"><value></value></Data><Data name="NEI2"><value></value></Data><Data name="NEI3"><value></value></Data><Data name="NEI4"><value></value></Data><Data name="NEI5"><value></value></Data><Data name="NEI6"><value></value></Data></ExtendedData><Style><LabelStyle><scale>0.0</scale> </LabelStyle><IconStyle><color>FFF07800</color><scale>0.5</scale><Icon><href>http://maps.google.com/mapfiles/kml/shapes/shaded_dot.png</href></Icon></IconStyle></Style><Point><coordinates>-75.75754682,39.66556453,0</coordinates></Point></Placemark><Placemark><name>38 km/h</name><ExtendedData><Data name="CGI"><value>3150100000100018</value></Data><Data name="CELLNAME"><value></value></Data><Data name="CELLID"><value>18</value></Data><Data name="RNC"><value>0</value></Data><Data name="TAC"><value>1</value></Data><Data name="TECHNOLOGY"><value>5G SA</value></Data><Data name="MODE"><value>5G</value></Data><Data name="ARFCN"><value>644640</value></Data><Data name="BAND"><value></value></Data><Data name="BANDWIDTH"><value></value></Data><Data name="CA"><value>false</value></Data><Data name="NR state"><value></value></Data><Data name="RSRP"><value>-105 dBm</value></Data><Data name="RSRQ"><value>-11</value></Data><Data name="LAYER"><value>1</value></Data><Data name="PC"><value>2</value></Data><Data name="DL_BITRATE"><value> kbps</value></Data><Data name="UL_BITRATE"><value> kbps</value></Data><Data name="IP"><value></value></Data><Data name="PHONE STATE"><value>I</value></Data><Data name="IMEI"><value></value></Data><Data name="SPEED"><value>38 km/h</value></Data><Data name="HEIGHT"><value>-4m</value></Data><Data name="ALTITUDE"><value>-4m</value></Data><Data name="LOCATION"><value>G</value></Data><Data name="ACCURACY"><value>3m</value></Data><Data name="DISTANCE"><value>-1m</value></Data><Data name="SITE BEARING"><value>1000deg</value></Data><Data name="ANTENNA BEARING"><value>1000deg</value></Data><Data name="CELLHEX"><value>12</value></Data><Data name="NODEHEX"><value>0</value></Data><Data name="LACHEX"><value>1</value></Data><Data name="RAWCELLID"><value>18</value></Data><Data name="TIME"><value>2026.08.19_12.17.35</value></Data><Data name="NEI1"><value></value></Data><Data name="NEI2"><value></value></Data><Data name="NEI3"><value></value></Data><Data name="NEI4"><value></value></Data><Data name="NEI5"><value></value></Data><Data name="NEI6"><value></value></Data></ExtendedData><Style><LabelStyle><scale>0.0</scale> </LabelStyle><IconStyle><color>FFF07800</color><scale>0.5</scale><Icon><href>http://maps.google.com/mapfiles/kml/shapes/shaded_dot.png</href></Icon></IconStyle></Style><Point><coordinates>-75.75766917,39.66555604,0</coordinates></Point></Placemark><Placemark><name>38 km/h</name><ExtendedData><Data name="CGI"><value>3150100000100018</value></Data><Data name="CELLNAME"><value></value></Data><Data name="CELLID"><value>18</value></Data><Data name="RNC"><value>0</value></Data><Data name="TAC"><value>1</value></Data><Data name="TECHNOLOGY"><value>5G SA</value></Data><Data name="MODE"><value>5G</value></Data><Data name="ARFCN"><value>644640</value></Data><Data name="BAND"><value></value></Data><Data name="BANDWIDTH"><value></value></Data><Data name="CA"><value>false</value></Data><Data name="NR state"><value></value></Data><Data name="RSRP"><value>-105 dBm</value></Data><Data name="RSRQ"><value>-11</value></Data><Data name="LAYER"><value>1</value></Data><Data name="PC"><value>2</value></Data><Data name="DL_BITRATE"><value> kbps</value></Data><Data name="UL_BITRATE"><value> kbps</value></Data><Data name="IP"><value></value></Data><Data name="PHONE STATE"><value>I</value></Data><Data name="IMEI"><value></value></Data><Data name="SPEED"><value>38 km/h</value></Data><Data name="HEIGHT"><value>-4m</value></Data><Data name="ALTITUDE"><value>-4m</value></Data><Data name="LOCATION"><value>G</value></Data><Data name="ACCURACY"><value>3m</value></Data><Data name="DISTANCE"><value>-1m</value></Data><Data name="SITE BEARING"><value>1000deg</value></Data><Data name="ANTENNA BEARING"><value>1000deg</value></Data><Data name="CELLHEX"><value>12</value></Data><Data name="NODEHEX"><value>0</value></Data><Data name="LACHEX"><value>1</value></Data><Data name="RAWCELLID"><value>18</value></Data><Data name="TIME"><value>2026.08.19_12.17.36</value></Data><Data name="NEI1"><value></value></Data><Data name="NEI2"><value></value></Data><Data name="NEI3"><value></value></Data><Data name="NEI4"><value></value></Data><Data name="NEI5"><value></value></Data><Data name="NEI6"><value></value></Data></ExtendedData><Style><LabelStyle><scale>0.0</scale> </LabelStyle><IconStyle><color>FFF07800</color><scale>0.5</scale><Icon><href>http://maps.google.com/mapfiles/kml/shapes/shaded_dot.png</href></Icon></IconStyle></Style><Point><coordinates>-75.75766917,39.66555604,0</coordinates></Point></Placemark><Placemark><name>32 km/h</name><ExtendedData><Data name="CGI"><value>3150100000100018</value></Data><Data name="CELLNAME"><value></value></Data><Data name="CELLID"><value>18</value></Data><Data name="RNC"><value>0</value></Data><Data name="TAC"><value>1</value></Data><Data name="TECHNOLOGY"><value>5G SA</value></Data><Data name="MODE"><value>5G</value></Data><Data name="ARFCN"><value>644640</value></Data><Data name="BAND"><value></value></Data><Data name="BANDWIDTH"><value></value></Data><Data name="CA"><value>false</value></Data><Data name="NR state"><value></value></Data><Data name="RSRP"><value>-105 dBm</value></Data><Data name="RSRQ"><value>-11</value></Data><Data name="LAYER"><value>1</value></Data><Data name="PC"><value>2</value></Data><Data name="DL_BITRATE"><value> kbps</value></Data><Data name="UL_BITRATE"><value> kbps</value></Data><Data name="IP"><value></value></Data><Data name="PHONE STATE"><value>I</value></Data><Data name="IMEI"><value></value></Data><Data name="SPEED"><value>32 km/h</value></Data><Data name="HEIGHT"><value>-3m</value></Data><Data name="ALTITUDE"><value>-3m</value></Data><Data name="LOCATION"><value>G</value></Data><Data name="ACCURACY"><value>3m</value></Data><Data name="DISTANCE"><value>-1m</value></Data><Data name="SITE BEARING"><value>1000deg</value></Data><Data name="ANTENNA BEARING"><value>1000deg</value></Data><Data name="CELLHEX"><value>12</value></Data><Data name="NODEHEX"><value>0</value></Data><Data name="LACHEX"><value>1</value></Data><Data name="RAWCELLID"><value>18</value></Data><Data name="TIME"><value>2026.08.19_12.17.36</value></Data><Data name="NEI1"><value></value></Data><Data name="NEI2"><value></value></Data><Data name="NEI3"><value></value></Data><Data name="NEI4"><value></value></Data><Data name="NEI5"><value></value></Data><Data name="NEI6"><value></value></Data></ExtendedData><Style><LabelStyle><scale>0.0</scale> </LabelStyle><IconStyle><color>FFF07800</color><scale>0.5</scale><Icon><href>http://maps.google.com/mapfiles/kml/shapes/shaded_dot.png</href></Icon></IconStyle></Style><Point><coordinates>-75.75776925,39.66554988,0</coordinates></Point></Placemark><Placemark><name>32 km/h</name><ExtendedData><Data name="CGI"><value>3150100000100018</value></Data><Data name="CELLNAME"><value></value></Data><Data name="CELLID"><value>18</value></Data><Data name="RNC"><value>0</value></Data><Data name="TAC"><value>1</value></Data><Data name="TECHNOLOGY"><value>5G SA</value></Data><Data name="MODE"><value>5G</value></Data><Data name="ARFCN"><value>644640</value></Data><Data name="BAND"><value></value></Data><Data name="BANDWIDTH"><value></value></Data><Data name="CA"><value>false</value></Data><Data name="NR state"><value></value></Data><Data name="RSRP"><value>-105 dBm</value></Data><Data name="RSRQ"><value>-11</value></Data><Data name="LAYER"><value>1</value></Data><Data name="PC"><value>2</value></Data><Data name="DL_BITRATE"><value> kbps</value></Data><Data name="UL_BITRATE"><value> kbps</value></Data><Data name="IP"><value></value></Data><Data name="PHONE STATE"><value>I</value></Data><Data name="IMEI"><value></value></Data><Data name="SPEED"><value>32 km/h</value></Data><Data name="HEIGHT"><value>-3m</value></Data><Data name="ALTITUDE"><value>-3m</value></Data><Data name="LOCATION"><value>G</value></Data><Data name="ACCURACY"><value>3m</value></Data><Data name="DISTANCE"><value>-1m</value></Data><Data name="SITE BEARING"><value>1000deg</value></Data><Data name="ANTENNA BEARING"><value>1000deg</value></Data><Data name="CELLHEX"><value>12</value></Data><Data name="NODEHEX"><value>0</value></Data><Data name="LACHEX"><value>1</value></Data><Data name="RAWCELLID"><value>18</value></Data><Data name="TIME"><value>2026.08.19_12.17.37</value></Data><Data name="NEI1"><value></value></Data><Data name="NEI2"><value></value></Data><Data name="NEI3"><value></value></Data><Data name="NEI4"><value></value></Data><Data name="NEI5"><value></value></Data><Data name="NEI6"><value></value></Data></ExtendedData><Style><LabelStyle><scale>0.0</scale> </LabelStyle><IconStyle><color>FFF07800</color><scale>0.5</scale><Icon><href>http://maps.google.com/mapfiles/kml/shapes/shaded_dot.png</href></Icon></IconStyle></Style><Point><coordinates>-75.75776925,39.66554988,0</coordinates></Point></Placemark><Placemark><name>22 km/h</name><ExtendedData><Data name="CGI"><value>3150100000100018</value></Data><Data name="CELLNAME"><value></value></Data><Data name="CELLID"><value>18</value></Data><Data name="RNC"><value>0</value></Data><Data name="TAC"><value>1</value></Data><Data name="TECHNOLOGY"><value>5G SA</value></Data><Data name="MODE"><value>5G</value></Data><Data name="ARFCN"><value>644640</value></Data><Data name="BAND"><value></value></Data><Data name="BANDWIDTH"><value></value></Data><Data name="CA"><value>false</value></Data><Data name="NR state"><value></value></Data><Data name="RSRP"><value>-105 dBm</value></Data><Data name="RSRQ"><value>-11</value></Data><Data name="LAYER"><value>1</value></Data><Data name="PC"><value>2</value></Data><Data name="DL_BITRATE"><value> kbps</value></Data><Data name="UL_BITRATE"><value> kbps</value></Data><Data name="IP"><value></value></Data><Data name="PHONE STATE"><value>I</value></Data><Data name="IMEI"><value></value></Data><Data name="SPEED"><value>22 km/h</value></Data><Data name="HEIGHT"><value>-3m</value></Data><Data name="ALTITUDE"><value>-3m</value></Data><Data name="LOCATION"><value>G</value></Data><Data name="ACCURACY"><value>3m</value></Data><Data name="DISTANCE"><value>-1m</value></Data><Data name="SITE BEARING"><value>1000deg</value></Data><Data name="ANTENNA BEARING"><value>1000deg</value></Data><Data name="CELLHEX"><value>12</value></Data><Data name="NODEHEX"><value>0</value></Data><Data name="LACHEX"><value>1</value></Data><Data name="RAWCELLID"><value>18</value></Data><Data name="TIME"><value>2026.08.19_12.17.37</value></Data><Data name="NEI1"><value></value></Data><Data name="NEI2"><value></value></Data><Data name="NEI3"><value></value></Data><Data name="NEI4"><value></value></Data><Data name="NEI5"><value></value></Data><Data name="NEI6"><value></value></Data></ExtendedData><Style><LabelStyle><scale>0.0</scale> </LabelStyle><IconStyle><color>FFF07800</color><scale>0.5</scale><Icon><href>http://maps.google.com/mapfiles/kml/shapes/shaded_dot.png</href></Icon></IconStyle></Style><Point><coordinates>-75.75784221,39.66553701,0</coordinates></Point></Placemark><Placemark><name>22 km/h</name><ExtendedData><Data name="CGI"><value>3150100000100018</value></Data><Data name="CELLNAME"><value></value></Data><Data name="CELLID"><value>18</value></Data><Data name="RNC"><value>0</value></Data><Data name="TAC"><value>1</value></Data><Data name="TECHNOLOGY"><value>5G SA</value></Data><Data name="MODE"><value>5G</value></Data><Data name="ARFCN"><value>644640</value></Data><Data name="BAND"><value></value></Data><Data name="BANDWIDTH"><value></value></Data><Data name="CA"><value>false</value></Data><Data name="NR state"><value></value></Data><Data name="RSRP"><value>-105 dBm</value></Data><Data name="RSRQ"><value>-11</value></Data><Data name="LAYER"><value>1</value></Data><Data name="PC"><value>2</value></Data><Data name="DL_BITRATE"><value> kbps</value></Data><Data name="UL_BITRATE"><value> kbps</value></Data><Data name="IP"><value></value></Data><Data name="PHONE STATE"><value>I</value></Data><Data name="IMEI"><value></value></Data><Data name="SPEED"><value>22 km/h</value></Data><Data name="HEIGHT"><value>-3m</value></Data><Data name="ALTITUDE"><value>-3m</value></Data><Data name="LOCATION"><value>G</value></Data><Data name="ACCURACY"><value>3m</value></Data><Data name="DISTANCE"><value>-1m</value></Data><Data name="SITE BEARING"><value>1000deg</value></Data><Data name="ANTENNA BEARING"><value>1000deg</value></Data><Data name="CELLHEX"><value>12</value></Data><Data name="NODEHEX"><value>0</value></Data><Data name="LACHEX"><value>1</value></Data><Data name="RAWCELLID"><value>18</value></Data><Data name="TIME"><value>2026.08.19_12.17.38</value></Data><Data name="NEI1"><value></value></Data><Data name="NEI2"><value></value></Data><Data name="NEI3"><value></value></Data><Data name="NEI4"><value></value></Data><Data name="NEI5"><value></value></Data><Data name="NEI6"><value></value></Data></ExtendedData><Style><LabelStyle><scale>0.0</scale> </LabelStyle><IconStyle><color>FFF07800</color><scale>0.5</scale><Icon><href>http://maps.google.com/mapfiles/kml/shapes/shaded_dot.png</href></Icon></IconStyle></Style><Point><coordinates>-75.75784221,39.66553701,0</coordinates></Point></Placemark><Placemark><name>12 km/h</name><ExtendedData><Data name="CGI"><value>3150100000100018</value></Data><Data name="CELLNAME"><value></value></Data><Data name="CELLID"><value>18</value></Data><Data name="RNC"><value>0</value></Data><Data name="TAC"><value>1</value></Data><Data name="TECHNOLOGY"><value>5G SA</value></Data><Data name="MODE"><value>5G</value></Data><Data name="ARFCN"><value>644640</value></Data><Data name="BAND"><value></value></Data><Data name="BANDWIDTH"><value></value></Data><Data name="CA"><value>false</value></Data><Data name="NR state"><value></value></Data><Data name="RSRP"><value>-105 dBm</value></Data><Data name="RSRQ"><value>-11</value></Data><Data name="LAYER"><value>1</value></Data><Data name="PC"><value>2</value></Data><Data name="DL_BITRATE"><value> kbps</value></Data><Data name="UL_BITRATE"><value> kbps</value></Data><Data name="IP"><value></value></Data><Data name="PHONE STATE"><value>I</value></Data><Data name="IMEI"><value></value></Data><Data name="SPEED"><value>12 km/h</value></Data><Data name="HEIGHT"><value>-4m</value></Data><Data name="ALTITUDE"><value>-4m</value></Data><Data name="LOCATION"><value>G</value></Data><Data name="ACCURACY"><value>3m</value></Data><Data name="DISTANCE"><value>-1m</value></Data><Data name="SITE BEARING"><value>1000deg</value></Data><Data name="ANTENNA BEARING"><value>1000deg</value></Data><Data name="CELLHEX"><value>12</value></Data><Data name="NODEHEX"><value>0</value></Data><Data name="LACHEX"><value>1</value></Data><Data name="RAWCELLID"><value>18</value></Data><Data name="TIME"><value>2026.08.19_12.17.38</value></Data><Data name="NEI1"><value></value></Data><Data name="NEI2"><value></value></Data><Data name="NEI3"><value></value></Data><Data name="NEI4"><value></value></Data><Data name="NEI5"><value></value></Data><Data name="NEI6"><value></value></Data></ExtendedData><Style><LabelStyle><scale>0.0</scale> </LabelStyle><IconStyle><color>FF780A14</color><scale>0.5</scale><Icon><href>http://maps.google.com/mapfiles/kml/shapes/shaded_dot.png</href></Icon></IconStyle></Style><Point><coordinates>-75.75787815,39.66553824,0</coordinates></Point></Placemark><Placemark><name>12 km/h</name><ExtendedData><Data name="CGI"><value>3150100000100018</value></Data><Data name="CELLNAME"><value></value></Data><Data name="CELLID"><value>18</value></Data><Data name="RNC"><value>0</value></Data><Data name="TAC"><value>1</value></Data><Data name="TECHNOLOGY"><value>5G SA</value></Data><Data name="MODE"><value>5G</value></Data><Data name="ARFCN"><value>644640</value></Data><Data name="BAND"><value></value></Data><Data name="BANDWIDTH"><value></value></Data><Data name="CA"><value>false</value></Data><Data name="NR state"><value></value></Data><Data name="RSRP"><value>-105 dBm</value></Data><Data name="RSRQ"><value>-11</value></Data><Data name="LAYER"><value>1</value></Data><Data name="PC"><value>2</value></Data><Data name="DL_BITRATE"><value> kbps</value></Data><Data name="UL_BITRATE"><value> kbps</value></Data><Data name="IP"><value></value></Data><Data name="PHONE STATE"><value>I</value></Data><Data name="IMEI"><value></value></Data><Data name="SPEED"><value>12 km/h</value></Data><Data name="HEIGHT"><value>-4m</value></Data><Data name="ALTITUDE"><value>-4m</value></Data><Data name="LOCATION"><value>G</value></Data><Data name="ACCURACY"><value>3m</value></Data><Data name="DISTANCE"><value>-1m</value></Data><Data name="SITE BEARING"><value>1000deg</value></Data><Data name="ANTENNA BEARING"><value>1000deg</value></Data><Data name="CELLHEX"><value>12</value></Data><Data name="NODEHEX"><value>0</value></Data><Data name="LACHEX"><value>1</value></Data><Data name="RAWCELLID"><value>18</value></Data><Data name="TIME"><value>2026.08.19_12.17.39</value></Data><Data name="NEI1"><value></value></Data><Data name="NEI2"><value></value></Data><Data name="NEI3"><value></value></Data><Data name="NEI4"><value></value></Data><Data name="NEI5"><value></value></Data><Data name="NEI6"><value></value></Data></ExtendedData><Style><LabelStyle><scale>0.0</scale> </LabelStyle><IconStyle><color>FF780A14</color><scale>0.5</scale><Icon><href>http://maps.google.com/mapfiles/kml/shapes/shaded_dot.png</href></Icon></IconStyle></Style><Point><coordinates>-75.75787815,39.66553824,0</coordinates></Point></Placemark><Placemark><name>5 km/h</name><ExtendedData><Data name="CGI"><value>3150100000100018</value></Data><Data name="CELLNAME"><value></value></Data><Data name="CELLID"><value>18</value></Data><Data name="RNC"><value>0</value></Data><Data name="TAC"><value>1</value></Data><Data name="TECHNOLOGY"><value>5G SA</value></Data><Data name="MODE"><value>5G</value></Data><Data name="ARFCN"><value>644640</value></Data><Data name="BAND"><value></value></Data><Data name="BANDWIDTH"><value></value></Data><Data name="CA"><value>false</value></Data><Data name="NR state"><value></value></Data><Data name="RSRP"><value>-105 dBm</value></Data><Data name="RSRQ"><value>-11</value></Data><Data name="LAYER"><value>1</value></Data><Data name="PC"><value>2</value></Data><Data name="DL_BITRATE"><value> kbps</value></Data><Data name="UL_BITRATE"><value> kbps</value></Data><Data name="IP"><value></value></Data><Data name="PHONE STATE"><value>I</value></Data><Data name="IMEI"><value></value></Data><Data name="SPEED"><value>5 km/h</value></Data><Data name="HEIGHT"><value>-3m</value></Data><Data name="ALTITUDE"><value>-3m</value></Data><Data name="LOCATION"><value>G</value></Data><Data name="ACCURACY"><value>3m</value></Data><Data name="DISTANCE"><value>-1m</value></Data><Data name="SITE BEARING"><value>1000deg</value></Data><Data name="ANTENNA BEARING"><value>1000deg</value></Data><Data name="CELLHEX"><value>12</value></Data><Data name="NODEHEX"><value>0</value></Data><Data name="LACHEX"><value>1</value></Data><Data name="RAWCELLID"><value>18</value></Data><Data name="TIME"><value>2026.08.19_12.17.39</value></Data><Data name="NEI1"><value></value></Data><Data name="NEI2"><value></value></Data><Data name="NEI3"><value></value></Data><Data name="NEI4"><value></value></Data><Data name="NEI5"><value></value></Data><Data name="NEI6"><value></value></Data></ExtendedData><Style><LabelStyle><scale>0.0</scale> </LabelStyle><IconStyle><color>FF646464</color><scale>0.5</scale><Icon><href>http://maps.google.com/mapfiles/kml/shapes/shaded_dot.png</href></Icon></IconStyle></Style><Point><coordinates>-75.75789646,39.66553747,0</coordinates></Point></Placemark><Placemark><name>5 km/h</name><ExtendedData><Data name="CGI"><value>3150100000100018</value></Data><Data name="CELLNAME"><value></value></Data><Data name="CELLID"><value>18</value></Data><Data name="RNC"><value>0</value></Data><Data name="TAC"><value>1</value></Data><Data name="TECHNOLOGY"><value>5G SA</value></Data><Data name="MODE"><value>5G</value></Data><Data name="ARFCN"><value>644640</value></Data><Data name="BAND"><value></value></Data><Data name="BANDWIDTH"><value></value></Data><Data name="CA"><value>false</value></Data><Data name="NR state"><value></value></Data><Data name="RSRP"><value>-105 dBm</value></Data><Data name="RSRQ"><value>-11</value></Data><Data name="LAYER"><value>1</value></Data><Data name="PC"><value>2</value></Data><Data name="DL_BITRATE"><value> kbps</value></Data><Data name="UL_BITRATE"><value> kbps</value></Data><Data name="IP"><value></value></Data><Data name="PHONE STATE"><value>I</value></Data><Data name="IMEI"><value></value></Data><Data name="SPEED"><value>5 km/h</value></Data><Data name="HEIGHT"><value>-3m</value></Data><Data name="ALTITUDE"><value>-3m</value></Data><Data name="LOCATION"><value>G</value></Data><Data name="ACCURACY"><value>3m</value></Data><Data name="DISTANCE"><value>-1m</value></Data><Data name="SITE BEARING"><value>1000deg</value></Data><Data name="ANTENNA BEARING"><value>1000deg</value></Data><Data name="CELLHEX"><value>12</value></Data><Data name="NODEHEX"><value>0</value></Data><Data name="LACHEX"><value>1</value></Data><Data name="RAWCELLID"><value>18</value></Data><Data name="TIME"><value>2026.08.19_12.17.40</value></Data><Data name="NEI1"><value></value></Data><Data name="NEI2"><value></value></Data><Data name="NEI3"><value></value></Data><Data name="NEI4"><value></value></Data><Data name="NEI5"><value></value></Data><Data name="NEI6"><value></value></Data></ExtendedData><Style><LabelStyle><scale>0.0</scale> </LabelStyle><IconStyle><color>FF646464</color><scale>0.5</scale><Icon><href>http://maps.google.com/mapfiles/kml/shapes/shaded_dot.png</href></Icon></IconStyle></Style><Point><coordinates>-75.75789646,39.66553747,0</coordinates></Point></Placemark><Placemark><name>5 km/h</name><ExtendedData><Data name="CGI"><value>3150100000100018</value></Data><Data name="CELLNAME"><value></value></Data><Data name="CELLID"><value>18</value></Data><Data name="RNC"><value>0</value></Data><Data name="TAC"><value>1</value></Data><Data name="TECHNOLOGY"><value>5G SA</value></Data><Data name="MODE"><value>5G</value></Data><Data name="ARFCN"><value>644640</value></Data><Data name="BAND"><value></value></Data><Data name="BANDWIDTH"><value></value></Data><Data name="CA"><value>false</value></Data><Data name="NR state"><value></value></Data><Data name="RSRP"><value>-105 dBm</value></Data><Data name="RSRQ"><value>-11</value></Data><Data name="LAYER"><value>1</value></Data><Data name="PC"><value>2</value></Data><Data name="DL_BITRATE"><value> kbps</value></Data><Data name="UL_BITRATE"><value> kbps</value></Data><Data name="IP"><value></value></Data><Data name="PHONE STATE"><value>I</value></Data><Data name="IMEI"><value></value></Data><Data name="SPEED"><value>5 km/h</value></Data><Data name="HEIGHT"><value>-3m</value></Data><Data name="ALTITUDE"><value>-3m</value></Data><Data name="LOCATION"><value>G</value></Data><Data name="ACCURACY"><value>3m</value></Data><Data name="DISTANCE"><value>-1m</value></Data><Data name="SITE BEARING"><value>1000deg</value></Data><Data name="ANTENNA BEARING"><value>1000deg</value></Data><Data name="CELLHEX"><value>12</value></Data><Data name="NODEHEX"><value>0</value></Data><Data name="LACHEX"><value>1</value></Data><Data name="RAWCELLID"><value>18</value></Data><Data name="TIME"><value>2026.08.19_12.17.40</value></Data><Data name="NEI1"><value></value></Data><Data name="NEI2"><value></value></Data><Data name="NEI3"><value></value></Data><Data name="NEI4"><value></value></Data><Data name="NEI5"><value></value></Data><Data name="NEI6"><value></value></Data></ExtendedData><Style><LabelStyle><scale>0.0</scale> </LabelStyle><IconStyle><color>FF646464</color><scale>0.5</scale><Icon><href>http://maps.google.com/mapfiles/kml/shapes/shaded_dot.png</href></Icon></IconStyle></Style><Point><coordinates>-75.75791136,39.66553463,0</coordinates></Point></Placemark><Placemark><name>5 km/h</name><ExtendedData><Data name="CGI"><value>3150100000100018</value></Data><Data name="CELLNAME"><value></value></Data><Data name="CELLID"><value>18</value></Data><Data name="RNC"><value>0</value></Data><Data name="TAC"><value>1</value></Data><Data name="TECHNOLOGY"><value>5G SA</value></Data><Data name="MODE"><value>5G</value></Data><Data name="ARFCN"><value>644640</value></Data><Data name="BAND"><value></value></Data><Data name="BANDWIDTH"><value></value></Data><Data name="CA"><value>false</value></Data><Data name="NR state"><value></value></Data><Data name="RSRP"><value>-105 dBm</value></Data><Data name="RSRQ"><value>-11</value></Data><Data name="LAYER"><value>1</value></Data><Data name="PC"><value>2</value></Data><Data name="DL_BITRATE"><value> kbps</value></Data><Data name="UL_BITRATE"><value> kbps</value></Data><Data name="IP"><value></value></Data><Data name="PHONE STATE"><value>I</value></Data><Data name="IMEI"><value></value></Data><Data name="SPEED"><value>5 km/h</value></Data><Data name="HEIGHT"><value>-3m</value></Data><Data name="ALTITUDE"><value>-3m</value></Data><Data name="LOCATION"><value>G</value></Data><Data name="ACCURACY"><value>3m</value></Data><Data name="DISTANCE"><value>-1m</value></Data><Data name="SITE BEARING"><value>1000deg</value></Data><Data name="ANTENNA BEARING"><value>1000deg</value></Data><Data name="CELLHEX"><value>12</value></Data><Data name="NODEHEX"><value>0</value></Data><Data name="LACHEX"><value>1</value></Data><Data name="RAWCELLID"><value>18</value></Data><Data name="TIME"><value>2026.08.19_12.17.41</value></Data><Data name="NEI1"><value></value></Data><Data name="NEI2"><value></value></Data><Data name="NEI3"><value></value></Data><Data name="NEI4"><value></value></Data><Data name="NEI5"><value></value></Data><Data name="NEI6"><value></value></Data></ExtendedData><Style><LabelStyle><scale>0.0</scale> </LabelStyle><IconStyle><color>FF646464</color><scale>0.5</scale><Icon><href>http://maps.google.com/mapfiles/kml/shapes/shaded_dot.png</href></Icon></IconStyle></Style><Point><coordinates>-75.75791136,39.66553463,0</coordinates></Point></Placemark><Placemark><name>8 km/h</name><ExtendedData><Data name="CGI"><value>3150100000100018</value></Data><Data name="CELLNAME"><value></value></Data><Data name="CELLID"><value>18</value></Data><Data name="RNC"><value>0</value></Data><Data name="TAC"><value>1</value></Data><Data name="TECHNOLOGY"><value>5G SA</value></Data><Data name="MODE"><value>5G</value></Data><Data name="ARFCN"><value>644640</value></Data><Data name="BAND"><value></value></Data><Data name="BANDWIDTH"><value></value></Data><Data name="CA"><value>false</value></Data><Data name="NR state"><value></value></Data><Data name="RSRP"><value>-105 dBm</value></Data><Data name="RSRQ"><value>-11</value></Data><Data name="LAYER"><value>1</value></Data><Data name="PC"><value>2</value></Data><Data name="DL_BITRATE"><value> kbps</value></Data><Data name="UL_BITRATE"><value> kbps</value></Data><Data name="IP"><value></value></Data><Data name="PHONE STATE"><value>I</value></Data><Data name="IMEI"><value></value></Data><Data name="SPEED"><value>8 km/h</value></Data><Data name="HEIGHT"><value>-3m</value></Data><Data name="ALTITUDE"><value>-3m</value></Data><Data name="LOCATION"><value>G</value></Data><Data name="ACCURACY"><value>3m</value></Data><Data name="DISTANCE"><value>-1m</value></Data><Data name="SITE BEARING"><value>1000deg</value></Data><Data name="ANTENNA BEARING"><value>1000deg</value></Data><Data name="CELLHEX"><value>12</value></Data><Data name="NODEHEX"><value>0</value></Data><Data name="LACHEX"><value>1</value></Data><Data name="RAWCELLID"><value>18</value></Data><Data name="TIME"><value>2026.08.19_12.17.41</value></Data><Data name="NEI1"><value></value></Data><Data name="NEI2"><value></value></Data><Data name="NEI3"><value></value></Data><Data name="NEI4"><value></value></Data><Data name="NEI5"><value></value></Data><Data name="NEI6"><value></value></Data></ExtendedData><Style><LabelStyle><scale>0.0</scale> </LabelStyle><IconStyle><color>FF646464</color><scale>0.5</scale><Icon><href>http://maps.google.com/mapfiles/kml/shapes/shaded_dot.png</href></Icon></IconStyle></Style><Point><coordinates>-75.75794099,39.66552945,0</coordinates></Point></Placemark><Placemark><name>8 km/h</name><ExtendedData><Data name="CGI"><value>3150100000100018</value></Data><Data name="CELLNAME"><value></value></Data><Data name="CELLID"><value>18</value></Data><Data name="RNC"><value>0</value></Data><Data name="TAC"><value>1</value></Data><Data name="TECHNOLOGY"><value>5G SA</value></Data><Data name="MODE"><value>5G</value></Data><Data name="ARFCN"><value>644640</value></Data><Data name="BAND"><value></value></Data><Data name="BANDWIDTH"><value></value></Data><Data name="CA"><value>false</value></Data><Data name="NR state"><value></value></Data><Data name="RSRP"><value>-105 dBm</value></Data><Data name="RSRQ"><value>-11</value></Data><Data name="LAYER"><value>1</value></Data><Data name="PC"><value>2</value></Data><Data name="DL_BITRATE"><value> kbps</value></Data><Data name="UL_BITRATE"><value> kbps</value></Data><Data name="IP"><value></value></Data><Data name="PHONE STATE"><value>I</value></Data><Data name="IMEI"><value></value></Data><Data name="SPEED"><value>8 km/h</value></Data><Data name="HEIGHT"><value>-3m</value></Data><Data name="ALTITUDE"><value>-3m</value></Data><Data name="LOCATION"><value>G</value></Data><Data name="ACCURACY"><value>3m</value></Data><Data name="DISTANCE"><value>-1m</value></Data><Data name="SITE BEARING"><value>1000deg</value></Data><Data name="ANTENNA BEARING"><value>1000deg</value></Data><Data name="CELLHEX"><value>12</value></Data><Data name="NODEHEX"><value>0</value></Data><Data name="LACHEX"><value>1</value></Data><Data name="RAWCELLID"><value>18</value></Data><Data name="TIME"><value>2026.08.19_12.17.42</value></Data><Data name="NEI1"><value></value></Data><Data name="NEI2"><value></value></Data><Data name="NEI3"><value></value></Data><Data name="NEI4"><value></value></Data><Data name="NEI5"><value></value></Data><Data name="NEI6"><value></value></Data></ExtendedData><Style><LabelStyle><scale>0.0</scale> </LabelStyle><IconStyle><color>FF646464</color><scale>0.5</scale><Icon><href>http://maps.google.com/mapfiles/kml/shapes/shaded_dot.png</href></Icon></IconStyle></Style><Point><coordinates>-75.75794099,39.66552945,0</coordinates></Point></Placemark><Placemark><name>11 km/h</name><ExtendedData><Data name="CGI"><value>3150100000100018</value></Data><Data name="CELLNAME"><value></value></Data><Data name="CELLID"><value>18</value></Data><Data name="RNC"><value>0</value></Data><Data name="TAC"><value>1</value></Data><Data name="TECHNOLOGY"><value>5G SA</value></Data><Data name="MODE"><value>5G</value></Data><Data name="ARFCN"><value>644640</value></Data><Data name="BAND"><value></value></Data><Data name="BANDWIDTH"><value></value></Data><Data name="CA"><value>false</value></Data><Data name="NR state"><value></value></Data><Data name="RSRP"><value>-105 dBm</value></Data><Data name="RSRQ"><value>-11</value></Data><Data name="LAYER"><value>1</value></Data><Data name="PC"><value>2</value></Data><Data name="DL_BITRATE"><value> kbps</value></Data><Data name="UL_BITRATE"><value> kbps</value></Data><Data name="IP"><value></value></Data><Data name="PHONE STATE"><value>I</value></Data><Data name="IMEI"><value></value></Data><Data name="SPEED"><value>11 km/h</value></Data><Data name="HEIGHT"><value>-3m</value></Data><Data name="ALTITUDE"><value>-3m</value></Data><Data name="LOCATION"><value>G</value></Data><Data name="ACCURACY"><value>3m</value></Data><Data name="DISTANCE"><value>-1m</value></Data><Data name="SITE BEARING"><value>1000deg</value></Data><Data name="ANTENNA BEARING"><value>1000deg</value></Data><Data name="CELLHEX"><value>12</value></Data><Data name="NODEHEX"><value>0</value></Data><Data name="LACHEX"><value>1</value></Data><Data name="RAWCELLID"><value>18</value></Data><Data name="TIME"><value>2026.08.19_12.17.42</value></Data><Data name="NEI1"><value></value></Data><Data name="NEI2"><value></value></Data><Data name="NEI3"><value></value></Data><Data name="NEI4"><value></value></Data><Data name="NEI5"><value></value></Data><Data name="NEI6"><value></value></Data></ExtendedData><Style><LabelStyle><scale>0.0</scale> </LabelStyle><IconStyle><color>FF780A14</color><scale>0.5</scale><Icon><href>http://maps.google.com/mapfiles/kml/shapes/shaded_dot.png</href></Icon></IconStyle></Style><Point><coordinates>-75.75798105,39.66553566,0</coordinates></Point></Placemark><Placemark><name>11 km/h</name><ExtendedData><Data name="CGI"><value>3150100000100018</value></Data><Data name="CELLNAME"><value></value></Data><Data name="CELLID"><value>18</value></Data><Data name="RNC"><value>0</value></Data><Data name="TAC"><value>1</value></Data><Data name="TECHNOLOGY"><value>5G SA</value></Data><Data name="MODE"><value>5G</value></Data><Data name="ARFCN"><value>644640</value></Data><Data name="BAND"><value></value></Data><Data name="BANDWIDTH"><value></value></Data><Data name="CA"><value>false</value></Data><Data name="NR state"><value></value></Data><Data name="RSRP"><value>-105 dBm</value></Data><Data name="RSRQ"><value>-11</value></Data><Data name="LAYER"><value>1</value></Data><Data name="PC"><value>2</value></Data><Data name="DL_BITRATE"><value> kbps</value></Data><Data name="UL_BITRATE"><value> kbps</value></Data><Data name="IP"><value></value></Data><Data name="PHONE STATE"><value>I</value></Data><Data name="IMEI"><value></value></Data><Data name="SPEED"><value>11 km/h</value></Data><Data name="HEIGHT"><value>-3m</value></Data><Data name="ALTITUDE"><value>-3m</value></Data><Data name="LOCATION"><value>G</value></Data><Data name="ACCURACY"><value>3m</value></Data><Data name="DISTANCE"><value>-1m</value></Data><Data name="SITE BEARING"><value>1000deg</value></Data><Data name="ANTENNA BEARING"><value>1000deg</value></Data><Data name="CELLHEX"><value>12</value></Data><Data name="NODEHEX"><value>0</value></Data><Data name="LACHEX"><value>1</value></Data><Data name="RAWCELLID"><value>18</value></Data><Data name="TIME"><value>2026.08.19_12.17.43</value></Data><Data name="NEI1"><value></value></Data><Data name="NEI2"><value></value></Data><Data name="NEI3"><value></value></Data><Data name="NEI4"><value></value></Data><Data name="NEI5"><value></value></Data><Data name="NEI6"><value></value></Data></ExtendedData><Style><LabelStyle><scale>0.0</scale> </LabelStyle><IconStyle><color>FF780A14</color><scale>0.5</scale><Icon><href>http://maps.google.com/mapfiles/kml/shapes/shaded_dot.png</href></Icon></IconStyle></Style><Point><coordinates>-75.75798105,39.66553566,0</coordinates></Point></Placemark><Placemark><name>13 km/h</name><ExtendedData><Data name="CGI"><value>3150100000100018</value></Data><Data name="CELLNAME"><value></value></Data><Data name="CELLID"><value>18</value></Data><Data name="RNC"><value>0</value></Data><Data name="TAC"><value>1</value></Data><Data name="TECHNOLOGY"><value>5G SA</value></Data><Data name="MODE"><value>5G</value></Data><Data name="ARFCN"><value>644640</value></Data><Data name="BAND"><value></value></Data><Data name="BANDWIDTH"><value></value></Data><Data name="CA"><value>false</value></Data><Data name="NR state"><value></value></Data><Data name="RSRP"><value>-105 dBm</value></Data><Data name="RSRQ"><value>-11</value></Data><Data name="LAYER"><value>1</value></Data><Data name="PC"><value>2</value></Data><Data name="DL_BITRATE"><value> kbps</value></Data><Data name="UL_BITRATE"><value> kbps</value></Data><Data name="IP"><value></value></Data><Data name="PHONE STATE"><value>I</value></Data><Data name="IMEI"><value></value></Data><Data name="SPEED"><value>13 km/h</value></Data><Data name="HEIGHT"><value>-3m</value></Data><Data name="ALTITUDE"><value>-3m</value></Data><Data name="LOCATION"><value>G</value></Data><Data name="ACCURACY"><value>3m</value></Data><Data name="DISTANCE"><value>-1m</value></Data><Data name="SITE BEARING"><value>1000deg</value></Data><Data name="ANTENNA BEARING"><value>1000deg</value></Data><Data name="CELLHEX"><value>12</value></Data><Data name="NODEHEX"><value>0</value></Data><Data name="LACHEX"><value>1</value></Data><Data name="RAWCELLID"><value>18</value></Data><Data name="TIME"><value>2026.08.19_12.17.43</value></Data><Data name="NEI1"><value></value></Data><Data name="NEI2"><value></value></Data><Data name="NEI3"><value></value></Data><Data name="NEI4"><value></value></Data><Data name="NEI5"><value></value></Data><Data name="NEI6"><value></value></Data></ExtendedData><Style><LabelStyle><scale>0.0</scale> </LabelStyle><IconStyle><color>FF780A14</color><scale>0.5</scale><Icon><href>http://maps.google.com/mapfiles/kml/shapes/shaded_dot.png</href></Icon></IconStyle></Style><Point><coordinates>-75.75802197,39.66554883,0</coordinates></Point></Placemark><Placemark><name>13 km/h</name><ExtendedData><Data name="CGI"><value>3150100000100018</value></Data><Data name="CELLNAME"><value></value></Data><Data name="CELLID"><value>18</value></Data><Data name="RNC"><value>0</value></Data><Data name="TAC"><value>1</value></Data><Data name="TECHNOLOGY"><value>5G SA</value></Data><Data name="MODE"><value>5G</value></Data><Data name="ARFCN"><value>644640</value></Data><Data name="BAND"><value></value></Data><Data name="BANDWIDTH"><value></value></Data><Data name="CA"><value>false</value></Data><Data name="NR state"><value></value></Data><Data name="RSRP"><value>-105 dBm</value></Data><Data name="RSRQ"><value>-11</value></Data><Data name="LAYER"><value>1</value></Data><Data name="PC"><value>2</value></Data><Data name="DL_BITRATE"><value> kbps</value></Data><Data name="UL_BITRATE"><value> kbps</value></Data><Data name="IP"><value></value></Data><Data name="PHONE STATE"><value>I</value></Data><Data name="IMEI"><value></value></Data><Data name="SPEED"><value>13 km/h</value></Data><Data name="HEIGHT"><value>-3m</value></Data><Data name="ALTITUDE"><value>-3m</value></Data><Data name="LOCATION"><value>G</value></Data><Data name="ACCURACY"><value>3m</value></Data><Data name="DISTANCE"><value>-1m</value></Data><Data name="SITE BEARING"><value>1000deg</value></Data><Data name="ANTENNA BEARING"><value>1000deg</value></Data><Data name="CELLHEX"><value>12</value></Data><Data name="NODEHEX"><value>0</value></Data><Data name="LACHEX"><value>1</value></Data><Data name="RAWCELLID"><value>18</value></Data><Data name="TIME"><value>2026.08.19_12.17.44</value></Data><Data name="NEI1"><value></value></Data><Data name="NEI2"><value></value></Data><Data name="NEI3"><value></value></Data><Data name="NEI4"><value></value></Data><Data name="NEI5"><value></value></Data><Data name="NEI6"><value></value></Data></ExtendedData><Style><LabelStyle><scale>0.0</scale> </LabelStyle><IconStyle><color>FF780A14</color><scale>0.5</scale><Icon><href>http://maps.google.com/mapfiles/kml/shapes/shaded_dot.png</href></Icon></IconStyle></Style><Point><coordinates>-75.75802197,39.66554883,0</coordinates></Point></Placemark><Placemark><name>15 km/h</name><ExtendedData><Data name="CGI"><value>3150100000100018</value></Data><Data name="CELLNAME"><value></value></Data><Data name="CELLID"><value>18</value></Data><Data name="RNC"><value>0</value></Data><Data name="TAC"><value>1</value></Data><Data name="TECHNOLOGY"><value>5G SA</value></Data><Data name="MODE"><value>5G</value></Data><Data name="ARFCN"><value>644640</value></Data><Data name="BAND"><value></value></Data><Data name="BANDWIDTH"><value></value></Data><Data name="CA"><value>false</value></Data><Data name="NR state"><value></value></Data><Data name="RSRP"><value>-105 dBm</value></Data><Data name="RSRQ"><value>-11</value></Data><Data name="LAYER"><value>1</value></Data><Data name="PC"><value>2</value></Data><Data name="DL_BITRATE"><value> kbps</value></Data><Data name="UL_BITRATE"><value> kbps</value></Data><Data name="IP"><value></value></Data><Data name="PHONE STATE"><value>I</value></Data><Data name="IMEI"><value></value></Data><Data name="SPEED"><value>15 km/h</value></Data><Data name="HEIGHT"><value>-3m</value></Data><Data name="ALTITUDE"><value>-3m</value></Data><Data name="LOCATION"><value>G</value></Data><Data name="ACCURACY"><value>3m</value></Data><Data name="DISTANCE"><value>-1m</value></Data><Data name="SITE BEARING"><value>1000deg</value></Data><Data name="ANTENNA BEARING"><value>1000deg</value></Data><Data name="CELLHEX"><value>12</value></Data><Data name="NODEHEX"><value>0</value></Data><Data name="LACHEX"><value>1</value></Data><Data name="RAWCELLID"><value>18</value></Data><Data name="TIME"><value>2026.08.19_12.17.44</value></Data><Data name="NEI1"><value></value></Data><Data name="NEI2"><value></value></Data><Data name="NEI3"><value></value></Data><Data name="NEI4"><value></value></Data><Data name="NEI5"><value></value></Data><Data name="NEI6"><value></value></Data></ExtendedData><Style><LabelStyle><scale>0.0</scale> </LabelStyle><IconStyle><color>FF780A14</color><scale>0.5</scale><Icon><href>http://maps.google.com/mapfiles/kml/shapes/shaded_dot.png</href></Icon></IconStyle></Style><Point><coordinates>-75.75806182,39.66557531,0</coordinates></Point></Placemark><Placemark><name>15 km/h</name><ExtendedData><Data name="CGI"><value>3150100000100018</value></Data><Data name="CELLNAME"><value></value></Data><Data name="CELLID"><value>18</value></Data><Data name="RNC"><value>0</value></Data><Data name="TAC"><value>1</value></Data><Data name="TECHNOLOGY"><value>5G SA</value></Data><Data name="MODE"><value>5G</value></Data><Data name="ARFCN"><value>644640</value></Data><Data name="BAND"><value></value></Data><Data name="BANDWIDTH"><value></value></Data><Data name="CA"><value>false</value></Data><Data name="NR state"><value></value></Data><Data name="RSRP"><value>-105 dBm</value></Data><Data name="RSRQ"><value>-11</value></Data><Data name="LAYER"><value>1</value></Data><Data name="PC"><value>2</value></Data><Data name="DL_BITRATE"><value> kbps</value></Data><Data name="UL_BITRATE"><value> kbps</value></Data><Data name="IP"><value></value></Data><Data name="PHONE STATE"><value>I</value></Data><Data name="IMEI"><value></value></Data><Data name="SPEED"><value>15 km/h</value></Data><Data name="HEIGHT"><value>-3m</value></Data><Data name="ALTITUDE"><value>-3m</value></Data><Data name="LOCATION"><value>G</value></Data><Data name="ACCURACY"><value>3m</value></Data><Data name="DISTANCE"><value>-1m</value></Data><Data name="SITE BEARING"><value>1000deg</value></Data><Data name="ANTENNA BEARING"><value>1000deg</value></Data><Data name="CELLHEX"><value>12</value></Data><Data name="NODEHEX"><value>0</value></Data><Data name="LACHEX"><value>1</value></Data><Data name="RAWCELLID"><value>18</value></Data><Data name="TIME"><value>2026.08.19_12.17.45</value></Data><Data name="NEI1"><value></value></Data><Data name="NEI2"><value></value></Data><Data name="NEI3"><value></value></Data><Data name="NEI4"><value></value></Data><Data name="NEI5"><value></value></Data><Data name="NEI6"><value></value></Data></ExtendedData><Style><LabelStyle><scale>0.0</scale> </LabelStyle><IconStyle><color>FF780A14</color><scale>0.5</scale><Icon><href>http://maps.google.com/mapfiles/kml/shapes/shaded_dot.png</href></Icon></IconStyle></Style><Point><coordinates>-75.75806182,39.66557531,0</coordinates></Point></Placemark><Placemark><name>17 km/h</name><ExtendedData><Data name="CGI"><value>3150100000100018</value></Data><Data name="CELLNAME"><value></value></Data><Data name="CELLID"><value>18</value></Data><Data name="RNC"><value>0</value></Data><Data name="TAC"><value>1</value></Data><Data name="TECHNOLOGY"><value>5G SA</value></Data><Data name="MODE"><value>5G</value></Data><Data name="ARFCN"><value>644640</value></Data><Data name="BAND"><value></value></Data><Data name="BANDWIDTH"><value></value></Data><Data name="CA"><value>false</value></Data><Data name="NR state"><value></value></Data><Data name="RSRP"><value>-105 dBm</value></Data><Data name="RSRQ"><value>-11</value></Data><Data name="LAYER"><value>1</value></Data><Data name="PC"><value>2</value></Data><Data name="DL_BITRATE"><value> kbps</value></Data><Data name="UL_BITRATE"><value> kbps</value></Data><Data name="IP"><value></value></Data><Data name="PHONE STATE"><value>I</value></Data><Data name="IMEI"><value></value></Data><Data name="SPEED"><value>17 km/h</value></Data><Data name="HEIGHT"><value>-2m</value></Data><Data name="ALTITUDE"><value>-2m</value></Data><Data name="LOCATION"><value>G</value></Data><Data name="ACCURACY"><value>3m</value></Data><Data name="DISTANCE"><value>-1m</value></Data><Data name="SITE BEARING"><value>1000deg</value></Data><Data name="ANTENNA BEARING"><value>1000deg</value></Data><Data name="CELLHEX"><value>12</value></Data><Data name="NODEHEX"><value>0</value></Data><Data name="LACHEX"><value>1</value></Data><Data name="RAWCELLID"><value>18</value></Data><Data name="TIME"><value>2026.08.19_12.17.45</value></Data><Data name="NEI1"><value></value></Data><Data name="NEI2"><value></value></Data><Data name="NEI3"><value></value></Data><Data name="NEI4"><value></value></Data><Data name="NEI5"><value></value></Data><Data name="NEI6"><value></value></Data></ExtendedData><Style><LabelStyle><scale>0.0</scale> </LabelStyle><IconStyle><color>FF780A14</color><scale>0.5</scale><Icon><href>http://maps.google.com/mapfiles/kml/shapes/shaded_dot.png</href></Icon></IconStyle></Style><Point><coordinates>-75.75806674,39.66563591,0</coordinates></Point></Placemark><Placemark><name>17 km/h</name><ExtendedData><Data name="CGI"><value>3150100000100018</value></Data><Data name="CELLNAME"><value></value></Data><Data name="CELLID"><value>18</value></Data><Data name="RNC"><value>0</value></Data><Data name="TAC"><value>1</value></Data><Data name="TECHNOLOGY"><value>5G SA</value></Data><Data name="MODE"><value>5G</value></Data><Data name="ARFCN"><value>644640</value></Data><Data name="BAND"><value></value></Data><Data name="BANDWIDTH"><value></value></Data><Data name="CA"><value>false</value></Data><Data name="NR state"><value></value></Data><Data name="RSRP"><value>-105 dBm</value></Data><Data name="RSRQ"><value>-11</value></Data><Data name="LAYER"><value>1</value></Data><Data name="PC"><value>2</value></Data><Data name="DL_BITRATE"><value> kbps</value></Data><Data name="UL_BITRATE"><value> kbps</value></Data><Data name="IP"><value></value></Data><Data name="PHONE STATE"><value>I</value></Data><Data name="IMEI"><value></value></Data><Data name="SPEED"><value>17 km/h</value></Data><Data name="HEIGHT"><value>-2m</value></Data><Data name="ALTITUDE"><value>-2m</value></Data><Data name="LOCATION"><value>G</value></Data><Data name="ACCURACY"><value>3m</value></Data><Data name="DISTANCE"><value>-1m</value></Data><Data name="SITE BEARING"><value>1000deg</value></Data><Data name="ANTENNA BEARING"><value>1000deg</value></Data><Data name="CELLHEX"><value>12</value></Data><Data name="NODEHEX"><value>0</value></Data><Data name="LACHEX"><value>1</value></Data><Data name="RAWCELLID"><value>18</value></Data><Data name="TIME"><value>2026.08.19_12.17.46</value></Data><Data name="NEI1"><value></value></Data><Data name="NEI2"><value></value></Data><Data name="NEI3"><value></value></Data><Data name="NEI4"><value></value></Data><Data name="NEI5"><value></value></Data><Data name="NEI6"><value></value></Data></ExtendedData><Style><LabelStyle><scale>0.0</scale> </LabelStyle><IconStyle><color>FF780A14</color><scale>0.5</scale><Icon><href>http://maps.google.com/mapfiles/kml/shapes/shaded_dot.png</href></Icon></IconStyle></Style><Point><coordinates>-75.75806674,39.66563591,0</coordinates></Point></Placemark><Placemark><name>21 km/h</name><ExtendedData><Data name="CGI"><value>3150100000100018</value></Data><Data name="CELLNAME"><value></value></Data><Data name="CELLID"><value>18</value></Data><Data name="RNC"><value>0</value></Data><Data name="TAC"><value>1</value></Data><Data name="TECHNOLOGY"><value>5G SA</value></Data><Data name="MODE"><value>5G</value></Data><Data name="ARFCN"><value>644640</value></Data><Data name="BAND"><value></value></Data><Data name="BANDWIDTH"><value></value></Data><Data name="CA"><value>false</value></Data><Data name="NR state"><value></value></Data><Data name="RSRP"><value>-105 dBm</value></Data><Data name="RSRQ"><value>-11</value></Data><Data name="LAYER"><value>1</value></Data><Data name="PC"><value>2</value></Data><Data name="DL_BITRATE"><value> kbps</value></Data><Data name="UL_BITRATE"><value> kbps</value></Data><Data name="IP"><value></value></Data><Data name="PHONE STATE"><value>I</value></Data><Data name="IMEI"><value></value></Data><Data name="SPEED"><value>21 km/h</value></Data><Data name="HEIGHT"><value>-2m</value></Data><Data name="ALTITUDE"><value>-2m</value></Data><Data name="LOCATION"><value>G</value></Data><Data name="ACCURACY"><value>3m</value></Data><Data name="DISTANCE"><value>-1m</value></Data><Data name="SITE BEARING"><value>1000deg</value></Data><Data name="ANTENNA BEARING"><value>1000deg</value></Data><Data name="CELLHEX"><value>12</value></Data><Data name="NODEHEX"><value>0</value></Data><Data name="LACHEX"><value>1</value></Data><Data name="RAWCELLID"><value>18</value></Data><Data name="TIME"><value>2026.08.19_12.17.46</value></Data><Data name="NEI1"><value></value></Data><Data name="NEI2"><value></value></Data><Data name="NEI3"><value></value></Data><Data name="NEI4"><value></value></Data><Data name="NEI5"><value></value></Data><Data name="NEI6"><value></value></Data></ExtendedData><Style><LabelStyle><scale>0.0</scale> </LabelStyle><IconStyle><color>FFF07800</color><scale>0.5</scale><Icon><href>http://maps.google.com/mapfiles/kml/shapes/shaded_dot.png</href></Icon></IconStyle></Style><Point><coordinates>-75.75807346,39.6656923,0</coordinates></Point></Placemark><Placemark><name>21 km/h</name><ExtendedData><Data name="CGI"><value>3150100000100018</value></Data><Data name="CELLNAME"><value></value></Data><Data name="CELLID"><value>18</value></Data><Data name="RNC"><value>0</value></Data><Data name="TAC"><value>1</value></Data><Data name="TECHNOLOGY"><value>5G SA</value></Data><Data name="MODE"><value>5G</value></Data><Data name="ARFCN"><value>644640</value></Data><Data name="BAND"><value></value></Data><Data name="BANDWIDTH"><value></value></Data><Data name="CA"><value>false</value></Data><Data name="NR state"><value></value></Data><Data name="RSRP"><value>-105 dBm</value></Data><Data name="RSRQ"><value>-11</value></Data><Data name="LAYER"><value>1</value></Data><Data name="PC"><value>2</value></Data><Data name="DL_BITRATE"><value> kbps</value></Data><Data name="UL_BITRATE"><value> kbps</value></Data><Data name="IP"><value></value></Data><Data name="PHONE STATE"><value>I</value></Data><Data name="IMEI"><value></value></Data><Data name="SPEED"><value>21 km/h</value></Data><Data name="HEIGHT"><value>-2m</value></Data><Data name="ALTITUDE"><value>-2m</value></Data><Data name="LOCATION"><value>G</value></Data><Data name="ACCURACY"><value>3m</value></Data><Data name="DISTANCE"><value>-1m</value></Data><Data name="SITE BEARING"><value>1000deg</value></Data><Data name="ANTENNA BEARING"><value>1000deg</value></Data><Data name="CELLHEX"><value>12</value></Data><Data name="NODEHEX"><value>0</value></Data><Data name="LACHEX"><value>1</value></Data><Data name="RAWCELLID"><value>18</value></Data><Data name="TIME"><value>2026.08.19_12.17.47</value></Data><Data name="NEI1"><value></value></Data><Data name="NEI2"><value></value></Data><Data name="NEI3"><value></value></Data><Data name="NEI4"><value></value></Data><Data name="NEI5"><value></value></Data><Data name="NEI6"><value></value></Data></ExtendedData><Style><LabelStyle><scale>0.0</scale> </LabelStyle><IconStyle><color>FFF07800</color><scale>0.5</scale><Icon><href>http://maps.google.com/mapfiles/kml/shapes/shaded_dot.png</href></Icon></IconStyle></Style><Point><coordinates>-75.75807346,39.6656923,0</coordinates></Point></Placemark><Placemark><name>24 km/h</name><ExtendedData><Data name="CGI"><value>3150100000100018</value></Data><Data name="CELLNAME"><value></value></Data><Data name="CELLID"><value>18</value></Data><Data name="RNC"><value>0</value></Data><Data name="TAC"><value>1</value></Data><Data name="TECHNOLOGY"><value>5G SA</value></Data><Data name="MODE"><value>5G</value></Data><Data name="ARFCN"><value>644640</value></Data><Data name="BAND"><value></value></Data><Data name="BANDWIDTH"><value></value></Data><Data name="CA"><value>false</value></Data><Data name="NR state"><value></value></Data><Data name="RSRP"><value>-105 dBm</value></Data><Data name="RSRQ"><value>-11</value></Data><Data name="LAYER"><value>1</value></Data><Data name="PC"><value>2</value></Data><Data name="DL_BITRATE"><value> kbps</value></Data><Data name="UL_BITRATE"><value> kbps</value></Data><Data name="IP"><value></value></Data><Data name="PHONE STATE"><value>I</value></Data><Data name="IMEI"><value></value></Data><Data name="SPEED"><value>24 km/h</value></Data><Data name="HEIGHT"><value>-2m</value></Data><Data name="ALTITUDE"><value>-2m</value></Data><Data name="LOCATION"><value>G</value></Data><Data name="ACCURACY"><value>3m</value></Data><Data name="DISTANCE"><value>-1m</value></Data><Data name="SITE BEARING"><value>1000deg</value></Data><Data name="ANTENNA BEARING"><value>1000deg</value></Data><Data name="CELLHEX"><value>12</value></Data><Data name="NODEHEX"><value>0</value></Data><Data name="LACHEX"><value>1</value></Data><Data name="RAWCELLID"><value>18</value></Data><Data name="TIME"><value>2026.08.19_12.17.47</value></Data><Data name="NEI1"><value></value></Data><Data name="NEI2"><value></value></Data><Data name="NEI3"><value></value></Data><Data name="NEI4"><value></value></Data><Data name="NEI5"><value></value></Data><Data name="NEI6"><value></value></Data></ExtendedData><Style><LabelStyle><scale>0.0</scale> </LabelStyle><IconStyle><color>FFF07800</color><scale>0.5</scale><Icon><href>http://maps.google.com/mapfiles/kml/shapes/shaded_dot.png</href></Icon></IconStyle></Style><Point><coordinates>-75.75807109,39.66575703,0</coordinates></Point></Placemark><Placemark><name>24 km/h</name><ExtendedData><Data name="CGI"><value>3150100000100018</value></Data><Data name="CELLNAME"><value></value></Data><Data name="CELLID"><value>18</value></Data><Data name="RNC"><value>0</value></Data><Data name="TAC"><value>1</value></Data><Data name="TECHNOLOGY"><value>5G SA</value></Data><Data name="MODE"><value>5G</value></Data><Data name="ARFCN"><value>644640</value></Data><Data name="BAND"><value></value></Data><Data name="BANDWIDTH"><value></value></Data><Data name="CA"><value>false</value></Data><Data name="NR state"><value></value></Data><Data name="RSRP"><value>-105 dBm</value></Data><Data name="RSRQ"><value>-11</value></Data><Data name="LAYER"><value>1</value></Data><Data name="PC"><value>2</value></Data><Data name="DL_BITRATE"><value> kbps</value></Data><Data name="UL_BITRATE"><value> kbps</value></Data><Data name="IP"><value></value></Data><Data name="PHONE STATE"><value>I</value></Data><Data name="IMEI"><value></value></Data><Data name="SPEED"><value>24 km/h</value></Data><Data name="HEIGHT"><value>-2m</value></Data><Data name="ALTITUDE"><value>-2m</value></Data><Data name="LOCATION"><value>G</value></Data><Data name="ACCURACY"><value>3m</value></Data><Data name="DISTANCE"><value>-1m</value></Data><Data name="SITE BEARING"><value>1000deg</value></Data><Data name="ANTENNA BEARING"><value>1000deg</value></Data><Data name="CELLHEX"><value>12</value></Data><Data name="NODEHEX"><value>0</value></Data><Data name="LACHEX"><value>1</value></Data><Data name="RAWCELLID"><value>18</value></Data><Data name="TIME"><value>2026.08.19_12.17.48</value></Data><Data name="NEI1"><value></value></Data><Data name="NEI2"><value></value></Data><Data name="NEI3"><value></value></Data><Data name="NEI4"><value></value></Data><Data name="NEI5"><value></value></Data><Data name="NEI6"><value></value></Data></ExtendedData><Style><LabelStyle><scale>0.0</scale> </LabelStyle><IconStyle><color>FFF07800</color><scale>0.5</scale><Icon><href>http://maps.google.com/mapfiles/kml/shapes/shaded_dot.png</href></Icon></IconStyle></Style><Point><coordinates>-75.75807109,39.66575703,0</coordinates></Point></Placemark><Placemark><name>27 km/h</name><ExtendedData><Data name="CGI"><value>3150100000100018</value></Data><Data name="CELLNAME"><value></value></Data><Data name="CELLID"><value>18</value></Data><Data name="RNC"><value>0</value></Data><Data name="TAC"><value>1</value></Data><Data name="TECHNOLOGY"><value>5G SA</value></Data><Data name="MODE"><value>5G</value></Data><Data name="ARFCN"><value>644640</value></Data><Data name="BAND"><value></value></Data><Data name="BANDWIDTH"><value></value></Data><Data name="CA"><value>false</value></Data><Data name="NR state"><value></value></Data><Data name="RSRP"><value>-105 dBm</value></Data><Data name="RSRQ"><value>-11</value></Data><Data name="LAYER"><value>1</value></Data><Data name="PC"><value>2</value></Data><Data name="DL_BITRATE"><value> kbps</value></Data><Data name="UL_BITRATE"><value> kbps</value></Data><Data name="IP"><value></value></Data><Data name="PHONE STATE"><value>I</value></Data><Data name="IMEI"><value></value></Data><Data name="SPEED"><value>27 km/h</value></Data><Data name="HEIGHT"><value>-1m</value></Data><Data name="ALTITUDE"><value>-1m</value></Data><Data name="LOCATION"><value>G</value></Data><Data name="ACCURACY"><value>3m</value></Data><Data name="DISTANCE"><value>-1m</value></Data><Data name="SITE BEARING"><value>1000deg</value></Data><Data name="ANTENNA BEARING"><value>1000deg</value></Data><Data name="CELLHEX"><value>12</value></Data><Data name="NODEHEX"><value>0</value></Data><Data name="LACHEX"><value>1</value></Data><Data name="RAWCELLID"><value>18</value></Data><Data name="TIME"><value>2026.08.19_12.17.48</value></Data><Data name="NEI1"><value></value></Data><Data name="NEI2"><value></value></Data><Data name="NEI3"><value></value></Data><Data name="NEI4"><value></value></Data><Data name="NEI5"><value></value></Data><Data name="NEI6"><value></value></Data></ExtendedData><Style><LabelStyle><scale>0.0</scale> </LabelStyle><IconStyle><color>FFF07800</color><scale>0.5</scale><Icon><href>http://maps.google.com/mapfiles/kml/shapes/shaded_dot.png</href></Icon></IconStyle></Style><Point><coordinates>-75.75805227,39.66582565,0</coordinates></Point></Placemark><Placemark><name>27 km/h</name><ExtendedData><Data name="CGI"><value>3150100000100018</value></Data><Data name="CELLNAME"><value></value></Data><Data name="CELLID"><value>18</value></Data><Data name="RNC"><value>0</value></Data><Data name="TAC"><value>1</value></Data><Data name="TECHNOLOGY"><value>5G SA</value></Data><Data name="MODE"><value>5G</value></Data><Data name="ARFCN"><value>644640</value></Data><Data name="BAND"><value></value></Data><Data name="BANDWIDTH"><value></value></Data><Data name="CA"><value>false</value></Data><Data name="NR state"><value></value></Data><Data name="RSRP"><value>-105 dBm</value></Data><Data name="RSRQ"><value>-11</value></Data><Data name="LAYER"><value>1</value></Data><Data name="PC"><value>2</value></Data><Data name="DL_BITRATE"><value> kbps</value></Data><Data name="UL_BITRATE"><value> kbps</value></Data><Data name="IP"><value></value></Data><Data name="PHONE STATE"><value>I</value></Data><Data name="IMEI"><value></value></Data><Data name="SPEED"><value>27 km/h</value></Data><Data name="HEIGHT"><value>-1m</value></Data><Data name="ALTITUDE"><value>-1m</value></Data><Data name="LOCATION"><value>G</value></Data><Data name="ACCURACY"><value>3m</value></Data><Data name="DISTANCE"><value>-1m</value></Data><Data name="SITE BEARING"><value>1000deg</value></Data><Data name="ANTENNA BEARING"><value>1000deg</value></Data><Data name="CELLHEX"><value>12</value></Data><Data name="NODEHEX"><value>0</value></Data><Data name="LACHEX"><value>1</value></Data><Data name="RAWCELLID"><value>18</value></Data><Data name="TIME"><value>2026.08.19_12.17.49</value></Data><Data name="NEI1"><value></value></Data><Data name="NEI2"><value></value></Data><Data name="NEI3"><value></value></Data><Data name="NEI4"><value></value></Data><Data name="NEI5"><value></value></Data><Data name="NEI6"><value></value></Data></ExtendedData><Style><LabelStyle><scale>0.0</scale> </LabelStyle><IconStyle><color>FFF07800</color><scale>0.5</scale><Icon><href>http://maps.google.com/mapfiles/kml/shapes/shaded_dot.png</href></Icon></IconStyle></Style><Point><coordinates>-75.75805227,39.66582565,0</coordinates></Point></Placemark><Placemark><name>27 km/h</name><ExtendedData><Data name="CGI"><value>3150100000100018</value></Data><Data name="CELLNAME"><value></value></Data><Data name="CELLID"><value>18</value></Data><Data name="RNC"><value>0</value></Data><Data name="TAC"><value>1</value></Data><Data name="TECHNOLOGY"><value>5G SA</value></Data><Data name="MODE"><value>5G</value></Data><Data name="ARFCN"><value>644640</value></Data><Data name="BAND"><value></value></Data><Data name="BANDWIDTH"><value></value></Data><Data name="CA"><value>false</value></Data><Data name="NR state"><value></value></Data><Data name="RSRP"><value>-105 dBm</value></Data><Data name="RSRQ"><value>-11</value></Data><Data name="LAYER"><value>1</value></Data><Data name="PC"><value>2</value></Data><Data name="DL_BITRATE"><value> kbps</value></Data><Data name="UL_BITRATE"><value> kbps</value></Data><Data name="IP"><value></value></Data><Data name="PHONE STATE"><value>I</value></Data><Data name="IMEI"><value></value></Data><Data name="SPEED"><value>27 km/h</value></Data><Data name="HEIGHT"><value>-1m</value></Data><Data name="ALTITUDE"><value>-1m</value></Data><Data name="LOCATION"><value>G</value></Data><Data name="ACCURACY"><value>3m</value></Data><Data name="DISTANCE"><value>-1m</value></Data><Data name="SITE BEARING"><value>1000deg</value></Data><Data name="ANTENNA BEARING"><value>1000deg</value></Data><Data name="CELLHEX"><value>12</value></Data><Data name="NODEHEX"><value>0</value></Data><Data name="LACHEX"><value>1</value></Data><Data name="RAWCELLID"><value>18</value></Data><Data name="TIME"><value>2026.08.19_12.17.49</value></Data><Data name="NEI1"><value></value></Data><Data name="NEI2"><value></value></Data><Data name="NEI3"><value></value></Data><Data name="NEI4"><value></value></Data><Data name="NEI5"><value></value></Data><Data name="NEI6"><value></value></Data></ExtendedData><Style><LabelStyle><scale>0.0</scale> </LabelStyle><IconStyle><color>FFF07800</color><scale>0.5</scale><Icon><href>http://maps.google.com/mapfiles/kml/shapes/shaded_dot.png</href></Icon></IconStyle></Style><Point><coordinates>-75.75801256,39.66588903,0</coordinates></Point></Placemark><Placemark><name>27 km/h</name><ExtendedData><Data name="CGI"><value>3150100000100018</value></Data><Data name="CELLNAME"><value></value></Data><Data name="CELLID"><value>18</value></Data><Data name="RNC"><value>0</value></Data><Data name="TAC"><value>1</value></Data><Data name="TECHNOLOGY"><value>5G SA</value></Data><Data name="MODE"><value>5G</value></Data><Data name="ARFCN"><value>644640</value></Data><Data name="BAND"><value></value></Data><Data name="BANDWIDTH"><value></value></Data><Data name="CA"><value>false</value></Data><Data name="NR state"><value></value></Data><Data name="RSRP"><value>-105 dBm</value></Data><Data name="RSRQ"><value>-11</value></Data><Data name="LAYER"><value>1</value></Data><Data name="PC"><value>2</value></Data><Data name="DL_BITRATE"><value> kbps</value></Data><Data name="UL_BITRATE"><value> kbps</value></Data><Data name="IP"><value></value></Data><Data name="PHONE STATE"><value>I</value></Data><Data name="IMEI"><value></value></Data><Data name="SPEED"><value>27 km/h</value></Data><Data name="HEIGHT"><value>-1m</value></Data><Data name="ALTITUDE"><value>-1m</value></Data><Data name="LOCATION"><value>G</value></Data><Data name="ACCURACY"><value>3m</value></Data><Data name="DISTANCE"><value>-1m</value></Data><Data name="SITE BEARING"><value>1000deg</value></Data><Data name="ANTENNA BEARING"><value>1000deg</value></Data><Data name="CELLHEX"><value>12</value></Data><Data name="NODEHEX"><value>0</value></Data><Data name="LACHEX"><value>1</value></Data><Data name="RAWCELLID"><value>18</value></Data><Data name="TIME"><value>2026.08.19_12.17.50</value></Data><Data name="NEI1"><value></value></Data><Data name="NEI2"><value></value></Data><Data name="NEI3"><value></value></Data><Data name="NEI4"><value></value></Data><Data name="NEI5"><value></value></Data><Data name="NEI6"><value></value></Data></ExtendedData><Style><LabelStyle><scale>0.0</scale> </LabelStyle><IconStyle><color>FFF07800</color><scale>0.5</scale><Icon><href>http://maps.google.com/mapfiles/kml/shapes/shaded_dot.png</href></Icon></IconStyle></Style><Point><coordinates>-75.75801256,39.66588903,0</coordinates></Point></Placemark><Placemark><name>27 km/h</name><ExtendedData><Data name="CGI"><value>3150100000100018</value></Data><Data name="CELLNAME"><value></value></Data><Data name="CELLID"><value>18</value></Data><Data name="RNC"><value>0</value></Data><Data name="TAC"><value>1</value></Data><Data name="TECHNOLOGY"><value>5G SA</value></Data><Data name="MODE"><value>5G</value></Data><Data name="ARFCN"><value>644640</value></Data><Data name="BAND"><value></value></Data><Data name="BANDWIDTH"><value></value></Data><Data name="CA"><value>false</value></Data><Data name="NR state"><value></value></Data><Data name="RSRP"><value>-105 dBm</value></Data><Data name="RSRQ"><value>-11</value></Data><Data name="LAYER"><value>1</value></Data><Data name="PC"><value>2</value></Data><Data name="DL_BITRATE"><value> kbps</value></Data><Data name="UL_BITRATE"><value> kbps</value></Data><Data name="IP"><value></value></Data><Data name="PHONE STATE"><value>I</value></Data><Data name="IMEI"><value></value></Data><Data name="SPEED"><value>27 km/h</value></Data><Data name="HEIGHT"><value>-1m</value></Data><Data name="ALTITUDE"><value>-1m</value></Data><Data name="LOCATION"><value>G</value></Data><Data name="ACCURACY"><value>3m</value></Data><Data name="DISTANCE"><value>-1m</value></Data><Data name="SITE BEARING"><value>1000deg</value></Data><Data name="ANTENNA BEARING"><value>1000deg</value></Data><Data name="CELLHEX"><value>12</value></Data><Data name="NODEHEX"><value>0</value></Data><Data name="LACHEX"><value>1</value></Data><Data name="RAWCELLID"><value>18</value></Data><Data name="TIME"><value>2026.08.19_12.17.50</value></Data><Data name="NEI1"><value></value></Data><Data name="NEI2"><value></value></Data><Data name="NEI3"><value></value></Data><Data name="NEI4"><value></value></Data><Data name="NEI5"><value></value></Data><Data name="NEI6"><value></value></Data></ExtendedData><Style><LabelStyle><scale>0.0</scale> </LabelStyle><IconStyle><color>FFF07800</color><scale>0.5</scale><Icon><href>http://maps.google.com/mapfiles/kml/shapes/shaded_dot.png</href></Icon></IconStyle></Style><Point><coordinates>-75.75794565,39.66593516,0</coordinates></Point></Placemark><Placemark><name>27 km/h</name><ExtendedData><Data name="CGI"><value>3150100000100018</value></Data><Data name="CELLNAME"><value></value></Data><Data name="CELLID"><value>18</value></Data><Data name="RNC"><value>0</value></Data><Data name="TAC"><value>1</value></Data><Data name="TECHNOLOGY"><value>5G SA</value></Data><Data name="MODE"><value>5G</value></Data><Data name="ARFCN"><value>644640</value></Data><Data name="BAND"><value></value></Data><Data name="BANDWIDTH"><value></value></Data><Data name="CA"><value>false</value></Data><Data name="NR state"><value></value></Data><Data name="RSRP"><value>-105 dBm</value></Data><Data name="RSRQ"><value>-11</value></Data><Data name="LAYER"><value>1</value></Data><Data name="PC"><value>2</value></Data><Data name="DL_BITRATE"><value> kbps</value></Data><Data name="UL_BITRATE"><value> kbps</value></Data><Data name="IP"><value></value></Data><Data name="PHONE STATE"><value>I</value></Data><Data name="IMEI"><value></value></Data><Data name="SPEED"><value>27 km/h</value></Data><Data name="HEIGHT"><value>-1m</value></Data><Data name="ALTITUDE"><value>-1m</value></Data><Data name="LOCATION"><value>G</value></Data><Data name="ACCURACY"><value>3m</value></Data><Data name="DISTANCE"><value>-1m</value></Data><Data name="SITE BEARING"><value>1000deg</value></Data><Data name="ANTENNA BEARING"><value>1000deg</value></Data><Data name="CELLHEX"><value>12</value></Data><Data name="NODEHEX"><value>0</value></Data><Data name="LACHEX"><value>1</value></Data><Data name="RAWCELLID"><value>18</value></Data><Data name="TIME"><value>2026.08.19_12.17.51</value></Data><Data name="NEI1"><value></value></Data><Data name="NEI2"><value></value></Data><Data name="NEI3"><value></value></Data><Data name="NEI4"><value></value></Data><Data name="NEI5"><value></value></Data><Data name="NEI6"><value></value></Data></ExtendedData><Style><LabelStyle><scale>0.0</scale> </LabelStyle><IconStyle><color>FFF07800</color><scale>0.5</scale><Icon><href>http://maps.google.com/mapfiles/kml/shapes/shaded_dot.png</href></Icon></IconStyle></Style><Point><coordinates>-75.75794565,39.66593516,0</coordinates></Point></Placemark><Placemark><name>29 km/h</name><ExtendedData><Data name="CGI"><value>3150100000100018</value></Data><Data name="CELLNAME"><value></value></Data><Data name="CELLID"><value>18</value></Data><Data name="RNC"><value>0</value></Data><Data name="TAC"><value>1</value></Data><Data name="TECHNOLOGY"><value>5G SA</value></Data><Data name="MODE"><value>5G</value></Data><Data name="ARFCN"><value>644640</value></Data><Data name="BAND"><value></value></Data><Data name="BANDWIDTH"><value></value></Data><Data name="CA"><value>false</value></Data><Data name="NR state"><value></value></Data><Data name="RSRP"><value>-105 dBm</value></Data><Data name="RSRQ"><value>-11</value></Data><Data name="LAYER"><value>1</value></Data><Data name="PC"><value>2</value></Data><Data name="DL_BITRATE"><value> kbps</value></Data><Data name="UL_BITRATE"><value> kbps</value></Data><Data name="IP"><value></value></Data><Data name="PHONE STATE"><value>I</value></Data><Data name="IMEI"><value></value></Data><Data name="SPEED"><value>29 km/h</value></Data><Data name="HEIGHT"><value>-1m</value></Data><Data name="ALTITUDE"><value>-1m</value></Data><Data name="LOCATION"><value>G</value></Data><Data name="ACCURACY"><value>3m</value></Data><Data name="DISTANCE"><value>-1m</value></Data><Data name="SITE BEARING"><value>1000deg</value></Data><Data name="ANTENNA BEARING"><value>1000deg</value></Data><Data name="CELLHEX"><value>12</value></Data><Data name="NODEHEX"><value>0</value></Data><Data name="LACHEX"><value>1</value></Data><Data name="RAWCELLID"><value>18</value></Data><Data name="TIME"><value>2026.08.19_12.17.51</value></Data><Data name="NEI1"><value></value></Data><Data name="NEI2"><value></value></Data><Data name="NEI3"><value></value></Data><Data name="NEI4"><value></value></Data><Data name="NEI5"><value></value></Data><Data name="NEI6"><value></value></Data></ExtendedData><Style><LabelStyle><scale>0.0</scale> </LabelStyle><IconStyle><color>FFF07800</color><scale>0.5</scale><Icon><href>http://maps.google.com/mapfiles/kml/shapes/shaded_dot.png</href></Icon></IconStyle></Style><Point><coordinates>-75.75786205,39.66598441,0</coordinates></Point></Placemark><Placemark><name>29 km/h</name><ExtendedData><Data name="CGI"><value>3150100000100018</value></Data><Data name="CELLNAME"><value></value></Data><Data name="CELLID"><value>18</value></Data><Data name="RNC"><value>0</value></Data><Data name="TAC"><value>1</value></Data><Data name="TECHNOLOGY"><value>5G SA</value></Data><Data name="MODE"><value>5G</value></Data><Data name="ARFCN"><value>644640</value></Data><Data name="BAND"><value></value></Data><Data name="BANDWIDTH"><value></value></Data><Data name="CA"><value>false</value></Data><Data name="NR state"><value></value></Data><Data name="RSRP"><value>-105 dBm</value></Data><Data name="RSRQ"><value>-11</value></Data><Data name="LAYER"><value>1</value></Data><Data name="PC"><value>2</value></Data><Data name="DL_BITRATE"><value> kbps</value></Data><Data name="UL_BITRATE"><value> kbps</value></Data><Data name="IP"><value></value></Data><Data name="PHONE STATE"><value>I</value></Data><Data name="IMEI"><value></value></Data><Data name="SPEED"><value>29 km/h</value></Data><Data name="HEIGHT"><value>-1m</value></Data><Data name="ALTITUDE"><value>-1m</value></Data><Data name="LOCATION"><value>G</value></Data><Data name="ACCURACY"><value>3m</value></Data><Data name="DISTANCE"><value>-1m</value></Data><Data name="SITE BEARING"><value>1000deg</value></Data><Data name="ANTENNA BEARING"><value>1000deg</value></Data><Data name="CELLHEX"><value>12</value></Data><Data name="NODEHEX"><value>0</value></Data><Data name="LACHEX"><value>1</value></Data><Data name="RAWCELLID"><value>18</value></Data><Data name="TIME"><value>2026.08.19_12.17.52</value></Data><Data name="NEI1"><value></value></Data><Data name="NEI2"><value></value></Data><Data name="NEI3"><value></value></Data><Data name="NEI4"><value></value></Data><Data name="NEI5"><value></value></Data><Data name="NEI6"><value></value></Data></ExtendedData><Style><LabelStyle><scale>0.0</scale> </LabelStyle><IconStyle><color>FFF07800</color><scale>0.5</scale><Icon><href>http://maps.google.com/mapfiles/kml/shapes/shaded_dot.png</href></Icon></IconStyle></Style><Point><coordinates>-75.75786205,39.66598441,0</coordinates></Point></Placemark><Placemark><name>31 km/h</name><ExtendedData><Data name="CGI"><value>3150100000100018</value></Data><Data name="CELLNAME"><value></value></Data><Data name="CELLID"><value>18</value></Data><Data name="RNC"><value>0</value></Data><Data name="TAC"><value>1</value></Data><Data name="TECHNOLOGY"><value>5G SA</value></Data><Data name="MODE"><value>5G</value></Data><Data name="ARFCN"><value>644640</value></Data><Data name="BAND"><value></value></Data><Data name="BANDWIDTH"><value></value></Data><Data name="CA"><value>false</value></Data><Data name="NR state"><value></value></Data><Data name="RSRP"><value>-105 dBm</value></Data><Data name="RSRQ"><value>-11</value></Data><Data name="LAYER"><value>1</value></Data><Data name="PC"><value>2</value></Data><Data name="DL_BITRATE"><value> kbps</value></Data><Data name="UL_BITRATE"><value> kbps</value></Data><Data name="IP"><value></value></Data><Data name="PHONE STATE"><value>I</value></Data><Data name="IMEI"><value></value></Data><Data name="SPEED"><value>31 km/h</value></Data><Data name="HEIGHT"><value>-1m</value></Data><Data name="ALTITUDE"><value>-1m</value></Data><Data name="LOCATION"><value>G</value></Data><Data name="ACCURACY"><value>3m</value></Data><Data name="DISTANCE"><value>-1m</value></Data><Data name="SITE BEARING"><value>1000deg</value></Data><Data name="ANTENNA BEARING"><value>1000deg</value></Data><Data name="CELLHEX"><value>12</value></Data><Data name="NODEHEX"><value>0</value></Data><Data name="LACHEX"><value>1</value></Data><Data name="RAWCELLID"><value>18</value></Data><Data name="TIME"><value>2026.08.19_12.17.52</value></Data><Data name="NEI1"><value></value></Data><Data name="NEI2"><value></value></Data><Data name="NEI3"><value></value></Data><Data name="NEI4"><value></value></Data><Data name="NEI5"><value></value></Data><Data name="NEI6"><value></value></Data></ExtendedData><Style><LabelStyle><scale>0.0</scale> </LabelStyle><IconStyle><color>FFF07800</color><scale>0.5</scale><Icon><href>http://maps.google.com/mapfiles/kml/shapes/shaded_dot.png</href></Icon></IconStyle></Style><Point><coordinates>-75.75776937,39.6660224,0</coordinates></Point></Placemark><Placemark><name>31 km/h</name><ExtendedData><Data name="CGI"><value>3150100000100018</value></Data><Data name="CELLNAME"><value></value></Data><Data name="CELLID"><value>18</value></Data><Data name="RNC"><value>0</value></Data><Data name="TAC"><value>1</value></Data><Data name="TECHNOLOGY"><value>5G SA</value></Data><Data name="MODE"><value>5G</value></Data><Data name="ARFCN"><value>644640</value></Data><Data name="BAND"><value></value></Data><Data name="BANDWIDTH"><value></value></Data><Data name="CA"><value>false</value></Data><Data name="NR state"><value></value></Data><Data name="RSRP"><value>-105 dBm</value></Data><Data name="RSRQ"><value>-11</value></Data><Data name="LAYER"><value>1</value></Data><Data name="PC"><value>2</value></Data><Data name="DL_BITRATE"><value> kbps</value></Data><Data name="UL_BITRATE"><value> kbps</value></Data><Data name="IP"><value></value></Data><Data name="PHONE STATE"><value>I</value></Data><Data name="IMEI"><value></value></Data><Data name="SPEED"><value>31 km/h</value></Data><Data name="HEIGHT"><value>-1m</value></Data><Data name="ALTITUDE"><value>-1m</value></Data><Data name="LOCATION"><value>G</value></Data><Data name="ACCURACY"><value>3m</value></Data><Data name="DISTANCE"><value>-1m</value></Data><Data name="SITE BEARING"><value>1000deg</value></Data><Data name="ANTENNA BEARING"><value>1000deg</value></Data><Data name="CELLHEX"><value>12</value></Data><Data name="NODEHEX"><value>0</value></Data><Data name="LACHEX"><value>1</value></Data><Data name="RAWCELLID"><value>18</value></Data><Data name="TIME"><value>2026.08.19_12.17.53</value></Data><Data name="NEI1"><value></value></Data><Data name="NEI2"><value></value></Data><Data name="NEI3"><value></value></Data><Data name="NEI4"><value></value></Data><Data name="NEI5"><value></value></Data><Data name="NEI6"><value></value></Data></ExtendedData><Style><LabelStyle><scale>0.0</scale> </LabelStyle><IconStyle><color>FFF07800</color><scale>0.5</scale><Icon><href>http://maps.google.com/mapfiles/kml/shapes/shaded_dot.png</href></Icon></IconStyle></Style><Point><coordinates>-75.75776937,39.6660224,0</coordinates></Point></Placemark><Placemark><name>34 km/h</name><ExtendedData><Data name="CGI"><value>3150100000100018</value></Data><Data name="CELLNAME"><value></value></Data><Data name="CELLID"><value>18</value></Data><Data name="RNC"><value>0</value></Data><Data name="TAC"><value>1</value></Data><Data name="TECHNOLOGY"><value>5G SA</value></Data><Data name="MODE"><value>5G</value></Data><Data name="ARFCN"><value>644640</value></Data><Data name="BAND"><value></value></Data><Data name="BANDWIDTH"><value></value></Data><Data name="CA"><value>false</value></Data><Data name="NR state"><value></value></Data><Data name="RSRP"><value>-105 dBm</value></Data><Data name="RSRQ"><value>-11</value></Data><Data name="LAYER"><value>1</value></Data><Data name="PC"><value>2</value></Data><Data name="DL_BITRATE"><value> kbps</value></Data><Data name="UL_BITRATE"><value> kbps</value></Data><Data name="IP"><value></value></Data><Data name="PHONE STATE"><value>I</value></Data><Data name="IMEI"><value></value></Data><Data name="SPEED"><value>34 km/h</value></Data><Data name="HEIGHT"><value>-1m</value></Data><Data name="ALTITUDE"><value>-1m</value></Data><Data name="LOCATION"><value>G</value></Data><Data name="ACCURACY"><value>3m</value></Data><Data name="DISTANCE"><value>-1m</value></Data><Data name="SITE BEARING"><value>1000deg</value></Data><Data name="ANTENNA BEARING"><value>1000deg</value></Data><Data name="CELLHEX"><value>12</value></Data><Data name="NODEHEX"><value>0</value></Data><Data name="LACHEX"><value>1</value></Data><Data name="RAWCELLID"><value>18</value></Data><Data name="TIME"><value>2026.08.19_12.17.53</value></Data><Data name="NEI1"><value></value></Data><Data name="NEI2"><value></value></Data><Data name="NEI3"><value></value></Data><Data name="NEI4"><value></value></Data><Data name="NEI5"><value></value></Data><Data name="NEI6"><value></value></Data></ExtendedData><Style><LabelStyle><scale>0.0</scale> </LabelStyle><IconStyle><color>FFF07800</color><scale>0.5</scale><Icon><href>http://maps.google.com/mapfiles/kml/shapes/shaded_dot.png</href></Icon></IconStyle></Style><Point><coordinates>-75.75767012,39.66606486,0</coordinates></Point></Placemark><Placemark><name>34 km/h</name><ExtendedData><Data name="CGI"><value>3150100000100018</value></Data><Data name="CELLNAME"><value></value></Data><Data name="CELLID"><value>18</value></Data><Data name="RNC"><value>0</value></Data><Data name="TAC"><value>1</value></Data><Data name="TECHNOLOGY"><value>5G SA</value></Data><Data name="MODE"><value>5G</value></Data><Data name="ARFCN"><value>644640</value></Data><Data name="BAND"><value></value></Data><Data name="BANDWIDTH"><value></value></Data><Data name="CA"><value>false</value></Data><Data name="NR state"><value></value></Data><Data name="RSRP"><value>-105 dBm</value></Data><Data name="RSRQ"><value>-11</value></Data><Data name="LAYER"><value>1</value></Data><Data name="PC"><value>2</value></Data><Data name="DL_BITRATE"><value> kbps</value></Data><Data name="UL_BITRATE"><value> kbps</value></Data><Data name="IP"><value></value></Data><Data name="PHONE STATE"><value>I</value></Data><Data name="IMEI"><value></value></Data><Data name="SPEED"><value>34 km/h</value></Data><Data name="HEIGHT"><value>-1m</value></Data><Data name="ALTITUDE"><value>-1m</value></Data><Data name="LOCATION"><value>G</value></Data><Data name="ACCURACY"><value>3m</value></Data><Data name="DISTANCE"><value>-1m</value></Data><Data name="SITE BEARING"><value>1000deg</value></Data><Data name="ANTENNA BEARING"><value>1000deg</value></Data><Data name="CELLHEX"><value>12</value></Data><Data name="NODEHEX"><value>0</value></Data><Data name="LACHEX"><value>1</value></Data><Data name="RAWCELLID"><value>18</value></Data><Data name="TIME"><value>2026.08.19_12.17.54</value></Data><Data name="NEI1"><value></value></Data><Data name="NEI2"><value></value></Data><Data name="NEI3"><value></value></Data><Data name="NEI4"><value></value></Data><Data name="NEI5"><value></value></Data><Data name="NEI6"><value></value></Data></ExtendedData><Style><LabelStyle><scale>0.0</scale> </LabelStyle><IconStyle><color>FFF07800</color><scale>0.5</scale><Icon><href>http://maps.google.com/mapfiles/kml/shapes/shaded_dot.png</href></Icon></IconStyle></Style><Point><coordinates>-75.75767012,39.66606486,0</coordinates></Point></Placemark><Placemark><name>36 km/h</name><ExtendedData><Data name="CGI"><value>3150100000100018</value></Data><Data name="CELLNAME"><value></value></Data><Data name="CELLID"><value>18</value></Data><Data name="RNC"><value>0</value></Data><Data name="TAC"><value>1</value></Data><Data name="TECHNOLOGY"><value>5G SA</value></Data><Data name="MODE"><value>5G</value></Data><Data name="ARFCN"><value>644640</value></Data><Data name="BAND"><value></value></Data><Data name="BANDWIDTH"><value></value></Data><Data name="CA"><value>false</value></Data><Data name="NR state"><value></value></Data><Data name="RSRP"><value>-105 dBm</value></Data><Data name="RSRQ"><value>-11</value></Data><Data name="LAYER"><value>1</value></Data><Data name="PC"><value>2</value></Data><Data name="DL_BITRATE"><value> kbps</value></Data><Data name="UL_BITRATE"><value> kbps</value></Data><Data name="IP"><value></value></Data><Data name="PHONE STATE"><value>I</value></Data><Data name="IMEI"><value></value></Data><Data name="SPEED"><value>36 km/h</value></Data><Data name="HEIGHT"><value>-1m</value></Data><Data name="ALTITUDE"><value>-1m</value></Data><Data name="LOCATION"><value>G</value></Data><Data name="ACCURACY"><value>3m</value></Data><Data name="DISTANCE"><value>-1m</value></Data><Data name="SITE BEARING"><value>1000deg</value></Data><Data name="ANTENNA BEARING"><value>1000deg</value></Data><Data name="CELLHEX"><value>12</value></Data><Data name="NODEHEX"><value>0</value></Data><Data name="LACHEX"><value>1</value></Data><Data name="RAWCELLID"><value>18</value></Data><Data name="TIME"><value>2026.08.19_12.17.54</value></Data><Data name="NEI1"><value></value></Data><Data name="NEI2"><value></value></Data><Data name="NEI3"><value></value></Data><Data name="NEI4"><value></value></Data><Data name="NEI5"><value></value></Data><Data name="NEI6"><value></value></Data></ExtendedData><Style><LabelStyle><scale>0.0</scale> </LabelStyle><IconStyle><color>FFF07800</color><scale>0.5</scale><Icon><href>http://maps.google.com/mapfiles/kml/shapes/shaded_dot.png</href></Icon></IconStyle></Style><Point><coordinates>-75.75756721,39.66610781,0</coordinates></Point></Placemark><Placemark><name>36 km/h</name><ExtendedData><Data name="CGI"><value>3150100000100018</value></Data><Data name="CELLNAME"><value></value></Data><Data name="CELLID"><value>18</value></Data><Data name="RNC"><value>0</value></Data><Data name="TAC"><value>1</value></Data><Data name="TECHNOLOGY"><value>5G SA</value></Data><Data name="MODE"><value>5G</value></Data><Data name="ARFCN"><value>644640</value></Data><Data name="BAND"><value></value></Data><Data name="BANDWIDTH"><value></value></Data><Data name="CA"><value>false</value></Data><Data name="NR state"><value></value></Data><Data name="RSRP"><value>-105 dBm</value></Data><Data name="RSRQ"><value>-11</value></Data><Data name="LAYER"><value>1</value></Data><Data name="PC"><value>2</value></Data><Data name="DL_BITRATE"><value> kbps</value></Data><Data name="UL_BITRATE"><value> kbps</value></Data><Data name="IP"><value></value></Data><Data name="PHONE STATE"><value>I</value></Data><Data name="IMEI"><value></value></Data><Data name="SPEED"><value>36 km/h</value></Data><Data name="HEIGHT"><value>-1m</value></Data><Data name="ALTITUDE"><value>-1m</value></Data><Data name="LOCATION"><value>G</value></Data><Data name="ACCURACY"><value>3m</value></Data><Data name="DISTANCE"><value>-1m</value></Data><Data name="SITE BEARING"><value>1000deg</value></Data><Data name="ANTENNA BEARING"><value>1000deg</value></Data><Data name="CELLHEX"><value>12</value></Data><Data name="NODEHEX"><value>0</value></Data><Data name="LACHEX"><value>1</value></Data><Data name="RAWCELLID"><value>18</value></Data><Data name="TIME"><value>2026.08.19_12.17.55</value></Data><Data name="NEI1"><value></value></Data><Data name="NEI2"><value></value></Data><Data name="NEI3"><value></value></Data><Data name="NEI4"><value></value></Data><Data name="NEI5"><value></value></Data><Data name="NEI6"><value></value></Data></ExtendedData><Style><LabelStyle><scale>0.0</scale> </LabelStyle><IconStyle><color>FFF07800</color><scale>0.5</scale><Icon><href>http://maps.google.com/mapfiles/kml/shapes/shaded_dot.png</href></Icon></IconStyle></Style><Point><coordinates>-75.75756721,39.66610781,0</coordinates></Point></Placemark><Placemark><name>36 km/h</name><ExtendedData><Data name="CGI"><value>3150100000100018</value></Data><Data name="CELLNAME"><value></value></Data><Data name="CELLID"><value>18</value></Data><Data name="RNC"><value>0</value></Data><Data name="TAC"><value>1</value></Data><Data name="TECHNOLOGY"><value>5G SA</value></Data><Data name="MODE"><value>5G</value></Data><Data name="ARFCN"><value>644640</value></Data><Data name="BAND"><value></value></Data><Data name="BANDWIDTH"><value></value></Data><Data name="CA"><value>false</value></Data><Data name="NR state"><value></value></Data><Data name="RSRP"><value>-105 dBm</value></Data><Data name="RSRQ"><value>-11</value></Data><Data name="LAYER"><value>1</value></Data><Data name="PC"><value>2</value></Data><Data name="DL_BITRATE"><value> kbps</value></Data><Data name="UL_BITRATE"><value> kbps</value></Data><Data name="IP"><value></value></Data><Data name="PHONE STATE"><value>I</value></Data><Data name="IMEI"><value></value></Data><Data name="SPEED"><value>36 km/h</value></Data><Data name="HEIGHT"><value>-1m</value></Data><Data name="ALTITUDE"><value>-1m</value></Data><Data name="LOCATION"><value>G</value></Data><Data name="ACCURACY"><value>3m</value></Data><Data name="DISTANCE"><value>-1m</value></Data><Data name="SITE BEARING"><value>1000deg</value></Data><Data name="ANTENNA BEARING"><value>1000deg</value></Data><Data name="CELLHEX"><value>12</value></Data><Data name="NODEHEX"><value>0</value></Data><Data name="LACHEX"><value>1</value></Data><Data name="RAWCELLID"><value>18</value></Data><Data name="TIME"><value>2026.08.19_12.17.55</value></Data><Data name="NEI1"><value></value></Data><Data name="NEI2"><value></value></Data><Data name="NEI3"><value></value></Data><Data name="NEI4"><value></value></Data><Data name="NEI5"><value></value></Data><Data name="NEI6"><value></value></Data></ExtendedData><Style><LabelStyle><scale>0.0</scale> </LabelStyle><IconStyle><color>FFF07800</color><scale>0.5</scale><Icon><href>http://maps.google.com/mapfiles/kml/shapes/shaded_dot.png</href></Icon></IconStyle></Style><Point><coordinates>-75.75746066,39.66614849,0</coordinates></Point></Placemark><Placemark><name>36 km/h</name><ExtendedData><Data name="CGI"><value>3150100000100018</value></Data><Data name="CELLNAME"><value></value></Data><Data name="CELLID"><value>18</value></Data><Data name="RNC"><value>0</value></Data><Data name="TAC"><value>1</value></Data><Data name="TECHNOLOGY"><value>5G SA</value></Data><Data name="MODE"><value>5G</value></Data><Data name="ARFCN"><value>644640</value></Data><Data name="BAND"><value></value></Data><Data name="BANDWIDTH"><value></value></Data><Data name="CA"><value>false</value></Data><Data name="NR state"><value></value></Data><Data name="RSRP"><value>-105 dBm</value></Data><Data name="RSRQ"><value>-11</value></Data><Data name="LAYER"><value>1</value></Data><Data name="PC"><value>2</value></Data><Data name="DL_BITRATE"><value> kbps</value></Data><Data name="UL_BITRATE"><value> kbps</value></Data><Data name="IP"><value></value></Data><Data name="PHONE STATE"><value>I</value></Data><Data name="IMEI"><value></value></Data><Data name="SPEED"><value>36 km/h</value></Data><Data name="HEIGHT"><value>-1m</value></Data><Data name="ALTITUDE"><value>-1m</value></Data><Data name="LOCATION"><value>G</value></Data><Data name="ACCURACY"><value>3m</value></Data><Data name="DISTANCE"><value>-1m</value></Data><Data name="SITE BEARING"><value>1000deg</value></Data><Data name="ANTENNA BEARING"><value>1000deg</value></Data><Data name="CELLHEX"><value>12</value></Data><Data name="NODEHEX"><value>0</value></Data><Data name="LACHEX"><value>1</value></Data><Data name="RAWCELLID"><value>18</value></Data><Data name="TIME"><value>2026.08.19_12.17.56</value></Data><Data name="NEI1"><value></value></Data><Data name="NEI2"><value></value></Data><Data name="NEI3"><value></value></Data><Data name="NEI4"><value></value></Data><Data name="NEI5"><value></value></Data><Data name="NEI6"><value></value></Data></ExtendedData><Style><LabelStyle><scale>0.0</scale> </LabelStyle><IconStyle><color>FFF07800</color><scale>0.5</scale><Icon><href>http://maps.google.com/mapfiles/kml/shapes/shaded_dot.png</href></Icon></IconStyle></Style><Point><coordinates>-75.75746066,39.66614849,0</coordinates></Point></Placemark><Placemark><name>35 km/h</name><ExtendedData><Data name="CGI"><value>3150100000100018</value></Data><Data name="CELLNAME"><value></value></Data><Data name="CELLID"><value>18</value></Data><Data name="RNC"><value>0</value></Data><Data name="TAC"><value>1</value></Data><Data name="TECHNOLOGY"><value>5G SA</value></Data><Data name="MODE"><value>5G</value></Data><Data name="ARFCN"><value>644640</value></Data><Data name="BAND"><value></value></Data><Data name="BANDWIDTH"><value></value></Data><Data name="CA"><value>false</value></Data><Data name="NR state"><value></value></Data><Data name="RSRP"><value>-105 dBm</value></Data><Data name="RSRQ"><value>-11</value></Data><Data name="LAYER"><value>1</value></Data><Data name="PC"><value>2</value></Data><Data name="DL_BITRATE"><value> kbps</value></Data><Data name="UL_BITRATE"><value> kbps</value></Data><Data name="IP"><value></value></Data><Data name="PHONE STATE"><value>I</value></Data><Data name="IMEI"><value></value></Data><Data name="SPEED"><value>35 km/h</value></Data><Data name="HEIGHT"><value>-2m</value></Data><Data name="ALTITUDE"><value>-2m</value></Data><Data name="LOCATION"><value>G</value></Data><Data name="ACCURACY"><value>3m</value></Data><Data name="DISTANCE"><value>-1m</value></Data><Data name="SITE BEARING"><value>1000deg</value></Data><Data name="ANTENNA BEARING"><value>1000deg</value></Data><Data name="CELLHEX"><value>12</value></Data><Data name="NODEHEX"><value>0</value></Data><Data name="LACHEX"><value>1</value></Data><Data name="RAWCELLID"><value>18</value></Data><Data name="TIME"><value>2026.08.19_12.17.56</value></Data><Data name="NEI1"><value></value></Data><Data name="NEI2"><value></value></Data><Data name="NEI3"><value></value></Data><Data name="NEI4"><value></value></Data><Data name="NEI5"><value></value></Data><Data name="NEI6"><value></value></Data></ExtendedData><Style><LabelStyle><scale>0.0</scale> </LabelStyle><IconStyle><color>FFF07800</color><scale>0.5</scale><Icon><href>http://maps.google.com/mapfiles/kml/shapes/shaded_dot.png</href></Icon></IconStyle></Style><Point><coordinates>-75.7573516,39.66618881,0</coordinates></Point></Placemark><Placemark><name>35 km/h</name><ExtendedData><Data name="CGI"><value>3150100000100018</value></Data><Data name="CELLNAME"><value></value></Data><Data name="CELLID"><value>18</value></Data><Data name="RNC"><value>0</value></Data><Data name="TAC"><value>1</value></Data><Data name="TECHNOLOGY"><value>5G SA</value></Data><Data name="MODE"><value>5G</value></Data><Data name="ARFCN"><value>644640</value></Data><Data name="BAND"><value></value></Data><Data name="BANDWIDTH"><value></value></Data><Data name="CA"><value>false</value></Data><Data name="NR state"><value></value></Data><Data name="RSRP"><value>-105 dBm</value></Data><Data name="RSRQ"><value>-11</value></Data><Data name="LAYER"><value>1</value></Data><Data name="PC"><value>2</value></Data><Data name="DL_BITRATE"><value> kbps</value></Data><Data name="UL_BITRATE"><value> kbps</value></Data><Data name="IP"><value></value></Data><Data name="PHONE STATE"><value>I</value></Data><Data name="IMEI"><value></value></Data><Data name="SPEED"><value>35 km/h</value></Data><Data name="HEIGHT"><value>-2m</value></Data><Data name="ALTITUDE"><value>-2m</value></Data><Data name="LOCATION"><value>G</value></Data><Data name="ACCURACY"><value>3m</value></Data><Data name="DISTANCE"><value>-1m</value></Data><Data name="SITE BEARING"><value>1000deg</value></Data><Data name="ANTENNA BEARING"><value>1000deg</value></Data><Data name="CELLHEX"><value>12</value></Data><Data name="NODEHEX"><value>0</value></Data><Data name="LACHEX"><value>1</value></Data><Data name="RAWCELLID"><value>18</value></Data><Data name="TIME"><value>2026.08.19_12.17.57</value></Data><Data name="NEI1"><value></value></Data><Data name="NEI2"><value></value></Data><Data name="NEI3"><value></value></Data><Data name="NEI4"><value></value></Data><Data name="NEI5"><value></value></Data><Data name="NEI6"><value></value></Data></ExtendedData><Style><LabelStyle><scale>0.0</scale> </LabelStyle><IconStyle><color>FFF07800</color><scale>0.5</scale><Icon><href>http://maps.google.com/mapfiles/kml/shapes/shaded_dot.png</href></Icon></IconStyle></Style><Point><coordinates>-75.7573516,39.66618881,0</coordinates></Point></Placemark><Placemark><name>33 km/h</name><ExtendedData><Data name="CGI"><value>3150100000100018</value></Data><Data name="CELLNAME"><value></value></Data><Data name="CELLID"><value>18</value></Data><Data name="RNC"><value>0</value></Data><Data name="TAC"><value>1</value></Data><Data name="TECHNOLOGY"><value>5G SA</value></Data><Data name="MODE"><value>5G</value></Data><Data name="ARFCN"><value>644640</value></Data><Data name="BAND"><value></value></Data><Data name="BANDWIDTH"><value></value></Data><Data name="CA"><value>false</value></Data><Data name="NR state"><value></value></Data><Data name="RSRP"><value>-105 dBm</value></Data><Data name="RSRQ"><value>-11</value></Data><Data name="LAYER"><value>1</value></Data><Data name="PC"><value>2</value></Data><Data name="DL_BITRATE"><value> kbps</value></Data><Data name="UL_BITRATE"><value> kbps</value></Data><Data name="IP"><value></value></Data><Data name="PHONE STATE"><value>I</value></Data><Data name="IMEI"><value></value></Data><Data name="SPEED"><value>33 km/h</value></Data><Data name="HEIGHT"><value>-2m</value></Data><Data name="ALTITUDE"><value>-2m</value></Data><Data name="LOCATION"><value>G</value></Data><Data name="ACCURACY"><value>3m</value></Data><Data name="DISTANCE"><value>-1m</value></Data><Data name="SITE BEARING"><value>1000deg</value></Data><Data name="ANTENNA BEARING"><value>1000deg</value></Data><Data name="CELLHEX"><value>12</value></Data><Data name="NODEHEX"><value>0</value></Data><Data name="LACHEX"><value>1</value></Data><Data name="RAWCELLID"><value>18</value></Data><Data name="TIME"><value>2026.08.19_12.17.57</value></Data><Data name="NEI1"><value></value></Data><Data name="NEI2"><value></value></Data><Data name="NEI3"><value></value></Data><Data name="NEI4"><value></value></Data><Data name="NEI5"><value></value></Data><Data name="NEI6"><value></value></Data></ExtendedData><Style><LabelStyle><scale>0.0</scale> </LabelStyle><IconStyle><color>FFF07800</color><scale>0.5</scale><Icon><href>http://maps.google.com/mapfiles/kml/shapes/shaded_dot.png</href></Icon></IconStyle></Style><Point><coordinates>-75.75724765,39.66622604,0</coordinates></Point></Placemark><Placemark><name>33 km/h</name><ExtendedData><Data name="CGI"><value>3150100000100018</value></Data><Data name="CELLNAME"><value></value></Data><Data name="CELLID"><value>18</value></Data><Data name="RNC"><value>0</value></Data><Data name="TAC"><value>1</value></Data><Data name="TECHNOLOGY"><value>5G SA</value></Data><Data name="MODE"><value>5G</value></Data><Data name="ARFCN"><value>644640</value></Data><Data name="BAND"><value></value></Data><Data name="BANDWIDTH"><value></value></Data><Data name="CA"><value>false</value></Data><Data name="NR state"><value></value></Data><Data name="RSRP"><value>-105 dBm</value></Data><Data name="RSRQ"><value>-11</value></Data><Data name="LAYER"><value>1</value></Data><Data name="PC"><value>2</value></Data><Data name="DL_BITRATE"><value> kbps</value></Data><Data name="UL_BITRATE"><value> kbps</value></Data><Data name="IP"><value></value></Data><Data name="PHONE STATE"><value>I</value></Data><Data name="IMEI"><value></value></Data><Data name="SPEED"><value>33 km/h</value></Data><Data name="HEIGHT"><value>-2m</value></Data><Data name="ALTITUDE"><value>-2m</value></Data><Data name="LOCATION"><value>G</value></Data><Data name="ACCURACY"><value>3m</value></Data><Data name="DISTANCE"><value>-1m</value></Data><Data name="SITE BEARING"><value>1000deg</value></Data><Data name="ANTENNA BEARING"><value>1000deg</value></Data><Data name="CELLHEX"><value>12</value></Data><Data name="NODEHEX"><value>0</value></Data><Data name="LACHEX"><value>1</value></Data><Data name="RAWCELLID"><value>18</value></Data><Data name="TIME"><value>2026.08.19_12.17.58</value></Data><Data name="NEI1"><value></value></Data><Data name="NEI2"><value></value></Data><Data name="NEI3"><value></value></Data><Data name="NEI4"><value></value></Data><Data name="NEI5"><value></value></Data><Data name="NEI6"><value></value></Data></ExtendedData><Style><LabelStyle><scale>0.0</scale> </LabelStyle><IconStyle><color>FFF07800</color><scale>0.5</scale><Icon><href>http://maps.google.com/mapfiles/kml/shapes/shaded_dot.png</href></Icon></IconStyle></Style><Point><coordinates>-75.75724765,39.66622604,0</coordinates></Point></Placemark><Placemark><name>33 km/h</name><ExtendedData><Data name="CGI"><value>3150100000100018</value></Data><Data name="CELLNAME"><value></value></Data><Data name="CELLID"><value>18</value></Data><Data name="RNC"><value>0</value></Data><Data name="TAC"><value>1</value></Data><Data name="TECHNOLOGY"><value>5G SA</value></Data><Data name="MODE"><value>5G</value></Data><Data name="ARFCN"><value>644640</value></Data><Data name="BAND"><value></value></Data><Data name="BANDWIDTH"><value></value></Data><Data name="CA"><value>false</value></Data><Data name="NR state"><value></value></Data><Data name="RSRP"><value>-105 dBm</value></Data><Data name="RSRQ"><value>-11</value></Data><Data name="LAYER"><value>1</value></Data><Data name="PC"><value>2</value></Data><Data name="DL_BITRATE"><value> kbps</value></Data><Data name="UL_BITRATE"><value> kbps</value></Data><Data name="IP"><value></value></Data><Data name="PHONE STATE"><value>I</value></Data><Data name="IMEI"><value></value></Data><Data name="SPEED"><value>33 km/h</value></Data><Data name="HEIGHT"><value>-3m</value></Data><Data name="ALTITUDE"><value>-3m</value></Data><Data name="LOCATION"><value>G</value></Data><Data name="ACCURACY"><value>3m</value></Data><Data name="DISTANCE"><value>-1m</value></Data><Data name="SITE BEARING"><value>1000deg</value></Data><Data name="ANTENNA BEARING"><value>1000deg</value></Data><Data name="CELLHEX"><value>12</value></Data><Data name="NODEHEX"><value>0</value></Data><Data name="LACHEX"><value>1</value></Data><Data name="RAWCELLID"><value>18</value></Data><Data name="TIME"><value>2026.08.19_12.17.58</value></Data><Data name="NEI1"><value></value></Data><Data name="NEI2"><value></value></Data><Data name="NEI3"><value></value></Data><Data name="NEI4"><value></value></Data><Data name="NEI5"><value></value></Data><Data name="NEI6"><value></value></Data></ExtendedData><Style><LabelStyle><scale>0.0</scale> </LabelStyle><IconStyle><color>FFF07800</color><scale>0.5</scale><Icon><href>http://maps.google.com/mapfiles/kml/shapes/shaded_dot.png</href></Icon></IconStyle></Style><Point><coordinates>-75.75714415,39.66626373,0</coordinates></Point></Placemark><Placemark><name>33 km/h</name><ExtendedData><Data name="CGI"><value>3150100000100018</value></Data><Data name="CELLNAME"><value></value></Data><Data name="CELLID"><value>18</value></Data><Data name="RNC"><value>0</value></Data><Data name="TAC"><value>1</value></Data><Data name="TECHNOLOGY"><value>5G SA</value></Data><Data name="MODE"><value>5G</value></Data><Data name="ARFCN"><value>644640</value></Data><Data name="BAND"><value></value></Data><Data name="BANDWIDTH"><value></value></Data><Data name="CA"><value>false</value></Data><Data name="NR state"><value></value></Data><Data name="RSRP"><value>-105 dBm</value></Data><Data name="RSRQ"><value>-11</value></Data><Data name="LAYER"><value>1</value></Data><Data name="PC"><value>2</value></Data><Data name="DL_BITRATE"><value> kbps</value></Data><Data name="UL_BITRATE"><value> kbps</value></Data><Data name="IP"><value></value></Data><Data name="PHONE STATE"><value>I</value></Data><Data name="IMEI"><value></value></Data><Data name="SPEED"><value>33 km/h</value></Data><Data name="HEIGHT"><value>-3m</value></Data><Data name="ALTITUDE"><value>-3m</value></Data><Data name="LOCATION"><value>G</value></Data><Data name="ACCURACY"><value>3m</value></Data><Data name="DISTANCE"><value>-1m</value></Data><Data name="SITE BEARING"><value>1000deg</value></Data><Data name="ANTENNA BEARING"><value>1000deg</value></Data><Data name="CELLHEX"><value>12</value></Data><Data name="NODEHEX"><value>0</value></Data><Data name="LACHEX"><value>1</value></Data><Data name="RAWCELLID"><value>18</value></Data><Data name="TIME"><value>2026.08.19_12.17.59</value></Data><Data name="NEI1"><value></value></Data><Data name="NEI2"><value></value></Data><Data name="NEI3"><value></value></Data><Data name="NEI4"><value></value></Data><Data name="NEI5"><value></value></Data><Data name="NEI6"><value></value></Data></ExtendedData><Style><LabelStyle><scale>0.0</scale> </LabelStyle><IconStyle><color>FFF07800</color><scale>0.5</scale><Icon><href>http://maps.google.com/mapfiles/kml/shapes/shaded_dot.png</href></Icon></IconStyle></Style><Point><coordinates>-75.75714415,39.66626373,0</coordinates></Point></Placemark><Placemark><name>32 km/h</name><ExtendedData><Data name="CGI"><value>3150100000100018</value></Data><Data name="CELLNAME"><value></value></Data><Data name="CELLID"><value>18</value></Data><Data name="RNC"><value>0</value></Data><Data name="TAC"><value>1</value></Data><Data name="TECHNOLOGY"><value>5G SA</value></Data><Data name="MODE"><value>5G</value></Data><Data name="ARFCN"><value>644640</value></Data><Data name="BAND"><value></value></Data><Data name="BANDWIDTH"><value></value></Data><Data name="CA"><value>false</value></Data><Data name="NR state"><value></value></Data><Data name="RSRP"><value>-105 dBm</value></Data><Data name="RSRQ"><value>-11</value></Data><Data name="LAYER"><value>1</value></Data><Data name="PC"><value>2</value></Data><Data name="DL_BITRATE"><value> kbps</value></Data><Data name="UL_BITRATE"><value> kbps</value></Data><Data name="IP"><value></value></Data><Data name="PHONE STATE"><value>I</value></Data><Data name="IMEI"><value></value></Data><Data name="SPEED"><value>32 km/h</value></Data><Data name="HEIGHT"><value>-3m</value></Data><Data name="ALTITUDE"><value>-3m</value></Data><Data name="LOCATION"><value>G</value></Data><Data name="ACCURACY"><value>3m</value></Data><Data name="DISTANCE"><value>-1m</value></Data><Data name="SITE BEARING"><value>1000deg</value></Data><Data name="ANTENNA BEARING"><value>1000deg</value></Data><Data name="CELLHEX"><value>12</value></Data><Data name="NODEHEX"><value>0</value></Data><Data name="LACHEX"><value>1</value></Data><Data name="RAWCELLID"><value>18</value></Data><Data name="TIME"><value>2026.08.19_12.17.59</value></Data><Data name="NEI1"><value></value></Data><Data name="NEI2"><value></value></Data><Data name="NEI3"><value></value></Data><Data name="NEI4"><value></value></Data><Data name="NEI5"><value></value></Data><Data name="NEI6"><value></value></Data></ExtendedData><Style><LabelStyle><scale>0.0</scale> </LabelStyle><IconStyle><color>FFF07800</color><scale>0.5</scale><Icon><href>http://maps.google.com/mapfiles/kml/shapes/shaded_dot.png</href></Icon></IconStyle></Style><Point><coordinates>-75.75704724,39.66630227,0</coordinates></Point></Placemark><Placemark><name>32 km/h</name><ExtendedData><Data name="CGI"><value>3150100000100018</value></Data><Data name="CELLNAME"><value></value></Data><Data name="CELLID"><value>18</value></Data><Data name="RNC"><value>0</value></Data><Data name="TAC"><value>1</value></Data><Data name="TECHNOLOGY"><value>5G SA</value></Data><Data name="MODE"><value>5G</value></Data><Data name="ARFCN"><value>644640</value></Data><Data name="BAND"><value></value></Data><Data name="BANDWIDTH"><value></value></Data><Data name="CA"><value>false</value></Data><Data name="NR state"><value></value></Data><Data name="RSRP"><value>-105 dBm</value></Data><Data name="RSRQ"><value>-11</value></Data><Data name="LAYER"><value>1</value></Data><Data name="PC"><value>2</value></Data><Data name="DL_BITRATE"><value> kbps</value></Data><Data name="UL_BITRATE"><value> kbps</value></Data><Data name="IP"><value></value></Data><Data name="PHONE STATE"><value>I</value></Data><Data name="IMEI"><value></value></Data><Data name="SPEED"><value>32 km/h</value></Data><Data name="HEIGHT"><value>-3m</value></Data><Data name="ALTITUDE"><value>-3m</value></Data><Data name="LOCATION"><value>G</value></Data><Data name="ACCURACY"><value>3m</value></Data><Data name="DISTANCE"><value>-1m</value></Data><Data name="SITE BEARING"><value>1000deg</value></Data><Data name="ANTENNA BEARING"><value>1000deg</value></Data><Data name="CELLHEX"><value>12</value></Data><Data name="NODEHEX"><value>0</value></Data><Data name="LACHEX"><value>1</value></Data><Data name="RAWCELLID"><value>18</value></Data><Data name="TIME"><value>2026.08.19_12.18.00</value></Data><Data name="NEI1"><value></value></Data><Data name="NEI2"><value></value></Data><Data name="NEI3"><value></value></Data><Data name="NEI4"><value></value></Data><Data name="NEI5"><value></value></Data><Data name="NEI6"><value></value></Data></ExtendedData><Style><LabelStyle><scale>0.0</scale> </LabelStyle><IconStyle><color>FFF07800</color><scale>0.5</scale><Icon><href>http://maps.google.com/mapfiles/kml/shapes/shaded_dot.png</href></Icon></IconStyle></Style><Point><coordinates>-75.75704724,39.66630227,0</coordinates></Point></Placemark><Placemark><name>32 km/h</name><ExtendedData><Data name="CGI"><value>3150100000100018</value></Data><Data name="CELLNAME"><value></value></Data><Data name="CELLID"><value>18</value></Data><Data name="RNC"><value>0</value></Data><Data name="TAC"><value>1</value></Data><Data name="TECHNOLOGY"><value>5G SA</value></Data><Data name="MODE"><value>5G</value></Data><Data name="ARFCN"><value>644640</value></Data><Data name="BAND"><value></value></Data><Data name="BANDWIDTH"><value></value></Data><Data name="CA"><value>false</value></Data><Data name="NR state"><value></value></Data><Data name="RSRP"><value>-105 dBm</value></Data><Data name="RSRQ"><value>-11</value></Data><Data name="LAYER"><value>1</value></Data><Data name="PC"><value>2</value></Data><Data name="DL_BITRATE"><value> kbps</value></Data><Data name="UL_BITRATE"><value> kbps</value></Data><Data name="IP"><value></value></Data><Data name="PHONE STATE"><value>I</value></Data><Data name="IMEI"><value></value></Data><Data name="SPEED"><value>32 km/h</value></Data><Data name="HEIGHT"><value>-2m</value></Data><Data name="ALTITUDE"><value>-2m</value></Data><Data name="LOCATION"><value>G</value></Data><Data name="ACCURACY"><value>3m</value></Data><Data name="DISTANCE"><value>-1m</value></Data><Data name="SITE BEARING"><value>1000deg</value></Data><Data name="ANTENNA BEARING"><value>1000deg</value></Data><Data name="CELLHEX"><value>12</value></Data><Data name="NODEHEX"><value>0</value></Data><Data name="LACHEX"><value>1</value></Data><Data name="RAWCELLID"><value>18</value></Data><Data name="TIME"><value>2026.08.19_12.18.00</value></Data><Data name="NEI1"><value></value></Data><Data name="NEI2"><value></value></Data><Data name="NEI3"><value></value></Data><Data name="NEI4"><value></value></Data><Data name="NEI5"><value></value></Data><Data name="NEI6"><value></value></Data></ExtendedData><Style><LabelStyle><scale>0.0</scale> </LabelStyle><IconStyle><color>FFF07800</color><scale>0.5</scale><Icon><href>http://maps.google.com/mapfiles/kml/shapes/shaded_dot.png</href></Icon></IconStyle></Style><Point><coordinates>-75.75695169,39.66633986,0</coordinates></Point></Placemark><Placemark><name>32 km/h</name><ExtendedData><Data name="CGI"><value>3150100000100018</value></Data><Data name="CELLNAME"><value></value></Data><Data name="CELLID"><value>18</value></Data><Data name="RNC"><value>0</value></Data><Data name="TAC"><value>1</value></Data><Data name="TECHNOLOGY"><value>5G SA</value></Data><Data name="MODE"><value>5G</value></Data><Data name="ARFCN"><value>644640</value></Data><Data name="BAND"><value></value></Data><Data name="BANDWIDTH"><value></value></Data><Data name="CA"><value>false</value></Data><Data name="NR state"><value></value></Data><Data name="RSRP"><value>-105 dBm</value></Data><Data name="RSRQ"><value>-11</value></Data><Data name="LAYER"><value>1</value></Data><Data name="PC"><value>2</value></Data><Data name="DL_BITRATE"><value> kbps</value></Data><Data name="UL_BITRATE"><value> kbps</value></Data><Data name="IP"><value></value></Data><Data name="PHONE STATE"><value>I</value></Data><Data name="IMEI"><value></value></Data><Data name="SPEED"><value>32 km/h</value></Data><Data name="HEIGHT"><value>-2m</value></Data><Data name="ALTITUDE"><value>-2m</value></Data><Data name="LOCATION"><value>G</value></Data><Data name="ACCURACY"><value>3m</value></Data><Data name="DISTANCE"><value>-1m</value></Data><Data name="SITE BEARING"><value>1000deg</value></Data><Data name="ANTENNA BEARING"><value>1000deg</value></Data><Data name="CELLHEX"><value>12</value></Data><Data name="NODEHEX"><value>0</value></Data><Data name="LACHEX"><value>1</value></Data><Data name="RAWCELLID"><value>18</value></Data><Data name="TIME"><value>2026.08.19_12.18.01</value></Data><Data name="NEI1"><value></value></Data><Data name="NEI2"><value></value></Data><Data name="NEI3"><value></value></Data><Data name="NEI4"><value></value></Data><Data name="NEI5"><value></value></Data><Data name="NEI6"><value></value></Data></ExtendedData><Style><LabelStyle><scale>0.0</scale> </LabelStyle><IconStyle><color>FFF07800</color><scale>0.5</scale><Icon><href>http://maps.google.com/mapfiles/kml/shapes/shaded_dot.png</href></Icon></IconStyle></Style><Point><coordinates>-75.75695169,39.66633986,0</coordinates></Point></Placemark><Placemark><name>31 km/h</name><ExtendedData><Data name="CGI"><value>3150100000100018</value></Data><Data name="CELLNAME"><value></value></Data><Data name="CELLID"><value>18</value></Data><Data name="RNC"><value>0</value></Data><Data name="TAC"><value>1</value></Data><Data name="TECHNOLOGY"><value>5G SA</value></Data><Data name="MODE"><value>5G</value></Data><Data name="ARFCN"><value>644640</value></Data><Data name="BAND"><value></value></Data><Data name="BANDWIDTH"><value></value></Data><Data name="CA"><value>false</value></Data><Data name="NR state"><value></value></Data><Data name="RSRP"><value>-105 dBm</value></Data><Data name="RSRQ"><value>-11</value></Data><Data name="LAYER"><value>1</value></Data><Data name="PC"><value>2</value></Data><Data name="DL_BITRATE"><value> kbps</value></Data><Data name="UL_BITRATE"><value> kbps</value></Data><Data name="IP"><value></value></Data><Data name="PHONE STATE"><value>I</value></Data><Data name="IMEI"><value></value></Data><Data name="SPEED"><value>31 km/h</value></Data><Data name="HEIGHT"><value>-3m</value></Data><Data name="ALTITUDE"><value>-3m</value></Data><Data name="LOCATION"><value>G</value></Data><Data name="ACCURACY"><value>3m</value></Data><Data name="DISTANCE"><value>-1m</value></Data><Data name="SITE BEARING"><value>1000deg</value></Data><Data name="ANTENNA BEARING"><value>1000deg</value></Data><Data name="CELLHEX"><value>12</value></Data><Data name="NODEHEX"><value>0</value></Data><Data name="LACHEX"><value>1</value></Data><Data name="RAWCELLID"><value>18</value></Data><Data name="TIME"><value>2026.08.19_12.18.01</value></Data><Data name="NEI1"><value></value></Data><Data name="NEI2"><value></value></Data><Data name="NEI3"><value></value></Data><Data name="NEI4"><value></value></Data><Data name="NEI5"><value></value></Data><Data name="NEI6"><value></value></Data></ExtendedData><Style><LabelStyle><scale>0.0</scale> </LabelStyle><IconStyle><color>FFF07800</color><scale>0.5</scale><Icon><href>http://maps.google.com/mapfiles/kml/shapes/shaded_dot.png</href></Icon></IconStyle></Style><Point><coordinates>-75.75685865,39.66637742,0</coordinates></Point></Placemark><Placemark><name>31 km/h</name><ExtendedData><Data name="CGI"><value>3150100000100018</value></Data><Data name="CELLNAME"><value></value></Data><Data name="CELLID"><value>18</value></Data><Data name="RNC"><value>0</value></Data><Data name="TAC"><value>1</value></Data><Data name="TECHNOLOGY"><value>5G SA</value></Data><Data name="MODE"><value>5G</value></Data><Data name="ARFCN"><value>644640</value></Data><Data name="BAND"><value></value></Data><Data name="BANDWIDTH"><value></value></Data><Data name="CA"><value>false</value></Data><Data name="NR state"><value></value></Data><Data name="RSRP"><value>-105 dBm</value></Data><Data name="RSRQ"><value>-11</value></Data><Data name="LAYER"><value>1</value></Data><Data name="PC"><value>2</value></Data><Data name="DL_BITRATE"><value> kbps</value></Data><Data name="UL_BITRATE"><value> kbps</value></Data><Data name="IP"><value></value></Data><Data name="PHONE STATE"><value>I</value></Data><Data name="IMEI"><value></value></Data><Data name="SPEED"><value>31 km/h</value></Data><Data name="HEIGHT"><value>-3m</value></Data><Data name="ALTITUDE"><value>-3m</value></Data><Data name="LOCATION"><value>G</value></Data><Data name="ACCURACY"><value>3m</value></Data><Data name="DISTANCE"><value>-1m</value></Data><Data name="SITE BEARING"><value>1000deg</value></Data><Data name="ANTENNA BEARING"><value>1000deg</value></Data><Data name="CELLHEX"><value>12</value></Data><Data name="NODEHEX"><value>0</value></Data><Data name="LACHEX"><value>1</value></Data><Data name="RAWCELLID"><value>18</value></Data><Data name="TIME"><value>2026.08.19_12.18.02</value></Data><Data name="NEI1"><value></value></Data><Data name="NEI2"><value></value></Data><Data name="NEI3"><value></value></Data><Data name="NEI4"><value></value></Data><Data name="NEI5"><value></value></Data><Data name="NEI6"><value></value></Data></ExtendedData><Style><LabelStyle><scale>0.0</scale> </LabelStyle><IconStyle><color>FFF07800</color><scale>0.5</scale><Icon><href>http://maps.google.com/mapfiles/kml/shapes/shaded_dot.png</href></Icon></IconStyle></Style><Point><coordinates>-75.75685865,39.66637742,0</coordinates></Point></Placemark><Placemark><name>30 km/h</name><ExtendedData><Data name="CGI"><value>3150100000100018</value></Data><Data name="CELLNAME"><value></value></Data><Data name="CELLID"><value>18</value></Data><Data name="RNC"><value>0</value></Data><Data name="TAC"><value>1</value></Data><Data name="TECHNOLOGY"><value>5G SA</value></Data><Data name="MODE"><value>5G</value></Data><Data name="ARFCN"><value>644640</value></Data><Data name="BAND"><value></value></Data><Data name="BANDWIDTH"><value></value></Data><Data name="CA"><value>false</value></Data><Data name="NR state"><value></value></Data><Data name="RSRP"><value>-105 dBm</value></Data><Data name="RSRQ"><value>-11</value></Data><Data name="LAYER"><value>1</value></Data><Data name="PC"><value>2</value></Data><Data name="DL_BITRATE"><value> kbps</value></Data><Data name="UL_BITRATE"><value> kbps</value></Data><Data name="IP"><value></value></Data><Data name="PHONE STATE"><value>I</value></Data><Data name="IMEI"><value></value></Data><Data name="SPEED"><value>30 km/h</value></Data><Data name="HEIGHT"><value>-3m</value></Data><Data name="ALTITUDE"><value>-3m</value></Data><Data name="LOCATION"><value>G</value></Data><Data name="ACCURACY"><value>3m</value></Data><Data name="DISTANCE"><value>-1m</value></Data><Data name="SITE BEARING"><value>1000deg</value></Data><Data name="ANTENNA BEARING"><value>1000deg</value></Data><Data name="CELLHEX"><value>12</value></Data><Data name="NODEHEX"><value>0</value></Data><Data name="LACHEX"><value>1</value></Data><Data name="RAWCELLID"><value>18</value></Data><Data name="TIME"><value>2026.08.19_12.18.02</value></Data><Data name="NEI1"><value></value></Data><Data name="NEI2"><value></value></Data><Data name="NEI3"><value></value></Data><Data name="NEI4"><value></value></Data><Data name="NEI5"><value></value></Data><Data name="NEI6"><value></value></Data></ExtendedData><Style><LabelStyle><scale>0.0</scale> </LabelStyle><IconStyle><color>FFF07800</color><scale>0.5</scale><Icon><href>http://maps.google.com/mapfiles/kml/shapes/shaded_dot.png</href></Icon></IconStyle></Style><Point><coordinates>-75.75676911,39.66641256,0</coordinates></Point></Placemark><Placemark><name>30 km/h</name><ExtendedData><Data name="CGI"><value>3150100000100018</value></Data><Data name="CELLNAME"><value></value></Data><Data name="CELLID"><value>18</value></Data><Data name="RNC"><value>0</value></Data><Data name="TAC"><value>1</value></Data><Data name="TECHNOLOGY"><value>5G SA</value></Data><Data name="MODE"><value>5G</value></Data><Data name="ARFCN"><value>644640</value></Data><Data name="BAND"><value></value></Data><Data name="BANDWIDTH"><value></value></Data><Data name="CA"><value>false</value></Data><Data name="NR state"><value></value></Data><Data name="RSRP"><value>-105 dBm</value></Data><Data name="RSRQ"><value>-11</value></Data><Data name="LAYER"><value>1</value></Data><Data name="PC"><value>2</value></Data><Data name="DL_BITRATE"><value> kbps</value></Data><Data name="UL_BITRATE"><value> kbps</value></Data><Data name="IP"><value></value></Data><Data name="PHONE STATE"><value>I</value></Data><Data name="IMEI"><value></value></Data><Data name="SPEED"><value>30 km/h</value></Data><Data name="HEIGHT"><value>-3m</value></Data><Data name="ALTITUDE"><value>-3m</value></Data><Data name="LOCATION"><value>G</value></Data><Data name="ACCURACY"><value>3m</value></Data><Data name="DISTANCE"><value>-1m</value></Data><Data name="SITE BEARING"><value>1000deg</value></Data><Data name="ANTENNA BEARING"><value>1000deg</value></Data><Data name="CELLHEX"><value>12</value></Data><Data name="NODEHEX"><value>0</value></Data><Data name="LACHEX"><value>1</value></Data><Data name="RAWCELLID"><value>18</value></Data><Data name="TIME"><value>2026.08.19_12.18.03</value></Data><Data name="NEI1"><value></value></Data><Data name="NEI2"><value></value></Data><Data name="NEI3"><value></value></Data><Data name="NEI4"><value></value></Data><Data name="NEI5"><value></value></Data><Data name="NEI6"><value></value></Data></ExtendedData><Style><LabelStyle><scale>0.0</scale> </LabelStyle><IconStyle><color>FFF07800</color><scale>0.5</scale><Icon><href>http://maps.google.com/mapfiles/kml/shapes/shaded_dot.png</href></Icon></IconStyle></Style><Point><coordinates>-75.75676911,39.66641256,0</coordinates></Point></Placemark><Placemark><name>28 km/h</name><ExtendedData><Data name="CGI"><value>3150100000100018</value></Data><Data name="CELLNAME"><value></value></Data><Data name="CELLID"><value>18</value></Data><Data name="RNC"><value>0</value></Data><Data name="TAC"><value>1</value></Data><Data name="TECHNOLOGY"><value>5G SA</value></Data><Data name="MODE"><value>5G</value></Data><Data name="ARFCN"><value>644640</value></Data><Data name="BAND"><value></value></Data><Data name="BANDWIDTH"><value></value></Data><Data name="CA"><value>false</value></Data><Data name="NR state"><value></value></Data><Data name="RSRP"><value>-105 dBm</value></Data><Data name="RSRQ"><value>-11</value></Data><Data name="LAYER"><value>1</value></Data><Data name="PC"><value>2</value></Data><Data name="DL_BITRATE"><value> kbps</value></Data><Data name="UL_BITRATE"><value> kbps</value></Data><Data name="IP"><value></value></Data><Data name="PHONE STATE"><value>I</value></Data><Data name="IMEI"><value></value></Data><Data name="SPEED"><value>28 km/h</value></Data><Data name="HEIGHT"><value>-2m</value></Data><Data name="ALTITUDE"><value>-2m</value></Data><Data name="LOCATION"><value>G</value></Data><Data name="ACCURACY"><value>3m</value></Data><Data name="DISTANCE"><value>-1m</value></Data><Data name="SITE BEARING"><value>1000deg</value></Data><Data name="ANTENNA BEARING"><value>1000deg</value></Data><Data name="CELLHEX"><value>12</value></Data><Data name="NODEHEX"><value>0</value></Data><Data name="LACHEX"><value>1</value></Data><Data name="RAWCELLID"><value>18</value></Data><Data name="TIME"><value>2026.08.19_12.18.03</value></Data><Data name="NEI1"><value></value></Data><Data name="NEI2"><value></value></Data><Data name="NEI3"><value></value></Data><Data name="NEI4"><value></value></Data><Data name="NEI5"><value></value></Data><Data name="NEI6"><value></value></Data></ExtendedData><Style><LabelStyle><scale>0.0</scale> </LabelStyle><IconStyle><color>FFF07800</color><scale>0.5</scale><Icon><href>http://maps.google.com/mapfiles/kml/shapes/shaded_dot.png</href></Icon></IconStyle></Style><Point><coordinates>-75.7566806,39.66644616,0</coordinates></Point></Placemark><Placemark><name>28 km/h</name><ExtendedData><Data name="CGI"><value>3150100000100018</value></Data><Data name="CELLNAME"><value></value></Data><Data name="CELLID"><value>18</value></Data><Data name="RNC"><value>0</value></Data><Data name="TAC"><value>1</value></Data><Data name="TECHNOLOGY"><value>5G SA</value></Data><Data name="MODE"><value>5G</value></Data><Data name="ARFCN"><value>644640</value></Data><Data name="BAND"><value></value></Data><Data name="BANDWIDTH"><value></value></Data><Data name="CA"><value>false</value></Data><Data name="NR state"><value></value></Data><Data name="RSRP"><value>-105 dBm</value></Data><Data name="RSRQ"><value>-11</value></Data><Data name="LAYER"><value>1</value></Data><Data name="PC"><value>2</value></Data><Data name="DL_BITRATE"><value> kbps</value></Data><Data name="UL_BITRATE"><value> kbps</value></Data><Data name="IP"><value></value></Data><Data name="PHONE STATE"><value>I</value></Data><Data name="IMEI"><value></value></Data><Data name="SPEED"><value>28 km/h</value></Data><Data name="HEIGHT"><value>-2m</value></Data><Data name="ALTITUDE"><value>-2m</value></Data><Data name="LOCATION"><value>G</value></Data><Data name="ACCURACY"><value>3m</value></Data><Data name="DISTANCE"><value>-1m</value></Data><Data name="SITE BEARING"><value>1000deg</value></Data><Data name="ANTENNA BEARING"><value>1000deg</value></Data><Data name="CELLHEX"><value>12</value></Data><Data name="NODEHEX"><value>0</value></Data><Data name="LACHEX"><value>1</value></Data><Data name="RAWCELLID"><value>18</value></Data><Data name="TIME"><value>2026.08.19_12.18.04</value></Data><Data name="NEI1"><value></value></Data><Data name="NEI2"><value></value></Data><Data name="NEI3"><value></value></Data><Data name="NEI4"><value></value></Data><Data name="NEI5"><value></value></Data><Data name="NEI6"><value></value></Data></ExtendedData><Style><LabelStyle><scale>0.0</scale> </LabelStyle><IconStyle><color>FFF07800</color><scale>0.5</scale><Icon><href>http://maps.google.com/mapfiles/kml/shapes/shaded_dot.png</href></Icon></IconStyle></Style><Point><coordinates>-75.7566806,39.66644616,0</coordinates></Point></Placemark><Placemark><name>24 km/h</name><ExtendedData><Data name="CGI"><value>3150100000100018</value></Data><Data name="CELLNAME"><value></value></Data><Data name="CELLID"><value>18</value></Data><Data name="RNC"><value>0</value></Data><Data name="TAC"><value>1</value></Data><Data name="TECHNOLOGY"><value>5G SA</value></Data><Data name="MODE"><value>5G</value></Data><Data name="ARFCN"><value>644640</value></Data><Data name="BAND"><value></value></Data><Data name="BANDWIDTH"><value></value></Data><Data name="CA"><value>false</value></Data><Data name="NR state"><value></value></Data><Data name="RSRP"><value>-105 dBm</value></Data><Data name="RSRQ"><value>-11</value></Data><Data name="LAYER"><value>1</value></Data><Data name="PC"><value>2</value></Data><Data name="DL_BITRATE"><value> kbps</value></Data><Data name="UL_BITRATE"><value> kbps</value></Data><Data name="IP"><value></value></Data><Data name="PHONE STATE"><value>I</value></Data><Data name="IMEI"><value></value></Data><Data name="SPEED"><value>24 km/h</value></Data><Data name="HEIGHT"><value>-2m</value></Data><Data name="ALTITUDE"><value>-2m</value></Data><Data name="LOCATION"><value>G</value></Data><Data name="ACCURACY"><value>3m</value></Data><Data name="DISTANCE"><value>-1m</value></Data><Data name="SITE BEARING"><value>1000deg</value></Data><Data name="ANTENNA BEARING"><value>1000deg</value></Data><Data name="CELLHEX"><value>12</value></Data><Data name="NODEHEX"><value>0</value></Data><Data name="LACHEX"><value>1</value></Data><Data name="RAWCELLID"><value>18</value></Data><Data name="TIME"><value>2026.08.19_12.18.04</value></Data><Data name="NEI1"><value></value></Data><Data name="NEI2"><value></value></Data><Data name="NEI3"><value></value></Data><Data name="NEI4"><value></value></Data><Data name="NEI5"><value></value></Data><Data name="NEI6"><value></value></Data></ExtendedData><Style><LabelStyle><scale>0.0</scale> </LabelStyle><IconStyle><color>FFF07800</color><scale>0.5</scale><Icon><href>http://maps.google.com/mapfiles/kml/shapes/shaded_dot.png</href></Icon></IconStyle></Style><Point><coordinates>-75.75660545,39.66647545,0</coordinates></Point></Placemark><Placemark><name>24 km/h</name><ExtendedData><Data name="CGI"><value>3150100000100018</value></Data><Data name="CELLNAME"><value></value></Data><Data name="CELLID"><value>18</value></Data><Data name="RNC"><value>0</value></Data><Data name="TAC"><value>1</value></Data><Data name="TECHNOLOGY"><value>5G SA</value></Data><Data name="MODE"><value>5G</value></Data><Data name="ARFCN"><value>644640</value></Data><Data name="BAND"><value></value></Data><Data name="BANDWIDTH"><value></value></Data><Data name="CA"><value>false</value></Data><Data name="NR state"><value></value></Data><Data name="RSRP"><value>-105 dBm</value></Data><Data name="RSRQ"><value>-11</value></Data><Data name="LAYER"><value>1</value></Data><Data name="PC"><value>2</value></Data><Data name="DL_BITRATE"><value> kbps</value></Data><Data name="UL_BITRATE"><value> kbps</value></Data><Data name="IP"><value></value></Data><Data name="PHONE STATE"><value>I</value></Data><Data name="IMEI"><value></value></Data><Data name="SPEED"><value>24 km/h</value></Data><Data name="HEIGHT"><value>-2m</value></Data><Data name="ALTITUDE"><value>-2m</value></Data><Data name="LOCATION"><value>G</value></Data><Data name="ACCURACY"><value>3m</value></Data><Data name="DISTANCE"><value>-1m</value></Data><Data name="SITE BEARING"><value>1000deg</value></Data><Data name="ANTENNA BEARING"><value>1000deg</value></Data><Data name="CELLHEX"><value>12</value></Data><Data name="NODEHEX"><value>0</value></Data><Data name="LACHEX"><value>1</value></Data><Data name="RAWCELLID"><value>18</value></Data><Data name="TIME"><value>2026.08.19_12.18.05</value></Data><Data name="NEI1"><value></value></Data><Data name="NEI2"><value></value></Data><Data name="NEI3"><value></value></Data><Data name="NEI4"><value></value></Data><Data name="NEI5"><value></value></Data><Data name="NEI6"><value></value></Data></ExtendedData><Style><LabelStyle><scale>0.0</scale> </LabelStyle><IconStyle><color>FFF07800</color><scale>0.5</scale><Icon><href>http://maps.google.com/mapfiles/kml/shapes/shaded_dot.png</href></Icon></IconStyle></Style><Point><coordinates>-75.75660545,39.66647545,0</coordinates></Point></Placemark><Placemark><name>20 km/h</name><ExtendedData><Data name="CGI"><value>3150100000100018</value></Data><Data name="CELLNAME"><value></value></Data><Data name="CELLID"><value>18</value></Data><Data name="RNC"><value>0</value></Data><Data name="TAC"><value>1</value></Data><Data name="TECHNOLOGY"><value>5G SA</value></Data><Data name="MODE"><value>5G</value></Data><Data name="ARFCN"><value>644640</value></Data><Data name="BAND"><value></value></Data><Data name="BANDWIDTH"><value></value></Data><Data name="CA"><value>false</value></Data><Data name="NR state"><value></value></Data><Data name="RSRP"><value>-105 dBm</value></Data><Data name="RSRQ"><value>-11</value></Data><Data name="LAYER"><value>1</value></Data><Data name="PC"><value>2</value></Data><Data name="DL_BITRATE"><value> kbps</value></Data><Data name="UL_BITRATE"><value> kbps</value></Data><Data name="IP"><value></value></Data><Data name="PHONE STATE"><value>I</value></Data><Data name="IMEI"><value></value></Data><Data name="SPEED"><value>20 km/h</value></Data><Data name="HEIGHT"><value>-2m</value></Data><Data name="ALTITUDE"><value>-2m</value></Data><Data name="LOCATION"><value>G</value></Data><Data name="ACCURACY"><value>3m</value></Data><Data name="DISTANCE"><value>-1m</value></Data><Data name="SITE BEARING"><value>1000deg</value></Data><Data name="ANTENNA BEARING"><value>1000deg</value></Data><Data name="CELLHEX"><value>12</value></Data><Data name="NODEHEX"><value>0</value></Data><Data name="LACHEX"><value>1</value></Data><Data name="RAWCELLID"><value>18</value></Data><Data name="TIME"><value>2026.08.19_12.18.05</value></Data><Data name="NEI1"><value></value></Data><Data name="NEI2"><value></value></Data><Data name="NEI3"><value></value></Data><Data name="NEI4"><value></value></Data><Data name="NEI5"><value></value></Data><Data name="NEI6"><value></value></Data></ExtendedData><Style><LabelStyle><scale>0.0</scale> </LabelStyle><IconStyle><color>FFF07800</color><scale>0.5</scale><Icon><href>http://maps.google.com/mapfiles/kml/shapes/shaded_dot.png</href></Icon></IconStyle></Style><Point><coordinates>-75.75655018,39.66651078,0</coordinates></Point></Placemark><Placemark><name>20 km/h</name><ExtendedData><Data name="CGI"><value>3150100000100018</value></Data><Data name="CELLNAME"><value></value></Data><Data name="CELLID"><value>18</value></Data><Data name="RNC"><value>0</value></Data><Data name="TAC"><value>1</value></Data><Data name="TECHNOLOGY"><value>5G SA</value></Data><Data name="MODE"><value>5G</value></Data><Data name="ARFCN"><value>644640</value></Data><Data name="BAND"><value></value></Data><Data name="BANDWIDTH"><value></value></Data><Data name="CA"><value>false</value></Data><Data name="NR state"><value></value></Data><Data name="RSRP"><value>-105 dBm</value></Data><Data name="RSRQ"><value>-11</value></Data><Data name="LAYER"><value>1</value></Data><Data name="PC"><value>2</value></Data><Data name="DL_BITRATE"><value> kbps</value></Data><Data name="UL_BITRATE"><value> kbps</value></Data><Data name="IP"><value></value></Data><Data name="PHONE STATE"><value>I</value></Data><Data name="IMEI"><value></value></Data><Data name="SPEED"><value>20 km/h</value></Data><Data name="HEIGHT"><value>-2m</value></Data><Data name="ALTITUDE"><value>-2m</value></Data><Data name="LOCATION"><value>G</value></Data><Data name="ACCURACY"><value>3m</value></Data><Data name="DISTANCE"><value>-1m</value></Data><Data name="SITE BEARING"><value>1000deg</value></Data><Data name="ANTENNA BEARING"><value>1000deg</value></Data><Data name="CELLHEX"><value>12</value></Data><Data name="NODEHEX"><value>0</value></Data><Data name="LACHEX"><value>1</value></Data><Data name="RAWCELLID"><value>18</value></Data><Data name="TIME"><value>2026.08.19_12.18.06</value></Data><Data name="NEI1"><value></value></Data><Data name="NEI2"><value></value></Data><Data name="NEI3"><value></value></Data><Data name="NEI4"><value></value></Data><Data name="NEI5"><value></value></Data><Data name="NEI6"><value></value></Data></ExtendedData><Style><LabelStyle><scale>0.0</scale> </LabelStyle><IconStyle><color>FFF07800</color><scale>0.5</scale><Icon><href>http://maps.google.com/mapfiles/kml/shapes/shaded_dot.png</href></Icon></IconStyle></Style><Point><coordinates>-75.75655018,39.66651078,0</coordinates></Point></Placemark><Placemark><name>21 km/h</name><ExtendedData><Data name="CGI"><value>3150100000100018</value></Data><Data name="CELLNAME"><value></value></Data><Data name="CELLID"><value>18</value></Data><Data name="RNC"><value>0</value></Data><Data name="TAC"><value>1</value></Data><Data name="TECHNOLOGY"><value>5G SA</value></Data><Data name="MODE"><value>5G</value></Data><Data name="ARFCN"><value>644640</value></Data><Data name="BAND"><value></value></Data><Data name="BANDWIDTH"><value></value></Data><Data name="CA"><value>false</value></Data><Data name="NR state"><value></value></Data><Data name="RSRP"><value>-105 dBm</value></Data><Data name="RSRQ"><value>-11</value></Data><Data name="LAYER"><value>1</value></Data><Data name="PC"><value>2</value></Data><Data name="DL_BITRATE"><value> kbps</value></Data><Data name="UL_BITRATE"><value> kbps</value></Data><Data name="IP"><value></value></Data><Data name="PHONE STATE"><value>I</value></Data><Data name="IMEI"><value></value></Data><Data name="SPEED"><value>21 km/h</value></Data><Data name="HEIGHT"><value>-2m</value></Data><Data name="ALTITUDE"><value>-2m</value></Data><Data name="LOCATION"><value>G</value></Data><Data name="ACCURACY"><value>3m</value></Data><Data name="DISTANCE"><value>-1m</value></Data><Data name="SITE BEARING"><value>1000deg</value></Data><Data name="ANTENNA BEARING"><value>1000deg</value></Data><Data name="CELLHEX"><value>12</value></Data><Data name="NODEHEX"><value>0</value></Data><Data name="LACHEX"><value>1</value></Data><Data name="RAWCELLID"><value>18</value></Data><Data name="TIME"><value>2026.08.19_12.18.06</value></Data><Data name="NEI1"><value></value></Data><Data name="NEI2"><value></value></Data><Data name="NEI3"><value></value></Data><Data name="NEI4"><value></value></Data><Data name="NEI5"><value></value></Data><Data name="NEI6"><value></value></Data></ExtendedData><Style><LabelStyle><scale>0.0</scale> </LabelStyle><IconStyle><color>FFF07800</color><scale>0.5</scale><Icon><href>http://maps.google.com/mapfiles/kml/shapes/shaded_dot.png</href></Icon></IconStyle></Style><Point><coordinates>-75.75651573,39.66655606,0</coordinates></Point></Placemark><Placemark><name>21 km/h</name><ExtendedData><Data name="CGI"><value>3150100000100018</value></Data><Data name="CELLNAME"><value></value></Data><Data name="CELLID"><value>18</value></Data><Data name="RNC"><value>0</value></Data><Data name="TAC"><value>1</value></Data><Data name="TECHNOLOGY"><value>5G SA</value></Data><Data name="MODE"><value>5G</value></Data><Data name="ARFCN"><value>644640</value></Data><Data name="BAND"><value></value></Data><Data name="BANDWIDTH"><value></value></Data><Data name="CA"><value>false</value></Data><Data name="NR state"><value></value></Data><Data name="RSRP"><value>-105 dBm</value></Data><Data name="RSRQ"><value>-11</value></Data><Data name="LAYER"><value>1</value></Data><Data name="PC"><value>2</value></Data><Data name="DL_BITRATE"><value> kbps</value></Data><Data name="UL_BITRATE"><value> kbps</value></Data><Data name="IP"><value></value></Data><Data name="PHONE STATE"><value>I</value></Data><Data name="IMEI"><value></value></Data><Data name="SPEED"><value>21 km/h</value></Data><Data name="HEIGHT"><value>-2m</value></Data><Data name="ALTITUDE"><value>-2m</value></Data><Data name="LOCATION"><value>G</value></Data><Data name="ACCURACY"><value>3m</value></Data><Data name="DISTANCE"><value>-1m</value></Data><Data name="SITE BEARING"><value>1000deg</value></Data><Data name="ANTENNA BEARING"><value>1000deg</value></Data><Data name="CELLHEX"><value>12</value></Data><Data name="NODEHEX"><value>0</value></Data><Data name="LACHEX"><value>1</value></Data><Data name="RAWCELLID"><value>18</value></Data><Data name="TIME"><value>2026.08.19_12.18.07</value></Data><Data name="NEI1"><value></value></Data><Data name="NEI2"><value></value></Data><Data name="NEI3"><value></value></Data><Data name="NEI4"><value></value></Data><Data name="NEI5"><value></value></Data><Data name="NEI6"><value></value></Data></ExtendedData><Style><LabelStyle><scale>0.0</scale> </LabelStyle><IconStyle><color>FFF07800</color><scale>0.5</scale><Icon><href>http://maps.google.com/mapfiles/kml/shapes/shaded_dot.png</href></Icon></IconStyle></Style><Point><coordinates>-75.75651573,39.66655606,0</coordinates></Point></Placemark><Placemark><name>20 km/h</name><ExtendedData><Data name="CGI"><value>3150100000100018</value></Data><Data name="CELLNAME"><value></value></Data><Data name="CELLID"><value>18</value></Data><Data name="RNC"><value>0</value></Data><Data name="TAC"><value>1</value></Data><Data name="TECHNOLOGY"><value>5G SA</value></Data><Data name="MODE"><value>5G</value></Data><Data name="ARFCN"><value>644640</value></Data><Data name="BAND"><value></value></Data><Data name="BANDWIDTH"><value></value></Data><Data name="CA"><value>false</value></Data><Data name="NR state"><value></value></Data><Data name="RSRP"><value>-105 dBm</value></Data><Data name="RSRQ"><value>-11</value></Data><Data name="LAYER"><value>1</value></Data><Data name="PC"><value>2</value></Data><Data name="DL_BITRATE"><value> kbps</value></Data><Data name="UL_BITRATE"><value> kbps</value></Data><Data name="IP"><value></value></Data><Data name="PHONE STATE"><value>I</value></Data><Data name="IMEI"><value></value></Data><Data name="SPEED"><value>20 km/h</value></Data><Data name="HEIGHT"><value>-3m</value></Data><Data name="ALTITUDE"><value>-3m</value></Data><Data name="LOCATION"><value>G</value></Data><Data name="ACCURACY"><value>3m</value></Data><Data name="DISTANCE"><value>-1m</value></Data><Data name="SITE BEARING"><value>1000deg</value></Data><Data name="ANTENNA BEARING"><value>1000deg</value></Data><Data name="CELLHEX"><value>12</value></Data><Data name="NODEHEX"><value>0</value></Data><Data name="LACHEX"><value>1</value></Data><Data name="RAWCELLID"><value>18</value></Data><Data name="TIME"><value>2026.08.19_12.18.07</value></Data><Data name="NEI1"><value></value></Data><Data name="NEI2"><value></value></Data><Data name="NEI3"><value></value></Data><Data name="NEI4"><value></value></Data><Data name="NEI5"><value></value></Data><Data name="NEI6"><value></value></Data></ExtendedData><Style><LabelStyle><scale>0.0</scale> </LabelStyle><IconStyle><color>FFF07800</color><scale>0.5</scale><Icon><href>http://maps.google.com/mapfiles/kml/shapes/shaded_dot.png</href></Icon></IconStyle></Style><Point><coordinates>-75.7565034,39.66660658,0</coordinates></Point></Placemark><Placemark><name>20 km/h</name><ExtendedData><Data name="CGI"><value>3150100000100018</value></Data><Data name="CELLNAME"><value></value></Data><Data name="CELLID"><value>18</value></Data><Data name="RNC"><value>0</value></Data><Data name="TAC"><value>1</value></Data><Data name="TECHNOLOGY"><value>5G SA</value></Data><Data name="MODE"><value>5G</value></Data><Data name="ARFCN"><value>644640</value></Data><Data name="BAND"><value></value></Data><Data name="BANDWIDTH"><value></value></Data><Data name="CA"><value>false</value></Data><Data name="NR state"><value></value></Data><Data name="RSRP"><value>-105 dBm</value></Data><Data name="RSRQ"><value>-11</value></Data><Data name="LAYER"><value>1</value></Data><Data name="PC"><value>2</value></Data><Data name="DL_BITRATE"><value> kbps</value></Data><Data name="UL_BITRATE"><value> kbps</value></Data><Data name="IP"><value></value></Data><Data name="PHONE STATE"><value>I</value></Data><Data name="IMEI"><value></value></Data><Data name="SPEED"><value>20 km/h</value></Data><Data name="HEIGHT"><value>-3m</value></Data><Data name="ALTITUDE"><value>-3m</value></Data><Data name="LOCATION"><value>G</value></Data><Data name="ACCURACY"><value>3m</value></Data><Data name="DISTANCE"><value>-1m</value></Data><Data name="SITE BEARING"><value>1000deg</value></Data><Data name="ANTENNA BEARING"><value>1000deg</value></Data><Data name="CELLHEX"><value>12</value></Data><Data name="NODEHEX"><value>0</value></Data><Data name="LACHEX"><value>1</value></Data><Data name="RAWCELLID"><value>18</value></Data><Data name="TIME"><value>2026.08.19_12.18.08</value></Data><Data name="NEI1"><value></value></Data><Data name="NEI2"><value></value></Data><Data name="NEI3"><value></value></Data><Data name="NEI4"><value></value></Data><Data name="NEI5"><value></value></Data><Data name="NEI6"><value></value></Data></ExtendedData><Style><LabelStyle><scale>0.0</scale> </LabelStyle><IconStyle><color>FFF07800</color><scale>0.5</scale><Icon><href>http://maps.google.com/mapfiles/kml/shapes/shaded_dot.png</href></Icon></IconStyle></Style><Point><coordinates>-75.7565034,39.66660658,0</coordinates></Point></Placemark><Placemark><name>20 km/h</name><ExtendedData><Data name="CGI"><value>3150100000100018</value></Data><Data name="CELLNAME"><value></value></Data><Data name="CELLID"><value>18</value></Data><Data name="RNC"><value>0</value></Data><Data name="TAC"><value>1</value></Data><Data name="TECHNOLOGY"><value>5G SA</value></Data><Data name="MODE"><value>5G</value></Data><Data name="ARFCN"><value>644640</value></Data><Data name="BAND"><value></value></Data><Data name="BANDWIDTH"><value></value></Data><Data name="CA"><value>false</value></Data><Data name="NR state"><value></value></Data><Data name="RSRP"><value>-105 dBm</value></Data><Data name="RSRQ"><value>-11</value></Data><Data name="LAYER"><value>1</value></Data><Data name="PC"><value>2</value></Data><Data name="DL_BITRATE"><value> kbps</value></Data><Data name="UL_BITRATE"><value> kbps</value></Data><Data name="IP"><value></value></Data><Data name="PHONE STATE"><value>I</value></Data><Data name="IMEI"><value></value></Data><Data name="SPEED"><value>20 km/h</value></Data><Data name="HEIGHT"><value>-3m</value></Data><Data name="ALTITUDE"><value>-3m</value></Data><Data name="LOCATION"><value>G</value></Data><Data name="ACCURACY"><value>3m</value></Data><Data name="DISTANCE"><value>-1m</value></Data><Data name="SITE BEARING"><value>1000deg</value></Data><Data name="ANTENNA BEARING"><value>1000deg</value></Data><Data name="CELLHEX"><value>12</value></Data><Data name="NODEHEX"><value>0</value></Data><Data name="LACHEX"><value>1</value></Data><Data name="RAWCELLID"><value>18</value></Data><Data name="TIME"><value>2026.08.19_12.18.08</value></Data><Data name="NEI1"><value></value></Data><Data name="NEI2"><value></value></Data><Data name="NEI3"><value></value></Data><Data name="NEI4"><value></value></Data><Data name="NEI5"><value></value></Data><Data name="NEI6"><value></value></Data></ExtendedData><Style><LabelStyle><scale>0.0</scale> </LabelStyle><IconStyle><color>FFF07800</color><scale>0.5</scale><Icon><href>http://maps.google.com/mapfiles/kml/shapes/shaded_dot.png</href></Icon></IconStyle></Style><Point><coordinates>-75.75650975,39.66665846,0</coordinates></Point></Placemark><Placemark><name>20 km/h</name><ExtendedData><Data name="CGI"><value>3150100000100018</value></Data><Data name="CELLNAME"><value></value></Data><Data name="CELLID"><value>18</value></Data><Data name="RNC"><value>0</value></Data><Data name="TAC"><value>1</value></Data><Data name="TECHNOLOGY"><value>5G SA</value></Data><Data name="MODE"><value>5G</value></Data><Data name="ARFCN"><value>644640</value></Data><Data name="BAND"><value></value></Data><Data name="BANDWIDTH"><value></value></Data><Data name="CA"><value>false</value></Data><Data name="NR state"><value></value></Data><Data name="RSRP"><value>-105 dBm</value></Data><Data name="RSRQ"><value>-11</value></Data><Data name="LAYER"><value>1</value></Data><Data name="PC"><value>2</value></Data><Data name="DL_BITRATE"><value> kbps</value></Data><Data name="UL_BITRATE"><value> kbps</value></Data><Data name="IP"><value></value></Data><Data name="PHONE STATE"><value>I</value></Data><Data name="IMEI"><value></value></Data><Data name="SPEED"><value>20 km/h</value></Data><Data name="HEIGHT"><value>-3m</value></Data><Data name="ALTITUDE"><value>-3m</value></Data><Data name="LOCATION"><value>G</value></Data><Data name="ACCURACY"><value>3m</value></Data><Data name="DISTANCE"><value>-1m</value></Data><Data name="SITE BEARING"><value>1000deg</value></Data><Data name="ANTENNA BEARING"><value>1000deg</value></Data><Data name="CELLHEX"><value>12</value></Data><Data name="NODEHEX"><value>0</value></Data><Data name="LACHEX"><value>1</value></Data><Data name="RAWCELLID"><value>18</value></Data><Data name="TIME"><value>2026.08.19_12.18.09</value></Data><Data name="NEI1"><value></value></Data><Data name="NEI2"><value></value></Data><Data name="NEI3"><value></value></Data><Data name="NEI4"><value></value></Data><Data name="NEI5"><value></value></Data><Data name="NEI6"><value></value></Data></ExtendedData><Style><LabelStyle><scale>0.0</scale> </LabelStyle><IconStyle><color>FFF07800</color><scale>0.5</scale><Icon><href>http://maps.google.com/mapfiles/kml/shapes/shaded_dot.png</href></Icon></IconStyle></Style><Point><coordinates>-75.75650975,39.66665846,0</coordinates></Point></Placemark><Placemark><name>22 km/h</name><ExtendedData><Data name="CGI"><value>3150100000100018</value></Data><Data name="CELLNAME"><value></value></Data><Data name="CELLID"><value>18</value></Data><Data name="RNC"><value>0</value></Data><Data name="TAC"><value>1</value></Data><Data name="TECHNOLOGY"><value>5G SA</value></Data><Data name="MODE"><value>5G</value></Data><Data name="ARFCN"><value>644640</value></Data><Data name="BAND"><value></value></Data><Data name="BANDWIDTH"><value></value></Data><Data name="CA"><value>false</value></Data><Data name="NR state"><value></value></Data><Data name="RSRP"><value>-105 dBm</value></Data><Data name="RSRQ"><value>-11</value></Data><Data name="LAYER"><value>1</value></Data><Data name="PC"><value>2</value></Data><Data name="DL_BITRATE"><value> kbps</value></Data><Data name="UL_BITRATE"><value> kbps</value></Data><Data name="IP"><value></value></Data><Data name="PHONE STATE"><value>I</value></Data><Data name="IMEI"><value></value></Data><Data name="SPEED"><value>22 km/h</value></Data><Data name="HEIGHT"><value>-2m</value></Data><Data name="ALTITUDE"><value>-2m</value></Data><Data name="LOCATION"><value>G</value></Data><Data name="ACCURACY"><value>3m</value></Data><Data name="DISTANCE"><value>-1m</value></Data><Data name="SITE BEARING"><value>1000deg</value></Data><Data name="ANTENNA BEARING"><value>1000deg</value></Data><Data name="CELLHEX"><value>12</value></Data><Data name="NODEHEX"><value>0</value></Data><Data name="LACHEX"><value>1</value></Data><Data name="RAWCELLID"><value>18</value></Data><Data name="TIME"><value>2026.08.19_12.18.09</value></Data><Data name="NEI1"><value></value></Data><Data name="NEI2"><value></value></Data><Data name="NEI3"><value></value></Data><Data name="NEI4"><value></value></Data><Data name="NEI5"><value></value></Data><Data name="NEI6"><value></value></Data></ExtendedData><Style><LabelStyle><scale>0.0</scale> </LabelStyle><IconStyle><color>FFF07800</color><scale>0.5</scale><Icon><href>http://maps.google.com/mapfiles/kml/shapes/shaded_dot.png</href></Icon></IconStyle></Style><Point><coordinates>-75.75651584,39.66671287,0</coordinates></Point></Placemark><Placemark><name>22 km/h</name><ExtendedData><Data name="CGI"><value>3150100000100018</value></Data><Data name="CELLNAME"><value></value></Data><Data name="CELLID"><value>18</value></Data><Data name="RNC"><value>0</value></Data><Data name="TAC"><value>1</value></Data><Data name="TECHNOLOGY"><value>5G SA</value></Data><Data name="MODE"><value>5G</value></Data><Data name="ARFCN"><value>644640</value></Data><Data name="BAND"><value></value></Data><Data name="BANDWIDTH"><value></value></Data><Data name="CA"><value>false</value></Data><Data name="NR state"><value></value></Data><Data name="RSRP"><value>-105 dBm</value></Data><Data name="RSRQ"><value>-11</value></Data><Data name="LAYER"><value>1</value></Data><Data name="PC"><value>2</value></Data><Data name="DL_BITRATE"><value> kbps</value></Data><Data name="UL_BITRATE"><value> kbps</value></Data><Data name="IP"><value></value></Data><Data name="PHONE STATE"><value>I</value></Data><Data name="IMEI"><value></value></Data><Data name="SPEED"><value>22 km/h</value></Data><Data name="HEIGHT"><value>-2m</value></Data><Data name="ALTITUDE"><value>-2m</value></Data><Data name="LOCATION"><value>G</value></Data><Data name="ACCURACY"><value>3m</value></Data><Data name="DISTANCE"><value>-1m</value></Data><Data name="SITE BEARING"><value>1000deg</value></Data><Data name="ANTENNA BEARING"><value>1000deg</value></Data><Data name="CELLHEX"><value>12</value></Data><Data name="NODEHEX"><value>0</value></Data><Data name="LACHEX"><value>1</value></Data><Data name="RAWCELLID"><value>18</value></Data><Data name="TIME"><value>2026.08.19_12.18.10</value></Data><Data name="NEI1"><value></value></Data><Data name="NEI2"><value></value></Data><Data name="NEI3"><value></value></Data><Data name="NEI4"><value></value></Data><Data name="NEI5"><value></value></Data><Data name="NEI6"><value></value></Data></ExtendedData><Style><LabelStyle><scale>0.0</scale> </LabelStyle><IconStyle><color>FFF07800</color><scale>0.5</scale><Icon><href>http://maps.google.com/mapfiles/kml/shapes/shaded_dot.png</href></Icon></IconStyle></Style><Point><coordinates>-75.75651584,39.66671287,0</coordinates></Point></Placemark><Placemark><name>23 km/h</name><ExtendedData><Data name="CGI"><value>3150100000100018</value></Data><Data name="CELLNAME"><value></value></Data><Data name="CELLID"><value>18</value></Data><Data name="RNC"><value>0</value></Data><Data name="TAC"><value>1</value></Data><Data name="TECHNOLOGY"><value>5G SA</value></Data><Data name="MODE"><value>5G</value></Data><Data name="ARFCN"><value>644640</value></Data><Data name="BAND"><value></value></Data><Data name="BANDWIDTH"><value></value></Data><Data name="CA"><value>false</value></Data><Data name="NR state"><value></value></Data><Data name="RSRP"><value>-105 dBm</value></Data><Data name="RSRQ"><value>-11</value></Data><Data name="LAYER"><value>1</value></Data><Data name="PC"><value>2</value></Data><Data name="DL_BITRATE"><value> kbps</value></Data><Data name="UL_BITRATE"><value> kbps</value></Data><Data name="IP"><value></value></Data><Data name="PHONE STATE"><value>I</value></Data><Data name="IMEI"><value></value></Data><Data name="SPEED"><value>23 km/h</value></Data><Data name="HEIGHT"><value>-2m</value></Data><Data name="ALTITUDE"><value>-2m</value></Data><Data name="LOCATION"><value>G</value></Data><Data name="ACCURACY"><value>3m</value></Data><Data name="DISTANCE"><value>-1m</value></Data><Data name="SITE BEARING"><value>1000deg</value></Data><Data name="ANTENNA BEARING"><value>1000deg</value></Data><Data name="CELLHEX"><value>12</value></Data><Data name="NODEHEX"><value>0</value></Data><Data name="LACHEX"><value>1</value></Data><Data name="RAWCELLID"><value>18</value></Data><Data name="TIME"><value>2026.08.19_12.18.10</value></Data><Data name="NEI1"><value></value></Data><Data name="NEI2"><value></value></Data><Data name="NEI3"><value></value></Data><Data name="NEI4"><value></value></Data><Data name="NEI5"><value></value></Data><Data name="NEI6"><value></value></Data></ExtendedData><Style><LabelStyle><scale>0.0</scale> </LabelStyle><IconStyle><color>FFF07800</color><scale>0.5</scale><Icon><href>http://maps.google.com/mapfiles/kml/shapes/shaded_dot.png</href></Icon></IconStyle></Style><Point><coordinates>-75.75652004,39.66677262,0</coordinates></Point></Placemark><Placemark><name>23 km/h</name><ExtendedData><Data name="CGI"><value>3150100000100018</value></Data><Data name="CELLNAME"><value></value></Data><Data name="CELLID"><value>18</value></Data><Data name="RNC"><value>0</value></Data><Data name="TAC"><value>1</value></Data><Data name="TECHNOLOGY"><value>5G SA</value></Data><Data name="MODE"><value>5G</value></Data><Data name="ARFCN"><value>644640</value></Data><Data name="BAND"><value></value></Data><Data name="BANDWIDTH"><value></value></Data><Data name="CA"><value>false</value></Data><Data name="NR state"><value></value></Data><Data name="RSRP"><value>-105 dBm</value></Data><Data name="RSRQ"><value>-11</value></Data><Data name="LAYER"><value>1</value></Data><Data name="PC"><value>2</value></Data><Data name="DL_BITRATE"><value> kbps</value></Data><Data name="UL_BITRATE"><value> kbps</value></Data><Data name="IP"><value></value></Data><Data name="PHONE STATE"><value>I</value></Data><Data name="IMEI"><value></value></Data><Data name="SPEED"><value>23 km/h</value></Data><Data name="HEIGHT"><value>-2m</value></Data><Data name="ALTITUDE"><value>-2m</value></Data><Data name="LOCATION"><value>G</value></Data><Data name="ACCURACY"><value>3m</value></Data><Data name="DISTANCE"><value>-1m</value></Data><Data name="SITE BEARING"><value>1000deg</value></Data><Data name="ANTENNA BEARING"><value>1000deg</value></Data><Data name="CELLHEX"><value>12</value></Data><Data name="NODEHEX"><value>0</value></Data><Data name="LACHEX"><value>1</value></Data><Data name="RAWCELLID"><value>18</value></Data><Data name="TIME"><value>2026.08.19_12.18.11</value></Data><Data name="NEI1"><value></value></Data><Data name="NEI2"><value></value></Data><Data name="NEI3"><value></value></Data><Data name="NEI4"><value></value></Data><Data name="NEI5"><value></value></Data><Data name="NEI6"><value></value></Data></ExtendedData><Style><LabelStyle><scale>0.0</scale> </LabelStyle><IconStyle><color>FFF07800</color><scale>0.5</scale><Icon><href>http://maps.google.com/mapfiles/kml/shapes/shaded_dot.png</href></Icon></IconStyle></Style><Point><coordinates>-75.75652004,39.66677262,0</coordinates></Point></Placemark><Placemark><name>24 km/h</name><ExtendedData><Data name="CGI"><value>3150100000100018</value></Data><Data name="CELLNAME"><value></value></Data><Data name="CELLID"><value>18</value></Data><Data name="RNC"><value>0</value></Data><Data name="TAC"><value>1</value></Data><Data name="TECHNOLOGY"><value>5G SA</value></Data><Data name="MODE"><value>5G</value></Data><Data name="ARFCN"><value>644640</value></Data><Data name="BAND"><value></value></Data><Data name="BANDWIDTH"><value></value></Data><Data name="CA"><value>false</value></Data><Data name="NR state"><value></value></Data><Data name="RSRP"><value>-105 dBm</value></Data><Data name="RSRQ"><value>-11</value></Data><Data name="LAYER"><value>1</value></Data><Data name="PC"><value>2</value></Data><Data name="DL_BITRATE"><value> kbps</value></Data><Data name="UL_BITRATE"><value> kbps</value></Data><Data name="IP"><value></value></Data><Data name="PHONE STATE"><value>I</value></Data><Data name="IMEI"><value></value></Data><Data name="SPEED"><value>24 km/h</value></Data><Data name="HEIGHT"><value>-2m</value></Data><Data name="ALTITUDE"><value>-2m</value></Data><Data name="LOCATION"><value>G</value></Data><Data name="ACCURACY"><value>3m</value></Data><Data name="DISTANCE"><value>-1m</value></Data><Data name="SITE BEARING"><value>1000deg</value></Data><Data name="ANTENNA BEARING"><value>1000deg</value></Data><Data name="CELLHEX"><value>12</value></Data><Data name="NODEHEX"><value>0</value></Data><Data name="LACHEX"><value>1</value></Data><Data name="RAWCELLID"><value>18</value></Data><Data name="TIME"><value>2026.08.19_12.18.11</value></Data><Data name="NEI1"><value></value></Data><Data name="NEI2"><value></value></Data><Data name="NEI3"><value></value></Data><Data name="NEI4"><value></value></Data><Data name="NEI5"><value></value></Data><Data name="NEI6"><value></value></Data></ExtendedData><Style><LabelStyle><scale>0.0</scale> </LabelStyle><IconStyle><color>FFF07800</color><scale>0.5</scale><Icon><href>http://maps.google.com/mapfiles/kml/shapes/shaded_dot.png</href></Icon></IconStyle></Style><Point><coordinates>-75.75652293,39.66683325,0</coordinates></Point></Placemark><Placemark><name>24 km/h</name><ExtendedData><Data name="CGI"><value>3150100000100018</value></Data><Data name="CELLNAME"><value></value></Data><Data name="CELLID"><value>18</value></Data><Data name="RNC"><value>0</value></Data><Data name="TAC"><value>1</value></Data><Data name="TECHNOLOGY"><value>5G SA</value></Data><Data name="MODE"><value>5G</value></Data><Data name="ARFCN"><value>644640</value></Data><Data name="BAND"><value></value></Data><Data name="BANDWIDTH"><value></value></Data><Data name="CA"><value>false</value></Data><Data name="NR state"><value></value></Data><Data name="RSRP"><value>-105 dBm</value></Data><Data name="RSRQ"><value>-11</value></Data><Data name="LAYER"><value>1</value></Data><Data name="PC"><value>2</value></Data><Data name="DL_BITRATE"><value> kbps</value></Data><Data name="UL_BITRATE"><value> kbps</value></Data><Data name="IP"><value></value></Data><Data name="PHONE STATE"><value>I</value></Data><Data name="IMEI"><value></value></Data><Data name="SPEED"><value>24 km/h</value></Data><Data name="HEIGHT"><value>-2m</value></Data><Data name="ALTITUDE"><value>-2m</value></Data><Data name="LOCATION"><value>G</value></Data><Data name="ACCURACY"><value>3m</value></Data><Data name="DISTANCE"><value>-1m</value></Data><Data name="SITE BEARING"><value>1000deg</value></Data><Data name="ANTENNA BEARING"><value>1000deg</value></Data><Data name="CELLHEX"><value>12</value></Data><Data name="NODEHEX"><value>0</value></Data><Data name="LACHEX"><value>1</value></Data><Data name="RAWCELLID"><value>18</value></Data><Data name="TIME"><value>2026.08.19_12.18.12</value></Data><Data name="NEI1"><value></value></Data><Data name="NEI2"><value></value></Data><Data name="NEI3"><value></value></Data><Data name="NEI4"><value></value></Data><Data name="NEI5"><value></value></Data><Data name="NEI6"><value></value></Data></ExtendedData><Style><LabelStyle><scale>0.0</scale> </LabelStyle><IconStyle><color>FFF07800</color><scale>0.5</scale><Icon><href>http://maps.google.com/mapfiles/kml/shapes/shaded_dot.png</href></Icon></IconStyle></Style><Point><coordinates>-75.75652293,39.66683325,0</coordinates></Point></Placemark><Placemark><name>23 km/h</name><ExtendedData><Data name="CGI"><value>3150100000100018</value></Data><Data name="CELLNAME"><value></value></Data><Data name="CELLID"><value>18</value></Data><Data name="RNC"><value>0</value></Data><Data name="TAC"><value>1</value></Data><Data name="TECHNOLOGY"><value>5G SA</value></Data><Data name="MODE"><value>5G</value></Data><Data name="ARFCN"><value>644640</value></Data><Data name="BAND"><value></value></Data><Data name="BANDWIDTH"><value></value></Data><Data name="CA"><value>false</value></Data><Data name="NR state"><value></value></Data><Data name="RSRP"><value>-105 dBm</value></Data><Data name="RSRQ"><value>-11</value></Data><Data name="LAYER"><value>1</value></Data><Data name="PC"><value>2</value></Data><Data name="DL_BITRATE"><value> kbps</value></Data><Data name="UL_BITRATE"><value> kbps</value></Data><Data name="IP"><value></value></Data><Data name="PHONE STATE"><value>I</value></Data><Data name="IMEI"><value></value></Data><Data name="SPEED"><value>23 km/h</value></Data><Data name="HEIGHT"><value>-1m</value></Data><Data name="ALTITUDE"><value>-1m</value></Data><Data name="LOCATION"><value>G</value></Data><Data name="ACCURACY"><value>3m</value></Data><Data name="DISTANCE"><value>-1m</value></Data><Data name="SITE BEARING"><value>1000deg</value></Data><Data name="ANTENNA BEARING"><value>1000deg</value></Data><Data name="CELLHEX"><value>12</value></Data><Data name="NODEHEX"><value>0</value></Data><Data name="LACHEX"><value>1</value></Data><Data name="RAWCELLID"><value>18</value></Data><Data name="TIME"><value>2026.08.19_12.18.12</value></Data><Data name="NEI1"><value></value></Data><Data name="NEI2"><value></value></Data><Data name="NEI3"><value></value></Data><Data name="NEI4"><value></value></Data><Data name="NEI5"><value></value></Data><Data name="NEI6"><value></value></Data></ExtendedData><Style><LabelStyle><scale>0.0</scale> </LabelStyle><IconStyle><color>FFF07800</color><scale>0.5</scale><Icon><href>http://maps.google.com/mapfiles/kml/shapes/shaded_dot.png</href></Icon></IconStyle></Style><Point><coordinates>-75.75653178,39.66688999,0</coordinates></Point></Placemark><Placemark><name>23 km/h</name><ExtendedData><Data name="CGI"><value>3150100000100018</value></Data><Data name="CELLNAME"><value></value></Data><Data name="CELLID"><value>18</value></Data><Data name="RNC"><value>0</value></Data><Data name="TAC"><value>1</value></Data><Data name="TECHNOLOGY"><value>5G SA</value></Data><Data name="MODE"><value>5G</value></Data><Data name="ARFCN"><value>644640</value></Data><Data name="BAND"><value></value></Data><Data name="BANDWIDTH"><value></value></Data><Data name="CA"><value>false</value></Data><Data name="NR state"><value></value></Data><Data name="RSRP"><value>-105 dBm</value></Data><Data name="RSRQ"><value>-11</value></Data><Data name="LAYER"><value>1</value></Data><Data name="PC"><value>2</value></Data><Data name="DL_BITRATE"><value> kbps</value></Data><Data name="UL_BITRATE"><value> kbps</value></Data><Data name="IP"><value></value></Data><Data name="PHONE STATE"><value>I</value></Data><Data name="IMEI"><value></value></Data><Data name="SPEED"><value>23 km/h</value></Data><Data name="HEIGHT"><value>-1m</value></Data><Data name="ALTITUDE"><value>-1m</value></Data><Data name="LOCATION"><value>G</value></Data><Data name="ACCURACY"><value>3m</value></Data><Data name="DISTANCE"><value>-1m</value></Data><Data name="SITE BEARING"><value>1000deg</value></Data><Data name="ANTENNA BEARING"><value>1000deg</value></Data><Data name="CELLHEX"><value>12</value></Data><Data name="NODEHEX"><value>0</value></Data><Data name="LACHEX"><value>1</value></Data><Data name="RAWCELLID"><value>18</value></Data><Data name="TIME"><value>2026.08.19_12.18.13</value></Data><Data name="NEI1"><value></value></Data><Data name="NEI2"><value></value></Data><Data name="NEI3"><value></value></Data><Data name="NEI4"><value></value></Data><Data name="NEI5"><value></value></Data><Data name="NEI6"><value></value></Data></ExtendedData><Style><LabelStyle><scale>0.0</scale> </LabelStyle><IconStyle><color>FFF07800</color><scale>0.5</scale><Icon><href>http://maps.google.com/mapfiles/kml/shapes/shaded_dot.png</href></Icon></IconStyle></Style><Point><coordinates>-75.75653178,39.66688999,0</coordinates></Point></Placemark><Placemark><name>22 km/h</name><ExtendedData><Data name="CGI"><value>3150100000100018</value></Data><Data name="CELLNAME"><value></value></Data><Data name="CELLID"><value>18</value></Data><Data name="RNC"><value>0</value></Data><Data name="TAC"><value>1</value></Data><Data name="TECHNOLOGY"><value>5G SA</value></Data><Data name="MODE"><value>5G</value></Data><Data name="ARFCN"><value>644640</value></Data><Data name="BAND"><value></value></Data><Data name="BANDWIDTH"><value></value></Data><Data name="CA"><value>false</value></Data><Data name="NR state"><value></value></Data><Data name="RSRP"><value>-105 dBm</value></Data><Data name="RSRQ"><value>-11</value></Data><Data name="LAYER"><value>1</value></Data><Data name="PC"><value>2</value></Data><Data name="DL_BITRATE"><value> kbps</value></Data><Data name="UL_BITRATE"><value> kbps</value></Data><Data name="IP"><value></value></Data><Data name="PHONE STATE"><value>I</value></Data><Data name="IMEI"><value></value></Data><Data name="SPEED"><value>22 km/h</value></Data><Data name="HEIGHT"><value>-1m</value></Data><Data name="ALTITUDE"><value>-1m</value></Data><Data name="LOCATION"><value>G</value></Data><Data name="ACCURACY"><value>3m</value></Data><Data name="DISTANCE"><value>-1m</value></Data><Data name="SITE BEARING"><value>1000deg</value></Data><Data name="ANTENNA BEARING"><value>1000deg</value></Data><Data name="CELLHEX"><value>12</value></Data><Data name="NODEHEX"><value>0</value></Data><Data name="LACHEX"><value>1</value></Data><Data name="RAWCELLID"><value>18</value></Data><Data name="TIME"><value>2026.08.19_12.18.13</value></Data><Data name="NEI1"><value></value></Data><Data name="NEI2"><value></value></Data><Data name="NEI3"><value></value></Data><Data name="NEI4"><value></value></Data><Data name="NEI5"><value></value></Data><Data name="NEI6"><value></value></Data></ExtendedData><Style><LabelStyle><scale>0.0</scale> </LabelStyle><IconStyle><color>FFF07800</color><scale>0.5</scale><Icon><href>http://maps.google.com/mapfiles/kml/shapes/shaded_dot.png</href></Icon></IconStyle></Style><Point><coordinates>-75.75655156,39.66694231,0</coordinates></Point></Placemark><Placemark><name>22 km/h</name><ExtendedData><Data name="CGI"><value>3150100000100018</value></Data><Data name="CELLNAME"><value></value></Data><Data name="CELLID"><value>18</value></Data><Data name="RNC"><value>0</value></Data><Data name="TAC"><value>1</value></Data><Data name="TECHNOLOGY"><value>5G SA</value></Data><Data name="MODE"><value>5G</value></Data><Data name="ARFCN"><value>644640</value></Data><Data name="BAND"><value></value></Data><Data name="BANDWIDTH"><value></value></Data><Data name="CA"><value>false</value></Data><Data name="NR state"><value></value></Data><Data name="RSRP"><value>-105 dBm</value></Data><Data name="RSRQ"><value>-11</value></Data><Data name="LAYER"><value>1</value></Data><Data name="PC"><value>2</value></Data><Data name="DL_BITRATE"><value> kbps</value></Data><Data name="UL_BITRATE"><value> kbps</value></Data><Data name="IP"><value></value></Data><Data name="PHONE STATE"><value>I</value></Data><Data name="IMEI"><value></value></Data><Data name="SPEED"><value>22 km/h</value></Data><Data name="HEIGHT"><value>-1m</value></Data><Data name="ALTITUDE"><value>-1m</value></Data><Data name="LOCATION"><value>G</value></Data><Data name="ACCURACY"><value>3m</value></Data><Data name="DISTANCE"><value>-1m</value></Data><Data name="SITE BEARING"><value>1000deg</value></Data><Data name="ANTENNA BEARING"><value>1000deg</value></Data><Data name="CELLHEX"><value>12</value></Data><Data name="NODEHEX"><value>0</value></Data><Data name="LACHEX"><value>1</value></Data><Data name="RAWCELLID"><value>18</value></Data><Data name="TIME"><value>2026.08.19_12.18.14</value></Data><Data name="NEI1"><value></value></Data><Data name="NEI2"><value></value></Data><Data name="NEI3"><value></value></Data><Data name="NEI4"><value></value></Data><Data name="NEI5"><value></value></Data><Data name="NEI6"><value></value></Data></ExtendedData><Style><LabelStyle><scale>0.0</scale> </LabelStyle><IconStyle><color>FFF07800</color><scale>0.5</scale><Icon><href>http://maps.google.com/mapfiles/kml/shapes/shaded_dot.png</href></Icon></IconStyle></Style><Point><coordinates>-75.75655156,39.66694231,0</coordinates></Point></Placemark><Placemark><name>21 km/h</name><ExtendedData><Data name="CGI"><value>3150100000100018</value></Data><Data name="CELLNAME"><value></value></Data><Data name="CELLID"><value>18</value></Data><Data name="RNC"><value>0</value></Data><Data name="TAC"><value>1</value></Data><Data name="TECHNOLOGY"><value>5G SA</value></Data><Data name="MODE"><value>5G</value></Data><Data name="ARFCN"><value>644640</value></Data><Data name="BAND"><value></value></Data><Data name="BANDWIDTH"><value></value></Data><Data name="CA"><value>false</value></Data><Data name="NR state"><value></value></Data><Data name="RSRP"><value>-105 dBm</value></Data><Data name="RSRQ"><value>-11</value></Data><Data name="LAYER"><value>1</value></Data><Data name="PC"><value>2</value></Data><Data name="DL_BITRATE"><value> kbps</value></Data><Data name="UL_BITRATE"><value> kbps</value></Data><Data name="IP"><value></value></Data><Data name="PHONE STATE"><value>I</value></Data><Data name="IMEI"><value></value></Data><Data name="SPEED"><value>21 km/h</value></Data><Data name="HEIGHT"><value>-1m</value></Data><Data name="ALTITUDE"><value>-1m</value></Data><Data name="LOCATION"><value>G</value></Data><Data name="ACCURACY"><value>3m</value></Data><Data name="DISTANCE"><value>-1m</value></Data><Data name="SITE BEARING"><value>1000deg</value></Data><Data name="ANTENNA BEARING"><value>1000deg</value></Data><Data name="CELLHEX"><value>12</value></Data><Data name="NODEHEX"><value>0</value></Data><Data name="LACHEX"><value>1</value></Data><Data name="RAWCELLID"><value>18</value></Data><Data name="TIME"><value>2026.08.19_12.18.14</value></Data><Data name="NEI1"><value></value></Data><Data name="NEI2"><value></value></Data><Data name="NEI3"><value></value></Data><Data name="NEI4"><value></value></Data><Data name="NEI5"><value></value></Data><Data name="NEI6"><value></value></Data></ExtendedData><Style><LabelStyle><scale>0.0</scale> </LabelStyle><IconStyle><color>FFF07800</color><scale>0.5</scale><Icon><href>http://maps.google.com/mapfiles/kml/shapes/shaded_dot.png</href></Icon></IconStyle></Style><Point><coordinates>-75.75658852,39.66698709,0</coordinates></Point></Placemark><Placemark><name>21 km/h</name><ExtendedData><Data name="CGI"><value>3150100000100018</value></Data><Data name="CELLNAME"><value></value></Data><Data name="CELLID"><value>18</value></Data><Data name="RNC"><value>0</value></Data><Data name="TAC"><value>1</value></Data><Data name="TECHNOLOGY"><value>5G SA</value></Data><Data name="MODE"><value>5G</value></Data><Data name="ARFCN"><value>644640</value></Data><Data name="BAND"><value></value></Data><Data name="BANDWIDTH"><value></value></Data><Data name="CA"><value>false</value></Data><Data name="NR state"><value></value></Data><Data name="RSRP"><value>-105 dBm</value></Data><Data name="RSRQ"><value>-11</value></Data><Data name="LAYER"><value>1</value></Data><Data name="PC"><value>2</value></Data><Data name="DL_BITRATE"><value> kbps</value></Data><Data name="UL_BITRATE"><value> kbps</value></Data><Data name="IP"><value></value></Data><Data name="PHONE STATE"><value>I</value></Data><Data name="IMEI"><value></value></Data><Data name="SPEED"><value>21 km/h</value></Data><Data name="HEIGHT"><value>-1m</value></Data><Data name="ALTITUDE"><value>-1m</value></Data><Data name="LOCATION"><value>G</value></Data><Data name="ACCURACY"><value>3m</value></Data><Data name="DISTANCE"><value>-1m</value></Data><Data name="SITE BEARING"><value>1000deg</value></Data><Data name="ANTENNA BEARING"><value>1000deg</value></Data><Data name="CELLHEX"><value>12</value></Data><Data name="NODEHEX"><value>0</value></Data><Data name="LACHEX"><value>1</value></Data><Data name="RAWCELLID"><value>18</value></Data><Data name="TIME"><value>2026.08.19_12.18.15</value></Data><Data name="NEI1"><value></value></Data><Data name="NEI2"><value></value></Data><Data name="NEI3"><value></value></Data><Data name="NEI4"><value></value></Data><Data name="NEI5"><value></value></Data><Data name="NEI6"><value></value></Data></ExtendedData><Style><LabelStyle><scale>0.0</scale> </LabelStyle><IconStyle><color>FFF07800</color><scale>0.5</scale><Icon><href>http://maps.google.com/mapfiles/kml/shapes/shaded_dot.png</href></Icon></IconStyle></Style><Point><coordinates>-75.75658852,39.66698709,0</coordinates></Point></Placemark><Placemark><name>20 km/h</name><ExtendedData><Data name="CGI"><value>3150100000100018</value></Data><Data name="CELLNAME"><value></value></Data><Data name="CELLID"><value>18</value></Data><Data name="RNC"><value>0</value></Data><Data name="TAC"><value>1</value></Data><Data name="TECHNOLOGY"><value>5G SA</value></Data><Data name="MODE"><value>5G</value></Data><Data name="ARFCN"><value>644640</value></Data><Data name="BAND"><value></value></Data><Data name="BANDWIDTH"><value></value></Data><Data name="CA"><value>false</value></Data><Data name="NR state"><value></value></Data><Data name="RSRP"><value>-105 dBm</value></Data><Data name="RSRQ"><value>-11</value></Data><Data name="LAYER"><value>1</value></Data><Data name="PC"><value>2</value></Data><Data name="DL_BITRATE"><value> kbps</value></Data><Data name="UL_BITRATE"><value> kbps</value></Data><Data name="IP"><value></value></Data><Data name="PHONE STATE"><value>I</value></Data><Data name="IMEI"><value></value></Data><Data name="SPEED"><value>20 km/h</value></Data><Data name="HEIGHT"><value>-1m</value></Data><Data name="ALTITUDE"><value>-1m</value></Data><Data name="LOCATION"><value>G</value></Data><Data name="ACCURACY"><value>3m</value></Data><Data name="DISTANCE"><value>-1m</value></Data><Data name="SITE BEARING"><value>1000deg</value></Data><Data name="ANTENNA BEARING"><value>1000deg</value></Data><Data name="CELLHEX"><value>12</value></Data><Data name="NODEHEX"><value>0</value></Data><Data name="LACHEX"><value>1</value></Data><Data name="RAWCELLID"><value>18</value></Data><Data name="TIME"><value>2026.08.19_12.18.15</value></Data><Data name="NEI1"><value></value></Data><Data name="NEI2"><value></value></Data><Data name="NEI3"><value></value></Data><Data name="NEI4"><value></value></Data><Data name="NEI5"><value></value></Data><Data name="NEI6"><value></value></Data></ExtendedData><Style><LabelStyle><scale>0.0</scale> </LabelStyle><IconStyle><color>FFF07800</color><scale>0.5</scale><Icon><href>http://maps.google.com/mapfiles/kml/shapes/shaded_dot.png</href></Icon></IconStyle></Style><Point><coordinates>-75.75664463,39.66701332,0</coordinates></Point></Placemark><Placemark><name>20 km/h</name><ExtendedData><Data name="CGI"><value>3150100000100018</value></Data><Data name="CELLNAME"><value></value></Data><Data name="CELLID"><value>18</value></Data><Data name="RNC"><value>0</value></Data><Data name="TAC"><value>1</value></Data><Data name="TECHNOLOGY"><value>5G SA</value></Data><Data name="MODE"><value>5G</value></Data><Data name="ARFCN"><value>644640</value></Data><Data name="BAND"><value></value></Data><Data name="BANDWIDTH"><value></value></Data><Data name="CA"><value>false</value></Data><Data name="NR state"><value></value></Data><Data name="RSRP"><value>-105 dBm</value></Data><Data name="RSRQ"><value>-11</value></Data><Data name="LAYER"><value>1</value></Data><Data name="PC"><value>2</value></Data><Data name="DL_BITRATE"><value> kbps</value></Data><Data name="UL_BITRATE"><value> kbps</value></Data><Data name="IP"><value></value></Data><Data name="PHONE STATE"><value>I</value></Data><Data name="IMEI"><value></value></Data><Data name="SPEED"><value>20 km/h</value></Data><Data name="HEIGHT"><value>-1m</value></Data><Data name="ALTITUDE"><value>-1m</value></Data><Data name="LOCATION"><value>G</value></Data><Data name="ACCURACY"><value>3m</value></Data><Data name="DISTANCE"><value>-1m</value></Data><Data name="SITE BEARING"><value>1000deg</value></Data><Data name="ANTENNA BEARING"><value>1000deg</value></Data><Data name="CELLHEX"><value>12</value></Data><Data name="NODEHEX"><value>0</value></Data><Data name="LACHEX"><value>1</value></Data><Data name="RAWCELLID"><value>18</value></Data><Data name="TIME"><value>2026.08.19_12.18.16</value></Data><Data name="NEI1"><value></value></Data><Data name="NEI2"><value></value></Data><Data name="NEI3"><value></value></Data><Data name="NEI4"><value></value></Data><Data name="NEI5"><value></value></Data><Data name="NEI6"><value></value></Data></ExtendedData><Style><LabelStyle><scale>0.0</scale> </LabelStyle><IconStyle><color>FFF07800</color><scale>0.5</scale><Icon><href>http://maps.google.com/mapfiles/kml/shapes/shaded_dot.png</href></Icon></IconStyle></Style><Point><coordinates>-75.75664463,39.66701332,0</coordinates></Point></Placemark><Placemark><name>20 km/h</name><ExtendedData><Data name="CGI"><value>3150100000100018</value></Data><Data name="CELLNAME"><value></value></Data><Data name="CELLID"><value>18</value></Data><Data name="RNC"><value>0</value></Data><Data name="TAC"><value>1</value></Data><Data name="TECHNOLOGY"><value>5G SA</value></Data><Data name="MODE"><value>5G</value></Data><Data name="ARFCN"><value>644640</value></Data><Data name="BAND"><value></value></Data><Data name="BANDWIDTH"><value></value></Data><Data name="CA"><value>false</value></Data><Data name="NR state"><value></value></Data><Data name="RSRP"><value>-105 dBm</value></Data><Data name="RSRQ"><value>-11</value></Data><Data name="LAYER"><value>1</value></Data><Data name="PC"><value>2</value></Data><Data name="DL_BITRATE"><value> kbps</value></Data><Data name="UL_BITRATE"><value> kbps</value></Data><Data name="IP"><value></value></Data><Data name="PHONE STATE"><value>I</value></Data><Data name="IMEI"><value></value></Data><Data name="SPEED"><value>20 km/h</value></Data><Data name="HEIGHT"><value>-1m</value></Data><Data name="ALTITUDE"><value>-1m</value></Data><Data name="LOCATION"><value>G</value></Data><Data name="ACCURACY"><value>3m</value></Data><Data name="DISTANCE"><value>-1m</value></Data><Data name="SITE BEARING"><value>1000deg</value></Data><Data name="ANTENNA BEARING"><value>1000deg</value></Data><Data name="CELLHEX"><value>12</value></Data><Data name="NODEHEX"><value>0</value></Data><Data name="LACHEX"><value>1</value></Data><Data name="RAWCELLID"><value>18</value></Data><Data name="TIME"><value>2026.08.19_12.18.16</value></Data><Data name="NEI1"><value></value></Data><Data name="NEI2"><value></value></Data><Data name="NEI3"><value></value></Data><Data name="NEI4"><value></value></Data><Data name="NEI5"><value></value></Data><Data name="NEI6"><value></value></Data></ExtendedData><Style><LabelStyle><scale>0.0</scale> </LabelStyle><IconStyle><color>FFF07800</color><scale>0.5</scale><Icon><href>http://maps.google.com/mapfiles/kml/shapes/shaded_dot.png</href></Icon></IconStyle></Style><Point><coordinates>-75.75671122,39.66701968,0</coordinates></Point></Placemark><Placemark><name>20 km/h</name><ExtendedData><Data name="CGI"><value>3150100000100018</value></Data><Data name="CELLNAME"><value></value></Data><Data name="CELLID"><value>18</value></Data><Data name="RNC"><value>0</value></Data><Data name="TAC"><value>1</value></Data><Data name="TECHNOLOGY"><value>5G SA</value></Data><Data name="MODE"><value>5G</value></Data><Data name="ARFCN"><value>644640</value></Data><Data name="BAND"><value></value></Data><Data name="BANDWIDTH"><value></value></Data><Data name="CA"><value>false</value></Data><Data name="NR state"><value></value></Data><Data name="RSRP"><value>-105 dBm</value></Data><Data name="RSRQ"><value>-11</value></Data><Data name="LAYER"><value>1</value></Data><Data name="PC"><value>2</value></Data><Data name="DL_BITRATE"><value> kbps</value></Data><Data name="UL_BITRATE"><value> kbps</value></Data><Data name="IP"><value></value></Data><Data name="PHONE STATE"><value>I</value></Data><Data name="IMEI"><value></value></Data><Data name="SPEED"><value>20 km/h</value></Data><Data name="HEIGHT"><value>-1m</value></Data><Data name="ALTITUDE"><value>-1m</value></Data><Data name="LOCATION"><value>G</value></Data><Data name="ACCURACY"><value>3m</value></Data><Data name="DISTANCE"><value>-1m</value></Data><Data name="SITE BEARING"><value>1000deg</value></Data><Data name="ANTENNA BEARING"><value>1000deg</value></Data><Data name="CELLHEX"><value>12</value></Data><Data name="NODEHEX"><value>0</value></Data><Data name="LACHEX"><value>1</value></Data><Data name="RAWCELLID"><value>18</value></Data><Data name="TIME"><value>2026.08.19_12.18.17</value></Data><Data name="NEI1"><value></value></Data><Data name="NEI2"><value></value></Data><Data name="NEI3"><value></value></Data><Data name="NEI4"><value></value></Data><Data name="NEI5"><value></value></Data><Data name="NEI6"><value></value></Data></ExtendedData><Style><LabelStyle><scale>0.0</scale> </LabelStyle><IconStyle><color>FFF07800</color><scale>0.5</scale><Icon><href>http://maps.google.com/mapfiles/kml/shapes/shaded_dot.png</href></Icon></IconStyle></Style><Point><coordinates>-75.75671122,39.66701968,0</coordinates></Point></Placemark><Placemark><name>20 km/h</name><ExtendedData><Data name="CGI"><value>3150100000100018</value></Data><Data name="CELLNAME"><value></value></Data><Data name="CELLID"><value>18</value></Data><Data name="RNC"><value>0</value></Data><Data name="TAC"><value>1</value></Data><Data name="TECHNOLOGY"><value>5G SA</value></Data><Data name="MODE"><value>5G</value></Data><Data name="ARFCN"><value>644640</value></Data><Data name="BAND"><value></value></Data><Data name="BANDWIDTH"><value></value></Data><Data name="CA"><value>false</value></Data><Data name="NR state"><value></value></Data><Data name="RSRP"><value>-105 dBm</value></Data><Data name="RSRQ"><value>-11</value></Data><Data name="LAYER"><value>1</value></Data><Data name="PC"><value>2</value></Data><Data name="DL_BITRATE"><value> kbps</value></Data><Data name="UL_BITRATE"><value> kbps</value></Data><Data name="IP"><value></value></Data><Data name="PHONE STATE"><value>I</value></Data><Data name="IMEI"><value></value></Data><Data name="SPEED"><value>20 km/h</value></Data><Data name="HEIGHT"><value>-1m</value></Data><Data name="ALTITUDE"><value>-1m</value></Data><Data name="LOCATION"><value>G</value></Data><Data name="ACCURACY"><value>3m</value></Data><Data name="DISTANCE"><value>-1m</value></Data><Data name="SITE BEARING"><value>1000deg</value></Data><Data name="ANTENNA BEARING"><value>1000deg</value></Data><Data name="CELLHEX"><value>12</value></Data><Data name="NODEHEX"><value>0</value></Data><Data name="LACHEX"><value>1</value></Data><Data name="RAWCELLID"><value>18</value></Data><Data name="TIME"><value>2026.08.19_12.18.17</value></Data><Data name="NEI1"><value></value></Data><Data name="NEI2"><value></value></Data><Data name="NEI3"><value></value></Data><Data name="NEI4"><value></value></Data><Data name="NEI5"><value></value></Data><Data name="NEI6"><value></value></Data></ExtendedData><Style><LabelStyle><scale>0.0</scale> </LabelStyle><IconStyle><color>FFF07800</color><scale>0.5</scale><Icon><href>http://maps.google.com/mapfiles/kml/shapes/shaded_dot.png</href></Icon></IconStyle></Style><Point><coordinates>-75.75677882,39.66700927,0</coordinates></Point></Placemark><Placemark><name>20 km/h</name><ExtendedData><Data name="CGI"><value>3150100000100018</value></Data><Data name="CELLNAME"><value></value></Data><Data name="CELLID"><value>18</value></Data><Data name="RNC"><value>0</value></Data><Data name="TAC"><value>1</value></Data><Data name="TECHNOLOGY"><value>5G SA</value></Data><Data name="MODE"><value>5G</value></Data><Data name="ARFCN"><value>644640</value></Data><Data name="BAND"><value></value></Data><Data name="BANDWIDTH"><value></value></Data><Data name="CA"><value>false</value></Data><Data name="NR state"><value></value></Data><Data name="RSRP"><value>-105 dBm</value></Data><Data name="RSRQ"><value>-11</value></Data><Data name="LAYER"><value>1</value></Data><Data name="PC"><value>2</value></Data><Data name="DL_BITRATE"><value> kbps</value></Data><Data name="UL_BITRATE"><value> kbps</value></Data><Data name="IP"><value></value></Data><Data name="PHONE STATE"><value>I</value></Data><Data name="IMEI"><value></value></Data><Data name="SPEED"><value>20 km/h</value></Data><Data name="HEIGHT"><value>-1m</value></Data><Data name="ALTITUDE"><value>-1m</value></Data><Data name="LOCATION"><value>G</value></Data><Data name="ACCURACY"><value>3m</value></Data><Data name="DISTANCE"><value>-1m</value></Data><Data name="SITE BEARING"><value>1000deg</value></Data><Data name="ANTENNA BEARING"><value>1000deg</value></Data><Data name="CELLHEX"><value>12</value></Data><Data name="NODEHEX"><value>0</value></Data><Data name="LACHEX"><value>1</value></Data><Data name="RAWCELLID"><value>18</value></Data><Data name="TIME"><value>2026.08.19_12.18.18</value></Data><Data name="NEI1"><value></value></Data><Data name="NEI2"><value></value></Data><Data name="NEI3"><value></value></Data><Data name="NEI4"><value></value></Data><Data name="NEI5"><value></value></Data><Data name="NEI6"><value></value></Data></ExtendedData><Style><LabelStyle><scale>0.0</scale> </LabelStyle><IconStyle><color>FFF07800</color><scale>0.5</scale><Icon><href>http://maps.google.com/mapfiles/kml/shapes/shaded_dot.png</href></Icon></IconStyle></Style><Point><coordinates>-75.75677882,39.66700927,0</coordinates></Point></Placemark><Placemark><name>20 km/h</name><ExtendedData><Data name="CGI"><value>3150100000100018</value></Data><Data name="CELLNAME"><value></value></Data><Data name="CELLID"><value>18</value></Data><Data name="RNC"><value>0</value></Data><Data name="TAC"><value>1</value></Data><Data name="TECHNOLOGY"><value>5G SA</value></Data><Data name="MODE"><value>5G</value></Data><Data name="ARFCN"><value>644640</value></Data><Data name="BAND"><value></value></Data><Data name="BANDWIDTH"><value></value></Data><Data name="CA"><value>false</value></Data><Data name="NR state"><value></value></Data><Data name="RSRP"><value>-105 dBm</value></Data><Data name="RSRQ"><value>-11</value></Data><Data name="LAYER"><value>1</value></Data><Data name="PC"><value>2</value></Data><Data name="DL_BITRATE"><value> kbps</value></Data><Data name="UL_BITRATE"><value> kbps</value></Data><Data name="IP"><value></value></Data><Data name="PHONE STATE"><value>I</value></Data><Data name="IMEI"><value></value></Data><Data name="SPEED"><value>20 km/h</value></Data><Data name="HEIGHT"><value>-1m</value></Data><Data name="ALTITUDE"><value>-1m</value></Data><Data name="LOCATION"><value>G</value></Data><Data name="ACCURACY"><value>3m</value></Data><Data name="DISTANCE"><value>-1m</value></Data><Data name="SITE BEARING"><value>1000deg</value></Data><Data name="ANTENNA BEARING"><value>1000deg</value></Data><Data name="CELLHEX"><value>12</value></Data><Data name="NODEHEX"><value>0</value></Data><Data name="LACHEX"><value>1</value></Data><Data name="RAWCELLID"><value>18</value></Data><Data name="TIME"><value>2026.08.19_12.18.18</value></Data><Data name="NEI1"><value></value></Data><Data name="NEI2"><value></value></Data><Data name="NEI3"><value></value></Data><Data name="NEI4"><value></value></Data><Data name="NEI5"><value></value></Data><Data name="NEI6"><value></value></Data></ExtendedData><Style><LabelStyle><scale>0.0</scale> </LabelStyle><IconStyle><color>FFF07800</color><scale>0.5</scale><Icon><href>http://maps.google.com/mapfiles/kml/shapes/shaded_dot.png</href></Icon></IconStyle></Style><Point><coordinates>-75.7568428,39.66699286,0</coordinates></Point></Placemark><Placemark><name>20 km/h</name><ExtendedData><Data name="CGI"><value>3150100000100018</value></Data><Data name="CELLNAME"><value></value></Data><Data name="CELLID"><value>18</value></Data><Data name="RNC"><value>0</value></Data><Data name="TAC"><value>1</value></Data><Data name="TECHNOLOGY"><value>5G SA</value></Data><Data name="MODE"><value>5G</value></Data><Data name="ARFCN"><value>644640</value></Data><Data name="BAND"><value></value></Data><Data name="BANDWIDTH"><value></value></Data><Data name="CA"><value>false</value></Data><Data name="NR state"><value></value></Data><Data name="RSRP"><value>-105 dBm</value></Data><Data name="RSRQ"><value>-11</value></Data><Data name="LAYER"><value>1</value></Data><Data name="PC"><value>2</value></Data><Data name="DL_BITRATE"><value> kbps</value></Data><Data name="UL_BITRATE"><value> kbps</value></Data><Data name="IP"><value></value></Data><Data name="PHONE STATE"><value>I</value></Data><Data name="IMEI"><value></value></Data><Data name="SPEED"><value>20 km/h</value></Data><Data name="HEIGHT"><value>-1m</value></Data><Data name="ALTITUDE"><value>-1m</value></Data><Data name="LOCATION"><value>G</value></Data><Data name="ACCURACY"><value>3m</value></Data><Data name="DISTANCE"><value>-1m</value></Data><Data name="SITE BEARING"><value>1000deg</value></Data><Data name="ANTENNA BEARING"><value>1000deg</value></Data><Data name="CELLHEX"><value>12</value></Data><Data name="NODEHEX"><value>0</value></Data><Data name="LACHEX"><value>1</value></Data><Data name="RAWCELLID"><value>18</value></Data><Data name="TIME"><value>2026.08.19_12.18.19</value></Data><Data name="NEI1"><value></value></Data><Data name="NEI2"><value></value></Data><Data name="NEI3"><value></value></Data><Data name="NEI4"><value></value></Data><Data name="NEI5"><value></value></Data><Data name="NEI6"><value></value></Data></ExtendedData><Style><LabelStyle><scale>0.0</scale> </LabelStyle><IconStyle><color>FFF07800</color><scale>0.5</scale><Icon><href>http://maps.google.com/mapfiles/kml/shapes/shaded_dot.png</href></Icon></IconStyle></Style><Point><coordinates>-75.7568428,39.66699286,0</coordinates></Point></Placemark><Placemark><name>21 km/h</name><ExtendedData><Data name="CGI"><value>3150100000100018</value></Data><Data name="CELLNAME"><value></value></Data><Data name="CELLID"><value>18</value></Data><Data name="RNC"><value>0</value></Data><Data name="TAC"><value>1</value></Data><Data name="TECHNOLOGY"><value>5G SA</value></Data><Data name="MODE"><value>5G</value></Data><Data name="ARFCN"><value>644640</value></Data><Data name="BAND"><value></value></Data><Data name="BANDWIDTH"><value></value></Data><Data name="CA"><value>false</value></Data><Data name="NR state"><value></value></Data><Data name="RSRP"><value>-105 dBm</value></Data><Data name="RSRQ"><value>-11</value></Data><Data name="LAYER"><value>1</value></Data><Data name="PC"><value>2</value></Data><Data name="DL_BITRATE"><value> kbps</value></Data><Data name="UL_BITRATE"><value> kbps</value></Data><Data name="IP"><value></value></Data><Data name="PHONE STATE"><value>I</value></Data><Data name="IMEI"><value></value></Data><Data name="SPEED"><value>21 km/h</value></Data><Data name="HEIGHT"><value>-1m</value></Data><Data name="ALTITUDE"><value>-1m</value></Data><Data name="LOCATION"><value>G</value></Data><Data name="ACCURACY"><value>3m</value></Data><Data name="DISTANCE"><value>-1m</value></Data><Data name="SITE BEARING"><value>1000deg</value></Data><Data name="ANTENNA BEARING"><value>1000deg</value></Data><Data name="CELLHEX"><value>12</value></Data><Data name="NODEHEX"><value>0</value></Data><Data name="LACHEX"><value>1</value></Data><Data name="RAWCELLID"><value>18</value></Data><Data name="TIME"><value>2026.08.19_12.18.19</value></Data><Data name="NEI1"><value></value></Data><Data name="NEI2"><value></value></Data><Data name="NEI3"><value></value></Data><Data name="NEI4"><value></value></Data><Data name="NEI5"><value></value></Data><Data name="NEI6"><value></value></Data></ExtendedData><Style><LabelStyle><scale>0.0</scale> </LabelStyle><IconStyle><color>FFF07800</color><scale>0.5</scale><Icon><href>http://maps.google.com/mapfiles/kml/shapes/shaded_dot.png</href></Icon></IconStyle></Style><Point><coordinates>-75.75690742,39.66696869,0</coordinates></Point></Placemark><Placemark><name>21 km/h</name><ExtendedData><Data name="CGI"><value>3150100000100018</value></Data><Data name="CELLNAME"><value></value></Data><Data name="CELLID"><value>18</value></Data><Data name="RNC"><value>0</value></Data><Data name="TAC"><value>1</value></Data><Data name="TECHNOLOGY"><value>5G SA</value></Data><Data name="MODE"><value>5G</value></Data><Data name="ARFCN"><value>644640</value></Data><Data name="BAND"><value></value></Data><Data name="BANDWIDTH"><value></value></Data><Data name="CA"><value>false</value></Data><Data name="NR state"><value></value></Data><Data name="RSRP"><value>-105 dBm</value></Data><Data name="RSRQ"><value>-11</value></Data><Data name="LAYER"><value>1</value></Data><Data name="PC"><value>2</value></Data><Data name="DL_BITRATE"><value> kbps</value></Data><Data name="UL_BITRATE"><value> kbps</value></Data><Data name="IP"><value></value></Data><Data name="PHONE STATE"><value>I</value></Data><Data name="IMEI"><value></value></Data><Data name="SPEED"><value>21 km/h</value></Data><Data name="HEIGHT"><value>-1m</value></Data><Data name="ALTITUDE"><value>-1m</value></Data><Data name="LOCATION"><value>G</value></Data><Data name="ACCURACY"><value>3m</value></Data><Data name="DISTANCE"><value>-1m</value></Data><Data name="SITE BEARING"><value>1000deg</value></Data><Data name="ANTENNA BEARING"><value>1000deg</value></Data><Data name="CELLHEX"><value>12</value></Data><Data name="NODEHEX"><value>0</value></Data><Data name="LACHEX"><value>1</value></Data><Data name="RAWCELLID"><value>18</value></Data><Data name="TIME"><value>2026.08.19_12.18.20</value></Data><Data name="NEI1"><value></value></Data><Data name="NEI2"><value></value></Data><Data name="NEI3"><value></value></Data><Data name="NEI4"><value></value></Data><Data name="NEI5"><value></value></Data><Data name="NEI6"><value></value></Data></ExtendedData><Style><LabelStyle><scale>0.0</scale> </LabelStyle><IconStyle><color>FFF07800</color><scale>0.5</scale><Icon><href>http://maps.google.com/mapfiles/kml/shapes/shaded_dot.png</href></Icon></IconStyle></Style><Point><coordinates>-75.75690742,39.66696869,0</coordinates></Point></Placemark><Placemark><name>22 km/h</name><ExtendedData><Data name="CGI"><value>3150100000100018</value></Data><Data name="CELLNAME"><value></value></Data><Data name="CELLID"><value>18</value></Data><Data name="RNC"><value>0</value></Data><Data name="TAC"><value>1</value></Data><Data name="TECHNOLOGY"><value>5G SA</value></Data><Data name="MODE"><value>5G</value></Data><Data name="ARFCN"><value>644640</value></Data><Data name="BAND"><value></value></Data><Data name="BANDWIDTH"><value></value></Data><Data name="CA"><value>false</value></Data><Data name="NR state"><value></value></Data><Data name="RSRP"><value>-105 dBm</value></Data><Data name="RSRQ"><value>-11</value></Data><Data name="LAYER"><value>1</value></Data><Data name="PC"><value>2</value></Data><Data name="DL_BITRATE"><value> kbps</value></Data><Data name="UL_BITRATE"><value> kbps</value></Data><Data name="IP"><value></value></Data><Data name="PHONE STATE"><value>I</value></Data><Data name="IMEI"><value></value></Data><Data name="SPEED"><value>22 km/h</value></Data><Data name="HEIGHT"><value>0m</value></Data><Data name="ALTITUDE"><value>0m</value></Data><Data name="LOCATION"><value>G</value></Data><Data name="ACCURACY"><value>3m</value></Data><Data name="DISTANCE"><value>-1m</value></Data><Data name="SITE BEARING"><value>1000deg</value></Data><Data name="ANTENNA BEARING"><value>1000deg</value></Data><Data name="CELLHEX"><value>12</value></Data><Data name="NODEHEX"><value>0</value></Data><Data name="LACHEX"><value>1</value></Data><Data name="RAWCELLID"><value>18</value></Data><Data name="TIME"><value>2026.08.19_12.18.20</value></Data><Data name="NEI1"><value></value></Data><Data name="NEI2"><value></value></Data><Data name="NEI3"><value></value></Data><Data name="NEI4"><value></value></Data><Data name="NEI5"><value></value></Data><Data name="NEI6"><value></value></Data></ExtendedData><Style><LabelStyle><scale>0.0</scale> </LabelStyle><IconStyle><color>FFF07800</color><scale>0.5</scale><Icon><href>http://maps.google.com/mapfiles/kml/shapes/shaded_dot.png</href></Icon></IconStyle></Style><Point><coordinates>-75.75696804,39.66693939,0</coordinates></Point></Placemark><Placemark><name>22 km/h</name><ExtendedData><Data name="CGI"><value>3150100000100018</value></Data><Data name="CELLNAME"><value></value></Data><Data name="CELLID"><value>18</value></Data><Data name="RNC"><value>0</value></Data><Data name="TAC"><value>1</value></Data><Data name="TECHNOLOGY"><value>5G SA</value></Data><Data name="MODE"><value>5G</value></Data><Data name="ARFCN"><value>644640</value></Data><Data name="BAND"><value></value></Data><Data name="BANDWIDTH"><value></value></Data><Data name="CA"><value>false</value></Data><Data name="NR state"><value></value></Data><Data name="RSRP"><value>-105 dBm</value></Data><Data name="RSRQ"><value>-11</value></Data><Data name="LAYER"><value>1</value></Data><Data name="PC"><value>2</value></Data><Data name="DL_BITRATE"><value> kbps</value></Data><Data name="UL_BITRATE"><value> kbps</value></Data><Data name="IP"><value></value></Data><Data name="PHONE STATE"><value>I</value></Data><Data name="IMEI"><value></value></Data><Data name="SPEED"><value>22 km/h</value></Data><Data name="HEIGHT"><value>0m</value></Data><Data name="ALTITUDE"><value>0m</value></Data><Data name="LOCATION"><value>G</value></Data><Data name="ACCURACY"><value>3m</value></Data><Data name="DISTANCE"><value>-1m</value></Data><Data name="SITE BEARING"><value>1000deg</value></Data><Data name="ANTENNA BEARING"><value>1000deg</value></Data><Data name="CELLHEX"><value>12</value></Data><Data name="NODEHEX"><value>0</value></Data><Data name="LACHEX"><value>1</value></Data><Data name="RAWCELLID"><value>18</value></Data><Data name="TIME"><value>2026.08.19_12.18.21</value></Data><Data name="NEI1"><value></value></Data><Data name="NEI2"><value></value></Data><Data name="NEI3"><value></value></Data><Data name="NEI4"><value></value></Data><Data name="NEI5"><value></value></Data><Data name="NEI6"><value></value></Data></ExtendedData><Style><LabelStyle><scale>0.0</scale> </LabelStyle><IconStyle><color>FFF07800</color><scale>0.5</scale><Icon><href>http://maps.google.com/mapfiles/kml/shapes/shaded_dot.png</href></Icon></IconStyle></Style><Point><coordinates>-75.75696804,39.66693939,0</coordinates></Point></Placemark><Placemark><name>21 km/h</name><ExtendedData><Data name="CGI"><value>3150100000100018</value></Data><Data name="CELLNAME"><value></value></Data><Data name="CELLID"><value>18</value></Data><Data name="RNC"><value>0</value></Data><Data name="TAC"><value>1</value></Data><Data name="TECHNOLOGY"><value>5G SA</value></Data><Data name="MODE"><value>5G</value></Data><Data name="ARFCN"><value>644640</value></Data><Data name="BAND"><value></value></Data><Data name="BANDWIDTH"><value></value></Data><Data name="CA"><value>false</value></Data><Data name="NR state"><value></value></Data><Data name="RSRP"><value>-105 dBm</value></Data><Data name="RSRQ"><value>-11</value></Data><Data name="LAYER"><value>1</value></Data><Data name="PC"><value>2</value></Data><Data name="DL_BITRATE"><value> kbps</value></Data><Data name="UL_BITRATE"><value> kbps</value></Data><Data name="IP"><value></value></Data><Data name="PHONE STATE"><value>I</value></Data><Data name="IMEI"><value></value></Data><Data name="SPEED"><value>21 km/h</value></Data><Data name="HEIGHT"><value>0m</value></Data><Data name="ALTITUDE"><value>0m</value></Data><Data name="LOCATION"><value>G</value></Data><Data name="ACCURACY"><value>3m</value></Data><Data name="DISTANCE"><value>-1m</value></Data><Data name="SITE BEARING"><value>1000deg</value></Data><Data name="ANTENNA BEARING"><value>1000deg</value></Data><Data name="CELLHEX"><value>12</value></Data><Data name="NODEHEX"><value>0</value></Data><Data name="LACHEX"><value>1</value></Data><Data name="RAWCELLID"><value>18</value></Data><Data name="TIME"><value>2026.08.19_12.18.21</value></Data><Data name="NEI1"><value></value></Data><Data name="NEI2"><value></value></Data><Data name="NEI3"><value></value></Data><Data name="NEI4"><value></value></Data><Data name="NEI5"><value></value></Data><Data name="NEI6"><value></value></Data></ExtendedData><Style><LabelStyle><scale>0.0</scale> </LabelStyle><IconStyle><color>FFF07800</color><scale>0.5</scale><Icon><href>http://maps.google.com/mapfiles/kml/shapes/shaded_dot.png</href></Icon></IconStyle></Style><Point><coordinates>-75.75702885,39.66691071,0</coordinates></Point></Placemark><Placemark><name>21 km/h</name><ExtendedData><Data name="CGI"><value>3150100000100018</value></Data><Data name="CELLNAME"><value></value></Data><Data name="CELLID"><value>18</value></Data><Data name="RNC"><value>0</value></Data><Data name="TAC"><value>1</value></Data><Data name="TECHNOLOGY"><value>5G SA</value></Data><Data name="MODE"><value>5G</value></Data><Data name="ARFCN"><value>644640</value></Data><Data name="BAND"><value></value></Data><Data name="BANDWIDTH"><value></value></Data><Data name="CA"><value>false</value></Data><Data name="NR state"><value></value></Data><Data name="RSRP"><value>-105 dBm</value></Data><Data name="RSRQ"><value>-11</value></Data><Data name="LAYER"><value>1</value></Data><Data name="PC"><value>2</value></Data><Data name="DL_BITRATE"><value> kbps</value></Data><Data name="UL_BITRATE"><value> kbps</value></Data><Data name="IP"><value></value></Data><Data name="PHONE STATE"><value>I</value></Data><Data name="IMEI"><value></value></Data><Data name="SPEED"><value>21 km/h</value></Data><Data name="HEIGHT"><value>0m</value></Data><Data name="ALTITUDE"><value>0m</value></Data><Data name="LOCATION"><value>G</value></Data><Data name="ACCURACY"><value>3m</value></Data><Data name="DISTANCE"><value>-1m</value></Data><Data name="SITE BEARING"><value>1000deg</value></Data><Data name="ANTENNA BEARING"><value>1000deg</value></Data><Data name="CELLHEX"><value>12</value></Data><Data name="NODEHEX"><value>0</value></Data><Data name="LACHEX"><value>1</value></Data><Data name="RAWCELLID"><value>18</value></Data><Data name="TIME"><value>2026.08.19_12.18.22</value></Data><Data name="NEI1"><value></value></Data><Data name="NEI2"><value></value></Data><Data name="NEI3"><value></value></Data><Data name="NEI4"><value></value></Data><Data name="NEI5"><value></value></Data><Data name="NEI6"><value></value></Data></ExtendedData><Style><LabelStyle><scale>0.0</scale> </LabelStyle><IconStyle><color>FFF07800</color><scale>0.5</scale><Icon><href>http://maps.google.com/mapfiles/kml/shapes/shaded_dot.png</href></Icon></IconStyle></Style><Point><coordinates>-75.75702885,39.66691071,0</coordinates></Point></Placemark><Placemark><name>20 km/h</name><ExtendedData><Data name="CGI"><value>3150100000100018</value></Data><Data name="CELLNAME"><value></value></Data><Data name="CELLID"><value>18</value></Data><Data name="RNC"><value>0</value></Data><Data name="TAC"><value>1</value></Data><Data name="TECHNOLOGY"><value>5G SA</value></Data><Data name="MODE"><value>5G</value></Data><Data name="ARFCN"><value>644640</value></Data><Data name="BAND"><value></value></Data><Data name="BANDWIDTH"><value></value></Data><Data name="CA"><value>false</value></Data><Data name="NR state"><value></value></Data><Data name="RSRP"><value>-105 dBm</value></Data><Data name="RSRQ"><value>-11</value></Data><Data name="LAYER"><value>1</value></Data><Data name="PC"><value>2</value></Data><Data name="DL_BITRATE"><value> kbps</value></Data><Data name="UL_BITRATE"><value> kbps</value></Data><Data name="IP"><value></value></Data><Data name="PHONE STATE"><value>I</value></Data><Data name="IMEI"><value></value></Data><Data name="SPEED"><value>20 km/h</value></Data><Data name="HEIGHT"><value>0m</value></Data><Data name="ALTITUDE"><value>0m</value></Data><Data name="LOCATION"><value>G</value></Data><Data name="ACCURACY"><value>3m</value></Data><Data name="DISTANCE"><value>-1m</value></Data><Data name="SITE BEARING"><value>1000deg</value></Data><Data name="ANTENNA BEARING"><value>1000deg</value></Data><Data name="CELLHEX"><value>12</value></Data><Data name="NODEHEX"><value>0</value></Data><Data name="LACHEX"><value>1</value></Data><Data name="RAWCELLID"><value>18</value></Data><Data name="TIME"><value>2026.08.19_12.18.22</value></Data><Data name="NEI1"><value></value></Data><Data name="NEI2"><value></value></Data><Data name="NEI3"><value></value></Data><Data name="NEI4"><value></value></Data><Data name="NEI5"><value></value></Data><Data name="NEI6"><value></value></Data></ExtendedData><Style><LabelStyle><scale>0.0</scale> </LabelStyle><IconStyle><color>FFF07800</color><scale>0.5</scale><Icon><href>http://maps.google.com/mapfiles/kml/shapes/shaded_dot.png</href></Icon></IconStyle></Style><Point><coordinates>-75.75709005,39.66688625,0</coordinates></Point></Placemark><Placemark><name>20 km/h</name><ExtendedData><Data name="CGI"><value>3150100000100018</value></Data><Data name="CELLNAME"><value></value></Data><Data name="CELLID"><value>18</value></Data><Data name="RNC"><value>0</value></Data><Data name="TAC"><value>1</value></Data><Data name="TECHNOLOGY"><value>5G SA</value></Data><Data name="MODE"><value>5G</value></Data><Data name="ARFCN"><value>644640</value></Data><Data name="BAND"><value></value></Data><Data name="BANDWIDTH"><value></value></Data><Data name="CA"><value>false</value></Data><Data name="NR state"><value></value></Data><Data name="RSRP"><value>-105 dBm</value></Data><Data name="RSRQ"><value>-11</value></Data><Data name="LAYER"><value>1</value></Data><Data name="PC"><value>2</value></Data><Data name="DL_BITRATE"><value> kbps</value></Data><Data name="UL_BITRATE"><value> kbps</value></Data><Data name="IP"><value></value></Data><Data name="PHONE STATE"><value>I</value></Data><Data name="IMEI"><value></value></Data><Data name="SPEED"><value>20 km/h</value></Data><Data name="HEIGHT"><value>0m</value></Data><Data name="ALTITUDE"><value>0m</value></Data><Data name="LOCATION"><value>G</value></Data><Data name="ACCURACY"><value>3m</value></Data><Data name="DISTANCE"><value>-1m</value></Data><Data name="SITE BEARING"><value>1000deg</value></Data><Data name="ANTENNA BEARING"><value>1000deg</value></Data><Data name="CELLHEX"><value>12</value></Data><Data name="NODEHEX"><value>0</value></Data><Data name="LACHEX"><value>1</value></Data><Data name="RAWCELLID"><value>18</value></Data><Data name="TIME"><value>2026.08.19_12.18.23</value></Data><Data name="NEI1"><value></value></Data><Data name="NEI2"><value></value></Data><Data name="NEI3"><value></value></Data><Data name="NEI4"><value></value></Data><Data name="NEI5"><value></value></Data><Data name="NEI6"><value></value></Data></ExtendedData><Style><LabelStyle><scale>0.0</scale> </LabelStyle><IconStyle><color>FFF07800</color><scale>0.5</scale><Icon><href>http://maps.google.com/mapfiles/kml/shapes/shaded_dot.png</href></Icon></IconStyle></Style><Point><coordinates>-75.75709005,39.66688625,0</coordinates></Point></Placemark><Placemark><name>19 km/h</name><ExtendedData><Data name="CGI"><value>3150100000100018</value></Data><Data name="CELLNAME"><value></value></Data><Data name="CELLID"><value>18</value></Data><Data name="RNC"><value>0</value></Data><Data name="TAC"><value>1</value></Data><Data name="TECHNOLOGY"><value>5G SA</value></Data><Data name="MODE"><value>5G</value></Data><Data name="ARFCN"><value>644640</value></Data><Data name="BAND"><value></value></Data><Data name="BANDWIDTH"><value></value></Data><Data name="CA"><value>false</value></Data><Data name="NR state"><value></value></Data><Data name="RSRP"><value>-105 dBm</value></Data><Data name="RSRQ"><value>-11</value></Data><Data name="LAYER"><value>1</value></Data><Data name="PC"><value>2</value></Data><Data name="DL_BITRATE"><value> kbps</value></Data><Data name="UL_BITRATE"><value> kbps</value></Data><Data name="IP"><value></value></Data><Data name="PHONE STATE"><value>I</value></Data><Data name="IMEI"><value></value></Data><Data name="SPEED"><value>19 km/h</value></Data><Data name="HEIGHT"><value>0m</value></Data><Data name="ALTITUDE"><value>0m</value></Data><Data name="LOCATION"><value>G</value></Data><Data name="ACCURACY"><value>3m</value></Data><Data name="DISTANCE"><value>-1m</value></Data><Data name="SITE BEARING"><value>1000deg</value></Data><Data name="ANTENNA BEARING"><value>1000deg</value></Data><Data name="CELLHEX"><value>12</value></Data><Data name="NODEHEX"><value>0</value></Data><Data name="LACHEX"><value>1</value></Data><Data name="RAWCELLID"><value>18</value></Data><Data name="TIME"><value>2026.08.19_12.18.23</value></Data><Data name="NEI1"><value></value></Data><Data name="NEI2"><value></value></Data><Data name="NEI3"><value></value></Data><Data name="NEI4"><value></value></Data><Data name="NEI5"><value></value></Data><Data name="NEI6"><value></value></Data></ExtendedData><Style><LabelStyle><scale>0.0</scale> </LabelStyle><IconStyle><color>FF780A14</color><scale>0.5</scale><Icon><href>http://maps.google.com/mapfiles/kml/shapes/shaded_dot.png</href></Icon></IconStyle></Style><Point><coordinates>-75.75714591,39.6668629,0</coordinates></Point></Placemark><Placemark><name>19 km/h</name><ExtendedData><Data name="CGI"><value>3150100000100018</value></Data><Data name="CELLNAME"><value></value></Data><Data name="CELLID"><value>18</value></Data><Data name="RNC"><value>0</value></Data><Data name="TAC"><value>1</value></Data><Data name="TECHNOLOGY"><value>5G SA</value></Data><Data name="MODE"><value>5G</value></Data><Data name="ARFCN"><value>644640</value></Data><Data name="BAND"><value></value></Data><Data name="BANDWIDTH"><value></value></Data><Data name="CA"><value>false</value></Data><Data name="NR state"><value></value></Data><Data name="RSRP"><value>-105 dBm</value></Data><Data name="RSRQ"><value>-11</value></Data><Data name="LAYER"><value>1</value></Data><Data name="PC"><value>2</value></Data><Data name="DL_BITRATE"><value> kbps</value></Data><Data name="UL_BITRATE"><value> kbps</value></Data><Data name="IP"><value></value></Data><Data name="PHONE STATE"><value>I</value></Data><Data name="IMEI"><value></value></Data><Data name="SPEED"><value>19 km/h</value></Data><Data name="HEIGHT"><value>0m</value></Data><Data name="ALTITUDE"><value>0m</value></Data><Data name="LOCATION"><value>G</value></Data><Data name="ACCURACY"><value>3m</value></Data><Data name="DISTANCE"><value>-1m</value></Data><Data name="SITE BEARING"><value>1000deg</value></Data><Data name="ANTENNA BEARING"><value>1000deg</value></Data><Data name="CELLHEX"><value>12</value></Data><Data name="NODEHEX"><value>0</value></Data><Data name="LACHEX"><value>1</value></Data><Data name="RAWCELLID"><value>18</value></Data><Data name="TIME"><value>2026.08.19_12.18.24</value></Data><Data name="NEI1"><value></value></Data><Data name="NEI2"><value></value></Data><Data name="NEI3"><value></value></Data><Data name="NEI4"><value></value></Data><Data name="NEI5"><value></value></Data><Data name="NEI6"><value></value></Data></ExtendedData><Style><LabelStyle><scale>0.0</scale> </LabelStyle><IconStyle><color>FF780A14</color><scale>0.5</scale><Icon><href>http://maps.google.com/mapfiles/kml/shapes/shaded_dot.png</href></Icon></IconStyle></Style><Point><coordinates>-75.75714591,39.6668629,0</coordinates></Point></Placemark><Placemark><name>15 km/h</name><ExtendedData><Data name="CGI"><value>3150100000100018</value></Data><Data name="CELLNAME"><value></value></Data><Data name="CELLID"><value>18</value></Data><Data name="RNC"><value>0</value></Data><Data name="TAC"><value>1</value></Data><Data name="TECHNOLOGY"><value>5G SA</value></Data><Data name="MODE"><value>5G</value></Data><Data name="ARFCN"><value>644640</value></Data><Data name="BAND"><value></value></Data><Data name="BANDWIDTH"><value></value></Data><Data name="CA"><value>false</value></Data><Data name="NR state"><value></value></Data><Data name="RSRP"><value>-105 dBm</value></Data><Data name="RSRQ"><value>-11</value></Data><Data name="LAYER"><value>1</value></Data><Data name="PC"><value>2</value></Data><Data name="DL_BITRATE"><value> kbps</value></Data><Data name="UL_BITRATE"><value> kbps</value></Data><Data name="IP"><value></value></Data><Data name="PHONE STATE"><value>I</value></Data><Data name="IMEI"><value></value></Data><Data name="SPEED"><value>15 km/h</value></Data><Data name="HEIGHT"><value>0m</value></Data><Data name="ALTITUDE"><value>0m</value></Data><Data name="LOCATION"><value>G</value></Data><Data name="ACCURACY"><value>3m</value></Data><Data name="DISTANCE"><value>-1m</value></Data><Data name="SITE BEARING"><value>1000deg</value></Data><Data name="ANTENNA BEARING"><value>1000deg</value></Data><Data name="CELLHEX"><value>12</value></Data><Data name="NODEHEX"><value>0</value></Data><Data name="LACHEX"><value>1</value></Data><Data name="RAWCELLID"><value>18</value></Data><Data name="TIME"><value>2026.08.19_12.18.24</value></Data><Data name="NEI1"><value></value></Data><Data name="NEI2"><value></value></Data><Data name="NEI3"><value></value></Data><Data name="NEI4"><value></value></Data><Data name="NEI5"><value></value></Data><Data name="NEI6"><value></value></Data></ExtendedData><Style><LabelStyle><scale>0.0</scale> </LabelStyle><IconStyle><color>FF780A14</color><scale>0.5</scale><Icon><href>http://maps.google.com/mapfiles/kml/shapes/shaded_dot.png</href></Icon></IconStyle></Style><Point><coordinates>-75.75718861,39.666843,0</coordinates></Point></Placemark><Placemark><name>15 km/h</name><ExtendedData><Data name="CGI"><value>3150100000100018</value></Data><Data name="CELLNAME"><value></value></Data><Data name="CELLID"><value>18</value></Data><Data name="RNC"><value>0</value></Data><Data name="TAC"><value>1</value></Data><Data name="TECHNOLOGY"><value>5G SA</value></Data><Data name="MODE"><value>5G</value></Data><Data name="ARFCN"><value>644640</value></Data><Data name="BAND"><value></value></Data><Data name="BANDWIDTH"><value></value></Data><Data name="CA"><value>false</value></Data><Data name="NR state"><value></value></Data><Data name="RSRP"><value>-105 dBm</value></Data><Data name="RSRQ"><value>-11</value></Data><Data name="LAYER"><value>1</value></Data><Data name="PC"><value>2</value></Data><Data name="DL_BITRATE"><value> kbps</value></Data><Data name="UL_BITRATE"><value> kbps</value></Data><Data name="IP"><value></value></Data><Data name="PHONE STATE"><value>I</value></Data><Data name="IMEI"><value></value></Data><Data name="SPEED"><value>15 km/h</value></Data><Data name="HEIGHT"><value>0m</value></Data><Data name="ALTITUDE"><value>0m</value></Data><Data name="LOCATION"><value>G</value></Data><Data name="ACCURACY"><value>3m</value></Data><Data name="DISTANCE"><value>-1m</value></Data><Data name="SITE BEARING"><value>1000deg</value></Data><Data name="ANTENNA BEARING"><value>1000deg</value></Data><Data name="CELLHEX"><value>12</value></Data><Data name="NODEHEX"><value>0</value></Data><Data name="LACHEX"><value>1</value></Data><Data name="RAWCELLID"><value>18</value></Data><Data name="TIME"><value>2026.08.19_12.18.25</value></Data><Data name="NEI1"><value></value></Data><Data name="NEI2"><value></value></Data><Data name="NEI3"><value></value></Data><Data name="NEI4"><value></value></Data><Data name="NEI5"><value></value></Data><Data name="NEI6"><value></value></Data></ExtendedData><Style><LabelStyle><scale>0.0</scale> </LabelStyle><IconStyle><color>FF780A14</color><scale>0.5</scale><Icon><href>http://maps.google.com/mapfiles/kml/shapes/shaded_dot.png</href></Icon></IconStyle></Style><Point><coordinates>-75.75718861,39.666843,0</coordinates></Point></Placemark><Placemark><name>12 km/h</name><ExtendedData><Data name="CGI"><value>3150100000100018</value></Data><Data name="CELLNAME"><value></value></Data><Data name="CELLID"><value>18</value></Data><Data name="RNC"><value>0</value></Data><Data name="TAC"><value>1</value></Data><Data name="TECHNOLOGY"><value>5G SA</value></Data><Data name="MODE"><value>5G</value></Data><Data name="ARFCN"><value>644640</value></Data><Data name="BAND"><value></value></Data><Data name="BANDWIDTH"><value></value></Data><Data name="CA"><value>false</value></Data><Data name="NR state"><value></value></Data><Data name="RSRP"><value>-105 dBm</value></Data><Data name="RSRQ"><value>-11</value></Data><Data name="LAYER"><value>1</value></Data><Data name="PC"><value>2</value></Data><Data name="DL_BITRATE"><value> kbps</value></Data><Data name="UL_BITRATE"><value> kbps</value></Data><Data name="IP"><value></value></Data><Data name="PHONE STATE"><value>I</value></Data><Data name="IMEI"><value></value></Data><Data name="SPEED"><value>12 km/h</value></Data><Data name="HEIGHT"><value>0m</value></Data><Data name="ALTITUDE"><value>0m</value></Data><Data name="LOCATION"><value>G</value></Data><Data name="ACCURACY"><value>3m</value></Data><Data name="DISTANCE"><value>-1m</value></Data><Data name="SITE BEARING"><value>1000deg</value></Data><Data name="ANTENNA BEARING"><value>1000deg</value></Data><Data name="CELLHEX"><value>12</value></Data><Data name="NODEHEX"><value>0</value></Data><Data name="LACHEX"><value>1</value></Data><Data name="RAWCELLID"><value>18</value></Data><Data name="TIME"><value>2026.08.19_12.18.25</value></Data><Data name="NEI1"><value></value></Data><Data name="NEI2"><value></value></Data><Data name="NEI3"><value></value></Data><Data name="NEI4"><value></value></Data><Data name="NEI5"><value></value></Data><Data name="NEI6"><value></value></Data></ExtendedData><Style><LabelStyle><scale>0.0</scale> </LabelStyle><IconStyle><color>FF780A14</color><scale>0.5</scale><Icon><href>http://maps.google.com/mapfiles/kml/shapes/shaded_dot.png</href></Icon></IconStyle></Style><Point><coordinates>-75.75722124,39.66682097,0</coordinates></Point></Placemark><Placemark><name>12 km/h</name><ExtendedData><Data name="CGI"><value>3150100000100018</value></Data><Data name="CELLNAME"><value></value></Data><Data name="CELLID"><value>18</value></Data><Data name="RNC"><value>0</value></Data><Data name="TAC"><value>1</value></Data><Data name="TECHNOLOGY"><value>5G SA</value></Data><Data name="MODE"><value>5G</value></Data><Data name="ARFCN"><value>644640</value></Data><Data name="BAND"><value></value></Data><Data name="BANDWIDTH"><value></value></Data><Data name="CA"><value>false</value></Data><Data name="NR state"><value></value></Data><Data name="RSRP"><value>-105 dBm</value></Data><Data name="RSRQ"><value>-11</value></Data><Data name="LAYER"><value>1</value></Data><Data name="PC"><value>2</value></Data><Data name="DL_BITRATE"><value> kbps</value></Data><Data name="UL_BITRATE"><value> kbps</value></Data><Data name="IP"><value></value></Data><Data name="PHONE STATE"><value>I</value></Data><Data name="IMEI"><value></value></Data><Data name="SPEED"><value>12 km/h</value></Data><Data name="HEIGHT"><value>0m</value></Data><Data name="ALTITUDE"><value>0m</value></Data><Data name="LOCATION"><value>G</value></Data><Data name="ACCURACY"><value>3m</value></Data><Data name="DISTANCE"><value>-1m</value></Data><Data name="SITE BEARING"><value>1000deg</value></Data><Data name="ANTENNA BEARING"><value>1000deg</value></Data><Data name="CELLHEX"><value>12</value></Data><Data name="NODEHEX"><value>0</value></Data><Data name="LACHEX"><value>1</value></Data><Data name="RAWCELLID"><value>18</value></Data><Data name="TIME"><value>2026.08.19_12.18.26</value></Data><Data name="NEI1"><value></value></Data><Data name="NEI2"><value></value></Data><Data name="NEI3"><value></value></Data><Data name="NEI4"><value></value></Data><Data name="NEI5"><value></value></Data><Data name="NEI6"><value></value></Data></ExtendedData><Style><LabelStyle><scale>0.0</scale> </LabelStyle><IconStyle><color>FF780A14</color><scale>0.5</scale><Icon><href>http://maps.google.com/mapfiles/kml/shapes/shaded_dot.png</href></Icon></IconStyle></Style><Point><coordinates>-75.75722124,39.66682097,0</coordinates></Point></Placemark><Placemark><name>10 km/h</name><ExtendedData><Data name="CGI"><value>3150100000100018</value></Data><Data name="CELLNAME"><value></value></Data><Data name="CELLID"><value>18</value></Data><Data name="RNC"><value>0</value></Data><Data name="TAC"><value>1</value></Data><Data name="TECHNOLOGY"><value>5G SA</value></Data><Data name="MODE"><value>5G</value></Data><Data name="ARFCN"><value>644640</value></Data><Data name="BAND"><value></value></Data><Data name="BANDWIDTH"><value></value></Data><Data name="CA"><value>false</value></Data><Data name="NR state"><value></value></Data><Data name="RSRP"><value>-105 dBm</value></Data><Data name="RSRQ"><value>-11</value></Data><Data name="LAYER"><value>1</value></Data><Data name="PC"><value>2</value></Data><Data name="DL_BITRATE"><value> kbps</value></Data><Data name="UL_BITRATE"><value> kbps</value></Data><Data name="IP"><value></value></Data><Data name="PHONE STATE"><value>I</value></Data><Data name="IMEI"><value></value></Data><Data name="SPEED"><value>10 km/h</value></Data><Data name="HEIGHT"><value>0m</value></Data><Data name="ALTITUDE"><value>0m</value></Data><Data name="LOCATION"><value>G</value></Data><Data name="ACCURACY"><value>3m</value></Data><Data name="DISTANCE"><value>-1m</value></Data><Data name="SITE BEARING"><value>1000deg</value></Data><Data name="ANTENNA BEARING"><value>1000deg</value></Data><Data name="CELLHEX"><value>12</value></Data><Data name="NODEHEX"><value>0</value></Data><Data name="LACHEX"><value>1</value></Data><Data name="RAWCELLID"><value>18</value></Data><Data name="TIME"><value>2026.08.19_12.18.26</value></Data><Data name="NEI1"><value></value></Data><Data name="NEI2"><value></value></Data><Data name="NEI3"><value></value></Data><Data name="NEI4"><value></value></Data><Data name="NEI5"><value></value></Data><Data name="NEI6"><value></value></Data></ExtendedData><Style><LabelStyle><scale>0.0</scale> </LabelStyle><IconStyle><color>FF780A14</color><scale>0.5</scale><Icon><href>http://maps.google.com/mapfiles/kml/shapes/shaded_dot.png</href></Icon></IconStyle></Style><Point><coordinates>-75.75722679,39.66679668,0</coordinates></Point></Placemark><Placemark><name>10 km/h</name><ExtendedData><Data name="CGI"><value>3150100000100018</value></Data><Data name="CELLNAME"><value></value></Data><Data name="CELLID"><value>18</value></Data><Data name="RNC"><value>0</value></Data><Data name="TAC"><value>1</value></Data><Data name="TECHNOLOGY"><value>5G SA</value></Data><Data name="MODE"><value>5G</value></Data><Data name="ARFCN"><value>644640</value></Data><Data name="BAND"><value></value></Data><Data name="BANDWIDTH"><value></value></Data><Data name="CA"><value>false</value></Data><Data name="NR state"><value></value></Data><Data name="RSRP"><value>-105 dBm</value></Data><Data name="RSRQ"><value>-11</value></Data><Data name="LAYER"><value>1</value></Data><Data name="PC"><value>2</value></Data><Data name="DL_BITRATE"><value> kbps</value></Data><Data name="UL_BITRATE"><value> kbps</value></Data><Data name="IP"><value></value></Data><Data name="PHONE STATE"><value>I</value></Data><Data name="IMEI"><value></value></Data><Data name="SPEED"><value>10 km/h</value></Data><Data name="HEIGHT"><value>0m</value></Data><Data name="ALTITUDE"><value>0m</value></Data><Data name="LOCATION"><value>G</value></Data><Data name="ACCURACY"><value>3m</value></Data><Data name="DISTANCE"><value>-1m</value></Data><Data name="SITE BEARING"><value>1000deg</value></Data><Data name="ANTENNA BEARING"><value>1000deg</value></Data><Data name="CELLHEX"><value>12</value></Data><Data name="NODEHEX"><value>0</value></Data><Data name="LACHEX"><value>1</value></Data><Data name="RAWCELLID"><value>18</value></Data><Data name="TIME"><value>2026.08.19_12.18.27</value></Data><Data name="NEI1"><value></value></Data><Data name="NEI2"><value></value></Data><Data name="NEI3"><value></value></Data><Data name="NEI4"><value></value></Data><Data name="NEI5"><value></value></Data><Data name="NEI6"><value></value></Data></ExtendedData><Style><LabelStyle><scale>0.0</scale> </LabelStyle><IconStyle><color>FF780A14</color><scale>0.5</scale><Icon><href>http://maps.google.com/mapfiles/kml/shapes/shaded_dot.png</href></Icon></IconStyle></Style><Point><coordinates>-75.75722679,39.66679668,0</coordinates></Point></Placemark><Placemark><name>9 km/h</name><ExtendedData><Data name="CGI"><value>3150100000100018</value></Data><Data name="CELLNAME"><value></value></Data><Data name="CELLID"><value>18</value></Data><Data name="RNC"><value>0</value></Data><Data name="TAC"><value>1</value></Data><Data name="TECHNOLOGY"><value>5G SA</value></Data><Data name="MODE"><value>5G</value></Data><Data name="ARFCN"><value>644640</value></Data><Data name="BAND"><value></value></Data><Data name="BANDWIDTH"><value></value></Data><Data name="CA"><value>false</value></Data><Data name="NR state"><value></value></Data><Data name="RSRP"><value>-105 dBm</value></Data><Data name="RSRQ"><value>-11</value></Data><Data name="LAYER"><value>1</value></Data><Data name="PC"><value>2</value></Data><Data name="DL_BITRATE"><value> kbps</value></Data><Data name="UL_BITRATE"><value> kbps</value></Data><Data name="IP"><value></value></Data><Data name="PHONE STATE"><value>I</value></Data><Data name="IMEI"><value></value></Data><Data name="SPEED"><value>9 km/h</value></Data><Data name="HEIGHT"><value>0m</value></Data><Data name="ALTITUDE"><value>0m</value></Data><Data name="LOCATION"><value>G</value></Data><Data name="ACCURACY"><value>3m</value></Data><Data name="DISTANCE"><value>-1m</value></Data><Data name="SITE BEARING"><value>1000deg</value></Data><Data name="ANTENNA BEARING"><value>1000deg</value></Data><Data name="CELLHEX"><value>12</value></Data><Data name="NODEHEX"><value>0</value></Data><Data name="LACHEX"><value>1</value></Data><Data name="RAWCELLID"><value>18</value></Data><Data name="TIME"><value>2026.08.19_12.18.27</value></Data><Data name="NEI1"><value></value></Data><Data name="NEI2"><value></value></Data><Data name="NEI3"><value></value></Data><Data name="NEI4"><value></value></Data><Data name="NEI5"><value></value></Data><Data name="NEI6"><value></value></Data></ExtendedData><Style><LabelStyle><scale>0.0</scale> </LabelStyle><IconStyle><color>FF646464</color><scale>0.5</scale><Icon><href>http://maps.google.com/mapfiles/kml/shapes/shaded_dot.png</href></Icon></IconStyle></Style><Point><coordinates>-75.75721245,39.66677783,0</coordinates></Point></Placemark><Placemark><name>9 km/h</name><ExtendedData><Data name="CGI"><value>3150100000100018</value></Data><Data name="CELLNAME"><value></value></Data><Data name="CELLID"><value>18</value></Data><Data name="RNC"><value>0</value></Data><Data name="TAC"><value>1</value></Data><Data name="TECHNOLOGY"><value>5G SA</value></Data><Data name="MODE"><value>5G</value></Data><Data name="ARFCN"><value>644640</value></Data><Data name="BAND"><value></value></Data><Data name="BANDWIDTH"><value></value></Data><Data name="CA"><value>false</value></Data><Data name="NR state"><value></value></Data><Data name="RSRP"><value>-105 dBm</value></Data><Data name="RSRQ"><value>-11</value></Data><Data name="LAYER"><value>1</value></Data><Data name="PC"><value>2</value></Data><Data name="DL_BITRATE"><value> kbps</value></Data><Data name="UL_BITRATE"><value> kbps</value></Data><Data name="IP"><value></value></Data><Data name="PHONE STATE"><value>I</value></Data><Data name="IMEI"><value></value></Data><Data name="SPEED"><value>9 km/h</value></Data><Data name="HEIGHT"><value>0m</value></Data><Data name="ALTITUDE"><value>0m</value></Data><Data name="LOCATION"><value>G</value></Data><Data name="ACCURACY"><value>3m</value></Data><Data name="DISTANCE"><value>-1m</value></Data><Data name="SITE BEARING"><value>1000deg</value></Data><Data name="ANTENNA BEARING"><value>1000deg</value></Data><Data name="CELLHEX"><value>12</value></Data><Data name="NODEHEX"><value>0</value></Data><Data name="LACHEX"><value>1</value></Data><Data name="RAWCELLID"><value>18</value></Data><Data name="TIME"><value>2026.08.19_12.18.28</value></Data><Data name="NEI1"><value></value></Data><Data name="NEI2"><value></value></Data><Data name="NEI3"><value></value></Data><Data name="NEI4"><value></value></Data><Data name="NEI5"><value></value></Data><Data name="NEI6"><value></value></Data></ExtendedData><Style><LabelStyle><scale>0.0</scale> </LabelStyle><IconStyle><color>FF646464</color><scale>0.5</scale><Icon><href>http://maps.google.com/mapfiles/kml/shapes/shaded_dot.png</href></Icon></IconStyle></Style><Point><coordinates>-75.75721245,39.66677783,0</coordinates></Point></Placemark><Placemark><name>5 km/h</name><ExtendedData><Data name="CGI"><value>3150100000100018</value></Data><Data name="CELLNAME"><value></value></Data><Data name="CELLID"><value>18</value></Data><Data name="RNC"><value>0</value></Data><Data name="TAC"><value>1</value></Data><Data name="TECHNOLOGY"><value>5G SA</value></Data><Data name="MODE"><value>5G</value></Data><Data name="ARFCN"><value>644640</value></Data><Data name="BAND"><value></value></Data><Data name="BANDWIDTH"><value></value></Data><Data name="CA"><value>false</value></Data><Data name="NR state"><value></value></Data><Data name="RSRP"><value>-105 dBm</value></Data><Data name="RSRQ"><value>-11</value></Data><Data name="LAYER"><value>1</value></Data><Data name="PC"><value>2</value></Data><Data name="DL_BITRATE"><value> kbps</value></Data><Data name="UL_BITRATE"><value> kbps</value></Data><Data name="IP"><value></value></Data><Data name="PHONE STATE"><value>I</value></Data><Data name="IMEI"><value></value></Data><Data name="SPEED"><value>5 km/h</value></Data><Data name="HEIGHT"><value>-1m</value></Data><Data name="ALTITUDE"><value>-1m</value></Data><Data name="LOCATION"><value>G</value></Data><Data name="ACCURACY"><value>3m</value></Data><Data name="DISTANCE"><value>-1m</value></Data><Data name="SITE BEARING"><value>1000deg</value></Data><Data name="ANTENNA BEARING"><value>1000deg</value></Data><Data name="CELLHEX"><value>12</value></Data><Data name="NODEHEX"><value>0</value></Data><Data name="LACHEX"><value>1</value></Data><Data name="RAWCELLID"><value>18</value></Data><Data name="TIME"><value>2026.08.19_12.18.28</value></Data><Data name="NEI1"><value></value></Data><Data name="NEI2"><value></value></Data><Data name="NEI3"><value></value></Data><Data name="NEI4"><value></value></Data><Data name="NEI5"><value></value></Data><Data name="NEI6"><value></value></Data></ExtendedData><Style><LabelStyle><scale>0.0</scale> </LabelStyle><IconStyle><color>FF646464</color><scale>0.5</scale><Icon><href>http://maps.google.com/mapfiles/kml/shapes/shaded_dot.png</href></Icon></IconStyle></Style><Point><coordinates>-75.7571981,39.66677159,0</coordinates></Point></Placemark><Placemark><name>5 km/h</name><ExtendedData><Data name="CGI"><value>3150100000100018</value></Data><Data name="CELLNAME"><value></value></Data><Data name="CELLID"><value>18</value></Data><Data name="RNC"><value>0</value></Data><Data name="TAC"><value>1</value></Data><Data name="TECHNOLOGY"><value>5G SA</value></Data><Data name="MODE"><value>5G</value></Data><Data name="ARFCN"><value>644640</value></Data><Data name="BAND"><value></value></Data><Data name="BANDWIDTH"><value></value></Data><Data name="CA"><value>false</value></Data><Data name="NR state"><value></value></Data><Data name="RSRP"><value>-105 dBm</value></Data><Data name="RSRQ"><value>-11</value></Data><Data name="LAYER"><value>1</value></Data><Data name="PC"><value>2</value></Data><Data name="DL_BITRATE"><value> kbps</value></Data><Data name="UL_BITRATE"><value> kbps</value></Data><Data name="IP"><value></value></Data><Data name="PHONE STATE"><value>I</value></Data><Data name="IMEI"><value></value></Data><Data name="SPEED"><value>5 km/h</value></Data><Data name="HEIGHT"><value>-1m</value></Data><Data name="ALTITUDE"><value>-1m</value></Data><Data name="LOCATION"><value>G</value></Data><Data name="ACCURACY"><value>3m</value></Data><Data name="DISTANCE"><value>-1m</value></Data><Data name="SITE BEARING"><value>1000deg</value></Data><Data name="ANTENNA BEARING"><value>1000deg</value></Data><Data name="CELLHEX"><value>12</value></Data><Data name="NODEHEX"><value>0</value></Data><Data name="LACHEX"><value>1</value></Data><Data name="RAWCELLID"><value>18</value></Data><Data name="TIME"><value>2026.08.19_12.18.29</value></Data><Data name="NEI1"><value></value></Data><Data name="NEI2"><value></value></Data><Data name="NEI3"><value></value></Data><Data name="NEI4"><value></value></Data><Data name="NEI5"><value></value></Data><Data name="NEI6"><value></value></Data></ExtendedData><Style><LabelStyle><scale>0.0</scale> </LabelStyle><IconStyle><color>FF646464</color><scale>0.5</scale><Icon><href>http://maps.google.com/mapfiles/kml/shapes/shaded_dot.png</href></Icon></IconStyle></Style><Point><coordinates>-75.7571981,39.66677159,0</coordinates></Point></Placemark><Placemark><name>5 km/h</name><ExtendedData><Data name="CGI"><value>3150100000100018</value></Data><Data name="CELLNAME"><value></value></Data><Data name="CELLID"><value>18</value></Data><Data name="RNC"><value>0</value></Data><Data name="TAC"><value>1</value></Data><Data name="TECHNOLOGY"><value>5G SA</value></Data><Data name="MODE"><value>5G</value></Data><Data name="ARFCN"><value>644640</value></Data><Data name="BAND"><value></value></Data><Data name="BANDWIDTH"><value></value></Data><Data name="CA"><value>false</value></Data><Data name="NR state"><value></value></Data><Data name="RSRP"><value>-105 dBm</value></Data><Data name="RSRQ"><value>-11</value></Data><Data name="LAYER"><value>1</value></Data><Data name="PC"><value>2</value></Data><Data name="DL_BITRATE"><value> kbps</value></Data><Data name="UL_BITRATE"><value> kbps</value></Data><Data name="IP"><value></value></Data><Data name="PHONE STATE"><value>I</value></Data><Data name="IMEI"><value></value></Data><Data name="SPEED"><value>5 km/h</value></Data><Data name="HEIGHT"><value>-1m</value></Data><Data name="ALTITUDE"><value>-1m</value></Data><Data name="LOCATION"><value>G</value></Data><Data name="ACCURACY"><value>3m</value></Data><Data name="DISTANCE"><value>-1m</value></Data><Data name="SITE BEARING"><value>1000deg</value></Data><Data name="ANTENNA BEARING"><value>1000deg</value></Data><Data name="CELLHEX"><value>12</value></Data><Data name="NODEHEX"><value>0</value></Data><Data name="LACHEX"><value>1</value></Data><Data name="RAWCELLID"><value>18</value></Data><Data name="TIME"><value>2026.08.19_12.18.30</value></Data><Data name="NEI1"><value></value></Data><Data name="NEI2"><value></value></Data><Data name="NEI3"><value></value></Data><Data name="NEI4"><value></value></Data><Data name="NEI5"><value></value></Data><Data name="NEI6"><value></value></Data></ExtendedData><Style><LabelStyle><scale>0.0</scale> </LabelStyle><IconStyle><color>FF646464</color><scale>0.5</scale><Icon><href>http://maps.google.com/mapfiles/kml/shapes/shaded_dot.png</href></Icon></IconStyle></Style><Point><coordinates>-75.7571981,39.66677159,0</coordinates></Point></Placemark><Placemark><name>5 km/h</name><ExtendedData><Data name="CGI"><value>3150100000100018</value></Data><Data name="CELLNAME"><value></value></Data><Data name="CELLID"><value>18</value></Data><Data name="RNC"><value>0</value></Data><Data name="TAC"><value>1</value></Data><Data name="TECHNOLOGY"><value>5G SA</value></Data><Data name="MODE"><value>5G</value></Data><Data name="ARFCN"><value>644640</value></Data><Data name="BAND"><value></value></Data><Data name="BANDWIDTH"><value></value></Data><Data name="CA"><value>false</value></Data><Data name="NR state"><value></value></Data><Data name="RSRP"><value>-105 dBm</value></Data><Data name="RSRQ"><value>-11</value></Data><Data name="LAYER"><value>1</value></Data><Data name="PC"><value>2</value></Data><Data name="DL_BITRATE"><value> kbps</value></Data><Data name="UL_BITRATE"><value> kbps</value></Data><Data name="IP"><value></value></Data><Data name="PHONE STATE"><value>I</value></Data><Data name="IMEI"><value></value></Data><Data name="SPEED"><value>5 km/h</value></Data><Data name="HEIGHT"><value>-1m</value></Data><Data name="ALTITUDE"><value>-1m</value></Data><Data name="LOCATION"><value>G</value></Data><Data name="ACCURACY"><value>3m</value></Data><Data name="DISTANCE"><value>-1m</value></Data><Data name="SITE BEARING"><value>1000deg</value></Data><Data name="ANTENNA BEARING"><value>1000deg</value></Data><Data name="CELLHEX"><value>12</value></Data><Data name="NODEHEX"><value>0</value></Data><Data name="LACHEX"><value>1</value></Data><Data name="RAWCELLID"><value>18</value></Data><Data name="TIME"><value>2026.08.19_12.18.31</value></Data><Data name="NEI1"><value></value></Data><Data name="NEI2"><value></value></Data><Data name="NEI3"><value></value></Data><Data name="NEI4"><value></value></Data><Data name="NEI5"><value></value></Data><Data name="NEI6"><value></value></Data></ExtendedData><Style><LabelStyle><scale>0.0</scale> </LabelStyle><IconStyle><color>FF646464</color><scale>0.5</scale><Icon><href>http://maps.google.com/mapfiles/kml/shapes/shaded_dot.png</href></Icon></IconStyle></Style><Point><coordinates>-75.7571981,39.66677159,0</coordinates></Point></Placemark><Placemark><name>5 km/h</name><ExtendedData><Data name="CGI"><value>3150100000100018</value></Data><Data name="CELLNAME"><value></value></Data><Data name="CELLID"><value>18</value></Data><Data name="RNC"><value>0</value></Data><Data name="TAC"><value>1</value></Data><Data name="TECHNOLOGY"><value>5G SA</value></Data><Data name="MODE"><value>5G</value></Data><Data name="ARFCN"><value>644640</value></Data><Data name="BAND"><value></value></Data><Data name="BANDWIDTH"><value></value></Data><Data name="CA"><value>false</value></Data><Data name="NR state"><value></value></Data><Data name="RSRP"><value>-105 dBm</value></Data><Data name="RSRQ"><value>-11</value></Data><Data name="LAYER"><value>1</value></Data><Data name="PC"><value>2</value></Data><Data name="DL_BITRATE"><value> kbps</value></Data><Data name="UL_BITRATE"><value> kbps</value></Data><Data name="IP"><value></value></Data><Data name="PHONE STATE"><value>I</value></Data><Data name="IMEI"><value></value></Data><Data name="SPEED"><value>5 km/h</value></Data><Data name="HEIGHT"><value>-1m</value></Data><Data name="ALTITUDE"><value>-1m</value></Data><Data name="LOCATION"><value>G</value></Data><Data name="ACCURACY"><value>3m</value></Data><Data name="DISTANCE"><value>-1m</value></Data><Data name="SITE BEARING"><value>1000deg</value></Data><Data name="ANTENNA BEARING"><value>1000deg</value></Data><Data name="CELLHEX"><value>12</value></Data><Data name="NODEHEX"><value>0</value></Data><Data name="LACHEX"><value>1</value></Data><Data name="RAWCELLID"><value>18</value></Data><Data name="TIME"><value>2026.08.19_12.18.32</value></Data><Data name="NEI1"><value></value></Data><Data name="NEI2"><value></value></Data><Data name="NEI3"><value></value></Data><Data name="NEI4"><value></value></Data><Data name="NEI5"><value></value></Data><Data name="NEI6"><value></value></Data></ExtendedData><Style><LabelStyle><scale>0.0</scale> </LabelStyle><IconStyle><color>FF646464</color><scale>0.5</scale><Icon><href>http://maps.google.com/mapfiles/kml/shapes/shaded_dot.png</href></Icon></IconStyle></Style><Point><coordinates>-75.7571981,39.66677159,0</coordinates></Point></Placemark></Folder></kml>